
Sun Mar  8 21:05:36 CET 2026
cd /out/sourcedata/freesurfer/sub-v1s14x0051579_ses-1
setenv SUBJECTS_DIR /out/sourcedata/freesurfer
/opt/freesurfer/bin/recon-all -autorecon-hemi rh -noparcstats -noparcstats2 -noparcstats3 -nohyporelabel -nobalabels -rh-only -openmp 16 -subjid sub-v1s14x0051579_ses-1 -sd /out/sourcedata/freesurfer

subjid sub-v1s14x0051579_ses-1
setenv SUBJECTS_DIR /out/sourcedata/freesurfer
FREESURFER_HOME /opt/freesurfer
Actual FREESURFER_HOME /opt/freesurfer
build-stamp.txt: freesurfer-linux-ubuntu22_x86_64-7.3.2-20220804-6354275
Linux dna079 5.14.0-427.37.1.el9_4.x86_64 #1 SMP PREEMPT_DYNAMIC Fri Sep 13 12:41:50 EDT 2024 x86_64 x86_64 x86_64 GNU/Linux
cputime      unlimited
filesize     unlimited
datasize     unlimited
stacksize    8192 kbytes
coredumpsize 0 kbytes
memoryuse    67108864 kbytes
vmemoryuse   unlimited
descriptors  1024 
memorylocked unlimited
maxproc      2061970 
maxlocks     unlimited
maxsignal    2062029 
maxmessage   819200 
maxnice      0 
maxrtprio    0 
maxrttime    unlimited

               total        used        free      shared  buff/cache   available
Mem:           503Gi        49Gi       393Gi       9.2Gi        60Gi       441Gi
Swap:             0B          0B          0B

########################################
program versions used
7.3.2 (freesurfer-linux-ubuntu22_x86_64-7.3.2-20220804-6354275)
7.3.2

ProgramName: lta_convert  ProgramArguments: lta_convert -all-info  ProgramVersion: 7.3.2  TimeStamp: 2026/03/08-20:05:36-GMT  BuildTime: Aug  4 2022 06:17:15  BuildStamp: freesurfer-linux-ubuntu22_x86_64-7.3.2-20220804-6354275  User: oesteban  Machine: dna079  Platform: Linux  PlatformVersion: 5.14.0-427.37.1.el9_4.x86_64  CompilerName: GCC  CompilerVersion: 8.4.0
ProgramName: mri_and  ProgramArguments: mri_and -all-info  ProgramVersion: 7.3.2  TimeStamp: 2026/03/08-20:05:36-GMT  BuildTime: Aug  4 2022 06:17:15  BuildStamp: freesurfer-linux-ubuntu22_x86_64-7.3.2-20220804-6354275  User: oesteban  Machine: dna079  Platform: Linux  PlatformVersion: 5.14.0-427.37.1.el9_4.x86_64  CompilerName: GCC  CompilerVersion: 8.4.0
ProgramName: mri_annotation2label  ProgramArguments: mri_annotation2label -all-info  ProgramVersion: 7.3.2  TimeStamp: 2026/03/08-20:05:36-GMT  BuildTime: Aug  4 2022 06:17:15  BuildStamp: freesurfer-linux-ubuntu22_x86_64-7.3.2-20220804-6354275  User: oesteban  Machine: dna079  Platform: Linux  PlatformVersion: 5.14.0-427.37.1.el9_4.x86_64  CompilerName: GCC  CompilerVersion: 8.4.0
ProgramName: mri_aparc2aseg  ProgramArguments: mri_aparc2aseg -all-info  ProgramVersion: 7.3.2  TimeStamp: 2026/03/08-20:05:36-GMT  BuildTime: Aug  4 2022 06:17:15  BuildStamp: freesurfer-linux-ubuntu22_x86_64-7.3.2-20220804-6354275  User: oesteban  Machine: dna079  Platform: Linux  PlatformVersion: 5.14.0-427.37.1.el9_4.x86_64  CompilerName: GCC  CompilerVersion: 8.4.0
ProgramName: mri_surf2volseg  ProgramArguments: mri_surf2volseg -all-info  ProgramVersion: 7.3.2  TimeStamp: 2026/03/08-20:05:36-GMT  BuildTime: Aug  4 2022 06:17:15  BuildStamp: freesurfer-linux-ubuntu22_x86_64-7.3.2-20220804-6354275  User: oesteban  Machine: dna079  Platform: Linux  PlatformVersion: 5.14.0-427.37.1.el9_4.x86_64  CompilerName: GCC  CompilerVersion: 8.4.0
ProgramName: mri_binarize  ProgramArguments: mri_binarize -all-info  ProgramVersion: 7.3.2  TimeStamp: 2026/03/08-20:05:36-GMT  BuildTime: Aug  4 2022 06:17:15  BuildStamp: freesurfer-linux-ubuntu22_x86_64-7.3.2-20220804-6354275  User: oesteban  Machine: dna079  Platform: Linux  PlatformVersion: 5.14.0-427.37.1.el9_4.x86_64  CompilerName: GCC  CompilerVersion: 8.4.0
ProgramName: mri_ca_label  ProgramArguments: mri_ca_label -all-info  ProgramVersion: 7.3.2  TimeStamp: 2026/03/08-20:05:36-GMT  BuildTime: Aug  4 2022 06:17:15  BuildStamp: freesurfer-linux-ubuntu22_x86_64-7.3.2-20220804-6354275  User: oesteban  Machine: dna079  Platform: Linux  PlatformVersion: 5.14.0-427.37.1.el9_4.x86_64  CompilerName: GCC  CompilerVersion: 8.4.0
ProgramName: mri_ca_normalize  ProgramArguments: mri_ca_normalize -all-info  ProgramVersion: 7.3.2  TimeStamp: 2026/03/08-20:05:36-GMT  BuildTime: Aug  4 2022 06:17:15  BuildStamp: freesurfer-linux-ubuntu22_x86_64-7.3.2-20220804-6354275  User: oesteban  Machine: dna079  Platform: Linux  PlatformVersion: 5.14.0-427.37.1.el9_4.x86_64  CompilerName: GCC  CompilerVersion: 8.4.0
ProgramName: mri_ca_register  ProgramArguments: mri_ca_register -all-info  ProgramVersion: 7.3.2  TimeStamp: 2026/03/08-20:05:36-GMT  BuildTime: Aug  4 2022 06:17:15  BuildStamp: freesurfer-linux-ubuntu22_x86_64-7.3.2-20220804-6354275  User: oesteban  Machine: dna079  Platform: Linux  PlatformVersion: 5.14.0-427.37.1.el9_4.x86_64  CompilerName: GCC  CompilerVersion: 8.4.0
ProgramName: mri_cc  ProgramArguments: mri_cc -all-info  ProgramVersion: 7.3.2  TimeStamp: 2026/03/08-20:05:36-GMT  BuildTime: Aug  4 2022 06:17:15  BuildStamp: freesurfer-linux-ubuntu22_x86_64-7.3.2-20220804-6354275  User: oesteban  Machine: dna079  Platform: Linux  PlatformVersion: 5.14.0-427.37.1.el9_4.x86_64  CompilerName: GCC  CompilerVersion: 8.4.0
ProgramName: mri_compute_overlap  ProgramArguments: mri_compute_overlap -all-info  ProgramVersion: 7.3.2  TimeStamp: 2026/03/08-20:05:36-GMT  BuildTime: Aug  4 2022 06:17:15  BuildStamp: freesurfer-linux-ubuntu22_x86_64-7.3.2-20220804-6354275  User: oesteban  Machine: dna079  Platform: Linux  PlatformVersion: 5.14.0-427.37.1.el9_4.x86_64  CompilerName: GCC  CompilerVersion: 8.4.0
ProgramName: mri_compute_seg_overlap  ProgramArguments: mri_compute_seg_overlap -all-info  ProgramVersion: 7.3.2  TimeStamp: 2026/03/08-20:05:36-GMT  BuildTime: Aug  4 2022 06:17:15  BuildStamp: freesurfer-linux-ubuntu22_x86_64-7.3.2-20220804-6354275  User: oesteban  Machine: dna079  Platform: Linux  PlatformVersion: 5.14.0-427.37.1.el9_4.x86_64  CompilerName: GCC  CompilerVersion: 8.4.0
ProgramName: mri_concat  ProgramArguments: mri_concat -all-info  ProgramVersion: 7.3.2  TimeStamp: 2026/03/08-20:05:36-GMT  BuildTime: Aug  4 2022 06:17:15  BuildStamp: freesurfer-linux-ubuntu22_x86_64-7.3.2-20220804-6354275  User: oesteban  Machine: dna079  Platform: Linux  PlatformVersion: 5.14.0-427.37.1.el9_4.x86_64  CompilerName: GCC  CompilerVersion: 8.4.0
ProgramName: mri_concatenate_lta  ProgramArguments: mri_concatenate_lta -all-info  ProgramVersion: 7.3.2  TimeStamp: 2026/03/08-20:05:36-GMT  BuildTime: Aug  4 2022 06:17:15  BuildStamp: freesurfer-linux-ubuntu22_x86_64-7.3.2-20220804-6354275  User: oesteban  Machine: dna079  Platform: Linux  PlatformVersion: 5.14.0-427.37.1.el9_4.x86_64  CompilerName: GCC  CompilerVersion: 8.4.0
mri_convert -all-info 
ProgramName: mri_convert  ProgramArguments: mri_convert -all-info  ProgramVersion: 7.3.2  TimeStamp: 2026/03/08-20:05:36-GMT  BuildTime: Aug  4 2022 06:17:15  BuildStamp: freesurfer-linux-ubuntu22_x86_64-7.3.2-20220804-6354275  User: oesteban  Machine: dna079  Platform: Linux  PlatformVersion: 5.14.0-427.37.1.el9_4.x86_64  CompilerName: GCC  CompilerVersion: 8.4.0
ProgramName: mri_diff  ProgramArguments: mri_diff -all-info  ProgramVersion: 7.3.2  TimeStamp: 2026/03/08-20:05:36-GMT  BuildTime: Aug  4 2022 06:17:15  BuildStamp: freesurfer-linux-ubuntu22_x86_64-7.3.2-20220804-6354275  User: oesteban  Machine: dna079  Platform: Linux  PlatformVersion: 5.14.0-427.37.1.el9_4.x86_64  CompilerName: GCC  CompilerVersion: 8.4.0
ProgramName: mri_edit_wm_with_aseg  ProgramArguments: mri_edit_wm_with_aseg -all-info  ProgramVersion: 7.3.2  TimeStamp: 2026/03/08-20:05:36-GMT  BuildTime: Aug  4 2022 06:17:15  BuildStamp: freesurfer-linux-ubuntu22_x86_64-7.3.2-20220804-6354275  User: oesteban  Machine: dna079  Platform: Linux  PlatformVersion: 5.14.0-427.37.1.el9_4.x86_64  CompilerName: GCC  CompilerVersion: 8.4.0
ProgramName: mri_em_register  ProgramArguments: mri_em_register -all-info  ProgramVersion: 7.3.2  TimeStamp: 2026/03/08-20:05:36-GMT  BuildTime: Aug  4 2022 06:17:15  BuildStamp: freesurfer-linux-ubuntu22_x86_64-7.3.2-20220804-6354275  User: oesteban  Machine: dna079  Platform: Linux  PlatformVersion: 5.14.0-427.37.1.el9_4.x86_64  CompilerName: GCC  CompilerVersion: 8.4.0
ProgramName: mri_fill  ProgramArguments: mri_fill -all-info  ProgramVersion: 7.3.2  TimeStamp: 2026/03/08-20:05:36-GMT  BuildTime: Aug  4 2022 06:17:15  BuildStamp: freesurfer-linux-ubuntu22_x86_64-7.3.2-20220804-6354275  User: oesteban  Machine: dna079  Platform: Linux  PlatformVersion: 5.14.0-427.37.1.el9_4.x86_64  CompilerName: GCC  CompilerVersion: 8.4.0
ProgramName: mri_fuse_segmentations  ProgramArguments: mri_fuse_segmentations -all-info  ProgramVersion: 7.3.2  TimeStamp: 2026/03/08-20:05:36-GMT  BuildTime: Aug  4 2022 06:17:15  BuildStamp: freesurfer-linux-ubuntu22_x86_64-7.3.2-20220804-6354275  User: oesteban  Machine: dna079  Platform: Linux  PlatformVersion: 5.14.0-427.37.1.el9_4.x86_64  CompilerName: GCC  CompilerVersion: 8.4.0
ProgramName: mri_fwhm  ProgramArguments: mri_fwhm -all-info  ProgramVersion: 7.3.2  TimeStamp: 2026/03/08-20:05:36-GMT  BuildTime: Aug  4 2022 06:17:15  BuildStamp: freesurfer-linux-ubuntu22_x86_64-7.3.2-20220804-6354275  User: oesteban  Machine: dna079  Platform: Linux  PlatformVersion: 5.14.0-427.37.1.el9_4.x86_64  CompilerName: GCC  CompilerVersion: 8.4.0
ProgramName: mri_gcut  ProgramArguments: mri_gcut -all-info  ProgramVersion: 7.3.2  TimeStamp: 2026/03/08-20:05:36-GMT  BuildTime: Aug  4 2022 06:17:15  BuildStamp: freesurfer-linux-ubuntu22_x86_64-7.3.2-20220804-6354275  User: oesteban  Machine: dna079  Platform: Linux  PlatformVersion: 5.14.0-427.37.1.el9_4.x86_64  CompilerName: GCC  CompilerVersion: 8.4.0
ProgramName: mri_info  ProgramArguments: mri_info -all-info  ProgramVersion: 7.3.2  TimeStamp: 2026/03/08-20:05:36-GMT  BuildTime: Aug  4 2022 06:17:15  BuildStamp: freesurfer-linux-ubuntu22_x86_64-7.3.2-20220804-6354275  User: oesteban  Machine: dna079  Platform: Linux  PlatformVersion: 5.14.0-427.37.1.el9_4.x86_64  CompilerName: GCC  CompilerVersion: 8.4.0
ProgramName: mri_label2label  ProgramArguments: mri_label2label -all-info  ProgramVersion: 7.3.2  TimeStamp: 2026/03/08-20:05:36-GMT  BuildTime: Aug  4 2022 06:17:15  BuildStamp: freesurfer-linux-ubuntu22_x86_64-7.3.2-20220804-6354275  User: oesteban  Machine: dna079  Platform: Linux  PlatformVersion: 5.14.0-427.37.1.el9_4.x86_64  CompilerName: GCC  CompilerVersion: 8.4.0
ProgramName: mri_label2vol  ProgramArguments: mri_label2vol -all-info  ProgramVersion: 7.3.2  TimeStamp: 2026/03/08-20:05:36-GMT  BuildTime: Aug  4 2022 06:17:15  BuildStamp: freesurfer-linux-ubuntu22_x86_64-7.3.2-20220804-6354275  User: oesteban  Machine: dna079  Platform: Linux  PlatformVersion: 5.14.0-427.37.1.el9_4.x86_64  CompilerName: GCC  CompilerVersion: 8.4.0
ProgramName: mri_log_likelihood  ProgramArguments: mri_log_likelihood -all-info  ProgramVersion: 7.3.2  TimeStamp: 2026/03/08-20:05:36-GMT  BuildTime: Aug  4 2022 06:17:15  BuildStamp: freesurfer-linux-ubuntu22_x86_64-7.3.2-20220804-6354275  User: oesteban  Machine: dna079  Platform: Linux  PlatformVersion: 5.14.0-427.37.1.el9_4.x86_64  CompilerName: GCC  CompilerVersion: 8.4.0
ProgramName: mri_mask  ProgramArguments: mri_mask -all-info  ProgramVersion: 7.3.2  TimeStamp: 2026/03/08-20:05:36-GMT  BuildTime: Aug  4 2022 06:17:15  BuildStamp: freesurfer-linux-ubuntu22_x86_64-7.3.2-20220804-6354275  User: oesteban  Machine: dna079  Platform: Linux  PlatformVersion: 5.14.0-427.37.1.el9_4.x86_64  CompilerName: GCC  CompilerVersion: 8.4.0
ProgramName: mri_matrix_multiply  ProgramArguments: mri_matrix_multiply -all-info  ProgramVersion: 7.3.2  TimeStamp: 2026/03/08-20:05:36-GMT  BuildTime: Aug  4 2022 06:17:15  BuildStamp: freesurfer-linux-ubuntu22_x86_64-7.3.2-20220804-6354275  User: oesteban  Machine: dna079  Platform: Linux  PlatformVersion: 5.14.0-427.37.1.el9_4.x86_64  CompilerName: GCC  CompilerVersion: 8.4.0
ProgramName: mri_normalize  ProgramArguments: mri_normalize -all-info  ProgramVersion: 7.3.2  TimeStamp: 2026/03/08-20:05:36-GMT  BuildTime: Aug  4 2022 06:17:15  BuildStamp: freesurfer-linux-ubuntu22_x86_64-7.3.2-20220804-6354275  User: oesteban  Machine: dna079  Platform: Linux  PlatformVersion: 5.14.0-427.37.1.el9_4.x86_64  CompilerName: GCC  CompilerVersion: 8.4.0
ProgramName: mri_normalize_tp2  ProgramArguments: mri_normalize_tp2 -all-info  ProgramVersion: 7.3.2  TimeStamp: 2026/03/08-20:05:36-GMT  BuildTime: Aug  4 2022 06:17:15  BuildStamp: freesurfer-linux-ubuntu22_x86_64-7.3.2-20220804-6354275  User: oesteban  Machine: dna079  Platform: Linux  PlatformVersion: 5.14.0-427.37.1.el9_4.x86_64  CompilerName: GCC  CompilerVersion: 8.4.0
ProgramName: mri_or  ProgramArguments: mri_or -all-info  ProgramVersion: 7.3.2  TimeStamp: 2026/03/08-20:05:36-GMT  BuildTime: Aug  4 2022 06:17:15  BuildStamp: freesurfer-linux-ubuntu22_x86_64-7.3.2-20220804-6354275  User: oesteban  Machine: dna079  Platform: Linux  PlatformVersion: 5.14.0-427.37.1.el9_4.x86_64  CompilerName: GCC  CompilerVersion: 8.4.0
ProgramName: mri_relabel_hypointensities  ProgramArguments: mri_relabel_hypointensities -all-info  ProgramVersion: 7.3.2  TimeStamp: 2026/03/08-20:05:36-GMT  BuildTime: Aug  4 2022 06:17:15  BuildStamp: freesurfer-linux-ubuntu22_x86_64-7.3.2-20220804-6354275  User: oesteban  Machine: dna079  Platform: Linux  PlatformVersion: 5.14.0-427.37.1.el9_4.x86_64  CompilerName: GCC  CompilerVersion: 8.4.0
ProgramName: mri_relabel_nonwm_hypos  ProgramArguments: mri_relabel_nonwm_hypos -all-info  ProgramVersion: 7.3.2  TimeStamp: 2026/03/08-20:05:36-GMT  BuildTime: Aug  4 2022 06:17:15  BuildStamp: freesurfer-linux-ubuntu22_x86_64-7.3.2-20220804-6354275  User: oesteban  Machine: dna079  Platform: Linux  PlatformVersion: 5.14.0-427.37.1.el9_4.x86_64  CompilerName: GCC  CompilerVersion: 8.4.0
ProgramName: mri_remove_neck  ProgramArguments: mri_remove_neck -all-info  ProgramVersion: 7.3.2  TimeStamp: 2026/03/08-20:05:36-GMT  BuildTime: Aug  4 2022 06:17:15  BuildStamp: freesurfer-linux-ubuntu22_x86_64-7.3.2-20220804-6354275  User: oesteban  Machine: dna079  Platform: Linux  PlatformVersion: 5.14.0-427.37.1.el9_4.x86_64  CompilerName: GCC  CompilerVersion: 8.4.0
7.3.2

ProgramName: mri_robust_register  ProgramArguments: mri_robust_register -all-info  ProgramVersion: 7.3.2  TimeStamp: 2026/03/08-20:05:36-GMT  BuildTime: Aug  4 2022 06:17:15  BuildStamp: freesurfer-linux-ubuntu22_x86_64-7.3.2-20220804-6354275  User: oesteban  Machine: dna079  Platform: Linux  PlatformVersion: 5.14.0-427.37.1.el9_4.x86_64  CompilerName: GCC  CompilerVersion: 8.4.0
7.3.2

ProgramName: mri_robust_template  ProgramArguments: mri_robust_template -all-info  ProgramVersion: 7.3.2  TimeStamp: 2026/03/08-20:05:36-GMT  BuildTime: Aug  4 2022 06:17:15  BuildStamp: freesurfer-linux-ubuntu22_x86_64-7.3.2-20220804-6354275  User: oesteban  Machine: dna079  Platform: Linux  PlatformVersion: 5.14.0-427.37.1.el9_4.x86_64  CompilerName: GCC  CompilerVersion: 8.4.0
ProgramName: mris_anatomical_stats  ProgramArguments: mris_anatomical_stats -all-info  ProgramVersion: 7.3.2  TimeStamp: 2026/03/08-20:05:36-GMT  BuildTime: Aug  4 2022 06:17:15  BuildStamp: freesurfer-linux-ubuntu22_x86_64-7.3.2-20220804-6354275  User: oesteban  Machine: dna079  Platform: Linux  PlatformVersion: 5.14.0-427.37.1.el9_4.x86_64  CompilerName: GCC  CompilerVersion: 8.4.0
ProgramName: mris_ca_label  ProgramArguments: mris_ca_label -all-info  ProgramVersion: 7.3.2  TimeStamp: 2026/03/08-20:05:36-GMT  BuildTime: Aug  4 2022 06:17:15  BuildStamp: freesurfer-linux-ubuntu22_x86_64-7.3.2-20220804-6354275  User: oesteban  Machine: dna079  Platform: Linux  PlatformVersion: 5.14.0-427.37.1.el9_4.x86_64  CompilerName: GCC  CompilerVersion: 8.4.0
ProgramName: mris_calc  ProgramArguments: mris_calc -all-info  ProgramVersion: 7.3.2  TimeStamp: 2026/03/08-20:05:36-GMT  BuildTime: Aug  4 2022 06:17:15  BuildStamp: freesurfer-linux-ubuntu22_x86_64-7.3.2-20220804-6354275  User: oesteban  Machine: dna079  Platform: Linux  PlatformVersion: 5.14.0-427.37.1.el9_4.x86_64  CompilerName: GCC  CompilerVersion: 8.4.0
ProgramName: mris_convert  ProgramArguments: mris_convert -all-info  ProgramVersion: 7.3.2  TimeStamp: 2026/03/08-20:05:36-GMT  BuildTime: Aug  4 2022 06:17:15  BuildStamp: freesurfer-linux-ubuntu22_x86_64-7.3.2-20220804-6354275  User: oesteban  Machine: dna079  Platform: Linux  PlatformVersion: 5.14.0-427.37.1.el9_4.x86_64  CompilerName: GCC  CompilerVersion: 8.4.0
ProgramName: mris_curvature  ProgramArguments: mris_curvature -all-info  ProgramVersion: 7.3.2  TimeStamp: 2026/03/08-20:05:36-GMT  BuildTime: Aug  4 2022 06:17:15  BuildStamp: freesurfer-linux-ubuntu22_x86_64-7.3.2-20220804-6354275  User: oesteban  Machine: dna079  Platform: Linux  PlatformVersion: 5.14.0-427.37.1.el9_4.x86_64  CompilerName: GCC  CompilerVersion: 8.4.0
ProgramName: mris_curvature_stats  ProgramArguments: mris_curvature_stats -all-info  ProgramVersion: 7.3.2  TimeStamp: 2026/03/08-20:05:36-GMT  BuildTime: Aug  4 2022 06:17:15  BuildStamp: freesurfer-linux-ubuntu22_x86_64-7.3.2-20220804-6354275  User: oesteban  Machine: dna079  Platform: Linux  PlatformVersion: 5.14.0-427.37.1.el9_4.x86_64  CompilerName: GCC  CompilerVersion: 8.4.0
ProgramName: mris_diff  ProgramArguments: mris_diff -all-info  ProgramVersion: 7.3.2  TimeStamp: 2026/03/08-20:05:36-GMT  BuildTime: Aug  4 2022 06:17:15  BuildStamp: freesurfer-linux-ubuntu22_x86_64-7.3.2-20220804-6354275  User: oesteban  Machine: dna079  Platform: Linux  PlatformVersion: 5.14.0-427.37.1.el9_4.x86_64  CompilerName: GCC  CompilerVersion: 8.4.0
ProgramName: mris_divide_parcellation  ProgramArguments: mris_divide_parcellation -all-info  ProgramVersion: 7.3.2  TimeStamp: 2026/03/08-20:05:36-GMT  BuildTime: Aug  4 2022 06:17:15  BuildStamp: freesurfer-linux-ubuntu22_x86_64-7.3.2-20220804-6354275  User: oesteban  Machine: dna079  Platform: Linux  PlatformVersion: 5.14.0-427.37.1.el9_4.x86_64  CompilerName: GCC  CompilerVersion: 8.4.0
ProgramName: mri_segment  ProgramArguments: mri_segment -all-info  ProgramVersion: 7.3.2  TimeStamp: 2026/03/08-20:05:36-GMT  BuildTime: Aug  4 2022 06:17:15  BuildStamp: freesurfer-linux-ubuntu22_x86_64-7.3.2-20220804-6354275  User: oesteban  Machine: dna079  Platform: Linux  PlatformVersion: 5.14.0-427.37.1.el9_4.x86_64  CompilerName: GCC  CompilerVersion: 8.4.0
ProgramName: mri_segstats  ProgramArguments: mri_segstats -all-info  ProgramVersion: 7.3.2  TimeStamp: 2026/03/08-20:05:36-GMT  BuildTime: Aug  4 2022 06:17:15  BuildStamp: freesurfer-linux-ubuntu22_x86_64-7.3.2-20220804-6354275  User: oesteban  Machine: dna079  Platform: Linux  PlatformVersion: 5.14.0-427.37.1.el9_4.x86_64  CompilerName: GCC  CompilerVersion: 8.4.0
ProgramName: mris_euler_number  ProgramArguments: mris_euler_number -all-info  ProgramVersion: 7.3.2  TimeStamp: 2026/03/08-20:05:36-GMT  BuildTime: Aug  4 2022 06:17:15  BuildStamp: freesurfer-linux-ubuntu22_x86_64-7.3.2-20220804-6354275  User: oesteban  Machine: dna079  Platform: Linux  PlatformVersion: 5.14.0-427.37.1.el9_4.x86_64  CompilerName: GCC  CompilerVersion: 8.4.0
ProgramName: mris_fix_topology  ProgramArguments: mris_fix_topology -all-info  ProgramVersion: 7.3.2  TimeStamp: 2026/03/08-20:05:36-GMT  BuildTime: Aug  4 2022 06:17:15  BuildStamp: freesurfer-linux-ubuntu22_x86_64-7.3.2-20220804-6354275  User: oesteban  Machine: dna079  Platform: Linux  PlatformVersion: 5.14.0-427.37.1.el9_4.x86_64  CompilerName: GCC  CompilerVersion: 8.4.0
ProgramName: mris_topo_fixer  ProgramArguments: mris_topo_fixer -all-info  ProgramVersion: 7.3.2  TimeStamp: 2026/03/08-20:05:36-GMT  BuildTime: Aug  4 2022 06:17:15  BuildStamp: freesurfer-linux-ubuntu22_x86_64-7.3.2-20220804-6354275  User: oesteban  Machine: dna079  Platform: Linux  PlatformVersion: 5.14.0-427.37.1.el9_4.x86_64  CompilerName: GCC  CompilerVersion: 8.4.0
ProgramName: mris_jacobian  ProgramArguments: mris_jacobian -all-info  ProgramVersion: 7.3.2  TimeStamp: 2026/03/08-20:05:36-GMT  BuildTime: Aug  4 2022 06:17:15  BuildStamp: freesurfer-linux-ubuntu22_x86_64-7.3.2-20220804-6354275  User: oesteban  Machine: dna079  Platform: Linux  PlatformVersion: 5.14.0-427.37.1.el9_4.x86_64  CompilerName: GCC  CompilerVersion: 8.4.0
ProgramName: mris_label2annot  ProgramArguments: mris_label2annot -all-info  ProgramVersion: 7.3.2  TimeStamp: 2026/03/08-20:05:36-GMT  BuildTime: Aug  4 2022 06:17:15  BuildStamp: freesurfer-linux-ubuntu22_x86_64-7.3.2-20220804-6354275  User: oesteban  Machine: dna079  Platform: Linux  PlatformVersion: 5.14.0-427.37.1.el9_4.x86_64  CompilerName: GCC  CompilerVersion: 8.4.0
ProgramName: mris_left_right_register  ProgramArguments: mris_left_right_register -all-info  ProgramVersion: 7.3.2  TimeStamp: 2026/03/08-20:05:36-GMT  BuildTime: Aug  4 2022 06:17:15  BuildStamp: freesurfer-linux-ubuntu22_x86_64-7.3.2-20220804-6354275  User: oesteban  Machine: dna079  Platform: Linux  PlatformVersion: 5.14.0-427.37.1.el9_4.x86_64  CompilerName: GCC  CompilerVersion: 8.4.0
ProgramName: mris_place_surface  ProgramArguments: mris_place_surface -all-info  ProgramVersion: 7.3.2  TimeStamp: 2026/03/08-20:05:36-GMT  BuildTime: Aug  4 2022 06:17:15  BuildStamp: freesurfer-linux-ubuntu22_x86_64-7.3.2-20220804-6354275  User: oesteban  Machine: dna079  Platform: Linux  PlatformVersion: 5.14.0-427.37.1.el9_4.x86_64  CompilerName: GCC  CompilerVersion: 8.4.0
ProgramName: mrisp_paint  ProgramArguments: mrisp_paint -all-info  ProgramVersion: 7.3.2  TimeStamp: 2026/03/08-20:05:36-GMT  BuildTime: Aug  4 2022 06:17:15  BuildStamp: freesurfer-linux-ubuntu22_x86_64-7.3.2-20220804-6354275  User: oesteban  Machine: dna079  Platform: Linux  PlatformVersion: 5.14.0-427.37.1.el9_4.x86_64  CompilerName: GCC  CompilerVersion: 8.4.0
ProgramName: mris_register  ProgramArguments: mris_register -all-info  ProgramVersion: 7.3.2  TimeStamp: 2026/03/08-20:05:36-GMT  BuildTime: Aug  4 2022 06:17:15  BuildStamp: freesurfer-linux-ubuntu22_x86_64-7.3.2-20220804-6354275  User: oesteban  Machine: dna079  Platform: Linux  PlatformVersion: 5.14.0-427.37.1.el9_4.x86_64  CompilerName: GCC  CompilerVersion: 8.4.0
ProgramName: mris_smooth  ProgramArguments: mris_smooth -all-info  ProgramVersion: 7.3.2  TimeStamp: 2026/03/08-20:05:36-GMT  BuildTime: Aug  4 2022 06:17:15  BuildStamp: freesurfer-linux-ubuntu22_x86_64-7.3.2-20220804-6354275  User: oesteban  Machine: dna079  Platform: Linux  PlatformVersion: 5.14.0-427.37.1.el9_4.x86_64  CompilerName: GCC  CompilerVersion: 8.4.0
ProgramName: mris_sphere  ProgramArguments: mris_sphere -all-info  ProgramVersion: 7.3.2  TimeStamp: 2026/03/08-20:05:36-GMT  BuildTime: Aug  4 2022 06:17:15  BuildStamp: freesurfer-linux-ubuntu22_x86_64-7.3.2-20220804-6354275  User: oesteban  Machine: dna079  Platform: Linux  PlatformVersion: 5.14.0-427.37.1.el9_4.x86_64  CompilerName: GCC  CompilerVersion: 8.4.0
ProgramName: mris_surface_stats  ProgramArguments: mris_surface_stats -all-info  ProgramVersion: 7.3.2  TimeStamp: 2026/03/08-20:05:36-GMT  BuildTime: Aug  4 2022 06:17:15  BuildStamp: freesurfer-linux-ubuntu22_x86_64-7.3.2-20220804-6354275  User: oesteban  Machine: dna079  Platform: Linux  PlatformVersion: 5.14.0-427.37.1.el9_4.x86_64  CompilerName: GCC  CompilerVersion: 8.4.0
ProgramName: mri_stats2seg  ProgramArguments: mri_stats2seg -all-info  ProgramVersion: 7.3.2  TimeStamp: 2026/03/08-20:05:36-GMT  BuildTime: Aug  4 2022 06:17:15  BuildStamp: freesurfer-linux-ubuntu22_x86_64-7.3.2-20220804-6354275  User: oesteban  Machine: dna079  Platform: Linux  PlatformVersion: 5.14.0-427.37.1.el9_4.x86_64  CompilerName: GCC  CompilerVersion: 8.4.0
ProgramName: mris_thickness  ProgramArguments: mris_thickness -all-info  ProgramVersion: 7.3.2  TimeStamp: 2026/03/08-20:05:36-GMT  BuildTime: Aug  4 2022 06:17:15  BuildStamp: freesurfer-linux-ubuntu22_x86_64-7.3.2-20220804-6354275  User: oesteban  Machine: dna079  Platform: Linux  PlatformVersion: 5.14.0-427.37.1.el9_4.x86_64  CompilerName: GCC  CompilerVersion: 8.4.0
ProgramName: mris_thickness_diff  ProgramArguments: mris_thickness_diff -all-info  ProgramVersion: 7.3.2  TimeStamp: 2026/03/08-20:05:36-GMT  BuildTime: Aug  4 2022 06:17:15  BuildStamp: freesurfer-linux-ubuntu22_x86_64-7.3.2-20220804-6354275  User: oesteban  Machine: dna079  Platform: Linux  PlatformVersion: 5.14.0-427.37.1.el9_4.x86_64  CompilerName: GCC  CompilerVersion: 8.4.0
ProgramName: mris_topo_fixer  ProgramArguments: mris_topo_fixer -all-info  ProgramVersion: 7.3.2  TimeStamp: 2026/03/08-20:05:36-GMT  BuildTime: Aug  4 2022 06:17:15  BuildStamp: freesurfer-linux-ubuntu22_x86_64-7.3.2-20220804-6354275  User: oesteban  Machine: dna079  Platform: Linux  PlatformVersion: 5.14.0-427.37.1.el9_4.x86_64  CompilerName: GCC  CompilerVersion: 8.4.0
ProgramName: mri_surf2surf  ProgramArguments: mri_surf2surf -all-info  ProgramVersion: 7.3.2  TimeStamp: 2026/03/08-20:05:36-GMT  BuildTime: Aug  4 2022 06:17:15  BuildStamp: freesurfer-linux-ubuntu22_x86_64-7.3.2-20220804-6354275  User: oesteban  Machine: dna079  Platform: Linux  PlatformVersion: 5.14.0-427.37.1.el9_4.x86_64  CompilerName: GCC  CompilerVersion: 8.4.0
ProgramName: mri_surf2vol  ProgramArguments: mri_surf2vol -all-info  ProgramVersion: 7.3.2  TimeStamp: 2026/03/08-20:05:36-GMT  BuildTime: Aug  4 2022 06:17:15  BuildStamp: freesurfer-linux-ubuntu22_x86_64-7.3.2-20220804-6354275  User: oesteban  Machine: dna079  Platform: Linux  PlatformVersion: 5.14.0-427.37.1.el9_4.x86_64  CompilerName: GCC  CompilerVersion: 8.4.0
ProgramName: mri_surfcluster  ProgramArguments: mri_surfcluster -all-info  ProgramVersion: 7.3.2  TimeStamp: 2026/03/08-20:05:36-GMT  BuildTime: Aug  4 2022 06:17:15  BuildStamp: freesurfer-linux-ubuntu22_x86_64-7.3.2-20220804-6354275  User: oesteban  Machine: dna079  Platform: Linux  PlatformVersion: 5.14.0-427.37.1.el9_4.x86_64  CompilerName: GCC  CompilerVersion: 8.4.0
ProgramName: mris_volmask  ProgramArguments: mris_volmask -all-info  ProgramVersion: 7.3.2  TimeStamp: 2026/03/08-20:05:36-GMT  BuildTime: Aug  4 2022 06:17:15  BuildStamp: freesurfer-linux-ubuntu22_x86_64-7.3.2-20220804-6354275  User: oesteban  Machine: dna079  Platform: Linux  PlatformVersion: 5.14.0-427.37.1.el9_4.x86_64  CompilerName: GCC  CompilerVersion: 8.4.0
ProgramName: mri_tessellate  ProgramArguments: mri_tessellate -all-info  ProgramVersion: 7.3.2  TimeStamp: 2026/03/08-20:05:36-GMT  BuildTime: Aug  4 2022 06:17:15  BuildStamp: freesurfer-linux-ubuntu22_x86_64-7.3.2-20220804-6354275  User: oesteban  Machine: dna079  Platform: Linux  PlatformVersion: 5.14.0-427.37.1.el9_4.x86_64  CompilerName: GCC  CompilerVersion: 8.4.0
ProgramName: mri_vol2surf  ProgramArguments: mri_vol2surf -all-info  ProgramVersion: 7.3.2  TimeStamp: 2026/03/08-20:05:36-GMT  BuildTime: Aug  4 2022 06:17:15  BuildStamp: freesurfer-linux-ubuntu22_x86_64-7.3.2-20220804-6354275  User: oesteban  Machine: dna079  Platform: Linux  PlatformVersion: 5.14.0-427.37.1.el9_4.x86_64  CompilerName: GCC  CompilerVersion: 8.4.0
ProgramName: mri_vol2vol  ProgramArguments: mri_vol2vol -all-info  ProgramVersion: 7.3.2  TimeStamp: 2026/03/08-20:05:36-GMT  BuildTime: Aug  4 2022 06:17:15  BuildStamp: freesurfer-linux-ubuntu22_x86_64-7.3.2-20220804-6354275  User: oesteban  Machine: dna079  Platform: Linux  PlatformVersion: 5.14.0-427.37.1.el9_4.x86_64  CompilerName: GCC  CompilerVersion: 8.4.0
ProgramName: mri_voldiff  ProgramArguments: mri_voldiff -all-info  ProgramVersion: 7.3.2  TimeStamp: 2026/03/08-20:05:36-GMT  BuildTime: Aug  4 2022 06:17:15  BuildStamp: freesurfer-linux-ubuntu22_x86_64-7.3.2-20220804-6354275  User: oesteban  Machine: dna079  Platform: Linux  PlatformVersion: 5.14.0-427.37.1.el9_4.x86_64  CompilerName: GCC  CompilerVersion: 8.4.0
ProgramName: mri_watershed  ProgramArguments: mri_watershed -all-info  ProgramVersion: 7.3.2  TimeStamp: 2026/03/08-20:05:36-GMT  BuildTime: Aug  4 2022 06:17:15  BuildStamp: freesurfer-linux-ubuntu22_x86_64-7.3.2-20220804-6354275  User: oesteban  Machine: dna079  Platform: Linux  PlatformVersion: 5.14.0-427.37.1.el9_4.x86_64  CompilerName: GCC  CompilerVersion: 8.4.0
ProgramName: tkregister2  ProgramArguments: tkregister2_cmdl -all-info  ProgramVersion: 7.3.2  TimeStamp: 2026/03/08-20:05:36-GMT  BuildTime: Aug  4 2022 06:17:15  BuildStamp: freesurfer-linux-ubuntu22_x86_64-7.3.2-20220804-6354275  User: oesteban  Machine: dna079  Platform: Linux  PlatformVersion: 5.14.0-427.37.1.el9_4.x86_64  CompilerName: GCC  CompilerVersion: 8.4.0
mri_motion_correct.fsl 7.3.2
mri_convert -all-info 
ProgramName: mri_convert  ProgramArguments: mri_convert -all-info  ProgramVersion: 7.3.2  TimeStamp: 2026/03/08-20:05:36-GMT  BuildTime: Aug  4 2022 06:17:15  BuildStamp: freesurfer-linux-ubuntu22_x86_64-7.3.2-20220804-6354275  User: oesteban  Machine: dna079  Platform: Linux  PlatformVersion: 5.14.0-427.37.1.el9_4.x86_64  CompilerName: GCC  CompilerVersion: 8.4.0
Program nu_correct, built from:
Package MNI N3, version 1.12.0, compiled by nicks@terrier (x86_64-unknown-linux-gnu) on 2015-06-19 at 01:25:34
#######################################
GCADIR /opt/freesurfer/average
GCA RB_all_2020-01-02.gca
GCASkull RB_all_withskull_2020_01_02.gca
AvgCurvTif folding.atlas.acfb40.noaparc.i12.2016-08-02.tif
GCSDIR /opt/freesurfer/average
GCS DKaparc.atlas.acfb40.noaparc.i12.2016-08-02.gcs
#######################################
#--------------------------------------------
#@# Tessellate rh Sun Mar  8 21:05:36 CET 2026
/out/sourcedata/freesurfer/sub-v1s14x0051579_ses-1/scripts

 mri_pretess ../mri/filled.mgz 127 ../mri/norm.mgz ../mri/filled-pretess127.mgz 


Iteration Number : 1
pass   1 (xy+):   0 found -   0 modified     |    TOTAL:   0
pass   1 (xy-):   0 found -   0 modified     |    TOTAL:   0
pass   1 (yz+):   4 found -   4 modified     |    TOTAL:   4
pass   2 (yz+):   0 found -   4 modified     |    TOTAL:   4
pass   1 (yz-):   8 found -   8 modified     |    TOTAL:  12
pass   2 (yz-):   0 found -   8 modified     |    TOTAL:  12
pass   1 (xz+):   0 found -   0 modified     |    TOTAL:  12
pass   1 (xz-):   0 found -   0 modified     |    TOTAL:  12
Iteration Number : 1
pass   1 (+++):   0 found -   0 modified     |    TOTAL:   0
pass   1 (+++):   0 found -   0 modified     |    TOTAL:   0
pass   1 (+++):   0 found -   0 modified     |    TOTAL:   0
pass   1 (+++):   0 found -   0 modified     |    TOTAL:   0
Iteration Number : 1
pass   1 (++):   0 found -   0 modified     |    TOTAL:   0
pass   1 (+-):   0 found -   0 modified     |    TOTAL:   0
pass   1 (--):   0 found -   0 modified     |    TOTAL:   0
pass   1 (-+):   0 found -   0 modified     |    TOTAL:   0
Iteration Number : 2
pass   1 (xy+):   0 found -   0 modified     |    TOTAL:   0
pass   1 (xy-):   0 found -   0 modified     |    TOTAL:   0
pass   1 (yz+):   0 found -   0 modified     |    TOTAL:   0
pass   1 (yz-):   0 found -   0 modified     |    TOTAL:   0
pass   1 (xz+):   0 found -   0 modified     |    TOTAL:   0
pass   1 (xz-):   0 found -   0 modified     |    TOTAL:   0
Iteration Number : 2
pass   1 (+++):   0 found -   0 modified     |    TOTAL:   0
pass   1 (+++):   0 found -   0 modified     |    TOTAL:   0
pass   1 (+++):   0 found -   0 modified     |    TOTAL:   0
pass   1 (+++):   0 found -   0 modified     |    TOTAL:   0
Iteration Number : 2
pass   1 (++):   0 found -   0 modified     |    TOTAL:   0
pass   1 (+-):   0 found -   0 modified     |    TOTAL:   0
pass   1 (--):   0 found -   0 modified     |    TOTAL:   0
pass   1 (-+):   0 found -   0 modified     |    TOTAL:   0

Total Number of Modified Voxels = 12 (out of 317174: 0.003783)
Ambiguous edge configurations... 

mri_pretess done


 mri_tessellate ../mri/filled-pretess127.mgz 127 ../surf/rh.orig.nofix 

7.3.2
  7.3.2
slice 60: 1533 vertices, 1683 faces
slice 70: 8274 vertices, 8555 faces
slice 80: 17924 vertices, 18308 faces
slice 90: 29235 vertices, 29570 faces
slice 100: 40093 vertices, 40459 faces
slice 110: 51490 vertices, 51902 faces
slice 120: 64696 vertices, 65151 faces
slice 130: 76873 vertices, 77305 faces
slice 140: 89080 vertices, 89498 faces
slice 150: 100815 vertices, 101211 faces
slice 160: 111360 vertices, 111740 faces
slice 170: 121139 vertices, 121455 faces
slice 180: 129235 vertices, 129526 faces
slice 190: 136879 vertices, 137176 faces
slice 200: 144079 vertices, 144356 faces
slice 210: 149260 vertices, 149387 faces
slice 220: 149800 vertices, 149842 faces
slice 230: 149800 vertices, 149842 faces
slice 240: 149800 vertices, 149842 faces
slice 250: 149800 vertices, 149842 faces
using the conformed surface RAS to save vertex points...
writing ../surf/rh.orig.nofix
using vox2ras matrix:
-1.00000   0.00000   0.00000   128.00000;
 0.00000   0.00000   1.00000  -128.00000;
 0.00000  -1.00000   0.00000   128.00000;
 0.00000   0.00000   0.00000   1.00000;

 rm -f ../mri/filled-pretess127.mgz 


 mris_extract_main_component ../surf/rh.orig.nofix ../surf/rh.orig.nofix 


counting number of connected components...
   149800 voxel in cpt #1: X=-42 [v=149800,e=449526,f=299684] located at (26.661436, 1.108465, -6.109373)
For the whole surface: X=-42 [v=149800,e=449526,f=299684]
One single component has been found
nothing to do
done

#--------------------------------------------
#@# Smooth1 rh Sun Mar  8 21:05:39 CET 2026
/out/sourcedata/freesurfer/sub-v1s14x0051579_ses-1/scripts

 mris_smooth -nw -seed 1234 ../surf/rh.orig.nofix ../surf/rh.smoothwm.nofix 

setting seed for random number generator to 1234
smoothing surface tessellation for 10 iterations...
smoothing complete - recomputing first and second fundamental forms...
#--------------------------------------------
#@# Inflation1 rh Sun Mar  8 21:05:41 CET 2026
/out/sourcedata/freesurfer/sub-v1s14x0051579_ses-1/scripts

 mris_inflate -no-save-sulc ../surf/rh.smoothwm.nofix ../surf/rh.inflated.nofix 

Not saving sulc
Reading ../surf/rh.smoothwm.nofix
avg radius = 48.2 mm, total surface area = 80884 mm^2
step 000: RMS=0.150 (target=0.015)   step 005: RMS=0.115 (target=0.015)   step 010: RMS=0.085 (target=0.015)   step 015: RMS=0.072 (target=0.015)   step 020: RMS=0.062 (target=0.015)   step 025: RMS=0.055 (target=0.015)   step 030: RMS=0.049 (target=0.015)   step 035: RMS=0.045 (target=0.015)   step 040: RMS=0.042 (target=0.015)   step 045: RMS=0.039 (target=0.015)   step 050: RMS=0.038 (target=0.015)   step 055: RMS=0.037 (target=0.015)   step 060: RMS=0.037 (target=0.015)   writing inflated surface to ../surf/rh.inflated.nofix
inflation took 0.1 minutes

inflation complete.
Not saving sulc
mris_inflate utimesec    39.078802
mris_inflate stimesec    1.832047
mris_inflate ru_maxrss   236424
mris_inflate ru_ixrss    0
mris_inflate ru_idrss    0
mris_inflate ru_isrss    0
mris_inflate ru_minflt   585044
mris_inflate ru_majflt   20
mris_inflate ru_nswap    0
mris_inflate ru_inblock  0
mris_inflate ru_oublock  10544
mris_inflate ru_msgsnd   0
mris_inflate ru_msgrcv   0
mris_inflate ru_nsignals 0
mris_inflate ru_nvcsw    4789
mris_inflate ru_nivcsw   304
#--------------------------------------------
#@# QSphere rh Sun Mar  8 21:05:49 CET 2026
/out/sourcedata/freesurfer/sub-v1s14x0051579_ses-1/scripts

 mris_sphere -q -p 6 -a 128 -seed 1234 ../surf/rh.inflated.nofix ../surf/rh.qsphere.nofix 

doing quick spherical unfolding.
limitting unfolding to 6 passes
using n_averages = 128
setting seed for random number genererator to 1234
version: 7.3.2
available threads: 16
scaling brain by 0.311...
inflating...
projecting onto sphere...
surface projected - minimizing metric distortion...
vertex spacing 0.95 +- 0.54 (0.00-->5.83) (max @ vno 112033 --> 112034)
face area 0.03 +- 0.03 (-0.13-->0.48)
Entering MRISinflateToSphere()
inflating to sphere (rms error < 2.00)
000: dt: 0.0000, rms radial error=175.499, avgs=0
005/300: dt: 0.9000, rms radial error=175.240, avgs=0
010/300: dt: 0.9000, rms radial error=174.683, avgs=0
015/300: dt: 0.9000, rms radial error=173.951, avgs=0
020/300: dt: 0.9000, rms radial error=173.121, avgs=0
025/300: dt: 0.9000, rms radial error=172.235, avgs=0
030/300: dt: 0.9000, rms radial error=171.315, avgs=0
035/300: dt: 0.9000, rms radial error=170.379, avgs=0
040/300: dt: 0.9000, rms radial error=169.435, avgs=0
045/300: dt: 0.9000, rms radial error=168.487, avgs=0
050/300: dt: 0.9000, rms radial error=167.546, avgs=0
055/300: dt: 0.9000, rms radial error=166.610, avgs=0
060/300: dt: 0.9000, rms radial error=165.678, avgs=0
065/300: dt: 0.9000, rms radial error=164.750, avgs=0
070/300: dt: 0.9000, rms radial error=163.827, avgs=0
075/300: dt: 0.9000, rms radial error=162.908, avgs=0
080/300: dt: 0.9000, rms radial error=161.994, avgs=0
085/300: dt: 0.9000, rms radial error=161.085, avgs=0
090/300: dt: 0.9000, rms radial error=160.181, avgs=0
095/300: dt: 0.9000, rms radial error=159.281, avgs=0
100/300: dt: 0.9000, rms radial error=158.387, avgs=0
105/300: dt: 0.9000, rms radial error=157.498, avgs=0
110/300: dt: 0.9000, rms radial error=156.614, avgs=0
115/300: dt: 0.9000, rms radial error=155.735, avgs=0
120/300: dt: 0.9000, rms radial error=154.860, avgs=0
125/300: dt: 0.9000, rms radial error=153.991, avgs=0
130/300: dt: 0.9000, rms radial error=153.126, avgs=0
135/300: dt: 0.9000, rms radial error=152.266, avgs=0
140/300: dt: 0.9000, rms radial error=151.410, avgs=0
145/300: dt: 0.9000, rms radial error=150.559, avgs=0
150/300: dt: 0.9000, rms radial error=149.713, avgs=0
155/300: dt: 0.9000, rms radial error=148.872, avgs=0
160/300: dt: 0.9000, rms radial error=148.037, avgs=0
165/300: dt: 0.9000, rms radial error=147.206, avgs=0
170/300: dt: 0.9000, rms radial error=146.380, avgs=0
175/300: dt: 0.9000, rms radial error=145.558, avgs=0
180/300: dt: 0.9000, rms radial error=144.741, avgs=0
185/300: dt: 0.9000, rms radial error=143.928, avgs=0
190/300: dt: 0.9000, rms radial error=143.120, avgs=0
195/300: dt: 0.9000, rms radial error=142.316, avgs=0
200/300: dt: 0.9000, rms radial error=141.517, avgs=0
205/300: dt: 0.9000, rms radial error=140.723, avgs=0
210/300: dt: 0.9000, rms radial error=139.932, avgs=0
215/300: dt: 0.9000, rms radial error=139.147, avgs=0
220/300: dt: 0.9000, rms radial error=138.365, avgs=0
225/300: dt: 0.9000, rms radial error=137.588, avgs=0
230/300: dt: 0.9000, rms radial error=136.816, avgs=0
235/300: dt: 0.9000, rms radial error=136.048, avgs=0
240/300: dt: 0.9000, rms radial error=135.285, avgs=0
245/300: dt: 0.9000, rms radial error=134.525, avgs=0
250/300: dt: 0.9000, rms radial error=133.770, avgs=0
255/300: dt: 0.9000, rms radial error=133.019, avgs=0
260/300: dt: 0.9000, rms radial error=132.272, avgs=0
265/300: dt: 0.9000, rms radial error=131.529, avgs=0
270/300: dt: 0.9000, rms radial error=130.790, avgs=0
275/300: dt: 0.9000, rms radial error=130.055, avgs=0
280/300: dt: 0.9000, rms radial error=129.325, avgs=0
285/300: dt: 0.9000, rms radial error=128.598, avgs=0
290/300: dt: 0.9000, rms radial error=127.876, avgs=0
295/300: dt: 0.9000, rms radial error=127.157, avgs=0
300/300: dt: 0.9000, rms radial error=126.442, avgs=0

spherical inflation complete.
epoch 1 (K=10.0), pass 1, starting sse = 17444.88
taking momentum steps...
taking momentum steps...
taking momentum steps...
taking momentum steps...
pass 1 complete, delta sse/iter = 0.00/13 = 0.00036
epoch 2 (K=40.0), pass 1, starting sse = 2808.38
taking momentum steps...
taking momentum steps...
taking momentum steps...
taking momentum steps...
pass 1 complete, delta sse/iter = 0.00/13 = 0.00024
epoch 3 (K=160.0), pass 1, starting sse = 252.28
taking momentum steps...
taking momentum steps...
taking momentum steps...
taking momentum steps...
pass 1 complete, delta sse/iter = 0.07/14 = 0.00476
epoch 4 (K=640.0), pass 1, starting sse = 16.15
taking momentum steps...
taking momentum steps...
taking momentum steps...
taking momentum steps...
pass 1 complete, delta sse/iter = 0.04/16 = 0.00260
final distance error %100000.00
writing spherical brain to ../surf/rh.qsphere.nofix
spherical transformation took 0.0106 hours
FSRUNTIME@ mris_sphere  0.0106 hours 16 threads
#VMPC# mris_sphere VmPeak  1767348
mris_sphere done
#@# Fix Topology rh Sun Mar  8 21:06:28 CET 2026

 mris_fix_topology -mgz -sphere qsphere.nofix -inflated inflated.nofix -orig orig.nofix -out orig.premesh -ga -seed 1234 sub-v1s14x0051579_ses-1 rh 

reading spherical homeomorphism from 'qsphere.nofix'
reading inflated coordinates from 'inflated.nofix'
reading original coordinates from 'orig.nofix'
using genetic algorithm with optimized parameters
setting seed for random number genererator to 1234

*************************************************************
Topology Correction Parameters
retessellation mode:           genetic search
number of patches/generation : 10
number of generations :        10
surface mri loglikelihood coefficient :         1.0
volume mri loglikelihood coefficient :          10.0
normal dot loglikelihood coefficient :          1.0
quadratic curvature loglikelihood coefficient : 1.0
volume resolution :                             2
eliminate vertices during search :              1
initial patch selection :                       1
select all defect vertices :                    0
ordering dependant retessellation:              0
use precomputed edge table :                    0
smooth retessellated patch :                    2
match retessellated patch :                     1
verbose mode :                                  0

*************************************************************
INFO: assuming .mgz format
writing corrected surface to 'orig.premesh'
7.3.2
  7.3.2
before topology correction, eno=-42 (nv=149800, nf=299684, ne=449526, g=22)
using quasi-homeomorphic spherical map to tessellate cortical surface...

Correction of the Topology
Finding true center and radius of Spherical Surface...done
Surface centered at (0,0,0) with radius 100.0 in 9 iterations
marking ambiguous vertices...
5569 ambiguous faces found in tessellation
segmenting defects...
25 defects found, arbitrating ambiguous regions...
analyzing neighboring defects...
      -merging segment 10 into 6
      -merging segment 15 into 14
23 defects to be corrected 
0 vertices coincident
reading input surface /out/sourcedata/freesurfer/sub-v1s14x0051579_ses-1/surf/rh.qsphere.nofix...
reading brain volume from brain...
reading wm segmentation from wm...
Reading original properties of orig.nofix
Reading vertex positions of inflated.nofix
Computing Initial Surface Statistics
      -face       loglikelihood: -9.1241  (-4.5620)
      -vertex     loglikelihood: -6.2845  (-3.1423)
      -normal dot loglikelihood: -3.5555  (-3.5555)
      -quad curv  loglikelihood: -6.0135  (-3.0068)
      Total Loglikelihood : -24.9776
CORRECTING DEFECT 0 (vertices=40, convex hull=38, v0=99)
After retessellation of defect 0 (v0=99), euler #=-22 (146548,438687,292117) : difference with theory (-20) = 2 
CORRECTING DEFECT 1 (vertices=16, convex hull=37, v0=58817)
After retessellation of defect 1 (v0=58817), euler #=-21 (146554,438719,292144) : difference with theory (-19) = 2 
CORRECTING DEFECT 2 (vertices=7, convex hull=25, v0=62918)
After retessellation of defect 2 (v0=62918), euler #=-20 (146558,438737,292159) : difference with theory (-18) = 2 
CORRECTING DEFECT 3 (vertices=60, convex hull=54, v0=67226)
After retessellation of defect 3 (v0=67226), euler #=-19 (146574,438809,292216) : difference with theory (-17) = 2 
CORRECTING DEFECT 4 (vertices=6, convex hull=29, v0=69133)
After retessellation of defect 4 (v0=69133), euler #=-18 (146575,438819,292226) : difference with theory (-16) = 2 
CORRECTING DEFECT 5 (vertices=37, convex hull=72, v0=69505)
After retessellation of defect 5 (v0=69505), euler #=-17 (146595,438910,292298) : difference with theory (-15) = 2 
CORRECTING DEFECT 6 (vertices=765, convex hull=561, v0=71640)
A large defect has been detected...
This often happens because cerebellum or dura has not been removed from wm.mgz.
This may cause recon-all to run very slowly or crash.
if so, see https://surfer.nmr.mgh.harvard.edu/fswiki/FsTutorial/TopologicalDefect_freeview
After retessellation of defect 6 (v0=71640), euler #=-15 (146707,439532,292810) : difference with theory (-14) = 1 
CORRECTING DEFECT 7 (vertices=8, convex hull=25, v0=87538)
After retessellation of defect 7 (v0=87538), euler #=-14 (146710,439548,292824) : difference with theory (-13) = 1 
CORRECTING DEFECT 8 (vertices=24, convex hull=24, v0=91187)
After retessellation of defect 8 (v0=91187), euler #=-13 (146715,439569,292841) : difference with theory (-12) = 1 
CORRECTING DEFECT 9 (vertices=5, convex hull=23, v0=91211)
After retessellation of defect 9 (v0=91211), euler #=-12 (146716,439577,292849) : difference with theory (-11) = 1 
CORRECTING DEFECT 10 (vertices=10, convex hull=24, v0=96014)
After retessellation of defect 10 (v0=96014), euler #=-11 (146718,439590,292861) : difference with theory (-10) = 1 
CORRECTING DEFECT 11 (vertices=51, convex hull=79, v0=102637)
After retessellation of defect 11 (v0=102637), euler #=-10 (146731,439658,292917) : difference with theory (-9) = 1 
CORRECTING DEFECT 12 (vertices=157, convex hull=92, v0=108121)
After retessellation of defect 12 (v0=108121), euler #=-9 (146759,439783,293015) : difference with theory (-8) = 1 
CORRECTING DEFECT 13 (vertices=592, convex hull=363, v0=110978)
After retessellation of defect 13 (v0=110978), euler #=-7 (146957,440566,293602) : difference with theory (-7) = 0 
CORRECTING DEFECT 14 (vertices=91, convex hull=46, v0=121016)
After retessellation of defect 14 (v0=121016), euler #=-6 (146968,440613,293639) : difference with theory (-6) = 0 
CORRECTING DEFECT 15 (vertices=17, convex hull=28, v0=121801)
After retessellation of defect 15 (v0=121801), euler #=-5 (146970,440627,293652) : difference with theory (-5) = 0 
CORRECTING DEFECT 16 (vertices=22, convex hull=44, v0=122602)
After retessellation of defect 16 (v0=122602), euler #=-4 (146981,440678,293693) : difference with theory (-4) = 0 
CORRECTING DEFECT 17 (vertices=39, convex hull=62, v0=127653)
After retessellation of defect 17 (v0=127653), euler #=-3 (146998,440751,293750) : difference with theory (-3) = 0 
CORRECTING DEFECT 18 (vertices=146, convex hull=158, v0=130032)
After retessellation of defect 18 (v0=130032), euler #=-2 (147047,440972,293923) : difference with theory (-2) = 0 
CORRECTING DEFECT 19 (vertices=843, convex hull=156, v0=134360)
After retessellation of defect 19 (v0=134360), euler #=-1 (147093,441186,294092) : difference with theory (-1) = 0 
CORRECTING DEFECT 20 (vertices=10, convex hull=21, v0=143921)
After retessellation of defect 20 (v0=143921), euler #=0 (147094,441197,294103) : difference with theory (0) = 0 
CORRECTING DEFECT 21 (vertices=140, convex hull=122, v0=144018)
After retessellation of defect 21 (v0=144018), euler #=1 (147121,441331,294211) : difference with theory (1) = 0 
CORRECTING DEFECT 22 (vertices=163, convex hull=53, v0=149201)
After retessellation of defect 22 (v0=149201), euler #=2 (147131,441387,294258) : difference with theory (2) = 0 
computing original vertex metric properties...
storing new metric properties...
computing tessellation statistics...
vertex spacing 0.89 +- 0.23 (0.07-->12.48) (max @ vno 90611 --> 96360)
face area -nan +- -nan (1000.00-->-1.00)
performing soap bubble on retessellated vertices for 0 iterations...
vertex spacing 0.89 +- 0.23 (0.07-->12.48) (max @ vno 90611 --> 96360)
face area -nan +- -nan (1000.00-->-1.00)
tessellation finished, orienting corrected surface...
82 mutations (36.3%), 144 crossovers (63.7%), 299 vertices were eliminated
building final representation...
2669 vertices and 0 faces have been removed from triangulation
after topology correction, eno=2 (nv=147131, nf=294258, ne=441387, g=0)
writing corrected surface to /out/sourcedata/freesurfer/sub-v1s14x0051579_ses-1/surf/rh.orig.premesh...

0.000 % of the vertices (0 vertices) exhibit an orientation change
removing intersecting faces
000: 299 intersecting
001: 68 intersecting
terminating search with 0 intersecting
topology fixing took 1.6 minutes
FSRUNTIME@ mris_fix_topology rh  0.0264 hours 16 threads
#VMPC# mris_fix_topology VmPeak  1865744

 mris_euler_number ../surf/rh.orig.premesh 

euler # = v-e+f = 2g-2: 147131 - 441387 + 294258 = 2 --> 0 holes
      F =2V-4:          294258 = 294262-4 (0)
      2E=3F:            882774 = 882774 (0)

total defect index = 0
Sun Mar  8 21:08:03 CET 2026

setenv SUBJECTS_DIR /out/sourcedata/freesurfer
cd /out/sourcedata/freesurfer/sub-v1s14x0051579_ses-1/scripts
/opt/freesurfer/bin/defect2seg --s sub-v1s14x0051579_ses-1 --rh-only --cortex

freesurfer-linux-ubuntu22_x86_64-7.3.2-20220804-6354275
defect2seg 7.3.2
Linux dna079 5.14.0-427.37.1.el9_4.x86_64 #1 SMP PREEMPT_DYNAMIC Fri Sep 13 12:41:50 EDT 2024 x86_64 x86_64 x86_64 GNU/Linux
pid 927306
mri_label2label --label-cortex /out/sourcedata/freesurfer/sub-v1s14x0051579_ses-1/surf/rh.orig.nofix /out/sourcedata/freesurfer/sub-v1s14x0051579_ses-1/mri/aseg.presurf.mgz 0 /out/sourcedata/freesurfer/sub-v1s14x0051579_ses-1/label/rh.nofix.cortex.label

 Generating cortex label... RemoveHipAmgy=0
 NucAccIsMedialWall=0
 mris->useRealRAS=0
9 non-cortical segments detected
only using segment with 8915 vertices
erasing segment 1 (vno[0] = 53390)
erasing segment 2 (vno[0] = 54547)
erasing segment 3 (vno[0] = 56963)
erasing segment 4 (vno[0] = 83296)
erasing segment 5 (vno[0] = 100685)
erasing segment 6 (vno[0] = 102603)
erasing segment 7 (vno[0] = 105943)
erasing segment 8 (vno[0] = 130575)
mri_label2vol --defects /out/sourcedata/freesurfer/sub-v1s14x0051579_ses-1/surf/rh.orig.nofix /out/sourcedata/freesurfer/sub-v1s14x0051579_ses-1/surf/rh.defect_labels /out/sourcedata/freesurfer/sub-v1s14x0051579_ses-1/mri/orig.mgz 2000 0 /out/sourcedata/freesurfer/sub-v1s14x0051579_ses-1/mri/rh.surface.defects.mgz /out/sourcedata/freesurfer/sub-v1s14x0051579_ses-1/label/rh.nofix.cortex.label
mri_label2vol supposed to be reproducible but seed not set
Contraining to label /out/sourcedata/freesurfer/sub-v1s14x0051579_ses-1/label/rh.nofix.cortex.label
Changing input type 0 to MRI_INT
Converting defects to volume: offset=2000, merge=0
Writing to /out/sourcedata/freesurfer/sub-v1s14x0051579_ses-1/mri/rh.surface.defects.mgz
mris_defects_pointset -s /out/sourcedata/freesurfer/sub-v1s14x0051579_ses-1/surf/rh.orig.nofix -d /out/sourcedata/freesurfer/sub-v1s14x0051579_ses-1/surf/rh.defect_labels -o /out/sourcedata/freesurfer/sub-v1s14x0051579_ses-1/surf/rh.defects.pointset --label /out/sourcedata/freesurfer/sub-v1s14x0051579_ses-1/label/rh.nofix.cortex.label
Reading in surface /out/sourcedata/freesurfer/sub-v1s14x0051579_ses-1/surf/rh.orig.nofix
Reading in defect segmentation /out/sourcedata/freesurfer/sub-v1s14x0051579_ses-1/surf/rh.defect_labels
Reading in label /out/sourcedata/freesurfer/sub-v1s14x0051579_ses-1/label/rh.nofix.cortex.label
#VMPC# mris_defects_pointset 1281236
mris_defects_pointset done
 
Started at Sun Mar 8 21:08:03 CET 2026 
Ended   at Sun Mar  8 21:08:14 CET 2026
Defect2seg-Run-Time-Sec 11
Defect2seg-Run-Time-Min 0.22
Defect2seg-Run-Time-Hours 0.00
 
tkmeditfv sub-v1s14x0051579_ses-1 brain.finalsurfs.mgz -defect
defect2seg Done

 mris_remesh --remesh --iters 3 --input /out/sourcedata/freesurfer/sub-v1s14x0051579_ses-1/surf/rh.orig.premesh --output /out/sourcedata/freesurfer/sub-v1s14x0051579_ses-1/surf/rh.orig 

iters = 3
standard remeshing without target
   adjusted l: 0.712091
remeshing to edge length 0.712091 with 3 iterations

avg qual before   : 0.892603  after: 0.971532

Removing intersections
removing intersecting faces
000: 4 intersecting
terminating search with 0 intersecting
Remeshed surface quality stats nv0 = 147131  nv = 153694  1.04461
Area    307384  0.30396  0.03363 0.043396   0.5117
Corner  922152 60.00000  8.74098 10.544726 147.6194
Edge    461076  0.84572  0.08210 0.189119   1.3521
Hinge   461076  9.49887  9.77953 0.000000 161.3378
mris_remesh done
/out/sourcedata/freesurfer/sub-v1s14x0051579_ses-1/scripts

 mris_remove_intersection ../surf/rh.orig ../surf/rh.orig 

intersection removal took 0.00 hours
writing corrected surface to ../surf/rh.orig

 rm -f ../surf/rh.inflated 

#--------------------------------------------
#@# AutoDetGWStats rh Sun Mar  8 21:08:46 CET 2026
cd /out/sourcedata/freesurfer/sub-v1s14x0051579_ses-1/mri
mris_autodet_gwstats --o ../surf/autodet.gw.stats.rh.dat --i brain.finalsurfs.mgz --wm wm.mgz --surf ../surf/rh.orig.premesh
7.3.2

cd /out/sourcedata/freesurfer/sub-v1s14x0051579_ses-1/mri
setenv SUBJECTS_DIR /out/sourcedata/freesurfer
mris_autodet_gwstats --o ../surf/autodet.gw.stats.rh.dat --i brain.finalsurfs.mgz --wm wm.mgz --surf ../surf/rh.orig.premesh 

border white:    282109 voxels (1.68%)
border gray      311236 voxels (1.86%)
Reading in intensity volume brain.finalsurfs.mgz
Reading in wm volume wm.mgz
Reading in surf ../surf/rh.orig.premesh
Auto detecting stats
MRIclipBrightWM(): nthresh=21700, wmmin=5, clip=110 
Binarizing thresholding at 5
computing class statistics... low=30, hi=110.000000
CCS WM (99.0): 98.9 +- 7.6 [70.0 --> 110.0]
CCS GM (75.0) : 73.1 +- 11.5 [30.0 --> 110.0]
white_mean = 98.8524 +/- 7.59234, gray_mean = 73.0634 +/- 11.5118
using class modes intead of means, discounting robust sigmas....
MRIScomputeClassModes(): min=0 max=193 nbins=194
intensity peaks found at WM=103+-5.2,    GM=67+-12.2
white_mode = 103, gray_mode = 67
std_scale = 1
Applying sanity checks, max_scale_down = 0.2
setting MIN_GRAY_AT_WHITE_BORDER to 55.5 (was 70.000000)
setting MAX_BORDER_WHITE to 110.6 (was 105.000000)
setting MIN_BORDER_WHITE to 67.0 (was 85.000000)
setting MAX_CSF to 44.0 (was 40.000000)
setting MAX_GRAY to 95.4 (was 95.000000)
setting MAX_GRAY_AT_CSF_BORDER to 55.5 (was 75.000000)
setting MIN_GRAY_AT_CSF_BORDER to 32.5 (was 40.000000)
When placing the white surface
  white_border_hi   = 110.592;
  white_border_low  = 67;
  white_outside_low = 55.4882;
  white_inside_hi   = 120;
  white_outside_hi  = 110.592;
When placing the pial surface
  pial_border_hi   = 55.4882;
  pial_border_low  = 32.4647;
  pial_outside_low = 10;
  pial_inside_hi   = 95.4077;
  pial_outside_hi  = 49.7324;
#VMPC# mris_autodet_gwstats VmPeak  1678096
mris_autodet_gwstats done
#--------------------------------------------
#@# WhitePreAparc rh Sun Mar  8 21:08:48 CET 2026
cd /out/sourcedata/freesurfer/sub-v1s14x0051579_ses-1/mri
mris_place_surface --adgws-in ../surf/autodet.gw.stats.rh.dat --wm wm.mgz --threads 16 --invol brain.finalsurfs.mgz --rh --i ../surf/rh.orig --o ../surf/rh.white.preaparc --white --seg aseg.presurf.mgz --nsmooth 5
7.3.2
7.3.2

cd /out/sourcedata/freesurfer/sub-v1s14x0051579_ses-1/mri
setenv SUBJECTS_DIR /out/sourcedata/freesurfer
mris_place_surface --adgws-in ../surf/autodet.gw.stats.rh.dat --wm wm.mgz --threads 16 --invol brain.finalsurfs.mgz --rh --i ../surf/rh.orig --o ../surf/rh.white.preaparc --white --seg aseg.presurf.mgz --nsmooth 5 

Reading in input surface ../surf/rh.orig
Smoothing surface before ripping with 5 iterations
Area    307384  0.26911  0.06218 0.007344   0.5691
Corner  922152 60.00000  9.26074 9.329653 141.1600
Edge    461076  0.79200  0.11244 0.094792   1.2871
Hinge   461076  6.41936  6.34595 0.000003 142.4892
Not reading in aparc
Reading in input volume brain.finalsurfs.mgz
Reading in wm volume wm.mgz
MRIclipBrightWM(): nthresh=21700, wmmin=5, clip=110 
MRIfindBrightNonWM(): 1148 bright non-wm voxels segmented.
Masking bright non-wm for white surface
MRImask(): AllowDiffGeom = 1
MRImask(): AllowDiffGeom = 1
Reading in seg volume aseg.presurf.mgz
Ripping frozen voxels
INFO: rip surface needed but not specified, so using input surface
Freezing midline and others
Entering: MRISripMidline(): inhibiting deformation at non-cortical midline structures...
  which=1, fix_mtl=0, using annot = 0
#FML0# MRISripMidline(): nripped=0
removing 2 vertices from ripped group in thread:0
#FML# MRISripMidline(): nmarked=7200, nmarked2=4, nripped=7200
Ripping segs (eg, WMSA, BG, frozen)
Starting MRISripSegs() d = (-2 2 0.5) segnos: 247 
MRISripSegs(): -2 2 0.5 ripped 0
vertex 76847: xyz = (45.496,11.5223,-18.4353) oxyz = (45.496,11.5223,-18.4353) wxzy = (45.496,11.5223,-18.4353) pxyz = (0,0,0) 
CBVO Creating mask 153694
n_averages 4
Iteration 0 =========================================
n_averages=4, current_sigma=2
Freezing midline and others
Ripping frozen voxels
INFO: rip surface needed but not specified, so using input surface
Freezing midline and others
Entering: MRISripMidline(): inhibiting deformation at non-cortical midline structures...
  which=1, fix_mtl=0, using annot = 0
#FML0# MRISripMidline(): nripped=7200
removing 2 vertices from ripped group in thread:0
#FML# MRISripMidline(): nmarked=7200, nmarked2=4, nripped=7200
Ripping segs (eg, WMSA, BG, frozen)
Starting MRISripSegs() d = (-2 2 0.5) segnos: 247 247 
MRISripSegs(): -2 2 0.5 ripped 0
Computing target border values 
Entering MRIScomputeBorderValues_new(): 
  inside_hi   = 120.0000000;
  border_hi   = 110.5923390;
  border_low  =  67.0000000;
  outside_low =  55.4882470;
  outside_hi  = 110.5923390;
  sigma = 2;
  max_thickness = 10;
  step_size=0.5;
  STEP_SIZE=0.1;
  which = 1
  thresh = 0
  flags = 0
  CBVfindFirstPeakD1=0
  CBVfindFirstPeakD2=0
  nvertices=153694
  Gdiag_no=-1
  vno start=0, stop=153694
Replacing 255s with 0s
#SI# sigma=2 had to be increased for 155 vertices, nripped=7200
mean border=81.8, 134 (134) missing vertices, mean dist 0.3 [0.6 (%37.7)->0.9 (%62.3))]
%67 local maxima, %28 large gradients and % 0 min vals, 0 gradients ignored
nFirstPeakD1 0
MRIScomputeBorderValues_new() finished in 0.0142 min


Finding expansion regions
mean absolute distance = 0.77 +- 0.97
5305 vertices more than 2 sigmas from mean.
Averaging target values for 5 iterations...
Positioning Surface: tspring = 0.3, nspring = 0.3, spring = 0, niters = 100 l_repulse = 5, l_surf_repulse = 0, checktol = 0
Positioning pial surface
Entering MRISpositionSurface()
  max_mm = 0.3
  MAX_REDUCTIONS = 2, REDUCTION_PCT = 0.5
  parms->check_tol = 0, niterations = 100
tol=1.0e-04, sigma=2.0, host=dna07, nav=4, nbrs=2, l_repulse=5.000, l_tspring=0.300, l_nspring=0.300, l_intensity=0.200, l_curv=1.000
mom=0.00, dt=0.50
complete_dist_mat 0
rms 0
smooth_averages 0
remove_neg 0
ico_order 0
which_surface 0
target_radius 0.000000
nfields 0
scale 0.000000
desired_rms_height 0.000000
momentum 0.000000
nbhd_size 0
max_nbrs 0
niterations 100
nsurfaces 0
SURFACES 3
flags 0 (0)
use curv 0
no sulc 0
no rigid align 0
mris->nsize 2
mris->hemisphere 1
randomSeed 0

000: dt: 0.0000, sse=3770187.2, rms=11.091
001: dt: 0.5000, sse=2082963.1, rms=8.094 (27.021%)
002: dt: 0.5000, sse=1298483.5, rms=6.219 (23.163%)
003: dt: 0.5000, sse=910804.2, rms=5.039 (18.975%)
004: dt: 0.5000, sse=691013.9, rms=4.227 (16.120%)
005: dt: 0.5000, sse=559392.6, rms=3.642 (13.834%)
006: dt: 0.5000, sse=486439.8, rms=3.262 (10.436%)
007: dt: 0.5000, sse=453449.0, rms=3.088 (5.322%)
008: dt: 0.5000, sse=436171.0, rms=2.988 (3.242%)
rms = 2.9486/2.9883, sse=431696.6/436171.0, time step reduction 1 of 3 to 0.250  0 0 1
009: dt: 0.5000, sse=431696.6, rms=2.949 (1.326%)
010: dt: 0.2500, sse=258859.8, rms=1.626 (44.859%)
011: dt: 0.2500, sse=233897.9, rms=1.350 (16.963%)
012: dt: 0.2500, sse=230780.4, rms=1.260 (6.653%)
rms = 1.2395/1.2603, sse=223898.5/230780.4, time step reduction 2 of 3 to 0.125  0 0 1
013: dt: 0.2500, sse=223898.5, rms=1.240 (1.647%)
rms = 1.1812/1.2395, sse=223911.4/223898.5, time step reduction 3 of 3 to 0.062  0 1 0
014: dt: 0.1250, sse=223911.4, rms=1.181 (4.708%)
  maximum number of reductions reached, breaking from loop
positioning took 1.0 minutes
Iteration 1 =========================================
n_averages=2, current_sigma=1
Freezing midline and others
Ripping frozen voxels
INFO: rip surface needed but not specified, so using input surface
Freezing midline and others
Entering: MRISripMidline(): inhibiting deformation at non-cortical midline structures...
  which=1, fix_mtl=0, using annot = 0
#FML0# MRISripMidline(): nripped=7200
removing 3 vertices from ripped group in thread:0
removing 4 vertices from ripped group in thread:0
removing 2 vertices from ripped group in thread:0
removing 3 vertices from ripped group in thread:0
removing 2 vertices from ripped group in thread:0
#FML# MRISripMidline(): nmarked=7342, nmarked2=4, nripped=7342
Ripping segs (eg, WMSA, BG, frozen)
Starting MRISripSegs() d = (-2 2 0.5) segnos: 247 247 247 
MRISripSegs(): -2 2 0.5 ripped 0
Computing target border values 
Entering MRIScomputeBorderValues_new(): 
  inside_hi   = 120.0000000;
  border_hi   = 110.5923390;
  border_low  =  67.0000000;
  outside_low =  55.4882470;
  outside_hi  = 110.5923390;
  sigma = 1;
  max_thickness = 10;
  step_size=0.5;
  STEP_SIZE=0.1;
  which = 1
  thresh = 0
  flags = 0
  CBVfindFirstPeakD1=0
  CBVfindFirstPeakD2=0
  nvertices=153694
  Gdiag_no=-1
  vno start=0, stop=153694
Replacing 255s with 0s
#SI# sigma=1 had to be increased for 97 vertices, nripped=7342
mean border=84.2, 99 (17) missing vertices, mean dist -0.3 [0.5 (%65.5)->0.2 (%34.5))]
%70 local maxima, %25 large gradients and % 0 min vals, 0 gradients ignored
nFirstPeakD1 0
MRIScomputeBorderValues_new() finished in 0.0103 min


Finding expansion regions
mean absolute distance = 0.42 +- 0.76
5246 vertices more than 2 sigmas from mean.
Averaging target values for 5 iterations...
Positioning Surface: tspring = 0.3, nspring = 0.3, spring = 0, niters = 100 l_repulse = 5, l_surf_repulse = 0, checktol = 0
Positioning pial surface
Entering MRISpositionSurface()
  max_mm = 0.3
  MAX_REDUCTIONS = 2, REDUCTION_PCT = 0.5
  parms->check_tol = 0, niterations = 100
tol=1.0e-04, sigma=1.0, host=dna07, nav=2, nbrs=2, l_repulse=5.000, l_tspring=0.300, l_nspring=0.300, l_intensity=0.200, l_curv=1.000
mom=0.00, dt=0.50
000: dt: 0.0000, sse=878627.5, rms=4.678
015: dt: 0.5000, sse=531145.1, rms=3.144 (32.797%)
016: dt: 0.5000, sse=472579.6, rms=2.784 (11.461%)
017: dt: 0.5000, sse=452787.4, rms=2.728 (1.985%)
rms = 2.7500/2.7285, sse=453182.9/452787.4, time step reduction 1 of 3 to 0.250  0 1 1
   RMS increased, rejecting step
018: dt: 0.2500, sse=344852.0, rms=1.912 (29.921%)
019: dt: 0.2500, sse=293574.3, rms=1.438 (24.809%)
020: dt: 0.2500, sse=281567.0, rms=1.250 (13.022%)
021: dt: 0.2500, sse=271813.4, rms=1.137 (9.106%)
022: dt: 0.2500, sse=271273.3, rms=1.078 (5.170%)
rms = 1.0372/1.0779, sse=268550.6/271273.3, time step reduction 2 of 3 to 0.125  0 0 1
023: dt: 0.2500, sse=268550.6, rms=1.037 (3.771%)
024: dt: 0.1250, sse=263690.2, rms=0.984 (5.159%)
rms = 0.9717/0.9837, sse=262497.3/263690.2, time step reduction 3 of 3 to 0.062  0 0 1
025: dt: 0.1250, sse=262497.3, rms=0.972 (1.216%)
  maximum number of reductions reached, breaking from loop
positioning took 0.8 minutes
Iteration 2 =========================================
n_averages=1, current_sigma=0.5
Freezing midline and others
Ripping frozen voxels
INFO: rip surface needed but not specified, so using input surface
Freezing midline and others
Entering: MRISripMidline(): inhibiting deformation at non-cortical midline structures...
  which=1, fix_mtl=0, using annot = 0
#FML0# MRISripMidline(): nripped=7342
removing 2 vertices from ripped group in thread:0
removing 3 vertices from ripped group in thread:0
removing 2 vertices from ripped group in thread:0
removing 2 vertices from ripped group in thread:0
removing 3 vertices from ripped group in thread:0
removing 3 vertices from ripped group in thread:0
removing 2 vertices from ripped group in thread:0
#FML# MRISripMidline(): nmarked=7370, nmarked2=4, nripped=7370
Ripping segs (eg, WMSA, BG, frozen)
Starting MRISripSegs() d = (-2 2 0.5) segnos: 247 247 247 247 
MRISripSegs(): -2 2 0.5 ripped 0
Computing target border values 
Entering MRIScomputeBorderValues_new(): 
  inside_hi   = 120.0000000;
  border_hi   = 110.5923390;
  border_low  =  67.0000000;
  outside_low =  55.4882470;
  outside_hi  = 110.5923390;
  sigma = 0.5;
  max_thickness = 10;
  step_size=0.5;
  STEP_SIZE=0.1;
  which = 1
  thresh = 0
  flags = 0
  CBVfindFirstPeakD1=0
  CBVfindFirstPeakD2=0
  nvertices=153694
  Gdiag_no=-1
  vno start=0, stop=153694
Replacing 255s with 0s
#SI# sigma=0.5 had to be increased for 252 vertices, nripped=7370
mean border=86.3, 105 (10) missing vertices, mean dist -0.2 [0.4 (%68.7)->0.2 (%31.3))]
%80 local maxima, %15 large gradients and % 0 min vals, 0 gradients ignored
nFirstPeakD1 0
MRIScomputeBorderValues_new() finished in 0.0055 min


Finding expansion regions
mean absolute distance = 0.33 +- 0.53
4860 vertices more than 2 sigmas from mean.
Averaging target values for 5 iterations...
Positioning Surface: tspring = 0.3, nspring = 0.3, spring = 0, niters = 100 l_repulse = 5, l_surf_repulse = 0, checktol = 0
Positioning pial surface
Entering MRISpositionSurface()
  max_mm = 0.3
  MAX_REDUCTIONS = 2, REDUCTION_PCT = 0.5
  parms->check_tol = 0, niterations = 100
tol=1.0e-04, sigma=0.5, host=dna07, nav=1, nbrs=2, l_repulse=5.000, l_tspring=0.300, l_nspring=0.300, l_intensity=0.200, l_curv=1.000
mom=0.00, dt=0.50
000: dt: 0.0000, sse=571023.6, rms=3.427
026: dt: 0.5000, sse=388087.1, rms=2.312 (32.540%)
rms = 2.2707/2.3120, sse=380724.1/388087.1, time step reduction 1 of 3 to 0.250  0 0 1
027: dt: 0.5000, sse=380724.1, rms=2.271 (1.786%)
028: dt: 0.2500, sse=274387.7, rms=1.201 (47.095%)
029: dt: 0.2500, sse=263397.2, rms=1.021 (14.992%)
rms = 1.0083/1.0212, sse=260765.7/263397.2, time step reduction 2 of 3 to 0.125  0 0 1
030: dt: 0.2500, sse=260765.7, rms=1.008 (1.264%)
031: dt: 0.1250, sse=256326.0, rms=0.919 (8.896%)
rms = 0.8974/0.9186, sse=258161.7/256326.0, time step reduction 3 of 3 to 0.062  0 1 1
032: dt: 0.1250, sse=258161.7, rms=0.897 (2.311%)
  maximum number of reductions reached, breaking from loop
positioning took 0.5 minutes
Iteration 3 =========================================
n_averages=0, current_sigma=0.25
Freezing midline and others
Ripping frozen voxels
INFO: rip surface needed but not specified, so using input surface
Freezing midline and others
Entering: MRISripMidline(): inhibiting deformation at non-cortical midline structures...
  which=1, fix_mtl=0, using annot = 0
#FML0# MRISripMidline(): nripped=7370
removing 2 vertices from ripped group in thread:0
removing 3 vertices from ripped group in thread:0
removing 2 vertices from ripped group in thread:0
removing 3 vertices from ripped group in thread:0
removing 3 vertices from ripped group in thread:0
removing 2 vertices from ripped group in thread:0
#FML# MRISripMidline(): nmarked=7425, nmarked2=4, nripped=7425
Ripping segs (eg, WMSA, BG, frozen)
Starting MRISripSegs() d = (-2 2 0.5) segnos: 247 247 247 247 247 
MRISripSegs(): -2 2 0.5 ripped 0
Computing target border values 
Entering MRIScomputeBorderValues_new(): 
  inside_hi   = 120.0000000;
  border_hi   = 110.5923390;
  border_low  =  67.0000000;
  outside_low =  55.4882470;
  outside_hi  = 110.5923390;
  sigma = 0.25;
  max_thickness = 10;
  step_size=0.5;
  STEP_SIZE=0.1;
  which = 1
  thresh = 0
  flags = 0
  CBVfindFirstPeakD1=0
  CBVfindFirstPeakD2=0
  nvertices=153694
  Gdiag_no=-1
  vno start=0, stop=153694
Replacing 255s with 0s
#SI# sigma=0.25 had to be increased for 247 vertices, nripped=7425
mean border=87.1, 139 (7) missing vertices, mean dist -0.1 [0.3 (%58.1)->0.2 (%41.9))]
%84 local maxima, %11 large gradients and % 0 min vals, 0 gradients ignored
nFirstPeakD1 0
MRIScomputeBorderValues_new() finished in 0.0036 min


Finding expansion regions
mean absolute distance = 0.26 +- 0.42
4643 vertices more than 2 sigmas from mean.
Averaging target values for 5 iterations...
Positioning Surface: tspring = 0.3, nspring = 0.3, spring = 0, niters = 100 l_repulse = 5, l_surf_repulse = 0, checktol = 0
Positioning pial surface
Entering MRISpositionSurface()
  max_mm = 0.3
  MAX_REDUCTIONS = 2, REDUCTION_PCT = 0.5
  parms->check_tol = 0, niterations = 100
tol=1.0e-04, sigma=0.2, host=dna07, nav=0, nbrs=2, l_repulse=5.000, l_tspring=0.300, l_nspring=0.300, l_intensity=0.200, l_curv=1.000
mom=0.00, dt=0.50
000: dt: 0.0000, sse=321621.6, rms=1.777
033: dt: 0.5000, sse=301814.8, rms=1.561 (12.203%)
rms = 1.7874/1.5606, sse=324455.7/301814.9, time step reduction 1 of 3 to 0.250  0 1 1
   RMS increased, rejecting step
034: dt: 0.2500, sse=262533.7, rms=1.038 (33.498%)
035: dt: 0.2500, sse=250771.2, rms=0.922 (11.138%)
rms = 0.8530/0.9222, sse=270744.1/250771.2, time step reduction 2 of 3 to 0.125  0 1 0
036: dt: 0.2500, sse=270744.1, rms=0.853 (7.509%)
037: dt: 0.1250, sse=241225.0, rms=0.742 (12.978%)
rms = 0.7104/0.7423, sse=238693.4/241225.0, time step reduction 3 of 3 to 0.062  0 0 1
038: dt: 0.1250, sse=238693.4, rms=0.710 (4.295%)
  maximum number of reductions reached, breaking from loop
positioning took 0.5 minutes


Writing output to ../surf/rh.white.preaparc
#ET# mris_place_surface  2.93 minutes
#VMPC# mris_place_surfaces VmPeak  3361552
mris_place_surface done
#--------------------------------------------
#@# CortexLabel rh Sun Mar  8 21:11:48 CET 2026
cd /out/sourcedata/freesurfer/sub-v1s14x0051579_ses-1/mri
mri_label2label --label-cortex ../surf/rh.white.preaparc aseg.presurf.mgz 0 ../label/rh.cortex.label

 Generating cortex label... RemoveHipAmgy=0
 NucAccIsMedialWall=0
 mris->useRealRAS=0
7 non-cortical segments detected
only using segment with 9502 vertices
erasing segment 0 (vno[0] = 31202)
erasing segment 2 (vno[0] = 47892)
erasing segment 3 (vno[0] = 90437)
erasing segment 4 (vno[0] = 90512)
erasing segment 5 (vno[0] = 94139)
erasing segment 6 (vno[0] = 94826)
#--------------------------------------------
#@# CortexLabel+HipAmyg rh Sun Mar  8 21:11:58 CET 2026
cd /out/sourcedata/freesurfer/sub-v1s14x0051579_ses-1/mri
mri_label2label --label-cortex ../surf/rh.white.preaparc aseg.presurf.mgz 1 ../label/rh.cortex+hipamyg.label

 Generating cortex label... RemoveHipAmgy=1
 NucAccIsMedialWall=0
 mris->useRealRAS=0
8 non-cortical segments detected
only using segment with 7376 vertices
erasing segment 0 (vno[0] = 31202)
erasing segment 2 (vno[0] = 47892)
erasing segment 3 (vno[0] = 64785)
erasing segment 4 (vno[0] = 77133)
erasing segment 5 (vno[0] = 90437)
erasing segment 6 (vno[0] = 90512)
erasing segment 7 (vno[0] = 94826)
#--------------------------------------------
#@# Smooth2 rh Sun Mar  8 21:12:09 CET 2026
/out/sourcedata/freesurfer/sub-v1s14x0051579_ses-1/scripts

 mris_smooth -n 3 -nw -seed 1234 ../surf/rh.white.preaparc ../surf/rh.smoothwm 

smoothing for 3 iterations
setting seed for random number generator to 1234
smoothing surface tessellation for 3 iterations...
smoothing complete - recomputing first and second fundamental forms...
#--------------------------------------------
#@# Inflation2 rh Sun Mar  8 21:12:11 CET 2026
/out/sourcedata/freesurfer/sub-v1s14x0051579_ses-1/scripts

 mris_inflate ../surf/rh.smoothwm ../surf/rh.inflated 

Reading ../surf/rh.smoothwm
avg radius = 48.0 mm, total surface area = 92971 mm^2
step 000: RMS=0.166 (target=0.015)   step 005: RMS=0.114 (target=0.015)   step 010: RMS=0.085 (target=0.015)   step 015: RMS=0.070 (target=0.015)   step 020: RMS=0.058 (target=0.015)   step 025: RMS=0.048 (target=0.015)   step 030: RMS=0.040 (target=0.015)   step 035: RMS=0.034 (target=0.015)   step 040: RMS=0.028 (target=0.015)   step 045: RMS=0.025 (target=0.015)   step 050: RMS=0.023 (target=0.015)   step 055: RMS=0.021 (target=0.015)   step 060: RMS=0.020 (target=0.015)   writing inflated surface to ../surf/rh.inflated
writing sulcal depths to ../surf/rh.sulc

inflation complete.
inflation took 0.2 minutes
mris_inflate utimesec    44.535422
mris_inflate stimesec    1.730343
mris_inflate ru_maxrss   236816
mris_inflate ru_ixrss    0
mris_inflate ru_idrss    0
mris_inflate ru_isrss    0
mris_inflate ru_minflt   542612
mris_inflate ru_majflt   9
mris_inflate ru_nswap    0
mris_inflate ru_inblock  0
mris_inflate ru_oublock  12024
mris_inflate ru_msgsnd   0
mris_inflate ru_msgrcv   0
mris_inflate ru_nsignals 0
mris_inflate ru_nvcsw    5179
mris_inflate ru_nivcsw   288
#--------------------------------------------
#@# Curv .H and .K rh Sun Mar  8 21:12:20 CET 2026
/out/sourcedata/freesurfer/sub-v1s14x0051579_ses-1/surf

 mris_curvature -w -seed 1234 rh.white.preaparc 

setting seed for random number generator to 1234
total integrated curvature = 24.770*4pi (311.274) --> -24 handles
ICI = 161.2, FI = 1539.3, variation=24364.907
writing Gaussian curvature to ./rh.white.preaparc.K...done.
writing mean curvature to ./rh.white.preaparc.H...done.
rm -f rh.white.H
ln -s rh.white.preaparc.H rh.white.H
rm -f rh.white.K
ln -s rh.white.preaparc.K rh.white.K

 mris_curvature -seed 1234 -thresh .999 -n -a 5 -w -distances 10 10 rh.inflated 

setting seed for random number generator to 1234
normalizing curvature values.
averaging curvature patterns 5 times.
sampling 10 neighbors out to a distance of 10 mm
214 vertices thresholded to be in k1 ~ [-1.96 0.43], k2 ~ [-0.09 0.10]
total integrated curvature = 0.519*4pi (6.523) --> 0 handles
ICI = 1.5, FI = 10.2, variation=171.353
157 vertices thresholded to be in [-0.04 0.01]
writing Gaussian curvature to ./rh.inflated.K...thresholding curvature at 99.90% level
curvature mean = 0.000, std = 0.001
114 vertices thresholded to be in [-0.44 0.22]
done.
writing mean curvature to ./rh.inflated.H...curvature mean = -0.015, std = 0.024
done.
#--------------------------------------------
#@# Sphere rh Sun Mar  8 21:13:01 CET 2026
/out/sourcedata/freesurfer/sub-v1s14x0051579_ses-1/scripts

 mris_sphere -seed 1234 ../surf/rh.inflated ../surf/rh.sphere 

setting seed for random number genererator to 1234
version: 7.3.2
available threads: 16
reading original vertex positions...
projecting onto sphere...
surface projected - minimizing metric distortion...
scaling brain by 0.290...
MRISunfold() max_passes = 1 -------
tol=5.0e-01, sigma=0.0, host=dna07, nav=1024, nbrs=2, l_area=1.000, l_dist=1.000
using quadratic fit line minimization
complete_dist_mat 0
rms 0
smooth_averages 0
remove_neg 0
ico_order 0
which_surface 0
target_radius 0.000000
nfields 0
scale 1.000000
desired_rms_height -1.000000
momentum 0.900000
nbhd_size 7
max_nbrs 8
niterations 25
nsurfaces 0
SURFACES 3
flags 0 (0)
use curv 0
no sulc 0
no rigid align 0
mris->nsize 2
mris->hemisphere 1
randomSeed 1234

singular matrix in quadratic form
singular matrix in quadratic form
singular matrix in quadratic form
--------------------
  mrisRemoveNegativeArea()
pass 1: epoch 1 of 3 starting distance error %19.18
pass 1: epoch 2 of 3 starting distance error %19.13
unfolding complete - removing small folds...
starting distance error %19.04
removing remaining folds...
final distance error %19.07
MRISunfold() return, current seed 1234
-01: dt=0.0000,  10 negative triangles  VmPeak 2295092
184: dt=0.9900,  10 negative triangles
185: dt=0.9900,   3 negative triangles
writing spherical brain to ../surf/rh.sphere
spherical transformation took 0.0391 hours
FSRUNTIME@ mris_sphere  0.0391 hours 16 threads
#VMPC# mris_sphere VmPeak  2295092
mris_sphere done
#--------------------------------------------
#@# Surf Reg rh Sun Mar  8 21:15:21 CET 2026
/out/sourcedata/freesurfer/sub-v1s14x0051579_ses-1/scripts

 mris_register -curv ../surf/rh.sphere /opt/freesurfer/average/rh.folding.atlas.acfb40.noaparc.i12.2016-08-02.tif ../surf/rh.sphere.reg 

using smoothwm curvature for final alignment

cwd /out/sourcedata/freesurfer/sub-v1s14x0051579_ses-1/scripts
cmdline mris_register -curv ../surf/rh.sphere /opt/freesurfer/average/rh.folding.atlas.acfb40.noaparc.i12.2016-08-02.tif ../surf/rh.sphere.reg 

0 inflated.H
1 sulc
2 smoothwm (computed)
7.3.2
  7.3.2
reading surface from ../surf/rh.sphere...
reading template parameterization from /opt/freesurfer/average/rh.folding.atlas.acfb40.noaparc.i12.2016-08-02.tif...
MRISregister() -------
max_passes = 4 
min_degrees = 0.500000 
max_degrees = 64.000000 
nangles = 8 
tol=5.0e-01, sigma=0.0, host=dna07, nav=1024, nbrs=1, l_extern=10000.000, l_parea=0.200, l_nlarea=1.000, l_corr=1.000, l_dist=5.000
using quadratic fit line minimization
complete_dist_mat 0
rms 0
smooth_averages 0
remove_neg 0
ico_order 0
which_surface 0
target_radius 0.000000
nfields 0
scale 0.000000
desired_rms_height -1.000000
momentum 0.950000
nbhd_size -10
max_nbrs 10
niterations 25
nsurfaces 0
SURFACES 3
flags 16 (10)
use curv 16
no sulc 0
no rigid align 0
mris->nsize 1
mris->hemisphere 1
randomSeed 0

tol=5.0e-01, sigma=0.0, host=dna07, nav=1024, nbrs=1, l_extern=10000.000, l_parea=0.200, l_nlarea=1.000, l_corr=1.000, l_dist=5.000
using quadratic fit line minimization
--------------------
1 Reading rh.sulc
tol=1.0e+00, sigma=0.5, host=dna07, nav=1024, nbrs=1, l_extern=10000.000, l_parea=0.200, l_nlarea=1.000, l_corr=0.050, l_spring=0.500, l_dist=5.000
using quadratic fit line minimization
curvature mean = 0.000, std = 5.566
curvature mean = 0.041, std = 0.817
curvature mean = 0.010, std = 0.851
Starting MRISrigidBodyAlignGlobal()
Starting new MRISrigidBodyAlignGlobal_findMinSSE()
  new MRISrigidBodyAlignGlobal_findMinSSE min @ (14.00, -7.00, -2.00) sse = 313964.4, elapsed since starting=0.0563 min
MRISrigidBodyAlignGlobal() done   0.06 min
curvature mean = 0.015, std = 0.822
curvature mean = 0.002, std = 0.943
curvature mean = 0.010, std = 0.830
curvature mean = 0.001, std = 0.977
curvature mean = 0.007, std = 0.830
curvature mean = -0.000, std = 0.990
2 Reading smoothwm
curvature mean = -0.017, std = 0.252
curvature mean = 0.040, std = 0.245
curvature mean = 0.039, std = 0.387
curvature mean = 0.035, std = 0.300
curvature mean = 0.025, std = 0.595
curvature mean = 0.035, std = 0.327
curvature mean = 0.014, std = 0.744
curvature mean = 0.035, std = 0.339
curvature mean = 0.004, std = 0.848
MRISregister() return, current seed 0
-01: dt=0.0000,  52 negative triangles  VmPeak 1960852
115: dt=0.9900,  52 negative triangles
116: dt=0.9900,  48 negative triangles
117: dt=0.9900,  39 negative triangles
118: dt=0.9900,  43 negative triangles
119: dt=0.9900,  42 negative triangles
120: dt=0.9900,  41 negative triangles
121: dt=0.9900,  44 negative triangles
122: dt=0.9900,  43 negative triangles
123: dt=0.9900,  41 negative triangles
124: dt=0.9900,  48 negative triangles
125: dt=0.9900,  45 negative triangles
126: dt=0.9900,  45 negative triangles
127: dt=0.9405,  43 negative triangles
128: dt=0.9405,  44 negative triangles
129: dt=0.9405,  41 negative triangles
130: dt=0.9405,  44 negative triangles
131: dt=0.9405,  43 negative triangles
132: dt=0.9405,  43 negative triangles
133: dt=0.9405,  45 negative triangles
134: dt=0.9405,  43 negative triangles
135: dt=0.9405,  44 negative triangles
136: dt=0.9405,  45 negative triangles
137: dt=0.8935,  43 negative triangles
138: dt=0.8935,  45 negative triangles
139: dt=0.8935,  48 negative triangles
140: dt=0.8935,  47 negative triangles
141: dt=0.8935,  47 negative triangles
142: dt=0.8935,  44 negative triangles
143: dt=0.8935,  43 negative triangles
144: dt=0.8935,  42 negative triangles
145: dt=0.8935,  40 negative triangles
146: dt=0.8935,  44 negative triangles
147: dt=0.8488,  41 negative triangles
148: dt=0.8488,  44 negative triangles
149: dt=0.8488,  40 negative triangles
150: dt=0.8488,  41 negative triangles
151: dt=0.8488,  40 negative triangles
152: dt=0.8488,  37 negative triangles
153: dt=0.8488,  42 negative triangles
154: dt=0.8488,  42 negative triangles
155: dt=0.8488,  39 negative triangles
156: dt=0.8488,  41 negative triangles
157: dt=0.8488,  43 negative triangles
158: dt=0.8488,  40 negative triangles
159: dt=0.8488,  39 negative triangles
160: dt=0.8488,  41 negative triangles
161: dt=0.8488,  40 negative triangles
162: dt=0.8488,  36 negative triangles
163: dt=0.8488,  39 negative triangles
164: dt=0.8488,  35 negative triangles
165: dt=0.8488,  37 negative triangles
166: dt=0.8488,  39 negative triangles
167: dt=0.8488,  37 negative triangles
168: dt=0.8488,  30 negative triangles
169: dt=0.8488,  34 negative triangles
170: dt=0.8488,  36 negative triangles
171: dt=0.8488,  34 negative triangles
172: dt=0.8488,  31 negative triangles
173: dt=0.8488,  33 negative triangles
174: dt=0.8488,  35 negative triangles
175: dt=0.8488,  37 negative triangles
176: dt=0.8488,  31 negative triangles
177: dt=0.8488,  32 negative triangles
178: dt=0.8064,  33 negative triangles
179: dt=0.8064,  27 negative triangles
180: dt=0.8064,  29 negative triangles
181: dt=0.8064,  29 negative triangles
182: dt=0.8064,  29 negative triangles
183: dt=0.8064,  24 negative triangles
184: dt=0.8064,  21 negative triangles
185: dt=0.8064,  28 negative triangles
186: dt=0.8064,  26 negative triangles
187: dt=0.8064,  25 negative triangles
188: dt=0.8064,  27 negative triangles
189: dt=0.8064,  21 negative triangles
190: dt=0.8064,  22 negative triangles
191: dt=0.8064,  22 negative triangles
192: dt=0.8064,  17 negative triangles
193: dt=0.8064,  20 negative triangles
194: dt=0.8064,  20 negative triangles
195: dt=0.8064,  14 negative triangles
196: dt=0.8064,  16 negative triangles
197: dt=0.8064,   9 negative triangles
198: dt=0.8064,  11 negative triangles
199: dt=0.8064,  13 negative triangles
200: dt=0.8064,  11 negative triangles
201: dt=0.8064,   5 negative triangles
202: dt=0.8064,   7 negative triangles
203: dt=0.8064,   4 negative triangles
204: dt=0.8064,   4 negative triangles
205: dt=0.8064,   4 negative triangles
206: dt=0.8064,   5 negative triangles
207: dt=0.8064,   3 negative triangles
208: dt=0.8064,   2 negative triangles
writing registered surface to ../surf/rh.sphere.reg...
registration took 0.05 hours
#VMPC# mris_register VmPeak  1960852
FSRUNTIME@ mris_register  0.0517 hours 16 threads

 ln -sf rh.sphere.reg rh.fsaverage.sphere.reg 

#--------------------------------------------
#@# Jacobian white rh Sun Mar  8 21:18:27 CET 2026
/out/sourcedata/freesurfer/sub-v1s14x0051579_ses-1/scripts

 mris_jacobian ../surf/rh.white.preaparc ../surf/rh.sphere.reg ../surf/rh.jacobian_white 

reading surface from ../surf/rh.white.preaparc...
writing curvature file ../surf/rh.jacobian_white
#--------------------------------------------
#@# AvgCurv rh Sun Mar  8 21:18:28 CET 2026
/out/sourcedata/freesurfer/sub-v1s14x0051579_ses-1/scripts

 mrisp_paint -a 5 /opt/freesurfer/average/rh.folding.atlas.acfb40.noaparc.i12.2016-08-02.tif#6 ../surf/rh.sphere.reg ../surf/rh.avg_curv 

averaging curvature patterns 5 times...
reading surface from ../surf/rh.sphere.reg...
reading template parameterization from /opt/freesurfer/average/rh.folding.atlas.acfb40.noaparc.i12.2016-08-02.tif...
writing curvature file to ../surf/rh.avg_curv...
#-----------------------------------------
#@# Cortical Parc rh Sun Mar  8 21:18:29 CET 2026
/out/sourcedata/freesurfer/sub-v1s14x0051579_ses-1/scripts

 mris_ca_label -l ../label/rh.cortex.label -aseg ../mri/aseg.presurf.mgz -seed 1234 sub-v1s14x0051579_ses-1 rh ../surf/rh.sphere.reg /opt/freesurfer/average/rh.DKaparc.atlas.acfb40.noaparc.i12.2016-08-02.gcs ../label/rh.aparc.annot 

setting seed for random number generator to 1234
using ../mri/aseg.presurf.mgz aseg volume to correct midline
7.3.2
  7.3.2
reading atlas from /opt/freesurfer/average/rh.DKaparc.atlas.acfb40.noaparc.i12.2016-08-02.gcs...
reading color table from GCSA file....
average std = 0.7   using min determinant for regularization = 0.004
0 singular and 309 ill-conditioned covariance matrices regularized
input 0: MEAN CURVATURE, flags 0, avgs 5, name mean_curvature
labeling surface...
1173 labels changed using aseg
relabeling using gibbs priors...
000:   3116 changed, 153694 examined...
001:    762 changed, 13301 examined...
002:    163 changed, 4327 examined...
003:     57 changed, 1001 examined...
004:     27 changed, 344 examined...
005:     10 changed, 161 examined...
006:      7 changed, 56 examined...
007:      8 changed, 43 examined...
008:      1 changed, 44 examined...
009:      0 changed, 6 examined...
193 labels changed using aseg
000: 89 total segments, 45 labels (137 vertices) changed
001: 45 total segments, 1 labels (2 vertices) changed
002: 44 total segments, 0 labels (0 vertices) changed
10 filter iterations complete (10 requested, 7 changed)
rationalizing unknown annotations with cortex label
relabeling unknown label...
relabeling corpuscallosum label...
1752 vertices marked for relabeling...
1752 labels changed in reclassification.
writing output to ../label/rh.aparc.annot...
classification took 0 minutes and 7 seconds.
#--------------------------------------------
#@# WhiteSurfs rh Sun Mar  8 21:18:36 CET 2026
cd /out/sourcedata/freesurfer/sub-v1s14x0051579_ses-1/mri
mris_place_surface --adgws-in ../surf/autodet.gw.stats.rh.dat --seg aseg.presurf.mgz --threads 16 --wm wm.mgz --invol brain.finalsurfs.mgz --rh --i ../surf/rh.white.preaparc --o ../surf/rh.white --white --nsmooth 0 --rip-label ../label/rh.cortex.label --rip-bg --rip-surf ../surf/rh.white.preaparc --aparc ../label/rh.aparc.annot
7.3.2
7.3.2

cd /out/sourcedata/freesurfer/sub-v1s14x0051579_ses-1/mri
setenv SUBJECTS_DIR /out/sourcedata/freesurfer
mris_place_surface --adgws-in ../surf/autodet.gw.stats.rh.dat --seg aseg.presurf.mgz --threads 16 --wm wm.mgz --invol brain.finalsurfs.mgz --rh --i ../surf/rh.white.preaparc --o ../surf/rh.white --white --nsmooth 0 --rip-label ../label/rh.cortex.label --rip-bg --rip-surf ../surf/rh.white.preaparc --aparc ../label/rh.aparc.annot 

Reading in input surface ../surf/rh.white.preaparc
Not smoothing input surface
Area    307384  0.33040  0.11177 0.001378   1.7711
Corner  922152 60.00000 13.48424 0.491510 176.8529
Edge    461076  0.88356  0.18715 0.016009   3.2754
Hinge   461076  9.45043 10.74093 0.000030 179.8605
Reading in aparc ../label/rh.aparc.annot
Reading in input volume brain.finalsurfs.mgz
Reading in wm volume wm.mgz
MRIclipBrightWM(): nthresh=21700, wmmin=5, clip=110 
MRIfindBrightNonWM(): 1148 bright non-wm voxels segmented.
Masking bright non-wm for white surface
MRImask(): AllowDiffGeom = 1
MRImask(): AllowDiffGeom = 1
Reading in seg volume aseg.presurf.mgz
Ripping frozen voxels
Ripping vertices not in label ../label/rh.cortex.label
MRISripNotLabel() ripped 9806/153694 vertices (143888 unripped)
Reading in ripping surface ../surf/rh.white.preaparc
Reading in aparc ../label/rh.aparc.annot for ripsurf
Ripping BG
MRISripBasalGanglia(): 1 -2 2 0.5 ripped 295
Ripping segs (eg, WMSA, BG, frozen)
Starting MRISripSegs() d = (-2 2 0.5) segnos: 247 
MRISripSegs(): -2 2 0.5 ripped 0
vertex 76847: xyz = (45.4655,11.5733,-18.4537) oxyz = (45.4655,11.5733,-18.4537) wxzy = (45.4655,11.5733,-18.4537) pxyz = (0,0,0) 
CBVO Creating mask 153694
n_averages 4
Iteration 0 =========================================
n_averages=4, current_sigma=2
Computing target border values 
Entering MRIScomputeBorderValues_new(): 
  inside_hi   = 120.0000000;
  border_hi   = 110.5923390;
  border_low  =  67.0000000;
  outside_low =  55.4882470;
  outside_hi  = 110.5923390;
  sigma = 2;
  max_thickness = 10;
  step_size=0.5;
  STEP_SIZE=0.1;
  which = 1
  thresh = 0
  flags = 0
  CBVfindFirstPeakD1=0
  CBVfindFirstPeakD2=0
  nvertices=153694
  Gdiag_no=-1
  vno start=0, stop=153694
Replacing 255s with 0s
#SI# sigma=2 had to be increased for 147 vertices, nripped=10101
mean border=81.6, 141 (141) missing vertices, mean dist 0.4 [0.7 (%20.8)->0.7 (%79.2))]
%62 local maxima, %31 large gradients and % 0 min vals, 0 gradients ignored
nFirstPeakD1 0
MRIScomputeBorderValues_new() finished in 0.0132 min


Finding expansion regions
mean absolute distance = 0.69 +- 0.96
2816 vertices more than 2 sigmas from mean.
Averaging target values for 5 iterations...
Positioning Surface: tspring = 0.3, nspring = 0.3, spring = 0, niters = 100 l_repulse = 5, l_surf_repulse = 0, checktol = 0
Positioning pial surface
Entering MRISpositionSurface()
  max_mm = 0.3
  MAX_REDUCTIONS = 2, REDUCTION_PCT = 0.5
  parms->check_tol = 0, niterations = 100
tol=1.0e-04, sigma=2.0, host=dna07, nav=4, nbrs=2, l_repulse=5.000, l_tspring=0.300, l_nspring=0.300, l_intensity=0.200, l_curv=1.000
mom=0.00, dt=0.50
complete_dist_mat 0
rms 0
smooth_averages 0
remove_neg 0
ico_order 0
which_surface 0
target_radius 0.000000
nfields 0
scale 0.000000
desired_rms_height 0.000000
momentum 0.000000
nbhd_size 0
max_nbrs 0
niterations 100
nsurfaces 0
SURFACES 3
flags 0 (0)
use curv 0
no sulc 0
no rigid align 0
mris->nsize 2
mris->hemisphere 1
randomSeed 0

000: dt: 0.0000, sse=1976466.9, rms=7.832
001: dt: 0.5000, sse=887236.5, rms=4.855 (38.011%)
002: dt: 0.5000, sse=550312.3, rms=3.434 (29.266%)
003: dt: 0.5000, sse=458375.7, rms=2.936 (14.504%)
004: dt: 0.5000, sse=424904.8, rms=2.722 (7.293%)
rms = 2.7137/2.7218, sse=423345.5/424904.8, time step reduction 1 of 3 to 0.250  0 0 1
005: dt: 0.5000, sse=423345.5, rms=2.714 (0.298%)
006: dt: 0.2500, sse=279865.4, rms=1.509 (44.408%)
007: dt: 0.2500, sse=262831.0, rms=1.279 (15.212%)
008: dt: 0.2500, sse=257814.9, rms=1.207 (5.620%)
009: dt: 0.2500, sse=254486.3, rms=1.150 (4.751%)
rms = 1.1315/1.1499, sse=253536.9/254486.3, time step reduction 2 of 3 to 0.125  0 0 1
010: dt: 0.2500, sse=253536.9, rms=1.132 (1.593%)
rms = 1.0832/1.1315, sse=251345.1/253536.9, time step reduction 3 of 3 to 0.062  0 0 1
011: dt: 0.1250, sse=251345.1, rms=1.083 (4.274%)
  maximum number of reductions reached, breaking from loop
positioning took 0.8 minutes
Iteration 1 =========================================
n_averages=2, current_sigma=1
Computing target border values 
Entering MRIScomputeBorderValues_new(): 
  inside_hi   = 120.0000000;
  border_hi   = 110.5923390;
  border_low  =  67.0000000;
  outside_low =  55.4882470;
  outside_hi  = 110.5923390;
  sigma = 1;
  max_thickness = 10;
  step_size=0.5;
  STEP_SIZE=0.1;
  which = 1
  thresh = 0
  flags = 0
  CBVfindFirstPeakD1=0
  CBVfindFirstPeakD2=0
  nvertices=153694
  Gdiag_no=-1
  vno start=0, stop=153694
Replacing 255s with 0s
#SI# sigma=1 had to be increased for 105 vertices, nripped=10101
mean border=84.0, 90 (37) missing vertices, mean dist -0.3 [0.5 (%64.1)->0.2 (%35.9))]
%68 local maxima, %25 large gradients and % 0 min vals, 0 gradients ignored
nFirstPeakD1 0
MRIScomputeBorderValues_new() finished in 0.0103 min


Finding expansion regions
mean absolute distance = 0.43 +- 0.77
4645 vertices more than 2 sigmas from mean.
Averaging target values for 5 iterations...
Positioning Surface: tspring = 0.3, nspring = 0.3, spring = 0, niters = 100 l_repulse = 5, l_surf_repulse = 0, checktol = 0
Positioning pial surface
Entering MRISpositionSurface()
  max_mm = 0.3
  MAX_REDUCTIONS = 2, REDUCTION_PCT = 0.5
  parms->check_tol = 0, niterations = 100
tol=1.0e-04, sigma=1.0, host=dna07, nav=2, nbrs=2, l_repulse=5.000, l_tspring=0.300, l_nspring=0.300, l_intensity=0.200, l_curv=1.000
mom=0.00, dt=0.50
000: dt: 0.0000, sse=845771.2, rms=4.603
012: dt: 0.5000, sse=518532.3, rms=3.107 (32.487%)
013: dt: 0.5000, sse=447625.0, rms=2.695 (13.273%)
014: dt: 0.5000, sse=434515.0, rms=2.622 (2.712%)
rms = 2.6342/2.6218, sse=434852.2/434515.0, time step reduction 1 of 3 to 0.250  0 1 1
   RMS increased, rejecting step
015: dt: 0.2500, sse=331371.7, rms=1.816 (30.724%)
016: dt: 0.2500, sse=287522.1, rms=1.324 (27.120%)
017: dt: 0.2500, sse=274851.1, rms=1.143 (13.628%)
018: dt: 0.2500, sse=269794.9, rms=1.060 (7.325%)
019: dt: 0.2500, sse=269122.9, rms=1.002 (5.460%)
rms = 0.9859/1.0017, sse=269770.4/269122.9, time step reduction 2 of 3 to 0.125  0 1 1
020: dt: 0.2500, sse=269770.4, rms=0.986 (1.576%)
rms = 0.9391/0.9859, sse=266599.0/269770.4, time step reduction 3 of 3 to 0.062  0 0 1
021: dt: 0.1250, sse=266599.0, rms=0.939 (4.750%)
  maximum number of reductions reached, breaking from loop
positioning took 0.7 minutes
Iteration 2 =========================================
n_averages=1, current_sigma=0.5
Computing target border values 
Entering MRIScomputeBorderValues_new(): 
  inside_hi   = 120.0000000;
  border_hi   = 110.5923390;
  border_low  =  67.0000000;
  outside_low =  55.4882470;
  outside_hi  = 110.5923390;
  sigma = 0.5;
  max_thickness = 10;
  step_size=0.5;
  STEP_SIZE=0.1;
  which = 1
  thresh = 0
  flags = 0
  CBVfindFirstPeakD1=0
  CBVfindFirstPeakD2=0
  nvertices=153694
  Gdiag_no=-1
  vno start=0, stop=153694
Replacing 255s with 0s
#SI# sigma=0.5 had to be increased for 225 vertices, nripped=10101
mean border=86.3, 91 (20) missing vertices, mean dist -0.2 [0.4 (%69.3)->0.2 (%30.7))]
%78 local maxima, %15 large gradients and % 0 min vals, 0 gradients ignored
nFirstPeakD1 0
MRIScomputeBorderValues_new() finished in 0.0057 min


Finding expansion regions
mean absolute distance = 0.34 +- 0.55
5037 vertices more than 2 sigmas from mean.
Averaging target values for 5 iterations...
Positioning Surface: tspring = 0.3, nspring = 0.3, spring = 0, niters = 100 l_repulse = 5, l_surf_repulse = 0, checktol = 0
Positioning pial surface
Entering MRISpositionSurface()
  max_mm = 0.3
  MAX_REDUCTIONS = 2, REDUCTION_PCT = 0.5
  parms->check_tol = 0, niterations = 100
tol=1.0e-04, sigma=0.5, host=dna07, nav=1, nbrs=2, l_repulse=5.000, l_tspring=0.300, l_nspring=0.300, l_intensity=0.200, l_curv=1.000
mom=0.00, dt=0.50
000: dt: 0.0000, sse=583629.2, rms=3.505
022: dt: 0.5000, sse=396766.5, rms=2.342 (33.170%)
023: dt: 0.5000, sse=376847.2, rms=2.257 (3.638%)
rms = 2.3745/2.2572, sse=402779.0/376847.2, time step reduction 1 of 3 to 0.250  0 1 1
   RMS increased, rejecting step
024: dt: 0.2500, sse=293768.0, rms=1.476 (34.613%)
025: dt: 0.2500, sse=266546.9, rms=1.046 (29.098%)
026: dt: 0.2500, sse=259311.9, rms=0.980 (6.395%)
rms = 0.9356/0.9795, sse=258344.5/259311.9, time step reduction 2 of 3 to 0.125  0 0 1
027: dt: 0.2500, sse=258344.5, rms=0.936 (4.486%)
028: dt: 0.1250, sse=254817.8, rms=0.875 (6.456%)
rms = 0.8607/0.8752, sse=254486.1/254817.9, time step reduction 3 of 3 to 0.062  0 0 1
029: dt: 0.1250, sse=254486.1, rms=0.861 (1.652%)
  maximum number of reductions reached, breaking from loop
positioning took 0.6 minutes
Iteration 3 =========================================
n_averages=0, current_sigma=0.25
Computing target border values 
Entering MRIScomputeBorderValues_new(): 
  inside_hi   = 120.0000000;
  border_hi   = 110.5923390;
  border_low  =  67.0000000;
  outside_low =  55.4882470;
  outside_hi  = 110.5923390;
  sigma = 0.25;
  max_thickness = 10;
  step_size=0.5;
  STEP_SIZE=0.1;
  which = 1
  thresh = 0
  flags = 0
  CBVfindFirstPeakD1=0
  CBVfindFirstPeakD2=0
  nvertices=153694
  Gdiag_no=-1
  vno start=0, stop=153694
Replacing 255s with 0s
#SI# sigma=0.25 had to be increased for 258 vertices, nripped=10101
mean border=87.1, 91 (11) missing vertices, mean dist -0.1 [0.3 (%58.1)->0.2 (%41.9))]
%83 local maxima, %11 large gradients and % 0 min vals, 0 gradients ignored
nFirstPeakD1 0
MRIScomputeBorderValues_new() finished in 0.0036 min


Finding expansion regions
mean absolute distance = 0.27 +- 0.42
4708 vertices more than 2 sigmas from mean.
Averaging target values for 5 iterations...
Positioning Surface: tspring = 0.3, nspring = 0.3, spring = 0, niters = 100 l_repulse = 5, l_surf_repulse = 0, checktol = 0
Positioning pial surface
Entering MRISpositionSurface()
  max_mm = 0.3
  MAX_REDUCTIONS = 2, REDUCTION_PCT = 0.5
  parms->check_tol = 0, niterations = 100
tol=1.0e-04, sigma=0.2, host=dna07, nav=0, nbrs=2, l_repulse=5.000, l_tspring=0.300, l_nspring=0.300, l_intensity=0.200, l_curv=1.000
mom=0.00, dt=0.50
000: dt: 0.0000, sse=317352.3, rms=1.766
030: dt: 0.5000, sse=309742.2, rms=1.549 (12.307%)
rms = 1.7532/1.5485, sse=317643.1/309742.2, time step reduction 1 of 3 to 0.250  0 1 1
   RMS increased, rejecting step
031: dt: 0.2500, sse=261593.1, rms=1.024 (33.896%)
032: dt: 0.2500, sse=256707.3, rms=0.920 (10.101%)
033: dt: 0.2500, sse=251836.0, rms=0.849 (7.772%)
rms = 0.8506/0.8487, sse=251383.7/251836.0, time step reduction 2 of 3 to 0.125  0 0 1
   RMS increased, rejecting step
034: dt: 0.1250, sse=248587.7, rms=0.794 (6.400%)
035: dt: 0.1250, sse=244819.3, rms=0.711 (10.451%)
rms = 0.7054/0.7114, sse=243984.5/244819.3, time step reduction 3 of 3 to 0.062  0 0 1
036: dt: 0.1250, sse=243984.5, rms=0.705 (0.837%)
  maximum number of reductions reached, breaking from loop
positioning took 0.6 minutes


Writing output to ../surf/rh.white
#ET# mris_place_surface  2.85 minutes
#VMPC# mris_place_surfaces VmPeak  3335800
mris_place_surface done
#--------------------------------------------
#@# T1PialSurf rh Sun Mar  8 21:21:32 CET 2026
cd /out/sourcedata/freesurfer/sub-v1s14x0051579_ses-1/mri
mris_place_surface --adgws-in ../surf/autodet.gw.stats.rh.dat --seg aseg.presurf.mgz --threads 16 --wm wm.mgz --invol brain.finalsurfs.mgz --rh --i ../surf/rh.white --o ../surf/rh.pial.T1 --pial --nsmooth 0 --rip-label ../label/rh.cortex+hipamyg.label --pin-medial-wall ../label/rh.cortex.label --aparc ../label/rh.aparc.annot --repulse-surf ../surf/rh.white --white-surf ../surf/rh.white
7.3.2
7.3.2

cd /out/sourcedata/freesurfer/sub-v1s14x0051579_ses-1/mri
setenv SUBJECTS_DIR /out/sourcedata/freesurfer
mris_place_surface --adgws-in ../surf/autodet.gw.stats.rh.dat --seg aseg.presurf.mgz --threads 16 --wm wm.mgz --invol brain.finalsurfs.mgz --rh --i ../surf/rh.white --o ../surf/rh.pial.T1 --pial --nsmooth 0 --rip-label ../label/rh.cortex+hipamyg.label --pin-medial-wall ../label/rh.cortex.label --aparc ../label/rh.aparc.annot --repulse-surf ../surf/rh.white --white-surf ../surf/rh.white 

Reading in input surface ../surf/rh.white
Not smoothing input surface
Area    307384  0.33211  0.12559 0.001378   2.2183
Corner  922152 60.00000 14.91706 0.495173 177.9977
Edge    461076  0.88734  0.20744 0.016009   3.6279
Hinge   461076  9.52969 10.94610 0.000031 179.8669
Reading white surface coordinates from ../surf/rh.white
Reading repulsion surface coordinates from ../surf/rh.white
Reading in aparc ../label/rh.aparc.annot
Reading in input volume brain.finalsurfs.mgz
Reading in wm volume wm.mgz
MRIclipBrightWM(): nthresh=21700, wmmin=5, clip=110 
MRIfindBrightNonWM(): 1148 bright non-wm voxels segmented.
Masking bright non-wm for pial surface mid_gray = 63.9362
MRImask(): AllowDiffGeom = 1
MRImask(): AllowDiffGeom = 1
MRImask(): AllowDiffGeom = 1
Reading in seg volume aseg.presurf.mgz
Ripping frozen voxels
Ripping vertices not in label ../label/rh.cortex+hipamyg.label
MRISripNotLabel() ripped 7729/153694 vertices (145965 unripped)
INFO: rip surface needed but not specified, so using input surface
Ripping segs (eg, WMSA, BG, frozen)
Starting MRISripSegs() d = (-2 2 0.5) segnos: 247 
MRISripSegs(): -2 2 0.5 ripped 0
vertex 76847: xyz = (45.4598,11.562,-18.4494) oxyz = (45.4598,11.562,-18.4494) wxzy = (45.4598,11.562,-18.4494) pxyz = (45.4598,11.562,-18.4494) 
CBVO Creating mask 153694
n_averages 16
Iteration 0 =========================================
n_averages=16, current_sigma=2
Computing target border values 
Entering MRIScomputeBorderValues_new(): 
  inside_hi   =  95.4076610;
  border_hi   =  55.4882470;
  border_low  =  32.4647410;
  outside_low =  10.0000000;
  outside_hi  =  49.7323680;
  sigma = 2;
  max_thickness = 10;
  step_size=0.5;
  STEP_SIZE=0.1;
  which = 2
  thresh = 0
  flags = 0
  CBVfindFirstPeakD1=0
  CBVfindFirstPeakD2=0
  nvertices=153694
  Gdiag_no=-1
  vno start=0, stop=153694
Replacing 255s with 0s
#SI# sigma=2 had to be increased for 140 vertices, nripped=7729
mean border=54.4, 154 (154) missing vertices, mean dist 1.5 [0.2 (%0.0)->2.7 (%100.0))]
%10 local maxima, %42 large gradients and %43 min vals, 0 gradients ignored
nFirstPeakD1 0
MRIScomputeBorderValues_new() finished in 0.0102 min


Averaging target values for 5 iterations...
Positioning Surface: tspring = 0.3, nspring = 0.3, spring = 0, niters = 100 l_repulse = 0, l_surf_repulse = 5, checktol = 0
Positioning pial surface
Entering MRISpositionSurface()
  max_mm = 0.3
  MAX_REDUCTIONS = 2, REDUCTION_PCT = 0.5
  parms->check_tol = 0, niterations = 100
tol=1.0e-04, sigma=2.0, host=dna07, nav=16, nbrs=2, l_surf_repulse=5.000, l_tspring=0.300, l_nspring=0.300, l_intensity=0.200, l_curv=1.000
mom=0.00, dt=0.50
complete_dist_mat 0
rms 0
smooth_averages 0
remove_neg 0
ico_order 0
which_surface 0
target_radius 0.000000
nfields 0
scale 0.000000
desired_rms_height 0.000000
momentum 0.000000
nbhd_size 0
max_nbrs 0
niterations 100
nsurfaces 0
SURFACES 3
flags 0 (0)
use curv 0
no sulc 0
no rigid align 0
mris->nsize 2
mris->hemisphere 1
randomSeed 0

000: dt: 0.0000, sse=33001962.0, rms=33.530
001: dt: 0.5000, sse=24423150.0, rms=28.811 (14.074%)
002: dt: 0.5000, sse=17849948.0, rms=24.589 (14.654%)
003: dt: 0.5000, sse=13257549.0, rms=21.144 (14.011%)
004: dt: 0.5000, sse=10253375.0, rms=18.546 (12.287%)
005: dt: 0.5000, sse=8222132.5, rms=16.559 (10.714%)
006: dt: 0.5000, sse=6595471.5, rms=14.776 (10.771%)
007: dt: 0.5000, sse=5214707.5, rms=13.071 (11.533%)
008: dt: 0.5000, sse=3997076.2, rms=11.358 (13.107%)
009: dt: 0.5000, sse=3014285.5, rms=9.758 (14.089%)
010: dt: 0.5000, sse=2230904.2, rms=8.263 (15.324%)
011: dt: 0.5000, sse=1716688.2, rms=7.111 (13.934%)
012: dt: 0.5000, sse=1385676.4, rms=6.258 (12.007%)
013: dt: 0.5000, sse=1216709.2, rms=5.772 (7.761%)
014: dt: 0.5000, sse=1091701.1, rms=5.383 (6.742%)
015: dt: 0.5000, sse=1057704.1, rms=5.270 (2.099%)
016: dt: 0.5000, sse=1008490.2, rms=5.103 (3.167%)
rms = 5.0931/5.1029, sse=1006397.0/1008490.2, time step reduction 1 of 3 to 0.250  0 0 1
017: dt: 0.5000, sse=1006396.9, rms=5.093 (0.192%)
018: dt: 0.2500, sse=735164.8, rms=4.058 (20.332%)
019: dt: 0.2500, sse=684694.2, rms=3.836 (5.466%)
rms = 3.8206/3.8358, sse=681850.6/684694.2, time step reduction 2 of 3 to 0.125  0 0 1
020: dt: 0.2500, sse=681850.6, rms=3.821 (0.397%)
021: dt: 0.1250, sse=613815.1, rms=3.497 (8.472%)
022: dt: 0.1250, sse=603840.0, rms=3.447 (1.440%)
rms = 3.4255/3.4465, sse=599785.4/603840.0, time step reduction 3 of 3 to 0.062  0 0 1
023: dt: 0.1250, sse=599785.4, rms=3.425 (0.611%)
  maximum number of reductions reached, breaking from loop
positioning took 1.5 minutes
Iteration 1 =========================================
n_averages=8, current_sigma=1
Computing target border values 
Entering MRIScomputeBorderValues_new(): 
  inside_hi   =  95.4076610;
  border_hi   =  55.4882470;
  border_low  =  32.4647410;
  outside_low =  10.0000000;
  outside_hi  =  49.7323680;
  sigma = 1;
  max_thickness = 10;
  step_size=0.5;
  STEP_SIZE=0.1;
  which = 2
  thresh = 0
  flags = 0
  CBVfindFirstPeakD1=0
  CBVfindFirstPeakD2=0
  nvertices=153694
  Gdiag_no=-1
  vno start=0, stop=153694
Replacing 255s with 0s
#SI# sigma=1 had to be increased for 11863 vertices, nripped=7729
mean border=53.5, 2440 (29) missing vertices, mean dist 0.1 [0.1 (%55.6)->0.5 (%44.4))]
%15 local maxima, %39 large gradients and %39 min vals, 0 gradients ignored
nFirstPeakD1 0
MRIScomputeBorderValues_new() finished in 0.0028 min


Averaging target values for 5 iterations...
Positioning Surface: tspring = 0.3, nspring = 0.3, spring = 0, niters = 100 l_repulse = 0, l_surf_repulse = 5, checktol = 0
Positioning pial surface
Entering MRISpositionSurface()
  max_mm = 0.3
  MAX_REDUCTIONS = 2, REDUCTION_PCT = 0.5
  parms->check_tol = 0, niterations = 100
tol=1.0e-04, sigma=1.0, host=dna07, nav=8, nbrs=2, l_surf_repulse=5.000, l_tspring=0.300, l_nspring=0.300, l_intensity=0.200, l_curv=1.000
mom=0.00, dt=0.50
000: dt: 0.0000, sse=768002.6, rms=3.969
rms = 4.5117/3.9692, sse=902056.2/768002.6, time step reduction 1 of 3 to 0.250  0 1 1
   RMS increased, rejecting step
024: dt: 0.2500, sse=704130.1, rms=3.680 (7.274%)
025: dt: 0.2500, sse=690097.4, rms=3.613 (1.827%)
rms = 3.6657/3.6133, sse=701181.9/690097.5, time step reduction 2 of 3 to 0.125  0 1 1
   RMS increased, rejecting step
026: dt: 0.1250, sse=678396.1, rms=3.556 (1.577%)
027: dt: 0.1250, sse=663682.5, rms=3.483 (2.070%)
rms = 3.4534/3.4827, sse=657893.9/663682.5, time step reduction 3 of 3 to 0.062  0 0 1
028: dt: 0.1250, sse=657893.9, rms=3.453 (0.840%)
  maximum number of reductions reached, breaking from loop
positioning took 0.4 minutes
Iteration 2 =========================================
n_averages=4, current_sigma=0.5
Computing target border values 
Entering MRIScomputeBorderValues_new(): 
  inside_hi   =  95.4076610;
  border_hi   =  55.4882470;
  border_low  =  32.4647410;
  outside_low =  10.0000000;
  outside_hi  =  49.7323680;
  sigma = 0.5;
  max_thickness = 10;
  step_size=0.5;
  STEP_SIZE=0.1;
  which = 2
  thresh = 0
  flags = 0
  CBVfindFirstPeakD1=0
  CBVfindFirstPeakD2=0
  nvertices=153694
  Gdiag_no=-1
  vno start=0, stop=153694
Replacing 255s with 0s
#SI# sigma=0.5 had to be increased for 12787 vertices, nripped=7729
mean border=53.2, 2919 (16) missing vertices, mean dist 0.1 [0.1 (%55.2)->0.4 (%44.8))]
%25 local maxima, %29 large gradients and %39 min vals, 0 gradients ignored
nFirstPeakD1 0
MRIScomputeBorderValues_new() finished in 0.0017 min


Averaging target values for 5 iterations...
Positioning Surface: tspring = 0.3, nspring = 0.3, spring = 0, niters = 100 l_repulse = 0, l_surf_repulse = 5, checktol = 0
Positioning pial surface
Entering MRISpositionSurface()
  max_mm = 0.3
  MAX_REDUCTIONS = 2, REDUCTION_PCT = 0.5
  parms->check_tol = 0, niterations = 100
tol=1.0e-04, sigma=0.5, host=dna07, nav=4, nbrs=2, l_surf_repulse=5.000, l_tspring=0.300, l_nspring=0.300, l_intensity=0.200, l_curv=1.000
mom=0.00, dt=0.50
000: dt: 0.0000, sse=695953.1, rms=3.632
rms = 4.3523/3.6316, sse=862100.8/695953.1, time step reduction 1 of 3 to 0.250  0 1 1
   RMS increased, rejecting step
029: dt: 0.2500, sse=659464.6, rms=3.454 (4.878%)
rms = 3.4855/3.4544, sse=665235.8/659464.5, time step reduction 2 of 3 to 0.125  0 1 1
   RMS increased, rejecting step
rms = 3.4304/3.4544, sse=654684.6/659464.5, time step reduction 3 of 3 to 0.062  0 0 1
030: dt: 0.1250, sse=654684.6, rms=3.430 (0.696%)
  maximum number of reductions reached, breaking from loop
positioning took 0.2 minutes
Iteration 3 =========================================
n_averages=2, current_sigma=0.25
Computing target border values 
Entering MRIScomputeBorderValues_new(): 
  inside_hi   =  95.4076610;
  border_hi   =  55.4882470;
  border_low  =  32.4647410;
  outside_low =  10.0000000;
  outside_hi  =  49.7323680;
  sigma = 0.25;
  max_thickness = 10;
  step_size=0.5;
  STEP_SIZE=0.1;
  which = 2
  thresh = 0
  flags = 0
  CBVfindFirstPeakD1=0
  CBVfindFirstPeakD2=0
  nvertices=153694
  Gdiag_no=-1
  vno start=0, stop=153694
Replacing 255s with 0s
#SI# sigma=0.25 had to be increased for 11053 vertices, nripped=7729
mean border=52.6, 5478 (16) missing vertices, mean dist 0.1 [0.1 (%52.1)->0.3 (%47.9))]
%31 local maxima, %23 large gradients and %38 min vals, 0 gradients ignored
nFirstPeakD1 0
MRIScomputeBorderValues_new() finished in 0.0011 min


Averaging target values for 5 iterations...
Positioning Surface: tspring = 0.3, nspring = 0.3, spring = 0, niters = 100 l_repulse = 0, l_surf_repulse = 5, checktol = 0
Positioning pial surface
Entering MRISpositionSurface()
  max_mm = 0.3
  MAX_REDUCTIONS = 2, REDUCTION_PCT = 0.5
  parms->check_tol = 0, niterations = 100
tol=1.0e-04, sigma=0.2, host=dna07, nav=2, nbrs=2, l_surf_repulse=5.000, l_tspring=0.300, l_nspring=0.300, l_intensity=0.200, l_curv=1.000
mom=0.00, dt=0.50
000: dt: 0.0000, sse=692622.9, rms=3.616
rms = 4.1389/3.6158, sse=808704.9/692622.9, time step reduction 1 of 3 to 0.250  0 1 1
   RMS increased, rejecting step
031: dt: 0.2500, sse=654453.9, rms=3.430 (5.140%)
032: dt: 0.2500, sse=640629.5, rms=3.365 (1.883%)
rms = 3.3920/3.3654, sse=645268.6/640629.5, time step reduction 2 of 3 to 0.125  0 1 1
   RMS increased, rejecting step
033: dt: 0.1250, sse=630512.9, rms=3.313 (1.566%)
034: dt: 0.1250, sse=615082.8, rms=3.232 (2.445%)
rms = 3.1884/3.2317, sse=606809.4/615082.8, time step reduction 3 of 3 to 0.062  0 0 1
035: dt: 0.1250, sse=606809.4, rms=3.188 (1.340%)
  maximum number of reductions reached, breaking from loop
positioning took 0.5 minutes
Pinning medial wall to white surface
removing intersecting faces
000: 8 intersecting
step 1 with no progress (num=8, old_num=8)
001: 8 intersecting
terminating search with 0 intersecting


Writing output to ../surf/rh.pial.T1
#ET# mris_place_surface  2.73 minutes
#VMPC# mris_place_surfaces VmPeak  2453176
mris_place_surface done
#@# white curv rh Sun Mar  8 21:24:20 CET 2026
cd /out/sourcedata/freesurfer/sub-v1s14x0051579_ses-1/mri
mris_place_surface --curv-map ../surf/rh.white 2 10 ../surf/rh.curv
insurf  ../surf/rh.white, nbrs 2, curvature_avgs 10
writing curvature file ../surf/rh.curv
#@# white area rh Sun Mar  8 21:24:21 CET 2026
cd /out/sourcedata/freesurfer/sub-v1s14x0051579_ses-1/mri
mris_place_surface --area-map ../surf/rh.white ../surf/rh.area
writing curvature file ../surf/rh.area
#@# pial curv rh Sun Mar  8 21:24:22 CET 2026
cd /out/sourcedata/freesurfer/sub-v1s14x0051579_ses-1/mri
mris_place_surface --curv-map ../surf/rh.pial 2 10 ../surf/rh.curv.pial
insurf  ../surf/rh.pial, nbrs 2, curvature_avgs 10
writing curvature file ../surf/rh.curv.pial
#@# pial area rh Sun Mar  8 21:24:23 CET 2026
cd /out/sourcedata/freesurfer/sub-v1s14x0051579_ses-1/mri
mris_place_surface --area-map ../surf/rh.pial ../surf/rh.area.pial
writing curvature file ../surf/rh.area.pial
#@# thickness rh Sun Mar  8 21:24:24 CET 2026
cd /out/sourcedata/freesurfer/sub-v1s14x0051579_ses-1/mri
mris_place_surface --thickness ../surf/rh.white ../surf/rh.pial 20 5 ../surf/rh.thickness
0 of 153694 vertices processed
25000 of 153694 vertices processed
50000 of 153694 vertices processed
75000 of 153694 vertices processed
100000 of 153694 vertices processed
125000 of 153694 vertices processed
150000 of 153694 vertices processed
0 of 153694 vertices processed
25000 of 153694 vertices processed
50000 of 153694 vertices processed
75000 of 153694 vertices processed
100000 of 153694 vertices processed
125000 of 153694 vertices processed
150000 of 153694 vertices processed
thickness calculation complete, 116:1187 truncations.
78627 vertices at 0 distance
134430 vertices at 1 distance
62025 vertices at 2 distance
21377 vertices at 3 distance
7235 vertices at 4 distance
2378 vertices at 5 distance
762 vertices at 6 distance
233 vertices at 7 distance
88 vertices at 8 distance
69 vertices at 9 distance
35 vertices at 10 distance
17 vertices at 11 distance
17 vertices at 12 distance
25 vertices at 13 distance
20 vertices at 14 distance
12 vertices at 15 distance
9 vertices at 16 distance
8 vertices at 17 distance
7 vertices at 18 distance
7 vertices at 19 distance
7 vertices at 20 distance
writing curvature file ../surf/rh.thickness
#@# area and vertex vol rh Sun Mar  8 21:24:45 CET 2026
cd /out/sourcedata/freesurfer/sub-v1s14x0051579_ses-1/mri
mris_place_surface --thickness ../surf/rh.white ../surf/rh.pial 20 5 ../surf/rh.thickness
/out/sourcedata/freesurfer/sub-v1s14x0051579_ses-1/surf
mris_calc -o rh.area.mid rh.area add rh.area.pial
Saving result to 'rh.area.mid' (type = MRI_CURV_FILE)                       [ ok ]
mris_calc -o rh.area.mid rh.area.mid div 2
Saving result to 'rh.area.mid' (type = MRI_CURV_FILE)                       [ ok ]
mris_convert --volume sub-v1s14x0051579_ses-1 rh /out/sourcedata/freesurfer/sub-v1s14x0051579_ses-1/surf/rh.volume
masking with /out/sourcedata/freesurfer/sub-v1s14x0051579_ses-1/label/rh.cortex.label
Total face volume 253400
Total vertex volume 253198 (mask=0)
#@# sub-v1s14x0051579_ses-1 rh 253198
 
vertexvol Done

#-----------------------------------------
#@# Curvature Stats rh Sun Mar  8 21:24:46 CET 2026
/out/sourcedata/freesurfer/sub-v1s14x0051579_ses-1/surf

 mris_curvature_stats -m --writeCurvatureFiles -G -o ../stats/rh.curv.stats -F smoothwm sub-v1s14x0051579_ses-1 rh curv sulc 

             Toggling save flag on curvature files                       [ ok ]
                 Outputting results using filestem   [ ../stats/rh.curv.stats ]
             Toggling save flag on curvature files                       [ ok ]
                                   Setting surface [ sub-v1s14x0051579_ses-1/rh.smoothwm ]
                                Reading surface...                       [ ok ]
                                   Setting texture                     [ curv ]
                                Reading texture...                       [ ok ]
                                   Setting texture                     [ sulc ]
                                Reading texture...Gb_filter = 0
                       [ ok ]
      Calculating Discrete Principal Curvatures...
      Determining geometric order for vno faces... [####################] [ ok ]
                      Determining KH curvatures... [####################] [ ok ]
                    Determining k1k2 curvatures... [####################] [ ok ]
                                   deltaViolations                      [ 266 ]
Gb_filter = 0
#-----------------------------------------
#@# Cortical Parc 2 rh Sun Mar  8 21:24:48 CET 2026
/out/sourcedata/freesurfer/sub-v1s14x0051579_ses-1/scripts

 mris_ca_label -l ../label/rh.cortex.label -aseg ../mri/aseg.presurf.mgz -seed 1234 sub-v1s14x0051579_ses-1 rh ../surf/rh.sphere.reg /opt/freesurfer/average/rh.CDaparc.atlas.acfb40.noaparc.i12.2016-08-02.gcs ../label/rh.aparc.a2009s.annot 

setting seed for random number generator to 1234
using ../mri/aseg.presurf.mgz aseg volume to correct midline
7.3.2
  7.3.2
reading atlas from /opt/freesurfer/average/rh.CDaparc.atlas.acfb40.noaparc.i12.2016-08-02.gcs...
reading color table from GCSA file....
average std = 1.4   using min determinant for regularization = 0.021
0 singular and 0 ill-conditioned covariance matrices regularized
input 0: MEAN CURVATURE, flags 0, avgs 5, name mean_curvature
labeling surface...
10 labels changed using aseg
relabeling using gibbs priors...
000:  10006 changed, 153694 examined...
001:   2156 changed, 39406 examined...
002:    625 changed, 11631 examined...
003:    274 changed, 3650 examined...
004:    123 changed, 1623 examined...
005:     70 changed, 742 examined...
006:     43 changed, 403 examined...
007:     31 changed, 241 examined...
008:     17 changed, 171 examined...
009:     13 changed, 92 examined...
010:      7 changed, 77 examined...
011:      1 changed, 39 examined...
012:      2 changed, 7 examined...
013:      2 changed, 10 examined...
014:      0 changed, 9 examined...
11 labels changed using aseg
000: 252 total segments, 163 labels (2773 vertices) changed
001: 102 total segments, 13 labels (34 vertices) changed
002: 89 total segments, 0 labels (0 vertices) changed
10 filter iterations complete (10 requested, 34 changed)
rationalizing unknown annotations with cortex label
relabeling Medial_wall label...
1151 vertices marked for relabeling...
1151 labels changed in reclassification.
writing output to ../label/rh.aparc.a2009s.annot...
classification took 0 minutes and 11 seconds.
#-----------------------------------------
#@# Cortical Parc 3 rh Sun Mar  8 21:24:59 CET 2026
/out/sourcedata/freesurfer/sub-v1s14x0051579_ses-1/scripts

 mris_ca_label -l ../label/rh.cortex.label -aseg ../mri/aseg.presurf.mgz -seed 1234 sub-v1s14x0051579_ses-1 rh ../surf/rh.sphere.reg /opt/freesurfer/average/rh.DKTaparc.atlas.acfb40.noaparc.i12.2016-08-02.gcs ../label/rh.aparc.DKTatlas.annot 

setting seed for random number generator to 1234
using ../mri/aseg.presurf.mgz aseg volume to correct midline
7.3.2
  7.3.2
reading atlas from /opt/freesurfer/average/rh.DKTaparc.atlas.acfb40.noaparc.i12.2016-08-02.gcs...
reading color table from GCSA file....
average std = 0.9   using min determinant for regularization = 0.009
0 singular and 325 ill-conditioned covariance matrices regularized
input 0: MEAN CURVATURE, flags 0, avgs 5, name mean_curvature
labeling surface...
1925 labels changed using aseg
relabeling using gibbs priors...
000:   2164 changed, 153694 examined...
001:    539 changed, 10188 examined...
002:    170 changed, 3075 examined...
003:     82 changed, 988 examined...
004:     43 changed, 452 examined...
005:     28 changed, 242 examined...
006:     17 changed, 165 examined...
007:      9 changed, 98 examined...
008:      8 changed, 51 examined...
009:      4 changed, 37 examined...
010:      6 changed, 25 examined...
011:      3 changed, 31 examined...
012:      2 changed, 21 examined...
013:      2 changed, 14 examined...
014:      2 changed, 11 examined...
015:      0 changed, 9 examined...
390 labels changed using aseg
000: 53 total segments, 20 labels (550 vertices) changed
001: 34 total segments, 1 labels (1 vertices) changed
002: 33 total segments, 0 labels (0 vertices) changed
10 filter iterations complete (10 requested, 3 changed)
rationalizing unknown annotations with cortex label
relabeling unknown label...
relabeling corpuscallosum label...
640 vertices marked for relabeling...
640 labels changed in reclassification.
writing output to ../label/rh.aparc.DKTatlas.annot...
classification took 0 minutes and 8 seconds.
#-----------------------------------------
#@# WM/GM Contrast rh Sun Mar  8 21:25:07 CET 2026
/out/sourcedata/freesurfer/sub-v1s14x0051579_ses-1/scripts

 pctsurfcon --s sub-v1s14x0051579_ses-1 --rh-only 

Log file is /out/sourcedata/freesurfer/sub-v1s14x0051579_ses-1/scripts/pctsurfcon.log
Sun Mar  8 21:25:07 CET 2026
setenv SUBJECTS_DIR /out/sourcedata/freesurfer
cd /out/sourcedata/freesurfer/sub-v1s14x0051579_ses-1/scripts
/opt/freesurfer/bin/pctsurfcon
pctsurfcon 7.3.2
Linux dna079 5.14.0-427.37.1.el9_4.x86_64 #1 SMP PREEMPT_DYNAMIC Fri Sep 13 12:41:50 EDT 2024 x86_64 x86_64 x86_64 GNU/Linux
FREESURFER_HOME /opt/freesurfer
mri_vol2surf --mov /out/sourcedata/freesurfer/sub-v1s14x0051579_ses-1/mri/rawavg.mgz --hemi rh --noreshape --interp trilinear --projdist -1 --o /out/sourcedata/freesurfer/sub-v1s14x0051579_ses-1/surf/tmp.pctsurfcon.932110/rh.wm.mgh --regheader sub-v1s14x0051579_ses-1 --cortex
srcvol = /out/sourcedata/freesurfer/sub-v1s14x0051579_ses-1/mri/rawavg.mgz
srcreg unspecified
srcregold = 0
srcwarp unspecified
surf = white
hemi = rh
ProjDist = -1
reshape = 0
interp = trilinear
float2int = round
GetProjMax = 0
INFO: float2int code = 0
Done loading volume
Computing registration from header.
  Using /out/sourcedata/freesurfer/sub-v1s14x0051579_ses-1/mri/orig.mgz as target reference.
-------- original matrix -----------
-0.99662  -0.07396   0.03588  -0.00002;
 0.04376  -0.10783   0.99321  -0.00002;
 0.06959  -0.99142  -0.11070  -0.00003;
 0.00000   0.00000   0.00000   1.00000;
-------- original matrix -----------
Loading label /out/sourcedata/freesurfer/sub-v1s14x0051579_ses-1/label/rh.cortex.label
Reading surface /out/sourcedata/freesurfer/sub-v1s14x0051579_ses-1/surf/rh.white
Done reading source surface
Mapping Source Volume onto Source Subject Surface
Projecting -1 -1 1
 1 -1 -1 -1
using old
Done mapping volume to surface
Number of source voxels hit = 89856
Masking with /out/sourcedata/freesurfer/sub-v1s14x0051579_ses-1/label/rh.cortex.label
Writing to /out/sourcedata/freesurfer/sub-v1s14x0051579_ses-1/surf/tmp.pctsurfcon.932110/rh.wm.mgh
Dim: 153694 1 1
mri_vol2surf --mov /out/sourcedata/freesurfer/sub-v1s14x0051579_ses-1/mri/rawavg.mgz --hemi rh --noreshape --interp trilinear --o /out/sourcedata/freesurfer/sub-v1s14x0051579_ses-1/surf/tmp.pctsurfcon.932110/rh.gm.mgh --projfrac 0.3 --regheader sub-v1s14x0051579_ses-1 --cortex
srcvol = /out/sourcedata/freesurfer/sub-v1s14x0051579_ses-1/mri/rawavg.mgz
srcreg unspecified
srcregold = 0
srcwarp unspecified
surf = white
hemi = rh
ProjFrac = 0.3
thickness = thickness
reshape = 0
interp = trilinear
float2int = round
GetProjMax = 0
INFO: float2int code = 0
Done loading volume
Computing registration from header.
  Using /out/sourcedata/freesurfer/sub-v1s14x0051579_ses-1/mri/orig.mgz as target reference.
-------- original matrix -----------
-0.99662  -0.07396   0.03588  -0.00002;
 0.04376  -0.10783   0.99321  -0.00002;
 0.06959  -0.99142  -0.11070  -0.00003;
 0.00000   0.00000   0.00000   1.00000;
-------- original matrix -----------
Loading label /out/sourcedata/freesurfer/sub-v1s14x0051579_ses-1/label/rh.cortex.label
Reading surface /out/sourcedata/freesurfer/sub-v1s14x0051579_ses-1/surf/rh.white
Done reading source surface
Reading thickness /out/sourcedata/freesurfer/sub-v1s14x0051579_ses-1/surf/rh.thickness
Done
Mapping Source Volume onto Source Subject Surface
Projecting 0.3 0.3 1
 1 0.3 0.3 0.3
using old
Done mapping volume to surface
Number of source voxels hit = 102481
Masking with /out/sourcedata/freesurfer/sub-v1s14x0051579_ses-1/label/rh.cortex.label
Writing to /out/sourcedata/freesurfer/sub-v1s14x0051579_ses-1/surf/tmp.pctsurfcon.932110/rh.gm.mgh
Dim: 153694 1 1
mri_concat /out/sourcedata/freesurfer/sub-v1s14x0051579_ses-1/surf/tmp.pctsurfcon.932110/rh.wm.mgh /out/sourcedata/freesurfer/sub-v1s14x0051579_ses-1/surf/tmp.pctsurfcon.932110/rh.gm.mgh --paired-diff-norm --mul 100 --o /out/sourcedata/freesurfer/sub-v1s14x0051579_ses-1/surf/rh.w-g.pct.mgh
ninputs = 2
Checking inputs
nframestot = 2
Allocing output
Done allocing
Combining pairs
nframes = 1
Multiplying by 100.000000
Writing to /out/sourcedata/freesurfer/sub-v1s14x0051579_ses-1/surf/rh.w-g.pct.mgh
mri_segstats --in /out/sourcedata/freesurfer/sub-v1s14x0051579_ses-1/surf/rh.w-g.pct.mgh --annot sub-v1s14x0051579_ses-1 rh aparc --sum /out/sourcedata/freesurfer/sub-v1s14x0051579_ses-1/stats/rh.w-g.pct.stats --snr

7.3.2
cwd 
cmdline mri_segstats --in /out/sourcedata/freesurfer/sub-v1s14x0051579_ses-1/surf/rh.w-g.pct.mgh --annot sub-v1s14x0051579_ses-1 rh aparc --sum /out/sourcedata/freesurfer/sub-v1s14x0051579_ses-1/stats/rh.w-g.pct.stats --snr 
sysname  Linux
hostname dna079
machine  x86_64
user     oesteban
whitesurfname  white
UseRobust  0
Constructing seg from annotation

Reading annotation /out/sourcedata/freesurfer/sub-v1s14x0051579_ses-1/label/rh.aparc.annot
Seg base 2000
Loading /out/sourcedata/freesurfer/sub-v1s14x0051579_ses-1/surf/rh.w-g.pct.mgh
Vertex Area is 0.664207 mm^3
Generating list of segmentation ids
Found  36 segmentations
Computing statistics for each segmentation

Reporting on  35 segmentations
Using PrintSegStat
mri_segstats done
Cleaning up

Started at Sun Mar 8 21:05:36 CET 2026 
Ended   at Sun Mar 8 21:25:09 CET 2026
#@#%# recon-all-run-time-hours 0.326
recon-all -s sub-v1s14x0051579_ses-1 finished without error at Sun Mar  8 21:25:09 CET 2026



#New# invocation of recon-all 




Sun Mar  8 21:31:47 CET 2026
cd /out/sourcedata/freesurfer/sub-v1s14x0051579_ses-1
setenv SUBJECTS_DIR /out/sourcedata/freesurfer
/opt/freesurfer/bin/recon-all -autorecon-hemi rh -nohyporelabel -rh-only -openmp 16 -subjid sub-v1s14x0051579_ses-1 -sd /out/sourcedata/freesurfer -notessellate -nosmooth1 -noinflate1 -noqsphere -nofix -nowhite -nosmooth2 -noinflate2 -nocurvHK -nocurvstats -nosphere -nosurfreg -nojacobian_white -noavgcurv -nocortparc -nopial -nocortparc2 -nocortparc3 -nopctsurfcon

subjid sub-v1s14x0051579_ses-1
setenv SUBJECTS_DIR /out/sourcedata/freesurfer
FREESURFER_HOME /opt/freesurfer
Actual FREESURFER_HOME /opt/freesurfer
build-stamp.txt: freesurfer-linux-ubuntu22_x86_64-7.3.2-20220804-6354275
Linux dna079 5.14.0-427.37.1.el9_4.x86_64 #1 SMP PREEMPT_DYNAMIC Fri Sep 13 12:41:50 EDT 2024 x86_64 x86_64 x86_64 GNU/Linux
cputime      unlimited
filesize     unlimited
datasize     unlimited
stacksize    8192 kbytes
coredumpsize 0 kbytes
memoryuse    67108864 kbytes
vmemoryuse   unlimited
descriptors  1024 
memorylocked unlimited
maxproc      2061970 
maxlocks     unlimited
maxsignal    2062029 
maxmessage   819200 
maxnice      0 
maxrtprio    0 
maxrttime    unlimited

               total        used        free      shared  buff/cache   available
Mem:           503Gi        49Gi       392Gi       9.2Gi        60Gi       441Gi
Swap:             0B          0B          0B

########################################
program versions used
7.3.2 (freesurfer-linux-ubuntu22_x86_64-7.3.2-20220804-6354275)
7.3.2

ProgramName: lta_convert  ProgramArguments: lta_convert -all-info  ProgramVersion: 7.3.2  TimeStamp: 2026/03/08-20:31:47-GMT  BuildTime: Aug  4 2022 06:17:15  BuildStamp: freesurfer-linux-ubuntu22_x86_64-7.3.2-20220804-6354275  User: oesteban  Machine: dna079  Platform: Linux  PlatformVersion: 5.14.0-427.37.1.el9_4.x86_64  CompilerName: GCC  CompilerVersion: 8.4.0
ProgramName: mri_and  ProgramArguments: mri_and -all-info  ProgramVersion: 7.3.2  TimeStamp: 2026/03/08-20:31:47-GMT  BuildTime: Aug  4 2022 06:17:15  BuildStamp: freesurfer-linux-ubuntu22_x86_64-7.3.2-20220804-6354275  User: oesteban  Machine: dna079  Platform: Linux  PlatformVersion: 5.14.0-427.37.1.el9_4.x86_64  CompilerName: GCC  CompilerVersion: 8.4.0
ProgramName: mri_annotation2label  ProgramArguments: mri_annotation2label -all-info  ProgramVersion: 7.3.2  TimeStamp: 2026/03/08-20:31:47-GMT  BuildTime: Aug  4 2022 06:17:15  BuildStamp: freesurfer-linux-ubuntu22_x86_64-7.3.2-20220804-6354275  User: oesteban  Machine: dna079  Platform: Linux  PlatformVersion: 5.14.0-427.37.1.el9_4.x86_64  CompilerName: GCC  CompilerVersion: 8.4.0
ProgramName: mri_aparc2aseg  ProgramArguments: mri_aparc2aseg -all-info  ProgramVersion: 7.3.2  TimeStamp: 2026/03/08-20:31:47-GMT  BuildTime: Aug  4 2022 06:17:15  BuildStamp: freesurfer-linux-ubuntu22_x86_64-7.3.2-20220804-6354275  User: oesteban  Machine: dna079  Platform: Linux  PlatformVersion: 5.14.0-427.37.1.el9_4.x86_64  CompilerName: GCC  CompilerVersion: 8.4.0
ProgramName: mri_surf2volseg  ProgramArguments: mri_surf2volseg -all-info  ProgramVersion: 7.3.2  TimeStamp: 2026/03/08-20:31:47-GMT  BuildTime: Aug  4 2022 06:17:15  BuildStamp: freesurfer-linux-ubuntu22_x86_64-7.3.2-20220804-6354275  User: oesteban  Machine: dna079  Platform: Linux  PlatformVersion: 5.14.0-427.37.1.el9_4.x86_64  CompilerName: GCC  CompilerVersion: 8.4.0
ProgramName: mri_binarize  ProgramArguments: mri_binarize -all-info  ProgramVersion: 7.3.2  TimeStamp: 2026/03/08-20:31:47-GMT  BuildTime: Aug  4 2022 06:17:15  BuildStamp: freesurfer-linux-ubuntu22_x86_64-7.3.2-20220804-6354275  User: oesteban  Machine: dna079  Platform: Linux  PlatformVersion: 5.14.0-427.37.1.el9_4.x86_64  CompilerName: GCC  CompilerVersion: 8.4.0
ProgramName: mri_ca_label  ProgramArguments: mri_ca_label -all-info  ProgramVersion: 7.3.2  TimeStamp: 2026/03/08-20:31:47-GMT  BuildTime: Aug  4 2022 06:17:15  BuildStamp: freesurfer-linux-ubuntu22_x86_64-7.3.2-20220804-6354275  User: oesteban  Machine: dna079  Platform: Linux  PlatformVersion: 5.14.0-427.37.1.el9_4.x86_64  CompilerName: GCC  CompilerVersion: 8.4.0
ProgramName: mri_ca_normalize  ProgramArguments: mri_ca_normalize -all-info  ProgramVersion: 7.3.2  TimeStamp: 2026/03/08-20:31:47-GMT  BuildTime: Aug  4 2022 06:17:15  BuildStamp: freesurfer-linux-ubuntu22_x86_64-7.3.2-20220804-6354275  User: oesteban  Machine: dna079  Platform: Linux  PlatformVersion: 5.14.0-427.37.1.el9_4.x86_64  CompilerName: GCC  CompilerVersion: 8.4.0
ProgramName: mri_ca_register  ProgramArguments: mri_ca_register -all-info  ProgramVersion: 7.3.2  TimeStamp: 2026/03/08-20:31:47-GMT  BuildTime: Aug  4 2022 06:17:15  BuildStamp: freesurfer-linux-ubuntu22_x86_64-7.3.2-20220804-6354275  User: oesteban  Machine: dna079  Platform: Linux  PlatformVersion: 5.14.0-427.37.1.el9_4.x86_64  CompilerName: GCC  CompilerVersion: 8.4.0
ProgramName: mri_cc  ProgramArguments: mri_cc -all-info  ProgramVersion: 7.3.2  TimeStamp: 2026/03/08-20:31:47-GMT  BuildTime: Aug  4 2022 06:17:15  BuildStamp: freesurfer-linux-ubuntu22_x86_64-7.3.2-20220804-6354275  User: oesteban  Machine: dna079  Platform: Linux  PlatformVersion: 5.14.0-427.37.1.el9_4.x86_64  CompilerName: GCC  CompilerVersion: 8.4.0
ProgramName: mri_compute_overlap  ProgramArguments: mri_compute_overlap -all-info  ProgramVersion: 7.3.2  TimeStamp: 2026/03/08-20:31:47-GMT  BuildTime: Aug  4 2022 06:17:15  BuildStamp: freesurfer-linux-ubuntu22_x86_64-7.3.2-20220804-6354275  User: oesteban  Machine: dna079  Platform: Linux  PlatformVersion: 5.14.0-427.37.1.el9_4.x86_64  CompilerName: GCC  CompilerVersion: 8.4.0
ProgramName: mri_compute_seg_overlap  ProgramArguments: mri_compute_seg_overlap -all-info  ProgramVersion: 7.3.2  TimeStamp: 2026/03/08-20:31:47-GMT  BuildTime: Aug  4 2022 06:17:15  BuildStamp: freesurfer-linux-ubuntu22_x86_64-7.3.2-20220804-6354275  User: oesteban  Machine: dna079  Platform: Linux  PlatformVersion: 5.14.0-427.37.1.el9_4.x86_64  CompilerName: GCC  CompilerVersion: 8.4.0
ProgramName: mri_concat  ProgramArguments: mri_concat -all-info  ProgramVersion: 7.3.2  TimeStamp: 2026/03/08-20:31:47-GMT  BuildTime: Aug  4 2022 06:17:15  BuildStamp: freesurfer-linux-ubuntu22_x86_64-7.3.2-20220804-6354275  User: oesteban  Machine: dna079  Platform: Linux  PlatformVersion: 5.14.0-427.37.1.el9_4.x86_64  CompilerName: GCC  CompilerVersion: 8.4.0
ProgramName: mri_concatenate_lta  ProgramArguments: mri_concatenate_lta -all-info  ProgramVersion: 7.3.2  TimeStamp: 2026/03/08-20:31:47-GMT  BuildTime: Aug  4 2022 06:17:15  BuildStamp: freesurfer-linux-ubuntu22_x86_64-7.3.2-20220804-6354275  User: oesteban  Machine: dna079  Platform: Linux  PlatformVersion: 5.14.0-427.37.1.el9_4.x86_64  CompilerName: GCC  CompilerVersion: 8.4.0
mri_convert -all-info 
ProgramName: mri_convert  ProgramArguments: mri_convert -all-info  ProgramVersion: 7.3.2  TimeStamp: 2026/03/08-20:31:47-GMT  BuildTime: Aug  4 2022 06:17:15  BuildStamp: freesurfer-linux-ubuntu22_x86_64-7.3.2-20220804-6354275  User: oesteban  Machine: dna079  Platform: Linux  PlatformVersion: 5.14.0-427.37.1.el9_4.x86_64  CompilerName: GCC  CompilerVersion: 8.4.0
ProgramName: mri_diff  ProgramArguments: mri_diff -all-info  ProgramVersion: 7.3.2  TimeStamp: 2026/03/08-20:31:47-GMT  BuildTime: Aug  4 2022 06:17:15  BuildStamp: freesurfer-linux-ubuntu22_x86_64-7.3.2-20220804-6354275  User: oesteban  Machine: dna079  Platform: Linux  PlatformVersion: 5.14.0-427.37.1.el9_4.x86_64  CompilerName: GCC  CompilerVersion: 8.4.0
ProgramName: mri_edit_wm_with_aseg  ProgramArguments: mri_edit_wm_with_aseg -all-info  ProgramVersion: 7.3.2  TimeStamp: 2026/03/08-20:31:47-GMT  BuildTime: Aug  4 2022 06:17:15  BuildStamp: freesurfer-linux-ubuntu22_x86_64-7.3.2-20220804-6354275  User: oesteban  Machine: dna079  Platform: Linux  PlatformVersion: 5.14.0-427.37.1.el9_4.x86_64  CompilerName: GCC  CompilerVersion: 8.4.0
ProgramName: mri_em_register  ProgramArguments: mri_em_register -all-info  ProgramVersion: 7.3.2  TimeStamp: 2026/03/08-20:31:47-GMT  BuildTime: Aug  4 2022 06:17:15  BuildStamp: freesurfer-linux-ubuntu22_x86_64-7.3.2-20220804-6354275  User: oesteban  Machine: dna079  Platform: Linux  PlatformVersion: 5.14.0-427.37.1.el9_4.x86_64  CompilerName: GCC  CompilerVersion: 8.4.0
ProgramName: mri_fill  ProgramArguments: mri_fill -all-info  ProgramVersion: 7.3.2  TimeStamp: 2026/03/08-20:31:47-GMT  BuildTime: Aug  4 2022 06:17:15  BuildStamp: freesurfer-linux-ubuntu22_x86_64-7.3.2-20220804-6354275  User: oesteban  Machine: dna079  Platform: Linux  PlatformVersion: 5.14.0-427.37.1.el9_4.x86_64  CompilerName: GCC  CompilerVersion: 8.4.0
ProgramName: mri_fuse_segmentations  ProgramArguments: mri_fuse_segmentations -all-info  ProgramVersion: 7.3.2  TimeStamp: 2026/03/08-20:31:47-GMT  BuildTime: Aug  4 2022 06:17:15  BuildStamp: freesurfer-linux-ubuntu22_x86_64-7.3.2-20220804-6354275  User: oesteban  Machine: dna079  Platform: Linux  PlatformVersion: 5.14.0-427.37.1.el9_4.x86_64  CompilerName: GCC  CompilerVersion: 8.4.0
ProgramName: mri_fwhm  ProgramArguments: mri_fwhm -all-info  ProgramVersion: 7.3.2  TimeStamp: 2026/03/08-20:31:47-GMT  BuildTime: Aug  4 2022 06:17:15  BuildStamp: freesurfer-linux-ubuntu22_x86_64-7.3.2-20220804-6354275  User: oesteban  Machine: dna079  Platform: Linux  PlatformVersion: 5.14.0-427.37.1.el9_4.x86_64  CompilerName: GCC  CompilerVersion: 8.4.0
ProgramName: mri_gcut  ProgramArguments: mri_gcut -all-info  ProgramVersion: 7.3.2  TimeStamp: 2026/03/08-20:31:47-GMT  BuildTime: Aug  4 2022 06:17:15  BuildStamp: freesurfer-linux-ubuntu22_x86_64-7.3.2-20220804-6354275  User: oesteban  Machine: dna079  Platform: Linux  PlatformVersion: 5.14.0-427.37.1.el9_4.x86_64  CompilerName: GCC  CompilerVersion: 8.4.0
ProgramName: mri_info  ProgramArguments: mri_info -all-info  ProgramVersion: 7.3.2  TimeStamp: 2026/03/08-20:31:47-GMT  BuildTime: Aug  4 2022 06:17:15  BuildStamp: freesurfer-linux-ubuntu22_x86_64-7.3.2-20220804-6354275  User: oesteban  Machine: dna079  Platform: Linux  PlatformVersion: 5.14.0-427.37.1.el9_4.x86_64  CompilerName: GCC  CompilerVersion: 8.4.0
ProgramName: mri_label2label  ProgramArguments: mri_label2label -all-info  ProgramVersion: 7.3.2  TimeStamp: 2026/03/08-20:31:47-GMT  BuildTime: Aug  4 2022 06:17:15  BuildStamp: freesurfer-linux-ubuntu22_x86_64-7.3.2-20220804-6354275  User: oesteban  Machine: dna079  Platform: Linux  PlatformVersion: 5.14.0-427.37.1.el9_4.x86_64  CompilerName: GCC  CompilerVersion: 8.4.0
ProgramName: mri_label2vol  ProgramArguments: mri_label2vol -all-info  ProgramVersion: 7.3.2  TimeStamp: 2026/03/08-20:31:47-GMT  BuildTime: Aug  4 2022 06:17:15  BuildStamp: freesurfer-linux-ubuntu22_x86_64-7.3.2-20220804-6354275  User: oesteban  Machine: dna079  Platform: Linux  PlatformVersion: 5.14.0-427.37.1.el9_4.x86_64  CompilerName: GCC  CompilerVersion: 8.4.0
ProgramName: mri_log_likelihood  ProgramArguments: mri_log_likelihood -all-info  ProgramVersion: 7.3.2  TimeStamp: 2026/03/08-20:31:47-GMT  BuildTime: Aug  4 2022 06:17:15  BuildStamp: freesurfer-linux-ubuntu22_x86_64-7.3.2-20220804-6354275  User: oesteban  Machine: dna079  Platform: Linux  PlatformVersion: 5.14.0-427.37.1.el9_4.x86_64  CompilerName: GCC  CompilerVersion: 8.4.0
ProgramName: mri_mask  ProgramArguments: mri_mask -all-info  ProgramVersion: 7.3.2  TimeStamp: 2026/03/08-20:31:47-GMT  BuildTime: Aug  4 2022 06:17:15  BuildStamp: freesurfer-linux-ubuntu22_x86_64-7.3.2-20220804-6354275  User: oesteban  Machine: dna079  Platform: Linux  PlatformVersion: 5.14.0-427.37.1.el9_4.x86_64  CompilerName: GCC  CompilerVersion: 8.4.0
ProgramName: mri_matrix_multiply  ProgramArguments: mri_matrix_multiply -all-info  ProgramVersion: 7.3.2  TimeStamp: 2026/03/08-20:31:47-GMT  BuildTime: Aug  4 2022 06:17:15  BuildStamp: freesurfer-linux-ubuntu22_x86_64-7.3.2-20220804-6354275  User: oesteban  Machine: dna079  Platform: Linux  PlatformVersion: 5.14.0-427.37.1.el9_4.x86_64  CompilerName: GCC  CompilerVersion: 8.4.0
ProgramName: mri_normalize  ProgramArguments: mri_normalize -all-info  ProgramVersion: 7.3.2  TimeStamp: 2026/03/08-20:31:47-GMT  BuildTime: Aug  4 2022 06:17:15  BuildStamp: freesurfer-linux-ubuntu22_x86_64-7.3.2-20220804-6354275  User: oesteban  Machine: dna079  Platform: Linux  PlatformVersion: 5.14.0-427.37.1.el9_4.x86_64  CompilerName: GCC  CompilerVersion: 8.4.0
ProgramName: mri_normalize_tp2  ProgramArguments: mri_normalize_tp2 -all-info  ProgramVersion: 7.3.2  TimeStamp: 2026/03/08-20:31:47-GMT  BuildTime: Aug  4 2022 06:17:15  BuildStamp: freesurfer-linux-ubuntu22_x86_64-7.3.2-20220804-6354275  User: oesteban  Machine: dna079  Platform: Linux  PlatformVersion: 5.14.0-427.37.1.el9_4.x86_64  CompilerName: GCC  CompilerVersion: 8.4.0
ProgramName: mri_or  ProgramArguments: mri_or -all-info  ProgramVersion: 7.3.2  TimeStamp: 2026/03/08-20:31:47-GMT  BuildTime: Aug  4 2022 06:17:15  BuildStamp: freesurfer-linux-ubuntu22_x86_64-7.3.2-20220804-6354275  User: oesteban  Machine: dna079  Platform: Linux  PlatformVersion: 5.14.0-427.37.1.el9_4.x86_64  CompilerName: GCC  CompilerVersion: 8.4.0
ProgramName: mri_relabel_hypointensities  ProgramArguments: mri_relabel_hypointensities -all-info  ProgramVersion: 7.3.2  TimeStamp: 2026/03/08-20:31:47-GMT  BuildTime: Aug  4 2022 06:17:15  BuildStamp: freesurfer-linux-ubuntu22_x86_64-7.3.2-20220804-6354275  User: oesteban  Machine: dna079  Platform: Linux  PlatformVersion: 5.14.0-427.37.1.el9_4.x86_64  CompilerName: GCC  CompilerVersion: 8.4.0
ProgramName: mri_relabel_nonwm_hypos  ProgramArguments: mri_relabel_nonwm_hypos -all-info  ProgramVersion: 7.3.2  TimeStamp: 2026/03/08-20:31:47-GMT  BuildTime: Aug  4 2022 06:17:15  BuildStamp: freesurfer-linux-ubuntu22_x86_64-7.3.2-20220804-6354275  User: oesteban  Machine: dna079  Platform: Linux  PlatformVersion: 5.14.0-427.37.1.el9_4.x86_64  CompilerName: GCC  CompilerVersion: 8.4.0
ProgramName: mri_remove_neck  ProgramArguments: mri_remove_neck -all-info  ProgramVersion: 7.3.2  TimeStamp: 2026/03/08-20:31:47-GMT  BuildTime: Aug  4 2022 06:17:15  BuildStamp: freesurfer-linux-ubuntu22_x86_64-7.3.2-20220804-6354275  User: oesteban  Machine: dna079  Platform: Linux  PlatformVersion: 5.14.0-427.37.1.el9_4.x86_64  CompilerName: GCC  CompilerVersion: 8.4.0
7.3.2

ProgramName: mri_robust_register  ProgramArguments: mri_robust_register -all-info  ProgramVersion: 7.3.2  TimeStamp: 2026/03/08-20:31:47-GMT  BuildTime: Aug  4 2022 06:17:15  BuildStamp: freesurfer-linux-ubuntu22_x86_64-7.3.2-20220804-6354275  User: oesteban  Machine: dna079  Platform: Linux  PlatformVersion: 5.14.0-427.37.1.el9_4.x86_64  CompilerName: GCC  CompilerVersion: 8.4.0
7.3.2

ProgramName: mri_robust_template  ProgramArguments: mri_robust_template -all-info  ProgramVersion: 7.3.2  TimeStamp: 2026/03/08-20:31:47-GMT  BuildTime: Aug  4 2022 06:17:15  BuildStamp: freesurfer-linux-ubuntu22_x86_64-7.3.2-20220804-6354275  User: oesteban  Machine: dna079  Platform: Linux  PlatformVersion: 5.14.0-427.37.1.el9_4.x86_64  CompilerName: GCC  CompilerVersion: 8.4.0
ProgramName: mris_anatomical_stats  ProgramArguments: mris_anatomical_stats -all-info  ProgramVersion: 7.3.2  TimeStamp: 2026/03/08-20:31:47-GMT  BuildTime: Aug  4 2022 06:17:15  BuildStamp: freesurfer-linux-ubuntu22_x86_64-7.3.2-20220804-6354275  User: oesteban  Machine: dna079  Platform: Linux  PlatformVersion: 5.14.0-427.37.1.el9_4.x86_64  CompilerName: GCC  CompilerVersion: 8.4.0
ProgramName: mris_ca_label  ProgramArguments: mris_ca_label -all-info  ProgramVersion: 7.3.2  TimeStamp: 2026/03/08-20:31:47-GMT  BuildTime: Aug  4 2022 06:17:15  BuildStamp: freesurfer-linux-ubuntu22_x86_64-7.3.2-20220804-6354275  User: oesteban  Machine: dna079  Platform: Linux  PlatformVersion: 5.14.0-427.37.1.el9_4.x86_64  CompilerName: GCC  CompilerVersion: 8.4.0
ProgramName: mris_calc  ProgramArguments: mris_calc -all-info  ProgramVersion: 7.3.2  TimeStamp: 2026/03/08-20:31:47-GMT  BuildTime: Aug  4 2022 06:17:15  BuildStamp: freesurfer-linux-ubuntu22_x86_64-7.3.2-20220804-6354275  User: oesteban  Machine: dna079  Platform: Linux  PlatformVersion: 5.14.0-427.37.1.el9_4.x86_64  CompilerName: GCC  CompilerVersion: 8.4.0
ProgramName: mris_convert  ProgramArguments: mris_convert -all-info  ProgramVersion: 7.3.2  TimeStamp: 2026/03/08-20:31:47-GMT  BuildTime: Aug  4 2022 06:17:15  BuildStamp: freesurfer-linux-ubuntu22_x86_64-7.3.2-20220804-6354275  User: oesteban  Machine: dna079  Platform: Linux  PlatformVersion: 5.14.0-427.37.1.el9_4.x86_64  CompilerName: GCC  CompilerVersion: 8.4.0
ProgramName: mris_curvature  ProgramArguments: mris_curvature -all-info  ProgramVersion: 7.3.2  TimeStamp: 2026/03/08-20:31:47-GMT  BuildTime: Aug  4 2022 06:17:15  BuildStamp: freesurfer-linux-ubuntu22_x86_64-7.3.2-20220804-6354275  User: oesteban  Machine: dna079  Platform: Linux  PlatformVersion: 5.14.0-427.37.1.el9_4.x86_64  CompilerName: GCC  CompilerVersion: 8.4.0
ProgramName: mris_curvature_stats  ProgramArguments: mris_curvature_stats -all-info  ProgramVersion: 7.3.2  TimeStamp: 2026/03/08-20:31:47-GMT  BuildTime: Aug  4 2022 06:17:15  BuildStamp: freesurfer-linux-ubuntu22_x86_64-7.3.2-20220804-6354275  User: oesteban  Machine: dna079  Platform: Linux  PlatformVersion: 5.14.0-427.37.1.el9_4.x86_64  CompilerName: GCC  CompilerVersion: 8.4.0
ProgramName: mris_diff  ProgramArguments: mris_diff -all-info  ProgramVersion: 7.3.2  TimeStamp: 2026/03/08-20:31:47-GMT  BuildTime: Aug  4 2022 06:17:15  BuildStamp: freesurfer-linux-ubuntu22_x86_64-7.3.2-20220804-6354275  User: oesteban  Machine: dna079  Platform: Linux  PlatformVersion: 5.14.0-427.37.1.el9_4.x86_64  CompilerName: GCC  CompilerVersion: 8.4.0
ProgramName: mris_divide_parcellation  ProgramArguments: mris_divide_parcellation -all-info  ProgramVersion: 7.3.2  TimeStamp: 2026/03/08-20:31:47-GMT  BuildTime: Aug  4 2022 06:17:15  BuildStamp: freesurfer-linux-ubuntu22_x86_64-7.3.2-20220804-6354275  User: oesteban  Machine: dna079  Platform: Linux  PlatformVersion: 5.14.0-427.37.1.el9_4.x86_64  CompilerName: GCC  CompilerVersion: 8.4.0
ProgramName: mri_segment  ProgramArguments: mri_segment -all-info  ProgramVersion: 7.3.2  TimeStamp: 2026/03/08-20:31:47-GMT  BuildTime: Aug  4 2022 06:17:15  BuildStamp: freesurfer-linux-ubuntu22_x86_64-7.3.2-20220804-6354275  User: oesteban  Machine: dna079  Platform: Linux  PlatformVersion: 5.14.0-427.37.1.el9_4.x86_64  CompilerName: GCC  CompilerVersion: 8.4.0
ProgramName: mri_segstats  ProgramArguments: mri_segstats -all-info  ProgramVersion: 7.3.2  TimeStamp: 2026/03/08-20:31:47-GMT  BuildTime: Aug  4 2022 06:17:15  BuildStamp: freesurfer-linux-ubuntu22_x86_64-7.3.2-20220804-6354275  User: oesteban  Machine: dna079  Platform: Linux  PlatformVersion: 5.14.0-427.37.1.el9_4.x86_64  CompilerName: GCC  CompilerVersion: 8.4.0
ProgramName: mris_euler_number  ProgramArguments: mris_euler_number -all-info  ProgramVersion: 7.3.2  TimeStamp: 2026/03/08-20:31:47-GMT  BuildTime: Aug  4 2022 06:17:15  BuildStamp: freesurfer-linux-ubuntu22_x86_64-7.3.2-20220804-6354275  User: oesteban  Machine: dna079  Platform: Linux  PlatformVersion: 5.14.0-427.37.1.el9_4.x86_64  CompilerName: GCC  CompilerVersion: 8.4.0
ProgramName: mris_fix_topology  ProgramArguments: mris_fix_topology -all-info  ProgramVersion: 7.3.2  TimeStamp: 2026/03/08-20:31:47-GMT  BuildTime: Aug  4 2022 06:17:15  BuildStamp: freesurfer-linux-ubuntu22_x86_64-7.3.2-20220804-6354275  User: oesteban  Machine: dna079  Platform: Linux  PlatformVersion: 5.14.0-427.37.1.el9_4.x86_64  CompilerName: GCC  CompilerVersion: 8.4.0
ProgramName: mris_topo_fixer  ProgramArguments: mris_topo_fixer -all-info  ProgramVersion: 7.3.2  TimeStamp: 2026/03/08-20:31:47-GMT  BuildTime: Aug  4 2022 06:17:15  BuildStamp: freesurfer-linux-ubuntu22_x86_64-7.3.2-20220804-6354275  User: oesteban  Machine: dna079  Platform: Linux  PlatformVersion: 5.14.0-427.37.1.el9_4.x86_64  CompilerName: GCC  CompilerVersion: 8.4.0
ProgramName: mris_jacobian  ProgramArguments: mris_jacobian -all-info  ProgramVersion: 7.3.2  TimeStamp: 2026/03/08-20:31:47-GMT  BuildTime: Aug  4 2022 06:17:15  BuildStamp: freesurfer-linux-ubuntu22_x86_64-7.3.2-20220804-6354275  User: oesteban  Machine: dna079  Platform: Linux  PlatformVersion: 5.14.0-427.37.1.el9_4.x86_64  CompilerName: GCC  CompilerVersion: 8.4.0
ProgramName: mris_label2annot  ProgramArguments: mris_label2annot -all-info  ProgramVersion: 7.3.2  TimeStamp: 2026/03/08-20:31:47-GMT  BuildTime: Aug  4 2022 06:17:15  BuildStamp: freesurfer-linux-ubuntu22_x86_64-7.3.2-20220804-6354275  User: oesteban  Machine: dna079  Platform: Linux  PlatformVersion: 5.14.0-427.37.1.el9_4.x86_64  CompilerName: GCC  CompilerVersion: 8.4.0
ProgramName: mris_left_right_register  ProgramArguments: mris_left_right_register -all-info  ProgramVersion: 7.3.2  TimeStamp: 2026/03/08-20:31:47-GMT  BuildTime: Aug  4 2022 06:17:15  BuildStamp: freesurfer-linux-ubuntu22_x86_64-7.3.2-20220804-6354275  User: oesteban  Machine: dna079  Platform: Linux  PlatformVersion: 5.14.0-427.37.1.el9_4.x86_64  CompilerName: GCC  CompilerVersion: 8.4.0
ProgramName: mris_place_surface  ProgramArguments: mris_place_surface -all-info  ProgramVersion: 7.3.2  TimeStamp: 2026/03/08-20:31:47-GMT  BuildTime: Aug  4 2022 06:17:15  BuildStamp: freesurfer-linux-ubuntu22_x86_64-7.3.2-20220804-6354275  User: oesteban  Machine: dna079  Platform: Linux  PlatformVersion: 5.14.0-427.37.1.el9_4.x86_64  CompilerName: GCC  CompilerVersion: 8.4.0
ProgramName: mrisp_paint  ProgramArguments: mrisp_paint -all-info  ProgramVersion: 7.3.2  TimeStamp: 2026/03/08-20:31:47-GMT  BuildTime: Aug  4 2022 06:17:15  BuildStamp: freesurfer-linux-ubuntu22_x86_64-7.3.2-20220804-6354275  User: oesteban  Machine: dna079  Platform: Linux  PlatformVersion: 5.14.0-427.37.1.el9_4.x86_64  CompilerName: GCC  CompilerVersion: 8.4.0
ProgramName: mris_register  ProgramArguments: mris_register -all-info  ProgramVersion: 7.3.2  TimeStamp: 2026/03/08-20:31:47-GMT  BuildTime: Aug  4 2022 06:17:15  BuildStamp: freesurfer-linux-ubuntu22_x86_64-7.3.2-20220804-6354275  User: oesteban  Machine: dna079  Platform: Linux  PlatformVersion: 5.14.0-427.37.1.el9_4.x86_64  CompilerName: GCC  CompilerVersion: 8.4.0
ProgramName: mris_smooth  ProgramArguments: mris_smooth -all-info  ProgramVersion: 7.3.2  TimeStamp: 2026/03/08-20:31:47-GMT  BuildTime: Aug  4 2022 06:17:15  BuildStamp: freesurfer-linux-ubuntu22_x86_64-7.3.2-20220804-6354275  User: oesteban  Machine: dna079  Platform: Linux  PlatformVersion: 5.14.0-427.37.1.el9_4.x86_64  CompilerName: GCC  CompilerVersion: 8.4.0
ProgramName: mris_sphere  ProgramArguments: mris_sphere -all-info  ProgramVersion: 7.3.2  TimeStamp: 2026/03/08-20:31:47-GMT  BuildTime: Aug  4 2022 06:17:15  BuildStamp: freesurfer-linux-ubuntu22_x86_64-7.3.2-20220804-6354275  User: oesteban  Machine: dna079  Platform: Linux  PlatformVersion: 5.14.0-427.37.1.el9_4.x86_64  CompilerName: GCC  CompilerVersion: 8.4.0
ProgramName: mris_surface_stats  ProgramArguments: mris_surface_stats -all-info  ProgramVersion: 7.3.2  TimeStamp: 2026/03/08-20:31:47-GMT  BuildTime: Aug  4 2022 06:17:15  BuildStamp: freesurfer-linux-ubuntu22_x86_64-7.3.2-20220804-6354275  User: oesteban  Machine: dna079  Platform: Linux  PlatformVersion: 5.14.0-427.37.1.el9_4.x86_64  CompilerName: GCC  CompilerVersion: 8.4.0
ProgramName: mri_stats2seg  ProgramArguments: mri_stats2seg -all-info  ProgramVersion: 7.3.2  TimeStamp: 2026/03/08-20:31:47-GMT  BuildTime: Aug  4 2022 06:17:15  BuildStamp: freesurfer-linux-ubuntu22_x86_64-7.3.2-20220804-6354275  User: oesteban  Machine: dna079  Platform: Linux  PlatformVersion: 5.14.0-427.37.1.el9_4.x86_64  CompilerName: GCC  CompilerVersion: 8.4.0
ProgramName: mris_thickness  ProgramArguments: mris_thickness -all-info  ProgramVersion: 7.3.2  TimeStamp: 2026/03/08-20:31:47-GMT  BuildTime: Aug  4 2022 06:17:15  BuildStamp: freesurfer-linux-ubuntu22_x86_64-7.3.2-20220804-6354275  User: oesteban  Machine: dna079  Platform: Linux  PlatformVersion: 5.14.0-427.37.1.el9_4.x86_64  CompilerName: GCC  CompilerVersion: 8.4.0
ProgramName: mris_thickness_diff  ProgramArguments: mris_thickness_diff -all-info  ProgramVersion: 7.3.2  TimeStamp: 2026/03/08-20:31:47-GMT  BuildTime: Aug  4 2022 06:17:15  BuildStamp: freesurfer-linux-ubuntu22_x86_64-7.3.2-20220804-6354275  User: oesteban  Machine: dna079  Platform: Linux  PlatformVersion: 5.14.0-427.37.1.el9_4.x86_64  CompilerName: GCC  CompilerVersion: 8.4.0
ProgramName: mris_topo_fixer  ProgramArguments: mris_topo_fixer -all-info  ProgramVersion: 7.3.2  TimeStamp: 2026/03/08-20:31:47-GMT  BuildTime: Aug  4 2022 06:17:15  BuildStamp: freesurfer-linux-ubuntu22_x86_64-7.3.2-20220804-6354275  User: oesteban  Machine: dna079  Platform: Linux  PlatformVersion: 5.14.0-427.37.1.el9_4.x86_64  CompilerName: GCC  CompilerVersion: 8.4.0
ProgramName: mri_surf2surf  ProgramArguments: mri_surf2surf -all-info  ProgramVersion: 7.3.2  TimeStamp: 2026/03/08-20:31:47-GMT  BuildTime: Aug  4 2022 06:17:15  BuildStamp: freesurfer-linux-ubuntu22_x86_64-7.3.2-20220804-6354275  User: oesteban  Machine: dna079  Platform: Linux  PlatformVersion: 5.14.0-427.37.1.el9_4.x86_64  CompilerName: GCC  CompilerVersion: 8.4.0
ProgramName: mri_surf2vol  ProgramArguments: mri_surf2vol -all-info  ProgramVersion: 7.3.2  TimeStamp: 2026/03/08-20:31:47-GMT  BuildTime: Aug  4 2022 06:17:15  BuildStamp: freesurfer-linux-ubuntu22_x86_64-7.3.2-20220804-6354275  User: oesteban  Machine: dna079  Platform: Linux  PlatformVersion: 5.14.0-427.37.1.el9_4.x86_64  CompilerName: GCC  CompilerVersion: 8.4.0
ProgramName: mri_surfcluster  ProgramArguments: mri_surfcluster -all-info  ProgramVersion: 7.3.2  TimeStamp: 2026/03/08-20:31:47-GMT  BuildTime: Aug  4 2022 06:17:15  BuildStamp: freesurfer-linux-ubuntu22_x86_64-7.3.2-20220804-6354275  User: oesteban  Machine: dna079  Platform: Linux  PlatformVersion: 5.14.0-427.37.1.el9_4.x86_64  CompilerName: GCC  CompilerVersion: 8.4.0
ProgramName: mris_volmask  ProgramArguments: mris_volmask -all-info  ProgramVersion: 7.3.2  TimeStamp: 2026/03/08-20:31:47-GMT  BuildTime: Aug  4 2022 06:17:15  BuildStamp: freesurfer-linux-ubuntu22_x86_64-7.3.2-20220804-6354275  User: oesteban  Machine: dna079  Platform: Linux  PlatformVersion: 5.14.0-427.37.1.el9_4.x86_64  CompilerName: GCC  CompilerVersion: 8.4.0
ProgramName: mri_tessellate  ProgramArguments: mri_tessellate -all-info  ProgramVersion: 7.3.2  TimeStamp: 2026/03/08-20:31:47-GMT  BuildTime: Aug  4 2022 06:17:15  BuildStamp: freesurfer-linux-ubuntu22_x86_64-7.3.2-20220804-6354275  User: oesteban  Machine: dna079  Platform: Linux  PlatformVersion: 5.14.0-427.37.1.el9_4.x86_64  CompilerName: GCC  CompilerVersion: 8.4.0
ProgramName: mri_vol2surf  ProgramArguments: mri_vol2surf -all-info  ProgramVersion: 7.3.2  TimeStamp: 2026/03/08-20:31:47-GMT  BuildTime: Aug  4 2022 06:17:15  BuildStamp: freesurfer-linux-ubuntu22_x86_64-7.3.2-20220804-6354275  User: oesteban  Machine: dna079  Platform: Linux  PlatformVersion: 5.14.0-427.37.1.el9_4.x86_64  CompilerName: GCC  CompilerVersion: 8.4.0
ProgramName: mri_vol2vol  ProgramArguments: mri_vol2vol -all-info  ProgramVersion: 7.3.2  TimeStamp: 2026/03/08-20:31:47-GMT  BuildTime: Aug  4 2022 06:17:15  BuildStamp: freesurfer-linux-ubuntu22_x86_64-7.3.2-20220804-6354275  User: oesteban  Machine: dna079  Platform: Linux  PlatformVersion: 5.14.0-427.37.1.el9_4.x86_64  CompilerName: GCC  CompilerVersion: 8.4.0
ProgramName: mri_voldiff  ProgramArguments: mri_voldiff -all-info  ProgramVersion: 7.3.2  TimeStamp: 2026/03/08-20:31:47-GMT  BuildTime: Aug  4 2022 06:17:15  BuildStamp: freesurfer-linux-ubuntu22_x86_64-7.3.2-20220804-6354275  User: oesteban  Machine: dna079  Platform: Linux  PlatformVersion: 5.14.0-427.37.1.el9_4.x86_64  CompilerName: GCC  CompilerVersion: 8.4.0
ProgramName: mri_watershed  ProgramArguments: mri_watershed -all-info  ProgramVersion: 7.3.2  TimeStamp: 2026/03/08-20:31:47-GMT  BuildTime: Aug  4 2022 06:17:15  BuildStamp: freesurfer-linux-ubuntu22_x86_64-7.3.2-20220804-6354275  User: oesteban  Machine: dna079  Platform: Linux  PlatformVersion: 5.14.0-427.37.1.el9_4.x86_64  CompilerName: GCC  CompilerVersion: 8.4.0
ProgramName: tkregister2  ProgramArguments: tkregister2_cmdl -all-info  ProgramVersion: 7.3.2  TimeStamp: 2026/03/08-20:31:47-GMT  BuildTime: Aug  4 2022 06:17:15  BuildStamp: freesurfer-linux-ubuntu22_x86_64-7.3.2-20220804-6354275  User: oesteban  Machine: dna079  Platform: Linux  PlatformVersion: 5.14.0-427.37.1.el9_4.x86_64  CompilerName: GCC  CompilerVersion: 8.4.0
mri_motion_correct.fsl 7.3.2
mri_convert -all-info 
ProgramName: mri_convert  ProgramArguments: mri_convert -all-info  ProgramVersion: 7.3.2  TimeStamp: 2026/03/08-20:31:47-GMT  BuildTime: Aug  4 2022 06:17:15  BuildStamp: freesurfer-linux-ubuntu22_x86_64-7.3.2-20220804-6354275  User: oesteban  Machine: dna079  Platform: Linux  PlatformVersion: 5.14.0-427.37.1.el9_4.x86_64  CompilerName: GCC  CompilerVersion: 8.4.0
Program nu_correct, built from:
Package MNI N3, version 1.12.0, compiled by nicks@terrier (x86_64-unknown-linux-gnu) on 2015-06-19 at 01:25:34
#######################################
GCADIR /opt/freesurfer/average
GCA RB_all_2020-01-02.gca
GCASkull RB_all_withskull_2020_01_02.gca
AvgCurvTif folding.atlas.acfb40.noaparc.i12.2016-08-02.tif
GCSDIR /opt/freesurfer/average
GCS DKaparc.atlas.acfb40.noaparc.i12.2016-08-02.gcs
#######################################
#--------------------------------------------
#@# AutoDetGWStats rh Sun Mar  8 21:31:47 CET 2026
cd /out/sourcedata/freesurfer/sub-v1s14x0051579_ses-1/mri
mris_autodet_gwstats --o ../surf/autodet.gw.stats.rh.dat --i brain.finalsurfs.mgz --wm wm.mgz --surf ../surf/rh.orig.premesh
  Update not needed
#--------------------------------------------
#@# WhitePreAparc rh Sun Mar  8 21:31:47 CET 2026
cd /out/sourcedata/freesurfer/sub-v1s14x0051579_ses-1/mri
mris_place_surface --adgws-in ../surf/autodet.gw.stats.rh.dat --wm wm.mgz --threads 16 --invol brain.finalsurfs.mgz --rh --i ../surf/rh.orig --o ../surf/rh.white.preaparc --white --seg aseg.presurf.mgz --nsmooth 5
   Update not needed
#--------------------------------------------
#@# CortexLabel rh Sun Mar  8 21:31:47 CET 2026
cd /out/sourcedata/freesurfer/sub-v1s14x0051579_ses-1/mri
mri_label2label --label-cortex ../surf/rh.white.preaparc aseg.presurf.mgz 0 ../label/rh.cortex.label
   Update not needed
#--------------------------------------------
#@# CortexLabel+HipAmyg rh Sun Mar  8 21:31:47 CET 2026
cd /out/sourcedata/freesurfer/sub-v1s14x0051579_ses-1/mri
mri_label2label --label-cortex ../surf/rh.white.preaparc aseg.presurf.mgz 1 ../label/rh.cortex+hipamyg.label
   Update not needed
#@# white curv rh Sun Mar  8 21:31:47 CET 2026
cd /out/sourcedata/freesurfer/sub-v1s14x0051579_ses-1/mri
mris_place_surface --curv-map ../surf/rh.white 2 10 ../surf/rh.curv
   Update not needed
#@# white area rh Sun Mar  8 21:31:47 CET 2026
cd /out/sourcedata/freesurfer/sub-v1s14x0051579_ses-1/mri
mris_place_surface --area-map ../surf/rh.white ../surf/rh.area
   Update not needed
#@# pial curv rh Sun Mar  8 21:31:47 CET 2026
cd /out/sourcedata/freesurfer/sub-v1s14x0051579_ses-1/mri
mris_place_surface --curv-map ../surf/rh.pial 2 10 ../surf/rh.curv.pial
   Update not needed
#@# pial area rh Sun Mar  8 21:31:47 CET 2026
cd /out/sourcedata/freesurfer/sub-v1s14x0051579_ses-1/mri
mris_place_surface --area-map ../surf/rh.pial ../surf/rh.area.pial
   Update not needed
#@# thickness rh Sun Mar  8 21:31:47 CET 2026
cd /out/sourcedata/freesurfer/sub-v1s14x0051579_ses-1/mri
mris_place_surface --thickness ../surf/rh.white ../surf/rh.pial 20 5 ../surf/rh.thickness
   Update not needed
#@# area and vertex vol rh Sun Mar  8 21:31:47 CET 2026
cd /out/sourcedata/freesurfer/sub-v1s14x0051579_ses-1/mri
mris_place_surface --thickness ../surf/rh.white ../surf/rh.pial 20 5 ../surf/rh.thickness
   Update not needed
#-----------------------------------------
#@# Parcellation Stats rh Sun Mar  8 21:31:47 CET 2026
/out/sourcedata/freesurfer/sub-v1s14x0051579_ses-1/scripts

 mris_anatomical_stats -th3 -mgz -noglobal -cortex ../label/rh.cortex.label -f ../stats/rh.aparc.stats -b -a ../label/rh.aparc.annot -c ../label/aparc.annot.ctab sub-v1s14x0051579_ses-1 rh white 

computing statistics for each annotation in ../label/rh.aparc.annot.
reading volume /out/sourcedata/freesurfer/sub-v1s14x0051579_ses-1/mri/wm.mgz...
reading input surface /out/sourcedata/freesurfer/sub-v1s14x0051579_ses-1/surf/rh.white...
reading input pial surface /out/sourcedata/freesurfer/sub-v1s14x0051579_ses-1/surf/rh.pial...
reading input white surface /out/sourcedata/freesurfer/sub-v1s14x0051579_ses-1/surf/rh.white...
INFO: using TH3 volume calc
INFO: assuming MGZ format for volumes.
INFO: not computing global stats
INFO: using ../label/rh.cortex.label as mask to calc cortex NumVert, SurfArea and MeanThickness.
Using TH3 vertex volume calc
Total face volume 253400
Total vertex volume 253198 (mask=0)
Saving annotation colortable ../label/aparc.annot.ctab

table columns are:
    number of vertices
    total surface area (mm^2)
    total gray matter volume (mm^3)
    average cortical thickness +- standard deviation (mm)
    integrated rectified mean curvature
    integrated rectified Gaussian curvature
    folding index
    intrinsic curvature index
    structure name

 1276    885   1925  2.361 0.472     0.103     0.018        8     1.0  bankssts
 1063    715   1698  2.027 0.747     0.129     0.019       15     1.0  caudalanteriorcingulate
 3699   2422   6853  2.479 0.585     0.104     0.018       27     2.6  caudalmiddlefrontal
 2477   1593   2995  1.737 0.529     0.121     0.028       25     3.0  cuneus
  663    428   1708  3.147 0.874     0.101     0.022        5     0.5  entorhinal
 5351   3707   9898  2.456 0.694     0.119     0.023       54     5.1  fusiform
 8814   6058  16575  2.360 0.614     0.117     0.021       92     7.4  inferiorparietal
 6571   4573  12216  2.356 0.700     0.120     0.025       74     7.0  inferiortemporal
 1570   1066   2607  2.167 0.844     0.127     0.027       21     1.7  isthmuscingulate
 8463   5495  11040  1.819 0.631     0.135     0.029      110    10.9  lateraloccipital
 5321   3607   9112  2.383 0.724     0.138     0.043       76     9.7  lateralorbitofrontal
 4648   3035   5210  1.642 0.553     0.121     0.026       47     5.1  lingual
 3523   2513   5881  2.194 0.587     0.137     0.036       55     5.9  medialorbitofrontal
 6530   4698  15431  2.655 0.709     0.118     0.022       69     6.1  middletemporal
 1240    722   2043  2.481 0.724     0.084     0.017        9     0.8  parahippocampal
 2618   1618   3277  2.045 0.549     0.118     0.025       22     2.9  paracentral
 2719   1771   5204  2.611 0.580     0.099     0.015       20     1.8  parsopercularis
 1556   1086   4228  2.840 0.740     0.121     0.024       18     1.6  parsorbitalis
 3174   2235   6321  2.500 0.621     0.120     0.021       33     2.9  parstriangularis
 2145   1442   1669  1.291 0.220     0.129     0.027       23     2.5  pericalcarine
 7935   4798  10316  1.950 0.643     0.099     0.018       62     6.0  postcentral
 1898   1291   3129  2.240 0.684     0.123     0.020       22     1.7  posteriorcingulate
 8760   5347  14678  2.513 0.687     0.102     0.022       66     8.9  precentral
 5597   3699   9517  2.418 0.608     0.113     0.020       48     4.6  precuneus
  794    578   1474  2.320 0.584     0.126     0.025       11     0.8  rostralanteriorcingulate
 8803   6227  17000  2.355 0.661     0.129     0.026       99    10.0  rostralmiddlefrontal
10155   6823  23700  2.980 0.582     0.116     0.023       90     9.8  superiorfrontal
 8426   5385  13273  2.179 0.584     0.113     0.023       91     8.3  superiorparietal
 6138   4055  12448  2.694 0.676     0.108     0.019       53     4.8  superiortemporal
 5966   4108   9541  2.234 0.498     0.126     0.025       63     6.2  supramarginal
  509    382   1488  2.881 0.876     0.184     0.049       11     1.2  frontalpole
  716    578   2744  3.433 1.150     0.162     0.043       12     1.8  temporalpole
  656    398    792  1.829 0.413     0.112     0.021        5     0.6  transversetemporal
 4114   2692   7207  2.768 0.840     0.109     0.029       37     4.3  insula

 mris_anatomical_stats -th3 -mgz -noglobal -cortex ../label/rh.cortex.label -f ../stats/rh.aparc.pial.stats -b -a ../label/rh.aparc.annot -c ../label/aparc.annot.ctab sub-v1s14x0051579_ses-1 rh pial 

computing statistics for each annotation in ../label/rh.aparc.annot.
reading volume /out/sourcedata/freesurfer/sub-v1s14x0051579_ses-1/mri/wm.mgz...
reading input surface /out/sourcedata/freesurfer/sub-v1s14x0051579_ses-1/surf/rh.pial...
reading input pial surface /out/sourcedata/freesurfer/sub-v1s14x0051579_ses-1/surf/rh.pial...
reading input white surface /out/sourcedata/freesurfer/sub-v1s14x0051579_ses-1/surf/rh.white...
INFO: using TH3 volume calc
INFO: assuming MGZ format for volumes.
INFO: not computing global stats
INFO: using ../label/rh.cortex.label as mask to calc cortex NumVert, SurfArea and MeanThickness.
Using TH3 vertex volume calc
Total face volume 253400
Total vertex volume 253198 (mask=0)
Saving annotation colortable ../label/aparc.annot.ctab

table columns are:
    number of vertices
    total surface area (mm^2)
    total gray matter volume (mm^3)
    average cortical thickness +- standard deviation (mm)
    integrated rectified mean curvature
    integrated rectified Gaussian curvature
    folding index
    intrinsic curvature index
    structure name

 1276    783   1925  2.361 0.472     0.110     0.030       24     1.5  bankssts
 1063    911   1698  2.027 0.747     0.148     0.037       41     1.5  caudalanteriorcingulate
 3699   2864   6853  2.479 0.585     0.112     0.023       41     3.5  caudalmiddlefrontal
 2477   1954   2995  1.737 0.529     0.128     0.031       30     3.2  cuneus
  663    659   1708  3.147 0.874     0.212     0.063       22     1.7  entorhinal
 5351   4333   9898  2.456 0.694     0.136     0.034      135     8.0  fusiform
 8814   7643  16575  2.360 0.614     0.135     0.028     1134    10.8  inferiorparietal
 6571   5701  12216  2.356 0.700     0.134     0.029      105     8.7  inferiortemporal
 1570   1307   2607  2.167 0.844     0.131     0.032       22     2.0  isthmuscingulate
 8463   6591  11040  1.819 0.631     0.122     0.028      137     9.8  lateraloccipital
 5321   4165   9112  2.383 0.724     0.158     0.046      180    10.7  lateralorbitofrontal
 4648   3617   5210  1.642 0.553     0.126     0.032      110     6.0  lingual
 3523   2950   5881  2.194 0.587     0.156     0.042       93     6.2  medialorbitofrontal
 6530   6524  15431  2.655 0.709     0.151     0.030       97     9.1  middletemporal
 1240    893   2043  2.481 0.724     0.122     0.032       12     1.8  parahippocampal
 2618   1708   3277  2.045 0.549     0.110     0.026       38     2.9  paracentral
 2719   2166   5204  2.611 0.580     0.117     0.024       38     2.7  parsopercularis
 1556   1746   4228  2.840 0.740     0.161     0.033       20     2.3  parsorbitalis
 3174   2737   6321  2.500 0.621     0.142     0.032       50     4.1  parstriangularis
 2145   1308   1669  1.291 0.220     0.107     0.027       32     2.5  pericalcarine
 7935   5884  10316  1.950 0.643     0.106     0.019      108     6.2  postcentral
 1898   1482   3129  2.240 0.684     0.134     0.035       41     2.5  posteriorcingulate
 8760   6245  14678  2.513 0.687     0.097     0.019       85     7.1  precentral
 5597   4033   9517  2.418 0.608     0.116     0.031      189     5.9  precuneus
  794    746   1474  2.320 0.584     0.178     0.049       25     1.5  rostralanteriorcingulate
 8803   7931  17000  2.355 0.661     0.154     0.034      173    13.2  rostralmiddlefrontal
10155   8742  23700  2.980 0.582     0.135     0.032      221    13.1  superiorfrontal
 8426   6604  13273  2.179 0.584     0.120     0.025      113     8.9  superiorparietal
 6138   4986  12448  2.694 0.676     0.136     0.035      115     8.2  superiortemporal
 5966   4428   9541  2.234 0.498     0.127     0.030      102     6.9  supramarginal
  509    640   1488  2.881 0.876     0.190     0.038        6     0.9  frontalpole
  716   1077   2744  3.433 1.150     0.258     0.056       13     1.9  temporalpole
  656    511    792  1.829 0.413     0.101     0.025        4     0.7  transversetemporal
 4114   2540   7207  2.768 0.840     0.134     0.046      128     6.9  insula
#-----------------------------------------
#@# Parcellation Stats 2 rh Sun Mar  8 21:32:04 CET 2026
/out/sourcedata/freesurfer/sub-v1s14x0051579_ses-1/scripts

 mris_anatomical_stats -th3 -mgz -noglobal -cortex ../label/rh.cortex.label -f ../stats/rh.aparc.a2009s.stats -b -a ../label/rh.aparc.a2009s.annot -c ../label/aparc.annot.a2009s.ctab sub-v1s14x0051579_ses-1 rh white 

computing statistics for each annotation in ../label/rh.aparc.a2009s.annot.
reading volume /out/sourcedata/freesurfer/sub-v1s14x0051579_ses-1/mri/wm.mgz...
reading input surface /out/sourcedata/freesurfer/sub-v1s14x0051579_ses-1/surf/rh.white...
reading input pial surface /out/sourcedata/freesurfer/sub-v1s14x0051579_ses-1/surf/rh.pial...
reading input white surface /out/sourcedata/freesurfer/sub-v1s14x0051579_ses-1/surf/rh.white...
INFO: using TH3 volume calc
INFO: assuming MGZ format for volumes.
INFO: not computing global stats
INFO: using ../label/rh.cortex.label as mask to calc cortex NumVert, SurfArea and MeanThickness.
Using TH3 vertex volume calc
Total face volume 253400
Total vertex volume 253198 (mask=0)
Saving annotation colortable ../label/aparc.annot.a2009s.ctab

table columns are:
    number of vertices
    total surface area (mm^2)
    total gray matter volume (mm^3)
    average cortical thickness +- standard deviation (mm)
    integrated rectified mean curvature
    integrated rectified Gaussian curvature
    folding index
    intrinsic curvature index
    structure name

 1023    744   1760  2.060 0.706     0.130     0.027       12     1.3  G_and_S_frontomargin
 1417    973   2639  2.247 0.757     0.124     0.024       14     1.6  G_and_S_occipital_inf
 1867   1025   2785  2.282 0.700     0.111     0.030       17     2.3  G_and_S_paracentral
 1620   1064   2702  2.235 0.529     0.118     0.022       16     1.5  G_and_S_subcentral
 1027    774   3010  2.960 0.701     0.150     0.031       16     1.3  G_and_S_transv_frontopol
 3107   2216   5697  2.479 0.498     0.122     0.024       35     3.1  G_and_S_cingul-Ant
 1298    886   2384  2.627 0.534     0.119     0.022       12     1.2  G_and_S_cingul-Mid-Ant
 1374    946   2278  2.306 0.508     0.113     0.023       11     1.3  G_and_S_cingul-Mid-Post
  549    378   1308  2.815 0.659     0.140     0.027        9     0.5  G_cingul-Post-dorsal
  399    259    878  2.388 0.990     0.140     0.033        6     0.5  G_cingul-Post-ventral
 2462   1553   2999  1.724 0.552     0.127     0.030       28     3.1  G_cuneus
 1949   1252   4599  2.793 0.573     0.099     0.016       18     1.3  G_front_inf-Opercular
  518    356   1267  2.706 0.609     0.128     0.020        7     0.5  G_front_inf-Orbital
 1645   1166   3779  2.587 0.648     0.137     0.027       23     1.9  G_front_inf-Triangul
 3713   2580   9353  2.662 0.686     0.128     0.025       45     4.1  G_front_middle
 7032   4592  18320  3.101 0.642     0.122     0.026       74     7.4  G_front_sup
  798    497   1535  3.002 0.634     0.109     0.027        8     0.8  G_Ins_lg_and_S_cent_ins
  739    462   2043  3.379 0.912     0.101     0.023        7     0.7  G_insular_short
 2211   1535   4653  2.302 0.787     0.136     0.027       30     2.7  G_occipital_middle
 1823   1049   2528  1.998 0.664     0.126     0.038       30     3.0  G_occipital_sup
 2350   1653   4247  2.263 0.608     0.135     0.029       31     2.9  G_oc-temp_lat-fusifor
 2944   1905   3481  1.651 0.600     0.134     0.032       35     4.0  G_oc-temp_med-Lingual
 1562    946   3982  3.040 0.920     0.103     0.026       17     1.3  G_oc-temp_med-Parahip
 3478   2387   8223  2.544 0.899     0.149     0.051       63     7.7  G_orbital
 3171   2240   8006  2.631 0.599     0.137     0.029       50     3.6  G_pariet_inf-Angular
 2845   1991   5651  2.361 0.527     0.134     0.026       37     3.1  G_pariet_inf-Supramar
 2393   1586   4960  2.398 0.633     0.116     0.024       28     2.4  G_parietal_sup
 2911   1606   4202  2.132 0.677     0.099     0.019       26     2.3  G_postcentral
 3447   1905   6865  2.810 0.650     0.106     0.030       30     4.9  G_precentral
 2265   1477   5408  2.791 0.482     0.125     0.023       26     2.2  G_precuneus
  947    786   2036  2.097 0.643     0.187     0.067       26     3.0  G_rectus
  765    481    735  1.596 0.617     0.123     0.056       12     1.6  G_subcallosal
  504    308    825  2.164 0.633     0.116     0.026        5     0.5  G_temp_sup-G_T_transv
 1945   1313   5416  3.083 0.655     0.120     0.022       21     1.8  G_temp_sup-Lateral
  866    608   2094  3.133 0.982     0.113     0.026        8     0.9  G_temp_sup-Plan_polar
 1059    716   1727  2.347 0.640     0.101     0.016        8     0.7  G_temp_sup-Plan_tempo
 3651   2594   7299  2.294 0.720     0.139     0.033       54     5.1  G_temporal_inf
 4104   3033  11027  2.743 0.676     0.129     0.026       57     4.6  G_temporal_middle
  490    333    626  2.274 0.499     0.092     0.013        2     0.2  Lat_Fis-ant-Horizont
  362    251    514  2.378 0.384     0.086     0.009        1     0.1  Lat_Fis-ant-Vertical
 1453    944   1616  2.078 0.509     0.118     0.020       11     1.1  Lat_Fis-post
 3726   2321   4014  1.605 0.571     0.131     0.032       52     5.5  Pole_occipital
 2029   1516   7258  3.173 0.900     0.135     0.029       26     3.0  Pole_temporal
 2333   1585   2164  1.583 0.651     0.118     0.022       21     2.1  S_calcarine
 3398   2220   3326  1.693 0.602     0.087     0.014       17     2.0  S_central
 1348    903   1749  2.132 0.452     0.104     0.017        8     1.0  S_cingul-Marginalis
  624    416   1066  3.169 0.432     0.096     0.015        2     0.5  S_circular_insula_ant
 1432    926   2056  2.647 0.454     0.075     0.009        5     0.5  S_circular_insula_inf
 1567   1059   2272  2.687 0.486     0.109     0.018        8     1.3  S_circular_insula_sup
 1713   1130   2618  2.697 0.460     0.082     0.009        7     0.7  S_collat_transv_ant
  461    292    447  1.589 0.393     0.136     0.023        6     0.4  S_collat_transv_post
 2907   1960   4354  2.106 0.535     0.117     0.022       24     2.8  S_front_inf
 2192   1589   4056  2.393 0.557     0.124     0.026       23     2.4  S_front_middle
 2759   1820   4019  2.465 0.428     0.098     0.016       14     1.9  S_front_sup
  525    370    718  2.180 0.376     0.122     0.023        3     0.6  S_interm_prim-Jensen
 3141   2133   4489  2.179 0.483     0.103     0.016       22     2.1  S_intrapariet_and_P_trans
 1095    726   1056  1.650 0.349     0.142     0.026       13     1.2  S_oc_middle_and_Lunatus
 1533    981   1690  1.888 0.337     0.103     0.017       10     1.1  S_oc_sup_and_transversal
  996    683   1045  1.625 0.348     0.125     0.019       10     0.8  S_occipital_ant
 1033    738   1602  2.266 0.508     0.127     0.026        9     1.1  S_oc-temp_lat
 2429   1601   3002  2.083 0.554     0.095     0.016       15     1.7  S_oc-temp_med_and_Lingual
  675    476    857  1.976 0.395     0.099     0.015        4     0.5  S_orbital_lateral
 1072    712   1233  2.039 0.477     0.112     0.029       10     1.2  S_orbital_med-olfact
 2172   1510   3677  2.420 0.538     0.129     0.031       26     2.7  S_orbital-H_Shaped
 2158   1396   2481  1.967 0.528     0.105     0.017       16     1.6  S_parieto_occipital
 1505    975   1072  1.481 0.389     0.132     0.021       24     1.3  S_pericallosal
 3955   2548   4810  2.007 0.474     0.111     0.019       31     3.3  S_postcentral
 2316   1540   3234  2.354 0.437     0.106     0.019       16     1.9  S_precentral-inf-part
 1493    983   2231  2.428 0.567     0.089     0.013        7     0.9  S_precentral-sup-part
  407    289    621  2.313 0.582     0.126     0.021        4     0.5  S_suborbital
 1494   1017   2254  2.346 0.476     0.120     0.023       12     1.4  S_subparietal
 1652   1109   2125  2.234 0.503     0.095     0.011        9     0.8  S_temporal_inf
 7314   4912   9850  2.232 0.458     0.102     0.016       47     5.2  S_temporal_sup
  351    220    291  1.620 0.464     0.133     0.014        5     0.2  S_temporal_transverse
#-----------------------------------------
#@# Parcellation Stats 3 rh Sun Mar  8 21:32:13 CET 2026
/out/sourcedata/freesurfer/sub-v1s14x0051579_ses-1/scripts

 mris_anatomical_stats -th3 -mgz -noglobal -cortex ../label/rh.cortex.label -f ../stats/rh.aparc.DKTatlas.stats -b -a ../label/rh.aparc.DKTatlas.annot -c ../label/aparc.annot.DKTatlas.ctab sub-v1s14x0051579_ses-1 rh white 

computing statistics for each annotation in ../label/rh.aparc.DKTatlas.annot.
reading volume /out/sourcedata/freesurfer/sub-v1s14x0051579_ses-1/mri/wm.mgz...
reading input surface /out/sourcedata/freesurfer/sub-v1s14x0051579_ses-1/surf/rh.white...
reading input pial surface /out/sourcedata/freesurfer/sub-v1s14x0051579_ses-1/surf/rh.pial...
reading input white surface /out/sourcedata/freesurfer/sub-v1s14x0051579_ses-1/surf/rh.white...
INFO: using TH3 volume calc
INFO: assuming MGZ format for volumes.
INFO: not computing global stats
INFO: using ../label/rh.cortex.label as mask to calc cortex NumVert, SurfArea and MeanThickness.
Using TH3 vertex volume calc
Total face volume 253400
Total vertex volume 253198 (mask=0)
Saving annotation colortable ../label/aparc.annot.DKTatlas.ctab

table columns are:
    number of vertices
    total surface area (mm^2)
    total gray matter volume (mm^3)
    average cortical thickness +- standard deviation (mm)
    integrated rectified mean curvature
    integrated rectified Gaussian curvature
    folding index
    intrinsic curvature index
    structure name

 1179    793   1841  2.017 0.734     0.127     0.018       17     1.0  caudalanteriorcingulate
 3829   2509   7052  2.472 0.592     0.105     0.018       29     2.7  caudalmiddlefrontal
 2952   1868   3684  1.792 0.574     0.117     0.026       28     3.4  cuneus
  591    380   1555  3.078 0.904     0.102     0.023        5     0.4  entorhinal
 4960   3415   8737  2.415 0.661     0.118     0.022       48     4.7  fusiform
 8772   6025  16519  2.352 0.614     0.119     0.022       93     7.7  inferiorparietal
 6867   4792  13091  2.380 0.716     0.122     0.026       79     7.6  inferiortemporal
 1543   1055   2553  2.160 0.829     0.127     0.027       20     1.7  isthmuscingulate
 8559   5555  11036  1.802 0.625     0.137     0.031      120    12.0  lateraloccipital
 5945   4109  10354  2.295 0.731     0.141     0.045       90    11.4  lateralorbitofrontal
 4561   2990   5134  1.641 0.556     0.120     0.025       45     4.8  lingual
 2669   1961   4639  2.086 0.673     0.151     0.049       51     5.8  medialorbitofrontal
 7655   5506  17409  2.632 0.693     0.116     0.021       78     6.9  middletemporal
 1325    779   2220  2.519 0.755     0.085     0.018       10     0.9  parahippocampal
 2725   1688   3491  2.071 0.561     0.117     0.026       23     3.0  paracentral
 3216   2100   6064  2.569 0.594     0.101     0.015       24     2.1  parsopercularis
 1270    848   2880  2.755 0.544     0.105     0.017       10     1.0  parsorbitalis
 3255   2314   6483  2.474 0.619     0.123     0.023       36     3.2  parstriangularis
 2191   1455   1722  1.308 0.233     0.130     0.029       24     2.7  pericalcarine
 8801   5346  11813  1.993 0.650     0.100     0.018       69     6.9  postcentral
 1956   1327   3198  2.261 0.673     0.124     0.021       23     1.8  posteriorcingulate
 8532   5221  14252  2.491 0.678     0.104     0.023       66     8.8  precentral
 5767   3796  10064  2.438 0.606     0.113     0.021       52     4.8  precuneus
 1244    851   2095  2.318 0.623     0.118     0.023       15     1.1  rostralanteriorcingulate
 6396   4539  12908  2.378 0.714     0.133     0.027       75     7.9  rostralmiddlefrontal
12970   8769  29350  2.897 0.622     0.116     0.023      120    12.3  superiorfrontal
 6708   4350  10417  2.162 0.569     0.111     0.021       64     5.7  superiorparietal
 7788   5253  16410  2.718 0.766     0.113     0.021       72     7.3  superiortemporal
 5594   3830   8959  2.243 0.510     0.124     0.023       58     5.5  supramarginal
  626    378    791  1.872 0.424     0.107     0.020        5     0.5  transversetemporal
 3442   2225   6476  2.998 0.682     0.103     0.020       25     2.8  insula
/out/sourcedata/freesurfer/sub-v1s14x0051579_ses-1/label
#--------------------------------------------
#@# BA_exvivo Labels rh Sun Mar  8 21:32:21 CET 2026

 mri_label2label --srcsubject fsaverage --srclabel /out/sourcedata/freesurfer/fsaverage/label/rh.BA1_exvivo.label --trgsubject sub-v1s14x0051579_ses-1 --trglabel ./rh.BA1_exvivo.label --hemi rh --regmethod surface 


srclabel = /out/sourcedata/freesurfer/fsaverage/label/rh.BA1_exvivo.label
srcsubject = fsaverage
trgsubject = sub-v1s14x0051579_ses-1
trglabel = ./rh.BA1_exvivo.label
regmethod = surface

srchemi = rh
trghemi = rh
trgsurface = white
srcsurfreg = sphere.reg
trgsurfreg = sphere.reg
usehash = 1
Use ProjAbs  = 0, 0
Use ProjFrac = 0, 0
DoPaint 0

SUBJECTS_DIR    /out/sourcedata/freesurfer
FREESURFER_HOME /opt/freesurfer
Loading source label.
Found 3962 points in source label.
Starting surface-based mapping
Reading source registration 
 /out/sourcedata/freesurfer/fsaverage/surf/rh.sphere.reg
Rescaling ...  original radius = 100
Reading target surface 
 /out/sourcedata/freesurfer/sub-v1s14x0051579_ses-1/surf/rh.white
Reading target registration 
 /out/sourcedata/freesurfer/sub-v1s14x0051579_ses-1/surf/rh.sphere.reg
Rescaling ...  original radius = 100
Building target registration hash (res=16).
Building source registration hash (res=16).
INFO: found  3962 nlabel points
Performing mapping from target back to the source label 153694
Number of reverse mapping hits = 672
Checking for and removing duplicates
Writing label file ./rh.BA1_exvivo.label 4634
mri_label2label: Done


 mri_label2label --srcsubject fsaverage --srclabel /out/sourcedata/freesurfer/fsaverage/label/rh.BA2_exvivo.label --trgsubject sub-v1s14x0051579_ses-1 --trglabel ./rh.BA2_exvivo.label --hemi rh --regmethod surface 


srclabel = /out/sourcedata/freesurfer/fsaverage/label/rh.BA2_exvivo.label
srcsubject = fsaverage
trgsubject = sub-v1s14x0051579_ses-1
trglabel = ./rh.BA2_exvivo.label
regmethod = surface

srchemi = rh
trghemi = rh
trgsurface = white
srcsurfreg = sphere.reg
trgsurfreg = sphere.reg
usehash = 1
Use ProjAbs  = 0, 0
Use ProjFrac = 0, 0
DoPaint 0

SUBJECTS_DIR    /out/sourcedata/freesurfer
FREESURFER_HOME /opt/freesurfer
Loading source label.
Found 6687 points in source label.
Starting surface-based mapping
Reading source registration 
 /out/sourcedata/freesurfer/fsaverage/surf/rh.sphere.reg
Rescaling ...  original radius = 100
Reading target surface 
 /out/sourcedata/freesurfer/sub-v1s14x0051579_ses-1/surf/rh.white
Reading target registration 
 /out/sourcedata/freesurfer/sub-v1s14x0051579_ses-1/surf/rh.sphere.reg
Rescaling ...  original radius = 100
Building target registration hash (res=16).
Building source registration hash (res=16).
INFO: found  6687 nlabel points
Performing mapping from target back to the source label 153694
Number of reverse mapping hits = 1169
Checking for and removing duplicates
Writing label file ./rh.BA2_exvivo.label 7856
mri_label2label: Done


 mri_label2label --srcsubject fsaverage --srclabel /out/sourcedata/freesurfer/fsaverage/label/rh.BA3a_exvivo.label --trgsubject sub-v1s14x0051579_ses-1 --trglabel ./rh.BA3a_exvivo.label --hemi rh --regmethod surface 


srclabel = /out/sourcedata/freesurfer/fsaverage/label/rh.BA3a_exvivo.label
srcsubject = fsaverage
trgsubject = sub-v1s14x0051579_ses-1
trglabel = ./rh.BA3a_exvivo.label
regmethod = surface

srchemi = rh
trghemi = rh
trgsurface = white
srcsurfreg = sphere.reg
trgsurfreg = sphere.reg
usehash = 1
Use ProjAbs  = 0, 0
Use ProjFrac = 0, 0
DoPaint 0

SUBJECTS_DIR    /out/sourcedata/freesurfer
FREESURFER_HOME /opt/freesurfer
Loading source label.
Found 3980 points in source label.
Starting surface-based mapping
Reading source registration 
 /out/sourcedata/freesurfer/fsaverage/surf/rh.sphere.reg
Rescaling ...  original radius = 100
Reading target surface 
 /out/sourcedata/freesurfer/sub-v1s14x0051579_ses-1/surf/rh.white
Reading target registration 
 /out/sourcedata/freesurfer/sub-v1s14x0051579_ses-1/surf/rh.sphere.reg
Rescaling ...  original radius = 100
Building target registration hash (res=16).
Building source registration hash (res=16).
INFO: found  3980 nlabel points
Performing mapping from target back to the source label 153694
Number of reverse mapping hits = 110
Checking for and removing duplicates
Writing label file ./rh.BA3a_exvivo.label 4090
mri_label2label: Done


 mri_label2label --srcsubject fsaverage --srclabel /out/sourcedata/freesurfer/fsaverage/label/rh.BA3b_exvivo.label --trgsubject sub-v1s14x0051579_ses-1 --trglabel ./rh.BA3b_exvivo.label --hemi rh --regmethod surface 


srclabel = /out/sourcedata/freesurfer/fsaverage/label/rh.BA3b_exvivo.label
srcsubject = fsaverage
trgsubject = sub-v1s14x0051579_ses-1
trglabel = ./rh.BA3b_exvivo.label
regmethod = surface

srchemi = rh
trghemi = rh
trgsurface = white
srcsurfreg = sphere.reg
trgsurfreg = sphere.reg
usehash = 1
Use ProjAbs  = 0, 0
Use ProjFrac = 0, 0
DoPaint 0

SUBJECTS_DIR    /out/sourcedata/freesurfer
FREESURFER_HOME /opt/freesurfer
Loading source label.
Found 4522 points in source label.
Starting surface-based mapping
Reading source registration 
 /out/sourcedata/freesurfer/fsaverage/surf/rh.sphere.reg
Rescaling ...  original radius = 100
Reading target surface 
 /out/sourcedata/freesurfer/sub-v1s14x0051579_ses-1/surf/rh.white
Reading target registration 
 /out/sourcedata/freesurfer/sub-v1s14x0051579_ses-1/surf/rh.sphere.reg
Rescaling ...  original radius = 100
Building target registration hash (res=16).
Building source registration hash (res=16).
INFO: found  4522 nlabel points
Performing mapping from target back to the source label 153694
Number of reverse mapping hits = 440
Checking for and removing duplicates
Writing label file ./rh.BA3b_exvivo.label 4962
mri_label2label: Done


 mri_label2label --srcsubject fsaverage --srclabel /out/sourcedata/freesurfer/fsaverage/label/rh.BA4a_exvivo.label --trgsubject sub-v1s14x0051579_ses-1 --trglabel ./rh.BA4a_exvivo.label --hemi rh --regmethod surface 


srclabel = /out/sourcedata/freesurfer/fsaverage/label/rh.BA4a_exvivo.label
srcsubject = fsaverage
trgsubject = sub-v1s14x0051579_ses-1
trglabel = ./rh.BA4a_exvivo.label
regmethod = surface

srchemi = rh
trghemi = rh
trgsurface = white
srcsurfreg = sphere.reg
trgsurfreg = sphere.reg
usehash = 1
Use ProjAbs  = 0, 0
Use ProjFrac = 0, 0
DoPaint 0

SUBJECTS_DIR    /out/sourcedata/freesurfer
FREESURFER_HOME /opt/freesurfer
Loading source label.
Found 5747 points in source label.
Starting surface-based mapping
Reading source registration 
 /out/sourcedata/freesurfer/fsaverage/surf/rh.sphere.reg
Rescaling ...  original radius = 100
Reading target surface 
 /out/sourcedata/freesurfer/sub-v1s14x0051579_ses-1/surf/rh.white
Reading target registration 
 /out/sourcedata/freesurfer/sub-v1s14x0051579_ses-1/surf/rh.sphere.reg
Rescaling ...  original radius = 100
Building target registration hash (res=16).
Building source registration hash (res=16).
INFO: found  5747 nlabel points
Performing mapping from target back to the source label 153694
Number of reverse mapping hits = 439
Checking for and removing duplicates
Writing label file ./rh.BA4a_exvivo.label 6186
mri_label2label: Done


 mri_label2label --srcsubject fsaverage --srclabel /out/sourcedata/freesurfer/fsaverage/label/rh.BA4p_exvivo.label --trgsubject sub-v1s14x0051579_ses-1 --trglabel ./rh.BA4p_exvivo.label --hemi rh --regmethod surface 


srclabel = /out/sourcedata/freesurfer/fsaverage/label/rh.BA4p_exvivo.label
srcsubject = fsaverage
trgsubject = sub-v1s14x0051579_ses-1
trglabel = ./rh.BA4p_exvivo.label
regmethod = surface

srchemi = rh
trghemi = rh
trgsurface = white
srcsurfreg = sphere.reg
trgsurfreg = sphere.reg
usehash = 1
Use ProjAbs  = 0, 0
Use ProjFrac = 0, 0
DoPaint 0

SUBJECTS_DIR    /out/sourcedata/freesurfer
FREESURFER_HOME /opt/freesurfer
Loading source label.
Found 4473 points in source label.
Starting surface-based mapping
Reading source registration 
 /out/sourcedata/freesurfer/fsaverage/surf/rh.sphere.reg
Rescaling ...  original radius = 100
Reading target surface 
 /out/sourcedata/freesurfer/sub-v1s14x0051579_ses-1/surf/rh.white
Reading target registration 
 /out/sourcedata/freesurfer/sub-v1s14x0051579_ses-1/surf/rh.sphere.reg
Rescaling ...  original radius = 100
Building target registration hash (res=16).
Building source registration hash (res=16).
INFO: found  4473 nlabel points
Performing mapping from target back to the source label 153694
Number of reverse mapping hits = 237
Checking for and removing duplicates
Writing label file ./rh.BA4p_exvivo.label 4710
mri_label2label: Done


 mri_label2label --srcsubject fsaverage --srclabel /out/sourcedata/freesurfer/fsaverage/label/rh.BA6_exvivo.label --trgsubject sub-v1s14x0051579_ses-1 --trglabel ./rh.BA6_exvivo.label --hemi rh --regmethod surface 


srclabel = /out/sourcedata/freesurfer/fsaverage/label/rh.BA6_exvivo.label
srcsubject = fsaverage
trgsubject = sub-v1s14x0051579_ses-1
trglabel = ./rh.BA6_exvivo.label
regmethod = surface

srchemi = rh
trghemi = rh
trgsurface = white
srcsurfreg = sphere.reg
trgsurfreg = sphere.reg
usehash = 1
Use ProjAbs  = 0, 0
Use ProjFrac = 0, 0
DoPaint 0

SUBJECTS_DIR    /out/sourcedata/freesurfer
FREESURFER_HOME /opt/freesurfer
Loading source label.
Found 12256 points in source label.
Starting surface-based mapping
Reading source registration 
 /out/sourcedata/freesurfer/fsaverage/surf/rh.sphere.reg
Rescaling ...  original radius = 100
Reading target surface 
 /out/sourcedata/freesurfer/sub-v1s14x0051579_ses-1/surf/rh.white
Reading target registration 
 /out/sourcedata/freesurfer/sub-v1s14x0051579_ses-1/surf/rh.sphere.reg
Rescaling ...  original radius = 100
Building target registration hash (res=16).
Building source registration hash (res=16).
INFO: found  12256 nlabel points
Performing mapping from target back to the source label 153694
Number of reverse mapping hits = 798
Checking for and removing duplicates
Writing label file ./rh.BA6_exvivo.label 13054
mri_label2label: Done


 mri_label2label --srcsubject fsaverage --srclabel /out/sourcedata/freesurfer/fsaverage/label/rh.BA44_exvivo.label --trgsubject sub-v1s14x0051579_ses-1 --trglabel ./rh.BA44_exvivo.label --hemi rh --regmethod surface 


srclabel = /out/sourcedata/freesurfer/fsaverage/label/rh.BA44_exvivo.label
srcsubject = fsaverage
trgsubject = sub-v1s14x0051579_ses-1
trglabel = ./rh.BA44_exvivo.label
regmethod = surface

srchemi = rh
trghemi = rh
trgsurface = white
srcsurfreg = sphere.reg
trgsurfreg = sphere.reg
usehash = 1
Use ProjAbs  = 0, 0
Use ProjFrac = 0, 0
DoPaint 0

SUBJECTS_DIR    /out/sourcedata/freesurfer
FREESURFER_HOME /opt/freesurfer
Loading source label.
Found 6912 points in source label.
Starting surface-based mapping
Reading source registration 
 /out/sourcedata/freesurfer/fsaverage/surf/rh.sphere.reg
Rescaling ...  original radius = 100
Reading target surface 
 /out/sourcedata/freesurfer/sub-v1s14x0051579_ses-1/surf/rh.white
Reading target registration 
 /out/sourcedata/freesurfer/sub-v1s14x0051579_ses-1/surf/rh.sphere.reg
Rescaling ...  original radius = 100
Building target registration hash (res=16).
Building source registration hash (res=16).
INFO: found  6912 nlabel points
Performing mapping from target back to the source label 153694
Number of reverse mapping hits = 1665
Checking for and removing duplicates
Writing label file ./rh.BA44_exvivo.label 8577
mri_label2label: Done


 mri_label2label --srcsubject fsaverage --srclabel /out/sourcedata/freesurfer/fsaverage/label/rh.BA45_exvivo.label --trgsubject sub-v1s14x0051579_ses-1 --trglabel ./rh.BA45_exvivo.label --hemi rh --regmethod surface 


srclabel = /out/sourcedata/freesurfer/fsaverage/label/rh.BA45_exvivo.label
srcsubject = fsaverage
trgsubject = sub-v1s14x0051579_ses-1
trglabel = ./rh.BA45_exvivo.label
regmethod = surface

srchemi = rh
trghemi = rh
trgsurface = white
srcsurfreg = sphere.reg
trgsurfreg = sphere.reg
usehash = 1
Use ProjAbs  = 0, 0
Use ProjFrac = 0, 0
DoPaint 0

SUBJECTS_DIR    /out/sourcedata/freesurfer
FREESURFER_HOME /opt/freesurfer
Loading source label.
Found 5355 points in source label.
Starting surface-based mapping
Reading source registration 
 /out/sourcedata/freesurfer/fsaverage/surf/rh.sphere.reg
Rescaling ...  original radius = 100
Reading target surface 
 /out/sourcedata/freesurfer/sub-v1s14x0051579_ses-1/surf/rh.white
Reading target registration 
 /out/sourcedata/freesurfer/sub-v1s14x0051579_ses-1/surf/rh.sphere.reg
Rescaling ...  original radius = 100
Building target registration hash (res=16).
Building source registration hash (res=16).
INFO: found  5355 nlabel points
Performing mapping from target back to the source label 153694
Number of reverse mapping hits = 2031
Checking for and removing duplicates
Writing label file ./rh.BA45_exvivo.label 7386
mri_label2label: Done


 mri_label2label --srcsubject fsaverage --srclabel /out/sourcedata/freesurfer/fsaverage/label/rh.V1_exvivo.label --trgsubject sub-v1s14x0051579_ses-1 --trglabel ./rh.V1_exvivo.label --hemi rh --regmethod surface 


srclabel = /out/sourcedata/freesurfer/fsaverage/label/rh.V1_exvivo.label
srcsubject = fsaverage
trgsubject = sub-v1s14x0051579_ses-1
trglabel = ./rh.V1_exvivo.label
regmethod = surface

srchemi = rh
trghemi = rh
trgsurface = white
srcsurfreg = sphere.reg
trgsurfreg = sphere.reg
usehash = 1
Use ProjAbs  = 0, 0
Use ProjFrac = 0, 0
DoPaint 0

SUBJECTS_DIR    /out/sourcedata/freesurfer
FREESURFER_HOME /opt/freesurfer
Loading source label.
Found 4727 points in source label.
Starting surface-based mapping
Reading source registration 
 /out/sourcedata/freesurfer/fsaverage/surf/rh.sphere.reg
Rescaling ...  original radius = 100
Reading target surface 
 /out/sourcedata/freesurfer/sub-v1s14x0051579_ses-1/surf/rh.white
Reading target registration 
 /out/sourcedata/freesurfer/sub-v1s14x0051579_ses-1/surf/rh.sphere.reg
Rescaling ...  original radius = 100
Building target registration hash (res=16).
Building source registration hash (res=16).
INFO: found  4727 nlabel points
Performing mapping from target back to the source label 153694
Number of reverse mapping hits = 1302
Checking for and removing duplicates
Writing label file ./rh.V1_exvivo.label 6029
mri_label2label: Done


 mri_label2label --srcsubject fsaverage --srclabel /out/sourcedata/freesurfer/fsaverage/label/rh.V2_exvivo.label --trgsubject sub-v1s14x0051579_ses-1 --trglabel ./rh.V2_exvivo.label --hemi rh --regmethod surface 


srclabel = /out/sourcedata/freesurfer/fsaverage/label/rh.V2_exvivo.label
srcsubject = fsaverage
trgsubject = sub-v1s14x0051579_ses-1
trglabel = ./rh.V2_exvivo.label
regmethod = surface

srchemi = rh
trghemi = rh
trgsurface = white
srcsurfreg = sphere.reg
trgsurfreg = sphere.reg
usehash = 1
Use ProjAbs  = 0, 0
Use ProjFrac = 0, 0
DoPaint 0

SUBJECTS_DIR    /out/sourcedata/freesurfer
FREESURFER_HOME /opt/freesurfer
Loading source label.
Found 8016 points in source label.
Starting surface-based mapping
Reading source registration 
 /out/sourcedata/freesurfer/fsaverage/surf/rh.sphere.reg
Rescaling ...  original radius = 100
Reading target surface 
 /out/sourcedata/freesurfer/sub-v1s14x0051579_ses-1/surf/rh.white
Reading target registration 
 /out/sourcedata/freesurfer/sub-v1s14x0051579_ses-1/surf/rh.sphere.reg
Rescaling ...  original radius = 100
Building target registration hash (res=16).
Building source registration hash (res=16).
INFO: found  8016 nlabel points
Performing mapping from target back to the source label 153694
Number of reverse mapping hits = 2633
Checking for and removing duplicates
Writing label file ./rh.V2_exvivo.label 10649
mri_label2label: Done


 mri_label2label --srcsubject fsaverage --srclabel /out/sourcedata/freesurfer/fsaverage/label/rh.MT_exvivo.label --trgsubject sub-v1s14x0051579_ses-1 --trglabel ./rh.MT_exvivo.label --hemi rh --regmethod surface 


srclabel = /out/sourcedata/freesurfer/fsaverage/label/rh.MT_exvivo.label
srcsubject = fsaverage
trgsubject = sub-v1s14x0051579_ses-1
trglabel = ./rh.MT_exvivo.label
regmethod = surface

srchemi = rh
trghemi = rh
trgsurface = white
srcsurfreg = sphere.reg
trgsurfreg = sphere.reg
usehash = 1
Use ProjAbs  = 0, 0
Use ProjFrac = 0, 0
DoPaint 0

SUBJECTS_DIR    /out/sourcedata/freesurfer
FREESURFER_HOME /opt/freesurfer
Loading source label.
Found 1932 points in source label.
Starting surface-based mapping
Reading source registration 
 /out/sourcedata/freesurfer/fsaverage/surf/rh.sphere.reg
Rescaling ...  original radius = 100
Reading target surface 
 /out/sourcedata/freesurfer/sub-v1s14x0051579_ses-1/surf/rh.white
Reading target registration 
 /out/sourcedata/freesurfer/sub-v1s14x0051579_ses-1/surf/rh.sphere.reg
Rescaling ...  original radius = 100
Building target registration hash (res=16).
Building source registration hash (res=16).
INFO: found  1932 nlabel points
Performing mapping from target back to the source label 153694
Number of reverse mapping hits = 680
Checking for and removing duplicates
Writing label file ./rh.MT_exvivo.label 2612
mri_label2label: Done


 mri_label2label --srcsubject fsaverage --srclabel /out/sourcedata/freesurfer/fsaverage/label/rh.entorhinal_exvivo.label --trgsubject sub-v1s14x0051579_ses-1 --trglabel ./rh.entorhinal_exvivo.label --hemi rh --regmethod surface 


srclabel = /out/sourcedata/freesurfer/fsaverage/label/rh.entorhinal_exvivo.label
srcsubject = fsaverage
trgsubject = sub-v1s14x0051579_ses-1
trglabel = ./rh.entorhinal_exvivo.label
regmethod = surface

srchemi = rh
trghemi = rh
trgsurface = white
srcsurfreg = sphere.reg
trgsurfreg = sphere.reg
usehash = 1
Use ProjAbs  = 0, 0
Use ProjFrac = 0, 0
DoPaint 0

SUBJECTS_DIR    /out/sourcedata/freesurfer
FREESURFER_HOME /opt/freesurfer
Loading source label.
Found 1038 points in source label.
Starting surface-based mapping
Reading source registration 
 /out/sourcedata/freesurfer/fsaverage/surf/rh.sphere.reg
Rescaling ...  original radius = 100
Reading target surface 
 /out/sourcedata/freesurfer/sub-v1s14x0051579_ses-1/surf/rh.white
Reading target registration 
 /out/sourcedata/freesurfer/sub-v1s14x0051579_ses-1/surf/rh.sphere.reg
Rescaling ...  original radius = 100
Building target registration hash (res=16).
Building source registration hash (res=16).
INFO: found  1038 nlabel points
Performing mapping from target back to the source label 153694
Number of reverse mapping hits = 203
Checking for and removing duplicates
Writing label file ./rh.entorhinal_exvivo.label 1241
mri_label2label: Done


 mri_label2label --srcsubject fsaverage --srclabel /out/sourcedata/freesurfer/fsaverage/label/rh.perirhinal_exvivo.label --trgsubject sub-v1s14x0051579_ses-1 --trglabel ./rh.perirhinal_exvivo.label --hemi rh --regmethod surface 


srclabel = /out/sourcedata/freesurfer/fsaverage/label/rh.perirhinal_exvivo.label
srcsubject = fsaverage
trgsubject = sub-v1s14x0051579_ses-1
trglabel = ./rh.perirhinal_exvivo.label
regmethod = surface

srchemi = rh
trghemi = rh
trgsurface = white
srcsurfreg = sphere.reg
trgsurfreg = sphere.reg
usehash = 1
Use ProjAbs  = 0, 0
Use ProjFrac = 0, 0
DoPaint 0

SUBJECTS_DIR    /out/sourcedata/freesurfer
FREESURFER_HOME /opt/freesurfer
Loading source label.
Found 752 points in source label.
Starting surface-based mapping
Reading source registration 
 /out/sourcedata/freesurfer/fsaverage/surf/rh.sphere.reg
Rescaling ...  original radius = 100
Reading target surface 
 /out/sourcedata/freesurfer/sub-v1s14x0051579_ses-1/surf/rh.white
Reading target registration 
 /out/sourcedata/freesurfer/sub-v1s14x0051579_ses-1/surf/rh.sphere.reg
Rescaling ...  original radius = 100
Building target registration hash (res=16).
Building source registration hash (res=16).
INFO: found  752 nlabel points
Performing mapping from target back to the source label 153694
Number of reverse mapping hits = 130
Checking for and removing duplicates
Writing label file ./rh.perirhinal_exvivo.label 882
mri_label2label: Done


 mri_label2label --srcsubject fsaverage --srclabel /out/sourcedata/freesurfer/fsaverage/label/rh.FG1.mpm.vpnl.label --trgsubject sub-v1s14x0051579_ses-1 --trglabel ./rh.FG1.mpm.vpnl.label --hemi rh --regmethod surface 


srclabel = /out/sourcedata/freesurfer/fsaverage/label/rh.FG1.mpm.vpnl.label
srcsubject = fsaverage
trgsubject = sub-v1s14x0051579_ses-1
trglabel = ./rh.FG1.mpm.vpnl.label
regmethod = surface

srchemi = rh
trghemi = rh
trgsurface = white
srcsurfreg = sphere.reg
trgsurfreg = sphere.reg
usehash = 1
Use ProjAbs  = 0, 0
Use ProjFrac = 0, 0
DoPaint 0

SUBJECTS_DIR    /out/sourcedata/freesurfer
FREESURFER_HOME /opt/freesurfer
Loading source label.
Found 541 points in source label.
Starting surface-based mapping
Reading source registration 
 /out/sourcedata/freesurfer/fsaverage/surf/rh.sphere.reg
Rescaling ...  original radius = 100
Reading target surface 
 /out/sourcedata/freesurfer/sub-v1s14x0051579_ses-1/surf/rh.white
Reading target registration 
 /out/sourcedata/freesurfer/sub-v1s14x0051579_ses-1/surf/rh.sphere.reg
Rescaling ...  original radius = 100
Building target registration hash (res=16).
Building source registration hash (res=16).
INFO: found  541 nlabel points
Performing mapping from target back to the source label 153694
Number of reverse mapping hits = 205
Checking for and removing duplicates
Writing label file ./rh.FG1.mpm.vpnl.label 746
mri_label2label: Done


 mri_label2label --srcsubject fsaverage --srclabel /out/sourcedata/freesurfer/fsaverage/label/rh.FG2.mpm.vpnl.label --trgsubject sub-v1s14x0051579_ses-1 --trglabel ./rh.FG2.mpm.vpnl.label --hemi rh --regmethod surface 


srclabel = /out/sourcedata/freesurfer/fsaverage/label/rh.FG2.mpm.vpnl.label
srcsubject = fsaverage
trgsubject = sub-v1s14x0051579_ses-1
trglabel = ./rh.FG2.mpm.vpnl.label
regmethod = surface

srchemi = rh
trghemi = rh
trgsurface = white
srcsurfreg = sphere.reg
trgsurfreg = sphere.reg
usehash = 1
Use ProjAbs  = 0, 0
Use ProjFrac = 0, 0
DoPaint 0

SUBJECTS_DIR    /out/sourcedata/freesurfer
FREESURFER_HOME /opt/freesurfer
Loading source label.
Found 721 points in source label.
Starting surface-based mapping
Reading source registration 
 /out/sourcedata/freesurfer/fsaverage/surf/rh.sphere.reg
Rescaling ...  original radius = 100
Reading target surface 
 /out/sourcedata/freesurfer/sub-v1s14x0051579_ses-1/surf/rh.white
Reading target registration 
 /out/sourcedata/freesurfer/sub-v1s14x0051579_ses-1/surf/rh.sphere.reg
Rescaling ...  original radius = 100
Building target registration hash (res=16).
Building source registration hash (res=16).
INFO: found  721 nlabel points
Performing mapping from target back to the source label 153694
Number of reverse mapping hits = 250
Checking for and removing duplicates
Writing label file ./rh.FG2.mpm.vpnl.label 971
mri_label2label: Done


 mri_label2label --srcsubject fsaverage --srclabel /out/sourcedata/freesurfer/fsaverage/label/rh.FG3.mpm.vpnl.label --trgsubject sub-v1s14x0051579_ses-1 --trglabel ./rh.FG3.mpm.vpnl.label --hemi rh --regmethod surface 


srclabel = /out/sourcedata/freesurfer/fsaverage/label/rh.FG3.mpm.vpnl.label
srcsubject = fsaverage
trgsubject = sub-v1s14x0051579_ses-1
trglabel = ./rh.FG3.mpm.vpnl.label
regmethod = surface

srchemi = rh
trghemi = rh
trgsurface = white
srcsurfreg = sphere.reg
trgsurfreg = sphere.reg
usehash = 1
Use ProjAbs  = 0, 0
Use ProjFrac = 0, 0
DoPaint 0

SUBJECTS_DIR    /out/sourcedata/freesurfer
FREESURFER_HOME /opt/freesurfer
Loading source label.
Found 1523 points in source label.
Starting surface-based mapping
Reading source registration 
 /out/sourcedata/freesurfer/fsaverage/surf/rh.sphere.reg
Rescaling ...  original radius = 100
Reading target surface 
 /out/sourcedata/freesurfer/sub-v1s14x0051579_ses-1/surf/rh.white
Reading target registration 
 /out/sourcedata/freesurfer/sub-v1s14x0051579_ses-1/surf/rh.sphere.reg
Rescaling ...  original radius = 100
Building target registration hash (res=16).
Building source registration hash (res=16).
INFO: found  1523 nlabel points
Performing mapping from target back to the source label 153694
Number of reverse mapping hits = 371
Checking for and removing duplicates
Writing label file ./rh.FG3.mpm.vpnl.label 1894
mri_label2label: Done


 mri_label2label --srcsubject fsaverage --srclabel /out/sourcedata/freesurfer/fsaverage/label/rh.FG4.mpm.vpnl.label --trgsubject sub-v1s14x0051579_ses-1 --trglabel ./rh.FG4.mpm.vpnl.label --hemi rh --regmethod surface 


srclabel = /out/sourcedata/freesurfer/fsaverage/label/rh.FG4.mpm.vpnl.label
srcsubject = fsaverage
trgsubject = sub-v1s14x0051579_ses-1
trglabel = ./rh.FG4.mpm.vpnl.label
regmethod = surface

srchemi = rh
trghemi = rh
trgsurface = white
srcsurfreg = sphere.reg
trgsurfreg = sphere.reg
usehash = 1
Use ProjAbs  = 0, 0
Use ProjFrac = 0, 0
DoPaint 0

SUBJECTS_DIR    /out/sourcedata/freesurfer
FREESURFER_HOME /opt/freesurfer
Loading source label.
Found 1586 points in source label.
Starting surface-based mapping
Reading source registration 
 /out/sourcedata/freesurfer/fsaverage/surf/rh.sphere.reg
Rescaling ...  original radius = 100
Reading target surface 
 /out/sourcedata/freesurfer/sub-v1s14x0051579_ses-1/surf/rh.white
Reading target registration 
 /out/sourcedata/freesurfer/sub-v1s14x0051579_ses-1/surf/rh.sphere.reg
Rescaling ...  original radius = 100
Building target registration hash (res=16).
Building source registration hash (res=16).
INFO: found  1586 nlabel points
Performing mapping from target back to the source label 153694
Number of reverse mapping hits = 467
Checking for and removing duplicates
Writing label file ./rh.FG4.mpm.vpnl.label 2053
mri_label2label: Done


 mri_label2label --srcsubject fsaverage --srclabel /out/sourcedata/freesurfer/fsaverage/label/rh.hOc1.mpm.vpnl.label --trgsubject sub-v1s14x0051579_ses-1 --trglabel ./rh.hOc1.mpm.vpnl.label --hemi rh --regmethod surface 


srclabel = /out/sourcedata/freesurfer/fsaverage/label/rh.hOc1.mpm.vpnl.label
srcsubject = fsaverage
trgsubject = sub-v1s14x0051579_ses-1
trglabel = ./rh.hOc1.mpm.vpnl.label
regmethod = surface

srchemi = rh
trghemi = rh
trgsurface = white
srcsurfreg = sphere.reg
trgsurfreg = sphere.reg
usehash = 1
Use ProjAbs  = 0, 0
Use ProjFrac = 0, 0
DoPaint 0

SUBJECTS_DIR    /out/sourcedata/freesurfer
FREESURFER_HOME /opt/freesurfer
Loading source label.
Found 3667 points in source label.
Starting surface-based mapping
Reading source registration 
 /out/sourcedata/freesurfer/fsaverage/surf/rh.sphere.reg
Rescaling ...  original radius = 100
Reading target surface 
 /out/sourcedata/freesurfer/sub-v1s14x0051579_ses-1/surf/rh.white
Reading target registration 
 /out/sourcedata/freesurfer/sub-v1s14x0051579_ses-1/surf/rh.sphere.reg
Rescaling ...  original radius = 100
Building target registration hash (res=16).
Building source registration hash (res=16).
INFO: found  3667 nlabel points
Performing mapping from target back to the source label 153694
Number of reverse mapping hits = 950
Checking for and removing duplicates
Writing label file ./rh.hOc1.mpm.vpnl.label 4617
mri_label2label: Done


 mri_label2label --srcsubject fsaverage --srclabel /out/sourcedata/freesurfer/fsaverage/label/rh.hOc2.mpm.vpnl.label --trgsubject sub-v1s14x0051579_ses-1 --trglabel ./rh.hOc2.mpm.vpnl.label --hemi rh --regmethod surface 


srclabel = /out/sourcedata/freesurfer/fsaverage/label/rh.hOc2.mpm.vpnl.label
srcsubject = fsaverage
trgsubject = sub-v1s14x0051579_ses-1
trglabel = ./rh.hOc2.mpm.vpnl.label
regmethod = surface

srchemi = rh
trghemi = rh
trgsurface = white
srcsurfreg = sphere.reg
trgsurfreg = sphere.reg
usehash = 1
Use ProjAbs  = 0, 0
Use ProjFrac = 0, 0
DoPaint 0

SUBJECTS_DIR    /out/sourcedata/freesurfer
FREESURFER_HOME /opt/freesurfer
Loading source label.
Found 2719 points in source label.
Starting surface-based mapping
Reading source registration 
 /out/sourcedata/freesurfer/fsaverage/surf/rh.sphere.reg
Rescaling ...  original radius = 100
Reading target surface 
 /out/sourcedata/freesurfer/sub-v1s14x0051579_ses-1/surf/rh.white
Reading target registration 
 /out/sourcedata/freesurfer/sub-v1s14x0051579_ses-1/surf/rh.sphere.reg
Rescaling ...  original radius = 100
Building target registration hash (res=16).
Building source registration hash (res=16).
INFO: found  2719 nlabel points
Performing mapping from target back to the source label 153694
Number of reverse mapping hits = 924
Checking for and removing duplicates
Writing label file ./rh.hOc2.mpm.vpnl.label 3643
mri_label2label: Done


 mri_label2label --srcsubject fsaverage --srclabel /out/sourcedata/freesurfer/fsaverage/label/rh.hOc3v.mpm.vpnl.label --trgsubject sub-v1s14x0051579_ses-1 --trglabel ./rh.hOc3v.mpm.vpnl.label --hemi rh --regmethod surface 


srclabel = /out/sourcedata/freesurfer/fsaverage/label/rh.hOc3v.mpm.vpnl.label
srcsubject = fsaverage
trgsubject = sub-v1s14x0051579_ses-1
trglabel = ./rh.hOc3v.mpm.vpnl.label
regmethod = surface

srchemi = rh
trghemi = rh
trgsurface = white
srcsurfreg = sphere.reg
trgsurfreg = sphere.reg
usehash = 1
Use ProjAbs  = 0, 0
Use ProjFrac = 0, 0
DoPaint 0

SUBJECTS_DIR    /out/sourcedata/freesurfer
FREESURFER_HOME /opt/freesurfer
Loading source label.
Found 1228 points in source label.
Starting surface-based mapping
Reading source registration 
 /out/sourcedata/freesurfer/fsaverage/surf/rh.sphere.reg
Rescaling ...  original radius = 100
Reading target surface 
 /out/sourcedata/freesurfer/sub-v1s14x0051579_ses-1/surf/rh.white
Reading target registration 
 /out/sourcedata/freesurfer/sub-v1s14x0051579_ses-1/surf/rh.sphere.reg
Rescaling ...  original radius = 100
Building target registration hash (res=16).
Building source registration hash (res=16).
INFO: found  1228 nlabel points
Performing mapping from target back to the source label 153694
Number of reverse mapping hits = 584
Checking for and removing duplicates
Writing label file ./rh.hOc3v.mpm.vpnl.label 1812
mri_label2label: Done


 mri_label2label --srcsubject fsaverage --srclabel /out/sourcedata/freesurfer/fsaverage/label/rh.hOc4v.mpm.vpnl.label --trgsubject sub-v1s14x0051579_ses-1 --trglabel ./rh.hOc4v.mpm.vpnl.label --hemi rh --regmethod surface 


srclabel = /out/sourcedata/freesurfer/fsaverage/label/rh.hOc4v.mpm.vpnl.label
srcsubject = fsaverage
trgsubject = sub-v1s14x0051579_ses-1
trglabel = ./rh.hOc4v.mpm.vpnl.label
regmethod = surface

srchemi = rh
trghemi = rh
trgsurface = white
srcsurfreg = sphere.reg
trgsurfreg = sphere.reg
usehash = 1
Use ProjAbs  = 0, 0
Use ProjFrac = 0, 0
DoPaint 0

SUBJECTS_DIR    /out/sourcedata/freesurfer
FREESURFER_HOME /opt/freesurfer
Loading source label.
Found 1025 points in source label.
Starting surface-based mapping
Reading source registration 
 /out/sourcedata/freesurfer/fsaverage/surf/rh.sphere.reg
Rescaling ...  original radius = 100
Reading target surface 
 /out/sourcedata/freesurfer/sub-v1s14x0051579_ses-1/surf/rh.white
Reading target registration 
 /out/sourcedata/freesurfer/sub-v1s14x0051579_ses-1/surf/rh.sphere.reg
Rescaling ...  original radius = 100
Building target registration hash (res=16).
Building source registration hash (res=16).
INFO: found  1025 nlabel points
Performing mapping from target back to the source label 153694
Number of reverse mapping hits = 401
Checking for and removing duplicates
Writing label file ./rh.hOc4v.mpm.vpnl.label 1426
mri_label2label: Done


 mris_label2annot --s sub-v1s14x0051579_ses-1 --ctab /opt/freesurfer/average/colortable_vpnl.txt --hemi rh --a mpm.vpnl --maxstatwinner --noverbose --l rh.FG1.mpm.vpnl.label --l rh.FG2.mpm.vpnl.label --l rh.FG3.mpm.vpnl.label --l rh.FG4.mpm.vpnl.label --l rh.hOc1.mpm.vpnl.label --l rh.hOc2.mpm.vpnl.label --l rh.hOc3v.mpm.vpnl.label --l rh.hOc4v.mpm.vpnl.label 

Reading ctab /opt/freesurfer/average/colortable_vpnl.txt
Number of ctab entries 9

7.3.2
cwd /out/sourcedata/freesurfer/sub-v1s14x0051579_ses-1/label
cmdline mris_label2annot --s sub-v1s14x0051579_ses-1 --ctab /opt/freesurfer/average/colortable_vpnl.txt --hemi rh --a mpm.vpnl --maxstatwinner --noverbose --l rh.FG1.mpm.vpnl.label --l rh.FG2.mpm.vpnl.label --l rh.FG3.mpm.vpnl.label --l rh.FG4.mpm.vpnl.label --l rh.hOc1.mpm.vpnl.label --l rh.hOc2.mpm.vpnl.label --l rh.hOc3v.mpm.vpnl.label --l rh.hOc4v.mpm.vpnl.label 
sysname  Linux
hostname dna079
machine  x86_64
user     oesteban

subject sub-v1s14x0051579_ses-1
hemi    rh
SUBJECTS_DIR /out/sourcedata/freesurfer
ColorTable /opt/freesurfer/average/colortable_vpnl.txt
AnnotName  mpm.vpnl
nlables 8
LabelThresh 0 0.000000
Loading /out/sourcedata/freesurfer/sub-v1s14x0051579_ses-1/surf/rh.orig
 1 1376057 FG1
 2 16711935 FG2
 3 16711680 FG3
 4 1705837 FG4
 5 25600 hOc1
 6 255 hOc2
 7 16776960 hOc3v
 8 65535 hOc4v
Mapping unhit to unknown
Found 137418 unhit vertices
Writing annot to /out/sourcedata/freesurfer/sub-v1s14x0051579_ses-1/label/rh.mpm.vpnl.annot

 mri_label2label --srcsubject fsaverage --srclabel /out/sourcedata/freesurfer/fsaverage/label/rh.BA1_exvivo.thresh.label --trgsubject sub-v1s14x0051579_ses-1 --trglabel ./rh.BA1_exvivo.thresh.label --hemi rh --regmethod surface 


srclabel = /out/sourcedata/freesurfer/fsaverage/label/rh.BA1_exvivo.thresh.label
srcsubject = fsaverage
trgsubject = sub-v1s14x0051579_ses-1
trglabel = ./rh.BA1_exvivo.thresh.label
regmethod = surface

srchemi = rh
trghemi = rh
trgsurface = white
srcsurfreg = sphere.reg
trgsurfreg = sphere.reg
usehash = 1
Use ProjAbs  = 0, 0
Use ProjFrac = 0, 0
DoPaint 0

SUBJECTS_DIR    /out/sourcedata/freesurfer
FREESURFER_HOME /opt/freesurfer
Loading source label.
Found 876 points in source label.
Starting surface-based mapping
Reading source registration 
 /out/sourcedata/freesurfer/fsaverage/surf/rh.sphere.reg
Rescaling ...  original radius = 100
Reading target surface 
 /out/sourcedata/freesurfer/sub-v1s14x0051579_ses-1/surf/rh.white
Reading target registration 
 /out/sourcedata/freesurfer/sub-v1s14x0051579_ses-1/surf/rh.sphere.reg
Rescaling ...  original radius = 100
Building target registration hash (res=16).
Building source registration hash (res=16).
INFO: found  876 nlabel points
Performing mapping from target back to the source label 153694
Number of reverse mapping hits = 204
Checking for and removing duplicates
Writing label file ./rh.BA1_exvivo.thresh.label 1080
mri_label2label: Done


 mri_label2label --srcsubject fsaverage --srclabel /out/sourcedata/freesurfer/fsaverage/label/rh.BA2_exvivo.thresh.label --trgsubject sub-v1s14x0051579_ses-1 --trglabel ./rh.BA2_exvivo.thresh.label --hemi rh --regmethod surface 


srclabel = /out/sourcedata/freesurfer/fsaverage/label/rh.BA2_exvivo.thresh.label
srcsubject = fsaverage
trgsubject = sub-v1s14x0051579_ses-1
trglabel = ./rh.BA2_exvivo.thresh.label
regmethod = surface

srchemi = rh
trghemi = rh
trgsurface = white
srcsurfreg = sphere.reg
trgsurfreg = sphere.reg
usehash = 1
Use ProjAbs  = 0, 0
Use ProjFrac = 0, 0
DoPaint 0

SUBJECTS_DIR    /out/sourcedata/freesurfer
FREESURFER_HOME /opt/freesurfer
Loading source label.
Found 2688 points in source label.
Starting surface-based mapping
Reading source registration 
 /out/sourcedata/freesurfer/fsaverage/surf/rh.sphere.reg
Rescaling ...  original radius = 100
Reading target surface 
 /out/sourcedata/freesurfer/sub-v1s14x0051579_ses-1/surf/rh.white
Reading target registration 
 /out/sourcedata/freesurfer/sub-v1s14x0051579_ses-1/surf/rh.sphere.reg
Rescaling ...  original radius = 100
Building target registration hash (res=16).
Building source registration hash (res=16).
INFO: found  2688 nlabel points
Performing mapping from target back to the source label 153694
Number of reverse mapping hits = 505
Checking for and removing duplicates
Writing label file ./rh.BA2_exvivo.thresh.label 3193
mri_label2label: Done


 mri_label2label --srcsubject fsaverage --srclabel /out/sourcedata/freesurfer/fsaverage/label/rh.BA3a_exvivo.thresh.label --trgsubject sub-v1s14x0051579_ses-1 --trglabel ./rh.BA3a_exvivo.thresh.label --hemi rh --regmethod surface 


srclabel = /out/sourcedata/freesurfer/fsaverage/label/rh.BA3a_exvivo.thresh.label
srcsubject = fsaverage
trgsubject = sub-v1s14x0051579_ses-1
trglabel = ./rh.BA3a_exvivo.thresh.label
regmethod = surface

srchemi = rh
trghemi = rh
trgsurface = white
srcsurfreg = sphere.reg
trgsurfreg = sphere.reg
usehash = 1
Use ProjAbs  = 0, 0
Use ProjFrac = 0, 0
DoPaint 0

SUBJECTS_DIR    /out/sourcedata/freesurfer
FREESURFER_HOME /opt/freesurfer
Loading source label.
Found 1698 points in source label.
Starting surface-based mapping
Reading source registration 
 /out/sourcedata/freesurfer/fsaverage/surf/rh.sphere.reg
Rescaling ...  original radius = 100
Reading target surface 
 /out/sourcedata/freesurfer/sub-v1s14x0051579_ses-1/surf/rh.white
Reading target registration 
 /out/sourcedata/freesurfer/sub-v1s14x0051579_ses-1/surf/rh.sphere.reg
Rescaling ...  original radius = 100
Building target registration hash (res=16).
Building source registration hash (res=16).
INFO: found  1698 nlabel points
Performing mapping from target back to the source label 153694
Number of reverse mapping hits = 27
Checking for and removing duplicates
Writing label file ./rh.BA3a_exvivo.thresh.label 1725
mri_label2label: Done


 mri_label2label --srcsubject fsaverage --srclabel /out/sourcedata/freesurfer/fsaverage/label/rh.BA3b_exvivo.thresh.label --trgsubject sub-v1s14x0051579_ses-1 --trglabel ./rh.BA3b_exvivo.thresh.label --hemi rh --regmethod surface 


srclabel = /out/sourcedata/freesurfer/fsaverage/label/rh.BA3b_exvivo.thresh.label
srcsubject = fsaverage
trgsubject = sub-v1s14x0051579_ses-1
trglabel = ./rh.BA3b_exvivo.thresh.label
regmethod = surface

srchemi = rh
trghemi = rh
trgsurface = white
srcsurfreg = sphere.reg
trgsurfreg = sphere.reg
usehash = 1
Use ProjAbs  = 0, 0
Use ProjFrac = 0, 0
DoPaint 0

SUBJECTS_DIR    /out/sourcedata/freesurfer
FREESURFER_HOME /opt/freesurfer
Loading source label.
Found 2183 points in source label.
Starting surface-based mapping
Reading source registration 
 /out/sourcedata/freesurfer/fsaverage/surf/rh.sphere.reg
Rescaling ...  original radius = 100
Reading target surface 
 /out/sourcedata/freesurfer/sub-v1s14x0051579_ses-1/surf/rh.white
Reading target registration 
 /out/sourcedata/freesurfer/sub-v1s14x0051579_ses-1/surf/rh.sphere.reg
Rescaling ...  original radius = 100
Building target registration hash (res=16).
Building source registration hash (res=16).
INFO: found  2183 nlabel points
Performing mapping from target back to the source label 153694
Number of reverse mapping hits = 105
Checking for and removing duplicates
Writing label file ./rh.BA3b_exvivo.thresh.label 2288
mri_label2label: Done


 mri_label2label --srcsubject fsaverage --srclabel /out/sourcedata/freesurfer/fsaverage/label/rh.BA4a_exvivo.thresh.label --trgsubject sub-v1s14x0051579_ses-1 --trglabel ./rh.BA4a_exvivo.thresh.label --hemi rh --regmethod surface 


srclabel = /out/sourcedata/freesurfer/fsaverage/label/rh.BA4a_exvivo.thresh.label
srcsubject = fsaverage
trgsubject = sub-v1s14x0051579_ses-1
trglabel = ./rh.BA4a_exvivo.thresh.label
regmethod = surface

srchemi = rh
trghemi = rh
trgsurface = white
srcsurfreg = sphere.reg
trgsurfreg = sphere.reg
usehash = 1
Use ProjAbs  = 0, 0
Use ProjFrac = 0, 0
DoPaint 0

SUBJECTS_DIR    /out/sourcedata/freesurfer
FREESURFER_HOME /opt/freesurfer
Loading source label.
Found 1388 points in source label.
Starting surface-based mapping
Reading source registration 
 /out/sourcedata/freesurfer/fsaverage/surf/rh.sphere.reg
Rescaling ...  original radius = 100
Reading target surface 
 /out/sourcedata/freesurfer/sub-v1s14x0051579_ses-1/surf/rh.white
Reading target registration 
 /out/sourcedata/freesurfer/sub-v1s14x0051579_ses-1/surf/rh.sphere.reg
Rescaling ...  original radius = 100
Building target registration hash (res=16).
Building source registration hash (res=16).
INFO: found  1388 nlabel points
Performing mapping from target back to the source label 153694
Number of reverse mapping hits = 110
Checking for and removing duplicates
Writing label file ./rh.BA4a_exvivo.thresh.label 1498
mri_label2label: Done


 mri_label2label --srcsubject fsaverage --srclabel /out/sourcedata/freesurfer/fsaverage/label/rh.BA4p_exvivo.thresh.label --trgsubject sub-v1s14x0051579_ses-1 --trglabel ./rh.BA4p_exvivo.thresh.label --hemi rh --regmethod surface 


srclabel = /out/sourcedata/freesurfer/fsaverage/label/rh.BA4p_exvivo.thresh.label
srcsubject = fsaverage
trgsubject = sub-v1s14x0051579_ses-1
trglabel = ./rh.BA4p_exvivo.thresh.label
regmethod = surface

srchemi = rh
trghemi = rh
trgsurface = white
srcsurfreg = sphere.reg
trgsurfreg = sphere.reg
usehash = 1
Use ProjAbs  = 0, 0
Use ProjFrac = 0, 0
DoPaint 0

SUBJECTS_DIR    /out/sourcedata/freesurfer
FREESURFER_HOME /opt/freesurfer
Loading source label.
Found 1489 points in source label.
Starting surface-based mapping
Reading source registration 
 /out/sourcedata/freesurfer/fsaverage/surf/rh.sphere.reg
Rescaling ...  original radius = 100
Reading target surface 
 /out/sourcedata/freesurfer/sub-v1s14x0051579_ses-1/surf/rh.white
Reading target registration 
 /out/sourcedata/freesurfer/sub-v1s14x0051579_ses-1/surf/rh.sphere.reg
Rescaling ...  original radius = 100
Building target registration hash (res=16).
Building source registration hash (res=16).
INFO: found  1489 nlabel points
Performing mapping from target back to the source label 153694
Number of reverse mapping hits = 85
Checking for and removing duplicates
Writing label file ./rh.BA4p_exvivo.thresh.label 1574
mri_label2label: Done


 mri_label2label --srcsubject fsaverage --srclabel /out/sourcedata/freesurfer/fsaverage/label/rh.BA6_exvivo.thresh.label --trgsubject sub-v1s14x0051579_ses-1 --trglabel ./rh.BA6_exvivo.thresh.label --hemi rh --regmethod surface 


srclabel = /out/sourcedata/freesurfer/fsaverage/label/rh.BA6_exvivo.thresh.label
srcsubject = fsaverage
trgsubject = sub-v1s14x0051579_ses-1
trglabel = ./rh.BA6_exvivo.thresh.label
regmethod = surface

srchemi = rh
trghemi = rh
trgsurface = white
srcsurfreg = sphere.reg
trgsurfreg = sphere.reg
usehash = 1
Use ProjAbs  = 0, 0
Use ProjFrac = 0, 0
DoPaint 0

SUBJECTS_DIR    /out/sourcedata/freesurfer
FREESURFER_HOME /opt/freesurfer
Loading source label.
Found 6959 points in source label.
Starting surface-based mapping
Reading source registration 
 /out/sourcedata/freesurfer/fsaverage/surf/rh.sphere.reg
Rescaling ...  original radius = 100
Reading target surface 
 /out/sourcedata/freesurfer/sub-v1s14x0051579_ses-1/surf/rh.white
Reading target registration 
 /out/sourcedata/freesurfer/sub-v1s14x0051579_ses-1/surf/rh.sphere.reg
Rescaling ...  original radius = 100
Building target registration hash (res=16).
Building source registration hash (res=16).
INFO: found  6959 nlabel points
Performing mapping from target back to the source label 153694
Number of reverse mapping hits = 411
Checking for and removing duplicates
Writing label file ./rh.BA6_exvivo.thresh.label 7370
mri_label2label: Done


 mri_label2label --srcsubject fsaverage --srclabel /out/sourcedata/freesurfer/fsaverage/label/rh.BA44_exvivo.thresh.label --trgsubject sub-v1s14x0051579_ses-1 --trglabel ./rh.BA44_exvivo.thresh.label --hemi rh --regmethod surface 


srclabel = /out/sourcedata/freesurfer/fsaverage/label/rh.BA44_exvivo.thresh.label
srcsubject = fsaverage
trgsubject = sub-v1s14x0051579_ses-1
trglabel = ./rh.BA44_exvivo.thresh.label
regmethod = surface

srchemi = rh
trghemi = rh
trgsurface = white
srcsurfreg = sphere.reg
trgsurfreg = sphere.reg
usehash = 1
Use ProjAbs  = 0, 0
Use ProjFrac = 0, 0
DoPaint 0

SUBJECTS_DIR    /out/sourcedata/freesurfer
FREESURFER_HOME /opt/freesurfer
Loading source label.
Found 1012 points in source label.
Starting surface-based mapping
Reading source registration 
 /out/sourcedata/freesurfer/fsaverage/surf/rh.sphere.reg
Rescaling ...  original radius = 100
Reading target surface 
 /out/sourcedata/freesurfer/sub-v1s14x0051579_ses-1/surf/rh.white
Reading target registration 
 /out/sourcedata/freesurfer/sub-v1s14x0051579_ses-1/surf/rh.sphere.reg
Rescaling ...  original radius = 100
Building target registration hash (res=16).
Building source registration hash (res=16).
INFO: found  1012 nlabel points
Performing mapping from target back to the source label 153694
Number of reverse mapping hits = 281
Checking for and removing duplicates
Writing label file ./rh.BA44_exvivo.thresh.label 1293
mri_label2label: Done


 mri_label2label --srcsubject fsaverage --srclabel /out/sourcedata/freesurfer/fsaverage/label/rh.BA45_exvivo.thresh.label --trgsubject sub-v1s14x0051579_ses-1 --trglabel ./rh.BA45_exvivo.thresh.label --hemi rh --regmethod surface 


srclabel = /out/sourcedata/freesurfer/fsaverage/label/rh.BA45_exvivo.thresh.label
srcsubject = fsaverage
trgsubject = sub-v1s14x0051579_ses-1
trglabel = ./rh.BA45_exvivo.thresh.label
regmethod = surface

srchemi = rh
trghemi = rh
trgsurface = white
srcsurfreg = sphere.reg
trgsurfreg = sphere.reg
usehash = 1
Use ProjAbs  = 0, 0
Use ProjFrac = 0, 0
DoPaint 0

SUBJECTS_DIR    /out/sourcedata/freesurfer
FREESURFER_HOME /opt/freesurfer
Loading source label.
Found 1178 points in source label.
Starting surface-based mapping
Reading source registration 
 /out/sourcedata/freesurfer/fsaverage/surf/rh.sphere.reg
Rescaling ...  original radius = 100
Reading target surface 
 /out/sourcedata/freesurfer/sub-v1s14x0051579_ses-1/surf/rh.white
Reading target registration 
 /out/sourcedata/freesurfer/sub-v1s14x0051579_ses-1/surf/rh.sphere.reg
Rescaling ...  original radius = 100
Building target registration hash (res=16).
Building source registration hash (res=16).
INFO: found  1178 nlabel points
Performing mapping from target back to the source label 153694
Number of reverse mapping hits = 494
Checking for and removing duplicates
Writing label file ./rh.BA45_exvivo.thresh.label 1672
mri_label2label: Done


 mri_label2label --srcsubject fsaverage --srclabel /out/sourcedata/freesurfer/fsaverage/label/rh.V1_exvivo.thresh.label --trgsubject sub-v1s14x0051579_ses-1 --trglabel ./rh.V1_exvivo.thresh.label --hemi rh --regmethod surface 


srclabel = /out/sourcedata/freesurfer/fsaverage/label/rh.V1_exvivo.thresh.label
srcsubject = fsaverage
trgsubject = sub-v1s14x0051579_ses-1
trglabel = ./rh.V1_exvivo.thresh.label
regmethod = surface

srchemi = rh
trghemi = rh
trgsurface = white
srcsurfreg = sphere.reg
trgsurfreg = sphere.reg
usehash = 1
Use ProjAbs  = 0, 0
Use ProjFrac = 0, 0
DoPaint 0

SUBJECTS_DIR    /out/sourcedata/freesurfer
FREESURFER_HOME /opt/freesurfer
Loading source label.
Found 3232 points in source label.
Starting surface-based mapping
Reading source registration 
 /out/sourcedata/freesurfer/fsaverage/surf/rh.sphere.reg
Rescaling ...  original radius = 100
Reading target surface 
 /out/sourcedata/freesurfer/sub-v1s14x0051579_ses-1/surf/rh.white
Reading target registration 
 /out/sourcedata/freesurfer/sub-v1s14x0051579_ses-1/surf/rh.sphere.reg
Rescaling ...  original radius = 100
Building target registration hash (res=16).
Building source registration hash (res=16).
INFO: found  3232 nlabel points
Performing mapping from target back to the source label 153694
Number of reverse mapping hits = 866
Checking for and removing duplicates
Writing label file ./rh.V1_exvivo.thresh.label 4098
mri_label2label: Done


 mri_label2label --srcsubject fsaverage --srclabel /out/sourcedata/freesurfer/fsaverage/label/rh.V2_exvivo.thresh.label --trgsubject sub-v1s14x0051579_ses-1 --trglabel ./rh.V2_exvivo.thresh.label --hemi rh --regmethod surface 


srclabel = /out/sourcedata/freesurfer/fsaverage/label/rh.V2_exvivo.thresh.label
srcsubject = fsaverage
trgsubject = sub-v1s14x0051579_ses-1
trglabel = ./rh.V2_exvivo.thresh.label
regmethod = surface

srchemi = rh
trghemi = rh
trgsurface = white
srcsurfreg = sphere.reg
trgsurfreg = sphere.reg
usehash = 1
Use ProjAbs  = 0, 0
Use ProjFrac = 0, 0
DoPaint 0

SUBJECTS_DIR    /out/sourcedata/freesurfer
FREESURFER_HOME /opt/freesurfer
Loading source label.
Found 3437 points in source label.
Starting surface-based mapping
Reading source registration 
 /out/sourcedata/freesurfer/fsaverage/surf/rh.sphere.reg
Rescaling ...  original radius = 100
Reading target surface 
 /out/sourcedata/freesurfer/sub-v1s14x0051579_ses-1/surf/rh.white
Reading target registration 
 /out/sourcedata/freesurfer/sub-v1s14x0051579_ses-1/surf/rh.sphere.reg
Rescaling ...  original radius = 100
Building target registration hash (res=16).
Building source registration hash (res=16).
INFO: found  3437 nlabel points
Performing mapping from target back to the source label 153694
Number of reverse mapping hits = 1112
Checking for and removing duplicates
Writing label file ./rh.V2_exvivo.thresh.label 4549
mri_label2label: Done


 mri_label2label --srcsubject fsaverage --srclabel /out/sourcedata/freesurfer/fsaverage/label/rh.MT_exvivo.thresh.label --trgsubject sub-v1s14x0051579_ses-1 --trglabel ./rh.MT_exvivo.thresh.label --hemi rh --regmethod surface 


srclabel = /out/sourcedata/freesurfer/fsaverage/label/rh.MT_exvivo.thresh.label
srcsubject = fsaverage
trgsubject = sub-v1s14x0051579_ses-1
trglabel = ./rh.MT_exvivo.thresh.label
regmethod = surface

srchemi = rh
trghemi = rh
trgsurface = white
srcsurfreg = sphere.reg
trgsurfreg = sphere.reg
usehash = 1
Use ProjAbs  = 0, 0
Use ProjFrac = 0, 0
DoPaint 0

SUBJECTS_DIR    /out/sourcedata/freesurfer
FREESURFER_HOME /opt/freesurfer
Loading source label.
Found 268 points in source label.
Starting surface-based mapping
Reading source registration 
 /out/sourcedata/freesurfer/fsaverage/surf/rh.sphere.reg
Rescaling ...  original radius = 100
Reading target surface 
 /out/sourcedata/freesurfer/sub-v1s14x0051579_ses-1/surf/rh.white
Reading target registration 
 /out/sourcedata/freesurfer/sub-v1s14x0051579_ses-1/surf/rh.sphere.reg
Rescaling ...  original radius = 100
Building target registration hash (res=16).
Building source registration hash (res=16).
INFO: found  268 nlabel points
Performing mapping from target back to the source label 153694
Number of reverse mapping hits = 127
Checking for and removing duplicates
Writing label file ./rh.MT_exvivo.thresh.label 395
mri_label2label: Done


 mri_label2label --srcsubject fsaverage --srclabel /out/sourcedata/freesurfer/fsaverage/label/rh.entorhinal_exvivo.thresh.label --trgsubject sub-v1s14x0051579_ses-1 --trglabel ./rh.entorhinal_exvivo.thresh.label --hemi rh --regmethod surface 


srclabel = /out/sourcedata/freesurfer/fsaverage/label/rh.entorhinal_exvivo.thresh.label
srcsubject = fsaverage
trgsubject = sub-v1s14x0051579_ses-1
trglabel = ./rh.entorhinal_exvivo.thresh.label
regmethod = surface

srchemi = rh
trghemi = rh
trgsurface = white
srcsurfreg = sphere.reg
trgsurfreg = sphere.reg
usehash = 1
Use ProjAbs  = 0, 0
Use ProjFrac = 0, 0
DoPaint 0

SUBJECTS_DIR    /out/sourcedata/freesurfer
FREESURFER_HOME /opt/freesurfer
Loading source label.
Found 694 points in source label.
Starting surface-based mapping
Reading source registration 
 /out/sourcedata/freesurfer/fsaverage/surf/rh.sphere.reg
Rescaling ...  original radius = 100
Reading target surface 
 /out/sourcedata/freesurfer/sub-v1s14x0051579_ses-1/surf/rh.white
Reading target registration 
 /out/sourcedata/freesurfer/sub-v1s14x0051579_ses-1/surf/rh.sphere.reg
Rescaling ...  original radius = 100
Building target registration hash (res=16).
Building source registration hash (res=16).
INFO: found  694 nlabel points
Performing mapping from target back to the source label 153694
Number of reverse mapping hits = 150
Checking for and removing duplicates
Writing label file ./rh.entorhinal_exvivo.thresh.label 844
mri_label2label: Done


 mri_label2label --srcsubject fsaverage --srclabel /out/sourcedata/freesurfer/fsaverage/label/rh.perirhinal_exvivo.thresh.label --trgsubject sub-v1s14x0051579_ses-1 --trglabel ./rh.perirhinal_exvivo.thresh.label --hemi rh --regmethod surface 


srclabel = /out/sourcedata/freesurfer/fsaverage/label/rh.perirhinal_exvivo.thresh.label
srcsubject = fsaverage
trgsubject = sub-v1s14x0051579_ses-1
trglabel = ./rh.perirhinal_exvivo.thresh.label
regmethod = surface

srchemi = rh
trghemi = rh
trgsurface = white
srcsurfreg = sphere.reg
trgsurfreg = sphere.reg
usehash = 1
Use ProjAbs  = 0, 0
Use ProjFrac = 0, 0
DoPaint 0

SUBJECTS_DIR    /out/sourcedata/freesurfer
FREESURFER_HOME /opt/freesurfer
Loading source label.
Found 291 points in source label.
Starting surface-based mapping
Reading source registration 
 /out/sourcedata/freesurfer/fsaverage/surf/rh.sphere.reg
Rescaling ...  original radius = 100
Reading target surface 
 /out/sourcedata/freesurfer/sub-v1s14x0051579_ses-1/surf/rh.white
Reading target registration 
 /out/sourcedata/freesurfer/sub-v1s14x0051579_ses-1/surf/rh.sphere.reg
Rescaling ...  original radius = 100
Building target registration hash (res=16).
Building source registration hash (res=16).
INFO: found  291 nlabel points
Performing mapping from target back to the source label 153694
Number of reverse mapping hits = 74
Checking for and removing duplicates
Writing label file ./rh.perirhinal_exvivo.thresh.label 365
mri_label2label: Done


 mris_label2annot --s sub-v1s14x0051579_ses-1 --hemi rh --ctab /opt/freesurfer/average/colortable_BA.txt --l rh.BA1_exvivo.label --l rh.BA2_exvivo.label --l rh.BA3a_exvivo.label --l rh.BA3b_exvivo.label --l rh.BA4a_exvivo.label --l rh.BA4p_exvivo.label --l rh.BA6_exvivo.label --l rh.BA44_exvivo.label --l rh.BA45_exvivo.label --l rh.V1_exvivo.label --l rh.V2_exvivo.label --l rh.MT_exvivo.label --l rh.perirhinal_exvivo.label --l rh.entorhinal_exvivo.label --a BA_exvivo --maxstatwinner --noverbose 

Reading ctab /opt/freesurfer/average/colortable_BA.txt
Number of ctab entries 15

7.3.2
cwd /out/sourcedata/freesurfer/sub-v1s14x0051579_ses-1/label
cmdline mris_label2annot --s sub-v1s14x0051579_ses-1 --hemi rh --ctab /opt/freesurfer/average/colortable_BA.txt --l rh.BA1_exvivo.label --l rh.BA2_exvivo.label --l rh.BA3a_exvivo.label --l rh.BA3b_exvivo.label --l rh.BA4a_exvivo.label --l rh.BA4p_exvivo.label --l rh.BA6_exvivo.label --l rh.BA44_exvivo.label --l rh.BA45_exvivo.label --l rh.V1_exvivo.label --l rh.V2_exvivo.label --l rh.MT_exvivo.label --l rh.perirhinal_exvivo.label --l rh.entorhinal_exvivo.label --a BA_exvivo --maxstatwinner --noverbose 
sysname  Linux
hostname dna079
machine  x86_64
user     oesteban

subject sub-v1s14x0051579_ses-1
hemi    rh
SUBJECTS_DIR /out/sourcedata/freesurfer
ColorTable /opt/freesurfer/average/colortable_BA.txt
AnnotName  BA_exvivo
nlables 14
LabelThresh 0 0.000000
Loading /out/sourcedata/freesurfer/sub-v1s14x0051579_ses-1/surf/rh.orig
 1 1530880 BA1_exvivo
 2 16749699 BA2_exvivo
 3 16711680 BA3a_exvivo
 4 3368703 BA3b_exvivo
 5 1376196 BA4a_exvivo
 6 13382655 BA4p_exvivo
 7 10036737 BA6_exvivo
 8 2490521 BA44_exvivo
 9 39283 BA45_exvivo
10 3993 V1_exvivo
11 8508928 V2_exvivo
12 10027163 MT_exvivo
13 16422433 perirhinal_exvivo
14 16392598 entorhinal_exvivo
Mapping unhit to unknown
Found 106037 unhit vertices
Writing annot to /out/sourcedata/freesurfer/sub-v1s14x0051579_ses-1/label/rh.BA_exvivo.annot

 mris_label2annot --s sub-v1s14x0051579_ses-1 --hemi rh --ctab /opt/freesurfer/average/colortable_BA.txt --l rh.BA1_exvivo.thresh.label --l rh.BA2_exvivo.thresh.label --l rh.BA3a_exvivo.thresh.label --l rh.BA3b_exvivo.thresh.label --l rh.BA4a_exvivo.thresh.label --l rh.BA4p_exvivo.thresh.label --l rh.BA6_exvivo.thresh.label --l rh.BA44_exvivo.thresh.label --l rh.BA45_exvivo.thresh.label --l rh.V1_exvivo.thresh.label --l rh.V2_exvivo.thresh.label --l rh.MT_exvivo.thresh.label --l rh.perirhinal_exvivo.thresh.label --l rh.entorhinal_exvivo.thresh.label --a BA_exvivo.thresh --maxstatwinner --noverbose 

Reading ctab /opt/freesurfer/average/colortable_BA.txt
Number of ctab entries 15

7.3.2
cwd /out/sourcedata/freesurfer/sub-v1s14x0051579_ses-1/label
cmdline mris_label2annot --s sub-v1s14x0051579_ses-1 --hemi rh --ctab /opt/freesurfer/average/colortable_BA.txt --l rh.BA1_exvivo.thresh.label --l rh.BA2_exvivo.thresh.label --l rh.BA3a_exvivo.thresh.label --l rh.BA3b_exvivo.thresh.label --l rh.BA4a_exvivo.thresh.label --l rh.BA4p_exvivo.thresh.label --l rh.BA6_exvivo.thresh.label --l rh.BA44_exvivo.thresh.label --l rh.BA45_exvivo.thresh.label --l rh.V1_exvivo.thresh.label --l rh.V2_exvivo.thresh.label --l rh.MT_exvivo.thresh.label --l rh.perirhinal_exvivo.thresh.label --l rh.entorhinal_exvivo.thresh.label --a BA_exvivo.thresh --maxstatwinner --noverbose 
sysname  Linux
hostname dna079
machine  x86_64
user     oesteban

subject sub-v1s14x0051579_ses-1
hemi    rh
SUBJECTS_DIR /out/sourcedata/freesurfer
ColorTable /opt/freesurfer/average/colortable_BA.txt
AnnotName  BA_exvivo.thresh
nlables 14
LabelThresh 0 0.000000
Loading /out/sourcedata/freesurfer/sub-v1s14x0051579_ses-1/surf/rh.orig
 1 1530880 BA1_exvivo
 2 16749699 BA2_exvivo
 3 16711680 BA3a_exvivo
 4 3368703 BA3b_exvivo
 5 1376196 BA4a_exvivo
 6 13382655 BA4p_exvivo
 7 10036737 BA6_exvivo
 8 2490521 BA44_exvivo
 9 39283 BA45_exvivo
10 3993 V1_exvivo
11 8508928 V2_exvivo
12 10027163 MT_exvivo
13 16422433 perirhinal_exvivo
14 16392598 entorhinal_exvivo
Mapping unhit to unknown
Found 127623 unhit vertices
Writing annot to /out/sourcedata/freesurfer/sub-v1s14x0051579_ses-1/label/rh.BA_exvivo.thresh.annot

 mris_anatomical_stats -th3 -mgz -noglobal -f ../stats/rh.BA_exvivo.stats -b -a ./rh.BA_exvivo.annot -c ./BA_exvivo.ctab sub-v1s14x0051579_ses-1 rh white 

computing statistics for each annotation in ./rh.BA_exvivo.annot.
reading volume /out/sourcedata/freesurfer/sub-v1s14x0051579_ses-1/mri/wm.mgz...
reading input surface /out/sourcedata/freesurfer/sub-v1s14x0051579_ses-1/surf/rh.white...
reading input pial surface /out/sourcedata/freesurfer/sub-v1s14x0051579_ses-1/surf/rh.pial...
reading input white surface /out/sourcedata/freesurfer/sub-v1s14x0051579_ses-1/surf/rh.white...
INFO: using TH3 volume calc
INFO: assuming MGZ format for volumes.
INFO: not computing global stats
Using TH3 vertex volume calc
Total face volume 253400
Total vertex volume 253198 (mask=0)
Saving annotation colortable ./BA_exvivo.ctab

table columns are:
    number of vertices
    total surface area (mm^2)
    total gray matter volume (mm^3)
    average cortical thickness +- standard deviation (mm)
    integrated rectified mean curvature
    integrated rectified Gaussian curvature
    folding index
    intrinsic curvature index
    structure name

 1346    679   2175  2.399 0.686     0.100     0.023       14     1.3  BA1_exvivo
 4677   2917   6319  2.068 0.531     0.108     0.019       39     3.8  BA2_exvivo
 1193    770    951  1.509 0.408     0.123     0.024       12     1.1  BA3a_exvivo
 2281   1378   2423  1.595 0.561     0.086     0.016       12     1.7  BA3b_exvivo
 1931   1082   2946  2.469 0.662     0.091     0.026       13     2.2  BA4a_exvivo
 1427    900   1944  2.246 0.631     0.090     0.020        8     1.2  BA4p_exvivo
 8122   5056  16725  2.836 0.655     0.105     0.023       62     8.1  BA6_exvivo
 4742   3101   8675  2.572 0.542     0.108     0.018       40     3.6  BA44_exvivo
 5778   4006  11236  2.405 0.653     0.122     0.023       59     5.8  BA45_exvivo
 3928   2559   3774  1.427 0.465     0.122     0.028       43     4.9  V1_exvivo
 8491   5469   9527  1.682 0.554     0.137     0.031      106    11.5  V2_exvivo
 2511   1703   3718  1.968 0.588     0.128     0.024       27     2.6  MT_exvivo
  461    317   1485  3.342 0.871     0.111     0.024        5     0.4  perirhinal_exvivo
  769    501   1992  2.942 1.310     0.106     0.025        6     0.7  entorhinal_exvivo

 mris_anatomical_stats -th3 -mgz -f ../stats/rh.BA_exvivo.thresh.stats -noglobal -b -a ./rh.BA_exvivo.thresh.annot -c ./BA_exvivo.thresh.ctab sub-v1s14x0051579_ses-1 rh white 

computing statistics for each annotation in ./rh.BA_exvivo.thresh.annot.
reading volume /out/sourcedata/freesurfer/sub-v1s14x0051579_ses-1/mri/wm.mgz...
reading input surface /out/sourcedata/freesurfer/sub-v1s14x0051579_ses-1/surf/rh.white...
reading input pial surface /out/sourcedata/freesurfer/sub-v1s14x0051579_ses-1/surf/rh.pial...
reading input white surface /out/sourcedata/freesurfer/sub-v1s14x0051579_ses-1/surf/rh.white...
INFO: using TH3 volume calc
INFO: assuming MGZ format for volumes.
INFO: not computing global stats
Using TH3 vertex volume calc
Total face volume 253400
Total vertex volume 253198 (mask=0)
Saving annotation colortable ./BA_exvivo.thresh.ctab

table columns are:
    number of vertices
    total surface area (mm^2)
    total gray matter volume (mm^3)
    average cortical thickness +- standard deviation (mm)
    integrated rectified mean curvature
    integrated rectified Gaussian curvature
    folding index
    intrinsic curvature index
    structure name

  895    453   1364  2.235 0.680     0.095     0.021        9     0.7  BA1_exvivo
 2721   1655   3711  2.054 0.581     0.100     0.015       21     1.8  BA2_exvivo
 1048    697    760  1.424 0.310     0.128     0.023       11     1.0  BA3a_exvivo
 1728   1073   1530  1.411 0.406     0.080     0.012        7     1.0  BA3b_exvivo
 1145    640   1629  2.317 0.778     0.119     0.036       12     1.9  BA4a_exvivo
 1193    762   1597  2.246 0.624     0.081     0.017        5     0.8  BA4p_exvivo
 5233   3203  10693  2.847 0.664     0.105     0.025       41     5.7  BA6_exvivo
 1225    818   2410  2.630 0.456     0.092     0.015        8     0.8  BA44_exvivo
 1624   1138   3406  2.487 0.618     0.130     0.025       22     1.6  BA45_exvivo
 3772   2455   3528  1.415 0.447     0.123     0.029       42     4.8  V1_exvivo
 4293   2834   4785  1.598 0.517     0.144     0.034       55     6.3  V2_exvivo
  385    261    641  1.930 0.608     0.115     0.019        4     0.4  MT_exvivo
   49     35    217  4.094 0.722     0.109     0.032        0     0.1  perirhinal_exvivo
  760    493   1996  3.177 0.941     0.099     0.019        5     0.5  entorhinal_exvivo

Started at Sun Mar 8 21:31:47 CET 2026 
Ended   at Sun Mar 8 21:34:19 CET 2026
#@#%# recon-all-run-time-hours 0.042
recon-all -s sub-v1s14x0051579_ses-1 finished without error at Sun Mar  8 21:34:19 CET 2026
