
Sun Mar  8 21:51:25 CET 2026
cd /out/sourcedata/freesurfer/sub-v1s14x0051583_ses-1
setenv SUBJECTS_DIR /out/sourcedata/freesurfer
/opt/freesurfer/bin/recon-all -autorecon-hemi lh -noparcstats -noparcstats2 -noparcstats3 -nohyporelabel -nobalabels -lh-only -openmp 16 -subjid sub-v1s14x0051583_ses-1 -sd /out/sourcedata/freesurfer

subjid sub-v1s14x0051583_ses-1
setenv SUBJECTS_DIR /out/sourcedata/freesurfer
FREESURFER_HOME /opt/freesurfer
Actual FREESURFER_HOME /opt/freesurfer
build-stamp.txt: freesurfer-linux-ubuntu22_x86_64-7.3.2-20220804-6354275
Linux dna056 5.14.0-427.37.1.el9_4.x86_64 #1 SMP PREEMPT_DYNAMIC Fri Sep 13 12:41:50 EDT 2024 x86_64 x86_64 x86_64 GNU/Linux
cputime      unlimited
filesize     unlimited
datasize     unlimited
stacksize    8192 kbytes
coredumpsize 0 kbytes
memoryuse    67108864 kbytes
vmemoryuse   unlimited
descriptors  1024 
memorylocked unlimited
maxproc      2061970 
maxlocks     unlimited
maxsignal    2061970 
maxmessage   819200 
maxnice      0 
maxrtprio    0 
maxrttime    unlimited

               total        used        free      shared  buff/cache   available
Mem:           503Gi        45Gi       425Gi       9.2Gi        32Gi       445Gi
Swap:             0B          0B          0B

########################################
program versions used
7.3.2 (freesurfer-linux-ubuntu22_x86_64-7.3.2-20220804-6354275)
7.3.2

ProgramName: lta_convert  ProgramArguments: lta_convert -all-info  ProgramVersion: 7.3.2  TimeStamp: 2026/03/08-20:51:25-GMT  BuildTime: Aug  4 2022 06:17:15  BuildStamp: freesurfer-linux-ubuntu22_x86_64-7.3.2-20220804-6354275  User: oesteban  Machine: dna056  Platform: Linux  PlatformVersion: 5.14.0-427.37.1.el9_4.x86_64  CompilerName: GCC  CompilerVersion: 8.4.0
ProgramName: mri_and  ProgramArguments: mri_and -all-info  ProgramVersion: 7.3.2  TimeStamp: 2026/03/08-20:51:25-GMT  BuildTime: Aug  4 2022 06:17:15  BuildStamp: freesurfer-linux-ubuntu22_x86_64-7.3.2-20220804-6354275  User: oesteban  Machine: dna056  Platform: Linux  PlatformVersion: 5.14.0-427.37.1.el9_4.x86_64  CompilerName: GCC  CompilerVersion: 8.4.0
ProgramName: mri_annotation2label  ProgramArguments: mri_annotation2label -all-info  ProgramVersion: 7.3.2  TimeStamp: 2026/03/08-20:51:25-GMT  BuildTime: Aug  4 2022 06:17:15  BuildStamp: freesurfer-linux-ubuntu22_x86_64-7.3.2-20220804-6354275  User: oesteban  Machine: dna056  Platform: Linux  PlatformVersion: 5.14.0-427.37.1.el9_4.x86_64  CompilerName: GCC  CompilerVersion: 8.4.0
ProgramName: mri_aparc2aseg  ProgramArguments: mri_aparc2aseg -all-info  ProgramVersion: 7.3.2  TimeStamp: 2026/03/08-20:51:25-GMT  BuildTime: Aug  4 2022 06:17:15  BuildStamp: freesurfer-linux-ubuntu22_x86_64-7.3.2-20220804-6354275  User: oesteban  Machine: dna056  Platform: Linux  PlatformVersion: 5.14.0-427.37.1.el9_4.x86_64  CompilerName: GCC  CompilerVersion: 8.4.0
ProgramName: mri_surf2volseg  ProgramArguments: mri_surf2volseg -all-info  ProgramVersion: 7.3.2  TimeStamp: 2026/03/08-20:51:25-GMT  BuildTime: Aug  4 2022 06:17:15  BuildStamp: freesurfer-linux-ubuntu22_x86_64-7.3.2-20220804-6354275  User: oesteban  Machine: dna056  Platform: Linux  PlatformVersion: 5.14.0-427.37.1.el9_4.x86_64  CompilerName: GCC  CompilerVersion: 8.4.0
ProgramName: mri_binarize  ProgramArguments: mri_binarize -all-info  ProgramVersion: 7.3.2  TimeStamp: 2026/03/08-20:51:25-GMT  BuildTime: Aug  4 2022 06:17:15  BuildStamp: freesurfer-linux-ubuntu22_x86_64-7.3.2-20220804-6354275  User: oesteban  Machine: dna056  Platform: Linux  PlatformVersion: 5.14.0-427.37.1.el9_4.x86_64  CompilerName: GCC  CompilerVersion: 8.4.0
ProgramName: mri_ca_label  ProgramArguments: mri_ca_label -all-info  ProgramVersion: 7.3.2  TimeStamp: 2026/03/08-20:51:25-GMT  BuildTime: Aug  4 2022 06:17:15  BuildStamp: freesurfer-linux-ubuntu22_x86_64-7.3.2-20220804-6354275  User: oesteban  Machine: dna056  Platform: Linux  PlatformVersion: 5.14.0-427.37.1.el9_4.x86_64  CompilerName: GCC  CompilerVersion: 8.4.0
ProgramName: mri_ca_normalize  ProgramArguments: mri_ca_normalize -all-info  ProgramVersion: 7.3.2  TimeStamp: 2026/03/08-20:51:25-GMT  BuildTime: Aug  4 2022 06:17:15  BuildStamp: freesurfer-linux-ubuntu22_x86_64-7.3.2-20220804-6354275  User: oesteban  Machine: dna056  Platform: Linux  PlatformVersion: 5.14.0-427.37.1.el9_4.x86_64  CompilerName: GCC  CompilerVersion: 8.4.0
ProgramName: mri_ca_register  ProgramArguments: mri_ca_register -all-info  ProgramVersion: 7.3.2  TimeStamp: 2026/03/08-20:51:25-GMT  BuildTime: Aug  4 2022 06:17:15  BuildStamp: freesurfer-linux-ubuntu22_x86_64-7.3.2-20220804-6354275  User: oesteban  Machine: dna056  Platform: Linux  PlatformVersion: 5.14.0-427.37.1.el9_4.x86_64  CompilerName: GCC  CompilerVersion: 8.4.0
ProgramName: mri_cc  ProgramArguments: mri_cc -all-info  ProgramVersion: 7.3.2  TimeStamp: 2026/03/08-20:51:25-GMT  BuildTime: Aug  4 2022 06:17:15  BuildStamp: freesurfer-linux-ubuntu22_x86_64-7.3.2-20220804-6354275  User: oesteban  Machine: dna056  Platform: Linux  PlatformVersion: 5.14.0-427.37.1.el9_4.x86_64  CompilerName: GCC  CompilerVersion: 8.4.0
ProgramName: mri_compute_overlap  ProgramArguments: mri_compute_overlap -all-info  ProgramVersion: 7.3.2  TimeStamp: 2026/03/08-20:51:25-GMT  BuildTime: Aug  4 2022 06:17:15  BuildStamp: freesurfer-linux-ubuntu22_x86_64-7.3.2-20220804-6354275  User: oesteban  Machine: dna056  Platform: Linux  PlatformVersion: 5.14.0-427.37.1.el9_4.x86_64  CompilerName: GCC  CompilerVersion: 8.4.0
ProgramName: mri_compute_seg_overlap  ProgramArguments: mri_compute_seg_overlap -all-info  ProgramVersion: 7.3.2  TimeStamp: 2026/03/08-20:51:25-GMT  BuildTime: Aug  4 2022 06:17:15  BuildStamp: freesurfer-linux-ubuntu22_x86_64-7.3.2-20220804-6354275  User: oesteban  Machine: dna056  Platform: Linux  PlatformVersion: 5.14.0-427.37.1.el9_4.x86_64  CompilerName: GCC  CompilerVersion: 8.4.0
ProgramName: mri_concat  ProgramArguments: mri_concat -all-info  ProgramVersion: 7.3.2  TimeStamp: 2026/03/08-20:51:25-GMT  BuildTime: Aug  4 2022 06:17:15  BuildStamp: freesurfer-linux-ubuntu22_x86_64-7.3.2-20220804-6354275  User: oesteban  Machine: dna056  Platform: Linux  PlatformVersion: 5.14.0-427.37.1.el9_4.x86_64  CompilerName: GCC  CompilerVersion: 8.4.0
ProgramName: mri_concatenate_lta  ProgramArguments: mri_concatenate_lta -all-info  ProgramVersion: 7.3.2  TimeStamp: 2026/03/08-20:51:26-GMT  BuildTime: Aug  4 2022 06:17:15  BuildStamp: freesurfer-linux-ubuntu22_x86_64-7.3.2-20220804-6354275  User: oesteban  Machine: dna056  Platform: Linux  PlatformVersion: 5.14.0-427.37.1.el9_4.x86_64  CompilerName: GCC  CompilerVersion: 8.4.0
mri_convert -all-info 
ProgramName: mri_convert  ProgramArguments: mri_convert -all-info  ProgramVersion: 7.3.2  TimeStamp: 2026/03/08-20:51:26-GMT  BuildTime: Aug  4 2022 06:17:15  BuildStamp: freesurfer-linux-ubuntu22_x86_64-7.3.2-20220804-6354275  User: oesteban  Machine: dna056  Platform: Linux  PlatformVersion: 5.14.0-427.37.1.el9_4.x86_64  CompilerName: GCC  CompilerVersion: 8.4.0
ProgramName: mri_diff  ProgramArguments: mri_diff -all-info  ProgramVersion: 7.3.2  TimeStamp: 2026/03/08-20:51:26-GMT  BuildTime: Aug  4 2022 06:17:15  BuildStamp: freesurfer-linux-ubuntu22_x86_64-7.3.2-20220804-6354275  User: oesteban  Machine: dna056  Platform: Linux  PlatformVersion: 5.14.0-427.37.1.el9_4.x86_64  CompilerName: GCC  CompilerVersion: 8.4.0
ProgramName: mri_edit_wm_with_aseg  ProgramArguments: mri_edit_wm_with_aseg -all-info  ProgramVersion: 7.3.2  TimeStamp: 2026/03/08-20:51:26-GMT  BuildTime: Aug  4 2022 06:17:15  BuildStamp: freesurfer-linux-ubuntu22_x86_64-7.3.2-20220804-6354275  User: oesteban  Machine: dna056  Platform: Linux  PlatformVersion: 5.14.0-427.37.1.el9_4.x86_64  CompilerName: GCC  CompilerVersion: 8.4.0
ProgramName: mri_em_register  ProgramArguments: mri_em_register -all-info  ProgramVersion: 7.3.2  TimeStamp: 2026/03/08-20:51:26-GMT  BuildTime: Aug  4 2022 06:17:15  BuildStamp: freesurfer-linux-ubuntu22_x86_64-7.3.2-20220804-6354275  User: oesteban  Machine: dna056  Platform: Linux  PlatformVersion: 5.14.0-427.37.1.el9_4.x86_64  CompilerName: GCC  CompilerVersion: 8.4.0
ProgramName: mri_fill  ProgramArguments: mri_fill -all-info  ProgramVersion: 7.3.2  TimeStamp: 2026/03/08-20:51:26-GMT  BuildTime: Aug  4 2022 06:17:15  BuildStamp: freesurfer-linux-ubuntu22_x86_64-7.3.2-20220804-6354275  User: oesteban  Machine: dna056  Platform: Linux  PlatformVersion: 5.14.0-427.37.1.el9_4.x86_64  CompilerName: GCC  CompilerVersion: 8.4.0
ProgramName: mri_fuse_segmentations  ProgramArguments: mri_fuse_segmentations -all-info  ProgramVersion: 7.3.2  TimeStamp: 2026/03/08-20:51:26-GMT  BuildTime: Aug  4 2022 06:17:15  BuildStamp: freesurfer-linux-ubuntu22_x86_64-7.3.2-20220804-6354275  User: oesteban  Machine: dna056  Platform: Linux  PlatformVersion: 5.14.0-427.37.1.el9_4.x86_64  CompilerName: GCC  CompilerVersion: 8.4.0
ProgramName: mri_fwhm  ProgramArguments: mri_fwhm -all-info  ProgramVersion: 7.3.2  TimeStamp: 2026/03/08-20:51:26-GMT  BuildTime: Aug  4 2022 06:17:15  BuildStamp: freesurfer-linux-ubuntu22_x86_64-7.3.2-20220804-6354275  User: oesteban  Machine: dna056  Platform: Linux  PlatformVersion: 5.14.0-427.37.1.el9_4.x86_64  CompilerName: GCC  CompilerVersion: 8.4.0
ProgramName: mri_gcut  ProgramArguments: mri_gcut -all-info  ProgramVersion: 7.3.2  TimeStamp: 2026/03/08-20:51:26-GMT  BuildTime: Aug  4 2022 06:17:15  BuildStamp: freesurfer-linux-ubuntu22_x86_64-7.3.2-20220804-6354275  User: oesteban  Machine: dna056  Platform: Linux  PlatformVersion: 5.14.0-427.37.1.el9_4.x86_64  CompilerName: GCC  CompilerVersion: 8.4.0
ProgramName: mri_info  ProgramArguments: mri_info -all-info  ProgramVersion: 7.3.2  TimeStamp: 2026/03/08-20:51:26-GMT  BuildTime: Aug  4 2022 06:17:15  BuildStamp: freesurfer-linux-ubuntu22_x86_64-7.3.2-20220804-6354275  User: oesteban  Machine: dna056  Platform: Linux  PlatformVersion: 5.14.0-427.37.1.el9_4.x86_64  CompilerName: GCC  CompilerVersion: 8.4.0
ProgramName: mri_label2label  ProgramArguments: mri_label2label -all-info  ProgramVersion: 7.3.2  TimeStamp: 2026/03/08-20:51:26-GMT  BuildTime: Aug  4 2022 06:17:15  BuildStamp: freesurfer-linux-ubuntu22_x86_64-7.3.2-20220804-6354275  User: oesteban  Machine: dna056  Platform: Linux  PlatformVersion: 5.14.0-427.37.1.el9_4.x86_64  CompilerName: GCC  CompilerVersion: 8.4.0
ProgramName: mri_label2vol  ProgramArguments: mri_label2vol -all-info  ProgramVersion: 7.3.2  TimeStamp: 2026/03/08-20:51:26-GMT  BuildTime: Aug  4 2022 06:17:15  BuildStamp: freesurfer-linux-ubuntu22_x86_64-7.3.2-20220804-6354275  User: oesteban  Machine: dna056  Platform: Linux  PlatformVersion: 5.14.0-427.37.1.el9_4.x86_64  CompilerName: GCC  CompilerVersion: 8.4.0
ProgramName: mri_log_likelihood  ProgramArguments: mri_log_likelihood -all-info  ProgramVersion: 7.3.2  TimeStamp: 2026/03/08-20:51:26-GMT  BuildTime: Aug  4 2022 06:17:15  BuildStamp: freesurfer-linux-ubuntu22_x86_64-7.3.2-20220804-6354275  User: oesteban  Machine: dna056  Platform: Linux  PlatformVersion: 5.14.0-427.37.1.el9_4.x86_64  CompilerName: GCC  CompilerVersion: 8.4.0
ProgramName: mri_mask  ProgramArguments: mri_mask -all-info  ProgramVersion: 7.3.2  TimeStamp: 2026/03/08-20:51:26-GMT  BuildTime: Aug  4 2022 06:17:15  BuildStamp: freesurfer-linux-ubuntu22_x86_64-7.3.2-20220804-6354275  User: oesteban  Machine: dna056  Platform: Linux  PlatformVersion: 5.14.0-427.37.1.el9_4.x86_64  CompilerName: GCC  CompilerVersion: 8.4.0
ProgramName: mri_matrix_multiply  ProgramArguments: mri_matrix_multiply -all-info  ProgramVersion: 7.3.2  TimeStamp: 2026/03/08-20:51:26-GMT  BuildTime: Aug  4 2022 06:17:15  BuildStamp: freesurfer-linux-ubuntu22_x86_64-7.3.2-20220804-6354275  User: oesteban  Machine: dna056  Platform: Linux  PlatformVersion: 5.14.0-427.37.1.el9_4.x86_64  CompilerName: GCC  CompilerVersion: 8.4.0
ProgramName: mri_normalize  ProgramArguments: mri_normalize -all-info  ProgramVersion: 7.3.2  TimeStamp: 2026/03/08-20:51:26-GMT  BuildTime: Aug  4 2022 06:17:15  BuildStamp: freesurfer-linux-ubuntu22_x86_64-7.3.2-20220804-6354275  User: oesteban  Machine: dna056  Platform: Linux  PlatformVersion: 5.14.0-427.37.1.el9_4.x86_64  CompilerName: GCC  CompilerVersion: 8.4.0
ProgramName: mri_normalize_tp2  ProgramArguments: mri_normalize_tp2 -all-info  ProgramVersion: 7.3.2  TimeStamp: 2026/03/08-20:51:26-GMT  BuildTime: Aug  4 2022 06:17:15  BuildStamp: freesurfer-linux-ubuntu22_x86_64-7.3.2-20220804-6354275  User: oesteban  Machine: dna056  Platform: Linux  PlatformVersion: 5.14.0-427.37.1.el9_4.x86_64  CompilerName: GCC  CompilerVersion: 8.4.0
ProgramName: mri_or  ProgramArguments: mri_or -all-info  ProgramVersion: 7.3.2  TimeStamp: 2026/03/08-20:51:26-GMT  BuildTime: Aug  4 2022 06:17:15  BuildStamp: freesurfer-linux-ubuntu22_x86_64-7.3.2-20220804-6354275  User: oesteban  Machine: dna056  Platform: Linux  PlatformVersion: 5.14.0-427.37.1.el9_4.x86_64  CompilerName: GCC  CompilerVersion: 8.4.0
ProgramName: mri_relabel_hypointensities  ProgramArguments: mri_relabel_hypointensities -all-info  ProgramVersion: 7.3.2  TimeStamp: 2026/03/08-20:51:26-GMT  BuildTime: Aug  4 2022 06:17:15  BuildStamp: freesurfer-linux-ubuntu22_x86_64-7.3.2-20220804-6354275  User: oesteban  Machine: dna056  Platform: Linux  PlatformVersion: 5.14.0-427.37.1.el9_4.x86_64  CompilerName: GCC  CompilerVersion: 8.4.0
ProgramName: mri_relabel_nonwm_hypos  ProgramArguments: mri_relabel_nonwm_hypos -all-info  ProgramVersion: 7.3.2  TimeStamp: 2026/03/08-20:51:26-GMT  BuildTime: Aug  4 2022 06:17:15  BuildStamp: freesurfer-linux-ubuntu22_x86_64-7.3.2-20220804-6354275  User: oesteban  Machine: dna056  Platform: Linux  PlatformVersion: 5.14.0-427.37.1.el9_4.x86_64  CompilerName: GCC  CompilerVersion: 8.4.0
ProgramName: mri_remove_neck  ProgramArguments: mri_remove_neck -all-info  ProgramVersion: 7.3.2  TimeStamp: 2026/03/08-20:51:26-GMT  BuildTime: Aug  4 2022 06:17:15  BuildStamp: freesurfer-linux-ubuntu22_x86_64-7.3.2-20220804-6354275  User: oesteban  Machine: dna056  Platform: Linux  PlatformVersion: 5.14.0-427.37.1.el9_4.x86_64  CompilerName: GCC  CompilerVersion: 8.4.0
7.3.2

ProgramName: mri_robust_register  ProgramArguments: mri_robust_register -all-info  ProgramVersion: 7.3.2  TimeStamp: 2026/03/08-20:51:26-GMT  BuildTime: Aug  4 2022 06:17:15  BuildStamp: freesurfer-linux-ubuntu22_x86_64-7.3.2-20220804-6354275  User: oesteban  Machine: dna056  Platform: Linux  PlatformVersion: 5.14.0-427.37.1.el9_4.x86_64  CompilerName: GCC  CompilerVersion: 8.4.0
7.3.2

ProgramName: mri_robust_template  ProgramArguments: mri_robust_template -all-info  ProgramVersion: 7.3.2  TimeStamp: 2026/03/08-20:51:26-GMT  BuildTime: Aug  4 2022 06:17:15  BuildStamp: freesurfer-linux-ubuntu22_x86_64-7.3.2-20220804-6354275  User: oesteban  Machine: dna056  Platform: Linux  PlatformVersion: 5.14.0-427.37.1.el9_4.x86_64  CompilerName: GCC  CompilerVersion: 8.4.0
ProgramName: mris_anatomical_stats  ProgramArguments: mris_anatomical_stats -all-info  ProgramVersion: 7.3.2  TimeStamp: 2026/03/08-20:51:26-GMT  BuildTime: Aug  4 2022 06:17:15  BuildStamp: freesurfer-linux-ubuntu22_x86_64-7.3.2-20220804-6354275  User: oesteban  Machine: dna056  Platform: Linux  PlatformVersion: 5.14.0-427.37.1.el9_4.x86_64  CompilerName: GCC  CompilerVersion: 8.4.0
ProgramName: mris_ca_label  ProgramArguments: mris_ca_label -all-info  ProgramVersion: 7.3.2  TimeStamp: 2026/03/08-20:51:26-GMT  BuildTime: Aug  4 2022 06:17:15  BuildStamp: freesurfer-linux-ubuntu22_x86_64-7.3.2-20220804-6354275  User: oesteban  Machine: dna056  Platform: Linux  PlatformVersion: 5.14.0-427.37.1.el9_4.x86_64  CompilerName: GCC  CompilerVersion: 8.4.0
ProgramName: mris_calc  ProgramArguments: mris_calc -all-info  ProgramVersion: 7.3.2  TimeStamp: 2026/03/08-20:51:26-GMT  BuildTime: Aug  4 2022 06:17:15  BuildStamp: freesurfer-linux-ubuntu22_x86_64-7.3.2-20220804-6354275  User: oesteban  Machine: dna056  Platform: Linux  PlatformVersion: 5.14.0-427.37.1.el9_4.x86_64  CompilerName: GCC  CompilerVersion: 8.4.0
ProgramName: mris_convert  ProgramArguments: mris_convert -all-info  ProgramVersion: 7.3.2  TimeStamp: 2026/03/08-20:51:26-GMT  BuildTime: Aug  4 2022 06:17:15  BuildStamp: freesurfer-linux-ubuntu22_x86_64-7.3.2-20220804-6354275  User: oesteban  Machine: dna056  Platform: Linux  PlatformVersion: 5.14.0-427.37.1.el9_4.x86_64  CompilerName: GCC  CompilerVersion: 8.4.0
ProgramName: mris_curvature  ProgramArguments: mris_curvature -all-info  ProgramVersion: 7.3.2  TimeStamp: 2026/03/08-20:51:26-GMT  BuildTime: Aug  4 2022 06:17:15  BuildStamp: freesurfer-linux-ubuntu22_x86_64-7.3.2-20220804-6354275  User: oesteban  Machine: dna056  Platform: Linux  PlatformVersion: 5.14.0-427.37.1.el9_4.x86_64  CompilerName: GCC  CompilerVersion: 8.4.0
ProgramName: mris_curvature_stats  ProgramArguments: mris_curvature_stats -all-info  ProgramVersion: 7.3.2  TimeStamp: 2026/03/08-20:51:26-GMT  BuildTime: Aug  4 2022 06:17:15  BuildStamp: freesurfer-linux-ubuntu22_x86_64-7.3.2-20220804-6354275  User: oesteban  Machine: dna056  Platform: Linux  PlatformVersion: 5.14.0-427.37.1.el9_4.x86_64  CompilerName: GCC  CompilerVersion: 8.4.0
ProgramName: mris_diff  ProgramArguments: mris_diff -all-info  ProgramVersion: 7.3.2  TimeStamp: 2026/03/08-20:51:26-GMT  BuildTime: Aug  4 2022 06:17:15  BuildStamp: freesurfer-linux-ubuntu22_x86_64-7.3.2-20220804-6354275  User: oesteban  Machine: dna056  Platform: Linux  PlatformVersion: 5.14.0-427.37.1.el9_4.x86_64  CompilerName: GCC  CompilerVersion: 8.4.0
ProgramName: mris_divide_parcellation  ProgramArguments: mris_divide_parcellation -all-info  ProgramVersion: 7.3.2  TimeStamp: 2026/03/08-20:51:26-GMT  BuildTime: Aug  4 2022 06:17:15  BuildStamp: freesurfer-linux-ubuntu22_x86_64-7.3.2-20220804-6354275  User: oesteban  Machine: dna056  Platform: Linux  PlatformVersion: 5.14.0-427.37.1.el9_4.x86_64  CompilerName: GCC  CompilerVersion: 8.4.0
ProgramName: mri_segment  ProgramArguments: mri_segment -all-info  ProgramVersion: 7.3.2  TimeStamp: 2026/03/08-20:51:26-GMT  BuildTime: Aug  4 2022 06:17:15  BuildStamp: freesurfer-linux-ubuntu22_x86_64-7.3.2-20220804-6354275  User: oesteban  Machine: dna056  Platform: Linux  PlatformVersion: 5.14.0-427.37.1.el9_4.x86_64  CompilerName: GCC  CompilerVersion: 8.4.0
ProgramName: mri_segstats  ProgramArguments: mri_segstats -all-info  ProgramVersion: 7.3.2  TimeStamp: 2026/03/08-20:51:26-GMT  BuildTime: Aug  4 2022 06:17:15  BuildStamp: freesurfer-linux-ubuntu22_x86_64-7.3.2-20220804-6354275  User: oesteban  Machine: dna056  Platform: Linux  PlatformVersion: 5.14.0-427.37.1.el9_4.x86_64  CompilerName: GCC  CompilerVersion: 8.4.0
ProgramName: mris_euler_number  ProgramArguments: mris_euler_number -all-info  ProgramVersion: 7.3.2  TimeStamp: 2026/03/08-20:51:26-GMT  BuildTime: Aug  4 2022 06:17:15  BuildStamp: freesurfer-linux-ubuntu22_x86_64-7.3.2-20220804-6354275  User: oesteban  Machine: dna056  Platform: Linux  PlatformVersion: 5.14.0-427.37.1.el9_4.x86_64  CompilerName: GCC  CompilerVersion: 8.4.0
ProgramName: mris_fix_topology  ProgramArguments: mris_fix_topology -all-info  ProgramVersion: 7.3.2  TimeStamp: 2026/03/08-20:51:26-GMT  BuildTime: Aug  4 2022 06:17:15  BuildStamp: freesurfer-linux-ubuntu22_x86_64-7.3.2-20220804-6354275  User: oesteban  Machine: dna056  Platform: Linux  PlatformVersion: 5.14.0-427.37.1.el9_4.x86_64  CompilerName: GCC  CompilerVersion: 8.4.0
ProgramName: mris_topo_fixer  ProgramArguments: mris_topo_fixer -all-info  ProgramVersion: 7.3.2  TimeStamp: 2026/03/08-20:51:26-GMT  BuildTime: Aug  4 2022 06:17:15  BuildStamp: freesurfer-linux-ubuntu22_x86_64-7.3.2-20220804-6354275  User: oesteban  Machine: dna056  Platform: Linux  PlatformVersion: 5.14.0-427.37.1.el9_4.x86_64  CompilerName: GCC  CompilerVersion: 8.4.0
ProgramName: mris_jacobian  ProgramArguments: mris_jacobian -all-info  ProgramVersion: 7.3.2  TimeStamp: 2026/03/08-20:51:26-GMT  BuildTime: Aug  4 2022 06:17:15  BuildStamp: freesurfer-linux-ubuntu22_x86_64-7.3.2-20220804-6354275  User: oesteban  Machine: dna056  Platform: Linux  PlatformVersion: 5.14.0-427.37.1.el9_4.x86_64  CompilerName: GCC  CompilerVersion: 8.4.0
ProgramName: mris_label2annot  ProgramArguments: mris_label2annot -all-info  ProgramVersion: 7.3.2  TimeStamp: 2026/03/08-20:51:26-GMT  BuildTime: Aug  4 2022 06:17:15  BuildStamp: freesurfer-linux-ubuntu22_x86_64-7.3.2-20220804-6354275  User: oesteban  Machine: dna056  Platform: Linux  PlatformVersion: 5.14.0-427.37.1.el9_4.x86_64  CompilerName: GCC  CompilerVersion: 8.4.0
ProgramName: mris_left_right_register  ProgramArguments: mris_left_right_register -all-info  ProgramVersion: 7.3.2  TimeStamp: 2026/03/08-20:51:26-GMT  BuildTime: Aug  4 2022 06:17:15  BuildStamp: freesurfer-linux-ubuntu22_x86_64-7.3.2-20220804-6354275  User: oesteban  Machine: dna056  Platform: Linux  PlatformVersion: 5.14.0-427.37.1.el9_4.x86_64  CompilerName: GCC  CompilerVersion: 8.4.0
ProgramName: mris_place_surface  ProgramArguments: mris_place_surface -all-info  ProgramVersion: 7.3.2  TimeStamp: 2026/03/08-20:51:26-GMT  BuildTime: Aug  4 2022 06:17:15  BuildStamp: freesurfer-linux-ubuntu22_x86_64-7.3.2-20220804-6354275  User: oesteban  Machine: dna056  Platform: Linux  PlatformVersion: 5.14.0-427.37.1.el9_4.x86_64  CompilerName: GCC  CompilerVersion: 8.4.0
ProgramName: mrisp_paint  ProgramArguments: mrisp_paint -all-info  ProgramVersion: 7.3.2  TimeStamp: 2026/03/08-20:51:26-GMT  BuildTime: Aug  4 2022 06:17:15  BuildStamp: freesurfer-linux-ubuntu22_x86_64-7.3.2-20220804-6354275  User: oesteban  Machine: dna056  Platform: Linux  PlatformVersion: 5.14.0-427.37.1.el9_4.x86_64  CompilerName: GCC  CompilerVersion: 8.4.0
ProgramName: mris_register  ProgramArguments: mris_register -all-info  ProgramVersion: 7.3.2  TimeStamp: 2026/03/08-20:51:26-GMT  BuildTime: Aug  4 2022 06:17:15  BuildStamp: freesurfer-linux-ubuntu22_x86_64-7.3.2-20220804-6354275  User: oesteban  Machine: dna056  Platform: Linux  PlatformVersion: 5.14.0-427.37.1.el9_4.x86_64  CompilerName: GCC  CompilerVersion: 8.4.0
ProgramName: mris_smooth  ProgramArguments: mris_smooth -all-info  ProgramVersion: 7.3.2  TimeStamp: 2026/03/08-20:51:26-GMT  BuildTime: Aug  4 2022 06:17:15  BuildStamp: freesurfer-linux-ubuntu22_x86_64-7.3.2-20220804-6354275  User: oesteban  Machine: dna056  Platform: Linux  PlatformVersion: 5.14.0-427.37.1.el9_4.x86_64  CompilerName: GCC  CompilerVersion: 8.4.0
ProgramName: mris_sphere  ProgramArguments: mris_sphere -all-info  ProgramVersion: 7.3.2  TimeStamp: 2026/03/08-20:51:26-GMT  BuildTime: Aug  4 2022 06:17:15  BuildStamp: freesurfer-linux-ubuntu22_x86_64-7.3.2-20220804-6354275  User: oesteban  Machine: dna056  Platform: Linux  PlatformVersion: 5.14.0-427.37.1.el9_4.x86_64  CompilerName: GCC  CompilerVersion: 8.4.0
ProgramName: mris_surface_stats  ProgramArguments: mris_surface_stats -all-info  ProgramVersion: 7.3.2  TimeStamp: 2026/03/08-20:51:26-GMT  BuildTime: Aug  4 2022 06:17:15  BuildStamp: freesurfer-linux-ubuntu22_x86_64-7.3.2-20220804-6354275  User: oesteban  Machine: dna056  Platform: Linux  PlatformVersion: 5.14.0-427.37.1.el9_4.x86_64  CompilerName: GCC  CompilerVersion: 8.4.0
ProgramName: mri_stats2seg  ProgramArguments: mri_stats2seg -all-info  ProgramVersion: 7.3.2  TimeStamp: 2026/03/08-20:51:26-GMT  BuildTime: Aug  4 2022 06:17:15  BuildStamp: freesurfer-linux-ubuntu22_x86_64-7.3.2-20220804-6354275  User: oesteban  Machine: dna056  Platform: Linux  PlatformVersion: 5.14.0-427.37.1.el9_4.x86_64  CompilerName: GCC  CompilerVersion: 8.4.0
ProgramName: mris_thickness  ProgramArguments: mris_thickness -all-info  ProgramVersion: 7.3.2  TimeStamp: 2026/03/08-20:51:26-GMT  BuildTime: Aug  4 2022 06:17:15  BuildStamp: freesurfer-linux-ubuntu22_x86_64-7.3.2-20220804-6354275  User: oesteban  Machine: dna056  Platform: Linux  PlatformVersion: 5.14.0-427.37.1.el9_4.x86_64  CompilerName: GCC  CompilerVersion: 8.4.0
ProgramName: mris_thickness_diff  ProgramArguments: mris_thickness_diff -all-info  ProgramVersion: 7.3.2  TimeStamp: 2026/03/08-20:51:26-GMT  BuildTime: Aug  4 2022 06:17:15  BuildStamp: freesurfer-linux-ubuntu22_x86_64-7.3.2-20220804-6354275  User: oesteban  Machine: dna056  Platform: Linux  PlatformVersion: 5.14.0-427.37.1.el9_4.x86_64  CompilerName: GCC  CompilerVersion: 8.4.0
ProgramName: mris_topo_fixer  ProgramArguments: mris_topo_fixer -all-info  ProgramVersion: 7.3.2  TimeStamp: 2026/03/08-20:51:26-GMT  BuildTime: Aug  4 2022 06:17:15  BuildStamp: freesurfer-linux-ubuntu22_x86_64-7.3.2-20220804-6354275  User: oesteban  Machine: dna056  Platform: Linux  PlatformVersion: 5.14.0-427.37.1.el9_4.x86_64  CompilerName: GCC  CompilerVersion: 8.4.0
ProgramName: mri_surf2surf  ProgramArguments: mri_surf2surf -all-info  ProgramVersion: 7.3.2  TimeStamp: 2026/03/08-20:51:26-GMT  BuildTime: Aug  4 2022 06:17:15  BuildStamp: freesurfer-linux-ubuntu22_x86_64-7.3.2-20220804-6354275  User: oesteban  Machine: dna056  Platform: Linux  PlatformVersion: 5.14.0-427.37.1.el9_4.x86_64  CompilerName: GCC  CompilerVersion: 8.4.0
ProgramName: mri_surf2vol  ProgramArguments: mri_surf2vol -all-info  ProgramVersion: 7.3.2  TimeStamp: 2026/03/08-20:51:26-GMT  BuildTime: Aug  4 2022 06:17:15  BuildStamp: freesurfer-linux-ubuntu22_x86_64-7.3.2-20220804-6354275  User: oesteban  Machine: dna056  Platform: Linux  PlatformVersion: 5.14.0-427.37.1.el9_4.x86_64  CompilerName: GCC  CompilerVersion: 8.4.0
ProgramName: mri_surfcluster  ProgramArguments: mri_surfcluster -all-info  ProgramVersion: 7.3.2  TimeStamp: 2026/03/08-20:51:26-GMT  BuildTime: Aug  4 2022 06:17:15  BuildStamp: freesurfer-linux-ubuntu22_x86_64-7.3.2-20220804-6354275  User: oesteban  Machine: dna056  Platform: Linux  PlatformVersion: 5.14.0-427.37.1.el9_4.x86_64  CompilerName: GCC  CompilerVersion: 8.4.0
ProgramName: mris_volmask  ProgramArguments: mris_volmask -all-info  ProgramVersion: 7.3.2  TimeStamp: 2026/03/08-20:51:26-GMT  BuildTime: Aug  4 2022 06:17:15  BuildStamp: freesurfer-linux-ubuntu22_x86_64-7.3.2-20220804-6354275  User: oesteban  Machine: dna056  Platform: Linux  PlatformVersion: 5.14.0-427.37.1.el9_4.x86_64  CompilerName: GCC  CompilerVersion: 8.4.0
ProgramName: mri_tessellate  ProgramArguments: mri_tessellate -all-info  ProgramVersion: 7.3.2  TimeStamp: 2026/03/08-20:51:26-GMT  BuildTime: Aug  4 2022 06:17:15  BuildStamp: freesurfer-linux-ubuntu22_x86_64-7.3.2-20220804-6354275  User: oesteban  Machine: dna056  Platform: Linux  PlatformVersion: 5.14.0-427.37.1.el9_4.x86_64  CompilerName: GCC  CompilerVersion: 8.4.0
ProgramName: mri_vol2surf  ProgramArguments: mri_vol2surf -all-info  ProgramVersion: 7.3.2  TimeStamp: 2026/03/08-20:51:26-GMT  BuildTime: Aug  4 2022 06:17:15  BuildStamp: freesurfer-linux-ubuntu22_x86_64-7.3.2-20220804-6354275  User: oesteban  Machine: dna056  Platform: Linux  PlatformVersion: 5.14.0-427.37.1.el9_4.x86_64  CompilerName: GCC  CompilerVersion: 8.4.0
ProgramName: mri_vol2vol  ProgramArguments: mri_vol2vol -all-info  ProgramVersion: 7.3.2  TimeStamp: 2026/03/08-20:51:26-GMT  BuildTime: Aug  4 2022 06:17:15  BuildStamp: freesurfer-linux-ubuntu22_x86_64-7.3.2-20220804-6354275  User: oesteban  Machine: dna056  Platform: Linux  PlatformVersion: 5.14.0-427.37.1.el9_4.x86_64  CompilerName: GCC  CompilerVersion: 8.4.0
ProgramName: mri_voldiff  ProgramArguments: mri_voldiff -all-info  ProgramVersion: 7.3.2  TimeStamp: 2026/03/08-20:51:26-GMT  BuildTime: Aug  4 2022 06:17:15  BuildStamp: freesurfer-linux-ubuntu22_x86_64-7.3.2-20220804-6354275  User: oesteban  Machine: dna056  Platform: Linux  PlatformVersion: 5.14.0-427.37.1.el9_4.x86_64  CompilerName: GCC  CompilerVersion: 8.4.0
ProgramName: mri_watershed  ProgramArguments: mri_watershed -all-info  ProgramVersion: 7.3.2  TimeStamp: 2026/03/08-20:51:26-GMT  BuildTime: Aug  4 2022 06:17:15  BuildStamp: freesurfer-linux-ubuntu22_x86_64-7.3.2-20220804-6354275  User: oesteban  Machine: dna056  Platform: Linux  PlatformVersion: 5.14.0-427.37.1.el9_4.x86_64  CompilerName: GCC  CompilerVersion: 8.4.0
ProgramName: tkregister2  ProgramArguments: tkregister2_cmdl -all-info  ProgramVersion: 7.3.2  TimeStamp: 2026/03/08-20:51:26-GMT  BuildTime: Aug  4 2022 06:17:15  BuildStamp: freesurfer-linux-ubuntu22_x86_64-7.3.2-20220804-6354275  User: oesteban  Machine: dna056  Platform: Linux  PlatformVersion: 5.14.0-427.37.1.el9_4.x86_64  CompilerName: GCC  CompilerVersion: 8.4.0
mri_motion_correct.fsl 7.3.2
mri_convert -all-info 
ProgramName: mri_convert  ProgramArguments: mri_convert -all-info  ProgramVersion: 7.3.2  TimeStamp: 2026/03/08-20:51:26-GMT  BuildTime: Aug  4 2022 06:17:15  BuildStamp: freesurfer-linux-ubuntu22_x86_64-7.3.2-20220804-6354275  User: oesteban  Machine: dna056  Platform: Linux  PlatformVersion: 5.14.0-427.37.1.el9_4.x86_64  CompilerName: GCC  CompilerVersion: 8.4.0
Program nu_correct, built from:
Package MNI N3, version 1.12.0, compiled by nicks@terrier (x86_64-unknown-linux-gnu) on 2015-06-19 at 01:25:34
#######################################
GCADIR /opt/freesurfer/average
GCA RB_all_2020-01-02.gca
GCASkull RB_all_withskull_2020_01_02.gca
AvgCurvTif folding.atlas.acfb40.noaparc.i12.2016-08-02.tif
GCSDIR /opt/freesurfer/average
GCS DKaparc.atlas.acfb40.noaparc.i12.2016-08-02.gcs
#######################################
#--------------------------------------------
#@# Tessellate lh Sun Mar  8 21:51:26 CET 2026
/out/sourcedata/freesurfer/sub-v1s14x0051583_ses-1/scripts

 mri_pretess ../mri/filled.mgz 255 ../mri/norm.mgz ../mri/filled-pretess255.mgz 


Iteration Number : 1
pass   1 (xy+):   2 found -   2 modified     |    TOTAL:   2
pass   2 (xy+):   0 found -   2 modified     |    TOTAL:   2
pass   1 (xy-):   2 found -   2 modified     |    TOTAL:   4
pass   2 (xy-):   0 found -   2 modified     |    TOTAL:   4
pass   1 (yz+):  12 found -  12 modified     |    TOTAL:  16
pass   2 (yz+):   0 found -  12 modified     |    TOTAL:  16
pass   1 (yz-):  16 found -  16 modified     |    TOTAL:  32
pass   2 (yz-):   0 found -  16 modified     |    TOTAL:  32
pass   1 (xz+):   3 found -   3 modified     |    TOTAL:  35
pass   2 (xz+):   0 found -   3 modified     |    TOTAL:  35
pass   1 (xz-):   3 found -   3 modified     |    TOTAL:  38
pass   2 (xz-):   0 found -   3 modified     |    TOTAL:  38
Iteration Number : 1
pass   1 (+++):   0 found -   0 modified     |    TOTAL:   0
pass   1 (+++):   0 found -   0 modified     |    TOTAL:   0
pass   1 (+++):   0 found -   0 modified     |    TOTAL:   0
pass   1 (+++):   0 found -   0 modified     |    TOTAL:   0
Iteration Number : 1
pass   1 (++):   1 found -   1 modified     |    TOTAL:   1
pass   2 (++):   0 found -   1 modified     |    TOTAL:   1
pass   1 (+-):   1 found -   1 modified     |    TOTAL:   2
pass   2 (+-):   0 found -   1 modified     |    TOTAL:   2
pass   1 (--):   0 found -   0 modified     |    TOTAL:   2
pass   1 (-+):   0 found -   0 modified     |    TOTAL:   2
Iteration Number : 2
pass   1 (xy+):   0 found -   0 modified     |    TOTAL:   0
pass   1 (xy-):   0 found -   0 modified     |    TOTAL:   0
pass   1 (yz+):   1 found -   1 modified     |    TOTAL:   1
pass   2 (yz+):   0 found -   1 modified     |    TOTAL:   1
pass   1 (yz-):   1 found -   1 modified     |    TOTAL:   2
pass   2 (yz-):   0 found -   1 modified     |    TOTAL:   2
pass   1 (xz+):   0 found -   0 modified     |    TOTAL:   2
pass   1 (xz-):   0 found -   0 modified     |    TOTAL:   2
Iteration Number : 2
pass   1 (+++):   0 found -   0 modified     |    TOTAL:   0
pass   1 (+++):   0 found -   0 modified     |    TOTAL:   0
pass   1 (+++):   0 found -   0 modified     |    TOTAL:   0
pass   1 (+++):   0 found -   0 modified     |    TOTAL:   0
Iteration Number : 2
pass   1 (++):   0 found -   0 modified     |    TOTAL:   0
pass   1 (+-):   0 found -   0 modified     |    TOTAL:   0
pass   1 (--):   0 found -   0 modified     |    TOTAL:   0
pass   1 (-+):   0 found -   0 modified     |    TOTAL:   0
Iteration Number : 3
pass   1 (xy+):   0 found -   0 modified     |    TOTAL:   0
pass   1 (xy-):   0 found -   0 modified     |    TOTAL:   0
pass   1 (yz+):   0 found -   0 modified     |    TOTAL:   0
pass   1 (yz-):   0 found -   0 modified     |    TOTAL:   0
pass   1 (xz+):   0 found -   0 modified     |    TOTAL:   0
pass   1 (xz-):   0 found -   0 modified     |    TOTAL:   0
Iteration Number : 3
pass   1 (+++):   0 found -   0 modified     |    TOTAL:   0
pass   1 (+++):   0 found -   0 modified     |    TOTAL:   0
pass   1 (+++):   0 found -   0 modified     |    TOTAL:   0
pass   1 (+++):   0 found -   0 modified     |    TOTAL:   0
Iteration Number : 3
pass   1 (++):   0 found -   0 modified     |    TOTAL:   0
pass   1 (+-):   0 found -   0 modified     |    TOTAL:   0
pass   1 (--):   0 found -   0 modified     |    TOTAL:   0
pass   1 (-+):   0 found -   0 modified     |    TOTAL:   0

Total Number of Modified Voxels = 42 (out of 342137: 0.012276)
Ambiguous edge configurations... 

mri_pretess done


 mri_tessellate ../mri/filled-pretess255.mgz 255 ../surf/lh.orig.nofix 

7.3.2
  7.3.2
slice 40: 1391 vertices, 1522 faces
slice 50: 9505 vertices, 9856 faces
slice 60: 19849 vertices, 20234 faces
slice 70: 31491 vertices, 31925 faces
slice 80: 43365 vertices, 43815 faces
slice 90: 54430 vertices, 54879 faces
slice 100: 66010 vertices, 66437 faces
slice 110: 78593 vertices, 79090 faces
slice 120: 90797 vertices, 91278 faces
slice 130: 102692 vertices, 103186 faces
slice 140: 113954 vertices, 114380 faces
slice 150: 123714 vertices, 124143 faces
slice 160: 132417 vertices, 132806 faces
slice 170: 139973 vertices, 140309 faces
slice 180: 147248 vertices, 147571 faces
slice 190: 153615 vertices, 153918 faces
slice 200: 159303 vertices, 159587 faces
slice 210: 163493 vertices, 163685 faces
slice 220: 164430 vertices, 164516 faces
slice 230: 164430 vertices, 164516 faces
slice 240: 164430 vertices, 164516 faces
slice 250: 164430 vertices, 164516 faces
using the conformed surface RAS to save vertex points...
writing ../surf/lh.orig.nofix
using vox2ras matrix:
-1.00000   0.00000   0.00000   128.00000;
 0.00000   0.00000   1.00000  -128.00000;
 0.00000  -1.00000   0.00000   128.00000;
 0.00000   0.00000   0.00000   1.00000;

 rm -f ../mri/filled-pretess255.mgz 


 mris_extract_main_component ../surf/lh.orig.nofix ../surf/lh.orig.nofix 


counting number of connected components...
   164430 voxel in cpt #1: X=-86 [v=164430,e=493548,f=329032] located at (-29.442881, -13.252047, -7.695585)
For the whole surface: X=-86 [v=164430,e=493548,f=329032]
One single component has been found
nothing to do
done

#--------------------------------------------
#@# Smooth1 lh Sun Mar  8 21:51:30 CET 2026
/out/sourcedata/freesurfer/sub-v1s14x0051583_ses-1/scripts

 mris_smooth -nw -seed 1234 ../surf/lh.orig.nofix ../surf/lh.smoothwm.nofix 

setting seed for random number generator to 1234
smoothing surface tessellation for 10 iterations...
smoothing complete - recomputing first and second fundamental forms...
#--------------------------------------------
#@# Inflation1 lh Sun Mar  8 21:51:33 CET 2026
/out/sourcedata/freesurfer/sub-v1s14x0051583_ses-1/scripts

 mris_inflate -no-save-sulc ../surf/lh.smoothwm.nofix ../surf/lh.inflated.nofix 

Not saving sulc
Reading ../surf/lh.smoothwm.nofix
avg radius = 52.3 mm, total surface area = 88327 mm^2
step 000: RMS=0.153 (target=0.015)   step 005: RMS=0.118 (target=0.015)   step 010: RMS=0.090 (target=0.015)   step 015: RMS=0.077 (target=0.015)   step 020: RMS=0.068 (target=0.015)   step 025: RMS=0.062 (target=0.015)   step 030: RMS=0.056 (target=0.015)   step 035: RMS=0.052 (target=0.015)   step 040: RMS=0.050 (target=0.015)   step 045: RMS=0.048 (target=0.015)   step 050: RMS=0.047 (target=0.015)   step 055: RMS=0.047 (target=0.015)   step 060: RMS=0.048 (target=0.015)   writing inflated surface to ../surf/lh.inflated.nofix
inflation took 0.2 minutes

inflation complete.
Not saving sulc
mris_inflate utimesec    61.554681
mris_inflate stimesec    1.743247
mris_inflate ru_maxrss   259196
mris_inflate ru_ixrss    0
mris_inflate ru_idrss    0
mris_inflate ru_isrss    0
mris_inflate ru_minflt   609759
mris_inflate ru_majflt   35
mris_inflate ru_nswap    0
mris_inflate ru_inblock  1672
mris_inflate ru_oublock  11576
mris_inflate ru_msgsnd   0
mris_inflate ru_msgrcv   0
mris_inflate ru_nsignals 0
mris_inflate ru_nvcsw    6020
mris_inflate ru_nivcsw   637
#--------------------------------------------
#@# QSphere lh Sun Mar  8 21:51:47 CET 2026
/out/sourcedata/freesurfer/sub-v1s14x0051583_ses-1/scripts

 mris_sphere -q -p 6 -a 128 -seed 1234 ../surf/lh.inflated.nofix ../surf/lh.qsphere.nofix 

doing quick spherical unfolding.
limitting unfolding to 6 passes
using n_averages = 128
setting seed for random number genererator to 1234
version: 7.3.2
available threads: 16
scaling brain by 0.273...
inflating...
projecting onto sphere...
surface projected - minimizing metric distortion...
vertex spacing 0.88 +- 0.56 (0.00-->6.51) (max @ vno 122498 --> 123542)
face area 0.02 +- 0.03 (-0.17-->0.51)
Entering MRISinflateToSphere()
inflating to sphere (rms error < 2.00)
000: dt: 0.0000, rms radial error=176.857, avgs=0
005/300: dt: 0.9000, rms radial error=176.599, avgs=0
010/300: dt: 0.9000, rms radial error=176.042, avgs=0
015/300: dt: 0.9000, rms radial error=175.310, avgs=0
020/300: dt: 0.9000, rms radial error=174.474, avgs=0
025/300: dt: 0.9000, rms radial error=173.578, avgs=0
030/300: dt: 0.9000, rms radial error=172.648, avgs=0
035/300: dt: 0.9000, rms radial error=171.703, avgs=0
040/300: dt: 0.9000, rms radial error=170.750, avgs=0
045/300: dt: 0.9000, rms radial error=169.794, avgs=0
050/300: dt: 0.9000, rms radial error=168.839, avgs=0
055/300: dt: 0.9000, rms radial error=167.887, avgs=0
060/300: dt: 0.9000, rms radial error=166.940, avgs=0
065/300: dt: 0.9000, rms radial error=166.000, avgs=0
070/300: dt: 0.9000, rms radial error=165.064, avgs=0
075/300: dt: 0.9000, rms radial error=164.134, avgs=0
080/300: dt: 0.9000, rms radial error=163.208, avgs=0
085/300: dt: 0.9000, rms radial error=162.288, avgs=0
090/300: dt: 0.9000, rms radial error=161.372, avgs=0
095/300: dt: 0.9000, rms radial error=160.462, avgs=0
100/300: dt: 0.9000, rms radial error=159.557, avgs=0
105/300: dt: 0.9000, rms radial error=158.657, avgs=0
110/300: dt: 0.9000, rms radial error=157.762, avgs=0
115/300: dt: 0.9000, rms radial error=156.872, avgs=0
120/300: dt: 0.9000, rms radial error=155.987, avgs=0
125/300: dt: 0.9000, rms radial error=155.106, avgs=0
130/300: dt: 0.9000, rms radial error=154.231, avgs=0
135/300: dt: 0.9000, rms radial error=153.361, avgs=0
140/300: dt: 0.9000, rms radial error=152.496, avgs=0
145/300: dt: 0.9000, rms radial error=151.636, avgs=0
150/300: dt: 0.9000, rms radial error=150.781, avgs=0
155/300: dt: 0.9000, rms radial error=149.930, avgs=0
160/300: dt: 0.9000, rms radial error=149.085, avgs=0
165/300: dt: 0.9000, rms radial error=148.243, avgs=0
170/300: dt: 0.9000, rms radial error=147.407, avgs=0
175/300: dt: 0.9000, rms radial error=146.575, avgs=0
180/300: dt: 0.9000, rms radial error=145.748, avgs=0
185/300: dt: 0.9000, rms radial error=144.926, avgs=0
190/300: dt: 0.9000, rms radial error=144.109, avgs=0
195/300: dt: 0.9000, rms radial error=143.296, avgs=0
200/300: dt: 0.9000, rms radial error=142.488, avgs=0
205/300: dt: 0.9000, rms radial error=141.684, avgs=0
210/300: dt: 0.9000, rms radial error=140.886, avgs=0
215/300: dt: 0.9000, rms radial error=140.092, avgs=0
220/300: dt: 0.9000, rms radial error=139.302, avgs=0
225/300: dt: 0.9000, rms radial error=138.517, avgs=0
230/300: dt: 0.9000, rms radial error=137.736, avgs=0
235/300: dt: 0.9000, rms radial error=136.959, avgs=0
240/300: dt: 0.9000, rms radial error=136.187, avgs=0
245/300: dt: 0.9000, rms radial error=135.419, avgs=0
250/300: dt: 0.9000, rms radial error=134.655, avgs=0
255/300: dt: 0.9000, rms radial error=133.895, avgs=0
260/300: dt: 0.9000, rms radial error=133.140, avgs=0
265/300: dt: 0.9000, rms radial error=132.388, avgs=0
270/300: dt: 0.9000, rms radial error=131.641, avgs=0
275/300: dt: 0.9000, rms radial error=130.898, avgs=0
280/300: dt: 0.9000, rms radial error=130.160, avgs=0
285/300: dt: 0.9000, rms radial error=129.425, avgs=0
290/300: dt: 0.9000, rms radial error=128.694, avgs=0
295/300: dt: 0.9000, rms radial error=127.968, avgs=0
300/300: dt: 0.9000, rms radial error=127.245, avgs=0

spherical inflation complete.
epoch 1 (K=10.0), pass 1, starting sse = 19957.10
taking momentum steps...
taking momentum steps...
taking momentum steps...
taking momentum steps...
pass 1 complete, delta sse/iter = 0.00/13 = 0.00034
epoch 2 (K=40.0), pass 1, starting sse = 3553.45
taking momentum steps...
taking momentum steps...
taking momentum steps...
taking momentum steps...
pass 1 complete, delta sse/iter = 0.00/13 = 0.00007
epoch 3 (K=160.0), pass 1, starting sse = 426.77
taking momentum steps...
taking momentum steps...
taking momentum steps...
taking momentum steps...
pass 1 complete, delta sse/iter = 0.06/13 = 0.00494
epoch 4 (K=640.0), pass 1, starting sse = 38.74
taking momentum steps...
taking momentum steps...
taking momentum steps...
taking momentum steps...
pass 1 complete, delta sse/iter = 0.10/18 = 0.00566
final distance error %100000.00
writing spherical brain to ../surf/lh.qsphere.nofix
spherical transformation took 0.0191 hours
FSRUNTIME@ mris_sphere  0.0191 hours 16 threads
#VMPC# mris_sphere VmPeak  2413440
mris_sphere done
#@# Fix Topology lh Sun Mar  8 21:52:56 CET 2026

 mris_fix_topology -mgz -sphere qsphere.nofix -inflated inflated.nofix -orig orig.nofix -out orig.premesh -ga -seed 1234 sub-v1s14x0051583_ses-1 lh 

reading spherical homeomorphism from 'qsphere.nofix'
reading inflated coordinates from 'inflated.nofix'
reading original coordinates from 'orig.nofix'
using genetic algorithm with optimized parameters
setting seed for random number genererator to 1234

*************************************************************
Topology Correction Parameters
retessellation mode:           genetic search
number of patches/generation : 10
number of generations :        10
surface mri loglikelihood coefficient :         1.0
volume mri loglikelihood coefficient :          10.0
normal dot loglikelihood coefficient :          1.0
quadratic curvature loglikelihood coefficient : 1.0
volume resolution :                             2
eliminate vertices during search :              1
initial patch selection :                       1
select all defect vertices :                    0
ordering dependant retessellation:              0
use precomputed edge table :                    0
smooth retessellated patch :                    2
match retessellated patch :                     1
verbose mode :                                  0

*************************************************************
INFO: assuming .mgz format
writing corrected surface to 'orig.premesh'
7.3.2
  7.3.2
before topology correction, eno=-86 (nv=164430, nf=329032, ne=493548, g=44)
using quasi-homeomorphic spherical map to tessellate cortical surface...

Correction of the Topology
Finding true center and radius of Spherical Surface...done
Surface centered at (0,0,0) with radius 100.0 in 9 iterations
marking ambiguous vertices...
15433 ambiguous faces found in tessellation
segmenting defects...
34 defects found, arbitrating ambiguous regions...
analyzing neighboring defects...
      -merging segment 12 into 11
      -merging segment 18 into 17
32 defects to be corrected 
0 vertices coincident
reading input surface /out/sourcedata/freesurfer/sub-v1s14x0051583_ses-1/surf/lh.qsphere.nofix...
reading brain volume from brain...
reading wm segmentation from wm...
Reading original properties of orig.nofix
Reading vertex positions of inflated.nofix
Computing Initial Surface Statistics
      -face       loglikelihood: -9.2695  (-4.6347)
      -vertex     loglikelihood: -6.2796  (-3.1398)
      -normal dot loglikelihood: -3.6038  (-3.6038)
      -quad curv  loglikelihood: -5.7238  (-2.8619)
      Total Loglikelihood : -24.8766
CORRECTING DEFECT 0 (vertices=1493, convex hull=604, v0=752)
A large defect has been detected...
This often happens because cerebellum or dura has not been removed from wm.mgz.
This may cause recon-all to run very slowly or crash.
if so, see https://surfer.nmr.mgh.harvard.edu/fswiki/FsTutorial/TopologicalDefect_freeview
After retessellation of defect 0 (v0=752), euler #=-25 (155868,465868,309975) : difference with theory (-29) = -4 
CORRECTING DEFECT 1 (vertices=115, convex hull=47, v0=881)
After retessellation of defect 1 (v0=881), euler #=-24 (155873,465903,310006) : difference with theory (-28) = -4 
CORRECTING DEFECT 2 (vertices=28, convex hull=62, v0=3006)
After retessellation of defect 2 (v0=3006), euler #=-23 (155882,465957,310052) : difference with theory (-27) = -4 
CORRECTING DEFECT 3 (vertices=100, convex hull=92, v0=3682)
After retessellation of defect 3 (v0=3682), euler #=-22 (155903,466059,310134) : difference with theory (-26) = -4 
CORRECTING DEFECT 4 (vertices=370, convex hull=350, v0=5638)
After retessellation of defect 4 (v0=5638), euler #=-21 (156041,466639,310577) : difference with theory (-25) = -4 
CORRECTING DEFECT 5 (vertices=483, convex hull=129, v0=7491)
After retessellation of defect 5 (v0=7491), euler #=-20 (156050,466727,310657) : difference with theory (-24) = -4 
CORRECTING DEFECT 6 (vertices=321, convex hull=56, v0=7811)
After retessellation of defect 6 (v0=7811), euler #=-19 (156073,466819,310727) : difference with theory (-23) = -4 
CORRECTING DEFECT 7 (vertices=111, convex hull=28, v0=9521)
After retessellation of defect 7 (v0=9521), euler #=-18 (156078,466848,310752) : difference with theory (-22) = -4 
CORRECTING DEFECT 8 (vertices=106, convex hull=75, v0=34801)
After retessellation of defect 8 (v0=34801), euler #=-17 (156097,466935,310821) : difference with theory (-21) = -4 
CORRECTING DEFECT 9 (vertices=67, convex hull=70, v0=56903)
After retessellation of defect 9 (v0=56903), euler #=-16 (156129,467059,310914) : difference with theory (-20) = -4 
CORRECTING DEFECT 10 (vertices=38, convex hull=38, v0=62271)
After retessellation of defect 10 (v0=62271), euler #=-15 (156136,467092,310941) : difference with theory (-19) = -4 
CORRECTING DEFECT 11 (vertices=120, convex hull=145, v0=63760)
After retessellation of defect 11 (v0=63760), euler #=-13 (156157,467225,311055) : difference with theory (-18) = -5 
CORRECTING DEFECT 12 (vertices=83, convex hull=95, v0=74275)
After retessellation of defect 12 (v0=74275), euler #=-12 (156179,467333,311142) : difference with theory (-17) = -5 
CORRECTING DEFECT 13 (vertices=1677, convex hull=733, v0=74401)
An extra large defect has been detected...
This often happens because cerebellum or dura has not been removed from wm.mgz.
This may cause recon-all to run very slowly or crash.
if so, see https://surfer.nmr.mgh.harvard.edu/fswiki/FsTutorial/TopologicalDefect_freeview
After retessellation of defect 13 (v0=74401), euler #=-15 (156406,468421,312000) : difference with theory (-16) = -1 
CORRECTING DEFECT 14 (vertices=39, convex hull=31, v0=78300)
After retessellation of defect 14 (v0=78300), euler #=-14 (156415,468459,312030) : difference with theory (-15) = -1 
CORRECTING DEFECT 15 (vertices=1017, convex hull=498, v0=78559)
A large defect has been detected...
This often happens because cerebellum or dura has not been removed from wm.mgz.
This may cause recon-all to run very slowly or crash.
if so, see https://surfer.nmr.mgh.harvard.edu/fswiki/FsTutorial/TopologicalDefect_freeview
After retessellation of defect 15 (v0=78559), euler #=-15 (156763,469783,313005) : difference with theory (-14) = 1 
CORRECTING DEFECT 16 (vertices=414, convex hull=168, v0=94284)
After retessellation of defect 16 (v0=94284), euler #=-13 (156797,469979,313169) : difference with theory (-13) = 0 
CORRECTING DEFECT 17 (vertices=34, convex hull=34, v0=111306)
After retessellation of defect 17 (v0=111306), euler #=-12 (156810,470027,313205) : difference with theory (-12) = 0 
CORRECTING DEFECT 18 (vertices=134, convex hull=57, v0=117539)
After retessellation of defect 18 (v0=117539), euler #=-11 (156820,470084,313253) : difference with theory (-11) = 0 
CORRECTING DEFECT 19 (vertices=10, convex hull=32, v0=118348)
After retessellation of defect 19 (v0=118348), euler #=-10 (156822,470102,313270) : difference with theory (-10) = 0 
CORRECTING DEFECT 20 (vertices=36, convex hull=33, v0=121485)
After retessellation of defect 20 (v0=121485), euler #=-9 (156832,470143,313302) : difference with theory (-9) = 0 
CORRECTING DEFECT 21 (vertices=8, convex hull=27, v0=122289)
After retessellation of defect 21 (v0=122289), euler #=-8 (156833,470153,313312) : difference with theory (-8) = 0 
CORRECTING DEFECT 22 (vertices=418, convex hull=85, v0=122324)
After retessellation of defect 22 (v0=122324), euler #=-7 (156849,470230,313374) : difference with theory (-7) = 0 
CORRECTING DEFECT 23 (vertices=26, convex hull=30, v0=122395)
After retessellation of defect 23 (v0=122395), euler #=-6 (156855,470258,313397) : difference with theory (-6) = 0 
CORRECTING DEFECT 24 (vertices=23, convex hull=29, v0=123366)
After retessellation of defect 24 (v0=123366), euler #=-5 (156859,470280,313416) : difference with theory (-5) = 0 
CORRECTING DEFECT 25 (vertices=18, convex hull=40, v0=127946)
After retessellation of defect 25 (v0=127946), euler #=-4 (156870,470328,313454) : difference with theory (-4) = 0 
CORRECTING DEFECT 26 (vertices=26, convex hull=56, v0=131468)
After retessellation of defect 26 (v0=131468), euler #=-3 (156887,470400,313510) : difference with theory (-3) = 0 
CORRECTING DEFECT 27 (vertices=163, convex hull=93, v0=135316)
After retessellation of defect 27 (v0=135316), euler #=-2 (156924,470549,313623) : difference with theory (-2) = 0 
CORRECTING DEFECT 28 (vertices=51, convex hull=39, v0=136150)
After retessellation of defect 28 (v0=136150), euler #=-1 (156933,470594,313660) : difference with theory (-1) = 0 
CORRECTING DEFECT 29 (vertices=908, convex hull=332, v0=140651)
After retessellation of defect 29 (v0=140651), euler #=0 (156994,470936,313942) : difference with theory (0) = 0 
CORRECTING DEFECT 30 (vertices=95, convex hull=57, v0=146337)
After retessellation of defect 30 (v0=146337), euler #=1 (157018,471032,314015) : difference with theory (1) = 0 
CORRECTING DEFECT 31 (vertices=195, convex hull=41, v0=162337)
After retessellation of defect 31 (v0=162337), euler #=2 (157035,471099,314066) : difference with theory (2) = 0 
computing original vertex metric properties...
storing new metric properties...
computing tessellation statistics...
vertex spacing 0.90 +- 0.27 (0.06-->16.69) (max @ vno 77197 --> 160224)
face area -nan +- -nan (1000.00-->-1.00)
performing soap bubble on retessellated vertices for 0 iterations...
vertex spacing 0.90 +- 0.27 (0.06-->16.69) (max @ vno 77197 --> 160224)
face area -nan +- -nan (1000.00-->-1.00)
tessellation finished, orienting corrected surface...
122 mutations (37.4%), 204 crossovers (62.6%), 837 vertices were eliminated
building final representation...
7395 vertices and 0 faces have been removed from triangulation
after topology correction, eno=2 (nv=157035, nf=314066, ne=471099, g=0)
writing corrected surface to /out/sourcedata/freesurfer/sub-v1s14x0051583_ses-1/surf/lh.orig.premesh...

0.000 % of the vertices (0 vertices) exhibit an orientation change
removing intersecting faces
000: 808 intersecting
001: 115 intersecting
002: 24 intersecting
003: 14 intersecting
step 1 with no progress (num=18, old_num=14)
004: 18 intersecting
step 2 with no progress (num=19, old_num=18)
005: 19 intersecting
006: 10 intersecting
007: 3 intersecting
step 1 with no progress (num=3, old_num=3)
008: 3 intersecting
step 2 with no progress (num=3, old_num=3)
009: 3 intersecting
step 3 with no progress (num=3, old_num=3)
010: 3 intersecting
step 4 with no progress (num=3, old_num=3)
011: 3 intersecting
step 5 with no progress (num=3, old_num=3)
012: 3 intersecting
step 6 with no progress (num=3, old_num=3)
013: 3 intersecting
step 7 with no progress (num=3, old_num=3)
014: 3 intersecting
step 8 with no progress (num=3, old_num=3)
015: 3 intersecting
step 9 with no progress (num=3, old_num=3)
016: 3 intersecting
step 10 with no progress (num=3, old_num=3)
017: 3 intersecting
step 11 with no progress (num=3, old_num=3)
018: 3 intersecting
step 12 with no progress (num=3, old_num=3)
019: 3 intersecting
step 13 with no progress (num=3, old_num=3)
020: 3 intersecting
step 14 with no progress (num=3, old_num=3)
021: 3 intersecting
step 15 with no progress (num=3, old_num=3)
022: 3 intersecting
step 16 with no progress (num=3, old_num=3)
terminating search with 3 intersecting
topology fixing took 25.2 minutes
FSRUNTIME@ mris_fix_topology lh  0.4204 hours 16 threads
#VMPC# mris_fix_topology VmPeak  1881296

 mris_euler_number ../surf/lh.orig.premesh 

euler # = v-e+f = 2g-2: 157035 - 471099 + 314066 = 2 --> 0 holes
      F =2V-4:          314066 = 314070-4 (0)
      2E=3F:            942198 = 942198 (0)

total defect index = 0
Sun Mar  8 22:18:10 CET 2026

setenv SUBJECTS_DIR /out/sourcedata/freesurfer
cd /out/sourcedata/freesurfer/sub-v1s14x0051583_ses-1/scripts
/opt/freesurfer/bin/defect2seg --s sub-v1s14x0051583_ses-1 --lh-only --cortex

freesurfer-linux-ubuntu22_x86_64-7.3.2-20220804-6354275
defect2seg 7.3.2
Linux dna056 5.14.0-427.37.1.el9_4.x86_64 #1 SMP PREEMPT_DYNAMIC Fri Sep 13 12:41:50 EDT 2024 x86_64 x86_64 x86_64 GNU/Linux
pid 2775122
mri_label2label --label-cortex /out/sourcedata/freesurfer/sub-v1s14x0051583_ses-1/surf/lh.orig.nofix /out/sourcedata/freesurfer/sub-v1s14x0051583_ses-1/mri/aseg.presurf.mgz 0 /out/sourcedata/freesurfer/sub-v1s14x0051583_ses-1/label/lh.nofix.cortex.label

 Generating cortex label... RemoveHipAmgy=0
 NucAccIsMedialWall=0
 mris->useRealRAS=0
19 non-cortical segments detected
only using segment with 8908 vertices
erasing segment 1 (vno[0] = 74401)
erasing segment 2 (vno[0] = 91857)
erasing segment 3 (vno[0] = 95426)
erasing segment 4 (vno[0] = 102391)
erasing segment 5 (vno[0] = 119467)
erasing segment 6 (vno[0] = 120435)
erasing segment 7 (vno[0] = 120447)
erasing segment 8 (vno[0] = 122327)
erasing segment 9 (vno[0] = 122372)
erasing segment 10 (vno[0] = 122417)
erasing segment 11 (vno[0] = 122484)
erasing segment 12 (vno[0] = 123477)
erasing segment 13 (vno[0] = 124491)
erasing segment 14 (vno[0] = 125370)
erasing segment 15 (vno[0] = 126168)
erasing segment 16 (vno[0] = 140423)
erasing segment 17 (vno[0] = 148275)
erasing segment 18 (vno[0] = 148875)
mri_label2vol --defects /out/sourcedata/freesurfer/sub-v1s14x0051583_ses-1/surf/lh.orig.nofix /out/sourcedata/freesurfer/sub-v1s14x0051583_ses-1/surf/lh.defect_labels /out/sourcedata/freesurfer/sub-v1s14x0051583_ses-1/mri/orig.mgz 1000 0 /out/sourcedata/freesurfer/sub-v1s14x0051583_ses-1/mri/lh.surface.defects.mgz /out/sourcedata/freesurfer/sub-v1s14x0051583_ses-1/label/lh.nofix.cortex.label
mri_label2vol supposed to be reproducible but seed not set
Contraining to label /out/sourcedata/freesurfer/sub-v1s14x0051583_ses-1/label/lh.nofix.cortex.label
Changing input type 0 to MRI_INT
Converting defects to volume: offset=1000, merge=0
Writing to /out/sourcedata/freesurfer/sub-v1s14x0051583_ses-1/mri/lh.surface.defects.mgz
mris_defects_pointset -s /out/sourcedata/freesurfer/sub-v1s14x0051583_ses-1/surf/lh.orig.nofix -d /out/sourcedata/freesurfer/sub-v1s14x0051583_ses-1/surf/lh.defect_labels -o /out/sourcedata/freesurfer/sub-v1s14x0051583_ses-1/surf/lh.defects.pointset --label /out/sourcedata/freesurfer/sub-v1s14x0051583_ses-1/label/lh.nofix.cortex.label
Reading in surface /out/sourcedata/freesurfer/sub-v1s14x0051583_ses-1/surf/lh.orig.nofix
Reading in defect segmentation /out/sourcedata/freesurfer/sub-v1s14x0051583_ses-1/surf/lh.defect_labels
Reading in label /out/sourcedata/freesurfer/sub-v1s14x0051583_ses-1/label/lh.nofix.cortex.label
#VMPC# mris_defects_pointset 1323444
mris_defects_pointset done
 
Started at Sun Mar 8 22:18:10 CET 2026 
Ended   at Sun Mar  8 22:18:29 CET 2026
Defect2seg-Run-Time-Sec 19
Defect2seg-Run-Time-Min 0.38
Defect2seg-Run-Time-Hours 0.01
 
tkmeditfv sub-v1s14x0051583_ses-1 brain.finalsurfs.mgz -defect
defect2seg Done

 mris_remesh --remesh --iters 3 --input /out/sourcedata/freesurfer/sub-v1s14x0051583_ses-1/surf/lh.orig.premesh --output /out/sourcedata/freesurfer/sub-v1s14x0051583_ses-1/surf/lh.orig 

iters = 3
standard remeshing without target
   adjusted l: 0.716324
remeshing to edge length 0.716324 with 3 iterations

avg qual before   : 0.888499  after: 0.971412

Removing intersections
removing intersecting faces
000: 10 intersecting
terminating search with 0 intersecting
Remeshed surface quality stats nv0 = 157035  nv = 163681  1.04232
Area    327358  0.30694  0.03391 0.076001   0.4728
Corner  982074 60.00000  8.75936 13.647110 152.0524
Edge    491037  0.84991  0.08271 0.376519   1.2678
Hinge   491037  9.61343 10.23126 0.000009 169.9565
mris_remesh done
/out/sourcedata/freesurfer/sub-v1s14x0051583_ses-1/scripts

 mris_remove_intersection ../surf/lh.orig ../surf/lh.orig 

intersection removal took 0.00 hours
writing corrected surface to ../surf/lh.orig

 rm -f ../surf/lh.inflated 

#--------------------------------------------
#@# AutoDetGWStats lh Sun Mar  8 22:19:24 CET 2026
cd /out/sourcedata/freesurfer/sub-v1s14x0051583_ses-1/mri
mris_autodet_gwstats --o ../surf/autodet.gw.stats.lh.dat --i brain.finalsurfs.mgz --wm wm.mgz --surf ../surf/lh.orig.premesh
7.3.2

cd /out/sourcedata/freesurfer/sub-v1s14x0051583_ses-1/mri
setenv SUBJECTS_DIR /out/sourcedata/freesurfer
mris_autodet_gwstats --o ../surf/autodet.gw.stats.lh.dat --i brain.finalsurfs.mgz --wm wm.mgz --surf ../surf/lh.orig.premesh 

border white:    303382 voxels (1.81%)
border gray      339260 voxels (2.02%)
Reading in intensity volume brain.finalsurfs.mgz
Reading in wm volume wm.mgz
Reading in surf ../surf/lh.orig.premesh
Auto detecting stats
MRIclipBrightWM(): nthresh=21744, wmmin=5, clip=110 
Binarizing thresholding at 5
computing class statistics... low=30, hi=110.000000
CCS WM (99.0): 99.4 +- 7.7 [70.0 --> 110.0]
CCS GM (75.0) : 73.5 +- 11.6 [30.0 --> 110.0]
white_mean = 99.4276 +/- 7.69403, gray_mean = 73.5039 +/- 11.5688
using class modes intead of means, discounting robust sigmas....
MRIScomputeClassModes(): min=0 max=241 nbins=242
intensity peaks found at WM=104+-5.2,    GM=68+-11.3
white_mode = 104, gray_mode = 68
std_scale = 1
Applying sanity checks, max_scale_down = 0.2
setting MIN_GRAY_AT_WHITE_BORDER to 56.4 (was 70.000000)
setting MAX_BORDER_WHITE to 111.7 (was 105.000000)
setting MIN_BORDER_WHITE to 68.0 (was 85.000000)
setting MAX_CSF to 44.9 (was 40.000000)
setting MAX_GRAY to 96.3 (was 95.000000)
setting MAX_GRAY_AT_CSF_BORDER to 56.4 (was 75.000000)
setting MIN_GRAY_AT_CSF_BORDER to 33.3 (was 40.000000)
When placing the white surface
  white_border_hi   = 111.694;
  white_border_low  = 68;
  white_outside_low = 56.4312;
  white_inside_hi   = 120;
  white_outside_hi  = 111.694;
When placing the pial surface
  pial_border_hi   = 56.4312;
  pial_border_low  = 33.2937;
  pial_outside_low = 10;
  pial_inside_hi   = 96.306;
  pial_outside_hi  = 50.6469;
#VMPC# mris_autodet_gwstats VmPeak  1363284
mris_autodet_gwstats done
#--------------------------------------------
#@# WhitePreAparc lh Sun Mar  8 22:19:28 CET 2026
cd /out/sourcedata/freesurfer/sub-v1s14x0051583_ses-1/mri
mris_place_surface --adgws-in ../surf/autodet.gw.stats.lh.dat --wm wm.mgz --threads 16 --invol brain.finalsurfs.mgz --lh --i ../surf/lh.orig --o ../surf/lh.white.preaparc --white --seg aseg.presurf.mgz --nsmooth 5
7.3.2
7.3.2

cd /out/sourcedata/freesurfer/sub-v1s14x0051583_ses-1/mri
setenv SUBJECTS_DIR /out/sourcedata/freesurfer
mris_place_surface --adgws-in ../surf/autodet.gw.stats.lh.dat --wm wm.mgz --threads 16 --invol brain.finalsurfs.mgz --lh --i ../surf/lh.orig --o ../surf/lh.white.preaparc --white --seg aseg.presurf.mgz --nsmooth 5 

Reading in input surface ../surf/lh.orig
Smoothing surface before ripping with 5 iterations
Area    327358  0.27112  0.06353 0.002063   0.6044
Corner  982074 60.00000  9.43994 4.177047 143.2707
Edge    491037  0.79508  0.11474 0.038648   1.3444
Hinge   491037  6.44894  6.49165 0.000024 167.5521
Not reading in aparc
Reading in input volume brain.finalsurfs.mgz
Reading in wm volume wm.mgz
MRIclipBrightWM(): nthresh=21744, wmmin=5, clip=110 
MRIfindBrightNonWM(): 1938 bright non-wm voxels segmented.
Masking bright non-wm for white surface
MRImask(): AllowDiffGeom = 1
MRImask(): AllowDiffGeom = 1
Reading in seg volume aseg.presurf.mgz
Ripping frozen voxels
INFO: rip surface needed but not specified, so using input surface
Freezing midline and others
Entering: MRISripMidline(): inhibiting deformation at non-cortical midline structures...
  which=1, fix_mtl=0, using annot = 0
#FML0# MRISripMidline(): nripped=0
removing 3 vertices from ripped group in thread:0
#FML# MRISripMidline(): nmarked=6966, nmarked2=18, nripped=6966
Ripping segs (eg, WMSA, BG, frozen)
Starting MRISripSegs() d = (-2 2 0.5) segnos: 247 
MRISripSegs(): -2 2 0.5 ripped 0
vertex 81841: xyz = (-48.7905,-0.278461,-31.5176) oxyz = (-48.7905,-0.278461,-31.5176) wxzy = (-48.7905,-0.278461,-31.5176) pxyz = (0,0,0) 
CBVO Creating mask 163681
n_averages 4
Iteration 0 =========================================
n_averages=4, current_sigma=2
Freezing midline and others
Ripping frozen voxels
INFO: rip surface needed but not specified, so using input surface
Freezing midline and others
Entering: MRISripMidline(): inhibiting deformation at non-cortical midline structures...
  which=1, fix_mtl=0, using annot = 0
#FML0# MRISripMidline(): nripped=6966
removing 3 vertices from ripped group in thread:0
#FML# MRISripMidline(): nmarked=6966, nmarked2=18, nripped=6966
Ripping segs (eg, WMSA, BG, frozen)
Starting MRISripSegs() d = (-2 2 0.5) segnos: 247 247 
MRISripSegs(): -2 2 0.5 ripped 0
Computing target border values 
Entering MRIScomputeBorderValues_new(): 
  inside_hi   = 120.0000000;
  border_hi   = 111.6940310;
  border_low  =  68.0000000;
  outside_low =  56.4312480;
  outside_hi  = 111.6940310;
  sigma = 2;
  max_thickness = 10;
  step_size=0.5;
  STEP_SIZE=0.1;
  which = 1
  thresh = 0
  flags = 0
  CBVfindFirstPeakD1=0
  CBVfindFirstPeakD2=0
  nvertices=163681
  Gdiag_no=-1
  vno start=0, stop=163681
Replacing 255s with 0s
#SI# sigma=2 had to be increased for 205 vertices, nripped=6966
mean border=82.3, 231 (231) missing vertices, mean dist 0.3 [0.6 (%38.0)->0.8 (%62.0))]
%68 local maxima, %27 large gradients and % 0 min vals, 0 gradients ignored
nFirstPeakD1 0
MRIScomputeBorderValues_new() finished in 0.0212 min


Finding expansion regions
mean absolute distance = 0.76 +- 0.98
5679 vertices more than 2 sigmas from mean.
Averaging target values for 5 iterations...
Positioning Surface: tspring = 0.3, nspring = 0.3, spring = 0, niters = 100 l_repulse = 5, l_surf_repulse = 0, checktol = 0
Positioning pial surface
Entering MRISpositionSurface()
  max_mm = 0.3
  MAX_REDUCTIONS = 2, REDUCTION_PCT = 0.5
  parms->check_tol = 0, niterations = 100
tol=1.0e-04, sigma=2.0, host=dna05, nav=4, nbrs=2, l_repulse=5.000, l_tspring=0.300, l_nspring=0.300, l_intensity=0.200, l_curv=1.000
mom=0.00, dt=0.50
complete_dist_mat 0
rms 0
smooth_averages 0
remove_neg 0
ico_order 0
which_surface 0
target_radius 0.000000
nfields 0
scale 0.000000
desired_rms_height 0.000000
momentum 0.000000
nbhd_size 0
max_nbrs 0
niterations 100
nsurfaces 0
SURFACES 3
flags 0 (0)
use curv 0
no sulc 0
no rigid align 0
mris->nsize 2
mris->hemisphere 0
randomSeed 0

000: dt: 0.0000, sse=3653899.8, rms=10.529
001: dt: 0.5000, sse=1945796.9, rms=7.514 (28.631%)
002: dt: 0.5000, sse=1191562.2, rms=5.681 (24.403%)
003: dt: 0.5000, sse=833267.7, rms=4.540 (20.076%)
004: dt: 0.5000, sse=643545.1, rms=3.812 (16.049%)
005: dt: 0.5000, sse=551822.4, rms=3.392 (11.010%)
006: dt: 0.5000, sse=502480.6, rms=3.154 (7.011%)
007: dt: 0.5000, sse=483291.0, rms=3.056 (3.110%)
008: dt: 0.5000, sse=469529.2, rms=2.987 (2.272%)
rms = 2.9675/2.9866, sse=469887.5/469529.2, time step reduction 1 of 3 to 0.250  0 1 1
009: dt: 0.5000, sse=469887.5, rms=2.967 (0.640%)
010: dt: 0.2500, sse=280653.8, rms=1.629 (45.090%)
011: dt: 0.2500, sse=259605.4, rms=1.341 (17.694%)
012: dt: 0.2500, sse=258341.1, rms=1.271 (5.250%)
rms = 1.2282/1.2707, sse=251604.9/258341.1, time step reduction 2 of 3 to 0.125  0 0 1
013: dt: 0.2500, sse=251604.9, rms=1.228 (3.343%)
rms = 1.1832/1.2282, sse=250809.5/251604.9, time step reduction 3 of 3 to 0.062  0 0 1
014: dt: 0.1250, sse=250809.5, rms=1.183 (3.672%)
  maximum number of reductions reached, breaking from loop
positioning took 1.6 minutes
Iteration 1 =========================================
n_averages=2, current_sigma=1
Freezing midline and others
Ripping frozen voxels
INFO: rip surface needed but not specified, so using input surface
Freezing midline and others
Entering: MRISripMidline(): inhibiting deformation at non-cortical midline structures...
  which=1, fix_mtl=0, using annot = 0
#FML0# MRISripMidline(): nripped=6966
removing 3 vertices from ripped group in thread:0
removing 3 vertices from ripped group in thread:0
removing 3 vertices from ripped group in thread:0
removing 4 vertices from ripped group in thread:0
#FML# MRISripMidline(): nmarked=7163, nmarked2=18, nripped=7163
Ripping segs (eg, WMSA, BG, frozen)
Starting MRISripSegs() d = (-2 2 0.5) segnos: 247 247 247 
MRISripSegs(): -2 2 0.5 ripped 0
Computing target border values 
Entering MRIScomputeBorderValues_new(): 
  inside_hi   = 120.0000000;
  border_hi   = 111.6940310;
  border_low  =  68.0000000;
  outside_low =  56.4312480;
  outside_hi  = 111.6940310;
  sigma = 1;
  max_thickness = 10;
  step_size=0.5;
  STEP_SIZE=0.1;
  which = 1
  thresh = 0
  flags = 0
  CBVfindFirstPeakD1=0
  CBVfindFirstPeakD2=0
  nvertices=163681
  Gdiag_no=-1
  vno start=0, stop=163681
Replacing 255s with 0s
#SI# sigma=1 had to be increased for 181 vertices, nripped=7163
mean border=84.8, 175 (74) missing vertices, mean dist -0.2 [0.5 (%68.3)->0.3 (%31.7))]
%73 local maxima, %22 large gradients and % 0 min vals, 0 gradients ignored
nFirstPeakD1 0
MRIScomputeBorderValues_new() finished in 0.0128 min


Finding expansion regions
mean absolute distance = 0.40 +- 0.70
5639 vertices more than 2 sigmas from mean.
Averaging target values for 5 iterations...
Positioning Surface: tspring = 0.3, nspring = 0.3, spring = 0, niters = 100 l_repulse = 5, l_surf_repulse = 0, checktol = 0
Positioning pial surface
Entering MRISpositionSurface()
  max_mm = 0.3
  MAX_REDUCTIONS = 2, REDUCTION_PCT = 0.5
  parms->check_tol = 0, niterations = 100
tol=1.0e-04, sigma=1.0, host=dna05, nav=2, nbrs=2, l_repulse=5.000, l_tspring=0.300, l_nspring=0.300, l_intensity=0.200, l_curv=1.000
mom=0.00, dt=0.50
000: dt: 0.0000, sse=911606.6, rms=4.555
015: dt: 0.5000, sse=548215.6, rms=3.048 (33.086%)
016: dt: 0.5000, sse=502135.6, rms=2.817 (7.582%)
017: dt: 0.5000, sse=497333.3, rms=2.747 (2.491%)
rms = 2.8519/2.7465, sse=517201.4/497333.3, time step reduction 1 of 3 to 0.250  0 1 1
   RMS increased, rejecting step
018: dt: 0.2500, sse=370213.7, rms=1.882 (31.463%)
019: dt: 0.2500, sse=329497.9, rms=1.429 (24.085%)
020: dt: 0.2500, sse=314380.4, rms=1.267 (11.314%)
021: dt: 0.2500, sse=306089.3, rms=1.195 (5.704%)
rms = 1.1401/1.1951, sse=311952.6/306089.3, time step reduction 2 of 3 to 0.125  0 1 0
022: dt: 0.2500, sse=311952.6, rms=1.140 (4.596%)
rms = 1.0925/1.1401, sse=312489.4/311952.6, time step reduction 3 of 3 to 0.062  0 1 1
023: dt: 0.1250, sse=312489.4, rms=1.092 (4.181%)
  maximum number of reductions reached, breaking from loop
positioning took 1.0 minutes
Iteration 2 =========================================
n_averages=1, current_sigma=0.5
Freezing midline and others
Ripping frozen voxels
INFO: rip surface needed but not specified, so using input surface
Freezing midline and others
Entering: MRISripMidline(): inhibiting deformation at non-cortical midline structures...
  which=1, fix_mtl=0, using annot = 0
#FML0# MRISripMidline(): nripped=7163
removing 2 vertices from ripped group in thread:0
removing 4 vertices from ripped group in thread:0
removing 3 vertices from ripped group in thread:0
removing 3 vertices from ripped group in thread:0
removing 4 vertices from ripped group in thread:0
#FML# MRISripMidline(): nmarked=7266, nmarked2=18, nripped=7266
Ripping segs (eg, WMSA, BG, frozen)
Starting MRISripSegs() d = (-2 2 0.5) segnos: 247 247 247 247 
MRISripSegs(): -2 2 0.5 ripped 0
Computing target border values 
Entering MRIScomputeBorderValues_new(): 
  inside_hi   = 120.0000000;
  border_hi   = 111.6940310;
  border_low  =  68.0000000;
  outside_low =  56.4312480;
  outside_hi  = 111.6940310;
  sigma = 0.5;
  max_thickness = 10;
  step_size=0.5;
  STEP_SIZE=0.1;
  which = 1
  thresh = 0
  flags = 0
  CBVfindFirstPeakD1=0
  CBVfindFirstPeakD2=0
  nvertices=163681
  Gdiag_no=-1
  vno start=0, stop=163681
Replacing 255s with 0s
#SI# sigma=0.5 had to be increased for 405 vertices, nripped=7266
mean border=86.8, 137 (28) missing vertices, mean dist -0.2 [0.3 (%69.4)->0.2 (%30.6))]
%81 local maxima, %14 large gradients and % 0 min vals, 0 gradients ignored
nFirstPeakD1 0
MRIScomputeBorderValues_new() finished in 0.0074 min


Finding expansion regions
mean absolute distance = 0.31 +- 0.50
5751 vertices more than 2 sigmas from mean.
Averaging target values for 5 iterations...
Positioning Surface: tspring = 0.3, nspring = 0.3, spring = 0, niters = 100 l_repulse = 5, l_surf_repulse = 0, checktol = 0
Positioning pial surface
Entering MRISpositionSurface()
  max_mm = 0.3
  MAX_REDUCTIONS = 2, REDUCTION_PCT = 0.5
  parms->check_tol = 0, niterations = 100
tol=1.0e-04, sigma=0.5, host=dna05, nav=1, nbrs=2, l_repulse=5.000, l_tspring=0.300, l_nspring=0.300, l_intensity=0.200, l_curv=1.000
mom=0.00, dt=0.50
000: dt: 0.0000, sse=620678.9, rms=3.359
024: dt: 0.5000, sse=444648.7, rms=2.363 (29.655%)
rms = 2.4280/2.3630, sse=451021.3/444648.7, time step reduction 1 of 3 to 0.250  0 1 1
   RMS increased, rejecting step
025: dt: 0.2500, sse=357025.1, rms=1.700 (28.070%)
026: dt: 0.2500, sse=318656.6, rms=1.250 (26.465%)
027: dt: 0.2500, sse=305726.6, rms=1.099 (12.063%)
rms = 1.0553/1.0991, sse=310908.1/305726.6, time step reduction 2 of 3 to 0.125  0 1 1
028: dt: 0.2500, sse=310908.1, rms=1.055 (3.982%)
rms = 1.0106/1.0553, sse=308174.6/310908.1, time step reduction 3 of 3 to 0.062  0 0 1
029: dt: 0.1250, sse=308174.6, rms=1.011 (4.236%)
  maximum number of reductions reached, breaking from loop
positioning took 0.7 minutes
Iteration 3 =========================================
n_averages=0, current_sigma=0.25
Freezing midline and others
Ripping frozen voxels
INFO: rip surface needed but not specified, so using input surface
Freezing midline and others
Entering: MRISripMidline(): inhibiting deformation at non-cortical midline structures...
  which=1, fix_mtl=0, using annot = 0
#FML0# MRISripMidline(): nripped=7266
removing 4 vertices from ripped group in thread:0
removing 4 vertices from ripped group in thread:0
removing 2 vertices from ripped group in thread:0
removing 2 vertices from ripped group in thread:0
removing 4 vertices from ripped group in thread:0
removing 3 vertices from ripped group in thread:0
removing 3 vertices from ripped group in thread:0
removing 3 vertices from ripped group in thread:0
#FML# MRISripMidline(): nmarked=7289, nmarked2=18, nripped=7289
Ripping segs (eg, WMSA, BG, frozen)
Starting MRISripSegs() d = (-2 2 0.5) segnos: 247 247 247 247 247 
MRISripSegs(): -2 2 0.5 ripped 0
Computing target border values 
Entering MRIScomputeBorderValues_new(): 
  inside_hi   = 120.0000000;
  border_hi   = 111.6940310;
  border_low  =  68.0000000;
  outside_low =  56.4312480;
  outside_hi  = 111.6940310;
  sigma = 0.25;
  max_thickness = 10;
  step_size=0.5;
  STEP_SIZE=0.1;
  which = 1
  thresh = 0
  flags = 0
  CBVfindFirstPeakD1=0
  CBVfindFirstPeakD2=0
  nvertices=163681
  Gdiag_no=-1
  vno start=0, stop=163681
Replacing 255s with 0s
#SI# sigma=0.25 had to be increased for 323 vertices, nripped=7289
mean border=87.5, 172 (14) missing vertices, mean dist -0.1 [0.3 (%58.2)->0.2 (%41.8))]
%85 local maxima, %10 large gradients and % 0 min vals, 0 gradients ignored
nFirstPeakD1 0
MRIScomputeBorderValues_new() finished in 0.0057 min


Finding expansion regions
mean absolute distance = 0.25 +- 0.42
4952 vertices more than 2 sigmas from mean.
Averaging target values for 5 iterations...
Positioning Surface: tspring = 0.3, nspring = 0.3, spring = 0, niters = 100 l_repulse = 5, l_surf_repulse = 0, checktol = 0
Positioning pial surface
Entering MRISpositionSurface()
  max_mm = 0.3
  MAX_REDUCTIONS = 2, REDUCTION_PCT = 0.5
  parms->check_tol = 0, niterations = 100
tol=1.0e-04, sigma=0.2, host=dna05, nav=0, nbrs=2, l_repulse=5.000, l_tspring=0.300, l_nspring=0.300, l_intensity=0.200, l_curv=1.000
mom=0.00, dt=0.50
000: dt: 0.0000, sse=364576.9, rms=1.715
030: dt: 0.5000, sse=343870.0, rms=1.550 (9.648%)
rms = 1.8768/1.5499, sse=367201.8/343870.0, time step reduction 1 of 3 to 0.250  0 1 1
   RMS increased, rejecting step
031: dt: 0.2500, sse=300473.7, rms=1.067 (31.171%)
032: dt: 0.2500, sse=293618.0, rms=0.951 (10.851%)
033: dt: 0.2500, sse=283609.0, rms=0.899 (5.445%)
rms = 0.9250/0.8992, sse=284441.2/283609.0, time step reduction 2 of 3 to 0.125  0 1 1
   RMS increased, rejecting step
rms = 0.8656/0.8992, sse=279236.6/283609.0, time step reduction 3 of 3 to 0.062  0 0 1
034: dt: 0.1250, sse=279236.6, rms=0.866 (3.747%)
  maximum number of reductions reached, breaking from loop
positioning took 0.7 minutes


Writing output to ../surf/lh.white.preaparc
#ET# mris_place_surface  4.12 minutes
#VMPC# mris_place_surfaces VmPeak  3429164
mris_place_surface done
#--------------------------------------------
#@# CortexLabel lh Sun Mar  8 22:23:42 CET 2026
cd /out/sourcedata/freesurfer/sub-v1s14x0051583_ses-1/mri
mri_label2label --label-cortex ../surf/lh.white.preaparc aseg.presurf.mgz 0 ../label/lh.cortex.label

 Generating cortex label... RemoveHipAmgy=0
 NucAccIsMedialWall=0
 mris->useRealRAS=0
4 non-cortical segments detected
only using segment with 8965 vertices
erasing segment 1 (vno[0] = 99912)
erasing segment 2 (vno[0] = 101593)
erasing segment 3 (vno[0] = 134028)
#--------------------------------------------
#@# CortexLabel+HipAmyg lh Sun Mar  8 22:23:59 CET 2026
cd /out/sourcedata/freesurfer/sub-v1s14x0051583_ses-1/mri
mri_label2label --label-cortex ../surf/lh.white.preaparc aseg.presurf.mgz 1 ../label/lh.cortex+hipamyg.label

 Generating cortex label... RemoveHipAmgy=1
 NucAccIsMedialWall=0
 mris->useRealRAS=0
5 non-cortical segments detected
only using segment with 6787 vertices
erasing segment 1 (vno[0] = 99912)
erasing segment 2 (vno[0] = 101593)
erasing segment 3 (vno[0] = 134028)
erasing segment 4 (vno[0] = 153895)
#--------------------------------------------
#@# Smooth2 lh Sun Mar  8 22:24:17 CET 2026
/out/sourcedata/freesurfer/sub-v1s14x0051583_ses-1/scripts

 mris_smooth -n 3 -nw -seed 1234 ../surf/lh.white.preaparc ../surf/lh.smoothwm 

smoothing for 3 iterations
setting seed for random number generator to 1234
smoothing surface tessellation for 3 iterations...
smoothing complete - recomputing first and second fundamental forms...
#--------------------------------------------
#@# Inflation2 lh Sun Mar  8 22:24:20 CET 2026
/out/sourcedata/freesurfer/sub-v1s14x0051583_ses-1/scripts

 mris_inflate ../surf/lh.smoothwm ../surf/lh.inflated 

Reading ../surf/lh.smoothwm
avg radius = 51.9 mm, total surface area = 99686 mm^2
step 000: RMS=0.166 (target=0.015)   step 005: RMS=0.114 (target=0.015)   step 010: RMS=0.084 (target=0.015)   step 015: RMS=0.070 (target=0.015)   step 020: RMS=0.058 (target=0.015)   step 025: RMS=0.047 (target=0.015)   step 030: RMS=0.039 (target=0.015)   step 035: RMS=0.033 (target=0.015)   step 040: RMS=0.027 (target=0.015)   step 045: RMS=0.024 (target=0.015)   step 050: RMS=0.021 (target=0.015)   step 055: RMS=0.019 (target=0.015)   step 060: RMS=0.018 (target=0.015)   writing inflated surface to ../surf/lh.inflated
writing sulcal depths to ../surf/lh.sulc

inflation complete.
inflation took 0.3 minutes
mris_inflate utimesec    71.981626
mris_inflate stimesec    0.738714
mris_inflate ru_maxrss   248440
mris_inflate ru_ixrss    0
mris_inflate ru_idrss    0
mris_inflate ru_isrss    0
mris_inflate ru_minflt   96229
mris_inflate ru_majflt   26
mris_inflate ru_nswap    0
mris_inflate ru_inblock  130
mris_inflate ru_oublock  12800
mris_inflate ru_msgsnd   0
mris_inflate ru_msgrcv   0
mris_inflate ru_nsignals 0
mris_inflate ru_nvcsw    6628
mris_inflate ru_nivcsw   392
#--------------------------------------------
#@# Curv .H and .K lh Sun Mar  8 22:24:36 CET 2026
/out/sourcedata/freesurfer/sub-v1s14x0051583_ses-1/surf

 mris_curvature -w -seed 1234 lh.white.preaparc 

setting seed for random number generator to 1234
total integrated curvature = 30.646*4pi (385.110) --> -30 handles
ICI = 175.2, FI = 1728.4, variation=27075.982
writing Gaussian curvature to ./lh.white.preaparc.K...done.
writing mean curvature to ./lh.white.preaparc.H...done.
rm -f lh.white.H
ln -s lh.white.preaparc.H lh.white.H
rm -f lh.white.K
ln -s lh.white.preaparc.K lh.white.K

 mris_curvature -seed 1234 -thresh .999 -n -a 5 -w -distances 10 10 lh.inflated 

setting seed for random number generator to 1234
normalizing curvature values.
averaging curvature patterns 5 times.
sampling 10 neighbors out to a distance of 10 mm
217 vertices thresholded to be in k1 ~ [-0.20 0.25], k2 ~ [-0.11 0.05]
total integrated curvature = 0.599*4pi (7.532) --> 0 handles
ICI = 1.6, FI = 9.5, variation=163.250
149 vertices thresholded to be in [-0.01 0.01]
writing Gaussian curvature to ./lh.inflated.K...thresholding curvature at 99.90% level
curvature mean = 0.000, std = 0.001
160 vertices thresholded to be in [-0.12 0.13]
done.
writing mean curvature to ./lh.inflated.H...curvature mean = -0.015, std = 0.020
done.
#--------------------------------------------
#@# Sphere lh Sun Mar  8 22:25:31 CET 2026
/out/sourcedata/freesurfer/sub-v1s14x0051583_ses-1/scripts

 mris_sphere -seed 1234 ../surf/lh.inflated ../surf/lh.sphere 

setting seed for random number genererator to 1234
version: 7.3.2
available threads: 16
reading original vertex positions...
projecting onto sphere...
surface projected - minimizing metric distortion...
scaling brain by 0.256...
MRISunfold() max_passes = 1 -------
tol=5.0e-01, sigma=0.0, host=dna05, nav=1024, nbrs=2, l_area=1.000, l_dist=1.000
using quadratic fit line minimization
complete_dist_mat 0
rms 0
smooth_averages 0
remove_neg 0
ico_order 0
which_surface 0
target_radius 0.000000
nfields 0
scale 1.000000
desired_rms_height -1.000000
momentum 0.900000
nbhd_size 7
max_nbrs 8
niterations 25
nsurfaces 0
SURFACES 3
flags 0 (0)
use curv 0
no sulc 0
no rigid align 0
mris->nsize 2
mris->hemisphere 0
randomSeed 1234

singular matrix in quadratic form
singular matrix in quadratic form
singular matrix in quadratic form
singular matrix in quadratic form
singular matrix in quadratic form
--------------------
  mrisRemoveNegativeArea()
pass 1: epoch 1 of 3 starting distance error %20.41
pass 1: epoch 2 of 3 starting distance error %20.40
unfolding complete - removing small folds...
starting distance error %20.31
removing remaining folds...
final distance error %20.33
MRISunfold() return, current seed 1234
-01: dt=0.0000,  27 negative triangles  VmPeak 1933496
161: dt=0.9900,  27 negative triangles
162: dt=0.9900,   6 negative triangles
163: dt=0.9900,   5 negative triangles
164: dt=0.9900,   6 negative triangles
165: dt=0.9900,   3 negative triangles
166: dt=0.9900,   1 negative triangles
167: dt=0.9900,   1 negative triangles
writing spherical brain to ../surf/lh.sphere
spherical transformation took 0.0601 hours
FSRUNTIME@ mris_sphere  0.0601 hours 16 threads
#VMPC# mris_sphere VmPeak  1933496
mris_sphere done
#--------------------------------------------
#@# Surf Reg lh Sun Mar  8 22:29:07 CET 2026
/out/sourcedata/freesurfer/sub-v1s14x0051583_ses-1/scripts

 mris_register -curv ../surf/lh.sphere /opt/freesurfer/average/lh.folding.atlas.acfb40.noaparc.i12.2016-08-02.tif ../surf/lh.sphere.reg 

using smoothwm curvature for final alignment

cwd /out/sourcedata/freesurfer/sub-v1s14x0051583_ses-1/scripts
cmdline mris_register -curv ../surf/lh.sphere /opt/freesurfer/average/lh.folding.atlas.acfb40.noaparc.i12.2016-08-02.tif ../surf/lh.sphere.reg 

0 inflated.H
1 sulc
2 smoothwm (computed)
7.3.2
  7.3.2
reading surface from ../surf/lh.sphere...
reading template parameterization from /opt/freesurfer/average/lh.folding.atlas.acfb40.noaparc.i12.2016-08-02.tif...
MRISregister() -------
max_passes = 4 
min_degrees = 0.500000 
max_degrees = 64.000000 
nangles = 8 
tol=5.0e-01, sigma=0.0, host=dna05, nav=1024, nbrs=1, l_extern=10000.000, l_parea=0.200, l_nlarea=1.000, l_corr=1.000, l_dist=5.000
using quadratic fit line minimization
complete_dist_mat 0
rms 0
smooth_averages 0
remove_neg 0
ico_order 0
which_surface 0
target_radius 0.000000
nfields 0
scale 0.000000
desired_rms_height -1.000000
momentum 0.950000
nbhd_size -10
max_nbrs 10
niterations 25
nsurfaces 0
SURFACES 3
flags 16 (10)
use curv 16
no sulc 0
no rigid align 0
mris->nsize 1
mris->hemisphere 0
randomSeed 0

tol=5.0e-01, sigma=0.0, host=dna05, nav=1024, nbrs=1, l_extern=10000.000, l_parea=0.200, l_nlarea=1.000, l_corr=1.000, l_dist=5.000
using quadratic fit line minimization
--------------------
1 Reading lh.sulc
tol=1.0e+00, sigma=0.5, host=dna05, nav=1024, nbrs=1, l_extern=10000.000, l_parea=0.200, l_nlarea=1.000, l_corr=0.050, l_spring=0.500, l_dist=5.000
using quadratic fit line minimization
curvature mean = -0.000, std = 5.501
curvature mean = 0.029, std = 0.819
curvature mean = 0.010, std = 0.842
Starting MRISrigidBodyAlignGlobal()
Starting new MRISrigidBodyAlignGlobal_findMinSSE()
  new MRISrigidBodyAlignGlobal_findMinSSE min @ (7.50, -1.50, -2.50) sse = 291090.0, elapsed since starting=0.1109 min
MRISrigidBodyAlignGlobal() done   0.11 min
curvature mean = -0.009, std = 0.819
curvature mean = 0.002, std = 0.937
curvature mean = -0.018, std = 0.826
curvature mean = 0.001, std = 0.974
curvature mean = -0.021, std = 0.826
curvature mean = -0.000, std = 0.989
2 Reading smoothwm
curvature mean = -0.017, std = 0.257
curvature mean = 0.037, std = 0.247
curvature mean = 0.037, std = 0.367
curvature mean = 0.034, std = 0.303
curvature mean = 0.023, std = 0.574
curvature mean = 0.033, std = 0.331
curvature mean = 0.013, std = 0.723
curvature mean = 0.033, std = 0.342
curvature mean = 0.004, std = 0.830
MRISregister() return, current seed 0
-01: dt=0.0000,  35 negative triangles  VmPeak 2019932
121: dt=0.9900,  35 negative triangles
expanding nbhd size to 1
122: dt=0.9900,  36 negative triangles
123: dt=0.9900,  25 negative triangles
124: dt=0.9900,  25 negative triangles
125: dt=0.9900,  20 negative triangles
126: dt=0.9900,  14 negative triangles
127: dt=0.9900,  14 negative triangles
128: dt=0.9900,  12 negative triangles
129: dt=0.9900,  13 negative triangles
130: dt=0.9900,  17 negative triangles
131: dt=0.9900,  12 negative triangles
132: dt=0.9900,  11 negative triangles
133: dt=0.9900,   8 negative triangles
134: dt=0.9900,  10 negative triangles
135: dt=0.9900,   9 negative triangles
136: dt=0.9900,   6 negative triangles
137: dt=0.9900,   4 negative triangles
138: dt=0.9900,   5 negative triangles
139: dt=0.9900,   7 negative triangles
140: dt=0.9900,   4 negative triangles
141: dt=0.9900,   4 negative triangles
142: dt=0.9900,   3 negative triangles
143: dt=0.9900,   3 negative triangles
144: dt=0.9900,   3 negative triangles
145: dt=0.9900,   2 negative triangles
146: dt=0.9900,   2 negative triangles
writing registered surface to ../surf/lh.sphere.reg...
registration took 0.08 hours
#VMPC# mris_register VmPeak  2019932
FSRUNTIME@ mris_register  0.0810 hours 16 threads

 ln -sf lh.sphere.reg lh.fsaverage.sphere.reg 

#--------------------------------------------
#@# Jacobian white lh Sun Mar  8 22:33:59 CET 2026
/out/sourcedata/freesurfer/sub-v1s14x0051583_ses-1/scripts

 mris_jacobian ../surf/lh.white.preaparc ../surf/lh.sphere.reg ../surf/lh.jacobian_white 

reading surface from ../surf/lh.white.preaparc...
writing curvature file ../surf/lh.jacobian_white
#--------------------------------------------
#@# AvgCurv lh Sun Mar  8 22:34:00 CET 2026
/out/sourcedata/freesurfer/sub-v1s14x0051583_ses-1/scripts

 mrisp_paint -a 5 /opt/freesurfer/average/lh.folding.atlas.acfb40.noaparc.i12.2016-08-02.tif#6 ../surf/lh.sphere.reg ../surf/lh.avg_curv 

averaging curvature patterns 5 times...
reading surface from ../surf/lh.sphere.reg...
reading template parameterization from /opt/freesurfer/average/lh.folding.atlas.acfb40.noaparc.i12.2016-08-02.tif...
writing curvature file to ../surf/lh.avg_curv...
#-----------------------------------------
#@# Cortical Parc lh Sun Mar  8 22:34:01 CET 2026
/out/sourcedata/freesurfer/sub-v1s14x0051583_ses-1/scripts

 mris_ca_label -l ../label/lh.cortex.label -aseg ../mri/aseg.presurf.mgz -seed 1234 sub-v1s14x0051583_ses-1 lh ../surf/lh.sphere.reg /opt/freesurfer/average/lh.DKaparc.atlas.acfb40.noaparc.i12.2016-08-02.gcs ../label/lh.aparc.annot 

setting seed for random number generator to 1234
using ../mri/aseg.presurf.mgz aseg volume to correct midline
7.3.2
  7.3.2
reading atlas from /opt/freesurfer/average/lh.DKaparc.atlas.acfb40.noaparc.i12.2016-08-02.gcs...
reading color table from GCSA file....
average std = 0.8   using min determinant for regularization = 0.006
0 singular and 342 ill-conditioned covariance matrices regularized
input 0: MEAN CURVATURE, flags 0, avgs 5, name mean_curvature
labeling surface...
1472 labels changed using aseg
relabeling using gibbs priors...
000:   3516 changed, 163681 examined...
001:    840 changed, 14648 examined...
002:    201 changed, 4628 examined...
003:     80 changed, 1229 examined...
004:     30 changed, 473 examined...
005:     13 changed, 170 examined...
006:     11 changed, 75 examined...
007:      3 changed, 52 examined...
008:      1 changed, 13 examined...
009:      0 changed, 7 examined...
292 labels changed using aseg
000: 130 total segments, 88 labels (201 vertices) changed
001: 47 total segments, 7 labels (12 vertices) changed
002: 40 total segments, 0 labels (0 vertices) changed
10 filter iterations complete (10 requested, 7 changed)
rationalizing unknown annotations with cortex label
relabeling unknown label...
relabeling corpuscallosum label...
2576 vertices marked for relabeling...
2576 labels changed in reclassification.
writing output to ../label/lh.aparc.annot...
classification took 0 minutes and 13 seconds.
#--------------------------------------------
#@# WhiteSurfs lh Sun Mar  8 22:34:14 CET 2026
cd /out/sourcedata/freesurfer/sub-v1s14x0051583_ses-1/mri
mris_place_surface --adgws-in ../surf/autodet.gw.stats.lh.dat --seg aseg.presurf.mgz --threads 16 --wm wm.mgz --invol brain.finalsurfs.mgz --lh --i ../surf/lh.white.preaparc --o ../surf/lh.white --white --nsmooth 0 --rip-label ../label/lh.cortex.label --rip-bg --rip-surf ../surf/lh.white.preaparc --aparc ../label/lh.aparc.annot
7.3.2
7.3.2

cd /out/sourcedata/freesurfer/sub-v1s14x0051583_ses-1/mri
setenv SUBJECTS_DIR /out/sourcedata/freesurfer
mris_place_surface --adgws-in ../surf/autodet.gw.stats.lh.dat --seg aseg.presurf.mgz --threads 16 --wm wm.mgz --invol brain.finalsurfs.mgz --lh --i ../surf/lh.white.preaparc --o ../surf/lh.white --white --nsmooth 0 --rip-label ../label/lh.cortex.label --rip-bg --rip-surf ../surf/lh.white.preaparc --aparc ../label/lh.aparc.annot 

Reading in input surface ../surf/lh.white.preaparc
Not smoothing input surface
Area    327358  0.33295  0.11263 0.000513   2.9095
Corner  982074 60.00000 13.68907 0.170690 178.8817
Edge    491037  0.88763  0.19002 0.014476   3.2975
Hinge   491037  9.58810 11.34145 0.000016 179.8660
Reading in aparc ../label/lh.aparc.annot
Reading in input volume brain.finalsurfs.mgz
Reading in wm volume wm.mgz
MRIclipBrightWM(): nthresh=21744, wmmin=5, clip=110 
MRIfindBrightNonWM(): 1938 bright non-wm voxels segmented.
Masking bright non-wm for white surface
MRImask(): AllowDiffGeom = 1
MRImask(): AllowDiffGeom = 1
Reading in seg volume aseg.presurf.mgz
Ripping frozen voxels
Ripping vertices not in label ../label/lh.cortex.label
MRISripNotLabel() ripped 9227/163681 vertices (154454 unripped)
Reading in ripping surface ../surf/lh.white.preaparc
Reading in aparc ../label/lh.aparc.annot for ripsurf
Ripping BG
MRISripBasalGanglia(): 1 -2 2 0.5 ripped 377
Ripping segs (eg, WMSA, BG, frozen)
Starting MRISripSegs() d = (-2 2 0.5) segnos: 247 
MRISripSegs(): -2 2 0.5 ripped 0
vertex 81841: xyz = (-48.3795,-0.209409,-31.9021) oxyz = (-48.3795,-0.209409,-31.9021) wxzy = (-48.3795,-0.209409,-31.9021) pxyz = (0,0,0) 
CBVO Creating mask 163681
n_averages 4
Iteration 0 =========================================
n_averages=4, current_sigma=2
Computing target border values 
Entering MRIScomputeBorderValues_new(): 
  inside_hi   = 120.0000000;
  border_hi   = 111.6940310;
  border_low  =  68.0000000;
  outside_low =  56.4312480;
  outside_hi  = 111.6940310;
  sigma = 2;
  max_thickness = 10;
  step_size=0.5;
  STEP_SIZE=0.1;
  which = 1
  thresh = 0
  flags = 0
  CBVfindFirstPeakD1=0
  CBVfindFirstPeakD2=0
  nvertices=163681
  Gdiag_no=-1
  vno start=0, stop=163681
Replacing 255s with 0s
#SI# sigma=2 had to be increased for 182 vertices, nripped=9604
mean border=82.0, 275 (275) missing vertices, mean dist 0.4 [0.7 (%20.3)->0.7 (%79.7))]
%64 local maxima, %30 large gradients and % 0 min vals, 0 gradients ignored
nFirstPeakD1 0
MRIScomputeBorderValues_new() finished in 0.0178 min


Finding expansion regions
mean absolute distance = 0.68 +- 0.95
3471 vertices more than 2 sigmas from mean.
Averaging target values for 5 iterations...
Positioning Surface: tspring = 0.3, nspring = 0.3, spring = 0, niters = 100 l_repulse = 5, l_surf_repulse = 0, checktol = 0
Positioning pial surface
Entering MRISpositionSurface()
  max_mm = 0.3
  MAX_REDUCTIONS = 2, REDUCTION_PCT = 0.5
  parms->check_tol = 0, niterations = 100
tol=1.0e-04, sigma=2.0, host=dna05, nav=4, nbrs=2, l_repulse=5.000, l_tspring=0.300, l_nspring=0.300, l_intensity=0.200, l_curv=1.000
mom=0.00, dt=0.50
complete_dist_mat 0
rms 0
smooth_averages 0
remove_neg 0
ico_order 0
which_surface 0
target_radius 0.000000
nfields 0
scale 0.000000
desired_rms_height 0.000000
momentum 0.000000
nbhd_size 0
max_nbrs 0
niterations 100
nsurfaces 0
SURFACES 3
flags 0 (0)
use curv 0
no sulc 0
no rigid align 0
mris->nsize 2
mris->hemisphere 0
randomSeed 0

000: dt: 0.0000, sse=2099848.8, rms=7.758
001: dt: 0.5000, sse=939606.6, rms=4.781 (38.370%)
002: dt: 0.5000, sse=590419.3, rms=3.399 (28.902%)
003: dt: 0.5000, sse=501137.5, rms=2.951 (13.201%)
004: dt: 0.5000, sse=467560.6, rms=2.733 (7.368%)
rms = 2.7577/2.7332, sse=468327.7/467560.6, time step reduction 1 of 3 to 0.250  0 1 1
   RMS increased, rejecting step
005: dt: 0.2500, sse=344111.8, rms=1.893 (30.751%)
006: dt: 0.2500, sse=298939.2, rms=1.433 (24.280%)
007: dt: 0.2500, sse=292069.0, rms=1.295 (9.633%)
008: dt: 0.2500, sse=288904.7, rms=1.234 (4.707%)
rms = 1.1913/1.2341, sse=285775.0/288904.7, time step reduction 2 of 3 to 0.125  0 0 1
009: dt: 0.2500, sse=285775.0, rms=1.191 (3.470%)
rms = 1.1545/1.1913, sse=283169.8/285775.0, time step reduction 3 of 3 to 0.062  0 0 1
010: dt: 0.1250, sse=283169.8, rms=1.155 (3.088%)
  maximum number of reductions reached, breaking from loop
positioning took 1.2 minutes
Iteration 1 =========================================
n_averages=2, current_sigma=1
Computing target border values 
Entering MRIScomputeBorderValues_new(): 
  inside_hi   = 120.0000000;
  border_hi   = 111.6940310;
  border_low  =  68.0000000;
  outside_low =  56.4312480;
  outside_hi  = 111.6940310;
  sigma = 1;
  max_thickness = 10;
  step_size=0.5;
  STEP_SIZE=0.1;
  which = 1
  thresh = 0
  flags = 0
  CBVfindFirstPeakD1=0
  CBVfindFirstPeakD2=0
  nvertices=163681
  Gdiag_no=-1
  vno start=0, stop=163681
Replacing 255s with 0s
#SI# sigma=1 had to be increased for 184 vertices, nripped=9604
mean border=84.6, 94 (41) missing vertices, mean dist -0.3 [0.5 (%67.5)->0.2 (%32.5))]
%72 local maxima, %22 large gradients and % 0 min vals, 0 gradients ignored
nFirstPeakD1 0
MRIScomputeBorderValues_new() finished in 0.0128 min


Finding expansion regions
mean absolute distance = 0.41 +- 0.68
4878 vertices more than 2 sigmas from mean.
Averaging target values for 5 iterations...
Positioning Surface: tspring = 0.3, nspring = 0.3, spring = 0, niters = 100 l_repulse = 5, l_surf_repulse = 0, checktol = 0
Positioning pial surface
Entering MRISpositionSurface()
  max_mm = 0.3
  MAX_REDUCTIONS = 2, REDUCTION_PCT = 0.5
  parms->check_tol = 0, niterations = 100
tol=1.0e-04, sigma=1.0, host=dna05, nav=2, nbrs=2, l_repulse=5.000, l_tspring=0.300, l_nspring=0.300, l_intensity=0.200, l_curv=1.000
mom=0.00, dt=0.50
000: dt: 0.0000, sse=899903.9, rms=4.557
011: dt: 0.5000, sse=557492.8, rms=3.052 (33.021%)
012: dt: 0.5000, sse=484295.9, rms=2.716 (11.017%)
013: dt: 0.5000, sse=483887.7, rms=2.610 (3.894%)
rms = 2.7061/2.6102, sse=496707.5/483887.7, time step reduction 1 of 3 to 0.250  0 1 1
   RMS increased, rejecting step
014: dt: 0.2500, sse=367005.3, rms=1.726 (33.882%)
015: dt: 0.2500, sse=319196.7, rms=1.227 (28.878%)
016: dt: 0.2500, sse=304869.1, rms=1.062 (13.443%)
rms = 1.0107/1.0624, sse=316429.6/304869.1, time step reduction 2 of 3 to 0.125  0 1 0
017: dt: 0.2500, sse=316429.6, rms=1.011 (4.872%)
rms = 0.9682/1.0107, sse=298332.4/316429.6, time step reduction 3 of 3 to 0.062  0 0 1
018: dt: 0.1250, sse=298332.4, rms=0.968 (4.205%)
  maximum number of reductions reached, breaking from loop
positioning took 0.9 minutes
Iteration 2 =========================================
n_averages=1, current_sigma=0.5
Computing target border values 
Entering MRIScomputeBorderValues_new(): 
  inside_hi   = 120.0000000;
  border_hi   = 111.6940310;
  border_low  =  68.0000000;
  outside_low =  56.4312480;
  outside_hi  = 111.6940310;
  sigma = 0.5;
  max_thickness = 10;
  step_size=0.5;
  STEP_SIZE=0.1;
  which = 1
  thresh = 0
  flags = 0
  CBVfindFirstPeakD1=0
  CBVfindFirstPeakD2=0
  nvertices=163681
  Gdiag_no=-1
  vno start=0, stop=163681
Replacing 255s with 0s
#SI# sigma=0.5 had to be increased for 310 vertices, nripped=9604
mean border=86.7, 90 (17) missing vertices, mean dist -0.2 [0.4 (%70.0)->0.2 (%30.0))]
%80 local maxima, %14 large gradients and % 0 min vals, 0 gradients ignored
nFirstPeakD1 0
MRIScomputeBorderValues_new() finished in 0.0077 min


Finding expansion regions
mean absolute distance = 0.32 +- 0.51
5874 vertices more than 2 sigmas from mean.
Averaging target values for 5 iterations...
Positioning Surface: tspring = 0.3, nspring = 0.3, spring = 0, niters = 100 l_repulse = 5, l_surf_repulse = 0, checktol = 0
Positioning pial surface
Entering MRISpositionSurface()
  max_mm = 0.3
  MAX_REDUCTIONS = 2, REDUCTION_PCT = 0.5
  parms->check_tol = 0, niterations = 100
tol=1.0e-04, sigma=0.5, host=dna05, nav=1, nbrs=2, l_repulse=5.000, l_tspring=0.300, l_nspring=0.300, l_intensity=0.200, l_curv=1.000
mom=0.00, dt=0.50
000: dt: 0.0000, sse=615040.1, rms=3.399
019: dt: 0.5000, sse=436632.2, rms=2.355 (30.708%)
rms = 2.3803/2.3554, sse=439310.8/436632.2, time step reduction 1 of 3 to 0.250  0 1 1
   RMS increased, rejecting step
020: dt: 0.2500, sse=347354.1, rms=1.679 (28.713%)
021: dt: 0.2500, sse=305448.1, rms=1.192 (29.023%)
022: dt: 0.2500, sse=290662.2, rms=1.005 (15.694%)
rms = 0.9547/1.0047, sse=292560.9/290662.3, time step reduction 2 of 3 to 0.125  0 1 1
023: dt: 0.2500, sse=292560.9, rms=0.955 (4.974%)
024: dt: 0.1250, sse=287588.3, rms=0.905 (5.242%)
rms = 0.8929/0.9047, sse=286220.0/287588.3, time step reduction 3 of 3 to 0.062  0 0 1
025: dt: 0.1250, sse=286220.0, rms=0.893 (1.301%)
  maximum number of reductions reached, breaking from loop
positioning took 0.8 minutes
Iteration 3 =========================================
n_averages=0, current_sigma=0.25
Computing target border values 
Entering MRIScomputeBorderValues_new(): 
  inside_hi   = 120.0000000;
  border_hi   = 111.6940310;
  border_low  =  68.0000000;
  outside_low =  56.4312480;
  outside_hi  = 111.6940310;
  sigma = 0.25;
  max_thickness = 10;
  step_size=0.5;
  STEP_SIZE=0.1;
  which = 1
  thresh = 0
  flags = 0
  CBVfindFirstPeakD1=0
  CBVfindFirstPeakD2=0
  nvertices=163681
  Gdiag_no=-1
  vno start=0, stop=163681
Replacing 255s with 0s
#SI# sigma=0.25 had to be increased for 278 vertices, nripped=9604
mean border=87.5, 136 (13) missing vertices, mean dist -0.1 [0.3 (%58.3)->0.2 (%41.7))]
%84 local maxima, %10 large gradients and % 0 min vals, 0 gradients ignored
nFirstPeakD1 0
MRIScomputeBorderValues_new() finished in 0.0049 min


Finding expansion regions
mean absolute distance = 0.25 +- 0.41
4876 vertices more than 2 sigmas from mean.
Averaging target values for 5 iterations...
Positioning Surface: tspring = 0.3, nspring = 0.3, spring = 0, niters = 100 l_repulse = 5, l_surf_repulse = 0, checktol = 0
Positioning pial surface
Entering MRISpositionSurface()
  max_mm = 0.3
  MAX_REDUCTIONS = 2, REDUCTION_PCT = 0.5
  parms->check_tol = 0, niterations = 100
tol=1.0e-04, sigma=0.2, host=dna05, nav=0, nbrs=2, l_repulse=5.000, l_tspring=0.300, l_nspring=0.300, l_intensity=0.200, l_curv=1.000
mom=0.00, dt=0.50
000: dt: 0.0000, sse=338331.3, rms=1.620
rms = 1.4646/1.6200, sse=342235.7/338331.3, time step reduction 1 of 3 to 0.250  0 1 0
026: dt: 0.5000, sse=342235.7, rms=1.465 (9.592%)
027: dt: 0.2500, sse=298181.7, rms=0.946 (35.424%)
028: dt: 0.2500, sse=277645.2, rms=0.836 (11.558%)
rms = 0.8653/0.8365, sse=278895.7/277645.2, time step reduction 2 of 3 to 0.125  0 1 1
   RMS increased, rejecting step
029: dt: 0.1250, sse=274375.9, rms=0.786 (6.034%)
rms = 0.7304/0.7860, sse=280981.8/274375.9, time step reduction 3 of 3 to 0.062  0 1 0
030: dt: 0.1250, sse=280981.8, rms=0.730 (7.068%)
  maximum number of reductions reached, breaking from loop
positioning took 0.6 minutes


Writing output to ../surf/lh.white
#ET# mris_place_surface  3.65 minutes
#VMPC# mris_place_surfaces VmPeak  3341188
mris_place_surface done
#--------------------------------------------
#@# T1PialSurf lh Sun Mar  8 22:38:00 CET 2026
cd /out/sourcedata/freesurfer/sub-v1s14x0051583_ses-1/mri
mris_place_surface --adgws-in ../surf/autodet.gw.stats.lh.dat --seg aseg.presurf.mgz --threads 16 --wm wm.mgz --invol brain.finalsurfs.mgz --lh --i ../surf/lh.white --o ../surf/lh.pial.T1 --pial --nsmooth 0 --rip-label ../label/lh.cortex+hipamyg.label --pin-medial-wall ../label/lh.cortex.label --aparc ../label/lh.aparc.annot --repulse-surf ../surf/lh.white --white-surf ../surf/lh.white
7.3.2
7.3.2

cd /out/sourcedata/freesurfer/sub-v1s14x0051583_ses-1/mri
setenv SUBJECTS_DIR /out/sourcedata/freesurfer
mris_place_surface --adgws-in ../surf/autodet.gw.stats.lh.dat --seg aseg.presurf.mgz --threads 16 --wm wm.mgz --invol brain.finalsurfs.mgz --lh --i ../surf/lh.white --o ../surf/lh.pial.T1 --pial --nsmooth 0 --rip-label ../label/lh.cortex+hipamyg.label --pin-medial-wall ../label/lh.cortex.label --aparc ../label/lh.aparc.annot --repulse-surf ../surf/lh.white --white-surf ../surf/lh.white 

Reading in input surface ../surf/lh.white
Not smoothing input surface
Area    327358  0.33451  0.12519 0.000513   2.9095
Corner  982074 60.00000 14.99460 0.170690 178.8817
Edge    491037  0.89117  0.20850 0.035332   4.0500
Hinge   491037  9.60197 11.40248 0.000075 179.9926
Reading white surface coordinates from ../surf/lh.white
Reading repulsion surface coordinates from ../surf/lh.white
Reading in aparc ../label/lh.aparc.annot
Reading in input volume brain.finalsurfs.mgz
Reading in wm volume wm.mgz
MRIclipBrightWM(): nthresh=21744, wmmin=5, clip=110 
MRIfindBrightNonWM(): 1938 bright non-wm voxels segmented.
Masking bright non-wm for pial surface mid_gray = 64.7999
MRImask(): AllowDiffGeom = 1
MRImask(): AllowDiffGeom = 1
MRImask(): AllowDiffGeom = 1
Reading in seg volume aseg.presurf.mgz
Ripping frozen voxels
Ripping vertices not in label ../label/lh.cortex+hipamyg.label
MRISripNotLabel() ripped 7312/163681 vertices (156369 unripped)
INFO: rip surface needed but not specified, so using input surface
Ripping segs (eg, WMSA, BG, frozen)
Starting MRISripSegs() d = (-2 2 0.5) segnos: 247 
MRISripSegs(): -2 2 0.5 ripped 0
vertex 81841: xyz = (-48.391,-0.153401,-31.9094) oxyz = (-48.391,-0.153401,-31.9094) wxzy = (-48.391,-0.153401,-31.9094) pxyz = (-48.391,-0.153401,-31.9094) 
CBVO Creating mask 163681
n_averages 16
Iteration 0 =========================================
n_averages=16, current_sigma=2
Computing target border values 
Entering MRIScomputeBorderValues_new(): 
  inside_hi   =  96.3059690;
  border_hi   =  56.4312480;
  border_low  =  33.2937470;
  outside_low =  10.0000000;
  outside_hi  =  50.6468730;
  sigma = 2;
  max_thickness = 10;
  step_size=0.5;
  STEP_SIZE=0.1;
  which = 2
  thresh = 0
  flags = 0
  CBVfindFirstPeakD1=0
  CBVfindFirstPeakD2=0
  nvertices=163681
  Gdiag_no=-1
  vno start=0, stop=163681
Replacing 255s with 0s
#SI# sigma=2 had to be increased for 201 vertices, nripped=7312
mean border=55.6, 312 (312) missing vertices, mean dist 1.5 [0.0 (%0.0)->2.8 (%100.0))]
% 9 local maxima, %43 large gradients and %43 min vals, 0 gradients ignored
nFirstPeakD1 0
MRIScomputeBorderValues_new() finished in 0.0137 min


Averaging target values for 5 iterations...
Positioning Surface: tspring = 0.3, nspring = 0.3, spring = 0, niters = 100 l_repulse = 0, l_surf_repulse = 5, checktol = 0
Positioning pial surface
Entering MRISpositionSurface()
  max_mm = 0.3
  MAX_REDUCTIONS = 2, REDUCTION_PCT = 0.5
  parms->check_tol = 0, niterations = 100
tol=1.0e-04, sigma=2.0, host=dna05, nav=16, nbrs=2, l_surf_repulse=5.000, l_tspring=0.300, l_nspring=0.300, l_intensity=0.200, l_curv=1.000
mom=0.00, dt=0.50
complete_dist_mat 0
rms 0
smooth_averages 0
remove_neg 0
ico_order 0
which_surface 0
target_radius 0.000000
nfields 0
scale 0.000000
desired_rms_height 0.000000
momentum 0.000000
nbhd_size 0
max_nbrs 0
niterations 100
nsurfaces 0
SURFACES 3
flags 0 (0)
use curv 0
no sulc 0
no rigid align 0
mris->nsize 2
mris->hemisphere 0
randomSeed 0

000: dt: 0.0000, sse=33567720.0, rms=32.681
001: dt: 0.5000, sse=24431756.0, rms=27.845 (14.799%)
002: dt: 0.5000, sse=17573682.0, rms=23.570 (15.352%)
003: dt: 0.5000, sse=12928497.0, rms=20.165 (14.446%)
004: dt: 0.5000, sse=10029681.0, rms=17.710 (12.173%)
005: dt: 0.5000, sse=8179208.0, rms=15.946 (9.963%)
006: dt: 0.5000, sse=6786940.5, rms=14.476 (9.217%)
007: dt: 0.5000, sse=5628867.5, rms=13.128 (9.312%)
008: dt: 0.5000, sse=4588049.5, rms=11.785 (10.229%)
009: dt: 0.5000, sse=3683381.5, rms=10.479 (11.086%)
010: dt: 0.5000, sse=2892374.2, rms=9.185 (12.347%)
011: dt: 0.5000, sse=2279496.2, rms=8.040 (12.465%)
012: dt: 0.5000, sse=1841568.8, rms=7.109 (11.579%)
013: dt: 0.5000, sse=1574424.4, rms=6.474 (8.927%)
014: dt: 0.5000, sse=1394644.8, rms=6.009 (7.195%)
015: dt: 0.5000, sse=1289125.6, rms=5.716 (4.868%)
016: dt: 0.5000, sse=1219495.9, rms=5.514 (3.538%)
017: dt: 0.5000, sse=1182873.2, rms=5.403 (2.014%)
018: dt: 0.5000, sse=1153872.2, rms=5.313 (1.664%)
rms = 5.2716/5.3129, sse=1141301.5/1153872.3, time step reduction 1 of 3 to 0.250  0 0 1
019: dt: 0.5000, sse=1141301.5, rms=5.272 (0.777%)
020: dt: 0.2500, sse=886211.6, rms=4.410 (16.353%)
021: dt: 0.2500, sse=841684.6, rms=4.242 (3.798%)
rms = 4.2293/4.2421, sse=838872.4/841684.6, time step reduction 2 of 3 to 0.125  0 0 1
022: dt: 0.2500, sse=838872.4, rms=4.229 (0.301%)
023: dt: 0.1250, sse=765044.9, rms=3.935 (6.956%)
rms = 3.8895/3.9351, sse=754121.2/765044.9, time step reduction 3 of 3 to 0.062  0 0 1
024: dt: 0.1250, sse=754121.2, rms=3.889 (1.160%)
  maximum number of reductions reached, breaking from loop
positioning took 2.2 minutes
Iteration 1 =========================================
n_averages=8, current_sigma=1
Computing target border values 
Entering MRIScomputeBorderValues_new(): 
  inside_hi   =  96.3059690;
  border_hi   =  56.4312480;
  border_low  =  33.2937470;
  outside_low =  10.0000000;
  outside_hi  =  50.6468730;
  sigma = 1;
  max_thickness = 10;
  step_size=0.5;
  STEP_SIZE=0.1;
  which = 2
  thresh = 0
  flags = 0
  CBVfindFirstPeakD1=0
  CBVfindFirstPeakD2=0
  nvertices=163681
  Gdiag_no=-1
  vno start=0, stop=163681
Replacing 255s with 0s
#SI# sigma=1 had to be increased for 13670 vertices, nripped=7312
mean border=54.7, 3100 (73) missing vertices, mean dist 0.1 [0.1 (%53.3)->0.5 (%46.7))]
%17 local maxima, %38 large gradients and %38 min vals, 0 gradients ignored
nFirstPeakD1 0
MRIScomputeBorderValues_new() finished in 0.0043 min


Averaging target values for 5 iterations...
Positioning Surface: tspring = 0.3, nspring = 0.3, spring = 0, niters = 100 l_repulse = 0, l_surf_repulse = 5, checktol = 0
Positioning pial surface
Entering MRISpositionSurface()
  max_mm = 0.3
  MAX_REDUCTIONS = 2, REDUCTION_PCT = 0.5
  parms->check_tol = 0, niterations = 100
tol=1.0e-04, sigma=1.0, host=dna05, nav=8, nbrs=2, l_surf_repulse=5.000, l_tspring=0.300, l_nspring=0.300, l_intensity=0.200, l_curv=1.000
mom=0.00, dt=0.50
000: dt: 0.0000, sse=941051.8, rms=4.367
rms = 4.8173/4.3674, sse=1070008.5/941051.7, time step reduction 1 of 3 to 0.250  0 1 1
   RMS increased, rejecting step
025: dt: 0.2500, sse=862722.4, rms=4.068 (6.865%)
026: dt: 0.2500, sse=845529.4, rms=3.998 (1.714%)
rms = 4.0645/3.9978, sse=862182.9/845529.4, time step reduction 2 of 3 to 0.125  0 1 1
   RMS increased, rejecting step
027: dt: 0.1250, sse=829878.4, rms=3.934 (1.606%)
028: dt: 0.1250, sse=811673.7, rms=3.857 (1.949%)
rms = 3.8195/3.8569, sse=802859.0/811673.7, time step reduction 3 of 3 to 0.062  0 0 1
029: dt: 0.1250, sse=802859.0, rms=3.820 (0.969%)
  maximum number of reductions reached, breaking from loop
positioning took 0.6 minutes
Iteration 2 =========================================
n_averages=4, current_sigma=0.5
Computing target border values 
Entering MRIScomputeBorderValues_new(): 
  inside_hi   =  96.3059690;
  border_hi   =  56.4312480;
  border_low  =  33.2937470;
  outside_low =  10.0000000;
  outside_hi  =  50.6468730;
  sigma = 0.5;
  max_thickness = 10;
  step_size=0.5;
  STEP_SIZE=0.1;
  which = 2
  thresh = 0
  flags = 0
  CBVfindFirstPeakD1=0
  CBVfindFirstPeakD2=0
  nvertices=163681
  Gdiag_no=-1
  vno start=0, stop=163681
Replacing 255s with 0s
#SI# sigma=0.5 had to be increased for 14692 vertices, nripped=7312
mean border=54.2, 3523 (60) missing vertices, mean dist 0.1 [0.1 (%50.5)->0.4 (%49.5))]
%28 local maxima, %27 large gradients and %38 min vals, 0 gradients ignored
nFirstPeakD1 0
MRIScomputeBorderValues_new() finished in 0.0027 min


Averaging target values for 5 iterations...
Positioning Surface: tspring = 0.3, nspring = 0.3, spring = 0, niters = 100 l_repulse = 0, l_surf_repulse = 5, checktol = 0
Positioning pial surface
Entering MRISpositionSurface()
  max_mm = 0.3
  MAX_REDUCTIONS = 2, REDUCTION_PCT = 0.5
  parms->check_tol = 0, niterations = 100
tol=1.0e-04, sigma=0.5, host=dna05, nav=4, nbrs=2, l_surf_repulse=5.000, l_tspring=0.300, l_nspring=0.300, l_intensity=0.200, l_curv=1.000
mom=0.00, dt=0.50
000: dt: 0.0000, sse=862047.7, rms=4.055
rms = 4.6936/4.0550, sse=1034860.2/862047.7, time step reduction 1 of 3 to 0.250  0 1 1
   RMS increased, rejecting step
030: dt: 0.2500, sse=818340.4, rms=3.878 (4.373%)
rms = 3.8826/3.8777, sse=819098.1/818340.4, time step reduction 2 of 3 to 0.125  0 1 1
   RMS increased, rejecting step
rms = 3.8514/3.8777, sse=812081.6/818340.4, time step reduction 3 of 3 to 0.062  0 0 1
031: dt: 0.1250, sse=812081.6, rms=3.851 (0.677%)
  maximum number of reductions reached, breaking from loop
positioning took 0.3 minutes
Iteration 3 =========================================
n_averages=2, current_sigma=0.25
Computing target border values 
Entering MRIScomputeBorderValues_new(): 
  inside_hi   =  96.3059690;
  border_hi   =  56.4312480;
  border_low  =  33.2937470;
  outside_low =  10.0000000;
  outside_hi  =  50.6468730;
  sigma = 0.25;
  max_thickness = 10;
  step_size=0.5;
  STEP_SIZE=0.1;
  which = 2
  thresh = 0
  flags = 0
  CBVfindFirstPeakD1=0
  CBVfindFirstPeakD2=0
  nvertices=163681
  Gdiag_no=-1
  vno start=0, stop=163681
Replacing 255s with 0s
#SI# sigma=0.25 had to be increased for 12112 vertices, nripped=7312
mean border=53.6, 6883 (57) missing vertices, mean dist 0.1 [0.1 (%47.8)->0.3 (%52.2))]
%33 local maxima, %21 large gradients and %37 min vals, 0 gradients ignored
nFirstPeakD1 0
MRIScomputeBorderValues_new() finished in 0.0019 min


Averaging target values for 5 iterations...
Positioning Surface: tspring = 0.3, nspring = 0.3, spring = 0, niters = 100 l_repulse = 0, l_surf_repulse = 5, checktol = 0
Positioning pial surface
Entering MRISpositionSurface()
  max_mm = 0.3
  MAX_REDUCTIONS = 2, REDUCTION_PCT = 0.5
  parms->check_tol = 0, niterations = 100
tol=1.0e-04, sigma=0.2, host=dna05, nav=2, nbrs=2, l_surf_repulse=5.000, l_tspring=0.300, l_nspring=0.300, l_intensity=0.200, l_curv=1.000
mom=0.00, dt=0.50
000: dt: 0.0000, sse=863832.6, rms=4.061
rms = 4.4437/4.0615, sse=962950.2/863832.5, time step reduction 1 of 3 to 0.250  0 1 1
   RMS increased, rejecting step
032: dt: 0.2500, sse=815956.2, rms=3.868 (4.769%)
033: dt: 0.2500, sse=790038.5, rms=3.763 (2.698%)
rms = 3.7687/3.7634, sse=790477.5/790038.5, time step reduction 2 of 3 to 0.125  0 1 1
   RMS increased, rejecting step
rms = 3.7156/3.7634, sse=779037.1/790038.5, time step reduction 3 of 3 to 0.062  0 0 1
034: dt: 0.1250, sse=779037.1, rms=3.716 (1.270%)
  maximum number of reductions reached, breaking from loop
positioning took 0.4 minutes
Pinning medial wall to white surface
removing intersecting faces
000: 5 intersecting
terminating search with 0 intersecting


Writing output to ../surf/lh.pial.T1
#ET# mris_place_surface  3.66 minutes
#VMPC# mris_place_surfaces VmPeak  2530908
mris_place_surface done
#@# white curv lh Sun Mar  8 22:41:47 CET 2026
cd /out/sourcedata/freesurfer/sub-v1s14x0051583_ses-1/mri
mris_place_surface --curv-map ../surf/lh.white 2 10 ../surf/lh.curv
insurf  ../surf/lh.white, nbrs 2, curvature_avgs 10
writing curvature file ../surf/lh.curv
#@# white area lh Sun Mar  8 22:41:50 CET 2026
cd /out/sourcedata/freesurfer/sub-v1s14x0051583_ses-1/mri
mris_place_surface --area-map ../surf/lh.white ../surf/lh.area
writing curvature file ../surf/lh.area
#@# pial curv lh Sun Mar  8 22:41:51 CET 2026
cd /out/sourcedata/freesurfer/sub-v1s14x0051583_ses-1/mri
mris_place_surface --curv-map ../surf/lh.pial 2 10 ../surf/lh.curv.pial
insurf  ../surf/lh.pial, nbrs 2, curvature_avgs 10
writing curvature file ../surf/lh.curv.pial
#@# pial area lh Sun Mar  8 22:41:53 CET 2026
cd /out/sourcedata/freesurfer/sub-v1s14x0051583_ses-1/mri
mris_place_surface --area-map ../surf/lh.pial ../surf/lh.area.pial
writing curvature file ../surf/lh.area.pial
#@# thickness lh Sun Mar  8 22:41:54 CET 2026
cd /out/sourcedata/freesurfer/sub-v1s14x0051583_ses-1/mri
mris_place_surface --thickness ../surf/lh.white ../surf/lh.pial 20 5 ../surf/lh.thickness
0 of 163681 vertices processed
25000 of 163681 vertices processed
50000 of 163681 vertices processed
75000 of 163681 vertices processed
100000 of 163681 vertices processed
125000 of 163681 vertices processed
150000 of 163681 vertices processed
0 of 163681 vertices processed
25000 of 163681 vertices processed
50000 of 163681 vertices processed
75000 of 163681 vertices processed
100000 of 163681 vertices processed
125000 of 163681 vertices processed
150000 of 163681 vertices processed
thickness calculation complete, 232:1814 truncations.
81244 vertices at 0 distance
138954 vertices at 1 distance
68086 vertices at 2 distance
25217 vertices at 3 distance
8594 vertices at 4 distance
3055 vertices at 5 distance
1113 vertices at 6 distance
449 vertices at 7 distance
196 vertices at 8 distance
103 vertices at 9 distance
80 vertices at 10 distance
51 vertices at 11 distance
41 vertices at 12 distance
43 vertices at 13 distance
18 vertices at 14 distance
20 vertices at 15 distance
16 vertices at 16 distance
20 vertices at 17 distance
18 vertices at 18 distance
23 vertices at 19 distance
21 vertices at 20 distance
writing curvature file ../surf/lh.thickness
#@# area and vertex vol lh Sun Mar  8 22:42:32 CET 2026
cd /out/sourcedata/freesurfer/sub-v1s14x0051583_ses-1/mri
mris_place_surface --thickness ../surf/lh.white ../surf/lh.pial 20 5 ../surf/lh.thickness
/out/sourcedata/freesurfer/sub-v1s14x0051583_ses-1/surf
mris_calc -o lh.area.mid lh.area add lh.area.pial
Saving result to 'lh.area.mid' (type = MRI_CURV_FILE)                       [ ok ]
mris_calc -o lh.area.mid lh.area.mid div 2
Saving result to 'lh.area.mid' (type = MRI_CURV_FILE)                       [ ok ]
mris_convert --volume sub-v1s14x0051583_ses-1 lh /out/sourcedata/freesurfer/sub-v1s14x0051583_ses-1/surf/lh.volume
masking with /out/sourcedata/freesurfer/sub-v1s14x0051583_ses-1/label/lh.cortex.label
Total face volume 285262
Total vertex volume 285051 (mask=0)
#@# sub-v1s14x0051583_ses-1 lh 285051
 
vertexvol Done

#-----------------------------------------
#@# Curvature Stats lh Sun Mar  8 22:42:34 CET 2026
/out/sourcedata/freesurfer/sub-v1s14x0051583_ses-1/surf

 mris_curvature_stats -m --writeCurvatureFiles -G -o ../stats/lh.curv.stats -F smoothwm sub-v1s14x0051583_ses-1 lh curv sulc 

             Toggling save flag on curvature files                       [ ok ]
                 Outputting results using filestem   [ ../stats/lh.curv.stats ]
             Toggling save flag on curvature files                       [ ok ]
                                   Setting surface [ sub-v1s14x0051583_ses-1/lh.smoothwm ]
                                Reading surface...                       [ ok ]
                                   Setting texture                     [ curv ]
                                Reading texture...                       [ ok ]
                                   Setting texture                     [ sulc ]
                                Reading texture...Gb_filter = 0
                       [ ok ]
      Calculating Discrete Principal Curvatures...
      Determining geometric order for vno faces... [####################] [ ok ]
                      Determining KH curvatures... [####################] [ ok ]
                    Determining k1k2 curvatures... [####################] [ ok ]
                                   deltaViolations                      [ 274 ]
Gb_filter = 0
#-----------------------------------------
#@# Cortical Parc 2 lh Sun Mar  8 22:42:37 CET 2026
/out/sourcedata/freesurfer/sub-v1s14x0051583_ses-1/scripts

 mris_ca_label -l ../label/lh.cortex.label -aseg ../mri/aseg.presurf.mgz -seed 1234 sub-v1s14x0051583_ses-1 lh ../surf/lh.sphere.reg /opt/freesurfer/average/lh.CDaparc.atlas.acfb40.noaparc.i12.2016-08-02.gcs ../label/lh.aparc.a2009s.annot 

setting seed for random number generator to 1234
using ../mri/aseg.presurf.mgz aseg volume to correct midline
7.3.2
  7.3.2
reading atlas from /opt/freesurfer/average/lh.CDaparc.atlas.acfb40.noaparc.i12.2016-08-02.gcs...
reading color table from GCSA file....
average std = 3.0   using min determinant for regularization = 0.088
0 singular and 0 ill-conditioned covariance matrices regularized
input 0: MEAN CURVATURE, flags 0, avgs 5, name mean_curvature
labeling surface...
32 labels changed using aseg
relabeling using gibbs priors...
000:  11042 changed, 163681 examined...
001:   2419 changed, 42676 examined...
002:    755 changed, 12880 examined...
003:    309 changed, 4348 examined...
004:    155 changed, 1806 examined...
005:     73 changed, 893 examined...
006:     40 changed, 411 examined...
007:     16 changed, 224 examined...
008:     13 changed, 99 examined...
009:      8 changed, 72 examined...
010:      5 changed, 48 examined...
011:      5 changed, 31 examined...
012:      4 changed, 28 examined...
013:      1 changed, 21 examined...
014:      0 changed, 6 examined...
22 labels changed using aseg
000: 277 total segments, 192 labels (3052 vertices) changed
001: 90 total segments, 5 labels (16 vertices) changed
002: 85 total segments, 0 labels (0 vertices) changed
10 filter iterations complete (10 requested, 53 changed)
rationalizing unknown annotations with cortex label
relabeling Medial_wall label...
1691 vertices marked for relabeling...
1691 labels changed in reclassification.
writing output to ../label/lh.aparc.a2009s.annot...
classification took 0 minutes and 16 seconds.
#-----------------------------------------
#@# Cortical Parc 3 lh Sun Mar  8 22:42:52 CET 2026
/out/sourcedata/freesurfer/sub-v1s14x0051583_ses-1/scripts

 mris_ca_label -l ../label/lh.cortex.label -aseg ../mri/aseg.presurf.mgz -seed 1234 sub-v1s14x0051583_ses-1 lh ../surf/lh.sphere.reg /opt/freesurfer/average/lh.DKTaparc.atlas.acfb40.noaparc.i12.2016-08-02.gcs ../label/lh.aparc.DKTatlas.annot 

setting seed for random number generator to 1234
using ../mri/aseg.presurf.mgz aseg volume to correct midline
7.3.2
  7.3.2
reading atlas from /opt/freesurfer/average/lh.DKTaparc.atlas.acfb40.noaparc.i12.2016-08-02.gcs...
reading color table from GCSA file....
average std = 1.4   using min determinant for regularization = 0.020
0 singular and 383 ill-conditioned covariance matrices regularized
input 0: MEAN CURVATURE, flags 0, avgs 5, name mean_curvature
labeling surface...
1686 labels changed using aseg
relabeling using gibbs priors...
000:   2279 changed, 163681 examined...
001:    528 changed, 10623 examined...
002:    143 changed, 3098 examined...
003:     78 changed, 847 examined...
004:     59 changed, 402 examined...
005:     38 changed, 304 examined...
006:     29 changed, 202 examined...
007:      9 changed, 146 examined...
008:      9 changed, 53 examined...
009:      7 changed, 41 examined...
010:     10 changed, 39 examined...
011:      7 changed, 42 examined...
012:      6 changed, 27 examined...
013:      7 changed, 32 examined...
014:      7 changed, 35 examined...
015:     10 changed, 37 examined...
016:      5 changed, 51 examined...
017:      6 changed, 32 examined...
018:      5 changed, 34 examined...
019:      3 changed, 29 examined...
020:      1 changed, 16 examined...
021:      1 changed, 6 examined...
022:      1 changed, 7 examined...
023:      1 changed, 8 examined...
024:      1 changed, 7 examined...
025:      1 changed, 9 examined...
026:      1 changed, 6 examined...
027:      1 changed, 7 examined...
028:      1 changed, 6 examined...
029:      2 changed, 8 examined...
030:      4 changed, 11 examined...
031:      2 changed, 17 examined...
032:      0 changed, 9 examined...
456 labels changed using aseg
000: 51 total segments, 18 labels (160 vertices) changed
001: 34 total segments, 1 labels (1 vertices) changed
002: 33 total segments, 0 labels (0 vertices) changed
10 filter iterations complete (10 requested, 4 changed)
rationalizing unknown annotations with cortex label
relabeling unknown label...
relabeling corpuscallosum label...
1269 vertices marked for relabeling...
1269 labels changed in reclassification.
writing output to ../label/lh.aparc.DKTatlas.annot...
classification took 0 minutes and 12 seconds.
#-----------------------------------------
#@# WM/GM Contrast lh Sun Mar  8 22:43:04 CET 2026
/out/sourcedata/freesurfer/sub-v1s14x0051583_ses-1/scripts

 pctsurfcon --s sub-v1s14x0051583_ses-1 --lh-only 

Log file is /out/sourcedata/freesurfer/sub-v1s14x0051583_ses-1/scripts/pctsurfcon.log
Sun Mar  8 22:43:04 CET 2026
setenv SUBJECTS_DIR /out/sourcedata/freesurfer
cd /out/sourcedata/freesurfer/sub-v1s14x0051583_ses-1/scripts
/opt/freesurfer/bin/pctsurfcon
pctsurfcon 7.3.2
Linux dna056 5.14.0-427.37.1.el9_4.x86_64 #1 SMP PREEMPT_DYNAMIC Fri Sep 13 12:41:50 EDT 2024 x86_64 x86_64 x86_64 GNU/Linux
FREESURFER_HOME /opt/freesurfer
mri_vol2surf --mov /out/sourcedata/freesurfer/sub-v1s14x0051583_ses-1/mri/rawavg.mgz --hemi lh --noreshape --interp trilinear --projdist -1 --o /out/sourcedata/freesurfer/sub-v1s14x0051583_ses-1/surf/tmp.pctsurfcon.2781354/lh.wm.mgh --regheader sub-v1s14x0051583_ses-1 --cortex
srcvol = /out/sourcedata/freesurfer/sub-v1s14x0051583_ses-1/mri/rawavg.mgz
srcreg unspecified
srcregold = 0
srcwarp unspecified
surf = white
hemi = lh
ProjDist = -1
reshape = 0
interp = trilinear
float2int = round
GetProjMax = 0
INFO: float2int code = 0
Done loading volume
Computing registration from header.
  Using /out/sourcedata/freesurfer/sub-v1s14x0051583_ses-1/mri/orig.mgz as target reference.
-------- original matrix -----------
-0.99915   0.02179   0.03490  -0.00002;
 0.03342  -0.06511   0.99732   0.00000;
-0.02400  -0.99764  -0.06432   0.00000;
 0.00000   0.00000   0.00000   1.00000;
-------- original matrix -----------
Loading label /out/sourcedata/freesurfer/sub-v1s14x0051583_ses-1/label/lh.cortex.label
Reading surface /out/sourcedata/freesurfer/sub-v1s14x0051583_ses-1/surf/lh.white
Done reading source surface
Mapping Source Volume onto Source Subject Surface
Projecting -1 -1 1
 1 -1 -1 -1
using old
Done mapping volume to surface
Number of source voxels hit = 96275
Masking with /out/sourcedata/freesurfer/sub-v1s14x0051583_ses-1/label/lh.cortex.label
Writing to /out/sourcedata/freesurfer/sub-v1s14x0051583_ses-1/surf/tmp.pctsurfcon.2781354/lh.wm.mgh
Dim: 163681 1 1
mri_vol2surf --mov /out/sourcedata/freesurfer/sub-v1s14x0051583_ses-1/mri/rawavg.mgz --hemi lh --noreshape --interp trilinear --o /out/sourcedata/freesurfer/sub-v1s14x0051583_ses-1/surf/tmp.pctsurfcon.2781354/lh.gm.mgh --projfrac 0.3 --regheader sub-v1s14x0051583_ses-1 --cortex
srcvol = /out/sourcedata/freesurfer/sub-v1s14x0051583_ses-1/mri/rawavg.mgz
srcreg unspecified
srcregold = 0
srcwarp unspecified
surf = white
hemi = lh
ProjFrac = 0.3
thickness = thickness
reshape = 0
interp = trilinear
float2int = round
GetProjMax = 0
INFO: float2int code = 0
Done loading volume
Computing registration from header.
  Using /out/sourcedata/freesurfer/sub-v1s14x0051583_ses-1/mri/orig.mgz as target reference.
-------- original matrix -----------
-0.99915   0.02179   0.03490  -0.00002;
 0.03342  -0.06511   0.99732   0.00000;
-0.02400  -0.99764  -0.06432   0.00000;
 0.00000   0.00000   0.00000   1.00000;
-------- original matrix -----------
Loading label /out/sourcedata/freesurfer/sub-v1s14x0051583_ses-1/label/lh.cortex.label
Reading surface /out/sourcedata/freesurfer/sub-v1s14x0051583_ses-1/surf/lh.white
Done reading source surface
Reading thickness /out/sourcedata/freesurfer/sub-v1s14x0051583_ses-1/surf/lh.thickness
Done
Mapping Source Volume onto Source Subject Surface
Projecting 0.3 0.3 1
 1 0.3 0.3 0.3
using old
Done mapping volume to surface
Number of source voxels hit = 109510
Masking with /out/sourcedata/freesurfer/sub-v1s14x0051583_ses-1/label/lh.cortex.label
Writing to /out/sourcedata/freesurfer/sub-v1s14x0051583_ses-1/surf/tmp.pctsurfcon.2781354/lh.gm.mgh
Dim: 163681 1 1
mri_concat /out/sourcedata/freesurfer/sub-v1s14x0051583_ses-1/surf/tmp.pctsurfcon.2781354/lh.wm.mgh /out/sourcedata/freesurfer/sub-v1s14x0051583_ses-1/surf/tmp.pctsurfcon.2781354/lh.gm.mgh --paired-diff-norm --mul 100 --o /out/sourcedata/freesurfer/sub-v1s14x0051583_ses-1/surf/lh.w-g.pct.mgh
ninputs = 2
Checking inputs
nframestot = 2
Allocing output
Done allocing
Combining pairs
nframes = 1
Multiplying by 100.000000
Writing to /out/sourcedata/freesurfer/sub-v1s14x0051583_ses-1/surf/lh.w-g.pct.mgh
mri_segstats --in /out/sourcedata/freesurfer/sub-v1s14x0051583_ses-1/surf/lh.w-g.pct.mgh --annot sub-v1s14x0051583_ses-1 lh aparc --sum /out/sourcedata/freesurfer/sub-v1s14x0051583_ses-1/stats/lh.w-g.pct.stats --snr

7.3.2
cwd 
cmdline mri_segstats --in /out/sourcedata/freesurfer/sub-v1s14x0051583_ses-1/surf/lh.w-g.pct.mgh --annot sub-v1s14x0051583_ses-1 lh aparc --sum /out/sourcedata/freesurfer/sub-v1s14x0051583_ses-1/stats/lh.w-g.pct.stats --snr 
sysname  Linux
hostname dna056
machine  x86_64
user     oesteban
whitesurfname  white
UseRobust  0
Constructing seg from annotation

Reading annotation /out/sourcedata/freesurfer/sub-v1s14x0051583_ses-1/label/lh.aparc.annot
Seg base 1000
Loading /out/sourcedata/freesurfer/sub-v1s14x0051583_ses-1/surf/lh.w-g.pct.mgh
Vertex Area is 0.669009 mm^3
Generating list of segmentation ids
Found  36 segmentations
Computing statistics for each segmentation

Reporting on  35 segmentations
Using PrintSegStat
mri_segstats done
Cleaning up

Started at Sun Mar 8 21:51:25 CET 2026 
Ended   at Sun Mar 8 22:43:09 CET 2026
#@#%# recon-all-run-time-hours 0.862
recon-all -s sub-v1s14x0051583_ses-1 finished without error at Sun Mar  8 22:43:09 CET 2026



#New# invocation of recon-all 




Sun Mar  8 23:20:04 CET 2026
cd /out/sourcedata/freesurfer/sub-v1s14x0051583_ses-1
setenv SUBJECTS_DIR /out/sourcedata/freesurfer
/opt/freesurfer/bin/recon-all -autorecon-hemi lh -nohyporelabel -lh-only -openmp 16 -subjid sub-v1s14x0051583_ses-1 -sd /out/sourcedata/freesurfer -notessellate -nosmooth1 -noinflate1 -noqsphere -nofix -nowhite -nosmooth2 -noinflate2 -nocurvHK -nocurvstats -nosphere -nosurfreg -nojacobian_white -noavgcurv -nocortparc -nopial -nocortparc2 -nocortparc3 -nopctsurfcon

subjid sub-v1s14x0051583_ses-1
setenv SUBJECTS_DIR /out/sourcedata/freesurfer
FREESURFER_HOME /opt/freesurfer
Actual FREESURFER_HOME /opt/freesurfer
build-stamp.txt: freesurfer-linux-ubuntu22_x86_64-7.3.2-20220804-6354275
Linux dna056 5.14.0-427.37.1.el9_4.x86_64 #1 SMP PREEMPT_DYNAMIC Fri Sep 13 12:41:50 EDT 2024 x86_64 x86_64 x86_64 GNU/Linux
cputime      unlimited
filesize     unlimited
datasize     unlimited
stacksize    8192 kbytes
coredumpsize 0 kbytes
memoryuse    67108864 kbytes
vmemoryuse   unlimited
descriptors  1024 
memorylocked unlimited
maxproc      2061970 
maxlocks     unlimited
maxsignal    2061970 
maxmessage   819200 
maxnice      0 
maxrtprio    0 
maxrttime    unlimited

               total        used        free      shared  buff/cache   available
Mem:           503Gi        46Gi       425Gi       9.3Gi        31Gi       444Gi
Swap:             0B          0B          0B

########################################
program versions used
7.3.2 (freesurfer-linux-ubuntu22_x86_64-7.3.2-20220804-6354275)
7.3.2

ProgramName: lta_convert  ProgramArguments: lta_convert -all-info  ProgramVersion: 7.3.2  TimeStamp: 2026/03/08-22:20:04-GMT  BuildTime: Aug  4 2022 06:17:15  BuildStamp: freesurfer-linux-ubuntu22_x86_64-7.3.2-20220804-6354275  User: oesteban  Machine: dna056  Platform: Linux  PlatformVersion: 5.14.0-427.37.1.el9_4.x86_64  CompilerName: GCC  CompilerVersion: 8.4.0
ProgramName: mri_and  ProgramArguments: mri_and -all-info  ProgramVersion: 7.3.2  TimeStamp: 2026/03/08-22:20:04-GMT  BuildTime: Aug  4 2022 06:17:15  BuildStamp: freesurfer-linux-ubuntu22_x86_64-7.3.2-20220804-6354275  User: oesteban  Machine: dna056  Platform: Linux  PlatformVersion: 5.14.0-427.37.1.el9_4.x86_64  CompilerName: GCC  CompilerVersion: 8.4.0
ProgramName: mri_annotation2label  ProgramArguments: mri_annotation2label -all-info  ProgramVersion: 7.3.2  TimeStamp: 2026/03/08-22:20:04-GMT  BuildTime: Aug  4 2022 06:17:15  BuildStamp: freesurfer-linux-ubuntu22_x86_64-7.3.2-20220804-6354275  User: oesteban  Machine: dna056  Platform: Linux  PlatformVersion: 5.14.0-427.37.1.el9_4.x86_64  CompilerName: GCC  CompilerVersion: 8.4.0
ProgramName: mri_aparc2aseg  ProgramArguments: mri_aparc2aseg -all-info  ProgramVersion: 7.3.2  TimeStamp: 2026/03/08-22:20:04-GMT  BuildTime: Aug  4 2022 06:17:15  BuildStamp: freesurfer-linux-ubuntu22_x86_64-7.3.2-20220804-6354275  User: oesteban  Machine: dna056  Platform: Linux  PlatformVersion: 5.14.0-427.37.1.el9_4.x86_64  CompilerName: GCC  CompilerVersion: 8.4.0
ProgramName: mri_surf2volseg  ProgramArguments: mri_surf2volseg -all-info  ProgramVersion: 7.3.2  TimeStamp: 2026/03/08-22:20:04-GMT  BuildTime: Aug  4 2022 06:17:15  BuildStamp: freesurfer-linux-ubuntu22_x86_64-7.3.2-20220804-6354275  User: oesteban  Machine: dna056  Platform: Linux  PlatformVersion: 5.14.0-427.37.1.el9_4.x86_64  CompilerName: GCC  CompilerVersion: 8.4.0
ProgramName: mri_binarize  ProgramArguments: mri_binarize -all-info  ProgramVersion: 7.3.2  TimeStamp: 2026/03/08-22:20:04-GMT  BuildTime: Aug  4 2022 06:17:15  BuildStamp: freesurfer-linux-ubuntu22_x86_64-7.3.2-20220804-6354275  User: oesteban  Machine: dna056  Platform: Linux  PlatformVersion: 5.14.0-427.37.1.el9_4.x86_64  CompilerName: GCC  CompilerVersion: 8.4.0
ProgramName: mri_ca_label  ProgramArguments: mri_ca_label -all-info  ProgramVersion: 7.3.2  TimeStamp: 2026/03/08-22:20:04-GMT  BuildTime: Aug  4 2022 06:17:15  BuildStamp: freesurfer-linux-ubuntu22_x86_64-7.3.2-20220804-6354275  User: oesteban  Machine: dna056  Platform: Linux  PlatformVersion: 5.14.0-427.37.1.el9_4.x86_64  CompilerName: GCC  CompilerVersion: 8.4.0
ProgramName: mri_ca_normalize  ProgramArguments: mri_ca_normalize -all-info  ProgramVersion: 7.3.2  TimeStamp: 2026/03/08-22:20:04-GMT  BuildTime: Aug  4 2022 06:17:15  BuildStamp: freesurfer-linux-ubuntu22_x86_64-7.3.2-20220804-6354275  User: oesteban  Machine: dna056  Platform: Linux  PlatformVersion: 5.14.0-427.37.1.el9_4.x86_64  CompilerName: GCC  CompilerVersion: 8.4.0
ProgramName: mri_ca_register  ProgramArguments: mri_ca_register -all-info  ProgramVersion: 7.3.2  TimeStamp: 2026/03/08-22:20:04-GMT  BuildTime: Aug  4 2022 06:17:15  BuildStamp: freesurfer-linux-ubuntu22_x86_64-7.3.2-20220804-6354275  User: oesteban  Machine: dna056  Platform: Linux  PlatformVersion: 5.14.0-427.37.1.el9_4.x86_64  CompilerName: GCC  CompilerVersion: 8.4.0
ProgramName: mri_cc  ProgramArguments: mri_cc -all-info  ProgramVersion: 7.3.2  TimeStamp: 2026/03/08-22:20:04-GMT  BuildTime: Aug  4 2022 06:17:15  BuildStamp: freesurfer-linux-ubuntu22_x86_64-7.3.2-20220804-6354275  User: oesteban  Machine: dna056  Platform: Linux  PlatformVersion: 5.14.0-427.37.1.el9_4.x86_64  CompilerName: GCC  CompilerVersion: 8.4.0
ProgramName: mri_compute_overlap  ProgramArguments: mri_compute_overlap -all-info  ProgramVersion: 7.3.2  TimeStamp: 2026/03/08-22:20:04-GMT  BuildTime: Aug  4 2022 06:17:15  BuildStamp: freesurfer-linux-ubuntu22_x86_64-7.3.2-20220804-6354275  User: oesteban  Machine: dna056  Platform: Linux  PlatformVersion: 5.14.0-427.37.1.el9_4.x86_64  CompilerName: GCC  CompilerVersion: 8.4.0
ProgramName: mri_compute_seg_overlap  ProgramArguments: mri_compute_seg_overlap -all-info  ProgramVersion: 7.3.2  TimeStamp: 2026/03/08-22:20:04-GMT  BuildTime: Aug  4 2022 06:17:15  BuildStamp: freesurfer-linux-ubuntu22_x86_64-7.3.2-20220804-6354275  User: oesteban  Machine: dna056  Platform: Linux  PlatformVersion: 5.14.0-427.37.1.el9_4.x86_64  CompilerName: GCC  CompilerVersion: 8.4.0
ProgramName: mri_concat  ProgramArguments: mri_concat -all-info  ProgramVersion: 7.3.2  TimeStamp: 2026/03/08-22:20:04-GMT  BuildTime: Aug  4 2022 06:17:15  BuildStamp: freesurfer-linux-ubuntu22_x86_64-7.3.2-20220804-6354275  User: oesteban  Machine: dna056  Platform: Linux  PlatformVersion: 5.14.0-427.37.1.el9_4.x86_64  CompilerName: GCC  CompilerVersion: 8.4.0
ProgramName: mri_concatenate_lta  ProgramArguments: mri_concatenate_lta -all-info  ProgramVersion: 7.3.2  TimeStamp: 2026/03/08-22:20:04-GMT  BuildTime: Aug  4 2022 06:17:15  BuildStamp: freesurfer-linux-ubuntu22_x86_64-7.3.2-20220804-6354275  User: oesteban  Machine: dna056  Platform: Linux  PlatformVersion: 5.14.0-427.37.1.el9_4.x86_64  CompilerName: GCC  CompilerVersion: 8.4.0
mri_convert -all-info 
ProgramName: mri_convert  ProgramArguments: mri_convert -all-info  ProgramVersion: 7.3.2  TimeStamp: 2026/03/08-22:20:04-GMT  BuildTime: Aug  4 2022 06:17:15  BuildStamp: freesurfer-linux-ubuntu22_x86_64-7.3.2-20220804-6354275  User: oesteban  Machine: dna056  Platform: Linux  PlatformVersion: 5.14.0-427.37.1.el9_4.x86_64  CompilerName: GCC  CompilerVersion: 8.4.0
ProgramName: mri_diff  ProgramArguments: mri_diff -all-info  ProgramVersion: 7.3.2  TimeStamp: 2026/03/08-22:20:04-GMT  BuildTime: Aug  4 2022 06:17:15  BuildStamp: freesurfer-linux-ubuntu22_x86_64-7.3.2-20220804-6354275  User: oesteban  Machine: dna056  Platform: Linux  PlatformVersion: 5.14.0-427.37.1.el9_4.x86_64  CompilerName: GCC  CompilerVersion: 8.4.0
ProgramName: mri_edit_wm_with_aseg  ProgramArguments: mri_edit_wm_with_aseg -all-info  ProgramVersion: 7.3.2  TimeStamp: 2026/03/08-22:20:04-GMT  BuildTime: Aug  4 2022 06:17:15  BuildStamp: freesurfer-linux-ubuntu22_x86_64-7.3.2-20220804-6354275  User: oesteban  Machine: dna056  Platform: Linux  PlatformVersion: 5.14.0-427.37.1.el9_4.x86_64  CompilerName: GCC  CompilerVersion: 8.4.0
ProgramName: mri_em_register  ProgramArguments: mri_em_register -all-info  ProgramVersion: 7.3.2  TimeStamp: 2026/03/08-22:20:04-GMT  BuildTime: Aug  4 2022 06:17:15  BuildStamp: freesurfer-linux-ubuntu22_x86_64-7.3.2-20220804-6354275  User: oesteban  Machine: dna056  Platform: Linux  PlatformVersion: 5.14.0-427.37.1.el9_4.x86_64  CompilerName: GCC  CompilerVersion: 8.4.0
ProgramName: mri_fill  ProgramArguments: mri_fill -all-info  ProgramVersion: 7.3.2  TimeStamp: 2026/03/08-22:20:04-GMT  BuildTime: Aug  4 2022 06:17:15  BuildStamp: freesurfer-linux-ubuntu22_x86_64-7.3.2-20220804-6354275  User: oesteban  Machine: dna056  Platform: Linux  PlatformVersion: 5.14.0-427.37.1.el9_4.x86_64  CompilerName: GCC  CompilerVersion: 8.4.0
ProgramName: mri_fuse_segmentations  ProgramArguments: mri_fuse_segmentations -all-info  ProgramVersion: 7.3.2  TimeStamp: 2026/03/08-22:20:04-GMT  BuildTime: Aug  4 2022 06:17:15  BuildStamp: freesurfer-linux-ubuntu22_x86_64-7.3.2-20220804-6354275  User: oesteban  Machine: dna056  Platform: Linux  PlatformVersion: 5.14.0-427.37.1.el9_4.x86_64  CompilerName: GCC  CompilerVersion: 8.4.0
ProgramName: mri_fwhm  ProgramArguments: mri_fwhm -all-info  ProgramVersion: 7.3.2  TimeStamp: 2026/03/08-22:20:04-GMT  BuildTime: Aug  4 2022 06:17:15  BuildStamp: freesurfer-linux-ubuntu22_x86_64-7.3.2-20220804-6354275  User: oesteban  Machine: dna056  Platform: Linux  PlatformVersion: 5.14.0-427.37.1.el9_4.x86_64  CompilerName: GCC  CompilerVersion: 8.4.0
ProgramName: mri_gcut  ProgramArguments: mri_gcut -all-info  ProgramVersion: 7.3.2  TimeStamp: 2026/03/08-22:20:04-GMT  BuildTime: Aug  4 2022 06:17:15  BuildStamp: freesurfer-linux-ubuntu22_x86_64-7.3.2-20220804-6354275  User: oesteban  Machine: dna056  Platform: Linux  PlatformVersion: 5.14.0-427.37.1.el9_4.x86_64  CompilerName: GCC  CompilerVersion: 8.4.0
ProgramName: mri_info  ProgramArguments: mri_info -all-info  ProgramVersion: 7.3.2  TimeStamp: 2026/03/08-22:20:04-GMT  BuildTime: Aug  4 2022 06:17:15  BuildStamp: freesurfer-linux-ubuntu22_x86_64-7.3.2-20220804-6354275  User: oesteban  Machine: dna056  Platform: Linux  PlatformVersion: 5.14.0-427.37.1.el9_4.x86_64  CompilerName: GCC  CompilerVersion: 8.4.0
ProgramName: mri_label2label  ProgramArguments: mri_label2label -all-info  ProgramVersion: 7.3.2  TimeStamp: 2026/03/08-22:20:04-GMT  BuildTime: Aug  4 2022 06:17:15  BuildStamp: freesurfer-linux-ubuntu22_x86_64-7.3.2-20220804-6354275  User: oesteban  Machine: dna056  Platform: Linux  PlatformVersion: 5.14.0-427.37.1.el9_4.x86_64  CompilerName: GCC  CompilerVersion: 8.4.0
ProgramName: mri_label2vol  ProgramArguments: mri_label2vol -all-info  ProgramVersion: 7.3.2  TimeStamp: 2026/03/08-22:20:04-GMT  BuildTime: Aug  4 2022 06:17:15  BuildStamp: freesurfer-linux-ubuntu22_x86_64-7.3.2-20220804-6354275  User: oesteban  Machine: dna056  Platform: Linux  PlatformVersion: 5.14.0-427.37.1.el9_4.x86_64  CompilerName: GCC  CompilerVersion: 8.4.0
ProgramName: mri_log_likelihood  ProgramArguments: mri_log_likelihood -all-info  ProgramVersion: 7.3.2  TimeStamp: 2026/03/08-22:20:04-GMT  BuildTime: Aug  4 2022 06:17:15  BuildStamp: freesurfer-linux-ubuntu22_x86_64-7.3.2-20220804-6354275  User: oesteban  Machine: dna056  Platform: Linux  PlatformVersion: 5.14.0-427.37.1.el9_4.x86_64  CompilerName: GCC  CompilerVersion: 8.4.0
ProgramName: mri_mask  ProgramArguments: mri_mask -all-info  ProgramVersion: 7.3.2  TimeStamp: 2026/03/08-22:20:04-GMT  BuildTime: Aug  4 2022 06:17:15  BuildStamp: freesurfer-linux-ubuntu22_x86_64-7.3.2-20220804-6354275  User: oesteban  Machine: dna056  Platform: Linux  PlatformVersion: 5.14.0-427.37.1.el9_4.x86_64  CompilerName: GCC  CompilerVersion: 8.4.0
ProgramName: mri_matrix_multiply  ProgramArguments: mri_matrix_multiply -all-info  ProgramVersion: 7.3.2  TimeStamp: 2026/03/08-22:20:04-GMT  BuildTime: Aug  4 2022 06:17:15  BuildStamp: freesurfer-linux-ubuntu22_x86_64-7.3.2-20220804-6354275  User: oesteban  Machine: dna056  Platform: Linux  PlatformVersion: 5.14.0-427.37.1.el9_4.x86_64  CompilerName: GCC  CompilerVersion: 8.4.0
ProgramName: mri_normalize  ProgramArguments: mri_normalize -all-info  ProgramVersion: 7.3.2  TimeStamp: 2026/03/08-22:20:04-GMT  BuildTime: Aug  4 2022 06:17:15  BuildStamp: freesurfer-linux-ubuntu22_x86_64-7.3.2-20220804-6354275  User: oesteban  Machine: dna056  Platform: Linux  PlatformVersion: 5.14.0-427.37.1.el9_4.x86_64  CompilerName: GCC  CompilerVersion: 8.4.0
ProgramName: mri_normalize_tp2  ProgramArguments: mri_normalize_tp2 -all-info  ProgramVersion: 7.3.2  TimeStamp: 2026/03/08-22:20:04-GMT  BuildTime: Aug  4 2022 06:17:15  BuildStamp: freesurfer-linux-ubuntu22_x86_64-7.3.2-20220804-6354275  User: oesteban  Machine: dna056  Platform: Linux  PlatformVersion: 5.14.0-427.37.1.el9_4.x86_64  CompilerName: GCC  CompilerVersion: 8.4.0
ProgramName: mri_or  ProgramArguments: mri_or -all-info  ProgramVersion: 7.3.2  TimeStamp: 2026/03/08-22:20:04-GMT  BuildTime: Aug  4 2022 06:17:15  BuildStamp: freesurfer-linux-ubuntu22_x86_64-7.3.2-20220804-6354275  User: oesteban  Machine: dna056  Platform: Linux  PlatformVersion: 5.14.0-427.37.1.el9_4.x86_64  CompilerName: GCC  CompilerVersion: 8.4.0
ProgramName: mri_relabel_hypointensities  ProgramArguments: mri_relabel_hypointensities -all-info  ProgramVersion: 7.3.2  TimeStamp: 2026/03/08-22:20:04-GMT  BuildTime: Aug  4 2022 06:17:15  BuildStamp: freesurfer-linux-ubuntu22_x86_64-7.3.2-20220804-6354275  User: oesteban  Machine: dna056  Platform: Linux  PlatformVersion: 5.14.0-427.37.1.el9_4.x86_64  CompilerName: GCC  CompilerVersion: 8.4.0
ProgramName: mri_relabel_nonwm_hypos  ProgramArguments: mri_relabel_nonwm_hypos -all-info  ProgramVersion: 7.3.2  TimeStamp: 2026/03/08-22:20:04-GMT  BuildTime: Aug  4 2022 06:17:15  BuildStamp: freesurfer-linux-ubuntu22_x86_64-7.3.2-20220804-6354275  User: oesteban  Machine: dna056  Platform: Linux  PlatformVersion: 5.14.0-427.37.1.el9_4.x86_64  CompilerName: GCC  CompilerVersion: 8.4.0
ProgramName: mri_remove_neck  ProgramArguments: mri_remove_neck -all-info  ProgramVersion: 7.3.2  TimeStamp: 2026/03/08-22:20:04-GMT  BuildTime: Aug  4 2022 06:17:15  BuildStamp: freesurfer-linux-ubuntu22_x86_64-7.3.2-20220804-6354275  User: oesteban  Machine: dna056  Platform: Linux  PlatformVersion: 5.14.0-427.37.1.el9_4.x86_64  CompilerName: GCC  CompilerVersion: 8.4.0
7.3.2

ProgramName: mri_robust_register  ProgramArguments: mri_robust_register -all-info  ProgramVersion: 7.3.2  TimeStamp: 2026/03/08-22:20:04-GMT  BuildTime: Aug  4 2022 06:17:15  BuildStamp: freesurfer-linux-ubuntu22_x86_64-7.3.2-20220804-6354275  User: oesteban  Machine: dna056  Platform: Linux  PlatformVersion: 5.14.0-427.37.1.el9_4.x86_64  CompilerName: GCC  CompilerVersion: 8.4.0
7.3.2

ProgramName: mri_robust_template  ProgramArguments: mri_robust_template -all-info  ProgramVersion: 7.3.2  TimeStamp: 2026/03/08-22:20:04-GMT  BuildTime: Aug  4 2022 06:17:15  BuildStamp: freesurfer-linux-ubuntu22_x86_64-7.3.2-20220804-6354275  User: oesteban  Machine: dna056  Platform: Linux  PlatformVersion: 5.14.0-427.37.1.el9_4.x86_64  CompilerName: GCC  CompilerVersion: 8.4.0
ProgramName: mris_anatomical_stats  ProgramArguments: mris_anatomical_stats -all-info  ProgramVersion: 7.3.2  TimeStamp: 2026/03/08-22:20:04-GMT  BuildTime: Aug  4 2022 06:17:15  BuildStamp: freesurfer-linux-ubuntu22_x86_64-7.3.2-20220804-6354275  User: oesteban  Machine: dna056  Platform: Linux  PlatformVersion: 5.14.0-427.37.1.el9_4.x86_64  CompilerName: GCC  CompilerVersion: 8.4.0
ProgramName: mris_ca_label  ProgramArguments: mris_ca_label -all-info  ProgramVersion: 7.3.2  TimeStamp: 2026/03/08-22:20:04-GMT  BuildTime: Aug  4 2022 06:17:15  BuildStamp: freesurfer-linux-ubuntu22_x86_64-7.3.2-20220804-6354275  User: oesteban  Machine: dna056  Platform: Linux  PlatformVersion: 5.14.0-427.37.1.el9_4.x86_64  CompilerName: GCC  CompilerVersion: 8.4.0
ProgramName: mris_calc  ProgramArguments: mris_calc -all-info  ProgramVersion: 7.3.2  TimeStamp: 2026/03/08-22:20:04-GMT  BuildTime: Aug  4 2022 06:17:15  BuildStamp: freesurfer-linux-ubuntu22_x86_64-7.3.2-20220804-6354275  User: oesteban  Machine: dna056  Platform: Linux  PlatformVersion: 5.14.0-427.37.1.el9_4.x86_64  CompilerName: GCC  CompilerVersion: 8.4.0
ProgramName: mris_convert  ProgramArguments: mris_convert -all-info  ProgramVersion: 7.3.2  TimeStamp: 2026/03/08-22:20:04-GMT  BuildTime: Aug  4 2022 06:17:15  BuildStamp: freesurfer-linux-ubuntu22_x86_64-7.3.2-20220804-6354275  User: oesteban  Machine: dna056  Platform: Linux  PlatformVersion: 5.14.0-427.37.1.el9_4.x86_64  CompilerName: GCC  CompilerVersion: 8.4.0
ProgramName: mris_curvature  ProgramArguments: mris_curvature -all-info  ProgramVersion: 7.3.2  TimeStamp: 2026/03/08-22:20:04-GMT  BuildTime: Aug  4 2022 06:17:15  BuildStamp: freesurfer-linux-ubuntu22_x86_64-7.3.2-20220804-6354275  User: oesteban  Machine: dna056  Platform: Linux  PlatformVersion: 5.14.0-427.37.1.el9_4.x86_64  CompilerName: GCC  CompilerVersion: 8.4.0
ProgramName: mris_curvature_stats  ProgramArguments: mris_curvature_stats -all-info  ProgramVersion: 7.3.2  TimeStamp: 2026/03/08-22:20:04-GMT  BuildTime: Aug  4 2022 06:17:15  BuildStamp: freesurfer-linux-ubuntu22_x86_64-7.3.2-20220804-6354275  User: oesteban  Machine: dna056  Platform: Linux  PlatformVersion: 5.14.0-427.37.1.el9_4.x86_64  CompilerName: GCC  CompilerVersion: 8.4.0
ProgramName: mris_diff  ProgramArguments: mris_diff -all-info  ProgramVersion: 7.3.2  TimeStamp: 2026/03/08-22:20:04-GMT  BuildTime: Aug  4 2022 06:17:15  BuildStamp: freesurfer-linux-ubuntu22_x86_64-7.3.2-20220804-6354275  User: oesteban  Machine: dna056  Platform: Linux  PlatformVersion: 5.14.0-427.37.1.el9_4.x86_64  CompilerName: GCC  CompilerVersion: 8.4.0
ProgramName: mris_divide_parcellation  ProgramArguments: mris_divide_parcellation -all-info  ProgramVersion: 7.3.2  TimeStamp: 2026/03/08-22:20:04-GMT  BuildTime: Aug  4 2022 06:17:15  BuildStamp: freesurfer-linux-ubuntu22_x86_64-7.3.2-20220804-6354275  User: oesteban  Machine: dna056  Platform: Linux  PlatformVersion: 5.14.0-427.37.1.el9_4.x86_64  CompilerName: GCC  CompilerVersion: 8.4.0
ProgramName: mri_segment  ProgramArguments: mri_segment -all-info  ProgramVersion: 7.3.2  TimeStamp: 2026/03/08-22:20:04-GMT  BuildTime: Aug  4 2022 06:17:15  BuildStamp: freesurfer-linux-ubuntu22_x86_64-7.3.2-20220804-6354275  User: oesteban  Machine: dna056  Platform: Linux  PlatformVersion: 5.14.0-427.37.1.el9_4.x86_64  CompilerName: GCC  CompilerVersion: 8.4.0
ProgramName: mri_segstats  ProgramArguments: mri_segstats -all-info  ProgramVersion: 7.3.2  TimeStamp: 2026/03/08-22:20:04-GMT  BuildTime: Aug  4 2022 06:17:15  BuildStamp: freesurfer-linux-ubuntu22_x86_64-7.3.2-20220804-6354275  User: oesteban  Machine: dna056  Platform: Linux  PlatformVersion: 5.14.0-427.37.1.el9_4.x86_64  CompilerName: GCC  CompilerVersion: 8.4.0
ProgramName: mris_euler_number  ProgramArguments: mris_euler_number -all-info  ProgramVersion: 7.3.2  TimeStamp: 2026/03/08-22:20:04-GMT  BuildTime: Aug  4 2022 06:17:15  BuildStamp: freesurfer-linux-ubuntu22_x86_64-7.3.2-20220804-6354275  User: oesteban  Machine: dna056  Platform: Linux  PlatformVersion: 5.14.0-427.37.1.el9_4.x86_64  CompilerName: GCC  CompilerVersion: 8.4.0
ProgramName: mris_fix_topology  ProgramArguments: mris_fix_topology -all-info  ProgramVersion: 7.3.2  TimeStamp: 2026/03/08-22:20:04-GMT  BuildTime: Aug  4 2022 06:17:15  BuildStamp: freesurfer-linux-ubuntu22_x86_64-7.3.2-20220804-6354275  User: oesteban  Machine: dna056  Platform: Linux  PlatformVersion: 5.14.0-427.37.1.el9_4.x86_64  CompilerName: GCC  CompilerVersion: 8.4.0
ProgramName: mris_topo_fixer  ProgramArguments: mris_topo_fixer -all-info  ProgramVersion: 7.3.2  TimeStamp: 2026/03/08-22:20:04-GMT  BuildTime: Aug  4 2022 06:17:15  BuildStamp: freesurfer-linux-ubuntu22_x86_64-7.3.2-20220804-6354275  User: oesteban  Machine: dna056  Platform: Linux  PlatformVersion: 5.14.0-427.37.1.el9_4.x86_64  CompilerName: GCC  CompilerVersion: 8.4.0
ProgramName: mris_jacobian  ProgramArguments: mris_jacobian -all-info  ProgramVersion: 7.3.2  TimeStamp: 2026/03/08-22:20:04-GMT  BuildTime: Aug  4 2022 06:17:15  BuildStamp: freesurfer-linux-ubuntu22_x86_64-7.3.2-20220804-6354275  User: oesteban  Machine: dna056  Platform: Linux  PlatformVersion: 5.14.0-427.37.1.el9_4.x86_64  CompilerName: GCC  CompilerVersion: 8.4.0
ProgramName: mris_label2annot  ProgramArguments: mris_label2annot -all-info  ProgramVersion: 7.3.2  TimeStamp: 2026/03/08-22:20:04-GMT  BuildTime: Aug  4 2022 06:17:15  BuildStamp: freesurfer-linux-ubuntu22_x86_64-7.3.2-20220804-6354275  User: oesteban  Machine: dna056  Platform: Linux  PlatformVersion: 5.14.0-427.37.1.el9_4.x86_64  CompilerName: GCC  CompilerVersion: 8.4.0
ProgramName: mris_left_right_register  ProgramArguments: mris_left_right_register -all-info  ProgramVersion: 7.3.2  TimeStamp: 2026/03/08-22:20:04-GMT  BuildTime: Aug  4 2022 06:17:15  BuildStamp: freesurfer-linux-ubuntu22_x86_64-7.3.2-20220804-6354275  User: oesteban  Machine: dna056  Platform: Linux  PlatformVersion: 5.14.0-427.37.1.el9_4.x86_64  CompilerName: GCC  CompilerVersion: 8.4.0
ProgramName: mris_place_surface  ProgramArguments: mris_place_surface -all-info  ProgramVersion: 7.3.2  TimeStamp: 2026/03/08-22:20:04-GMT  BuildTime: Aug  4 2022 06:17:15  BuildStamp: freesurfer-linux-ubuntu22_x86_64-7.3.2-20220804-6354275  User: oesteban  Machine: dna056  Platform: Linux  PlatformVersion: 5.14.0-427.37.1.el9_4.x86_64  CompilerName: GCC  CompilerVersion: 8.4.0
ProgramName: mrisp_paint  ProgramArguments: mrisp_paint -all-info  ProgramVersion: 7.3.2  TimeStamp: 2026/03/08-22:20:04-GMT  BuildTime: Aug  4 2022 06:17:15  BuildStamp: freesurfer-linux-ubuntu22_x86_64-7.3.2-20220804-6354275  User: oesteban  Machine: dna056  Platform: Linux  PlatformVersion: 5.14.0-427.37.1.el9_4.x86_64  CompilerName: GCC  CompilerVersion: 8.4.0
ProgramName: mris_register  ProgramArguments: mris_register -all-info  ProgramVersion: 7.3.2  TimeStamp: 2026/03/08-22:20:04-GMT  BuildTime: Aug  4 2022 06:17:15  BuildStamp: freesurfer-linux-ubuntu22_x86_64-7.3.2-20220804-6354275  User: oesteban  Machine: dna056  Platform: Linux  PlatformVersion: 5.14.0-427.37.1.el9_4.x86_64  CompilerName: GCC  CompilerVersion: 8.4.0
ProgramName: mris_smooth  ProgramArguments: mris_smooth -all-info  ProgramVersion: 7.3.2  TimeStamp: 2026/03/08-22:20:04-GMT  BuildTime: Aug  4 2022 06:17:15  BuildStamp: freesurfer-linux-ubuntu22_x86_64-7.3.2-20220804-6354275  User: oesteban  Machine: dna056  Platform: Linux  PlatformVersion: 5.14.0-427.37.1.el9_4.x86_64  CompilerName: GCC  CompilerVersion: 8.4.0
ProgramName: mris_sphere  ProgramArguments: mris_sphere -all-info  ProgramVersion: 7.3.2  TimeStamp: 2026/03/08-22:20:04-GMT  BuildTime: Aug  4 2022 06:17:15  BuildStamp: freesurfer-linux-ubuntu22_x86_64-7.3.2-20220804-6354275  User: oesteban  Machine: dna056  Platform: Linux  PlatformVersion: 5.14.0-427.37.1.el9_4.x86_64  CompilerName: GCC  CompilerVersion: 8.4.0
ProgramName: mris_surface_stats  ProgramArguments: mris_surface_stats -all-info  ProgramVersion: 7.3.2  TimeStamp: 2026/03/08-22:20:04-GMT  BuildTime: Aug  4 2022 06:17:15  BuildStamp: freesurfer-linux-ubuntu22_x86_64-7.3.2-20220804-6354275  User: oesteban  Machine: dna056  Platform: Linux  PlatformVersion: 5.14.0-427.37.1.el9_4.x86_64  CompilerName: GCC  CompilerVersion: 8.4.0
ProgramName: mri_stats2seg  ProgramArguments: mri_stats2seg -all-info  ProgramVersion: 7.3.2  TimeStamp: 2026/03/08-22:20:04-GMT  BuildTime: Aug  4 2022 06:17:15  BuildStamp: freesurfer-linux-ubuntu22_x86_64-7.3.2-20220804-6354275  User: oesteban  Machine: dna056  Platform: Linux  PlatformVersion: 5.14.0-427.37.1.el9_4.x86_64  CompilerName: GCC  CompilerVersion: 8.4.0
ProgramName: mris_thickness  ProgramArguments: mris_thickness -all-info  ProgramVersion: 7.3.2  TimeStamp: 2026/03/08-22:20:04-GMT  BuildTime: Aug  4 2022 06:17:15  BuildStamp: freesurfer-linux-ubuntu22_x86_64-7.3.2-20220804-6354275  User: oesteban  Machine: dna056  Platform: Linux  PlatformVersion: 5.14.0-427.37.1.el9_4.x86_64  CompilerName: GCC  CompilerVersion: 8.4.0
ProgramName: mris_thickness_diff  ProgramArguments: mris_thickness_diff -all-info  ProgramVersion: 7.3.2  TimeStamp: 2026/03/08-22:20:04-GMT  BuildTime: Aug  4 2022 06:17:15  BuildStamp: freesurfer-linux-ubuntu22_x86_64-7.3.2-20220804-6354275  User: oesteban  Machine: dna056  Platform: Linux  PlatformVersion: 5.14.0-427.37.1.el9_4.x86_64  CompilerName: GCC  CompilerVersion: 8.4.0
ProgramName: mris_topo_fixer  ProgramArguments: mris_topo_fixer -all-info  ProgramVersion: 7.3.2  TimeStamp: 2026/03/08-22:20:04-GMT  BuildTime: Aug  4 2022 06:17:15  BuildStamp: freesurfer-linux-ubuntu22_x86_64-7.3.2-20220804-6354275  User: oesteban  Machine: dna056  Platform: Linux  PlatformVersion: 5.14.0-427.37.1.el9_4.x86_64  CompilerName: GCC  CompilerVersion: 8.4.0
ProgramName: mri_surf2surf  ProgramArguments: mri_surf2surf -all-info  ProgramVersion: 7.3.2  TimeStamp: 2026/03/08-22:20:04-GMT  BuildTime: Aug  4 2022 06:17:15  BuildStamp: freesurfer-linux-ubuntu22_x86_64-7.3.2-20220804-6354275  User: oesteban  Machine: dna056  Platform: Linux  PlatformVersion: 5.14.0-427.37.1.el9_4.x86_64  CompilerName: GCC  CompilerVersion: 8.4.0
ProgramName: mri_surf2vol  ProgramArguments: mri_surf2vol -all-info  ProgramVersion: 7.3.2  TimeStamp: 2026/03/08-22:20:04-GMT  BuildTime: Aug  4 2022 06:17:15  BuildStamp: freesurfer-linux-ubuntu22_x86_64-7.3.2-20220804-6354275  User: oesteban  Machine: dna056  Platform: Linux  PlatformVersion: 5.14.0-427.37.1.el9_4.x86_64  CompilerName: GCC  CompilerVersion: 8.4.0
ProgramName: mri_surfcluster  ProgramArguments: mri_surfcluster -all-info  ProgramVersion: 7.3.2  TimeStamp: 2026/03/08-22:20:04-GMT  BuildTime: Aug  4 2022 06:17:15  BuildStamp: freesurfer-linux-ubuntu22_x86_64-7.3.2-20220804-6354275  User: oesteban  Machine: dna056  Platform: Linux  PlatformVersion: 5.14.0-427.37.1.el9_4.x86_64  CompilerName: GCC  CompilerVersion: 8.4.0
ProgramName: mris_volmask  ProgramArguments: mris_volmask -all-info  ProgramVersion: 7.3.2  TimeStamp: 2026/03/08-22:20:04-GMT  BuildTime: Aug  4 2022 06:17:15  BuildStamp: freesurfer-linux-ubuntu22_x86_64-7.3.2-20220804-6354275  User: oesteban  Machine: dna056  Platform: Linux  PlatformVersion: 5.14.0-427.37.1.el9_4.x86_64  CompilerName: GCC  CompilerVersion: 8.4.0
ProgramName: mri_tessellate  ProgramArguments: mri_tessellate -all-info  ProgramVersion: 7.3.2  TimeStamp: 2026/03/08-22:20:04-GMT  BuildTime: Aug  4 2022 06:17:15  BuildStamp: freesurfer-linux-ubuntu22_x86_64-7.3.2-20220804-6354275  User: oesteban  Machine: dna056  Platform: Linux  PlatformVersion: 5.14.0-427.37.1.el9_4.x86_64  CompilerName: GCC  CompilerVersion: 8.4.0
ProgramName: mri_vol2surf  ProgramArguments: mri_vol2surf -all-info  ProgramVersion: 7.3.2  TimeStamp: 2026/03/08-22:20:04-GMT  BuildTime: Aug  4 2022 06:17:15  BuildStamp: freesurfer-linux-ubuntu22_x86_64-7.3.2-20220804-6354275  User: oesteban  Machine: dna056  Platform: Linux  PlatformVersion: 5.14.0-427.37.1.el9_4.x86_64  CompilerName: GCC  CompilerVersion: 8.4.0
ProgramName: mri_vol2vol  ProgramArguments: mri_vol2vol -all-info  ProgramVersion: 7.3.2  TimeStamp: 2026/03/08-22:20:04-GMT  BuildTime: Aug  4 2022 06:17:15  BuildStamp: freesurfer-linux-ubuntu22_x86_64-7.3.2-20220804-6354275  User: oesteban  Machine: dna056  Platform: Linux  PlatformVersion: 5.14.0-427.37.1.el9_4.x86_64  CompilerName: GCC  CompilerVersion: 8.4.0
ProgramName: mri_voldiff  ProgramArguments: mri_voldiff -all-info  ProgramVersion: 7.3.2  TimeStamp: 2026/03/08-22:20:04-GMT  BuildTime: Aug  4 2022 06:17:15  BuildStamp: freesurfer-linux-ubuntu22_x86_64-7.3.2-20220804-6354275  User: oesteban  Machine: dna056  Platform: Linux  PlatformVersion: 5.14.0-427.37.1.el9_4.x86_64  CompilerName: GCC  CompilerVersion: 8.4.0
ProgramName: mri_watershed  ProgramArguments: mri_watershed -all-info  ProgramVersion: 7.3.2  TimeStamp: 2026/03/08-22:20:04-GMT  BuildTime: Aug  4 2022 06:17:15  BuildStamp: freesurfer-linux-ubuntu22_x86_64-7.3.2-20220804-6354275  User: oesteban  Machine: dna056  Platform: Linux  PlatformVersion: 5.14.0-427.37.1.el9_4.x86_64  CompilerName: GCC  CompilerVersion: 8.4.0
ProgramName: tkregister2  ProgramArguments: tkregister2_cmdl -all-info  ProgramVersion: 7.3.2  TimeStamp: 2026/03/08-22:20:04-GMT  BuildTime: Aug  4 2022 06:17:15  BuildStamp: freesurfer-linux-ubuntu22_x86_64-7.3.2-20220804-6354275  User: oesteban  Machine: dna056  Platform: Linux  PlatformVersion: 5.14.0-427.37.1.el9_4.x86_64  CompilerName: GCC  CompilerVersion: 8.4.0
mri_motion_correct.fsl 7.3.2
mri_convert -all-info 
ProgramName: mri_convert  ProgramArguments: mri_convert -all-info  ProgramVersion: 7.3.2  TimeStamp: 2026/03/08-22:20:04-GMT  BuildTime: Aug  4 2022 06:17:15  BuildStamp: freesurfer-linux-ubuntu22_x86_64-7.3.2-20220804-6354275  User: oesteban  Machine: dna056  Platform: Linux  PlatformVersion: 5.14.0-427.37.1.el9_4.x86_64  CompilerName: GCC  CompilerVersion: 8.4.0
Program nu_correct, built from:
Package MNI N3, version 1.12.0, compiled by nicks@terrier (x86_64-unknown-linux-gnu) on 2015-06-19 at 01:25:34
#######################################
GCADIR /opt/freesurfer/average
GCA RB_all_2020-01-02.gca
GCASkull RB_all_withskull_2020_01_02.gca
AvgCurvTif folding.atlas.acfb40.noaparc.i12.2016-08-02.tif
GCSDIR /opt/freesurfer/average
GCS DKaparc.atlas.acfb40.noaparc.i12.2016-08-02.gcs
#######################################
#--------------------------------------------
#@# AutoDetGWStats lh Sun Mar  8 23:20:04 CET 2026
cd /out/sourcedata/freesurfer/sub-v1s14x0051583_ses-1/mri
mris_autodet_gwstats --o ../surf/autodet.gw.stats.lh.dat --i brain.finalsurfs.mgz --wm wm.mgz --surf ../surf/lh.orig.premesh
  Update not needed
#--------------------------------------------
#@# WhitePreAparc lh Sun Mar  8 23:20:04 CET 2026
cd /out/sourcedata/freesurfer/sub-v1s14x0051583_ses-1/mri
mris_place_surface --adgws-in ../surf/autodet.gw.stats.lh.dat --wm wm.mgz --threads 16 --invol brain.finalsurfs.mgz --lh --i ../surf/lh.orig --o ../surf/lh.white.preaparc --white --seg aseg.presurf.mgz --nsmooth 5
   Update not needed
#--------------------------------------------
#@# CortexLabel lh Sun Mar  8 23:20:04 CET 2026
cd /out/sourcedata/freesurfer/sub-v1s14x0051583_ses-1/mri
mri_label2label --label-cortex ../surf/lh.white.preaparc aseg.presurf.mgz 0 ../label/lh.cortex.label
   Update not needed
#--------------------------------------------
#@# CortexLabel+HipAmyg lh Sun Mar  8 23:20:04 CET 2026
cd /out/sourcedata/freesurfer/sub-v1s14x0051583_ses-1/mri
mri_label2label --label-cortex ../surf/lh.white.preaparc aseg.presurf.mgz 1 ../label/lh.cortex+hipamyg.label
   Update not needed
#@# white curv lh Sun Mar  8 23:20:04 CET 2026
cd /out/sourcedata/freesurfer/sub-v1s14x0051583_ses-1/mri
mris_place_surface --curv-map ../surf/lh.white 2 10 ../surf/lh.curv
   Update not needed
#@# white area lh Sun Mar  8 23:20:04 CET 2026
cd /out/sourcedata/freesurfer/sub-v1s14x0051583_ses-1/mri
mris_place_surface --area-map ../surf/lh.white ../surf/lh.area
   Update not needed
#@# pial curv lh Sun Mar  8 23:20:04 CET 2026
cd /out/sourcedata/freesurfer/sub-v1s14x0051583_ses-1/mri
mris_place_surface --curv-map ../surf/lh.pial 2 10 ../surf/lh.curv.pial
   Update not needed
#@# pial area lh Sun Mar  8 23:20:04 CET 2026
cd /out/sourcedata/freesurfer/sub-v1s14x0051583_ses-1/mri
mris_place_surface --area-map ../surf/lh.pial ../surf/lh.area.pial
   Update not needed
#@# thickness lh Sun Mar  8 23:20:04 CET 2026
cd /out/sourcedata/freesurfer/sub-v1s14x0051583_ses-1/mri
mris_place_surface --thickness ../surf/lh.white ../surf/lh.pial 20 5 ../surf/lh.thickness
   Update not needed
#@# area and vertex vol lh Sun Mar  8 23:20:04 CET 2026
cd /out/sourcedata/freesurfer/sub-v1s14x0051583_ses-1/mri
mris_place_surface --thickness ../surf/lh.white ../surf/lh.pial 20 5 ../surf/lh.thickness
   Update not needed
#-----------------------------------------
#@# Parcellation Stats lh Sun Mar  8 23:20:04 CET 2026
/out/sourcedata/freesurfer/sub-v1s14x0051583_ses-1/scripts

 mris_anatomical_stats -th3 -mgz -noglobal -cortex ../label/lh.cortex.label -f ../stats/lh.aparc.stats -b -a ../label/lh.aparc.annot -c ../label/aparc.annot.ctab sub-v1s14x0051583_ses-1 lh white 

computing statistics for each annotation in ../label/lh.aparc.annot.
reading volume /out/sourcedata/freesurfer/sub-v1s14x0051583_ses-1/mri/wm.mgz...
reading input surface /out/sourcedata/freesurfer/sub-v1s14x0051583_ses-1/surf/lh.white...
reading input pial surface /out/sourcedata/freesurfer/sub-v1s14x0051583_ses-1/surf/lh.pial...
reading input white surface /out/sourcedata/freesurfer/sub-v1s14x0051583_ses-1/surf/lh.white...
INFO: using TH3 volume calc
INFO: assuming MGZ format for volumes.
INFO: not computing global stats
INFO: using ../label/lh.cortex.label as mask to calc cortex NumVert, SurfArea and MeanThickness.
Using TH3 vertex volume calc
Total face volume 285262
Total vertex volume 285051 (mask=0)
Saving annotation colortable ../label/aparc.annot.ctab

table columns are:
    number of vertices
    total surface area (mm^2)
    total gray matter volume (mm^3)
    average cortical thickness +- standard deviation (mm)
    integrated rectified mean curvature
    integrated rectified Gaussian curvature
    folding index
    intrinsic curvature index
    structure name

 1238    837   1811  2.331 0.518     0.093     0.015        7     0.8  bankssts
 1226    836   2253  2.321 0.837     0.133     0.018       18     1.1  caudalanteriorcingulate
 3951   2656   8209  2.596 0.696     0.108     0.017       32     2.9  caudalmiddlefrontal
 2486   1662   2285  1.428 0.361     0.130     0.025       28     2.9  cuneus
  665    419   1990  3.334 0.903     0.092     0.017        3     0.5  entorhinal
 6482   4473  12483  2.544 0.745     0.126     0.027       81     7.2  fusiform
 8273   5509  15965  2.506 0.755     0.113     0.021       83     7.7  inferiorparietal
 5775   4152  13628  2.703 0.857     0.136     0.030       79     7.7  inferiortemporal
 2086   1437   3800  2.415 0.889     0.114     0.025       22     2.2  isthmuscingulate
10961   7069  14698  1.905 0.712     0.132     0.033      141    15.7  lateraloccipital
 4995   3544   9994  2.685 0.772     0.128     0.029       61     6.4  lateralorbitofrontal
 6156   4199   7624  1.732 0.611     0.120     0.024       60     6.3  lingual
 3354   2362   5516  2.200 0.592     0.112     0.025       37     3.7  medialorbitofrontal
 5120   3719  13953  2.901 0.753     0.116     0.019       58     4.3  middletemporal
 1231    737   2401  2.742 0.825     0.081     0.018       11     0.7  parahippocampal
 2902   1716   4012  2.234 0.657     0.102     0.022       23     2.6  paracentral
 2396   1556   4673  2.669 0.583     0.106     0.019       21     1.8  parsopercularis
 1128    821   2873  2.684 0.735     0.129     0.023       14     1.0  parsorbitalis
 2176   1469   4276  2.453 0.634     0.111     0.019       21     1.8  parstriangularis
 2565   1708   1902  1.252 0.309     0.117     0.023       22     2.6  pericalcarine
 8266   5134  12512  2.116 0.797     0.103     0.021       75     7.3  postcentral
 1901   1337   3517  2.368 0.822     0.124     0.026       24     2.1  posteriorcingulate
 8849   5526  16213  2.578 0.756     0.109     0.023       75     8.4  precentral
 7618   5139  13055  2.400 0.615     0.117     0.022       68     7.1  precuneus
 1699   1187   3738  2.648 0.923     0.135     0.031       24     2.4  rostralanteriorcingulate
10157   7418  21085  2.379 0.675     0.135     0.027      126    11.8  rostralmiddlefrontal
11838   7889  24933  2.728 0.619     0.114     0.021      107    10.2  superiorfrontal
10051   6537  15864  2.157 0.662     0.121     0.024      105    10.6  superiorparietal
 5699   3787  13152  2.945 0.687     0.091     0.014       39     3.6  superiortemporal
 6685   4620  12516  2.411 0.669     0.114     0.021       66     5.9  supramarginal
  432    359   1561  2.946 0.806     0.170     0.048        9     1.1  frontalpole
  723    515   3118  3.886 0.953     0.129     0.027        8     0.8  temporalpole
  626    421   1006  2.465 0.738     0.120     0.029        5     0.7  transversetemporal
 4744   3114   8433  2.725 0.871     0.106     0.028       42     4.6  insula

 mris_anatomical_stats -th3 -mgz -noglobal -cortex ../label/lh.cortex.label -f ../stats/lh.aparc.pial.stats -b -a ../label/lh.aparc.annot -c ../label/aparc.annot.ctab sub-v1s14x0051583_ses-1 lh pial 

computing statistics for each annotation in ../label/lh.aparc.annot.
reading volume /out/sourcedata/freesurfer/sub-v1s14x0051583_ses-1/mri/wm.mgz...
reading input surface /out/sourcedata/freesurfer/sub-v1s14x0051583_ses-1/surf/lh.pial...
reading input pial surface /out/sourcedata/freesurfer/sub-v1s14x0051583_ses-1/surf/lh.pial...
reading input white surface /out/sourcedata/freesurfer/sub-v1s14x0051583_ses-1/surf/lh.white...
INFO: using TH3 volume calc
INFO: assuming MGZ format for volumes.
INFO: not computing global stats
INFO: using ../label/lh.cortex.label as mask to calc cortex NumVert, SurfArea and MeanThickness.
Using TH3 vertex volume calc
Total face volume 285262
Total vertex volume 285051 (mask=0)
Saving annotation colortable ../label/aparc.annot.ctab

table columns are:
    number of vertices
    total surface area (mm^2)
    total gray matter volume (mm^3)
    average cortical thickness +- standard deviation (mm)
    integrated rectified mean curvature
    integrated rectified Gaussian curvature
    folding index
    intrinsic curvature index
    structure name

 1238    739   1811  2.331 0.518     0.097     0.020       16     1.0  bankssts
 1226   1046   2253  2.321 0.837     0.164     0.041       47     2.1  caudalanteriorcingulate
 3951   3348   8209  2.596 0.696     0.122     0.028       76     4.1  caudalmiddlefrontal
 2486   1770   2285  1.428 0.361     0.127     0.035      199     4.5  cuneus
  665    773   1990  3.334 0.903     0.243     0.072       14     2.5  entorhinal
 6482   5339  12483  2.544 0.745     0.140     0.038      147    10.2  fusiform
 8273   6781  15965  2.506 0.755     0.120     0.025      134     9.2  inferiorparietal
 5775   5521  13628  2.703 0.857     0.221     0.043   646694     9.4  inferiortemporal
 2086   1751   3800  2.415 0.889     0.150     0.044       50     3.7  isthmuscingulate
10961   8380  14698  1.905 0.712     0.120     0.032      312    15.0  lateraloccipital
 4995   4143   9994  2.685 0.772     0.142     0.038      127     7.9  lateralorbitofrontal
 6156   4909   7624  1.732 0.611     0.139     0.038      184     9.7  lingual
 3354   2872   5516  2.200 0.592     0.147     0.035       72     5.1  medialorbitofrontal
 5120   5415  13953  2.901 0.753     0.154     0.031       69     7.2  middletemporal
 1231   1027   2401  2.742 0.825     0.143     0.038       14     2.3  parahippocampal
 2902   1945   4012  2.234 0.657     0.098     0.020       24     2.3  paracentral
 2396   1926   4673  2.669 0.583     0.133     0.031       32     3.2  parsopercularis
 1128   1263   2873  2.684 0.735     0.182     0.044       21     2.3  parsorbitalis
 2176   1945   4276  2.453 0.634     0.142     0.027       35     2.7  parstriangularis
 2565   1567   1902  1.252 0.309     0.101     0.024       31     2.7  pericalcarine
 8266   6623  12512  2.116 0.797     0.109     0.021       82     7.5  postcentral
 1901   1602   3517  2.368 0.822     0.159     0.045      100     3.8  posteriorcingulate
 8849   6829  16213  2.578 0.756     0.109     0.024      136     8.7  precentral
 7618   5718  13055  2.400 0.615     0.121     0.028      159     8.5  precuneus
 1699   1630   3738  2.648 0.923     0.196     0.055       59     4.2  rostralanteriorcingulate
10157   9746  21085  2.379 0.675     0.160     0.033      185    15.5  rostralmiddlefrontal
11838   9999  24933  2.728 0.619     0.133     0.031      184    14.9  superiorfrontal
10051   8078  15864  2.157 0.662     0.123     0.027     3012    11.2  superiorparietal
 5699   4953  13152  2.945 0.687     0.136     0.035      128     7.8  superiortemporal
 6685   5440  12516  2.411 0.669     0.128     0.029      116     7.8  supramarginal
  432    701   1561  2.946 0.806     0.255     0.053        7     1.0  frontalpole
  723   1040   3118  3.886 0.953     0.205     0.041        9     1.5  temporalpole
  626    456   1006  2.465 0.738     0.132     0.037        9     1.0  transversetemporal
 4744   3093   8433  2.725 0.871     0.145     0.054      181     9.1  insula
#-----------------------------------------
#@# Parcellation Stats 2 lh Sun Mar  8 23:20:29 CET 2026
/out/sourcedata/freesurfer/sub-v1s14x0051583_ses-1/scripts

 mris_anatomical_stats -th3 -mgz -noglobal -cortex ../label/lh.cortex.label -f ../stats/lh.aparc.a2009s.stats -b -a ../label/lh.aparc.a2009s.annot -c ../label/aparc.annot.a2009s.ctab sub-v1s14x0051583_ses-1 lh white 

computing statistics for each annotation in ../label/lh.aparc.a2009s.annot.
reading volume /out/sourcedata/freesurfer/sub-v1s14x0051583_ses-1/mri/wm.mgz...
reading input surface /out/sourcedata/freesurfer/sub-v1s14x0051583_ses-1/surf/lh.white...
reading input pial surface /out/sourcedata/freesurfer/sub-v1s14x0051583_ses-1/surf/lh.pial...
reading input white surface /out/sourcedata/freesurfer/sub-v1s14x0051583_ses-1/surf/lh.white...
INFO: using TH3 volume calc
INFO: assuming MGZ format for volumes.
INFO: not computing global stats
INFO: using ../label/lh.cortex.label as mask to calc cortex NumVert, SurfArea and MeanThickness.
Using TH3 vertex volume calc
Total face volume 285262
Total vertex volume 285051 (mask=0)
Saving annotation colortable ../label/aparc.annot.a2009s.ctab

table columns are:
    number of vertices
    total surface area (mm^2)
    total gray matter volume (mm^3)
    average cortical thickness +- standard deviation (mm)
    integrated rectified mean curvature
    integrated rectified Gaussian curvature
    folding index
    intrinsic curvature index
    structure name

 1449   1120   3206  2.397 0.720     0.157     0.036       21     2.6  G_and_S_frontomargin
 2629   1800   4709  2.200 0.752     0.134     0.026       30     2.9  G_and_S_occipital_inf
 2318   1277   3667  2.448 0.829     0.101     0.027       20     2.6  G_and_S_paracentral
 2159   1458   4351  2.599 0.603     0.110     0.019       18     1.7  G_and_S_subcentral
  841    627   2315  2.670 0.917     0.156     0.038       14     1.5  G_and_S_transv_frontopol
 2478   1729   5221  2.783 0.602     0.112     0.021       21     2.2  G_and_S_cingul-Ant
 1571   1099   2908  2.535 0.523     0.122     0.022       17     1.4  G_and_S_cingul-Mid-Ant
 1463   1018   2721  2.502 0.600     0.109     0.022       10     1.4  G_and_S_cingul-Mid-Post
  796    573   2076  2.905 0.801     0.144     0.035       11     1.1  G_cingul-Post-dorsal
  387    253    963  2.940 0.850     0.127     0.037        6     0.5  G_cingul-Post-ventral
 2419   1626   2234  1.352 0.357     0.134     0.027       28     2.9  G_cuneus
 1616   1068   3935  2.838 0.559     0.122     0.024       18     1.6  G_front_inf-Opercular
  525    387   1389  2.633 0.597     0.150     0.030        8     0.8  G_front_inf-Orbital
 1043    710   2805  2.848 0.603     0.127     0.026       14     1.0  G_front_inf-Triangul
 5591   3961  14263  2.670 0.725     0.130     0.025       74     5.6  G_front_middle
 8196   5376  19517  2.819 0.672     0.124     0.025       95     8.2  G_front_sup
  751    473   1538  2.996 0.761     0.105     0.031        6     0.7  G_Ins_lg_and_S_cent_ins
 1098    719   2882  3.150 0.895     0.110     0.031       13     1.2  G_insular_short
 3358   2051   6983  2.499 0.852     0.131     0.035       50     4.5  G_occipital_middle
 2153   1349   2429  1.737 0.596     0.135     0.039       29     4.0  G_occipital_sup
 2907   2030   5872  2.493 0.794     0.132     0.027       42     3.3  G_oc-temp_lat-fusifor
 4223   2885   5091  1.588 0.597     0.125     0.026       46     4.6  G_oc-temp_med-Lingual
 1487    883   3367  2.906 0.872     0.094     0.024       14     1.3  G_oc-temp_med-Parahip
 2814   2171   7548  2.645 0.876     0.153     0.038       52     4.8  G_orbital
 2866   1941   6835  2.699 0.849     0.129     0.029       39     3.7  G_pariet_inf-Angular
 3614   2537   8427  2.624 0.725     0.126     0.025       46     3.6  G_pariet_inf-Supramar
 3211   2104   6920  2.448 0.763     0.123     0.022       38     2.9  G_parietal_sup
 3432   1917   5812  2.356 0.814     0.100     0.024       37     3.3  G_postcentral
 3229   1908   7625  2.911 0.750     0.115     0.027       36     3.4  G_precentral
 4166   2788   8804  2.482 0.705     0.123     0.026       46     4.3  G_precuneus
 1574   1153   3027  2.125 0.665     0.145     0.040       28     2.7  G_rectus
  995    650   1026  1.681 0.775     0.120     0.044       15     1.6  G_subcallosal
  460    307    952  2.689 0.710     0.095     0.024        3     0.3  G_temp_sup-G_T_transv
 1915   1303   6672  3.385 0.661     0.112     0.018       23     1.6  G_temp_sup-Lateral
  784    522   1931  3.318 0.735     0.063     0.010        2     0.3  G_temp_sup-Plan_polar
  874    565   1487  2.384 0.652     0.075     0.011        4     0.4  G_temp_sup-Plan_tempo
 3519   2520   8953  2.662 0.940     0.145     0.039       59     5.9  G_temporal_inf
 2395   1892   8984  3.272 0.703     0.141     0.026       42     2.7  G_temporal_middle
  528    340    624  2.126 0.304     0.074     0.011        2     0.2  Lat_Fis-ant-Horizont
  286    190    369  2.226 0.427     0.093     0.014        1     0.2  Lat_Fis-ant-Vertical
  993    670   1100  2.145 0.446     0.111     0.020        8     0.8  Lat_Fis-post
 3067   1965   2931  1.499 0.532     0.143     0.042       49     6.2  Pole_occipital
 1885   1320   7666  3.524 1.002     0.127     0.023       22     1.8  Pole_temporal
 2979   2013   2976  1.670 0.700     0.110     0.020       22     2.7  S_calcarine
 3267   2217   3323  1.715 0.597     0.111     0.022       22     3.3  S_central
 1281    839   1723  2.345 0.454     0.082     0.011        5     0.6  S_cingul-Marginalis
  660    432   1118  3.050 0.570     0.088     0.014        2     0.4  S_circular_insula_ant
 1449    980   2369  2.919 0.614     0.090     0.014        6     0.8  S_circular_insula_inf
 2171   1410   2995  2.686 0.439     0.090     0.013        9     1.3  S_circular_insula_sup
  868    661   1256  2.482 0.402     0.151     0.034       16     1.4  S_collat_transv_ant
  828    558    694  1.617 0.327     0.142     0.030       10     1.1  S_collat_transv_post
 2451   1715   3633  2.062 0.512     0.118     0.022       21     2.2  S_front_inf
 2155   1529   3323  2.225 0.545     0.124     0.022       21     2.2  S_front_middle
 3249   2256   5719  2.489 0.517     0.098     0.016       20     2.2  S_front_sup
   43     39    109  2.625 0.167     0.108     0.009        0     0.0  S_interm_prim-Jensen
 3860   2549   4796  2.095 0.468     0.107     0.017       31     2.9  S_intrapariet_and_P_trans
 1452    939   1542  1.863 0.489     0.111     0.021       10     1.3  S_oc_middle_and_Lunatus
 2076   1383   2523  2.071 0.534     0.121     0.023       19     2.0  S_oc_sup_and_transversal
  852    585   1185  2.130 0.564     0.121     0.029        8     0.9  S_occipital_ant
 1384    976   2464  2.674 0.500     0.112     0.019       11     1.1  S_oc-temp_lat
 2908   1932   4109  2.274 0.605     0.103     0.016       21     2.1  S_oc-temp_med_and_Lingual
  436    314    514  1.851 0.374     0.132     0.034        4     0.6  S_orbital_lateral
 1126    751   1364  2.203 0.573     0.101     0.017        7     0.8  S_orbital_med-olfact
 1856   1258   3554  2.902 0.658     0.108     0.021       15     1.6  S_orbital-H_Shaped
 2368   1576   2896  2.070 0.558     0.109     0.019       16     1.9  S_parieto_occipital
 1780   1135   1396  1.531 0.578     0.114     0.020       25     1.5  S_pericallosal
 4452   2959   5388  1.917 0.466     0.104     0.017       33     3.4  S_postcentral
 1408    904   2117  2.315 0.617     0.089     0.011        7     0.6  S_precentral-inf-part
 1745   1155   2522  2.392 0.473     0.097     0.014        9     1.2  S_precentral-sup-part
  954    638   1233  2.278 0.489     0.088     0.010        5     0.4  S_suborbital
 1602   1110   2414  2.593 0.404     0.116     0.022       11     1.5  S_subparietal
 1917   1312   3124  2.543 0.571     0.110     0.019       12     1.6  S_temporal_inf
 6549   4313  10142  2.448 0.556     0.089     0.013       36     3.8  S_temporal_sup
  263    194    389  2.567 0.771     0.154     0.021        3     0.4  S_temporal_transverse
#-----------------------------------------
#@# Parcellation Stats 3 lh Sun Mar  8 23:20:42 CET 2026
/out/sourcedata/freesurfer/sub-v1s14x0051583_ses-1/scripts

 mris_anatomical_stats -th3 -mgz -noglobal -cortex ../label/lh.cortex.label -f ../stats/lh.aparc.DKTatlas.stats -b -a ../label/lh.aparc.DKTatlas.annot -c ../label/aparc.annot.DKTatlas.ctab sub-v1s14x0051583_ses-1 lh white 

computing statistics for each annotation in ../label/lh.aparc.DKTatlas.annot.
reading volume /out/sourcedata/freesurfer/sub-v1s14x0051583_ses-1/mri/wm.mgz...
reading input surface /out/sourcedata/freesurfer/sub-v1s14x0051583_ses-1/surf/lh.white...
reading input pial surface /out/sourcedata/freesurfer/sub-v1s14x0051583_ses-1/surf/lh.pial...
reading input white surface /out/sourcedata/freesurfer/sub-v1s14x0051583_ses-1/surf/lh.white...
INFO: using TH3 volume calc
INFO: assuming MGZ format for volumes.
INFO: not computing global stats
INFO: using ../label/lh.cortex.label as mask to calc cortex NumVert, SurfArea and MeanThickness.
Using TH3 vertex volume calc
Total face volume 285262
Total vertex volume 285051 (mask=0)
Saving annotation colortable ../label/aparc.annot.DKTatlas.ctab

table columns are:
    number of vertices
    total surface area (mm^2)
    total gray matter volume (mm^3)
    average cortical thickness +- standard deviation (mm)
    integrated rectified mean curvature
    integrated rectified Gaussian curvature
    folding index
    intrinsic curvature index
    structure name

 1990   1353   3670  2.449 0.761     0.126     0.020       26     1.8  caudalanteriorcingulate
 4222   2838   8761  2.596 0.683     0.109     0.017       35     3.2  caudalmiddlefrontal
 3286   2185   3284  1.549 0.498     0.122     0.024       33     3.5  cuneus
  583    367   1698  3.284 0.926     0.096     0.018        3     0.4  entorhinal
 5824   4034  10304  2.464 0.694     0.125     0.025       70     6.1  fusiform
 8138   5442  15726  2.501 0.754     0.115     0.022       85     7.8  inferiorparietal
 6012   4243  14471  2.726 0.877     0.135     0.032       83     8.4  inferiortemporal
 2082   1430   3833  2.453 0.881     0.113     0.024       21     2.1  isthmuscingulate
11118   7133  14808  1.902 0.707     0.133     0.033      145    16.1  lateraloccipital
 5606   4041  11561  2.617 0.833     0.134     0.033       78     7.8  lateralorbitofrontal
 6264   4280   7744  1.720 0.600     0.119     0.023       60     6.5  lingual
 3215   2261   5234  2.113 0.666     0.115     0.029       37     4.0  medialorbitofrontal
 6817   4898  17469  2.854 0.752     0.113     0.019       70     5.6  middletemporal
 1373    831   2646  2.727 0.821     0.088     0.019       13     1.0  parahippocampal
 3411   2061   4828  2.251 0.640     0.105     0.023       27     3.2  paracentral
 2266   1466   4434  2.713 0.552     0.109     0.019       20     1.8  parsopercularis
 1206    862   2669  2.559 0.627     0.113     0.021       11     1.1  parsorbitalis
 2623   1759   4773  2.358 0.659     0.117     0.021       26     2.4  parstriangularis
 2552   1697   1896  1.258 0.313     0.118     0.023       23     2.5  pericalcarine
 9541   6000  14796  2.152 0.784     0.107     0.022       89     8.8  postcentral
 2045   1426   3672  2.369 0.796     0.125     0.026       25     2.3  posteriorcingulate
 8745   5454  15997  2.582 0.755     0.108     0.023       73     8.4  precentral
 7598   5127  13183  2.401 0.612     0.117     0.023       69     7.1  precuneus
 2192   1528   4413  2.578 0.845     0.132     0.029       28     2.8  rostralanteriorcingulate
 7551   5548  16160  2.386 0.676     0.135     0.027       97     8.7  rostralmiddlefrontal
12859   8704  27622  2.698 0.649     0.117     0.022      126    11.8  superiorfrontal
 7742   5049  12140  2.155 0.650     0.118     0.024       79     8.0  superiorparietal
 7286   4875  17337  2.946 0.799     0.096     0.016       54     5.0  superiortemporal
 6145   4247  11737  2.426 0.687     0.113     0.020       60     5.2  supramarginal
  614    415    993  2.471 0.735     0.122     0.029        5     0.7  transversetemporal
 3548   2311   7192  3.038 0.700     0.095     0.020       23     2.7  insula
/out/sourcedata/freesurfer/sub-v1s14x0051583_ses-1/label
#--------------------------------------------
#@# BA_exvivo Labels lh Sun Mar  8 23:20:54 CET 2026

 mri_label2label --srcsubject fsaverage --srclabel /out/sourcedata/freesurfer/fsaverage/label/lh.BA1_exvivo.label --trgsubject sub-v1s14x0051583_ses-1 --trglabel ./lh.BA1_exvivo.label --hemi lh --regmethod surface 


srclabel = /out/sourcedata/freesurfer/fsaverage/label/lh.BA1_exvivo.label
srcsubject = fsaverage
trgsubject = sub-v1s14x0051583_ses-1
trglabel = ./lh.BA1_exvivo.label
regmethod = surface

srchemi = lh
trghemi = lh
trgsurface = white
srcsurfreg = sphere.reg
trgsurfreg = sphere.reg
usehash = 1
Use ProjAbs  = 0, 0
Use ProjFrac = 0, 0
DoPaint 0

SUBJECTS_DIR    /out/sourcedata/freesurfer
FREESURFER_HOME /opt/freesurfer
Loading source label.
Found 4129 points in source label.
Starting surface-based mapping
Reading source registration 
 /out/sourcedata/freesurfer/fsaverage/surf/lh.sphere.reg
Rescaling ...  original radius = 100
Reading target surface 
 /out/sourcedata/freesurfer/sub-v1s14x0051583_ses-1/surf/lh.white
Reading target registration 
 /out/sourcedata/freesurfer/sub-v1s14x0051583_ses-1/surf/lh.sphere.reg
Rescaling ...  original radius = 100
Building target registration hash (res=16).
Building source registration hash (res=16).
INFO: found  4129 nlabel points
Performing mapping from target back to the source label 163681
Number of reverse mapping hits = 995
Checking for and removing duplicates
Writing label file ./lh.BA1_exvivo.label 5124
mri_label2label: Done


 mri_label2label --srcsubject fsaverage --srclabel /out/sourcedata/freesurfer/fsaverage/label/lh.BA2_exvivo.label --trgsubject sub-v1s14x0051583_ses-1 --trglabel ./lh.BA2_exvivo.label --hemi lh --regmethod surface 


srclabel = /out/sourcedata/freesurfer/fsaverage/label/lh.BA2_exvivo.label
srcsubject = fsaverage
trgsubject = sub-v1s14x0051583_ses-1
trglabel = ./lh.BA2_exvivo.label
regmethod = surface

srchemi = lh
trghemi = lh
trgsurface = white
srcsurfreg = sphere.reg
trgsurfreg = sphere.reg
usehash = 1
Use ProjAbs  = 0, 0
Use ProjFrac = 0, 0
DoPaint 0

SUBJECTS_DIR    /out/sourcedata/freesurfer
FREESURFER_HOME /opt/freesurfer
Loading source label.
Found 7909 points in source label.
Starting surface-based mapping
Reading source registration 
 /out/sourcedata/freesurfer/fsaverage/surf/lh.sphere.reg
Rescaling ...  original radius = 100
Reading target surface 
 /out/sourcedata/freesurfer/sub-v1s14x0051583_ses-1/surf/lh.white
Reading target registration 
 /out/sourcedata/freesurfer/sub-v1s14x0051583_ses-1/surf/lh.sphere.reg
Rescaling ...  original radius = 100
Building target registration hash (res=16).
Building source registration hash (res=16).
INFO: found  7909 nlabel points
Performing mapping from target back to the source label 163681
Number of reverse mapping hits = 1539
Checking for and removing duplicates
Writing label file ./lh.BA2_exvivo.label 9448
mri_label2label: Done


 mri_label2label --srcsubject fsaverage --srclabel /out/sourcedata/freesurfer/fsaverage/label/lh.BA3a_exvivo.label --trgsubject sub-v1s14x0051583_ses-1 --trglabel ./lh.BA3a_exvivo.label --hemi lh --regmethod surface 


srclabel = /out/sourcedata/freesurfer/fsaverage/label/lh.BA3a_exvivo.label
srcsubject = fsaverage
trgsubject = sub-v1s14x0051583_ses-1
trglabel = ./lh.BA3a_exvivo.label
regmethod = surface

srchemi = lh
trghemi = lh
trgsurface = white
srcsurfreg = sphere.reg
trgsurfreg = sphere.reg
usehash = 1
Use ProjAbs  = 0, 0
Use ProjFrac = 0, 0
DoPaint 0

SUBJECTS_DIR    /out/sourcedata/freesurfer
FREESURFER_HOME /opt/freesurfer
Loading source label.
Found 4077 points in source label.
Starting surface-based mapping
Reading source registration 
 /out/sourcedata/freesurfer/fsaverage/surf/lh.sphere.reg
Rescaling ...  original radius = 100
Reading target surface 
 /out/sourcedata/freesurfer/sub-v1s14x0051583_ses-1/surf/lh.white
Reading target registration 
 /out/sourcedata/freesurfer/sub-v1s14x0051583_ses-1/surf/lh.sphere.reg
Rescaling ...  original radius = 100
Building target registration hash (res=16).
Building source registration hash (res=16).
INFO: found  4077 nlabel points
Performing mapping from target back to the source label 163681
Number of reverse mapping hits = 89
Checking for and removing duplicates
Writing label file ./lh.BA3a_exvivo.label 4166
mri_label2label: Done


 mri_label2label --srcsubject fsaverage --srclabel /out/sourcedata/freesurfer/fsaverage/label/lh.BA3b_exvivo.label --trgsubject sub-v1s14x0051583_ses-1 --trglabel ./lh.BA3b_exvivo.label --hemi lh --regmethod surface 


srclabel = /out/sourcedata/freesurfer/fsaverage/label/lh.BA3b_exvivo.label
srcsubject = fsaverage
trgsubject = sub-v1s14x0051583_ses-1
trglabel = ./lh.BA3b_exvivo.label
regmethod = surface

srchemi = lh
trghemi = lh
trgsurface = white
srcsurfreg = sphere.reg
trgsurfreg = sphere.reg
usehash = 1
Use ProjAbs  = 0, 0
Use ProjFrac = 0, 0
DoPaint 0

SUBJECTS_DIR    /out/sourcedata/freesurfer
FREESURFER_HOME /opt/freesurfer
Loading source label.
Found 5983 points in source label.
Starting surface-based mapping
Reading source registration 
 /out/sourcedata/freesurfer/fsaverage/surf/lh.sphere.reg
Rescaling ...  original radius = 100
Reading target surface 
 /out/sourcedata/freesurfer/sub-v1s14x0051583_ses-1/surf/lh.white
Reading target registration 
 /out/sourcedata/freesurfer/sub-v1s14x0051583_ses-1/surf/lh.sphere.reg
Rescaling ...  original radius = 100
Building target registration hash (res=16).
Building source registration hash (res=16).
INFO: found  5983 nlabel points
Performing mapping from target back to the source label 163681
Number of reverse mapping hits = 675
Checking for and removing duplicates
Writing label file ./lh.BA3b_exvivo.label 6658
mri_label2label: Done


 mri_label2label --srcsubject fsaverage --srclabel /out/sourcedata/freesurfer/fsaverage/label/lh.BA4a_exvivo.label --trgsubject sub-v1s14x0051583_ses-1 --trglabel ./lh.BA4a_exvivo.label --hemi lh --regmethod surface 


srclabel = /out/sourcedata/freesurfer/fsaverage/label/lh.BA4a_exvivo.label
srcsubject = fsaverage
trgsubject = sub-v1s14x0051583_ses-1
trglabel = ./lh.BA4a_exvivo.label
regmethod = surface

srchemi = lh
trghemi = lh
trgsurface = white
srcsurfreg = sphere.reg
trgsurfreg = sphere.reg
usehash = 1
Use ProjAbs  = 0, 0
Use ProjFrac = 0, 0
DoPaint 0

SUBJECTS_DIR    /out/sourcedata/freesurfer
FREESURFER_HOME /opt/freesurfer
Loading source label.
Found 5784 points in source label.
Starting surface-based mapping
Reading source registration 
 /out/sourcedata/freesurfer/fsaverage/surf/lh.sphere.reg
Rescaling ...  original radius = 100
Reading target surface 
 /out/sourcedata/freesurfer/sub-v1s14x0051583_ses-1/surf/lh.white
Reading target registration 
 /out/sourcedata/freesurfer/sub-v1s14x0051583_ses-1/surf/lh.sphere.reg
Rescaling ...  original radius = 100
Building target registration hash (res=16).
Building source registration hash (res=16).
INFO: found  5784 nlabel points
Performing mapping from target back to the source label 163681
Number of reverse mapping hits = 931
Checking for and removing duplicates
Writing label file ./lh.BA4a_exvivo.label 6715
mri_label2label: Done


 mri_label2label --srcsubject fsaverage --srclabel /out/sourcedata/freesurfer/fsaverage/label/lh.BA4p_exvivo.label --trgsubject sub-v1s14x0051583_ses-1 --trglabel ./lh.BA4p_exvivo.label --hemi lh --regmethod surface 


srclabel = /out/sourcedata/freesurfer/fsaverage/label/lh.BA4p_exvivo.label
srcsubject = fsaverage
trgsubject = sub-v1s14x0051583_ses-1
trglabel = ./lh.BA4p_exvivo.label
regmethod = surface

srchemi = lh
trghemi = lh
trgsurface = white
srcsurfreg = sphere.reg
trgsurfreg = sphere.reg
usehash = 1
Use ProjAbs  = 0, 0
Use ProjFrac = 0, 0
DoPaint 0

SUBJECTS_DIR    /out/sourcedata/freesurfer
FREESURFER_HOME /opt/freesurfer
Loading source label.
Found 4070 points in source label.
Starting surface-based mapping
Reading source registration 
 /out/sourcedata/freesurfer/fsaverage/surf/lh.sphere.reg
Rescaling ...  original radius = 100
Reading target surface 
 /out/sourcedata/freesurfer/sub-v1s14x0051583_ses-1/surf/lh.white
Reading target registration 
 /out/sourcedata/freesurfer/sub-v1s14x0051583_ses-1/surf/lh.sphere.reg
Rescaling ...  original radius = 100
Building target registration hash (res=16).
Building source registration hash (res=16).
INFO: found  4070 nlabel points
Performing mapping from target back to the source label 163681
Number of reverse mapping hits = 300
Checking for and removing duplicates
Writing label file ./lh.BA4p_exvivo.label 4370
mri_label2label: Done


 mri_label2label --srcsubject fsaverage --srclabel /out/sourcedata/freesurfer/fsaverage/label/lh.BA6_exvivo.label --trgsubject sub-v1s14x0051583_ses-1 --trglabel ./lh.BA6_exvivo.label --hemi lh --regmethod surface 


srclabel = /out/sourcedata/freesurfer/fsaverage/label/lh.BA6_exvivo.label
srcsubject = fsaverage
trgsubject = sub-v1s14x0051583_ses-1
trglabel = ./lh.BA6_exvivo.label
regmethod = surface

srchemi = lh
trghemi = lh
trgsurface = white
srcsurfreg = sphere.reg
trgsurfreg = sphere.reg
usehash = 1
Use ProjAbs  = 0, 0
Use ProjFrac = 0, 0
DoPaint 0

SUBJECTS_DIR    /out/sourcedata/freesurfer
FREESURFER_HOME /opt/freesurfer
Loading source label.
Found 13589 points in source label.
Starting surface-based mapping
Reading source registration 
 /out/sourcedata/freesurfer/fsaverage/surf/lh.sphere.reg
Rescaling ...  original radius = 100
Reading target surface 
 /out/sourcedata/freesurfer/sub-v1s14x0051583_ses-1/surf/lh.white
Reading target registration 
 /out/sourcedata/freesurfer/sub-v1s14x0051583_ses-1/surf/lh.sphere.reg
Rescaling ...  original radius = 100
Building target registration hash (res=16).
Building source registration hash (res=16).
INFO: found  13589 nlabel points
Performing mapping from target back to the source label 163681
Number of reverse mapping hits = 1453
Checking for and removing duplicates
Writing label file ./lh.BA6_exvivo.label 15042
mri_label2label: Done


 mri_label2label --srcsubject fsaverage --srclabel /out/sourcedata/freesurfer/fsaverage/label/lh.BA44_exvivo.label --trgsubject sub-v1s14x0051583_ses-1 --trglabel ./lh.BA44_exvivo.label --hemi lh --regmethod surface 


srclabel = /out/sourcedata/freesurfer/fsaverage/label/lh.BA44_exvivo.label
srcsubject = fsaverage
trgsubject = sub-v1s14x0051583_ses-1
trglabel = ./lh.BA44_exvivo.label
regmethod = surface

srchemi = lh
trghemi = lh
trgsurface = white
srcsurfreg = sphere.reg
trgsurfreg = sphere.reg
usehash = 1
Use ProjAbs  = 0, 0
Use ProjFrac = 0, 0
DoPaint 0

SUBJECTS_DIR    /out/sourcedata/freesurfer
FREESURFER_HOME /opt/freesurfer
Loading source label.
Found 4181 points in source label.
Starting surface-based mapping
Reading source registration 
 /out/sourcedata/freesurfer/fsaverage/surf/lh.sphere.reg
Rescaling ...  original radius = 100
Reading target surface 
 /out/sourcedata/freesurfer/sub-v1s14x0051583_ses-1/surf/lh.white
Reading target registration 
 /out/sourcedata/freesurfer/sub-v1s14x0051583_ses-1/surf/lh.sphere.reg
Rescaling ...  original radius = 100
Building target registration hash (res=16).
Building source registration hash (res=16).
INFO: found  4181 nlabel points
Performing mapping from target back to the source label 163681
Number of reverse mapping hits = 267
Checking for and removing duplicates
Writing label file ./lh.BA44_exvivo.label 4448
mri_label2label: Done


 mri_label2label --srcsubject fsaverage --srclabel /out/sourcedata/freesurfer/fsaverage/label/lh.BA45_exvivo.label --trgsubject sub-v1s14x0051583_ses-1 --trglabel ./lh.BA45_exvivo.label --hemi lh --regmethod surface 


srclabel = /out/sourcedata/freesurfer/fsaverage/label/lh.BA45_exvivo.label
srcsubject = fsaverage
trgsubject = sub-v1s14x0051583_ses-1
trglabel = ./lh.BA45_exvivo.label
regmethod = surface

srchemi = lh
trghemi = lh
trgsurface = white
srcsurfreg = sphere.reg
trgsurfreg = sphere.reg
usehash = 1
Use ProjAbs  = 0, 0
Use ProjFrac = 0, 0
DoPaint 0

SUBJECTS_DIR    /out/sourcedata/freesurfer
FREESURFER_HOME /opt/freesurfer
Loading source label.
Found 3422 points in source label.
Starting surface-based mapping
Reading source registration 
 /out/sourcedata/freesurfer/fsaverage/surf/lh.sphere.reg
Rescaling ...  original radius = 100
Reading target surface 
 /out/sourcedata/freesurfer/sub-v1s14x0051583_ses-1/surf/lh.white
Reading target registration 
 /out/sourcedata/freesurfer/sub-v1s14x0051583_ses-1/surf/lh.sphere.reg
Rescaling ...  original radius = 100
Building target registration hash (res=16).
Building source registration hash (res=16).
INFO: found  3422 nlabel points
Performing mapping from target back to the source label 163681
Number of reverse mapping hits = 689
Checking for and removing duplicates
Writing label file ./lh.BA45_exvivo.label 4111
mri_label2label: Done


 mri_label2label --srcsubject fsaverage --srclabel /out/sourcedata/freesurfer/fsaverage/label/lh.V1_exvivo.label --trgsubject sub-v1s14x0051583_ses-1 --trglabel ./lh.V1_exvivo.label --hemi lh --regmethod surface 


srclabel = /out/sourcedata/freesurfer/fsaverage/label/lh.V1_exvivo.label
srcsubject = fsaverage
trgsubject = sub-v1s14x0051583_ses-1
trglabel = ./lh.V1_exvivo.label
regmethod = surface

srchemi = lh
trghemi = lh
trgsurface = white
srcsurfreg = sphere.reg
trgsurfreg = sphere.reg
usehash = 1
Use ProjAbs  = 0, 0
Use ProjFrac = 0, 0
DoPaint 0

SUBJECTS_DIR    /out/sourcedata/freesurfer
FREESURFER_HOME /opt/freesurfer
Loading source label.
Found 4641 points in source label.
Starting surface-based mapping
Reading source registration 
 /out/sourcedata/freesurfer/fsaverage/surf/lh.sphere.reg
Rescaling ...  original radius = 100
Reading target surface 
 /out/sourcedata/freesurfer/sub-v1s14x0051583_ses-1/surf/lh.white
Reading target registration 
 /out/sourcedata/freesurfer/sub-v1s14x0051583_ses-1/surf/lh.sphere.reg
Rescaling ...  original radius = 100
Building target registration hash (res=16).
Building source registration hash (res=16).
INFO: found  4641 nlabel points
Performing mapping from target back to the source label 163681
Number of reverse mapping hits = 2429
Checking for and removing duplicates
Writing label file ./lh.V1_exvivo.label 7070
mri_label2label: Done


 mri_label2label --srcsubject fsaverage --srclabel /out/sourcedata/freesurfer/fsaverage/label/lh.V2_exvivo.label --trgsubject sub-v1s14x0051583_ses-1 --trglabel ./lh.V2_exvivo.label --hemi lh --regmethod surface 


srclabel = /out/sourcedata/freesurfer/fsaverage/label/lh.V2_exvivo.label
srcsubject = fsaverage
trgsubject = sub-v1s14x0051583_ses-1
trglabel = ./lh.V2_exvivo.label
regmethod = surface

srchemi = lh
trghemi = lh
trgsurface = white
srcsurfreg = sphere.reg
trgsurfreg = sphere.reg
usehash = 1
Use ProjAbs  = 0, 0
Use ProjFrac = 0, 0
DoPaint 0

SUBJECTS_DIR    /out/sourcedata/freesurfer
FREESURFER_HOME /opt/freesurfer
Loading source label.
Found 8114 points in source label.
Starting surface-based mapping
Reading source registration 
 /out/sourcedata/freesurfer/fsaverage/surf/lh.sphere.reg
Rescaling ...  original radius = 100
Reading target surface 
 /out/sourcedata/freesurfer/sub-v1s14x0051583_ses-1/surf/lh.white
Reading target registration 
 /out/sourcedata/freesurfer/sub-v1s14x0051583_ses-1/surf/lh.sphere.reg
Rescaling ...  original radius = 100
Building target registration hash (res=16).
Building source registration hash (res=16).
INFO: found  8114 nlabel points
Performing mapping from target back to the source label 163681
Number of reverse mapping hits = 5025
Checking for and removing duplicates
Writing label file ./lh.V2_exvivo.label 13139
mri_label2label: Done


 mri_label2label --srcsubject fsaverage --srclabel /out/sourcedata/freesurfer/fsaverage/label/lh.MT_exvivo.label --trgsubject sub-v1s14x0051583_ses-1 --trglabel ./lh.MT_exvivo.label --hemi lh --regmethod surface 


srclabel = /out/sourcedata/freesurfer/fsaverage/label/lh.MT_exvivo.label
srcsubject = fsaverage
trgsubject = sub-v1s14x0051583_ses-1
trglabel = ./lh.MT_exvivo.label
regmethod = surface

srchemi = lh
trghemi = lh
trgsurface = white
srcsurfreg = sphere.reg
trgsurfreg = sphere.reg
usehash = 1
Use ProjAbs  = 0, 0
Use ProjFrac = 0, 0
DoPaint 0

SUBJECTS_DIR    /out/sourcedata/freesurfer
FREESURFER_HOME /opt/freesurfer
Loading source label.
Found 2018 points in source label.
Starting surface-based mapping
Reading source registration 
 /out/sourcedata/freesurfer/fsaverage/surf/lh.sphere.reg
Rescaling ...  original radius = 100
Reading target surface 
 /out/sourcedata/freesurfer/sub-v1s14x0051583_ses-1/surf/lh.white
Reading target registration 
 /out/sourcedata/freesurfer/sub-v1s14x0051583_ses-1/surf/lh.sphere.reg
Rescaling ...  original radius = 100
Building target registration hash (res=16).
Building source registration hash (res=16).
INFO: found  2018 nlabel points
Performing mapping from target back to the source label 163681
Number of reverse mapping hits = 875
Checking for and removing duplicates
Writing label file ./lh.MT_exvivo.label 2893
mri_label2label: Done


 mri_label2label --srcsubject fsaverage --srclabel /out/sourcedata/freesurfer/fsaverage/label/lh.entorhinal_exvivo.label --trgsubject sub-v1s14x0051583_ses-1 --trglabel ./lh.entorhinal_exvivo.label --hemi lh --regmethod surface 


srclabel = /out/sourcedata/freesurfer/fsaverage/label/lh.entorhinal_exvivo.label
srcsubject = fsaverage
trgsubject = sub-v1s14x0051583_ses-1
trglabel = ./lh.entorhinal_exvivo.label
regmethod = surface

srchemi = lh
trghemi = lh
trgsurface = white
srcsurfreg = sphere.reg
trgsurfreg = sphere.reg
usehash = 1
Use ProjAbs  = 0, 0
Use ProjFrac = 0, 0
DoPaint 0

SUBJECTS_DIR    /out/sourcedata/freesurfer
FREESURFER_HOME /opt/freesurfer
Loading source label.
Found 1290 points in source label.
Starting surface-based mapping
Reading source registration 
 /out/sourcedata/freesurfer/fsaverage/surf/lh.sphere.reg
Rescaling ...  original radius = 100
Reading target surface 
 /out/sourcedata/freesurfer/sub-v1s14x0051583_ses-1/surf/lh.white
Reading target registration 
 /out/sourcedata/freesurfer/sub-v1s14x0051583_ses-1/surf/lh.sphere.reg
Rescaling ...  original radius = 100
Building target registration hash (res=16).
Building source registration hash (res=16).
INFO: found  1290 nlabel points
Performing mapping from target back to the source label 163681
Number of reverse mapping hits = 85
Checking for and removing duplicates
Writing label file ./lh.entorhinal_exvivo.label 1375
mri_label2label: Done


 mri_label2label --srcsubject fsaverage --srclabel /out/sourcedata/freesurfer/fsaverage/label/lh.perirhinal_exvivo.label --trgsubject sub-v1s14x0051583_ses-1 --trglabel ./lh.perirhinal_exvivo.label --hemi lh --regmethod surface 


srclabel = /out/sourcedata/freesurfer/fsaverage/label/lh.perirhinal_exvivo.label
srcsubject = fsaverage
trgsubject = sub-v1s14x0051583_ses-1
trglabel = ./lh.perirhinal_exvivo.label
regmethod = surface

srchemi = lh
trghemi = lh
trgsurface = white
srcsurfreg = sphere.reg
trgsurfreg = sphere.reg
usehash = 1
Use ProjAbs  = 0, 0
Use ProjFrac = 0, 0
DoPaint 0

SUBJECTS_DIR    /out/sourcedata/freesurfer
FREESURFER_HOME /opt/freesurfer
Loading source label.
Found 1199 points in source label.
Starting surface-based mapping
Reading source registration 
 /out/sourcedata/freesurfer/fsaverage/surf/lh.sphere.reg
Rescaling ...  original radius = 100
Reading target surface 
 /out/sourcedata/freesurfer/sub-v1s14x0051583_ses-1/surf/lh.white
Reading target registration 
 /out/sourcedata/freesurfer/sub-v1s14x0051583_ses-1/surf/lh.sphere.reg
Rescaling ...  original radius = 100
Building target registration hash (res=16).
Building source registration hash (res=16).
INFO: found  1199 nlabel points
Performing mapping from target back to the source label 163681
Number of reverse mapping hits = 50
Checking for and removing duplicates
Writing label file ./lh.perirhinal_exvivo.label 1249
mri_label2label: Done


 mri_label2label --srcsubject fsaverage --srclabel /out/sourcedata/freesurfer/fsaverage/label/lh.FG1.mpm.vpnl.label --trgsubject sub-v1s14x0051583_ses-1 --trglabel ./lh.FG1.mpm.vpnl.label --hemi lh --regmethod surface 


srclabel = /out/sourcedata/freesurfer/fsaverage/label/lh.FG1.mpm.vpnl.label
srcsubject = fsaverage
trgsubject = sub-v1s14x0051583_ses-1
trglabel = ./lh.FG1.mpm.vpnl.label
regmethod = surface

srchemi = lh
trghemi = lh
trgsurface = white
srcsurfreg = sphere.reg
trgsurfreg = sphere.reg
usehash = 1
Use ProjAbs  = 0, 0
Use ProjFrac = 0, 0
DoPaint 0

SUBJECTS_DIR    /out/sourcedata/freesurfer
FREESURFER_HOME /opt/freesurfer
Loading source label.
Found 414 points in source label.
Starting surface-based mapping
Reading source registration 
 /out/sourcedata/freesurfer/fsaverage/surf/lh.sphere.reg
Rescaling ...  original radius = 100
Reading target surface 
 /out/sourcedata/freesurfer/sub-v1s14x0051583_ses-1/surf/lh.white
Reading target registration 
 /out/sourcedata/freesurfer/sub-v1s14x0051583_ses-1/surf/lh.sphere.reg
Rescaling ...  original radius = 100
Building target registration hash (res=16).
Building source registration hash (res=16).
INFO: found  414 nlabel points
Performing mapping from target back to the source label 163681
Number of reverse mapping hits = 349
Checking for and removing duplicates
Writing label file ./lh.FG1.mpm.vpnl.label 763
mri_label2label: Done


 mri_label2label --srcsubject fsaverage --srclabel /out/sourcedata/freesurfer/fsaverage/label/lh.FG2.mpm.vpnl.label --trgsubject sub-v1s14x0051583_ses-1 --trglabel ./lh.FG2.mpm.vpnl.label --hemi lh --regmethod surface 


srclabel = /out/sourcedata/freesurfer/fsaverage/label/lh.FG2.mpm.vpnl.label
srcsubject = fsaverage
trgsubject = sub-v1s14x0051583_ses-1
trglabel = ./lh.FG2.mpm.vpnl.label
regmethod = surface

srchemi = lh
trghemi = lh
trgsurface = white
srcsurfreg = sphere.reg
trgsurfreg = sphere.reg
usehash = 1
Use ProjAbs  = 0, 0
Use ProjFrac = 0, 0
DoPaint 0

SUBJECTS_DIR    /out/sourcedata/freesurfer
FREESURFER_HOME /opt/freesurfer
Loading source label.
Found 703 points in source label.
Starting surface-based mapping
Reading source registration 
 /out/sourcedata/freesurfer/fsaverage/surf/lh.sphere.reg
Rescaling ...  original radius = 100
Reading target surface 
 /out/sourcedata/freesurfer/sub-v1s14x0051583_ses-1/surf/lh.white
Reading target registration 
 /out/sourcedata/freesurfer/sub-v1s14x0051583_ses-1/surf/lh.sphere.reg
Rescaling ...  original radius = 100
Building target registration hash (res=16).
Building source registration hash (res=16).
INFO: found  703 nlabel points
Performing mapping from target back to the source label 163681
Number of reverse mapping hits = 499
Checking for and removing duplicates
Writing label file ./lh.FG2.mpm.vpnl.label 1202
mri_label2label: Done


 mri_label2label --srcsubject fsaverage --srclabel /out/sourcedata/freesurfer/fsaverage/label/lh.FG3.mpm.vpnl.label --trgsubject sub-v1s14x0051583_ses-1 --trglabel ./lh.FG3.mpm.vpnl.label --hemi lh --regmethod surface 


srclabel = /out/sourcedata/freesurfer/fsaverage/label/lh.FG3.mpm.vpnl.label
srcsubject = fsaverage
trgsubject = sub-v1s14x0051583_ses-1
trglabel = ./lh.FG3.mpm.vpnl.label
regmethod = surface

srchemi = lh
trghemi = lh
trgsurface = white
srcsurfreg = sphere.reg
trgsurfreg = sphere.reg
usehash = 1
Use ProjAbs  = 0, 0
Use ProjFrac = 0, 0
DoPaint 0

SUBJECTS_DIR    /out/sourcedata/freesurfer
FREESURFER_HOME /opt/freesurfer
Loading source label.
Found 1873 points in source label.
Starting surface-based mapping
Reading source registration 
 /out/sourcedata/freesurfer/fsaverage/surf/lh.sphere.reg
Rescaling ...  original radius = 100
Reading target surface 
 /out/sourcedata/freesurfer/sub-v1s14x0051583_ses-1/surf/lh.white
Reading target registration 
 /out/sourcedata/freesurfer/sub-v1s14x0051583_ses-1/surf/lh.sphere.reg
Rescaling ...  original radius = 100
Building target registration hash (res=16).
Building source registration hash (res=16).
INFO: found  1873 nlabel points
Performing mapping from target back to the source label 163681
Number of reverse mapping hits = 552
Checking for and removing duplicates
Writing label file ./lh.FG3.mpm.vpnl.label 2425
mri_label2label: Done


 mri_label2label --srcsubject fsaverage --srclabel /out/sourcedata/freesurfer/fsaverage/label/lh.FG4.mpm.vpnl.label --trgsubject sub-v1s14x0051583_ses-1 --trglabel ./lh.FG4.mpm.vpnl.label --hemi lh --regmethod surface 


srclabel = /out/sourcedata/freesurfer/fsaverage/label/lh.FG4.mpm.vpnl.label
srcsubject = fsaverage
trgsubject = sub-v1s14x0051583_ses-1
trglabel = ./lh.FG4.mpm.vpnl.label
regmethod = surface

srchemi = lh
trghemi = lh
trgsurface = white
srcsurfreg = sphere.reg
trgsurfreg = sphere.reg
usehash = 1
Use ProjAbs  = 0, 0
Use ProjFrac = 0, 0
DoPaint 0

SUBJECTS_DIR    /out/sourcedata/freesurfer
FREESURFER_HOME /opt/freesurfer
Loading source label.
Found 2101 points in source label.
Starting surface-based mapping
Reading source registration 
 /out/sourcedata/freesurfer/fsaverage/surf/lh.sphere.reg
Rescaling ...  original radius = 100
Reading target surface 
 /out/sourcedata/freesurfer/sub-v1s14x0051583_ses-1/surf/lh.white
Reading target registration 
 /out/sourcedata/freesurfer/sub-v1s14x0051583_ses-1/surf/lh.sphere.reg
Rescaling ...  original radius = 100
Building target registration hash (res=16).
Building source registration hash (res=16).
INFO: found  2101 nlabel points
Performing mapping from target back to the source label 163681
Number of reverse mapping hits = 1001
Checking for and removing duplicates
Writing label file ./lh.FG4.mpm.vpnl.label 3102
mri_label2label: Done


 mri_label2label --srcsubject fsaverage --srclabel /out/sourcedata/freesurfer/fsaverage/label/lh.hOc1.mpm.vpnl.label --trgsubject sub-v1s14x0051583_ses-1 --trglabel ./lh.hOc1.mpm.vpnl.label --hemi lh --regmethod surface 


srclabel = /out/sourcedata/freesurfer/fsaverage/label/lh.hOc1.mpm.vpnl.label
srcsubject = fsaverage
trgsubject = sub-v1s14x0051583_ses-1
trglabel = ./lh.hOc1.mpm.vpnl.label
regmethod = surface

srchemi = lh
trghemi = lh
trgsurface = white
srcsurfreg = sphere.reg
trgsurfreg = sphere.reg
usehash = 1
Use ProjAbs  = 0, 0
Use ProjFrac = 0, 0
DoPaint 0

SUBJECTS_DIR    /out/sourcedata/freesurfer
FREESURFER_HOME /opt/freesurfer
Loading source label.
Found 3877 points in source label.
Starting surface-based mapping
Reading source registration 
 /out/sourcedata/freesurfer/fsaverage/surf/lh.sphere.reg
Rescaling ...  original radius = 100
Reading target surface 
 /out/sourcedata/freesurfer/sub-v1s14x0051583_ses-1/surf/lh.white
Reading target registration 
 /out/sourcedata/freesurfer/sub-v1s14x0051583_ses-1/surf/lh.sphere.reg
Rescaling ...  original radius = 100
Building target registration hash (res=16).
Building source registration hash (res=16).
INFO: found  3877 nlabel points
Performing mapping from target back to the source label 163681
Number of reverse mapping hits = 1883
Checking for and removing duplicates
Writing label file ./lh.hOc1.mpm.vpnl.label 5760
mri_label2label: Done


 mri_label2label --srcsubject fsaverage --srclabel /out/sourcedata/freesurfer/fsaverage/label/lh.hOc2.mpm.vpnl.label --trgsubject sub-v1s14x0051583_ses-1 --trglabel ./lh.hOc2.mpm.vpnl.label --hemi lh --regmethod surface 


srclabel = /out/sourcedata/freesurfer/fsaverage/label/lh.hOc2.mpm.vpnl.label
srcsubject = fsaverage
trgsubject = sub-v1s14x0051583_ses-1
trglabel = ./lh.hOc2.mpm.vpnl.label
regmethod = surface

srchemi = lh
trghemi = lh
trgsurface = white
srcsurfreg = sphere.reg
trgsurfreg = sphere.reg
usehash = 1
Use ProjAbs  = 0, 0
Use ProjFrac = 0, 0
DoPaint 0

SUBJECTS_DIR    /out/sourcedata/freesurfer
FREESURFER_HOME /opt/freesurfer
Loading source label.
Found 2919 points in source label.
Starting surface-based mapping
Reading source registration 
 /out/sourcedata/freesurfer/fsaverage/surf/lh.sphere.reg
Rescaling ...  original radius = 100
Reading target surface 
 /out/sourcedata/freesurfer/sub-v1s14x0051583_ses-1/surf/lh.white
Reading target registration 
 /out/sourcedata/freesurfer/sub-v1s14x0051583_ses-1/surf/lh.sphere.reg
Rescaling ...  original radius = 100
Building target registration hash (res=16).
Building source registration hash (res=16).
INFO: found  2919 nlabel points
Performing mapping from target back to the source label 163681
Number of reverse mapping hits = 1869
Checking for and removing duplicates
Writing label file ./lh.hOc2.mpm.vpnl.label 4788
mri_label2label: Done


 mri_label2label --srcsubject fsaverage --srclabel /out/sourcedata/freesurfer/fsaverage/label/lh.hOc3v.mpm.vpnl.label --trgsubject sub-v1s14x0051583_ses-1 --trglabel ./lh.hOc3v.mpm.vpnl.label --hemi lh --regmethod surface 


srclabel = /out/sourcedata/freesurfer/fsaverage/label/lh.hOc3v.mpm.vpnl.label
srcsubject = fsaverage
trgsubject = sub-v1s14x0051583_ses-1
trglabel = ./lh.hOc3v.mpm.vpnl.label
regmethod = surface

srchemi = lh
trghemi = lh
trgsurface = white
srcsurfreg = sphere.reg
trgsurfreg = sphere.reg
usehash = 1
Use ProjAbs  = 0, 0
Use ProjFrac = 0, 0
DoPaint 0

SUBJECTS_DIR    /out/sourcedata/freesurfer
FREESURFER_HOME /opt/freesurfer
Loading source label.
Found 1286 points in source label.
Starting surface-based mapping
Reading source registration 
 /out/sourcedata/freesurfer/fsaverage/surf/lh.sphere.reg
Rescaling ...  original radius = 100
Reading target surface 
 /out/sourcedata/freesurfer/sub-v1s14x0051583_ses-1/surf/lh.white
Reading target registration 
 /out/sourcedata/freesurfer/sub-v1s14x0051583_ses-1/surf/lh.sphere.reg
Rescaling ...  original radius = 100
Building target registration hash (res=16).
Building source registration hash (res=16).
INFO: found  1286 nlabel points
Performing mapping from target back to the source label 163681
Number of reverse mapping hits = 1275
Checking for and removing duplicates
Writing label file ./lh.hOc3v.mpm.vpnl.label 2561
mri_label2label: Done


 mri_label2label --srcsubject fsaverage --srclabel /out/sourcedata/freesurfer/fsaverage/label/lh.hOc4v.mpm.vpnl.label --trgsubject sub-v1s14x0051583_ses-1 --trglabel ./lh.hOc4v.mpm.vpnl.label --hemi lh --regmethod surface 


srclabel = /out/sourcedata/freesurfer/fsaverage/label/lh.hOc4v.mpm.vpnl.label
srcsubject = fsaverage
trgsubject = sub-v1s14x0051583_ses-1
trglabel = ./lh.hOc4v.mpm.vpnl.label
regmethod = surface

srchemi = lh
trghemi = lh
trgsurface = white
srcsurfreg = sphere.reg
trgsurfreg = sphere.reg
usehash = 1
Use ProjAbs  = 0, 0
Use ProjFrac = 0, 0
DoPaint 0

SUBJECTS_DIR    /out/sourcedata/freesurfer
FREESURFER_HOME /opt/freesurfer
Loading source label.
Found 1006 points in source label.
Starting surface-based mapping
Reading source registration 
 /out/sourcedata/freesurfer/fsaverage/surf/lh.sphere.reg
Rescaling ...  original radius = 100
Reading target surface 
 /out/sourcedata/freesurfer/sub-v1s14x0051583_ses-1/surf/lh.white
Reading target registration 
 /out/sourcedata/freesurfer/sub-v1s14x0051583_ses-1/surf/lh.sphere.reg
Rescaling ...  original radius = 100
Building target registration hash (res=16).
Building source registration hash (res=16).
INFO: found  1006 nlabel points
Performing mapping from target back to the source label 163681
Number of reverse mapping hits = 857
Checking for and removing duplicates
Writing label file ./lh.hOc4v.mpm.vpnl.label 1863
mri_label2label: Done


 mris_label2annot --s sub-v1s14x0051583_ses-1 --ctab /opt/freesurfer/average/colortable_vpnl.txt --hemi lh --a mpm.vpnl --maxstatwinner --noverbose --l lh.FG1.mpm.vpnl.label --l lh.FG2.mpm.vpnl.label --l lh.FG3.mpm.vpnl.label --l lh.FG4.mpm.vpnl.label --l lh.hOc1.mpm.vpnl.label --l lh.hOc2.mpm.vpnl.label --l lh.hOc3v.mpm.vpnl.label --l lh.hOc4v.mpm.vpnl.label 

Reading ctab /opt/freesurfer/average/colortable_vpnl.txt
Number of ctab entries 9

7.3.2
cwd /out/sourcedata/freesurfer/sub-v1s14x0051583_ses-1/label
cmdline mris_label2annot --s sub-v1s14x0051583_ses-1 --ctab /opt/freesurfer/average/colortable_vpnl.txt --hemi lh --a mpm.vpnl --maxstatwinner --noverbose --l lh.FG1.mpm.vpnl.label --l lh.FG2.mpm.vpnl.label --l lh.FG3.mpm.vpnl.label --l lh.FG4.mpm.vpnl.label --l lh.hOc1.mpm.vpnl.label --l lh.hOc2.mpm.vpnl.label --l lh.hOc3v.mpm.vpnl.label --l lh.hOc4v.mpm.vpnl.label 
sysname  Linux
hostname dna056
machine  x86_64
user     oesteban

subject sub-v1s14x0051583_ses-1
hemi    lh
SUBJECTS_DIR /out/sourcedata/freesurfer
ColorTable /opt/freesurfer/average/colortable_vpnl.txt
AnnotName  mpm.vpnl
nlables 8
LabelThresh 0 0.000000
Loading /out/sourcedata/freesurfer/sub-v1s14x0051583_ses-1/surf/lh.orig
 1 1376057 FG1
 2 16711935 FG2
 3 16711680 FG3
 4 1705837 FG4
 5 25600 hOc1
 6 255 hOc2
 7 16776960 hOc3v
 8 65535 hOc4v
Mapping unhit to unknown
Found 141853 unhit vertices
Writing annot to /out/sourcedata/freesurfer/sub-v1s14x0051583_ses-1/label/lh.mpm.vpnl.annot

 mri_label2label --srcsubject fsaverage --srclabel /out/sourcedata/freesurfer/fsaverage/label/lh.BA1_exvivo.thresh.label --trgsubject sub-v1s14x0051583_ses-1 --trglabel ./lh.BA1_exvivo.thresh.label --hemi lh --regmethod surface 


srclabel = /out/sourcedata/freesurfer/fsaverage/label/lh.BA1_exvivo.thresh.label
srcsubject = fsaverage
trgsubject = sub-v1s14x0051583_ses-1
trglabel = ./lh.BA1_exvivo.thresh.label
regmethod = surface

srchemi = lh
trghemi = lh
trgsurface = white
srcsurfreg = sphere.reg
trgsurfreg = sphere.reg
usehash = 1
Use ProjAbs  = 0, 0
Use ProjFrac = 0, 0
DoPaint 0

SUBJECTS_DIR    /out/sourcedata/freesurfer
FREESURFER_HOME /opt/freesurfer
Loading source label.
Found 1014 points in source label.
Starting surface-based mapping
Reading source registration 
 /out/sourcedata/freesurfer/fsaverage/surf/lh.sphere.reg
Rescaling ...  original radius = 100
Reading target surface 
 /out/sourcedata/freesurfer/sub-v1s14x0051583_ses-1/surf/lh.white
Reading target registration 
 /out/sourcedata/freesurfer/sub-v1s14x0051583_ses-1/surf/lh.sphere.reg
Rescaling ...  original radius = 100
Building target registration hash (res=16).
Building source registration hash (res=16).
INFO: found  1014 nlabel points
Performing mapping from target back to the source label 163681
Number of reverse mapping hits = 263
Checking for and removing duplicates
Writing label file ./lh.BA1_exvivo.thresh.label 1277
mri_label2label: Done


 mri_label2label --srcsubject fsaverage --srclabel /out/sourcedata/freesurfer/fsaverage/label/lh.BA2_exvivo.thresh.label --trgsubject sub-v1s14x0051583_ses-1 --trglabel ./lh.BA2_exvivo.thresh.label --hemi lh --regmethod surface 


srclabel = /out/sourcedata/freesurfer/fsaverage/label/lh.BA2_exvivo.thresh.label
srcsubject = fsaverage
trgsubject = sub-v1s14x0051583_ses-1
trglabel = ./lh.BA2_exvivo.thresh.label
regmethod = surface

srchemi = lh
trghemi = lh
trgsurface = white
srcsurfreg = sphere.reg
trgsurfreg = sphere.reg
usehash = 1
Use ProjAbs  = 0, 0
Use ProjFrac = 0, 0
DoPaint 0

SUBJECTS_DIR    /out/sourcedata/freesurfer
FREESURFER_HOME /opt/freesurfer
Loading source label.
Found 2092 points in source label.
Starting surface-based mapping
Reading source registration 
 /out/sourcedata/freesurfer/fsaverage/surf/lh.sphere.reg
Rescaling ...  original radius = 100
Reading target surface 
 /out/sourcedata/freesurfer/sub-v1s14x0051583_ses-1/surf/lh.white
Reading target registration 
 /out/sourcedata/freesurfer/sub-v1s14x0051583_ses-1/surf/lh.sphere.reg
Rescaling ...  original radius = 100
Building target registration hash (res=16).
Building source registration hash (res=16).
INFO: found  2092 nlabel points
Performing mapping from target back to the source label 163681
Number of reverse mapping hits = 676
Checking for and removing duplicates
Writing label file ./lh.BA2_exvivo.thresh.label 2768
mri_label2label: Done


 mri_label2label --srcsubject fsaverage --srclabel /out/sourcedata/freesurfer/fsaverage/label/lh.BA3a_exvivo.thresh.label --trgsubject sub-v1s14x0051583_ses-1 --trglabel ./lh.BA3a_exvivo.thresh.label --hemi lh --regmethod surface 


srclabel = /out/sourcedata/freesurfer/fsaverage/label/lh.BA3a_exvivo.thresh.label
srcsubject = fsaverage
trgsubject = sub-v1s14x0051583_ses-1
trglabel = ./lh.BA3a_exvivo.thresh.label
regmethod = surface

srchemi = lh
trghemi = lh
trgsurface = white
srcsurfreg = sphere.reg
trgsurfreg = sphere.reg
usehash = 1
Use ProjAbs  = 0, 0
Use ProjFrac = 0, 0
DoPaint 0

SUBJECTS_DIR    /out/sourcedata/freesurfer
FREESURFER_HOME /opt/freesurfer
Loading source label.
Found 1504 points in source label.
Starting surface-based mapping
Reading source registration 
 /out/sourcedata/freesurfer/fsaverage/surf/lh.sphere.reg
Rescaling ...  original radius = 100
Reading target surface 
 /out/sourcedata/freesurfer/sub-v1s14x0051583_ses-1/surf/lh.white
Reading target registration 
 /out/sourcedata/freesurfer/sub-v1s14x0051583_ses-1/surf/lh.sphere.reg
Rescaling ...  original radius = 100
Building target registration hash (res=16).
Building source registration hash (res=16).
INFO: found  1504 nlabel points
Performing mapping from target back to the source label 163681
Number of reverse mapping hits = 23
Checking for and removing duplicates
Writing label file ./lh.BA3a_exvivo.thresh.label 1527
mri_label2label: Done


 mri_label2label --srcsubject fsaverage --srclabel /out/sourcedata/freesurfer/fsaverage/label/lh.BA3b_exvivo.thresh.label --trgsubject sub-v1s14x0051583_ses-1 --trglabel ./lh.BA3b_exvivo.thresh.label --hemi lh --regmethod surface 


srclabel = /out/sourcedata/freesurfer/fsaverage/label/lh.BA3b_exvivo.thresh.label
srcsubject = fsaverage
trgsubject = sub-v1s14x0051583_ses-1
trglabel = ./lh.BA3b_exvivo.thresh.label
regmethod = surface

srchemi = lh
trghemi = lh
trgsurface = white
srcsurfreg = sphere.reg
trgsurfreg = sphere.reg
usehash = 1
Use ProjAbs  = 0, 0
Use ProjFrac = 0, 0
DoPaint 0

SUBJECTS_DIR    /out/sourcedata/freesurfer
FREESURFER_HOME /opt/freesurfer
Loading source label.
Found 1996 points in source label.
Starting surface-based mapping
Reading source registration 
 /out/sourcedata/freesurfer/fsaverage/surf/lh.sphere.reg
Rescaling ...  original radius = 100
Reading target surface 
 /out/sourcedata/freesurfer/sub-v1s14x0051583_ses-1/surf/lh.white
Reading target registration 
 /out/sourcedata/freesurfer/sub-v1s14x0051583_ses-1/surf/lh.sphere.reg
Rescaling ...  original radius = 100
Building target registration hash (res=16).
Building source registration hash (res=16).
INFO: found  1996 nlabel points
Performing mapping from target back to the source label 163681
Number of reverse mapping hits = 54
Checking for and removing duplicates
Writing label file ./lh.BA3b_exvivo.thresh.label 2050
mri_label2label: Done


 mri_label2label --srcsubject fsaverage --srclabel /out/sourcedata/freesurfer/fsaverage/label/lh.BA4a_exvivo.thresh.label --trgsubject sub-v1s14x0051583_ses-1 --trglabel ./lh.BA4a_exvivo.thresh.label --hemi lh --regmethod surface 


srclabel = /out/sourcedata/freesurfer/fsaverage/label/lh.BA4a_exvivo.thresh.label
srcsubject = fsaverage
trgsubject = sub-v1s14x0051583_ses-1
trglabel = ./lh.BA4a_exvivo.thresh.label
regmethod = surface

srchemi = lh
trghemi = lh
trgsurface = white
srcsurfreg = sphere.reg
trgsurfreg = sphere.reg
usehash = 1
Use ProjAbs  = 0, 0
Use ProjFrac = 0, 0
DoPaint 0

SUBJECTS_DIR    /out/sourcedata/freesurfer
FREESURFER_HOME /opt/freesurfer
Loading source label.
Found 2319 points in source label.
Starting surface-based mapping
Reading source registration 
 /out/sourcedata/freesurfer/fsaverage/surf/lh.sphere.reg
Rescaling ...  original radius = 100
Reading target surface 
 /out/sourcedata/freesurfer/sub-v1s14x0051583_ses-1/surf/lh.white
Reading target registration 
 /out/sourcedata/freesurfer/sub-v1s14x0051583_ses-1/surf/lh.sphere.reg
Rescaling ...  original radius = 100
Building target registration hash (res=16).
Building source registration hash (res=16).
INFO: found  2319 nlabel points
Performing mapping from target back to the source label 163681
Number of reverse mapping hits = 558
Checking for and removing duplicates
Writing label file ./lh.BA4a_exvivo.thresh.label 2877
mri_label2label: Done


 mri_label2label --srcsubject fsaverage --srclabel /out/sourcedata/freesurfer/fsaverage/label/lh.BA4p_exvivo.thresh.label --trgsubject sub-v1s14x0051583_ses-1 --trglabel ./lh.BA4p_exvivo.thresh.label --hemi lh --regmethod surface 


srclabel = /out/sourcedata/freesurfer/fsaverage/label/lh.BA4p_exvivo.thresh.label
srcsubject = fsaverage
trgsubject = sub-v1s14x0051583_ses-1
trglabel = ./lh.BA4p_exvivo.thresh.label
regmethod = surface

srchemi = lh
trghemi = lh
trgsurface = white
srcsurfreg = sphere.reg
trgsurfreg = sphere.reg
usehash = 1
Use ProjAbs  = 0, 0
Use ProjFrac = 0, 0
DoPaint 0

SUBJECTS_DIR    /out/sourcedata/freesurfer
FREESURFER_HOME /opt/freesurfer
Loading source label.
Found 1549 points in source label.
Starting surface-based mapping
Reading source registration 
 /out/sourcedata/freesurfer/fsaverage/surf/lh.sphere.reg
Rescaling ...  original radius = 100
Reading target surface 
 /out/sourcedata/freesurfer/sub-v1s14x0051583_ses-1/surf/lh.white
Reading target registration 
 /out/sourcedata/freesurfer/sub-v1s14x0051583_ses-1/surf/lh.sphere.reg
Rescaling ...  original radius = 100
Building target registration hash (res=16).
Building source registration hash (res=16).
INFO: found  1549 nlabel points
Performing mapping from target back to the source label 163681
Number of reverse mapping hits = 49
Checking for and removing duplicates
Writing label file ./lh.BA4p_exvivo.thresh.label 1598
mri_label2label: Done


 mri_label2label --srcsubject fsaverage --srclabel /out/sourcedata/freesurfer/fsaverage/label/lh.BA6_exvivo.thresh.label --trgsubject sub-v1s14x0051583_ses-1 --trglabel ./lh.BA6_exvivo.thresh.label --hemi lh --regmethod surface 


srclabel = /out/sourcedata/freesurfer/fsaverage/label/lh.BA6_exvivo.thresh.label
srcsubject = fsaverage
trgsubject = sub-v1s14x0051583_ses-1
trglabel = ./lh.BA6_exvivo.thresh.label
regmethod = surface

srchemi = lh
trghemi = lh
trgsurface = white
srcsurfreg = sphere.reg
trgsurfreg = sphere.reg
usehash = 1
Use ProjAbs  = 0, 0
Use ProjFrac = 0, 0
DoPaint 0

SUBJECTS_DIR    /out/sourcedata/freesurfer
FREESURFER_HOME /opt/freesurfer
Loading source label.
Found 7035 points in source label.
Starting surface-based mapping
Reading source registration 
 /out/sourcedata/freesurfer/fsaverage/surf/lh.sphere.reg
Rescaling ...  original radius = 100
Reading target surface 
 /out/sourcedata/freesurfer/sub-v1s14x0051583_ses-1/surf/lh.white
Reading target registration 
 /out/sourcedata/freesurfer/sub-v1s14x0051583_ses-1/surf/lh.sphere.reg
Rescaling ...  original radius = 100
Building target registration hash (res=16).
Building source registration hash (res=16).
INFO: found  7035 nlabel points
Performing mapping from target back to the source label 163681
Number of reverse mapping hits = 624
Checking for and removing duplicates
Writing label file ./lh.BA6_exvivo.thresh.label 7659
mri_label2label: Done


 mri_label2label --srcsubject fsaverage --srclabel /out/sourcedata/freesurfer/fsaverage/label/lh.BA44_exvivo.thresh.label --trgsubject sub-v1s14x0051583_ses-1 --trglabel ./lh.BA44_exvivo.thresh.label --hemi lh --regmethod surface 


srclabel = /out/sourcedata/freesurfer/fsaverage/label/lh.BA44_exvivo.thresh.label
srcsubject = fsaverage
trgsubject = sub-v1s14x0051583_ses-1
trglabel = ./lh.BA44_exvivo.thresh.label
regmethod = surface

srchemi = lh
trghemi = lh
trgsurface = white
srcsurfreg = sphere.reg
trgsurfreg = sphere.reg
usehash = 1
Use ProjAbs  = 0, 0
Use ProjFrac = 0, 0
DoPaint 0

SUBJECTS_DIR    /out/sourcedata/freesurfer
FREESURFER_HOME /opt/freesurfer
Loading source label.
Found 1912 points in source label.
Starting surface-based mapping
Reading source registration 
 /out/sourcedata/freesurfer/fsaverage/surf/lh.sphere.reg
Rescaling ...  original radius = 100
Reading target surface 
 /out/sourcedata/freesurfer/sub-v1s14x0051583_ses-1/surf/lh.white
Reading target registration 
 /out/sourcedata/freesurfer/sub-v1s14x0051583_ses-1/surf/lh.sphere.reg
Rescaling ...  original radius = 100
Building target registration hash (res=16).
Building source registration hash (res=16).
INFO: found  1912 nlabel points
Performing mapping from target back to the source label 163681
Number of reverse mapping hits = 124
Checking for and removing duplicates
Writing label file ./lh.BA44_exvivo.thresh.label 2036
mri_label2label: Done


 mri_label2label --srcsubject fsaverage --srclabel /out/sourcedata/freesurfer/fsaverage/label/lh.BA45_exvivo.thresh.label --trgsubject sub-v1s14x0051583_ses-1 --trglabel ./lh.BA45_exvivo.thresh.label --hemi lh --regmethod surface 


srclabel = /out/sourcedata/freesurfer/fsaverage/label/lh.BA45_exvivo.thresh.label
srcsubject = fsaverage
trgsubject = sub-v1s14x0051583_ses-1
trglabel = ./lh.BA45_exvivo.thresh.label
regmethod = surface

srchemi = lh
trghemi = lh
trgsurface = white
srcsurfreg = sphere.reg
trgsurfreg = sphere.reg
usehash = 1
Use ProjAbs  = 0, 0
Use ProjFrac = 0, 0
DoPaint 0

SUBJECTS_DIR    /out/sourcedata/freesurfer
FREESURFER_HOME /opt/freesurfer
Loading source label.
Found 1151 points in source label.
Starting surface-based mapping
Reading source registration 
 /out/sourcedata/freesurfer/fsaverage/surf/lh.sphere.reg
Rescaling ...  original radius = 100
Reading target surface 
 /out/sourcedata/freesurfer/sub-v1s14x0051583_ses-1/surf/lh.white
Reading target registration 
 /out/sourcedata/freesurfer/sub-v1s14x0051583_ses-1/surf/lh.sphere.reg
Rescaling ...  original radius = 100
Building target registration hash (res=16).
Building source registration hash (res=16).
INFO: found  1151 nlabel points
Performing mapping from target back to the source label 163681
Number of reverse mapping hits = 202
Checking for and removing duplicates
Writing label file ./lh.BA45_exvivo.thresh.label 1353
mri_label2label: Done


 mri_label2label --srcsubject fsaverage --srclabel /out/sourcedata/freesurfer/fsaverage/label/lh.V1_exvivo.thresh.label --trgsubject sub-v1s14x0051583_ses-1 --trglabel ./lh.V1_exvivo.thresh.label --hemi lh --regmethod surface 


srclabel = /out/sourcedata/freesurfer/fsaverage/label/lh.V1_exvivo.thresh.label
srcsubject = fsaverage
trgsubject = sub-v1s14x0051583_ses-1
trglabel = ./lh.V1_exvivo.thresh.label
regmethod = surface

srchemi = lh
trghemi = lh
trgsurface = white
srcsurfreg = sphere.reg
trgsurfreg = sphere.reg
usehash = 1
Use ProjAbs  = 0, 0
Use ProjFrac = 0, 0
DoPaint 0

SUBJECTS_DIR    /out/sourcedata/freesurfer
FREESURFER_HOME /opt/freesurfer
Loading source label.
Found 3405 points in source label.
Starting surface-based mapping
Reading source registration 
 /out/sourcedata/freesurfer/fsaverage/surf/lh.sphere.reg
Rescaling ...  original radius = 100
Reading target surface 
 /out/sourcedata/freesurfer/sub-v1s14x0051583_ses-1/surf/lh.white
Reading target registration 
 /out/sourcedata/freesurfer/sub-v1s14x0051583_ses-1/surf/lh.sphere.reg
Rescaling ...  original radius = 100
Building target registration hash (res=16).
Building source registration hash (res=16).
INFO: found  3405 nlabel points
Performing mapping from target back to the source label 163681
Number of reverse mapping hits = 1731
Checking for and removing duplicates
Writing label file ./lh.V1_exvivo.thresh.label 5136
mri_label2label: Done


 mri_label2label --srcsubject fsaverage --srclabel /out/sourcedata/freesurfer/fsaverage/label/lh.V2_exvivo.thresh.label --trgsubject sub-v1s14x0051583_ses-1 --trglabel ./lh.V2_exvivo.thresh.label --hemi lh --regmethod surface 


srclabel = /out/sourcedata/freesurfer/fsaverage/label/lh.V2_exvivo.thresh.label
srcsubject = fsaverage
trgsubject = sub-v1s14x0051583_ses-1
trglabel = ./lh.V2_exvivo.thresh.label
regmethod = surface

srchemi = lh
trghemi = lh
trgsurface = white
srcsurfreg = sphere.reg
trgsurfreg = sphere.reg
usehash = 1
Use ProjAbs  = 0, 0
Use ProjFrac = 0, 0
DoPaint 0

SUBJECTS_DIR    /out/sourcedata/freesurfer
FREESURFER_HOME /opt/freesurfer
Loading source label.
Found 3334 points in source label.
Starting surface-based mapping
Reading source registration 
 /out/sourcedata/freesurfer/fsaverage/surf/lh.sphere.reg
Rescaling ...  original radius = 100
Reading target surface 
 /out/sourcedata/freesurfer/sub-v1s14x0051583_ses-1/surf/lh.white
Reading target registration 
 /out/sourcedata/freesurfer/sub-v1s14x0051583_ses-1/surf/lh.sphere.reg
Rescaling ...  original radius = 100
Building target registration hash (res=16).
Building source registration hash (res=16).
INFO: found  3334 nlabel points
Performing mapping from target back to the source label 163681
Number of reverse mapping hits = 2207
Checking for and removing duplicates
Writing label file ./lh.V2_exvivo.thresh.label 5541
mri_label2label: Done


 mri_label2label --srcsubject fsaverage --srclabel /out/sourcedata/freesurfer/fsaverage/label/lh.MT_exvivo.thresh.label --trgsubject sub-v1s14x0051583_ses-1 --trglabel ./lh.MT_exvivo.thresh.label --hemi lh --regmethod surface 


srclabel = /out/sourcedata/freesurfer/fsaverage/label/lh.MT_exvivo.thresh.label
srcsubject = fsaverage
trgsubject = sub-v1s14x0051583_ses-1
trglabel = ./lh.MT_exvivo.thresh.label
regmethod = surface

srchemi = lh
trghemi = lh
trgsurface = white
srcsurfreg = sphere.reg
trgsurfreg = sphere.reg
usehash = 1
Use ProjAbs  = 0, 0
Use ProjFrac = 0, 0
DoPaint 0

SUBJECTS_DIR    /out/sourcedata/freesurfer
FREESURFER_HOME /opt/freesurfer
Loading source label.
Found 513 points in source label.
Starting surface-based mapping
Reading source registration 
 /out/sourcedata/freesurfer/fsaverage/surf/lh.sphere.reg
Rescaling ...  original radius = 100
Reading target surface 
 /out/sourcedata/freesurfer/sub-v1s14x0051583_ses-1/surf/lh.white
Reading target registration 
 /out/sourcedata/freesurfer/sub-v1s14x0051583_ses-1/surf/lh.sphere.reg
Rescaling ...  original radius = 100
Building target registration hash (res=16).
Building source registration hash (res=16).
INFO: found  513 nlabel points
Performing mapping from target back to the source label 163681
Number of reverse mapping hits = 220
Checking for and removing duplicates
Writing label file ./lh.MT_exvivo.thresh.label 733
mri_label2label: Done


 mri_label2label --srcsubject fsaverage --srclabel /out/sourcedata/freesurfer/fsaverage/label/lh.entorhinal_exvivo.thresh.label --trgsubject sub-v1s14x0051583_ses-1 --trglabel ./lh.entorhinal_exvivo.thresh.label --hemi lh --regmethod surface 


srclabel = /out/sourcedata/freesurfer/fsaverage/label/lh.entorhinal_exvivo.thresh.label
srcsubject = fsaverage
trgsubject = sub-v1s14x0051583_ses-1
trglabel = ./lh.entorhinal_exvivo.thresh.label
regmethod = surface

srchemi = lh
trghemi = lh
trgsurface = white
srcsurfreg = sphere.reg
trgsurfreg = sphere.reg
usehash = 1
Use ProjAbs  = 0, 0
Use ProjFrac = 0, 0
DoPaint 0

SUBJECTS_DIR    /out/sourcedata/freesurfer
FREESURFER_HOME /opt/freesurfer
Loading source label.
Found 470 points in source label.
Starting surface-based mapping
Reading source registration 
 /out/sourcedata/freesurfer/fsaverage/surf/lh.sphere.reg
Rescaling ...  original radius = 100
Reading target surface 
 /out/sourcedata/freesurfer/sub-v1s14x0051583_ses-1/surf/lh.white
Reading target registration 
 /out/sourcedata/freesurfer/sub-v1s14x0051583_ses-1/surf/lh.sphere.reg
Rescaling ...  original radius = 100
Building target registration hash (res=16).
Building source registration hash (res=16).
INFO: found  470 nlabel points
Performing mapping from target back to the source label 163681
Number of reverse mapping hits = 33
Checking for and removing duplicates
Writing label file ./lh.entorhinal_exvivo.thresh.label 503
mri_label2label: Done


 mri_label2label --srcsubject fsaverage --srclabel /out/sourcedata/freesurfer/fsaverage/label/lh.perirhinal_exvivo.thresh.label --trgsubject sub-v1s14x0051583_ses-1 --trglabel ./lh.perirhinal_exvivo.thresh.label --hemi lh --regmethod surface 


srclabel = /out/sourcedata/freesurfer/fsaverage/label/lh.perirhinal_exvivo.thresh.label
srcsubject = fsaverage
trgsubject = sub-v1s14x0051583_ses-1
trglabel = ./lh.perirhinal_exvivo.thresh.label
regmethod = surface

srchemi = lh
trghemi = lh
trgsurface = white
srcsurfreg = sphere.reg
trgsurfreg = sphere.reg
usehash = 1
Use ProjAbs  = 0, 0
Use ProjFrac = 0, 0
DoPaint 0

SUBJECTS_DIR    /out/sourcedata/freesurfer
FREESURFER_HOME /opt/freesurfer
Loading source label.
Found 450 points in source label.
Starting surface-based mapping
Reading source registration 
 /out/sourcedata/freesurfer/fsaverage/surf/lh.sphere.reg
Rescaling ...  original radius = 100
Reading target surface 
 /out/sourcedata/freesurfer/sub-v1s14x0051583_ses-1/surf/lh.white
Reading target registration 
 /out/sourcedata/freesurfer/sub-v1s14x0051583_ses-1/surf/lh.sphere.reg
Rescaling ...  original radius = 100
Building target registration hash (res=16).
Building source registration hash (res=16).
INFO: found  450 nlabel points
Performing mapping from target back to the source label 163681
Number of reverse mapping hits = 14
Checking for and removing duplicates
Writing label file ./lh.perirhinal_exvivo.thresh.label 464
mri_label2label: Done


 mris_label2annot --s sub-v1s14x0051583_ses-1 --hemi lh --ctab /opt/freesurfer/average/colortable_BA.txt --l lh.BA1_exvivo.label --l lh.BA2_exvivo.label --l lh.BA3a_exvivo.label --l lh.BA3b_exvivo.label --l lh.BA4a_exvivo.label --l lh.BA4p_exvivo.label --l lh.BA6_exvivo.label --l lh.BA44_exvivo.label --l lh.BA45_exvivo.label --l lh.V1_exvivo.label --l lh.V2_exvivo.label --l lh.MT_exvivo.label --l lh.perirhinal_exvivo.label --l lh.entorhinal_exvivo.label --a BA_exvivo --maxstatwinner --noverbose 

Reading ctab /opt/freesurfer/average/colortable_BA.txt
Number of ctab entries 15

7.3.2
cwd /out/sourcedata/freesurfer/sub-v1s14x0051583_ses-1/label
cmdline mris_label2annot --s sub-v1s14x0051583_ses-1 --hemi lh --ctab /opt/freesurfer/average/colortable_BA.txt --l lh.BA1_exvivo.label --l lh.BA2_exvivo.label --l lh.BA3a_exvivo.label --l lh.BA3b_exvivo.label --l lh.BA4a_exvivo.label --l lh.BA4p_exvivo.label --l lh.BA6_exvivo.label --l lh.BA44_exvivo.label --l lh.BA45_exvivo.label --l lh.V1_exvivo.label --l lh.V2_exvivo.label --l lh.MT_exvivo.label --l lh.perirhinal_exvivo.label --l lh.entorhinal_exvivo.label --a BA_exvivo --maxstatwinner --noverbose 
sysname  Linux
hostname dna056
machine  x86_64
user     oesteban

subject sub-v1s14x0051583_ses-1
hemi    lh
SUBJECTS_DIR /out/sourcedata/freesurfer
ColorTable /opt/freesurfer/average/colortable_BA.txt
AnnotName  BA_exvivo
nlables 14
LabelThresh 0 0.000000
Loading /out/sourcedata/freesurfer/sub-v1s14x0051583_ses-1/surf/lh.orig
 1 1530880 BA1_exvivo
 2 16749699 BA2_exvivo
 3 16711680 BA3a_exvivo
 4 3368703 BA3b_exvivo
 5 1376196 BA4a_exvivo
 6 13382655 BA4p_exvivo
 7 10036737 BA6_exvivo
 8 2490521 BA44_exvivo
 9 39283 BA45_exvivo
10 3993 V1_exvivo
11 8508928 V2_exvivo
12 10027163 MT_exvivo
13 16422433 perirhinal_exvivo
14 16392598 entorhinal_exvivo
Mapping unhit to unknown
Found 112289 unhit vertices
Writing annot to /out/sourcedata/freesurfer/sub-v1s14x0051583_ses-1/label/lh.BA_exvivo.annot

 mris_label2annot --s sub-v1s14x0051583_ses-1 --hemi lh --ctab /opt/freesurfer/average/colortable_BA.txt --l lh.BA1_exvivo.thresh.label --l lh.BA2_exvivo.thresh.label --l lh.BA3a_exvivo.thresh.label --l lh.BA3b_exvivo.thresh.label --l lh.BA4a_exvivo.thresh.label --l lh.BA4p_exvivo.thresh.label --l lh.BA6_exvivo.thresh.label --l lh.BA44_exvivo.thresh.label --l lh.BA45_exvivo.thresh.label --l lh.V1_exvivo.thresh.label --l lh.V2_exvivo.thresh.label --l lh.MT_exvivo.thresh.label --l lh.perirhinal_exvivo.thresh.label --l lh.entorhinal_exvivo.thresh.label --a BA_exvivo.thresh --maxstatwinner --noverbose 

Reading ctab /opt/freesurfer/average/colortable_BA.txt
Number of ctab entries 15

7.3.2
cwd /out/sourcedata/freesurfer/sub-v1s14x0051583_ses-1/label
cmdline mris_label2annot --s sub-v1s14x0051583_ses-1 --hemi lh --ctab /opt/freesurfer/average/colortable_BA.txt --l lh.BA1_exvivo.thresh.label --l lh.BA2_exvivo.thresh.label --l lh.BA3a_exvivo.thresh.label --l lh.BA3b_exvivo.thresh.label --l lh.BA4a_exvivo.thresh.label --l lh.BA4p_exvivo.thresh.label --l lh.BA6_exvivo.thresh.label --l lh.BA44_exvivo.thresh.label --l lh.BA45_exvivo.thresh.label --l lh.V1_exvivo.thresh.label --l lh.V2_exvivo.thresh.label --l lh.MT_exvivo.thresh.label --l lh.perirhinal_exvivo.thresh.label --l lh.entorhinal_exvivo.thresh.label --a BA_exvivo.thresh --maxstatwinner --noverbose 
sysname  Linux
hostname dna056
machine  x86_64
user     oesteban

subject sub-v1s14x0051583_ses-1
hemi    lh
SUBJECTS_DIR /out/sourcedata/freesurfer
ColorTable /opt/freesurfer/average/colortable_BA.txt
AnnotName  BA_exvivo.thresh
nlables 14
LabelThresh 0 0.000000
Loading /out/sourcedata/freesurfer/sub-v1s14x0051583_ses-1/surf/lh.orig
 1 1530880 BA1_exvivo
 2 16749699 BA2_exvivo
 3 16711680 BA3a_exvivo
 4 3368703 BA3b_exvivo
 5 1376196 BA4a_exvivo
 6 13382655 BA4p_exvivo
 7 10036737 BA6_exvivo
 8 2490521 BA44_exvivo
 9 39283 BA45_exvivo
10 3993 V1_exvivo
11 8508928 V2_exvivo
12 10027163 MT_exvivo
13 16422433 perirhinal_exvivo
14 16392598 entorhinal_exvivo
Mapping unhit to unknown
Found 133488 unhit vertices
Writing annot to /out/sourcedata/freesurfer/sub-v1s14x0051583_ses-1/label/lh.BA_exvivo.thresh.annot

 mris_anatomical_stats -th3 -mgz -noglobal -f ../stats/lh.BA_exvivo.stats -b -a ./lh.BA_exvivo.annot -c ./BA_exvivo.ctab sub-v1s14x0051583_ses-1 lh white 

computing statistics for each annotation in ./lh.BA_exvivo.annot.
reading volume /out/sourcedata/freesurfer/sub-v1s14x0051583_ses-1/mri/wm.mgz...
reading input surface /out/sourcedata/freesurfer/sub-v1s14x0051583_ses-1/surf/lh.white...
reading input pial surface /out/sourcedata/freesurfer/sub-v1s14x0051583_ses-1/surf/lh.pial...
reading input white surface /out/sourcedata/freesurfer/sub-v1s14x0051583_ses-1/surf/lh.white...
INFO: using TH3 volume calc
INFO: assuming MGZ format for volumes.
INFO: not computing global stats
Using TH3 vertex volume calc
Total face volume 285262
Total vertex volume 285051 (mask=0)
Saving annotation colortable ./BA_exvivo.ctab

table columns are:
    number of vertices
    total surface area (mm^2)
    total gray matter volume (mm^3)
    average cortical thickness +- standard deviation (mm)
    integrated rectified mean curvature
    integrated rectified Gaussian curvature
    folding index
    intrinsic curvature index
    structure name

 1572    883   2646  2.268 0.807     0.110     0.032       19     2.0  BA1_exvivo
 5891   3765   9076  2.202 0.707     0.103     0.018       49     4.4  BA2_exvivo
 1025    702    878  1.518 0.407     0.133     0.030       10     1.2  BA3a_exvivo
 2725   1754   3761  1.902 0.730     0.100     0.018       20     2.2  BA3b_exvivo
 2551   1411   3915  2.499 0.852     0.112     0.028       26     3.0  BA4a_exvivo
 1490    975   2043  2.276 0.644     0.124     0.029       13     1.9  BA4p_exvivo
10763   6943  22944  2.757 0.669     0.107     0.019       87     8.5  BA6_exvivo
 2403   1573   4929  2.615 0.644     0.115     0.020       23     2.0  BA44_exvivo
 3244   2198   6439  2.419 0.663     0.117     0.023       33     3.0  BA45_exvivo
 4669   3110   4074  1.318 0.447     0.121     0.027       46     5.7  V1_exvivo
10962   7184  11842  1.662 0.561     0.129     0.030      132    14.6  V2_exvivo
 2745   1840   5107  2.345 0.681     0.119     0.022       27     2.5  MT_exvivo
  657    443   1634  2.972 1.037     0.113     0.016        6     0.4  perirhinal_exvivo
  695    412   1793  2.953 1.321     0.098     0.028        7     0.9  entorhinal_exvivo

 mris_anatomical_stats -th3 -mgz -f ../stats/lh.BA_exvivo.thresh.stats -noglobal -b -a ./lh.BA_exvivo.thresh.annot -c ./BA_exvivo.thresh.ctab sub-v1s14x0051583_ses-1 lh white 

computing statistics for each annotation in ./lh.BA_exvivo.thresh.annot.
reading volume /out/sourcedata/freesurfer/sub-v1s14x0051583_ses-1/mri/wm.mgz...
reading input surface /out/sourcedata/freesurfer/sub-v1s14x0051583_ses-1/surf/lh.white...
reading input pial surface /out/sourcedata/freesurfer/sub-v1s14x0051583_ses-1/surf/lh.pial...
reading input white surface /out/sourcedata/freesurfer/sub-v1s14x0051583_ses-1/surf/lh.white...
INFO: using TH3 volume calc
INFO: assuming MGZ format for volumes.
INFO: not computing global stats
Using TH3 vertex volume calc
Total face volume 285262
Total vertex volume 285051 (mask=0)
Saving annotation colortable ./BA_exvivo.thresh.ctab

table columns are:
    number of vertices
    total surface area (mm^2)
    total gray matter volume (mm^3)
    average cortical thickness +- standard deviation (mm)
    integrated rectified mean curvature
    integrated rectified Gaussian curvature
    folding index
    intrinsic curvature index
    structure name

 1085    568   1727  2.290 0.870     0.122     0.039       16     1.7  BA1_exvivo
 2561   1572   3828  2.187 0.751     0.095     0.017       21     1.8  BA2_exvivo
  869    600    661  1.435 0.308     0.139     0.032        9     1.2  BA3a_exvivo
 1414    917   1331  1.405 0.398     0.082     0.013        6     0.9  BA3b_exvivo
 2473   1371   3829  2.601 0.838     0.105     0.028       23     2.8  BA4a_exvivo
 1110    742   1476  2.209 0.607     0.126     0.028        9     1.4  BA4p_exvivo
 6163   3910  13209  2.783 0.656     0.109     0.020       52     5.0  BA6_exvivo
 1526    985   3462  2.783 0.586     0.113     0.020       16     1.2  BA44_exvivo
 1198    804   2876  2.669 0.695     0.129     0.025       16     1.2  BA45_exvivo
 4992   3331   4544  1.341 0.478     0.120     0.027       48     6.0  V1_exvivo
 5391   3541   5434  1.578 0.502     0.137     0.032       75     8.2  V2_exvivo
  716    491   1421  2.262 0.710     0.136     0.028        8     0.9  MT_exvivo
  280    190    598  2.902 0.965     0.119     0.016        3     0.2  perirhinal_exvivo
  415    246   1307  3.537 0.704     0.067     0.011        1     0.2  entorhinal_exvivo

Started at Sun Mar 8 23:20:04 CET 2026 
Ended   at Sun Mar 8 23:24:11 CET 2026
#@#%# recon-all-run-time-hours 0.069
recon-all -s sub-v1s14x0051583_ses-1 finished without error at Sun Mar  8 23:24:11 CET 2026
