#!ascii label  , from subject sub-v1s14x0051573_ses-1 vox2ras=TkReg
5834
63955  -18.563  -14.933  42.668 0.0000000000
71874  -29.571  -6.394  18.913 0.0000000000
57853  -20.678  -21.517  32.302 0.0000000000
75553  -21.816  -2.587  30.335 0.0000000000
83662  -55.864  6.983  9.258 0.0000000000
67777  -4.790  -10.322  31.752 0.0000000000
79057  -11.709  1.240  43.227 0.0000000000
145622  -36.540  -16.382  29.080 0.0000000000
68816  -36.978  -9.014  28.115 0.0000000000
149946  -28.420  -11.970  30.949 0.0000000000
55109  -27.939  -22.634  33.267 0.0000000000
61952  -25.894  -16.335  23.438 0.0000000000
80978  -52.432  3.566  14.480 0.0000000000
64986  -13.368  -13.478  34.662 0.0000000000
68706  -24.906  -9.810  36.709 0.0000000000
78161  -21.502  0.074  42.907 0.0000000000
72669  -20.150  -5.720  39.295 0.0000000000
135779  -9.990  -7.676  42.560 0.0000000000
75703  -45.263  -2.282  17.699 0.0000000000
73746  -42.402  -4.343  23.140 0.0000000000
59715  -18.941  -18.649  39.283 0.0000000000
54099  -12.061  -23.624  41.949 0.0000000000
53108  -17.199  -24.349  37.576 0.0000000000
75662  -22.518  -2.424  19.261 0.0000000000
65988  -19.711  -13.249  29.646 0.0000000000
67847  -6.898  -10.248  25.665 0.0000000000
80675  -8.047  3.628  44.036 0.0000000000
74563  -5.358  -3.078  35.686 0.0000000000
77388  -9.539  -1.025  25.778 0.0000000000
57882  -37.202  -20.499  30.658 0.0000000000
145940  -34.643  -13.557  33.574 0.0000000000
59735  -32.949  -18.093  35.150 0.0000000000
53130  -31.381  -25.160  35.187 0.0000000000
57881  -32.003  -20.212  31.592 0.0000000000
137221  -50.935  6.885  20.104 0.0000000000
80104  -50.531  2.147  20.845 0.0000000000
64953  -15.532  -13.348  38.633 0.0000000000
61781  -8.470  -16.890  38.836 0.0000000000
62876  -11.522  -16.460  41.864 0.0000000000
63979  -24.551  -13.717  40.717 0.0000000000
69646  -27.132  -8.044  40.634 0.0000000000
154562  -20.886  -10.878  38.695 0.0000000000
70675  -17.954  -7.626  35.311 0.0000000000
70773  -46.086  -7.740  24.347 0.0000000000
69760  -45.123  -8.775  27.311 0.0000000000
67896  -33.182  -10.334  22.542 0.0000000000
151625  -36.981  -7.355  20.714 0.0000000000
72848  -32.379  -6.621  20.551 0.0000000000
57819  -17.397  -20.549  36.037 0.0000000000
55091  -19.592  -23.547  40.133 0.0000000000
54133  -20.377  -24.371  36.304 0.0000000000
59813  -23.514  -18.048  29.967 0.0000000000
63038  -20.624  -15.373  25.164 0.0000000000
59790  -17.828  -18.543  29.936 0.0000000000
61837  -18.507  -16.754  33.394 0.0000000000
85472  -57.163  8.406  5.064 0.0000000000
68805  -5.039  -9.230  28.997 0.0000000000
129422  -6.691  -14.350  24.830 0.0000000000
134055  -17.282  1.092  44.290 0.0000000000
84246  -19.486  6.736  45.370 0.0000000000
83372  -15.134  7.210  41.532 0.0000000000
129597  -10.325  8.057  44.321 0.0000000000
79891  -9.166  2.401  47.753 0.0000000000
68700  -8.306  -8.994  36.958 0.0000000000
73640  -6.191  -5.204  40.061 0.0000000000
71712  -5.486  -7.007  33.900 0.0000000000
71743  -8.604  -5.982  30.345 0.0000000000
81644  -9.235  3.841  30.697 0.0000000000
67810  -42.221  -10.337  29.991 0.0000000000
65965  -37.765  -11.483  31.911 0.0000000000
67807  -32.469  -10.393  29.819 0.0000000000
70756  -28.395  -8.502  25.032 0.0000000000
56957  -24.592  -20.995  30.931 0.0000000000
54190  -21.135  -23.749  32.407 0.0000000000
68893  -25.260  -9.628  22.736 0.0000000000
64077  -27.382  -14.307  28.218 0.0000000000
59816  -28.176  -18.772  29.565 0.0000000000
81854  -54.379  5.310  11.942 0.0000000000
87229  -53.995  9.964  12.460 0.0000000000
86249  -52.185  10.142  16.554 0.0000000000
66883  -9.977  -11.080  32.397 0.0000000000
62974  -4.111  -14.802  32.938 0.0000000000
63998  -5.634  -14.942  36.115 0.0000000000
71733  -25.190  -5.526  32.674 0.0000000000
75489  -20.804  -2.409  37.288 0.0000000000
74540  -26.777  -3.821  39.344 0.0000000000
73613  -22.114  -4.569  43.634 0.0000000000
72633  -16.523  -5.470  44.055 0.0000000000
73602  -11.096  -4.649  46.074 0.0000000000
70634  -15.296  -6.685  41.422 0.0000000000
71702  -12.321  -6.298  35.546 0.0000000000
151652  -49.563  -2.784  20.849 0.0000000000
72840  -48.367  -6.013  20.665 0.0000000000
130317  -43.842  -5.954  19.482 0.0000000000
139614  -37.511  -3.207  16.761 0.0000000000
72791  -40.460  -5.519  25.139 0.0000000000
59702  -20.514  -17.839  41.703 0.0000000000
58757  -14.932  -18.748  43.751 0.0000000000
56893  -17.581  -21.368  42.678 0.0000000000
53064  -14.981  -24.842  41.528 0.0000000000
76542  -24.526  -1.647  24.567 0.0000000000
68903  -21.493  -9.212  21.310 0.0000000000
70764  -20.401  -7.784  24.732 0.0000000000
71760  -22.446  -6.234  29.470 0.0000000000
66869  -20.926  -11.511  33.596 0.0000000000
151551  -21.923  -15.619  36.904 0.0000000000
67914  -5.199  -10.728  20.466 0.0000000000
82499  -11.061  5.575  39.793 0.0000000000
75435  -9.109  -2.956  44.785 0.0000000000
78170  -8.682  0.337  40.566 0.0000000000
79958  -9.012  2.104  35.076 0.0000000000
143429  -7.284  -0.863  30.451 0.0000000000
70752  -11.223  -7.307  25.257 0.0000000000
58821  -35.955  -19.986  33.065 0.0000000000
150604  -35.092  -22.576  33.553 0.0000000000
53157  -33.760  -25.740  33.894 0.0000000000
56924  -33.731  -22.036  34.205 0.0000000000
79276  -51.757  1.497  19.287 0.0000000000
141692  -51.394  -0.972  19.041 0.0000000000
63977  -16.906  -14.439  40.957 0.0000000000
155256  -13.895  -14.938  40.657 0.0000000000
62890  -14.703  -15.522  42.615 0.0000000000
141569  -21.180  -13.992  42.303 0.0000000000
66818  -23.063  -12.159  40.927 0.0000000000
65878  -20.163  -13.015  40.729 0.0000000000
66834  -18.984  -12.018  38.365 0.0000000000
66028  -44.842  -11.188  25.297 0.0000000000
129835  -43.575  -11.383  26.024 0.0000000000
68924  -30.683  -9.462  20.475 0.0000000000
68937  -33.074  -9.090  19.177 0.0000000000
145395  -31.246  -6.245  18.655 0.0000000000
57836  -19.536  -21.200  34.316 0.0000000000
56915  -19.922  -22.109  36.255 0.0000000000
135888  -20.480  -22.789  34.390 0.0000000000
73796  -28.192  -4.534  18.322 0.0000000000
58867  -21.866  -19.371  30.907 0.0000000000
130073  -20.774  -18.632  28.989 0.0000000000
58865  -19.409  -19.551  31.442 0.0000000000
58830  -17.559  -19.731  32.956 0.0000000000
134154  -56.421  7.837  7.415 0.0000000000
68761  -4.560  -9.700  31.145 0.0000000000
65994  -4.618  -11.794  29.034 0.0000000000
65976  -3.917  -12.564  30.759 0.0000000000
76494  -19.170  -1.601  28.617 0.0000000000
153861  -18.152  -1.201  32.275 0.0000000000
78165  -14.956  1.029  41.545 0.0000000000
81585  -15.615  4.340  43.025 0.0000000000
80684  -13.254  3.775  42.030 0.0000000000
84263  -11.860  7.188  42.171 0.0000000000
81576  -11.239  4.447  43.798 0.0000000000
82460  -9.743  5.752  46.552 0.0000000000
151486  -10.399  1.398  45.649 0.0000000000
68724  -7.702  -9.111  34.018 0.0000000000
68709  -5.845  -8.383  36.435 0.0000000000
69707  -4.856  -8.133  32.706 0.0000000000
71738  -5.033  -6.820  31.450 0.0000000000
65036  -37.615  -12.876  29.693 0.0000000000
65026  -36.602  -13.521  30.614 0.0000000000
65923  -32.000  -12.702  33.901 0.0000000000
67752  -33.161  -10.894  33.208 0.0000000000
67793  -30.595  -10.257  30.749 0.0000000000
68827  -30.282  -9.823  27.658 0.0000000000
68810  -28.390  -9.483  28.072 0.0000000000
56946  -26.637  -21.414  31.912 0.0000000000
144099  -25.289  -23.464  30.481 0.0000000000
68822  -26.462  -10.136  26.606 0.0000000000
64053  -27.597  -13.581  29.196 0.0000000000
57841  -29.745  -21.542  32.684 0.0000000000
58872  -30.275  -19.780  30.429 0.0000000000
58833  -28.489  -20.738  32.131 0.0000000000
147982  -26.171  -19.969  31.181 0.0000000000
81841  -53.439  4.840  13.136 0.0000000000
84525  -53.673  8.007  14.293 0.0000000000
83602  -52.611  6.173  16.131 0.0000000000
84459  -47.539  8.060  21.396 0.0000000000
86233  -48.748  9.462  19.544 0.0000000000
80161  -52.938  3.547  10.280 0.0000000000
65935  -11.885  -12.511  32.931 0.0000000000
64981  -8.242  -13.564  34.593 0.0000000000
133442  -10.270  -14.737  35.301 0.0000000000
60712  -6.147  -18.461  40.346 0.0000000000
61769  -5.118  -17.652  38.592 0.0000000000
70678  -24.812  -7.723  35.180 0.0000000000
135802  -26.551  -4.230  35.947 0.0000000000
70669  -27.395  -6.916  37.223 0.0000000000
72689  -24.037  -5.943  39.300 0.0000000000
72649  -25.207  -5.049  41.809 0.0000000000
154468  -22.037  -5.342  42.266 0.0000000000
72612  -19.162  -5.261  44.989 0.0000000000
71641  -18.606  -6.292  42.646 0.0000000000
70601  -16.318  -7.416  43.788 0.0000000000
71666  -17.343  -5.729  40.224 0.0000000000
149042  -15.995  -9.745  34.638 0.0000000000
71704  -15.268  -6.215  34.985 0.0000000000
68751  -13.996  -9.193  32.464 0.0000000000
69699  -11.831  -8.755  33.864 0.0000000000
136231  -49.229  -7.558  19.560 0.0000000000
69849  -48.395  -8.592  20.963 0.0000000000
72811  -44.476  -5.864  24.532 0.0000000000
71849  -44.851  -6.698  21.827 0.0000000000
72854  -42.465  -5.688  20.507 0.0000000000
73803  -41.131  -4.880  18.235 0.0000000000
73784  -40.325  -3.770  20.058 0.0000000000
132514  -39.411  -9.163  29.992 0.0000000000
70735  -41.144  -7.464  27.917 0.0000000000
70744  -38.688  -7.835  26.916 0.0000000000
58784  -20.175  -18.481  40.715 0.0000000000
58776  -19.282  -19.729  42.184 0.0000000000
57803  -19.231  -20.157  41.371 0.0000000000
51917  -19.150  -25.139  39.697 0.0000000000
53067  -18.048  -24.718  41.669 0.0000000000
129735  -16.359  -24.676  40.305 0.0000000000
50922  -20.505  -24.732  31.189 0.0000000000
50911  -19.979  -25.077  33.332 0.0000000000
75637  -23.501  -2.202  21.433 0.0000000000
145467  -24.348  -12.977  24.808 0.0000000000
68891  -23.578  -10.502  22.018 0.0000000000
66044  -21.887  -12.487  22.714 0.0000000000
65055  -20.169  -13.991  27.374 0.0000000000
66939  -19.119  -11.531  25.339 0.0000000000
149329  -18.793  -10.925  27.392 0.0000000000
70730  -20.876  -6.775  27.527 0.0000000000
68792  -19.891  -9.155  29.940 0.0000000000
69716  -21.353  -8.122  31.551 0.0000000000
145838  -19.786  -12.421  31.360 0.0000000000
152871  -18.359  -17.608  36.448 0.0000000000
61823  -20.763  -15.917  35.199 0.0000000000
59729  -20.236  -17.493  38.199 0.0000000000
60721  -21.482  -16.708  39.103 0.0000000000
153695  -47.560  -2.666  20.015 0.0000000000
140359  -48.549  -0.174  19.527 0.0000000000
66961  -6.335  -11.551  22.540 0.0000000000
156130  -4.496  -13.347  22.714 0.0000000000
144843  -13.767  -21.120  43.177 0.0000000000
137348  -11.453  -19.347  43.185 0.0000000000
76407  -21.202  -1.189  40.315 0.0000000000
78176  -18.441  0.445  39.769 0.0000000000
79069  -19.385  2.042  42.096 0.0000000000
86973  -18.628  10.777  43.693 0.0000000000
83348  -7.580  6.459  44.600 0.0000000000
81588  -10.005  4.221  41.923 0.0000000000
134288  -11.046  -7.469  45.271 0.0000000000
73598  -9.871  -4.007  46.869 0.0000000000
71613  -9.077  -6.049  44.298 0.0000000000
74542  -5.247  -3.832  38.228 0.0000000000
75468  -8.219  -2.155  40.010 0.0000000000
77308  -6.492  -0.935  38.054 0.0000000000
79086  -8.718  1.374  37.891 0.0000000000
78188  -6.190  0.452  35.988 0.0000000000
79117  -5.908  1.118  32.393 0.0000000000
76453  -5.676  -1.335  33.295 0.0000000000
70738  -7.527  -8.116  27.635 0.0000000000
71758  -10.195  -6.570  28.363 0.0000000000
131673  -8.736  -8.973  24.873 0.0000000000
148109  -9.590  -9.349  21.617 0.0000000000
74657  -11.697  -3.326  23.264 0.0000000000
60798  -36.662  -17.733  30.212 0.0000000000
62989  -36.142  -15.205  31.291 0.0000000000
61844  -35.980  -16.861  32.574 0.0000000000
61827  -33.834  -16.177  34.345 0.0000000000
62953  -31.503  -15.665  33.360 0.0000000000
55112  -30.011  -23.670  33.708 0.0000000000
61855  -30.857  -15.407  31.130 0.0000000000
59751  -32.869  -18.165  33.351 0.0000000000
145893  -31.577  -22.261  34.768 0.0000000000
151705  -52.077  5.533  17.310 0.0000000000
156489  -51.698  3.715  18.405 0.0000000000
81774  -50.349  4.704  21.278 0.0000000000
82662  -48.559  5.846  20.379 0.0000000000
65897  -14.411  -13.182  37.051 0.0000000000
62941  -12.174  -15.277  36.485 0.0000000000
63985  -12.893  -14.960  38.689 0.0000000000
62901  -10.249  -16.821  40.696 0.0000000000
60699  -7.368  -18.629  41.430 0.0000000000
64962  -25.323  -12.530  38.633 0.0000000000
68682  -27.602  -9.714  38.952 0.0000000000
66827  -26.305  -11.184  40.500 0.0000000000
132777  -23.858  -9.435  39.378 0.0000000000
149648  -21.597  -7.664  37.318 0.0000000000
71682  -19.255  -6.335  37.095 0.0000000000
68703  -19.537  -9.477  36.516 0.0000000000
66850  -17.316  -11.355  36.868 0.0000000000
140731  -47.328  -9.130  22.339 0.0000000000
66958  -45.568  -10.732  24.052 0.0000000000
70759  -45.882  -7.693  25.722 0.0000000000
136435  -43.928  -5.356  25.500 0.0000000000
68857  -34.940  -9.722  24.822 0.0000000000
69796  -36.677  -8.589  24.373 0.0000000000
68911  -35.191  -9.486  21.634 0.0000000000
57811  -17.209  -19.801  37.937 0.0000000000
57809  -18.383  -20.814  39.824 0.0000000000
56045  -18.925  -22.045  38.326 0.0000000000
54127  -20.155  -24.077  38.227 0.0000000000
51939  -19.012  -25.070  37.374 0.0000000000
154915  -23.469  -2.645  17.035 0.0000000000
131023  -25.145  -17.566  26.691 0.0000000000
61949  -22.671  -16.226  23.146 0.0000000000
59864  -21.985  -18.005  26.554 0.0000000000
60826  -19.416  -17.505  27.102 0.0000000000
63020  -19.674  -15.728  28.736 0.0000000000
61868  -20.088  -15.550  30.615 0.0000000000
60785  -17.154  -17.303  31.612 0.0000000000
59749  -16.412  -18.557  34.319 0.0000000000
136034  -43.461  -2.449  16.188 0.0000000000
153908  -6.115  -9.293  27.857 0.0000000000
66029  -5.883  -12.430  24.556 0.0000000000
66002  -5.912  -11.568  27.593 0.0000000000
64092  -6.886  -13.731  26.684 0.0000000000
78138  -19.369  0.784  45.448 0.0000000000
80674  -19.533  3.478  44.760 0.0000000000
80673  -17.593  3.383  45.162 0.0000000000
83357  -17.008  6.711  43.634 0.0000000000
83339  -8.372  6.526  47.458 0.0000000000
80660  -7.355  3.160  46.627 0.0000000000
70640  -8.802  -7.491  39.508 0.0000000000
71630  -7.563  -6.608  42.214 0.0000000000
69635  -6.345  -7.781  39.682 0.0000000000
71677  -5.635  -6.596  38.439 0.0000000000
72707  -7.362  -5.145  36.247 0.0000000000
74573  -9.265  -3.771  34.065 0.0000000000
72729  -6.603  -5.926  32.921 0.0000000000
70707  -6.135  -7.605  29.355 0.0000000000
152461  -7.921  2.648  28.229 0.0000000000
66007  -41.026  -12.061  27.440 0.0000000000
65048  -39.734  -12.474  28.741 0.0000000000
66905  -39.482  -10.963  31.709 0.0000000000
68785  -37.711  -9.441  30.941 0.0000000000
65963  -35.854  -12.523  32.620 0.0000000000
68757  -35.278  -10.330  32.120 0.0000000000
68814  -35.015  -9.850  28.380 0.0000000000
67831  -32.502  -10.830  26.899 0.0000000000
67880  -30.595  -10.124  24.107 0.0000000000
70791  -28.796  -7.939  22.162 0.0000000000
139004  -22.080  -21.160  31.184 0.0000000000
138886  -20.990  -23.128  33.129 0.0000000000
55152  -23.430  -22.968  30.577 0.0000000000
53175  -23.354  -24.231  29.911 0.0000000000
71842  -27.774  -6.224  21.397 0.0000000000
70777  -27.231  -8.033  24.182 0.0000000000
67836  -25.221  -11.040  25.682 0.0000000000
64112  -27.270  -15.129  25.363 0.0000000000
61893  -30.796  -16.663  29.365 0.0000000000
60832  -29.599  -17.531  27.321 0.0000000000
147744  -27.629  -17.536  26.250 0.0000000000
60805  -25.693  -17.951  29.393 0.0000000000
58848  -24.360  -19.621  30.551 0.0000000000
83654  -55.414  6.389  10.309 0.0000000000
85424  -55.444  9.031  11.185 0.0000000000
146003  -54.618  8.100  12.534 0.0000000000
87201  -52.541  10.340  14.906 0.0000000000
85368  -51.753  9.416  18.658 0.0000000000
85380  -50.296  9.217  17.460 0.0000000000
146449  -53.697  4.159  8.949 0.0000000000
135619  -8.046  -10.695  32.200 0.0000000000
65950  -4.504  -12.219  32.181 0.0000000000
65930  -6.158  -12.328  33.393 0.0000000000
64008  -4.792  -14.687  34.944 0.0000000000
62929  -7.285  -15.612  37.641 0.0000000000
74603  -24.761  -3.464  31.208 0.0000000000
74580  -20.653  -3.233  33.639 0.0000000000
132363  -23.147  -3.518  34.776 0.0000000000
75492  -23.193  -3.089  37.985 0.0000000000
76410  -23.369  -1.700  41.161 0.0000000000
72658  -28.537  -6.015  40.766 0.0000000000
74526  -25.739  -3.480  42.250 0.0000000000
77275  -22.386  -1.112  43.821 0.0000000000
75432  -19.386  -2.757  45.332 0.0000000000
75446  -17.168  -2.506  43.719 0.0000000000
75463  -13.291  -2.091  42.123 0.0000000000
76383  -11.340  -1.961  44.366 0.0000000000
72630  -13.602  -5.566  44.191 0.0000000000
70592  -14.150  -7.698  44.208 0.0000000000
153502  -12.478  -7.535  42.038 0.0000000000
153887  -16.243  -5.351  37.942 0.0000000000
72662  -13.789  -5.753  39.182 0.0000000000
71660  -11.002  -6.204  39.134 0.0000000000
70662  -10.414  -7.717  36.226 0.0000000000
148240  -9.663  -9.169  34.485 0.0000000000
74716  -50.463  -3.583  19.598 0.0000000000
72875  -49.960  -5.177  19.681 0.0000000000
73777  -49.080  -4.506  20.680 0.0000000000
73788  -47.370  -4.040  20.155 0.0000000000
71830  -47.141  -7.340  21.906 0.0000000000
133770  -46.152  -6.140  20.557 0.0000000000
74728  -44.622  -3.945  18.162 0.0000000000
73833  -41.724  -4.007  16.499 0.0000000000
68818  -43.275  -9.292  28.276 0.0000000000
71782  -42.617  -5.926  26.968 0.0000000000
74654  -41.002  -3.751  24.186 0.0000000000
70793  -38.127  -7.018  22.804 0.0000000000
73727  -38.994  -3.650  23.196 0.0000000000
74673  -39.514  -2.685  22.568 0.0000000000
61746  -19.869  -15.536  43.157 0.0000000000
61738  -16.561  -16.341  43.696 0.0000000000
135709  -18.306  -17.950  43.293 0.0000000000
57793  -16.175  -20.385  42.887 0.0000000000
56016  -15.002  -22.024  43.023 0.0000000000
56029  -18.911  -22.579  41.790 0.0000000000
140594  -17.120  -23.478  42.532 0.0000000000
53040  -13.851  -23.864  42.086 0.0000000000
155366  -20.507  -24.236  34.260 0.0000000000
51957  -19.709  -25.210  35.435 0.0000000000
130727  -17.593  -24.701  35.940 0.0000000000
76508  -23.579  -1.831  27.256 0.0000000000
71857  -25.760  -7.142  19.876 0.0000000000
70829  -23.426  -7.684  18.806 0.0000000000
129939  -22.313  -6.155  19.576 0.0000000000
66030  -19.931  -12.369  23.763 0.0000000000
144336  -20.332  -8.591  23.148 0.0000000000
142327  -22.362  -5.492  22.125 0.0000000000
72799  -23.596  -4.975  24.268 0.0000000000
73695  -24.914  -4.110  26.348 0.0000000000
74619  -24.664  -3.191  29.095 0.0000000000
71745  -24.085  -5.562  30.964 0.0000000000
69713  -22.793  -7.618  32.948 0.0000000000
67743  -22.847  -10.139  35.193 0.0000000000
64040  -20.754  -14.616  33.109 0.0000000000
64988  -21.869  -14.123  35.306 0.0000000000
136762  -23.013  -13.543  36.421 0.0000000000
62923  -23.570  -15.295  38.723 0.0000000000
61758  -22.489  -16.022  41.154 0.0000000000
153112  -50.181  -0.875  20.757 0.0000000000
80114  -49.001  2.916  19.362 0.0000000000
61734  -13.286  -16.994  43.440 0.0000000000
59691  -9.504  -18.538  42.751 0.0000000000
76432  -17.963  -1.100  36.012 0.0000000000
145036  -20.653  5.858  43.036 0.0000000000
131346  -10.113  -1.442  47.019 0.0000000000
77257  -7.947  -0.641  46.850 0.0000000000
78140  -7.750  0.858  44.625 0.0000000000
74514  -8.941  -3.897  42.189 0.0000000000
76393  -8.588  -0.660  42.470 0.0000000000
79055  -8.623  1.469  42.770 0.0000000000
79931  -10.623  2.189  40.165 0.0000000000
133279  -11.798  3.060  38.024 0.0000000000
79994  -8.760  2.580  32.752 0.0000000000
132167  -6.719  1.916  30.255 0.0000000000
77368  -7.960  -0.804  28.032 0.0000000000
74598  -10.109  -3.699  31.520 0.0000000000
74625  -11.128  -4.007  28.449 0.0000000000
73693  -11.592  -3.714  25.676 0.0000000000
71817  -11.625  -6.504  22.220 0.0000000000
54173  -36.496  -23.716  33.065 0.0000000000
54170  -35.282  -23.859  34.669 0.0000000000
155906  -50.684  -1.500  17.631 0.0000000000
76615  -50.363  -2.159  17.716 0.0000000000
63968  -17.807  -14.436  41.576 0.0000000000
63966  -15.986  -14.654  41.426 0.0000000000
63953  -17.262  -15.181  42.649 0.0000000000
63956  -19.803  -14.370  42.300 0.0000000000
64929  -20.649  -13.617  41.763 0.0000000000
135787  -19.074  -14.108  41.716 0.0000000000
64940  -18.658  -13.624  40.697 0.0000000000
70833  -29.421  -7.750  19.622 0.0000000000
69866  -30.800  -8.290  18.745 0.0000000000
71890  -30.310  -6.716  18.619 0.0000000000
73799  -31.131  -4.713  18.743 0.0000000000
136240  -29.937  -4.962  18.401 0.0000000000
57837  -19.912  -21.328  33.649 0.0000000000
56931  -20.038  -21.852  34.348 0.0000000000
56932  -20.365  -22.303  33.909 0.0000000000
72886  -28.475  -4.995  18.780 0.0000000000
139001  -21.005  -20.878  31.527 0.0000000000
154103  -21.212  -19.812  31.196 0.0000000000
57867  -20.201  -20.935  32.601 0.0000000000
57866  -19.475  -20.330  32.710 0.0000000000
84592  -56.239  7.272  7.946 0.0000000000
85454  -56.592  8.904  7.952 0.0000000000
84577  -56.203  7.841  9.315 0.0000000000
83688  -56.151  6.928  7.663 0.0000000000
147935  -56.265  6.912  6.699 0.0000000000
67776  -4.666  -9.940  31.399 0.0000000000
66907  -4.099  -11.395  30.602 0.0000000000
66877  -4.444  -11.436  31.566 0.0000000000
75565  -20.472  -2.515  29.323 0.0000000000
75552  -18.926  -1.943  30.321 0.0000000000
145092  -19.649  -2.520  30.683 0.0000000000
139981  -12.889  0.717  41.677 0.0000000000
79923  -13.329  2.429  41.667 0.0000000000
79911  -12.378  2.702  42.607 0.0000000000
81577  -12.009  4.548  42.965 0.0000000000
150442  -11.423  2.459  43.712 0.0000000000
79904  -10.665  2.952  44.953 0.0000000000
79051  -11.209  1.329  44.026 0.0000000000
136326  -6.118  -9.305  32.514 0.0000000000
69698  -5.422  -8.464  33.340 0.0000000000
134696  -4.833  -8.630  32.252 0.0000000000
68743  -4.693  -8.328  32.035 0.0000000000
63024  -36.420  -15.665  28.540 0.0000000000
149509  -36.499  -14.430  29.333 0.0000000000
64055  -36.345  -14.558  30.037 0.0000000000
65941  -30.099  -12.472  32.491 0.0000000000
66892  -30.939  -11.268  32.362 0.0000000000
67782  -29.348  -10.535  30.797 0.0000000000
68795  -29.062  -9.663  29.290 0.0000000000
133381  -28.374  -10.403  29.915 0.0000000000
56072  -27.498  -22.272  32.686 0.0000000000
55124  -26.968  -22.657  32.045 0.0000000000
55125  -27.555  -23.009  32.647 0.0000000000
67803  -27.004  -11.055  28.908 0.0000000000
65011  -27.875  -12.919  30.202 0.0000000000
56935  -28.972  -21.757  32.707 0.0000000000
141693  -29.278  -21.230  32.467 0.0000000000
57838  -27.932  -21.338  32.537 0.0000000000
154467  -27.651  -21.081  32.299 0.0000000000
81840  -52.828  4.232  13.745 0.0000000000
154199  -53.237  5.407  14.130 0.0000000000
82707  -52.532  5.289  15.869 0.0000000000
80150  -52.060  2.804  13.295 0.0000000000
65001  -13.132  -13.156  33.643 0.0000000000
64984  -11.056  -13.783  34.159 0.0000000000
64020  -11.572  -14.400  34.609 0.0000000000
59704  -4.163  -19.661  39.991 0.0000000000
59709  -4.167  -19.321  39.544 0.0000000000
68721  -25.106  -8.917  36.264 0.0000000000
70667  -26.065  -7.656  36.168 0.0000000000
68708  -26.334  -8.918  37.188 0.0000000000
145318  -22.496  -5.947  38.577 0.0000000000
72671  -22.933  -5.401  40.127 0.0000000000
129903  -21.120  -5.538  40.451 0.0000000000
72645  -20.168  -5.692  42.558 0.0000000000
142860  -19.110  -5.718  41.028 0.0000000000
71653  -18.318  -6.021  41.570 0.0000000000
72668  -19.128  -5.688  39.841 0.0000000000
131340  -14.864  -11.614  34.682 0.0000000000
67750  -15.258  -10.092  33.456 0.0000000000
66868  -14.385  -11.404  33.269 0.0000000000
67765  -13.346  -10.721  32.495 0.0000000000
68941  -46.541  -9.289  19.586 0.0000000000
73747  -43.152  -4.792  23.723 0.0000000000
72839  -43.386  -5.947  22.085 0.0000000000
73762  -42.175  -4.718  22.142 0.0000000000
73773  -41.337  -4.538  20.801 0.0000000000
73760  -40.898  -3.818  21.366 0.0000000000
147400  -38.331  -8.750  28.378 0.0000000000
70732  -39.178  -7.984  27.570 0.0000000000
69772  -37.939  -8.239  26.973 0.0000000000
58789  -19.355  -18.916  39.978 0.0000000000
58783  -19.690  -19.277  41.144 0.0000000000
154594  -19.007  -19.541  40.284 0.0000000000
51915  -18.244  -25.095  39.284 0.0000000000
129217  -17.533  -24.885  39.995 0.0000000000
53099  -16.942  -24.213  38.708 0.0000000000
76569  -22.959  -0.857  20.900 0.0000000000
75648  -23.144  -2.534  20.703 0.0000000000
64122  -24.681  -14.014  24.272 0.0000000000
66032  -22.993  -12.046  23.432 0.0000000000
131214  -23.789  -14.351  22.504 0.0000000000
65045  -20.155  -14.018  28.272 0.0000000000
65995  -19.413  -12.562  27.679 0.0000000000
129707  -19.275  -12.208  28.619 0.0000000000
68807  -19.411  -9.531  28.388 0.0000000000
67801  -19.260  -10.758  29.497 0.0000000000
67789  -19.600  -10.851  30.951 0.0000000000
65978  -19.721  -13.049  30.651 0.0000000000
59727  -18.188  -18.141  37.630 0.0000000000
60725  -18.959  -17.722  37.010 0.0000000000
59722  -19.610  -18.104  38.776 0.0000000000
59723  -20.427  -17.643  39.086 0.0000000000
75686  -46.464  -2.465  18.920 0.0000000000
76603  -46.781  -1.649  18.711 0.0000000000
67871  -6.687  -11.025  23.671 0.0000000000
66950  -5.194  -12.446  22.956 0.0000000000
154047  -5.805  -11.892  23.748 0.0000000000
56014  -13.213  -22.375  42.685 0.0000000000
77294  -21.144  -0.411  41.586 0.0000000000
78167  -19.983  0.476  41.725 0.0000000000
78159  -20.086  1.058  42.432 0.0000000000
82465  -7.690  5.081  44.708 0.0000000000
84256  -7.651  7.100  43.890 0.0000000000
82473  -8.181  5.333  43.764 0.0000000000
70600  -10.503  -7.794  43.882 0.0000000000
71614  -9.598  -6.264  45.078 0.0000000000
70598  -8.789  -7.340  43.219 0.0000000000
144277  -4.867  -2.934  36.499 0.0000000000
75487  -5.406  -2.462  37.645 0.0000000000
77313  -5.349  -1.414  36.646 0.0000000000
77320  -5.763  -0.459  36.390 0.0000000000
156216  -4.884  -1.858  35.443 0.0000000000
77331  -5.117  -1.234  34.265 0.0000000000
75508  -6.357  -2.482  34.400 0.0000000000
69761  -7.150  -9.087  26.806 0.0000000000
69763  -8.322  -8.536  26.487 0.0000000000
68863  -7.688  -9.703  24.919 0.0000000000
68873  -7.774  -9.924  23.916 0.0000000000
77383  -9.750  -0.081  25.802 0.0000000000
140162  -11.225  -0.281  24.059 0.0000000000
77399  -11.053  -1.200  24.142 0.0000000000
59802  -36.732  -19.019  30.352 0.0000000000
60789  -36.657  -17.794  31.095 0.0000000000
60776  -36.666  -18.711  31.455 0.0000000000
59737  -34.315  -19.171  33.706 0.0000000000
61814  -34.829  -18.337  33.875 0.0000000000
62944  -33.122  -17.729  34.554 0.0000000000
62961  -32.150  -15.144  34.286 0.0000000000
61799  -32.767  -16.772  34.261 0.0000000000
54153  -29.917  -24.559  35.089 0.0000000000
53140  -29.772  -24.782  33.034 0.0000000000
53141  -30.557  -25.121  33.936 0.0000000000
60766  -32.716  -17.617  33.334 0.0000000000
59743  -33.027  -18.093  34.835 0.0000000000
152106  -32.826  -23.225  35.508 0.0000000000
56923  -32.783  -22.146  34.385 0.0000000000
55113  -30.653  -23.189  35.654 0.0000000000
56062  -30.403  -22.776  34.182 0.0000000000
132744  -52.065  2.286  17.108 0.0000000000
79295  -51.967  1.573  17.476 0.0000000000
130496  -51.553  2.054  20.024 0.0000000000
80124  -51.592  2.916  19.602 0.0000000000
80940  -50.449  3.607  21.048 0.0000000000
134996  -49.705  5.481  21.438 0.0000000000
81787  -49.449  4.277  20.672 0.0000000000
65889  -15.163  -13.094  37.928 0.0000000000
64959  -13.938  -13.777  37.694 0.0000000000
64952  -14.027  -14.095  38.600 0.0000000000
63949  -12.700  -15.899  41.421 0.0000000000
63962  -12.262  -16.016  40.519 0.0000000000
62888  -10.731  -16.808  41.172 0.0000000000
134478  -9.164  -17.549  41.002 0.0000000000
61742  -9.609  -17.452  41.748 0.0000000000
64956  -24.925  -13.692  39.407 0.0000000000
154761  -26.264  -11.929  39.778 0.0000000000
65876  -24.968  -12.394  40.844 0.0000000000
66831  -22.238  -11.179  39.810 0.0000000000
67717  -23.131  -11.019  40.079 0.0000000000
67728  -22.605  -10.303  39.252 0.0000000000
69653  -22.657  -8.661  38.187 0.0000000000
68691  -21.324  -9.479  37.841 0.0000000000
68705  -20.867  -8.583  37.020 0.0000000000
67732  -20.477  -10.361  37.971 0.0000000000
64955  -17.102  -13.058  38.760 0.0000000000
66841  -17.696  -11.742  37.407 0.0000000000
65900  -16.413  -12.365  37.596 0.0000000000
65906  -15.361  -12.215  36.661 0.0000000000
67845  -45.337  -10.194  26.530 0.0000000000
67856  -45.566  -10.121  25.932 0.0000000000
149118  -45.633  -8.316  26.924 0.0000000000
71794  -45.372  -6.880  25.820 0.0000000000
71784  -44.236  -6.440  26.675 0.0000000000
67884  -34.075  -10.177  23.711 0.0000000000
68883  -35.313  -9.497  23.432 0.0000000000
67897  -33.963  -10.201  22.797 0.0000000000
71876  -32.604  -7.378  19.121 0.0000000000
131860  -33.834  -8.590  19.234 0.0000000000
71877  -33.637  -7.647  19.449 0.0000000000
72834  -32.102  -6.694  21.503 0.0000000000
138628  -17.067  -20.362  36.771 0.0000000000
56907  -17.798  -21.094  37.980 0.0000000000
56908  -18.329  -21.456  37.267 0.0000000000
56054  -20.434  -23.002  36.199 0.0000000000
149843  -20.248  -23.180  37.645 0.0000000000
55100  -20.396  -23.780  37.234 0.0000000000
53101  -19.665  -24.808  38.261 0.0000000000
53110  -20.072  -24.757  36.658 0.0000000000
74750  -24.608  -3.536  16.639 0.0000000000
151669  -24.010  -17.548  28.391 0.0000000000
60847  -23.471  -17.575  26.396 0.0000000000
60815  -23.099  -17.723  27.963 0.0000000000
59809  -19.375  -18.768  29.207 0.0000000000
59828  -19.825  -18.628  28.373 0.0000000000
59841  -18.604  -18.148  28.174 0.0000000000
61906  -18.977  -16.970  27.583 0.0000000000
60801  -17.965  -17.502  29.044 0.0000000000
61880  -18.270  -16.579  30.124 0.0000000000
59789  -17.362  -18.271  30.509 0.0000000000
58819  -17.025  -19.917  34.508 0.0000000000
58829  -16.668  -19.321  33.818 0.0000000000
57825  -16.826  -19.978  35.364 0.0000000000
58801  -16.607  -19.226  36.593 0.0000000000
84621  -57.230  7.504  4.607 0.0000000000
68806  -5.664  -9.081  28.411 0.0000000000
67823  -5.867  -10.350  27.580 0.0000000000
67822  -5.316  -10.423  28.247 0.0000000000
65042  -4.627  -13.078  29.221 0.0000000000
65052  -6.191  -12.984  27.922 0.0000000000
78145  -17.817  0.774  45.149 0.0000000000
141264  -18.342  2.201  45.559 0.0000000000
79912  -17.292  2.168  44.670 0.0000000000
82486  -14.711  5.329  42.338 0.0000000000
82487  -16.595  5.785  43.673 0.0000000000
84264  -16.028  7.287  42.377 0.0000000000
133554  -16.714  9.275  41.898 0.0000000000
85183  -15.963  8.610  41.199 0.0000000000
85191  -14.175  8.194  40.128 0.0000000000
84262  -11.357  7.509  42.678 0.0000000000
155128  -9.941  8.199  45.136 0.0000000000
80661  -9.617  3.885  47.083 0.0000000000
82457  -9.542  5.894  47.078 0.0000000000
81557  -8.659  4.960  47.607 0.0000000000
156267  -7.488  4.522  46.966 0.0000000000
80656  -7.981  2.670  47.870 0.0000000000
69652  -8.595  -8.304  37.871 0.0000000000
69637  -7.392  -7.938  39.921 0.0000000000
68677  -7.240  -8.663  38.339 0.0000000000
70670  -5.410  -7.782  35.071 0.0000000000
70652  -5.900  -7.749  37.134 0.0000000000
70653  -6.153  -7.172  36.866 0.0000000000
72693  -6.061  -5.767  37.559 0.0000000000
71700  -6.892  -6.472  35.614 0.0000000000
72724  -7.888  -5.934  34.419 0.0000000000
71722  -5.832  -6.432  33.336 0.0000000000
70705  -4.695  -8.034  30.047 0.0000000000
71746  -5.410  -6.922  30.582 0.0000000000
70714  -5.618  -7.883  29.321 0.0000000000
69742  -5.969  -8.345  28.629 0.0000000000
150346  -8.986  4.667  28.650 0.0000000000
80820  -8.213  3.788  29.431 0.0000000000
65069  -39.085  -12.528  26.788 0.0000000000
65047  -38.708  -12.679  28.222 0.0000000000
65973  -38.340  -11.732  31.334 0.0000000000
138729  -39.209  -11.592  31.200 0.0000000000
66897  -38.910  -10.698  31.803 0.0000000000
148083  -38.847  -10.217  31.804 0.0000000000
68760  -38.201  -10.044  31.866 0.0000000000
64038  -35.327  -14.176  32.974 0.0000000000
65015  -35.937  -13.302  32.176 0.0000000000
143330  -35.238  -12.771  33.213 0.0000000000
68755  -33.118  -10.439  31.982 0.0000000000
147620  -34.271  -10.519  32.883 0.0000000000
140269  -34.444  -10.215  31.050 0.0000000000
138586  -35.287  -10.063  31.035 0.0000000000
67809  -33.903  -10.198  29.412 0.0000000000
137599  -33.618  -10.386  28.053 0.0000000000
132964  -32.815  -10.727  27.982 0.0000000000
68855  -29.456  -9.189  25.792 0.0000000000
68856  -30.039  -9.912  25.949 0.0000000000
131930  -29.331  -9.094  24.782 0.0000000000
68880  -29.693  -9.277  22.856 0.0000000000
70780  -28.574  -8.159  23.508 0.0000000000
56956  -23.176  -21.000  31.045 0.0000000000
56961  -22.792  -21.708  31.162 0.0000000000
56962  -23.809  -21.615  30.881 0.0000000000
53165  -25.477  -24.208  30.147 0.0000000000
54201  -24.427  -24.113  29.913 0.0000000000
71809  -27.964  -7.229  22.802 0.0000000000
70766  -27.633  -8.213  24.734 0.0000000000
65989  -26.263  -12.842  28.051 0.0000000000
67826  -25.774  -10.777  26.474 0.0000000000
65057  -25.794  -12.989  26.819 0.0000000000
147655  -25.636  -13.656  25.866 0.0000000000
132786  -26.747  -14.192  26.843 0.0000000000
144924  -32.036  -17.849  31.651 0.0000000000
61871  -31.276  -16.226  30.948 0.0000000000
60787  -31.793  -17.973  30.945 0.0000000000
148340  -29.554  -19.599  30.346 0.0000000000
58896  -30.502  -18.898  29.252 0.0000000000
59817  -29.274  -18.906  29.048 0.0000000000
60831  -28.933  -17.796  27.036 0.0000000000
59846  -28.068  -18.224  27.869 0.0000000000
60818  -26.400  -17.896  28.527 0.0000000000
59814  -26.477  -18.565  30.080 0.0000000000
57871  -25.682  -20.140  31.081 0.0000000000
59764  -24.929  -19.384  30.392 0.0000000000
148443  -24.640  -19.991  30.754 0.0000000000
57869  -23.007  -20.482  30.817 0.0000000000
82775  -54.935  5.694  10.913 0.0000000000
132849  -55.207  7.143  11.362 0.0000000000
83640  -54.620  6.668  12.226 0.0000000000
85397  -53.355  8.484  15.076 0.0000000000
85402  -53.656  8.838  14.321 0.0000000000
86261  -52.780  9.983  15.378 0.0000000000
83571  -51.637  6.081  18.442 0.0000000000
83572  -52.061  7.327  18.022 0.0000000000
84471  -51.227  8.028  19.704 0.0000000000
85367  -49.286  9.243  18.771 0.0000000000
81003  -54.188  4.486  11.113 0.0000000000
143658  -53.229  3.833  9.244 0.0000000000
81876  -54.659  5.066  10.743 0.0000000000
81877  -55.084  5.563  10.315 0.0000000000
66882  -8.957  -11.034  32.268 0.0000000000
65951  -6.767  -11.703  32.817 0.0000000000
65952  -7.736  -11.909  32.856 0.0000000000
64972  -6.829  -13.986  35.293 0.0000000000
64971  -6.090  -13.963  35.112 0.0000000000
64963  -5.412  -14.674  35.595 0.0000000000
62945  -4.467  -15.443  35.258 0.0000000000
62936  -4.894  -15.341  35.917 0.0000000000
61790  -10.482  -16.329  37.556 0.0000000000
61795  -9.979  -16.237  36.994 0.0000000000
62919  -7.891  -16.342  38.096 0.0000000000
61787  -4.898  -17.065  37.682 0.0000000000
73668  -25.541  -4.181  32.173 0.0000000000
74584  -24.350  -3.502  33.000 0.0000000000
150965  -25.710  -3.940  33.349 0.0000000000
74554  -26.383  -3.833  37.471 0.0000000000
74552  -24.649  -3.488  37.236 0.0000000000
74545  -25.137  -3.371  38.629 0.0000000000
75475  -23.727  -2.559  39.788 0.0000000000
75476  -24.634  -2.740  40.124 0.0000000000
69647  -28.220  -9.008  40.157 0.0000000000
70644  -28.684  -7.613  39.533 0.0000000000
70636  -28.313  -7.439  40.687 0.0000000000
73631  -23.793  -4.550  42.694 0.0000000000
73633  -25.502  -4.328  42.482 0.0000000000
74512  -23.867  -4.033  43.159 0.0000000000
76392  -23.992  -2.106  42.994 0.0000000000
75441  -22.537  -3.493  43.816 0.0000000000
75433  -20.245  -2.253  45.040 0.0000000000
74496  -20.500  -3.616  44.833 0.0000000000
73609  -17.909  -5.209  44.604 0.0000000000
74500  -17.990  -3.957  44.750 0.0000000000
74509  -17.001  -3.513  43.681 0.0000000000
75457  -15.720  -2.390  42.475 0.0000000000
73630  -15.145  -4.012  43.034 0.0000000000
74507  -13.326  -4.011  43.269 0.0000000000
72632  -15.526  -5.687  44.015 0.0000000000
70608  -15.752  -7.546  42.890 0.0000000000
69617  -15.100  -7.788  43.938 0.0000000000
69633  -14.438  -7.683  42.731 0.0000000000
69626  -12.974  -7.914  43.369 0.0000000000
70632  -13.697  -6.882  41.158 0.0000000000
145440  -18.733  -7.380  35.748 0.0000000000
72714  -17.598  -6.070  37.066 0.0000000000
71694  -17.467  -6.411  36.202 0.0000000000
147619  -13.899  -5.957  35.106 0.0000000000
72711  -14.616  -5.434  36.325 0.0000000000
131061  -13.058  -5.368  37.007 0.0000000000
72661  -12.088  -5.913  39.224 0.0000000000
72694  -11.809  -5.701  37.578 0.0000000000
71679  -10.262  -6.827  37.631 0.0000000000
143671  -10.897  -7.192  36.226 0.0000000000
68747  -11.076  -9.761  32.766 0.0000000000
68737  -10.813  -9.299  33.394 0.0000000000
139460  -10.195  -9.686  32.745 0.0000000000
133732  -9.255  -9.648  32.680 0.0000000000
70826  -49.112  -7.125  20.470 0.0000000000
71868  -49.444  -6.403  20.197 0.0000000000
133409  -48.541  -5.027  20.612 0.0000000000
73776  -47.952  -4.517  20.520 0.0000000000
138291  -47.754  -5.485  20.578 0.0000000000
68886  -46.655  -8.796  23.756 0.0000000000
69832  -47.563  -8.668  22.187 0.0000000000
70794  -46.445  -7.675  23.127 0.0000000000
71865  -44.719  -6.476  20.783 0.0000000000
71866  -45.675  -6.593  21.192 0.0000000000
72872  -44.606  -6.093  19.918 0.0000000000
73786  -45.567  -4.926  19.398 0.0000000000
72893  -44.614  -5.396  19.138 0.0000000000
73824  -43.859  -4.245  17.758 0.0000000000
72904  -42.738  -4.944  17.775 0.0000000000
73819  -39.544  -4.257  17.620 0.0000000000
73831  -39.801  -4.128  16.803 0.0000000000
65991  -41.506  -11.696  29.239 0.0000000000
65999  -42.774  -11.386  27.970 0.0000000000
67811  -42.475  -9.681  29.414 0.0000000000
156661  -40.415  -6.523  26.266 0.0000000000
71769  -41.483  -6.921  27.457 0.0000000000
72779  -41.518  -5.568  26.267 0.0000000000
72793  -41.934  -4.845  25.965 0.0000000000
72803  -40.870  -4.661  24.873 0.0000000000
69815  -37.036  -8.162  22.848 0.0000000000
70792  -37.651  -7.649  23.226 0.0000000000
133575  -37.521  -7.586  22.335 0.0000000000
143844  -38.683  -2.991  22.990 0.0000000000
60698  -20.018  -16.443  43.065 0.0000000000
60696  -18.470  -16.792  43.595 0.0000000000
59696  -19.247  -17.695  43.028 0.0000000000
57799  -18.046  -20.741  42.564 0.0000000000
58774  -17.510  -19.911  42.618 0.0000000000
57794  -16.968  -20.663  42.680 0.0000000000
56884  -15.692  -21.477  42.931 0.0000000000
143707  -16.361  -21.678  42.742 0.0000000000
56038  -19.206  -22.525  40.468 0.0000000000
56900  -18.906  -21.849  40.906 0.0000000000
55086  -19.257  -23.157  41.380 0.0000000000
53073  -16.551  -24.872  41.588 0.0000000000
54102  -17.449  -24.164  42.261 0.0000000000
53053  -15.941  -24.483  42.001 0.0000000000
54093  -15.108  -23.671  42.280 0.0000000000
53063  -14.217  -24.665  41.475 0.0000000000
51906  -13.346  -24.977  41.247 0.0000000000
55143  -21.230  -23.566  32.740 0.0000000000
55134  -20.785  -23.698  33.586 0.0000000000
54179  -20.809  -23.980  33.298 0.0000000000
50909  -19.099  -25.281  33.702 0.0000000000
50893  -19.781  -25.258  34.705 0.0000000000
50900  -19.169  -25.260  34.772 0.0000000000
50883  -18.658  -25.030  35.695 0.0000000000
130150  -17.866  -24.776  34.819 0.0000000000
77394  -22.751  -1.101  25.013 0.0000000000
76532  -22.317  -1.237  25.897 0.0000000000
76534  -24.041  -1.600  25.630 0.0000000000
70805  -26.363  -7.245  21.565 0.0000000000
71858  -26.458  -6.317  20.338 0.0000000000
70804  -25.815  -8.443  21.184 0.0000000000
67902  -22.726  -10.499  21.964 0.0000000000
142142  -23.991  -9.255  19.784 0.0000000000
155138  -22.536  -9.042  20.128 0.0000000000
133464  -22.699  -6.833  18.956 0.0000000000
70818  -21.988  -7.787  20.165 0.0000000000
63045  -21.453  -15.822  24.013 0.0000000000
143755  -21.449  -14.834  22.604 0.0000000000
65081  -19.942  -13.597  23.886 0.0000000000
144349  -19.294  -9.630  24.925 0.0000000000
68864  -19.551  -9.809  24.478 0.0000000000
70775  -20.391  -8.046  23.700 0.0000000000
70786  -21.133  -7.483  22.338 0.0000000000
71807  -21.677  -6.639  23.637 0.0000000000
72807  -22.671  -5.269  22.978 0.0000000000
71797  -21.625  -6.511  24.465 0.0000000000
70731  -21.310  -6.708  28.344 0.0000000000
71778  -22.731  -5.434  27.023 0.0000000000
71767  -22.875  -5.492  27.967 0.0000000000
73688  -24.838  -3.398  27.658 0.0000000000
72759  -23.777  -5.139  29.324 0.0000000000
72760  -24.431  -4.622  29.729 0.0000000000
71752  -22.668  -6.363  30.344 0.0000000000
68753  -21.115  -9.328  32.633 0.0000000000
69712  -22.198  -8.027  32.616 0.0000000000
68741  -22.113  -9.198  33.720 0.0000000000
68742  -22.737  -8.733  34.127 0.0000000000
66861  -21.575  -10.984  34.186 0.0000000000
137102  -19.480  -16.289  31.946 0.0000000000
62986  -20.606  -14.815  32.201 0.0000000000
61854  -20.226  -16.110  32.747 0.0000000000
61807  -21.118  -15.764  35.933 0.0000000000
61824  -21.112  -15.455  35.193 0.0000000000
62951  -22.049  -15.114  36.016 0.0000000000
64976  -22.425  -13.882  35.854 0.0000000000
62952  -22.528  -14.907  36.580 0.0000000000
63994  -23.421  -14.676  37.519 0.0000000000
141536  -22.364  -15.664  37.543 0.0000000000
60714  -21.507  -16.934  40.372 0.0000000000
60715  -22.006  -16.618  40.097 0.0000000000
61757  -21.868  -16.381  41.507 0.0000000000
61752  -21.454  -15.630  42.407 0.0000000000
86298  -54.952  9.225  11.698 0.0000000000
74703  -50.253  -3.345  20.360 0.0000000000
147309  -50.847  -1.924  20.264 0.0000000000
133352  -49.904  -1.476  20.838 0.0000000000
79294  -48.137  1.522  18.022 0.0000000000
79287  -48.517  1.089  18.788 0.0000000000
80965  -48.122  3.214  17.752 0.0000000000
81799  -47.723  5.123  18.187 0.0000000000
63078  -4.288  -14.498  19.924 0.0000000000
65072  -6.385  -13.516  25.199 0.0000000000
65087  -4.914  -13.840  23.861 0.0000000000
64129  -6.116  -14.777  23.960 0.0000000000
65009  -4.466  -13.181  32.704 0.0000000000
65016  -4.133  -13.634  31.888 0.0000000000
133238  -15.747  -17.522  43.987 0.0000000000
61736  -15.234  -16.840  43.880 0.0000000000
60689  -14.498  -17.372  43.922 0.0000000000
57798  -9.307  -20.277  42.171 0.0000000000
135665  -10.612  -18.753  43.156 0.0000000000
57785  -8.687  -19.745  42.315 0.0000000000
152230  -7.910  -19.440  42.253 0.0000000000
147568  -20.332  -2.628  35.896 0.0000000000
75510  -18.679  -2.023  34.748 0.0000000000
76434  -19.018  -1.679  36.889 0.0000000000
82463  -19.667  5.215  45.120 0.0000000000
81579  -19.659  4.386  44.294 0.0000000000
83351  -20.636  6.343  44.816 0.0000000000
83376  -10.299  6.114  40.213 0.0000000000
84291  -9.830  7.151  39.048 0.0000000000
82507  -11.846  5.239  38.704 0.0000000000
74498  -11.385  -3.904  45.263 0.0000000000
76377  -10.490  -1.704  46.340 0.0000000000
75428  -10.425  -2.743  46.723 0.0000000000
75427  -8.935  -3.104  46.110 0.0000000000
149243  -8.765  -2.377  46.984 0.0000000000
138849  -8.316  -1.659  46.213 0.0000000000
77261  -7.698  -0.208  46.097 0.0000000000
76381  -8.285  -1.264  45.084 0.0000000000
134099  -6.773  -6.222  41.089 0.0000000000
73626  -7.672  -5.374  42.052 0.0000000000
73636  -7.342  -5.014  41.191 0.0000000000
76413  -8.351  -1.146  40.098 0.0000000000
155106  -8.793  -1.671  41.327 0.0000000000
77288  -8.615  -0.037  41.952 0.0000000000
148802  -8.564  0.381  42.556 0.0000000000
79063  -9.046  0.891  41.601 0.0000000000
79927  -9.620  1.906  41.479 0.0000000000
79074  -9.473  1.104  40.011 0.0000000000
79095  -8.587  1.543  36.837 0.0000000000
79088  -9.996  1.899  37.880 0.0000000000
133398  -10.221  2.324  36.425 0.0000000000
79952  -11.578  3.031  36.366 0.0000000000
79970  -10.322  2.621  34.928 0.0000000000
80736  -10.948  3.103  34.384 0.0000000000
79969  -9.486  2.343  34.603 0.0000000000
78210  -5.933  0.205  31.660 0.0000000000
79126  -6.276  1.638  31.675 0.0000000000
78221  -6.474  0.256  30.469 0.0000000000
78234  -6.924  0.478  29.387 0.0000000000
76485  -8.207  -1.241  29.009 0.0000000000
129521  -9.033  -5.248  32.148 0.0000000000
156113  -9.698  -3.552  32.780 0.0000000000
72745  -9.580  -4.999  31.419 0.0000000000
71773  -10.881  -7.051  26.749 0.0000000000
72763  -11.186  -5.627  28.208 0.0000000000
72766  -11.844  -5.370  26.981 0.0000000000
130141  -11.458  -3.672  26.597 0.0000000000
72771  -12.098  -5.304  26.001 0.0000000000
72797  -12.271  -5.405  24.239 0.0000000000
136695  -12.007  -6.725  24.077 0.0000000000
67915  -7.257  -10.320  20.631 0.0000000000
68921  -8.553  -9.218  20.614 0.0000000000
68919  -5.523  -9.855  20.533 0.0000000000
138047  -36.641  -20.236  32.088 0.0000000000
147574  -36.881  -22.221  32.015 0.0000000000
136947  -35.582  -21.004  33.412 0.0000000000
57821  -34.427  -20.232  33.568 0.0000000000
53143  -32.039  -25.508  34.478 0.0000000000
51987  -31.402  -25.151  32.946 0.0000000000
57828  -33.968  -20.496  33.470 0.0000000000
56065  -34.404  -22.534  34.000 0.0000000000
54156  -34.325  -23.867  35.202 0.0000000000
78382  -51.594  0.414  17.533 0.0000000000
134897  -51.265  -0.317  17.496 0.0000000000
78368  -51.618  -0.166  18.907 0.0000000000
78349  -51.536  0.173  19.882 0.0000000000
64947  -16.037  -13.629  39.301 0.0000000000
64937  -14.812  -14.110  39.975 0.0000000000
63976  -15.258  -14.330  40.681 0.0000000000
130475  -14.362  -15.184  41.904 0.0000000000
63942  -13.829  -15.655  42.160 0.0000000000
63960  -23.262  -13.987  41.697 0.0000000000
65874  -23.762  -12.608  41.279 0.0000000000
64931  -22.233  -13.137  41.645 0.0000000000
132749  -21.440  -12.618  40.988 0.0000000000
66829  -20.751  -11.948  39.750 0.0000000000
66835  -19.751  -11.756  38.726 0.0000000000
138833  -19.091  -12.809  39.488 0.0000000000
65883  -17.812  -13.155  39.221 0.0000000000
66929  -44.516  -10.498  27.006 0.0000000000
67904  -31.743  -10.117  21.690 0.0000000000
67906  -33.306  -10.082  21.198 0.0000000000
129793  -32.019  -9.520  19.704 0.0000000000
154356  -31.789  -7.838  18.580 0.0000000000
71875  -31.802  -6.344  19.059 0.0000000000
72833  -31.905  -5.805  20.815 0.0000000000
154181  -18.295  -20.704  34.841 0.0000000000
56917  -19.254  -21.503  35.751 0.0000000000
56930  -19.624  -21.530  34.953 0.0000000000
56053  -20.295  -22.522  35.789 0.0000000000
55107  -20.508  -23.402  35.668 0.0000000000
59776  -22.551  -18.917  30.560 0.0000000000
59812  -22.590  -18.179  29.631 0.0000000000
59792  -21.566  -18.836  30.465 0.0000000000
58885  -19.913  -19.118  30.802 0.0000000000
131807  -18.989  -19.225  30.764 0.0000000000
58863  -17.443  -19.160  31.580 0.0000000000
135124  -17.984  -19.643  32.159 0.0000000000
57850  -18.232  -20.261  33.610 0.0000000000
85465  -56.768  8.206  5.897 0.0000000000
84613  -56.522  7.195  6.019 0.0000000000
69720  -4.511  -8.843  30.259 0.0000000000
140856  -4.784  -10.570  28.850 0.0000000000
67799  -4.246  -10.750  30.111 0.0000000000
65986  -4.047  -12.588  30.018 0.0000000000
64066  -4.471  -13.674  29.675 0.0000000000
78157  -16.294  0.356  42.626 0.0000000000
79919  -16.803  2.079  43.876 0.0000000000
147649  -15.060  2.650  41.968 0.0000000000
81590  -14.110  3.832  41.875 0.0000000000
82492  -14.076  5.715  41.880 0.0000000000
84272  -13.358  7.058  41.175 0.0000000000
82484  -12.530  5.836  42.317 0.0000000000
82483  -11.674  5.958  43.003 0.0000000000
83355  -10.597  6.434  44.207 0.0000000000
84245  -9.859  6.888  45.904 0.0000000000
81569  -10.261  4.687  45.465 0.0000000000
80664  -10.028  4.068  46.014 0.0000000000
79896  -9.860  2.381  46.559 0.0000000000
132659  -7.727  -9.260  35.272 0.0000000000
68698  -6.904  -9.163  36.741 0.0000000000
68711  -6.700  -9.134  35.746 0.0000000000
69686  -5.232  -8.134  34.213 0.0000000000
70688  -5.281  -7.392  33.053 0.0000000000
71728  -5.296  -6.818  32.460 0.0000000000
70694  -5.080  -7.254  32.334 0.0000000000
69715  -4.571  -7.968  31.574 0.0000000000
65046  -37.637  -13.058  28.276 0.0000000000
133473  -37.279  -13.346  28.981 0.0000000000
65027  -37.273  -12.888  30.411 0.0000000000
65971  -36.994  -12.235  31.716 0.0000000000
64992  -33.219  -13.313  34.252 0.0000000000
65926  -34.207  -12.664  33.815 0.0000000000
65944  -32.432  -12.146  33.726 0.0000000000
135956  -32.108  -10.860  32.577 0.0000000000
67794  -31.427  -10.296  30.763 0.0000000000
67816  -31.228  -10.455  28.768 0.0000000000
68797  -30.202  -9.778  29.437 0.0000000000
68811  -29.094  -9.292  27.870 0.0000000000
69768  -28.555  -8.843  26.332 0.0000000000
56945  -25.658  -21.321  31.248 0.0000000000
56081  -24.991  -21.839  30.746 0.0000000000
55135  -26.310  -22.774  31.446 0.0000000000
54180  -26.005  -23.517  31.009 0.0000000000
143665  -27.616  -8.744  25.800 0.0000000000
145427  -27.180  -10.007  27.674 0.0000000000
66915  -26.216  -12.002  28.579 0.0000000000
64062  -27.425  -13.943  28.525 0.0000000000
135259  -30.890  -21.317  32.469 0.0000000000
141157  -31.517  -19.989  30.972 0.0000000000
57873  -30.429  -20.866  32.019 0.0000000000
58853  -28.722  -20.412  32.062 0.0000000000
134876  -28.158  -19.725  31.403 0.0000000000
59780  -26.791  -19.165  30.564 0.0000000000
58831  -27.120  -20.197  31.560 0.0000000000
57855  -26.712  -20.374  31.553 0.0000000000
81853  -53.792  4.762  12.429 0.0000000000
82747  -54.247  6.192  12.750 0.0000000000
81826  -53.616  5.620  13.424 0.0000000000
83603  -53.101  6.879  15.348 0.0000000000
84505  -52.713  8.509  16.519 0.0000000000
84450  -49.102  7.951  21.829 0.0000000000
86217  -49.424  9.363  20.643 0.0000000000
86223  -47.707  9.300  20.267 0.0000000000
81002  -53.579  3.946  11.446 0.0000000000
65956  -11.184  -11.910  32.767 0.0000000000
136311  -9.130  -12.528  33.238 0.0000000000
64998  -10.518  -13.120  33.731 0.0000000000
64982  -9.210  -13.720  34.615 0.0000000000
64009  -8.260  -14.393  35.870 0.0000000000
61772  -7.479  -17.408  39.587 0.0000000000
61779  -6.744  -16.975  38.570 0.0000000000
61760  -5.265  -18.053  39.308 0.0000000000
59713  -3.933  -19.258  38.889 0.0000000000
70687  -24.858  -6.744  34.033 0.0000000000
72734  -26.178  -4.906  34.041 0.0000000000
71719  -26.331  -5.936  35.080 0.0000000000
72715  -27.111  -5.244  36.306 0.0000000000
73653  -27.587  -4.825  37.951 0.0000000000
70641  -25.215  -7.285  39.442 0.0000000000
71669  -26.296  -6.543  40.544 0.0000000000
131312  -24.686  -5.663  40.222 0.0000000000
72648  -23.550  -5.105  41.897 0.0000000000
72635  -21.842  -5.063  43.214 0.0000000000
73611  -20.919  -4.991  44.186 0.0000000000
71628  -20.303  -5.555  43.788 0.0000000000
140309  -18.786  -6.232  44.095 0.0000000000
71620  -17.450  -6.738  43.963 0.0000000000
152070  -16.300  -7.194  44.103 0.0000000000
70611  -17.433  -6.904  43.564 0.0000000000
71639  -17.107  -6.695  42.208 0.0000000000
71650  -15.870  -6.301  40.909 0.0000000000
68729  -16.912  -8.747  34.875 0.0000000000
70685  -16.578  -7.555  34.690 0.0000000000
69691  -15.733  -8.492  33.846 0.0000000000
70690  -14.644  -7.563  33.437 0.0000000000
70683  -13.329  -7.122  34.017 0.0000000000
70681  -11.920  -7.854  34.766 0.0000000000
69708  -13.019  -8.926  32.784 0.0000000000
67763  -12.113  -10.658  32.536 0.0000000000
70849  -48.954  -7.595  18.735 0.0000000000
138348  -48.759  -8.255  20.411 0.0000000000
70813  -48.603  -7.230  20.804 0.0000000000
71815  -45.327  -6.814  24.334 0.0000000000
71816  -45.776  -7.308  23.848 0.0000000000
133507  -44.942  -6.664  22.834 0.0000000000
71848  -44.022  -6.440  21.405 0.0000000000
135084  -43.139  -6.076  19.919 0.0000000000
72891  -42.769  -5.391  18.467 0.0000000000
72869  -41.665  -5.240  19.443 0.0000000000
132284  -40.626  -4.557  19.138 0.0000000000
69729  -40.370  -9.225  30.613 0.0000000000
69739  -41.342  -8.530  29.443 0.0000000000
70710  -40.064  -8.541  28.879 0.0000000000
70733  -40.001  -7.653  27.602 0.0000000000
152362  -39.336  -7.027  25.709 0.0000000000
59707  -20.609  -17.864  40.810 0.0000000000
59701  -19.864  -18.212  42.438 0.0000000000
58781  -20.110  -18.617  41.345 0.0000000000
58780  -19.600  -19.485  41.720 0.0000000000
57800  -18.745  -20.753  42.161 0.0000000000
54115  -19.372  -24.400  40.701 0.0000000000
54111  -19.162  -24.287  41.359 0.0000000000
53076  -18.662  -24.845  41.140 0.0000000000
53081  -16.992  -24.936  40.898 0.0000000000
130164  -16.062  -25.034  40.977 0.0000000000
51998  -20.988  -23.982  31.148 0.0000000000
51981  -20.686  -24.104  32.591 0.0000000000
50921  -20.163  -24.929  32.423 0.0000000000
130881  -19.204  -25.340  32.804 0.0000000000
76561  -23.989  -1.706  23.125 0.0000000000
67879  -24.498  -10.631  23.721 0.0000000000
68892  -24.606  -10.096  22.180 0.0000000000
67878  -23.609  -11.072  23.338 0.0000000000
67862  -22.821  -11.322  23.095 0.0000000000
67877  -21.611  -10.920  23.063 0.0000000000
63032  -20.337  -15.412  26.118 0.0000000000
140859  -19.907  -13.864  24.724 0.0000000000
65066  -19.548  -13.029  26.053 0.0000000000
66931  -18.781  -11.039  26.508 0.0000000000
68836  -19.106  -9.271  26.427 0.0000000000
70743  -20.943  -6.800  25.862 0.0000000000
156560  -19.701  -8.387  27.515 0.0000000000
69745  -20.266  -7.926  28.837 0.0000000000
69733  -20.714  -7.752  29.636 0.0000000000
70702  -21.576  -7.313  30.497 0.0000000000
68776  -20.184  -9.129  30.811 0.0000000000
67780  -19.918  -10.625  31.661 0.0000000000
66889  -20.409  -11.532  32.840 0.0000000000
60761  -18.482  -17.033  34.614 0.0000000000
61822  -19.910  -16.484  34.354 0.0000000000
60749  -19.793  -17.103  35.704 0.0000000000
60734  -20.814  -16.630  36.977 0.0000000000
60735  -21.334  -16.165  37.233 0.0000000000
60728  -21.696  -16.257  37.918 0.0000000000
138587  -20.938  -16.965  38.615 0.0000000000
59718  -20.931  -17.384  39.944 0.0000000000
75656  -48.898  -2.901  20.763 0.0000000000
76581  -49.130  -1.328  20.556 0.0000000000
76593  -47.676  -1.390  19.394 0.0000000000
77476  -47.474  0.174  18.073 0.0000000000
66966  -6.117  -11.611  21.439 0.0000000000
66062  -4.383  -12.889  21.506 0.0000000000
65103  -4.227  -13.617  21.180 0.0000000000
64152  -4.388  -14.447  21.588 0.0000000000
130567  -7.893  -14.440  24.789 0.0000000000
57790  -14.238  -20.467  43.391 0.0000000000
152699  -12.972  -19.435  43.562 0.0000000000
76423  -20.605  -1.707  38.675 0.0000000000
76421  -19.001  -1.175  38.104 0.0000000000
77306  -19.643  -0.661  39.693 0.0000000000
79072  -18.644  1.710  40.763 0.0000000000
80695  -18.957  3.765  40.943 0.0000000000
130489  -18.893  9.206  44.554 0.0000000000
85162  -20.582  7.879  45.131 0.0000000000
82490  -10.432  4.839  41.214 0.0000000000
71611  -11.174  -6.144  45.875 0.0000000000
156058  -10.259  -3.875  46.837 0.0000000000
71607  -10.219  -5.659  46.184 0.0000000000
73601  -9.658  -4.616  46.160 0.0000000000
150440  -9.314  -3.805  44.589 0.0000000000
73645  -5.714  -4.833  39.413 0.0000000000
74530  -7.385  -4.168  40.398 0.0000000000
75471  -6.300  -3.073  39.129 0.0000000000
76412  -7.750  -1.740  39.409 0.0000000000
78173  -7.928  0.099  39.296 0.0000000000
78178  -8.369  0.704  39.124 0.0000000000
78177  -7.663  0.509  38.301 0.0000000000
78189  -6.883  0.906  36.375 0.0000000000
79102  -6.816  1.402  34.945 0.0000000000
79967  -7.858  1.868  34.225 0.0000000000
78201  -5.767  0.677  34.198 0.0000000000
76452  -5.604  -0.780  33.014 0.0000000000
130685  -6.607  -0.869  31.775 0.0000000000
146164  -7.962  -7.410  28.223 0.0000000000
71750  -9.306  -6.101  29.738 0.0000000000
70717  -8.592  -7.245  27.997 0.0000000000
70740  -9.117  -7.851  26.678 0.0000000000
70761  -9.810  -8.113  24.919 0.0000000000
134685  -10.286  -8.570  23.241 0.0000000000
69799  -9.048  -9.271  23.764 0.0000000000
67887  -7.637  -10.809  22.188 0.0000000000
74666  -10.145  -3.190  21.600 0.0000000000
61895  -36.678  -16.967  30.025 0.0000000000
63001  -36.311  -15.404  30.559 0.0000000000
61872  -36.556  -16.331  30.939 0.0000000000
62973  -35.863  -15.931  32.373 0.0000000000
62972  -35.231  -15.098  33.148 0.0000000000
61831  -35.896  -18.237  33.041 0.0000000000
61829  -35.129  -16.887  33.754 0.0000000000
62964  -34.303  -15.215  33.994 0.0000000000
64028  -32.732  -14.321  34.407 0.0000000000
64026  -30.993  -14.080  33.709 0.0000000000
64024  -30.169  -14.049  32.412 0.0000000000
146232  -28.903  -22.644  33.320 0.0000000000
54169  -28.265  -24.035  33.007 0.0000000000
53126  -28.918  -24.329  33.144 0.0000000000
138915  -29.076  -24.695  32.046 0.0000000000
64041  -29.585  -14.122  31.249 0.0000000000
61825  -31.179  -15.403  32.157 0.0000000000
60775  -32.463  -17.426  32.586 0.0000000000
59769  -32.690  -18.901  32.501 0.0000000000
57844  -33.639  -20.096  33.367 0.0000000000
56950  -32.534  -21.340  32.864 0.0000000000
57860  -31.782  -21.376  32.537 0.0000000000
56948  -30.744  -21.990  33.401 0.0000000000
56061  -30.229  -22.749  33.527 0.0000000000
80141  -52.113  2.825  15.334 0.0000000000
81821  -52.273  4.592  16.453 0.0000000000
149400  -52.197  3.142  16.000 0.0000000000
81815  -51.687  4.249  18.188 0.0000000000
82678  -51.465  5.127  18.982 0.0000000000
80125  -51.802  2.241  18.984 0.0000000000
140899  -51.433  4.358  19.508 0.0000000000
83543  -50.789  5.775  20.570 0.0000000000
83531  -49.028  7.282  21.812 0.0000000000
135346  -47.950  7.407  21.463 0.0000000000
83555  -47.137  7.043  20.399 0.0000000000
156498  -13.931  -12.970  35.405 0.0000000000
64014  -12.971  -14.147  35.470 0.0000000000
140713  -12.773  -14.627  36.923 0.0000000000
62922  -12.191  -15.257  38.207 0.0000000000
62920  -10.918  -16.099  39.050 0.0000000000
64935  -13.531  -15.078  39.762 0.0000000000
147387  -11.559  -16.146  40.060 0.0000000000
62909  -10.196  -16.593  40.224 0.0000000000
61754  -8.556  -17.670  40.807 0.0000000000
60705  -6.996  -18.496  40.995 0.0000000000
59698  -5.802  -19.380  41.144 0.0000000000
66844  -25.001  -11.584  37.737 0.0000000000
68693  -26.148  -9.643  37.476 0.0000000000
66837  -26.231  -11.384  38.706 0.0000000000
66832  -26.842  -11.005  39.938 0.0000000000
68667  -26.225  -9.876  40.655 0.0000000000
66825  -24.484  -11.403  40.733 0.0000000000
67719  -24.916  -10.700  40.565 0.0000000000
69644  -25.045  -8.559  39.569 0.0000000000
69655  -24.140  -8.368  38.948 0.0000000000
70657  -22.812  -7.304  37.995 0.0000000000
154432  -21.289  -6.322  37.696 0.0000000000
72701  -19.839  -6.088  37.772 0.0000000000
71696  -20.448  -6.924  36.773 0.0000000000
70677  -19.849  -7.666  36.189 0.0000000000
68718  -19.156  -8.909  35.901 0.0000000000
66843  -19.363  -11.267  37.948 0.0000000000
67737  -18.364  -10.354  36.491 0.0000000000
67742  -17.906  -9.898  35.862 0.0000000000
67740  -16.252  -10.523  35.584 0.0000000000
66847  -15.230  -11.844  36.050 0.0000000000
67899  -46.021  -10.015  23.553 0.0000000000
68872  -46.386  -9.105  24.376 0.0000000000
66957  -45.004  -11.310  24.382 0.0000000000
134998  -46.166  -9.452  24.931 0.0000000000
69785  -46.322  -8.345  24.906 0.0000000000
143862  -45.338  -6.707  25.216 0.0000000000
72805  -44.439  -5.767  25.241 0.0000000000
73730  -43.327  -4.703  24.630 0.0000000000
68845  -36.003  -9.187  26.327 0.0000000000
69782  -36.781  -8.676  25.632 0.0000000000
68871  -36.061  -9.027  24.308 0.0000000000
68898  -35.866  -9.124  22.942 0.0000000000
69830  -36.327  -8.593  21.483 0.0000000000
68909  -33.888  -9.834  20.744 0.0000000000
69847  -35.356  -8.871  20.168 0.0000000000
69861  -35.767  -8.119  19.820 0.0000000000
58793  -17.551  -19.431  38.436 0.0000000000
140757  -18.075  -20.163  39.413 0.0000000000
57808  -17.954  -20.598  39.054 0.0000000000
56905  -18.334  -21.499  38.583 0.0000000000
56042  -19.326  -22.678  39.588 0.0000000000
56910  -19.794  -22.293  37.097 0.0000000000
56046  -20.024  -23.046  38.166 0.0000000000
55095  -19.863  -23.919  39.310 0.0000000000
53086  -19.707  -24.595  39.273 0.0000000000
51925  -19.174  -25.226  38.920 0.0000000000
51930  -18.254  -24.870  37.697 0.0000000000
75692  -22.589  -2.853  17.928 0.0000000000
60893  -25.331  -17.381  24.442 0.0000000000
61950  -24.303  -16.722  23.073 0.0000000000
60870  -24.430  -17.546  25.090 0.0000000000
60890  -22.825  -17.238  24.784 0.0000000000
60867  -21.276  -16.873  25.322 0.0000000000
140704  -21.607  -18.360  27.825 0.0000000000
59862  -20.280  -18.049  26.686 0.0000000000
61915  -20.611  -16.392  25.703 0.0000000000
63027  -20.120  -15.462  27.123 0.0000000000
63021  -20.102  -15.163  28.233 0.0000000000
63010  -20.169  -15.053  29.178 0.0000000000
65033  -19.905  -13.939  30.083 0.0000000000
63009  -19.791  -15.598  29.684 0.0000000000
146055  -18.483  -16.498  30.795 0.0000000000
61866  -17.756  -16.849  32.052 0.0000000000
58862  -16.902  -18.877  31.983 0.0000000000
60772  -16.623  -17.701  32.960 0.0000000000
60760  -17.019  -17.394  34.397 0.0000000000
131718  -17.051  -17.604  35.311 0.0000000000
59726  -17.283  -18.445  37.211 0.0000000000
75702  -44.553  -2.627  17.258 0.0000000000
68834  -6.691  -9.518  26.916 0.0000000000
66942  -6.443  -11.534  24.777 0.0000000000
142406  -6.396  -10.408  26.827 0.0000000000
66010  -6.519  -11.655  26.570 0.0000000000
65065  -6.888  -13.115  26.309 0.0000000000
66001  -5.183  -11.612  28.413 0.0000000000
65064  -6.522  -12.370  27.127 0.0000000000
64104  -6.762  -13.927  25.780 0.0000000000
144646  -11.694  -24.573  41.402 0.0000000000
78153  -20.826  0.731  44.096 0.0000000000
79054  -20.407  1.505  44.292 0.0000000000
79048  -19.822  1.885  45.060 0.0000000000
80666  -18.701  3.453  45.470 0.0000000000
82470  -18.563  5.383  45.320 0.0000000000
134083  -16.783  3.276  44.274 0.0000000000
139523  -17.133  5.294  44.334 0.0000000000
83349  -17.842  6.944  44.364 0.0000000000
130846  -17.708  9.459  43.426 0.0000000000
85189  -12.676  8.597  40.454 0.0000000000
84244  -9.598  7.045  46.562 0.0000000000
141554  -8.894  7.631  47.159 0.0000000000
83340  -7.480  6.944  46.489 0.0000000000
82459  -7.515  4.878  45.428 0.0000000000
80668  -7.570  3.426  45.045 0.0000000000
146487  -9.313  -7.521  41.178 0.0000000000
70604  -8.404  -7.444  42.511 0.0000000000
70627  -7.760  -7.682  40.713 0.0000000000
70612  -6.885  -7.180  41.080 0.0000000000
71642  -6.076  -6.506  40.153 0.0000000000
68683  -6.010  -8.186  37.932 0.0000000000
70646  -5.717  -7.305  38.732 0.0000000000
72659  -5.598  -5.933  39.384 0.0000000000
73647  -5.280  -5.021  38.332 0.0000000000
73655  -6.055  -4.673  37.049 0.0000000000
74564  -6.585  -3.679  35.866 0.0000000000
74565  -7.747  -3.551  35.257 0.0000000000
73660  -8.365  -4.338  35.180 0.0000000000
72725  -8.699  -5.438  33.987 0.0000000000
72744  -8.195  -5.600  31.765 0.0000000000
72735  -5.392  -6.133  31.770 0.0000000000
72742  -6.050  -6.031  31.162 0.0000000000
71748  -7.094  -7.060  29.799 0.0000000000
130495  -7.168  -7.662  28.620 0.0000000000
69751  -6.980  -8.520  27.624 0.0000000000
79173  -9.229  1.435  26.865 0.0000000000
78249  -8.758  0.523  26.867 0.0000000000
65062  -40.261  -12.224  28.150 0.0000000000
65985  -41.160  -11.909  30.131 0.0000000000
144430  -38.999  -12.547  29.064 0.0000000000
65984  -40.283  -12.038  30.521 0.0000000000
67797  -40.975  -10.452  31.423 0.0000000000
68786  -39.666  -9.537  31.065 0.0000000000
69727  -38.923  -9.343  30.438 0.0000000000
69734  -37.193  -9.225  29.170 0.0000000000
64049  -36.217  -14.283  30.922 0.0000000000
65964  -36.406  -12.537  32.107 0.0000000000
130400  -36.841  -11.873  32.177 0.0000000000
66874  -34.606  -11.640  33.581 0.0000000000
66875  -35.872  -11.231  33.090 0.0000000000
143869  -36.728  -10.520  32.354 0.0000000000
68769  -36.559  -9.850  31.488 0.0000000000
130664  -36.499  -9.567  30.459 0.0000000000
68815  -35.897  -9.432  28.007 0.0000000000
68828  -34.952  -9.765  26.796 0.0000000000
67842  -33.477  -10.459  26.194 0.0000000000
67853  -32.725  -10.608  24.902 0.0000000000
67830  -31.416  -10.826  27.091 0.0000000000
67852  -31.392  -10.670  25.342 0.0000000000
67881  -31.446  -10.382  23.548 0.0000000000
68907  -30.476  -9.632  21.472 0.0000000000
69846  -29.441  -8.444  20.476 0.0000000000
70832  -28.837  -6.855  20.079 0.0000000000
156084  -21.298  -21.272  31.487 0.0000000000
56944  -20.660  -22.126  32.931 0.0000000000
56955  -22.011  -21.694  31.548 0.0000000000
151590  -22.104  -22.342  31.668 0.0000000000
139750  -21.693  -23.528  31.829 0.0000000000
55153  -24.665  -22.871  30.485 0.0000000000
143098  -22.582  -23.475  30.700 0.0000000000
53174  -21.909  -23.797  30.560 0.0000000000
148636  -21.458  -24.723  30.295 0.0000000000
72846  -28.119  -5.838  20.298 0.0000000000
71843  -28.099  -6.457  21.726 0.0000000000
70789  -27.572  -7.114  22.794 0.0000000000
69803  -25.976  -8.881  23.718 0.0000000000
68854  -26.592  -9.461  25.709 0.0000000000
68866  -25.795  -9.628  24.727 0.0000000000
68865  -25.252  -10.063  24.147 0.0000000000
66940  -24.603  -11.832  25.108 0.0000000000
64110  -25.166  -13.778  25.270 0.0000000000
63046  -26.622  -15.682  24.069 0.0000000000
62998  -28.994  -14.174  30.167 0.0000000000
63012  -29.054  -14.830  29.794 0.0000000000
146544  -29.258  -15.270  29.109 0.0000000000
58897  -31.207  -18.795  29.722 0.0000000000
61901  -30.584  -16.923  28.466 0.0000000000
63028  -28.893  -15.438  27.591 0.0000000000
63034  -28.649  -16.011  26.161 0.0000000000
148969  -28.156  -16.843  25.662 0.0000000000
60873  -26.961  -17.232  24.960 0.0000000000
60849  -26.084  -17.637  26.701 0.0000000000
60817  -25.567  -17.715  28.396 0.0000000000
60804  -24.773  -17.773  29.202 0.0000000000
59779  -25.982  -19.098  30.269 0.0000000000
59795  -24.643  -18.584  30.141 0.0000000000
59794  -23.850  -18.503  30.271 0.0000000000
58868  -22.739  -19.466  30.675 0.0000000000
57868  -21.996  -20.673  30.948 0.0000000000
83661  -55.602  6.528  9.673 0.0000000000
84567  -55.827  7.332  9.803 0.0000000000
150594  -55.429  7.471  10.922 0.0000000000
85423  -55.068  8.646  11.709 0.0000000000
86285  -54.471  9.349  12.363 0.0000000000
84537  -54.393  7.816  13.015 0.0000000000
85413  -54.110  8.797  13.566 0.0000000000
129949  -53.246  10.231  13.361 0.0000000000
87212  -51.568  10.400  13.574 0.0000000000
83586  -52.353  6.250  16.904 0.0000000000
132653  -52.473  7.999  17.240 0.0000000000
85382  -52.449  9.186  17.278 0.0000000000
86225  -50.467  9.567  19.658 0.0000000000
86241  -51.307  9.963  18.023 0.0000000000
86247  -51.574  10.056  17.142 0.0000000000
81018  -54.001  4.359  8.452 0.0000000000
67758  -5.771  -10.336  32.083 0.0000000000
66878  -4.715  -11.266  31.973 0.0000000000
66880  -6.332  -11.098  32.293 0.0000000000
65928  -4.644  -12.818  33.040 0.0000000000
65913  -4.731  -13.336  33.547 0.0000000000
65916  -6.842  -12.827  33.948 0.0000000000
150666  -4.828  -13.700  34.105 0.0000000000
64017  -4.444  -14.585  34.080 0.0000000000
61833  -4.115  -15.396  34.228 0.0000000000
62948  -10.771  -15.407  35.777 0.0000000000
62937  -8.591  -15.303  36.845 0.0000000000
63990  -6.647  -15.145  37.123 0.0000000000
62917  -6.386  -16.175  37.866 0.0000000000
63983  -5.640  -15.620  37.119 0.0000000000
62926  -4.894  -15.839  36.452 0.0000000000
144551  -23.788  -2.917  30.769 0.0000000000
74600  -21.402  -2.973  31.488 0.0000000000
131284  -23.093  -3.377  32.478 0.0000000000
74575  -21.740  -3.338  34.556 0.0000000000
74557  -21.918  -3.215  36.111 0.0000000000
74570  -25.711  -3.818  34.985 0.0000000000
74559  -23.521  -3.424  36.475 0.0000000000
75490  -21.601  -2.657  37.542 0.0000000000
75473  -22.041  -2.243  39.244 0.0000000000
76408  -21.861  -1.408  40.630 0.0000000000
77296  -22.501  -0.782  42.023 0.0000000000
69665  -27.684  -8.149  38.106 0.0000000000
72705  -28.313  -6.100  38.442 0.0000000000
73646  -28.005  -4.571  40.060 0.0000000000
72656  -27.360  -5.539  41.608 0.0000000000
74528  -27.310  -4.369  41.397 0.0000000000
74532  -26.266  -3.366  41.036 0.0000000000
75466  -24.840  -2.435  41.862 0.0000000000
76397  -23.465  -1.397  42.961 0.0000000000
77280  -21.882  -0.392  43.645 0.0000000000
77273  -20.620  -0.315  44.765 0.0000000000
76379  -19.198  -0.739  45.497 0.0000000000
77272  -17.819  -0.085  45.016 0.0000000000
74494  -19.040  -4.365  45.263 0.0000000000
75447  -17.688  -2.008  44.537 0.0000000000
77278  -17.293  -0.510  43.985 0.0000000000
77284  -15.988  -0.577  42.309 0.0000000000
77290  -14.142  -0.555  41.413 0.0000000000
77283  -12.521  -0.534  42.189 0.0000000000
77277  -11.567  -0.435  43.501 0.0000000000
139816  -11.906  -2.005  43.366 0.0000000000
74506  -12.583  -3.798  43.550 0.0000000000
73607  -12.274  -5.210  44.700 0.0000000000
72619  -15.127  -6.795  44.454 0.0000000000
71616  -14.014  -6.865  44.668 0.0000000000
156620  -12.398  -6.888  45.125 0.0000000000
69610  -12.643  -7.830  44.354 0.0000000000
69625  -12.155  -7.937  43.513 0.0000000000
70616  -10.677  -7.495  41.835 0.0000000000
131296  -18.018  -5.785  38.528 0.0000000000
72665  -16.985  -5.613  39.514 0.0000000000
72664  -15.359  -5.670  39.319 0.0000000000
72722  -16.149  -5.957  36.123 0.0000000000
72681  -15.028  -5.439  38.500 0.0000000000
140489  -14.192  -6.103  39.839 0.0000000000
71647  -12.958  -6.808  40.625 0.0000000000
71646  -11.906  -6.763  40.437 0.0000000000
70629  -10.252  -7.208  40.988 0.0000000000
71659  -10.201  -6.661  39.393 0.0000000000
70648  -9.579  -7.366  37.891 0.0000000000
69667  -9.442  -8.391  36.538 0.0000000000
69679  -11.085  -8.169  35.300 0.0000000000
68715  -10.125  -8.724  35.404 0.0000000000
148829  -9.412  -9.057  35.463 0.0000000000
68735  -8.764  -9.286  33.440 0.0000000000
68745  -7.120  -9.591  32.472 0.0000000000
73827  -50.043  -3.458  18.112 0.0000000000
73825  -49.290  -5.048  17.478 0.0000000000
72895  -50.032  -4.811  19.252 0.0000000000
73764  -49.904  -4.065  20.387 0.0000000000
71881  -49.650  -6.412  19.737 0.0000000000
139524  -49.547  -4.760  20.418 0.0000000000
73763  -49.450  -3.928  20.665 0.0000000000
74701  -48.237  -3.576  20.544 0.0000000000
74715  -47.517  -3.224  20.143 0.0000000000
74730  -46.182  -3.225  19.079 0.0000000000
68915  -47.917  -8.977  21.662 0.0000000000
69833  -48.167  -8.349  21.446 0.0000000000
71852  -48.126  -6.898  21.074 0.0000000000
71829  -46.139  -7.268  22.764 0.0000000000
71867  -46.544  -6.442  21.002 0.0000000000
140074  -47.402  -6.491  21.022 0.0000000000
72873  -46.142  -5.494  20.022 0.0000000000
74713  -45.889  -4.036  19.218 0.0000000000
130634  -44.934  -3.098  17.972 0.0000000000
74744  -44.237  -3.458  17.505 0.0000000000
74758  -43.117  -3.208  16.421 0.0000000000
74767  -41.046  -2.975  15.462 0.0000000000
73821  -41.416  -4.600  17.304 0.0000000000
74756  -40.903  -3.612  15.952 0.0000000000
131690  -42.086  -11.825  26.848 0.0000000000
66928  -43.985  -10.620  27.381 0.0000000000
68831  -43.960  -9.386  27.769 0.0000000000
155819  -42.279  -8.137  28.561 0.0000000000
70725  -42.903  -7.925  28.147 0.0000000000
71772  -43.833  -6.824  27.258 0.0000000000
72781  -43.078  -5.331  26.418 0.0000000000
149203  -42.412  -4.441  25.479 0.0000000000
74655  -41.633  -3.788  24.211 0.0000000000
69783  -37.382  -8.298  25.378 0.0000000000
70770  -38.490  -7.317  24.475 0.0000000000
71802  -38.927  -6.660  24.122 0.0000000000
72837  -38.032  -5.527  21.959 0.0000000000
145927  -38.881  -5.642  23.219 0.0000000000
72802  -40.065  -4.952  24.227 0.0000000000
73728  -39.819  -3.901  23.566 0.0000000000
146486  -39.820  -3.060  23.280 0.0000000000
74674  -40.428  -3.078  22.828 0.0000000000
135570  -39.806  -3.027  20.753 0.0000000000
63944  -18.999  -15.144  43.053 0.0000000000
62882  -17.504  -15.681  43.276 0.0000000000
61744  -18.063  -15.911  43.588 0.0000000000
60692  -16.875  -16.536  43.824 0.0000000000
59694  -16.398  -18.402  43.512 0.0000000000
59700  -19.122  -18.829  42.628 0.0000000000
58770  -16.964  -19.158  42.916 0.0000000000
58768  -15.402  -19.416  43.387 0.0000000000
57791  -15.017  -20.651  43.274 0.0000000000
56882  -14.409  -21.629  43.128 0.0000000000
55068  -13.664  -22.777  42.630 0.0000000000
56897  -18.729  -20.855  40.753 0.0000000000
56898  -18.886  -21.119  41.502 0.0000000000
56028  -18.457  -22.225  42.317 0.0000000000
55081  -18.707  -23.683  42.059 0.0000000000
55073  -17.957  -23.467  42.445 0.0000000000
56027  -17.222  -21.986  42.721 0.0000000000
55071  -16.073  -22.750  42.628 0.0000000000
55060  -14.788  -23.084  42.508 0.0000000000
53038  -12.813  -23.723  42.239 0.0000000000
51893  -11.944  -24.975  41.307 0.0000000000
56070  -20.669  -22.696  33.484 0.0000000000
55123  -20.598  -23.763  34.370 0.0000000000
54139  -20.465  -24.346  35.561 0.0000000000
51967  -20.494  -24.416  33.573 0.0000000000
53124  -20.239  -24.976  35.067 0.0000000000
53117  -20.113  -24.954  35.823 0.0000000000
51948  -19.308  -24.957  36.524 0.0000000000
131765  -18.968  -24.972  36.833 0.0000000000
51945  -17.426  -24.556  36.655 0.0000000000
76517  -19.799  -1.314  26.883 0.0000000000
76506  -21.362  -1.887  27.353 0.0000000000
75578  -22.359  -2.226  29.022 0.0000000000
72864  -27.577  -5.599  19.922 0.0000000000
72884  -26.903  -5.281  19.054 0.0000000000
72902  -25.367  -5.356  17.829 0.0000000000
144735  -24.821  -9.331  20.279 0.0000000000
71871  -24.792  -7.258  18.602 0.0000000000
72901  -24.476  -5.776  17.727 0.0000000000
72899  -23.231  -5.155  17.627 0.0000000000
72880  -22.752  -5.183  18.186 0.0000000000
73781  -22.430  -4.631  19.618 0.0000000000
134740  -22.919  -14.925  21.982 0.0000000000
66043  -20.807  -12.371  22.894 0.0000000000
148446  -20.729  -10.461  23.331 0.0000000000
155285  -19.504  -11.611  24.556 0.0000000000
67875  -20.163  -10.092  23.717 0.0000000000
68888  -20.840  -8.956  21.870 0.0000000000
70803  -21.321  -7.663  21.507 0.0000000000
71840  -22.064  -6.143  21.548 0.0000000000
73766  -22.524  -4.418  20.552 0.0000000000
148395  -23.270  -3.384  21.669 0.0000000000
74669  -23.693  -3.424  22.532 0.0000000000
73723  -24.647  -3.567  23.853 0.0000000000
132901  -21.618  -6.188  25.914 0.0000000000
73701  -24.154  -4.749  24.936 0.0000000000
74645  -25.422  -3.472  25.213 0.0000000000
74640  -25.428  -3.089  26.461 0.0000000000
75581  -24.537  -2.555  28.394 0.0000000000
75568  -24.102  -2.400  29.428 0.0000000000
74612  -24.623  -3.229  29.895 0.0000000000
72755  -25.067  -4.413  30.966 0.0000000000
72739  -24.768  -5.439  31.946 0.0000000000
70700  -22.426  -7.130  31.525 0.0000000000
70701  -23.045  -6.767  31.826 0.0000000000
70698  -23.891  -6.704  32.806 0.0000000000
69705  -23.708  -7.636  34.094 0.0000000000
68732  -23.901  -8.846  35.236 0.0000000000
67738  -24.126  -10.168  36.251 0.0000000000
65024  -19.963  -13.875  30.979 0.0000000000
147258  -20.336  -13.210  32.413 0.0000000000
132831  -20.679  -13.391  33.295 0.0000000000
61841  -20.940  -15.393  34.387 0.0000000000
64032  -21.049  -14.710  34.131 0.0000000000
134560  -21.432  -11.970  34.355 0.0000000000
65921  -21.940  -12.218  35.067 0.0000000000
66859  -23.218  -11.701  36.131 0.0000000000
135976  -23.776  -11.992  36.801 0.0000000000
155264  -24.373  -12.947  37.643 0.0000000000
63986  -24.455  -14.086  38.666 0.0000000000
62904  -24.025  -14.901  40.167 0.0000000000
61785  -22.533  -16.186  39.172 0.0000000000
61777  -23.011  -15.866  39.710 0.0000000000
62900  -23.325  -15.207  41.083 0.0000000000
62895  -22.411  -14.690  41.997 0.0000000000
63946  -20.894  -14.428  42.563 0.0000000000
75674  -50.974  -2.158  19.474 0.0000000000
76583  -51.112  -1.158  20.231 0.0000000000
78332  -50.473  0.679  20.719 0.0000000000
78330  -49.137  -0.378  20.196 0.0000000000
79274  -49.643  1.185  20.296 0.0000000000
156243  -49.561  2.643  20.292 0.0000000000
80951  -48.999  3.940  19.580 0.0000000000
82677  -48.150  5.523  19.195 0.0000000000
65078  -5.032  -13.064  23.817 0.0000000000
64127  -4.611  -14.159  23.146 0.0000000000
65967  -4.114  -12.498  31.513 0.0000000000
64056  -4.371  -14.014  30.597 0.0000000000
141318  -16.137  -15.905  43.515 0.0000000000
62869  -13.873  -16.552  43.192 0.0000000000
62868  -12.787  -16.529  42.846 0.0000000000
59682  -12.669  -18.152  43.798 0.0000000000
60686  -11.508  -17.539  43.386 0.0000000000
61731  -10.345  -17.202  42.434 0.0000000000
59689  -8.466  -18.462  42.222 0.0000000000
58759  -6.457  -19.901  41.725 0.0000000000
57796  -4.859  -20.533  41.179 0.0000000000
134761  -19.046  -2.449  32.714 0.0000000000
76455  -17.997  -1.152  33.704 0.0000000000
77310  -17.922  -0.211  38.134 0.0000000000
79913  -19.704  2.743  43.520 0.0000000000
131089  -19.565  4.396  42.399 0.0000000000
82493  -20.176  5.647  41.427 0.0000000000
152993  -21.723  7.451  43.908 0.0000000000
135876  -21.066  6.884  42.178 0.0000000000
134940  -10.602  -0.017  45.539 0.0000000000
78135  -10.209  0.116  46.376 0.0000000000
78132  -9.574  -0.115  47.288 0.0000000000
75423  -9.993  -2.911  47.373 0.0000000000
77259  -9.392  -0.975  47.433 0.0000000000
78127  -8.559  0.905  47.818 0.0000000000
79034  -7.404  1.505  46.967 0.0000000000
135957  -7.495  1.949  45.501 0.0000000000
79909  -7.896  2.241  44.019 0.0000000000
71623  -7.975  -6.300  42.804 0.0000000000
73614  -8.797  -5.015  43.306 0.0000000000
74504  -9.294  -3.500  43.747 0.0000000000
74524  -8.667  -3.577  41.414 0.0000000000
75453  -9.067  -2.176  42.554 0.0000000000
75452  -8.737  -1.398  43.183 0.0000000000
77276  -8.299  -0.141  43.684 0.0000000000
79050  -8.233  1.504  43.524 0.0000000000
80681  -8.305  2.835  43.632 0.0000000000
80688  -9.689  3.229  42.214 0.0000000000
80689  -10.264  3.373  41.520 0.0000000000
80694  -11.204  3.674  40.215 0.0000000000
79080  -9.501  1.462  38.971 0.0000000000
79934  -10.909  2.065  39.242 0.0000000000
80701  -11.894  3.756  38.634 0.0000000000
80702  -12.162  3.859  37.839 0.0000000000
80766  -11.041  3.691  32.782 0.0000000000
80781  -8.857  3.347  31.218 0.0000000000
134666  -7.744  2.213  32.996 0.0000000000
80003  -7.252  2.536  31.177 0.0000000000
80779  -7.683  3.028  30.634 0.0000000000
80035  -7.282  2.129  29.143 0.0000000000
78242  -7.621  0.032  27.935 0.0000000000
77377  -8.530  -1.101  27.063 0.0000000000
75516  -8.370  -2.526  33.656 0.0000000000
149485  -9.043  -2.423  32.564 0.0000000000
75536  -8.740  -1.892  31.245 0.0000000000
72752  -10.327  -5.008  30.134 0.0000000000
141646  -10.516  -3.692  30.009 0.0000000000
76486  -8.920  -1.743  29.409 0.0000000000
75576  -9.470  -2.008  28.019 0.0000000000
75596  -10.188  -2.313  26.703 0.0000000000
75601  -10.351  -2.359  25.964 0.0000000000
74649  -11.588  -3.243  24.385 0.0000000000
73738  -12.109  -5.096  22.912 0.0000000000
69824  -10.608  -8.187  21.641 0.0000000000
63969  -18.466  -14.571  42.172 0.0000000000
152640  -17.773  -14.847  42.253 0.0000000000
63954  -17.901  -15.116  42.674 0.0000000000
63970  -19.105  -14.431  42.182 0.0000000000
64928  -19.841  -13.977  41.862 0.0000000000
64927  -18.567  -14.032  41.391 0.0000000000
141746  -29.282  -6.897  19.374 0.0000000000
70846  -29.812  -7.292  18.937 0.0000000000
72887  -30.120  -5.846  18.553 0.0000000000
57852  -20.279  -21.733  33.318 0.0000000000
148872  -29.186  -5.445  18.791 0.0000000000
58844  -20.745  -20.301  31.626 0.0000000000
147229  -56.142  7.281  8.665 0.0000000000
131564  -56.370  7.924  8.385 0.0000000000
83678  -55.764  6.569  9.003 0.0000000000
140335  -56.015  6.912  8.478 0.0000000000
67756  -4.493  -10.652  31.267 0.0000000000
67757  -4.529  -10.799  31.481 0.0000000000
75566  -21.484  -2.483  29.593 0.0000000000
148596  -20.667  -2.649  30.241 0.0000000000
79058  -12.352  1.216  42.388 0.0000000000
79917  -12.664  2.171  42.182 0.0000000000
79916  -12.081  2.017  42.865 0.0000000000
79910  -11.789  2.757  43.221 0.0000000000
140310  -11.555  1.994  43.538 0.0000000000
142542  -11.080  2.162  44.308 0.0000000000
67778  -5.278  -9.405  32.182 0.0000000000
68744  -5.373  -8.789  32.658 0.0000000000
68763  -4.784  -9.160  31.764 0.0000000000
63014  -36.387  -15.414  29.322 0.0000000000
65962  -29.604  -12.156  32.062 0.0000000000
147561  -29.451  -11.659  31.710 0.0000000000
66890  -28.912  -11.323  31.120 0.0000000000
67781  -28.611  -10.721  30.434 0.0000000000
66901  -28.199  -11.474  30.497 0.0000000000
61903  -36.555  -16.828  29.039 0.0000000000
61902  -36.480  -16.402  28.372 0.0000000000
56073  -27.935  -21.907  33.071 0.0000000000
66900  -27.598  -11.774  29.974 0.0000000000
65960  -28.440  -12.634  30.867 0.0000000000
56060  -28.431  -22.300  33.265 0.0000000000
56934  -28.450  -21.757  32.885 0.0000000000
130481  -52.626  4.305  14.626 0.0000000000
80144  -52.170  2.894  14.308 0.0000000000
80986  -52.552  3.560  13.576 0.0000000000
148685  -12.691  -13.692  34.036 0.0000000000
64021  -12.452  -14.235  34.705 0.0000000000
136718  -3.877  -20.135  39.902 0.0000000000
58782  -3.576  -20.392  39.373 0.0000000000
69673  -25.823  -8.495  36.546 0.0000000000
68707  -25.650  -9.296  36.890 0.0000000000
72687  -21.736  -5.789  38.703 0.0000000000
72670  -21.504  -5.604  39.518 0.0000000000
153866  -20.771  -5.638  39.694 0.0000000000
153195  -19.819  -5.699  41.557 0.0000000000
130071  -20.080  -5.656  40.481 0.0000000000
65919  -14.333  -12.202  34.381 0.0000000000
147722  -14.579  -11.694  33.925 0.0000000000
65918  -13.765  -12.722  33.975 0.0000000000
65937  -13.428  -12.358  33.131 0.0000000000
72821  -42.887  -5.149  22.689 0.0000000000
73761  -41.515  -4.290  21.695 0.0000000000
73745  -41.663  -3.985  22.613 0.0000000000
69746  -37.867  -8.947  28.655 0.0000000000
140774  -37.951  -8.599  27.871 0.0000000000
69757  -37.219  -8.723  27.123 0.0000000000
58788  -18.485  -19.500  39.608 0.0000000000
53100  -17.746  -24.666  38.078 0.0000000000
53092  -17.683  -24.738  39.013 0.0000000000
76587  -22.497  -1.549  19.286 0.0000000000
131067  -22.782  -2.923  19.977 0.0000000000
63054  -25.713  -15.595  23.290 0.0000000000
64136  -24.587  -14.531  23.092 0.0000000000
63053  -25.036  -15.272  22.807 0.0000000000
65044  -19.782  -13.180  28.641 0.0000000000
65987  -19.502  -12.594  29.257 0.0000000000
66913  -19.255  -11.800  29.414 0.0000000000
65977  -19.514  -12.383  30.030 0.0000000000
59721  -18.576  -18.416  38.480 0.0000000000
59716  -19.911  -18.272  39.563 0.0000000000
75685  -45.680  -2.755  18.433 0.0000000000
75704  -45.996  -1.950  18.185 0.0000000000
67859  -6.913  -10.592  24.762 0.0000000000
66943  -6.415  -11.256  24.216 0.0000000000
55067  -12.998  -22.945  42.545 0.0000000000
156055  -12.578  -22.738  42.441 0.0000000000
78169  -21.373  -0.148  42.277 0.0000000000
78168  -20.672  0.195  42.067 0.0000000000
78160  -20.868  0.538  42.893 0.0000000000
82466  -7.942  4.984  44.258 0.0000000000
82472  -7.756  5.752  44.173 0.0000000000
81575  -8.191  4.452  43.918 0.0000000000
129510  -9.696  -7.628  43.326 0.0000000000
70599  -9.555  -7.341  44.030 0.0000000000
70605  -9.102  -7.638  42.801 0.0000000000
75494  -4.879  -3.000  36.174 0.0000000000
76425  -5.051  -2.385  36.745 0.0000000000
75493  -4.840  -2.661  36.133 0.0000000000
76431  -4.911  -2.094  36.009 0.0000000000
75500  -4.915  -2.373  35.497 0.0000000000
76436  -4.913  -1.844  34.956 0.0000000000
75507  -5.349  -2.454  34.899 0.0000000000
68848  -6.990  -9.696  26.235 0.0000000000
68849  -7.521  -9.445  25.876 0.0000000000
68862  -7.216  -9.993  25.351 0.0000000000
67860  -7.247  -10.280  24.361 0.0000000000
77389  -10.230  -0.603  25.202 0.0000000000
76539  -10.403  -1.456  24.951 0.0000000000
76540  -10.952  -2.043  24.443 0.0000000000
153522  -9.951  -1.248  25.402 0.0000000000
58874  -36.883  -19.500  30.568 0.0000000000
58855  -36.939  -19.107  30.793 0.0000000000
58856  -36.936  -19.423  31.035 0.0000000000
59736  -33.882  -18.412  34.329 0.0000000000
60741  -34.047  -18.424  33.996 0.0000000000
60740  -33.155  -17.926  34.771 0.0000000000
62943  -32.904  -16.996  34.421 0.0000000000
60738  -32.662  -17.989  35.771 0.0000000000
53129  -30.398  -25.228  34.955 0.0000000000
60754  -32.909  -18.002  35.230 0.0000000000
59744  -33.122  -18.235  34.813 0.0000000000
146021  -31.857  -24.507  35.531 0.0000000000
54154  -31.565  -23.729  35.825 0.0000000000
143890  -30.679  -24.553  35.556 0.0000000000
54141  -29.893  -23.854  35.758 0.0000000000
79301  -51.592  1.199  16.331 0.0000000000
78383  -51.771  0.997  17.074 0.0000000000
80105  -51.111  2.177  20.714 0.0000000000
133856  -50.806  2.903  20.897 0.0000000000
80939  -49.928  3.810  21.075 0.0000000000
132481  -14.727  -13.635  38.571 0.0000000000
63940  -12.180  -16.172  41.643 0.0000000000
63948  -12.144  -16.097  41.109 0.0000000000
62889  -11.439  -16.474  41.353 0.0000000000
62887  -10.127  -17.179  41.472 0.0000000000
62875  -10.740  -16.812  41.601 0.0000000000
155358  -24.944  -13.567  40.239 0.0000000000
64950  -25.408  -13.074  40.062 0.0000000000
64943  -24.975  -13.051  40.709 0.0000000000
66830  -21.330  -11.471  39.600 0.0000000000
67727  -21.692  -10.644  39.004 0.0000000000
68679  -21.887  -9.814  38.467 0.0000000000
67733  -21.171  -10.156  38.277 0.0000000000
64954  -16.375  -13.189  38.704 0.0000000000
65891  -16.783  -12.738  38.233 0.0000000000
65890  -15.961  -12.868  38.075 0.0000000000
65899  -15.622  -12.566  37.355 0.0000000000
68846  -45.359  -9.630  27.010 0.0000000000
144603  -45.791  -9.077  26.762 0.0000000000
71785  -44.954  -6.958  26.538 0.0000000000
70747  -44.981  -7.825  27.061 0.0000000000
67883  -33.306  -10.400  23.436 0.0000000000
70835  -33.307  -8.025  19.009 0.0000000000
71860  -33.055  -7.094  20.042 0.0000000000
56912  -17.603  -20.883  37.006 0.0000000000
56913  -18.316  -21.184  36.383 0.0000000000
55103  -20.465  -23.555  36.474 0.0000000000
55101  -20.477  -24.001  36.624 0.0000000000
54132  -20.298  -24.294  37.121 0.0000000000
60802  -23.276  -17.807  29.034 0.0000000000
150129  -18.512  -18.672  29.392 0.0000000000
59827  -18.906  -18.532  28.522 0.0000000000
59826  -18.332  -18.274  28.774 0.0000000000
60814  -18.279  -17.854  28.465 0.0000000000
59808  -17.995  -18.342  29.306 0.0000000000
59807  -17.623  -18.028  29.644 0.0000000000
57826  -17.544  -20.416  35.089 0.0000000000
57818  -16.725  -19.922  36.244 0.0000000000
85478  -57.512  8.181  4.127 0.0000000000
153416  -57.710  8.060  3.620 0.0000000000
151871  -5.205  -9.845  28.587 0.0000000000
64068  -5.326  -14.172  28.621 0.0000000000
78144  -17.582  1.219  44.880 0.0000000000
79047  -17.675  1.780  45.139 0.0000000000
79052  -17.297  1.655  44.517 0.0000000000
83363  -14.809  5.961  42.195 0.0000000000
83364  -15.356  6.541  42.263 0.0000000000
84274  -15.938  7.929  41.793 0.0000000000
84284  -15.323  7.901  41.101 0.0000000000
85192  -15.054  8.296  40.449 0.0000000000
84283  -14.568  7.654  40.766 0.0000000000
85171  -10.791  7.808  43.411 0.0000000000
85170  -10.669  8.689  43.595 0.0000000000
80659  -9.268  3.305  47.578 0.0000000000
135285  -9.228  4.346  47.479 0.0000000000
134810  -8.293  3.771  47.735 0.0000000000
80657  -8.719  2.911  47.910 0.0000000000
69659  -8.314  -8.571  37.686 0.0000000000
69651  -8.025  -8.467  38.310 0.0000000000
68687  -8.038  -8.810  37.551 0.0000000000
71698  -5.450  -7.474  34.951 0.0000000000
70671  -5.709  -7.625  35.899 0.0000000000
148252  -5.817  -7.399  35.826 0.0000000000
71699  -6.430  -6.830  36.196 0.0000000000
141901  -6.028  -6.967  35.131 0.0000000000
149919  -6.187  -6.676  34.228 0.0000000000
69731  -4.848  -8.647  29.534 0.0000000000
70713  -5.109  -8.091  29.554 0.0000000000
69741  -5.378  -8.514  29.040 0.0000000000
81653  -9.148  4.461  29.992 0.0000000000
81668  -9.392  4.994  29.289 0.0000000000
81666  -8.610  4.328  29.017 0.0000000000
81652  -8.601  4.155  29.670 0.0000000000
66904  -38.687  -11.169  31.700 0.0000000000
66896  -38.414  -10.919  31.935 0.0000000000
67775  -38.526  -10.557  31.932 0.0000000000
132565  -37.865  -10.909  32.178 0.0000000000
65014  -35.491  -13.361  32.782 0.0000000000
65007  -35.087  -13.468  33.291 0.0000000000
68765  -33.103  -10.358  31.219 0.0000000000
68766  -33.923  -10.332  31.657 0.0000000000
68781  -33.736  -10.281  30.972 0.0000000000
68799  -34.035  -10.199  30.255 0.0000000000
67808  -33.365  -10.296  29.785 0.0000000000
67818  -33.224  -10.497  28.946 0.0000000000
67817  -32.184  -10.716  28.854 0.0000000000
131956  -28.849  -8.760  25.587 0.0000000000
151466  -28.755  -8.627  24.820 0.0000000000
69795  -28.938  -8.605  24.114 0.0000000000
70768  -28.455  -8.325  24.306 0.0000000000
53176  -24.617  -24.402  29.833 0.0000000000
70779  -28.157  -7.870  23.587 0.0000000000
70755  -28.039  -8.359  25.106 0.0000000000
64075  -26.493  -13.320  27.882 0.0000000000
139113  -26.011  -12.849  27.519 0.0000000000
64086  -26.581  -13.614  27.692 0.0000000000
148540  -26.503  -13.796  27.141 0.0000000000
64088  -27.526  -14.626  27.244 0.0000000000
59783  -32.356  -19.319  31.788 0.0000000000
59782  -32.064  -18.665  31.333 0.0000000000
58887  -28.987  -19.151  30.016 0.0000000000
59832  -28.664  -18.580  28.458 0.0000000000
59831  -27.861  -18.464  28.772 0.0000000000
59815  -27.190  -18.473  29.539 0.0000000000
135937  -25.166  -20.505  30.926 0.0000000000
57870  -24.024  -20.357  30.859 0.0000000000
82767  -54.756  5.806  11.414 0.0000000000
83647  -54.913  6.447  11.528 0.0000000000
82759  -54.535  5.946  12.039 0.0000000000
85396  -52.961  8.979  15.870 0.0000000000
86255  -53.159  9.336  15.239 0.0000000000
86254  -52.629  9.802  15.943 0.0000000000
87192  -52.251  10.309  15.801 0.0000000000
86248  -51.903  10.248  16.467 0.0000000000
84481  -51.482  7.058  19.030 0.0000000000
140513  -54.561  5.221  11.344 0.0000000000
65953  -8.640  -11.880  32.715 0.0000000000
64965  -6.451  -14.454  35.919 0.0000000000
64964  -6.006  -14.492  35.825 0.0000000000
63996  -4.830  -14.951  35.529 0.0000000000
63997  -5.125  -15.192  35.907 0.0000000000
61782  -9.482  -16.704  38.590 0.0000000000
61789  -9.699  -16.485  37.727 0.0000000000
74594  -25.583  -3.900  32.541 0.0000000000
73669  -25.712  -4.262  32.950 0.0000000000
74547  -26.682  -3.872  38.323 0.0000000000
74546  -25.852  -3.591  38.036 0.0000000000
129595  -26.027  -3.522  38.990 0.0000000000
74538  -25.324  -3.211  39.591 0.0000000000
134212  -27.749  -8.955  40.672 0.0000000000
69639  -28.328  -8.295  40.449 0.0000000000
134045  -27.773  -7.286  40.907 0.0000000000
72636  -22.927  -4.701  43.021 0.0000000000
73623  -23.733  -4.389  42.913 0.0000000000
73622  -22.949  -4.395  43.242 0.0000000000
74511  -23.333  -3.865  43.381 0.0000000000
74502  -21.997  -4.205  44.017 0.0000000000
134944  -21.434  -3.767  44.378 0.0000000000
141136  -21.169  -4.488  44.308 0.0000000000
143276  -17.231  -5.091  44.249 0.0000000000
73620  -16.759  -4.461  43.797 0.0000000000
74508  -16.154  -3.813  43.218 0.0000000000
73619  -15.840  -4.720  43.542 0.0000000000
73618  -14.834  -4.804  43.525 0.0000000000
70621  -15.544  -7.147  42.156 0.0000000000
69634  -15.106  -7.616  42.711 0.0000000000
70620  -14.819  -7.190  42.013 0.0000000000
70619  -14.058  -7.255  41.863 0.0000000000
70633  -14.475  -6.688  41.133 0.0000000000
71706  -17.970  -6.926  35.771 0.0000000000
71703  -13.179  -6.007  35.303 0.0000000000
72719  -13.826  -5.607  35.781 0.0000000000
72709  -12.876  -5.602  36.143 0.0000000000
72708  -12.254  -5.634  36.856 0.0000000000
71693  -11.965  -6.039  36.155 0.0000000000
71692  -11.347  -6.329  36.678 0.0000000000
71701  -11.501  -6.901  35.813 0.0000000000
132617  -10.519  -10.338  32.499 0.0000000000
67761  -9.600  -10.237  32.372 0.0000000000
72841  -48.727  -6.466  20.614 0.0000000000
71853  -49.130  -6.422  20.439 0.0000000000
70783  -46.596  -7.994  23.455 0.0000000000
69816  -46.952  -8.381  22.994 0.0000000000
72892  -43.691  -5.430  18.718 0.0000000000
72905  -43.414  -4.960  18.027 0.0000000000
74743  -38.133  -3.626  17.060 0.0000000000
66916  -41.967  -11.215  29.614 0.0000000000
66917  -42.536  -10.525  29.106 0.0000000000
71780  -41.036  -6.308  26.556 0.0000000000
71792  -40.783  -5.880  25.927 0.0000000000
72792  -41.215  -5.109  25.607 0.0000000000
69831  -36.965  -8.149  21.908 0.0000000000
70809  -37.274  -7.510  21.481 0.0000000000
60702  -20.720  -16.911  42.347 0.0000000000
60701  -20.053  -17.385  42.694 0.0000000000
56885  -16.836  -21.336  42.737 0.0000000000
55093  -19.517  -23.031  40.126 0.0000000000
55090  -19.438  -23.083  40.741 0.0000000000
148095  -15.656  -24.982  41.550 0.0000000000
154679  -16.493  -24.656  41.902 0.0000000000
53065  -15.798  -24.700  41.796 0.0000000000
53052  -14.953  -24.367  41.831 0.0000000000
51907  -14.133  -25.078  41.136 0.0000000000
53153  -20.777  -24.025  33.003 0.0000000000
50889  -18.388  -25.019  34.985 0.0000000000
77404  -24.032  -1.349  24.109 0.0000000000
77402  -22.758  -1.017  24.022 0.0000000000
77403  -23.559  -1.237  24.409 0.0000000000
77395  -23.616  -1.327  25.134 0.0000000000
76541  -24.115  -1.493  24.855 0.0000000000
70787  -26.087  -8.177  22.210 0.0000000000
68890  -22.059  -10.013  21.582 0.0000000000
68922  -22.300  -9.502  20.738 0.0000000000
69841  -21.881  -8.636  20.559 0.0000000000
63044  -20.879  -15.360  24.353 0.0000000000
64120  -20.872  -14.932  23.375 0.0000000000
64119  -20.332  -14.569  24.301 0.0000000000
69776  -19.517  -8.945  25.085 0.0000000000
69791  -19.961  -8.544  24.458 0.0000000000
70776  -21.007  -7.340  23.218 0.0000000000
70765  -20.981  -7.140  24.257 0.0000000000
70754  -20.802  -7.174  25.111 0.0000000000
135010  -22.172  -6.142  28.443 0.0000000000
72764  -23.625  -5.002  28.377 0.0000000000
71761  -23.007  -5.619  28.913 0.0000000000
71753  -23.193  -5.761  29.834 0.0000000000
67768  -20.745  -10.468  32.979 0.0000000000
67751  -21.466  -9.711  33.364 0.0000000000
143959  -21.304  -10.536  33.644 0.0000000000
67747  -21.822  -10.075  34.027 0.0000000000
61853  -18.805  -16.578  32.573 0.0000000000
61838  -19.496  -16.500  33.466 0.0000000000
60736  -21.466  -15.792  36.694 0.0000000000
61808  -21.662  -15.462  36.122 0.0000000000
61798  -22.243  -15.330  36.746 0.0000000000
143748  -22.262  -14.759  36.019 0.0000000000
62942  -22.871  -15.121  37.354 0.0000000000
59708  -21.082  -17.307  40.845 0.0000000000
60707  -21.571  -16.887  40.866 0.0000000000
59703  -21.208  -16.990  41.496 0.0000000000
132872  -21.308  -16.463  42.170 0.0000000000
87230  -54.735  9.692  11.699 0.0000000000
87241  -54.198  10.006  11.593 0.0000000000
74692  -50.022  -2.862  20.817 0.0000000000
75657  -49.934  -2.277  20.912 0.0000000000
80128  -48.161  2.348  17.844 0.0000000000
80964  -47.498  3.655  17.199 0.0000000000
67913  -4.082  -10.824  20.302 0.0000000000
64115  -5.649  -14.153  24.381 0.0000000000
65008  -4.231  -13.846  32.867 0.0000000000
64039  -4.150  -14.175  32.546 0.0000000000
151965  -15.143  -17.974  43.987 0.0000000000
141102  -15.014  -17.320  44.019 0.0000000000
59684  -14.568  -17.950  44.002 0.0000000000
153930  -8.717  -20.336  42.124 0.0000000000
57797  -8.137  -20.546  42.047 0.0000000000
56878  -7.374  -20.609  42.050 0.0000000000
75497  -20.598  -2.569  36.493 0.0000000000
75496  -19.952  -2.370  36.258 0.0000000000
75488  -19.885  -2.115  36.953 0.0000000000
134018  -19.474  5.645  45.380 0.0000000000
82464  -20.147  5.935  45.155 0.0000000000
83347  -20.514  6.520  45.106 0.0000000000
83382  -10.546  6.404  39.471 0.0000000000
83383  -11.330  5.877  39.090 0.0000000000
82500  -11.540  5.159  39.349 0.0000000000
75429  -10.831  -3.245  45.974 0.0000000000
74493  -10.979  -3.896  45.992 0.0000000000
75426  -8.699  -2.525  46.459 0.0000000000
75434  -8.642  -2.239  45.542 0.0000000000
77262  -7.945  -0.686  45.628 0.0000000000
73635  -6.723  -5.606  40.799 0.0000000000
72644  -7.155  -5.824  41.541 0.0000000000
73641  -6.750  -4.950  40.501 0.0000000000
77304  -8.350  -0.209  40.082 0.0000000000
77297  -8.615  -0.397  40.949 0.0000000000
78162  -8.799  0.392  41.333 0.0000000000
79070  -9.134  0.748  40.799 0.0000000000
136016  -8.874  1.885  35.842 0.0000000000
79949  -9.450  1.978  36.543 0.0000000000
79959  -9.731  2.256  35.610 0.0000000000
79960  -10.602  2.609  35.725 0.0000000000
76467  -6.785  -0.567  30.866 0.0000000000
78215  -6.247  0.321  30.964 0.0000000000
76475  -7.150  -0.635  30.351 0.0000000000
77359  -7.237  -0.465  29.692 0.0000000000
76476  -7.629  -0.924  29.753 0.0000000000
129293  -8.904  -5.530  31.178 0.0000000000
154676  -9.463  -4.872  32.121 0.0000000000
72751  -9.617  -5.459  30.474 0.0000000000
71774  -11.444  -6.866  25.966 0.0000000000
71765  -11.343  -6.148  27.490 0.0000000000
72770  -11.722  -6.220  26.543 0.0000000000
152825  -11.833  -6.647  25.335 0.0000000000
71796  -12.160  -6.204  24.676 0.0000000000
71795  -11.770  -7.009  24.695 0.0000000000
145819  -6.265  -10.544  20.533 0.0000000000
68918  -4.371  -9.846  20.507 0.0000000000
149469  -37.404  -21.968  31.498 0.0000000000
55137  -37.618  -22.899  31.810 0.0000000000
55127  -35.805  -23.503  33.338 0.0000000000
56068  -35.957  -22.255  33.059 0.0000000000
56067  -35.486  -22.377  33.303 0.0000000000
149357  -35.125  -21.047  33.636 0.0000000000
154493  -34.755  -21.507  33.705 0.0000000000
56926  -34.294  -21.679  33.785 0.0000000000
55117  -34.759  -22.941  33.840 0.0000000000
131619  -34.033  -25.258  34.398 0.0000000000
54157  -34.765  -23.569  34.782 0.0000000000
53132  -34.130  -24.686  34.862 0.0000000000
146278  -33.529  -24.662  35.148 0.0000000000
76604  -51.145  -1.542  18.778 0.0000000000
77461  -51.364  -0.731  18.336 0.0000000000
77450  -51.409  -0.693  19.753 0.0000000000
130205  -16.689  -13.957  40.032 0.0000000000
64938  -15.646  -13.973  39.982 0.0000000000
149230  -16.077  -14.276  40.592 0.0000000000
132466  -15.543  -14.947  42.105 0.0000000000
63965  -14.904  -14.738  41.475 0.0000000000
63959  -22.562  -14.073  42.014 0.0000000000
64926  -22.749  -13.515  41.789 0.0000000000
64925  -21.829  -13.672  42.019 0.0000000000
65870  -20.254  -13.483  41.427 0.0000000000
65871  -20.962  -13.072  41.311 0.0000000000
65879  -20.902  -12.666  40.752 0.0000000000
66821  -21.298  -12.175  40.377 0.0000000000
65886  -20.508  -12.431  40.160 0.0000000000
66828  -20.114  -12.129  39.443 0.0000000000
65885  -19.741  -12.649  39.856 0.0000000000
64939  -17.784  -13.935  40.629 0.0000000000
64949  -18.266  -13.413  40.006 0.0000000000
142146  -17.495  -13.613  39.801 0.0000000000
64948  -16.913  -13.466  39.272 0.0000000000
66018  -44.411  -11.081  26.050 0.0000000000
66017  -43.945  -11.264  26.197 0.0000000000
68908  -31.194  -9.840  21.160 0.0000000000
68925  -31.543  -9.691  20.380 0.0000000000
132057  -31.255  -9.352  19.671 0.0000000000
70848  -31.273  -7.714  18.532 0.0000000000
69867  -31.660  -8.401  18.699 0.0000000000
71892  -31.743  -7.225  18.709 0.0000000000
73782  -31.572  -5.213  19.208 0.0000000000
57827  -19.018  -21.070  34.962 0.0000000000
56057  -20.311  -22.407  34.874 0.0000000000
56058  -20.440  -22.867  35.298 0.0000000000
74722  -28.792  -3.968  17.966 0.0000000000
73795  -27.261  -4.657  18.188 0.0000000000
155863  -22.343  -18.585  30.208 0.0000000000
58866  -20.418  -19.689  31.458 0.0000000000
58886  -20.949  -19.239  30.947 0.0000000000
58864  -18.333  -19.366  31.281 0.0000000000
58843  -18.966  -19.837  32.137 0.0000000000
57851  -19.330  -20.694  33.478 0.0000000000
131257  -18.744  -20.734  34.268 0.0000000000
84606  -56.540  7.679  6.408 0.0000000000
85464  -56.607  8.724  6.811 0.0000000000
147452  -56.321  7.265  7.021 0.0000000000
84614  -56.836  7.573  5.474 0.0000000000
68774  -4.471  -9.511  30.717 0.0000000000
68789  -4.427  -9.863  30.185 0.0000000000
67787  -4.350  -10.469  30.775 0.0000000000
152656  -3.942  -12.018  30.498 0.0000000000
145866  -3.949  -12.383  30.292 0.0000000000
65975  -3.985  -12.916  30.329 0.0000000000
142209  -15.842  0.977  42.268 0.0000000000
79067  -15.485  1.753  42.066 0.0000000000
80690  -13.650  3.155  41.714 0.0000000000
80691  -14.374  3.188  41.769 0.0000000000
81583  -13.700  4.480  42.037 0.0000000000
131209  -14.081  5.033  42.085 0.0000000000
82485  -13.317  5.200  42.099 0.0000000000
82491  -13.332  5.896  41.857 0.0000000000
81582  -12.848  4.452  42.314 0.0000000000
82476  -12.030  5.329  42.811 0.0000000000
82475  -11.451  5.220  43.449 0.0000000000
82474  -10.962  5.864  43.845 0.0000000000
82467  -10.708  5.129  44.419 0.0000000000
150283  -10.382  5.924  44.743 0.0000000000
81570  -10.724  4.371  44.582 0.0000000000
79044  -10.533  2.063  45.311 0.0000000000
150843  -10.231  3.391  45.748 0.0000000000
79898  -10.182  2.677  45.885 0.0000000000
79038  -10.105  1.802  46.087 0.0000000000
68723  -6.631  -9.007  34.615 0.0000000000
69697  -5.110  -8.055  33.483 0.0000000000
69685  -5.259  -7.841  33.938 0.0000000000
69696  -5.075  -7.736  32.907 0.0000000000
69706  -4.788  -7.738  32.219 0.0000000000
68762  -4.656  -8.904  31.503 0.0000000000
69714  -4.505  -8.762  31.047 0.0000000000
65058  -36.908  -13.767  28.265 0.0000000000
154596  -36.630  -14.304  28.512 0.0000000000
65035  -36.783  -13.587  29.694 0.0000000000
65022  -37.093  -12.686  31.121 0.0000000000
65924  -32.792  -12.648  34.086 0.0000000000
65943  -31.725  -12.241  33.503 0.0000000000
67783  -30.819  -10.649  31.591 0.0000000000
67769  -31.537  -10.783  32.152 0.0000000000
142666  -31.467  -10.489  31.409 0.0000000000
68780  -30.689  -10.101  30.133 0.0000000000
68779  -30.056  -9.877  30.004 0.0000000000
139650  -28.888  -9.470  28.556 0.0000000000
136608  -29.435  -9.484  28.632 0.0000000000
69755  -28.860  -9.097  27.040 0.0000000000
68825  -28.509  -9.276  27.467 0.0000000000
56077  -25.880  -22.167  31.232 0.0000000000
56078  -26.446  -22.059  31.702 0.0000000000
54167  -27.172  -23.314  31.900 0.0000000000
144503  -26.626  -23.190  31.547 0.0000000000
54181  -26.610  -23.662  31.302 0.0000000000
68824  -27.764  -9.493  27.457 0.0000000000
68809  -27.681  -9.862  28.139 0.0000000000
65979  -26.774  -12.536  29.102 0.0000000000
66910  -26.631  -11.844  29.051 0.0000000000
65025  -27.109  -13.202  29.026 0.0000000000
65034  -26.764  -13.284  28.444 0.0000000000
147385  -27.812  -13.842  29.132 0.0000000000
57842  -30.283  -21.701  32.916 0.0000000000
135884  -30.031  -21.247  32.737 0.0000000000
57859  -29.305  -20.836  32.334 0.0000000000
129256  -28.710  -19.974  31.626 0.0000000000
58852  -28.147  -20.172  31.730 0.0000000000
59767  -27.665  -19.796  31.403 0.0000000000
58832  -28.039  -20.551  31.800 0.0000000000
56947  -27.056  -20.914  32.073 0.0000000000
57854  -26.167  -20.738  31.474 0.0000000000
82758  -54.056  5.435  12.580 0.0000000000
82708  -52.837  5.919  15.330 0.0000000000
82724  -53.320  6.087  14.407 0.0000000000
84518  -53.072  7.974  15.717 0.0000000000
135703  -52.669  7.246  16.440 0.0000000000
85346  -48.343  8.512  21.509 0.0000000000
86216  -48.507  9.275  20.783 0.0000000000
85345  -47.634  8.834  20.952 0.0000000000
80987  -53.153  4.167  12.963 0.0000000000
80154  -52.889  3.477  11.803 0.0000000000
80995  -53.439  4.080  12.223 0.0000000000
65934  -10.905  -12.507  33.141 0.0000000000
64019  -10.678  -14.312  34.725 0.0000000000
64983  -10.149  -13.693  34.346 0.0000000000
64018  -9.920  -14.094  34.957 0.0000000000
64010  -9.274  -14.375  35.446 0.0000000000
60713  -6.899  -18.096  40.358 0.0000000000
130120  -6.780  -17.620  39.551 0.0000000000
144707  -5.540  -18.386  39.879 0.0000000000
58786  -3.588  -19.950  39.111 0.0000000000
138009  -3.934  -19.442  39.246 0.0000000000
58790  -3.289  -20.432  38.750 0.0000000000
58794  -3.519  -20.154  38.146 0.0000000000
70686  -24.418  -7.392  34.423 0.0000000000
71718  -25.646  -6.490  34.635 0.0000000000
150660  -25.078  -7.157  34.713 0.0000000000
70668  -26.838  -6.979  36.541 0.0000000000
71710  -26.598  -6.289  35.790 0.0000000000
71697  -27.330  -6.373  36.890 0.0000000000
73658  -27.375  -5.030  37.073 0.0000000000
72704  -27.772  -5.539  37.722 0.0000000000
135799  -24.607  -6.612  39.238 0.0000000000
72673  -24.809  -6.157  39.716 0.0000000000
131320  -22.647  -5.301  41.353 0.0000000000
147848  -23.498  -5.289  40.885 0.0000000000
72647  -22.713  -5.105  42.507 0.0000000000
72639  -22.608  -4.945  42.964 0.0000000000
71629  -21.846  -5.201  43.069 0.0000000000
72634  -21.285  -5.169  43.594 0.0000000000
71635  -20.843  -5.480  43.291 0.0000000000
71634  -19.387  -6.030  43.052 0.0000000000
71627  -19.453  -5.989  43.663 0.0000000000
145451  -18.732  -6.350  43.421 0.0000000000
71621  -18.119  -6.539  43.917 0.0000000000
71626  -18.058  -6.612  43.693 0.0000000000
70597  -17.399  -6.822  43.801 0.0000000000
71633  -18.029  -6.635  43.185 0.0000000000
71652  -17.743  -5.869  40.814 0.0000000000
132212  -17.472  -6.248  41.503 0.0000000000
71651  -17.156  -6.001  40.848 0.0000000000
71638  -16.646  -6.402  41.371 0.0000000000
68716  -16.495  -9.682  35.102 0.0000000000
69692  -16.422  -8.191  34.472 0.0000000000
132534  -16.236  -9.026  34.462 0.0000000000
68740  -14.713  -9.742  32.757 0.0000000000
69702  -14.979  -8.330  33.163 0.0000000000
70695  -14.274  -8.027  33.053 0.0000000000
71724  -14.256  -6.871  33.950 0.0000000000
69709  -13.716  -8.379  32.877 0.0000000000
139540  -13.086  -8.214  33.247 0.0000000000
65957  -12.683  -12.023  32.651 0.0000000000
66886  -12.678  -11.152  32.508 0.0000000000
66885  -11.851  -11.446  32.592 0.0000000000
69862  -48.296  -8.753  20.105 0.0000000000
70825  -48.741  -7.890  20.895 0.0000000000
71814  -44.970  -6.457  24.299 0.0000000000
132877  -45.348  -6.875  23.495 0.0000000000
71828  -44.706  -6.333  23.674 0.0000000000
72855  -43.209  -6.172  20.930 0.0000000000
72870  -42.408  -5.604  19.431 0.0000000000
73772  -40.811  -4.033  20.605 0.0000000000
73785  -41.115  -4.653  19.889 0.0000000000
73783  -39.833  -3.953  19.193 0.0000000000
69728  -39.854  -9.160  30.271 0.0000000000
69738  -40.542  -8.782  29.763 0.0000000000
69737  -39.984  -8.833  29.574 0.0000000000
70745  -39.484  -7.436  26.972 0.0000000000
71779  -39.780  -6.991  26.300 0.0000000000
70758  -38.982  -7.387  26.256 0.0000000000
57801  -19.213  -20.286  41.875 0.0000000000
53077  -19.293  -24.738  40.429 0.0000000000
53069  -19.076  -24.692  41.045 0.0000000000
53084  -18.885  -25.084  40.561 0.0000000000
53082  -17.864  -24.991  40.691 0.0000000000
53080  -15.380  -24.995  40.621 0.0000000000
51997  -20.530  -24.450  32.164 0.0000000000
131132  -19.904  -25.240  31.756 0.0000000000
76576  -23.145  -1.682  20.812 0.0000000000
76570  -23.332  -1.301  21.768 0.0000000000
76560  -23.589  -1.271  22.729 0.0000000000
75627  -23.717  -1.906  22.296 0.0000000000
66947  -24.253  -11.483  24.330 0.0000000000
152542  -24.320  -10.962  23.920 0.0000000000
67863  -23.866  -11.264  23.729 0.0000000000
65082  -23.044  -12.734  23.143 0.0000000000
66946  -23.188  -11.602  23.422 0.0000000000
141032  -22.564  -11.100  22.987 0.0000000000
66031  -21.861  -11.676  22.962 0.0000000000
64096  -20.250  -14.634  26.778 0.0000000000
65067  -20.003  -13.839  26.399 0.0000000000
66925  -18.998  -11.735  27.029 0.0000000000
67835  -18.777  -10.096  26.818 0.0000000000
68835  -18.840  -9.843  26.010 0.0000000000
69752  -19.574  -8.573  26.762 0.0000000000
68821  -19.321  -9.229  27.435 0.0000000000
143023  -19.505  -9.814  29.214 0.0000000000
69744  -19.761  -8.605  28.213 0.0000000000
68808  -19.829  -8.863  29.043 0.0000000000
69732  -20.260  -8.375  29.561 0.0000000000
69722  -20.561  -8.319  30.324 0.0000000000
66899  -19.783  -11.534  31.568 0.0000000000
138153  -19.990  -9.914  31.277 0.0000000000
66888  -20.134  -11.033  32.264 0.0000000000
65958  -20.067  -12.218  32.164 0.0000000000
60733  -17.885  -17.508  35.868 0.0000000000
60748  -18.717  -17.206  35.354 0.0000000000
137424  -19.003  -17.428  36.179 0.0000000000
145795  -19.875  -17.556  37.442 0.0000000000
144367  -20.050  -17.284  36.667 0.0000000000
60726  -20.492  -17.079  37.515 0.0000000000
154459  -20.700  -16.969  38.050 0.0000000000
60727  -21.112  -16.605  37.827 0.0000000000
59717  -20.534  -17.767  39.782 0.0000000000
59711  -20.590  -17.825  40.278 0.0000000000
59712  -21.030  -17.343  40.314 0.0000000000
75655  -48.141  -2.774  20.428 0.0000000000
76594  -48.387  -1.603  20.179 0.0000000000
75671  -47.932  -2.147  20.090 0.0000000000
77460  -47.105  -0.774  18.427 0.0000000000
77475  -46.626  -0.281  17.533 0.0000000000
66965  -5.252  -11.914  21.262 0.0000000000
66960  -5.550  -12.038  22.255 0.0000000000
66053  -4.555  -12.989  22.483 0.0000000000
147647  -4.390  -13.456  21.987 0.0000000000
64151  -4.232  -14.071  21.070 0.0000000000
64140  -4.313  -13.985  21.867 0.0000000000
64131  -8.461  -14.579  23.992 0.0000000000
146015  -13.354  -20.209  43.355 0.0000000000
57789  -12.827  -20.655  43.035 0.0000000000
76415  -20.906  -1.459  39.494 0.0000000000
76414  -20.138  -1.207  39.195 0.0000000000
77307  -20.490  -0.911  39.990 0.0000000000
136995  -19.285  1.212  41.451 0.0000000000
79068  -18.797  2.289  41.238 0.0000000000
79926  -18.946  2.972  41.634 0.0000000000
86052  -18.900  10.200  44.212 0.0000000000
84243  -7.395  7.645  45.817 0.0000000000
82489  -9.766  5.291  41.812 0.0000000000
82495  -10.050  5.782  41.007 0.0000000000
138129  -11.376  -7.055  45.463 0.0000000000
71608  -10.605  -5.623  46.203 0.0000000000
71610  -10.702  -6.536  45.763 0.0000000000
72609  -9.832  -5.623  45.921 0.0000000000
72614  -9.493  -5.397  45.124 0.0000000000
73605  -9.417  -4.486  45.076 0.0000000000
72628  -9.159  -5.199  44.172 0.0000000000
74535  -5.403  -4.273  38.794 0.0000000000
74536  -5.964  -4.042  39.343 0.0000000000
74543  -5.568  -3.495  38.637 0.0000000000
76419  -6.184  -1.836  38.217 0.0000000000
76420  -7.074  -1.301  38.773 0.0000000000
77303  -7.895  -0.797  39.370 0.0000000000
77309  -7.283  -0.379  38.613 0.0000000000
77315  -6.839  -0.053  37.778 0.0000000000
78181  -6.524  0.166  36.865 0.0000000000
79093  -7.248  1.370  35.730 0.0000000000
155096  -6.595  1.077  35.622 0.0000000000
78195  -5.995  0.794  35.047 0.0000000000
76442  -5.265  -1.375  33.844 0.0000000000
131294  -5.394  -0.788  33.385 0.0000000000
76460  -6.233  -0.907  32.313 0.0000000000
76461  -6.478  -1.384  32.719 0.0000000000
70716  -7.573  -7.618  28.266 0.0000000000
71756  -8.403  -7.073  28.684 0.0000000000
70727  -8.021  -7.684  27.716 0.0000000000
132943  -8.500  -8.774  25.712 0.0000000000
70749  -8.723  -8.213  26.556 0.0000000000
70750  -9.334  -8.101  25.855 0.0000000000
69775  -9.093  -8.520  25.299 0.0000000000
69788  -9.528  -8.623  24.303 0.0000000000
67872  -7.372  -10.574  23.333 0.0000000000
67873  -8.159  -10.281  22.839 0.0000000000
67886  -6.995  -11.124  22.717 0.0000000000
66962  -6.939  -11.250  21.722 0.0000000000
74667  -10.957  -3.482  21.782 0.0000000000
73735  -10.345  -4.059  21.620 0.0000000000
74668  -11.530  -3.846  22.323 0.0000000000
60810  -36.623  -17.559  29.803 0.0000000000
61885  -36.677  -17.133  30.448 0.0000000000
136170  -36.341  -16.676  31.900 0.0000000000
156016  -35.518  -15.583  32.801 0.0000000000
61843  -35.466  -16.229  33.080 0.0000000000
58822  -36.186  -19.817  32.764 0.0000000000
59754  -36.240  -19.228  32.617 0.0000000000
60756  -35.638  -19.028  33.336 0.0000000000
61813  -34.598  -17.626  34.071 0.0000000000
61828  -34.543  -16.515  34.067 0.0000000000
62965  -34.940  -15.787  33.592 0.0000000000
64029  -33.741  -14.180  34.150 0.0000000000
62963  -33.447  -15.172  34.364 0.0000000000
64016  -31.466  -14.936  33.935 0.0000000000
155309  -30.947  -14.902  33.412 0.0000000000
64989  -30.496  -13.682  33.103 0.0000000000
64025  -30.586  -14.519  32.870 0.0000000000
155866  -36.551  -18.409  29.774 0.0000000000
132554  -36.609  -18.101  29.806 0.0000000000
55111  -29.289  -23.256  33.459 0.0000000000
54150  -28.713  -23.694  33.370 0.0000000000
54151  -29.421  -23.992  33.553 0.0000000000
148751  -29.743  -24.822  32.744 0.0000000000
51986  -30.553  -24.940  32.496 0.0000000000
64036  -30.394  -14.531  32.237 0.0000000000
59750  -32.830  -18.034  33.279 0.0000000000
59758  -32.551  -18.048  32.644 0.0000000000
59759  -32.836  -18.447  33.046 0.0000000000
56925  -33.955  -21.484  33.737 0.0000000000
56940  -33.454  -21.467  33.601 0.0000000000
56939  -32.346  -21.975  33.693 0.0000000000
56949  -31.547  -21.916  33.233 0.0000000000
56938  -31.223  -22.199  34.023 0.0000000000
56055  -30.615  -23.293  33.863 0.0000000000
151174  -30.080  -23.213  33.623 0.0000000000
145875  -29.481  -22.642  33.342 0.0000000000
80136  -52.022  2.465  16.312 0.0000000000
154067  -52.051  2.792  17.397 0.0000000000
80966  -51.880  3.501  17.712 0.0000000000
147611  -51.565  4.539  18.716 0.0000000000
78369  -51.731  0.516  18.221 0.0000000000
148896  -51.833  0.936  17.694 0.0000000000
79288  -51.892  1.386  18.353 0.0000000000
81775  -50.800  4.224  20.997 0.0000000000
139170  -51.443  3.617  19.945 0.0000000000
81788  -51.193  4.230  20.451 0.0000000000
82663  -51.212  4.985  20.002 0.0000000000
82648  -50.313  5.626  21.319 0.0000000000
83533  -49.908  6.496  21.653 0.0000000000
82647  -49.961  5.577  21.545 0.0000000000
82646  -49.005  6.167  21.287 0.0000000000
83556  -48.047  6.775  20.949 0.0000000000
83540  -47.313  7.472  21.021 0.0000000000
65904  -14.215  -12.962  36.233 0.0000000000
64004  -13.178  -14.065  36.417 0.0000000000
64966  -13.792  -13.549  36.815 0.0000000000
64958  -13.400  -14.323  38.260 0.0000000000
63992  -12.824  -14.611  37.878 0.0000000000
62921  -11.592  -15.707  38.741 0.0000000000
63980  -12.278  -15.462  39.111 0.0000000000
141943  -14.299  -14.383  39.879 0.0000000000
64944  -13.928  -14.518  39.459 0.0000000000
64936  -13.917  -14.751  40.123 0.0000000000
63961  -11.589  -16.285  40.386 0.0000000000
62902  -10.953  -16.447  40.440 0.0000000000
62910  -10.960  -16.198  39.914 0.0000000000
61764  -9.419  -17.067  40.559 0.0000000000
61755  -9.170  -17.344  40.804 0.0000000000
156576  -8.995  -17.696  41.210 0.0000000000
61748  -8.627  -17.858  41.210 0.0000000000
60700  -7.986  -18.262  41.323 0.0000000000
153541  -5.969  -19.045  40.957 0.0000000000
59699  -6.575  -19.083  41.358 0.0000000000
65902  -24.888  -12.420  38.035 0.0000000000
66845  -25.747  -11.093  38.016 0.0000000000
65903  -25.544  -11.864  38.360 0.0000000000
65882  -26.050  -11.888  40.274 0.0000000000
65888  -26.449  -11.504  40.041 0.0000000000
67721  -26.940  -10.382  40.346 0.0000000000
67720  -26.317  -10.464  40.583 0.0000000000
145649  -23.313  -12.497  41.232 0.0000000000
65875  -24.343  -12.473  41.090 0.0000000000
66819  -23.927  -12.070  41.065 0.0000000000
67723  -23.520  -10.273  39.740 0.0000000000
67718  -24.019  -10.875  40.362 0.0000000000
67724  -24.399  -10.098  40.065 0.0000000000
68666  -25.293  -9.958  40.423 0.0000000000
68672  -24.729  -9.254  39.741 0.0000000000
138594  -24.934  -7.937  39.263 0.0000000000
69663  -22.285  -7.999  37.707 0.0000000000
69654  -23.158  -8.110  38.246 0.0000000000
70656  -22.016  -7.186  37.580 0.0000000000
71685  -22.479  -6.582  38.058 0.0000000000
144531  -20.940  -6.628  37.268 0.0000000000
70666  -21.170  -7.163  37.108 0.0000000000
68704  -20.264  -9.019  36.749 0.0000000000
69671  -20.283  -8.216  36.457 0.0000000000
69670  -19.771  -8.764  36.275 0.0000000000
69682  -19.534  -8.231  35.981 0.0000000000
66851  -18.065  -11.102  36.949 0.0000000000
67736  -17.418  -10.706  36.320 0.0000000000
67741  -17.012  -10.146  35.681 0.0000000000
67735  -16.651  -10.737  36.012 0.0000000000
65905  -14.826  -12.536  36.475 0.0000000000
65910  -14.583  -12.268  35.485 0.0000000000
68885  -46.463  -9.353  23.775 0.0000000000
67885  -45.979  -9.863  24.428 0.0000000000
66948  -45.219  -10.978  25.095 0.0000000000
68860  -45.920  -9.260  25.944 0.0000000000
67857  -45.889  -9.726  25.436 0.0000000000
68861  -46.226  -9.038  25.294 0.0000000000
70760  -46.104  -7.855  25.135 0.0000000000
70772  -45.733  -7.291  25.152 0.0000000000
72796  -44.273  -5.693  25.772 0.0000000000
142236  -44.853  -6.241  25.499 0.0000000000
72804  -43.941  -5.274  24.996 0.0000000000
73719  -43.352  -4.796  25.419 0.0000000000
68844  -35.411  -9.538  26.217 0.0000000000
138970  -35.801  -9.277  25.656 0.0000000000
68858  -35.640  -9.365  24.953 0.0000000000
68897  -35.249  -9.524  22.558 0.0000000000
68912  -35.800  -9.094  22.015 0.0000000000
69829  -35.700  -9.045  21.066 0.0000000000
67918  -33.109  -9.874  20.455 0.0000000000
68938  -33.749  -9.403  19.782 0.0000000000
69860  -34.604  -8.862  19.665 0.0000000000
152261  -35.145  -8.392  19.629 0.0000000000
140921  -17.625  -20.027  38.758 0.0000000000
155240  -18.437  -21.637  37.969 0.0000000000
56041  -18.774  -22.031  39.130 0.0000000000
56914  -19.146  -21.777  36.718 0.0000000000
56047  -20.246  -23.481  37.843 0.0000000000
56043  -19.750  -23.081  38.927 0.0000000000
55098  -19.987  -23.539  38.649 0.0000000000
54118  -19.724  -24.311  39.500 0.0000000000
54122  -19.868  -24.326  38.992 0.0000000000
51933  -19.415  -25.013  38.275 0.0000000000
51932  -19.091  -25.140  38.243 0.0000000000
51931  -18.754  -25.022  37.784 0.0000000000
75693  -23.005  -2.938  17.279 0.0000000000
60871  -25.318  -17.555  25.242 0.0000000000
60892  -24.450  -17.362  24.263 0.0000000000
137475  -24.832  -17.554  25.909 0.0000000000
60846  -22.598  -17.648  26.067 0.0000000000
60869  -23.342  -17.478  25.449 0.0000000000
60889  -22.052  -17.027  24.914 0.0000000000
60845  -21.652  -17.544  25.769 0.0000000000
59811  -21.629  -18.508  29.699 0.0000000000
129731  -21.664  -18.420  28.799 0.0000000000
59861  -19.684  -18.019  26.988 0.0000000000
59843  -20.039  -18.379  27.402 0.0000000000
60843  -19.940  -17.659  26.625 0.0000000000
60844  -20.603  -17.438  26.087 0.0000000000
61914  -19.981  -17.032  26.364 0.0000000000
61908  -20.147  -16.173  26.372 0.0000000000
61907  -19.660  -16.590  26.936 0.0000000000
61899  -18.894  -16.518  28.359 0.0000000000
63026  -19.626  -16.060  27.766 0.0000000000
61891  -18.854  -16.325  29.336 0.0000000000
144734  -17.269  -17.363  30.888 0.0000000000
154724  -17.950  -16.717  30.576 0.0000000000
132059  -17.711  -16.847  31.101 0.0000000000
61867  -18.572  -16.531  31.591 0.0000000000
129970  -17.265  -19.345  32.274 0.0000000000
59757  -16.477  -18.470  33.374 0.0000000000
139867  -16.559  -17.773  33.905 0.0000000000
60773  -17.053  -17.271  33.461 0.0000000000
133520  -16.538  -17.927  34.819 0.0000000000
58796  -16.897  -19.373  37.325 0.0000000000
59725  -16.806  -18.932  37.125 0.0000000000
58792  -17.145  -19.122  37.742 0.0000000000
75712  -44.142  -2.137  16.594 0.0000000000
76622  -43.729  -1.689  15.936 0.0000000000
68819  -6.271  -9.765  27.334 0.0000000000
68833  -6.632  -9.998  26.518 0.0000000000
66930  -6.123  -10.945  27.130 0.0000000000
66020  -6.728  -12.495  25.938 0.0000000000
66918  -4.474  -11.335  29.265 0.0000000000
66923  -4.903  -11.084  28.591 0.0000000000
64080  -6.480  -13.607  27.559 0.0000000000
65053  -6.750  -13.086  27.138 0.0000000000
64093  -7.212  -14.121  26.161 0.0000000000
51892  -10.864  -25.337  40.884 0.0000000000
79042  -20.121  1.121  44.962 0.0000000000
79041  -19.308  1.472  45.445 0.0000000000
79906  -17.694  2.751  45.278 0.0000000000
79899  -18.235  2.811  45.538 0.0000000000
80665  -18.020  3.361  45.464 0.0000000000
81565  -18.509  4.069  45.415 0.0000000000
81572  -18.203  4.589  45.308 0.0000000000
80686  -16.452  2.825  43.618 0.0000000000
80679  -16.065  3.576  43.354 0.0000000000
82479  -17.431  6.107  44.275 0.0000000000
153854  -17.448  6.816  43.985 0.0000000000
84252  -18.016  8.023  44.255 0.0000000000
85177  -17.545  8.522  43.552 0.0000000000
86069  -16.875  9.941  41.666 0.0000000000
86064  -17.295  9.942  42.407 0.0000000000
84271  -12.477  7.277  41.519 0.0000000000
84281  -12.980  7.755  40.743 0.0000000000
85182  -12.280  8.188  41.113 0.0000000000
83344  -9.957  6.041  45.805 0.0000000000
83343  -9.700  6.354  46.557 0.0000000000
82455  -8.988  5.816  47.543 0.0000000000
83341  -9.197  6.476  47.352 0.0000000000
84240  -8.883  6.994  47.373 0.0000000000
85156  -8.242  7.997  47.032 0.0000000000
83338  -7.729  7.064  47.051 0.0000000000
84241  -7.528  7.609  46.501 0.0000000000
131570  -7.611  6.206  46.965 0.0000000000
133791  -7.419  3.931  46.386 0.0000000000
81559  -7.441  4.693  46.257 0.0000000000
81562  -7.485  4.050  45.574 0.0000000000
80663  -7.417  3.286  45.773 0.0000000000
70628  -8.651  -7.565  40.532 0.0000000000
70614  -8.286  -7.577  41.596 0.0000000000
69636  -6.832  -7.929  39.892 0.0000000000
70626  -7.096  -7.615  40.615 0.0000000000
70625  -6.586  -7.443  40.359 0.0000000000
71643  -6.475  -6.752  40.668 0.0000000000
70624  -6.089  -7.138  39.946 0.0000000000
68710  -6.087  -8.812  36.143 0.0000000000
68697  -6.440  -8.748  37.149 0.0000000000
68696  -6.027  -8.275  37.285 0.0000000000
144131  -5.848  -7.354  37.734 0.0000000000
70645  -5.801  -7.726  38.072 0.0000000000
71671  -5.595  -6.554  39.113 0.0000000000
72676  -5.449  -5.810  38.767 0.0000000000
72692  -5.555  -5.772  38.195 0.0000000000
72706  -6.641  -5.491  36.906 0.0000000000
151410  -6.081  -5.214  37.354 0.0000000000
149257  -6.785  -4.907  36.706 0.0000000000
73656  -6.707  -4.384  36.440 0.0000000000
73659  -7.587  -4.300  35.842 0.0000000000
148457  -8.018  -4.910  35.612 0.0000000000
71723  -6.948  -6.269  33.848 0.0000000000
72730  -7.922  -5.806  33.322 0.0000000000
72738  -8.363  -5.526  32.538 0.0000000000
72737  -7.444  -5.725  32.338 0.0000000000
71734  -5.136  -6.727  31.949 0.0000000000
71729  -5.245  -6.478  32.145 0.0000000000
71735  -5.175  -6.470  31.642 0.0000000000
71740  -5.632  -6.540  30.791 0.0000000000
71747  -6.101  -7.130  30.074 0.0000000000
71741  -6.492  -6.530  30.498 0.0000000000
71754  -6.759  -7.503  29.214 0.0000000000
69750  -6.329  -8.742  28.054 0.0000000000
68820  -6.567  -9.133  27.453 0.0000000000
80846  -8.243  3.490  28.251 0.0000000000
141277  -8.790  1.944  27.297 0.0000000000
78244  -8.575  1.235  27.234 0.0000000000
80042  -8.022  1.733  27.791 0.0000000000
65061  -39.518  -12.459  27.686 0.0000000000
65049  -40.428  -12.168  28.871 0.0000000000
65039  -40.147  -12.249  29.485 0.0000000000
132995  -38.125  -12.812  29.005 0.0000000000
65037  -38.664  -12.425  29.778 0.0000000000
65983  -39.710  -11.908  30.615 0.0000000000
65974  -39.966  -11.652  31.218 0.0000000000
66911  -40.795  -11.538  31.084 0.0000000000
66906  -40.266  -11.074  31.656 0.0000000000
68787  -40.353  -9.650  31.522 0.0000000000
68773  -39.739  -9.882  31.866 0.0000000000
68771  -38.645  -9.757  31.528 0.0000000000
69718  -38.455  -9.463  30.982 0.0000000000
69726  -38.256  -9.307  30.338 0.0000000000
69725  -37.300  -9.348  30.197 0.0000000000
64043  -35.933  -14.168  31.676 0.0000000000
153539  -36.366  -12.160  32.381 0.0000000000
66873  -33.730  -11.364  33.592 0.0000000000
65945  -34.686  -12.367  33.550 0.0000000000
67772  -34.929  -10.499  32.770 0.0000000000
67755  -35.430  -10.788  33.160 0.0000000000
67773  -35.752  -10.511  32.544 0.0000000000
66876  -36.635  -11.041  32.727 0.0000000000
68758  -36.197  -10.191  31.931 0.0000000000
68800  -34.776  -10.033  29.484 0.0000000000
68801  -35.696  -9.825  30.213 0.0000000000
131304  -35.730  -9.691  29.091 0.0000000000
68802  -36.475  -9.475  29.665 0.0000000000
155758  -35.176  -9.712  27.538 0.0000000000
67832  -33.518  -10.469  27.194 0.0000000000
67854  -33.501  -10.422  25.214 0.0000000000
67841  -32.661  -10.683  25.795 0.0000000000
67829  -30.914  -10.423  27.881 0.0000000000
67839  -30.728  -10.420  27.047 0.0000000000
67865  -30.639  -10.322  25.178 0.0000000000
153045  -31.317  -10.494  24.466 0.0000000000
67893  -30.828  -10.100  23.017 0.0000000000
69813  -29.242  -8.708  22.434 0.0000000000
68894  -29.804  -9.283  21.915 0.0000000000
69828  -29.326  -8.620  21.521 0.0000000000
70807  -28.883  -7.710  21.290 0.0000000000
56954  -21.202  -21.769  31.955 0.0000000000
56084  -23.034  -22.302  30.974 0.0000000000
55151  -22.241  -23.029  31.434 0.0000000000
55144  -25.620  -22.828  30.925 0.0000000000
132010  -24.178  -23.610  30.164 0.0000000000
54200  -22.967  -23.824  30.162 0.0000000000
54199  -21.721  -23.618  31.199 0.0000000000
52015  -22.266  -24.356  30.094 0.0000000000
154892  -28.708  -24.483  32.658 0.0000000000
53138  -28.157  -24.239  32.064 0.0000000000
53156  -28.225  -24.482  31.719 0.0000000000
70821  -28.465  -6.697  21.105 0.0000000000
70806  -28.354  -7.047  21.946 0.0000000000
70778  -27.748  -7.741  23.736 0.0000000000
134886  -27.058  -7.629  23.464 0.0000000000
70788  -26.759  -7.321  22.611 0.0000000000
69804  -26.595  -8.321  23.990 0.0000000000
68839  -26.804  -9.654  26.345 0.0000000000
69779  -27.083  -8.842  25.454 0.0000000000
67825  -25.462  -11.134  26.324 0.0000000000
68837  -25.750  -10.303  25.553 0.0000000000
68852  -25.475  -10.193  24.900 0.0000000000
133641  -25.202  -10.728  25.131 0.0000000000
67850  -24.841  -11.241  25.119 0.0000000000
66933  -25.130  -11.628  25.930 0.0000000000
64100  -26.575  -14.419  25.961 0.0000000000
64097  -25.330  -13.435  25.593 0.0000000000
130202  -26.399  -14.737  25.107 0.0000000000
64123  -25.580  -14.390  24.746 0.0000000000
63039  -26.952  -15.441  24.622 0.0000000000
62980  -30.341  -14.846  31.165 0.0000000000
62987  -29.616  -14.428  30.808 0.0000000000
61883  -30.955  -16.465  30.241 0.0000000000
63000  -29.784  -15.159  30.255 0.0000000000
61882  -30.285  -15.919  29.935 0.0000000000
63013  -29.686  -15.406  29.672 0.0000000000
61892  -30.111  -16.036  28.912 0.0000000000
57884  -30.977  -19.995  30.663 0.0000000000
58890  -31.368  -19.455  30.435 0.0000000000
58889  -30.740  -19.421  29.978 0.0000000000
58903  -30.274  -18.424  28.538 0.0000000000
60819  -30.528  -17.747  28.389 0.0000000000
60833  -30.148  -17.252  27.801 0.0000000000
61900  -30.004  -16.481  27.903 0.0000000000
61909  -29.635  -16.836  27.226 0.0000000000
144817  -28.915  -15.780  26.785 0.0000000000
60830  -28.011  -17.864  26.958 0.0000000000
60851  -28.377  -17.321  26.269 0.0000000000
60874  -27.635  -17.212  25.624 0.0000000000
61924  -27.569  -16.650  25.043 0.0000000000
60850  -26.815  -17.536  25.820 0.0000000000
132895  -27.035  -17.723  26.795 0.0000000000
129716  -26.282  -17.730  27.590 0.0000000000
60794  -25.097  -18.297  30.008 0.0000000000
59765  -26.496  -19.433  30.709 0.0000000000
59778  -25.159  -19.005  30.193 0.0000000000
131654  -24.263  -19.042  30.395 0.0000000000
59777  -23.362  -18.910  30.486 0.0000000000
58869  -23.609  -19.505  30.596 0.0000000000
58846  -22.882  -20.011  30.737 0.0000000000
84566  -55.625  6.822  10.007 0.0000000000
135061  -55.397  6.774  10.702 0.0000000000
145424  -54.944  7.904  11.954 0.0000000000
85418  -54.691  8.721  12.314 0.0000000000
131962  -53.876  6.603  13.518 0.0000000000
83634  -54.374  7.029  12.917 0.0000000000
83633  -54.013  7.494  13.589 0.0000000000
86262  -53.247  9.696  14.648 0.0000000000
86274  -53.788  9.333  13.810 0.0000000000
86284  -53.942  9.644  13.212 0.0000000000
87202  -53.295  10.048  14.061 0.0000000000
87213  -52.460  10.424  14.032 0.0000000000
82700  -52.302  5.423  16.696 0.0000000000
149902  -52.358  6.976  17.219 0.0000000000
84482  -52.280  8.766  18.048 0.0000000000
85369  -52.097  9.742  17.938 0.0000000000
145061  -49.115  9.540  20.125 0.0000000000
86224  -49.811  9.568  20.085 0.0000000000
86234  -49.864  9.566  19.431 0.0000000000
150636  -49.639  8.972  18.002 0.0000000000
86240  -50.413  9.608  18.400 0.0000000000
85381  -50.960  9.852  17.599 0.0000000000
85391  -50.889  9.623  16.802 0.0000000000
82776  -55.233  6.030  10.532 0.0000000000
81889  -55.195  5.474  9.483 0.0000000000
82787  -55.416  6.097  10.008 0.0000000000
152043  -55.550  6.219  9.431 0.0000000000
67759  -7.026  -10.360  32.113 0.0000000000
66866  -5.660  -11.783  32.747 0.0000000000
65929  -5.101  -12.555  33.329 0.0000000000
65914  -5.042  -13.156  33.992 0.0000000000
64996  -8.733  -13.069  33.958 0.0000000000
65917  -7.850  -12.958  34.015 0.0000000000
64970  -5.349  -14.303  35.166 0.0000000000
64978  -5.386  -13.691  34.652 0.0000000000
143008  -5.010  -13.940  34.597 0.0000000000
64977  -4.660  -14.341  34.328 0.0000000000
62957  -4.327  -15.111  34.533 0.0000000000
61806  -4.310  -16.511  35.499 0.0000000000
62949  -11.625  -15.307  35.761 0.0000000000
62940  -11.296  -15.833  36.524 0.0000000000
62930  -8.222  -15.826  37.477 0.0000000000
62938  -9.482  -15.661  36.556 0.0000000000
63991  -7.648  -14.970  37.028 0.0000000000
61770  -5.624  -17.460  38.691 0.0000000000
62908  -6.175  -16.619  38.084 0.0000000000
62907  -5.826  -16.742  38.056 0.0000000000
62915  -5.452  -16.282  37.532 0.0000000000
62914  -5.018  -16.319  37.199 0.0000000000
62927  -5.272  -15.690  36.824 0.0000000000
153307  -4.866  -16.402  37.062 0.0000000000
62925  -4.693  -16.120  36.332 0.0000000000
130225  -24.195  -3.277  31.400 0.0000000000
74602  -23.305  -3.199  31.695 0.0000000000
74591  -23.845  -3.374  32.277 0.0000000000
130089  -23.714  -3.503  33.963 0.0000000000
151036  -22.973  -3.508  34.098 0.0000000000
133057  -22.412  -3.450  34.690 0.0000000000
74567  -21.820  -3.281  35.307 0.0000000000
74568  -22.535  -3.423  35.479 0.0000000000
73664  -26.291  -4.562  34.626 0.0000000000
74578  -26.050  -4.026  34.296 0.0000000000
74571  -26.296  -4.152  35.207 0.0000000000
133061  -24.245  -3.470  36.641 0.0000000000
74551  -23.760  -3.363  37.288 0.0000000000
74550  -22.912  -3.236  37.147 0.0000000000
75491  -22.375  -2.868  37.772 0.0000000000
75482  -21.830  -2.468  38.388 0.0000000000
75483  -22.616  -2.661  38.620 0.0000000000
76418  -23.082  -2.098  40.381 0.0000000000
76409  -22.578  -1.545  40.894 0.0000000000
77302  -22.171  -1.080  41.370 0.0000000000
76403  -22.885  -1.224  41.625 0.0000000000
148304  -27.142  -9.697  38.344 0.0000000000
144794  -26.822  -9.347  37.795 0.0000000000
68695  -27.547  -9.073  38.351 0.0000000000
71670  -28.802  -6.723  39.940 0.0000000000
71676  -28.618  -6.886  38.998 0.0000000000
134031  -28.658  -6.231  39.257 0.0000000000
72691  -28.498  -5.674  39.087 0.0000000000
73643  -28.419  -5.196  40.468 0.0000000000
71654  -26.473  -5.878  41.186 0.0000000000
71655  -27.389  -6.390  41.124 0.0000000000
72650  -26.320  -5.126  41.926 0.0000000000
74521  -25.407  -3.861  42.631 0.0000000000
73638  -26.841  -4.600  41.903 0.0000000000
74527  -26.519  -3.803  41.733 0.0000000000
134390  -25.636  -3.035  41.598 0.0000000000
133223  -25.266  -2.874  42.195 0.0000000000
76391  -23.475  -2.156  43.354 0.0000000000
149218  -23.027  -1.264  43.406 0.0000000000
153980  -22.503  -0.684  43.332 0.0000000000
78147  -21.169  0.052  44.136 0.0000000000
77274  -21.544  -0.783  44.223 0.0000000000
76380  -20.056  -1.111  45.186 0.0000000000
133053  -18.811  -1.578  45.455 0.0000000000
135686  -18.065  -0.500  45.202 0.0000000000
75430  -18.274  -1.356  45.230 0.0000000000
72613  -19.813  -5.343  44.613 0.0000000000
73604  -20.328  -4.765  44.670 0.0000000000
74510  -17.581  -3.186  44.304 0.0000000000
142940  -17.974  -2.929  44.808 0.0000000000
76389  -17.252  -1.468  43.826 0.0000000000
76396  -16.682  -1.028  43.115 0.0000000000
76395  -15.920  -1.556  42.367 0.0000000000
75456  -14.788  -2.626  42.270 0.0000000000
76401  -14.571  -1.313  41.662 0.0000000000
76400  -13.656  -1.357  41.703 0.0000000000
77289  -13.183  -0.627  41.661 0.0000000000
76399  -12.812  -1.332  42.104 0.0000000000
147605  -12.093  -1.149  42.816 0.0000000000
75462  -12.545  -2.058  42.643 0.0000000000
73617  -13.867  -4.778  43.616 0.0000000000
73616  -12.919  -4.752  43.903 0.0000000000
74499  -12.107  -4.312  44.355 0.0000000000
72629  -12.894  -5.620  44.468 0.0000000000
70595  -16.239  -7.361  43.955 0.0000000000
71618  -15.636  -7.210  44.259 0.0000000000
140965  -15.911  -7.402  44.074 0.0000000000
69616  -14.542  -8.026  44.108 0.0000000000
70593  -14.794  -7.668  44.148 0.0000000000
71612  -13.745  -7.363  44.508 0.0000000000
71615  -13.011  -6.817  44.863 0.0000000000
70590  -13.527  -7.518  44.382 0.0000000000
70589  -12.802  -7.539  44.579 0.0000000000
69611  -13.306  -8.213  43.924 0.0000000000
69631  -13.066  -7.720  42.618 0.0000000000
70607  -12.251  -7.768  42.783 0.0000000000
130721  -11.212  -7.784  42.847 0.0000000000
70617  -11.663  -7.527  41.951 0.0000000000
71683  -20.189  -6.459  37.115 0.0000000000
72700  -18.870  -6.025  38.009 0.0000000000
72698  -16.847  -5.600  37.577 0.0000000000
72699  -17.439  -5.690  38.054 0.0000000000
72682  -16.705  -5.486  38.587 0.0000000000
148662  -16.177  -5.615  39.443 0.0000000000
151943  -15.841  -5.427  38.617 0.0000000000
129509  -15.898  -6.546  34.987 0.0000000000
71705  -16.386  -6.530  35.349 0.0000000000
134419  -15.819  -6.208  35.458 0.0000000000
72696  -13.635  -5.306  37.649 0.0000000000
151006  -14.614  -5.252  37.480 0.0000000000
72680  -14.180  -5.430  38.445 0.0000000000
72663  -14.591  -5.714  39.229 0.0000000000
71648  -13.868  -6.518  40.452 0.0000000000
71662  -13.318  -6.233  39.803 0.0000000000
71661  -12.467  -6.378  39.883 0.0000000000
141086  -11.657  -6.365  39.754 0.0000000000
70630  -11.249  -7.113  41.079 0.0000000000
71645  -10.831  -6.673  40.143 0.0000000000
71644  -9.620  -7.060  40.122 0.0000000000
70655  -9.894  -7.678  36.963 0.0000000000
70654  -9.203  -8.059  37.441 0.0000000000
69661  -9.473  -8.172  36.843 0.0000000000
69690  -12.060  -8.328  34.184 0.0000000000
69689  -11.496  -8.463  34.632 0.0000000000
68726  -10.528  -9.023  34.365 0.0000000000
68725  -8.731  -9.257  34.804 0.0000000000
131876  -7.867  -10.059  32.193 0.0000000000
68746  -8.239  -9.636  32.599 0.0000000000
72894  -49.828  -5.442  19.009 0.0000000000
73778  -50.211  -4.103  20.045 0.0000000000
70850  -49.409  -7.030  19.187 0.0000000000
72859  -49.499  -5.621  20.253 0.0000000000
74702  -48.939  -3.700  20.769 0.0000000000
74714  -46.731  -3.628  19.661 0.0000000000
68914  -47.025  -9.447  21.775 0.0000000000
70795  -47.140  -7.853  22.470 0.0000000000
69817  -47.740  -8.093  21.938 0.0000000000
70811  -47.892  -7.573  21.505 0.0000000000
71850  -45.587  -6.914  22.303 0.0000000000
71851  -46.456  -6.906  21.731 0.0000000000
72857  -46.866  -5.847  20.563 0.0000000000
73805  -45.071  -4.475  18.774 0.0000000000
74729  -45.401  -3.595  18.604 0.0000000000
73823  -43.096  -4.466  17.419 0.0000000000
73835  -43.497  -3.748  17.100 0.0000000000
73834  -42.702  -3.949  16.753 0.0000000000
74757  -42.308  -3.341  16.075 0.0000000000
150832  -41.573  -3.352  15.845 0.0000000000
72890  -41.898  -5.266  18.705 0.0000000000
72903  -42.050  -5.059  17.892 0.0000000000
74755  -40.046  -3.743  16.058 0.0000000000
66015  -41.223  -12.029  26.350 0.0000000000
66922  -42.980  -10.687  28.380 0.0000000000
66000  -43.457  -10.834  27.834 0.0000000000
67821  -43.576  -10.105  27.927 0.0000000000
69749  -43.519  -8.673  28.034 0.0000000000
70712  -40.950  -8.384  29.084 0.0000000000
148391  -41.569  -8.172  28.781 0.0000000000
70723  -41.168  -7.894  28.466 0.0000000000
71770  -42.172  -6.607  27.450 0.0000000000
70724  -42.501  -7.188  27.835 0.0000000000
71771  -43.000  -6.585  27.401 0.0000000000
70736  -43.363  -7.366  27.683 0.0000000000
71783  -43.459  -6.061  26.860 0.0000000000
73706  -41.597  -4.465  25.273 0.0000000000
73717  -41.702  -4.072  24.770 0.0000000000
151984  -42.239  -4.047  24.773 0.0000000000
149500  -36.883  -8.558  25.015 0.0000000000
69797  -37.300  -8.212  24.579 0.0000000000
70782  -38.307  -7.172  23.639 0.0000000000
70781  -37.786  -7.722  24.082 0.0000000000
71812  -38.663  -6.470  23.358 0.0000000000
72820  -38.568  -4.743  22.820 0.0000000000
144265  -39.291  -4.723  23.527 0.0000000000
148812  -39.124  -2.853  23.076 0.0000000000
74688  -40.357  -3.079  21.939 0.0000000000
74687  -39.675  -2.714  21.592 0.0000000000
149639  -19.523  -15.157  43.087 0.0000000000
62883  -18.165  -15.488  43.185 0.0000000000
62884  -18.882  -15.450  43.307 0.0000000000
60693  -17.551  -16.374  43.726 0.0000000000
60695  -17.535  -17.114  43.803 0.0000000000
59685  -16.669  -17.332  43.907 0.0000000000
59695  -17.319  -18.167  43.437 0.0000000000
58777  -19.825  -18.842  42.014 0.0000000000
144324  -16.687  -19.931  42.716 0.0000000000
58769  -16.094  -19.483  43.086 0.0000000000
57792  -15.543  -20.160  43.182 0.0000000000
56883  -15.090  -21.299  43.168 0.0000000000
56015  -14.095  -22.240  42.881 0.0000000000
55069  -14.469  -22.624  42.713 0.0000000000
152485  -18.590  -20.175  40.147 0.0000000000
56034  -19.160  -22.538  41.143 0.0000000000
140841  -18.875  -22.001  41.437 0.0000000000
56895  -18.705  -21.741  41.974 0.0000000000
53068  -18.725  -24.555  41.561 0.0000000000
55082  -19.140  -23.739  41.608 0.0000000000
54103  -18.251  -24.317  42.049 0.0000000000
54101  -16.780  -23.975  42.334 0.0000000000
56019  -17.953  -22.552  42.597 0.0000000000
55072  -17.273  -22.777  42.665 0.0000000000
56018  -16.568  -22.335  42.685 0.0000000000
148892  -16.701  -22.935  42.652 0.0000000000
53041  -14.595  -23.949  42.017 0.0000000000
54092  -14.283  -23.498  42.298 0.0000000000
54091  -13.566  -23.534  42.329 0.0000000000
53039  -13.265  -23.929  42.168 0.0000000000
53049  -12.627  -24.303  41.845 0.0000000000
53050  -13.392  -24.252  41.916 0.0000000000
51910  -12.747  -25.346  40.772 0.0000000000
56076  -21.222  -22.439  32.458 0.0000000000
54166  -20.604  -23.934  34.126 0.0000000000
55108  -20.552  -23.840  35.194 0.0000000000
54149  -20.523  -24.194  34.814 0.0000000000
51980  -20.318  -24.735  32.982 0.0000000000
51966  -20.049  -24.999  33.985 0.0000000000
51958  -20.084  -25.140  34.901 0.0000000000
51950  -20.291  -25.064  35.747 0.0000000000
51941  -19.906  -24.870  36.497 0.0000000000
51949  -19.631  -25.016  36.148 0.0000000000
51947  -18.728  -24.945  36.341 0.0000000000
51946  -18.127  -24.846  36.313 0.0000000000
51938  -18.483  -24.870  37.009 0.0000000000
76520  -22.949  -1.494  26.585 0.0000000000
76519  -21.897  -1.497  26.646 0.0000000000
76507  -22.555  -1.766  27.462 0.0000000000
75589  -21.859  -2.106  28.139 0.0000000000
76496  -23.341  -1.914  27.982 0.0000000000
72845  -27.808  -5.911  20.731 0.0000000000
72844  -27.279  -5.944  20.624 0.0000000000
72863  -26.675  -5.769  19.789 0.0000000000
71872  -25.905  -6.332  19.462 0.0000000000
72883  -25.932  -5.710  18.763 0.0000000000
68905  -24.037  -10.207  21.341 0.0000000000
149790  -24.771  -9.728  21.139 0.0000000000
69852  -23.790  -8.528  19.200 0.0000000000
70830  -24.358  -7.957  18.807 0.0000000000
70845  -24.082  -7.305  18.427 0.0000000000
71888  -24.410  -6.590  18.116 0.0000000000
71897  -23.884  -6.123  17.813 0.0000000000
72900  -23.818  -5.452  17.524 0.0000000000
71887  -23.517  -6.683  18.282 0.0000000000
147721  -22.566  -6.150  19.022 0.0000000000
71886  -22.844  -6.065  18.518 0.0000000000
131831  -22.459  -5.477  19.113 0.0000000000
147812  -22.481  -4.735  18.837 0.0000000000
72843  -22.309  -5.328  20.125 0.0000000000
136968  -23.526  -16.617  23.143 0.0000000000
152245  -23.876  -16.303  22.607 0.0000000000
61966  -22.802  -15.578  22.352 0.0000000000
65088  -20.399  -13.354  23.086 0.0000000000
64145  -21.632  -14.180  22.215 0.0000000000
66955  -20.714  -11.527  23.235 0.0000000000
66954  -20.146  -11.353  23.776 0.0000000000
65073  -19.494  -12.796  25.279 0.0000000000
65080  -19.663  -13.052  24.597 0.0000000000
66021  -19.455  -12.059  24.727 0.0000000000
68875  -19.898  -9.584  23.991 0.0000000000
67874  -19.650  -10.297  24.287 0.0000000000
68876  -20.274  -9.240  23.206 0.0000000000
148259  -20.635  -9.212  22.515 0.0000000000
69809  -20.543  -8.705  22.544 0.0000000000
69825  -20.874  -8.219  22.007 0.0000000000
138015  -22.080  -6.139  22.562 0.0000000000
71819  -21.632  -6.866  21.914 0.0000000000
72832  -22.366  -5.193  21.246 0.0000000000
73752  -22.735  -4.165  21.462 0.0000000000
72817  -22.671  -4.718  22.167 0.0000000000
72798  -22.891  -5.457  24.012 0.0000000000
73739  -23.154  -4.308  22.842 0.0000000000
72808  -23.350  -4.730  23.607 0.0000000000
74658  -24.439  -3.113  23.192 0.0000000000
73710  -24.042  -4.318  24.135 0.0000000000
143073  -20.475  -7.171  26.659 0.0000000000
71776  -21.234  -6.491  26.731 0.0000000000
72773  -23.459  -5.052  26.403 0.0000000000
72786  -24.252  -4.676  25.877 0.0000000000
73702  -24.956  -4.201  25.478 0.0000000000
141063  -25.688  -2.967  25.794 0.0000000000
74639  -25.431  -3.541  26.026 0.0000000000
73681  -24.714  -3.415  28.481 0.0000000000
75582  -24.539  -2.740  28.653 0.0000000000
75580  -24.264  -2.350  28.850 0.0000000000
75570  -24.476  -2.861  29.356 0.0000000000
75556  -24.488  -2.946  29.912 0.0000000000
72753  -23.921  -5.309  30.194 0.0000000000
72754  -24.584  -4.858  30.564 0.0000000000
72747  -24.733  -5.137  31.307 0.0000000000
71737  -24.191  -5.800  31.671 0.0000000000
69723  -21.162  -7.873  30.851 0.0000000000
70703  -22.200  -6.922  30.815 0.0000000000
69724  -21.775  -7.491  31.207 0.0000000000
70696  -22.618  -7.363  32.219 0.0000000000
70697  -23.233  -7.022  32.508 0.0000000000
70692  -23.440  -7.307  33.263 0.0000000000
70693  -24.123  -7.023  33.615 0.0000000000
69704  -23.040  -7.942  33.728 0.0000000000
68731  -23.167  -9.207  34.864 0.0000000000
68719  -23.634  -9.700  35.584 0.0000000000
67744  -23.380  -10.663  35.863 0.0000000000
137659  -20.393  -14.888  30.736 0.0000000000
64052  -20.101  -14.487  30.456 0.0000000000
64046  -20.501  -14.312  32.241 0.0000000000
65010  -20.576  -13.945  32.730 0.0000000000
149889  -20.513  -16.114  34.606 0.0000000000
61839  -20.411  -16.119  33.851 0.0000000000
129683  -20.765  -15.747  34.454 0.0000000000
64033  -21.346  -14.822  34.856 0.0000000000
64022  -21.357  -14.331  34.603 0.0000000000
65002  -21.117  -13.607  34.120 0.0000000000
64987  -21.561  -13.738  34.784 0.0000000000
65920  -21.472  -12.954  34.596 0.0000000000
138774  -22.046  -13.258  35.341 0.0000000000
150026  -22.641  -13.206  35.957 0.0000000000
65912  -23.172  -12.686  36.347 0.0000000000
65908  -24.346  -12.202  37.419 0.0000000000
65907  -23.779  -13.037  36.976 0.0000000000
62934  -23.546  -15.017  37.987 0.0000000000
63995  -24.010  -14.281  37.957 0.0000000000
62924  -24.066  -14.715  38.598 0.0000000000
140483  -24.468  -14.361  39.186 0.0000000000
62913  -24.105  -14.907  39.362 0.0000000000
60722  -22.012  -16.339  38.642 0.0000000000
60719  -22.007  -16.531  39.470 0.0000000000
61765  -22.515  -16.227  40.490 0.0000000000
61776  -22.519  -16.272  39.886 0.0000000000
61766  -22.968  -15.814  40.401 0.0000000000
62903  -23.484  -15.383  40.336 0.0000000000
61759  -22.883  -15.741  40.918 0.0000000000
62896  -23.051  -14.604  41.670 0.0000000000
62899  -22.824  -15.296  41.476 0.0000000000
61747  -20.681  -15.334  42.850 0.0000000000
62886  -21.039  -14.909  42.731 0.0000000000
62885  -20.246  -15.036  42.933 0.0000000000
142695  -55.585  8.171  10.767 0.0000000000
84558  -55.911  8.059  10.124 0.0000000000
85429  -55.917  8.947  10.468 0.0000000000
74731  -50.424  -3.215  18.785 0.0000000000
75688  -50.692  -2.754  19.240 0.0000000000
76582  -50.574  -1.160  20.673 0.0000000000
77440  -50.481  -0.242  20.697 0.0000000000
77441  -51.100  -0.433  20.403 0.0000000000
77449  -48.478  -0.902  19.852 0.0000000000
80123  -48.654  2.006  18.770 0.0000000000
79273  -49.063  1.359  19.467 0.0000000000
80115  -49.335  2.022  19.808 0.0000000000
82676  -47.263  6.026  18.800 0.0000000000
64128  -5.215  -14.526  23.609 0.0000000000
64142  -4.950  -14.746  22.821 0.0000000000
63058  -4.759  -14.879  21.993 0.0000000000
138226  -4.326  -11.991  31.631 0.0000000000
65949  -4.415  -12.605  32.183 0.0000000000
65023  -4.182  -13.739  31.058 0.0000000000
62873  -16.988  -16.007  43.523 0.0000000000
62881  -16.918  -15.847  43.450 0.0000000000
62872  -16.414  -16.217  43.675 0.0000000000
61735  -14.422  -16.922  43.708 0.0000000000
62870  -14.832  -16.504  43.544 0.0000000000
58765  -12.454  -19.758  43.320 0.0000000000
58754  -12.211  -18.848  43.589 0.0000000000
59692  -10.089  -18.436  43.035 0.0000000000
59680  -10.737  -18.133  43.351 0.0000000000
59679  -9.883  -18.018  42.941 0.0000000000
60685  -10.535  -17.544  43.026 0.0000000000
59678  -9.318  -18.209  42.613 0.0000000000
60684  -9.467  -17.790  42.470 0.0000000000
59690  -8.857  -18.653  42.491 0.0000000000
57782  -6.625  -20.243  41.854 0.0000000000
144558  -7.637  -19.297  42.130 0.0000000000
57781  -6.045  -20.361  41.692 0.0000000000
58773  -5.482  -20.245  41.463 0.0000000000
74588  -20.542  -3.190  32.778 0.0000000000
75529  -19.672  -2.821  32.368 0.0000000000
75519  -19.616  -2.870  33.322 0.0000000000
76438  -18.351  -1.534  35.386 0.0000000000
76445  -18.138  -1.386  34.550 0.0000000000
76437  -17.811  -0.927  35.188 0.0000000000
147711  -17.296  0.226  35.369 0.0000000000
77311  -18.557  -0.615  38.538 0.0000000000
77317  -18.366  -0.834  37.731 0.0000000000
78179  -17.713  0.501  38.512 0.0000000000
152811  -19.996  2.162  44.611 0.0000000000
79053  -20.163  2.079  43.930 0.0000000000
79907  -19.774  2.731  44.378 0.0000000000
81580  -20.078  5.178  43.650 0.0000000000
81586  -19.642  4.406  43.302 0.0000000000
81587  -20.065  5.198  42.461 0.0000000000
132928  -19.667  4.840  41.548 0.0000000000
148835  -11.589  -1.316  43.631 0.0000000000
150860  -11.060  -0.184  44.528 0.0000000000
77271  -11.187  -1.034  44.404 0.0000000000
77263  -10.337  -0.741  46.398 0.0000000000
77260  -9.920  -0.662  47.067 0.0000000000
78133  -9.848  0.376  46.880 0.0000000000
73599  -9.969  -3.703  47.132 0.0000000000
74489  -10.140  -3.585  47.072 0.0000000000
74487  -9.970  -3.266  47.278 0.0000000000
76375  -8.434  -1.498  47.028 0.0000000000
76371  -9.133  -2.232  47.278 0.0000000000
77258  -8.412  -0.920  47.263 0.0000000000
77255  -8.693  -0.601  47.514 0.0000000000
78129  -8.320  0.223  47.581 0.0000000000
79032  -7.718  1.336  47.522 0.0000000000
78128  -7.709  0.635  47.238 0.0000000000
154056  -7.618  0.772  45.184 0.0000000000
139603  -7.462  1.324  45.805 0.0000000000
79043  -7.581  1.308  45.128 0.0000000000
79908  -7.642  2.089  44.767 0.0000000000
79049  -7.805  1.494  44.297 0.0000000000
70603  -7.700  -7.220  42.130 0.0000000000
71631  -8.070  -6.947  42.765 0.0000000000
73627  -8.478  -4.805  42.509 0.0000000000
72638  -8.100  -5.630  42.718 0.0000000000
73628  -9.125  -4.164  43.036 0.0000000000
75467  -7.839  -3.116  40.093 0.0000000000
74531  -8.275  -3.370  40.707 0.0000000000
76398  -8.702  -1.003  41.635 0.0000000000
75461  -8.920  -1.870  41.788 0.0000000000
76394  -8.781  -1.370  42.290 0.0000000000
76388  -8.414  -0.889  44.021 0.0000000000
147693  -8.489  -0.557  43.195 0.0000000000
155078  -8.827  1.053  42.232 0.0000000000
129117  -8.513  0.917  42.854 0.0000000000
79914  -8.371  2.063  43.318 0.0000000000
156517  -8.578  2.446  43.178 0.0000000000
80682  -8.953  2.910  42.948 0.0000000000
79915  -8.762  2.047  42.728 0.0000000000
79071  -9.992  1.603  40.643 0.0000000000
79922  -9.854  2.641  41.713 0.0000000000
79928  -10.354  2.549  41.030 0.0000000000
80693  -10.736  3.506  40.854 0.0000000000
79929  -10.858  2.942  40.429 0.0000000000
79078  -8.316  1.018  38.335 0.0000000000
79079  -8.896  1.231  38.923 0.0000000000
79087  -9.304  1.559  38.259 0.0000000000
79941  -11.102  2.212  38.176 0.0000000000
79081  -10.219  1.761  38.725 0.0000000000
79935  -11.520  2.870  38.913 0.0000000000
80726  -11.979  3.496  35.814 0.0000000000
80716  -12.298  3.955  36.347 0.0000000000
81622  -12.389  4.364  35.626 0.0000000000
82525  -12.552  5.188  35.720 0.0000000000
150200  -12.344  4.463  35.021 0.0000000000
81627  -12.283  4.616  34.514 0.0000000000
80750  -9.631  2.772  33.018 0.0000000000
142818  -10.559  3.140  33.364 0.0000000000
80765  -10.156  3.232  32.384 0.0000000000
140360  -9.232  2.966  32.086 0.0000000000
79119  -6.797  1.707  33.448 0.0000000000
79980  -7.466  1.932  33.528 0.0000000000
79118  -6.467  1.730  32.588 0.0000000000
79139  -6.384  1.397  30.579 0.0000000000
79992  -6.828  2.194  31.857 0.0000000000
80004  -7.795  2.802  31.326 0.0000000000
80016  -7.287  2.653  30.494 0.0000000000
134058  -7.492  2.884  29.628 0.0000000000
80025  -7.093  2.185  29.712 0.0000000000
77367  -7.534  -0.309  28.531 0.0000000000
78235  -7.260  0.368  28.735 0.0000000000
77375  -7.899  -0.563  27.820 0.0000000000
78243  -8.290  -0.435  27.153 0.0000000000
77376  -8.206  -0.847  27.516 0.0000000000
74572  -8.669  -3.607  34.642 0.0000000000
134417  -8.297  -2.931  34.364 0.0000000000
75517  -9.015  -3.109  33.988 0.0000000000
74587  -9.872  -3.621  32.283 0.0000000000
75527  -9.545  -2.983  32.589 0.0000000000
75538  -9.809  -2.971  31.742 0.0000000000
75526  -8.549  -1.964  32.050 0.0000000000
75551  -10.042  -3.000  30.935 0.0000000000
71751  -9.958  -6.255  29.107 0.0000000000
72756  -10.121  -5.611  29.707 0.0000000000
150803  -10.520  -5.640  29.171 0.0000000000
73679  -11.373  -4.753  28.223 0.0000000000
73674  -10.972  -4.545  28.989 0.0000000000
74618  -10.761  -3.624  29.091 0.0000000000
75563  -10.262  -2.902  29.534 0.0000000000
75577  -10.248  -2.672  28.554 0.0000000000
75562  -9.605  -2.179  29.003 0.0000000000
74631  -10.880  -2.969  27.153 0.0000000000
151323  -10.769  -2.810  26.404 0.0000000000
74638  -11.035  -3.018  25.880 0.0000000000
75602  -10.815  -2.650  25.467 0.0000000000
73699  -11.813  -3.829  24.885 0.0000000000
71818  -12.100  -5.923  22.929 0.0000000000
73721  -12.207  -4.766  23.721 0.0000000000
72816  -11.774  -5.559  22.274 0.0000000000
72815  -11.321  -5.183  21.775 0.0000000000
71838  -11.068  -6.540  21.551 0.0000000000
69800  -10.981  -7.883  23.486 0.0000000000
69807  -10.353  -8.761  22.065 0.0000000000
69838  -7.585  -8.887  20.517 0.0000000000
69839  -9.172  -8.611  20.656 0.0000000000
133992  -8.414  -8.137  20.567 0.0000000000
54159  -35.552  -23.661  33.790 0.0000000000
53158  -34.392  -25.488  33.858 0.0000000000
54158  -35.105  -23.357  34.132 0.0000000000
138039  -35.433  -24.492  34.390 0.0000000000
75706  -50.812  -1.841  18.279 0.0000000000
63967  -17.024  -14.831  41.857 0.0000000000
63952  -16.343  -15.074  42.382 0.0000000000
62891  -15.649  -15.396  42.839 0.0000000000
63957  -20.496  -14.191  42.307 0.0000000000
64924  -20.970  -13.767  42.064 0.0000000000
64923  -20.371  -13.878  41.940 0.0000000000
64941  -19.426  -13.643  41.188 0.0000000000
65877  -19.156  -13.193  40.201 0.0000000000
69855  -29.931  -8.604  19.613 0.0000000000
68934  -30.526  -9.078  19.638 0.0000000000
70834  -30.083  -8.103  19.018 0.0000000000
70847  -30.525  -7.542  18.643 0.0000000000
71891  -31.034  -6.921  18.494 0.0000000000
72889  -31.307  -5.522  18.797 0.0000000000
72888  -30.765  -5.387  18.554 0.0000000000
73798  -30.454  -4.447  18.476 0.0000000000
142674  -29.061  -4.633  18.376 0.0000000000
58845  -21.794  -20.119  30.949 0.0000000000
140955  -19.947  -20.071  32.117 0.0000000000
66898  -4.270  -11.329  31.171 0.0000000000
142239  -3.912  -12.099  30.827 0.0000000000
75564  -19.665  -2.234  28.973 0.0000000000
76488  -19.007  -1.764  29.474 0.0000000000
130559  -19.651  -2.366  29.815 0.0000000000
75539  -18.889  -2.108  31.167 0.0000000000
79065  -13.828  1.097  41.284 0.0000000000
79066  -14.527  1.858  41.487 0.0000000000
79064  -13.040  1.614  41.642 0.0000000000
80683  -12.929  2.989  42.081 0.0000000000
80678  -12.390  3.554  42.659 0.0000000000
80677  -11.598  3.648  43.435 0.0000000000
80671  -10.993  3.685  44.263 0.0000000000
79905  -11.239  2.937  43.925 0.0000000000
79045  -10.768  1.406  44.925 0.0000000000
129388  -6.368  -9.049  32.879 0.0000000000
68733  -6.570  -8.893  33.553 0.0000000000
64065  -36.441  -14.770  28.774 0.0000000000
148453  -31.162  -12.339  33.248 0.0000000000
65942  -30.737  -12.063  32.766 0.0000000000
66903  -30.315  -10.930  31.782 0.0000000000
134247  -30.082  -10.481  31.143 0.0000000000
67792  -29.778  -10.113  30.421 0.0000000000
135055  -29.020  -10.056  30.089 0.0000000000
67805  -28.502  -10.012  29.547 0.0000000000
68794  -28.216  -9.822  28.840 0.0000000000
56071  -26.977  -21.993  32.243 0.0000000000
68793  -27.345  -10.371  28.544 0.0000000000
67804  -27.768  -10.523  29.362 0.0000000000
65980  -27.061  -12.161  29.545 0.0000000000
65019  -27.715  -13.300  29.712 0.0000000000
56936  -29.717  -21.799  32.759 0.0000000000
57840  -28.978  -21.516  32.549 0.0000000000
57858  -28.548  -21.300  32.498 0.0000000000
57857  -28.294  -21.084  32.301 0.0000000000
56933  -27.463  -21.541  32.428 0.0000000000
148198  -53.103  4.885  13.945 0.0000000000
82723  -52.816  5.179  14.820 0.0000000000
85344  -46.887  8.436  20.742 0.0000000000
80156  -51.527  2.624  11.638 0.0000000000
80153  -52.172  2.960  12.205 0.0000000000
65936  -12.722  -12.731  33.090 0.0000000000
64999  -11.449  -13.227  33.531 0.0000000000
64985  -11.953  -13.867  34.012 0.0000000000
64011  -11.167  -14.914  35.177 0.0000000000
135865  -5.479  -18.727  40.304 0.0000000000
60703  -4.938  -18.879  40.148 0.0000000000
59705  -4.582  -19.209  40.100 0.0000000000
130625  -3.848  -19.803  39.548 0.0000000000
69683  -24.602  -8.493  35.578 0.0000000000
70679  -25.607  -7.259  35.387 0.0000000000
69684  -25.310  -8.094  35.873 0.0000000000
69674  -26.519  -8.040  36.912 0.0000000000
71675  -23.220  -6.210  38.643 0.0000000000
72688  -23.158  -5.675  39.263 0.0000000000
132725  -22.325  -5.596  39.350 0.0000000000
129902  -22.036  -5.467  40.317 0.0000000000
130094  -21.635  -5.452  41.403 0.0000000000
72646  -21.219  -5.478  42.444 0.0000000000
130069  -20.659  -5.571  41.505 0.0000000000
150665  -19.224  -5.915  42.107 0.0000000000
72654  -18.364  -5.722  40.554 0.0000000000
72667  -18.311  -5.665  39.828 0.0000000000
66860  -15.435  -11.001  34.899 0.0000000000
67746  -15.626  -10.291  34.354 0.0000000000
67745  -15.043  -11.013  33.888 0.0000000000
67749  -14.621  -10.649  32.954 0.0000000000
130934  -14.025  -10.239  32.472 0.0000000000
67766  -13.968  -11.086  32.688 0.0000000000
68931  -47.795  -9.123  20.842 0.0000000000
72810  -43.825  -5.307  24.227 0.0000000000
72823  -44.194  -5.834  23.755 0.0000000000
72822  -43.616  -5.550  23.238 0.0000000000
72838  -42.625  -5.504  21.592 0.0000000000
73774  -41.933  -5.047  21.164 0.0000000000
132500  -38.633  -8.910  28.895 0.0000000000
153787  -39.136  -8.691  28.644 0.0000000000
140979  -38.783  -8.515  28.162 0.0000000000
69758  -38.501  -8.220  27.514 0.0000000000
70757  -38.085  -7.894  25.993 0.0000000000
59710  -20.098  -18.376  40.187 0.0000000000
144980  -19.628  -19.098  40.579 0.0000000000
57806  -19.157  -19.867  40.795 0.0000000000
51916  -18.716  -25.240  39.528 0.0000000000
149830  -18.235  -25.118  39.999 0.0000000000
53091  -17.027  -24.502  39.565 0.0000000000
131621  -16.287  -24.299  39.611 0.0000000000
155177  -22.669  -0.514  20.206 0.0000000000
66033  -23.835  -12.531  24.187 0.0000000000
65083  -23.982  -13.266  24.040 0.0000000000
65091  -23.320  -13.582  22.764 0.0000000000
141158  -19.930  -13.418  27.813 0.0000000000
65054  -19.716  -13.229  26.985 0.0000000000
146414  -18.992  -11.619  27.939 0.0000000000
150438  -18.886  -10.894  28.114 0.0000000000
67824  -18.964  -10.164  27.821 0.0000000000
67814  -19.130  -10.416  28.629 0.0000000000
68791  -19.580  -10.039  29.891 0.0000000000
68775  -19.752  -9.930  30.544 0.0000000000
67788  -19.504  -10.602  30.239 0.0000000000
66909  -19.590  -11.968  30.825 0.0000000000
59728  -19.251  -17.941  37.941 0.0000000000
75687  -47.199  -2.207  19.486 0.0000000000
76614  -46.301  -1.114  17.889 0.0000000000
66952  -5.900  -11.754  23.301 0.0000000000
66042  -4.788  -12.989  23.124 0.0000000000
144844  -13.730  -21.836  42.952 0.0000000000
56881  -13.022  -21.562  42.819 0.0000000000
134975  -12.283  -22.055  42.441 0.0000000000
77301  -21.516  -0.916  41.106 0.0000000000
77300  -20.817  -0.682  40.817 0.0000000000
77293  -20.368  -0.135  41.326 0.0000000000
153270  -7.625  5.759  44.655 0.0000000000
83354  -8.058  6.208  43.472 0.0000000000
154219  -9.475  4.773  42.487 0.0000000000
145746  -10.571  -7.626  44.671 0.0000000000
70587  -10.430  -7.109  45.325 0.0000000000
71625  -9.323  -6.706  44.364 0.0000000000
75486  -5.023  -3.049  37.123 0.0000000000
75478  -5.281  -3.218  37.916 0.0000000000
76426  -5.700  -1.597  37.459 0.0000000000
77314  -6.108  -0.695  37.237 0.0000000000
78187  -5.519  -0.268  35.507 0.0000000000
78194  -5.396  -0.227  34.614 0.0000000000
77325  -5.015  -1.213  35.071 0.0000000000
75506  -4.971  -1.928  34.581 0.0000000000
76443  -5.404  -1.958  34.074 0.0000000000
69762  -7.697  -8.560  27.055 0.0000000000
70739  -8.189  -8.160  27.154 0.0000000000
69774  -7.880  -8.921  26.246 0.0000000000
69786  -8.101  -9.193  25.359 0.0000000000
69787  -8.248  -9.424  24.425 0.0000000000
78255  -10.314  0.928  25.819 0.0000000000
78256  -11.009  1.056  25.070 0.0000000000
138661  -10.469  0.292  25.322 0.0000000000
148737  -10.777  -0.693  24.600 0.0000000000
59801  -36.675  -18.442  30.355 0.0000000000
60788  -36.677  -17.875  30.558 0.0000000000
59784  -36.777  -18.775  30.816 0.0000000000
61859  -36.619  -18.043  31.405 0.0000000000
61845  -36.357  -17.395  32.115 0.0000000000
59738  -35.057  -19.326  33.700 0.0000000000
60755  -35.113  -19.019  33.730 0.0000000000
60742  -34.542  -18.778  33.795 0.0000000000
61804  -34.345  -18.258  33.987 0.0000000000
61812  -33.819  -17.409  34.313 0.0000000000
61811  -33.187  -15.974  34.462 0.0000000000
62956  -33.280  -16.877  34.455 0.0000000000
62954  -32.109  -16.048  34.023 0.0000000000
61809  -32.181  -16.465  33.348 0.0000000000
58899  -36.875  -20.257  29.942 0.0000000000
54152  -30.397  -24.120  33.790 0.0000000000
53128  -30.389  -24.689  33.706 0.0000000000
146060  -30.295  -24.923  33.101 0.0000000000
51969  -30.287  -24.932  32.770 0.0000000000
61826  -31.768  -16.168  32.707 0.0000000000
60753  -32.734  -17.766  34.355 0.0000000000
59742  -32.740  -18.128  34.112 0.0000000000
56064  -33.464  -22.402  35.035 0.0000000000
55114  -31.936  -22.776  35.347 0.0000000000
56922  -30.883  -22.462  34.422 0.0000000000
56063  -30.789  -22.632  35.165 0.0000000000
55105  -29.988  -23.256  34.997 0.0000000000
79302  -51.865  1.686  16.702 0.0000000000
80129  -51.984  2.394  17.956 0.0000000000
80941  -51.024  3.634  20.866 0.0000000000
80929  -50.579  4.069  21.126 0.0000000000
156502  -50.013  4.868  21.470 0.0000000000
80928  -50.187  4.264  21.257 0.0000000000
81773  -49.830  4.623  21.305 0.0000000000
81772  -49.321  5.204  20.983 0.0000000000
65898  -14.967  -12.867  37.161 0.0000000000
64960  -14.506  -13.452  37.820 0.0000000000
64951  -13.415  -14.837  39.068 0.0000000000
149137  -13.607  -15.301  41.008 0.0000000000
63974  -13.536  -15.243  40.393 0.0000000000
63963  -12.924  -15.683  40.860 0.0000000000
63947  -11.493  -16.424  40.868 0.0000000000
62898  -10.909  -16.635  40.715 0.0000000000
61756  -9.641  -17.223  40.873 0.0000000000
61750  -9.659  -17.379  41.130 0.0000000000
151783  -9.470  -17.508  41.290 0.0000000000
61749  -9.184  -17.632  41.449 0.0000000000
64957  -25.430  -12.900  39.252 0.0000000000
65895  -25.994  -12.136  39.113 0.0000000000
65881  -25.519  -12.439  40.454 0.0000000000
66826  -25.522  -11.790  40.637 0.0000000000
66823  -22.697  -11.694  40.476 0.0000000000
66824  -23.589  -11.570  40.657 0.0000000000
68671  -23.164  -9.692  39.118 0.0000000000
68681  -23.265  -8.937  38.704 0.0000000000
68680  -22.591  -9.394  38.580 0.0000000000
68692  -21.947  -8.925  37.914 0.0000000000
69662  -21.515  -8.304  37.354 0.0000000000
151923  -21.301  -8.910  37.467 0.0000000000
132226  -20.797  -9.268  37.314 0.0000000000
68690  -20.164  -9.792  37.250 0.0000000000
65892  -17.602  -12.687  38.486 0.0000000000
66833  -18.134  -12.215  38.066 0.0000000000
65901  -17.243  -12.266  37.829 0.0000000000
66840  -16.867  -11.835  37.190 0.0000000000
66849  -16.569  -11.311  36.515 0.0000000000
66839  -16.059  -11.961  36.926 0.0000000000
66936  -45.204  -10.555  26.088 0.0000000000
66941  -45.251  -10.734  25.627 0.0000000000
69773  -45.950  -8.403  26.254 0.0000000000
70748  -45.603  -7.600  26.463 0.0000000000
71793  -44.665  -6.242  26.101 0.0000000000
72782  -43.922  -5.735  26.303 0.0000000000
67868  -34.193  -10.108  24.603 0.0000000000
68869  -34.775  -9.803  23.995 0.0000000000
68882  -34.663  -9.864  23.119 0.0000000000
68896  -34.588  -9.869  22.186 0.0000000000
69859  -33.029  -8.511  18.948 0.0000000000
70836  -34.235  -7.936  19.324 0.0000000000
57814  -16.850  -19.847  37.115 0.0000000000
57815  -17.275  -20.398  37.571 0.0000000000
137300  -20.227  -22.679  36.654 0.0000000000
56051  -20.351  -23.218  37.096 0.0000000000
53102  -20.140  -24.436  37.810 0.0000000000
53109  -19.710  -24.811  37.292 0.0000000000
60829  -24.552  -17.516  27.460 0.0000000000
60848  -24.285  -17.512  26.628 0.0000000000
60828  -23.703  -17.538  27.315 0.0000000000
60827  -22.865  -17.779  26.956 0.0000000000
59845  -22.278  -18.083  27.464 0.0000000000
59810  -20.103  -18.734  29.238 0.0000000000
59842  -19.193  -18.201  27.642 0.0000000000
60825  -18.740  -17.689  27.830 0.0000000000
61898  -18.414  -17.262  28.281 0.0000000000
132796  -18.308  -16.865  28.856 0.0000000000
61890  -17.984  -16.898  29.528 0.0000000000
60792  -17.336  -17.702  30.357 0.0000000000
59788  -16.932  -17.932  31.147 0.0000000000
57849  -17.328  -19.879  33.743 0.0000000000
155380  -17.016  -19.552  33.321 0.0000000000
58818  -16.498  -19.326  34.801 0.0000000000
59741  -16.411  -18.656  35.206 0.0000000000
58809  -16.479  -19.324  35.681 0.0000000000
76632  -42.457  -1.903  15.272 0.0000000000
75721  -43.125  -1.996  15.649 0.0000000000
83717  -57.311  6.903  4.103 0.0000000000
151866  -5.728  -9.779  27.990 0.0000000000
66924  -5.486  -10.957  27.897 0.0000000000
156597  -4.478  -12.449  29.357 0.0000000000
142937  -4.845  -12.317  28.875 0.0000000000
65043  -5.257  -13.268  28.646 0.0000000000
64079  -5.856  -13.623  28.153 0.0000000000
78137  -18.612  0.948  45.548 0.0000000000
79040  -18.492  1.595  45.555 0.0000000000
79039  -17.901  1.689  45.380 0.0000000000
144163  -17.563  2.245  45.079 0.0000000000
80672  -17.346  2.823  44.891 0.0000000000
129144  -15.296  4.995  42.780 0.0000000000
82477  -15.996  5.017  43.465 0.0000000000
134327  -15.545  5.754  42.831 0.0000000000
83365  -16.225  6.599  43.008 0.0000000000
84265  -16.750  7.408  43.114 0.0000000000
131337  -17.127  8.123  43.167 0.0000000000
84275  -16.632  8.060  42.565 0.0000000000
84270  -11.710  7.998  41.877 0.0000000000
129609  -11.448  8.901  42.000 0.0000000000
85161  -9.726  8.719  45.651 0.0000000000
82458  -9.682  5.131  46.774 0.0000000000
81558  -9.344  5.166  47.292 0.0000000000
82454  -8.107  5.629  47.492 0.0000000000
81556  -7.880  4.709  47.422 0.0000000000
136729  -7.607  3.882  47.176 0.0000000000
80658  -7.616  3.000  47.338 0.0000000000
70639  -8.361  -8.000  38.749 0.0000000000
135722  -8.077  -7.820  39.781 0.0000000000
69643  -7.710  -8.221  39.091 0.0000000000
69650  -7.482  -8.481  38.627 0.0000000000
68670  -7.094  -8.430  38.910 0.0000000000
69675  -5.540  -8.078  35.795 0.0000000000
69666  -5.772  -8.114  36.659 0.0000000000
70660  -5.694  -7.802  36.181 0.0000000000
70661  -5.885  -7.630  36.747 0.0000000000
71678  -5.909  -6.595  37.731 0.0000000000
71689  -6.477  -6.382  37.021 0.0000000000
71690  -7.049  -6.072  36.311 0.0000000000
72717  -7.654  -5.807  35.469 0.0000000000
71713  -7.011  -6.469  34.804 0.0000000000
154184  -4.768  -7.554  30.547 0.0000000000
153863  -5.025  -7.097  30.707 0.0000000000
148261  -5.055  -7.603  29.990 0.0000000000
148277  -6.216  -7.933  28.850 0.0000000000
81677  -8.733  4.326  28.560 0.0000000000
80832  -8.209  3.660  28.671 0.0000000000
80845  -7.738  2.879  28.682 0.0000000000
65060  -38.705  -12.667  27.350 0.0000000000
65981  -37.998  -12.406  30.290 0.0000000000
65982  -38.815  -11.974  30.627 0.0000000000
67785  -39.327  -10.390  31.906 0.0000000000
68770  -37.958  -9.668  31.476 0.0000000000
144103  -35.888  -15.068  32.002 0.0000000000
64042  -35.621  -14.147  32.359 0.0000000000
67771  -33.624  -10.523  32.651 0.0000000000
67753  -33.868  -10.746  33.198 0.0000000000
153816  -33.775  -10.405  32.159 0.0000000000
68756  -34.371  -10.392  32.288 0.0000000000
68767  -34.832  -10.262  31.654 0.0000000000
68768  -35.720  -10.098  31.562 0.0000000000
68782  -34.864  -10.101  30.442 0.0000000000
67819  -34.138  -10.143  28.631 0.0000000000
68841  -29.607  -9.345  26.652 0.0000000000
68842  -30.147  -9.888  26.842 0.0000000000
68868  -29.966  -9.780  25.005 0.0000000000
148816  -29.928  -9.624  24.199 0.0000000000
68881  -30.156  -9.725  23.382 0.0000000000
68867  -29.532  -9.190  23.768 0.0000000000
69805  -29.120  -8.677  23.274 0.0000000000
151663  -28.771  -8.158  22.869 0.0000000000
56085  -24.032  -22.293  30.629 0.0000000000
54191  -25.393  -23.953  30.274 0.0000000000
70790  -28.312  -7.526  22.749 0.0000000000
66927  -25.752  -11.163  27.115 0.0000000000
67827  -26.128  -10.592  26.874 0.0000000000
66920  -25.645  -11.850  27.573 0.0000000000
66926  -25.446  -11.679  26.825 0.0000000000
66004  -25.415  -12.340  26.572 0.0000000000
65056  -25.425  -12.963  26.066 0.0000000000
64098  -25.893  -13.428  26.386 0.0000000000
64099  -26.126  -13.795  26.448 0.0000000000
64101  -27.436  -14.787  26.228 0.0000000000
61856  -31.589  -16.155  31.596 0.0000000000
60781  -31.765  -17.052  31.381 0.0000000000
60786  -31.415  -17.189  30.609 0.0000000000
60796  -31.182  -17.349  29.768 0.0000000000
58888  -29.970  -19.344  29.596 0.0000000000
149546  -29.953  -18.866  28.869 0.0000000000
59833  -29.561  -18.489  28.216 0.0000000000
59847  -28.917  -18.281  27.661 0.0000000000
153689  -28.515  -18.054  27.336 0.0000000000
129287  -27.173  -17.916  27.703 0.0000000000
60807  -27.194  -18.157  28.627 0.0000000000
60806  -26.462  -18.179  29.466 0.0000000000
134638  -25.824  -19.465  30.582 0.0000000000
58849  -25.237  -19.750  30.658 0.0000000000
58847  -23.768  -19.957  30.721 0.0000000000
82768  -55.151  6.202  10.918 0.0000000000
156159  -55.199  6.561  11.100 0.0000000000
84550  -54.882  7.097  11.890 0.0000000000
84544  -54.643  7.441  12.415 0.0000000000
87196  -51.936  10.454  15.263 0.0000000000
152272  -51.724  5.177  18.040 0.0000000000
132992  -52.038  6.193  17.609 0.0000000000
149496  -51.755  8.339  18.813 0.0000000000
85366  -48.164  9.238  18.802 0.0000000000
81009  -53.555  3.846  10.656 0.0000000000
81013  -53.377  3.820  9.918 0.0000000000
81010  -54.109  4.327  10.334 0.0000000000
81014  -53.902  4.222  9.550 0.0000000000
81893  -54.440  4.587  9.113 0.0000000000
81888  -54.650  4.858  9.956 0.0000000000
66881  -7.397  -11.201  32.365 0.0000000000
138440  -8.181  -11.341  32.407 0.0000000000
135898  -7.058  -12.231  33.289 0.0000000000
64973  -7.766  -13.971  35.273 0.0000000000
64980  -7.306  -13.469  34.626 0.0000000000
64969  -5.098  -14.543  35.162 0.0000000000
64007  -4.541  -14.888  34.757 0.0000000000
62946  -4.774  -14.872  35.232 0.0000000000
61805  -4.273  -16.132  35.663 0.0000000000
61791  -11.168  -16.088  37.363 0.0000000000
61796  -10.675  -16.152  36.939 0.0000000000
61788  -8.804  -16.516  37.932 0.0000000000
60720  -4.329  -18.633  38.523 0.0000000000
62905  -5.071  -17.009  37.924 0.0000000000
61778  -4.646  -17.928  38.051 0.0000000000
60723  -4.527  -18.089  37.934 0.0000000000
74593  -25.269  -3.740  31.801 0.0000000000
74592  -24.637  -3.482  31.999 0.0000000000
131899  -25.137  -3.636  32.526 0.0000000000
74585  -25.160  -3.657  33.252 0.0000000000
74576  -24.606  -3.570  33.972 0.0000000000
74562  -26.485  -3.996  36.687 0.0000000000
74561  -25.951  -3.737  35.957 0.0000000000
74553  -25.670  -3.644  37.061 0.0000000000
132079  -25.089  -3.489  37.826 0.0000000000
74544  -24.214  -3.289  38.155 0.0000000000
75484  -23.490  -2.833  38.863 0.0000000000
75485  -24.410  -3.003  39.180 0.0000000000
75469  -23.961  -2.251  40.667 0.0000000000
68674  -27.939  -9.474  39.651 0.0000000000
69656  -28.360  -8.882  39.516 0.0000000000
69648  -28.591  -8.344  39.915 0.0000000000
70637  -28.668  -7.577  40.250 0.0000000000
71657  -28.550  -6.857  40.598 0.0000000000
72641  -24.464  -4.657  42.424 0.0000000000
72642  -25.444  -4.638  42.290 0.0000000000
73632  -24.614  -4.378  42.646 0.0000000000
73625  -24.924  -3.892  42.880 0.0000000000
74513  -24.649  -3.658  42.930 0.0000000000
75450  -24.479  -2.772  42.823 0.0000000000
75449  -23.901  -3.139  43.203 0.0000000000
75448  -23.144  -3.227  43.540 0.0000000000
76387  -22.698  -2.319  43.794 0.0000000000
76386  -21.863  -1.901  44.235 0.0000000000
75439  -21.193  -2.742  44.556 0.0000000000
72622  -18.567  -5.711  44.693 0.0000000000
73610  -18.532  -4.711  45.009 0.0000000000
73621  -17.446  -4.234  44.249 0.0000000000
74520  -16.407  -2.907  43.072 0.0000000000
74519  -15.453  -3.204  42.693 0.0000000000
74518  -14.471  -3.344  42.654 0.0000000000
74517  -13.609  -3.382  42.800 0.0000000000
73629  -14.178  -4.045  43.105 0.0000000000
72631  -14.520  -5.660  44.075 0.0000000000
69630  -15.769  -7.585  43.717 0.0000000000
69618  -15.516  -7.536  44.047 0.0000000000
69629  -15.183  -7.758  43.378 0.0000000000
69628  -14.574  -7.839  43.562 0.0000000000
68665  -14.043  -7.998  44.010 0.0000000000
68664  -13.829  -8.002  43.956 0.0000000000
69627  -13.741  -7.856  43.224 0.0000000000
69632  -13.715  -7.600  42.452 0.0000000000
70618  -13.189  -7.310  41.699 0.0000000000
71707  -18.845  -6.722  36.278 0.0000000000
71681  -18.438  -6.296  36.955 0.0000000000
133422  -18.067  -6.497  36.423 0.0000000000
72713  -16.867  -5.973  36.636 0.0000000000
72720  -14.581  -5.818  35.413 0.0000000000
72721  -15.342  -5.789  35.809 0.0000000000
72710  -13.782  -5.330  36.728 0.0000000000
138565  -12.955  -5.769  39.135 0.0000000000
72678  -12.393  -5.569  38.431 0.0000000000
72677  -11.474  -5.856  38.382 0.0000000000
71674  -10.738  -6.256  38.248 0.0000000000
71680  -10.971  -6.244  37.532 0.0000000000
71691  -10.562  -7.012  36.823 0.0000000000
68738  -11.568  -9.249  33.274 0.0000000000
68727  -11.254  -8.868  34.171 0.0000000000
68736  -9.909  -9.310  33.393 0.0000000000
67760  -8.686  -10.153  32.246 0.0000000000
71894  -49.548  -6.282  18.786 0.0000000000
72858  -49.089  -5.552  20.541 0.0000000000
149691  -48.594  -4.214  20.662 0.0000000000
73775  -47.108  -4.991  20.248 0.0000000000
68900  -47.000  -8.957  23.060 0.0000000000
72856  -45.435  -6.144  20.296 0.0000000000
129998  -45.269  -5.640  19.698 0.0000000000
73804  -44.224  -4.797  18.384 0.0000000000
73822  -42.299  -4.562  17.243 0.0000000000
73820  -40.470  -4.490  17.468 0.0000000000
65998  -41.762  -11.610  28.469 0.0000000000
144720  -41.970  -11.786  27.730 0.0000000000
65992  -42.233  -11.215  28.732 0.0000000000
67820  -42.915  -9.891  28.617 0.0000000000
70734  -40.799  -7.314  27.518 0.0000000000
71768  -41.136  -6.756  27.052 0.0000000000
71781  -41.758  -6.160  26.915 0.0000000000
72780  -42.243  -5.377  26.478 0.0000000000
147944  -41.189  -4.167  24.638 0.0000000000
69806  -37.142  -8.173  23.754 0.0000000000
61745  -19.076  -16.222  43.498 0.0000000000
60697  -19.409  -16.863  43.274 0.0000000000
58775  -18.585  -19.890  42.506 0.0000000000
144518  -16.245  -21.046  42.822 0.0000000000
56017  -15.822  -22.103  42.748 0.0000000000
56037  -18.738  -21.785  40.059 0.0000000000
53066  -17.195  -24.709  41.844 0.0000000000
53055  -17.568  -24.569  42.006 0.0000000000
53054  -16.806  -24.467  42.096 0.0000000000
54094  -16.399  -23.418  42.521 0.0000000000
53042  -15.352  -24.160  42.045 0.0000000000
53051  -14.102  -24.235  41.772 0.0000000000
51895  -13.594  -24.530  41.603 0.0000000000
56080  -21.566  -22.882  32.357 0.0000000000
53137  -20.517  -24.346  33.858 0.0000000000
50910  -19.511  -25.251  33.500 0.0000000000
50902  -19.775  -25.163  34.036 0.0000000000
50901  -19.408  -25.294  34.359 0.0000000000
50892  -19.383  -25.276  35.143 0.0000000000
51956  -19.346  -25.106  35.804 0.0000000000
50891  -18.733  -25.190  35.381 0.0000000000
136342  -18.009  -24.873  35.510 0.0000000000
76531  -21.276  -1.193  26.004 0.0000000000
76533  -23.293  -1.354  25.800 0.0000000000
76521  -23.836  -1.718  26.418 0.0000000000
71841  -26.921  -6.391  21.189 0.0000000000
70820  -26.220  -6.885  20.751 0.0000000000
68904  -23.112  -10.205  21.101 0.0000000000
69844  -24.022  -9.842  20.570 0.0000000000
149007  -23.165  -9.552  20.248 0.0000000000
69843  -23.142  -8.916  19.645 0.0000000000
69851  -23.072  -8.301  19.300 0.0000000000
70828  -22.607  -7.700  19.425 0.0000000000
71856  -22.112  -6.956  19.838 0.0000000000
61935  -22.185  -16.496  24.106 0.0000000000
63052  -22.061  -15.505  22.774 0.0000000000
150021  -21.513  -15.428  23.213 0.0000000000
64134  -20.400  -14.135  23.358 0.0000000000
67849  -19.003  -10.801  25.268 0.0000000000
67861  -19.257  -10.299  24.794 0.0000000000
69790  -19.698  -9.245  24.425 0.0000000000
70785  -20.615  -8.041  22.774 0.0000000000
138279  -21.613  -6.836  22.789 0.0000000000
71808  -22.248  -5.998  23.422 0.0000000000
71798  -22.165  -6.029  24.250 0.0000000000
71766  -21.633  -6.314  27.579 0.0000000000
71777  -21.945  -5.908  26.800 0.0000000000
149069  -22.240  -5.833  27.573 0.0000000000
72774  -24.249  -4.513  26.766 0.0000000000
73687  -24.753  -3.951  27.242 0.0000000000
72768  -24.211  -4.413  27.791 0.0000000000
73680  -24.665  -3.873  28.216 0.0000000000
72765  -24.303  -4.468  28.802 0.0000000000
73675  -24.723  -3.860  29.219 0.0000000000
71744  -23.380  -5.961  30.661 0.0000000000
68764  -20.871  -8.850  31.897 0.0000000000
69711  -21.551  -8.448  32.280 0.0000000000
68754  -21.803  -8.817  33.006 0.0000000000
69703  -22.436  -8.356  33.350 0.0000000000
68730  -22.461  -9.627  34.445 0.0000000000
67748  -22.170  -10.560  34.682 0.0000000000
154992  -20.173  -15.775  31.199 0.0000000000
62985  -20.482  -15.243  31.414 0.0000000000
61869  -20.163  -15.896  31.752 0.0000000000
62976  -20.538  -15.453  32.194 0.0000000000
62977  -20.771  -15.342  32.935 0.0000000000
62958  -21.525  -15.135  35.386 0.0000000000
64023  -21.782  -14.721  35.430 0.0000000000
64015  -22.211  -14.424  35.782 0.0000000000
141341  -22.688  -14.326  36.375 0.0000000000
64967  -23.379  -13.941  36.927 0.0000000000
64005  -23.066  -14.561  37.021 0.0000000000
61793  -23.010  -15.543  38.114 0.0000000000
60718  -21.412  -16.925  39.832 0.0000000000
60708  -22.040  -16.597  40.670 0.0000000000
61753  -22.224  -15.481  41.874 0.0000000000
61751  -20.737  -16.026  42.788 0.0000000000
86299  -55.252  9.695  11.137 0.0000000000
75673  -50.692  -2.770  19.966 0.0000000000
75658  -50.348  -2.522  20.568 0.0000000000
142130  -50.330  -1.887  20.761 0.0000000000
78381  -48.005  0.825  18.214 0.0000000000
144257  -48.496  2.810  18.390 0.0000000000
137274  -48.537  3.599  18.536 0.0000000000
81814  -48.020  4.176  17.855 0.0000000000
65071  -6.339  -12.718  25.123 0.0000000000
65079  -5.616  -13.343  24.478 0.0000000000
65948  -4.193  -13.072  32.042 0.0000000000
144874  -4.275  -13.507  32.516 0.0000000000
64044  -4.172  -14.301  31.696 0.0000000000
60691  -16.163  -16.733  43.943 0.0000000000
61737  -15.937  -16.600  43.850 0.0000000000
60690  -15.448  -16.927  44.003 0.0000000000
142108  -14.833  -17.067  43.922 0.0000000000
60688  -14.062  -17.268  43.785 0.0000000000
129800  -10.496  -19.451  42.788 0.0000000000
57786  -9.587  -19.546  42.518 0.0000000000
58763  -9.853  -18.903  42.849 0.0000000000
58762  -9.108  -19.060  42.602 0.0000000000
58761  -8.431  -19.254  42.402 0.0000000000
57784  -7.922  -19.850  42.229 0.0000000000
141876  -6.892  -20.855  41.960 0.0000000000
74574  -20.937  -3.185  34.446 0.0000000000
134929  -19.965  -2.939  34.295 0.0000000000
75503  -19.711  -2.419  35.689 0.0000000000
75502  -18.975  -2.059  35.546 0.0000000000
76433  -18.616  -1.612  36.165 0.0000000000
79077  -18.246  1.563  39.960 0.0000000000
81573  -19.534  4.366  44.969 0.0000000000
81574  -19.961  5.211  44.561 0.0000000000
82480  -20.597  5.851  44.047 0.0000000000
84280  -8.679  7.463  40.028 0.0000000000
83381  -9.584  6.892  39.779 0.0000000000
75437  -11.310  -2.914  44.835 0.0000000000
76382  -10.915  -1.558  45.208 0.0000000000
75436  -10.862  -2.340  45.601 0.0000000000
76376  -10.070  -2.372  47.260 0.0000000000
74491  -9.449  -3.693  46.572 0.0000000000
74488  -9.717  -3.323  47.144 0.0000000000
142169  -9.048  -3.038  46.819 0.0000000000
76374  -8.003  -0.933  46.398 0.0000000000
78131  -7.630  0.171  46.655 0.0000000000
77268  -7.745  0.210  45.175 0.0000000000
72643  -7.188  -6.372  41.678 0.0000000000
72637  -7.484  -6.024  42.221 0.0000000000
73637  -8.200  -4.538  41.729 0.0000000000
152366  -8.441  -2.531  40.525 0.0000000000
76406  -8.653  -1.587  40.788 0.0000000000
77281  -8.461  -0.044  42.815 0.0000000000
151683  -8.787  0.617  42.064 0.0000000000
79056  -9.101  1.462  42.045 0.0000000000
131458  -9.438  1.176  41.140 0.0000000000
79096  -9.309  1.731  37.408 0.0000000000
79950  -9.925  2.065  37.083 0.0000000000
136351  -10.651  2.279  37.181 0.0000000000
79942  -11.510  2.791  37.179 0.0000000000
79951  -11.008  2.618  36.429 0.0000000000
79961  -11.310  2.964  35.758 0.0000000000
79971  -10.955  2.917  35.179 0.0000000000
79983  -10.034  2.675  33.981 0.0000000000
79982  -9.117  2.438  33.642 0.0000000000
78205  -5.725  0.319  32.313 0.0000000000
79125  -5.928  0.942  31.591 0.0000000000
79132  -6.039  1.010  31.172 0.0000000000
79138  -6.346  0.760  30.482 0.0000000000
79144  -6.583  1.333  30.026 0.0000000000
78228  -6.598  0.498  29.968 0.0000000000
131773  -7.307  -0.275  29.196 0.0000000000
76484  -7.734  -0.730  28.894 0.0000000000
72732  -9.432  -4.828  32.786 0.0000000000
73663  -9.469  -4.338  33.538 0.0000000000
73667  -9.820  -4.427  32.047 0.0000000000
132114  -10.073  -4.397  31.172 0.0000000000
71764  -10.488  -6.795  27.644 0.0000000000
71759  -10.844  -6.249  28.122 0.0000000000
152648  -11.558  -5.313  27.691 0.0000000000
73686  -11.682  -4.569  27.323 0.0000000000
74632  -11.327  -3.835  27.663 0.0000000000
73694  -11.858  -4.317  26.056 0.0000000000
73700  -12.031  -4.473  25.381 0.0000000000
73709  -12.165  -4.593  24.561 0.0000000000
72783  -12.222  -5.330  25.056 0.0000000000
71806  -12.207  -6.098  23.773 0.0000000000
71805  -11.894  -6.772  23.202 0.0000000000
68887  -9.024  -9.815  21.610 0.0000000000
68902  -8.925  -9.693  21.057 0.0000000000
68901  -8.174  -10.082  20.775 0.0000000000
152531  -7.715  -9.655  20.548 0.0000000000
56966  -37.440  -21.590  30.875 0.0000000000
57877  -37.176  -20.290  31.067 0.0000000000
57876  -37.269  -21.309  31.383 0.0000000000
57846  -36.571  -20.786  32.363 0.0000000000
57845  -36.212  -20.791  32.958 0.0000000000
55136  -36.808  -23.145  32.334 0.0000000000
56941  -36.176  -21.503  32.996 0.0000000000
58812  -35.483  -20.220  33.415 0.0000000000
58804  -35.145  -19.964  33.594 0.0000000000
58803  -34.589  -19.880  33.605 0.0000000000
58802  -34.119  -19.317  33.674 0.0000000000
53142  -31.062  -25.456  34.227 0.0000000000
147388  -31.884  -25.162  32.698 0.0000000000
58811  -34.075  -19.808  33.524 0.0000000000
57829  -34.191  -20.807  33.564 0.0000000000
144306  -34.049  -22.106  34.067 0.0000000000
142267  -34.323  -22.609  34.416 0.0000000000
149991  -34.641  -23.065  34.208 0.0000000000
55116  -34.633  -23.133  34.542 0.0000000000
55115  -34.030  -23.114  35.225 0.0000000000
54155  -33.011  -24.068  35.560 0.0000000000
53131  -32.532  -24.974  35.221 0.0000000000
76616  -51.074  -1.162  17.943 0.0000000000
143460  -51.536  -0.068  18.058 0.0000000000
78350  -51.746  0.739  19.106 0.0000000000
79275  -51.584  1.088  19.984 0.0000000000
79262  -51.247  1.485  20.489 0.0000000000
64946  -15.151  -13.765  39.288 0.0000000000
63975  -14.395  -14.561  40.588 0.0000000000
63964  -14.108  -14.950  41.206 0.0000000000
143980  -13.307  -15.639  41.492 0.0000000000
63941  -12.975  -15.972  41.912 0.0000000000
63971  -23.969  -13.881  41.279 0.0000000000
64942  -24.444  -13.307  41.079 0.0000000000
136834  -23.458  -13.484  41.570 0.0000000000
64932  -23.168  -12.956  41.540 0.0000000000
65873  -22.609  -12.636  41.301 0.0000000000
64930  -21.396  -13.358  41.703 0.0000000000
65872  -21.786  -12.827  41.362 0.0000000000
65880  -22.128  -12.281  40.861 0.0000000000
66822  -21.944  -11.771  40.280 0.0000000000
66836  -20.493  -11.559  39.104 0.0000000000
65894  -19.394  -12.373  39.097 0.0000000000
65884  -18.579  -13.051  39.539 0.0000000000
65893  -18.529  -12.649  38.875 0.0000000000
146330  -44.359  -11.307  25.446 0.0000000000
150670  -44.886  -10.946  25.830 0.0000000000
66935  -44.835  -10.641  26.456 0.0000000000
67844  -44.908  -10.124  26.993 0.0000000000
67895  -32.428  -10.296  22.190 0.0000000000
135916  -33.074  -10.246  21.797 0.0000000000
67905  -32.545  -10.107  21.236 0.0000000000
67917  -32.302  -9.824  20.386 0.0000000000
68936  -32.428  -9.242  19.260 0.0000000000
69857  -31.047  -8.913  19.033 0.0000000000
68935  -31.806  -9.109  19.094 0.0000000000
69858  -32.426  -8.759  18.897 0.0000000000
69868  -32.402  -8.020  18.724 0.0000000000
72866  -32.395  -6.732  19.670 0.0000000000
73767  -31.833  -4.897  20.042 0.0000000000
57820  -18.305  -20.895  35.521 0.0000000000
56918  -19.990  -22.007  35.351 0.0000000000
55104  -20.525  -23.926  35.974 0.0000000000
59793  -23.084  -18.480  30.283 0.0000000000
129630  -20.755  -18.664  29.831 0.0000000000
137767  -20.625  -18.879  30.466 0.0000000000
59791  -19.960  -18.824  29.939 0.0000000000
58884  -19.151  -18.948  30.048 0.0000000000
58883  -18.358  -18.970  30.322 0.0000000000
58882  -17.651  -18.836  30.780 0.0000000000
57865  -18.630  -20.075  32.876 0.0000000000
57835  -17.828  -20.347  34.331 0.0000000000
83706  -56.865  7.076  5.061 0.0000000000
68790  -4.630  -9.441  29.593 0.0000000000
67813  -4.731  -10.003  29.157 0.0000000000
67800  -4.482  -10.180  29.680 0.0000000000
67812  -4.439  -10.770  29.484 0.0000000000
66912  -4.072  -11.697  29.976 0.0000000000
65993  -4.274  -12.138  29.597 0.0000000000
65041  -4.284  -12.907  29.704 0.0000000000
78158  -16.893  0.696  43.562 0.0000000000
79060  -16.891  1.361  43.741 0.0000000000
79059  -16.341  1.596  42.912 0.0000000000
79918  -16.028  2.344  42.789 0.0000000000
147218  -15.752  3.026  42.761 0.0000000000
79924  -14.096  2.575  41.491 0.0000000000
80685  -15.084  3.620  42.358 0.0000000000
81584  -14.637  4.524  42.317 0.0000000000
83371  -14.536  6.456  41.707 0.0000000000
84273  -14.188  7.009  41.149 0.0000000000
83370  -13.732  6.409  41.520 0.0000000000
83369  -12.946  6.465  41.678 0.0000000000
83362  -12.249  6.610  42.154 0.0000000000
132381  -12.552  5.079  42.491 0.0000000000
155136  -12.003  6.263  42.528 0.0000000000
83361  -11.606  6.718  42.737 0.0000000000
149155  -11.076  7.132  43.277 0.0000000000
84257  -10.528  7.154  44.093 0.0000000000
84251  -10.006  7.457  45.069 0.0000000000
134479  -10.157  6.652  44.957 0.0000000000
148730  -10.216  5.404  45.349 0.0000000000
82461  -9.891  5.291  46.082 0.0000000000
80670  -10.488  3.839  45.197 0.0000000000
81563  -9.864  4.711  46.257 0.0000000000
80662  -9.881  3.414  46.472 0.0000000000
143375  -9.685  2.963  47.036 0.0000000000
79895  -9.659  1.966  47.042 0.0000000000
68712  -7.697  -9.273  36.403 0.0000000000
68699  -7.615  -9.104  37.235 0.0000000000
69687  -5.813  -8.524  34.139 0.0000000000
68722  -5.694  -8.607  35.147 0.0000000000
148500  -5.621  -8.396  35.666 0.0000000000
69676  -5.359  -8.120  34.977 0.0000000000
71720  -5.394  -7.496  33.958 0.0000000000
148399  -5.441  -6.895  33.080 0.0000000000
70699  -4.875  -7.246  31.799 0.0000000000
134349  -4.728  -7.363  31.180 0.0000000000
69721  -4.525  -8.007  30.788 0.0000000000
81645  -10.064  4.163  30.722 0.0000000000
136029  -36.730  -13.991  28.925 0.0000000000
135159  -37.837  -12.259  30.904 0.0000000000
65972  -37.616  -12.030  31.438 0.0000000000
64993  -34.095  -13.292  33.924 0.0000000000
65006  -34.656  -12.992  33.573 0.0000000000
65925  -33.598  -12.644  34.024 0.0000000000
66863  -33.229  -12.073  33.859 0.0000000000
66872  -32.807  -11.531  33.522 0.0000000000
66870  -31.391  -11.810  33.036 0.0000000000
66894  -32.402  -11.121  33.077 0.0000000000
67770  -32.757  -10.688  32.639 0.0000000000
132261  -32.214  -10.580  32.042 0.0000000000
67784  -32.273  -10.425  31.355 0.0000000000
67795  -32.307  -10.318  30.682 0.0000000000
132839  -31.610  -10.404  29.472 0.0000000000
67806  -31.489  -10.252  30.144 0.0000000000
68813  -30.391  -9.825  28.642 0.0000000000
68796  -29.699  -9.654  29.323 0.0000000000
68812  -29.729  -9.436  28.063 0.0000000000
68826  -29.782  -9.451  27.340 0.0000000000
69756  -29.346  -9.268  27.257 0.0000000000
69769  -29.117  -9.012  26.458 0.0000000000
154142  -25.124  -21.277  30.910 0.0000000000
54192  -25.986  -23.899  30.705 0.0000000000
69781  -28.186  -8.575  25.679 0.0000000000
69767  -27.871  -8.851  26.289 0.0000000000
68840  -27.469  -9.319  26.692 0.0000000000
67828  -26.622  -10.306  27.293 0.0000000000
154755  -26.792  -10.868  28.406 0.0000000000
148134  -26.431  -11.024  28.096 0.0000000000
134946  -26.253  -10.838  27.565 0.0000000000
66914  -25.956  -12.216  28.144 0.0000000000
130587  -26.980  -13.661  28.297 0.0000000000
148331  -27.496  -14.119  28.689 0.0000000000
57874  -31.497  -20.917  32.010 0.0000000000
57880  -31.229  -20.482  31.337 0.0000000000
57879  -30.391  -20.301  31.175 0.0000000000
57872  -29.498  -20.398  31.773 0.0000000000
58871  -29.539  -19.946  31.045 0.0000000000
58870  -28.643  -19.475  30.923 0.0000000000
59799  -28.114  -18.996  30.515 0.0000000000
59798  -27.138  -18.859  30.397 0.0000000000
59781  -27.599  -19.293  31.053 0.0000000000
59766  -27.157  -19.566  31.106 0.0000000000
58850  -26.780  -19.722  31.091 0.0000000000
57856  -27.696  -20.763  31.985 0.0000000000
83620  -53.554  7.156  14.323 0.0000000000
84519  -53.376  7.717  14.952 0.0000000000
85392  -52.534  9.549  16.588 0.0000000000
84462  -50.116  7.796  21.387 0.0000000000
85348  -50.318  8.739  20.768 0.0000000000
85347  -49.142  8.866  21.342 0.0000000000
80160  -52.336  3.216  10.441 0.0000000000
80158  -52.947  3.475  10.957 0.0000000000
81863  -54.075  4.630  11.785 0.0000000000
65955  -10.409  -11.827  32.745 0.0000000000
65954  -9.523  -11.814  32.677 0.0000000000
65933  -10.011  -12.487  33.218 0.0000000000
64997  -9.624  -13.092  33.881 0.0000000000
64974  -8.572  -13.983  35.188 0.0000000000
64000  -7.328  -14.367  35.920 0.0000000000
129496  -6.957  -14.710  36.500 0.0000000000
141837  -8.132  -17.180  39.515 0.0000000000
61780  -7.576  -16.958  38.853 0.0000000000
61771  -6.179  -17.259  38.688 0.0000000000
60709  -4.389  -18.875  39.414 0.0000000000
60717  -4.699  -18.341  39.202 0.0000000000
61767  -4.473  -18.439  38.608 0.0000000000
59719  -4.109  -19.029  38.424 0.0000000000
71726  -24.641  -6.379  33.153 0.0000000000
72733  -25.772  -5.218  33.424 0.0000000000
71727  -25.409  -6.020  33.665 0.0000000000
72727  -26.027  -5.602  34.291 0.0000000000
72728  -26.451  -5.176  34.874 0.0000000000
71709  -26.113  -6.599  35.332 0.0000000000
72723  -26.755  -5.522  35.660 0.0000000000
73661  -26.701  -4.789  35.566 0.0000000000
73657  -26.955  -4.607  36.452 0.0000000000
73652  -27.037  -4.318  37.408 0.0000000000
73648  -27.268  -4.315  38.281 0.0000000000
70642  -26.124  -7.268  40.146 0.0000000000
70643  -26.978  -7.102  40.688 0.0000000000
71668  -25.390  -6.608  39.822 0.0000000000
72674  -25.507  -6.052  40.375 0.0000000000
133487  -25.508  -5.463  41.164 0.0000000000
72672  -23.798  -5.466  40.086 0.0000000000
72655  -24.404  -5.252  41.214 0.0000000000
145397  -24.237  -4.998  41.947 0.0000000000
72640  -23.463  -4.795  42.612 0.0000000000
145835  -22.269  -4.713  43.340 0.0000000000
73612  -21.514  -4.833  43.932 0.0000000000
72625  -20.916  -5.204  43.929 0.0000000000
72624  -20.036  -5.550  44.165 0.0000000000
141246  -20.037  -5.725  43.382 0.0000000000
71622  -19.445  -5.956  44.023 0.0000000000
72623  -19.189  -5.831  44.452 0.0000000000
133739  -18.341  -6.279  44.233 0.0000000000
72621  -17.843  -6.250  44.335 0.0000000000
73608  -17.253  -6.021  44.285 0.0000000000
72620  -16.271  -6.610  44.224 0.0000000000
145733  -16.979  -6.660  44.077 0.0000000000
70596  -17.010  -6.983  44.028 0.0000000000
70610  -17.030  -7.204  43.203 0.0000000000
71640  -17.836  -6.478  42.352 0.0000000000
71632  -17.422  -6.922  42.964 0.0000000000
70609  -16.251  -7.472  42.929 0.0000000000
70622  -16.330  -7.019  42.306 0.0000000000
70635  -15.941  -6.701  41.633 0.0000000000
69680  -17.776  -8.459  35.185 0.0000000000
69693  -17.180  -7.913  34.850 0.0000000000
70684  -15.898  -7.554  34.224 0.0000000000
70691  -15.341  -7.782  33.646 0.0000000000
143907  -14.968  -6.595  34.336 0.0000000000
71715  -14.416  -6.266  34.685 0.0000000000
72726  -13.476  -6.492  34.597 0.0000000000
71714  -12.717  -6.545  34.976 0.0000000000
70673  -12.043  -7.059  35.146 0.0000000000
70682  -12.655  -7.105  34.518 0.0000000000
69700  -12.451  -8.518  33.495 0.0000000000
68739  -12.236  -9.133  33.081 0.0000000000
68750  -13.269  -9.818  32.466 0.0000000000
68749  -12.627  -9.592  32.665 0.0000000000
68748  -11.956  -9.845  32.689 0.0000000000
67762  -11.404  -10.510  32.561 0.0000000000
66884  -10.891  -11.189  32.563 0.0000000000
69870  -48.234  -8.132  18.361 0.0000000000
69863  -48.755  -8.178  19.496 0.0000000000
70839  -49.138  -7.697  20.265 0.0000000000
71827  -44.222  -6.290  22.712 0.0000000000
71864  -43.901  -6.325  20.353 0.0000000000
72871  -43.172  -5.750  19.160 0.0000000000
72853  -41.762  -5.224  20.193 0.0000000000
140957  -41.258  -5.041  19.073 0.0000000000
73802  -40.156  -4.460  18.346 0.0000000000
73801  -39.293  -3.995  18.433 0.0000000000
130732  -38.055  -3.481  17.926 0.0000000000
68788  -41.158  -9.469  30.939 0.0000000000
68803  -41.871  -9.482  30.177 0.0000000000
69730  -41.190  -8.899  30.182 0.0000000000
70711  -40.528  -8.474  28.979 0.0000000000
70722  -40.491  -7.952  28.250 0.0000000000
70721  -39.617  -8.335  28.326 0.0000000000
70746  -40.405  -7.035  26.874 0.0000000000
71791  -39.972  -6.429  25.566 0.0000000000
56894  -18.329  -21.502  42.445 0.0000000000
54117  -19.652  -23.823  39.947 0.0000000000
55087  -19.433  -23.773  40.917 0.0000000000
53075  -18.018  -24.965  40.990 0.0000000000
53074  -17.503  -24.878  41.397 0.0000000000
53072  -14.940  -25.122  41.126 0.0000000000
153273  -14.239  -25.239  40.964 0.0000000000
53164  -21.027  -23.872  31.851 0.0000000000
50920  -19.685  -25.240  32.651 0.0000000000
76549  -23.815  -1.287  23.439 0.0000000000
76550  -24.298  -1.599  23.842 0.0000000000
68878  -24.866  -10.148  23.257 0.0000000000
69810  -25.472  -9.249  21.851 0.0000000000
68877  -24.028  -10.631  22.937 0.0000000000
67892  -23.050  -10.868  22.695 0.0000000000
67891  -21.983  -10.553  22.558 0.0000000000
67890  -21.156  -10.254  22.900 0.0000000000
64109  -20.181  -14.493  25.585 0.0000000000
65074  -19.773  -13.523  25.439 0.0000000000
66011  -19.268  -12.272  25.666 0.0000000000
66003  -19.289  -12.435  26.586 0.0000000000
66932  -19.024  -11.701  26.140 0.0000000000
66938  -18.895  -11.132  25.813 0.0000000000
67848  -18.798  -10.515  25.937 0.0000000000
68851  -19.130  -9.398  25.588 0.0000000000
69777  -19.947  -8.254  25.336 0.0000000000
70753  -20.422  -7.538  25.640 0.0000000000
69765  -19.939  -7.993  26.215 0.0000000000
69753  -19.917  -7.790  27.121 0.0000000000
70729  -20.345  -7.299  27.515 0.0000000000
145104  -19.998  -7.793  27.947 0.0000000000
70718  -20.598  -7.234  28.227 0.0000000000
70719  -20.970  -7.232  29.014 0.0000000000
70720  -21.671  -6.690  29.195 0.0000000000
70709  -21.944  -6.753  30.040 0.0000000000
145991  -21.054  -7.670  30.226 0.0000000000
68777  -20.739  -8.541  31.159 0.0000000000
137447  -20.424  -9.239  31.448 0.0000000000
67767  -20.415  -9.888  32.051 0.0000000000
61821  -18.915  -16.784  34.084 0.0000000000
60762  -19.430  -16.917  34.873 0.0000000000
60763  -20.315  -16.501  35.223 0.0000000000
60750  -20.538  -16.696  36.104 0.0000000000
60751  -20.994  -16.134  36.479 0.0000000000
61797  -21.816  -15.895  37.389 0.0000000000
135741  -21.481  -16.532  38.437 0.0000000000
146406  -20.976  -17.196  39.432 0.0000000000
129242  -49.361  -2.152  20.796 0.0000000000
75672  -48.662  -2.162  20.565 0.0000000000
133836  -47.899  -0.450  18.999 0.0000000000
78380  -47.559  1.042  17.558 0.0000000000
66973  -5.804  -11.315  20.751 0.0000000000
66971  -4.169  -11.697  20.453 0.0000000000
66972  -4.840  -11.501  20.663 0.0000000000
66964  -4.554  -12.248  20.980 0.0000000000
66069  -4.145  -13.108  20.916 0.0000000000
66959  -4.846  -12.518  21.925 0.0000000000
64155  -3.987  -13.569  20.426 0.0000000000
63069  -4.298  -14.498  20.779 0.0000000000
143975  -4.673  -14.871  20.392 0.0000000000
58767  -14.748  -19.746  43.477 0.0000000000
58756  -14.161  -18.781  43.816 0.0000000000
58766  -13.790  -19.610  43.592 0.0000000000
57788  -12.037  -20.169  43.011 0.0000000000
56880  -12.165  -21.001  42.683 0.0000000000
76430  -20.288  -1.902  37.836 0.0000000000
76429  -19.448  -1.600  37.593 0.0000000000
76422  -19.773  -1.431  38.369 0.0000000000
77312  -19.299  -0.939  38.873 0.0000000000
77305  -18.813  -0.359  39.382 0.0000000000
78172  -19.567  0.270  41.015 0.0000000000
78171  -18.815  0.808  40.581 0.0000000000
79930  -18.445  2.609  40.348 0.0000000000
136578  -18.658  3.641  40.226 0.0000000000
81593  -19.060  4.492  40.274 0.0000000000
84254  -19.593  7.583  45.257 0.0000000000
84247  -20.182  6.954  45.340 0.0000000000
85166  -19.725  8.614  45.021 0.0000000000
83375  -9.388  6.674  40.584 0.0000000000
82496  -10.769  5.228  40.494 0.0000000000
72610  -11.067  -5.223  46.128 0.0000000000
153606  -10.724  -4.570  46.377 0.0000000000
72608  -10.742  -5.117  46.279 0.0000000000
72607  -10.204  -4.756  46.550 0.0000000000
72606  -9.951  -4.933  46.470 0.0000000000
71609  -10.080  -6.446  45.635 0.0000000000
154134  -9.456  -4.142  45.988 0.0000000000
74497  -9.270  -3.726  45.574 0.0000000000
152981  -6.068  -4.675  39.648 0.0000000000
74529  -6.494  -4.461  39.938 0.0000000000
74537  -6.872  -3.609  39.726 0.0000000000
75472  -7.352  -2.659  39.520 0.0000000000
75479  -5.831  -2.680  38.424 0.0000000000
75480  -6.725  -2.193  38.929 0.0000000000
78174  -8.491  0.363  39.870 0.0000000000
79085  -8.012  1.109  37.565 0.0000000000
78182  -7.260  0.681  37.272 0.0000000000
79094  -7.663  1.246  36.627 0.0000000000
79104  -8.029  1.635  35.855 0.0000000000
79103  -7.579  1.640  34.963 0.0000000000
79957  -8.328  1.875  35.016 0.0000000000
79111  -6.384  1.329  34.212 0.0000000000
79110  -5.956  1.120  33.368 0.0000000000
78200  -5.454  -0.079  33.649 0.0000000000
147301  -5.660  0.489  32.934 0.0000000000
77337  -5.662  -0.324  32.599 0.0000000000
77347  -6.319  -0.407  31.580 0.0000000000
76468  -7.301  -1.093  31.149 0.0000000000
71749  -8.202  -6.701  29.553 0.0000000000
71757  -9.301  -6.824  28.527 0.0000000000
71763  -9.525  -7.075  27.828 0.0000000000
145412  -8.553  -7.913  27.116 0.0000000000
143496  -8.844  -7.544  27.373 0.0000000000
70728  -9.804  -7.414  27.104 0.0000000000
70741  -9.997  -7.647  26.271 0.0000000000
70751  -10.295  -7.722  25.451 0.0000000000
70762  -10.762  -7.737  24.554 0.0000000000
69789  -10.256  -8.197  24.124 0.0000000000
155110  -9.658  -8.912  23.561 0.0000000000
68874  -9.736  -9.182  22.758 0.0000000000
148273  -8.433  -9.740  23.537 0.0000000000
139671  -9.001  -9.805  22.507 0.0000000000
67901  -7.585  -10.708  21.168 0.0000000000
67900  -6.712  -11.053  20.907 0.0000000000
140818  -36.639  -16.902  29.617 0.0000000000
61894  -36.585  -16.395  29.697 0.0000000000
61884  -36.605  -16.398  30.270 0.0000000000
61873  -36.631  -17.177  30.885 0.0000000000
61857  -36.296  -15.992  31.659 0.0000000000
62981  -35.531  -15.009  32.605 0.0000000000
64037  -34.933  -14.166  33.373 0.0000000000
59760  -36.500  -19.296  32.081 0.0000000000
61832  -36.296  -18.103  32.409 0.0000000000
156646  -36.071  -17.603  32.681 0.0000000000
61815  -35.366  -18.349  33.569 0.0000000000
61830  -35.598  -17.412  33.268 0.0000000000
62971  -34.780  -14.845  33.535 0.0000000000
64030  -34.428  -14.148  33.720 0.0000000000
64991  -32.298  -13.330  34.248 0.0000000000
62962  -32.781  -15.365  34.442 0.0000000000
64027  -31.752  -14.140  34.237 0.0000000000
64990  -31.509  -13.332  33.947 0.0000000000
65005  -30.631  -12.833  33.137 0.0000000000
65004  -30.004  -13.305  32.463 0.0000000000
146444  -29.463  -13.333  31.847 0.0000000000
60820  -36.545  -17.483  29.337 0.0000000000
55110  -28.529  -22.983  33.393 0.0000000000
55126  -28.025  -23.392  33.240 0.0000000000
51968  -28.883  -24.668  32.216 0.0000000000
53127  -29.645  -24.513  33.250 0.0000000000
140943  -29.289  -24.726  32.475 0.0000000000
51970  -30.758  -25.092  33.299 0.0000000000
65013  -28.955  -13.027  31.451 0.0000000000
65003  -29.711  -13.775  31.917 0.0000000000
62979  -30.196  -14.592  31.404 0.0000000000
132652  -31.062  -15.335  31.694 0.0000000000
60765  -32.286  -16.826  32.582 0.0000000000
60774  -32.031  -16.540  32.181 0.0000000000
60782  -32.205  -17.281  32.044 0.0000000000
59768  -32.355  -18.333  32.077 0.0000000000
58854  -32.574  -19.961  32.231 0.0000000000
58810  -33.771  -19.189  33.642 0.0000000000
59752  -33.350  -18.858  33.456 0.0000000000
57843  -33.124  -21.073  33.229 0.0000000000
58820  -33.115  -19.875  32.966 0.0000000000
58834  -32.945  -19.322  32.806 0.0000000000
57861  -32.646  -20.537  32.590 0.0000000000
57875  -32.185  -20.678  32.207 0.0000000000
145621  -30.777  -21.694  32.916 0.0000000000
56937  -30.371  -21.947  33.039 0.0000000000
56921  -30.511  -22.329  33.425 0.0000000000
56920  -29.638  -22.165  33.035 0.0000000000
56919  -28.937  -22.144  33.059 0.0000000000
80976  -52.356  3.652  15.361 0.0000000000
131449  -52.240  3.802  16.185 0.0000000000
80973  -52.049  3.936  16.898 0.0000000000
129711  -52.131  3.114  16.809 0.0000000000
81816  -51.959  4.639  17.330 0.0000000000
83557  -51.234  5.934  19.473 0.0000000000
80959  -51.727  3.164  18.708 0.0000000000
154726  -51.585  3.413  19.312 0.0000000000
81801  -51.593  3.873  18.972 0.0000000000
83542  -50.351  6.780  21.211 0.0000000000
84452  -49.894  7.180  21.716 0.0000000000
84460  -48.407  7.706  21.723 0.0000000000
82640  -49.467  6.518  21.600 0.0000000000
83541  -48.638  6.993  21.621 0.0000000000
83539  -46.508  7.564  20.581 0.0000000000
64975  -13.590  -13.523  35.833 0.0000000000
63993  -13.317  -14.071  37.386 0.0000000000
62933  -12.388  -15.112  37.357 0.0000000000
62932  -11.832  -15.644  37.290 0.0000000000
143585  -11.555  -15.797  37.938 0.0000000000
61783  -10.306  -16.472  38.368 0.0000000000
61775  -10.210  -16.520  39.318 0.0000000000
64945  -14.412  -14.070  39.290 0.0000000000
155907  -12.850  -15.345  39.221 0.0000000000
63973  -12.976  -15.606  40.126 0.0000000000
63972  -12.321  -15.803  39.811 0.0000000000
62911  -11.641  -15.857  39.546 0.0000000000
61774  -9.416  -16.883  39.580 0.0000000000
61773  -8.757  -17.116  39.799 0.0000000000
61763  -8.468  -17.433  40.361 0.0000000000
60706  -7.841  -18.077  40.944 0.0000000000
60704  -6.081  -18.838  40.814 0.0000000000
59697  -5.069  -19.502  40.820 0.0000000000
58778  -4.283  -20.013  40.354 0.0000000000
66854  -25.140  -10.639  37.364 0.0000000000
143942  -25.547  -9.930  37.251 0.0000000000
67734  -25.944  -10.331  37.743 0.0000000000
66846  -26.423  -10.671  38.360 0.0000000000
67729  -27.050  -10.243  38.720 0.0000000000
65896  -26.508  -11.504  39.456 0.0000000000
66838  -26.821  -10.894  39.124 0.0000000000
67725  -27.361  -10.250  39.645 0.0000000000
67722  -27.558  -9.624  40.244 0.0000000000
68668  -27.058  -9.788  40.684 0.0000000000
69638  -26.725  -9.060  40.598 0.0000000000
64934  -24.569  -12.862  41.055 0.0000000000
66820  -24.773  -11.860  40.855 0.0000000000
132841  -25.438  -11.134  40.647 0.0000000000
144667  -25.696  -10.475  40.638 0.0000000000
68673  -25.655  -9.139  40.202 0.0000000000
69645  -25.850  -8.181  39.923 0.0000000000
70650  -24.409  -7.349  38.908 0.0000000000
150305  -23.867  -6.647  38.713 0.0000000000
70649  -23.620  -7.407  38.439 0.0000000000
71686  -23.209  -6.777  38.312 0.0000000000
72703  -21.839  -6.175  38.053 0.0000000000
148355  -21.178  -5.970  38.173 0.0000000000
141294  -20.406  -5.893  38.370 0.0000000000
72702  -20.672  -6.193  37.671 0.0000000000
69672  -21.001  -7.865  36.921 0.0000000000
70665  -20.462  -7.477  36.611 0.0000000000
70664  -20.003  -7.185  36.403 0.0000000000
70676  -19.274  -7.722  35.864 0.0000000000
69681  -18.731  -8.177  35.545 0.0000000000
67726  -20.119  -11.047  38.333 0.0000000000
67731  -19.756  -10.530  37.614 0.0000000000
68689  -19.489  -10.105  37.027 0.0000000000
66842  -18.538  -11.515  37.635 0.0000000000
67730  -18.942  -10.689  37.187 0.0000000000
150640  -19.027  -10.051  36.643 0.0000000000
68702  -18.745  -9.635  36.116 0.0000000000
68717  -18.326  -9.085  35.575 0.0000000000
131255  -17.411  -9.341  35.339 0.0000000000
67739  -15.892  -10.374  35.107 0.0000000000
66848  -15.777  -11.578  36.282 0.0000000000
66856  -15.685  -11.134  35.647 0.0000000000
66855  -15.174  -11.535  35.442 0.0000000000
67910  -46.063  -10.013  22.489 0.0000000000
68899  -46.702  -9.498  22.907 0.0000000000
69798  -46.447  -8.416  24.136 0.0000000000
66949  -45.570  -10.585  24.798 0.0000000000
67869  -45.569  -10.386  25.357 0.0000000000
67870  -45.860  -10.016  25.039 0.0000000000
140836  -46.370  -8.869  24.769 0.0000000000
71804  -45.537  -7.032  24.681 0.0000000000
131105  -45.016  -6.369  24.887 0.0000000000
73729  -42.547  -4.070  24.173 0.0000000000
68830  -36.371  -9.099  27.113 0.0000000000
69770  -36.641  -8.846  26.345 0.0000000000
150198  -36.281  -8.970  25.804 0.0000000000
68859  -36.303  -8.935  25.111 0.0000000000
68870  -35.438  -9.435  24.215 0.0000000000
68884  -35.836  -9.154  23.686 0.0000000000
141008  -36.434  -8.686  23.482 0.0000000000
69814  -36.419  -8.637  22.444 0.0000000000
70808  -36.752  -8.029  21.029 0.0000000000
67907  -33.822  -10.122  21.779 0.0000000000
68910  -34.557  -9.728  21.230 0.0000000000
68927  -34.585  -9.391  20.334 0.0000000000
68928  -35.121  -9.366  20.835 0.0000000000
69848  -36.124  -8.464  20.562 0.0000000000
70823  -36.436  -7.778  20.249 0.0000000000
59714  -18.126  -19.033  38.850 0.0000000000
58787  -17.898  -19.685  39.027 0.0000000000
57812  -17.580  -20.464  38.368 0.0000000000
56904  -17.936  -20.979  38.676 0.0000000000
56902  -18.324  -21.273  39.256 0.0000000000
56909  -19.066  -21.950  37.558 0.0000000000
56050  -20.121  -22.840  37.436 0.0000000000
56049  -19.621  -22.482  37.881 0.0000000000
140916  -19.407  -22.603  38.697 0.0000000000
55094  -19.713  -23.340  39.470 0.0000000000
53078  -19.537  -24.532  39.948 0.0000000000
53085  -19.494  -24.866  39.697 0.0000000000
53094  -19.848  -24.562  38.628 0.0000000000
53093  -19.717  -24.798  38.991 0.0000000000
51924  -18.736  -25.213  38.711 0.0000000000
51923  -18.268  -25.003  38.436 0.0000000000
75679  -22.477  -2.796  18.629 0.0000000000
60908  -25.663  -16.970  23.765 0.0000000000
61951  -25.085  -16.620  23.130 0.0000000000
60907  -24.820  -17.117  23.666 0.0000000000
60906  -23.963  -17.121  23.718 0.0000000000
60891  -23.660  -17.351  24.534 0.0000000000
143196  -24.065  -17.550  25.901 0.0000000000
60905  -23.030  -16.929  23.968 0.0000000000
153224  -22.523  -16.936  24.471 0.0000000000
61923  -21.661  -16.450  24.661 0.0000000000
61922  -21.166  -16.028  24.907 0.0000000000
59830  -22.447  -18.079  28.483 0.0000000000
152294  -21.543  -18.248  27.035 0.0000000000
59829  -20.765  -18.554  28.053 0.0000000000
59844  -20.849  -18.341  27.169 0.0000000000
59863  -21.077  -18.035  26.440 0.0000000000
64085  -20.214  -14.632  27.789 0.0000000000
64073  -20.134  -14.588  28.736 0.0000000000
139198  -19.981  -14.005  29.160 0.0000000000
64060  -20.074  -14.558  29.612 0.0000000000
62997  -20.285  -14.988  30.030 0.0000000000
61881  -19.216  -16.181  30.263 0.0000000000
147181  -19.531  -16.186  31.145 0.0000000000
61852  -17.748  -16.913  32.982 0.0000000000
59775  -17.114  -18.563  31.282 0.0000000000
59774  -16.779  -18.320  31.761 0.0000000000
58842  -16.821  -19.169  32.846 0.0000000000
59763  -16.612  -18.398  32.462 0.0000000000
60779  -16.724  -17.763  32.052 0.0000000000
60780  -17.093  -17.250  32.514 0.0000000000
61820  -17.825  -17.013  33.969 0.0000000000
60747  -17.731  -17.236  34.919 0.0000000000
60732  -17.128  -17.902  36.116 0.0000000000
60746  -16.637  -18.171  35.655 0.0000000000
152945  -17.183  -18.141  36.616 0.0000000000
60724  -17.770  -17.874  36.708 0.0000000000
59720  -17.709  -18.729  38.112 0.0000000000
75713  -44.862  -1.818  16.986 0.0000000000
67858  -6.760  -10.808  25.068 0.0000000000
67846  -6.726  -10.621  25.861 0.0000000000
66937  -6.594  -11.102  26.142 0.0000000000
66019  -6.492  -11.924  25.472 0.0000000000
65051  -5.572  -12.347  28.273 0.0000000000
64105  -7.438  -14.258  25.539 0.0000000000
64106  -8.509  -14.307  25.507 0.0000000000
143701  -12.129  -24.070  41.799 0.0000000000
54098  -11.181  -23.793  41.401 0.0000000000
53048  -11.430  -24.158  41.405 0.0000000000
141556  -21.070  0.487  43.381 0.0000000000
140097  -20.752  0.929  43.613 0.0000000000
79901  -19.517  2.648  45.063 0.0000000000
132801  -19.139  2.140  45.494 0.0000000000
79900  -18.918  2.797  45.507 0.0000000000
80667  -19.270  3.484  45.207 0.0000000000
81566  -19.180  4.262  45.348 0.0000000000
82462  -18.994  4.954  45.446 0.0000000000
83345  -19.035  6.090  45.434 0.0000000000
142546  -16.989  2.614  44.401 0.0000000000
81571  -17.190  3.687  44.740 0.0000000000
81578  -16.512  4.193  43.995 0.0000000000
82468  -17.152  4.543  44.570 0.0000000000
131788  -17.587  4.169  45.052 0.0000000000
82469  -17.734  5.150  44.875 0.0000000000
83350  -18.192  6.118  44.938 0.0000000000
84253  -18.661  7.105  45.005 0.0000000000
144159  -18.806  8.240  44.785 0.0000000000
85165  -18.328  8.792  44.298 0.0000000000
133630  -18.167  10.218  43.614 0.0000000000
134823  -17.144  8.984  42.785 0.0000000000
156422  -17.468  9.672  42.940 0.0000000000
86972  -18.179  10.900  43.165 0.0000000000
84282  -13.764  7.605  40.619 0.0000000000
85190  -13.412  8.313  40.179 0.0000000000
151346  -9.754  7.726  45.916 0.0000000000
85160  -9.414  7.934  46.613 0.0000000000
147329  -9.520  6.535  46.971 0.0000000000
84242  -9.322  7.077  47.108 0.0000000000
133502  -7.433  8.238  46.104 0.0000000000
154525  -7.425  7.318  46.162 0.0000000000
83342  -7.438  6.866  45.633 0.0000000000
82456  -7.448  5.534  46.187 0.0000000000
145417  -7.511  5.838  45.307 0.0000000000
81567  -7.626  4.195  44.893 0.0000000000
80669  -7.764  3.554  44.513 0.0000000000
70615  -9.106  -7.621  42.112 0.0000000000
70613  -7.415  -7.419  41.398 0.0000000000
71637  -7.235  -6.908  41.673 0.0000000000
71636  -6.905  -6.681  41.273 0.0000000000
72653  -6.226  -6.001  40.382 0.0000000000
68686  -7.459  -8.857  37.818 0.0000000000
68676  -6.758  -8.523  38.548 0.0000000000
68669  -6.567  -8.323  38.916 0.0000000000
69658  -5.835  -7.975  37.587 0.0000000000
69649  -5.868  -7.892  38.743 0.0000000000
70638  -5.919  -7.613  39.323 0.0000000000
146142  -5.782  -7.061  39.399 0.0000000000
72652  -5.867  -6.101  39.898 0.0000000000
72660  -5.787  -5.548  39.691 0.0000000000
73644  -5.350  -5.115  38.957 0.0000000000
137305  -5.227  -4.395  38.271 0.0000000000
73651  -5.487  -4.955  37.724 0.0000000000
73654  -5.262  -4.071  37.284 0.0000000000
74555  -5.040  -3.333  36.808 0.0000000000
74556  -5.486  -3.708  36.512 0.0000000000
75501  -6.466  -3.057  35.160 0.0000000000
73662  -9.029  -4.555  34.361 0.0000000000
72718  -8.443  -5.202  34.935 0.0000000000
149444  -9.205  -4.988  33.582 0.0000000000
72731  -8.866  -5.370  33.088 0.0000000000
72750  -7.925  -5.856  30.948 0.0000000000
71721  -5.455  -6.605  32.796 0.0000000000
71730  -5.565  -6.182  32.507 0.0000000000
72736  -6.272  -5.848  32.026 0.0000000000
71739  -5.192  -6.609  31.115 0.0000000000
71736  -5.363  -6.315  31.300 0.0000000000
72743  -7.131  -5.806  31.476 0.0000000000
72749  -6.989  -6.040  30.821 0.0000000000
71742  -7.538  -6.350  30.332 0.0000000000
71755  -7.558  -7.362  28.874 0.0000000000
70726  -7.243  -7.856  28.167 0.0000000000
69743  -6.657  -8.164  28.297 0.0000000000
154909  -7.097  -8.126  27.948 0.0000000000
78250  -9.550  0.718  26.347 0.0000000000
139535  -9.045  -0.221  26.406 0.0000000000
66006  -40.485  -12.197  26.914 0.0000000000
154147  -40.166  -12.243  27.476 0.0000000000
65063  -41.066  -11.930  28.283 0.0000000000
65050  -41.067  -11.854  28.898 0.0000000000
144014  -41.592  -11.004  30.567 0.0000000000
135195  -37.917  -12.895  27.522 0.0000000000
65038  -39.606  -12.353  29.557 0.0000000000
65028  -39.478  -12.105  30.161 0.0000000000
65029  -39.997  -12.169  30.060 0.0000000000
65030  -40.406  -12.142  29.934 0.0000000000
67798  -41.730  -10.089  30.747 0.0000000000
148582  -39.357  -9.362  30.534 0.0000000000
68772  -39.214  -9.862  31.651 0.0000000000
69719  -39.042  -9.512  31.046 0.0000000000
69736  -38.807  -9.173  29.761 0.0000000000
69735  -38.025  -9.157  29.535 0.0000000000
143148  -36.397  -15.640  29.958 0.0000000000
65021  -36.390  -13.206  31.467 0.0000000000
66895  -37.167  -11.268  32.377 0.0000000000
65946  -35.398  -11.932  33.185 0.0000000000
67754  -34.572  -10.866  33.345 0.0000000000
135518  -35.204  -11.268  33.386 0.0000000000
65947  -36.304  -11.698  32.658 0.0000000000
151900  -37.303  -10.840  32.422 0.0000000000
67774  -37.700  -10.451  32.146 0.0000000000
68759  -37.240  -9.979  31.820 0.0000000000
152440  -37.277  -9.670  31.394 0.0000000000
68783  -36.110  -9.790  31.025 0.0000000000
68784  -36.902  -9.564  30.971 0.0000000000
151221  -36.458  -9.377  28.812 0.0000000000
68829  -35.637  -9.466  26.966 0.0000000000
149486  -34.848  -9.814  26.121 0.0000000000
67833  -34.359  -10.011  27.567 0.0000000000
67843  -34.255  -10.073  26.549 0.0000000000
67855  -34.351  -10.019  25.569 0.0000000000
67867  -33.434  -10.416  24.314 0.0000000000
67866  -32.657  -10.539  24.068 0.0000000000
133277  -31.796  -10.883  27.937 0.0000000000
67840  -31.695  -10.835  26.178 0.0000000000
67851  -30.748  -10.521  26.168 0.0000000000
132739  -32.088  -10.751  25.384 0.0000000000
132738  -32.026  -10.655  24.679 0.0000000000
152903  -31.973  -10.535  23.970 0.0000000000
67882  -32.382  -10.435  23.194 0.0000000000
67894  -31.619  -10.270  22.614 0.0000000000
67903  -30.994  -10.022  22.040 0.0000000000
68895  -30.328  -9.728  22.409 0.0000000000
68906  -29.916  -9.179  20.975 0.0000000000
68923  -30.037  -9.049  20.189 0.0000000000
151948  -21.716  -23.228  32.187 0.0000000000
54168  -27.746  -23.657  32.390 0.0000000000
71873  -28.746  -6.089  19.600 0.0000000000
155708  -28.365  -6.208  20.500 0.0000000000
71859  -28.073  -6.122  21.052 0.0000000000
71822  -28.075  -6.871  22.223 0.0000000000
71821  -27.914  -6.678  22.135 0.0000000000
71820  -27.298  -6.629  22.037 0.0000000000
69811  -25.754  -8.915  22.866 0.0000000000
69780  -27.687  -8.499  25.359 0.0000000000
69794  -27.343  -8.488  25.127 0.0000000000
69793  -26.894  -8.526  24.774 0.0000000000
68838  -26.264  -9.987  25.940 0.0000000000
69778  -26.373  -9.210  25.109 0.0000000000
69792  -26.180  -8.994  24.452 0.0000000000
153150  -25.703  -9.424  24.159 0.0000000000
68879  -25.459  -9.528  23.521 0.0000000000
67864  -24.913  -10.623  24.386 0.0000000000
130907  -24.593  -11.033  24.439 0.0000000000
66023  -24.445  -12.447  24.965 0.0000000000
66012  -24.979  -12.369  25.693 0.0000000000
141574  -24.859  -12.989  25.365 0.0000000000
65075  -24.707  -13.426  24.975 0.0000000000
64137  -25.472  -14.865  23.694 0.0000000000
63055  -26.264  -15.846  23.678 0.0000000000
149730  -28.759  -13.607  30.549 0.0000000000
64048  -28.613  -13.809  30.084 0.0000000000
64054  -28.406  -13.999  29.631 0.0000000000
62988  -30.072  -14.926  30.699 0.0000000000
62999  -29.347  -14.618  30.225 0.0000000000
63011  -28.778  -14.430  29.673 0.0000000000
64063  -28.092  -14.238  29.207 0.0000000000
148444  -28.492  -14.768  29.321 0.0000000000
63022  -28.669  -15.113  28.525 0.0000000000
58873  -31.888  -19.456  31.072 0.0000000000
60797  -31.540  -18.105  30.072 0.0000000000
60808  -30.955  -17.517  28.997 0.0000000000
63023  -29.487  -15.714  28.167 0.0000000000
64078  -28.115  -14.860  27.934 0.0000000000
64089  -28.385  -15.196  27.040 0.0000000000
150849  -28.482  -15.547  26.398 0.0000000000
63033  -28.094  -15.524  25.769 0.0000000000
60852  -29.155  -17.140  26.670 0.0000000000
61916  -28.646  -16.664  26.129 0.0000000000
63040  -27.618  -15.874  24.913 0.0000000000
146500  -27.222  -16.266  24.494 0.0000000000
60909  -26.321  -16.717  23.972 0.0000000000
60894  -26.277  -17.148  24.373 0.0000000000
137215  -25.747  -17.589  25.878 0.0000000000
130379  -25.409  -17.609  27.503 0.0000000000
60816  -24.853  -17.582  28.189 0.0000000000
60803  -23.952  -17.799  29.382 0.0000000000
59797  -26.193  -18.841  30.257 0.0000000000
60795  -25.852  -18.442  30.044 0.0000000000
59796  -25.453  -18.681  30.073 0.0000000000
60793  -24.303  -18.153  30.023 0.0000000000
84557  -55.613  7.373  10.384 0.0000000000
84551  -55.301  8.086  11.347 0.0000000000
84536  -54.076  8.247  13.621 0.0000000000
85414  -54.413  8.483  13.016 0.0000000000
86275  -54.334  9.078  13.064 0.0000000000
132009  -52.409  10.462  13.315 0.0000000000
150653  -51.794  10.430  14.561 0.0000000000
81823  -52.461  4.452  15.561 0.0000000000
86243  -52.184  10.005  17.218 0.0000000000
150220  -50.935  8.739  20.172 0.0000000000
85356  -50.788  9.318  19.975 0.0000000000
86226  -51.199  9.686  19.196 0.0000000000
86235  -50.882  9.811  18.887 0.0000000000
86236  -51.555  9.882  18.390 0.0000000000
86242  -51.829  10.103  17.644 0.0000000000
150831  -51.968  10.259  17.057 0.0000000000
81894  -54.921  5.063  8.426 0.0000000000
66879  -5.181  -11.138  32.176 0.0000000000
66865  -4.751  -11.996  32.515 0.0000000000
65927  -4.602  -12.949  32.839 0.0000000000
64995  -4.602  -13.478  33.325 0.0000000000
64031  -4.279  -14.352  33.364 0.0000000000
65932  -8.282  -12.515  33.319 0.0000000000
65931  -7.577  -12.492  33.452 0.0000000000
64979  -6.285  -13.475  34.679 0.0000000000
65915  -5.673  -12.971  34.073 0.0000000000
64994  -4.371  -14.232  33.630 0.0000000000
62966  -4.220  -14.894  33.743 0.0000000000
136357  -3.963  -15.779  33.940 0.0000000000
61818  -4.359  -16.430  34.630 0.0000000000
61816  -4.131  -15.731  34.870 0.0000000000
64013  -12.442  -14.607  35.405 0.0000000000
62939  -10.362  -15.825  36.413 0.0000000000
62947  -9.860  -15.152  35.936 0.0000000000
64001  -8.184  -14.779  36.463 0.0000000000
136815  -7.658  -14.639  36.359 0.0000000000
63999  -6.180  -14.831  36.394 0.0000000000
154091  -7.728  -16.669  38.492 0.0000000000
62918  -7.083  -16.349  38.147 0.0000000000
62928  -6.634  -15.698  37.658 0.0000000000
62916  -5.922  -16.093  37.663 0.0000000000
63984  -6.142  -15.599  37.408 0.0000000000
63989  -5.896  -15.206  36.788 0.0000000000
63988  -5.436  -15.306  36.420 0.0000000000
63987  -5.063  -15.398  36.083 0.0000000000
62935  -4.491  -15.878  35.736 0.0000000000
75554  -22.920  -2.564  30.410 0.0000000000
129531  -21.295  -2.783  30.848 0.0000000000
74601  -22.349  -3.078  31.644 0.0000000000
74589  -21.582  -3.217  32.317 0.0000000000
141506  -21.334  -3.352  33.111 0.0000000000
74583  -23.247  -3.467  33.221 0.0000000000
132957  -22.379  -3.461  33.894 0.0000000000
74581  -21.582  -3.375  33.793 0.0000000000
74566  -21.221  -3.130  35.077 0.0000000000
75505  -21.108  -2.949  35.829 0.0000000000
75498  -21.363  -2.833  36.704 0.0000000000
73666  -26.001  -4.360  33.761 0.0000000000
74577  -25.436  -3.769  34.101 0.0000000000
130872  -24.923  -3.618  34.871 0.0000000000
74560  -25.062  -3.536  36.362 0.0000000000
74569  -24.323  -3.499  35.774 0.0000000000
133060  -23.348  -3.482  35.612 0.0000000000
74558  -22.700  -3.357  36.306 0.0000000000
75499  -22.120  -3.082  36.946 0.0000000000
75481  -21.073  -2.204  38.124 0.0000000000
76424  -21.318  -2.014  38.982 0.0000000000
76416  -21.583  -1.709  39.799 0.0000000000
75474  -22.844  -2.415  39.504 0.0000000000
76417  -22.287  -1.929  40.098 0.0000000000
77295  -21.824  -0.607  41.791 0.0000000000
77286  -22.025  -0.414  42.435 0.0000000000
69664  -27.023  -8.551  37.601 0.0000000000
70658  -27.194  -7.646  37.369 0.0000000000
142846  -28.196  -8.600  38.812 0.0000000000
71688  -28.220  -6.869  38.268 0.0000000000
71687  -27.772  -6.385  37.580 0.0000000000
72690  -28.113  -5.261  38.554 0.0000000000
73649  -27.751  -4.572  38.960 0.0000000000
74541  -27.397  -4.160  39.665 0.0000000000
150833  -27.841  -6.001  41.400 0.0000000000
72657  -28.002  -5.720  41.376 0.0000000000
72651  -26.990  -5.003  41.957 0.0000000000
73639  -27.609  -5.050  41.625 0.0000000000
146234  -28.197  -5.318  41.191 0.0000000000
74534  -27.509  -4.192  40.585 0.0000000000
151295  -27.017  -3.846  40.130 0.0000000000
74539  -26.297  -3.479  40.088 0.0000000000
75477  -25.519  -3.035  40.578 0.0000000000
75470  -24.819  -2.541  41.056 0.0000000000
76411  -24.159  -1.996  41.499 0.0000000000
154881  -24.264  -2.151  42.632 0.0000000000
135414  -23.816  -1.635  42.544 0.0000000000
76404  -23.630  -1.500  41.907 0.0000000000
77287  -23.210  -1.116  42.329 0.0000000000
140126  -22.057  -0.289  43.062 0.0000000000
78154  -21.407  0.135  43.497 0.0000000000
78146  -20.549  0.487  44.611 0.0000000000
78139  -20.002  0.396  45.138 0.0000000000
76385  -20.940  -1.495  44.664 0.0000000000
77267  -19.840  -0.292  45.270 0.0000000000
77266  -19.306  0.086  45.480 0.0000000000
77264  -18.131  0.321  45.323 0.0000000000
77279  -17.581  -0.079  44.639 0.0000000000
74495  -19.600  -4.044  45.154 0.0000000000
130581  -18.962  -3.445  45.367 0.0000000000
74501  -18.465  -3.431  45.131 0.0000000000
75431  -18.605  -2.455  45.313 0.0000000000
76384  -17.909  -1.123  44.989 0.0000000000
76390  -17.628  -0.850  44.569 0.0000000000
78151  -17.356  0.416  44.296 0.0000000000
77285  -16.803  -0.106  43.304 0.0000000000
78166  -15.379  0.178  41.784 0.0000000000
77292  -15.070  -0.621  41.644 0.0000000000
77291  -14.746  -0.187  41.494 0.0000000000
78164  -13.488  0.139  41.401 0.0000000000
78163  -12.813  -0.017  41.760 0.0000000000
77282  -12.067  -0.289  42.729 0.0000000000
78155  -11.875  0.413  42.954 0.0000000000
74516  -12.959  -3.389  43.008 0.0000000000
75445  -12.375  -2.874  43.251 0.0000000000
75444  -11.722  -2.636  43.909 0.0000000000
74505  -11.871  -3.414  44.108 0.0000000000
73606  -11.682  -4.755  45.185 0.0000000000
72618  -14.146  -6.516  44.526 0.0000000000
70594  -15.284  -7.586  44.129 0.0000000000
141537  -14.239  -6.953  44.796 0.0000000000
72617  -13.315  -6.415  44.652 0.0000000000
72616  -12.389  -6.235  45.000 0.0000000000
72615  -11.643  -5.462  45.487 0.0000000000
72611  -11.698  -6.236  45.494 0.0000000000
135201  -12.043  -7.071  45.242 0.0000000000
148564  -11.373  -7.831  44.741 0.0000000000
69620  -13.092  -7.980  43.728 0.0000000000
69619  -12.144  -8.066  43.902 0.0000000000
69612  -11.339  -7.957  44.209 0.0000000000
69624  -11.328  -7.931  43.668 0.0000000000
70606  -10.533  -7.787  43.296 0.0000000000
72685  -19.507  -5.852  38.687 0.0000000000
72684  -18.582  -5.757  39.056 0.0000000000
72666  -17.770  -5.640  39.473 0.0000000000
145449  -18.160  -6.051  37.669 0.0000000000
71665  -16.544  -5.887  40.362 0.0000000000
71664  -15.643  -5.904  40.114 0.0000000000
71649  -15.109  -6.297  40.624 0.0000000000
70674  -17.121  -7.092  35.202 0.0000000000
136085  -16.911  -6.413  35.813 0.0000000000
151252  -16.204  -5.465  37.123 0.0000000000
72712  -15.435  -5.400  36.766 0.0000000000
72697  -15.563  -5.281  37.759 0.0000000000
71663  -14.893  -5.991  39.922 0.0000000000
149165  -14.507  -6.303  40.370 0.0000000000
153388  -12.729  -6.076  39.521 0.0000000000
70631  -12.237  -7.187  41.268 0.0000000000
149216  -9.856  -7.554  41.715 0.0000000000
71673  -10.161  -6.664  38.529 0.0000000000
71672  -9.400  -7.162  38.906 0.0000000000
153723  -8.831  -7.625  38.809 0.0000000000
70647  -8.945  -7.809  38.216 0.0000000000
69660  -8.929  -8.446  37.193 0.0000000000
68701  -8.930  -8.729  36.753 0.0000000000
70672  -11.476  -7.635  35.381 0.0000000000
70663  -10.942  -7.705  35.762 0.0000000000
69669  -10.521  -8.055  35.749 0.0000000000
69688  -10.889  -8.599  35.014 0.0000000000
69678  -10.433  -8.300  35.610 0.0000000000
69668  -9.971  -8.086  36.214 0.0000000000
69677  -9.889  -8.355  36.003 0.0000000000
68714  -9.456  -8.707  36.122 0.0000000000
68713  -8.691  -9.148  36.058 0.0000000000
68734  -7.506  -9.214  33.040 0.0000000000
67779  -6.299  -9.736  32.235 0.0000000000
73826  -49.739  -4.234  17.860 0.0000000000
73807  -50.208  -4.103  18.866 0.0000000000
73806  -49.792  -4.885  18.443 0.0000000000
73789  -50.172  -4.469  19.660 0.0000000000
74691  -49.794  -3.368  20.715 0.0000000000
71893  -49.121  -6.960  18.232 0.0000000000
144038  -49.799  -5.794  19.536 0.0000000000
72874  -49.748  -5.711  19.985 0.0000000000
72860  -49.929  -4.873  20.073 0.0000000000
74690  -49.326  -3.306  20.801 0.0000000000
75670  -46.922  -2.894  19.601 0.0000000000
70812  -48.291  -7.840  21.280 0.0000000000
73787  -46.465  -4.503  19.758 0.0000000000
74759  -43.852  -2.954  16.826 0.0000000000
75711  -42.741  -2.621  15.796 0.0000000000
73832  -40.738  -4.162  16.644 0.0000000000
66016  -42.998  -11.529  26.286 0.0000000000
66008  -42.873  -11.593  27.137 0.0000000000
129440  -43.561  -11.354  26.590 0.0000000000
67834  -44.330  -10.052  27.431 0.0000000000
69759  -44.302  -8.648  27.668 0.0000000000
68804  -42.038  -8.937  29.598 0.0000000000
69740  -42.125  -8.522  28.970 0.0000000000
69748  -42.807  -8.610  28.457 0.0000000000
71762  -41.721  -7.251  27.922 0.0000000000
145422  -43.684  -8.081  27.816 0.0000000000
70737  -44.228  -7.730  27.492 0.0000000000
149765  -44.494  -7.127  27.040 0.0000000000
72795  -43.617  -5.226  25.925 0.0000000000
72794  -42.554  -4.900  26.088 0.0000000000
73707  -43.027  -4.826  25.952 0.0000000000
73718  -42.817  -4.300  24.958 0.0000000000
74676  -41.701  -3.741  23.484 0.0000000000
69771  -37.334  -8.466  26.212 0.0000000000
70769  -37.935  -7.822  24.958 0.0000000000
139801  -38.675  -7.437  25.362 0.0000000000
70771  -39.239  -6.885  24.938 0.0000000000
71803  -39.687  -6.089  24.612 0.0000000000
150686  -37.401  -6.910  21.115 0.0000000000
70810  -37.834  -6.749  21.879 0.0000000000
71826  -38.433  -6.115  22.629 0.0000000000
71813  -39.298  -5.814  23.822 0.0000000000
73716  -40.568  -4.053  24.167 0.0000000000
74661  -39.412  -3.226  23.229 0.0000000000
140869  -40.219  -3.569  23.596 0.0000000000
74662  -40.783  -3.466  23.558 0.0000000000
74675  -41.135  -3.429  22.988 0.0000000000
74689  -41.009  -3.559  22.241 0.0000000000
74700  -40.344  -3.372  21.027 0.0000000000
74712  -39.320  -3.062  20.061 0.0000000000
74727  -39.025  -3.506  19.182 0.0000000000
156601  -18.539  -15.155  42.900 0.0000000000
63943  -18.050  -15.329  43.003 0.0000000000
62874  -17.512  -15.832  43.410 0.0000000000
61739  -17.136  -16.232  43.643 0.0000000000
59693  -15.618  -18.605  43.620 0.0000000000
58771  -17.994  -19.013  42.866 0.0000000000
143809  -14.555  -21.076  43.264 0.0000000000
144046  -15.645  -20.852  43.058 0.0000000000
55057  -12.713  -23.338  42.347 0.0000000000
148865  -17.966  -21.930  42.652 0.0000000000
154601  -18.991  -23.231  41.854 0.0000000000
55080  -18.579  -22.963  42.262 0.0000000000
55070  -15.297  -22.613  42.687 0.0000000000
55061  -15.622  -23.262  42.502 0.0000000000
55059  -13.988  -23.094  42.508 0.0000000000
55058  -13.281  -23.229  42.470 0.0000000000
51894  -12.880  -24.681  41.569 0.0000000000
50859  -10.988  -25.690  40.724 0.0000000000
148735  -20.623  -23.180  33.992 0.0000000000
56059  -20.533  -23.297  34.808 0.0000000000
51959  -20.322  -24.762  34.330 0.0000000000
53125  -20.386  -24.645  34.528 0.0000000000
53118  -20.358  -24.730  35.254 0.0000000000
53111  -20.277  -24.686  35.905 0.0000000000
51940  -19.559  -24.877  36.931 0.0000000000
50884  -18.917  -25.039  36.015 0.0000000000
51937  -17.895  -24.712  37.191 0.0000000000
51955  -17.376  -24.572  35.268 0.0000000000
76504  -19.435  -1.456  27.740 0.0000000000
76518  -20.786  -1.551  26.681 0.0000000000
76505  -20.278  -1.890  27.383 0.0000000000
76495  -19.843  -2.112  28.160 0.0000000000
155732  -20.359  -2.380  28.626 0.0000000000
131869  -22.365  -2.371  29.831 0.0000000000
72865  -28.299  -5.453  19.446 0.0000000000
72885  -27.747  -5.091  18.999 0.0000000000
73794  -26.302  -5.028  18.129 0.0000000000
73815  -25.659  -4.638  17.346 0.0000000000
69827  -25.377  -9.197  20.882 0.0000000000
69845  -25.481  -8.684  20.276 0.0000000000
69854  -25.490  -8.077  19.779 0.0000000000
69853  -24.801  -8.621  19.492 0.0000000000
142251  -25.419  -7.046  19.061 0.0000000000
71889  -25.286  -6.516  18.596 0.0000000000
73814  -24.571  -4.891  17.248 0.0000000000
74736  -24.116  -4.100  16.786 0.0000000000
74735  -23.251  -3.855  17.127 0.0000000000
72881  -23.326  -5.824  17.908 0.0000000000
73812  -22.899  -4.491  17.598 0.0000000000
73793  -22.575  -4.280  18.253 0.0000000000
74721  -22.502  -3.488  18.419 0.0000000000
74707  -22.500  -3.245  19.207 0.0000000000
63066  -24.559  -15.662  22.463 0.0000000000
144137  -23.519  -14.877  22.072 0.0000000000
65090  -22.240  -13.526  22.251 0.0000000000
64146  -22.166  -14.887  22.138 0.0000000000
67876  -20.808  -11.023  23.396 0.0000000000
66944  -19.395  -11.149  24.635 0.0000000000
66945  -19.681  -11.593  24.276 0.0000000000
140014  -20.323  -10.765  23.702 0.0000000000
67889  -20.675  -9.721  23.039 0.0000000000
68889  -21.161  -9.678  22.212 0.0000000000
69826  -21.263  -8.454  21.299 0.0000000000
70817  -21.541  -7.917  20.816 0.0000000000
71839  -21.739  -7.042  20.864 0.0000000000
135318  -22.110  -6.127  20.537 0.0000000000
131576  -22.577  -3.783  19.886 0.0000000000
74681  -22.907  -3.435  20.800 0.0000000000
74682  -23.420  -2.879  21.266 0.0000000000
73753  -23.031  -3.963  22.164 0.0000000000
132927  -23.716  -2.736  21.921 0.0000000000
75628  -24.077  -2.527  22.718 0.0000000000
75616  -24.463  -2.305  23.458 0.0000000000
75608  -24.840  -2.202  24.130 0.0000000000
71787  -21.327  -6.633  25.122 0.0000000000
71788  -21.947  -6.034  25.087 0.0000000000
72784  -22.749  -5.632  24.902 0.0000000000
72772  -22.542  -5.618  25.934 0.0000000000
72785  -23.436  -5.160  25.443 0.0000000000
145258  -23.361  -5.212  24.723 0.0000000000
73711  -24.859  -3.997  24.620 0.0000000000
74650  -25.274  -3.054  24.401 0.0000000000
75609  -25.141  -2.185  24.871 0.0000000000
75603  -25.313  -2.369  25.626 0.0000000000
76523  -24.939  -2.157  26.137 0.0000000000
76510  -24.838  -2.375  26.884 0.0000000000
73696  -25.148  -3.474  26.789 0.0000000000
142035  -25.093  -2.798  26.902 0.0000000000
75591  -24.572  -2.425  27.650 0.0000000000
75579  -23.528  -2.086  28.791 0.0000000000
75567  -23.230  -2.284  29.633 0.0000000000
75555  -23.888  -2.556  30.052 0.0000000000
150517  -24.276  -2.850  30.185 0.0000000000
74611  -24.709  -3.381  30.543 0.0000000000
72761  -24.859  -4.145  30.166 0.0000000000
73672  -24.973  -3.747  30.567 0.0000000000
74604  -25.085  -3.636  31.086 0.0000000000
73670  -25.334  -4.043  31.389 0.0000000000
72748  -25.264  -4.717  31.853 0.0000000000
70704  -22.868  -6.548  31.120 0.0000000000
69717  -21.989  -7.734  31.902 0.0000000000
133452  -23.547  -6.195  31.397 0.0000000000
71731  -23.694  -6.425  32.086 0.0000000000
71732  -24.391  -6.065  32.352 0.0000000000
69694  -23.435  -8.380  34.498 0.0000000000
69695  -24.119  -8.057  34.866 0.0000000000
68720  -24.389  -9.311  35.946 0.0000000000
65968  -19.986  -13.146  31.557 0.0000000000
64045  -20.317  -14.476  31.377 0.0000000000
65017  -20.294  -13.840  31.844 0.0000000000
65959  -20.486  -12.453  33.043 0.0000000000
61840  -20.764  -15.660  33.678 0.0000000000
62968  -20.920  -15.129  33.840 0.0000000000
62969  -21.155  -15.104  34.654 0.0000000000
129442  -20.885  -14.150  33.656 0.0000000000
65939  -20.954  -12.689  33.856 0.0000000000
66862  -21.887  -11.374  34.766 0.0000000000
66858  -22.526  -11.301  35.401 0.0000000000
65911  -22.581  -12.433  35.724 0.0000000000
66852  -23.912  -11.056  36.508 0.0000000000
140041  -24.506  -10.579  36.801 0.0000000000
66853  -24.432  -11.315  37.129 0.0000000000
64968  -24.003  -13.647  37.516 0.0000000000
64961  -24.701  -13.318  38.369 0.0000000000
63982  -24.573  -14.280  40.000 0.0000000000
152826  -24.234  -14.311  40.682 0.0000000000
151359  -22.117  -16.052  37.966 0.0000000000
61792  -22.517  -15.956  38.389 0.0000000000
61786  -23.045  -15.787  38.923 0.0000000000
62912  -23.552  -15.425  39.538 0.0000000000
63978  -23.790  -14.702  40.877 0.0000000000
144699  -23.516  -14.469  41.367 0.0000000000
63958  -21.781  -14.213  42.272 0.0000000000
62894  -21.686  -14.799  42.378 0.0000000000
63945  -19.968  -14.737  42.742 0.0000000000
145082  -19.136  -14.808  42.700 0.0000000000
85435  -56.256  8.965  9.851 0.0000000000
140988  -50.257  -2.816  18.164 0.0000000000
75705  -50.594  -2.484  18.553 0.0000000000
75689  -50.878  -2.181  18.885 0.0000000000
76595  -51.235  -1.471  19.619 0.0000000000
78333  -51.108  0.595  20.542 0.0000000000
77439  -49.836  -0.566  20.693 0.0000000000
78348  -49.015  0.511  19.679 0.0000000000
78331  -49.681  0.272  20.462 0.0000000000
148175  -50.121  0.173  20.705 0.0000000000
155939  -50.049  0.741  20.672 0.0000000000
80103  -49.914  2.048  20.621 0.0000000000
145742  -50.122  2.918  20.845 0.0000000000
80952  -49.505  3.388  20.390 0.0000000000
81786  -48.870  4.896  19.923 0.0000000000
81800  -48.437  4.574  18.774 0.0000000000
82661  -47.724  6.346  19.839 0.0000000000
66951  -5.453  -12.394  23.724 0.0000000000
65086  -4.586  -13.508  23.211 0.0000000000
65096  -4.424  -13.772  22.577 0.0000000000
64141  -4.484  -14.325  22.362 0.0000000000
63070  -4.683  -14.933  21.170 0.0000000000
65966  -3.998  -13.077  31.310 0.0000000000
156242  -3.995  -13.153  30.699 0.0000000000
64057  -4.455  -13.986  30.131 0.0000000000
62893  -17.529  -15.429  43.047 0.0000000000
62892  -16.683  -15.517  43.127 0.0000000000
62880  -15.227  -15.949  43.311 0.0000000000
62871  -15.675  -16.408  43.732 0.0000000000
62879  -14.333  -16.083  42.907 0.0000000000
62878  -13.377  -16.187  42.524 0.0000000000
62867  -11.744  -16.565  42.498 0.0000000000
58755  -13.225  -18.765  43.774 0.0000000000
59683  -13.748  -17.927  43.934 0.0000000000
140558  -13.097  -17.569  43.698 0.0000000000
58764  -11.297  -18.601  43.432 0.0000000000
59681  -11.722  -18.163  43.632 0.0000000000
60687  -12.435  -17.369  43.474 0.0000000000
61733  -12.102  -16.944  43.131 0.0000000000
61732  -11.096  -16.980  42.851 0.0000000000
62866  -10.873  -16.795  42.177 0.0000000000
61743  -10.200  -17.154  42.043 0.0000000000
61741  -9.229  -17.666  42.038 0.0000000000
59688  -8.083  -18.439  41.771 0.0000000000
145208  -8.251  -19.000  42.392 0.0000000000
139236  -7.928  -18.805  42.163 0.0000000000
138648  -7.311  -19.013  41.872 0.0000000000
59686  -6.215  -19.629  41.515 0.0000000000
144934  -5.561  -19.788  41.318 0.0000000000
75541  -20.505  -2.812  31.120 0.0000000000
75540  -19.650  -2.662  31.532 0.0000000000
76463  -18.481  -1.747  32.578 0.0000000000
134935  -19.066  -2.508  34.111 0.0000000000
149125  -18.334  -1.599  33.270 0.0000000000
77338  -18.017  -0.975  32.821 0.0000000000
131842  -17.664  -0.287  33.443 0.0000000000
76428  -18.793  -1.310  37.444 0.0000000000
76427  -18.273  -1.132  36.879 0.0000000000
134532  -17.751  -0.640  36.560 0.0000000000
79082  -17.545  1.343  38.449 0.0000000000
79062  -20.428  1.336  43.402 0.0000000000
79061  -19.889  1.979  43.051 0.0000000000
79920  -19.383  2.830  42.556 0.0000000000
80680  -19.616  3.523  43.950 0.0000000000
80687  -19.461  3.602  42.956 0.0000000000
80692  -19.266  3.844  41.846 0.0000000000
152394  -19.332  4.468  40.974 0.0000000000
81594  -19.592  5.263  40.607 0.0000000000
84248  -20.814  7.116  45.055 0.0000000000
151700  -20.964  6.432  44.344 0.0000000000
83358  -21.123  6.445  43.481 0.0000000000
83366  -21.388  6.988  42.963 0.0000000000
82494  -20.621  6.469  41.567 0.0000000000
82497  -20.051  5.942  40.806 0.0000000000
78150  -11.366  0.501  43.774 0.0000000000
78143  -10.927  0.647  44.694 0.0000000000
78142  -10.494  0.764  45.603 0.0000000000
77270  -10.741  -0.847  45.428 0.0000000000
136724  -10.103  0.955  46.258 0.0000000000
79036  -9.821  1.369  46.696 0.0000000000
79035  -9.513  0.868  47.253 0.0000000000
79033  -9.362  1.716  47.488 0.0000000000
74492  -10.371  -3.527  46.831 0.0000000000
75425  -10.052  -3.131  47.322 0.0000000000
137945  -9.702  -2.716  47.321 0.0000000000
76372  -9.514  -2.003  47.333 0.0000000000
77256  -9.829  -1.709  47.275 0.0000000000
78130  -9.061  0.116  47.648 0.0000000000
79031  -8.964  1.609  47.896 0.0000000000
79889  -7.930  1.844  47.872 0.0000000000
79892  -7.575  2.115  47.426 0.0000000000
79894  -7.328  2.341  46.797 0.0000000000
132170  -7.454  0.987  46.446 0.0000000000
79037  -7.393  1.760  46.237 0.0000000000
79897  -7.373  2.521  46.009 0.0000000000
79902  -7.529  2.684  45.243 0.0000000000
79903  -7.703  2.833  44.595 0.0000000000
140331  -7.904  3.005  44.165 0.0000000000
71624  -8.666  -6.675  43.563 0.0000000000
72627  -8.540  -5.848  43.489 0.0000000000
73615  -9.257  -4.360  43.940 0.0000000000
74523  -8.034  -4.198  41.039 0.0000000000
75460  -8.822  -2.470  41.178 0.0000000000
74525  -9.136  -2.853  41.930 0.0000000000
74515  -9.266  -3.184  42.782 0.0000000000
75443  -9.117  -2.502  43.553 0.0000000000
75442  -8.730  -1.858  44.361 0.0000000000
77269  -8.084  -0.371  44.646 0.0000000000
78141  -8.037  0.343  44.207 0.0000000000
78149  -8.358  0.427  43.300 0.0000000000
78148  -8.108  0.936  43.799 0.0000000000
80676  -8.628  3.737  43.506 0.0000000000
136127  -9.343  3.930  42.826 0.0000000000
79921  -9.308  2.296  42.207 0.0000000000
81589  -10.549  4.077  41.248 0.0000000000
81591  -10.904  4.336  40.659 0.0000000000
81592  -11.365  4.611  39.910 0.0000000000
79073  -8.909  0.757  39.932 0.0000000000
79075  -10.145  1.554  39.657 0.0000000000
153309  -9.681  1.645  38.459 0.0000000000
79932  -11.208  2.878  39.772 0.0000000000
80696  -11.581  3.723  39.461 0.0000000000
138007  -11.774  4.508  39.089 0.0000000000
81599  -12.108  4.533  38.313 0.0000000000
82508  -12.205  5.283  37.957 0.0000000000
80710  -12.009  3.378  37.366 0.0000000000
81607  -12.347  4.600  37.501 0.0000000000
80782  -9.696  3.498  31.437 0.0000000000
79968  -8.585  2.131  34.213 0.0000000000
79981  -8.352  2.295  33.308 0.0000000000
154017  -8.092  2.464  32.612 0.0000000000
79993  -7.577  2.461  32.097 0.0000000000
155405  -8.335  2.781  31.845 0.0000000000
80780  -8.205  3.235  30.911 0.0000000000
80802  -8.655  3.779  30.382 0.0000000000
80801  -8.116  3.587  30.125 0.0000000000
80026  -7.581  2.937  29.176 0.0000000000
80041  -7.508  1.939  28.536 0.0000000000
80034  -6.919  1.529  29.529 0.0000000000
79150  -7.082  1.170  29.052 0.0000000000
79162  -8.022  0.614  27.499 0.0000000000
77382  -8.912  -1.011  26.428 0.0000000000
75509  -7.493  -2.942  34.699 0.0000000000
75515  -7.437  -2.455  34.008 0.0000000000
76454  -6.347  -1.974  33.563 0.0000000000
74579  -9.492  -3.486  33.340 0.0000000000
76462  -7.442  -1.971  33.173 0.0000000000
130686  -7.549  -1.503  32.180 0.0000000000
76469  -8.042  -1.523  31.444 0.0000000000
135461  -7.977  -1.334  30.538 0.0000000000
72746  -10.027  -4.870  30.737 0.0000000000
73671  -10.360  -4.365  30.439 0.0000000000
72757  -10.660  -5.097  29.457 0.0000000000
73673  -10.661  -4.406  29.719 0.0000000000
74610  -10.301  -3.727  30.754 0.0000000000
144782  -10.240  -3.125  30.288 0.0000000000
76478  -8.879  -1.824  30.337 0.0000000000
76477  -8.263  -1.395  29.745 0.0000000000
76493  -8.814  -1.610  28.480 0.0000000000
142803  -8.775  -1.470  27.672 0.0000000000
75588  -10.180  -2.454  27.571 0.0000000000
75587  -9.417  -1.799  27.114 0.0000000000
76515  -9.107  -1.421  26.737 0.0000000000
76528  -9.413  -1.431  26.222 0.0000000000
76529  -9.926  -1.691  25.729 0.0000000000
76530  -10.484  -2.204  25.250 0.0000000000
75607  -11.095  -2.654  24.840 0.0000000000
73708  -12.047  -3.954  23.997 0.0000000000
73720  -11.976  -4.260  23.053 0.0000000000
73737  -11.707  -4.707  22.278 0.0000000000
69801  -11.275  -7.636  22.873 0.0000000000
70802  -11.065  -7.414  21.726 0.0000000000
69823  -10.076  -8.676  21.260 0.0000000000
70801  -10.279  -7.901  21.113 0.0000000000
50890  -18.850  -25.165  35.150 0.0000000000
51926  -19.533  -25.046  38.994 0.0000000000
53083  -18.586  -25.087  40.422 0.0000000000
53139  -28.993  -24.591  32.861 0.0000000000
53145  -34.755  -24.766  34.618 0.0000000000
54100  -16.017  -24.013  42.264 0.0000000000
54110  -18.922  -23.978  41.799 0.0000000000
54140  -30.617  -23.707  33.957 0.0000000000
54171  -35.642  -24.011  34.245 0.0000000000
54184  -37.008  -23.874  32.620 0.0000000000
55118  -35.255  -23.108  33.488 0.0000000000
55119  -35.677  -22.857  33.122 0.0000000000
55128  -36.013  -22.968  32.907 0.0000000000
56013  -11.949  -22.772  42.144 0.0000000000
56066  -34.685  -22.210  33.764 0.0000000000
56074  -36.376  -22.265  32.631 0.0000000000
56886  -4.315  -21.172  40.511 0.0000000000
56927  -35.237  -21.722  33.542 0.0000000000
56928  -35.786  -21.575  33.266 0.0000000000
56942  -36.505  -21.459  32.528 0.0000000000
56951  -36.905  -21.397  31.916 0.0000000000
56958  -37.401  -21.090  31.006 0.0000000000
56967  -37.313  -21.044  30.675 0.0000000000
57783  -7.312  -19.949  42.076 0.0000000000
57822  -34.971  -20.589  33.685 0.0000000000
57830  -34.589  -20.973  33.634 0.0000000000
57831  -35.375  -20.546  33.498 0.0000000000
57832  -35.805  -20.522  33.263 0.0000000000
57839  -28.406  -21.490  32.642 0.0000000000
57862  -36.919  -20.739  31.786 0.0000000000
57863  -36.926  -20.205  31.569 0.0000000000
57885  -37.184  -20.577  30.602 0.0000000000
58758  -5.895  -19.994  41.566 0.0000000000
58760  -7.032  -19.640  41.894 0.0000000000
58772  -4.809  -19.975  41.006 0.0000000000
58779  -4.549  -19.657  40.433 0.0000000000
58785  -3.307  -20.647  38.911 0.0000000000
58791  -3.639  -19.715  38.675 0.0000000000
58835  -36.458  -19.857  32.297 0.0000000000
58836  -36.609  -19.885  32.033 0.0000000000
58851  -27.705  -20.070  31.463 0.0000000000
58857  -36.935  -19.761  31.284 0.0000000000
58875  -37.038  -19.789  30.905 0.0000000000
59687  -6.754  -19.472  41.696 0.0000000000
59706  -5.374  -19.103  40.644 0.0000000000
59733  -16.772  -18.474  36.479 0.0000000000
59734  -32.834  -18.094  35.586 0.0000000000
59745  -33.835  -18.722  33.910 0.0000000000
59746  -35.413  -19.700  33.464 0.0000000000
59753  -35.908  -19.529  33.085 0.0000000000
59761  -36.764  -19.306  31.435 0.0000000000
59770  -36.705  -18.259  31.036 0.0000000000
59771  -36.825  -18.959  31.042 0.0000000000
59785  -36.734  -18.802  30.591 0.0000000000
59800  -31.704  -18.809  30.517 0.0000000000
59818  -36.652  -18.306  30.138 0.0000000000
59819  -36.728  -19.035  30.142 0.0000000000
59825  -17.985  -18.036  29.012 0.0000000000
59834  -30.833  -18.293  28.989 0.0000000000
59848  -29.445  -18.052  27.573 0.0000000000
59849  -30.024  -17.979  27.867 0.0000000000
60694  -8.972  -18.064  42.344 0.0000000000
60710  -4.640  -18.787  39.726 0.0000000000
60711  -5.109  -18.543  39.837 0.0000000000
60716  -4.438  -18.575  39.058 0.0000000000
60737  -32.272  -17.684  35.122 0.0000000000
60739  -32.924  -18.110  35.770 0.0000000000
60752  -32.504  -17.073  33.217 0.0000000000
60764  -20.751  -16.167  35.792 0.0000000000
60767  -36.127  -18.815  32.793 0.0000000000
60768  -36.458  -18.578  32.069 0.0000000000
60809  -31.197  -18.073  29.438 0.0000000000
60868  -22.464  -17.375  25.401 0.0000000000
60872  -26.137  -17.464  25.049 0.0000000000
60895  -26.922  -16.765  24.391 0.0000000000
61730  -9.744  -17.425  42.160 0.0000000000
61740  -8.543  -18.045  41.556 0.0000000000
61761  -6.011  -17.936  39.568 0.0000000000
61762  -7.650  -17.785  40.392 0.0000000000
61768  -4.768  -17.926  38.398 0.0000000000
61784  -11.011  -16.159  38.147 0.0000000000
61800  -32.701  -17.876  35.124 0.0000000000
61801  -32.903  -17.863  35.635 0.0000000000
61802  -33.169  -17.949  35.024 0.0000000000
61803  -34.047  -18.064  34.226 0.0000000000
61810  -32.649  -16.980  33.995 0.0000000000
61817  -4.050  -15.814  34.836 0.0000000000
61842  -31.709  -16.021  32.156 0.0000000000
61846  -36.496  -17.872  31.834 0.0000000000
61858  -36.550  -17.321  31.413 0.0000000000
61870  -30.520  -15.617  30.605 0.0000000000
61879  -17.617  -17.024  30.307 0.0000000000
61889  -17.627  -17.433  29.756 0.0000000000
61936  -26.695  -16.222  23.999 0.0000000000
61948  -21.957  -15.923  23.455 0.0000000000
61967  -23.319  -16.122  22.584 0.0000000000
61968  -24.476  -16.194  22.592 0.0000000000
61969  -25.205  -15.995  22.755 0.0000000000
62877  -12.405  -16.263  42.196 0.0000000000
62897  -10.131  -17.113  41.058 0.0000000000
62906  -5.445  -17.004  38.117 0.0000000000
62931  -9.132  -16.106  37.210 0.0000000000
62950  -12.193  -14.994  35.750 0.0000000000
62955  -32.704  -16.248  34.318 0.0000000000
62959  -30.705  -14.910  32.372 0.0000000000
62960  -31.038  -15.270  32.755 0.0000000000
62970  -30.593  -14.835  31.897 0.0000000000
62978  -29.129  -13.945  30.672 0.0000000000
62990  -4.166  -14.757  31.513 0.0000000000
63029  -29.418  -16.111  27.325 0.0000000000
63035  -29.107  -16.432  26.673 0.0000000000
63041  -28.191  -16.244  25.565 0.0000000000
63047  -27.096  -15.905  24.358 0.0000000000
63065  -23.719  -15.614  22.271 0.0000000000
63950  -13.824  -15.318  41.556 0.0000000000
63951  -15.001  -15.109  42.227 0.0000000000
63981  -13.072  -15.397  39.552 0.0000000000
64002  -8.946  -14.888  36.201 0.0000000000
64003  -12.646  -14.667  36.048 0.0000000000
64006  -23.582  -14.248  37.377 0.0000000000
64012  -11.938  -14.820  35.188 0.0000000000
64034  -29.212  -13.624  31.239 0.0000000000
64035  -29.996  -14.280  31.813 0.0000000000
64047  -28.064  -13.687  29.589 0.0000000000
64061  -27.317  -13.643  28.719 0.0000000000
64064  -27.941  -14.580  28.773 0.0000000000
64074  -26.215  -13.319  27.182 0.0000000000
64076  -27.049  -13.896  28.281 0.0000000000
64087  -26.848  -14.033  27.676 0.0000000000
64111  -25.790  -14.079  25.640 0.0000000000
64121  -24.030  -13.909  23.383 0.0000000000
64124  -26.230  -15.104  24.299 0.0000000000
64135  -20.881  -14.136  22.692 0.0000000000
64147  -23.008  -14.245  21.995 0.0000000000
64148  -24.259  -15.054  22.338 0.0000000000
64156  -4.056  -14.050  20.272 0.0000000000
64933  -24.009  -13.078  41.377 0.0000000000
65000  -12.337  -13.280  33.475 0.0000000000
65012  -28.568  -13.233  30.719 0.0000000000
65018  -27.288  -12.824  29.546 0.0000000000
65020  -28.240  -13.469  30.109 0.0000000000
65031  -4.204  -13.504  30.418 0.0000000000
65032  -4.198  -13.293  30.038 0.0000000000
65040  -40.753  -12.033  29.465 0.0000000000
65089  -21.175  -13.356  22.502 0.0000000000
65887  -25.890  -12.458  39.855 0.0000000000
65909  -13.987  -12.726  34.765 0.0000000000
65922  -31.321  -12.775  33.588 0.0000000000
65938  -14.092  -12.057  33.577 0.0000000000
65940  -29.480  -12.787  32.052 0.0000000000
65961  -28.990  -12.242  31.522 0.0000000000
65969  -27.487  -12.413  29.919 0.0000000000
65970  -27.923  -12.214  30.432 0.0000000000
65990  -26.507  -12.668  28.580 0.0000000000
65996  -25.539  -12.145  27.240 0.0000000000
65997  -25.796  -12.398  27.677 0.0000000000
66005  -25.711  -12.568  27.191 0.0000000000
66009  -43.524  -11.167  27.289 0.0000000000
66022  -23.926  -11.971  24.290 0.0000000000
66041  -44.735  -11.344  24.807 0.0000000000
66070  -3.932  -12.305  20.473 0.0000000000
66857  -16.129  -11.050  36.000 0.0000000000
66864  -34.017  -12.122  33.849 0.0000000000
66867  -13.865  -11.721  33.005 0.0000000000
66871  -32.055  -11.670  33.335 0.0000000000
66887  -13.341  -11.544  32.670 0.0000000000
66891  -30.110  -11.622  32.150 0.0000000000
66893  -31.727  -11.248  32.790 0.0000000000
66902  -29.686  -11.014  31.494 0.0000000000
66908  -19.418  -11.410  30.204 0.0000000000
66919  -19.007  -11.298  28.729 0.0000000000
66921  -25.987  -11.520  28.001 0.0000000000
66934  -44.163  -10.963  26.717 0.0000000000
66953  -19.853  -10.891  24.093 0.0000000000
66956  -21.781  -11.304  23.053 0.0000000000
67764  -12.663  -10.301  32.504 0.0000000000
67786  -40.082  -10.352  32.032 0.0000000000
67790  -27.290  -11.390  29.476 0.0000000000
67791  -27.923  -10.991  29.988 0.0000000000
67796  -33.172  -10.296  30.478 0.0000000000
67802  -26.469  -11.395  28.509 0.0000000000
67815  -26.829  -10.506  27.950 0.0000000000
67837  -25.570  -10.718  25.880 0.0000000000
67838  -26.000  -10.417  26.199 0.0000000000
67888  -8.431  -10.264  21.628 0.0000000000
67916  -31.847  -9.953  20.959 0.0000000000
68662  -14.171  -8.197  44.058 0.0000000000
68663  -13.532  -7.945  43.753 0.0000000000
68675  -6.220  -8.252  38.604 0.0000000000
68678  -7.767  -8.669  38.056 0.0000000000
68684  -6.362  -8.519  37.798 0.0000000000
68685  -6.848  -8.778  37.999 0.0000000000
68688  -8.527  -8.673  37.255 0.0000000000
68694  -26.593  -9.998  38.053 0.0000000000
68728  -15.759  -9.469  33.972 0.0000000000
68752  -14.720  -8.978  32.771 0.0000000000
68778  -29.529  -9.828  29.831 0.0000000000
68798  -30.849  -10.123  29.502 0.0000000000
68817  -42.628  -9.157  28.861 0.0000000000
68823  -27.006  -9.790  27.035 0.0000000000
68832  -44.723  -9.472  27.438 0.0000000000
68843  -35.180  -9.631  25.554 0.0000000000
68847  -45.680  -9.724  26.465 0.0000000000
68850  -18.981  -10.084  25.373 0.0000000000
68853  -26.015  -9.811  25.329 0.0000000000
68920  -6.712  -9.582  20.535 0.0000000000
68926  -32.788  -9.553  19.732 0.0000000000
69613  -11.926  -8.084  44.318 0.0000000000
69614  -12.917  -8.026  44.007 0.0000000000
69615  -13.897  -8.032  43.993 0.0000000000
69621  -14.483  -7.995  43.855 0.0000000000
69622  -15.145  -7.697  43.934 0.0000000000
69623  -15.782  -7.568  43.873 0.0000000000
69640  -6.209  -8.071  39.135 0.0000000000
69641  -6.668  -8.184  39.313 0.0000000000
69642  -7.154  -8.279  39.298 0.0000000000
69657  -28.514  -8.271  39.296 0.0000000000
69701  -12.695  -7.790  33.903 0.0000000000
69710  -14.348  -8.547  32.791 0.0000000000
69747  -39.416  -8.855  29.183 0.0000000000
69754  -28.196  -9.092  26.896 0.0000000000
69764  -19.503  -8.721  25.896 0.0000000000
69766  -27.227  -9.150  26.055 0.0000000000
69784  -46.159  -8.423  25.556 0.0000000000
69802  -20.025  -8.895  23.758 0.0000000000
69808  -10.981  -8.021  22.427 0.0000000000
69812  -26.331  -8.135  23.156 0.0000000000
69822  -9.429  -9.086  20.886 0.0000000000
69840  -9.728  -8.483  20.862 0.0000000000
69842  -22.514  -8.416  19.834 0.0000000000
69856  -30.445  -8.654  19.158 0.0000000000
70588  -11.887  -7.668  44.939 0.0000000000
70591  -9.855  -7.028  44.923 0.0000000000
70602  -16.835  -7.186  43.739 0.0000000000
70623  -16.893  -7.145  42.790 0.0000000000
70651  -28.343  -7.695  38.663 0.0000000000
70659  -27.799  -7.276  37.836 0.0000000000
70680  -26.270  -6.966  35.822 0.0000000000
70689  -13.687  -7.633  33.410 0.0000000000
70706  -5.509  -7.359  30.005 0.0000000000
70708  -21.322  -7.229  29.769 0.0000000000
70715  -6.706  -7.794  28.745 0.0000000000
70742  -10.800  -7.368  25.943 0.0000000000
70763  -11.530  -7.323  23.982 0.0000000000
70767  -28.089  -8.164  24.471 0.0000000000
70774  -11.484  -7.393  23.193 0.0000000000
70784  -11.448  -7.282  22.538 0.0000000000
70819  -25.864  -7.768  20.550 0.0000000000
70822  -28.983  -7.520  20.484 0.0000000000
70831  -25.174  -7.775  19.150 0.0000000000
70840  -49.475  -7.073  20.034 0.0000000000
71617  -15.031  -7.306  44.474 0.0000000000
71619  -16.610  -7.170  43.947 0.0000000000
71656  -28.124  -6.505  41.040 0.0000000000
71658  -5.806  -6.548  39.685 0.0000000000
71667  -17.880  -5.688  40.196 0.0000000000
71684  -21.641  -6.675  37.591 0.0000000000
71695  -19.730  -6.787  36.562 0.0000000000
71708  -19.429  -7.223  36.122 0.0000000000
71711  -27.090  -5.980  36.311 0.0000000000
71716  -15.613  -6.811  34.489 0.0000000000
71717  -16.279  -6.998  34.761 0.0000000000
71725  -15.169  -7.119  33.908 0.0000000000
71775  -11.911  -6.242  25.864 0.0000000000
71786  -12.119  -5.975  25.402 0.0000000000
72626  -21.680  -4.915  43.634 0.0000000000
72675  -28.680  -5.798  39.857 0.0000000000
72679  -13.310  -5.465  38.444 0.0000000000
72683  -17.378  -5.606  38.840 0.0000000000
72686  -20.973  -5.724  38.906 0.0000000000
72695  -12.745  -5.418  37.671 0.0000000000
72716  -27.424  -5.722  36.949 0.0000000000
72740  -25.616  -4.711  32.708 0.0000000000
72741  -25.876  -4.658  33.355 0.0000000000
72758  -10.971  -5.274  28.821 0.0000000000
72762  -10.685  -5.969  28.679 0.0000000000
72767  -23.524  -4.950  27.385 0.0000000000
72806  -12.226  -5.453  23.523 0.0000000000
72831  -11.401  -5.914  21.796 0.0000000000
72882  -25.088  -6.040  18.103 0.0000000000
73597  -9.937  -3.511  47.174 0.0000000000
73600  -10.501  -4.339  46.504 0.0000000000
73603  -19.590  -4.864  45.014 0.0000000000
73624  -24.411  -3.913  43.015 0.0000000000
73634  -26.271  -4.667  42.170 0.0000000000
73642  -27.972  -4.721  41.019 0.0000000000
73650  -28.354  -5.113  39.486 0.0000000000
73665  -9.765  -4.099  32.834 0.0000000000
73676  -24.752  -3.587  29.818 0.0000000000
73722  -23.850  -3.881  23.387 0.0000000000
73800  -38.710  -3.892  17.754 0.0000000000
73813  -23.581  -4.687  17.220 0.0000000000
74490  -10.462  -4.090  46.650 0.0000000000
74503  -22.801  -3.806  43.590 0.0000000000
74522  -26.139  -4.153  42.294 0.0000000000
74533  -26.940  -3.758  40.911 0.0000000000
74548  -27.178  -4.143  38.906 0.0000000000
74549  -5.176  -3.756  37.592 0.0000000000
74582  -22.282  -3.415  33.007 0.0000000000
74590  -22.568  -3.282  32.235 0.0000000000
74599  -20.527  -2.999  31.931 0.0000000000
74624  -10.820  -3.239  28.088 0.0000000000
74626  -24.772  -3.050  28.110 0.0000000000
74633  -25.017  -3.060  27.210 0.0000000000
74644  -11.310  -3.159  25.214 0.0000000000
74734  -22.731  -3.658  17.693 0.0000000000
75422  -9.843  -3.068  47.336 0.0000000000
75424  -9.414  -2.869  47.193 0.0000000000
75438  -18.121  -2.185  45.041 0.0000000000
75440  -22.003  -3.167  44.140 0.0000000000
75451  -25.090  -3.195  42.588 0.0000000000
75454  -13.052  -2.795  42.601 0.0000000000
75455  -13.860  -2.739  42.335 0.0000000000
75458  -16.589  -1.981  43.029 0.0000000000
75459  -24.725  -2.522  42.421 0.0000000000
75464  -14.188  -2.050  41.896 0.0000000000
75465  -15.092  -1.900  41.990 0.0000000000
75495  -19.341  -2.042  36.245 0.0000000000
75504  -20.387  -2.839  35.177 0.0000000000
75511  -19.426  -2.492  34.951 0.0000000000
75518  -18.770  -2.238  33.327 0.0000000000
75528  -18.927  -2.283  31.995 0.0000000000
75537  -9.468  -2.388  31.070 0.0000000000
75542  -22.145  -2.819  30.993 0.0000000000
75543  -22.944  -2.892  31.124 0.0000000000
75544  -24.419  -3.169  30.621 0.0000000000
75550  -9.696  -2.405  30.093 0.0000000000
75569  -24.450  -2.665  29.205 0.0000000000
75590  -22.744  -1.973  28.287 0.0000000000
75592  -24.741  -2.706  27.705 0.0000000000
75597  -25.311  -2.623  26.315 0.0000000000
75626  -11.341  -2.980  22.318 0.0000000000
76373  -9.866  -2.474  47.347 0.0000000000
76378  -18.480  -0.503  45.396 0.0000000000
76402  -15.347  -1.228  41.893 0.0000000000
76405  -24.263  -1.954  42.179 0.0000000000
76444  -17.715  -0.695  34.339 0.0000000000
76470  -18.347  -1.458  31.731 0.0000000000
76492  -8.225  -1.154  28.182 0.0000000000
76497  -24.150  -2.141  28.042 0.0000000000
76502  -8.374  -1.097  27.555 0.0000000000
76503  -8.788  -1.343  27.175 0.0000000000
76509  -24.326  -2.100  27.088 0.0000000000
76516  -9.725  -1.811  26.409 0.0000000000
76522  -24.475  -1.960  26.252 0.0000000000
76535  -24.646  -1.825  25.429 0.0000000000
76575  -22.746  -1.210  20.101 0.0000000000
77254  -8.061  -0.251  47.271 0.0000000000
77265  -18.706  0.279  45.527 0.0000000000
77298  -19.154  -0.062  40.209 0.0000000000
77299  -19.990  -0.422  40.535 0.0000000000
77316  -17.799  -0.436  37.290 0.0000000000
77319  -5.140  -1.264  35.839 0.0000000000
77321  -17.502  -0.357  35.837 0.0000000000
77341  -5.958  -0.337  32.144 0.0000000000
77346  -6.491  -0.129  30.808 0.0000000000
77352  -6.833  -0.292  30.259 0.0000000000
77358  -6.885  -0.032  29.680 0.0000000000
77366  -7.184  0.115  29.033 0.0000000000
77390  -10.911  0.083  24.746 0.0000000000
78126  -7.995  0.817  47.688 0.0000000000
78134  -7.534  0.650  45.783 0.0000000000
78136  -18.051  1.061  45.403 0.0000000000
78152  -17.659  0.491  44.874 0.0000000000
78156  -12.393  0.253  42.276 0.0000000000
78180  -18.117  0.062  38.990 0.0000000000
78222  -6.772  -0.137  30.083 0.0000000000
78367  -48.222  0.334  18.860 0.0000000000
79029  -8.046  1.259  47.848 0.0000000000
79030  -8.403  1.547  47.958 0.0000000000
79046  -17.497  1.901  44.911 0.0000000000
79112  -7.181  1.682  34.187 0.0000000000
79133  -6.219  1.385  31.062 0.0000000000
79149  -6.740  0.971  29.592 0.0000000000
79161  -7.467  0.949  28.234 0.0000000000
79260  -50.254  1.376  20.721 0.0000000000
79261  -50.848  1.426  20.763 0.0000000000
79890  -8.561  2.186  47.999 0.0000000000
79893  -9.467  2.505  47.378 0.0000000000
79925  -18.658  3.079  40.895 0.0000000000
79943  -12.009  3.397  36.687 0.0000000000
79979  -7.148  2.093  32.770 0.0000000000
80015  -6.673  2.083  30.839 0.0000000000
80800  -7.156  2.485  30.123 0.0000000000
80819  -7.900  3.454  29.258 0.0000000000
80953  -51.301  2.894  20.464 0.0000000000
81560  -9.560  4.615  47.081 0.0000000000
81561  -9.752  4.333  46.664 0.0000000000
81564  -17.919  3.890  45.344 0.0000000000
81568  -7.848  4.304  44.398 0.0000000000
81665  -8.310  3.961  28.939 0.0000000000
81667  -8.969  4.678  29.166 0.0000000000
82453  -7.551  5.243  47.024 0.0000000000
82471  -20.364  5.869  44.762 0.0000000000
82478  -16.677  4.961  44.070 0.0000000000
82649  -50.789  4.831  20.868 0.0000000000
83346  -19.840  6.253  45.373 0.0000000000
83352  -21.135  6.880  44.622 0.0000000000
83353  -7.759  6.513  43.830 0.0000000000
83356  -11.084  6.539  43.509 0.0000000000
83359  -21.533  6.987  43.902 0.0000000000
83532  -49.522  7.190  21.791 0.0000000000
84239  -8.295  7.310  47.287 0.0000000000
84258  -17.413  7.516  43.714 0.0000000000
84266  -21.259  7.276  42.304 0.0000000000
84451  -49.657  7.679  21.742 0.0000000000
84461  -49.705  8.388  21.446 0.0000000000
84463  -50.636  7.870  20.598 0.0000000000
85172  -17.923  8.886  43.915 0.0000000000
85184  -16.516  8.580  42.074 0.0000000000
86059  -17.701  10.199  43.051 0.0000000000
86060  -18.257  9.496  44.019 0.0000000000
86218  -50.132  9.392  20.404 0.0000000000
130090  -23.991  -3.541  34.823 0.0000000000
130720  -9.091  -2.721  33.239 0.0000000000
131124  -12.258  -17.774  43.651 0.0000000000
131178  -25.250  -3.604  35.579 0.0000000000
131628  -37.056  -20.061  30.606 0.0000000000
132152  -8.923  -1.440  47.415 0.0000000000
132302  -18.436  -1.875  33.951 0.0000000000
132320  -22.430  -4.035  19.041 0.0000000000
132461  -6.195  -0.075  31.419 0.0000000000
132615  -14.433  0.287  41.382 0.0000000000
132616  -18.847  -0.188  45.533 0.0000000000
133589  -7.071  -9.031  37.448 0.0000000000
133662  -19.471  -1.690  45.379 0.0000000000
133974  -9.260  -2.414  31.907 0.0000000000
134047  -3.648  -11.416  20.148 0.0000000000
134753  -8.770  -18.005  42.018 0.0000000000
135135  -8.412  -2.149  32.851 0.0000000000
135244  -14.317  -7.170  44.585 0.0000000000
135250  -29.865  -9.550  28.809 0.0000000000
135328  -20.789  -9.807  37.717 0.0000000000
135748  -35.130  -17.740  33.796 0.0000000000
135803  -12.290  3.960  37.060 0.0000000000
137626  -4.857  -14.149  34.512 0.0000000000
138240  -24.367  -2.713  29.766 0.0000000000
138881  -15.285  -9.179  33.245 0.0000000000
139094  -7.439  6.297  46.132 0.0000000000
139643  -6.456  -8.490  38.259 0.0000000000
139861  -28.011  -8.086  40.814 0.0000000000
140313  -18.770  -6.312  43.840 0.0000000000
140468  -28.068  -9.215  39.058 0.0000000000
141002  -20.431  -5.238  44.282 0.0000000000
141335  -4.701  -13.798  33.930 0.0000000000
141824  -7.990  2.079  33.641 0.0000000000
142261  -7.656  3.186  29.915 0.0000000000
143430  -16.468  -18.765  35.947 0.0000000000
143659  -13.727  1.936  41.398 0.0000000000
143697  -17.799  2.216  45.340 0.0000000000
143774  -12.344  -23.133  42.259 0.0000000000
143834  -9.065  -6.621  29.145 0.0000000000
144197  -42.003  -7.661  28.363 0.0000000000
144360  -4.192  -18.900  39.051 0.0000000000
144554  -36.332  -20.284  32.626 0.0000000000
144665  -9.142  1.010  47.675 0.0000000000
144686  -36.069  -21.062  33.148 0.0000000000
145065  -36.097  -20.277  32.993 0.0000000000
145667  -30.757  -6.207  18.525 0.0000000000
145771  -30.951  -13.311  33.566 0.0000000000
145799  -13.081  -7.155  44.749 0.0000000000
146332  -30.726  -22.324  33.697 0.0000000000
147213  -21.919  -6.412  23.106 0.0000000000
147766  -20.802  -2.230  28.025 0.0000000000
148001  -49.798  9.078  21.028 0.0000000000
148062  -9.954  -17.571  42.652 0.0000000000
148072  -8.792  -8.468  25.984 0.0000000000
148378  -21.224  -2.396  28.771 0.0000000000
148465  -24.922  -2.878  23.695 0.0000000000
148675  -5.205  -4.398  37.861 0.0000000000
149713  -22.357  -14.362  21.980 0.0000000000
149736  -16.512  1.003  42.991 0.0000000000
149874  -51.365  9.089  19.476 0.0000000000
149997  -5.516  -0.032  33.155 0.0000000000
150003  -4.099  -20.445  40.207 0.0000000000
150118  -25.550  -2.792  25.153 0.0000000000
150246  -36.114  -10.779  32.912 0.0000000000
150582  -26.102  -15.439  23.785 0.0000000000
150961  -28.058  -15.104  26.483 0.0000000000
151078  -29.887  -23.869  34.953 0.0000000000
152383  -5.874  -8.021  38.255 0.0000000000
152534  -17.775  1.333  45.196 0.0000000000
152587  -9.272  -0.648  26.075 0.0000000000
152674  -36.520  -16.693  31.321 0.0000000000
152733  -11.866  -4.615  26.600 0.0000000000
152944  -28.591  -14.539  29.536 0.0000000000
153003  -21.498  7.388  42.811 0.0000000000
153102  -26.477  -12.283  28.830 0.0000000000
153108  -37.177  -20.702  31.335 0.0000000000
153160  -26.214  -13.480  27.020 0.0000000000
153963  -19.044  5.511  45.463 0.0000000000
154052  -19.358  -14.914  42.854 0.0000000000
154081  -36.592  -17.240  29.445 0.0000000000
154237  -14.895  -7.799  43.074 0.0000000000
154328  -31.126  -10.722  26.615 0.0000000000
154401  -22.769  -0.745  42.798 0.0000000000
154455  -5.012  -12.745  28.806 0.0000000000
154496  -11.326  -7.368  24.639 0.0000000000
155023  -19.530  -24.852  37.652 0.0000000000
155102  -31.650  -15.960  31.929 0.0000000000
155150  -44.714  -8.260  27.479 0.0000000000
155510  -18.681  -6.193  37.419 0.0000000000
155629  -29.607  -13.936  31.575 0.0000000000
155652  -27.265  -10.185  28.077 0.0000000000
155822  -8.143  -3.255  34.768 0.0000000000
155861  -17.386  -6.728  35.689 0.0000000000
155925  -25.446  -3.795  32.860 0.0000000000
