global_signal	global_signal_derivative1	global_signal_power2	global_signal_derivative1_power2	csf	csf_derivative1	csf_power2	csf_derivative1_power2	white_matter	white_matter_derivative1	white_matter_power2	white_matter_derivative1_power2	csf_wm	tcompcor	std_dvars	dvars	framewise_displacement	rmsd	t_comp_cor_00	t_comp_cor_01	t_comp_cor_02	t_comp_cor_03	c_comp_cor_00	c_comp_cor_01	c_comp_cor_02	c_comp_cor_03	c_comp_cor_04	c_comp_cor_05	c_comp_cor_06	c_comp_cor_07	c_comp_cor_08	c_comp_cor_09	w_comp_cor_00	w_comp_cor_01	w_comp_cor_02	w_comp_cor_03	w_comp_cor_04	w_comp_cor_05	w_comp_cor_06	w_comp_cor_07	w_comp_cor_08	w_comp_cor_09	w_comp_cor_10	w_comp_cor_11	w_comp_cor_12	w_comp_cor_13	w_comp_cor_14	w_comp_cor_15	w_comp_cor_16	w_comp_cor_17	w_comp_cor_18	w_comp_cor_19	w_comp_cor_20	w_comp_cor_21	w_comp_cor_22	w_comp_cor_23	w_comp_cor_24	w_comp_cor_25	w_comp_cor_26	w_comp_cor_27	w_comp_cor_28	w_comp_cor_29	w_comp_cor_30	w_comp_cor_31	w_comp_cor_32	w_comp_cor_33	w_comp_cor_34	w_comp_cor_35	w_comp_cor_36	w_comp_cor_37	w_comp_cor_38	w_comp_cor_39	w_comp_cor_40	w_comp_cor_41	w_comp_cor_42	w_comp_cor_43	w_comp_cor_44	w_comp_cor_45	w_comp_cor_46	w_comp_cor_47	w_comp_cor_48	w_comp_cor_49	w_comp_cor_50	a_comp_cor_00	a_comp_cor_01	a_comp_cor_02	a_comp_cor_03	a_comp_cor_04	a_comp_cor_05	a_comp_cor_06	a_comp_cor_07	a_comp_cor_08	a_comp_cor_09	a_comp_cor_10	a_comp_cor_11	a_comp_cor_12	a_comp_cor_13	a_comp_cor_14	a_comp_cor_15	a_comp_cor_16	a_comp_cor_17	a_comp_cor_18	a_comp_cor_19	a_comp_cor_20	a_comp_cor_21	a_comp_cor_22	a_comp_cor_23	a_comp_cor_24	a_comp_cor_25	a_comp_cor_26	a_comp_cor_27	a_comp_cor_28	a_comp_cor_29	a_comp_cor_30	a_comp_cor_31	a_comp_cor_32	a_comp_cor_33	a_comp_cor_34	a_comp_cor_35	a_comp_cor_36	a_comp_cor_37	a_comp_cor_38	a_comp_cor_39	a_comp_cor_40	a_comp_cor_41	a_comp_cor_42	a_comp_cor_43	a_comp_cor_44	a_comp_cor_45	edge_comp_00	edge_comp_01	edge_comp_02	edge_comp_03	edge_comp_04	edge_comp_05	edge_comp_06	edge_comp_07	edge_comp_08	edge_comp_09	edge_comp_10	edge_comp_11	edge_comp_12	edge_comp_13	edge_comp_14	edge_comp_15	edge_comp_16	edge_comp_17	edge_comp_18	edge_comp_19	edge_comp_20	edge_comp_21	edge_comp_22	edge_comp_23	cosine00	cosine01	cosine02	cosine03	cosine04	trans_x	trans_x_derivative1	trans_x_power2	trans_x_derivative1_power2	trans_y	trans_y_derivative1	trans_y_power2	trans_y_derivative1_power2	trans_z	trans_z_derivative1	trans_z_power2	trans_z_derivative1_power2	rot_x	rot_x_derivative1	rot_x_derivative1_power2	rot_x_power2	rot_y	rot_y_derivative1	rot_y_derivative1_power2	rot_y_power2	rot_z	rot_z_derivative1	rot_z_derivative1_power2	rot_z_power2	motion_outlier00	motion_outlier01	motion_outlier02	motion_outlier03	motion_outlier04	motion_outlier05	motion_outlier06	motion_outlier07	motion_outlier08	motion_outlier09	motion_outlier10
309.56252677417774	n/a	95828.95798281352	n/a	559.6014188607534	n/a	313153.74799096835	n/a	301.7793807923583	n/a	91070.7946714192	n/a	350.282618533819	365.18981993421374	n/a	n/a	n/a	n/a	-0.281908494	0.0051605533	0.0958788625	-0.2214798832	-0.1245132837	0.1168619894	0.2350700266	0.0868514464	-0.0092049406	0.0739623643	-0.0724342382	0.1473039584	-0.0189772652	0.1175818423	-0.2708965216	0.0044860618	0.2600080976	0.051252552	-0.0352984165	0.0298665239	-0.082893478	0.1060662341	0.0285513522	-0.0382113053	0.0512229522	-0.1204717398	0.0330552437	-0.1013275835	0.0181463344	-0.1325100684	0.1400585707	-0.042679176	0.0541817667	-0.1357797446	-0.0315374202	0.0144816383	-0.0088677156	0.0080318822	-0.0025655457	0.0021617628	-0.0938624577	0.1044796692	-0.0406917653	0.0207495905	-0.0482121157	0.0715868332	-0.0312519934	0.1667944909	-0.0066995772	0.0402112716	-0.0332440989	-0.0293434273	0.0460473351	-0.1040432765	-0.0123001489	0.0581978772	-0.1118469946	-0.0758254773	0.0207331628	0.0065384257	0.0618237849	-0.0030252239	-0.0331420635	0.0380156064	0.1007615658	-0.2755039784	0.0035660581	0.1167039699	0.1306974342	-0.2040886147	0.0948087294	-0.0346842444	0.0664139488	-0.0100879394	0.1117289399	-0.0642932176	0.0248333206	-0.0003382528	-0.0349568648	-0.0804748765	0.0471749463	-0.1947609536	0.0542357406	-0.0347802275	0.0221982347	-0.0036041164	0.1468107284	-0.0030189147	-0.1182876831	0.051981809	-0.0136683061	0.0133978567	-0.00037383	0.0577129542	-0.0218865926	0.0143933537	-0.0402540837	0.0602317608	-0.1269927173	0.1665470391	-0.1361622447	0.0345494407	-0.0906589445	0.0753853338	-0.0710511451	0.0387109615	-0.0678366869	0.0210630196	0.051271393	-0.0155951437	-0.0328142422	-0.0818034041	0.216202819	0.1559759071	0.0387413717	-0.2362642904	0.0541594395	-0.1531158655	0.042875624	-0.1479140176	0.0507829981	-0.0503074808	0.0338954226	-0.0637242176	0.069272915	-0.0014497107	0.0766001348	-0.1164421409	0.0939301009	-0.087576371	0.0500473833	-0.0271006686	0.0707939907	-0.0387899152	0.0794916269	0.0999969158	0.0999876632	0.099972243	0.099950656	0.0999229036	-0.0043039173364292	n/a	1.8523704438815818e-05	n/a	-0.0240174722036954	n/a	0.0005768389710552	n/a	-0.0165679690975153	n/a	0.0002744976000162	n/a	-0.0016736265378112	n/a	n/a	2.801025788065904e-06	0.0004289999725399	n/a	n/a	1.8404097643923496e-07	0.0005978592292148	n/a	n/a	3.574356579573148e-07	0.0	0.0	0.0	0.0	0.0	0.0	0.0	0.0	0.0	0.0	0.0
307.8066772347137	-1.755849539464066	94744.9505502752	3.083007605236172	558.0565229098003	-1.544895950953105	311427.0827621764	2.3867034992712988	301.54469787555786	-0.234682916800466	90929.20481686149	0.0550760714379744	350.5529294381324	357.4911376143531	1.272198	29.544489	0.0659422019874489	0.0329699474916417	-0.3112092237	0.0595103386	-0.0078442594	-0.1504274293	-0.1515251257	0.0545703123	0.1724201337	0.1679622864	-0.0838272294	-0.052236678	-0.0089707701	0.1200090823	0.1159610195	0.0467779741	-0.2795606794	-0.0050430468	0.2333445095	0.0322683598	-0.0750773881	0.0124279143	-0.0059990305	0.0045931538	0.0811597359	0.0108906188	0.0157568911	0.0258759825	0.0393885787	-0.1794902135	-0.0271623397	0.0219589293	0.0078603216	0.063198527	-0.0161157049	-0.0137705604	0.0345965584	-0.0602144348	0.0187829822	0.0477174086	-0.06764045	0.0253951286	-0.0247338398	-0.0931185567	-0.0530257301	0.0576531326	-0.1601335967	-0.0369307667	0.0074310442	-0.0211990471	0.1010692771	-0.0264912057	-0.0807138077	0.1001412009	0.0566442686	-0.1068254673	0.0014268094	-0.0176557834	-0.0778745866	-0.049839969	0.0212133751	0.0386701559	0.0633307891	-0.1740007622	-0.0192453208	0.0128748887	-0.0301688194	-0.2880308982	-0.0010315268	0.1512475473	0.1272317181	-0.0834747591	-0.124736028	-0.1089662096	-0.0288331532	-0.0015457265	0.0683146133	-0.0040436591	0.121601234	0.0480869316	0.0906404771	0.0147851535	-0.0219633026	-0.1595218655	0.0061595464	-0.0210248421	0.0187049334	-0.0669673184	0.0340741445	0.0074484056	-0.0654354394	-0.026920581	0.0350155999	-0.0227721921	-0.0112777501	-0.0104557836	-0.0424616871	-0.0904044442	-0.0169426986	-0.0642593336	-0.0340257059	0.1483791788	-0.0126208669	0.0424622356	0.0994847466	0.0517658493	-0.0844920332	-0.0543301836	0.0276251503	0.0256052182	-0.1234919631	0.050508861	-0.086849346	-0.0922243659	0.2459589129	0.1129446982	-0.0267139062	-0.1197906597	-0.036512808	-0.1449317225	0.0284119176	-0.1544319313	-0.0471801374	-0.1201390962	0.0650405572	-0.0432452112	-0.0646629364	-0.0246919338	-0.0610071063	-0.0654910361	0.0081782301	-0.0107275836	-0.0186690682	0.015955222	0.1779756292	0.0508561557	0.0661920576	0.099972243	0.0998889875	0.0997502796	0.0995561965	0.0993068457	0.0001824816472151	0.0044863989836443	3.3299551570336214e-08	2.0127775840444605e-05	-0.0161634617043375	0.0078540104993579	0.0002612574942675	6.168548092402413e-05	0.0026969536983614	0.0192649227958767	7.273559251105234e-06	0.000371137250331	-0.0012170870284718	0.0004565395093394	2.0842832358786013e-07	1.481300834874316e-06	0.0002580999225971	-0.0001709000499428	2.9206827070451548e-08	6.6615570044629e-08	0.000657157064104	5.929783488920002e-05	3.5162332225468273e-09	4.318554069017888e-07	0.0	0.0	0.0	0.0	0.0	0.0	0.0	0.0	0.0	0.0	0.0
306.4831535986445	-1.3235236360691829	93931.92343977033	1.751714815233791	557.1969660600026	-0.8595568497976274	310468.45898647176	0.738837978034021	300.339610449336	-1.2050874262218372	90203.8816048589	1.452235704837972	349.6175344548479	363.6666888724986	1.374728	31.92556	0.0480567818565077	0.0240323630099704	-0.2331864237	-0.0521137311	-0.0797036212	-0.110567933	-0.1272454203	-0.002154599	0.1368750821	0.0853848238	-0.0207850994	-0.146884287	0.0846504123	0.1047043275	0.1951673549	0.0300036711	-0.2092936416	-0.0360302054	0.1305495441	-0.0076709806	0.0094203794	-0.0785999685	0.0501391148	-0.1541134619	0.045066098	-0.09302092	-0.0515023669	-0.0227796431	0.0646429145	-0.0489533877	0.1033950228	-0.0855143271	-0.0562356118	-0.0240916366	-0.0228752474	-0.0007721617	0.0300015995	-0.0143076991	0.0505613314	0.0612814458	0.0618427646	0.0437017053	0.0339259309	-0.0935443472	-0.0889660552	0.0220208778	-0.0292961102	-0.0135877875	0.0240828201	0.0480999556	-0.0496401966	0.0787802628	-0.0631123175	-0.0417787669	0.0103197477	0.0033440581	-0.070915769	-0.0799834295	-0.0063442549	0.0067668679	-0.0332033246	0.0916460102	-0.0098426291	-0.0419579604	-0.0083603681	-0.0483313856	-0.0678333377	-0.2173277337	-0.0252252271	0.1370806192	-0.0166871018	-0.0508844028	-0.1241770714	-0.0430096498	-0.0005520016	0.0467858982	-0.0247872339	0.1141039553	-0.0382747017	-0.0449660508	0.0487778086	0.001398515	-0.1367088193	-0.1146634339	0.0654637351	0.0004992187	-0.0247188752	0.144881869	0.0025794072	0.0430685973	0.0298413074	0.0266503039	0.1530176479	-0.0074487692	0.0071415792	-0.0866681305	-0.0008890006	0.0489743075	0.0577785521	0.0005423874	-0.0108241335	0.0107479882	-0.0028370714	0.0281625384	-0.108193838	0.0255255513	0.0466579	-0.0861183837	-0.0623492646	0.034122845	-0.0064479357	0.1228695146	0.0610694297	-0.0778672675	0.2106977453	0.0806893193	-0.0724176526	-0.0552719988	-0.066105786	-0.0355081825	0.010016375	-0.1813744027	-0.0666010599	0.0924236584	-0.0512951696	-0.0912794898	0.0120748479	-0.0335079256	-0.0272695857	-0.0885537289	0.0825488297	0.0671755683	-0.0721826601	-0.0495730848	0.0489401843	-0.0887258719	0.0685556403	0.0999229036	0.0996917334	0.0993068457	0.0987688341	0.098078528	9.648474376433568e-05	-8.599690345076432e-05	9.309305779269513e-09	7.395467403120081e-09	-0.0264869843815773	-0.0103235226772398	0.0007015603416299	0.0001065751204674	0.0179466044927636	0.0152496507944021	0.0003220806128196	0.0002325518493512	-0.0008750630800126	0.0003420239484591	1.1698038131962149e-07	7.65735394001138e-07	0.0002082370092628	-4.986291333429997e-05	2.48631012618391e-09	4.3362652026715456e-08	0.0006010916962692	-5.606536783480005e-05	3.1433254704514326e-09	3.613112273237841e-07	0.0	0.0	0.0	0.0	0.0	0.0	0.0	0.0	0.0	0.0	0.0
304.98858420091705	-1.494569397727446	93018.03649287988	2.2337376846233803	551.358663447698	-5.838302612304688	303996.37575883185	34.08577739284374	300.2422588861302	-0.0973515632058479	90145.41402104602	0.0094773268586222	348.70653355516896	356.6013010697399	1.465143	34.02528	0.2431582757083098	0.2040649020248988	-0.2158237204	0.0398681059	0.0890424963	0.0148506396	-0.0028216841	0.0347183468	0.2183883226	-0.0180271802	-0.0944576106	-0.0827663468	0.0811880012	0.0015849916	0.0234838495	-0.144926373	-0.1800205033	0.0731364485	0.0007597516	-0.065674084	-0.1284528507	-0.0291545609	0.0693157881	-0.0754343011	0.0712075417	-0.1072816818	0.0785062047	-0.0673013203	0.0173767221	-0.0308138497	-0.0739595781	-0.0124100248	0.0062427353	0.1367084143	0.0414023714	0.0257842156	0.0291758956	0.0333047137	-0.0249453357	-0.0584007254	-0.0198426563	-0.0989391089	0.0353561084	-0.0635723442	0.058249017	-0.0881211885	0.1139726222	0.023840478	-0.0746896035	-0.0058062783	-0.024838073	0.0923389799	0.0216825608	0.1012445024	0.006687156	0.0249811175	0.0823718881	0.0153804127	0.0048560035	0.0289645208	0.0680148972	0.0557384004	-0.0122484599	0.1103416045	-0.0848337869	0.0550269037	0.0150517973	-0.182062986	0.0480851928	-0.0267348635	-0.0108282129	-0.0096702203	0.0324577524	-0.1025046351	-0.1854757235	0.1312245219	0.047071807	0.0923887534	0.0146307212	0.026816957	0.0112950182	-0.0641734701	-0.060703916	0.0037364016	0.1097542442	0.0043401297	-0.0242683932	-0.0948692546	0.0423053174	-0.0956980118	-0.0144436694	-0.0744744625	0.0670917462	0.0248151832	-0.0485635427	-0.0457501509	-0.0055218634	0.0276077271	-0.0839634892	0.064881688	0.0546516583	-0.0181603034	0.0207860197	-0.0625691216	-0.0158170217	-0.0614388861	-0.0191306545	0.0525763975	-0.0374112467	-0.0867153363	-0.0052061676	0.0138327776	-0.0481538772	0.0575027853	0.2074048004	0.0536559295	-0.13649094	-0.0236729161	-0.1049119368	0.0261453046	0.077130111	0.0648993479	0.0697471619	-0.0411501917	0.0185988392	-0.0207780266	-0.0261867161	-0.022829087	0.1190967381	0.0347700448	0.0830505433	0.0889082828	0.0029013172	-0.132725797	0.0657958307	0.0597101294	-0.0723517531	0.0998489097	0.0993960955	0.0986429257	0.0975916762	0.0962455236	0.0044311625083679	0.0043346777646035	1.9635201175565296e-05	1.878943132294855e-05	-0.2264867247405106	-0.1999997403589333	0.0512962364836838	0.0399998961436407	0.024221053034779	0.0062744485420154	0.0005866594101135	3.9368704506399175e-05	-0.0012829988899972	-0.0004079358099846	1.6641162506779176e-07	1.6460861517340477e-06	-9.073547011517746e-07	-0.0002091443639639	4.374136497788594e-08	8.232925537022262e-13	0.0006349997031758	3.3908006906599995e-05	1.1497529323780331e-09	4.032246230333541e-07	0.0	0.0	0.0	0.0	0.0	0.0	0.0	0.0	0.0	0.0	0.0
304.5482373844101	-0.4403468165069739	92749.62889395098	0.1939053188078265	550.1548396428426	-1.203823804855347	302670.3475824419	1.4491917531364038	300.2813676440076	0.0391087578774431	90168.89975415566	0.0015294949427164	348.85703227942616	347.8969602138876	1.282414	29.781723	0.1115807661780488	0.0633210971595743	-0.1235470791	-0.0431163072	-0.0010644298	0.0754911598	-0.0178746902	-0.1121715702	0.1108347232	0.0544766069	-0.0467419791	0.0575888065	-0.0658357139	7.38328e-05	0.0089142671	-0.2113416767	-0.0955928157	0.1019433	-0.0489165685	-0.1427002302	-0.0698205301	0.0505940219	0.1098186299	-0.0197206114	0.0046275412	0.0700024715	-0.0042870102	-0.0287956279	0.0648472733	-0.0208483757	-0.0621731957	-0.0508106287	-0.1013791007	0.0133763951	-0.0023258744	-0.0548741797	0.04704919	-0.0161329106	-0.0290384748	0.0358721715	0.0153746347	-5.3533e-05	0.0003654525	0.1517744588	-0.0346869253	-0.0256028204	-0.0167702228	-0.0082930666	-0.0263715901	-0.0026275123	0.0702461799	-0.0116568045	-0.0606313766	-0.0222608266	0.0214849413	-0.0847139951	0.0901193913	-0.0025485246	0.0818330026	-0.0381203028	0.009946749	0.0014144045	0.0312355677	0.0295737281	-0.0885697011	-0.0750155436	0.0156908636	-0.1007701299	0.0858444677	-0.1101701554	-0.0757288397	-0.0163652982	-0.0897397338	-0.0842342922	-0.045381219	0.0130957362	-0.0254411332	-0.0018836757	0.148163151	0.0686622225	-0.0073696086	0.0123851537	-0.041064968	0.0525699344	0.0645911483	-0.0129756988	-0.0444504777	-0.0357960648	-0.0131787022	0.0157795677	0.0296631287	0.0282993744	0.0298271766	0.0006306083	-0.0349311542	-0.0459979216	0.084458748	0.1242818996	-0.0184378895	0.0652048696	-0.0496642039	0.012003453	-0.1013347329	0.0810774941	-0.0293886693	-0.0629679445	0.0030229195	-0.0682912513	-0.0392846815	-0.0137854752	-0.1031062499	-0.0931961829	0.0345321084	0.1102849101	0.1904334718	-0.0109233582	0.0620151705	-0.0271898439	-0.1364050944	0.0661757311	0.0374722805	0.1386825725	0.0765594759	0.0138210393	-0.048779901	0.012567468	-0.1426689965	0.0508479605	0.0412884587	0.0562826319	-0.0233471535	0.1041971136	-0.0488565598	0.0019171715	0.0120166452	-0.0275532996	-0.0550098762	0.0997502796	0.0990023658	0.0977599938	0.0960293686	0.0938191336	2.912798844079134e-05	-0.0044020345199271	8.484397106068741e-10	1.9377907914629885e-05	-0.2841558755506099	-0.0576691508100992	0.0807445616099337	0.0033257309551579	0.0430958540226384	0.0188748009878594	0.0018572526339405	0.0003562581123312	-0.000730000116783	0.0005529987732142	3.058076431764103e-07	5.329001705031937e-07	-2.1021172869062362e-07	6.97142972461151e-07	4.860083240519691e-13	4.418897087910035e-14	0.0005760000221592	-5.899968101659989e-05	3.4809623600605373e-09	3.3177602552739893e-07	0.0	0.0	0.0	0.0	0.0	0.0	0.0	0.0	0.0	0.0	0.0
304.8395523800795	0.2913149956694383	92927.15269528724	0.0848644267018848	548.7430282433828	-1.4118113994597934	301118.911045718	1.99321142764462	300.05505447058715	-0.2263131734204648	90033.03571334702	0.0512176524636414	348.5698291243118	351.05043710684606	1.032676	23.982014	0.2562205031910261	0.2176196604123123	-0.0867296811	-0.061833912	-0.0917693689	0.0758326441	0.0762317839	-0.091248989	0.1246362086	0.1043901529	0.0925463101	-0.0134749272	0.0051119259	0.0454135674	-0.0048113871	-0.1710838642	-0.0697713363	-0.0442520415	-0.025343555	-0.0867623504	-0.0060471251	0.0719910544	0.0995296608	-0.0439927059	-0.027360612	0.0665587169	-0.1283094926	0.0578858524	0.1256208195	-0.0368980622	0.020078358	-0.0068570859	-0.0152970293	0.0709595433	0.0177422395	0.0162698158	0.1004901696	0.1249135888	0.0924045777	0.0061095947	0.0337053731	0.0696181755	-0.0870350763	-0.0260601382	0.0334725829	0.0205253655	-0.1445124412	0.0803153238	0.0059659043	-0.0199836311	-0.1027422574	0.0247602321	0.0331106336	-0.0769230943	-0.0892621308	-0.0470566725	0.0031879287	-0.0971879035	-0.069788555	0.0691665363	0.0670230027	-0.0632498039	0.0202840588	0.1109298703	0.0747377372	-0.0749911463	0.0376589432	-0.0674118493	-0.0579374604	-0.1182988518	-0.012239763	-0.0312399159	-0.120503052	-0.0646570206	0.0389799448	-0.0004789853	-0.0840189808	0.11344351	0.0755316771	-0.0245433343	-0.0309049674	0.0470818678	-0.039936331	0.0227801605	0.0228922735	0.0356666664	0.0990811863	-0.0206756864	-0.001965726	0.012960145	-0.080811581	0.0776528696	-0.0297215164	-0.0001590706	-0.0368492614	0.2202017722	0.0480246327	-0.0229112853	0.0520416739	-0.0375973693	0.1216280395	-0.0544400139	0.0277562749	0.0591196532	0.0384408567	-0.1026056248	0.0155896725	0.0189808827	-0.1256204633	-0.0156126595	0.1202813672	0.0112947556	-0.0589123956	-0.0123195551	0.1969936134	-0.0707314468	0.0562184187	-0.0164802509	-0.0718556006	0.0655374256	-0.0848977158	-0.03626503	-0.06687466	0.0327321159	0.0696391938	0.063136129	-0.0574783111	-0.0381776748	0.061736704	-0.0678075456	-0.0091412247	0.029799132	-0.0346183498	0.0274006357	-0.1099843312	0.0012171428	0.059838295	0.0996270376	0.0985109326	0.0966600102	0.0940880769	0.0908143174	1.3338393060280396e-05	-1.5789595380510946e-05	1.779127294305362e-10	2.493113222802526e-10	-0.0655730259980202	0.2185828495525897	0.004299821738537	0.04777846211853	0.0602670609970346	0.0171712069743961	0.0036321186412202	0.0002948503489575	-0.0010020035868767	-0.0002720034700937	7.398588774301436e-08	1.0040111881137726e-06	-2.198671524844542e-07	-9.655423793830585e-09	9.32272086384698e-17	4.8341564741622243e-14	0.0004390000063035	-0.0001370000158557	1.8769004344462077e-08	1.92721005534473e-07	0.0	0.0	0.0	0.0	0.0	0.0	0.0	0.0	0.0	0.0	0.0
305.09594590315726	0.2563935230777474	93083.53620654228	0.0657376386762194	550.7281893889109	1.9851611455280815	303301.5385875881	3.940864773714366	300.3482552576607	0.2932007870735447	90209.07443632092	0.085966701540546	348.8746602703466	357.600845961262	1.099198	25.526857	0.1003961218796782	0.0543893386713974	-0.0521102497	-0.0619714738	-0.0775063995	0.0042512838	-0.0673857848	-0.0267066327	0.0828389323	0.0073378368	0.0627204785	0.0017351896	0.0583357018	0.0650667713	-0.0302663246	-0.207434921	-0.0418400468	-0.0226542985	0.0646241322	-0.0298338337	-0.0314352796	0.0315801616	0.0609236486	-0.1572186596	0.0038058702	-0.0333801427	-0.1010636407	0.0379505647	0.0705880797	0.1002768814	-0.0578176842	-0.0179115096	-0.0817007373	-0.0709498722	-0.0517389842	-0.0045589884	-0.0598232632	0.0070349252	-0.0924688257	0.1226124488	-0.1238996932	0.0644844748	0.0644061473	-0.1160568289	-0.0862255685	-0.0708611084	0.0576676363	0.0072344141	0.0208604299	-0.0040041797	-0.0708673866	-0.1454347836	0.1587967497	-0.008660555	-0.0932696569	0.0827268788	0.0434779212	-0.0810180183	0.0330985856	0.0479919935	0.1701990513	0.0405619408	0.0242444239	0.0755778686	0.1259415756	-0.0607274764	0.0593389426	-0.0425788892	-0.0172816494	0.0528803993	-0.0485131435	-0.0435520541	-0.0466239098	-0.0380667216	0.00115886	0.1129647259	-0.1240149389	0.1073249896	0.0191371985	0.0165748724	0.0092561733	0.0234499558	0.0317124831	0.1248547731	0.0475092171	0.0695487917	-0.027404082	-0.0418928504	-0.0755098806	0.140972604	-0.1310739138	0.1006281666	0.083697915	-0.0563621868	0.1174112947	0.1471672858	-0.1338089897	-0.0270728483	0.0424853287	0.0150403026	-0.0705062928	-0.0357652054	0.0492168083	-0.0927728926	0.0479176009	-0.118663605	-0.0046040004	-0.0026260976	0.1172880011	-0.0032794663	0.0215423011	-0.2254985056	0.0415878413	-0.0245057352	0.1275130153	0.00845067	-0.0608441881	-0.0019260571	-0.0880803869	0.0672334202	-0.0460991952	-0.0507095017	-0.1096408326	0.0771135973	0.0602083256	-0.0208343123	0.0089878488	0.0226336478	0.101347544	0.0274256963	-0.0429450239	-0.021824715	-0.0080155124	0.0016995748	-0.1273851146	0.0066525914	-0.0070220177	0.0994792142	0.0979222811	0.0953454172	0.0917754626	0.0872496007	0.002069097952372	0.0020557595593117	4.281166336510003e-06	4.226147365701516e-06	-0.091035320170107	-0.0254622941720868	0.0082874295184738	0.0006483284245058	0.016931459051122	-0.0433356019459126	0.0002866743055998	0.0018779743960145	-0.0007339980435717	0.000268005543305	7.182697124220825e-08	5.387531279670832e-07	-2.9053178860927176e-05	-2.883331170844272e-05	8.3135986407622e-10	8.440872019250256e-10	0.0001449895372696	-0.0002940104690339	8.644215590153387e-08	2.1021965917652728e-08	0.0	0.0	0.0	0.0	0.0	0.0	0.0	0.0	0.0	0.0	0.0
304.67770987138584	-0.4182360317714142	92828.50689247236	0.1749213782718994	552.6082565466563	1.880067157745429	305375.88520353514	3.5346525176329777	300.7425058231032	0.394250565442519	90446.05480875928	0.1554335083517459	349.4447440501907	354.091072398124	1.238781	28.768438	0.1259726948601384	0.1084387463174511	-0.0368769312	-0.006366737	0.0726339922	0.0758685222	0.0081965478	-0.0045182354	0.129081126	-0.0119250036	-0.1403380701	-0.0065002111	0.0371274338	-0.0213205621	-0.0084766174	-0.1293222661	-0.0436297254	0.0669765108	-0.0010151014	0.0101640871	0.0253327316	-0.0531476639	0.0711919605	-0.0096371552	0.0416189035	0.127100341	0.0319297389	-0.0227556931	-0.0476840437	0.0721592163	-0.1017711863	0.1651955848	0.0702076163	-0.0463892551	-0.0409018698	0.0355424848	0.1004979315	0.0758998345	-0.0565803979	-0.1449522791	0.1311412754	-0.0102276689	-0.0080286663	-0.069955482	-0.0321548898	0.099432242	-0.0808248472	-0.0178866018	0.1060767766	-0.1310474327	-0.0193428444	-0.0070106076	0.1133470437	0.0027066503	0.0743950001	-0.060830535	-0.0226501272	0.0669223036	-0.0034331186	0.0248574295	-0.0309917489	-0.0133288448	0.08274273	0.0528008356	-0.073904091	-0.0248158361	-0.153505744	-0.0539774678	0.0611024751	-0.0280078455	0.0228985685	0.0142714862	-0.0126545111	-0.0590078981	-0.1023295494	-0.053385566	0.0083999639	0.0603064536	-0.0148786517	0.0005635644	-0.0908275758	0.038554191	0.077990425	0.0855520141	-0.0373757215	-0.126659826	-0.0427198438	0.0697276225	0.0979830997	0.0840172073	0.1085441583	-0.0222737056	-0.0656355699	-0.0535411558	-0.0814328316	0.058211171	0.0161876481	-0.0694737269	-0.0780664061	-0.0887952993	0.0642579364	-0.1686333723	0.0259631271	-0.0342771158	0.1146568436	-0.0070424375	-0.1441751313	-0.0470006242	0.043015655	-0.0443148402	0.0835615075	-0.0686881292	-0.143644052	0.0614804738	0.1094418043	-0.0052732998	-0.0009597711	0.0155379644	-0.0742632024	0.0804056406	-0.003010002	0.0946202314	0.0548903203	-0.0089157908	0.0431417262	0.0680316807	-0.0034284012	-0.0717419795	0.0676717321	0.1163189166	0.0146501409	0.0513388019	-0.1404067355	0.0641629564	-0.1558243832	0.0401891645	-0.0722083266	0.0993068457	0.097236992	0.0938191336	0.0891006524	0.0831469612	1.799282250658507e-05	-0.0020511051298654	3.237416617534743e-10	4.207032253760221e-06	-0.1984203126687163	-0.1073849924986092	0.0393706204795511	0.0115315366139263	0.0215182673742049	0.0045868083230829	0.0004630358307877	2.1038810592702584e-05	-0.0008520033717957	-0.0001180053282239	1.3925257489253964e-08	7.259097455512417e-07	3.291307216168882e-05	6.196625102261599e-05	3.839816265797858e-09	1.083270319120535e-09	0.0002040137361946	5.9024198925e-05	3.4838560587379716e-09	4.162160455607984e-08	0.0	0.0	0.0	0.0	0.0	0.0	0.0	0.0	0.0	0.0	0.0
305.46351038030554	0.7858005089196922	93307.95617385904	0.6174824398184473	548.5959478060405	-4.012308740615822	300957.5139492079	16.098621430022124	300.45162639969334	-0.2908794234098764	90271.1798062209	0.0846108389632621	348.94241018397526	349.1964267689547	1.304856	30.30291	0.0978539652271001	0.0605120660817981	-0.0125585545	0.1146166535	-0.0361494085	0.0599882536	0.0174141314	0.0082873885	-0.0287053881	0.1227013894	-0.0518129675	0.0596458882	-0.0477527471	-0.0509203959	0.0122380461	-0.1708018713	-0.0127201968	0.0250721709	-0.0035615721	-0.0271272302	-0.0862348632	-0.0100396582	0.1084282785	0.001753428	-0.0998053495	0.0370214891	-0.0674002004	0.1757370147	-0.044166536	0.0117385235	-0.0425713338	0.0774387923	-0.0133489718	0.0265836576	-0.1115064659	0.1034137937	0.1173192563	0.0121041898	0.0372605301	-0.1801606755	-0.0271197742	0.0765719138	0.0405944956	-0.0223174767	0.0336743727	-0.0296292755	-0.0096110186	-0.0283052512	0.0040640388	-0.0459082567	0.0784091873	-0.0770727613	-0.0790153104	0.0032462395	-0.0448489707	0.036457843	-0.0976764654	0.0124969167	0.0192795935	0.0418121327	-0.0332333636	0.005331207	-0.0634326499	-0.0078248098	0.1163587958	0.0425206392	0.0540461316	-0.0129282118	0.0215834295	-0.0364181791	0.0726903041	0.0388761214	-0.1294134167	-0.0055047751	-0.1124669602	0.037634995	-0.0717038176	-0.0888582278	0.1130203664	-0.0178221517	0.0241609035	0.067970638	0.0063692925	0.0822672561	-0.0376037176	-0.0225524776	0.0288599758	0.0103865234	-0.1379809251	0.061567657	-0.0111898737	-0.0091298621	-0.0305421676	0.0016288601	-0.0521237945	0.0012903277	0.0098149313	-0.0085841042	0.000515998	-0.10087238	0.0851215903	-0.0732510164	0.1358461415	-0.004073702	-0.0578464098	0.0465458388	0.0475603931	0.0987228738	0.0595384081	-0.0116542949	-0.0231407019	-0.0272630487	-0.0207403913	0.0218883031	0.0924771657	0.0073031881	0.030699275	0.0454744381	-0.0585737942	0.1121509736	-0.0838597364	0.0472115506	-0.1441595366	-0.0899342927	0.011427451	0.0140878816	-0.0299705443	0.0672861525	-0.006006239	0.0397549131	-0.092057685	0.0022013745	-0.0531644768	-0.1036189335	0.0115721583	-0.1055545289	-0.0702430111	0.0991099747	0.0964557418	0.092084548	0.0860742027	0.0785316931	0.0060886593790314	0.0060706665565248	3.707177303386703e-05	3.685299244050885e-05	-0.1452453106681304	0.0531750020005858	0.0210962002710817	0.0028275808377623	0.0006075177243403	-0.0209107496498646	3.690777853876168e-07	0.0004372594509193	-0.0006219905948417	0.0002300127769539	5.290587756209054e-08	3.868723000715318e-07	-8.50651913784084e-05	-0.00011797826354	1.3918870667936632e-08	7.236086784245246e-09	0.000209973636103	5.959899908399984e-06	3.552040691814613e-11	4.408892785831506e-08	0.0	0.0	0.0	0.0	0.0	0.0	0.0	0.0	0.0	0.0	0.0
304.76202037587285	-0.701490004432685	92879.88906358392	0.4920882263189685	554.3227031230927	5.726755317052152	307273.6591976923	32.7957264613851	299.81667828531835	-0.6349481143749927	89890.04057804208	0.4031591079483587	348.6027352431266	356.40988151495407	1.528817	35.503998	0.0765661801412431	0.0419485928615538	0.0046048408	-0.1115732608	-0.008418051	0.0305319721	-0.0994891793	-0.0630614371	0.0898712389	-0.0396357498	0.0771433231	-0.0145073508	-0.0212801411	-0.0175309726	0.1192579311	0.023254392	-0.0079116269	0.0451441739	-0.0985769164	-0.0290524045	0.3000852697	-0.0986871797	-0.02056614	0.0243123201	-0.0721286895	-0.0459767681	-0.0908259453	-0.1510143598	0.0167420314	0.0516275849	0.1439806534	0.0551922397	0.0003008811	0.2106498781	0.0597881859	0.0314499788	0.0207075165	0.0134981017	-0.111473693	-0.0405408584	-0.0577207795	-0.008734343	-0.0068842996	-0.0532626422	0.0079450792	0.048554413	0.0921617526	0.1545701858	-0.0003753909	-0.1484963542	0.0173315759	0.0335299248	-0.0139994035	-0.1438547769	0.0847906185	0.0126492227	0.1360097459	-0.050624017	0.0581325102	0.0356237355	0.0732739105	0.0141981039	-0.0448570554	0.0162825531	0.0432697432	-0.0073762548	0.0756885807	-0.0296855659	0.0580636694	0.0046794937	-0.1724983751	0.0317166743	0.032656993	0.0719882732	0.0521115575	-0.1829942049	-0.1195105416	0.1132009994	-0.1608584392	-0.0815636503	0.0085549796	-0.0178476535	0.0503438693	0.0156981875	0.0497671788	-0.0209787567	0.1019709704	0.0147300894	0.1341436977	0.0216866164	-0.1336892796	-0.1009849116	-0.012344554	0.1057075798	-0.0511806978	-0.0110915114	0.01745516	0.0673717644	0.1032726081	0.0147137117	-0.0390419666	-0.2096584632	0.1959260108	0.0217398183	-0.0780668927	0.0468103522	0.0559861522	0.0302014474	0.0347739934	-0.1846227684	-0.0522878838	-0.0232337412	0.0973169118	0.0554390197	0.0567325103	-0.0132287312	-0.0440107286	0.033980044	-0.0475638777	0.0741123772	0.0803320486	0.0935323179	-0.0177125655	0.0951600127	0.0002886398	0.0407692251	0.0358678293	-0.0082627418	0.0278769514	0.1387823961	0.0089404833	-0.1324298911	0.0028897686	0.2356182805	-0.068798039	-0.0135796375	-0.0639098191	0.0988886499	0.0955793015	0.0901455117	0.0827080574	0.0734322509	-0.0040120303611956	-0.010100689740227	1.60963876191553e-05	0.0001020239332283	-0.1790135087553892	-0.0337681980872588	0.0320458363169158	0.0011402912020603	0.0170575382474922	0.0164500205231519	0.0002909596110646	0.0002706031752121	-0.0006330185804441	-1.1027985602399977e-05	1.2161646644674115e-10	4.0071252318746347e-07	0.0002019421459977	0.0002870073373761	8.237321170772332e-08	4.0780630330156384e-08	0.0001830635232694	-2.6910112833599992e-05	7.241541727170831e-10	3.351225355180615e-08	1.0	0.0	0.0	0.0	0.0	0.0	0.0	0.0	0.0	0.0	0.0
304.9659595054664	0.2039391295935502	93004.23645708978	0.0415911685793748	548.7716512838999	-5.551051839192724	301150.3252528583	30.81417652140492	299.87632486185623	0.0596465765378866	89925.81021265354	0.0035577140926899	348.52414076811533	350.75859500349856	1.203924	27.958946	0.0481991146284508	0.0259898267489414	0.0318351514	-0.0248001129	-0.0665108365	0.0926779458	0.1010843352	-0.0688708468	0.0285773334	0.0308103203	-0.0281837432	0.0159858613	0.1043991217	-0.0046586599	-0.0338401672	-0.1064605998	0.019866451	0.0181459033	-0.1157005324	-0.0512199373	0.0784697311	0.0332951171	0.0534889988	0.0337134779	-0.0113366146	-0.0355794489	0.0536806183	-0.0648511697	0.0271491253	-0.0387563451	-0.0505944257	0.0519568213	0.0674673491	-0.066313838	0.059374946	0.0644740471	0.0265501237	0.036549351	0.0082764781	-0.0912802763	0.0305621319	0.0796488842	0.0568288035	0.0801141912	0.0569746492	0.0719881192	0.0871363047	0.0620618206	0.0715256492	-0.0693858623	-0.0446332524	0.0186574942	-0.0089208131	-0.0439125138	0.0177407741	-0.0206594375	-0.108044543	0.0760072553	0.1237459889	-0.1254319607	-0.0079176757	0.0040152259	-0.0866553227	-0.0972887077	-0.0443535333	-0.0672605598	-0.0330068214	0.0215112768	0.0096741355	-0.1331289868	0.0016736766	0.0802777316	-0.0796627884	-0.0334350276	-0.063615407	-0.0532880074	-0.0773032924	0.0943261161	-0.0597937309	-0.0324805017	-0.0437639349	-0.1018190112	0.0839780593	-0.0129638382	-0.0741260418	-0.0865581736	0.0411223411	-0.070282023	-0.0128326587	-0.0364555204	0.0775178378	-0.0437180376	-0.119384448	-0.0261318845	-0.0121766162	0.0314078611	-0.0082751347	-0.0662802173	0.0862632692	0.0239753054	0.0042869706	-0.0898525092	-0.0145940345	0.0862186886	-0.1238857793	0.0327270049	0.0091744525	-0.1159441732	-0.0020642406	-0.0213440688	0.0299716611	0.0168574158	0.0836281546	0.045560095	0.0284980503	-0.0082748418	0.0243929416	0.1204440626	-0.0415903324	0.1099040662	-0.085447513	0.074761725	0.0340498355	0.0374158947	0.0075932006	0.0093880406	0.0522402582	0.027902331	-0.1666691368	0.1446850313	-0.0520337389	-0.0945901691	-0.0218428733	0.09348689	-0.0464043475	0.0668025412	-0.0836319491	0.0986429257	0.0946085359	0.0880063298	0.0790155012	0.0678800746	1.6007818246066563e-05	0.0040280381794416	2.5625024499910155e-10	1.6225091575039738e-05	-0.1789122507788079	0.0001012579765813	0.032009593478739	1.0253177821340985e-08	0.0009378108852118	-0.0161197273622804	8.794892564217399e-07	0.0002598456102342	-0.0010090010193787	-0.0003759824389346	1.413627943872103e-07	1.018083057107256e-06	0.0002019999245084	5.77785107000006e-08	3.338356298710084e-15	4.08039695013993e-08	1.0191851174991273e-07	-0.0001829616047576	3.3474948815494566e-08	1.03873830373171e-14	0.0	0.0	0.0	0.0	0.0	0.0	0.0	0.0	0.0	0.0	0.0
305.46062748492	0.4946679794535953	93306.19494348108	0.2446964098967025	551.9594730059306	3.1878217220306624	304659.2598409846	10.16220733145054	299.85552667328443	-0.0207981885718027	89913.3368765128	0.0004325646478682	348.336206827518	356.83119914651775	1.209726	28.093687	0.1034579458991815	0.0593748211379388	-0.0505872708	0.0333611637	-0.028500702	0.0025321406	-0.0307830429	0.0490492147	0.0514647289	0.0311229264	0.0370455087	0.0691186356	-0.0375995759	-0.0770721591	-0.0806280542	0.0017414024	-0.0575628827	-0.0048736756	-0.1037867412	-0.0519058047	0.1169898006	0.0895315505	0.0247552348	-0.0027561984	-0.0500839061	0.0123795878	0.0515542001	-0.0572437661	-0.1498043729	0.0231172247	-0.0163887053	-0.1070235123	-0.0195536442	-0.0812973835	-0.0610388859	-0.0236167247	-0.0207490962	-0.1953514019	-0.0951233944	-0.0234179836	-0.1452442572	-0.0610847567	0.115835339	0.1493658468	0.0380459965	0.0101982041	-0.0115882398	0.0469844816	-0.0399942803	0.1632130815	0.0103078826	0.1070182196	0.0236694353	0.0801747638	-0.1810980786	0.1100241353	-0.0231569173	-0.0204945078	-0.0678676403	-0.0303687536	0.0216797113	-0.0239796325	0.0002205828	0.0473655638	0.1177602622	0.0372725557	-0.035611253	-0.0577602851	0.003998029	-0.0637627241	-0.0550769177	0.0102313128	0.0552994071	0.153262705	-0.017398298	-0.0440244611	-0.1153297745	0.0190866181	0.0156953349	0.0154053488	-0.0920908936	-0.0580237386	0.1739610448	0.0148878144	0.0184934897	0.0710834296	0.0420699177	-0.0211875958	-0.087166726	-0.0121449167	-0.0327052975	0.0203527295	0.0307623958	-0.2081660234	0.0714535288	-0.0129063613	-0.0311066934	0.1019720916	-0.0179942766	0.0458118468	0.0161460664	0.0243887145	-0.113437877	-0.0222976321	-0.0325719292	0.1036178801	0.0172859099	0.1193625124	0.0701404215	0.1556824284	0.1352830299	0.0086483269	0.1398578461	0.0353655177	0.0207438433	-0.0862470633	-0.0163503483	0.048657922	0.0887685223	0.0275622576	0.0716207416	0.0946694829	-0.0799243577	0.0106335293	-0.0961660131	-0.0362643159	0.1169050923	-0.0138855054	-0.1288841123	-0.0439839115	0.0605730632	-0.2051848956	0.0533455959	0.0291142804	0.0489768807	0.0239663181	-0.0945352398	0.0983728629	0.0935444031	0.0856717519	0.075011107	0.0619093949	-0.0075533150140785	-0.0075693228323245	5.705256770190369e-05	5.729464813995e-05	-0.1589350851874797	0.0199771655913282	0.0252603613035514	0.0003990871450633	0.0479568134971231	0.0470190026119113	0.0022998559607978	0.0022107866066189	-0.0010090594750388	-5.8455660099975347e-08	3.4170641977238487e-15	1.0182010241655788e-06	0.0002012090504373	-7.908740711000015e-07	6.254817963382902e-13	4.0485081977879934e-08	0.0005771016860529	0.0005769997675411	3.329287317425413e-07	3.330463560451e-07	0.0	0.0	0.0	0.0	0.0	0.0	0.0	0.0	0.0	0.0	0.0
304.6806779409747	-0.7799495439452926	92830.31551057196	0.6083212911004698	546.006959136327	-5.952513869603536	298123.59942529874	35.43242136782246	300.02590315522326	0.1703764819388311	90015.54256410741	0.0290281455978528	347.6465024888679	350.2050087894467	1.1235	26.091238	0.0530931080353753	0.0331964918398503	0.0094085196	0.0916592497	0.0422895946	0.0950013308	0.0512859139	0.0573671029	0.0413204874	-0.0418744898	0.0077459441	-0.0789556504	-0.0515518131	-0.2071489586	-0.0190337215	0.0400183072	-0.0080570507	0.0302393293	-0.1006584043	-0.0647440247	0.0764599484	0.0879836782	0.0155199908	-0.029002314	-0.0578745475	-0.0011819686	0.0733475671	-0.0420497081	-0.1168023008	-0.0812414552	-0.0593330348	0.0322144822	0.0625578238	-0.0179702965	0.0240319814	0.0712982835	0.0185240778	0.042998509	0.0080855358	0.0634944704	-0.0233238518	-0.0190375312	0.0232121406	0.0075019067	0.069097563	0.0208812336	0.0783965777	0.0041129608	0.0660623172	-0.0193909777	0.0404865991	-0.0506380795	0.018827565	0.0410685881	0.0924643538	0.1488516539	0.0175888763	0.059416548	0.0857111327	-0.104333422	0.0485885321	-0.0766159279	-0.0578214239	-0.0943484848	0.0139289377	0.0112958865	-0.1391544077	-0.0065977963	0.0043470372	-0.1120028064	-0.0412305924	0.0078285372	0.1249189512	0.1138955432	-0.0987657126	-0.0157850217	-0.0615388997	0.0156908841	0.0300572941	0.0185832045	-0.0009414643	0.0049987954	0.0524374059	0.0540594981	0.027434956	-0.1171031307	0.0937490883	0.0234331213	0.0586824505	0.0656265412	0.0353426064	0.0355158454	-0.0626871293	-0.0016829877	0.0212971574	-0.0452084855	0.0343550236	-0.0755951659	-0.0243606399	0.0357984723	0.0154261124	-0.0537542735	-0.0669614725	-0.0050572763	0.0805087325	0.0014757265	0.1465663832	-0.0030025895	0.0701084043	-0.105921343	-0.0187659738	0.0013102289	0.0244879659	0.0566228843	-0.0128208829	-0.103679765	-0.0675984324	0.0829591837	0.0892361724	0.0331452534	0.0661635546	0.1335228819	-0.0256340984	-0.0932735037	-0.0814690623	-0.0219706894	0.0933430033	0.0639949703	-0.1140714433	0.0117453058	0.0224871278	-0.1997274454	0.0930656301	-0.0005767114	-0.0507617411	-0.0211970371	-0.004116135	0.098078528	0.0923879533	0.0831469612	0.0707106781	0.0555570233	7.793094162877878e-05	0.0076312459557072	6.073231663148125e-09	5.8235914836498704e-05	-0.1874142752550369	-0.0284791900675571	0.0351241105693707	0.000811064266904	0.063038309083609	0.0150814955864858	0.0039738284121206	0.0002274515091251	-0.0010090554777707	3.9972681000702975e-09	1.597815226383961e-17	1.0181929572190557e-06	0.0002012281844641	1.9134026799994597e-08	3.6611098158291135e-16	4.049278222271785e-08	0.0005391012888353	-3.8000397217600014e-05	1.444030188695383e-09	2.906301996238816e-07	0.0	0.0	0.0	0.0	0.0	0.0	0.0	0.0	0.0	0.0	0.0
305.14228817647364	0.461610235498938	93111.81603357408	0.213084009517385	547.8350534280141	1.82809429168708	300123.2457644751	3.3419287392988863	300.0423148621395	0.0164117069162443	90025.39070783126	0.0002693441239047	348.4371400527364	351.572899080352	1.137332	26.412451	0.1746452281729576	0.0914905110649295	0.0546569081	0.0373412401	0.0644663	0.038530667	0.0238463852	0.0207610608	-0.0033685924	-0.0679337171	0.0689177136	0.0027183497	-0.1266846057	-0.0501561619	-0.0433651283	0.061166001	0.0239653789	-0.0265622068	-0.1068596327	0.0042333309	-0.0054171172	0.0386947892	0.0371759354	-0.011335099	0.000257857	0.1208934416	-0.0244484289	-0.0228520046	-0.1296027052	0.0067892894	-0.0184835835	-0.03223605	0.1063653339	-0.0455944728	-0.0380334579	-0.0063815443	-0.1129271717	-0.1046185136	0.0076871178	-0.0298867525	-0.0392069312	0.0235631715	-0.0867696497	0.0157069571	0.0182213006	-0.1203244184	0.0417395516	-0.0325184778	-0.025866336	0.0612351822	0.1001399116	-0.0075543128	0.0257290476	-0.0946368987	0.0523240013	0.0558718244	-0.041031897	-0.0165266493	-0.1049621062	0.1345697823	-0.0993614661	0.0658594579	-0.0320475562	0.0316360664	0.0488367552	0.0229713205	0.0613033571	0.0260732182	-0.0260068287	-0.0544661382	-0.0362261434	0.0615622624	0.0910376764	0.0120983342	0.0115519542	0.0333774311	-0.0784963021	-0.0337033711	0.0347239484	0.0238726057	-0.056910152	0.0832110001	0.1171583116	-0.0358863147	-0.0566678995	0.0891396424	0.0421660901	0.0874743822	-0.0389581472	-0.0359792723	0.1049012358	0.1276175272	-0.1625267537	0.0230172592	0.0214826116	-0.0125526345	0.0678647428	0.0418051805	0.0002951355	0.037559273	0.0098944679	0.1567323824	0.0467479061	-0.0336145408	-0.0529213166	0.0548450315	-0.0127055185	0.0102975273	6.02704e-05	0.1187874567	-0.0106004327	0.0488979919	0.0203764691	0.0162005483	-0.0640887191	-0.053886721	0.0371145661	0.0829931971	0.0368823147	0.0578473726	0.0251650667	0.0273714809	-0.0315961562	-0.0469602719	-0.0306222482	-0.0120222816	0.1562298275	0.0051520769	-0.0396355986	0.0025746024	-0.0583750754	-0.0596910541	0.0565379968	0.0535729435	0.0680736908	0.0122855108	-0.0294546859	0.0977599938	0.0911403277	0.0804375635	0.0661311865	0.0488621241	3.329526757056556e-05	-4.463567405821322e-05	1.1085748425955551e-09	1.9923433986310484e-09	-0.1289054026346576	0.0585088726203792	0.0166166028284031	0.0034232881753077	0.0082655924778123	-0.0547727166057967	6.832001900926729e-05	0.0030000504843789	-0.0005029998528838	0.0005060556248869	2.560922954796708e-07	2.530088520011245e-07	1.9999994195663007e-05	-0.0001812281902684	3.28436569479728e-08	3.9999976782655396e-10	5.0385361677167395e-09	-0.0005390962502991	2.906247670865847e-07	2.538684671338969e-17	0.0	0.0	0.0	0.0	0.0	0.0	0.0	0.0	0.0	0.0	0.0
304.24425470084867	-0.8980334756249704	92564.56651847488	0.8064641233430643	545.672035741806	-2.16301768620815	297757.9705906068	4.678645510849258	299.7600648312511	-0.2822500308884059	89856.09646763586	0.0796650799365061	347.3423569973375	347.108947397136	1.026928	23.848526	0.0834025849664964	0.0390531424486026	0.0282164737	0.1041488773	0.0701381712	0.084814	-0.0032180014	0.0550919203	-0.0201390906	-0.0515392043	0.0046610165	-0.0796033539	-0.149972387	-0.1756664921	-0.0400646216	0.128101527	0.0141347876	-0.0068977372	-0.1071977877	-0.0395354315	0.0495178597	-0.0007841246	0.005256651	-0.0273872049	0.0107585155	0.0784122422	0.0361198171	0.0014064023	-0.1967784292	-0.0515883291	-0.0746091774	0.0433770338	0.0362881032	-0.0942029843	-0.0099084755	-0.0742647125	-0.0294793074	0.0664402748	0.0089476567	0.1276338928	-0.0381830988	-0.0126420128	0.0115677251	-0.0414407701	0.0321284064	0.0332441349	-0.0413049849	-0.1284283544	-0.023583308	-0.1067698242	0.0972139623	0.1393977657	0.0315048999	-0.0526194217	-0.0531268247	0.1358716817	-0.0092895478	0.1491585247	-0.0099150275	0.1295359914	-0.1273974763	-0.1269776876	0.0445638225	-0.0426873017	0.0061424254	0.033540291	0.0263523862	0.0136454473	-0.0171706058	-0.0504331903	-0.06572768	0.0440766466	0.1053856673	0.1425373495	-0.0689721582	-0.0110152103	-0.035453872	-0.0878452333	0.0631197299	0.0491242455	0.0115525805	0.0672080908	0.007218552	0.0132926866	0.0015026928	-0.0429075124	0.0563871008	0.0587792628	0.0655164993	0.0592251737	0.2001249735	0.0714024998	-0.10905942	0.0044067166	0.1125340726	0.0249450988	0.0034123293	-0.0065972932	0.036407226	-0.0703421592	-0.0096290012	-0.0258290624	-0.0571756027	-0.060739978	0.1862393242	0.0253940188	0.0306627393	0.1136946003	-0.0627240177	0.0486124931	-0.1253280117	0.1057755568	0.0827367079	0.0131362915	-0.0665534668	-0.1073109839	-0.0440896365	0.0753497485	0.0856031274	-0.025808463	0.0486553938	0.0527074445	-0.0021863414	-0.1140837853	-0.0237642401	-0.0335260785	0.0672497827	0.0488467641	-0.0438001247	-0.0775808263	-0.0067144543	-0.0986969621	0.02282467	-0.0108535012	-0.0168277149	0.0253336409	0.0246226306	0.0974173387	0.0898027576	0.0775495743	0.0612907054	0.0418659738	-0.0172453951623197	-0.0172786904298902	0.0002974036543045	0.0002985531429719	-0.1251930004219588	0.0037124022126988	0.0156732873546525	1.3781930188850994e-05	0.0349781319567412	0.0267125394789289	0.0012234697151832	0.0007135597654133	-0.0006790360715846	-0.0001760362187007	3.0988750294475875e-08	4.61089986513046e-07	0.0002018792379616	0.0001818792437659	3.3080059312869133e-08	4.075522671995632e-08	0.000356068632969	0.0003560635944328	1.2678128328042846e-07	1.2678487138441242e-07	0.0	0.0	0.0	0.0	0.0	0.0	0.0	0.0	0.0	0.0	0.0
305.60534298449284	1.361088283644165	93394.62566066952	1.852561315873418	546.8352731704712	1.163237428665184	299028.81598342385	1.3531213154475887	300.51109354040847	0.7510287091573673	90306.91734085212	0.5640441219785814	348.5754986013804	350.27377670771784	1.235752	28.698095	0.061407308056157	0.0293488498988649	0.069290965	0.0076440428	-0.0912459169	0.0689562121	0.1591115061	-0.046726433	-0.0910604775	0.0358460329	0.0367668335	0.0087826023	-0.0415530225	-0.0170647808	0.0768216415	0.1489850497	0.0635960521	-0.0001100513	-0.0421303251	-0.0025137103	-0.0050521942	0.0871274579	-0.0131524463	0.0599239082	-0.0243123765	-0.0522652289	0.08779997	0.0385091894	0.021299819	0.0739660455	0.1210529946	0.0315633297	-0.127217153	-0.0487343379	-0.0398124324	0.0474101754	-0.0205530902	-0.0326609487	-0.0028567518	0.0153941085	0.0276846016	0.0430978053	-0.0364084233	-0.0498216997	0.0415540423	-0.035430137	0.0354958611	-0.1014316806	-0.0171675632	-0.1383798584	-0.0216699665	0.0328858619	0.052390627	-1.82521e-05	-0.0057563072	-0.0125964953	-0.1559074368	-0.0274079124	-0.0471797969	0.0019304715	-0.0447323495	-0.080784419	0.1096579668	0.0404593721	-0.0267825322	-0.1940514876	-0.045017793	0.0791687875	-0.0331658708	-0.1252176897	0.0502049445	0.0055331097	-0.0592459926	0.0123791403	0.0960838881	0.0280814088	-0.0146301151	-0.000136913	-0.1002750024	0.0368019889	0.0540953516	0.1226708825	-0.0358565659	-0.0657985933	-0.061630945	-0.0399421148	-0.0739616862	0.0186469309	-0.1424321752	0.0288081428	0.0660843053	-0.007548354	-0.0887113933	-0.0342916646	0.0485861026	-0.1541202375	0.0222280604	-0.0221560523	0.0684693493	-0.0290967377	-0.0580476149	-0.1015107452	-0.0430277764	-0.0312669237	0.1291768272	-0.0290936283	-0.1430795508	0.0403462874	0.0319846399	0.0281527738	0.0598954658	0.1366409904	0.045421395	0.0086802426	-0.0767268738	-0.0954043497	0.0205418964	0.0627722144	0.115639209	0.0235469074	-0.0807588464	0.0023451406	0.0670069921	0.056240685	-0.0319190337	0.0524739726	0.0708690576	0.0276053278	-0.0263538348	-0.0159769324	-0.1257810955	-0.0715616515	-0.0153644792	-0.0740366848	0.0097439297	0.079208779	0.0682551292	0.0970506473	0.088376563	0.0744894057	0.0562083378	0.0346117057	-0.0062078806611509	0.0110375145011688	3.853778230309134e-05	0.0001218267263635	-0.1075044272578225	0.0176885731641363	0.0115572018800324	0.000312885620583	0.0237531732799993	-0.0112249586767419	0.0005642132408696	0.0001259996972945	-0.0004200188502898	0.0002590172212947	6.708992092727935e-08	1.7641583459876546e-07	0.0002019608738046	8.163584299999819e-08	6.6644108623203535e-15	4.0788194547917566e-08	0.0001860422558246	-0.0001700263771443	2.8908968924849742e-08	3.4611720952305924e-08	0.0	0.0	0.0	0.0	0.0	0.0	0.0	0.0	0.0	0.0	0.0
306.1519417211583	0.5465987366654872	93729.01141963551	0.2987701789243066	546.5178108851115	-0.3174622853596247	298681.71761465457	0.1007823026257558	300.9961965000896	0.4851029596811145	90598.71030752054	0.235324881491377	348.77807519228435	357.81200967555424	1.210523	28.11219	0.0744097595870632	0.0391559543819667	0.0445362976	0.0212835834	-0.0517908015	-0.063030882	0.0519897261	0.0774447586	-0.0540870283	0.0189689064	0.1090505324	0.0617470122	0.0231128747	-0.0150657037	-0.1483726083	0.1090301015	0.0322066792	0.0393280335	0.0100899608	0.0742630282	0.0657458354	0.0482840724	-0.0293411588	7.72649e-05	-0.1061567414	-0.0825416398	-0.0168926366	-0.0223490637	-0.0386367781	-0.0039646363	0.1146027297	0.0769190103	-0.038458901	0.0318283781	0.040753573	-0.0050467284	-0.1374962491	-0.1969875891	0.0507541329	0.0415766007	0.0780660381	0.0200113803	-0.0451076475	0.0312058506	0.0097193101	-0.0640171798	0.00919315	-0.0360265157	0.0586501345	0.1890628095	-0.0242546902	-0.0745597196	-0.1244478523	-0.1211473347	0.0243878491	-0.0085243335	0.014442736	-0.0455782468	0.090804957	0.0828603789	0.0505934155	-0.0593036003	-0.0468924038	-0.0845934992	-0.1051088714	0.0100964462	-0.0400280718	0.0379091299	0.0197569908	-0.0155619809	0.068527252	0.0065680232	0.0564919136	0.0962825685	0.0934024605	-0.0093681782	-0.0427306158	-0.0397756281	-0.1599146162	0.006713371	0.0359652476	0.109532362	0.0192715565	0.0484198069	-0.0330962831	0.0107990101	0.0405962246	-0.1345469156	-0.066846886	-0.122618485	-0.0091659268	-0.0075642964	-0.0113144871	0.0865513611	0.0310960527	-0.1153695738	0.1568687123	0.1145658594	0.085793082	0.068050794	0.130113754	0.2094243647	-0.0265677103	0.0268969687	-0.1212494304	0.0037329809	-0.0196412742	-0.0824514381	0.0298801047	-0.0101542675	-0.0321395253	-0.0184339397	-0.0474210479	0.0159698341	-0.1062623185	-0.04492619	-0.0340596803	0.0582507137	0.1013446058	-0.107433002	0.043957813	0.0261119918	0.0440996977	0.0621674995	-0.1125347404	0.0534985134	0.0300507563	0.024400401	-0.0938934129	-0.0585024041	0.0372779936	-0.0219940536	0.0909637774	-0.1303085954	0.0041512238	0.0283977498	0.0240788836	0.0966600102	0.0868631514	0.0712638519	0.0509041416	0.027144045	-0.0172937801404202	-0.0110858994792693	0.0002990748315451	0.0001228971672644	-0.124949902989556	-0.0174454757317334	0.0156124782570994	0.0003043446235065	0.0083000530656889	-0.0154531202143104	6.889088089325172e-05	0.0002387989243579	0.0001739827243133	0.0005940015746031	3.528378706309623e-07	3.0269988359477754e-08	0.0001915160700469	-1.0444803757699988e-05	1.0909392553686377e-10	3.6678405086209114e-08	0.0001819833509504	-4.058904874200018e-06	1.6474708777804666e-11	3.3117940023136453e-08	0.0	0.0	0.0	0.0	0.0	0.0	0.0	0.0	0.0	0.0	0.0
305.560590034228	-0.5913516869302953	93367.27418206558	0.3496968176353059	546.9786419868469	0.4608311017353799	299185.63478977524	0.212365304326644	300.8549469813605	-0.1412495187290687	90513.69912315725	0.0199514265411935	349.01104357236045	352.70309041249664	1.155347	26.830837	0.067427183740033	0.0507763917658223	0.0535118955	-0.0652379419	-0.079109893	-0.0007834338	0.005689218	-0.0587328051	-0.0676217042	-0.0194534146	0.1170122156	0.0258403174	0.0708021766	-0.0559161256	-0.0868332354	0.1801058856	0.0433576427	0.0562823516	-0.0229060477	0.0680169409	-0.0013551575	-0.0009558856	-0.0894204084	0.0307986745	-0.0198968923	0.0159097853	-0.0491527915	0.0357451216	0.0007029611	0.1741621552	0.1168408718	-0.0556911193	-0.0336218686	0.0016018468	0.0104388625	-0.123461188	0.0247915512	-0.026415802	0.030428589	-0.0306676049	0.0361403209	-0.0115990238	0.0099259658	0.0490904123	0.1543676221	0.0012924544	0.1346015282	-0.1051355787	-0.0893270445	0.0488633576	-0.0272608038	-0.050292727	-0.0726511386	0.0515483297	-0.0328360311	-0.0598785917	0.0048610401	-0.0719826414	-0.0123936486	0.0210657849	-0.15812048	0.0789234936	0.0447056658	0.0040537237	0.0789110636	0.039641394	-0.017183793	0.044137329	0.0594908357	-0.0080516543	0.0081075624	0.0169103692	0.0341298104	0.040301872	0.1573258451	0.0047053746	0.060578199	-0.0269983767	-0.0535298454	-0.0342440688	-0.0552393692	-0.0143671764	-0.0431242792	0.0778192368	-0.1123465132	0.0335849707	-0.0013662515	0.093831195	-0.1284165043	-0.1639433081	0.0567765304	-0.0248904129	-0.0043437129	0.0660877213	-0.077442285	-0.061019401	0.0018259161	0.057887437	0.1008212312	0.1233547838	-0.0054211229	0.0207481964	0.017144313	-0.0034817005	0.1314689834	0.0038794014	-0.0080821091	0.1257435157	-0.0181680242	0.0207789543	0.0373620109	0.0238436887	-0.1760560729	0.0614338402	-0.103761376	-0.0477634983	0.0584758636	0.0464419265	0.0934410571	-0.0816023827	0.0449454441	0.0533755766	0.1246548429	0.1232154957	-0.1080567827	0.0848920882	-0.0463573239	-0.0149113431	-0.0399310179	0.006520924	-0.0322714575	0.0481616122	0.0977412549	0.0096397483	0.0661595918	0.0329544197	-0.0274727002	0.0962455236	0.0852640164	0.0678800746	0.04539905	0.0195090322	-0.0100946722330093	0.0071991079074109	0.0001019024074918	5.182715466254617e-05	-0.1738809644099177	-0.0489310614203617	0.030234589784123	0.0023942487717232	0.0083238369891134	2.3783923424499503e-05	6.928626222133243e-05	5.656750134624562e-10	0.0001409998991196	-3.29828251937e-05	1.087866757758171e-09	1.9880971551737375e-08	0.0002020002608396	1.0484190792700002e-05	1.0991825657773548e-10	4.080410537926644e-08	-1.4242839919441429e-08	-0.0001819975937903	3.3123124145466114e-08	2.0285848897083432e-16	0.0	0.0	0.0	0.0	0.0	0.0	0.0	0.0	0.0	0.0	0.0
305.93382240071867	0.3732323664906403	93595.50368871448	0.1393023993962036	546.1968391418457	-0.7818028450012662	298330.98708854325	0.6112156884520739	300.28157691551814	-0.5733700658423686	90169.02543487024	0.3287532324040821	348.0738801178686	355.3345305490837	1.201117	27.893763	0.1906902703327357	0.1685056143803197	0.0894656763	0.0126957661	-0.0182888943	-0.0294085442	0.0281139356	0.0750150779	-0.1286232661	0.0057247654	0.0131744236	-0.0249759995	0.0729885678	-0.0152226928	-0.147309781	0.0773728826	0.0680005913	-0.0721790984	0.00841627	0.0820479941	0.0509960917	-0.0284644339	-0.0747548252	-0.0366804854	-0.0580805657	0.0678733469	-0.0415349063	0.1475256337	-0.0011121031	0.1717580862	0.0936949639	-0.0660666233	-0.0509558922	0.0411887886	0.0900261493	-0.0114394503	-0.0818941192	0.000143469	-0.0419525399	-0.0194205066	-0.0289013538	-0.1335661153	-0.1040929545	0.0214611687	-0.027155755	-0.0730553583	0.0972458361	-0.0373361203	-0.0865521302	-0.0203465283	-0.0011996224	-0.1021421792	0.0159374456	-0.1343604988	-0.0665427177	0.0458823531	-0.0047080294	-0.0047218819	0.0191480507	-0.0137469644	-0.1644017244	-0.0260818291	-0.0747548404	-0.0641832048	0.1014368983	0.0570252867	-0.0896686759	0.0759150135	-0.0611181008	0.049003721	0.0481036114	0.0292902057	0.0184815491	0.0621780858	0.0479931724	-0.0465215298	0.0708816917	-0.0293564566	-0.0869116721	-0.0583869288	-0.04223934	0.0527326912	-0.0514250441	0.1147879731	-0.1622246379	0.075333156	-0.0190365534	0.0211243627	-0.1418570667	0.0031687963	-0.0123953606	-0.0092917456	0.0996939304	0.0959497911	0.0428429983	-0.0385934586	0.1477840145	0.0974995898	0.0035002696	0.0712281103	-0.0876208604	0.0606387097	0.1295576556	-0.0381113485	0.0073948768	-0.1224706384	0.0757683998	0.0730411485	0.0193448571	0.0363799189	-0.0722643188	0.0142927745	0.0902000046	-0.0619609926	-0.1125917907	-0.0648927121	0.0596803709	0.0425064655	0.0936695383	-0.073408561	0.0610387343	-0.0543157663	-0.0294044769	0.0086052366	0.0204459233	0.0946591949	0.0399599337	-0.0136903226	-0.02629162	-0.0548141923	-0.0849887803	0.0093071309	0.0581911037	-0.058856628	-0.0053778967	0.0159003381	0.1315830011	0.0958072899	0.0835807361	0.0643455865	0.0397147891	0.0117537397	-0.0043989101213099	0.0056957621116994	1.935041025536268e-05	3.2441706033070404e-05	-0.0049413134179303	0.1689396509919874	2.441657829421802e-05	0.0285406056772945	0.0029182903127349	-0.0054055466763785	8.51641834940236e-06	2.9219934870506647e-05	4.600439639202593e-05	-9.499550272757408e-05	9.024145538464532e-09	2.116404487394648e-09	0.0001449986209862	-5.700163985339999e-05	3.2491869459767183e-09	2.102460008789968e-08	-6.100331131235383e-05	-6.098906847243439e-05	3.719666473135289e-09	3.7214039910719564e-09	0.0	0.0	0.0	0.0	0.0	0.0	0.0	0.0	0.0	0.0	0.0
304.2426489802771	-1.6911734204415438	92563.58945853612	2.860067538007951	548.0796258449554	1.882786703109787	300391.27626634634	3.54488576940702	299.63502635828706	-0.6465505572310803	89781.14902073138	0.4180276230558205	347.3881063240182	352.9497154470828	1.239936	28.795244	0.0338842587265719	0.0146119704731653	0.0716411674	0.045289771	0.069268973	0.035999479	-0.0420729108	0.0390248756	-0.087403452	-0.1371264072	0.0126973386	-0.1366975954	0.0019581602	-0.0748383292	0.0287065156	0.2312379459	0.0531081064	-0.0798595363	-0.0549453068	0.0257299897	-0.002171156	-0.0466147962	-0.0583226935	-0.0461537744	0.0287540685	-0.0183477515	0.0118314858	0.1519037201	0.0540346055	0.0459469253	-0.031192993	-0.0179012965	0.0308344355	0.0468370166	-0.1080169251	-0.0592663244	-0.0532583029	0.0367710536	-0.0505636884	0.0684761376	0.1645622771	-0.0522976979	-0.0473591798	-0.0223893504	-0.146038661	-0.0796403952	-0.028863768	-0.0175663077	0.014735155	0.0460720494	0.0152817854	-0.0759836486	-0.0214632156	0.0263253434	0.1455480856	0.0565293572	0.0165546931	0.2284718678	0.0043177695	-0.0264313678	-0.0378896952	-0.0304573797	-0.1079795876	0.0110109738	0.001470359	0.1304802381	0.0311005876	0.0561119191	-0.0580210589	0.0813818222	-0.0709856972	0.0531515349	0.1437238254	0.097344976	-0.0358236091	0.0442736828	0.0627574101	-0.0551124351	0.0162112031	-0.0190340121	0.0157888191	0.0186289061	-0.1180347878	0.0266526102	-0.0331863129	0.1155216971	-0.1469508036	0.1150833124	-0.0711593808	0.0020101658	-0.0045598992	0.0537605308	0.0124658514	0.1956624438	-0.031510069	-0.0318539307	0.064791904	0.0167482141	-0.0199098672	-0.1157192613	-0.0968120751	0.0294171081	0.0229259663	-0.0219355326	-0.0812112455	-0.0005219224	0.0078017873	0.0173473664	0.0171048074	0.0008185194	-0.0414192504	0.083523532	-0.1331818756	-0.0612327944	-0.127131698	-0.0696446172	-0.020023554	0.06889537	0.0626425162	-0.0583415669	0.10097604	-0.1026326424	-0.0303608292	-0.0471755106	-0.0383608232	0.0213836529	0.0699291697	-0.0031762464	0.084714039	-0.0622479296	-0.0141413127	0.1071276204	0.0565777504	-0.0263111968	0.0311961517	0.0852589355	0.1332170233	0.0953454172	0.0818149717	0.0606682351	0.033873792	0.0039259816	-0.0110329725728917	-0.0066340624515817	0.0001217264837941	4.401078461148752e-05	-0.013070982118819	-0.0081296687008887	0.0001708505735504	6.609151318620938e-05	-0.0062025961134395	-0.0091208864261744	3.84721985464548e-05	8.319056919917241e-05	0.0001220003001408	7.599590374877407e-05	5.7753773865929325e-09	1.4884073234445284e-08	8.20000043304514e-05	-6.299861665574861e-05	3.968825700537966e-09	6.724000710194049e-09	-5.008758335362961e-09	6.099830255401847e-05	3.7207929144715757e-09	2.5087660062067937e-17	0.0	0.0	0.0	0.0	0.0	0.0	0.0	0.0	0.0	0.0	0.0
304.46740915294725	0.2247601726701305	92700.4032363082	0.0505171352187068	543.5918871561686	-4.487738688786862	295492.1397820047	20.139798538834427	299.6574960497023	0.0224696914152104	89794.61493877733	0.0005048870322947	347.2108407963306	346.88991887758107	1.28189	29.769556	0.0351568545117263	0.0199041010335356	0.09998409	-0.0791470659	0.180429165	0.1151880623	0.088426153	-0.0254443718	-0.1043995711	-0.1705762734	0.0764146435	-0.1200898246	-0.1137956463	0.0579824216	-0.0138331599	-0.0746907664	0.0840811742	-0.1077036727	-0.0587655828	-0.0109319595	0.0083020596	-0.0561887694	-0.0539880918	0.0236988097	0.0661711293	-0.027839949	0.0729456437	0.0908524407	-0.0095745368	0.0567271248	-0.0147112839	0.0505458023	-0.013145471	0.1305586724	-0.0223479477	0.1734110148	0.0005265789	0.1089767741	0.2221691988	0.1333008299	-0.0514497846	-0.0244669623	-0.0934041582	0.0206982135	0.0036534618	-0.0727312098	-0.0145254457	-0.0917510416	0.0188772883	-0.0756477084	-0.0152581602	0.0620349559	0.0708541557	-0.0074340544	0.0451565331	-0.0456263466	0.0395567308	0.0265855532	-0.0799393458	-0.0693974515	-0.0108472982	-0.0752410725	0.05309312	0.0185675779	0.0546136786	0.044322351	0.0737673402	0.0942096265	-0.1192931828	-0.0197147077	-0.0749227892	0.0418812782	0.0980438934	-0.0924676186	-0.0250304232	-0.0736806129	0.0698957799	-0.0420360277	-0.0442304441	0.0195338106	0.1650382507	0.1350289107	-0.1131551985	0.0746805317	0.0168994075	-0.0065804973	-0.0664863941	-0.0198280651	-0.0748143931	-0.0658851758	-0.1295825208	-0.0595391156	-0.0633842483	-0.015295677	0.1005742443	-0.0172546341	-0.0444100315	-0.0653078502	-0.1572535819	0.0090812518	0.0942175815	-0.0430444396	-0.0162618699	0.0841871977	0.0469378788	-0.1089323488	0.0097747942	-0.0029408746	-0.0732646061	0.0441484142	-0.0566923914	-0.0135200888	0.0024804639	-0.0570603324	-0.1176336507	-0.0985141322	-0.0568924726	0.0669045687	0.0664372073	-0.0186354838	0.028450132	-0.0579399701	0.0966953695	-0.0944532838	0.1867791843	-0.0107785669	-0.0131141527	0.0825442231	0.0754361772	0.0166866449	-0.0644905755	0.0712915107	0.0110296977	-0.0165713567	-0.0061393418	-0.0687605639	0.1623082395	0.0948600195	0.0799684658	0.0568561851	0.0278991106	-0.0039259816	-0.002889603672898	0.0081433688999937	8.349809386425611e-06	6.631445704138459e-05	-0.0130794292018521	-8.447083033099462e-06	0.0001710714682462	7.135321176807679e-11	0.0083021922659654	0.0145047883794049	6.892639642105571e-05	0.0002103888859313	-2.199997711822424e-05	-0.000144000277259	2.0736079850675857e-08	4.839989932023902e-10	-2.3999980698574674e-05	-0.000105999985029	1.1235996826153751e-08	5.75999073531957e-10	-2.6806049188600056e-10	4.74069784347696e-09	2.24742160431471e-17	7.185642731016457e-20	0.0	0.0	0.0	0.0	0.0	0.0	0.0	0.0	0.0	0.0	0.0
305.2812443970793	0.8138352441320649	93196.63818062928	0.6623278045914976	549.3449558417002	5.753068685531616	301779.88050871954	33.09779930044448	300.5517771237507	0.8942810740484219	90331.37073224472	0.7997386394011992	348.9927375030708	351.44185952316946	1.510262	35.073082	0.2399057121868036	0.1929920058981508	0.0746011947	-0.0826496279	-0.1006769923	0.0558953417	-0.0058797729	-0.1552775318	-0.1337547259	0.0491517587	-0.0202972934	0.0479569948	-0.0128286473	-0.0079508109	-0.1031876889	0.0982571725	0.0793436754	0.0783903887	-0.0339570318	-0.0117611696	-0.0327618886	-0.0083997916	-0.0908018931	-0.0214432174	-0.0684157799	-0.0108332506	0.0361370067	-0.0429015728	0.0015961355	0.0670830448	0.139996747	0.0269280023	-0.0516012332	-0.1364923614	0.0922524245	0.1097171267	-0.0038974265	-0.0261178608	-0.0557662957	-0.0463012274	0.0330601426	0.0203364573	0.1308466477	0.0839138529	0.0758349651	0.0042570996	0.0111375685	-6.04752e-05	-0.0357728983	0.0149405341	-0.0192677564	-0.0249197017	-0.0095888057	-0.0173039762	-0.0120047982	-0.0631784718	-0.0321423081	-0.0145617612	0.0107589647	-0.0341243133	-0.0496563871	-0.0979096303	-0.0415057739	-0.0127379692	-0.0277405071	0.0685815047	0.052452996	0.0841334425	0.0680875013	-0.027944667	-0.041136729	0.0096772396	-0.122737051	0.0315967371	0.1116431198	0.0120218841	0.1384713763	-0.0755691824	-0.1212463347	0.0543729935	-0.0166198211	0.0834991006	0.0876814334	-0.0011684066	-0.0096485726	0.0413219387	-0.009191128	-0.0333557682	0.026289492	0.0042280643	0.0328763966	0.0037504025	-0.0228754098	-0.0511724005	-0.03315346	-0.1394567169	-0.0835556888	-0.0195549615	0.0451343068	0.0279479149	0.0124623469	-0.0584390919	-0.0155677273	-0.024027588	-0.0231474446	-0.0422136826	0.0814287467	-0.0096389229	-0.0145980675	0.0463585342	-0.0058289099	0.0139948075	0.0861646574	0.0692129117	-0.1311412201	-0.0528918032	-0.0457967482	0.0125159691	0.053935159	-0.0152567792	-0.0130594237	0.0786896683	0.1697879266	0.0950491464	-0.0843509491	0.0139550346	-0.0846637521	0.0630636307	-0.0376548651	0.0517503336	-0.1096187418	0.0523670458	0.0400888119	-0.1121865158	0.0155971979	0.0318110254	-0.015547567	0.0943512164	0.0780430407	0.0529179001	0.0218143241	-0.0117537397	-0.0171286783464381	-0.01423907467354	0.0002933916218957	0.0002027512475586	-0.2035385747683591	-0.190459145566507	0.0414279514187349	0.0362746861299239	0.0177835577736615	0.0094813655076961	0.0003162549270891	8.989629189052933e-05	-0.0001365224365197	-0.0001145224594014	1.3115393707362664e-08	1.8638375673275522e-08	-0.0002119857373297	-0.0001879857566311	3.5338644696176686e-08	4.4937952831216565e-08	-0.0002120145808091	-0.0002120143127486	4.495006881026462e-08	4.49501824756584e-08	0.0	1.0	0.0	0.0	0.0	0.0	0.0	0.0	0.0	0.0	0.0
306.7437033072101	1.462458910130806	94091.69951862175	2.138786063820985	550.2180517673493	0.8730959256490678	302739.90449065744	0.7622964953850025	300.8455372821205	0.293760158369821	90508.03730256775	0.0862950306454623	348.5948227716188	357.0329885098574	1.449834	33.669754	0.2227689583336544	0.1403554645506826	0.1155143345	0.0205059813	0.118324492	-0.019590131	0.1156021028	0.0673304823	-0.0592774733	-0.0998221833	-0.0623941813	0.0730782372	0.0368077374	0.0428289815	-0.0559874519	0.0242080834	0.0940756421	-0.0263828512	-0.0037137924	0.1041289588	-0.0096632954	-0.006565698	-0.0162878824	0.1019776557	0.0104143077	0.0472055374	0.0111800327	0.0104000671	0.0261438901	0.0353329196	-0.0014722654	-0.0138392296	0.0499852394	0.1514655287	0.0845742327	-0.0350079005	-0.1288854222	0.0016642312	0.1467015899	-0.0260702037	-0.0460174324	-0.0296808242	-0.0007413878	-0.0302790766	0.1091192309	0.0071859092	0.000312338	0.0429076117	-0.1374144439	-0.0706252468	-0.1462172558	-0.095082382	0.1129336029	0.0802680149	-0.1463184485	-0.0233062338	0.1347522456	-0.024503382	-0.1369521245	-0.0109370263	-0.0152254915	0.0695982382	0.0411845934	0.0408117739	-0.0727214373	-0.0891809002	-0.0266402354	0.1076195242	-0.0260238011	-0.0291766408	0.1138089068	0.0233353541	0.1048735541	-0.0605104798	0.0222720128	-0.0563330901	0.0392775234	-0.0447541316	0.0027286437	-0.0686196101	-0.0376752286	0.0376670502	-0.0168811434	-0.0201617291	-0.036093187	0.072689946	-0.062722579	-0.0187578217	0.015929451	-0.2005002919	-0.0728880207	-0.1478995127	-0.0165373565	0.0291569117	0.08073739	0.0614786316	-0.098066481	-0.0580582134	-0.0626679101	-0.0317794983	-0.0248654432	0.0459736455	0.053934787	-0.0341391083	0.0810539611	-0.1072381254	-0.0745436178	0.0091675522	-0.0633179434	0.1005886205	0.0910543402	-0.0148232885	0.0744378342	-0.002433145	-0.118907768	-0.0012733729	0.1192119313	0.0302369676	0.0639334536	-0.0505764631	-0.0177310107	-0.0446994837	0.03609714	-0.0763470455	0.0286236568	0.0652792573	0.0780590834	0.0654953782	0.0649331383	0.0108270018	-0.02446575	0.135047677	0.0292123727	-0.092347738	0.0342730679	0.0010737628	0.0301312899	0.0938191336	0.0760405966	0.0488621241	0.0156434465	-0.0195090322	0.0015776086809751	0.0187062870274132	2.4888491502879946e-06	0.0003499251743519	-0.0764009251271744	0.1271376496411846	0.0058371013602881	0.0161639819562846	-0.0339171298599438	-0.0517006876336053	0.0011503716979362	0.0026729611017876	4.200002638415063e-05	0.0001785224629038	3.187026976125673e-08	1.7640022162693491e-09	-6.855719325571385e-09	0.0002119788816103	4.4935046248785144e-08	4.7000887471012973e-17	-0.0003259999169239	-0.0001139853361147	1.2992656849203921e-08	1.0627594583438969e-07	0.0	0.0	0.0	0.0	0.0	0.0	0.0	0.0	0.0	0.0	0.0
305.97514853936644	-0.7685547678436819	93620.79152368737	0.5906764311752558	552.6603504021963	2.4422986348470204	305433.4629066784	5.964822621775619	300.0730718106487	-0.7724654714718326	90043.84842587872	0.5967029046162007	348.23817872204586	354.32894390847184	1.341105	31.144722	0.1248712396009191	0.0620160503304268	0.072905582	-0.1115731625	0.0203196654	-0.0341811548	-0.1041107251	-0.0618741166	-0.1004049047	-0.0069889704	0.0340120193	-0.0311544478	-0.0855759756	0.0932569965	-0.0257021285	0.1294889091	0.0572318292	-0.0593947562	-0.0486595084	0.0483861167	0.0917544632	0.0151507115	-0.0684701685	0.0222221888	0.1355895708	-0.0764599292	-0.079068898	0.0454145365	0.0237911843	0.0016300095	-0.0606672348	-0.022904011	0.0009849745	-0.0027432964	0.1380109037	0.1078709196	-0.1070858991	0.0449806032	0.0436593987	-0.0809607548	0.0280160237	-0.0215153084	-0.0254610392	0.1093313023	-0.1476649025	0.0473143383	-0.0785762753	0.0023144114	0.0050484725	0.0372364235	0.0103507535	-0.0452584991	-0.1457039159	0.0830577427	-0.0249558127	0.0766578543	0.0298599052	0.0972198232	0.0381882725	0.1063392806	0.0119625297	-0.0911913339	0.0419129155	0.1070284057	-0.1272022643	0.1720028943	0.0371184038	0.0506302782	-0.040920957	0.085692246	-0.1131689243	0.030177589	0.0542339371	0.0674699898	0.13574012	-0.1147949618	0.0971200572	-0.0502212325	-0.0217236212	0.1601174959	-0.0189333516	-0.0194334991	-0.0269450033	0.0323647615	0.0620928092	0.0630628794	0.0369591687	-0.0435973345	0.0389181728	-0.0390663119	-0.0022631297	0.0120481773	-0.0548839656	0.0743059307	-0.0052449849	0.0245520028	0.0404992574	-0.1720569224	-0.2287167228	-0.1186962961	0.0022606864	0.050422434	-0.0047527322	0.0028262837	-0.0131769717	0.0702304399	0.144546401	0.0373730939	0.036290738	-0.0341730763	0.0136018711	0.015630537	-0.1476956869	-0.0458886377	-0.1130030093	-0.0284220937	-0.0218147475	-0.008661297	0.1009330856	-0.1312227539	0.0317074158	-0.0633328761	0.1152498108	0.07263053	0.0695232164	-0.024966888	-0.106323545	-0.0540123956	-0.0530953352	-0.0175737053	-0.0320156984	0.0754606941	-0.0039126949	0.0556490416	-0.0281047724	-0.0084300039	0.0981373131	0.0932639023	0.0739631095	0.0446978621	0.0094108313	-0.027144045	-0.0121582770124177	-0.0137358856933928	0.0001478236999106	0.0001886745557819	-0.0312230847613363	0.0451778403658381	0.0009748810220135	0.0020410372601211	-0.001809161149012	0.0321079687109318	3.2730640630944203e-06	0.0010309216547421	0.000102992816711	6.099279032684936e-05	3.720120471855009e-09	1.0607520294065642e-08	0.0002270030127489	0.0002270098684682	5.1533480381961087e-08	5.153036779707727e-08	6.298832089615451e-05	0.00038898823782	1.513118491623513e-07	3.967528569316935e-09	0.0	0.0	0.0	0.0	0.0	0.0	0.0	0.0	0.0	0.0	0.0
306.7377476344788	0.762599095112364	94088.0458238732	0.5815573798661964	547.761224079132	-4.899126323064252	300042.3586046691	24.001438729341054	300.5150295603	0.4419577496512943	90309.28299162796	0.1953266524768361	348.381989951979	350.1561257190842	1.446467	33.591557	0.1946672073259469	0.1106163888759436	0.1174399213	0.1143937752	-0.0276302751	-0.0006009086	0.1458215002	0.0869943213	-0.1313616078	0.0226650828	-0.0517643054	0.0312482215	0.0819371194	-0.0469456846	0.0406465495	-0.047223098	0.1183272425	0.0409868208	-0.0508336411	0.0526482911	-0.083770807	-0.0125840822	-0.0584656511	0.1445445703	0.0103020214	-0.0370431465	-0.0126965035	0.073141195	0.0394157223	-0.0446312926	0.0622894	0.1619195992	-0.0255291606	-0.1169689147	0.0560417403	-0.0558899421	0.1347593706	-0.027028568	-0.0006050947	-0.0219652165	-0.0267127428	-0.0619336798	-0.0287641897	-0.0130244165	-0.0771529839	0.0385807578	0.183987707	-0.0014272965	0.0139625594	-0.0409812337	0.0173588963	0.0408605091	-0.0046206104	0.0846438835	0.0635031561	0.0476274294	0.1453084182	-0.1316400937	0.0087133281	-0.0895087811	-0.0277150977	0.0982429159	-0.0634638708	-0.0770124927	-0.0702667165	0.0314191706	0.1014139732	0.1298069731	0.0137355875	-0.0591266412	0.1239154859	0.0819711482	-0.0462817581	-0.0268363	-0.0131035931	0.0385382682	0.0171936706	-0.0484220127	-0.0526425137	0.0007211314	0.0630873178	-0.092755997	-0.0907737241	0.0081722168	-0.163941681	-0.0190988745	-0.0785186419	-0.1049277868	0.1400668506	-0.0357950843	0.0821010034	-0.1917407411	0.0832779622	-0.0458260707	-0.0392544268	-0.0292392439	-0.0208332832	0.0503107937	-0.0114605873	-0.0218559013	-0.1155727881	-0.090172987	-0.0311775048	-0.1210004439	0.0296504491	-0.0170290833	0.0784687117	-0.0512461159	-0.0552599401	0.0454636066	-0.084847264	-0.1218364507	-0.1653697613	0.0145923022	-0.1451124467	0.0729744776	-0.0101681451	0.03137265	0.01847145	-0.0928024377	-0.1303071309	0.0141736837	0.0782359379	-0.0526476284	-0.0164218047	0.0635456747	-0.0845854221	0.0516619372	-0.0126930652	-0.0253398129	-0.0011109794	0.1148541078	-0.0590369039	0.0376814282	-0.051299447	-0.0609738074	-0.1364587218	0.0926856596	0.0718126298	0.0404343596	0.0031410759	-0.0346117057	-0.0170963696571675	-0.0049380926447498	0.0002922858554545	2.438475896813209e-05	-0.1260068041786581	-0.0947837194173217	0.0158777146993186	0.0089839534665815	-0.0458811480102596	-0.0440719868612476	0.0021050797427393	0.0019423400258979	0.0001534503472206	5.04575305096e-05	2.5459623851272154e-09	2.3547009062122705e-08	-0.0002120359834119	-0.0004390389961608	1.92755240149883e-07	4.495925826145153e-08	-0.000464983320486	-0.0005279716413821	2.787540541037664e-07	2.162094883301862e-07	0.0	0.0	0.0	0.0	0.0	0.0	0.0	0.0	0.0	0.0	0.0
307.3389410869907	0.6011934525118932	94457.22470847274	0.3614335673431699	549.6664362112681	1.9052121321360571	302133.1910971961	3.629833268438422	300.3113360971341	-0.2036934631659051	90186.89858844582	0.0414910269365199	348.5066461632062	359.4214479062197	1.314391	30.524342	0.1629448341775714	0.0967241552329133	0.1424881531	-0.0406230896	0.0006579102	-0.1178279808	-0.0374239141	0.0375792534	-0.1776979016	-0.0592941882	0.1205145164	0.0969979573	-0.014895133	0.0600611159	0.0377342876	-0.027943816	0.1481434352	-0.0526740917	0.0257486484	0.0554657191	-0.0902867359	-0.0409147353	-0.0119219168	0.108692139	0.0510642112	0.066495887	-0.0124318312	-0.0401061906	0.1177230808	-0.0060356734	0.0294135954	0.0184575212	-0.082299072	-0.1414760602	-0.0541117859	-0.0995649864	-0.0330823034	0.0378439866	0.043298662	-0.0201300495	-0.1857495869	-0.0318187268	0.0034165503	-0.0920390082	-0.0550961069	0.0745932796	-0.0081587283	0.0089045442	-0.0052963385	0.1090701658	-0.0473022316	0.1631524595	0.0367561336	0.0967603072	0.0314116411	0.0755988918	0.0477317817	0.0904833394	-0.0396751557	-0.0165974573	0.0885593796	0.0409896906	-0.016370114	0.0513522128	-0.0817198621	-0.1075951478	-0.0221911047	0.1530107767	-0.0249191311	0.0932051987	-0.0022570384	-0.0129675517	0.0508655208	-0.0503818788	0.155334846	0.0358164426	-0.0404677229	-0.08932358	0.0655196258	-0.0723654956	-0.0522503349	-0.1200392424	-0.0448018208	-0.002397706	-0.0031688792	-0.0482496959	-0.1419006197	-0.056059585	0.0675615854	0.0186335774	0.0344060596	-0.0061778521	0.0171205003	-0.1272456617	0.0925792824	0.028490263	-0.0002077649	0.1228552453	-0.0167395427	0.0899773979	0.0752292754	0.0049862354	0.0069955492	0.0499750306	0.0960793551	0.1083943629	0.0829036689	-0.0306699124	0.0385665323	-0.061981352	0.0217041697	0.0875896747	0.0040903147	-0.0325097551	-0.1486513393	0.0991816425	0.2005500126	-0.0466073705	-0.0345735701	-0.0711656264	0.0060572831	-0.0813472826	-0.0119531087	0.0459476392	-0.0060523263	-0.0248368512	0.001122085	0.0387176959	0.0404650271	0.0625912616	-0.1082760826	0.1253975369	-0.0462086141	0.0458102942	0.0105313087	-0.087821261	-0.0990805536	0.092084548	0.0695912797	0.0360810826	-0.0031410759	-0.0418659738	-0.0172115223373765	-0.000115152680209	0.00029623650117	1.3260139759316348e-08	-0.0401813346601187	0.0858254695185394	0.0016145396550684	0.0073660112180777	-0.0755566890958476	-0.029675541085588	0.0057088132671265	0.0008806377387224	0.0003860781904156	0.000232627843195	5.4115713429557503e-08	1.4905636911458428e-07	0.0002058530487398	0.0004178890321517	1.7463124319268454e-07	4.237547767547047e-08	-0.000761039863004	-0.000296056542518	8.764947636771234e-08	5.79181673081147e-07	0.0	0.0	0.0	0.0	0.0	0.0	0.0	0.0	0.0	0.0	0.0
306.3718730749215	-0.9670680120692056	93863.7246114358	0.9352205399674848	548.6543746312459	-1.0120615800221913	301021.6228020035	1.0242686417570142	299.9591610533544	-0.3521750437796527	89975.49829983222	0.1240272614612003	347.7526852292213	354.3125535031874	1.26265	29.322752	0.2825694954074814	0.214289821072246	0.0975842262	0.0366145709	-0.0589087143	-0.022785544	0.0349024501	0.0349590136	-0.1406703054	0.0654250878	0.0425913758	-0.0897818435	0.1180047276	0.0743842556	-0.0211677759	0.0833462006	0.0930726769	-0.1566057597	0.0258622673	0.0761564863	-0.0435947144	0.0201761292	-0.0347327374	0.0402760611	-0.0083370686	-0.0537751209	0.1486744871	0.1220959173	0.1132354721	-0.0098023304	-0.0104462773	-0.0185287275	-0.0250821205	0.035966246	0.0368891823	-0.0396407297	0.0434482816	0.0271878432	-0.1924572857	-0.0009044518	-0.0368026669	0.0681001809	0.0730473001	0.0906652983	0.0085814456	-0.0050458755	0.0343732332	-0.0818352662	0.1040895667	0.0217321602	-0.0710673983	0.0782781089	0.0203777719	0.0500177493	-0.0169809573	-0.1142449668	0.0369273896	0.0088354857	-0.0173563984	-0.0747251423	-0.0234785135	-0.0065749861	0.0250470449	-0.0352841953	-0.0853027095	-0.0636977809	0.0715914197	0.1026475107	-0.1482538825	0.0649423164	0.0524520983	-0.002650269	-0.0020996073	0.0734011708	0.0421316823	0.0214270423	0.1420716809	0.0204240559	-0.0159883438	0.0137573871	-0.0633740798	-0.0662384771	-0.1263323549	-0.0226779744	-0.0010338739	0.0084730377	-0.0596077034	-0.1153327989	0.0010726898	0.0426728435	-0.0397518378	-0.0559085369	-0.061924189	0.036605936	-0.077844646	-0.0199820586	-0.0692526915	-0.078554101	-0.0130269677	0.0602709184	-0.0056523883	-0.0630283213	-0.0683041012	-0.1391143883	-0.0478208379	0.1527309544	-0.1017928911	0.0871998574	-0.0038166612	-0.0688113162	-0.0167692711	-0.0784789197	-0.0416201225	-0.1721683189	-0.122422992	0.0098411465	-0.0058757972	-0.0360067254	0.023275529	-0.0933929682	-0.0662525801	-0.0068626878	0.0378095141	0.049409137	0.0520790325	0.0615746496	-0.0883072333	-0.0566379197	0.0498328889	-0.161741157	0.0038468324	0.1369601488	-0.0596007751	0.1425828388	-0.0664195847	0.0344034098	0.1623714407	0.091460716	0.0673012514	0.0316476967	-0.0094108313	-0.0488621241	-0.0171023640039464	0.0001091583334301	0.0002924908545234	1.1915541757237122e-08	0.1707692891444452	0.2109506238045639	0.0291621501148991	0.0445001656835346	-0.0386457791915972	0.0369109099042504	0.0014934962493256	0.0013624152699596	0.0001190178200687	-0.0002670603703469	7.13212414098234e-08	1.4165241493905451e-08	7.697237819725977e-05	-0.0001288806705425	1.6610227239494795e-08	5.9247470053419925e-09	-0.0004650048365887	0.0002960350264153	8.763673686470739e-08	2.1622949805088363e-07	0.0	0.0	0.0	0.0	0.0	0.0	0.0	0.0	0.0	0.0	0.0
307.83448249382855	1.46260941890705	94762.06861224324	2.1392263122756185	549.8625069777171	1.2081323464711886	302348.77657982	1.45958376658998	300.9423849060226	0.9832238526681748	90566.31903292466	0.966729144455649	349.12629861387046	361.25545222399046	1.246336	28.94389	0.3668896930573833	0.3037482153753168	0.1271611806	-0.0531764572	-0.0137660021	-0.116890447	0.0034450164	0.0499736883	-0.1072156519	-0.0963861314	0.0781404216	0.141995604	0.0939956265	0.0828394036	0.0021585185	0.013935449	0.1377140297	0.0207618028	0.0386715881	0.1186972383	-0.1235580667	-0.0488106575	-0.0839209181	0.0266430438	0.0619209285	-0.0232596802	-0.0770299794	0.0332861143	-0.0201891955	0.0383032298	-0.0070624997	0.076585389	-0.0150754493	-0.0811155291	-0.040211239	0.1163673175	0.051118547	-0.0721738815	-0.0109391177	-0.0213698181	0.0189318872	-0.180431228	0.2080183757	0.0604853416	-0.0402644759	-0.0708001082	-0.0645957026	0.1354008435	0.152286142	-0.0844170696	-0.056244184	-0.0373432155	0.0488582082	-0.0148168261	-0.0353726131	0.001594529	-0.0081388367	-0.0189617268	-0.1093658002	-0.0074470968	0.1438015573	0.0526389063	0.0342594947	0.0458502231	0.0747345128	-0.0299404202	0.0090210814	0.1403747749	0.0273811795	0.0876519033	0.0375557102	0.0181806198	0.078569739	-0.084995715	0.0931088451	0.1465005923	0.0238688238	-0.0178890283	-0.0774162861	0.014420639	0.0689049293	-0.0283921208	-0.0012481489	0.0490018042	-0.0805616043	0.0685812531	-0.0452167434	-0.0172559761	0.056994364	0.1066763263	0.0019804438	-0.053716609	0.0637179523	-0.1369048347	-0.0408283323	0.1159111919	-0.0328008482	-0.0330959115	-0.0876069008	-0.0118587547	0.0126932466	-0.1027431437	0.0323077393	-0.000103767	-0.2293422027	0.0293346205	-0.1021842978	0.0124284199	0.1207439966	0.0849654158	0.0430241855	0.032906147	0.0591053753	0.0058322342	-0.1536714083	0.1476544072	-0.0266534759	-0.0252721604	-0.0447339627	-0.0558418819	-0.0697689349	-0.0062216026	0.05897568	0.0842712209	-0.0310429619	-0.0738103282	0.0225337556	0.0555702485	0.108881059	0.0811833905	-0.0639616536	0.0902334448	-0.0628800107	0.0071357379	-0.0021654954	0.0053239524	-0.1543790863	0.0908143174	0.0649448048	0.027144045	-0.0156434465	-0.0555570233	-0.0172057276225956	-0.0001033636186491	0.0002960370630229	1.0684037660257244e-08	-0.1314726156925303	-0.3022419048369755	0.0172850486770357	0.0913501690394833	-0.0659428416124328	-0.0272970624208356	0.0043484583599223	0.0007451296168069	0.0002839198422538	0.0001649020221851	2.7192676920735213e-08	8.061047682542267e-08	-0.0002121076861449	-0.0002890800643421	8.356728360006726e-08	4.49896705217434e-08	-0.0007559699936799	-0.0002909651570912	8.466072264110668e-08	5.71490631344388e-07	0.0	0.0	0.0	0.0	0.0	0.0	0.0	0.0	0.0	0.0	0.0
306.26697256214726	-1.5675099316812862	93799.45848238308	2.45708738591947	553.6214916865031	3.758984708785988	306496.7560571888	14.12996604088688	300.3432140013883	-0.5991709046343203	90206.04619668372	0.3590057729603098	348.9559905918362	359.43027993860863	1.346813	31.277267	0.2146465847122388	0.1664153404142148	0.0991710961	0.0384001442	0.1051465617	-0.0539307609	-0.0566756106	0.025523608	-0.0926836311	-0.046881088	-0.155984237	0.0079975483	-0.0100267008	0.0256060588	-0.0013647737	0.0901851984	0.0620669152	-0.0738153659	-0.0303757211	0.0987655679	0.0419202516	-0.060207232	0.0148135944	0.0744746168	0.0081869595	0.1354205066	0.0804873647	0.0357358177	-0.0349658325	0.0286486689	-0.0718227833	-0.1154882791	0.0117112889	-0.0161132119	-0.0047892911	-0.0802302904	-0.0955969463	0.0199790821	0.0419896478	-0.0281642735	0.0429951196	0.0808860905	-0.0492358557	-0.0779661222	-0.0208233397	0.0136763841	-0.1219461784	0.0938364054	0.0513216131	0.1267242125	-0.0442416012	-0.0800615668	0.0585238416	0.2738378482	-0.1202952611	-0.0552924176	-0.0588850592	-0.1052175309	0.0414962922	-0.0404659466	-0.0698427308	0.0120646364	0.024100739	-0.056963723	-0.0483800001	0.0183042871	-0.1440935748	0.0628720722	-0.0352761003	0.086087894	0.0099505628	0.0711057269	0.0695526635	0.0380581134	0.0221273927	-0.1200446521	0.1160881859	-0.0673026502	0.0899353199	-0.075652207	-0.1644454063	-0.0422724828	-0.0352317159	-0.0568157405	0.0512323287	-0.0294650855	-0.0860935366	0.1233662238	-0.0171764462	0.0444907137	-0.0108068785	-0.0128209271	0.1080188671	-0.0329420395	0.0816034025	0.0287709497	-0.0429891743	-0.112631747	-0.0644480063	-0.097823435	0.027610538	0.1422425364	0.0115712058	0.0079716386	0.0624694845	0.0367271047	0.0120950425	-0.0626973692	-0.0334888245	-0.0137956459	0.1637759234	-0.1352825161	0.0441260252	-0.0611676656	-0.1212825161	0.0183621947	0.1225475094	-0.0344034966	-0.0019940916	-0.1055674939	0.1009907627	-0.0664995296	-0.0342219482	-0.0376260973	0.0318522687	0.0655808938	-0.0053097646	-0.0974589593	0.0126797746	-0.025719099	0.0962668553	0.1284819705	-0.1278617073	0.1719957157	-0.0677843666	0.0349261244	-0.0714388198	0.0901455117	0.0625242656	0.0225801267	-0.0218143241	-0.0619093949	-0.0220332033702561	-0.0048274757476605	0.000485462050755	2.330452209425031e-05	0.0304638478185523	0.1619364635110826	0.0009280460239119	0.0262234182144761	-0.0334137505544021	0.0325290910580307	0.0011164787261118	0.0010581417650616	0.0002999504155455	1.6030573291699968e-05	2.5697928006056433e-10	8.997025178591813e-08	-0.0002120693434253	3.8342719599988775e-08	1.4701641463233633e-15	4.497340642083784e-08	-0.0004649678217819	0.0002910021718979	8.468226404935312e-08	2.1619507529260474e-07	0.0	0.0	0.0	0.0	0.0	0.0	0.0	0.0	0.0	0.0	0.0
306.32680606955665	0.0598335074093938	93836.11211677577	0.0035800486089099	548.5173606713613	-5.104131015141775	300871.29495787626	26.052153419732203	300.5593180789148	0.2161040775265519	90335.9036840623	0.0467009723236019	348.93578927518723	350.4114060299002	1.45293	33.74165	0.1486265224215442	0.0887840338110238	0.1166671588	0.0518723188	-0.0468598221	-0.0111890696	0.0579812587	-0.0208959575	-0.1715666624	-0.0192820186	-0.0033014391	-0.0143657096	-0.0655958644	0.084490371	0.1308700164	-0.0757573353	0.1112188902	-0.0139969293	0.0022493386	0.1304990718	-0.124649243	-0.0439260621	-0.1171494825	0.0545691974	0.1189395392	-0.1317007046	0.0056128511	-0.0180829664	0.031679727	0.0077757781	0.0036529093	0.089277822	0.0832136717	-0.0079877426	-0.0944053767	-0.1275810911	-0.0561181028	0.0165336831	0.0557150455	0.0858350681	0.0548018236	-0.0300875257	0.0239181584	-0.0648199053	-0.0585167036	0.0641183679	-0.0953440599	0.1339621892	-0.0210612471	0.0240380042	0.0643911763	-0.0545096366	0.0267779085	-0.114979094	0.0868816845	0.0544873076	0.0526186272	0.0277366594	0.0799011115	-0.0280397644	-0.0112769087	-0.0404815456	-0.0236681093	0.0476716014	0.0545686858	0.0159155537	-0.1177585494	0.1182052592	-0.0322920198	0.0554440282	0.0809624905	0.1280223675	-0.088733776	-0.1110760859	0.0490073139	0.080766724	0.0095079989	-0.0279551416	-0.0858641659	0.1033266158	0.2213574107	-0.0754492197	0.0165229734	-0.0834448912	-0.0121135066	-0.0288345301	-0.1403466833	0.0890671519	0.1399358377	-0.0339506364	0.0191752549	0.0007633801	-0.0056337656	-0.0044689004	-0.1059232513	0.2007049925	0.0574927206	0.0183596908	-0.0478958018	0.0006085117	-0.0486650163	0.1676376029	0.0445371441	0.0228731118	0.0965496902	0.0385715939	-0.0156541909	-0.1514068727	0.0296977902	-0.0353233045	0.0575566465	0.0366884756	0.0532705456	-0.0554241706	-0.1387968282	0.1382831228	-0.0839542665	0.1135480086	-0.1216936352	-0.0527410229	-0.2344713765	-0.0550753819	0.0379224636	0.0338058544	0.0382654492	-0.1055727901	-0.0566875952	0.0227827078	-0.0202156298	0.0507031676	0.0490456863	0.0979474682	-0.0344579696	0.0185225554	0.0814519326	-0.1443950007	-0.0995099904	0.089454464	0.0600420225	0.0179660749	-0.0278991106	-0.0678800746	-0.0145413368222619	0.0074918665479942	0.0002114504765784	5.612806437295456e-05	-0.0395597482910119	-0.0700235961095642	0.0015649736848482	0.0049033040121153	-0.0835717154089579	-0.0501579648545558	0.0069842316163958	0.0025158214383508	0.0002159152330469	-8.403518249859996e-05	7.061911897573001e-09	4.661938786169714e-08	-0.000212086421087	-1.7077661699984193e-08	2.9164652913910697e-16	4.498065000949227e-08	-0.0007999774598102	-0.0003350096380283	1.1223145757185261e-07	6.399639362043802e-07	0.0	0.0	0.0	0.0	0.0	0.0	0.0	0.0	0.0	0.0	0.0
307.4456384694738	1.118832399917153	94522.8206139024	1.2517859391043762	554.8990248680115	6.381664196650149	307912.92779947	40.72563791880639	300.9418497328569	0.3825316539420669	90565.99692063342	0.1463304662676532	349.7127866495342	365.19263936324086	1.470416	34.147728	0.1793579261292218	0.1306845571107834	0.0868588321	-0.0908858313	0.0269511458	-0.1239413361	-0.0176102993	0.0107343479	-0.0121938223	-0.0942260227	-0.06539193	0.1422746861	0.0358228212	0.0420122545	-0.0342638204	0.0931315275	0.1083524023	0.0734731051	0.0528517055	0.0165925183	-0.0548150186	-0.0641685587	0.0478620529	0.140801125	0.0546284451	0.0094980822	0.0731022682	-0.1653815299	0.1572903875	-0.0368901416	-0.0434341973	-0.0160810055	-0.1158518348	-0.082310206	-0.0520050364	-0.0808396456	-0.0278987464	0.0197646274	-0.0309618462	-0.0524958253	0.1256157797	-0.02891258	-0.0189688602	-0.0281959677	0.1109380761	0.012475375	0.0171854391	0.1239054302	-0.0547463416	0.0008482592	-0.0798012575	-0.0674524736	-0.073361677	-0.1158478286	-0.0701737137	0.0222267329	-0.0319233371	-0.0243287595	0.1202150099	-0.0779204812	-0.0524050639	0.0764571617	-0.0165831286	-0.0690157657	-0.0552431385	0.050185008	0.1836989159	0.1001011132	0.0962458829	0.0321446789	0.0062784668	-0.0538500164	0.0630481149	-0.0785831118	0.0552989176	-0.0052608576	0.0209547057	-0.0110836008	-0.0029659229	-0.0548856368	-0.1435629109	-0.1321407887	-0.0206176497	-0.1042938542	0.1167503143	0.0299301466	-0.0749332984	-0.1474192657	0.0015960816	-0.0770573261	0.1303428332	-0.0081029604	-0.0468215769	-0.0079177214	-0.1203488547	0.0186117716	-0.1091781556	0.0605505827	0.0937542948	-0.119288484	-0.0287553158	0.0127255709	0.151889593	0.0332919928	-0.123531464	-0.0425822589	0.0169043052	-0.1239928804	-0.0786323522	-0.0197461993	0.053964753	-0.0336117204	0.0118032338	0.0712278397	-0.1150171317	0.1097280952	0.0992259907	-0.035918746	-0.0091880734	-0.0348412224	0.0646535004	0.0667626664	0.0578548811	0.0841834167	0.001684313	0.0042577006	-0.0157648758	0.0920714613	0.0197060618	-0.0960469449	0.1190667924	0.0409272123	-0.055412545	-0.0074555708	0.0383840222	-0.0710038914	-0.2359853801	0.0887413447	0.0575005252	0.0133121339	-0.033873792	-0.0734322509	-0.0170850130306519	-0.00254367620839	0.0002918976702575	6.470288653129333e-06	-0.1692221421934192	-0.1296623939024073	0.0286361334085297	0.016812336392503	-0.0658729966821383	0.0176987187268196	0.004339251691885	0.000313244644571	0.0004179559622977	0.0002020407292507	4.082045627619506e-08	1.7468718642019644e-07	-0.0002120862218328	1.9925419999936367e-10	3.970223621738643e-20	4.4980565491311655e-08	-0.0004129556424831	0.0003870218173271	1.4978588708717118e-07	1.705323626586299e-07	0.0	0.0	0.0	0.0	0.0	0.0	0.0	0.0	0.0	0.0	0.0
306.4575240788568	-0.9881143906169996	93916.2140645431	0.9763700489444044	552.293111817042	-2.605913050969434	305027.6813605517	6.790782829212825	301.10487308898473	0.1630233561278373	90664.1445979336	0.0265766146431836	349.5300419098182	354.12914545484585	1.36634	31.730761	0.1460353990160363	0.0747065589972257	0.0971001413	-0.0323676942	-0.0523366458	-0.0551665546	-0.0029947694	-0.1312111077	-0.1236305512	-0.0174164815	-0.0674497093	0.1066905143	0.0407787292	0.0511181342	0.0461500846	0.0338847503	0.1355887918	0.0631316777	0.0083500045	0.0508321693	-0.1976074961	0.1604142497	-0.1861428416	-0.0252484104	0.0109022211	0.0398682423	-0.0874845918	-0.0082856842	-0.0063437497	-0.0678101104	-0.1097556144	0.0405348924	-0.0659352165	0.1001772601	-0.0223619921	0.0407644505	0.0076474775	0.0034090385	-0.1214272842	-0.1367480429	0.0581797348	0.1087714211	-0.0169899223	0.123081743	0.0971366911	0.0835247143	-0.0283510052	-0.0821301577	-0.150425624	-0.0321547204	0.014727782	-0.0745130924	0.1303097787	-0.064712781	0.2139315845	-0.0493916785	-0.1428683457	-0.0273078852	0.0916542051	-0.0420484932	0.1253995351	0.0262212536	-0.0246858591	0.1072236284	-0.0662852599	0.0081648294	-0.0311139127	0.1468555183	0.0787010005	0.0060615701	0.0393201844	-0.0108685278	-0.0311844159	-0.0250008238	0.1105151469	0.0905717579	0.2148828785	0.0335912884	0.2664856943	0.0553288254	0.1232912518	-0.0998469718	0.1670852716	0.0538788882	0.0143640278	0.0129463047	0.1049894074	-0.0098752753	-0.0439426725	0.0788689547	-0.0799909456	-0.0759590404	-0.1073853201	0.1001801885	-0.082599358	-0.1101405478	-0.0035906236	0.0186314944	0.0532378644	0.0343289463	0.0582337593	-0.1785978447	-0.1156293047	-0.1581360384	-0.0559494054	-0.0155660873	0.0186890792	-0.1254062691	-0.0019568492	-0.1096400109	0.1129109402	0.0092168777	0.0417243814	0.0636848884	-0.0841308933	0.0391274945	0.0598360178	-0.1001285287	-0.0065544724	0.0286683172	-0.0904043293	0.1595334338	0.0649346674	-0.0314493256	-0.0387744174	-0.2239237685	-0.1694596804	-0.341092347	0.0931865394	0.0745690355	-0.1849503941	-0.0950431799	0.222827931	-0.0450735886	0.0416350578	-0.183702277	-0.1050981767	0.0880063298	0.0549022818	0.0086286366	-0.0397147891	-0.0785316931	-0.0171306247686544	-4.5611738002500346e-05	0.0002934583049644	2.0804306436087342e-09	-0.1375241431233576	0.0316979990700616	0.0189128899418137	0.0010047631450456	-0.0189015067822211	0.0469714898999171	0.0003572669586383	0.002206320863418	-0.0001236604332927	-0.0005416163955904	2.933483199723367e-07	1.529190276213831e-08	-0.0009439786997955	-0.0007318924779627	5.356665992983814e-07	8.910957856676028e-07	-0.0003400585498751	7.289709260799998e-05	5.313986110699325e-09	1.1563981734315588e-07	0.0	0.0	0.0	0.0	0.0	0.0	0.0	0.0	0.0	0.0	0.0
306.9372462630123	0.4797221841554915	94210.47314352106	0.2301333739709153	551.7326213995616	-0.5604904174804233	304408.885516432	0.3141495080873792	300.5123925352975	-0.59248055368721	90307.69806728874	0.3510332064975029	348.7113650238029	355.58477190827296	1.304082	30.28492	0.2440675980095032	0.1755996726832674	0.0745965648	0.071029911	-0.1013160753	-0.0683034105	0.0373950109	0.0116445425	-0.067386179	0.047484127	-0.0415314442	0.0684350968	0.0261107167	-0.0027089268	-0.0400775731	0.0216930443	0.052273774	-0.057279478	-0.0153041899	0.0871926109	0.0016768655	0.066601728	-0.1263747393	0.1169504346	-0.0818595288	-0.0655606443	-0.0438698216	0.0199247242	-0.0368814804	-0.0313257065	-0.0521527838	-0.0878367144	0.0671351674	-0.1329686813	-0.0992174895	0.0752513945	0.0124545176	0.0573875834	-0.0935636234	-0.0080225836	0.0289202783	0.1742715219	-0.0231747605	-0.1353169813	-0.0087663905	0.0317981341	-0.0307907546	-0.0814242876	-0.0717892428	0.088328216	0.0745461574	0.0108694412	-0.0345309134	-0.0063733315	-0.0267591646	0.0380380012	-0.0231007492	-0.0706774237	0.0011308234	0.0544248653	0.0734281753	-0.0233710474	-0.1177427063	0.0818028226	0.0759737271	0.0800102138	0.0848791319	0.062012427	-0.0357418497	-0.006241546	0.0819522798	0.0287629639	0.0259128956	0.0852540896	0.0916085703	-0.0059155106	0.0176263033	-0.0310308316	0.0342463202	-0.0575302761	0.0465686652	-0.1954657864	0.0848479937	-0.0262181351	-0.0225614777	0.0391728367	0.0138487619	0.0572754312	-0.0970615672	0.1250553941	-0.0710904772	0.0678199933	0.0852403527	-0.0340005337	-0.0354185623	-0.0924325898	-0.1065804781	-0.1438665231	0.1441428124	-0.0248313734	0.0039812377	0.1463386839	0.016539646	0.0337780687	-0.0222665347	-0.0168462827	0.0709763201	-0.0056068602	-0.0175440581	-0.0023141793	0.0781213742	0.030888875	0.0137865872	-0.0562161443	-0.0647037019	0.0650469872	0.1078032022	-0.0367895367	-0.0620013457	0.0122125923	-0.1812691933	-0.0372265647	-0.0998989455	0.0063438424	-0.0884017854	-0.1143950314	0.0783549076	-0.2740432149	-0.0494356949	0.0083351078	0.0562909885	-0.023827898	0.1320695795	-0.0710366537	-0.0205483068	-0.0474383699	0.1102185643	0.0872496007	0.0522498565	0.0039259816	-0.04539905	-0.0831469612	-0.012539156154375	0.0045914686142794	0.0001572304370638	2.108158403591281e-05	0.0318178646736271	0.1693420077969847	0.0010123765123892	0.028676715604714	-0.0500408575224753	-0.0311393507402542	0.0025040874215846	0.0009696591645245	0.0001223755280272	0.0002460359613199	6.053369426260735e-08	1.4975769859936012e-08	-0.000535028001187	0.0004089506986085	1.672406738923802e-07	2.8625496205415655e-07	-0.0004649673071064	-0.0001249087572312	1.5602197633067835e-08	2.161945966777773e-07	0.0	0.0	0.0	0.0	0.0	0.0	0.0	0.0	0.0	0.0	0.0
306.1175678667832	-0.8196783962291079	93707.9653566746	0.6718726732447223	548.6924110333125	-3.0402103662490845	301063.3619255496	9.242879071048392	299.9457310998454	-0.5666614354521471	89967.44160502075	0.3211051824286878	348.10010247811863	355.46341109653173	1.33002	30.887289	0.0766442431587898	0.043309656850126	0.0884544809	-0.0300491964	0.0773672233	-0.0358829654	-0.0571131115	0.0733251909	-0.1019055999	-0.108618174	0.050769735	-0.0524227884	-0.0011930162	0.0375509194	0.0507476339	-0.0367660668	0.0821217803	-0.0760442111	0.0231689851	0.0125474392	0.0374681312	-0.1158195506	0.0064809405	0.057342863	0.0761172819	-0.0600361517	0.0071089695	-0.0378975371	0.0679001387	-0.0199758927	-0.0575249653	-0.042315292	-0.0088277935	-0.0040052497	0.0080455746	-0.0739431046	0.0678401993	0.0258857639	0.1511743589	0.1706322326	-0.020501976	-0.0139963196	-0.0167963388	0.1296317412	-0.0075817247	0.0444021523	0.0933424543	0.0186668969	0.0678362941	-0.0576807101	0.0462702648	0.0875273021	0.033901677	0.0334264895	-0.0821574619	-0.152064135	0.0359334849	-0.0126949479	0.1393214012	0.1107538876	-0.0584313215	-0.0501018738	0.078557345	0.0039820566	-0.0390475692	0.0031443008	0.0651178365	0.0839235154	-0.0608433128	0.1148887038	-0.0606704518	0.0277790445	0.0313729103	-0.0691123955	-0.0267021095	-0.0390131265	-0.0680939591	-0.0244643482	-0.0566025086	0.0285441206	0.0882250117	-0.1199977704	-0.0989861526	-0.0020109705	0.0410025034	-0.0406480749	-0.0320287536	0.016857832	0.0361115193	-0.0418924676	0.0465002806	-0.0129377168	0.1135634384	-0.0581428428	0.0132936573	0.1237548377	0.0543636059	-0.0093129208	0.0327833596	0.0599509291	-0.0890533505	-0.0342042149	-0.1165040727	-0.0045773714	0.0024110065	-0.0715627397	-0.0149747473	-0.0194545104	-0.0409062164	-0.0934042539	-0.2409791486	-0.0738745941	0.1448931679	-0.0897530076	-0.1108935319	0.1145954779	-0.055703976	0.00882545	-0.0838212177	0.0220379432	0.0310378422	-0.058814658	-0.0664748829	0.0015317766	0.1321026358	0.0091587458	-0.0189245175	0.0036268398	-0.0269394154	0.0064075313	0.1101316819	0.0337019141	0.0482561018	0.1231128392	0.0261043353	0.0234685169	0.0096951095	0.0864713441	0.0495458668	-0.0007853901	-0.0509041416	-0.0872496007	-0.0022166939717322	0.0103224621826428	4.913732164313875e-06	0.000106553225512	0.0453140449974256	0.0134961803237984	0.0020533626740287	0.0001821468833324	-0.0869654180313688	-0.0369245605088935	0.0075629839333707	0.0013634231687749	0.0002759136298852	0.000153538101858	2.3573948722157596e-08	7.612833115642713e-08	-0.000370563879644	0.000164464121543	2.7048447274910686e-08	1.3731758889681294e-07	-0.0004649487276383	1.857946809998099e-08	3.451966348782112e-16	2.161773193324741e-07	0.0	0.0	0.0	0.0	0.0	0.0	0.0	0.0	0.0	0.0	0.0
304.9500573044182	-1.1675105623650095	92994.53744996792	1.3630809132338613	551.8172262509664	3.124815217653918	304502.25118731026	9.764470144481502	299.98150836341944	0.0357772635740616	89988.90535999229	0.0012800125888478	348.5614205062969	355.03440888150993	1.217505	28.274343	0.1496187056827166	0.0898757167248251	0.0790293626	-0.0311906426	-0.0629852954	0.0134546629	-0.0379368011	-0.0619349325	-0.0821610753	0.0115283642	-0.1254925386	-0.0328316279	0.0926183	0.0048731448	-0.0368817987	0.0236796478	0.0438779886	-0.0495164608	-0.0737517446	0.0368293103	0.0708231887	-0.0233750041	-0.04667111	-0.013400969	0.0571762038	0.0105679807	0.0331559793	0.0228586151	0.0443369476	0.0107742539	0.0186709674	-0.1700322158	0.0160150293	-0.0747980682	-0.0016942353	0.0007285542	-0.0255484598	0.0978076896	0.0126163233	-0.0674259345	0.0001836537	-0.0773755767	-0.0086339884	0.0621367542	-0.0239012968	0.0430179746	-0.0995650436	-0.0128759068	0.0004380807	-0.0126221908	0.0808159812	0.060256457	0.007940728	-0.0684328709	-0.077928433	-0.0267024264	-0.1291102447	0.0086254895	0.0565713327	-0.0145936794	0.0891800241	-0.0321571813	-0.0027928286	-0.0360465894	0.0218724909	0.0049029653	0.0166053574	0.0441069362	-0.0144066897	0.0362830195	-0.0399897043	0.1083455013	-0.0619948975	0.0465543051	0.0036705994	-0.064646026	0.0452191248	0.0338343982	0.0038079374	-0.0208314278	-0.1099877308	-0.1500489337	0.0102158462	-0.0888669282	-0.064779086	-0.0071360899	0.0161757805	0.0122205292	-0.0898212653	0.0323210867	-0.0074568686	0.0364259841	0.0872333367	0.0135576809	0.0048100628	0.0095784436	-0.0534904158	0.0299201192	-0.1184954917	0.0125759797	0.0987591229	0.0070146499	-0.0662357316	0.1656366238	-0.0310898871	0.0202722493	-0.0105653517	-0.009973247	-0.0562640601	0.039007626	-0.0352608285	-0.0505100847	0.0720448788	-0.0120908239	-0.0759961477	0.0123004141	0.0628426315	0.0228067277	-0.072687436	0.0274481334	0.0170960715	-0.0876791316	-0.0818317376	0.052433011	-0.0433936273	-0.025018483	-0.0356403957	-0.1637814115	-0.0976634433	0.0504299022	0.1269292039	-0.0215803561	-0.0308157891	0.06680609	-0.0842140079	0.1579262828	0.0114577494	0.0856717519	0.0467929814	-0.005495018	-0.0562083378	-0.0908143174	-0.0041673802166712	-0.001950686244939	1.73670578703025e-05	3.805176826194217e-06	-0.0274424966898862	-0.0727565416873118	0.0007530906245744	0.0052935143582975	-0.034284554569453	0.0526808634619158	0.0011754306820258	0.002775273375093	0.0004139702891708	0.0001380566592855	1.905964117310024e-08	1.7137140031615576e-07	-0.0003670330222036	3.5308574404000013e-06	1.2466954264428047e-11	1.3471323938790836e-07	-0.0001619239585933	0.000303024769045	9.182401065477563e-08	2.621936836652473e-08	0.0	0.0	0.0	0.0	0.0	0.0	0.0	0.0	0.0	0.0	0.0
305.1536927267532	0.2036354223350258	93118.77618477371	0.0414673852295643	543.3459792613983	-8.471246989568158	295224.85317952785	71.76202555826758	299.7008317822524	-0.2806765811670288	89820.58857097395	0.0787793432156117	347.2223649863084	348.5167618936772	1.364185	31.680702	0.1315935017026128	0.0701272312623406	0.0535207401	0.1328937863	0.0407635505	0.0923044666	0.1379527767	0.0774013996	-0.0182162368	-0.0202279397	0.0041540722	-0.13677329	-0.0234502418	-0.1200719228	0.0299591944	-0.0626400686	0.0448183319	-0.070429006	-0.044409068	-0.0119658791	0.0177035096	0.0180961653	0.0241539666	0.0343696892	-0.0743466818	-0.0548639501	0.0089360327	0.0319836401	-0.0403568891	-0.0762856957	-0.0372458304	-0.0350095625	0.1800594078	0.0936171	-0.0308423559	-0.0445943652	-0.0829571335	0.0300935911	-0.0853792155	0.0746829087	0.0454921277	-0.0400924061	-0.0936372718	-0.0182707353	0.0775124397	0.0451192295	-0.1200852867	-0.0905680932	0.0721723379	0.031100841	-0.0530609869	0.0983872604	0.0350835486	0.0186257642	0.0701553945	0.0298227721	-0.083341831	-0.048811889	0.0045546566	-0.006801613	-0.1135869413	0.1673876741	0.0378798287	-0.0261352988	-0.0370164852	-0.0287005065	-0.1235256554	0.053311714	-0.0962084908	-0.0798894991	0.0453471836	0.0113942919	0.0704126589	0.0834073925	-0.13474561	0.0058365049	-0.0107511286	0.0178784751	-0.0026357324	-0.017864683	0.0458251455	-0.0780683548	-0.073256544	-0.0396361663	0.1064595447	0.0069601249	0.0087967209	0.1024630208	0.1050865342	0.0130451124	-0.0558446887	0.0497242562	0.0359169489	0.0785791173	0.0277033753	0.0373689042	0.1184131811	-0.0209638371	0.0326369216	0.012237245	0.1532388845	0.0531965657	-0.1152797366	0.0052903001	0.0786893925	0.1109448559	-0.0053792329	-0.0674089448	-0.0760365574	0.0453333725	0.0616909512	0.0280342236	-0.0394542795	-0.0506722858	-0.0511978099	-0.0473188881	-0.0773948403	0.0062880911	-0.0323984577	0.0319354412	-0.092416248	-0.0100304519	-0.1017042486	-0.1192542811	0.0550590818	0.0189994924	-0.0238440352	-0.0323900361	-0.0370935777	-0.0623060297	0.1450969463	0.0221583647	0.0226190597	-0.0366597773	-0.0458849225	-0.0328133477	0.1278214793	0.0848510215	0.043993917	-0.0101924456	-0.0612907054	-0.0938191336	0.0079547165031783	0.0121220967198495	6.32775146459372e-05	0.0001469452288853	0.0284507594632117	0.0558932561530979	0.0008094457140335	0.0031240560833958	0.0025913421404624	0.0368758967099154	6.715054088936252e-06	0.0013598317581603	0.0001229439606566	-0.0002910263285142	8.469632388845507e-08	1.511521746193161e-08	-0.0005800112023095	-0.0002129781801058	4.5359705201221146e-08	3.364129948045117e-07	-0.0001919644923682	-3.0040533774900016e-05	9.024336694809088e-10	3.685036633018072e-08	0.0	0.0	0.0	0.0	0.0	0.0	0.0	0.0	0.0	0.0	0.0
305.522620861991	0.3689281352378089	93344.0718583799	0.1361079689700469	548.6151648044586	5.269185543060303	300978.5990534232	27.764316287195697	300.7238789868327	1.02304720458028	90434.85139288718	1.046625582799525	349.0011234459393	352.97923557548216	1.238886	28.770868	0.1570691926961596	0.0932005657119987	0.0994400144	0.0472964688	-0.0723888842	-0.0223273499	-0.0346748753	-0.0199377376	-0.1418367274	0.0385229164	0.0247310992	0.0685543551	-0.0101596063	-0.0575530146	0.0016540615	-0.0715834381	0.1089951058	0.0048725628	0.0588620688	0.0154072293	-0.0433859892	-0.0574028843	-0.0023002259	-0.0542218022	-0.1284313308	-0.0187805555	-0.1666177245	-0.0877142739	-0.0647533722	0.034831893	-0.0043351605	-0.0082064677	0.1329529462	-0.0203725406	0.0064244865	-0.0586866176	-0.0009587499	0.0668585129	0.016542362	0.0342436884	0.0987722535	0.0378290561	0.1348758343	-0.0463640807	0.0021903582	0.0978791789	0.0928224868	-0.0329426443	0.011301261	-0.1842255931	0.0163371716	-0.0373023754	-0.0660812026	0.0272636428	-0.0026257993	0.0039767492	0.0492393902	0.0185606648	-0.2149981839	-0.0557650937	-0.0076991149	-0.0161873451	-0.008190631	-0.008765933	0.0354179448	-0.0433855538	0.110141149	0.106027639	0.0294841438	0.0526789179	0.0138768248	-0.0098156647	-0.1019933363	0.0491937362	0.0079324008	0.059802865	-0.0540303224	-0.0871859021	0.020470228	-0.0541271364	0.0143058508	0.0003198429	0.1188167324	0.0675040586	0.061426946	0.0057308515	0.0733466478	0.0784659552	0.0718673019	0.017625272	0.059473025	0.0442814108	0.1191680723	0.1043639065	0.0976908712	0.0423290124	-0.072835003	-0.0613959226	0.1129526861	0.0459571125	-0.0397505911	-0.1693318656	0.060772432	0.1113351504	0.0040670456	-0.0520536559	-0.045353322	0.126461759	0.0591568228	0.1149250702	-0.0439712952	0.0836581297	-0.0255843273	0.0126504156	-0.0657108005	0.0197996352	0.007705671	-0.0435469378	-0.0579905406	0.0903570025	-0.0168466889	-0.0116932436	-0.1570685436	0.0241041605	-0.0407871432	0.0197057687	-0.0236300083	-0.0026502746	-0.0341467557	0.0335519244	-0.0405682163	-0.0059071308	0.0630247791	-0.000773855	0.0556227405	0.0399012061	-0.0176526492	0.0840093554	0.0411514359	-0.0148672434	-0.0661311865	-0.0962455236	0.012028932557456	0.0040742160542777	0.0001446952184718	1.6599236456934157e-05	-0.058542103928346	-0.0869928633915577	0.0034271779323572	0.0075677582810622	-0.0233205810731718	-0.0259119232136341	0.0005438495015903	0.0006714277646292	0.000356796816002	0.0002338528553454	5.4687157953196575e-08	1.2730396790916506e-07	-0.0008750829729606	-0.0002950717706511	8.70673498351754e-08	7.657702095655622e-07	-0.0004648436671055	-0.0002728791747373	7.44630440053099e-08	2.160796348480889e-07	0.0	0.0	0.0	0.0	0.0	0.0	0.0	0.0	0.0	0.0	0.0
304.6344186482894	-0.8882022137016179	92802.12902518125	0.7889031724244545	550.0805807113647	1.4654159069061734	302588.6452757523	2.1474437802136426	300.29283916992284	-0.4310398169098448	90175.78925673314	0.1857953237616725	348.3002307999315	352.9060513482677	1.201851	27.910805	0.1430218037496566	0.07689047682495	0.0395036996	-0.0163119658	0.0480251614	0.0539026321	-0.0061671465	0.0011349264	0.0334694191	-0.1123267029	0.030617691	-0.0794641482	0.0814949168	-0.0664601524	0.0379095868	0.0307899978	0.0273963913	-0.0029405332	0.0292595264	-0.0051318297	0.0147978841	-0.0557760368	0.0006966174	-0.1468170718	0.0525124241	0.0729503582	0.0055048048	0.0203174198	-0.0371144272	-0.1579565154	-0.0530183245	-0.0772917909	-0.0587391162	0.044936798	0.1093000596	-0.0529143179	-0.034277876	0.0683820523	0.0547379379	0.1462750048	-0.0253341401	-0.120164574	0.0468952831	0.0010289663	0.0184670729	-0.1565263809	0.0296009872	-0.0785420427	0.0582179025	0.045293283	-0.0573168199	-0.0213302243	0.0694364325	0.0502270649	0.003885159	-0.0064418438	-0.0826096319	-0.1110658918	0.0884995268	-0.0260567574	0.0081272743	0.048506525	-0.2094844866	-0.0194323913	0.0273027418	0.0292223693	0.0205643842	0.0258357091	0.006260582	0.0452598057	-0.0419733909	-0.0218151285	0.0890000876	0.0084975626	-0.1032999521	0.0284052332	0.029834945	0.0567658795	0.0436644138	-0.0725395944	0.009306964	0.0808555567	-0.1061368538	-0.0204555493	0.0550789832	0.0985111517	0.1033875981	-0.0420681009	-0.0100954768	-0.0292743219	0.0778850386	-0.0333483579	0.035764701	0.0995494377	0.033506151	0.0782251983	-0.1182133081	0.0288675	-0.074075359	0.0166363502	-0.0604636533	0.0506171103	0.0033834948	-0.0688790058	-0.0060975963	0.0045594397	0.0366606322	-0.0012629195	-0.035791268	0.1327258272	-0.0237544724	0.0574884406	0.0592580874	-0.0173986927	-0.0373957633	-0.0422591764	-0.0298953492	-0.0070025546	-0.0289811451	0.0773213037	0.0219943106	-0.0481662996	-0.0862542722	-0.0544524067	0.0797567004	-0.0624178878	-0.0081429759	0.0336774048	0.0360602194	-0.0617391543	0.1264582731	0.0016607408	0.051286858	-0.0605357866	-0.05626107	0.0757622758	0.0769775312	0.0831469612	0.0382683432	-0.0195090322	-0.0707106781	-0.098078528	0.0091608793174486	-0.0028680532400074	8.392170986885754e-05	8.225729387516944e-06	0.0072787899408695	0.0658208938692155	5.298078300330302e-05	0.0043323900697425	-0.0007747480928799	0.0225458329802918	6.002346074210421e-07	0.0005083145847752	0.0001230271201659	-0.0002337696958361	5.4648270691302725e-08	1.5135672296314795e-08	-0.0006249942729128	0.0002500887000478	6.254435789159848e-08	3.906178411737996e-07	8.703841021343606e-05	0.0005518820773189	3.045738272658641e-07	7.575684852482371e-09	0.0	0.0	0.0	0.0	0.0	0.0	0.0	0.0	0.0	0.0	0.0
305.75472941416115	1.12031076587175	93485.9545591269	1.2550962121281468	547.848060464859	-2.2325202465057146	300137.49735510786	4.984146651057936	300.34217405300524	0.0493348830823947	90205.42151488567	0.0024339306887535	348.57461228295773	349.7609209132709	1.073537	24.930941	0.0969825459731784	0.0575816520676625	0.0713156861	0.0311373807	0.0086438771	0.0305838811	0.0917797652	-0.0060850682	-0.087307522	0.03336066	-0.0188543038	0.0289609443	-0.0539168942	0.0057348511	0.017048441	-0.0864912717	0.0894611262	0.0018613513	0.0667037986	-0.0570251526	-0.0476025453	-0.0039543885	0.0075807243	-0.0361458635	-0.0155866828	-0.0666395775	-0.0726923302	0.0288677287	0.0066465427	-0.0343375277	-0.0154365322	-0.0205481049	0.0702250827	0.0363975089	0.0642367171	-0.0740281388	0.0851058943	0.0188113543	-0.0992460079	-0.0369784448	-0.012250128	-0.0187926796	0.0237435113	-0.0609254926	0.0196809604	-0.0772395574	-0.0842536783	0.0015412326	-0.0108512483	-0.0055494423	0.1966713079	-0.0717619778	-0.1095665693	0.0550046548	-0.0185573105	-0.0071287315	0.0529211066	0.02915293	0.0453230542	0.0381125597	-0.0100890813	3.48758e-05	0.0508852728	-0.0183289228	-0.0524037556	0.0338072358	-0.1286827169	0.0878166349	-0.0054445765	-0.0286869669	0.0576806887	-0.0521165067	-0.1255838914	-0.034694626	-0.0794682529	-0.0340747348	-0.0037256194	-0.0496519451	0.0146735942	0.0267577357	0.0747950668	0.0284018134	-0.0171361683	-0.0076810295	0.0510886318	-0.0165872462	0.0634309993	-0.0386169022	0.0276735174	0.0153520609	0.021405695	0.114336247	0.1021232444	0.1116911809	0.0549741185	-0.026062155	-0.0599581903	0.1018458681	0.0455762058	-0.0499069319	0.0711204135	0.0451556747	0.06550714	0.0417441494	0.0557915116	-0.0278102961	0.01080348	0.0850353206	0.1043072022	0.0166739595	-0.054827916	0.024772153	-0.0747699985	0.0099738046	-0.0371962671	-0.0224019011	-0.0335052093	-0.0558199336	-0.0110240319	0.1054080447	-0.0940251632	0.0305143114	-0.0750003031	-0.0501983522	0.096514037	0.0264897753	-0.0795754463	0.0054744879	-0.0137728964	-0.0143173437	-0.0256657176	-0.0266705127	-0.0191639352	-0.0719176953	0.0768492134	0.0496771785	0.0137514379	0.0822640518	0.0353474844	-0.0241075061	-0.075011107	-0.0993068457	0.0120536906994175	0.0028928113819688	0.0001452914594772	8.368357691648814e-06	-0.0464240762543823	-0.0537028661952518	0.0021551948560727	0.0028839978375851	-0.0112681268659358	-0.0104933787730559	0.0001269706830668	0.0001101109980748	0.0002369445213864	0.0001139174012205	1.297717430083238e-08	5.6142706215030174e-08	-0.000898014586345	-0.0002730203134322	7.454009154661674e-08	8.064301972883816e-07	-0.0001238936675919	-0.0002109320778053	4.449234144727634e-08	1.5349640869372213e-08	0.0	0.0	0.0	0.0	0.0	0.0	0.0	0.0	0.0	0.0	0.0
305.58369804922586	-0.1710313649352883	93381.39651344044	0.0292517277916277	552.562668911616	4.714608446756984	305325.5030747282	22.227532806232297	300.2447412327101	-0.0974328202951255	90146.90463789704	0.0094931544706622	348.8503307645917	355.72872393491457	1.07336	24.92683	0.0674114200418032	0.0397786085052086	0.0375575711	-0.0360775755	-0.0441029479	-0.0122505342	-0.0595678623	-0.0227392054	-0.0085726247	-0.0587008482	0.0244347088	0.0341345561	0.0751260084	-0.0637956667	0.0375061554	0.0063886413	0.0482701133	0.0537429859	0.0238237058	-0.0566109627	0.0117515511	-0.0234590309	0.0230503866	-0.0636972023	-0.0070503237	-0.0322497104	-0.0194128321	-0.0190494103	0.0103501571	-0.0745286704	-0.0129975872	0.0174518674	0.006778293	0.0277254303	-0.0141753906	0.0929762647	-0.0494005376	-0.0663784998	-0.0789085591	0.0767918328	0.0014805918	0.0003060694	-0.0230454703	-0.0683393078	-0.1205489599	0.1349290252	0.0032772258	0.0414358151	-0.0143701323	-0.0901018181	-0.0929607728	-0.0545111344	-0.0949325572	0.1027033714	-0.0379485855	-0.072127271	0.0244267749	0.0330460408	0.0357051838	0.0419119514	-0.0376215757	0.1244241986	-0.1383287914	-0.0740315238	0.0903582244	-0.0690315501	-0.0657126332	0.0360161201	0.0719785386	0.0455835818	-0.0593466191	-0.0325259522	0.0052459184	0.002952291	-0.0589182815	0.0565846366	-0.0653359706	0.0297335243	-0.0001034648	-0.0366436538	-0.016014796	-0.0035740183	-0.0055580672	-0.0067706243	-0.0179172645	0.0126054197	0.0462847046	-0.0473673643	0.0548598015	0.0528742866	-0.0742349491	0.0035880578	0.0548171305	0.0135553484	0.0765346228	-0.0754955447	-0.0178955813	-0.1305301015	0.0076441269	-0.0698016721	-0.043127444	-0.011586155	0.0163955435	0.0670033116	-0.0053151956	-0.0449242901	0.0005216064	-0.1354924014	0.1029828343	-0.0229459016	-0.0480941295	0.0198768786	-0.0111156482	0.0539073723	-0.0300583426	0.0224835328	-0.0721930226	-0.0355884247	0.0100806615	0.1020485463	0.0338124736	-0.0141828409	-0.0872695399	0.0048115455	-0.0004850709	-0.0106784838	-0.0141094131	0.1061532713	0.0481318835	-0.0331425628	0.0520903497	-0.090170655	0.0122219747	0.028112376	-0.0664287738	-0.0306481988	-0.0081802152	0.081360845	0.0323917418	-0.0286524553	-0.0790155012	-0.0999229036	0.0186298623281686	0.0065761716287511	0.0003470717703665	4.32460332907909e-05	-0.0826915182250616	-0.0362674419706793	0.0068378871863656	0.0013153273470965	-0.0145913151059886	-0.0033231882400528	0.0002129064765222	1.1043580078825227e-05	0.0002130589975048	-2.3885523881600013e-05	5.705182510984846e-10	4.5394136417750376e-08	-0.0007739838938625	0.0001240306924825	1.5383612677688498e-08	5.990510679585576e-07	0.0001530824800904	0.0002769761476823	7.671578638492727e-08	2.3434245710627713e-08	0.0	0.0	0.0	0.0	0.0	0.0	0.0	0.0	0.0	0.0	0.0
305.8665323025116	0.2828342532857277	93554.33558276336	0.0799952148316952	548.756481663386	-3.806187248230003	301133.6761675781	14.487061368588684	300.8526752401641	0.6079340074539914	90512.33219916363	0.3695837574190697	349.14448496196314	349.3573221549713	1.23478	28.675514	0.1113083152078408	0.0684282946591407	0.0697363407	-0.0116539441	0.0990214715	0.0594538153	0.0838634184	-0.0038815396	-0.0263308237	-0.082085155	-0.1059162535	0.0622650594	-0.0270537023	-0.0285099868	0.0597287073	-0.1242130625	0.0935358807	0.0995787917	0.0541708307	-0.0637387038	-0.044790224	0.0059319558	-0.004730176	-0.0164984961	0.0294655325	0.1156387189	0.0614007185	0.0032577717	0.0604745739	-0.0079058111	-0.0556607264	0.0151279676	0.0546588337	0.0825149105	0.0573035956	0.0955082642	0.0612486435	-0.0197560974	0.0249104306	0.0454303431	0.0648051082	-0.0905300807	0.1148600117	-0.0109838001	0.0444883038	0.0048644567	-0.0057607628	0.0291227626	-0.0479051741	-0.0159047027	0.0859680391	0.0560960783	-0.1453399064	-0.0223076453	0.059438725	-0.0043534239	-0.0501747696	0.0200078053	-0.0078977827	0.081683554	0.1650148567	-0.0627309421	0.0622638079	-0.0542229927	-0.0107216635	-0.0493642993	-0.0582113859	0.0838753387	0.0957592617	-0.0476064191	0.0382859217	-0.0514757082	-0.0449030337	-0.091064001	-0.123082572	-0.0635058216	0.0659978078	0.0240953611	-0.0035025325	0.0286654245	0.0217197371	0.0387818515	0.0237237292	0.0104979319	-0.0309099506	-0.0164338188	-0.0304622498	-0.0541597573	0.0337127269	-0.054252953	0.0908241198	0.0760791399	-0.0084431794	-0.0156627409	-0.0164198008	0.0454759235	-0.0056028924	0.0380266641	-0.007517863	0.0485724116	0.1243975655	-0.070191602	-0.1020691501	0.1030823021	0.003004865	-0.0144406837	-0.0882051029	0.056018897	0.0398557689	-0.0555303285	-0.0940377409	0.0304398895	-0.0068732929	0.0942219325	-0.0300058527	0.0337352751	0.0139292485	-0.0504261112	-0.0259866389	0.1230770903	-0.0187120542	0.0999629568	0.0724432952	-0.0601261742	0.0803650649	0.0570965109	-0.032152587	-0.0135146946	-0.0175604741	0.0838623555	0.0531996682	0.0311004028	-0.105607756	-0.0489898977	0.0013679244	0.0165699188	-0.0142932925	0.0804375635	0.0294040325	-0.0331337888	-0.0827080574	-0.0999229036	0.0304048074249436	0.011774945096775	0.0009244523145479	0.000138649332032	-0.1474420943621623	-0.0647505761371007	0.0217391711899007	0.0041926371100864	-0.0232560548063887	-0.0086647397004001	0.0005408440851577	7.507771407568962e-05	0.000307947768554	9.48887710492e-05	9.003878871227495e-09	9.483182815738794e-08	-0.0009360174445507	-0.0001620335506882	2.6254871548625484e-08	8.761286565032227e-07	-0.0001123562836435	-0.0002654387637339	7.04577372925812e-08	1.2623934474178626e-08	0.0	0.0	0.0	0.0	0.0	0.0	0.0	0.0	0.0	0.0	0.0
305.68907141870704	-0.1774608838045424	93445.80838483135	0.0314923652806892	552.298076693217	3.541595029831001	305033.16551902663	12.542895355323648	300.3858968509688	-0.4667783891953263	90231.68702696083	0.2178820646197835	349.06957280062227	354.11170449462725	1.493802	34.690823	0.1735431583239831	0.112032945326673	0.0544650953	0.1230977186	-0.072746046	0.009560386	-0.0706974707	-0.0304065486	-0.0931041391	0.0945772951	-0.0614848749	0.064796152	-0.012594059	-0.0993010862	0.0119586836	-0.0772718373	0.048446249	0.0144321596	0.0324333282	-0.040129263	0.0909584434	0.0322349975	0.0523870752	-0.0684870936	-0.1244417305	0.0346555471	-0.0405221562	0.0141308447	-0.0585489806	-0.1787658019	-0.0139051574	0.0478583266	-0.0422762191	-0.0190776335	-0.1839832364	-0.0250488195	0.125590793	-0.0751102542	0.0856405268	0.0026050526	0.0449916484	-0.0573906861	-0.1200951188	0.0130027323	0.0431640731	-0.0128773238	-0.0374535914	0.0094231155	0.1199152152	0.0654826872	-0.0333145309	0.0003515437	-0.0734102476	0.0840498232	0.0906968186	0.1080731626	-0.0014795979	-0.0011995133	-0.030885427	0.0023125173	0.0611903719	0.0165705424	0.0310447836	-0.1189724726	0.0415509161	-0.042435079	-0.0171131196	0.0370578566	0.0481160795	0.0504858834	0.0080133809	0.0101272299	-0.1474814057	0.1200998225	-0.076145948	-0.0253578647	-0.1494292479	-0.0361312514	0.1424162941	-0.0866966102	0.0094520386	0.0431316728	0.0411343275	-0.0454430571	-0.0281042444	0.0210477176	0.0492685022	0.0143030335	0.0144084364	-0.0459266643	0.0099375309	-0.0300968814	0.0195966073	-0.1186386999	-0.0595325451	-0.0169945792	0.0424259306	0.0509259643	-0.0373678117	-0.0915569315	0.0067133066	0.0069033698	-0.0174200059	0.2065883198	0.0564161101	0.0094364526	0.0009146592	-0.1325099246	0.0707058173	-0.0126443637	-0.0064382288	-0.0819761103	-0.1406814406	0.0310051547	-0.0181738079	-0.020607188	0.0357142403	-0.0553980656	-0.0137776405	0.0605852896	0.0201098737	-0.0268761364	-0.2317827463	-0.0540633369	-0.0989867058	0.0288787565	-0.0879107379	0.0433477822	-0.0317018885	-0.0036674633	0.0205590432	-0.0951482459	-0.0639833539	0.034287634	0.0446340841	-0.014336442	-0.0259188762	0.0794944353	0.026387305	-0.0375415571	-0.0860742027	-0.0993068457	0.0131393647716038	-0.0172654426533397	0.0001726429066012	0.0002980955100157	-0.0414992315954521	0.1059428627667102	0.0017221862230129	0.0112238901712059	-0.0061522251432251	0.0171038296631636	3.78498742129311e-05	0.0002925409891465	0.0004830235280553	0.0001750757595013	3.0651521564957044e-08	2.333117286549892e-07	-0.0006329818532011	0.0003030355913496	9.183056962460181e-08	4.006660264818989e-07	7.415283032098958e-05	0.0001865091139644	3.4785649591818964e-08	5.498642244613472e-09	0.0	0.0	0.0	0.0	0.0	0.0	0.0	0.0	0.0	0.0	0.0
305.4464082186159	-0.2426632000911581	93297.50829365334	0.0588854286784814	550.9379308700561	-1.3601458231609058	303532.60367137875	1.849996660262058	300.02971813660986	-0.3561787143589185	90017.83176513355	0.1268632765623721	348.35629631961206	353.3212049484253	1.590452	36.935345	0.0982612447579995	0.0692089984244274	0.0305689567	-0.1344602418	0.0395407084	0.0566993117	0.0205410429	-0.0478473948	0.0371967879	-0.0955562364	0.0647324945	-0.0970768392	0.0279149108	-0.0090572331	0.0531496011	0.0086220297	0.0453977831	-0.0425243676	0.0211069484	-0.099335546	0.0408597875	-0.0695531493	0.0326941854	-0.0689611655	0.0235606054	-0.0147177765	0.0538871727	-0.0573425203	-0.1076861592	0.0477131768	-0.0033762282	0.0777200386	-0.023330512	-0.0456580023	0.0622404353	0.0842125457	0.0487476511	-0.0755945726	0.1239527381	0.0095862	-0.0368289352	0.1075607822	0.0575559884	-0.251198176	0.0347065783	0.0329145865	-0.0784297095	0.0323399103	0.0495502429	0.1094440047	-0.0511999057	-0.0129700591	-0.0682728701	-0.0012633624	-0.0003558044	0.0300194478	-0.0409387566	0.1428346554	0.0427268256	0.0649052344	-0.0459364374	0.1060900512	0.114939498	-0.0478730794	0.0189869215	0.0252065214	0.0591671522	0.0378729427	-0.0320934302	0.0036243555	-0.1085974849	-0.0794458998	0.0526611745	-0.0203060144	-0.0666773925	-0.0205887111	0.0420933759	0.0849054891	-0.1057415037	-0.0005450009	-0.0112723165	0.0701754536	-0.0267638413	0.0044425301	0.0862892838	-0.0527520459	0.1128273919	0.0095467105	0.0117122251	-0.061300972	0.0601607524	0.0369762566	-0.0276611421	-0.1751225157	0.0475749437	0.0579307082	-0.0953363906	-0.1116169314	0.1367461826	-0.050704305	0.0968262605	0.0602318126	0.1479926855	-0.0421910731	0.0387260031	0.0872053745	-0.0042508559	-0.0587860135	0.0394543533	-0.0179465774	-0.0571425047	0.036753647	-0.1940091774	-0.0304338357	-0.0208421274	-0.0544419537	-0.0735099331	-0.0336995716	-0.0244549996	0.0502492145	0.007828746	-0.0291344098	0.0137433404	0.0513397751	0.1475451396	-0.080717696	0.0014991457	-0.0321074767	0.0214951427	0.022167837	0.089643931	-0.0823550657	-0.0464123732	-0.0317891716	-0.0878478063	0.1106680351	0.0886994411	0.0785316931	0.0233445364	-0.0418659738	-0.0891006524	-0.098078528	0.0150387874368789	0.0018994226652751	0.0002261651275716	3.607806461360765e-06	0.0269248719510954	0.0684241035465475	0.0007249487295828	0.0046818579461486	0.004106990040988	0.0102592151842131	1.6867367196774614e-05	0.0001052514961959	0.0003909822800796	-9.204124797570004e-05	8.471591328924307e-09	1.5286714333624278e-07	-0.0007740091630783	-0.0001410273098772	1.98887021311998e-08	5.990901845291704e-07	-4.6348679065388106e-05	-0.0001205015093863	1.4520613764395272e-08	2.148200051106345e-09	0.0	0.0	1.0	0.0	0.0	0.0	0.0	0.0	0.0	0.0	0.0
306.1679091712117	0.721500952595818	93738.78860627134	0.5205636245966728	548.8234052181244	-2.114525651931672	301207.1301152176	4.471218732677062	300.406596507899	0.3768783712891377	90244.12322545964	0.1420373067455531	348.33688365334257	350.62460344095024	1.347253	31.287493	0.1035640345853071	0.0911062059883119	0.0433355051	0.0945985482	0.0638002874	0.0384825486	0.1045224204	0.0562663099	0.0081510126	-0.0064623279	-0.0822871481	0.026373725	-0.0363790821	-0.082615949	0.0002893998	-0.0929644408	0.0613943467	0.0346075998	0.0390508812	-0.079406142	0.0117787572	0.0592891529	0.0383966006	0.0233118004	-0.0291628483	-0.0101763356	0.0296136222	-0.0224388025	-0.0196132186	0.0067016221	-0.1089571392	0.061409938	0.0085025071	-0.0276261336	0.0443178384	0.0584112258	0.0417553733	0.0402064648	0.0050069018	0.004838149	-0.0232450615	-0.0083229225	-0.001140485	0.1358149913	0.008761165	-0.1618156799	-0.0208075273	0.0586948125	-0.1546283271	0.1751924957	-0.1036749053	0.0402533715	-0.0757415759	-0.0532042666	-0.0509515075	-0.1223194371	-0.0345951907	0.0451401727	-0.0728002521	0.021335824	0.0318012756	-0.0467115996	0.0292078492	-0.0244308035	0.0970325216	-0.0667105602	-0.0229434571	0.0585842196	0.0241383799	-0.0891218448	0.0566193892	-0.0824980255	0.0051695442	0.0177354278	-0.1491438765	-0.0404089612	-0.0261832079	-0.0199196213	0.0105056953	0.039744822	0.0646666504	0.0313122145	0.0276534155	0.0690358326	0.0285417612	0.0160060719	0.0102131314	-0.0771083416	0.0681890794	0.0432331247	-0.0080792407	0.071449842	-0.0020542383	-0.0372757531	0.0198020744	-0.0495386219	-0.0609717018	0.0624237423	-0.0674633613	-0.0312964836	0.0068836366	0.0047421327	-0.0868075833	-0.0230808791	-0.1276923984	-0.0509872971	-0.0551495125	0.1037752876	-0.1435582169	-0.0120798147	0.0976574677	0.0162286597	0.0325068776	0.0396419989	-0.0128967335	-0.0199258855	0.0044634022	-0.0899444232	9.75842e-05	0.0480117689	-0.0473432354	0.0603369644	-0.0781448983	-0.1489493459	0.0548595309	0.0081380447	-0.0330640563	0.0286256325	-0.0392683921	-0.0173850878	0.0192754207	-0.0607878074	-0.1451001137	-0.0748552551	0.0301755941	-0.0242314631	-0.0163431995	0.0775495743	0.0202787295	-0.0460974375	-0.0917754626	-0.0962455236	0.0081455350173627	-0.0068932524195162	6.634974071908198e-05	4.751692891916595e-05	-0.0637581428587594	-0.0906830148098548	0.0040651007807979	0.0082234091750043	0.0033679944500804	-0.0007389955909075	1.1343386615772375e-05	5.461144833808727e-07	0.000368993124245	-2.198915583459998e-05	4.835229743183222e-10	1.36155925740086e-07	-0.000717003821526	5.700534155229995e-05	3.2496089654943754e-09	5.140944800828881e-07	-2.036774115171845e-05	2.598093791366965e-05	6.750091348739572e-10	4.1484487962340525e-10	0.0	0.0	0.0	0.0	0.0	0.0	0.0	0.0	0.0	0.0	0.0
306.5866063860512	0.4186972148394829	93995.34721531549	0.1753073577143401	553.754502471288	4.931097253163557	306644.0490072237	24.315720120157177	300.5886454027057	0.1820488948067122	90353.53374503356	0.0331418001003453	349.1246375476473	355.1152012859317	1.198015	27.821724	0.1335503034520511	0.1003259999942743	-0.011754303	-0.037558142	-0.0376022039	-0.0035430212	-0.0820683756	-0.0427875381	0.013310866	-0.0194695703	0.1208220673	0.0288259271	-0.0986515792	-0.0085839492	0.0635630466	-0.0382692336	-0.0123687401	-0.0146805988	0.0333095062	-0.0361091219	0.1309938523	0.0200474669	-0.0188954386	-0.0231038726	-0.058550795	0.0170062731	-0.0966509772	-0.0407411011	-0.0419096091	-0.0087564767	-0.0185806382	-0.0265866201	0.0009639277	0.012170535	0.0314865745	-0.0086790932	-0.0023745083	-0.1643409467	0.1128048154	0.0090160421	-0.0294379266	-0.0239438873	-0.0384388203	-0.0452196213	-0.204602179	-0.0444015741	0.0890058933	0.0583864667	0.0594068195	0.061273154	0.0685570279	0.091241937	-0.020392974	0.0043691545	-0.0171342155	-0.0707274143	-0.0385580238	-0.0541431652	0.1310186214	0.0722565939	-0.0063845255	-0.0362605794	0.1308834593	0.0318960757	0.0090433144	-0.0032804331	-0.0462032685	-0.0197695378	0.0017698697	0.0366009593	-0.0828372986	-0.0666108834	0.0188680743	0.0524683762	0.0861351317	-0.0721549035	-0.0879104147	0.0314699537	0.0143763874	-0.0301086801	0.082401104	0.0415303516	0.053861093	0.0452712924	0.031103814	0.0074809199	0.0954719974	0.0839995735	0.053158803	-0.0599951	-0.065268887	0.0179064615	0.0340710719	-0.0915197595	0.0724331175	-0.0615366309	0.0867438627	-0.0414911544	-0.0908253577	0.0253325577	-0.0266232972	0.0683856001	0.0159544141	-0.0689835182	-0.0938111152	0.0925817106	-0.0857806426	0.0751811766	-0.0155944962	-0.1459776638	-0.1118513721	-0.0808822092	-0.0118823917	-0.0168213838	0.0190232149	-0.0374532529	0.0016672569	-0.0862494679	0.0255264711	0.0358933057	-0.0108379747	-0.0267335721	-0.0806562671	0.0644810635	0.0306154199	-0.0683724294	-0.0049178127	0.0171638835	-0.0001539755	-0.0289926162	0.0269424177	-0.1022109933	-0.0760196344	0.0926158223	0.0355547927	-0.0612736556	0.0342769226	0.0765483213	0.01719291	-0.0502265533	-0.0940880769	-0.0938191336	0.0211584191650047	0.0130128841476419	0.000447678701562	0.0001693351538399	0.0341302297504029	0.0978883726091623	0.0011648725828152	0.0095821334920701	0.0048135163764513	0.0014455219263709	2.316993990636485e-05	2.0895336396190377e-06	0.0003830529104589	1.4059786213899996e-05	1.976775883805724e-10	1.4672953221103406e-07	-0.0005269616816356	0.0001900421398904	3.6116014934122375e-08	2.776886139122195e-07	0.0001996008281215	0.0002199685692732	4.8386171468106715e-08	3.9840490586788594e-08	0.0	0.0	0.0	0.0	0.0	0.0	0.0	0.0	0.0	0.0	0.0
306.8461646068347	0.2595582207835036	94154.5687339247	0.067370469976298	554.4647314389547	0.7102289676666942	307431.13840967213	0.5044251865128981	300.97284920399727	0.3842038012915623	90584.65595797208	0.1476125609268862	349.8291504602425	360.0482630880617	0.989574	22.981056	0.1814167200493064	0.1408634081086625	0.0106521549	-0.0438159973	-0.0331318662	-0.0340388996	-0.0553683411	-0.0351428352	0.05922445	-0.0362321129	-0.0165391703	0.0556993772	0.0255491423	0.0079088223	0.0001531448	0.0356401319	0.026263684	0.0924780346	0.0921170208	-0.0356220243	0.0570600178	-0.036107911	0.0466240136	-0.1376959638	-0.0628802085	-0.1100062295	-0.0430437963	-0.097817016	-0.087400114	0.0529545118	0.0758713954	0.0197212949	-0.0249045924	-0.0611804696	0.0174465381	0.0678435503	-0.0324207816	-0.004626706	-0.0203125544	0.0328004019	-0.0762920824	0.0331455045	-0.1232051193	-0.0901478275	-0.0119814249	-0.058783044	0.1754254618	0.0686766071	0.1149273451	-0.0007361447	0.0496358456	-0.0489962053	-0.0022414922	-0.0034449676	-0.018566858	-0.1168568688	0.0477770827	0.0961021264	-0.019468494	-0.1096953814	0.0911161185	-0.0469687173	0.0937786289	-0.0278538801	-0.0639767263	-0.0190679563	0.0089375105	0.0103345846	0.0943355488	0.0561530103	-0.0291080514	-0.0731514394	-0.0358810887	0.0147731077	-0.0357688577	0.0756303658	-0.0641087924	0.0902506271	-0.1678198542	-0.0282572002	0.0367759415	0.1104917585	0.0538852882	-0.0044327279	0.0371976153	0.0117257407	0.0426580316	0.0871362578	-0.008002647	0.0341164582	-0.0483557571	-0.0235422684	0.0067254233	-0.0051130447	0.0260645128	-0.090488522	-0.0366830236	-0.0107395175	-0.0089249658	-0.0045967662	-0.0878848881	0.0916185507	-0.0062456555	0.1102697941	-0.0682012628	-0.0697723907	-0.071971173	-0.0606400852	0.0617530209	-0.0915078477	-0.1187560186	-0.1218515061	-0.0759836694	0.0674856658	-0.0013504458	0.0272526337	-0.1480603369	-0.0663523821	0.0468445848	0.0484299738	0.0253433033	0.0036554587	-0.0266908476	0.1116591794	-0.0655605393	0.0040173396	0.041182061	0.1167194355	0.0927303779	0.0657800545	0.020542472	-0.0751733689	-0.0509844337	-0.0158476495	0.0047823545	0.054408871	0.0010434924	0.0755281812	0.0140901232	-0.0542441537	-0.0960293686	-0.0908143174	0.0270510622673612	0.0058926431023565	0.0007317599697926	3.472324273174965e-05	-0.10743834298205	-0.1415685727324529	0.0115429975427286	0.0200416607855038	0.0097123708634683	0.004898854487017	9.433014778954796e-05	2.3998775284966596e-05	0.0006641108636539	0.000281057953195	7.899357305416283e-08	4.41043239223129e-07	-0.0007198981956881	-0.0001929365140525	3.7224498454730534e-08	5.182534121549819e-07	0.0003067393554236	0.000107138527302	1.1478664032462826e-08	9.40890321656856e-08	0.0	0.0	0.0	0.0	0.0	0.0	0.0	0.0	0.0	0.0	0.0
305.95471449224044	-0.8914501145942495	93608.28732002836	0.7946833068101006	557.3474855581919	2.8827541192372337	310636.2196580389	8.310271311979239	300.70663703072074	-0.2662121732765286	90424.48155432564	0.0708689212006124	349.7734025657043	360.6152305781412	1.079873	25.078079	0.0788620601254906	0.0502655704140085	-0.0098205933	-0.1148536574	0.0063084353	-0.0216435327	-0.0843546888	-0.1136213034	0.0908346557	-0.0758097407	-0.1159841937	0.0371032171	0.0536897885	0.0045800789	-0.0087361817	0.0364125294	0.0163372225	0.129315463	0.0318760244	-0.0665606497	0.0500103802	-0.0172420826	0.0259372098	-0.1129890381	0.0385717941	0.0840384957	0.0195223412	-0.1044976519	-0.1055553525	0.0048027567	0.0051848968	-0.0329356369	-0.0909610116	0.0181731942	0.0014098834	0.1461641338	-0.0475037639	0.0441773403	-0.1027596143	-0.0873562399	-0.0650850812	0.156265761	-0.0241521235	0.0659096189	0.0425118061	0.0943936173	-0.0454831219	-0.0891501847	0.0118711512	0.0222367083	-0.0110449568	0.0427351013	0.0150537884	0.0455579016	0.0232873827	-0.0582111917	0.2298332727	-0.0593331118	0.0924020839	-0.0715868735	-0.0727748631	0.0343504661	-0.1205370847	0.0716024142	0.0264154293	0.1039686414	0.1001082228	-0.0016352624	0.14502746	7.30519e-05	-0.0886981286	-0.0610551696	-0.013420763	-0.0165661525	-0.0370940485	-0.0362092188	0.0554641579	0.0836443317	0.0023129841	-0.0284834296	-0.1081507594	0.0228036876	0.0736828264	0.0021809643	0.0249160665	-0.04425581	0.0825937376	0.0470764106	-0.1032633547	0.1132158759	0.0123270487	0.0036115582	-0.0771199569	0.0415515877	-0.0866833706	-0.0808539464	0.0153297771	-0.1070450203	0.0675414638	0.0433473052	-0.0466974335	0.0712759731	0.0264276477	-0.0478229173	-0.023414707	0.0016993458	0.0661761607	-0.1691356749	-0.0267719813	0.0042587465	0.0093036027	0.1166073105	-0.0156583875	0.1350818158	0.0356230151	0.0056458991	0.0036442564	-0.0703969886	0.0520173267	0.0935557907	0.1266588341	0.099601145	0.0032797537	0.0819016378	-0.0299674683	-0.0321565973	0.0233247726	0.0331861689	0.0391206189	0.0158593223	0.0797850249	-0.0351721788	0.0085033392	-0.1008143947	0.0139196483	-0.0094829521	0.0182745478	0.0744894057	0.0109734311	-0.0581413184	-0.0975916762	-0.0872496007	0.0390585905097538	0.0120075282423925	0.0015255734926086	0.0001441807344918	-0.1534386666792642	-0.0460003236972142	0.0235434244323103	0.0021160297802484	0.0117964309455871	0.0020840600821188	0.000139155783054	4.34330642588102e-06	0.000519693863012	-0.0001444170006419	2.0856270074402555e-08	2.700817112523354e-07	-0.0007198602834035	3.7912284600008686e-08	1.4373413235920552e-15	5.181988276217673e-07	0.0005376874045724	0.0002309480491488	5.3337001405636554e-08	2.8910774503580376e-07	0.0	0.0	0.0	0.0	0.0	0.0	0.0	0.0	0.0	0.0	0.0
305.8240742541468	-0.1306402380936333	93528.36439340592	0.0170668718091612	549.8689344088236	-7.478551149368286	302355.8450278952	55.928727293717714	300.3455242185394	-0.3611128121813181	90207.43391810924	0.1304024631214999	348.5826320529311	348.12297311549565	1.303494	30.271278	0.0343951602451254	0.02020594224026	-0.0015281244	0.0704061712	0.0244922752	0.0799756296	0.1054247781	-0.0449794685	0.0480010899	0.0465241499	-0.1154197927	0.030360683	-0.0371393829	-0.1072409103	0.0403539755	-0.0004940106	0.014939144	0.1172191629	-0.0251888263	-0.1115182225	-0.0276687383	0.0327528533	0.0569157531	-0.0647143889	0.0370049752	0.0482673662	0.1277103729	0.0359888491	-0.0319326718	0.0600259362	-0.0410344784	0.0900147958	-0.0227305022	-0.0361559924	0.0351207687	-0.0308777504	0.0088188835	-0.0399987793	-0.080704813	0.0166875615	0.13418708	0.0881360674	0.0012574194	-0.0549884952	0.073861778	-0.1173980417	-0.1045904149	0.0201981135	-0.0784195966	-0.047839202	0.149735469	0.0195078834	0.0323701402	-0.0141090475	0.0021311763	-0.0329248564	0.1545544315	-0.176214814	-0.0876042633	-0.0773326386	-0.1262092268	-0.023160086	0.0656218879	-0.1152324826	0.0448182564	-0.0436658905	0.0387641123	0.0105205985	0.0856622654	-0.1398686342	0.0214913072	-0.0377246574	-0.0594528789	0.0213428155	-0.1591844036	-0.009789628	0.0552673361	-0.0154488068	0.0116825834	0.0663370402	0.0361532278	0.1101613233	-0.0161503298	-0.0183052223	-0.0118434342	-0.0862246206	-0.0233518977	-0.0084572494	-0.021022878	0.0797778447	0.1152405363	0.0416441344	0.0236044614	-0.0100977418	-0.0621721857	0.0070783465	-0.013040157	0.0453475203	0.0982710094	-0.1416531046	-0.0834980563	0.0390731564	0.0072443259	-0.1210068893	0.0034237121	-0.020813432	-0.008743454	0.0336528833	-0.0976274363	0.0123205957	0.0848433999	0.0148025751	0.0412420968	0.1220706085	0.0436119173	-0.0353297548	-0.0556822615	-0.0360962931	0.064123784	0.0612468611	-0.0270505726	0.1729507846	0.0164407137	-0.0703909101	0.054146997	0.049063584	-0.0528183499	0.0657729591	-0.0535292271	0.0144684181	0.0787696511	0.0020681442	-0.0147702226	-0.1495217449	0.0774945226	-0.0778484143	0.0255183078	0.0734322509	0.0078459096	-0.0619093949	-0.0987688341	-0.0831469612	0.0459691604545895	0.0069105699448357	0.0021131637128997	4.7755976962466505e-05	-0.151130255594694	0.0023084110845701	0.0228403541561175	5.328761735366541e-06	0.0294929288818366	0.0176964979362495	0.000869832854029	0.0003131660392076	0.0006691935682798	0.0001494997052677	2.2350161875159063e-08	4.478200318270513e-07	-0.0007198197430466	4.054035690004634e-08	1.6435205375831353e-15	5.181404624796732e-07	0.0005377407845371	5.337996469997019e-08	2.849420631370063e-15	2.891651513545758e-07	0.0	0.0	0.0	0.0	0.0	0.0	0.0	0.0	0.0	0.0	0.0
306.7920225825025	0.9679483283557032	94121.34512026272	0.9369239663666004	555.5674525737762	5.6985181649525884	308655.1943593151	32.473109276294615	300.43719924454217	0.091675026002747	90262.51068990472	0.0084043103926043	349.36597371107325	355.72961675794863	1.288386	29.920412	0.1004767865625758	0.076482969473333	-0.0281547304	0.0088217633	-0.0792373102	-0.0103806425	-0.0505996441	-0.0696493595	0.0537844115	0.0352304919	0.1041142787	0.1590642392	-0.0920350725	-0.0582215471	0.0262537721	-0.0615311368	-0.0153642161	0.0855876291	-0.0266317925	-0.1210095251	0.094801076	0.0922247484	0.0823220386	0.0610693583	-0.0830724336	-0.026168566	-0.0087431618	-0.1248996388	-0.0021401359	-0.1590360182	0.0254930437	-0.0180564674	-0.1299010452	-0.0526955227	-0.1069292492	0.0292266655	-0.028484291	-0.0761885702	0.080448877	-0.0263271512	-0.0395114561	-0.0556795438	0.0096668427	0.0642963561	-0.0511540262	0.0924306198	0.0296254252	-0.0298892096	-0.0102256989	0.0215973495	-0.0659401652	0.0236033717	0.0616430599	0.1120578739	0.0596391869	-0.0418287704	-0.0106480594	0.0932811618	-0.0764887794	-0.0811347962	-0.0385047737	-0.0062939921	-0.0503644119	0.1609631903	0.0590694898	-0.0270406488	-0.0229855898	-0.0261875302	0.0861725521	-0.0732930588	-0.0775684019	-0.0899780569	0.002277303	0.0960701058	0.0879693098	-0.0269046318	-0.1815716279	-0.0296994702	0.0951495432	-0.0553587843	-0.0297317173	0.0275558038	0.0364135975	-0.009429892	0.0778905009	-0.0197865049	-0.0236688616	-0.0525495362	0.0190157598	-0.0258851993	0.0056264136	-0.0616890181	-0.0198520885	-0.1317247845	-0.0832253919	-0.1139315642	0.047704442	-0.0105994594	-0.1358577797	0.0800163138	-0.1120369633	0.0368602807	-0.0749871331	-0.0202134572	0.0196011048	0.0814941643	0.0331542235	-0.0635707828	0.0426801289	-0.0089665643	0.1087588568	0.1103026891	0.0420405139	0.0905557656	0.0614967822	-0.0811911668	0.085154294	-0.1013527935	0.0662251521	-0.0025917062	0.0055533976	0.0278688428	-0.1043650131	0.0559755489	-0.0746543998	0.029786931	-0.0039483029	0.1111566078	0.0223782835	0.0079494294	0.0542268886	-0.0740290898	-0.0271246377	0.0462525457	0.1500886359	-0.0707370046	-0.0124994091	0.0723569779	0.0047106451	-0.0655400171	-0.0995561965	-0.0785316931	0.0429032755813807	-0.0030658848732088	0.0018406910556118	9.39965005577055e-06	-0.0758941072079153	0.0752361483867787	0.0057599155088865	0.0056604780240773	0.0418109445494749	0.0123180156676383	0.0017481550841192	0.0001517335099881	0.0006546276942196	-1.4565874060199998e-05	2.121646871376072e-10	4.285374180392701e-07	-0.00071988376573	-6.402268340000365e-08	4.0989039897371015e-15	5.182326361616055e-07	0.0003552359285817	-0.0001825048559553	3.3308022447301294e-08	1.2619256495530266e-07	0.0	0.0	0.0	0.0	0.0	0.0	0.0	0.0	0.0	0.0	0.0
306.7383970630533	-0.0536255194492127	94088.44423281137	0.0028756963361978	552.5646655877431	-3.0027869860331293	305327.7096560944	9.016729683489924	299.97772777860934	-0.459471465932836	89986.63716321744	0.2111140280064693	348.1260335765792	355.35615886921505	1.291709	29.997583	0.234349929126038	0.1975636840708366	-0.033436548	-0.0878721053	0.0410401931	-0.0144831709	0.0491719177	0.0098280145	0.0809764385	-0.0428606106	0.0264898315	-0.0301909487	0.02427991	0.0766460014	-0.0703102463	0.034886708	-0.0138588885	-0.0719713809	0.0553343179	-0.0824848805	0.033546059	0.0106574399	0.0592092574	-0.0377006159	-0.0032229177	-0.0073145409	0.0781878518	-0.0467132769	-0.1187089435	0.0534159096	0.0349137584	-0.1120947162	-0.0464792893	0.1446371867	0.1183103787	0.0269801535	0.0532818114	-0.1152884659	-0.0178398404	0.1887649222	-0.0205664764	0.1526265941	-0.0149662362	0.0647958278	0.0217140441	0.1397432301	0.0154760275	-0.004139781	0.0277369723	-0.0258038587	0.0951419946	-0.0469239039	0.0549348423	-0.0285730935	0.0268753313	0.0457635986	-0.1279554579	0.0032147797	-0.0935901415	0.1456843559	-0.0014697841	0.0077991653	0.0673518247	0.0558022512	-0.0532995159	0.1373055276	0.0758043967	-0.0085140473	-0.085040203	-0.036945212	-0.0288032821	-0.1308005893	0.0551243282	-0.0328349315	-0.0416503213	-0.020320497	0.0235357506	0.0517073424	-0.0736857169	0.0540717581	-0.0738058646	0.0793619117	0.0307619386	-0.0251368876	0.1127722665	-0.0275768118	0.199647099	0.0396925333	-0.1036312249	-0.0774307614	-0.0572921096	-0.0331705134	-0.0955619375	-0.0710855266	-0.0567201487	-0.0037356375	0.0881968336	-0.0451640548	0.0271388261	0.0243753158	-0.1175932471	0.0473753545	-0.1346100523	-0.0125198295	0.0705690261	0.0064179135	0.0483791489	0.0615207136	0.0710602392	0.0850915494	-0.0359680439	-0.0118822238	0.051750569	-0.0729982814	0.0561306096	-0.0580481492	-0.0482148899	-0.0877143367	0.0794902676	0.0143836206	0.0126240355	0.00050738	0.0431123221	0.0646127486	0.0943707895	-0.003584503	0.0704037279	0.0515488107	0.0450961106	-0.0099168963	0.0187447388	-0.0677656351	0.0034736717	-0.0314624903	-0.0756377788	0.1036244779	0.1285754045	0.0712638519	0.0015707317	-0.069025124	-0.099950656	-0.0734322509	0.0392742035777473	-0.0036290720036333	0.0015424630666663	1.3170163607555712e-05	0.1212110294273713	0.1971051366352866	0.014692113654843	0.038850434888015	0.0215696170726218	-0.0202413274768531	0.0004652483806595	0.0004097113380252	0.0005736668755659	-8.096081865369999e-05	6.5546541570772965e-09	3.290936841215418e-07	-0.0008858925880927	-0.0001660088223627	2.7558929102250485e-08	7.848056776375822e-07	0.0003757541477706	2.0518219188900017e-05	4.2099731868374487e-10	1.411911795668099e-07	0.0	0.0	0.0	0.0	0.0	0.0	0.0	0.0	0.0	0.0	0.0
307.08670234734075	0.3483052842874485	94302.24275856426	0.1213165710625603	554.4315907478333	1.8669251600902044	307394.3888191729	3.4854095533778358	300.8525284483404	0.874800669731087	90512.24387375948	0.7652762117619585	349.07431390914974	355.39403931974505	1.192053	27.683266	0.2070744413565995	0.1593542861103186	-0.0262265535	0.0597096735	0.1066397849	-0.0430608963	-0.0182139919	0.0959706869	0.0304528712	0.0586559796	-0.1127900796	0.0683224531	-0.0663899807	0.0010615467	-0.0624576309	-0.0263665694	0.0107942734	0.0502204856	0.1437184881	-0.0874966264	0.0384978022	0.0328026061	0.1301324509	0.0252694259	-0.0358343062	0.0534059596	0.0929457727	-0.0961380727	0.0277177054	0.0439614907	0.0723749982	-0.0409264387	0.0493705782	0.0357961831	0.0496482272	-0.0273629627	0.1428543693	-0.0231811937	-0.0371459162	0.0403311823	0.152424927	-0.0220757134	0.1591702121	-0.0008283546	-0.0064812974	-0.1011655698	0.0359227767	-0.1481996267	-0.1529543268	0.0328468324	-0.0311546614	0.0192005761	0.0577823699	-0.0783468064	0.0081662415	0.0744000215	-0.0821205833	-0.0357833201	-0.032966823	-0.0748336368	0.0844940821	0.1721749144	0.0799831647	0.1126456968	-0.0111377932	-0.0036730504	-0.0098896644	-0.0022127116	0.0517180215	0.0073650016	0.0585071353	-0.1331074871	-0.0410390278	0.004150559	-0.1381285756	-0.0766655304	-0.0262769482	-0.050867294	0.0013492801	0.0689676837	-0.052125026	0.0848308235	0.031792282	0.0354759318	0.0024525607	-0.0991724742	0.0129581559	-0.092908965	0.0304930755	-0.0868431906	-0.0306667863	0.1142642801	0.1095920297	0.0281995481	-0.1492632415	-0.0190134307	0.0094779902	0.0917640595	0.0186428442	0.061171663	-0.1209953067	-0.0860204565	-0.0402206878	-0.0808087539	0.013940188	0.0514472221	-0.0964575883	0.0549124869	-0.0779914922	0.1024015289	0.0753264076	-0.0887500954	0.0921597417	0.0322730045	0.0440850868	0.0294358693	-0.0469138292	-0.0772544527	0.0949489841	0.0084644129	0.0409588098	0.037332576	-0.0038668275	-0.1156429264	0.0323159233	0.0039842001	-0.0309486076	0.0176817362	-0.0550555409	0.0172236186	0.0180100743	-0.0555607781	-0.0955693854	-0.0930261907	0.0128369245	0.0064378255	-0.0089232801	0.0701531426	-0.0015707317	-0.0723569779	-0.099950656	-0.0678800746	0.0348419830627477	-0.0044322205149995	0.0012139637837447	1.964457869358331e-05	-0.0359435992222785	-0.1571546286496498	0.0012919423250517	0.0246975773060093	-0.0091094961985334	-0.0306791132711552	8.298292099109446e-05	0.0009412079911043	0.0006742294734478	0.0001005625978819	1.0112836092756723e-08	4.545853828656976e-07	-0.0008523190977602	3.357349033249993e-05	1.127179253106466e-09	7.264478444067614e-07	0.0005377876379721	0.0001620334902015	2.62548519468796e-08	2.8921554355561054e-07	0.0	0.0	0.0	0.0	0.0	0.0	0.0	0.0	0.0	0.0	0.0
306.9023667847443	-0.1843355625964591	94189.06273807772	0.033979599637753	555.7247145175934	1.2931237697600864	308829.9583256607	1.6721690839185368	301.01152821850746	0.1589997701670427	90607.94012044132	0.0252809269131724	349.6440178474801	355.8037308099459	1.211566	28.1364	0.0725967181268094	0.0375521849059245	-0.0388099545	0.0288186691	-0.0711847359	-0.0235597633	-0.0709523995	-0.0150309342	0.0048381765	0.0533111769	0.0427653206	0.075826758	-0.0677867837	0.0010700803	0.0945655546	0.0238145776	-0.0301484636	0.0553762132	0.0973514562	-0.0600792748	-0.0064267793	0.0045829741	0.1171067443	-0.054244823	-0.0828630859	0.0084772173	-0.0551792506	0.0020858862	0.0620860766	0.0569224587	0.0768069373	-0.048321942	0.1340210394	0.0154242807	-0.115189777	0.0056287973	0.0525988787	-0.0217223737	0.086931919	-0.1316616004	0.0542601771	-0.0539219057	-0.047325212	-0.0512308572	0.0488345901	0.02277745	0.0257337813	-0.084365155	-0.1145717304	0.0352548221	-0.0650751359	0.0127670945	0.0073601257	0.0239079492	0.0225706447	-0.0110491326	0.0062739471	0.0389973277	-0.0401391302	0.1593223717	0.1236476242	-0.0812647705	-0.0878593011	0.002873156	-0.0258610196	0.0888693283	-0.1042443961	-0.0382339806	0.0544732446	0.0352408455	-0.0084208358	-0.0834851495	-0.0845441073	0.0036706334	0.015223473	0.0524392283	-0.099729596	-0.0303869902	0.0407108643	-0.0342967729	-0.0017691074	0.0695105517	-0.0403745478	0.0038395317	-0.0148082803	-0.0793731873	-0.0403688416	0.1106606234	0.0597882635	-0.1842120047	-0.0376328153	0.0979502018	-0.0761921125	0.0093014111	-0.0793774431	-0.103254562	0.0419831272	0.00874924	-0.0847946012	0.0625560636	0.0548395472	0.0565855938	0.0426313389	0.041754626	0.0565787351	-0.0191502537	-0.0906409452	0.1031722822	0.0330650291	-0.1287322117	0.0607576642	-0.0668073649	0.0431767187	0.0446593306	0.069439253	0.0354262459	-0.0077313858	-0.0110776161	0.0744828992	0.0569272068	0.0156204847	-0.0908744081	-0.0412946539	0.005062822	-0.1157715028	0.071060732	-0.0294292806	0.0897955522	0.0422030331	0.030341615	-0.0767464318	0.0181522017	-0.0313230607	0.020638923	-0.023544314	-0.1310428439	0.0265101917	0.069025124	-0.0047106451	-0.0755281812	-0.0995561965	-0.0619093949	0.0539800023764769	0.0191380193137291	0.0029138406565644	0.0003662637832526	-0.0286546514221868	0.0072889478000917	0.000821089048127	5.312876003246166e-05	-0.0168842946804019	-0.0077747984818684	0.0002850794068546	6.044749143366472e-05	0.0009783549670347	0.0003041254935869	9.249231584947556e-08	9.57178441521469e-07	-0.0013152367189404	-0.0004629176211802	2.142927239991352e-07	1.729847626849109e-06	0.0005386435738274	8.559358552999571e-07	7.326261883880692e-13	2.901368996255537e-07	0.0	0.0	0.0	0.0	0.0	0.0	0.0	0.0	0.0	0.0	0.0
307.1953457896141	0.2929790048698351	94368.98047480058	0.0858366972945188	556.5827368577321	0.8580223401387457	309784.34296804346	0.7362023361771693	300.6041955742262	-0.4073326442812686	90362.88239682764	0.1659198830971704	349.49353908214505	361.2826082998042	1.185034	27.52025	0.1192185690321654	0.0677783306871221	-0.0262345464	-0.1112433813	0.0592870245	-0.0665977286	0.0001523762	0.0216336506	0.0562856493	-0.0859944174	-0.044785823	0.0291100456	0.0772533141	0.116720808	-0.018804982	0.0137656582	-0.007791322	0.0147079699	0.082790978	-0.0406805533	-0.0453952671	-0.0383704482	0.1071985646	0.0602756042	0.0175511716	0.0066991094	0.1027746859	-0.0321634987	0.0322800349	0.1409013165	0.0546963017	0.0036184553	-0.0666442307	0.1280475025	-0.0600281047	-0.0923716084	0.0200623476	-0.0933398271	0.0220967347	-0.0306148749	-0.2114912799	0.0555407205	0.0249761635	0.0113533044	-0.0080184242	-0.0472617967	-0.0288251934	0.0577735071	0.1357157976	-0.1174102263	0.0525600855	0.0379412824	0.0338115913	-0.0659888506	0.0500967272	0.1018326725	0.0165712131	-0.0569190032	0.0039091608	-0.0122453012	-0.0003018546	-0.0571111865	-0.0176788397	0.0135463631	0.0071839885	0.112473811	-0.0798020236	-0.0092428869	0.0149588937	0.0282742313	0.0024027897	-0.0629061006	-0.0047160694	-0.1615714393	-0.0566144506	0.0133208523	-0.0177188274	0.0341097095	-0.0806422164	0.0103361389	-0.1322968748	0.0356428485	0.039778897	-0.0070761782	0.0122456963	-0.0416548188	-0.0850235566	-0.0007826065	-0.1317942183	-0.0239924558	-0.1203924913	-0.0525915806	-0.065403916	-0.0558779125	-0.0683621537	0.1085060971	0.0673159016	0.1020761747	0.0668662835	-0.0008192199	-0.1011308059	0.0380523056	0.0821296245	-0.0615655899	0.0388260341	0.0413413354	-0.0284816965	0.0175351436	0.0750652949	0.0549035922	-0.0579072055	-0.0506427231	-0.0100860793	-0.0043983556	0.0615556982	0.0806176409	0.0391304595	0.0268834414	0.0413894108	0.1128542984	0.0417276419	-0.078078112	0.06788984	0.0422383371	0.0493409096	0.031718788	0.0995272502	0.0006469043	0.0539327103	0.0713566216	-0.0459085656	0.0025304812	0.0004817515	-0.0565406762	-0.0063942944	0.0619255914	0.0142406174	0.0678800746	-0.0078459096	-0.0785316931	-0.0987688341	-0.0555570233	0.062796416202687	0.0088164138262101	0.003943389887901	7.772915275498866e-05	0.0238479645945233	0.0525026160167101	0.0005687254153016	0.0027565246885981	-0.0588010255843371	-0.0419167309039352	0.0034575606097698	0.0017570123296729	0.0007828207908758	-0.0001955341761589	3.8233614046139744e-08	6.12808390627413e-07	-0.0011917910030083	0.0001234457159321	1.5238844781988753e-08	1.4203657948515296e-06	0.0005379673002122	-6.762736151999602e-07	4.573460026156238e-13	2.8940881609760333e-07	0.0	0.0	0.0	0.0	0.0	0.0	0.0	0.0	0.0	0.0	0.0
305.83854823671487	-1.356797552899252	93537.21758754137	1.8408995995533983	552.5195790449778	-4.063157812754298	305277.8852280395	16.50925141134629	299.9430984682497	-0.6610971059765234	89965.86231873411	0.4370493835305346	348.2228313855952	350.81333010694107	1.269385	29.479156	0.163177171207155	0.09112155757806	-0.0655207374	0.0626150549	0.0132488814	0.054243747	-0.0695074133	0.0141293238	0.0151317678	0.1336589146	-0.0819739694	-0.0931560359	0.0420293758	-0.0543224177	-0.0373338556	0.0313600351	-0.0780412591	-0.0405861583	-0.0178993969	-0.0333653279	-0.0257328939	0.0135206749	0.0432273515	-0.0730398333	-0.0026377895	0.0948870961	0.1467962064	0.0372396707	0.0411627976	0.0155208983	0.1239189968	0.0870934568	-0.0078781591	0.0751860097	0.0016399166	-0.0459375441	0.0449833954	0.1072982906	0.0833246073	-0.1552227809	0.1371266051	-0.063298549	-0.0278453923	0.0873952466	-0.0751918681	-0.0202276062	0.0165244721	0.017136209	0.0716604205	-0.0200722768	0.1033314026	-0.0009429343	-0.0627962636	-0.0441619927	-0.0753084743	0.0505700541	-0.0062387951	-0.1023835768	0.0237315229	-0.060148566	-0.036099884	-0.0724295996	0.0851200926	0.057786914	0.0320697962	-0.0325545747	0.072958283	-0.0761490189	-0.0390561196	0.0150683391	-0.0184538657	0.0290817509	-0.0541004883	0.0631036322	-0.0564746636	0.0146452807	0.0490304783	-0.0423302183	0.0653555819	0.0407824861	-0.0673686578	0.1155417397	-0.0417501257	-0.055142387	-0.096375943	-0.2194177959	-0.0190738137	-0.0282404523	-0.0683331869	-0.0030270627	-0.0059869381	-0.1194933999	0.0326179127	0.0427820121	-0.0773060917	0.0627679441	0.0857603596	0.0563938237	-0.0410055386	-0.0572307856	-0.0074605295	-0.0745725098	0.020072896	0.0481608464	-0.1132505734	0.0585717804	0.049642256	0.1554189811	-0.1026681522	-0.0286001182	-0.0446263896	-0.0088374045	0.0270571976	-0.0415435398	0.0794071981	-0.045276792	-0.0021361893	0.0073011935	0.0621809336	0.0160376749	0.0907675888	-0.0621319572	-0.0074777146	-0.1105332434	0.008713554	0.0910847254	-0.0699146243	-0.0071438263	-0.0298272766	0.0187548099	-0.0698371747	-0.0471397566	-0.0690877692	0.0174990383	-0.0521648967	0.0809322158	0.0219573986	0.0667182767	-0.0109734311	-0.081360845	-0.0975916762	-0.0488621241	0.0549655956937016	-0.0078308205089853	0.0030212167099634	6.132174984394633e-05	0.092094340650533	0.0682463760560097	0.0084813675798564	0.0046575678447782	-0.0036215235330772	0.0551795020512599	1.3115432700631966e-05	0.0030447774466249	0.0011039029766643	0.0003210821857884	1.0309377003072078e-07	1.218601781888302e-06	-0.0010785923324929	0.0001131986705154	1.28139390064541e-08	1.1633614197124744e-06	0.0007420958957263	0.000204128595514	4.1668483506559046e-08	5.507063184538195e-07	0.0	0.0	0.0	0.0	0.0	0.0	0.0	0.0	0.0	0.0	0.0
306.75091645566715	0.912368218952281	94096.1247463917	0.8324157669541574	552.0897713025411	-0.4298077424367648	304803.1155768921	0.1847346954585883	299.6266656544385	-0.3164328138111614	89776.13877119668	0.1001297256564491	348.10522341104075	357.3327030233342	1.239736	28.790606	0.1712656957585287	0.1133332367499695	-0.0769874836	-0.0001543496	-0.0626799854	-0.0027308453	0.0429659125	0.0167728424	0.0558882915	0.0121561399	0.1295499064	-0.0731657927	0.0318817861	0.06585055	0.0633108851	0.0017938537	-0.0708228494	-0.1146215003	-0.0144018515	-0.0288577077	-0.0354505175	-0.0424576301	0.0821849437	0.0394519046	0.0140182317	-0.1020350359	0.0021671956	0.0713045448	0.0422457658	0.0339349807	0.084468872	-0.0955122438	-0.0351357019	0.0409403376	-0.1811451451	-0.0970398786	0.0060091576	0.0411154248	0.071189367	-0.0527371296	-0.0244207371	0.0387644812	0.0347257419	0.0246418008	-0.130394296	0.0167705792	0.0777614823	-0.0429304563	0.0036586498	0.0181419836	0.0495734507	-0.0293736705	0.0814252358	-0.0806153812	0.1117115827	0.018000697	0.0269688615	-0.0223131607	-0.0660950645	0.0344034644	-0.2320611612	-0.0631466665	-2.63158e-05	-0.043960884	-0.0987933624	0.0336210462	0.087094497	-0.056433273	-0.1276407993	-0.0222378594	-0.0130983503	0.0061271614	0.0071755977	-0.0500725616	0.0434737252	0.1158232772	-0.1206974909	0.0023990867	0.0129106996	-0.0669567638	-0.0120453844	0.0038175145	-0.1042226887	-0.1121588868	-0.0052427123	-0.019204384	-0.0960549111	0.1239709567	-0.1374779602	-0.0157982732	-0.023952268	-0.0605970636	-0.0703399258	0.0407858328	-0.0708729005	0.0383814882	0.008922345	-0.000166627	-0.0137886558	0.1002408466	-0.0244274001	-0.0532528024	0.0248109948	-0.0902151444	-0.0070729951	-0.0064609551	-0.0024185279	0.0066681551	-0.0626717965	0.0034178379	-0.0717599291	0.024309876	-0.0862818633	-0.1357752706	0.0823497962	-0.0073369171	0.068239518	0.0852619824	-0.0438314643	0.0649292807	-0.0182532085	-0.0691826607	0.0315013374	0.0380860811	-0.1645227235	-0.0484364871	0.0327266421	0.1151433111	0.0641056474	0.0399788625	-0.0359852586	0.0127398624	-0.0336601281	0.0238277131	-0.0018794025	-0.0034524682	0.0252779092	0.0655400171	-0.0140901232	-0.0840093554	-0.0960293686	-0.0418659738	0.0504838988771467	-0.0044816968165549	0.0025486240458379	2.0085606355518328e-05	0.1977787315235133	0.1056843908729803	0.0391164266430499	0.0111691904741928	-0.0376072390366957	-0.0339857155036185	0.0014143044279631	0.0011550288582928	0.0013298223875782	0.0002259194109139	5.103958022768365e-08	1.7684275825041845e-06	-0.0011916477020543	-0.0001130553695614	1.2781516586664746e-08	1.4200242458112938e-06	0.0005387928248941	-0.0002033030708321	4.1332138609802524e-08	2.902977081573643e-07	0.0	0.0	0.0	0.0	0.0	0.0	0.0	0.0	0.0	0.0	0.0
305.99084307058206	-0.7600733850850929	93630.39604304558	0.5777115507147119	552.9013807217281	0.8116094191869934	305699.9368039933	0.6587098493130487	298.72380245960915	-0.9028631948293652	89235.91015592759	0.815161948577488	347.5886562768731	361.1900446474123	1.075251	24.970741	0.1693094149374312	0.1067477506947104	-0.0623466241	-0.0853746986	0.0565086335	-0.0641195347	-0.0350411463	0.0599028453	0.0213005941	-0.0669207477	0.0556086461	-0.1379855672	0.0083567244	0.1701939865	-0.1016382646	-0.0681665385	-0.0668769647	-0.182491403	-0.0762017634	0.0069015953	-0.1295204757	-0.0709699054	0.1436858163	-0.0064993503	0.1531882577	-0.0748771731	0.0311384277	0.0147368428	-0.0583078923	-0.0150742191	0.0062997041	-0.0001445735	-0.0140804876	0.0644447327	-0.0662612924	-0.0533433075	-0.1135665718	0.0355128122	-0.0759930278	-0.0915983466	-0.0541224501	-0.0023261992	-0.0325524453	0.1302092277	0.0352718997	0.1329836402	0.0167881771	0.0744588992	0.0923247013	-0.0810453721	0.0150122383	0.0099695931	0.0656759931	-0.1529561751	-0.0380577042	0.0452859623	-0.053801226	0.0356482873	0.0816379924	0.0107211304	0.1197139165	-0.0389919901	-0.0367469917	-0.0551180334	0.0734172884	-0.022404835	-0.1526271329	-0.0509295608	-0.1880446048	0.0509824331	-0.0642049912	0.0756545401	0.042851976	-0.1675260357	0.0084010959	0.1087029894	-0.0998417901	-0.0249994894	0.0188760655	0.1001584253	-0.1463266133	-0.0880596389	0.0307290689	-0.0455525193	0.029266559	-0.0511928196	-0.0146399301	0.0144977317	-0.0618053375	0.0920655126	0.0088818505	-0.0863787799	-0.1295648786	0.1096089575	0.0514458345	-0.0021466168	0.0699070192	-0.0153984993	0.0075830146	0.0717302953	0.0603078213	-0.0922714916	-0.040034995	0.0030209288	0.0127817591	-0.0103450744	0.0153805829	-0.0243803534	-0.0057868823	-0.0868867399	0.0715439495	-0.0968318194	0.1587372536	-0.1930663049	0.0437431475	0.0813212496	0.0323696772	0.1098050805	-0.0961672389	0.1039562181	0.1152168095	0.042794884	0.1511352927	0.062794907	-0.0805307987	0.0206471662	0.0117911462	0.0609713023	0.0834559531	-0.0325728152	-0.0222143897	0.0282142251	-0.0146369782	0.0636670564	-0.0092875629	0.04077773	-0.0098737265	0.0643455865	-0.01719291	-0.0864713441	-0.0940880769	-0.0346117057	0.0515374897725422	0.0010535908953955	0.0026561128520548	1.1100537748602932e-06	0.2787016549117282	0.0809229233882149	0.077674612450536	0.0065485195296949	-0.1068378608804465	-0.0692306218437508	0.0114143285175096	0.0047928790008724	0.0013001483983544	-2.967398922380012e-05	8.805456364542058e-10	1.6903858577435111e-06	-0.0011373295390204	5.43181630339e-05	2.9504628353773404e-09	1.2935184803283556e-06	0.0002607394009504	-0.0002780534239437	7.731370656681497e-08	6.798503520797346e-08	0.0	0.0	0.0	0.0	0.0	0.0	0.0	0.0	0.0	0.0	0.0
305.482205014505	-0.5086380560770749	93319.37758052406	0.2587126720898656	551.8332437515259	-1.068136970202204	304519.928909331	1.1409165871127438	299.4191464446937	0.6953439850845484	89651.82525766893	0.4835032575932607	348.1298382525371	347.71026630487376	1.457209	33.841011	0.2283012159201	0.1528591925160715	-0.1420176108	0.0171503198	-0.0973517133	0.0939547142	-0.0035528866	-0.0774489376	0.0219197054	0.185106085	0.0599515112	-0.126719521	0.0063207412	0.039828239	-0.0532045386	0.0796121629	-0.1660821109	-0.1180013185	-0.1147785302	0.0359063297	-0.1378241425	-0.011733558	-0.0385128355	0.0622179443	0.0821535968	-0.0021621467	0.0071819745	0.0890972237	-0.014121827	0.0433640391	0.0099925038	0.0223913116	0.0699408938	-0.1080624908	0.1027311344	0.0694643286	0.0319256332	-0.0264188329	-0.0218982401	-0.06641241	0.0073269514	0.0515233493	-0.0106232181	-0.0184160468	-0.0162130274	-0.0730575506	0.0302234162	-0.2143838201	0.0508273165	-0.0318127284	-0.0390372229	-0.0845524878	-0.0546458005	0.05628515	-0.1434774642	0.014262809	0.0250360042	-0.0557682584	-0.026344186	0.0956254451	0.0904346882	-0.0470624772	0.0382748949	-0.0226488225	0.0314331978	-0.1041742393	0.0594910798	-0.1510942888	-0.1401361062	-0.0511263963	-0.0139874883	0.0975059807	-0.0710060629	-0.0091390395	0.1327544682	0.0826310971	0.1035465161	-0.0933542005	0.0110168586	0.0790089929	-0.0784272943	-0.0505664008	-0.017241658	0.0014021499	-0.0793631416	-0.0677215218	0.0339680917	-0.032744258	-0.0254013739	0.071518205	0.0354511749	0.0959784757	0.0216954374	0.0042312001	0.1160929733	-0.0243757041	0.0886339239	-0.1065514644	0.0150154223	-0.0165025782	0.143536111	-0.0137989421	0.0278130443	-0.0647303815	-0.0113748401	-0.1629215264	-0.0982018854	0.0799278323	0.0765107697	0.0120837142	-0.0121348972	-0.0179276904	0.0231179606	-0.1010764223	0.0792266382	-0.0655350946	-0.0055717455	0.0223384055	-0.0607192033	-0.0404301564	-0.0521514196	-0.0078320119	0.097499386	-0.0195089247	-0.0619025363	-0.0216786347	-0.0578666269	-0.1915904992	0.0207174243	-0.053803364	-0.1160690424	-0.0650024453	0.0496891961	0.1759613666	0.0665674272	0.1603707077	-0.0539614044	0.0631352795	-0.0202787295	-0.0887413447	-0.0917754626	-0.027144045	0.0433312734823374	-0.0082062162902048	0.0018775992616011	6.734198580162263e-05	0.1593690952283992	-0.119332559683329	0.0253985085139185	0.0142402598005752	-0.0138701507734353	0.0929677101070112	0.0001923810824778	0.0086429951225412	0.0011581522233137	-0.0001419961750406	2.01629137261891e-08	1.3413165723664664e-06	-0.0011283448467309	8.984692289500107e-06	8.072469553700268e-11	1.273162093144178e-06	0.0002656531304113	4.913729460899994e-06	2.414473721491655e-11	7.057158569732316e-08	0.0	0.0	0.0	0.0	0.0	0.0	0.0	0.0	0.0	0.0	0.0
307.5779374110134	2.095732396508424	94604.18758201328	4.392094277774943	547.7375764211018	-4.095667330424021	300016.4526236624	16.77449088150263	300.6560936766669	1.236947231973204	90394.0866649127	1.5300384546861714	348.4069823495945	351.6472214312862	1.24808	28.984386	0.0845008406009553	0.0402697746551676	-0.1832959344	0.0257996988	0.017148061	0.0021080282	0.0711559559	0.0787869119	0.1416424966	0.0394113958	0.169652525	-0.0272556875	-0.0176535328	0.0433715732	-0.0719479223	0.0505748526	-0.1868676846	-0.0609146215	0.0433174982	0.0036624791	-0.0742131031	0.0403167963	-0.1056677977	0.0728798752	0.0703834778	-0.0084240711	-0.0452643687	-0.0264695	-0.1578858268	-0.0064425631	0.1720608919	-0.1069872452	-0.0631562192	-0.0850137629	-0.095517772	0.1505898281	-0.0111009011	0.026463361	0.0518127439	0.0276558444	0.0447838387	0.0470118591	0.092852604	-0.0448514286	-0.0707383529	-0.0027957545	0.0298623343	0.0444333745	-0.0260255082	-0.1018406578	-0.0852331189	-0.0195759655	0.0317379908	-0.0055090953	-0.1567815541	-0.0929320854	0.0107196755	0.0135010207	0.0158283386	0.0797633792	-0.0291211568	0.0353857798	-0.1402518975	-0.0002570119	0.0627781291	0.0258536503	0.0050244506	-0.1678555879	-0.0988354755	-0.0535167167	0.0656620387	-0.0691042853	0.1252303232	-0.0506518873	0.0675223848	0.0948225769	-0.0054851688	-0.0686276036	-0.0352626147	0.0527833749	0.0864048925	0.0451902695	0.0003212254	-0.0591530154	-0.089703846	0.0990875414	0.0952500247	0.0646388485	-0.0952939503	0.0328351476	0.0144157469	0.0222719146	0.1675103954	-0.1161311072	-0.0753231769	-0.0003973277	-0.065069789	-0.0522067748	0.0439199806	0.0769106868	-0.0194566062	-0.0504032267	0.0791325625	0.0211173714	-0.0467193467	-0.1008167048	0.1251839242	0.0200047107	-0.0487987146	0.0309840342	-0.0248637275	0.0859378845	0.0631361305	-0.0791413151	0.0950368163	-0.0142705535	-0.0672039671	-0.0059928838	0.0144393484	-0.0689367056	-0.0923577567	-0.0053196333	0.1160288143	-0.0708892961	-0.0129928372	-0.1014407702	0.1244892694	0.0096608999	0.03237381	-0.0067737688	-0.1110075122	-0.1108107702	0.1020228937	0.1052761305	0.0595503082	0.0494188215	0.0514805538	0.0619093949	-0.0233445364	-0.0908143174	-0.0891006524	-0.0195090322	0.0545095665272867	0.0111782930449493	0.0029712928429926	0.0001249542353987	0.1308005692288105	-0.0285685259995887	0.0171087889105808	0.0008161606777891	-0.006200172279243	0.0076699784941923	3.844213629229333e-05	5.882857010137238e-05	0.0007887138323898	-0.0003694383909238	1.3648472468844032e-07	6.220695094030055e-07	-0.0009438214901	0.0001845233566308	3.4048869142334256e-08	8.907990051745845e-07	0.000453372244101	0.0001877191136897	3.523846564444652e-08	2.055463917211768e-07	0.0	0.0	0.0	0.0	0.0	0.0	0.0	0.0	0.0	0.0	0.0
307.84599337846487	0.2680559674514597	94769.15563917384	0.071854001686338	556.666201710701	8.928625289599154	309877.26012701885	79.72034956206957	301.1973257449878	0.5412320683208804	90719.82903593229	0.2929321517788982	349.75362596723454	358.20648531605013	1.340998	31.142231	0.2502391359004105	0.1888275897324113	-0.1720524273	-0.0940906925	0.1148282921	-0.0850844288	-0.0444297526	0.0635084238	0.1327746997	0.0468483807	-0.0721694676	0.0362647848	-0.0723538113	0.1056523958	-0.1013119679	0.03544281	-0.1861703256	0.0905637554	0.0282956461	0.0883458077	-0.0113455509	-0.0905588365	-0.0780129752	0.0824562293	0.0713544295	0.0781116448	0.0490730282	-0.0091527241	-0.0322032544	0.0589486336	0.0232330835	0.0162949701	0.1107016656	-0.0376065134	0.162915682	0.0627576986	-0.0103373716	0.0025511808	0.0493252389	0.0276262619	-0.0608744003	-0.0236877091	-0.0963437223	-0.0928636876	0.0263763238	0.0292857873	0.0154659797	-0.0155291037	-0.040432569	-0.0515836359	-0.0697466768	0.1146515768	0.0529826869	0.0228248259	0.008800175	0.0754496498	-0.0587809406	0.0560640461	0.0375639417	-0.0373194685	0.1467648759	0.0031030224	-0.0127564386	0.0070776197	-0.0148889741	0.0576088547	-0.0495235059	-0.1871078012	0.0638451095	0.010610424	0.0651368665	0.0050841505	0.0503950773	-0.1070279501	0.0471576255	-0.0921360952	0.1344271973	-0.0783000753	-0.1408660908	0.0502575542	-0.0296808309	-0.0533318541	0.0191838742	0.0429677811	-0.0416362578	-0.0293756307	0.0385695848	-0.0379518226	0.1130050563	-0.0103903673	0.006387481	0.0411970987	0.0296189859	-0.0604793024	0.1993306309	-0.0132684722	-0.0068211473	0.0182356112	-0.0364654116	-0.0474551104	0.0298484247	-0.0961994054	0.055806629	0.0877349261	0.0625210515	-0.0229486457	0.0676267572	0.0156405898	-0.0358849528	0.0288496905	0.0060019651	0.0841245797	-0.0101440944	0.0557536871	0.0518823248	0.1108638018	-0.0585923221	-0.010016803	-0.002839869	-0.1034115071	0.0825455372	-0.0377326847	0.1804718847	-0.0040309396	0.0208725861	0.0080223695	0.1316234128	-0.0726121713	-0.1426916442	0.0033267714	0.0062522294	-0.1048027652	0.0532968191	-0.0677105818	-0.086918364	0.0113539901	-0.0544588437	0.0606682351	-0.026387305	-0.0926856596	-0.0860742027	-0.0117537397	0.0478136251221172	-0.0066959414051695	0.0022861427473183	4.4835631301463376e-05	-0.0532215707453929	-0.1840221399742034	0.0028325355926068	0.0338641480006853	-0.0428254801546756	-0.0366253078754326	0.0018340217504785	0.0013414131769702	0.0008610654386065	7.23516062167e-05	5.234754922136423e-09	7.414336895626043e-07	-0.0010049452536673	-6.112376356729994e-05	3.736114472631184e-09	1.009914962868434e-06	0.0001289326809729	-0.000324439563128	1.0526103012275237e-07	1.6623636222859613e-08	0.0	0.0	0.0	0.0	0.0	0.0	0.0	0.0	0.0	0.0	0.0
306.22186451137327	-1.6241288670915992	93771.83030482184	2.6377945769202413	558.9768182516098	2.310616540908768	312455.0833426932	5.338948799121201	300.6100428367026	-0.5872829082852036	90366.39785428417	0.3449012143639268	349.766566266802	359.2723265568987	1.264212	29.359022	0.0607876672543695	0.0288484356150002	-0.1216636874	0.0040642155	0.1338670993	-0.0312018467	-0.0984142398	0.0329126554	0.0973376055	-0.0234785394	-0.1224921603	0.0114864649	-0.0030094261	0.0226390987	-0.007237249	0.0051840535	-0.1231889746	0.0894100794	-0.0227479861	0.0168564322	-0.0289064479	-0.1067990697	-0.0584285641	0.0421324297	-0.0577612539	0.0863123041	0.0127890196	-0.0473937989	0.005190231	0.0099824153	-0.097153521	0.0676637069	0.1260845592	0.0451722192	-0.1225329236	0.0049975007	0.0270482702	0.0192506348	-0.0280823403	0.053089088	-0.077393211	-0.0510450567	-0.1356956308	0.0769057057	-0.0888143402	-0.0487130512	-0.0816840424	-0.06156601	-0.2369385641	-0.0558446212	-0.0181050924	0.0134105599	0.0237473019	-0.06570389	-0.0404778448	-0.0522468605	0.0147225154	0.0589698922	0.0235188057	-0.1482945015	-0.0404787275	0.050623389	-0.0175318867	-0.063329293	-0.0289013253	-0.0990836781	-0.0368392974	-0.134141021	0.0996854512	0.0388808591	0.0041656937	0.0415972076	0.0415028981	-0.0683046785	-0.0554088616	-0.0168275583	0.0418220748	-0.0908592435	0.0615191767	-0.1206189583	-0.0315616495	-0.0800104632	0.0369601165	0.0481042041	-0.042039147	0.0351822985	-0.0307951584	0.0018785151	0.1053584677	-0.0288995006	-0.1773085368	0.0690093066	-0.1230086575	0.0212324631	0.1500528412	-0.1336668396	-0.0335787321	0.1087167461	-0.0456479769	-0.1201835234	0.058202947	-0.1117218887	-0.0273145408	-0.0108316657	0.0825304637	-0.0471088103	-0.0291018402	-0.1129938025	-0.1341738308	0.027429977	0.0602423943	0.1127656729	0.0056007491	0.0886940369	0.067762997	0.0692419393	0.0301947857	0.0090216164	-0.0499349796	-0.0223062746	0.1554959555	-0.0345391049	0.0531235604	-0.0936963182	-0.0608087067	0.0256015913	0.1490909907	-0.0774047027	-0.0363429889	-0.016754171	-0.0379896887	0.0249520763	0.09149161	-0.0485616251	-0.0011148089	-0.0270955526	0.0202418417	0.0594121063	-0.0294040325	-0.0943512164	-0.0827080574	-0.0039259816	0.0484831659962878	0.0006695408741706	0.0023506173850235	4.482849821851315e-07	-0.0736565622498375	-0.0204349915044446	0.0054252891624641	0.0004175888777867	-0.0387562006672013	0.0040692794874742	0.0015020430901563	1.6559035547179094e-05	0.0010532350316031	0.0001921695929965	3.6929152472478864e-08	1.109304031795983e-06	-0.0012878073734161	-0.0002828621197488	8.001097878878453e-08	1.6584478310248749e-06	0.0003661780759931	0.0002372453950201	5.628537745829073e-08	1.340863833380085e-07	0.0	0.0	0.0	0.0	0.0	0.0	0.0	0.0	0.0	0.0	0.0
305.2106651278667	-1.0111993835065505	93153.5501077948	1.0225241932040277	555.0582238356272	-3.9185944159825112	308089.6318475613	15.355382196969318	299.8417348304668	-0.7683080062357703	89905.06594614396	0.5902971924459846	348.70521226329896	349.4244223965157	1.335707	31.01935	0.1886573421353972	0.1331590138269372	-0.1140191509	-0.0182340353	-0.0453408815	0.0937838586	-0.0337410563	-0.1353465953	0.038902767	0.0638093722	0.0144351926	-0.0501785989	-0.045419931	0.0445569649	0.0392830298	-0.0058841679	-0.1345842256	-0.0128641076	-0.1074608331	-0.0015279816	-0.0457965314	-0.015661751	-0.0362629022	0.0318888248	-0.0102828124	0.1111203835	-0.1057176566	0.0155745341	0.0717475367	0.0319091691	0.0259635312	-0.0044540907	0.1314987533	-0.0164665341	0.0068216289	-0.1999910361	0.0646425657	-0.0041331805	-0.0591196102	-0.0749973254	-0.0300316528	0.0260299829	-0.0276718553	-0.0392385084	0.0336241524	0.006301393	0.1595330718	0.0078343937	0.0882681277	0.0772005921	-0.0170745965	-0.0786855077	0.0051907533	-0.0310860032	0.0041173127	-0.098179066	0.0481448286	-0.0566228797	-0.0535691155	0.0008878719	0.0976660306	-0.084065329	0.096269076	0.0340960159	-0.0093362711	-0.0064887772	0.0042766317	-0.1244710434	-0.0212822914	-0.0443779021	-0.0602740847	0.0808197127	-0.0529021637	-0.0185007633	0.0999600752	0.0024398073	0.0434397171	-0.0419380252	0.1307787376	-0.0377672741	-0.0448621183	-0.0592008358	-0.0304163212	-0.0120450226	-0.0753678877	0.0424406758	-0.0279745228	0.1330782998	0.1637872226	-0.0942206461	-0.0209935951	-0.0135420791	-0.0739974142	0.0374096533	-0.0369582974	0.0191788421	0.0065865793	0.0342359585	0.095004426	0.063069593	-0.0221011016	0.0989930076	0.0750543255	-0.0051757419	4.3141e-05	-0.0209806453	-0.0291903354	0.0907202325	0.0386440513	-0.0013964963	0.0079930627	-0.1484739092	-0.0528493363	0.0098651627	0.0951386086	-0.054837996	0.0790804124	0.0673683123	-0.0386748453	-0.0112264557	0.0232193587	-0.0849247455	0.086824268	-0.0516721403	-0.0429626441	0.0879677187	-0.0260561322	-0.0387456802	-0.0401141304	-0.0407818621	-0.0868307432	0.0625955378	0.105611068	0.0304305453	-0.01701169	-0.0210715379	-0.0160983447	0.0581413184	-0.0323917418	-0.0958072899	-0.0790155012	0.0039259816	0.0550689705688398	0.006585804572552	0.0030325915195117	4.337282186784692e-05	0.0544235200567015	0.128080082306539	0.0029619195353621	0.0164045074836498	-0.0227612407497801	0.0159949599174211	0.0005180740804694	0.0002558387427599	0.0012969408964578	0.0002437058648547	5.939254856457735e-08	1.682055688904762e-06	-0.0016311507831598	-0.0003433434097437	1.1788469701443025e-07	2.660652877402829e-06	0.0005390587081724	0.0001728806321793	2.9887712982714414e-08	2.905842908564967e-07	0.0	0.0	0.0	0.0	0.0	0.0	0.0	0.0	0.0	0.0	0.0
306.1744941764471	0.9638290485804076	93742.82088420326	0.928966434887414	553.5771245797475	-1.4810992558797125	306447.6328579813	2.193655005767438	300.2394096975652	0.3976748670983738	90143.7031355424	0.1581452999217093	349.0492185061485	356.526138007212	1.160835	26.958281	0.0597587628519294	0.0358605078779327	-0.1090378396	-0.0325995328	-0.0540379118	0.0178984875	-0.0083070553	-0.0248148839	0.1264867333	0.0102162945	0.0979358379	-0.0239300318	0.026522482	0.0401852241	-0.0541780096	-0.0152499388	-0.1127501615	-0.0081729406	-0.0473292923	0.0388744974	-0.0278535946	-0.0263883763	-0.0148502827	-0.0399042748	-0.0291991692	-0.0946695149	-0.0650152986	0.0515435593	0.028489238	0.0229794196	0.1000134675	0.030354026	-0.0996266897	-0.0375725039	-0.0590682188	0.0529685994	-0.067836487	0.0490899689	-0.0423708465	0.0416323055	-0.0803438648	-0.0190721202	-0.0143778158	0.0720737187	0.0936413984	-0.1192602061	-0.0231320507	0.1298952335	-0.0172696718	0.0601186008	0.0421573333	-0.0176626829	-0.0066631923	0.0565751491	-0.0515762491	0.0459621452	0.0582028499	0.0448706007	-0.0417540973	0.1176824326	0.0102825433	-0.0087540952	-0.0106719766	0.0172709178	-0.1170398707	-0.0994611539	-0.0147565459	-0.1105337158	-0.0272327954	-0.0155453237	-0.0365579054	0.0457294022	0.0253426596	-0.0035596344	0.0835784192	0.1238818933	-0.0631124311	0.0356480078	-0.1128200018	-0.0218629966	0.0301497755	0.0674889353	-0.0194303433	-0.0067312877	0.0101452301	0.1188361265	-0.0424833277	-0.0112185837	-0.0356996974	0.0906119482	-0.0881667675	-0.0129161741	-0.060480915	0.0447826064	0.0393008077	0.0054416285	-0.167864457	0.0770520359	-0.0156528875	0.0131129715	0.1216124411	0.0364735175	-0.0316326761	0.0138128585	-0.007944741	-0.0715112754	0.0460532129	0.0369217045	0.0103797571	-0.1042446937	0.0620047203	-0.0649139547	0.0039839185	-0.0343048224	0.0775483953	-0.0101963855	-0.0867896856	0.097144877	-0.0359990103	-0.0236940463	-0.0293217736	-0.1163095267	0.0691918624	0.0564123814	-0.1007985934	0.0323041225	0.1074061534	0.0433859988	0.1166272304	0.0203307663	-0.1105575819	0.019323368	0.1010518062	0.0363905761	-0.0401617124	-0.0195405025	-0.0187209847	0.0568561851	-0.0353474844	-0.0970506473	-0.075011107	0.0117537397	0.0595682169200131	0.0044992463511732	0.0035483724670297	2.0243217728546227e-05	0.0818877515664411	0.0274642315097395	0.0067056038566071	0.0007542840124205	-0.0227754973075917	-1.425655781159968e-05	0.0005187232776081	2.0324944063548384e-10	0.0016457712397769	0.0003488303433191	1.2168260842012117e-07	2.7085629736767946e-06	-0.0016317252370094	-5.744538495999763e-07	3.299972253202322e-13	2.662527249093383e-06	0.000332842936677	-0.0002062157714954	4.2524944413443036e-08	1.1078442049576945e-07	0.0	0.0	0.0	0.0	0.0	0.0	0.0	0.0	0.0	0.0	0.0
305.5982975637783	-0.5761966126688094	93390.3194738796	0.3320025364510099	559.0189886411031	5.441864061355545	312502.22966132173	29.61388446227307	300.64687639907123	0.4074667015060527	90388.54428851842	0.1660291128362226	350.2015700852654	360.3579193142678	1.181676	27.442263	0.245411761941378	0.1811470088420061	-0.1104291633	-0.118137471	0.0169671617	-0.0171341755	-0.082327498	-0.0627766553	0.1423138681	-0.0288232044	-0.0914600421	0.0321845711	0.0610597799	-0.0113839009	-0.0945185685	0.0579673301	-0.1133000024	0.1173124285	-0.0303898227	0.0219768554	0.0582955577	-0.0471417964	-0.0606085642	-0.0051437256	-0.0191029029	0.0153548943	-0.0599612728	-0.0231098573	0.0746696175	0.0748015798	0.002337313	0.0474952704	0.0106070242	0.0444508503	0.0237245597	-0.0011488304	-0.175678386	0.0871412934	-0.1001532872	0.017776448	0.0616411817	-0.1412869257	-0.0286015506	0.0529108514	-0.0452758046	-0.0213090973	0.0026177651	-0.0260988057	0.008421563	0.0790311893	-0.0574156017	-0.0684845094	-0.0754112548	0.041120267	0.0347199711	0.0382821829	-0.0408003266	0.0013952604	-0.0248387823	-0.0870145938	-0.0685745511	-0.1247318325	-0.0096472497	-0.0102834584	-0.0060575378	-0.1260519902	0.04303852	-0.1220903818	0.1219226468	0.0021216701	-0.0606361198	0.0400982554	0.0040185019	-0.0194542057	0.0556980449	-0.0286903852	0.0413795609	0.0392630968	-0.0911400684	-0.0546463774	-0.0429357594	0.0196052115	0.0814571748	0.0259773359	-0.0238680672	0.040036864	-0.1247296657	0.0090599938	0.057766444	0.0649890727	-0.0295890078	-0.0519151463	0.0030592245	0.1948994745	0.0193323193	-0.020687633	-0.0141376847	0.0216817074	-0.098918074	-0.0123073098	0.0390598695	0.0195926744	-0.0481826001	-0.0274285593	-0.0741254636	-0.0802084323	0.0099234593	-0.0224540459	0.0538605777	0.0859990803	0.0483986819	0.0708116634	0.0181497554	0.11472732	0.0835084934	0.0059832779	-0.0145224839	0.042810431	-0.020767677	-0.0225399297	0.1037170017	-0.0467696455	0.1009347907	0.1002539188	-0.1044138713	0.0205840988	0.0482815312	-0.0771548277	0.0222436345	-0.0461359082	0.0923377736	0.1010507353	0.0882850668	0.0089370653	-0.0190402843	-0.1473214007	-0.0422423613	0.0555570233	-0.0382683432	-0.098078528	-0.0707106781	0.0195090322	0.0536285146147008	-0.0059397023053123	0.0028760175797791	3.528006347573227e-05	-0.0953576222544967	-0.1772453738209378	0.0090930761220312	0.0314159225409239	-0.0057025862560138	0.0170729110515779	3.2519490007277496e-05	0.000291484291775	0.0014957928960059	-0.000149978343771	2.2493503600292253e-08	2.237396387741717e-06	-0.0010845964961563	0.0005471287408531	2.993498590674987e-07	1.1763495594745228e-06	0.0005388113473239	0.0002059684106469	4.2422986184410055e-08	2.903176680049965e-07	0.0	0.0	0.0	0.0	0.0	0.0	0.0	0.0	0.0	0.0	0.0
304.2964579878105	-1.30183957596779	92596.33434392732	1.6947862815559955	551.7991660674413	-7.219822573661759	304482.3196727237	52.12583799515591	300.1860837409282	-0.4607926581430206	90111.68487171557	0.2123298737985106	349.1147881514769	348.4949184390281	1.229929	28.562851	0.1271833869676177	0.0783541022029414	-0.0865832082	-0.0051497708	0.0758238435	0.1243270073	0.0078290225	-0.0832812874	0.0896207395	-0.0318360931	-0.0853524332	-0.0767677478	-0.0059365104	-0.0321232502	-0.0760037519	-0.0178971485	-0.1160267551	0.0543548636	-0.1260287711	0.0521973189	0.0633325635	-0.0463556317	-0.0812778168	-0.0014278989	-0.0643596384	0.1094341009	0.0491839108	0.0179795582	0.0091949352	-0.011458591	-0.0249564729	0.0523695409	-0.017083043	0.0265500102	0.0321583911	-0.07158469	0.0725636644	0.1201910285	-0.1135016536	-0.0228006619	-0.1358946136	0.0106884854	-0.0193312253	-0.023719212	0.0596895807	0.0120983636	-0.0377704249	0.1219869951	-0.0395090037	-0.0297167488	-0.10490491	-0.1197183448	-0.05937625	0.0277861119	0.0220396856	0.0132639292	-0.0006743301	0.0829672966	-0.0986115903	0.0320391168	-0.057687465	-0.0716585025	-0.0238069425	0.0189240355	-0.0198831308	-0.1068697308	-0.1331825355	-0.114303397	0.0442049138	-0.0611161896	-0.016259451	0.1281674038	0.0143360692	0.0066355942	-0.0142248847	-0.0819447437	0.1365068312	0.0391174825	-0.0041225275	-0.0834513119	-0.0146917865	0.0339567054	0.0031973537	-0.0064647409	-0.0321337099	0.019482366	-0.0091718006	0.004480826	0.0497929944	0.0789825372	-0.0529100023	-0.0807977612	-0.0920416622	0.0058929942	0.0104598325	0.0649307477	0.0561729337	0.0790547492	-0.0056735604	0.0607654169	-0.0249186056	0.0127095438	0.0684526179	0.0093523897	0.0960463311	-0.0948860704	0.015010463	-0.0232885084	0.0981264909	-0.0682802386	0.0272947101	0.0329730096	0.0645451073	0.0752451056	0.0912323638	-0.1108196166	0.0085270152	0.0766316713	-0.0475009621	-0.029064879	0.0738245431	-0.0273036089	0.0582802654	-0.0322354886	-0.0033744733	0.0434578293	0.0633360387	-0.0958974778	0.0138856199	0.0074254633	0.0617763987	0.1151596549	0.0936162312	-0.0046342104	0.0044043986	-0.0252179064	0.0003074849	0.0542441537	-0.0411514359	-0.0988886499	-0.0661311865	0.027144045	0.0616967201782188	0.0080682055635179	0.0038064852807494	6.509594101518278e-05	-0.0246883253573173	0.0706692968971794	0.0006095134089487	0.0049941495239416	0.0240398448892165	0.0297424311452303	0.0005779141422975	0.0008846122104287	0.0013723637439177	-0.0001234291520882	1.523475558521203e-08	1.8833822456198063e-06	-0.0013351315153815	-0.0002505350192252	6.276779585817137e-08	1.7825761633649009e-06	0.0005389162432443	1.0489592039994532e-07	1.1003154116551662e-14	2.904307172325495e-07	0.0	0.0	0.0	0.0	0.0	0.0	0.0	0.0	0.0	0.0	0.0
304.63627336207867	0.3398153742681415	92803.25904793512	0.1154744885889971	551.8757574876149	0.0765914201735995	304566.8517025288	0.0058662456442088	299.98315142276755	-0.2029323181606628	89989.89113753509	0.0411815257540604	348.61733695129834	345.27989983078385	0.993493	23.072062	0.0617081582098785	0.0464873767288369	-0.0679228616	0.0499039328	0.0377322935	0.1440631584	0.0224587969	-0.0605146275	0.0458028758	0.0794630333	-0.042081985	-0.0562044551	-0.0938234969	-0.0450400361	-0.0596488872	-0.0884993917	-0.0957369801	0.0205143771	-0.1144621499	0.0102966674	0.0721682074	-0.0243476131	-0.0521638824	-0.0367166404	-0.0791548401	0.0676076906	-0.0232675965	0.138849824	-0.0577312288	0.0059449668	0.0064007669	0.0922114835	-0.0218195334	-0.0187994029	0.0562593202	-0.1620593647	-0.0035416361	0.0084240015	-0.0173792926	-0.0209912636	0.0019381561	0.091063015	0.0291300722	0.0174484699	-0.038183838	-0.0606014325	-0.0237307342	-0.0398214673	0.0500176162	-0.0378353288	0.0262869054	0.0964928871	-0.0673773356	0.0694681203	0.1767663872	-0.0269917333	-0.0570938328	-0.0347627197	-0.1361010979	0.0358195707	0.0281564661	0.0946376466	-0.0437476579	0.0659055545	-0.0593082772	-0.0354569996	0.0598377364	-0.0929056131	0.0020870926	-0.0906362461	-0.0054859658	0.1102391766	-0.0551110634	0.0491716332	-0.0193942516	-0.0904942655	0.0094564794	-0.0526318964	0.0291044647	-0.0522827131	0.0635344344	0.083666904	0.0126002569	0.0125681139	-0.0735751302	0.0283937858	-0.0232401218	0.0428036585	0.0021620328	0.1035481286	0.0190504373	-0.0794192273	-0.0021560592	0.0338227984	0.0758051038	0.1149812051	-0.0223466287	0.1420305084	0.0636081495	0.0310603931	-0.0277098422	0.0823811802	-0.0439214351	-0.0136751313	-0.0689230915	0.0820231076	-0.0495622205	0.0549277122	-0.0169463677	-0.0492828226	-0.0072389189	0.0468368761	-0.1265263805	0.0420598628	0.0856803636	-0.128111074	0.020971286	0.0612599984	-0.0444974048	-0.0420439807	0.031937685	-0.0277001732	0.0412650362	-0.1038808669	0.0219326628	0.0871140369	-0.0222443856	-0.0412304405	-0.0155417445	0.0448401904	-0.0337324143	0.0314742634	-0.0093015873	-0.0053896333	0.0231934677	-0.0453588105	0.0613435761	0.0529179001	-0.043993917	-0.0994792142	-0.0612907054	0.0346117057	0.0668309646258222	0.0051342444476034	0.0044663778328178	2.6360466047746437e-05	0.0201308093104159	0.0448191346677332	0.0004052494834923	0.0020087548323644	0.0240355081275396	-4.336761676899253e-06	0.000577705650949	1.8807501842222022e-11	0.0014913322237576	0.0001189684798399	1.4153499195416724e-08	2.2240718016177887e-06	-0.001219098386286	0.0001160331290955	1.3463687047692994e-08	1.4862008754451291e-06	0.0005389090055224	-7.237721900000929e-09	5.2384618301753075e-17	2.9042291623314213e-07	0.0	0.0	0.0	0.0	0.0	0.0	0.0	0.0	0.0	0.0	0.0
304.7045395114972	0.0682661494185481	92844.85639891356	0.0046602671564355	552.0110458691914	0.1352883815765153	304716.19476159854	0.0183029461895928	299.69402771713874	-0.2891237056288105	89816.51024932112	0.083592517156535	348.25851882101443	347.4781443568871	1.143096	26.546318	0.1366651385683305	0.0935965624198194	-0.0514162874	0.0625072702	-0.1159689485	0.0992066135	-0.0288360206	-0.0492153476	0.0056237969	0.133248395	0.1013809829	-0.0616745932	-0.0230972041	-0.0803712485	-0.0281971495	-0.0243791345	-0.0663102901	-0.0739714921	-0.0636584728	-0.0349250329	0.0578456086	-0.0297075971	-0.0126405971	0.0058104796	-0.1571331405	-0.1010611722	-0.0814899118	0.0652357315	0.0549264534	-0.1040792552	0.0530417456	0.0089936411	0.039072544	0.0538658788	-0.014524035	0.0048863808	-0.0175501127	-0.0286051183	0.062621628	-0.0504661644	0.0328158992	-0.0890438055	-0.0592903146	0.0529445373	0.0669705689	-0.046511337	-0.1934855852	0.1011503735	-0.0455173072	-0.0370562413	-0.0055852369	0.0526075243	0.0256328142	0.0420271267	-0.0750869573	0.0210011446	-0.1171049908	0.030184936	0.0017048081	-0.0807237531	-0.0577190404	0.0883700605	0.0192059366	0.0230610494	-0.0127906306	0.0344609305	0.0582324504	-0.0702951254	-0.0693969443	-0.0194449797	-0.0432418861	0.0499203648	-0.1135200472	0.1268223459	0.0245442142	0.0286511901	-0.1004571492	-0.0370622569	-0.0240159926	-0.10538462	0.0286132904	-0.00936208	0.0202463006	-0.0742388939	0.0127806544	0.0400234841	0.0302084821	-0.0703515458	0.0243991174	-0.0839608343	-0.0677382518	-0.0371532178	-0.0711948502	-0.0089777533	-0.0160383047	0.1573538295	0.0799091382	-0.0323043682	-0.0092351128	-0.1191586649	0.0395974043	-0.0787310563	-0.0568134855	0.0319478399	-0.0077113628	0.0992154677	0.0291011468	0.0632229566	-0.0765710048	0.055610595	0.0445431264	0.0907243427	-0.038500121	-0.0388817603	0.0678223361	-0.1250839384	-0.0231000984	0.0509156701	-0.0892895472	-0.0520480493	-0.0345270048	-0.0403303004	-0.0984757806	-0.0154029527	-0.1059303174	0.0202422791	-0.0271970912	0.0598319833	-0.0287078629	0.0144914437	-0.0426007577	-0.0183424145	0.016622574	0.0470838358	0.0522232449	-0.0718841772	0.0302705645	0.0515785898	-0.0467929814	-0.0998489097	-0.0562083378	0.0418659738	0.0499900876781254	-0.0168408769476968	0.0024990088660666	0.0002836151363674	0.1100226067615608	0.0898917974511449	0.012104973998609	0.0080805352489976	0.0185030053657158	-0.0055325027618238	0.0003423612075637	3.060858680958798e-05	0.0014690794791855	-2.2252744572100105e-05	4.951846409911305e-10	2.15819451616394e-06	-0.0011639062203074	5.519216597859992e-05	3.046175185409322e-09	1.354677689670258e-06	0.0001283546879198	-0.0004105543176025	1.6855484770213654e-07	1.647492591098925e-08	0.0	0.0	0.0	0.0	0.0	0.0	0.0	0.0	0.0	0.0	0.0
305.34722307813144	0.6426835666342186	93236.92664152617	0.41304216682168	553.7814889669419	1.7704430977504444	306673.9375224432	3.1344687623721894	300.2224107545668	0.5283830374280569	90133.49591928384	0.2791886342416994	349.0415219782713	354.22125303556595	1.273651	29.578215	0.1809650394750906	0.1162665103227691	-0.1035141977	-0.1023446068	-0.0061590492	0.0753846579	-0.0106278464	-0.0231680879	0.1448773507	-0.0522830241	0.1159458765	-0.0418861868	0.0606692551	-0.0440762944	-0.0404483645	0.0150163984	-0.1046256543	0.0197398723	-0.0290191576	-0.0653137883	0.0942712962	0.0056238601	-0.1256761412	-0.0216811473	-0.0303646003	-0.0228313756	-0.0324093396	-0.1225198253	0.0208341798	0.0752421564	0.0280901157	0.0367286956	-0.0130112464	-0.0692344364	0.0144973436	0.0165456134	-0.0895538799	-0.0247129771	0.0098442029	-0.0106659553	-0.1606528327	0.0410906732	0.0104281781	-0.0089146116	0.0233749732	0.0001808809	-0.081326339	-0.0204986793	-0.0670454365	-0.0274400649	0.0103901645	-0.1052202368	0.1199991184	-0.0640067248	0.0102033709	0.0341028828	0.0818850742	-0.0189330994	0.0460173836	-0.0128352924	-0.0548005789	-0.0477131142	0.0004226286	-0.0261451157	-0.0752864271	-0.0278921648	-0.0200363213	-0.1069990709	0.0092601724	-0.0486921038	-0.0976695816	-0.0204391802	0.0362662397	5.19056e-05	0.03219996	-0.0396112394	-0.0290179576	0.0843060669	-0.1297139009	-0.0871772335	0.0845213795	0.005565796	0.1575680229	0.0454060814	-0.0738004676	-0.035245876	-0.02857752	-0.0165594626	0.0029508173	-0.0260332773	-0.0171473517	-0.0061571551	0.0629779478	-0.0318131296	0.0599583254	0.0322666283	-0.0525812317	-7.2601e-05	-0.0022221132	0.0515554261	0.067495046	0.0197176787	-0.0426490531	-0.1727399115	0.0572983299	-0.0368530827	0.0414081548	-0.0379987499	-0.0297107424	0.0199871014	-0.0941769935	-0.0667669935	-0.0275738263	0.040978575	0.0694415816	-0.1173640456	-0.0631523863	-0.0155900319	-0.0026224859	-0.0225404284	0.0284945658	-0.0842425571	0.0852970379	0.0719782519	-0.0344518542	-0.0447288199	0.0187105247	-0.0391616026	0.0010047854	-0.0037526408	0.0041075026	-0.0704873576	-0.0813648133	0.1161980874	-0.0275479752	-0.105011321	-0.0165932145	0.0502265533	-0.0495458668	-0.0999969158	-0.0509041416	0.0488621241	0.0507924809935076	0.0008023933153821	0.0025798761254758	6.438350325700355e-07	0.0003630626916333	-0.1096595440699274	1.318145180560167e-07	0.0120252156056243	0.0346715854340118	0.0161685800682959	0.0012021188365079	0.0002614229814248	0.0011772067668381	-0.0002918727123473	8.518968021302807e-08	1.3858157718894128e-06	-0.0007716880953891	0.0003922181249183	1.5383505751442725e-07	5.955025165652567e-07	0.0005309542910838	0.000402599603164	1.6208644046781028e-07	2.819124592203006e-07	0.0	0.0	0.0	0.0	0.0	0.0	0.0	0.0	0.0	0.0	0.0
306.1020403029522	0.7548172248207834	93698.45907763018	0.569749042886149	552.689914782842	-1.0915741840998407	305466.1419026652	1.1915341993932331	300.7439998714936	0.5215891169268048	90446.95345870494	0.272055206896484	349.38001316463345	349.8721660806121	1.211567	28.136442	0.105537446838124	0.0546171869689711	-0.0740206449	0.0701964564	0.0010317293	0.072372941	0.0904417928	0.0292733462	0.0930550559	0.0505371842	-0.0547233666	-0.0059575392	0.0298180054	-0.0457294734	-0.0222581926	0.0585915702	-0.1080186424	0.0455389483	-0.0617197755	0.109862757	-0.0331668795	-0.0067468822	-0.0378827765	0.0601099512	-0.0854040088	0.0815360247	-0.0036422143	-0.0062385876	0.0434700271	0.0194578088	-0.0144606334	0.024499324	0.082377084	-0.0453903099	-0.0425857128	0.0027491579	-0.0536866925	0.1786728535	0.0097108087	0.0129455873	-0.0141829878	-0.1490114598	0.0204533494	0.0341548193	0.1519028743	0.0661737256	-0.0389160154	0.0930939862	0.023699124	0.0305916965	0.010497743	0.023884368	0.0298041687	0.0159129013	0.0094653091	0.0403826963	0.0534937001	0.044452831	0.0815161481	0.1510340131	0.0885627966	0.0316460661	0.1201468563	-0.0223543659	0.0703403174	0.0146317439	0.2212078759	-0.0959373578	0.0282569403	-0.0890002139	0.1318409024	0.0997375609	0.005783043	-0.0009328958	0.0042905226	-0.0026295067	0.034286597	0.0009940578	-0.060511049	-0.0987112879	-0.0415838131	-0.0108645379	0.0701591731	-0.0013757533	-0.112505308	0.0050039249	-0.0560821828	0.0583341658	0.0497284555	-0.0083485516	0.1007741706	-0.0240116789	-0.0351381085	0.0277386706	-0.0607309259	0.1368861987	-0.0136051349	-0.0576595404	-0.0985782877	-0.0425707978	0.1066930227	-0.0024435871	-0.0424419532	0.0533925053	0.0411907729	0.0389774023	-0.0139182096	-0.0084941628	0.0277743087	-0.0509575815	-0.0735900387	-0.0074644508	0.0999722623	0.0509307714	0.0563819326	-0.0393618706	0.0259829025	0.0605802771	-0.04918279	-0.0859918629	-0.0544776191	-0.0373120467	0.0808007299	-0.0706813255	-0.0530576797	0.1129052865	0.0384635488	-0.0710527362	-0.0017365106	0.0359343944	0.050316195	0.0007869901	-0.0382311527	0.0803308584	-0.1272154157	-0.0747184874	-0.0586165364	0.0488621241	-0.0522498565	-0.0999229036	-0.04539905	0.0555570233	0.0479359576643361	-0.0028565233291714	0.002297856037197	8.159725530101004e-06	0.0004459600284434	8.289733681010001e-05	1.9888034696923813e-07	6.871968450207162e-09	-0.0041734860881206	-0.0388450715221323	1.7417986127736187e-05	0.0015089395815595	0.0015970803950829	0.0004198736282448	1.7629386369545255e-07	2.550665788358152e-06	-0.0012248970621813	-0.0004532089667922	2.0539836758085346e-07	1.5003728129403797e-06	0.0001289777931206	-0.0004019764979632	1.6158510491475859e-07	1.6635271118260292e-08	0.0	0.0	0.0	0.0	0.0	0.0	0.0	0.0	0.0	0.0	0.0
306.2190817944378	0.1170414914855655	93770.12605502858	0.0136987107291657	550.8363773266475	-1.8535374561945448	303420.7145863448	3.435601101516143	300.1539648094162	-0.5900350620773906	90092.40259081226	0.3481413744806702	348.7049865342233	349.39627435533265	1.105094	25.663794	0.2119031613308926	0.1392073743907858	-0.0387422603	0.1143404048	0.0788985427	0.0301117782	-0.0410153599	0.1366130947	-0.0193558629	0.0879375813	0.0231911105	0.0012867846	-0.0981554605	-0.0764085034	-0.0566464763	-0.0788396751	-0.0800461792	-0.0527167637	-0.0188951876	0.086371663	-0.0057345154	-0.1046655084	0.0543335783	0.0959637904	-0.027505937	0.0501341003	0.0394947518	-0.0045724539	0.0580031262	-0.0183831463	-0.0263013231	0.1094940634	0.0779641559	-0.0335332312	0.0558578482	0.0315728173	0.0364420132	0.0043089811	0.0129231296	-0.0095245821	0.0643805216	0.1765022142	0.0669922697	-0.0681756948	-0.1003322411	0.0194745797	0.0195866819	-0.0443802526	0.041338689	0.0993387255	-0.0435602506	-0.0303370978	0.1440877956	-0.0396003937	0.0214599525	0.1220702971	-0.0089151941	-0.028568967	0.1019448046	-0.0006169532	0.0382736741	0.0799099911	-0.1951444688	-0.0278771885	0.0883713258	-0.0916509767	0.0298636654	-0.0789027724	-0.0448193682	0.0499783249	0.0835233225	0.104787588	-0.0006298932	-0.0033035184	-0.0260890036	-0.0575506924	-0.0688288028	-0.1663018812	0.0324786412	-0.0630386607	-0.0229932755	0.0117982269	-0.0208588189	0.0623680772	-0.0355686265	-0.1465803306	-0.0460031338	-0.0536326616	0.0092223646	0.1043563133	0.0538124997	0.0893126677	0.0462483625	-0.0091023778	0.0123870895	0.0187228503	0.0313227157	-0.1150741738	0.1501385105	0.0641168694	0.0068297742	-0.0495489081	0.0513148506	-0.0394502329	-0.0717781184	0.0275303852	0.1151666042	-0.1043986856	-0.0361871063	0.0780694159	0.021531712	-0.0516769361	-0.0634832539	-0.0582682719	0.041889931	0.0275296466	0.0960532005	0.0718572072	-0.1162334874	-0.056044762	0.0204042413	-0.040813557	0.0345567371	-0.13600158	-0.0497704736	0.0904906613	-0.0107715596	0.0406465752	-0.0505959561	0.1154330841	-0.1272707365	-0.0207780439	-0.0751618143	-0.0049384594	-0.0600543116	-0.0624442381	0.0180376936	0.047485639	-0.0549022818	-0.0996270376	-0.0397147891	0.0619093949	0.0536617057046271	0.0057257480402909	0.00287957865913	3.278419062089617e-05	0.1231972860738324	0.122751326045389	0.0151775712959576	0.0150678880459013	-0.0669516602278932	-0.0627781741397726	0.0044825248072712	0.0039410991483236	0.0017599310428248	0.0001628506477419	2.6520333469956407e-08	3.097357275498388e-06	-0.001225104766499	-2.0770431769998046e-07	4.3141083591214406e-14	1.5008816888985694e-06	-0.0001209221169286	-0.0002498999100492	6.244996504259825e-08	1.462215836249401e-08	0.0	0.0	0.0	0.0	0.0	0.0	0.0	0.0	0.0	0.0	0.0
304.72750150568635	-1.491580288751436	92858.85017389808	2.224811757791817	551.2149837573369	0.3786064306893877	303837.9583186012	0.1433428293593581	299.53124711692027	-0.6227176924959394	89718.96799941755	0.3877773245474674	347.8900848004444	347.0675454136279	1.539418	35.750179	0.0816549485084681	0.0394532854049584	-0.0873457804	0.1045687859	-0.1168179969	-0.0113827136	-0.0416142211	0.0953649747	-0.0294304671	0.1202965176	0.0578824419	-0.1498224943	0.0650775143	-0.0580695916	0.0658114432	0.0005380877	-0.0672986097	-0.077969055	0.0252653394	-0.0103053151	0.0043141573	-0.0715883655	0.0405646851	-0.0741879964	0.0249728755	-0.2181100617	0.095338945	0.1696094665	0.1447386437	-0.1491515212	-0.0811709024	0.0902063093	-0.0634570792	-0.1433295571	0.0060872504	-0.0311037551	-0.0411311857	-0.0600262403	0.028660531	-0.1228795704	-0.0620930419	0.0651532986	0.0702032989	0.0557113767	0.0905155801	-0.0638524637	0.0740638527	-0.01124539	0.0394203347	-0.0037952537	-0.000826338	0.1263198975	-0.0610069791	-0.0810979875	0.0453688846	0.0667183514	0.0253129469	-0.1040652944	0.1402414363	-0.0136565442	0.001881095	-0.0746974682	0.089267443	0.125558129	-0.0698488238	0.0575882578	-0.1616871186	-0.0680283941	-0.0801948419	0.0686511374	0.0133447533	0.0534626753	-0.102970138	0.0999931792	-0.0934055287	0.0570493756	-0.0707904129	0.0280346938	-0.0189128353	-0.0292689581	0.0810451865	-0.1516082729	-0.1429865447	-0.082435794	0.0473916576	-0.0300179674	-0.0573536268	-0.3430870585	-0.1190209861	0.0374592221	0.1163166216	-0.0333257089	-0.0577000061	-0.0048912384	0.0744544247	-0.0440266734	-0.0646629365	0.009689252	0.004783078	-0.0477111499	0.0286333543	0.0537471237	0.0602795062	-0.1394247826	-0.0175523017	0.0863323333	-0.0250027327	0.0748662442	0.1251760057	-0.0964174896	0.0960096409	0.0937347618	-0.0287290233	-0.0800994705	0.0405266637	-0.0122574296	-0.045130567	0.06294083	-0.1216975586	-0.0865941661	0.0014460078	0.0391669645	-0.1206712975	0.0281703798	-0.080034105	0.0079717092	-0.0820866418	0.0028303393	-0.0845340595	-0.0280294143	0.0041526612	0.0891000564	0.1182323724	-0.0146190167	0.132752238	0.0648743142	-0.1419454075	0.0460974375	-0.0575005252	-0.0991099747	-0.033873792	0.0678800746	0.0462211312501921	-0.0074405744544349	0.0021363929740474	5.536214821199062e-05	0.1452437722387429	0.0220464861649105	0.0210957533741398	0.0004860475522195	-0.0391476334868556	0.0278040267410376	0.0015325372076211	0.0007730639030163	0.0014949017537051	-0.0002650292891197	7.024052409129363e-08	2.2347312532305837e-06	-0.0010661377467409	0.000158967019758	2.527051337077215e-08	1.1366496950257634e-06	-0.0001842030310125	-6.32809140839e-05	4.004474087293932e-09	3.393075663419203e-08	0.0	0.0	0.0	1.0	0.0	0.0	0.0	0.0	0.0	0.0	0.0
305.3371602152591	0.6096587095727273	93230.78140831878	0.371683742157883	548.9916549364726	-2.223328820864253	301391.837189887	4.943191045685632	299.3578886796988	-0.1733584372214522	89615.14551476695	0.0300531477558642	347.3896461359374	344.16474884911406	1.44553	33.569798	0.0715678818585636	0.0452862811248064	-0.0746229662	-0.0272553374	-0.072875436	0.0626134287	0.0842833432	-0.0166678096	0.0936067944	-0.0322742474	0.1884158701	-0.0843325509	0.0314564016	-0.0332642638	0.0809619051	0.0034957907	-0.0590347305	-0.0983946843	-0.0858689235	-0.0435598689	-0.0185097366	0.0720613693	-0.0256428918	0.0279824644	0.0811848356	-0.1372622994	-0.0703126549	-0.1464289221	0.0464275987	-0.0502938869	-0.0219034053	-0.0599912151	-0.0892776989	0.0005849916	0.027264339	0.0730479382	0.0099129718	0.1005425207	-0.0263519871	0.0221696481	0.020552055	-0.0678902199	-0.0275940624	-0.1213272218	0.059462932	-0.0709546987	0.0589376966	0.0654574416	-0.1475947044	-0.0170316239	0.1107418456	-0.0054742766	0.0776723471	0.0036119969	-0.0983412121	0.1201616204	-0.1347069997	0.0318497721	-0.0252791131	-0.0882395753	-0.0954189136	0.1280071746	-0.035065839	-0.0206728864	-0.0977036543	0.0385695197	0.0234790716	-0.0477138979	-0.1131093576	-0.0807692739	-0.0587658291	0.0016621872	0.1183327527	-0.0502080521	0.0604798803	0.0395257332	-0.0311694052	0.1250951266	0.0122614106	-0.0203306134	0.1098997127	-0.1014911779	-0.0609564536	0.0228168893	0.0717464607	-0.0531649444	0.0574307769	-0.1032526657	-0.0765799759	-0.0234715281	0.1168366465	-0.0331111694	0.0635995588	0.0901061855	-0.0704174085	-0.1068070802	-0.1379992861	-0.0347124281	-0.0664632944	-0.0724355896	-0.0592076468	0.0048562355	0.0184957939	0.0587499134	0.1787574467	0.1088730094	0.0712515305	0.0589793646	-0.0388200882	0.1229194434	0.0191619863	-0.1513980746	0.0823602094	-0.0634324853	0.0530178265	-0.0907080989	0.047752113	0.0246677538	-0.0807196749	-0.0790592869	-0.1391562558	0.0519832182	0.0458906826	0.036405974	0.0801827229	-0.1353559764	-0.0087446237	0.1590423214	-0.0742345219	-0.0551061498	0.0540460027	0.0514139718	0.1761024036	-0.020337131	-0.0030099091	0.1110256895	-0.1215796496	0.0446978621	-0.0600420225	-0.0983728629	-0.0278991106	0.0734322509	0.050096891300825	0.0038757600506328	0.0025096985180066	1.5021515970081936e-05	0.1407304764833838	-0.0045132957553591	0.0198050670112402	2.0369838575342552e-05	-0.002006600125604	0.0371410333612516	4.026444064073989e-06	0.0013794563591416	0.001083913677326	-0.0004109880763791	1.6891119892579298e-07	1.174868859894372e-06	-0.0011450821069214	-7.894436018050007e-05	6.232212004308525e-09	1.3112130315915528e-06	-0.0001533796137457	3.08234172668e-05	9.500830520032642e-10	2.3525305912780123e-08	0.0	0.0	0.0	0.0	0.0	0.0	0.0	0.0	0.0	0.0	0.0
308.8403404646134	3.5031802493543296	95382.35589829832	12.272271859466263	553.1760783195496	4.184423383076933	306003.7736249964	17.509399048841	300.4836426229862	1.1257539432874069	90290.4194839785	1.267321940827146	348.3978833579209	353.8608052830044	1.539012	35.740753	0.161312615161989	0.0785385077740474	-0.0490834915	0.0467405978	0.0187910607	-0.1360665185	0.1837433263	0.097545763	0.0908155703	0.0316618197	-0.0426657031	0.0407904572	-0.1232991762	0.1880461008	0.1198742265	0.2032725131	-0.0045862605	-0.0598425905	0.0737388936	-0.0200228469	-0.0102390464	0.2211302046	0.0057925617	0.1153822361	0.1323828505	-0.0744023329	0.0011684948	0.0133704611	-0.0972209907	-0.039331333	-0.0140108847	-0.0391634602	-0.1069807729	0.0105882678	0.1729950157	0.0413694644	0.0709579521	0.0022576423	-0.0709773588	-0.0289439783	-0.0111870181	-0.0523055618	-0.1250526914	-0.0383467036	0.0668351534	0.0567119814	-0.0398776286	0.0768735066	-0.0497012191	-0.0866498446	-0.0367380877	0.0259262685	0.0185895301	0.0140260842	0.1162449327	-0.1166839016	0.1147473125	-0.049905469	-0.0370519879	0.0786874029	-0.0556379302	-0.0122325089	-0.0356556081	0.0669106188	0.1526205839	0.021232308	0.0208134719	0.0114430887	-0.0990396187	-0.1149510894	0.140214688	-0.1485968982	0.0570377852	-0.0417970622	0.0470235166	-0.0750686563	0.006645899	0.0840681554	0.0110020533	0.2328799777	0.0271777817	-0.0610565176	-0.0127046427	-0.1182385075	0.0808800232	0.1354973265	0.0680401569	0.0322399791	0.0491018666	0.0368197986	0.0685296376	-0.1005102817	-0.0631076579	0.0187872807	-0.0134418594	-0.1122882708	-0.0472459585	0.1163075942	-0.0035618723	-0.0199312914	-0.0087226108	-0.0749050393	0.0833567186	0.0003914825	-0.005861228	-0.1289120641	0.0812892791	0.0250224564	0.0774380396	-0.0354491456	0.0157273121	0.0586567113	-0.0325336294	-0.1087919351	0.0517204489	0.0457742227	-0.0065921517	-0.0675994378	0.0926026592	-0.0642365805	-0.1152455899	0.1465898467	0.0753390377	0.0223157198	0.0775115493	-0.0654138882	0.030909997	0.0455728015	-0.0396779125	-0.2006444437	0.0840222471	0.0294519146	0.1058270932	-0.0309950594	-0.0109905127	0.0861220766	-0.0665263326	0.0432872582	-0.0625242656	-0.0974173387	-0.0218143241	0.0785316931	0.0515042098709273	0.0014073185701022	0.0026526836344285	1.980545557754772e-06	0.186541027938091	0.0458105514547071	0.0347975551041996	0.0020986066245843	-0.0586206066929335	-0.0566140065673295	0.0034363755290475	0.0032051457396056	0.0006340910672329	-0.000449822610093	2.0234038055096904e-07	4.020714815445581e-07	-0.0008209300072212	0.0003241520997002	1.0507458374004849e-07	6.739260767561994e-07	0.000222260447858	0.0003756400616037	1.4110545588163154e-07	4.939970668203874e-08	0.0	0.0	0.0	0.0	1.0	0.0	0.0	0.0	0.0	0.0	0.0
308.068404482808	-0.7719359818054272	94906.14184058298	0.5958851600059089	551.7491861899694	-1.4268921295802102	304427.1644612935	2.036021149457947	301.23510735906933	0.7514647360831077	90742.58990563004	0.5646992495764547	348.98611205012327	356.05048513755526	1.210517	28.112045	0.1911513962616662	0.1219296657184147	-0.0009446489	0.1021307409	0.0574952618	-0.2131381194	-0.0823940522	0.1875927248	-0.0645720266	0.0464718448	0.0083655098	0.1236813536	-0.086156209	0.0235664887	-0.0301721256	-0.1610454176	0.0157317362	0.0377037955	0.1399325044	0.0912591409	0.0278636258	0.1258029062	0.0313112424	0.0319408613	0.0395893325	0.0342048931	-0.1040066676	0.0628670213	-0.0317112267	-0.0440092111	-0.0132504828	-0.0818555907	-0.1214085667	0.0918460657	-0.0554481188	0.0910569456	0.0064033264	0.0396086032	-0.0448425489	0.019859987	0.0285296675	-0.0338643128	-0.0536071467	0.0957360402	0.0538632662	0.0211623259	-0.0367453034	-0.0267961464	-0.0127593806	-0.0704267909	-0.1101845716	-0.017367937	-0.074606203	-0.0559512078	0.0358267504	0.0499023924	0.0016184874	-0.0407995565	0.0109556866	0.0582346437	0.0008040266	-0.0332353993	0.0435534093	0.0049439645	-0.0005889048	0.0720997838	0.0392145854	0.0058740184	0.0482406262	0.1119906113	0.1327685432	-0.0818257208	0.0554805582	0.0447805174	0.0264081121	-0.0457310999	-0.0516514963	-0.0328926897	0.1268006792	0.1477056049	-0.0292114675	-0.038924354	-0.0500567035	0.1249526618	0.0112803198	0.1498473354	0.0813569351	-0.1015387219	-0.0425989194	-0.060713813	-0.0316049712	0.0631456309	-0.0255407787	0.0374205735	-0.09610606	-0.0274517323	0.0434041447	0.0199567833	-0.0559902059	0.033012489	0.0706106778	-0.1024325512	-0.064293168	0.0927459701	0.0161028696	-0.0307199007	0.1251161971	-0.0265971758	-0.050261697	-0.1206255148	-0.0417004435	0.00521935	-0.0791210121	-0.0289900695	0.0334068612	0.1593469352	0.067082443	-0.0590134363	0.0896028123	-0.0923212048	0.0382991097	0.0623337973	-0.0658618225	-0.069899509	0.0587177815	-0.0169679098	-0.0310164611	-0.0179135192	-0.0928129236	0.02289108	-0.0413013827	0.0617588956	0.0323839934	-0.0962714331	-0.0158221803	0.083580463	-0.1315239754	0.0418659738	-0.0649448048	-0.0962455236	-0.0156434465	0.0831469612	0.0644323348156348	0.0129281249447075	0.004151525769794	0.0001671364145859	0.0719705064699098	-0.1145705214681812	0.0051797538015353	0.0131264043894909	-0.093156608056411	-0.0345360013634775	0.0086781536245757	0.0011927353901781	0.0007180789424925	8.398787525960003e-05	7.0539631906221364e-09	5.156373676511471e-07	-0.0012249565932023	-0.000404026585981	1.6323748217954313e-07	1.5005186552297849e-06	0.0001279399393927	-9.43205084653e-05	8.89635831715273e-09	1.636862809180775e-08	0.0	0.0	0.0	0.0	0.0	0.0	0.0	0.0	0.0	0.0	0.0
305.95083359301395	-2.117570889794024	93605.91257626012	4.484106473303054	551.4066752274831	-0.3425109624862443	304049.32148542703	0.1173137594232534	300.15215688217205	-1.082950476897281	90091.31728102002	1.1727817354120484	348.4084274341447	354.08371090820367	1.342306	31.172606	0.2418288578197236	0.1936262264364809	0.0570968193	0.1140206372	-0.070018044	-0.1006646368	-0.0817016005	0.1280152913	-0.1248572884	0.1220378848	0.0248482424	-0.1081171949	0.0508462258	0.0049241295	0.1095152457	-0.0969113886	0.0365134905	-0.1159304223	0.1085413769	0.1019455245	0.0927807842	-0.0013478825	0.0087510671	-0.0700799289	-0.022613338	-0.1056866417	-0.0580388646	0.1432417217	-0.0599576019	-0.0376193507	-0.0767821353	-0.1403210118	-0.0047082421	0.0720768026	0.0458245389	-0.1383971048	0.0520754656	-0.0138792631	-0.0798112833	-0.0108589179	0.0158986864	0.1289595949	0.0661787942	-0.0329341726	-0.0342597488	-0.0335450364	-0.0108079864	-0.0024651344	-0.0713959244	-0.0358964589	0.040156181	-0.017530405	-0.0110212076	-0.0373396317	-0.0098695544	0.135848422	0.0795544321	0.0602351231	-0.0925059145	-0.0936098921	-0.0414344046	-0.1730071162	-0.0500494951	-0.0064159224	-0.0512290927	-0.1128669548	-0.0287569427	0.0262348234	-0.0854887903	0.1851172052	0.0819258621	0.006777632	-0.054337753	0.113188198	-0.0279172848	-0.03180441	-0.0395245941	0.0665766539	0.0541702451	0.0056390953	0.0304369118	-0.0600120258	-0.1091647269	0.0206705137	0.0767770198	0.0803824125	0.1182459163	0.074007471	-0.1159302354	0.0497017542	-0.0613380221	0.0352189693	-0.0169292853	0.1027389113	0.0476392167	0.033635049	0.0993990103	0.0217017818	0.0783223225	0.0594668709	-0.0503487251	0.0077946155	0.0683742753	-0.1204554538	0.0366306557	-0.0010702257	-0.0135932293	0.0066089476	-0.0222385753	0.0216402143	0.0791842651	-0.0711800707	0.0817464547	-0.154000806	0.0208619813	0.0573387128	0.0142789134	0.0090040215	-0.0366082703	-0.0170924684	0.0692072797	0.1625520991	-0.1333296642	0.0083309923	-0.0719509745	0.0166814735	-0.0632405652	0.0294917433	-0.0270869291	-0.1093935479	-0.101726717	0.0902980008	-0.0405357282	0.0302915581	-0.0047788053	0.1012605028	0.1226305861	0.0404343596	-0.0673012514	-0.0948600195	-0.0094108313	0.0872496007	0.0580746237164646	-0.0063577110991702	0.0033726619198089	4.0420490420511976e-05	0.2628758054546267	0.1909052989847169	0.0691036890934187	0.0364448331804441	-0.0806279031874055	0.0125287048690055	0.0065008587723976	0.0001569684456946	0.000994969731586	0.0002768907890935	7.66685090848211e-08	9.899647667723167e-07	-0.0010420259801215	0.0001829306130807	3.3463609202117307e-08	1.0858181432481727e-06	-5.2981515769620006e-05	-0.0001809214551623	3.273257293805137e-08	2.8070410132464924e-09	0.0	0.0	0.0	0.0	0.0	0.0	0.0	0.0	0.0	0.0	0.0
304.6628140383484	-1.2880195546655386	92819.43025776529	1.6589943732008126	551.2998364686966	-0.1068387587864663	303931.5096904117	0.0114145203790327	299.601054982268	-0.5511018999040402	89760.79214648798	0.3037133040778428	348.0425850547956	351.99138330967304	1.473896	34.228542	0.3489537958384321	0.2667272154154001	5.78679e-05	-0.0614959053	0.0201283339	-0.0170384606	-0.0840686718	0.0162753177	0.0112952948	-0.0847267565	0.011159974	-0.1482128507	0.0130138348	-0.0573533291	0.184709961	-0.0023206088	-0.016858473	0.0022271141	-0.0575139586	0.0235589972	0.0359228344	0.0253443368	-0.0090338308	-0.145551273	0.1581721511	0.0105750113	-0.0527685184	0.0255241953	0.0019680111	0.0632558476	-0.0353688908	-0.0101060213	0.0951884882	0.0608721495	0.0373980636	0.0029746612	0.0130828721	-0.1353679081	-0.0526031063	0.0751949051	0.1494233441	0.065159603	0.0200762359	0.0935697875	-0.0040906456	-0.0362538985	0.0137392986	0.0526960752	0.0730819192	0.0402161461	-0.0139357076	0.0201522466	0.0681557182	0.1337559226	0.0588573924	-0.0057821712	0.031193065	-0.0054785878	0.0189719329	-0.097709027	-0.078016558	0.0110573701	-0.0517960047	-0.0229614669	-0.040729932	-0.1172512889	0.0202928638	-0.021663158	0.0123567299	0.0836350997	-0.1007137497	0.0826557354	0.0304266353	-0.0236566409	-0.0620189927	0.0031259077	0.0505900232	0.1380050036	0.0178016254	0.1163126084	0.1055105573	0.0293467629	-0.0933118781	0.0495912292	-0.025874205	-0.0207766003	0.0236801148	0.1378359933	0.03077667	-0.078588002	0.0794348452	0.0078835845	0.1652691003	0.0170148341	0.0375877513	-0.0597654795	0.1291153974	0.0165240359	0.0367082043	-0.1176600025	-0.0573448862	-0.0256529419	-0.1406612412	-0.0936288416	-0.1274811494	0.073841296	-0.0089033975	-0.0906894576	0.0729305935	0.0561365296	0.1137793105	0.0289771758	-0.0125080778	0.0176048078	0.0123022131	0.0223566448	-0.1264823646	0.0428122773	0.0095934662	-0.0289244439	0.0599059224	0.0084772531	-0.0053958204	0.0511226527	0.1565183994	-0.1431181441	-0.1091876164	0.0255893204	-0.0402690916	-0.0364598924	-0.0129277767	0.0746507899	0.0176890879	-0.0040791092	0.0331789391	0.0567306901	-0.0801385171	0.0389927688	-0.0695912797	-0.0932639023	-0.0031410759	0.0908143174	0.0594477278666971	0.0013731041502325	0.0035340323485128	1.885415007385716e-06	0.0005631773343282	-0.2623126281202985	3.171687099010172e-07	0.068807914871378	-0.0403525380163003	0.0402753651711051	0.0016283273243569	0.0016221050396658	0.0008971845420166	-9.778518956939996e-05	9.561943299123491e-09	8.049401024335362e-07	-0.0007712854262533	0.0002707405538682	7.330044750885971e-08	5.948812087507348e-07	0.0004783467087287	0.0005313282244983	2.823096821485373e-07	2.288155737515798e-07	0.0	0.0	0.0	0.0	0.0	0.0	0.0	0.0	0.0	0.0	0.0
305.2949153653649	0.6321013270164713	93204.98534794532	0.3995520876159839	548.9734654426575	-2.326371026039169	301371.8657601206	5.412002150794536	299.76660202008424	0.1655470378162249	89860.01568666757	0.0274058217297266	348.20091517659324	348.8235910882196	1.267099	29.426056	0.1101220970422322	0.0626347626789373	0.0172549682	-0.0285442082	-0.1442697464	0.064601162	0.0983100123	-0.0982965672	-0.0224301953	0.0941129847	0.0598473363	-0.0257848594	0.0526714407	0.0445215436	0.0162662772	-0.0968344205	0.030918232	-0.0469924452	-0.0344304995	-0.0668908129	-0.0360850303	0.1038830193	0.0408810576	0.0397067681	-0.0015461883	0.0287424379	-0.1259523524	0.1257022601	0.1433025761	-0.0294236405	-0.0378128934	-0.1549428264	0.0141265788	-0.0103195076	0.0536008455	0.1299817145	-0.0351649266	-0.1267533203	0.0714499108	0.0069423937	-0.0186021785	-0.130435886	0.0225605599	-0.1728283759	0.058077957	-0.0520200973	-0.0999662318	-0.08392746	-0.0534530508	-0.0305946305	-0.0265191172	-0.0369858882	-0.0179964928	-0.1202408616	0.03044282	0.0002805237	0.0276131329	0.061546937	0.0600479769	-0.024383015	-0.0694880522	0.0395862749	0.0330991787	-0.0012785508	-0.0114910341	-0.0462707207	0.0598410808	0.0362364799	-0.0493350725	-0.0845751865	0.0022177513	-0.0145333615	-0.1297226397	-0.017667244	0.0299014833	0.0170117888	0.020519139	0.1081847727	0.0798900477	0.0131119081	0.0068587558	-0.0246449869	-0.1145530048	0.0314277051	-0.0269318372	0.1702830643	-0.0032442719	-0.0776691339	-0.0367591425	-0.1337473436	0.0037809225	0.1836385246	-0.0033489753	-0.0644445403	0.0003979546	-0.0030338293	0.0539420198	-0.0183901433	-0.0975854551	0.042130195	0.1504395179	-0.0385586617	0.1049800678	-0.0073444597	0.035876254	0.0568159749	-0.0190096651	-0.0839188598	0.0288453586	0.0745204065	-0.0716277296	0.0754985277	0.0396797517	-0.0037186082	0.0233016954	-0.0615183563	0.058414867	0.018576616	-0.0466335215	-0.0084726188	-0.1029003809	0.0188557878	-0.0705163999	0.0947944121	0.0541170592	-0.0186360073	-0.0199454626	0.0081611664	-0.0142498165	-0.0773032234	-0.0780632639	0.0529100025	-0.1017701561	-0.0918176878	0.0139234914	0.0923688623	-0.0598745146	0.0375415571	-0.0718126298	-0.091460716	0.0031410759	0.0938191336	0.0525187089210845	-0.0069290189456126	0.0027582147867376	4.80113035486584e-05	0.0557386152232908	0.0551754378889626	0.00310679322701	0.0030443289462387	-0.0244326923718603	0.01591984564444	0.0005969564565379	0.0002534414853427	0.0009060029075041	8.818365487500029e-06	7.776356987113161e-11	8.208412684058828e-07	-0.0009309979199301	-0.0001597124936767	2.5508080636461868e-08	8.667571269141729e-07	4.92167662865991e-06	-0.0004734250321	2.24131261018924e-07	2.422290083709718e-11	0.0	0.0	0.0	0.0	0.0	0.0	0.0	0.0	0.0	0.0	0.0
305.5518686847481	0.2569533193832285	93361.94445674156	0.0660250083420594	551.0311824878057	2.057717045148252	303635.36407390947	4.234199437893651	299.85678723857524	0.0901852184910012	89914.09285304017	0.0081333736342696	348.0424406460115	355.89651644178434	1.157261	26.875267	0.0482137722216468	0.0266717947052733	-0.0040189218	-0.0403642124	0.0091029747	-0.0316691881	-0.0007396592	0.0520020126	0.0432363311	-0.0928875927	0.0384198798	0.0091830552	0.0760950934	0.0038052454	-0.0889633944	-0.0454227338	0.0144609466	-0.0312968136	-0.0322496284	-0.0285669813	-0.0497883836	0.0615441395	0.0162043336	-0.0485007018	0.0663543817	0.0672549963	-0.0759909662	-0.0352808009	-0.1102092078	-0.0899518011	-0.0341438943	-0.0297144238	-0.0392714652	-0.09196805	-0.0534970065	-0.0552328588	-0.0770866429	-0.0650193192	-0.0779915071	0.087808519	0.0081387175	-0.0452268849	0.0333856596	-0.1039368552	0.0692854455	0.0100342726	0.0611732603	-0.0415622618	0.1385631397	-0.0163427264	-0.1000302832	-0.0271877804	-0.1426603283	-0.0127419743	0.024838019	-0.1257558353	-0.0305430716	0.0344378175	-0.0177791685	-0.0539607391	0.0574580795	-0.0425437246	-0.1646564126	0.0853611749	-0.085061324	0.2052665457	-0.0461913732	0.0193120606	-0.027420657	0.0041930449	-0.0589364795	-0.0135887051	0.1106927753	-0.0090449177	-0.03308805	0.0999604882	-0.057414936	0.0657301719	0.0480254769	0.0490099995	-0.0522233102	0.0050148184	0.0407594357	0.0237803247	-0.0021681314	0.1994948179	0.0428797422	-0.0735956469	-0.0025443976	0.0057134442	0.1102242263	-0.0049297977	0.1234595802	-0.0450028478	0.0297840363	0.0550563821	-0.0607921239	0.1227152441	0.0604167408	-0.0419401213	0.0374395341	0.0390169538	0.0059868597	0.0099539492	-0.0209722188	0.0218000357	-0.0230143507	-0.0378367447	0.028641888	0.0719547789	-0.0897682864	0.0488996061	-0.1075718525	-0.0128872623	0.0046685099	-0.0170586811	-0.0460874811	0.0154519462	-0.025400428	-0.0413309653	0.0218163278	0.0360310685	-0.0712573791	0.0540671643	0.0973253682	-0.0670027879	0.0158629915	0.0594521109	0.0688422187	-0.0487180758	0.0127305767	0.0143105162	0.0082808327	-0.0619882298	-0.0258833036	0.0470123285	-0.0492036814	0.0360810826	-0.0739631095	-0.089454464	0.0094108313	0.0962455236	0.0601890366379223	0.0076703277168378	0.0036227201314011	5.8833927283690206e-05	0.0658800096930747	0.0101413944697838	0.0043401756771596	0.0001028478817917	-0.0292471084244354	-0.0048144160525751	0.0008553933511906	2.317860192729283e-05	0.0013150041735961	0.000409001266092	1.6728203566485897e-07	1.7292359765751618e-06	-0.00102899440736	-9.799648742989998e-05	9.603311548598544e-09	1.0588294903781576e-06	9.67660275575993e-06	4.75492612710002e-06	2.2609322474178397e-11	9.363664089278066e-11	0.0	0.0	0.0	0.0	0.0	0.0	0.0	0.0	0.0	0.0	0.0
305.7421508598365	0.1902821750883845	93478.262812399	0.0362073061563666	552.3225423177083	1.2913598299026037	305060.1907522967	1.6676102102860808	300.2289278485737	0.3721406099984392	90137.40911710406	0.1384886336100104	348.7544565612139	351.18359317093444	1.058046	24.571196	0.0777955914216911	0.0614266156003013	0.0040139419	-0.0549979716	-0.083337901	0.0345636745	0.0413326489	-0.1288611396	-0.0094897764	0.0466899694	0.0205782477	-0.0012966216	-0.0208980326	0.0289315536	-0.0183104746	0.0103455466	0.0057644394	0.0127753477	-0.0680857621	-0.0116267998	-0.0672862703	0.1400888535	0.0091700049	0.0113412411	-0.0190580012	-0.0129846709	-0.1479686926	-0.0086460384	0.1280080156	0.0564387307	-0.0647352085	-0.0598645032	-0.0177543719	-0.0137982369	0.0783638771	0.0428446037	0.0061449651	-0.0561375429	0.0009920484	-0.0032653113	0.018266088	-0.0019891216	0.0105928606	0.1463100633	-0.0754071457	0.0813854855	-0.0181161565	0.0378527077	0.1097907364	0.052575003	0.0699563979	0.0164070621	0.1791967968	0.0144744648	0.0617553486	0.0783529362	0.1002814905	0.1151253441	0.0518563646	0.0062138007	0.0312564468	0.1032471903	0.0414701215	-0.0618825379	0.1304050173	-0.0558986363	0.0096288837	0.0105587211	-0.0089049762	-0.0971123205	-0.0308663308	0.0185325433	-0.0638422322	-0.0141867067	0.1342693142	0.0226390647	0.0428585889	0.0522210702	0.0731184502	0.0868724141	0.0357794673	-0.0161371483	0.0090165111	0.1084276091	0.0564832424	0.0427527423	-0.0886930201	0.0448556302	-0.0050161826	0.0191212432	-0.0213966835	0.1051813238	-0.0533849623	0.0276228067	-0.0110344597	0.0643524553	0.0783467884	-0.0819361511	-0.0544604992	0.0544419403	-0.0682542828	-0.0749947438	-0.1036826457	0.0326947587	-0.0986836975	0.0841401175	-0.0116477792	-0.0641968175	-0.0090730811	0.0664856798	0.0256307941	-0.1691240988	-0.0830505444	0.0396092831	0.0122452348	-0.0393596559	-0.0004044005	0.0204959296	-0.0110035287	-0.0641235277	-0.0963957528	0.0188140603	0.0305820694	0.0727234189	0.0706743168	0.0113391953	-0.0264402196	0.0213150403	-0.0129661648	-0.0382744769	-0.0893426473	0.0045044827	-0.0563358133	-0.0514856855	0.0550149677	-0.0092346779	0.0253371467	0.0346117057	-0.0760405966	-0.0872496007	0.0156434465	0.098078528	0.0608949616860599	0.0007059250481376	0.0037081963587467	4.983301735880745e-07	0.0058567001514262	-0.0600233095416485	3.430093666371567e-05	0.0036027976883325	-0.0163273182583409	0.0129197901660945	0.0002665813215091	0.0001669209779359	0.0013379764503611	2.2972276765000037e-05	5.277254997677604e-10	1.7901809817208892e-06	-0.0010210287715832	7.965635776799882e-06	6.345135332863425e-11	1.0424997524006986e-06	-4.231681801865144e-05	-5.199342077441137e-05	2.7033158038249915e-09	1.790713087223663e-09	0.0	0.0	0.0	0.0	0.0	0.0	0.0	0.0	0.0	0.0	0.0
307.0793378946891	1.3371870348526045	94297.71976184064	1.7880691661779005	554.2563255310058	1.933783213297488	307200.0743911323	3.7395175160311593	300.8797147504866	0.6507869019129089	90528.60274833416	0.4235235917014021	349.386370759449	359.30079799144386	1.093433	25.39299	0.064136301870608	0.035928841181969	0.0113068536	-0.0886324158	-0.0201268274	-0.0719368563	-0.0103653813	-0.0038412117	0.0547069107	-0.061731621	0.0174223603	0.1237928255	0.026147139	0.0408850064	-0.0965904221	0.0210560133	0.0227939056	0.0694074287	0.0258188411	0.0161039846	-0.044922184	0.0518586393	0.0462374108	0.0206412181	0.0555675733	0.0966461571	0.0173674869	-0.0084624983	0.095121661	-0.0556987452	0.0747779126	0.0735601857	-0.0451647459	0.0036071206	-0.0683527559	0.0407356625	0.0049843949	-0.0960323078	-0.0629136403	0.0926839293	0.0554358421	-0.1365445816	-0.0545487655	0.0602844253	-0.0819802409	0.0509232227	0.0780115912	0.0071149562	0.0850151675	-0.1590861897	-0.0157859776	-0.129257904	-0.055505748	0.0013522943	0.0034355826	-0.0740131441	0.0859700321	0.0548463003	0.0193034528	-0.0343475908	-0.0489687796	0.0041794772	0.0460695353	-0.062386922	-0.0118503609	0.0639547448	-0.0561529421	0.0217928056	0.0632552759	-0.0087098277	-0.0142628107	-0.059388386	0.0781691619	-0.0334093343	0.076874613	0.0912938456	-0.0333401355	0.0296888862	0.0076557394	0.0539969898	-0.1256153744	0.1069790884	0.0045446455	0.0100005139	-0.0457117608	0.1282135569	-0.0777847113	-0.0882302929	0.0489577721	0.0228052661	0.0048479161	-0.0217294926	0.0454313857	-0.0487589416	-0.1259613028	-0.0039592407	0.1405104563	-0.0007258711	0.0052630308	-0.0717369907	-0.1136248842	-0.0476446823	0.0025828189	0.042196159	0.032880005	-0.1252870616	-0.0806150287	-0.1193005079	0.0385849841	0.0422832271	-0.1316558061	-0.0114400766	-0.0487086322	0.0584979767	-0.0096348211	0.0153089523	-0.0140029687	-0.0320074375	0.0345157741	-0.0643987066	0.0086150414	0.0143160596	-0.0230778511	0.1480742628	0.056768745	0.0323894174	0.0652184314	0.0661153968	0.1314388283	-0.0146830783	-0.0039396263	-0.0448252579	-0.0806340586	-0.023465819	-0.0152994733	0.010738697	-0.0728088706	0.0331337888	-0.0780430407	-0.0848510215	0.0218143241	0.0993068457	0.0624110589763091	0.0015160972902492	0.0038951402825443	2.298550993500969e-06	-0.0217320098491029	-0.0275887100005291	0.0004722802520815	0.0007611369194932	-0.0310701510150366	-0.0147428327566957	0.0009653542840971	0.0002173511176918	0.0013190031741774	-1.897327618370008e-05	3.5998520914296063e-10	1.7397693734900564e-06	-0.0006824960247813	0.0003385327468019	1.1460442065723937e-07	4.6580082384227693e-07	5.950395458429792e-06	4.826721347708123e-05	2.3297238968421322e-09	3.5407206111701895e-11	0.0	0.0	0.0	0.0	0.0	0.0	0.0	0.0	0.0	0.0	0.0
305.70246021162643	-1.3768776830626734	93453.99417944104	1.895792154116036	552.9720348676045	-1.2842906634012934	305778.0713456192	1.6494025080997343	301.4194004323519	0.5396856818653077	90853.65495699848	0.2912606352104221	349.65315322476533	349.0224765914807	1.272482	29.551083	0.0484309720200005	0.0274230639302236	-0.0066073886	-0.0269824998	-0.0661423848	0.0153345651	-0.0081713598	-0.0788217326	-0.0064358432	0.0579280157	-0.0255159456	0.044123694	0.0836842644	-0.0228328402	-0.0488510674	0.0806131519	-0.0044699295	0.105241806	0.0276650818	0.074163466	-0.0251496566	0.1143035562	-0.0900766686	-0.0246621683	-0.0038781465	-0.0714176799	0.0240632479	-0.0212379369	0.0417113651	0.1262155965	-0.120526991	0.0890754868	0.0301679761	-0.0532770939	0.0787573028	-0.0693022765	-0.0210656517	-0.0214058827	-0.0010793839	-0.0443295713	-0.0561746463	0.0967934791	0.1387899528	0.0399400812	-0.0897538112	0.0488085125	-0.0076136263	-0.0776357903	0.0202073405	-0.003779361	0.0732637849	0.0641660175	-0.058260733	0.084263418	-0.0100310356	-0.1054788996	-0.0812819269	0.0438497214	0.0154397098	-0.0217135748	-0.0214003667	0.0368675628	0.1064529797	-0.046396205	0.1411178377	0.1514807154	0.0276623136	-0.0027615788	0.0923262754	-0.0316889878	0.0601835226	-0.0115747423	-0.017132068	0.0452613487	0.098552321	-0.014271764	0.1342066361	0.0501063555	-0.0114261807	0.0616995077	0.090249294	-0.1030390437	0.1129113935	0.1169096162	0.034229899	-0.1324484102	-0.0670302988	-0.0095202448	-0.068311481	0.0611465029	-0.0698539057	-0.008454509	-0.0448298993	0.0052127758	0.1154445867	0.0743249702	-0.0618089675	-0.0537278638	0.0631399763	0.0201842121	-0.1593928908	-0.0097469383	-0.0690951674	-0.058842785	-0.0350462683	0.0214269025	-0.0620691766	0.1326978743	-0.0309360062	-0.0186720948	-0.0852570207	0.0187447036	-0.0721862304	0.0893608457	0.008901035	0.0048023127	-0.0008542755	-0.0021396038	0.0426175104	-0.0780009097	-0.0674735241	0.0861492751	0.0298813026	0.0396916276	0.0722869161	-0.0154730873	0.0115414422	-0.1519193578	-0.0549139646	-0.04370529	-0.0869768626	-0.0524133211	-0.0654316806	-0.0073282886	-0.056589013	-0.1039919827	0.0909460817	0.0316476967	-0.0799684658	-0.0822640518	0.0278991106	0.0999229036	0.0634891516338029	0.0010780926574938	0.00403087237518	1.1622837781420552e-06	-0.0458173233701444	-0.0240853135210415	0.0020992271208043	0.0005801023274068	-0.0242466120335649	0.0068235389814717	0.0005878981951062	4.656068423166384e-05	0.0012165596973392	-0.0001024434768382	1.0494665946698824e-08	1.4800174971900457e-06	-0.0007719135983685	-8.941757358719993e-05	7.995502466222314e-09	5.958506033462059e-07	0.0001429698822329	0.0001370194867744	1.877433975593921e-08	2.044038722568929e-08	0.0	0.0	0.0	0.0	0.0	0.0	0.0	0.0	0.0	0.0	0.0
307.87676328879286	2.174303077166428	94788.1013731834	4.727593871375398	551.8832681655883	-1.088766702016187	304575.1416811307	1.1854129314192048	301.7135015029339	0.2941010705820304	91031.03698916092	0.0864954397174964	350.0927183255386	351.29746242084093	1.239066	28.775049	0.0745964057107175	0.0350153130962623	0.0147765361	0.1175714716	-0.0474475992	-0.0262685149	0.1206199802	0.0349216449	0.0316787491	0.0151393005	-0.0135951263	0.1381733551	0.0480026052	-0.0438415944	0.1189411663	0.0883457642	0.0226580739	0.1222333932	0.0558335472	0.0787470777	0.0107480955	0.1472519116	-0.1047498947	0.1023788309	-0.0229919132	-0.1143395783	0.0320925069	0.026679265	0.0063801234	0.0856542274	-0.1299046646	-0.0003022636	-0.0468630057	0.0034562716	-0.0496745866	0.0764034093	0.1096068721	0.0457657225	0.125019848	0.0732959716	-0.0649759506	-0.0375570043	-0.0237186518	-0.0578717944	0.0696186871	0.0229839017	0.1844949604	0.0123335253	-0.0043166914	0.032392289	0.1003555556	0.0715483686	-0.0033551021	-0.0614452724	0.0356218819	0.0033866762	-0.0845031644	-0.0659068439	-0.0616715383	0.0186608946	0.0341672337	-0.0200068188	0.0135506757	0.0137671842	0.083716521	0.055370415	-0.1178284817	0.0250241599	0.105796285	-0.0791342454	0.1790094704	-0.0533140615	0.0455082348	0.0367575076	0.0633231729	0.0042270482	-0.0018177194	0.0710125535	-0.0581909169	-0.0055695114	0.1640090296	-0.1120428598	0.033632654	0.0281416407	0.0165525762	0.0115759845	-0.0893401146	0.1046731329	-0.0466894551	-0.0743279197	0.0110514935	-0.060693609	-0.1023897097	-0.0976498235	-0.0218977449	0.0148942291	0.001675918	-0.0309980178	0.0141976954	0.0063494372	-0.0525302677	-0.0447863508	0.0008065072	0.0874304338	0.1134598716	-0.0807553903	-0.0158957767	0.0683338477	0.0814529209	-0.0341314279	0.0315802536	-0.0006380158	0.0392572421	0.088608936	-0.002015374	0.0649230986	0.0431158703	-0.0041252575	0.043336522	-0.0583645432	-0.1824778708	0.0550994046	-0.0103716453	-0.0401517296	-0.0218370507	-0.0085909903	0.1736184143	0.0075718023	0.0577351071	-0.0049457914	-0.064488598	0.0111187434	-0.1124133862	0.0492990039	-0.0287429216	-0.131888668	0.0506973367	0.030153796	-0.0818149717	-0.0794944353	0.033873792	0.0999229036	0.0636779210697113	0.0001887694359083	0.0040548776317603	3.5633899933174786e-08	-0.0566418081091626	-0.0108244847390181	0.0032082944258751	0.0001171694698652	-0.0482454153320759	-0.023998803298511	0.0023276201005645	0.0005759425597606	0.0010339261691225	-0.0001826335282166	3.3355005628880136e-08	1.0690033231963284e-06	-0.0011040678472287	-0.0003321542488602	1.103264450358837e-07	1.218965811284216e-06	-0.0001339293054358	-0.0002768991876686	7.667316013158593e-08	1.7937058854515807e-08	0.0	0.0	0.0	0.0	0.0	0.0	0.0	0.0	0.0	0.0	0.0
307.8145340763832	-0.0622292124096475	94749.78738866089	0.003872474877125	552.6199790159861	0.7367108503977988	305388.8412076289	0.5427428770938479	301.5366448492501	-0.176856653683842	90924.34818694278	0.0312782759522464	349.8007622421367	356.088805472422	1.326095	30.796133	0.1944524810411063	0.1339402871258445	0.0360736285	0.0565214292	0.1365381652	-0.1534782499	-0.0740868516	0.1401804122	-0.0359941298	-0.0447948295	-0.0255955017	0.1097129093	-0.064933955	0.0254726275	-0.0120092925	-0.0346387394	0.0354747476	0.0414895688	0.1210126073	0.1407419636	0.0977723604	-0.0207609311	-0.0107793653	0.0047068691	0.0232438299	0.1518343028	0.1023198732	0.1239450198	-0.0579893529	-0.0756481215	-0.092685812	0.0302716478	-0.0971108653	-0.0627642686	0.0568483529	-0.0553019722	-0.0073111764	-0.0114987946	0.0350526439	0.1197638477	0.0002020504	-0.0430943381	0.0146604334	-0.0543302553	0.0432377954	0.0415128855	0.0232875286	0.0661351954	0.0600746794	0.0973377237	0.0677052933	-0.0150628	-0.0026797051	-0.1355444009	-0.0542187595	0.043650638	0.0181567264	-0.0031055728	-0.0205243784	-0.0310177172	-0.0980347461	-0.0004955332	0.0068343481	0.0144680821	0.0667381337	0.0445319652	0.0463231265	0.02475048	0.0603204709	0.1416186794	0.1105890704	-0.0235096815	0.1194265136	0.014222289	-0.0100273514	-0.1161126342	0.0254852592	-0.0255036202	0.0304495472	0.025260892	-0.0121592353	0.0777239025	-0.0756237035	0.0224734099	-0.005184028	0.0828188358	0.0393451923	-0.0297942986	0.021603808	0.135789921	0.131630736	0.0016170154	-0.148357804	-0.1140946075	0.0297071144	0.1124741417	0.0815941455	-0.0157180161	0.0684366427	0.0581939248	-0.061245317	0.0710123066	0.0736178794	0.1067608061	0.0496149396	0.0315205918	0.0004628546	0.0413518599	0.0278854554	-0.0086097096	0.0395527033	-0.0315748582	0.1311098567	-0.010354716	-0.031562156	0.1285193286	0.061638611	-0.0386315062	0.0624569286	-0.0679536971	0.0714495961	0.0901222011	-0.0631427208	-0.0304865384	0.1087755886	0.0619873486	0.0689660673	-0.0555741855	-0.0204901317	0.0738868816	-0.0100875995	0.0013637386	-0.0827180161	-0.0395837144	-0.0207059013	0.069676172	-0.0329313886	0.0286524553	-0.0835807361	-0.0765483213	0.0397147891	0.0993068457	0.0600676992245325	-0.0036102218451788	0.0036081284901289	1.303370177140626e-05	0.0642130931911424	0.120854901300305	0.0041233213371743	0.0146059071683064	-0.1028373929407635	-0.0545919776086875	0.0105755293868529	0.0029802840192274	0.0010734488880179	3.9522718895399975e-05	1.5620453088848063e-09	1.152292515186866e-06	-0.0008465664898138	0.0002575013574149	6.63069490705161e-08	7.166748216756587e-07	-0.0001230457760074	1.0883529428399987e-05	1.184512128188486e-10	1.5140262993263256e-08	0.0	0.0	0.0	0.0	0.0	0.0	0.0	0.0	0.0	0.0	0.0
305.476725563686	-2.3378085126972223	93316.02986111151	5.465348642039599	555.4998840411504	2.8799050251642484	308580.12116973154	8.29385295396629	300.43231382112043	-1.10433102812965	90259.5751879122	1.2195470196898897	349.01863992900746	353.38016165417736	1.318932	30.629784	0.144356677368746	0.0716096308020812	0.0464456177	0.0828577436	0.0396995669	-0.0631927565	-0.1063765228	0.0585545646	-0.0771552298	-0.0067241822	-0.1422868377	-0.0175760172	-0.0007047471	-0.0972992128	0.138854114	-0.0132007029	0.0514224891	0.0364644835	0.0729508023	0.0306267556	0.0829398204	-0.011351995	-0.0034498361	-0.0801549307	-0.0329397544	-0.077333019	0.0941167586	-0.0332357217	0.0894918161	0.003773757	-0.206619445	-0.0774194092	-0.0044079876	0.0513530947	-0.0168979546	4.9428e-05	0.0169264578	-0.0087853455	0.056925397	-0.0263035036	-0.000320971	-0.0239998941	0.037612173	-0.1115591916	0.0206792772	0.0861527097	-0.007721976	-0.1042589353	0.0397463538	-0.0589702515	-0.1219308476	-0.1009123919	-0.1071083125	-0.0366843941	-0.1922592758	0.0814351896	0.0235496197	0.0363011681	0.0240825332	-0.180520445	-0.0396947105	-0.082933255	0.0820676025	-0.0479794432	0.0938330554	0.0003385557	0.050120773	0.0350754725	0.0679446804	0.1256129781	0.0090739722	0.001191565	-0.0358807543	0.1061513308	-0.1189725713	-0.0754904559	0.0169799332	0.0432900203	0.0274366812	0.0006929723	0.0255706809	-0.0809643675	0.0038847659	0.0155751487	0.1109846743	0.0002851365	-0.0873792705	-0.0137818001	-0.034425045	-0.1000902889	-0.0351153751	0.0031285877	-0.0106996148	0.0029706541	0.0823863521	-0.0354673883	-0.015301763	-0.0625909773	0.0402568873	0.0306264986	0.0249302464	-0.094727967	0.1061234418	0.1305750242	-0.0377840785	-0.091246974	-0.0455740809	0.0077611822	0.022277859	0.0917892247	0.0177201458	0.0834763691	-0.0420240692	0.029351266	-0.0482268512	0.0702011559	-0.0608980732	0.0324106439	0.0121496061	-0.0579755294	0.0588793462	0.0303958062	-0.1285333945	0.0031702063	-0.0243200766	-0.0260406881	-0.0379147044	-0.1136418719	-0.0635629792	0.0219756966	0.0283399648	0.0406658467	-0.1454737411	-0.0529750018	-0.0140023745	-0.0174726533	-0.0020968343	0.027144045	-0.0852640164	-0.0734322509	0.04539905	0.098078528	0.0503657365012344	-0.009701962723298	0.0025367074133117	9.412808068426582e-05	0.0063988915734256	-0.0578142016177168	4.094581336845715e-05	0.003342481908694	-0.0648750131025224	0.037962379838241	0.0042087673250524	0.0014411422829828	0.0014051220018675	0.0003316731138496	1.100070544506898e-07	1.9743678401321307e-06	-0.0008157956846148	3.077080519899998e-05	9.468424525948043e-10	6.655225990361302e-07	0.0002920729687338	0.0004151187447412	1.7232357223550958e-07	8.530661906497532e-08	0.0	0.0	0.0	0.0	0.0	0.0	0.0	0.0	0.0	0.0	0.0
305.09277198459034	-0.3839535790956461	93081.59951724124	0.1474203509003565	552.874723148346	-2.625160892804388	305670.4594963602	6.891469713109531	300.3210223656643	-0.1112914554561257	90192.71647475784	0.0123857880575428	348.8517855233131	351.38190593513656	1.309422	30.408947	0.121876647311139	0.0751605876527352	0.0689435365	-0.0695858785	-0.0345731028	0.0371160362	-0.0142849733	-0.0842060335	-0.0380708974	-0.1017237503	-0.0008403075	-0.0096947746	0.0164626771	-0.078418087	0.2059200482	-0.0546355815	0.0589265069	0.0780778357	-0.0767413845	-0.0022604469	0.0130035019	-0.0588868398	0.0291868236	-0.0730121985	0.0170681607	-0.0009606056	-0.0570288178	-0.0285635762	0.0186251661	-0.0697630472	-0.0244486921	0.0552042838	-0.0568374024	0.0363659755	0.0660868354	0.075914665	-0.0220188629	0.0205325194	0.0725011097	-0.0897709236	0.1210901013	-0.1112099464	0.0131942378	-0.0727050063	-0.1162078587	-0.0420221276	-0.0250750994	-0.0242479673	0.0388221836	0.1018478434	0.021206304	0.0432884837	0.017337718	-0.0203260112	-0.0450573516	-0.0777318378	-0.0819528756	0.0030455209	-0.1169851796	-0.0785513365	-0.0765170455	-0.0179973315	-0.0258233384	0.0003660567	-0.0386467312	0.0999948072	0.0074776001	0.0574599447	0.083087156	0.0060883522	-0.0973106331	0.0598565089	0.0317445853	-0.0336227579	0.0034323282	0.0140692041	0.0195593754	0.076897897	0.0339528485	-0.0308588328	0.0472065996	0.0232120058	-0.1401029933	0.0591159599	0.0615877282	-0.021367377	0.0312895536	0.0132710356	0.0695606743	1.99819e-05	0.0477139445	-0.0414770063	0.066786708	-0.0421412618	0.0140661247	-0.0655623201	0.1471177795	-0.0235220718	-0.055137856	0.0140591104	0.0343335131	0.0364175155	0.0888462992	0.0053309895	-0.0890115504	0.0150014318	-0.0055123074	0.0176382981	-0.0370859132	-0.0012757392	0.0732906477	0.0488370741	0.003232068	0.1019486808	-0.058041312	-0.0030504237	-0.0193174352	0.024325727	-0.0342900684	-0.0248561012	0.0190911306	0.0476333851	-0.0568984304	0.0442297804	0.105405416	-0.0183563567	-0.0517950259	0.048048885	0.0453353912	-0.0585972611	0.0260162851	-0.0023763904	-0.0128077181	0.032726371	-0.0063386386	-0.132863442	0.0438336161	0.0256289373	-0.0868631514	-0.0701531426	0.0509041416	0.0962455236	0.049742681404993	-0.0006230550962414	0.0024743343533586	3.881976529523816e-07	-0.0605082781743959	-0.0669071697478215	0.00366125172763	0.0044765693636638	-0.0388533542947513	0.0260216588077711	0.0015095831399534	0.000677126727108	0.0015259507455101	0.0001208287436425	1.459958529024912e-08	2.3285256777228296e-06	-0.0007910987450945	2.4696939520299933e-05	6.099388216693526e-10	6.258372244900928e-07	-0.0001288966212894	-0.0004209695900232	1.772153957243011e-07	1.6614338979823008e-08	0.0	0.0	0.0	0.0	0.0	0.0	0.0	0.0	0.0	0.0	0.0
306.10616876787515	1.0133967832848043	93700.98655774686	1.0269730403719886	551.5379489103954	-1.336774237950635	304194.1090882859	1.786965363248502	300.5138919789947	0.1928696133304015	90308.5992723629	0.0371986877462186	348.8757456891467	347.206693755637	1.204383	27.969593	0.0590585112034274	0.026305556489509	0.0803342702	-0.0195218485	0.0829200666	0.0459326284	0.1062547027	-0.0395643874	-0.0021519824	-0.0537517234	-0.079036378	0.0844655921	-0.084834602	0.0412066507	0.0065126547	-0.0330328847	0.0705810088	0.0615896148	-0.0546155425	0.0087549463	-0.0192122069	0.0414406816	-0.0123181788	0.0976561853	0.0055179753	0.0551099271	0.0138913172	0.0213627385	-0.0694041163	0.0667853893	-0.0251617114	-0.1023098483	-0.0146350305	0.0486024966	-0.0141922607	0.0467533947	0.0115525182	-0.0451551943	0.0830438246	0.0436345754	-0.0660750074	0.0142223915	0.0723756076	-0.0221999612	-0.0177056653	0.0831660204	0.0674873226	0.0674366309	-0.0068371132	-0.0057553889	-0.0750398914	0.041689809	-0.011440175	-0.0514244203	0.0504227073	-0.0034435866	-0.0001291569	-0.0552096175	-0.0814813716	-0.0178581154	0.028331656	0.1101976569	0.0485919422	-0.3130105522	-0.132134344	-0.0149698549	-0.0707373467	0.0763808397	0.0503546327	-0.1053267535	0.0331143578	0.0288353673	0.0053364098	-0.0611948608	-0.0014233426	-0.0715462796	0.0688612635	-0.022477715	0.0005929534	0.0875250964	0.0164741814	0.0084916419	-0.0133950904	0.0042010167	0.0362375738	0.1197183991	-0.0460940739	0.0414333099	-0.0314891267	-0.0752745659	-0.0058259123	0.0339335931	-0.0180777849	-0.0525042994	-0.0381105221	-0.0179754649	-0.096024386	-0.0208605655	-0.0054587679	0.124100175	-0.0180671042	-0.0195782139	0.0712906993	0.0993009374	0.0352115229	0.078363493	-0.0196824241	-0.1136081934	-0.0280383164	0.0663255208	-0.0677657765	0.0159389147	0.0180089357	0.0829838781	-0.0637355511	0.0021627683	0.0663108352	0.0095632462	-0.0164393162	-0.0209818731	-0.0644135638	0.0655467832	0.0400328039	0.0420488125	0.1357583545	0.0506483492	0.0579627949	-0.0517543794	-0.0009760022	0.0708686808	0.024768544	0.0195279311	-0.095220211	-0.0285019319	0.0287370848	0.0631278056	0.0218779247	0.0241075061	-0.088376563	-0.0667182767	0.0562083378	0.0938191336	0.0509687234106763	0.0012260420056832	0.002597810766114	1.5031789996999237e-06	-0.0452628394647405	0.0152454387096553	0.0020487246364108	0.0002324234014498	-0.0564287559098701	-0.0175754016151188	0.0031842044935356	0.0003088947419327	0.0013528475929049	-0.0001731031526051	2.9964701441859136e-08	1.830196609628582e-06	-0.0009017344189921	-0.0001106356738975	1.2240252338776072e-08	8.131249623950201e-07	-0.000345390372246	-0.0002164937509565	4.6869544203258336e-08	1.1929450924023046e-07	0.0	0.0	0.0	0.0	0.0	0.0	0.0	0.0	0.0	0.0	0.0
306.30876715961745	0.2025983917422991	93825.06083884471	0.041046108336566	552.2199433803559	0.6819944699605003	304946.86586700345	0.4651164570567037	300.4360072107139	-0.0778847682807963	90261.79442871614	0.0060660371301533	348.63345281942856	350.9517355932606	1.335345	31.010952	0.143338262134674	0.127032215098909	0.0998208299	0.1406939739	0.0173729667	-0.0289156273	0.0044844195	0.0735406502	-0.1184363564	0.0064380872	-0.0411348495	0.0316705238	0.0113352798	-0.0700455799	-0.031518073	-0.1308225669	0.0946373599	-0.0260294186	0.0148791129	0.0020409464	-0.0325963983	0.0248501039	0.0515320096	0.0257617311	-0.1342375328	0.0665892476	-0.0206375536	0.0631783099	-0.0734416743	-0.0997554583	-0.0446811445	0.073354279	-0.0392501754	0.0415267361	-0.0551764376	-0.0715079967	-0.0129188511	-0.0011970182	-0.0938740279	0.0776445655	0.0676085156	-0.0624020897	0.1050319354	0.0389691969	-0.1474167052	-0.1090596751	0.0106445906	0.0846157976	-0.0540105044	0.0067068154	-0.064929012	0.0606502406	0.0367665937	-0.0450901272	-0.1044797855	-0.0166085324	0.0565031864	0.0092379831	0.0381019137	0.1238815565	0.041038723	0.0666804956	0.0577038786	-0.0053825148	-0.0752389008	0.1096327768	-0.0898064526	0.0955227094	-0.0103646119	0.0196861757	0.0495401902	0.0049615343	-0.0028015691	0.0704506327	-0.0931951986	0.0046336621	-0.0675995156	-0.0644091825	0.1135818933	-0.0594119816	0.0007612933	0.0575021408	0.0186260889	0.0841853037	0.0393863196	0.0719472043	-0.0574594135	-0.0702560156	0.1356722415	0.097740078	-0.0531656117	-0.0704031534	0.0908729302	-0.0124570376	0.0194428169	0.0110527043	-0.0175068265	0.0089814023	-0.0706169855	-0.0114832556	-0.0807821379	-0.0104654753	0.0215012429	-0.009493828	0.0191577519	0.0501007713	-0.0459315175	0.0541712061	-0.0700278195	-0.0036832364	0.0132130141	-0.0996719214	0.0007009591	-0.0198207734	-0.0549418389	0.004389822	0.0578816932	-0.0016972911	0.0271423125	-0.0276975662	-0.0166229808	0.0816642755	-0.1891389175	-0.0539608024	0.0253783459	0.0658212284	-0.0213284097	0.0146226577	-0.0018165626	0.0298149635	0.0309937702	0.0373962375	-0.0338645792	-0.0785819637	0.0894810398	-0.0472222205	-0.0319946466	0.0225801267	-0.0898027576	-0.0631352795	0.0612907054	0.0908143174	0.0546334480351617	0.0036647246244854	0.0029848136442107	1.3430206573309672e-05	0.0801794160621227	0.1254422555268632	0.0064287387600629	0.0157357594716668	-0.0564711691206056	-4.241321073549659e-05	0.003188992941848	1.7988804448936427e-09	0.001407948217952	5.51006250471e-05	3.036078880581104e-09	1.9823181844342123e-06	-0.0009015824513518	1.5196764030001898e-07	2.3094163698355955e-14	8.128509165855208e-07	-0.0001168655894816	0.0002285247827643	5.22235763375162e-08	1.3657566004881856e-08	0.0	0.0	0.0	0.0	0.0	0.0	0.0	0.0	0.0	0.0	0.0
305.9632510161642	-0.345516143453267	93613.51097238027	0.1193814053868185	553.0598456223805	0.8399022420246638	305875.19283985137	0.7054357761580569	299.5703653793903	-0.8656418313236145	89742.4038135414	0.7493357801373011	348.15296012366747	350.79914500558976	1.443373	33.519699	0.0915337166254408	0.0427880457479122	0.0339890195	-0.0909591255	-0.0692517639	-0.0178862634	-0.0633817735	-0.0402969797	-0.0369987867	-0.0629445132	0.13862604	-0.0138746278	-0.0486481545	0.0117370891	0.1082062231	0.0372467978	0.017421002	-0.075793349	-0.0808729612	0.0173500802	0.0263994399	0.0579944091	-0.0493630126	-0.0775654953	0.1273223867	-0.0083572034	-0.0487044329	-0.0748959072	-0.0339884553	0.012082298	0.0125472755	0.1314895221	0.0139359976	0.0180115329	0.0905388461	-0.0356518876	-0.0785285669	-0.0416147657	0.1651737468	0.0464013243	0.1265734172	0.0631717369	0.0965637835	0.1312341045	-0.0027396222	-0.0569880841	-0.0415204385	-0.1511183577	-0.1197519743	0.0141829515	0.0301205568	0.1452031863	0.0246860648	0.0604309917	-0.0154290635	-0.0517861534	-0.0944241209	0.0549843667	0.1325501326	0.0490714095	0.0563582047	0.0479039883	-0.0787404449	0.018638021	-0.0022700237	-0.0346010176	0.0601269236	0.0228084447	-0.0544354479	0.0370831119	-0.1094700456	0.0394237654	0.0781762991	0.0387658735	0.1157231998	0.0032593806	0.0059682331	0.0598673245	0.0427735757	0.054774726	0.0402245763	0.0468520972	0.0059918659	0.0689305692	0.011427127	-0.1319861902	0.0658219327	-0.0767066767	0.0362204237	-0.1062095449	0.1133405945	-0.0235766585	0.0616149795	0.0379571915	0.1193232124	0.0174358462	-0.0128792162	-0.0655347497	0.0360781164	-0.0669243986	0.0443234104	0.0206612039	-0.080239134	-0.008938208	-0.0677809416	0.078808652	-0.1175739076	-0.0727335036	-0.0932923468	-0.0113318716	0.0181067833	0.0776070473	0.0586318533	-0.0315240434	-0.0458048954	-0.0608331858	0.017815395	-0.0059441572	0.0702697137	-0.0618759089	-0.0045753577	0.0202671398	-0.0264479723	0.1136815926	0.1003373055	-0.1298649528	-0.0632324309	0.0704077839	-0.0071031496	0.0529110809	0.0865971012	-0.0660365278	-0.0230625203	0.0641265881	0.0527139446	0.031025416	-0.0179817542	0.021047176	-0.0911403277	-0.0594121063	0.0661311865	0.0872496007	0.04824226764336	-0.0063911803918016	0.0023273163873735	4.084718680055051e-05	0.0921408528498801	0.0119614367877574	0.0084899367639032	0.0001430759700275	-0.0326548257045189	0.0238163434160866	0.0010663376417925	0.0005672182137129	0.0013230557816122	-8.489243633980005e-05	7.206725747707005e-09	1.7504766012574694e-06	-0.0004013110090992	0.0005002714422525	2.5027151593349645e-07	1.610505260242182e-07	0.0002852656525219	0.0004021312420035	1.617095357952775e-07	8.137649250874539e-08	0.0	0.0	0.0	0.0	0.0	0.0	0.0	0.0	0.0	0.0	0.0
306.7721260871426	0.8088750709784449	94109.13734402572	0.6542788804503843	550.5520096937815	-2.507835928598979	303107.51537786174	6.289241044771904	299.94954736127147	0.3791819818811746	89969.73096223164	0.1437789753833354	347.7921876377133	351.09092986978214	1.202661	27.929615	0.1572255514567964	0.0870557681241876	0.061876845	0.0591488692	0.0138606802	-0.0236267038	0.0954684749	0.0589403287	-0.0841212595	0.0348183395	-0.0419574443	-0.0399501036	0.0053475212	0.0455876704	-0.0292221227	-0.0201917095	0.064148629	-0.0973930011	0.0351361574	-0.0231583042	0.0304431764	0.0552291746	0.006777712	-0.0235533847	0.0125078005	-0.0188073849	0.0749060178	0.014598113	-0.0467202982	0.032111273	-0.0327554248	0.1113476412	-0.0485239851	0.0001774874	0.0363457428	-0.0569749785	0.0182204194	0.066565914	0.0092828486	-0.0009408089	-0.0476586396	0.0937625564	-0.0396892894	0.0023767763	0.0237163529	0.1985822573	0.0593040169	-0.0663665399	-0.0559505067	0.130186612	-0.0720631573	0.0063201637	-0.1001947838	-0.023170936	0.0086660501	-0.0626807455	0.1068180537	-0.0736934921	0.1154040606	0.021618729	0.0929725557	0.1812713382	0.028844542	-0.0284648998	0.0701242004	0.0280884098	-0.0288052563	0.0748592046	-0.1132381672	-0.0286473942	0.0487281551	-0.0517187926	-0.0247846228	0.0478016117	-0.064111662	-0.0436949813	0.0375296802	0.0158265086	-0.0236066801	0.0903083874	0.0016131789	0.0382567574	0.0159903808	0.048874892	-0.0354793315	-0.0404004749	0.0021826923	-0.0425305395	0.0202637637	0.0144396119	-0.0246303676	-0.0960160905	-0.0049911555	-0.0042119735	-0.0182661701	0.0047079304	-0.0704246018	-0.0541311957	0.1208003824	0.0478845844	-0.051447929	0.0995615897	-0.0365077648	0.0329842964	0.0801762619	0.018988577	0.0155698735	-0.1679285888	-0.0720013934	-0.005800751	-0.0623013543	0.0137283355	-0.0176772606	-0.0862465887	-0.0191658083	-0.0239222529	-0.0482114189	-0.0082198428	0.1419376173	0.0415963644	-0.0356017919	0.0523617009	0.0174442414	-0.0514035215	0.0176931404	-0.0092341893	-0.0640636944	0.0131943817	-0.0624628428	0.0471212504	-0.0305789547	-0.007739917	-0.0275952023	-0.010666302	-0.0345387262	-0.0556383169	0.0999817263	0.0195090322	-0.0923879533	-0.0555570233	0.0707106781	0.0831469612	0.0612450018800672	0.0130027342367071	0.0037509502552894	0.0001690710976304	0.1602312004968809	0.0680903476470007	0.0256740376126716	0.0046362954426894	-0.0371729332654524	-0.0045181075609335	0.0013818269675577	2.0413295932164478e-05	0.0012369906398516	-8.606514176059997e-05	7.407208626272169e-09	1.5301458430804706e-06	-0.0012560215574317	-0.0008547105483324	7.305301214308427e-07	1.5775901527331532e-06	0.0007767772026719	0.00049151155015	2.41583603930856e-07	6.033828225907819e-07	0.0	0.0	0.0	0.0	0.0	0.0	0.0	0.0	0.0	0.0	0.0
306.97654921826256	0.2044231311199382	94234.60176995238	0.0417888165368794	555.2338027795156	4.681793085734057	308284.57574900205	21.919186497627223	300.5094282209336	0.5598808596621438	90305.91644967246	0.3134665770160212	349.35481497689216	357.07255212523097	1.185131	27.522507	0.2599285245778441	0.1944313463459908	0.0574318175	-0.0314425144	-0.0981352135	-0.0780199584	-0.0804221377	-0.020456515	-0.0709917868	0.0104084653	0.0542394135	0.0871396256	0.0193425389	0.0259430396	0.0084073678	0.0634019475	0.0690570495	0.0548679429	0.0062068285	-0.0125779221	0.0382708899	0.0406875885	0.0107542518	-0.06576931	-0.0013173122	-0.0148079455	-0.0013626635	-0.0815784056	0.0599854154	0.0568193749	0.1039336861	0.0342895721	0.0628710924	-0.1267856014	-0.0622827573	-0.002226596	-0.143519479	0.083943295	0.0944156266	-0.0117749359	-0.0364547317	0.0434387116	-0.061576124	0.0088590251	-0.0940551627	0.0556334276	0.0466678411	-0.0102801777	0.0151775728	-0.008095951	0.0607330637	-0.00342864	-0.0958497743	-0.0022278365	0.0957663179	0.1076667159	-0.1801349186	-0.0595213427	-0.1158822396	0.1514401267	-0.0018422349	-0.0767898957	0.0676798848	0.0262320909	0.0253279192	-0.0507176946	0.0971221628	0.06121222	0.0669561658	0.0432991123	-0.0522155057	-0.0215374075	-0.0167505893	0.0627665759	0.0926605332	0.0351119468	-0.0819870764	0.0266900352	-0.0585147862	0.0430335472	-0.0376365779	0.0039750873	0.0815237073	-0.0232042566	-0.0623269286	-0.0697351436	-0.064631613	0.0465825592	0.0824616352	-0.018788171	0.0127230673	0.0305366566	-0.0371471727	0.018260252	0.0386415562	-0.0384731228	0.0054244206	-0.0040566666	-0.0380147856	0.0573795075	-0.0426546685	0.0947855325	-0.032635516	0.0179385937	0.0240952703	0.0607505935	0.1273883174	0.120711967	-0.0391064983	-0.0662424606	-0.0321765897	0.0397618934	0.0130341613	0.0516322324	-0.031392934	0.0620610471	-0.0295255234	0.0287618408	0.1703200498	0.0415033032	0.0074762794	-0.0745861021	-0.0103217686	0.0817041358	-0.0997874751	-0.0447164444	-0.1019464524	0.007796097	0.0305522878	0.0854351972	0.0517427428	0.0427209363	0.070580939	0.0838677488	0.0607490347	-0.0813746168	0.0545572548	0.0179660749	-0.0935444031	-0.0515785898	0.075011107	0.0785316931	0.0744911374111154	0.0132461355310482	0.0055489295528016	0.0001754601065068	-0.0330902554103573	-0.1933214559072382	0.0010949650031226	0.0373731853140942	-0.0634494158199601	-0.0262764825545076	0.0040258283678942	0.0006904535354373	0.0017170122757211	0.0004800216358695	2.304207709028309e-07	2.9481311549769508e-06	-0.0013173336529301	-6.131209549839998e-05	3.75917305440492e-09	1.735367953142161e-06	0.000777132483005	3.5528033310000106e-07	1.262241150876477e-13	6.039348961415166e-07	0.0	0.0	0.0	0.0	0.0	0.0	0.0	0.0	0.0	0.0	0.0
307.02770951264006	0.051160294377496	94266.01440857808	0.002617375720792	552.5413892666498	-2.692413512865756	305301.98685271945	7.249090524262117	300.62580451980284	0.1163762988692269	90375.87434317872	0.0135434429384996	348.99931042332867	354.7454146776268	1.246084	28.938017	0.2196112396453153	0.1889431850126111	0.0722061559	0.0300408912	0.0615630977	-0.0343938185	0.0641943733	0.0782414506	-0.033460923	-0.054631374	-0.0308560254	-0.0094153191	0.0714342092	0.0126437301	-0.0025529948	0.004970039	0.0598560763	-0.0643670711	0.0342742743	0.0683625261	0.0309184249	0.0635634425	0.0651197113	-0.003081341	-0.0168579809	0.1049291285	0.0273432079	-0.0424040692	0.0453155803	-0.0137185123	0.0140686037	0.0160325708	0.0074533595	0.0685639282	0.0232580312	-0.0238082732	0.0422312266	0.1304524916	0.0692459837	0.0635758417	-0.1015504296	0.0406524229	0.0828034038	0.064680194	0.025423037	-0.0219650646	0.0501418805	0.0232632467	0.1324494635	0.0261512784	-0.0058687857	-0.1202904495	0.0029584932	0.127436543	-0.0706502622	-0.0720526498	-0.0075162583	0.014542818	0.0262147854	0.0662225623	-0.0548510037	0.052923597	-0.1129064531	0.1717856674	-0.0208452533	0.0245290839	-0.0014052245	0.0651108667	-0.0454878677	0.0088715471	0.0915407294	-0.0068101688	0.0645048578	-0.0140137243	-0.0156165751	-0.0749042831	0.0226435384	0.070976384	0.0553804814	-0.0902143162	-0.1018778245	0.0431528376	-0.0245555401	0.0499747635	-0.0088316289	-0.1131088452	-0.0088844588	0.0129344965	0.0201769538	-0.0135280884	-0.0021364687	-0.0437694916	0.0624878999	0.0284700533	0.0269287081	0.0590156436	-0.0714147799	-0.0934312612	0.0276996972	0.1032954291	-0.0080671492	0.0582941129	-0.0491980741	0.0960059907	-0.0224170344	0.0355325855	0.0608769537	0.0220746693	0.1005016124	0.034491042	-0.0595768548	-0.0352551034	-0.0390507782	-0.0557302903	-0.0182009929	-0.0032024057	0.1249995385	0.0081685492	0.1344895556	0.0536727833	0.0190597781	0.02415736	0.0406700931	-0.0548604485	-0.0216540866	0.0464324597	-0.0139392567	-0.0467650172	0.0134618024	0.070651792	0.0741627578	0.0706852264	-0.0087917918	0.0296950368	-0.1329778559	-0.0345466161	0.0780963487	0.0164186847	-0.0946085359	-0.047485639	0.0790155012	0.0734322509	0.0582858721848253	-0.0162052652262901	0.0033972428963457	0.0002626106210544	0.1557230018179467	0.188813257228304	0.0242496532951922	0.0356504461051616	-0.0565648279733039	0.0068845878466561	0.0031995797636494	4.739754981832617e-05	0.0015630109825879	-0.0001540012931331	2.3716398286697786e-08	2.443003331690393e-06	-0.00131739277343	-5.912049990015877e-08	3.4952335084446735e-15	1.7355237194855876e-06	0.0007770303097568	-1.0217324819994553e-07	1.0439372647727667e-14	6.037761022807486e-07	0.0	0.0	0.0	0.0	0.0	0.0	0.0	0.0	0.0	0.0	0.0
306.5306027333514	-0.4971067792886856	93961.01041207169	0.24711515001477	551.8668980439504	-0.6744912226994302	304557.073156652	0.4549384094985723	300.3716303796592	-0.2541741401436184	90223.11633693462	0.0646044935177477	348.8917463517076	353.5419659895863	1.356229	31.495935	0.1159080779930632	0.0816884491625786	0.1088390141	0.0660544673	-0.0815134376	-0.0530516869	-0.0861281526	0.0006903283	-0.1648498857	0.0629621062	-0.0025139252	-0.0228605875	-0.0007793079	-0.0200544968	0.0466171757	0.0491294556	0.1099390224	-0.0171709789	0.054662508	0.0301318247	-0.041937025	-0.0067388687	0.0404745768	-0.1094684512	-0.0091169479	-0.1146007211	0.0367331862	0.0818357068	-0.058254875	0.0513776968	0.0978723659	0.1040287256	0.0547155523	-0.0388694487	-0.1431425494	-0.0236082505	0.0729495866	0.0478144863	-0.0261717751	-0.0898971614	0.0223424949	0.0491209018	0.0242583906	0.0892935639	0.0633058313	0.0335007854	-0.0775148747	0.0933900545	-0.058736075	0.062010436	0.0554567537	0.018641579	0.055551585	0.1509777101	-0.1597586623	-0.0638190082	0.072729008	-0.0018480879	-0.0133757475	0.052478089	-0.0592139368	-0.11095383	-0.0108556652	0.0044534518	0.002969298	0.0777333592	-0.0642157915	0.1018975667	-0.0047824183	0.1127806819	0.011363445	0.023929946	-0.1298954436	0.0923009935	-0.0380979609	0.1139049288	-0.0174360918	-0.0514716129	-0.0392494245	0.0861045813	0.0374968327	0.083919299	0.0279640961	-0.0271896334	-0.0114976743	-0.1085603867	-0.0521074825	0.0917198405	-0.0441749528	-0.0173575266	-0.0302787716	-0.0468889847	-0.0097619954	-0.039756929	-0.0866748236	0.0298349725	0.0029319766	-0.054909021	0.0659916342	-0.1197162939	0.0476313429	0.0370840082	-0.0412275934	-0.0005076021	0.0425043541	-0.0420820115	0.0751004557	0.0534858226	-0.0643447798	0.0322173618	0.1085786011	0.0164308009	-0.0226581796	-0.045011462	-0.0659648368	0.0871326795	-0.1514273401	0.045960115	0.0708647887	0.0683922427	-0.0320342912	-0.0503117172	-0.088826769	-0.0162566688	-0.0771102398	-0.0133192533	-0.0629456321	0.0712573728	0.0077701736	0.1094565428	-0.1204549688	0.035506092	0.0579993893	-0.0166281312	-0.0478684244	-0.0388582427	0.0813804265	0.0148672434	-0.0955793015	-0.0432872582	0.0827080574	0.0678800746	0.0661546460338513	0.0078687738490259	0.0043764371918641	6.191760188711531e-05	0.0768972944939889	-0.0788257073239578	0.0059131939004952	0.0062134921351222	-0.0735794209092333	-0.0170145929359294	0.0054139311813381	0.0002894963727753	0.0016093807997922	4.636981720429999e-05	2.150159947560195e-09	2.590106558739781e-06	-0.0013180334583184	-6.406848884000019e-07	4.1047712622412294e-13	1.7372121972467616e-06	0.0005800607341665	-0.0001969695755903	3.87970137082229e-08	3.364704553217791e-07	0.0	0.0	0.0	0.0	0.0	0.0	0.0	0.0	0.0	0.0	0.0
306.1893544675002	-0.3412482658511635	93751.92078922447	0.1164503789464263	555.7050945599874	3.8381965160369873	308808.15211992455	14.731752495718467	300.7941847875603	0.4225544079010888	90477.14160201298	0.1785522276366397	349.5758044885537	359.1274939873236	1.413497	32.825893	0.1734557717426621	0.1375850758728559	0.0903777411	-0.0798426398	0.0702363562	-0.0364638892	-0.012027336	-0.0164661537	0.0055090181	-0.1765018205	-0.060905264	0.0251388132	0.1150710697	-0.0226437008	0.0421240058	0.0089673849	0.0954506521	0.0797351076	-0.0130215173	-0.0037588554	0.0362391112	-0.0126383848	0.0397373632	0.0063621963	0.1082591541	0.0982426599	0.1511217365	-0.0602689308	0.060061519	-0.0692749953	0.0719016281	-0.0448554716	0.0241891262	-0.0160363741	-0.0529233736	0.0197620329	0.0180326383	0.1174884168	-0.0425092317	-0.059230106	0.0594547353	0.0247277012	-0.0353224525	0.0016447187	0.0926622498	0.0046847743	0.0241266932	0.027300784	0.1570367269	0.1174219801	0.0989430353	0.0454667045	0.0425703904	0.0350915551	-0.058853828	-0.1149678684	-0.0421041736	0.0231883487	-0.076032758	-0.0118491224	-0.0796965016	-0.0606524346	-0.1081876849	0.1351500358	0.0521090438	-0.0873180304	-0.0229801259	0.0876397026	0.0973913487	0.0165644782	-0.0473545195	0.0104453719	0.0973108615	-0.0538240757	-0.0677451361	-0.0085597386	0.0006951378	0.088536998	-0.0010829627	-0.03766465	-0.0955541921	0.0188670529	0.0025137549	-0.1445037731	-0.0393946089	-0.0530978586	-0.073724979	0.0510253861	0.0087381786	0.0261077426	0.0567578897	-0.0141127468	0.0198900283	-0.0036513928	0.0018345395	-0.0732859478	-0.0955144197	-0.0968497102	0.0793841299	0.0442258712	0.0288644446	0.0125664003	-0.0801596068	0.0949375757	-0.0905584737	0.0737526985	0.0007189637	0.1200764242	-0.0710468277	-0.0440987292	0.0469051546	-0.0147626479	-0.0719452143	0.0884853392	-0.043046034	0.0511632461	0.0553981419	0.0188333753	0.1186545341	0.1018586255	0.0847489179	-0.0686304593	0.0235478249	0.0060685328	-0.0134781469	-0.0572005892	-0.0051388075	0.0053241947	0.0788143327	0.0640702597	0.0955867914	0.0460898053	-0.0087662288	-0.0458658015	-0.0154239336	0.0439765616	0.0946276377	0.0133121339	-0.0964557418	-0.0389927688	0.0860742027	0.0619093949	0.0582472371340543	-0.0079074088997969	0.0033927406337507	6.252711550858866e-05	-0.059071377187891	-0.1359686716818799	0.003489427602874	0.0184874796789348	-0.0680695035073881	0.0055099174018452	0.0046334573077423	3.03591897751567e-05	0.0014920668237593	-0.0001173139760329	1.3762568972647856e-08	2.2262634065631657e-06	-0.0012653362875358	5.269717078260007e-05	2.776991808490518e-09	1.6010759205548808e-06	0.0008914450625338	0.0003113843283673	9.69601999527545e-08	7.946742995158906e-07	0.0	0.0	0.0	0.0	0.0	0.0	0.0	0.0	0.0	0.0	0.0
306.349887786269	0.1605333187687847	93850.2537466596	0.0257709464349202	550.2089447021484	-5.4961498578389865	302729.8828302518	30.207663259823512	300.50969269265386	-0.2844920949064544	90306.07540223324	0.080935752064263	348.7954567258003	348.6765374018992	1.256987	29.191219	0.1964565395989879	0.1554141665085353	0.0915624693	0.0427930712	-0.0270306096	0.0280482587	0.0600921097	-0.065103929	-0.1190507227	0.0480523007	-0.0298983618	0.0103210667	-0.024340975	0.0501890604	0.0083288004	-0.0058661812	0.0808386178	-0.0027688299	0.0047496293	0.0027382227	-0.0578720759	0.0426168315	0.075432661	-0.0247879696	-0.0570527445	-0.0049152649	0.031790197	0.0694601317	0.0856271461	0.0452036192	0.0398214403	0.0792153445	0.0930285833	-0.0004337141	-0.0236816147	0.053915676	0.0619260798	-0.140012415	-0.0279578227	-0.0024531538	0.0301196708	0.0582353238	0.0466386917	-0.0431313907	-0.0667474522	0.0225085985	0.0200833178	0.0849057014	-0.0447788624	0.0156093294	0.0225017561	-0.0303973647	0.0282196004	0.0508960542	-0.011351965	-0.0974780143	-0.1637626742	0.0432365672	-0.0136980861	0.0044588017	0.0532961362	-0.0542034604	-0.0663219445	-0.109845559	0.047531469	-0.1147527096	0.1364174139	0.0904827537	-0.0119180118	-0.0333732457	0.0448550617	0.0133307635	-0.0913694765	0.0022815307	0.0067980804	0.005214431	0.0313916512	-0.0443037515	0.0784779136	0.0095546231	0.0201839422	0.0950912104	-0.0684098716	-0.0093557492	-4.65777e-05	-0.0865304688	-0.0891104861	0.019759922	0.0485144865	0.0104201214	-0.136057287	0.008319091	-0.0528500409	-0.0488418037	-0.0063418002	-0.1097117324	-0.1149068719	-0.0407350553	0.1378117677	-0.0284426082	0.0306376912	0.0034607658	0.0018889824	-0.0160019746	-0.1958987955	0.0582751073	0.005748131	0.0562807895	0.0915443391	-0.0013254976	-0.050077962	-0.0269611554	0.069908829	-0.0224906837	-0.0430296555	-0.0190109519	0.0343932728	0.0047607606	0.0823373995	0.0763360639	-0.013943464	-0.0091539227	-0.045475372	-0.1033012566	-0.0027008111	0.0405159227	-0.1065380646	0.0429188486	0.0243839385	-0.0004982127	-0.083469063	0.0091775339	0.0475661008	0.0066881223	0.0214627681	-0.0492975951	0.0569202614	0.0117537397	-0.097236992	-0.0346117057	0.0891006524	0.0555570233	0.0620108365030773	0.0037635993690229	0.0038453438438113	1.4164680210510315e-05	0.0945475128045671	0.1536188899924581	0.0089392321775297	0.0235987633625149	-0.0561408270038512	0.0119286765035368	0.0031517924566763	0.000142293323126	0.0016098425818411	0.0001177757580818	1.3871129191742705e-08	2.591593138308819e-06	-0.0013180846222125	-5.274833467670001e-05	2.782386811165153e-09	1.737347071313069e-06	0.0005190616806129	-0.0003723833819208	1.3866938313084684e-07	2.6942502828068826e-07	0.0	0.0	0.0	0.0	0.0	0.0	0.0	0.0	0.0	0.0	0.0
306.21298990568283	-0.1368978805861616	93766.3951869778	0.0187410297089829	552.3719233353933	2.1629786332448475	305114.74168924155	4.678476567873749	299.8518229671106	-0.6578697255432644	89911.11573669943	0.43279257578637	348.8195607335869	357.5832073842879	1.244397	28.898844	0.054431165811926	0.0293742065034775	0.0970456889	-0.0677557112	-0.064215168	-0.0604300078	-0.053656202	-0.0267607242	-0.1094523021	-0.0652001832	0.0814984908	0.005218807	0.0399612176	0.0420331818	0.0209449095	0.0214830227	0.106984228	-0.0381494577	0.0209835477	-0.0252073557	0.0118060955	-0.050890043	0.0659765186	-0.0218059398	0.0204256601	-0.0560359587	0.048170049	-0.0135413977	0.008307163	0.0011338238	0.0640646066	-0.0384663237	-0.0628709794	-0.0375815002	-0.1161123727	0.048086224	-0.1153179425	-0.033818172	-0.1211251082	-0.0427612417	0.0065104122	-0.0541905104	-0.0875958288	-0.1252509874	-0.0193948853	0.1280072324	0.0170530418	-0.0676313184	-0.0401080462	0.0651920113	0.1067636201	0.0109438786	0.0533752622	0.0573441676	0.0320343514	-0.0419015219	-0.0561327185	0.0714753671	-0.0505209839	-0.0242845524	0.0918807571	0.0142038636	0.052669135	-0.0344961782	0.0549477959	-0.1007800626	-0.0144217757	0.1032862742	-0.0202943488	0.0834442905	-0.0788152285	-0.0066460309	-0.0530073183	-0.0125611154	0.0317032893	0.0586753802	-0.1075894344	0.013826366	-0.0471078367	-0.0131119887	-0.0391846429	0.0143262567	0.0134866481	-0.0800397446	0.0416986747	-0.0014195221	-0.1026281612	0.0501236256	-0.017180132	0.0745146519	-0.0435222469	-0.0234314902	0.0497653806	-0.0489657912	0.0199202374	-0.1681794819	0.0426133877	0.0583767728	-0.0181265551	0.0388723065	0.0687572413	0.0400852228	-0.0601005095	0.0335700302	0.1005331032	-0.0057384066	0.017822391	-0.0114007435	0.1054909367	-0.0781688057	-0.0076012341	0.1062224037	0.0222314955	-0.0574496411	-0.0624686942	0.0336981199	-0.0252614739	0.0358727522	0.0260180416	0.1025956125	0.0260700815	-0.067219591	-0.0706203624	0.1351638495	-0.0725300487	-0.0088684868	0.0116615169	0.0491128076	0.0385339583	0.1213056109	-0.0026461162	0.0153703253	0.1011762573	-0.0295908796	0.0062828505	0.0416149107	0.0377998109	0.0101924456	-0.0979222811	-0.030153796	0.0917754626	0.0488621241	0.0656446970497341	0.0036338605466567	0.0043092262507513	1.3204942472548798e-05	0.1125121377574203	0.0179646249528532	0.0126589811427447	0.0003227277496966	-0.0776080423677072	-0.021467215363856	0.0060230082401478	0.0004608413354781	0.0015812141315985	-2.862845024260009e-05	8.195881632930291e-10	2.5002381299667983e-06	-0.001318246261573	-1.6163936049991452e-07	2.6127282862821328e-14	1.7377732061511902e-06	0.0003205424712448	-0.0001985192093681	3.9409876488135546e-08	1.0274747587172344e-07	0.0	0.0	0.0	0.0	0.0	0.0	0.0	0.0	0.0	0.0	0.0
305.08785079912167	-1.1251391065611642	93078.59670522712	1.2659380091132548	552.9999380985896	0.6280147631963473	305808.93153704394	0.3944025427925642	300.0177441787271	0.1659212116165349	90010.64682209215	0.0275298484642989	348.7781547740403	353.83779686852324	1.228345	28.526077	0.1476422079530084	0.1179201575848212	0.074239953	0.0187373835	0.045727547	0.0343345987	0.0155694574	0.0068954072	-0.0441735618	-0.0889659752	-0.1361856334	-0.0027314966	0.0877827823	-0.0748325169	-0.0358791478	0.0334196404	0.0791832545	0.0180973369	-0.0206225542	-0.0418775948	-0.0197617475	0.0006111611	-0.0040124443	-0.0482393508	0.0339162111	0.0263424085	0.0553266945	-0.0784518282	-0.0330620571	0.1543717647	0.0500436525	-0.0899244883	0.0734253748	0.0436088306	-0.0674803671	0.0108010978	-0.0255609422	-0.0456004358	-0.0586185708	-0.0254640514	0.0099373824	-0.1198098156	0.013555708	0.047441543	-0.0487739237	0.0192985938	-0.0621043243	-0.0379279379	-0.0111119047	0.0016120562	-0.128469536	0.067002071	-0.0571496202	0.0280514247	0.0094342957	0.0385845141	0.126073422	-0.03006451	0.043073575	-0.0188433394	0.0816743308	-0.042645837	-0.0241579064	0.0042563155	-0.0837532455	0.0036310298	-0.0177573268	0.0790285547	0.0333736844	0.0066812004	-0.0229752338	0.0074853218	0.025200987	0.0141532632	-0.1117697931	0.0210904409	0.0604279933	0.0234211079	-0.0085003075	0.0001398945	-0.1055192903	-0.0400362085	0.0616811349	0.0086616585	-0.0540124962	-0.075918277	-0.0525219014	0.0840915391	-0.0229819954	-0.0523279049	-0.0436731931	0.0402746918	0.1062122965	0.0275794252	-0.0392083989	-0.0241540708	-0.0117061629	0.0224802595	-0.169248964	-0.0139925015	0.0289676055	-0.0060145914	-0.0113948543	-0.0114185595	-0.0349745232	0.0150336746	-0.1008907157	-0.059634565	0.0447762129	-0.0054623564	0.0097845434	0.0622509502	0.044658511	0.03876779	-0.0626665748	0.0122039469	-0.0315584037	0.0259715335	0.0528494812	0.0908319868	0.0309547638	-0.0244764265	-0.0061741151	-0.0357652483	4.30489e-05	-0.0059692246	-0.0272811705	-0.1066135211	0.0437747479	0.0174091501	0.1313343446	0.0317577109	-0.0145110451	0.0156389745	0.0629978809	-0.0049347657	0.0235170232	0.0086286366	-0.0985109326	-0.0256289373	0.0940880769	0.0418659738	0.058072043609286	-0.007572653440448	0.0033723622489588	5.734508012913034e-05	-0.0023944506549327	-0.114906588412353	5.733393938907636e-06	0.0132035240605658	-0.0621781817430999	0.0154298606246073	0.0038661262848779	0.0002380805988948	0.0013872123156024	-0.000194001815996	3.763670460978463e-08	1.924358008558973e-06	-0.0013182790469916	-3.2785418600019683e-08	1.0748836727785166e-15	1.737859645737081e-06	0.0003199149631475	-6.275080973000254e-07	3.937664121770982e-13	1.0234558364566629e-07	0.0	0.0	0.0	0.0	0.0	0.0	0.0	0.0	0.0	0.0	0.0
305.97426291571594	0.886412116594272	93620.24956681566	0.7857264404451373	551.0744574467341	-1.925480651855537	303683.0576502123	3.707475740670024	300.2162113944861	0.198467215758967	90129.77358405876	0.0393892357311163	349.00680123716484	352.6166803586397	1.025976	23.826422	0.0508051435528924	0.0299126315323397	0.0835932356	-0.0076249372	0.0104252821	0.0365377019	0.0659949979	-0.0320550981	-0.0246433029	-0.0981577088	-0.0349458278	0.0058922584	-0.0315294117	-0.0058035592	0.0350137427	0.0180940271	0.0864192206	0.0056846487	-0.0496541766	0.0052344664	-0.095606422	0.0016376511	0.1017407096	-0.0295213026	0.0099680385	0.0535932304	0.0488817931	-0.0171308798	-0.0005365186	-0.0236131663	0.0746966791	0.0110430304	-0.0606650654	0.024187147	-0.1539343701	0.0054898964	-0.0245805984	0.1038580687	-0.031554	0.1037622441	0.0354394788	0.0448451851	-0.0463601745	0.0355534507	-0.0265751706	-0.0067395777	-0.1138140069	0.1163116	-0.0301285866	-0.012495084	-0.0288794426	0.0633060303	-0.010732157	-0.0411506155	-0.0142917886	0.1635679968	0.0037164292	-0.0173820529	-0.0681748558	-0.0500629207	0.0781641643	0.0302889455	-0.0450993047	-0.1342090803	-0.0197657494	-0.0202295333	0.0083158705	0.0883109582	0.0041632594	-0.0394551976	-0.0023134543	0.0420852885	0.0495743924	-0.0914200684	-0.0128722732	0.0889133364	-0.0635232527	0.0041584489	0.0656830181	-0.04559783	-0.0585751803	0.1094328006	-0.0330312379	-0.062247946	0.0056362554	-0.0261778465	-0.0766644689	0.075411894	-0.0604513694	0.1242329279	-0.0164800798	0.0352329603	-0.0140682686	0.0422515938	-0.1127165582	-0.0132790638	-0.0301011513	0.0492664693	-0.0406958476	-0.1185078981	0.015920954	-0.0029952808	0.0474728726	0.1324330662	0.0400144318	0.0185621127	0.0257863915	-0.0441570001	-0.1341511232	0.0272922024	0.0886217776	-0.0473836561	0.0341146172	0.0283982792	-0.0584348612	-0.0200392729	0.0249426087	0.0479558882	-0.0047572274	0.0593884595	-0.0454681011	-0.0313925306	-0.0752432207	0.0166426512	0.0025826285	-0.0049503972	0.0216007564	0.0857164163	0.1018711011	0.0404517421	0.1627211967	0.0226112405	0.1037121572	0.0331633257	0.0078013604	0.025576365	-0.0155909496	0.0070626986	-0.0990023658	-0.021047176	0.0960293686	0.0346117057	0.0580985333338617	2.648972457570259e-05	0.0033754395755458	7.017055080965816e-10	0.0231906245592057	0.0255850752141384	0.000537805067446	0.0006545960737131	-0.0501814303000216	0.0119967514430783	0.0025181759469559	0.000143922045187	0.00148109895129	9.388663568760004e-05	8.814700360736135e-09	2.193654103512338e-06	-0.0013183907101044	-1.1166311280003464e-07	1.2468650760193258e-14	1.7381540644895842e-06	0.0001499767185259	-0.0001699382446215	2.8879006985070755e-08	2.249301609979704e-08	0.0	0.0	0.0	0.0	0.0	0.0	0.0	0.0	0.0	0.0	0.0
306.0354175688166	0.0611546531006865	93657.67680651996	0.0037398915958653	555.5681184212367	4.493660974502632	308655.9342061133	20.19298895376794	300.1639762349056	-0.0522351595805048	90098.41262914897	0.0027285118964008	349.4442839240885	358.1167243314304	1.205633	27.998621	0.0588079811060586	0.0482437953186505	0.083052093	-0.1799014431	0.0359871232	-0.0264901539	-0.0436936663	-0.0581347961	-0.0459325222	-0.0986749572	-0.0601621822	0.0579687243	-0.0214074585	0.1196820854	-0.1081513928	0.0074860122	0.1008679637	-0.0069502479	-0.0217282781	-0.014828754	-0.1225831056	-0.0697456158	0.1018069432	0.0142425505	0.0866727153	-0.0374085572	0.029946242	-0.1412543522	-0.0008837893	0.1251757009	-0.0001267077	0.0161246962	-0.0247518004	0.1269531524	0.0167567875	-0.0382764707	-0.0302144742	-0.0441241174	-0.0221734226	-0.0956824353	-0.0705136106	-0.0150789552	-0.1053677738	-0.1683906061	-0.0290615258	-0.0247834854	-0.1645718952	-0.0216661091	0.0191291441	-0.0315178989	0.0584831307	0.058459264	-0.0586726731	-0.0378188008	0.0320955323	-0.0017169204	0.0251609039	-0.0202971918	0.0710302574	-0.0151847091	-0.0721609527	-0.0315392673	0.0168468571	0.0612710863	-0.024077363	0.0904526504	0.1423025583	0.0949574195	0.0234627048	0.0400436515	-0.0717282726	0.02569208	-0.022921062	-0.1471678161	0.0217904728	0.0489367439	0.0135276507	-0.0075118783	-0.0599534872	0.0761324185	-0.132919692	-0.0353326074	0.1251634545	-0.015407526	0.1327641479	-0.1292858725	-0.015153066	0.0028200076	-0.0872922122	0.0344050884	-0.0634973448	0.0294542308	-2.44399e-05	0.0240294855	-0.0427563753	0.0249116615	0.0633356501	0.0696354914	-0.0117749215	-0.1522956339	0.0760022101	0.0442647474	0.1821655266	-0.0303266857	0.073328601	0.0651208052	-0.0241552614	0.0490240358	-0.0561242151	0.0113580629	-0.1606400837	0.0915902218	-0.0272484517	0.0147601371	-0.0877330069	0.0778797915	-0.0154760241	0.0478432155	-0.0254942087	0.1380257524	0.0093876956	-0.0428245266	0.047838609	0.1300738181	0.0750136	0.0146115668	0.0972265418	-0.0539802228	0.0576674548	0.0289278532	0.1105009812	-0.0146971845	0.1386070939	-0.054943953	0.0109589438	-0.0084574947	0.0474980227	0.005495018	-0.0993960955	-0.0164186847	0.0975916762	0.027144045	0.0581241432408745	2.5609907012794086e-05	0.0033784160274856	6.558673372039596e-10	0.0239460321918159	0.0007554076326101	0.0005734124577314	5.706406914057468e-07	-0.0974693637248833	-0.0472879334248617	0.0095002768649335	0.0022361486475941	0.0014549737098032	-2.6125241486800064e-05	6.825282427436193e-10	2.1169484962184864e-06	-0.0013190290142655	-6.383041611000232e-07	4.0743220207760443e-13	1.7398375404742163e-06	-3.804033865767865e-05	-0.0001880170571835	3.5350413791973084e-08	1.4470673651908806e-09	0.0	0.0	0.0	0.0	0.0	0.0	0.0	0.0	0.0	0.0	0.0
304.71155642089	-1.323861147926607	92849.13261644125	1.7526083389895537	551.5243805090587	-4.043737912178017	304179.14229590097	16.351816302385828	299.94305900235776	-0.2209172325478334	89965.83864369187	0.0488044236365935	348.59130438246115	348.9813607600095	1.409193	32.725948	0.0312807623755595	0.0169969325551839	0.099539026	0.0506344913	0.1407536014	0.0859090364	0.0020926471	0.004992851	-0.0778306157	-0.0778691792	-0.1616291997	-0.0419910152	-0.0401140447	-0.0049536791	-0.0972570177	-0.0160350031	0.0847493979	0.0119661274	-0.0445335539	0.0320078763	-0.0236437112	-0.1568210507	0.0699435647	0.0142910592	0.0273105768	0.079043659	-0.0121918052	0.0436535514	-0.0792542105	0.0012777068	-0.0367270952	-0.0718728459	0.0558450605	0.0604346098	-0.0442871109	-0.0070898832	-0.0104654444	0.0479697956	-0.0219684322	0.0393167399	0.0468794832	0.0736770782	-0.1793722606	-0.0353487952	0.0491386753	-0.0868915159	0.062642189	-0.031618131	-0.094151894	0.0207830248	-0.0053680284	-0.0290876337	-0.1039679376	0.0618593873	0.018173942	-0.1077891482	-0.0689875642	0.0156044956	0.0649173212	-0.0646589442	0.1235490927	-0.0982347942	0.0119872978	0.1265982148	-0.0371615829	0.0071138274	-0.0068886457	0.0799012511	0.0209901255	0.0098320678	0.009481623	0.1079084959	-0.0022512875	-0.0955528046	-0.1264450917	-0.0481850172	0.0185758948	-0.1215368249	0.0144392408	-0.0309198076	-0.0403113405	0.0032531073	-0.0092921519	-0.000714059	-0.0242259309	0.0058710041	0.0881756086	0.0364400937	-0.0591439588	0.0325247418	-0.1087554809	0.0494451442	0.0317448899	0.0828617262	-0.0185771654	-0.037894636	-0.0255570497	-0.0275639535	-0.0195546876	-0.0577062203	-0.002154842	0.1201035146	-0.0613078301	0.0065677826	-0.0090707026	-0.1603000755	-0.0805942781	0.0206692683	0.0440865651	-0.1869176674	0.0589709835	0.0760074058	0.0616821984	0.0244494881	-0.0811251279	0.0494889971	0.0246184891	0.0752895364	-0.0895875725	0.1251012529	0.0268923237	-0.0055435872	-0.0480758039	-0.1273542287	0.0543085144	0.0632198004	0.0418712787	-0.0721886737	-0.0086373311	0.0714860761	0.0825241747	0.0577105679	0.0622463491	-0.0276287493	0.0352264599	0.0631835147	0.0298560976	0.0039259816	-0.0996917334	-0.0117537397	0.0987688341	0.0195090322	0.0582551187813749	0.0001309755405003	0.003393658864232	1.7154592209371876e-08	0.014349720766063	-0.0095963114257529	0.0002059144860639	9.208919298003564e-05	-0.0973194880340031	0.0001498756908801	0.0094710827512004	2.246272271681548e-08	0.0013368973489873	-0.0001180763608158	1.3942026983526581e-08	1.7872945217292708e-06	-0.0015330901937411	-0.0002140611794755	4.582218855848501e-08	2.350365542145124e-06	-0.0001339747927347	-9.593445407702134e-05	9.203419479056116e-09	1.794924508830582e-08	0.0	0.0	0.0	0.0	0.0	0.0	0.0	0.0	0.0	0.0	0.0
305.0214675142852	0.3099110933951579	93038.09564456812	0.0960448858093822	553.8209327856699	2.296552276611237	306717.62559158955	5.274152359208257	300.42357616955417	0.4805171671964103	90254.32511850393	0.2308967479704629	349.341118509411	345.19267882957735	1.250595	29.042784	0.1776214457946688	0.0758629164157443	0.0408988885	-0.0623509917	-0.0012543026	0.1290047312	-0.012433176	-0.1275597047	-0.0298232952	-0.0019365771	-0.0161681101	0.0386592523	-0.1626020926	-0.0150964713	-0.0075702432	0.0059782997	0.0118158868	0.0401299743	-0.0847128179	0.0126970782	0.0464295843	-0.0550111083	-0.0561036643	0.0600981311	-0.0035028681	0.024634283	-0.0119224968	-0.1135704633	0.0306534197	0.0422778018	0.0166575057	-0.1031161757	0.0010402819	-0.1397195378	0.0688621167	-0.0151666084	0.0066299864	0.0326449776	0.0180529366	0.0324156121	0.0106868906	0.0825080976	0.0200283999	-0.1134827801	0.0785535284	-0.1117405238	-0.095092836	0.0553689166	0.1424949575	-0.0204689472	0.1585353811	-0.0736359714	-0.085206977	-0.0022369273	0.1342801171	0.0323231078	0.05129292	-0.1528209334	-0.0062088585	0.1048885107	0.0594783768	0.034055432	-0.0232335401	-0.0077678713	-0.0676084002	-0.0496124856	-0.1298799227	0.0082267852	0.0437963671	-0.0419326474	-0.0616115778	0.0946927507	-0.064963083	-0.0057861896	0.0735790322	-0.1011199202	0.0094441671	-0.0599340847	-0.0408839185	-0.0060863542	0.063039889	-0.0246875585	0.0815387045	-0.0868301657	0.058756029	-0.0094861627	0.0114014763	0.0766749387	0.029691237	0.036388158	0.0855358179	0.1684970485	0.0676696266	-0.0311463998	-0.115338579	0.0488319445	-0.1236604439	0.0911926177	0.0204502335	-0.0602810441	0.0769638485	0.1513636591	-0.0021324606	-0.0474495374	-0.0405856075	-0.0367605019	0.0973523543	0.0625681018	0.0321692542	-0.1168978405	-0.0930252391	-0.0982505359	0.0543041621	0.0607031052	-0.0607102457	-0.0650369346	0.0247387461	0.0293197364	-0.0525345539	0.0405203121	-0.0518673946	-0.0687955949	0.084110525	0.0128847734	-0.0106151936	-0.0173817647	-0.1138003819	-0.0356099803	-0.0264859046	0.0049015708	0.1293474786	0.0007346996	0.0193582877	0.1446238029	0.0318121663	-0.0719644677	0.0729545631	0.0023559765	-0.0998889875	-0.0070626986	0.0995561965	0.0117537397	0.0391392967972166	-0.0191158219841582	0.0015318845537806	0.00036541465013	-0.0231393067920464	-0.0374890275581094	0.0005354275188164	0.0014054271872526	-0.042113679988887	0.0552058080451161	0.0017735620422063	0.0030476812419142	0.0019531411565938	0.0006162438076064	3.7975643041335676e-07	3.814760377580566e-06	-0.0012032684634843	0.0003298217302568	1.0878237374958937e-07	1.447854995215868e-06	0.0002361754335477	0.0003701502262824	1.3701119001691192e-07	5.577883541144407e-08	0.0	0.0	0.0	0.0	0.0	0.0	0.0	0.0	0.0	0.0	0.0
306.73571710145364	1.714249587168467	94086.800145743	2.938651647107261	552.6227219422658	-1.1982108434041263	305391.8728068788	1.4357092252512282	300.04373749449223	-0.3798386750619329	90026.24440966376	0.1442774190728046	348.1665970453506	349.35101414138467	1.316699	30.577938	0.1779951060059594	0.1359224084156904	0.0664152587	0.0322718787	0.1193893417	0.0631731587	0.1455624648	0.0257044538	0.0516901985	-0.0085262367	-0.0759910123	0.0157071792	-0.1266148886	0.0086962122	-0.0115849174	0.1099749497	0.0359714161	-0.0446573781	-0.0707776133	0.0179851233	0.3368901716	-0.0563919648	-0.0290779375	0.2290954889	-0.167895732	-0.1167776168	0.0917499115	0.0475203232	0.0228422887	-0.1005447771	0.0535772843	0.0067678704	0.1232225701	0.0850309102	0.0675098378	0.0728905293	0.0626726219	-0.0639062806	-0.0608825982	-0.0030110706	0.0560860232	-0.0316170564	-0.0378449977	-0.041946732	0.0185893505	0.02532093	-0.0357831095	0.0420336936	0.0542211492	0.031527077	0.0295831434	-0.0443511018	0.1810741695	0.1312107929	0.0698994743	-0.0361006167	0.0657611111	-0.1249174947	-0.0096308898	-4.12358e-05	0.0632349681	-0.043093277	0.0540577757	0.0293852471	-0.0989746611	-0.0174262168	0.1336865073	0.0278093351	-0.0486674445	-0.1203312713	0.0455033833	0.0082276023	0.0949094563	0.104860148	-0.0173689578	-0.3229465912	-0.0387180035	-0.0163925038	-0.1631561697	-0.1140887699	0.0123445359	-0.0209228466	-0.0685418297	-0.2126465746	0.0535340546	0.0972078289	0.0474195566	0.0155891112	0.1650931821	-0.0226230493	-0.1442362368	-0.131534968	0.030652873	-0.0289301837	-0.104980889	-0.0209092101	0.0865325638	-0.1105476784	0.0361068486	-0.0606334884	0.0878450347	-0.0888779557	-0.044534342	-0.1093818129	-0.0730686025	-0.095430588	0.0328334779	0.0356011556	0.0881887293	0.0100925296	0.0087738655	-0.1016204118	-0.0936045978	-0.0323119276	-0.0407002931	-0.078772644	0.1188584257	-0.0156521457	-0.0113350513	-0.0337778883	-0.0248739776	0.0041860979	0.0731693401	-0.064984911	-0.0196426773	0.0377422363	0.0324003191	-0.0557994188	-0.0518828757	0.0475632494	0.1255720587	-0.1542697219	-0.0490427513	0.1639539395	-0.1213489818	0.086865046	-0.0039141018	0.0007853901	-0.0999876632	-0.0023559765	0.099950656	0.0039259816	0.0475364011988546	0.0083971044016379	0.0022597094389384	7.05113623320082e-05	0.112534037448114	0.1356733442401604	0.0126639095843735	0.018407256337309	-0.0421683036248481	-5.4623635961099926e-05	0.0017781658305973	2.983741605610769e-09	0.0016805695577616	-0.0002725715988321	7.42952764899417e-08	2.82431403847502e-06	-0.0008823728353397	0.0003208956281446	1.029740041623174e-07	7.785818205454212e-07	0.0001522419859605	-8.393344758720001e-05	7.044823623873251e-09	2.3177622289197075e-08	0.0	0.0	0.0	0.0	0.0	0.0	0.0	0.0	0.0	0.0	0.0
306.4742586883244	-0.261458413129219	93926.471238558	0.0683605017960493	550.3022404750188	-2.320481467246964	302832.55587182543	5.384634239836622	300.9638227838855	0.9200852893932848	90579.22262469004	0.8465569397579245	349.15257063271014	350.44188400103894	1.234206	28.662172	0.0904995211203447	0.0436534441147522	0.0536122495	0.0789116708	0.0557840995	-0.0220291998	-0.0170125513	0.0887516318	-0.0750398628	0.0475561598	0.0195807842	-0.0114516077	-0.1060223022	-0.0202730971	-0.0661781047	-0.0423517368	0.0365183118	-0.0280332038	0.0671796169	0.0944482892	0.0679870986	-0.118957049	0.0231515712	0.029687921	-0.0751720548	-0.009994158	0.0059100134	0.0126284425	-0.0583711548	-0.0385808558	0.0712987184	0.0949296249	0.0133949518	0.0527986896	0.0436379932	0.0365212157	0.0029273495	0.0414216241	-0.0370425115	-0.0508716238	-0.0437032045	-0.1652251371	0.0820998718	-0.0678285493	-0.0139884363	0.0319034992	-0.0227214722	-0.0925540263	-0.150703725	-0.0314900043	-0.0281102212	-0.0229830546	-0.1037120628	-0.045127513	-0.021073425	-0.1063186012	-0.0120762905	-0.0517165749	0.0951089478	0.0902395427	-0.0381298993	0.1134595274	0.0602795075	0.1390543803	0.0039564057	-0.1192898597	-0.1072521444	0.0305560535	-0.016860746	0.0946427843	0.0799123602	0.0418337789	-0.0224145922	0.0160587297	-0.0615018997	-0.0845453088	-0.0368518871	-0.1030223662	-0.0855622729	0.0028615966	0.0407966236	0.0746279286	0.0404954127	0.0052662969	-0.0173646451	-0.0026331497	0.1155227631	-0.126684184	0.0800621656	-0.0143384672	-0.0975624817	-0.0340693109	0.0150582611	0.0122312138	-0.0782158329	-0.0158020558	-0.0279183904	0.0026611301	-0.0198198299	0.0437250119	0.0533947492	0.0158261548	0.0972012305	-0.0867362031	0.0750039785	0.0191793664	-0.071414442	-0.0347170536	-0.0319759579	-0.0311505215	-0.0638255679	0.0860793952	0.1492347169	-0.0732000358	-0.0759632865	0.0302473735	-0.0777579982	-0.031161876	-0.0517622029	-0.0118399368	0.0041448146	0.0440093177	-0.0363374565	-0.0866402861	0.0087168782	0.0416664612	-0.005805706	-0.0340318874	-0.0378877709	0.0027746163	-0.0626823079	-0.1054418603	-0.0097825323	-0.0327546803	0.0259891286	0.0489727966	0.0161339091	-0.0007853901	-0.0999876632	0.0023559765	0.099950656	-0.0039259816	0.0348198739306298	-0.0127165272682248	0.0012124236205449	0.0001617100657635	0.1295255556180876	0.0169915181699736	0.0167768695581743	0.0002887116897205	-0.0773450005901494	-0.0351766969653013	0.0059822491162902	0.0012374000093886	0.0015979330163807	-8.263654138090004e-05	6.828797971397205e-09	2.553389924839522e-06	-0.0010251087158303	-0.0001427358804906	2.037353157942687e-08	1.0508478792712467e-06	-0.0001346811665049	-0.0002869231524654	8.232489542068318e-08	1.81390166111206e-08	0.0	0.0	0.0	0.0	0.0	0.0	0.0	0.0	0.0	0.0	0.0
305.9667386293796	-0.5075200589448059	93615.6451474991	0.2575766102313392	555.233224105835	4.930983630816172	308283.9331509604	24.31459956737704	300.9056181688956	-0.0582046149899042	90544.1910456052	0.0033877772061229	349.9410057001297	354.2371701355461	1.13869	26.444006	0.185432554642817	0.1464757906013139	0.0363359008	0.0251176098	-0.0960951482	-0.0177228896	-0.0870188104	-0.0356434347	-0.0561555351	0.0552051547	0.0233917201	0.0372455972	0.0714856105	-0.0857107374	0.0275080445	0.039947822	0.0267677782	0.0862557809	0.0240916342	0.0382716188	0.0368653537	-0.1021198012	-0.0849801878	-0.0764151204	-0.0762153754	-0.1267901319	-0.0947715639	-0.0359672109	0.0086507184	-0.0190826094	-0.0731556982	-0.0462453929	-0.0587914375	-0.0648167995	-0.0744349085	-0.0575276795	0.1157736928	0.028230462	-0.0073475723	0.0362431196	-0.1003068362	0.0023390535	-0.0165661587	0.0872535541	-0.04035957	-0.0321843901	0.1098347554	-0.097822306	-0.0879202037	-0.1499547833	0.0115538021	0.0653777596	0.085506763	0.0779981333	-0.0172094739	0.0672236675	-0.0246685649	-0.0577933621	0.0103294581	-0.0011214797	0.0026462852	0.0092514382	0.0069417413	-0.0117407921	-0.0617414108	-0.0358759064	-0.0890297508	0.0126912227	0.1033168342	0.0804795191	-0.0034262905	0.0431082512	-0.0997844044	0.0772206316	0.0135421542	0.0425754444	-0.0242628225	-0.0280479304	-0.0627088528	-0.1101924383	0.0881070823	-0.0931384966	-0.009553685	0.0179886664	0.0150732695	0.0111572446	0.0951663249	-0.0194174835	-0.0217498636	-0.0224256939	-0.0114537893	-0.0257105119	-0.0520836132	0.0275887286	-0.0026522373	-0.0463730161	-0.1018754514	0.0489862788	-0.0759843134	0.0207891755	-0.1467710155	-0.0241264277	-0.0695600768	-0.0837706861	0.1107003308	-0.0950898715	-0.0021894833	-0.0276173444	0.0149250025	0.0878360839	-0.034124624	-5.11964e-05	0.0142093795	0.0460126592	-0.0812660328	0.0208400377	-0.055259786	-0.0097118007	-0.0795411513	-0.0367886239	8.43647e-05	-0.0495150402	-0.103936587	0.0267420184	-0.0945456024	-0.0085383729	-0.0009181392	0.0231162742	-0.0502644062	-0.0517643683	0.0123047495	-0.0707434951	0.057098642	0.01883882	0.06567096	-0.0655720277	0.0393640067	-0.0023559765	-0.0998889875	0.0070626986	0.0995561965	-0.0117537397	0.0364709090676456	0.0016510351370158	0.0013301272082204	2.7259170236607933e-06	-0.0159747765050468	-0.1455003321231344	0.0002551934843861	0.0211703466479424	-0.0595724858112376	0.0177725147789118	0.0035488810657301	0.0003158622815666	0.0017359508909943	0.0001380178746136	1.9048933712855443e-08	3.013525495943904e-06	-0.0007531179871369	0.0002719907286934	7.397895649516677e-08	5.671867025491359e-07	-0.000134846015273	-1.6484876810000026e-07	2.7175116344087662e-14	1.8183447835006153e-08	0.0	0.0	0.0	0.0	0.0	0.0	0.0	0.0	0.0	0.0	0.0
305.0274431339224	-0.939295495457202	93041.74106481828	0.8822760277861904	553.6915815194448	-1.5416425863902532	306574.36744550394	2.3766618641720294	299.853534837556	-1.0520833313395883	89912.14235457743	1.106879336082606	349.0103171801989	353.6933900174477	1.203329	27.945129	0.053124902806442	0.0286176488251709	0.0468051111	-0.1060575777	0.0472063925	0.0278155506	-0.0248560679	-0.0465540955	0.0272352384	-0.1566433139	-0.0165187973	-0.0034599853	0.0904159371	-0.0448809348	0.0298604963	0.0113104334	0.0643939282	0.0568363838	-0.0413803578	-0.1036414499	0.0378756186	-0.1435036809	-0.0485110935	-0.0043768667	0.0942512776	-0.0184265379	-0.0033272427	-0.0311108921	-0.028468991	-0.0451116515	-0.0820262702	0.0739415584	0.0334412003	-0.0304941937	0.0095547811	-0.0778346284	0.0158976045	-0.0862140284	0.0281715122	-0.0594096322	-0.0355129858	0.0303623606	-0.1455264877	0.005408653	-0.0724047623	-0.0772962994	0.0637036394	-0.1704266692	-0.0164452257	-0.0618977264	-0.0875862544	-0.0162981989	0.174367989	-0.0853207523	-0.012079883	-0.0500851071	-0.016667316	-0.0590438173	-0.1172423236	0.048442489	-0.0105458491	0.0419303882	-0.0391736962	0.0451582237	-0.021798938	0.0607774569	0.0075028062	0.0533431959	0.070950364	0.0041269365	-0.1320817893	0.0099881668	0.0032077994	-0.0923514686	-0.0857022611	-0.0265929096	-0.0258944928	0.002749969	-0.054043267	-0.0850352135	0.0599308532	-0.1054990361	0.0139885402	-0.0362439838	-0.062836035	-0.0304595159	0.0459304451	9.24106e-05	0.0026859949	-0.0069321862	0.0870066064	-0.0842997896	-0.0183362291	-0.0179266106	0.085952821	-0.0102922639	0.119659735	0.0704045946	-0.0113981641	0.0117204832	-0.0212047824	0.0538073542	-0.0478996741	-0.1988172793	-0.0015469203	-0.1691489728	-0.1097596919	-0.0416136533	-0.0479336149	0.1353719055	0.0051064642	-0.0091888466	-0.0786258947	0.072608681	-0.0849978623	-0.0056975434	0.0026456297	-0.0518205211	-0.1013892613	0.0716384156	0.0717081593	-0.0418999823	0.0147076082	0.0406223331	0.0251368315	-0.0391615505	0.0409026715	-0.0337268288	0.0146455556	-0.0407627489	0.0245987637	-0.0860526034	0.0415895763	0.0696573521	0.0366081628	-0.0217683889	0.0181183568	-0.0039259816	-0.0996917334	0.0117537397	0.0987688341	-0.0195090322	0.0330347041890775	-0.003436204878568	0.0010912916808598	1.18075039674952e-05	-0.0333227996013363	-0.0173480230962895	0.0011104089732708	0.0003009539053493	-0.062454876296762	-0.0028823904855244	0.0039006115732438	8.30817491104161e-06	0.0014849273568872	-0.0002510235341071	6.301281467561845e-08	2.2050092552320056e-06	-0.0010911038873391	-0.0003379859002021	1.1423446873549149e-07	1.1905076929664951e-06	-0.0001346897626611	1.56252611900002e-07	2.4414878725572642e-14	1.8141332165703448e-08	0.0	0.0	0.0	0.0	0.0	0.0	0.0	0.0	0.0	0.0	0.0
305.24874961776607	0.221306483843648	93176.79914320965	0.0489765597912388	551.2407834688822	-2.450798050562525	303866.4013593871	6.006411084641075	299.5951860727679	-0.2583487647881384	89757.27551797642	0.0667440842675568	348.2304822036793	348.0467605494767	1.13312	26.314644	0.1313432401644279	0.1025929932110297	0.0390825786	-0.0142456618	-0.0672727555	0.0888156167	0.1445850263	-0.1078181155	-0.0057091582	0.0552164356	-0.045612915	-0.0187421674	0.0219001729	0.0019204391	0.0066059551	0.0560747953	0.0499338391	-0.0340786257	-0.0955313332	-0.0943913773	-0.0456023298	-0.0206205061	-0.0416422022	0.0151338894	-0.0250314942	-0.0057778791	-0.0399711572	0.0227858215	-0.0686437289	-0.0110133179	0.0087320556	-0.1416095941	0.0167454158	-0.0884735403	0.0763282855	-0.0220927972	0.0054597431	-0.0908384101	0.0490040526	-0.0218632515	0.0351784043	0.0984282363	-0.0368897829	0.1143172898	0.0301814118	-0.0898199911	-0.1431366651	0.0215999062	-0.0994382792	0.0818266246	-0.0619165701	-0.1376894345	-0.0683740669	-0.0796397269	0.0613524571	0.070264061	0.1068955747	-0.0173978489	0.0235102112	-0.1016508143	0.1066275358	0.0227349302	0.0321278825	-0.0315417076	0.0775090116	-0.0084058126	-0.0367917901	0.0599447733	-0.0515853029	-0.1492014364	-0.0175107008	-0.0006877725	-0.074449103	0.0102092845	0.0084166847	0.0074809835	0.0720544347	-0.0362910915	-0.0027756721	-0.0179111312	-0.0447835662	-0.0797567717	0.0049612125	-0.068593993	-0.0013968257	0.0158565952	0.1738602212	-0.0088481391	-0.0811623867	-0.0267290273	-0.0118140113	0.1497225715	-0.0180303027	-0.0058934888	0.0525801235	0.0922814133	-0.043822298	0.1059096914	-0.0550440549	-0.0712284085	-0.0148208692	0.0735972762	-0.0113802278	-0.0729145098	-0.1239979893	-0.0049759891	-0.0106668653	-0.1255972747	0.0091321307	-0.0176737443	0.1226262674	0.0170277912	-0.0198895019	0.004444966	-0.0614974261	-0.0713677863	0.0482833155	-0.0534811282	-0.0887146597	0.0558603512	-0.0592299173	-0.0276697984	-0.0106536024	-0.0343416631	0.0166833092	0.0140282811	0.0059162397	-0.0262470177	-0.0360570666	-0.1267890705	-0.0409045028	-0.0968267256	-0.0350442903	0.0053179666	-0.0190367232	0.0111266266	-0.0261271664	-0.005495018	-0.0993960955	0.0164186847	0.0975916762	-0.027144045	0.0304376771462955	-0.002597027042782	0.0009264521900621	6.74454946094103e-06	0.0668930293667386	0.1002158289680749	0.0044746773778593	0.0100432123757584	-0.0478047624531328	0.0146501138436292	0.0022852953132004	0.0002146258356312	0.0016069791916426	0.0001220518347553	1.4896650367159461e-08	2.582382122372304e-06	-0.0011560388175113	-6.493493017220011e-05	4.216545156468505e-09	1.336425747592925e-06	-4.4071121389864325e-05	9.061864127123568e-05	8.211738145844898e-09	1.9422637405601568e-09	0.0	0.0	0.0	0.0	0.0	0.0	0.0	0.0	0.0	0.0	0.0
305.8405758843492	0.5918262665831548	93538.45785727038	0.3502583298177554	550.1810546080271	-1.0597288608551023	302699.1928496009	1.1230252585292533	300.1310688289461	0.5358827561782391	90078.6584764056	0.287170328369186	348.49485596015074	353.69502695001285	1.085711	25.213657	0.1277748247118517	0.0903924506475703	0.0144549433	-0.064650565	-0.0136402657	-0.0037680834	-0.0183194225	-0.0292440265	0.002082846	-0.0567158779	0.113664402	0.0756018264	-0.0244795991	-0.0113823047	-0.1602531666	-0.0546718704	0.041295072	0.037749658	-0.0230602379	-0.1104838758	-0.049260626	-0.0282500652	-0.0835478561	0.0610065286	0.040048646	-0.093994369	-0.0872847071	-0.112484768	-0.0488589543	-0.0208405239	0.0459702203	-0.0983199857	0.0597852155	-0.0428160273	-0.0697791588	-0.0256974071	-0.0539082603	-0.049890802	-0.0070144773	0.0453785353	0.0052484813	0.047348278	-0.0729582725	0.0191950485	0.0008129601	-0.0227809938	-0.0459501651	-0.0384352105	0.0042356828	-0.11110994	-0.096402556	0.0051094377	0.0974787152	0.0143427154	-0.0232675451	-0.0348102442	0.0433208318	0.0333194266	0.0039813922	-0.0406670189	0.0445954918	0.0904027689	0.1372031113	0.0478505245	-0.1279930551	0.0874256627	-0.0579666296	0.0406347843	0.0258698615	-0.0353896918	-0.1139377224	-0.0584609044	0.0407934778	-0.0235970832	0.0533068535	0.0843886755	-0.0973288949	-0.1177751348	-0.0556626032	0.0638654396	0.0509649006	-0.1058335562	0.1071410962	-0.0204496481	-0.022979788	0.0273586069	0.0692404499	-0.0399121515	-0.0201162455	-0.0355610572	-0.0649966348	0.1011922718	0.1277482666	-0.0012810624	0.0072990122	0.0354214357	0.0978077628	0.0269530031	-0.0909376594	0.0484268323	-0.016090665	-0.0428922136	-0.0803402608	-0.038943488	0.0879264178	-0.0762361923	-0.0503620626	-0.0925461592	-0.1047914065	-0.0033392658	0.0284080869	-0.080659626	-0.0738990079	0.0454963933	-0.0735364193	0.0141939149	-0.1059667221	-0.0684465225	-0.0591714719	0.0627395922	-0.0019551616	-0.0468356509	0.0347054051	0.0368526581	-0.0240199816	-0.0240073404	0.047162698	-0.0024722544	0.0547558273	-0.1255972307	-0.0108574098	-0.0895341342	0.0289367069	0.0803469622	0.0169370759	-0.0591398321	-0.0423160104	-0.0070626986	-0.0990023658	0.021047176	0.0960293686	-0.0346117057	0.0274079671106477	-0.0030297100356477	0.0007511966611383	9.179142900104986e-06	-0.0193688278015713	-0.0862618571683099	0.0003751514904069	0.0074411080021258	-0.0706898806179836	-0.0228851181648508	0.0049970592217847	0.0005237286334191	0.0014740758600506	-0.0001329033315919	1.7663295548253085e-08	2.172899641183916e-06	-0.0011559023733691	1.3644414219998738e-07	1.861700394069037e-14	1.3361102967603185e-06	0.0001348518897368	0.0001789230111266	3.201344391063245e-08	1.8185032165586068e-08	0.0	0.0	0.0	0.0	0.0	0.0	0.0	0.0	0.0	0.0	0.0
305.8936760669204	0.0531001825711996	93570.94105773405	0.0028196293890947	551.9253942251205	1.7443396170933738	304621.6407905547	3.042720699761458	300.8094007281965	0.678331899250395	90486.29556645673	0.4601341655406481	349.11801963279265	349.87148379044567	1.147889	26.657625	0.0967308816530252	0.0586952590788132	0.0138044341	-0.0222413618	-0.0122091677	0.0546442917	0.0749315922	-0.0641134452	0.0344967142	0.0333774213	-0.054125531	0.05494145	0.0361892325	-0.0798274562	-0.0650235875	0.0909216589	-0.0042870254	0.0887669529	-0.0502228905	0.0146985662	-0.0416256759	-0.0700114891	-0.0678627191	0.0423595662	-0.0854310153	0.0603667905	-0.0548879789	-0.0545191136	-0.0746976972	-0.0208033151	-0.0435978548	-0.1021204743	-0.1001867784	0.0437686813	0.0763518768	-0.0255728548	0.0476823963	0.0681394338	-0.0470216894	-0.0385267465	-0.0325272788	0.0679853691	0.0394133909	-0.0170048527	0.0117187327	-0.1073209748	0.0272300623	-0.0437396755	0.0494670037	-0.0457938893	0.0431791191	-0.0246134878	-0.038519541	0.0785373057	-0.0178267236	-0.0279960362	0.0175576502	0.1990789483	0.0300891401	0.1901460761	0.0186329152	0.0100891133	0.0162243621	-0.1433157976	0.0095517396	0.0182295509	-0.1123453684	0.000800392	0.0755365632	-0.1118256776	0.0409651133	0.0123733603	0.0194647872	-0.0052735103	0.0462271111	-0.0304653943	0.088412458	-0.0986014114	-0.0099979169	-0.093685323	-0.0694239131	-0.0696840333	0.0028042592	0.0317653793	0.0167834027	0.0150307106	0.1974321752	-0.054341427	-0.1033182554	0.05430803	0.1051127773	0.0861879383	0.0425687046	0.106594477	0.0361743761	-0.0023916347	0.0041567191	0.0164141421	-0.069274083	0.0373894085	-0.0640904435	-0.0057214125	0.0021348132	-0.0445891659	0.1031898755	0.0393849248	-0.0913011776	0.0113031964	0.0134524552	-0.1378158601	-0.0538656113	-0.1398752368	-0.0724472887	0.1049967382	-0.0590540721	-0.0187418903	0.108401009	-0.0909244029	-0.0908491293	-0.0152923314	-0.0253730654	-0.008868622	0.0755497745	-0.0595962985	-0.011448342	0.0607875808	-0.0052068953	-0.0583415951	-0.0440767817	-0.1477441303	0.0319295086	-0.0456436104	-0.0559930753	0.0344564084	0.0323701811	0.0023998148	-0.0575033083	-0.0086286366	-0.0985109326	0.0256289373	0.0940880769	-0.0418659738	0.0217569479138859	-0.0056510191967618	0.0004733647825275	3.19340179621704e-05	-0.0738995551192971	-0.0545307273177258	0.00546114424683	0.0029736002218001	-0.054264584755856	0.0164252958621276	0.0029446451587254	0.0002697903441584	0.0016069229801121	0.0001328471200614	1.764835730863459e-08	2.5822014640123525e-06	-0.0011561089764162	-2.066030470998775e-07	4.268481907095418e-14	1.3365879653501136e-06	-0.0001345711726828	-0.0002694230624196	7.258878656355568e-08	1.8109400517223972e-08	0.0	0.0	0.0	0.0	0.0	0.0	0.0	0.0	0.0	0.0	0.0
306.52574962536045	0.6320735584400268	93958.03518338916	0.3995169832790379	549.6523340861003	-2.273060139020231	302117.688366298	5.166802395602672	300.89062536786184	0.0812246396653222	90535.168434263	0.0065974420887614	349.22406461036167	352.50459763411993	1.350274	31.357639	0.2798418389723079	0.2241942127378701	0.0221575224	0.0540828034	-0.0957391132	0.0034195019	-0.010184137	-0.0297235402	-0.0761549354	0.0755662445	0.1403648395	0.0381428946	-0.0015915356	-0.0218664229	-0.0391966688	0.0215286377	0.0319297186	-0.0485062133	0.1477239674	-0.0257757963	-0.0009896666	-0.094217709	-0.0766088529	-0.0024793796	-0.1299948854	-0.0494638174	-0.0965731868	0.0059186088	-0.031364044	-0.0675699666	0.0224152542	-0.087153452	-0.0280924906	0.0072442691	-0.0982789758	0.0890067924	-0.0726657625	0.0767885092	0.0146627837	-0.085372523	0.0391180597	0.0337704889	0.0193822439	0.0813793264	-0.088175954	-0.1646461826	-0.0029445318	-0.0572227766	0.1149670452	-0.0514173849	-0.0531762081	0.0179055016	-0.0581196411	-0.0751922738	0.0979389979	0.0837824363	-0.0113735351	-0.1099190618	-0.0177912448	-0.0708632555	-0.0038424449	0.0440349273	0.0552889086	-0.0288275468	0.0808282798	0.0274775387	0.1224793821	0.0253426609	-0.0420170491	0.0652208913	0.0310482273	-0.1115607757	-0.06969477	0.0534767977	0.05578349	0.05232551	-0.0507899497	-0.0979704424	-0.016745137	-0.145932574	0.0979921151	0.0090245387	0.0181052827	-0.0444129999	0.017463508	0.0925199478	0.0720245349	0.0424697925	-0.0574625351	0.0164295471	0.0234608389	0.0485864087	-0.0983475073	0.0645954238	-0.1408270038	0.0336720314	-0.0320359708	-0.0122829071	-0.2018200692	-0.041792874	-0.0056482723	-0.0519365639	0.0104962093	0.0047237967	-0.0897508811	0.0542200791	0.0546664921	0.0037837445	-0.0650359987	0.0362003471	-0.0167130737	-0.1133371547	-0.0359234685	-0.0785046806	-0.0604308154	-0.0201455263	0.0139308517	-0.0998164818	-0.1325612924	0.018377904	-0.0677536655	0.0094780813	-0.0849753082	-0.0408701478	-0.1068112162	-0.0163246297	0.0661787899	0.1439530639	0.0121464128	-0.1016994401	-0.1564084906	-0.0507126633	0.0222389666	0.0143706803	-0.0093352987	0.0459933354	-0.0345700413	-0.0101924456	-0.0979222811	0.030153796	0.0917754626	-0.0488621241	0.0283422512084001	0.0065853032945142	0.00080328320356	4.33662194807396e-05	0.1492073644152185	0.2231069195345156	0.0222628375957358	0.0497766975441808	-0.0713954125858791	-0.0171308278300231	0.0050973049383079	0.0002934652621418	0.001674135735305	6.721275519290006e-05	4.5175544606207134e-09	2.802730460225213e-06	-0.0013359606375742	-0.000179851661158	3.2346620021292075e-08	1.784790825147663e-06	-0.000547882522597	-0.0004133113499142	1.708262719678983e-07	3.001752585672523e-07	0.0	0.0	0.0	0.0	0.0	0.0	0.0	0.0	0.0	0.0	0.0
306.3726608607759	-0.1530887645845382	93864.207322912	0.0234361698420201	555.9251391887665	6.272805102666212	309052.76038204937	39.34808385603526	300.5771997946003	-0.3134255732615543	90346.65303636306	0.0982355899743339	349.6237673135328	358.17990933219306	1.409599	32.735359	0.2304900967472501	0.1438188908740081	-0.0174654006	-0.1181782028	0.0579378004	-0.0357197898	-0.0774157094	0.0139355546	0.0482459249	-0.1204120519	0.0307305131	0.0326130372	0.0648225912	0.0421908626	-0.0822512042	0.0560144733	0.0078811419	0.0049195612	0.1284065515	-0.1051538478	0.0316340434	-0.0566545654	-0.0982989448	-0.0646102842	0.1527546845	0.0652316753	0.0450549239	-0.0459877101	-0.0409918899	0.0281542224	0.1002154337	-0.0685181717	0.0054651449	-0.0225190322	-0.0022670051	0.030509908	0.0211825485	0.0280171636	-0.0755729514	-0.0424116442	0.0503091132	0.0584655778	0.0987446489	-0.0058834439	0.1133477059	-0.1022527611	-0.0221391023	0.1400186784	0.1122269008	-0.0482122087	-0.027785814	-0.0134101046	0.0790564875	-0.0523152513	-0.0646281412	0.0704828243	-0.0959999289	0.0443381309	-0.0724001227	-0.0393563137	0.022580785	0.0066974072	0.0691967678	-0.0496615818	-0.0232205345	-0.044609782	0.0100664592	-9.71307e-05	0.0238850296	0.0787840725	-0.0950511479	-0.1588033353	0.0608516195	-0.0566583575	-0.0258241372	0.0071765631	0.033992552	0.0235872977	-0.0811026201	-0.0184393233	-0.0193695606	0.0478158862	0.082616419	-0.0819773806	-0.123575966	-0.03879588	0.0632620751	-0.0180833789	-0.0864052579	0.0495912752	0.0526594754	0.0282920223	0.0480570634	0.0025385996	0.0005801382	0.0522426282	-0.135221146	-0.0399929491	0.0348681253	0.0003373076	0.020101992	-0.0287115709	0.0258035549	0.0372710224	-0.0302790498	0.0006367916	-0.1100802894	0.0513367597	0.0777687402	0.0592629634	0.1489471764	-0.1481106244	-0.003558185	0.0081203631	-0.0342556373	0.0147083163	-0.041845278	-0.0884739011	0.0348866136	0.0750863369	0.0688079283	-0.0955946365	0.0734938742	0.0451354705	-0.002642916	-0.1483715811	0.0261411286	-0.0321195755	-0.0155323233	-0.0822718143	0.028293555	-0.0475022133	-0.1303654866	-0.0024987137	-0.0397036087	-0.0202382478	-0.0832101367	-0.0117537397	-0.097236992	0.0346117057	0.0891006524	-0.0555570233	0.0353177367598362	0.0069754855514361	0.001247342529837	4.865739867829381e-05	0.02267549687501	-0.1265318675402085	0.0005141781585285	0.0160103135032128	-0.0637558487011986	0.0076395638846804	0.0040648082436101	5.836293634811457e-05	0.001379939557147	-0.000294196178158	8.655139124277376e-08	1.9042331813790584e-06	-0.0011549733847888	0.0001809872527854	3.2756385670806326e-08	1.3339635195704972e-06	0.0007637976418781	0.0013116801644751	1.7205048538774258e-06	5.833868377385463e-07	0.0	0.0	0.0	0.0	0.0	0.0	0.0	0.0	0.0	0.0	0.0
306.2199286572616	-0.1527322035142901	93770.6447068584	0.0233271259903305	552.2309879302978	-3.6941512584686502	304959.0640304728	13.646753520445516	300.38973350928654	-0.1874662853137465	90233.9919977802	0.035143608129335	348.7315964338578	349.6081600648894	1.208762	28.071299	0.1270150547041629	0.0577083118326969	-0.0147068113	0.0025426862	-0.0209900546	0.0661386408	0.0448778757	-0.0807539558	0.0178129523	0.0865232762	-0.0467916289	0.0232773299	0.0387278671	-0.0248365109	-0.0285261144	0.080256863	9.61187e-05	0.0438676139	0.0379621603	-0.1038574949	-0.0237958963	-0.0003621802	-0.0670591728	-0.0499034085	0.0360393509	0.0980249686	0.0744098289	0.0291778661	0.0439716486	0.0147335491	0.1152212132	-0.0763256869	0.0384254697	-0.0903843894	0.1069927841	-0.0788246446	0.0907597102	0.0306458976	0.1695497979	0.034820405	0.0273426441	0.0275691068	0.0212292542	0.0013384841	-8.06456e-05	-0.0051509636	-0.0205246124	0.0464559602	-0.0428031985	0.0703390669	-0.1638044597	0.0023017086	-0.0769598296	-0.0719319108	0.1697052906	0.0845769315	0.0445576404	0.1169233502	-0.0137331916	0.0545550448	-0.1940893853	0.0209933024	-0.0074099417	0.0572342881	0.0403948089	-0.1314888205	-0.0342036501	0.000656189	0.0260570409	-0.0578983299	-0.0185822848	-0.1092378317	-0.0318111556	0.039965714	-0.0151783556	0.0314192645	0.1673851799	-0.0104021461	-0.0001313949	-0.0042603732	-0.0434288123	0.044183844	-0.1349589823	-0.0981285637	-0.1249541662	-0.0515307796	0.0625121039	-0.0126165007	0.0184313732	-0.0771854795	0.0478131236	0.0693832128	-0.049565717	-0.0362597427	0.0415640795	0.1331145423	0.0257724082	0.0472493374	-0.0167023961	0.1239011156	-0.1362068332	0.0652805538	0.0993061293	0.0146449909	-0.0639506569	0.0077120481	-0.0453422203	-0.0409234623	-0.0142454533	-0.1057334959	0.1133656191	0.1528794119	0.0319982869	0.0523694255	0.0028144144	-0.058653697	-0.01448149	-0.0930043243	0.0952836849	0.0495348206	0.005708448	-0.058416509	0.0446852416	-0.0983880822	-0.0306162711	0.0358491049	-0.0674737476	-0.0376382865	-0.0124492572	-0.0892672004	-0.0802900584	-0.0168383196	-0.041526076	-0.0049487139	-0.0213620588	0.0733809946	-0.0793756447	-0.0133121339	-0.0964557418	0.0389927688	0.0860742027	-0.0619093949	0.0422213398525741	0.0069036030927378	0.0017826415389465	4.765973566206023e-05	-0.0199866757066615	-0.0426621725816715	0.0003994672058032	0.0018200609693883	-0.0359589304545551	0.0277969182466435	0.0012930446794355	0.0007726686640105	0.0017003095846798	0.0003203700275328	1.0263695454136705e-07	2.8910526837539937e-06	-0.0015596211314499	-0.0004046477466611	1.6373979887790586e-07	2.432418073665066e-06	0.0010318270833464	0.0002680294414683	7.183978149380885e-08	1.0646671299271388e-06	0.0	0.0	0.0	0.0	0.0	0.0	0.0	0.0	0.0	0.0	0.0
307.3803226349333	1.1603939776716743	94482.66274315568	1.34651418341669	551.9068363507589	-0.3241515795389205	304601.15601070336	0.105074246517577	300.5128835725205	0.1231500632339361	90307.99319307123	0.0151659380745224	348.9759180520247	355.3427027132871	1.137884	26.425283	0.1668307712350607	0.1438488427885839	-0.0259526107	-0.0003259671	-0.058101925	-0.021381907	-0.0254635035	-0.015957715	-0.0004044896	-0.0287344028	0.1607483861	0.0765374005	0.0160409083	0.0147921068	-0.0080820539	-0.0699583109	0.0220606932	-0.0716265577	0.1336018816	-0.1661115216	-0.0260929352	0.0461567833	-0.0132641388	0.031728845	-0.0418808165	-0.0404075627	-0.0364883872	-0.0544953532	0.003780433	-0.1120742194	0.0410318209	0.1458446461	0.0891675952	0.0249784598	0.0402928869	-0.097767912	-0.0946253744	0.0358111052	0.0300137258	-0.1295586599	-0.0824783528	-0.0912443538	-0.0114866586	0.13971675	0.0121745116	-0.049170828	0.0148891179	-0.0414717263	-0.0581927273	0.0339130821	0.0106134456	0.0136069245	0.03856508	0.0432974966	-0.0503613846	0.044829775	0.1111993769	0.0694767099	-0.0771579921	0.0833526298	-0.0155301507	-0.0038009415	-0.0187725955	-0.0578827867	0.1114138047	0.0900521148	-0.0530666085	0.0260530592	-0.0552350624	0.0153264872	-0.0624074183	-0.2234354418	-0.0056556438	0.021014277	0.0680468076	0.0592118941	-0.0854511541	-0.0452741708	0.1090616391	-0.0908496152	0.0364512496	0.0151343505	0.0340106269	-0.0367572869	-0.0153975448	-0.0974354806	-0.0437507566	-0.0298726643	0.0487466061	-0.0180279239	0.0247857202	-0.1050532706	-0.068094013	0.0870456493	0.070245554	0.0421530911	0.0942358708	-0.0483912568	-0.0756998898	0.0774965439	-0.007016962	0.019410371	-0.0031967656	-0.0576166268	-0.0016981678	-0.062680502	-0.0584208304	0.0802821944	-0.0731805271	0.0299504148	0.044060616	0.1217483811	-0.0378143758	-0.0527474107	0.0127642599	-0.0735363056	0.0831150895	-0.1588810941	0.0846910448	0.0569570179	0.0191742829	-0.0907867766	-0.0224078196	-0.0016183619	-0.1432150179	-0.1137808066	0.0116724394	0.1037184882	0.0452481996	-0.0378390842	-0.1010067889	0.0222431239	-0.0721222968	0.0370797492	-0.0764971948	-0.0099803744	-0.0291902976	-0.0148672434	-0.0955793015	0.0432872582	0.0827080574	-0.0678800746	0.0398588269518285	-0.0023625129007456	0.0015887260859758	5.58146720618939e-06	0.1238217839935487	0.1438084597002102	0.015331834191345	0.0206808730813469	-0.0323905945733002	0.0035683358812549	0.0010491506168119	1.2733020961451192e-05	0.0015881887272922	-0.0001121208573876	1.2571086661330536e-08	2.5223434334980176e-06	-0.0013301823336604	0.0002294387977895	5.264216193109109e-08	1.7693850407822276e-06	0.0010315574834665	-2.695998799001013e-07	7.268409524214903e-14	1.0641108416957382e-06	0.0	0.0	0.0	0.0	0.0	0.0	0.0	0.0	0.0	0.0	0.0
307.0854720744195	-0.2948505605137939	94301.48715916908	0.0869368530352984	554.7087233304977	2.80188697973881	307701.7677389507	7.850570647229874	300.05952613319147	-0.4533574393290109	90035.71922327542	0.2055329677949578	348.5007663499504	360.4337676700071	1.215384	28.225071	0.1416152594957715	0.091039084635074	-0.0384110506	-0.1027402025	0.0931106846	-0.0675832135	-0.0080125901	0.0193149311	0.0216803433	-0.0745092121	-0.0095231945	-0.0747938875	0.0501466935	0.1281325217	-0.1220696921	0.0128274425	-0.0112245653	-0.1133713737	0.0828852732	-0.1003123457	-0.0942794019	0.0232180392	-0.0257934417	-0.0613772519	0.0066993609	0.0153192862	0.1891111212	-0.027748072	-0.1020926507	0.0752493829	-0.006870535	0.0073966636	0.0642011209	0.0692198688	0.0989363701	0.0463626041	-0.0356457172	0.0504591501	0.024743978	-0.0445148892	-0.0701437877	-0.039035862	0.0095942267	0.0267815415	-0.1619987196	0.0346226689	0.0397124948	0.0029616976	-0.0281540181	-0.0589530226	0.0658378996	-0.0089016759	-0.0021723036	0.0631894534	-0.1083856073	0.1098312394	0.0015934857	0.0042528697	0.0761695375	-0.1048280009	0.046820159	-0.0800634754	0.0448455114	-0.1342674228	-0.0278553978	0.0213101956	0.0918323079	4.7716e-06	-0.1173978826	0.0380168151	-0.0448975777	-0.1578693511	0.0518478969	-0.0435344812	-0.0525238571	0.0752751583	0.1328290418	0.0050819758	-0.0135051168	0.0403019138	-0.0982170445	0.0453812273	0.0744713012	0.0162230927	0.0333546111	-0.1085418718	-0.0116088021	-0.0034195598	-0.0611620339	-0.0207737479	-0.0202116519	-0.0500683331	-0.0051088685	-0.003971584	0.1415373072	-0.0406636655	0.0435851368	-0.0835308911	-0.0815006878	0.0161130132	0.0011899133	-0.0792180987	0.0935743584	0.0402267141	-8.00139e-05	0.0009514578	0.1406973059	0.0262892524	-0.067744591	0.0585565761	-0.0336490647	-0.1106376622	-0.0748974944	-0.121976605	-0.003409493	-0.0197782297	-0.0576244801	-0.1293545465	0.0824363956	0.0582884921	0.1375571804	0.0370541247	0.1452848193	0.0309979258	-0.0130316515	-0.0591846456	0.0449874703	-0.0203094005	0.1130926428	-0.0870256081	-0.0546338404	-0.0086904248	-0.0686115705	-0.0658267571	-0.0218840943	0.0329724222	0.0259876226	-0.0164186847	-0.0946085359	0.047485639	0.0790155012	-0.0734322509	0.0420880106542114	0.0022291837023829	0.001771400640829	4.969259978969554e-06	0.2028387312178097	0.079016947224261	0.0411435508820508	0.0062436779486416	-0.0707286940700129	-0.0383380994967127	0.0050025481648494	0.0014698098730198	0.0015969653156519	8.776588359699989e-06	7.702850323562134e-11	2.550298219395172e-06	-0.0008991785716083	0.000431003762052	1.8576424290306322e-07	8.085221036395427e-07	0.00103071725243	-8.40231036499826e-07	7.05988194697572e-13	1.0623780544568485e-06	0.0	0.0	0.0	0.0	0.0	0.0	0.0	0.0	0.0	0.0	0.0
306.46143972746347	-0.624032346956028	93918.61403982971	0.3894163700474485	551.8418019612631	-2.86692136923466	304529.37439185387	8.219238137374338	300.0117291697611	-0.0477969634303576	90007.03763943008	0.0022845497131629	348.18242658388283	349.73007049972205	1.267999	29.446959	0.1645243377517267	0.0822992968271044	-0.013210996	0.0521595063	0.1823734756	0.0042918385	-0.0055261738	0.0673067297	-0.0285615598	-0.0387583956	-0.1061834442	-0.0798233578	-0.0725822088	0.0645243427	-0.0734556927	-0.0961778718	-0.0013745095	-0.1166306069	0.0691478548	-0.0616955608	-0.0685178685	-0.0650135486	0.0395521008	0.1120117823	0.0270702029	0.0501324934	-0.0138625291	0.0241878361	0.0193389871	-0.0923650586	-0.0538044281	-0.0734008068	0.0751886372	0.059672288	-0.0053412322	0.0955321895	0.0915932306	-0.0683572377	-0.0384034725	0.1188896642	-0.0112134655	0.1281295793	0.0565580121	0.0802579955	0.0501237086	0.1086906246	0.067465887	0.063988429	-0.0285300226	0.0451359273	-0.0308362756	-0.026621573	-0.0591938797	-0.0684926432	0.0452364481	-0.0185115569	0.0610313284	0.0446663303	-0.0251290803	0.101800137	-0.0501403185	-0.0533719094	0.0247148146	0.1263177146	-0.0424561602	-0.0934890703	-0.0034855344	0.0041506703	-0.113582077	0.0408673593	0.0156447724	-0.032300092	-0.0013674899	-0.1287677693	-0.1281908627	-0.0244005701	0.0175855087	-0.1356125916	0.0821273544	0.0131159276	-0.0108079505	-0.0439287588	0.0048967368	-0.0143959123	-0.0238037686	0.080721699	0.0443308243	-0.0469505131	0.0250045816	-0.030835858	-0.1092407961	0.094155856	-0.0659637984	-0.0281944545	-0.099453844	0.0238337033	0.0046983622	-0.1054221319	0.1292238422	0.069566863	-0.1195323587	-0.0182275468	-0.1194562373	0.0295277568	-0.0080474216	-0.0019584651	0.0114259215	0.0588757459	0.0571326791	0.0065034049	-0.0760111713	0.0316446754	0.0522669478	-0.1214646132	-0.0292013703	0.0450214828	0.0426674534	-0.0365505531	-0.0950899745	0.0459691697	0.0919722414	0.0457457754	0.0718824367	-0.1665024917	0.0096953936	0.0019788257	0.0064475397	0.0043549777	-0.0316025851	0.0194944099	-0.0460717954	0.0438449923	-0.0219351788	-0.0651171826	0.0429999642	0.15578496	-0.0598160616	-0.0179660749	-0.0935444031	0.0515785898	0.075011107	-0.0785316931	0.0419972820250507	-9.072862916070096e-05	0.0017637716974916	8.231684149379997e-09	0.1699433206852632	-0.0328954105325465	0.0288807322455342	0.0010821080341047	-0.1278224027827974	-0.0570937087127845	0.0163385666531676	0.0032596915745802	0.0014917340371725	-0.0001052312784793	1.1073621970408994e-08	2.2252704376589657e-06	-0.001551277211697	-0.0006520986400887	4.252326364055319e-07	2.406460987530419e-06	0.0002991573734534	-0.0007315598789766	5.351798565282578e-07	8.949513409153704e-08	0.0	0.0	0.0	0.0	0.0	0.0	0.0	0.0	0.0	0.0	0.0
305.2984905363304	-1.162949191133066	93207.16832376184	1.3524508211570525	554.1396721839905	2.297870222727397	307070.7762881804	5.280207560497257	299.5330294822534	-0.4786996875076852	89720.0357508165	0.2291533908199554	348.0059566835429	350.86898579769	1.237955	28.749256	0.1187115071943325	0.0630349618156665	-0.0202300731	0.0129094194	0.0224358944	0.0405125893	-0.0779721125	-0.0452202545	-0.0732858652	0.0262760443	-0.0407406556	-0.1438082019	-0.0991176087	0.0413003512	0.0509760525	-0.0024787056	-0.0029723311	-0.1368241017	0.0381866203	-0.1064948385	-0.0854544455	-0.0844202673	-0.0461061393	0.0111202998	-0.0448284753	0.0316175798	0.0950038805	0.0443786811	-0.0385774922	-0.1206805917	-0.0445911131	-0.0515857977	0.0298475205	-0.1365364356	0.00389155	-0.0553617342	-0.0209678478	-0.1364699526	-0.0433262321	-0.0186203296	-0.1015838385	-0.06627608	0.1622526582	-0.0023558516	-0.0078694927	0.1077216908	-0.0540393256	0.0181657574	-0.1035553902	-0.1117915238	-0.0108461172	-0.022108528	0.0158627873	-0.0830866908	0.0582327278	-0.098107778	-0.0379691628	-0.0775203319	0.0607558545	0.1660464464	-0.0652389704	-0.0369732763	-0.0604854612	0.018500867	-0.071185219	-0.0979656052	0.1589831469	-0.0013965067	-0.1319412842	0.0718195075	-0.1017704257	-0.0476618917	-0.0926216008	0.0343340827	-0.0887580577	0.0345228098	0.0474852265	-0.1144923575	0.0662815793	0.0352396757	-0.0134695515	-0.0276567609	0.0337893856	-0.1245753335	0.0367382528	0.1400212735	-0.0249585474	0.0327234643	0.1058218329	-0.0124813021	0.0488429614	-0.0196951081	-0.116067019	-0.1980291796	0.0507360946	-0.0036004207	-0.025902715	0.0111852065	0.0495768158	0.0789729997	0.0614333046	-0.1027305377	0.0867129008	-0.1351497577	0.066871622	0.0110965663	-0.0155348136	-0.0307638957	-0.0669995311	0.0575952094	-0.1543712491	-0.0285606791	0.1206830172	-0.1237166904	-0.0245371751	-0.02548041	-0.0834313259	-0.0800153528	-0.0885083691	0.0556556201	0.0819800441	0.0530623995	0.0022349769	0.0295705118	-0.0948853752	0.0111513343	-0.0516664935	-0.0472226464	-0.0029375529	-0.0639383872	-0.106046992	-0.0043468095	-0.0371855414	0.013098584	-0.0065091728	0.0260415985	-0.0316968323	-0.0195090322	-0.0923879533	0.0555570233	0.0707106781	-0.0831469612	0.0331926527875623	-0.0088046292374883	0.0011017521990756	7.752149600963554e-05	0.1976388642051745	0.0276955435199113	0.0390611206443114	0.0007670431308633	-0.0754371471664896	0.0523852556163078	0.0056907631726186	0.0027442150059859	0.0018211947979824	0.0003294607608098	1.0854439291343806e-07	3.3167504921981546e-06	-0.0012847288155677	0.0002665483961293	7.104804747910227e-08	1.650528129549985e-06	0.0002996697929267	5.124194732999921e-07	2.6257371661704137e-13	8.980198479273127e-08	0.0	0.0	0.0	0.0	0.0	0.0	0.0	0.0	0.0	0.0	0.0
306.34791677666925	1.049426240338846	93849.04611340509	1.1012954339117256	548.7132530212402	-5.426419162750221	301086.2340411516	29.446024929862816	300.374634467962	0.8416049857085568	90224.92103176175	0.7082989519695001	348.4139729330766	347.37752612820634	1.375522	31.944	0.3707743507793481	0.275631441325669	-0.0691068635	0.0548817736	-0.0731217325	0.1056648164	0.1097175758	-0.0395977893	0.0477766358	0.0814775097	0.0792637483	-0.0191847171	0.0321659084	-0.1117025939	0.0606349678	0.0427687622	-0.0804115889	0.0430712107	-0.1413482436	-0.036891749	-0.1236341124	0.0605834791	-0.097375963	-0.0067652143	-0.0787498001	-0.0079923057	0.086148214	-0.0235277979	-0.0337393475	-0.0126435947	0.0905777993	-0.0480711259	0.0669361427	-0.0768063162	0.1102253182	0.0327479287	0.1132978075	-0.0225696337	0.0424323578	0.0691541067	0.0450045031	-0.0410356957	-0.0936528042	-0.036403283	0.0046817664	0.0005166475	0.0152796117	0.0801133003	-0.0193731955	-0.0327392467	0.0534611108	0.0751073986	-0.1448626105	0.0312818033	-0.1354336422	0.0635648293	-0.019528622	0.0645417027	0.0670751364	-0.0642679236	0.1273588995	-0.0666168032	-0.0870507651	0.0279705001	-0.0702243886	0.0255267104	0.0936830117	-0.0680142306	-0.0045467735	-0.1595324565	-0.0106537486	0.0309965264	0.0581497208	0.0762549199	0.0362141471	0.1498848428	0.0995761377	-0.0222808128	-0.0448401798	-0.0007106021	0.0166805561	-0.0511713285	-0.1041336104	-0.0577579074	-0.0033620644	-0.0705639495	0.0540280018	-0.0305074655	0.1030518654	-0.0648278563	0.0737596845	0.0145355271	0.051003112	-0.0740705671	0.1078516423	-0.0999213395	-0.0283327991	0.0235993264	-0.0387524004	-0.12059774	-0.0059419798	-0.0196212152	-0.011820756	0.1587256463	0.0035826826	0.0308983197	0.0459828966	0.0369209723	0.0348733278	-0.0879100108	-0.0783972278	-0.0955490019	0.0651292626	0.0661007978	0.0160892806	-0.0520856354	-0.0827328735	-3.73627e-05	0.0006856362	-0.0790761133	-0.1256550678	-0.0461807826	0.1311032146	-0.0792956238	-0.0861610202	-0.0325472517	-0.031804792	0.0274528693	-0.0212589809	-0.05202833	0.1130638863	0.0110277716	-0.0659181246	-0.0691229696	0.0094612481	0.085466926	-0.0067261025	-0.021047176	-0.0911403277	0.0594121063	0.0661311865	-0.0872496007	0.0391409114271823	0.0059482586396199	0.0015320109473505	3.5381780843813896e-05	-0.0730067259126912	-0.2706455901178657	0.0053299820284908	0.0732490354502477	-0.0235140012802972	0.0519231458861924	0.0005529082562098	0.0026960130787188	0.0018829604921349	6.17656941525001e-05	3.815000974140186e-09	3.545540214940905e-06	-0.0010676836923864	0.0002170451231812	4.7108585496785656e-08	1.1399484669878568e-06	0.0008660060983063	0.0005663363053795	3.207368107910155e-07	7.499665623037009e-07	0.0	0.0	0.0	0.0	0.0	0.0	0.0	0.0	0.0	0.0	0.0
308.3040963152827	1.956179538613469	95051.41580478312	3.826638387290005	548.3750894864401	-0.3381635348001737	300715.2387692612	0.1143545762685482	301.5125711038037	1.1379366358416974	90909.83053362629	1.2948997871907195	349.70683839047115	353.72906573316175	1.27425	29.592134	0.3205177374370329	0.2086529631071046	-0.0449275818	0.0930276709	0.0116860884	-0.0673485324	0.0620492777	0.119986782	-0.0059465152	0.097836228	0.0931233646	0.0856603633	-0.0187578475	0.0038683184	-0.0172752924	-0.016914967	-0.0535197881	-0.0202085083	0.0678278127	0.0544817647	-0.0288852217	0.0451445311	0.0463063767	0.1553812056	-0.1074128353	0.0258600625	-0.0159965526	-0.0133916779	-0.0414228872	-0.0660663645	0.0913223582	0.1278979284	0.0242167756	0.0702022283	-0.0059639395	0.0375056563	0.0374896074	-0.0163007807	0.0682497606	-0.0932361801	-0.0788162944	-0.006800146	0.0094321055	-0.0243467212	-0.0507683963	-0.1090779229	-0.0858791157	-0.0542658833	0.0695799809	-0.0419430171	0.0965622117	0.0783015281	-0.1067723505	-0.052059452	-0.0468244576	-0.0329449757	0.0136174444	0.096997173	0.0662620377	-0.1007226838	-0.0400111322	-0.0454629041	-0.1926302347	-0.0323557919	-0.0420986996	-0.0148232042	0.0332193701	-0.0424596823	-0.0327386463	-0.0268029064	0.1493950324	-0.0288709724	0.0038768433	-0.0154580096	0.0674175196	0.0058389353	-0.1182664979	-0.1267805561	0.0405893338	-0.0635600814	0.0230320761	0.0548481451	-0.0073609397	0.0169494974	-0.0544407849	-0.1222517446	0.0145720598	-0.0618024203	0.002936858	0.0498649976	-0.0008314756	-0.0554466192	0.0372312749	0.0405702706	0.0392461237	-0.0600447263	0.0584393425	0.0974545761	-0.017415932	-0.0032868682	0.1387558435	-0.0975158115	0.0291008602	0.0049644454	-0.1423842795	0.1128046128	0.0516106176	-0.0351544442	-0.0037423442	0.017133354	-0.1490699188	0.0862228431	0.0529675516	-0.0542967593	0.0294948219	0.0417280697	0.1117813968	-0.0578719281	0.0159961881	-0.0236298575	-0.0034235024	-0.0094666595	0.0069979362	-0.1591361514	-0.0573318935	0.0885205969	-0.0278717481	0.0620848352	-0.0148555718	-0.0061907285	-0.0563544223	-0.0483082112	0.0527514421	0.00701462	0.0423303674	-0.0818398083	-0.0902685761	-0.0225801267	-0.0898027576	0.0631352795	0.0612907054	-0.0908143174	0.049074821188185	0.0099339097610027	0.0024083380746523	9.868256313974478e-05	0.118164514612701	0.1911712405253922	0.0139628525136552	0.0365464432040173	-0.1000668056631752	-0.076552804382878	0.0100133655956316	0.0058603318588831	0.0021428806802534	0.0002599201881184	6.755850419155632e-08	4.591937609803274e-06	-0.0013559065339292	-0.0002882228415427	8.307240638700597e-08	1.8384825287518963e-06	0.0005569534726124	-0.0003090526256939	9.551352544829387e-08	3.1019717065501134e-07	0.0	0.0	0.0	0.0	0.0	0.0	0.0	0.0	0.0	0.0	0.0
306.6729264992807	-1.631169816002	94048.28384763324	2.6607149686359985	554.1224323272705	5.74734284083047	307051.6700082905	33.031949730045255	301.2886962890625	-0.2238748147411797	90774.87851156294	0.0501199326753975	350.05355159709114	356.3907193672743	1.232089	28.613028	0.0715877789910631	0.0387391138727418	-0.0820692644	0.0588761709	-0.054453985	-0.0625478385	-0.1236584334	0.0700480835	0.0115186697	0.1105830449	0.0579829461	-0.107824409	0.06049305	-0.0011805636	0.0203280453	0.1060471972	-0.110581943	-0.0391418014	0.1023050662	0.1230831585	0.0380737925	-0.013622993	-0.0756852925	-0.1206216615	-0.0464074998	-0.0529029982	-0.0805804896	0.0781260072	-0.0684701689	0.0274912282	0.1074509127	0.0042590721	-0.0451521084	0.0981422886	-0.0070050529	-0.0401373149	0.1120734432	-0.0721579117	0.0117182022	-0.0567129191	0.0194855532	-0.1011435468	-0.0502732713	0.0170415366	0.0445709799	0.0362943649	0.0219040493	-0.0401771729	-0.0282721884	0.0094942592	0.0568472021	-0.1072565565	0.0889618836	0.0810453832	0.0968299074	-0.0866037725	-0.077106907	0.0610456755	0.101653733	-0.0582229688	0.0279924064	-0.0758973226	-0.0309988129	0.0414866682	0.0348363929	-0.0105068124	0.0878065026	-0.117341912	-0.0318680035	0.1543816574	0.0489771412	0.0124471241	-0.040233065	0.1026029366	0.0573231441	0.0456044113	0.0257659513	-0.0010557583	-0.0406159431	-0.0310525252	0.0715226087	0.0813027963	-0.0336324331	-0.0108721898	-0.0222736062	-0.0266128032	0.0857568769	0.1053277244	-0.0263836936	-0.0895607535	-0.0108769975	-0.0946235193	-0.0641591013	0.0638410434	-0.0376957051	-0.0364898764	0.0013987541	0.0788771346	-0.0673037793	0.0083336811	0.0275395571	-0.1251833937	-0.0120252752	-0.0097198026	0.0407695267	0.0189042712	-0.0248798608	-0.091617837	0.1847928119	-0.0058035588	0.0940769654	-0.0174356718	-0.0599684521	-0.0825881091	0.0244095076	0.0151619628	-0.0903558871	0.0190459092	-0.0109095377	-0.0972728445	0.041837203	-0.0501529188	-0.0107877401	-0.0338248863	-0.1519168088	-0.0623675279	-0.0989107131	0.0383503698	-0.0945533212	0.0754971078	-0.0125984212	-0.0316118764	0.0269163907	-0.0584642101	-0.0651491788	-0.0093811315	-0.0473711524	-0.0241075061	-0.088376563	0.0667182767	0.0562083378	-0.0938191336	0.0472314968970977	-0.0018433242910873	0.0022308142991405	3.3978444421124982e-06	0.1274436333224713	0.0092791187097703	0.0162418796744325	8.610204403000925e-05	-0.0682249713827047	0.0318418342804705	0.0046546467201708	0.0010139024103449	0.0021110146043301	-3.186607592329995e-05	1.0154467947495166e-09	4.456382659694968e-06	-0.0011480620406536	0.0002078444932755	4.319933338499087e-08	1.3180464491897084e-06	0.0008897129376082	0.0003327594649958	1.107288615442911e-07	7.915891113474129e-07	0.0	0.0	0.0	0.0	0.0	0.0	0.0	0.0	0.0	0.0	0.0
306.5386085552584	-0.1343179440223139	93965.91853499394	0.0180413100863814	554.7570461273193	0.6346138000487827	307755.38022790867	0.4027346752123563	300.7925684924034	-0.4961277966590955	90476.1692602572	0.2461427906178089	349.91333366171494	357.4747382452162	1.236753	28.721338	0.115622976021299	0.0631855472836871	-0.0612884094	-0.1019657496	0.0562357059	-0.0141655133	-0.0056433634	0.0474996513	0.0879734336	-0.0978124445	0.0658065303	-0.0446990765	0.0993652446	0.0814314306	0.0810600465	-0.0269251491	-0.074304333	-0.0126432433	0.052694728	0.0781058986	-0.0172943164	-0.0824315656	-0.0333373796	-0.0789363773	-0.0067446523	0.1019223677	-0.0326788965	-0.091012826	0.006032041	-0.0076600681	0.0188553042	0.1205350707	0.0842994922	0.1183566076	-0.0823621491	-0.0113093879	-0.001568258	0.0798064993	-0.0590668871	0.1364613394	0.105181948	0.0818600205	0.0516323832	0.0143086289	0.1595126133	0.0562987283	0.077944551	0.0355645317	-0.0660314684	0.089288214	-0.0269970208	0.0026123783	0.128948242	-0.0172630898	0.0737328665	0.0343387903	-0.0892979743	-0.0114011996	0.1119523689	0.0371143185	-0.0911128242	0.0450859706	0.049871837	-0.0043572221	0.0256794255	0.1801469365	0.0040517002	-0.0707342026	-0.0082379058	0.0722287057	0.0220555311	0.0078776576	0.0695730711	-0.1321530042	-0.0048882374	0.0401659063	0.0514580508	0.1098443011	-0.0514872432	-0.1383940156	0.0371541524	0.0736853665	0.0101072819	0.0466361204	-0.0308522029	-0.0317853017	0.0239809307	0.0465561879	0.1005931498	-0.0713097686	0.055485129	0.0010096008	-0.0844066848	0.1394899349	-0.1053767495	-0.0163504446	-0.0681951192	0.014918249	0.1703424392	0.0115297064	0.0037478258	-0.0634164314	-0.0454220463	-0.0826458614	0.080664175	0.0952864178	0.1361565393	-0.0855583955	-0.056628832	0.0572435497	0.0657955232	0.0003981761	-0.0135861483	-0.0316987416	0.0310941902	0.0158039614	0.0046313393	0.0140994273	-0.0315814247	0.0259631256	0.0470101762	-0.0673605794	0.0986979317	0.0296999142	0.0425349632	0.0003720699	0.0091761311	0.0235662469	0.0541445385	0.0024854919	0.0026537228	-0.0123619559	0.0915675613	-0.079055316	-0.0205291657	-0.0082305014	-0.0619470238	-0.0256289373	-0.0868631514	0.0701531426	0.0509041416	-0.0962455236	0.0566117769659655	0.0093802800688677	0.0032048932912442	8.798965417039846e-05	0.0745381431741805	-0.0529054901482907	0.0055559347878546	0.0027989908878308	-0.0945863471562802	-0.0263613757735755	0.0089465770683683	0.0006949221326756	0.0018828965747773	-0.0002281180295527	5.2037835407052095e-08	3.5452995113080885e-06	-0.0012168942038071	-6.883216315349983e-05	4.73786668439002e-09	1.4808315032593156e-06	0.0006471465297032	-0.000242566407905	5.883846224393488e-08	4.187986309068946e-07	0.0	0.0	0.0	0.0	0.0	0.0	0.0	0.0	0.0	0.0	0.0
306.2771252920946	-0.2614832631638251	93805.6774771894	0.0683734969148022	551.4869277954101	-3.2701183319092024	304137.83152921987	10.693673904688625	300.35671450959984	-0.4358539828035646	90214.15595100126	0.1899686943257299	349.0578656250092	351.0759221465896	1.103172	25.619154	0.0453315335302541	0.0237057186405208	-0.0550472418	0.0186455896	-0.0181096489	0.0344083915	0.0075600455	-7.25361e-05	-0.0287163772	0.1041039297	-0.0270295336	-0.0317725403	0.0178540989	0.0521008109	-0.0340535637	-0.0394071879	-0.0657289356	-0.0202937553	-0.0043642483	0.0205935355	-0.0477174705	0.0012926001	0.0001819135	-0.0079091503	0.0124844727	0.0475259858	0.0025855761	0.0497107585	0.0268226149	0.058940413	0.0173374202	-0.0056958216	-0.0485284477	-0.0014583395	0.0228851201	-0.0543140064	0.103993954	-0.0296392886	-0.0381885423	0.0768334155	0.0667834992	-0.0562754039	-0.093855656	0.001298882	-0.0273979466	0.0069717313	0.0945101945	0.0181110063	-0.0550595694	-0.0732150802	0.0637669041	0.0228431179	-0.0335227336	0.091286145	0.1056622781	0.0614917589	-0.0224986101	-0.086669219	-0.1562517993	-0.0466366507	-0.0285554599	-0.0306574599	-0.027393608	-0.078664042	0.0537474473	0.1573040887	-0.117257993	-0.0616570686	-0.0293212943	0.0048706231	0.0597987521	0.0383365916	-0.0663769767	-0.0400023038	-0.0260914297	0.0077104991	0.0703571571	-0.0323830806	0.0315965627	0.0303061638	-0.0025055671	0.0133887377	-0.047283281	0.0667594866	-0.1014295045	-0.0392993514	0.0180230113	-0.0067792946	-0.0122540619	-0.0169927316	-0.0126528588	0.0040807498	-0.0107380029	-0.0398284819	-0.0595047145	-0.0532524124	0.048027254	0.0891483161	0.0170340275	-0.003592837	-0.1646095221	0.0591481002	0.0164932636	0.1262198118	0.0284288011	-0.0891461064	0.0581825131	0.0866059787	0.0490797782	0.0075970618	0.0700419093	0.0025503741	0.0560907974	-0.0420956757	0.0308451764	-0.0093508432	-0.0133364288	0.0164657022	-0.0361775432	-0.0267640072	-0.0282804406	-0.0273659422	0.0714059709	-0.0698134588	0.0355843015	0.0566621073	-0.0382257347	-0.0006862743	-0.0490058193	0.0443900868	-0.047340477	-0.0578175105	-0.0333172609	-0.0318311759	-0.0286279752	0.1132380179	-0.0770125719	-0.027144045	-0.0852640164	0.0734322509	0.04539905	-0.098078528	0.0512460688534162	-0.0053657081125493	0.002626159572929	2.8790823549077373e-05	0.0850499119385546	0.010511768764374	0.0072334875207558	0.0001104972825556	-0.0758292227338444	0.0187571244224357	0.0057500710204189	0.0003518297165987	0.0018828820205308	-1.455424650004429e-08	2.1182609118405147e-16	3.545244703238148e-06	-0.0010678299944824	0.0001490642093246	2.2220138501597953e-08	1.1402608971162824e-06	0.0007120064107499	6.485988104670002e-05	4.206804169392076e-09	5.069531289489552e-07	0.0	0.0	0.0	0.0	0.0	0.0	0.0	0.0	0.0	0.0	0.0
306.782640033297	0.5055147412024326	94115.5882257995	0.2555451535729623	555.9457859039306	4.4588581085205305	309075.7168643391	19.88141563191928	300.3142999927935	-0.0424145168063319	90188.67878016156	0.0017989912359146	349.290790229746	358.40295696670205	1.159024	26.916216	0.0342747102740538	0.0193521898792885	-0.0852300586	-0.0852825016	-0.0368334813	-0.0384435162	-0.067024346	-0.0330316764	0.0524509399	-0.009727085	0.0639326406	-0.0209429255	0.0546600548	0.0413931391	0.0304047254	0.0280519828	-0.0610222651	-0.0310997387	0.0238199198	-0.0488410936	-0.0343395762	-0.0104332529	-0.0594005038	0.0022778986	0.053706771	0.0032174037	-0.0704484976	-0.0280368369	0.1389704181	0.0246877736	0.0748021769	0.0069375045	-0.0894240696	-0.0677434346	-0.1605964898	0.0050127298	-0.0355643547	-0.0755745716	0.0301024536	0.0082082919	0.0421994306	0.0080867458	-0.0241357714	-0.0516422842	0.1305025049	0.0337978058	0.0540107072	0.0800402951	0.0128795768	0.0222428836	0.0428237931	-0.0796875999	-0.040893541	-0.0025535487	-0.0799542105	-0.1111072338	0.0502105594	-0.0363845163	0.0578084069	-0.0897807347	-0.0775478043	-0.0680324035	-0.0520150367	0.1451354561	0.0442608835	-0.0336588549	-0.0773962374	-0.0611244348	-0.021374912	0.0397932771	-0.0877440226	-0.0503120954	0.0023578261	-0.0071972303	0.0767307677	0.0572296098	-0.0127981808	0.0274734586	-0.0008103466	-0.0320598769	0.0046488551	-0.0213782441	0.0050962329	-0.0378317892	-0.020964656	0.0828003494	-0.1340182571	0.0232814561	-0.004738037	-0.0381210594	0.0313876083	0.0047702662	0.1270162227	-0.0452657189	-0.0612600369	-0.0060618761	-0.1168690361	0.0889422777	0.1464486601	-0.1213030289	0.0602229599	-0.0933183614	-0.0648514692	0.0172987845	-0.0006588449	-0.0340261048	0.0309666256	0.0223348708	0.0132041959	-0.102973211	0.0378488912	0.007546216	0.0612891604	-0.0309252516	0.0608363188	-0.0093026646	0.02299631	-0.0079407141	0.0033003457	0.0202169479	0.0356371639	-0.0758348424	0.0149875977	0.0956096041	-0.0708651953	-0.0525500318	0.0460449	-0.0075831831	0.0526974665	0.0274341199	0.0168123059	0.0139323167	-0.0167031459	-0.0764216519	0.0010399773	-0.0282804594	-0.0809309295	-0.0286524553	-0.0835807361	0.0765483213	0.0397147891	-0.0993068457	0.0565531148747737	0.0053070460213575	0.0031982548020393	2.816473747280649e-05	0.0784068332221608	-0.0066430787163938	0.0061476314959277	4.4130494832204325e-05	-0.0761988656798919	-0.0003696429460474	0.0058062671309022	1.3663590756267034e-07	0.0019980568954722	0.0001151748749414	1.3265251817767164e-08	3.992231357544007e-06	-0.0010669665874067	8.634070757000071e-07	7.454717783688378e-13	1.1384176986422992e-06	0.0010350669805379	0.000323060569788	1.0436813175174728e-07	1.0713636541998457e-06	0.0	0.0	0.0	0.0	0.0	0.0	0.0	0.0	0.0	0.0	0.0
305.36013402086166	-1.422506012435349	93244.8114492386	2.023523355414717	550.2073055823644	-5.738480321566271	302728.0791162053	32.93015640100334	300.08187289595	-0.2324270968434802	90049.13044074111	0.0540223553470885	348.3249190374967	349.7826256559907	1.325727	30.787594	0.0969815447870231	0.0606116303589651	-0.0693353204	0.0443503335	0.0951683846	0.0760903183	0.0277321353	0.0371718951	0.0300917701	0.0063205747	-0.0950393354	-0.1427316859	-0.0117184718	-0.0156979989	-0.0677276598	-0.0188054575	-0.0932100761	-0.0747303221	-0.0330757526	0.0073543886	-0.0211698521	-0.0055987266	-0.0433688365	0.0144779445	0.0028187215	0.0740605691	0.0975505566	0.0724160116	-0.0730451175	-0.0500224407	-0.0324007282	0.0833747069	-0.0909756021	0.0106788209	0.003406832	0.1020918211	0.0605504969	0.0476794264	0.0047906269	0.0618704099	0.0366510637	-0.1422409637	0.0171392984	0.0654384705	0.0051420667	0.0314318626	0.0278068451	-0.0918276636	0.006878491	-0.0446183101	0.1238352654	-0.1895434654	0.0038992343	-0.0712520054	-0.0036992347	0.0338101906	-0.052737434	-0.0128538299	-0.0486095286	-0.0602624811	0.0174880924	0.1596969243	-0.0137116274	0.0864464297	0.0858465459	-0.061071844	-0.0397327207	-0.0814327125	-0.0909599293	-0.0225838973	0.013868722	0.0306115884	0.0460132363	0.021061557	-0.1009030944	-0.0188238428	0.1180834064	-0.0158879363	0.0044918604	0.0072002	-0.0297445835	0.0356814236	-0.0216280567	0.047453011	-0.0453783119	-0.000161765	-0.0200525766	-0.0363288521	-0.0220679227	0.1372400936	0.0577676646	-0.0899971011	0.0535495638	-0.0412464607	-0.0475382128	0.0295520049	0.0693424339	0.0733412315	-0.0433878914	0.0833933457	0.0423078726	-0.0710574709	-0.1402425603	0.0550989289	0.0179729308	-0.0763369	0.0594279837	-0.0877309075	0.1089265959	0.0165463432	0.0233854144	0.0112338773	-0.0029020188	-0.0612143106	0.0493106561	-0.0755254962	-0.0343660824	-0.0127039873	-0.0361507002	-0.0237805674	0.0854400784	0.0315286814	0.0461963834	-0.0715675446	0.0152562366	0.073714406	-0.0429154941	-0.0655956515	-0.0137394974	0.0732544909	0.0648267681	0.0278697014	-0.0505463356	-0.0069773861	-0.093873915	-0.0130358864	-0.0721311857	-0.030153796	-0.0818149717	0.0794944353	0.033873792	-0.0999229036	0.0510610653830383	-0.0054920494917354	0.0026072323980509	3.016260761967108e-05	0.1329500890321355	0.0545432558099747	0.0176757261736527	0.0029749667543523	-0.0526544506068589	0.0235444150730329	0.0027724911687101	0.0005543394811312	0.0020569413368778	5.888444140559994e-05	3.467377439649532e-09	4.231007663356632e-06	-0.0010676504808526	-6.838934458999659e-07	4.677102453449296e-13	1.139877549264788e-06	0.0008265988271438	-0.0002084681533941	4.345897097954605e-08	6.832656210355057e-07	0.0	0.0	0.0	0.0	0.0	0.0	0.0	0.0	0.0	0.0	0.0
305.3152067679378	-0.0449272529238555	93217.37548374862	0.002018458055284	552.4219580173492	2.214652434984828	305170.01969972195	4.904685407784227	300.0188537202878	-0.063019175662248	90011.31258763543	0.0039714165011492	348.84347491191824	350.93997852064723	1.165258	27.061001	0.0836986653283442	0.0473794735457087	-0.0792428665	-0.0007513083	-0.0613865602	0.0553058892	-0.0499853938	-0.0556621367	0.0044158291	0.069781507	0.0319180366	-0.0713785104	-0.1075526035	-0.0501834494	0.0394788791	-0.0281486121	-0.0769607095	-0.0398390036	-0.0513618156	-0.0396838318	-0.0346051125	-0.0321098546	-0.0089117021	-0.0423810178	-0.0654882564	-0.066186885	0.0195675237	-0.0291455029	0.076904971	-0.023730863	-0.0331207847	-0.0066982016	0.0421756404	-0.1070340133	0.0723809591	-0.1132928766	-0.1606767714	-0.0293900109	0.0875748012	0.0228592879	0.0670174545	0.0365305146	-0.0909219662	0.0670502858	0.0545935716	0.0081001492	0.0656244851	0.0597609181	0.0429581268	-0.1008261336	0.0496095509	-0.0369593378	0.0968897128	0.0402665292	-0.0422406653	-0.0734704668	-0.0088130443	-0.0610367815	-0.0839778999	-0.0406468692	0.0468499321	0.0198661945	-0.0479297596	-0.1732203044	0.1539435384	-0.0084256623	0.0028270405	-0.0779714161	-0.04777847	-0.0080687564	-0.0769601849	0.036985267	-0.1006773803	0.0580311181	0.019616855	0.0389446656	-0.0183229563	-0.0410229614	0.0064880922	-0.0279008595	0.0396394032	0.0157408847	0.0333842351	-0.0371501366	0.1037682827	0.0441038203	-0.1192074567	0.0338800434	0.0344953477	-0.0717684739	0.1040314902	-0.0312476706	-0.0790195959	0.0546851155	0.1090558002	0.0542897907	-0.0146843095	-0.0014383258	0.1354983032	-0.0542330647	-0.02782631	0.0062421465	-0.1371032161	0.0574079603	-0.1289064636	-0.1785053894	0.1199980917	0.013846067	-0.0362180558	0.0288459526	-0.0162750719	-0.0491703748	0.0096409778	-0.0394792568	0.0530644787	-0.0787958029	-0.0376357497	0.0446042774	-0.0725732107	-0.0166686966	-0.0090676712	-0.0496417303	-0.0027955876	0.0526392313	-0.0817490793	-0.0152913506	-0.0661696205	0.0478664255	-0.0098450881	0.0567635078	0.0104634008	0.0403210194	0.0064363068	-0.1496450596	0.0769220223	-0.0879854773	-0.0158862206	-0.0316476967	-0.0799684658	0.0822640518	0.0278991106	-0.0999229036	0.0420737434646412	-0.0089873219183971	0.0017701998891284	8.077195526490094e-05	0.0882134562910152	-0.0447366327411203	0.0077816138708068	0.0020013663090138	-0.0517045871931571	0.0009498634137018	0.0026733643368147	9.022405046892448e-07	0.0023230213533671	0.0002660800164893	7.07985751749462e-08	5.396428208199513e-06	-0.0009822739942351	8.537648661750006e-05	7.289144467148166e-09	9.648621997505771e-07	0.0010556392691395	0.0002290404419956	5.245952406958559e-08	1.1143742665493774e-06	0.0	0.0	0.0	0.0	0.0	0.0	0.0	0.0	0.0	0.0	0.0
304.8780013314279	-0.4372054365098847	92950.59569584616	0.1911485937137988	550.6027107477188	-1.8192472696304092	303163.3450827361	3.3096606280577	299.76779974530325	-0.2510539749845293	89860.73376414023	0.0630280983555326	348.2870086882959	352.35146410688225	1.063714	24.702808	0.0470196270472185	0.0261021001762816	-0.0622171041	0.0340152401	0.0707439146	0.0755982531	0.0546334503	0.0381325363	0.0851822824	-0.0776816492	0.0162241053	-0.1143519134	0.0362220314	-0.0521448598	-0.037464008	-0.0524054409	-0.062162724	-0.0635291318	-0.080618788	-0.0387182066	-0.0607363264	0.0073361028	0.0314846059	0.014482772	-0.0430492912	0.1351741324	-0.0251870799	0.052872297	0.0302344803	0.0592021169	-0.0160213066	-0.1125891889	-0.0064457434	0.0439770017	-0.0838848645	-0.0368594635	-0.1669276002	-0.1052202437	-0.0253083266	0.0105151205	0.0405985122	-0.1131356689	0.0545983335	-0.0464759476	0.0437590368	0.033080274	0.0831453255	-0.0147820721	0.073837081	0.0155957481	0.1199467267	0.1296794478	0.0316963823	0.1225599046	-0.0091672557	0.039524175	0.0009658048	-0.0419101206	-0.0390128905	-0.0332110072	0.0272678829	0.1000153392	-0.0041277368	0.1252280712	0.0365802257	-0.0185135924	-0.0639784376	-0.0513683414	-0.0720826522	-0.056184689	-0.032187147	0.0265496075	0.0812001088	-0.0043415804	-0.0883369579	0.061075767	0.0043705761	0.0333826716	0.0229924238	-0.0739160891	-0.0919250385	0.0019725501	0.049733976	0.0496412118	0.0005755084	0.1486240768	-0.1348833114	0.0403309432	-0.0476369694	-0.1191541893	0.0545433877	0.0017260205	0.1339860361	-0.0201288814	0.0306448429	0.0245303335	0.1033825557	0.043870419	0.0363179342	0.0205737263	0.0265000553	0.0025937732	-0.0994598338	-0.0571446938	0.0828287451	0.1446895025	0.0306483756	0.0736562459	0.0651676502	-0.0225844325	0.0461199703	-0.000449573	-0.0246009835	-0.0160484231	0.0489945451	-0.1068032967	-0.050467849	-0.0184775292	-0.0416391386	-0.0299227499	0.0594906182	0.0237939429	-0.0033869793	0.0099720352	0.028060571	0.0904077027	0.0123919986	-0.0615581946	0.1113135939	0.040487028	0.067055467	0.0346399586	-0.0033529936	-0.0375853029	0.0307063481	-0.0143948877	-0.0773089395	-0.0331337888	-0.0780430407	0.0848510215	0.0218143241	-0.0993068457	0.0421059525894094	3.220912476820104e-05	0.0017729112434615	1.0374277183335412e-09	0.0783980524283975	-0.0098154038626177	0.0061462546245657	9.634215298629046e-05	-0.0439968156761594	0.0077077715169976	0.0019357197896419	5.940974175824098e-05	0.0020988462268935	-0.0002241751264735	5.0254487329454505e-08	4.405155484145082e-06	-0.0009827762565184	-5.022622832999944e-07	2.5226740122572385e-13	9.658491703763198e-07	0.0006910318070397	-0.0003646074620997	1.3293860141885706e-07	4.775249583405532e-07	0.0	0.0	0.0	0.0	0.0	0.0	0.0	0.0	0.0	0.0	0.0
305.6961868344843	0.8181855030563838	93450.15864514394	0.6694275174116279	549.8863945325215	-0.7163162151972529	302375.0468919759	0.513108920154517	300.3857246228453	0.617924877542066	90231.58355719186	0.3818311542853773	348.7694551025178	345.04099729318415	1.149403	26.692783	0.132890984261472	0.1087719635215621	-0.0939182544	-0.028353592	0.024280648	0.128385637	0.003669569	-0.0658115243	0.0696223626	0.0047417449	0.092320519	0.0072222929	-0.1584260961	-0.0349480551	-0.0108242832	-0.047357395	-0.0929992276	0.0319989511	-0.0655545275	-0.0455053546	-0.0668807965	-0.0014905343	-0.0204201812	0.0767150599	0.0585542907	-0.1024255793	0.0716335098	-0.0128440922	0.0236224086	-0.0439620472	0.0424640937	0.1409699855	-0.0880559443	0.0304312084	0.0015507479	0.107992908	0.0189417642	-0.0006319752	0.0524751178	-0.0455606333	-0.0134446385	0.0267578215	0.0143407829	-0.0783769311	0.021332949	0.0525843772	-0.0920426167	-0.0324803177	0.0253674958	0.1342027468	-0.1060898179	-0.0398181502	-0.019237007	0.0277518184	0.0488585465	-0.0228838792	-0.091163212	-0.0826604555	-0.0200602249	0.085552386	-0.0172855906	-0.0702313032	0.0384589261	-0.1253797731	-0.0051994146	0.0103635196	-0.0622678586	-0.0858287033	-0.0055468081	-0.0832738065	-0.0778855735	0.01128828	0.0350687131	-0.0491594411	0.0615744271	0.0358943832	-0.0007696539	-0.0841929842	-0.012714592	0.0812952772	0.1002541281	0.0328595777	-0.0141337977	0.003316076	0.0639956692	-0.0645054491	-0.0457585199	-0.0936873619	0.0547910557	0.019732428	-0.0317213944	-0.0280332526	-0.0264938348	-0.0820068284	-0.0793025514	-0.0636406638	0.0636561422	-0.0689098889	0.0288713156	0.0306659068	0.1627037662	0.0574669556	0.1022739117	0.0070546188	0.0374727325	0.0061037649	0.0175182671	-0.0130445456	0.0086654994	0.000439088	0.07959871	0.0454706923	-0.068128076	0.0493297193	0.0608064453	-0.0790532886	-0.0455825998	0.0037915086	-0.0680246252	-0.0488407032	-0.0856788548	-0.0307416958	0.1134765207	-0.0284027112	0.072699201	-0.0492226123	-0.0254630949	0.0828575671	-0.0165761914	0.0279017279	0.0330322436	0.0068126944	-0.0872532241	0.0165775576	0.0136172233	-0.1082280225	0.0065197138	-0.0346117057	-0.0760405966	0.0872496007	0.0156434465	-0.098078528	0.0447246695238163	0.0026187169344068	0.0020002960640145	6.857678382549468e-06	-0.0294936037524138	-0.1078916561808113	0.0008698726623043	0.0116406094734383	-0.0352639847842155	0.0087328308919438	0.0012435486228613	7.626233538728965e-05	0.0019988845300982	-9.996169679530024e-05	9.992340826195542e-09	3.995539364665902e-06	-0.0009346860397523	4.809021676609995e-05	2.312668948610481e-09	8.736379929078381e-07	0.0008159354985645	0.0001249036915247	1.560093215652239e-08	6.657507378176991e-07	0.0	0.0	0.0	0.0	0.0	0.0	0.0	0.0	0.0	0.0	0.0
306.7677738620039	1.0715870275195698	94106.46708024955	1.1482987575482273	555.4455104748408	5.559115942319295	308519.71510665654	30.903770060148545	301.04374837781904	0.6580237549737262	90627.33843736762	0.4329952621097225	349.65220414406343	351.56869562135324	1.095771	25.447292	0.1727902085045846	0.0993187936604691	-0.083087142	-0.0269338943	0.096643317	0.0340830188	0.0603564919	0.0102243756	0.1123125112	-0.0383647865	-0.0527583828	0.0411047268	-0.0917398546	0.1065135042	-0.0608753667	-0.0375086903	-0.0813720234	0.0023694552	0.0351617072	0.0662758356	-0.066662838	0.0255387535	0.1086979103	0.0814997559	-0.1261608816	0.0809127441	-0.0312167914	-0.0388980596	0.112935681	0.2149391462	-0.0491510636	-0.0731564178	0.0186326712	0.0997894443	0.0549494179	0.0853938122	-0.0885871599	-0.0587896161	0.0245280223	0.0224527546	0.0687662955	-0.0220336252	0.03864585	-0.0465619844	0.0053210311	0.044054376	-0.0335989623	-0.0276332149	0.0329127844	0.0306487739	-0.122745196	0.1174376837	0.1181790716	-0.0106897252	-0.0250878074	0.0373614644	0.0685556455	0.0008751949	0.0534086474	0.0008451605	-0.0297656048	-0.1668182596	-0.0468048675	-0.002365668	0.054826813	0.0775736241	-0.0220612911	-0.0700469247	-0.0086232711	-0.0472972494	0.0911088395	-0.0323744015	0.0386959691	-0.1103811064	0.0322369089	-0.0472666268	0.0454440935	-0.0045624899	-0.0191930066	-0.0270341649	-0.0980618248	0.074301245	0.0617722784	0.1669992384	0.1467029893	0.071742386	-0.1246270951	0.0710156041	0.0274084985	-0.1385176724	-0.066877483	0.0960213011	0.0681481506	0.0119710463	-0.0170398141	-0.020112215	0.0858072332	-0.0632670563	-0.0045021142	-0.0549662359	0.0365719698	-0.1021672361	0.09910158	-0.0490662083	-0.0251422321	0.0090464382	-0.0096238288	0.038070254	-0.0055588117	-0.0429604671	0.0513338542	0.0188216898	0.0791958949	0.004423855	0.0583083703	-0.0087509189	0.0427168002	-0.0209761854	-0.0209306335	-0.0252355787	0.0192925512	0.0251890468	0.0646019592	0.0105002896	0.1132560553	0.1311269021	0.0926156254	-0.0212392012	0.0641753734	0.0731954819	0.0256000638	0.0343767317	0.0663759282	-0.0928486221	-0.0289202943	-0.0220024401	-0.0446756555	-0.0360810826	-0.0739631095	0.089454464	0.0094108313	-0.0962455236	0.0588938156364093	0.014169146112593	0.0034684815202153	0.00020076470156	0.0506074641232601	0.0801010678756739	0.002561115424987	0.0064161810748233	-0.0902092625254482	-0.0549452777412326	0.0081377110453852	0.0030189835460612	0.0020682969442739	6.941241417569985e-05	4.8180832416988966e-09	4.277852249692751e-06	-0.0010679375562097	-0.0001332515164574	1.7755966638196742e-08	1.140490623963146e-06	0.0005471050936959	-0.0002688304048686	7.226978658181538e-08	2.993239835479995e-07	0.0	0.0	0.0	0.0	0.0	0.0	0.0	0.0	0.0	0.0	0.0
306.2551509004539	-0.5126229615499938	93792.21745305978	0.2627823007082864	553.3638897101084	-2.0816207647324063	306211.594435101	4.333145008165128	301.0381451692361	-0.0056032085829542	90623.96484693406	3.139594642409236e-05	350.01086287687497	351.5074366271067	1.185964	27.541853	0.1553164793325576	0.1117797414984009	-0.0700133616	0.0544593071	0.0046845083	0.0251579773	-0.0819161868	0.0178795223	0.0189428897	0.0853451781	-0.0277771073	0.0504293804	-0.0256395335	-0.0137168953	-0.0268758047	-0.0590581449	-0.1045833459	0.0637891392	-0.0493259206	0.1339594722	-0.0662757279	-0.042763097	0.121163191	-0.1114360003	-0.0282819333	0.0183395459	-0.1663016071	0.086247861	-0.1353824719	0.0337751157	-0.0658768116	0.1043366747	0.0375347618	0.0588532367	0.047881255	0.0424582179	-0.1391394785	-0.0141121519	0.0704060975	-0.0920610751	-0.0604777653	0.1062969469	0.189371559	0.012072794	-0.0665490819	0.0103138969	0.020235789	0.2033377503	-0.0635902035	0.0270329357	-0.1474476482	0.016560661	-0.0618663996	0.0637918979	0.1586199315	-0.0109798082	0.0120830013	-0.1143369642	0.0447647956	-0.0992882434	-0.1136577792	0.0372382507	0.1196355404	0.0535660461	-0.0009138254	0.0048110352	0.0212737734	-0.1008191862	0.0651103357	0.049568683	0.0776673858	0.160791584	-0.10121824	-0.0537371325	-0.0259664176	0.0543027043	-0.0483230634	-0.076876503	0.0340542353	0.0628148504	0.0261171904	0.1474137982	0.109339607	0.1905027518	-0.0157383595	0.1306345048	0.0664192709	0.0458744134	0.034437561	-0.0830663508	-0.0282808842	-0.0576603727	0.0056851106	0.0650430667	0.0855533634	0.013618836	-0.1214780374	-0.0856048015	-0.0807210386	0.0068652147	-0.1212154588	0.0191830294	0.1836183857	-0.083693194	-0.0820091144	0.193682079	0.0946841956	-0.0737533599	-0.0045824312	-0.0046368364	0.0688535957	0.0817029079	-0.0243954518	0.0706818762	0.0377100004	0.0453941085	-0.1115979299	0.0288100963	-0.0675067068	-0.0549869467	-0.041924334	0.0109076824	0.0250078785	-0.0297450729	-0.0011301888	0.1081292788	-0.0230584178	0.0143985735	0.0161160851	0.0763086506	-0.1235556204	0.0102953793	0.0223774242	-0.0212279728	0.0556493535	0.0611455739	0.1043642745	-0.0375415571	-0.0718126298	0.091460716	0.0031410759	-0.0938191336	0.04192549393359	-0.0169683217028193	0.0017577470415754	0.0002879239414103	-0.0584816064840083	-0.1090890706072684	0.0034200982969504	0.0119004253259575	-0.0780283741038232	0.012180888421625	0.0060884271652861	0.00014837404274	0.0019909344470572	-7.736249721669976e-05	5.984955975603878e-09	3.963819972478959e-06	-0.0010676949390624	2.426171472999679e-07	5.886308016397432e-14	1.139972482899462e-06	0.0008110639513488	0.0002639588576529	6.967427853342393e-08	6.578247331775286e-07	0.0	0.0	0.0	0.0	0.0	0.0	0.0	0.0	0.0	0.0	0.0
306.5210711278359	0.2659202273820256	93955.16704535585	0.0707135673309082	552.882030359904	-0.481859350204445	305678.5394948898	0.23218843337945	301.125118571139	0.0869734019029238	90676.33703448252	0.0075643726385675	349.7987642937306	354.9351000031121	1.149491	26.694834	0.0496140652366729	0.0300440573609558	-0.0563834448	0.0308362788	-0.0613367263	0.0247308362	0.0236872872	0.0156232995	0.0504543661	0.0466141252	-0.0255949948	0.0154994808	0.074965248	-0.0808450934	0.0752643966	-0.0257109757	-0.0322560651	0.0886994494	0.0750816942	-0.0271462624	-0.0607023967	-0.0576821602	0.143125109	0.008452726	-0.1057371172	0.001685957	0.0214501226	0.0768167849	0.0873211079	0.01481112	-0.0608634815	0.0308346991	-0.0549037858	-0.1118527647	0.147936208	0.1130428893	-0.0549696855	0.0927436111	-0.0796634834	0.0298556624	0.0106007446	0.0512185188	-0.1124135233	-0.0585591333	0.0233144117	-0.0303963864	0.1329301102	-0.0719568534	-0.0033070922	0.0709814864	0.019835886	0.1028865967	0.0012007765	-0.047274373	-0.0568693317	0.0720745475	0.0802185363	0.0109816417	0.0115600062	0.0613776391	-0.10548009	-0.1225044458	-0.0902232589	0.010709412	-0.1252291452	0.0125434418	-0.0806346941	-0.0377687729	0.0804077122	-0.0177124248	0.0740706045	-0.0505204083	-0.0473889039	-0.0288839659	-0.0779972032	0.0340854088	-0.0206348852	0.0021602476	-0.0413011713	-0.1162340455	-0.0885615191	-0.0512076054	-0.1338333001	0.1084390833	0.0803255644	0.002044377	-0.0589573571	-0.0335252043	-0.0173098932	0.0791831485	0.0890040746	0.0390557647	0.005825957	-0.0150771429	0.1016760215	-0.1883765007	0.051004536	-0.1259135539	0.0378873273	0.0102913898	0.0308655398	0.1113267499	-0.0080092305	-0.0453521438	0.0678289567	-0.0750484878	0.0376107358	0.1008362783	-0.0671537169	-0.0617262773	-0.0498510477	-0.0398236263	-0.0167159726	0.0778891332	0.0418726878	0.0136749696	0.0774750814	-0.0194468231	-0.0962285268	-0.0248491163	-0.0771682219	-0.0114303636	-0.0517388493	0.0561944931	-0.0451853454	0.1095290817	0.1197201218	-0.0349635227	-0.0271680496	0.0334087832	0.0069142295	0.080500643	-0.0107603694	-0.1101263005	0.0018696695	0.0230125401	0.0454478923	-0.0389927688	-0.0695912797	0.0932639023	-0.0031410759	-0.0908143174	0.0419823085771042	5.681464351420251e-05	0.0017625142334631	3.227903717645913e-09	-0.0532512829789482	0.0052303235050601	0.002835699138904	2.7356283967584168e-05	-0.0824322215345318	-0.0044038474307085	0.0067950711471181	1.9393872192958704e-05	0.0019862041621524	-4.730284904799938e-06	2.237559528057816e-11	3.945006973751517e-06	-0.001350203866604	-0.0002825089275416	7.981129414070503e-08	1.8230504813923925e-06	0.0002998415706474	-0.0005112223807014	2.613483225300071e-07	8.990496748829977e-08	0.0	0.0	0.0	0.0	0.0	0.0	0.0	0.0	0.0	0.0	0.0
305.86862753711296	-0.6524435907229531	93555.61731143712	0.4256826390754603	548.0952598015467	-4.7867705583572615	300408.413816925	22.91317237835589	300.4544344056779	-0.6706841654611253	90272.8671540358	0.4498172498002861	348.58965898017817	346.87548977762674	1.284118	29.821302	0.1060707617290165	0.064675330210615	-0.0614889477	0.0233963738	0.1077177082	0.0723109329	-0.0451174669	0.0651201053	0.073847182	-0.0571728463	0.0377165657	-0.0750172787	-0.0774189609	-0.1290493427	0.0507990708	-0.0158470736	-0.0870996386	0.034677511	-0.0502158126	0.0316609111	0.0634973763	-0.107505504	-0.0231506139	0.0352382409	0.050644174	-0.026552185	-0.0285727338	0.1972227898	-0.143485735	0.057922923	-0.075982756	0.0753555701	-0.1435181081	-0.0727356837	-0.1023686462	0.1275786361	0.0926441191	-0.0103882066	0.0144170377	0.0652849642	-0.0743868899	0.0021714391	-0.0333655907	0.0070953031	0.0034401699	-0.0632939682	-0.0698118064	-0.0362913206	0.0997994662	0.0667019915	0.0500617677	-0.0507865241	0.1459285771	-0.0211258145	0.0012350475	-0.0294052468	0.0249665749	0.0310606897	0.023749003	-0.1194910554	0.090709173	0.085832801	0.2021194983	0.0481342091	-0.0270187935	0.0169688927	0.0439848348	-0.0898713631	0.0300891136	0.0120460895	-0.0413681771	0.0888317772	0.1039923184	0.0068082162	-0.0762512628	-0.0296114552	-0.0582782025	-0.068815212	-0.0370903929	0.0204091562	0.1195508189	0.0172288093	-0.1039002866	0.0996463234	-0.0364282048	0.0631744528	0.0756225353	0.0592211507	-0.2038902736	0.2046758714	-0.0771372473	-0.0812751916	-0.0650430535	-0.1478757853	-0.0146999865	0.0799113002	-0.0370748465	0.0051052953	0.0072138537	-0.0662034079	0.0674555312	0.0196878964	-0.0769893272	-0.026213762	-0.0271004304	0.0320164891	-0.0452018985	-0.0931712972	0.0713998744	0.0290785316	-0.0260488231	-0.010126094	-0.123469883	0.0339982871	0.0318985263	-0.0102865263	-0.1012408565	0.0090691729	-0.0825917291	-0.0868387148	0.0365843366	0.0205949089	-0.0628886799	-0.0792633056	0.1084669074	0.0225463353	0.0975622949	0.0547440145	-0.001145002	0.1539859994	-0.0121417169	0.0084585868	0.1130497885	0.0860074421	0.0657806312	-0.060245429	0.0943157788	-0.0404343596	-0.0673012514	0.0948600195	-0.0094108313	-0.0872496007	0.0466113253743003	0.0046290167971961	0.0021726156531488	2.1427796508723645e-05	0.0047716515545914	0.0580229345335396	2.276865855843452e-05	0.0033666609318834	-0.0780743663881509	0.0043578551463808	0.0060956066869112	1.8990901476838384e-05	0.0020898258372714	0.0001036216751189	1.0737451554467521e-08	4.367372030127107e-06	-0.0010168278720164	0.0003333759945876	1.111395537672716e-07	1.0339389213094002e-06	0.0006440630059788	0.0003442214353313	1.1848839654160917e-07	4.148171556704478e-07	0.0	0.0	0.0	0.0	0.0	0.0	0.0	0.0	0.0	0.0	0.0
305.70171516415473	-0.1669123729582224	93453.538654306	0.0278597402465447	552.7793593883514	4.6840995868046775	305565.02016579616	21.94078893910375	300.0735954126158	-0.3808389930620706	90044.16266385425	0.1450383386365318	348.8287655705081	351.4921706384892	1.357255	31.519783	0.1262069759352467	0.0826244451482788	-0.0749746584	-0.1239727154	-0.0524527297	0.0652120307	-0.0002391804	-0.1678385992	0.0496066157	0.0566369768	0.0021618419	-0.006339063	-0.0795990408	-0.0096014825	-0.0320497492	0.0302784939	-0.0702745578	0.0629032308	-0.1004243683	-0.1006136518	0.0199939661	-0.0329630261	-0.0275878323	0.0428491016	-0.0148491734	0.0123435537	-0.0347947064	0.0330933582	0.0679324045	0.0635712752	-0.1074028448	-0.0007313906	-0.0470153406	-0.0939270305	-0.00798512	-0.041085462	-0.0332794329	0.0681138934	0.0340872539	-0.0424798125	-0.0393330195	0.0521602662	0.0580078925	0.142754009	0.0049875154	0.1020408994	-0.0289830498	-0.029964284	0.0903943846	-0.0145289376	-0.1841674621	-0.0147698407	-0.0306676019	0.0063428553	-0.0627205717	-0.0372819462	-0.0561909796	0.0849115789	-0.0557589972	0.0247829312	-0.0275554425	0.0173229846	-0.0077399433	-0.0407216375	0.0353891237	0.1392999742	0.0102690777	-0.0697980112	0.0492265925	-0.1120013836	-0.1184255933	0.0094248981	-0.0813388104	0.0119821839	0.0647159496	-0.0668451698	0.0371860707	-0.0498200817	-0.0101193257	0.0088017418	-0.0565737678	-0.0752875019	-0.0165102531	0.068475487	0.0283620125	0.0880565168	-0.0749308944	-0.0205914333	-0.0281521908	0.0258602883	0.0224822832	0.015769376	-0.0906691892	-0.007865351	0.113774558	0.0520494811	-0.098879668	-0.0857341938	0.0726574258	0.0912020977	-0.0246691125	-0.0440180337	0.0291845135	0.1504024272	-0.0577465155	0.0472948125	-0.0673594701	0.0048225822	-0.0300841721	0.0908451942	-0.0151135013	0.0246425275	-0.1629205566	0.0998396125	0.0581263097	-0.0488965006	0.0414654166	-0.0159384824	-0.0609322028	-0.0254856208	-0.0012961352	-0.0034688631	0.0511160559	0.1653413593	0.022062941	0.0140282635	0.0084825695	-0.0274444989	-0.1327606348	0.0341883065	0.0018883968	0.0067668653	-0.0423117576	-0.0709658135	0.1494169838	-0.0414314612	0.2069880553	-0.0418659738	-0.0649448048	0.0962455236	-0.0156434465	-0.0831469612	0.0471340664803392	0.0005227411060389	0.002221620222973	2.7325826394277255e-07	-0.0735261394799664	-0.0782977910345578	0.0054060931868274	0.0061305440808912	-0.0567576253760009	0.02131674101215	0.0032214280383224	0.000454403447379	0.0021113063893732	2.148055210180041e-05	4.6141411859816204e-10	4.457614669808099e-06	-0.0007171095762066	0.0002997182958098	8.983105684313077e-08	5.142461442872094e-07	0.0008442582137172	0.0002001952077384	4.0078121201421165e-08	7.127719314289574e-07	0.0	0.0	0.0	0.0	0.0	0.0	0.0	0.0	0.0	0.0	0.0
306.4982484223248	0.7965332581700864	93941.17628595314	0.6344652313710535	546.7502929528554	-6.02906643549602	298935.8828440332	36.34964208362469	300.13453970101244	0.0609442883966266	90080.74192153862	0.0037142062881712	348.2330394374912	349.7584721434888	1.483064	34.441452	0.0959836985371643	0.0696053451173552	-0.030685557	0.1157554258	-0.0658313827	0.0782453514	0.1259011574	0.0218035534	0.0480085155	0.0669147363	0.0249058591	-0.0031732453	0.0609089747	-0.1249097214	-0.0730969164	-0.0427438285	-0.036918258	0.0101073117	-0.1508781764	-0.028404757	-0.0236602374	0.0561296605	0.1060472922	0.0525875875	-0.1714946385	-0.0264015043	0.0343234414	0.0001415249	0.0264208645	0.0449894756	-0.0263722015	0.0808029561	-0.1083617746	0.0040776949	-0.0607274262	-0.1078778106	0.0385215929	-0.0301447806	-0.0733673918	0.1076531071	-0.0400564075	0.0208071641	-0.05211376	-0.0648242716	-0.1261656107	0.1452574985	0.0463940818	-0.0092826316	-0.075954382	0.1791704361	0.0249652892	-0.0517567486	-0.0392370938	-0.094645238	-0.110311065	0.0317586857	0.030521171	0.0867777112	-0.1021035143	-0.0824136828	0.0246340955	0.0992764181	0.0249569517	0.1016396732	-0.0138770198	-0.0264870192	0.0462735654	-0.025698956	-0.0189366111	-0.1682714652	0.0231675024	0.045393792	0.0626046837	0.1169132781	0.0007357534	0.086413587	-0.0928897999	-0.0066669789	-0.0160327145	-0.052465733	-0.0963507611	-0.0391271936	-0.0859383209	0.1134959747	0.0504878187	-0.0366701832	-0.1075503459	0.0077012336	0.0409503344	0.0988933856	-0.1593564393	-0.0992288713	-0.0363371958	-0.0705272738	0.0225167025	-0.0266934158	0.0127742085	0.0752619866	0.0872669172	0.0733110448	-0.1784906894	0.0985970461	-0.0256347033	0.0703669011	0.0167460053	0.079577779	-0.0748531528	-0.0969452778	0.0006540219	-0.0017651011	0.023487828	0.0443292425	0.0108783355	0.0555722646	0.0565217692	-0.0618449736	-0.064654806	-0.0099008853	0.0223281715	-0.0825727124	-0.0746045734	0.0428151973	-0.0629487668	0.0048343474	-0.0005783441	0.1703679793	0.0211321033	-0.0208462001	0.0725910999	0.0474846923	0.0455421023	0.0291462141	0.0654505225	0.0559906769	0.0054253897	-0.0918009491	0.1208962814	-0.0432872582	-0.0625242656	0.0974173387	-0.0218143241	-0.0785316931	0.0529753406049309	0.0058412741245916	0.0028063867122084	3.412048339862451e-05	-0.0074104072045315	0.0661157322754349	5.4914134936972365e-05	0.0043712900543169	-0.0562400956877482	0.0005175296882527	0.003162948362967	2.678369782229374e-07	0.0023444033139284	0.0002330969245551	5.4334176237092455e-08	5.496226898358464e-06	-0.0008784227305409	-0.0001613131543343	2.6021933761281712e-08	7.716264935309306e-07	0.0009200313838054	7.577317008819993e-05	5.741573305215277e-09	8.464577471868792e-07	0.0	0.0	0.0	0.0	0.0	0.0	0.0	0.0	0.0	0.0	0.0
307.63999742829844	1.1417490059736224	94642.36801768348	1.3035907926417547	553.4007035891215	6.650410636266088	306252.3387329347	44.22796163096111	300.680319950189	0.5457802491765733	90408.65480534804	0.2978760803912424	349.3469208398979	351.4696983062964	1.499333	34.819275	0.0682591453755047	0.0339756355897174	-0.0517335972	-0.0488402298	-0.0397757468	-0.061342995	-0.028025774	0.0114629191	0.1000405378	-0.0126961123	0.1367788968	0.1496434312	-0.0809205043	0.0210748418	0.0032934926	-0.0206702264	-0.0587573495	0.0322702027	-0.0625756417	0.0313706774	0.0718767087	0.0509395627	-0.0261122615	0.1660272428	0.1362010308	-0.127311155	-0.1274792947	-0.1559585042	-0.0048144599	0.0968226949	0.0175375554	0.0173092043	-0.1693182266	0.2162390632	-0.0312715145	-0.0854324047	0.1093234815	0.1522574707	0.0674875038	0.0272532783	0.0912078813	-0.0107520095	0.07283214	-0.01154914	-0.0579902549	-0.0289746192	-0.1142785778	-0.1322026165	0.0740064354	-0.0253303164	-0.0467037671	-0.0002938498	-0.0546884636	0.0844423701	-0.0593594635	0.0474278039	-0.0035182273	-0.0028904413	-0.0238456707	0.107643169	0.0595426715	-0.057879558	-0.007535629	-0.0187972196	0.0200490398	-0.0347194466	-0.1352808588	-0.0590494438	0.0381710884	-0.0471961834	-0.0235840572	0.0271589626	0.1056578498	-0.051786126	0.1660098633	-0.0709154524	-0.1470295023	-0.0103916919	0.0031867313	0.0549839426	0.0921735258	-0.0928148357	0.011829246	0.1005540229	0.0597617236	-0.1942019183	0.0671917193	-0.0306308378	-0.1046164126	-0.0278684191	-0.0367911317	-0.0823912824	0.164019016	0.1589081299	-0.1024610193	0.1793436715	-0.0387129232	0.0264928019	-0.038982914	-0.0482399812	0.0391328684	0.0140679563	0.0226019146	0.1779333891	0.0797604846	-0.0287144077	-0.2233687529	0.0193450317	0.0393822465	0.0879716046	-0.0218201352	0.1022861837	0.0252455095	0.0381133668	0.0805110659	0.008658007	0.0975806855	0.0126807941	0.0120986553	-0.0912817928	-0.1109276336	-0.0193581281	0.0475591275	0.0251542217	0.0541517611	-0.1107991466	0.0328494907	0.1369806809	-0.1882461021	0.1615687653	0.0913838391	0.0576583142	0.1654135916	0.052053813	-0.0341445818	-0.0282258843	0.0567530657	-0.0446978621	-0.0600420225	0.0983728629	-0.0278991106	-0.0734322509	0.0488016262194435	-0.0041737143854874	0.0023815987216622	1.741989177162447e-05	-0.0095044233234204	-0.0020940161188888	9.033406271077768e-05	4.384903506166529e-06	-0.0781547241787166	-0.0219146284909684	0.0061081609114512	0.0004802509418971	0.0018830722071971	-0.0004613311067312	2.128263900379261e-07	3.5459609375181577e-06	-0.0011530725164843	-0.0002746497859433	7.543250491875542e-08	1.3295762282714365e-06	0.0009855862187339	6.555483492850004e-05	4.297436382502889e-09	9.71380194558187e-07	0.0	0.0	0.0	0.0	0.0	0.0	0.0	0.0	0.0	0.0	0.0
308.29929883182604	0.6593014035275928	95048.45766019558	0.4346783406934538	556.8462058067322	3.4455022176107377	310077.6969213536	11.871485531560513	300.7850810058067	0.1047610556177005	90471.66495566972	0.0109748787741349	349.3587696795391	358.6924231316546	1.301846	30.233004	0.2530717950583273	0.1540481582989013	-0.0389102132	0.0313312388	-0.0593546851	-0.1314732182	0.0393335606	0.0892252156	0.047985595	0.1086019501	-0.0520357287	0.0164107827	0.0129622059	0.1380712619	0.0421569825	0.0590870098	-0.0089574609	-0.0455113606	0.0903663588	-0.023705674	0.1170516464	0.1646183138	0.0699848237	-0.0484544281	0.0204485319	-0.0136316448	-0.0110729164	0.0657993561	-0.0789450657	0.115369538	-0.1219000895	0.0720954036	-0.0524152799	-0.0467653763	0.0560250934	-0.0541724459	-0.0838722272	0.1636155675	-0.050859576	0.0434747318	-0.0346201391	-0.0842063699	0.0441945675	-0.0770295278	0.0177728482	-0.0656385213	-0.1276716003	0.0712890707	-0.1346125221	0.0124166551	0.0406150712	0.0456447615	0.0185496099	-0.0597195776	-0.0165018679	-0.0753689158	0.0182813104	-0.1548794171	-0.0374046044	-0.0216722375	0.1104317335	0.0167695783	-0.1203102757	-0.0534735767	-0.1371523865	-0.0452402317	0.0551293936	-0.0109448155	-0.0503066658	-0.0157765386	0.0799610125	-0.136524935	-0.0394123709	0.0700529018	-0.0097351802	-0.1351327151	-0.0091914494	0.1640856723	-0.0189008276	0.1355025272	-0.0428490363	0.0063194162	-0.0002243086	0.1492828927	0.0254659578	0.0026876723	-0.0393564261	0.0028979455	0.0307993278	0.0803144793	0.0136812332	-0.0907552434	-0.0616546419	0.0880461132	0.0280391515	0.0005864035	-0.1705912059	0.0774939882	-0.1313536434	-0.0333350987	0.1053656345	0.1511357104	0.0637473202	-0.0788754529	0.0564630683	-0.0575960323	0.0194555663	-0.0473639183	-0.0998536002	0.0436415389	0.0597480791	-0.0453715021	0.0849030364	-0.0708224101	0.1088162967	0.0202849615	-0.0101120509	-0.0467797267	0.1807448862	0.0034279745	-0.0316069584	0.1156024184	-0.0331548799	0.0391401929	0.018968762	0.0185846025	-0.0231544372	-0.0393635021	-0.0501104682	-0.0820690365	0.0579632884	0.1134219082	0.1672763019	-0.0401749696	-0.0366610929	-0.1418434946	-0.0048517671	-0.0460974375	-0.0575005252	0.0991099747	-0.033873792	-0.0678800746	0.0657086377937048	0.0169070115742612	0.0043176250807042	0.0002858470403722	0.1357392419756848	0.1452436652991052	0.0184251418121335	0.0210957223095185	-0.1065983921129074	-0.0284436679341908	0.0113632172010571	0.0008090422455505	0.0016022016698254	-0.0002808705373717	7.888825876346753e-08	2.5670501907913e-06	-0.0014481741253162	-0.0002951016088318	8.708495953517566e-08	2.097208297235341e-06	0.0016591630775457	0.0006735768588118	4.537057847267717e-07	2.752822117890919e-06	0.0	0.0	0.0	0.0	0.0	0.0	0.0	0.0	0.0	0.0	0.0
308.25493107552114	-0.0443677563048936	95021.1025323743	0.0019684977995304	553.0605142593383	-3.785691547393867	305875.9324328038	14.331460492009372	300.9187431559755	0.1336621501687886	90552.08998257195	0.0178655703877438	349.52050812064306	356.09158264269934	1.294012	30.051058	0.2695816628361234	0.1786971283347551	-0.034572641	0.1060794324	0.018209896	-0.1287752609	-0.0204984361	0.1423295449	0.0630557764	-0.0046816252	-0.0135306144	0.0853825199	0.0096475009	-0.0201941802	0.0619233716	-0.0260468685	-0.0589097032	0.0679885056	-0.0453590345	0.093074702	0.0169001252	0.1576156042	0.1194504459	0.0678378704	0.117258537	-0.0775172094	-0.0583259401	-0.0403643971	-0.0527817669	-0.0476167769	-0.136042563	0.0328878048	0.1337241737	0.0335291556	-0.0712611275	0.0542376742	-0.0157467843	-0.0960835613	-0.0136157769	-0.0288886449	0.078562955	-0.0142479867	-0.0978707923	0.0216796752	0.0838063436	-0.0131118925	0.1385614811	0.0741353703	0.0432339165	-0.0307446896	0.0202356921	-0.0942451304	-0.1847700576	0.0175780226	-0.0533931508	0.1833984605	0.0188351179	-0.070869723	0.097127198	0.026388204	-0.0848019743	0.0432500083	0.117523871	0.0182933606	-0.0344048008	-0.0401215689	0.0019504556	-0.0589385171	0.073068678	-0.0048408335	0.1222818306	0.0935392387	0.0827965284	-0.0409861889	-0.0345133582	0.0055230849	-0.1534326362	0.0567385277	0.1044897059	0.1280022268	-0.0229838836	-0.1346088967	0.0550662774	0.0367389223	-0.0479565622	0.0055436233	0.0548813382	-0.0435085966	0.0160089825	-0.2114092989	0.072472427	-0.0389287896	-0.0438252221	0.0478895231	-0.0588952074	-0.0723781949	0.0866241646	-0.1274330493	0.0626058258	-0.1569598573	-0.0953380448	0.1131067835	0.0404398584	0.0065450451	-0.0531549531	-0.0267661508	0.1025802475	-0.0021939465	0.1567715613	-0.027190216	-0.0443204245	-0.0799298983	0.0408870783	0.0414519388	0.0692270563	0.1394854839	0.0430280125	0.0501868957	0.0854152926	-0.073002677	-0.036646722	0.0226700524	-0.0623967673	-0.0898429656	0.0401828545	-0.0766718268	0.018247074	0.0808832299	0.0425111327	0.0302699313	0.0606700238	0.0267137296	0.1249709922	0.091450364	0.0496214945	0.1156788171	-0.0300144323	-0.047485639	-0.0549022818	0.0996270376	-0.0397147891	-0.0619093949	0.0654215734791137	-0.000287064314591	0.004279982276483	8.240592071165391e-08	-0.031020674282729	-0.1667599162584138	0.0009622822329551	0.0278088696705131	-0.152280973282771	-0.0456825811698635	0.023189494823948	0.0020868982223411	0.0014910444468209	-0.0001111572230045	1.235592822607215e-08	2.223213542395443e-06	-0.0010071999374439	0.0004409741878723	1.944582343696345e-07	1.014451713986996e-06	0.0010742524665574	-0.0005849106109883	3.421204228467064e-07	1.154018361904658e-06	0.0	0.0	0.0	0.0	0.0	0.0	0.0	0.0	0.0	0.0	0.0
307.7091919878622	-0.5457390876589443	94684.94683382304	0.2978311517988169	553.464076868693	0.403562609354708	306322.48438411456	0.1628627796691806	300.377934903362	-0.5408082526134876	90226.9037768084	0.2924735660948538	348.9374812375099	357.4037410091153	1.277447	29.666386	0.3337335610116407	0.2826159458896135	-1.64087e-05	-0.0397520972	0.0224749677	-0.1446767051	-0.098595887	0.0357832468	-0.0415523373	0.0238156958	0.0520983868	-0.0106046435	-0.1078968277	0.1606773427	0.0581862813	-0.0923292032	0.0040334349	-0.1015656974	0.0778442144	0.0262945554	0.1340453789	0.0039856098	0.0592866176	0.0094966761	0.1352823913	-0.0034527196	-0.1366136185	-0.0724114814	-0.0733918818	-0.0036557886	-0.113921899	0.0328344014	0.0227660854	-0.0892937206	0.0482332	-0.0552709176	0.002893745	-0.0358304365	0.0359193529	-0.0965992436	0.017252752	-0.0490776171	-0.0081081611	0.0207261689	0.0263004589	0.1045360185	0.0488360346	0.0590772704	-0.0043593552	0.0169730048	0.0968077475	-0.148177152	0.0626142791	-0.1100894357	-0.038062773	-0.0099055858	-0.0638184347	0.0726920053	-0.0182924941	-0.011239661	-0.0185321644	-0.0804838003	-0.0335437416	-0.015478414	-0.1356138336	-0.0926753819	-0.0160695988	0.0004818975	-0.0821556314	0.1082784393	-0.0339014612	-0.0252644479	-0.0339162381	-0.0430236701	0.093775362	-0.1607745588	-0.124929098	0.0190328394	0.0726755887	0.1131973631	-0.001815325	-0.0767240793	-0.0012139639	0.0418581952	-0.0016506862	-0.0068489141	0.0758303912	0.1083979145	0.0663367664	0.0400514191	0.1598471585	-0.0181103954	-0.1104440547	-0.0460819557	0.0249991003	-0.0089659663	-0.0125781628	0.0035912912	0.0248404971	0.1122972547	0.0624382925	-0.0024604627	0.011939777	-0.0042722302	-0.0020663969	-0.0099116032	-0.0022507612	-0.0295314186	0.0712854156	0.0237868488	0.0065033588	-0.0330821283	-0.0352110783	-0.1427351667	0.0746377269	0.1182949093	0.1002195228	0.0286329389	0.0194563728	0.0695344919	0.0139962184	0.1644705706	0.0350481659	0.0964313737	0.0561707164	-0.0116475937	0.0189612711	0.0550811129	-0.1017926841	0.0697318531	-0.0110613246	0.0650312128	0.0300563087	0.1935418162	-0.0153825579	-0.0823956744	0.1214450999	-0.0488621241	-0.0522498565	0.0999229036	-0.04539905	-0.0555570233	0.0750412587989899	0.0096196853198761	0.0056311905221369	9.253834565344162e-05	0.2514789395454926	0.2824996138282216	0.0632416570349255	0.0798060318130943	-0.173860471756754	-0.021579498473983	0.030227463639481	0.0004656747543886	0.0013320274957707	-0.0001590169510501	2.5286390721301657e-08	1.7742972494891623e-06	-0.001119372519494	-0.0001121725820501	1.258268816378646e-08	1.2529948373983455e-06	0.0009447467318665	-0.0001295057346909	1.677173531782979e-08	8.925463873724325e-07	0.0	0.0	0.0	0.0	0.0	0.0	0.0	0.0	0.0	0.0	0.0
306.62626000823496	-1.082931979627233	94019.66332663772	1.1727416724993578	553.5828908920288	0.1188140233357444	306454.01708837587	0.0141167721412268	300.11004136525526	-0.2678935381067617	90066.03692825523	0.071766947759359	348.53472499994825	356.4826440447526	1.326332	30.801634	0.3728024858368793	0.3185848810862477	0.0057200659	-0.0200499686	-0.1062668921	-0.0658053419	-0.0549620976	-0.0339872335	-0.0296366555	0.0943442292	-0.100466425	-0.0450307366	0.1132178114	-0.0028784098	0.0252088443	0.0446103642	0.0246160859	0.0787095302	-0.0264638319	-0.0303492946	-0.0147070483	0.0374868454	0.0272510178	-0.0149735754	0.1261913424	-0.2218179209	-0.0647595964	0.0518096134	-0.0422159308	0.1249029181	0.0471973418	-0.0597078052	-0.0299978626	0.1094313934	0.1150257521	-0.0359278172	0.0359755064	0.0359006022	-0.180016917	0.0693006499	-0.005960175	-0.0918533713	-0.0315626849	0.0923820052	-0.0402912608	0.0413334003	0.055471224	0.0345610042	0.0528709301	0.0899215085	0.0003111894	0.0957950968	-0.0804902479	-0.0361050615	0.0567126912	-0.0467987424	-0.1148001273	-0.0584235902	-0.00905987	0.0804862129	-0.0550597154	0.0978358973	-0.0956914969	-0.1025376055	0.0368080635	-0.1540879695	0.1189016149	0.0154816958	0.0572473452	0.0079767933	-0.047037993	0.0004851403	-0.0622938146	0.0676526437	-0.0408066706	0.0912772217	0.0486310359	0.0677169359	-0.1298717182	0.2494985298	-0.0709649246	-0.1593816308	-0.0870656816	0.0406120135	-0.0096651813	0.0882795055	0.0433253508	0.0576803521	0.051846523	0.0441282872	-0.0772503042	-0.1080548436	-0.044832876	0.1265888423	-0.0867045018	-0.0276500678	0.0191247078	0.0457721103	0.0256612815	0.0271623051	-0.0069303982	-0.0528709456	-0.0747944559	0.0623358063	-0.1044541218	0.0840850585	-0.035333286	0.1535920148	-0.0217554058	0.0349445835	-0.0843709622	0.0682399135	0.0353216265	0.0449446177	0.0321784507	0.1615522862	-0.1740365082	0.0587467348	0.0098796384	0.0022804363	-0.0933879737	0.0316386758	0.0048304017	0.1187234594	0.0515258015	0.0116152877	-0.0203971456	-0.0966456437	-0.0887848251	-0.0061017986	-0.1039715556	0.0160925589	-0.1281292678	-0.0038282942	0.0533690122	0.0399344527	0.0571180881	-0.0502265533	-0.0495458668	0.0999969158	-0.0509041416	-0.0488621241	0.0594734776343841	-0.0155677811646058	0.0035370945419275	0.000242355810389	-0.0651945948327181	-0.3166735343782107	0.0042503351954022	0.1002821273755878	-0.1454116810034662	0.0284487907532878	0.0211445569722538	0.0008093336953243	0.0013109266818838	-2.110081388689996e-05	4.4524434668959005e-10	1.71852876527487e-06	-0.0008988824852669	0.0002204900342271	4.86158551934678e-08	8.079897223195986e-07	0.000944089989165	-6.567427015000474e-07	4.3131097597358034e-13	8.913059076415697e-07	0.0	0.0	0.0	0.0	0.0	0.0	0.0	0.0	0.0	0.0	0.0
307.9473444426031	1.3210844343681174	94831.56694925122	1.7452640827297288	550.9046315511067	-2.678259340922068	303495.9130644606	7.17307309723631	301.0782826123449	0.9682412470896224	90648.13226079902	0.9374911125656672	349.92568444742045	354.3815262115259	1.447493	33.615391	0.1474848174725563	0.0727607070133913	0.0073710227	0.0434945048	-0.13639942	-0.0485943195	0.0927093264	-0.0645163975	0.0444681673	0.0495788021	-0.0210572797	0.1300356148	0.1234523869	-0.0424241857	0.1017780785	-0.0265536584	0.0264914002	0.1171216108	-0.0435204718	-0.0252793131	-0.0281384392	0.18583752	0.097570392	0.049041035	-0.0582346688	0.0262814433	-0.1260394073	0.026241994	0.0215352832	-0.0390297341	-0.0624579756	-0.0322891505	-0.0068446458	-0.0309468308	-0.0504596578	-0.1204331536	0.0416566371	-0.0104113534	0.0217242996	0.0144923674	-0.0064918547	0.0165571192	0.0797380751	-0.0304301538	0.0367079423	-0.0552117098	-0.0551226644	-0.0455206572	0.0490627565	-0.023686281	0.0565541003	0.034480081	0.0998852299	-0.0475604828	0.0022346548	-0.0658896901	0.031269464	0.1428711361	0.1819559449	-0.0936379943	-0.0556753167	-0.0812413119	0.1373428608	-0.0051130495	-0.0071868046	-0.082056322	0.0113379207	0.0269113596	0.1079895127	-0.1414993382	0.0665823795	-0.0336190948	-0.0266223937	0.0300441884	0.0682188926	0.04859199	-0.0697918046	0.121785779	0.1436906991	0.0114214656	-0.0569234	-0.0736497602	-0.0835367469	0.0342678678	0.0335760858	0.0253373912	0.0079272352	0.0554384514	-0.0299159835	0.0503168228	-0.0158606109	0.0263923953	0.0323645912	0.0083416655	0.0517875383	0.0866805828	0.0221111438	-0.0361594045	0.08073994	-0.0277989703	-0.0089716632	-0.0296053207	0.008710648	-0.0906233067	0.0164771574	0.0870039002	-0.1819397294	-0.1060217588	-0.0194616608	-0.1305881059	-0.0657241285	0.0267577774	0.0369321634	0.1268644924	0.0903603598	0.0104627024	0.1713121354	-0.0592562133	0.099570257	-0.0348273692	-0.1161911105	0.0898345702	-0.0340067636	0.0855041419	-0.0016599992	0.0855642865	1.17094e-05	0.0029521906	0.0677264853	-0.1119108318	-0.0485167376	0.099477743	-0.0360489011	0.0572510439	0.1799201088	0.1388164639	0.0490371972	-0.0515785898	-0.0467929814	0.0998489097	-0.0562083378	-0.0418659738	0.0620710484735269	0.0025975708391428	0.0038528150586029	6.747374264365052e-06	-0.1171540776926889	-0.0519594828599708	0.0137250779200245	0.0026997878590755	-0.1025800308487134	0.0428316501547527	0.0105226627289229	0.0018345502549791	0.0020205648874753	0.0007096382055915	5.035863828351241e-07	4.082682464498072e-06	-0.000944297822385	-4.541533711810008e-05	2.0625528455506784e-09	8.916983773610531e-07	0.0011909587188292	0.0002468687296641	6.094416968601586e-08	1.4183826699552892e-06	0.0	0.0	0.0	0.0	0.0	0.0	0.0	0.0	0.0	0.0	0.0
309.03248080773574	1.085136365132655	95501.07419418356	1.177520930933311	551.9995342254639	1.094902674357172	304703.4857851291	1.1988118663144878	301.5538237574333	0.4755411450884139	90934.70862272914	0.2261393806719999	350.2140609277094	359.3161053580346	1.211272	28.12958	0.2538061208390909	0.1838961411875608	0.0327707992	0.0282264051	-0.1445685267	-0.1583030111	0.0355108479	0.0289827243	-0.0148798027	0.0800314901	0.0770634296	0.1269442058	0.1232086075	0.0735696799	0.0357885696	-0.0436606179	0.0375456968	0.0416903636	0.0652102337	0.1259979127	0.0254124598	0.1853812327	0.0593487691	0.0082388461	-0.0003135685	0.0474359	-0.1340865401	0.0060134784	0.0197108246	-0.0919906412	0.0609929773	0.0409521397	0.0367316702	-0.0976849765	0.1159356612	-0.0310128004	-0.0073781162	0.0330725678	0.0260322705	-0.0578465388	0.1002201045	-0.0235791514	-0.0794753305	-0.0386750048	-0.0306011384	0.0987011328	-0.1224872607	0.0058204077	0.0119296947	-0.0369719709	0.070506705	0.1050347008	0.1467451121	-0.0772572525	-0.0678697497	-0.1093158086	0.0881772445	-0.0441668271	-0.1103888221	0.0284106269	-0.0375346477	-0.0459246978	-0.0507343876	-0.0666960283	0.0240056895	0.0589900933	-0.031974595	0.0349592289	0.0384125151	0.0089020212	0.1537709196	-0.0135737246	-0.0564829725	0.01446639	0.1493019885	0.0075127493	-0.0904563494	0.1486018218	0.0379763289	0.0444358711	-0.026010779	0.0684920368	0.0098702002	-0.0097110641	-0.0311478078	0.0641907291	0.0478237057	0.0146707668	0.0804754248	0.0144381847	0.0569800221	-0.0609402984	0.0112592139	-0.1279799937	-0.0164069325	0.1023988508	0.1300423288	-0.0806433657	0.0266316543	-0.118766118	0.0855078415	0.086787532	-0.0356463858	-0.0429874474	-0.0048822821	-0.1281241728	0.0285414602	0.1215577952	-0.1956434251	0.0589705108	0.0034169034	0.0114335865	0.0369301518	-0.0042051009	0.0677311874	0.0596976222	0.0106665906	-0.0225577151	0.1493875898	-0.1529115397	-0.0598476699	0.0759762832	-0.1195026988	0.1083959216	0.0549394298	0.1864084548	-0.0325946093	0.0329999791	0.1164744911	-0.0049904712	-0.0367242214	-0.1273601042	0.0373359088	0.1576993852	-0.036068191	0.0732217884	0.0336532612	-0.0529179001	-0.043993917	0.0994792142	-0.0612907054	-0.0346117057	0.0748179593806241	0.0127469109070972	0.0055977270458807	0.0001624837376734	0.063978615088871	0.1811326927815599	0.0040932631886899	0.0328090523942989	-0.1198719967002972	-0.0172919658515838	0.014369295592916	0.0002990120830123	0.0019022018957796	-0.0001183629916957	1.4009797803156362e-08	3.618372052307505e-06	-0.0003980469355056	0.0005462508868794	2.983900314165311e-07	1.584413628653993e-07	0.0010028815714273	-0.0001880771474018	3.537301337483601e-08	1.0057714463084906e-06	0.0	0.0	0.0	0.0	0.0	0.0	0.0	0.0	0.0	0.0	0.0
308.51236937312416	-0.5201114346115787	95179.882056219	0.2705159044137145	555.0380499680837	3.0385157426197797	308067.23691237293	9.232577918148229	301.83488442223944	0.281060664806148	91104.29745418664	0.0789950973012738	350.7568457486237	363.3967878657279	1.313143	30.49534	0.1734991312030779	0.1155356967234958	0.0550185204	-0.058327788	-0.0205834815	-0.222362354	-0.0838452328	0.0977569973	0.0203482925	-0.0357338025	0.0128620697	0.0911213312	0.1418708742	0.1115865129	0.0664410219	0.0827262388	0.0463147973	0.0660252706	0.1380305051	0.2253135469	0.073082124	-0.0172612966	0.0695392052	-0.0385686835	0.1335194921	0.0392085238	0.0051439599	-0.0265919715	0.0628933807	-0.0390214229	0.1238659874	0.0558112902	0.0950964688	-0.0686584444	-0.0422510996	0.0776966762	-0.0164252892	-0.0585007455	-0.0423109109	0.017001744	-0.158386645	0.0980121862	-0.0652567182	0.066790963	0.0360719262	-0.0605790332	-0.1003716621	-0.0584950774	0.0155528366	-0.0508857271	0.1241092638	0.0518663	-0.0561034084	0.0074625624	-0.1028233228	0.0916098621	0.0636603932	0.0016040288	-0.1029853648	0.0033338658	0.0945740357	0.142407824	-0.0161360358	0.0759175033	0.0896478532	0.0188605123	-0.035397173	0.0304745741	0.0879946327	0.1862829057	0.1073046402	0.0252773735	0.0655818437	-0.0880062885	0.1202109485	-0.0040319834	-0.0668621239	0.1498670176	-0.0873462754	0.0494693342	-0.0343405011	0.0627626005	-0.0216727816	-0.0903055531	-0.0621869991	-0.0589138212	0.0103497471	-0.0337595255	-0.0087223608	0.1298650149	-0.04761535	0.1558182707	-0.0571364817	-0.0340441244	-0.0252921392	0.0481951832	0.0789992137	-0.0168498733	0.0248110172	-0.0674387242	0.0323916276	-0.0477366604	-0.1706922009	-0.0821159709	0.088095529	0.0229426997	0.0060826387	0.0985889849	0.0102884613	-0.0444097926	-0.0387883771	0.0937839107	-0.0580382063	-0.030201787	0.0502961946	0.2615296281	0.0860335358	0.183392588	0.0588456169	-0.0202334697	-0.008461784	-0.0192794144	-0.0549015118	0.1114483711	0.031109784	-0.058504976	0.0215107049	0.026540324	0.0670446186	0.0914978365	-0.0185515536	-0.1496588061	-0.0816668932	0.0179528278	-0.0277483648	-0.0218905244	0.0511541173	-0.0542441537	-0.0411514359	0.0988886499	-0.0661311865	-0.027144045	0.0885407212414861	0.0137227618608619	0.0078394593179625	0.0001883141930899	0.0506573608665945	-0.0133212542222764	0.0025661682099683	0.0001774558140545	-0.2305449393694516	-0.1106729426691544	0.0531509690688641	0.0122485002390499	0.0021109016639329	0.0002086997681533	4.3555593227241174e-08	4.455905834794686e-06	-0.0008470046466499	-0.0004489577111443	2.0156302639592875e-07	7.17416871446522e-07	0.0009448956017092	-5.798596971809996e-05	3.3623726841484053e-09	8.928276981293911e-07	0.0	0.0	0.0	0.0	0.0	0.0	0.0	0.0	0.0	0.0	0.0
306.78476776117486	-1.7276016119492963	94116.893730278	2.984607329609808	558.8638737519582	3.825823783874512	312328.82938504464	14.636927625259888	300.9862846784244	-0.8485997438150434	90592.74356452152	0.7201215252029574	350.163188124975	361.6876536643762	1.262255	29.313574	0.1519408629432192	0.094458446283225	0.0161997544	-0.0295612355	-0.0328239495	-0.112263569	-0.1143982835	0.0041033081	-0.0186262771	0.0624516213	-0.1880229795	-0.0418458345	0.0832491196	0.0710462653	0.0457480749	0.0487210187	0.0028415761	0.0039448202	0.0772617204	0.0999292807	0.1860911673	0.0335296828	-0.0334940749	-0.0617746154	0.038234074	0.0858060992	0.0281879509	0.1078025576	0.1044802491	0.0468436506	0.035055549	-0.0659176939	-0.023421351	-0.0582946085	0.0227720675	0.0427964296	-0.0201221997	0.0105553719	0.0090042518	-0.0094071306	-0.02841224	-0.0761251308	0.0666014006	-0.0032791471	0.0541008936	0.1535001769	-0.0200845356	-0.1529451735	0.0868322069	-0.0028376852	-0.1411235571	0.0621764686	-0.0766753807	-0.0977668094	0.0028773585	0.0335935429	0.0136506015	-0.0976671762	-0.030124652	-0.0375112542	0.0747783736	-0.0272560498	-0.027937361	-0.0693246883	-0.1348689225	0.0601866654	-0.0152083522	-0.0155041652	0.0447005559	0.1359535866	0.0297124741	0.0032333785	-0.0641679562	0.1077297044	0.0134572223	-0.1709896997	0.1118271765	0.1671740038	-0.0101507902	0.0255613951	-0.1103128843	0.0246608897	-0.0595843402	-0.0440242861	-0.077297989	0.051629626	-0.0678149857	0.0057547043	-0.0822060574	0.0580977662	-0.0449938637	-0.014738914	0.0715940824	-0.0359350118	-0.0293905665	0.0743047341	0.0274147533	-0.0374029205	-0.0199055797	0.0181335875	0.1255143954	-0.0268188421	-0.0460962637	-0.0011612864	0.006304864	-0.0403945676	-0.0999822758	-0.0605908748	-0.0293348322	0.0972081543	-0.0394202449	0.0695822282	0.0447464563	-0.0247588947	0.0678795455	0.0501135404	0.0489127995	0.0725670383	0.1009015802	-0.0304950445	0.0821581045	-0.0001009852	-0.0846151463	0.137290205	0.0099424069	0.035765774	-0.0977648892	-0.1361699186	-0.075178479	0.035845409	0.0438054471	-0.0225516298	-0.1543061164	-0.0719031305	-0.0442007738	0.0434920657	0.0153743649	-0.0555570233	-0.0382683432	0.098078528	-0.0707106781	-0.0195090322	0.0706755982863285	-0.0178651229551576	0.0049950401931304	0.0003191626182028	0.0694355088550082	0.0187781479884136	0.0048212898899539	0.0003526188418747	-0.1434379587408187	0.0871069806286329	0.0205744480077328	0.007587626074237	0.002032109067278	-7.879259665490024e-05	6.208273287621796e-09	4.129467261313462e-06	-0.0008510523252887	-4.047678638799965e-06	1.6383702362997537e-11	7.242900603793032e-07	0.0014258675538358	0.0004809719521266	2.313340187324725e-07	2.0330982810816884e-06	0.0	0.0	0.0	0.0	0.0	0.0	0.0	0.0	0.0	0.0	0.0
306.0302080958098	-0.7545596653650364	93654.48826716466	0.5693602885957957	548.6746836185455	-10.189190133412694	301043.908443911	103.8195955748346	300.59797821284184	-0.3883064655825592	90359.14450564812	0.1507819112132192	348.89240648359527	350.95272372197763	1.307904	30.373678	0.1306901544312259	0.0590799295558872	0.0349886767	0.0992958536	-0.1225527202	5.843e-07	0.0610269964	0.0363781696	-0.04753964	0.0640921137	-0.0178962273	-0.0618569163	0.116857967	-0.0609554408	0.1221948305	-0.1358463902	0.0323486202	0.006110251	0.0176579979	0.0587520149	0.0149968576	0.0767869975	0.0006096824	-0.1437451393	-0.0658881871	-0.0179012195	0.0010625921	-0.0352023743	0.0539049871	-0.0027011023	-0.0097123812	-0.0687059766	-0.0187818393	-0.0514258341	0.040826365	-0.0207926966	0.1453672383	0.0650283615	-0.1188200351	0.0276310272	-0.0295460456	-0.0861272322	-0.1281830854	0.0170435435	-0.0048267239	-0.0401578846	-0.0693746041	-0.0644515864	0.149254022	0.0257562565	-0.0297721267	0.1024836255	0.0407816985	0.019070222	-0.0689669211	-0.0007224405	-0.0508441953	0.0822230817	0.1180538571	0.0734299309	-0.1012992129	0.0868710048	0.072369132	0.0286785917	0.0610072241	-0.0740817496	0.1048158927	0.0299322459	0.0080855504	0.0097682502	0.10280763	0.0410481821	-0.0581851401	0.0800711659	-0.0596800903	0.0313498487	0.0551241187	0.1881751878	0.0055056415	-0.0742285659	0.0700616129	-0.049590875	-0.1236112497	0.0539714146	0.0299716214	-0.0911866713	0.0649070832	0.0174333172	0.0420257102	0.0916979972	-0.0497960949	0.0467023723	0.0647161209	-0.0709708538	-0.0447345835	-0.0559791139	0.0374708148	0.0490339625	-0.0940257438	-0.0362327551	-0.0013707353	0.0351385468	0.0124658138	0.0533856268	0.0194867395	0.0441586427	0.0259229582	0.0765869995	-0.0586909394	0.0229204852	-0.1250137481	0.0173896274	0.0197785373	-0.00040698	0.057729366	-0.0018712401	-0.0458423521	0.07565834	0.0255102413	-0.0299080491	-0.110949714	0.0497326002	-0.1590118858	0.025769918	-0.0028714341	0.0263123726	-0.015854045	-0.0624727773	-0.0170712301	-0.0811909096	0.0287843573	0.0635358312	0.0719726154	-0.1099570611	-0.277313897	-0.0402008556	-0.0068124138	-0.0568561851	-0.0353474844	0.0970506473	-0.075011107	-0.0117537397	0.0478616988027056	-0.0228138994836228	0.0022907422122809	0.0005204740096488	0.0473324361221472	-0.0221030727328609	0.0022403595092571	0.0004885458242341	-0.1013554211913216	0.042082537549497	0.0102729214048702	0.0017709399666048	0.0021672263226928	0.0001351172554148	1.8256672710828333e-08	4.696869933772557e-06	-0.0012887808806927	-0.000437728555404	1.916062882160727e-07	1.6609561584390511e-06	0.0011249004713497	-0.0003009670824861	9.058118474019496e-08	1.2654010704427772e-06	0.0	0.0	0.0	0.0	0.0	0.0	0.0	0.0	0.0	0.0	0.0
306.82660334045846	0.796395244648636	94142.56451744304	0.6342453856989607	551.8687186400095	3.1940350214640603	304559.082613366	10.20185971833892	301.4545881838856	0.8566099710437811	90874.86873711608	0.7337806424916276	349.93113639449217	352.73701255390114	1.232701	28.627241	0.2849847068642933	0.1878322749473957	0.0303499283	0.0615275674	-0.0018035689	-0.0676404454	-0.0337979584	0.0529487856	0.0278136329	-0.0311694415	-0.0115417959	0.105800649	-0.0091591988	-0.0675399243	0.1466930893	0.0104740011	0.0499311765	0.149926137	0.1035964235	-0.0493182469	0.0561506783	0.1139518165	-0.0879867214	-0.0651860706	0.0505398006	-0.0785604909	0.1943880961	-0.0345732203	-0.0735791746	-0.0275316298	-0.0561011321	-0.0336337762	0.0108653147	0.0239040324	-0.0129913895	-0.1429855351	0.0180590556	0.0010730681	0.0022528842	-0.0538769179	-0.107503447	-0.1515183856	0.1106178346	-0.1096175017	-0.0820663133	-0.0809219628	-0.0483242342	0.1095198582	-0.0006706356	0.0645405075	-0.0745479762	-0.1592549826	0.1344796155	0.1163345995	0.112936834	0.1041611098	-0.0848817278	-0.0198505853	0.0400163508	0.0691190671	-0.001568809	-0.111988026	-0.1488780164	0.0719053923	0.0744366	-0.0810675218	-0.0114716188	0.0323751512	0.1544568306	0.0232396963	0.0177580981	-0.1149555319	0.0565039636	0.1024802532	-0.0859749907	0.0113789475	0.0315843101	0.0909886585	0.0256117977	0.083258453	0.0848607753	-0.0197730669	0.0253219365	-0.1219270409	0.0728361976	-0.0632336493	-0.0895644649	0.046745622	0.0619692522	0.0847177118	0.0509652275	-0.0529820572	0.058767843	-0.0378061511	0.0504281437	0.0099608653	-0.0201426798	0.1448893343	-0.0451376026	0.214032364	0.1232548681	-0.0022205239	0.2148002001	-0.0194629696	0.0016015616	-0.0093379839	0.1128907034	0.0403793457	0.1145254436	0.0987431074	0.1230559334	-0.0489724251	0.0018364546	0.1224545784	0.0504154789	0.0402187253	-0.0890565836	-0.0304086001	0.1118767734	0.0555392303	-0.0160899663	0.0857164379	-0.0621544432	-0.0678780052	-0.0559159288	-0.1101091739	-0.0021876406	0.0261848146	-0.0580247081	-0.0699887247	0.0185255267	0.2008963962	0.1337137199	0.1290392923	-0.389849346	0.0848463452	-0.1283868658	-0.0581413184	-0.0323917418	0.0958072899	-0.0790155012	-0.0039259816	0.048283191486945	0.0004214926842394	0.0023312665801649	1.776560828673377e-07	-0.1229904280270517	-0.1703228641491989	0.0151266453862773	0.0290098780519864	-0.1014155678829666	-6.014669164500219e-05	0.0102851174090246	3.6176245158389763e-09	0.0013168145957229	-0.0008504117269699	7.232001053679277e-07	1.7340006795088644e-06	-0.0021969220512849	-0.0009081411705922	8.247203857245713e-07	4.826466499421853e-06	0.0016499516405718	0.0005250511692221	2.756787303014943e-07	2.7223404162255744e-06	0.0	0.0	0.0	0.0	0.0	0.0	0.0	0.0	0.0	0.0	0.0
306.75347589629547	-0.0731274441629921	94097.69497445913	0.0053476230898115	555.0434626897176	3.1747440497080106	308073.2454745919	10.07899978115642	300.9465933021776	-0.5079948817080435	90568.85202018628	0.2580587998415691	349.98537240780905	355.7639597968232	1.236897	28.724676	0.1326779608975587	0.0765026966407557	0.0209692531	0.0045789577	0.0536554053	-0.0688290934	-0.0379016826	0.0078370556	0.0471781709	-0.0743486248	-0.0711682427	0.112096021	0.0013666863	-0.0187047081	0.1192084714	-0.0686861215	0.0145456623	0.1327366093	-0.0053877693	0.0087845479	0.0576984599	0.0073513672	0.0308663779	-0.0168823639	0.1707020832	-0.0011075698	-0.085268872	0.1606368979	-0.0226271801	-0.1801686867	-0.0450265807	-0.1236333124	0.0864595662	-0.0220505632	-0.0059098009	0.0194113504	-0.0871200608	0.0412560508	0.167682746	-0.0430683822	-0.043855056	0.0232962212	0.0427587169	-0.0209751557	0.0642572767	0.0244912566	0.1971741975	-0.004962493	-0.0617540945	-0.1522661889	0.0187130197	0.0798389541	-0.0133581835	0.0204854851	0.0420864653	-0.0119979758	0.0509811786	0.1073891406	-0.0268205351	-0.0531690207	0.0148149508	-0.0059136881	-0.0878471958	-0.0234622367	0.0460447699	-0.1223404918	0.0774647133	0.0059013734	0.1431112269	0.0073808915	0.0150822541	0.0546924381	-0.0123962112	-0.1097644848	-0.0483454697	-0.0484443802	-0.1012767889	0.0575374684	0.114650488	0.031168579	0.1257891465	0.0337530801	-0.0502576197	-0.1165536222	-0.127232856	0.133193083	-0.0058195102	-0.0162479577	-0.0481560427	-0.0908453315	0.1325353189	-0.0264699618	0.0180416335	0.1036418875	0.149553847	0.0511367049	-0.0868444054	-0.1629629025	-0.0656128152	0.1039808935	-0.0416889496	-0.0390178499	-0.058686013	0.0332161007	-0.03074923	0.026527241	-0.0442073396	0.0405189476	0.0717864823	-0.0837630657	-0.0029339656	-0.0041842313	0.1469686588	0.1336770874	0.0291638793	0.1000317454	0.0437014783	0.0620791054	0.0109707721	0.0309324628	0.0764455373	0.0493572794	-0.0267681645	-0.0684862472	-0.0203052938	-0.1504173898	-0.0490339904	0.0308056905	0.0242714128	-0.1792291634	-0.1023514775	0.0860023522	-0.0465930599	0.1053491993	0.0572098083	0.0520626719	0.0204315191	-0.0594121063	-0.0294040325	0.0943512164	-0.0827080574	0.0039259816	0.0424528841239322	-0.0058303073630128	0.00180224737044	3.399248394720127e-05	-0.1353417424295599	-0.0123513144025082	0.0183173872438693	0.0001525549674696	-0.1564225055613093	-0.0550069376783426	0.0244680002460778	0.003025763192749	0.0015070035135225	0.0001901889177995	3.6171824453783e-08	2.27105958976916e-06	-0.0012723137899657	0.0009246082613191	8.549004368997139e-07	1.6187823801368834e-06	0.0015749607906167	-7.499084995510005e-05	5.623627576988329e-09	2.4805014919799805e-06	0.0	0.0	0.0	0.0	0.0	0.0	0.0	0.0	0.0	0.0	0.0
305.4320933905133	-1.3213825057821964	93288.76367291124	1.7460517265872364	555.2641892592112	0.2207265694936495	308318.31987368915	0.0487202184804349	299.9146085893907	-1.0319847127868798	89948.77244532743	1.0649924474258188	349.1741073730134	356.955512160706	1.295741	30.091225	0.2308429954918014	0.1751248346127929	0.0506230608	-0.1483464746	0.0022073356	-0.0364350576	-0.0433071193	-0.0709595345	-0.0388693351	-0.070540162	-0.062614014	-0.0114396725	0.06647126	0.113517267	0.0398765472	-0.0606369781	0.0614069344	-0.0061244854	-0.0232329239	-0.037578739	0.0801388768	0.0104582587	0.0077186033	-0.0138862698	0.1338724624	-0.0200042917	0.0199613513	0.0299781343	0.1040813718	-0.0024770431	-0.0611160145	0.0128316082	0.0595263889	-0.0424948968	-0.0006221717	-0.0202274298	0.0081054315	-0.0602992388	0.0137303617	-0.1111711938	-0.0890446288	0.0896775792	-0.0633712088	-0.0119542922	-0.0324536214	-0.0372327344	-0.1111640305	0.0233709644	-0.0941986468	-0.084569424	-0.0335461384	0.0263038097	-0.1109390049	0.0499122032	0.0706259075	0.1519096095	-0.0839598036	0.0094027051	-0.0257695807	0.0201736034	-0.0491690169	0.0675172127	0.0503836061	0.1294044169	-0.0214678919	0.0741301122	-0.0046753118	0.0557902611	0.0203454493	0.0375220054	-0.0673588102	0.0518042295	-0.0948270785	-0.1205313632	-0.0136974142	-0.1087982559	-0.0607016055	0.1025825639	0.0382810406	0.022719505	0.0228966454	-0.1043863409	0.0420570578	-0.0682843774	-0.079118057	-0.0465225124	-0.0320699211	-0.106813237	-0.0623539586	-0.0230010136	-0.0918836721	0.0491847734	-0.0735919577	-0.0715227263	0.1131594426	0.053376461	0.0785875525	0.0569014174	-0.0057347284	-0.0770873398	-0.0538652276	0.0674915782	0.0519873264	-0.02838807	0.0381540849	0.043593231	0.098025177	0.0224283633	0.0068273364	0.0260200979	0.0467464037	0.0364013965	-0.0863236178	0.0144841598	0.0190227543	0.0455296792	0.1245322399	0.0930231501	-0.0169612752	0.1185696398	0.1285313659	-0.0089985392	-0.0970416392	0.052925854	0.1537736818	-0.0860162172	-0.0112666276	-0.0528140462	-0.1081933608	-0.0885657258	-0.1500042393	-0.0373768484	0.0806398818	0.0499442735	-0.0255777623	0.0154003366	-0.0329820479	-0.0606682351	-0.026387305	0.0926856596	-0.0860742027	0.0117537397	0.0480087343570545	0.0055558502331223	0.0023048385745662	3.086747181288512e-05	0.0382445159582403	0.1735862583878002	0.00146264300088	0.0301321891010761	-0.1855378559426483	-0.029115350381339	0.0344242959877949	0.0008477036278281	0.0013500155902834	-0.000156987923239	2.464520804292552e-08	1.822542094008237e-06	-0.0014210363994107	-0.0001487226094449	2.211841456012997e-08	2.019344448450126e-06	0.00142896059351	-0.0001460001971066	2.131605755519524e-08	2.041928377804452e-06	0.0	0.0	0.0	0.0	0.0	0.0	0.0	0.0	0.0	0.0	0.0
303.3927050878273	-2.03938830268595	92047.13350050936	4.15910464913228	550.5191704432169	-4.745018815994285	303071.3570254877	22.51520356413981	298.96548336302703	-0.9491252263636624	89380.36024248839	0.9008386953198736	347.32063551384203	347.8896018337003	1.216442	28.249643	0.1839797749749541	0.1092811873950477	0.0111193995	-0.0642101411	0.0203754091	0.0857118608	-0.0781867148	-0.0722641111	-0.0440801592	-0.0201203011	-0.0842302474	-0.1765597672	-0.0293643303	-0.0093272954	-0.0848532602	-0.0429122862	0.0280423356	-0.1126241489	-0.097747334	-0.093872524	0.1061040028	0.0182000757	-0.0562900484	-0.1374648829	0.0716363932	0.0835346703	-0.0794341008	0.0826276417	0.0605247812	0.0650635138	-0.0210080773	-0.0880501102	-0.0088729993	0.0325379011	-0.0876519573	-0.0329205166	0.0312304008	0.0796123707	-0.0741403882	-0.0512845104	0.014895076	0.0539125023	0.0585819389	-0.1762259559	-0.0586291436	0.0451008878	-0.0061365629	0.1077606472	-0.1226789482	-0.0325997909	-0.0104047575	0.1071972274	-0.0666208029	0.1782276867	0.0319638925	-0.0840606698	0.017543733	0.0175421478	0.0383745196	-0.0430599377	0.0736703723	-0.0394668572	0.0789120727	-0.0724015003	0.0018474187	0.0676757949	0.0710977433	0.0198277172	-0.0901896898	0.0269638788	-0.176925868	0.0681145287	-0.0658487264	0.0659327354	-0.090962151	-0.1168625903	0.0427289836	0.0759366836	0.0941532016	0.1058268442	0.0253664908	-0.01038278	0.0466313347	-0.0213112413	-0.0477617515	0.0577857164	-0.0141723928	0.0420369686	-0.0227531545	-0.1035815545	-0.0715502103	0.0293313864	0.0943525373	0.035790163	-0.0301563283	0.0323485989	-0.0824085419	0.0314546958	-0.0064355119	-0.0446935031	-0.1093171299	-0.0724458841	0.0672976076	-0.0195076945	0.1361143816	-0.0247253403	0.1134640269	0.0836369083	-0.0232586941	-0.1772523967	0.0658257112	0.1252151735	-0.1193444203	-0.0530600213	0.0277952953	-0.0821065737	-0.0508599664	0.1575965341	0.0049377967	0.1179663615	0.1020306333	-0.0041638844	-0.0167863365	0.0053348742	0.1160689984	-0.175753744	-0.0632046216	-0.0730760303	-0.1107156999	-0.1133391709	-0.0713064787	0.0350840761	-0.0782999225	0.0141295625	0.0372971481	-0.0744770283	0.0225682587	-0.0619093949	-0.0233445364	0.0908143174	-0.0891006524	0.0195090322	0.0480800280565603	7.129369950580056e-05	0.0023116890979196	5.082791589223385e-09	0.1267809284151155	0.0885364124568752	0.0160734038097986	0.0078386963307339	-0.1276403732144402	0.0578974827282081	0.0162920648743215	0.0033521185062631	0.0013100919437555	-3.9923646527900095e-05	1.593897552084709e-09	1.7163409010930642e-06	-0.0011597699243759	0.0002612664750347	6.826017097710973e-08	1.345066277486881e-06	0.0018772621937546	0.0004483016002446	2.0097432478186921e-07	3.5241133441003336e-06	0.0	0.0	0.0	0.0	0.0	0.0	0.0	0.0	0.0	0.0	0.0
304.3624864424625	0.969781354635188	92636.52315343816	0.9404758757980604	548.1559200048447	-2.363250438372233	300474.9126363577	5.584952634466553	299.53006093299234	0.5645775699653086	89718.25740252211	0.3187478325079329	348.1242261499991	346.84115031125737	1.195691	27.76775	0.2353998315792077	0.1798249400935152	0.0563790337	-0.0656875464	0.0401100184	0.1291724453	0.1246351113	-0.0692313327	0.0406389156	-0.112794768	-0.0355521879	-0.0931779141	0.0088429874	0.0034413275	-0.0575406009	-0.0380540115	0.0537944586	0.0258146269	-0.1738945058	-0.0122207242	-0.0570284187	0.045704429	-0.0160278338	-0.0505999149	0.0677313013	-0.1219482662	0.0386945675	0.0333050062	0.0872906084	-0.0606243082	0.0559533382	-0.0068236306	0.0709677976	0.1723928042	0.0057190728	0.0849189327	-0.0833335693	0.0281504997	0.0006179784	-0.0233833073	-0.0198146719	0.156124832	0.0049126495	-0.0566132599	0.0570713263	-0.0986057798	0.0231186118	-0.0098280765	0.0291446568	0.0982052583	-0.0449671875	0.0392103433	0.0059607561	-0.0925932204	0.0277507794	-0.0799118041	0.0283124714	-0.0587285435	-0.1368761068	-0.0499364259	0.0675339759	-0.0268591249	0.0174366611	0.009403682	0.0726931878	-0.02564605	-0.059476165	0.0586952619	-0.0024465322	-0.1265833693	-0.0446827273	0.1449552613	0.0218782629	-0.1000622674	-0.0772411769	0.0749014603	0.0062549896	0.0968964473	-0.0560297185	0.0798171758	0.0878835736	0.0369879088	0.0729855139	-0.1165865057	0.0284259022	0.0644108957	-0.0024591809	-0.1160926654	-0.0101294246	-0.0019117785	-0.1917333271	0.0660867149	-0.0337348755	0.0999924489	-0.0153814217	-0.024551976	0.0215448076	-0.0332034335	0.0619020015	0.0582669464	0.0701154887	0.0980521164	0.0306201017	0.0198664222	-0.0552393178	0.030680958	0.052521013	0.0717943244	-0.1073689943	0.0656224451	0.063347539	-0.0388056452	-0.0310467124	0.0708514562	-0.0139610116	-0.04146196	-0.0922826434	0.1734402637	-0.0234424913	0.094549482	-0.0204982576	0.0211222568	0.0248259274	-0.0357913741	0.1313605139	-0.0233046455	0.0363685471	0.0193115389	0.0865928921	-0.094580406	-0.1320353265	-0.0214372094	0.02892404	0.0641549034	0.0897922342	0.0837114078	0.0045758608	-0.0631352795	-0.0202787295	0.0887413447	-0.0917754626	0.027144045	0.0481207377993371	4.0709742776798286e-05	0.0023156054063525	1.65728315695308e-09	-0.0509738498885496	-0.1777547783036651	0.0025983333724603	0.0315967612097851	-0.136814310562741	-0.0091739373483007	0.0187181555747581	8.416112647054828e-05	0.0016393616550183	0.0003292697112628	1.0841854275508773e-07	2.68750663594434e-06	-0.0012738907501841	-0.0001141208258081	1.3023562883145511e-08	1.6227976434046088e-06	0.0013520446071363	-0.0005252175866183	2.758535132931516e-07	1.828024619686352e-06	0.0	0.0	0.0	0.0	0.0	0.0	0.0	0.0	0.0	0.0	0.0
304.6843771852176	0.3218907427551016	92832.56970074396	0.103613650271431	550.5732176303864	2.4172976255416643	303130.86797187675	5.843327810449368	300.4474143667905	0.917353433798155	90268.64879968992	0.841537322501266	348.92707845630326	345.6480310261678	1.36828	31.77581	0.0955122532279274	0.0474134628995594	0.0098094057	0.0933022428	0.0492289262	0.0890016462	-0.0330000598	-0.0195910324	0.0366862768	0.0004321797	-0.0444211827	0.058924493	-0.1583831527	-0.1499538994	-0.1173232835	0.0172920358	-0.0240677529	0.0659055532	-0.1236414831	0.0284916484	0.0889230284	0.053063983	0.0235998177	0.0119139134	0.054996033	0.018062653	0.0911621477	-0.0361222413	0.1264709881	-0.1789246658	0.075141064	-0.0077148284	0.075132038	-0.0074633593	-0.1312897258	0.0248200649	-0.1208454658	0.0062685003	-0.0755226592	0.103764933	-0.0156151135	0.0226390476	0.0915206103	-0.017188982	-0.1656573136	0.004268842	0.0567393151	-0.1358928379	-0.0957831994	0.0218445981	-0.0125796223	-0.0553067132	0.0119645389	-0.0004271704	0.0225739378	-0.0910130055	0.0065440187	-0.0895496056	0.0607141429	0.050039346	0.0714274175	-0.1077226459	0.0419980434	-0.0486136542	0.1237146792	0.0503155017	-0.0518547794	-0.0285907514	0.0687936295	-0.0522899744	-0.0543181831	0.1081572644	0.094182169	0.116961619	0.0271881372	-0.0337300519	-0.0779361269	-0.0513536674	0.1078512473	0.0542521782	-0.0487812198	0.0884581991	0.0288922212	-0.1620836039	-0.0381509356	0.031164326	-0.1179394505	-0.118778369	0.0933477613	0.066907567	-0.0604675137	0.106121764	0.0562302528	0.0705491977	-0.0822665461	-0.0570219186	-0.0854764401	-0.1072559618	0.010688025	0.13232878	-0.0545668656	-0.0113664816	-0.0281445914	-0.0842188966	-0.0060417156	-0.1145673467	-0.0088875923	-0.0605321007	-0.0201746546	-0.0115049124	-0.0429647739	0.0842875702	-0.0235339753	0.0972075397	0.0180210911	-0.0732100716	0.0674015192	0.2198512711	0.0596923664	0.054500183	0.0492802798	-0.0495762788	-0.0070515604	-0.1034159831	-0.0861584266	-0.0973487744	-0.0081501406	-0.0415792232	0.0449663228	-0.1323600026	0.0379438889	0.01828042	-0.1150922825	0.0989695674	0.1006559021	0.0248234118	-0.0079039274	-0.0643455865	-0.01719291	0.0864713441	-0.0940880769	0.0346117057	0.0482862191849164	0.0001654813855792	0.0023315589631737	2.7384088973244857e-08	-0.0694318337219073	-0.0184579838333577	0.0048207795339865	0.0003406971671924	-0.1277498668099355	0.0090644437528054	0.0163200284699562	8.216414054777448e-05	0.0021459609446616	0.0005065992896433	2.566428402670961e-07	4.6051483760129066e-06	-0.001418795653963	-0.0001449049037788	2.0997431139172266e-08	2.0129811077042967e-06	0.0020570272988378	0.0007049826917014	4.970005955986921e-07	4.231361308163935e-06	0.0	0.0	0.0	0.0	0.0	0.0	0.0	0.0	0.0	0.0	0.0
305.6285962785666	0.9442190933489768	93408.83886320704	0.891549696244764	549.9110479036967	-0.6621697266896263	302402.16060654185	0.4384687469442143	300.57296138331265	0.1255470165221481	90344.10511473435	0.0157620533576125	349.2533490036646	349.9212253625444	1.368312	31.776539	0.246388518028761	0.1495588645423929	0.0370439063	0.0110904948	-0.1091643152	0.0634079879	0.169103673	-0.0241604492	-0.0320166992	0.0436998539	-0.0117232157	-0.0590077449	0.0158827724	0.0624136174	0.1024824676	0.0573544443	0.0088774094	-0.0354753373	-0.0590065427	0.1451989171	-0.0298855198	0.0485271695	0.0784392569	-0.0270364624	-0.0642817986	0.0303684527	0.087562782	-0.0215644015	0.0824213526	-0.0248161455	0.0759948059	-0.1739110878	0.0950045239	-0.064140971	0.038470652	0.1476556324	0.1392104782	0.0210914075	-0.1465715225	-0.1120704758	-0.103708247	0.0210613302	-0.0119929468	0.0284229624	-0.1613559049	-0.0642871851	0.032119518	0.1088297324	-0.0501347809	-0.006747038	-0.0357432894	-0.0016054213	0.139596592	-0.068178439	0.073042501	-0.0517073473	-0.0981971322	0.0030148079	0.1054612685	-0.0088301814	-0.0748674173	0.0227079893	0.0674158929	-0.0880901689	-0.0484776174	0.0992745171	-0.0728121371	0.0234165233	-0.0587899173	-0.0826374794	0.1513847519	0.1393900999	-0.0970072129	-0.0666281726	0.0511314151	-0.0161766587	-0.0156065776	0.1218346285	-0.071609283	-0.0705152428	-0.0015850743	0.0557786031	0.0286534008	-0.1529571509	0.0211720014	-0.043660958	-0.0209244389	0.0401710564	-0.0067088341	0.0318403537	-0.044488093	0.173005166	0.0288230771	-0.0454856667	0.0512133877	-0.1390512397	0.0536354683	-0.0041266971	-0.1596642554	0.0335975472	-0.1187902915	-0.1149337106	0.0962305345	-0.1137320157	0.0256189886	0.0569714461	0.0250523842	0.0146656638	-0.0264233319	0.0907796357	-0.0318839555	-0.2039842566	0.0067332609	-0.0178926933	-0.017210111	-0.041077887	0.0634111951	0.2039874712	-0.0063969173	0.0360111455	-0.08710651	-0.0159401208	0.010336371	0.0489856481	0.0112319438	0.0747913228	0.0388544524	-0.0157846437	0.024565953	-0.1511406118	0.0080245604	-0.1166086632	0.0583854136	-0.0668960229	0.0366821403	0.0413816705	-0.0816185942	-0.0655400171	-0.0140901232	0.0840093554	-0.0960293686	0.0418659738	0.0476765668085192	-0.0006096523763972	0.0022730550226471	3.7167602004675364e-07	0.0693462314328456	0.1387780651547528	0.0048088998139377	0.0192593513680968	-0.1601068199892665	-0.032356953179331	0.0256341938070753	0.0010469724190494	0.0018456455467363	-0.0003003153979252	9.018933823103125e-08	3.406407484187536e-06	-0.0012800784738664	0.0001387171800965	1.9242456053952552e-08	1.6386008992561316e-06	0.0010031829304941	-0.0010538443683437	1.110587952689732e-06	1.0063759920347302e-06	0.0	0.0	0.0	0.0	0.0	0.0	0.0	0.0	0.0	0.0	0.0
306.27901694375447	0.6504206651878803	93806.83622003264	0.4230470417034447	547.9783034642537	-1.932744439443013	300280.2210675617	3.735501068197887	300.6261419866749	0.0531806033622501	90376.07724579242	0.0028281765739729	348.7192448815988	353.53678898022326	1.169328	27.155519	0.0709403678032672	0.0330268286177502	0.022047343	0.1018404703	-0.0244743828	-0.0275741095	-0.0268844881	0.1199916786	-0.0326774812	0.0278154677	0.0854769793	0.0331274529	0.0123417297	-0.0814282211	-0.0923710073	0.0354157977	-0.0004293651	0.023198574	-0.0183269303	0.1078558148	0.0628048971	0.0242792552	0.0126198596	-0.0550453428	-0.0352280875	-0.069278107	0.1615704888	-0.0233099171	0.0724092173	0.0130732241	0.0827858285	-0.0958202872	0.0890685072	-0.0575471754	0.0315086065	0.0639904994	0.0386252221	0.0752544494	0.0358737487	0.0064549659	0.0432577149	0.0310797435	0.0316723216	-0.0131802809	-0.1196939631	-0.0219983099	-0.0611420938	-0.0598721646	-0.0938625669	-0.0501823243	0.0340912018	-0.1491202753	0.0081100687	-0.0107013352	0.0301354311	-0.0041167886	0.056305907	0.0855161467	-0.0197763623	-0.013010815	-0.0033345839	0.1750961403	0.0442705863	0.0764075578	0.0887429153	0.0703412162	-0.1198234237	-0.0040666772	0.0187901453	0.0521252401	0.0586563508	0.0447991776	0.0833477961	0.1304566156	0.0250291539	0.0029918571	-0.0053086056	2.09332e-05	-0.0776502909	0.0204179481	-0.0330729159	0.0040953747	-0.0233230432	-0.0767359796	0.0184144754	-0.1497312841	-0.0343845769	-0.0698643506	-0.0093041171	-0.0052089757	-0.0021644912	0.2078031608	0.0525807252	-0.0052453659	-0.0117412887	0.0463216048	0.0635852041	-0.0182210459	-0.0795570822	0.098418534	-0.0794707411	-0.1413748749	0.0124922339	-0.0106754592	0.0234787866	-0.1127338506	0.0988170951	-0.0780551335	-0.003974136	-0.0349469386	0.113576092	0.03504292	-0.0237505406	-0.0140970971	-0.0329803724	0.0163189773	0.0021874717	0.1863600475	0.0622766275	-0.0110005276	-0.0496214947	-0.0391942009	-0.0164484213	-0.004380674	-0.081465997	-0.0215227305	0.0882234441	-0.07182613	-0.002589421	-0.0348627741	0.0165903496	-0.0407198575	-0.1334222445	-0.1138613312	0.0623539175	-0.0251469196	-0.0326574589	-0.0667182767	-0.0109734311	0.081360845	-0.0975916762	0.0488621241	0.0478441952801773	0.000167628471658	0.0022890670220077	2.8099304510429604e-08	0.0513752567553211	-0.0179709746775245	0.0026394170066751	0.0003229559308602	-0.1653684132411612	-0.0052615932518946	0.0273467120978994	2.768436354838364e-05	0.0020851441758625	0.0002394986291262	5.735959335332911e-08	4.3478262341333045e-06	-0.0009375709704995	0.0003425075033668	1.1731138986262701e-07	8.790393247233743e-07	0.0013719802260448	0.0003687972955506	1.3601144520551032e-07	1.8823297406579403e-06	0.0	0.0	0.0	0.0	0.0	0.0	0.0	0.0	0.0	0.0	0.0
305.3807415004151	-0.8982754433393438	93257.39727934336	0.8068987721064947	551.0821114063262	3.1038079420725357	303691.49351205456	9.633623741272547	300.286099627176	-0.3400423594989092	90171.74162930228	0.1156288062535854	348.5738784896558	352.36946856409526	1.150571	26.719919	0.0637984139852688	0.0326041005014525	0.0186040647	-0.0005721885	0.0778123824	0.0179997402	-0.0401435851	0.0695041103	-0.0014831962	-0.0642370986	0.0428037674	-0.0252549241	0.0020982954	-0.0508972333	-0.0518231347	0.0699144685	-0.0173411065	-0.0126585182	-0.0711261204	0.1071904043	0.005332311	-0.0360902579	-0.010726498	-0.0500024975	0.0442890993	0.12130433	0.0264209319	-0.1206287077	0.0253370368	-0.0661956141	0.0655178577	0.0206614913	-0.0034945726	0.0298948457	-0.1374620894	-0.0272351068	0.0479769578	0.0918030891	-0.073978423	-0.0163640376	-0.1371816915	-0.0587229334	0.1415105629	0.0641466935	0.1255823572	-0.091264768	0.0376346124	-0.0788796998	0.0246004416	0.037810282	0.0475558244	0.0717524887	-0.0916234585	-0.080914697	0.0827270646	0.0348835995	0.0563825106	0.0348335032	-0.0803163602	-0.015086018	0.0561230346	-0.002879203	0.0004140956	-0.0219455698	-0.0763123898	0.0634379762	0.2129231625	-0.01618781	0.0001100166	0.0590895319	-0.0122127786	0.0989233208	0.1362813091	0.0150581829	0.0215201754	0.0096809344	0.0282802219	0.0317157185	0.0275786602	-0.072489681	-0.0643362194	0.068465328	0.0201919466	-0.0129265445	-0.0757596714	0.0004737094	0.0071346929	-0.107531311	0.0125661738	0.0441179641	0.0727302877	0.0700260055	-0.081703754	0.0851008048	-0.1514620925	0.026145219	-0.1711912178	0.1397491702	-0.0156861139	0.1478272149	0.0115124374	-0.0466442377	-0.0040125481	0.0178138189	-0.005563856	0.1438994042	-0.0508077023	0.0544954517	-0.0953318008	0.0454282741	-0.1832637907	-0.0246572304	-0.0633582862	-0.0104274349	-0.0400639044	-0.0510309921	0.0554269099	0.1115588381	0.013490148	-0.0707261688	0.1248457352	-0.0559735318	-0.0382329476	-0.0511536452	0.0150578809	0.0066866606	0.0223877079	-0.0059826227	0.0920176599	-0.002888918	0.0466390259	-0.0504359868	0.0215968199	-0.0187668869	0.048044872	-0.0231818133	-0.1031766062	-0.0678800746	-0.0078459096	0.0785316931	-0.0987688341	0.0555570233	0.0409568705175331	-0.0068873247626441	0.0016774652425899	4.743524238613196e-05	0.0631264858622842	0.0117512291069631	0.0039849532173211	0.0001380913855243	-0.1494882420105696	0.0158801712305916	0.0223467344994106	0.0002521798383129	0.0020769621410182	-8.182034844299996e-06	6.694569419333926e-11	4.313771735222906e-06	-0.0010340780687785	-9.650709827899996e-05	9.31362001823256e-09	1.069317452328672e-06	0.0008910755814667	-0.0004809046445781	2.312692771767887e-07	7.940156918862174e-07	0.0	0.0	0.0	0.0	0.0	0.0	0.0	0.0	0.0	0.0	0.0
304.64058675593026	-0.7401547444848688	92805.88709899748	0.5478290457834615	548.0012248516083	-3.0808865547179494	300305.3424388629	9.491861963041837	299.32056063028097	-0.9655389968950204	89592.7980160257	0.932265554525042	347.5801430442808	344.5529619707478	1.015873	23.591795	0.2221242669585695	0.1376238259400378	0.0002775201	0.0637649516	0.0687226207	0.0949366113	-0.0104116078	0.0208391354	-0.0180933761	-0.0104443597	0.0460535291	-0.1262085529	-0.1155560974	-0.0370927679	-0.0630816783	0.0666384753	-0.03748688	-0.1240820872	-0.1311187398	0.0646932793	0.0725839367	0.0313000366	-0.0245304161	-0.0761560838	0.0139543628	0.0635691713	0.1388036075	-0.0174657784	0.0401355634	-0.014930938	-0.0103391596	-0.0191752177	-0.1113819011	-0.0113479331	-0.0847079293	0.0626164483	0.0602992111	-0.1182163557	0.0922562636	-0.0003212497	0.045194597	0.0095399955	-0.0449836463	0.0348163105	0.0129486189	-0.1657348534	0.035687441	0.1166935751	-0.0416415213	-0.0330740562	0.0061906923	-0.0106464961	-0.033288952	-0.0950050382	0.0144550601	-0.1639521777	-0.0301286896	-0.008695808	0.0010912503	0.1209983739	-0.0394945837	0.0290011815	-0.0698309384	-0.0912549259	-0.0859894583	0.104062939	-0.0713105758	-0.0315713618	-0.1179771587	0.0034299529	-0.0426941946	0.138932563	0.0800168154	0.0807060303	0.0022393916	-0.0518653598	0.043086803	0.021628746	0.0558892927	0.0017199801	0.0444123548	0.1075046826	0.0251858432	-0.0685605705	-0.0381674846	-0.0028603649	-0.0145212026	-0.0548282422	-0.0903609691	-0.0855690147	0.0556325022	0.0780724594	-0.1052888568	-0.1145546502	-0.1019905276	-0.0786801394	-0.0232220372	0.0693094039	-0.0537348766	-0.014306731	-0.0185957761	0.024411533	0.015666712	-0.0066190055	-0.0696399645	-0.0608330538	-0.0782683476	-0.0223379855	-0.0576992419	-0.1143796846	-0.0496683166	-0.0844565215	0.0091582528	-0.0942800781	-0.0224331589	-0.1506889143	0.0057633179	0.120170261	0.0243816286	-0.0711625552	0.0685539847	0.0229994938	0.0512169873	-0.038100075	-0.0491174526	-0.0876087717	-0.0016835963	-0.0039613631	0.0266480849	0.0560969877	0.0885286855	0.0317116831	-0.1609834203	0.0059553144	0.0382191466	-0.0745928162	0.0214117879	-0.069025124	-0.0047106451	0.0755281812	-0.0995561965	0.0619093949	0.0424568412700665	0.0014999707525334	0.0018025833706316	2.249912258455614e-06	0.1847461954936022	0.1216197096313179	0.0341311567493602	0.0147913537708061	-0.1050236464341765	0.044464595576393	0.0110299663103309	0.0019771002597721	0.0021011626536104	2.420051259219985e-05	5.856648097252236e-10	4.414884496927097e-06	-0.0007752178716962	0.0002588601970823	6.700860163348719e-08	6.009627485971859e-07	0.0016988146917587	0.000807739110292	6.524424702953117e-07	2.8859713569352064e-06	0.0	0.0	0.0	0.0	0.0	0.0	0.0	0.0	0.0	0.0	0.0
306.1295989074124	1.489012151482143	93715.3313272132	2.2171571872614804	547.8305821259817	-0.1706427256266351	300118.34671249194	0.029118939809287	299.8980107982221	0.5774501679411514	89938.81688073055	0.333448696455264	348.0999256439323	348.52110661156746	1.251676	29.067896	0.1861285877185595	0.0993404399142584	0.0078454239	0.0667090358	-0.058599906	0.0601553032	0.137141734	0.0165868746	-0.0433131039	0.049039242	0.0104498565	-0.0300681596	-0.0613466058	-0.0150776723	0.0567671205	0.0140587978	-0.0004911906	-0.0678585065	-0.0653235459	-0.0069609905	-0.000979472	0.0558906333	-0.0305609037	-0.0186481213	-0.1115642214	-0.0028294867	0.0314057762	0.0180676482	0.0004421828	0.0598797564	0.0126733887	0.0571687501	0.0089640979	0.0045629679	-0.013885859	-0.0030427141	0.0066871925	-0.0329640093	0.0182487201	0.0251119488	0.0132299364	0.0103653526	-0.0263523372	0.0731515902	-0.0459456092	0.0108290692	-0.0659763149	0.0038324138	0.0159724538	-0.0881354452	-0.0076256031	-0.0077953918	-0.1304580834	-0.0866655843	-0.0360029639	0.0645927909	0.1467968974	0.0499775965	-0.0162377872	0.0037943918	-0.0148670752	0.1321243168	-0.1607455622	-0.0027762762	-0.1297607007	-0.0602690596	-0.0621856642	0.0137665994	-0.0890768939	-0.1026766742	0.0453277999	0.0137369257	-0.0293963185	0.0679201454	0.0239560517	-9.34058e-05	0.0028469722	0.0116316159	-0.0525998033	-0.0315858144	0.0411497688	0.0208666499	0.0030484691	0.0484406028	0.0108811587	-0.036961335	-0.0807961107	0.0271128989	0.0149779855	0.0356023538	0.0025004224	0.0800074211	0.0070642508	0.0301848528	0.1102128552	-0.0849736297	0.0604295964	0.079497127	-0.0096616716	-0.092979699	-0.0659156554	-0.0224195732	0.0389136378	0.0593334576	0.0180589064	0.0131874792	0.005284061	-0.1678085861	-0.0052208161	0.1001588855	-0.0475583196	-0.018437286	0.0425283642	-0.0594680121	-0.0392561522	-0.0970427724	-0.0200825782	0.0156163021	0.053899857	-0.0374192723	-0.0551557688	-0.018038842	-0.0303372838	-0.0028108044	-0.0278967947	0.0691459915	0.056829989	0.0155987065	-0.0098863305	-0.0521489035	0.0433362079	-0.0178584868	0.0162562723	-0.0590215652	0.0011468112	-0.0567786079	-0.1148516389	-0.0701531426	-0.0015707317	0.0723569779	-0.099950656	0.0678800746	0.0375367999996427	-0.0049200412704238	0.0014090113542131	2.420680610267345e-05	0.1114788819605507	-0.0732673135330514	0.0124275411231743	0.0053680992323504	-0.1177752066782957	-0.0127515602441192	0.0138709993081152	0.0001626022886594	0.0016429119214822	-0.0004582507321281	2.099937334960313e-07	2.6991595817483343e-06	-0.0012059377102122	-0.000430719838516	1.855195792912492e-07	1.454285760911844e-06	0.0006839918089836	-0.001014822882775	1.029865483403964e-06	4.6784479475665756e-07	0.0	0.0	0.0	0.0	0.0	0.0	0.0	0.0	0.0	0.0	0.0
306.7402023821287	0.6106034747162994	94089.55175742928	0.3728366033356184	550.2966820478439	2.466099921862224	302826.4382728658	6.081648824608866	300.11668592488144	0.2186751266593205	90070.02517053393	0.0478188110194698	348.2908154746536	354.09244411471934	1.172643	27.232498	0.171555319677479	0.100251180559138	-0.0016077198	0.0796928927	0.023039921	-0.0463654984	-0.0652979783	0.0787664189	-0.0436941226	0.0224978959	0.0773648822	0.0101817201	-0.0641289519	-0.0210562446	-0.0523972352	0.1123718364	-0.0106609748	-0.1084419784	0.0296779495	0.0400644378	0.0558558193	0.0715347947	-0.030753153	0.0114065886	-0.0517235417	0.0137621299	0.1091535736	-0.0682391634	-0.0414058423	0.0343792557	-0.0212258996	-0.0206747057	0.0268133659	-0.0108374637	-0.0612195259	-0.0272111782	-0.0864167066	-0.0417184338	0.015756481	0.0175222033	0.1916054518	0.0840867337	0.0271309781	-0.0220604103	-0.0095585059	-0.0761046036	0.0564498895	-0.0727674468	0.067049412	-0.0576825031	-0.081711789	-0.1524642019	-0.0744329891	-0.0229503883	-0.0090444671	-0.0332566086	0.0607289918	0.1064238136	-0.0278119448	0.0216223306	0.0979134019	-0.0528166156	0.123066196	-0.0052280174	0.0457385735	-0.0153210782	0.084304389	-0.0121973978	-0.0848860301	0.0703701317	0.0035691624	-0.0420936659	0.0913692486	0.1738818816	0.0484766324	-0.0264593442	0.0144081556	-0.0638093469	0.0167933759	0.0110732747	-0.0420786896	0.0672389454	0.1104725159	-0.0180414609	0.0860310428	-0.0350713908	-0.0601411523	-0.0377972577	-0.0742752107	-0.0837602812	0.0607710283	0.1152889853	0.0308514587	0.0223965728	-0.0061398248	0.0233490048	0.0558133235	-0.0495113722	0.0145291874	-0.0567058894	-0.0274152226	-0.0222557199	0.0489460261	0.0795071916	-0.1020298636	-0.147112437	-0.1132849979	-0.0568796283	0.0220941839	0.0073219578	-0.0112823675	0.0160419832	-0.0321758015	-0.1128840478	-0.0341998355	-0.0566863172	0.0115289291	0.0117475959	0.0684935884	-0.0769948745	0.0434851335	0.0184619256	-0.0085598518	-0.0243967795	-0.1184406856	-0.0774330558	0.071962197	0.0304201311	-0.0121945408	0.0862917445	0.0360024401	0.0347464846	-0.1613354795	-0.0697494026	-0.0867437599	-0.0276932833	0.021351536	-0.0712638519	0.0015707317	0.069025124	-0.099950656	0.0734322509	0.0453452483453276	0.0078084483456849	0.0020561915474994	6.097186556722925e-05	0.1981656568456031	0.0866867748850524	0.0392696275530493	0.0075145969399717	-0.1259332913567874	-0.0081580846784917	0.0158591938719535	6.655434562144108e-05	0.0018820150446753	0.0002391031231931	5.71703035206948e-08	3.5419806283841715e-06	-0.000749214621474	0.0004567230887382	2.0859597978656178e-07	5.613225490304291e-07	0.0013662058324173	0.0006822140234337	4.6541597376959693e-07	1.8665183765310475e-06	0.0	0.0	0.0	0.0	0.0	0.0	0.0	0.0	0.0	0.0	0.0
305.9167558431133	-0.8234465390153787	93585.061505575	0.6780642026164055	550.4500743865967	0.1533923387528375	302995.28439220984	0.0235292095880652	300.0732450765612	-0.0434408483202446	90043.95241077796	0.0018871073027825	348.4471553554264	353.39606127979084	1.154934	26.821241	0.2031824926200117	0.1106003769829456	0.0149796621	-0.0306413112	0.1060363768	-0.023822422	-0.0217407902	0.0542240182	-0.0634396016	-0.1133957439	0.0275515805	-0.0895516614	0.0053235943	0.0420607426	0.0029779864	-0.0446405393	0.0216765208	-0.0428225313	0.044652797	-0.0099140258	0.0310073404	-0.0936578004	-0.0201700861	-0.056790295	0.0294745377	-0.052098857	-0.0128796955	-0.0123276721	0.0092088238	0.0114047656	-0.0866077056	0.0876912089	-0.0067573442	-0.0245314529	-0.035522432	0.0958675343	-0.0347665033	0.0244294773	0.0076465257	-0.0037206257	0.0214559932	-0.015830708	-0.0676909849	0.0316418285	0.1423035509	0.0113149978	0.1170791811	0.0397216576	-0.122154627	0.0877777886	-0.0411645655	-0.0325037754	0.0217323116	0.123837247	-0.0832068372	-0.038152428	0.0148145315	0.0921218438	-0.0050940887	0.1408863249	-0.063076392	0.0577939295	0.0644442902	-0.147244088	-0.0749408591	0.0023310142	0.0290913153	0.0196538878	-0.045963412	0.0817169888	-0.0210767564	0.0278717863	-0.016964588	-0.1228203975	-0.0803359814	-0.026126227	-0.0219498798	0.0171198688	-0.0726013058	-0.0436371985	0.1351334757	0.0283837103	0.0228516481	0.0792479961	-0.0940438334	0.0154815617	-0.0463230221	-0.049560113	-0.0131382983	-0.0577117041	0.0578803382	-0.0282949143	-0.0826519365	-0.0110638962	0.0360249245	-0.1156980694	-0.053824026	-0.1130298866	-0.0156369396	0.0309485351	0.0582063225	0.0873620893	-0.1008737424	0.113579058	0.0450515895	-0.0528559619	-0.0428306789	0.019266236	-0.0886061715	-0.0443256618	0.0173918416	-0.106311993	-0.0243263998	-0.0647554542	-0.0670185888	0.0277021309	-0.056336182	0.0396242864	0.008439995	-0.0388325837	0.1011593037	-0.0168422797	0.0233632022	-0.0210323756	0.0921694541	0.0256247625	-0.0056716278	0.0240394476	0.0495301178	0.0301499377	-0.0236294613	-0.0364149869	0.0061114057	0.0272353483	0.1480824875	-0.0790720741	-0.1015722782	-0.0723569779	0.0047106451	0.0655400171	-0.0995561965	0.0785316931	0.0477880228642817	0.0024427745189541	0.0022836951292771	5.9671473504514525e-06	0.1126118881547029	-0.0855537686909002	0.0126814373537673	0.007319447337216	-0.1794432306649298	-0.0535099393081423	0.0321998730314672	0.002863313604761	0.0014833113488854	-0.0003987036957899	1.5896463703652525e-07	2.2002125577322247e-06	-0.0009009937779362	-0.0001517791564622	2.303691233637701e-08	8.117897878797465e-07	0.0006831684826291	-0.0006830373497881	4.665400212056877e-07	4.66719175657747e-07	0.0	0.0	0.0	0.0	0.0	0.0	0.0	0.0	0.0	0.0	0.0
305.20621146567976	-0.710544377433564	93150.83151723324	0.5048733123024511	548.6114344994227	-1.838639887174054	300974.5060635144	3.380596634707418	299.56499408226955	-0.5082509942916431	89739.18567951019	0.2583190731984438	347.7156739939897	348.89049461282417	1.070838	24.868248	0.0718504447731559	0.0357816716623845	0.0202905723	-0.0672638762	0.0669251428	0.0545574416	-0.053703261	-0.073863339	-0.060413765	-0.0497611897	0.0101362114	-0.0823839371	-0.0746987225	0.0305472422	-0.0405215679	0.0071826605	0.0125883125	-0.0697895629	-0.023232183	-0.0615318046	0.0503298156	-0.0155520113	-0.0564090468	0.0066997876	0.0691573312	-0.0076871168	0.0982022713	-0.0165533973	0.0097325203	-0.0423149901	-0.0539654209	0.0771622512	-0.0008876491	0.0830990318	0.0649692276	-0.1315798875	0.1286574806	-0.0961896347	-0.0043453331	-0.0530606588	0.0189747056	-0.0434651623	-0.0534969969	-0.0315257584	0.0016371156	-0.0723845059	0.1061418704	-0.0132802967	-0.0143358413	-0.0432465905	-0.1260241456	0.0630274049	0.0448891306	-0.0838698778	-0.1165491501	-0.0236958584	-0.0249401665	0.0572783096	-0.0768197152	-0.0265096895	0.0592556888	-0.0895212874	0.0650620972	0.0463920392	0.0600804138	-0.0090425634	0.0138057291	0.0141546047	-0.0525592374	0.0262758211	-0.1014331077	0.0010659612	0.0196215202	-0.0160319911	-0.0078110886	-0.0773543296	0.031239327	-0.0560874662	0.0803078246	0.0184566447	0.0677205089	-0.0651292713	-0.0376658492	-0.033521481	-0.0441527154	-0.0647042409	0.031809587	-0.0555811208	-0.0282137046	-0.0447238524	-0.0986724351	-0.0922767517	-0.0542917923	-0.0559454313	0.1003079811	-0.135147007	0.007423957	0.0175806528	0.0517557705	9.29195e-05	-0.0743082325	-0.0011459652	0.0859775204	0.1165424759	-0.1158617553	-0.0806629952	-0.2198025374	0.0751160354	-0.0520199336	0.093517566	0.0393069724	-0.025899072	0.0473580962	-0.0426255068	-0.0581765618	-0.0325396343	0.0792812085	-0.003881189	-0.0553524805	-0.0083836037	0.0495102641	-0.0813067156	0.0040126216	-0.0245419556	0.0488309273	-0.1201599049	0.0436813633	0.0425595702	-0.0485090574	0.1510068992	-0.0856429654	-0.0128834929	-0.1140506719	-0.0984194704	0.0151477561	0.0190923965	0.0119264123	-0.0734322509	0.0078459096	0.0619093949	-0.0987688341	0.0831469612	0.0311462114433993	-0.0166418114208824	0.0009700864872769	0.0002769498873682	0.1024496565372459	-0.0101622316174569	0.0104959321245996	0.0001032709514468	-0.1508093483673533	0.0286338822975764	0.0227434595549857	0.0008198992154314	0.0015378869448621	5.457559597670013e-05	2.9784956762120076e-09	2.365096255177284e-06	-0.0008493051041449	5.168867379130003e-05	2.671718998303426e-09	7.213191599265794e-07	0.0009051546016059	0.0002219861189767	4.927783701838198e-08	8.193048528083356e-07	0.0	0.0	0.0	0.0	0.0	0.0	0.0	0.0	0.0	0.0	0.0
306.01656536091355	0.8103538952337885	93646.13827529029	0.6566734355205739	547.361210902532	-1.2502235968906916	299604.2952006861	1.5630590422222983	299.6994396585055	0.1344455762359757	89819.75413162219	0.0180756129694235	347.38046405785576	348.2506251136176	1.309121	30.401955	0.1019066475311969	0.0567057364469135	0.0094420763	0.0660146733	0.0261999449	0.0952467409	0.1178229074	-0.0065348402	0.0091946621	-0.0006500936	-0.0161987673	-0.0758766788	-0.0913158578	-0.0199944334	0.0549497945	0.115185734	0.0402053291	-0.0642453859	0.0191247298	-0.1607808941	-0.0286188552	0.0221162134	-0.0696238871	0.011643629	-0.1298234245	-0.0805924702	-0.0276110335	0.0120974019	0.0034152917	0.0193092228	-0.0435061838	0.0727577889	0.1272581355	0.128715081	0.0429703658	-0.1438445223	-0.0570325704	0.0404311626	-0.0363325932	0.1944300744	-0.0498395951	0.0648560272	-0.0408657653	-0.0183381201	0.0373108755	0.0251290418	-0.078839571	0.0480447585	0.2092326576	-0.0784026212	-0.0083229225	0.0441127301	-0.066633409	-0.1106200073	-0.0533881933	-0.1185455633	-0.0786289626	-0.0154779437	0.0381013947	-0.0721543608	0.0732341594	0.0590247871	-0.0885364833	0.1303855671	0.0407867172	0.0399699501	-0.0231383452	0.0456118544	-0.0886081361	-0.0909152889	-0.0428952285	-0.1479644327	0.0192440498	0.0935855232	-0.0814559809	0.0320168126	0.0833196089	-0.0152173301	-0.0366039345	-0.0197010996	0.038320468	-0.0100532023	-0.0250119157	0.0084431628	0.111141029	0.073331811	-0.0328396468	0.0701647337	0.1333110849	0.0162136399	-0.0561357031	0.017326057	-0.091619515	0.2056548165	0.044965852	0.1157578872	0.0925493706	0.0724009294	0.1204697329	-0.1266008784	-0.0082950576	0.0053106413	-0.0318357103	0.0317259196	0.0392185068	0.0450263921	-0.0574664977	-0.0991548834	0.0451632513	0.0867964669	-0.0520198948	-0.1069457128	0.1009663251	-0.0356523517	-0.0541427204	-0.1059814325	-0.1030502654	-0.1266466347	0.0719306843	-0.0263073074	-0.0127811798	0.006621523	-0.0175898369	-0.0280110861	0.0474853342	0.0810283451	0.0577268233	0.0332830268	0.0854522869	-0.089518121	0.0249929973	0.0386772555	-0.077928208	0.0734033406	0.0406968251	-0.1561543617	-0.1732892371	-0.0744894057	0.0109734311	0.0581413184	-0.0975916762	0.0872496007	0.0191484289053676	-0.0119977825380317	0.0003666623295439	0.0001439467858298	0.0964349634236469	-0.006014693113599	0.0092997021705201	3.617653325077531e-05	-0.1010505765844271	0.0497587717829262	0.0102112190280451	0.0024759353693453	0.0013098717164885	-0.0002280152283736	5.1990944370264976e-08	1.7157639136565291e-06	-0.001082052545954	-0.000232747441809	5.4171371668680345e-08	1.170837712205533e-06	0.0006832092698558	-0.0002219453317501	4.9259730285661966e-08	4.667749064168953e-07	0.0	0.0	0.0	0.0	0.0	0.0	0.0	0.0	0.0	0.0	0.0
307.23329643599305	1.2167310750795082	94392.29843892678	1.4804345090641358	551.2026272932688	3.841416390736868	303824.33633500227	14.75647988702186	300.769794662996	1.070355004490466	90462.46938162076	1.1456598356377854	348.9722808213996	354.22054470528803	1.212933	28.168156	0.1596092341438017	0.1119634110925455	0.0191285561	-0.006445374	0.0233648182	-0.0279933018	-0.0440094684	-0.0006211499	-0.0036145706	-0.056869184	0.0667182813	0.1173456278	-0.0571650552	-0.051003975	-0.0254783508	0.0316086722	0.0431017591	0.0463646395	0.0859816921	-0.0736356074	-0.0735174008	0.0278011154	-0.0396907062	-0.0310533773	-0.0029720709	0.0234864945	0.0418145761	0.069772352	0.0712352822	-0.0048020701	0.149094962	0.0901740483	-0.0569171606	0.0493682118	0.0332781238	0.0518601258	-0.1080586908	-0.0530677792	-0.0090095927	0.1046289944	-0.027332502	0.0566886704	-0.037494955	0.0749222604	-0.0986923035	0.0641336267	-0.0137601626	0.1051529256	-0.0673862608	-0.0380767881	0.0456386406	-0.0676036872	0.0134262528	0.1251845616	0.0361914829	0.0952110496	0.0325476917	0.1214579027	-0.0094267414	0.0508840929	0.0205541225	-0.0708665044	-0.0654741131	0.0488376799	-0.0198852117	-0.0277738166	0.0105700914	0.0392427549	0.0473202296	0.032754578	-0.0515341252	-0.1310367949	0.0724188454	0.0160024256	0.0296732538	0.116732627	0.0059048277	-0.0726672443	0.0037049747	0.0179308617	0.0306923282	0.1596608418	-0.0309114868	-0.0260395809	0.0337137737	0.0012316638	-0.0837913909	-0.0780158632	0.0175607989	0.0894516707	-0.1276270955	0.0049853278	-0.013611656	7.2884e-06	0.0606824389	-0.0191668008	-0.0408562428	-0.0449492451	-0.0104024714	-0.1365411869	-0.0528711731	-0.0368936814	0.0102677173	0.0999554506	0.0110456906	0.0555731944	0.077869539	0.0144558072	0.1101042351	-0.0307861247	0.0165380465	-0.0146006459	0.0466944381	0.0401068905	-0.0592998818	0.001185064	-0.0219994085	-0.0868684701	0.0179914785	-0.043490576	-0.0321538639	-0.0737938554	-0.0045334821	-0.0500509428	-0.0173298675	-0.1281126051	0.07795456	0.0921302686	0.025426044	0.1520507906	-0.0760054879	-0.0019932095	-0.0784223827	-0.0643792659	-0.1136929374	0.072025638	-0.0618262001	-0.0755281812	0.0140901232	0.0542441537	-0.0960293686	0.0908143174	0.0193402056358706	0.0001917767305029	0.0003740435540377	3.67783143624201e-08	-0.0141025325063708	-0.1105374959300176	0.0001988814230932	0.0122185380064786	-0.1178529464387381	-0.016802369854311	0.013889316984292	0.000282319632721	0.0015860639775584	0.0002761922610699	7.628216507490382e-08	2.515598940908373e-06	-0.0011417154103998	-5.966286444580014e-05	3.5596573938779222e-09	1.3035140783443838e-06	0.0009889059769195	0.0003056967070636	9.345047670958958e-08	9.779350311871103e-07	0.0	0.0	0.0	0.0	0.0	0.0	0.0	0.0	0.0	0.0	0.0
306.5178650471248	-0.7154313888682395	93953.20159304742	0.5118420721779382	555.7440647602082	4.541437466939328	308851.4655161985	20.624654266120302	300.5745615583455	-0.1952331046504696	90345.06705599165	0.0381159651514612	349.4150031980687	358.47737576326875	1.277612	29.670214	0.0565303205134418	0.0334484351464489	-0.0250809974	-0.1481664097	0.0332906429	-0.0283868899	-0.0870056898	-0.0821525684	-0.0380651047	0.0158592709	-0.017736336	0.0296466191	-0.0416786662	0.1053812359	-0.0842108745	0.0186703291	0.0058298559	0.0243644441	0.1527070079	-0.0988245137	0.0592045059	-0.1021638959	0.0363746863	0.0201652796	-0.0472780513	0.084809983	0.0387527635	0.0941651164	0.1444698451	0.137015389	-0.0742967012	0.0676970894	-0.1577836273	0.018955272	0.0812820888	-0.0071415981	-0.1315567667	-0.1252659941	0.0994019677	-0.0563537874	0.0503330545	0.0582150635	-0.0564274953	0.0126948113	0.1146162938	0.0430269753	-0.023493843	0.0322659823	0.004506728	-0.0507745984	0.0613752285	-0.0500050145	0.0891166819	0.0416942391	0.0546865069	0.0393383323	-0.0029624437	0.1268747539	-0.0580843798	-0.0195272007	0.0461376681	0.1429113524	-0.0227340815	0.0413312044	-0.0504300882	0.0767987657	0.0742413605	-0.0027870485	0.0364191712	0.0519785876	-0.0629988088	-0.1503359531	-0.1356065217	-0.0544612002	0.0260532853	-0.1374427264	0.0731832821	-0.0613810917	-0.0291756414	-0.0731602826	-0.0158523278	0.125510164	-0.0249015734	0.1116651998	0.039282837	0.0029810632	-0.1708592937	-0.0984092382	-0.1500118896	-0.0935829325	0.100251855	-0.0821552571	-0.1051270302	-0.029648193	0.0172509055	0.097569595	0.0151874856	0.0243256335	0.0147050083	-0.097414701	-0.0141631154	0.0170270541	-0.1144214021	-0.0832201085	-0.0038434843	0.0561368177	0.074040131	-0.0660244625	0.1329915104	-0.126739386	0.0452749254	-0.0987874798	0.0264564293	0.0377088737	-0.0477141054	-0.0801203878	0.0038769778	-0.1714621874	0.0655681971	-0.1003130098	0.1997981674	-0.0850991787	0.0189988353	0.0594342359	0.0949529431	0.1082977529	-0.1068286517	0.047005123	-0.0721795217	-0.0149930664	-0.0575408617	-0.010350594	0.0968914269	0.0076741531	-0.0289585357	-0.1204236115	-0.0760235425	-0.0765483213	0.01719291	0.0502265533	-0.0940880769	0.0938191336	0.0254901493118495	0.0061499436759789	0.0006497477119403	3.78218072177129e-05	0.0157126242015834	0.0298151567079542	0.0002468865593001	0.0008889435695198	-0.1075890141560194	0.0102639322827186	0.0115753959670641	0.0001053483059042	0.0017030296301685	0.00011696565261	1.3680963890506589e-08	2.900309921231858e-06	-0.0010616542056209	8.006120477889998e-05	6.4097965106489566e-09	1.1271096523125444e-06	0.0009979048764663	8.998899546799975e-06	8.098019305339679e-11	9.958141424752212e-07	0.0	0.0	0.0	0.0	0.0	0.0	0.0	0.0	0.0	0.0	0.0
306.0195038352098	-0.4983612119150393	93647.93672754796	0.2483638975414267	551.9187773068746	-3.825287453333544	304614.33674391545	14.632824100631034	300.541839261655	-0.0327222966905083	90325.39714677849	0.0010707487007016	348.9946115532292	350.72215524920455	1.64507	38.203758	0.1242037569452094	0.0724615613469975	0.0594491641	0.0348668189	-0.0652305632	-0.0047195704	0.0133662794	-0.0626005355	-0.0498056283	-0.1296237106	0.0094360082	0.0074400317	0.1270086172	-0.0004427303	0.0414370153	0.0125994546	0.1029831876	-0.0660340932	0.0094832149	0.0851259398	-0.1795657833	0.139991337	-0.2984613521	-0.1959317794	-0.0673039138	0.2276465537	-0.0903704678	-0.1298636004	-0.0932321062	-0.1181587022	0.056944142	0.1102069611	-0.0350686342	0.1048262421	0.0255937955	-0.0294026252	0.0223642783	-0.1108101536	0.0962284707	-0.1019236553	-0.1158158802	0.048003809	-0.1784322035	-0.0957301728	-0.0463420186	0.0388588792	0.0249649703	0.021919291	0.0844611233	0.0443779972	-0.0716883414	0.0864197255	0.0601150183	-0.0497932324	-0.0892991727	0.045472571	-0.0355101992	-0.1180739581	-0.0282300209	-0.00230261	-0.0453977162	-0.012941848	0.0754765406	-0.0157030666	-0.0849087458	-0.100376585	-0.0054136243	0.1113262358	-0.0281600954	0.0441178234	0.038534473	-0.0029537369	0.0934258754	-0.0084384662	0.0794937573	0.1782314522	0.1969313665	0.138212605	0.2606853064	-0.1671628388	0.068437596	0.099423045	0.2489207853	-0.0230516389	-0.1509366334	-0.002435557	0.1904821141	0.0293441981	0.1083755856	0.0211694966	-0.0656307546	-0.172146535	0.0076373465	-0.1109821084	0.0955552741	-0.0149459881	0.0871965374	0.1056511825	0.066742556	-0.0332577121	0.0786224446	0.0738308361	0.0220199277	0.0311784284	0.0060091094	-0.0250609	-0.0138555221	0.0339579682	-0.0204973445	-0.0561030789	-0.038510178	-0.054844277	-0.0401791469	-0.0030019127	-0.0247943688	-0.1403241316	0.0753093903	-0.1338424189	0.0401683861	-0.1183914601	-0.0393784157	0.0567980922	-0.0456928269	-0.0244762255	0.0009340801	-0.1230976526	-0.1847862742	-0.1921583512	0.4030918702	0.256027821	-0.0587244545	-0.1350865526	0.1419509166	-0.0134230698	-0.0093079195	0.1551615609	-0.0563071969	-0.0775495743	0.0202787295	0.0460974375	-0.0917754626	0.0962455236	0.0348291930737758	0.0093390437619262	0.0012130726901703	8.72177383871745e-05	0.0820545958241041	0.0663419716225207	0.006732956695857	0.0044012571987633	-0.093168164576312	0.0144208495797074	0.0086803068905187	0.0002079609026005	0.0018527871844887	0.0001497575543201	2.2427325075967623e-08	3.432820351005564e-06	-0.0006431817785113	0.0004184724271096	1.7511917225099956e-07	4.1368280020895893e-07	0.000884097018275	-0.0001138078581912	1.2952228586091022e-08	7.816275377227457e-07	0.0	0.0	0.0	0.0	0.0	1.0	0.0	0.0	0.0	0.0	0.0
307.519641714019	1.5001378788091984	94568.3300399186	2.250413655438161	549.1104083855947	-2.8083689212799072	301522.24059739464	7.88693599801087	300.2666471803576	-0.2751920812974049	90160.05940893336	0.0757306816087975	348.06221986559973	351.14439207804287	1.414426	32.847466	0.3665994593580416	0.2402701396766565	-0.0071873778	0.1055086314	0.015077617	-0.0173197483	0.0998422683	0.0805134115	-0.0133034949	0.0540248165	0.0089905125	-0.0389404024	-0.1064578548	0.0651757637	0.0488249229	0.029010385	-0.0115680495	-0.1788386954	0.0580615268	0.0541410708	-0.0647081238	0.060940921	-0.0206137427	0.1421752762	-0.0616868188	0.0106618646	0.0091752415	-0.1320081042	-0.0697725625	-0.07609002	0.0115908459	0.0162448898	-0.1114904271	0.0144222441	0.0377604644	0.0284003782	0.0037408311	0.0668273796	-0.0193447123	0.0410547846	0.1175224564	0.0725830851	0.1002159885	-0.0533295924	-0.0064636845	-0.0983220984	0.0814642383	-0.0452870901	0.0228194144	0.0335429903	0.0010203287	0.0415923882	0.0857368228	0.127920165	0.0747415394	0.1804603265	0.1615375495	0.0951162022	0.0431600997	-0.0157262337	-0.0694328136	0.0021893729	0.027289887	0.0017706869	0.0104791579	-0.0211172266	-0.0063189665	0.0045531199	-0.1835842394	-0.018888267	0.1254880157	-0.0549731663	0.0450100317	-0.0095654813	0.0519787975	-0.0345089187	0.0434654677	-0.0552809807	0.047201669	-0.0485915329	0.0407780319	0.022524233	0.0487472771	0.0013324199	0.15111594	-0.0292262579	0.0098476954	0.0429649	0.0061917029	0.1079843646	0.165943018	-0.0218875921	0.1635768933	0.0517066109	-0.0366808471	-0.0520691996	0.0439686511	-0.0945121845	0.0645268928	0.0573266595	-0.0618705056	-0.0579487196	0.0573265164	-0.0185982003	0.0220051391	-0.0099804722	-0.0474339722	-0.0738757184	0.0140930708	-0.1067132462	0.0622793024	0.075089757	-0.1151486841	-0.1790510738	-0.031859706	-0.0326779201	0.0692885793	-0.1251684868	-0.0732433403	-0.0256438566	-0.0767565573	0.2277565439	0.0495047502	-0.0425293538	-0.1661265402	-0.1342338252	0.0252040684	-0.0315686959	0.0938158095	0.0544761493	0.126153213	-0.0556110734	-0.0665240126	0.0012930203	-0.0281438656	-0.0156052518	0.1694658832	-0.0785316931	0.0233445364	0.0418659738	-0.0891006524	0.098078528	0.01677767487935	-0.0180515181944258	0.0002814903743571	0.0003258573091236	0.3169928545425762	0.2349382587184721	0.1004844698310508	0.0551959854096677	-0.1489679978757507	-0.0557998332994387	0.0221914643911096	0.0031136213962451	0.0013066836287703	-0.0005461035557183	2.982290935682795e-07	1.7074221056963193e-06	-0.0008137104065097	-0.0001705286279984	2.9080012967016693e-08	6.621246256621812e-07	0.0004445322190777	-0.0004395647991973	1.932172126933627e-07	1.9760889379814429e-07	0.0	0.0	0.0	0.0	0.0	0.0	0.0	0.0	0.0	0.0	0.0
307.4110455930235	-0.1085961209954575	94501.55095259598	0.01179311749526	547.6427161216736	-1.4676922639210943	299912.544521124	2.154120581573827	300.5188183756447	0.252171195287076	90311.56019789372	0.0635903117325126	348.3984135142944	356.080870962486	1.379891	32.045448	0.3257483041108522	0.2469662616766497	-0.0179039233	0.0516760216	0.0718896593	-0.043929187	-0.0042111719	0.1445783894	0.0028495507	0.0201497931	0.0612687893	-0.0109212619	-0.0418773038	-0.0190286734	-0.0503767245	-0.0137833835	-0.0302448548	0.0215564744	0.0337033144	0.0860325363	-0.0571210791	-0.1352089929	0.0275944571	0.0415120289	-0.0630893662	-0.1119202055	0.0192537808	-0.0961568043	-0.1445935956	0.1016281887	-0.1029526199	0.1023687262	-0.0486944158	-0.1158322277	-0.0137186041	0.010038394	0.0085433522	-0.0761635473	-0.0482299174	0.1283337003	0.1778222509	-0.0364451379	-0.0230459965	0.0465075263	0.0020249436	-0.0476825001	-0.0812079372	0.0980730014	-0.055323849	-0.0210433001	-0.0510503157	0.1947671671	-0.0477060334	-0.0136450311	-0.0008869754	-0.0257332583	-0.0310195917	-0.076327282	-0.0449117974	0.0246335921	-0.0697327011	-0.1094992158	0.034794737	0.0377915104	0.177070875	-0.0232891257	-0.0121273806	-0.0335997852	-0.0052067507	0.0594807234	0.0617673672	0.0139862425	0.0656123397	0.0020504695	-0.0423209464	0.08731725	-0.0195916007	-0.1192590335	-0.2261787665	0.0303929588	0.0181084639	-0.0643619189	0.0447769123	0.1639383786	0.1139508731	0.0640617797	0.0433767711	0.0548239154	0.0997993937	0.0041204745	0.1535835066	0.0299326612	-0.1192563218	-0.1079212459	-0.1169462318	0.011525708	0.006086944	0.0598408931	-0.0015565277	-0.1301311567	-0.0391657384	0.0289715295	0.0133850767	0.0269622089	-0.0649900612	0.0387869135	-0.090379293	0.0886104942	-0.1638561486	-0.0177434045	0.070616206	0.0684649224	-0.0081068605	-0.0499562365	-0.1130489045	0.1377788824	-0.2467052086	-0.0921885847	-0.1179220306	-0.1236749299	-0.0089935904	-0.0060562957	0.0017928559	-0.0177203876	-0.0023102094	0.0968327848	0.1685359519	0.0161571982	-0.0363036477	0.0427093178	0.0096170228	-0.0874345694	-0.0239293508	0.0332738165	-0.0705505012	-0.0652169	-0.0162114722	-0.0794944353	0.026387305	0.0375415571	-0.0860742027	0.0993068457	0.0190527612509328	0.0022750863715828	0.000363007711285	5.176017998161799e-06	0.0750262822943454	-0.2419665722482308	0.0056289430349108	0.0585478220855583	-0.1840771178723343	-0.0351091199965835	0.0338843853241852	0.0012326503069345	0.0014409244218589	0.0001342407930885	1.8020590529056287e-08	2.076263189509405e-06	-0.0010071130838131	-0.0001934026773033	3.7404595588123056e-08	1.014276763587532e-06	-0.0001557748204194	-0.0006003070394971	3.603685416697728e-07	2.426579467669632e-08	0.0	0.0	0.0	0.0	0.0	0.0	0.0	0.0	0.0	0.0	0.0
306.92468197763736	-0.4863636153861534	94202.76040707385	0.2365495663714902	555.5224542458852	7.879738124211599	308605.19717137166	62.09027290615373	301.34287987817083	0.8240615025261491	90807.5312532697	0.6790773599456544	350.29750585258824	355.2423463862577	1.570831	36.479691	0.4768238731013529	0.4046139578418308	0.0011555233	-0.0798168181	0.1018809846	-0.0257050169	-0.1652905282	-0.1082416519	0.034916017	-0.0451922222	-0.1234190436	0.1397449372	-0.0865041086	-0.0859711657	0.0668674582	0.0612912578	-0.0130983763	0.2533923648	-0.0090510662	0.0175596229	-0.10036957	-0.1288632788	-0.0670835728	0.12025082	0.0332418964	-0.0118073229	0.1267040046	0.0835550322	-0.187005968	-0.109850651	0.019813837	-0.1551816342	-0.2349799481	0.067753408	0.0657104656	-0.1257097463	-0.1077308694	0.0347818561	0.0044234715	-0.1410475874	0.1575846199	0.0855156078	0.0015681747	0.0497294728	-0.1272005843	0.0725188578	-0.0142886108	-0.0257913736	0.0130201216	-0.0044275398	0.0698742347	-0.0078556092	0.0437992552	-0.0098895481	-0.0496257344	0.0200800246	0.0671531699	-0.07292759	0.058871258	0.0566757457	0.0762335098	-0.0325305072	0.0705613037	0.0193221718	-0.0453130201	-0.114548971	0.0342161435	-0.0298713554	0.2660701259	0.0324506802	-0.060616102	0.0387378337	-0.0008262397	-0.0475812611	0.0193263763	-0.0062553833	0.0953302171	-0.2242240573	0.0133852148	0.087851194	0.0296464359	-0.0082809432	0.0097271697	-0.1522961024	0.1902235817	0.0599857493	0.0667167431	0.044206008	-0.2165398151	0.0607032049	0.1182973169	-0.2183583272	0.1123654942	-0.0089961823	0.0260524972	-0.0083146537	0.1428726363	0.0040238301	-0.0159247318	0.0137767976	0.0665099864	-0.0386896951	-0.0299420227	-0.0649165653	-0.0008752865	0.0383200444	0.03978986	-0.0310615059	-0.1675223406	-0.067838713	-0.0321438781	-0.127158437	0.0545378399	0.2401430986	-0.0910019609	0.1182391816	-0.0337267554	-0.1162896943	-0.156363673	-0.0727584579	0.1348402931	0.2093907306	0.1540548296	-0.0236275394	-0.2291039095	-0.1553144881	-0.091501276	0.1224084834	-0.0890694064	-0.0418764027	0.0019565642	0.0455644039	-0.0230131236	0.0641177574	-0.0210836089	0.0933460165	0.2758098741	-0.0804375635	0.0294040325	0.0331337888	-0.0827080574	0.0999229036	0.0074128977604033	-0.0116398634905295	5.495105320619226e-05	0.0001354864220781	-0.3292016215918494	-0.4042279038861948	0.1083737076587032	0.1634001982802267	-0.1455130783041696	0.0385640395681647	0.0211740559575553	0.0014871851478149	0.0016510260686079	0.000210101646749	4.4142701966641643e-08	2.7258870792228584e-06	-0.0009789564375992	2.8156646213899983e-05	7.927967260147282e-10	9.583557067169162e-07	5.380820974697893e-05	0.0002095830301663	4.3925046533721296e-08	2.895323436174878e-09	0.0	0.0	0.0	0.0	0.0	0.0	1.0	0.0	0.0	0.0	0.0
305.4364460980175	-1.488235879619879	93291.42260498714	2.214846033387954	552.527669620514	-2.994784625371267	305286.8256962758	8.96873495236012	300.5281307978613	-0.8147490803095252	90317.15740085643	0.6638160638652172	348.92223915094394	354.03616576915164	1.297755	30.137995	0.2953982131421444	0.2537973486079229	0.0238418926	-0.1127987925	-0.0248447248	0.0887099094	0.0193312958	-0.1828039589	-0.0053864207	-0.0431904831	-0.0341129008	0.0275747192	0.048602585	-0.0186980422	-0.0194525946	-0.0848908412	0.0235491329	0.0892877701	-0.0156433141	-0.0542428562	-0.0623986559	-0.1905699668	0.0154437685	0.0713369209	-0.0786476218	0.022740313	-0.071594331	-0.0439081319	0.0786446287	0.0104779073	-0.1086700045	-0.0522880141	-0.0049698507	-0.0244274781	0.0752932982	-0.0270227647	0.1385405341	-0.1257833068	0.0211968322	-0.1044797705	0.0576278857	-0.0219222151	-0.0241366978	0.0609561549	-0.0650362383	0.0014432281	-0.0612816103	-0.0339565911	0.0421802926	-0.0082723697	-0.0209354644	-0.0306384973	0.0169402909	0.0571624358	0.0248957667	0.0652175327	-0.1103056681	0.0111682513	-0.0702378346	0.0518826853	0.0667771714	-0.0491157101	-0.159236809	0.0173275476	-0.0085580296	0.0718426973	0.039004369	0.0230085921	0.0958827078	-0.052304116	-0.0753886571	-0.0245391627	-0.0571146628	-0.0840258019	0.0558675558	-0.0208449918	0.0806222364	-0.1091508869	0.032437245	-0.1920168003	-0.0588450944	-0.106160854	-0.1195188737	0.0884111122	0.1121713378	0.0081794113	0.0345603271	-0.0019949118	0.0232691008	-0.0164038216	0.0267706197	-0.0092185511	-0.0051883386	-0.1280143276	-0.0587984683	-0.0164622504	0.0590072008	0.0201094853	-0.0217393	-0.0072406617	0.023436494	-0.045169885	-0.018895946	-0.0491155426	-0.0779719993	-0.0266362992	0.031542553	0.1490542124	0.080051525	0.0965612512	0.0644060906	0.0144534783	-0.0694527327	0.1287636999	-0.0823803021	-0.0485057504	0.1158358045	-0.1488738618	-0.1825383806	-0.0600425183	0.0988078318	-0.0318692213	-0.0685338022	0.0459697034	-0.0051457395	0.0667029398	0.0094334246	0.0501192472	-0.0673590979	-0.0516266191	-0.0180058716	-0.0060080912	0.0875183388	0.0186989253	-0.0630916885	-0.0116735361	0.0895843833	-0.081360845	0.0323917418	0.0286524553	-0.0790155012	0.0999229036	0.010905872605349	0.0034929748449457	0.0001189380572841	1.220087326742344e-05	-0.0768100616985378	0.2523915598933116	0.0058997855781331	0.0637014995053791	-0.1170526199219565	0.0284604583822131	0.013701315830594	0.0008099976913256	0.0016549253751795	3.899306571599837e-06	1.5204591739321673e-11	2.7387779974130087e-06	-0.000987129902275	-8.1734646758e-06	6.680552480655039e-11	9.74425443965451e-07	-0.0001551834194391	-0.000208991629186	4.3677501069851524e-08	2.4081893668811642e-08	0.0	0.0	0.0	0.0	0.0	0.0	0.0	0.0	0.0	0.0	0.0
304.556505429582	-0.8799406684354949	92754.664999479	0.7742955799667056	546.195362496376	-6.332307124137969	298329.37401254755	40.09811351440848	299.92965576817875	-0.5984750296825609	89957.7984092182	0.3581723611535422	347.99525009607976	345.26968222419134	1.267637	29.438557	0.1335631193536119	0.0993441544496443	0.0161256574	-0.1076274403	0.0532438705	0.1342078037	0.0128370883	-0.10873306	0.0034167145	-0.0841463148	0.0441584321	-0.0577629975	-0.0267897872	-0.0349333336	-0.1481880524	-0.0854837391	-0.0024997445	-0.0090954014	-0.0658635142	-0.0166222913	-0.0136056278	-0.1453517945	-0.1174788813	0.0290721035	-0.0371298244	0.0324388784	-0.0607411526	-0.0453279091	0.0071994241	-0.0438244102	-0.0154006733	0.0194223246	-0.1245399666	0.0159906156	0.0347053851	0.1066348775	0.0047186251	-0.0447771935	0.0451939134	0.1545944568	-0.0106689637	-0.0121569448	0.147382032	-0.0154507954	-0.1045666395	0.1271229148	-0.0249359334	0.0388982336	-0.134592441	0.0590208506	0.1482343258	-0.0124724367	-0.079036326	0.0192035973	-0.0769468422	-0.0331248591	-0.0517277035	-0.0800656309	-0.0226314175	-0.1494080579	-0.0151710178	-0.0920834635	-0.0282657957	0.165258365	-0.0845410649	0.0246997848	-0.0004052032	0.0022360451	-0.0113200152	-0.0350297895	-0.0880433222	0.0574519635	0.0064681871	-0.0663642684	-0.0092024942	-0.0394138289	0.1072719615	-0.0992218159	-0.0405580935	-0.0679623081	0.10546664	0.0421266689	0.0256480698	0.1111736805	0.0484173606	0.0057070649	0.0717051638	-0.0739408628	0.0269787278	0.017411058	-0.0791263286	-0.0460386143	0.203985489	-0.1293795853	-0.1313093722	0.0051680076	-0.0235087984	-0.0263897603	-0.0075724517	0.0224401151	-0.0707356398	0.0989993198	-0.0555882294	-0.0558473115	0.0386629846	0.0354109004	0.1016589358	-0.0284288902	-0.0067347635	0.01709007	0.0413406396	0.1016884722	0.0588638388	0.0340392412	-0.066934909	-0.1212471168	-0.013987994	-0.0800185381	-0.1499066595	-0.0699382684	0.0132372265	-0.0479040328	0.0069788976	-0.0145720482	0.1545823165	-0.0192047013	-0.0697795258	0.0538985218	-0.0785354619	0.0858823851	0.0369836785	-0.0580155189	0.063598524	-0.0622509575	-0.0402579392	0.0792932092	0.021999478	-0.0822640518	0.0353474844	0.0241075061	-0.075011107	0.0993068457	0.0131622078805975	0.0022563352752484	0.000173243716292	5.091048874330721e-06	0.0182695326009678	0.0950795942995056	0.0003337758214578	0.0090401292521585	-0.0987479669691637	0.0183046529527927	0.009751160980543	0.0003350603197221	0.0016560924099299	1.1670347504000918e-06	1.3619701086414048e-12	2.742642070227424e-06	-0.0009783401618097	8.789740465299902e-06	7.725953744733054e-11	9.5714947220983e-07	0.0001933105418665	0.0003484939613055	1.21448041066469e-07	3.7368965596719856e-08	0.0	0.0	0.0	0.0	0.0	0.0	0.0	0.0	0.0	0.0	0.0
305.7453140421567	1.1888086125746895	93480.19705873702	1.413265917331758	550.6152501265208	4.419887630144785	303177.153671891	19.535406663106887	299.79339128865865	-0.1362644795200935	89876.07746035479	0.018568008378882	348.50823069962144	354.9585221647359	1.337247	31.055111	0.2042485097747049	0.1554776015338728	0.0055481002	-0.0885924956	-0.1102337247	0.0331732583	0.0507967821	-0.1273810537	0.0056034045	-5.78478e-05	0.0696630432	-0.0075935102	0.0245960758	0.0450581821	-0.0850640013	-0.0473367692	0.0153531174	-0.1053900831	0.0497911782	-0.0550197378	-0.0653722503	-0.0687986637	0.0023623405	0.05886365	-0.1183149196	-0.0096538872	-0.1019124934	-0.0666419001	0.0594611268	-0.086852255	0.0055737652	0.0200881391	-0.1444725032	0.022908759	-0.0124718385	-0.0046935624	-0.033996439	0.0220600335	-0.1147894107	0.0158718308	-0.0215781156	-0.0350106259	0.0290222872	-0.0255803818	0.1869567586	0.0743418685	-0.0389669105	-0.1013409574	-0.0315652117	0.0134262368	-0.0303338902	-0.0619577085	0.0005572574	0.0563476494	0.1057594027	0.0789267399	-0.1707598938	-0.0350120261	-0.0952418578	-0.0271451707	-0.0154098627	-0.1805355295	0.0617636447	-0.1412164881	0.0318143246	0.0785081688	-0.0160020065	0.020840075	-0.0897855363	-0.0198570907	-0.0203395234	-0.0600169105	-0.1282358132	-0.0571082775	0.0795653649	0.0230005271	-0.0223822596	-0.037077992	0.0144303685	-0.1887225703	0.0016766664	-0.0207880126	0.0510870165	0.0264268631	0.1442214813	0.0790054684	0.0211604468	-0.0563521725	-0.004546742	0.029010395	0.0188019906	-0.1141044956	0.0471565975	0.03821675	-0.1765565396	-0.0651931856	-0.0665020841	-0.0113298862	0.0202391221	0.0118418384	0.0471197616	0.0060277602	-0.0668725063	0.0550578658	0.1380469707	-0.0140760188	-0.0476874683	0.066407327	0.0557586413	0.0942823006	0.0182124504	0.1421628215	-0.0203842298	-0.0804676266	-0.0517334263	-0.1317261783	0.0775041959	-0.1140111684	-0.182547991	0.00313283	-0.0785864475	-0.0014493672	-0.0541792987	0.1464237683	-0.0302252681	-0.0006186848	0.0600886051	0.1020759846	-0.1272596968	0.0024471924	0.0853242658	0.0108143704	0.0280404034	-0.0894481699	-0.0091386759	0.0113855831	-0.0029795926	-0.0831469612	0.0382683432	0.0195090322	-0.0707106781	0.098078528	0.0182928956488268	0.0051306877682293	0.0003346300312188	2.632395697505777e-05	0.1743594096086269	0.156089877007659	0.0304012037190689	0.0243640497042661	-0.0937431822760572	0.0050047846931065	0.008787784223242	2.504786982435313e-05	0.0014009154125118	-0.000255176997418	6.511530001131697e-08	1.962563993013107e-06	-0.0011351106887147	-0.0001567705269049	2.457699810607132e-08	1.2884762756343606e-06	-0.0001552051399246	-0.0003485156817911	1.2146318045431528e-07	2.4088635459014672e-08	0.0	0.0	0.0	0.0	0.0	0.0	0.0	0.0	0.0	0.0	0.0
305.0706461988215	-0.6746678433351576	93068.09917216652	0.4551766988305127	550.643349981308	0.0280998547872286	303208.09887863725	0.0007896018390633	299.1886550652098	-0.6047362234488673	89513.85131972909	0.3657058999511984	348.0819425561487	358.80672425297524	1.40543	32.638546	0.2795971352009481	0.1650964801324028	0.0550692641	-0.015639211	0.0771438453	-0.0255497781	0.0049327298	0.0697057592	-0.035818091	-0.1069126903	-0.0603934053	-0.1370243299	0.0936135151	0.0965596832	-0.189022144	-0.0296190649	0.0534085573	-0.1915626211	-0.0194910381	0.0501113557	-0.0934967309	-0.1499863531	0.0172788974	-0.030354683	-0.0782021808	-0.0764377627	0.0444636827	-0.2002296652	-0.0258829582	-0.0602509732	-0.0729478418	-0.044142279	0.027463531	0.0318036681	0.0620982204	0.1490637038	-0.0670047999	-0.0463988446	-0.0764482417	-0.1503223781	-0.0300356983	-0.0631835906	0.0371277733	-0.0325331674	0.0600327829	-0.0240366521	0.0399655801	-0.0380144242	0.0441609647	-0.0469902149	0.0295515484	0.0645672045	-0.1023563472	0.1114224946	0.0549366735	-0.0765282519	0.0686387507	-0.0323836944	-0.0748315646	-0.0634354241	-0.1012020401	0.0522313181	-0.0195618378	-0.0056399389	0.1587219075	-0.093189684	-0.0627915504	0.0549911128	-0.1721503229	0.0939407373	0.0058069652	0.1142229409	-0.0511692191	-0.1151311568	-0.1410331446	0.0684262881	-0.0060755288	0.023647631	-0.1184988057	-0.1246281097	-0.0779694416	-0.104096037	0.2687454321	-0.0518979857	0.0799699034	0.0413098565	0.0509230687	-0.085469034	0.0217928364	-0.0331360571	0.0434814915	-0.0002039806	-0.014959426	0.0479225437	-0.0273519999	-0.0539387103	0.0753299708	-0.0822193313	0.0014195748	0.0724075426	-0.0624718357	0.0283305527	0.0125462437	0.0186069587	-0.0368684752	0.0185894351	-0.0641256709	0.0018261296	0.0882911957	-0.03163321	-0.0178711734	0.0837541302	-0.0136547165	-0.1735368118	-0.0684622749	0.0005878118	-0.0726233506	-0.0145131968	-0.1584534056	0.1269027775	0.0823906069	0.2016428811	0.0340249676	0.0958037616	-0.0526393023	0.1331218156	0.0614617504	-0.0417029823	0.1205732085	-0.0483399091	0.1191049245	0.0430595828	0.0367697428	-0.0159499527	0.1927980007	0.0611697442	0.0287806819	-0.0840093554	0.0411514359	0.0148672434	-0.0661311865	0.0962455236	0.0400847466478779	0.0217918509990511	0.0016067869138245	0.0004748847699648	0.295957564392765	0.1215981547841381	0.0875908799212976	0.0147861112469072	-0.2016785812710111	-0.1079353989949539	0.0406742501434878	0.0116500503561998	0.0012646146802859	-0.0001363007322259	1.8577889605316532e-08	1.599250289594609e-06	-0.00107636312792	5.874756079470001e-05	3.4512758993269732e-09	1.1585575831457265e-06	0.0002151811755109	0.0003703863154355	1.371860226618857e-07	4.6302938294252755e-08	0.0	0.0	0.0	0.0	0.0	0.0	0.0	0.0	0.0	0.0	0.0
304.29676756803525	-0.7738786307862711	92596.52275235488	0.5988881351876336	547.7856772343317	-2.8576727469762773	300069.1481830755	8.166293528810943	299.40281467893834	0.2141596137285546	89642.04543767069	0.0458643401523637	347.23539308192755	340.88664026740645	1.674248	38.881351	0.4601468513068688	0.309387906064857	0.0056694355	0.1335411619	-0.0134359806	0.15613643	-0.0075250717	-0.0237597753	0.0022629863	0.0391719233	-0.0410667353	-0.039535545	-0.0201634468	-0.219005239	0.0055552633	0.0257487807	-0.0052968636	0.0201665197	-0.0934697289	-0.0494172764	-0.0712621448	-0.0297310272	-0.0140473115	-0.0974293934	0.013619455	-0.0867068538	0.095877828	-0.0155342731	-0.0687527752	-0.0404137398	-0.0661762015	-0.0243427548	0.0670886374	-0.0117671672	-0.02363573	-0.0154402896	0.0638124823	0.0109486113	0.0348920486	-0.0184095802	0.0263163993	-0.1604764829	-0.0488363418	0.0071422473	0.1381670471	0.0658066773	-0.0828481407	0.0514794567	0.0207158349	0.035484771	0.0185827694	-0.2044264267	0.0650732803	-0.0101849198	0.0478112845	0.0050262189	0.1201239548	-0.0669184463	-0.0220457487	0.1094568892	0.0064462299	0.0297094286	-0.0130458756	0.0380732668	-0.0185972998	0.0899310937	0.0810067805	-0.0003432092	0.0165145489	-0.0509702091	-0.0612882357	0.054776531	0.0546138849	0.1345394761	-0.1049346527	0.1479438335	0.0340988098	-0.068177781	0.0499438798	0.0197805314	-0.0353039158	-0.0789807631	-0.0242733753	-0.0729240729	0.0062870246	-0.1722097227	0.0882588091	0.0086668596	0.0225753287	-0.0174417467	0.0478726924	-0.0408355517	-0.1379549765	0.0394431416	-0.1530233328	0.1296045044	-0.0812206438	0.0182517427	-0.1395784429	-0.0249570403	0.0215074676	0.0354266056	0.067037201	0.0179679304	0.025157902	-0.1320727734	0.0245524311	-0.0073219927	0.2443238565	0.0891335812	0.0206102238	-0.0346524335	0.0311170509	0.0364307848	-0.0220841634	-0.0661813107	-0.1237875449	0.0391706772	-0.0231676283	0.0741849893	-0.1476599643	-0.0813681363	0.0350748544	-0.1539240408	-0.0052780055	-0.0658631201	-0.0646623047	-0.0379164497	0.0071102142	-0.0346010471	0.1732405969	0.0884830849	0.0260913978	0.1058973522	-0.0147725116	0.0303409571	-0.0451329774	-0.0848510215	0.043993917	0.0101924456	-0.0612907054	0.0938191336	0.0325344808804857	-0.0075502657673921	0.0010584924461626	5.700651315825451e-05	0.0037470546476612	-0.2922105097451038	1.40404185325594e-05	0.0853869820054934	-0.1084682334024833	0.0932103478685278	0.0117653576574555	0.0086881689497719	0.0012428299525076	-2.1784727778300037e-05	4.74574364374637e-10	1.544626290850043e-06	-0.0015258243670912	-0.0004494612391711	2.020154055173106e-07	2.328139999209261e-06	0.0010874497670783	0.0008722685915674	7.608524958349758e-07	1.182546995918649e-06	0.0	0.0	0.0	0.0	0.0	0.0	0.0	1.0	0.0	0.0	0.0
308.4487301311339	4.151962563098664	95140.61911950908	17.238793125372826	551.3886102755864	3.602933041254687	304029.3995416425	12.981126499764748	300.83411627290576	1.4313015939674187	90501.16551370018	2.048624252893674	348.90486409033485	353.5881007256268	1.768405	41.067978	0.1459785308062305	0.0919605953171196	0.0519336414	-0.0520371305	0.1012272108	-0.0358611406	0.2039755359	-0.0005747431	0.0345749182	-0.0670843551	-0.1120449651	0.1048766335	-0.1480706682	0.1268498452	0.1876141294	0.1685315351	0.0702811671	0.0413329014	0.0340369596	-0.0611607591	-0.0658801416	0.0497297736	0.0029696064	0.2160687373	-0.0085071124	0.0457190457	-0.0026137954	0.0658843804	-0.0570088932	0.0271408083	0.1219661542	-0.0862548972	0.1139503788	0.0210939047	0.0229069812	-0.0104711674	-0.0033128401	0.0247880548	0.0466307677	0.0421901864	-0.1406167066	0.0146651952	-0.0124015108	0.0952629892	-0.0482775438	-0.0715037899	0.0491369644	0.106361478	0.0014127437	-0.0411320587	0.0886366335	-0.0716329468	-0.0930206331	0.0740689122	0.0036802531	-0.0770609374	-0.0828913148	-0.0134476674	0.0166536791	-0.0751882435	-0.0875559561	0.0387278994	0.1580523009	0.0336668919	0.0315616718	0.1045530213	-0.0095439802	0.0851608051	0.0079226995	-0.1688230118	0.1190108281	-0.0958344481	0.0026784502	-0.1388076991	0.025825508	-0.0629205474	-0.0282211431	-0.1045806413	-0.0451646329	0.0362547945	0.0304024181	0.0036474978	-0.0007708529	-0.2784881579	-0.0052426276	-0.0256300911	0.0378899658	0.1663036296	-0.0552753515	-0.0384711067	-0.0589751259	-0.016981882	0.0125789714	0.0279734629	0.2011561273	0.059127209	-0.0748826209	0.0871369285	-0.0708574718	-0.1567670296	-0.1173792827	-0.0946002484	-0.0727706918	-0.0570272901	-0.0302983723	0.1457061729	0.0512566542	0.0062757077	0.1148815064	0.0090280052	-0.0856607409	0.1051096155	-0.0991806048	0.0189660182	-0.0206942269	0.0859980294	0.0917250283	-0.0359752776	0.0433131198	0.164898158	-0.1378269068	-0.0859583471	0.1218694017	-0.0936588648	0.0513821492	-0.0155363674	0.1217502358	-0.0024326572	0.0634285377	-0.1156196469	-0.0396350263	-0.0460477746	0.0052933993	-0.1325551591	-0.0171904948	-0.0396597548	0.0379528169	-0.0856717519	0.0467929814	0.005495018	-0.0562083378	0.0908143174	0.0463457582153097	0.0138112773348239	0.0021479293045519	0.0001907513816194	0.036447531879773	0.0327004772321118	0.001328422580127	0.0010693212112078	-0.194153832976248	-0.0856855995737647	0.0376957108593688	0.0073420219743155	0.0010658836780716	-0.0001769462744359	3.130998403678017e-08	1.1361080151794424e-06	-0.0016244215794609	-9.859721236970012e-05	9.721410287075748e-09	2.6387454678182454e-06	0.0010873697205734	-8.004650490014975e-08	6.4074429467296975e-15	1.182372909219874e-06	0.0	0.0	0.0	0.0	0.0	0.0	0.0	0.0	1.0	0.0	0.0
307.5534928268284	-0.8952373043055104	94589.150949982	0.8014498310201971	551.4428922017415	0.054281926155113	304089.2633598215	0.0029465275071091	301.05528569417766	0.2211694212718953	90634.28504440292	0.0489159129057451	349.1068199745469	356.6377324673769	1.386081	32.189194	0.0745709417227777	0.041992830626081	0.0466975515	0.0381720142	-0.0081586688	-0.1058287056	-0.0711665922	0.1038391796	-0.1105642344	0.1060757459	8.13321e-05	0.1276452785	0.0356794209	-0.0106293166	-0.0888149549	-0.1039781975	0.043425647	0.0491468698	0.0927161251	0.05850787	-0.003318937	-0.061548987	-0.0301629479	0.0583674388	-0.0711782136	-0.0445967349	0.0427771863	0.0510863211	0.0065079981	0.0532811965	0.133884342	0.0006960994	0.0459184718	-0.0112336236	-0.0251630485	-0.1302826197	0.0045457081	-0.0183946812	0.0933277746	0.076780752	-0.0562392209	0.0182070798	0.0019360594	0.0360110909	0.1385810175	0.0327649324	-0.0383878094	-0.0616607618	-0.0001734255	0.0546025261	-0.0176982933	0.0415716449	-0.0716662475	0.0792737238	0.073022412	0.0393190923	-0.0175919737	0.0148797305	0.206575618	-0.0621832261	0.0253281042	-0.0253144653	-0.0217579266	-0.0487383273	0.0586221639	-0.0591542056	-0.026603734	0.0373038761	0.064210274	0.1060328624	0.0829466421	-0.0399021409	-0.0032130034	0.0671325776	0.0026558566	0.0318785734	-0.021675986	-0.1312333196	-0.0573133427	0.010206799	-0.0806378742	-0.0316595213	-0.033605535	0.0382001693	-0.0492768508	-0.0559665962	0.056475848	-0.1039181009	0.0236770886	-0.1177433836	-0.1271964303	0.0778825147	0.0565685513	0.016060513	0.1116901392	0.1175982854	-0.0041146577	0.1409471109	0.1514583088	0.0893262199	0.0963865128	0.0005090072	-0.0469869458	0.0136214146	0.1288023265	0.0767236798	0.0929330954	-0.0784038835	-0.0056005858	-0.0683722967	0.022040529	-0.1073288629	-0.0741421665	0.0069335395	-0.0413535095	0.1371042412	-0.0202889564	-0.0156986528	0.0321296665	-0.0024271642	0.0478482455	-0.0682684027	-0.0371367039	-0.0560673787	-0.0448663514	0.1299341893	-0.0851924498	-0.0875742502	-0.0369042192	-0.0684559792	-0.022839805	-0.0449829993	0.0797813958	-0.0799134288	-0.0519326923	-0.0260058257	-0.0118470481	-0.0864713441	0.0495458668	0.0007853901	-0.0509041416	0.0872496007	0.0403520454206471	-0.0059937127946626	0.0016282875696299	3.592459306490221e-05	0.0583531625233177	0.0219056306435447	0.0034050915764727	0.0004798566538914	-0.2037233408363334	-0.0095695078600853	0.0415031996015168	9.15754806842362e-05	0.0016377905599049	0.0005719068818333	3.270774814882882e-07	2.682357918113606e-06	-0.0014551103923807	0.0001693111870801	2.8666278070506476e-08	2.117346254014315e-06	0.0010881934601496	8.237395762000343e-07	6.785468893982121e-13	1.1841650067123589e-06	0.0	0.0	0.0	0.0	0.0	0.0	0.0	0.0	0.0	0.0	0.0
306.6371904995422	-0.9163023272861892	94026.36659745254	0.8396099549900866	551.2813800175985	-0.1615121841430209	303911.15995410783	0.0260861856266491	300.7147205581575	-0.3405651360201318	90429.34316037076	0.1159846118724109	348.8130708160438	356.6131710272041	1.124532	26.115208	0.1734489841754827	0.1140970052004712	0.054344509	-0.0147119534	0.0244243822	-0.0229086935	-0.0519326306	0.0581791837	-0.0289173203	-0.0438138606	0.0710039969	0.0495835675	0.0841925592	-0.058534665	0.1124066883	0.0118607008	0.0634870438	0.1040052464	0.087522074	-0.0047277783	-0.0741320672	-0.1341619625	-0.0405581316	-0.0835820748	-0.022904837	-0.0370443777	-0.0746527759	0.0107070618	-0.0132360165	0.000892487	0.0157284659	-0.0506020522	0.0871863622	-0.0211912952	-0.0651797427	0.0365636031	0.0189526151	0.0227667476	-0.0059694075	0.1217819948	-0.0487506149	0.0433410548	-0.1202002447	0.0307207898	0.087579171	-0.0794207939	-0.0372332226	-0.0759681674	-0.0243171919	0.0342692184	-0.0173046346	-0.0407004946	0.048295287	-0.0141509201	-0.0626603886	0.0210950358	0.0119524382	-0.0173709917	0.166683667	0.0411512798	0.0029697535	-0.0375428332	0.0282623188	-0.0606392394	-0.0426903385	-0.1392134574	0.049611046	0.0554283606	0.104310462	0.0894211098	-0.0100796679	-0.07166266	0.0687870258	0.0062723466	-0.0226666828	0.1347412962	0.0030802669	-0.0586721742	-0.0407633939	-0.0803062674	0.0202693655	-0.0108460242	-0.143948133	0.0035977811	-0.0315945148	0.0080925547	0.1219544333	0.0377572703	0.0393808525	-0.0351059963	-0.007664176	0.1570817804	-0.1178346448	0.0958158397	0.0872021124	-0.0256339405	-0.0793775883	0.0548731387	0.0649969465	-0.0424524918	0.1499905309	-0.0235898033	-0.0467393178	-0.0169230948	0.0070717106	-0.0673163708	0.0281804986	-0.0898400816	0.0084737604	-0.003932279	-0.0658233459	0.0141846919	0.0682222003	0.0818873088	-0.0597479441	0.1028703036	-0.0422983617	-0.0514442293	-0.0649471218	0.051504894	0.0134735839	-0.0786850336	-0.0339935343	-0.0528208254	-0.0366262176	0.0044358731	0.018090635	-0.0089374618	0.1017332073	-0.0885360516	-0.0663350273	0.0099797679	0.0528095055	-0.066638449	-0.0692408331	-5.10143e-05	0.0120090831	-0.0872496007	0.0522498565	-0.0039259816	-0.04539905	0.0831469612	0.0336170549159504	-0.0067349905046966	0.001130106381222	4.536009709835467e-05	-0.0471386107791005	-0.1054917733024182	0.0022220486261835	0.0111285142344887	-0.1772042385600656	0.0265191022762678	0.0314013421636526	0.0007032627855391	0.0015548742994054	-8.291626049950016e-05	6.875106255220971e-09	2.4176340869514333e-06	-0.0013890768943021	6.603349807860013e-05	4.360422868496487e-09	1.9295346182839677e-06	0.0005430808568857	-0.0005451126032638	2.97147750237146e-07	2.949368171157062e-07	0.0	0.0	0.0	0.0	0.0	0.0	0.0	0.0	0.0	0.0	0.0
306.15373433607726	-0.4834561634649503	93730.10904792538	0.2337298619922488	551.827652978897	0.5462729612985413	304513.758592198	0.2984141482458776	300.5518828675776	-0.16283769057992	90331.43429524609	0.0265161134734017	348.9743231595291	351.4025082924383	1.192976	27.704699	0.1120676318574609	0.0827977868509937	0.0313680612	-0.1191052186	0.0383386261	0.0367287071	-0.0354865994	-0.1160509637	-0.0481826659	-0.0273587628	-0.0113954544	0.0445953449	0.0035098235	0.0450433465	0.0009430642	-0.0533652459	0.0365905856	0.0430773188	0.0400920891	-0.0643956134	0.0048219056	-0.1443189113	-0.014982314	0.0651169869	0.0397744289	0.0623411937	-0.1078382663	-0.0080675781	0.1109723946	0.0963634441	-0.0594260598	-0.0537008582	0.064474441	0.0222686517	-0.0269543916	0.0704401299	-0.0093810172	-0.0467442254	0.0202234848	0.016701054	-0.0370929047	-0.086188165	0.1448218024	0.0331282645	-0.0039344267	0.0085197586	-0.031343465	0.0009925774	0.0570282419	0.1047669117	0.1949793403	0.0014544066	0.0423419702	-0.0830209842	-0.0135956389	-0.0839114058	0.0094571078	-0.0420787883	-0.0718135187	0.1013039368	0.0496818485	0.0824472169	-0.0262692366	-0.1215384714	-0.0353977426	-0.0440905793	-0.0574624481	0.0279466335	0.0513246627	0.0186343882	-0.0862888968	-0.0526918458	-0.0574904936	-0.0991778822	0.0468622601	-0.0846599547	0.0615826906	-0.0688969602	0.0100876705	-0.0643972064	0.0131156218	-0.0391476678	-0.110394026	0.0605652327	0.013763158	0.0239657175	-0.0671586854	0.0915845562	0.0493449397	-0.002312165	-0.0375887253	0.1093837668	-0.0314262776	-0.015411569	-0.097389603	0.0243625491	0.000777034	0.0099961614	-0.0121995746	0.0622631058	0.0860066902	0.073686039	-0.0647323167	-0.0156436015	-0.0438766737	0.0454344023	0.0671889302	-0.0093487303	0.1010659468	0.0690619674	-0.0464592148	-0.0031994665	0.1635077173	0.0425621203	-0.0376040292	0.0101556143	0.1023068116	-0.0880900771	-0.0734613725	0.0755088784	0.0648213203	-0.1089323989	0.0265904868	-0.0202497995	0.0771936433	0.0645478441	-0.0778126976	-0.0139307753	-0.0275900035	0.0031010164	-0.0968731955	0.0224308828	0.0892661101	0.0305516082	0.0036707652	-0.0647557286	0.0469140531	-0.0880063298	0.0549022818	-0.0086286366	-0.0397147891	0.0785316931	0.0259468176946313	-0.007670237221319	0.0006732373484784	5.883253903130892e-05	0.0333278546763295	0.08046646545543	0.0011107458973265	0.0064748520628899	-0.1636237750859237	0.0135804634741418	0.0267727397733689	0.0001844289881725	0.0015590128075945	4.138508189100061e-06	1.712725003124827e-11	2.430520934243685e-06	-0.0014069318415412	-1.7854947239099965e-05	3.187991409110434e-10	1.9794572067425123e-06	0.0007280967155889	0.0001850158587031	3.4230867971682466e-08	5.301248272513436e-07	0.0	0.0	0.0	0.0	0.0	0.0	0.0	0.0	0.0	0.0	0.0
306.0415951106328	-0.1121392254444799	93661.4579378605	0.0125752058832879	551.0349972565969	-0.7926557223001964	303639.5682015777	0.6283030940952461	299.83581015101976	-0.7160727165578464	89901.51304891836	0.5127601353985338	348.1569112237033	353.2104579472713	1.289423	29.944494	0.1472944285678911	0.0808977947978602	0.0461981579	-0.0492394607	-0.1225512081	0.0425890265	0.0430570445	-0.0744292766	-0.0792585416	0.0926194603	0.00327651	-0.0296789311	0.1298507491	0.0334842885	-0.0673273807	-0.0545616591	0.058465645	-0.0380531087	0.0583069524	-0.0837556985	-0.0001243238	-0.0743977359	-0.0540688572	-0.0375564161	-0.0664826431	-0.025177461	-0.079817522	0.1038144866	-0.0538067243	0.0255518545	0.0690864236	-0.0827734003	-0.0092667056	-0.0860625363	0.0476442349	-0.0266413825	0.1818658308	0.1139518132	-0.024530165	-0.0662004239	0.1299598565	0.053355904	-0.043084759	-0.0086131173	0.0011729201	0.0676812244	0.0414475968	0.1401315531	-0.0581292383	0.0531445235	-0.0075606102	0.0814528838	0.0181242613	-0.1117974226	-0.0792298922	-0.0088179421	0.0340277	0.0679494515	0.0176791814	-0.0508165893	0.1292975643	0.0120089673	-0.0189451466	0.0468753182	0.0230473599	0.0929289312	-0.1286964053	0.0587996547	-0.0494513868	-0.0068041573	-0.0219785565	-0.071229033	-0.1678722675	0.0250137747	-0.0301688917	0.045289742	0.0301204372	0.0037019226	-0.1332015384	-0.0390977021	-0.0231491278	-0.0453320475	-0.0304130164	0.0426210007	-0.1110049684	0.0465958847	0.1206651047	0.0544966509	0.014389453	0.0150053415	-0.0148000925	0.0050115524	0.0660211943	-0.0032451993	-0.0049351097	0.0908451919	0.0167616467	-0.0083563401	0.0572584877	0.0447539081	-0.0291148615	-0.0648595538	-0.0252655445	0.1288888688	-0.0086974599	-0.0818734427	0.0045681625	0.080621851	-0.1690838083	-0.1619945216	0.1578712241	-0.0360351638	-0.0324427235	-0.0364213098	-0.0267018545	0.0055783791	-0.0980445103	-0.0733037377	-0.0439715927	0.157776984	-0.0773876496	-0.0801471888	0.0039128469	0.0869436077	-0.0344014377	0.0970201848	-0.0103287668	-0.0940159761	-0.055928702	-0.0336479474	-0.0934613545	-0.0048645459	-0.0184181861	0.0185727653	-0.137045784	-0.0518722136	-0.0104328567	-0.0887413447	0.0575005252	-0.0133121339	-0.033873792	0.0734322509	0.044185904627028	0.0182390869323966	0.0019523941677088	0.0003326642921275	0.1068237487022401	0.0734958940259105	0.0114113132867993	0.0054016464386678	-0.1392249797226199	0.0243987953633038	0.0193835949787639	0.0005953012151803	0.0012520337816112	-0.0003069790259832	9.423612239365552e-08	1.5675885902956422e-06	-0.0016410970665405	-0.0002341652249993	5.4833352598972875e-08	2.6931995818078348e-06	0.0006460279216459	-8.206879394300002e-05	6.735286939258597e-09	4.173520755461211e-07	0.0	0.0	0.0	0.0	0.0	0.0	0.0	0.0	0.0	0.0	0.0
306.2660247732324	0.2244296625996185	93798.8779303982	0.0503686734545786	549.6989033381144	-1.3360939184824474	302168.88433112565	1.785146959005781	300.5507991466275	0.7149889956077686	90330.78286767643	0.5112092638402058	348.9944515870236	353.9559695977959	1.339593	31.109598	0.2738535505978128	0.2340011637365539	0.0086805842	0.0959426606	0.0202973852	0.0442885359	0.0083421228	0.0348954226	0.0455299415	-0.0380098899	-0.0555052978	0.0504374707	0.1073558496	-0.1977199893	-0.0418259209	0.0135925966	0.0145567839	0.1416628683	-0.0101194763	-0.0989450419	-0.0222335916	-0.0324936593	0.0066012011	0.0312248514	-0.0506794713	-0.0682629142	0.0267220404	0.1229623046	-0.0943786669	-0.0684581725	-0.0127668382	-0.0872758948	0.0843352636	0.1299605596	-0.1494840369	0.0292489465	-0.0736923423	0.0931507824	0.1262875509	-0.1188187617	0.0604737637	-0.0441014683	-0.0133779997	-0.0534406329	-0.0562382624	0.1765822951	0.0668101342	0.0160120168	0.0310001135	0.0656385803	0.0356282257	0.0904280857	0.0220959179	-0.0462451134	-0.1441562424	0.1012592117	-0.051227377	-0.1145549012	0.0354795882	0.0838815505	-0.0562651567	0.1335495406	-0.0386410043	0.006465356	-0.0464441983	-0.0147420334	0.0267423811	0.0078611067	0.1375527885	-0.0555264098	-0.0011976077	-0.0304478761	0.0282170302	0.0445646881	-0.1548554867	0.0867273352	-0.0646423828	-0.05741858	-0.009713051	-0.0362188049	-0.0118220079	-0.0739531247	-0.0100874553	-0.0761342347	-0.0389441557	0.0367032489	-0.0342181648	0.1081476967	-0.0825904447	-0.0848945574	-0.0376621923	-0.126377124	0.0356008576	0.0613370732	0.0131377769	0.0376042206	0.0891769761	-0.2077235353	0.0264727236	0.0598441743	0.0940800615	-0.0233829558	0.0539128714	0.0675671855	0.0623801464	0.1122508323	0.0745228271	-0.0104729215	-0.1169423602	0.0097994179	-0.0043840946	-0.048375245	0.0885662784	0.1374118169	-0.011478252	0.0411702569	-0.0667612889	-0.0634301785	-0.0052596037	0.1195352985	-0.0379387716	-0.0479550723	-0.0224079741	-0.1022799861	-0.1244423539	0.0211623123	0.0577444213	0.0038736482	0.0419732016	-0.0334888699	-0.0144803829	0.1487493107	-0.0160181062	-0.001583902	0.0111082834	0.118436395	0.0596845651	-0.089454464	0.0600420225	-0.0179660749	-0.0278991106	0.0678800746	0.0473283081850866	0.0031424035580586	0.0022399687556625	9.874700121699357e-06	-0.1254926448164326	-0.2323163935186727	0.0157484039030233	0.0539709066975227	-0.1272538284984534	0.0119711512241665	0.0161935368675137	0.0001433084616318	0.001065302632825	-0.0001867311487862	3.4868521927013976e-08	1.1348696995038768e-06	-0.0016579819465323	-1.688487999179991e-05	2.8509917233748503e-10	2.7489041350270347e-06	0.0009708839388062	0.0003248560171603	1.0553143188525313e-07	9.426156226318412e-07	0.0	0.0	0.0	0.0	0.0	0.0	0.0	0.0	0.0	0.0	0.0
306.34064345943744	0.0746186862050422	93844.58983514218	0.0055679483309665	550.699713309606	1.0008099714915488	303270.1742392822	1.0016205990369147	300.0559946446735	-0.4948045019540359	90033.59992220433	0.2448314951539815	348.49447436108017	350.9618641819028	1.253267	29.104851	0.264481282629914	0.2259263490275213	0.0243609184	-0.0593841927	0.0227577466	0.0663431325	-0.0115810273	-0.0623130658	-0.0438564492	-0.0661795357	0.075348015	0.0468702097	-0.0678292069	0.0116627453	0.0373972588	-0.0856203609	0.0481490112	-0.0246162937	0.0540293341	-0.1297452064	-0.0444434684	-0.0447231428	0.0520847927	0.0920174283	0.0530200487	0.0622912554	-0.1469794273	0.0123967014	0.0183954912	0.0016225681	-0.0683626017	0.0207250433	0.1264357699	-0.0203206325	0.0947059261	0.0166522316	0.0731228474	0.0596858466	-0.0149582888	0.018390869	-0.0917435715	-0.0961515217	0.1095018855	-0.0491937713	-0.057941339	-0.1612711064	0.061862964	-0.0191706691	0.0553906765	0.1029168578	0.0232451134	-0.0519665418	0.0075586848	0.0617692078	-0.0375329589	-0.0132555968	0.0186235154	-0.1067605823	0.0237289694	-0.0368789788	-0.0765879888	-0.0573842834	-0.0214827967	-0.0055738365	-0.0036504585	0.0300168448	-0.0625857819	0.047013395	-0.0180562047	-0.0144471181	-0.0806394491	-0.1075405366	-0.0499698618	-0.1107268102	0.0151878761	-0.0372145003	-0.0845346789	-0.0543554037	0.0773047363	-0.034907365	0.0381337278	-0.0490535294	-0.0505739219	0.0997917918	-0.0814878398	-0.0508811107	-0.0033953179	0.0812265955	0.0848022726	0.0516448124	0.0428103623	0.0596899247	0.0703364775	0.0569353759	0.0001925289	0.0209754616	0.0201891259	-0.0462797865	-0.1056043794	0.0665178122	0.007622204	0.0659481844	0.0881972062	-0.1462232368	-0.0607426811	-0.022074928	0.0070945905	0.1374747132	0.0918096649	0.0786595411	-0.038644505	0.013777049	-0.02484554	-0.0012037073	-0.0038937771	-0.0206766483	0.0936699987	-0.0907671564	-0.0348683223	0.1639176214	-0.0098940402	-0.0821561987	-0.0133691961	-0.0120057489	0.0471566118	0.0222316135	-0.0139799475	0.0042098061	0.0185759084	0.0022950873	-0.0116043304	0.0291616621	-0.0170410347	0.104693339	-0.0235304501	-0.1584041172	0.0189245996	-0.0901455117	0.0625242656	-0.0225801267	-0.0218143241	0.0619093949	0.0476712145720341	0.0003429063869474	0.0022725446987729	1.1758479020938778e-07	0.0979577631934773	0.2234504080099099	0.0095957233698693	0.0499300848397952	-0.136200499566975	-0.0089466710685215	0.0185505760822935	8.004292320832133e-05	0.0013231012733443	0.0002577986405193	6.646013905359925e-08	1.7505969795253082e-06	-0.0013819239592756	0.0002760579872566	7.620801232822028e-08	1.9097138292199505e-06	0.0008699146232915	-0.0001009693155147	1.0194802675507038e-08	7.567514518163922e-07	0.0	0.0	0.0	0.0	0.0	0.0	0.0	0.0	0.0	0.0	0.0
306.50680908996327	0.1661656305258247	93946.42401851118	0.0276110167680449	553.7945555210114	3.094842211405421	306688.4097247145	9.578048313496796	299.92445736013644	-0.1315372845370461	89954.6801227723	0.0173020572233798	348.52760504772766	352.75983117467206	1.241602	28.833937	0.1762391313708504	0.0916344805126622	-0.0379237955	-0.0717089587	-0.1358123627	0.0532734585	-0.0186443782	-0.1302314522	0.0015612426	0.1133151446	0.0260236613	0.0191984967	0.0811260525	-0.0154670713	-0.0774423492	0.1257428428	-0.0408817132	0.0130563473	-0.0254303966	-0.0822442122	-0.0381467044	0.0149557748	0.0189455223	-0.0792129874	-0.0012973361	0.0102504936	-0.009109324	0.0043722695	0.0113595878	0.0570223378	0.0740437942	0.0208328886	0.0544460146	-0.0961277718	0.0479371356	0.0301316985	-0.1221972299	0.0285634119	0.0309059578	0.0529508163	0.0922182857	-0.0985017149	0.0373089417	-0.044099239	0.0568439854	-0.0148727213	-0.0662287624	-0.0908162905	0.0383172443	-0.0580828954	0.1706482229	0.0269002862	0.0854222245	0.002258524	0.0919605176	-0.0489898934	0.0496458232	-0.0018273493	0.1453275643	0.0389509202	-0.0422250343	-0.0063810826	0.0438084219	0.0757982513	0.0187575555	0.0082367795	-0.0400933652	-0.0355990372	0.0067468888	-0.0395918139	-0.0789535601	-0.0515818123	-0.0933938218	0.0878719632	0.0423703288	0.0676468509	0.090730903	0.0082294766	-0.0693674632	0.0572673751	-0.0968365923	0.0700789215	-0.014691869	0.0376937474	-0.0298599554	0.0010103323	-0.0130644478	0.006322197	0.0697914911	-0.0233326861	0.0566835829	0.0102179858	0.0731550964	0.0085354571	-0.0387398133	0.0285788441	-0.0702843491	-0.1099789883	-0.0298971337	-0.04183156	0.0242677803	0.0792340043	-0.019096178	-0.1182388742	-0.0088036349	0.0060675118	-0.0477254332	-0.032742391	0.0512087099	-0.1215551005	-0.0646534908	0.038793816	0.1275904964	0.0246737346	0.0172413587	-0.0619093516	-0.0771245409	-0.0858689116	0.0977326083	0.0600874281	-0.0735299112	-0.1032228419	0.050421297	0.1045407037	0.0006399771	0.0932274705	-0.0845103927	-0.0452540469	-0.0688925793	0.0521490437	-0.0395537758	0.0004233872	-0.0325785856	-0.0785802515	0.0675695128	0.0492530805	-0.0201830138	-0.0908143174	0.0649448048	-0.027144045	-0.0156434465	0.0555570233	0.0559260221134962	0.0082548075414621	0.0031277199494392	6.814184754657956e-05	0.0236091833995288	-0.0743485797939485	0.0005573935407925	0.0055277113173771	-0.0862899576586002	0.0499105419083747	0.007445956792723	0.0024910621935876	0.0015167447603984	0.0001936434870541	3.7497800078471414e-08	2.300514668196e-06	-0.0011370115470368	0.0002449124122388	5.998208966862795e-08	1.2927952580950173e-06	0.0013058627665399	0.0004359481432484	1.900507836017275e-07	1.7052775650352413e-06	0.0	0.0	0.0	0.0	0.0	0.0	0.0	0.0	0.0	0.0	0.0
307.3275042798668	0.8206951899035175	94450.19488689154	0.6735405947307707	549.439528020223	-4.355027500788424	301883.7949510853	18.966264532623462	300.02925557578044	0.1047982156439957	90017.55420135698	0.0109826660021654	348.1794621941455	354.93289150848665	1.348367	31.313354	0.2559815706044164	0.1753731824798131	-0.0202309872	0.1226908451	-0.0124576886	0.0039022243	0.1194221378	0.0818816109	0.0313978456	0.0083501647	0.004195221	0.0151963784	0.0771474594	-0.0516105808	-0.0209403359	0.0321637017	-0.0050976807	-0.0769830418	0.0618674069	-0.0853823493	-0.0090880674	0.0270282628	0.1184333973	0.0512501989	-0.0816203166	0.039835935	0.0196495265	-0.0002922883	-0.0933622886	0.0559566704	-0.0844200089	0.018440322	0.0167026153	-0.0097535502	0.0046149355	-0.0023930604	-0.1008655109	0.1446243497	0.0333420661	-0.0211539775	-0.0735033859	0.045893169	-0.0467549686	0.0157534763	-0.0208633106	-0.043573372	0.0413924462	-0.082871276	-0.0295370042	-0.0028470334	-0.00145788	-0.0732136267	0.002737038	-0.0584765385	0.0439167012	-0.0961435878	0.082247141	-0.0762574915	0.039632095	0.0420138687	0.1104164776	-0.0602044325	-0.0596221979	-0.075570598	0.0461165395	-0.0070078261	-0.0088840871	0.0054167286	-0.0852338974	-0.0732776048	0.0814244947	-0.09871529	-0.0010793651	0.0100292464	-0.0841793951	0.0044489874	-0.0958560167	-0.0148628308	0.0104435581	-0.0971435786	-0.0602042358	-0.0032377382	0.0115020004	0.0336582461	-0.0129268067	-0.0378730075	-0.0351056076	0.114485797	-0.0582886438	0.0225990055	0.0150082929	-0.0831914544	-0.0421198541	0.0739636179	0.0296737161	0.0178329488	-0.0693508418	-0.0614251084	-0.0939138932	0.050354573	0.0406129708	0.0988448883	-0.0130431726	-0.0906212808	-0.0548461912	-0.1524840472	-0.0299124916	-0.0559812238	-0.0177253123	-0.0895471556	-0.1016878898	0.1011921165	0.0429140325	-0.089809873	0.0334271068	-0.0451925954	0.0817612403	-0.0765339346	0.0715465313	0.1191367565	-0.0536321347	0.0201927833	-0.0198771363	-0.0256587494	-0.0862817688	0.0757916145	0.0591718355	0.0137581825	0.0025098016	0.088593796	0.1112962142	0.093022513	-0.0333401256	0.0324147129	0.1443205771	0.0090812099	-0.0315537166	-0.091460716	0.0673012514	-0.0316476967	-0.0094108313	0.0488621241	0.0623904973669624	0.0064644752534662	0.0038925741616969	4.178944030267694e-05	0.1953707279301682	0.1717615445306393	0.0381697213319638	0.0295020281795508	-0.1272477805982461	-0.0409578229396458	0.0161919976671793	0.0016775432599553	0.0010468098781623	-0.0004699348822361	2.208387935422573e-07	1.0958109210181691e-06	-0.0013233599662538	-0.0001863484192169	3.472573334467474e-08	1.7512816002832584e-06	0.0012261915103797	-7.967125616019995e-05	6.3475090581441985e-09	1.50354562012725e-06	0.0	0.0	0.0	0.0	0.0	0.0	0.0	0.0	0.0	0.0	0.0
306.50022981875287	-0.827274461113916	93942.39087894832	0.6843830340113202	550.3481790383656	0.9086510181426776	302883.118170845	0.8256466727717243	299.693060745963	-0.3361948298174297	89815.93065928348	0.1130269635959705	347.7186354639761	352.1816516402814	1.32111	30.680374	0.1024828468341557	0.0618117750358252	-0.0135758844	-0.0321417961	0.0672095729	-0.0019852736	-0.0636207971	0.0567755716	-0.0305982224	-0.0512155264	0.0992779692	-0.0826620456	-0.048876685	0.0305329167	0.0219166885	-0.0456165816	-0.0100816577	-0.0591485091	0.0099650193	-0.0776501514	0.006512655	-0.0301491593	-0.0376109432	-0.0134298086	0.1156218174	-0.0633893142	-0.0160385123	0.0085711029	-0.0381649199	0.1233260056	0.0353484828	0.0839947112	0.0872225213	-0.0502463428	-0.0611277994	-0.0025485409	0.071166512	0.1081713008	0.0654860149	0.0734590123	0.0062094483	0.0088955075	0.0522448115	0.0739820132	-0.0166475113	0.0149155202	0.0385825667	0.0036504434	0.0609319162	0.0187155453	-0.1119519445	0.0208432944	-0.006091584	-0.0514213761	0.0427383129	0.0161589744	-0.0742012894	0.0279110468	-0.0271066832	-0.1223988259	-0.0783963021	0.0815066287	-0.0745258676	0.0139669859	-0.0482431752	-0.0358301623	-0.0910787856	-0.0020651271	-0.0735998286	0.0529555533	-0.1063255019	-0.0405131833	0.071488998	-0.036844987	-0.0457736762	0.0460723129	-0.0564435603	-0.0514943343	-0.0680613707	0.1182402411	0.070064516	-0.0226739018	-0.0043777991	0.0959109095	-0.1127335471	-0.1110579185	-0.0302251814	0.0401448636	0.038109882	0.0125496451	0.0210768152	0.0248673649	0.0130252322	-0.0095996806	0.0315578573	0.023483449	-0.0233577893	0.0101898046	0.0328385504	0.058271286	-0.0817421638	-0.0729995029	-0.0142575171	0.0031893347	-0.0174845729	0.0772440647	0.061759173	-0.0162475347	0.0060298383	-0.0009193399	0.1012200024	-0.0286011851	0.0656657507	-0.0695599218	-0.0101587325	0.0381405879	-0.1552929866	-0.0471715298	0.0598347176	0.0777055618	0.0092905317	-0.027216502	0.0721137498	-0.0541195261	0.0858549549	-0.0052017575	-0.0620076873	0.0852714529	-0.0289407284	0.0959522058	0.0041683098	-0.0001387087	0.0424917707	0.0524296323	0.0400926501	-0.0606953947	0.0285580091	-0.092084548	0.0695912797	-0.0360810826	-0.0031410759	0.0418659738	0.0514101628584455	-0.0109803345085169	0.0026430048451318	0.0001205677459189	0.1388303619244624	-0.0565403660057057	0.0192738693920772	0.0031968129880591	-0.1486378193632092	-0.021390038764963	0.02209320134505	0.0004575337583666	0.0011737260443726	0.0001269161662103	1.6107713245520496e-08	1.3776328272385504e-06	-0.0012228080526628	0.0001005519135909	1.0110687326811906e-08	1.4952595336569892e-06	0.0011822174390816	-4.397407129810003e-05	1.9337189465303846e-09	1.3976380732686567e-06	0.0	0.0	0.0	0.0	0.0	0.0	0.0	0.0	0.0	0.0	0.0
307.27992046048297	0.7796906417300988	94420.94951820074	0.6079174968014933	553.7831847508749	3.4350057125092235	306675.8157128216	11.799264244970995	300.1751283251599	0.4820675791968938	90105.1076650262	0.2323891509127534	348.5738031049228	353.4235470545378	1.195779	27.769777	0.1324220485258866	0.0849919508602854	-0.0268130624	-0.081801848	-0.0583549232	-0.0075503448	0.0172742398	-0.084862726	0.0092085058	0.066278441	-0.0053471965	0.0352480037	-0.0255234868	0.0885336385	0.0047983559	0.0401443704	0.0052701003	0.0131821697	0.0640270373	-0.1336028986	0.0243064364	0.0588218719	0.046468037	0.0252406154	0.0786725102	0.1041365587	-0.0312223536	0.0240360505	-0.029326986	0.0163089296	0.0901903922	0.0552876037	0.0493092108	-0.0107194119	0.0028785102	0.0466750901	-0.0139180187	0.0371702783	-0.100443715	0.0555010773	0.0274807032	0.0675659386	-0.0736989526	0.0580988904	-0.0568159267	0.0904009902	-0.0234357003	-0.1491668685	0.0019244827	-0.0389107981	0.0408192835	-0.1273234273	-0.0547480561	0.1030602438	-0.1022434786	-0.0048512365	-0.0966623755	-0.0650442336	0.0126976465	-0.0257045593	-0.0550101022	0.0036518149	0.0293355519	-0.0158118763	-0.1022266562	-0.1166944365	-0.0724352817	0.0061193232	0.0019175296	-0.0487633334	-0.0377157046	-0.1194550601	-0.1161307893	-0.0538569586	0.0267059854	-0.0516963882	-0.0068140937	-0.0289646095	0.039366185	0.1005227712	-0.0936414072	0.0229560061	0.0019072995	-0.012612691	-0.1614877466	-0.0318127527	0.0367909015	0.0185215214	0.0210558931	-0.0072397782	0.0181676781	-0.0072732689	0.0273407314	0.0877822828	-0.0112114571	-0.141193557	-0.0591528084	-0.0659750627	0.0166483078	-0.0519920745	0.0046026004	-0.0032720508	-0.1137133136	0.0451071442	0.0743395575	-0.0238763811	0.0611748312	-0.0931066784	0.0478932754	0.0922200259	-0.0408484808	0.030888297	-0.073241872	0.002063308	0.0334580067	0.0033077552	0.0686727628	-0.0652857807	0.1035423649	0.1202999844	-0.0686750237	-0.091371233	0.0847067657	0.0431246983	0.001920215	-0.0451911982	-0.0786712416	-0.0301326637	-0.1502635611	0.0488503762	0.0172173933	-0.0191682752	0.0021551912	-0.0520575319	0.1206239973	0.0830411052	-0.0367601899	-0.0926856596	0.0718126298	-0.0404343596	0.0031410759	0.0346117057	0.0600651587463119	0.0086549958878664	0.0036078232952196	7.490895381898436e-05	0.0585352322729875	-0.0802951296514749	0.0034263734172525	0.0064473078457471	-0.1261267023391639	0.0225111170240452	0.015907945042952	0.0005067503896702	0.0011984823188531	2.4756274480500088e-05	6.128731261538598e-10	1.4363598686035038e-06	-0.0013841536376573	-0.0001613455849944	2.60323977972174e-08	1.915881292639936e-06	0.0014153316988566	0.0002331142597749	5.4342258110446135e-08	2.003163817788309e-06	0.0	0.0	0.0	0.0	0.0	0.0	0.0	0.0	0.0	0.0	0.0
307.7845579535973	0.5046374931143305	94731.3341146913	0.2546589994567159	553.1681187947592	-0.6150659561156999	305994.9676509328	0.3783061303725201	299.81776574470166	-0.3573625804582434	89890.6926561448	0.1277080139117745	348.2621849533686	358.5364506589423	1.106175	25.688908	0.1587917960083711	0.1229564716079548	-0.0526882756	0.0311521047	-0.134824511	-0.0696255933	0.0347767571	0.0209138181	0.0043640435	0.1235718696	0.0423608491	-0.006439815	0.1307130699	0.0537102585	-0.0843685451	0.0289874159	-0.0423718453	-0.0624143354	-0.0063556776	-0.0342312971	-0.0572774779	0.1055366787	0.0297633786	0.0509308677	0.0045296481	-0.0188512576	-0.057223699	-0.0505244525	-0.1087221916	0.079292641	0.0874212485	0.0448745726	0.0824747014	-0.1867823949	0.002024629	-0.019917381	-0.0123504315	0.038042261	-0.0636562121	-0.0115902905	0.0603449925	-0.1192850539	0.013721239	-0.1230868576	-0.0575330253	0.0522323229	0.0208558534	-0.0119002697	0.0600320854	-0.0269996893	-0.1430501863	-0.0256849242	0.0335927669	-0.0577615404	0.0298267158	0.0684292317	-0.0361685927	-0.0751911023	0.043107174	-0.0394200122	-0.0530244416	-0.0501609094	0.1052983159	0.1229590751	-0.1039329327	0.0132457026	0.0155735079	-0.031284107	-0.0744797866	-0.0299275299	0.0401794019	-0.046882199	-0.0451939399	0.0553049064	0.0353491852	0.1001357481	-0.0432946624	0.0059212886	-0.0413052304	0.0698610242	-0.1722899886	-0.0961658109	0.0494392689	0.0470009417	-0.1544657352	0.0300339375	0.026601479	0.0372537208	0.1173089235	-0.0188632171	0.0369350977	-0.068244202	0.1115120022	-0.0406803287	-0.0195724772	-0.0410542287	-0.0588755401	-0.0446857284	-0.0621525762	-0.0621661759	0.0153119178	0.0480639276	0.093614059	-0.0849213227	-0.0573693384	0.0102983848	-0.0398692004	-0.0920830926	-0.0007101192	0.000327012	0.0295452112	-0.0709298941	0.0523567359	-0.0856636956	0.0346237936	0.0323049443	-0.0404987732	-0.0497198988	0.117602529	0.0898417092	-0.0923595265	0.0207851988	0.0690640274	0.0646557428	-0.0929826827	0.1285685798	-0.0549578796	-0.0656999656	-0.0360350018	-0.0416821264	0.0426015583	0.0025603995	0.0865020805	0.0777027484	0.1278081849	0.0345951697	-0.0723833718	-0.0932639023	0.0739631095	-0.0446978621	0.0094108313	0.027144045	0.0647569566529142	0.0046917979066022	0.0041934634349474	2.2012967596397705e-05	0.1801557573087535	0.121620525035766	0.0324560968914904	0.0147915521099753	-0.1447549935059768	-0.0186282911668128	0.0209540081449153	0.0003470132317955	0.0011418286611137	-5.6653657739400096e-05	3.209636935253088e-09	1.3037726913407049e-06	-0.0013823217669841	1.8318706731998684e-06	3.355750163329739e-12	1.910813467478045e-06	0.0011967935892854	-0.0002185381095711	4.775890533495376e-08	1.4323148953546308e-06	0.0	0.0	0.0	0.0	0.0	0.0	0.0	0.0	0.0	0.0	0.0
308.205417190306	0.4208592367086794	94990.57918545057	0.1771224971230122	549.0443982680639	-4.123720526695252	301449.75126954034	17.005070982287762	300.5217629241644	0.7039971794627604	90313.32999104768	0.4956120286915221	348.4155783851793	354.5808862974318	1.240069	28.798347	0.1304977885287843	0.0821850473452274	-0.015230398	0.0372230708	0.0707498261	-0.0530984827	0.0149700266	0.0883851009	0.0168138681	0.0018118815	0.0251977502	0.0114261373	0.03267096	0.0351099746	-0.0837170585	0.0089724003	-0.0185123609	-0.0044626487	0.0479651905	0.0195544256	0.0599624807	0.0106411915	0.0557197193	0.0708810657	-0.0678127826	0.0196240063	0.046714428	0.0659555734	-0.1253531981	0.1352949794	-0.0257909759	0.0075949896	-0.027352183	-0.0291733145	-0.1128687693	0.0879679204	-0.0158789257	-0.0381286207	0.0327356869	-0.0135118689	-0.0804650209	-0.0444652838	-0.0784831434	0.0553530865	-0.0235772146	-0.0025532816	-0.0408999845	0.080298303	0.032366126	-0.127466153	-0.1101105286	0.0429651257	0.0125820618	0.0222162798	0.1128634667	-0.0920984562	-0.0579999308	0.0642893206	0.0381899734	0.081543743	0.0073963861	-0.0717713179	-0.0690957738	0.0443243734	0.0310211499	-0.0993678135	-0.0020269882	-0.0189038717	-0.0117290439	0.0047816604	0.0566453473	-0.0419808122	0.0873710293	0.013418551	-0.0273899126	-0.0211435904	-0.0625273822	-0.0528389176	-0.0751077738	0.0301035138	-0.023463487	-0.0213393605	-0.0295608066	0.0747437956	-0.0611351848	0.0328522747	0.0117783158	0.0816492966	-0.118534241	-0.0044865746	-0.0892218303	-0.0165917297	-0.1048757784	-0.175422506	8.62257e-05	0.0137312661	-0.0603165712	-0.018921097	-0.0809036704	-0.033820258	0.001425899	-0.0520052484	0.045931084	-0.0198694016	-0.0845650849	0.0224489978	-0.0330369428	-0.0298853013	-0.036037359	-0.0994051621	-0.0617824298	0.0646523531	0.0240812692	-0.0440559699	0.0017013045	0.0933010896	0.000171525	-0.0566696893	0.042848728	0.0453356502	-0.0445938775	-0.0366577198	0.0569277021	-0.0398327342	0.0091446697	0.0534140669	0.1219850383	-0.0183227562	-0.0888995336	0.1327352178	-0.0196475712	0.0164411155	-0.0033731782	-0.0066689036	0.0622675253	0.0953170625	0.0139876789	-0.0938191336	0.0760405966	-0.0488621241	0.0156434465	0.0195090322	0.0627631394296628	-0.0019938172232513	0.0039392116710672	3.975307119733917e-06	0.1044302597302078	-0.0757254975785457	0.0109056791473186	0.0057343509835183	-0.167977725547999	-0.0232227320420222	0.0282165162802788	0.0005392952834955	0.001198011472002	5.618281088829997e-05	3.156508239310478e-09	1.4352314870483986e-06	-0.0011749791191235	0.0002073426478606	4.2990973621844837e-08	1.3805759303762358e-06	0.000869204214335	-0.0003275893749504	1.0731479858039379e-07	7.555159662177246e-07	0.0	0.0	0.0	0.0	0.0	0.0	0.0	0.0	0.0	0.0	0.0
306.4176449686557	-1.7877722216503005	93891.77314813712	3.1961295165044503	556.6378869374593	7.593488669395356	309845.73717419966	57.66107017223565	299.9552005751373	-0.5665623490270946	89973.12235207086	0.3209928953350993	348.97472317300213	357.92780775509294	1.26741	29.433294	0.1009607833413304	0.0501907755239714	-0.042361134	0.0254082367	0.038480352	-0.0591092605	-0.1420791083	0.0208953607	-0.0076333733	0.0225502926	-0.1211480637	-0.0625021791	-0.0170188668	-0.0077602478	0.0297023773	0.0962843048	-0.0523356074	-0.0209570584	0.0348005105	-0.0145999617	0.1473217873	-0.0280982751	-0.0034098172	-0.028897477	0.0656169412	0.0697669611	-0.0152213251	-0.0428979033	-0.115305846	0.0612043759	0.0358829481	-0.0391233041	0.0200989848	0.0043110457	-0.1269600168	-0.0892677686	0.0517961953	-0.0967297138	-0.0652915352	-0.1614947556	0.0485843472	-0.0512530606	0.1068526732	0.0976457278	-0.0097796338	0.0308712734	-0.024590764	-0.0861552598	0.0084945356	0.0250687097	-0.0101244166	0.0003841978	-0.0473896201	-0.0149469857	-0.0784040017	-0.0127994172	0.0632587722	-0.0164903093	-0.0041687749	-0.0179766696	-0.0356073639	0.0679783241	0.0230878973	-0.0261559277	0.0022398852	0.0125203924	0.0026606444	-0.0653884043	0.0170131818	0.1053017499	-0.056436707	0.014400832	-0.0511726241	0.0796358625	-0.0593827445	-0.1343600823	-0.036395802	-0.0119981485	0.0355274433	0.0426016468	-0.073191397	-0.0241944371	0.076323865	-0.0397162993	-0.0965336891	0.0313028522	-0.0142269952	0.1360297134	-0.0520773442	-0.0411191217	0.0308901741	-0.0467708199	0.0580884882	-0.049241872	-0.0535831683	-0.1258032932	-0.0594789015	0.0936993076	0.0080156894	-0.0135129994	0.0472248845	-0.056546814	0.0024323305	0.0094963751	0.0052658443	0.0606740291	-0.1038318547	-0.0140415774	-0.0722053797	0.1285927134	-0.0498681485	-0.0632051618	-0.0722317006	-0.0167570334	0.01353704	0.0113493773	-0.0387811115	-0.0262438226	0.0746961459	-0.0062806923	0.1351240142	-0.0599777541	-0.0676929789	0.0144225233	-0.0574650755	0.0116501833	-0.099030374	-0.1025221961	-0.1338082854	0.1275058869	0.1075090167	0.0062625105	0.0046177879	0.0621110577	0.0838740602	0.0583897227	-0.0459138564	-0.0943512164	0.0780430407	-0.0529179001	0.0218143241	0.0117537397	0.0563916336707137	-0.006371505758949	0.0031800163480519	4.059608563632152e-05	0.0951039661038208	-0.0093262936263869	0.0090447643686766	8.697975280558673e-05	-0.1268598178275297	0.0411179077204693	0.016093413379234	0.001690682335309	0.0015392475033737	0.0003412360313717	1.1644202910630793e-07	2.3692828766421688e-06	-0.0011089663849495	6.601273417399986e-05	4.357681073127169e-09	1.2298064429479628e-06	0.0013448569734998	0.0004756527591648	2.262455473010873e-07	1.8086402791710416e-06	0.0	0.0	0.0	0.0	0.0	0.0	0.0	0.0	0.0	0.0	0.0
306.2820903175812	-0.1355546510744716	93808.71884930696	0.0183750634279217	550.8466894785563	-5.791197458902957	303432.075309485	33.537968008004064	299.6776375884591	-0.2775629866782196	89806.68647059985	0.0770412115737335	347.9889165345228	352.09997323314064	1.397436	32.452911	0.0975336839122565	0.0499843796412011	-0.0193541889	-0.0472864626	-0.1625336908	0.0723812535	0.086123513	-0.089138639	-0.0016189149	0.0915574705	0.1018262993	-0.0543075401	0.1422044556	0.033290031	0.1320572117	-0.0259528952	-0.0238406314	-0.0586379899	-0.0253106085	-0.0659108995	0.0443261286	0.0075720091	0.0227603814	-0.0313507855	-0.0463533323	0.0306430509	-0.0304424141	0.0129530145	-0.0281810554	0.0106050232	0.1147654343	-0.0775236664	-0.0866441368	-0.0912078912	0.0248830883	0.0336999972	0.1765828962	0.0874684744	0.0968698057	-0.0432615117	-0.0051239822	0.0430415152	-0.0503355078	-0.0155563498	0.0762541004	0.0705862302	-0.0197954138	-0.0049576473	0.0072027906	-0.0335423843	-0.0093097751	0.0580406794	0.0088006219	0.1381645725	0.07150827	-0.0050914234	0.0536439786	-0.0774600879	0.088723144	-0.1042857108	-0.0218203324	0.058118783	-0.0685502378	-0.0573134281	0.0441190767	0.0344667711	0.0167323779	-0.0166059655	-0.0656901541	-0.0662329397	-0.0305257577	-0.0342036306	-0.0665021431	0.0347009313	0.0476503587	0.0370176635	0.0169189733	0.1025420793	-0.0563285382	-0.0843818105	-0.060585519	-0.0581570396	-0.1898988413	0.0166095536	-0.1100562395	-0.0437103829	0.1443735988	0.0601587676	-0.0845712868	-0.0585328077	-0.0214232916	-0.040042136	-0.0011811134	-0.1111431393	-0.0318301271	-0.0355155089	-0.0789062384	-0.0680680852	-0.0220548836	0.047164877	-0.0583694498	-0.0140111468	0.0565580879	0.075222393	0.0005058431	0.0460610672	0.0587679589	-0.1010516622	-0.1253595899	-0.057144979	-0.0024309524	0.0517643574	-0.0360113565	-0.0367660376	0.0275550629	-0.0637197136	-0.0076369616	-0.0126111334	0.0097488601	0.0544603838	-0.1377694197	-0.0703327133	0.0671712067	0.113392664	-0.0407267192	0.0647526431	-0.022916227	0.0070707023	-0.0895745304	0.0222249054	0.0054978293	-0.0055223008	-0.0211513118	0.000970714	-0.0798143651	0.1122033385	-0.0368757071	-0.0948600195	0.0799684658	-0.0568561851	0.0278991106	0.0039259816	0.0600889387467162	0.0036973050760024	0.0036106805597066	1.3670064825033807e-05	0.1241353967606357	0.0290314306568149	0.0154095967289204	0.0008428239659814	-0.0928806348228405	0.0339791830046892	0.0086268123250938	0.0011545848776661	0.0015431373636306	3.889860256899979e-06	1.5131012818209968e-11	2.3812729230327985e-06	-0.0013307622678926	-0.000221795882943	4.9193413690509244e-08	1.770928213646656e-06	0.0009540274132048	-0.000390829560295	1.527477452003831e-07	9.101683051462422e-07	0.0	0.0	0.0	0.0	0.0	0.0	0.0	0.0	0.0	0.0	0.0
307.8856747636139	1.6035844460326985	94793.58872464584	2.5714830755579965	549.0894375642141	-1.7572519143421914	301499.210444585	3.0879342904592963	300.685915074784	1.0082774863249142	90412.01952436022	1.0166234894296875	348.7231084689985	355.3567517517282	1.544367	35.865112	0.2337102947857433	0.1446792816686811	-0.019561415	0.1447273201	0.0554122526	-0.0411101205	0.0644917966	0.1441623328	0.0505066672	-0.0112057108	0.0356843546	0.0948733968	0.0354645224	-0.0478828415	-0.0534991486	-0.074029048	0.0017039468	0.0908291161	0.0130586476	-0.0531800124	-0.0524745151	0.0841376526	0.0390053151	0.0418862218	0.069437066	-0.0454688263	0.0566120153	0.1476191656	-0.082195802	0.0116997154	0.0808213628	0.0009932421	0.0956952938	-0.0371224847	-0.0508940258	-0.0053609658	-0.015770502	-0.0031033637	0.0241107586	0.066620054	0.0510394655	-0.0555005525	-0.0127433313	-0.0736382372	0.030659918	-0.0442042854	0.1176384086	0.0082986728	-0.0621398574	0.0604015586	-0.0756345884	0.0476184648	0.0593478211	0.0513164289	0.0829507723	0.021824454	0.0780523321	-0.0242805075	-0.0959367039	-0.0355169272	0.0480015151	-0.0119386691	-0.0082302202	0.019855652	-0.0113201997	0.1088946016	0.0421707868	0.0040762952	0.0513468696	-0.0684767361	0.0767659535	-0.0381342402	0.0680867109	0.0031700948	-0.1191313692	0.0985855741	-0.1084622701	-0.037405241	-0.0351340408	0.1146855179	0.0186995155	0.0093063989	-0.0001713473	-0.0271768543	-0.1318035797	0.0724096059	-0.1098846127	-0.0090476577	0.0031360274	-0.0617997926	0.0137080582	-0.0022090607	0.0450077212	-0.0102767569	0.0077662862	0.0610918815	0.0275216268	0.0192480978	0.0018385427	0.1212333696	0.0750555539	0.0223847646	-0.0052865946	-0.0737361562	-0.0284828497	-0.0879173339	0.0467620987	0.0235636846	0.00939767	-0.0321847163	0.102090298	0.0206882147	-0.1987116491	0.0520777034	0.0209504824	0.0767860218	-0.1237009035	0.0174370435	0.1271792478	0.028838868	-0.0695621128	-0.0218034763	0.0073110368	-0.1359828494	-0.0124441364	0.0490414	0.0274855026	0.0131437102	0.0880018057	0.0128263249	0.0569496133	0.0029023002	-0.0204199158	0.1025880169	0.0733849511	0.0084459527	0.0158668534	-0.0953454172	0.0818149717	-0.0606682351	0.033873792	-0.0039259816	0.0650775306469171	0.0049885919002009	0.0042350849951004	2.488604914675003e-05	-0.0092034847794337	-0.1333388815400694	8.470413208526777e-05	0.0177792573303566	-0.1378874503769935	-0.0450068155541529	0.0190129489714678	0.0020256134463255	0.0015708383948243	2.770103119369995e-05	7.673471291943376e-10	2.4675332626541837e-06	-0.0010287224564997	0.0003020398113928	9.122804766625859e-08	1.058269892506777e-06	0.0016318066864446	0.0006777792732397	4.593847432334714e-07	2.662793061925305e-06	0.0	0.0	0.0	0.0	0.0	0.0	0.0	0.0	0.0	1.0	0.0
308.0138162747045	0.1281415110905754	94872.5110161074	0.016420246864576	553.4704370816548	4.380999517440728	306329.52472335804	19.19315677181589	300.2627138341936	-0.4232012405904015	90157.69731907484	0.1790992900372549	348.90369060728443	354.4368393589267	1.439126	33.421078	0.0837530024168475	0.0476295719315859	0.0265817649	-0.0831511528	0.0240896282	-0.0504095784	-0.0289389671	-0.0307802462	0.0041344505	-0.0557661294	0.0610667913	0.1193915113	-0.0482268068	0.0516645904	0.053638819	0.0066687909	0.042922859	0.0665360704	-0.0109123168	-0.0605422852	0.1331788106	-0.0416575738	0.0833281982	0.1855331223	0.1278455242	-0.0021636837	-0.0967705286	-0.0107273288	-0.0168255817	-0.1114796784	0.1391875703	0.1444151298	-0.0010904324	-0.0204528354	0.0204825241	-0.0252509597	-0.039587019	0.02174187	-0.0455502147	0.0272457053	-0.08456874	0.1018231548	0.0489563013	-0.019283441	-0.0093902321	-0.1035452155	-0.0481851261	0.0420167684	-0.073014573	-0.0058053092	-0.0401303893	-0.0320374913	0.0564189792	-0.0769220245	-0.0188390412	-0.010268569	-0.087188322	0.0422639191	0.0305308005	-0.0986403093	-0.0322574079	-0.0588644746	0.0056400417	-0.0485213536	0.1139291493	0.0621073807	0.0728784325	0.0338642717	0.0673941656	-0.0260333301	-0.0723091486	-0.0436159681	0.0513261058	-0.1026150593	0.1085696177	-0.1282311657	-0.1590113658	-0.0562987173	0.0232862499	0.0332083477	0.004805678	-0.0071401597	-0.107259882	-0.0227147347	-0.0839517996	-0.0710969019	0.0403938741	-0.0532368447	0.0759220004	0.0937100226	-0.0594068162	-0.026784763	-0.0664316608	0.0866930017	-0.0020226822	-0.0148344283	-0.0210580673	-0.0136595004	0.0370220513	0.0184367184	-0.0176951456	0.0172221351	0.0715610133	-0.0744054311	-0.0068924488	0.017934703	-0.00167536	-0.0585836508	-0.1407054854	-0.0112734184	0.0706875116	0.0145900399	0.041766708	0.0544105543	0.0306125419	0.099304349	0.1737542352	-0.0020542676	0.0460060146	0.049313418	-0.0437623601	-0.0931118857	0.0717655713	-0.0183071646	0.0612311865	-0.0370886109	-0.0081165612	0.1090287149	-0.051973385	0.0154900759	-0.0202451988	-0.0831699934	0.0300438339	0.0724794973	0.0519491639	-0.0106201947	0.0171245629	-0.0958072899	0.0835807361	-0.0643455865	0.0397147891	-0.0117537397	0.0630520108632168	-0.0020255197837003	0.0039755560738952	4.10273039416132e-06	0.0055067701114381	0.0147102548908717	3.0324517060227987e-05	0.0002163915989544	-0.1667380075644189	-0.0288505571874254	0.0278015631665522	0.0008323546500249	0.0015620105860521	-8.827808772199916e-06	7.79302077185298e-11	2.439877070938825e-06	-0.0010887729236734	-6.0050467173699976e-05	3.606058607779618e-09	1.1854264793243231e-06	0.0009373515512935	-0.000694455135151	4.822679347377324e-07	8.786279307123309e-07	0.0	0.0	0.0	0.0	0.0	0.0	0.0	0.0	0.0	0.0	0.0
307.8856558771453	-0.1281603975591565	94793.57709489996	0.016425087502521	554.6853859821955	1.2149489005406622	307675.8774222172	1.476100830924964	299.8325061027978	-0.4302077313957966	89899.5317158843	0.1850786921527178	348.27208032753066	358.688214223848	1.347685	31.297516	0.2146866798258465	0.1491355931329721	-0.0212250445	0.0306172131	-0.0485655969	-0.103488895	-0.0035440103	0.0658762808	-0.0237373456	0.1278919241	-0.0834588697	-0.0112999019	0.0053285779	0.1071019872	-0.072803645	0.0249231313	-0.0090666547	-0.0491778098	0.0072665234	-0.0042606629	0.0399188502	0.069064693	0.0282382441	0.0626613489	0.0736820598	-0.0846950069	-0.0779719135	0.0161718884	0.0605741093	0.0657900326	-0.0412767543	0.1174365431	0.0161200512	-0.1029212816	0.0104943915	-0.0566084966	0.0848774439	-0.0261422063	-0.0937650594	-0.0143646617	0.0232562333	0.0237272728	-0.0529281177	0.0305232601	0.0309763507	0.0184721529	-0.0272918115	-0.0337339154	-0.0004669137	-0.0283424444	0.0115818817	-0.0884319731	-0.0947335543	0.1107499152	-0.0486571548	0.0878411115	-0.0049995619	-0.0405755123	-0.0616997484	0.0631586662	0.0150523617	0.0843406598	-0.0658470898	-0.0131133434	-0.0573132213	-0.014899433	0.0945461278	-0.0079101809	-0.0562244255	0.0017649119	0.0384148559	-0.0095201185	-0.0622628997	0.0527876436	0.009456727	-0.0564075113	-0.0433392289	-0.0029889695	-0.009177623	0.10239457	-0.069388824	-0.1296936108	0.006874685	0.0748321677	-0.0757917693	-0.0239277781	-0.0505045151	-0.0514535117	0.0649988597	0.0763754867	-0.0344961865	-0.00985302	0.0164153066	0.0553575715	-0.0361580709	-0.0229625126	-0.0151325581	0.0527720652	0.0531175144	-0.0979617914	0.0260295218	0.0903434417	-0.0571475972	-0.0239183985	-0.0323307046	-0.0679724428	0.064987365	0.058304356	0.0504360365	0.0845599865	-0.0441081389	-0.0607976721	-0.0812333019	-0.0630392002	0.0305784403	0.067192583	-0.0172566437	0.0266666283	0.0647140424	-0.0265372541	-0.0202666834	0.0219711866	0.0049952037	0.0012553228	-0.0551822289	0.0398912339	-0.046103397	-0.0062615948	-0.1037746439	-0.0836495505	0.0927917363	-0.0902574584	0.002137985	-0.0435502663	-0.0816729988	-0.0738155106	-0.0563935854	-0.0962455236	0.0852640164	-0.0678800746	0.04539905	-0.0195090322	0.0589998925723591	-0.0040521182908576	0.0034809873235499	1.6419662643103467e-05	0.1469932778513083	0.1414865077398702	0.0216070237334719	0.0200184318724243	-0.1436012202734602	0.0231367872909586	0.0206213104640268	0.000535310926147	0.0019751070613152	0.0004130964752631	1.706486978747971e-07	3.901047903657166e-06	-0.0009382231717907	0.0001505497518826	2.2665227791942504e-08	8.802627200850014e-07	0.0012939306542309	0.0003565791029373	1.2714865665164086e-07	1.6742565379584046e-06	0.0	0.0	0.0	0.0	0.0	0.0	0.0	0.0	0.0	0.0	0.0
307.6654394412082	-0.2202164359371181	94658.02262655176	0.0484952786568468	553.8645304203034	-0.8208555618921309	306765.9180577032	0.673803853489246	300.3340484517455	0.5015423489476802	90200.54065941542	0.2515447277879566	348.6592638352897	357.6779124630441	1.150923	26.728081	0.1226667075979417	0.0738823351384243	-0.0176225794	-0.0385161798	0.0246729804	-0.0672871405	-0.0204869218	0.023178941	0.0425883539	-0.0516020098	-0.0088271693	0.0446338297	0.0500347005	0.0260025173	0.0288294263	-0.0003827017	-0.0214297552	0.0164961315	-0.0229639685	0.0569305098	-0.0458908228	0.0659406079	0.0953031828	0.0718137103	0.0489077727	0.0406860506	0.0456159417	0.0249686323	0.0683127969	0.0728008115	0.0104158211	-0.0045027951	-0.1149004176	0.0479319327	-0.0194893206	-0.1229860247	-0.0130135711	-0.1444833318	-0.0739422772	-0.0357030254	-0.0559064129	0.0177666268	-0.0776582982	-0.0865764287	0.0315660018	-0.1737313256	0.0609986176	-0.0326564261	-0.018406443	-0.0608294136	-0.0841917251	-0.0079177678	0.0164751314	0.084034717	-0.0587047442	0.0040782032	-0.1643973702	0.0024563361	0.1432665491	0.0698704796	0.0224139923	0.1041059885	-0.0866304374	-0.0264435067	-0.020051097	0.0303158593	0.0757326022	-0.0167169673	0.0217909597	-0.0037162099	0.0202964205	0.0113047688	0.1102497544	-0.0470129752	0.0512855423	0.0094424948	-0.0126729254	0.0093332905	0.0877795087	0.0389891656	-0.1279772075	-0.0526426965	-0.0713300888	0.013949111	0.0459526354	-0.0060905481	-0.0412151229	-0.0366925016	-0.0819466155	-0.0725866973	-0.0820439163	-0.0652542414	-0.0004177692	0.0025109823	0.0263669678	-0.1047294998	-0.0185868795	0.1263650287	0.0956986258	-0.1083513421	-0.0014884474	0.0445810001	0.0497420641	-0.0965970824	0.042378145	-0.0133693526	-0.0241228461	0.0616674559	0.0133159601	-0.0508337195	-0.0530204891	-0.0368921328	-0.0284246711	0.0005870132	0.0269533894	0.0872667822	0.1098901345	0.0666761127	0.0101624481	-0.0054408935	-0.0082080618	-0.0713223311	0.0307142592	-0.0302883632	-0.0349160266	-0.0855475374	-0.0082662501	0.0540874497	0.021011393	-0.0524349045	0.1102321494	-0.0779138278	0.0473669175	-0.1632340805	-0.0876653883	0.0492750688	-0.0052275755	-0.0966600102	0.0868631514	-0.0712638519	0.0509041416	-0.027144045	0.0559402494072855	-0.0030596431650736	0.0031293115037493	9.361416297581606e-06	0.08018410601656	-0.0668091718347483	0.0064294908576749	0.0044634654412449	-0.164061651540905	-0.0204604312674447	0.0269162255063293	0.0004186292476498	0.0018770653483913	-9.804171292390014e-05	9.612177473052446e-09	3.5233743221313526e-06	-0.0011630924541925	-0.0002248692824017	5.0566194167900446e-08	1.3527840569995323e-06	0.0009700924229431	-0.0003238382312877	1.0487120004361061e-07	9.410793090516144e-07	0.0	0.0	0.0	0.0	0.0	0.0	0.0	0.0	0.0	0.0	0.0
306.72701021697486	-0.9384292242333458	94081.4587966442	0.8806494088951993	552.0348129590352	-1.82971746126816	304742.434718717	3.3478659880696013	299.8042070395523	-0.5298414121932069	89882.56255861474	0.2807319220748918	347.97916952935395	352.5958574878226	1.241116	28.822662	0.2261684813218409	0.148574408111423	0.0336330693	0.0545535454	0.1355699515	-0.0346129747	0.003356053	0.1411588874	-0.0477711559	-0.0225760261	-0.1064990399	-0.0801039898	-0.051085692	0.0596702032	0.0168407408	-0.0925009458	0.0102797902	-0.0999872699	-0.0127499514	0.1072720945	-0.0022741435	-0.0364434049	0.124421703	0.0492197762	0.0858153745	0.0647848241	0.0202839664	-0.0404519031	-0.1070116251	0.0098504118	-0.1128578766	-0.0684851282	0.0315078069	-0.0597210036	0.0218081603	0.0895108325	0.0161932852	-0.0690495773	-0.0287442311	0.0856362658	-0.0405047863	-0.0722185968	-0.1188776576	0.1323038764	-0.0102560175	0.0648927249	-0.0804334323	-0.01750409	-0.0002140652	0.0528144153	-0.0297467175	0.0419122651	0.0076331223	0.0097286581	0.1024156464	0.0184077332	-0.0250654451	-0.0576417128	-0.0480229173	-0.1099799184	0.0482444286	-0.0997405115	-0.0338849284	-0.0189099487	-0.0219964027	-0.0037815381	0.0044723698	0.0154700888	-0.0983495707	0.0680611204	0.0665100391	0.1110968629	0.0368364852	-0.1079093794	-0.0938297037	-0.0472429983	-0.0546019874	-0.0233943611	0.0223478997	0.0773639591	-0.0851429626	-0.0418909802	0.0493420337	0.0454118756	0.0343714795	0.0255175059	0.0394801994	0.0713331312	0.0275107892	0.0900252987	-0.0191815893	0.0361725263	-0.0655952548	-0.1172721351	0.0426282022	-0.0853773707	-0.0072509684	0.0578157317	-0.1008488919	-0.0306945498	-0.0071571593	-0.0330857217	-0.146601947	0.0469423773	-0.0267989208	-0.0201845293	0.0162800805	0.0034609022	0.0005039503	0.0695803709	0.054996008	0.0481553323	-0.0129043354	-0.1131257649	-0.0151210389	0.1405884887	0.0053362861	0.0840939612	-0.0842156241	0.0499785734	0.071319041	0.1338677438	0.0591064205	-0.0753586649	0.0563398292	0.0953518431	0.0094671275	-0.0403894517	-0.021633285	0.0029113458	0.0254725902	-0.0876351188	0.0078747396	0.0336432889	0.0064236162	-0.0562074761	-0.0361018197	-0.0970506473	0.088376563	-0.0744894057	0.0562083378	-0.0346117057	0.0580243654670766	0.002084116059791	0.0033668269878568	4.3435397506791785e-06	0.2156210232073476	0.1354369171907876	0.0464924256489835	0.0183431585381442	-0.2183549531902073	-0.0542933016493023	0.0476788855826976	0.0029477626039821	0.0020688228491403	0.0001917575007489	3.6770939093502686e-08	4.280027981124988e-06	-0.0009918329023661	0.0001712595518263	2.9329834091779354e-08	9.837325062159616e-07	0.0006460265470793	-0.0003240658758638	1.0501869189937185e-07	4.173502995312031e-07	0.0	0.0	0.0	0.0	0.0	0.0	0.0	0.0	0.0	0.0	0.0
306.111546250278	-0.6154639666968365	93704.2787477361	0.3787958943022046	554.3256077766418	2.2907948176066384	307276.8794369434	5.247740896373432	300.068301405359	0.2640943658067272	90040.98550829738	0.0697458340508574	348.4174534757961	348.3225648677392	1.318913	30.629354	0.3054241041309486	0.189964909047096	0.0039679781	0.0166896748	-0.012512768	0.069637922	-0.0630550872	-0.0697614653	-0.0029478096	-0.0001033423	0.0115845934	-0.026373447	-0.1328975924	-0.0493505241	0.1225116125	-0.0072050171	-0.0318558705	0.0074799543	-0.122128778	0.0732468273	0.0193285364	0.018343341	0.0136590925	-0.0281265367	0.1098576795	-0.0080412986	-0.0544456708	0.0181797056	-0.0112521622	0.0138993483	0.0856177385	0.0350159314	0.0012492779	0.0775172141	-0.0812088436	-0.0569125299	0.1060188415	-0.1436996717	0.0186763093	0.0656989362	-0.0550345938	0.0297381994	0.1260540044	-0.0732154137	0.0760045851	0.0665968025	-0.0893392388	-0.1025755642	-0.1122164308	0.0367406027	0.0701950266	0.0932247104	0.0517405357	-0.0344172598	-0.0365070619	-0.0311952328	0.1157445733	0.1089441261	-0.0278736071	-0.011248089	-0.0342745348	-0.1039193885	-0.0092603301	-0.0863882252	-0.0460921714	-0.0039484302	0.0108389552	-0.0324951479	0.0102930221	0.0023411447	-0.0658820954	0.1211548508	0.057525359	0.0377142666	0.0786992105	-0.0069075162	-0.0057900143	-0.0211282377	0.097770629	0.0829329431	0.0484967564	0.1092031246	-0.0975185225	-0.0099208142	0.0281850639	-0.0300628739	0.0098106792	0.0984155192	0.0619361502	-0.0875646601	-0.0589706719	0.0466688429	0.0217547717	-0.065274265	-0.0619333837	-0.0777214312	-0.1375107044	-0.0304339299	0.1112370053	-0.0487613107	0.0367723348	-0.0704946514	-0.045323814	-0.1010273959	0.217434792	0.0507178568	-0.1936612419	0.0819220692	0.0396078008	0.033917508	0.0784333742	-0.0332850442	0.0509681538	0.0178395905	0.0291580272	-0.0049940091	0.0665149026	0.1094361934	-0.0223303484	-0.0698780388	-0.0571120771	-0.0666854695	0.0585951919	-0.0435587032	0.0106288197	-0.0834395667	-0.1560067052	0.1184784355	0.0683778717	-0.0043794822	0.09766569	-0.0947661273	-0.0656942785	0.0309204295	0.0381883816	0.0234104448	-0.043986773	-0.0974173387	0.0898027576	-0.0775495743	0.0612907054	-0.0418659738	0.0562969882746529	-0.0017273771924237	0.0031693508887964	2.9838319649055985e-06	0.0486983551489856	-0.166922668058362	0.0023715297942167	0.0278631771117221	-0.1285399198873094	0.0898150333028979	0.0165225110046359	0.0080667402072006	0.0022409707548341	0.0001721479056938	2.9634901434761463e-08	5.021949924021715e-06	-0.0007826526956726	0.0002091802066935	4.3756358872335376e-08	6.125452420435875e-07	0.0012038789462373	0.0005578523991579	3.111992992463365e-07	1.4493245171934316e-06	0.0	0.0	0.0	0.0	0.0	0.0	0.0	0.0	0.0	0.0	0.0
308.4782999033192	2.3667536530412008	95158.86151124215	5.601522854183869	551.8608416318893	-2.4647661447525024	304550.38852665725	6.075072148318114	300.3640823274536	0.2957809220945933	90218.58195241334	0.0874863538751278	348.6324170116652	351.14141212092886	1.398689	32.481991	0.3043459076388565	0.2425225979623166	0.023386919	0.0446341427	0.073185083	-0.0760589002	0.148446037	0.1131953572	-0.0403469821	0.0539004748	-0.0746247244	-0.036107261	-0.1445147646	0.1767819393	0.0815193891	-0.0128136154	0.0017534976	-0.1283677008	0.0412119741	0.1284246415	0.0320168623	0.0383374908	0.1429100107	0.0443972021	-0.0016659777	0.0217773806	-0.021217906	-0.0730856141	-0.0978190688	0.025263307	0.0421879569	-0.0069443358	-0.0382799321	0.0677977654	0.0367042779	-0.0451630723	-0.0554718987	0.0188070004	0.1108810128	-0.1581282849	0.09290026	0.0328247429	0.0381965548	-0.0382668386	0.036384391	-0.0451424462	0.1373002006	0.0566808773	-0.0487894225	0.0814510111	0.1134182679	-0.0046949695	-0.0048821759	-0.05728197	0.0535607367	-0.0265156368	-0.0772779867	0.1643047194	-0.0063182128	-0.0254627855	0.1555300505	0.0627715454	-0.010460399	-0.0065087123	-0.0414804266	-0.1059956041	-0.0216714533	0.0203612546	-0.1369704225	-0.0162097122	0.1725087893	0.0549448602	-0.0414248192	-0.1019179651	0.012988193	-0.1392301746	-0.0513174689	0.0052879265	-0.0238403704	0.04345873	0.0248489449	0.1381932443	0.0517090063	-0.0117131853	0.1492232197	-0.0469758547	0.0235959013	0.0315938908	-0.0449900816	-0.0599456841	0.0916001567	-0.0686878823	0.0936150565	0.1012580503	0.0665726937	-0.0351861777	-0.0220973026	0.151126285	0.0729748743	0.0919281305	0.1200104503	0.008505498	-0.0316376326	0.060138777	-0.1210392506	0.0735352923	-0.0677875697	-0.0219231732	0.0401610555	-0.0723301907	0.0934228883	-0.047987025	0.0305703741	-0.1384847804	0.0231461736	0.0559665231	0.0628063083	0.0414762437	-0.0032406889	0.0048369071	-0.0192418574	0.2329857172	0.1194703989	-0.0545231564	0.017462151	0.0744987635	-0.0724842082	0.1141559138	0.0059666192	-0.0670396702	0.0148767212	-0.1397712625	-0.0203692664	-0.0048845277	-0.0442986702	-0.1765628586	0.053723861	-0.0977599938	0.0911403277	-0.0804375635	0.0661311865	-0.0488621241	0.0565617706103296	0.0002647823356766	0.0031992338945755	7.010968528640855e-08	0.2870206613124964	0.2383223061635107	0.0823808600202627	0.0567975216150941	-0.1697726676628335	-0.0412327477755241	0.0288227586853549	0.0017001394891199	0.0023003070237313	5.933626889720019e-05	3.520792806640846e-09	5.291412403427552e-06	-0.000710028545982	7.262414969060006e-05	5.274267118282685e-09	5.04140536109313e-07	0.0008453179375422	-0.000358561008695	1.2856599695644758e-07	7.145624155305986e-07	0.0	0.0	0.0	0.0	0.0	0.0	0.0	0.0	0.0	0.0	0.0
307.09523047983845	-1.3830694234807763	94307.4805834651	1.912881030167448	555.1685716152191	3.30772998332975	308212.14290928264	10.94107764261863	301.0940316356149	0.7299493081612809	90657.61588658868	0.5328259924851326	349.9453484747541	356.1705759147946	1.534082	35.626259	0.3547111442622102	0.3083961305927937	0.0061567849	0.0984496547	-0.1164506949	-0.0945731671	-0.1231283435	0.0602554541	-0.0513559157	0.1326516639	-0.0234610727	0.0410384186	0.0743747083	-0.0844430218	0.0692689813	0.0267016986	-0.03195842	0.1112329332	-0.0133576724	0.2331013965	-0.0296992227	-0.0403985824	0.0959877477	-0.1044795164	-0.0601107921	-0.1528559021	0.0525932563	-0.0361044715	-0.0295398132	-0.0037379528	0.0103849357	-0.0445879914	-0.0218192618	-0.067388645	0.0658575081	-0.0963746007	-0.0924364881	-0.0885565586	0.0266782725	-0.0040165961	0.023783529	-0.0377816298	-0.0292021082	-0.0204698381	0.0272824204	-0.0231674099	-0.0450345699	-0.0081802612	0.0124383647	-0.0813722745	-0.0261025168	0.0159114789	-0.0030044989	-0.012900099	-0.0218906134	-0.090440077	0.0188409675	0.082545678	-0.0491342476	-0.0582481968	0.0550003867	0.0533201412	-0.0521690544	0.04429443	-0.0428054742	0.0362720433	-0.0383264752	-0.0426927069	0.1202488752	0.1277477052	0.1044111484	0.1749441628	-0.0577443669	0.0966735393	0.0542223377	0.0997559689	-0.0304702698	-0.012998778	-0.0927131876	0.0570204336	-0.050669622	0.0223916009	-0.0155070592	-0.0423837673	0.1684711173	-0.0083828051	0.038180459	-0.0246768082	0.0060114742	-0.0697178976	0.0333237617	-0.0306396991	-0.0362701507	-0.0055318327	0.1354816968	-0.0461950565	-0.0398893184	0.0177020794	-0.0216612411	0.0196110699	-0.0805251542	0.0057363344	-0.0009414791	0.0053466664	0.0512355959	-0.014894314	-0.0991086921	-0.0491132629	-0.0304848573	0.0543218406	0.0858117883	-0.0868183408	-0.0183023613	0.0504885541	-0.008698408	0.1362547058	-0.0813467187	0.1251782981	-0.0391595676	-0.1659474709	0.0049683776	-0.037487441	-0.0835551742	9.72625e-05	-0.1469541113	0.0502065154	-0.1535853023	0.0221251254	0.0544501588	0.0103773419	-0.0028240694	-0.1180437427	0.0055897907	-0.0346013161	0.0290844957	0.03887574	0.0394306905	-0.098078528	0.0923879533	-0.0831469612	0.0707106781	-0.0555570233	0.0556779140009524	-0.0008838566093771	0.0031000301074974	7.812025059397547e-07	-0.0224868503405417	-0.3095075116530381	0.0005056584382379	0.0957948997696555	-0.1618884444538935	0.00788422320894	0.0262078684477013	6.216097560838814e-05	0.0027977193827411	0.0004974123590097	2.47419054895694e-07	7.827233744565241e-06	-0.0006780977156399	3.193083034209998e-05	1.0195779263359727e-09	4.598165119560507e-07	0.000645950071077	-0.0001993678664651	3.9747546178885795e-08	4.172514943243814e-07	0.0	0.0	0.0	0.0	0.0	0.0	0.0	0.0	0.0	0.0	1.0
306.6490094354636	-0.4462210443748517	94033.61498775105	0.1991132204429834	554.3826427936554	-0.7859288215637434	307340.1146308777	0.6176841125645745	300.45338075668474	-0.6406508789301597	90272.23400812138	0.4104335486739861	349.4602945195086	359.79863228694995	1.497115	34.767773	0.1311410856087201	0.0941654315385684	0.0316661462	-0.1002462027	0.0416436058	-0.0579615305	-0.0063431746	0.0320798014	0.0441646522	-0.1224962974	0.0427058089	0.0318759549	0.1507734916	0.0507428391	0.0892418983	-0.052546904	0.0231489452	-0.000211686	-0.0208946342	0.1126411114	0.0125447245	-0.0536651611	0.101489957	-0.1135655171	0.0493506434	0.0935449274	-0.1066890068	-0.1215964303	0.0973021295	-0.0322507868	-0.0702494547	-0.0054168632	-0.0044886144	0.0370683225	0.0758728908	0.0742418254	0.0928166007	0.0152397483	0.0221393226	0.0423547121	-0.026526206	0.0474982077	-0.1211060049	0.1106461293	-0.1352976282	0.0352567055	0.061774618	0.0565379221	-0.0472162317	0.0556179409	0.0140532456	-0.0323185762	0.0096466474	0.0161460875	-0.0212363641	0.1470116621	-0.0083722096	-0.1046222565	0.0044875192	0.0131591957	0.0207661764	-0.0944490618	0.0252728992	0.1014847365	0.0406385237	-0.0094994028	0.024110507	0.0218459749	0.0350232663	0.0729392057	0.0176786034	0.0779354626	0.0854207383	-0.1205574023	0.0214956403	-0.0050830688	-0.0099153628	0.1707568114	0.0651470592	-0.1485509614	-0.072388377	0.027487631	-0.090087985	0.0761080455	0.0276691908	-0.0326703051	0.0823278531	-0.0139248495	0.0510318151	-0.0166325294	0.0378849272	0.0355499008	-0.0505716601	0.0181869763	0.02252744	0.0134727679	0.0036449565	0.0344197574	-0.0578886104	-0.0522924925	-0.058046289	-0.0495863335	-0.0842754644	0.0172864358	-0.1126712394	-0.0531512397	0.1553128278	0.0523432354	0.0444403484	0.0636870079	0.0224439498	0.0735844168	-0.021786429	0.0244428595	0.0062585323	0.0312317785	0.1119355776	0.0839661974	-0.0702445066	-0.0593189707	0.0955876594	0.0076487376	-0.0346843884	0.0751533313	0.08774931	-0.0229589675	-0.0368082388	0.0091041636	0.1359556944	-0.1053346676	0.0330162105	-0.1456939946	-0.0011970499	-0.0995715501	-0.1150592838	-0.0876612084	0.0093055936	-0.0983728629	0.0935444031	-0.0856717519	0.075011107	-0.0619093949	0.0496091360131742	-0.0060687779877781	0.0024610663759736	3.683006626494118e-05	0.069191556617568	0.0916784069581096	0.0047874715071621	0.0084049303023767	-0.1402526211418262	0.0216358233120672	0.0196707977371526	0.0004681088503909	0.0026611902348434	-0.0001365291478976	1.8640208225672037e-08	7.081933466025869e-06	-0.000580141841814	9.795587382590005e-05	9.595353216995648e-09	3.365645566233402e-07	0.0006452735457853	-6.765252917000216e-07	4.576864703097994e-13	4.163779488903337e-07	0.0	0.0	0.0	0.0	0.0	0.0	0.0	0.0	0.0	0.0	0.0
305.8691437991088	-0.7798656363547707	93555.93312839992	0.6081904107670314	552.9493473847707	-1.4332954088846463	305752.9807732438	2.054335729129805	300.25357615232747	-0.1998046043572685	90152.20999226152	0.0399218799223646	349.3261834436805	352.39664695039926	1.209803	28.095467	0.1880710574035518	0.1280288080785863	0.0298928521	-0.054287804	-0.1041962289	0.0426267407	-0.0103857298	-0.1300578523	-0.0370556195	0.0880397734	-0.0669599249	0.0078353754	0.0191208984	0.0130250301	-0.0133080207	0.0025575736	0.0052155151	0.0927652152	-0.1074242656	0.1087940547	-0.0923557	-0.046082954	0.0699128367	-0.1268648551	-0.050610919	-0.1180811002	0.0327581078	0.0065132213	0.0020632674	-0.0605186209	0.0592436515	-0.0259700775	0.0494606351	0.0520102545	0.1648677817	-0.0325201061	0.0559969256	-0.0267757508	-0.0524252941	0.0262970728	-0.0747882811	0.0198774057	0.077972247	-0.023605813	0.0054050585	0.1731821024	0.0038143784	-0.0732689298	0.0307232554	0.0140993327	-0.0013586068	-0.0753180173	0.0622984994	-0.1326831884	-0.0172664418	-0.0033916282	-0.018423663	0.0903119984	-0.0932812716	0.0844902992	-0.1067809752	0.0006163805	0.0316129323	-0.0109074067	0.0145396678	0.0444386204	-0.0284447878	0.0029120188	0.0854508258	-0.0179786613	0.0077107944	0.1627905813	-0.123599953	-0.0050327574	0.0493909223	0.0850872309	0.0935882135	0.0366046031	-0.0616748249	0.069243446	-0.0380494417	0.0964974759	-0.0512302419	-0.0391913417	0.1279171152	-0.0315037595	0.0790704078	0.0054834113	0.0331508094	0.0229266979	0.0133276461	-0.0007009299	-0.0592538877	-0.0105084014	-0.0212386158	0.0241207985	0.1162166721	-0.0776245825	0.0653301477	0.1846042394	0.0028947307	0.0205079024	0.0170132717	0.001032563	0.0303830791	-0.0436052449	-0.0065483759	-0.0334242667	0.0540987839	0.1534655255	-0.0629159781	0.0145250231	-0.0166126945	0.0999699037	-0.0130769507	0.0005600069	-0.075916324	0.0901664214	-0.0736771426	-0.1082949408	-0.0343802507	-0.0139981313	0.0358149123	0.0974508966	0.0186147694	0.0540298152	-0.1383383399	-0.0567557769	0.0931654244	-0.1059959968	-0.0249251952	-0.1263835235	-0.0655848606	-0.0440755963	-0.0388248942	0.0298779172	0.0426406949	-0.0986429257	0.0946085359	-0.0880063298	0.0790155012	-0.0678800746	0.0394086944410361	-0.0102004415721381	0.0015530451975469	0.0001040490082666	-0.0517731922551973	-0.1209647488727653	0.0026804634362936	0.0146324704698511	-0.0989587975062278	0.0412938236355984	0.0097928436038785	0.0017051798704479	0.0027491206286437	8.793039380030005e-05	7.731754153875845e-09	7.557664230834331e-06	-0.0003561139566192	0.0002240278851947	5.018849334485448e-08	1.268171500989815e-07	0.0006449909583194	-2.825874659000312e-07	7.985567588380129e-14	4.16013336313778e-07	0.0	0.0	0.0	0.0	0.0	0.0	0.0	0.0	0.0	0.0	0.0
306.8263961844529	0.9572523853440772	94142.43739553886	0.9163321292469254	551.5601957480113	-1.3891516367593797	304218.6495335846	1.929742269911263	300.65875208849815	0.4051759361706786	90395.685207413	0.1641675392517858	349.1769311068451	352.85581328714494	1.219845	28.328678	0.0441807729752448	0.0253379352741803	0.0326681259	0.0503503058	0.0485806688	0.0221637717	0.0794550872	-0.001675151	0.0622586891	-0.05449823	-0.0517149814	0.0874749087	-0.0024965814	-0.0498586605	-0.0230010426	-0.055281445	0.0151609472	0.0992401733	-0.0822225708	0.0797395219	-0.0405703141	0.030974756	0.0932518189	0.0089777314	-0.0464614747	-0.0149568846	-0.0057071541	0.0053837107	-0.0189463604	-0.0451143236	-0.0174903744	-0.1513880227	-0.0711328735	0.0452452842	0.0488218775	-0.0026827555	-0.0187909697	0.0519833169	0.0745585159	0.041942495	-0.0521892144	0.0842980762	0.0508038109	0.0194306928	0.1009528639	-0.0550869986	-0.1141994337	0.0031713315	0.040662034	-0.0135764643	-0.0520104418	-0.0394469438	-0.0468719372	-0.0076087381	-0.061081262	-0.0203270755	-0.0449134443	0.0125075022	-0.1045277604	-0.0350187458	-0.0935976369	-0.003481991	0.0178750413	0.0629320514	0.0528803981	-0.0565835938	-0.0020550869	0.0164668913	0.0908338007	-0.0959234486	0.0781010059	0.0809453875	0.0830845947	-0.0228422003	0.0027116107	0.0211403807	-0.0046498119	0.0227031638	0.0333277455	-0.0354349558	-0.0472605032	0.0702549727	-0.0376779599	-0.0257249891	0.1451588193	0.052070667	0.0488476657	0.0194193283	-0.0546941988	0.0091954264	-0.0291365608	0.0257755999	0.0562143011	-0.0256508182	0.0238511923	0.0885884267	-0.0579092763	-0.0157179258	-0.0017300264	0.0777113493	-0.023578623	0.0215135975	-0.0592171167	0.0583751655	0.0097638044	-0.0452750081	0.0473138331	0.1187523529	0.0607953396	-0.0196496674	0.053836256	0.0178527014	-0.0043341825	0.1151094287	0.0115103739	-0.0066960419	0.0910865899	0.0685282075	-0.0624235131	-0.093999626	-0.0382493388	0.0157760447	-0.0092993969	-0.030524494	0.0193568529	0.0513404129	0.0310143883	0.018450229	0.1158246668	-0.0732592868	0.0634022106	0.0097753432	-0.0118119834	0.022855987	-0.0621591512	0.1046802681	0.115372667	-0.0988886499	0.0955793015	-0.0901455117	0.0827080574	-0.0734322509	0.046710754909057	0.0073020604680209	0.0021818946241739	5.332008707863369e-05	-0.0432035710613831	0.0085696211938142	0.0018665485524559	7.343840740546952e-05	-0.1021954851805375	-0.0032366876743097	0.0104439171912854	1.0476147101028382e-05	0.0026757554347843	-7.336519385940004e-05	5.3824516700273494e-09	7.159667146777717e-06	-0.0007831377449298	-0.0004270237883105	1.8234931578313608e-07	6.133047275337324e-07	0.0006460500489314	1.0590906119999771e-06	1.121672924426486e-12	4.173806657242643e-07	0.0	0.0	0.0	0.0	0.0	0.0	0.0	0.0	0.0	0.0	0.0
306.2585051687173	-0.5678910157355972	93794.27198817724	0.3225002057532083	554.7335611184438	3.1733653704325206	307729.32383115025	10.070247774260327	300.4613851938281	-0.1973668946700399	90277.04399259394	0.0389536911116946	349.13512438914626	353.2742657043951	1.134494	26.346558	0.1704218387301856	0.1467480576545086	0.0237366576	0.00821288	-0.0387625961	-0.007526654	-0.086795195	-0.0690112028	-0.0488188699	0.0502219408	-0.0231706443	0.0067281225	-0.0401582014	0.0004409084	0.0047891888	-0.0220927304	0.0139230879	0.0200692725	-0.0337086543	0.058154629	0.000523454	0.0192222689	0.0878045833	-0.076405087	-0.0549864587	-0.0126803813	-0.0126273549	-0.0417705149	0.0127232878	-0.1169364033	-0.013851233	0.0386672464	-0.0793297038	-0.0483482667	0.0207048188	-0.0818261513	-0.071586836	0.1945782762	0.0401326062	0.0439184061	-0.0033160089	0.0319388003	0.0025816123	-0.0171702352	-0.1354446843	-0.0530684988	-0.0181727	0.0644640844	0.0132613606	-0.0745541493	-0.0304238474	-0.116064425	0.0283025451	0.0107320592	0.0039475945	-0.0886516982	-0.0319837612	-0.0127117765	-0.013599368	0.0271724833	0.022716294	0.0553743626	0.0416169295	-0.0922410977	-0.0888132174	0.1340049067	0.0763184515	0.0073777517	0.0300713019	0.0449373728	-0.0268362692	0.0728921002	-0.0646092673	0.0477877323	0.0622900648	-0.0068992894	-0.0404442737	-0.0187042227	0.0817969219	0.0378389379	-0.0133645745	0.1322553536	0.0218291773	-0.0310885356	0.150453514	-0.0087655586	-0.0310043312	-0.0122215873	0.0464548985	0.0725426146	0.0212901013	-0.0761592223	-0.0329298635	0.0330583075	0.0180739169	0.1184808503	-0.0889818185	-0.026257198	-0.0729180086	-0.0189818452	-0.0866900806	0.024463981	0.0176306915	0.0209599651	-0.0093228813	-0.1262689264	0.1043467261	0.0095628015	-0.1385659059	0.0226205093	-0.128553096	-0.0108455779	-0.0879495204	-0.0004553349	0.0213018806	-0.0405945961	0.0580287754	0.0719863745	-0.0290602039	-0.0570356473	0.0401798655	-0.0146505363	-0.0559481531	0.0045159586	-0.0178563111	0.0007115115	-0.0935618557	0.0727505293	-0.0053677879	0.0566032353	-0.0446783432	0.0252545265	0.0307134069	-0.041881293	-0.0800985471	-0.0178816018	0.030341853	-0.0991099747	0.0964557418	-0.092084548	0.0860742027	-0.0785316931	0.0578894513216283	0.0111786964125712	0.0033511885743191	0.0001249632534844	0.1025352822968699	0.1457388533582529	0.0105134841156988	0.0212398133781783	-0.1022678356975888	-7.235051705128948e-05	0.010458710218269	5.234597317588929e-09	0.0026133410400311	-6.241439475319997e-05	3.8955566724082755e-09	6.829551391510831e-06	-0.0007828878667168	2.4987821299995213e-07	6.243912133204945e-14	6.12913411852382e-07	0.0008520245448114	0.00020597449588	4.242549295302017e-08	7.259458249610734e-07	0.0	0.0	0.0	0.0	0.0	0.0	0.0	0.0	0.0	0.0	0.0
305.9590237678725	-0.2994814008447974	93610.92422498958	0.0896891094519622	552.6336594263713	-2.0999016920725357	305403.9615309826	4.409587116369097	299.7470193621412	-0.714365831686905	89848.27561648785	0.5103185414817235	348.5428925644754	356.45179749735826	1.00749	23.39711	0.1464905244196711	0.0980306595171093	0.0114013572	0.0173059276	-0.0088269795	-0.0328695991	0.0281655242	0.0260565104	0.0068395955	-0.0592830969	0.0069963483	-0.0604984484	0.0594408166	0.0310295974	0.0118665106	-0.0575170284	0.0250326534	-0.0920364232	-0.019030078	0.0372931716	-0.0018943518	0.0254862698	0.044681032	-0.0790866224	-0.0881663729	0.0196828981	0.1000114984	-0.0866016079	0.1317852358	-0.0201426308	-0.0662241564	-0.0180790777	-0.0613914515	-0.0790458204	-0.0345618391	-0.0254196139	0.0228674291	0.0427275454	0.0657437498	0.0806109683	0.0578562018	-0.0285218772	0.0246233181	0.0197378835	-0.0453942451	-0.012521804	0.0213072503	0.0436100582	-0.0794101851	-0.1607614158	-0.0313292144	0.0962992281	-0.05078014	0.0612161731	0.1059428289	-0.0435612283	0.0520269458	-0.0441930988	-0.0511627022	0.1305987765	0.0381512758	-0.0136495392	0.1211260934	0.056620135	-0.0385010433	-0.1164054685	0.0099526964	0.0254950098	-0.0744508438	0.0220489021	0.0016048562	0.0335980138	0.0118599595	0.0217736763	-0.0154507462	0.0229896375	0.002946978	0.1407726812	0.0188745552	-0.0712874501	-0.0210626856	0.026917012	0.0285470017	-0.022455325	0.1307151462	0.021471361	-0.1009555271	-0.0323420354	0.057257806	-0.046130018	0.055418035	0.0570385784	-0.0255079047	-0.0616381492	0.0400278535	0.0671646569	-0.041996326	0.052552396	-0.0298279466	0.0091544285	-0.0844921625	-0.1111605752	-0.0318669746	-0.0471554819	-0.0417106596	-0.0834938117	-0.0999060388	-0.0075471639	-0.0479752055	-0.1683479765	-0.0412228601	0.0830103315	-0.0509402423	-0.074249064	0.0377799635	-0.0512126971	0.0203324142	0.0598641955	-0.0048750048	0.0373466634	0.078772327	0.0908979763	-0.0379419603	0.0404320124	-0.0702451543	-0.0472234219	0.0447032477	-0.0166776241	0.1031900546	-0.0402059651	0.012024849	0.1591514327	0.0055260782	-0.1213126301	-0.0720116031	-0.0508821662	-0.0156520507	-0.0993068457	0.097236992	-0.0938191336	0.0891006524	-0.0831469612	0.0664491340621822	0.0085596827405538	0.0044154874176138	7.326816861893624e-05	0.1966792588628862	0.0941439765660163	0.0386827308668542	0.0088630883236626	-0.1023861246105397	-0.0001182889129509	0.0104829185127649	1.3992266927106424e-08	0.0024566933575553	-0.0001566476824758	2.4538496425039072e-08	6.035342253056332e-06	-0.0012261240931652	-0.0004432362264484	1.9645835243621734e-07	1.503380291840184e-06	0.0011255121598902	0.0002734876150787	7.479547560148984e-08	1.266777622060703e-06	0.0	0.0	0.0	0.0	0.0	0.0	0.0	0.0	0.0	0.0	0.0
305.02287099386103	-0.9361527740114752	93038.9518293376	0.8763820162893802	550.0468283891678	-2.586831037203524	302551.5134209826	6.691694815039459	299.41832312954404	-0.3286962325971672	89651.33222570804	0.108041213323571	347.68405848683574	347.6154507835992	1.167811	27.120281	0.1113260543635317	0.0815771070780534	0.0013354058	-0.0206960838	0.0782669101	0.0623735595	-0.0302347668	-0.05231475	0.0064924442	-0.1020992988	0.0271512416	-0.0889452937	-0.0898529037	-0.0055420114	-0.0069415453	-0.0585470146	0.0056920689	-0.0309668846	-0.0839708094	-0.0195447149	-0.0032046428	-0.04623964	-0.0502427966	-0.0413312444	0.0923908072	-0.0033671439	-0.0026988383	-0.0178770288	0.066442463	-0.0513325844	-0.0132815181	0.0123540458	-0.0078173966	0.0515564488	-0.0597583266	-0.0430181105	0.1606063376	-0.1013675961	0.12756053	0.0109129169	0.0189218232	-0.0610660426	-0.0292841979	-0.0465231326	-0.0310401222	0.0211460788	-0.0332590703	-0.0003933137	-0.0054572021	0.0479046603	-0.011824035	-0.0880643637	-0.0113399533	-0.0221566516	-0.0068130825	0.0325642862	0.1599743393	-0.0739673501	0.0826944058	0.0301971124	0.0479725563	-0.0452952411	-0.0470982864	-0.0789010026	0.197466699	0.0166987886	0.0502451504	0.0053578108	-0.0411953084	-0.0035990562	-0.1125057747	0.0506614904	0.0883570215	-0.0414898224	-0.0173242526	-0.0183411542	0.0359839115	-0.0053174212	0.0888056276	0.0266391486	0.0974579914	0.0186910639	-0.0883809165	0.0010545693	0.0125933699	-0.0856597268	0.0356885559	-0.0241474065	0.0399829471	-0.0592832098	-0.0833767606	0.033688726	0.0196533817	-0.0696631819	-0.0538501643	0.0604177807	0.063375028	0.0442641781	0.0890957007	-0.0069605142	0.0079847602	-0.0195476372	0.1276149136	0.0260758864	-0.0702499233	-0.0948026487	-0.0141356492	-0.0537492178	0.0264063039	-0.0070401105	-0.0351855944	-0.0668974347	-0.0242899152	-0.0236457835	0.0300086427	-0.0726591738	-9.13229e-05	0.0609488982	-0.006633147	0.0036672106	0.1183829378	0.0222744361	-0.0209699214	-0.0861915924	0.1071094116	-0.0916082613	-0.0590345561	0.092458186	0.0151876705	0.0237379503	-0.0367287133	0.0726896637	0.0901321426	-0.0218570667	-0.0073282729	-0.0104172419	0.0167274379	-0.0994792142	0.0979222811	-0.0953454172	0.0917754626	-0.0872496007	0.0654875153862235	-0.0009616186759587	0.0042886146714608	9.247104779525692e-07	0.1242323987834197	-0.0724468600794665	0.0154336889074826	0.0052485475353737	-0.1022060217602032	0.0001801028503364	0.0104460708840471	3.243703669933067e-08	0.0018696029946312	-0.000587090362924	3.446750942383513e-07	3.495415357533951e-06	-0.0010629451911576	0.0001631789020076	2.662735406040594e-08	1.1298524794050669e-06	0.0011299923501139	4.480190223699922e-06	2.0072104440536352e-11	1.2768827113159345e-06	0.0	0.0	0.0	0.0	0.0	0.0	0.0	0.0	0.0	0.0	0.0
305.3596921976843	0.3368212038232627	93244.54161906448	0.1134485233449519	552.3926497618357	2.345821372667956	305137.6395109021	5.502877912465773	299.3275721216146	-0.0907510079294411	89596.99543222038	0.0082357454402094	347.9296217856339	349.29040002891486	1.182121	27.452612	0.1142313510372891	0.0679376736445863	-0.0028175201	-0.1423838891	-0.051714401	0.0607345344	0.0394644734	-0.1392445437	-0.0192768179	0.015427045	0.0631313665	-0.0541417777	-0.0848019871	0.1281963105	-0.0255723793	-0.0395394795	0.0253002605	-0.0942276567	-0.0238181775	-0.1190963169	0.0183734857	0.0483111757	-0.070467857	-0.0672278671	0.0083321353	0.0099476347	0.0009499005	-0.0135523781	0.0682449083	0.0156809918	0.0432529328	0.0284603201	-0.1429517923	-0.0200333779	0.1011844856	0.0274494133	-0.0961405175	0.0864481762	0.0265561649	-0.0825845457	-0.0629313218	-0.1171122379	-0.0481590455	0.0806548003	-0.0180799024	-0.0027549613	0.0087150778	-0.0625690452	0.00461298	0.1780012404	0.0297720347	-0.0033740995	-0.0190995702	-0.0340537711	0.1039389949	-0.0072041783	0.0317484934	0.051913733	-0.0282831662	-0.0852926196	0.0511048704	0.0354617288	0.1318595024	-0.0117600808	0.027718114	-0.0343009417	-0.1149853034	0.0289521264	-0.1028547719	-0.0541012545	-0.1136510571	-0.0596947275	-0.115901539	-0.0216203675	0.0647018168	-0.0408766136	0.0510139519	0.075389943	-0.0204646935	0.0499680929	0.0603005438	0.0623938949	0.0590943857	0.0097258022	0.0344883641	0.0281568696	-0.0371308886	-0.1077348708	0.005005153	0.0743976328	0.0311714993	-0.0059344171	-0.0153390339	0.0208226687	0.021687842	-0.0202876869	0.0629736326	0.108071423	-0.149755777	0.1014164816	-0.0430264452	0.0791641661	-0.0440573352	0.1444169264	0.0568079931	0.0683360652	0.0350464859	-0.0293350734	-0.017146647	-0.0618650756	0.0570258098	0.0010022873	0.0020958179	-0.0595321946	0.0338760203	-0.1179741986	-0.0233014956	-0.017335022	0.0136152002	0.0704109913	0.0291150081	0.0887767597	0.018675227	0.1229822967	0.098266631	-0.0531001366	-0.0206599997	0.0101860162	-0.0558859397	0.0017066447	-0.1287264563	0.0951560645	0.0110894887	-0.0068299789	-0.044142672	-0.0884151616	0.0157694255	-0.0996270376	0.0985109326	-0.0966600102	0.0940880769	-0.0908143174	0.0614866113661065	-0.0040009040201169	0.0037806033772866	1.60072329781883e-05	0.1817759649649133	0.0575435661814936	0.0330425014389253	0.0033112620088839	-0.0687931977820497	0.0334128239781535	0.0047325040610802	0.001116416806195	0.0019289320873818	5.932909275060006e-05	3.519941246609305e-09	3.720778997731109e-06	-0.0008209926541347	0.0002419525370229	5.854103017181781e-08	6.740289381431391e-07	0.0010457928427369	-8.419950737699987e-05	7.089557042529455e-09	1.0936826699197263e-06	0.0	0.0	0.0	0.0	0.0	0.0	0.0	0.0	0.0	0.0	0.0
305.76285124355843	0.4031590458741334	93490.92120059044	0.1625372162701416	551.739991792043	-0.6526579697926991	304417.01854268374	0.4259624255339277	300.2510349000028	0.9234627783882274	90150.68395852271	0.8527835030685045	348.71854276997107	351.19736764688287	1.243676	28.882097	0.2438421959794871	0.1881152134619777	-0.0130966826	0.0167720887	-0.1016144195	0.0570561839	0.0126223524	-0.0301569062	0.0278848105	0.0769278838	0.0205942328	-0.0043061407	0.0860251933	-0.0434217143	-0.1077594999	0.0469380569	-0.0171642402	0.0474139858	-0.0213841034	-0.015400143	-0.0562003272	0.0622487937	-0.0173311841	-0.0721474801	-0.0675065333	-0.0508889904	0.0458141268	0.1630260776	0.024690423	-0.1133304862	0.1015518413	0.055065152	0.0770935375	0.0969625647	0.1012103566	0.0884286247	-0.0571918143	-0.0530854308	-0.0449471713	0.0311573335	-0.0286844942	-0.0535252688	0.1242197626	-0.0008066772	0.1110589128	0.0205827098	-0.0128774802	0.007765927	0.0820448235	-0.0271769968	-0.0549262885	-0.0193999403	0.0091325635	0.0629038595	-0.1142725904	0.0716559259	-0.0465426926	0.0167419249	-0.0284662203	-0.0089702078	0.0953326304	-0.0362389635	0.0597822841	0.0156318704	-0.1135691238	0.066467343	0.0204448769	-0.0166639913	0.0334391137	-0.0466389543	0.0227780493	-0.0068114551	-0.0501038838	0.0923394438	-0.011162731	0.0942471257	0.0532673352	0.0220918584	-0.0408011476	0.0293196178	-0.0602018781	0.0870558899	0.0268659557	-0.0444746176	-0.0348691701	0.0769970529	0.0373125065	-0.2154841472	0.0172849222	-0.0173672586	-0.099728687	-0.0833461784	0.0516594552	0.0353365386	0.0427530241	0.0679636059	0.080610526	-0.1525413658	-0.0239744381	-0.0366340649	0.1174599153	-0.0178091664	-0.0541033769	-0.0320009517	0.0086944695	0.1286398592	-0.0337455883	0.0670680692	0.1089100868	0.0388825933	-0.0138147943	-0.0115000889	0.0678499445	0.0696930851	0.024080722	-0.0753389266	-0.0740211592	0.0239993153	0.0507463165	-0.0404221014	-0.0138529822	-0.0181583472	-0.0485912818	0.0441433775	-0.0193019679	0.0838642453	-0.0265532655	0.0331737532	0.0158286015	0.034051812	-0.0833582966	0.1155227062	-0.0419973353	0.0359574768	-0.0398333376	0.1468415447	-0.0197909051	-0.0997502796	0.0990023658	-0.0977599938	0.0960293686	-0.0938191336	0.0716117093336663	0.0101250979675597	0.0051282369136895	0.0001025176088526	-0.0064477051099629	-0.1882236700748762	4.1572901185041685e-05	0.0354281499764558	-0.0562219262024186	0.0125712715796311	0.0031609049859102	0.0001580368691288	0.0024210089413879	0.000492076854006	2.421396302485406e-07	5.8612842942801605e-06	-0.0009752504568358	-0.0001542578027011	2.3795469694171495e-08	9.511134535584364e-07	0.0010336843722957	-1.2108470441200142e-05	1.4661505642541756e-10	1.0685033815283551e-06	0.0	0.0	0.0	0.0	0.0	0.0	0.0	0.0	0.0	0.0	0.0
306.37888017834126	0.6160289347828325	93868.0182193344	0.3794916484896712	552.0790915807088	0.3390997886657487	304791.32336058066	0.1149886666731554	301.04364397683736	0.7926090768345375	90627.2755788528	0.6282291486804978	349.4707972570061	349.7899923935211	1.144442	26.577587	0.1693620461576498	0.1048328835220964	-0.0648802371	0.050460668	-0.0375677551	0.0198130408	-0.0093999303	0.0609366812	0.0614228461	0.0157328757	0.0535200906	0.0334906861	0.0478200454	-0.1002545663	-0.0226343836	0.0672957985	-0.0672682175	0.0075014267	0.0615624946	0.0104687702	0.0665650967	0.1874614566	-0.1771800521	-0.0216800847	-0.1177980903	-0.011556204	0.0916225816	-0.0860578723	0.11831188	0.0871512952	-0.1779946393	-0.0286610185	0.0574272133	0.0535687316	-0.1223441511	0.0094071841	-0.0319465776	0.0034263691	0.0996556065	-0.0324259537	0.0041649392	0.1088412854	0.0780593647	0.0635250174	0.0566970411	0.0079156697	0.0084304355	0.0448296013	-0.0558096546	-0.1180973666	0.1320691743	-0.0095803881	0.0282609034	-0.0103534765	-0.0665366313	0.0414512443	-0.0538035479	-0.1572657279	0.034137841	-0.0499329526	-0.0327281126	-0.0342297941	-0.0876610465	0.0128059873	-0.0630244991	0.0121730704	-0.0545382706	-0.0670081261	0.0277612954	-4.7442e-06	0.0779984745	-0.0601071509	0.0350718847	0.122010126	0.0271899543	-0.0433306707	0.0446196972	0.1004905929	0.0731027317	-0.0944731693	0.1647289837	-0.1122877269	0.1660452633	0.0226125295	-0.0134233586	-0.1167594246	-0.1279941004	-0.055016772	-0.2004439108	-0.1679223225	-0.0234024066	0.0488907912	-0.0025753633	-0.0440973769	-0.0378879589	0.0782851547	0.0013588193	-0.0071494381	0.0646595328	-0.0574208044	0.0146933856	-0.0358481545	-0.031938647	-0.0596864873	-0.0488257345	-0.0567960689	0.1651983471	-0.032771301	-0.0683826517	0.1086074982	-0.0909087293	0.0588680804	0.1646625256	0.0146376343	0.0363190412	-0.1141353049	0.0300863042	-0.0077407958	0.0394686337	-0.0802989967	-0.0309496265	0.0530866215	-0.0819181559	0.0119878097	-0.0249456685	-0.1835096971	0.1722254868	-0.1955218665	-0.021125763	0.0584588597	-0.0776826645	0.0456700133	-0.030173313	-0.0235270735	0.0350716912	-0.0753116282	0.0395733447	-0.0998489097	0.0993960955	-0.0986429257	0.0975916762	-0.0962455236	0.0615740889479639	-0.0100376203857023	0.0037913684297717	0.0001007538230074	0.0929567732418661	0.099404478351829	0.0086409616915397	0.0098812503163992	-0.059907914506887	-0.0036859883044683	0.0035889582205644	1.35865097806778e-05	0.0017647731931412	-0.0006562357482467	4.3064535727690645e-07	3.114424423229787e-06	-0.0005170793333635	0.0004581711234722	2.0992077838386954e-07	2.673710369916417e-07	0.0010439566828897	1.0272310594000144e-05	1.055203649396076e-10	1.0898455557500658e-06	0.0	0.0	0.0	0.0	0.0	0.0	0.0	0.0	0.0	0.0	0.0
306.1090046978042	-0.2698754805370527	93702.72275708032	0.0728327749951051	549.8998134613037	-2.179278119405126	302389.8048447766	4.749253121717942	301.079865046269	0.0362210694316331	90649.08513627957	0.0013119658707711	348.9898643902608	345.5552831670363	1.081046	25.105331	0.1094153742936595	0.061932018014767	-0.0699460602	0.1332445753	0.0708871042	0.062420005	0.0115038496	0.096038503	0.0538691238	-0.0460371133	-0.0088334061	-0.0496996291	-0.0655894093	-0.1773254554	0.0763537301	0.0421657248	-0.0498315577	0.0579905799	0.1045309263	-0.018670012	-0.0209044651	0.0755538186	-0.2123062445	0.0164020973	-0.0175913789	-0.0788312983	0.0705815232	-0.0052936852	0.0385439007	0.072185634	-0.1729556646	0.00431758	0.0607685234	0.0557208781	-0.1728844713	0.1754157845	0.0210269966	0.0068763803	-0.0522893095	-0.0485711545	0.0283898935	0.0751360865	-0.03642099	-0.0334992769	-0.0954202381	-0.0999935486	0.0168476157	-0.0255610238	0.1403167869	0.1525133377	-0.0100479852	0.0394406713	0.0256543301	-0.0566593476	0.026232533	-0.0948083183	0.1077900608	0.128260519	-0.100459926	0.047290607	-0.0982752779	0.0188739394	-0.084853767	0.0354185091	-0.1474134008	-0.0321728904	0.0673018049	-0.0545615815	0.0410976499	2.947e-05	0.0572633716	-0.0981021317	0.1041315636	0.0619612671	-0.0904886838	0.0244284822	0.0926854945	0.0276119895	-0.0053993992	-0.0304667332	0.2581079544	-0.1212667279	0.0854052736	0.0523645209	0.0026258007	-0.0322382411	-0.1393303434	0.0657031421	-0.0535829001	0.0736701144	-0.011790989	0.1593802386	-0.0940639214	0.0190166252	-0.0965204481	-0.0843929778	0.0391985377	-0.0785848619	-0.0246719081	0.0522677725	0.0994278306	0.0521621879	0.0507138687	-0.002708784	-0.0545415501	0.0949878395	-0.0915878417	-0.0067518507	0.0033295104	-0.0145788099	-0.0387054719	-0.0455378799	-0.1412545049	0.0331720892	0.0075451168	-0.0511657087	-0.0898873703	-0.0394858814	0.0187094424	-0.0981520554	-0.0318558815	0.0762331637	-0.1122594386	-0.1010518501	0.0414737407	-0.1291248386	0.203333914	-0.0911791381	0.0242593596	0.0349682343	-0.0828738794	0.09806598	0.0064380934	0.052104669	0.0869012789	-0.1066185727	-0.0239018932	-0.0999229036	0.0996917334	-0.0993068457	0.0987688341	-0.098078528	0.0488013491190315	-0.0127727398289324	0.0023815716758375	0.0001631428827375	0.0401521217986839	-0.0528046514431822	0.0016121928849363	0.0027883312140359	-0.077374173638212	-0.017466259131325	0.0059867627461961	0.0003050702080425	0.0016921856573585	-7.258753578269993e-05	5.268950351004743e-09	2.863492298969819e-06	-0.000572954781411	-5.587544804749997e-05	3.122065694508868e-09	3.282771815417268e-07	0.0006449851889155	-0.0003989714939742	1.591782530040051e-07	4.160058939203633e-07	0.0	0.0	0.0	0.0	0.0	0.0	0.0	0.0	0.0	0.0	0.0
307.0532319870073	0.94422728920307	94281.68727366692	0.8915651736757781	552.3302106062571	2.4303971449534174	305068.6615483523	5.906830282197722	300.3478490155802	-0.7320160306887828	90208.83040828576	0.5358474691853611	349.03414789740503	356.32436882540475	1.468385	34.100567	0.0180143873916691	0.0084607222652947	-0.0327854289	-0.078550586	-0.0040316184	-0.0187655156	0.0023834123	-0.0114839735	0.0694865747	-0.0437500332	0.1000883187	0.0252743939	-0.0726124869	-0.0007007896	0.0342555599	0.0752074931	-0.0240937776	0.0202039406	0.0639780018	-0.0740509898	0.1466820461	-0.0333117664	-0.1581287818	0.0633173334	0.0606797769	0.1138205526	-0.0359835107	0.0954202067	0.1013120282	-0.1508330124	0.0325693354	0.060411784	-0.0248197427	0.0196392074	0.0437552243	0.0376805942	-0.1070867772	-0.090708516	-0.2105917727	0.0014464808	0.1611866766	0.0630976103	-0.0003550347	-0.0055630859	-0.0071273712	-0.0586397193	0.0268640281	0.0914746502	0.0152755533	-0.0837207593	-0.0546087639	0.169850155	0.0251739874	-0.0290618225	-0.0821097852	0.1146433862	0.0309131582	0.0255746406	0.0358313608	0.1009044407	-0.0280120626	0.0149164621	0.0379756781	-0.0138169147	0.0925301298	0.0141507208	-0.078596425	-0.0354638253	0.0214795642	0.0019279467	-0.0464671313	-0.0964698245	0.0311159263	-0.0203173715	0.0387118491	-0.086462426	-0.0418917626	0.0311267826	-0.04194713	-0.1129632327	0.0997462259	0.0429804626	-0.0353748239	-0.1076448455	-0.1882017781	0.1872272661	-0.0068424488	-0.1586508983	0.0073479957	0.1751243444	0.1240372088	0.0896712083	-0.0096500165	0.1029076531	-0.0237866891	-0.0606077489	0.1836820278	-0.0456707616	0.0646833189	-0.1578397309	-0.0898797229	-0.0382175734	0.095206379	0.0894274128	0.0565544388	0.0763124688	-0.0806420317	0.0221416118	0.0177824009	0.0604594549	0.1079610019	-0.0740024912	0.0646177318	0.0382269758	0.0035526278	-0.0513028161	0.0029885745	-0.0685100846	0.0262845564	-0.0481894257	0.0521518904	0.0028469442	-0.0889623895	0.0895368912	0.0600179075	-0.0159151511	0.2085872087	0.0904861958	-0.0583735319	-0.0178285261	-0.0542685198	0.0461547681	-0.0146869993	0.1584123832	0.0086225464	0.1032646272	-0.1063807744	-0.099972243	0.0998889875	-0.0997502796	0.0995561965	-0.0993068457	0.0530936793955731	0.0042923302765415	0.0028189387917599	1.842409920291568e-05	0.0432356928545942	0.0030835710559102	0.0018693251366168	9.508410456847746e-06	-0.0734376482453598	0.0039365253928522	0.0053930881798091	1.549623216857021e-05	0.0015941718446802	-9.801381267829997e-05	9.606707475736874e-09	2.541383870371072e-06	-0.0005369860836306	3.596869778040002e-05	1.2937472200177532e-09	2.8835405401292975e-07	0.0006449284860469	-5.670286860003353e-08	3.215215307472669e-15	4.159327521147465e-07	0.0	0.0	0.0	0.0	0.0	0.0	0.0	0.0	0.0	0.0	0.0
305.705438828488	-1.3477931585192664	93455.81532931844	1.8165463981513403	553.1901263952255	0.8599157889684648	306019.3159411656	0.7394551641172572	299.8044504205277	-0.5433985950525084	89882.70849195465	0.29528203310504	348.5397264570466	353.51136330391864	1.191348	27.666874	0.0501625965109331	0.0243456769871545	-0.0772974724	0.0124975154	0.0987328185	-0.0035644933	-0.0731054269	0.0142600146	0.0541824733	-0.0557574291	-0.0945364415	-0.0649472314	-0.0842373936	-0.0508243523	-0.0848865598	0.0190274346	-0.078133166	0.0029591707	-0.0198006142	-0.0318084031	0.0278700901	-0.0391220612	-0.1874020212	0.0350708193	0.036975423	0.0747867079	0.0229138955	0.0694883242	0.0160943228	0.0308343497	-0.1110149308	-0.0251713235	-0.0318434313	0.0413152623	-0.0191515022	-0.0426461132	-0.0760044093	0.0518389305	-0.1625980237	-0.0523830813	-0.0828768788	-0.02304506	-0.0697858348	-0.1477896636	-0.0300282263	0.0497919274	0.0463956637	0.0814994888	-0.0283041037	-0.0236403336	0.0683599543	0.0605944987	-0.1318058069	-0.05602108	0.0438264845	-0.0270546401	-0.031413751	0.103709564	0.0549947253	0.0049363261	-0.0412588041	0.0471009052	0.028180232	0.0145754299	0.2028485198	-0.0096239749	0.0215630597	-0.0832827503	0.0111696514	0.024505597	-0.0566008779	0.0131237181	0.0191775456	0.0240276231	-0.0675144458	-0.0688220229	0.1080784022	-0.0071244849	0.0226027691	0.0058454132	0.0554381462	-0.1293729019	0.1388396714	-0.0115817439	-0.0776002884	0.1212439448	-0.1023967407	0.0305252431	-0.0097713036	0.1361729785	0.0225536636	-0.0245749133	-0.0059343326	0.0471752355	0.0221029186	0.0142033968	0.1184158958	0.021355035	0.0073232124	-0.0461743028	-0.077455469	-0.0124629013	0.1469883265	0.0777608543	0.1481516172	0.068537735	0.0146991083	0.0597137606	-0.0049412908	-0.1381546816	-0.0695633962	0.0738322416	0.0819297541	0.0359421599	-0.0068256198	-0.0137003731	-0.0580491539	0.0032477551	-0.0174127025	-0.084939638	0.0775246607	0.0236191416	-0.036612832	0.0284336262	0.036428183	-0.0618270809	0.2054663446	-0.1396230273	-0.0871763645	0.0008249536	-0.0364000401	0.0991758731	-0.0836491651	0.0670280803	0.0921965455	0.0172040384	-0.053768791	-0.0999969158	0.0999876632	-0.099972243	0.099950656	-0.0999229036	0.0503663082301386	-0.0027273711654344	0.0025367650047333	7.438553474043536e-06	0.0317367299857522	-0.011498962868842	0.0010072200301885	0.000132226147059	-0.0859824366662564	-0.0125447884208966	0.0073929794150667	0.000157371716525	0.0019171685673488	0.0003229967226685	1.0432688285465648e-07	3.67553531563025e-06	-0.0005969634704403	-5.997738680970006e-05	3.597286928520382e-09	3.5636538504012696e-07	0.00056007311441	-8.485537163689996e-05	7.200434095636407e-09	3.13681893484917e-07	0.0	0.0	0.0	0.0	0.0	0.0	0.0	0.0	0.0	0.0	0.0
