
Sun Mar  8 19:34:53 CET 2026
cd /out/sourcedata/freesurfer/sub-v1s14x0051566_ses-1
setenv SUBJECTS_DIR /out/sourcedata/freesurfer
/opt/freesurfer/bin/recon-all -autorecon-hemi lh -noparcstats -noparcstats2 -noparcstats3 -nohyporelabel -nobalabels -lh-only -openmp 16 -subjid sub-v1s14x0051566_ses-1 -sd /out/sourcedata/freesurfer

subjid sub-v1s14x0051566_ses-1
setenv SUBJECTS_DIR /out/sourcedata/freesurfer
FREESURFER_HOME /opt/freesurfer
Actual FREESURFER_HOME /opt/freesurfer
build-stamp.txt: freesurfer-linux-ubuntu22_x86_64-7.3.2-20220804-6354275
Linux dna029 5.14.0-427.37.1.el9_4.x86_64 #1 SMP PREEMPT_DYNAMIC Fri Sep 13 12:41:50 EDT 2024 x86_64 x86_64 x86_64 GNU/Linux
cputime      unlimited
filesize     unlimited
datasize     unlimited
stacksize    8192 kbytes
coredumpsize 0 kbytes
memoryuse    67108864 kbytes
vmemoryuse   unlimited
descriptors  1024 
memorylocked unlimited
maxproc      2061970 
maxlocks     unlimited
maxsignal    2061970 
maxmessage   819200 
maxnice      0 
maxrtprio    0 
maxrttime    unlimited

               total        used        free      shared  buff/cache   available
Mem:           503Gi        50Gi       400Gi       9.2Gi        52Gi       440Gi
Swap:             0B          0B          0B

########################################
program versions used
7.3.2 (freesurfer-linux-ubuntu22_x86_64-7.3.2-20220804-6354275)
7.3.2

ProgramName: lta_convert  ProgramArguments: lta_convert -all-info  ProgramVersion: 7.3.2  TimeStamp: 2026/03/08-18:34:53-GMT  BuildTime: Aug  4 2022 06:17:15  BuildStamp: freesurfer-linux-ubuntu22_x86_64-7.3.2-20220804-6354275  User: oesteban  Machine: dna029  Platform: Linux  PlatformVersion: 5.14.0-427.37.1.el9_4.x86_64  CompilerName: GCC  CompilerVersion: 8.4.0
ProgramName: mri_and  ProgramArguments: mri_and -all-info  ProgramVersion: 7.3.2  TimeStamp: 2026/03/08-18:34:53-GMT  BuildTime: Aug  4 2022 06:17:15  BuildStamp: freesurfer-linux-ubuntu22_x86_64-7.3.2-20220804-6354275  User: oesteban  Machine: dna029  Platform: Linux  PlatformVersion: 5.14.0-427.37.1.el9_4.x86_64  CompilerName: GCC  CompilerVersion: 8.4.0
ProgramName: mri_annotation2label  ProgramArguments: mri_annotation2label -all-info  ProgramVersion: 7.3.2  TimeStamp: 2026/03/08-18:34:53-GMT  BuildTime: Aug  4 2022 06:17:15  BuildStamp: freesurfer-linux-ubuntu22_x86_64-7.3.2-20220804-6354275  User: oesteban  Machine: dna029  Platform: Linux  PlatformVersion: 5.14.0-427.37.1.el9_4.x86_64  CompilerName: GCC  CompilerVersion: 8.4.0
ProgramName: mri_aparc2aseg  ProgramArguments: mri_aparc2aseg -all-info  ProgramVersion: 7.3.2  TimeStamp: 2026/03/08-18:34:53-GMT  BuildTime: Aug  4 2022 06:17:15  BuildStamp: freesurfer-linux-ubuntu22_x86_64-7.3.2-20220804-6354275  User: oesteban  Machine: dna029  Platform: Linux  PlatformVersion: 5.14.0-427.37.1.el9_4.x86_64  CompilerName: GCC  CompilerVersion: 8.4.0
ProgramName: mri_surf2volseg  ProgramArguments: mri_surf2volseg -all-info  ProgramVersion: 7.3.2  TimeStamp: 2026/03/08-18:34:53-GMT  BuildTime: Aug  4 2022 06:17:15  BuildStamp: freesurfer-linux-ubuntu22_x86_64-7.3.2-20220804-6354275  User: oesteban  Machine: dna029  Platform: Linux  PlatformVersion: 5.14.0-427.37.1.el9_4.x86_64  CompilerName: GCC  CompilerVersion: 8.4.0
ProgramName: mri_binarize  ProgramArguments: mri_binarize -all-info  ProgramVersion: 7.3.2  TimeStamp: 2026/03/08-18:34:53-GMT  BuildTime: Aug  4 2022 06:17:15  BuildStamp: freesurfer-linux-ubuntu22_x86_64-7.3.2-20220804-6354275  User: oesteban  Machine: dna029  Platform: Linux  PlatformVersion: 5.14.0-427.37.1.el9_4.x86_64  CompilerName: GCC  CompilerVersion: 8.4.0
ProgramName: mri_ca_label  ProgramArguments: mri_ca_label -all-info  ProgramVersion: 7.3.2  TimeStamp: 2026/03/08-18:34:53-GMT  BuildTime: Aug  4 2022 06:17:15  BuildStamp: freesurfer-linux-ubuntu22_x86_64-7.3.2-20220804-6354275  User: oesteban  Machine: dna029  Platform: Linux  PlatformVersion: 5.14.0-427.37.1.el9_4.x86_64  CompilerName: GCC  CompilerVersion: 8.4.0
ProgramName: mri_ca_normalize  ProgramArguments: mri_ca_normalize -all-info  ProgramVersion: 7.3.2  TimeStamp: 2026/03/08-18:34:53-GMT  BuildTime: Aug  4 2022 06:17:15  BuildStamp: freesurfer-linux-ubuntu22_x86_64-7.3.2-20220804-6354275  User: oesteban  Machine: dna029  Platform: Linux  PlatformVersion: 5.14.0-427.37.1.el9_4.x86_64  CompilerName: GCC  CompilerVersion: 8.4.0
ProgramName: mri_ca_register  ProgramArguments: mri_ca_register -all-info  ProgramVersion: 7.3.2  TimeStamp: 2026/03/08-18:34:53-GMT  BuildTime: Aug  4 2022 06:17:15  BuildStamp: freesurfer-linux-ubuntu22_x86_64-7.3.2-20220804-6354275  User: oesteban  Machine: dna029  Platform: Linux  PlatformVersion: 5.14.0-427.37.1.el9_4.x86_64  CompilerName: GCC  CompilerVersion: 8.4.0
ProgramName: mri_cc  ProgramArguments: mri_cc -all-info  ProgramVersion: 7.3.2  TimeStamp: 2026/03/08-18:34:53-GMT  BuildTime: Aug  4 2022 06:17:15  BuildStamp: freesurfer-linux-ubuntu22_x86_64-7.3.2-20220804-6354275  User: oesteban  Machine: dna029  Platform: Linux  PlatformVersion: 5.14.0-427.37.1.el9_4.x86_64  CompilerName: GCC  CompilerVersion: 8.4.0
ProgramName: mri_compute_overlap  ProgramArguments: mri_compute_overlap -all-info  ProgramVersion: 7.3.2  TimeStamp: 2026/03/08-18:34:53-GMT  BuildTime: Aug  4 2022 06:17:15  BuildStamp: freesurfer-linux-ubuntu22_x86_64-7.3.2-20220804-6354275  User: oesteban  Machine: dna029  Platform: Linux  PlatformVersion: 5.14.0-427.37.1.el9_4.x86_64  CompilerName: GCC  CompilerVersion: 8.4.0
ProgramName: mri_compute_seg_overlap  ProgramArguments: mri_compute_seg_overlap -all-info  ProgramVersion: 7.3.2  TimeStamp: 2026/03/08-18:34:53-GMT  BuildTime: Aug  4 2022 06:17:15  BuildStamp: freesurfer-linux-ubuntu22_x86_64-7.3.2-20220804-6354275  User: oesteban  Machine: dna029  Platform: Linux  PlatformVersion: 5.14.0-427.37.1.el9_4.x86_64  CompilerName: GCC  CompilerVersion: 8.4.0
ProgramName: mri_concat  ProgramArguments: mri_concat -all-info  ProgramVersion: 7.3.2  TimeStamp: 2026/03/08-18:34:53-GMT  BuildTime: Aug  4 2022 06:17:15  BuildStamp: freesurfer-linux-ubuntu22_x86_64-7.3.2-20220804-6354275  User: oesteban  Machine: dna029  Platform: Linux  PlatformVersion: 5.14.0-427.37.1.el9_4.x86_64  CompilerName: GCC  CompilerVersion: 8.4.0
ProgramName: mri_concatenate_lta  ProgramArguments: mri_concatenate_lta -all-info  ProgramVersion: 7.3.2  TimeStamp: 2026/03/08-18:34:53-GMT  BuildTime: Aug  4 2022 06:17:15  BuildStamp: freesurfer-linux-ubuntu22_x86_64-7.3.2-20220804-6354275  User: oesteban  Machine: dna029  Platform: Linux  PlatformVersion: 5.14.0-427.37.1.el9_4.x86_64  CompilerName: GCC  CompilerVersion: 8.4.0
mri_convert -all-info 
ProgramName: mri_convert  ProgramArguments: mri_convert -all-info  ProgramVersion: 7.3.2  TimeStamp: 2026/03/08-18:34:53-GMT  BuildTime: Aug  4 2022 06:17:15  BuildStamp: freesurfer-linux-ubuntu22_x86_64-7.3.2-20220804-6354275  User: oesteban  Machine: dna029  Platform: Linux  PlatformVersion: 5.14.0-427.37.1.el9_4.x86_64  CompilerName: GCC  CompilerVersion: 8.4.0
ProgramName: mri_diff  ProgramArguments: mri_diff -all-info  ProgramVersion: 7.3.2  TimeStamp: 2026/03/08-18:34:53-GMT  BuildTime: Aug  4 2022 06:17:15  BuildStamp: freesurfer-linux-ubuntu22_x86_64-7.3.2-20220804-6354275  User: oesteban  Machine: dna029  Platform: Linux  PlatformVersion: 5.14.0-427.37.1.el9_4.x86_64  CompilerName: GCC  CompilerVersion: 8.4.0
ProgramName: mri_edit_wm_with_aseg  ProgramArguments: mri_edit_wm_with_aseg -all-info  ProgramVersion: 7.3.2  TimeStamp: 2026/03/08-18:34:53-GMT  BuildTime: Aug  4 2022 06:17:15  BuildStamp: freesurfer-linux-ubuntu22_x86_64-7.3.2-20220804-6354275  User: oesteban  Machine: dna029  Platform: Linux  PlatformVersion: 5.14.0-427.37.1.el9_4.x86_64  CompilerName: GCC  CompilerVersion: 8.4.0
ProgramName: mri_em_register  ProgramArguments: mri_em_register -all-info  ProgramVersion: 7.3.2  TimeStamp: 2026/03/08-18:34:53-GMT  BuildTime: Aug  4 2022 06:17:15  BuildStamp: freesurfer-linux-ubuntu22_x86_64-7.3.2-20220804-6354275  User: oesteban  Machine: dna029  Platform: Linux  PlatformVersion: 5.14.0-427.37.1.el9_4.x86_64  CompilerName: GCC  CompilerVersion: 8.4.0
ProgramName: mri_fill  ProgramArguments: mri_fill -all-info  ProgramVersion: 7.3.2  TimeStamp: 2026/03/08-18:34:53-GMT  BuildTime: Aug  4 2022 06:17:15  BuildStamp: freesurfer-linux-ubuntu22_x86_64-7.3.2-20220804-6354275  User: oesteban  Machine: dna029  Platform: Linux  PlatformVersion: 5.14.0-427.37.1.el9_4.x86_64  CompilerName: GCC  CompilerVersion: 8.4.0
ProgramName: mri_fuse_segmentations  ProgramArguments: mri_fuse_segmentations -all-info  ProgramVersion: 7.3.2  TimeStamp: 2026/03/08-18:34:53-GMT  BuildTime: Aug  4 2022 06:17:15  BuildStamp: freesurfer-linux-ubuntu22_x86_64-7.3.2-20220804-6354275  User: oesteban  Machine: dna029  Platform: Linux  PlatformVersion: 5.14.0-427.37.1.el9_4.x86_64  CompilerName: GCC  CompilerVersion: 8.4.0
ProgramName: mri_fwhm  ProgramArguments: mri_fwhm -all-info  ProgramVersion: 7.3.2  TimeStamp: 2026/03/08-18:34:53-GMT  BuildTime: Aug  4 2022 06:17:15  BuildStamp: freesurfer-linux-ubuntu22_x86_64-7.3.2-20220804-6354275  User: oesteban  Machine: dna029  Platform: Linux  PlatformVersion: 5.14.0-427.37.1.el9_4.x86_64  CompilerName: GCC  CompilerVersion: 8.4.0
ProgramName: mri_gcut  ProgramArguments: mri_gcut -all-info  ProgramVersion: 7.3.2  TimeStamp: 2026/03/08-18:34:53-GMT  BuildTime: Aug  4 2022 06:17:15  BuildStamp: freesurfer-linux-ubuntu22_x86_64-7.3.2-20220804-6354275  User: oesteban  Machine: dna029  Platform: Linux  PlatformVersion: 5.14.0-427.37.1.el9_4.x86_64  CompilerName: GCC  CompilerVersion: 8.4.0
ProgramName: mri_info  ProgramArguments: mri_info -all-info  ProgramVersion: 7.3.2  TimeStamp: 2026/03/08-18:34:53-GMT  BuildTime: Aug  4 2022 06:17:15  BuildStamp: freesurfer-linux-ubuntu22_x86_64-7.3.2-20220804-6354275  User: oesteban  Machine: dna029  Platform: Linux  PlatformVersion: 5.14.0-427.37.1.el9_4.x86_64  CompilerName: GCC  CompilerVersion: 8.4.0
ProgramName: mri_label2label  ProgramArguments: mri_label2label -all-info  ProgramVersion: 7.3.2  TimeStamp: 2026/03/08-18:34:53-GMT  BuildTime: Aug  4 2022 06:17:15  BuildStamp: freesurfer-linux-ubuntu22_x86_64-7.3.2-20220804-6354275  User: oesteban  Machine: dna029  Platform: Linux  PlatformVersion: 5.14.0-427.37.1.el9_4.x86_64  CompilerName: GCC  CompilerVersion: 8.4.0
ProgramName: mri_label2vol  ProgramArguments: mri_label2vol -all-info  ProgramVersion: 7.3.2  TimeStamp: 2026/03/08-18:34:53-GMT  BuildTime: Aug  4 2022 06:17:15  BuildStamp: freesurfer-linux-ubuntu22_x86_64-7.3.2-20220804-6354275  User: oesteban  Machine: dna029  Platform: Linux  PlatformVersion: 5.14.0-427.37.1.el9_4.x86_64  CompilerName: GCC  CompilerVersion: 8.4.0
ProgramName: mri_log_likelihood  ProgramArguments: mri_log_likelihood -all-info  ProgramVersion: 7.3.2  TimeStamp: 2026/03/08-18:34:53-GMT  BuildTime: Aug  4 2022 06:17:15  BuildStamp: freesurfer-linux-ubuntu22_x86_64-7.3.2-20220804-6354275  User: oesteban  Machine: dna029  Platform: Linux  PlatformVersion: 5.14.0-427.37.1.el9_4.x86_64  CompilerName: GCC  CompilerVersion: 8.4.0
ProgramName: mri_mask  ProgramArguments: mri_mask -all-info  ProgramVersion: 7.3.2  TimeStamp: 2026/03/08-18:34:53-GMT  BuildTime: Aug  4 2022 06:17:15  BuildStamp: freesurfer-linux-ubuntu22_x86_64-7.3.2-20220804-6354275  User: oesteban  Machine: dna029  Platform: Linux  PlatformVersion: 5.14.0-427.37.1.el9_4.x86_64  CompilerName: GCC  CompilerVersion: 8.4.0
ProgramName: mri_matrix_multiply  ProgramArguments: mri_matrix_multiply -all-info  ProgramVersion: 7.3.2  TimeStamp: 2026/03/08-18:34:53-GMT  BuildTime: Aug  4 2022 06:17:15  BuildStamp: freesurfer-linux-ubuntu22_x86_64-7.3.2-20220804-6354275  User: oesteban  Machine: dna029  Platform: Linux  PlatformVersion: 5.14.0-427.37.1.el9_4.x86_64  CompilerName: GCC  CompilerVersion: 8.4.0
ProgramName: mri_normalize  ProgramArguments: mri_normalize -all-info  ProgramVersion: 7.3.2  TimeStamp: 2026/03/08-18:34:53-GMT  BuildTime: Aug  4 2022 06:17:15  BuildStamp: freesurfer-linux-ubuntu22_x86_64-7.3.2-20220804-6354275  User: oesteban  Machine: dna029  Platform: Linux  PlatformVersion: 5.14.0-427.37.1.el9_4.x86_64  CompilerName: GCC  CompilerVersion: 8.4.0
ProgramName: mri_normalize_tp2  ProgramArguments: mri_normalize_tp2 -all-info  ProgramVersion: 7.3.2  TimeStamp: 2026/03/08-18:34:53-GMT  BuildTime: Aug  4 2022 06:17:15  BuildStamp: freesurfer-linux-ubuntu22_x86_64-7.3.2-20220804-6354275  User: oesteban  Machine: dna029  Platform: Linux  PlatformVersion: 5.14.0-427.37.1.el9_4.x86_64  CompilerName: GCC  CompilerVersion: 8.4.0
ProgramName: mri_or  ProgramArguments: mri_or -all-info  ProgramVersion: 7.3.2  TimeStamp: 2026/03/08-18:34:53-GMT  BuildTime: Aug  4 2022 06:17:15  BuildStamp: freesurfer-linux-ubuntu22_x86_64-7.3.2-20220804-6354275  User: oesteban  Machine: dna029  Platform: Linux  PlatformVersion: 5.14.0-427.37.1.el9_4.x86_64  CompilerName: GCC  CompilerVersion: 8.4.0
ProgramName: mri_relabel_hypointensities  ProgramArguments: mri_relabel_hypointensities -all-info  ProgramVersion: 7.3.2  TimeStamp: 2026/03/08-18:34:53-GMT  BuildTime: Aug  4 2022 06:17:15  BuildStamp: freesurfer-linux-ubuntu22_x86_64-7.3.2-20220804-6354275  User: oesteban  Machine: dna029  Platform: Linux  PlatformVersion: 5.14.0-427.37.1.el9_4.x86_64  CompilerName: GCC  CompilerVersion: 8.4.0
ProgramName: mri_relabel_nonwm_hypos  ProgramArguments: mri_relabel_nonwm_hypos -all-info  ProgramVersion: 7.3.2  TimeStamp: 2026/03/08-18:34:53-GMT  BuildTime: Aug  4 2022 06:17:15  BuildStamp: freesurfer-linux-ubuntu22_x86_64-7.3.2-20220804-6354275  User: oesteban  Machine: dna029  Platform: Linux  PlatformVersion: 5.14.0-427.37.1.el9_4.x86_64  CompilerName: GCC  CompilerVersion: 8.4.0
ProgramName: mri_remove_neck  ProgramArguments: mri_remove_neck -all-info  ProgramVersion: 7.3.2  TimeStamp: 2026/03/08-18:34:53-GMT  BuildTime: Aug  4 2022 06:17:15  BuildStamp: freesurfer-linux-ubuntu22_x86_64-7.3.2-20220804-6354275  User: oesteban  Machine: dna029  Platform: Linux  PlatformVersion: 5.14.0-427.37.1.el9_4.x86_64  CompilerName: GCC  CompilerVersion: 8.4.0
7.3.2

ProgramName: mri_robust_register  ProgramArguments: mri_robust_register -all-info  ProgramVersion: 7.3.2  TimeStamp: 2026/03/08-18:34:53-GMT  BuildTime: Aug  4 2022 06:17:15  BuildStamp: freesurfer-linux-ubuntu22_x86_64-7.3.2-20220804-6354275  User: oesteban  Machine: dna029  Platform: Linux  PlatformVersion: 5.14.0-427.37.1.el9_4.x86_64  CompilerName: GCC  CompilerVersion: 8.4.0
7.3.2

ProgramName: mri_robust_template  ProgramArguments: mri_robust_template -all-info  ProgramVersion: 7.3.2  TimeStamp: 2026/03/08-18:34:53-GMT  BuildTime: Aug  4 2022 06:17:15  BuildStamp: freesurfer-linux-ubuntu22_x86_64-7.3.2-20220804-6354275  User: oesteban  Machine: dna029  Platform: Linux  PlatformVersion: 5.14.0-427.37.1.el9_4.x86_64  CompilerName: GCC  CompilerVersion: 8.4.0
ProgramName: mris_anatomical_stats  ProgramArguments: mris_anatomical_stats -all-info  ProgramVersion: 7.3.2  TimeStamp: 2026/03/08-18:34:53-GMT  BuildTime: Aug  4 2022 06:17:15  BuildStamp: freesurfer-linux-ubuntu22_x86_64-7.3.2-20220804-6354275  User: oesteban  Machine: dna029  Platform: Linux  PlatformVersion: 5.14.0-427.37.1.el9_4.x86_64  CompilerName: GCC  CompilerVersion: 8.4.0
ProgramName: mris_ca_label  ProgramArguments: mris_ca_label -all-info  ProgramVersion: 7.3.2  TimeStamp: 2026/03/08-18:34:53-GMT  BuildTime: Aug  4 2022 06:17:15  BuildStamp: freesurfer-linux-ubuntu22_x86_64-7.3.2-20220804-6354275  User: oesteban  Machine: dna029  Platform: Linux  PlatformVersion: 5.14.0-427.37.1.el9_4.x86_64  CompilerName: GCC  CompilerVersion: 8.4.0
ProgramName: mris_calc  ProgramArguments: mris_calc -all-info  ProgramVersion: 7.3.2  TimeStamp: 2026/03/08-18:34:53-GMT  BuildTime: Aug  4 2022 06:17:15  BuildStamp: freesurfer-linux-ubuntu22_x86_64-7.3.2-20220804-6354275  User: oesteban  Machine: dna029  Platform: Linux  PlatformVersion: 5.14.0-427.37.1.el9_4.x86_64  CompilerName: GCC  CompilerVersion: 8.4.0
ProgramName: mris_convert  ProgramArguments: mris_convert -all-info  ProgramVersion: 7.3.2  TimeStamp: 2026/03/08-18:34:53-GMT  BuildTime: Aug  4 2022 06:17:15  BuildStamp: freesurfer-linux-ubuntu22_x86_64-7.3.2-20220804-6354275  User: oesteban  Machine: dna029  Platform: Linux  PlatformVersion: 5.14.0-427.37.1.el9_4.x86_64  CompilerName: GCC  CompilerVersion: 8.4.0
ProgramName: mris_curvature  ProgramArguments: mris_curvature -all-info  ProgramVersion: 7.3.2  TimeStamp: 2026/03/08-18:34:53-GMT  BuildTime: Aug  4 2022 06:17:15  BuildStamp: freesurfer-linux-ubuntu22_x86_64-7.3.2-20220804-6354275  User: oesteban  Machine: dna029  Platform: Linux  PlatformVersion: 5.14.0-427.37.1.el9_4.x86_64  CompilerName: GCC  CompilerVersion: 8.4.0
ProgramName: mris_curvature_stats  ProgramArguments: mris_curvature_stats -all-info  ProgramVersion: 7.3.2  TimeStamp: 2026/03/08-18:34:53-GMT  BuildTime: Aug  4 2022 06:17:15  BuildStamp: freesurfer-linux-ubuntu22_x86_64-7.3.2-20220804-6354275  User: oesteban  Machine: dna029  Platform: Linux  PlatformVersion: 5.14.0-427.37.1.el9_4.x86_64  CompilerName: GCC  CompilerVersion: 8.4.0
ProgramName: mris_diff  ProgramArguments: mris_diff -all-info  ProgramVersion: 7.3.2  TimeStamp: 2026/03/08-18:34:53-GMT  BuildTime: Aug  4 2022 06:17:15  BuildStamp: freesurfer-linux-ubuntu22_x86_64-7.3.2-20220804-6354275  User: oesteban  Machine: dna029  Platform: Linux  PlatformVersion: 5.14.0-427.37.1.el9_4.x86_64  CompilerName: GCC  CompilerVersion: 8.4.0
ProgramName: mris_divide_parcellation  ProgramArguments: mris_divide_parcellation -all-info  ProgramVersion: 7.3.2  TimeStamp: 2026/03/08-18:34:53-GMT  BuildTime: Aug  4 2022 06:17:15  BuildStamp: freesurfer-linux-ubuntu22_x86_64-7.3.2-20220804-6354275  User: oesteban  Machine: dna029  Platform: Linux  PlatformVersion: 5.14.0-427.37.1.el9_4.x86_64  CompilerName: GCC  CompilerVersion: 8.4.0
ProgramName: mri_segment  ProgramArguments: mri_segment -all-info  ProgramVersion: 7.3.2  TimeStamp: 2026/03/08-18:34:53-GMT  BuildTime: Aug  4 2022 06:17:15  BuildStamp: freesurfer-linux-ubuntu22_x86_64-7.3.2-20220804-6354275  User: oesteban  Machine: dna029  Platform: Linux  PlatformVersion: 5.14.0-427.37.1.el9_4.x86_64  CompilerName: GCC  CompilerVersion: 8.4.0
ProgramName: mri_segstats  ProgramArguments: mri_segstats -all-info  ProgramVersion: 7.3.2  TimeStamp: 2026/03/08-18:34:53-GMT  BuildTime: Aug  4 2022 06:17:15  BuildStamp: freesurfer-linux-ubuntu22_x86_64-7.3.2-20220804-6354275  User: oesteban  Machine: dna029  Platform: Linux  PlatformVersion: 5.14.0-427.37.1.el9_4.x86_64  CompilerName: GCC  CompilerVersion: 8.4.0
ProgramName: mris_euler_number  ProgramArguments: mris_euler_number -all-info  ProgramVersion: 7.3.2  TimeStamp: 2026/03/08-18:34:53-GMT  BuildTime: Aug  4 2022 06:17:15  BuildStamp: freesurfer-linux-ubuntu22_x86_64-7.3.2-20220804-6354275  User: oesteban  Machine: dna029  Platform: Linux  PlatformVersion: 5.14.0-427.37.1.el9_4.x86_64  CompilerName: GCC  CompilerVersion: 8.4.0
ProgramName: mris_fix_topology  ProgramArguments: mris_fix_topology -all-info  ProgramVersion: 7.3.2  TimeStamp: 2026/03/08-18:34:53-GMT  BuildTime: Aug  4 2022 06:17:15  BuildStamp: freesurfer-linux-ubuntu22_x86_64-7.3.2-20220804-6354275  User: oesteban  Machine: dna029  Platform: Linux  PlatformVersion: 5.14.0-427.37.1.el9_4.x86_64  CompilerName: GCC  CompilerVersion: 8.4.0
ProgramName: mris_topo_fixer  ProgramArguments: mris_topo_fixer -all-info  ProgramVersion: 7.3.2  TimeStamp: 2026/03/08-18:34:53-GMT  BuildTime: Aug  4 2022 06:17:15  BuildStamp: freesurfer-linux-ubuntu22_x86_64-7.3.2-20220804-6354275  User: oesteban  Machine: dna029  Platform: Linux  PlatformVersion: 5.14.0-427.37.1.el9_4.x86_64  CompilerName: GCC  CompilerVersion: 8.4.0
ProgramName: mris_jacobian  ProgramArguments: mris_jacobian -all-info  ProgramVersion: 7.3.2  TimeStamp: 2026/03/08-18:34:53-GMT  BuildTime: Aug  4 2022 06:17:15  BuildStamp: freesurfer-linux-ubuntu22_x86_64-7.3.2-20220804-6354275  User: oesteban  Machine: dna029  Platform: Linux  PlatformVersion: 5.14.0-427.37.1.el9_4.x86_64  CompilerName: GCC  CompilerVersion: 8.4.0
ProgramName: mris_label2annot  ProgramArguments: mris_label2annot -all-info  ProgramVersion: 7.3.2  TimeStamp: 2026/03/08-18:34:53-GMT  BuildTime: Aug  4 2022 06:17:15  BuildStamp: freesurfer-linux-ubuntu22_x86_64-7.3.2-20220804-6354275  User: oesteban  Machine: dna029  Platform: Linux  PlatformVersion: 5.14.0-427.37.1.el9_4.x86_64  CompilerName: GCC  CompilerVersion: 8.4.0
ProgramName: mris_left_right_register  ProgramArguments: mris_left_right_register -all-info  ProgramVersion: 7.3.2  TimeStamp: 2026/03/08-18:34:53-GMT  BuildTime: Aug  4 2022 06:17:15  BuildStamp: freesurfer-linux-ubuntu22_x86_64-7.3.2-20220804-6354275  User: oesteban  Machine: dna029  Platform: Linux  PlatformVersion: 5.14.0-427.37.1.el9_4.x86_64  CompilerName: GCC  CompilerVersion: 8.4.0
ProgramName: mris_place_surface  ProgramArguments: mris_place_surface -all-info  ProgramVersion: 7.3.2  TimeStamp: 2026/03/08-18:34:53-GMT  BuildTime: Aug  4 2022 06:17:15  BuildStamp: freesurfer-linux-ubuntu22_x86_64-7.3.2-20220804-6354275  User: oesteban  Machine: dna029  Platform: Linux  PlatformVersion: 5.14.0-427.37.1.el9_4.x86_64  CompilerName: GCC  CompilerVersion: 8.4.0
ProgramName: mrisp_paint  ProgramArguments: mrisp_paint -all-info  ProgramVersion: 7.3.2  TimeStamp: 2026/03/08-18:34:53-GMT  BuildTime: Aug  4 2022 06:17:15  BuildStamp: freesurfer-linux-ubuntu22_x86_64-7.3.2-20220804-6354275  User: oesteban  Machine: dna029  Platform: Linux  PlatformVersion: 5.14.0-427.37.1.el9_4.x86_64  CompilerName: GCC  CompilerVersion: 8.4.0
ProgramName: mris_register  ProgramArguments: mris_register -all-info  ProgramVersion: 7.3.2  TimeStamp: 2026/03/08-18:34:53-GMT  BuildTime: Aug  4 2022 06:17:15  BuildStamp: freesurfer-linux-ubuntu22_x86_64-7.3.2-20220804-6354275  User: oesteban  Machine: dna029  Platform: Linux  PlatformVersion: 5.14.0-427.37.1.el9_4.x86_64  CompilerName: GCC  CompilerVersion: 8.4.0
ProgramName: mris_smooth  ProgramArguments: mris_smooth -all-info  ProgramVersion: 7.3.2  TimeStamp: 2026/03/08-18:34:53-GMT  BuildTime: Aug  4 2022 06:17:15  BuildStamp: freesurfer-linux-ubuntu22_x86_64-7.3.2-20220804-6354275  User: oesteban  Machine: dna029  Platform: Linux  PlatformVersion: 5.14.0-427.37.1.el9_4.x86_64  CompilerName: GCC  CompilerVersion: 8.4.0
ProgramName: mris_sphere  ProgramArguments: mris_sphere -all-info  ProgramVersion: 7.3.2  TimeStamp: 2026/03/08-18:34:53-GMT  BuildTime: Aug  4 2022 06:17:15  BuildStamp: freesurfer-linux-ubuntu22_x86_64-7.3.2-20220804-6354275  User: oesteban  Machine: dna029  Platform: Linux  PlatformVersion: 5.14.0-427.37.1.el9_4.x86_64  CompilerName: GCC  CompilerVersion: 8.4.0
ProgramName: mris_surface_stats  ProgramArguments: mris_surface_stats -all-info  ProgramVersion: 7.3.2  TimeStamp: 2026/03/08-18:34:53-GMT  BuildTime: Aug  4 2022 06:17:15  BuildStamp: freesurfer-linux-ubuntu22_x86_64-7.3.2-20220804-6354275  User: oesteban  Machine: dna029  Platform: Linux  PlatformVersion: 5.14.0-427.37.1.el9_4.x86_64  CompilerName: GCC  CompilerVersion: 8.4.0
ProgramName: mri_stats2seg  ProgramArguments: mri_stats2seg -all-info  ProgramVersion: 7.3.2  TimeStamp: 2026/03/08-18:34:53-GMT  BuildTime: Aug  4 2022 06:17:15  BuildStamp: freesurfer-linux-ubuntu22_x86_64-7.3.2-20220804-6354275  User: oesteban  Machine: dna029  Platform: Linux  PlatformVersion: 5.14.0-427.37.1.el9_4.x86_64  CompilerName: GCC  CompilerVersion: 8.4.0
ProgramName: mris_thickness  ProgramArguments: mris_thickness -all-info  ProgramVersion: 7.3.2  TimeStamp: 2026/03/08-18:34:53-GMT  BuildTime: Aug  4 2022 06:17:15  BuildStamp: freesurfer-linux-ubuntu22_x86_64-7.3.2-20220804-6354275  User: oesteban  Machine: dna029  Platform: Linux  PlatformVersion: 5.14.0-427.37.1.el9_4.x86_64  CompilerName: GCC  CompilerVersion: 8.4.0
ProgramName: mris_thickness_diff  ProgramArguments: mris_thickness_diff -all-info  ProgramVersion: 7.3.2  TimeStamp: 2026/03/08-18:34:53-GMT  BuildTime: Aug  4 2022 06:17:15  BuildStamp: freesurfer-linux-ubuntu22_x86_64-7.3.2-20220804-6354275  User: oesteban  Machine: dna029  Platform: Linux  PlatformVersion: 5.14.0-427.37.1.el9_4.x86_64  CompilerName: GCC  CompilerVersion: 8.4.0
ProgramName: mris_topo_fixer  ProgramArguments: mris_topo_fixer -all-info  ProgramVersion: 7.3.2  TimeStamp: 2026/03/08-18:34:53-GMT  BuildTime: Aug  4 2022 06:17:15  BuildStamp: freesurfer-linux-ubuntu22_x86_64-7.3.2-20220804-6354275  User: oesteban  Machine: dna029  Platform: Linux  PlatformVersion: 5.14.0-427.37.1.el9_4.x86_64  CompilerName: GCC  CompilerVersion: 8.4.0
ProgramName: mri_surf2surf  ProgramArguments: mri_surf2surf -all-info  ProgramVersion: 7.3.2  TimeStamp: 2026/03/08-18:34:53-GMT  BuildTime: Aug  4 2022 06:17:15  BuildStamp: freesurfer-linux-ubuntu22_x86_64-7.3.2-20220804-6354275  User: oesteban  Machine: dna029  Platform: Linux  PlatformVersion: 5.14.0-427.37.1.el9_4.x86_64  CompilerName: GCC  CompilerVersion: 8.4.0
ProgramName: mri_surf2vol  ProgramArguments: mri_surf2vol -all-info  ProgramVersion: 7.3.2  TimeStamp: 2026/03/08-18:34:53-GMT  BuildTime: Aug  4 2022 06:17:15  BuildStamp: freesurfer-linux-ubuntu22_x86_64-7.3.2-20220804-6354275  User: oesteban  Machine: dna029  Platform: Linux  PlatformVersion: 5.14.0-427.37.1.el9_4.x86_64  CompilerName: GCC  CompilerVersion: 8.4.0
ProgramName: mri_surfcluster  ProgramArguments: mri_surfcluster -all-info  ProgramVersion: 7.3.2  TimeStamp: 2026/03/08-18:34:53-GMT  BuildTime: Aug  4 2022 06:17:15  BuildStamp: freesurfer-linux-ubuntu22_x86_64-7.3.2-20220804-6354275  User: oesteban  Machine: dna029  Platform: Linux  PlatformVersion: 5.14.0-427.37.1.el9_4.x86_64  CompilerName: GCC  CompilerVersion: 8.4.0
ProgramName: mris_volmask  ProgramArguments: mris_volmask -all-info  ProgramVersion: 7.3.2  TimeStamp: 2026/03/08-18:34:53-GMT  BuildTime: Aug  4 2022 06:17:15  BuildStamp: freesurfer-linux-ubuntu22_x86_64-7.3.2-20220804-6354275  User: oesteban  Machine: dna029  Platform: Linux  PlatformVersion: 5.14.0-427.37.1.el9_4.x86_64  CompilerName: GCC  CompilerVersion: 8.4.0
ProgramName: mri_tessellate  ProgramArguments: mri_tessellate -all-info  ProgramVersion: 7.3.2  TimeStamp: 2026/03/08-18:34:53-GMT  BuildTime: Aug  4 2022 06:17:15  BuildStamp: freesurfer-linux-ubuntu22_x86_64-7.3.2-20220804-6354275  User: oesteban  Machine: dna029  Platform: Linux  PlatformVersion: 5.14.0-427.37.1.el9_4.x86_64  CompilerName: GCC  CompilerVersion: 8.4.0
ProgramName: mri_vol2surf  ProgramArguments: mri_vol2surf -all-info  ProgramVersion: 7.3.2  TimeStamp: 2026/03/08-18:34:53-GMT  BuildTime: Aug  4 2022 06:17:15  BuildStamp: freesurfer-linux-ubuntu22_x86_64-7.3.2-20220804-6354275  User: oesteban  Machine: dna029  Platform: Linux  PlatformVersion: 5.14.0-427.37.1.el9_4.x86_64  CompilerName: GCC  CompilerVersion: 8.4.0
ProgramName: mri_vol2vol  ProgramArguments: mri_vol2vol -all-info  ProgramVersion: 7.3.2  TimeStamp: 2026/03/08-18:34:53-GMT  BuildTime: Aug  4 2022 06:17:15  BuildStamp: freesurfer-linux-ubuntu22_x86_64-7.3.2-20220804-6354275  User: oesteban  Machine: dna029  Platform: Linux  PlatformVersion: 5.14.0-427.37.1.el9_4.x86_64  CompilerName: GCC  CompilerVersion: 8.4.0
ProgramName: mri_voldiff  ProgramArguments: mri_voldiff -all-info  ProgramVersion: 7.3.2  TimeStamp: 2026/03/08-18:34:53-GMT  BuildTime: Aug  4 2022 06:17:15  BuildStamp: freesurfer-linux-ubuntu22_x86_64-7.3.2-20220804-6354275  User: oesteban  Machine: dna029  Platform: Linux  PlatformVersion: 5.14.0-427.37.1.el9_4.x86_64  CompilerName: GCC  CompilerVersion: 8.4.0
ProgramName: mri_watershed  ProgramArguments: mri_watershed -all-info  ProgramVersion: 7.3.2  TimeStamp: 2026/03/08-18:34:53-GMT  BuildTime: Aug  4 2022 06:17:15  BuildStamp: freesurfer-linux-ubuntu22_x86_64-7.3.2-20220804-6354275  User: oesteban  Machine: dna029  Platform: Linux  PlatformVersion: 5.14.0-427.37.1.el9_4.x86_64  CompilerName: GCC  CompilerVersion: 8.4.0
ProgramName: tkregister2  ProgramArguments: tkregister2_cmdl -all-info  ProgramVersion: 7.3.2  TimeStamp: 2026/03/08-18:34:53-GMT  BuildTime: Aug  4 2022 06:17:15  BuildStamp: freesurfer-linux-ubuntu22_x86_64-7.3.2-20220804-6354275  User: oesteban  Machine: dna029  Platform: Linux  PlatformVersion: 5.14.0-427.37.1.el9_4.x86_64  CompilerName: GCC  CompilerVersion: 8.4.0
mri_motion_correct.fsl 7.3.2
mri_convert -all-info 
ProgramName: mri_convert  ProgramArguments: mri_convert -all-info  ProgramVersion: 7.3.2  TimeStamp: 2026/03/08-18:34:53-GMT  BuildTime: Aug  4 2022 06:17:15  BuildStamp: freesurfer-linux-ubuntu22_x86_64-7.3.2-20220804-6354275  User: oesteban  Machine: dna029  Platform: Linux  PlatformVersion: 5.14.0-427.37.1.el9_4.x86_64  CompilerName: GCC  CompilerVersion: 8.4.0
Program nu_correct, built from:
Package MNI N3, version 1.12.0, compiled by nicks@terrier (x86_64-unknown-linux-gnu) on 2015-06-19 at 01:25:34
#######################################
GCADIR /opt/freesurfer/average
GCA RB_all_2020-01-02.gca
GCASkull RB_all_withskull_2020_01_02.gca
AvgCurvTif folding.atlas.acfb40.noaparc.i12.2016-08-02.tif
GCSDIR /opt/freesurfer/average
GCS DKaparc.atlas.acfb40.noaparc.i12.2016-08-02.gcs
#######################################
#--------------------------------------------
#@# Tessellate lh Sun Mar  8 19:34:53 CET 2026
/out/sourcedata/freesurfer/sub-v1s14x0051566_ses-1/scripts

 mri_pretess ../mri/filled.mgz 255 ../mri/norm.mgz ../mri/filled-pretess255.mgz 


Iteration Number : 1
pass   1 (xy+):   0 found -   0 modified     |    TOTAL:   0
pass   1 (xy-):   1 found -   1 modified     |    TOTAL:   1
pass   2 (xy-):   0 found -   1 modified     |    TOTAL:   1
pass   1 (yz+):   4 found -   4 modified     |    TOTAL:   5
pass   2 (yz+):   0 found -   4 modified     |    TOTAL:   5
pass   1 (yz-):   9 found -   9 modified     |    TOTAL:  14
pass   2 (yz-):   0 found -   9 modified     |    TOTAL:  14
pass   1 (xz+):   2 found -   2 modified     |    TOTAL:  16
pass   2 (xz+):   0 found -   2 modified     |    TOTAL:  16
pass   1 (xz-):   3 found -   3 modified     |    TOTAL:  19
pass   2 (xz-):   0 found -   3 modified     |    TOTAL:  19
Iteration Number : 1
pass   1 (+++):   0 found -   0 modified     |    TOTAL:   0
pass   1 (+++):   0 found -   0 modified     |    TOTAL:   0
pass   1 (+++):   2 found -   2 modified     |    TOTAL:   2
pass   2 (+++):   0 found -   2 modified     |    TOTAL:   2
pass   1 (+++):   0 found -   0 modified     |    TOTAL:   2
Iteration Number : 1
pass   1 (++):   0 found -   0 modified     |    TOTAL:   0
pass   1 (+-):   2 found -   2 modified     |    TOTAL:   2
pass   2 (+-):   0 found -   2 modified     |    TOTAL:   2
pass   1 (--):   1 found -   1 modified     |    TOTAL:   3
pass   2 (--):   0 found -   1 modified     |    TOTAL:   3
pass   1 (-+):   1 found -   1 modified     |    TOTAL:   4
pass   2 (-+):   0 found -   1 modified     |    TOTAL:   4
Iteration Number : 2
pass   1 (xy+):   0 found -   0 modified     |    TOTAL:   0
pass   1 (xy-):   0 found -   0 modified     |    TOTAL:   0
pass   1 (yz+):   1 found -   1 modified     |    TOTAL:   1
pass   2 (yz+):   0 found -   1 modified     |    TOTAL:   1
pass   1 (yz-):   1 found -   1 modified     |    TOTAL:   2
pass   2 (yz-):   0 found -   1 modified     |    TOTAL:   2
pass   1 (xz+):   1 found -   1 modified     |    TOTAL:   3
pass   2 (xz+):   0 found -   1 modified     |    TOTAL:   3
pass   1 (xz-):   0 found -   0 modified     |    TOTAL:   3
Iteration Number : 2
pass   1 (+++):   0 found -   0 modified     |    TOTAL:   0
pass   1 (+++):   0 found -   0 modified     |    TOTAL:   0
pass   1 (+++):   0 found -   0 modified     |    TOTAL:   0
pass   1 (+++):   0 found -   0 modified     |    TOTAL:   0
Iteration Number : 2
pass   1 (++):   1 found -   1 modified     |    TOTAL:   1
pass   2 (++):   0 found -   1 modified     |    TOTAL:   1
pass   1 (+-):   2 found -   2 modified     |    TOTAL:   3
pass   2 (+-):   0 found -   2 modified     |    TOTAL:   3
pass   1 (--):   0 found -   0 modified     |    TOTAL:   3
pass   1 (-+):   1 found -   1 modified     |    TOTAL:   4
pass   2 (-+):   0 found -   1 modified     |    TOTAL:   4
Iteration Number : 3
pass   1 (xy+):   0 found -   0 modified     |    TOTAL:   0
pass   1 (xy-):   0 found -   0 modified     |    TOTAL:   0
pass   1 (yz+):   0 found -   0 modified     |    TOTAL:   0
pass   1 (yz-):   0 found -   0 modified     |    TOTAL:   0
pass   1 (xz+):   0 found -   0 modified     |    TOTAL:   0
pass   1 (xz-):   0 found -   0 modified     |    TOTAL:   0
Iteration Number : 3
pass   1 (+++):   0 found -   0 modified     |    TOTAL:   0
pass   1 (+++):   0 found -   0 modified     |    TOTAL:   0
pass   1 (+++):   0 found -   0 modified     |    TOTAL:   0
pass   1 (+++):   0 found -   0 modified     |    TOTAL:   0
Iteration Number : 3
pass   1 (++):   0 found -   0 modified     |    TOTAL:   0
pass   1 (+-):   0 found -   0 modified     |    TOTAL:   0
pass   1 (--):   0 found -   0 modified     |    TOTAL:   0
pass   1 (-+):   0 found -   0 modified     |    TOTAL:   0

Total Number of Modified Voxels = 32 (out of 332070: 0.009637)
Ambiguous edge configurations... 

mri_pretess done


 mri_tessellate ../mri/filled-pretess255.mgz 255 ../surf/lh.orig.nofix 

7.3.2
  7.3.2
slice 40: 777 vertices, 878 faces
slice 50: 8372 vertices, 8700 faces
slice 60: 20558 vertices, 21053 faces
slice 70: 33702 vertices, 34168 faces
slice 80: 46711 vertices, 47187 faces
slice 90: 58636 vertices, 59070 faces
slice 100: 71469 vertices, 71936 faces
slice 110: 84743 vertices, 85219 faces
slice 120: 98330 vertices, 98814 faces
slice 130: 111008 vertices, 111523 faces
slice 140: 123547 vertices, 124065 faces
slice 150: 134327 vertices, 134743 faces
slice 160: 144196 vertices, 144594 faces
slice 170: 152449 vertices, 152776 faces
slice 180: 158888 vertices, 159197 faces
slice 190: 164149 vertices, 164384 faces
slice 200: 166482 vertices, 166599 faces
slice 210: 166542 vertices, 166634 faces
slice 220: 166542 vertices, 166634 faces
slice 230: 166542 vertices, 166634 faces
slice 240: 166542 vertices, 166634 faces
slice 250: 166542 vertices, 166634 faces
using the conformed surface RAS to save vertex points...
writing ../surf/lh.orig.nofix
using vox2ras matrix:
-1.00000   0.00000   0.00000   128.00000;
 0.00000   0.00000   1.00000  -128.00000;
 0.00000  -1.00000   0.00000   128.00000;
 0.00000   0.00000   0.00000   1.00000;

 rm -f ../mri/filled-pretess255.mgz 


 mris_extract_main_component ../surf/lh.orig.nofix ../surf/lh.orig.nofix 


counting number of connected components...
   166542 voxel in cpt #1: X=-92 [v=166542,e=499902,f=333268] located at (-28.358192, -18.767229, -15.875947)
For the whole surface: X=-92 [v=166542,e=499902,f=333268]
One single component has been found
nothing to do
done

#--------------------------------------------
#@# Smooth1 lh Sun Mar  8 19:34:58 CET 2026
/out/sourcedata/freesurfer/sub-v1s14x0051566_ses-1/scripts

 mris_smooth -nw -seed 1234 ../surf/lh.orig.nofix ../surf/lh.smoothwm.nofix 

setting seed for random number generator to 1234
smoothing surface tessellation for 10 iterations...
smoothing complete - recomputing first and second fundamental forms...
#--------------------------------------------
#@# Inflation1 lh Sun Mar  8 19:35:01 CET 2026
/out/sourcedata/freesurfer/sub-v1s14x0051566_ses-1/scripts

 mris_inflate -no-save-sulc ../surf/lh.smoothwm.nofix ../surf/lh.inflated.nofix 

Not saving sulc
Reading ../surf/lh.smoothwm.nofix
avg radius = 49.2 mm, total surface area = 88728 mm^2
step 000: RMS=0.156 (target=0.015)   step 005: RMS=0.120 (target=0.015)   step 010: RMS=0.091 (target=0.015)   step 015: RMS=0.078 (target=0.015)   step 020: RMS=0.069 (target=0.015)   step 025: RMS=0.062 (target=0.015)   step 030: RMS=0.058 (target=0.015)   step 035: RMS=0.055 (target=0.015)   step 040: RMS=0.051 (target=0.015)   step 045: RMS=0.049 (target=0.015)   step 050: RMS=0.048 (target=0.015)   step 055: RMS=0.048 (target=0.015)   step 060: RMS=0.047 (target=0.015)   writing inflated surface to ../surf/lh.inflated.nofix
inflation took 0.3 minutes

inflation complete.
Not saving sulc
mris_inflate utimesec    61.398490
mris_inflate stimesec    2.518955
mris_inflate ru_maxrss   262748
mris_inflate ru_ixrss    0
mris_inflate ru_idrss    0
mris_inflate ru_isrss    0
mris_inflate ru_minflt   635119
mris_inflate ru_majflt   35
mris_inflate ru_nswap    0
mris_inflate ru_inblock  1672
mris_inflate ru_oublock  11720
mris_inflate ru_msgsnd   0
mris_inflate ru_msgrcv   0
mris_inflate ru_nsignals 0
mris_inflate ru_nvcsw    21706
mris_inflate ru_nivcsw   313
#--------------------------------------------
#@# QSphere lh Sun Mar  8 19:35:17 CET 2026
/out/sourcedata/freesurfer/sub-v1s14x0051566_ses-1/scripts

 mris_sphere -q -p 6 -a 128 -seed 1234 ../surf/lh.inflated.nofix ../surf/lh.qsphere.nofix 

doing quick spherical unfolding.
limitting unfolding to 6 passes
using n_averages = 128
setting seed for random number genererator to 1234
version: 7.3.2
available threads: 16
scaling brain by 0.297...
inflating...
projecting onto sphere...
surface projected - minimizing metric distortion...
vertex spacing 0.91 +- 0.53 (0.00-->7.05) (max @ vno 79283 --> 80591)
face area 0.02 +- 0.03 (-0.32-->0.70)
Entering MRISinflateToSphere()
inflating to sphere (rms error < 2.00)
000: dt: 0.0000, rms radial error=175.967, avgs=0
005/300: dt: 0.9000, rms radial error=175.710, avgs=0
010/300: dt: 0.9000, rms radial error=175.156, avgs=0
015/300: dt: 0.9000, rms radial error=174.428, avgs=0
020/300: dt: 0.9000, rms radial error=173.598, avgs=0
025/300: dt: 0.9000, rms radial error=172.709, avgs=0
030/300: dt: 0.9000, rms radial error=171.790, avgs=0
035/300: dt: 0.9000, rms radial error=170.856, avgs=0
040/300: dt: 0.9000, rms radial error=169.914, avgs=0
045/300: dt: 0.9000, rms radial error=168.970, avgs=0
050/300: dt: 0.9000, rms radial error=168.026, avgs=0
055/300: dt: 0.9000, rms radial error=167.084, avgs=0
060/300: dt: 0.9000, rms radial error=166.146, avgs=0
065/300: dt: 0.9000, rms radial error=165.212, avgs=0
070/300: dt: 0.9000, rms radial error=164.283, avgs=0
075/300: dt: 0.9000, rms radial error=163.358, avgs=0
080/300: dt: 0.9000, rms radial error=162.438, avgs=0
085/300: dt: 0.9000, rms radial error=161.524, avgs=0
090/300: dt: 0.9000, rms radial error=160.615, avgs=0
095/300: dt: 0.9000, rms radial error=159.711, avgs=0
100/300: dt: 0.9000, rms radial error=158.812, avgs=0
105/300: dt: 0.9000, rms radial error=157.918, avgs=0
110/300: dt: 0.9000, rms radial error=157.028, avgs=0
115/300: dt: 0.9000, rms radial error=156.144, avgs=0
120/300: dt: 0.9000, rms radial error=155.264, avgs=0
125/300: dt: 0.9000, rms radial error=154.390, avgs=0
130/300: dt: 0.9000, rms radial error=153.522, avgs=0
135/300: dt: 0.9000, rms radial error=152.658, avgs=0
140/300: dt: 0.9000, rms radial error=151.799, avgs=0
145/300: dt: 0.9000, rms radial error=150.944, avgs=0
150/300: dt: 0.9000, rms radial error=150.094, avgs=0
155/300: dt: 0.9000, rms radial error=149.249, avgs=0
160/300: dt: 0.9000, rms radial error=148.408, avgs=0
165/300: dt: 0.9000, rms radial error=147.572, avgs=0
170/300: dt: 0.9000, rms radial error=146.741, avgs=0
175/300: dt: 0.9000, rms radial error=145.914, avgs=0
180/300: dt: 0.9000, rms radial error=145.091, avgs=0
185/300: dt: 0.9000, rms radial error=144.273, avgs=0
190/300: dt: 0.9000, rms radial error=143.460, avgs=0
195/300: dt: 0.9000, rms radial error=142.651, avgs=0
200/300: dt: 0.9000, rms radial error=141.848, avgs=0
205/300: dt: 0.9000, rms radial error=141.048, avgs=0
210/300: dt: 0.9000, rms radial error=140.253, avgs=0
215/300: dt: 0.9000, rms radial error=139.463, avgs=0
220/300: dt: 0.9000, rms radial error=138.676, avgs=0
225/300: dt: 0.9000, rms radial error=137.895, avgs=0
230/300: dt: 0.9000, rms radial error=137.117, avgs=0
235/300: dt: 0.9000, rms radial error=136.344, avgs=0
240/300: dt: 0.9000, rms radial error=135.575, avgs=0
245/300: dt: 0.9000, rms radial error=134.810, avgs=0
250/300: dt: 0.9000, rms radial error=134.050, avgs=0
255/300: dt: 0.9000, rms radial error=133.294, avgs=0
260/300: dt: 0.9000, rms radial error=132.542, avgs=0
265/300: dt: 0.9000, rms radial error=131.794, avgs=0
270/300: dt: 0.9000, rms radial error=131.051, avgs=0
275/300: dt: 0.9000, rms radial error=130.311, avgs=0
280/300: dt: 0.9000, rms radial error=129.576, avgs=0
285/300: dt: 0.9000, rms radial error=128.845, avgs=0
290/300: dt: 0.9000, rms radial error=128.118, avgs=0
295/300: dt: 0.9000, rms radial error=127.395, avgs=0
300/300: dt: 0.9000, rms radial error=126.676, avgs=0

spherical inflation complete.
epoch 1 (K=10.0), pass 1, starting sse = 19737.26
taking momentum steps...
taking momentum steps...
taking momentum steps...
taking momentum steps...
pass 1 complete, delta sse/iter = 0.00/13 = 0.00023
epoch 2 (K=40.0), pass 1, starting sse = 3339.20
taking momentum steps...
taking momentum steps...
taking momentum steps...
taking momentum steps...
pass 1 complete, delta sse/iter = 0.00/13 = 0.00005
epoch 3 (K=160.0), pass 1, starting sse = 360.80
taking momentum steps...
taking momentum steps...
taking momentum steps...
taking momentum steps...
pass 1 complete, delta sse/iter = 0.07/14 = 0.00505
epoch 4 (K=640.0), pass 1, starting sse = 31.07
taking momentum steps...
taking momentum steps...
taking momentum steps...
taking momentum steps...
pass 1 complete, delta sse/iter = 0.11/20 = 0.00549
final distance error %100000.00
writing spherical brain to ../surf/lh.qsphere.nofix
spherical transformation took 0.0234 hours
FSRUNTIME@ mris_sphere  0.0234 hours 16 threads
#VMPC# mris_sphere VmPeak  1760456
mris_sphere done
#@# Fix Topology lh Sun Mar  8 19:36:41 CET 2026

 mris_fix_topology -mgz -sphere qsphere.nofix -inflated inflated.nofix -orig orig.nofix -out orig.premesh -ga -seed 1234 sub-v1s14x0051566_ses-1 lh 

reading spherical homeomorphism from 'qsphere.nofix'
reading inflated coordinates from 'inflated.nofix'
reading original coordinates from 'orig.nofix'
using genetic algorithm with optimized parameters
setting seed for random number genererator to 1234

*************************************************************
Topology Correction Parameters
retessellation mode:           genetic search
number of patches/generation : 10
number of generations :        10
surface mri loglikelihood coefficient :         1.0
volume mri loglikelihood coefficient :          10.0
normal dot loglikelihood coefficient :          1.0
quadratic curvature loglikelihood coefficient : 1.0
volume resolution :                             2
eliminate vertices during search :              1
initial patch selection :                       1
select all defect vertices :                    0
ordering dependant retessellation:              0
use precomputed edge table :                    0
smooth retessellated patch :                    2
match retessellated patch :                     1
verbose mode :                                  0

*************************************************************
INFO: assuming .mgz format
writing corrected surface to 'orig.premesh'
7.3.2
  7.3.2
before topology correction, eno=-92 (nv=166542, nf=333268, ne=499902, g=47)
using quasi-homeomorphic spherical map to tessellate cortical surface...

Correction of the Topology
Finding true center and radius of Spherical Surface...done
Surface centered at (0,0,0) with radius 100.0 in 10 iterations
marking ambiguous vertices...
13071 ambiguous faces found in tessellation
segmenting defects...
38 defects found, arbitrating ambiguous regions...
analyzing neighboring defects...
      -merging segment 30 into 28
37 defects to be corrected 
0 vertices coincident
reading input surface /out/sourcedata/freesurfer/sub-v1s14x0051566_ses-1/surf/lh.qsphere.nofix...
reading brain volume from brain...
reading wm segmentation from wm...
Reading original properties of orig.nofix
Reading vertex positions of inflated.nofix
Computing Initial Surface Statistics
      -face       loglikelihood: -9.3791  (-4.6895)
      -vertex     loglikelihood: -6.2799  (-3.1400)
      -normal dot loglikelihood: -3.6508  (-3.6508)
      -quad curv  loglikelihood: -6.2016  (-3.1008)
      Total Loglikelihood : -25.5114
CORRECTING DEFECT 0 (vertices=405, convex hull=143, v0=75)
After retessellation of defect 0 (v0=75), euler #=-31 (159066,475125,316028) : difference with theory (-34) = -3 
CORRECTING DEFECT 1 (vertices=149, convex hull=187, v0=538)
After retessellation of defect 1 (v0=538), euler #=-30 (159123,475387,316234) : difference with theory (-33) = -3 
CORRECTING DEFECT 2 (vertices=375, convex hull=48, v0=638)
After retessellation of defect 2 (v0=638), euler #=-29 (159142,475459,316288) : difference with theory (-32) = -3 
CORRECTING DEFECT 3 (vertices=52, convex hull=45, v0=1315)
After retessellation of defect 3 (v0=1315), euler #=-28 (159147,475490,316315) : difference with theory (-31) = -3 
CORRECTING DEFECT 4 (vertices=53, convex hull=35, v0=1688)
After retessellation of defect 4 (v0=1688), euler #=-27 (159153,475521,316341) : difference with theory (-30) = -3 
CORRECTING DEFECT 5 (vertices=20, convex hull=61, v0=2819)
After retessellation of defect 5 (v0=2819), euler #=-26 (159162,475572,316384) : difference with theory (-29) = -3 
CORRECTING DEFECT 6 (vertices=359, convex hull=236, v0=3714)
After retessellation of defect 6 (v0=3714), euler #=-25 (159200,475804,316579) : difference with theory (-28) = -3 
CORRECTING DEFECT 7 (vertices=174, convex hull=148, v0=5095)
After retessellation of defect 7 (v0=5095), euler #=-24 (159270,476090,316796) : difference with theory (-27) = -3 
CORRECTING DEFECT 8 (vertices=283, convex hull=303, v0=5743)
After retessellation of defect 8 (v0=5743), euler #=-23 (159359,476509,317127) : difference with theory (-26) = -3 
CORRECTING DEFECT 9 (vertices=56, convex hull=86, v0=8378)
After retessellation of defect 9 (v0=8378), euler #=-22 (159369,476573,317182) : difference with theory (-25) = -3 
CORRECTING DEFECT 10 (vertices=39, convex hull=69, v0=9511)
After retessellation of defect 10 (v0=9511), euler #=-21 (159377,476629,317231) : difference with theory (-24) = -3 
CORRECTING DEFECT 11 (vertices=162, convex hull=128, v0=10847)
After retessellation of defect 11 (v0=10847), euler #=-20 (159425,476827,317382) : difference with theory (-23) = -3 
CORRECTING DEFECT 12 (vertices=235, convex hull=104, v0=11352)
After retessellation of defect 12 (v0=11352), euler #=-20 (159443,476942,317479) : difference with theory (-22) = -2 
CORRECTING DEFECT 13 (vertices=423, convex hull=113, v0=12981)
After retessellation of defect 13 (v0=12981), euler #=-19 (159470,477070,317581) : difference with theory (-21) = -2 
CORRECTING DEFECT 14 (vertices=36, convex hull=80, v0=14129)
After retessellation of defect 14 (v0=14129), euler #=-18 (159489,477160,317653) : difference with theory (-20) = -2 
CORRECTING DEFECT 15 (vertices=30, convex hull=45, v0=33711)
After retessellation of defect 15 (v0=33711), euler #=-17 (159499,477206,317690) : difference with theory (-19) = -2 
CORRECTING DEFECT 16 (vertices=477, convex hull=255, v0=60704)
After retessellation of defect 16 (v0=60704), euler #=-16 (159566,477528,317946) : difference with theory (-18) = -2 
CORRECTING DEFECT 17 (vertices=10, convex hull=24, v0=73714)
After retessellation of defect 17 (v0=73714), euler #=-15 (159567,477540,317958) : difference with theory (-17) = -2 
CORRECTING DEFECT 18 (vertices=218, convex hull=199, v0=80895)
After retessellation of defect 18 (v0=80895), euler #=-14 (159591,477707,318102) : difference with theory (-16) = -2 
CORRECTING DEFECT 19 (vertices=19, convex hull=33, v0=94865)
After retessellation of defect 19 (v0=94865), euler #=-13 (159594,477727,318120) : difference with theory (-15) = -2 
CORRECTING DEFECT 20 (vertices=1709, convex hull=709, v0=95248)
An extra large defect has been detected...
This often happens because cerebellum or dura has not been removed from wm.mgz.
This may cause recon-all to run very slowly or crash.
if so, see https://surfer.nmr.mgh.harvard.edu/fswiki/FsTutorial/TopologicalDefect_freeview
After retessellation of defect 20 (v0=95248), euler #=-14 (160053,479527,319460) : difference with theory (-14) = 0 
CORRECTING DEFECT 21 (vertices=133, convex hull=58, v0=98301)
After retessellation of defect 21 (v0=98301), euler #=-13 (160073,479610,319524) : difference with theory (-13) = 0 
CORRECTING DEFECT 22 (vertices=23, convex hull=65, v0=105907)
After retessellation of defect 22 (v0=105907), euler #=-12 (160087,479676,319577) : difference with theory (-12) = 0 
CORRECTING DEFECT 23 (vertices=9, convex hull=25, v0=106858)
After retessellation of defect 23 (v0=106858), euler #=-11 (160089,479689,319589) : difference with theory (-11) = 0 
CORRECTING DEFECT 24 (vertices=5, convex hull=28, v0=106861)
After retessellation of defect 24 (v0=106861), euler #=-10 (160091,479702,319601) : difference with theory (-10) = 0 
CORRECTING DEFECT 25 (vertices=44, convex hull=63, v0=109115)
After retessellation of defect 25 (v0=109115), euler #=-9 (160106,479776,319661) : difference with theory (-9) = 0 
CORRECTING DEFECT 26 (vertices=195, convex hull=81, v0=109659)
After retessellation of defect 26 (v0=109659), euler #=-8 (160131,479888,319749) : difference with theory (-8) = 0 
CORRECTING DEFECT 27 (vertices=22, convex hull=44, v0=110242)
After retessellation of defect 27 (v0=110242), euler #=-7 (160141,479933,319785) : difference with theory (-7) = 0 
CORRECTING DEFECT 28 (vertices=748, convex hull=248, v0=118156)
After retessellation of defect 28 (v0=118156), euler #=-5 (160150,480090,319935) : difference with theory (-6) = -1 
CORRECTING DEFECT 29 (vertices=57, convex hull=92, v0=121742)
After retessellation of defect 29 (v0=121742), euler #=-4 (160173,480200,320023) : difference with theory (-5) = -1 
CORRECTING DEFECT 30 (vertices=84, convex hull=65, v0=126053)
After retessellation of defect 30 (v0=126053), euler #=-3 (160182,480256,320071) : difference with theory (-4) = -1 
CORRECTING DEFECT 31 (vertices=74, convex hull=52, v0=126847)
After retessellation of defect 31 (v0=126847), euler #=-2 (160196,480319,320121) : difference with theory (-3) = -1 
CORRECTING DEFECT 32 (vertices=177, convex hull=78, v0=140004)
After retessellation of defect 32 (v0=140004), euler #=-2 (160212,480404,320190) : difference with theory (-2) = 0 
CORRECTING DEFECT 33 (vertices=350, convex hull=220, v0=144102)
After retessellation of defect 33 (v0=144102), euler #=-1 (160281,480723,320441) : difference with theory (-1) = 0 
CORRECTING DEFECT 34 (vertices=15, convex hull=25, v0=154306)
After retessellation of defect 34 (v0=154306), euler #=0 (160282,480735,320453) : difference with theory (0) = 0 
CORRECTING DEFECT 35 (vertices=293, convex hull=182, v0=158235)
After retessellation of defect 35 (v0=158235), euler #=1 (160336,480982,320647) : difference with theory (1) = 0 
CORRECTING DEFECT 36 (vertices=24, convex hull=62, v0=166136)
After retessellation of defect 36 (v0=166136), euler #=2 (160345,481029,320686) : difference with theory (2) = 0 
computing original vertex metric properties...
storing new metric properties...
computing tessellation statistics...
vertex spacing 0.89 +- 0.26 (0.08-->12.49) (max @ vno 77567 --> 87760)
face area -nan +- -nan (1000.00-->-1.00)
performing soap bubble on retessellated vertices for 0 iterations...
vertex spacing 0.89 +- 0.26 (0.08-->12.49) (max @ vno 77567 --> 87760)
face area -nan +- -nan (1000.00-->-1.00)
tessellation finished, orienting corrected surface...
128 mutations (29.9%), 300 crossovers (70.1%), 743 vertices were eliminated
building final representation...
6197 vertices and 0 faces have been removed from triangulation
after topology correction, eno=2 (nv=160345, nf=320686, ne=481029, g=0)
writing corrected surface to /out/sourcedata/freesurfer/sub-v1s14x0051566_ses-1/surf/lh.orig.premesh...

0.000 % of the vertices (0 vertices) exhibit an orientation change
removing intersecting faces
000: 709 intersecting
001: 113 intersecting
002: 11 intersecting
003: 9 intersecting
step 1 with no progress (num=9, old_num=9)
004: 9 intersecting
step 2 with no progress (num=9, old_num=9)
005: 9 intersecting
step 3 with no progress (num=9, old_num=9)
006: 9 intersecting
step 4 with no progress (num=9, old_num=9)
007: 9 intersecting
step 5 with no progress (num=9, old_num=9)
008: 9 intersecting
step 6 with no progress (num=9, old_num=9)
009: 9 intersecting
step 7 with no progress (num=9, old_num=9)
010: 9 intersecting
step 8 with no progress (num=9, old_num=9)
011: 9 intersecting
step 9 with no progress (num=9, old_num=9)
012: 9 intersecting
step 10 with no progress (num=9, old_num=9)
013: 9 intersecting
step 11 with no progress (num=9, old_num=9)
014: 9 intersecting
step 12 with no progress (num=9, old_num=9)
015: 9 intersecting
step 13 with no progress (num=9, old_num=9)
016: 9 intersecting
step 14 with no progress (num=9, old_num=9)
017: 9 intersecting
step 15 with no progress (num=9, old_num=9)
018: 9 intersecting
step 16 with no progress (num=9, old_num=9)
terminating search with 9 intersecting
topology fixing took 5.0 minutes
FSRUNTIME@ mris_fix_topology lh  0.0835 hours 16 threads
#VMPC# mris_fix_topology VmPeak  1883168

 mris_euler_number ../surf/lh.orig.premesh 

euler # = v-e+f = 2g-2: 160345 - 481029 + 320686 = 2 --> 0 holes
      F =2V-4:          320686 = 320690-4 (0)
      2E=3F:            962058 = 962058 (0)

total defect index = 0
Sun Mar  8 19:41:42 CET 2026

setenv SUBJECTS_DIR /out/sourcedata/freesurfer
cd /out/sourcedata/freesurfer/sub-v1s14x0051566_ses-1/scripts
/opt/freesurfer/bin/defect2seg --s sub-v1s14x0051566_ses-1 --lh-only --cortex

freesurfer-linux-ubuntu22_x86_64-7.3.2-20220804-6354275
defect2seg 7.3.2
Linux dna029 5.14.0-427.37.1.el9_4.x86_64 #1 SMP PREEMPT_DYNAMIC Fri Sep 13 12:41:50 EDT 2024 x86_64 x86_64 x86_64 GNU/Linux
pid 3461777
mri_label2label --label-cortex /out/sourcedata/freesurfer/sub-v1s14x0051566_ses-1/surf/lh.orig.nofix /out/sourcedata/freesurfer/sub-v1s14x0051566_ses-1/mri/aseg.presurf.mgz 0 /out/sourcedata/freesurfer/sub-v1s14x0051566_ses-1/label/lh.nofix.cortex.label

 Generating cortex label... RemoveHipAmgy=0
 NucAccIsMedialWall=0
 mris->useRealRAS=0
15 non-cortical segments detected
only using segment with 8843 vertices
erasing segment 0 (vno[0] = 19207)
erasing segment 1 (vno[0] = 19209)
erasing segment 2 (vno[0] = 21866)
erasing segment 4 (vno[0] = 100460)
erasing segment 5 (vno[0] = 101036)
erasing segment 6 (vno[0] = 101044)
erasing segment 7 (vno[0] = 102303)
erasing segment 8 (vno[0] = 116773)
erasing segment 9 (vno[0] = 121962)
erasing segment 10 (vno[0] = 121971)
erasing segment 11 (vno[0] = 121985)
erasing segment 12 (vno[0] = 123070)
erasing segment 13 (vno[0] = 125725)
erasing segment 14 (vno[0] = 125730)
mri_label2vol --defects /out/sourcedata/freesurfer/sub-v1s14x0051566_ses-1/surf/lh.orig.nofix /out/sourcedata/freesurfer/sub-v1s14x0051566_ses-1/surf/lh.defect_labels /out/sourcedata/freesurfer/sub-v1s14x0051566_ses-1/mri/orig.mgz 1000 0 /out/sourcedata/freesurfer/sub-v1s14x0051566_ses-1/mri/lh.surface.defects.mgz /out/sourcedata/freesurfer/sub-v1s14x0051566_ses-1/label/lh.nofix.cortex.label
mri_label2vol supposed to be reproducible but seed not set
Contraining to label /out/sourcedata/freesurfer/sub-v1s14x0051566_ses-1/label/lh.nofix.cortex.label
Changing input type 0 to MRI_INT
Converting defects to volume: offset=1000, merge=0
Writing to /out/sourcedata/freesurfer/sub-v1s14x0051566_ses-1/mri/lh.surface.defects.mgz
mris_defects_pointset -s /out/sourcedata/freesurfer/sub-v1s14x0051566_ses-1/surf/lh.orig.nofix -d /out/sourcedata/freesurfer/sub-v1s14x0051566_ses-1/surf/lh.defect_labels -o /out/sourcedata/freesurfer/sub-v1s14x0051566_ses-1/surf/lh.defects.pointset --label /out/sourcedata/freesurfer/sub-v1s14x0051566_ses-1/label/lh.nofix.cortex.label
Reading in surface /out/sourcedata/freesurfer/sub-v1s14x0051566_ses-1/surf/lh.orig.nofix
Reading in defect segmentation /out/sourcedata/freesurfer/sub-v1s14x0051566_ses-1/surf/lh.defect_labels
Reading in label /out/sourcedata/freesurfer/sub-v1s14x0051566_ses-1/label/lh.nofix.cortex.label
#VMPC# mris_defects_pointset 1419236
mris_defects_pointset done
 
Started at Sun Mar 8 19:41:42 CET 2026 
Ended   at Sun Mar  8 19:42:02 CET 2026
Defect2seg-Run-Time-Sec 20
Defect2seg-Run-Time-Min 0.40
Defect2seg-Run-Time-Hours 0.01
 
tkmeditfv sub-v1s14x0051566_ses-1 brain.finalsurfs.mgz -defect
defect2seg Done

 mris_remesh --remesh --iters 3 --input /out/sourcedata/freesurfer/sub-v1s14x0051566_ses-1/surf/lh.orig.premesh --output /out/sourcedata/freesurfer/sub-v1s14x0051566_ses-1/surf/lh.orig 

iters = 3
standard remeshing without target
   adjusted l: 0.715613
remeshing to edge length 0.715613 with 3 iterations

avg qual before   : 0.888087  after: 0.971485

Removing intersections
removing intersecting faces
000: 13 intersecting
001: 8 intersecting
terminating search with 0 intersecting
Remeshed surface quality stats nv0 = 160345  nv = 166575  1.03885
Area    333146  0.30657  0.03401 0.010439   0.5071
Corner  999438 60.00000  8.75716 7.090894 145.2649
Edge    499719  0.84936  0.08262 0.091476   1.2844
Hinge   499719  9.84334 10.29167 0.000006 161.4650
mris_remesh done
/out/sourcedata/freesurfer/sub-v1s14x0051566_ses-1/scripts

 mris_remove_intersection ../surf/lh.orig ../surf/lh.orig 

intersection removal took 0.00 hours
writing corrected surface to ../surf/lh.orig

 rm -f ../surf/lh.inflated 

#--------------------------------------------
#@# AutoDetGWStats lh Sun Mar  8 19:42:49 CET 2026
cd /out/sourcedata/freesurfer/sub-v1s14x0051566_ses-1/mri
mris_autodet_gwstats --o ../surf/autodet.gw.stats.lh.dat --i brain.finalsurfs.mgz --wm wm.mgz --surf ../surf/lh.orig.premesh
7.3.2

cd /out/sourcedata/freesurfer/sub-v1s14x0051566_ses-1/mri
setenv SUBJECTS_DIR /out/sourcedata/freesurfer
mris_autodet_gwstats --o ../surf/autodet.gw.stats.lh.dat --i brain.finalsurfs.mgz --wm wm.mgz --surf ../surf/lh.orig.premesh 

border white:    311829 voxels (1.86%)
border gray      340590 voxels (2.03%)
Reading in intensity volume brain.finalsurfs.mgz
Reading in wm volume wm.mgz
Reading in surf ../surf/lh.orig.premesh
Auto detecting stats
MRIclipBrightWM(): nthresh=24721, wmmin=5, clip=110 
Binarizing thresholding at 5
computing class statistics... low=30, hi=110.000000
CCS WM (98.0): 98.4 +- 7.5 [70.0 --> 110.0]
CCS GM (76.0) : 73.8 +- 11.6 [30.0 --> 110.0]
white_mean = 98.3924 +/- 7.52878, gray_mean = 73.848 +/- 11.5891
using class modes intead of means, discounting robust sigmas....
MRIScomputeClassModes(): min=0 max=191 nbins=192
intensity peaks found at WM=102+-5.2,    GM=70+-10.4
white_mode = 102, gray_mode = 70
std_scale = 1
Applying sanity checks, max_scale_down = 0.2
setting MIN_GRAY_AT_WHITE_BORDER to 58.4 (was 70.000000)
setting MAX_BORDER_WHITE to 109.5 (was 105.000000)
setting MIN_BORDER_WHITE to 70.0 (was 85.000000)
setting MAX_CSF to 46.8 (was 40.000000)
setting MAX_GRAY to 94.5 (was 95.000000)
setting MAX_GRAY_AT_CSF_BORDER to 58.4 (was 75.000000)
setting MIN_GRAY_AT_CSF_BORDER to 35.2 (was 40.000000)
When placing the white surface
  white_border_hi   = 109.529;
  white_border_low  = 70;
  white_outside_low = 58.4109;
  white_inside_hi   = 120;
  white_outside_hi  = 109.529;
When placing the pial surface
  pial_border_hi   = 58.4109;
  pial_border_low  = 35.2328;
  pial_outside_low = 10;
  pial_inside_hi   = 94.4712;
  pial_outside_hi  = 52.6164;
#VMPC# mris_autodet_gwstats VmPeak  1419088
mris_autodet_gwstats done
#--------------------------------------------
#@# WhitePreAparc lh Sun Mar  8 19:42:52 CET 2026
cd /out/sourcedata/freesurfer/sub-v1s14x0051566_ses-1/mri
mris_place_surface --adgws-in ../surf/autodet.gw.stats.lh.dat --wm wm.mgz --threads 16 --invol brain.finalsurfs.mgz --lh --i ../surf/lh.orig --o ../surf/lh.white.preaparc --white --seg aseg.presurf.mgz --nsmooth 5
7.3.2
7.3.2

cd /out/sourcedata/freesurfer/sub-v1s14x0051566_ses-1/mri
setenv SUBJECTS_DIR /out/sourcedata/freesurfer
mris_place_surface --adgws-in ../surf/autodet.gw.stats.lh.dat --wm wm.mgz --threads 16 --invol brain.finalsurfs.mgz --lh --i ../surf/lh.orig --o ../surf/lh.white.preaparc --white --seg aseg.presurf.mgz --nsmooth 5 

Reading in input surface ../surf/lh.orig
Smoothing surface before ripping with 5 iterations
Area    333146  0.26953  0.06350 0.000099   0.6705
Corner  999438 60.00000  9.44284 0.392965 177.1089
Edge    499719  0.79264  0.11496 0.001977   1.3607
Hinge   499719  6.63000  6.58768 0.000011 176.3093
Not reading in aparc
Reading in input volume brain.finalsurfs.mgz
Reading in wm volume wm.mgz
MRIclipBrightWM(): nthresh=24721, wmmin=5, clip=110 
MRIfindBrightNonWM(): 601 bright non-wm voxels segmented.
Masking bright non-wm for white surface
MRImask(): AllowDiffGeom = 1
MRImask(): AllowDiffGeom = 1
Reading in seg volume aseg.presurf.mgz
Ripping frozen voxels
INFO: rip surface needed but not specified, so using input surface
Freezing midline and others
Entering: MRISripMidline(): inhibiting deformation at non-cortical midline structures...
  which=1, fix_mtl=0, using annot = 0
#FML0# MRISripMidline(): nripped=0
removing 2 vertices from ripped group in thread:0
removing 2 vertices from ripped group in thread:0
#FML# MRISripMidline(): nmarked=6732, nmarked2=29, nripped=6732
Ripping segs (eg, WMSA, BG, frozen)
Starting MRISripSegs() d = (-2 2 0.5) segnos: 247 
MRISripSegs(): -2 2 0.5 ripped 0
vertex 83288: xyz = (-61.4581,-6.57746,-5.41237) oxyz = (-61.4581,-6.57746,-5.41237) wxzy = (-61.4581,-6.57746,-5.41237) pxyz = (0,0,0) 
CBVO Creating mask 166575
n_averages 4
Iteration 0 =========================================
n_averages=4, current_sigma=2
Freezing midline and others
Ripping frozen voxels
INFO: rip surface needed but not specified, so using input surface
Freezing midline and others
Entering: MRISripMidline(): inhibiting deformation at non-cortical midline structures...
  which=1, fix_mtl=0, using annot = 0
#FML0# MRISripMidline(): nripped=6732
removing 2 vertices from ripped group in thread:0
removing 2 vertices from ripped group in thread:0
#FML# MRISripMidline(): nmarked=6732, nmarked2=29, nripped=6732
Ripping segs (eg, WMSA, BG, frozen)
Starting MRISripSegs() d = (-2 2 0.5) segnos: 247 247 
MRISripSegs(): -2 2 0.5 ripped 0
Computing target border values 
Entering MRIScomputeBorderValues_new(): 
  inside_hi   = 120.0000000;
  border_hi   = 109.5287860;
  border_low  =  70.0000000;
  outside_low =  58.4109420;
  outside_hi  = 109.5287860;
  sigma = 2;
  max_thickness = 10;
  step_size=0.5;
  STEP_SIZE=0.1;
  which = 1
  thresh = 0
  flags = 0
  CBVfindFirstPeakD1=0
  CBVfindFirstPeakD2=0
  nvertices=166575
  Gdiag_no=-1
  vno start=0, stop=166575
Replacing 255s with 0s
#SI# sigma=2 had to be increased for 294 vertices, nripped=6732
mean border=83.6, 133 (133) missing vertices, mean dist 0.2 [0.7 (%42.9)->0.9 (%57.1))]
%62 local maxima, %34 large gradients and % 0 min vals, 0 gradients ignored
nFirstPeakD1 0
MRIScomputeBorderValues_new() finished in 0.0157 min


Finding expansion regions
mean absolute distance = 0.79 +- 1.06
5921 vertices more than 2 sigmas from mean.
Averaging target values for 5 iterations...
Positioning Surface: tspring = 0.3, nspring = 0.3, spring = 0, niters = 100 l_repulse = 5, l_surf_repulse = 0, checktol = 0
Positioning pial surface
Entering MRISpositionSurface()
  max_mm = 0.3
  MAX_REDUCTIONS = 2, REDUCTION_PCT = 0.5
  parms->check_tol = 0, niterations = 100
tol=1.0e-04, sigma=2.0, host=dna02, nav=4, nbrs=2, l_repulse=5.000, l_tspring=0.300, l_nspring=0.300, l_intensity=0.200, l_curv=1.000
mom=0.00, dt=0.50
complete_dist_mat 0
rms 0
smooth_averages 0
remove_neg 0
ico_order 0
which_surface 0
target_radius 0.000000
nfields 0
scale 0.000000
desired_rms_height 0.000000
momentum 0.000000
nbhd_size 0
max_nbrs 0
niterations 100
nsurfaces 0
SURFACES 3
flags 0 (0)
use curv 0
no sulc 0
no rigid align 0
mris->nsize 2
mris->hemisphere 0
randomSeed 0

000: dt: 0.0000, sse=3165692.0, rms=9.658
001: dt: 0.5000, sse=1594228.1, rms=6.650 (31.142%)
002: dt: 0.5000, sse=940585.6, rms=4.875 (26.694%)
003: dt: 0.5000, sse=666859.4, rms=3.893 (20.134%)
004: dt: 0.5000, sse=553102.8, rms=3.367 (13.525%)
005: dt: 0.5000, sse=496304.8, rms=3.086 (8.353%)
006: dt: 0.5000, sse=470352.1, rms=2.941 (4.692%)
007: dt: 0.5000, sse=452699.2, rms=2.864 (2.607%)
rms = 2.8238/2.8642, sse=452145.2/452699.2, time step reduction 1 of 3 to 0.250  0 0 1
008: dt: 0.5000, sse=452145.2, rms=2.824 (1.411%)
009: dt: 0.2500, sse=292893.8, rms=1.699 (39.835%)
010: dt: 0.2500, sse=268496.0, rms=1.482 (12.740%)
011: dt: 0.2500, sse=264674.4, rms=1.411 (4.855%)
rms = 1.3700/1.4105, sse=262650.1/264674.4, time step reduction 2 of 3 to 0.125  0 0 1
012: dt: 0.2500, sse=262650.1, rms=1.370 (2.871%)
rms = 1.3294/1.3700, sse=259851.3/262650.1, time step reduction 3 of 3 to 0.062  0 0 1
013: dt: 0.1250, sse=259851.3, rms=1.329 (2.963%)
  maximum number of reductions reached, breaking from loop
positioning took 1.4 minutes
Iteration 1 =========================================
n_averages=2, current_sigma=1
Freezing midline and others
Ripping frozen voxels
INFO: rip surface needed but not specified, so using input surface
Freezing midline and others
Entering: MRISripMidline(): inhibiting deformation at non-cortical midline structures...
  which=1, fix_mtl=0, using annot = 0
#FML0# MRISripMidline(): nripped=6732
removing 2 vertices from ripped group in thread:0
removing 2 vertices from ripped group in thread:0
removing 2 vertices from ripped group in thread:0
removing 3 vertices from ripped group in thread:0
#FML# MRISripMidline(): nmarked=7002, nmarked2=60, nripped=7002
Ripping segs (eg, WMSA, BG, frozen)
Starting MRISripSegs() d = (-2 2 0.5) segnos: 247 247 247 
MRISripSegs(): -2 2 0.5 ripped 0
Computing target border values 
Entering MRIScomputeBorderValues_new(): 
  inside_hi   = 120.0000000;
  border_hi   = 109.5287860;
  border_low  =  70.0000000;
  outside_low =  58.4109420;
  outside_hi  = 109.5287860;
  sigma = 1;
  max_thickness = 10;
  step_size=0.5;
  STEP_SIZE=0.1;
  which = 1
  thresh = 0
  flags = 0
  CBVfindFirstPeakD1=0
  CBVfindFirstPeakD2=0
  nvertices=166575
  Gdiag_no=-1
  vno start=0, stop=166575
Replacing 255s with 0s
#SI# sigma=1 had to be increased for 397 vertices, nripped=7002
mean border=85.2, 162 (27) missing vertices, mean dist -0.2 [0.5 (%61.6)->0.3 (%38.4))]
%66 local maxima, %30 large gradients and % 0 min vals, 0 gradients ignored
nFirstPeakD1 0
MRIScomputeBorderValues_new() finished in 0.0112 min


Finding expansion regions
mean absolute distance = 0.41 +- 0.77
5740 vertices more than 2 sigmas from mean.
Averaging target values for 5 iterations...
Positioning Surface: tspring = 0.3, nspring = 0.3, spring = 0, niters = 100 l_repulse = 5, l_surf_repulse = 0, checktol = 0
Positioning pial surface
Entering MRISpositionSurface()
  max_mm = 0.3
  MAX_REDUCTIONS = 2, REDUCTION_PCT = 0.5
  parms->check_tol = 0, niterations = 100
tol=1.0e-04, sigma=1.0, host=dna02, nav=2, nbrs=2, l_repulse=5.000, l_tspring=0.300, l_nspring=0.300, l_intensity=0.200, l_curv=1.000
mom=0.00, dt=0.50
000: dt: 0.0000, sse=726437.2, rms=3.823
014: dt: 0.5000, sse=481408.6, rms=2.540 (33.561%)
015: dt: 0.5000, sse=426562.5, rms=2.296 (9.630%)
rms = 2.2745/2.2956, sse=438604.2/426562.5, time step reduction 1 of 3 to 0.250  0 1 1
016: dt: 0.5000, sse=438604.2, rms=2.274 (0.920%)
017: dt: 0.2500, sse=327068.2, rms=1.418 (37.667%)
018: dt: 0.2500, sse=310498.0, rms=1.233 (13.019%)
019: dt: 0.2500, sse=309322.9, rms=1.181 (4.228%)
rms = 1.1326/1.1810, sse=302835.3/309322.9, time step reduction 2 of 3 to 0.125  0 0 1
020: dt: 0.2500, sse=302835.2, rms=1.133 (4.102%)
rms = 1.0914/1.1326, sse=301039.2/302835.3, time step reduction 3 of 3 to 0.062  0 0 1
021: dt: 0.1250, sse=301039.2, rms=1.091 (3.639%)
  maximum number of reductions reached, breaking from loop
positioning took 0.8 minutes
Iteration 2 =========================================
n_averages=1, current_sigma=0.5
Freezing midline and others
Ripping frozen voxels
INFO: rip surface needed but not specified, so using input surface
Freezing midline and others
Entering: MRISripMidline(): inhibiting deformation at non-cortical midline structures...
  which=1, fix_mtl=0, using annot = 0
#FML0# MRISripMidline(): nripped=7002
removing 2 vertices from ripped group in thread:0
removing 2 vertices from ripped group in thread:0
removing 3 vertices from ripped group in thread:0
removing 3 vertices from ripped group in thread:0
removing 2 vertices from ripped group in thread:0
removing 4 vertices from ripped group in thread:0
removing 3 vertices from ripped group in thread:0
#FML# MRISripMidline(): nmarked=7066, nmarked2=60, nripped=7066
Ripping segs (eg, WMSA, BG, frozen)
Starting MRISripSegs() d = (-2 2 0.5) segnos: 247 247 247 247 
MRISripSegs(): -2 2 0.5 ripped 0
Computing target border values 
Entering MRIScomputeBorderValues_new(): 
  inside_hi   = 120.0000000;
  border_hi   = 109.5287860;
  border_low  =  70.0000000;
  outside_low =  58.4109420;
  outside_hi  = 109.5287860;
  sigma = 0.5;
  max_thickness = 10;
  step_size=0.5;
  STEP_SIZE=0.1;
  which = 1
  thresh = 0
  flags = 0
  CBVfindFirstPeakD1=0
  CBVfindFirstPeakD2=0
  nvertices=166575
  Gdiag_no=-1
  vno start=0, stop=166575
Replacing 255s with 0s
#SI# sigma=0.5 had to be increased for 650 vertices, nripped=7066
mean border=86.9, 205 (19) missing vertices, mean dist -0.2 [0.4 (%66.1)->0.2 (%33.9))]
%75 local maxima, %20 large gradients and % 0 min vals, 0 gradients ignored
nFirstPeakD1 0
MRIScomputeBorderValues_new() finished in 0.0066 min


Finding expansion regions
mean absolute distance = 0.33 +- 0.54
5686 vertices more than 2 sigmas from mean.
Averaging target values for 5 iterations...
Positioning Surface: tspring = 0.3, nspring = 0.3, spring = 0, niters = 100 l_repulse = 5, l_surf_repulse = 0, checktol = 0
Positioning pial surface
Entering MRISpositionSurface()
  max_mm = 0.3
  MAX_REDUCTIONS = 2, REDUCTION_PCT = 0.5
  parms->check_tol = 0, niterations = 100
tol=1.0e-04, sigma=0.5, host=dna02, nav=1, nbrs=2, l_repulse=5.000, l_tspring=0.300, l_nspring=0.300, l_intensity=0.200, l_curv=1.000
mom=0.00, dt=0.50
000: dt: 0.0000, sse=559335.2, rms=3.080
022: dt: 0.5000, sse=412366.0, rms=2.074 (32.646%)
023: dt: 0.5000, sse=407532.0, rms=2.017 (2.768%)
rms = 2.0929/2.0168, sse=419711.9/407532.0, time step reduction 1 of 3 to 0.250  0 1 1
   RMS increased, rejecting step
024: dt: 0.2500, sse=336009.7, rms=1.414 (29.909%)
025: dt: 0.2500, sse=322848.0, rms=1.099 (22.230%)
026: dt: 0.2500, sse=312142.0, rms=1.044 (4.993%)
rms = 1.0213/1.0445, sse=310609.3/312142.0, time step reduction 2 of 3 to 0.125  0 0 1
027: dt: 0.2500, sse=310609.2, rms=1.021 (2.224%)
rms = 0.9756/1.0213, sse=304768.2/310609.3, time step reduction 3 of 3 to 0.062  0 0 1
028: dt: 0.1250, sse=304768.2, rms=0.976 (4.474%)
  maximum number of reductions reached, breaking from loop
positioning took 0.8 minutes
Iteration 3 =========================================
n_averages=0, current_sigma=0.25
Freezing midline and others
Ripping frozen voxels
INFO: rip surface needed but not specified, so using input surface
Freezing midline and others
Entering: MRISripMidline(): inhibiting deformation at non-cortical midline structures...
  which=1, fix_mtl=0, using annot = 0
#FML0# MRISripMidline(): nripped=7066
removing 2 vertices from ripped group in thread:0
removing 2 vertices from ripped group in thread:0
removing 2 vertices from ripped group in thread:0
removing 3 vertices from ripped group in thread:0
removing 3 vertices from ripped group in thread:0
removing 2 vertices from ripped group in thread:0
#FML# MRISripMidline(): nmarked=7100, nmarked2=60, nripped=7100
Ripping segs (eg, WMSA, BG, frozen)
Starting MRISripSegs() d = (-2 2 0.5) segnos: 247 247 247 247 247 
MRISripSegs(): -2 2 0.5 ripped 0
Computing target border values 
Entering MRIScomputeBorderValues_new(): 
  inside_hi   = 120.0000000;
  border_hi   = 109.5287860;
  border_low  =  70.0000000;
  outside_low =  58.4109420;
  outside_hi  = 109.5287860;
  sigma = 0.25;
  max_thickness = 10;
  step_size=0.5;
  STEP_SIZE=0.1;
  which = 1
  thresh = 0
  flags = 0
  CBVfindFirstPeakD1=0
  CBVfindFirstPeakD2=0
  nvertices=166575
  Gdiag_no=-1
  vno start=0, stop=166575
Replacing 255s with 0s
#SI# sigma=0.25 had to be increased for 556 vertices, nripped=7100
mean border=87.6, 293 (15) missing vertices, mean dist -0.1 [0.3 (%57.9)->0.2 (%42.1))]
%80 local maxima, %15 large gradients and % 0 min vals, 0 gradients ignored
nFirstPeakD1 0
MRIScomputeBorderValues_new() finished in 0.0062 min


Finding expansion regions
mean absolute distance = 0.28 +- 0.44
4755 vertices more than 2 sigmas from mean.
Averaging target values for 5 iterations...
Positioning Surface: tspring = 0.3, nspring = 0.3, spring = 0, niters = 100 l_repulse = 5, l_surf_repulse = 0, checktol = 0
Positioning pial surface
Entering MRISpositionSurface()
  max_mm = 0.3
  MAX_REDUCTIONS = 2, REDUCTION_PCT = 0.5
  parms->check_tol = 0, niterations = 100
tol=1.0e-04, sigma=0.2, host=dna02, nav=0, nbrs=2, l_repulse=5.000, l_tspring=0.300, l_nspring=0.300, l_intensity=0.200, l_curv=1.000
mom=0.00, dt=0.50
000: dt: 0.0000, sse=360350.6, rms=1.684
029: dt: 0.5000, sse=349485.6, rms=1.405 (16.550%)
rms = 1.6141/1.4054, sse=353022.2/349485.6, time step reduction 1 of 3 to 0.250  0 1 1
   RMS increased, rejecting step
030: dt: 0.2500, sse=310539.1, rms=0.994 (29.284%)
031: dt: 0.2500, sse=298955.6, rms=0.913 (8.178%)
032: dt: 0.2500, sse=293087.2, rms=0.861 (5.667%)
rms = 0.9012/0.8609, sse=294248.7/293087.2, time step reduction 2 of 3 to 0.125  0 1 1
   RMS increased, rejecting step
rms = 0.8195/0.8609, sse=287105.2/293087.2, time step reduction 3 of 3 to 0.062  0 0 1
033: dt: 0.1250, sse=287105.2, rms=0.819 (4.809%)
  maximum number of reductions reached, breaking from loop
positioning took 0.7 minutes


Writing output to ../surf/lh.white.preaparc
#ET# mris_place_surface  3.89 minutes
#VMPC# mris_place_surfaces VmPeak  3370864
mris_place_surface done
#--------------------------------------------
#@# CortexLabel lh Sun Mar  8 19:46:52 CET 2026
cd /out/sourcedata/freesurfer/sub-v1s14x0051566_ses-1/mri
mri_label2label --label-cortex ../surf/lh.white.preaparc aseg.presurf.mgz 0 ../label/lh.cortex.label

 Generating cortex label... RemoveHipAmgy=0
 NucAccIsMedialWall=0
 mris->useRealRAS=0
8 non-cortical segments detected
only using segment with 8956 vertices
erasing segment 1 (vno[0] = 59996)
erasing segment 2 (vno[0] = 63317)
erasing segment 3 (vno[0] = 82233)
erasing segment 4 (vno[0] = 83220)
erasing segment 5 (vno[0] = 100298)
erasing segment 6 (vno[0] = 102399)
erasing segment 7 (vno[0] = 136320)
#--------------------------------------------
#@# CortexLabel+HipAmyg lh Sun Mar  8 19:47:11 CET 2026
cd /out/sourcedata/freesurfer/sub-v1s14x0051566_ses-1/mri
mri_label2label --label-cortex ../surf/lh.white.preaparc aseg.presurf.mgz 1 ../label/lh.cortex+hipamyg.label

 Generating cortex label... RemoveHipAmgy=1
 NucAccIsMedialWall=0
 mris->useRealRAS=0
13 non-cortical segments detected
only using segment with 6102 vertices
erasing segment 1 (vno[0] = 54702)
erasing segment 2 (vno[0] = 56857)
erasing segment 3 (vno[0] = 59996)
erasing segment 4 (vno[0] = 63317)
erasing segment 5 (vno[0] = 66012)
erasing segment 6 (vno[0] = 67080)
erasing segment 7 (vno[0] = 69249)
erasing segment 8 (vno[0] = 73720)
erasing segment 9 (vno[0] = 82233)
erasing segment 10 (vno[0] = 83220)
erasing segment 11 (vno[0] = 99529)
erasing segment 12 (vno[0] = 100298)
#--------------------------------------------
#@# Smooth2 lh Sun Mar  8 19:47:29 CET 2026
/out/sourcedata/freesurfer/sub-v1s14x0051566_ses-1/scripts

 mris_smooth -n 3 -nw -seed 1234 ../surf/lh.white.preaparc ../surf/lh.smoothwm 

smoothing for 3 iterations
setting seed for random number generator to 1234
smoothing surface tessellation for 3 iterations...
smoothing complete - recomputing first and second fundamental forms...
#--------------------------------------------
#@# Inflation2 lh Sun Mar  8 19:47:32 CET 2026
/out/sourcedata/freesurfer/sub-v1s14x0051566_ses-1/scripts

 mris_inflate ../surf/lh.smoothwm ../surf/lh.inflated 

Reading ../surf/lh.smoothwm
avg radius = 48.9 mm, total surface area = 101117 mm^2
step 000: RMS=0.171 (target=0.015)   step 005: RMS=0.116 (target=0.015)   step 010: RMS=0.087 (target=0.015)   step 015: RMS=0.073 (target=0.015)   step 020: RMS=0.061 (target=0.015)   step 025: RMS=0.051 (target=0.015)   step 030: RMS=0.042 (target=0.015)   step 035: RMS=0.036 (target=0.015)   step 040: RMS=0.032 (target=0.015)   step 045: RMS=0.028 (target=0.015)   step 050: RMS=0.024 (target=0.015)   step 055: RMS=0.023 (target=0.015)   step 060: RMS=0.021 (target=0.015)   writing inflated surface to ../surf/lh.inflated
writing sulcal depths to ../surf/lh.sulc

inflation complete.
inflation took 0.3 minutes
mris_inflate utimesec    84.006491
mris_inflate stimesec    1.164776
mris_inflate ru_maxrss   253588
mris_inflate ru_ixrss    0
mris_inflate ru_idrss    0
mris_inflate ru_isrss    0
mris_inflate ru_minflt   223252
mris_inflate ru_majflt   26
mris_inflate ru_nswap    0
mris_inflate ru_inblock  130
mris_inflate ru_oublock  13024
mris_inflate ru_msgsnd   0
mris_inflate ru_msgrcv   0
mris_inflate ru_nsignals 0
mris_inflate ru_nvcsw    12402
mris_inflate ru_nivcsw   201
#--------------------------------------------
#@# Curv .H and .K lh Sun Mar  8 19:47:50 CET 2026
/out/sourcedata/freesurfer/sub-v1s14x0051566_ses-1/surf

 mris_curvature -w -seed 1234 lh.white.preaparc 

setting seed for random number generator to 1234
total integrated curvature = 33.771*4pi (424.380) --> -33 handles
ICI = 200.0, FI = 1868.9, variation=29697.146
writing Gaussian curvature to ./lh.white.preaparc.K...done.
writing mean curvature to ./lh.white.preaparc.H...done.
rm -f lh.white.H
ln -s lh.white.preaparc.H lh.white.H
rm -f lh.white.K
ln -s lh.white.preaparc.K lh.white.K

 mris_curvature -seed 1234 -thresh .999 -n -a 5 -w -distances 10 10 lh.inflated 

setting seed for random number generator to 1234
normalizing curvature values.
averaging curvature patterns 5 times.
sampling 10 neighbors out to a distance of 10 mm
235 vertices thresholded to be in k1 ~ [-0.34 0.78], k2 ~ [-0.16 0.15]
total integrated curvature = 0.621*4pi (7.809) --> 0 handles
ICI = 1.7, FI = 11.4, variation=191.524
171 vertices thresholded to be in [-0.05 0.01]
writing Gaussian curvature to ./lh.inflated.K...thresholding curvature at 99.90% level
curvature mean = 0.000, std = 0.002
156 vertices thresholded to be in [-0.12 0.32]
done.
writing mean curvature to ./lh.inflated.H...curvature mean = -0.013, std = 0.026
done.
#--------------------------------------------
#@# Sphere lh Sun Mar  8 19:48:46 CET 2026
/out/sourcedata/freesurfer/sub-v1s14x0051566_ses-1/scripts

 mris_sphere -seed 1234 ../surf/lh.inflated ../surf/lh.sphere 

setting seed for random number genererator to 1234
version: 7.3.2
available threads: 16
reading original vertex positions...
projecting onto sphere...
surface projected - minimizing metric distortion...
scaling brain by 0.276...
MRISunfold() max_passes = 1 -------
tol=5.0e-01, sigma=0.0, host=dna02, nav=1024, nbrs=2, l_area=1.000, l_dist=1.000
using quadratic fit line minimization
complete_dist_mat 0
rms 0
smooth_averages 0
remove_neg 0
ico_order 0
which_surface 0
target_radius 0.000000
nfields 0
scale 1.000000
desired_rms_height -1.000000
momentum 0.900000
nbhd_size 7
max_nbrs 8
niterations 25
nsurfaces 0
SURFACES 3
flags 0 (0)
use curv 0
no sulc 0
no rigid align 0
mris->nsize 2
mris->hemisphere 0
randomSeed 1234

singular matrix in quadratic form
singular matrix in quadratic form
--------------------
  mrisRemoveNegativeArea()
pass 1: epoch 1 of 3 starting distance error %18.84
pass 1: epoch 2 of 3 starting distance error %18.83
unfolding complete - removing small folds...
starting distance error %18.76
removing remaining folds...
final distance error %18.79
MRISunfold() return, current seed 1234
-01: dt=0.0000,  61 negative triangles  VmPeak 1694528
193: dt=0.9900,  61 negative triangles
194: dt=0.9900,  43 negative triangles
195: dt=0.9900,  36 negative triangles
196: dt=0.9900,  29 negative triangles
197: dt=0.9900,  18 negative triangles
198: dt=0.9900,  22 negative triangles
199: dt=0.9900,  14 negative triangles
200: dt=0.9900,   6 negative triangles
201: dt=0.9900,   9 negative triangles
202: dt=0.9900,   6 negative triangles
203: dt=0.9900,   6 negative triangles
204: dt=0.9900,   9 negative triangles
205: dt=0.9900,   6 negative triangles
206: dt=0.9900,   6 negative triangles
207: dt=0.9900,   9 negative triangles
208: dt=0.9900,   6 negative triangles
209: dt=0.9900,   6 negative triangles
210: dt=0.9405,   9 negative triangles
211: dt=0.9405,   6 negative triangles
212: dt=0.9405,   6 negative triangles
213: dt=0.9405,   9 negative triangles
214: dt=0.9405,   6 negative triangles
215: dt=0.9405,   6 negative triangles
216: dt=0.9405,   9 negative triangles
217: dt=0.9405,   6 negative triangles
218: dt=0.9405,   6 negative triangles
219: dt=0.9405,  10 negative triangles
220: dt=0.8935,   6 negative triangles
221: dt=0.8935,   6 negative triangles
222: dt=0.8935,   9 negative triangles
223: dt=0.8935,   5 negative triangles
224: dt=0.8935,   5 negative triangles
225: dt=0.8935,   5 negative triangles
226: dt=0.8935,   8 negative triangles
227: dt=0.8935,   5 negative triangles
228: dt=0.8935,   5 negative triangles
229: dt=0.8935,   5 negative triangles
230: dt=0.8935,   8 negative triangles
231: dt=0.8935,   4 negative triangles
232: dt=0.8935,   4 negative triangles
233: dt=0.8935,   4 negative triangles
234: dt=0.8935,   7 negative triangles
235: dt=0.8935,   3 negative triangles
236: dt=0.8935,   3 negative triangles
237: dt=0.8935,   3 negative triangles
238: dt=0.8935,   6 negative triangles
239: dt=0.8935,   3 negative triangles
240: dt=0.8935,   3 negative triangles
241: dt=0.8935,   3 negative triangles
242: dt=0.8935,   3 negative triangles
243: dt=0.8935,   6 negative triangles
244: dt=0.8935,   3 negative triangles
245: dt=0.8935,   2 negative triangles
246: dt=0.8935,   3 negative triangles
247: dt=0.8935,   3 negative triangles
248: dt=0.8935,   3 negative triangles
249: dt=0.8935,   3 negative triangles
250: dt=0.8935,   3 negative triangles
251: dt=0.8935,   6 negative triangles
252: dt=0.8935,   3 negative triangles
253: dt=0.8935,   1 negative triangles
254: dt=0.8935,   1 negative triangles
writing spherical brain to ../surf/lh.sphere
spherical transformation took 0.0820 hours
FSRUNTIME@ mris_sphere  0.0820 hours 16 threads
#VMPC# mris_sphere VmPeak  1694528
mris_sphere done
#--------------------------------------------
#@# Surf Reg lh Sun Mar  8 19:53:41 CET 2026
/out/sourcedata/freesurfer/sub-v1s14x0051566_ses-1/scripts

 mris_register -curv ../surf/lh.sphere /opt/freesurfer/average/lh.folding.atlas.acfb40.noaparc.i12.2016-08-02.tif ../surf/lh.sphere.reg 

using smoothwm curvature for final alignment

cwd /out/sourcedata/freesurfer/sub-v1s14x0051566_ses-1/scripts
cmdline mris_register -curv ../surf/lh.sphere /opt/freesurfer/average/lh.folding.atlas.acfb40.noaparc.i12.2016-08-02.tif ../surf/lh.sphere.reg 

0 inflated.H
1 sulc
2 smoothwm (computed)
7.3.2
  7.3.2
reading surface from ../surf/lh.sphere...
reading template parameterization from /opt/freesurfer/average/lh.folding.atlas.acfb40.noaparc.i12.2016-08-02.tif...
MRISregister() -------
max_passes = 4 
min_degrees = 0.500000 
max_degrees = 64.000000 
nangles = 8 
tol=5.0e-01, sigma=0.0, host=dna02, nav=1024, nbrs=1, l_extern=10000.000, l_parea=0.200, l_nlarea=1.000, l_corr=1.000, l_dist=5.000
using quadratic fit line minimization
complete_dist_mat 0
rms 0
smooth_averages 0
remove_neg 0
ico_order 0
which_surface 0
target_radius 0.000000
nfields 0
scale 0.000000
desired_rms_height -1.000000
momentum 0.950000
nbhd_size -10
max_nbrs 10
niterations 25
nsurfaces 0
SURFACES 3
flags 16 (10)
use curv 16
no sulc 0
no rigid align 0
mris->nsize 1
mris->hemisphere 0
randomSeed 0

tol=5.0e-01, sigma=0.0, host=dna02, nav=1024, nbrs=1, l_extern=10000.000, l_parea=0.200, l_nlarea=1.000, l_corr=1.000, l_dist=5.000
using quadratic fit line minimization
--------------------
1 Reading lh.sulc
tol=1.0e+00, sigma=0.5, host=dna02, nav=1024, nbrs=1, l_extern=10000.000, l_parea=0.200, l_nlarea=1.000, l_corr=0.050, l_spring=0.500, l_dist=5.000
using quadratic fit line minimization
curvature mean = 0.000, std = 5.580
curvature mean = 0.028, std = 0.817
curvature mean = 0.011, std = 0.848
Starting MRISrigidBodyAlignGlobal()
Starting new MRISrigidBodyAlignGlobal_findMinSSE()
  new MRISrigidBodyAlignGlobal_findMinSSE min @ (3.50, -8.50, 0.50) sse = 327543.9, elapsed since starting=0.1409 min
MRISrigidBodyAlignGlobal() done   0.14 min
curvature mean = 0.005, std = 0.828
curvature mean = 0.003, std = 0.939
curvature mean = 0.000, std = 0.834
curvature mean = 0.001, std = 0.975
curvature mean = -0.002, std = 0.835
curvature mean = 0.000, std = 0.989
2 Reading smoothwm
curvature mean = -0.019, std = 0.267
curvature mean = 0.041, std = 0.249
curvature mean = 0.044, std = 0.354
curvature mean = 0.037, std = 0.305
curvature mean = 0.028, std = 0.558
curvature mean = 0.037, std = 0.331
curvature mean = 0.016, std = 0.711
curvature mean = 0.037, std = 0.343
curvature mean = 0.005, std = 0.822
MRISregister() return, current seed 0
-01: dt=0.0000, 112 negative triangles  VmPeak 1641940
124: dt=0.9900, 112 negative triangles
125: dt=0.9900,  98 negative triangles
126: dt=0.9900,  95 negative triangles
127: dt=0.9900,  88 negative triangles
128: dt=0.9900,  84 negative triangles
129: dt=0.9900,  80 negative triangles
130: dt=0.9900,  89 negative triangles
131: dt=0.9900,  75 negative triangles
132: dt=0.9900,  75 negative triangles
133: dt=0.9900,  70 negative triangles
134: dt=0.9900,  74 negative triangles
135: dt=0.9900,  79 negative triangles
136: dt=0.9900,  70 negative triangles
137: dt=0.9900,  71 negative triangles
138: dt=0.9900,  77 negative triangles
139: dt=0.9900,  69 negative triangles
140: dt=0.9900,  70 negative triangles
141: dt=0.9900,  77 negative triangles
142: dt=0.9900,  74 negative triangles
143: dt=0.9900,  75 negative triangles
144: dt=0.9900,  74 negative triangles
145: dt=0.9900,  72 negative triangles
146: dt=0.9900,  65 negative triangles
147: dt=0.9900,  72 negative triangles
148: dt=0.9900,  70 negative triangles
149: dt=0.9900,  75 negative triangles
150: dt=0.9900,  68 negative triangles
151: dt=0.9900,  70 negative triangles
152: dt=0.9900,  70 negative triangles
153: dt=0.9900,  72 negative triangles
154: dt=0.9900,  73 negative triangles
155: dt=0.9900,  76 negative triangles
156: dt=0.9405,  71 negative triangles
157: dt=0.9405,  75 negative triangles
158: dt=0.9405,  78 negative triangles
159: dt=0.9405,  73 negative triangles
160: dt=0.9405,  66 negative triangles
161: dt=0.9405,  73 negative triangles
162: dt=0.9405,  71 negative triangles
163: dt=0.9405,  77 negative triangles
164: dt=0.9405,  74 negative triangles
165: dt=0.9405,  75 negative triangles
166: dt=0.8935,  74 negative triangles
167: dt=0.8935,  75 negative triangles
168: dt=0.8935,  73 negative triangles
169: dt=0.8935,  79 negative triangles
170: dt=0.8935,  82 negative triangles
171: dt=0.8935,  74 negative triangles
172: dt=0.8935,  70 negative triangles
173: dt=0.8935,  74 negative triangles
174: dt=0.8935,  75 negative triangles
175: dt=0.8935,  73 negative triangles
176: dt=0.8488,  75 negative triangles
177: dt=0.8488,  75 negative triangles
178: dt=0.8488,  77 negative triangles
179: dt=0.8488,  73 negative triangles
180: dt=0.8488,  77 negative triangles
181: dt=0.8488,  76 negative triangles
182: dt=0.8488,  78 negative triangles
183: dt=0.8488,  75 negative triangles
184: dt=0.8488,  79 negative triangles
185: dt=0.8488,  80 negative triangles
186: dt=0.8064,  68 negative triangles
187: dt=0.8064,  72 negative triangles
188: dt=0.8064,  76 negative triangles
189: dt=0.8064,  71 negative triangles
190: dt=0.8064,  71 negative triangles
191: dt=0.8064,  71 negative triangles
192: dt=0.8064,  68 negative triangles
193: dt=0.8064,  75 negative triangles
194: dt=0.8064,  73 negative triangles
195: dt=0.8064,  70 negative triangles
196: dt=0.7660,  74 negative triangles
expanding nbhd size to 1
197: dt=0.9900,  78 negative triangles
198: dt=0.9900,  67 negative triangles
199: dt=0.9900,  61 negative triangles
200: dt=0.9900,  60 negative triangles
201: dt=0.9900,  58 negative triangles
202: dt=0.9900,  58 negative triangles
203: dt=0.9900,  61 negative triangles
204: dt=0.9900,  59 negative triangles
205: dt=0.9900,  59 negative triangles
206: dt=0.9900,  60 negative triangles
207: dt=0.9900,  59 negative triangles
208: dt=0.9900,  56 negative triangles
209: dt=0.9900,  56 negative triangles
210: dt=0.9900,  55 negative triangles
211: dt=0.9900,  56 negative triangles
212: dt=0.9900,  55 negative triangles
213: dt=0.9900,  55 negative triangles
214: dt=0.9900,  54 negative triangles
215: dt=0.9900,  56 negative triangles
216: dt=0.9900,  56 negative triangles
217: dt=0.9900,  55 negative triangles
218: dt=0.9900,  55 negative triangles
219: dt=0.9900,  52 negative triangles
220: dt=0.9900,  52 negative triangles
221: dt=0.9900,  56 negative triangles
222: dt=0.9900,  54 negative triangles
223: dt=0.9900,  54 negative triangles
224: dt=0.9900,  52 negative triangles
225: dt=0.9900,  53 negative triangles
226: dt=0.9900,  53 negative triangles
227: dt=0.9900,  53 negative triangles
228: dt=0.9900,  51 negative triangles
229: dt=0.9900,  51 negative triangles
230: dt=0.9900,  52 negative triangles
231: dt=0.9900,  54 negative triangles
232: dt=0.9900,  52 negative triangles
233: dt=0.9900,  52 negative triangles
234: dt=0.9900,  51 negative triangles
235: dt=0.9900,  51 negative triangles
236: dt=0.9900,  52 negative triangles
237: dt=0.9900,  56 negative triangles
238: dt=0.9405,  57 negative triangles
239: dt=0.9405,  53 negative triangles
240: dt=0.9405,  54 negative triangles
241: dt=0.9405,  52 negative triangles
242: dt=0.9405,  53 negative triangles
243: dt=0.9405,  52 negative triangles
244: dt=0.9405,  53 negative triangles
245: dt=0.9405,  53 negative triangles
246: dt=0.9405,  52 negative triangles
247: dt=0.9405,  50 negative triangles
248: dt=0.9405,  50 negative triangles
249: dt=0.9405,  53 negative triangles
250: dt=0.9405,  53 negative triangles
251: dt=0.9405,  52 negative triangles
252: dt=0.9405,  50 negative triangles
253: dt=0.9405,  51 negative triangles
254: dt=0.9405,  52 negative triangles
255: dt=0.9405,  52 negative triangles
256: dt=0.9405,  50 negative triangles
257: dt=0.9405,  48 negative triangles
258: dt=0.9405,  49 negative triangles
259: dt=0.9405,  49 negative triangles
260: dt=0.9405,  48 negative triangles
261: dt=0.9405,  46 negative triangles
262: dt=0.9405,  47 negative triangles
263: dt=0.9405,  51 negative triangles
264: dt=0.9405,  52 negative triangles
265: dt=0.9405,  52 negative triangles
266: dt=0.9405,  48 negative triangles
267: dt=0.9405,  48 negative triangles
268: dt=0.9405,  47 negative triangles
269: dt=0.9405,  49 negative triangles
270: dt=0.9405,  50 negative triangles
271: dt=0.8935,  49 negative triangles
272: dt=0.8935,  51 negative triangles
273: dt=0.8935,  49 negative triangles
274: dt=0.8935,  48 negative triangles
275: dt=0.8935,  49 negative triangles
276: dt=0.8935,  51 negative triangles
277: dt=0.8935,  50 negative triangles
278: dt=0.8935,  49 negative triangles
279: dt=0.8935,  46 negative triangles
280: dt=0.8935,  48 negative triangles
281: dt=0.8488,  46 negative triangles
282: dt=0.8488,  49 negative triangles
283: dt=0.8488,  50 negative triangles
284: dt=0.8488,  50 negative triangles
285: dt=0.8488,  49 negative triangles
286: dt=0.8488,  49 negative triangles
287: dt=0.8488,  50 negative triangles
288: dt=0.8488,  52 negative triangles
289: dt=0.8488,  50 negative triangles
290: dt=0.8488,  46 negative triangles
291: dt=0.8488,  45 negative triangles
292: dt=0.8488,  46 negative triangles
293: dt=0.8488,  48 negative triangles
294: dt=0.8488,  47 negative triangles
295: dt=0.8488,  46 negative triangles
296: dt=0.8488,  47 negative triangles
297: dt=0.8488,  47 negative triangles
298: dt=0.8488,  46 negative triangles
299: dt=0.8488,  44 negative triangles
300: dt=0.8488,  45 negative triangles
301: dt=0.8488,  43 negative triangles
302: dt=0.8488,  43 negative triangles
303: dt=0.8488,  47 negative triangles
304: dt=0.8488,  48 negative triangles
305: dt=0.8488,  45 negative triangles
306: dt=0.8488,  44 negative triangles
307: dt=0.8488,  44 negative triangles
308: dt=0.8488,  43 negative triangles
309: dt=0.8488,  43 negative triangles
310: dt=0.8488,  44 negative triangles
311: dt=0.8064,  44 negative triangles
312: dt=0.8064,  44 negative triangles
313: dt=0.8064,  43 negative triangles
314: dt=0.8064,  43 negative triangles
315: dt=0.8064,  48 negative triangles
316: dt=0.8064,  46 negative triangles
317: dt=0.8064,  45 negative triangles
318: dt=0.8064,  42 negative triangles
319: dt=0.8064,  42 negative triangles
320: dt=0.8064,  42 negative triangles
321: dt=0.8064,  44 negative triangles
322: dt=0.8064,  47 negative triangles
323: dt=0.8064,  44 negative triangles
324: dt=0.8064,  42 negative triangles
325: dt=0.8064,  42 negative triangles
326: dt=0.8064,  42 negative triangles
327: dt=0.8064,  46 negative triangles
328: dt=0.7660,  43 negative triangles
329: dt=0.7660,  42 negative triangles
330: dt=0.7660,  41 negative triangles
331: dt=0.7660,  40 negative triangles
332: dt=0.7660,  42 negative triangles
333: dt=0.7660,  41 negative triangles
334: dt=0.7660,  38 negative triangles
335: dt=0.7660,  38 negative triangles
336: dt=0.7660,  37 negative triangles
337: dt=0.7660,  39 negative triangles
338: dt=0.7660,  40 negative triangles
339: dt=0.7660,  38 negative triangles
340: dt=0.7660,  39 negative triangles
341: dt=0.7660,  41 negative triangles
342: dt=0.7660,  39 negative triangles
343: dt=0.7660,  39 negative triangles
344: dt=0.7660,  38 negative triangles
345: dt=0.7660,  37 negative triangles
346: dt=0.7277,  38 negative triangles
347: dt=0.7277,  41 negative triangles
348: dt=0.7277,  39 negative triangles
349: dt=0.7277,  40 negative triangles
350: dt=0.7277,  39 negative triangles
351: dt=0.7277,  38 negative triangles
352: dt=0.7277,  37 negative triangles
353: dt=0.7277,  37 negative triangles
354: dt=0.7277,  37 negative triangles
355: dt=0.7277,  40 negative triangles
356: dt=0.6914,  40 negative triangles
357: dt=0.6914,  37 negative triangles
358: dt=0.6914,  37 negative triangles
359: dt=0.6914,  36 negative triangles
360: dt=0.6914,  37 negative triangles
361: dt=0.6914,  35 negative triangles
362: dt=0.6914,  35 negative triangles
363: dt=0.6914,  36 negative triangles
364: dt=0.6914,  36 negative triangles
365: dt=0.6914,  35 negative triangles
366: dt=0.6914,  37 negative triangles
367: dt=0.6914,  36 negative triangles
368: dt=0.6914,  36 negative triangles
369: dt=0.6914,  38 negative triangles
370: dt=0.6914,  37 negative triangles
371: dt=0.6568,  37 negative triangles
372: dt=0.6568,  35 negative triangles
373: dt=0.6568,  36 negative triangles
374: dt=0.6568,  35 negative triangles
375: dt=0.6568,  35 negative triangles
376: dt=0.6568,  33 negative triangles
377: dt=0.6568,  34 negative triangles
378: dt=0.6568,  33 negative triangles
379: dt=0.6568,  30 negative triangles
380: dt=0.6568,  29 negative triangles
381: dt=0.6568,  30 negative triangles
382: dt=0.6568,  29 negative triangles
383: dt=0.6568,  30 negative triangles
384: dt=0.6568,  31 negative triangles
385: dt=0.6568,  31 negative triangles
386: dt=0.6568,  31 negative triangles
387: dt=0.6568,  29 negative triangles
388: dt=0.6568,  29 negative triangles
389: dt=0.6568,  28 negative triangles
390: dt=0.6568,  26 negative triangles
391: dt=0.6568,  26 negative triangles
392: dt=0.6568,  25 negative triangles
393: dt=0.6568,  24 negative triangles
394: dt=0.6568,  24 negative triangles
395: dt=0.6568,  23 negative triangles
396: dt=0.6568,  26 negative triangles
397: dt=0.6568,  23 negative triangles
398: dt=0.6568,  24 negative triangles
399: dt=0.6568,  23 negative triangles
400: dt=0.6568,  21 negative triangles
401: dt=0.6568,  21 negative triangles
402: dt=0.6568,  24 negative triangles
403: dt=0.6568,  25 negative triangles
404: dt=0.6568,  23 negative triangles
405: dt=0.6568,  24 negative triangles
406: dt=0.6568,  20 negative triangles
407: dt=0.6568,  21 negative triangles
408: dt=0.6568,  16 negative triangles
409: dt=0.6568,  17 negative triangles
410: dt=0.6568,  18 negative triangles
411: dt=0.6568,  17 negative triangles
412: dt=0.6568,  14 negative triangles
413: dt=0.6568,  18 negative triangles
414: dt=0.6568,  17 negative triangles
415: dt=0.6568,  16 negative triangles
416: dt=0.6568,  15 negative triangles
417: dt=0.6568,  14 negative triangles
418: dt=0.6568,  13 negative triangles
419: dt=0.6568,  14 negative triangles
420: dt=0.6568,  15 negative triangles
421: dt=0.6568,  13 negative triangles
422: dt=0.6568,  16 negative triangles
423: dt=0.6568,  12 negative triangles
424: dt=0.6568,  12 negative triangles
425: dt=0.6568,   9 negative triangles
426: dt=0.6568,   9 negative triangles
427: dt=0.6568,  10 negative triangles
428: dt=0.6568,  10 negative triangles
429: dt=0.6568,   8 negative triangles
430: dt=0.6568,   6 negative triangles
431: dt=0.6568,   6 negative triangles
432: dt=0.6568,   7 negative triangles
433: dt=0.6568,   8 negative triangles
434: dt=0.6568,   5 negative triangles
435: dt=0.6568,   6 negative triangles
436: dt=0.6568,   4 negative triangles
437: dt=0.6568,   6 negative triangles
438: dt=0.6568,   4 negative triangles
439: dt=0.6568,   4 negative triangles
440: dt=0.6568,   3 negative triangles
441: dt=0.6568,   2 negative triangles
442: dt=0.6568,   2 negative triangles
443: dt=0.6568,   3 negative triangles
444: dt=0.6568,   2 negative triangles
writing registered surface to ../surf/lh.sphere.reg...
registration took 0.11 hours
#VMPC# mris_register VmPeak  1641940
FSRUNTIME@ mris_register  0.1067 hours 16 threads

 ln -sf lh.sphere.reg lh.fsaverage.sphere.reg 

#--------------------------------------------
#@# Jacobian white lh Sun Mar  8 20:00:05 CET 2026
/out/sourcedata/freesurfer/sub-v1s14x0051566_ses-1/scripts

 mris_jacobian ../surf/lh.white.preaparc ../surf/lh.sphere.reg ../surf/lh.jacobian_white 

reading surface from ../surf/lh.white.preaparc...
writing curvature file ../surf/lh.jacobian_white
#--------------------------------------------
#@# AvgCurv lh Sun Mar  8 20:00:06 CET 2026
/out/sourcedata/freesurfer/sub-v1s14x0051566_ses-1/scripts

 mrisp_paint -a 5 /opt/freesurfer/average/lh.folding.atlas.acfb40.noaparc.i12.2016-08-02.tif#6 ../surf/lh.sphere.reg ../surf/lh.avg_curv 

averaging curvature patterns 5 times...
reading surface from ../surf/lh.sphere.reg...
reading template parameterization from /opt/freesurfer/average/lh.folding.atlas.acfb40.noaparc.i12.2016-08-02.tif...
writing curvature file to ../surf/lh.avg_curv...
#-----------------------------------------
#@# Cortical Parc lh Sun Mar  8 20:00:07 CET 2026
/out/sourcedata/freesurfer/sub-v1s14x0051566_ses-1/scripts

 mris_ca_label -l ../label/lh.cortex.label -aseg ../mri/aseg.presurf.mgz -seed 1234 sub-v1s14x0051566_ses-1 lh ../surf/lh.sphere.reg /opt/freesurfer/average/lh.DKaparc.atlas.acfb40.noaparc.i12.2016-08-02.gcs ../label/lh.aparc.annot 

setting seed for random number generator to 1234
using ../mri/aseg.presurf.mgz aseg volume to correct midline
7.3.2
  7.3.2
reading atlas from /opt/freesurfer/average/lh.DKaparc.atlas.acfb40.noaparc.i12.2016-08-02.gcs...
reading color table from GCSA file....
average std = 0.8   using min determinant for regularization = 0.006
0 singular and 342 ill-conditioned covariance matrices regularized
input 0: MEAN CURVATURE, flags 0, avgs 5, name mean_curvature
labeling surface...
1429 labels changed using aseg
relabeling using gibbs priors...
000:   3606 changed, 166575 examined...
001:    864 changed, 15032 examined...
002:    201 changed, 4835 examined...
003:     72 changed, 1239 examined...
004:     22 changed, 435 examined...
005:      7 changed, 146 examined...
006:      6 changed, 42 examined...
007:      6 changed, 35 examined...
008:      3 changed, 36 examined...
009:      2 changed, 19 examined...
010:      0 changed, 13 examined...
265 labels changed using aseg
000: 127 total segments, 85 labels (337 vertices) changed
001: 43 total segments, 4 labels (12 vertices) changed
002: 39 total segments, 0 labels (0 vertices) changed
10 filter iterations complete (10 requested, 9 changed)
rationalizing unknown annotations with cortex label
relabeling unknown label...
relabeling corpuscallosum label...
2682 vertices marked for relabeling...
2682 labels changed in reclassification.
writing output to ../label/lh.aparc.annot...
classification took 0 minutes and 11 seconds.
#--------------------------------------------
#@# WhiteSurfs lh Sun Mar  8 20:00:19 CET 2026
cd /out/sourcedata/freesurfer/sub-v1s14x0051566_ses-1/mri
mris_place_surface --adgws-in ../surf/autodet.gw.stats.lh.dat --seg aseg.presurf.mgz --threads 16 --wm wm.mgz --invol brain.finalsurfs.mgz --lh --i ../surf/lh.white.preaparc --o ../surf/lh.white --white --nsmooth 0 --rip-label ../label/lh.cortex.label --rip-bg --rip-surf ../surf/lh.white.preaparc --aparc ../label/lh.aparc.annot
7.3.2
7.3.2

cd /out/sourcedata/freesurfer/sub-v1s14x0051566_ses-1/mri
setenv SUBJECTS_DIR /out/sourcedata/freesurfer
mris_place_surface --adgws-in ../surf/autodet.gw.stats.lh.dat --seg aseg.presurf.mgz --threads 16 --wm wm.mgz --invol brain.finalsurfs.mgz --lh --i ../surf/lh.white.preaparc --o ../surf/lh.white --white --nsmooth 0 --rip-label ../label/lh.cortex.label --rip-bg --rip-surf ../surf/lh.white.preaparc --aparc ../label/lh.aparc.annot 

Reading in input surface ../surf/lh.white.preaparc
Not smoothing input surface
Area    333146  0.33445  0.11683 0.000833   2.5168
Corner  999438 60.00000 14.07265 0.542651 178.2575
Edge    499719  0.88990  0.19311 0.032957   3.6796
Hinge   499719 10.17394 12.05592 0.000023 179.9823
Reading in aparc ../label/lh.aparc.annot
Reading in input volume brain.finalsurfs.mgz
Reading in wm volume wm.mgz
MRIclipBrightWM(): nthresh=24721, wmmin=5, clip=110 
MRIfindBrightNonWM(): 601 bright non-wm voxels segmented.
Masking bright non-wm for white surface
MRImask(): AllowDiffGeom = 1
MRImask(): AllowDiffGeom = 1
Reading in seg volume aseg.presurf.mgz
Ripping frozen voxels
Ripping vertices not in label ../label/lh.cortex.label
MRISripNotLabel() ripped 9198/166575 vertices (157377 unripped)
Reading in ripping surface ../surf/lh.white.preaparc
Reading in aparc ../label/lh.aparc.annot for ripsurf
Ripping BG
MRISripBasalGanglia(): 1 -2 2 0.5 ripped 357
Ripping segs (eg, WMSA, BG, frozen)
Starting MRISripSegs() d = (-2 2 0.5) segnos: 247 
MRISripSegs(): -2 2 0.5 ripped 0
vertex 83288: xyz = (-62.0962,-6.46657,-5.30914) oxyz = (-62.0962,-6.46657,-5.30914) wxzy = (-62.0962,-6.46657,-5.30914) pxyz = (0,0,0) 
CBVO Creating mask 166575
n_averages 4
Iteration 0 =========================================
n_averages=4, current_sigma=2
Computing target border values 
Entering MRIScomputeBorderValues_new(): 
  inside_hi   = 120.0000000;
  border_hi   = 109.5287860;
  border_low  =  70.0000000;
  outside_low =  58.4109420;
  outside_hi  = 109.5287860;
  sigma = 2;
  max_thickness = 10;
  step_size=0.5;
  STEP_SIZE=0.1;
  which = 1
  thresh = 0
  flags = 0
  CBVfindFirstPeakD1=0
  CBVfindFirstPeakD2=0
  nvertices=166575
  Gdiag_no=-1
  vno start=0, stop=166575
Replacing 255s with 0s
#SI# sigma=2 had to be increased for 264 vertices, nripped=9555
mean border=83.5, 186 (186) missing vertices, mean dist 0.3 [0.8 (%25.5)->0.7 (%74.5))]
%57 local maxima, %37 large gradients and % 0 min vals, 0 gradients ignored
nFirstPeakD1 0
MRIScomputeBorderValues_new() finished in 0.0146 min


Finding expansion regions
mean absolute distance = 0.69 +- 1.04
3601 vertices more than 2 sigmas from mean.
Averaging target values for 5 iterations...
Positioning Surface: tspring = 0.3, nspring = 0.3, spring = 0, niters = 100 l_repulse = 5, l_surf_repulse = 0, checktol = 0
Positioning pial surface
Entering MRISpositionSurface()
  max_mm = 0.3
  MAX_REDUCTIONS = 2, REDUCTION_PCT = 0.5
  parms->check_tol = 0, niterations = 100
tol=1.0e-04, sigma=2.0, host=dna02, nav=4, nbrs=2, l_repulse=5.000, l_tspring=0.300, l_nspring=0.300, l_intensity=0.200, l_curv=1.000
mom=0.00, dt=0.50
complete_dist_mat 0
rms 0
smooth_averages 0
remove_neg 0
ico_order 0
which_surface 0
target_radius 0.000000
nfields 0
scale 0.000000
desired_rms_height 0.000000
momentum 0.000000
nbhd_size 0
max_nbrs 0
niterations 100
nsurfaces 0
SURFACES 3
flags 0 (0)
use curv 0
no sulc 0
no rigid align 0
mris->nsize 2
mris->hemisphere 0
randomSeed 0

000: dt: 0.0000, sse=1650844.0, rms=6.672
001: dt: 0.5000, sse=786113.5, rms=4.179 (37.359%)
002: dt: 0.5000, sse=522647.7, rms=3.020 (27.743%)
003: dt: 0.5000, sse=454837.8, rms=2.627 (13.019%)
004: dt: 0.5000, sse=434575.0, rms=2.452 (6.636%)
rms = 2.4602/2.4523, sse=433841.7/434575.0, time step reduction 1 of 3 to 0.250  0 0 1
   RMS increased, rejecting step
005: dt: 0.2500, sse=341471.9, rms=1.773 (27.719%)
006: dt: 0.2500, sse=309536.0, rms=1.408 (20.592%)
007: dt: 0.2500, sse=300829.7, rms=1.305 (7.262%)
rms = 1.2574/1.3053, sse=294151.5/300829.6, time step reduction 2 of 3 to 0.125  0 0 1
008: dt: 0.2500, sse=294151.5, rms=1.257 (3.674%)
rms = 1.2079/1.2574, sse=288953.3/294151.5, time step reduction 3 of 3 to 0.062  0 0 1
009: dt: 0.1250, sse=288953.3, rms=1.208 (3.931%)
  maximum number of reductions reached, breaking from loop
positioning took 1.0 minutes
Iteration 1 =========================================
n_averages=2, current_sigma=1
Computing target border values 
Entering MRIScomputeBorderValues_new(): 
  inside_hi   = 120.0000000;
  border_hi   = 109.5287860;
  border_low  =  70.0000000;
  outside_low =  58.4109420;
  outside_hi  = 109.5287860;
  sigma = 1;
  max_thickness = 10;
  step_size=0.5;
  STEP_SIZE=0.1;
  which = 1
  thresh = 0
  flags = 0
  CBVfindFirstPeakD1=0
  CBVfindFirstPeakD2=0
  nvertices=166575
  Gdiag_no=-1
  vno start=0, stop=166575
Replacing 255s with 0s
#SI# sigma=1 had to be increased for 298 vertices, nripped=9555
mean border=85.1, 104 (49) missing vertices, mean dist -0.2 [0.5 (%59.8)->0.2 (%40.2))]
%64 local maxima, %30 large gradients and % 0 min vals, 0 gradients ignored
nFirstPeakD1 0
MRIScomputeBorderValues_new() finished in 0.0114 min


Finding expansion regions
mean absolute distance = 0.41 +- 0.75
5021 vertices more than 2 sigmas from mean.
Averaging target values for 5 iterations...
Positioning Surface: tspring = 0.3, nspring = 0.3, spring = 0, niters = 100 l_repulse = 5, l_surf_repulse = 0, checktol = 0
Positioning pial surface
Entering MRISpositionSurface()
  max_mm = 0.3
  MAX_REDUCTIONS = 2, REDUCTION_PCT = 0.5
  parms->check_tol = 0, niterations = 100
tol=1.0e-04, sigma=1.0, host=dna02, nav=2, nbrs=2, l_repulse=5.000, l_tspring=0.300, l_nspring=0.300, l_intensity=0.200, l_curv=1.000
mom=0.00, dt=0.50
000: dt: 0.0000, sse=681476.9, rms=3.667
010: dt: 0.5000, sse=455612.8, rms=2.445 (33.320%)
011: dt: 0.5000, sse=414966.8, rms=2.165 (11.457%)
rms = 2.1308/2.1652, sse=402535.9/414966.8, time step reduction 1 of 3 to 0.250  0 0 1
012: dt: 0.5000, sse=402535.9, rms=2.131 (1.590%)
013: dt: 0.2500, sse=317765.2, rms=1.259 (40.904%)
014: dt: 0.2500, sse=310791.1, rms=1.090 (13.426%)
015: dt: 0.2500, sse=297739.8, rms=1.039 (4.727%)
rms = 1.0161/1.0386, sse=293926.0/297739.8, time step reduction 2 of 3 to 0.125  0 0 1
016: dt: 0.2500, sse=293926.0, rms=1.016 (2.173%)
rms = 0.9821/1.0161, sse=291916.5/293926.0, time step reduction 3 of 3 to 0.062  0 0 1
017: dt: 0.1250, sse=291916.5, rms=0.982 (3.338%)
  maximum number of reductions reached, breaking from loop
positioning took 0.9 minutes
Iteration 2 =========================================
n_averages=1, current_sigma=0.5
Computing target border values 
Entering MRIScomputeBorderValues_new(): 
  inside_hi   = 120.0000000;
  border_hi   = 109.5287860;
  border_low  =  70.0000000;
  outside_low =  58.4109420;
  outside_hi  = 109.5287860;
  sigma = 0.5;
  max_thickness = 10;
  step_size=0.5;
  STEP_SIZE=0.1;
  which = 1
  thresh = 0
  flags = 0
  CBVfindFirstPeakD1=0
  CBVfindFirstPeakD2=0
  nvertices=166575
  Gdiag_no=-1
  vno start=0, stop=166575
Replacing 255s with 0s
#SI# sigma=0.5 had to be increased for 459 vertices, nripped=9555
mean border=86.9, 160 (34) missing vertices, mean dist -0.2 [0.4 (%66.3)->0.2 (%33.7))]
%75 local maxima, %20 large gradients and % 0 min vals, 0 gradients ignored
nFirstPeakD1 0
MRIScomputeBorderValues_new() finished in 0.0089 min


Finding expansion regions
mean absolute distance = 0.34 +- 0.54
5828 vertices more than 2 sigmas from mean.
Averaging target values for 5 iterations...
Positioning Surface: tspring = 0.3, nspring = 0.3, spring = 0, niters = 100 l_repulse = 5, l_surf_repulse = 0, checktol = 0
Positioning pial surface
Entering MRISpositionSurface()
  max_mm = 0.3
  MAX_REDUCTIONS = 2, REDUCTION_PCT = 0.5
  parms->check_tol = 0, niterations = 100
tol=1.0e-04, sigma=0.5, host=dna02, nav=1, nbrs=2, l_repulse=5.000, l_tspring=0.300, l_nspring=0.300, l_intensity=0.200, l_curv=1.000
mom=0.00, dt=0.50
000: dt: 0.0000, sse=552765.9, rms=3.088
018: dt: 0.5000, sse=406961.4, rms=2.050 (33.612%)
019: dt: 0.5000, sse=400501.6, rms=1.972 (3.826%)
rms = 2.0282/1.9719, sse=393565.4/400501.6, time step reduction 1 of 3 to 0.250  0 0 1
   RMS increased, rejecting step
020: dt: 0.2500, sse=320619.8, rms=1.372 (30.440%)
021: dt: 0.2500, sse=296735.2, rms=1.040 (24.149%)
022: dt: 0.2500, sse=296102.4, rms=0.986 (5.233%)
rms = 0.9662/0.9860, sse=292064.5/296102.4, time step reduction 2 of 3 to 0.125  0 0 1
023: dt: 0.2500, sse=292064.5, rms=0.966 (2.005%)
rms = 0.9252/0.9662, sse=291283.4/292064.5, time step reduction 3 of 3 to 0.062  0 0 1
024: dt: 0.1250, sse=291283.4, rms=0.925 (4.244%)
  maximum number of reductions reached, breaking from loop
positioning took 0.8 minutes
Iteration 3 =========================================
n_averages=0, current_sigma=0.25
Computing target border values 
Entering MRIScomputeBorderValues_new(): 
  inside_hi   = 120.0000000;
  border_hi   = 109.5287860;
  border_low  =  70.0000000;
  outside_low =  58.4109420;
  outside_hi  = 109.5287860;
  sigma = 0.25;
  max_thickness = 10;
  step_size=0.5;
  STEP_SIZE=0.1;
  which = 1
  thresh = 0
  flags = 0
  CBVfindFirstPeakD1=0
  CBVfindFirstPeakD2=0
  nvertices=166575
  Gdiag_no=-1
  vno start=0, stop=166575
Replacing 255s with 0s
#SI# sigma=0.25 had to be increased for 470 vertices, nripped=9555
mean border=87.6, 242 (31) missing vertices, mean dist -0.1 [0.3 (%57.9)->0.2 (%42.1))]
%79 local maxima, %15 large gradients and % 0 min vals, 0 gradients ignored
nFirstPeakD1 0
MRIScomputeBorderValues_new() finished in 0.0044 min


Finding expansion regions
mean absolute distance = 0.28 +- 0.44
4706 vertices more than 2 sigmas from mean.
Averaging target values for 5 iterations...
Positioning Surface: tspring = 0.3, nspring = 0.3, spring = 0, niters = 100 l_repulse = 5, l_surf_repulse = 0, checktol = 0
Positioning pial surface
Entering MRISpositionSurface()
  max_mm = 0.3
  MAX_REDUCTIONS = 2, REDUCTION_PCT = 0.5
  parms->check_tol = 0, niterations = 100
tol=1.0e-04, sigma=0.2, host=dna02, nav=0, nbrs=2, l_repulse=5.000, l_tspring=0.300, l_nspring=0.300, l_intensity=0.200, l_curv=1.000
mom=0.00, dt=0.50
000: dt: 0.0000, sse=347455.5, rms=1.671
025: dt: 0.5000, sse=328144.3, rms=1.386 (17.072%)
rms = 1.5947/1.3861, sse=344191.9/328144.3, time step reduction 1 of 3 to 0.250  0 1 1
   RMS increased, rejecting step
026: dt: 0.2500, sse=292706.4, rms=0.969 (30.060%)
027: dt: 0.2500, sse=292293.3, rms=0.885 (8.754%)
028: dt: 0.2500, sse=286855.8, rms=0.824 (6.902%)
rms = 0.8615/0.8235, sse=284302.7/286855.8, time step reduction 2 of 3 to 0.125  0 0 1
   RMS increased, rejecting step
rms = 0.7802/0.8235, sse=282349.2/286855.8, time step reduction 3 of 3 to 0.062  0 0 1
029: dt: 0.1250, sse=282349.2, rms=0.780 (5.255%)
  maximum number of reductions reached, breaking from loop
positioning took 0.6 minutes


Writing output to ../surf/lh.white
#ET# mris_place_surface  3.43 minutes
#VMPC# mris_place_surfaces VmPeak  3290928
mris_place_surface done
#--------------------------------------------
#@# T1PialSurf lh Sun Mar  8 20:03:52 CET 2026
cd /out/sourcedata/freesurfer/sub-v1s14x0051566_ses-1/mri
mris_place_surface --adgws-in ../surf/autodet.gw.stats.lh.dat --seg aseg.presurf.mgz --threads 16 --wm wm.mgz --invol brain.finalsurfs.mgz --lh --i ../surf/lh.white --o ../surf/lh.pial.T1 --pial --nsmooth 0 --rip-label ../label/lh.cortex+hipamyg.label --pin-medial-wall ../label/lh.cortex.label --aparc ../label/lh.aparc.annot --repulse-surf ../surf/lh.white --white-surf ../surf/lh.white
7.3.2
7.3.2

cd /out/sourcedata/freesurfer/sub-v1s14x0051566_ses-1/mri
setenv SUBJECTS_DIR /out/sourcedata/freesurfer
mris_place_surface --adgws-in ../surf/autodet.gw.stats.lh.dat --seg aseg.presurf.mgz --threads 16 --wm wm.mgz --invol brain.finalsurfs.mgz --lh --i ../surf/lh.white --o ../surf/lh.pial.T1 --pial --nsmooth 0 --rip-label ../label/lh.cortex+hipamyg.label --pin-medial-wall ../label/lh.cortex.label --aparc ../label/lh.aparc.annot --repulse-surf ../surf/lh.white --white-surf ../surf/lh.white 

Reading in input surface ../surf/lh.white
Not smoothing input surface
Area    333146  0.33582  0.12845 0.000833   2.5168
Corner  999438 60.00000 15.22701 0.375158 178.8358
Edge    499719  0.89303  0.21026 0.016587   3.5482
Hinge   499719 10.21011 12.05479 0.000018 179.8154
Reading white surface coordinates from ../surf/lh.white
Reading repulsion surface coordinates from ../surf/lh.white
Reading in aparc ../label/lh.aparc.annot
Reading in input volume brain.finalsurfs.mgz
Reading in wm volume wm.mgz
MRIclipBrightWM(): nthresh=24721, wmmin=5, clip=110 
MRIfindBrightNonWM(): 601 bright non-wm voxels segmented.
Masking bright non-wm for pial surface mid_gray = 64.852
MRImask(): AllowDiffGeom = 1
MRImask(): AllowDiffGeom = 1
MRImask(): AllowDiffGeom = 1
Reading in seg volume aseg.presurf.mgz
Ripping frozen voxels
Ripping vertices not in label ../label/lh.cortex+hipamyg.label
MRISripNotLabel() ripped 6474/166575 vertices (160101 unripped)
INFO: rip surface needed but not specified, so using input surface
Ripping segs (eg, WMSA, BG, frozen)
Starting MRISripSegs() d = (-2 2 0.5) segnos: 247 
MRISripSegs(): -2 2 0.5 ripped 0
vertex 83288: xyz = (-62.1924,-6.41196,-5.41255) oxyz = (-62.1924,-6.41196,-5.41255) wxzy = (-62.1924,-6.41196,-5.41255) pxyz = (-62.1924,-6.41196,-5.41255) 
CBVO Creating mask 166575
n_averages 16
Iteration 0 =========================================
n_averages=16, current_sigma=2
Computing target border values 
Entering MRIScomputeBorderValues_new(): 
  inside_hi   =  94.4712140;
  border_hi   =  58.4109420;
  border_low  =  35.2328340;
  outside_low =  10.0000000;
  outside_hi  =  52.6164170;
  sigma = 2;
  max_thickness = 10;
  step_size=0.5;
  STEP_SIZE=0.1;
  which = 2
  thresh = 0
  flags = 0
  CBVfindFirstPeakD1=0
  CBVfindFirstPeakD2=0
  nvertices=166575
  Gdiag_no=-1
  vno start=0, stop=166575
Replacing 255s with 0s
#SI# sigma=2 had to be increased for 438 vertices, nripped=6474
mean border=57.6, 230 (230) missing vertices, mean dist 1.4 [0.0 (%0.0)->2.5 (%100.0))]
%11 local maxima, %43 large gradients and %42 min vals, 0 gradients ignored
nFirstPeakD1 0
MRIScomputeBorderValues_new() finished in 0.0138 min


Averaging target values for 5 iterations...
Positioning Surface: tspring = 0.3, nspring = 0.3, spring = 0, niters = 100 l_repulse = 0, l_surf_repulse = 5, checktol = 0
Positioning pial surface
Entering MRISpositionSurface()
  max_mm = 0.3
  MAX_REDUCTIONS = 2, REDUCTION_PCT = 0.5
  parms->check_tol = 0, niterations = 100
tol=1.0e-04, sigma=2.0, host=dna02, nav=16, nbrs=2, l_surf_repulse=5.000, l_tspring=0.300, l_nspring=0.300, l_intensity=0.200, l_curv=1.000
mom=0.00, dt=0.50
complete_dist_mat 0
rms 0
smooth_averages 0
remove_neg 0
ico_order 0
which_surface 0
target_radius 0.000000
nfields 0
scale 0.000000
desired_rms_height 0.000000
momentum 0.000000
nbhd_size 0
max_nbrs 0
niterations 100
nsurfaces 0
SURFACES 3
flags 0 (0)
use curv 0
no sulc 0
no rigid align 0
mris->nsize 2
mris->hemisphere 0
randomSeed 0

000: dt: 0.0000, sse=31133408.0, rms=31.084
001: dt: 0.5000, sse=23056486.0, rms=26.714 (14.061%)
002: dt: 0.5000, sse=16809264.0, rms=22.764 (14.786%)
003: dt: 0.5000, sse=12399542.0, rms=19.498 (14.344%)
004: dt: 0.5000, sse=9580656.0, rms=17.086 (12.372%)
005: dt: 0.5000, sse=7759151.5, rms=15.326 (10.303%)
006: dt: 0.5000, sse=6325270.0, rms=13.782 (10.073%)
007: dt: 0.5000, sse=5157794.5, rms=12.383 (10.150%)
008: dt: 0.5000, sse=4099675.8, rms=10.961 (11.481%)
009: dt: 0.5000, sse=3223560.8, rms=9.626 (12.181%)
010: dt: 0.5000, sse=2465370.8, rms=8.299 (13.791%)
011: dt: 0.5000, sse=1938171.2, rms=7.233 (12.847%)
012: dt: 0.5000, sse=1541709.4, rms=6.313 (12.721%)
013: dt: 0.5000, sse=1355571.5, rms=5.829 (7.666%)
014: dt: 0.5000, sse=1217356.2, rms=5.441 (6.649%)
015: dt: 0.5000, sse=1176393.2, rms=5.318 (2.260%)
016: dt: 0.5000, sse=1120615.2, rms=5.148 (3.199%)
rms = 5.1649/5.1479, sse=1127352.4/1120615.3, time step reduction 1 of 3 to 0.250  0 1 1
   RMS increased, rejecting step
017: dt: 0.2500, sse=866549.3, rms=4.293 (16.599%)
018: dt: 0.2500, sse=800302.2, rms=4.038 (5.960%)
rms = 4.0062/4.0375, sse=792913.3/800302.2, time step reduction 2 of 3 to 0.125  0 0 1
019: dt: 0.2500, sse=792913.3, rms=4.006 (0.775%)
020: dt: 0.1250, sse=704503.2, rms=3.639 (9.160%)
rms = 3.5903/3.6392, sse=693474.4/704503.2, time step reduction 3 of 3 to 0.062  0 0 1
021: dt: 0.1250, sse=693474.4, rms=3.590 (1.344%)
  maximum number of reductions reached, breaking from loop
positioning took 2.1 minutes
Iteration 1 =========================================
n_averages=8, current_sigma=1
Computing target border values 
Entering MRIScomputeBorderValues_new(): 
  inside_hi   =  94.4712140;
  border_hi   =  58.4109420;
  border_low  =  35.2328340;
  outside_low =  10.0000000;
  outside_hi  =  52.6164170;
  sigma = 1;
  max_thickness = 10;
  step_size=0.5;
  STEP_SIZE=0.1;
  which = 2
  thresh = 0
  flags = 0
  CBVfindFirstPeakD1=0
  CBVfindFirstPeakD2=0
  nvertices=166575
  Gdiag_no=-1
  vno start=0, stop=166575
Replacing 255s with 0s
#SI# sigma=1 had to be increased for 13637 vertices, nripped=6474
mean border=56.6, 2472 (64) missing vertices, mean dist 0.1 [0.1 (%53.4)->0.5 (%46.6))]
%18 local maxima, %38 large gradients and %39 min vals, 0 gradients ignored
nFirstPeakD1 0
MRIScomputeBorderValues_new() finished in 0.0044 min


Averaging target values for 5 iterations...
Positioning Surface: tspring = 0.3, nspring = 0.3, spring = 0, niters = 100 l_repulse = 0, l_surf_repulse = 5, checktol = 0
Positioning pial surface
Entering MRISpositionSurface()
  max_mm = 0.3
  MAX_REDUCTIONS = 2, REDUCTION_PCT = 0.5
  parms->check_tol = 0, niterations = 100
tol=1.0e-04, sigma=1.0, host=dna02, nav=8, nbrs=2, l_surf_repulse=5.000, l_tspring=0.300, l_nspring=0.300, l_intensity=0.200, l_curv=1.000
mom=0.00, dt=0.50
000: dt: 0.0000, sse=887942.6, rms=4.173
rms = 4.6886/4.1735, sse=1033993.4/887942.6, time step reduction 1 of 3 to 0.250  0 1 1
   RMS increased, rejecting step
022: dt: 0.2500, sse=794630.0, rms=3.805 (8.820%)
023: dt: 0.2500, sse=769639.1, rms=3.700 (2.782%)
rms = 3.7677/3.6995, sse=785816.2/769639.1, time step reduction 2 of 3 to 0.125  0 1 1
   RMS increased, rejecting step
024: dt: 0.1250, sse=751002.5, rms=3.619 (2.180%)
025: dt: 0.1250, sse=730460.6, rms=3.527 (2.538%)
rms = 3.4791/3.5270, sse=719853.0/730460.6, time step reduction 3 of 3 to 0.062  0 0 1
026: dt: 0.1250, sse=719853.0, rms=3.479 (1.361%)
  maximum number of reductions reached, breaking from loop
positioning took 0.6 minutes
Iteration 2 =========================================
n_averages=4, current_sigma=0.5
Computing target border values 
Entering MRIScomputeBorderValues_new(): 
  inside_hi   =  94.4712140;
  border_hi   =  58.4109420;
  border_low  =  35.2328340;
  outside_low =  10.0000000;
  outside_hi  =  52.6164170;
  sigma = 0.5;
  max_thickness = 10;
  step_size=0.5;
  STEP_SIZE=0.1;
  which = 2
  thresh = 0
  flags = 0
  CBVfindFirstPeakD1=0
  CBVfindFirstPeakD2=0
  nvertices=166575
  Gdiag_no=-1
  vno start=0, stop=166575
Replacing 255s with 0s
#SI# sigma=0.5 had to be increased for 14514 vertices, nripped=6474
mean border=56.2, 2809 (51) missing vertices, mean dist 0.1 [0.1 (%53.0)->0.4 (%47.0))]
%27 local maxima, %28 large gradients and %39 min vals, 0 gradients ignored
nFirstPeakD1 0
MRIScomputeBorderValues_new() finished in 0.0044 min


Averaging target values for 5 iterations...
Positioning Surface: tspring = 0.3, nspring = 0.3, spring = 0, niters = 100 l_repulse = 0, l_surf_repulse = 5, checktol = 0
Positioning pial surface
Entering MRISpositionSurface()
  max_mm = 0.3
  MAX_REDUCTIONS = 2, REDUCTION_PCT = 0.5
  parms->check_tol = 0, niterations = 100
tol=1.0e-04, sigma=0.5, host=dna02, nav=4, nbrs=2, l_surf_repulse=5.000, l_tspring=0.300, l_nspring=0.300, l_intensity=0.200, l_curv=1.000
mom=0.00, dt=0.50
000: dt: 0.0000, sse=754179.1, rms=3.624
rms = 4.3828/3.6239, sse=946957.7/754179.1, time step reduction 1 of 3 to 0.250  0 1 1
   RMS increased, rejecting step
027: dt: 0.2500, sse=713329.8, rms=3.442 (5.007%)
rms = 3.4483/3.4425, sse=714100.4/713329.7, time step reduction 2 of 3 to 0.125  0 1 1
   RMS increased, rejecting step
rms = 3.4159/3.4425, sse=707550.2/713329.7, time step reduction 3 of 3 to 0.062  0 0 1
028: dt: 0.1250, sse=707550.2, rms=3.416 (0.772%)
  maximum number of reductions reached, breaking from loop
positioning took 0.3 minutes
Iteration 3 =========================================
n_averages=2, current_sigma=0.25
Computing target border values 
Entering MRIScomputeBorderValues_new(): 
  inside_hi   =  94.4712140;
  border_hi   =  58.4109420;
  border_low  =  35.2328340;
  outside_low =  10.0000000;
  outside_hi  =  52.6164170;
  sigma = 0.25;
  max_thickness = 10;
  step_size=0.5;
  STEP_SIZE=0.1;
  which = 2
  thresh = 0
  flags = 0
  CBVfindFirstPeakD1=0
  CBVfindFirstPeakD2=0
  nvertices=166575
  Gdiag_no=-1
  vno start=0, stop=166575
Replacing 255s with 0s
#SI# sigma=0.25 had to be increased for 12450 vertices, nripped=6474
mean border=55.7, 5660 (48) missing vertices, mean dist 0.1 [0.1 (%51.2)->0.3 (%48.8))]
%32 local maxima, %23 large gradients and %37 min vals, 0 gradients ignored
nFirstPeakD1 0
MRIScomputeBorderValues_new() finished in 0.0019 min


Averaging target values for 5 iterations...
Positioning Surface: tspring = 0.3, nspring = 0.3, spring = 0, niters = 100 l_repulse = 0, l_surf_repulse = 5, checktol = 0
Positioning pial surface
Entering MRISpositionSurface()
  max_mm = 0.3
  MAX_REDUCTIONS = 2, REDUCTION_PCT = 0.5
  parms->check_tol = 0, niterations = 100
tol=1.0e-04, sigma=0.2, host=dna02, nav=2, nbrs=2, l_surf_repulse=5.000, l_tspring=0.300, l_nspring=0.300, l_intensity=0.200, l_curv=1.000
mom=0.00, dt=0.50
000: dt: 0.0000, sse=745916.1, rms=3.588
rms = 4.1292/3.5879, sse=877361.4/745916.1, time step reduction 1 of 3 to 0.250  0 1 1
   RMS increased, rejecting step
029: dt: 0.2500, sse=704630.0, rms=3.403 (5.149%)
030: dt: 0.2500, sse=687690.6, rms=3.329 (2.187%)
rms = 3.3852/3.3287, sse=699134.0/687690.6, time step reduction 2 of 3 to 0.125  0 1 1
   RMS increased, rejecting step
rms = 3.2810/3.3287, sse=677739.2/687690.6, time step reduction 3 of 3 to 0.062  0 0 1
031: dt: 0.1250, sse=677739.2, rms=3.281 (1.435%)
  maximum number of reductions reached, breaking from loop
positioning took 0.4 minutes
Pinning medial wall to white surface


Writing output to ../surf/lh.pial.T1
#ET# mris_place_surface  3.43 minutes
#VMPC# mris_place_surfaces VmPeak  2499172
mris_place_surface done
#@# white curv lh Sun Mar  8 20:07:24 CET 2026
cd /out/sourcedata/freesurfer/sub-v1s14x0051566_ses-1/mri
mris_place_surface --curv-map ../surf/lh.white 2 10 ../surf/lh.curv
insurf  ../surf/lh.white, nbrs 2, curvature_avgs 10
writing curvature file ../surf/lh.curv
#@# white area lh Sun Mar  8 20:07:26 CET 2026
cd /out/sourcedata/freesurfer/sub-v1s14x0051566_ses-1/mri
mris_place_surface --area-map ../surf/lh.white ../surf/lh.area
writing curvature file ../surf/lh.area
#@# pial curv lh Sun Mar  8 20:07:27 CET 2026
cd /out/sourcedata/freesurfer/sub-v1s14x0051566_ses-1/mri
mris_place_surface --curv-map ../surf/lh.pial 2 10 ../surf/lh.curv.pial
insurf  ../surf/lh.pial, nbrs 2, curvature_avgs 10
writing curvature file ../surf/lh.curv.pial
#@# pial area lh Sun Mar  8 20:07:29 CET 2026
cd /out/sourcedata/freesurfer/sub-v1s14x0051566_ses-1/mri
mris_place_surface --area-map ../surf/lh.pial ../surf/lh.area.pial
writing curvature file ../surf/lh.area.pial
#@# thickness lh Sun Mar  8 20:07:30 CET 2026
cd /out/sourcedata/freesurfer/sub-v1s14x0051566_ses-1/mri
mris_place_surface --thickness ../surf/lh.white ../surf/lh.pial 20 5 ../surf/lh.thickness
0 of 166575 vertices processed
25000 of 166575 vertices processed
50000 of 166575 vertices processed
75000 of 166575 vertices processed
100000 of 166575 vertices processed
125000 of 166575 vertices processed
150000 of 166575 vertices processed
0 of 166575 vertices processed
25000 of 166575 vertices processed
50000 of 166575 vertices processed
75000 of 166575 vertices processed
100000 of 166575 vertices processed
125000 of 166575 vertices processed
150000 of 166575 vertices processed
thickness calculation complete, 36:562 truncations.
88125 vertices at 0 distance
149128 vertices at 1 distance
62766 vertices at 2 distance
21756 vertices at 3 distance
7245 vertices at 4 distance
2398 vertices at 5 distance
731 vertices at 6 distance
302 vertices at 7 distance
144 vertices at 8 distance
96 vertices at 9 distance
80 vertices at 10 distance
64 vertices at 11 distance
51 vertices at 12 distance
40 vertices at 13 distance
41 vertices at 14 distance
32 vertices at 15 distance
35 vertices at 16 distance
20 vertices at 17 distance
31 vertices at 18 distance
30 vertices at 19 distance
35 vertices at 20 distance
writing curvature file ../surf/lh.thickness
#@# area and vertex vol lh Sun Mar  8 20:08:05 CET 2026
cd /out/sourcedata/freesurfer/sub-v1s14x0051566_ses-1/mri
mris_place_surface --thickness ../surf/lh.white ../surf/lh.pial 20 5 ../surf/lh.thickness
/out/sourcedata/freesurfer/sub-v1s14x0051566_ses-1/surf
mris_calc -o lh.area.mid lh.area add lh.area.pial
Saving result to 'lh.area.mid' (type = MRI_CURV_FILE)                       [ ok ]
mris_calc -o lh.area.mid lh.area.mid div 2
Saving result to 'lh.area.mid' (type = MRI_CURV_FILE)                       [ ok ]
mris_convert --volume sub-v1s14x0051566_ses-1 lh /out/sourcedata/freesurfer/sub-v1s14x0051566_ses-1/surf/lh.volume
masking with /out/sourcedata/freesurfer/sub-v1s14x0051566_ses-1/label/lh.cortex.label
Total face volume 255903
Total vertex volume 255739 (mask=0)
#@# sub-v1s14x0051566_ses-1 lh 255739
 
vertexvol Done

#-----------------------------------------
#@# Curvature Stats lh Sun Mar  8 20:08:07 CET 2026
/out/sourcedata/freesurfer/sub-v1s14x0051566_ses-1/surf

 mris_curvature_stats -m --writeCurvatureFiles -G -o ../stats/lh.curv.stats -F smoothwm sub-v1s14x0051566_ses-1 lh curv sulc 

             Toggling save flag on curvature files                       [ ok ]
                 Outputting results using filestem   [ ../stats/lh.curv.stats ]
             Toggling save flag on curvature files                       [ ok ]
                                   Setting surface [ sub-v1s14x0051566_ses-1/lh.smoothwm ]
                                Reading surface...                       [ ok ]
                                   Setting texture                     [ curv ]
                                Reading texture...                       [ ok ]
                                   Setting texture                     [ sulc ]
                                Reading texture...Gb_filter = 0
                       [ ok ]
      Calculating Discrete Principal Curvatures...
      Determining geometric order for vno faces... [####################] [ ok ]
                      Determining KH curvatures... [####################] [ ok ]
                    Determining k1k2 curvatures... [####################] [ ok ]
                                   deltaViolations                      [ 301 ]
Gb_filter = 0

WARN:    S lookup   min:                          -0.189751
WARN:    S explicit min:                          0.000000	vertex = 40
#-----------------------------------------
#@# Cortical Parc 2 lh Sun Mar  8 20:08:10 CET 2026
/out/sourcedata/freesurfer/sub-v1s14x0051566_ses-1/scripts

 mris_ca_label -l ../label/lh.cortex.label -aseg ../mri/aseg.presurf.mgz -seed 1234 sub-v1s14x0051566_ses-1 lh ../surf/lh.sphere.reg /opt/freesurfer/average/lh.CDaparc.atlas.acfb40.noaparc.i12.2016-08-02.gcs ../label/lh.aparc.a2009s.annot 

setting seed for random number generator to 1234
using ../mri/aseg.presurf.mgz aseg volume to correct midline
7.3.2
  7.3.2
reading atlas from /opt/freesurfer/average/lh.CDaparc.atlas.acfb40.noaparc.i12.2016-08-02.gcs...
reading color table from GCSA file....
average std = 3.0   using min determinant for regularization = 0.088
0 singular and 0 ill-conditioned covariance matrices regularized
input 0: MEAN CURVATURE, flags 0, avgs 5, name mean_curvature
labeling surface...
17 labels changed using aseg
relabeling using gibbs priors...
000:  11057 changed, 166575 examined...
001:   2548 changed, 42694 examined...
002:    785 changed, 13508 examined...
003:    325 changed, 4504 examined...
004:    159 changed, 1899 examined...
005:     97 changed, 952 examined...
006:     54 changed, 551 examined...
007:     31 changed, 313 examined...
008:     24 changed, 178 examined...
009:     13 changed, 127 examined...
010:      7 changed, 71 examined...
011:      2 changed, 43 examined...
012:      0 changed, 16 examined...
11 labels changed using aseg
000: 274 total segments, 189 labels (2845 vertices) changed
001: 96 total segments, 12 labels (48 vertices) changed
002: 84 total segments, 0 labels (0 vertices) changed
10 filter iterations complete (10 requested, 45 changed)
rationalizing unknown annotations with cortex label
relabeling Medial_wall label...
1720 vertices marked for relabeling...
1720 labels changed in reclassification.
writing output to ../label/lh.aparc.a2009s.annot...
classification took 0 minutes and 15 seconds.
#-----------------------------------------
#@# Cortical Parc 3 lh Sun Mar  8 20:08:25 CET 2026
/out/sourcedata/freesurfer/sub-v1s14x0051566_ses-1/scripts

 mris_ca_label -l ../label/lh.cortex.label -aseg ../mri/aseg.presurf.mgz -seed 1234 sub-v1s14x0051566_ses-1 lh ../surf/lh.sphere.reg /opt/freesurfer/average/lh.DKTaparc.atlas.acfb40.noaparc.i12.2016-08-02.gcs ../label/lh.aparc.DKTatlas.annot 

setting seed for random number generator to 1234
using ../mri/aseg.presurf.mgz aseg volume to correct midline
7.3.2
  7.3.2
reading atlas from /opt/freesurfer/average/lh.DKTaparc.atlas.acfb40.noaparc.i12.2016-08-02.gcs...
reading color table from GCSA file....
average std = 1.4   using min determinant for regularization = 0.020
0 singular and 383 ill-conditioned covariance matrices regularized
input 0: MEAN CURVATURE, flags 0, avgs 5, name mean_curvature
labeling surface...
1437 labels changed using aseg
relabeling using gibbs priors...
000:   2274 changed, 166575 examined...
001:    472 changed, 10632 examined...
002:    139 changed, 2715 examined...
003:     69 changed, 832 examined...
004:     42 changed, 407 examined...
005:     25 changed, 224 examined...
006:     19 changed, 135 examined...
007:     10 changed, 89 examined...
008:      7 changed, 54 examined...
009:      6 changed, 42 examined...
010:      2 changed, 32 examined...
011:      4 changed, 10 examined...
012:      2 changed, 20 examined...
013:      3 changed, 12 examined...
014:      1 changed, 15 examined...
015:      1 changed, 7 examined...
016:      2 changed, 8 examined...
017:      2 changed, 11 examined...
018:      1 changed, 13 examined...
019:      0 changed, 7 examined...
251 labels changed using aseg
000: 44 total segments, 11 labels (130 vertices) changed
001: 33 total segments, 0 labels (0 vertices) changed
10 filter iterations complete (10 requested, 3 changed)
rationalizing unknown annotations with cortex label
relabeling unknown label...
relabeling corpuscallosum label...
1287 vertices marked for relabeling...
1287 labels changed in reclassification.
writing output to ../label/lh.aparc.DKTatlas.annot...
classification took 0 minutes and 12 seconds.
#-----------------------------------------
#@# WM/GM Contrast lh Sun Mar  8 20:08:36 CET 2026
/out/sourcedata/freesurfer/sub-v1s14x0051566_ses-1/scripts

 pctsurfcon --s sub-v1s14x0051566_ses-1 --lh-only 

Log file is /out/sourcedata/freesurfer/sub-v1s14x0051566_ses-1/scripts/pctsurfcon.log
Sun Mar  8 20:08:37 CET 2026
setenv SUBJECTS_DIR /out/sourcedata/freesurfer
cd /out/sourcedata/freesurfer/sub-v1s14x0051566_ses-1/scripts
/opt/freesurfer/bin/pctsurfcon
pctsurfcon 7.3.2
Linux dna029 5.14.0-427.37.1.el9_4.x86_64 #1 SMP PREEMPT_DYNAMIC Fri Sep 13 12:41:50 EDT 2024 x86_64 x86_64 x86_64 GNU/Linux
FREESURFER_HOME /opt/freesurfer
mri_vol2surf --mov /out/sourcedata/freesurfer/sub-v1s14x0051566_ses-1/mri/rawavg.mgz --hemi lh --noreshape --interp trilinear --projdist -1 --o /out/sourcedata/freesurfer/sub-v1s14x0051566_ses-1/surf/tmp.pctsurfcon.3467733/lh.wm.mgh --regheader sub-v1s14x0051566_ses-1 --cortex
srcvol = /out/sourcedata/freesurfer/sub-v1s14x0051566_ses-1/mri/rawavg.mgz
srcreg unspecified
srcregold = 0
srcwarp unspecified
surf = white
hemi = lh
ProjDist = -1
reshape = 0
interp = trilinear
float2int = round
GetProjMax = 0
INFO: float2int code = 0
Done loading volume
Computing registration from header.
  Using /out/sourcedata/freesurfer/sub-v1s14x0051566_ses-1/mri/orig.mgz as target reference.
-------- original matrix -----------
-0.99973  -0.01538  -0.01716  -0.00005;
-0.01548  -0.10320   0.99454   0.00002;
 0.01707  -0.99454  -0.10293  -0.00004;
 0.00000   0.00000   0.00000   1.00000;
-------- original matrix -----------
Loading label /out/sourcedata/freesurfer/sub-v1s14x0051566_ses-1/label/lh.cortex.label
Reading surface /out/sourcedata/freesurfer/sub-v1s14x0051566_ses-1/surf/lh.white
Done reading source surface
Mapping Source Volume onto Source Subject Surface
Projecting -1 -1 1
 1 -1 -1 -1
using old
Done mapping volume to surface
Number of source voxels hit = 97799
Masking with /out/sourcedata/freesurfer/sub-v1s14x0051566_ses-1/label/lh.cortex.label
Writing to /out/sourcedata/freesurfer/sub-v1s14x0051566_ses-1/surf/tmp.pctsurfcon.3467733/lh.wm.mgh
Dim: 166575 1 1
mri_vol2surf --mov /out/sourcedata/freesurfer/sub-v1s14x0051566_ses-1/mri/rawavg.mgz --hemi lh --noreshape --interp trilinear --o /out/sourcedata/freesurfer/sub-v1s14x0051566_ses-1/surf/tmp.pctsurfcon.3467733/lh.gm.mgh --projfrac 0.3 --regheader sub-v1s14x0051566_ses-1 --cortex
srcvol = /out/sourcedata/freesurfer/sub-v1s14x0051566_ses-1/mri/rawavg.mgz
srcreg unspecified
srcregold = 0
srcwarp unspecified
surf = white
hemi = lh
ProjFrac = 0.3
thickness = thickness
reshape = 0
interp = trilinear
float2int = round
GetProjMax = 0
INFO: float2int code = 0
Done loading volume
Computing registration from header.
  Using /out/sourcedata/freesurfer/sub-v1s14x0051566_ses-1/mri/orig.mgz as target reference.
-------- original matrix -----------
-0.99973  -0.01538  -0.01716  -0.00005;
-0.01548  -0.10320   0.99454   0.00002;
 0.01707  -0.99454  -0.10293  -0.00004;
 0.00000   0.00000   0.00000   1.00000;
-------- original matrix -----------
Loading label /out/sourcedata/freesurfer/sub-v1s14x0051566_ses-1/label/lh.cortex.label
Reading surface /out/sourcedata/freesurfer/sub-v1s14x0051566_ses-1/surf/lh.white
Done reading source surface
Reading thickness /out/sourcedata/freesurfer/sub-v1s14x0051566_ses-1/surf/lh.thickness
Done
Mapping Source Volume onto Source Subject Surface
Projecting 0.3 0.3 1
 1 0.3 0.3 0.3
using old
Done mapping volume to surface
Number of source voxels hit = 111724
Masking with /out/sourcedata/freesurfer/sub-v1s14x0051566_ses-1/label/lh.cortex.label
Writing to /out/sourcedata/freesurfer/sub-v1s14x0051566_ses-1/surf/tmp.pctsurfcon.3467733/lh.gm.mgh
Dim: 166575 1 1
mri_concat /out/sourcedata/freesurfer/sub-v1s14x0051566_ses-1/surf/tmp.pctsurfcon.3467733/lh.wm.mgh /out/sourcedata/freesurfer/sub-v1s14x0051566_ses-1/surf/tmp.pctsurfcon.3467733/lh.gm.mgh --paired-diff-norm --mul 100 --o /out/sourcedata/freesurfer/sub-v1s14x0051566_ses-1/surf/lh.w-g.pct.mgh
ninputs = 2
Checking inputs
nframestot = 2
Allocing output
Done allocing
Combining pairs
nframes = 1
Multiplying by 100.000000
Writing to /out/sourcedata/freesurfer/sub-v1s14x0051566_ses-1/surf/lh.w-g.pct.mgh
mri_segstats --in /out/sourcedata/freesurfer/sub-v1s14x0051566_ses-1/surf/lh.w-g.pct.mgh --annot sub-v1s14x0051566_ses-1 lh aparc --sum /out/sourcedata/freesurfer/sub-v1s14x0051566_ses-1/stats/lh.w-g.pct.stats --snr

7.3.2
cwd 
cmdline mri_segstats --in /out/sourcedata/freesurfer/sub-v1s14x0051566_ses-1/surf/lh.w-g.pct.mgh --annot sub-v1s14x0051566_ses-1 lh aparc --sum /out/sourcedata/freesurfer/sub-v1s14x0051566_ses-1/stats/lh.w-g.pct.stats --snr 
sysname  Linux
hostname dna029
machine  x86_64
user     oesteban
whitesurfname  white
UseRobust  0
Constructing seg from annotation

Reading annotation /out/sourcedata/freesurfer/sub-v1s14x0051566_ses-1/label/lh.aparc.annot
Seg base 1000
Loading /out/sourcedata/freesurfer/sub-v1s14x0051566_ses-1/surf/lh.w-g.pct.mgh
Vertex Area is 0.671636 mm^3
Generating list of segmentation ids
Found  36 segmentations
Computing statistics for each segmentation

Reporting on  35 segmentations
Using PrintSegStat
mri_segstats done
Cleaning up

Started at Sun Mar 8 19:34:53 CET 2026 
Ended   at Sun Mar 8 20:08:41 CET 2026
#@#%# recon-all-run-time-hours 0.563
recon-all -s sub-v1s14x0051566_ses-1 finished without error at Sun Mar  8 20:08:41 CET 2026



#New# invocation of recon-all 




Sun Mar  8 21:00:14 CET 2026
cd /out/sourcedata/freesurfer/sub-v1s14x0051566_ses-1
setenv SUBJECTS_DIR /out/sourcedata/freesurfer
/opt/freesurfer/bin/recon-all -autorecon-hemi lh -nohyporelabel -lh-only -openmp 16 -subjid sub-v1s14x0051566_ses-1 -sd /out/sourcedata/freesurfer -notessellate -nosmooth1 -noinflate1 -noqsphere -nofix -nowhite -nosmooth2 -noinflate2 -nocurvHK -nocurvstats -nosphere -nosurfreg -nojacobian_white -noavgcurv -nocortparc -nopial -nocortparc2 -nocortparc3 -nopctsurfcon

subjid sub-v1s14x0051566_ses-1
setenv SUBJECTS_DIR /out/sourcedata/freesurfer
FREESURFER_HOME /opt/freesurfer
Actual FREESURFER_HOME /opt/freesurfer
build-stamp.txt: freesurfer-linux-ubuntu22_x86_64-7.3.2-20220804-6354275
Linux dna029 5.14.0-427.37.1.el9_4.x86_64 #1 SMP PREEMPT_DYNAMIC Fri Sep 13 12:41:50 EDT 2024 x86_64 x86_64 x86_64 GNU/Linux
cputime      unlimited
filesize     unlimited
datasize     unlimited
stacksize    8192 kbytes
coredumpsize 0 kbytes
memoryuse    67108864 kbytes
vmemoryuse   unlimited
descriptors  1024 
memorylocked unlimited
maxproc      2061970 
maxlocks     unlimited
maxsignal    2061970 
maxmessage   819200 
maxnice      0 
maxrtprio    0 
maxrttime    unlimited

               total        used        free      shared  buff/cache   available
Mem:           503Gi        49Gi       400Gi       9.1Gi        53Gi       441Gi
Swap:             0B          0B          0B

########################################
program versions used
7.3.2 (freesurfer-linux-ubuntu22_x86_64-7.3.2-20220804-6354275)
7.3.2

ProgramName: lta_convert  ProgramArguments: lta_convert -all-info  ProgramVersion: 7.3.2  TimeStamp: 2026/03/08-20:00:14-GMT  BuildTime: Aug  4 2022 06:17:15  BuildStamp: freesurfer-linux-ubuntu22_x86_64-7.3.2-20220804-6354275  User: oesteban  Machine: dna029  Platform: Linux  PlatformVersion: 5.14.0-427.37.1.el9_4.x86_64  CompilerName: GCC  CompilerVersion: 8.4.0
ProgramName: mri_and  ProgramArguments: mri_and -all-info  ProgramVersion: 7.3.2  TimeStamp: 2026/03/08-20:00:14-GMT  BuildTime: Aug  4 2022 06:17:15  BuildStamp: freesurfer-linux-ubuntu22_x86_64-7.3.2-20220804-6354275  User: oesteban  Machine: dna029  Platform: Linux  PlatformVersion: 5.14.0-427.37.1.el9_4.x86_64  CompilerName: GCC  CompilerVersion: 8.4.0
ProgramName: mri_annotation2label  ProgramArguments: mri_annotation2label -all-info  ProgramVersion: 7.3.2  TimeStamp: 2026/03/08-20:00:14-GMT  BuildTime: Aug  4 2022 06:17:15  BuildStamp: freesurfer-linux-ubuntu22_x86_64-7.3.2-20220804-6354275  User: oesteban  Machine: dna029  Platform: Linux  PlatformVersion: 5.14.0-427.37.1.el9_4.x86_64  CompilerName: GCC  CompilerVersion: 8.4.0
ProgramName: mri_aparc2aseg  ProgramArguments: mri_aparc2aseg -all-info  ProgramVersion: 7.3.2  TimeStamp: 2026/03/08-20:00:14-GMT  BuildTime: Aug  4 2022 06:17:15  BuildStamp: freesurfer-linux-ubuntu22_x86_64-7.3.2-20220804-6354275  User: oesteban  Machine: dna029  Platform: Linux  PlatformVersion: 5.14.0-427.37.1.el9_4.x86_64  CompilerName: GCC  CompilerVersion: 8.4.0
ProgramName: mri_surf2volseg  ProgramArguments: mri_surf2volseg -all-info  ProgramVersion: 7.3.2  TimeStamp: 2026/03/08-20:00:14-GMT  BuildTime: Aug  4 2022 06:17:15  BuildStamp: freesurfer-linux-ubuntu22_x86_64-7.3.2-20220804-6354275  User: oesteban  Machine: dna029  Platform: Linux  PlatformVersion: 5.14.0-427.37.1.el9_4.x86_64  CompilerName: GCC  CompilerVersion: 8.4.0
ProgramName: mri_binarize  ProgramArguments: mri_binarize -all-info  ProgramVersion: 7.3.2  TimeStamp: 2026/03/08-20:00:14-GMT  BuildTime: Aug  4 2022 06:17:15  BuildStamp: freesurfer-linux-ubuntu22_x86_64-7.3.2-20220804-6354275  User: oesteban  Machine: dna029  Platform: Linux  PlatformVersion: 5.14.0-427.37.1.el9_4.x86_64  CompilerName: GCC  CompilerVersion: 8.4.0
ProgramName: mri_ca_label  ProgramArguments: mri_ca_label -all-info  ProgramVersion: 7.3.2  TimeStamp: 2026/03/08-20:00:14-GMT  BuildTime: Aug  4 2022 06:17:15  BuildStamp: freesurfer-linux-ubuntu22_x86_64-7.3.2-20220804-6354275  User: oesteban  Machine: dna029  Platform: Linux  PlatformVersion: 5.14.0-427.37.1.el9_4.x86_64  CompilerName: GCC  CompilerVersion: 8.4.0
ProgramName: mri_ca_normalize  ProgramArguments: mri_ca_normalize -all-info  ProgramVersion: 7.3.2  TimeStamp: 2026/03/08-20:00:14-GMT  BuildTime: Aug  4 2022 06:17:15  BuildStamp: freesurfer-linux-ubuntu22_x86_64-7.3.2-20220804-6354275  User: oesteban  Machine: dna029  Platform: Linux  PlatformVersion: 5.14.0-427.37.1.el9_4.x86_64  CompilerName: GCC  CompilerVersion: 8.4.0
ProgramName: mri_ca_register  ProgramArguments: mri_ca_register -all-info  ProgramVersion: 7.3.2  TimeStamp: 2026/03/08-20:00:14-GMT  BuildTime: Aug  4 2022 06:17:15  BuildStamp: freesurfer-linux-ubuntu22_x86_64-7.3.2-20220804-6354275  User: oesteban  Machine: dna029  Platform: Linux  PlatformVersion: 5.14.0-427.37.1.el9_4.x86_64  CompilerName: GCC  CompilerVersion: 8.4.0
ProgramName: mri_cc  ProgramArguments: mri_cc -all-info  ProgramVersion: 7.3.2  TimeStamp: 2026/03/08-20:00:14-GMT  BuildTime: Aug  4 2022 06:17:15  BuildStamp: freesurfer-linux-ubuntu22_x86_64-7.3.2-20220804-6354275  User: oesteban  Machine: dna029  Platform: Linux  PlatformVersion: 5.14.0-427.37.1.el9_4.x86_64  CompilerName: GCC  CompilerVersion: 8.4.0
ProgramName: mri_compute_overlap  ProgramArguments: mri_compute_overlap -all-info  ProgramVersion: 7.3.2  TimeStamp: 2026/03/08-20:00:14-GMT  BuildTime: Aug  4 2022 06:17:15  BuildStamp: freesurfer-linux-ubuntu22_x86_64-7.3.2-20220804-6354275  User: oesteban  Machine: dna029  Platform: Linux  PlatformVersion: 5.14.0-427.37.1.el9_4.x86_64  CompilerName: GCC  CompilerVersion: 8.4.0
ProgramName: mri_compute_seg_overlap  ProgramArguments: mri_compute_seg_overlap -all-info  ProgramVersion: 7.3.2  TimeStamp: 2026/03/08-20:00:14-GMT  BuildTime: Aug  4 2022 06:17:15  BuildStamp: freesurfer-linux-ubuntu22_x86_64-7.3.2-20220804-6354275  User: oesteban  Machine: dna029  Platform: Linux  PlatformVersion: 5.14.0-427.37.1.el9_4.x86_64  CompilerName: GCC  CompilerVersion: 8.4.0
ProgramName: mri_concat  ProgramArguments: mri_concat -all-info  ProgramVersion: 7.3.2  TimeStamp: 2026/03/08-20:00:14-GMT  BuildTime: Aug  4 2022 06:17:15  BuildStamp: freesurfer-linux-ubuntu22_x86_64-7.3.2-20220804-6354275  User: oesteban  Machine: dna029  Platform: Linux  PlatformVersion: 5.14.0-427.37.1.el9_4.x86_64  CompilerName: GCC  CompilerVersion: 8.4.0
ProgramName: mri_concatenate_lta  ProgramArguments: mri_concatenate_lta -all-info  ProgramVersion: 7.3.2  TimeStamp: 2026/03/08-20:00:14-GMT  BuildTime: Aug  4 2022 06:17:15  BuildStamp: freesurfer-linux-ubuntu22_x86_64-7.3.2-20220804-6354275  User: oesteban  Machine: dna029  Platform: Linux  PlatformVersion: 5.14.0-427.37.1.el9_4.x86_64  CompilerName: GCC  CompilerVersion: 8.4.0
mri_convert -all-info 
ProgramName: mri_convert  ProgramArguments: mri_convert -all-info  ProgramVersion: 7.3.2  TimeStamp: 2026/03/08-20:00:14-GMT  BuildTime: Aug  4 2022 06:17:15  BuildStamp: freesurfer-linux-ubuntu22_x86_64-7.3.2-20220804-6354275  User: oesteban  Machine: dna029  Platform: Linux  PlatformVersion: 5.14.0-427.37.1.el9_4.x86_64  CompilerName: GCC  CompilerVersion: 8.4.0
ProgramName: mri_diff  ProgramArguments: mri_diff -all-info  ProgramVersion: 7.3.2  TimeStamp: 2026/03/08-20:00:14-GMT  BuildTime: Aug  4 2022 06:17:15  BuildStamp: freesurfer-linux-ubuntu22_x86_64-7.3.2-20220804-6354275  User: oesteban  Machine: dna029  Platform: Linux  PlatformVersion: 5.14.0-427.37.1.el9_4.x86_64  CompilerName: GCC  CompilerVersion: 8.4.0
ProgramName: mri_edit_wm_with_aseg  ProgramArguments: mri_edit_wm_with_aseg -all-info  ProgramVersion: 7.3.2  TimeStamp: 2026/03/08-20:00:14-GMT  BuildTime: Aug  4 2022 06:17:15  BuildStamp: freesurfer-linux-ubuntu22_x86_64-7.3.2-20220804-6354275  User: oesteban  Machine: dna029  Platform: Linux  PlatformVersion: 5.14.0-427.37.1.el9_4.x86_64  CompilerName: GCC  CompilerVersion: 8.4.0
ProgramName: mri_em_register  ProgramArguments: mri_em_register -all-info  ProgramVersion: 7.3.2  TimeStamp: 2026/03/08-20:00:14-GMT  BuildTime: Aug  4 2022 06:17:15  BuildStamp: freesurfer-linux-ubuntu22_x86_64-7.3.2-20220804-6354275  User: oesteban  Machine: dna029  Platform: Linux  PlatformVersion: 5.14.0-427.37.1.el9_4.x86_64  CompilerName: GCC  CompilerVersion: 8.4.0
ProgramName: mri_fill  ProgramArguments: mri_fill -all-info  ProgramVersion: 7.3.2  TimeStamp: 2026/03/08-20:00:14-GMT  BuildTime: Aug  4 2022 06:17:15  BuildStamp: freesurfer-linux-ubuntu22_x86_64-7.3.2-20220804-6354275  User: oesteban  Machine: dna029  Platform: Linux  PlatformVersion: 5.14.0-427.37.1.el9_4.x86_64  CompilerName: GCC  CompilerVersion: 8.4.0
ProgramName: mri_fuse_segmentations  ProgramArguments: mri_fuse_segmentations -all-info  ProgramVersion: 7.3.2  TimeStamp: 2026/03/08-20:00:14-GMT  BuildTime: Aug  4 2022 06:17:15  BuildStamp: freesurfer-linux-ubuntu22_x86_64-7.3.2-20220804-6354275  User: oesteban  Machine: dna029  Platform: Linux  PlatformVersion: 5.14.0-427.37.1.el9_4.x86_64  CompilerName: GCC  CompilerVersion: 8.4.0
ProgramName: mri_fwhm  ProgramArguments: mri_fwhm -all-info  ProgramVersion: 7.3.2  TimeStamp: 2026/03/08-20:00:14-GMT  BuildTime: Aug  4 2022 06:17:15  BuildStamp: freesurfer-linux-ubuntu22_x86_64-7.3.2-20220804-6354275  User: oesteban  Machine: dna029  Platform: Linux  PlatformVersion: 5.14.0-427.37.1.el9_4.x86_64  CompilerName: GCC  CompilerVersion: 8.4.0
ProgramName: mri_gcut  ProgramArguments: mri_gcut -all-info  ProgramVersion: 7.3.2  TimeStamp: 2026/03/08-20:00:14-GMT  BuildTime: Aug  4 2022 06:17:15  BuildStamp: freesurfer-linux-ubuntu22_x86_64-7.3.2-20220804-6354275  User: oesteban  Machine: dna029  Platform: Linux  PlatformVersion: 5.14.0-427.37.1.el9_4.x86_64  CompilerName: GCC  CompilerVersion: 8.4.0
ProgramName: mri_info  ProgramArguments: mri_info -all-info  ProgramVersion: 7.3.2  TimeStamp: 2026/03/08-20:00:14-GMT  BuildTime: Aug  4 2022 06:17:15  BuildStamp: freesurfer-linux-ubuntu22_x86_64-7.3.2-20220804-6354275  User: oesteban  Machine: dna029  Platform: Linux  PlatformVersion: 5.14.0-427.37.1.el9_4.x86_64  CompilerName: GCC  CompilerVersion: 8.4.0
ProgramName: mri_label2label  ProgramArguments: mri_label2label -all-info  ProgramVersion: 7.3.2  TimeStamp: 2026/03/08-20:00:14-GMT  BuildTime: Aug  4 2022 06:17:15  BuildStamp: freesurfer-linux-ubuntu22_x86_64-7.3.2-20220804-6354275  User: oesteban  Machine: dna029  Platform: Linux  PlatformVersion: 5.14.0-427.37.1.el9_4.x86_64  CompilerName: GCC  CompilerVersion: 8.4.0
ProgramName: mri_label2vol  ProgramArguments: mri_label2vol -all-info  ProgramVersion: 7.3.2  TimeStamp: 2026/03/08-20:00:14-GMT  BuildTime: Aug  4 2022 06:17:15  BuildStamp: freesurfer-linux-ubuntu22_x86_64-7.3.2-20220804-6354275  User: oesteban  Machine: dna029  Platform: Linux  PlatformVersion: 5.14.0-427.37.1.el9_4.x86_64  CompilerName: GCC  CompilerVersion: 8.4.0
ProgramName: mri_log_likelihood  ProgramArguments: mri_log_likelihood -all-info  ProgramVersion: 7.3.2  TimeStamp: 2026/03/08-20:00:14-GMT  BuildTime: Aug  4 2022 06:17:15  BuildStamp: freesurfer-linux-ubuntu22_x86_64-7.3.2-20220804-6354275  User: oesteban  Machine: dna029  Platform: Linux  PlatformVersion: 5.14.0-427.37.1.el9_4.x86_64  CompilerName: GCC  CompilerVersion: 8.4.0
ProgramName: mri_mask  ProgramArguments: mri_mask -all-info  ProgramVersion: 7.3.2  TimeStamp: 2026/03/08-20:00:14-GMT  BuildTime: Aug  4 2022 06:17:15  BuildStamp: freesurfer-linux-ubuntu22_x86_64-7.3.2-20220804-6354275  User: oesteban  Machine: dna029  Platform: Linux  PlatformVersion: 5.14.0-427.37.1.el9_4.x86_64  CompilerName: GCC  CompilerVersion: 8.4.0
ProgramName: mri_matrix_multiply  ProgramArguments: mri_matrix_multiply -all-info  ProgramVersion: 7.3.2  TimeStamp: 2026/03/08-20:00:14-GMT  BuildTime: Aug  4 2022 06:17:15  BuildStamp: freesurfer-linux-ubuntu22_x86_64-7.3.2-20220804-6354275  User: oesteban  Machine: dna029  Platform: Linux  PlatformVersion: 5.14.0-427.37.1.el9_4.x86_64  CompilerName: GCC  CompilerVersion: 8.4.0
ProgramName: mri_normalize  ProgramArguments: mri_normalize -all-info  ProgramVersion: 7.3.2  TimeStamp: 2026/03/08-20:00:14-GMT  BuildTime: Aug  4 2022 06:17:15  BuildStamp: freesurfer-linux-ubuntu22_x86_64-7.3.2-20220804-6354275  User: oesteban  Machine: dna029  Platform: Linux  PlatformVersion: 5.14.0-427.37.1.el9_4.x86_64  CompilerName: GCC  CompilerVersion: 8.4.0
ProgramName: mri_normalize_tp2  ProgramArguments: mri_normalize_tp2 -all-info  ProgramVersion: 7.3.2  TimeStamp: 2026/03/08-20:00:14-GMT  BuildTime: Aug  4 2022 06:17:15  BuildStamp: freesurfer-linux-ubuntu22_x86_64-7.3.2-20220804-6354275  User: oesteban  Machine: dna029  Platform: Linux  PlatformVersion: 5.14.0-427.37.1.el9_4.x86_64  CompilerName: GCC  CompilerVersion: 8.4.0
ProgramName: mri_or  ProgramArguments: mri_or -all-info  ProgramVersion: 7.3.2  TimeStamp: 2026/03/08-20:00:14-GMT  BuildTime: Aug  4 2022 06:17:15  BuildStamp: freesurfer-linux-ubuntu22_x86_64-7.3.2-20220804-6354275  User: oesteban  Machine: dna029  Platform: Linux  PlatformVersion: 5.14.0-427.37.1.el9_4.x86_64  CompilerName: GCC  CompilerVersion: 8.4.0
ProgramName: mri_relabel_hypointensities  ProgramArguments: mri_relabel_hypointensities -all-info  ProgramVersion: 7.3.2  TimeStamp: 2026/03/08-20:00:14-GMT  BuildTime: Aug  4 2022 06:17:15  BuildStamp: freesurfer-linux-ubuntu22_x86_64-7.3.2-20220804-6354275  User: oesteban  Machine: dna029  Platform: Linux  PlatformVersion: 5.14.0-427.37.1.el9_4.x86_64  CompilerName: GCC  CompilerVersion: 8.4.0
ProgramName: mri_relabel_nonwm_hypos  ProgramArguments: mri_relabel_nonwm_hypos -all-info  ProgramVersion: 7.3.2  TimeStamp: 2026/03/08-20:00:14-GMT  BuildTime: Aug  4 2022 06:17:15  BuildStamp: freesurfer-linux-ubuntu22_x86_64-7.3.2-20220804-6354275  User: oesteban  Machine: dna029  Platform: Linux  PlatformVersion: 5.14.0-427.37.1.el9_4.x86_64  CompilerName: GCC  CompilerVersion: 8.4.0
ProgramName: mri_remove_neck  ProgramArguments: mri_remove_neck -all-info  ProgramVersion: 7.3.2  TimeStamp: 2026/03/08-20:00:14-GMT  BuildTime: Aug  4 2022 06:17:15  BuildStamp: freesurfer-linux-ubuntu22_x86_64-7.3.2-20220804-6354275  User: oesteban  Machine: dna029  Platform: Linux  PlatformVersion: 5.14.0-427.37.1.el9_4.x86_64  CompilerName: GCC  CompilerVersion: 8.4.0
7.3.2

ProgramName: mri_robust_register  ProgramArguments: mri_robust_register -all-info  ProgramVersion: 7.3.2  TimeStamp: 2026/03/08-20:00:14-GMT  BuildTime: Aug  4 2022 06:17:15  BuildStamp: freesurfer-linux-ubuntu22_x86_64-7.3.2-20220804-6354275  User: oesteban  Machine: dna029  Platform: Linux  PlatformVersion: 5.14.0-427.37.1.el9_4.x86_64  CompilerName: GCC  CompilerVersion: 8.4.0
7.3.2

ProgramName: mri_robust_template  ProgramArguments: mri_robust_template -all-info  ProgramVersion: 7.3.2  TimeStamp: 2026/03/08-20:00:14-GMT  BuildTime: Aug  4 2022 06:17:15  BuildStamp: freesurfer-linux-ubuntu22_x86_64-7.3.2-20220804-6354275  User: oesteban  Machine: dna029  Platform: Linux  PlatformVersion: 5.14.0-427.37.1.el9_4.x86_64  CompilerName: GCC  CompilerVersion: 8.4.0
ProgramName: mris_anatomical_stats  ProgramArguments: mris_anatomical_stats -all-info  ProgramVersion: 7.3.2  TimeStamp: 2026/03/08-20:00:14-GMT  BuildTime: Aug  4 2022 06:17:15  BuildStamp: freesurfer-linux-ubuntu22_x86_64-7.3.2-20220804-6354275  User: oesteban  Machine: dna029  Platform: Linux  PlatformVersion: 5.14.0-427.37.1.el9_4.x86_64  CompilerName: GCC  CompilerVersion: 8.4.0
ProgramName: mris_ca_label  ProgramArguments: mris_ca_label -all-info  ProgramVersion: 7.3.2  TimeStamp: 2026/03/08-20:00:14-GMT  BuildTime: Aug  4 2022 06:17:15  BuildStamp: freesurfer-linux-ubuntu22_x86_64-7.3.2-20220804-6354275  User: oesteban  Machine: dna029  Platform: Linux  PlatformVersion: 5.14.0-427.37.1.el9_4.x86_64  CompilerName: GCC  CompilerVersion: 8.4.0
ProgramName: mris_calc  ProgramArguments: mris_calc -all-info  ProgramVersion: 7.3.2  TimeStamp: 2026/03/08-20:00:14-GMT  BuildTime: Aug  4 2022 06:17:15  BuildStamp: freesurfer-linux-ubuntu22_x86_64-7.3.2-20220804-6354275  User: oesteban  Machine: dna029  Platform: Linux  PlatformVersion: 5.14.0-427.37.1.el9_4.x86_64  CompilerName: GCC  CompilerVersion: 8.4.0
ProgramName: mris_convert  ProgramArguments: mris_convert -all-info  ProgramVersion: 7.3.2  TimeStamp: 2026/03/08-20:00:14-GMT  BuildTime: Aug  4 2022 06:17:15  BuildStamp: freesurfer-linux-ubuntu22_x86_64-7.3.2-20220804-6354275  User: oesteban  Machine: dna029  Platform: Linux  PlatformVersion: 5.14.0-427.37.1.el9_4.x86_64  CompilerName: GCC  CompilerVersion: 8.4.0
ProgramName: mris_curvature  ProgramArguments: mris_curvature -all-info  ProgramVersion: 7.3.2  TimeStamp: 2026/03/08-20:00:14-GMT  BuildTime: Aug  4 2022 06:17:15  BuildStamp: freesurfer-linux-ubuntu22_x86_64-7.3.2-20220804-6354275  User: oesteban  Machine: dna029  Platform: Linux  PlatformVersion: 5.14.0-427.37.1.el9_4.x86_64  CompilerName: GCC  CompilerVersion: 8.4.0
ProgramName: mris_curvature_stats  ProgramArguments: mris_curvature_stats -all-info  ProgramVersion: 7.3.2  TimeStamp: 2026/03/08-20:00:14-GMT  BuildTime: Aug  4 2022 06:17:15  BuildStamp: freesurfer-linux-ubuntu22_x86_64-7.3.2-20220804-6354275  User: oesteban  Machine: dna029  Platform: Linux  PlatformVersion: 5.14.0-427.37.1.el9_4.x86_64  CompilerName: GCC  CompilerVersion: 8.4.0
ProgramName: mris_diff  ProgramArguments: mris_diff -all-info  ProgramVersion: 7.3.2  TimeStamp: 2026/03/08-20:00:14-GMT  BuildTime: Aug  4 2022 06:17:15  BuildStamp: freesurfer-linux-ubuntu22_x86_64-7.3.2-20220804-6354275  User: oesteban  Machine: dna029  Platform: Linux  PlatformVersion: 5.14.0-427.37.1.el9_4.x86_64  CompilerName: GCC  CompilerVersion: 8.4.0
ProgramName: mris_divide_parcellation  ProgramArguments: mris_divide_parcellation -all-info  ProgramVersion: 7.3.2  TimeStamp: 2026/03/08-20:00:14-GMT  BuildTime: Aug  4 2022 06:17:15  BuildStamp: freesurfer-linux-ubuntu22_x86_64-7.3.2-20220804-6354275  User: oesteban  Machine: dna029  Platform: Linux  PlatformVersion: 5.14.0-427.37.1.el9_4.x86_64  CompilerName: GCC  CompilerVersion: 8.4.0
ProgramName: mri_segment  ProgramArguments: mri_segment -all-info  ProgramVersion: 7.3.2  TimeStamp: 2026/03/08-20:00:14-GMT  BuildTime: Aug  4 2022 06:17:15  BuildStamp: freesurfer-linux-ubuntu22_x86_64-7.3.2-20220804-6354275  User: oesteban  Machine: dna029  Platform: Linux  PlatformVersion: 5.14.0-427.37.1.el9_4.x86_64  CompilerName: GCC  CompilerVersion: 8.4.0
ProgramName: mri_segstats  ProgramArguments: mri_segstats -all-info  ProgramVersion: 7.3.2  TimeStamp: 2026/03/08-20:00:14-GMT  BuildTime: Aug  4 2022 06:17:15  BuildStamp: freesurfer-linux-ubuntu22_x86_64-7.3.2-20220804-6354275  User: oesteban  Machine: dna029  Platform: Linux  PlatformVersion: 5.14.0-427.37.1.el9_4.x86_64  CompilerName: GCC  CompilerVersion: 8.4.0
ProgramName: mris_euler_number  ProgramArguments: mris_euler_number -all-info  ProgramVersion: 7.3.2  TimeStamp: 2026/03/08-20:00:14-GMT  BuildTime: Aug  4 2022 06:17:15  BuildStamp: freesurfer-linux-ubuntu22_x86_64-7.3.2-20220804-6354275  User: oesteban  Machine: dna029  Platform: Linux  PlatformVersion: 5.14.0-427.37.1.el9_4.x86_64  CompilerName: GCC  CompilerVersion: 8.4.0
ProgramName: mris_fix_topology  ProgramArguments: mris_fix_topology -all-info  ProgramVersion: 7.3.2  TimeStamp: 2026/03/08-20:00:14-GMT  BuildTime: Aug  4 2022 06:17:15  BuildStamp: freesurfer-linux-ubuntu22_x86_64-7.3.2-20220804-6354275  User: oesteban  Machine: dna029  Platform: Linux  PlatformVersion: 5.14.0-427.37.1.el9_4.x86_64  CompilerName: GCC  CompilerVersion: 8.4.0
ProgramName: mris_topo_fixer  ProgramArguments: mris_topo_fixer -all-info  ProgramVersion: 7.3.2  TimeStamp: 2026/03/08-20:00:14-GMT  BuildTime: Aug  4 2022 06:17:15  BuildStamp: freesurfer-linux-ubuntu22_x86_64-7.3.2-20220804-6354275  User: oesteban  Machine: dna029  Platform: Linux  PlatformVersion: 5.14.0-427.37.1.el9_4.x86_64  CompilerName: GCC  CompilerVersion: 8.4.0
ProgramName: mris_jacobian  ProgramArguments: mris_jacobian -all-info  ProgramVersion: 7.3.2  TimeStamp: 2026/03/08-20:00:14-GMT  BuildTime: Aug  4 2022 06:17:15  BuildStamp: freesurfer-linux-ubuntu22_x86_64-7.3.2-20220804-6354275  User: oesteban  Machine: dna029  Platform: Linux  PlatformVersion: 5.14.0-427.37.1.el9_4.x86_64  CompilerName: GCC  CompilerVersion: 8.4.0
ProgramName: mris_label2annot  ProgramArguments: mris_label2annot -all-info  ProgramVersion: 7.3.2  TimeStamp: 2026/03/08-20:00:14-GMT  BuildTime: Aug  4 2022 06:17:15  BuildStamp: freesurfer-linux-ubuntu22_x86_64-7.3.2-20220804-6354275  User: oesteban  Machine: dna029  Platform: Linux  PlatformVersion: 5.14.0-427.37.1.el9_4.x86_64  CompilerName: GCC  CompilerVersion: 8.4.0
ProgramName: mris_left_right_register  ProgramArguments: mris_left_right_register -all-info  ProgramVersion: 7.3.2  TimeStamp: 2026/03/08-20:00:14-GMT  BuildTime: Aug  4 2022 06:17:15  BuildStamp: freesurfer-linux-ubuntu22_x86_64-7.3.2-20220804-6354275  User: oesteban  Machine: dna029  Platform: Linux  PlatformVersion: 5.14.0-427.37.1.el9_4.x86_64  CompilerName: GCC  CompilerVersion: 8.4.0
ProgramName: mris_place_surface  ProgramArguments: mris_place_surface -all-info  ProgramVersion: 7.3.2  TimeStamp: 2026/03/08-20:00:14-GMT  BuildTime: Aug  4 2022 06:17:15  BuildStamp: freesurfer-linux-ubuntu22_x86_64-7.3.2-20220804-6354275  User: oesteban  Machine: dna029  Platform: Linux  PlatformVersion: 5.14.0-427.37.1.el9_4.x86_64  CompilerName: GCC  CompilerVersion: 8.4.0
ProgramName: mrisp_paint  ProgramArguments: mrisp_paint -all-info  ProgramVersion: 7.3.2  TimeStamp: 2026/03/08-20:00:14-GMT  BuildTime: Aug  4 2022 06:17:15  BuildStamp: freesurfer-linux-ubuntu22_x86_64-7.3.2-20220804-6354275  User: oesteban  Machine: dna029  Platform: Linux  PlatformVersion: 5.14.0-427.37.1.el9_4.x86_64  CompilerName: GCC  CompilerVersion: 8.4.0
ProgramName: mris_register  ProgramArguments: mris_register -all-info  ProgramVersion: 7.3.2  TimeStamp: 2026/03/08-20:00:14-GMT  BuildTime: Aug  4 2022 06:17:15  BuildStamp: freesurfer-linux-ubuntu22_x86_64-7.3.2-20220804-6354275  User: oesteban  Machine: dna029  Platform: Linux  PlatformVersion: 5.14.0-427.37.1.el9_4.x86_64  CompilerName: GCC  CompilerVersion: 8.4.0
ProgramName: mris_smooth  ProgramArguments: mris_smooth -all-info  ProgramVersion: 7.3.2  TimeStamp: 2026/03/08-20:00:14-GMT  BuildTime: Aug  4 2022 06:17:15  BuildStamp: freesurfer-linux-ubuntu22_x86_64-7.3.2-20220804-6354275  User: oesteban  Machine: dna029  Platform: Linux  PlatformVersion: 5.14.0-427.37.1.el9_4.x86_64  CompilerName: GCC  CompilerVersion: 8.4.0
ProgramName: mris_sphere  ProgramArguments: mris_sphere -all-info  ProgramVersion: 7.3.2  TimeStamp: 2026/03/08-20:00:14-GMT  BuildTime: Aug  4 2022 06:17:15  BuildStamp: freesurfer-linux-ubuntu22_x86_64-7.3.2-20220804-6354275  User: oesteban  Machine: dna029  Platform: Linux  PlatformVersion: 5.14.0-427.37.1.el9_4.x86_64  CompilerName: GCC  CompilerVersion: 8.4.0
ProgramName: mris_surface_stats  ProgramArguments: mris_surface_stats -all-info  ProgramVersion: 7.3.2  TimeStamp: 2026/03/08-20:00:14-GMT  BuildTime: Aug  4 2022 06:17:15  BuildStamp: freesurfer-linux-ubuntu22_x86_64-7.3.2-20220804-6354275  User: oesteban  Machine: dna029  Platform: Linux  PlatformVersion: 5.14.0-427.37.1.el9_4.x86_64  CompilerName: GCC  CompilerVersion: 8.4.0
ProgramName: mri_stats2seg  ProgramArguments: mri_stats2seg -all-info  ProgramVersion: 7.3.2  TimeStamp: 2026/03/08-20:00:14-GMT  BuildTime: Aug  4 2022 06:17:15  BuildStamp: freesurfer-linux-ubuntu22_x86_64-7.3.2-20220804-6354275  User: oesteban  Machine: dna029  Platform: Linux  PlatformVersion: 5.14.0-427.37.1.el9_4.x86_64  CompilerName: GCC  CompilerVersion: 8.4.0
ProgramName: mris_thickness  ProgramArguments: mris_thickness -all-info  ProgramVersion: 7.3.2  TimeStamp: 2026/03/08-20:00:14-GMT  BuildTime: Aug  4 2022 06:17:15  BuildStamp: freesurfer-linux-ubuntu22_x86_64-7.3.2-20220804-6354275  User: oesteban  Machine: dna029  Platform: Linux  PlatformVersion: 5.14.0-427.37.1.el9_4.x86_64  CompilerName: GCC  CompilerVersion: 8.4.0
ProgramName: mris_thickness_diff  ProgramArguments: mris_thickness_diff -all-info  ProgramVersion: 7.3.2  TimeStamp: 2026/03/08-20:00:14-GMT  BuildTime: Aug  4 2022 06:17:15  BuildStamp: freesurfer-linux-ubuntu22_x86_64-7.3.2-20220804-6354275  User: oesteban  Machine: dna029  Platform: Linux  PlatformVersion: 5.14.0-427.37.1.el9_4.x86_64  CompilerName: GCC  CompilerVersion: 8.4.0
ProgramName: mris_topo_fixer  ProgramArguments: mris_topo_fixer -all-info  ProgramVersion: 7.3.2  TimeStamp: 2026/03/08-20:00:14-GMT  BuildTime: Aug  4 2022 06:17:15  BuildStamp: freesurfer-linux-ubuntu22_x86_64-7.3.2-20220804-6354275  User: oesteban  Machine: dna029  Platform: Linux  PlatformVersion: 5.14.0-427.37.1.el9_4.x86_64  CompilerName: GCC  CompilerVersion: 8.4.0
ProgramName: mri_surf2surf  ProgramArguments: mri_surf2surf -all-info  ProgramVersion: 7.3.2  TimeStamp: 2026/03/08-20:00:14-GMT  BuildTime: Aug  4 2022 06:17:15  BuildStamp: freesurfer-linux-ubuntu22_x86_64-7.3.2-20220804-6354275  User: oesteban  Machine: dna029  Platform: Linux  PlatformVersion: 5.14.0-427.37.1.el9_4.x86_64  CompilerName: GCC  CompilerVersion: 8.4.0
ProgramName: mri_surf2vol  ProgramArguments: mri_surf2vol -all-info  ProgramVersion: 7.3.2  TimeStamp: 2026/03/08-20:00:14-GMT  BuildTime: Aug  4 2022 06:17:15  BuildStamp: freesurfer-linux-ubuntu22_x86_64-7.3.2-20220804-6354275  User: oesteban  Machine: dna029  Platform: Linux  PlatformVersion: 5.14.0-427.37.1.el9_4.x86_64  CompilerName: GCC  CompilerVersion: 8.4.0
ProgramName: mri_surfcluster  ProgramArguments: mri_surfcluster -all-info  ProgramVersion: 7.3.2  TimeStamp: 2026/03/08-20:00:14-GMT  BuildTime: Aug  4 2022 06:17:15  BuildStamp: freesurfer-linux-ubuntu22_x86_64-7.3.2-20220804-6354275  User: oesteban  Machine: dna029  Platform: Linux  PlatformVersion: 5.14.0-427.37.1.el9_4.x86_64  CompilerName: GCC  CompilerVersion: 8.4.0
ProgramName: mris_volmask  ProgramArguments: mris_volmask -all-info  ProgramVersion: 7.3.2  TimeStamp: 2026/03/08-20:00:14-GMT  BuildTime: Aug  4 2022 06:17:15  BuildStamp: freesurfer-linux-ubuntu22_x86_64-7.3.2-20220804-6354275  User: oesteban  Machine: dna029  Platform: Linux  PlatformVersion: 5.14.0-427.37.1.el9_4.x86_64  CompilerName: GCC  CompilerVersion: 8.4.0
ProgramName: mri_tessellate  ProgramArguments: mri_tessellate -all-info  ProgramVersion: 7.3.2  TimeStamp: 2026/03/08-20:00:14-GMT  BuildTime: Aug  4 2022 06:17:15  BuildStamp: freesurfer-linux-ubuntu22_x86_64-7.3.2-20220804-6354275  User: oesteban  Machine: dna029  Platform: Linux  PlatformVersion: 5.14.0-427.37.1.el9_4.x86_64  CompilerName: GCC  CompilerVersion: 8.4.0
ProgramName: mri_vol2surf  ProgramArguments: mri_vol2surf -all-info  ProgramVersion: 7.3.2  TimeStamp: 2026/03/08-20:00:14-GMT  BuildTime: Aug  4 2022 06:17:15  BuildStamp: freesurfer-linux-ubuntu22_x86_64-7.3.2-20220804-6354275  User: oesteban  Machine: dna029  Platform: Linux  PlatformVersion: 5.14.0-427.37.1.el9_4.x86_64  CompilerName: GCC  CompilerVersion: 8.4.0
ProgramName: mri_vol2vol  ProgramArguments: mri_vol2vol -all-info  ProgramVersion: 7.3.2  TimeStamp: 2026/03/08-20:00:14-GMT  BuildTime: Aug  4 2022 06:17:15  BuildStamp: freesurfer-linux-ubuntu22_x86_64-7.3.2-20220804-6354275  User: oesteban  Machine: dna029  Platform: Linux  PlatformVersion: 5.14.0-427.37.1.el9_4.x86_64  CompilerName: GCC  CompilerVersion: 8.4.0
ProgramName: mri_voldiff  ProgramArguments: mri_voldiff -all-info  ProgramVersion: 7.3.2  TimeStamp: 2026/03/08-20:00:14-GMT  BuildTime: Aug  4 2022 06:17:15  BuildStamp: freesurfer-linux-ubuntu22_x86_64-7.3.2-20220804-6354275  User: oesteban  Machine: dna029  Platform: Linux  PlatformVersion: 5.14.0-427.37.1.el9_4.x86_64  CompilerName: GCC  CompilerVersion: 8.4.0
ProgramName: mri_watershed  ProgramArguments: mri_watershed -all-info  ProgramVersion: 7.3.2  TimeStamp: 2026/03/08-20:00:14-GMT  BuildTime: Aug  4 2022 06:17:15  BuildStamp: freesurfer-linux-ubuntu22_x86_64-7.3.2-20220804-6354275  User: oesteban  Machine: dna029  Platform: Linux  PlatformVersion: 5.14.0-427.37.1.el9_4.x86_64  CompilerName: GCC  CompilerVersion: 8.4.0
ProgramName: tkregister2  ProgramArguments: tkregister2_cmdl -all-info  ProgramVersion: 7.3.2  TimeStamp: 2026/03/08-20:00:14-GMT  BuildTime: Aug  4 2022 06:17:15  BuildStamp: freesurfer-linux-ubuntu22_x86_64-7.3.2-20220804-6354275  User: oesteban  Machine: dna029  Platform: Linux  PlatformVersion: 5.14.0-427.37.1.el9_4.x86_64  CompilerName: GCC  CompilerVersion: 8.4.0
mri_motion_correct.fsl 7.3.2
mri_convert -all-info 
ProgramName: mri_convert  ProgramArguments: mri_convert -all-info  ProgramVersion: 7.3.2  TimeStamp: 2026/03/08-20:00:14-GMT  BuildTime: Aug  4 2022 06:17:15  BuildStamp: freesurfer-linux-ubuntu22_x86_64-7.3.2-20220804-6354275  User: oesteban  Machine: dna029  Platform: Linux  PlatformVersion: 5.14.0-427.37.1.el9_4.x86_64  CompilerName: GCC  CompilerVersion: 8.4.0
Program nu_correct, built from:
Package MNI N3, version 1.12.0, compiled by nicks@terrier (x86_64-unknown-linux-gnu) on 2015-06-19 at 01:25:34
#######################################
GCADIR /opt/freesurfer/average
GCA RB_all_2020-01-02.gca
GCASkull RB_all_withskull_2020_01_02.gca
AvgCurvTif folding.atlas.acfb40.noaparc.i12.2016-08-02.tif
GCSDIR /opt/freesurfer/average
GCS DKaparc.atlas.acfb40.noaparc.i12.2016-08-02.gcs
#######################################
#--------------------------------------------
#@# AutoDetGWStats lh Sun Mar  8 21:00:14 CET 2026
cd /out/sourcedata/freesurfer/sub-v1s14x0051566_ses-1/mri
mris_autodet_gwstats --o ../surf/autodet.gw.stats.lh.dat --i brain.finalsurfs.mgz --wm wm.mgz --surf ../surf/lh.orig.premesh
  Update not needed
#--------------------------------------------
#@# WhitePreAparc lh Sun Mar  8 21:00:14 CET 2026
cd /out/sourcedata/freesurfer/sub-v1s14x0051566_ses-1/mri
mris_place_surface --adgws-in ../surf/autodet.gw.stats.lh.dat --wm wm.mgz --threads 16 --invol brain.finalsurfs.mgz --lh --i ../surf/lh.orig --o ../surf/lh.white.preaparc --white --seg aseg.presurf.mgz --nsmooth 5
   Update not needed
#--------------------------------------------
#@# CortexLabel lh Sun Mar  8 21:00:14 CET 2026
cd /out/sourcedata/freesurfer/sub-v1s14x0051566_ses-1/mri
mri_label2label --label-cortex ../surf/lh.white.preaparc aseg.presurf.mgz 0 ../label/lh.cortex.label
   Update not needed
#--------------------------------------------
#@# CortexLabel+HipAmyg lh Sun Mar  8 21:00:14 CET 2026
cd /out/sourcedata/freesurfer/sub-v1s14x0051566_ses-1/mri
mri_label2label --label-cortex ../surf/lh.white.preaparc aseg.presurf.mgz 1 ../label/lh.cortex+hipamyg.label
   Update not needed
#@# white curv lh Sun Mar  8 21:00:14 CET 2026
cd /out/sourcedata/freesurfer/sub-v1s14x0051566_ses-1/mri
mris_place_surface --curv-map ../surf/lh.white 2 10 ../surf/lh.curv
   Update not needed
#@# white area lh Sun Mar  8 21:00:14 CET 2026
cd /out/sourcedata/freesurfer/sub-v1s14x0051566_ses-1/mri
mris_place_surface --area-map ../surf/lh.white ../surf/lh.area
   Update not needed
#@# pial curv lh Sun Mar  8 21:00:14 CET 2026
cd /out/sourcedata/freesurfer/sub-v1s14x0051566_ses-1/mri
mris_place_surface --curv-map ../surf/lh.pial 2 10 ../surf/lh.curv.pial
   Update not needed
#@# pial area lh Sun Mar  8 21:00:14 CET 2026
cd /out/sourcedata/freesurfer/sub-v1s14x0051566_ses-1/mri
mris_place_surface --area-map ../surf/lh.pial ../surf/lh.area.pial
   Update not needed
#@# thickness lh Sun Mar  8 21:00:14 CET 2026
cd /out/sourcedata/freesurfer/sub-v1s14x0051566_ses-1/mri
mris_place_surface --thickness ../surf/lh.white ../surf/lh.pial 20 5 ../surf/lh.thickness
   Update not needed
#@# area and vertex vol lh Sun Mar  8 21:00:14 CET 2026
cd /out/sourcedata/freesurfer/sub-v1s14x0051566_ses-1/mri
mris_place_surface --thickness ../surf/lh.white ../surf/lh.pial 20 5 ../surf/lh.thickness
   Update not needed
#-----------------------------------------
#@# Parcellation Stats lh Sun Mar  8 21:00:14 CET 2026
/out/sourcedata/freesurfer/sub-v1s14x0051566_ses-1/scripts

 mris_anatomical_stats -th3 -mgz -noglobal -cortex ../label/lh.cortex.label -f ../stats/lh.aparc.stats -b -a ../label/lh.aparc.annot -c ../label/aparc.annot.ctab sub-v1s14x0051566_ses-1 lh white 

computing statistics for each annotation in ../label/lh.aparc.annot.
reading volume /out/sourcedata/freesurfer/sub-v1s14x0051566_ses-1/mri/wm.mgz...
reading input surface /out/sourcedata/freesurfer/sub-v1s14x0051566_ses-1/surf/lh.white...
reading input pial surface /out/sourcedata/freesurfer/sub-v1s14x0051566_ses-1/surf/lh.pial...
reading input white surface /out/sourcedata/freesurfer/sub-v1s14x0051566_ses-1/surf/lh.white...
INFO: using TH3 volume calc
INFO: assuming MGZ format for volumes.
INFO: not computing global stats
INFO: using ../label/lh.cortex.label as mask to calc cortex NumVert, SurfArea and MeanThickness.
Using TH3 vertex volume calc
Total face volume 255903
Total vertex volume 255739 (mask=0)
Saving annotation colortable ../label/aparc.annot.ctab

table columns are:
    number of vertices
    total surface area (mm^2)
    total gray matter volume (mm^3)
    average cortical thickness +- standard deviation (mm)
    integrated rectified mean curvature
    integrated rectified Gaussian curvature
    folding index
    intrinsic curvature index
    structure name

 1525   1033   2451  2.423 0.442     0.095     0.016        8     1.0  bankssts
 1173    745   1977  2.294 0.742     0.115     0.015       13     0.8  caudalanteriorcingulate
 3933   2583   6198  2.214 0.560     0.107     0.018       32     2.9  caudalmiddlefrontal
 3287   2206   3130  1.433 0.345     0.137     0.027       40     3.9  cuneus
  888    640   2495  3.132 0.819     0.139     0.050       13     1.9  entorhinal
 5716   4120   9826  2.297 0.642     0.129     0.030       63     7.5  fusiform
 8605   5941  13194  2.190 0.660     0.137     0.032      105    12.3  inferiorparietal
 5765   4087  12692  2.600 0.798     0.130     0.030       65     7.3  inferiortemporal
 2283   1601   3884  2.180 0.914     0.123     0.028       26     2.7  isthmuscingulate
10510   7374  13280  1.756 0.648     0.158     0.043      162    20.6  lateraloccipital
 5198   3605   8881  2.447 0.740     0.127     0.035       80     7.9  lateralorbitofrontal
 5403   3820   5871  1.583 0.487     0.136     0.028       60     6.3  lingual
 3397   2255   5009  2.065 0.710     0.115     0.025       50     4.1  medialorbitofrontal
 4462   3337  11523  2.692 0.732     0.133     0.027       56     4.8  middletemporal
 1171    776   2059  2.480 0.606     0.105     0.023       10     1.1  parahippocampal
 2605   1424   3275  2.173 0.719     0.094     0.017       18     1.9  paracentral
 2739   1810   4935  2.438 0.588     0.104     0.019       23     2.1  parsopercularis
 1087    739   2584  2.541 0.894     0.127     0.038       15     1.8  parsorbitalis
 2493   1648   3958  2.188 0.592     0.116     0.021       26     2.0  parstriangularis
 2119   1493   1617  1.267 0.274     0.134     0.025       24     2.4  pericalcarine
 8881   5569  11451  1.869 0.642     0.115     0.025      138     9.4  postcentral
 2007   1363   2919  2.080 0.735     0.127     0.025       22     2.5  posteriorcingulate
 9118   5729  14209  2.294 0.687     0.111     0.025       91     9.6  precentral
 7072   4731  10172  2.114 0.585     0.122     0.025       73     7.4  precuneus
 1568   1087   2960  2.459 0.806     0.132     0.031       25     2.2  rostralanteriorcingulate
 8490   6122  16146  2.236 0.645     0.131     0.027      104    10.0  rostralmiddlefrontal
11903   7914  22951  2.422 0.637     0.114     0.023      114    11.4  superiorfrontal
11496   7126  14021  1.867 0.586     0.118     0.029      120    13.7  superiorparietal
 7763   5162  14963  2.655 0.738     0.103     0.020       69     6.6  superiortemporal
 7897   5337  13442  2.249 0.637     0.118     0.023       79     7.2  supramarginal
  421    294   1127  2.682 0.574     0.143     0.027        8     0.4  frontalpole
  817    605   3242  3.677 0.586     0.146     0.034       10     1.2  temporalpole
  895    564   1001  1.658 0.381     0.091     0.016        5     0.6  transversetemporal
 4690   3223   8299  2.620 0.791     0.127     0.033       53     6.0  insula

 mris_anatomical_stats -th3 -mgz -noglobal -cortex ../label/lh.cortex.label -f ../stats/lh.aparc.pial.stats -b -a ../label/lh.aparc.annot -c ../label/aparc.annot.ctab sub-v1s14x0051566_ses-1 lh pial 

computing statistics for each annotation in ../label/lh.aparc.annot.
reading volume /out/sourcedata/freesurfer/sub-v1s14x0051566_ses-1/mri/wm.mgz...
reading input surface /out/sourcedata/freesurfer/sub-v1s14x0051566_ses-1/surf/lh.pial...
reading input pial surface /out/sourcedata/freesurfer/sub-v1s14x0051566_ses-1/surf/lh.pial...
reading input white surface /out/sourcedata/freesurfer/sub-v1s14x0051566_ses-1/surf/lh.white...
INFO: using TH3 volume calc
INFO: assuming MGZ format for volumes.
INFO: not computing global stats
INFO: using ../label/lh.cortex.label as mask to calc cortex NumVert, SurfArea and MeanThickness.
Using TH3 vertex volume calc
Total face volume 255903
Total vertex volume 255739 (mask=0)
Saving annotation colortable ../label/aparc.annot.ctab

table columns are:
    number of vertices
    total surface area (mm^2)
    total gray matter volume (mm^3)
    average cortical thickness +- standard deviation (mm)
    integrated rectified mean curvature
    integrated rectified Gaussian curvature
    folding index
    intrinsic curvature index
    structure name

 1525    975   2451  2.423 0.442     0.105     0.028       15     1.7  bankssts
 1173    908   1977  2.294 0.742     0.127     0.029       24     1.4  caudalanteriorcingulate
 3933   2934   6198  2.214 0.560     0.116     0.025       57     3.7  caudalmiddlefrontal
 3287   2456   3130  1.433 0.345     0.126     0.033       73     4.3  cuneus
  888    996   2495  3.132 0.819     0.249     0.072       36     3.3  entorhinal
 5716   4798   9826  2.297 0.642     0.144     0.035      113     8.5  fusiform
 8605   6360  13194  2.190 0.660     0.139     0.035   154897    12.1  inferiorparietal
 5765   5290  12692  2.600 0.798     0.160     0.123      280     9.3  inferiortemporal
 2283   1972   3884  2.180 0.914     0.158     0.042       68     4.2  isthmuscingulate
10510   8000  13280  1.756 0.648     0.124     0.033      230    13.8  lateraloccipital
 5198   3916   8881  2.447 0.740     0.135     0.037      133     8.1  lateralorbitofrontal
 5403   4190   5871  1.583 0.487     0.134     0.036      117     8.3  lingual
 3397   2730   5009  2.065 0.710     0.140     0.036      131     4.7  medialorbitofrontal
 4462   4985  11523  2.692 0.732     0.180     0.036      113     7.2  middletemporal
 1171    960   2059  2.480 0.606     0.161     0.043       16     2.5  parahippocampal
 2605   1685   3275  2.173 0.719     0.097     0.016       28     1.7  paracentral
 2739   2209   4935  2.438 0.588     0.127     0.025       35     3.1  parsopercularis
 1087   1174   2584  2.541 0.894     0.173     0.037       15     2.0  parsorbitalis
 2493   1988   3958  2.188 0.592     0.138     0.027       43     2.8  parstriangularis
 2119   1269   1617  1.267 0.274     0.113     0.035      163     2.4  pericalcarine
 8881   6834  11451  1.869 0.642     0.116     0.023      101     8.7  postcentral
 2007   1452   2919  2.080 0.735     0.135     0.036       69     2.7  posteriorcingulate
 9118   6545  14209  2.294 0.687     0.106     0.021      137     8.1  precentral
 7072   4990  10172  2.114 0.585     0.118     0.028      117     8.0  precuneus
 1568   1370   2960  2.459 0.806     0.157     0.048       34     2.6  rostralanteriorcingulate
 8490   7907  16146  2.236 0.645     0.156     0.032      175    11.1  rostralmiddlefrontal
11903  10557  22951  2.422 0.637     0.138     0.026      135    13.0  superiorfrontal
11496   8312  14021  1.867 0.586     0.109     0.023      237    10.9  superiorparietal
 7763   6080  14963  2.655 0.738     0.128     0.030      206     9.9  superiortemporal
 7897   6515  13442  2.249 0.637     0.130     0.029      168     9.3  supramarginal
  421    547   1127  2.682 0.574     0.197     0.027        5     0.5  frontalpole
  817   1159   3242  3.677 0.586     0.212     0.046       17     1.7  temporalpole
  895    703   1001  1.658 0.381     0.113     0.026        5     1.1  transversetemporal
 4690   3201   8299  2.620 0.791     0.146     0.042      123     7.7  insula
#-----------------------------------------
#@# Parcellation Stats 2 lh Sun Mar  8 21:00:43 CET 2026
/out/sourcedata/freesurfer/sub-v1s14x0051566_ses-1/scripts

 mris_anatomical_stats -th3 -mgz -noglobal -cortex ../label/lh.cortex.label -f ../stats/lh.aparc.a2009s.stats -b -a ../label/lh.aparc.a2009s.annot -c ../label/aparc.annot.a2009s.ctab sub-v1s14x0051566_ses-1 lh white 

computing statistics for each annotation in ../label/lh.aparc.a2009s.annot.
reading volume /out/sourcedata/freesurfer/sub-v1s14x0051566_ses-1/mri/wm.mgz...
reading input surface /out/sourcedata/freesurfer/sub-v1s14x0051566_ses-1/surf/lh.white...
reading input pial surface /out/sourcedata/freesurfer/sub-v1s14x0051566_ses-1/surf/lh.pial...
reading input white surface /out/sourcedata/freesurfer/sub-v1s14x0051566_ses-1/surf/lh.white...
INFO: using TH3 volume calc
INFO: assuming MGZ format for volumes.
INFO: not computing global stats
INFO: using ../label/lh.cortex.label as mask to calc cortex NumVert, SurfArea and MeanThickness.
Using TH3 vertex volume calc
Total face volume 255903
Total vertex volume 255739 (mask=0)
Saving annotation colortable ../label/aparc.annot.a2009s.ctab

table columns are:
    number of vertices
    total surface area (mm^2)
    total gray matter volume (mm^3)
    average cortical thickness +- standard deviation (mm)
    integrated rectified mean curvature
    integrated rectified Gaussian curvature
    folding index
    intrinsic curvature index
    structure name

 1431    983   2434  2.132 0.649     0.116     0.029       14     1.7  G_and_S_frontomargin
 2059   1445   3111  1.921 0.662     0.156     0.044       34     3.9  G_and_S_occipital_inf
 1837   1028   2192  1.937 0.655     0.114     0.029       21     2.5  G_and_S_paracentral
 2178   1507   4025  2.395 0.668     0.132     0.028       67     2.6  G_and_S_subcentral
  792    563   1867  2.423 0.684     0.138     0.027       11     0.9  G_and_S_transv_frontopol
 2683   1903   4871  2.389 0.614     0.127     0.024       32     2.9  G_and_S_cingul-Ant
 1639   1110   2784  2.298 0.581     0.120     0.021       16     1.4  G_and_S_cingul-Mid-Ant
 1761   1120   2728  2.252 0.540     0.110     0.022       14     1.7  G_and_S_cingul-Mid-Post
 1027    745   2421  2.700 0.903     0.151     0.035       15     1.5  G_cingul-Post-dorsal
  384    262    894  2.705 0.944     0.140     0.034        6     0.5  G_cingul-Post-ventral
 2816   1889   2847  1.447 0.393     0.138     0.027       35     3.4  G_cuneus
 1486    962   3344  2.664 0.523     0.112     0.023       17     1.3  G_front_inf-Opercular
  536    350   1356  2.757 0.470     0.124     0.025        6     0.5  G_front_inf-Orbital
 1505   1000   2943  2.334 0.597     0.131     0.028       21     1.7  G_front_inf-Triangul
 4535   3313  10682  2.426 0.627     0.141     0.028       69     5.6  G_front_middle
 8098   5176  17609  2.602 0.660     0.118     0.025       90     8.2  G_front_sup
  992    663   1494  2.269 0.830     0.138     0.040       14     1.6  G_Ins_lg_and_S_cent_ins
  937    680   2564  2.958 0.774     0.148     0.041       16     1.6  G_insular_short
 3787   2504   5973  2.078 0.792     0.167     0.055       74     8.7  G_occipital_middle
 2741   1771   2568  1.480 0.451     0.141     0.038       35     4.7  G_occipital_sup
 2458   1802   4616  2.280 0.734     0.146     0.038       36     4.2  G_oc-temp_lat-fusifor
 3614   2576   3964  1.456 0.454     0.141     0.028       43     4.4  G_oc-temp_med-Lingual
 1474    992   3427  2.758 0.852     0.122     0.040       19     2.4  G_oc-temp_med-Parahip
 2886   2054   6263  2.435 0.949     0.136     0.049       65     6.1  G_orbital
 2937   2057   6007  2.379 0.814     0.143     0.036       44     4.4  G_pariet_inf-Angular
 4242   2839   8116  2.352 0.665     0.117     0.023       47     4.0  G_pariet_inf-Supramar
 4156   2438   6171  2.107 0.679     0.115     0.034       48     5.6  G_parietal_sup
 3681   2096   5020  1.971 0.646     0.116     0.031       49     4.6  G_postcentral
 3301   1923   6280  2.534 0.737     0.107     0.026       40     3.4  G_precentral
 3562   2288   6163  2.218 0.630     0.122     0.024       42     3.6  G_precuneus
 1302    855   2353  2.127 0.735     0.119     0.033       27     2.1  G_rectus
 1044    652   1605  2.349 1.027     0.124     0.048       18     2.2  G_subcallosal
  724    440    777  1.539 0.286     0.091     0.016        4     0.6  G_temp_sup-G_T_transv
 2582   1703   6686  2.880 0.783     0.118     0.027       29     2.9  G_temp_sup-Lateral
 1145    769   2566  3.168 0.703     0.091     0.021        6     0.9  G_temp_sup-Plan_polar
 1651   1113   2857  2.379 0.589     0.110     0.019       24     1.5  G_temp_sup-Plan_tempo
 2930   2138   8102  2.756 0.906     0.147     0.043       45     5.3  G_temporal_inf
 2431   1898   7712  2.883 0.721     0.152     0.032       39     3.2  G_temporal_middle
  388    246    398  1.841 0.361     0.085     0.009        2     0.1  Lat_Fis-ant-Horizont
  522    359    658  2.034 0.619     0.117     0.022        4     0.5  Lat_Fis-ant-Vertical
 1452    988   1519  1.896 0.382     0.118     0.024       11     1.4  Lat_Fis-post
 2882   2193   2838  1.395 0.456     0.181     0.049       47     7.7  Pole_occipital
 1828   1355   6228  3.178 0.875     0.146     0.034       25     2.5  Pole_temporal
 2698   1908   2531  1.564 0.562     0.139     0.031       32     3.7  S_calcarine
 3702   2475   3779  1.715 0.582     0.108     0.021       27     3.4  S_central
 1087    732   1269  1.897 0.515     0.098     0.014        6     0.6  S_cingul-Marginalis
  708    464   1104  2.892 0.501     0.091     0.016        3     0.5  S_circular_insula_ant
 1731   1168   2696  2.865 0.725     0.086     0.013        7     0.9  S_circular_insula_inf
 1997   1384   2856  2.639 0.441     0.116     0.023       12     1.9  S_circular_insula_sup
 1152    784   1693  2.451 0.455     0.094     0.017        7     0.6  S_collat_transv_ant
  617    425    511  1.497 0.279     0.143     0.024        8     0.6  S_collat_transv_post
 2655   1789   3420  2.021 0.479     0.114     0.019       24     2.0  S_front_inf
 1489   1050   2267  2.047 0.543     0.108     0.017       12     1.1  S_front_middle
 3258   2176   4149  2.095 0.440     0.099     0.017       20     2.4  S_front_sup
  407    288    758  2.490 0.609     0.131     0.026        3     0.5  S_interm_prim-Jensen
 3547   2338   4054  1.915 0.482     0.108     0.020       28     3.0  S_intrapariet_and_P_trans
 1539   1075   1691  1.908 0.316     0.135     0.027       15     2.1  S_oc_middle_and_Lunatus
 2071   1394   2081  1.768 0.387     0.125     0.024       18     2.1  S_oc_sup_and_transversal
  700    485   1436  2.459 0.735     0.112     0.019        6     0.5  S_occipital_ant
 1174    802   1535  2.257 0.429     0.118     0.020       10     1.1  S_oc-temp_lat
 2962   2103   3817  2.158 0.584     0.120     0.024       24     3.0  S_oc-temp_med_and_Lingual
  393    294    619  2.016 0.538     0.137     0.026        5     0.4  S_orbital_lateral
  980    652   1088  2.042 0.561     0.096     0.012        7     0.4  S_orbital_med-olfact
 1909   1316   3223  2.543 0.636     0.129     0.030       21     2.5  S_orbital-H_Shaped
 3195   2160   3485  1.854 0.526     0.122     0.024       29     3.2  S_parieto_occipital
 1898   1160   1423  1.521 0.554     0.099     0.015       20     1.5  S_pericallosal
 4160   2723   4997  1.908 0.545     0.114     0.019       34     3.4  S_postcentral
 2034   1325   2711  2.238 0.500     0.091     0.015       11     1.3  S_precentral-inf-part
 1696   1084   1836  1.804 0.517     0.092     0.016       11     1.1  S_precentral-sup-part
  786    558    915  1.927 0.716     0.117     0.016        7     0.6  S_suborbital
 1354    959   1572  1.978 0.402     0.130     0.028       13     1.6  S_subparietal
 2196   1485   3234  2.325 0.511     0.100     0.016       13     1.5  S_temporal_inf
 6323   4394   9290  2.254 0.474     0.111     0.019       48     5.3  S_temporal_sup
  543    369    663  2.183 0.432     0.100     0.018        3     0.4  S_temporal_transverse
#-----------------------------------------
#@# Parcellation Stats 3 lh Sun Mar  8 21:00:55 CET 2026
/out/sourcedata/freesurfer/sub-v1s14x0051566_ses-1/scripts

 mris_anatomical_stats -th3 -mgz -noglobal -cortex ../label/lh.cortex.label -f ../stats/lh.aparc.DKTatlas.stats -b -a ../label/lh.aparc.DKTatlas.annot -c ../label/aparc.annot.DKTatlas.ctab sub-v1s14x0051566_ses-1 lh white 

computing statistics for each annotation in ../label/lh.aparc.DKTatlas.annot.
reading volume /out/sourcedata/freesurfer/sub-v1s14x0051566_ses-1/mri/wm.mgz...
reading input surface /out/sourcedata/freesurfer/sub-v1s14x0051566_ses-1/surf/lh.white...
reading input pial surface /out/sourcedata/freesurfer/sub-v1s14x0051566_ses-1/surf/lh.pial...
reading input white surface /out/sourcedata/freesurfer/sub-v1s14x0051566_ses-1/surf/lh.white...
INFO: using TH3 volume calc
INFO: assuming MGZ format for volumes.
INFO: not computing global stats
INFO: using ../label/lh.cortex.label as mask to calc cortex NumVert, SurfArea and MeanThickness.
Using TH3 vertex volume calc
Total face volume 255903
Total vertex volume 255739 (mask=0)
Saving annotation colortable ../label/aparc.annot.DKTatlas.ctab

table columns are:
    number of vertices
    total surface area (mm^2)
    total gray matter volume (mm^3)
    average cortical thickness +- standard deviation (mm)
    integrated rectified mean curvature
    integrated rectified Gaussian curvature
    folding index
    intrinsic curvature index
    structure name

 1810   1171   3076  2.302 0.696     0.117     0.018       20     1.4  caudalanteriorcingulate
 4226   2789   6721  2.199 0.567     0.107     0.018       35     3.1  caudalmiddlefrontal
 4510   2989   4495  1.521 0.398     0.129     0.026       50     5.1  cuneus
  821    588   2246  3.116 0.833     0.138     0.049       13     1.7  entorhinal
 5357   3843   8882  2.266 0.648     0.128     0.030       58     6.9  fusiform
 8511   5890  13016  2.170 0.659     0.136     0.032      102    12.0  inferiorparietal
 5837   4148  13005  2.611 0.800     0.131     0.032       66     7.7  inferiortemporal
 2235   1574   3822  2.191 0.910     0.123     0.028       25     2.6  isthmuscingulate
10631   7422  13291  1.749 0.645     0.158     0.043      164    21.1  lateraloccipital
 5596   3893   9791  2.369 0.792     0.131     0.039       92     9.5  lateralorbitofrontal
 5492   3884   5927  1.571 0.482     0.136     0.027       62     6.3  lingual
 3172   2071   5054  2.132 0.781     0.114     0.028       50     4.1  medialorbitofrontal
 5909   4351  14060  2.636 0.694     0.130     0.025       67     6.2  middletemporal
 1215    809   2132  2.468 0.608     0.107     0.024       11     1.2  parahippocampal
 3208   1778   4118  2.165 0.702     0.094     0.018       23     2.4  paracentral
 2592   1696   4601  2.448 0.592     0.103     0.019       22     1.9  parsopercularis
 1241    800   2364  2.429 0.705     0.115     0.035       15     1.8  parsorbitalis
 2960   1993   4819  2.190 0.596     0.123     0.023       34     2.7  parstriangularis
 2114   1484   1594  1.263 0.269     0.134     0.025       24     2.4  pericalcarine
10089   6355  12805  1.858 0.635     0.115     0.025      149    10.5  postcentral
 2263   1525   3418  2.116 0.729     0.127     0.026       25     2.8  posteriorcingulate
 8875   5583  13937  2.314 0.683     0.112     0.025       89     9.3  precentral
 6955   4647  10174  2.124 0.596     0.124     0.026       72     7.3  precuneus
 2222   1543   3949  2.401 0.779     0.132     0.029       33     2.8  rostralanteriorcingulate
 6166   4555  12663  2.302 0.664     0.136     0.027       80     7.4  rostralmiddlefrontal
12494   8354  23671  2.390 0.644     0.114     0.022      117    11.5  superiorfrontal
 9072   5606  11413  1.915 0.591     0.118     0.029       97    11.0  superiorparietal
 9855   6626  20178  2.698 0.775     0.106     0.021       88     8.7  superiortemporal
 7428   4999  12676  2.257 0.641     0.118     0.023       75     6.9  supramarginal
  871    546    972  1.651 0.362     0.091     0.016        5     0.6  transversetemporal
 3650   2553   6868  2.786 0.666     0.125     0.029       38     4.1  insula
/out/sourcedata/freesurfer/sub-v1s14x0051566_ses-1/label
#--------------------------------------------
#@# BA_exvivo Labels lh Sun Mar  8 21:01:07 CET 2026

 mri_label2label --srcsubject fsaverage --srclabel /out/sourcedata/freesurfer/fsaverage/label/lh.BA1_exvivo.label --trgsubject sub-v1s14x0051566_ses-1 --trglabel ./lh.BA1_exvivo.label --hemi lh --regmethod surface 


srclabel = /out/sourcedata/freesurfer/fsaverage/label/lh.BA1_exvivo.label
srcsubject = fsaverage
trgsubject = sub-v1s14x0051566_ses-1
trglabel = ./lh.BA1_exvivo.label
regmethod = surface

srchemi = lh
trghemi = lh
trgsurface = white
srcsurfreg = sphere.reg
trgsurfreg = sphere.reg
usehash = 1
Use ProjAbs  = 0, 0
Use ProjFrac = 0, 0
DoPaint 0

SUBJECTS_DIR    /out/sourcedata/freesurfer
FREESURFER_HOME /opt/freesurfer
Loading source label.
Found 4129 points in source label.
Starting surface-based mapping
Reading source registration 
 /out/sourcedata/freesurfer/fsaverage/surf/lh.sphere.reg
Rescaling ...  original radius = 100
Reading target surface 
 /out/sourcedata/freesurfer/sub-v1s14x0051566_ses-1/surf/lh.white
Reading target registration 
 /out/sourcedata/freesurfer/sub-v1s14x0051566_ses-1/surf/lh.sphere.reg
Rescaling ...  original radius = 100
Building target registration hash (res=16).
Building source registration hash (res=16).
INFO: found  4129 nlabel points
Performing mapping from target back to the source label 166575
Number of reverse mapping hits = 935
Checking for and removing duplicates
Writing label file ./lh.BA1_exvivo.label 5064
mri_label2label: Done


 mri_label2label --srcsubject fsaverage --srclabel /out/sourcedata/freesurfer/fsaverage/label/lh.BA2_exvivo.label --trgsubject sub-v1s14x0051566_ses-1 --trglabel ./lh.BA2_exvivo.label --hemi lh --regmethod surface 


srclabel = /out/sourcedata/freesurfer/fsaverage/label/lh.BA2_exvivo.label
srcsubject = fsaverage
trgsubject = sub-v1s14x0051566_ses-1
trglabel = ./lh.BA2_exvivo.label
regmethod = surface

srchemi = lh
trghemi = lh
trgsurface = white
srcsurfreg = sphere.reg
trgsurfreg = sphere.reg
usehash = 1
Use ProjAbs  = 0, 0
Use ProjFrac = 0, 0
DoPaint 0

SUBJECTS_DIR    /out/sourcedata/freesurfer
FREESURFER_HOME /opt/freesurfer
Loading source label.
Found 7909 points in source label.
Starting surface-based mapping
Reading source registration 
 /out/sourcedata/freesurfer/fsaverage/surf/lh.sphere.reg
Rescaling ...  original radius = 100
Reading target surface 
 /out/sourcedata/freesurfer/sub-v1s14x0051566_ses-1/surf/lh.white
Reading target registration 
 /out/sourcedata/freesurfer/sub-v1s14x0051566_ses-1/surf/lh.sphere.reg
Rescaling ...  original radius = 100
Building target registration hash (res=16).
Building source registration hash (res=16).
INFO: found  7909 nlabel points
Performing mapping from target back to the source label 166575
Number of reverse mapping hits = 1454
Checking for and removing duplicates
Writing label file ./lh.BA2_exvivo.label 9363
mri_label2label: Done


 mri_label2label --srcsubject fsaverage --srclabel /out/sourcedata/freesurfer/fsaverage/label/lh.BA3a_exvivo.label --trgsubject sub-v1s14x0051566_ses-1 --trglabel ./lh.BA3a_exvivo.label --hemi lh --regmethod surface 


srclabel = /out/sourcedata/freesurfer/fsaverage/label/lh.BA3a_exvivo.label
srcsubject = fsaverage
trgsubject = sub-v1s14x0051566_ses-1
trglabel = ./lh.BA3a_exvivo.label
regmethod = surface

srchemi = lh
trghemi = lh
trgsurface = white
srcsurfreg = sphere.reg
trgsurfreg = sphere.reg
usehash = 1
Use ProjAbs  = 0, 0
Use ProjFrac = 0, 0
DoPaint 0

SUBJECTS_DIR    /out/sourcedata/freesurfer
FREESURFER_HOME /opt/freesurfer
Loading source label.
Found 4077 points in source label.
Starting surface-based mapping
Reading source registration 
 /out/sourcedata/freesurfer/fsaverage/surf/lh.sphere.reg
Rescaling ...  original radius = 100
Reading target surface 
 /out/sourcedata/freesurfer/sub-v1s14x0051566_ses-1/surf/lh.white
Reading target registration 
 /out/sourcedata/freesurfer/sub-v1s14x0051566_ses-1/surf/lh.sphere.reg
Rescaling ...  original radius = 100
Building target registration hash (res=16).
Building source registration hash (res=16).
INFO: found  4077 nlabel points
Performing mapping from target back to the source label 166575
Number of reverse mapping hits = 159
Checking for and removing duplicates
Writing label file ./lh.BA3a_exvivo.label 4236
mri_label2label: Done


 mri_label2label --srcsubject fsaverage --srclabel /out/sourcedata/freesurfer/fsaverage/label/lh.BA3b_exvivo.label --trgsubject sub-v1s14x0051566_ses-1 --trglabel ./lh.BA3b_exvivo.label --hemi lh --regmethod surface 


srclabel = /out/sourcedata/freesurfer/fsaverage/label/lh.BA3b_exvivo.label
srcsubject = fsaverage
trgsubject = sub-v1s14x0051566_ses-1
trglabel = ./lh.BA3b_exvivo.label
regmethod = surface

srchemi = lh
trghemi = lh
trgsurface = white
srcsurfreg = sphere.reg
trgsurfreg = sphere.reg
usehash = 1
Use ProjAbs  = 0, 0
Use ProjFrac = 0, 0
DoPaint 0

SUBJECTS_DIR    /out/sourcedata/freesurfer
FREESURFER_HOME /opt/freesurfer
Loading source label.
Found 5983 points in source label.
Starting surface-based mapping
Reading source registration 
 /out/sourcedata/freesurfer/fsaverage/surf/lh.sphere.reg
Rescaling ...  original radius = 100
Reading target surface 
 /out/sourcedata/freesurfer/sub-v1s14x0051566_ses-1/surf/lh.white
Reading target registration 
 /out/sourcedata/freesurfer/sub-v1s14x0051566_ses-1/surf/lh.sphere.reg
Rescaling ...  original radius = 100
Building target registration hash (res=16).
Building source registration hash (res=16).
INFO: found  5983 nlabel points
Performing mapping from target back to the source label 166575
Number of reverse mapping hits = 638
Checking for and removing duplicates
Writing label file ./lh.BA3b_exvivo.label 6621
mri_label2label: Done


 mri_label2label --srcsubject fsaverage --srclabel /out/sourcedata/freesurfer/fsaverage/label/lh.BA4a_exvivo.label --trgsubject sub-v1s14x0051566_ses-1 --trglabel ./lh.BA4a_exvivo.label --hemi lh --regmethod surface 


srclabel = /out/sourcedata/freesurfer/fsaverage/label/lh.BA4a_exvivo.label
srcsubject = fsaverage
trgsubject = sub-v1s14x0051566_ses-1
trglabel = ./lh.BA4a_exvivo.label
regmethod = surface

srchemi = lh
trghemi = lh
trgsurface = white
srcsurfreg = sphere.reg
trgsurfreg = sphere.reg
usehash = 1
Use ProjAbs  = 0, 0
Use ProjFrac = 0, 0
DoPaint 0

SUBJECTS_DIR    /out/sourcedata/freesurfer
FREESURFER_HOME /opt/freesurfer
Loading source label.
Found 5784 points in source label.
Starting surface-based mapping
Reading source registration 
 /out/sourcedata/freesurfer/fsaverage/surf/lh.sphere.reg
Rescaling ...  original radius = 100
Reading target surface 
 /out/sourcedata/freesurfer/sub-v1s14x0051566_ses-1/surf/lh.white
Reading target registration 
 /out/sourcedata/freesurfer/sub-v1s14x0051566_ses-1/surf/lh.sphere.reg
Rescaling ...  original radius = 100
Building target registration hash (res=16).
Building source registration hash (res=16).
INFO: found  5784 nlabel points
Performing mapping from target back to the source label 166575
Number of reverse mapping hits = 718
Checking for and removing duplicates
Writing label file ./lh.BA4a_exvivo.label 6502
mri_label2label: Done


 mri_label2label --srcsubject fsaverage --srclabel /out/sourcedata/freesurfer/fsaverage/label/lh.BA4p_exvivo.label --trgsubject sub-v1s14x0051566_ses-1 --trglabel ./lh.BA4p_exvivo.label --hemi lh --regmethod surface 


srclabel = /out/sourcedata/freesurfer/fsaverage/label/lh.BA4p_exvivo.label
srcsubject = fsaverage
trgsubject = sub-v1s14x0051566_ses-1
trglabel = ./lh.BA4p_exvivo.label
regmethod = surface

srchemi = lh
trghemi = lh
trgsurface = white
srcsurfreg = sphere.reg
trgsurfreg = sphere.reg
usehash = 1
Use ProjAbs  = 0, 0
Use ProjFrac = 0, 0
DoPaint 0

SUBJECTS_DIR    /out/sourcedata/freesurfer
FREESURFER_HOME /opt/freesurfer
Loading source label.
Found 4070 points in source label.
Starting surface-based mapping
Reading source registration 
 /out/sourcedata/freesurfer/fsaverage/surf/lh.sphere.reg
Rescaling ...  original radius = 100
Reading target surface 
 /out/sourcedata/freesurfer/sub-v1s14x0051566_ses-1/surf/lh.white
Reading target registration 
 /out/sourcedata/freesurfer/sub-v1s14x0051566_ses-1/surf/lh.sphere.reg
Rescaling ...  original radius = 100
Building target registration hash (res=16).
Building source registration hash (res=16).
INFO: found  4070 nlabel points
Performing mapping from target back to the source label 166575
Number of reverse mapping hits = 380
Checking for and removing duplicates
Writing label file ./lh.BA4p_exvivo.label 4450
mri_label2label: Done


 mri_label2label --srcsubject fsaverage --srclabel /out/sourcedata/freesurfer/fsaverage/label/lh.BA6_exvivo.label --trgsubject sub-v1s14x0051566_ses-1 --trglabel ./lh.BA6_exvivo.label --hemi lh --regmethod surface 


srclabel = /out/sourcedata/freesurfer/fsaverage/label/lh.BA6_exvivo.label
srcsubject = fsaverage
trgsubject = sub-v1s14x0051566_ses-1
trglabel = ./lh.BA6_exvivo.label
regmethod = surface

srchemi = lh
trghemi = lh
trgsurface = white
srcsurfreg = sphere.reg
trgsurfreg = sphere.reg
usehash = 1
Use ProjAbs  = 0, 0
Use ProjFrac = 0, 0
DoPaint 0

SUBJECTS_DIR    /out/sourcedata/freesurfer
FREESURFER_HOME /opt/freesurfer
Loading source label.
Found 13589 points in source label.
Starting surface-based mapping
Reading source registration 
 /out/sourcedata/freesurfer/fsaverage/surf/lh.sphere.reg
Rescaling ...  original radius = 100
Reading target surface 
 /out/sourcedata/freesurfer/sub-v1s14x0051566_ses-1/surf/lh.white
Reading target registration 
 /out/sourcedata/freesurfer/sub-v1s14x0051566_ses-1/surf/lh.sphere.reg
Rescaling ...  original radius = 100
Building target registration hash (res=16).
Building source registration hash (res=16).
INFO: found  13589 nlabel points
Performing mapping from target back to the source label 166575
Number of reverse mapping hits = 1648
Checking for and removing duplicates
Writing label file ./lh.BA6_exvivo.label 15237
mri_label2label: Done


 mri_label2label --srcsubject fsaverage --srclabel /out/sourcedata/freesurfer/fsaverage/label/lh.BA44_exvivo.label --trgsubject sub-v1s14x0051566_ses-1 --trglabel ./lh.BA44_exvivo.label --hemi lh --regmethod surface 


srclabel = /out/sourcedata/freesurfer/fsaverage/label/lh.BA44_exvivo.label
srcsubject = fsaverage
trgsubject = sub-v1s14x0051566_ses-1
trglabel = ./lh.BA44_exvivo.label
regmethod = surface

srchemi = lh
trghemi = lh
trgsurface = white
srcsurfreg = sphere.reg
trgsurfreg = sphere.reg
usehash = 1
Use ProjAbs  = 0, 0
Use ProjFrac = 0, 0
DoPaint 0

SUBJECTS_DIR    /out/sourcedata/freesurfer
FREESURFER_HOME /opt/freesurfer
Loading source label.
Found 4181 points in source label.
Starting surface-based mapping
Reading source registration 
 /out/sourcedata/freesurfer/fsaverage/surf/lh.sphere.reg
Rescaling ...  original radius = 100
Reading target surface 
 /out/sourcedata/freesurfer/sub-v1s14x0051566_ses-1/surf/lh.white
Reading target registration 
 /out/sourcedata/freesurfer/sub-v1s14x0051566_ses-1/surf/lh.sphere.reg
Rescaling ...  original radius = 100
Building target registration hash (res=16).
Building source registration hash (res=16).
INFO: found  4181 nlabel points
Performing mapping from target back to the source label 166575
Number of reverse mapping hits = 368
Checking for and removing duplicates
Writing label file ./lh.BA44_exvivo.label 4549
mri_label2label: Done


 mri_label2label --srcsubject fsaverage --srclabel /out/sourcedata/freesurfer/fsaverage/label/lh.BA45_exvivo.label --trgsubject sub-v1s14x0051566_ses-1 --trglabel ./lh.BA45_exvivo.label --hemi lh --regmethod surface 


srclabel = /out/sourcedata/freesurfer/fsaverage/label/lh.BA45_exvivo.label
srcsubject = fsaverage
trgsubject = sub-v1s14x0051566_ses-1
trglabel = ./lh.BA45_exvivo.label
regmethod = surface

srchemi = lh
trghemi = lh
trgsurface = white
srcsurfreg = sphere.reg
trgsurfreg = sphere.reg
usehash = 1
Use ProjAbs  = 0, 0
Use ProjFrac = 0, 0
DoPaint 0

SUBJECTS_DIR    /out/sourcedata/freesurfer
FREESURFER_HOME /opt/freesurfer
Loading source label.
Found 3422 points in source label.
Starting surface-based mapping
Reading source registration 
 /out/sourcedata/freesurfer/fsaverage/surf/lh.sphere.reg
Rescaling ...  original radius = 100
Reading target surface 
 /out/sourcedata/freesurfer/sub-v1s14x0051566_ses-1/surf/lh.white
Reading target registration 
 /out/sourcedata/freesurfer/sub-v1s14x0051566_ses-1/surf/lh.sphere.reg
Rescaling ...  original radius = 100
Building target registration hash (res=16).
Building source registration hash (res=16).
INFO: found  3422 nlabel points
Performing mapping from target back to the source label 166575
Number of reverse mapping hits = 986
Checking for and removing duplicates
Writing label file ./lh.BA45_exvivo.label 4408
mri_label2label: Done


 mri_label2label --srcsubject fsaverage --srclabel /out/sourcedata/freesurfer/fsaverage/label/lh.V1_exvivo.label --trgsubject sub-v1s14x0051566_ses-1 --trglabel ./lh.V1_exvivo.label --hemi lh --regmethod surface 


srclabel = /out/sourcedata/freesurfer/fsaverage/label/lh.V1_exvivo.label
srcsubject = fsaverage
trgsubject = sub-v1s14x0051566_ses-1
trglabel = ./lh.V1_exvivo.label
regmethod = surface

srchemi = lh
trghemi = lh
trgsurface = white
srcsurfreg = sphere.reg
trgsurfreg = sphere.reg
usehash = 1
Use ProjAbs  = 0, 0
Use ProjFrac = 0, 0
DoPaint 0

SUBJECTS_DIR    /out/sourcedata/freesurfer
FREESURFER_HOME /opt/freesurfer
Loading source label.
Found 4641 points in source label.
Starting surface-based mapping
Reading source registration 
 /out/sourcedata/freesurfer/fsaverage/surf/lh.sphere.reg
Rescaling ...  original radius = 100
Reading target surface 
 /out/sourcedata/freesurfer/sub-v1s14x0051566_ses-1/surf/lh.white
Reading target registration 
 /out/sourcedata/freesurfer/sub-v1s14x0051566_ses-1/surf/lh.sphere.reg
Rescaling ...  original radius = 100
Building target registration hash (res=16).
Building source registration hash (res=16).
INFO: found  4641 nlabel points
Performing mapping from target back to the source label 166575
Number of reverse mapping hits = 1727
Checking for and removing duplicates
Writing label file ./lh.V1_exvivo.label 6368
mri_label2label: Done


 mri_label2label --srcsubject fsaverage --srclabel /out/sourcedata/freesurfer/fsaverage/label/lh.V2_exvivo.label --trgsubject sub-v1s14x0051566_ses-1 --trglabel ./lh.V2_exvivo.label --hemi lh --regmethod surface 


srclabel = /out/sourcedata/freesurfer/fsaverage/label/lh.V2_exvivo.label
srcsubject = fsaverage
trgsubject = sub-v1s14x0051566_ses-1
trglabel = ./lh.V2_exvivo.label
regmethod = surface

srchemi = lh
trghemi = lh
trgsurface = white
srcsurfreg = sphere.reg
trgsurfreg = sphere.reg
usehash = 1
Use ProjAbs  = 0, 0
Use ProjFrac = 0, 0
DoPaint 0

SUBJECTS_DIR    /out/sourcedata/freesurfer
FREESURFER_HOME /opt/freesurfer
Loading source label.
Found 8114 points in source label.
Starting surface-based mapping
Reading source registration 
 /out/sourcedata/freesurfer/fsaverage/surf/lh.sphere.reg
Rescaling ...  original radius = 100
Reading target surface 
 /out/sourcedata/freesurfer/sub-v1s14x0051566_ses-1/surf/lh.white
Reading target registration 
 /out/sourcedata/freesurfer/sub-v1s14x0051566_ses-1/surf/lh.sphere.reg
Rescaling ...  original radius = 100
Building target registration hash (res=16).
Building source registration hash (res=16).
INFO: found  8114 nlabel points
Performing mapping from target back to the source label 166575
Number of reverse mapping hits = 4814
Checking for and removing duplicates
Writing label file ./lh.V2_exvivo.label 12928
mri_label2label: Done


 mri_label2label --srcsubject fsaverage --srclabel /out/sourcedata/freesurfer/fsaverage/label/lh.MT_exvivo.label --trgsubject sub-v1s14x0051566_ses-1 --trglabel ./lh.MT_exvivo.label --hemi lh --regmethod surface 


srclabel = /out/sourcedata/freesurfer/fsaverage/label/lh.MT_exvivo.label
srcsubject = fsaverage
trgsubject = sub-v1s14x0051566_ses-1
trglabel = ./lh.MT_exvivo.label
regmethod = surface

srchemi = lh
trghemi = lh
trgsurface = white
srcsurfreg = sphere.reg
trgsurfreg = sphere.reg
usehash = 1
Use ProjAbs  = 0, 0
Use ProjFrac = 0, 0
DoPaint 0

SUBJECTS_DIR    /out/sourcedata/freesurfer
FREESURFER_HOME /opt/freesurfer
Loading source label.
Found 2018 points in source label.
Starting surface-based mapping
Reading source registration 
 /out/sourcedata/freesurfer/fsaverage/surf/lh.sphere.reg
Rescaling ...  original radius = 100
Reading target surface 
 /out/sourcedata/freesurfer/sub-v1s14x0051566_ses-1/surf/lh.white
Reading target registration 
 /out/sourcedata/freesurfer/sub-v1s14x0051566_ses-1/surf/lh.sphere.reg
Rescaling ...  original radius = 100
Building target registration hash (res=16).
Building source registration hash (res=16).
INFO: found  2018 nlabel points
Performing mapping from target back to the source label 166575
Number of reverse mapping hits = 788
Checking for and removing duplicates
Writing label file ./lh.MT_exvivo.label 2806
mri_label2label: Done


 mri_label2label --srcsubject fsaverage --srclabel /out/sourcedata/freesurfer/fsaverage/label/lh.entorhinal_exvivo.label --trgsubject sub-v1s14x0051566_ses-1 --trglabel ./lh.entorhinal_exvivo.label --hemi lh --regmethod surface 


srclabel = /out/sourcedata/freesurfer/fsaverage/label/lh.entorhinal_exvivo.label
srcsubject = fsaverage
trgsubject = sub-v1s14x0051566_ses-1
trglabel = ./lh.entorhinal_exvivo.label
regmethod = surface

srchemi = lh
trghemi = lh
trgsurface = white
srcsurfreg = sphere.reg
trgsurfreg = sphere.reg
usehash = 1
Use ProjAbs  = 0, 0
Use ProjFrac = 0, 0
DoPaint 0

SUBJECTS_DIR    /out/sourcedata/freesurfer
FREESURFER_HOME /opt/freesurfer
Loading source label.
Found 1290 points in source label.
Starting surface-based mapping
Reading source registration 
 /out/sourcedata/freesurfer/fsaverage/surf/lh.sphere.reg
Rescaling ...  original radius = 100
Reading target surface 
 /out/sourcedata/freesurfer/sub-v1s14x0051566_ses-1/surf/lh.white
Reading target registration 
 /out/sourcedata/freesurfer/sub-v1s14x0051566_ses-1/surf/lh.sphere.reg
Rescaling ...  original radius = 100
Building target registration hash (res=16).
Building source registration hash (res=16).
INFO: found  1290 nlabel points
Performing mapping from target back to the source label 166575
Number of reverse mapping hits = 89
Checking for and removing duplicates
Writing label file ./lh.entorhinal_exvivo.label 1379
mri_label2label: Done


 mri_label2label --srcsubject fsaverage --srclabel /out/sourcedata/freesurfer/fsaverage/label/lh.perirhinal_exvivo.label --trgsubject sub-v1s14x0051566_ses-1 --trglabel ./lh.perirhinal_exvivo.label --hemi lh --regmethod surface 


srclabel = /out/sourcedata/freesurfer/fsaverage/label/lh.perirhinal_exvivo.label
srcsubject = fsaverage
trgsubject = sub-v1s14x0051566_ses-1
trglabel = ./lh.perirhinal_exvivo.label
regmethod = surface

srchemi = lh
trghemi = lh
trgsurface = white
srcsurfreg = sphere.reg
trgsurfreg = sphere.reg
usehash = 1
Use ProjAbs  = 0, 0
Use ProjFrac = 0, 0
DoPaint 0

SUBJECTS_DIR    /out/sourcedata/freesurfer
FREESURFER_HOME /opt/freesurfer
Loading source label.
Found 1199 points in source label.
Starting surface-based mapping
Reading source registration 
 /out/sourcedata/freesurfer/fsaverage/surf/lh.sphere.reg
Rescaling ...  original radius = 100
Reading target surface 
 /out/sourcedata/freesurfer/sub-v1s14x0051566_ses-1/surf/lh.white
Reading target registration 
 /out/sourcedata/freesurfer/sub-v1s14x0051566_ses-1/surf/lh.sphere.reg
Rescaling ...  original radius = 100
Building target registration hash (res=16).
Building source registration hash (res=16).
INFO: found  1199 nlabel points
Performing mapping from target back to the source label 166575
Number of reverse mapping hits = 97
Checking for and removing duplicates
Writing label file ./lh.perirhinal_exvivo.label 1296
mri_label2label: Done


 mri_label2label --srcsubject fsaverage --srclabel /out/sourcedata/freesurfer/fsaverage/label/lh.FG1.mpm.vpnl.label --trgsubject sub-v1s14x0051566_ses-1 --trglabel ./lh.FG1.mpm.vpnl.label --hemi lh --regmethod surface 


srclabel = /out/sourcedata/freesurfer/fsaverage/label/lh.FG1.mpm.vpnl.label
srcsubject = fsaverage
trgsubject = sub-v1s14x0051566_ses-1
trglabel = ./lh.FG1.mpm.vpnl.label
regmethod = surface

srchemi = lh
trghemi = lh
trgsurface = white
srcsurfreg = sphere.reg
trgsurfreg = sphere.reg
usehash = 1
Use ProjAbs  = 0, 0
Use ProjFrac = 0, 0
DoPaint 0

SUBJECTS_DIR    /out/sourcedata/freesurfer
FREESURFER_HOME /opt/freesurfer
Loading source label.
Found 414 points in source label.
Starting surface-based mapping
Reading source registration 
 /out/sourcedata/freesurfer/fsaverage/surf/lh.sphere.reg
Rescaling ...  original radius = 100
Reading target surface 
 /out/sourcedata/freesurfer/sub-v1s14x0051566_ses-1/surf/lh.white
Reading target registration 
 /out/sourcedata/freesurfer/sub-v1s14x0051566_ses-1/surf/lh.sphere.reg
Rescaling ...  original radius = 100
Building target registration hash (res=16).
Building source registration hash (res=16).
INFO: found  414 nlabel points
Performing mapping from target back to the source label 166575
Number of reverse mapping hits = 178
Checking for and removing duplicates
Writing label file ./lh.FG1.mpm.vpnl.label 592
mri_label2label: Done


 mri_label2label --srcsubject fsaverage --srclabel /out/sourcedata/freesurfer/fsaverage/label/lh.FG2.mpm.vpnl.label --trgsubject sub-v1s14x0051566_ses-1 --trglabel ./lh.FG2.mpm.vpnl.label --hemi lh --regmethod surface 


srclabel = /out/sourcedata/freesurfer/fsaverage/label/lh.FG2.mpm.vpnl.label
srcsubject = fsaverage
trgsubject = sub-v1s14x0051566_ses-1
trglabel = ./lh.FG2.mpm.vpnl.label
regmethod = surface

srchemi = lh
trghemi = lh
trgsurface = white
srcsurfreg = sphere.reg
trgsurfreg = sphere.reg
usehash = 1
Use ProjAbs  = 0, 0
Use ProjFrac = 0, 0
DoPaint 0

SUBJECTS_DIR    /out/sourcedata/freesurfer
FREESURFER_HOME /opt/freesurfer
Loading source label.
Found 703 points in source label.
Starting surface-based mapping
Reading source registration 
 /out/sourcedata/freesurfer/fsaverage/surf/lh.sphere.reg
Rescaling ...  original radius = 100
Reading target surface 
 /out/sourcedata/freesurfer/sub-v1s14x0051566_ses-1/surf/lh.white
Reading target registration 
 /out/sourcedata/freesurfer/sub-v1s14x0051566_ses-1/surf/lh.sphere.reg
Rescaling ...  original radius = 100
Building target registration hash (res=16).
Building source registration hash (res=16).
INFO: found  703 nlabel points
Performing mapping from target back to the source label 166575
Number of reverse mapping hits = 306
Checking for and removing duplicates
Writing label file ./lh.FG2.mpm.vpnl.label 1009
mri_label2label: Done


 mri_label2label --srcsubject fsaverage --srclabel /out/sourcedata/freesurfer/fsaverage/label/lh.FG3.mpm.vpnl.label --trgsubject sub-v1s14x0051566_ses-1 --trglabel ./lh.FG3.mpm.vpnl.label --hemi lh --regmethod surface 


srclabel = /out/sourcedata/freesurfer/fsaverage/label/lh.FG3.mpm.vpnl.label
srcsubject = fsaverage
trgsubject = sub-v1s14x0051566_ses-1
trglabel = ./lh.FG3.mpm.vpnl.label
regmethod = surface

srchemi = lh
trghemi = lh
trgsurface = white
srcsurfreg = sphere.reg
trgsurfreg = sphere.reg
usehash = 1
Use ProjAbs  = 0, 0
Use ProjFrac = 0, 0
DoPaint 0

SUBJECTS_DIR    /out/sourcedata/freesurfer
FREESURFER_HOME /opt/freesurfer
Loading source label.
Found 1873 points in source label.
Starting surface-based mapping
Reading source registration 
 /out/sourcedata/freesurfer/fsaverage/surf/lh.sphere.reg
Rescaling ...  original radius = 100
Reading target surface 
 /out/sourcedata/freesurfer/sub-v1s14x0051566_ses-1/surf/lh.white
Reading target registration 
 /out/sourcedata/freesurfer/sub-v1s14x0051566_ses-1/surf/lh.sphere.reg
Rescaling ...  original radius = 100
Building target registration hash (res=16).
Building source registration hash (res=16).
INFO: found  1873 nlabel points
Performing mapping from target back to the source label 166575
Number of reverse mapping hits = 454
Checking for and removing duplicates
Writing label file ./lh.FG3.mpm.vpnl.label 2327
mri_label2label: Done


 mri_label2label --srcsubject fsaverage --srclabel /out/sourcedata/freesurfer/fsaverage/label/lh.FG4.mpm.vpnl.label --trgsubject sub-v1s14x0051566_ses-1 --trglabel ./lh.FG4.mpm.vpnl.label --hemi lh --regmethod surface 


srclabel = /out/sourcedata/freesurfer/fsaverage/label/lh.FG4.mpm.vpnl.label
srcsubject = fsaverage
trgsubject = sub-v1s14x0051566_ses-1
trglabel = ./lh.FG4.mpm.vpnl.label
regmethod = surface

srchemi = lh
trghemi = lh
trgsurface = white
srcsurfreg = sphere.reg
trgsurfreg = sphere.reg
usehash = 1
Use ProjAbs  = 0, 0
Use ProjFrac = 0, 0
DoPaint 0

SUBJECTS_DIR    /out/sourcedata/freesurfer
FREESURFER_HOME /opt/freesurfer
Loading source label.
Found 2101 points in source label.
Starting surface-based mapping
Reading source registration 
 /out/sourcedata/freesurfer/fsaverage/surf/lh.sphere.reg
Rescaling ...  original radius = 100
Reading target surface 
 /out/sourcedata/freesurfer/sub-v1s14x0051566_ses-1/surf/lh.white
Reading target registration 
 /out/sourcedata/freesurfer/sub-v1s14x0051566_ses-1/surf/lh.sphere.reg
Rescaling ...  original radius = 100
Building target registration hash (res=16).
Building source registration hash (res=16).
INFO: found  2101 nlabel points
Performing mapping from target back to the source label 166575
Number of reverse mapping hits = 847
Checking for and removing duplicates
Writing label file ./lh.FG4.mpm.vpnl.label 2948
mri_label2label: Done


 mri_label2label --srcsubject fsaverage --srclabel /out/sourcedata/freesurfer/fsaverage/label/lh.hOc1.mpm.vpnl.label --trgsubject sub-v1s14x0051566_ses-1 --trglabel ./lh.hOc1.mpm.vpnl.label --hemi lh --regmethod surface 


srclabel = /out/sourcedata/freesurfer/fsaverage/label/lh.hOc1.mpm.vpnl.label
srcsubject = fsaverage
trgsubject = sub-v1s14x0051566_ses-1
trglabel = ./lh.hOc1.mpm.vpnl.label
regmethod = surface

srchemi = lh
trghemi = lh
trgsurface = white
srcsurfreg = sphere.reg
trgsurfreg = sphere.reg
usehash = 1
Use ProjAbs  = 0, 0
Use ProjFrac = 0, 0
DoPaint 0

SUBJECTS_DIR    /out/sourcedata/freesurfer
FREESURFER_HOME /opt/freesurfer
Loading source label.
Found 3877 points in source label.
Starting surface-based mapping
Reading source registration 
 /out/sourcedata/freesurfer/fsaverage/surf/lh.sphere.reg
Rescaling ...  original radius = 100
Reading target surface 
 /out/sourcedata/freesurfer/sub-v1s14x0051566_ses-1/surf/lh.white
Reading target registration 
 /out/sourcedata/freesurfer/sub-v1s14x0051566_ses-1/surf/lh.sphere.reg
Rescaling ...  original radius = 100
Building target registration hash (res=16).
Building source registration hash (res=16).
INFO: found  3877 nlabel points
Performing mapping from target back to the source label 166575
Number of reverse mapping hits = 1322
Checking for and removing duplicates
Writing label file ./lh.hOc1.mpm.vpnl.label 5199
mri_label2label: Done


 mri_label2label --srcsubject fsaverage --srclabel /out/sourcedata/freesurfer/fsaverage/label/lh.hOc2.mpm.vpnl.label --trgsubject sub-v1s14x0051566_ses-1 --trglabel ./lh.hOc2.mpm.vpnl.label --hemi lh --regmethod surface 


srclabel = /out/sourcedata/freesurfer/fsaverage/label/lh.hOc2.mpm.vpnl.label
srcsubject = fsaverage
trgsubject = sub-v1s14x0051566_ses-1
trglabel = ./lh.hOc2.mpm.vpnl.label
regmethod = surface

srchemi = lh
trghemi = lh
trgsurface = white
srcsurfreg = sphere.reg
trgsurfreg = sphere.reg
usehash = 1
Use ProjAbs  = 0, 0
Use ProjFrac = 0, 0
DoPaint 0

SUBJECTS_DIR    /out/sourcedata/freesurfer
FREESURFER_HOME /opt/freesurfer
Loading source label.
Found 2919 points in source label.
Starting surface-based mapping
Reading source registration 
 /out/sourcedata/freesurfer/fsaverage/surf/lh.sphere.reg
Rescaling ...  original radius = 100
Reading target surface 
 /out/sourcedata/freesurfer/sub-v1s14x0051566_ses-1/surf/lh.white
Reading target registration 
 /out/sourcedata/freesurfer/sub-v1s14x0051566_ses-1/surf/lh.sphere.reg
Rescaling ...  original radius = 100
Building target registration hash (res=16).
Building source registration hash (res=16).
INFO: found  2919 nlabel points
Performing mapping from target back to the source label 166575
Number of reverse mapping hits = 1938
Checking for and removing duplicates
Writing label file ./lh.hOc2.mpm.vpnl.label 4857
mri_label2label: Done


 mri_label2label --srcsubject fsaverage --srclabel /out/sourcedata/freesurfer/fsaverage/label/lh.hOc3v.mpm.vpnl.label --trgsubject sub-v1s14x0051566_ses-1 --trglabel ./lh.hOc3v.mpm.vpnl.label --hemi lh --regmethod surface 


srclabel = /out/sourcedata/freesurfer/fsaverage/label/lh.hOc3v.mpm.vpnl.label
srcsubject = fsaverage
trgsubject = sub-v1s14x0051566_ses-1
trglabel = ./lh.hOc3v.mpm.vpnl.label
regmethod = surface

srchemi = lh
trghemi = lh
trgsurface = white
srcsurfreg = sphere.reg
trgsurfreg = sphere.reg
usehash = 1
Use ProjAbs  = 0, 0
Use ProjFrac = 0, 0
DoPaint 0

SUBJECTS_DIR    /out/sourcedata/freesurfer
FREESURFER_HOME /opt/freesurfer
Loading source label.
Found 1286 points in source label.
Starting surface-based mapping
Reading source registration 
 /out/sourcedata/freesurfer/fsaverage/surf/lh.sphere.reg
Rescaling ...  original radius = 100
Reading target surface 
 /out/sourcedata/freesurfer/sub-v1s14x0051566_ses-1/surf/lh.white
Reading target registration 
 /out/sourcedata/freesurfer/sub-v1s14x0051566_ses-1/surf/lh.sphere.reg
Rescaling ...  original radius = 100
Building target registration hash (res=16).
Building source registration hash (res=16).
INFO: found  1286 nlabel points
Performing mapping from target back to the source label 166575
Number of reverse mapping hits = 987
Checking for and removing duplicates
Writing label file ./lh.hOc3v.mpm.vpnl.label 2273
mri_label2label: Done


 mri_label2label --srcsubject fsaverage --srclabel /out/sourcedata/freesurfer/fsaverage/label/lh.hOc4v.mpm.vpnl.label --trgsubject sub-v1s14x0051566_ses-1 --trglabel ./lh.hOc4v.mpm.vpnl.label --hemi lh --regmethod surface 


srclabel = /out/sourcedata/freesurfer/fsaverage/label/lh.hOc4v.mpm.vpnl.label
srcsubject = fsaverage
trgsubject = sub-v1s14x0051566_ses-1
trglabel = ./lh.hOc4v.mpm.vpnl.label
regmethod = surface

srchemi = lh
trghemi = lh
trgsurface = white
srcsurfreg = sphere.reg
trgsurfreg = sphere.reg
usehash = 1
Use ProjAbs  = 0, 0
Use ProjFrac = 0, 0
DoPaint 0

SUBJECTS_DIR    /out/sourcedata/freesurfer
FREESURFER_HOME /opt/freesurfer
Loading source label.
Found 1006 points in source label.
Starting surface-based mapping
Reading source registration 
 /out/sourcedata/freesurfer/fsaverage/surf/lh.sphere.reg
Rescaling ...  original radius = 100
Reading target surface 
 /out/sourcedata/freesurfer/sub-v1s14x0051566_ses-1/surf/lh.white
Reading target registration 
 /out/sourcedata/freesurfer/sub-v1s14x0051566_ses-1/surf/lh.sphere.reg
Rescaling ...  original radius = 100
Building target registration hash (res=16).
Building source registration hash (res=16).
INFO: found  1006 nlabel points
Performing mapping from target back to the source label 166575
Number of reverse mapping hits = 696
Checking for and removing duplicates
Writing label file ./lh.hOc4v.mpm.vpnl.label 1702
mri_label2label: Done


 mris_label2annot --s sub-v1s14x0051566_ses-1 --ctab /opt/freesurfer/average/colortable_vpnl.txt --hemi lh --a mpm.vpnl --maxstatwinner --noverbose --l lh.FG1.mpm.vpnl.label --l lh.FG2.mpm.vpnl.label --l lh.FG3.mpm.vpnl.label --l lh.FG4.mpm.vpnl.label --l lh.hOc1.mpm.vpnl.label --l lh.hOc2.mpm.vpnl.label --l lh.hOc3v.mpm.vpnl.label --l lh.hOc4v.mpm.vpnl.label 

Reading ctab /opt/freesurfer/average/colortable_vpnl.txt
Number of ctab entries 9

7.3.2
cwd /out/sourcedata/freesurfer/sub-v1s14x0051566_ses-1/label
cmdline mris_label2annot --s sub-v1s14x0051566_ses-1 --ctab /opt/freesurfer/average/colortable_vpnl.txt --hemi lh --a mpm.vpnl --maxstatwinner --noverbose --l lh.FG1.mpm.vpnl.label --l lh.FG2.mpm.vpnl.label --l lh.FG3.mpm.vpnl.label --l lh.FG4.mpm.vpnl.label --l lh.hOc1.mpm.vpnl.label --l lh.hOc2.mpm.vpnl.label --l lh.hOc3v.mpm.vpnl.label --l lh.hOc4v.mpm.vpnl.label 
sysname  Linux
hostname dna029
machine  x86_64
user     oesteban

subject sub-v1s14x0051566_ses-1
hemi    lh
SUBJECTS_DIR /out/sourcedata/freesurfer
ColorTable /opt/freesurfer/average/colortable_vpnl.txt
AnnotName  mpm.vpnl
nlables 8
LabelThresh 0 0.000000
Loading /out/sourcedata/freesurfer/sub-v1s14x0051566_ses-1/surf/lh.orig
 1 1376057 FG1
 2 16711935 FG2
 3 16711680 FG3
 4 1705837 FG4
 5 25600 hOc1
 6 255 hOc2
 7 16776960 hOc3v
 8 65535 hOc4v
Mapping unhit to unknown
Found 146402 unhit vertices
Writing annot to /out/sourcedata/freesurfer/sub-v1s14x0051566_ses-1/label/lh.mpm.vpnl.annot

 mri_label2label --srcsubject fsaverage --srclabel /out/sourcedata/freesurfer/fsaverage/label/lh.BA1_exvivo.thresh.label --trgsubject sub-v1s14x0051566_ses-1 --trglabel ./lh.BA1_exvivo.thresh.label --hemi lh --regmethod surface 


srclabel = /out/sourcedata/freesurfer/fsaverage/label/lh.BA1_exvivo.thresh.label
srcsubject = fsaverage
trgsubject = sub-v1s14x0051566_ses-1
trglabel = ./lh.BA1_exvivo.thresh.label
regmethod = surface

srchemi = lh
trghemi = lh
trgsurface = white
srcsurfreg = sphere.reg
trgsurfreg = sphere.reg
usehash = 1
Use ProjAbs  = 0, 0
Use ProjFrac = 0, 0
DoPaint 0

SUBJECTS_DIR    /out/sourcedata/freesurfer
FREESURFER_HOME /opt/freesurfer
Loading source label.
Found 1014 points in source label.
Starting surface-based mapping
Reading source registration 
 /out/sourcedata/freesurfer/fsaverage/surf/lh.sphere.reg
Rescaling ...  original radius = 100
Reading target surface 
 /out/sourcedata/freesurfer/sub-v1s14x0051566_ses-1/surf/lh.white
Reading target registration 
 /out/sourcedata/freesurfer/sub-v1s14x0051566_ses-1/surf/lh.sphere.reg
Rescaling ...  original radius = 100
Building target registration hash (res=16).
Building source registration hash (res=16).
INFO: found  1014 nlabel points
Performing mapping from target back to the source label 166575
Number of reverse mapping hits = 233
Checking for and removing duplicates
Writing label file ./lh.BA1_exvivo.thresh.label 1247
mri_label2label: Done


 mri_label2label --srcsubject fsaverage --srclabel /out/sourcedata/freesurfer/fsaverage/label/lh.BA2_exvivo.thresh.label --trgsubject sub-v1s14x0051566_ses-1 --trglabel ./lh.BA2_exvivo.thresh.label --hemi lh --regmethod surface 


srclabel = /out/sourcedata/freesurfer/fsaverage/label/lh.BA2_exvivo.thresh.label
srcsubject = fsaverage
trgsubject = sub-v1s14x0051566_ses-1
trglabel = ./lh.BA2_exvivo.thresh.label
regmethod = surface

srchemi = lh
trghemi = lh
trgsurface = white
srcsurfreg = sphere.reg
trgsurfreg = sphere.reg
usehash = 1
Use ProjAbs  = 0, 0
Use ProjFrac = 0, 0
DoPaint 0

SUBJECTS_DIR    /out/sourcedata/freesurfer
FREESURFER_HOME /opt/freesurfer
Loading source label.
Found 2092 points in source label.
Starting surface-based mapping
Reading source registration 
 /out/sourcedata/freesurfer/fsaverage/surf/lh.sphere.reg
Rescaling ...  original radius = 100
Reading target surface 
 /out/sourcedata/freesurfer/sub-v1s14x0051566_ses-1/surf/lh.white
Reading target registration 
 /out/sourcedata/freesurfer/sub-v1s14x0051566_ses-1/surf/lh.sphere.reg
Rescaling ...  original radius = 100
Building target registration hash (res=16).
Building source registration hash (res=16).
INFO: found  2092 nlabel points
Performing mapping from target back to the source label 166575
Number of reverse mapping hits = 689
Checking for and removing duplicates
Writing label file ./lh.BA2_exvivo.thresh.label 2781
mri_label2label: Done


 mri_label2label --srcsubject fsaverage --srclabel /out/sourcedata/freesurfer/fsaverage/label/lh.BA3a_exvivo.thresh.label --trgsubject sub-v1s14x0051566_ses-1 --trglabel ./lh.BA3a_exvivo.thresh.label --hemi lh --regmethod surface 


srclabel = /out/sourcedata/freesurfer/fsaverage/label/lh.BA3a_exvivo.thresh.label
srcsubject = fsaverage
trgsubject = sub-v1s14x0051566_ses-1
trglabel = ./lh.BA3a_exvivo.thresh.label
regmethod = surface

srchemi = lh
trghemi = lh
trgsurface = white
srcsurfreg = sphere.reg
trgsurfreg = sphere.reg
usehash = 1
Use ProjAbs  = 0, 0
Use ProjFrac = 0, 0
DoPaint 0

SUBJECTS_DIR    /out/sourcedata/freesurfer
FREESURFER_HOME /opt/freesurfer
Loading source label.
Found 1504 points in source label.
Starting surface-based mapping
Reading source registration 
 /out/sourcedata/freesurfer/fsaverage/surf/lh.sphere.reg
Rescaling ...  original radius = 100
Reading target surface 
 /out/sourcedata/freesurfer/sub-v1s14x0051566_ses-1/surf/lh.white
Reading target registration 
 /out/sourcedata/freesurfer/sub-v1s14x0051566_ses-1/surf/lh.sphere.reg
Rescaling ...  original radius = 100
Building target registration hash (res=16).
Building source registration hash (res=16).
INFO: found  1504 nlabel points
Performing mapping from target back to the source label 166575
Number of reverse mapping hits = 47
Checking for and removing duplicates
Writing label file ./lh.BA3a_exvivo.thresh.label 1551
mri_label2label: Done


 mri_label2label --srcsubject fsaverage --srclabel /out/sourcedata/freesurfer/fsaverage/label/lh.BA3b_exvivo.thresh.label --trgsubject sub-v1s14x0051566_ses-1 --trglabel ./lh.BA3b_exvivo.thresh.label --hemi lh --regmethod surface 


srclabel = /out/sourcedata/freesurfer/fsaverage/label/lh.BA3b_exvivo.thresh.label
srcsubject = fsaverage
trgsubject = sub-v1s14x0051566_ses-1
trglabel = ./lh.BA3b_exvivo.thresh.label
regmethod = surface

srchemi = lh
trghemi = lh
trgsurface = white
srcsurfreg = sphere.reg
trgsurfreg = sphere.reg
usehash = 1
Use ProjAbs  = 0, 0
Use ProjFrac = 0, 0
DoPaint 0

SUBJECTS_DIR    /out/sourcedata/freesurfer
FREESURFER_HOME /opt/freesurfer
Loading source label.
Found 1996 points in source label.
Starting surface-based mapping
Reading source registration 
 /out/sourcedata/freesurfer/fsaverage/surf/lh.sphere.reg
Rescaling ...  original radius = 100
Reading target surface 
 /out/sourcedata/freesurfer/sub-v1s14x0051566_ses-1/surf/lh.white
Reading target registration 
 /out/sourcedata/freesurfer/sub-v1s14x0051566_ses-1/surf/lh.sphere.reg
Rescaling ...  original radius = 100
Building target registration hash (res=16).
Building source registration hash (res=16).
INFO: found  1996 nlabel points
Performing mapping from target back to the source label 166575
Number of reverse mapping hits = 199
Checking for and removing duplicates
Writing label file ./lh.BA3b_exvivo.thresh.label 2195
mri_label2label: Done


 mri_label2label --srcsubject fsaverage --srclabel /out/sourcedata/freesurfer/fsaverage/label/lh.BA4a_exvivo.thresh.label --trgsubject sub-v1s14x0051566_ses-1 --trglabel ./lh.BA4a_exvivo.thresh.label --hemi lh --regmethod surface 


srclabel = /out/sourcedata/freesurfer/fsaverage/label/lh.BA4a_exvivo.thresh.label
srcsubject = fsaverage
trgsubject = sub-v1s14x0051566_ses-1
trglabel = ./lh.BA4a_exvivo.thresh.label
regmethod = surface

srchemi = lh
trghemi = lh
trgsurface = white
srcsurfreg = sphere.reg
trgsurfreg = sphere.reg
usehash = 1
Use ProjAbs  = 0, 0
Use ProjFrac = 0, 0
DoPaint 0

SUBJECTS_DIR    /out/sourcedata/freesurfer
FREESURFER_HOME /opt/freesurfer
Loading source label.
Found 2319 points in source label.
Starting surface-based mapping
Reading source registration 
 /out/sourcedata/freesurfer/fsaverage/surf/lh.sphere.reg
Rescaling ...  original radius = 100
Reading target surface 
 /out/sourcedata/freesurfer/sub-v1s14x0051566_ses-1/surf/lh.white
Reading target registration 
 /out/sourcedata/freesurfer/sub-v1s14x0051566_ses-1/surf/lh.sphere.reg
Rescaling ...  original radius = 100
Building target registration hash (res=16).
Building source registration hash (res=16).
INFO: found  2319 nlabel points
Performing mapping from target back to the source label 166575
Number of reverse mapping hits = 224
Checking for and removing duplicates
Writing label file ./lh.BA4a_exvivo.thresh.label 2543
mri_label2label: Done


 mri_label2label --srcsubject fsaverage --srclabel /out/sourcedata/freesurfer/fsaverage/label/lh.BA4p_exvivo.thresh.label --trgsubject sub-v1s14x0051566_ses-1 --trglabel ./lh.BA4p_exvivo.thresh.label --hemi lh --regmethod surface 


srclabel = /out/sourcedata/freesurfer/fsaverage/label/lh.BA4p_exvivo.thresh.label
srcsubject = fsaverage
trgsubject = sub-v1s14x0051566_ses-1
trglabel = ./lh.BA4p_exvivo.thresh.label
regmethod = surface

srchemi = lh
trghemi = lh
trgsurface = white
srcsurfreg = sphere.reg
trgsurfreg = sphere.reg
usehash = 1
Use ProjAbs  = 0, 0
Use ProjFrac = 0, 0
DoPaint 0

SUBJECTS_DIR    /out/sourcedata/freesurfer
FREESURFER_HOME /opt/freesurfer
Loading source label.
Found 1549 points in source label.
Starting surface-based mapping
Reading source registration 
 /out/sourcedata/freesurfer/fsaverage/surf/lh.sphere.reg
Rescaling ...  original radius = 100
Reading target surface 
 /out/sourcedata/freesurfer/sub-v1s14x0051566_ses-1/surf/lh.white
Reading target registration 
 /out/sourcedata/freesurfer/sub-v1s14x0051566_ses-1/surf/lh.sphere.reg
Rescaling ...  original radius = 100
Building target registration hash (res=16).
Building source registration hash (res=16).
INFO: found  1549 nlabel points
Performing mapping from target back to the source label 166575
Number of reverse mapping hits = 135
Checking for and removing duplicates
Writing label file ./lh.BA4p_exvivo.thresh.label 1684
mri_label2label: Done


 mri_label2label --srcsubject fsaverage --srclabel /out/sourcedata/freesurfer/fsaverage/label/lh.BA6_exvivo.thresh.label --trgsubject sub-v1s14x0051566_ses-1 --trglabel ./lh.BA6_exvivo.thresh.label --hemi lh --regmethod surface 


srclabel = /out/sourcedata/freesurfer/fsaverage/label/lh.BA6_exvivo.thresh.label
srcsubject = fsaverage
trgsubject = sub-v1s14x0051566_ses-1
trglabel = ./lh.BA6_exvivo.thresh.label
regmethod = surface

srchemi = lh
trghemi = lh
trgsurface = white
srcsurfreg = sphere.reg
trgsurfreg = sphere.reg
usehash = 1
Use ProjAbs  = 0, 0
Use ProjFrac = 0, 0
DoPaint 0

SUBJECTS_DIR    /out/sourcedata/freesurfer
FREESURFER_HOME /opt/freesurfer
Loading source label.
Found 7035 points in source label.
Starting surface-based mapping
Reading source registration 
 /out/sourcedata/freesurfer/fsaverage/surf/lh.sphere.reg
Rescaling ...  original radius = 100
Reading target surface 
 /out/sourcedata/freesurfer/sub-v1s14x0051566_ses-1/surf/lh.white
Reading target registration 
 /out/sourcedata/freesurfer/sub-v1s14x0051566_ses-1/surf/lh.sphere.reg
Rescaling ...  original radius = 100
Building target registration hash (res=16).
Building source registration hash (res=16).
INFO: found  7035 nlabel points
Performing mapping from target back to the source label 166575
Number of reverse mapping hits = 812
Checking for and removing duplicates
Writing label file ./lh.BA6_exvivo.thresh.label 7847
mri_label2label: Done


 mri_label2label --srcsubject fsaverage --srclabel /out/sourcedata/freesurfer/fsaverage/label/lh.BA44_exvivo.thresh.label --trgsubject sub-v1s14x0051566_ses-1 --trglabel ./lh.BA44_exvivo.thresh.label --hemi lh --regmethod surface 


srclabel = /out/sourcedata/freesurfer/fsaverage/label/lh.BA44_exvivo.thresh.label
srcsubject = fsaverage
trgsubject = sub-v1s14x0051566_ses-1
trglabel = ./lh.BA44_exvivo.thresh.label
regmethod = surface

srchemi = lh
trghemi = lh
trgsurface = white
srcsurfreg = sphere.reg
trgsurfreg = sphere.reg
usehash = 1
Use ProjAbs  = 0, 0
Use ProjFrac = 0, 0
DoPaint 0

SUBJECTS_DIR    /out/sourcedata/freesurfer
FREESURFER_HOME /opt/freesurfer
Loading source label.
Found 1912 points in source label.
Starting surface-based mapping
Reading source registration 
 /out/sourcedata/freesurfer/fsaverage/surf/lh.sphere.reg
Rescaling ...  original radius = 100
Reading target surface 
 /out/sourcedata/freesurfer/sub-v1s14x0051566_ses-1/surf/lh.white
Reading target registration 
 /out/sourcedata/freesurfer/sub-v1s14x0051566_ses-1/surf/lh.sphere.reg
Rescaling ...  original radius = 100
Building target registration hash (res=16).
Building source registration hash (res=16).
INFO: found  1912 nlabel points
Performing mapping from target back to the source label 166575
Number of reverse mapping hits = 120
Checking for and removing duplicates
Writing label file ./lh.BA44_exvivo.thresh.label 2032
mri_label2label: Done


 mri_label2label --srcsubject fsaverage --srclabel /out/sourcedata/freesurfer/fsaverage/label/lh.BA45_exvivo.thresh.label --trgsubject sub-v1s14x0051566_ses-1 --trglabel ./lh.BA45_exvivo.thresh.label --hemi lh --regmethod surface 


srclabel = /out/sourcedata/freesurfer/fsaverage/label/lh.BA45_exvivo.thresh.label
srcsubject = fsaverage
trgsubject = sub-v1s14x0051566_ses-1
trglabel = ./lh.BA45_exvivo.thresh.label
regmethod = surface

srchemi = lh
trghemi = lh
trgsurface = white
srcsurfreg = sphere.reg
trgsurfreg = sphere.reg
usehash = 1
Use ProjAbs  = 0, 0
Use ProjFrac = 0, 0
DoPaint 0

SUBJECTS_DIR    /out/sourcedata/freesurfer
FREESURFER_HOME /opt/freesurfer
Loading source label.
Found 1151 points in source label.
Starting surface-based mapping
Reading source registration 
 /out/sourcedata/freesurfer/fsaverage/surf/lh.sphere.reg
Rescaling ...  original radius = 100
Reading target surface 
 /out/sourcedata/freesurfer/sub-v1s14x0051566_ses-1/surf/lh.white
Reading target registration 
 /out/sourcedata/freesurfer/sub-v1s14x0051566_ses-1/surf/lh.sphere.reg
Rescaling ...  original radius = 100
Building target registration hash (res=16).
Building source registration hash (res=16).
INFO: found  1151 nlabel points
Performing mapping from target back to the source label 166575
Number of reverse mapping hits = 450
Checking for and removing duplicates
Writing label file ./lh.BA45_exvivo.thresh.label 1601
mri_label2label: Done


 mri_label2label --srcsubject fsaverage --srclabel /out/sourcedata/freesurfer/fsaverage/label/lh.V1_exvivo.thresh.label --trgsubject sub-v1s14x0051566_ses-1 --trglabel ./lh.V1_exvivo.thresh.label --hemi lh --regmethod surface 


srclabel = /out/sourcedata/freesurfer/fsaverage/label/lh.V1_exvivo.thresh.label
srcsubject = fsaverage
trgsubject = sub-v1s14x0051566_ses-1
trglabel = ./lh.V1_exvivo.thresh.label
regmethod = surface

srchemi = lh
trghemi = lh
trgsurface = white
srcsurfreg = sphere.reg
trgsurfreg = sphere.reg
usehash = 1
Use ProjAbs  = 0, 0
Use ProjFrac = 0, 0
DoPaint 0

SUBJECTS_DIR    /out/sourcedata/freesurfer
FREESURFER_HOME /opt/freesurfer
Loading source label.
Found 3405 points in source label.
Starting surface-based mapping
Reading source registration 
 /out/sourcedata/freesurfer/fsaverage/surf/lh.sphere.reg
Rescaling ...  original radius = 100
Reading target surface 
 /out/sourcedata/freesurfer/sub-v1s14x0051566_ses-1/surf/lh.white
Reading target registration 
 /out/sourcedata/freesurfer/sub-v1s14x0051566_ses-1/surf/lh.sphere.reg
Rescaling ...  original radius = 100
Building target registration hash (res=16).
Building source registration hash (res=16).
INFO: found  3405 nlabel points
Performing mapping from target back to the source label 166575
Number of reverse mapping hits = 1133
Checking for and removing duplicates
Writing label file ./lh.V1_exvivo.thresh.label 4538
mri_label2label: Done


 mri_label2label --srcsubject fsaverage --srclabel /out/sourcedata/freesurfer/fsaverage/label/lh.V2_exvivo.thresh.label --trgsubject sub-v1s14x0051566_ses-1 --trglabel ./lh.V2_exvivo.thresh.label --hemi lh --regmethod surface 


srclabel = /out/sourcedata/freesurfer/fsaverage/label/lh.V2_exvivo.thresh.label
srcsubject = fsaverage
trgsubject = sub-v1s14x0051566_ses-1
trglabel = ./lh.V2_exvivo.thresh.label
regmethod = surface

srchemi = lh
trghemi = lh
trgsurface = white
srcsurfreg = sphere.reg
trgsurfreg = sphere.reg
usehash = 1
Use ProjAbs  = 0, 0
Use ProjFrac = 0, 0
DoPaint 0

SUBJECTS_DIR    /out/sourcedata/freesurfer
FREESURFER_HOME /opt/freesurfer
Loading source label.
Found 3334 points in source label.
Starting surface-based mapping
Reading source registration 
 /out/sourcedata/freesurfer/fsaverage/surf/lh.sphere.reg
Rescaling ...  original radius = 100
Reading target surface 
 /out/sourcedata/freesurfer/sub-v1s14x0051566_ses-1/surf/lh.white
Reading target registration 
 /out/sourcedata/freesurfer/sub-v1s14x0051566_ses-1/surf/lh.sphere.reg
Rescaling ...  original radius = 100
Building target registration hash (res=16).
Building source registration hash (res=16).
INFO: found  3334 nlabel points
Performing mapping from target back to the source label 166575
Number of reverse mapping hits = 2038
Checking for and removing duplicates
Writing label file ./lh.V2_exvivo.thresh.label 5372
mri_label2label: Done


 mri_label2label --srcsubject fsaverage --srclabel /out/sourcedata/freesurfer/fsaverage/label/lh.MT_exvivo.thresh.label --trgsubject sub-v1s14x0051566_ses-1 --trglabel ./lh.MT_exvivo.thresh.label --hemi lh --regmethod surface 


srclabel = /out/sourcedata/freesurfer/fsaverage/label/lh.MT_exvivo.thresh.label
srcsubject = fsaverage
trgsubject = sub-v1s14x0051566_ses-1
trglabel = ./lh.MT_exvivo.thresh.label
regmethod = surface

srchemi = lh
trghemi = lh
trgsurface = white
srcsurfreg = sphere.reg
trgsurfreg = sphere.reg
usehash = 1
Use ProjAbs  = 0, 0
Use ProjFrac = 0, 0
DoPaint 0

SUBJECTS_DIR    /out/sourcedata/freesurfer
FREESURFER_HOME /opt/freesurfer
Loading source label.
Found 513 points in source label.
Starting surface-based mapping
Reading source registration 
 /out/sourcedata/freesurfer/fsaverage/surf/lh.sphere.reg
Rescaling ...  original radius = 100
Reading target surface 
 /out/sourcedata/freesurfer/sub-v1s14x0051566_ses-1/surf/lh.white
Reading target registration 
 /out/sourcedata/freesurfer/sub-v1s14x0051566_ses-1/surf/lh.sphere.reg
Rescaling ...  original radius = 100
Building target registration hash (res=16).
Building source registration hash (res=16).
INFO: found  513 nlabel points
Performing mapping from target back to the source label 166575
Number of reverse mapping hits = 170
Checking for and removing duplicates
Writing label file ./lh.MT_exvivo.thresh.label 683
mri_label2label: Done


 mri_label2label --srcsubject fsaverage --srclabel /out/sourcedata/freesurfer/fsaverage/label/lh.entorhinal_exvivo.thresh.label --trgsubject sub-v1s14x0051566_ses-1 --trglabel ./lh.entorhinal_exvivo.thresh.label --hemi lh --regmethod surface 


srclabel = /out/sourcedata/freesurfer/fsaverage/label/lh.entorhinal_exvivo.thresh.label
srcsubject = fsaverage
trgsubject = sub-v1s14x0051566_ses-1
trglabel = ./lh.entorhinal_exvivo.thresh.label
regmethod = surface

srchemi = lh
trghemi = lh
trgsurface = white
srcsurfreg = sphere.reg
trgsurfreg = sphere.reg
usehash = 1
Use ProjAbs  = 0, 0
Use ProjFrac = 0, 0
DoPaint 0

SUBJECTS_DIR    /out/sourcedata/freesurfer
FREESURFER_HOME /opt/freesurfer
Loading source label.
Found 470 points in source label.
Starting surface-based mapping
Reading source registration 
 /out/sourcedata/freesurfer/fsaverage/surf/lh.sphere.reg
Rescaling ...  original radius = 100
Reading target surface 
 /out/sourcedata/freesurfer/sub-v1s14x0051566_ses-1/surf/lh.white
Reading target registration 
 /out/sourcedata/freesurfer/sub-v1s14x0051566_ses-1/surf/lh.sphere.reg
Rescaling ...  original radius = 100
Building target registration hash (res=16).
Building source registration hash (res=16).
INFO: found  470 nlabel points
Performing mapping from target back to the source label 166575
Number of reverse mapping hits = 41
Checking for and removing duplicates
Writing label file ./lh.entorhinal_exvivo.thresh.label 511
mri_label2label: Done


 mri_label2label --srcsubject fsaverage --srclabel /out/sourcedata/freesurfer/fsaverage/label/lh.perirhinal_exvivo.thresh.label --trgsubject sub-v1s14x0051566_ses-1 --trglabel ./lh.perirhinal_exvivo.thresh.label --hemi lh --regmethod surface 


srclabel = /out/sourcedata/freesurfer/fsaverage/label/lh.perirhinal_exvivo.thresh.label
srcsubject = fsaverage
trgsubject = sub-v1s14x0051566_ses-1
trglabel = ./lh.perirhinal_exvivo.thresh.label
regmethod = surface

srchemi = lh
trghemi = lh
trgsurface = white
srcsurfreg = sphere.reg
trgsurfreg = sphere.reg
usehash = 1
Use ProjAbs  = 0, 0
Use ProjFrac = 0, 0
DoPaint 0

SUBJECTS_DIR    /out/sourcedata/freesurfer
FREESURFER_HOME /opt/freesurfer
Loading source label.
Found 450 points in source label.
Starting surface-based mapping
Reading source registration 
 /out/sourcedata/freesurfer/fsaverage/surf/lh.sphere.reg
Rescaling ...  original radius = 100
Reading target surface 
 /out/sourcedata/freesurfer/sub-v1s14x0051566_ses-1/surf/lh.white
Reading target registration 
 /out/sourcedata/freesurfer/sub-v1s14x0051566_ses-1/surf/lh.sphere.reg
Rescaling ...  original radius = 100
Building target registration hash (res=16).
Building source registration hash (res=16).
INFO: found  450 nlabel points
Performing mapping from target back to the source label 166575
Number of reverse mapping hits = 22
Checking for and removing duplicates
Writing label file ./lh.perirhinal_exvivo.thresh.label 472
mri_label2label: Done


 mris_label2annot --s sub-v1s14x0051566_ses-1 --hemi lh --ctab /opt/freesurfer/average/colortable_BA.txt --l lh.BA1_exvivo.label --l lh.BA2_exvivo.label --l lh.BA3a_exvivo.label --l lh.BA3b_exvivo.label --l lh.BA4a_exvivo.label --l lh.BA4p_exvivo.label --l lh.BA6_exvivo.label --l lh.BA44_exvivo.label --l lh.BA45_exvivo.label --l lh.V1_exvivo.label --l lh.V2_exvivo.label --l lh.MT_exvivo.label --l lh.perirhinal_exvivo.label --l lh.entorhinal_exvivo.label --a BA_exvivo --maxstatwinner --noverbose 

Reading ctab /opt/freesurfer/average/colortable_BA.txt
Number of ctab entries 15

7.3.2
cwd /out/sourcedata/freesurfer/sub-v1s14x0051566_ses-1/label
cmdline mris_label2annot --s sub-v1s14x0051566_ses-1 --hemi lh --ctab /opt/freesurfer/average/colortable_BA.txt --l lh.BA1_exvivo.label --l lh.BA2_exvivo.label --l lh.BA3a_exvivo.label --l lh.BA3b_exvivo.label --l lh.BA4a_exvivo.label --l lh.BA4p_exvivo.label --l lh.BA6_exvivo.label --l lh.BA44_exvivo.label --l lh.BA45_exvivo.label --l lh.V1_exvivo.label --l lh.V2_exvivo.label --l lh.MT_exvivo.label --l lh.perirhinal_exvivo.label --l lh.entorhinal_exvivo.label --a BA_exvivo --maxstatwinner --noverbose 
sysname  Linux
hostname dna029
machine  x86_64
user     oesteban

subject sub-v1s14x0051566_ses-1
hemi    lh
SUBJECTS_DIR /out/sourcedata/freesurfer
ColorTable /opt/freesurfer/average/colortable_BA.txt
AnnotName  BA_exvivo
nlables 14
LabelThresh 0 0.000000
Loading /out/sourcedata/freesurfer/sub-v1s14x0051566_ses-1/surf/lh.orig
 1 1530880 BA1_exvivo
 2 16749699 BA2_exvivo
 3 16711680 BA3a_exvivo
 4 3368703 BA3b_exvivo
 5 1376196 BA4a_exvivo
 6 13382655 BA4p_exvivo
 7 10036737 BA6_exvivo
 8 2490521 BA44_exvivo
 9 39283 BA45_exvivo
10 3993 V1_exvivo
11 8508928 V2_exvivo
12 10027163 MT_exvivo
13 16422433 perirhinal_exvivo
14 16392598 entorhinal_exvivo
Mapping unhit to unknown
Found 114775 unhit vertices
Writing annot to /out/sourcedata/freesurfer/sub-v1s14x0051566_ses-1/label/lh.BA_exvivo.annot

 mris_label2annot --s sub-v1s14x0051566_ses-1 --hemi lh --ctab /opt/freesurfer/average/colortable_BA.txt --l lh.BA1_exvivo.thresh.label --l lh.BA2_exvivo.thresh.label --l lh.BA3a_exvivo.thresh.label --l lh.BA3b_exvivo.thresh.label --l lh.BA4a_exvivo.thresh.label --l lh.BA4p_exvivo.thresh.label --l lh.BA6_exvivo.thresh.label --l lh.BA44_exvivo.thresh.label --l lh.BA45_exvivo.thresh.label --l lh.V1_exvivo.thresh.label --l lh.V2_exvivo.thresh.label --l lh.MT_exvivo.thresh.label --l lh.perirhinal_exvivo.thresh.label --l lh.entorhinal_exvivo.thresh.label --a BA_exvivo.thresh --maxstatwinner --noverbose 

Reading ctab /opt/freesurfer/average/colortable_BA.txt
Number of ctab entries 15

7.3.2
cwd /out/sourcedata/freesurfer/sub-v1s14x0051566_ses-1/label
cmdline mris_label2annot --s sub-v1s14x0051566_ses-1 --hemi lh --ctab /opt/freesurfer/average/colortable_BA.txt --l lh.BA1_exvivo.thresh.label --l lh.BA2_exvivo.thresh.label --l lh.BA3a_exvivo.thresh.label --l lh.BA3b_exvivo.thresh.label --l lh.BA4a_exvivo.thresh.label --l lh.BA4p_exvivo.thresh.label --l lh.BA6_exvivo.thresh.label --l lh.BA44_exvivo.thresh.label --l lh.BA45_exvivo.thresh.label --l lh.V1_exvivo.thresh.label --l lh.V2_exvivo.thresh.label --l lh.MT_exvivo.thresh.label --l lh.perirhinal_exvivo.thresh.label --l lh.entorhinal_exvivo.thresh.label --a BA_exvivo.thresh --maxstatwinner --noverbose 
sysname  Linux
hostname dna029
machine  x86_64
user     oesteban

subject sub-v1s14x0051566_ses-1
hemi    lh
SUBJECTS_DIR /out/sourcedata/freesurfer
ColorTable /opt/freesurfer/average/colortable_BA.txt
AnnotName  BA_exvivo.thresh
nlables 14
LabelThresh 0 0.000000
Loading /out/sourcedata/freesurfer/sub-v1s14x0051566_ses-1/surf/lh.orig
 1 1530880 BA1_exvivo
 2 16749699 BA2_exvivo
 3 16711680 BA3a_exvivo
 4 3368703 BA3b_exvivo
 5 1376196 BA4a_exvivo
 6 13382655 BA4p_exvivo
 7 10036737 BA6_exvivo
 8 2490521 BA44_exvivo
 9 39283 BA45_exvivo
10 3993 V1_exvivo
11 8508928 V2_exvivo
12 10027163 MT_exvivo
13 16422433 perirhinal_exvivo
14 16392598 entorhinal_exvivo
Mapping unhit to unknown
Found 136518 unhit vertices
Writing annot to /out/sourcedata/freesurfer/sub-v1s14x0051566_ses-1/label/lh.BA_exvivo.thresh.annot

 mris_anatomical_stats -th3 -mgz -noglobal -f ../stats/lh.BA_exvivo.stats -b -a ./lh.BA_exvivo.annot -c ./BA_exvivo.ctab sub-v1s14x0051566_ses-1 lh white 

computing statistics for each annotation in ./lh.BA_exvivo.annot.
reading volume /out/sourcedata/freesurfer/sub-v1s14x0051566_ses-1/mri/wm.mgz...
reading input surface /out/sourcedata/freesurfer/sub-v1s14x0051566_ses-1/surf/lh.white...
reading input pial surface /out/sourcedata/freesurfer/sub-v1s14x0051566_ses-1/surf/lh.pial...
reading input white surface /out/sourcedata/freesurfer/sub-v1s14x0051566_ses-1/surf/lh.white...
INFO: using TH3 volume calc
INFO: assuming MGZ format for volumes.
INFO: not computing global stats
Using TH3 vertex volume calc
Total face volume 255903
Total vertex volume 255739 (mask=0)
Saving annotation colortable ./BA_exvivo.ctab

table columns are:
    number of vertices
    total surface area (mm^2)
    total gray matter volume (mm^3)
    average cortical thickness +- standard deviation (mm)
    integrated rectified mean curvature
    integrated rectified Gaussian curvature
    folding index
    intrinsic curvature index
    structure name

 1545    909   2231  2.024 0.672     0.112     0.027       16     1.7  BA1_exvivo
 5834   3697   7682  1.969 0.597     0.114     0.022       56     5.3  BA2_exvivo
 1177    808    938  1.458 0.351     0.131     0.026       11     1.3  BA3a_exvivo
 3154   2030   4069  1.809 0.670     0.113     0.023       34     3.2  BA3b_exvivo
 2164   1114   3104  2.529 0.775     0.098     0.025       19     2.4  BA4a_exvivo
 1602    977   2118  2.220 0.579     0.103     0.026       14     1.8  BA4p_exvivo
11260   7149  19909  2.325 0.681     0.108     0.022      108    10.2  BA6_exvivo
 2621   1718   4610  2.445 0.554     0.096     0.016       19     1.8  BA44_exvivo
 3727   2555   6542  2.195 0.606     0.129     0.026       47     3.9  BA45_exvivo
 4003   2781   3435  1.298 0.334     0.136     0.027       46     4.9  V1_exvivo
10852   7657  10683  1.480 0.440     0.157     0.039      161    20.2  V2_exvivo
 2555   1781   4114  2.112 0.637     0.137     0.032       33     3.0  MT_exvivo
  711    502   1662  2.847 0.647     0.108     0.024        5     0.7  perirhinal_exvivo
  595    418   1570  3.084 0.858     0.125     0.042       10     1.1  entorhinal_exvivo

 mris_anatomical_stats -th3 -mgz -f ../stats/lh.BA_exvivo.thresh.stats -noglobal -b -a ./lh.BA_exvivo.thresh.annot -c ./BA_exvivo.thresh.ctab sub-v1s14x0051566_ses-1 lh white 

computing statistics for each annotation in ./lh.BA_exvivo.thresh.annot.
reading volume /out/sourcedata/freesurfer/sub-v1s14x0051566_ses-1/mri/wm.mgz...
reading input surface /out/sourcedata/freesurfer/sub-v1s14x0051566_ses-1/surf/lh.white...
reading input pial surface /out/sourcedata/freesurfer/sub-v1s14x0051566_ses-1/surf/lh.pial...
reading input white surface /out/sourcedata/freesurfer/sub-v1s14x0051566_ses-1/surf/lh.white...
INFO: using TH3 volume calc
INFO: assuming MGZ format for volumes.
INFO: not computing global stats
Using TH3 vertex volume calc
Total face volume 255903
Total vertex volume 255739 (mask=0)
Saving annotation colortable ./BA_exvivo.thresh.ctab

table columns are:
    number of vertices
    total surface area (mm^2)
    total gray matter volume (mm^3)
    average cortical thickness +- standard deviation (mm)
    integrated rectified mean curvature
    integrated rectified Gaussian curvature
    folding index
    intrinsic curvature index
    structure name

 1084    619   1453  1.946 0.671     0.133     0.034       15     1.7  BA1_exvivo
 2611   1567   3484  1.996 0.628     0.112     0.024       27     2.4  BA2_exvivo
 1072    743    815  1.422 0.294     0.142     0.027       11     1.4  BA3a_exvivo
 1827   1173   1705  1.437 0.334     0.104     0.021       16     1.6  BA3b_exvivo
 1950   1056   2839  2.462 0.718     0.095     0.025       18     2.0  BA4a_exvivo
 1270    792   1666  2.201 0.553     0.101     0.025       10     1.4  BA4p_exvivo
 6265   3726  10656  2.366 0.749     0.105     0.025       62     6.3  BA6_exvivo
 1626   1049   2805  2.386 0.577     0.091     0.016       12     1.1  BA44_exvivo
 1564   1036   2940  2.284 0.591     0.124     0.025       19     1.6  BA45_exvivo
 4232   2999   3731  1.314 0.359     0.140     0.029       50     5.7  V1_exvivo
 5236   3753   4951  1.412 0.395     0.161     0.038       78     9.8  V2_exvivo
  649    455   1309  2.350 0.640     0.135     0.032        9     0.7  MT_exvivo
  288    210    656  2.717 0.482     0.099     0.020        2     0.3  perirhinal_exvivo
  383    264   1012  3.048 0.822     0.121     0.051        7     0.8  entorhinal_exvivo

Started at Sun Mar 8 21:00:14 CET 2026 
Ended   at Sun Mar 8 21:04:18 CET 2026
#@#%# recon-all-run-time-hours 0.068
recon-all -s sub-v1s14x0051566_ses-1 finished without error at Sun Mar  8 21:04:18 CET 2026
