global_signal	global_signal_derivative1	global_signal_derivative1_power2	global_signal_power2	csf	csf_derivative1	csf_power2	csf_derivative1_power2	white_matter	white_matter_derivative1	white_matter_power2	white_matter_derivative1_power2	csf_wm	tcompcor	std_dvars	dvars	framewise_displacement	rmsd	t_comp_cor_00	t_comp_cor_01	t_comp_cor_02	t_comp_cor_03	t_comp_cor_04	c_comp_cor_00	c_comp_cor_01	c_comp_cor_02	c_comp_cor_03	c_comp_cor_04	c_comp_cor_05	c_comp_cor_06	w_comp_cor_00	w_comp_cor_01	w_comp_cor_02	w_comp_cor_03	w_comp_cor_04	w_comp_cor_05	w_comp_cor_06	w_comp_cor_07	w_comp_cor_08	w_comp_cor_09	w_comp_cor_10	w_comp_cor_11	w_comp_cor_12	w_comp_cor_13	w_comp_cor_14	w_comp_cor_15	w_comp_cor_16	w_comp_cor_17	w_comp_cor_18	w_comp_cor_19	w_comp_cor_20	w_comp_cor_21	w_comp_cor_22	w_comp_cor_23	w_comp_cor_24	w_comp_cor_25	w_comp_cor_26	w_comp_cor_27	w_comp_cor_28	w_comp_cor_29	w_comp_cor_30	w_comp_cor_31	w_comp_cor_32	w_comp_cor_33	w_comp_cor_34	w_comp_cor_35	w_comp_cor_36	w_comp_cor_37	w_comp_cor_38	w_comp_cor_39	w_comp_cor_40	w_comp_cor_41	w_comp_cor_42	w_comp_cor_43	w_comp_cor_44	w_comp_cor_45	w_comp_cor_46	w_comp_cor_47	w_comp_cor_48	w_comp_cor_49	w_comp_cor_50	w_comp_cor_51	w_comp_cor_52	w_comp_cor_53	w_comp_cor_54	w_comp_cor_55	a_comp_cor_00	a_comp_cor_01	a_comp_cor_02	a_comp_cor_03	a_comp_cor_04	a_comp_cor_05	a_comp_cor_06	a_comp_cor_07	a_comp_cor_08	a_comp_cor_09	a_comp_cor_10	a_comp_cor_11	a_comp_cor_12	a_comp_cor_13	a_comp_cor_14	a_comp_cor_15	a_comp_cor_16	a_comp_cor_17	a_comp_cor_18	a_comp_cor_19	a_comp_cor_20	a_comp_cor_21	a_comp_cor_22	a_comp_cor_23	a_comp_cor_24	a_comp_cor_25	a_comp_cor_26	a_comp_cor_27	a_comp_cor_28	a_comp_cor_29	a_comp_cor_30	a_comp_cor_31	a_comp_cor_32	a_comp_cor_33	a_comp_cor_34	a_comp_cor_35	a_comp_cor_36	a_comp_cor_37	a_comp_cor_38	a_comp_cor_39	a_comp_cor_40	a_comp_cor_41	a_comp_cor_42	a_comp_cor_43	a_comp_cor_44	a_comp_cor_45	a_comp_cor_46	a_comp_cor_47	a_comp_cor_48	edge_comp_00	edge_comp_01	edge_comp_02	edge_comp_03	edge_comp_04	edge_comp_05	edge_comp_06	edge_comp_07	edge_comp_08	edge_comp_09	edge_comp_10	edge_comp_11	edge_comp_12	edge_comp_13	edge_comp_14	edge_comp_15	edge_comp_16	edge_comp_17	edge_comp_18	edge_comp_19	edge_comp_20	edge_comp_21	edge_comp_22	edge_comp_23	cosine00	cosine01	cosine02	cosine03	cosine04	non_steady_state_outlier00	trans_x	trans_x_derivative1	trans_x_derivative1_power2	trans_x_power2	trans_y	trans_y_derivative1	trans_y_power2	trans_y_derivative1_power2	trans_z	trans_z_derivative1	trans_z_power2	trans_z_derivative1_power2	rot_x	rot_x_derivative1	rot_x_power2	rot_x_derivative1_power2	rot_y	rot_y_derivative1	rot_y_power2	rot_y_derivative1_power2	rot_z	rot_z_derivative1	rot_z_power2	rot_z_derivative1_power2	motion_outlier00	motion_outlier01	motion_outlier02	motion_outlier03	motion_outlier04	motion_outlier05	motion_outlier06	motion_outlier07	motion_outlier08
250.69045550279097	n/a	n/a	62845.704480196815	399.1366939964535	n/a	159310.10049441858	n/a	258.2252052341273	n/a	66680.25661820718	n/a	276.2302733738764	244.9308143258596	n/a	n/a	n/a	n/a	0.0	0.0	0.0	0.0	0.0	0.0	0.0	0.0	0.0	0.0	0.0	0.0	0.0	0.0	0.0	0.0	0.0	0.0	0.0	0.0	0.0	0.0	0.0	0.0	0.0	0.0	0.0	0.0	0.0	0.0	0.0	0.0	0.0	0.0	0.0	0.0	0.0	0.0	0.0	0.0	0.0	0.0	0.0	0.0	0.0	0.0	0.0	0.0	0.0	0.0	0.0	0.0	0.0	0.0	0.0	0.0	0.0	0.0	0.0	0.0	0.0	0.0	0.0	0.0	0.0	0.0	0.0	0.0	0.0	0.0	0.0	0.0	0.0	0.0	0.0	0.0	0.0	0.0	0.0	0.0	0.0	0.0	0.0	0.0	0.0	0.0	0.0	0.0	0.0	0.0	0.0	0.0	0.0	0.0	0.0	0.0	0.0	0.0	0.0	0.0	0.0	0.0	0.0	0.0	0.0	0.0	0.0	0.0	0.0	0.0	0.0	0.0	0.0	0.0	0.0	0.0	0.0	0.0	0.0	0.0	0.0	0.0	0.0	0.0	0.0	0.0	0.0	0.0	0.0	0.0	0.0	0.0	0.0	0.0	0.0	0.0	0.0	0.0	0.0	0.0	0.0	0.0	0.0	0.0	0.0	0.0	1.0	3.340461350376245e-05	n/a	n/a	1.1158682033357483e-09	0.1254312039173157	n/a	0.0157329869161472	n/a	-2.816448757414492e-05	n/a	7.932383603141636e-10	n/a	0.0005279999889296	n/a	2.7878398830965775e-07	n/a	0.0003059998376968	n/a	9.363590067046795e-08	n/a	-8.075810578199365e-08	n/a	6.521871649495677e-15	n/a	0.0	0.0	0.0	0.0	0.0	0.0	0.0	0.0	0.0
251.4203002594971	0.729844756706143	0.5326733688914491	63212.16738257568	401.36675600735646	2.230062010902941	161095.27282786882	4.973176572472469	258.24893869469264	0.0237334605653245	66692.51433693511	0.0005632771504058	276.39738285176173	250.4981456775809	1.011211	20.492788	0.0538815548133727	0.0350544381049689	-0.1407599651	-0.0127511476	0.0103958666	0.0216943367	-0.0714175796	0.0381712801	0.0912934353	0.1624326103	-0.0387236874	-0.0647171492	0.051339089	-0.0713314966	-0.0986682252	0.1343073905	-0.0222808879	0.1365408169	-0.110944862	0.0266269623	-0.093498275	-0.000814265	0.013580424	-0.011146277	0.0118567185	-0.0156641561	0.0271254672	-0.0200141968	0.0792913416	-0.0348178545	0.1199652152	0.0946652768	-0.108061336	0.0347549233	-0.0419342387	0.0300288456	-0.0822459183	0.0280513194	-0.0593239636	0.0475475031	-0.0362376906	0.0654604347	-0.0481406234	0.0727383522	-0.0331151347	0.0229769944	-0.0493402064	0.1681745467	-0.0202495086	-0.0261448428	0.0432598414	-0.0434841997	0.0626444396	0.0096667337	0.0337292274	-0.0242121382	-0.0135477116	0.1059129696	0.0093798607	-0.0942572709	-0.0695777044	0.064538312	0.1450568415	-0.0764347141	0.0197623564	0.0699200348	0.0076029528	0.0272429529	-0.030082147	-0.1838109561	-0.108463511	0.1076417519	0.100299992	-0.0650598121	0.070636006	-0.0578686545	0.1497872983	-0.0381409533	0.0659280528	-0.0258921723	-0.1381530089	0.0620297322	-0.0358178294	0.0052083361	-0.0764593081	0.0560668481	-0.0474198564	0.0237137068	-0.0411794932	0.0904083439	-0.0307918286	-0.0177621055	0.0651058237	-0.083434674	0.0479335367	-0.0470272981	0.038225915	-0.0333371847	0.0071983031	-0.0319572149	0.0544028211	-0.1068664245	0.0772537568	-0.0016150613	0.0106481864	-0.0749882412	0.1349561846	0.0097172107	-0.018898295	0.1407788892	-0.116687421	0.0278763658	0.0020957724	0.0974729437	-0.0979446844	0.0240519433	-0.0402383943	-0.0109439421	-0.0081489816	-0.054063495	-0.0442446814	0.1489460023	-0.1474867075	0.0015006425	-0.0701685805	0.0961497912	-0.0227107206	0.0657771324	-0.0325343286	0.0596005531	-0.0534742082	0.0287750718	-0.0351335294	0.0689619476	-0.1594973758	0.0009191373	-0.0621534363	0.0136964542	-0.0690667223	0.0911022598	-0.215794991	0.0606880122	-0.0740637503	0.1002478183	0.1002384491	0.1002228344	0.1002009753	0.1001728729	0.0	-0.0034753102929556	-0.0035087149064593	1.2311080294810132e-05	1.207778163232314e-05	0.1097079006847394	-0.0157233032325762	0.0120358234726526	0.0002472222645435	0.0308704303572042	0.0308985948447783	0.0009529834704389	0.0009547231633817	0.0005399997880941	1.1999799164499936e-05	2.915997711416729e-07	1.4399517998833334e-10	0.000368999987117	6.300014942020002e-05	1.3616099049234617e-07	3.969018826967529e-09	-9.964611225661993e-08	-1.888800647462628e-08	9.9293476878589e-15	3.567567885855243e-16	0.0	0.0	0.0	0.0	0.0	0.0	0.0	0.0	0.0
251.87513025656665	0.4548299970695382	0.2068703262342761	63441.08124176242	400.40361415815056	-0.963141849205897	160323.0542309091	0.9276422216917548	258.5014261542595	0.2524874595668507	66822.98732378607	0.063749917238522	276.8607597487022	251.5382365651936	0.9496770000000002	19.245771	0.1176146024539866	0.0566955315006689	-0.0919340914	-0.0111403689	0.0893395284	0.0099437639	-0.0864369774	0.0986594725	0.0561063974	0.0234921821	-0.0654315422	-0.0760584145	-0.1002239779	-0.0576511872	-0.0678525301	0.055432243	-0.0417724625	-0.026656009	0.0042296877	0.0234907361	0.0720801313	-0.0402873491	0.0590224834	-0.056624656	0.0143254804	0.0312554259	-0.0364098218	0.0632408094	0.016036587	0.0407438668	0.0052568903	0.1165525609	-0.0555614855	0.0105188776	-0.0780780512	0.0145373083	-0.0639026049	0.1762958813	-0.0121034386	0.1137542242	-0.0349099428	0.0242100457	-0.1191436893	0.0299319756	-0.1068072346	0.085152718	0.1591357741	0.0238413695	0.1257035903	-0.0057816815	0.0034525368	0.1176073385	0.0023937733	-0.0042767612	0.0886118503	-0.0013351066	-0.0956580505	-0.0106781308	-0.0303212247	0.0629756638	-0.1055307355	0.0520736925	0.0952279055	0.0779269285	0.0481728325	-0.067154896	0.0033766466	0.0895273264	0.0325794651	0.0261804708	-0.077524394	0.0426361552	0.0021522125	0.060094297	0.0663659903	-0.0017879463	0.0300361837	0.0720695886	0.0016810455	-0.0177378731	0.0072721794	0.0838138797	-0.0182258344	-0.0452904379	0.027394518	-0.0619338038	-0.0531879821	-0.039226944	-0.1489318966	0.0358234569	-0.0423818759	0.0084058581	0.0818137211	-0.046495581	-0.0622032456	-0.0438133544	0.114525492	0.0313884583	-0.0340323448	-0.096366831	-0.0323167022	-0.043602713	0.0528560396	-0.0644124003	0.0153860283	0.0042753101	-0.0002099627	0.1014800203	-0.0715790048	0.1280950741	-0.0627172954	-0.0349488483	0.0526762323	0.0868048182	0.0404539159	-0.1372091808	-0.0077456215	-0.0406544798	0.1956629272	-0.0632178316	0.0075774964	0.1122275299	0.0155819928	-0.087404074	-0.0991115162	0.0242943148	0.0354074187	0.0360631346	-0.1187299925	0.0087216765	-0.0673704525	0.0502711105	-0.006961613	0.0550915581	-0.228961636	-0.0031189859	-0.0669313771	0.0161984045	-0.017591096	0.0812003854	-0.201222639	0.0658993309	-0.0089161652	0.1002228344	0.1001385292	0.0999980731	0.0998015448	0.0995490545	0.0	-0.0109422937387932	-0.0074669834458376	5.575584178041277e-05	0.000119733792266	0.1451057407994511	0.0353978401147117	0.0210556760129574	0.0012530070847866	0.0055233077520995	-0.0253471226051047	3.050692852440243e-05	0.0006424766243582	0.0007560003623594	0.0002160005742653	5.715365478875442e-07	4.665624808293941e-08	-1.5230646210895318e-07	-0.0003691522935791	2.3197258400145996e-14	1.3627341585471666e-07	-0.0004029999040345	-0.0004029002579222	1.6240892265181622e-07	1.6232861783381024e-07	0.0	0.0	0.0	0.0	0.0	0.0	0.0	0.0	0.0
252.96380505352823	1.088674796961584	1.185212813539346	63990.68666715943	402.4163278603704	2.012713702219856	161938.90092862514	4.051016447103557	259.41095122835753	0.9095250740980418	67294.04161720129	0.8272358604130485	278.06705805206843	256.9638810289897	1.023221	20.736176	0.1891573413934962	0.1485070125901852	-0.0129146337	0.020247701	0.0470972664	0.0084643341	-0.1124756612	0.0247926291	-0.0070779883	-0.0236887773	0.0073069862	-0.0669678707	0.0015707269	0.0092583664	0.0660777897	0.0351995669	0.0077852872	0.0387933048	-0.0029105659	-0.0610075266	0.0085367861	0.0483617231	0.1006592349	-0.039429665	0.0520576205	0.0358206713	-0.0769918752	-0.0623768156	0.0550361819	0.0380918555	0.0663917384	-0.1514465435	0.018963114	0.0383677365	-0.0279205141	-0.1002242626	-0.0132115575	-0.0826757407	0.0138362933	-0.0184218875	-0.026758215	0.0412546373	0.0072753442	-0.0655555611	-0.0245943609	0.0259543572	0.0045613772	-0.0250888037	0.0074970435	0.0484268768	-0.0508072913	0.0140801097	-0.0055665797	-0.1169942097	0.0009800468	-0.0674391902	-0.0005441719	-0.0525183246	-0.0348983873	-0.1785902839	-0.0188116717	0.1126591973	-0.0509275535	-0.092777793	-0.0215364469	-0.133465992	0.032865603	0.0449894381	0.0061681898	0.0041327401	0.0511798748	0.0529354883	-0.0237926367	0.0684539903	0.0119191669	-0.0165160702	0.0218973598	-0.0686324755	-0.0188792516	0.072927319	0.0351605542	0.1269414761	-0.0087594428	-0.0233200878	-0.0223482449	0.1516330925	-0.0558371449	0.0612683765	0.0056309496	-0.0411585822	0.0169982736	-0.0777199389	0.1702732887	-0.0218300276	0.0059872386	0.079848285	0.0154105808	0.0348253183	-0.0238038685	0.0281058684	0.0525860667	0.0973058741	-0.0806624047	-0.0116388267	0.0565075894	0.003671746	-0.0338376034	-0.0471787747	-0.0680676647	0.0726838155	0.0602964824	0.0108522588	-0.0332261865	-0.0927862247	0.0435584832	-0.0619220684	-0.0329965661	0.0491073974	-0.0531660069	0.0352568944	0.0303357313	0.0699468055	-0.0536063987	-0.012214225	-0.0515694873	-0.0252235727	0.0901439792	0.0137507728	-0.0882754512	-0.0742091446	0.0008477772	0.0478016702	-0.0052909743	0.1044107903	-0.0232763646	-0.0502647718	-0.1625689688	-0.0526325206	-0.0290891467	0.0710589296	-0.056684858	0.0657845069	-0.0078978215	0.1001728729	0.0999387891	0.0995490545	0.0990042761	0.0983053023	0.0	-0.0101545751256253	0.0007877186131678	6.205006135311595e-07	0.0001031153959819	0.0022322249727722	-0.1428735158266789	4.98282832906785e-06	0.0204128415246762	-0.0031162780926621	-0.0086395858447616	9.711189150805737e-06	7.4642443569005e-05	0.0005089999638968	-0.0002470003984626	2.5908096324694373e-07	6.100919684068316e-08	8.699999754657739e-05	8.715230400868634e-05	7.568999573104472e-09	7.595524094022486e-09	-2.218432803077893e-08	0.0004029777197064	4.921444101772038e-16	1.623910425798257e-07	0.0	0.0	0.0	0.0	0.0	0.0	0.0	0.0	0.0
252.90208489493776	-0.0617201585904751	0.0038093779764334	63959.46454420631	403.3400327214655	0.9237048610950752	162683.18199575285	0.853230670410672	259.39521656007923	-0.0157346682782986	67285.8783742504	0.000247579785828	278.17437670728776	257.2641245588148	0.9012730000000002	18.264837	0.1581261413278435	0.11063789346113	-0.0115183289	0.0187913539	0.0291190678	0.0799444754	-0.0848611441	0.0249836709	0.031627233	-0.0170453814	-0.0465103265	0.0153592248	0.0788614336	-0.0627147955	0.0008950189	0.0511528763	0.0759613987	-0.0502905355	-0.0366273131	0.0609682251	0.0321580753	-0.0240613474	0.1179454112	0.0165008656	0.0614102833	0.0392924849	-0.0550175315	-0.053455707	0.0416895168	0.0438987976	-0.0690967123	0.0560957447	0.0859843889	0.0193123112	0.0158434596	0.0011469153	-0.0914152705	0.0559942472	0.1318376523	0.0698761763	-0.0221278198	-0.0915300559	0.1214085123	-0.0009667129	-0.0744005744	-0.0416528047	-0.0170918858	-0.0174760391	0.0706448469	-0.0428616266	0.0491455893	-0.1186629806	0.1242659521	-0.0254946221	-0.0520151752	-0.1005964196	-0.0943580909	0.0628652246	0.0250557696	-0.0111598053	-0.1095376134	-0.008600923	-0.0498505654	-0.0533477102	0.131764344	0.0608434453	-0.0647566885	0.2219102014	-0.1233689174	-0.0842591657	0.0009881849	0.0318773288	0.0802966814	0.0714837076	-0.0026642934	-0.033996064	-0.1036567951	-0.0308485265	-0.000383092	-0.0330834073	0.0258300073	0.1202887559	-8.44515e-05	-0.0849463208	0.0472621341	0.0811496835	-0.0083099914	-0.0388445968	-0.0206648165	-0.0838491177	-0.0842651573	-0.0057452829	0.1337305406	0.0852489905	0.0096820493	-0.012956439	0.0041305594	0.0223128848	-0.128081544	0.0290295678	-0.0234676983	0.0780826582	-0.0242895704	0.0260597066	-0.0765994184	-0.1068552746	0.0161441377	0.0855128073	0.0300594832	0.1702206414	-0.1122976096	-0.0239777705	0.1014106937	-0.0088555819	0.0467945546	0.0750405512	-0.0352237673	0.0915463315	-0.0874371682	-0.0116187246	-0.0803444697	0.0369821863	0.0391724249	-0.0193841292	-0.0712210249	-0.0021595047	0.0846084673	-0.0036210937	-0.1104008777	-0.0413044388	-0.0252816691	-0.0031555626	-0.0486631563	0.0594244504	-0.0408713498	-0.0352280378	-0.1884058623	-0.0208359168	-0.0384093828	-0.0035369816	-0.0351384593	0.0444203871	0.0921983219	0.1000979463	0.0996394278	0.0988767856	0.0978123473	0.0964493619	0.0	-0.0128138650350138	-0.0026592899093884	7.0718228221754914e-06	0.0001641951371355	0.1058650970697812	0.103632872097009	0.0112074187775941	0.010739772179075	-0.0240450154060809	-0.0209287373134188	0.0005781627658786	0.000438012045534	0.000645999736109	0.0001369997722121	4.1731565905289764e-07	1.8768937586194677e-08	-1.2729360809871082e-07	-8.71272911546761e-05	1.6203662662788178e-14	7.5911648639517e-09	-0.0003939999611217	-0.0003939777767936	1.552359693639011e-07	1.5521848860728226e-07	0.0	0.0	0.0	0.0	0.0	0.0	0.0	0.0	0.0
251.9970026347003	-0.9050822602374636	0.819173897796556	63502.48933687315	402.402553756282	-0.9374789651835158	161927.8152695774	0.8788668101615557	258.61558710266144	-0.7796294574177978	66882.02189245427	0.6078220908735698	276.9857586828709	256.2078510868159	1.006111	20.389439	0.1530971987102023	0.0959113689851527	-0.0446312508	0.0201926756	0.066069752	-0.0502300507	-0.0100403179	0.0741287312	0.0214894322	0.0065758336	0.0626182966	0.1210336463	0.0879244889	-0.0333988396	-0.088318329	0.0654766143	0.0687444685	0.0315996856	0.0599192678	0.0157663858	0.0208424845	-0.031631901	0.0559773386	-0.0070500778	-0.0227379183	0.0284461973	-0.0179663114	0.0402502216	-0.0622477695	0.127029573	-0.0106433303	0.0217321987	0.1217755485	0.1396423128	-0.0127997242	-0.1566129996	0.1674604109	-0.0576025795	0.0673080629	-0.03457881	-0.0605756706	0.0097373135	-0.0155021465	-0.0060325363	-0.1160336493	-0.0876169133	-0.0634706522	-0.0139476771	-0.0784528119	-0.030752793	-0.0854189237	0.0999538929	0.0495699037	-0.0296655777	0.0665349669	0.0082947583	-0.057338559	0.0253140261	-0.0089224327	-0.1381446038	-0.0157907135	0.008901575	0.0392824313	0.1701357689	0.0574452394	0.0259798798	0.0458693982	-0.1048453531	-0.0701998573	-0.134705796	-0.1025807342	0.0570809023	-0.0127663674	0.0294135651	-0.0436386745	-0.0294481033	-0.016158229	-0.1008831066	-0.0092732805	-0.0251956182	0.0168149398	-0.0064194358	0.0544315525	-0.0342737625	0.0576802611	0.024942941	0.0307148841	0.0046429502	-0.0411341006	-0.1162086984	-0.0731860935	0.0616227839	0.0891282219	-0.1262598305	-0.0889302588	0.1387626	0.0165985022	0.0606736303	0.0950477497	0.1466280431	0.0590667123	0.0659633705	0.0051023948	0.0772376001	-0.0535247842	-0.1064365151	0.0329590287	0.0696013365	0.016747084	-0.0252788064	0.0582522261	0.0341144875	-0.0577245752	0.0174530707	-0.060791726	-0.0421424311	0.0581571174	0.1033192202	0.0020873212	-0.1074624838	0.0125624494	0.0381897501	-0.0509351686	-0.0288494621	-0.1031472658	-0.0233993861	0.0744206346	-0.0094623034	-0.0461111732	-0.0297708275	0.0525709699	-0.0721809419	-0.1332440958	0.0228826529	-0.0499433818	0.0021436658	-0.0892546054	-0.0993663928	-0.0605324847	0.0225665765	-0.0132493297	0.0018523152	0.0280990532	0.0999980731	0.0992407438	0.097982774	0.0962305098	0.0939927908	0.0	-0.0002163922553108	0.012597472779703	0.0001586963204353	4.6825608158494455e-08	0.2001161449353219	0.0942510478655407	0.0400464714637747	0.0088832600237524	-0.0067479968898922	0.0172970185161887	4.5535462025994805e-05	0.0002991868495493	0.0003990177022207	-0.0002469820338883	1.5921512668548721e-07	6.100012506360138e-08	0.0001599556842826	0.0001600829778906	2.558582093431481e-08	2.5626559810353933e-08	-0.0002220317819253	0.0001719681791963	4.9298112184923987e-08	2.957305465612513e-08	0.0	0.0	0.0	0.0	0.0	0.0	0.0	0.0	0.0
252.3340392807032	0.3370366460029004	0.1135937007488843	63672.46737971546	402.2652343654033	-0.1373193908787016	161817.31877905282	0.0188566151112976	258.9070196090084	0.2914325063469505	67032.84480281945	0.0849329057556653	277.52436816377974	255.7664368531966	0.948634	19.22464	0.1766540044771411	0.1481675432254985	-0.0360596521	0.0799064083	0.0500310807	-0.0314927708	0.0559570424	0.0646789835	0.0749708662	-0.0668209057	0.009174752	0.0025093722	-0.0570542523	-0.0687054471	-0.006337197	0.1034667775	-0.041375227	0.0001807519	-0.000609506	0.1393990218	0.0562040802	0.0023328991	0.1093611919	0.0174592879	0.0139272703	0.0700841201	-0.0157436891	-0.1404515805	0.0008387525	-0.0768166924	0.0543605845	-0.0294587418	-0.0160010323	0.0631741657	-0.0523073832	-0.0735738441	0.0590512458	-0.073666347	-0.0415057279	-0.0529400882	-0.1450034325	0.0353703284	-0.0174531689	0.0726621267	-0.0538902152	-0.059939691	-0.0870927039	-0.0215490798	0.0702167322	-0.0341972057	0.0627943614	-0.0021152386	-0.0432907805	0.0857929192	-0.0239389793	-0.012597273	0.0915189565	-0.0917790262	-0.0702782438	-0.1243282939	0.0897205584	-0.0417191716	0.0252948511	0.0902240649	0.0074006253	0.0517803398	-0.0722324252	-0.0195267075	0.0823414995	-0.03497055	-0.0179271	0.1005362064	-0.0294808051	0.091328874	-0.0024605033	0.0108461744	0.0032401676	0.0420296724	0.083672141	-0.0721487811	-0.0484597051	0.0350706762	0.0243552984	-0.0765168169	0.0273632781	0.0520282536	0.0152895458	0.0923995077	-0.0896666384	-0.0545268869	-0.1625736708	0.0470045064	1.635e-07	0.0384574915	0.0584867497	0.001382528	-0.0541689514	0.0152152723	0.1014241966	0.1271898322	0.0115676166	-0.0312708608	-0.0221690639	-0.023640407	0.0094723694	0.0316635324	0.0819872194	-0.028725891	-0.0451031653	-0.0697412429	0.0513145435	-0.0105929819	-0.0693124105	-0.0716734357	-0.0479241994	-0.0115499877	0.0619034876	-0.0139560684	-0.1445687527	0.0019442623	0.056886079	0.0708454932	0.030755756	-0.0290037656	-0.1042544674	0.0281608847	0.0658252585	-0.0705162755	-0.0546521766	-0.0126163184	-0.0370386913	0.0185864451	0.0739900194	0.0035635459	-0.0374599476	-0.0673960513	-0.0840762626	-0.0871304211	-0.0184490647	-0.02078077	0.0626545902	0.001541361	0.1017346937	0.0998732783	0.0987431344	0.0968690246	0.0942650692	0.0909508872	0.0	-0.0003066872872352	-9.029503192440004e-05	8.15319279022842e-09	9.405709215168609e-08	0.0495509468087078	-0.1505651981266141	0.0024552963296393	0.0226698788869065	-0.0096984078483899	-0.0029504109584976	9.40591147937108e-05	8.704924824023312e-06	0.0007500273323722	0.0003510096301515	5.625409993053585e-07	1.2320776045909281e-07	0.0001658775424542	5.921858171600012e-06	2.7515359090644924e-08	3.5068404204545834e-11	-0.0003260623008043	-0.0001040305188789	1.0631662400579381e-07	1.0822348858233973e-08	0.0	0.0	0.0	0.0	0.0	0.0	0.0	0.0	0.0
253.570627348612	1.236588067908798	1.529150049694414	64298.06305396865	408.4361629726002	6.170928607196913	166820.09922378042	38.08035987512123	259.2998130832484	0.3927934742400225	67236.39306500756	0.1542867134055472	278.41466263643946	260.59541775457603	1.037339	21.022285	0.2507097718488428	0.1982728771002261	0.0329202353	0.0773463975	-0.0492666952	0.0120330503	0.0619067799	-0.0885021356	0.0156693181	-0.0494464244	-0.0049875466	0.0649400231	-0.0928506905	-0.1011110107	0.0977981422	0.0822554498	-0.0787804273	0.0705905119	0.0313411575	-0.1572582301	0.1063040968	0.0525741757	0.0809826464	-0.0863034228	-0.0890060038	-0.0495400129	0.159101032	0.0486181621	0.0123867941	-0.0056246586	-0.0725724604	-0.1642127887	0.0885130017	-0.0337977003	-0.0460687486	-0.0137439874	-0.028697088	-0.0938817844	-0.0878894929	0.0596348663	-0.0279019787	0.1057811575	0.0582215364	0.0402615352	0.0966392615	-0.1041950294	0.0192592269	-0.044497372	-0.0643304649	-0.0262788614	0.1109357051	0.0090411393	0.109999862	-0.0380931862	-0.0174266924	-0.1281288242	-0.1819163342	0.0180340309	-0.0962540042	0.0947002187	0.0989702646	-0.2424949629	0.0348334132	-0.0145154005	0.013581526	0.1017536279	0.0286573364	-0.0052922619	-0.0556761946	0.033462046	0.1009418027	0.0768886991	-0.0233108228	0.0619274916	-0.0542245499	-0.0087114067	0.1003312452	0.039303273	0.0391083436	0.1704636237	0.0211494533	-0.0525708413	0.1370219727	0.1012865841	-0.0427031911	-0.0472698706	0.0011530426	0.0823784873	-0.0980277666	-0.1754313627	0.0863917846	-0.0630027001	0.0972038157	0.0899979295	-0.0659938858	-0.0417778011	-0.0898623894	-0.0116207853	0.0956527561	0.0014679266	0.0271948095	-0.0258589831	0.0563188883	0.0804975594	-0.0400674975	0.0179612602	0.0448045528	-0.0286493576	0.0112774734	-0.0340713116	0.0676180517	0.0467100898	0.1204684628	-0.0173863612	-0.1427202042	0.0158505657	-0.0180499496	-0.0472144084	-0.0359642177	0.1176725142	0.0791097581	0.0721447466	-0.0159491876	0.0738068754	0.057140309	-0.0405049145	0.1954588385	-0.0048912244	0.049842167	-0.0677870221	-0.0070301729	0.0128113938	0.0859982572	0.0385983327	-0.0472260058	-0.1409863211	-0.0270309564	-0.0922039044	-0.0988364116	-0.0388370953	0.1026337137	-0.0573054412	-0.093170936	0.099723593	0.0981470957	0.0955380353	0.0919238605	0.0873425944	0.0	-0.0029621050148591	-0.0026554177276239	7.051243308179277e-06	8.77406611905343e-06	-0.140213464327104	-0.1897644111358118	0.019659815578608	0.0360105317337214	-0.0017063771722476	0.0079920306761422	2.911723053967716e-06	6.387255432839954e-05	0.0002689993905334	-0.0004810279418387	7.236067210734067e-08	2.3138788082967194e-07	1.90069673953186e-05	-0.0001468705750588	3.6126480956670426e-10	2.1570965818126522e-08	5.199742848331434e-05	0.0003780597292876	2.703732568877389e-09	1.4292915890902426e-07	0.0	0.0	0.0	0.0	0.0	0.0	0.0	0.0	0.0
253.73230762683025	0.161680278218256	0.0261405123647326	64380.08393363642	409.1331488471361	0.6969858745359261	167389.93348557284	0.4857893093026097	259.373874138861	0.0740610556126171	67274.80658580172	0.0054850399584551	278.58486845760115	262.5081466999903	0.917089	18.585346	0.1297980128060156	0.0787893330598192	0.0596244365	0.0898527985	-0.1093043851	0.0857163968	0.0684909521	-0.1353675188	0.0386162612	-0.0607007727	-0.0419884414	0.0184237289	-0.0331670937	-0.120420381	0.094734378	0.1053359652	-0.0396888218	-0.1023860344	-0.0540484742	-0.1052567694	0.0733455399	-0.0183162602	-0.0300634596	-0.0028205193	-0.0275034665	-0.0079552594	0.0829126914	0.1768342858	0.0582756444	-0.0467706885	-0.1562992325	-0.0226955016	-0.0872649262	0.093713154	0.0419985454	0.0634300441	-0.0273392452	0.0214986132	0.1065362772	-0.0681963837	0.0672443137	-0.0296791311	0.0719573375	-0.0054439662	-0.0361447878	-0.0294786211	-0.0158559496	-0.0260777561	0.0073805017	0.0754165903	-0.0525403955	0.0998594462	-0.0741429891	0.0880591545	-0.1195633804	0.0001631598	-0.0951508514	0.0281497607	0.0443388012	-0.0340388753	0.1025797521	-0.0691032086	-0.003039063	-0.0925533349	0.0405287876	0.0173308621	0.0774742923	-0.1002440985	-0.0138392902	0.1272736824	0.101064684	0.0584142886	0.08266692	0.0377272609	-0.0957300004	-0.0377933933	-0.0004927752	0.1487404	-0.0212522581	0.1387735766	-0.0017022663	-0.036468909	0.0723740232	0.0789548149	-0.0017807609	-0.020814192	0.0035845942	0.0342966841	-0.0318440652	-0.1003593736	0.1259710087	0.0895068969	-0.0856828019	-0.0646784957	-0.0274769825	-0.0800405592	-0.100803936	-0.0433235673	-0.1510766025	-0.003890924	-0.0340091957	0.0286505192	0.0167983192	-0.0349896237	0.0105757523	-0.0657739532	0.006778609	0.0601283282	0.0894730135	-0.0791958456	0.018801128	0.0293691566	0.0021908092	-0.1119820756	0.0583225435	-0.1008876552	-0.0212440393	0.0600821588	-0.0257207411	0.104561359	-0.0523637697	0.0222361686	0.0606566062	0.1059926489	0.0746096207	0.0734583297	0.1867456734	-0.0106022977	0.0623273411	-0.0328029785	-0.0628374935	0.0248654887	0.1421775172	0.0659831255	0.072827419	-0.0849450182	-0.0904790645	-0.0241446664	0.053324315	-0.0689179145	0.0578744897	-0.0915505967	-0.0854508206	0.0995490545	0.0974532219	0.0939927908	0.0892162162	0.0831903826	0.0	-0.008344099282624	-0.0053819942677649	2.896586229825424e-05	6.962399283828634e-05	-0.0757829005792984	0.0644305637478055	0.0057430480202118	0.00415129754486	-0.0269378056994611	-0.0252314285272135	0.0007256453759019	0.0006366249855238	0.0006569993062483	0.0003879999157148	4.316480884107474e-07	1.5054393459476946e-07	-2.076877695600388e-06	-2.1083845090918988e-05	4.313420962482378e-12	4.4452852381786865e-10	-0.0002339993359755	-0.0002859967644588	5.475568923697493e-08	8.179414928091053e-08	0.0	0.0	0.0	0.0	0.0	0.0	0.0	0.0	0.0
253.18517581111527	-0.5471318157149767	0.2993532237675672	64102.73325050535	407.38123625329456	-1.7519125938415527	165959.4716512626	3.0691977364606373	259.08071196796527	-0.293162170895755	67122.81531382778	0.0859440584443118	277.7443121939324	259.6357044729237	1.092285	22.135805	0.222472711895321	0.1771321397235821	0.0251355977	0.0454360759	-0.1121648221	-0.074593031	0.0351614715	-0.0866956478	0.0217114528	-0.0347601779	0.0573047472	0.083170012	-0.0527089627	-0.1263321589	-0.0247555172	0.0075766697	0.0732286526	0.0231883134	0.0420297146	-0.0638966109	0.0474275242	-0.0327840333	-0.0268672811	0.0498018227	-0.096366401	0.0121306255	0.0235012877	0.0864538277	-0.1375753198	0.0133829672	-0.0723599728	-0.0235741455	0.005734416	0.1070797586	0.0716674731	0.0419854211	0.160208215	0.0235215743	0.128238963	-0.0130144381	-0.1120000559	0.0712342357	-0.0674931593	0.0128196556	-0.0121492078	0.0925226277	0.0529308238	-0.0815113322	0.0517410082	0.015571153	-0.0718961933	-0.1305731388	-0.0062495168	0.028101206	-0.0520388154	-0.0435595446	-0.0422647247	-0.1489829394	-0.0792086022	0.0921033447	0.0588547649	0.0541739615	-0.0563246759	0.0123258397	0.0328480199	-0.0163488319	0.0026984513	-0.0236199261	0.089512331	0.0242082292	-0.0129150045	-0.0077224933	2.82249e-05	-0.0573796434	-0.136847699	-0.043453343	0.0010070716	0.028725617	0.0206713573	-0.0098408711	0.078735923	-0.0544629348	0.1309903507	0.0653820209	-0.0233032261	-0.0820970006	0.1026366845	-0.0095355604	-0.0293180101	0.0078412063	-0.044391829	0.0338343406	-0.1435186025	-0.1309454478	-0.1366662395	0.0560299374	0.0158308757	0.0908351596	-0.0585371539	0.0253389098	0.0088404786	0.0045783542	-0.0383344127	0.0006512244	-0.068637231	0.0575530189	-0.0219513718	0.0534488702	-0.0581656692	-0.0577216219	0.077400322	0.1296641796	0.008276057	-0.0330588206	0.1176884347	0.0883240054	-0.1164862643	-0.0788663588	0.019559658	-0.0283913997	3.18829e-05	-0.022304462	0.017117739	-0.0655078146	-0.0611540657	0.0100534742	0.0830956616	0.0364451479	0.1612513389	0.0002351652	-0.0186192243	0.005730078	0.0180901163	0.0753140125	-0.0102913158	-0.0390262043	-0.0115832792	-0.0414115575	0.0473553958	-0.0624649894	0.016752758	-0.1543750524	-0.0068479731	0.0993497063	0.0966622046	0.0922367566	0.08615293	0.0785201094	0.0	0.0024860026151287	0.0108301018977527	0.0001172911071157	6.180209002426735e-06	0.1020312706070996	0.177814171186398	0.0104103801816991	0.0316178794747056	-0.0096109850263204	0.0173268206731407	9.237103317615494e-05	0.0003002187146391	0.000353001228073	-0.0003039980781752	1.2460986702104617e-07	9.241483153427577e-08	1.2960579201193312e-05	1.50374568967937e-05	1.6797661323040467e-10	2.2612510992292838e-10	-0.000223002508287	1.09968276885e-05	4.973011870229351e-08	1.2093021921056027e-10	0.0	0.0	0.0	0.0	0.0	0.0	0.0	0.0	0.0
253.2316741647444	0.0464983536291185	0.0021620968902185	64126.28080027927	405.8778495788574	-1.503386674437138	164736.8287787576	2.2601714928751573	259.32089012597464	0.2401781580093711	67247.32405572782	0.0576855475847744	277.9280661775313	257.8427389466793	0.987535	20.012991	0.1380821379488539	0.1276677928217786	-0.0141261238	-0.0683094067	-0.1363202182	-0.0401199705	0.0590717261	-0.0989903983	0.0238025828	0.0259761438	0.098350408	-0.0307561988	-0.0769509143	-0.0671520724	0.0485186011	0.0694711875	0.0221809244	-0.0052674392	0.0035265325	-0.0328873065	-0.0782668829	-0.1024255825	-0.0266335318	0.0417133029	-0.0545155142	-0.0496648829	0.0925512484	0.0124734824	-0.0609970494	0.0472080031	0.0034265575	-0.012634145	-0.0578209382	-0.0964680301	0.065275048	-0.1364218763	-0.1260694896	0.0223875265	-0.0087255515	-0.0119324033	0.109142065	-0.0675542945	0.0032703927	-0.0056803066	0.1530540053	0.0397557931	-0.0213759505	-0.0660862172	0.0034661073	0.0425289754	0.0133782874	0.0281906485	-0.0142380286	-0.0188979197	0.029935703	-0.0202976407	0.0705122784	-0.153107679	0.0654767919	-0.0525419945	-0.0488707388	0.1307352238	-0.1278938683	-0.051285645	0.1640824186	0.0263954412	-0.0592534654	0.0274948909	0.055039781	-0.038226737	0.0466938034	0.0473100012	-0.0090270454	-0.1140190934	-0.0619589751	-0.1061827483	0.0510595316	0.0550320209	-0.0522272599	0.0035080934	-0.0523606696	0.0198340986	-0.0053545694	-0.0565403441	0.127046515	-0.0907854168	-0.0196139539	0.0485902161	0.0170279926	0.0012750384	0.1138718279	-0.0691329862	-0.060589986	0.0799649469	-0.0025298262	0.1100261876	-0.0448202539	0.0273538646	-0.0425398645	-0.0944802829	-0.1412708673	0.0859867663	-0.0642903042	-0.0583917847	0.0406807024	0.0544465641	-0.0243904002	-0.144353474	-0.0112578144	-0.0692717107	-0.0971969025	0.0415310436	-0.0226957373	-0.0253805584	-0.0273254026	0.0689830737	0.0466832947	-0.0131910105	-0.1535061595	0.0520345886	0.0277329602	-0.0330472427	-0.0206983008	-0.022017431	0.0023342507	0.1494703901	0.0358025158	0.0913061891	0.0580352746	-0.0038951612	0.0105513737	-0.0197747292	0.036032163	0.0059110003	0.0399882118	-0.0274606875	0.0066055011	-0.0629613179	0.0002523501	-0.0186415249	0.1256411069	-0.0426509935	0.0471393235	0.099125598	0.0957748323	0.0902738707	0.0827462129	0.0733608586	0.0	0.0055697771528429	0.0030837745377142	9.509665399454432e-06	3.102241753233077e-05	-0.0257303663120609	-0.1277616369191605	0.0006620517505528	0.0163230358682634	-0.0096980931149843	-8.710808866389981e-05	9.405301006690588e-05	7.587819110677831e-09	0.0003820103970258	2.900916895279997e-05	1.4593194343580937e-07	8.415318833320937e-10	0.0001039614175011	9.10008382999067e-05	1.0807976328838025e-08	8.281152571285766e-09	-0.0002000201474734	2.2982360813600004e-05	4.000805939528068e-08	5.28188908566497e-10	0.0	0.0	0.0	0.0	0.0	0.0	0.0	0.0	0.0
253.312921648337	0.0812474835926195	0.0066011535901329	64167.43627401652	404.8604444287858	-1.0174051500716246	163911.97946307395	1.0351132393922649	259.3159036698002	-0.0049864561744357	67244.7378960851	2.486474517956808e-05	277.9740543052798	255.8899236986559	1.005475	20.376539	0.1397738964519848	0.114269565592418	-0.0213772348	-0.1321610859	-0.0337684195	0.0533845402	0.0504899921	-0.0434660664	-0.0535802869	0.1318119164	-0.0310528055	-0.043608565	0.0188943651	-0.0329875515	-0.0043521921	-0.0045904265	0.096216338	0.0477777354	-0.0298955997	0.0960829032	-0.1306377298	-0.0791140229	0.0097119474	0.0456955801	-0.0286941425	0.0277734616	0.0487369134	0.0127578936	0.0507303105	0.0831962981	-0.0111602566	0.0100979222	-0.021681919	0.0006489348	0.0125419832	-0.0384429639	0.0626795823	0.0401394921	-0.0201770209	0.0353368508	0.0486408206	-0.063727724	-0.0372608378	-0.0309134877	0.071492191	0.0178228807	-0.0604971652	0.0078923056	-0.0400855588	0.1020610094	-0.0575030862	0.0395711044	-0.0212043081	0.0125435512	-0.0518851954	-0.0571169401	-0.0385115221	0.0284684614	0.0949655273	-0.0075112835	-0.053269449	-0.0327799214	0.0121191985	0.1564182866	-0.0971874843	0.0805664653	-0.0609895883	-0.0687067858	-0.0557227843	-0.0200587541	0.0012085911	-0.0362556758	0.0497192872	-0.093480175	0.0536095661	-0.1341501231	-0.0336532863	-0.0223293878	0.0266599471	-0.0965820686	-0.0174103244	-0.0221767423	-0.0010096149	-0.0285740334	-0.0108364284	-0.0845533751	0.066025738	0.0585144834	-0.0054967528	-0.0271333138	0.0616065599	0.0819539241	-0.0620753074	0.010163896	0.0386090329	0.0315857782	-0.0124030874	-0.0474167208	0.0562371477	0.028138423	-0.0743244844	0.0765258301	0.0111904089	-0.1015202826	0.0543380958	0.0328337584	-0.0478208078	0.0142569615	0.0683683042	0.0290210919	0.0340642019	-0.1048203334	0.0548354825	0.0265242921	-0.1412357729	-0.009527401	-0.0721674658	0.073036816	-0.0530786769	-0.0157324297	-0.0691542815	-0.0457709041	0.0186404855	-0.089533145	0.0171616041	0.0453171048	0.035369275	0.1111590782	0.0281284226	-0.026815963	0.0352143866	-0.0039292769	0.0623072227	-0.0405537053	0.0293369722	0.0090634429	0.0328026475	-0.0228454058	-0.026932663	-0.0672692172	0.0469125593	-0.1008624829	-0.0340148594	0.0988767856	0.0947919895	0.0881085353	0.0790096451	0.067744759	0.0	0.0054970948838644	-7.268226897850019e-05	5.2827122238630516e-09	3.0218052162208165e-05	0.0893214367630435	0.1150518030751043	0.0079783190654143	0.0132369173908326	-0.0027477703376561	0.0069503227773281	7.550241828502719e-06	4.830698670904717e-05	0.0002469997144166	-0.0001350106826091	6.100885892188198e-08	1.8227884418602133e-08	8.500000550526465e-05	-1.8961411995835356e-05	7.225000935895022e-09	3.5953514487580877e-10	-1.0475466961370422e-08	0.0002000096720064	1.0973540805876323e-16	4.000386889612316e-08	0.0	0.0	0.0	0.0	0.0	0.0	0.0	0.0	0.0
253.17747737413487	-0.1354442742020865	0.0183451514141299	64098.8350495306	401.0652189014843	-3.795225527301511	160853.3098124955	14.403736803081031	259.0763269402624	-0.2395767295378164	67120.54318085773	0.057397009336036	277.16573301928435	256.34511252434487	0.981005	19.880644	0.0493727622308109	0.033613090055497	-0.0023338334	-0.102271705	0.0600948664	-0.0315036109	0.0906835447	0.0997153497	-0.1124840989	0.0929882137	0.0231268413	0.0200710084	0.0146911024	-0.0113535668	-0.0512814544	-0.0311826733	0.0708080839	-0.0254459455	0.0661966959	0.0898769146	-0.0374774398	-0.0048024399	-0.0372582903	0.0132222937	-0.0495525602	0.0744242321	0.0043273649	-0.039408778	-0.0556482921	-0.0599545747	0.0977732567	-0.1162515873	0.0111556291	-0.0031566739	0.1071585335	0.0478690003	0.0719395648	-0.0017508196	-0.0603720358	0.0678827407	-0.0300734817	-0.1572318117	-0.0256305354	0.0565672533	-0.0197141445	0.0273352573	-0.002786552	0.0777638621	-0.1710228739	-0.0368929807	0.0698584701	0.0100629448	-0.0489808807	0.0247899366	0.0486503284	0.0108039852	0.1076453411	0.1036336987	-0.0597290754	-0.0781496582	0.0499490502	-0.0024296608	0.0152778436	-0.0088722303	-0.007102024	0.0116440549	0.0014916309	-0.1197038348	0.0047698089	0.0295970792	-0.060189378	-0.0389467085	-0.0509361496	-0.0215689956	0.0858738871	-0.1098965909	-0.0544700896	-0.0140378419	0.037109805	-0.0668780723	-0.0276364274	-0.0041261855	0.0313126751	0.0799325558	-0.0569319724	0.0345067548	0.0796207666	-0.0494597446	0.0735000909	0.108171332	0.0551893064	-0.0379491727	-0.1045733943	-0.0072733475	0.1033276219	0.0511478639	0.0790189266	0.0839625793	0.1041198836	0.0696950201	-0.060747031	-0.0705664798	-0.0110827775	0.0385113982	-0.0262312373	0.0732324638	-0.0049621337	0.0712849928	0.0520777359	-0.0263529484	-0.0205770634	0.0293975824	-0.1050434806	-0.0052951353	-0.1146301575	0.0050908557	0.0808185666	0.0933744068	0.0875990038	-0.0522944207	0.0364857398	-0.078542515	-0.0340703425	-0.0889537907	-0.0530853035	0.0578708545	-0.0581267119	0.0721483255	-0.0500977582	0.0114245675	-0.0509958601	-0.1029373915	-0.0304096325	-0.0501343431	-0.0009909718	0.0357172689	0.0714064462	-0.0018067637	0.0917835781	-0.0927859265	0.0211604789	-0.1246575647	0.012675682	0.098603331	0.0937146561	0.0857456062	0.0749581217	0.0617067844	0.0	0.0055073977801782	1.030289631379945e-05	1.0614967245290229e-10	3.033143030911176e-05	0.1212028819271324	0.0318814451640889	0.0146901385874423	0.0010164265457508	-0.0009174517164893	0.0018303186211668	8.417176520891628e-07	3.350066254989937e-06	0.0001600003404898	-8.699937392680002e-05	2.5600108956851933e-08	7.568891063655171e-09	0.0003110001088382	0.0002260001033329	9.672106769737225e-08	5.107604670649744e-08	-2.4909192054486946e-08	-1.4433725093116524e-08	6.204678488073157e-16	2.0833242006366163e-16	0.0	0.0	0.0	0.0	0.0	0.0	0.0	0.0	0.0
253.27682956748217	0.0993521933472436	0.009870858322908	64149.15239575541	401.9236546012591	0.8584356997748159	161542.6241280322	0.7369118506478779	259.1085709999119	0.0322440596494857	67137.25156561637	0.0010396793826795	277.8393459143336	257.65950668328554	0.896791	18.174	0.0897704167960189	0.0669301238672595	0.0155987943	-0.0672813104	0.0514517877	0.0290481495	0.0508764878	0.0869356694	-0.1134542963	0.0330592126	-0.0178639905	0.0106432185	0.0457261223	0.1121908291	0.0030173791	-0.0584632697	-0.0119756734	0.03019379	-0.0259797312	-0.0033404004	-0.0221167563	-0.0288404453	0.0369112854	-0.1436015941	-0.0371792484	0.0725764865	-0.0080129926	0.0239019817	-0.0682392046	0.0672968161	-0.0049613075	0.0090390416	-0.1257372411	-0.0262159586	0.0966746016	0.0483539744	-0.0786321304	-0.0636726113	0.033186075	0.0170357259	0.043874054	0.0358826456	0.0117618107	0.0315578889	0.0524828868	-0.0121523454	-0.1120805222	0.0090576548	0.0493234878	0.1695474938	0.0451872022	0.0212776084	-0.1489203673	0.0982517768	0.1281143283	0.0230301906	0.1367832733	0.0378634345	-0.0693953517	0.1460242996	-0.0114540161	-0.022521884	0.0160057039	-0.0543652382	-0.1792000711	-0.1114450511	-0.1990796888	-0.0453384715	0.0218601061	0.0564424843	0.0044626774	-0.0562884182	-0.0193595482	0.0117835252	0.0827031294	-0.0307049938	-0.0227392729	-0.0378769465	-0.0156104769	-0.0438624479	0.0210562844	-0.0892502692	0.1026766684	-0.0755967016	-0.0465014983	0.010342676	-0.031522394	-0.001492051	-0.0153530949	0.1215749131	0.1029644564	-0.0520410329	-0.0291754793	0.0302574205	0.0018588974	0.0700427234	-0.073833968	-0.1121468632	-0.0263376066	-0.0456944592	-0.0896100597	0.0157437327	-0.0245615701	0.0250816752	0.0972180417	0.0096819358	0.0306710545	0.026661934	-0.0314326206	-0.098815054	0.0197064541	0.0866372869	-0.140790582	-0.0092039739	-0.0050890693	-0.1378347687	-0.0046784935	-0.0958449704	0.141350959	-0.0019385866	-0.0145585452	-0.0520796324	-0.0202534709	-0.0735359118	0.0137144488	-0.0316293098	0.0062224138	0.0623693527	-0.0423304493	-0.0217489012	-0.0055943533	-0.0695777688	0.0047365952	-0.0194850025	0.1182642999	0.0426055724	0.0081778976	0.0595555567	0.0577533836	-0.0747004317	-0.010335252	-0.0253874809	-0.0217801121	0.0983053023	0.0925439058	0.0831903826	0.0706077933	0.0552845357	0.0	-0.0021515323161622	-0.0076589300963404	5.865921022062876e-05	4.629091307490281e-06	0.0565079477261747	-0.0646949342009577	0.003193148156224	0.0041854345112662	-0.0018328152078055	-0.0009153634913162	3.3592115859631183e-06	8.37890321234583e-07	0.0001089998163674	-5.10005241224e-05	1.188095996812692e-08	2.6010534607595043e-09	3.200002001801927e-05	-0.0002790000888201	1.024001281153634e-09	7.784104956166873e-08	-1.7419865429895895e-09	2.316720551149736e-08	3.034517115956821e-18	5.367194112119535e-16	0.0	0.0	0.0	0.0	0.0	0.0	0.0	0.0	0.0
253.0568115342404	-0.2200180332417574	0.048407934951571	64037.74986387607	402.0338254424761	0.1101708412169841	161631.19679991133	0.0121376142544579	258.9009891170462	-0.2075818828656679	67029.72216578489	0.0430902380940558	277.4677160729363	257.15875402445755	0.8265519999999998	16.750563	0.1060796752856337	0.0846343106296086	-0.0013749912	-0.0362500469	0.0845132515	0.0016028371	0.0182127458	0.1015006545	-0.08517136	0.0056369984	-0.0190832034	0.0538691813	0.0476453365	0.0811063008	-0.0594861947	-0.0750689008	0.0008499677	0.0423248079	0.0574242952	0.067732608	-0.0117530418	0.0077948077	0.0503910557	-0.0065939624	0.0331690997	-0.0637336581	0.0415135646	-0.0211361967	-0.0689414361	0.0078201493	0.1304988468	0.031764656	-0.034515273	-0.0948364947	-0.0452123418	0.062525061	-0.0880982116	0.0452567855	-0.0388928876	0.0157565858	0.0486163872	-0.1667429941	0.0068317387	-0.0407267204	0.0963131426	0.0785179274	0.0340178328	0.0755380894	0.0567599338	0.0250763686	-0.0647157538	-0.0456150289	0.0318738938	-0.1164570776	-0.0466609392	0.0431336995	0.1557523341	-0.0197823271	0.0249400097	0.1245939594	-0.0390935214	0.068811744	-0.0731323485	0.0115406699	0.0607880991	-0.0399393478	0.05926326	-0.077334914	-2.91641e-05	0.0898307125	-0.059230276	-0.0591946836	-0.0357491442	0.0053283606	0.0553801609	0.0212180993	-0.0217825188	-0.0514551943	0.018414871	-0.0921156906	-0.0113872076	-0.0040052643	0.0365628581	-0.0364443236	-0.081994474	-0.0451261144	-0.0294680629	-0.0758527643	0.083619857	0.0795873246	0.0023492265	-0.0813516518	-0.0165624358	0.0702151956	0.0263333955	0.0066410546	-0.0569700867	0.0267819291	-0.0189145286	-0.0402807138	-0.0899960944	-0.038495666	0.0302567182	0.0041839459	0.1332033714	0.0003443111	-0.1151155774	0.0640626444	0.0016171918	-0.0420201092	-0.0207708454	-0.0998311614	0.0522296734	0.0093323661	0.0463466873	0.0455279934	0.0429111832	-0.0382921199	-0.0416567657	-0.0589740638	-0.001851427	-0.0527077276	-0.0060493025	-0.0738755861	-0.0541714947	-0.0052664444	-0.0490688311	0.0007034132	-0.0904541754	0.0045826524	-0.0052725251	-0.0643420546	-0.074169666	-0.0752204167	0.023250088	0.0033934993	0.0621421723	0.0761315237	0.0520786304	-0.0511195996	-0.0266459727	-0.0690457602	0.0290473055	0.097982774	0.0912809058	0.0804485949	0.0659760014	0.0485180071	0.0	0.0030370875882823	0.0051886199044445	2.6921776512797658e-05	9.223901018898395e-06	0.1377592621568766	0.0812513144307018	0.018977614310007	0.0066017760967167	-0.0067718118533548	-0.0049389966455493	4.585743577723657e-05	2.439368786474724e-05	0.0003369999338095	0.0002280001174421	1.1356895538760737e-07	5.19840535536114e-08	9.799999946968896e-05	6.599997945166969e-05	9.603999896059036e-09	4.355997287620821e-09	-1.6531191534993562e-08	-1.4789204992003973e-08	2.732802935666428e-16	2.187205842955152e-16	0.0	0.0	0.0	0.0	0.0	0.0	0.0	0.0	0.0
253.2040418826849	0.1472303484444808	0.0216767755030832	64112.28682572844	403.7275390085184	1.6937135660423337	162995.92575387476	2.868665643795839	259.2512194853052	0.3502303682590195	67211.1948046179	0.1226613108508484	278.07199708717	258.01962475332266	1.020477	20.680565	0.3162309455078564	0.2272148904587247	0.0130036518	0.0129415079	0.0417718183	-0.01466686	0.03284849	0.0268081456	-0.0370246712	-0.0356042237	0.0316317214	0.0039719591	-0.0353021105	0.1319048698	0.0689843915	-0.0602536374	-0.0290690433	0.1083378065	0.0831021821	-0.0708295635	-0.0036710957	0.114876598	0.0465219322	0.0084735259	0.0044849727	-0.0070444775	-0.1045520613	-0.1055224616	0.0065108689	0.0546699316	-0.0351381664	0.0860739878	-0.0879257587	-0.0823119587	0.031838575	-0.029435809	-0.0909426532	-0.0987395519	-0.1155553023	-0.0377485418	0.0928559488	-0.0859599678	0.046288783	-0.004252087	-0.1026487922	-0.1026996709	0.0440520741	-0.0210610152	0.0458361507	-0.1055672755	-0.0452863979	-0.0293123121	-0.0050832657	0.0281640754	-0.0904321244	0.0624830742	-0.0419287695	0.0311877312	-0.035312439	-0.0795972429	-0.0626867077	-0.0578079616	-0.0606165675	0.0870143397	-0.0597952441	0.0306042088	0.0955386163	0.018247241	-0.1273324963	0.0028184636	0.0576062766	-0.0097971064	-0.0969611992	0.0274346536	0.0236851503	0.0598116624	0.0661272448	-0.1020790217	0.0056679819	0.0560855938	0.0933516441	-0.0412112458	-0.0286895316	-0.101598362	-0.0308165026	0.0009672847	0.0556656871	0.1026968224	-0.0454478945	0.0672723613	-0.010348975	-0.0309359847	0.0164320978	0.1334027154	0.0036431677	0.0321210428	0.012846907	-0.1400619566	0.0421397665	-0.0486123417	-0.0086174668	0.0309431496	-0.0205922592	0.0736999484	-0.0317863975	-0.0261834002	-0.0792992529	0.0569107939	0.088145193	0.0294433302	-0.016191598	-0.1007643233	-0.0643548383	-0.0158299376	0.0840775705	-0.0146644222	0.0247782064	0.0241990389	-0.0997599016	0.0682743954	0.0787194325	0.0276112268	-0.0313771414	-0.0541419686	0.0920215839	-0.1337222879	0.0615404688	-0.0090411228	0.0017460626	-0.0676047093	0.0343064631	-0.041359593	0.0409217152	-0.0586327276	0.1177044859	-0.0022371602	0.0569712031	0.0617292063	-0.0021769849	-0.0037158968	0.0986857122	-0.0040178611	0.0316595738	0.0976358263	0.0899269149	0.077526392	0.0610812099	0.0414493366	0.0	0.0111093960224621	0.0080723084341798	6.516216345653033e-05	0.0001234186799838	-0.0782773394014242	-0.2160366015583008	0.0061273418637657	0.04667181321286	0.0294453948231137	0.0362172066764685	0.000867031276289	0.001311686059446	-0.0001010723273103	-0.0004380722611198	1.0215615347920414e-08	1.9190730596261427e-07	0.0004729841837514	0.0003749841842817	2.2371403807897814e-07	1.4061313846142026e-07	0.0003050236001851	0.0003050401313766	9.303939666987975e-08	9.304948175027473e-08	0.0	0.0	0.0	0.0	0.0	0.0	0.0	0.0	0.0
253.98740082764635	0.7833589449614635	0.6136512366511372	64509.59977918349	409.3579493048806	5.630410296362186	167573.9306590972	31.70152010538132	259.26905753706177	0.0178380517565415	67220.44419615624	0.000318196090469	278.6966832243198	262.6599149435233	1.171365	23.738401	0.2256196979209117	0.135978817574994	0.0642765102	0.1163389063	-0.0540134713	0.0664868034	-0.0292069209	-0.0916414423	0.0392682625	-0.09114771	-0.0797509028	-0.0339146955	0.0607759998	0.0006769051	0.0154160975	-0.0157121082	-0.0079225993	-0.0450930615	-0.1496760912	0.0752045065	0.0267143909	-0.0790965099	0.0104863527	-0.0540377373	-0.009005652	-0.0043328735	0.0414597658	0.0532685722	0.0755802312	-0.22047946	-0.0022808524	0.1439540317	-0.1101013112	-0.0512578699	-0.0068509432	-0.012149977	0.1086768306	-0.0644972597	-0.077572072	-0.0803635721	0.0461690241	0.0823171617	0.0042410339	0.0016906405	-0.0701840128	0.0227449421	0.0133377351	-0.1140392038	-0.0103601537	-0.0233802706	-0.0388093396	0.0652332227	0.0723829986	-0.1396376085	-0.0789008521	0.0551338989	0.0742573523	0.0386306306	-0.0245556084	0.1160446413	-0.0286663084	-0.0766232989	-0.1106640739	-0.0378169231	-0.1950596605	0.1117500115	-0.1003095438	0.0400738674	-0.0342900205	-0.0231280306	0.0364020426	-0.0482895013	0.1261998836	0.023057489	-0.06709317	0.0677491563	0.0218773792	0.0684217115	0.0125780608	-0.0937968123	-0.1463414475	-0.0626167959	0.0095616769	0.0120323525	-0.0477410492	0.0685638438	-0.0478217784	-0.0657125592	-0.1440289658	-0.0137580091	-0.0055616309	0.0635208587	-0.1337858299	-0.0453070451	0.0602589281	-0.0464615228	0.052570869	-0.1097586046	0.0567084779	-0.0212859694	0.0818405089	-0.0629956421	0.1137091121	0.0566714591	-0.035019254	0.0147247058	-0.0738340414	-0.1217944322	0.0493326266	-0.0180053609	0.0134721163	-0.0741528373	-0.0210174242	-0.0421455806	0.0703388695	0.0845436538	0.0817179917	-0.0766468409	0.0297143045	0.0320332174	-0.1074135451	-0.0277020937	-0.072476787	0.1175507421	-0.0188842487	0.0850286126	-0.0175154134	-0.0824033184	0.0494144462	-0.0215575405	-0.0578033555	0.0325618521	0.0913033201	0.0181569352	0.0609599824	0.0162783696	0.00475646	0.0342682347	0.076883821	-0.0433790072	-0.0172029825	0.0702138453	0.0375482924	0.0972645456	0.088483283	0.0744303271	0.0559429307	0.0341225436	0.0	-0.0010881419651269	-0.012197537987589	0.0001487799329586	1.1840529362702316e-06	0.037928779922197	0.1162061193236212	0.0014385923463864	0.0135038621682556	-0.0137132962161246	-0.0431586910392383	0.0001880544931111	0.0018626726122204	0.0004180050708736	0.0005190773981839	1.7472823927604337e-07	2.6944134530536704e-07	0.0002559916853008	-0.0002169924984506	6.553174294314384e-08	4.7085744383833655e-08	-4.0053494589665167e-05	-0.0003450770947747	1.6042824288443367e-09	1.1907820133819225e-07	0.0	0.0	0.0	0.0	0.0	0.0	0.0	0.0	0.0
253.41833789701568	-0.5690629306306789	0.3238326190179769	64220.85398248601	402.476408352642	-6.881540952238595	161987.25928044264	47.35560587733686	258.9845983086979	-0.2844592283638576	67073.02216111761	0.0809170526013613	277.36200039809887	257.9365691161776	1.368621	27.735922	0.2098249372495558	0.1732136748325309	0.0089070523	-0.0665326633	-0.0375732512	-0.112146686	0.0186652006	0.0039498701	-0.0217045357	0.0149934807	0.147866807	-0.0491024496	0.0010847738	-0.0825674374	-0.1170102088	-0.0599270904	0.040451793	-0.078425786	0.0607691081	0.0547571915	0.0052314686	-0.0146221531	-0.151159182	0.073464746	-0.0486578567	0.1032520221	0.0635651137	-0.0885514707	-0.0744165659	0.0749125864	-0.0129162448	-0.0300026289	-0.02147029	0.0107871467	0.0389548403	-0.0412436349	-0.0605935618	-0.0444075151	-0.0117334862	-0.0622066365	0.0321793913	0.1110110374	0.0689310378	-0.1177251272	0.0143967242	0.0035726774	-0.0288228335	0.010204526	-0.0571862444	-0.1750349777	-0.1650806055	-0.0598131845	0.0802195411	0.0037850979	0.0186930667	-0.0440028929	-0.0071261287	0.0262635946	0.0389999109	0.1544112129	-0.0252727719	-0.0883527535	0.2255657938	0.0477822027	0.0339454352	-0.1119061363	0.0564447816	-0.0370551926	0.0342820736	0.1339045541	-0.106223007	-0.0829743616	-0.0648227421	-0.1033695675	-0.0732300626	-0.0255429458	-0.0783760055	0.1264917347	0.0635684477	-0.0273529964	0.0276985838	-0.0545817516	-0.0711802343	0.0018408324	0.1158629529	-0.0004590635	0.0093168871	0.0013013545	0.023634109	0.0483286169	-0.0827061168	-0.0915272595	-0.0705588319	-0.0110358278	-0.0336451991	0.0531022264	0.0137890878	0.0155830885	-0.0403426508	-0.0029696751	0.0676234273	0.0363829791	-0.0993606584	0.0961269794	-0.0305455712	-0.006833283	0.0913756948	-0.0695767185	0.1137477473	-0.0336678017	0.0983510515	-0.1555163283	-0.018699598	0.0410036555	0.0391368713	0.0590966751	-0.1573297575	-0.0284012215	0.0814575874	-0.1123108697	0.031583049	-0.0707748884	0.07094788	-0.0452990265	-0.049477967	0.0282511191	-0.0277000746	0.0602238179	0.1105342944	0.0574429898	-0.0664098469	-0.0328274622	-0.0057995003	-0.0307930193	-0.0643667336	0.0832308552	0.1231867905	0.0400855324	0.0446730511	-0.0117760236	0.0207188579	0.0428990838	-0.0162649873	0.0968690246	0.086951449	0.0711673436	0.0505816467	0.0265832553	0.0	0.0006475529814338	0.0017356949465607	3.012636947516351e-06	4.193248637638034e-07	0.2130059170907401	0.1750771371685431	0.0453715207156672	0.0306520039591328	-0.0275234487030715	-0.0138101524869468	0.0007575402285106	0.0001907203117127	9.100397684787568e-05	-0.0003270010940257	8.281723802128694e-09	1.069297154940206e-07	0.0001989981875831	-5.699349771770001e-05	3.960027866135865e-08	3.248258782097476e-09	-4.0009033382987295e-05	4.446120667787141e-08	1.6007227522409916e-09	1.976798899252397e-15	0.0	0.0	0.0	0.0	0.0	0.0	0.0	0.0	0.0
254.04826010551864	0.6299222085029612	0.3968019887652481	64540.51846264125	406.1697344150184	3.6933260623764	164973.85315476658	13.640657403028763	259.64536739521986	0.6607690865219524	67415.7168097987	0.4366157857030555	278.5443154251414	261.02908588716906	1.187029	24.055845	0.2298168521295975	0.1924470799182601	0.0504158196	-0.1158457259	0.011725623	0.0116580157	0.0306988182	-0.0229515396	-0.0840353727	0.0694513425	0.0121224466	0.0061944159	-0.0370528044	0.0172151759	0.0303626296	-0.0412231721	0.0445265648	0.0412543757	-0.0009386908	-0.0450092457	0.024205149	-0.1550802863	0.0088507422	0.0579885681	0.0684135692	-0.0834450193	0.1522135793	-0.0268085689	-0.042139664	-0.0663210469	-0.1222197058	-0.0417852139	0.0878242628	-0.1315986912	-0.0270721851	-0.0014766818	0.1232580297	0.0089018445	0.0484373056	-0.0755479947	0.1044547879	-0.0873746929	-0.0232503356	-0.0727320455	0.0543767159	0.0523940957	-0.0467231661	0.028519767	0.0255293235	-0.048036898	0.0496005494	-0.0008728834	0.0284780703	0.0066387141	-0.0234119086	0.0903937527	0.0677409296	-0.0861386235	-0.1477707523	0.0198475085	-0.0422444003	0.0820969786	0.0864548658	-0.1880388711	-0.0028964768	-0.0857158762	0.0302342351	0.0559593388	0.1338973105	-0.038041928	0.0324720066	-0.0569088449	0.0119949067	-0.0391935458	0.0558250249	-0.0779087144	0.0615515096	-0.0744601	-0.0773527113	-0.0200626277	-0.0617526622	0.0361948809	0.0296447785	-0.034725605	0.1543261333	-0.0050885041	-0.1581407681	0.005033483	0.1691411778	-0.1004319912	0.0772920207	-0.0801296325	-0.2084642759	-0.0724709415	-0.0041276143	-0.0951844119	0.0832526114	0.0726773669	0.0165003919	-0.03666156	0.0649174119	0.0595333144	-0.0436154809	-0.0077899111	-0.0668897529	-0.051548434	-0.0666753556	-0.0269559423	-0.0633330016	-0.0663202339	-0.0527398887	0.0065517326	-0.0191857149	-0.0585026716	-0.0073498503	0.1004327324	0.1204021441	-0.0294379383	0.0737588878	0.0177743382	-0.0165861886	-0.0822224169	-0.1496334807	0.0539252878	-0.0126388003	0.0117908148	-0.0842936187	0.0701966904	-0.0404099445	-0.0064344339	-0.0243972395	-0.1150591672	-0.0537139242	0.0160149932	0.0742383161	0.0883873976	0.0352281387	0.0692205223	0.0585529792	0.0239143562	-0.026624888	0.0997791392	-0.0406791689	0.0964493619	0.0853329399	0.067744759	0.0450187293	0.0188784218	0.0	-0.0040811169310472	-0.004728669912481	2.2360319141203068e-05	1.665551540488012e-05	0.022847850660014	-0.1901580664307261	0.0005220242797823	0.0361600902286724	-0.0095441248843712	0.0179793238187003	9.109031980847358e-05	0.0003232560849776	1.8993366845461e-05	-7.201061000241468e-05	3.6074798412625717e-10	5.185527952919865e-09	0.0001020012832628	-9.69969043203e-05	1.0404261787257963e-08	9.408399447721431e-09	0.0001299992916481	0.000170008325031	1.6899815829007765e-08	2.8902830579875827e-08	0.0	0.0	0.0	0.0	0.0	0.0	0.0	0.0	0.0
253.1102673114092	-0.937992794109448	0.8798304818012491	64064.80741845301	402.7441038695521	-3.4256305454663334	162202.81320168855	11.734944634031969	258.3596600570944	-1.2857073381254622	66749.71394481738	1.6530433593096616	277.2195787463797	260.7102261150113	1.221251	24.749372	0.311723158358575	0.2991324883672654	0.0646216123	0.0268291132	0.0778923889	-0.0097882639	0.0266442451	0.1045384752	-0.0245708135	-0.0859442945	-0.0158861301	0.0292849476	0.1170092943	0.0125960586	-0.1554590814	-0.051566776	-0.0173284163	-0.10739147	-0.0525491417	0.0125158076	0.0698683841	0.0073204735	0.0129075868	0.0124816012	-0.0469141491	-0.031982241	-0.0685979309	-0.1148089836	-0.063847117	-0.0889424017	-0.0453551937	-0.0983711607	0.1602975112	0.0212477888	-0.0187515044	0.0386895825	0.0163546447	0.0683495582	-0.1719265822	0.0109216336	-0.0899729576	0.0309672224	0.1031417021	-0.0424829488	0.0277661901	0.0507728663	-0.0683630659	-0.0869848599	-0.0275658055	-0.0407524275	0.0443051854	0.0129070877	-0.0336030681	0.0010433496	0.000398446	0.03229881	0.0257468512	0.0439581356	0.1229075816	-0.0103266506	0.0864211555	0.1066496708	-0.0344879695	-0.0606705931	0.0100317434	0.010385837	0.0870832	-0.0503803415	-0.1341630056	0.088790277	-0.1431209098	-0.0980159972	0.0478725466	0.091980984	-0.0355785756	0.0594212583	-0.1001339475	0.073511737	-0.0661056947	0.0032575434	0.0591114192	-0.0014881915	0.0612662865	-0.0210620824	0.0353704493	0.0510459465	0.0608493163	0.0181361851	0.0948139813	0.0451604764	-0.0261930913	0.0023865966	0.0085854407	0.1349060938	0.1048795576	-0.0954841923	-0.0188438686	0.1470556515	0.1063844359	-0.0411397963	0.1012206621	-0.0456846904	-0.0778205127	0.0065340688	-0.0481104394	-0.0134902695	0.005146532	-0.04795938	0.0274644505	0.0455669256	-0.0104645335	-0.1206113162	-0.0196675198	0.0153857209	0.0080620313	0.0057057862	-0.0328707568	0.0548587072	-0.0360867402	-0.1577924102	-0.0697224334	-0.0491859747	0.0710621695	0.0104168286	0.0564062431	-0.0304083683	0.0320657076	-0.079724111	-0.0482232854	0.030871378	-0.0769663151	-0.2108290875	-0.1054463299	-0.00937381	-0.0302062191	0.0809948257	0.1510983761	0.137916986	-0.0113701384	0.0810384587	0.0150376217	0.0604280795	0.0887367588	0.0960056619	0.083629369	0.064170249	0.0392763541	0.0110560246	0.0	-0.0107417357198471	-0.0066606187887999	4.4363842649714256e-05	0.000115384886275	0.3217839637188575	0.2989361130588435	0.103544919306619	0.0893627996907296	-0.0096207920258635	-7.666714149229953e-05	9.255963920491872e-05	5.877850584600276e-09	4.996685237506292e-06	-1.3996681607954709e-05	2.4966863362713316e-11	1.9590709603445758e-10	0.000130000157329	2.799887406619999e-05	1.6900040905564752e-08	7.839369489749263e-10	5.099965993346916e-05	-7.899963171463085e-05	2.6009653133295e-09	6.240941811047308e-09	0.0	0.0	0.0	0.0	0.0	0.0	0.0	0.0	0.0
252.6582965379003	-0.45197077350889	0.2042775801062243	63836.214809433564	402.415066869004	-0.3290370005480554	161937.886043185	0.108265347729661	259.2757792423045	0.9161191852101068	67223.92970170423	0.8392743615100302	277.57756086799475	258.088315404032	1.351597	27.390926	0.3424636905639293	0.3155689334426457	-0.0108923201	-0.036311479	0.0703402894	-0.0948348934	0.0931949494	0.0942268817	-0.0404442382	0.044444357	0.110387572	0.1195891733	-0.046840992	0.1748161262	0.0153725938	0.0156880486	0.0150732422	0.106081023	0.1438491993	0.0226283842	-0.0288713078	-0.0249710248	0.0748978106	-0.0946180872	-0.0759999755	-0.0561575306	0.0257912833	-0.0235760716	0.0504779976	-0.1147439114	-0.0982083552	0.0106355455	-0.0170309976	-0.1103184955	-0.0203369664	0.1034008645	0.0246304839	0.0167934217	-0.1458064399	0.0333420216	0.0010144603	0.0984719675	-0.0586231448	-0.1041764389	-0.0202252346	-0.0247643586	0.0111968443	0.0378871882	0.0690301987	0.1028119362	-0.1501724896	-0.0439427269	0.0062334044	0.0180097619	0.189671171	0.0263023315	0.0113942794	-0.0037749903	0.1309266585	0.0810683201	0.0014934876	-0.0629129891	-0.0223431022	0.0057279297	-0.063695702	-0.1236306913	0.0480413849	0.044141857	0.0433505818	-0.0131164895	-0.0054550199	0.0700956169	-0.1691850992	0.0060098369	0.0418580087	-0.0042178698	-0.0086899875	-0.1215849012	-0.0151147677	-0.0540673066	0.0024547793	-0.0896227792	0.0584603849	-0.0681874099	-0.0366703878	0.0718294937	-0.0865926877	0.0384715735	-0.0232893962	-0.0424837759	0.0933261945	0.0694682843	-0.036972211	0.1517415319	-0.0194483766	-0.1293607366	0.0757910641	0.0710491841	0.0726917809	-0.0765571278	0.0411663827	-0.0680551143	0.064697014	0.0428346091	0.0459831952	-0.0207151161	0.0573012206	-0.0798102517	-0.0840368029	0.0255129267	0.145774235	-0.0106756726	0.0369373008	0.0118807541	0.1460684306	-0.1037407557	-0.1024878721	-0.0794945052	0.0867067691	0.0122822186	0.1948436089	-0.0153785684	-0.0367689271	-0.0379670368	-0.0164369508	-0.0829193946	-0.069821377	-0.0010387708	-0.07482424	0.0079449755	0.0300677909	-0.0761655929	-0.0709982745	-0.0181055814	0.059275697	0.0623796622	-0.0462323523	0.2079162806	-0.0383420772	0.0811950664	0.1153426932	-0.0002241322	-0.0389252841	0.0955380353	0.0818424346	0.0604518297	0.0333774118	0.0031647768	0.0	-0.001692987543592	0.0090487481762551	8.187984355728002e-05	2.866206822757674e-06	0.0067159874826501	-0.3150679762362073	4.510448786711283e-05	0.0992678296495793	0.0026765363870495	0.012297328412913	7.16384703119999e-06	0.000151224286095	-2.6998421069760424e-05	-3.1995106307266715e-05	7.289147402600835e-10	1.0236868276132983e-09	0.0001180005742944	-1.19995830346e-05	1.3924135533808213e-08	1.4398999300426016e-10	-2.5998405495742223e-05	-7.699806542921139e-05	6.759170883210393e-10	5.928702079841118e-09	0.0	0.0	0.0	0.0	0.0	0.0	0.0	0.0	0.0
253.39449455411656	0.7361980162162638	0.5419875190807623	64208.76987033621	405.20748082046987	2.7924139514658464	164193.10251287147	7.797575676341102	259.42297484304464	0.1471956007401331	67300.27987641498	0.0216665448772486	278.54966061810296	258.115870150671	1.476453	29.92119	0.1535607801018455	0.0804306939874475	-0.0047742195	0.0650031252	0.0101911292	0.1601329799	0.0050143163	0.0068574596	0.0614942677	-0.0511745791	-0.1354281324	0.0048698139	0.0383696101	0.0241486175	0.0665529128	0.0589539807	-0.0808783065	-0.0333759454	-0.1049110087	-0.0200514156	0.0192955957	0.0441866649	-0.0562225787	-0.1725754728	-0.0299775953	-0.014795101	-0.1899682315	-0.0144084386	0.0986231379	0.0165382911	0.0084227269	0.0802138438	-0.0192902851	-0.1356408808	-0.0860315733	0.0568845134	-0.0721047623	0.0630172471	0.0508502081	0.0280409654	0.0590109745	0.0428550454	0.1977983662	-0.0451536683	0.0405176154	0.0754953617	-0.0554215952	0.0981529785	-0.0915224396	-0.0831654004	0.0370559056	0.0287395114	-0.032047579	0.0130377792	0.019905734	-0.0453911815	-0.066188915	-0.021209624	-0.0713133909	0.0581629071	-0.0313647094	0.0526122926	-0.0427849008	0.0777977069	-0.0128965393	-0.1195006445	-0.0590508746	0.0358802266	0.078062024	-0.0249305729	0.0618408189	0.0452510543	0.1257522794	0.0843287552	0.0480929043	0.0679776261	-0.0214080319	0.0446521093	-0.0052017223	0.0331109237	-0.0025878337	-0.1331698595	-0.0439574336	-0.0387178796	0.0077689259	0.0821063244	-0.0284753212	-0.0688929439	-0.0836916841	0.2098827022	0.03025565	-0.0221442575	0.1530352302	0.1218466093	-0.0518095319	-0.0742574307	-0.0063816905	-0.0110990425	-0.1115965534	-0.1396130319	-0.008886725	0.079398934	0.025766415	-0.0748849267	-0.0866014744	-0.0005754647	0.0071019084	-0.0898842157	-0.029190042	-0.0378173775	-0.0179946534	-0.0109435079	0.0460196391	-0.0059845769	-0.0705182042	0.09091263	0.0026773243	0.0793666725	-0.024589949	0.0893618412	-0.1239623399	0.0574119373	0.0570062145	0.1293249784	0.0645005033	-0.0845938245	0.0162374231	-0.0028789645	-0.0518421265	0.0324599758	-0.0155742554	0.0578397095	0.0522754758	0.00647148	0.0711191638	0.0687541518	-0.007644654	-0.0549502449	0.0458166256	0.0683214648	0.0338527577	0.1413569286	-0.0477278144	0.0950465986	0.0799739179	0.0565978402	0.0273454174	-0.0047461793	0.0	-0.0039026830104376	-0.0022096954668456	4.882754056197995e-06	1.5230934679958288e-05	-0.06116159113175	-0.0678775786144001	0.0037407402297673	0.004607365678554	-0.027592973837585	-0.0302695102246345	0.0007613722052016	0.0009162432492392	0.0006689979403922	0.0006959963614619	4.475582442490057e-07	4.844109351682879e-07	-1.608694895138818e-05	-0.0001340875232457	2.587899265645693e-10	1.7979463890189792e-08	-0.0002599944367073	-0.0002339960312115	6.759710711874622e-08	5.475414262276032e-08	0.0	0.0	0.0	0.0	0.0	0.0	0.0	0.0	0.0
254.07270448560536	0.6782099314887944	0.4599687111700352	64552.93916462975	405.1465582667657	-0.0609225537041879	164143.73367540576	0.0037115575498396	259.30643819754897	-0.1165366454956711	67239.82889069928	0.0135807897433837	277.9595939598165	261.97900057279395	1.366131	27.68545	0.335072219309103	0.2305421240950827	0.0580394249	0.0270990909	0.0365121991	-0.1060991867	0.0126226581	0.0193457724	-0.0585801627	-0.0767370577	0.0620475418	-0.0378480568	0.0573472581	-0.04052521	-0.060260485	-0.0401987821	0.1314846416	0.0283029481	0.0581778457	-0.0317750984	0.0755627172	0.0908920326	-0.0288554113	0.0310443329	0.0277344497	0.0368138775	-0.0850895584	-0.0407152696	0.0169745995	-0.138267594	0.1069810833	0.0342434034	0.0265236049	-0.0055654166	-0.0768716397	0.0164384201	-0.0036911748	0.1546264047	0.0465725782	0.0970181825	-0.0225065459	-0.168662542	-0.125510311	0.0342543234	-0.0227201482	-0.0613715054	0.0913425727	-0.0845561216	0.0138369777	-0.0212026516	0.1042842723	-0.1235362564	0.0015574216	0.0486459979	0.0110992597	-0.023547962	0.0877320026	-0.0706479646	-0.035122015	0.0392099603	0.0701720908	-0.0790150164	-0.0616959093	0.0076325845	0.0121504245	0.0343642897	-0.0419616463	-0.0875341902	0.0357223679	0.0037545974	-0.0567719659	-0.0611959831	-0.0695441529	0.0255867243	-0.0942067338	-0.0620227705	0.0263708311	-0.0550352116	0.0458723967	0.0433810634	0.0204419452	0.0350118453	-0.0832805246	0.0685597928	-0.0117712658	-0.0009294934	0.0534068297	-0.095388488	-0.075481966	0.0408347838	-0.1202811824	0.0086046344	-0.0097559312	0.0760896652	0.0635564799	-0.1200506504	0.0080668624	0.1097443245	0.0074645067	0.0404523419	-0.1081766829	-0.0747542103	0.0100067307	-0.0694667717	0.0552917784	0.0957349915	-0.1643895117	0.1455264009	0.0251936454	0.0164268613	0.0102442396	0.0554120194	-0.0459924865	0.0766396149	0.0420712637	0.0930759874	0.0795497664	-0.0477746532	0.0393505798	-0.081160016	0.0619930476	-0.0729111407	-0.058409374	-0.0171475058	-0.0061618507	-0.0232019176	-0.0487023224	-0.1014813291	0.0578975841	-0.0229319253	0.0801417401	0.0678604351	0.0245781047	-0.0508320038	-0.17415452	0.029718456	0.0734040152	0.0008538151	0.0058251965	0.0300953622	0.094443509	0.0192033549	0.0074599756	0.0945314743	0.0780256814	0.0526169234	0.0212044161	-0.012627579	0.0	0.0052448214204048	0.0091475044308424	8.367683731228135e-05	2.750815173193702e-05	0.1699830780602269	0.2311446691919769	0.0288942468268291	0.0534278580958684	0.0029828810677301	0.0305758549053151	8.897579464222661e-06	0.0009348829031908	-0.0002440009744207	-0.0009129989148129	5.953647551825109e-08	8.335670184495331e-07	6.199593773348333e-05	7.808288668487151e-05	3.843496295453942e-09	6.096937193042484e-09	3.300757741430011e-05	0.0002930020141216	1.0895001667610144e-09	8.585018027931435e-08	0.0	0.0	0.0	0.0	0.0	0.0	0.0	0.0	0.0
254.5426002859808	0.4698958003754399	0.2208020632104752	64791.935360348594	410.31839848764287	5.171840220877186	168361.18813746408	26.747931270282983	260.1234008735949	0.8169626760459323	67664.18368204495	0.6674280140521309	279.38893319943594	265.3927471615706	1.194915	24.215662	0.386725405376714	0.3063375693768499	0.0928602307	0.0677319732	-0.0714615008	-0.006946609	0.0111449561	-0.1034263952	0.0111705744	-0.0801693328	-0.003928295	0.0906974587	-0.0658702577	0.101798844	0.1363880378	0.0197873199	-0.0344420295	-0.1122046726	0.0302042938	-0.1643659725	0.031660654	0.0160604837	-0.0040847476	0.0545544106	0.0550259951	-0.0387939538	-0.0001518041	0.0782968591	-0.0047966185	0.1515899289	0.0218343282	0.0014546743	-0.0350406088	0.0157635269	-0.1248633478	0.1430231218	0.0408616973	-0.0719665575	0.0073032514	-0.1053070494	-0.0490533563	0.0611986259	-0.0446015318	0.1752627909	-0.0267684281	-0.057165836	0.0138181795	-0.0484601764	0.0178714461	0.0289694627	0.0280675436	-0.0266003519	-0.0997040423	-0.0142200292	-0.0725911345	0.0924244181	-0.0116736514	-0.1021476842	-0.0284165517	0.0083712055	-0.0483294994	-0.0522846973	-0.0979461633	0.0499264327	-0.0647918971	0.0635508207	0.0860341909	0.0458379075	0.0445175394	0.0055821746	0.1368321491	0.0408646961	-0.0232179249	0.0385648613	-0.0607254901	0.0195461756	-0.0290810572	0.0104340457	-0.1627860066	0.0935380465	0.0075802561	-0.0157911487	0.0129656634	-0.0078597869	-0.0673004151	-0.1346520848	0.0446567005	0.0076730569	0.0799211657	-0.0073530936	-0.0240189819	-0.0442399306	0.0251432611	-0.1509225291	-0.1107769022	-0.0649027464	-0.1189456858	-0.1875850827	0.0245399705	0.0529011573	0.0669233914	-0.0703951011	0.0655845409	-0.0208942808	0.0824625725	0.0765104449	-0.0375584418	0.0673144699	-0.0289793093	-0.0486275481	0.0216871608	0.0841330052	-0.0110620141	-0.0484260466	0.0015456986	-0.0133044078	0.0578037599	-0.1078134742	0.01411179	0.1199541858	0.0302480294	-0.0239482322	0.0740764311	0.0823994295	0.1639142577	0.0089648769	0.0681803506	-0.1128748016	0.0728055908	-0.0378141539	0.0701080035	-0.0079131865	-0.0924432911	-0.0205405728	0.143410819	0.0291105251	0.0578484481	-0.0294536814	-0.029282369	-0.0223476185	0.0724000623	0.0216798928	-0.1703698304	0.0939927908	0.0759996673	0.0485180071	0.0149788877	-0.0204303415	0.0	-0.0062270514418116	-0.0114718728622164	0.0001316038669668	3.877616965896793e-05	-0.1395297453511403	-0.3095128234113672	0.019468549837754	0.0957981878560761	-0.0162592765426339	-0.0192421576103639	0.0002643640736898	0.000370260629502	0.0005230012998716	0.0007670022742923	2.735303596673833e-07	5.882924887695607e-07	-2.897252308864396e-05	-9.096846082212728e-05	8.394070941220072e-10	8.275260864346906e-09	0.0001050078721552	7.200029474089989e-05	1.1026653214562826e-08	5.1840424427764565e-09	0.0	0.0	0.0	0.0	0.0	0.0	0.0	0.0	0.0
253.2996856433489	-1.242914642631888	1.544836808868754	64160.73074701938	410.8268875326	0.5084890449571162	168778.73151972354	0.2585611088414001	259.6761285373075	-0.4472723362874262	67431.69173212424	0.2000525428080125	278.7712503407397	261.30683535572666	1.234013	25.007998	0.3889007315102161	0.3217420455132939	-0.0032053202	0.0796435884	-0.0773618596	0.0180509876	-0.0269042257	-0.0728499313	0.0983883728	-0.0077083553	-0.040031875	0.1279642591	0.2024618738	0.0593830819	-0.0529718457	-0.0136325771	0.1574494619	-0.0382234357	-0.0296187916	0.0038588256	-0.0946889392	0.0032649827	-0.0599243802	0.0153821857	0.0643429855	-0.1037823953	-0.0230280302	-0.0697915374	0.0289190002	0.0770013716	-0.0096627436	0.0982607213	0.0267047645	-0.0144787946	-0.0508051478	-0.1140133484	-0.1126947443	0.0423318514	0.1369794327	-0.0070565473	-0.0278443948	0.0212069868	0.014046083	-0.1262464015	-0.0971885731	0.0026465887	0.073810217	-0.0047053776	0.0741492574	0.024936726	-0.0604980396	-0.0257755115	-0.1172457542	0.0884756228	0.0622065699	0.1417674231	-0.019808737	0.0592561946	0.0253558015	-0.010269713	0.1375171098	0.0004492035	0.0471051662	-0.0406673444	0.025555962	0.0539220598	0.0880583783	-0.0304638652	-0.0547557388	0.1392776421	-0.0416198699	-0.0196314809	0.1209903863	-0.0648854843	-0.1170621983	0.0099626475	-0.1010734814	-0.1305430576	-0.0786114134	-0.0527757237	-0.0090225541	-0.0520525705	-0.0912089752	0.0415372723	-0.0392210375	-0.0387959213	-0.0162445642	-0.0061814466	0.0803785486	-0.0558588772	-0.1164494275	-0.0049801062	0.096615398	-0.0255186402	-0.0001164434	0.008326619	0.0291056497	-0.0745217524	-0.0362861527	-0.0588488517	-0.1068592138	0.0007526635	-0.0371649283	0.0628780196	0.0591972408	-0.1176453476	-0.0409633046	-0.069542927	-0.0050782535	0.0070673148	-0.0292984893	-0.02981551	-0.0204888199	0.0829808779	0.15413595	-0.0351899331	-0.0214115443	-0.0187437375	0.0224489426	-0.0798282009	-0.1068314739	-0.0173226945	-0.0362663173	0.0387173863	0.0647911386	-0.0039439953	-0.0333982987	-0.1063955899	0.1011868626	0.0139195874	0.0982307401	-0.0156300567	-0.0753387254	0.0370755456	0.0787253739	0.0638466031	0.0299917947	0.1339435704	0.0271312696	-0.0849038746	0.0769618037	-0.0727774147	0.0043971376	0.0934306823	0.073897895	0.0443102836	0.0086936492	-0.0281058757	0.0	0.0090671334992435	0.0152941849410551	0.0002339120930111	8.221290989310368e-05	0.1847854958327133	0.3243152411838536	0.0341456794701417	0.1051803756641411	0.00203288025277	0.0182921567954039	4.13260212210222e-06	0.0003346030002276	-6.001660542819354e-06	-0.0005290029604144	3.601992927123471e-11	2.798441321272198e-07	3.999977018898093e-05	6.897229327762489e-05	1.5999816151712878e-09	4.7571772399746995e-09	8.300015404917444e-05	-2.2007718106025552e-05	6.889025572186688e-09	4.843396562342848e-10	0.0	0.0	0.0	0.0	0.0	0.0	0.0	0.0	0.0
252.2494558051959	-1.050229838153001	1.1029827129468788	63629.78795401748	404.18515294452885	-6.641734588071131	163365.6378607922	44.11263833838039	258.8540461543542	-0.8220823829532833	67005.41721048053	0.6758194443621487	277.2624340424432	254.56791572827035	1.219095	24.705687	0.1672629853160664	0.1173192426276648	-0.0995415393	0.0410976265	-0.1005714791	-0.128788625	-0.0295884721	0.0056251357	0.1358231996	0.0248845129	0.127336646	0.0485305867	-0.0299446552	0.0830548573	-0.041396512	0.0242708671	-0.086131187	-0.0170446709	0.0737213929	0.0671165519	-0.1329708509	0.0476892005	-0.1576356952	0.0319403501	-0.015173106	-0.0254592648	-0.078157927	0.0407944903	-0.0058881596	0.0001729786	-0.1018719221	0.0032619634	-0.0858770249	-0.0591972803	0.1776610063	0.0872846015	-0.0996471295	-0.013791991	-0.0436796694	-0.0428732691	-0.0632965538	0.0676028622	-0.0127671085	0.1029597429	0.0250008668	0.1139566838	0.1219780393	0.0720485205	-0.0892827104	-0.0502494815	-0.0316207591	0.0348963717	-0.0653865504	-0.0210751302	-0.0355636544	-0.0388615696	0.1263656235	0.0243587614	0.0490296442	-0.0596340626	0.0632110422	0.0213235193	0.1071774349	-0.0107062686	0.0609725663	0.0293309212	-0.0054734428	0.130750295	-0.0405310614	0.094578675	-0.0500724922	0.0850746054	-0.0726146181	-0.1280446999	-0.0463256093	0.1051223503	-0.0559358173	0.0370598252	0.0008882457	-0.1011523719	0.0310171249	-0.0838328808	-0.0987397973	0.0029291242	-0.0664416022	-0.0363846227	0.0577158174	0.0667323858	0.0590297786	0.1150012211	0.0705334928	-0.024277059	-0.0112302938	-0.0321783847	0.0654899503	0.0393462098	0.1146399262	-0.0254949922	-0.2056939424	-0.0353528018	-0.0338181238	-0.1080515317	-0.0178502547	-0.0280534553	-0.1102096649	0.1123537687	0.1602991682	-0.1704791439	0.0617344736	0.0401430259	-0.0035968469	0.0368399831	0.0143805847	0.0231049441	-0.0296562501	-0.110503038	0.0022489198	-0.0059634355	0.0250189312	-0.0212562958	0.0698929064	0.0312357462	0.0886722071	-0.0695736555	-0.0684307094	0.0778301204	-0.1419401916	-0.0308174635	0.0888785761	0.0879230257	0.0464669363	0.0591691848	-0.1257000971	-0.0205823363	0.1002846458	0.0641380983	0.081873329	0.0117636244	0.07172058	0.0627936684	-0.0082227697	0.0186665012	0.0653909701	0.092845289	0.0717224597	0.0400031891	0.0023737552	-0.0356063828	0.0	0.0090822639060093	1.5130406765800214e-05	2.2892920889857288e-10	8.248751765839933e-05	0.0681639229018316	-0.1166215729308817	0.0046463203853668	0.0136005912728729	-0.0091946824996966	-0.0112275627524666	8.454218627022691e-05	0.0001260581653605	0.0007549992095364	0.0007610008700792	5.700238064005888e-07	5.791223242613289e-07	1.3031328659707242e-05	-2.696844152927369e-05	1.6981552663730736e-10	7.272968385178538e-10	8.299508113862044e-05	-5.072910554002269e-09	6.88818349320619e-09	2.573442148890761e-17	0.0	0.0	0.0	0.0	0.0	0.0	0.0	0.0	0.0
252.164455907707	-0.084999897488899	0.0072249825731233	63586.91282322991	404.9635227731189	0.77836982859003	163995.45477681438	0.6058595900592727	258.79854923288127	-0.0554969214729226	66976.68908504407	0.0030799082929717	277.27802983812154	252.7322871422788	1.129537	22.890734	0.1139317142152301	0.0627429029928829	-0.1372914217	-0.0635682452	-0.0201515462	0.0222479969	-0.0346963772	0.0088430857	0.0707879474	0.1648601357	-0.0597593365	0.0316122663	0.0268185359	0.0540698682	-0.0701475833	0.0261365887	-0.0531670265	0.0929123375	-0.0090839748	0.027060296	-0.1816247155	0.041828968	-0.0812903795	-0.0248588696	0.0809423134	0.0284472989	0.0008827039	-0.0526771949	0.0230110684	0.0220766262	-0.0553611838	-0.0515440445	0.095909102	-0.0038048615	0.0609321118	-0.0730951383	0.126192649	0.0433700493	-0.0053523296	-0.0501002121	0.0635102731	0.0464464591	-0.0405375333	0.0687251913	0.0322063534	0.0358015979	0.0641617381	-0.0654631221	-0.0374054776	0.0146050031	0.0260113684	-0.0282412544	-0.0240581621	0.0394957955	-0.099638369	0.137506867	-0.0154286776	0.2221197197	0.051839193	0.0052569858	0.0211069586	-0.0312233037	0.0040639408	-0.0476816636	-0.0047816172	-0.0225896031	-0.0627548225	-0.0240023419	-0.0692682633	-0.1215303066	-0.0748050181	0.0480484469	0.0679859947	-0.1149842265	0.0896303932	0.0371482919	-0.0072742858	-0.0619556156	0.0494198102	-0.0074115154	0.0579933878	-0.0763403872	0.0032492789	0.0445416738	-0.0514251099	-0.0338451696	-0.0080824107	-0.0023228554	0.1025314569	-0.102308197	-0.0212378662	0.0371036664	0.0373635461	-0.0474575138	0.0710970446	0.0704264294	0.0825428142	-0.072909239	0.060116616	-0.0208097769	0.0567265007	-0.0130123668	0.001872999	-0.0701669225	-0.0809418526	0.0999159919	-0.0656814319	-0.0011334374	0.0537501412	-0.014366772	-0.0172128605	0.0588231693	0.0268868872	0.1540437939	0.0389525268	0.0309226226	0.0202329188	0.0437503719	-0.0464334257	-0.0455657287	-0.0652281873	0.0556282636	0.0105662577	-0.0488758157	0.0019027805	-0.0420857958	-0.1114766478	0.0494002709	0.0332852343	0.0522678312	0.1578342521	0.0825295233	-0.0720261667	-0.0555410737	0.01400439	-0.0098569747	0.0920402936	0.0154244752	-0.061960804	0.0194292272	-0.0061566082	0.0242648007	0.0295981153	0.0922367566	0.0694755299	0.0356063828	-0.0039556013	-0.042885154	0.0	0.0091914145022258	0.0001091505962164	1.191385265441712e-08	8.448210055172674e-05	0.119842222699944	0.0516782997981124	0.0143621583416629	0.0026706466700235	0.0130003270768881	0.0221950095765847	0.000169008504106	0.0004926184501046	0.0001059937617287	-0.0006490054478077	1.1234677525400431e-08	4.212080712840733e-07	6.50095753682578e-05	5.197824670855056e-05	4.226244889561191e-09	2.701738130894947e-09	0.0001809964715087	9.800139037007956e-05	3.2759722698599655e-08	9.604272514468724e-09	0.0	0.0	0.0	0.0	0.0	0.0	0.0	0.0	0.0
252.61760391026309	0.4531480025560768	0.2053431122205621	63815.65380536257	401.5818759990189	-3.381646774099977	161268.0031308914	11.43553490478078	259.17883363000084	0.3802843971195671	67173.66780180765	0.1446162226925925	277.5446203752492	252.9108363717269	1.219548	24.714865	0.2229685767279608	0.1690046826222825	-0.0899681048	0.0365126866	0.1211912076	-0.0203665463	0.0278223701	0.1252124968	0.0431435763	-0.0236540585	-0.0517726444	-0.0262463726	-0.2008398416	0.048518991	0.0342617451	0.0290238293	-0.1460611664	0.0120944281	0.0878755059	0.0403770323	0.065175724	0.0149671725	0.0240362317	0.1294366834	0.0510903733	0.0233729771	-0.0362304137	-0.0580908267	0.0752531719	-0.1041951763	0.028671622	0.010025646	0.07934561	-0.0555227577	0.0202220787	0.0563415962	0.0364201861	-0.0024959872	0.045030665	0.0224254805	-0.0051044249	0.0278212772	-0.0642905384	-0.0394269314	0.0190688103	-0.0254512939	0.0965357261	0.0231616709	-0.0635978453	0.1101662449	0.0832270194	0.0596783666	-0.0264314119	0.0101866675	0.0580829087	0.0088962464	0.0119937415	-0.0711976685	0.1050631632	-0.0739637828	0.1074108091	-0.0403613859	-0.0238213487	0.1042756278	-0.0462343347	-0.0387360384	-0.0854796366	0.07972857	0.0489583833	0.0324740848	0.0067117298	0.0792393154	-0.1063339328	0.0730949944	0.1374497281	0.0630126559	0.0688152474	0.0578646173	0.0222598426	-0.0048296224	-0.0093295613	0.0310399162	-0.0663886493	0.007138899	-0.0140956062	-0.051017163	0.0403742845	-0.0135853465	0.0528649782	-0.0409572257	-0.0951582725	0.1003348042	-0.0589042046	0.0458224159	-0.0096386434	-0.0638166997	0.1393303889	0.0412188603	-0.0383830554	0.0591679096	-0.0349352065	-0.0470786666	0.0206376326	-0.0530981638	0.0379473553	0.0945834413	-0.0536584684	-0.0519198365	-0.0544586377	-0.0614740489	0.0182149187	0.0517790923	0.0899963189	-0.0774310359	-0.0080571571	-0.0742054985	-0.0125021833	0.0575058663	0.0333747627	0.0443345093	0.1339708119	0.0848523838	0.0283463135	-0.0011640034	0.0022740618	-0.0547144784	-0.1344720249	-0.024939419	-0.1033152445	0.0592634693	-0.0008057206	0.0921018542	0.0156692416	-0.0482058494	0.0062782405	0.0033801725	0.0725086086	-0.0245206255	0.1136154739	0.0034756286	-0.0103521	-0.0745230914	0.0088035882	0.0916052369	0.0671593453	0.031129725	-0.0102691896	-0.0498968614	0.0	0.005582800941795	-0.0036086135604307	1.302209182852505e-05	3.116766635570714e-05	-0.0498969131002127	-0.1697391358001567	0.0024897019369301	0.028811374222184	0.0087504526730484	-0.0042498744038397	7.657042198325989e-05	1.8061432448411846e-05	0.000474015590051	0.0003680218283223	2.246907796113977e-07	1.3544006612168846e-07	-0.0003769805385007	-0.0004419901138689	1.4211432640827778e-07	1.953552607578943e-07	8.358935442928558e-05	-9.740711707941444e-05	6.987180173904724e-09	9.488146457722752e-09	0.0	0.0	0.0	0.0	0.0	0.0	0.0	0.0	0.0
253.8481318795046	1.230527969241507	1.5141990830856271	64438.87405871436	407.58678685494186	6.004910855922958	166126.98881873582	36.058954387581394	259.8534442630352	0.6746106330343764	67523.81249536235	0.455099506203042	279.1915065876858	260.0247695355932	1.44982	29.381458	0.1113910685011952	0.0702124449824531	0.0044322307	0.0678323506	-0.022942152	0.1478046482	-0.0763304545	-0.0630339666	0.0581968952	-0.0761564752	-0.105057338	-0.1607502765	0.1044520899	-0.0085232499	0.0475203662	-0.0157783367	0.0713556111	0.0239619737	-0.1907355992	0.025010032	-0.0307795628	0.1192622287	-0.0998189764	0.0228063397	-0.0221767024	-0.0453087038	-0.1466048667	0.1197231188	-0.0507018763	0.0472082469	0.0931341361	-0.05566383	0.0049303199	-0.0871183861	0.1242584346	0.0484356499	0.0588975167	0.0800059629	-0.0051239592	-0.0271640467	0.0867224111	0.1097643181	0.0309255121	-0.041655447	0.0857047472	-0.0672799011	0.014348297	-0.0189648117	0.0771647508	-0.1884040473	0.0570783757	0.0278726402	0.0071764243	-0.0692932204	-0.0279576613	0.0412123782	-0.0511342579	-0.1043673938	0.0585856733	-0.1397206844	0.113648693	-0.006512709	-0.0092132395	-0.0805543929	-0.0240126112	0.0113249886	-0.0601294004	-0.0163015407	0.0446580192	0.0067257392	0.0564221561	-0.0300753181	0.1711220828	0.0421633287	-0.0161556714	0.030191982	0.0160248841	-0.0629893365	0.0750679149	0.0360614984	0.0775554073	0.0647722818	-0.1701979003	0.0514321374	0.0559586675	0.0284456633	0.0622215002	-0.0779988397	0.0496312009	0.0521310417	0.1355155217	-0.0637304433	0.0194220143	0.055355134	-0.0549409677	0.0982251526	-0.0401695146	0.0315009169	-0.0381032701	-0.0799177463	0.207270902	0.0877749318	0.0247542394	-0.1165639278	-0.0689820301	0.0309642799	0.0018032199	-0.0574651972	-0.0480751583	0.0704306844	0.1098853679	0.0677795893	-0.0303495159	-0.0661464047	0.0361322423	0.0731768084	0.1020739738	-0.0170460323	0.1095281595	0.0483740114	-0.1784378776	0.0493036322	-0.0159832304	0.0943303239	0.0801600479	-0.0751232582	-0.0338602949	-0.0761770009	-0.0090437567	0.0139211942	0.094512516	0.1456149783	0.0093813493	-0.0076667637	0.1181160695	-0.0092335369	-0.0252530666	-0.0874401228	-0.0177383786	0.0592480904	0.071941588	0.0295642248	0.0747351603	0.0909508872	0.0647762149	0.0265832553	-0.0165418419	-0.0565978402	0.0	0.0091106440064692	0.0035278430646741	1.2445676688969846e-05	8.300383421261315e-05	0.0182282647773632	0.0681251778775759	0.0003322696367936	0.0046410398608513	-0.0057081871491959	-0.0144586398222443	3.258340053024522e-05	0.0002090522655093	0.0002940019086556	-0.0001800136813954	8.643712229313576e-08	3.240492548952459e-08	-5.198781032689226e-05	0.0003249927281738	2.702732422584925e-09	1.056202733658545e-07	8.300760926447626e-05	-5.817451648093195e-07	6.8902631958039646e-09	3.384274367790223e-13	0.0	0.0	0.0	0.0	0.0	0.0	0.0	0.0	0.0
252.9263877566359	-0.921744122868688	0.849612228042967	63971.75762362014	403.65595898538265	-3.93082786955921	162938.13322440893	15.451407740103392	259.0408938278433	-0.8125504351918948	67102.184675128	0.6602382097305377	277.4483856125041	258.49366942661135	1.512954	30.660919	0.2630271459052144	0.2338911726591055	-0.0123079692	0.1075346881	0.0504784767	-0.1376307254	-0.043724624	0.0664783599	0.0355986491	-0.0947974297	0.0899753559	0.0037558984	0.0382292236	-0.0432856406	-0.1238905439	-0.0437647376	0.0158491919	-0.1025638034	0.0621267286	-0.0168460714	0.0209809325	0.0175432106	-0.1011757916	-0.0586884955	0.1500257126	-0.0508268715	0.0260179322	-0.0282669469	-0.003435965	-0.0055602959	-0.0427275449	0.0929470271	0.0512978946	0.1031588411	0.0542015465	0.0067900767	0.0306206725	-0.0382261933	0.0354906271	0.0287569064	-0.0836908429	-0.0013690825	-0.011139663	0.0489750114	-0.013036877	0.0642407677	0.1180835661	0.0062564727	-0.0855961914	-0.0075019488	0.0259372308	0.0355684937	0.0536079709	0.0198375543	-0.0746575178	0.0046341776	-0.0518502567	0.0974198727	-0.0660339752	-0.0114150055	-0.0649275789	-0.0503182709	0.0282656139	-0.0606383258	0.0067660102	-0.0245795906	-0.0302785854	-0.0677453359	0.0731992375	0.0708826803	-0.1188337845	-0.0209274371	-0.0789245125	0.0204269089	-0.0903928206	0.075249478	-0.0599587554	0.0230055117	-0.0310513105	-0.0214407672	-0.0184174034	0.0300098106	-0.0605829667	0.1817316587	-0.0557290418	-0.0217905169	-0.1095880904	-0.0207979967	0.025055026	-0.0228310232	-0.1037683919	-0.0050219044	0.0005988487	-0.1245043232	0.0390280096	0.0406807374	0.130261489	-0.0697313613	-0.0571914267	0.0823753906	-0.0438352145	-0.065483107	0.0379295514	0.0236968818	-0.1895104537	0.0327230923	-0.0068593557	0.0437661276	0.0354079426	0.0614907021	-0.0272866122	0.0567504255	0.0430394501	0.0053536764	-0.0804936441	-0.0370330892	0.0331966626	-0.0757194404	0.0147574725	-0.1326214837	0.0749150125	-0.0229636733	0.0405731061	0.0255870849	-0.0637861782	0.0291996922	-0.1133348922	-0.140495045	0.0769140607	0.0673506719	0.0222241779	0.0821438967	-0.1332557802	-0.1046349201	-0.1180155971	-0.0013765135	0.125023895	0.0194831209	0.0103302552	0.0504282259	-0.0167572185	-0.1449821349	0.0249326545	0.0902738707	0.0623285141	0.0219771695	-0.0227485535	-0.0629463604	0.0	0.0092130392201283	0.0001023952136591	1.0484779780292892e-08	8.488009167162228e-05	0.2532222224222096	0.2349939576448464	0.0641214939284429	0.0552221601295878	-0.016040255026489	-0.010332067877293	0.0002572897813148	0.0001067516266209	0.0001790091215148	-0.0001149927871407	3.2044265585500435e-08	1.3223341094409334e-08	-5.797189307088502e-05	-5.984082743992758e-06	3.360740386222126e-09	3.5809246286951896e-11	0.000314005242768	0.0002309976335035	9.859929248579061e-08	5.335990668422828e-08	1.0	0.0	0.0	0.0	0.0	0.0	0.0	0.0	0.0
253.7791847114925	0.8527969548565864	0.7272626462126666	64403.87459282982	406.7852656586365	3.1293066732538364	165474.25235696745	9.792560255270992	260.0518811461583	1.0109873183149602	67626.98088765563	1.0220953577936749	278.7354970946961	257.8881755047341	1.358515	27.531116	0.4240855966728558	0.3728994622919173	-0.0380904854	0.0009398001	-0.1404743692	-0.0342423639	-0.0065086474	-0.1208117089	0.0756922407	0.0020220527	0.0660289255	-0.0709644278	-0.105458798	0.0047970697	0.1127894132	0.0309416152	-0.0665189226	-0.082922755	0.01229548	-0.07270379	-0.0564203885	0.0769768297	-0.2010293061	0.0934681314	0.0436473151	-0.0910985638	0.0097547174	0.0027385794	0.026706639	0.0410525599	0.0169728666	0.1022507561	0.1509153946	0.1650283384	-0.0771635854	0.0395628177	0.0228540748	-0.011465797	-0.0953325996	-0.0722512645	-0.0257818081	-0.002126377	-0.0081717833	-0.1816784895	0.0752631649	-0.0063817176	-0.0352740386	-0.0180267745	0.0533880503	0.0783324517	0.1047088417	-0.1790868696	-0.0064413071	0.0270328801	-0.0166450469	-0.087343395	-0.0279828003	-0.0416171567	-0.0329649601	0.0965371299	-0.0558885027	0.0484852113	0.0001281771	0.0258901684	-0.013406492	0.0117094641	-0.1115246073	-0.0892593648	-0.0566453011	-0.1409446211	0.1044859832	0.0718156956	-0.0383601113	-0.1010784786	-0.0708485091	0.0659683257	0.0296683223	0.1194082963	-0.0467832152	0.1065424312	0.1032751786	0.0372662191	-0.1291449562	0.0269696304	0.0652640168	-0.0510705777	-0.0073826758	-0.0434471837	0.1710061643	0.0324142935	0.0331475771	0.1243960502	0.0754282056	0.0064666017	-0.0137144289	0.011700406	-0.0085292453	-0.0207148391	0.0461783175	0.0312673894	0.12451745	-0.0106267338	0.0040056604	0.0476473684	0.0561907841	-0.0517229979	-0.1994768947	0.1073410593	-0.0974061471	-0.0926249102	0.0062567641	0.0391578207	-0.006824095	0.0949777501	-0.0504911961	0.0530991882	-0.1680078014	-0.0385587692	-0.0528898695	0.1048018498	0.0566970734	0.0436064524	0.0443000527	0.1129153321	0.1409756881	0.0281101899	-0.0332100438	0.0621517415	0.0823260326	0.0590625318	0.0191697941	0.0944238577	-0.0313197306	-0.0530483286	0.0500428826	-0.0059609684	0.0607877355	-0.0606714892	0.0592891546	0.1540580697	0.0324086336	0.0129834296	0.0059041083	0.0895743561	0.0598186829	0.0173217973	-0.0288645828	-0.0689028873	0.0	0.0010978488843988	-0.0081151903357295	6.585631418511749e-05	1.2052721729756898e-06	-0.1220085465682672	-0.3752307689904768	0.014886085435701	0.1407981299971845	-0.0091024795739187	0.0069377754525702	8.285513439360714e-05	4.813272823028702e-05	0.0004759835119185	0.0002969743904037	2.265603036182689e-07	8.819378855564923e-08	0.0001840418351402	0.000242013728211	3.387139708177255e-08	5.857064464262892e-08	0.0001769561235012	-0.0001370491192668	3.1313469644571954e-08	1.878246109180557e-08	0.0	0.0	0.0	0.0	0.0	0.0	0.0	0.0	0.0
254.081694720022	0.3025100085295094	0.0915123052605238	64557.50759179846	407.7528986061144	0.9676329474779096	166262.42632168822	0.9363135210447868	260.0933705447978	0.0414893986394986	67648.56140135348	0.0017213701994672	278.9481699719908	259.20434908302366	1.041374	21.104061	0.0943846279386186	0.0510683443326374	-0.0202257201	-0.0754114908	-0.0477283235	0.0968802051	-0.0094835876	-0.0741283684	-0.0097381718	0.1077368976	-0.1078856167	-0.0564600307	-0.0326492205	-0.0205454246	0.0870910941	-0.0428643166	-0.0906079426	-0.0699154429	-0.0154796075	-0.019210803	-0.0741417828	0.1034583324	0.0531162941	0.1196055483	-0.0378166137	-0.0139486945	-0.0856049703	-0.0423624888	0.0666830589	0.044087443	0.0250075078	-0.0429387733	-0.0574799834	0.0392538893	-0.075525302	-0.0110135431	0.0335599626	0.0193914236	0.1194050769	0.0225077993	0.1333727497	0.0158833954	0.0144141897	0.0484285389	-0.0030864401	0.0617646625	-0.0462820589	0.0438203103	0.026169133	0.2079256639	-0.0278867943	0.0287752636	0.1671896507	-0.0409542857	0.0846616945	0.1460334794	-0.0950659288	-0.0513435168	-0.1187675207	-0.0022938594	0.051119975	0.0625568998	-0.0196955002	0.1128553879	-0.1977628304	0.05669781	0.1546536113	-0.1048402588	0.0559569655	0.0001877093	0.092346558	0.0072159028	0.0090286718	-0.0393653777	0.1233652039	0.0386712588	-0.0636424265	0.0295822967	0.0105158502	0.1286918946	-0.0454721593	0.0733099672	-0.0329013501	0.0820570711	-0.1085383208	-0.0296504225	0.1106499643	0.1259638894	0.0821514206	-0.0284557284	-0.0435448532	0.1131700504	0.0253789073	-0.0609227892	0.0940358934	-0.0056852439	-0.0356849961	-0.0895529508	0.0566874749	-0.0996058387	-0.0612575127	0.1530162149	0.1426946459	-0.1024531405	0.0637232209	-0.1560509078	0.009458668	0.0271074677	-0.0416512385	-0.0115964583	-0.035544515	0.0698968619	0.0615247481	-0.0434070684	0.0059654967	0.124032276	-0.0190639272	-0.018452367	0.102777665	0.1017453219	-0.0004514967	-0.0030431437	0.0857751808	0.1135107509	0.1124781965	-0.0184405359	-0.0440452807	0.0738107143	-0.006612335	0.0425536291	0.0734573788	0.1848258614	0.0623068714	-0.0992805808	-0.0039348399	-0.0612736306	0.026978818	0.0512543493	-0.0108268378	0.037344623	0.0650431993	-0.098136487	-0.0637707956	0.0888525176	0.0572492232	0.012627579	-0.0348655494	-0.0744303271	0.0	0.0122145357152021	0.0111166868308032	0.0001235807260941	0.0001491948827379	-0.0750534657197476	0.0469550808485196	0.0056330227165453	0.002204779617491	-0.0255393271251733	-0.0164368475512546	0.0006522572300066	0.0002701699574231	0.0003309932588479	-0.0001449902530706	1.0955653740275295e-07	2.1022173485476643e-08	4.5548143259077634e-05	-0.0001384936918811	2.0746333543494593e-09	1.9180502690863258e-08	0.0002909924327103	0.0001140363092091	8.467659589465847e-08	1.3004279818033469e-08	0.0	0.0	0.0	0.0	0.0	0.0	0.0	0.0	0.0
254.02527936812209	-0.0564153518999148	0.0031826919299912	64528.84255805247	404.7432126219168	-3.0096859841975743	163817.06816351018	9.058209723475322	259.8221953708339	-0.2711751739638544	67507.57320731979	0.0735359749743266	278.7928869039436	258.417215350493	0.924357	18.732645	0.0971000231754938	0.0680607301185663	-0.011783677	-0.0478420472	0.0440727982	0.1258540235	-0.0357876653	0.0205736495	-0.0144636013	0.0243457341	-0.1227730377	-0.0571483604	0.0175269192	-0.0245494261	0.0351804783	-0.023515247	-0.039402348	-0.0623942459	-0.0915325196	-0.0075134285	-0.036105424	0.0482151226	-0.0843002132	0.0833491273	0.0650649766	-0.1339482893	-0.0140113943	0.0367201216	-0.0194985307	-0.0090193424	-0.067524074	-0.146576363	0.0011877547	-0.0333151531	0.0124387628	0.0031501873	0.0276114301	-0.0501856925	-0.0151725151	-0.0424386982	0.1949184276	-0.1079638475	0.0797373312	0.0153352494	0.0297281507	-0.0925328409	0.039514374	0.0951789463	-0.0029589511	0.0738331052	-0.0628062749	-0.060332757	0.026926649	0.0019555761	0.0672463715	-0.1071741233	0.0172846795	-0.0724959692	0.0992798958	0.0445583111	0.0362555382	0.021095235	-0.0144725977	-0.0446150375	0.0085019177	-0.0210075544	0.0868234733	0.1139425995	0.0316114195	0.0343127279	0.0367196485	-0.0262055206	0.0921057684	0.0292621905	0.0946734745	0.0215656163	-0.0120789795	-0.0018224601	-0.0304626533	0.0292085349	0.0373233647	0.0304240402	-0.1091132225	0.0414278073	-0.0041260635	-0.0087966827	0.0114713633	0.011321959	0.1987770413	-0.0132577581	0.104384798	-0.0014752184	-0.0874336471	0.019643769	-0.0207433817	-0.018863206	-0.0352520026	0.0676030002	-0.0218366204	0.0076686701	-0.0473216137	0.1289371268	0.1103123067	0.0292054135	0.0552628829	0.0455720069	0.0907232137	0.028318601	0.0169274108	-0.0673206911	-0.0386374492	-0.0845189774	-0.0179854483	-0.0185596032	0.0065722291	-0.0249436948	-0.075072934	0.0240040576	-0.0740776549	0.0526321983	-0.0954180705	0.0008960838	0.0221565906	0.0726241429	0.0828918418	-0.0454852317	-0.1109727025	0.0386831297	-0.0727063577	0.0182411721	0.0496564756	0.0842561962	0.0135045651	-0.0342880685	0.1237321708	0.0308546272	0.0605143603	-0.0786308706	0.1236869826	-0.0834051632	-0.0504271305	-0.0709201396	0.0879117281	0.0881085353	0.0546226962	0.0079050419	-0.0407275316	-0.079494258	0.0	0.0038448143756824	-0.0083697213395196	7.005223530121142e-05	1.4782597583454044e-05	-0.0100192170296224	0.0650342486901252	0.0001003847098866	0.004229453502689	-0.0091190330611965	0.0164202940639767	8.31567639711948e-05	0.0002696260571474	0.0003310005379463	7.279098399991941e-09	1.0956135612074001e-07	5.298527351676522e-17	-2.967879841664356e-06	-4.851602310074199e-05	8.808310754557643e-12	2.3538044975117304e-09	0.000194000553272	-9.69918794383e-05	3.7636214669842114e-08	9.407424676973725e-09	0.0	0.0	0.0	0.0	0.0	0.0	0.0	0.0	0.0
253.5593518163637	-0.4659275517583978	0.2170884834875745	64292.34489353449	404.62725569167225	-0.1159569302445788	163723.2160485739	0.0134460096717461	258.9036511914876	-0.9185441793463268	67031.10060028348	0.8437234094110172	277.8809645089267	260.61618463438566	1.215557	24.633976	0.2281644827337678	0.2165345996062786	0.0190622265	0.098263079	0.0981006862	-0.0532607013	-0.0932035258	0.0841925475	0.0011442621	-0.1120633702	-0.0162545248	-0.0387493243	0.0247083944	0.0044393196	-0.1105740961	-0.065974679	-0.0449311068	-0.0551790543	-0.0224754962	0.0846871002	0.1002377467	0.0946679587	-0.0946727249	0.0750097997	0.040097908	0.0119445821	0.0347623878	0.1586812157	-0.0946071565	-0.0192685642	0.0669594468	-0.100423682	-0.0184692525	0.1015747728	0.02774391	-0.0503684804	0.0662809491	-0.1361655277	0.0444417782	-0.008421315	0.0350442285	-0.0736320092	-0.0435166723	0.0141362139	0.0965079894	0.1035942568	-0.009164672	0.1531926729	-0.138424012	-0.080844946	-0.0363318824	0.0674683408	-0.0432377056	-0.0015469261	-0.0495890444	-0.026594624	-0.0233358202	0.0195494929	-0.0394690969	0.0961614576	-0.030571502	0.0390259645	-0.1113064291	0.0378178489	-0.0120197347	-0.067545674	0.0320923286	-0.0456418233	-0.0317172717	-0.1114472667	-0.0985781558	-0.0772827499	-0.0420514232	0.1042930185	-0.0307909442	0.0878766223	0.0093402757	0.068818465	0.0189748916	-0.0330107445	0.0040831793	0.0759419805	-0.0927724089	0.071239843	-0.0045929446	-0.0611635165	0.0579002132	-0.0259142515	0.0193678375	-0.0101813937	0.0658663708	-0.0033335528	-0.094454403	-0.1632566388	0.107498352	0.1133927915	-0.0918711845	-0.010656879	0.0079435745	0.0735042114	0.0102903077	0.0360888873	-0.0208094906	0.0354371771	-0.0021909123	0.0534492691	0.1184949686	-0.0294395086	0.000141693	0.021788761	0.0695231493	-0.0027093791	0.0867255809	0.0238474479	-0.1470695876	0.0431915291	-0.0108602685	0.0250408792	0.0506075505	-0.0967754423	0.0104974294	-0.047379185	0.0520618843	0.0111378643	-0.0391216718	-0.012559707	-0.0999834493	-0.1621950441	-0.0111711246	0.0027945193	0.0589847385	0.0964506329	-0.0346431022	-0.105443106	-0.0241697216	-0.0225023908	0.1770096285	-0.0383911461	-0.0208978335	0.001541577	-0.0500410893	-0.015913974	0.0784803648	0.0873425944	0.05194172	0.0031647768	-0.046427162	-0.0840631448	0.0	0.0038331026832452	-1.171169243719978e-05	1.371637397435625e-10	1.4692676180301553e-05	0.2051294886840793	0.2151487057137017	0.0420781071277918	0.046288965570281	-0.0091215792749537	-2.54621375720028e-06	8.320320846926486e-05	6.483204497355967e-12	0.0004580127260051	0.0001270121880588	2.097756571826228e-07	1.6132095915483978e-08	-0.0001359553444235	-0.0001329874645818	1.848385567731251e-08	1.768566573590499e-08	0.0001940312829088	3.0729636800019146e-08	3.7648138747234796e-08	9.443105778610905e-16	0.0	0.0	0.0	0.0	0.0	0.0	0.0	0.0	0.0
254.16541267241303	0.6060608560493392	0.3673097612352579	64600.05699893801	404.3496407262934	-0.2776149653788593	163498.63195548253	0.0770700690023052	259.8194778267867	0.9158266352990836	67506.1610581841	0.8387384259232407	278.50360717284025	259.2293791238447	1.320985	26.770554	0.4210149962687895	0.3728047493172335	-0.0056719512	-0.0318591844	-0.0529772544	-0.0569115036	-0.0497478128	-0.0481244051	-0.0033194489	-0.0002237319	0.1181469533	-0.1145699034	-0.0624954399	0.012166234	0.1003324623	-0.0372371842	-0.1844702463	-0.0665588472	0.0858866376	-0.0619328659	-0.0018463041	0.0813250956	-0.1338873685	0.1119725315	-0.0249294072	-0.039556637	0.0430923807	-0.0358613272	-0.0634706834	-0.0284007464	0.0817031755	-0.014645274	0.0807280139	0.0188312232	-0.0366653685	0.0505955152	-0.0294069363	-0.0649488012	0.0007624545	-0.0107328008	-0.0603128589	0.0613698501	-0.0920819685	0.0517620635	-0.0770180147	-0.0696158652	0.1043957981	-0.0131019694	0.0738525918	0.0632567204	-0.0231320066	0.2095443171	-0.0797598846	0.0827334773	0.0563626102	0.0455147578	0.1148759651	0.0347550645	-0.0225876189	0.0378466729	-0.0778524785	0.0107196298	-0.0004995333	0.033751831	-0.0319285361	-0.0601238463	-0.0476978615	0.0707666855	-0.0037245927	-0.0781790769	0.0933463127	0.0120909805	-0.1197625722	-0.0623294263	0.0277504187	0.1113573882	0.0443956432	0.1370865565	-0.0226020789	0.1359936959	0.0265120897	-0.0286617543	-0.1020571078	0.1015461455	0.0256689356	0.0066207481	0.04031625	0.0094160465	0.1067641455	-0.0073106135	-0.0067340697	-0.0520045952	-0.0060436647	0.0532876074	-0.0450694024	-0.0165682733	-0.0077909414	0.0409875055	0.0842348131	0.0750678581	0.0201036641	-0.074634663	-0.0307740586	0.0571210769	0.0609729612	-0.0064731457	0.0160330022	-0.0056445384	-0.0743053249	-0.0325008435	-0.0429017176	-0.0698061497	-0.0841801686	-0.0437246347	0.0347796731	-0.226930846	0.0985350094	-0.0691832812	0.0327454153	0.113539035	0.1170516613	0.0311036677	0.0562461779	0.1227350908	0.1379985349	-0.0213681891	-0.0375675271	0.0331497897	0.0627138543	0.0235012492	-0.0279405404	-0.0013724358	-0.0312065144	-0.002008579	0.017181299	-0.071747825	0.1678978027	-0.078576079	0.0399739212	-0.0094417551	0.0573995385	0.0746182568	-0.0987417812	0.0865548859	0.0492089673	-0.0015825856	-0.05194172	-0.0881085353	0.0	-0.0134745281582553	-0.0173076308415005	0.0002995540853456	0.0001815629090876	-0.1648627805475513	-0.3699922692316306	0.02717973640987	0.1368942792911714	-0.0091371188844178	-1.5539609464100892e-05	8.34869415079844e-05	2.4147946229677404e-10	0.0002050001321002	-0.0002530125939049	4.202505416109945e-08	6.401537267448587e-08	5.991287712836524e-06	0.0001419466321363	3.589552845798591e-11	2.0148846374848443e-08	-8.500062277385116e-05	-0.0002790319056826	7.225105871942544e-09	7.785880438889195e-08	0.0	0.0	0.0	0.0	0.0	0.0	0.0	0.0	0.0
254.9098515655223	0.744438893109276	0.5541892655737641	64979.03242515661	409.8630504158308	5.513409689537411	167987.72009616985	30.39768640468501	260.16004792094407	0.3405700941573855	67683.25053422792	0.1159879890343704	279.7912863570286	263.29155918733096	1.243037	25.190889	0.0784292377536363	0.0414451844694864	0.0533361831	-0.0283216953	-0.003012001	0.1703114706	-0.0504565629	-0.0935888921	-0.0080350656	-0.0123643084	-0.197883969	-0.0612954362	-0.1521274753	0.0338872692	0.1143548914	-0.0512997535	-0.1371136263	-0.0461581186	-0.1412108397	-0.121047052	0.0247745018	-0.0221672454	-0.0259001821	-0.111478468	0.1104040095	-0.0009317555	0.0969903896	0.006297273	0.0288205914	0.0087027219	0.0093656033	0.0217014349	0.0355321628	0.0709792411	0.1199912942	-0.0148711084	0.0272843077	0.1130324431	-0.080243434	0.1081314868	-0.0009622444	-0.0106270409	-0.2005824402	-0.0177634507	-0.056839496	-0.1504674081	-0.0351523286	0.1613337284	-0.0442602634	-0.0603643987	0.1144954366	0.0661897975	0.0485436828	-0.1511072981	0.0807671604	0.0410422701	-0.0005777013	-0.0081798626	0.0850238722	0.0821481561	-0.0457633716	0.0310397059	0.0723807349	0.0094459481	0.0726121287	0.061802195	0.0190512805	-0.1180022206	0.034363597	0.0570620181	0.1338169163	-0.0520896524	0.0850012772	0.0513221159	0.1112510313	0.0785624301	0.0436851636	0.1144393953	-0.060446566	0.1316663125	0.0195267119	-0.0485734738	-0.0213123717	0.0123229233	-0.026524264	-0.1771633272	-0.2212922198	-0.0100867626	-0.0472824013	-0.073126945	-0.0759808198	0.1124997502	-0.0176261519	0.006346467	-0.038823463	0.0072306748	0.0507207166	0.0698056401	-0.0176046141	-0.0265633319	0.0280510125	-0.1228982902	0.0049294917	0.0639934119	0.0398079369	-0.0216464575	0.076060584	0.029268372	-0.0143866059	0.1018421655	-0.0429881607	-0.0904777336	0.0268007583	0.0806432299	-0.1052128167	0.0999224812	0.1659961891	0.0841308432	0.0785379669	0.1284780046	-0.0592340129	0.0086917649	0.0571852238	0.1369374586	0.2213210001	-0.0083731483	0.0330800754	0.0312847293	-0.093626646	0.0119549275	-0.0327468634	0.091645309	0.1418158888	0.0028216882	-0.0304561275	0.1027655852	-0.005775867	0.1978657663	0.0552264893	0.135215081	-0.074878915	0.1755909361	-0.0366102015	0.0857456062	0.046427162	-0.0063263989	-0.0572492232	-0.0916052369	0.0	-0.0113653900321537	0.0021091381261016	4.448463634975374e-06	0.0001291720905829	-0.1285473173964391	0.0363154631511122	0.0165244128098208	0.0013188128638797	-0.0128409233199349	-0.003703804435517	0.0001648893117084	1.371816729655614e-05	-0.000242000389022	-0.0004470005211222	5.8564188286799335e-08	1.9980946588351842e-07	5.976529660278729e-06	-1.4758052557795054e-08	3.571890678019138e-11	2.1780011529864116e-16	0.0001940007388695	0.0002790013616433	3.763628668191193e-08	7.784175979884404e-08	0.0	0.0	0.0	0.0	0.0	0.0	0.0	0.0	0.0
255.388460822557	0.4786092570346909	0.2290668209192988	65223.26592131473	405.8458497809164	-4.0172006349143885	164710.85378439416	16.137900941156566	260.04760236469804	-0.1124455562460298	67624.75549562811	0.012644003119479	279.148911607325	263.6275555829257	1.174348	23.798862	0.2207015811644175	0.1896721957124464	0.0909965949	-0.0830754372	0.0143222691	0.0402690658	-0.0159204726	-0.0170291437	-0.0969394266	-0.0437552975	-0.0134695679	-0.1515329732	0.0213007845	-0.0652461126	0.0189048506	-0.1004548835	0.0060807145	-0.0371339706	-0.0453377309	0.1061385451	0.0959468248	-0.0717095865	0.0031692407	-0.034937314	0.035071776	0.1415076067	-0.0885387391	0.0303819338	0.0447143543	-0.0013320836	0.0264482903	0.0674103927	-0.042855197	0.1083737817	-0.0150691422	-0.0069105682	-0.0960483736	-0.1313459345	-0.1055263787	0.0176240427	-0.0529961257	0.0536478398	0.0406966976	0.0034627258	0.0778870336	0.0852143853	0.0140046469	0.0714013879	-0.000851456	0.1286146431	0.1386789199	-0.0767087167	0.0254131303	0.0117007483	-0.0143106679	-0.0112125536	-0.0477540361	0.0829581129	0.0570488097	0.0244998018	0.1370919642	0.1577453472	-0.1061909634	-0.0242281332	0.0315231096	-0.0143969436	0.1407670872	0.022156076	0.0169869745	-0.0197804625	0.0332636318	-0.1290427166	-0.0086090967	0.0167469499	0.021020898	-0.0080349052	0.0105327007	0.0804337244	0.0809773105	-0.0144508721	0.0405664188	0.064498353	-0.0218662783	-0.0022099387	0.1375139968	0.2022830041	-0.0085376275	-0.1035902275	-0.0630742355	0.1052631077	-0.008894778	0.1303870984	0.0606190961	0.0669454901	-0.0548211582	0.1124622667	-0.049184575	-0.1249448648	0.0585211395	-0.0043780711	-0.0148567939	-0.0761845153	0.0186475773	0.0035044018	0.0192026724	-0.0029336426	0.0258072504	-0.0011039876	-0.1115419988	-0.0916192258	-0.1720062248	0.0039816617	0.1319862395	-0.0786012611	-0.0465828442	-0.0531452231	-0.0712031032	0.0383539442	-0.0092819612	0.0085032014	-0.0478284452	-0.0558202397	0.0275072776	0.0245003882	0.0031634524	-0.1151707301	-0.0475268675	0.0147522294	0.0297663409	0.0516730108	-0.1599777961	0.1028372106	0.1378415006	0.0240239964	-0.1111157361	0.1635336786	-0.0038319109	0.0445464293	0.0391653503	0.0297391145	-0.0804076886	0.2489466327	0.0348079124	0.0849149568	0.043599077	-0.0110560246	-0.0623285141	-0.0945314743	0.0	-0.0096554225628722	0.0017099674692814	2.9239887460009736e-06	9.322718486762156e-05	0.0637217838857537	0.1922691012821928	0.0040604657415827	0.0369674073078621	-0.0088706976375476	0.0039702256823873	7.868927657679257e-05	1.5762691969087704e-05	-0.000697000428131	-0.000455000039109	4.858095968147973e-07	2.0702503558919155e-07	5.932407672659679e-06	-4.4121987619050174e-08	3.519346079463143e-11	1.9467497914556168e-15	0.000194002312384	1.5735144999853062e-09	3.7636897210339124e-08	2.4759478816640088e-18	0.0	0.0	0.0	0.0	0.0	0.0	0.0	0.0	0.0
256.47753132544807	1.089070502891076	1.186074560267421	65780.72407479619	410.6762702330104	4.8304204520940175	168654.99893249662	23.332961744008173	260.5667428083529	0.5191404436548623	67895.02745775433	0.2695068002381673	280.0119281423491	271.3426095136167	1.192228	24.161215	0.0975406082184664	0.0539840863772895	0.2079855072	-0.0890277011	-0.0030040845	-0.0837786407	-0.0472574092	-0.0935369187	-0.1939591734	-0.0539788026	0.0599633082	-0.0507599877	0.0452676202	9.41493e-05	0.0218588505	-0.2143428204	0.1898539146	0.0508087277	-0.028662829	-0.0648854021	0.0646799032	0.0362608618	0.045749672	-0.0115735485	-0.048372538	0.0066430413	-0.0129334693	-0.091464292	0.0302044823	0.04811285	0.1232224873	0.0132447864	-0.0812517782	-0.0078376009	-0.1487364688	-0.022870904	-0.0429966342	-0.0360508011	-0.002194245	-0.0421320424	0.023707859	0.1183207798	-0.1070855116	0.0007996894	0.0641539322	0.0739333077	-0.1412927176	-0.028896331	-0.0355175216	-0.1299560098	0.1077566086	0.0354564785	0.0452438623	0.0487820641	0.075470057	-0.075840308	0.0296729857	0.1128313095	-0.0169051738	-0.0112500159	0.0711079224	-0.0345530192	-0.0416239426	-0.0303866076	0.1103328971	0.032404734	-0.048760531	0.1254442445	0.0474961997	0.0828621514	0.0529424682	-0.2283020304	-0.0713369778	-0.0197520187	-0.0978518945	-0.0703192522	0.0411122085	-0.122890303	0.0288547484	0.020030517	-0.0385343165	0.0997481686	-0.0247906201	-0.014615931	0.0492843207	0.0129473559	-0.0167099122	0.0220478059	-0.0971959503	0.1436623949	-0.0720760025	-0.1167699108	0.1331521822	0.0443510825	-0.0514370162	-0.0655738739	-0.0257441135	-0.0993752227	0.1173636159	0.0979373294	-0.0082563346	-0.0257291207	-0.0110584005	-0.1415921804	0.0779155461	0.0013423523	0.1194825609	-0.1352179551	-0.0269658966	-0.0623876722	0.0326752584	-0.0146613922	0.0629323055	0.1044988753	0.0001452166	0.0784196141	-0.001374773	0.0565719934	0.1056370571	-0.029008277	0.0041447601	-0.1935183334	-0.0216023687	-0.1664310667	0.0808899531	0.0234621642	-0.0106936519	-0.0594964747	0.0752071915	-0.1148513103	0.0518644976	0.0136345145	0.1637971621	-0.044772512	-0.1441243623	0.074134764	0.0529789991	-0.0232906376	-0.0965312905	0.03824073	-0.0757567509	0.0746116387	-0.1652618235	0.0840631448	0.0407275316	-0.0157608558	-0.0671593453	-0.0968690246	0.0	-0.007792776711966	0.0018626458509062	3.4694495658980856e-06	6.072736888255961e-05	0.1051203940760245	0.0413986101902708	0.0110502972506986	0.0017138449256859	0.0148754638620189	0.0237461614995665	0.0002212794251102	0.0005638801859634	-0.0008029519774427	-0.0001059515493117	6.447318780791423e-07	1.1225730801549605e-08	-0.0004980775584313	-0.0005040099661039	2.480812542128851e-07	2.5402604593211455e-07	0.0001933000142452	-7.02298138799992e-07	3.736489550719452e-08	4.932226757619328e-13	0.0	0.0	0.0	0.0	0.0	0.0	0.0	0.0	0.0
255.98601136990743	-0.4915199555406389	0.2415918666946716	65528.83801707438	412.606100268334	1.9298300353235616	170243.79397864247	3.72424396523694	260.742228291273	0.1754854829201235	67986.50961429834	0.0307951547157089	280.131878597942	270.6090423558361	1.049984	21.278547	0.1783560730567812	0.1234693083037537	0.1897535518	-0.0249497953	-0.0803861142	-0.0972019292	-0.0572208185	-0.1332120745	-0.0982348424	-0.0561512864	0.0569086405	0.1633681942	-0.0457128933	0.0689787513	0.0802072687	-0.1804867379	0.1056895727	-0.0523672448	0.0757813222	-0.0055644091	0.0188589529	-0.0143131481	0.0623345283	-0.0311702914	-0.0258504742	0.0087957648	0.113987818	-0.0351151175	-0.0637679131	0.049302357	0.0109415135	-0.0247851121	0.0055453526	0.0887698333	-0.1070002478	0.1363646089	-0.1391715219	0.1499853582	0.0877856706	-0.1172688548	0.0111807876	0.010115483	0.0430418808	0.101794368	0.0646057955	-0.0983126781	-0.1690657745	-0.0328048297	-0.0904553661	-0.0287616794	-0.0488441131	0.0303253531	-0.0576802706	0.1392460074	-0.0106036127	0.0241641236	0.0062879256	-0.0392081146	0.1418516598	-0.0116953143	-0.0674740427	-0.0198237121	0.1120969545	-0.0543743672	-0.0384237151	0.0501331816	-0.0259466536	-0.0177655525	-0.0308822025	-0.0720924803	0.1031039175	-0.1477267827	-0.0668726893	-0.0582555119	-0.1051483354	0.0283114042	-0.0845512312	-0.0989741097	-0.0335269734	-0.0569863911	-0.0812568005	0.0407241352	0.1693603714	-0.0092905322	0.0468041653	-0.0748796915	-0.0809862606	0.034332363	0.1334073292	0.1055671794	-0.0715534218	-0.0441525403	0.0356273366	-0.0836626873	0.0078202726	-0.1348029135	-0.1205480902	0.0476461075	-0.1192086208	0.0226842984	0.0668738474	-0.0555234179	-0.0196987641	0.0002307169	0.1104281939	-0.0913356325	0.1291885279	0.002896906	0.1934406178	0.0053466546	-0.0576254927	-0.0318505419	-0.0831317838	0.002087313	-0.0532181703	-0.0387159638	-0.1071950339	-0.0102578446	0.0058811255	0.041868024	0.0245081951	-0.1837481966	-0.0359515175	0.0131505446	-0.0127516318	-0.0077768222	-0.0639201998	-0.0042587143	0.1538644045	-0.0208379084	-0.0332897732	-0.0105991572	-0.027771147	0.0741103023	0.0914390375	0.0211244062	0.0265210674	-0.1159826456	-0.0618614799	-0.0361304204	-0.1197374818	0.0153258055	-0.0290494948	0.0831903826	0.0378153881	-0.0204303415	-0.0717224597	-0.098603331	0.0	-0.0069731445814511	0.0008196321305148	6.717968293723939e-07	4.862474535382083e-05	-0.0093749339133637	-0.1144953279893881	8.788938587993681e-05	0.0131091801313975	-0.0324859731724842	-0.0473614370345031	0.0010553384529633	0.0022431057179732	-0.0005879612046008	0.0002149907728419	3.456983781156238e-07	4.6221032407157466e-08	-0.0004000570867372	9.80204716941e-05	1.6004567264865558e-07	9.608012871133862e-09	0.0001938822877567	5.822735114999905e-07	3.7590341505771824e-08	3.390424421945296e-13	0.0	0.0	0.0	0.0	0.0	0.0	0.0	0.0	0.0
255.00882241788304	-0.9771889520243916	0.954898247958529	65029.49951095541	410.4014375344762	-2.204662733857788	168429.33993036457	4.860537770061295	260.1816840947178	-0.5605441965552131	67694.50873836354	0.3142097962917294	279.32263136011994	265.2393898063102	1.109485	22.484365	0.1489151728890133	0.1303314922729054	0.0655805482	-0.1183026102	-0.0901031887	-0.0212982155	-0.016813583	-0.1208768041	-0.0694186341	0.0860337063	0.084751796	0.0399437588	0.1009160329	0.0189878998	-0.0106396716	-0.1048591228	0.0702411812	-0.0405928204	0.0026925704	0.1021693174	-0.1028481665	0.0114915329	0.0112049126	0.0435304923	-0.0351575211	0.0567018515	0.051385864	-0.0457768181	0.0961266114	0.0145685102	0.0866479498	-0.0194285846	0.0459544732	0.0819499691	-0.0412608347	0.0659624778	-0.0249172138	0.0135985995	-0.0498490584	0.0768154176	-0.02995531	-0.0851397748	0.0482364533	-0.042658703	-0.0778598053	-0.0894392752	-0.0370811984	-0.0008798637	-0.0332060365	0.0958013257	0.0124341712	-0.0493238119	-0.098889088	-0.0342235997	-0.0920952746	0.0024297561	0.0022358609	-0.1334126772	0.1264974548	-0.0389653877	-0.0142601503	-0.1012610187	0.0560341405	0.0330833063	-0.0393074122	-0.0208710035	0.0062931773	0.1531722581	0.1081157658	0.0341415202	0.0103206817	-0.1059139628	0.0096325122	-0.1348743506	-0.0163344802	-0.0198230562	-0.1062813488	-0.0317580292	0.025086777	-0.0576543486	-0.0919294749	0.0255592797	-0.0643336604	-0.0816352671	0.0353648588	-0.0056018737	-0.0048487398	-0.0110391654	0.0100586217	0.0192982272	-0.0271425052	0.1261065557	0.053144641	0.0133936052	0.0312910694	-0.0333297637	-0.1314618707	0.076692805	0.031455274	0.0417082457	0.0837978341	-0.0191736195	-0.1455531181	0.0637679509	0.1135622314	0.0415166683	-0.0657168216	0.0541246798	0.0368393556	0.0685211243	0.0220587045	-0.0192963021	0.0171362923	-0.1541880877	-0.0020951726	-0.0764183994	-0.0904692072	0.057920127	-0.0985123666	-0.0263331799	-0.0570292158	-0.1607086598	0.0426693065	-0.0031276457	-0.0378476322	0.0787988824	-0.0897414038	0.0598267952	0.038989619	0.0399507234	0.0085093678	-0.0336682373	0.0306644588	-0.0324025149	0.0112879609	-0.0120290751	-0.0535050212	-0.0297834443	-0.1496069368	-0.1611549472	-0.0335091046	0.0908363806	0.0746373618	0.0822968876	0.0348655494	-0.0250540098	-0.0759996673	-0.099723593	0.0	-0.0025363342039099	0.0044368103775411	1.968528632625728e-05	6.4329911939232665e-06	0.1167153777581972	0.1260903116715609	0.0136224794052386	0.0158987666974313	-0.0325191368946704	-3.316372218619551e-05	0.0010574942643743	1.0998324692431564e-09	-0.000264965655948	0.0003229955486527	7.02067988319539e-08	1.0432612444952329e-07	-0.0003560253888825	4.403169785470001e-05	1.2675407752893537e-07	1.9387904159675932e-09	0.0001939527836037	7.049584700000622e-08	3.7617682267623684e-08	4.969664444248286e-15	0.0	0.0	0.0	0.0	0.0	0.0	0.0	0.0	0.0
254.14846090818665	-0.8603615096963892	0.7402219273670501	64591.44018200008	407.26460563011887	-3.1368319043573365	165864.45899905625	9.839714396194074	259.5490651028717	-0.6326189918461296	67365.71719577472	0.4002067888444133	278.5797102609364	261.1595043859794	1.107833	22.450891	0.1698776652379129	0.1205570380369668	0.0094092368	-0.0814312373	0.068708783	-0.0025302755	0.0489890685	0.0427185147	-0.0816162366	0.0727432811	-0.0137244877	0.0836193026	-0.0374614692	0.1562972692	0.0165317832	-0.0557280209	-0.0365508465	0.1278128748	0.1054152375	-0.0997433001	0.0159261869	0.0062504425	-0.0350104585	-0.0580669331	-0.0553881918	-0.0115413113	-0.0295448067	0.0511518932	0.0445695078	0.0099704077	-0.0366048046	-0.0249941704	-0.0887532175	-0.1031705563	-0.0397376504	-0.0434133659	0.0844973986	0.0057445224	0.0214834979	0.1111045101	-0.0663698109	-0.0130865418	0.1631269895	-0.0043519439	0.0445636934	-0.1028509064	-0.0798389721	-0.0614094216	-0.0306844436	0.0049827402	0.0111370482	-0.0176324239	-0.0185122487	-0.0604184825	-0.0729781675	0.048404352	-0.0152581538	0.0385296384	0.0939110573	-0.0616309585	-0.0949682626	0.0191118482	-0.0272999434	-0.1592370878	-0.0143691202	-0.0144088238	0.0350209948	0.0958825189	0.0226782651	-0.0529925688	0.009031289	-0.0199746733	-0.0768183999	0.0043078192	0.0940653738	0.0373240045	0.0188551301	-0.149898271	-0.0185362915	0.0403273815	-0.016302931	-0.1657523705	-0.0153925193	-0.0897089334	0.0118891086	-0.0016290901	0.0107162266	-0.045003293	-0.055117003	-0.0343122899	0.0211626002	-0.0093377595	0.0361598752	-0.1002559177	-0.0451905647	-0.0760472032	-0.1525415107	0.1255852049	0.0111194613	-0.0291865524	-0.0052815775	0.0374352166	-0.0248401336	0.0340450852	-0.126485422	-0.0313114089	0.0173076979	-0.0429812733	-0.0573881524	0.0703164538	-0.0805658811	-0.0097682649	0.0175033429	-0.0350838463	0.0452787235	-0.0521027056	-0.0105994292	0.160372426	-0.1073491022	0.0212683689	0.0554042515	-0.0747138944	-0.0401870437	-0.0416635937	-0.0147379567	-0.0905838741	-0.0701533354	0.0383880871	-0.0334377544	-0.0210935898	0.0622467761	-0.0954549443	0.0099990133	-0.1056179848	0.0278126898	0.0535388837	-0.0949532276	-0.0016821215	-0.1033123946	-0.124284965	-0.0535894774	0.0646735112	-0.0277359324	0.0813828824	0.0318809559	-0.0296214915	-0.0799739179	-0.1002228344	0.0	-0.0060018856865724	-0.0034655514826624	1.201004707898425e-05	3.6022631794682646e-05	0.0088683431924749	-0.1078470345657223	7.86475109795159e-05	0.0116309828646201	0.0039447573602728	0.0364638942549431	1.5561110631426433e-05	0.0013296155842356	-0.0006689691344011	-0.0004040034784531	4.47519702781357e-07	1.6321881060220445e-07	-0.0003180645991345	3.7960789747999984e-05	1.0116508922259017e-07	1.4410215582918604e-09	0.0001938933531131	-5.943049059998909e-08	3.759463238144129e-08	3.531983212955392e-15	0.0	0.0	0.0	0.0	0.0	0.0	0.0	0.0	0.0
254.47839944136828	0.3299385331816324	0.1088594356780471	64759.25578224059	407.6848022772831	0.4201966471642322	166206.89800786742	0.1765652222880622	259.18598172013765	-0.3630833827340325	67177.37312023152	0.1318295428175879	278.4242990674585	262.90325691677964	1.110369	22.502287	0.1548371920255091	0.0975573758251915	0.0428899955	0.0825778688	0.0491746163	0.0364756659	-0.0412372719	0.0151811616	0.0035977448	-0.0809672092	-0.0800041218	0.0031366715	0.0283899104	0.0153979119	-0.024011159	-0.0461534207	-0.0727497643	0.1136370935	-0.0771744885	0.1352663731	0.0733260943	0.1579625326	-0.0905346535	-0.0415515528	-0.0688679764	-0.0057898633	-0.0351024098	0.1019418032	0.0451359172	0.015670932	0.1190765566	0.001290158	0.0809293197	-0.1301840436	0.0511613189	0.0310515536	0.0396652145	-0.1044313614	0.005712625	0.0099979358	-0.1325568367	-0.1738623765	0.0599165505	0.0163335307	-0.0290430107	0.0745897644	-0.0178227924	0.012200803	0.1165405473	-0.0167648389	-0.1204658469	0.0205872366	0.0775396788	-0.0521280119	-0.0869075669	0.0582069368	0.0643081218	0.0158902329	-0.024531437	0.0085117998	-0.0359220093	0.0617379174	-0.0050005649	0.0423081108	0.024368062	0.0751571249	0.0694838618	-0.0296351976	0.0978913449	-0.0665699466	-0.0153980134	-0.0604964607	0.0506049375	0.0698670961	-0.001634256	0.1146614846	0.0673148441	0.0198650653	0.1761078393	-0.0708726227	-0.0315445198	-0.1120499782	-0.0530108905	-0.0051454776	-0.120119848	-0.0021473544	0.1259137124	-0.1323371629	-0.0345755564	0.1036436092	0.0679594075	-0.0148950334	0.0468741202	-0.0753390534	0.1273043531	-0.0021071725	-0.0137993145	0.0537869263	0.0135017405	0.0494587845	-0.0086809836	0.0070550831	-0.1574968437	-0.0024803273	-0.0620956181	-0.0546658419	-0.0038447167	0.0288936219	-0.1094796157	-0.0914655232	-0.0232285914	-0.0410290571	-0.0044520131	0.0836570756	0.0555748244	0.0083635545	0.0994501942	-0.0195623679	-0.1646954828	-0.0084265768	-0.0873772811	-0.056062773	0.0509345214	0.0395979963	-0.0790912488	-0.0363238606	-0.0149341002	-0.0806621247	-0.0009976302	0.0175898784	-0.0343277296	0.0324099827	0.0897946374	-0.0410928089	0.0134100466	-0.0059962319	-0.1230314756	-0.1134834096	-0.0466986634	-0.1570769077	-0.1463678943	0.1168658789	0.0882926576	0.0804485949	0.0288645828	-0.0341225436	-0.083629369	-0.1000979463	0.0	-0.0030874435441745	0.0029144421423978	8.49397300138486e-06	9.532307638464798e-06	0.0868164726943661	0.0779481295018912	0.0075370999310916	0.0060759108928436	-0.0290830112984963	-0.0330277686587691	0.0008458215461884	0.0010908335025771	-8.900483058522663e-05	0.0005799643038158	7.921859867504894e-09	3.363585937006307e-07	-0.0003049987557308	1.30658434037e-05	9.30242409973362e-08	1.7071626385001075e-10	-3.201353411634583e-05	-0.0002259068872294	1.0248663666184383e-09	5.103392169769756e-08	0.0	0.0	0.0	0.0	0.0	0.0	0.0	0.0	0.0
254.7648030110985	0.2864035697302256	0.0820270047542162	64905.10485328383	406.7510638356959	-0.9337384415871952	165446.42793147036	0.871867477297684	259.75216237755336	0.566180657415714	67471.18585981485	0.3205605368316901	278.48845361558693	263.14237773528527	1.226822	24.862282	0.0762913496937083	0.0554328844305045	0.0332272045	-0.0563660965	-0.0159711668	-0.1491315344	-0.0361207935	-0.0357715523	-0.0807328826	0.0072554676	0.1243088439	-0.0673915495	-0.0068062616	0.0249441457	-0.0234856782	-0.0577321654	0.0726137215	0.1554069982	0.0845186638	-0.0996382629	0.0208874839	0.0612003298	-0.0078201462	0.0890909297	0.0693412683	0.0904963416	0.1497322395	0.1913285518	-0.1547294166	-0.0985917279	0.0236774053	0.022484199	0.0256751489	-0.0978306576	-0.0308095813	-0.0822985438	-0.0291056121	0.1648543244	0.1038223858	0.1376332265	0.0244522633	0.0239640008	-0.1290054473	0.005364617	0.0172298883	0.0622922202	0.0304254673	-0.0142941453	0.0140723154	-0.0193447578	-0.0875879937	-0.1277077343	0.015395726	-0.0052082248	-0.0813555709	-0.1586738489	-0.0492522993	0.0629389666	0.0518967275	0.0828556701	0.0147684492	0.0551414765	-0.1164916324	0.1052406059	0.0086173552	0.0095030374	0.0252212275	0.0497351254	-0.0091926721	-0.0776504956	-0.0189212919	-0.0618935672	-0.1143528097	-0.0716403187	-0.0773519478	-0.0409867794	0.0971353804	-0.0489649415	0.091709505	0.0733340592	0.0844430401	0.0381336725	-0.0391882539	0.0055427565	0.0001529176	-0.0552939038	0.0403445355	-0.1648644444	-0.1616369637	-0.138876274	-0.0311743623	-0.1527868158	-0.1561959689	-0.0450854424	-0.0824014165	-0.0682221144	-0.0223483126	0.1235949157	-0.0603417181	-0.0537146567	-0.0746815371	-0.0139479761	-0.1004733698	-0.111154776	0.0714574162	0.0477679911	-0.0045180879	0.0576007014	0.0436164872	0.0612945399	0.0255993726	0.0196504117	0.0703907779	0.1350218445	-0.0010269398	0.0298359293	-0.1329056731	-0.0205108398	-0.020102838	-0.035326103	0.0964781157	-0.0994694425	-0.0091148539	-0.1181910925	-0.0518778404	-0.0299981577	-0.0307039313	0.0106812931	0.1053488372	-0.0412765665	0.0834916262	-0.0173025194	0.031024687	-0.054461536	-0.1275520121	-0.0540544575	-0.0405443944	-0.1001156408	-0.1083496904	-0.1053084231	-0.0366796232	0.1136935614	-0.0457946896	0.079494258	0.0258194369	-0.0385470719	-0.086951449	-0.0993497063	0.0	-0.0060644231855491	-0.0029769796413745	8.86240778515884e-06	3.677722857342549e-05	0.0867350529107966	-8.141978356950019e-05	0.0075229694034386	6.629181156504253e-09	0.0020430887540356	0.0311261000525319	4.174211656866741e-06	0.0009688341044802	-0.000868008948891	-0.0007790041183057	7.534395353548587e-07	6.068474163373554e-07	-0.0002749715127667	3.0027242964099973e-05	7.560933283320749e-08	9.016353200250911e-10	-6.511917717111847e-05	-3.310564305477264e-05	4.240507235443517e-09	1.095983602070016e-09	0.0	0.0	0.0	0.0	0.0	0.0	0.0	0.0	0.0
255.0725637538744	0.3077607427758835	0.0947166747939635	65062.01277997431	407.5091554473781	0.7580916116821754	166063.71177343535	0.5747028917028782	260.58871551771654	0.8365531401631756	67906.4786551734	0.6998211563168697	279.46372638900874	261.894702037776	1.261688	25.568851	0.2729549631880641	0.2272347452324054	0.0181465474	-0.1257907543	-0.0329928332	0.0619239369	0.0120581208	-0.0503370843	-0.0844818023	0.0873011175	-0.047744619	0.0121349454	-0.04900906	0.0637731889	0.1213627608	-0.0145536697	-0.0314323088	-0.1036560576	-0.0240102689	-0.099935394	-0.0308606277	-0.0537570289	0.0558594935	-0.0194595554	0.1153507411	0.1442285576	0.0961099128	-0.0215619104	0.0558336088	0.1389676701	0.1213009461	-0.0149049666	0.0272093839	-0.1079398632	0.0249759975	0.0038125463	0.0154029193	-0.0829019937	0.0548130964	0.038182436	0.0143363112	0.0393101831	0.035156305	0.005653751	0.0763484668	-0.1189198544	0.0726674352	-0.0725011972	0.0001039376	-0.0353583931	-0.0017746716	-0.0062369342	-0.080785225	-0.0961451786	0.0545454877	0.1019411539	0.0314777919	0.0005145411	-0.0944913917	-0.0981414378	0.0129977891	-0.0528444218	-0.0130579443	-0.051958826	0.0649359412	0.015259608	-0.1057332041	-0.1565665796	-0.1153378373	0.0786059003	0.1167264325	-0.0026742452	-0.0181787337	-0.0300633322	0.1252379758	-0.0444108087	-0.0579452831	0.0211302953	-0.0914761805	0.1054044118	-0.0652730131	0.0323444799	0.0248482735	-0.1134902791	-0.0062102611	-0.0751637213	-0.0966089939	-0.1530471302	0.0319780604	-0.0224918866	-0.0073882073	-0.1348390015	0.1076266181	-0.0254928685	-0.0278401534	0.1076242142	-0.0660903755	-0.0794121915	-0.008343563	0.0520687457	-0.0142318917	0.0017467241	0.0101762567	0.112056804	-0.0235365382	0.0780762454	-0.0813219905	-0.0541500972	0.0603911085	-0.0026813613	0.094670108	0.1401114201	-0.0564843288	-0.064053242	0.0104607638	0.0419522254	0.1161871659	-0.0643100538	-0.0040673215	0.1289516403	0.0213624157	-0.0444916049	0.0623965897	0.0639051994	0.1478996762	0.0532780351	0.0136047219	0.1026587525	-0.0714938086	-0.0548863957	0.0349785975	-0.1624464944	0.0128771037	-0.0508749988	-0.015104544	-0.0536732692	-0.0629329455	-0.0632475624	-0.0493942602	-0.1386787413	-0.1164074615	0.01196338	0.041520822	0.0785201094	0.0227485535	-0.042885154	-0.0899269149	-0.097982774	0.0	-0.0043276803689167	0.0017367428166324	3.0162756111242423e-06	1.872881737550698e-05	-0.1415009217369629	-0.2282359746477595	0.0200225108524101	0.0520916601234127	-0.0129386980383756	-0.0149817867924112	0.0001674099069282	0.0002244539354932	-0.0005740031801262	0.0002940057687648	3.294796507949908e-07	8.643939206698109e-08	-0.0004889960772722	-0.0002140245645055	2.391171635875995e-07	4.5806514211768936e-08	-1.3140331816196562e-05	5.197884535492191e-05	1.7266832023974762e-10	2.701800364430887e-09	0.0	0.0	0.0	0.0	0.0	0.0	0.0	0.0	0.0
254.35777891678416	-0.7147848370902352	0.5109173633341141	64697.87969547965	407.7755479032888	0.2663924559107045	166280.89746782737	0.0709649405661366	260.25120619172066	-0.3375093259958817	67730.6903242455	0.1139125451341943	279.5012493364656	263.1332844606875	1.217218	24.667639	0.2871083251664446	0.2209976687707824	0.0452809525	0.0421443261	0.0791470503	0.0900656797	0.0143278117	0.0473320316	-0.0496774886	-0.0593922283	-0.0815725811	-0.0001860063	0.0961791114	0.1489865372	0.0105766973	-0.1119222605	0.0912476901	-0.0164977345	0.02058091	-0.0048273848	-0.0222045385	-0.0407451985	0.1036520802	-0.0738937059	0.0893818108	0.1035625165	-0.0908601931	0.1371323183	-0.0783481939	-0.0635366898	-0.0033156827	0.089205929	-0.0499149071	0.0423045118	0.0342541304	0.0737412646	-0.052964537	-0.1043397908	0.0183034381	0.0051391564	-0.0293459675	0.06175262	0.1038200011	-0.0621237396	-0.0414753835	-0.1239549311	0.036364455	-0.1716158983	0.0099843928	0.0784131658	0.0323191397	0.0604372553	-0.0052529627	-0.1008663784	-0.0130249354	-0.0383922067	0.1094604947	0.1149125795	-0.0454778361	-0.0050413749	0.0240448538	-0.0911587615	0.1449635348	-0.0132165581	0.0628011292	0.1118100765	0.0454727719	-0.016060901	-0.008209517	-0.0106987907	0.0155341801	-0.0893722575	0.0070205942	0.082735709	0.0383914854	0.0419219726	-0.0885631833	-0.1243231319	-0.0496580874	-0.0542219154	0.0717869424	0.0569618642	0.0308375815	0.0340657457	-0.084773462	0.0712618328	0.0399507786	-0.1330682025	-0.1773654256	0.0159191981	-0.0702972956	-0.0004920761	-0.0630172247	0.0428621546	-0.0601370753	0.0166810164	-0.0878210885	-0.1466230917	-0.0145726452	-0.0051534019	-0.0433448968	0.0176709281	-0.0051628105	0.0785594048	-0.014782351	-0.0943030718	-0.1161536444	-0.0428431164	0.1093779346	-0.0639526825	0.0705092777	0.0780460697	-0.0755061837	0.0182908546	-0.0238089551	-0.1681133472	0.1204716701	-0.0931188344	-0.101758218	-0.0109258196	-0.0460872999	-0.008657219	0.0445520509	-0.0427686893	-0.0055131606	-0.1657715302	0.0089713551	-0.0511229765	-0.0209152663	0.0063715217	-0.0419013637	-0.0554601517	0.0634494212	0.0297455909	0.0648203849	-0.1077852435	-0.1204029286	0.1078919364	0.0089432623	-0.1745498797	-0.0542332446	-0.0487835374	0.0881481098	0.077526392	0.019654994	-0.0471270611	-0.0925439058	-0.0960056619	0.0	0.0021992101330567	0.0065268905019733	4.2600299624750567e-05	4.836525209339268e-06	0.0762395629053287	0.2177404846422916	0.0058124709519955	0.04741091865226	0.0116476848069524	0.024586382845328	0.0001356685613621	0.000604490221417	-0.0005110005229198	6.300265720640002e-05	2.6112153442430904e-07	3.9693348150671485e-09	5.950455152836653e-06	0.000494946532425	3.540791652592028e-11	2.449720699595679e-07	0.0001940018220894	0.0002071421539055	3.76367069740072e-08	4.2907871924649857e-08	0.0	0.0	0.0	0.0	0.0	0.0	0.0	0.0	0.0
254.08825122854145	-0.2695276882427038	0.0726451747294561	64560.8394123784	408.14598582525673	0.3704379219679481	166583.14574527068	0.1372242540319316	259.99568305259794	-0.2555231391227153	67597.75520598696	0.0652920746271265	278.9682897593579	261.9699799948435	1.155421	23.415302	0.1188394806451463	0.0715746865260325	0.0058865389	0.0252097672	-0.0630522565	-0.0792679245	-0.0544592602	-0.0576677758	0.0296847274	-0.039249487	0.0917409056	-0.0462262182	0.0827769818	0.1561189016	0.039682585	-0.0689993675	0.0332719164	0.032432352	0.0234923512	-0.0207050984	-0.0115830615	-0.10710431	-0.0013942973	0.05880669	-0.0122925184	-0.1164163519	-0.0637547878	0.0687276155	0.071391033	-0.0415835629	-0.0061317784	-0.0737087813	-0.0296149481	0.0372766186	0.0771960245	-0.0752244721	-0.0981440271	-0.10872626	0.1276884218	0.0759048994	-0.1345306134	-0.0660877472	-0.0140034202	-0.1684894915	0.0166597678	0.0776664576	-0.0770080928	-0.0614157305	-0.0112040015	-0.0933397348	-0.0381950219	-0.1225052342	0.0209177485	0.0924072085	-0.0505108196	0.0712603097	-0.1268549161	-0.0058284756	0.0406499864	-0.1076218071	-0.0420022245	-0.1230448607	-0.0947138991	-0.0718336197	0.0282627418	-0.0235284904	-0.0132698353	0.0565252902	0.026167585	-0.0671912873	0.0410736314	-0.0397530521	-0.0300681252	-0.0601737345	-0.065896511	0.0773195531	0.0795408749	-0.0964333925	-0.0907925194	-0.0476225891	-0.0264821804	0.0040616732	-0.0394000995	-0.0337242461	0.0248639817	0.1482336218	0.0412298566	-0.0571728367	0.0103684415	-0.0682557303	0.1221075055	0.0379913267	-0.0539514425	-0.0084851943	-0.0041952582	0.1453914838	-0.0626444372	0.030497014	-0.0586252516	0.0362668709	-0.098867199	-0.0398632754	-0.1517690203	0.0895303427	-0.0430829282	-0.0321562897	-0.0092977591	0.0050428041	-0.0103906785	0.0694577841	0.0484243255	0.1408111661	0.2073270557	0.0197824867	0.0991534646	0.0942567162	-0.0219782099	0.092204977	0.0285777341	0.022373929	0.0447050214	-0.0141721805	-0.0970431352	-0.0141785074	-0.0439132225	0.0305972098	-0.055445069	-0.0403943773	0.0697244291	-0.063424271	0.0504535331	-0.0631969004	-0.0202249244	0.0666768549	0.0258750949	-0.1105351224	-0.125825708	-0.0342016659	-0.1127671895	0.0436146979	-0.0633039439	0.0161006536	0.0963305152	0.0765133533	0.0165418419	-0.0512632804	-0.0947919895	-0.0934306823	0.0	-0.0027874582714559	-0.0049866684045126	2.486686177656424e-05	7.769923615107913e-06	0.0117133202093668	-0.0645262426959619	0.0001372018703271	0.0041636359964581	0.0093500406760824	-0.0022976441308699	8.742326064439544e-05	5.279168552121352e-06	-0.0007440222223424	-0.0002330216994226	5.535690673393237e-07	5.4299112401796575e-08	-0.000394957984166	-0.0004009084393188	1.5599180925647028e-07	1.607275767170653e-07	-0.0001126465474452	-0.0003066483695346	1.2689244651323696e-08	9.403322253822861e-08	0.0	0.0	0.0	0.0	0.0	0.0	0.0	0.0	0.0
253.57225233253445	-0.5159988960070052	0.2662548606804482	64298.887152994525	405.8421288736212	-2.3038569516355096	164707.83356867297	5.307756853599263	259.3855616314858	-0.610121421112126	67280.86958288132	0.3722481484998801	278.07902442839685	258.0835442531019	1.161358	23.535603	0.1588618786320235	0.1221098767367091	-0.0565950452	-0.0756067569	-0.0164367633	0.0458528901	-0.0005098453	0.007235137	-0.0063882345	0.1090221285	-0.0629384053	0.0110622854	0.030309248	-0.0409286952	-0.0569167334	-0.0647491655	-0.0835197518	0.0109057207	-0.0618583464	0.142313386	-0.0612876749	-0.0018144737	-0.0039410998	0.0438712041	-0.0588955295	0.1007299311	-0.0028280606	-0.0835947879	0.0504530951	-0.0314084957	-0.0673730769	-0.0826456753	0.1524508593	0.0458297474	-0.0266325603	0.0959726937	-0.0374801721	-0.0058520087	0.0173019052	0.0063546363	-0.0877155616	0.1222938383	0.0396458631	0.1389455032	-0.0239496668	0.0151355455	0.0014468815	-0.0427067484	0.1178684913	0.0449689468	-0.1080355293	0.0320237667	0.071388076	-0.0330387168	0.0661543753	0.0296187084	0.0329440408	-0.0557324092	-0.0087301732	-0.0204619794	-0.184749826	0.0299249889	0.0019044587	-0.1847833067	0.0905110769	0.1698676213	-0.0372392645	-0.0169340491	-0.1084035731	-0.0792741031	-0.0462220437	-0.0552232595	0.0526658841	-0.0932514478	0.1094157488	0.05025363	-0.0294371755	0.0722899296	0.0943784724	-0.0777655884	-0.0187810199	-0.0209253744	0.1013333661	0.0621232435	-0.0650316556	0.0560322716	0.0617791417	-0.0366180198	0.0982883667	-0.0327809602	-0.0739127785	0.0946526341	0.0402648258	0.0552460838	0.0939080405	-0.1106714853	-0.0292077366	-0.0084791881	0.0198442742	0.0026097276	0.0533994711	-0.0579936751	-0.0484084937	0.0511366259	-0.0038296473	0.0221727399	0.1217570268	0.0020341803	-0.0504796932	0.1139490434	-0.0545409213	-0.0441520177	-0.0680949516	-0.0618613465	0.0917815425	0.0585746177	-0.0026303281	-0.2161061403	-0.0512963014	-0.0463404445	-0.0788994352	0.0182636757	0.0441618773	-0.0535683931	-0.0412016683	-0.007305785	-0.0662431734	0.0890852199	-0.0113099212	0.0283139067	-0.0432769071	-0.0535112196	0.0174079392	0.0147777401	0.0190795804	-0.0980619847	-0.0809157805	-0.0026044463	-0.025630885	-0.0525909492	-0.099320254	-0.0394949675	0.0198852739	0.075481246	0.0134122005	-0.0552845357	-0.0966622046	-0.0902738707	0.0	-0.0014769985214826	0.0013104597499733	1.7173047563000838e-06	2.181524632461786e-06	0.1294391993513244	0.1177258791419575	0.0167545063287118	0.0138593826197468	0.0038093793140348	-0.0055406613620476	1.451137075819624e-05	3.0698928328887174e-05	-0.0004319549269504	0.000312067295392	1.865850589167254e-07	9.738599685327781e-08	-0.0004620415041087	-6.708351994270001e-05	2.1348235151902985e-07	4.500198647902631e-09	0.000193900204781	0.0003065467522262	3.759728941411373e-08	9.397091130043125e-08	0.0	0.0	0.0	0.0	0.0	0.0	0.0	0.0	0.0
253.32428167565564	-0.247970656878806	0.0614894466729065	64173.19168648692	405.8276976039575	-0.014431269663703	164696.1201425292	0.0002082615441065	259.08320073261007	-0.3023608988757473	67124.10490185392	0.0914221131689499	277.93565735167806	260.2646292827392	1.173207	23.77573	0.0806335310423606	0.0504816453472439	-0.0074644609	0.0289655927	0.104841721	-0.0505445044	0.0419418343	0.0780929885	-0.0453404129	0.0077938182	0.0325111623	0.0173284386	0.028070053	0.0694868139	-0.0706215247	-0.1006216915	-0.0879358694	0.1441937731	0.0876051893	-0.0589742094	0.0417445678	-0.050118009	0.0833641467	-0.00104016	-0.0556940239	-0.0578695956	0.0646347797	0.074067166	0.1020400692	-0.0312045083	-0.173680932	0.0611050696	-0.0153099967	0.0008446564	-0.0714709449	-0.0381540741	0.1603545271	-0.0349266106	-0.0499122038	-0.0349231849	-0.0046784926	0.0106713208	0.1045828594	0.0395629826	-0.1028911366	-0.0550218379	0.0573976508	0.0333092617	-0.0471647828	-0.1273830584	0.0365420927	0.0255847343	0.0487646764	0.096182806	0.0922489524	0.0836988823	-0.0939901329	-0.1258398495	-0.0545272187	0.0256526855	0.0114568991	0.1124104959	-0.0758558323	0.0382084785	0.1400474678	0.0679860562	-0.0064161709	0.0775153901	-0.0008196432	-0.0039968809	-0.0747926221	-0.063949104	-0.0773089296	0.0232700493	0.0600749668	0.0867968403	0.1242031834	-0.0855530248	-0.004462136	-0.0139079978	-0.0301609247	-0.0421980535	0.0642188401	-0.0305695714	-0.0054386541	0.0466653425	0.0118886402	0.1198037221	-0.1119551001	-0.1489778373	0.0665553246	0.051913095	-0.0068065577	-0.0651931431	-0.0601718854	-0.0771863945	0.0525743928	-0.0315335118	0.0342178129	-0.0533888759	0.058265177	0.0667625399	0.0130296022	0.0913076823	-0.1807675302	-0.0389902942	-0.0273149337	0.0446328246	0.0081607132	-0.1359361229	-0.072693107	0.0182601705	-0.0233882975	-0.084013488	-0.0437390742	0.0857819338	0.0292294746	-0.0783071577	-0.0237930752	-0.07536344	0.0660130891	0.0232723548	-0.121458696	-0.0159529504	-0.0823190676	-0.0741670348	-0.0507489177	-0.0748325513	-0.0222130908	-0.0081655687	-0.0408989726	-0.1149904301	-0.0125949217	-0.0069658926	-0.0150030871	-0.0800573578	-0.081791372	0.0446546789	-0.0390505275	0.0509443115	-0.060217014	-0.0367965637	-0.0603861609	0.0744303271	0.0102691896	-0.0591818091	-0.0981470957	-0.0865548859	0.0	0.002629514802436	0.0041065133239185	1.6863451679520982e-05	6.914348096230036e-06	0.131178327321038	0.0017391279697136	0.0172077535587453	3.0245660950402245e-06	0.0241982799813982	0.0203889006673634	0.0005855567540581	0.0004157072704236	-0.0011889870612874	-0.000757032134337	1.4136902319088472e-06	5.730976524188337e-07	-0.0001311155599881	0.0003309259441206	1.7191290070993052e-08	1.0951198049211047e-07	0.0001939219079507	2.1703169700016933e-08	3.760570638323976e-08	4.710275750277329e-16	0.0	0.0	0.0	0.0	0.0	0.0	0.0	0.0	0.0
253.6632486410857	0.3389669654300462	0.1148986036528541	64345.04371114926	406.422834426352	0.5951368223944655	165179.52034314992	0.3541878373697816	259.5859215621152	0.5027208295051082	67384.85067325261	0.252728232418304	278.4572604662677	260.212385521928	1.105496	22.40353	0.1886368338626103	0.0931301118468721	-0.0214791447	0.05141759	-0.0900514152	-0.0414954683	-0.0495617509	-0.047910232	0.0539893316	-0.0129588732	0.0691291362	-0.0558493805	-0.0258155613	0.0470398761	-0.0032970392	-0.029658491	-0.0572857631	0.0149283896	-0.0250318444	0.0819229706	-0.0002526352	-0.0321227895	0.0028512135	-0.0575731809	-0.046904183	0.0243411938	-0.0929476978	0.1231690509	0.012884808	-0.038154176	-0.0592268387	0.1722795729	0.0418844159	0.1066123707	0.0175266927	-0.1041478514	-0.049857453	-0.0070490972	0.037940975	-0.2309746073	0.0582027857	-0.0659143293	-0.0479336933	0.0142037808	0.0694154175	0.0598890563	-0.0799862312	-0.0237898425	0.1805807129	-0.1280514199	0.033583874	-0.005236146	0.0086565615	-0.033368059	-0.0548217924	-0.0689281589	0.0178982732	-0.0893976329	-0.1075552703	-0.1136917611	0.0061497339	-0.0814609181	0.0932485974	0.136236367	0.049998511	-0.142510157	-0.0132135088	0.0033774661	-0.0752407368	0.0555527974	0.002699348	-0.010411802	0.00733946	-0.0426847898	-0.053877666	0.1170029068	0.0486313374	0.0724604836	0.0553361919	-0.0765910123	0.043924338	0.0235730904	0.0450595614	-0.0342498935	0.0770548836	0.0668018007	-0.0029792828	-0.0178236988	-0.1187509853	0.011579314	0.1046536997	0.0771075322	0.0058832323	-0.0269354101	0.0223090276	0.0568132094	0.0812001469	-0.1090367308	-0.1385514508	0.0713355034	0.0405727453	0.1185530939	0.0841725507	-0.0759688255	0.068601185	-0.0234328882	-0.028389503	0.0896472624	-0.0390932005	-0.0067999421	0.0860873629	-0.0681240644	-0.0953935988	0.1030175402	0.0127926766	0.05659363	0.0713149151	-0.0295119352	0.0087633415	0.0027268799	-0.0181610216	0.0375192512	0.0574495347	-0.0218442093	-0.0873308292	0.0572502424	-0.031212808	-0.032185455	0.0796478577	0.0114020401	-0.0895586531	-0.0322384438	0.0369424387	0.0491496275	0.0414226191	-0.1019117646	-0.1446107553	0.0406843153	-0.0895664642	0.1137672298	-0.0331441197	-0.0175332911	-0.044661166	0.0733608586	0.0071159421	-0.0629463604	-0.0992407438	-0.0822968876	0.0	-0.0012052734927863	-0.0038347882952223	1.4705601269173957e-05	1.4526841924132872e-06	0.0521257898526386	-0.0790525374683994	0.0027170979677614	0.0062493036801926	-0.0076099017477204	-0.0318081817291186	5.7910604609958e-05	0.0010117604249126	-0.0004530434332049	0.0007359436280824	2.052483523700827e-07	5.41613023715233e-07	-0.0005099609287875	-0.0003788453687994	2.600601488898096e-07	1.4352381346075338e-07	-0.0001701156225648	-0.0003640375305155	2.8939325040609492e-08	1.325233236238236e-07	0.0	0.0	0.0	0.0	0.0	0.0	0.0	0.0	0.0
253.6109861138912	-0.0522625271945003	0.0027313717487558	64318.53227766031	406.4618260785469	0.0389916521949089	165211.2160591069	0.0015203489408887	259.8253674082706	0.2394458461554336	67509.2215488428	0.0573343132410915	278.59171006412737	258.10893991251737	1.058655	21.454268	0.1533934650257634	0.0863435765181312	-0.0559190366	-0.0699322633	0.016212327	0.0064417387	0.0200908383	0.0094152833	-0.0369807191	0.0705592897	-0.0175443799	0.0555496458	-0.1729455499	-0.0143581693	0.0385120428	-0.0292983841	-0.0842910117	0.0561908837	0.1087875155	-0.0378821302	-0.0197393744	-0.0871084501	0.0808977884	-0.0818688783	0.0862127158	-0.0381381916	0.0022333478	-0.0161260269	0.0125302899	0.006042147	-0.0664525115	0.0367106086	0.0223354331	-0.0254353307	0.0684821155	-0.0461200236	0.0451411554	-0.0408480613	0.0372559352	0.046701136	0.0492933165	-0.0182441583	-0.1502800131	-0.032343467	0.0697530045	-0.0612101595	-0.0382598842	-0.0348633154	0.0754944345	-0.0648378165	-0.0032241125	-0.0479709339	-0.0078335693	-0.0054318523	0.0913050802	-0.075094947	-0.0285823947	0.0704956079	0.0420934319	0.0231452028	0.0672774107	-0.0193000857	-0.0081387068	0.0457821034	-0.0269971703	-0.0439479294	0.0129550524	-0.0521431212	0.1085120897	-0.0243317984	0.0358491862	0.0246083355	-0.0877013381	-0.0157229715	0.1136370024	0.0470796511	0.0112541881	-0.0155080908	-0.0441883643	-0.01541348	0.0655520025	0.0088100638	0.1005839296	-0.0052291094	0.0295587348	-0.0936842297	-0.1583288325	0.0087209103	-0.0360146716	-0.0737683399	-0.0212795874	0.0760246993	-0.0386086177	0.0346102592	-0.043732003	-0.0309456281	0.017581813	0.0360849404	0.0011352629	0.0456605055	-0.1213202479	0.0369953797	-0.0088437665	-0.0275754119	-0.0371651056	-0.0414798676	0.0705746136	-0.0875241942	-0.0890221065	0.0676156455	0.0416139746	-0.0198500668	-0.0717950857	0.1271432242	0.0397701979	0.0617843369	0.0052587915	0.007492294	0.0154365938	0.0426872205	0.0912045776	0.0536748879	-0.0164780571	-0.0639536853	-0.0308251935	-0.0813146613	-0.0476675326	0.0742106446	-0.069079651	-0.0264298651	-0.0381956586	-0.0844947977	0.0084611972	0.0375446988	-0.0564494842	-0.1519996815	-0.0381067397	0.1030935066	-0.0830465753	0.0814500039	-0.026618338	-0.0251993916	0.0822062841	0.0722731071	0.0039556013	-0.0665697472	-0.0999387891	-0.077526392	0.0	-0.0060423768110808	-0.0048371033182945	2.339756851185566e-05	3.651031752708698e-05	-0.0183517437826168	-0.0704775336352554	0.0003367864998628	0.0049670827473085	0.0229264395526982	0.0305363413004186	0.0005256216305635	0.0009324681400156	-0.0007609778670602	-0.0003079344338553	5.790873141554915e-07	9.482361555378417e-08	-0.0002310734934698	0.0002788874353177	5.3394959384337705e-08	7.77782015780843e-08	0.0001939122436981	0.0003640278662629	3.760195825603132e-08	1.325162874159198e-07	0.0	0.0	0.0	0.0	0.0	0.0	0.0	0.0	0.0
254.1488672054659	0.5378810915747181	0.2893160686736102	64591.64670182154	409.3771907038659	2.9153646253190004	167589.6842685894	8.499350898561396	260.2273448221367	0.4019774138660636	67718.27099317922	0.1615858412584486	279.63735951582026	262.4073380238864	1.225495	24.835392	0.1614565147707556	0.1191596736267864	0.0274475799	0.1208333747	0.0086917796	0.1127669479	-0.0231659703	-0.0423924799	0.0604585811	-0.0879359642	-0.1151656283	-0.0066321162	-0.0418730974	0.0805442904	0.1231302605	-0.0133161915	-0.0890021949	-0.1194966833	-0.044367019	-0.0991596389	0.0235979754	-0.0978223614	-0.0104747758	-0.0668136238	0.0467383695	-0.0474995734	-0.1135314516	-0.1119362185	0.0578135106	0.0022523609	-0.0028695894	0.0114979817	-0.0431356053	-0.0220604192	0.0412625601	-0.0170280884	0.0204961899	0.0064358705	0.089165818	0.1292736093	0.0317319884	-0.1516813408	0.0240514365	0.1506030914	-0.0502189666	0.0669704393	0.0274787693	-0.1435782081	0.0868625572	-0.0685253526	-0.0378763365	0.0411770009	-0.1606422572	0.0504138183	0.0374570449	-0.0465262797	0.0076734139	0.068601187	-0.0185530888	-0.0087501017	-0.1170826764	0.077283098	0.0513921162	0.1302676178	-0.0325690279	-0.118694221	-0.0405077744	-0.00419467	-0.0960281785	-0.0471903256	0.1199553255	0.0173133667	0.0597759431	0.0897800092	0.0328749803	0.1029595144	-0.0004592942	0.0376788263	-0.1878507177	0.0318277028	-0.072031421	-0.0339562351	-0.0086986279	0.0116746552	0.0247880501	0.0299894798	-0.0514123801	0.0087906999	-0.0359177535	0.059873396	-0.0431124607	0.009322645	-0.026760372	0.0036387819	0.0365736483	-0.0298341955	0.0013393366	-0.0595580428	0.0258942696	-0.0121889402	-0.1365471858	0.0780428993	-0.0945500629	-0.04480877	-0.127753941	0.1378817845	-0.0034252979	0.0866333205	0.035950479	0.113926234	-0.0769588799	0.0429551734	-0.1265586813	0.0647466274	0.0906564045	-0.0599878312	0.0132778029	0.0597144668	-0.0725773181	0.1285756789	-0.0326401812	0.0895914788	-0.0122740718	0.1266266668	0.0548242621	0.0407278185	0.0415885074	-0.0697358163	-0.050716997	-0.0449704834	-0.1004810403	-0.0791544898	0.0223560528	0.0645971585	0.0033153221	-0.1721746467	-0.0349402463	0.0566133579	0.0011376883	0.0014838574	-0.1093996064	-0.0551087157	-0.0284955322	0.0711673436	0.0007913175	-0.0700438436	-0.1002384491	-0.0722731071	0.0	-0.0060863111039708	-4.393429289000026e-05	1.9302220917443274e-09	3.704318285431826e-05	-0.1360951627125644	-0.1177434189299475	0.0185218933137593	0.0138635127013131	0.0010348001714319	-0.0218916393812663	1.0708113947954895e-06	0.0004792438747994	-0.0006105095525529	0.0001504683145073	3.727219137583422e-07	2.2640713670667762e-08	-0.0002279733645027	3.100128967100014e-06	5.1971854922680914e-08	9.610799612652599e-12	-8.806975616053558e-05	-0.0002819819998586	7.756281950176194e-09	7.951384824427559e-08	0.0	0.0	0.0	0.0	0.0	0.0	0.0	0.0	0.0
253.5054923526662	-0.6433748527996954	0.4139312012150297	64265.0346529677	404.5180714145396	-4.859119289326316	163634.87010093854	23.61104026790308	259.97369711035105	-0.2536477117856179	67586.32318922455	0.0643371616940799	278.4162584768392	258.34268125378713	1.190425	24.124664	0.1965658910296571	0.179616967296604	-0.0487845614	-0.0347645392	-0.0636435358	0.0350468848	0.0272149347	-0.0162949501	0.0083402306	0.1025222742	0.0364580249	-0.0460912153	0.0468980159	-0.0119524618	0.0249164637	0.0221607412	-0.010499954	-0.0336383876	0.0404925508	0.0398119499	-0.1027226161	-0.0164960315	0.0830091097	0.0122069167	-0.0549711142	-0.0482818469	-0.0936122032	-0.0425197269	0.0178901333	-0.1447496517	0.0646650572	0.0338759563	-0.0908406599	-0.0312904033	-0.1119755553	-0.0579646274	0.0644480428	0.052163794	-0.0031149067	-0.0865666211	0.1189241573	-0.0390287614	0.0089622511	0.054379487	0.0401066424	-0.0470450448	-0.0252576574	-0.0575673847	-0.0138957858	0.0228948672	0.1136163164	0.0411040235	0.0974594446	0.0519436231	-0.0302642056	-0.1581861254	-0.0781809502	0.1531430959	0.0171329201	0.0027019525	0.0038205582	0.1587453118	0.0764894133	-0.0951879368	-0.1109607439	0.0463185516	-0.0458266501	-0.1151148095	-0.0485443691	0.0320671412	0.021349208	0.0433853566	-0.0084410164	-0.0907935545	0.0445726429	-0.0138958332	-0.0647705131	0.0136800511	-0.0145275608	-0.0051999418	-0.0652046249	0.0509784551	1.93608e-05	0.0653560275	-0.0376580492	0.1391080074	0.058699136	0.0329761044	-0.0883941759	-0.010212461	-0.0031925134	-0.0221317172	-0.0190140674	0.0647250903	-0.0096477194	-0.0768851349	0.0472089834	0.0030407746	0.1062482856	0.015092816	-0.0233599535	0.1049755934	0.2043308594	-0.1392622076	0.0529849048	-0.0558413628	-0.1248097241	-0.030636	0.027507085	0.0108553451	-0.1147837056	-0.1096196547	-0.1219647168	0.0532822925	-0.0732947442	-0.0185782758	-0.0292827528	0.0605318647	-0.0011117665	0.0202353673	-0.0181830397	0.0628775974	0.0583728595	-0.037036342	-0.0335049789	0.0314636977	-0.024420195	0.0777985445	0.0132108845	0.036983859	-0.0437010931	0.0139284252	0.0628527171	0.0588757867	-0.0234272105	-0.1235539062	-0.0905013862	0.1372747961	0.0065440913	0.0230558458	0.0319098584	-0.1630358278	-0.0184987178	0.0700438436	-0.0023737552	-0.0733608586	-0.1001385292	-0.0665697472	0.0	-0.0018942521651723	0.0041920589387985	1.7573358146360407e-05	3.5881912652599466e-06	0.0429660499734723	0.1790612126860367	0.0018460814503229	0.032062917888594	0.0057209239529569	0.004686123781525	3.2728970875516005e-05	2.195975609577417e-05	-0.0005470009503357	6.350860221720003e-05	2.992100396681589e-07	4.033342555582545e-09	-0.0002609963397506	-3.30229752479e-05	6.811908936321062e-08	1.090516894223416e-09	-1.2071421159695984e-05	7.59983350008396e-05	1.4571920881475592e-10	5.77574692289984e-09	0.0	0.0	0.0	0.0	0.0	0.0	0.0	0.0	0.0
253.41214316870003	-0.0933491839661826	0.0087140701471522	64217.71430535372	405.882431330171	1.3643599156314394	164740.548062491	1.8614779793818288	259.78300800067404	-0.1906891096770095	67487.21124587828	0.0363623365494105	278.619662050341	259.68175800421176	1.042174	21.120283	0.0400836323102986	0.0209587598797917	-0.0263401064	0.0124953602	0.0692570429	0.0933757793	0.0446540705	0.0426012653	0.0248162414	0.0260753153	-0.0972507046	-0.0298675606	0.0383383819	0.0202328501	0.0168552409	0.0151877066	-0.0372463975	0.0185683984	-0.0824496185	-0.0365759975	-0.0346817841	-0.1330843879	0.0230350278	-0.0254920618	0.1186783343	-0.0482573986	-0.0056909594	0.0508903327	-0.1038116597	-0.0264398666	0.0394598952	-0.0865806371	-0.097367906	0.0623744321	0.0699377742	-0.0586264318	-0.0201891944	0.015777448	0.1070925542	-0.0103267147	-0.0527205994	0.0030929299	-0.0294218233	-0.035605485	-0.0828791351	0.0619183611	-0.0223429091	0.001138522	0.0264786405	0.0380770812	0.0447948329	0.0681371403	0.0824272174	0.0023718216	-0.0974597324	0.1371120767	0.0452172015	0.0558877882	-0.0127662635	0.060013474	-0.0222102773	-0.003924437	0.0441676455	0.0004717979	0.04507544	-0.154510603	0.1033962874	0.0809157226	-0.1193013399	0.0969626157	0.0043957272	0.0154214757	0.085015074	0.0414369522	0.088315169	0.0068272454	0.0590070726	-0.056230175	-0.0859376289	-0.0185647432	0.0106542413	0.0260703147	0.0282317816	0.0284824475	0.0774449396	0.090646553	-0.0768012803	0.0287871008	0.0006217277	-0.0641168964	0.0268734655	-0.0954975668	-0.1331397038	-0.0656262228	-0.0510460478	0.1245302633	-0.0381214661	0.0359360281	-0.0634258695	0.0171278156	-0.0385454955	-0.01577696	-0.0331224089	-0.0982246212	0.1100092131	0.0176263592	-0.0211680068	0.0947745476	0.0261623528	-0.0541705177	-0.076049999	0.0487415572	0.0809782271	-0.0754585275	0.0779941339	-0.0624842655	0.0365354297	0.0365032597	0.0741107029	0.0026791648	-0.0530799418	0.0587644853	-0.1020815186	0.0163985754	-0.0606508978	-0.0455850519	-0.0548619546	-0.0440070625	-0.0796073734	-0.0127660308	0.028391444	-0.058566082	-0.0370570469	0.0560221701	0.0196793242	-0.0652784364	-0.0927427019	-0.014096715	0.0050184767	0.1009109279	0.0664818922	-0.1048084173	-0.0394778618	0.0689028873	-0.0055364616	-0.0765133533	-0.0996394278	-0.0604518297	0.0	-0.0060292618541666	-0.0041350096889942	1.7098305128076734e-05	3.635199850610846e-05	0.0532150887536886	0.0102490387802162	0.0028318456710629	0.0001050427959183	0.0229187176114251	0.0171977936584682	0.0005252676169522	0.0002957641067192	-0.0005469830201659	1.7930169799959022e-08	2.991904243498094e-07	3.2149098905536243e-16	-0.0003140287247078	-5.303238495720002e-05	9.861403994160725e-08	2.8124338542486544e-09	0.0001049140673657	0.0001169854885253	1.1006961531214641e-08	1.3685604525525557e-08	0.0	0.0	0.0	0.0	0.0	0.0	0.0	0.0	0.0
253.01795527513943	-0.3941878935605984	0.1553840954297417	64018.08569161245	403.0185668933317	-2.8638644368393216	162423.96526075486	8.201719512593005	259.2894419438207	-0.4935660568533535	67231.01470353796	0.2436074524777678	277.85357372912017	258.58385633281256	1.113692	22.569633	0.1784251405592801	0.1247093651869851	-0.0407908285	0.0614345241	-0.0550488	-0.07319466	-0.0162347983	0.0308818203	0.1073190919	-0.0604649922	0.0994758942	-0.0458915937	0.0562224919	-0.03607072	-0.078621541	0.0838403257	0.0083090785	-0.0111466811	-0.0343661885	0.0767317755	0.0266522141	-0.1144988013	0.0090287054	0.0417320116	-0.0790455906	0.017127417	0.04189655	0.0489349129	-0.0532228854	-0.0941185519	0.0091525434	0.060924417	0.0035440914	-0.0159082403	0.0234832886	-0.0573026491	-0.0211256154	0.0100359035	0.0048848956	-0.0551517367	0.0566282334	-0.0634533401	0.0798133565	0.0631506371	0.0252583541	-0.0443620276	0.0015398686	0.093110004	-0.0087731631	0.0759395951	-0.0859976957	0.0078459602	0.0826304463	0.063475326	0.0412499158	-0.1075482532	0.0303005104	-0.0378381757	0.0020098538	-0.0571475802	-0.0033445815	-0.1221454156	-0.0302817728	0.0618798524	0.0300658879	-0.0296568975	-0.039143292	-0.1121864129	-0.0094808964	0.0404727173	-0.0765647164	0.0535272755	0.0118793337	-0.0049214507	-0.1146402539	-0.0072228623	0.0009582253	0.0855208228	-0.0041422829	-0.0769585795	-0.021317298	0.0194994203	0.0693047209	-0.0602410197	0.0626207468	0.0562966424	0.0761029643	-0.0288433201	-0.0460227819	-0.0443344337	0.083992523	-0.0506893593	-0.0674308547	0.0618583556	0.1222385656	0.0379743828	0.0411431896	0.0412843945	-0.0875432415	0.0636027439	-0.0394931704	0.1137859023	0.1519459556	-0.0125090084	0.083077723	-0.0591187665	0.0882036952	0.0129365556	0.0478583211	-0.0299001853	0.0698720138	0.0278236226	0.0378568494	-0.0475419245	-0.0727636488	-0.0214790775	-0.005300667	-0.0972643369	-0.0371552552	-0.0728510317	-0.0093148287	0.0491684586	0.0844165419	-0.0206362876	-0.08915666	0.0810226715	0.0023415985	-0.0354228063	0.0616736654	0.0386092771	0.0115731291	0.0520443346	-0.0422293526	-0.0161267053	0.0314389075	-0.0449057965	-0.0352422678	-0.085603145	-0.038739054	0.1953131819	0.1240601046	-0.114592689	0.027034332	0.067744759	-0.0086936492	-0.079494258	-0.0987431344	-0.0539574532	0.0	0.0072806535092695	0.0133099153634361	0.0001771538469818	5.300791552203828e-05	0.169276960069908	0.1160618713162194	0.0286546892105092	0.0134703579734226	-0.0046864613973554	-0.0276051790087804	2.1962920428902327e-05	0.0007620459081068	-0.000247003454895	0.0002999795652709	6.101070673006632e-08	8.998773958011815e-08	-0.0003119973748155	2.031349892300024e-06	9.734236189176359e-08	4.126382384947318e-12	-2.2038514887983088e-05	-0.0001269525822536	4.856961384678522e-10	1.611695814087817e-08	0.0	0.0	0.0	0.0	0.0	0.0	0.0	0.0	0.0
252.9491263173133	-0.0688289578261276	0.0047374254354308	63983.26050469212	403.67675729667616	0.658190403344463	162954.9243815596	0.4332146070547469	259.4264977074333	0.1370557636126363	67302.10771274491	0.0187842823394428	277.7541290413713	257.2529594145534	1.031703	20.908077	0.0852581055091373	0.0501597058933613	-0.0670269666	-0.0538022778	0.0288150018	0.0144906024	0.0299533969	0.0596293017	0.0595775501	0.0554277788	-0.0243945658	0.0438746476	0.0170915567	-0.1010158708	-0.0753781761	0.0315665656	0.0696280524	0.0336071363	-0.0198684793	-0.0036011519	-0.0514903889	-0.0046731961	-0.0236793893	0.0382141935	-0.0775407679	0.0264531454	-0.0198921173	-0.0527633609	-0.0962298741	-0.0148955781	0.0448763878	-0.0039646529	0.0148757732	0.0176418251	-0.0153171284	-0.0163459779	0.0876530903	-0.0936336716	-0.1264871347	-0.0766937269	-0.0051563638	0.0314065273	0.0405799775	0.0586806874	0.0028334215	0.0767425116	0.0358733525	0.0580105522	-0.0059120635	0.0026364551	-0.0410836347	-0.1478532857	-0.0928829354	-0.0098944483	0.1835690207	-0.0185656894	-0.0514604791	-0.060837987	-0.0517562805	0.0556301714	-0.0536480992	-0.0385554152	-0.0292214558	-0.0470556656	-0.0950196503	0.0542965579	0.0063111775	-0.0954226603	-0.0288326974	0.124858116	-0.0872889793	0.0244950111	0.0720467134	-0.0451808353	0.0253988093	-0.0592698545	-0.0020699596	-0.0739896496	0.0105365276	-0.024002094	0.0948596047	0.0209591718	0.0318646754	0.0120064057	0.0536655861	-0.0269878299	0.0338450984	0.0069071107	0.0406666026	0.0688559822	0.0167079467	-0.0352843133	-0.0339426406	-0.0370867195	0.0124386254	0.0451657453	0.1324103637	0.0041446751	0.1218900343	-0.0020543789	0.1067674856	-0.0500694119	0.1468379927	0.1584736391	0.0184503292	0.0928773087	0.0767073794	-0.0558807834	-0.0964129764	0.0530424238	-0.0126809962	0.0781100707	-0.0773246871	-0.0813005101	0.0364309345	0.0612717421	-0.1140971581	-0.0390167837	-0.0256999995	-0.0917025842	-0.0635051027	0.0608107543	-0.0490360447	-0.0405234094	-0.0190943581	-0.0690580002	-0.0324214664	0.0637466332	-0.0067837725	0.0236831493	0.0466341243	-0.0469488897	-0.101351941	0.0146354675	0.0462440178	-0.0185195612	0.0005550982	-0.1759764822	0.0634454305	0.1491690615	0.0001784382	-0.1023516397	-0.0463481711	0.0665697472	-0.0118421707	-0.0822968876	-0.0974532219	-0.0471270611	0.0	0.0044971379002731	-0.0027835156089963	7.747959145526597e-06	2.0224249294072745e-05	0.1762733873146942	0.0069964272447861	0.0310723070753961	4.894999419158649e-05	0.0260228478942252	0.0307093092915805	0.0006771886125259	0.0009430616771659	-0.0009119779088153	-0.0006649744539203	8.317037061671278e-07	4.4219102436660123e-07	-0.0004120493705781	-0.0001000519957626	1.6978468379380838e-07	1.001040185607933e-08	0.0001083121027046	0.0001303506175925	1.1731511592291817e-08	1.6991283506767832e-08	0.0	0.0	0.0	0.0	0.0	0.0	0.0	0.0	0.0
253.0605934745997	0.1114671572863983	0.0124249271535106	64039.66396971661	403.35647671777497	-0.3202805789011904	162696.44731017694	0.1025796492212816	258.8876428817529	-0.5388548256804029	67022.81163687003	0.2903645231590573	277.5103074588354	261.0643645277752	1.214423	24.611012	0.098349215478487	0.0812366154071772	0.0091750889	0.1155919273	0.09153333	-0.0998693927	0.0361302988	0.1148329191	0.0628951179	-0.1226074948	0.03387963	-0.0003385979	-0.0285491644	-0.0345556576	-0.1444637038	0.0691548773	-0.0272930482	-0.1014087334	0.0055533348	0.0613515574	0.1426420007	-0.0258396344	0.0844996572	0.0734403738	-0.0959692456	-0.1553664863	0.068906883	-0.0769445806	-0.1112950269	0.0179901676	-0.0575563857	-0.0318546368	-0.0509795518	-0.084530704	-0.0127652389	-0.0702779951	0.0501707368	-0.020169827	-0.0905313384	-0.0729357578	-0.0440859587	-0.2219173352	0.0385855088	0.0222834319	-0.0150262824	-0.059648565	0.0324988328	0.0100004169	0.0426484055	-0.0404050143	-0.0844453259	-0.0305655219	0.0529969634	0.0107809389	0.0487712768	0.0140338461	-0.0029203341	0.0809494498	0.0670024383	0.0010519635	0.0278906224	-0.0009169419	0.034631111	-0.0111940758	-0.0342727032	0.1140861788	-0.0185202241	0.0498129007	0.0632889724	0.0827678907	-0.1448735872	0.0362506048	-0.0237308748	0.1307333439	-0.0768956565	0.0383857837	-0.0027303727	0.0905654044	-0.0598035323	-0.0453100628	-0.1036051966	0.083534516	0.036709293	-0.055306602	0.0472024667	-0.1113743576	0.0661227199	0.1453319578	0.0104715811	-0.0436099203	0.001450229	-0.0512833369	-0.0832414018	-0.0229422325	0.1397308336	-0.0404470695	-0.0047932594	0.0629308531	0.0776629694	0.0335116671	-0.0320753062	0.0395202005	0.0777037398	0.0245504902	-0.0948927897	0.0030865	0.0154517606	0.0268127465	-0.0897389551	-0.0665365429	-0.0300280034	-0.1216144077	-0.0360562507	0.0543187146	0.1188780331	0.0443680358	-0.0047358566	0.0907992096	0.0005156851	-0.1354909185	0.0751082063	0.0311804585	0.0232629991	0.0279372248	-0.0193815648	0.098578212	0.0150645521	-0.1403043717	-0.0508516511	0.0026159484	-0.0519048594	-0.0640965345	0.0160430681	-0.0357629887	-0.0766232037	-0.0404533863	0.0207299006	0.0121300945	0.0458160393	0.1235947203	0.0212777295	-0.0985212125	-0.0270633653	0.0653781449	-0.0149788877	-0.0849149568	-0.0957748323	-0.0400031891	0.0	0.0034523529192256	-0.0010447849810475	1.0915756566224253e-06	1.191874067888552e-05	0.2560186926829715	0.0797453053682773	0.0655455710030978	0.0063593137282797	0.011489280504243	-0.0145335673899821	0.0001320035665051	0.0002112245810791	-0.000884976053654	2.7001855161300084e-05	7.831826155410075e-07	7.29100182151828e-10	-0.0003930540138752	1.8995356702900023e-05	1.5449145782340588e-07	3.6082357627040875e-10	0.000122826045624	1.4513942919400003e-05	1.5086237483628932e-08	2.1065453906760155e-10	0.0	0.0	0.0	0.0	0.0	0.0	0.0	0.0	0.0
253.6411577977418	0.5805643231421129	0.3370549333054597	64333.83692897896	402.5327632292262	-0.8237134885487762	162032.62547295628	0.6785039112171949	260.218620637944	1.3309777561910892	67713.73052671422	1.7715017874754664	278.32044794486404	258.3890457769885	1.422771	28.833292	0.3932408136417621	0.3419800595219665	-0.0362714901	-0.0464482095	-0.0517876945	0.0436817602	0.0789229145	0.0033155947	0.0142801163	0.1023109649	0.0462824679	-0.0729168319	-0.0252010556	-0.0234382583	0.0966695525	0.0492820471	-0.089283984	-0.0919851325	0.0744614927	-0.007045831	-0.0887375085	-0.0292589176	-0.0148389408	-0.1039948248	-0.1077645637	0.076822163	0.0378868128	0.0517923466	-0.0504849804	-0.0022389325	-0.0944713138	-0.1439657371	-0.0259682171	0.0414928719	-0.0746902561	0.0145852356	-0.0838044811	0.1122455634	-0.078718956	-0.0821036208	0.0709136367	0.0290554427	-0.1129753282	0.0219655237	-0.0404869252	0.1122694196	-0.0518962043	0.1848362119	-0.1052882761	-0.0124902072	-0.0101807433	-0.0265248957	0.0367031417	-0.0294034782	-0.0299159206	0.0246742157	-0.1257051327	-0.076384879	-0.0231401976	-0.1669733676	-0.1260051264	0.0025645308	-0.0594614754	0.0288113588	-0.104110904	0.0359566886	-0.0547630216	0.0918839064	-0.0143824606	0.1075935063	0.0709240509	0.0967097499	-0.0489423928	-0.0633010936	0.0839864061	-0.0165072714	-0.0691308033	0.050007942	-0.012735814	0.0487738495	0.0346526415	-0.0023041945	0.1316512147	0.1841636261	0.0486963202	0.156919595	0.0221029191	0.099434778	-0.0110083176	0.0500355079	0.128267426	-0.108205726	0.0157825729	-0.0453124992	-0.0917553853	-0.0212569379	0.0853056343	-0.0254907414	-0.0119654171	-0.0423045285	0.0722802704	-0.0894773871	0.0373088727	0.0063598476	0.0928842611	0.0329260744	0.0539744511	0.017315026	0.1020204638	0.1065508862	0.0138839824	-0.1308484642	0.0434809455	-0.0311428912	-0.079408663	0.0562854366	0.0022552646	0.1187598004	0.0254751367	0.0870483734	0.0405124527	0.0917144656	0.0343437319	-0.0187690865	0.0419423697	-0.0237030407	0.0238589537	0.1104656108	0.0383279422	0.0322477819	-0.1306892471	-0.1073678001	-0.0358961336	0.1069633009	-0.021648127	0.000335572	0.0529441197	0.0198405744	0.1041018428	0.015228472	0.0220477198	-0.1284467142	-0.0933379658	0.064170249	-0.0181006735	-0.0873425944	-0.0937146561	-0.0326302004	0.0	-0.006163880871	-0.0096162337902255	9.247195230827658e-05	3.7993427391879713e-05	-0.0864834390641533	-0.3425021317471248	0.0074793852323631	0.1173077102513248	0.0258856452718347	0.0143963647675916	0.0006700666311392	0.0002072553185215	-0.0008070288508562	7.794720279780001e-05	6.512955661142786e-07	6.075766424001363e-09	-0.0002704150206092	0.000122638993266	7.312428337107405e-08	1.5040322669297993e-08	-0.0002111094250486	-0.0003339354706726	4.4567189344350473e-08	1.115128985733309e-07	0.0	0.0	0.0	0.0	0.0	0.0	0.0	0.0	0.0
253.7445183248772	0.1033605271353792	0.0106833985697034	64386.280579923936	405.4674058830213	2.9346426537950947	164403.81723350674	8.612127505473516	259.76896933807416	-0.4496512998698563	67479.91743096532	0.2021862914746514	278.7759137931928	261.5631326051643	1.216991	24.66305	0.2254331107281431	0.193489679976464	0.0013832447	0.0239028861	0.0653613683	0.1188073973	0.0165270613	0.036315923	0.0290954602	-0.0007627885	-0.1179773299	-0.0791859294	0.0343944936	-0.0202644725	-0.0215252195	0.0353598167	0.0246441062	0.0109852285	-0.078886253	0.0678049657	-0.0006692181	-0.0917022124	0.0231644888	-0.0441050317	-0.0484787044	-0.1535222041	-0.0494625776	-0.0530457051	0.0493560259	-0.0242274146	0.0943304687	-0.0345748019	0.0367893025	-0.0167616119	0.020468379	-0.0543643847	0.0764722597	0.0094401839	-0.018977971	-0.0603866275	-0.1173528594	0.1055971825	-0.0652034669	-0.0546419935	-0.0392255941	-0.0700592297	-4.2696e-06	-0.055968319	-0.006760606	0.0567654825	-0.0262827343	0.122608534	-0.1480614066	0.0421822571	-0.1241796502	-0.0121143981	-0.0301722103	0.0327758301	-0.1076864516	0.0764785391	0.0815755283	0.0647613527	0.0980361961	0.0309792584	0.09712166	-0.0401934984	0.0362520347	0.0878035268	0.0359088844	0.1382920526	-0.020196401	0.0031517049	0.1038762144	0.0785079186	0.0409995349	-0.0497731769	0.0454108766	-0.0600579775	-0.068879679	-0.0790662698	-0.0813981002	0.0138848419	-0.0392947911	0.0574367208	0.040592313	-0.0053735042	-0.0060606076	0.1258202795	-0.0014289943	-0.0836257901	0.0109574772	-0.0150242131	0.0412236	0.0715398108	-0.0159776459	0.0178850851	0.0392061943	0.055701102	0.0609575872	0.0255949388	0.0986438249	-0.0670853383	-0.0630868728	-0.1251561348	0.0295633728	-0.0565300067	-0.0726378059	0.0078884535	-0.05240724	-0.1182569718	0.066323521	0.0035406662	-0.1211871645	-0.0655932638	-0.016896644	-0.1019116515	-0.0665644482	0.0379650862	0.0640781109	-0.0202877147	-0.0699565012	0.046394329	-0.1148850244	0.0079351429	0.0326949076	0.0658386274	0.0287835945	-0.0460026473	-0.1461611294	-0.0305238325	-0.0030459133	-0.0277979467	0.0877993251	0.1538187376	-0.0743195012	0.0713250593	-0.0099202006	0.2292482398	-0.0127318693	0.0875394382	0.145253418	-0.0568211273	0.0338751003	0.0629463604	-0.0212044161	-0.0895743561	-0.0912809058	-0.0250540098	0.0	-0.0062100224906487	-4.614161964870082e-05	2.129049063805373e-09	3.856437933436269e-05	0.107813868910128	0.1942973079742813	0.0116238303293702	0.0377514438860527	0.0395044930256887	0.013618847753854	0.0015606049692166	0.0001854730141426	-0.0009390042693486	-0.0001319754184924	8.81729017854898e-07	1.741751108624412e-08	-0.0002209798902002	4.943513040899997e-05	4.8832111872892455e-08	2.443832118554833e-09	-4.3103706342817634e-05	0.0001680057187057	1.8579295004878567e-09	2.8225921517846475e-08	0.0	0.0	0.0	0.0	0.0	0.0	0.0	0.0	0.0
253.40762711723767	-0.3368912076395247	0.1134956857848173	64215.42548118897	402.9393242200216	-2.528081662999682	162360.0990028877	6.391196894795238	259.72100969691115	-0.0479596411630041	67455.00287798302	0.0023001271804841	278.1591049487984	258.77469534437563	1.16425	23.59421	0.149256754535874	0.1057761354975827	-0.036323468	0.0604254458	-0.0598365921	-0.0379780873	0.0537870825	0.0260442546	0.0987123548	-0.0465149499	0.0930110565	0.0135781029	-0.0961998357	-0.0209571321	0.0238863912	0.1189237851	-0.0406652194	-0.0621470629	0.0764630334	0.0873385829	0.0047929559	-0.1487251711	0.0410023139	-0.121876359	0.0182483104	-0.0333514651	-0.0248351857	0.1047022505	-0.0135384378	0.02276398	-0.1652581684	0.1363477497	0.0680337412	-0.0314838419	-0.0106062941	0.0568754014	-0.056177719	0.1354811404	-0.1134399123	0.0160880204	0.0776136087	-0.0128032612	-0.0425298373	0.0359644584	-0.1799206062	0.0645359547	-0.0179376259	-0.1206614074	-0.250672866	-0.0060715693	-0.0601992162	-0.0672943015	-0.0082719089	0.0843466529	-0.1026790874	-0.0843485844	0.0255649619	0.0387197943	-0.0433543261	-0.0656838811	0.0683040749	0.036238713	-0.0645598362	-0.0060716186	-0.0724397192	0.0006463711	0.0634618027	-0.0425649369	0.0974649583	-0.0782105161	0.0103653095	0.1296847439	-0.0310039156	0.0137928371	-0.0623131696	0.0029984157	-0.0378914704	0.0922544559	-0.0736812328	-0.1249326394	0.0693248443	0.0155705682	0.1248655665	-0.0464117453	0.1208660371	0.0289730738	-0.0807692393	0.026757209	-0.0867342468	-0.0138969256	0.1168765924	0.061390379	0.0369034366	0.0641300161	-0.0640677369	-0.0529688446	0.1277379466	0.0092050684	-0.0013183678	-0.0311505779	0.0048194442	-0.0794044349	0.0238933665	-0.1453914976	-0.1135138562	-0.0567989016	-0.0212872407	0.0486664728	0.2426764772	-0.0097008205	0.0228436215	0.1200989229	-0.0567044651	-0.0059438968	-0.040387577	-0.0510988066	-0.0618765991	0.0971277404	0.0166212254	0.0280817531	0.0435754309	0.0817627274	0.0391231019	-0.0934782753	-0.0490341872	0.0376948854	0.02748162	-0.0432473806	0.0565882774	0.0480352594	-0.1270900409	-0.0873261422	-0.0304784377	0.1703289434	0.0283139526	-0.0254785763	0.0418687845	-0.016692665	0.0471867802	0.1235658305	0.1672033899	0.096655003	-0.0496247143	0.0617067844	-0.0242870216	-0.0916052369	-0.088483283	-0.0173217973	0.0	-0.0195457279167641	-0.0133357054261154	0.0001778410392121	0.0003820354797961	0.0025690909001099	-0.1052447780100181	6.600228053027496e-06	0.0110764632983779	0.0259787766252301	-0.0135257164004586	0.0006748968349436	0.0001829450041456	-0.0006660060064507	0.0002729982628978	4.4356400062840987e-07	7.45280515452709e-08	-0.0002909858604056	-7.00059702054e-05	8.467277095598734e-08	4.9008358643993534e-09	-4.309684546048001e-05	6.860882337624864e-09	1.8573380886444963e-09	4.707170645073282e-17	0.0	0.0	0.0	0.0	0.0	0.0	0.0	0.0	0.0
253.2881104023488	-0.1195167148888742	0.0142842451378284	64154.86687119243	404.59147943940553	1.6521552193839284	163694.2652349669	2.7296168689375566	259.4337901566409	-0.2872195402702573	67305.89147503999	0.0824950643130579	277.83112052433506	258.10460025737706	1.111515	22.525517	0.2126041052979579	0.1700708365050443	-0.0724608456	-0.0477416299	-0.0335027936	0.0806286435	0.048240297	0.0243519585	0.0338406948	0.1231214278	-0.0483460997	0.0850549783	0.0688971384	-0.1362928621	-0.0666333976	0.0943338868	0.0271281111	0.070307292	-0.098121101	-0.017331149	-0.0787994942	-0.1505275273	0.1384666387	-0.1385130736	-0.0597478208	0.0095574884	0.0806056701	-0.0580772636	0.023393341	0.1443900875	-0.0977688055	-0.0388235819	0.1206768316	-0.0059465254	0.0324331196	-0.0270044939	0.044623317	0.1457321306	0.0419368668	-0.008501382	-0.0091332811	0.0342040069	0.0498804019	-0.166733749	0.0542624396	-0.058900517	-0.0038094209	0.0988217535	0.0006467738	0.0748793512	0.1284344233	0.0394616828	0.0312053666	0.047698945	-0.0537092776	-0.0577547565	0.0409084528	-0.0256625523	-0.0469657153	0.0417760304	-0.013686276	0.0466943478	0.0563037563	0.0458640325	-0.0594920514	-0.0573454282	-0.042015361	0.0438833098	-0.0790843142	0.010629609	-0.0721179741	0.0641070247	0.1382688106	-0.0647026532	0.0369379751	-0.1183357788	-0.0170452503	-0.0371912187	0.004213089	-0.021561962	0.0074224606	-0.0529138326	0.2710171174	-0.0246367209	0.0179419424	0.0083687036	-0.0606361133	0.0711273097	0.0376057666	-0.0853446024	0.0285241694	0.0001643597	0.1204895581	0.0244142087	-0.0495142079	0.0109013974	0.0262491137	0.0229727548	-0.1012321186	-0.062048299	0.0520930138	0.0262379327	-0.067251004	-0.0004051039	0.0038640957	-0.0611919921	-0.0631056343	0.0327687002	-0.0564128199	-0.0255549606	-0.0620652816	-0.0671470221	0.0914931896	0.0499931555	-0.1007569481	-0.0217908702	0.0436541291	-0.0234127222	-0.0612592785	-0.0683881179	-0.1238161548	0.0437158994	-0.0367805356	-0.0566927172	0.0212164045	0.0305930351	0.0496610464	0.0806096873	-0.0275636666	0.019107358	0.0012371372	-0.0749678085	-0.0142143431	0.1230825789	0.0370994689	0.0973625897	0.0687379071	-0.0160577682	-0.0260001223	0.0144533294	0.0783000487	0.0158936145	-0.135242791	0.0604518297	-0.0273454174	-0.0934306823	-0.0853329399	-0.0094817148	0.0	-0.0080926466071815	0.0114530813095826	0.0001311730714839	6.549092910872623e-05	0.1741905187146102	0.1716214278145003	0.0303423368100649	0.0294539144850877	0.0334863502239812	0.0075075735987511	0.0011213356513231	5.636366134066455e-05	-0.0009809966621368	-0.0003149906556861	9.62354451123543e-07	9.921911316955925e-08	-0.0003510109951776	-6.002513477199999e-05	1.2320871873556914e-07	3.603016804396762e-09	2.232781558389924e-05	6.542466104437924e-05	4.985313487486136e-10	4.280386272771915e-09	0.0	0.0	0.0	0.0	0.0	0.0	0.0	0.0	0.0
252.6443416367415	-0.643768765607291	0.4144382235715352	63829.16336106256	400.89584653482495	-3.695632904580578	160717.47976887392	13.657702565418674	258.87804400322153	-0.5557461534193635	67017.8416669339	0.3088537870404187	277.301537941289	256.88069430646726	1.235753	25.043274	0.0888056497273101	0.05771643846693	-0.06620216	0.0452756229	0.1560766008	-0.0482257359	0.1006714729	0.204004615	0.0464442766	-0.0258845563	-0.0006399878	0.0984724834	-0.0559741528	-0.0874165998	-0.1341426901	0.1070155872	-0.0239104414	-0.0566295979	0.0745755249	0.0614016975	0.0864684857	-0.0090945248	0.0004980184	0.0235894824	-0.0155130197	0.0634326144	-0.0091787598	-0.2161266144	-0.0444405827	0.1940817961	-0.1225272254	0.0003229803	-0.0468226868	-0.0345727437	0.0341631993	0.0318159578	-0.1594938604	0.0715210976	0.1145616108	-0.0353428947	-0.0668742443	0.0689231663	-0.0985145125	-0.031215588	-0.0866937751	-0.0034183782	0.0892123536	-0.0039820785	0.0188458912	-0.065123771	0.0027883718	-0.0576679522	0.0842718906	-0.014705131	-0.0482475181	-0.0241370952	0.1148810792	-0.1400672254	0.0068471572	-0.0941374699	-0.0992374516	-0.0317164261	-0.0490237839	-0.0444640812	-0.0991507735	0.0728079626	0.0311395862	-0.1361989838	0.0545369036	0.0167406193	-0.152282001	0.0802592397	-0.0442944239	0.1464086656	0.0234248487	-0.0552748596	-0.0728193943	0.0479369026	-0.0151220831	-0.0716888402	0.0319271532	-0.0695974342	0.0108126323	-0.0385183706	0.0950938823	-0.034889278	0.0227099688	0.2162333526	0.0686689969	-0.0118128202	-0.1728842451	-0.0920027414	0.0585837197	0.0078426629	-0.1130155276	0.0297127056	0.0628248616	-0.055377871	-0.1159689816	-0.0206558163	-0.0053665229	-0.1195670445	-0.1182115606	0.0478923351	0.045871699	0.0122589042	-0.0546935018	0.0407816986	0.0862726027	0.0369282372	-0.0920615335	-0.0154017467	0.0688123019	-0.0794261613	0.0312406863	0.0092913777	0.0940994979	-0.1530153118	0.0370887825	-0.1279659707	0.0742719303	0.0577777595	0.0137536694	0.0150727325	-0.0319994944	-0.0328690549	0.0347935201	-0.0615200047	-0.1204904773	0.0670467039	-0.1028323381	-0.0838952904	-0.0384696794	0.090785187	0.0148177125	-0.0103078433	0.1110717911	-0.0938366676	0.0842296776	-0.043404231	0.1633319616	0.0595427026	-0.1333595534	0.0591818091	-0.0303765546	-0.0950465986	-0.0818424346	-0.0015825856	0.0	-0.0071647783487094	0.000927868258472	8.609395050800473e-07	5.1334048786135e-05	0.2229373965166559	0.0487468778020457	0.0497010827656246	0.0023762580954475	0.0195771920084766	-0.0139091582155045	0.0003832664469367	0.0001934646822639	-0.0006430099916105	0.0003379866705263	4.134618493109354e-07	1.1423498945345369e-07	-0.0004519861496745	-0.0001009751544968	2.042914794975795e-07	1.019598182567282e-08	-4.3145268418655054e-05	-6.547308400255429e-05	1.861514186917793e-09	4.28672472880553e-09	0.0	0.0	0.0	0.0	0.0	0.0	0.0	0.0	0.0
253.5769953472916	0.9326537105500848	0.8698429438028412	64301.29256936034	404.3653625632232	3.469516028398232	163511.34644088693	12.03754147131224	259.74773123203846	0.8696872288169288	67468.8838801913	0.7563558759672692	278.06044746175974	259.328397725231	1.540964	31.228559	0.2738899328793117	0.2649250550212918	-0.0383134038	0.1048303314	-0.0525137107	-0.0502675286	0.0321006853	-0.0015540224	0.0691131692	-0.0696937677	0.1146665449	-0.0746355544	-0.0062589962	-0.0178273424	0.0288054758	0.3311894105	0.1394680248	0.0104921403	0.0364724706	-0.1848427239	-0.0437271385	0.1538638441	0.291083831	0.1702001888	0.1422597843	-0.1318366857	0.0578763508	0.0054240382	0.0608724686	-0.0565455273	0.0430162957	-0.0147456945	-0.1417459767	0.06888411	0.1372986698	0.1937597	0.0909117537	0.0090800824	-0.0256075048	-0.0329148622	-0.0613320654	-0.0129444519	0.1569775218	-0.0869404232	-0.0163472681	0.1262595853	-0.083107782	0.0823423987	0.0598200923	-0.0980148487	-0.0350995223	0.0446903666	-0.0999863856	0.0019801405	0.1610287543	-0.1023755646	0.032274158	-0.0067956751	-0.0358167654	0.0573960615	-0.008413571	0.1887252203	0.0520168387	0.0633200506	0.0717298799	0.0445467053	0.0396605199	0.0292445175	0.0002216524	-0.0858400374	0.0082550734	0.233487283	-0.00250388	0.0555499542	-0.1775873686	-0.2034069998	0.0767923388	-0.0083160621	-0.052297507	0.144124173	-0.0245885231	0.214327575	-0.0079636754	-0.2001097875	-0.4172791742	0.0998847081	-0.0691934119	0.0751089989	0.0318248625	0.0990734225	0.0228716483	0.0878977133	-0.230524116	0.0885851365	-0.0428940455	-0.0344261177	-0.1216346136	0.0592062503	-0.0514914522	0.0267463656	0.135597435	0.1196016572	-0.1281277023	-0.001915817	-0.0792307023	-0.0204903731	0.0282705075	-0.0564623976	-0.0678496281	0.038440945	-0.0651591288	-0.0361232609	-0.071410734	0.1005916429	-0.0547780608	0.0127241134	-0.0597188177	-0.0339242152	0.0455089414	0.0707049959	0.0643071375	0.0870645856	-0.0367466358	0.0468011795	-0.0188558279	0.0442941586	0.1675843131	0.0239267891	0.0232518572	-0.0554207756	0.0383692272	0.19842212	-0.0121240955	0.2314705083	-0.0583067987	0.5048578875	0.1065205862	0.1773755007	-0.3037013214	0.0315665224	-0.031644995	-0.1636347518	0.2676530368	0.0578970392	-0.0333774118	-0.0964493619	-0.0780256814	0.0063263989	0.0	-0.0071177249188281	4.705342988129985e-05	2.214025263594402e-09	5.066200802010649e-05	-0.0422955156058151	-0.265232912122471	0.0017889106403617	0.0703484976729664	0.0134177906688535	-0.0061594013396231	0.0001800371064331	3.793822486255087e-05	-0.0006020096321605	4.100035945000006e-05	3.624155972140205e-07	1.681029475029209e-09	-0.0004439868593768	7.999290297700011e-06	1.9712433129927442e-07	6.398864526687754e-11	-4.3133598419629e-05	1.1669999026057641e-08	1.860507312625821e-09	1.3618887726818623e-16	0.0	1.0	0.0	0.0	0.0	0.0	0.0	0.0	0.0
253.79603705301983	0.2190417057282445	0.0479792688483388	64412.428423817815	405.7658275988117	1.4004650355885246	164645.90684694858	1.9613023159059677	259.8919161659518	0.1441849339133227	67543.80808841011	0.0207892951675892	278.2496875346939	258.86873957672407	1.222113	24.766855	0.204294017700415	0.1596068441582946	-0.0556363069	0.0025870067	-0.018615564	0.069267609	0.0492295502	0.0130114424	0.0307232641	0.0874575591	-0.0584783477	0.128092963	-0.0188255172	-0.1881636763	-0.03484363	0.1946161307	0.1091179692	-0.0114188696	-0.1057075045	0.0600395473	-0.0612615383	0.1454736273	0.0949529955	0.024399278	0.1234356488	0.1043540801	0.1236310981	-0.1274492689	0.0058477187	-0.0562971008	0.0797717824	-0.0329930961	-0.0514895556	0.0455885693	0.0350050325	-0.0690409289	-0.0648883217	-0.0642650163	-0.0989757435	0.0676929566	0.2014820791	0.0393376665	-0.0002148751	0.0749443932	-0.0029487163	0.1168781506	-0.034193034	-0.1268486497	0.0660917886	0.0168775275	0.096480303	-0.0622214364	-0.014780717	-0.0520413359	0.0393443292	0.096470882	0.0225436629	-0.0164050798	0.0498070694	-0.0104997708	-0.0891029107	-0.0402038591	-0.0171825427	0.0421109871	0.0564388874	-0.0238901346	-0.0573800251	0.0661308877	0.075610423	0.1232258027	-0.0406627697	0.1240456546	0.1288695745	-0.0137280685	-0.0109815288	-0.1784522243	-0.0727378259	0.050777022	0.1754337767	0.0320154289	-0.0183837588	0.0736678784	0.0242794205	-0.0471190047	-0.19013074	0.0451709901	-0.1097247723	-0.0774528962	0.0939342135	0.0456114716	-0.1438096	0.0102792231	-0.0628345007	0.049296451	-0.0138583524	0.0659736731	0.0207776225	-0.1317909736	0.1715910766	-0.1009722645	-0.040286674	0.0070589463	-0.0359458453	0.051122624	0.0969418781	0.178291964	0.074909822	-0.0318651893	0.1094139921	-0.0295398719	-0.055598916	0.0363771127	0.0056776111	0.0364120584	0.0818286868	0.0944113259	0.1286112361	0.0263864956	-0.1493245305	-0.0161721672	-0.0948765582	0.0252249721	0.0017129706	0.048859692	-0.123567667	0.0020501952	0.0667053007	0.118885774	-0.0338131995	0.058478032	0.0096305886	0.1010487098	-0.0663347827	0.1395545587	-0.0724659271	0.2582016341	0.0509608338	-0.0235637453	-0.0424922177	-0.1761427935	-0.0458219463	-0.1055834196	-0.0159526473	0.0565978402	-0.0363449977	-0.0976358263	-0.073897895	0.0141959864	0.0	-0.0139453847957895	-0.0068276598769614	4.661693939546856e-05	0.0001944737571026	0.1124475351669502	0.1547430507727653	0.0126444481651225	0.0239454117624626	-0.0126102096434763	-0.0260280003123298	0.0001590173872524	0.0006774568002586	-0.0004440449154371	0.0001579647167234	1.971758869255413e-07	2.495285172950401e-08	-0.0004719571281102	-2.79702687334e-05	2.227435307740277e-07	7.823359330186135e-10	-0.00019110474773	-0.0001479711493103	3.652102460494694e-08	2.1895461028232108e-08	0.0	0.0	0.0	0.0	0.0	0.0	0.0	0.0	0.0
253.39032899318283	-0.4057080598369964	0.1645990298166998	64206.65882727343	404.52231734053896	-1.2435102582727495	163638.30522655972	1.5463177624295603	259.0770347591421	-0.8148814068096613	67120.90993958974	0.6640317071640927	277.7141486485346	259.9280342935615	1.248319	25.297924	0.2334960517121042	0.1449999692794545	-0.0313420774	0.0236740078	0.0950673089	-0.0515144799	0.0456685795	0.0965293338	-0.0234319236	-0.0406619745	0.0245879744	0.0516270396	0.0637089713	-0.1152472261	-0.1189084423	0.1249308734	0.0992330266	0.0100326721	0.0381906589	-0.0471861238	0.1151493029	0.0112939212	-0.1094626135	0.0624539053	-0.0314248773	0.0634479	-0.1761643651	-0.0737708622	-0.0785032883	-0.0070204843	-0.0464123926	-0.0265009409	0.0113607923	-0.0529935659	0.1168040379	0.0361869406	-6.7449e-05	0.104448651	1.18961e-05	0.0792789456	-0.0516424138	0.0100310631	0.0291801738	0.0145783969	-0.0671731328	-0.0024056669	0.0051890522	-0.0190168041	0.0025150872	0.0843234402	0.0271984124	-0.0155994741	-0.0333601066	-0.053726587	0.0823790473	0.1247747091	-0.1388617577	-0.0719974106	0.0272394989	-0.0098034513	0.0235220649	-0.0240582715	0.0676128343	-0.0601895453	-0.0668793228	0.0243374219	-0.0960889293	0.0641334386	0.0082538442	-0.0949655276	-0.1250753415	0.0531150512	0.006418788	0.1128790929	-0.0704305043	-0.1505920061	-0.0101727948	-0.0297676175	-0.0032664805	0.0668450383	0.039548313	-0.0520147111	-0.0719862024	0.0294445709	0.1152448282	-0.0468033434	0.1177810703	0.0249174784	0.0209640821	-0.0147970945	-0.1102573892	0.0123389105	-0.0072154685	0.0162773428	0.0683148971	0.0487773389	0.035587506	0.0325422404	-0.0454578886	-0.1645565879	0.0197544445	-0.0346423616	-0.0109763188	-0.0378478598	-0.0885389155	-0.0814986428	0.0105988392	0.000568001	-0.0247116353	0.1038602731	-0.0466220524	0.1178851624	0.0092559182	-0.1038556443	0.0612826885	0.0393491114	0.0150396676	0.0500763132	0.0329072914	-0.1176637443	0.0280779101	-0.0139779107	-0.0471199869	0.060634221	0.0330263888	0.0282795146	0.1168528428	-0.0367232317	-0.0888541898	0.0169772686	0.1070061837	-0.0256897267	-0.0813186575	-0.0365565379	-0.0691548959	-0.0045956412	-0.0255026181	-0.1265177159	-0.0031951226	-0.0343051682	0.1582939345	0.1131091024	-0.0368353324	0.0552845357	-0.0392763541	-0.098603331	-0.0694755299	0.0219771695	0.0	-0.007563132484023	0.0063822523117665	4.073314457104884e-05	5.720097297088391e-05	0.2536919288250487	0.1412443936580985	0.0643595947509735	0.0199499787398438	0.0156821619481846	0.0282923715916609	0.000245930203369	0.0008004582902806	-0.0009689999727033	-0.0005249550572661	9.38960947098996e-07	2.755778121493593e-07	6.520833907286416e-06	0.0004784779620174	4.252127484641623e-11	2.2894116013640717e-07	-4.299708400211919e-05	0.0001481076637278	1.8487492326852941e-09	2.1935880054931023e-08	0.0	0.0	0.0	0.0	0.0	0.0	0.0	0.0	0.0
253.4347355832239	0.0444065900410635	0.001971945239075	64229.16520013861	404.6942610140866	0.1719436735476165	163777.44489773765	0.0295646268730493	259.70632568844985	0.6292909293077287	67447.37560259519	0.3960070737089847	278.13823882393217	258.87383732847763	1.091847	22.126936	0.2453908398204311	0.1985732789001423	-0.0250877552	0.1222667347	-0.0217055915	-0.0801172165	-0.0190400037	0.0179567924	0.0747714317	-0.100159209	0.0630970171	0.0746618437	-0.0290182445	-0.0229085945	0.0055820186	0.1535802997	0.0881035212	0.0017953131	0.0600029206	0.0432247483	0.0560280095	0.096077974	0.0369220575	0.0072555841	-0.0895729299	0.015111404	-0.0347226413	0.0745797455	0.0733128127	-0.0481275251	-0.0214702214	0.0903906333	0.0484721782	0.0451612016	-0.0022293725	0.1053767053	0.0094161926	-0.1855050135	0.0858786209	0.0615284288	-0.0217228971	0.053662567	-0.0994318006	-0.1460073764	0.0120427286	0.0982881955	-0.0069618334	-0.0778390646	-0.0228275339	0.0267062327	0.0530419908	0.0871423388	0.0627453936	0.0158792103	-0.0746566377	-0.0443556601	0.0621281003	-0.0592334668	0.0617408188	-0.0100077153	0.0125952678	-0.0503730605	0.0172027152	-0.0566992661	0.075662382	0.0147639699	-0.0614905611	-0.0638352888	0.0362723785	-0.073290608	-0.0059725665	0.1283683343	-0.0107964331	0.054610829	-0.1278181773	-0.0642643727	-0.0332109635	-0.0129786329	0.0538307888	-0.0397356014	-0.0193393458	0.0099755732	0.0139423626	0.018784662	-0.077287956	0.0163609935	0.0884689589	-0.0407124935	0.0081631828	0.0689054488	0.0290972323	0.137547369	0.0047549535	-0.0488650148	-0.091008354	-0.049677788	0.0772501067	-0.0561880125	-0.0229319095	0.1122241281	-0.0286882652	-0.0370045175	-0.1055827558	0.0323112874	0.029700307	-0.0781805908	-0.1085333742	-0.0927820824	-0.0178082688	-0.0007573792	0.040771401	0.1110591211	0.1245382941	-0.0153861779	-0.0408706679	-0.056129448	0.0349521855	-0.0064128753	-0.0496006988	0.0123620429	0.0318555071	0.0288178057	0.0251033436	0.0048404637	-0.056622413	0.0509830496	0.0908492938	-0.0477841071	0.0649515369	0.0135681392	0.0242664613	0.1232352316	-0.062852845	0.0239590268	0.0280862316	0.1714429087	-0.087760747	-0.1406278839	0.0085349996	-0.1715317359	0.0021664122	-0.0152511495	-0.0068396754	0.0539574532	-0.042168559	-0.0993497063	-0.0647762149	0.0296214915	0.0	-0.0122090084908137	-0.0046458760067907	2.1584163870473508e-05	0.0001490598883287	0.052876666112283	-0.2008152627127657	0.0027959418191498	0.0403267697383971	0.0077801563447579	-0.0079020056034267	6.053083274887661e-05	6.244169255658698e-05	-0.0005110038269795	0.0004579961457238	2.611249111876948e-07	2.0976046949785627e-07	-0.0001759890808226	-0.0001825099147298	3.097215656878364e-08	3.3309868974710415e-08	-4.304493349739427e-05	-4.784949527507592e-08	1.8528662997950955e-09	2.2895741980795133e-15	0.0	0.0	0.0	0.0	0.0	0.0	0.0	0.0	0.0
253.6192993731468	0.1845637899228904	0.0340637925507008	64322.749014525856	407.3668608425549	2.672599828468321	165947.75931271748	7.142789843128901	259.818920968244	0.1125952797941636	67505.87169310263	0.0126776970319259	278.33814042105644	258.732065711674	1.007741	20.422476	0.0841266539670664	0.0480699676095706	-0.0631463286	-0.0252233065	-0.103645674	-0.0382709895	-0.0034529301	-0.082276826	0.0638086454	0.0342415914	0.0730936911	0.021157664	0.0021280763	-0.1358914742	-0.0115892174	0.1504223951	0.1021181042	-0.0151646993	-0.063067277	-0.0091828506	0.0029581247	0.0134718839	-0.0628253435	0.0012341998	-0.0277045112	0.0632659213	-0.0051166718	0.0089325001	0.0625351635	0.106481961	0.0928031752	0.018583362	0.0442404677	-0.0605208142	-0.1858414735	-0.1028057452	-0.0383963936	0.0536340531	-0.1097576913	-0.1441985164	-0.0593214108	-0.0093002539	-0.0300709044	-0.0708664917	0.0538034049	0.0142030445	-0.0551454788	-0.032085522	-0.0845457335	0.1482836099	-0.0997966615	0.0856962287	-0.0287184127	-0.0557953177	0.0818837537	-0.0655276935	0.0338358805	0.0569362964	-0.0147097209	0.0609072992	0.0658646845	-0.0579568946	-0.2331814138	-0.0948594288	0.0373676759	0.0682117111	0.0341038517	-0.0359791607	-0.0858663336	-0.0105818259	-0.0136831922	0.1129772088	0.0401314851	-0.069544486	-0.1051802707	-0.1357205925	-0.0069113338	0.0293187566	0.0134932414	0.0172704166	0.0147915077	0.0140660785	-0.0494255932	-0.0419933357	0.0860544667	-0.0839191886	0.0053246274	-0.0420571519	-0.0058256823	0.0171170902	0.0090605517	0.0111388695	0.2041224826	-0.0500727227	0.0979470397	0.007821452	-0.0404989781	0.0744728969	0.0208883594	0.009325779	-0.0290945141	-0.0728521483	0.1223579154	-0.0971943232	0.1487190611	-0.0195809968	-0.0590095058	-0.1987180999	-0.019466078	-0.0672381219	0.108586312	-0.0366064674	-0.0407424917	-0.0772724025	0.0049357393	0.0286160063	0.0078964834	0.0087802081	0.016280499	0.00022162	0.0054631059	-0.0026683605	-0.0401345201	-0.0495330144	-0.0412018299	0.0995459557	0.0406507834	0.0758303298	0.0253551555	0.0055274111	0.098104154	0.0711227836	-0.0172906123	-0.0404188012	-0.1377438053	-0.0424512249	-0.0270916134	-0.0834000734	0.0198853594	-0.1369618874	0.1580985375	0.0825153345	0.0919557937	0.0526169234	-0.0450187293	-0.0998732783	-0.0598186829	0.0370813481	0.0	-0.010684463340894	0.0015245451499197	2.3242379141436816e-06	0.0001141577568829	0.094405108483599	0.041528442371316	0.0089123245078	0.0017246115257877	0.0280007176896361	0.0202205613448782	0.0007840401911347	0.0004088711011019	-0.0008350056486189	-0.0003240018216394	6.972344332254699e-07	1.049771804256496e-07	-0.0002689820264403	-9.29929456177e-05	7.235133054793025e-08	8.647687934656509e-09	-4.3112268259344415e-05	-6.733476195014606e-08	1.8586676744656761e-09	4.533970166882836e-15	0.0	0.0	0.0	0.0	0.0	0.0	0.0	0.0	0.0
253.4445878459609	-0.1747115271858774	0.0305241177316215	64234.159108409	403.24386032272434	-4.123000519830555	162605.6108879728	16.999133286523026	260.0443085832183	0.225387614974295	67623.04242652407	0.050799576983801	278.3042370829511	255.35012005038064	1.001203	20.289984	0.193049506849127	0.1713045425823395	-0.0881718651	-0.0755156701	-0.0055915352	0.0500236411	0.0546730915	0.0017462837	0.0204846371	0.0997087027	-0.0166283555	-0.0270509571	-0.1239581567	-0.0438692569	0.0903624621	0.151038797	0.0027498364	0.0035826826	-0.0023213549	0.029813291	0.0014891518	0.0113757249	-0.0147518274	0.0383533696	-0.1164986677	0.072365664	0.0401626893	-0.0031072708	0.0503208874	-0.0417094994	0.029136761	-0.1024119552	-0.0883516577	0.0137062362	-0.0247695933	0.0157189803	-0.0567836019	0.1088599606	-0.0596967668	0.0160538414	-0.01920644	-0.0124285571	-0.0899818272	0.0117628296	0.0521327715	-0.0808945033	0.1106724822	0.0789586858	0.0412921703	0.1399753816	0.0797601876	-0.0004489681	0.0095944465	-0.0456560643	-0.0202994397	0.0237225057	-0.1535400259	0.0280323363	0.0177240851	-0.0141755013	0.0363552913	-0.045347462	-0.0285714153	0.1136057719	0.0799259711	-0.1210930632	0.0671548895	-0.0146942926	0.0183042777	0.0342690516	0.0643129861	0.1480399005	-0.0190768088	-0.0071660795	0.0821850207	-0.1314146185	-0.0107070579	0.037035349	0.0395821666	0.0385460353	-0.0501233413	-0.0190404939	-0.0267563639	0.011802375	0.0309034931	-0.061581122	0.1107942206	0.0864367425	-0.0327810441	-0.0036969133	0.017699642	0.0640003734	0.0028079183	0.0177628943	0.0870049351	0.0190896782	-0.0553134554	0.0055055181	-0.0130405874	0.0202154962	-0.002658251	-0.1173449972	0.1104249661	-0.0333796374	0.0751887322	-0.0044281651	0.0496827107	0.0435092739	-0.0046312168	0.0422801322	0.0635707287	0.0525889075	0.1780766258	0.0708301245	0.0546515625	-0.0647650179	-0.0412662308	0.0209951829	-0.0635263334	0.0981994528	0.0472082234	0.0556994305	0.0193794164	-0.0379440266	0.0295529531	0.0433438636	0.0795749697	0.0986887723	-0.042801639	0.0133660459	0.0142248267	0.0010249957	-0.0483042786	-0.0496781887	-0.0535222577	0.0445672287	-0.0453496832	-0.0779291635	-0.009027804	-0.1080613346	0.0445593881	-0.0653648676	-0.0015850142	0.0512632804	-0.047824024	-0.1001728729	-0.0546226962	0.0443102836	0.0	-0.0126626499776847	-0.0019781866367907	3.9132223699773e-06	0.0001603427044573	-0.0782990179811946	-0.1727041264647936	0.0061307362168194	0.0298267152979674	0.0247825783045811	-0.003218139385055	0.0006141761874226	1.0356421101642174e-05	-0.0006660151970568	0.0001689904515621	4.435762427106081e-07	2.855777271916248e-08	-0.0002274548536416	4.1527172798700015e-05	5.173571044512167e-08	1.7245060806530903e-09	-0.0001355757311483	-9.24634628889556e-05	1.838077887639612e-08	8.549491969417267e-09	0.0	0.0	0.0	0.0	0.0	0.0	0.0	0.0	0.0
253.78182855420607	0.3372407082451616	0.1137312952976982	64405.21650431644	404.86846915430993	1.62460883158559	163918.47731535442	2.639353855665896	259.3720180448876	-0.6722905383306852	67273.8437446775	0.4519745679289625	277.9884698504817	257.78635140330124	1.053586	21.351545	0.2671995827921819	0.2145369077719377	-0.0483943312	-0.0386608501	0.0492560899	0.1373153511	-0.0016946049	0.043633811	-0.0250064275	0.0548666746	-0.1342448106	0.0143391894	0.06586056	-0.135480644	-0.0527998083	0.1352929675	0.0645538618	0.0711209703	-0.1437944203	0.002444724	0.1007762778	-0.0582160019	-0.0201395831	-0.0209657064	-0.0996183359	0.0906020078	0.0298296393	0.098980528	-0.0217353599	0.0059859557	0.066813082	-0.0979460957	0.1034397069	0.0386308528	-0.0304030993	-0.0001386044	-0.0061397431	-0.0469070354	0.0145853289	0.0772447055	0.0306594191	0.0010602731	-0.0818266092	-0.0012314408	0.187933601	-0.056965469	-0.0114646633	-0.0105283529	0.0003557104	0.0197434046	0.0486572747	-0.1373214549	-0.0785499853	-0.0063457439	0.0415087863	0.0047049909	0.1295154184	0.0673270073	0.0154463188	-0.0850582205	0.018263544	-0.0188251624	0.0173482118	0.0528052765	-0.1169917725	-0.0119236032	0.1565530914	0.0667887842	0.0365985235	-0.0554438109	-0.0526351247	0.0374913712	0.1517597966	0.0511754047	0.0450056445	-0.1797869442	0.0474032427	0.0219018911	0.0815834304	0.0191290846	-0.0402019279	-0.0570866034	0.0841216163	0.0746775206	0.0703136767	-0.0280543946	0.076981151	-0.1744745343	0.0436726806	-0.0292994651	0.0409448723	0.0141414659	0.0489002206	-0.0114437592	0.0007228504	0.0141987773	-0.0407709936	0.0696704407	0.0627191954	0.068781474	-0.0683849454	0.0147393647	-0.0043582547	0.0874884993	0.0805315017	0.0339849848	0.0095818024	-0.0161177209	-0.0830695385	-0.0097274118	0.0906539086	0.0059670976	-0.0409845079	0.1924880165	-0.0574560958	-0.0676470307	-0.0613316715	0.0527775978	0.0962093686	-0.0209188024	-0.1196985626	0.0179430451	-0.0800755779	-0.0258042586	0.0133281585	0.055063055	0.0402301369	0.059757417	-0.1071573072	0.0084889789	0.0369790486	0.0237183107	-0.0010822484	-0.0717062412	-0.0958162932	0.004229364	-0.0299998514	-0.1178209818	0.1059761456	-0.1725186989	0.0544722509	-0.0583057662	0.0321162417	0.0498968614	-0.0505816467	-0.1002478183	-0.0492089673	0.0512632804	0.0	-0.0113219074301582	0.0013407425475265	1.7975905787478503e-06	0.000128185587857	0.1380822389891278	0.2163812569703224	0.0190667047242506	0.0468208483680566	0.0429159120053128	0.0181333337007317	0.0018417755032477	0.000328817791102	-0.0010300068549915	-0.0003639916579347	1.0609141213294812e-06	1.3248992704605174e-07	-0.0003979774762994	-0.0001705226226577	1.583860716416395e-07	2.9077964838094446e-08	-4.3205020268774334e-05	9.237071087952568e-05	1.866673776425201e-09	8.532348228388921e-09	0.0	0.0	0.0	0.0	0.0	0.0	0.0	0.0	0.0
253.202427033357	-0.5794015208490748	0.3357061223622208	64111.46905558247	401.5835302071002	-3.2849389472097528	161269.33173359695	10.790823886895518	259.04926525781786	-0.3227527870697599	67106.52183061528	0.1041693615612978	277.4771137794935	258.44132416995006	1.142083	23.144991	0.1247460137079261	0.0763253328559073	-0.0166673814	0.0233899402	0.13774225	-0.0408236121	0.0315067694	0.1413804756	-0.0383945061	-0.0788423154	0.0027410257	-0.0069833874	-0.0095118821	-0.0517406092	-0.1124796137	0.0869279761	0.0352167048	-0.0021125592	0.067406432	-0.1136817966	0.1619938488	-0.0045501333	-0.0860242645	-0.0083806167	0.0802971056	0.1649195693	0.0009371789	0.0272004538	-0.0610100011	-0.0040256162	0.0354255121	-0.0239956237	-0.1412193786	0.142409768	0.120560808	0.0290727821	-0.0152688756	0.1201234535	-0.0552887064	0.0564197344	0.0508041834	-0.0385417752	0.0392561895	0.07281188	-0.0214621791	-0.108858861	0.0067009572	0.0237034131	-0.0661109246	-0.0152424213	-0.0721109712	0.0704345994	-0.0780714057	-0.0405797843	0.017909485	-0.0836162864	-0.0118655463	0.0020796975	-0.0959471114	0.031579903	0.0302344108	-0.0705012941	-0.1009974058	-0.0677188338	-0.0641945993	-0.0589014136	-0.032012824	0.0753946172	0.0242310639	-0.0512450293	-0.1201814059	0.020387569	-0.0432566692	0.1215511203	-0.0218948305	-0.0848988588	0.0313205131	0.057006713	-0.0288053933	0.0800787322	0.0718030447	-0.0593851751	-0.0324322164	-0.0308482125	0.0710548948	-0.052809111	-0.0296249723	-0.073333497	-0.0751384893	0.0832470748	-0.0746783998	0.007942717	-0.0690649133	-0.0165795491	0.0239691162	0.1482205196	-0.1260452564	0.0465243892	-0.1178088235	-0.0073775471	0.0035862662	-0.0221248991	0.0650366105	0.0643953903	-0.0373214541	0.0868620567	0.0811616259	0.1398023187	0.1248464844	0.110918424	0.013661566	-0.0595075148	-0.1292393741	-0.0733866707	-0.0163406608	-0.034731679	-0.0383991436	0.0021952095	0.0473513598	-0.1020693119	0.0497069187	0.0281911091	-0.0163948055	-0.0509385166	0.0538507291	-0.0125496956	0.1199818915	-0.0242023182	-0.0936275124	0.0084649839	-0.0578874132	-0.0572632555	0.0265771371	-0.0971220278	-0.0048283319	0.0865539084	-0.0213477211	-0.0735204071	0.1356810683	-0.0600880994	0.0013456748	0.0462569204	0.0818769464	0.0485180071	-0.0532888484	-0.1000979463	-0.043599077	0.0578970392	0.0	-0.011518850064391	-0.0001969426342328	3.878640117855455e-08	0.0001326839068059	0.2130513912603504	0.0749691522712225	0.0453908953179709	0.0056203737922657	0.0495477470606999	0.0066318350553871	0.002454979238791	4.398123620186122e-05	-0.0015129881431906	-0.000482981288199	2.28913312143534e-06	2.3327092475046205e-07	-0.000166076406685	0.0002319010696143	2.758137285740151e-08	5.3778106088302795e-08	0.0001008742968594	0.0001440793171281	1.0175623766878357e-08	2.0758849624121033e-08	0.0	0.0	0.0	0.0	0.0	0.0	0.0	0.0	0.0
253.69215198977312	0.4897249564161257	0.2398305329367762	64359.70798120215	405.23087083468647	3.647340627586289	164212.05867743836	13.30309365364154	259.3863502248255	0.3370849670076268	67281.27868295583	0.1136262749825328	278.1331990922424	261.05611172891486	0.909807	18.437771	0.1432272412993104	0.1070547657229346	0.0173766427	0.0586710093	0.0568317665	0.0046257707	0.0414361802	0.028823949	-0.0318935248	-0.0802515297	0.0128499892	0.0052681476	0.0571955404	-0.0993022498	-0.0344997962	0.0508737226	0.0482437396	0.1296302644	-0.083557329	-0.0213872289	0.1029296458	-0.0018785717	-0.0566011967	0.0294434936	-0.0855384088	-0.0005066922	-0.0021291052	0.0130324125	0.018239851	-0.0015756577	-0.129862834	-0.0347825275	-0.0324417375	-0.0761529962	-0.0354001381	7.36095e-05	-0.0044628203	-0.1077238783	-0.0905284042	-0.04915482	0.0786596755	-0.0058196608	0.0843008446	0.0507196921	-0.0030119514	-0.0132536101	0.106738509	-0.182418887	0.0477400918	-0.076620055	0.0504906581	-0.1004143336	0.0385784502	0.0022002714	-0.006920948	0.041697973	0.1500117606	0.0367698853	0.0286070855	-0.0121378707	0.0161103041	-0.0056579882	0.1020779698	-0.0317369958	-0.0525810794	-0.0712563406	-0.0247032647	-0.1416881078	0.0089298482	-0.0869035927	-0.0356134386	-0.0028994222	0.0169253416	0.0668902522	-0.0650094375	-0.0778893425	0.1209994873	-0.0241039139	0.0582724351	0.0119849921	0.0619190095	-0.0380018766	0.016378131	0.0020591057	0.0914979733	-0.0021810453	0.1016039466	0.0216432217	-0.0054037791	-0.022491189	0.0824260378	0.0047244656	0.0424564012	0.0175968085	0.0396234425	-0.0553897496	-0.0635435248	-0.0427561811	0.0718905113	-0.033798727	0.0393533421	0.0847896893	0.0737121736	0.1249005692	-0.1506667098	0.0971422908	-0.0239912215	-0.1207748863	0.0648217883	0.0011906041	-0.0090075579	-0.008756616	-0.0739180605	0.100692484	0.1258437419	-0.008159262	0.0201179103	-0.118904923	-0.0109613477	-0.0251419088	0.0148965648	0.0299637945	-0.1097736961	-0.053190877	0.0385976962	-0.0406253713	0.1232448193	-0.0740427878	-0.0184315852	-0.0335928907	-0.0106031947	-0.0424718898	0.0568431073	-0.0357788758	0.0727427558	0.0468098148	-0.0070165544	-0.0985837301	0.0919214865	0.0357030469	0.0915551886	0.0135000721	0.0862561743	0.0471270611	-0.0559429307	-0.099723593	-0.0378153881	0.064170249	0.0	-0.0099007753082531	0.0016180747561378	2.6181659164507225e-06	9.802535170451428e-05	0.1043961558340669	-0.1086552354262834	0.0108985573529307	0.011805960185541	0.058626538713284	0.0090787916525841	0.0034370710415001	8.242445787103074e-05	-0.0011619917643014	0.0003509963788892	1.3502248603042805e-06	1.231984579933309e-07	-0.000275048736976	-0.000108972330291	7.565180771209284e-08	1.1874968769050796e-08	8.33402167535024e-05	-1.7534080105897595e-05	6.9455917285207635e-09	3.0744396516003376e-10	0.0	0.0	0.0	0.0	0.0	0.0	0.0	0.0	0.0
253.99126127302128	0.299109283248157	0.0894663633252262	64511.56080306016	406.2723053926192	1.041434557932746	165057.18612903365	1.084585938456574	259.36453664771125	-0.0218135771142442	67269.96287048195	0.000475832146519	278.269599455047	263.4684360723952	0.908743	18.416227	0.128883560562269	0.0622905604787128	0.0596956537	0.1044281661	0.0163437926	-0.037843375	0.0110815457	-0.0148473817	-0.014520901	-0.1008450411	0.0283182223	0.0297159278	-0.080181833	-0.131399686	0.0144598287	0.0167612613	-0.0300320035	0.0432511681	0.0617820587	0.0962943494	0.1610112224	0.0021134897	0.0136531724	0.0070353577	0.0607706305	-0.0278036323	0.0309537613	0.0256874695	-0.1066246248	0.1804242247	-0.00513801	-0.0368750982	-0.0945700257	0.0086945958	-0.0764727686	-0.1478907592	0.0064755816	-0.0324269077	0.0105859814	0.0326179574	0.0442964157	0.2221089647	-0.0203862105	-0.0157096082	0.0007539702	0.0538978723	0.0698501914	0.1183704679	0.0159794237	-0.0522959473	-0.0225598082	-0.0110840452	-0.0127924448	-0.0138322403	-0.0109605279	0.0650625114	-0.0057358571	-0.0031200814	-0.0373909732	-0.0172301526	0.0045181148	0.0940199038	0.0440030025	-0.0372576442	-0.0139303238	0.0757819617	-0.020355899	-0.0299753818	-0.0073698503	-0.0832147653	0.016376762	0.0035459728	-0.0542303931	0.0774097849	-0.0798673137	0.0033001997	0.0515178963	0.0933867551	0.1159563285	-0.0823196432	0.0025050913	0.0046727477	0.0222512032	0.0182708154	0.0152470304	-0.0626758214	-0.0287885338	0.0798394678	-0.0045536832	-0.0541125848	-0.1079570872	-0.0857658598	0.0525820936	-0.129894595	-0.1748616361	0.1046484925	-0.00513351	-0.0452767783	0.0599559012	-0.1398972886	0.0082962769	0.0804846686	-0.0063402761	0.0194594489	-0.0289727877	0.0065581918	0.0386044609	-0.0507585628	-0.0650523086	-0.0499956612	0.0264189618	-0.0265259305	0.0568489992	0.0522209415	-0.0534814125	-0.0359510803	-0.0624192005	-0.0105674596	0.0641642949	0.0156105727	0.0485368845	-0.0037219801	0.0122446535	-0.0436440587	-0.0752020602	0.0398243136	0.1111076925	-0.0902931255	0.0338386235	-0.0176468054	-0.0719565927	0.0617957534	0.0685898338	-0.0365802858	0.0171476693	0.0100300696	-0.0077050938	-0.0331403462	0.0429934045	-0.0014304264	0.0066663335	-0.0454035994	-0.0414755694	0.0457243701	-0.0585412479	-0.099125598	-0.0318809559	0.0700438436	0.0	-0.0016754161648009	0.0082253591434522	6.765653303877273e-05	2.8070193252761565e-06	0.0627315718817556	-0.0416645839523113	0.0039352501107558	0.0017359375559191	0.0238037375235364	-0.0348228011897476	0.0005666179200894	0.0012126274827006	-0.0006310110331344	0.000530980731167	3.981749239373428e-07	2.819405368706419e-07	-0.000500986074253	-0.000225937337277	2.509870465954325e-07	5.104768037582088e-08	-4.315804033765667e-05	-0.0001264982570911	1.8626164457868002e-09	1.6001809047100983e-08	0.0	0.0	0.0	0.0	0.0	0.0	0.0	0.0	0.0
254.45080359747595	0.4595423244546737	0.2111791479652046	64745.21145140128	409.635420721282	3.3631153286627864	167801.1779095017	11.310544713886602	259.7657503709456	0.4012137232343775	67478.24506578044	0.1609724517115917	278.7505284620028	263.06842914056017	1.073959	21.76441	0.1301195619789213	0.0728999052003638	0.0403137014	-0.0413580331	-0.1095266474	-0.0022216693	0.0131218112	-0.143664968	-0.0460662333	0.0200198096	0.0305702726	-0.0302774102	-0.0053521663	-0.1146860372	0.0450187803	-0.0423074513	0.0079339993	0.1725943869	-0.0344563909	-0.0457771899	-0.0410476018	0.089130239	-0.00894413	0.0754071762	-0.0116831837	0.0865288875	0.0751211298	-0.0785414183	0.0056208617	0.0213958897	-0.0149019742	0.112878475	0.0277658951	0.028542184	0.0033255919	0.1011667771	-0.0232834734	0.0812048293	-0.0591632383	0.0700523258	-0.0584021239	0.0535665601	0.0114219268	-0.0135975647	-0.0035045312	0.0875145424	0.1069453077	0.0034363437	-0.1411574447	-0.1269627994	-0.0180785988	0.0322517408	0.1081750446	-0.0122106203	-0.0715418677	0.1478546773	-0.0270387492	0.0979896547	-0.0439489488	0.1343891021	0.0798086695	0.0084066614	0.0239230685	0.018625788	0.0459113231	-0.0706836902	0.0310309266	-0.0636330341	-0.1454561748	-0.1470095089	0.0586540769	-0.0498450955	0.0134197782	-0.1012819938	-0.0634141369	-0.0358315279	0.1502157899	0.0265793399	0.1409244559	0.0604836642	0.1075147581	0.0102547104	-0.006073696	-0.0404044475	-0.0284872205	-0.0675564005	0.0151620148	0.043612622	-0.0525565185	0.0468202624	-0.0833280183	0.0264966745	0.062036978	0.0925059419	-0.0269392822	-0.0466214513	0.0547876339	-0.0105413863	-0.0276022649	-0.011101049	0.017827229	-0.065575066	-0.0279687334	-0.0029743305	-0.1354402765	-0.0246872075	-0.0599476086	0.0254959733	0.0911428629	-0.0128081458	-0.011525193	-0.0885408455	0.1580770804	0.0184040901	-0.0321229838	0.073916454	0.0174656058	-0.0678305541	0.0180528209	0.0540570527	-0.0315323763	-0.0172404697	-0.0645586993	-0.1267774095	0.0270568945	0.0133980013	0.1410003491	0.0668875531	0.1097150545	-0.0388084465	0.0133022449	0.0060379071	0.1063733957	-0.081529839	-0.039212396	-0.0297572267	0.0535372457	-0.0577565055	0.034591065	0.0804777589	-0.0492196304	0.0105082122	0.0150028999	0.0443102836	-0.0610812099	-0.0983053023	-0.0258194369	0.075481246	0.0	-0.0190810240890328	-0.0174056079242319	0.000302955187212	0.0003640854802862	0.0179677400319917	-0.0447638318497639	0.0003228396818572	0.0020038006418739	0.056398711032827	0.0325949735092906	0.0031808146061643	0.0010624322980713	-0.0012410085837549	-0.0006099975506205	1.5401023049533423e-06	3.720970117630094e-07	-0.0004039732982521	9.701277600090004e-05	1.6319442570068016e-07	9.411478707400806e-09	-4.325068762895453e-05	-9.264729129785777e-08	1.8706219803774004e-09	8.583520584830109e-15	0.0	0.0	0.0	0.0	0.0	0.0	0.0	0.0	0.0
254.50830169710736	0.0574980996314025	0.0033060314612226	64774.475632745816	406.0829489665961	-3.5524717546858824	164903.36144140712	12.620055567840993	260.0439559579903	0.2782055870446811	67622.85903028121	0.0773983486628756	278.8084907803634	262.0320555705368	1.050467	21.288343	0.1445818267263005	0.0847801393437974	0.0473536551	-0.1285571948	0.0247661167	0.0193029556	0.0025488599	-0.0206717857	-0.1280279866	0.0743774635	-0.0623669294	0.0074933052	-0.1367962663	-0.089715254	0.0302987622	-0.0878185154	0.03404081	0.0677937286	-0.0436061763	0.0197438663	-0.0032641717	0.0227537189	0.1181404263	0.0444738244	-0.0524024794	0.0295449086	0.0442381697	-0.0560663347	-0.0275250535	0.0606300325	-0.0100402562	-0.049994686	-0.0425078176	0.0212410932	0.0059775168	0.0411690174	-0.0021365651	0.0256706875	-0.0044442883	-0.013226577	0.0670986672	-0.1092403837	0.0039815247	-0.0899405704	-0.0933286126	-0.0116769783	0.0859519665	0.0119822241	0.0238743504	0.0113964326	-0.0076212124	-0.0566133565	-0.0862945719	-0.0644284205	-0.0186329835	0.1710242032	-0.0057752713	-0.031431863	-0.0309579211	0.0567998342	0.0964642254	-0.1765812241	0.0120331955	-0.050884707	0.0324384619	0.0064595884	-0.0936356141	0.1334096547	-0.010946169	0.0309269874	0.039080061	-0.0899460887	-0.0266127546	-0.0285032281	0.0821531636	-0.097200791	0.0545413706	0.0067205256	0.1115391544	0.0277017234	-0.0549080043	0.0759630107	0.0435428536	-0.0477698236	-0.0365845457	-0.160687049	-0.015292876	0.0773758223	0.0073715703	0.0179536094	-0.0266228832	0.0383744759	0.0086779732	0.0371266571	0.0515433619	0.0301327045	0.0423505186	0.0200421022	-0.0632779919	-0.1371315608	-0.0091211019	0.0039478453	0.0518611902	0.0773739855	0.0492602079	0.0477064987	-0.0518153709	0.0107206986	-0.0147633003	-0.0002391747	0.1292326161	0.0212254718	0.0594273632	-0.1008073873	0.0851595889	0.0256804887	0.0850919316	0.1437417502	0.0742063318	0.0242465649	0.0174381736	-0.0898133902	-0.070826669	-0.002945669	-0.0424142347	0.0389311566	0.0591068263	0.1237517077	-0.0648616572	-0.0705463739	0.0405340535	0.0568411894	0.1066105016	-0.0846016391	-0.0155724476	-0.0630788757	0.1142268026	0.0206759806	0.0235723622	0.1207969561	-0.0364537696	0.0573443987	-0.0868107597	0.042885154	-0.0635602848	-0.0972645456	-0.019654994	0.0804485949	0.0	-0.0176978294268508	0.001383194662182	1.91322747348878e-06	0.0003132131664219	0.0823505892513338	0.0643828492193421	0.0067816195500418	0.0041451512736005	0.0225883746491533	-0.0338103363836737	0.0005102346692905	0.0011431388463771	-0.0006849784084543	0.0005560301753005	4.691954200485859e-07	3.091695558448158e-07	-0.0002640548562031	0.000139918442049	6.972496708443982e-08	1.957717042541937e-08	0.0001609096242435	0.0002041603118724	2.5891907174184363e-08	4.16814329438579e-08	0.0	0.0	0.0	0.0	0.0	0.0	0.0	0.0	0.0
255.1756607303706	0.6673590332632386	0.4453680792780444	65114.6178291812	405.22605297400514	-0.856895992590978	164208.15400889123	0.7342707421184775	260.27376738879764	0.2298114308073309	67742.43399075794	0.0528132937297126	279.173385187803	264.9471580138435	1.023562	20.743086	0.0489657301296929	0.0247115097059699	0.1206586638	-0.0197983767	0.1049606145	0.0404159503	-0.0186773291	0.055872201	-0.155762736	-0.1043620068	-0.0754770941	-0.0040764682	-0.0038878359	-0.1011421968	0.0403879948	-0.0423845487	0.0879051305	-0.0521914891	-0.0128179772	0.0457934687	0.0605901605	0.0486126167	-0.0429827806	-0.1042586138	-0.0306987375	-0.0432169267	0.0415928538	0.0445501736	0.0229092495	0.1407891223	0.004994486	-0.1046862474	0.0673844294	-0.1350910512	-0.0898699711	0.0105051677	-0.0378650345	-0.1218688729	0.0891816027	0.0728725961	-0.0104836336	-0.0731497034	-0.0123571868	0.0338450418	-0.051127574	0.0227708888	-0.030497614	-0.0065231051	-0.0747938288	0.0862916231	0.0214568478	0.0605178562	0.1232017207	0.0046464796	0.0437091128	-0.0935217561	0.0449010508	0.0698256864	-0.1162780242	0.0916367452	0.0024121235	0.0475372699	0.0517646117	-0.0351824773	0.0959879211	-0.1053532122	-0.1139452192	0.0905624596	-0.086527959	-0.023975942	0.0462527825	-0.0964818096	-0.024917577	0.142381766	0.0174478498	-0.0990511778	-0.0659885935	0.0272437791	0.0321059054	-0.0398524875	0.0402220619	0.0108740752	-0.0144327017	0.0627766102	-0.0235760228	-0.0407675106	0.0031810933	0.0149244233	0.0075232614	0.0737348847	0.1585720412	-0.1307616527	0.1504650305	-0.029668381	-0.0205528942	-0.0753496981	0.0411748384	0.0678520529	0.0316142478	0.0277911398	-0.1417218521	0.1054985779	-0.0665982217	0.0393028646	0.0117258586	-0.0528924558	-0.0420543091	-0.0126026707	-0.0138762288	-0.0836458103	-0.0790460783	0.0086842377	-0.0128409514	-0.0151951672	-0.0581131358	0.0272578851	-0.0037026289	-0.0059094051	-0.0482578115	0.018150464	-0.0080562274	-0.0995217555	0.0264646506	-0.0191618908	-0.0463238924	-0.0312693049	0.0709931735	-0.020685491	-0.1135816029	-0.0815155734	-0.0539891316	0.0223121338	0.1092972147	0.0148473787	-0.0019685666	-0.0175749057	0.1336806871	-0.0662587391	0.1387514138	0.0221919297	0.0119858951	0.093220901	-0.0329177808	0.0414493366	-0.0659760014	-0.0960056619	-0.0134122005	0.0849149568	0.0	-0.0115770359444837	0.006120793482367	3.746411285378755e-05	0.0001340277612598	0.1008106243806281	0.0184600351292942	0.010162781988012	0.0003407728969747	0.0150774487749174	-0.0075109258742358	0.0002273294615602	5.64140074882663e-05	-0.0005849883336585	9.999007479580008e-05	3.422113505165485e-07	9.998015057669697e-09	-0.0004000176769842	-0.000135962820781	1.6001414189983576e-07	1.8485888634753512e-08	5.938300694448647e-05	-0.000101526617299	3.526341513768929e-09	1.0307654020180354e-08	0.0	0.0	0.0	0.0	0.0	0.0	0.0	0.0	0.0
255.56334118581137	0.3876804554407727	0.1502961355307649	65312.62135805543	410.39393900025567	5.167886026250528	168423.18516814557	26.707045980315478	260.8332164542465	0.5594490654488595	68033.9668058678	0.3129832568316023	280.0762648742197	270.06317588003816	1.048005	21.238455	0.0320445055645719	0.0189344169000721	0.1709926178	0.0070266655	0.0022142038	-0.077464914	-0.1042878434	-0.0995160657	-0.1307986058	-0.1075315772	0.0497927561	0.0107624493	0.0491377347	0.0483234208	0.0730729765	-0.1347965625	0.1757502474	-0.1073114277	0.0534730289	-0.0023747474	0.0424942595	0.0620986175	-0.0164213969	-0.0758171461	0.0423251198	-0.0429386797	0.0592185433	-0.0777860535	0.0049758468	-0.0126186702	0.0014965876	0.0368128926	-0.0285650926	0.0228655264	-0.1100794009	0.0136095437	0.0695788739	-0.0907693625	-0.1099602593	0.1188732421	-0.0720002975	-0.1361191036	0.0330159102	-0.0958908083	0.0045737649	-0.0079865794	-0.0006051461	0.0826619839	0.14863241	-0.089880581	0.0217888101	0.1298584177	0.0460035248	-0.103771293	-0.0407886368	-0.0182686749	-0.0281867004	-0.0063585089	0.0664760391	-0.0123824481	0.0156351323	-0.0220620732	0.0485462356	0.1157639735	-0.0670837672	-0.0557868675	-0.1151289055	-0.0395666405	-0.0561435708	-0.0018700559	0.0939087763	-0.1344320779	-0.0715669014	0.0437780155	-0.1281706888	-0.0427121105	-0.0883537625	-0.0598709473	-0.0210080781	0.0249689704	-0.0175581948	0.0730043442	-0.0697538781	0.0078844037	-0.0285639418	-0.0230335878	-0.0879028249	0.0224087118	-0.0189401668	0.0388249802	0.0407897733	-0.0170853633	0.0015952258	0.0071786821	0.1049047793	-0.0490031754	-0.0005635275	0.0202719334	0.1028940825	0.0365730215	-0.0391935353	0.0435120355	0.0435564699	0.0547188063	-0.0945461639	-0.0096353218	-0.0911624039	0.1114742207	-0.1332102914	0.0591081751	0.1480956167	-0.1645838583	0.1523292068	-0.0495917779	-0.0374970587	-0.0593353653	0.0929876619	0.0742283379	0.0146821925	0.020365825	0.0396045325	-0.143430734	0.0030934335	-0.0498212383	-0.0204314245	-0.0184981807	0.1259745399	-0.0727442036	0.0457344913	-0.1695276172	0.0532160144	0.0655876599	0.016962835	0.0190209521	-0.0045212144	-0.0680872116	0.0408215571	0.0848735893	0.0719028409	-0.000887965	0.0094627613	0.107106948	-0.0451667598	0.0400031891	-0.0683259517	-0.0945314743	-0.0071159421	0.0888525176	0.0	-0.0102326307975886	0.0013444051468951	1.807425198998036e-06	0.0001047067330397	0.105011501068617	0.0042008766879888	0.0110274153566841	1.764736494768854e-05	0.0171998591265563	0.0021224103516389	0.0002958351539733	4.504625700743967e-06	-0.0009090197772665	-0.000324031443608	8.263169554616373e-07	1.0499637644668453e-07	-0.0004059550251125	-5.937348128300026e-06	1.6479948241409053e-07	3.525210279662782e-11	-9.8184468880195e-05	-0.0001575674758246	9.64018992928598e-09	2.482750943776158e-08	0.0	0.0	0.0	0.0	0.0	0.0	0.0	0.0	0.0
254.89883186231145	-0.6645093234999138	0.441572641018313	64973.414484770925	410.78022426029423	0.3862852600385622	168740.39264333763	0.1492163021230596	260.2919995702955	-0.5412168839509945	67751.92504030271	0.2929157154736242	279.3262296419694	267.28979552723	1.086224	22.012972	0.1146281136674215	0.0986346186107198	0.11567803	0.0244233898	-0.1240690315	-0.03195582	-0.0608439228	-0.1222540736	-0.0154552829	-0.035265727	0.0186084298	0.0887289737	0.102751825	0.1251363507	0.0967423995	-0.0359964417	0.0708721951	-0.0425907558	0.0470170035	0.0335679485	-0.0395835431	-0.0433383548	-0.0390147356	0.0770612201	-0.0055877796	-0.0799941168	-0.0051434657	-0.0909939089	0.008752467	-0.0511526175	-0.1240169098	0.0656468213	0.0588133814	-0.0217133862	0.0547297896	-0.0288846366	0.0432645778	0.0300739008	0.0001843227	0.0327036757	-0.0213771855	0.1426842957	0.1060313442	-0.0105000368	0.1775522595	-0.0322689245	0.0733912003	0.0298892046	0.1028223624	0.0600128565	-0.0102043567	0.0858347923	-0.0583872481	-0.0823235374	-0.0435880814	-0.0212808914	0.0769931894	-0.0393217704	-0.0056879261	-0.0506282699	-0.0497462562	0.0034701173	0.0015341213	0.0410519661	-0.0325726685	0.0341173031	0.0835193372	-0.0340676569	0.0165962385	-0.0103467782	0.1101248276	-0.0263728055	-0.0198194589	-0.0679736325	-0.0846566437	0.0046459291	-0.0959102669	-0.0243687222	-0.057676987	-0.0750676268	-0.0975074768	-0.1021189502	-0.0206656862	-0.0586096213	-0.0746481617	0.0181078047	0.058113188	-0.0645884756	0.1557985031	-0.1053007433	-0.0678533867	-0.0154813707	0.0015350565	0.1136642589	-0.0338110904	-0.0296938099	0.0082460561	-0.0243524573	-0.0587359523	-0.0966140694	-0.0366529418	0.0199182547	0.0845347023	0.0301127209	-0.0737770342	0.0124477664	-0.0810225675	-0.0548665219	-0.0996891122	0.0161830147	0.0618329903	-0.0747520395	-0.0764169355	-0.0269646485	-0.0388336848	-0.1151402775	0.0050625065	-0.0360299745	0.024583017	0.0810856857	0.020898201	-0.1042613414	-0.033933616	0.0091093378	-0.005169406	0.1091060792	0.0503420563	-0.0071770008	0.0731836944	-0.0539304048	-0.0215419215	-0.0223544723	-0.0804809617	0.0170937903	0.0845005252	-0.067637308	-0.007163118	0.0907985641	0.1720366533	-0.0754422995	-0.0544941012	-0.0273366677	0.0544702544	0.0385470719	-0.0706077933	-0.092845289	-0.0007913175	0.0922367566	0.0	-0.0068035555375587	0.0034290752600299	1.175855713894913e-05	4.628836795264565e-05	0.0068890682930771	-0.0981224327755398	4.745926194668023e-05	0.0096280118137903	0.0186731164202456	0.0014732572936892	0.000348685276844	2.170487053408712e-06	-0.0009010050517606	8.014725505900021e-06	8.118101032981215e-07	6.423582493492435e-11	-0.0002369804701563	0.0001689745549562	5.6159743235501e-08	2.8552400222645858e-08	-4.310678257904606e-05	5.507768630114894e-05	1.8581947043171487e-09	3.0335515282877693e-09	0.0	0.0	0.0	0.0	0.0	0.0	0.0	0.0	0.0
253.86380474187817	-1.0350271204332842	1.071281140032416	64446.83135802244	410.0000842532272	-0.7801400070670184	168100.06908765342	0.6086184306265274	260.22260364473664	-0.0693959255588652	67715.8034476457	0.0048157944841715	279.44757403905953	261.85359199021065	1.149527	23.295839	0.1382999381458604	0.1083165497353685	0.0008797042	-0.0904076448	-0.1325425909	0.0375229482	0.0027435413	-0.1029335089	0.0366289346	0.0881537596	0.0267846859	0.0954960353	0.1220015837	0.1157156715	0.0200428764	-0.0501485572	0.0874038815	-0.0036866144	-0.0513482863	0.0768834296	-0.1474669995	0.0280953681	-0.0108491412	0.0210480583	-0.0394439733	-0.056731144	-0.0188376632	-0.0830222096	0.0681227976	-0.0121375387	0.0047371513	0.1276936086	-0.0800473684	-0.0115101604	0.0730819468	0.0648051825	0.04315801	0.0087797466	-0.0194541358	-0.0046508396	0.0165596585	0.0744322068	-0.0275535873	0.1246128767	-0.0359020098	-0.0958619228	-0.1039384047	0.0726321407	-0.0018170374	-0.0693279904	0.0327679513	0.1086263799	0.0399691046	0.0494410181	-0.0273722619	0.0489396693	-0.0018132392	-2.21506e-05	0.0289670524	0.0831744821	-0.0475276079	-0.0501679545	-0.1469043744	0.0916706867	0.0401827464	-0.0426721423	0.0684662396	-0.136405502	0.1015779236	-0.0037154592	0.035485183	-0.0310820715	0.0625733126	-0.1274047752	-0.0208900167	0.0129865208	-0.1153843187	-0.0931445465	0.0259227822	-0.032771487	-0.0231214661	-0.0784739692	-0.1529256756	-0.1619764963	-0.010124532	-0.0223810982	0.0111903424	0.075349999	-0.0707972889	-0.0092521131	-0.0538502651	0.0402270563	0.0216173844	0.1556838589	-0.0338774849	-0.0563636441	-0.0369357825	-0.0433901831	0.0226141414	0.123249901	0.0345847827	-0.0208997943	0.1001403462	-0.0499519872	-0.0156657846	-0.0477755218	0.1670173779	0.0652774751	0.0209570506	-0.03134338	0.000744985	0.0073946819	0.0126689609	-0.065460446	-0.0634198293	-0.049569092	0.0791280479	0.0204334275	0.166178538	0.0210575986	-0.0802538576	-0.0519728774	0.0361300904	-0.0598656985	-0.0229936127	0.0369163078	0.0404862645	0.0776824209	0.0474422309	0.005084423	0.0802752928	-0.0285041203	-0.0861458835	-0.0636172419	0.0586747608	-0.050284151	-0.0387997408	0.0924136117	-0.0294462148	0.0047913441	0.1396210811	0.0871130452	0.084406771	0.0370813481	-0.0728192514	-0.0909508872	0.0055364616	0.0950465986	0.0	-0.0060260668291789	0.0007774887083797	6.044886916580896e-07	3.6313481429730245e-05	0.1109647735653425	0.1040757052722654	0.0123131809724077	0.0108317524279194	0.0150984915483931	-0.0035746248718524	0.0002279644470368	1.2777942974466493e-05	-0.0006850492367453	0.0002159558150153	4.692924567653181e-07	4.663691403892248e-08	-0.0004379235057487	-0.0002009430355923	1.917769968872317e-07	4.037810355308852e-08	-0.0002236503178386	-0.0001805435352595	5.00194646693068e-08	3.259596812401779e-08	0.0	0.0	0.0	0.0	0.0	0.0	0.0	0.0	0.0
252.8681572773773	-0.9956474645008768	0.9913138735670248	63942.30496485642	404.4058981301649	-5.594186123062286	163544.13044246534	31.29491837946265	259.0096920777885	-1.2129115669481507	67086.02059023081	1.4711544692366183	277.3744342094307	256.88275455087296	1.15723	23.451952	0.2306171304120976	0.1846181438049609	-0.0509378962	-0.082110749	0.0476160121	-0.0285328371	0.0114671038	0.0376141245	-0.0008006888	0.1410969774	-0.0144727395	0.0195740294	0.117615995	0.0624285456	-0.1082086972	-0.0370650922	-0.0753653907	-0.0281347404	0.0145784885	-0.1187282705	-0.0679182313	-0.0325721416	-0.0961969823	-0.026777568	-0.1954013674	0.0007664029	0.0836848157	-0.041851256	0.0178512315	-0.0201450574	0.130905975	0.0192575044	0.0640992839	0.0754629796	0.1217544573	0.0740415864	0.1040088336	-0.0569916901	0.0589848885	0.0128503985	-0.054174263	-0.0096521873	-0.034001835	0.07201422	-0.0744648295	0.0010586274	-0.0435778982	-0.0204211304	-0.0585848427	0.0627305262	0.0525889843	0.0034343968	0.1111290675	0.0686554969	0.0318144377	-0.0352222877	-0.0684299654	0.0151703217	-0.0772840303	-0.0382938148	0.0981922884	0.1130643686	0.0417641492	0.0442585657	0.0484506728	-0.057043223	0.0319848851	0.1155791672	0.0254065906	0.0511805962	-0.1080130621	-0.0276214292	0.0165413375	-0.0846384192	0.0646567801	0.016763875	-0.0004123967	-0.014259142	-0.0490870149	0.1247171405	-0.1507921173	-0.2035304587	0.0058175488	0.0880789684	-0.0832428057	-0.0053067743	0.0777673761	-0.0115275474	-0.0184622879	0.0553175203	0.0170778364	-0.0328571425	-0.0041608859	0.0148127837	-0.011982873	0.0220895346	0.1476340616	0.0280881908	0.0737219917	0.2043910288	0.0491172748	-0.0418570878	-0.0053260969	-0.0474000091	-0.0618137801	-0.0886066446	0.0780053831	0.1246416825	-0.0209148897	-0.0837083738	-0.0787153372	0.0771112472	0.0360226317	-0.0374758508	-0.007431108	-0.0535852005	-0.0317222803	0.0856701582	0.0768691842	-0.1077556167	-0.0054956021	-0.0181938053	-0.0392700399	0.1082052743	0.0755753632	0.0485395126	0.0122479274	0.0981589912	-0.02096571	-0.0106622728	0.0780299534	-0.029770273	-0.1036626821	-0.0401280771	-0.0291305638	-0.0287777719	0.0333571993	0.0260889346	0.0793419527	-0.0776821269	-0.0662269328	-0.0320915249	-0.0928080114	0.0356063828	-0.0749581217	-0.0888525176	0.0118421707	0.0972645456	0.0	0.0008116884329893	0.0068377552621682	4.675489702530892e-05	6.588381122486254e-07	0.2967456502853309	0.1857808767199883	0.0880579809632639	0.0345145341548475	0.0300747477351066	0.0149762561867134	0.0009044904513302	0.00022428824937	-0.0009090110920857	-0.0002239618553404	8.26301165534837e-07	5.0158912647514275e-08	-0.0004939806539032	-5.605714815450004e-05	2.440168864306331e-07	3.1424038592155677e-09	-4.322447646894938e-05	0.0001804258413696	1.868355366014759e-09	3.2553484233946334e-08	0.0	0.0	0.0	0.0	0.0	0.0	0.0	0.0	0.0
252.92693397215288	0.0587766947755881	0.0034546998487426	63972.033928553785	403.6130679688364	-0.7928301613285385	162903.50863521654	0.6285796647122364	259.3380331895886	0.328341111800114	67256.21545864416	0.107807885698135	277.9923663448625	257.09024445696303	1.047921	21.236738	0.222727141454216	0.1605549769579441	-0.0388169013	-0.002247212	0.0856496302	-0.0308152466	-0.0200804257	0.1000408274	0.0177736984	-0.0023977524	-0.0279893865	0.0343062493	-0.0302745117	0.1527269992	-0.0125453921	-0.0397975319	-0.1237803777	0.017896013	0.0484659339	0.0364068405	-0.0307608083	0.0854255126	0.1648872831	-0.0437053444	0.023488774	0.0279695191	0.0467502169	-0.0557105868	0.1861894438	0.0016991392	-0.0316327752	-0.0113320776	-0.0293982561	-0.1314824867	0.035368374	-0.0040763139	0.0280428774	-0.061427155	0.1230607227	-0.0748228067	-0.0421114419	-0.0272093667	-0.0338763771	0.1820107879	-0.0865878419	-0.0181416985	0.001007141	-0.0392578621	-0.0927804001	-0.1108518318	-0.0700805993	-0.0856788586	-0.0336911854	0.086570415	-0.0497231512	-0.066721608	-0.0062504204	-0.095762531	0.0275138249	0.1217244482	0.0379095426	-0.0419454951	-0.0013840223	-0.0162075499	0.1084191892	0.0827898551	0.0603005554	-0.0368653287	-0.0740568296	0.1101354586	-0.0171505475	0.0134924012	-0.0742490214	0.0640299904	0.0982180948	0.1447967214	-0.0430427764	-0.0389975012	0.0291431402	0.0062415265	-0.0254818315	-0.0474294685	-0.0103938217	-0.155769862	-0.1264937552	-0.0293497761	-0.0344102541	0.0543956684	-0.1040546336	-0.1066846235	0.0452662297	-0.0403450972	0.0728131097	0.0496796408	0.0216333443	-0.0872392326	0.0366122485	-0.0340369474	-0.0439015949	0.1651673377	-0.0066111699	-0.0018745811	-0.0763153553	0.0019234807	0.0212413502	0.1778422927	0.0086636744	-0.0045166116	0.1238083496	-0.0647990406	-0.0303790278	0.0655013412	-0.0697171612	-0.1015185182	0.0234299321	0.104419846	-0.1051971057	-0.0583943641	0.1183181208	-0.0083466071	0.0587768706	0.015621731	0.1117067244	0.0028599213	-0.0181487312	-0.0189188435	0.0159098093	-0.021732424	-0.1316108668	-0.037482859	0.1155796256	0.0699746926	-0.0243607996	-0.0715675215	0.115420947	0.0324593489	-0.0734357928	0.0697018364	0.046748511	0.0625722183	-0.0097352662	0.0637931299	0.0391851594	0.0341225436	-0.0770222721	-0.0865548859	0.0181006735	0.0988767856	0.0	-0.0059688910856436	-0.0067805795186329	4.597625860850398e-05	3.562766079227564e-05	0.1357107752595538	-0.1610348750257771	0.0184174145215491	0.0259322309745676	0.0112710927687089	-0.0188036549663977	0.0001270375322008	0.0003535774400953	-0.0002200097888104	0.0006890013032753	4.84043071723968e-08	4.7472279591506206e-07	-0.0004609950647211	3.29855891821e-05	2.125164496972112e-07	1.0880490936902724e-09	-4.305073005818321e-05	1.7374641076617535e-07	1.853365358542559e-09	3.018781525412852e-14	0.0	0.0	0.0	0.0	0.0	0.0	0.0	0.0	0.0
253.30974995680745	0.3828159846545702	0.1465480781070481	64165.82942318032	404.8798788778437	1.2668109090072903	163927.71632013738	1.6048098791798773	259.5063839935652	0.1683508039765797	67343.5633334157	0.0283419931995607	278.2103882733193	258.154403554002	0.988327	20.029041	0.1284382657849604	0.0736979850279633	-0.0170236016	0.0804314841	0.0180331519	-0.018620135	-0.0674234142	0.000272546	0.0580157719	-0.0342899273	-0.0151290228	0.0042153629	0.0459880893	0.0877737648	0.0192703371	-0.0685593255	-0.0442649779	0.1111239177	-0.0055201748	-0.0813156806	-0.0667568348	0.0941959368	-0.024950551	-0.0931747768	0.1219946098	-0.0844616626	-0.0280540266	-0.0196584441	0.031709715	-0.0525202792	-0.0482578655	-0.0958113182	0.0161574887	0.015053495	-0.0413048585	0.0134443691	0.0478848728	0.0430694363	0.0012916049	-0.0016140222	-0.019727913	0.088769425	0.0196558965	0.0747646212	-0.0454192285	0.0282910432	-0.0831158116	0.0593254447	-0.0766259632	0.0184068586	-0.0613542692	0.0161855643	0.0354551659	-0.1311596248	-0.0180562946	-0.0582637097	0.0649508154	-0.0337718888	0.0644728122	-0.07088841	0.188759887	-0.0290338859	-0.0269843726	0.0177712405	-0.077359342	0.0349498427	-0.0354394493	-0.0022511036	0.162730822	0.1160045914	0.0184864248	-0.0216251058	0.0011588513	-0.0160515029	-0.005312761	0.1207341379	0.0691475832	-0.0910371834	0.0282839292	0.0249797864	0.0834918957	-0.0861714018	-0.0430582764	0.0517536034	-0.1939023451	0.0884240709	-0.0903390891	1.3612e-05	0.0286151171	-0.0408741446	-0.0158723824	-0.0664884519	0.0193816107	-0.0093752566	-0.031960532	-0.084369838	0.0136613467	0.0420549652	0.0235898185	0.0098089236	-0.0127984534	0.0286934515	0.0389089372	-0.1267809641	-0.0211559089	0.0711766095	0.0860567226	0.0270206324	0.0763452838	-0.0289826726	0.121411978	-0.0662767115	-0.0495200602	-0.1184295131	-0.025832456	0.0184741967	0.0089137329	0.0902744812	0.0570585618	0.0177362753	-0.0089372532	0.0299489641	-0.0391035362	0.0052991065	-0.0450497901	-0.0870357964	-0.005609599	-0.0463339349	0.0569654092	-0.040669627	0.0749091798	0.0949615874	-0.0618809584	-0.0647991576	-0.0224501722	-0.049924793	0.0155807747	0.0940737649	0.1306534617	-0.0403329032	-0.1448944452	0.0318546648	-0.0892142639	0.0326302004	-0.0790096451	-0.0840631448	0.0242870216	0.0998732783	0.0	-0.0058165810295776	0.000152310056066	2.319835317882808e-08	3.3832614873642017e-05	0.0986555771404198	-0.037055198119134	0.0097329229009093	0.0013730877076482	0.0393023046726952	0.0280312119039863	0.0015446711525853	0.0007857488408061	-0.0009873990579621	-0.0007673892691517	9.749568996644427e-07	5.888862904091805e-07	-0.0004542202644033	6.774800317800014e-06	2.0631604859460378e-07	4.5897919346063176e-11	0.0004467761145878	0.0004898268446459	1.9960889656617097e-07	2.399303377358402e-07	0.0	0.0	0.0	0.0	0.0	0.0	0.0	0.0	0.0
253.53025197880064	0.2205020219931839	0.0486211417030825	64277.58866843415	406.5144755705348	1.6345966926911046	165254.0188483869	2.6719063477566976	259.5767355927895	0.0703515992242955	67380.08166100894	0.0049493475134159	278.30745151326727	258.6382590004819	0.95493	19.352221	0.0906157570453597	0.0496167875674532	-0.0211092777	0.0348088142	-0.1160881496	-0.0393229801	-0.0786317254	-0.0839611835	0.0619448464	-0.0043975739	0.0330099808	-0.0443037353	0.0103221774	0.0580922972	0.0219735761	-0.0640039633	-0.0562743313	-0.0232943832	0.0368319314	0.0647808848	-0.0753078985	0.0916181329	-0.0065067637	0.0086941172	0.0873416712	-0.059481337	-0.019821927	0.045132491	-0.0545440165	-0.0844928796	0.1310722157	0.1337199103	0.041690617	-0.0850013443	-0.0105866875	-0.035376338	-0.0804379748	0.0764648842	-0.001829409	-0.0395122982	-0.0690412552	0.0473155093	0.1253697007	-0.0716847048	0.0389729285	0.0694415711	0.0766781544	0.0450089459	-0.1199137951	0.1365391908	-0.0270961198	-0.0854226319	0.0270056902	0.0921347533	-0.0522450265	0.0392552692	-0.0383626871	-0.0975586033	-0.0111711121	-0.0109058414	0.0700105394	0.0736051092	0.1037315315	-0.0319237924	0.0289396935	0.0414138056	-0.0763121662	0.0098744122	-0.0161307488	0.0147364313	0.0326619351	-0.0123007087	-0.0188309923	-0.0889042577	-0.03517523	0.1401745812	-0.0286326981	0.0356077422	0.0457866174	-0.0576595951	-0.0262383313	0.0544055544	-0.058135453	-0.0094965099	-0.1269677218	-0.0033256011	-0.0140285922	-0.0831139032	0.0088286074	0.0061692886	-0.0289385151	-0.0936228995	0.0141923567	0.0202687534	0.1018055418	0.054406011	0.0629252878	0.0263449442	-0.0746124929	-0.1683489309	0.0178756551	-0.0762884228	0.0520354758	-0.0213985705	0.0166498237	-0.0647776032	-0.1415276618	-0.0132973723	-0.0440292865	-0.0858097478	-0.0590917627	0.0380245045	0.0176072812	-0.008576544	-0.0789156376	0.0593472966	-0.2082171304	-0.0395717709	-0.0404261336	0.0349932095	-7.58358e-05	-0.0003683112	0.0800404377	-0.008747008	-0.0431180353	0.0968143418	-0.0183122916	-0.0088449302	0.0587080156	0.015327973	0.0257723765	0.098357524	-0.05711749	-0.0747020335	0.0816814635	-0.0376664299	-0.026325165	0.0614143883	0.0691460271	0.0962907669	-0.0395898541	0.0505837776	0.0447588751	0.031129725	-0.0809182595	-0.0813828824	0.0303765546	0.1002478183	0.0	-0.0060049521040639	-0.0001883710744862	3.5483661703123045e-08	3.605944977210146e-05	0.0885098935109738	-0.0101456836294459	0.0078340012493239	0.0001029348963088	0.01101951892403	-0.0282827857486652	0.000121429797317	0.0007999159697048	-0.0003949927149997	0.0005924063429624	1.5601924490283426e-07	3.509452751820848e-07	-0.0004170067803159	3.721348408740002e-05	1.738946548294333e-07	1.3848433979231743e-09	3.641760978235424e-05	-0.0004103585048054	1.3262423022598232e-09	1.6839410246616105e-07	0.0	0.0	0.0	0.0	0.0	0.0	0.0	0.0	0.0
253.02302398900383	-0.5072279897968031	0.2572802336333057	64020.65066854001	405.4239475142281	-1.0905280563067097	164368.57721801955	1.1892514415920896	259.6714088898995	0.0946732971100345	67429.24059486538	0.0089630331856848	278.1210737846956	255.8067465156792	0.989755	20.05798	0.0967816903737305	0.0596591551950644	-0.0692420808	-0.0992623775	-0.0702711787	-0.0162347603	-0.0780386425	-0.0741207236	0.0314771564	0.1362914722	0.0163896254	-0.0102743069	-0.0092489624	0.0720704218	0.005579566	-0.0780567451	-0.0358815436	0.0640135371	0.0350966008	-0.0269822353	-0.1791017383	0.0631131512	-0.0604947584	0.035716037	0.0282267204	0.01649525	0.0069526193	0.034804304	-0.0980190737	-0.0039318836	-0.0129568739	0.0504937876	-0.0300735437	-0.1771176244	0.0595082612	-0.0733866249	-0.0292447171	-0.0846798873	0.0164538516	-0.0535403341	-0.1159399458	0.1308186814	-0.0120837356	-0.0536222491	-0.0507242277	0.0101098021	0.0547199604	0.0251113687	0.0150951337	0.0441375399	-0.014756131	-0.0289854048	-0.0303074575	0.0981195976	-0.0474909324	-0.110571882	-0.0898151793	-0.1656846343	0.0440190284	0.0242519807	-0.1254942979	-0.0270522964	-0.0509082079	0.0516384601	-0.0635252543	-0.1084621303	-0.0685128669	-0.0826790577	-0.0321259291	-0.065983853	0.0054650701	-0.0207053942	0.0021328281	-0.140625079	0.0659904003	0.0753543199	-0.0166251589	-0.0752124719	-0.0048364156	0.0187080885	0.1226021009	-0.0572453118	-0.1169022521	-0.0298360178	-0.0130989928	-0.0393386764	0.033861841	0.0573818067	-0.0776051293	-0.0455013814	0.0028050075	-0.113209928	-0.0989440705	-0.0344749825	-0.0211609867	0.0792889833	0.0842703847	-0.0153296295	-0.0028725922	-0.0249242061	0.0381658012	-0.0508820198	-0.0654868595	0.0397582662	0.0349259363	0.0050857241	-0.0675389976	-0.0777172867	-0.0818151543	-0.0345086225	-0.0745044329	-0.0274267999	0.0423634737	-0.0486172427	-0.0546868524	-0.0602123154	-0.1772558407	-0.0728609559	-0.0652592049	-0.0028623177	-0.0196675069	0.0236004884	0.010934111	-0.0368059752	-0.0152795045	-0.0791937583	-0.0413667422	0.1066821654	0.0637720643	-0.0154787402	0.0728594184	0.0584183945	-0.1262863032	-0.0155114907	0.0544177668	-0.0985407705	0.0257538657	0.1109255522	0.0450469382	0.0113522428	-0.0311006372	0.0654475281	0.01831188	0.0296214915	-0.0827462129	-0.0785201094	0.0363449977	0.0999980731	0.0	-0.0059125779715429	9.237413252099948e-05	8.532980359007175e-09	3.495857826957436e-05	0.1401141727335755	0.0516042792226016	0.0196319814008142	0.0026630016340842	0.0393828543812802	0.0283633354572501	0.0015510092192171	0.0008044787982605	-0.0006979899492259	-0.0003029972342262	4.871899692203745e-07	9.180732394872673e-08	-0.0004410151177065	-2.40083373906e-05	1.9449433404567807e-07	5.76400264260882e-10	4.384606939270805e-05	7.428459610353808e-06	1.9224778011901693e-09	5.518201218265785e-11	0.0	0.0	0.0	0.0	0.0	0.0	0.0	0.0	0.0
252.7015743647426	-0.3214496242612199	0.1033298609376794	63858.08568641954	403.7612711708501	-1.6626763433779956	163023.16409750073	2.7644926228288225	259.50808951037845	-0.1633193795210559	67344.4485213266	0.0266732197271426	278.007978856691	253.7987286119427	0.999453	20.254515	0.0718351236900512	0.0484912581922706	-0.0875169163	-0.0471898391	0.0592154201	0.039676667	-0.0685893713	0.0438145846	0.0090465927	0.0948238963	-0.0811202674	-0.0203594971	-0.0530607801	0.137278843	0.0210019821	-0.0924957097	-0.0818643495	-0.0181831687	0.0684936639	0.0922857549	-0.0905141466	-0.0154130614	0.0505999665	-0.0078869814	0.1173596239	0.0160452964	-0.023908315	0.0323529189	0.0106585257	-0.1064330888	0.1186994327	-0.1166045716	0.1315248418	-0.0488727966	0.1029881533	0.0183934771	0.0383922276	0.0367356578	-0.0550786288	-0.0412942986	0.0304649904	0.1041383901	0.0205664811	-0.0526591175	-0.1034574686	-0.0136090926	-0.085277541	0.1242463716	0.0274585756	0.0558295215	-0.116578812	-0.0951653642	-0.125928647	-0.0032122226	-0.1052535175	0.0433585465	-0.0476239358	-0.0441566164	0.0167953438	-0.0115360541	0.0569451315	-0.067465736	-0.0089038596	-0.057887768	-0.0043652412	0.0394320584	-0.056430146	0.0335963032	-0.1357843986	-0.1350602255	0.0152280027	-0.0140200229	-0.0236616309	-0.0165922832	0.1750195562	0.1025963935	-0.0358736466	-0.0435546287	-0.0142652793	-0.0689704082	-0.0460289235	0.0398725928	-0.0693918057	0.0235099543	-0.0437956261	-0.0421830703	-0.102804355	-0.0542142455	0.0253788558	-0.0483087491	0.0062753583	0.0075704329	-0.0726629885	0.0655331826	0.0655792587	0.0693592565	0.0634568239	0.0383186093	-0.0220773285	-0.0975628852	0.1970395486	-0.0116344725	-0.1186325304	-0.0455783658	0.0847599383	0.0082568187	0.0744983864	0.0333475835	-0.0262499117	-0.0197930649	0.1779612956	0.0125651624	0.0238405696	-0.0966617572	-0.0740296459	0.0735946364	-0.1053321413	0.0247605574	-0.1310834474	0.0234684018	0.0066927807	0.0322402401	0.0319406779	0.0058601691	-0.0189034331	0.0716084571	-0.0870267174	0.0144491512	-0.1257103948	-0.0193631608	0.0509452956	0.0613361181	-0.0245375194	-0.1215387176	0.0575857381	-0.0115330317	-0.0477283963	0.116125734	-0.0142886911	-0.0456946086	-0.095256955	0.0671053101	-0.0401640094	0.0281058757	-0.084491683	-0.075481246	0.042168559	0.099125598	0.0	-0.0079713815901243	-0.0020588036185813	4.238672339883864e-06	6.354292445537261e-05	0.0937183836436474	-0.046395789089928	0.0087831354327778	0.002152569245277	0.024226901364976	-0.0151559530163041	0.0005869427497482	0.0002297029118324	-0.0006335090518074	6.448089741849998e-05	4.013337187219111e-07	4.157786131895117e-09	-0.0004279861849092	1.3028932797300012e-05	1.8317217447313195e-07	1.6975308983655989e-10	-4.313565969624384e-05	-8.698172908895189e-05	1.860685137430155e-09	7.56582119530382e-09	0.0	0.0	0.0	0.0	0.0	0.0	0.0	0.0	0.0
252.68783947079385	-0.0137348939487651	0.0001886473117838	63851.14421641768	400.2895930728072	-3.4716780980429007	160231.75832239355	12.052548816430772	258.7083321774794	-0.7997573328990484	66930.00113805302	0.6396117915257993	277.10826158693493	254.50864553491576	1.192951	24.175865	0.313851683680022	0.1990028123521648	-0.046902818	0.0687603293	0.0673123692	0.0411565342	-0.0466713352	0.1032820222	0.0421820707	-0.06881278	-0.0373999213	-0.0658780283	0.0855844232	-0.0071923959	-0.1098405402	-0.0696107057	-0.1438190956	-0.0438538256	-0.0676773868	-0.1472051556	0.0875737085	0.0141314164	-0.0508733529	-0.0896482583	-0.0076064249	0.0264217617	-0.142889321	0.0562501887	-0.0733327195	-0.0747648831	-0.026313122	-0.0110503842	-0.0429912462	-0.044882381	-0.11803489	-0.0471878333	-0.0343215513	0.0538829793	0.0020237129	0.0919323358	-0.0928231969	-0.0115209785	0.0363369791	-0.0713965948	0.0086013702	0.0121372821	-0.0725591653	-0.0202349087	-0.0933010328	-0.0040037425	-0.0593008502	0.1031915328	0.0279302774	-0.0586694159	0.0388029825	-0.0156230112	0.0162654519	0.0435339803	0.011111276	-0.0234249482	-0.0927705868	-0.0567489885	0.0947040183	0.0877129781	0.0822859426	0.0854224588	-0.0054867362	-0.0988506168	0.0010567456	0.0645334189	-0.1080113886	-0.0635290034	0.0761458326	0.0442647402	0.0225745791	0.1542969345	0.0196836028	0.0550174891	-0.0775719185	0.1037679799	0.0992751001	-0.0847828558	0.0671912036	0.0475393707	0.0153055	0.1166740382	0.0645485159	-0.0914073558	-0.0428351928	0.1312525823	-0.026516503	-0.0614802019	0.0413539369	-0.0504004322	-0.0123388895	-0.0799364946	-0.1136726061	0.0552749171	0.0238045688	-0.1136240821	-0.0808024743	-0.0730954347	0.0132898937	-0.004524939	-0.0056270035	-0.0241051936	-0.0681406489	-0.0705416336	0.0497812501	-0.0161508561	0.0331772076	-0.0004665048	-0.0575016432	-0.0572036667	-0.067473922	0.0022338358	0.0513708704	0.0563141006	0.0248297929	-0.1019945704	-0.1017122886	0.0870200717	0.0057470254	0.0237270812	0.0941155776	-0.16336123	0.0364404517	-0.0321726655	0.0627426839	0.0588246557	-0.1583239187	-0.0526396901	-0.0596956399	-0.0899041176	-0.0945490237	0.0238888984	0.1082119006	-0.0590582423	0.0302239868	-0.0473878751	-0.1509362518	0.0835213274	0.0408218565	0.0265832553	-0.08615293	-0.0722731071	0.047824024	0.0976358263	0.0	-0.001937330842864	0.0060340507472603	3.640976842051258e-05	3.753250794712137e-06	0.2870730157296464	0.1933546320859989	0.0824109163601138	0.037386013749112	0.0736057139234915	0.0493788125585154	0.0054178011221868	0.002438267129689	-0.0015719666322972	-0.0009384575804898	2.4710790930558e-06	8.807026303787694e-07	-0.0006430822467593	-0.00021509606185	4.1355477609698914e-07	4.6266315823422046e-08	0.0001049944637288	0.000148130123425	1.1023837413698296e-08	2.1942533465918725e-08	0.0	0.0	0.0	0.0	0.0	0.0	0.0	0.0	0.0
253.8739025230344	1.1860630522405415	1.4067455638901496	64451.95838227517	403.5481584716893	3.2585653988821264	162851.11620589165	10.61824845879183	259.0789942501908	0.3706620727114114	67121.92526169041	0.1373903721467196	277.5194762862757	262.4261255540536	1.33197	26.99317	0.0563484986456574	0.0346654173282529	0.0709786737	0.0545967309	0.0451455142	-0.1450880616	0.0005530651	0.0335800745	-0.0233716677	-0.1140271652	0.1063305125	-0.120597023	0.0280305367	-0.0127990543	-0.0945078867	-0.0465110781	-0.0619951854	-0.0226219638	0.0333730028	-0.0968728873	0.0919692041	-0.0666218699	-0.0614296357	-0.0123990738	-0.0102944091	-0.1199624036	0.0299908793	-0.0452363007	-0.013894582	-0.0098077575	0.1402083375	0.0249186567	0.0005495552	0.0397385879	-0.059335719	-0.0432200842	-0.0931364936	-0.005411451	0.0359656441	0.0632329089	0.052002793	-0.0298816082	0.0398430002	0.0272027623	0.0690774203	0.0865552871	0.0939875863	0.1427810926	0.1305225398	-0.0817876152	-0.0358689995	0.0559395085	-0.0089243204	0.0430145219	0.1333481856	-0.0327459144	-0.045376746	-0.0727286164	-0.0813905922	-0.1102709489	0.0509812742	0.0806422931	0.0030226926	-0.0374336905	-0.0614326215	0.0531439386	-0.0668262944	0.0733029673	-0.0525305806	0.0424467664	-0.0906771589	-0.0646196782	-0.0866464272	0.0338106728	-0.0885669965	0.0322917186	0.1552336958	0.0683982566	-0.1023985449	0.0621452964	-0.1833474256	0.046720421	-0.0510791599	0.1034456217	0.0347182044	-0.0085136797	-0.081293171	0.0133618949	0.0186935873	0.0986092762	-0.0162829051	-0.0993427529	0.032294452	-0.0373078041	0.0123757859	0.0250868881	0.055977258	0.061087507	-0.0360439573	-0.0677467529	-0.0697967724	0.1233432246	0.0510510678	0.0137360072	0.0130502013	-0.0005014507	0.050325038	0.0582467683	-0.1333636343	0.0517305335	-0.0015548415	-0.0107010145	-0.0171908221	-0.0153582627	-0.0332783972	0.0004835819	0.0260801234	-0.1104639591	-0.0424754892	-0.1047562826	0.1100336799	-0.0251706102	-0.0920430205	0.1640742056	0.1181018977	0.1425485223	0.0129287783	-0.0756973442	0.0540303343	0.0072282011	-0.1146043606	0.0329410415	0.0469790634	-0.0547207186	-0.0092936531	0.0077544996	-0.0208022183	0.0117317142	0.0252956656	-0.0101400287	-0.119964611	-0.0338123285	0.0074259374	0.0250540098	-0.0877282978	-0.0689028873	0.0532888484	0.0955380353	0.0	-0.0019653399146619	-2.8009071797899937e-05	7.845081029799135e-10	3.862560980163245e-06	0.2798416866873765	-0.0072313290422698	0.0783113696080358	5.2292119717575575e-05	0.0461836202721031	-0.0274220936513883	0.0021329267814378	0.0007519712202255	-0.0012559800942412	0.000315986538056	1.5774859971301335e-06	9.984749223261597e-08	-0.0005375590667107	0.0001055231800486	2.889697502028788e-07	1.1135141527569252e-08	9.316284422937503e-05	-1.183161949942496e-05	8.679315544906798e-09	1.399872199791729e-10	0.0	0.0	0.0	0.0	0.0	0.0	0.0	0.0	0.0
254.26755481430604	0.3936522912716498	0.1549621264234198	64651.989431246126	407.8955135465418	4.347355074852487	166378.74997139705	18.899496146845674	260.1119274061631	1.0329331559722732	67658.21477894906	1.0669509047068404	278.9305730861846	263.30757661270155	1.329749	26.948154	0.300654545900709	0.2067395800750819	0.0747842557	0.0375761155	-0.1070456315	-0.0203648951	-0.025025543	-0.083196322	0.0010310902	-0.0421785077	0.010940983	0.1235655406	-0.054983156	-0.059686134	0.0601598469	-0.0254644213	0.0196103472	-0.0400291253	0.0109325356	0.0405989814	0.0353270204	0.0176171957	-0.0970264164	0.041661616	0.0387780886	0.1152469722	7.55567e-05	0.0351012868	-0.0938216714	0.1505085648	-0.0142467055	0.1120872064	0.0192492337	-0.0228619219	-0.0709645473	0.013186701	0.1518726138	0.0718754368	0.0204147356	0.0118050286	-0.0036041357	-0.0517012419	-0.0017176411	-0.1207011156	0.0575335927	-0.0598039182	-0.0682049939	0.0099534153	0.0078045113	0.0053864973	-0.0787364076	0.0854661227	-0.0063314974	-0.1345372053	-0.0370534656	-0.0119301271	-0.0646892583	-0.0819364122	-0.021218966	-0.1024271039	0.0237981162	0.0734768241	0.0371190993	-0.051651909	-0.0266829687	-0.047112412	0.0545955302	-0.0456249519	0.0410062917	0.0231304205	0.0671265475	-0.0226973786	-0.0013457715	-0.0315597025	-0.0730415285	0.0324245106	-0.0879385122	0.050408509	0.0455422114	-0.0474078969	0.1113282921	-0.0049471281	0.0701680201	-0.0027415714	0.0530317527	-0.0834553261	-0.0040717933	-0.0541625739	0.0824049136	0.0532906588	-0.0965002266	-0.0036946491	-0.0113971662	-0.2098661875	-0.0588969863	-0.0046988311	-0.0234277972	0.0314941565	-0.075011779	0.0418621426	0.0476115725	0.0401647349	0.0213779202	-0.0298838019	-0.0419480491	-0.1459467578	-0.0801108667	-0.1196396926	-0.0808659793	0.1228620992	0.0578716963	-0.0632916677	-0.1030100085	-0.0443073675	-0.009967349	0.030998637	0.0658182386	0.0092366525	-0.0845450446	0.0452105982	-0.0377268709	-0.0447052522	0.0825356468	-0.0416250144	-0.0403008605	-0.033825964	-0.0102392384	0.0025366739	0.0892233773	0.0554834556	-0.0423263153	0.0594713947	-0.124586338	-0.0066914836	0.0935272167	0.0221370711	0.0353866174	-0.0211529532	0.0419887101	0.0771608165	-0.0716206816	0.0041355025	0.0094795519	0.0235185203	-0.0892162162	-0.0653781449	0.0585412479	0.092845289	0.0	-0.0096609373563723	-0.0076955974417103	5.922221998485964e-05	9.33337106037498e-05	0.0747343108553906	-0.2051073758319859	0.0055852172190301	0.0420690356206835	0.0085956319762487	-0.0375879882958544	7.388488907110912e-05	0.0014128568641292	-0.00050998966708	0.0007459904271611	2.600894605283693e-07	5.565017174161496e-07	-0.0003020177059693	0.0002355413607413	9.121469471895856e-08	5.54797326199103e-08	6.942294550880759e-05	-2.373989872056745e-05	4.819545363118868e-09	5.635827912627997e-10	0.0	0.0	0.0	0.0	0.0	0.0	0.0	0.0	0.0
253.6458425083184	-0.6217123059876428	0.3865261914164724	64336.21342175466	406.7185196546639	-1.1769938918778848	165419.95423008123	1.38531462151785	259.7733472675189	-0.338580138644204	67482.19195057097	0.1146365102843284	278.2860921205832	260.20893780750754	1.142822	23.159962	0.2740359637836222	0.1893345113787114	-0.0033126264	-0.0684797978	-0.0789801552	-0.0519062142	-0.0427673466	-0.0757735003	-0.0190629859	0.0776641097	0.0813501013	-0.0081676193	0.1365949725	0.0350130933	-0.0595080118	-0.0494941604	0.0532979479	-0.0163252765	-0.0226347943	-0.1540242452	-0.1333890971	-0.1215454697	-0.1120316904	-0.0277578867	0.0528199306	0.081844819	-0.0042251873	-0.0608509835	0.128112477	-0.0785214858	0.0473203262	0.0073653379	-0.0308241754	0.0254110098	-0.1453486593	-0.0080040313	-0.0412336532	-0.0745488549	0.0313467084	-0.0137867592	-0.0169486282	-0.0373880644	0.0574862496	-0.1044888267	-0.013935071	0.019147099	0.0038859917	-0.0477819053	0.0114667542	-0.0636681785	0.0224191398	-0.0349066746	0.0693837335	-0.0243283851	0.0049654818	-0.0829839036	-0.0027487069	0.0194968374	-0.0075451499	0.0547792145	-0.0906793701	-0.0809809801	-0.0989769601	-0.016910929	0.0623481314	0.0497344235	0.0374541343	0.018907618	0.0516357812	-0.0159004652	-0.0475168156	-0.0652004119	0.0155954918	-0.1269461641	-0.0347427526	-0.039112018	0.0250201469	-0.0610868421	-0.1673109953	0.0898583736	-0.0331279131	-0.051590357	-0.1012662367	0.0274123836	0.0638795982	0.1219088717	-0.1237502037	0.0243650491	-0.1038097002	0.0256614661	-0.0665768009	0.0501715749	0.0583808593	-0.0602722061	0.0802064815	-0.0513829448	-0.0338024745	-0.0251866925	-0.0130840685	0.0765757709	-0.0149406393	0.0602067801	-0.0718694844	0.0602832752	0.017992625	0.0272363215	-0.0815395915	-0.0620712709	0.0435858829	-0.0016728271	0.0207402117	0.0075287812	0.1048863133	0.0356206907	0.0089529449	0.0518720533	0.0002706482	-0.0667730516	-0.0636175978	-0.0762069699	-0.0080453882	-0.0598213841	-0.1122166406	0.1100538465	0.0999066572	0.0438927966	-0.0270627635	0.0775551377	0.0646296738	0.0193196346	0.0358212252	0.0096731351	-0.0990867949	0.0041125714	-0.0158062555	-0.0848773032	0.0180222747	0.0976266847	-0.0924628881	0.0449661138	0.0280735554	0.0171188965	0.00243511	0.0219771695	-0.0906152019	-0.0617067844	0.0635602848	0.0895743561	0.0	-0.0069010270759264	0.0027599102804458	7.6171047561109615e-06	4.762417470266928e-05	0.2626857397406184	0.1879514288852277	0.0690037978630759	0.0353257396199988	0.0413873935846993	0.0327917616084506	0.0017129163477348	0.0010752996293854	-0.0013120090741506	-0.0008020194070705	1.7213678106535146e-06	6.432351293178767e-07	-0.0003979715259854	-9.595382001609997e-05	1.583813354951479e-07	9.207135575682109e-09	-4.326108759445204e-05	-0.0001126840331032	1.8715216998548524e-09	1.2697691316416512e-08	0.0	0.0	0.0	0.0	0.0	0.0	0.0	0.0	0.0
253.3327371179712	-0.3131053903472036	0.0980349854644747	64177.4756956831	402.98434997054767	-3.734169684116239	162396.38632118484	13.944023229772773	259.8153669527074	0.0420196851885066	67504.02490476999	0.0017656539433412	278.2271615651702	255.66550509850583	1.192102	24.158657	0.2713711404962686	0.196819733881182	-0.0401466374	-0.0503129425	0.0738865883	0.0257669755	0.0020031519	0.0498540381	-0.0120924424	0.0377647694	-0.0634082431	0.0277776052	-0.1762819217	0.1216562319	0.0417099851	-0.0096946984	-0.0168695937	-0.0068986782	0.0967895222	0.1116719461	-0.0305189439	-0.0056700759	-0.1333115721	-0.13126401	0.0841263952	-0.0101070725	-0.0800002079	0.0548812226	0.1125625638	0.0260575488	0.0254642386	-0.077732277	0.0125888131	0.0464564305	0.0574118083	-0.0673054267	0.05133225	-0.0092935243	0.0466591932	0.0031356602	0.1201441994	-0.0453544778	0.1120349439	0.0094458625	-0.005777266	-0.1080315211	0.0254416608	-0.0085410869	0.0226248353	0.0160712229	0.0515892006	0.0279460853	0.0575669312	0.0607335875	0.1022275825	0.0003826764	0.092939433	-0.0820400408	0.0057467285	-0.0115971128	-0.1125082759	-0.0258222219	0.0238348474	-0.0045664768	0.0507528678	-0.0327363665	0.0558397891	0.047910363	-0.086536739	0.0349447921	0.0347138609	0.0266186612	-0.0780904468	0.0309216878	0.1279620448	0.0288913605	-0.0901946435	-0.0229427184	-0.0093492334	-0.0939932361	0.0634262518	-0.112913366	-0.1237126918	0.0321769964	0.0383159357	-0.0615261429	-0.1366192849	-0.0781066568	0.0319173221	0.002668994	0.0748851114	0.1650046085	0.0485509069	-0.0217239641	0.0385878954	0.0568482433	-0.0382670526	0.1107202812	-0.0039933712	-0.0034605909	-0.0259046118	0.114015652	0.0367060956	0.0494798429	0.0246990773	-0.016907657	0.062848509	-0.008009347	0.039131583	-0.0290883607	-0.1254140958	-0.0258937691	0.0128996077	0.074569948	0.0274402397	-0.0157214924	0.0006868451	-0.0607916825	-0.0399726969	0.0434396942	0.065152654	-0.005438969	0.1037925762	-0.0394868968	-0.0059092335	-0.0435888501	-0.0448036407	0.0292536032	-0.1272864321	0.0308907307	0.0153831501	0.0537247838	-0.0491413065	-0.0785567146	0.0764132986	0.0511053108	-0.0542856069	0.0776921016	-0.0649968375	0.0531333821	-0.0174886311	0.0491786387	-0.0870693437	0.0204303415	-0.0919238605	-0.0578970392	0.0683259517	0.0857456062	0.0	-0.0093654325393259	-0.0024644054633994	6.073294288033302e-06	8.771132664866438e-05	0.0660749111236782	-0.1966108286169401	0.0043658938800019	0.0386558179294398	0.0108982435145321	-0.0304891500701671	0.000118771711702	0.0009295882720011	-0.0005710103651826	0.000740998708968	3.260528371459663e-07	5.490790866922427e-07	-0.0004929875564732	-9.501603048780008e-05	2.430367308374166e-07	9.028046049658552e-09	-4.31407001350168e-05	1.2038745943524206e-07	1.8611200081394383e-09	1.4493140389272046e-14	0.0	0.0	0.0	0.0	0.0	0.0	0.0	0.0	0.0
254.10644242543475	0.7737053074635583	0.5986199027972792	64570.08408211079	407.059100151062	4.074750180514343	165697.11101579232	16.60358903360167	259.97314991090263	0.1577829581952414	67586.03867459665	0.0248954618968413	278.9266708847122	260.92425677317914	1.131585	22.932249	0.112484410200258	0.0684251245813865	0.0447988688	0.0540805285	-0.0134335511	0.0529048173	-0.0200518436	-0.0659537083	-0.0235357941	-0.0419971739	-0.0182680012	-0.0077725378	-0.0233164232	0.1003303964	0.0753625402	-0.0586144194	-0.0103051861	0.1053301888	-0.0608578034	-0.0096741959	0.0100535475	0.0464772398	-0.0529891542	-0.1119545392	0.1391676061	-0.0580104687	-0.0195030731	-0.0730426666	0.0860548325	-0.0494076236	-0.0167503515	-0.0374656837	-0.0157933092	0.091230818	0.1219304848	-0.1134047762	-0.0642616961	-0.0339179959	-0.0930514537	-0.0507314464	0.0012532491	-0.0102391123	0.0276474952	0.063214309	-0.0346178926	0.1393605791	-0.0727627818	-0.0263674072	0.128732535	0.0937980581	-0.0559763157	0.0129707799	0.1419798466	0.0628139349	-0.0826590044	-0.0253562622	-0.062557927	0.0548598568	-0.0637771999	0.0640734249	0.045575947	-0.1407666187	-0.0840231293	-0.0426257406	0.040941333	-0.0181600042	0.0767331797	-0.0080398318	0.1248240194	0.0167522647	0.0844857657	-0.0301675214	0.0058331081	0.0416531295	-0.018791351	0.0635518378	0.0965383071	-0.083604212	0.0300701489	-0.006759119	0.0512533941	-0.050310904	-0.049709748	0.0080758651	-0.0376268461	0.1054016229	-0.11554474	0.0019900521	0.0186337108	-0.0795598052	0.0331991371	0.0606377482	0.008075672	0.0436366678	0.1542236947	0.1809972908	-0.0474621903	-0.1706032753	0.0933954556	-0.023114195	-0.0271646826	-0.0236640501	-0.0108939879	-0.157042835	0.0213029539	-0.0285032959	0.104500508	0.1427378718	0.0117724561	-0.0401988064	0.0139636234	-0.0481894098	0.0603892452	-0.0263894553	0.0869569183	0.019160236	-0.01036653	-0.1039371777	-0.0516324909	0.0833159682	-0.0091612069	0.0138176507	-0.101197016	0.0370469984	0.0016871218	-0.1389247601	-0.0345459596	-0.0713588291	0.0422262119	-0.0146156273	-0.025203084	0.0630451625	-0.0006171767	-0.0595411926	-0.0502642911	-0.0988510416	0.0007001695	0.1128056371	-0.0944181807	-0.002796305	0.0123354977	0.0414824312	-0.0195326747	0.0188784218	-0.0931408873	-0.0539574532	0.0728192514	0.0813828824	0.0	-0.0101506786019882	-0.0007852460626623	6.166113789266456e-07	0.0001030362760808	0.0229599844392964	-0.0431149266843818	0.0005271608854527	0.0018588969029996	0.054961629391947	0.0440633858774149	0.0030207807054177	0.0019415819749819	-0.0009129810242657	-0.0003419706590831	8.335343506692467e-07	1.1694393167372981e-07	-0.0005260333741572	-3.304581768399993e-05	2.767111107272088e-07	1.0920260664041622e-09	7.225985461386294e-05	0.0001154005547488	5.2214865888166104e-09	1.3317288036349192e-08	0.0	0.0	0.0	0.0	0.0	0.0	0.0	0.0	0.0
254.03875769814923	-0.0676847272855241	0.0045812223077157	64535.69041281897	406.3107836651352	-0.7483164859268072	165088.4529225763	0.5599775631098455	259.6913281577787	-0.2818217531239497	67439.58592035109	0.0794235005338564	278.3676106105595	261.79688216657024	0.96779	19.612848	0.0898864622326033	0.058481565457632	0.0600593183	0.0783690436	-0.0881999499	0.0105246112	0.0131359226	-0.0648089787	0.0258149456	-0.065230489	0.01810108	0.0121541999	-0.1102397585	-0.0047553767	0.0734266239	0.0007500447	-0.0875448189	-0.0236725027	0.0182388741	0.0867256588	0.048366161	0.0328354994	-0.0452889558	-0.0227557929	0.0793917847	-0.0835282811	0.084848515	0.0343498364	-0.1645388652	0.0717030134	-0.0904302784	-0.0052062135	-0.0204018877	0.0857035148	0.0926710609	-0.0276852819	-0.0713237091	-0.0395138639	0.0639361646	0.1143738775	-0.0200639792	-0.0042891836	0.1879640384	0.1229459777	0.0017178864	-0.0116144825	-0.0617440279	0.0132798557	0.0345769731	0.0059101917	0.1231561049	-0.0294596894	-0.0560237807	-0.0012034519	-0.0175164125	-0.0240631951	0.0934064855	0.0100520343	0.11990673	0.02001906	0.006113511	0.0300806853	-0.0544335091	0.0062531334	0.0191219289	0.1019712089	0.0173495933	-0.0316053458	-0.0219353416	-0.0600448365	0.0777891662	0.0198652225	-0.0466935666	0.0109506141	-0.0484705752	0.0815428815	-0.0103289061	0.1408840632	0.0516067943	-0.0763112967	0.043809366	-0.017956489	0.0386835969	0.0627718365	-0.0596102406	-0.0811173379	-0.0146106465	-0.0009174575	0.0502991398	-0.0735734403	-0.032017885	-0.0435747498	-0.0245642023	0.0559978266	0.0400921333	0.0313474111	-0.1387838382	-0.0467710549	-0.0045729574	-0.0341444553	-0.1235711056	0.135195213	-0.0324843698	-0.015515318	-0.0504599837	0.0348652103	0.0970598462	0.0514759851	-0.0202984912	0.0569915959	-0.1562690736	-0.0124306783	0.0375947028	-0.0041054575	-0.0784887855	-0.0972390866	-0.015067723	0.0483802821	0.0229557187	0.1026246157	0.0322965195	-0.0105803625	0.1296312537	-0.0179686591	-0.0313171631	0.0274944851	-0.024612154	-0.050836544	0.0524365467	0.0405016196	-0.0713001517	0.0642353717	0.0165247624	-0.0142190851	-0.0228977888	-0.0444551197	-0.0092982774	0.052732523	-0.0406666366	0.0039738438	0.0114782191	-0.0591782439	-0.0352445002	0.0173217973	-0.0942650692	-0.0498968614	0.0770222721	0.0765133533	0.0	-0.0122326418819227	-0.0020819632799345	4.334571098995622e-06	0.0001496375274113	0.0173128883712365	-0.0056470960680599	0.0002997361037548	3.188969400189761e-05	0.0125209841114966	-0.0424406452804504	0.0001567750431203	0.001801208371821	-0.0002670104177784	0.0006459706064873	7.129456320219573e-08	4.172780244455702e-07	-0.0004929944485141	3.303892564310003e-05	2.430435262657216e-07	1.0915706076502928e-09	-4.306576533890839e-05	-0.0001153256199527	1.8546601442259238e-09	1.3299998617491048e-08	0.0	0.0	0.0	0.0	0.0	0.0	0.0	0.0	0.0
254.0330481299169	-0.0057095682323335	3.259916939967297e-05	64532.78954217667	409.0675015059657	2.756717840830504	167336.22078833324	7.599493253953196	260.2134954185998	0.5221672608211065	67711.06319796566	0.2726586482734175	278.95917453072536	260.8683589955121	1.049849	21.275814	0.1112173033620563	0.067842431200073	0.0224814117	-0.0789045796	-0.1474452522	0.0563543079	0.0246341224	-0.1603273403	-0.0092946228	0.094500384	0.021282389	0.0192468236	-0.0003502211	0.0343871762	0.0888648429	-0.0216112205	-0.010859999	0.0843493443	-0.0863742324	-0.0661045934	-0.1289990416	0.0080659634	-0.0781610304	0.0737658303	-0.0066244688	0.0924496222	-0.0282453925	0.0830353911	-0.0072824539	-0.1004735897	-0.0688134931	0.0373886158	-0.0599721409	0.1637839444	0.0309612524	-0.0604277134	-0.0709987776	0.0109744027	0.0876537052	-0.0003996149	0.1580851835	-0.0571031879	-0.0353758185	0.031917609	-0.0657557912	-0.0848452853	-0.0578713915	0.0125078533	-0.0003733871	-0.0069619264	-0.0444628638	-0.079930646	0.0409630001	-0.0146246521	0.0944838648	-0.0164967681	0.0302317288	-0.0353002946	0.0402552247	0.0026410786	0.0513039493	0.0480080217	0.1297592482	-0.0463711931	0.0149268711	-0.0070731813	-0.0003934	-0.1267734672	0.0528169545	-0.0724459097	0.0969825842	-0.0058577778	0.0401561273	-0.1198605659	0.0159741386	-0.0027730938	0.0580211062	-0.0276967414	0.0271592506	0.0826439573	0.0891934697	-0.0218776578	-0.0679934576	-0.0067514753	0.0528484148	0.077382729	-0.0091544748	0.0414395545	-0.0571930118	-0.0133859854	0.0111997764	0.1325998858	-0.1293096198	-0.100687748	-0.0057554717	0.0328676533	0.0420489621	0.0007016956	-0.048125784	-0.0198080435	-0.0823971236	0.1184463	0.0008404097	0.1215335558	0.1514182593	-0.0809940932	0.0943487865	0.0281002956	0.1167031529	0.0755822793	-0.0255093917	0.0228806296	-0.1587014948	0.0568657738	0.0246098633	0.0559754235	-0.0164923059	-0.0540907248	0.0091319149	0.1187057773	-0.0397456175	-0.008354409	-0.0322023076	-0.0081556029	0.0202443797	-0.048820836	-0.0374601615	0.0825904123	0.0829104348	0.0224605696	0.0510193437	-0.001553494	-0.0353451586	-0.0432326633	0.0112860307	-0.0428417854	-0.0459072569	0.0511668031	-0.1190757298	0.0809202211	0.0040143319	-0.0422398009	0.0433398724	0.0157608558	-0.0952952857	-0.0457243701	0.0809182595	0.0711673436	0.0	-0.0042703542198268	0.0079622876620959	6.339802481396461e-05	1.8235925162792557e-05	-0.022085921022878	-0.0393988093941145	0.0004877879074288	0.0015522661816737	0.0334188758250277	0.020897891713531	0.0011168212614086	0.0004367218780704	-0.0010460091651524	-0.000778998747374	1.094135173582821e-06	6.068390484102612e-07	-0.0004129771180574	8.001733045669997e-05	1.705501000389957e-07	6.4027731734167254e-09	-4.321597935450514e-05	-1.502140155967453e-07	1.867620871569014e-09	2.256425048169923e-14	0.0	0.0	0.0	0.0	0.0	0.0	0.0	0.0	0.0
253.332233237494	-0.7008148924228976	0.4911415134417176	64177.220397096055	403.21289545934906	-5.854606046616652	162580.63906471196	34.276411961080264	259.56740525680533	-0.6460901617944614	67375.2378717506	0.4174324971675933	278.03590655717693	257.7625617836825	1.123864	22.775778	0.3135890256735343	0.242689338280884	-0.0018972653	-0.079828444	0.0581000143	0.0861231536	0.0898717987	0.0488739612	-0.0195169135	0.073946849	-0.1001183863	0.0223868954	-0.0070243687	-0.0094411226	-0.026508812	-0.0204238702	-0.0277409494	-0.0570480472	-0.0314763821	0.0605824259	0.0033696752	0.0178825691	0.027845839	0.0053646313	0.0592052977	-0.039999936	-0.0071977337	0.0450367299	-0.052739894	0.0961171633	0.0063348758	0.0259093152	0.0925128522	0.0241582003	0.0233385657	0.021925898	0.0669272078	-0.0136109034	0.053662275	0.0301211387	0.1938145664	-0.0190244532	-0.1133032291	-0.0613450278	-0.0549019255	-0.0287453619	-0.020925236	0.0095147444	0.1570799741	-0.0027165604	-0.058369809	-0.0690279649	0.0337953589	0.0404998577	0.0933477607	0.1427948506	-0.0785730299	0.0854476137	-0.1103389317	0.010570771	0.0102547526	0.0081859832	-0.1062114376	0.0172638458	-0.0711448235	0.1238124866	-0.07980667	0.0041257441	0.0700520556	0.0207827338	-0.0280731137	-0.0228232945	0.0569593299	0.0268932002	0.1229492313	0.0190198947	-0.0659557018	0.0017931947	0.0729020133	0.0140148864	-0.0570900683	0.0251402613	-0.0257741028	-0.004217066	0.0703838457	-0.0937918192	-0.0507496766	-0.0831336498	0.0826720285	-0.0319835138	-0.0018335012	0.0273034946	-0.0414073005	-0.0013830733	-0.1216004793	0.0584669411	0.0769401766	-0.0729650011	0.0590916388	-0.0341326817	-0.007648601	0.0713125802	-0.0214585199	0.0083860653	0.0244038324	-0.137387846	0.0036325928	0.123818933	-0.043551957	-0.0033129143	0.1120692306	0.0302006539	-0.0352520882	0.062274958	0.1153991827	0.0305025428	0.0539536319	0.0551983706	0.0766648953	-0.0315591836	-0.069728324	-0.0243054974	0.0804042988	0.0771237274	-0.0530949448	-0.0459348734	-0.0531954521	0.044919316	-0.0920279759	0.0655994635	-0.0130287479	-0.0389369186	-0.0183956584	-0.0836766114	0.0117728601	-0.0241468308	-0.0050333248	0.0124182611	-0.0328038627	0.0576892943	-0.0187539402	-0.1394048954	-0.0586414526	0.0141959864	-0.0962305098	-0.0414493366	0.084491683	0.0653781449	0.0	0.0056384998403729	0.0099088540601997	9.818538878633606e-05	3.1792680449885216e-05	0.2123564078290059	0.2344423288518838	0.045095243946039	0.0549632055574948	-0.0064854239970628	-0.0399042998220905	4.206072442167803e-05	0.0015923531442912	-0.0006829684330837	0.0003630407320687	4.664458805888045e-07	1.3179857314097766e-07	-0.0004560470359153	-4.30699178579e-05	2.079788989671309e-07	1.855017824286253e-09	0.0001373442295061	0.0001805602088606	1.8863437378624265e-08	3.260198902378534e-08	0.0	0.0	0.0	0.0	0.0	0.0	0.0	0.0	0.0
253.53683989016977	0.2046066526757783	0.0418638823191866	64280.92918149359	402.7028822928855	-0.5100131664635796	162169.61140699757	0.260113429966207	259.7184368268226	0.1510315700172668	67453.66642776824	0.0228105351418805	278.0864730013836	259.25101384307834	1.084329	21.974566	0.120553286859475	0.0694423928163851	0.0477792676	0.0248066464	0.0651230901	-0.0755709851	0.0540200602	0.0758327112	-0.0414112485	-0.0971407839	0.0610475767	0.0084789151	-0.0250133685	-0.0175514067	-0.0070882809	-0.0635949197	0.0416660403	0.0282853169	0.0812191741	-0.0139434388	0.0618586493	0.0569007963	0.0131917459	-0.0098734364	-0.072163206	-0.0209647568	-0.1275976287	0.0154298714	0.0612373904	-0.0456614468	-0.1399468634	0.1044527027	0.0409398747	-0.0180987227	0.1099307667	-0.0478646101	-0.0649435502	-0.0791892921	0.0395379692	0.0229388261	0.0407554211	-0.0353548665	-0.1378190906	0.0916214391	0.1544199353	-0.0443160711	-0.01179826	0.0840198501	0.0195958257	-0.0447261005	0.058116823	0.0083753831	-0.1009062817	0.0140013198	0.1481539419	-0.0165612092	0.010353922	-0.0226224899	-0.0031835692	0.0984096469	0.0201593525	-0.062611926	-0.0052613507	-0.0882713638	-0.0001084827	0.0276137821	0.0628433473	0.0225950934	0.018244647	0.0023809774	-0.0138249187	-0.0343870728	-0.0728444831	0.0599503446	-0.0488698594	0.039014659	0.0264739725	-0.1161777818	0.0439103842	0.0226914679	0.0360724791	0.0216026995	0.0362336553	0.0057246395	0.0832819956	0.0351534058	0.0400632285	-0.0450757897	0.0759231526	0.0805430714	0.0991094128	0.1023366844	-0.0591839051	0.0902082691	-0.02870144	0.0023078413	0.0737420297	-0.0979067098	-0.06344367	0.0075012519	-0.1332783944	-0.0458794782	0.0012637289	0.0265153181	0.0374516861	0.015566121	0.1114313363	-0.0615692026	-0.1444987998	0.0942745001	-0.0819369713	0.0535701485	-0.1016912502	0.017495293	-0.0504857823	0.0776405506	0.0526122493	-0.0758170077	0.0501446492	-0.0299145679	0.0673625765	-0.0035736652	-0.0441860414	0.0538328666	-0.0173077614	-0.1289843439	-0.0135899903	-0.0314832199	0.0244594685	-0.0035768539	0.0452665013	0.0183324688	0.0219068289	-0.0026872008	0.0602564491	0.0108267799	-0.0286178173	-0.0985359959	-0.0718199564	0.1121726916	-0.0148072212	-0.0209328242	0.0297759698	0.012627579	-0.0970698092	-0.0370813481	0.0877282978	0.0591818091	0.0	-4.6723307036700135e-05	-0.0056852231474096	3.232176223584191e-05	2.1830674204457524e-09	0.161370584657817	-0.0509858231711888	0.0260404655928056	0.0025995541644437	0.0310640689438344	0.0375494929408972	0.0009649763793472	0.0014099644201184	-0.0009969712743208	-0.000314002841237	9.939517218208395e-07	9.859778430497137e-08	-0.0006220447506002	-0.0001659977146849	3.86939671749265e-07	2.7555241280609484e-08	9.068983342851291e-05	-4.6654396077587074e-05	8.224645887291421e-09	2.176632673364372e-09	0.0	0.0	0.0	0.0	0.0	0.0	0.0	0.0	0.0
253.84860732491995	0.3117674347501804	0.097198933370708	64439.115440801404	406.28405362854966	3.5811713356641803	165066.7322328462	12.82478813538277	259.9183365846973	0.1998997578746753	67557.54169295599	0.0399599131983538	278.7523908472367	262.60264929355844	1.059788	21.477236	0.0577486951983462	0.0271546953574126	0.0709075842	0.1024639178	-0.0163509944	0.0046621844	-0.0030408132	-0.0390842467	0.0155599291	-0.0845431076	-0.0168791648	0.0079819744	0.0758585572	-0.0536103261	0.0125767051	-0.0611063947	-0.011399716	-0.0733292673	-0.0181753291	0.0514909821	-0.0174148098	0.0254494916	0.0003055325	0.0181514377	0.0414683952	-0.1329659768	0.0750667787	0.0202271827	-0.1281525185	0.0668902017	-0.0023580931	-0.0180115876	-0.0259750873	0.097540066	-0.0686728267	-0.031796009	0.0190786294	-0.0181380518	-0.0762204359	-0.0150787843	-0.0035392931	-0.1245884596	-0.1118710739	0.0247409631	0.042924266	0.0528591052	0.0449365756	-0.0573018631	0.042653343	0.0567259177	-0.02228956	-0.0086805417	-0.0639564185	0.1359876472	-0.0738631302	-0.0350740553	0.0509058769	0.0548412146	-0.0513786612	-0.0552601609	0.0718557858	-0.0582738521	-0.0792976931	-0.1565949306	0.0256864916	0.0118450349	0.0075142615	-0.0087007386	0.0219547168	-0.0620967432	0.0186697563	-0.0555616131	0.0484318809	0.019483041	-0.0626435801	0.078575899	-0.0355715111	0.0105896668	0.0243202068	-0.0349244365	-0.0437518947	0.095134862	0.0103188283	0.1039439824	0.0536164314	-0.0638447117	-0.0327637482	0.1159952727	0.0801022022	0.0151784282	0.0395476455	-0.0507368823	-0.0779423952	-0.0783641739	-0.065953022	0.0612931819	-0.0345789981	-0.0070826535	0.0641652479	0.0358745334	-0.0901140816	-0.0609412795	0.0136291404	-0.1089726261	-0.0021288395	0.0353881904	-0.0411914786	0.0873225068	-0.0047099245	-0.0196463133	0.0412592255	0.012843948	-0.0195034469	0.0225085046	-0.0052488917	-0.0831172569	0.0252381643	-0.0488826807	-0.1667087496	0.0052867481	-0.0715497656	-0.0231452732	0.0449687815	-0.0047029608	-0.0486492988	0.039381099	-0.031146899	-0.1408516434	0.0744866381	-0.00619505	-0.0125101593	-0.007526818	0.0388523822	-0.0565583728	0.0752245311	0.0153055963	0.0129737803	-0.0297953132	-0.0656715177	-0.0369857102	-0.1263432287	-0.0840612476	-0.0727762873	0.0110560246	-0.0978123473	-0.0326302004	0.0906152019	0.0526169234	0.0	-0.0083484025954305	-0.0083016792883938	6.891787900734658e-05	6.969582589539071e-05	0.1393086794492859	-0.0220619052085311	0.0194069081699038	0.0004867276614302	0.0231832090163024	-0.007880859927532	0.0005374611802935	6.210795319737968e-05	-0.0007589383763803	0.0002380328979404	5.759874591427659e-07	5.6659660501952476e-08	-0.0005880793831329	3.396536746730003e-05	3.458373608659722e-07	1.1536461871887231e-09	0.0002087765834985	0.0001180867500699	4.3587661817306135e-08	1.3944480542091592e-08	0.0	0.0	0.0	0.0	0.0	0.0	0.0	0.0	0.0
252.88608071695887	-0.962526607961081	0.9264574710330644	63951.36982038424	404.50095131112346	-1.7831023174261986	163621.01961160387	3.17945387441068	259.5572356267215	-0.3611009579757933	67369.9585661854	0.1303939018510356	277.7651388449748	257.0539041194067	1.205217	24.424437	0.2167697457979886	0.1169680642475544	-0.0379496679	-0.004603259	-0.0841384056	-0.1290631483	0.0061876134	-0.0324687372	0.0407126589	0.0061994756	0.1313223178	0.1068356438	-0.0274502626	0.0345668716	-0.0573498276	-0.0790991121	0.0050357527	-0.076000122	0.1135568038	-0.1341483065	-0.0600398325	0.0498877513	-0.0392111357	0.0438666335	-0.0887589501	-0.087026681	-0.0186509234	-0.0564328693	-0.0178436017	0.0427873324	-0.0127356871	0.0962121295	-0.0179110287	0.0648938866	-0.1333686733	0.1240851336	0.0419315051	0.0542128836	-0.0818946762	-0.042913479	0.0548672777	-0.0723678427	-0.0221630858	-0.0213169174	0.0546173647	-0.0348046519	-0.0315883467	0.0872976091	0.053993685	0.072853814	0.0343269722	0.053733655	-0.0238929829	0.0571823922	-0.1017438208	0.0683352443	-0.0197650184	0.0088803095	0.0306422557	-0.0058036985	-0.007547022	-0.0270283322	0.0378798904	-0.0070812683	0.2025994529	0.0192226681	0.0222181963	0.0740978654	-0.084978292	0.0207819703	-0.0553063443	-0.0271521341	-0.0669176079	-0.1096161141	-0.0943356847	0.0884640123	-0.0369038351	-0.0560736322	-0.1297246449	0.0583411143	0.0358768247	-0.0094065619	0.0345243635	0.0035026258	0.0629245346	-0.1246272247	0.0373446674	0.0648698484	0.0683641321	0.1683247805	-0.0047777055	0.0993714143	-0.0279747275	-0.0026494211	-0.0292662913	-0.1173093172	-0.0636608056	-0.0338102618	0.0079771184	-0.0062102239	0.0458126066	-0.0563712464	0.0664523949	-0.0287290705	0.0129388664	-0.0301422857	-0.0210100117	0.0423829278	0.0199246289	0.0261985354	0.0239891448	-0.0074017222	0.0459592223	-0.0076302991	-0.0270086339	0.0539492717	0.0569341729	0.0284746628	-0.1459436528	-0.0796056983	0.0664467408	0.0252583002	0.0192111411	-0.0230258526	0.102923072	-0.0287326752	-0.0198553576	0.015659051	0.1403066555	0.003319558	-0.0215448077	-0.1174207669	0.0375288323	0.0144941082	0.0925389344	-0.0345366935	0.023204249	0.0080846268	-0.0076267526	-0.057483156	-0.0974863135	-0.0137803139	0.2052351766	0.0094817148	-0.0984573839	-0.0281058757	0.0931408873	0.0457243701	0.0	1.3431367889893409e-05	0.0083618339633203	6.992026723013843e-05	1.8040164339365966e-10	0.2414224206449233	0.1021137411956374	0.0582847851900542	0.0104272161409696	0.0696313877152832	0.0464481786989808	0.004848530155156	0.0021574333044524	-0.0013610512509418	-0.0006021128745615	1.8524605076902383e-06	3.625399137127126e-07	-0.0004328434027762	0.0001552359803567	1.873534113268797e-07	2.4098209597305743e-08	-0.0002307944003843	-0.0004395709838828	5.3266055248748585e-08	1.9322264987169286e-07	0.0	0.0	0.0	0.0	0.0	0.0	0.0	0.0	0.0
252.9672758901952	0.081195173236324	0.0065926561568766	63992.44267130613	402.38426182105104	-2.1166894900724174	161913.09416127217	4.48037439738303	260.0973860078164	0.540150381094918	67650.65020809905	0.2917624341969851	278.36322185165614	254.0205093218838	1.200404	24.326899	0.3094785536254074	0.2264050209117503	-0.0877077217	-0.046169623	-0.0333784052	0.0734538441	0.0483811866	-0.0121096529	0.0598171514	0.1221117301	-0.0209303925	-0.0808075071	-0.0180119104	0.0563765297	0.0797813955	0.033949219	-0.0438195098	-0.0563597151	0.0106610265	0.1079746568	-0.0811963136	-0.0582235301	-0.0357779493	0.0766243595	-0.118395912	-0.0441855739	-0.0057156941	-0.0394567189	0.0654277488	0.1038028234	0.0848110034	-0.0857061975	-0.0544800489	-0.10079852	-0.0138644799	0.0170905332	0.0076464092	-0.025744255	0.0918462474	0.0332167144	-0.0484886747	0.0334441381	-0.0150909219	-0.0555455717	0.0698752576	-0.0389054366	0.0730188781	-0.0397059131	-0.0087314621	0.0633503895	0.0866831631	-0.0375815898	0.0486186124	0.1239711902	-0.03817527	0.0312190149	-0.0020423198	0.0975654474	0.0867500757	0.0962660175	0.0325520213	0.0802622152	0.0988996992	-0.003210104	-0.1049970595	0.1250342074	0.1411099126	0.0979846088	0.0143280062	-0.1016098925	0.0631593854	0.0728437151	0.0207972584	-0.0715048526	0.1276368525	0.0038451509	-0.0385082197	0.0061644839	-0.0438782296	-0.0807648364	-0.1340266457	0.0139191468	-0.0520330606	0.0278128115	0.0680994452	0.02768867	0.1195191543	0.0503365928	0.039666115	0.0069827726	0.0330729531	-0.0458074106	0.0657488326	-0.0306204256	-0.0229609802	-0.0338028681	-0.1053352647	-0.0335382737	0.0511100575	0.0132590974	0.041782499	-0.0493202841	-0.102385443	-0.0131111048	0.0052075587	-0.0013654525	-0.0711414239	-0.053521362	-0.0748618891	-0.0198201878	-0.1979896996	-0.0054655885	0.0352507359	0.0681389906	0.0411569633	-0.0095490047	-0.0929623712	-0.0334820755	0.0715819174	0.0810205835	-0.0042298956	0.0413644428	-0.0056990908	0.014657631	-0.0138025441	0.0937928197	-0.1395324806	0.0368308282	-0.0456996978	0.0388125446	-0.0461915236	-0.1158936552	0.0610189146	0.0181192917	0.0898314121	0.031569889	-0.0132267365	-0.0149959282	-0.0668298139	-0.057859623	-0.0050793399	-0.0216809895	0.050927799	0.0079050419	-0.0990042761	-0.0235185203	0.0952952857	0.0385470719	0.0	-0.0083458178374513	-0.0083592492053411	6.987704727699736e-05	6.965267537592029e-05	0.0151981949521484	-0.2262242256927749	0.0002309851298035	0.0511774002902955	0.0349943943464268	-0.0346369933688563	0.0012246076356732	0.0011997213096342	-0.0006915651586272	0.0006694860923145	4.782623686270643e-07	4.48211627802673e-07	-0.0005679206580084	-0.0001350772552322	3.225338737926941e-07	1.8245864881064904e-08	-0.0002301960407624	5.983596219000047e-07	5.2990217182684525e-08	3.5803423712031664e-13	0.0	0.0	0.0	0.0	0.0	0.0	0.0	0.0	0.0
252.4639913948104	-0.5032844953848041	0.2532952832947369	63738.066950998895	402.4018792026448	0.0176173815937659	161927.27238581993	0.0003103721342203	259.00325538032035	-1.0941306274960425	67082.68629760345	1.1971218300248838	277.53518161787275	254.1395826996324	1.073288	21.75083	0.2873339060997159	0.239610302378105	-0.0657573132	0.0100828516	0.0874808307	0.05148321	-0.0074785655	0.0851100906	0.0385743458	0.0161021123	-0.0632990375	0.0067536554	0.0463348265	0.0723379858	-0.0792845535	0.006242863	-0.0923340275	-0.0582285694	-0.036580524	-0.044163273	0.057924672	-0.0096005695	-0.0185466271	-0.0552389216	-0.0106969706	-0.0810586948	-0.1009237623	-0.0023269983	-0.0137942894	-0.0106238209	-0.0255985174	-0.0444283832	0.0237312858	-0.0148789459	-0.048421038	0.1553702569	0.1358800444	0.0499687437	-0.0765138326	-0.0142937945	-0.0560987123	-0.025007282	-0.0892407394	-0.0404722217	0.0394903761	-0.0756093961	0.0426105517	-0.1100487317	0.0058138789	-0.1464454241	0.0021330787	-0.130771471	0.0206009671	-0.0178032272	-0.0445052832	-0.0494815305	0.0277638687	-0.0111619338	0.1361390806	0.0791953934	-0.0895798121	0.0885227296	0.1044348569	0.1323027768	-0.0579398259	-0.0457061915	-0.0006961219	0.0387080223	-0.0317251087	0.0127445583	-0.0802788168	-0.0089720339	0.0500307369	0.0551546398	0.0523851039	0.0904925725	-0.0195279914	0.0262085237	-0.1006727988	0.0063359627	0.036851832	-0.0624022443	-0.0124769299	-0.0206301406	0.0285746057	0.0172714209	-0.0070002637	0.0012439204	0.019242905	0.0459673111	0.0431227742	0.0730311322	-0.0392373594	0.0254152712	-0.0920112448	-0.1162847573	-0.0579221579	0.0915889622	0.0602131733	0.0666147706	0.1497100468	-0.0216793632	-0.0126278212	-0.0191942161	-0.0712601966	0.0914577544	-0.1259679021	0.0445599034	-0.0324765932	0.0675912476	0.0096561202	-0.0671215289	0.0568304998	0.1361443765	0.0329380516	0.0284593332	-0.0705924032	-0.0097372678	0.06416372	-0.0760659385	-0.0428973999	0.0666896372	0.0240876666	0.0353655501	0.0526685599	-0.0797549376	-0.0393223767	-0.0183127277	-0.0392190696	0.0148431688	-0.0284991213	-0.0815638024	0.0561488843	0.0025078539	-0.0230124292	-0.015680036	0.0641597118	0.0320398083	-0.1044513647	-0.0418330721	-0.0330189268	0.0066058586	0.0582522355	0.0063263989	-0.0994524786	-0.0188784218	0.0970698092	0.031129725	0.0	-0.0084344479734852	-8.863013603390042e-05	7.855301013387695e-09	7.113991261742859e-05	0.2576726803256974	0.242474485373549	0.066395210186229	0.0587938760571674	0.047472232081553	0.0124778377351261	0.0022536128188048	0.0001556964345441	-0.0011210224091539	-0.0004294572505266	1.256691241825214e-06	1.844335300299527e-07	-0.0006109687929842	-4.3048134975800026e-05	3.732828660005703e-07	1.853141924894697e-09	-5.684236916476525e-05	0.0001733536715976	3.231054932263455e-09	3.0051495456380595e-08	0.0	0.0	0.0	0.0	0.0	0.0	0.0	0.0	0.0
252.69062335323807	0.2266319584277312	0.0513620445807888	63852.551130648055	401.1345805282113	-1.2672986744335049	160908.95169554403	1.6060459302209185	259.2782088118012	0.274953431480867	67225.189564656	0.0755993894831038	277.6325196220632	255.7995740112189	1.048182	21.242027	0.2278095593779525	0.1858426691565086	-0.0329663359	0.1220184612	0.0551776795	-0.0202998804	0.0512125681	0.0828264011	0.0792177167	-0.0562593661	0.0129909814	-0.0065394277	-0.0681378334	0.0509379586	0.0080828649	0.0277553798	-0.1295164213	0.0161006863	0.0301428636	0.0813246351	0.0623152645	0.0683422679	0.0819072163	0.0383866152	-0.0993254308	-0.069662174	-0.0647211511	0.1490034665	-0.0643502335	-0.0518091464	0.0295529008	0.0264426457	-0.1837170455	0.0980753486	-0.091094534	0.0353580885	-0.0191868524	-0.0698614957	0.0049891313	0.0476947571	-0.0638204971	0.0193834038	-0.0517354706	-0.0774316637	0.0829342562	-0.0409446308	-0.0883241824	-0.1224952003	0.0006562043	0.0633174307	-0.087841983	-0.0990848587	-0.0872155883	-0.1376312702	-0.0567405586	0.0628493082	-0.0542886365	0.0417204704	-0.0626736876	0.0265867488	-0.2068442087	-0.0018883129	0.1056580681	-0.0029855694	-0.0194186985	-0.0236961837	-0.0191467768	-0.0284772676	-0.0022197084	0.1352413189	-0.0069032303	0.0696766346	-0.045659312	0.0737781022	0.0217085448	0.1407249953	0.0659067248	0.0240788193	0.0192036123	-0.0796516831	-0.0591671755	0.0648658782	0.0354528072	0.036543785	-0.024045586	0.0814128559	0.1050564012	0.0378787668	-0.0569093886	0.072751314	0.0314709097	0.0116283652	-0.0931660192	-0.1134937015	-0.1085421894	-0.0314615773	-0.1930564545	-0.0924056866	0.0317695719	-0.0321965513	0.0182862354	-0.1546640241	0.005464576	0.0745585517	0.1001512817	-0.0632752881	-0.0480695548	0.0351850485	-0.0427985093	0.0895330338	0.0509469083	0.1223566159	-0.0756725741	0.0107599994	0.0731575297	0.0679428247	-0.0494498064	0.0606071348	-0.033085477	0.0268549215	0.0635276982	0.0789596608	-0.0065049688	0.0683799164	-0.0730972369	0.0078832556	-0.0922327571	-0.1073870564	-0.0032550384	0.035082705	-0.1357441375	-0.0959223809	0.1360077914	0.0516011573	0.111771077	0.0272951423	-0.0340425991	0.0033365126	-0.0361415469	-0.061635006	-0.0302346956	0.0483372077	0.0035712262	0.0047461793	-0.0998015448	-0.0141959864	0.0984573839	0.0235185203	0.0	-0.0084488106045483	-1.4362631063099748e-05	2.0628517105471782e-10	7.13824006315278e-05	0.0701430558168851	-0.1875296245088123	0.0049200482793306	0.0351673600684161	0.0314474638631026	-0.0160247682184504	0.0009889429834211	0.000256793196455	-0.0008515753188645	0.0002694470902893	7.251805236991749e-07	7.260173446542403e-08	-0.000652402009629	-4.143321664479998e-05	4.256283821679578e-07	1.71671144153493e-09	-0.0002307781426231	-0.0001739357734583	5.3258551112567886e-08	3.0253653288549145e-08	0.0	0.0	0.0	0.0	0.0	0.0	0.0	0.0	0.0
252.8685120297756	0.1778886765374636	0.0316443812402503	63942.48437615276	403.34263882547054	2.2080582972592424	162685.284294694	4.875521444095385	259.518347248398	0.2401384365967942	67349.77255854009	0.0576664687311525	277.77991790662725	254.5561935315104	1.093729	22.165066	0.1496977889588592	0.0991144201436624	-0.0641194023	-0.0027997118	-0.06919999	0.0054967825	0.0335384171	-0.0446467539	0.0547709518	0.0599355925	0.0436801007	-0.0274535447	0.0401485288	-0.0234490087	-0.0263514944	0.0013470181	-0.0850035438	0.0130494832	-0.0285029958	-0.0323731132	-0.1083538505	0.058635452	0.0612209635	0.0221635611	0.0465928103	0.0900383131	0.0790695004	0.0545439991	-0.085633901	0.0813300521	-0.051591297	0.0131598029	0.0181270204	0.0855412767	0.0992053684	-0.0734697385	-0.0598410737	-0.0808913204	-0.0010174122	-0.0968694448	-0.1016134556	0.0430534259	-0.1131554809	-0.0676662682	0.0389302649	-0.0508249123	-0.0209124203	-0.1217508122	-0.0119465945	-0.1584266516	0.0940652607	-0.0015367692	-0.0862074916	-0.0651688856	0.03752828	0.0148425967	0.0126086191	0.1411043826	-0.0049561363	0.0053796367	0.1188364587	0.1725991411	-0.0543944057	0.015570363	-0.134248677	-0.0157209002	-0.02043836	0.1209981262	-0.0430798937	0.0125142557	-0.0274480895	0.0135215682	0.0348948904	-0.1025752466	-0.0111712378	0.0824273188	0.0582713777	0.0561402597	0.0611429637	0.0593762277	0.0767472614	0.0963702356	0.0299477273	-0.0375036388	0.0208372995	0.0236862344	-0.076228479	0.0329234245	-0.0856835051	-0.0265417733	0.0162587501	-0.0806249743	-0.0301175194	-0.0346649615	-0.0653906255	0.1107818807	-0.0631583062	-0.0754645866	0.0150904199	0.1068100248	0.0384067162	-0.0401976117	-0.1749582563	0.0393452397	-0.0691283783	0.0615579757	-0.003278252	-0.0269707777	-0.056463278	-0.1029778182	-0.0038772928	-0.0451614323	-0.1339027558	0.1172913183	0.0887222779	-0.0167611237	0.0614527797	0.1313894064	0.1145974663	-0.0172475925	-0.043186501	0.0513690699	0.0192740195	-0.0262386611	-0.032117686	-0.0451530013	-0.0709033935	0.0466917334	0.1177650947	0.0265477646	-0.058427454	-0.0928895352	0.1485722331	0.0094090401	-0.0564076195	-0.0191930346	0.0776999687	0.0554986486	-0.0899299814	-0.026277043	0.0690082063	0.0567772791	-0.0307852924	0.0031647768	-0.1000511266	-0.0094817148	0.0994524786	0.0157608558	0.0	-0.0010991877378216	0.0073496228667266	5.401695628311198e-05	1.2082136829773663e-06	0.1681817014109583	0.0980386455940732	0.0282850846894847	0.0096115760299202	0.0500036254115769	0.0185561615484743	0.0025003625543012	0.000344331131413	-0.0012280615064876	-0.0003764861876231	1.5081350637165935e-06	1.4174184947097608e-07	-0.0005138583732327	0.0001385436363963	2.6405042774135685e-07	1.919433918591018e-08	-0.0002308154975954	-3.735497229999407e-08	5.3275793930212096e-08	1.395393955533324e-15	0.0	0.0	0.0	0.0	0.0	0.0	0.0	0.0	0.0
253.14643977739968	0.2779277476240906	0.0772438328994002	64083.11997197264	401.0810863866746	-2.2615524387959454	160866.03785711512	5.114619433423888	259.99982206172933	0.4814748133313173	67599.90747213092	0.2318179958724269	278.02929558077625	254.02962005368607	1.066182	21.606817	0.1807853215095666	0.1102640584483292	-0.0653520274	-0.0853585723	0.0208061006	0.0132891095	0.0763731347	0.0396000542	-0.0049220229	0.1028291993	-0.0148281595	-0.0650454754	-0.0828126807	-0.0432709069	0.0371064185	0.0263852012	-0.0217258118	0.0472121566	-0.0025137506	0.1075350226	-0.0023827977	-0.0867296133	0.0549599362	0.0288455415	0.0366828717	0.0717059478	0.0986997994	0.0587288174	0.0192025051	-0.1422994055	0.0871508455	-0.042677621	0.0210702906	-0.0223603629	-0.0977963743	0.1583350745	-0.0878779151	-0.0450265872	0.0613782078	-0.0022404664	-0.0557568576	0.0701659678	0.0105842245	0.0068710317	-0.0289924731	-0.0514684853	-0.1297236899	0.1076493879	0.1251580557	-0.1739553647	-0.0364108494	0.0771324363	-0.097776634	0.1600205774	-0.0098610871	0.1509094074	-0.09701189	0.0714664181	0.0706882558	-0.0021409246	-0.0143506083	0.0069733144	-0.0725471	-0.0126437051	0.0005917388	-0.1027488489	0.1300439793	-0.0158826388	0.0898819806	0.0708173972	0.0203371242	0.0496558672	-0.0313198499	-0.0418237599	0.1146736432	-0.0514084776	0.0720869855	-0.0132184037	0.0304902252	-0.0582847121	-0.1146853449	0.1151780988	0.0079470143	0.0091466015	0.0617124437	0.0625265086	-0.073034116	-0.1020767849	0.0022512851	-0.0110689113	-0.0334947045	-0.05479442	-0.0786882653	-0.0224720183	0.0574024653	-0.1556129437	-0.0884326801	-0.0368450468	-0.0269501637	0.0112652068	0.0905065014	-0.1248425286	-0.1094181068	0.0760986624	0.0661579013	-0.1012571638	0.202595206	0.0131678287	-0.0266245356	-0.0388879224	0.0447377184	0.0642348567	0.0966474949	-0.0750589965	0.0595425408	-0.0760397004	0.1207654499	-0.0560527286	0.004745018	0.0442377145	0.0583967654	0.0221836219	-0.0652503927	0.0463862543	-0.0316741051	0.0754873381	-0.158526901	0.0656858769	-0.078628983	-0.019936671	0.0405341477	-0.0938337514	0.142972645	0.0807781271	0.0835250617	0.0120550821	0.0797412409	-0.0823509675	-0.0926471719	-0.0253785706	0.0483821988	0.0011657342	-0.0439224704	0.0015825856	-0.1002009753	-0.0047461793	0.1000511266	0.0079050419	0.0	-0.0085085144140037	-0.007409326676182	5.489812179438367e-05	7.239481753330872e-05	0.0605061089581795	-0.1076755924527788	0.003660989221259	0.0115940332100569	0.0348874565022612	-0.0151161689093156	0.0012171346211971	0.0002284985624949	-0.0005670632060103	0.0006609983004773	3.2156067961068e-07	4.369187532338791e-07	-0.0007939542972763	-0.0002800959240435	6.303634261635033e-07	7.845372666583813e-08	-0.0001602250526905	7.059044490489999e-05	2.56720675096735e-08	4.983010911871721e-09	0.0	0.0	0.0	0.0	0.0	0.0	0.0	0.0	0.0
252.92290421117872	-0.2235355662209599	0.0499681493657251	63969.99547461709	402.3374342318601	1.2563478451854737	161875.41098427633	1.5784099081021823	259.32566286425634	-0.6741591974729886	67249.79941998594	0.454490623537424	278.1192878810151	256.3306227819345	1.17317	23.774998	0.2092643696392065	0.1823225007837047	-0.0227602321	0.074554072	0.0732807391	0.093734677	-0.0119820865	0.0717630733	0.0561564197	-0.0662085738	-0.1076280869	-0.036304066	0.0835190486	0.0111784583	-0.051802725	0.0417058006	-0.035957024	-0.1030281332	-0.1398662071	-0.0104711716	0.0405800039	0.0312217477	0.0390666443	0.0282096679	0.0230217912	-0.030420709	0.0741772817	0.1057515963	0.0668551604	-0.0410466499	-0.0303963166	-0.0137654679	0.0210671741	-0.155495606	0.0311185211	-0.0309579224	-0.0281439299	-0.0186465208	0.0803792389	0.0181229787	-0.0386638361	-0.1124803032	-0.0082926463	-0.0174285192	-0.0452573941	-0.0022275537	-0.0039464208	-0.0144931609	-0.0491515935	0.0020867819	0.0268782197	0.0216192758	-0.0649978712	0.0142834728	0.0150480081	0.0360582357	-0.0807539879	0.0675957189	0.0505580196	-0.1464941593	-0.0419477997	-0.099347744	-0.034964836	0.0426310397	-0.0768405711	-0.0369483716	-0.074294906	-0.0254113017	-0.0497504864	-0.1032341997	-0.0468760154	-0.0020431131	0.125368596	0.1138450784	0.0031779417	0.040670573	-0.0463835851	0.0500168766	-0.0452273291	0.0153868667	-0.0082687584	0.044209863	-0.0039098917	-0.0373997458	-0.0118952032	-0.0149900918	0.0514943695	-0.0353673383	-0.0245562644	-0.1193402084	0.1544318916	-0.0654692563	0.0060395098	0.0326280791	0.0781547001	-0.06933249	-0.0275712382	-0.0148837087	-0.0428388722	0.020614291	-0.0334260308	-0.0208947958	-0.0829345617	0.0396535575	0.0195877085	-0.0061180949	-0.0599330925	-0.0213470839	0.058624797	0.0485521443	-0.0118384731	0.0158529554	-0.016760964	0.0188056357	-0.0153900586	-0.0305043385	0.0513622744	0.0787702962	-0.0180632167	-0.0451682998	-0.1188300692	0.0377372555	0.0875388317	0.0140529281	-0.012389623	-0.0540289897	-0.0243434944	-0.0804708741	-0.032796751	-0.0344087277	0.0450801805	-0.0711943835	0.0880523536	0.0704363461	-0.0228029158	-0.0244760514	0.1803177264	-0.0424870313	-0.0832893593	-0.0066064656	0.0518602125	0.0143760993	-0.042718322	0.0	-0.1002509414	-0.0	0.1002509414	0.0	0.0	-0.0016403656909034	0.0068681487231002	4.717146688262427e-05	2.6907995998929888e-06	0.2430885981998756	0.1825824892416961	0.0590920665747805	0.033336365377694	0.0315507279053761	-0.0033367285968851	0.000995448431359	1.1133757729270816e-05	-0.0006800748140239	-0.0001130116080135	4.625017526696421e-07	1.2771623545819572e-08	-0.000647921343245	0.0001460329540312	4.198020670324051e-07	2.1325623663107767e-08	-0.0002307205521961	-7.04954995056e-05	5.3231973205673315e-08	4.9696154505440514e-09	0.0	0.0	0.0	0.0	0.0	0.0	0.0	0.0	0.0
253.36772359704457	0.4448193858658555	0.1978642860420769	64195.203360748375	401.1331380448252	-1.2042961870348563	160907.7944376888	1.4503293061066935	259.9080105653039	0.5823477010475813	67552.17395601414	0.339128844915403	277.8629255505519	256.04345648514936	1.261544	25.565948	0.1756787118511484	0.1284934558074381	-0.0200367695	0.0324508094	0.028959317	-0.1345311657	-0.0330047805	0.0472463018	0.0030112599	-0.0664483895	0.1296960146	-0.0905960883	-0.0497779018	0.0143295013	0.0114626329	-0.0019739892	0.0854532032	0.0185037086	0.1151517545	-0.0056516551	0.0816538474	-0.08094762	0.0248442005	0.113622265	0.0780267742	0.0674421981	-0.0180539023	0.0336239529	0.0760979041	-0.130650142	-0.0258720125	0.1053011641	0.0935600656	-0.0036437246	0.016691943	-0.0580447812	-0.1194979646	0.005793619	0.0083504326	-0.0523217643	0.0338502711	-0.0936154823	0.0344157339	0.0824632267	-0.0149436766	0.0001316535	0.0288580464	0.0769404198	-0.081285322	0.0900348354	0.1772658769	0.1550499973	-0.0287507406	-0.0506774304	-0.0739732376	-0.0177905432	-0.0245456668	-0.0131475361	0.0461790245	0.0414806593	0.0345956152	0.0825656451	0.0406865633	-0.0586608651	-0.0949529177	-0.0472531411	-0.0088753302	-0.0767054849	0.0302350138	0.0079266895	-0.0031296357	0.0332421999	-0.1340333757	0.0045021184	-0.0633432017	-0.0423412246	0.0432667524	-0.0308515503	-0.0530563939	-0.0461451352	0.0496538891	0.1174431178	0.0147058367	0.0226869046	0.0608653271	0.0889761498	0.0143045893	-0.1290650639	0.0225111671	-0.0938205664	-0.0318751073	0.0869643183	-0.0082618072	0.0353384183	0.0859549915	-0.0709790462	0.0962726434	-0.0971654455	-0.0860738554	-0.0260134094	-0.0334284955	0.0101152624	0.0290693344	-0.0245951312	0.0615451246	0.0455512885	-0.0234556189	-0.0083946173	-5.19403e-05	-0.0343877735	-0.1712185454	-0.0311492546	-0.0301221114	-0.0953502069	-0.1231797033	-0.0966627187	0.0796144173	0.0449423715	-0.0351265295	-0.0068347647	0.1460007478	0.031867635	-0.0577571122	0.0347851647	-0.0127557327	-0.0333270565	-0.0938587207	-0.0182913374	0.0832975417	-0.0680071826	0.0268315685	0.0098370641	0.0783431355	0.2131649915	-0.0032559593	0.016709645	0.0242577945	-0.0792587325	-0.0428763074	0.0032349815	0.0286318293	0.070241975	-0.0492974358	-0.0015825856	-0.1002009753	0.0047461793	0.1000511266	-0.0079050419	0.0	-0.0085309273488149	-0.0068905616579114	4.747983996148008e-05	7.277672143075801e-05	0.1180609483419061	-0.1250276498579695	0.0139383875233902	0.015631913229007	0.0439060076694985	0.0123552797641224	0.001927737509474	0.0001526529380497	-0.0008382204695784	-0.0001581456555545	7.026135556202334e-07	2.5010048370762576e-08	-0.0007937677021372	-0.0001458463588921	6.300671649561706e-07	2.1271160402112395e-08	-0.0005548329491723	-0.0003241123969762	3.078396014872321e-07	1.0504884587365786e-07	0.0	0.0	0.0	0.0	0.0	0.0	0.0	0.0	0.0
254.28404918073988	0.9163255836953113	0.8396525753345528	64660.37766775294	407.08341055996016	5.950272515134941	165716.90315312907	35.405743004370294	260.553298305244	0.6452877399401018	67888.02125774148	0.4163962673170044	279.2875273005077	259.7245189292805	1.377611	27.918102	0.1211425885485454	0.0608447078188272	0.0090666724	-0.01887863	-0.1572999434	0.0773553648	-0.1148090688	-0.1411816685	0.0414922567	0.0011038297	-0.0199655673	-0.0558178982	0.0053987609	0.0031449975	0.0811559212	-0.0032638985	0.054001304	-0.1276582351	-0.1221298533	0.0907292375	-0.0285283558	-0.0465372798	0.0264106537	0.0047741348	0.1074240008	0.0371493673	0.0904660827	-0.0681465238	0.0217516087	-0.0508337193	-0.0913625132	-0.0639941353	0.0492782443	-0.039440396	-0.0793902796	-0.0032264491	-0.0095005323	0.0895773553	-0.1398562358	0.0099776315	-0.0819330066	0.0463831	-0.0081362981	0.0252759313	0.0434490064	0.0216489427	0.0186231447	-0.169179084	0.00732347	0.0124404748	-0.0383552045	0.025574771	0.0456446712	-0.0585042366	-0.0377524368	0.0461527019	0.0492040358	0.0564894867	-0.0955228363	0.0303244325	-0.1219782829	0.1383398097	-0.0673515426	0.0876713308	-0.0447805142	0.0366684186	0.0321840746	0.0091390278	0.0447326864	0.0906229089	0.0960118734	0.0010543064	0.105528848	-0.0806396157	-0.0445388987	-0.0182044799	-0.089263648	0.0904573344	-0.0022237668	-0.0757844488	-0.0058654996	0.1203886029	0.0640184225	-0.0813988062	0.0429624888	0.079151192	-0.0734641043	-0.0490076693	0.0517698968	-0.04570304	0.0124179786	-0.0407124563	0.046494111	-0.0575255409	0.1423966529	-0.0812510989	-0.0288740438	-0.003704187	0.1150827383	-0.0357069917	-0.0059153748	-0.1660965881	0.0042021807	-0.0408894144	-0.1352967373	0.0634491135	-0.0903456361	0.0325968639	0.088328452	-0.0302212677	0.0197715338	-0.0210603246	-0.0023174801	0.0768068163	0.1518756141	-0.008980737	0.0289312233	-0.031706953	0.1015626188	0.0770623314	-0.1271548045	-0.0114903007	0.050222631	-0.0350804674	-0.0540494626	0.0685862486	-0.1248525615	0.037666437	0.0611928724	-0.0171101236	-0.0234946056	-0.0746508319	-0.0111863427	0.045757272	-0.0446941234	0.0266178706	0.0060518311	-0.0146829947	-0.0687433901	0.00587036	0.1090272863	0.1234860877	0.0441566833	-0.0031647768	-0.1000511266	0.0094817148	0.0994524786	-0.0157608558	0.0	-0.0084489147822779	8.201256653699897e-05	6.726061069985682e-09	7.138416099819402e-05	0.0737023604596913	-0.0443585878822148	0.0054320379373302	0.0019676843189041	0.0174935976807049	-0.0264124099887936	0.0003060259598143	0.0006976154014161	-0.0007150277353203	0.0001231927342581	5.11264662277277e-07	1.5176449773986848e-08	-0.0002359176478243	0.0005578500543129	5.565713655495045e-08	3.111966830969055e-07	-0.0002300841755233	0.000324748773649	5.2938727826236724e-08	1.0546176598652947e-07	0.0	0.0	0.0	0.0	0.0	0.0	0.0	0.0	0.0
252.9937288939964	-1.29032028674348	1.6649264423817765	64005.82685968896	402.8248092873291	-4.25860127263104	162267.82697737307	18.135684799254715	259.8080098110903	-0.7452884941537263	67500.2019619996	0.555454939517929	277.9219373239421	255.658880380299	1.354196	27.443579	0.2265009484285496	0.159007143000565	-0.0509576781	-0.1320342625	0.0153313523	-0.0317967288	-0.0168262534	0.0222073877	-0.0475489271	0.1470170431	0.0617341956	0.0226383701	0.0365185416	0.0914300344	-0.0541343515	-0.0079783954	0.0349513719	0.0019836953	0.0494957498	-0.0403987544	-0.1002165608	-0.0317997275	-0.0220678951	0.0697070723	-0.0151672971	0.0685523846	-0.070428869	-0.0308205261	0.0316258122	-0.0093833493	-0.1190271486	-0.0872420517	0.0081304205	-0.0359881813	-0.1995422399	0.0029453084	0.0766693002	-0.0008449735	0.0415112551	-0.1316359245	0.0568935948	-0.0930689283	-0.0168241309	0.1037159014	0.0507495266	0.0247733523	0.0598730471	-0.0078051005	0.0529655656	-0.0718492068	0.0721080262	-0.0563253031	-0.1269993783	-0.0963225399	-0.0189570931	0.0833703039	-0.076127906	0.2346534969	-0.0515106572	-0.0400356356	0.0149421366	-0.0020586903	0.0505547643	-0.0081114064	0.126594387	0.0125001648	0.0016727079	-0.0216433081	0.1372085513	-0.0625735459	-0.0559626166	0.014323445	-0.046447485	-0.0736867904	0.0729225769	-0.035322672	-0.077530119	-0.1047848513	-0.0587601721	0.0479840842	0.0128192817	0.0343972291	-0.0200219307	-0.0269861296	0.1052179063	0.0536424044	0.0557677641	0.0925695746	0.0061464338	-0.0889068251	-0.035340801	-0.0090523276	0.0486554069	-0.144612078	0.0740882992	-0.1320778107	-0.0145548583	-0.0960991997	0.0096825052	0.0361755409	0.0333383353	0.0927575473	0.0992447182	-0.0212757698	-0.0273598184	0.1058355354	0.0218499072	-0.0164288643	-0.0159609378	0.0465319028	0.0990892108	0.089699535	0.0021347065	0.2379640231	0.0302430379	-0.0206595185	0.0881292462	0.0687923565	-0.060634598	-0.0598819763	0.0566121264	0.0144553702	0.026251101	0.0296288756	0.0394210571	-0.0550081383	-0.0774651628	0.0647483537	0.0230142743	-0.0015027462	0.0078691487	-0.0556714221	-0.0087992629	-0.017983803	0.0533220443	0.0240331916	-0.0687522584	0.0511032401	-0.160303295	-0.0051119401	0.1712439741	-0.014297365	-0.0476476484	-0.0047461793	-0.0998015448	0.0141959864	0.0984573839	-0.0235185203	0.0	0.0018854331805329	0.0103343479628108	0.0001067987478164	3.554858278254407e-06	0.231905088028995	0.1582027275693037	0.0537799698537359	0.0250281030103673	0.024912921049065	0.0074193233683601	0.0006206536351969	5.504635924429428e-05	-0.0011670918149925	-0.0004520640796722	1.362103304622488e-06	2.043619321298732e-07	-0.0007938657051189	-0.0005579480572946	6.302227577639284e-07	3.113060346388183e-07	-0.000230963029118	-8.788535946999967e-07	5.3343920819362113e-08	7.72383640917106e-13	0.0	0.0	0.0	0.0	0.0	0.0	0.0	0.0	0.0
252.7368523036628	-0.2568765903336043	0.0659855826614183	63875.91651236347	400.6754121900354	-2.149397097293729	160540.78593365476	4.619907881854708	259.6485370121922	-0.1594727988980935	67417.36277257175	0.0254315735883917	277.730045672068	254.32936960784053	1.137911	23.060436	0.0640528390927817	0.0448267001470207	-0.0557811296	-0.0192058928	0.0458397282	0.0891444558	-0.0417123738	0.0689621187	0.0453601797	0.0740777309	-0.1045814898	-0.0139398214	0.0247310499	0.0447634276	-0.0028446128	0.0538848248	-0.0466631594	0.0246448575	-0.0597006085	0.1013499834	-0.025894076	-0.1525731059	0.06476576	-0.003056974	-0.0133048821	0.0124966557	-0.0865981153	0.0106787068	-0.0217855549	0.0391727601	0.1403791046	0.0013182531	-0.0246529044	-0.0075753966	-0.0473568146	0.040916739	0.1402470375	-0.074041126	0.1466077356	0.0428168934	0.0405637551	-0.0240113696	-0.0149299892	-0.0509452119	0.1291981619	0.065764777	0.0332650259	-0.1398278845	-0.0650134906	-0.0116622461	0.0603742655	0.0273501563	0.0281869716	0.1247713856	-0.0392206614	-0.0570553252	-0.0415567475	-0.1450743559	0.1226818874	-0.0784634033	0.042629427	0.0117552423	0.0078621158	0.0085965852	0.019817918	-0.0703613133	-0.0860833733	0.0701808896	0.0226283194	0.0551244354	-0.0182826037	0.0557711388	0.0991711545	0.0006270701	0.1185013791	0.0113938852	0.0075465689	-0.0195584183	-0.022861376	-0.1055510531	-0.120252869	0.02167674	0.0792862176	-0.0374482332	0.0245353499	0.0490370024	0.0586768693	-0.1255451277	0.0407812153	0.0543870713	-0.0352735806	-0.0122718478	-0.0096205071	-0.065353788	-0.0603773931	0.0382698102	-0.0335160967	0.0565982756	0.0363728582	0.132248458	-0.0694946074	0.1145163019	-0.0033740539	-0.1221011376	-0.0245639649	-0.0151312284	-0.0929390622	-0.0942100471	-0.0213663966	0.0148184791	0.068948744	0.0338491309	0.1108596872	-0.0231378948	0.0251584969	-0.0442839402	-0.075962903	0.0334250356	0.0834415502	-0.0095204075	-0.0946961792	0.0345422078	0.0141778493	0.0245971654	-0.0297293207	0.0453499236	-0.1712034729	-0.0022747566	-0.06747094	-0.0343860793	0.0375050212	-0.0695920092	-0.0095224622	-0.0138796711	-0.0030753021	0.1233332729	-0.0763292545	-0.0806205799	-0.0180751265	-0.0376422759	0.0087167085	-0.0610053619	-0.0952778531	-0.0063263989	-0.0994524786	0.0188784218	0.0970698092	-0.031129725	0.0	0.0017314584238192	-0.0001539747567137	2.3708225705043112e-08	2.9979482734144683e-06	0.1878923392659715	-0.0440127487630235	0.0353035311548389	0.001937122053677	0.0249389052491295	2.598420006449942e-05	0.000621948995025	6.751786529919315e-10	-0.0007700921398554	0.000396999675137	5.93041903867069e-07	1.576087420589629e-07	-0.0007939112790302	-4.5573911299943634e-08	6.302951189713681e-07	2.07698139117513e-15	-0.0002308056507068	1.573784112000041e-07	5.327124839818936e-08	2.4767964311837567e-14	0.0	0.0	0.0	0.0	0.0	0.0	0.0	0.0	0.0
251.8964862047564	-0.8403660989064008	0.7062151801911626	63451.83976230303	399.0539364740721	-1.6214757159632995	159244.04421545277	2.629183497458695	258.5714507707608	-1.0770862414314024	66859.19515369598	1.160114771480825	276.75161602050173	254.0448662311865	1.156004	23.427114	0.2032732917457229	0.1775092312230069	-0.0637991206	0.0252191557	0.1387679836	-0.0493325344	-0.0049976389	0.1689694955	0.0366410496	-0.0332080967	0.0180030226	-0.0123007322	0.0531843973	0.0529140675	-0.1333781308	0.0165259721	-0.1241745566	-0.0094491022	-0.0109649466	-0.0971868084	0.0558512319	-0.0043578105	0.0981354171	0.0686778465	-0.0470820111	0.00379891	-0.0314433153	-0.0313148143	-0.016658625	-0.0184598941	-0.0201026147	-0.0720723944	0.058917402	-0.1139083984	-0.0076251751	-0.0819799418	0.0216123373	-0.0122242503	-0.0967345424	0.048265721	0.1254563889	0.082800352	0.1329108673	-0.0469086233	-0.0018641631	0.0490927082	0.0218218064	-0.0671122525	-0.0325329839	0.0608773925	0.1423857283	-0.0281030561	0.0115857006	-0.0036429321	-0.0422844083	0.0935836236	0.03353155	-0.136108892	0.0390353787	-0.002288864	-0.0741906776	-0.0456576312	-0.0041542663	-0.0142994527	0.0493040855	-0.1114352079	0.000492189	-0.0710575122	-0.0664433687	0.0391396441	-0.1462160525	0.0240114628	-0.0284755594	0.0933985364	0.0552735365	0.097631432	0.0149320032	0.0047723435	-0.0658786998	0.1381105674	0.0068226247	0.0035761924	0.0451024961	-0.095066932	0.0527483173	0.0021015973	0.0917602177	-0.0063637619	0.036039025	-0.1127650406	0.0236402983	0.0114576009	-0.0146726347	0.0931359077	0.0020171883	0.0303355367	-0.0227167927	0.0186112613	0.1424825479	-0.1604739762	0.0719376844	0.0588682978	0.0130140037	0.0696012468	-0.0022344987	0.0329504718	-0.047657551	-0.1200982945	0.1206746629	0.0068901039	-0.0155260318	0.0706453892	0.1060324235	-0.0581157303	0.0104499533	0.006888759	-0.0111881245	-0.0410470861	-0.036069147	-0.124203879	0.0441859268	0.0706864977	0.1099239493	0.0940469993	0.1015956953	-0.0548119556	-0.0503962054	-0.0706988103	-0.0461016252	-0.0603938228	0.0717669575	-0.0768252311	0.0001048835	-0.0433277808	-0.0774167226	0.0175605905	-0.0103828944	-0.0693247533	-0.0635418664	0.0562052206	-0.0073272868	-0.0268089107	0.0074882846	-0.0079050419	-0.0990042761	0.0235185203	0.0952952857	-0.0385470719	0.0	0.0076943943583813	0.005962935934562	3.555660495969198e-05	5.9203704542289976e-05	0.3664089561150234	0.1785166168490519	0.1342555231213011	0.0318681824912312	0.0325359263868634	0.0075970211377339	0.0010585865058513	5.771473016717573e-05	-0.0009070570816183	-0.0001369649417628	8.227525493139072e-07	1.8759395272114568e-08	-0.0007939351172701	-2.3838239900054667e-08	6.303329704346875e-07	5.682616815325583e-16	-0.0001438600742221	8.694557648469999e-05	2.069572095518812e-08	7.559533270256815e-09	0.0	0.0	0.0	0.0	0.0	0.0	0.0	0.0	0.0
252.6875172284436	0.7910310236871965	0.625730080435614	63850.98136307498	401.6292044411665	2.575267967094419	161306.01786004432	6.632005102342621	259.1043486744536	0.532897903692799	67135.06350201282	0.2839801757601796	277.3046549132953	255.4873123705437	1.112833	22.552223	0.2168431105815396	0.1900140135532159	-0.026877764	0.1215213774	0.0021718511	-0.0393137385	-0.0787823791	0.0245809355	0.126051012	-0.0977873537	0.0032619949	-0.1479700401	0.0278454214	-0.0271593944	-0.0254441525	0.0226396659	-0.0813044653	0.0721451191	-0.076941807	-0.0235599359	0.0930450055	0.0668625246	0.0279134373	0.145129179	-0.0010579838	-0.0879857445	0.0566803353	0.1097951146	0.1499122496	0.0955319801	-0.0127111035	0.0157564592	0.1494861742	0.1168650618	-0.0047168609	-0.0018003732	-0.0165571357	0.0379262194	-0.0116361833	-0.0896265505	0.026821783	-0.0458088526	0.0944621382	0.0774205467	0.0862276897	0.1130870291	0.0053012761	-0.0208480607	-0.0941118705	0.0348535458	-0.045229817	-0.0269960118	0.0355980506	-0.0531956667	0.0211266834	-0.0869114672	0.0567328662	0.09389692	0.1876942268	0.002674797	-0.068955142	-0.0552345257	0.0004422295	-0.0047818772	-0.125857968	-0.0076248995	0.0373316416	0.0251574853	0.0015461545	0.0889019092	-0.0315788195	0.03503963	0.0457201692	0.0040754446	-0.0722062046	0.1094641576	0.1768651485	0.0287983445	0.051534491	0.01207217	-0.0069513726	0.0823518892	0.0390597355	-0.0101454349	-0.0918798528	0.0348386303	0.0991415246	-0.1286280969	0.2032420336	-0.0670296129	0.0920687321	0.069080049	0.1108444199	-0.0736656186	-0.06735467	-0.0593150095	0.0121258534	-0.0087946958	-0.0830419476	0.0735463547	0.0338449538	0.0324030412	0.0545892998	0.0054056606	0.0241970299	0.0755869219	0.0610474277	-0.0338674573	0.1136599778	-0.0091505155	-0.0959430538	-0.0557064412	0.0239528784	0.0329338628	-0.0111840208	-0.0266836366	-0.0699739834	0.0032052621	-0.0142073195	-0.0141483466	-0.0249343786	0.0790821458	-0.0374666905	0.0891062863	-0.0159348593	-0.0105390333	-0.1157529827	-0.0615600516	0.0942469028	-0.0776475123	0.0969830771	0.1060205805	0.0511547733	0.0764083632	-0.0140413872	0.0767638757	-0.0812545085	-0.1643515798	0.0671550356	0.0738915928	-0.1072888503	-0.0692790241	-0.0498413298	-0.0094817148	-0.0984573839	0.0281058757	0.0931408873	-0.0457243701	0.0	0.0019304770582095	-0.0057639173001717	3.322274264321976e-05	3.7267416722732056e-06	0.1746992514243714	-0.191709704690652	0.0305198284482357	0.0367526108725769	0.0375103749589342	0.0049744485720708	0.0014070282295598	2.474513859617722e-05	-0.0007060923309988	0.0002009647506194	4.98566379895319e-07	4.0386830991557793e-08	-0.0007939188800876	1.6237182500020847e-08	6.303071881595491e-07	2.6364609553898327e-16	-0.000230779886793	-8.69198125709e-05	5.32593561481899e-08	7.555053817360385e-09	0.0	0.0	0.0	0.0	0.0	0.0	0.0	0.0	0.0
253.21782804003576	0.5303108115921589	0.2812295568915342	64119.26843731312	401.6722770696916	0.0430726285250671	161340.61816635108	0.0018552513280584	259.5660643499328	0.4617156754791836	67374.54176211345	0.2131813649831987	277.6846274187628	256.11644551816056	1.108123	22.456766	0.1137477755908557	0.0726776046407714	-0.0402982954	-0.0463495833	0.0141221574	-0.0754939315	-0.0487502341	0.0121161169	-0.0005010323	0.0392031718	0.0414488718	-0.1251079116	-0.031541053	-0.1042641032	-0.0489495961	-0.0439102406	-0.0429492972	-0.038041762	0.1064312657	-0.021313326	-0.0053117294	0.0393483338	0.0781418506	0.0930557471	-0.0499233343	0.0385655316	0.0674289748	0.0870678292	0.1042339974	-0.0656263631	0.1064460705	0.0667683161	0.1882372727	-0.0999897143	0.0107404682	0.0802881772	-0.0845784796	0.0097468126	0.0856228515	0.1267206467	-0.0300005713	0.0895650666	-0.0551929938	0.0332269555	0.0266135296	-0.0656092427	-0.0691302439	-0.0461764326	0.0014456265	-0.0792340173	-0.0927144703	-0.0351406974	0.0475324534	-0.0017963587	0.0190498167	-0.0993538169	0.0677728632	0.0027837419	-0.0763906838	-0.083631788	-0.0386323334	0.0582220176	-0.0808869543	0.0073380602	-0.0705033334	0.0113494378	-0.0486736923	-0.0065465791	0.0568610029	0.0613281109	-0.0461813504	-0.0147834338	-0.1055148701	-0.0619003513	0.027920713	0.0213058082	-0.0055418419	0.077421486	0.0498436403	0.0896665032	-0.0752796337	0.1163936466	-0.0080924048	0.0604915703	-0.0585982018	-0.0329349849	0.1063163861	-0.1645922938	-0.0967175884	-0.0916741788	-0.0271144693	-0.0480562068	0.1018572679	0.1177396817	-0.1071637556	-0.1097434512	0.101062719	0.0916206107	-0.074693437	0.1093065833	-0.046032025	-0.0437575395	-0.0986324232	-0.0202381316	-0.0748615987	-0.0827320111	0.0390829929	-0.0250857381	-0.0066901981	-0.0419800987	0.032681859	0.0570095379	-0.0599963287	-0.0455328297	-0.0132516591	0.1145998256	0.0290278953	-0.0391319618	-0.0586186188	-0.0446116538	0.0884116375	0.0039451392	0.1118628027	-0.0231925023	0.0099989024	0.0721965035	-0.1653385065	0.0024327015	0.0122572188	-0.0797605573	0.0679720958	0.0089432892	0.1089958676	-0.0225576967	-0.227605474	0.0271406187	-0.0389573209	-0.0310925399	0.1107548347	0.0365571846	0.0862644523	-0.0979965259	0.0078476667	-0.0110560246	-0.0978123473	0.0326302004	0.0906152019	-0.0526169234	0.0	0.0050196386837768	0.0030891616255672	9.542919548877602e-06	2.5196772515668484e-05	0.2438752068343603	0.0691759554099888	0.059475116508502	0.0047853128068847	0.0248240661036547	-0.0126863088552795	0.0006162342579186	0.0001609424323715	-0.0008702548574632	-0.0001641625264644	7.573435169382946e-07	2.6949335095174832e-08	-0.0007937199969743	1.9888311330001733e-07	6.299914335968828e-07	3.955449275590753e-14	-0.0006423454712157	-0.0004115655844227	4.126077043913197e-07	1.6938623028119865e-07	0.0	0.0	0.0	0.0	0.0	0.0	0.0	0.0	0.0
254.37947079969467	1.1616427596589176	1.3494139010679858	64708.91516433271	406.3361124362586	4.663835366567014	165109.03626981177	21.751360326441272	260.9509086514041	1.3848443014713323	68095.37672599345	1.917793739317623	279.9057413184124	259.6754484745157	1.301929	26.384363	0.3526442436287141	0.295106778686251	0.0388746055	-0.0342236573	0.0537915632	0.1254093883	-0.0900410915	-0.0388745166	-0.0477873953	-0.0050784399	-0.1259690526	-0.0463642257	-0.1312698927	0.0180805591	0.1745984176	-0.0181740611	0.039311079	-0.0666734292	0.0140550535	-0.0685793659	0.0315941555	-0.0745497182	0.0361336118	0.0805939466	0.0693724176	0.1303799956	-0.1607262055	-0.0596900437	-0.1086674978	-0.0356180765	-0.006902431	0.0444792243	0.0867606513	-0.1042297703	0.0116630647	-0.0476611381	-0.0556617922	-0.0829821171	-0.114058496	-0.1019924487	0.0034494736	0.0111912412	-0.0887330655	0.1301911421	-0.0382568039	0.099341824	-0.0577571471	0.0185439954	-0.1230095874	0.0276701155	-0.087617889	-0.0591180005	0.0192163271	-0.0621446966	0.0922854557	0.0047929492	0.0817478182	-0.0621720395	-0.0013569272	-0.0064109444	-0.0687456734	0.0401226861	0.1087498633	-0.0261537161	0.1163953798	-0.0505136537	-0.0246298027	0.0628925934	0.1002946284	-0.0924990598	0.1657183994	-0.0123505555	-0.0022016052	0.0844862009	0.0926534479	-0.0474764405	-0.0339959961	-0.0139338478	-0.1112374172	0.066663562	0.117261516	0.1322530522	-0.0297952666	-0.0190082687	0.1042484305	0.0238196085	0.0399517465	-0.0405667299	-0.012387663	0.0629120285	-0.1122352277	-0.0385467038	-0.0672362266	-0.0130857376	0.0517344307	0.0389894474	0.2439472758	0.0133281319	0.0299392278	-0.0015840471	-0.0091357017	-0.0765586925	-0.002163326	-0.0297392943	-0.0359682145	0.0638063354	0.1372443553	-0.1069638138	0.016330176	-0.0699656476	-0.0276428236	0.0023036023	-0.0915013899	0.0116749698	-0.0315147086	0.044861561	-0.0356282057	-0.0138055965	-0.0790391755	0.1464515467	-0.0270346481	0.0459262601	0.0646928758	0.0017591933	0.0732629891	-0.142606793	-0.1042483719	0.0027163545	-0.0253499407	-0.1370400163	-0.0155141444	-0.0608898888	0.0148622944	0.0297011918	-0.1180521021	0.0449961203	-0.0141653713	-0.0779025736	0.0967274302	-0.0114518496	-0.0405073818	-0.0264606353	0.0429328914	-0.012627579	-0.0970698092	0.0370813481	0.0877282978	-0.0591818091	0.0	-0.0094691671418587	-0.0144888058256355	0.0002099254942529	8.966512636045647e-05	-0.050271189209937	-0.2941463960442972	0.0025271924645812	0.0865221023058485	0.0482674448008211	0.0234433786971663	0.0023297462276003	0.0005495920047387	-0.0007611356223596	0.0001091192351036	5.793274356247356e-07	1.1907007469594748e-08	-0.0007938704596337	-1.5046265940002557e-07	6.302303066790222e-07	2.2639011873728092e-14	-0.0003403019077464	0.0003020435634693	1.1580538841583935e-07	9.12303142332331e-08	0.0	0.0	0.0	0.0	0.0	0.0	0.0	0.0	0.0
254.52915780370927	0.149687004014595	0.0224061991708653	64785.09217226553	407.81488966791886	1.478777231660274	166312.98423485685	2.186782100876824	260.18409973326635	-0.7668089181377695	67695.7657540103	0.5879959169356165	279.3402325663495	263.0166034600396	1.199958	24.317858	0.3380946220600996	0.2843813003269158	0.0885583625	0.0467622917	0.0049649888	-0.0035214226	-0.1254662466	-0.056666396	-0.0534521886	-0.1299189591	-0.0282422925	-0.1079228719	0.0500909908	0.0225991587	-0.005205575	-0.0961097898	0.1151459307	-0.0647987533	0.0012835735	-0.0894503729	0.0771217835	-0.0980686928	0.0894780476	0.0896430294	-0.0006560755	-0.1163508033	-0.1021255922	0.1060362127	-0.070337066	0.0112879784	0.0229656153	-0.0990397877	0.0658866999	0.054383734	-0.0169803104	-0.0212101488	-0.0686193736	0.0441768833	-0.0835507694	0.0184630509	0.0176518305	0.0581279928	0.1547690478	0.0180566419	-0.2199903598	-0.0033471486	-0.0079300315	0.0277037126	-0.0336748097	-0.0485102478	-0.034938083	0.0422594906	-0.0239672869	0.0798384701	0.0474845126	0.0424103025	0.098885674	0.0784411991	-0.0778320127	-0.0003565989	0.0360928027	-0.0086633546	0.0552534124	-0.0597893896	-0.0350686904	-0.0575143097	-0.0727688598	-0.0246307369	0.0784124297	-0.0575633538	0.0218447845	-0.1351892752	0.0217857047	0.0226040824	-0.1128757411	-0.0366665971	0.0285865799	-0.008936836	-0.1652960832	6.9833e-05	0.0357266796	0.1772670929	0.0540579444	0.038669349	-0.0450144359	0.0187830542	0.0723807363	-0.0395618082	-0.0102412096	-0.0240723381	-0.0197633621	0.0466521736	0.0488154321	0.0290221495	0.0028652864	0.0087030344	0.0046411734	0.1422262649	0.0574689999	-0.1562119335	0.0586576771	0.0386197679	0.0024844734	0.0293004118	-0.076976751	-0.0926713045	0.1862369555	0.0257243709	0.0600860658	-0.082885508	-0.0529573212	0.0467148769	-0.0476121081	-0.0098679047	0.0126276476	-0.0597099799	0.0383535557	0.0065919813	0.070344932	-0.0438375768	-0.0341964323	-0.0435201046	-0.0580953543	0.0254479105	0.1072207167	-0.0600908632	-0.0918945635	-0.0785060181	0.09026572	-0.1383897351	-0.0369858386	-0.0022862388	0.0614927432	0.071118762	-0.0885215362	0.016794405	-0.0507564066	-0.0071305623	0.0764181192	-0.0179395331	0.0644100652	-0.0482315646	0.1613229815	-0.0141959864	-0.0962305098	0.0414493366	0.084491683	-0.0653781449	0.0	-0.0095019701932272	-3.2803051368499384e-05	1.0760401790844092e-09	9.028743755297815e-05	0.2388285840839472	0.2890997732938842	0.057039092575543	0.0835786789185752	0.0478458127457841	-0.0004216320550369	0.0022892217973046	1.777735898347187e-07	-0.0015070819732846	-0.000745946350925	2.271296074199404e-06	5.564359584583234e-07	-0.0006603128200575	0.0001335576395762	4.360130203322884e-07	1.7837643089166152e-08	-0.0002489976250514	9.1304282695e-05	6.199981728123758e-08	8.336472038448479e-09	0.0	0.0	0.0	0.0	0.0	0.0	0.0	0.0	0.0
254.7789078331297	0.2497500294204258	0.0623750771955035	64912.2918766424	404.6390388746681	-3.175850793250788	163732.75178141514	10.08602826099166	260.52137472948465	0.3372749962182979	67871.38669094056	0.1137544230740528	279.1380322049196	261.0425818272742	1.166875	23.647408	0.2788740237709042	0.2166192151145867	0.0648034045	-0.072057436	-0.0413050325	0.0014535044	-0.0420621677	-0.055665924	-0.0839892746	0.0178334752	0.0189817778	-0.043897247	-0.1170118088	-0.0041437571	0.1080010005	-0.0416023892	-0.0160032821	-0.0800643754	0.0765587231	0.0458970076	-0.0192012849	-0.1128899563	0.1126093283	0.0492759824	-0.0346957233	0.0337600601	-0.0292966696	-0.0089696119	0.0757809973	0.0281528871	0.033708793	-0.00155762	-0.0925903694	0.1853386631	0.0783478365	-0.0629648544	0.002406987	0.10551983	-0.0852493278	0.0319744131	-0.0430321022	0.0704516255	0.0163876641	-0.0370349466	0.0439713574	-0.0517214423	0.0159034714	-0.0585093055	-0.158149166	-0.1037126949	-0.0097869012	-0.0529292837	-0.0157215993	0.0096803885	0.0647356615	-0.033808145	0.0468887081	-0.0351248477	0.0530244516	-0.0831591106	0.0348827241	0.0225268633	-0.0471710788	0.0405762435	0.0120065634	0.0923972483	0.0305722269	-0.1074171662	-0.0968730619	0.0769379753	0.1157456539	-0.0369636787	-0.0934703657	-0.0611054093	0.0498772708	-0.0599203885	-0.0734777804	0.1021296316	-0.0380488738	-0.0527172183	-0.0648519322	0.0743166015	0.1033325832	0.0251309443	-0.0443319505	0.0850926759	0.060485007	0.0726264545	-0.0629387434	-0.0025474441	-0.1174517962	0.1451367848	0.0529711135	0.0449100051	-0.1424659009	0.1321549062	-0.0829410928	0.0783024933	-0.0298081225	0.0137132897	-0.0387654183	-0.1245882576	0.0420507405	0.0052349026	-0.0773103257	0.019643004	0.0303690826	-0.0683446421	0.1273301656	-0.0180864771	-0.0171691648	-0.0595230584	-0.069874397	0.0270224107	-0.0278514778	0.0936140441	-0.0329013097	0.019247132	-0.076730179	0.0981337218	0.0481374851	-0.0648400212	0.082855596	-0.0431498146	0.0578713593	0.0364120731	-0.1283139127	0.0443136648	0.0349798238	-0.0557063473	-0.1208499258	0.0077542351	0.0133862836	0.0461609974	-0.1001900894	0.1294316267	-0.0620858557	-0.0889958834	0.0889502508	-0.0270719499	0.0907830665	-0.0814392697	-0.0120692412	-0.0157608558	-0.0952952857	0.0457243701	0.0809182595	-0.0711673436	0.0	-0.0095781409563642	-7.617076313700018e-05	5.801985156872985e-09	9.174078417998133e-05	0.0208760596039496	-0.2179525244799975	0.0004358098645876	0.0475033029272039	0.0214150871119045	-0.0264307256338796	0.0004586059560104	0.0006985832575334	-0.0008400848790563	0.0006669970942283	7.057426040190383e-07	4.448851237089957e-07	-0.0006808957972042	-2.0582977146700035e-05	4.6361908665034325e-07	4.2365894822157584e-10	-0.0002482856385486	7.119865027999952e-07	6.164575830948607e-08	5.069247801693677e-13	0.0	0.0	0.0	0.0	0.0	0.0	0.0	0.0	0.0
255.412762557277	0.6338547241473123	0.4017718113238653	65235.67927713996	408.22712252275	3.58808364808192	166649.38356320435	12.87434426563286	260.3231117366144	-0.1982629928702408	67768.12250423383	0.0393082143418651	279.9229798320354	266.5777900128881	1.179074	23.894629	0.1952107724590704	0.141930528264426	0.1537973207	-0.0608750844	0.0864674121	0.1094050007	-0.0283564683	-0.0171909425	-0.1428533418	-0.0643423913	-0.1314880082	-0.0300480418	0.0106885272	-0.0453619941	0.0453688458	-0.1068515124	0.068994173	-0.0373532223	-0.0747279974	0.0287716428	0.0486393188	0.0563511759	0.0516147897	0.0059125944	-0.0668981722	0.0504759316	-0.1137236804	-0.051487878	-0.0797770485	0.028890694	-0.0219696942	-0.0280564696	-0.1029257035	-0.0410890592	0.0291234221	-0.006447948	0.0411675104	0.1037987266	-0.0442158157	-0.1112929448	-0.0210399524	-0.0213180963	-0.0972218582	-0.0855181227	-0.1551387927	-0.091198233	0.1139453207	0.0095586912	-0.0653676975	0.043960744	0.0806847851	0.0583707128	-0.0771087342	0.0080776995	0.0924045112	-0.1415617844	0.0203426565	-0.0120358485	-0.0232194267	0.1814622454	-0.0348326549	0.0913535276	-0.0903291845	-0.1565995775	0.0285989044	-0.0069334212	0.0524947805	0.0180225276	-0.0098996442	-0.0652648577	0.0664607156	-0.1658589862	0.034442025	0.103674176	0.0411828937	-0.0733269572	-0.0691174393	-0.0016284493	0.0265139851	0.0100108396	0.1049574748	0.0721496206	-0.0623955815	-0.0209856306	0.0049269081	-0.0462205108	0.0694197849	0.1978236456	-0.1148682141	0.0786017323	-0.058689626	0.0452036938	-0.0363442623	0.0115474776	-0.0138731676	0.0504227513	0.0627480068	0.1526178251	-0.0449183177	-0.0263613573	0.0530065716	-0.0301408602	0.0329743895	-0.006723971	0.1111916221	0.0212774542	-0.1013444684	-0.0487252277	-0.0145461011	-0.0719859116	-0.1089579008	0.0284913693	-0.072112266	0.0113420899	0.0148621946	-0.079342319	0.0666882386	-0.0266032921	0.0382641875	0.0123474406	-0.0647809527	-0.1278963874	-0.0050753508	-0.0599803989	0.0453774897	-0.147398215	-0.01650607	-0.0382927788	-0.0674890463	0.000439056	-0.1012417451	0.0601321892	0.0344992541	0.0363333126	-0.0936651098	-0.0130135123	-0.0331787583	0.0108861495	0.073877866	-0.0177300243	0.122816337	-0.0365776817	-0.0162629827	-0.0173217973	-0.0942650692	0.0498968614	0.0770222721	-0.0765133533	0.0	-0.0279965223008531	-0.0184183813444889	0.000339236771351	0.0007838052609421	0.1631849199315809	0.1423088603276313	0.0266293180930764	0.0202518117277492	0.0251716897629847	0.0037566026510802	0.0006336139655239	1.4112063478102796e-05	-0.0012490609722066	-0.0004089760931502	1.5601533122896969e-06	1.6726144476848277e-07	-0.0004753450342398	0.0002055507629644	2.2595290157643665e-07	4.2251116155246974e-08	-0.0002482973451513	-1.1706602699973045e-08	6.16515716091838e-08	1.370445467750162e-16	0.0	0.0	0.0	0.0	0.0	0.0	0.0	0.0	0.0
255.3680014585671	-0.0447610987098983	0.0020035559577172	65212.81616894273	408.8042526365076	0.5771301137576188	167120.91697369353	0.333079168205882	260.1719907801404	-0.151120956474017	67689.46478650146	0.0228375434856217	279.27861140680074	267.519956492657	1.153462	23.375601	0.1645685000722109	0.0967691511406821	0.1739043819	-0.0104272329	-0.0672447948	-0.0875925451	-0.03006505	-0.1258218091	-0.0986340735	-0.1164194636	0.0687517767	-0.0139554619	0.0380780459	0.0550396194	0.0562548475	-0.0857900235	0.0501776848	0.0692872723	0.0169448059	-0.0233323917	0.1152334437	-0.0867355442	0.0042619179	-0.064409126	-0.0330202997	-0.0647415748	0.0052218599	-0.0688548965	-0.0153829755	0.0325492658	0.0401067923	0.0633585454	-0.023123737	0.0321433828	0.0882766974	-0.0363088651	-0.0188096274	0.0902441839	0.0087171089	-0.036048869	0.0044666282	-0.000835661	0.0121043165	0.0130493438	0.0598727172	0.1420749611	0.1318934036	0.0023979609	0.0646622292	0.0813018417	0.0301564817	0.0114613905	0.0278428052	-0.0373689023	-0.0094233788	-0.0658378043	0.1007869515	0.0417655284	-0.0235399804	-0.169244597	0.0097655077	-0.0976808159	0.0201895632	0.0663854085	0.070192374	0.0765691646	0.0944625386	-0.013985303	-0.0517551958	0.0195447684	0.0755853043	-0.1170601443	-0.0508902325	0.0033213349	-0.1338634733	-0.0322070659	0.0751863203	-0.0073003638	-0.0346843359	-0.0213031697	-0.0171301603	-0.0543894164	0.1003041018	-0.0721052586	-0.0100075952	0.0396194452	-0.0202039174	-0.0011185621	0.0346175882	0.0381276371	-0.0153518472	0.0375872268	0.0190042869	0.0263911068	0.047104815	0.1378903015	0.0685356884	0.0662129371	-0.0449413371	-0.0240890886	-0.0159176478	0.0572903285	0.0914031403	-0.0831504555	0.0408723774	0.0577121782	-0.0286494757	0.000872537	0.0038548507	0.080319637	-0.0203681833	0.1107538025	0.1410161687	0.1392427883	0.0137355293	-0.159135525	0.0267643757	-0.0189605199	-0.0150467694	0.0492193454	0.0394628231	-0.1818793989	-0.1069181778	-0.0330763066	0.0237656449	-0.0071128883	0.0190506763	-0.04162717	0.0701780391	0.0558292251	-0.0018949557	0.0723212332	-0.0877693096	0.0985906626	0.0153570162	0.014478553	-0.0888285366	-0.0522607649	0.0129191224	0.1031293232	0.038158746	0.0124705077	-0.0047090089	-0.0188784218	-0.0931408873	0.0539574532	0.0728192514	-0.0813828824	0.0	-0.040622068621289	-0.0126255463204358	0.0001594044198894	0.0016501524590727	0.0758496319303816	-0.0873352880011993	0.0057531666639743	0.0076274525302524	0.0092359848971597	-0.015935704865825	8.530341702056208e-05	0.0002539466895706	-0.0015490161593537	-0.0002999551871471	2.399451061938887e-06	8.997311429645184e-08	-5.860882859498595e-05	0.0004167362056448	3.4349947892764424e-09	1.7366906509523677e-07	-0.0005050451700544	-0.0002567478249031	2.550706237952778e-07	6.591944559247291e-08	0.0	0.0	0.0	0.0	0.0	0.0	0.0	0.0	0.0
254.87212304841856	-0.4958784101485491	0.2458953976514527	64959.79910720821	406.2509221490824	-2.553330487425228	165039.8117469798	6.519496578015152	260.2596867512495	0.0876959711090989	67735.10454785851	0.0076905833487679	278.97804154486465	263.6252450042167	1.197911	24.276381	0.0822038110505837	0.0562509664679169	0.0826782616	-0.1344149719	-0.0326491785	0.0847404988	0.0753187056	-0.0509199788	-0.1257854224	0.0816313375	-0.0608008025	0.0576381458	0.0488303426	-0.0423387772	0.0186365735	-0.0547490908	0.032530849	0.0030688001	-0.0912773084	0.0912730508	-0.0232353123	0.0458335243	-0.0052981962	-0.060898239	-0.0583275883	0.0934827763	0.0354322251	-0.01806936	-0.095196813	-0.0433166708	0.1242060773	-0.0891027834	-0.0566063674	-0.003623324	0.0204280947	0.1185345728	0.1045418301	0.1418721863	0.0821550957	-0.0220034015	-0.0340433509	0.0687257703	0.1429883654	0.1461144918	0.0475621725	0.074070302	0.1375659263	-0.0547466984	-0.0588601748	0.0082843969	0.0108760501	0.0889641231	0.0514258359	-0.0191446517	0.0378935856	-0.0180677684	-0.0851443393	0.0393138713	-0.0812436285	-0.0020375794	-0.0118811114	-0.1175814987	0.0025004151	0.0737868463	-0.0337459122	0.0262518509	0.0564978508	0.0896482385	0.1071564748	-0.0544141448	0.0367548634	-0.0838440139	0.0335550674	-0.029734675	0.0857128468	-0.0915274308	-0.1192566803	0.0330897529	0.121209607	-0.022193407	-0.0530760824	-0.0631994265	0.0472177125	0.0688392373	-0.1247715889	-0.002469982	0.0542748562	-0.0022416828	-0.0113697231	0.0552078065	-0.099999499	-0.0819999665	-0.0116611161	0.0342143665	0.0787226836	0.0344858382	-0.0949420552	0.0836166137	-0.0361823876	-0.0030594314	0.0960630671	0.0564281246	0.172567875	-0.0564240492	-0.0916497824	0.0894952309	-0.0123402073	-0.057500746	0.0518446848	0.0141832366	0.0074514981	0.1466236467	0.0242745803	-0.0121982405	-0.027742904	-0.0725897936	0.0501153606	-0.0938917252	0.0320111738	0.0364049491	-0.0475035084	-0.1877344307	0.0250787655	-0.0466146576	0.0292926396	0.0608212033	0.0103443473	0.0341199435	-0.1032253711	0.179910839	-0.0121781392	0.0063029673	-0.0625541269	-0.0417276036	-0.050929207	0.027718663	-0.1498545859	0.0774666215	0.0478761621	0.0030504918	0.0854531048	0.0568758588	0.0176680381	-0.0204303415	-0.0919238605	0.0578970392	0.0683259517	-0.0857456062	0.0	-0.0407077263015196	-8.565768023060388e-05	7.337238182488387e-09	0.0016571189806394	0.1270819247515788	0.0512322928211972	0.0161498155985659	0.0026247478277168	-0.0117672198424969	-0.0210032047396565	0.0001384674628216	0.0004411346093359	-0.0015670243229761	-1.8008163622400047e-05	2.4555652287987045e-06	3.242939570511324e-10	-5.796404939539812e-05	6.447791995878305e-07	3.359831022312153e-09	4.157402162211233e-13	-0.0006840453434224	-0.0001790001733679	4.679180318578691e-07	3.2041062065774056e-08	0.0	0.0	0.0	0.0	0.0	0.0	0.0	0.0	0.0
254.34446020913327	-0.5276628392852842	0.2784280719626077	64691.10443907538	406.3390795749688	0.0881574258864361	165111.44758983285	0.0077717317389224	259.75636384832154	-0.5033229029279482	67473.3685597016	0.2533339446118168	278.7212662346773	263.16318631452435	1.137299	23.048033	0.0599414748345736	0.0474992815407899	0.1020844367	0.0578141958	0.0468799902	0.0002425534	0.0750212488	0.0208154311	-0.0551193284	-0.1147710436	-0.0022309958	0.0613510454	0.0358300317	0.0823593353	-0.017813543	-0.0375744427	-0.001288956	0.0406422194	0.0014273774	-0.0035937741	0.0960175629	-0.0092544605	0.1182902864	-0.1047458455	-0.1003164036	0.0127504782	-0.0940593286	-0.0230071527	-0.0187256616	0.0092459052	0.0092045522	0.0170721528	0.0448364571	0.0580263529	0.0876375744	0.0040927733	0.0810387134	0.1185173584	0.0668327238	-0.0324618373	0.0204618022	0.0491338058	-0.1538438341	0.0123435599	0.0527469712	0.0128192369	-0.0719993272	0.1401478525	0.0468987341	0.0159994908	0.0848650057	-0.0314122847	-0.0160551852	0.0369489222	0.0268259754	0.0514696069	0.1391113001	0.0063078479	0.0392998528	-0.0034756958	-0.1561892327	-0.1714555842	-0.0119090373	0.0760877469	0.0165026591	0.0445924133	-0.0358592257	0.0925261993	0.0093554372	-0.0470386897	-0.0093843599	-0.069031397	-0.0047340986	0.1093919617	-0.0410835762	0.0464096198	-0.0110328224	-0.0497392939	0.0033590181	-0.0221542629	-0.0247520863	-0.1204238265	0.1135765372	-0.0532011801	-0.0268690201	-0.0381967641	0.0580461501	0.0055341552	-0.0355112896	0.0309580495	-0.0876784941	0.1035385372	-0.0543622206	0.0579021471	-0.0699385695	0.0219380075	0.0105847813	0.0700808333	-0.0494690486	0.0175465095	0.0637955612	0.0075932263	-0.0415418304	-0.0126552152	0.1380285789	0.0794567712	0.0120712091	0.0387917956	-0.0576120021	-0.0006863741	0.0233573753	0.0018814524	0.0276993754	0.1279043778	-0.195827917	0.0127731621	0.1457548663	-0.0116555978	0.0849435843	-0.0211145292	-0.0221371654	-0.1139865768	0.0311073997	-0.056343552	0.0263180336	-0.0491139969	0.102166556	-0.1009350037	-0.0219322962	0.1890774003	-0.0340314757	0.0353424738	-0.0474384224	-0.015948082	0.0002376517	0.0609863434	-0.1424309485	-0.0193492976	0.0663233236	0.0293225488	-0.0117987594	0.0026410675	-0.0646980438	-0.0219771695	-0.0906152019	0.0617067844	0.0635602848	-0.0895743561	0.0	-0.0407077025460864	2.3755433203875853e-08	5.643206067038074e-16	0.0016571170465806	0.1722133390643279	0.045131414312749	0.0296574341516851	0.002036844557869	0.0030428169238945	0.0148100367663913	9.258734832338789e-06	0.0002193371890218	-0.0015670243229761	0.0	2.4555652287987045e-06	0.0	-5.796404939539812e-05	0.0	3.359831022312153e-09	0.0	-0.0006840453434224	0.0	4.679180318578691e-07	0.0	0.0	0.0	0.0	0.0	0.0	0.0	0.0	0.0	0.0
254.1585953384996	-0.1858648706336794	0.0345457501356743	64596.59158443919	404.2708015381915	-2.068278036777315	163434.88097633183	4.277774037415424	259.8451205746325	0.0887567263109758	67519.4866864453	0.0078777564654414	278.04904274046635	261.3561155733994	1.046569	21.209343	0.023366311363706	0.0148857182098922	0.0519846817	-0.0754692075	0.0287623355	-0.0666622516	0.1423190247	0.0119814109	-0.126636378	0.0594840569	0.0735823453	0.0786070811	0.0437882311	-0.0764784639	-0.0497555764	-0.0483851917	0.0436331338	0.0688333115	0.0569884832	-0.0878680719	0.016919969	0.0678673734	-0.0911935156	-0.0347812227	-0.090783661	0.1932572323	0.009706352	0.039240918	0.1052104602	-0.0762206248	-0.08682852	-0.0885134315	-0.0877763228	0.0484235614	0.0969770357	-0.040845414	0.0131951329	0.0776293309	0.1304326309	-0.0710548079	-3.17982e-05	-0.0467121274	-0.019774205	-0.1309901685	-0.1185503074	0.1566103794	0.0799246356	-0.0322048901	0.0793671881	0.1306145519	0.0522642287	-0.0706689736	0.0311909703	-0.0110872035	-0.0259615544	0.0509648733	-0.0020349676	0.044950429	0.0274178596	-0.0035655452	-0.0545501507	0.0928283584	-0.0806707124	0.0787285139	0.064569324	0.0992463953	-0.1865867574	0.0192781682	-0.0607133672	0.1257178083	-0.045452989	-0.0442294185	-0.1020382143	-0.0199465401	0.0112226529	-0.0744189167	-0.0167648194	-0.0489021899	0.1321152815	0.1063363214	0.0178854408	-0.1355920311	0.0386097709	0.1349990974	-0.0462533945	0.0581071269	0.0514273299	-0.0167668992	-0.0954379214	-0.0690481091	0.0070543023	0.0927437237	-0.0027479847	-0.0647076013	0.059252328	0.0470808899	0.0284025905	-0.0558680157	-0.1802252358	-0.0617318961	0.0406068246	0.0058253722	-0.019557412	-0.0635989744	0.087882063	0.1195243875	-0.1383941571	0.021074195	-0.0127629352	0.0267594148	-0.102555564	-0.0663951083	0.0688003686	-0.0317235366	0.1489984257	0.0211952042	-0.0564808446	0.1865979817	0.0439305927	-0.0326315932	0.0955582354	-0.1293830904	-0.0027130112	-0.0301914326	0.036259746	-0.092078482	0.1039805628	0.0394562148	0.0061035514	0.220147398	0.0478091316	0.0778532727	-0.0307449326	0.007755358	-0.1226258733	-0.0261085768	-0.117917315	0.0113587044	-0.0102402232	0.0357719738	0.0014367173	0.0259565894	-0.1040980739	-0.0235185203	-0.0892162162	0.0653781449	0.0585412479	-0.092845289	0.0	-0.0407023108352149	5.391710871494038e-06	2.9070546121786995e-11	0.0016566781073264	0.1849583354686927	0.0127449964043648	0.0342095858593494	0.0001624349333472	0.0025053803908576	-0.0005374365330368	6.27693090289378e-06	2.888380270427228e-07	-0.0017685192481157	-0.0002014949251395	3.127660330955721e-06	4.0600204857012966e-08	-5.789525702803999e-05	6.87923673581281e-08	3.351860786342814e-09	4.732389806735649e-15	-0.0006840513602241	-6.016801699991296e-09	4.679262634244414e-07	3.620190269701815e-17	0.0	0.0	0.0	0.0	0.0	0.0	0.0	0.0	0.0
255.09728686379384	0.9386915252942458	0.8811417796592378	65074.62576526873	407.852720644489	3.581919106297505	166343.8417371116	12.830144484059115	260.91469531863083	1.0695747439983163	68076.47823321396	1.1439901329990645	279.6982304307281	264.3185344987512	1.229741	24.921431	0.4096922571521005	0.333288534083501	0.1153997481	0.0051021941	-0.0402856281	0.0619229059	0.1841521752	-0.0763310024	-0.0956656504	-0.0466687891	-0.0147363196	0.0137446891	-0.0573350469	0.0099398069	0.165482114	0.0560829046	0.0521051869	0.1080472382	0.0091471536	-0.1554161149	0.1064953398	-0.0681199968	-0.1458072619	-0.0570117836	-0.0960720328	-0.0626910685	0.0183806793	-0.0708819705	-0.002847905	0.0041822935	0.0508406035	0.0251910722	0.0281752737	-0.1078531604	0.0290515125	0.0472651963	-0.0469654404	0.0802331011	-0.0286900957	-0.0329513806	0.1395796278	0.0061241855	-0.0268651632	-0.0152146237	-0.0044433234	0.0409470961	-0.0849341374	0.0373301886	-0.0079564524	-0.0889655779	-0.0044238731	-0.0699866999	-0.0237884205	-0.0165402532	-0.0536141098	-0.0068174674	0.0410607986	-0.0843115561	-0.1108061668	0.0579249672	0.0615755719	0.096471274	-0.0438629757	0.0067160666	-0.0378425986	0.1386352781	-0.0266857549	0.0020166623	-0.1409849183	0.0178445297	0.1553360229	0.0381247581	-0.0188242437	0.0575376474	-0.0281902215	-0.093394083	0.1223669102	-0.0643182836	-0.0465824692	0.0574287013	-0.0430095112	-0.1939132273	0.0265827539	0.0596781881	0.0834560209	-0.0333717737	0.0273451676	-0.0155318381	0.0469618928	0.0713281796	0.0110233018	-0.1116265511	-0.0198619861	0.0833962501	-0.0271193668	-0.0363186957	0.0688915971	-0.0239579178	-0.0612692005	-0.1104879521	0.0831430829	0.0599363885	-0.0438829101	-0.0306619209	0.0600227882	0.0161706766	-0.0694141767	0.0795303171	0.0500651019	-0.0111190216	0.0046860111	-0.0303250032	-0.0714664219	0.0806286662	-0.0683726538	0.1862958412	-0.0031897372	-0.1076319682	-0.0668432716	0.1693241596	0.0349691457	-0.0843994347	-0.1885201063	0.0440429758	0.1112846532	-0.0234168761	0.1371971624	-0.0186798455	-0.0612076151	0.2128687511	0.0314417539	-0.0984300288	-0.1352346004	0.028513111	-0.2040940368	-0.0187573661	0.0036223171	-0.0213933836	0.0752540555	0.0822747832	-0.0833683412	-0.0505011898	0.0228390904	-0.0250540098	-0.0877282978	0.0689028873	0.0532888484	-0.0955380353	0.0	-0.062747518350136	-0.0220452075149211	0.0004859911743759	0.0039372510591006	-0.1436019897279408	-0.3285603251966335	0.0206215314538236	0.1079518872933175	0.0307752270150416	0.0282698466241839	0.0009471145978273	0.0007991842281548	-0.0018708456887088	-0.0001023264405931	3.500063590960304e-06	1.0470700444453224e-08	0.0004551394920686	0.0005130347490966	2.0715195724046326e-07	2.632046537806524e-07	-0.0006830749935866	9.76366637499954e-07	4.665914468633337e-07	9.532918108229667e-13	0.0	0.0	0.0	0.0	0.0	0.0	0.0	0.0	0.0
254.66716176362985	-0.4301251001639912	0.1850076017910834	64855.363280742815	408.1135751376362	0.2608544931471783	166556.69021162303	0.0680450665950713	260.22383198105	-0.6908633375808222	67716.44273090175	0.4772921512133131	279.2278868769716	264.1201969750482	1.142138	23.146103	0.3672908778144739	0.3181272380576924	0.0808637968	0.0220341784	-0.0133515336	0.1032839416	0.1655537264	-0.0519017903	-0.0661040508	-0.0248986172	-0.0815508054	0.0514540061	0.067307861	-0.1000830738	-0.0189729338	-0.0041556558	0.0918026134	-0.0519646085	-0.0892464247	0.055630948	-0.0167765605	0.0128741655	-0.0369543529	-0.0391596803	-0.0944827293	-0.0226565414	0.1613320073	-0.0677362539	0.021803003	0.0352723584	0.0169546904	-0.0035652258	-0.0574442516	0.0251273911	0.1595549395	0.0196162336	-0.1244838735	-0.0336908323	0.0174387673	0.0771040894	0.1178308231	-0.07892418	-0.0401341088	-0.0319860801	-0.0756536768	-0.1313608028	0.0505465723	-0.1146539165	-0.0536636393	0.0229654026	-0.0992635357	0.007966022	-0.0096460398	0.0222181183	-0.0699280514	0.0521364037	0.02909038	-0.1382034972	-0.0166474104	0.0956900417	0.1375623679	0.0030871355	0.0174393288	0.0888279352	-0.044408214	-0.0683233084	0.0875012597	0.0591171907	-0.1188817094	-0.1263340157	0.0032293946	-0.0511766183	0.0780898786	0.0458400286	-0.0159736033	-0.0802184408	-0.0852696165	0.0217973281	0.0742161388	0.0105338657	-0.0954627673	-0.0445647809	-0.0230777773	0.1264734534	0.0260339539	-0.1831761716	0.0166760192	0.0879324367	-0.0389897842	-0.0494687227	0.0353516435	0.0096646016	-0.03423215	0.2160762826	0.0070836434	0.0902148959	-0.0638468619	-0.0850924814	-0.0285360821	0.0879891935	-0.0819442929	0.0381016553	-0.0961281493	0.0370000075	0.0205876712	-0.013913783	-0.0680576413	0.0240556052	0.155074903	0.0007326268	0.0180815188	-0.1021103638	-0.0408845153	-0.0331331648	0.07795568	0.0566176487	-0.1000644235	-0.051701051	0.0416967531	0.0038664638	-0.0900669674	-0.1192290505	0.0696830034	-0.0939011584	0.0669953113	0.1101087688	0.1426052408	-0.08930492	-0.0622988038	0.2072394302	0.0454090109	0.0122385928	0.094194542	-0.014598309	-0.0541667478	-0.0387289991	-0.0672301685	0.0865046477	0.0256629288	-0.0336989908	0.0385604293	-0.0758145295	0.0812295031	-0.0265832553	-0.08615293	0.0722731071	0.047824024	-0.0976358263	0.0	-0.05457232810312	0.008175190247016	6.68337355749056e-05	0.0029781389945945	0.1691659826596918	0.3127679723876326	0.0286171296892191	0.0978238045514709	0.0107662517545463	-0.0200089752604952	0.0001159121768422	0.0004003590909751	-0.001499398070484	0.0003714476182247	2.2481945737711422e-06	1.379733330848767e-07	0.0003000130320784	-0.0001551264599902	9.000781941687507e-08	2.4064218589091125e-08	-0.0006832757137582	-2.007201715999857e-07	4.668657010117777e-07	4.02885872871277e-14	0.0	0.0	0.0	0.0	0.0	0.0	0.0	0.0	0.0
254.1066764047989	-0.5604853588309595	0.3141438374638694	64570.20299349318	402.782383945753	-5.3311911918831925	162233.648817024	28.421599524412933	260.4109595634047	0.1871275823546625	67813.86786073318	0.035016732077901	278.4339967810589	259.1621614199141	1.216933	24.661861	0.1070792542231362	0.0802885000898399	0.0164718622	-0.0946518063	-0.0419266544	-0.0674144719	0.2188047207	0.0143271171	-0.0899177038	0.0488399402	0.1138505252	0.0771027842	0.064114591	-0.044382378	0.0257218411	-0.0155081284	0.122875096	0.0682080266	0.1011309549	-0.0345977036	-0.0799462198	0.0702203518	-0.0110557483	-0.1319170164	-0.0793324218	-0.0634185051	0.0252021451	-0.0420837957	-0.0583689725	-0.0080139448	-0.0256127821	-0.0912433634	-0.0023869132	0.0506294892	0.1048290842	0.0784696528	0.0470491998	-0.0914741824	0.0541339998	0.0545293597	-0.1406537289	-0.0074364325	0.1175704719	-0.0276923788	0.0771086904	-0.1304655258	0.0311548839	0.0132822194	-0.0379241147	-0.0024008518	0.001928766	0.0295879865	0.0409400723	-0.2040569894	-0.0168123399	-0.0182886384	-0.0088096943	0.0138800116	0.0203229683	-0.0255304321	0.0105876284	0.11975523	-0.1329603068	0.0718202029	-0.0635353748	-0.1134746273	-0.0112538787	-0.1217201478	-0.0352924252	0.1197641583	0.0138233675	0.0093460109	-0.0863289036	-0.0523615796	-0.0186145131	-0.0813065739	-0.0619224553	-0.145100344	0.0930065656	0.0320579943	0.0692901432	-0.0964585437	0.0550532868	0.0388132904	-0.068500599	0.0243111652	-0.0298353781	0.0311063017	0.0251310376	0.083012997	0.0991189134	-0.0323029385	-0.0100481801	0.0828252123	-0.0417348118	0.0726297584	-0.095223411	0.134039264	-0.0266193086	0.0883181972	-0.0133858575	0.0259325301	0.0460246003	0.1706986783	-0.0967436645	0.0579126266	-0.0601748963	0.0863423527	-0.127917525	-0.0714436288	-0.0139955132	0.0124623114	0.0631721564	-0.0976698642	0.0590426889	0.0336329281	0.0615513704	0.0923530092	-0.0118522078	0.0127801547	0.0584185168	-0.0804633195	-0.0474806778	-0.11726874	-0.001393956	-0.0770250879	0.1090816639	0.0609275015	-0.0156230327	0.2342980423	0.0797903649	-0.0166156771	-0.0273360039	0.0631811308	0.0226075011	0.0066846731	-0.0338465037	-0.0877857084	0.0416896047	0.022827571	-0.0657613551	0.0608721415	0.0167433076	-0.0281058757	-0.084491683	0.075481246	0.042168559	-0.099125598	0.0	-0.0539610937847925	0.0006112343183274	3.736073919012818e-07	0.0029117996424511	0.0904685819641599	-0.0786974006955319	0.0081845643226059	0.0061932808762331	0.0313135263403481	0.0205472745858018	0.0009805369318676	0.0004221904929043	-0.0013738931097834	0.0001255049607006	1.8875822771103016e-06	1.575149516045916e-08	0.0003189697623435	1.8956730265100004e-05	1.0174170928946889e-07	3.5935762234375845e-10	-0.000683280915262	-5.2015037999442876e-09	4.668728091612764e-07	2.7055641780834864e-17	0.0	0.0	0.0	0.0	0.0	0.0	0.0	0.0	0.0
253.9944835409289	-0.1121928638699785	0.0125872387033475	64513.197669223206	405.7355124965404	2.953128550787426	164621.30610083032	8.720968237475843	259.9017771185482	-0.5091824448564921	67548.93374937949	0.2592667621500346	278.5715313379202	261.87461352773715	1.275467	25.848097	0.2539949670516633	0.1684377237973647	0.0647693178	0.0498181009	-0.0484923165	-0.0487290634	0.0833588538	-0.0172178827	0.0402829206	-0.0907730591	0.0045270759	-0.0146958343	0.04165245	0.0225702129	-0.0432510199	0.0345296301	0.1116251495	0.0082979873	-0.0412421675	-0.012853346	0.0428906282	-0.1020003523	-0.036375128	-0.0740384493	-0.1418141082	0.0198417089	0.0762964981	-0.0316043965	0.0087071835	-0.0685741482	0.118766883	0.0766981082	0.0003475595	0.0105817475	0.0718343828	0.0216209989	0.1306028468	-0.0948455148	-0.012000275	-0.0739746078	0.1053613635	0.020657069	0.0141663012	0.0265415644	-0.0973708846	0.0549734831	0.0473175694	0.0523747525	-0.0584255009	-0.0839599896	-0.1502592063	0.0304804024	0.0352945728	0.0093799812	0.0021588722	0.1497940269	-0.0556369084	-0.0495575176	0.1604953677	-0.0197866906	0.0373908309	0.0190251617	0.0573456842	-0.0292501525	-0.0506549591	-0.0978808905	-0.0034952836	-0.0710115335	-0.0224439445	-0.0527545902	-0.0361535473	-0.0073342421	0.0722161585	0.0159957426	-0.1122239367	-0.037566694	0.0651225184	-0.0446501628	-0.0495758838	-0.052928225	-0.1986660796	-0.0935986929	0.0352304582	-0.0391419699	0.0540615966	-0.1012336485	-0.0253414051	-0.0916306386	-0.0538063268	0.1461693384	0.0428265743	0.0883357316	-0.1147651927	-0.0240656331	0.0587420332	0.0385069681	0.1752583082	0.0192609814	0.0684211728	0.0433672385	0.1123327391	0.1025478746	0.0168601941	0.0880355642	-0.0063109318	0.0153009037	0.0634768727	-0.0271851918	0.1578050903	-0.0618918015	0.0214825144	-0.0418520063	0.0895707532	-0.1005511125	0.1118324822	0.0288327522	-0.0214013892	0.0272097374	0.0398452904	-0.0528306748	-0.0462767506	-0.1110336436	-0.101461674	0.1112407707	0.0335165782	0.1754193589	0.0579709384	-0.0339113514	-0.0722218698	0.1127821685	0.1492164573	0.0133880951	-0.0006963323	0.1140220821	0.0728958946	-0.101621302	0.0577874823	0.0456025309	0.0451720346	0.0333508066	-0.1477473287	-0.0541293787	0.1010073502	-0.0296214915	-0.0827462129	0.0785201094	0.0363449977	-0.0999980731	0.0	-0.0369036147451851	0.0170574790396074	0.0002909575911866	0.001361876781261	0.2503355727507141	0.1598669907865542	0.062667898984428	0.0255574547431482	0.0004506998364064	-0.0308628265039416	2.0313034253675574e-07	0.0009525140598124	-0.0011619897004727	0.0002119034093106	1.3502200640046351e-06	4.490305487749804e-08	0.0001440845560392	-0.0001748852063043	2.076035928901337e-08	3.0584835384097575e-08	-0.0001459161164458	0.0005373647988162	2.1291513038624266e-08	2.887609270067751e-07	0.0	0.0	0.0	0.0	0.0	0.0	0.0	0.0	0.0
253.1854639575092	-0.8090195834197118	0.654512686356604	64102.87915937919	405.38992650853766	-0.3455859880027674	164340.99251459757	0.1194296751038489	260.1872445385827	0.2854674200345357	67697.40222058025	0.081491647901174	278.4602531356975	259.2199108866861	1.236104	25.050375	0.2114722000211899	0.1272730704295274	-0.0001316252	0.0455592348	0.0437261237	-0.0624474049	0.0573348993	0.0552642946	0.0331285333	-0.0240239848	0.0150311788	0.1685376246	-0.1189811225	0.0079144233	0.01767535	0.0581510655	0.0947145629	-0.0318604746	0.1059981314	0.0511970115	-0.0540616092	0.0131710386	-0.0170073812	-0.0260578717	0.0012589931	0.0434430336	-0.0463098849	0.0528309006	0.0079374801	0.1120456003	0.0083146263	0.0646812329	0.0256241092	-0.1678549522	0.0563406108	0.035424536	0.1227256161	-0.0329179567	-0.0892019521	-0.0213111395	-0.0112602609	-0.0688617165	-0.0863186737	-0.0820847026	-0.1202434769	-0.0008206625	-0.0345861411	0.0161811643	0.0979826456	0.0270779185	-0.0409346289	0.1021164434	-0.0317939271	-0.0210364048	0.036196687	-0.1683125933	-0.0953039438	0.0954424526	0.0473518832	-0.0967037634	-0.0777540103	-0.0927780736	-0.0711309003	-0.0763328264	0.0604713767	-0.0308215866	0.0874924438	0.0265081617	-0.051585486	0.0468856402	0.0031216493	0.0763489853	-0.0846570992	0.0376166462	-0.0077826737	-0.0553465396	-0.1292289291	-0.0391327142	-0.0202052382	-0.0843792661	0.0901149861	-0.0403851639	-0.0662008255	-0.0259614469	-0.0201239329	-0.1283905776	-0.0047422497	-0.001088155	-0.0861664122	-0.0061580924	0.0853088108	-0.0240378747	-0.0298329206	0.0024380915	-0.0752885339	-0.0156819383	0.1270483915	-0.0788922493	0.0243867505	0.1199595735	0.0744319783	0.0203699324	-0.0724569757	-0.1225384583	0.0471903836	-0.0886462146	0.0182595032	-0.1119355805	-0.0598941394	0.1972238968	0.0566618054	-0.093657042	-0.0127891527	-0.0632027634	0.0735914421	-0.1080983249	0.0685724745	0.0800539823	-0.1550657577	0.0062563	0.0748681339	-0.0048261516	0.1490905449	-0.1257046904	-0.0245968785	0.0220246107	0.0547623005	-0.0573227809	-0.0695359222	0.0222723124	0.135088226	-0.0047625488	-0.0053984752	0.1791750983	0.1205394445	-0.0216985508	0.01179779	0.0470027616	-0.0084459033	-0.0292334578	-0.0771258564	-0.112982882	-0.0681774387	-0.031129725	-0.0809182595	0.0813828824	0.0303765546	-0.1002478183	0.0	-0.0270700196376907	0.0098335951074944	9.669959273813786e-05	0.0007327859631849	0.1231088351977121	-0.127226737553002	0.0151557853037374	0.0161866427483804	0.0071885907761384	0.006737890939732	5.167583734678208e-05	4.539917431572258e-05	-0.0005150082825059	0.0006469814179668	2.6523353104967694e-07	4.185849551943311e-07	-2.432384981942981e-05	-0.0001684084058586	5.916496700381755e-10	2.836139116384498e-08	-0.0006840058210396	-0.0005380897045938	4.6786396321605734e-07	2.89540530189843e-07	0.0	0.0	0.0	0.0	0.0	0.0	0.0	0.0	0.0
253.00124162130965	-0.1842223361995536	0.0339378691548213	64009.62826192431	405.6840813024989	0.2941547939612405	164579.57382225254	0.0865270428103798	259.9038781650264	-0.283366373556305	67550.0258852209	0.0802965016624513	278.50382685372426	257.33771510488543	1.073138	21.747782	0.1619924786581096	0.0828940469902083	-0.0522181718	0.0331999469	0.0255505775	0.0411276224	-0.0075688851	0.044843762	0.0248649342	0.0348023291	-0.0678715243	0.1539489697	0.0287888081	-0.0108198177	-0.0469744655	0.0903314039	0.0979801957	0.0175162151	-0.0706622986	-0.0106380372	-0.0277238818	-0.0555674711	-0.031044391	0.003188787	0.1266060792	0.0426661629	-0.1216307245	0.1621412926	0.0081014879	0.0134148167	-0.124013471	-0.010777917	0.0350521567	-0.0734479693	-0.000915306	0.045836544	0.1037517001	-0.056895364	-0.1095014208	-0.0381247166	-0.0141063231	0.0026295452	-0.0020199495	0.0188621421	0.0208391964	-0.0633681391	-0.0127524304	0.1087586252	-0.0103113939	-0.0286074325	-0.0061584357	0.0717917352	0.0867356251	-0.0568534574	-0.0261099588	0.0632837272	-0.020001535	-0.0934911524	-0.1404571607	-0.0404448083	-0.0331222733	-0.1550935404	0.0244864922	-0.043503874	-0.0768971625	0.0608664213	0.07081884	0.1118300921	-0.1178024704	0.0269438318	-0.0439022845	0.0358529961	0.0906510372	0.0373131622	-0.0199046715	-0.0998927463	-0.0248911401	-0.0607377271	-0.060752646	-0.0631529894	0.1730606603	-0.0551069112	0.0001565571	0.0497756039	-0.0524590149	0.0284709811	-0.000316674	-0.1131141682	0.0093027163	-0.1081266402	0.1122057886	0.0387272391	-0.0404159292	-0.0480701685	-0.0175359151	-0.01922854	0.0041334068	-0.1213125304	-0.0029977514	-0.0054978622	0.0636354307	-0.0680868215	0.1476530399	-0.0130698207	-0.0481660726	-0.0371738279	0.0134042777	-0.0698982912	-0.0439805701	0.0987108642	0.0542598092	-0.0806544582	-0.0252818413	-0.1419039862	-0.1458396893	0.0785118994	0.1558837407	-0.0734971917	0.0148991674	-0.0302190755	-0.0705383225	0.0582664835	-0.0449247147	-0.0829445185	-0.0006748885	-0.0380680363	0.0603518778	-0.058986702	-0.0062301575	-0.0052787904	0.1021766012	0.0130487076	-0.0538091179	0.1329147831	0.097309026	-0.125857549	0.1137274805	-0.0251970696	-0.0868646889	-0.1020105998	0.0088333726	0.0566869189	-0.0053517983	-0.0326302004	-0.0790096451	0.0840631448	0.0242870216	-0.0998732783	0.0	-0.0275072436752736	-0.0004372240375829	1.911648590402949e-07	0.0007566484546108	0.1756133747064439	0.0525045395087317	0.0308400573757858	0.0027567266690239	0.0572972494532848	0.0501086586771464	0.0032829747949119	0.0025108776744227	-0.0012710423024229	-0.000756034019917	1.615548534548507e-06	5.715874392718589e-07	-0.000176237563962	-0.0001519137141425	3.1059678951260045e-08	2.307777654459053e-08	-0.0004131124264062	0.0002708933946334	1.70661876851218e-07	7.3383231256007e-08	0.0	0.0	0.0	0.0	0.0	0.0	0.0	0.0	0.0
252.60273442160724	-0.3985071997024079	0.1588079882146548	63808.14143727304	400.2643729470811	-5.419708355417811	160211.56825072	29.37323865778563	259.5901164961122	-0.3137616689141964	67387.02858246511	0.0984463848798218	277.5273215850591	253.87612088601395	1.066687	21.617037	0.0391009390189808	0.0210343146700327	-0.0946443496	-0.0023680457	0.043357915	-0.0147037764	-0.0098863057	0.0910832828	0.0320290987	0.0658777925	0.0376332498	-0.0917061857	0.0929216725	0.0332630358	-0.0816725377	0.1161932692	0.0196622141	0.0237582961	0.0379042539	0.0397091496	-0.0944602539	-0.0998812151	-0.1109351232	0.0583838739	0.0908591809	-0.1389528165	0.0711744468	-0.0796916925	0.0304732599	0.0397946769	0.0396622065	-0.0443688218	-0.1233984794	-0.0089826333	0.0798096192	-0.0005921272	-0.0874126111	-0.0646786657	0.0116344042	0.1385482328	-0.0426068139	0.0531992801	-0.1213535057	0.0234147862	0.0183613651	-0.0522069721	-0.1215797197	0.0775025722	-0.112084864	-0.0363879043	-0.099516584	0.0102014182	0.022296649	-0.106785108	-0.0531763032	-0.0199549363	-0.0268404293	0.0852301367	-0.0961116347	0.0302726182	-0.1063146953	-0.0400077992	-0.0149915207	-0.0279389918	0.0754259716	0.0971880812	-0.1485003498	0.0404044424	-0.0070901979	0.0112010177	-0.0928779548	0.0595353775	0.0145943337	-0.0455830063	0.0257136791	-0.1334337454	0.0495995467	0.0453622966	-0.0797153881	-0.1049347039	-0.0562421628	-0.1034213148	-0.1690338938	0.0756525438	-0.1039469832	0.0899643948	-0.0621054049	0.0436340256	0.0786478847	-0.0264383801	0.0263256946	-0.1630597375	-0.0240461296	0.0895767506	-0.1829528041	0.0973901791	-0.02153342	-0.0540904944	0.0035861922	0.0838781398	-0.1645394476	-0.1196389143	-0.0199867622	0.0857537271	-0.0101778872	-0.0264931079	0.0418453227	0.0352807823	0.0318631764	0.1125418109	0.0255629818	-0.1404567112	-0.0237530744	0.0022631291	-0.0876950298	0.1096823506	0.0294686129	0.1173832649	-0.0405891285	-0.0557006695	0.0216866748	0.0756947465	-0.1068076097	-0.0394406503	0.042535999	0.1378730191	0.0190738037	-0.0358932746	-0.0889702693	0.047440378	-0.0301219497	0.0458435736	-0.0530327602	0.0910995808	0.2048615022	-0.0433417093	0.1054371568	-0.0327065467	-0.0386985172	-0.15792593	-0.0525238659	0.0412280862	-0.0342096404	-0.0341225436	-0.0770222721	0.0865548859	0.0181006735	-0.0988767856	0.0	-0.0355589079228479	-0.0080516642475743	6.482929715566624e-05	0.0012644359326655	0.1763622786844649	0.000748903978021	0.0311036533427768	5.608571682957091e-07	0.0553011032481762	-0.0019961462051086	0.0030582120204654	3.984599672169469e-06	-0.0014090060137891	-0.0001379637113661	1.9852979468938496e-06	1.9033985653936132e-08	-1.9018130912762388e-05	0.0001572194330492	3.6168930341496827e-10	2.4717950128323712e-08	-0.0006840137737563	-0.0002709013473501	4.678748426883348e-07	7.338753999609958e-08	0.0	0.0	0.0	0.0	0.0	0.0	0.0	0.0	0.0
251.84033216423185	-0.7624022573753848	0.5812572020510824	63423.55290459063	401.1386525525986	0.874279605517529	160912.21857171442	0.7643648286238862	259.16766331623825	-0.422453179873969	67167.87770879903	0.178466689185628	277.4422823932455	251.97398427306456	0.98123	19.885214	0.1101613262727786	0.0915035705781967	-0.1427197735	-0.0040703588	-0.0014200064	-0.0154378465	-0.0889685199	0.0558614118	0.0880145343	0.033073123	0.0758606967	-0.0870881873	0.1003927628	0.0887495524	-0.12082755	0.1121008729	-0.0635094747	-0.0055747479	-0.0135902526	-0.0195609351	-0.0252273625	-0.0390292971	-0.1003096273	-0.0289642663	0.0950369586	-0.0026146536	0.1568590049	-0.0318208011	0.0747019073	0.0914451069	0.0311657805	0.054267749	-0.0397192195	-0.0097599197	-0.1466802773	0.0018320495	-0.0469745779	0.0512894234	0.0014674541	-0.1527355105	-0.1229988585	-0.095725075	0.0468709246	0.0242063782	0.0105114997	-0.0610928659	0.0366288029	0.0624107534	0.0388089625	0.00187802	0.0153191706	-0.0031278855	0.0860282011	0.0321665231	0.1453420272	-0.0261805905	-0.0244203745	-0.0649164925	0.050468451	-0.0053890869	0.0695246736	-0.1441534469	0.0017189211	0.0204036248	-0.0398832452	-0.0771690016	0.0410488836	-0.1084178637	-0.0465767884	0.0207372038	-0.1217696178	0.0680355673	0.0305649675	-0.0256150662	-0.0326988697	-0.0024535112	0.012533117	0.0891150773	-0.0878102901	-0.0096425344	0.0710447075	-0.0960008157	-0.0720264619	-0.1256482868	-0.0238388757	0.0147246684	-0.1141930911	0.0144522838	0.0002759077	-0.03437821	0.0840199983	-0.1023456427	0.1412779222	-0.0025465047	0.11086162	-0.0073243088	-0.1299601697	0.0162575187	-0.0432063948	0.1728353589	-0.0222916204	-0.0173968979	0.1832368963	0.0958793633	0.0705201897	-0.0900687967	-0.045763773	0.0106551221	0.0343210912	0.0376130806	-0.0310898992	-0.0811488737	0.0970043109	0.0140146155	-0.0265824591	0.051943943	0.0243745038	-0.1353670792	0.0201347211	-0.0883648665	-0.023062074	0.1075112264	0.0504159833	-0.0870330683	0.076617547	0.1047700793	0.1063860797	-0.0349010726	-0.0566558148	0.0091463846	-0.0089931989	0.0557766697	-0.0705219536	0.0124031519	0.1157329968	-0.0838921426	0.1208176046	0.0334399311	-0.1428108957	-0.0636183967	-0.0388596223	0.1490851664	0.0127921216	-0.0356063828	-0.0749581217	0.0888525176	0.0118421707	-0.0972645456	0.0	-0.0275141891845152	0.0080447187383327	6.471749957888133e-05	0.0007570306064812	0.26315338173751	0.0867911030530451	0.0692497023198876	0.0075326955691642	0.0552808762870142	-2.0226961162002344e-05	0.0030559752830601	4.0912995784915116e-10	-0.00110400732649	0.0003049986872991	1.2188321769435974e-06	9.302419925417429e-08	-2.0122429855939927e-05	-1.1042989431775396e-06	4.0491218330722256e-10	1.2194761559030308e-12	-0.0006840112095938	2.564162500059454e-09	4.678713348499734e-07	6.57492932671115e-18	0.0	0.0	0.0	0.0	0.0	0.0	0.0	0.0	0.0
251.775497169929	-0.0648349943028563	0.0042035764862514	63390.90097516492	400.5948723906991	-0.5437801618995195	160476.2517857205	0.2956968644754676	259.7273785606775	0.5597152444392464	67458.31117400147	0.3132811548576853	277.4718436052862	248.8538641886587	1.161599	23.540503	0.3164160454730271	0.2753383375970999	-0.1564663536	0.0308374543	-0.0413521498	-0.0644822878	-0.0077677114	0.0568548528	0.1164499692	0.0364083546	0.0915023831	0.0221280103	-0.2106047632	0.0170770772	0.0349342381	0.1293208624	-0.1036958167	0.1376362133	0.1366750675	0.0593625383	-0.0220412578	-0.063639675	-0.0596447638	-0.0148057263	0.2030927828	0.0003897683	0.0282471131	-0.1071301688	-0.1632380429	-0.0377530956	-0.0063952358	0.0074442554	0.0164292028	-0.1204180993	-0.0411141852	-0.0296453496	0.0574680034	-0.0442532396	-0.0143179103	0.0193572352	-0.0632487848	-0.1001476014	0.0459504487	-0.0936784587	0.0085896431	-0.0686375034	-0.0886232377	-0.0275806923	0.0381030781	0.0236156094	0.1079399796	-0.0127792894	0.0746700523	0.1121339549	0.0146699657	0.014765608	-0.0689531713	-0.0110332807	-0.0953777356	0.037134083	0.1309872657	-0.0180089584	0.1019582188	0.0304209959	-0.0438677545	-0.0254518967	-0.0386169646	-0.0048536574	0.0726705734	0.0118574968	0.0052812978	0.1757509732	-0.1191797253	-0.0357304628	0.0305965984	0.014585387	0.0921245162	0.0602355893	-0.0094675814	-0.1169667531	0.1660455769	-0.0891535978	0.0270585169	-0.0754710878	-0.0200742159	-0.0593555272	-0.096213639	0.0161105868	0.0347912496	-0.0139203873	-0.1136473749	-0.1253758293	-0.0973067287	0.0231842308	0.1842277208	-0.0163290992	0.0226882584	0.0379048355	0.120676849	-0.0021454206	-0.0997177892	0.0409981056	-0.0383265157	-0.0363597574	-0.0905590471	-0.1508590982	-0.1016040444	-0.0443139693	-0.059702847	-0.132420305	0.0418477555	0.0350551466	0.0544505115	0.0526653647	-0.0739655272	0.063280409	-0.0138676879	0.0069926328	0.0264798849	0.0655850467	0.1341480106	0.1775783059	-0.0053108368	-0.1492026859	0.0041323115	-0.0422180776	0.0641082646	0.0503013073	-0.0222869233	0.0456198295	-0.0538299542	0.0976580156	-0.0439577744	0.0134098608	0.0001359028	-0.0682689748	0.1492365817	-0.0021541548	-0.0272621148	-0.0535727081	-0.0739586871	0.0437133306	0.0839095255	-0.0370813481	-0.0728192514	0.0909508872	0.0055364616	-0.0950465986	0.0	-0.0437343235056033	-0.0162201343210881	0.0002630927573941	0.0019126910524927	-0.0118490036579288	-0.2750023853954388	0.0001403988876856	0.0756263119731814	0.0753728932554693	0.020092016968455	0.0056810730377003	0.0004036891458606	-0.0010170139550339	8.699337145609987e-05	1.0343173847336957e-06	7.567846677298972e-09	-3.515219502814304e-05	-1.5029765172203112e-05	1.235676815296604e-09	2.258938411315697e-10	-0.0006840182487264	-7.0391326000484805e-09	4.678809645907313e-07	4.954938776106527e-17	0.0	0.0	0.0	0.0	0.0	0.0	0.0	0.0	0.0
253.1653533779361	1.389856208007103	1.931700278935884	64092.69615097526	407.8020657518375	7.2071933611384225	166302.524831466	51.94363614483776	259.9643858042242	0.2370072435467136	67581.48188656753	0.0561724334936112	278.9170600390825	256.0476777415432	1.40778	28.529503	0.0665648758626075	0.0277102089855655	-0.0648787427	0.1416246162	-0.0562541022	0.1480180912	-0.0310075757	-0.0933066719	0.1403291145	-0.0487685767	-0.1526216974	-0.1056818709	-0.1061891399	0.0062803607	0.0580695135	0.1132997784	-0.0950689182	0.1532202963	-0.1610368223	-0.0232780454	0.0329426694	-0.0578538219	-0.1074879018	-0.0077474176	-0.022582473	-0.0402244204	-0.0122734519	0.0101514951	-0.0728419076	-0.093502099	-0.0595093712	0.127603433	-0.1098235222	-0.008716468	-0.2053036047	0.0633287361	-0.0301707616	-0.1446351506	0.0671052527	0.0046780876	-0.0455422096	0.0209681857	-0.1063425324	0.0051549798	-0.1269630332	-0.0709358442	0.1217342736	0.0753646094	-0.0162656509	0.0498298334	-0.0529421727	-0.0056973123	0.0184719041	-0.0168680497	0.0600195574	-0.0006509161	0.151187306	0.0229601047	0.2310315461	-0.0486574344	0.0657901443	0.0568148498	-0.0979615855	-0.002798245	0.0904794286	0.0048435964	-0.0012112206	0.0836614098	-0.0086842455	0.0586644871	0.0632656207	0.06923079	0.1586401033	0.0173232768	-0.0070093195	0.0058212257	0.255223221	0.0859830328	-0.0253146713	-0.0903790696	0.0382100005	-0.100143631	-0.093370262	0.0415910932	0.017895414	-0.0473935581	-0.0364662121	0.062030237	-0.1469734424	0.079971652	-0.1182393933	-0.0065118919	-0.080104031	-0.0834681222	-0.0185603541	-0.2384310914	0.0607042291	-0.0121401501	-0.0406734034	0.0180788891	-0.1057101875	0.0106509941	0.0452746578	0.1045883666	0.1347075905	0.0075724678	0.0467805713	-0.1045995323	-0.0844243295	-0.1032749351	0.0148627644	-0.0560020452	0.0783296392	-0.107870225	0.1319013708	-0.0991382235	-0.0404643396	0.0868549224	0.0113512806	0.0942106507	-0.0954212592	0.1223760321	-0.2216672119	-0.0067621405	-0.0564650759	0.1045273729	0.0062313989	-0.0320716875	-0.0565342496	0.015399148	-0.0603562759	0.0893619539	-0.0330899033	0.0065474597	-0.0830610906	-0.1197390393	0.1239583879	0.0464949393	0.0242060279	-0.0337865791	0.0430038871	-0.0578636016	-0.0102863264	-0.0385470719	-0.0706077933	0.092845289	-0.0007913175	-0.0922367566	0.0	-0.0307861002235512	0.0129482232820521	0.0001676564861618	0.0009477839669745	0.0028791302654269	0.0147281339233557	8.289391085297171e-06	0.0002169179288643	0.0569158397894824	-0.0184570534659868	0.003239412818942	0.0003406628226462	-0.0013049713393586	-0.0002879573843247	1.7029501965473783e-06	8.2919455187123e-08	8.494629167521417e-05	0.0001200984867033	7.21587246937056e-09	1.4423646508436468e-08	-0.0006834448159302	5.734327962000517e-07	4.67096816421865e-07	3.2882517175781e-13	0.0	0.0	0.0	0.0	0.0	0.0	0.0	0.0	0.0
253.02220315362285	-0.1431502243132456	0.0204919867209325	64020.23528871319	404.2429718761324	-3.5590938757051163	163412.38031124757	12.667149216081665	259.8332729102485	-0.1311128939756827	67513.32971125169	0.0171905909666786	278.43919945714816	255.4135314961825	1.203333	24.38625	0.2135456905601958	0.1812205049541256	-0.0728676035	0.0818630122	0.0549014912	0.0380667305	-0.0618378569	0.0514440148	0.0502169561	-0.0131365001	-0.0903139015	0.0658987324	-0.1594658139	-0.1446462748	-0.0454137506	0.0731317136	0.0049581058	-0.026358593	0.017209706	0.1126927823	0.0799443475	4.58872e-05	-0.0317997055	-0.153531252	0.1905835291	-0.0284915971	0.0538039213	-0.0146053229	-0.0630699464	0.0186187137	-0.0787608014	0.0257169804	-0.009970109	-0.0193815846	0.0006704558	0.1616759424	-0.025817107	-0.0315465006	0.0174395326	-0.0472932829	-0.0058924984	0.0189728339	0.0391702731	0.1102207848	0.0487657021	0.0017693796	-0.1363636834	-0.0364148603	0.00974403	0.1097072229	0.1120046975	-0.0115567226	-0.0012393026	-0.0926828009	-0.0290071774	0.0711699117	0.0031822816	-0.0826358105	0.0704699085	0.0612966432	0.1189578624	0.0717766373	-0.0053865283	0.0823357061	0.1931676106	-0.0022641319	-0.1768365619	-0.0698043347	0.0789539703	-0.0638858588	-0.0378449134	0.0344599207	0.0279552606	0.0604970634	0.0070603883	-0.0442106034	-0.0342583039	0.1360739449	0.0470678365	-0.130583394	0.1440269823	0.0179658951	0.0240320286	0.0924338479	-0.0291317165	-0.1440722949	-0.2021293205	-0.0006149858	-0.0284454816	0.0133154385	-0.0861017648	0.0006606938	-0.0222853866	0.081279136	0.038305598	-0.1023146029	-0.1280850645	-0.1487769472	-0.0655490148	0.0108054491	0.0446544229	0.0240750771	-0.0142965869	-0.1211719684	-0.0798013911	0.0089695695	0.0893210477	0.0396671425	-0.077972086	-0.1513495639	0.0046633514	0.0865669801	0.0282321568	-0.0323459526	-0.0123504034	0.0327446966	-0.0687560205	0.0923307789	-0.0717109616	-0.0316749676	-0.0202776148	0.0969209953	0.0640337639	-0.1172656737	-0.0209014137	0.0823867217	0.0602383915	-0.034571231	-0.0829607941	-0.0331193382	-0.1185785254	0.0872435445	0.0372511287	-0.0900913915	0.0424293392	-0.0122976613	0.1205945256	-0.0300783266	-0.024682484	-0.0548735402	0.0538206912	-0.0108340042	-0.0301553282	-0.0400031891	-0.0683259517	0.0945314743	-0.0071159421	-0.0888525176	0.0	-0.0271436906218554	0.0036424096016958	1.3267147706525756e-05	0.000736779940575	0.1819080342440742	0.1790289039786473	0.0330905329225432	0.0320513484597957	0.0455721415561853	-0.011343698233297	0.0020768200860169	0.0001286794896081	-0.001227079391861	7.789194749759998e-05	1.505723833929962e-06	6.067155484968872e-09	-0.0002270806725224	-0.0003120269641976	5.1565631833225475e-08	9.736082638637921e-08	-0.0006841394791661	-6.946632358999878e-07	4.680468269536625e-07	4.825570113110421e-13	0.0	0.0	0.0	0.0	0.0	0.0	0.0	0.0	0.0
253.2296014918101	0.2073983381872324	0.0430140706828256	64125.23107170095	402.9117372560801	-1.331234620052328	162337.8680187125	1.772185613625866	259.8678461470336	0.0345732367850928	67531.29746109834	0.001195308701798	278.3015382458122	255.8237946612008	1.016838	20.606831	0.0993270615191885	0.054503783123501	-0.0619062875	-0.0306482634	0.1056693325	0.0274621658	-0.0288167765	0.0632240138	-0.1003440658	0.0572387821	-0.0224240586	-0.0422120353	0.0791679026	-0.0843175405	-0.0637270365	0.0039851677	0.0490403593	0.0369013023	-0.0288394121	-0.0152883164	-0.0457987475	-0.031089196	-0.1010689792	-0.0853515218	0.077938254	-0.0185343917	-0.048834758	0.048220451	-0.0631541866	-0.079854021	0.0727299611	-0.1070690213	-0.0551845639	0.0335359693	-0.0260547228	0.0092440335	-0.0903420247	-0.0024023908	-0.0078402355	-0.1123651009	-0.0123520634	0.0964412425	0.0495250662	-0.0519048456	-0.0576621174	-0.0643005729	0.012913878	-0.0586536243	0.1081111006	0.032716435	0.0626793142	0.0073848492	-0.0318881759	-0.0105052817	0.0735141542	-0.0277277257	-0.1799703622	-0.0199035794	-0.0544037499	-0.0909099078	-0.0491444787	0.1434143624	-0.0267063226	0.0176342906	-0.018287652	0.059698014	0.0144754347	-0.0049491794	-0.0424192222	-0.1092841797	-0.0562741553	-0.035310658	0.0108757131	0.0091913404	0.054185635	-0.1192184715	0.0172718674	-0.0149058036	0.0039483892	0.0259598796	0.0694831619	0.0105709404	-0.0660727311	0.2083190861	-0.0195898537	0.0986172976	-0.0932099884	0.0491054152	-0.0713503646	-0.0344985915	0.0199011202	-0.0635335664	0.0036612268	0.0248499665	0.0507282001	0.0620511903	-0.1031872016	-0.0185247573	-0.0279237546	-0.0496572296	0.1416144077	-0.0026334554	0.086780527	0.0024018256	-0.0302906705	-0.1326960756	-0.0236245416	-0.0501389884	-0.0939956294	0.0148884477	-0.0268120889	0.0781754062	-0.0753479195	0.0266649104	0.0670885113	-0.0679463268	-0.0647263908	0.0424005456	-0.0858713147	-0.0698735709	0.0009200763	0.0631080274	-0.0498193642	-0.0405775607	0.0038463525	-0.0011232154	0.1180375725	0.0213825697	-0.0355686161	-0.0490156733	-0.0677224836	0.085608681	-0.0084207643	-0.0703566811	0.0174333778	-0.0723242103	0.1080478214	-0.0256667215	-0.086043468	-0.0024413543	0.0641175931	0.0355532091	-0.0640773382	-0.0414493366	-0.0659760014	0.0960056619	-0.0134122005	-0.0849149568	0.0	-0.0353374053321573	-0.0081937147103018	6.713696075381772e-05	0.0012487322156091	0.2330472309954814	0.0511391967514072	0.0543110118746612	0.0026152174443791	0.0457793633380347	0.0002072217818493	0.0020957501076357	4.2940866872839584e-08	-0.0015420199421317	-0.0003149405502707	2.3778255019318514e-06	9.91875502048113e-08	-0.0001647952383279	6.228543419449999e-05	2.715747057554936e-08	3.879475312797389e-09	-0.0002656268981187	0.0004185125810474	7.055764900416224e-08	1.7515278049495653e-07	0.0	0.0	0.0	0.0	0.0	0.0	0.0	0.0	0.0
254.03641259760565	0.8068111057955605	0.6509441604350551	64534.49892546093	401.8443457345543	-1.067391521525792	161478.87819883198	1.1393246602251454	260.7532899876485	0.8854438406148688	67992.27823938271	0.7840107948828092	278.8348207263036	256.2376063712798	1.227373	24.87344	0.3755518249520726	0.2413344322864099	-0.0218551982	0.0020799058	-0.0320494264	-0.0599391925	-0.0029610508	0.0276813614	-0.0361864364	-0.0203036926	0.1094950713	-0.0626674113	-0.0860806995	-0.0642985634	0.1037191212	0.0996292658	-0.0008352529	-0.0768629447	0.1351618878	0.1402319219	0.0310779073	0.0684753913	-0.0592365703	-0.0232577993	-0.0838712706	0.0372516995	0.0283465412	0.0112705376	0.0181331647	0.0232427854	-0.0628345856	-0.0430133282	-0.0852173341	0.0908284839	-0.0881018921	0.0566636278	-0.0968234422	-0.0564646799	0.0635058448	-0.0633239269	-0.0574411931	-0.0055511011	0.0662950237	-0.0389944061	-0.095323954	0.0370075015	-0.07519558	0.0279832933	0.0143573941	-0.0391284331	-0.033313825	-0.0889268615	0.2159601822	-0.0498086657	0.0598913239	0.0910427787	0.0464379065	-0.0096461474	-0.1616121172	0.0594759338	0.0825452106	0.0752043713	0.0196736195	-0.0403892143	-0.0394579504	-0.0194554365	0.0124706904	0.0155257685	0.013284727	0.0336269199	0.0827058472	0.1098356259	-0.1222789463	0.0213959911	-0.0234619765	-0.0539179029	-0.1043548779	0.1206996353	0.0880775199	-0.049960112	0.0146818834	-0.0046829393	-0.0047411528	0.0371962082	-0.0031138562	0.1919731864	-0.0073350587	0.0998990395	-0.0061646081	0.1456988032	0.072807139	-0.0515134675	0.0758251723	-0.1097039591	0.0553956921	-0.0430597063	0.0191506241	-0.0323876188	-0.0062103846	-0.0300905502	0.0560436375	0.0972922711	-0.0621318699	0.1474161464	-0.0106236573	-0.1381486492	-0.0192892292	0.1108057021	-0.0157539985	-0.1449365944	-0.0484987113	0.0089236651	-0.05392431	-0.0107278387	0.0651738113	0.1280687372	-0.0055956562	-0.0131112659	0.2103172769	0.0871949757	0.1114133663	0.0440064744	0.0707326684	0.0523073861	-0.1370118331	0.022365093	0.0814103232	0.1115595696	-0.0605527281	0.0078609255	-0.1349810646	0.1158723569	-0.0512970042	-0.0276567839	-0.0046673821	0.0072988186	0.0603780734	-0.0116208345	0.0192122397	-0.0525377626	-0.0220132377	0.0148970821	-0.0645128739	-0.042885154	-0.0635602848	0.0972645456	-0.019654994	-0.0804485949	0.0	-0.0308946366143061	0.0044427687178511	1.973819388031718e-05	0.00095447857153	8.986147948064627e-05	-0.2329573695160007	8.075085494450611e-09	0.0542691360118145	-0.0237741314319848	-0.0695534947700195	0.0005652093253452	0.0048376886347231	-0.0008219768270173	0.0007200431151144	6.756459041534283e-07	5.184620876236492e-07	6.87807011299224e-05	0.0002335759394578	4.730784847923709e-09	5.4557719493604325e-08	-0.0006839716825105	-0.0004183447843917	4.678172624762442e-07	1.750123586278216e-07	0.0	0.0	0.0	0.0	0.0	0.0	0.0	0.0	0.0
254.2859870335247	0.2495744359190439	0.0622873990643089	64661.36320161389	411.66393879524566	9.819593060691377	169467.19850441575	96.4244078775782	260.1566715629346	-0.5966184247138813	67681.49375870463	0.3559535447080732	279.5575859167707	264.28931880467684	1.549505	31.40163	0.3593478733449634	0.2043620175501343	0.0566993275	0.0823744218	-0.0024846386	0.1384647461	-0.0814634275	-0.0829388501	0.0011544145	-0.0595206891	-0.1485260102	0.0970384391	0.046220631	-0.0771441566	-0.0253906897	-0.020854506	0.0779801028	-0.0531531861	-0.2061215169	-0.0806397742	-0.0546868397	0.0716366714	0.0889515617	-0.1347522986	0.0751206221	-0.0184317273	-0.0771950614	-0.0806981228	0.0550547058	0.0294663177	-0.0416178389	0.0232087265	0.0220861036	0.0875961818	0.0115966799	0.0485450157	-0.0175107668	-0.0322713954	-0.0098673753	0.0689440189	-0.0813077611	-0.0696288486	-0.0102029387	-0.017761035	0.0238663808	0.1463757285	0.0390884056	0.0501167239	-0.0116243806	0.0699012005	-0.1380672252	-0.1539777107	-0.113578717	0.1149895831	-0.0528386447	-0.0627426407	-0.1183524342	-0.0204157941	0.0001806185	-0.0153695386	0.0448384157	0.054688901	0.0088911295	0.0380674904	-0.105544174	0.0937057695	0.0870938583	-0.0562546036	-0.0290099398	-0.0362313916	-0.0004612832	-0.0720658212	0.2114479576	0.0653373561	-0.075974992	-0.017094378	0.0007795675	-0.0714150336	-0.0350569236	0.0389409248	0.0429998399	0.0731913686	0.0352760331	-0.0318144139	-0.0574373427	-0.0028748369	-0.1489380312	0.1430975944	-0.0012116628	0.1082263106	0.0091545141	0.1052980904	0.0863839499	-0.0821552093	0.1086098824	-0.0063747873	0.0751043117	-0.0524395319	-0.0341451343	0.0108294445	-0.0558798837	-0.0832186109	-0.1171320349	-0.0159591401	-0.0580501931	0.0203260758	-0.0042454452	0.0640698632	-0.0481131899	0.0950020367	0.0860801017	0.1567277469	-0.0063060248	-0.0044846402	-0.0425399939	-0.0361424446	-0.252924648	-0.0308474347	-0.092294743	-0.0186883039	-0.2038502481	0.0239196901	-0.1067444585	-0.0408798913	-0.053372746	-0.0355117646	0.1105473235	0.0166601352	0.0421773482	-0.1497189531	-0.006322222	0.0191763268	-0.0178812448	-0.1246785315	0.0418660545	0.0044346161	0.0501882413	0.0134777858	-0.1116123355	0.0583645538	0.042055835	0.0103548133	-0.0431779345	-0.0443102836	-0.0610812099	0.0983053023	-0.0258194369	-0.075481246	0.0	-0.023986109158514	0.0069085274557921	4.772775160743326e-05	0.0005753334325641	0.191403233616981	0.1913133721375003	0.0366351978390366	0.0366008063586216	0.0405271900741794	0.0643013215061642	0.0016424531353086	0.004134659947439	-0.0018660127720404	-0.0010440359450231	3.4820036654178976e-06	1.0900110545002774e-06	-0.0002279174076396	-0.0002966981087695	5.19463447051556e-08	8.802976774741138e-08	-8.821269139298632e-05	0.0005957589911175	7.781478922794243e-09	3.549287754973577e-07	0.0	0.0	1.0	0.0	0.0	0.0	0.0	0.0	0.0
253.3986324241949	-0.8873546093298046	0.7873982026988501	64210.86691445224	400.0932705567318	-11.57066823851386	160074.6251447822	133.88036348575343	259.3555514175817	-0.8011201453529111	67265.30205111786	0.6417934872902694	277.29764494076846	257.4418481271073	1.748011	35.424488	0.2466255969218267	0.1567714280859992	-0.0163998667	-0.0944974667	0.0455202747	-0.1705759872	0.0419444059	0.0887088504	-0.0584492999	0.0144475083	0.1775388941	-0.0108742045	0.0300731513	-0.0976635731	-0.0925132817	-0.0062489531	-0.0993774093	-0.0750187331	0.1418607038	0.0592927899	-0.0532799925	0.0741565913	0.0362589876	-0.049702585	-0.0025558884	0.0334593486	0.0349480222	-0.0611522388	0.1610933962	-0.0683930484	-0.009152814	-0.0201255556	0.0075478235	0.1213932509	0.0255123008	-0.0558878121	0.0129006084	-0.0508481015	-0.0771981046	0.037218812	0.0340032992	0.0823374169	-0.0442669269	-0.0363811735	0.1077660829	-0.0114265969	0.1122639961	0.0152095202	0.1060264067	-0.0493638031	0.0119479675	-0.0584680991	0.0018375927	-0.050128519	0.1177212939	-0.1116752469	0.0294247414	-0.0068935628	-0.1132456824	-0.0719065656	0.0038923074	-0.0033619871	-0.0803882612	-0.1556377408	0.0516190221	-0.2009251078	0.1213558956	-0.0855362533	-0.0049438704	-0.0856097254	-0.1040897892	0.0164841834	-0.1612734787	-0.0341043507	0.0049200619	0.0129036551	-0.0852205727	0.0733766425	0.1036700767	0.1112407172	-0.0784873619	0.0253330149	-0.0382486232	-0.0436996736	0.0386035519	0.1217561609	-0.1439255602	0.0659797716	0.0447558188	-0.0107870745	0.0797294043	0.1154586772	0.0757138314	0.0517788501	-0.0954064611	0.1019807037	0.0793975078	0.108402682	0.0291753418	0.0767880405	-0.0738991992	-0.0104741469	0.0751447607	0.0425514188	0.0413737953	0.0668904779	0.0179788669	-0.0435663481	-0.099834975	0.0169964502	0.076129742	0.0739352333	0.0263602729	0.0365620065	0.0505601449	-0.0718218601	0.0297739967	-0.1728831801	-0.0565914648	-0.1122391229	0.1633444794	-0.0101427775	0.0853257767	0.1746195424	-0.0853058109	-0.0019491107	0.0913197998	0.1362039422	-0.0034929968	-0.0551905875	-0.0937791342	0.0699465294	-0.0154727519	-0.0996381028	0.058033287	-0.022148136	-0.0419199017	0.0172894092	-0.0159978453	0.0043945519	0.0298173611	0.0119390033	-0.005898566	-0.0457243701	-0.0585412479	0.099125598	-0.0318809559	-0.0700438436	0.0	-0.0200737158526465	0.0039123933058674	1.5306821379796812e-05	0.0004029540681327	0.3086298528760522	0.1172266192590712	0.0952523860862936	0.0137420802629112	-0.0469084208644829	-0.0874356109386623	0.0022003999479994	0.0076449860602171	-0.0013050350075389	0.0005609777645014	1.7031163709020568e-06	3.146960522651003e-07	-0.0002278118917415	1.0551589810000999e-07	5.189825801884091e-08	1.1133604751851689e-14	-0.0002881488793579	-0.0001999361879649	8.30297766752136e-08	3.9974479257941294e-08	0.0	0.0	0.0	1.0	0.0	0.0	0.0	0.0	0.0
254.3848883295939	0.9862559053990196	0.97270071093444	64711.67141045996	409.2018870947496	9.108616538017827	167446.1844019042	82.96689523665187	260.23750721738446	0.8819557998027676	67723.56016271823	0.7778460328057395	279.31672309826547	263.6409683387686	1.546446	31.339651	0.3579541980985183	0.3133346257301803	0.07326332	0.0075985538	-0.037364085	0.0888596007	0.0397556764	-0.0850765865	-0.0087554746	-0.0103995026	-0.049180595	0.0764360431	-0.0412012788	-0.0282463015	0.0963036498	0.0503291919	-0.0081872507	0.0576543803	-0.1016476845	-0.0526591909	0.0648872508	0.1278587324	0.0692826592	0.0127386773	-0.0583090321	0.1396783277	-0.0030991633	-0.0928954506	0.086801283	0.1006569842	-0.0354816856	0.1557318404	0.0245893579	0.080303445	-0.0186297309	-0.0739418396	0.0637423337	0.0269405203	-0.038659062	0.1000073262	-0.0106047091	-0.0502434273	0.0144808938	0.0804195722	0.0400822557	0.0241580639	-0.0533045094	-0.0405367231	0.053464651	-0.063142069	-0.0792954241	-0.0034467103	0.0735093936	0.0998953948	-0.103923992	-0.0285769389	-0.1599481076	-0.0516752261	0.0646888205	0.1244224558	-0.0234749133	0.0310899165	0.1103674038	-0.1910782476	-0.0498288953	-0.0599161658	-0.0967334389	-0.0606596937	0.021436027	0.0005742391	0.0904347344	0.0468108274	0.0861751489	0.0648088533	-0.0132643788	0.0022253045	0.050286493	-0.0684584339	0.1289457322	0.1303960765	-0.0405696919	-0.0082477467	0.0158727705	-0.1786482609	0.109928776	0.0047273012	0.0243690368	0.0236202587	-0.0131474164	0.0386671103	-0.0272856234	0.0476306594	0.0789072463	-0.1178903662	-0.0267766082	0.0074666812	0.0852249167	-0.0253841029	0.0555929449	0.074510946	-0.040463744	0.0053171509	-0.0446501925	-0.0747840993	-0.0741342953	-0.0082339786	0.0084008135	0.1273505448	0.0047417989	0.1224330864	0.0010226467	-0.1088487354	-0.0322298479	-0.1206566387	-0.0118521476	0.0665920038	-0.0993273736	-0.1136282777	0.0046649573	0.1036157733	-0.0902538081	0.0070493986	-0.0660927382	0.0464065117	-0.130178621	-0.0784408706	0.09266258	0.0425196284	0.0193285986	-0.1148182231	0.0344046936	-0.0621182895	-0.1043237546	-0.1489167225	0.012563927	0.1061360537	-0.0169781973	-0.0740385687	-0.0455489516	0.0619597506	0.0127292775	-0.0226500694	-0.0192684652	-0.0471270611	-0.0559429307	0.099723593	-0.0378153881	-0.064170249	0.0	-0.0163587084852139	0.0037150073674326	1.3801279740078506e-05	0.0002676073433042	-0.0017863844833669	-0.3104162373594191	3.1911695224140257e-06	0.0963582404163792	-0.0042361440681162	0.0426722767963667	1.794491656583607e-05	0.0018209232069857	-0.0012990339029396	6.001104599299978e-06	1.6874890809864905e-06	3.6013256411739347e-11	-0.0002278236735309	-1.1781789399992193e-08	5.19036262211141e-08	1.388105614657684e-16	-0.0002711482342406	1.70006451173e-05	7.352136493179528e-08	2.8902193440437633e-10	0.0	0.0	0.0	0.0	1.0	0.0	0.0	0.0	0.0
253.36262522411496	-1.0222631054789415	1.04502185682345	64192.619860455336	405.17006288084593	-4.03182421390369	164162.77985486866	16.255606491820107	259.2123792544933	-1.0251279628911334	67191.05755877528	1.050887340301325	277.7726640300248	260.6066496716539	1.311282	26.573914	0.5116182309322869	0.4423877361426065	0.011973402	-0.0020452003	-0.0204048764	-0.0725516315	0.0096474774	-0.0058993548	0.0342007176	-0.0135165169	0.0562545217	0.0419648811	0.1426305127	-0.1274781289	-0.1415417116	-0.0248709683	-0.0845530915	-0.1373034309	-0.05291484	-0.1096946912	0.0347960084	0.1197174962	-0.0154658824	0.0821706259	-0.0429502969	-0.0221301327	0.1646445425	-0.0866888229	-0.0246150272	-0.0361283784	0.0975312696	0.02065794	-0.041510392	-0.0390828306	0.0192432455	-0.1109259717	0.0679397926	0.0821859885	0.1187779967	-0.0463588559	0.0671706321	0.1249771984	0.0525884925	-0.0535561886	0.0116224089	-0.0459064374	-0.1530256498	-0.1004011631	-0.0183912702	0.0239483073	0.0091285001	-0.0106733094	0.0300486462	-0.0155445452	0.1335578946	0.0346952854	-0.024319413	-0.0035267656	0.0855904449	0.0282660291	-0.0205771343	-0.0909555776	0.0211113041	-0.0568869116	0.0827147928	-0.0541357111	0.0068118413	0.0606238584	-0.0153984157	-0.0864534298	-0.1301275562	-0.0262170423	0.0333832957	-0.0131085665	-0.0729415453	0.0930716566	-0.0753824723	0.0734225419	0.0631177624	0.2499294457	-0.1479623609	-0.0153929738	-0.012028617	-0.0580394613	0.0260067785	-0.0324307881	-0.0350749645	0.0211190789	0.0814679019	-0.0869067715	-0.0686733132	-0.0709762538	-0.0258941426	-4.6263e-05	-0.0055410121	0.0440512863	-0.0496817227	0.0676459525	0.0667491674	0.0226464064	0.0569232759	0.0396068873	0.0466172144	-0.0599754564	0.0977710533	-0.1659426862	0.0563774656	-0.135286824	0.0515673827	-0.0109148525	-0.0644802066	0.0429440164	-0.0339496627	-0.0259082393	0.0830245466	0.0460271295	-0.0708914328	0.0323665517	0.0473771765	-0.1365013693	-0.0242290238	-0.012122932	0.1377526819	0.2559003681	-0.0258933109	0.0430342476	0.1544430194	0.0618141939	0.077130588	-0.1101482574	0.0190686089	-0.0562182734	-0.0533334391	-0.0799244017	-0.0421936282	-0.066197891	-0.0088953151	-0.0114579067	-0.0391354242	0.0812835397	-0.0570744565	-0.0728227098	0.1008136628	-0.0485180071	-0.0532888484	0.1000979463	-0.043599077	-0.0578970392	0.0	-0.0159900713979368	0.0003686370872771	1.3589330211614446e-07	0.0002556823833111	0.4353620269100418	0.4371484113934086	0.1895400944752199	0.1910987335837808	-0.0578872844631774	-0.0536511403950612	0.0033509377025208	0.0028784448656905	-0.0011620753492735	0.0001369585536661	1.3504191173891267e-06	1.8757645422310028e-08	-0.0003977832564232	-0.0001699595828923	1.582315190906453e-07	2.888625981692461e-08	-0.000373230938813	-0.0001020827045724	1.3930133368723338e-07	1.04208785728159e-08	0.0	0.0	0.0	0.0	0.0	1.0	0.0	0.0	0.0
253.7095082409528	0.346883016837836	0.1203278273705184	64368.51457186609	405.0494949412796	-0.1205679395663423	164065.09335218568	0.0145366280512731	259.8692985849556	0.6569193304622445	67532.05234703679	0.4315430067349636	278.1919110951386	259.09464254587465	1.167905	23.668287	0.5032550415248861	0.3732528218102215	-0.0007323473	-0.0801743876	-0.0077195756	-0.0616466265	0.0632324933	-0.0032864638	-0.0061047606	0.0450238628	0.0594887918	0.0760473994	-0.1009707897	-0.0472656695	0.0176669012	0.0179338899	0.01434315	0.1617873065	0.0714698243	0.0113304041	-0.000647053	0.1401247728	-0.0230536568	-0.0421584028	-0.0015040635	-0.0304255305	0.0231397717	0.0342291718	-0.0331588162	0.1037063408	-0.0078333808	0.0112378234	0.0219047182	0.0231853416	0.022642698	-0.0138554426	-0.060955966	-0.0363697358	-0.096891193	0.0900146393	-0.0716588211	-0.0366183838	-0.0628014597	0.1073108213	0.1688023431	0.044222397	-0.0252948092	-0.0148000376	0.0581022632	0.0563792093	-0.0001092974	0.0294275449	-0.0601072851	0.0868785506	0.0608647491	0.0613838344	-0.0301840479	0.0011037493	-0.0151744026	0.0035116544	-0.023175294	-0.0551117681	0.1798762661	0.0283275851	0.0641242146	0.0499165377	0.0750732488	0.0404366558	-0.0396382859	0.0340341341	0.0019291915	0.0612685701	-0.0497842813	-0.0321533972	0.0028543333	-0.010372628	0.0863139577	-0.0925001688	0.1410640758	0.0348467315	0.0547424498	0.0119424146	-0.0034943253	-0.0560944491	0.0527010694	-0.1768743092	-0.0195210125	-0.0410446327	0.0793410707	0.084065662	0.0818760319	-0.012530087	0.0538323542	0.0531942754	0.0067362413	-0.0068505275	-0.105646404	-0.0425397193	0.1082893872	-0.0194918739	-0.0894442274	-0.1121148278	-0.0256183135	-0.0549030456	-0.0226335456	-0.0101431721	0.0985962383	0.0923206234	-0.0829563042	0.0725526322	0.0180010727	0.0314516555	-0.0745408984	0.0323313577	-0.0553678255	-0.0656304077	-0.1021529393	-0.0542690087	0.072293603	0.0215254156	0.0773127084	0.0332244314	-0.0414234303	-0.0701634714	-0.0304136478	-0.0641031908	0.0871808289	0.1406716402	0.0073998454	-0.1136078036	0.0876992888	-0.0431125252	0.0784816262	-0.1158250083	0.1092855796	0.0994821582	-0.0236099275	-0.0255021599	0.0608951116	0.0330399289	-0.0708066431	-0.023071693	0.1382497878	-0.0498968614	-0.0505816467	0.1002478183	-0.0492089673	-0.0512632804	0.0	-0.0233789987181722	-0.0073889273202354	5.45962469437211e-05	0.0005465775810642	0.0815763032965577	-0.3537857236134841	0.0066546932595319	0.1251643382327165	0.0398543639928377	0.0977416484560151	0.0015883703292735	0.0095534298428992	-0.0015170003757158	-0.0003549250264423	2.3012901399218783e-06	1.259717743950674e-07	-0.0002279914016938	0.0001697918547294	5.1980079246303676e-08	2.8829273932449686e-08	-1.1172977281669592e-05	0.0003620579615313	1.2483542133670482e-10	1.3108596750822236e-07	0.0	0.0	0.0	0.0	0.0	0.0	1.0	0.0	0.0
254.009465017598	0.2999567766451889	0.0899740678553717	64520.80831852634	409.0789373985626	4.029442457282983	167345.57702313707	16.23640651655472	260.0993638761834	0.2300652912278451	67651.67908879527	0.0529300382277532	279.101023194795	264.62058092504867	1.226857	24.862984	0.1161657296757696	0.0721795328246225	0.074866284	0.1081725391	0.0616723082	0.0352645203	0.0219155317	-0.0089632307	0.0447566484	-0.0710682316	-0.108869609	0.1449127117	0.0090146964	-0.012715177	0.0113871607	-0.0389755208	0.0270756105	0.0152940301	-0.0533366222	0.0201278293	0.0278969902	0.1691535037	0.072788752	-0.0406591684	0.0168188677	-0.0366327614	0.0156884171	0.1408160173	0.1560075773	0.110964983	-0.0002719939	-0.0088220599	0.0776761427	-0.0452417425	0.0080132591	-0.1467802709	0.0320562951	0.0190807938	-0.1221620811	0.087380248	-0.0158999753	-0.0380055144	-0.0332966272	-0.0406939282	-0.004454602	-0.0111968275	0.0671204557	0.0965031957	-0.1432782833	0.0249561908	0.0157859524	0.0289178071	-0.1266486364	0.0483311858	0.0223256035	0.1301578054	0.0016509574	-0.0233064133	-0.0630945836	0.0166512497	-0.0038562106	-0.0202140937	0.0077186875	-0.0302985072	-0.0165082722	0.0183967653	-0.1199083226	-0.0134055695	0.1400230224	0.0006525301	0.011432307	-0.0094735774	0.0446664245	0.109254806	-0.0163418852	0.0731682035	0.0040931135	-0.0998909733	0.0822358631	-0.0025735739	-0.1066298109	0.0370642978	-0.0715471566	-0.0446642849	-0.1040628009	-0.1805443419	0.009077742	-0.0062765984	-0.0170333166	-0.1188292681	0.1218401333	0.0950908601	0.1629021654	-0.1029911624	-0.0011203854	0.0395736442	0.0628614072	0.0316943095	0.0256220706	-0.1355399657	-0.03571221	-0.126172616	-0.0151371209	0.0812732164	-0.0422263493	0.0457706132	-0.0159685324	-0.0248068754	0.0091446656	0.0029883483	0.0729234603	-0.0457497752	-0.1175563169	-0.02335344	-0.1803872667	-0.0491069354	0.0003833378	0.1016268043	0.0517598937	0.0095693469	-0.0160836524	-0.0083093303	-0.0669091815	0.0778210804	-0.1797058502	0.0104203466	0.0364940763	-0.0825931063	-0.0156617531	-0.1204158842	0.042086586	-0.0237988417	0.0901328057	-0.1197659691	0.0172734057	-0.0058871517	0.0243546451	0.0796494816	0.0823460124	-0.0402554871	-0.0205894457	-0.0374438961	-0.0025470373	-0.0512632804	-0.047824024	0.1001728729	-0.0546226962	-0.0443102836	0.0	-0.0127542897297558	0.0106247089884164	0.0001128844410885	0.0001626719065105	0.1379442716399666	0.0563679683434088	0.0190286220782808	0.0031773478551635	-0.0039398622476198	-0.0437942262404575	1.5522514530219746e-05	0.0019179342520003	-0.0015390086743895	-2.200829867370015e-05	2.3685476998461264e-06	4.843652105107917e-10	-0.0002279254410624	6.596063139999511e-08	5.1950006683489587e-08	4.350804894686021e-15	-9.667524004630712e-05	-8.550226276463753e-05	9.346102038011104e-09	7.310636937873122e-09	0.0	0.0	0.0	0.0	0.0	0.0	0.0	0.0	0.0
253.96566544206905	-0.0437995755289364	0.001918402816515	64498.55922343295	404.0346695582072	-5.04426784035536	163244.0142050097	25.444638045243327	260.31547664754254	0.2161127713591213	67764.14738223726	0.0467047299445198	278.59920325520545	259.41749806568265	1.222277	24.770164	0.0981168444269198	0.0565187579819324	-0.0070961385	-0.0043394232	-0.1347076141	-0.0481335789	0.0035234218	-0.054351918	0.090691673	-0.0028375563	0.1263803254	-0.0465400116	0.005946456	-0.0711090406	0.053389075	0.0697954428	-0.0364734318	-0.086323288	0.0070465108	0.141401979	0.0184875463	0.0534347341	-0.0669632566	-0.0016490892	0.0354949521	0.0742636154	0.0826843502	-0.0562174327	-0.0284818417	-0.0332577991	-0.2042957668	0.0774471409	0.001253039	0.0038739223	-0.086833529	-0.0816227019	0.0325116717	0.1207044844	0.0324212541	0.0734221682	-0.0188185755	0.0443551361	0.0509267337	-0.0573347101	0.1140735076	0.0953303333	0.0179171668	-0.0530263695	0.0035842117	-0.0959360595	-0.1116479985	0.0727169488	-0.1510380839	0.0796667677	-0.025012822	-0.0330027997	0.0142931674	-0.0373374835	-0.1368863902	0.0359580036	-0.0069295854	-0.0474247671	-0.0574451208	-0.077938966	-0.0300845079	-0.1641486201	0.0464896664	0.1574441341	-0.0270584546	-0.0029850632	0.0421969921	0.0997109573	-0.0213235672	-0.0655785323	-0.0839730764	0.0624825656	-0.0837826052	0.1048873691	0.1487326645	-0.0069776047	-0.0147602773	-0.0040572136	-0.0512307159	-0.1203495278	0.1818439826	0.1096083982	-0.0539465636	-0.0222194154	0.063366908	-0.0526174407	0.029050964	-0.0195281345	-0.0211742797	-0.0225981278	-0.0532032684	-0.0129913043	-0.0065000066	0.0384033159	-0.0297338188	-0.0958793686	-0.0716984843	-0.0289282481	-0.0090117611	-0.0647134166	-0.1129951713	0.0459532526	-0.1100070378	0.0365279103	0.0405434822	0.0221591232	0.1132978452	-0.0057006856	-0.0022291276	-0.0962817489	-0.0127247307	-0.0649600995	-0.000680399	-0.094121343	0.1451339498	0.0479327648	0.0393270856	0.0213421206	0.0747088883	0.0769433087	-0.1976660042	0.026722218	0.0162872488	0.089024669	0.0725768572	-0.0190174014	-0.06800204	-0.0123941214	0.040981876	-0.0493818261	-0.0356500684	-0.0107478538	0.0210683584	-0.0002934692	0.0321519563	-0.0251453918	0.0789329225	0.0331998898	0.086549294	-0.0526169234	-0.0450187293	0.0998732783	-0.0598186829	-0.0370813481	0.0	-0.0127198304185611	3.4459311194699055e-05	1.1874441280131115e-09	0.0001617940858769	0.0927214675365917	-0.0452228041033748	0.0085972705421392	0.0020451020109722	-0.0322684291045547	-0.0283285668569348	0.0010412515168756	0.0008025077001678	-0.0011340030492667	0.0004050056251228	1.2859629157461737e-06	1.6402955638111006e-07	-0.0002279940909171	-6.864985469998662e-08	5.1981305493114863e-08	4.712802550329275e-15	-1.1129231915499848e-05	8.554600813080728e-05	1.2385980302898042e-10	7.318119507116144e-09	0.0	0.0	0.0	0.0	0.0	0.0	0.0	0.0	0.0
254.0700783682912	0.1044129262221531	0.0109020591622727	64551.60472206964	407.2365676951858	3.2018981369785706	165841.62206815564	10.25215167958684	260.6074008116492	0.2919241641066605	67916.21735780357	0.0852197175893724	279.24431432559504	260.3928918658336	1.157452	23.456457	0.0948292488353547	0.0633152288345057	-0.0008802423	-0.0840437667	0.0128143094	0.0696826782	-0.0044858353	-0.0254064403	-0.0404418932	0.1279960629	-0.1362255678	0.1240398744	-0.0559619922	-0.0384081754	0.0623854335	-0.0061519207	0.0740345861	0.0760554465	-0.0204243351	-0.0355273186	-0.0148327088	-0.014606307	0.0470959705	0.0354921251	0.014271986	0.0365591984	0.009129095	0.0562553616	0.0109680679	0.0340767726	-0.0633630187	-0.1019289915	-0.0767668986	0.1062587051	-0.0142204394	-0.0305108433	0.062879114	0.0112542676	-0.0108711665	-0.0048752757	-0.0139464108	0.0066892428	0.0537843782	0.0314288854	0.0491785763	-0.0504805181	0.1202242156	-0.011584856	0.0867177764	0.0110540759	-0.0479665642	0.036853169	0.0006586124	0.149009159	-0.0721971747	-0.0336968341	0.1358340822	-0.0772495398	-0.0318315881	-0.0594481616	-0.0113987567	0.0814351042	0.0683272266	0.0533969552	0.0706570464	0.122635052	-0.0876201163	-0.0777788351	0.0655399639	0.0220782843	0.0593140425	0.0093812685	0.034500195	-0.0224881022	0.0799962018	-0.069367555	0.0187983656	-0.1061468498	0.0576979095	0.017092891	-0.0485926647	0.0368545949	0.0501658626	0.0346941791	-0.0169534175	-0.1112515135	0.0551715582	0.0147509389	-0.0001079259	-0.0748288991	-0.0401099911	0.0629843916	-0.0042980038	-0.1400093487	0.0169448241	-0.0077862316	-0.0852170155	-0.0042541896	-0.0065848452	-0.0737967965	-0.0135793223	0.0096320713	0.0124999626	-0.0312639135	-0.1550325564	0.0609802863	0.0418771151	0.0572914694	-0.0251897685	-0.0615548047	0.0094535134	-0.1336924957	-0.0347419696	0.0059586713	0.0041774903	-0.0741073645	-0.049314424	-0.0321420137	-0.0118354132	0.0392147232	-0.0349293023	-0.0067745361	-0.0366514672	-0.0618456065	-0.0755236113	0.0252815597	0.0147293875	0.0833420939	-0.0423810343	-0.1395699003	0.1174210426	-0.0578010036	0.0541840063	-0.1133717333	-0.0200727261	0.0052497852	0.0594392379	0.0486617554	0.0491446586	0.0369418475	-0.0325457264	-0.0260203301	0.0454402754	-0.0539574532	-0.042168559	0.0993497063	-0.0647762149	-0.0296214915	0.0	-0.0146913576218707	-0.0019715272033095	3.886919513389769e-06	0.0002158359887736	0.1061927641107303	0.0134712965741385	0.0112769031494772	0.0001814758313883	0.024614527572865	0.0568829566774197	0.0006058749676353	0.0032356707603652	-0.0014380000692245	-0.0003039970199578	2.067844199089667e-06	9.241418814322308e-08	-8.199201518443999e-05	0.0001460020757326	6.722690554005438e-09	2.1316606118245388e-08	-1.1058959996223344e-05	7.02719192765049e-08	1.2230059619806818e-10	4.938142638803619e-15	0.0	0.0	0.0	0.0	0.0	0.0	0.0	0.0	0.0
253.66433089774856	-0.40574747054265	0.1646310098517586	64345.59276980248	402.1769102264501	-5.059657468735679	161746.26711929412	25.60013370093274	259.9435180406082	-0.6638827710410169	67570.632571328	0.4407403336850992	278.3605763985273	259.6046358065181	1.096755	22.226387	0.2487788302304198	0.1487475896713754	0.0155991793	0.0246154056	0.0931352972	-0.0131577812	0.0031728292	0.1092650369	0.0177039714	-0.0227905671	-0.0293802499	0.0924805902	0.0272741871	-0.0515294779	-0.01481335	-0.0050175816	0.0065218967	-0.1294549554	0.0029392257	0.0211811532	0.0421625751	0.1585027061	0.0762644385	-0.0641795935	0.0734021854	0.0823601736	-0.0761754648	0.0060736614	0.0052186807	-0.0227242951	0.0451773669	-0.0849301764	0.0595313918	-0.1222891587	-0.0649318062	-0.1309971517	-0.0044501569	0.0249289284	-0.0592841902	-0.0020667073	-0.0140745274	0.090356844	-0.0257354499	-0.0011514921	-0.0220880924	-0.0986600445	0.0429586476	0.0732507262	0.0303965913	-0.0913980949	-0.0013907673	-0.1280882567	0.0188628167	0.049058763	-0.1581130441	-0.0501845783	0.0302003043	-0.0551364307	0.0694805895	-0.0090796846	0.1513313613	0.0580601837	0.0517403518	0.0282516611	0.0905852767	0.01038344	0.0137168906	0.0168302111	0.0783855526	0.0678945558	-0.0311783822	0.0251896813	-0.006450381	0.1098547548	0.0307080168	0.0684258013	-0.1465978354	-0.0296797449	0.0838077203	0.0691630816	0.0223408609	0.0693152525	-0.0535485422	-0.0496344245	0.0345485092	0.1074984633	-0.0196965947	-0.034892361	-0.0454239324	-0.0239474719	-0.0334022048	-0.0643864446	0.0608553952	-0.065221778	-0.0504028316	0.0023418699	0.0526614183	0.0803700671	0.0542751044	-0.1187251999	0.0428172485	-0.0349411265	-0.0615817955	-0.0484406049	0.0664759544	0.1273143031	-0.0019691478	0.0250979961	-0.0445106141	-0.0957072511	0.0353718178	-0.0911045304	0.0313961914	-0.0007873449	-0.0100681958	0.0671467638	0.0129407042	-0.0245353961	-0.1389863592	-0.0294046749	0.00646577	-0.0066609344	0.0786527195	0.1578264987	-0.2257999317	-0.1113149886	-0.0141678196	0.0474405785	-0.0571257468	-0.083602813	-0.0089111442	-0.0266118762	0.003853181	0.1271635138	-0.0057255994	-0.0057195533	-0.0043929777	0.0121972939	0.1534304126	0.0081640275	0.0293598624	0.0707108804	0.0032278544	-0.0552845357	-0.0392763541	0.098603331	-0.0694755299	-0.0219771695	0.0	-0.0103308282121474	0.0043605294097232	1.901421673306182e-05	0.0001067260115489	0.2170519993749025	0.1108592352641722	0.0471115704326426	0.012289770043357	-0.0485014161631625	-0.0731159437360275	0.0023523873698322	0.0053459412284099	-0.0007200405931769	0.0007179594760476	5.18458455822542e-07	5.154658092465444e-07	-0.0002278717523287	-0.0001458797371442	5.19255355093524e-08	2.1280897709278395e-08	-0.0003560821832143	-0.000345023223218	1.267945212026623e-07	1.1904102455979076e-07	0.0	0.0	0.0	0.0	0.0	0.0	0.0	0.0	0.0
253.9952594937213	0.3309285959727504	0.1095137356324958	64513.59184528283	405.3465976745078	3.1696874480576867	164305.8642462993	10.04691851837445	260.0312315392174	0.0877134986092187	67616.24137580208	0.0076936578382694	278.6128302538132	261.97348659625084	1.024992	20.772079	0.1430647067751432	0.0936705421982322	0.035388403	0.0704965162	0.00877118	-0.0533397789	-0.0564340397	-0.0231444917	0.0253395706	-0.0620313592	0.0027471497	-0.0312450793	0.1192442788	0.0255662628	0.0141845338	-0.0390638415	0.0190154577	0.0219377371	-0.0182464392	-0.052725529	0.0050859778	0.0487528776	0.1296465798	0.1040110016	0.0002324992	-0.1419925418	0.0991535264	-0.0166354474	0.0348777307	-0.1250157635	-0.0224554101	-0.0174380825	-0.0429432937	-0.0163320776	0.071087941	0.0265978733	0.0933436613	0.0106870017	-0.0017505452	-0.0586887332	0.0002081411	-0.0220878004	-0.0402032311	-0.0531830836	-0.061369986	0.0609614572	-0.0472633638	-0.0138857408	-0.0388429627	0.1497246913	-0.0776492099	-0.0491611531	0.0739420749	-0.0363735363	-0.0901742124	-0.0882407725	0.1268778389	-0.0066384503	-0.1614160372	-0.0838476854	-0.0965494561	-0.0241870341	0.1136582529	0.0208213064	0.0295504156	-0.0090480005	-0.0330697374	0.0391868714	-0.0477075618	0.0659390107	0.0125832793	-0.0250983604	0.0069706489	0.0040552249	-0.0719720783	0.0230281724	0.0674716845	-0.0576820892	-0.0171541796	0.0348717439	-0.0807700013	0.0667922172	0.0117377857	-0.0164066523	-0.1445441778	0.0711029039	0.0626016697	0.0813578182	0.0611515288	-0.1058035742	0.072240611	-0.0217509474	-0.1158331996	0.0047846831	-0.0166932466	-0.0198540287	0.1031523515	0.005654045	0.0186999162	0.0316790512	-0.0046778927	-0.0804591001	0.0366494385	-0.0691790796	0.039086753	-0.0094727157	-0.0914967182	0.0664218975	0.0880764891	-0.044443878	0.0033396854	-0.0271343072	0.0074148334	-0.0481759906	0.0213865038	-0.0234401171	-0.0292289575	0.0281203805	-0.0366359353	-0.0162175807	-0.0079264537	-0.0179946764	-0.0632277918	0.024144212	-0.0759954728	0.0059452508	0.024726146	-0.0563084117	0.0647561719	-0.1703560539	0.1051539987	-0.0505504104	0.0386063625	0.0671390602	0.0297189672	0.0506379879	-0.0501006411	0.0603096417	0.1242861752	0.021420227	-0.0115379668	0.0462636353	-0.0420990561	-0.0565978402	-0.0363449977	0.0976358263	-0.073897895	-0.0141959864	0.0	-0.0104768808335222	-0.0001460526213747	2.1331368210450543e-08	0.0001097650319998	0.1746030227247104	-0.042448976650192	0.0304862155446057	0.0018019156186485	0.0014535396225738	0.0499549557857363	2.112777434391985e-06	0.0024954976075548	-0.0017270393602392	-0.0010069987670623	2.9826649518154258e-06	1.0140465168649927e-06	-0.0002271907053925	6.810469362000056e-07	5.1615616616741736e-08	4.638249293074146e-13	-0.0003586968035726	-2.614620358300007e-06	1.2866339689320037e-07	6.836239618036857e-12	0.0	0.0	0.0	0.0	0.0	0.0	0.0	0.0	0.0
253.5239487867005	-0.4713107070208195	0.2221337825524648	64274.39260840153	405.2029573452548	-0.143640329253003	164189.43664134038	0.0206325441879111	259.5352973425821	-0.4959341966352895	67358.5705667025	0.24595072739229	278.0166587095472	259.5018230393391	1.000643	20.278633	0.212703681238697	0.1650965853040703	-0.0184554476	0.0450050612	-0.0788364648	-0.0944075766	-0.1498853645	-0.0393611066	0.0803182066	-0.0140441542	0.0612795248	0.0026343523	0.091315651	0.0406375831	-0.0740134288	-0.0396214692	-0.0208014844	-0.0994153011	-0.0364968582	-0.0347461457	-0.0516842263	0.0714734376	0.0275432137	0.1543889747	-0.1001011127	-0.0503468704	0.072770082	0.0440365277	-0.0508902005	0.087924036	-0.0309745168	0.112182688	-0.0129917616	-0.048741477	0.0392504646	-0.0569312307	-0.0539640481	0.0226060988	-0.0294082938	0.1261114663	-0.0927074334	0.0556718001	0.0959557623	0.0639484006	-0.0712039491	0.0504544336	0.0333517056	0.0981077788	0.0917215683	0.0311035381	0.1426834472	0.0538281357	-0.0085671727	-0.0373712995	-0.0349039202	-0.0355640215	0.0300246868	0.0338668059	0.0685162165	-0.0154566706	-0.0083847275	-0.0295316535	-0.0433754388	-0.0524318848	-0.0278890121	-0.0114601416	-0.065622578	0.0206024226	0.0002092226	0.0828926675	-0.0596977503	-0.0421188803	0.0374448829	-0.0962095047	-0.0894285479	0.0764168239	-0.0728490413	0.0880430459	-0.0198669623	0.0238000774	-0.0124170309	0.0228836093	0.0102763723	-0.136097415	-0.1478911973	-0.0384062383	0.1314624148	-0.0305274995	0.0428120669	0.0089147779	0.0214357149	-0.0828679512	0.0216847861	-0.0253831213	-0.065720037	0.0044324695	0.0466306901	-0.0157846231	0.0084316381	-0.1131239268	-0.0130837492	-0.0072253883	-0.0016260994	0.0769730462	0.0150114624	0.019114258	0.0642012034	0.0824016864	-0.1071683795	0.0285128688	-0.1436764599	-0.0149817137	0.0714782204	-0.0765584687	0.0430699913	-0.1106716467	0.0897949187	0.0343138065	-0.0288216796	-0.0878231863	-0.0494359438	-0.0201940936	0.1362697043	0.043637908	-0.0289279765	0.0722365264	0.0259732618	0.0138594998	0.1203328906	-0.107262431	0.020099772	-0.0477580668	-0.0892848155	0.0797602676	-0.0004371364	0.0452253548	-0.0456901255	0.0468019688	0.16954664	0.0285495737	-0.0593418795	0.0167996433	-0.0164387641	-0.0578970392	-0.0333774118	0.0964493619	-0.0780256814	-0.0063263989	0.0	-0.0103960984163222	8.078241719999997e-05	6.525798928674851e-09	0.0001080788622818	0.3275321066625878	0.1529290839378774	0.1072772808948328	0.0233873047140783	-0.0243152399942658	-0.0257687796168396	0.0005912308959787	0.0006640300029412	-0.0011020494555893	0.0006249899046499	1.2145130025646723e-06	3.906123809142913e-07	-0.000227272789518	-8.208412550001322e-08	5.165292085529313e-08	6.737803659101921e-15	-0.0004121255201328	-5.3428716560200015e-05	1.6984744434473094e-07	2.8546277532701913e-09	0.0	0.0	0.0	0.0	0.0	0.0	0.0	0.0	0.0
253.40695733823048	-0.1169914484700029	0.0136869990151093	64215.08602741976	404.967352927106	-0.2356044181487959	163998.5569367872	0.0555094418512326	259.87951790664044	0.3442205640583324	67537.36382738785	0.1184877967206365	278.143351543315	257.8409796794056	0.97894	19.83881	0.1637603144944663	0.1027312378448729	-0.0453332604	-0.0820796825	-0.0554163238	-0.1381492574	-0.1797175655	-0.0211592529	0.0192569745	0.0709337856	0.0812772215	-0.0030836106	-0.0425984018	0.0549295068	-0.0518695926	-0.0284819605	0.0445187878	-0.0029292591	0.0831213263	-0.0870803665	-0.0812336678	-0.0153067741	0.0568999138	0.1078666977	-0.1084304423	0.0034843735	-0.0327752957	0.0425745505	-0.0041765139	0.0572595608	-0.0134186636	0.0920993487	0.0213462174	0.0199264353	-0.0658153816	-0.1303540231	-0.0716581595	-0.1057131748	-0.0447208413	0.0974620896	-0.0044897783	-0.019704674	0.0146562267	0.1541006343	-0.0749325696	-0.0275438768	0.0539708937	-0.025147086	-0.0301830327	0.1846831911	0.0241415776	0.053275788	0.0416792575	-0.0824814264	-0.1650834052	0.0435942228	-0.0260183731	-0.0430989692	-0.0844715622	-0.0196016983	0.0454271561	0.0273800001	0.0610157171	0.1329896747	-0.0758591898	-0.0836007964	0.0170019779	0.0427864018	0.0032963992	-0.0869457051	-0.0486525742	-0.0177382824	-0.0592566049	-0.1174504844	-0.0391609662	-0.0218389552	0.009619234	-0.0168180973	-0.10302414	0.0265323098	0.0376636105	0.0422040893	0.0280163585	-0.0802527333	-0.0277942563	-0.0937103008	0.1521760312	0.0046025339	-0.0743451555	-0.0569517227	-0.0191368604	0.0056131499	0.0721256258	-0.0580327201	0.0187144521	0.0005422658	0.102974279	-0.1134643171	0.1016358346	-0.1143941994	-0.1388531618	-0.0100600881	0.0419415568	0.0726794006	0.051306966	0.022724623	-0.0124088271	0.1329499132	-0.0102645502	-0.0205481329	-0.0730864155	0.026062789	-0.037219531	-0.0366963108	0.0168227128	-0.0219700064	-0.0076133074	0.0302053791	-0.0521562987	-0.0721759359	0.0473888249	0.0107776816	0.0034289277	-0.0439319109	0.0714076648	-0.0341799388	-0.008378098	0.0834957201	0.1199037551	-0.1599082952	0.0176371685	0.0079576266	-0.1113283709	0.1176987708	0.0352922472	0.0270263776	-0.095397793	0.0199672606	0.0976455545	0.0700635285	0.0244383919	0.1142263678	0.0532027871	-0.0591818091	-0.0303765546	0.0950465986	-0.0818424346	0.0015825856	0.0	-0.0136928489818899	-0.0032967505655676	1.0868564291570947e-05	0.0001874941132408	0.2549949365359651	-0.0725371701266227	0.0650224176589808	0.0052616410499786	0.0357061478541851	0.0600213878484509	0.0012749289945849	0.0036025669992541	-0.0015540256092776	-0.0004519761536883	2.414995594290616e-06	2.042824435028699e-07	-0.0001211797452747	0.0001060930442433	1.4684530664841178e-08	1.1255734036810814e-08	-0.0004120945989879	3.0921144899978895e-08	1.6982195851499813e-07	9.561172019254909e-16	0.0	0.0	0.0	0.0	0.0	0.0	0.0	0.0	0.0
253.3627436846475	-0.0442136535829718	0.001954847163155	64192.67988741239	403.5052037059136	-1.4621492211924192	162816.44941775082	2.137880345033598	259.81947020118594	-0.0600477054545081	67506.15709562495	0.0036057269303513	278.12527581647896	257.2141457596914	1.022232	20.716145	0.0324160040809987	0.0199708492968857	-0.0627482591	-0.106840117	-0.064869899	-0.0151887422	-0.2134974974	-0.0368398166	0.0595727277	0.0844693314	0.0311981682	-0.1101573114	0.0424507937	0.0788962205	-0.0741167428	0.0184741213	0.0234633591	-0.0159992879	-0.0773186406	-0.0263170439	-0.0560212848	-0.1385136342	0.0747404671	0.1770536294	-0.0967224197	-0.0313355543	-0.0039893973	0.0611644968	-0.0181240148	0.0704180886	-0.029249649	-0.0220219987	0.0699649088	-0.1182907908	-0.0144920502	0.0159890528	-0.1953392089	-0.0515436397	0.0222012616	0.0434011349	0.111080424	0.1074829167	-0.0087049726	0.0372476777	-0.0771309181	0.0091582454	-0.0470709756	-0.0028478097	0.053996599	-0.0263666973	0.1802149721	0.0028866261	-0.0670445547	-0.0738041935	-0.0234062989	-0.0320637369	-0.076699739	0.133379076	-0.0529304495	0.0340002287	0.029149449	-0.0327375487	0.0259253487	0.0693470437	0.0176462821	-0.1408316616	0.0520582808	-0.0842727867	0.0308356954	0.0082299553	-0.0669725044	-0.0229817872	0.08661854	-0.1161386137	0.0106848067	-0.045103835	0.0393226606	0.0532268523	-0.1457711673	-0.0446468803	-0.0113801011	0.0780112385	-0.0433913858	-0.1540746101	0.090713342	-0.0578314578	0.1302050159	-0.0212107104	-0.0335441014	-0.0774212271	0.042739201	-0.1067036142	0.0301683829	0.1074353871	-0.0914464743	-0.0532211229	0.0311462294	-0.1271634484	-0.0051914055	-0.0727413304	0.0439084031	0.0626676098	-0.0792828481	0.0629330839	0.098334045	0.0615365027	0.1086432195	0.0423025649	-0.0038404756	-0.0004300698	-0.0202823138	0.1138574535	0.0705810201	0.1175541348	0.0445048264	-0.0841633905	0.0703422425	0.0701030179	0.0132676304	-0.073573809	-0.0961205481	0.0062607777	-0.0002440022	-0.0359994806	0.0881894721	0.1662035209	-0.0675507015	0.0332898732	0.0236984851	-0.1359853488	-0.0721554076	-0.0521149932	-0.1233801048	0.0375116917	0.0461741658	0.0606739834	-0.0727213065	-0.0160324109	0.0714245061	0.0304371842	0.0273227918	0.1489786245	-0.0463869103	-0.0604518297	-0.0273454174	0.0934306823	-0.0853329399	0.0094817148	0.0	-0.0172442295096857	-0.0035513805277958	1.2612303653207177e-05	0.0002973634513827	0.2732410506702791	0.0182461141343139	0.074660671771398	0.0003329206810024	0.0307905962382761	-0.0049155516159089	0.0009480608167085	2.416264768866556e-05	-0.0015460495896649	7.976019612699952e-06	2.390269333703006e-06	6.361688886217429e-11	-0.0002271811796894	-0.0001060014344146	5.161128840506745e-08	1.1236304097973945e-08	-0.0004121763010201	-8.170203219997956e-08	1.698893031226121e-07	6.675222065606498e-15	0.0	0.0	0.0	0.0	0.0	0.0	0.0	0.0	0.0
252.61261748263823	-0.7501262020092838	0.5626893189408728	63813.1345114297	400.15733451194734	-3.3478691939662326	160125.89236370652	11.208228139908112	258.8194455640462	-1.0000246371397452	66987.50540208026	1.000049274886479	276.79067934434585	254.3474012326033	1.125818	22.815365	0.1682750950450407	0.1277765415235723	-0.0755231558	-0.1138639905	0.0793019021	-0.0672992063	-0.1625033009	0.1019478946	-0.0502473127	0.0892615204	0.0689623142	-0.1066977202	0.048903709	0.0713889718	-0.1567318812	0.0035534708	-0.1587114798	-0.0842253557	0.0824862003	-0.1583764632	-0.0270963652	-0.041301363	-0.0250112245	-0.0038595345	0.0249447672	0.0945944847	-0.0845682043	0.0368195936	-0.0041383977	0.0072706384	-0.0033254899	-0.1743194858	-0.0976974339	-0.0885718876	-0.0641174693	0.0327406427	-0.0270931258	0.0592967276	-0.0547460409	0.1093479593	0.0698140035	-0.0125294528	-0.0843496154	-0.1067823589	-0.0520069104	0.1478450624	-0.1651511337	-0.0183212261	0.1216379223	-0.0382594043	0.0111587254	0.0974559277	0.0408788795	0.039594964	-0.1519787849	-0.0536906449	0.0978258384	-0.0038713791	0.0545969564	0.0194126239	0.1777234104	-0.0540132887	-0.0263564725	0.0813132875	-0.0486087384	0.1546023165	0.0997610871	-0.0705488458	-0.0296018916	-0.1032335585	-0.155599211	-0.0354833437	-0.0691484931	-0.0466081494	0.0887671793	-0.014439922	-0.0062870489	0.1510332228	-0.1772316775	0.1286396723	0.06147713	-0.0550544698	0.0434884533	0.0043834933	-0.0692045584	0.0353966016	0.0411898693	0.0247509979	-0.0296328626	0.067414545	0.0217760254	-0.0321894587	-0.0118924328	-0.0533993501	0.0763677715	-0.0840902826	-0.0811752279	0.0038536027	0.0525954918	-0.1367452485	-0.0650180818	0.0285707406	-0.1549167754	-0.2004311442	0.0817436907	-0.0097976586	0.0386057621	-0.040637755	0.0505894816	0.0795465648	0.1601508693	-0.0501945833	0.097384358	0.0239377041	-0.0796279347	0.0114959729	0.0511579132	0.0307491135	0.0548654184	-0.1452518263	0.055512341	0.0513433335	0.070535685	0.0355776039	0.2205805531	0.0024935	0.0129391235	0.0927439658	0.0213234571	-0.1143696295	-0.1447323706	-0.0416011353	-0.1204740079	-0.0088433031	-0.0719218256	0.0063221687	-0.0414420174	0.0105290513	-0.0494788405	-0.0634988521	-0.0265779512	-0.0028478545	-0.0171477446	-0.0617067844	-0.0242870216	0.0916052369	-0.088483283	0.0173217973	0.0	-0.0120647433222558	0.0051794861874299	2.6827077165777124e-05	0.0001455580314319	0.4015243159889365	0.1282832653186574	0.1612217763303833	0.016456596160817	0.0476721777731796	0.0168815815349035	0.0022726365336376	0.0002849877951195	-0.0019040506931475	-0.0003580011034825	3.625409042075475e-06	1.2816479009475913e-07	-0.0002271077206454	7.345904399998e-08	5.157791677674905e-08	5.396231145390995e-15	-0.0004127169785745	-5.406775544000014e-07	1.7033530440366429e-07	2.923322178319665e-13	0.0	0.0	0.0	0.0	0.0	0.0	0.0	0.0	0.0
253.81309933447795	1.2004818518397258	1.4411566765965371	64421.089393773575	403.184700018205	3.027365506257638	162557.90232876994	9.164941908478566	259.8448623057801	1.0254167417339204	67519.35246670982	1.0514794942282095	278.297727735741	257.7099749599556	1.246036	25.251659	0.4609241765705419	0.4072634462453821	-0.0155934134	-0.0702908409	0.0634015334	0.047113078	-0.1194984423	0.0373129899	-0.1036472244	0.0621866823	-0.0154881176	-0.0645907533	-0.1297357847	0.1001502565	0.0856101691	0.0529514526	-0.1789200615	0.0684057266	0.0324521502	0.0334196355	0.0971492971	-0.1371831569	-0.0018842917	0.0085126922	-0.0362147973	0.1113024702	-0.0300558887	-0.039780831	0.1072320868	-0.0317309229	0.0882343901	-0.0242595878	0.1622660638	0.0514831112	0.0543538332	0.089390641	-0.0172389861	0.0583657034	-0.0487858241	0.0421124747	0.0664460031	-0.0644708077	0.0516499159	-0.0669836571	0.0459687702	-0.0101106718	-0.0247860701	0.0545721292	0.1062252325	0.0579018855	-0.1857484803	0.0715837557	-0.1101962857	-0.000880165	0.0004100122	-0.0089913833	-0.0584036423	0.1185368218	-0.0127271658	0.0584906119	0.0604741553	-0.0028255921	0.1550767077	-0.0718329908	0.0185699591	0.1038058403	-0.1183783523	-0.0446244989	0.0303827993	0.0137953919	0.069893335	0.0270952788	-0.0821415005	0.0381175418	0.1570362939	-0.0591204826	0.1203132285	0.1446150063	-0.069826087	-0.0224859219	-0.0804700154	-0.0725619239	0.1122426637	-0.0243081022	-0.0377247769	0.1061554173	0.0380776931	-0.1110579629	0.0872089249	0.0185887413	-0.0557481302	0.0915849186	0.0874425578	0.0305285554	0.1164881246	0.0035600817	0.0566983602	0.0451420906	-0.0706797187	-0.0897595954	0.0323528909	0.0411089615	-0.0442779918	0.0037557833	0.0282506946	-0.0720442669	-0.0177844864	0.123741599	-0.032777866	0.0192522854	0.2220812922	-0.0047724609	-0.1486389708	0.062413383	-0.0433918481	-0.090455307	-0.027341119	-0.0141364099	-0.0090822429	0.1020484794	0.0833559233	0.0170217817	-0.0660165423	0.0382155985	0.0628649849	0.0444631853	-0.0948663798	0.0563678816	-0.1052725905	-0.0718249087	-0.1599861759	0.0687630365	-0.0909662548	-0.0908769141	-0.0214948301	0.0292712023	-0.0830077747	0.0452511166	-0.0400376885	-0.0736444358	0.0407146107	-0.0390792673	-0.0759091008	-0.0629463604	-0.0212044161	0.0895743561	-0.0912809058	0.0250540098	0.0	-0.0157156088749275	-0.0036508655526717	1.3328819283684848e-05	0.0002469803623097	-0.0068333238495625	-0.408357639838499	4.669431483299966e-05	0.1667559620144692	0.0220947016795634	-0.0255774760936162	0.0004881758423089	0.0006542072833195	-0.0016210255519562	0.0002830251411912	2.627723840094903e-06	8.010323054635524e-08	-0.0002278144026881	-7.0668204269999e-07	5.189940207213578e-08	4.993995094746304e-13	-0.0002296849000934	0.0001830320784811	5.275515333091514e-08	3.3500741753111555e-08	0.0	0.0	0.0	0.0	0.0	0.0	0.0	0.0	0.0
253.99176384053536	0.1786645060574017	0.0319210057247353	64511.81609882628	406.2358233628783	3.051123344673329	165027.54418331565	9.30935366441056	260.14885841039563	0.3039961046155213	67677.42853223208	0.0924136316214109	279.3480725359764	260.6496811565684	1.15649	23.436958	0.1767702137043548	0.1558539591752572	0.0158576152	0.0014927305	0.0458402049	0.1192737851	-0.2150816538	-0.0040032798	-0.0409074423	-0.0446088358	-0.1213160895	-0.086738771	0.0324710189	0.0420597717	0.0246356059	-0.0430258328	0.0302143019	0.0985829251	-0.1161486982	0.108451123	0.0264673377	-0.0599149428	-0.0281846721	0.0477330034	0.1256544704	0.0465599027	0.0010849346	-0.0455292793	-0.0432787656	-0.042689486	-0.0715006052	-0.1300850066	0.0208870175	0.0092895344	-0.0225770043	0.024284785	-0.0754548596	-0.0905649048	0.0156855199	0.0487607215	0.0494040435	-0.0147293373	0.0114361021	-0.0687479608	-0.1172203864	-0.0671679228	0.0154423768	0.0663458815	-0.0130151257	-0.0687823698	-0.0421091727	0.0263570322	-0.0312107087	0.0314502928	0.050772496	-0.0566677603	-0.0734826977	0.0030590626	0.0626067038	0.0193392943	-0.0197960404	-0.0132708822	-0.0237069173	0.0961121908	0.0393867836	0.0420922677	0.009667784	-0.016985039	-0.1477677505	0.0055898664	0.0415307439	-0.0850834978	0.0826556322	0.0606001535	0.0499075001	-0.0242845306	0.0323171372	0.017706981	0.0421306425	-0.1013722557	0.1278103712	0.021689889	-0.0688613066	-0.01258121	0.0146612855	0.0633366952	-0.0310081181	0.0206622103	0.0356630626	-0.1007347922	-0.0670818982	-0.0320660559	-0.0038180451	0.0451064815	0.0787297844	-0.0367851726	-0.0086470552	0.0352949717	-0.033261399	0.0157735083	-0.0529485106	0.0868803362	-0.0227242039	0.160768882	0.0513459705	-0.0120208753	0.0380398579	0.0090652781	0.107156271	0.0261496998	0.0808611989	-0.0067315387	0.0759474506	-0.0169965419	-0.0155927189	-0.0167327533	-0.0336041787	0.0194738034	0.0538479664	0.0250371271	-0.1216534573	-0.0080737325	-0.0194325872	-0.0850626853	-0.0023661321	-0.0548513383	-0.0769397242	-0.0326709907	-0.0746701532	-0.1097563489	-0.0640050056	0.0994166841	-0.0991375254	-0.0740068885	-0.0791747403	0.0035904047	-0.0541630758	0.0467176414	-0.064190394	0.0812405358	0.1142753162	0.0392845616	-0.0983882981	-0.064170249	-0.0181006735	0.0873425944	-0.0937146561	0.0326302004	0.0	-0.0145255974984479	0.0011900113764796	1.4161270761508731e-06	0.0002109929826869	0.1486827728438129	0.1555160966933754	0.0221065669405248	0.0241852563307432	0.0248095194154132	0.0027148177358497	0.0006155122536237	7.37023533888463e-06	-0.001673071563013	-5.204601105680004e-05	2.799168454962763e-06	2.7087872669245526e-09	-0.0003396550235028	-0.0001118406208146	1.1536553499068761e-07	1.2508324464217505e-08	-0.0004127840261949	-0.0001830991261015	1.703906522816719e-07	3.3525289979133e-08	0.0	0.0	0.0	0.0	0.0	0.0	0.0	0.0	0.0
253.6039965879629	-0.3877672525724449	0.1503634421675823	64314.9870853875	404.3705548715292	-1.865268491349127	163515.5456471084	3.4792265448198485	259.688836627431	-0.4600217829646453	67438.29186890855	0.2116200408019712	278.35292833291544	260.9578827042023	1.177383	23.860374	0.1928738390820442	0.1242035676371311	0.0310954707	0.0564649253	0.07221453	-0.059956517	-0.0853650566	0.0348924268	-0.01625932	-0.0791493854	0.0347561905	-0.0292869513	0.0903038222	0.0189200614	-0.0697836215	-0.0476267624	0.0132389106	0.0074331511	0.0281250514	0.0093682953	0.0479060547	-0.1136306648	-0.056423945	0.0104740866	0.0837268992	-0.1260250296	0.0192310653	-0.0904489552	0.049228902	0.0252180989	0.0540107978	0.0339274774	0.0169197951	0.0428167814	0.0723007333	-0.0526237213	-0.0121214924	-0.0485082549	-0.0340665927	-0.038692721	0.0646966345	-0.0384819655	-0.0010530251	0.0437649506	0.0632141767	-0.0291768207	0.0497325072	0.0115443077	-0.0622661799	-0.0890476534	0.0707923136	-0.0692163996	0.1057577563	0.075084394	-0.0592024622	0.0424355097	-0.0929696582	0.0081789635	0.018365959	0.0080214492	-0.1380634949	0.0188098281	-0.0940349013	0.0945469015	-0.1224975819	0.0954514663	-0.0877003185	-0.0150056091	0.1793686155	-0.0059183664	-0.0621559194	-0.0715620539	0.0056953379	0.0336730182	-0.0462702773	0.0384774746	0.0766830088	-0.0320166447	-0.0956694341	-0.0710324787	-0.0805511019	-0.0175583695	-0.0170805656	0.0594965313	0.0532353166	0.0461030045	-0.0760498823	0.0066632816	0.1012331303	-0.0281370821	-0.0844943999	-0.0037321316	0.0073411415	0.0374229868	-0.0001843669	0.0860801448	-0.0056268268	-0.1057409627	0.0453073454	0.0485154131	0.073453354	0.0344084828	0.00694331	0.0195026166	-0.1235320841	0.0631885111	-0.0290583751	0.0820094983	0.007891724	-0.0433094985	-0.0580109617	-0.0467331824	-0.0263486353	0.0878938901	-0.061018854	0.0507331957	-0.0300133038	0.0341909592	-0.0147738693	-0.0884256406	0.0175028862	-0.0022769024	-0.1458099894	0.0857047918	0.1025995441	0.0141312294	-0.0269561675	-0.0798150678	0.0262803757	-0.0530047281	-0.1100375996	0.0363801493	-0.0296465097	-0.0702526602	-0.0048021416	0.0054690541	-0.0879866175	0.0175022106	-0.045825306	-0.0396488955	-0.0243704204	0.0010690049	-0.0569943381	-0.0653781449	-0.0149788877	0.0849149568	-0.0957748323	0.0400031891	0.0	-0.0158370231706612	-0.0013114256722132	1.7198372937401023e-06	0.000250811302908	0.2725823726795227	0.1238995998357097	0.0743011498955981	0.015351110839449	0.0435310326482394	0.0187215132328261	0.001894950803422	0.0003504950577268	-0.0023030180973116	-0.0006299465342986	5.303892356544743e-06	3.9683263607481733e-07	-0.0002272969370191	0.0001123580864836	5.166389757826472e-08	1.2624339598278606e-08	-0.0001762626401513	0.0002365213860436	3.106851831310667e-08	5.594236605598567e-08	0.0	0.0	0.0	0.0	0.0	0.0	0.0	0.0	0.0
253.710489547816	0.1064929598530852	0.0113407504982708	64369.01250659245	404.5634706365237	0.1929157649944954	163671.60177346936	0.0372164923834114	260.2040595723764	0.5152229449454353	67706.15261794481	0.265454682998247	278.5936688418399	260.0971552250668	0.993032	20.124382	0.1728118475777589	0.1210330364995228	0.013051571	0.0802907066	-0.0478793807	-0.0300032039	0.0134362853	-0.0094536448	0.0361745406	-0.0479633214	0.0532984557	0.0106622184	0.0243161846	0.0013581705	0.0219407082	-0.0496107361	0.0179617655	-0.0204833538	0.0152361966	0.0401128663	0.0371482683	-0.085908554	0.0556849951	0.005131354	-0.0382995347	-0.1423079239	-0.0222258947	0.005524464	-0.0142272025	0.0467583578	0.072224886	0.0608491567	0.0610691722	0.0353647104	-0.0979608194	0.0200524595	0.0553025991	0.0210327813	0.1671977678	0.0071953211	0.0259144222	0.1022096188	0.0059131292	0.0495927148	0.0660844438	0.0129571565	-0.0153943153	0.0013835128	-0.0119068066	-0.0718593206	-0.0221172782	-0.1078767027	-0.0584202326	-0.2135061696	-0.0321851563	-0.0108065797	-0.0276534269	0.0049534013	-0.0176400159	0.0921187672	0.0377667186	-0.057259743	-0.0567966406	0.0253344243	0.0133753787	0.0456091715	-0.0097834922	0.0113641695	0.0047020307	-0.1021593445	0.0208186896	-0.0198138218	-0.0249606694	-0.031565418	-0.0693765398	0.079071991	-0.0026758109	-0.0146339567	-0.0161843593	-0.0946261005	-0.0904087976	0.0559049456	0.0748541251	0.0610223206	0.001018354	-0.0254391993	0.0301880668	-0.0339390144	0.0096595965	-0.0081409024	-0.1027422371	-0.0762305925	0.0781811635	0.0739103732	-0.174807342	-0.0697770426	-0.0547770939	-0.0097775889	-0.0433081014	0.0870560384	0.0292991015	0.1469344377	0.0439108583	-0.04623849	0.0058252222	0.0896603839	-0.0135665052	-0.0169745128	-0.0669071984	0.0437525323	0.0760465789	0.1011570031	0.0147303307	0.0237620791	-0.038390916	0.1455124634	0.0030940532	0.0191013359	0.0263580187	-0.0081501589	0.0085699067	0.0082327725	0.038582276	-0.1089079745	0.0274807453	0.0472415029	0.0094111325	-0.0640238003	0.1164878678	0.0225184905	-0.0482445935	0.0247364322	0.0788026814	-0.1084403303	0.0385574582	0.1048422054	-0.09295098	0.0328710639	-0.0103789705	0.0278950031	0.01918211	-0.0999070377	-0.0693746784	-0.0665697472	-0.0118421707	0.0822968876	-0.0974532219	0.0471270611	0.0	-0.0153899076702543	0.0004471155004068	1.9991227070411225e-07	0.0002368492580989	0.1508111035803523	-0.1217712690991703	0.0227439889631237	0.0148282419780225	0.0318339782667678	-0.0116970543814715	0.001013402172289	0.0001368210812031	-0.001620027939438	0.0006829901578736	2.6244905245597325e-06	4.6647555575220523e-07	-0.0002272806217062	1.631531289998417e-08	5.165648100315679e-08	2.661894350243899e-16	-0.000271184338899	-9.49216987477e-05	7.354094566408768e-08	9.010128893149114e-09	0.0	0.0	0.0	0.0	0.0	0.0	0.0	0.0	0.0
253.66902653934565	-0.0414630084703446	0.0017191810714118	64347.97502541925	407.4142881159513	2.850817479427633	165986.4021610274	8.127160301010122	259.9951424468281	-0.2089171255483393	67597.47409594643	0.0436463653473805	278.5463957674403	261.0377380553661	0.883803	17.910797	0.0506954614108168	0.0298365265645151	0.0102068772	0.0718523267	-0.0725329617	-0.0584908623	0.0603343309	-0.0644792596	0.0214381804	0.0158278466	0.0750800711	0.0858528412	0.0236512007	0.0428096226	-0.0044992215	-0.0759243276	0.0544188719	0.1031724847	0.0670095918	0.0083277458	-0.0359159424	-0.0972798186	-0.0028732534	-0.0316910768	0.0189008309	-0.107954262	0.003304763	-0.1000659519	-0.1057047337	-0.0688506746	-0.0062396463	0.0096717044	0.1141352862	0.084361929	0.0032805167	0.0506306674	0.0033258498	-0.0271579051	0.0722510806	-0.0460803722	-0.0292460692	0.0282655188	0.0602285568	-0.0108983227	-0.0418380334	0.0650321432	-0.0424380311	0.0526611347	-0.0309466659	0.0672319222	0.0438016707	-0.0158684691	-0.0908713833	-0.1143606246	0.0209584998	-0.1237785105	-0.062686635	-0.0172436901	0.0252656183	0.0210203981	-0.0860804354	-0.0886612025	0.0206676557	-0.0017343145	-0.0541008708	-0.0509057618	0.130301265	-0.0458280527	0.0239838656	-0.0315798327	-0.0005775473	-0.026252633	-0.0245709574	-0.0924067993	-0.0814922874	0.0605052962	0.0461285681	-0.1356361986	-0.061369114	-0.1132751307	0.0238190953	-0.0105113507	0.0679589405	0.1136748863	-0.0126314055	0.0241899521	-0.0512685501	0.025449669	0.0681393891	-0.0367964738	-0.123828781	-0.0113182587	-0.0322593005	0.0787016372	-0.0011850314	-0.0010256204	0.000636324	0.0317432355	-0.0269645989	0.067580105	0.0993394315	0.0765612524	0.0122418377	0.049887225	0.0450650554	0.0065458903	-0.0231019272	-0.010123621	-0.0207612354	0.0807209122	-0.0285736366	0.110997919	-0.0087243704	-0.0730843906	-0.1019402805	-0.0888213851	-0.0530704659	0.0347254665	0.0298922092	-0.0240464965	0.0263795705	0.0175491623	-0.0967732288	-0.0533625101	0.021397818	-0.0258491848	0.0058964781	-0.0524081255	0.1576504112	0.0538998974	-0.0012029454	-0.0173472086	0.0659710942	-0.0105670844	0.0604702284	0.0233657158	-0.0142562042	0.1174136444	0.0632994872	-0.0352937512	-0.1266476266	-0.0936716189	-0.1060663874	-0.067744759	-0.0086936492	0.079494258	-0.0987431344	0.0539574532	0.0	-0.023913702659712	-0.0085237949894577	7.265508102230418e-05	0.0005718651748971	0.1509525300758554	0.0001414264955031	0.022786666336302	2.0001453630291424e-08	0.0478263622358738	0.0159923839691059	0.002287360924717	0.0002557563450153	-0.0019990494764234	-0.0003790215369853	3.99619880918867e-06	1.436573254987749e-07	-0.000227087787596	1.9283411020000522e-07	5.156886327524601e-08	3.7184994056627745e-14	-0.0004127270869384	-0.0001415427480394	1.703436482926576e-07	2.0034349522545072e-08	0.0	0.0	0.0	0.0	0.0	0.0	0.0	0.0	0.0
253.5095866465239	-0.1594398928217515	0.0254210794230116	64267.11052169141	406.5376335389959	-0.8766545769553886	165272.84748348693	0.7685232472968314	260.2111571324755	0.2160146856473943	67709.84629622185	0.0466623444153425	278.76026340628727	258.8802253040919	0.967735	19.611717	0.1772274119546527	0.1330043577586121	-0.030633267	0.0554357182	-0.1070386361	-0.0226134756	0.061447661	-0.0776263468	0.0830603321	-0.001010221	0.0176183223	-0.001015282	-0.0830387746	0.0798170766	0.0748485134	-0.062046766	-0.0487004925	0.0159507225	0.0457073235	0.0628952613	-0.0759609137	0.0061983956	0.0116851087	0.0447311954	-0.0748064628	-0.0370670995	-0.0136360118	-0.0194554822	0.0037134595	0.0412174873	-0.065121764	0.0483468129	0.0356481746	0.0121082682	0.0161179657	-0.1037548099	-0.039160775	0.0465968477	0.063756532	-0.0368400419	-0.1008027362	-0.1272617834	0.087093775	-0.0157822963	-0.0668634894	-0.0096206184	-0.0866349846	-0.0463489427	0.0169821764	-0.0474949917	-0.0107097992	0.106759559	-0.0111834424	-0.0509620682	0.1585373054	-0.0069389499	0.0248797308	0.0353392546	0.1282977042	0.0421889909	0.0679232265	0.0517495191	-0.0391845003	-0.0184570193	-0.100948043	0.0804399738	-0.0101483538	0.041956546	0.0347254847	-0.0465925104	0.0739389162	0.0266427473	-0.057943082	-0.0832171813	-0.0029944622	0.1325620162	0.0085802967	-0.0362170843	-0.0082262979	-0.07585615	-0.0428014489	0.0431876907	0.002427438	-0.0038587224	0.0362489986	-0.1012229324	0.049951042	0.0622002374	-0.027971019	-0.0151100392	-0.0211902306	0.0553683455	0.0617076777	0.0276272758	0.1423655153	0.002366725	-0.0348925891	0.020659935	-0.0779817761	0.0283112276	-0.0498378668	0.0734680045	-0.0302938323	0.0407843898	-0.0206527937	-0.080257321	0.0306203418	-0.0707202644	-0.0552990346	0.0246401686	-0.1251415887	-0.0631373184	-0.1132254391	0.000341969	0.0401482868	0.0398126859	0.0801616708	0.0713055299	0.0242144128	0.0795776237	0.0493879144	0.0322908455	0.0382071208	-0.1177390542	0.0212083842	0.1255557602	-0.0069329316	-0.0549632449	0.0709182153	0.0151576957	0.0299982722	-0.0647074063	0.1247519122	-0.0476487506	0.0257209834	0.0564787507	-0.0539358572	0.0338271172	-0.0020593687	0.0834495364	-0.0455886053	0.0241610398	-3.72814e-05	-0.0689028873	-0.0055364616	0.0765133533	-0.0996394278	0.0604518297	0.0	-0.0260527492137327	-0.0021390465540207	4.575520160267844e-06	0.0006787457415936	0.0172970077217513	-0.1336555223541041	0.0002991864761263	0.0178637986557484	0.0310515312865859	-0.0167748309492878	0.0009641975952418	0.0002813949533771	-0.0015065459734683	0.000492503502955	2.269680770173548e-06	2.425597004230441e-07	-0.0002271892068399	-1.0141924390000388e-07	5.161493570454287e-08	1.0285863033248472e-14	-0.0004121717671926	5.553197457999976e-07	1.6988556567067084e-07	3.083800200753739e-13	0.0	0.0	0.0	0.0	0.0	0.0	0.0	0.0	0.0
253.6003397569931	0.0907531104691941	0.0082361270598337	64313.13232486233	404.9815137701215	-1.556119768874396	164010.02649553912	2.4215087350817037	259.90706876188534	-0.3040883705901365	67551.6843923954	0.0924697371281641	278.3860323002571	255.8846030859863	1.039825	21.072666	0.1230439722405358	0.0803329597434864	-0.0725235392	-0.067177081	-0.0833409248	0.0539440778	0.0799533908	-0.0581716297	0.0641164634	0.1096334602	-0.0255205971	-0.0313336175	-0.0136353622	-0.021160253	0.0033300607	-0.0586013021	-0.0535599941	0.0807091162	-0.014293419	0.0351243597	-0.1094876086	-0.01805468	-0.0062963075	-0.0228882598	-0.0384919488	0.079363496	0.0030638084	0.0921390657	-0.1064812496	-0.1066218593	0.0341189913	-0.0544194197	-0.0516002954	0.0511815301	-0.1291844539	-0.0410542494	0.0618950073	0.0559564951	-0.0389699717	0.1185026341	0.0374452257	-0.0748163339	0.1437055521	0.0689752253	0.0137170755	0.1265963685	-0.1009823835	-0.0348384501	-0.0276999479	0.0042281601	0.0206508823	-0.035624147	-0.0329065204	0.1169155009	0.0966170304	0.0476748143	0.0542715781	-0.0276793085	-0.0834534368	0.0254715574	-0.0710485691	-0.0552097312	-0.0684078048	0.0593900847	0.0743661609	-0.0762257509	-0.0013398309	-0.0363612697	-0.0293918586	0.0518454141	0.0081182133	-0.0029014951	0.0503580418	-0.1408198849	0.068328853	0.0665845108	0.0352361157	-0.0507539073	0.0533439124	-0.0285634781	0.034605893	0.0154115471	0.0394829898	0.0394800032	0.0395096247	0.0233902278	0.0301486198	-0.0425867766	-0.0989588674	0.0344547407	0.034652144	0.0095583955	-0.0856315849	-0.0416329114	0.0511016623	-0.0057115317	-0.0866799145	0.0942782921	0.1265062391	-0.051043474	-0.1014058889	0.0233440576	0.0379908071	-0.0232004489	-0.0154290676	-0.020930551	0.1006620496	0.0161186718	0.1231962499	-0.0187583734	-0.0170938679	0.1201124828	0.0774768573	-0.0273869469	-0.0742254782	0.0516667446	0.0081556405	-0.0379685036	-0.0767319553	0.0250722056	-0.0632041741	0.0309635829	-0.0334518697	-0.0952917757	-0.01422397	-0.0424244599	-0.0581373487	0.0944935395	0.079684394	0.0707752111	0.0014118824	-0.0580598403	0.1402343458	0.0145898598	-0.0249226741	-0.0350817823	0.0834441499	0.0390064966	0.0320492363	-0.0159941336	-0.0141310732	0.0456570388	0.0351183232	-0.0700438436	-0.0023737552	0.0733608586	-0.1001385292	0.0665697472	0.0	-0.022863279263305	0.0031894699504277	1.0172718564681288e-05	0.0005227295386718	0.097425987312377	0.0801289795906257	0.0094918230037914	0.0064206533702349	0.0432805199005983	0.0122289886140124	0.001873203402866	0.0001495481625216	-0.0017520163678409	-0.0002454703943725	3.06956135318242e-06	6.025571451343973e-08	-0.0001108037252548	0.0001163854815851	1.2277465530341202e-08	1.3545580323795651e-08	-0.0002240969614409	0.0001880748057517	5.021944812704423e-08	3.5372132558539696e-08	0.0	0.0	0.0	0.0	0.0	0.0	0.0	0.0	0.0
253.7738969034256	0.1735571464325005	0.0301220830777924	64401.190749550486	402.18469901879627	-2.796814751325257	161752.53212483975	7.822172753230562	259.9462379368308	0.0391691749454707	67572.04661751146	0.0015342242659088	278.1195464484282	257.7627910897073	1.040431	21.084957	0.0921967180549091	0.0516313979411164	-0.0385166381	-0.1021386857	0.0127229133	0.0080849009	0.119205897	0.024020988	-0.0466575031	0.1374836061	0.0405896178	-0.1122099042	0.0650634151	0.0180446742	-0.0214523301	-0.0182143351	0.0139767053	0.0280632161	0.0454238168	0.0836239996	-0.0952948827	0.0147502128	-0.0411886123	0.0320066867	-0.0444411001	0.0578626128	0.0061312036	0.1269192631	0.0402932738	0.0078523761	0.129315744	0.0122287917	-0.1243302382	-0.1131968375	0.0058058227	-0.0070885217	0.0057144907	0.0108326768	-0.0642034362	0.053571204	0.129864689	0.0072086181	0.0867174457	-0.0062222586	0.0192394284	-0.046310655	0.0859298789	0.0113181223	0.0732139069	-0.1134618065	0.0889397431	0.0105997437	0.0024368208	-0.0047747862	-0.0593078793	-0.094556465	0.0092957427	-0.0714285743	-0.0494235716	-0.0336413035	-0.0611304573	0.0609694969	0.1224256234	-0.0510855981	-0.0730120572	0.1638873829	0.1469068618	0.042912621	0.02282866	0.0383792845	-0.029103339	-0.0050006021	-0.0466269615	-0.0700643547	0.1055695904	-0.0615595009	0.0004066033	-0.028223542	0.0611490487	-0.0281975593	-0.1308520394	0.0659893756	-0.1505577079	0.0322535524	0.005249083	-0.0017190296	0.0548727818	-0.0031718739	-0.1603044824	0.0293433396	0.0988874905	-0.1250839566	-0.0343571151	-0.0532104229	-0.0134507334	0.0012932672	-0.0146280832	-0.0635563372	0.0396991686	-0.0995821628	0.1116462812	0.1136717098	-0.0428807264	-0.0213045943	-0.0597150399	-0.0212135356	-0.0737742499	-0.0094952509	0.0204528885	0.1421772113	-0.0690045665	-0.0724178885	-0.0815346963	0.0013520097	-0.1381391583	-0.0803889995	-0.0379592928	-0.0866684683	0.0227034321	-0.0006933701	0.0321346118	-0.0322871249	-0.0182491684	-0.0278110868	-0.0075511941	0.1306468928	-0.0730828334	0.0629797295	-0.0484550947	0.039512118	0.0623932011	-0.0547308507	0.1744380099	-0.0308178806	0.0221605198	0.0441965513	0.0477616461	0.0617817541	-0.0543891824	-0.0166313743	0.0113063478	-0.0342338013	-0.1027345826	-0.0711673436	0.0007913175	0.0700438436	-0.1002384491	0.0722731071	0.0	-0.0136514916856498	0.0092117875776551	8.485703037584263e-05	0.0001863632252433	0.1305155051114894	0.0330895177991124	0.0170342970745072	0.0010949161881777	0.0132801680380012	-0.0300003518625971	0.0001763628631175	0.0009000211118796	-0.0014530035636161	0.0002990128042248	2.111219355881086e-06	8.940865709037859e-08	-1.8832173312111067e-05	9.197155194268892e-05	3.546507516573883e-10	8.458766366746729e-09	-0.0002310138215843	-6.9168601433999865e-06	5.336738576298279e-08	4.7842954243355275e-11	0.0	0.0	0.0	0.0	0.0	0.0	0.0	0.0	0.0
253.51199013916275	-0.2619067642628465	0.0685951531666342	64268.32914431895	403.57767099104586	1.3929719722495977	162874.93652255688	1.9403709154729332	259.7198606744327	-0.2263772623981026	67454.40602874674	0.0512466649308594	278.29208497464106	258.9808186419765	1.088306	22.055159	0.1037560857163011	0.0553982342969406	-0.0037019971	-0.0308526811	0.0400280267	0.0476264775	0.0728116479	0.0582014543	-0.0137777951	0.0150345813	-0.039420176	0.046997319	-0.0137308418	0.111618732	-0.0147469856	-0.0551478659	0.0075672398	0.0383574728	-0.013874295	-0.0368200159	-0.0807362191	0.1673308486	0.1075020389	-0.0364047912	0.126467315	-0.055582815	-0.0290265319	0.0255673516	-0.1169283373	0.0639294664	-0.035763596	0.0004533068	-0.0472235626	-0.1287387569	0.0073920558	0.0933102583	-0.0002510652	0.0715153075	0.1028936512	-0.0071675949	-0.0061028563	0.0229208584	-0.0999358615	-0.0241267908	0.042786967	-0.0278442683	-0.1216274462	-0.035232238	-0.0852434017	0.0506982157	0.0012174724	0.012626041	0.135005654	0.1417911922	0.0503116682	0.007848472	0.1252292581	0.0767123699	-0.0099972478	-0.1291692212	-0.0604957189	-0.0343544355	0.0027959496	-0.0821975245	-0.0962579191	-0.0805089004	0.0134021354	-0.0984606494	-0.1107361542	0.0532058887	-0.0194055544	-0.0114126348	0.0192397142	0.0458661389	0.052884873	0.069447277	-0.0713123982	-0.1300972683	0.0601391482	0.0255137034	0.1067086559	0.0217465512	0.0188644773	-0.1438872341	-0.1360253251	-0.0177430077	-0.0798378677	0.0386883808	0.0779251471	0.0917370324	0.0806439454	-0.115068659	-0.1103681913	-0.115661156	-0.0750735023	-0.0017473761	0.0258642779	0.0940053519	-0.0112140855	0.0076839875	-0.0862951961	-0.1125835259	0.0382234442	-0.0135889507	0.0483073769	-0.2176731927	-0.0463501573	-0.0273574906	0.1216688988	-0.0098429289	-0.061844361	0.049805777	0.0532224033	0.1442952037	-0.0299879959	0.0387243772	0.0655657808	-0.0823965195	0.0325387946	-0.0118424565	-0.0310917576	-0.0183543055	0.0557700487	0.0314499899	-0.1172781845	-0.1721575612	-0.0103278049	0.0837051998	-0.0274848113	0.096509397	0.0128001942	0.0178345507	-0.0026854873	-0.0038798127	0.0569185478	0.0019080356	0.0841493777	0.0818745499	-0.0342017539	0.0132930789	-0.0431680761	-0.0592420684	-0.0793886964	-0.0722731071	0.0039556013	0.0665697472	-0.0999387891	0.077526392	0.0	-0.0113596021408994	0.0022918895447504	5.2527576853362006e-06	0.0001290405607995	0.1596911492391655	0.029175644127676	0.0255012631453254	0.0008512182102648	-0.0228818389419984	-0.0361620069799996	0.0005235785533675	0.0013076907488215	-0.0011370054360689	0.0003159981275472	1.2927813616502293e-06	9.985481661333653e-08	-0.0002279807324128	-0.0002091485591006	5.197521435147672e-08	4.374311977389438e-08	-3.362960695468863e-05	0.0001973842146296	1.130950463926842e-09	3.896052818494848e-08	0.0	0.0	0.0	0.0	0.0	0.0	0.0	0.0	0.0
253.7309220509837	0.2189319118209596	0.0479311820135804	64379.38080484237	403.4737506662525	-0.1039203247933642	162791.06747669328	0.0107994339051583	260.07670454407497	0.3568438696422618	67639.89224650606	0.1273375473012635	278.581777976397	260.31648293790647	1.079903	21.884882	0.1862212116560591	0.1412546270880911	0.0237882257	0.0354787167	0.075537297	-0.0275539789	0.1169456701	0.0680151517	-0.0309690075	-0.053552924	0.0090808513	0.0553203333	-0.0909156912	0.0317446905	0.0712215706	0.0165627994	-0.038312621	-0.0284117156	0.1266226753	0.0688157007	0.1065686506	0.039086521	0.015810224	-0.0645169777	0.0702305412	-0.0395096202	-0.0388817837	-0.0731685019	0.0434822241	-0.0064680494	0.1283867355	0.0309795429	-0.075221064	0.0540408779	-0.0274111699	-0.0365956732	0.129935594	0.0121678134	0.1229273879	0.1116268657	0.2351904341	0.1062943888	0.015368257	-0.0896977391	-0.0738235434	0.0410045475	0.1575382153	-0.0006330704	-0.1052488743	-0.0016843079	0.0039989447	0.0319094732	-0.0437567256	-0.0421014234	-0.0172115207	-0.0271628682	0.0433678558	0.039022197	0.0887810513	-0.0253752402	0.0211952579	-0.0396759057	-0.0337240213	-0.0134674811	0.0965277174	-0.0453514724	0.0508892643	-0.0879855634	-0.0467763309	-0.0213688543	0.0523830081	0.0609274	-0.1281426601	0.1231675329	0.0555033048	0.0446006898	-0.0234091587	-0.0451955157	0.032428461	-0.0045361413	-0.1246580114	-0.017947483	-0.0902070618	0.0212069104	0.016063476	0.0220298502	-0.1051715738	-0.0486449803	-0.0003291144	0.0587377011	-0.1371382935	0.113175109	-0.0383584551	-0.0608671816	-0.1454376797	0.0374571725	-0.0270480847	0.0726411076	0.0905083573	-0.0766476178	-0.0443460964	0.1755535815	0.0271347739	0.0146212937	0.0456214538	0.0397948556	-0.0359766767	-0.1108867094	0.1353252676	0.0613209276	-0.0365123009	0.0420225056	0.127080754	-0.0482254009	-0.0045090764	-0.0056085852	0.0271646142	-0.0394879358	-0.0436101585	0.0741293828	0.1550303706	-0.0185390084	-0.021250884	0.1459820336	-0.1114413149	-0.0456863033	-0.0778047421	-0.0282975066	-0.1361542321	0.0917630616	0.0366735724	-0.0249438951	-0.0088790493	-0.065541986	-0.0335732035	-0.0293356828	0.0275806199	0.0633838075	-0.020611839	-0.0287920146	0.0256765755	0.0295321829	0.1530289505	-0.0733608586	0.0071159421	0.0629463604	-0.0992407438	0.0822968876	0.0	-0.0134421283179761	-0.0020825261770767	4.336915278209695e-06	0.0001806908137169	0.0246736449659579	-0.1350175042732076	0.0006087887559061	0.0182297264601656	-0.0346287782334187	-0.0117469392914202	0.0011991522819392	0.0001379905827163	-0.0015570046357503	-0.0004199991996814	2.424263435747924e-06	1.763993277330165e-07	-1.9880895310020463e-05	0.0002080998371027	3.9524999832799367e-10	4.3305542202203385e-08	-0.0001530154084576	-0.0001193858015029	2.341371522544616e-08	1.4252969600492552e-08	0.0	0.0	0.0	0.0	0.0	0.0	0.0	0.0	0.0
253.8429261676225	0.1120041166388148	0.0125449221440412	64436.23116534106	408.04080302760286	4.567052361350363	166497.296935411	20.85796727131593	260.5533440816112	0.4766395375362435	67888.04511211049	0.2271852487427641	279.6403274889597	260.8816981776035	1.307224	26.491663	0.1422258355727261	0.1033261503260496	0.0108315492	0.100920972	-0.047705308	0.1989585034	0.1336049964	-0.0462875102	0.0488138915	-0.0716472743	-0.1095262914	0.070647003	0.0254518911	0.0307787863	0.1383948959	0.062447967	-0.0108657694	-0.0530197375	-0.0802499659	-0.0116741526	0.0152691182	0.0198045221	0.0015471978	0.035349095	-0.091083906	0.0039728824	-0.0608856944	-0.0835381923	-0.1671822602	-0.0016293413	-0.0234407264	0.0322354507	-0.1075359645	-0.0087881291	-0.0092598851	0.0800189961	0.155506619	-0.0910068956	0.0117509188	0.030110746	0.0331306696	0.0326571876	-0.0493200421	0.0614780741	-0.030378796	-0.0265218627	0.027044645	0.0152394008	-0.0169876101	0.0368135228	0.0155951424	0.0257467032	0.0174076956	0.1293010667	-0.0682646001	-0.0663398263	-0.074615458	0.0234315961	0.0493319776	-0.0202515546	-0.0748084518	-0.0209678254	-0.0736401233	-0.1225107869	0.1239124821	-0.0064556361	0.0747236126	-0.0637745171	0.0503503664	-0.0769542001	0.136056996	0.0595549548	0.1092143073	0.0919090194	0.0080331093	0.0510041636	-0.0781187143	-0.0237933041	0.0292589584	0.0331466921	0.0253075414	-0.0903278543	0.0345781782	0.0169950556	0.0828927609	-0.0010271826	0.1186364886	0.0563523317	-0.0336559307	0.0941605947	-0.066164097	0.011813646	-0.1871689236	0.0234143474	-0.0753061601	-0.0705774774	-0.0647229929	-0.0067534659	0.1609545503	0.1143976728	0.0157405143	0.0257287544	0.0084051998	-0.0666782104	-0.0616780738	-0.0251859254	0.0405785391	-0.0517067041	-0.0318835822	0.1173336613	-0.0849740709	-0.0383073011	0.0224762262	-0.0419281338	0.010453708	-0.0618082081	-0.0827658863	-0.0706150441	-0.025922753	0.154095941	-0.1250772659	0.0596698496	0.0458131699	0.0291707526	-0.0358279429	-0.099255791	-0.0028675799	-0.0997380469	-0.0196281355	0.0967472418	-0.0107177506	-0.1353149061	-0.0378754931	-0.0889069284	-0.0189644878	0.0227126378	-0.0100739017	-0.0413336008	-0.0117747578	0.0111765672	0.0327851841	-0.0074705935	0.1467894407	-0.0744303271	0.0102691896	0.0591818091	-0.0981470957	0.0865548859	0.0	-0.0170796154715588	-0.0036374871535826	1.3231312792479165e-05	0.0002917132646563	-0.0736716790854927	-0.0983453240514506	0.0054275162992758	0.0096718027627848	-0.0088837850455121	0.0257449931879066	7.892163673486442e-05	0.0006628046742453	-0.0016759913615368	-0.0001189867257865	2.8089470439459765e-06	1.4157840913391764e-08	8.718141594510342e-05	0.0001070623112551	7.600599286193134e-09	1.1462338491289028e-08	-0.0002169269950117	-6.391158655410001e-05	4.7057321164806124e-08	4.084690895862217e-09	0.0	0.0	0.0	0.0	0.0	0.0	0.0	0.0	0.0
253.18994634983795	-0.6529798177845691	0.4263826424339691	64105.14893263382	406.7515140929312	-1.2892889346716745	165446.794216892	1.6622659570668208	259.3376373033035	-1.2157067783077196	67256.01012205979	1.4779429708233347	278.02083841869006	260.15177745883153	1.31017	26.551384	0.3582996884575218	0.3174070204745775	-0.0102295817	0.0844748188	0.0238234942	-0.0308528348	0.1298112574	0.0034032201	0.012291013	-0.0448594223	0.0159111343	0.0692839163	0.0611720942	-0.0384489761	-0.0887564084	0.0119420092	-0.0162997048	0.0635252696	-0.0255812409	-0.0964363325	0.0865307317	0.0335927876	-0.0353897583	0.0059298323	-0.0094656873	-0.0488077997	-0.054481844	-0.092764931	0.1128249667	-0.0864364768	-0.0586510251	-0.0522355821	0.0349296983	0.0702919312	0.0409906499	-0.0644947359	-0.0364982425	-0.0129615088	0.0359529297	-0.0337581044	0.0064812804	0.0541533645	-0.0885126513	-0.1796536311	0.0564017877	-0.0214886881	-0.0092065616	0.032383963	-0.0682471328	0.0252429963	-0.0445532543	0.1276109396	-0.0396450232	0.040020812	-0.1157164325	0.1108561237	0.1301311735	0.060717876	-0.0134348243	0.0434834536	-0.0629242715	0.0886098423	0.0527380044	-0.017613903	-0.0444007888	-0.0288182639	0.1106148449	0.000808777	0.1542089697	0.0134108226	-0.0783168282	-0.0033983704	0.0116349628	0.0373056505	-0.0792152677	0.0207231212	0.089665855	-0.063089794	0.0376888508	0.1342251484	-0.0325608853	-0.0885472649	0.0018710783	0.1256912356	0.0210498293	0.0709719748	-0.0030362177	0.0443874764	0.0807586917	-0.0615794838	-0.0896190474	0.1955680317	-0.0426712064	0.0534746311	0.0248658499	-0.005996615	-0.0258618932	-0.0122472318	-0.0207236358	-0.0436015181	-0.0426511203	-0.0707619683	-0.1725973539	-0.0578367061	0.013696944	-0.0604318478	-0.0525415893	-0.1959003519	-0.0285226209	-0.0611537282	-0.0079689779	-0.1082165628	-0.0231121682	0.0716115611	-0.0448192425	-0.0382374492	0.0789431765	-0.0319222463	0.0855923906	-0.0667153164	0.0346690866	0.0268228266	-0.0911591724	0.1425546748	0.0529670618	-0.110578954	0.0117605867	-0.0377128041	0.060084485	0.070086751	0.0558380206	0.0276401671	0.0776475264	0.0176710677	-0.0467496333	-0.0757916122	-0.0472198176	0.0061031139	0.0182992779	-0.0289713537	0.0735691012	-0.1078592873	0.138356975	-0.075481246	0.0134122005	0.0552845357	-0.0966622046	0.0902738707	0.0	-0.0194035096365325	-0.0023238941649737	5.400484089998817e-06	0.000376496186215	0.2434114615360414	0.3170831406215341	0.0592491396071117	0.1005417180664155	0.0191886180378304	0.0280724030833425	0.0003682030622017	0.0007880598148736	-0.001756004696738	-8.00133352012e-05	3.083552494965916e-06	6.402133810019591e-09	-3.931821932012802e-05	-0.0001264996352652	1.5459223705056884e-09	1.6002157722236592e-08	-0.0002070349537247	9.892041287000002e-06	4.286347206378867e-08	9.785248082371266e-11	0.0	0.0	0.0	0.0	0.0	0.0	0.0	0.0	0.0
253.27947197832407	0.0895256284861716	0.008014838155844	64150.49092561867	405.1920798019793	-1.5594342909519128	164180.62153425353	2.4318353077966948	260.0193123838784	0.6816750805749052	67610.04281258494	0.4646809154768035	278.68964163847505	260.07979920689144	1.032231	20.918766	0.3130335036769306	0.2344267000685714	-0.0070106027	0.1330512442	-0.0302099776	0.0375801799	0.134416415	-0.0114692343	0.1031410806	-0.0475261564	-0.0385780365	0.0681188958	-0.0443474898	-0.0280362621	0.0645173142	0.0357373687	-0.0754326796	-0.0343232772	-0.0079319018	0.1046643941	-0.0016665407	0.002058011	0.073841526	0.0363139507	-0.1419002829	-0.0351566887	-0.1182412955	0.090159792	-0.06614163	-0.0667932326	-0.0015130654	-0.0426290669	0.0577233194	-0.0038272444	0.1560996456	-0.0816292397	-0.1400228892	-0.0224161915	-0.0161570928	-0.0617117229	-0.0652571174	-0.0556583326	-0.015706356	-0.068901119	0.1089604041	0.0086818598	0.0134888809	-0.0855317819	-0.0353866612	-0.1012725398	0.0057798697	0.1974188276	0.0193621706	0.0450379991	0.1018634834	0.0664376755	-0.0599201133	-0.0698313263	-0.0687698724	0.1367137374	0.0336480681	-0.0583681982	-0.1408931839	0.0268095665	0.1122218415	0.1628356364	0.0240383074	-0.0319877525	-0.0057491828	-0.0213812456	0.0515312808	0.0915756016	0.0320515633	0.0482161821	-0.0159597723	0.1250982893	-0.0265430064	-0.0175949664	0.0409005734	-0.0705103838	-0.0515453056	0.0508704474	0.0582595138	0.0707775376	0.1144386337	-0.0096818375	0.1421387024	0.022233497	-0.0330540932	-0.0312157432	0.0560063296	0.0425035919	-0.0588317854	0.1460236388	0.0503854921	0.1771166598	-0.0840120199	-0.0068477248	-0.0815572309	0.0115724734	-0.0595197265	-0.0945870086	-0.0933879605	-0.0278454641	-8.50497e-05	-0.0265950176	0.0273262256	-0.1036548341	-0.0550430643	-0.0523822962	0.0074533749	0.021018894	-0.0373222844	-0.0127259462	-0.0283866685	0.0294545872	0.1068715037	-0.0711741025	0.0698167922	0.0782551889	-0.0065057056	0.0554191936	0.052437095	-0.0008229829	-0.0550238347	0.0172532106	-0.0073405165	-0.1588142345	0.0140130758	0.1160979087	0.0351921971	-0.0556217174	-0.0060633059	-0.0786765575	0.068997604	0.0669890723	-0.054131261	-0.1164534238	-0.0201358821	0.0534395456	0.0193975397	-0.0298565644	-0.0464798935	-0.0765133533	0.0165418419	0.0512632804	-0.0947919895	0.0934306823	0.0	-0.0295932476817029	-0.0101897380451703	0.0001038307614291	0.0008757603083506	0.0082007674384527	-0.2352106940975887	6.725258657958606e-05	0.0553240706178694	-0.0088454661224375	-0.0280340841602679	7.824227092318952e-05	0.0007859098747049	-0.0013570462841031	0.0003989584126349	1.8415746171980317e-06	1.5916781501215916e-07	-0.0002272201689255	-0.0001879019496053	5.162900516653276e-08	3.530714266549976e-08	-0.0004121543389625	-0.0002051193852378	1.6987119912561536e-07	4.207396220033301e-08	0.0	0.0	0.0	0.0	0.0	0.0	0.0	0.0	0.0
252.7431504801745	-0.5363214981496185	0.2876407493774512	63879.10011464413	404.5877342598993	-0.6043455420799546	163691.23471355892	0.3652335342319142	259.3811728365086	-0.6381395473698035	67278.59282204274	0.4072220819173376	277.6285378584586	256.893954492436	1.060096	21.483482	0.3264187120164551	0.2109224168634877	-0.070070603	0.0531563167	-0.0823152105	0.0018527135	0.1320190277	-0.0152691187	0.0936407526	0.0321244254	0.0239558885	0.068795726	0.0669498145	-0.0828520536	-0.082181964	0.0117596584	0.0365488535	-0.003665388	-0.0295486309	-0.0195950984	-0.0749525561	0.0310236027	-0.0375119826	-0.0292331984	-0.0858368868	-0.0959680724	-0.0737010296	-0.0225918682	-0.0128185109	-0.0807925964	-0.1095788512	-0.0151199357	-0.014460804	-0.0084008156	0.0783828742	-0.0792587349	0.0098065449	0.015990729	-0.03254178	-0.043784524	0.0375823338	0.0081639284	-0.0561001193	0.0518611	0.0603039125	-0.1747232538	-0.0500882305	-0.046578467	-0.0170395991	0.0702423088	-0.0145417556	0.0196176885	-0.0211301071	-0.0797783726	-0.0195584295	0.0479520172	-0.1218993184	-0.0208767195	0.0556947138	0.0209301562	-0.1051288636	0.1003329079	-0.0722655537	0.0103619467	0.1233500077	0.0456416954	-0.1284948867	-0.0105776932	0.0585169629	-0.0056623301	-0.0803164847	0.0374534996	0.0536639185	-0.0650559609	-0.0636396814	0.0495489486	-0.0225883133	-0.0487578143	0.0413800344	0.0368186665	0.0751807675	-0.0240759278	0.007588902	0.1138444686	0.0310186544	-0.0002681499	0.0215170215	0.0551444839	0.0184356191	-0.0575273268	0.0293477913	0.0416080009	-0.0229723393	0.1157108042	-0.0301757069	0.0376940872	-0.0183030369	-0.019186473	-0.011252877	-0.0473930904	-0.0125088919	-0.0458087257	0.105118144	0.0113477018	-0.0016710235	-0.0041647064	0.018993182	-0.0643740648	-0.0389407653	-0.0198955425	0.006099536	-0.0130358091	-0.0714753507	0.0664862827	0.0512127272	0.0343339034	0.0433532335	0.103896952	-0.0684674243	-0.0532614146	-0.0121061569	0.0756200233	-0.0187184287	0.0054921381	0.0498314188	-0.0958598324	0.0106953727	-0.0163179772	0.1483285518	0.1535257711	0.0071617898	-0.0293232344	0.0860426941	0.0174743099	-0.0441838408	-0.0565088632	0.0045543779	0.0340640558	0.0549031898	-0.0143087763	0.0431284106	-0.0759331522	0.0762710023	-0.077526392	0.019654994	0.0471270611	-0.0925439058	0.0960056619	0.0	-0.0217454188593109	0.007847828822392	6.158841722556659e-05	0.0004728632413668	0.2145241273813667	0.206323359942914	0.0460206012287368	0.0425693288581332	0.0417243199428085	0.050569786065246	0.0017409188746898	0.0025573032626847	-0.0020709947342601	-0.0007139484501569	4.289019189333062e-06	5.09722389481582e-07	5.21780118276638e-05	0.0002793981807531	2.7225449182878234e-09	7.806334340817762e-08	-0.0001719462261546	0.0002402081128079	2.9565504688808853e-08	5.7699937458732825e-08	0.0	0.0	0.0	0.0	0.0	0.0	0.0	0.0	0.0
253.3321561574748	0.5890056773002925	0.3469276878919763	64177.1813433952	403.6857673237159	-0.9019669361834416	162962.19873973727	0.8135443539681448	260.3972753812163	1.016102544707678	67806.74102596099	1.032464381361419	278.5141412295874	255.63698903139053	1.103886	22.370897	0.3033651517115709	0.2247091046885335	-0.092510124	0.0008142556	-0.1538294871	-0.0224146807	0.0783170611	-0.0549858311	0.1003770418	0.040801849	0.0641365638	-0.0655521108	-0.0663357963	0.0183655718	0.0888190905	0.0651834175	-0.0376796387	-0.0563325474	0.0957713525	0.0456747431	-0.1208248046	-0.0339498068	0.0489506347	0.0501740676	-0.0457264985	0.0501902422	0.0223990114	-0.0114042355	0.0824528052	-0.0134297529	0.0514331319	-0.0278225427	-0.0625454348	-0.0092273104	-0.0588673243	-0.0056868272	0.0450360799	0.0449652868	0.0184036005	-0.0832026395	-0.1236200611	-0.1670827393	-0.0452134291	0.038910101	-0.0572121115	0.1053429665	-0.0318023918	0.0285535279	-0.0175970215	-0.1006592301	0.1016944269	-0.0231754727	-0.1571955918	-0.1679500264	-0.0747128975	0.0044104061	0.0309022261	-0.0512412578	0.0306797871	0.099477747	0.0385438361	-0.0840337644	-0.071374035	-0.004918743	-0.0643968184	-0.070843514	-0.0908811706	-0.0003678833	-0.0156252088	0.0161951412	0.0655843939	0.1045732037	-0.0259988994	-0.1018582432	0.0035782363	0.0204545156	-0.0069744399	0.0437948611	-0.05238575	-0.0859441791	-0.069646068	0.0688616588	0.0331154908	-0.0852956602	0.0078740017	-0.0320917337	0.030383574	0.0316044573	-0.0309166812	0.0923046328	0.0460472839	0.0167541672	-0.0123647722	-0.0534407514	0.0931475512	-0.0245135396	-0.0386765939	0.0561398185	-0.0520892469	0.0755289259	0.0470541325	-0.0230344121	-0.0596516445	0.0032900257	0.0716846455	0.2520047106	-0.0998855828	0.0049730637	-0.0518865494	0.030317042	0.0173050504	-0.0519343861	-0.0814452195	-0.0921589611	0.0223948928	0.1363086395	0.068328628	0.0897272251	-0.0029805838	0.0807575452	0.0314234683	0.0519306172	-0.0123217953	-0.0363418319	0.0004303307	0.1836426967	-0.0870443431	-0.0051398111	0.0217129823	0.152763923	0.0140286307	-0.0825053472	0.0013992624	-0.05369769	0.0496310739	0.0351585636	-0.0246672378	-0.1266473649	0.044467857	0.1186636737	0.0100240598	0.09720339	0.1538879163	-0.0785201094	0.0227485535	0.042885154	-0.0899269149	0.097982774	0.0	-0.0295983265977213	-0.0078529077384104	6.166815994798596e-05	0.0008760609373853	-0.0115775092642138	-0.2261016366455805	0.0001340387207629	0.0511219500938101	0.013963981076067	-0.0277603388667415	0.0001949927674927	0.0007706364139963	-0.0014510041865943	0.0006199905476657	2.105413149514186e-06	3.843882791949384e-07	-1.6770753108907854e-05	-6.894876493657165e-05	2.8125815983994246e-10	4.753932186278612e-09	-0.000316012282769	-0.0001440660566144	9.986376286087443e-08	2.0755028668423506e-08	0.0	0.0	0.0	0.0	0.0	0.0	0.0	0.0	0.0
252.5641776349009	-0.7679785225739124	0.5897910111348093	63788.66382439377	403.5220232609683	-0.1637440627475825	162830.02325662543	0.0268121180850842	259.6908040931129	-0.706471288103387	67439.31373052753	0.4991016809144588	277.9786575301069	253.6657011542973	1.146993	23.244493	0.3014217947136943	0.261476128752068	-0.1193894914	-0.0426652152	-0.0671075499	0.0471490842	0.0653644873	-0.0061876175	0.1064767155	0.0885742589	0.011674231	0.0018767666	0.0584193706	-0.0140245253	-0.076272956	0.0016042234	-0.0029320226	-0.1030868672	-0.0610149405	-0.0211041054	-0.1541082293	0.0545565161	-0.0631244725	-0.0562849932	-0.0805139152	0.0167071822	-0.0400173343	0.0220703492	-0.0708051167	0.0008265707	-0.0223613657	0.0591980228	0.0275373284	0.0437553254	-0.000357131	0.155683443	0.0808477722	0.0510332073	0.0031558866	-0.0932257617	0.002121391	-0.0254748218	0.0041657311	-0.0354427139	0.0502070404	-0.0173569463	-0.0474160227	0.0008520352	0.0015428266	-0.0193048029	0.1151377728	-0.0293907451	0.0575063234	0.0755222552	0.0522994024	-0.0020950115	0.0891115089	-0.0031629963	-0.1452189634	0.0406095421	0.1609106596	-0.0904103458	0.0047064279	0.0506873745	0.0201503867	0.0522393636	-0.0628436769	0.0164310058	-0.0388929865	-0.0294934033	-0.0739782801	0.0235513596	0.0896530371	-0.0994467894	0.0193721481	0.0533385188	-0.1059513571	-0.0058108769	-0.0349600818	0.0651189239	0.0656635742	0.0002815994	-0.0682116684	0.005093141	0.0576363522	-0.0418957563	0.0247488254	0.0725304186	-0.0427794626	0.126736731	0.0401783908	0.0576772389	-0.068908385	0.0620040597	-0.0038586364	-0.0141588234	-0.0214862221	-0.0259863313	-0.0488302456	0.0464971576	0.1191959957	0.0220087279	0.0336039544	-0.0392867577	-0.0296429235	0.0085031634	-0.04577547	0.1151214778	0.0305051326	-0.1714646799	0.0659438045	0.1329076297	0.0626554309	0.0399567292	-0.1035150494	-0.0012444257	0.1052720224	-0.0528738558	-0.0061106276	-0.062724904	-0.0832459996	0.0674505418	0.0707325584	-0.0152064599	0.0568226558	-0.0415157831	-0.0177223136	0.0720476688	0.0873674213	0.1364546802	0.0215235659	0.0055834116	0.0513492505	-0.0078821591	0.0091730346	-0.0678286902	0.0251373276	0.0182232871	-0.0349111889	-0.012407573	0.0541514595	-0.0086142177	0.0326662292	-0.079494258	0.0258194369	0.0385470719	-0.086951449	0.0993497063	0.0	-0.021145555603681	0.0084527709940403	7.144933747768904e-05	0.0004471345217883	0.2500412788607349	0.2616187881249487	0.0625206411343118	0.0684443902999668	0.0229084625051427	0.0089444814290757	0.0005247976543495	8.000374803508006e-05	-0.0015920487625954	-0.0001410445760011	2.534619262481544e-06	1.9893572419330075e-08	-0.0002271723039235	-0.0002104015508145	5.160725566991104e-08	4.4268812585185394e-08	-0.0004126812392659	-9.666895649689996e-05	1.70305805242039e-07	9.34488715019954e-09	0.0	0.0	0.0	0.0	0.0	0.0	0.0	0.0	0.0
252.89205379393405	0.3278761590331669	0.1075027756623425	63954.39087211403	400.8151138233689	-2.7069094375993927	160652.75546924016	7.327358703364661	259.72018988034074	0.0293857872278522	67454.57703148025	0.0008635244910006	277.6094114557811	254.3957984485514	1.075884	21.803429	0.157536441984412	0.1210160662942873	-0.0997122162	-0.0717114518	0.0334900791	-0.0249665102	0.1049126761	0.0505325784	0.0306268612	0.1305338979	0.0076823383	-0.1276177488	-0.0074018748	-0.0359915755	-0.0377654793	0.0410049415	0.0302421589	0.1210521685	0.0629436803	-0.0443976592	-0.1134799018	-0.1107979851	-0.0222224515	-0.1066646172	0.0514375703	-0.0102341855	-0.0859704274	0.0600154947	0.0100058753	0.1213228789	0.0563059579	0.0575978205	-0.0554907361	-0.0354148687	0.067660594	0.1206258321	-0.0414081971	0.1153439551	-0.0631461718	-0.0142770847	-0.0581786414	-0.0971928376	0.0189168321	0.04417321	0.19779298	-0.0263641261	0.1069430022	-0.1553934935	-0.0496042138	-0.030693938	-0.1580720887	0.0067041548	0.0047019731	-0.022722648	0.0422569271	0.0513291423	-0.0319442673	0.0639198794	0.0379240093	-0.0718405093	0.0419344878	0.0404244129	-0.0369129482	-0.0693666942	0.0131162244	-0.0787052742	-0.0309361761	0.0850929714	0.0751198352	0.0112279675	-0.0518702751	0.0553068212	-0.0070797281	-0.0920618989	0.0764274068	-0.0737821479	0.1183930942	-0.1033789301	-0.0569981737	-0.054865694	-0.0634799538	0.0107467381	0.009633822	0.0316242935	0.0080410893	-0.0132031708	-0.0910952416	-0.0636042135	-0.0199750864	0.1736217302	0.0658904288	0.0167201148	0.0481869894	-0.007336812	-0.0653140768	0.0582474374	-0.04541949	0.093218901	-0.1539970723	-0.0215042986	-0.0487265201	-0.0813805051	0.0539119789	-0.1294796907	-0.2092365872	0.0255653162	-0.022520585	-0.050251323	0.0209493162	-0.011394776	4.5559e-06	-0.0485181279	-0.0754455231	0.0493074166	0.1875924041	-0.0985781302	0.0102420982	0.006281081	-0.075720705	-0.032464571	0.0403979683	0.0370496888	-0.1577797797	0.0153875333	0.0361032165	0.0728265263	-0.0908721606	0.0766764212	-0.0102280605	0.1298431434	0.0711108549	-0.0104027894	0.0841623119	0.0036294104	0.0229039626	0.0580629911	0.0552841702	-0.0923373323	0.0100379216	0.0618757123	-0.0056827749	0.0182407534	-0.162702407	-0.0804485949	0.0288645828	0.0341225436	-0.083629369	0.1000979463	0.0	-0.0211600533979634	-1.4497794282399e-05	2.1018603905476119e-10	0.0004477478598046	0.1334494971874846	-0.1165917816732503	0.0178087682995924	0.0135936435537428	0.039412603365406	0.0165041408602633	0.0015533533040388	0.0002723866655354	-0.0017440062359626	-0.0001519574733671	3.041557751076436e-06	2.3091073712143273e-08	-3.126280362297784e-05	0.0001959095003005	9.773628903688763e-10	3.838053230800029e-08	-0.0002720277798013	0.0001406534594645	7.399911298362459e-08	1.9783395659359863e-08	0.0	0.0	0.0	0.0	0.0	0.0	0.0	0.0	0.0
253.01899135882184	0.1269375648877826	0.01611314537964	64018.60998823556	400.9769658982379	0.1618520748689889	160782.52718095665	0.0261960941393967	259.2508559945447	-0.4693338857960611	67211.00633390414	0.2202742963564302	277.491162338855	257.2684508995485	1.139952	23.101801	0.3279645657406964	0.2622920226565948	-0.0387719633	-0.011697794	0.1004208469	0.0500180263	0.043671646	0.1241995559	-0.0126463704	0.0220314804	-0.0748568283	-0.0142601507	0.0954834042	-0.0096343734	-0.1219930433	-0.0200653052	-0.088170802	-0.1497149779	-0.0228966176	-0.1937316123	0.0292698578	-0.0465342725	0.1246794582	-0.1716781956	0.0226724898	0.0742796005	0.0021848485	-0.0554907108	-0.1037480426	-0.0227901583	0.0718370334	0.0252259967	0.0087104604	0.0554761738	0.0506547569	0.1082758853	-0.0883098811	-0.158316358	-0.0799252007	-0.0170377839	0.0151330773	-0.0552723904	0.0577098998	0.0266656712	0.0863153034	-0.0501880052	0.1541876882	0.0273366982	0.0856941685	0.0281221463	-0.0687177519	-0.0588511323	0.0076964947	0.0376882728	-0.1332474268	0.0813022598	-0.0245960247	-0.0272372778	0.0521347135	0.024916441	-0.02403362	0.0230466904	-0.13974925	-0.0530656952	-0.0298293796	-0.0246620307	-0.0400270459	0.0400516461	-0.0335291617	-0.0072694096	-0.1227068983	-0.0301355701	0.0545740347	0.0586559475	0.0706226585	0.0553357046	-0.0667169499	0.0263305421	-0.1437012432	0.1764493633	0.0013581087	0.0477406655	0.2015261232	0.0507510558	-0.0349371068	-0.0420445306	-0.0572541408	-0.0939789014	-0.0299899887	0.1284594808	0.0046116671	-0.0298087355	-0.0079304624	0.0982564148	0.0475735495	0.0735610368	-0.0061317768	-0.0783460141	-0.041164607	0.0247547333	-0.0666427751	-0.0335300593	0.0718592873	0.0628901325	0.0093418243	0.0576959851	-0.0480854917	0.0893498585	-0.0626116987	-0.0587604893	0.0477214562	-0.1200239916	0.0276995161	-0.1173512419	0.1117067465	-0.0464185924	-0.1148883426	-0.0298265677	-0.0339457373	-0.1287767724	-0.0889587794	0.0293096651	0.1518968683	0.0156938087	0.1935148294	-0.0061592076	0.0472431404	-0.0004340517	-0.0555950701	0.0400275084	0.0645314223	-0.0972678001	0.0607578437	0.0748722719	-0.071655893	0.0203096739	0.0537044513	-0.0275542463	-0.0010238201	0.0483748942	-0.0854426937	-0.0442145983	-0.0550382767	-0.0813828824	0.0318809559	0.0296214915	-0.0799739179	0.1002228344	0.0	-0.0296652532677086	-0.0085051998697452	7.233842482431379e-05	0.0008800272514372	0.3886085053919572	0.2551590082044725	0.1510165704629708	0.0651061194678901	0.0213797850810735	-0.0180328182843325	0.0004570952101128	0.0003251825352757	-0.0013850769737024	0.0003589292622601	1.918438223080599e-06	1.2883021530665137e-07	-0.0002270549513281	-0.0001957921477051	5.1553950922605866e-08	3.833456510298437e-08	-0.0006426571574789	-0.0003706293776775	4.130082220588597e-07	1.3736613559768506e-07	0.0	0.0	0.0	0.0	0.0	0.0	0.0	0.0	0.0
253.0012345700065	-0.0177567888153475	0.0003153035490328	64009.62469394744	398.842956135108	-2.1340097631298818	159075.7036585917	4.553997669133654	259.9709270065664	0.7200710120217195	67584.88288865348	0.5185022623539833	277.8238592005082	256.13831009772724	1.316531	26.680283	0.3601075524431157	0.3117305573863442	-0.0466939155	-0.0467326644	0.1111747778	-0.1147517705	0.010505842	0.1447685414	-0.0357323586	-0.0019939783	0.0784447151	0.017250799	-0.1237717369	0.120260796	0.0343443935	0.0403174069	0.0540798041	0.0639682885	0.2015599889	-0.0356570031	0.0902157601	-0.0284885618	0.0476109357	0.1410494125	0.1358715486	0.0296344296	-0.0981943135	-0.0192245452	-0.0578475456	-0.0036896446	0.0665825703	0.0497416744	0.0568567189	0.0458418551	0.0107431164	0.090041829	0.0672023351	0.0027034738	0.0476521334	-0.13132727	0.0518579191	-0.0025301377	0.0667500284	0.0137127649	0.0220951173	0.0222672211	0.0088457489	-0.0118115798	-0.0421736767	0.0173825387	0.0197721318	-0.0533413517	0.0468136621	-0.034992498	0.024585849	0.1705632575	0.0139113338	0.0681809762	0.050104537	-0.0312335549	0.0064660628	-0.0649745907	-0.0738761252	-0.007798391	-0.0698464779	0.0127709538	0.0724971875	0.1377928793	-0.0938127379	0.0391043381	0.0055856185	0.0811747835	-0.2039157289	0.0626102217	0.0436915966	-0.0605495505	0.0529215106	-0.0850816282	-0.0955506663	-0.0115243484	0.0751202174	0.0883800637	-0.0179760283	-0.0584808251	-0.0133294932	-0.0431031108	0.0219538629	-0.1691316326	0.1112572699	0.0037205277	-0.1149243785	0.0023533477	-0.0364363382	0.0524866628	-0.014332951	-0.0066555602	-0.0109685567	-0.0537883463	-0.0628922955	0.057148712	0.0968299378	0.0182160012	0.1471975039	-0.0011222102	-0.0002271238	-0.0208978418	-0.0251226429	0.021098125	0.0119100841	-0.0627144398	-0.0511953277	-0.0075276107	0.0035587611	-0.0558154468	0.1130462689	0.1194833029	-0.040045073	0.1131387658	0.0576243062	0.0222593832	0.1935757399	0.0251458033	0.0184869705	-0.0697380315	0.1176266151	-0.0353795185	-0.0545242774	-0.0052221398	-0.0983213021	-0.0444898308	0.1785919616	-0.0172822314	0.0248904467	0.1380247684	0.0244126864	0.0280457616	-0.0574218719	0.0210865482	0.1147568548	-0.0397407164	-0.0249607936	0.0054160522	0.0315178001	-0.0822968876	0.0348655494	0.0250540098	-0.0759996673	0.099723593	0.0	-0.0295981152094526	6.713805825600203e-05	4.5075188663863224e-09	0.000876048423952	0.0750845714612751	-0.313523933930682	0.0056376928715233	0.0982972571473707	0.0403926922990862	0.0190129072180127	0.0016315695911686	0.0003614906408807	-0.0010861064789308	0.0002989704947715	1.1796272835754605e-06	8.938335674397529e-08	-0.0003792049560813	-0.0001521500047532	1.437963987166207e-07	2.3149623946398787e-08	-0.0005437061922804	9.89509651985e-05	2.956164235240513e-07	9.791293513714758e-09	0.0	0.0	0.0	0.0	0.0	0.0	0.0	0.0	0.0
253.7806479219191	0.7794133519126092	0.6074851731396488	64404.61725966906	404.1752717749878	5.332315639879766	163357.65031438525	28.433590083306363	260.13119301210287	0.1602660055364708	67668.23757789991	0.0256851925306161	279.02120956453524	258.09241122087445	1.515502	30.71254	0.0763787742396149	0.0397898457173582	-0.0224099238	0.0590400793	0.0486945032	0.1707066059	-0.0775329153	0.0057851231	0.0591430842	-0.0559350494	-0.1741354028	-0.0742737147	0.0493905503	0.0001666152	0.0702888306	0.0665240396	0.005216733	-0.0103416104	-0.1167335269	-0.0157384309	0.0751100476	-0.0434886456	0.019627458	0.1114180582	0.1196814273	0.0428090336	-0.0548290159	0.1049558926	-0.0404875784	0.0207112982	0.0246423081	0.0916749619	0.0398862082	-0.0072759253	0.0462743642	-0.0437024017	0.0406902277	-0.0107742582	0.0447933536	-0.1262744831	-0.1379415042	0.0885451344	0.0101162707	0.0219302859	0.0565771694	0.0134474108	0.0831967199	0.1515642609	-0.0105927497	-0.006986359	0.0557953577	-0.0657001153	0.1353976881	0.0848718003	-0.0006025575	0.011086557	0.0366873443	0.0875962167	0.1167082786	0.0627242526	-0.0228160006	-0.0517356162	-0.0256838754	0.0272873353	-0.0071005422	-0.0407532358	-0.0840027271	0.0371116948	-0.096839695	0.1736598667	0.0643410016	0.0338888174	0.1400640927	0.09083763	0.0395143531	-0.0052544121	0.001050788	0.0151485008	-0.0340597161	-0.0426340052	0.1052764852	0.0344365676	-0.0209345775	-0.045308905	-0.0139284044	0.0563051918	0.0789490246	-0.1746273173	-0.0142323635	-0.0637578896	-0.0796353247	-0.0519759938	-0.0128288949	-0.0906054698	-0.0905305359	0.0588936431	0.0217603338	0.0070538255	-0.1234190687	0.0930168432	0.0536640346	-0.0977780534	0.1055232098	0.0302711126	-0.0009849164	0.0486898634	-0.0088640405	-0.0155797762	-0.0744024063	-0.1379300456	-0.1235599027	-0.1435319971	0.1505098881	0.0328046443	-0.0182534333	-0.0040352443	-0.0456990201	-0.0082311293	-0.0011237916	0.0709706305	-0.1617197077	0.0258426053	0.0259628744	-0.0479587505	-0.0538638107	-0.0581929179	-0.0945463045	-0.079648866	-0.0930398385	0.0325470504	0.0760447574	0.0276084825	-0.0372345704	0.0850084763	-0.0731329229	0.0184932052	0.0414972763	-0.0628510907	0.0977066301	-0.0172915897	0.0324581062	0.0624659784	-0.0297153636	-0.0831903826	0.0378153881	0.0204303415	-0.0717224597	0.098603331	0.0	-0.0296010347295947	-2.9195201421000627e-06	8.52359786012797e-12	0.0008762212570626	0.0577714953385282	-0.0173130761227469	0.0033375456736495	0.000299742604832	0.0092816120744103	-0.0311110802246759	8.614832269983909e-05	0.0009678993127462	-0.0008620410884009	0.0002240653905299	7.431148380914083e-07	5.0205299233316626e-08	-0.0002278443494825	0.0001513606065988	5.191304759110361e-08	2.2910033229956705e-08	-0.0003600982219681	0.0001836079703122	1.29670729464587e-07	3.371188676220243e-08	0.0	0.0	0.0	0.0	0.0	0.0	0.0	1.0	0.0
253.73100007944817	-0.0496478424709323	0.0024649082620185	64379.42040131692	403.3950733073853	-0.7801984676024745	162727.58516867078	0.6087096488492494	259.601060667185	-0.5301323449178881	67392.71069952745	0.2810403031281386	278.17307782598	259.8120410055998	1.339756	27.150946	0.3106662141297832	0.2131760718289584	-0.0036068747	0.006402101	0.093675246	-0.0744291254	-0.0809574879	0.0604128026	-0.0654581637	-0.0888272246	0.0499552228	-0.0946637828	0.028734313	0.0324159782	-0.0875107602	-0.0273550052	0.0586509603	-0.0685879059	0.0503726553	-0.1068970713	-0.0013119201	-0.0566841185	-0.0336262247	-0.0836779649	0.0994837373	-0.0131351926	0.0217804247	0.1067626062	0.1189794707	0.0193609546	0.0942382015	-0.0384451856	-0.1201998602	-0.0209720107	-0.0557540661	-0.0926061852	-0.0464083485	-0.1094855786	-0.0038158555	-0.157289005	-0.0768242175	0.077787214	-0.0440963246	0.0765474887	-0.0233803715	0.0137111219	0.0840529886	-0.0940603663	0.0022889496	0.0353791393	-0.0650750901	0.014696962	-0.0890913816	0.0096684634	0.1442353687	-0.110941367	0.017162989	-0.0795308168	0.0580733223	0.119383592	-0.0126542696	-0.0525807901	0.1894421916	0.0510543446	-0.1545576661	0.075871351	-0.054898175	0.0531804959	0.0466292734	-0.1015019812	-0.0774374449	-0.0672762005	-0.0806079791	0.0381236771	-0.0484399117	-0.0674349916	-0.0139565212	0.0325844608	-0.1531511859	0.0375364277	0.0392161271	0.0250998456	-0.0891223766	0.0342995798	-0.070889761	0.0030355148	-0.1170443125	-0.0133297513	-0.1637303348	-0.0383897007	0.0419628093	0.008093462	0.0697706195	-0.0508093455	0.032267435	0.050317554	-0.0773753334	-0.0511887995	0.0240998501	0.037654087	0.0292683725	-0.0137717833	0.0392169717	0.0295542144	0.0737353735	0.1405090431	0.0227096484	-0.1447469085	-0.0199478689	-0.0757197145	0.005242953	0.0023122401	-0.0984433197	0.0406549203	-0.0103108679	-0.0868471849	-0.1347943614	-0.0985459532	0.1025829313	-0.0937984416	0.0782980377	-0.009441511	-0.0138812641	0.019756835	0.1697864785	-0.0285192176	-0.0034779491	-0.0440796735	-0.0489150054	-0.0353004794	0.0455420358	0.0336947984	0.0100709139	0.0232896868	-0.062089132	-0.0066217671	-0.0100118734	-0.0441114149	-0.034269273	-0.0372093903	0.0474725269	0.066075714	0.0694342586	-0.0840631448	0.0407275316	0.0157608558	-0.0671593453	0.0968690246	0.0	-0.021790336495826	0.0078106982337687	6.100700689899749e-05	0.0004748187646013	0.2713361212747003	0.2135646259361721	0.0736232907083988	0.0456098494512571	0.0329023233709477	0.0236207112965374	0.0010825628832064	0.0005579380021543	-0.0020190258665248	-0.0011569847781239	4.07646544969622e-06	1.3386137768104106e-06	-0.0002272938639915	5.504854910000085e-07	5.16625006081865e-08	3.030342758015205e-13	-0.0002042299123169	0.0001558683096511	4.1709857084968666e-08	2.4294929953522364e-08	0.0	0.0	0.0	0.0	0.0	0.0	0.0	0.0	0.0
254.3946610114142	0.6636609319660352	0.4404458326180263	64716.64355111234	405.7574935919084	2.362420284523125	164639.1436059876	5.581029600726324	260.6516638650993	1.0506031979143131	67939.28987564471	1.1037670794677814	279.4691024067907	262.81413435595664	1.128146	22.862541	0.3648178269525865	0.3003901073284389	0.0463944916	0.062796228	0.0316597809	0.0434495063	-0.0521715499	-0.0087976386	0.0120425659	-0.071187523	-0.0395906215	0.0137489093	-0.0478738865	0.0682626929	0.1071769819	0.0321761914	0.0295087998	-0.0671810952	0.0078725852	0.0378868949	0.0503210623	0.0273715841	-0.1284841259	0.0426857279	-0.0095574171	-0.0063961172	-0.046977938	-0.1392100483	-0.0196633077	-0.0734592978	-0.0958884357	-0.0151553381	0.0305593412	-0.0638638119	-0.0403210543	0.0429783581	-0.0420900974	-0.1104453756	0.0011783356	0.1026560885	0.068210313	0.0342161228	-0.027675059	-0.0374781136	-0.0378190451	0.0640636184	0.0032327628	-0.0769019025	-0.1000280403	-0.0521187303	-0.044939487	-0.067492072	-0.0231586108	0.0063499351	0.0851043945	-0.0229778894	-0.012972858	0.0134157835	-0.0263274167	-0.0748516116	0.0346339269	-0.0114859163	0.0736131332	0.1218407554	-0.0243896279	-0.0026220175	-0.0626889383	-0.0268251071	-0.049765928	0.0298778069	0.0999109901	0.032251899	-0.0078048285	0.0894182735	-0.004997598	0.0045541439	-0.0632839313	0.016725768	-0.0445974518	-0.0381444699	0.0413345786	-0.0244233793	-0.1107295884	0.0594966103	0.0352992641	0.1179864305	0.0471843879	0.0425350192	0.1217955852	0.0215446617	-0.0581040955	-0.0453575695	-0.0072584056	0.0223640713	0.022430096	-0.0719374122	0.0901675221	-0.0746785756	0.0583487622	-0.0440608111	-0.0551226531	-0.0175705812	-0.0692989962	0.1530377322	-0.0899100082	0.0305503573	0.0099269325	-0.0157852074	0.0892189828	0.055347677	0.1131207062	0.1263702201	0.0282332193	0.0506322627	0.0077632608	0.0021358995	-0.059316759	0.031888887	0.0073011025	0.1017879961	0.0083357734	0.0014065607	0.0239106567	0.0171873096	0.0273690093	-0.0795942957	-0.0308356716	-0.1095328448	-0.024775586	0.0337613582	-0.0873761849	0.0115961513	-0.1002527387	-0.0100739444	0.0310208149	0.0314848212	-0.0149015552	-0.0683042491	-0.0262758201	-0.0998125235	0.0260620778	0.0385339059	0.0482839129	-0.0849149568	0.043599077	0.0110560246	-0.0623285141	0.0945314743	0.0	-0.0180395396184991	0.0037507968773268	1.4068477214965218e-05	0.0003254249896473	-0.0305862680961723	-0.3019223893708726	0.0009355197960509	0.0911571292034168	0.0014401956507157	-0.031462127720232	2.074163512340419e-06	0.0009898654806841	-0.0015090177454731	0.0005100081210517	2.2771345561527177e-06	2.601082835386856e-07	-0.0002278781279969	-5.842640053999862e-07	5.192844121937153e-08	3.413644280060351e-13	-0.0001611720376909	4.305787462600001e-05	2.5976425733436892e-08	1.853980567308335e-09	0.0	0.0	0.0	0.0	0.0	0.0	0.0	0.0	0.0
254.2946140383424	-0.1000469730718123	0.0100093968208319	64665.75072890952	409.2275458131946	3.470052221286153	167467.18425229026	12.041262418452964	260.3377103269663	-0.3139535381329779	67775.72341828742	0.0985668241062152	279.3003056173399	264.79571447204285	0.906165	18.363981	0.2096518767311937	0.1312188590619508	0.0535312599	0.0536803115	-0.0427863917	0.0352646023	-0.0324296935	-0.1038271384	0.0199145101	-0.0217095266	-0.0061402701	0.0126294492	0.0283016678	0.0514957024	0.02302865	-0.0166052987	0.1048859156	0.0459856801	-0.0440917074	0.0176901523	0.0435580869	0.0143589064	-0.0302634886	0.0193842648	-0.0014946896	-0.0125292177	-0.1050433967	-0.0533338088	-0.0168179448	-0.1450203146	-0.0160441496	-0.0411247855	0.0344357931	0.0341617375	-0.0383402572	-0.0925210056	-0.0727872032	0.0408211351	0.0864576873	0.0909319777	-0.0902400589	-0.0909633205	-0.0579765334	0.0426571288	0.0014991226	-0.0237153161	-0.0748088883	-0.0012648984	-0.0553035727	-0.0650200653	0.0610662944	-0.0110003912	0.0548881266	-0.0889698052	0.0208966991	0.0886076968	-0.0520189574	-0.1130129228	-0.0194679458	0.0748726668	-0.0242072847	0.0914949844	0.0108997748	-0.0740876603	-0.1575936523	-0.0186882976	0.0576122327	0.052617673	-0.1071612193	0.1634770517	0.0412404169	-0.0235970837	0.0300713154	0.0001418235	-0.0850533147	-0.0098453358	0.0217768293	-0.0863590196	0.0030609245	-0.0244430426	0.0424099954	0.0271075444	-0.0372755335	0.0574841387	0.0265503592	0.0678556851	0.0434146303	-0.018583001	-0.0237854095	-0.089226259	-0.083442442	0.0106132976	0.0180912935	0.0365204993	0.1421492372	-0.017305222	-0.0597896075	0.035849622	0.0230393335	-0.0033134956	-0.0790109648	-0.051302296	0.0106582922	0.0062474168	0.0636203463	-0.005807535	-0.0519833353	0.0694569866	-0.0637363096	0.1182728679	-0.0357803881	0.060723585	-0.0245808443	-0.0498201347	-0.0008491708	0.1697972532	0.0128918655	0.083764876	0.2177678268	0.0260632762	-0.0121114721	-0.0199758866	-0.0833053326	-0.0571077653	0.05472847	-0.0493967535	-0.0002755985	-0.1385959435	0.0489793951	0.0109202263	0.0539397427	0.0167611513	0.011036137	-0.09186542	-0.0575569721	-0.0211801204	-0.0183203309	0.1126686503	-0.1464610098	-0.0856625067	0.1279579295	0.0613871194	0.022657076	-0.0857456062	0.046427162	0.0063263989	-0.0572492232	0.0916052369	0.0	-0.0192291783963156	-0.0011896387778165	1.4152404216847406e-06	0.0003697613017973	0.0938261310912338	0.1244123991874061	0.0088033428755493	0.0154784450715664	0.0415887441839899	0.0401485485332741	0.0017296236428013	0.0016119059493286	-0.0021580041767933	-0.0006489864313201	4.656982027057328e-06	4.211833880377285e-07	-8.491896747009342e-05	0.0001429591605268	7.211231036186784e-09	2.0437321578529253e-08	-7.509182488396734e-05	8.608021280693265e-05	5.6387821644044174e-09	7.409803036886812e-09	0.0	0.0	0.0	0.0	0.0	0.0	0.0	0.0	0.0
254.082030915508	-0.2125831228343884	0.0451915841140206	64557.678434149166	407.688575357761	-1.5389704554335708	166209.9744772408	2.368430062697412	260.5460991387578	0.208388811791508	67884.26977642342	0.0434258968798765	279.2150641622836	263.0765363215199	0.976963	19.798744	0.2633867555306026	0.1623579887757059	0.0331993172	0.1105383959	-0.058844533	0.0123604625	-0.0005648654	-0.0534739807	0.0592134175	-0.0508457754	-0.007643484	0.0770283765	-0.0682804204	0.0260780551	0.1183174669	0.0251921418	-0.0397967655	-0.0550983984	0.0301850442	0.0774121986	0.0206937435	0.1308567116	-0.0504645945	-0.1735835972	-0.1207613684	-0.0951539734	0.0559086954	-0.0342053209	-0.02532454	0.0218771613	0.0094505187	0.0152748439	0.0189500137	0.0968383011	-0.0013730348	-0.0012065611	-0.0667983949	0.0237131488	-0.0416386042	-0.1356025579	0.0865055513	0.0456750309	-0.0091512487	-0.0835714702	-0.0676937122	-0.0184768565	0.0556865322	0.0326605775	-0.0386662217	-0.0493733837	0.0759825457	-0.1192313	-0.0082501432	-0.0513345481	-0.034692277	0.0362974538	-0.0225087979	0.1606735687	-0.0116994246	-0.1106557828	-0.103765512	-0.0494372413	0.0764083018	0.0595814312	0.0021045063	-0.0091979224	-0.0156478582	0.1232803604	0.0665695513	-0.0423499543	0.1087771974	0.0707432977	-0.0172195677	0.0280130137	-0.0423857159	0.1068735382	-0.0693560564	0.0258919702	0.0802037764	-0.0186828767	-0.0606053413	-0.0542677792	0.0137180951	0.1330517041	-0.0307429196	-0.0060213353	-0.0452249984	0.076833721	0.0111614874	0.0965251887	-0.0029102415	-0.0172387247	0.0899510855	0.0001346591	-0.0106830273	0.0254366333	0.0895684343	-0.0519698327	0.0171193937	-0.0084124804	0.1371007697	0.0005395495	0.0552561628	0.1293256547	0.0741718356	0.0207186978	0.0255618861	0.0424112498	0.0888412301	0.0320510973	0.011582053	0.0642212235	0.0946795547	0.2194422512	0.0082602245	-0.0269240038	0.0688502296	0.1259712355	0.0131448545	0.1185252028	0.0378106014	0.0178752361	0.0316403571	0.0619953532	-0.0445097472	0.0030483386	-0.0088624812	-0.091746006	0.0728413632	0.0754646957	-0.0390924479	-0.0058291391	-0.0735276668	-0.0386989099	-0.0920228834	0.037039567	0.0122025884	-0.0116979304	-0.1137298453	-0.086043019	-0.0840787749	-0.0189765019	-0.1440714065	-0.0865548859	0.0492089673	0.0015825856	-0.05194172	0.0881085353	0.0	-0.0129773131439492	0.0062518652523664	3.90858191337464e-05	0.0001684106564361	-0.0564233368866524	-0.1502494679778862	0.0031835929454246	0.0225749026276378	-0.0200234427378731	-0.0616121869218629	0.0004009382590768	0.0037960615772945	-0.0015550235100266	0.0006029806667666	2.418098116735447e-06	3.6358568449441403e-07	-0.0002278177944687	-0.0001428988269986	5.1900947476582845e-08	2.0420074757577696e-08	-0.0002346770386884	-0.0001595852138044	5.50733124875568e-08	2.5467440465006487e-08	0.0	0.0	0.0	0.0	0.0	0.0	0.0	0.0	0.0
254.4061948605774	0.3241639450693867	0.1050822632829483	64722.51198343808	408.6388789872704	0.950303629509392	166985.73341997302	0.903076988258724	259.87278166343657	-0.6733174753212552	67533.86264949218	0.4533564225729891	278.9382837476343	262.6936383083225	1.190859	24.133472	0.2557605343906333	0.2232837621348504	0.0167466932	-0.021961842	-0.1087737884	0.052996882	-0.0012522928	-0.1186638686	0.040038444	0.0101755623	-0.021062741	-0.0807628596	0.0477825225	-0.1617366678	-0.0350496038	-0.0182160539	0.0064485677	0.0712309563	-0.1177250828	-0.0109891436	-0.0386974421	0.0815165219	-0.0314660849	-0.0277258811	0.0703957274	-0.0637414238	0.075249126	-0.0025700454	0.0260011341	-0.0220836372	0.0312895021	-0.0170680136	0.1358672002	0.0214739411	-0.0342397968	-0.0044660303	-0.0736446548	0.1715650484	0.0156360198	-0.1123323347	0.0167049333	0.0330977426	-0.0111177132	0.1280158329	-0.0640118514	-0.087612657	0.0463536613	-0.0352333712	0.0356466457	-0.0653848024	-0.0376475832	0.0471702155	0.0421039988	-0.1015159719	-0.0461411486	-0.0648372924	0.1074355774	-0.0718932633	-0.0154081355	-0.0582071802	0.0193548771	0.0408674608	-0.0396111238	0.0214518121	0.0557250929	-0.1051578159	0.0785305264	0.0854998472	0.0890396984	-0.0960765708	-0.0121083702	-0.0441015402	0.1459785674	-0.0969175653	-0.0609001447	0.0215476382	0.0600158786	0.0107563455	0.1183913292	0.0393250606	0.0312941416	0.0184537361	-0.0755059807	0.0140656893	0.0557533665	0.0219293597	-0.1554750992	0.015281938	0.0108599187	-0.0704265592	-0.0249953303	-0.0336156885	0.067258101	0.0596048367	-0.062261467	-0.067474101	0.0043831471	0.1543868337	-0.0925990601	0.0313500984	0.1136519905	0.0095350624	-0.037679018	-0.1000605871	0.0627625565	0.0600442072	0.077440028	0.067158306	0.0392855952	-0.0683086251	-0.0805855794	-0.0102043373	-0.0613101665	0.0078150884	0.0693727964	-0.0307941503	0.1339781	-0.0651964691	-0.1085866437	-0.0222056862	-0.1386880651	-0.0310686916	-0.0768033728	0.1072470523	-0.0495237906	0.017171193	-0.0516328163	0.0952904134	0.0975973455	0.1244306195	-0.0258795646	0.0902672868	0.0778301313	0.0280876705	-0.0252621026	-0.0223504862	-0.0085098648	-0.0364748248	-0.0716030052	-0.0562334461	-0.0244842513	0.0790359894	-0.0821685486	-0.0873425944	0.05194172	-0.0031647768	-0.046427162	0.0840631448	0.0	-0.0202746231067152	-0.007297309962766	5.325073269268393e-05	0.0004110603421193	0.1690330488558373	0.2254563857424897	0.0285721716054998	0.0508305818720663	-0.0172491967500505	0.0027742459878225	0.0002975347885219	7.696440800949792e-06	-0.0018940352827691	-0.0003390117727425	3.587369652374225e-06	1.1492898205801257e-07	-0.0002272165628542	6.012316145000162e-07	5.162736643527661e-08	3.614794542742961e-13	-0.0002997158882825	-6.50388495941e-05	8.982961368896804e-08	4.2300519565239624e-09	0.0	0.0	0.0	0.0	0.0	0.0	0.0	0.0	0.0
253.77902876162727	-0.6271660989501129	0.3933373156723028	64403.79543919485	403.8997207797548	-4.739158207515629	163134.98444596387	22.459620515862756	259.7246995771305	-0.1480820863060898	67456.91957043068	0.0219283042847642	277.9391715225796	260.8201479923815	1.301176	26.369102	0.1712647421341407	0.1323020677089818	0.0040323987	-0.1227972308	0.0901104103	-0.0743347433	0.0823842484	0.0909660515	-0.1180088726	0.0975027282	0.0197056112	0.1161819329	-0.0067445451	-0.121396985	-0.1077141247	-0.0376621222	-0.0005606217	-0.0897439235	0.00493823	-0.0253791917	0.0367218494	0.0137905949	0.0131462879	-0.0510741941	0.0404183219	0.1201319551	0.0800686045	0.0872430399	0.0859493889	-0.0390193603	-0.0579611529	0.0449833323	-0.0096341778	0.012737078	-0.0744083018	0.0220254218	-0.0028787171	0.053747046	0.1026381379	-0.0130694161	-0.08233841	-0.0192651975	0.0458673971	-0.0022271571	0.0412576648	-0.0511794715	-0.0435322803	-0.0036033641	-0.0504682047	0.0217398063	0.0154866805	0.0193055013	-0.0521214566	0.0359269149	0.0496369651	0.2160548661	-0.024359153	-0.0585553265	0.0258753262	-0.1146554086	-0.0703923658	0.1264647054	-0.0121378035	-0.0412371664	0.059089723	-0.0227546379	0.0467615021	-0.0631569375	0.0447710095	-0.0595268112	-0.1062275245	-0.0384795418	-0.0501451817	0.001229122	0.0821436092	-0.0406093244	-0.0988734079	0.0209181981	0.0577801751	0.1176869713	-0.0883853791	0.0090177472	0.051116695	0.021835603	0.0645037757	-0.0365204258	-0.1194560203	-0.0705861607	-0.0114194459	-0.0413066701	0.0073007205	0.0729434225	-0.0222686781	-0.1185459468	0.0253932544	-0.087208355	-0.0826035427	-0.060080997	-0.0871639209	-0.0055202014	0.007220449	-0.1016153475	0.0088813236	-0.0155410314	-0.0416671911	-0.0760570884	0.0283446715	-0.0072528592	-0.0496756349	-0.0429779785	-0.0807628685	0.0860973936	-0.0146411163	-0.0733372627	0.027084064	0.073615909	0.0586701688	0.051119377	-0.0524001856	-0.112391756	0.0630309231	-0.0692685239	0.1324296531	0.0633394634	0.0380679928	0.038965298	0.0240359637	0.0863042674	-0.0715530195	0.0456449717	0.0530873994	-0.030940391	0.0698264229	0.0057192645	-0.0083542197	0.0278630768	-0.061551303	-0.0536730933	-0.105399222	-0.0100598964	-0.0770825073	-0.0044858879	-0.1495472544	-0.0881085353	0.0546226962	-0.0079050419	-0.0407275316	0.079494258	0.0	-0.0213053906822864	-0.0010307675755712	1.06248179484893e-06	0.0004539196721248	0.2947620373224566	0.1257289884666192	0.0868846586464853	0.0158077785408392	-0.0444032079736658	-0.0271540112236153	0.0019716448783526	0.0007373403255322	-0.0016600472670621	0.000233988015707	2.755756928880348e-06	5.475039149449928e-08	-0.0002271579223724	5.864048179999334e-08	5.16007216965453e-08	3.4387061057353506e-15	-0.0004126887294604	-0.0001129728411778	1.7031198742363924e-07	1.2762862843807016e-08	0.0	0.0	0.0	0.0	0.0	0.0	0.0	0.0	0.0
254.2128516217261	0.4338228600988145	0.1882022739443156	64624.173929649725	404.97836805139696	1.0786472716421829	164007.47858957274	1.1634799366211246	260.31959174794974	0.5948921708192643	67766.28984781922	0.3538966949020567	278.81985503541347	261.5160204449389	1.091631	22.122559	0.2925792940359274	0.2124661176299771	0.053450899	-0.0057762969	0.0603827016	-0.0183488068	0.0655011774	0.0494865304	-0.0652773922	-0.0461090803	0.0074464706	0.0660655781	-0.016709829	-0.0198240727	0.0250043153	-0.0051481339	0.097587425	0.0543678919	0.00336862	-0.0079600663	0.0728614058	0.0281431528	0.0686244771	-0.0624450428	-0.1001214987	0.0790413478	0.0037030177	-0.051910959	-0.082453966	0.0407719655	-0.0183635704	-0.0168824259	0.125174244	-0.0428439199	-0.0185753203	0.0429104122	-0.0671094856	-0.0789304797	-0.0320551279	-0.0045283527	0.0373438866	-0.0376989596	-0.00840239	0.0268122022	-0.0095404182	-0.0868669325	-0.1028801018	0.1410494911	0.0329272863	0.0792969631	-0.0700355054	0.0202651631	0.0512183503	0.1541417126	-0.0151240672	-0.0492596699	0.0332015168	0.0825729176	0.0192502857	-0.1436806223	-0.0286459765	0.1272616254	-0.0724170848	0.0791652	0.0202098866	-0.0012203881	-0.0225637723	-0.0309057328	0.0079801063	0.0309211728	0.0142760501	-0.003736642	-0.0264827308	0.077719569	-0.0077120911	-0.0532390112	-0.0105028491	-0.1201136631	0.058733115	0.0208815273	0.0756793512	0.0340609167	0.1330278056	-0.019058063	0.0825272957	0.031176517	0.0430760499	0.009229635	0.0275598291	0.1030183772	0.0387444358	-0.0627788374	0.0399833991	-0.0018749758	0.0294853686	-0.0573761861	0.1174780101	0.0268906935	0.0187572554	0.0403308367	-0.039555187	0.029556163	-0.0677403902	0.0602954497	0.0518441559	-0.1257156704	0.083891412	0.1009619681	-0.0186570776	-0.1735318935	0.0213633434	-0.0700143442	0.0416115243	0.0182995112	-0.0416285102	-0.0403539727	0.0098379475	0.0302744931	-0.110711387	0.0179304495	0.0281124229	-0.0345519623	-0.0163926331	0.0431767229	-0.046281669	-0.1758237619	0.0016063495	0.0257084167	-0.0169396917	0.0384645894	0.0774551201	0.0246689935	0.0297739025	0.1382135276	0.0224295777	-0.0161400865	0.0101638338	-0.0728298714	-0.0537667657	-0.0407851447	-0.0430182311	0.0275377775	-0.0191408455	-0.0888525176	0.0572492232	-0.012627579	-0.0348655494	0.0744303271	0.0	-0.0295933307526468	-0.0082879400703603	6.868995060988553e-05	0.0008757652250355	0.084783165999184	-0.2099788713232726	0.0071881852368451	0.0440911264021954	-0.0038587871239528	0.040544420849713	1.4890238067983922e-05	0.0016438500620386	-0.0013180141845406	0.0003420330825215	1.7371613906502227e-06	1.1698662953915929e-07	-0.0002279476359059	-7.897135335000079e-07	5.196012471508876e-08	6.236474649930682e-13	-8.015028966377254e-05	0.0003325384397966	6.424068933186643e-09	1.1058181394237525e-07	0.0	0.0	0.0	0.0	0.0	0.0	0.0	0.0	0.0
254.68374767126133	0.4708960495352414	0.2217430894678965	64863.81132787871	407.3927306978957	2.4143626464987165	165968.83702548814	5.829146988808287	260.4496945723084	0.1301028243586302	67834.04340280872	0.0169267449060925	279.3849529747613	265.3959036770235	1.053627	21.352373	0.0704050039527673	0.0434910864354847	0.0827747582	0.0812984196	0.0318593918	-0.0585280852	-0.0161994444	-0.0180034551	-0.0214544131	-0.1276866174	-0.0043453106	-0.0233194661	-0.0468041733	-0.0194256778	0.0340585046	-0.002885456	0.0627464632	-0.1048412662	0.0423403143	0.0179541353	0.0182615288	-0.0204846073	0.0310968236	-0.0526556914	-0.0145236436	-0.067805245	0.1244292876	0.1083275463	0.0483227976	-0.1398817394	0.0622502212	0.006485722	0.0375848597	-0.0565769505	-0.0816454074	-0.0588444452	-0.0032715776	-0.0403337865	-0.0156531402	-0.0254973245	0.0507709898	-0.0182920612	-0.1346161477	0.0318115423	0.0680395803	-0.0402872018	0.0872347591	-0.0431828124	-0.0691857137	0.0908317915	-0.161348061	-0.004408809	0.1025429767	-0.065477686	0.0751197729	0.0840873349	-0.0320825975	0.0524631665	-0.0225307359	-0.0615685979	0.0748261657	0.0957911715	0.0356704295	-0.0714226321	0.0772751796	-0.0158503594	-0.0621612898	-0.0333811854	-0.1803684652	-0.0096717586	0.0411229069	-0.0054752182	-0.0463271906	0.0874742715	-0.0663784965	-0.0144177527	-0.0555679888	0.0097739825	-0.0187496523	-0.0113589354	-0.1746568524	0.0626255197	-0.0208971281	0.1261533001	0.0095019858	-0.0627678768	-0.0651352563	-0.0477009295	-0.0937220829	-0.0993447375	0.1153821116	-0.0228283051	-0.0280006656	-0.0340526003	8.86871e-05	-0.0509801177	0.0939357913	0.0451830225	0.043671671	0.0617233861	-0.1106684194	-0.0577170686	0.1134875492	0.0395710299	0.0244817101	-0.057203221	-0.0169725689	-0.0810181388	0.0578729667	-0.0650305517	0.031546361	-0.0487886236	0.0037000604	0.087542233	0.0591715305	0.0622507061	-0.0483140835	-0.0650897481	-0.1603615956	0.0267659575	0.0520976585	-0.0977762622	0.0485604036	0.0381009442	-0.0727032349	0.1475820597	-0.0219771565	-0.1668693037	-0.072583544	-0.0255828165	0.1204015873	0.0509371334	0.0440460389	0.1241584623	-0.0821376704	-0.0946234165	0.0505450508	0.0486073305	-0.0356524731	-0.0246237806	-0.019905586	0.0669688636	-0.0259693636	-0.0895743561	0.0598186829	-0.0173217973	-0.0288645828	0.0689028873	0.0	-0.0295629560634012	3.0374689245601244e-05	9.226217467668439e-10	0.0008739683712065	0.1012382013758497	0.0164550353766657	0.010249173417817	0.0002707681892473	-0.0389257515013525	-0.0350669643773997	0.001515214129945	0.0012296919906458	-0.0011120256134796	0.0002059885710609	1.2366009650346809e-06	4.243129140775264e-08	-0.0002278601926213	8.744328460001369e-08	5.192026738141593e-08	7.646328021638989e-15	-0.0002511268655073	-0.0001709765758435	6.306470257952154e-08	2.92329894871775e-08	0.0	0.0	0.0	0.0	0.0	0.0	0.0	0.0	0.0
254.7348620099519	0.0511143386905814	0.0026126756197754	64889.84992322924	408.7738109084795	1.381080210583832	167096.02848464137	1.9073825480662816	261.04366255826113	0.5939679859527587	68143.7937618313	0.3527979683367765	279.8205031125102	262.9174927808376	1.188388	24.083385	0.2032045859312394	0.160273879418698	0.0326814675	-0.0136083785	-0.1336643845	-0.0261295366	-0.0579696766	-0.1293989868	0.0075265519	-0.025849065	0.0282396312	0.0453118441	-0.110558417	0.0364777335	0.1517257923	-0.004198717	0.0187700085	-0.0927410537	0.0500832244	-0.0765244816	-0.0509292074	-0.0075039661	-0.0496969567	-0.0404493583	-0.0251012658	0.1455412994	0.0757768776	0.1235839832	-0.0124865157	0.0491861048	-0.0625912748	0.0141761973	0.0782550199	0.0239764365	0.0326001701	0.0202080352	0.0614408744	-0.0415229072	-0.0873568975	0.0569458647	0.0304252404	0.0286042008	0.0486809138	-0.1221890063	-0.0554811115	0.0971225203	-0.0547708898	-0.0019639345	0.1231357248	-0.0099886352	0.0163913256	-0.0378851841	0.1037428023	-0.0358745331	0.0564016303	0.0218668446	0.1334746004	0.0658719687	0.2009921705	0.0811720835	-0.0625920725	-0.0089018153	0.0269939244	-0.0211581401	-0.0394716659	0.007362103	0.0409239903	0.0509528912	0.051191414	-0.0125707865	0.1543914938	0.0273212937	-0.0473942359	-0.0652923033	-0.0541951182	0.0176628867	-0.1018010747	0.0779366921	-0.0393770394	0.0709584966	0.0820103207	-0.039168982	0.0688343285	0.0084818122	-0.0304891876	-0.0614539771	-0.0126713371	-0.174523329	-0.0521621399	0.0079367699	0.0918435651	0.0856970901	-0.01152238	-0.03767224	0.0230549406	0.0306063006	0.031168427	-0.0333603271	0.0699408701	-0.0223996805	0.074088918	0.0743448003	-0.1031615455	0.0833445628	0.0028793469	-0.0162189404	0.0644495268	-0.0699415438	0.0116325334	0.0821858334	0.0045653413	-0.1607002693	0.1229623256	0.0180329995	0.0984893518	-0.0570486614	-0.0016534309	-0.0054137856	0.0921169224	0.1374070841	0.0033920765	-0.0204068021	0.2012870878	-0.0262960944	0.0167466942	0.0629784577	0.0062020663	0.0008142638	0.0306775222	-0.0179403165	0.0529734711	-0.0365281195	-0.1107462035	0.1619240259	-0.0964953965	-0.0833434864	0.059795127	-0.0328982799	0.002161594	0.0293841838	-0.1058657787	0.0904230936	0.0493555739	-0.0902738707	0.0623285141	-0.0219771695	-0.0227485535	0.0629463604	0.0	-0.0295619758662581	9.80197143098105e-07	9.607864393376869e-13	0.0008739104171172	-0.0621854580528378	-0.1634236594286875	0.0038670311932412	0.0267072924610636	-0.0329177037378087	0.0060080477635438	0.0010835752193701	3.609663792902366e-05	-0.0006550587940529	0.0004569668194267	4.291020236660396e-07	2.088186740569543e-07	-0.0002853647898668	-5.750459724549999e-05	8.143306329572292e-08	3.3067787043671646e-09	-0.0004120934196724	-0.0001609665541651	1.698209865372928e-07	2.591023155978607e-08	0.0	0.0	0.0	0.0	0.0	0.0	0.0	0.0	0.0
254.2295839453593	-0.505278064592602	0.2553059225584457	64632.68135303049	407.8028380241034	-0.970972884376124	166303.15470051309	0.94278834219369	260.43988243493794	-0.6037801233231903	67828.9323627243	0.3645504373201669	279.17882498960705	261.1972464370087	1.14575	23.219303	0.3005105408840944	0.2547300455792909	-0.0074504174	-0.1301435854	-0.0404716732	0.0445646294	-0.0901176793	-0.0632953867	-0.0582896591	0.1120499984	-0.031554687	-0.04832683	0.1010145672	0.0284174529	-0.0074819252	-0.0342392602	0.0516928292	-0.0553458144	-0.0493599937	-0.0035518241	-0.1238374756	-0.0740565914	0.0244585755	0.0142613674	0.019272787	0.0762204688	0.0281777315	0.1054628435	0.0650717619	0.0205106642	-0.0373658398	-0.0261470179	0.1385213263	0.0078201342	0.0530016926	0.1082190995	0.0057206668	-0.0023028931	0.0793731162	0.0496049994	0.015810546	-0.0525073971	-0.1129437088	0.060021665	-0.0501759218	0.0289612639	0.0794513726	-0.0063039157	0.1734745581	-0.0479947533	-0.0092856641	0.042372664	0.1058272595	-0.0697245361	0.0224182083	-0.0152856427	0.0466982954	-0.1336349498	-0.0097525179	0.0216436874	0.0490592071	0.0180711829	0.1117144944	-0.0440848489	0.0347367954	0.0283398335	0.0517483257	-0.0058407121	0.0051854763	0.0353554169	0.010345409	-0.0684859335	0.0457612138	-0.0972758053	0.0645167772	-0.0906367626	-0.1054731428	0.019322824	-0.0533239351	0.0108492796	0.0667983146	0.0493161614	0.0195505079	0.0899295911	-0.0822055022	-0.0110765657	0.0771390941	-0.0330105617	-0.0822894378	-0.1131460992	0.074236182	0.0744974972	-0.0058694365	-0.0136691045	0.0538939832	-0.0490601085	0.0940913475	-0.0322874575	-0.0380245886	0.1167235246	-0.0137945483	0.0884242003	-0.1452769813	-0.0684477848	-0.0057826288	-0.0420486479	0.0039088976	0.0567656432	-0.0056306129	0.0890943005	0.024525634	-0.0437897737	0.0346093012	0.0138638619	0.048689589	0.0488290061	0.0695228563	-0.2424466417	0.0536739827	-0.0124440385	-0.0920125839	-0.0475689156	0.1366937189	-0.0632290534	0.0366212109	0.0074618395	-0.0606378696	0.0593574481	-0.0184388135	-0.0711314514	0.1279033893	0.0699404801	-0.0214591972	0.1966638659	-0.0277554605	-0.1226829008	-0.0605715164	0.0696876812	-0.045389959	0.0040086731	0.0527000393	-0.0258931428	-0.048269325	-0.0909508872	0.0647762149	-0.0265832553	-0.0165418419	0.0565978402	0.0	-0.0172306451317609	0.0123313307344972	0.0001520617176835	0.0002968951316566	0.1931517047840572	0.255337162836895	0.0373075810609875	0.065197066725595	-0.0133023808392565	0.0196153228985522	0.0001769533359926	0.0003847608924144	-0.0008620464306027	-0.0002069876365498	7.431240485148557e-07	4.2843881684472106e-08	-0.0002278225285037	5.754226136309997e-05	5.19031044938192e-08	3.311111842779308e-09	-0.0004120980100425	-4.590370099983275e-09	1.6982476988098844e-07	2.1071497654820465e-17	0.0	0.0	0.0	0.0	0.0	0.0	0.0	0.0	0.0
253.6484006595658	-0.5811832857935144	0.3377740116857458	64337.51115715562	402.9547372584073	-4.848100765696074	162372.52027899207	23.50408103434286	259.7188186228186	-0.7210638121193256	67453.86474683255	0.5199330211480541	278.19877172620994	259.16728637881084	1.156043	23.4279	0.1884512977732214	0.1039039915823308	0.0038709172	-0.0626346794	0.1032689037	-0.0376173243	-0.0263567863	0.0977910433	-0.0729352023	-0.0105073353	-0.0183561153	-0.0543697963	-0.0917940427	0.0751849798	-0.022205675	0.0324130999	-0.0107814153	0.0801290573	0.0414632342	0.0194604705	0.0659708258	-0.0368234927	-0.1468107816	0.0888972805	0.0778892954	0.0062888322	-0.0163418348	0.0757597024	0.1190071262	0.1774306872	0.1223605009	-0.1194071918	0.1098355359	0.0252615638	0.04144342	0.0288781826	0.0427174736	0.0435891884	-0.0493049565	-0.0836791629	0.07521212	-0.0269232407	0.0168174511	0.0303114446	-0.1247060039	-0.0299817284	-0.0326019468	-0.1146184277	-0.0421577924	0.0212163293	0.0385634291	-0.0304636924	-0.1206690284	0.1232791906	-0.044951712	-0.067820011	0.0083879575	0.0252860587	-0.0369264621	0.1541416531	-0.2092546721	0.1007019001	-0.0440350049	0.0592247916	0.1154062815	-0.0339404198	0.0799304952	-0.0972158851	-0.0315495523	0.1951748085	-0.028744395	-0.0285281022	-0.0656128716	0.0479093813	0.0555545111	-0.117433678	0.0893398569	0.0663552281	-0.0640056879	-0.0820035746	0.127414988	-0.0882313477	-0.0469184079	0.0061847584	-0.0209710011	-0.0727058143	0.0531432684	-0.1050463623	0.1499533334	-0.0381460222	0.0462862854	0.0855309802	0.1003760635	-0.0868243466	-0.0582897037	0.033246247	-0.0053634203	0.0695268141	0.0928543313	0.0963728472	0.1323225778	0.0355355424	-0.1070345673	-0.097554935	0.0928677953	0.0189876801	-0.0186900085	0.0354853894	0.207512803	-0.0764090457	-0.1250348044	0.0154835876	-0.1042293318	0.0171840039	-0.0089938152	-0.0752186587	-0.0208591377	-0.0134779903	-0.009015766	-0.0317487767	0.0669317659	-0.0085667095	-0.0702627404	-0.0695340246	0.0656088863	-0.0799211907	-0.1045151292	0.0286710415	-0.0625795093	-0.036780755	-0.0446395968	0.0503107616	-0.078441307	0.100276271	0.0320376119	-0.0241945521	0.0213337367	-0.0453752119	0.0486231034	-0.1142262266	-0.0052943913	-0.0936140269	0.0276692015	-0.0916052369	0.0671593453	-0.031129725	-0.0102691896	0.0498968614	0.0	-0.0123507816342254	0.0048798634975355	2.3813067754579407e-05	0.0001525418069763	0.1380811693652361	-0.055070535418821	0.019066409333271	0.0030327638713156	0.0421567639305351	0.0554591447697916	0.0017771927450948	0.0030757167385967	-0.0017540003690488	-0.000891953938446	3.0765172946233264e-06	7.95581828309509e-07	-5.798852007465882e-05	0.000169834008429	3.362668460449109e-09	2.8843590419075634e-08	-1.3050875176176557e-05	0.0003990471348663	1.7032534286414148e-10	1.5923861584502174e-07	0.0	0.0	0.0	0.0	0.0	0.0	0.0	0.0	0.0
254.4012508283128	0.7528501687470168	0.5667833765824117	64719.99642301013	406.0889377534015	3.134200494994218	164908.22536568603	9.823212742822	260.02700781383544	0.3081891910168224	67614.04479261643	0.0949805774596034	279.31427188473606	264.52916956548427	1.09835	22.25872	0.1125529085983867	0.0649658128203469	0.082488265	0.0442323757	0.0761049269	0.0722399775	-0.0975401963	0.0254772155	-0.0582290045	-0.1411337274	-0.0803242809	-0.1531370847	-0.0367878592	0.0735136243	0.0330559233	0.0273765474	-0.008971616	0.0846273697	-0.1440453986	0.0478483193	0.107867293	-0.0054250752	-0.121315964	0.0383826283	0.0303992298	-0.0643405234	-0.0493776324	0.0098422092	0.014413413	0.0575893508	0.0904625396	0.0282214919	0.0003101655	0.0217497076	-0.0577006036	0.0317567806	0.0914942156	-0.0139326904	-0.0047199148	0.1379901043	-0.1123462452	-0.0635010383	-0.0428767935	0.0656198773	-0.1172502927	-0.0592385892	-0.0849486841	0.0337220795	-0.0351682911	0.0464543882	0.0994842664	-0.1325496469	-0.1013747188	-0.0883988006	0.0138437998	-0.0367355594	0.0160262497	-0.1116295719	-0.0738762987	-0.0347311061	-0.0205703011	-0.056143398	0.0507527364	-0.1164906807	0.0022852352	-0.0286182074	0.0902640231	-0.0382503005	-0.0817097323	0.0065950173	0.0469722149	-0.0631288403	0.0357851738	0.1317851631	0.003494248	-0.0705524192	0.1202299507	0.1131955776	-0.0375913773	-0.1105181078	0.0858005965	-0.0553289973	-0.1397189351	-0.0388254243	-0.0318065267	-0.0624922161	0.0657719116	-0.0094384113	-0.0109073339	0.011971782	0.0196617429	0.005591803	0.0783070146	-0.0062399394	0.0203482582	-0.0183774906	-0.0597428273	0.0789899742	0.0831651759	0.1131555302	0.0056526079	-0.0151150135	0.0099850549	0.0103222907	0.0342220485	-0.025657268	-0.0241698994	0.0154203169	-0.0377053285	0.1747513368	-0.0268629112	0.188639318	-0.0477492463	-0.1161979234	-0.0312316596	0.1112627736	-0.0079791955	-0.0487714446	-0.0738131026	0.0319548683	-0.0412569703	-0.0353782414	-0.0068804435	-0.0985719657	0.0781753357	0.0626647114	-0.0628410127	-0.1725594302	-0.1253275594	-0.0848323748	-0.0476065164	0.0835644021	-0.029534935	-0.0135076564	0.0457565889	-0.0370455388	-0.0113794069	-0.0942105513	-0.0877078687	0.0270376173	0.0602860051	-0.0350367355	0.113122677	-0.0922367566	0.0694755299	-0.0356063828	-0.0039556013	0.042885154	0.0	-0.0147931906259231	-0.0024424089916976	5.965361682725775e-06	0.0002188384888948	0.075147564225162	-0.0629336051400741	0.0056471564089748	0.0039606386559267	0.0306300649447734	-0.0115266989857617	0.000938200878521	0.0001328647895083	-0.0013360172682172	0.0004179831008315	1.78494214097455e-06	1.7470987258079937e-07	-0.000227907858147	-0.0001699193380723	5.1941991805153074e-08	2.8872581450942572e-08	-0.0001381523458893	-0.0001251014707131	1.9086070674716792e-08	1.5650377974586483e-08	0.0	0.0	0.0	0.0	0.0	0.0	0.0	0.0	0.0
254.45878098108903	0.0575301527762235	0.0033097184784556	64749.27121838184	407.1741434403186	1.0852056869170497	165790.7830863571	1.1776713829171055	259.71305037564395	-0.313957438191494	67450.86853542177	0.0985692729957657	278.69347475667723	264.5060530933985	1.032179	20.917715	0.0972583489555303	0.0519687193764149	0.081803436	0.0066425253	-0.0414697433	-0.0381425843	-0.1240213385	-0.0587513558	-0.0587257081	-0.0979724234	0.0438528795	-0.0855360885	-0.0261583985	-0.0878843673	-0.011703	-0.0557161051	-0.1049763809	0.0974958118	-0.0662274149	0.0645402573	0.050376344	0.0522954616	-0.0424321501	-0.0071361695	0.0129449377	-0.0088902368	0.1531994902	-0.0769981862	-0.0868236356	0.0023207092	-0.0048271409	-0.0051686398	-0.0339032393	0.0202086404	6.88261e-05	-0.0366215329	0.0712164443	0.0305844243	-0.0535753154	0.0370685923	-0.0300251286	-0.0580661936	-0.0776822317	-0.0458558241	-0.1576459029	0.0795114884	-0.0637083672	-0.2110656982	0.0610445308	0.0484988577	0.0313329493	0.0865099397	-0.0515893215	-0.0493045327	0.0997235374	-0.0377895665	-0.0335251077	-0.0165359396	0.052312988	-0.1360353229	-0.0100888025	-0.0135694598	-0.025664737	-0.0388618229	-0.0681515744	0.0749424909	0.0400297196	0.0382542623	0.1013204235	0.0222677013	0.0107645688	-0.1109288619	-0.0034417546	-0.0238046248	-0.0570491142	0.0063389908	0.0864900971	0.1904137125	0.1202752853	-0.0373283003	0.0899656	-0.0725669251	0.0688024497	-0.025151671	-0.1171800136	0.0689731849	-0.0655645942	0.0668918671	0.0496367323	-0.0330254834	-0.0115290853	-0.0528359642	-0.0088703189	-0.0464462297	0.030440949	0.0341202018	0.0496331336	0.0711955713	0.1915376818	0.0328347116	-0.0348032599	0.0093733348	-0.019382885	-0.092020116	0.0482474444	-0.0537300666	-0.0986650833	-0.0513773066	0.0454829777	0.1037489804	-0.0172349727	0.1200912883	-0.0666106872	-0.0520080103	0.1730828476	-0.1099008495	0.1526906708	0.0915860752	-0.0550090147	-0.003677338	-0.0227853761	-0.0536758662	-0.0035444445	-0.0679636217	-0.0091725648	-0.0491562716	-0.042721092	-0.0028977269	0.0764032116	-0.0259665995	-0.1785072903	0.1209055635	-0.1192413938	0.0192279117	0.0130383895	-0.0391255262	-0.0163796277	-0.1023428335	-0.0447769251	0.0479363274	0.0360801747	-0.0519475454	0.0135434036	-0.092845289	0.0717224597	-0.0400031891	0.0023737552	0.0356063828	0.0	-0.0145329048136346	0.0002602858122884	6.774870407868391e-08	0.0002112053223221	0.1188967522706008	0.0437491880454388	0.0141364377004966	0.0019139914546351	0.0014285394731103	-0.0292015254716631	2.040725026234253e-06	0.0008527290898721	-0.0017870108509616	-0.0004509935827443	3.1934077814545013e-06	2.0339521167662985e-07	-0.000227903172197	4.685950000016302e-09	5.193985589745543e-08	2.1958127402652785e-17	-0.0001082036220609	2.99487238284e-05	1.1708023827098088e-08	8.96926058949774e-10	0.0	0.0	0.0	0.0	0.0	0.0	0.0	0.0	0.0
254.87853692141127	0.4197559403222328	0.1761950494358019	64963.06858319921	409.3351724552658	2.161029014947246	167555.2834089822	4.670046403443865	259.9438835990067	0.2308332233627652	67570.82262053395	0.0532839770080442	278.989044583702	266.2298148909504	0.987458	20.011415	0.1130278255947312	0.0718287797205212	0.0841181847	-0.1062775222	-0.0334988501	-0.0126706496	-0.1107267369	-0.091298363	-0.1109959988	0.0202785055	0.0125926165	-0.1243513197	0.0528531421	-0.0577874357	-0.0327316789	-0.0837650001	-0.0042113731	0.0799285385	-0.0917718586	-0.010780639	-0.0058361048	-0.0551635161	-0.0963372045	0.1192385629	-0.0404896325	0.0057061992	0.0087977699	-0.0355174047	0.1419148719	0.0227657281	-0.0741626465	0.0040269541	-0.0293175504	0.1201403617	-0.0517338101	0.1026707098	0.0032882213	-0.0796463948	0.0567604907	0.030971673	0.0153792756	0.0856885765	0.0451249215	-0.1202762244	-0.0532959848	-0.0499671059	0.0267614162	0.0620783779	-0.0137267958	-0.0134421649	0.0151212879	0.0501407365	-0.0670681006	0.069419629	-0.0526995661	-0.1446933528	0.0475474267	0.0174601053	-0.0751614127	-0.1079413387	0.0892431401	-0.0234345167	-0.0850681375	-0.1441494319	-0.0658212231	0.0026575548	-0.2248136518	0.0332870882	0.0846471779	0.1066288358	-0.0067471343	-0.1531116877	0.0164889777	-0.0884477154	0.0029047771	-0.1047328176	0.1098013104	0.1205702492	0.028798582	-0.0068084303	-0.0593891956	-0.0572032922	-0.0972958405	0.0374575704	-0.0625807878	0.097162942	0.0283111621	0.135169759	0.0586852487	-0.0004252552	-0.0392716671	0.0602591627	0.0453942753	-0.0825119748	-0.0777968663	-0.0670950017	0.0586103632	-0.0314427266	-0.1381684991	-0.0105120299	0.0047710137	0.0469223706	-0.0357308954	0.0832171344	-0.042956915	-0.0493261178	-0.0252225332	0.0261279112	-0.0212772459	-0.0374326153	0.1175428771	0.0299239424	-0.0463873136	-0.148046155	-0.0218887104	-0.0661635764	0.0375359734	0.018230765	-0.039010429	-0.0393576346	-0.0368098664	-0.1381177564	-0.1066718786	0.0838285741	-0.0080701656	0.0872289451	-0.0978072062	0.088121611	-0.0195750513	-0.0138304647	-0.1264159586	0.1452361898	-0.059356259	0.0085846192	0.0341826203	-0.0881332548	-0.0130328208	-0.0657711972	-0.0840137642	0.0714888887	0.0156156465	-0.1282778665	0.0275411542	-0.0934306823	0.073897895	-0.0443102836	0.0086936492	0.0281058757	0.0	-0.0117255120356816	0.0028073927779529	7.881454209702659e-06	0.0001374876324989	0.1822791579750315	0.0633824057044307	0.0332256914320864	0.004017329352881	-0.0231458337889023	-0.0245743732620126	0.0005357296217834	0.0006038998212207	-0.001604979128903	0.0001820317220586	2.5759580042142325e-06	3.3135547835619414e-08	-0.0002281242339861	-2.210617891000241e-07	5.2040666131744906e-08	4.8868314600103535e-14	0.0001548166710981	0.000263020293159	2.3968201649897276e-08	6.91796746134463e-08	0.0	0.0	0.0	0.0	0.0	0.0	0.0	0.0	0.0
254.6600774733936	-0.2184594480176542	0.0477245304281781	64851.75505875484	405.56167547957705	-3.773496975688772	164480.27261780176	14.23927942553231	260.05572033260427	0.1118367335975563	67628.97767770968	0.0125074549817707	279.07375406930043	264.71665968762835	1.08021	21.891092	0.1203471259422447	0.0715404871607154	0.0937627651	-0.0879510527	0.1353702782	0.0092388909	-0.0737095511	0.0630006598	-0.1464433089	-0.0203159377	-0.072017945	-0.0146828214	-0.0835772548	-0.0337998473	0.0029899327	-0.1091814637	-0.0419354858	-0.0164564532	-0.0067769085	0.0496889763	0.0351956641	0.0017529487	0.0199277921	0.0023916636	-0.0239664054	-0.0437825582	0.02416911	0.018044282	0.1183647696	0.0104246143	-0.1348199948	-0.1610403054	-0.1301707463	-0.1340633495	0.0823884406	0.1254038156	0.0131930847	0.0659814426	0.0780287758	-0.0448745804	-0.0850705819	-0.0520719742	-0.0260801442	0.0551929158	0.0054872483	0.1196472366	0.095229573	0.0817987995	0.009128393	0.0232013056	0.1050263812	-0.1617293305	-0.0140184642	-0.0581542637	0.0967078701	-0.0153095237	-0.1103278518	0.1031516994	-0.0066507101	-0.0887141559	0.0320453443	0.0069606759	0.0976115292	-0.1329471846	0.0038669719	-0.0689227791	-0.0068536305	-0.1810117468	-0.0149737011	-0.0421916674	0.0151819632	-0.1283643006	-0.0746175464	0.0870121995	0.1035831674	-0.0239528176	-0.0474527117	0.0655794668	0.0447750345	-0.012188027	0.0589154451	0.0024157187	0.0226807048	-0.025886222	-0.027240933	-0.0378317345	0.0055401925	0.1550539991	0.0585394635	-0.0378875203	0.1843086672	-0.0252876864	-0.0319271983	-0.0111020841	0.0422287405	-0.1220767821	0.0503239887	0.0499370086	-0.1681897315	-0.0014577189	0.0186628214	-0.0106738614	0.0592787748	-0.0305029868	-0.0512455667	0.1247143676	0.0546548244	-0.0495405746	-0.0612066608	0.0992353923	-0.1110075467	0.1457073401	0.0165821896	0.040711567	0.1014746951	0.1016393972	-0.020277742	-0.0117504156	-0.0006435068	-0.0058687203	0.0229193815	-0.0966901917	0.1103828883	-0.1240632445	0.0328734236	-0.0431607834	-0.0041146341	-0.0165916114	-0.1357285068	-0.0712695126	-0.0737408536	0.0519603841	0.0061451035	-0.0126942734	0.0644583723	0.0316705829	0.0094060467	-0.0553448301	-0.0371464536	0.0847660661	-0.0587050333	-0.0986666429	-0.0191313639	-0.0939927908	0.0759996673	-0.0485180071	0.0149788877	0.0204303415	0.0	-0.0219790048139003	-0.0102534927782187	0.0001051341141529	0.0004830766526094	0.1113791998013056	-0.0708999581737259	0.0124053261483791	0.005026804069036	-0.0126232014719747	0.0105226323169276	0.000159345215402	0.0001107257908772	-0.0013810084251021	0.0002239707038008	1.9071842702029824e-06	5.0162876161070446e-08	-0.0003979829609346	-0.0001698587269485	1.583904371942714e-07	2.8851987120565083e-08	-2.477475161995191e-05	-0.000179591422718	6.137883178303098e-10	3.2253079113894015e-08	0.0	0.0	0.0	0.0	0.0	0.0	0.0	0.0	0.0
255.1865312935996	0.5264538202059725	0.2771536248094624	65120.16575365928	408.0432849620123	2.4816094824352604	166499.32240258998	6.158385623312601	260.38270499041164	0.3269846578073725	67799.15305812373	0.1069189664414045	279.46741726767226	267.34734727473545	1.030952	20.892855	0.0678638395337964	0.0334739821106497	0.1469775532	0.0150616791	0.0504453564	-0.0370225786	-0.1493537314	-0.0180824016	-0.1083902273	-0.1134102335	0.012165253	-0.0464961503	0.0208190921	0.024740477	0.0324694195	-0.1417093811	0.0479406697	-0.0441237632	-0.0273079394	0.031283909	0.0716564192	0.0168910565	-0.0149634049	0.0610182418	0.0128110725	-0.0024329267	0.0089354813	0.0090035275	0.0533613549	0.0775235811	-0.0842543015	-0.1191682842	-0.0447871311	-0.0170653353	0.0391732786	-0.046789431	0.0999222603	-0.0440865305	-0.1062535309	-0.0841161694	0.0093112661	0.0128659766	-0.0437213776	0.0765918259	0.0340151545	0.1897652438	-0.068944368	0.012799639	0.043853373	-0.065611189	-0.0023034277	0.1110760365	-0.0261978563	-0.0205122379	0.0461646309	-0.0460613453	-0.0793088791	-0.0127502742	0.1263807434	-0.0812821242	0.1135833315	0.0728420966	0.0105578853	0.1670929136	0.027777575	-0.1147613941	-0.1075283249	0.072195542	-0.1250731926	-0.0799404668	0.0453953017	-0.1535383819	-0.0406576113	0.0539171692	-0.0690312073	0.0021511025	0.0221151052	0.0187274654	0.0058580246	-0.0227376088	0.0591608075	0.0622919296	-0.0067838989	-0.0295819998	0.0052886701	0.0469661832	0.017706885	0.0644176516	0.0972187295	0.018490673	0.1346268696	-0.0039105629	0.0150505711	-0.0258160337	-0.019033893	0.021627234	0.0277374298	-0.0794721869	0.0590494516	0.0292955744	0.0224855704	0.0346809525	0.0094639665	-0.1236965884	-0.0344639825	0.1583041638	0.1106451285	-0.1044716344	-0.0341903305	-0.0756042312	0.0571676505	-0.0701680742	0.0843185978	-0.0172708309	0.0058033366	0.040212488	0.0338100808	0.1351776592	0.0176383777	0.0006992701	-0.018129033	-0.0980186973	-0.0192923926	-0.0566750384	-0.0130329613	-0.1163594213	0.0105380925	-0.0503405836	0.0072371839	-0.120343649	-0.0636295784	0.1186321827	-0.0075907176	0.0826968059	0.0402400932	-0.0783835435	0.1116847838	-0.0150763825	0.0284995794	0.0378199374	-0.0840507802	-0.0416487113	0.015122937	-0.0945314743	0.0780256814	-0.0526169234	0.0212044161	0.012627579	0.0	-0.0182506043380641	0.0037284004758362	1.3900970108215604e-05	0.0003330845587045	0.1203162029666202	0.0089370031653145	0.0144759886963049	7.987002557684307e-05	0.0161975591775984	0.0288207606495731	0.0002623609233118	0.0008306362444199	-0.0012029820682076	0.0001780263568945	1.4471658564290346e-06	3.16933837491279e-08	-0.0002280930243458	0.0001698899365888	5.2026427755213715e-08	2.8862590554146497e-08	0.0001548624597582	0.0001796372113781	2.3982381442360123e-08	3.2269527711718834e-08	0.0	0.0	0.0	0.0	0.0	0.0	0.0	0.0	0.0
255.4710829377674	0.2845516441678057	0.0809696381986015	65265.474217395626	407.784350719092	-0.2589342429203043	166288.07669139144	0.0670469421567111	260.5873053278987	0.2046003374870793	67905.7436980555	0.0418612980998267	279.522133392856	266.82175727655266	0.99699	20.204596	0.1794690088964135	0.1258641022389688	0.1293675992	-0.0484852252	-0.0297622358	-0.0842981265	-0.0877314698	-0.0738622124	-0.1203631824	-0.0707795738	0.0729231712	-0.0847162583	-0.0641733053	0.0105605497	0.0593473991	-0.0798270372	0.0724085384	-0.0004312437	0.0240637561	0.0288060116	0.0418956217	-0.126192288	-0.0556612012	0.0963980395	-0.0363701581	-0.0615257896	0.0679568144	0.1128888222	0.0574085507	-0.0275411069	0.0214065414	-0.0366504398	-0.0952135131	0.0495835505	0.017782045	0.0870853696	-0.0703123817	0.0653714991	-0.3178319901	0.1226057795	-0.1074693557	0.0794176689	-0.0269904557	-0.0252177123	0.0176610358	-0.0168922924	-0.0489274166	-0.0737980014	-0.0113819556	-0.0400597427	0.0343329468	-0.0900081164	0.0796164616	0.1292016225	-0.0051791886	0.0321800188	-0.0238804976	-0.0911132959	0.0113332336	-0.0790252033	-0.0210850496	-0.0333772634	0.0070036053	0.0023006883	0.0517924318	-0.1135509832	-0.074453088	-0.0097910477	0.0014645053	-0.0711643124	0.0768314487	-0.1126909544	-0.0900585323	-0.0417820883	-0.0648150231	-0.0986683009	0.0718041406	0.0772885849	-0.055319907	-0.0931679157	-0.0503669424	-0.0037964247	-0.0221230178	0.0175657053	0.0240913339	0.0028369323	0.0411903824	-0.0414522788	-0.0054201793	-0.001874014	0.1269996682	0.0444810335	-0.0106362203	0.0755766161	-0.0643891393	0.0277288044	-0.0548841731	0.0373881463	0.1012405164	-0.117365672	0.0542670081	-0.2603884309	0.0174087011	0.036849334	-0.0814153418	-0.0991279753	0.0683140606	0.0186840214	0.0416142891	0.0355319998	0.0331604572	-0.0475383366	0.093916004	-0.0176531176	0.0181168954	0.075798974	-0.0329326006	-0.0194641534	-0.0719458275	0.0505366128	0.0820237615	-0.1355210571	-0.079788833	-0.0094618	0.0089028379	0.088073341	-0.0340234005	0.0070412501	0.0228423096	-0.0633501206	-0.1413402424	0.0222591859	-0.0328381758	0.0412397869	-0.0524658029	-0.0823627044	0.1791264451	0.0175660229	0.0183809093	0.01694413	-0.0663368075	-0.0161302903	0.1150453807	-0.0950465986	0.0799739179	-0.0565978402	0.0273454174	0.0047461793	0.0	-0.021606789184247	-0.0033561848461828	1.1263976721747732e-05	0.0004668533388524	0.0120420201475468	-0.1082741828190734	0.0001450102492339	0.0117232986651381	-0.0080827402560288	-0.0242802994336272	6.533069004642851e-05	0.0005895329405865	-0.0020739820430485	-0.0008709999748409	4.30140151488763e-06	7.586409561728483e-07	-0.0002281606699723	-6.764562650001383e-08	5.20572913222088e-08	4.575930784579374e-15	0.000154763244275	-9.921548320000925e-08	2.395166177852332e-08	9.843712106611315e-15	0.0	0.0	0.0	0.0	0.0	0.0	0.0	0.0	0.0
255.9380229810692	0.466940043301804	0.2180330040386906	65504.2716074583	411.4776391563176	3.69328843722559	169313.84752565672	13.64037948054424	260.78799072751235	0.2006853996136328	68010.37610769307	0.0402746296180835	280.3761388733824	267.1100004085666	1.160257	23.513294	0.1286532693287896	0.068892601993335	0.105498269	-0.1561772172	-0.101972658	0.1113801294	-0.0453139364	-0.1572623793	-0.12071898	0.0495874526	-0.0294710073	-0.061120024	-0.0779520815	0.0357024073	0.1064885221	-0.0709575798	-0.0664073669	-0.1098638486	-0.0294916483	-0.0075393571	0.0018038023	-0.1426195297	0.0155289377	0.0573789291	0.0629765128	0.0434447274	0.0648783685	0.0220588721	0.0112352348	-0.0464102351	0.0126845965	0.1090884919	-0.0824995882	-0.0483407191	0.1149941618	-0.1245488135	0.1338343481	0.0609148087	-0.0690225317	0.0941289338	-0.1271251143	-0.0408391856	0.0494044187	-0.0992789365	-0.0150915025	-0.1035692551	0.0795220346	0.0640753469	-0.0224134919	0.0338406549	0.0902494942	-0.1488075287	0.115835414	0.0639137776	0.1336631522	0.0430284828	0.0476876805	0.0798686044	-0.1049050616	-0.0010487308	-0.0035972108	0.0071695069	-0.041417648	0.0671240171	0.034859764	0.0547415706	0.0755641729	0.0616934588	0.069670001	-0.0448072605	0.1358178269	-0.1252246629	0.0208298122	-0.0654704222	0.0665063657	-0.0708706736	-0.0419322733	0.1648650685	-0.0969351049	0.0207371236	-0.0242005768	-0.0433476726	-0.0208557826	-0.1791450143	0.0050491044	0.0084500534	-0.0409166022	0.0218454096	-0.1335551363	-0.0841514234	-0.0314020799	0.0728778811	-0.0844710877	0.0408111035	-0.025250147	0.1135018881	-0.0122372108	0.1160636134	0.0353823436	0.0287636563	0.0161439633	-0.0966066661	0.067578651	0.0732537321	-0.13731319	-0.0620051429	-0.0579421873	0.0299243864	-0.0986236605	-0.0332872416	-0.1054431022	0.0699772521	0.0169435383	0.1152149541	-0.1169926916	-0.008454049	-0.0299485047	0.0683936278	0.0143091872	0.1185998478	-0.0638405927	-0.1238785824	0.0345791358	-0.0581526264	0.0546413219	0.0717965223	-0.0068528283	0.0590603229	-0.06055538	-0.0521170818	-0.1590143134	-0.0850168072	-0.0680855937	0.0026782655	-0.0352738095	-0.0125290541	0.0686792302	0.0120420164	-0.0137128087	0.0377881012	0.0442994478	0.0156802347	0.1625117692	-0.0955380353	0.0818424346	-0.0604518297	0.0333774118	-0.0031647768	0.0	-0.0323031024507116	-0.0106963132664646	0.0001144111174943	0.0010434904279411	-0.0511696568662642	-0.063211677013811	0.0026183337838112	0.0039957161108983	-0.0183122340275829	-0.0102294937715541	0.0003353379150809	0.0001046425428222	-0.0016550392453717	0.0004189427976767	2.7391549037205264e-06	1.755130677252641e-07	-0.0002272393088336	9.213611386999996e-07	5.1637703479172246e-08	8.489063479065597e-13	-0.0003156883024487	-0.0004704515467237	9.965910430294189e-08	2.213246578147217e-07	0.0	0.0	0.0	0.0	0.0	0.0	0.0	0.0	0.0
254.93887411927744	-0.9991488617917526	0.9982984480197546	64993.82953720479	406.6453728225996	-4.832266333717996	165360.45923803104	23.35079791998436	259.9737196381207	-0.8142710893916387	67586.33490248019	0.6630374070190461	278.8320569251149	264.53109092296023	1.176855	23.849669	0.2600188718725179	0.2396165422595716	0.0931990262	-0.1583374665	0.084622657	0.0559510861	-0.0503727667	0.0221917755	-0.2098742164	0.1051072673	-0.041208681	-0.0243926897	0.0573211518	0.0531931906	-0.0407864239	-0.1098036999	-0.0384004468	-0.0262447043	-0.0419881697	0.0064144593	0.0148344288	-0.1135698503	0.0644402867	0.1146523172	0.0328776761	0.1977783207	-0.0625492422	-0.0963512308	-0.0127699041	0.1476618613	-0.0334917851	-0.0409984704	-0.1124529753	-0.0738394126	0.0199603058	0.0128157011	0.0621983346	-0.0822048127	0.0463327757	-0.0324333638	0.0018435508	0.0334992989	-0.0257290178	-0.0049983917	0.1023078685	-0.0352541204	-0.0531988643	0.1003645168	-0.0363016047	0.0975522946	-0.1636698597	-0.0824842446	0.0395671403	-0.1011461178	-0.0540904131	-0.0355787114	-0.0619526236	0.0225937372	-0.0226027236	0.1174248154	0.0235727469	0.045965232	0.0301414335	0.0522206207	0.0745971922	0.0062427691	-0.0287304169	0.016791257	0.1341038245	0.0292857388	-0.0232310631	-0.1580947402	-0.0176019069	-0.0084302757	0.1512297553	-0.0969518081	-0.0604534129	0.0567338064	-0.0374330429	-0.0022064501	0.0065332146	-0.0434707009	0.0923251934	-0.1078618101	-0.081500497	0.0631132336	0.1296191112	0.0661757891	0.0393699876	-0.0357933511	-0.142658636	-0.026511058	-0.0404574189	-0.1295994703	-0.0249454329	0.0730625296	0.0261659516	-0.1400771926	-0.0765591409	0.0221731018	-0.0530064147	0.0307499193	-0.0070244583	-0.0395672529	-0.0303814851	-0.047693066	0.0463598741	-0.1127747944	-0.0771805982	-0.0408500754	0.1409188819	-0.0996098627	-0.0021098593	0.0521673914	-0.0109575295	0.1166806815	-0.1159761539	-0.0164213427	-0.0256104717	-0.0423168336	-0.0443808853	-0.1437231719	0.0290366762	-0.0381431219	0.0295086389	-0.0598610343	-0.0069386073	0.0982096591	-0.0608618146	-0.052193837	-0.1115105913	0.0328151387	-0.0536711813	0.024384792	0.0247392785	-0.0037343685	-0.0160045653	0.0439974601	-0.0182339298	-0.0936045481	-0.0143906497	-0.1100904968	-0.0996242046	-0.0960056619	0.083629369	-0.064170249	0.0392763541	-0.0110560246	0.0	-0.0243973950901761	0.0079057073605354	6.250020887042516e-05	0.0005952328871861	0.1876208592408943	0.2387905161071585	0.0352015868222914	0.0570209105827231	-0.012768957415524	0.0055432766120589	0.0001630462734794	3.072791559779922e-05	-0.0015695297047449	8.550954062679994e-05	2.463423494076613e-06	7.311881538206351e-09	-0.0002273076915619	-6.838272829999374e-08	5.166878664319986e-08	4.676197529750765e-15	-0.0002456787899485	7.00095125002e-05	6.035806783055918e-08	4.901331840515659e-09	0.0	0.0	0.0	0.0	0.0	0.0	0.0	0.0	0.0
254.3499119304256	-0.5889621888518377	0.3468764598971477	64693.87769901526	406.10846531766015	-0.5369075049394496	164924.08560266517	0.2882696688603051	259.5010499883089	-0.4726696498117917	67340.79494503481	0.2234165978532018	278.304417048024	264.02493317201294	1.02567	20.785816	0.0482340423434957	0.0265863480979007	0.0708675712	-0.0806390881	0.095154624	-0.0317940169	-0.0413110899	0.0539591172	-0.1223221318	0.0082246568	0.0332206489	0.0070684332	0.0418286639	0.1098089476	-0.0656262319	-0.1138938274	-0.0932745199	0.1099246081	-0.038884612	-0.0122845847	0.0772555536	-0.0708392236	0.0056509224	0.1383144826	0.0576783295	0.0256093223	-0.0663737308	-0.1373423336	0.0965691034	0.0876574329	-0.059798133	0.0558984947	-0.1403719015	-0.0064676354	0.025657412	-0.0155318757	0.0216093841	0.0756198534	-0.0626471542	0.0040020664	-0.0178293068	0.0778744144	-0.0020085023	0.0617192912	0.1021135713	-0.0418940415	-0.1214859171	-0.0584251671	0.0782415428	0.1073041337	-0.0859495329	0.0631424613	0.081562781	-0.0082258878	-0.0087542302	-0.0055939323	-0.0068057639	-0.0245531455	-0.0401310575	-0.036907333	0.09830739	-0.0343044523	-0.0563270215	0.0209131849	-0.0252776567	-0.0647786707	0.0684619858	0.035647626	-0.0926785531	-0.0555824966	-0.0584429648	-0.1166113095	-0.0279850217	0.0146689601	0.0427379047	0.0263181233	0.133319544	-0.0276670091	0.0124429685	0.0197901692	0.0181833329	-0.07920651	0.0325841081	-0.2148869609	0.0514547228	0.1009671653	0.0475865731	0.0589773469	0.1339478101	-0.0210254861	-0.0533092468	0.0185142744	0.0089703134	0.0215845025	-0.0461036038	0.0743660755	-0.0532512344	-0.10159202	-0.0270922976	0.0481624707	-0.06536532	-0.0443794747	0.1335557756	-0.1660798204	-0.0167806124	-0.0594331328	0.0468643602	0.0063735855	-0.0225144123	0.0374061857	0.0523971983	-0.0733494297	0.0101679654	-0.034178304	0.0546848261	-0.0037827573	-0.0056202694	-0.0610155413	-0.0080254402	-0.0719929494	0.0063273239	-0.0974344288	-0.1132277492	0.0258112258	0.0499350433	-0.0859688365	0.0183082082	0.0654989983	-0.0690822614	-0.0420695976	-0.0127793059	0.009474505	-0.0557008928	0.0139316631	0.1603168125	0.0589895742	-0.0977325303	-0.0430479874	-0.0285694538	0.0604592681	-0.0340586919	-0.0407020537	0.0350645836	-0.0964493619	0.0853329399	-0.067744759	0.0450187293	-0.0188784218	0.0	-0.023631184586037	0.0007662105041391	5.870785366530965e-07	0.0005584328849393	0.1832932462919529	-0.0043276129489414	0.0335964141362425	1.872823383584533e-05	0.0032041816367112	0.0159731390522352	1.0266779961037264e-05	0.000255141171182	-0.0018705343324419	-0.0003010046276969	3.4988986888438646e-06	9.060378589500956e-08	-0.0003978379848215	-0.0001705302932596	1.582750621668321e-07	2.9080580919205183e-08	-0.0001738721141415	7.180667580699998e-05	3.0231512076034805e-08	5.1561986904515966e-09	0.0	0.0	0.0	0.0	0.0	0.0	0.0	0.0	0.0
254.38044879814967	0.0305368677240664	0.0009325002903971	64709.412730748045	406.6329639842675	0.5244986666073714	165350.3673986306	0.2750988512729105	259.44227012812587	-0.0587798601830513	67310.29152923543	0.003455071963139	278.43995133316355	265.8838970535048	1.065208	21.58708	0.0981077834101047	0.0720389985580989	0.1068582926	0.0717210833	0.1039508852	-0.010287318	0.0455823808	0.0631684808	-0.0449783335	-0.092937144	-0.0096678802	0.0074221071	-0.0077379473	-0.0028615062	-0.0497561811	-0.0414129467	-0.1107678073	0.0586471931	-0.0516134067	0.0861192103	0.1773835521	0.0442272829	0.0099955628	-0.00595446	-0.0746026652	-0.0407027857	-0.0006249309	0.0281876254	0.0703619281	0.0109550378	0.049175459	0.1637276428	-0.0132176842	-0.0968085024	0.1027154086	0.1000623258	-0.0794584816	0.0556582687	0.0115399878	-0.1220606141	0.0194247954	0.0381273405	0.1159131551	-0.058187622	-0.0566948051	-0.0546160461	-0.0984838794	-0.0552733208	0.0841867782	0.0757729634	-0.0328919162	-0.1394337315	-0.0949985473	-0.0890116106	0.035815345	-0.0283093518	0.0126159752	0.0633564595	-0.1196128596	0.0070927566	0.0757706467	0.047224128	-0.0880967691	0.1343550652	0.0363204512	-0.0561436646	-0.0206152836	-0.0531003672	-0.0612712475	-0.0476815648	-0.0426863234	-0.0535956021	-0.0259647325	0.1244353862	0.018501794	0.0955203482	0.1011200999	0.0656475054	0.0856228643	-0.0571673115	-0.1262436394	-0.0927020464	-0.0404818012	-0.1321446478	-0.0311047215	-0.0567848171	0.051500076	-0.018228811	-0.0539015752	0.0132711059	0.021839954	-0.0212446051	0.0172254212	0.1344840385	-0.0063873257	-0.0213147905	0.0073165581	-0.1250091572	-0.1008405345	-0.007823945	0.1128647925	0.0400930381	0.0456140727	0.0034362357	0.0633950786	-0.0920245202	-0.0257399501	0.008983311	0.0217527275	-0.0151902306	0.0413289542	0.0702196708	-0.0626401825	0.1602553121	0.0676420996	0.0247592471	-0.0508774958	0.0337015653	-0.1086933524	-0.0257550273	0.0350528058	-0.0660407714	-0.0040623285	-0.014235743	0.0017458274	0.0442623296	0.0403081224	-0.1348345685	-0.0701589636	0.0083012154	-0.1153842991	-0.0160063503	0.1196943783	-0.0794448301	0.0896537898	0.0667170257	-0.0276080424	0.0109957694	0.0066704281	0.0552070467	-0.0600574718	-0.0236016389	0.0477538641	-0.0968690246	0.086951449	-0.0711673436	0.0505816467	-0.0265832553	0.0	-0.0295622087067641	-0.0059310241207271	3.517704712064669e-05	0.0008739241836222	0.1126616106379003	-0.0706316356540526	0.0126926385115258	0.0049888279551668	-0.0016374988991216	-0.0048416805358328	2.6814026446244515e-06	2.344187041106219e-05	-0.0018330098004755	3.752453196640012e-05	3.359924928639232e-06	1.4080904992973843e-09	-0.000227956882395	0.0001698811024265	5.1964340231247867e-08	2.8859588961642993e-08	-4.7208886544555947e-05	0.0001266632275969	2.2286789687767553e-09	1.6043573225275252e-08	0.0	0.0	0.0	0.0	0.0	0.0	0.0	0.0	0.0
254.53367434911533	0.1532255509656579	0.0234780694687294	64787.39137766149	407.95408745981615	1.3211234755486316	166426.53747517132	1.745367237645696	260.13462875874586	0.6923586306199923	67670.02507945053	0.4793604733939908	278.8939592411751	264.3773694586894	1.105741	22.408491	0.0765050103387572	0.0476160406899815	0.0605865184	-0.0237176409	-0.0903798168	-0.0474645704	0.0694562293	-0.0563774993	-0.0152072033	0.005586409	0.0901637577	0.0284980424	0.022924731	-0.0878929832	-0.0067401587	-0.0526115494	-0.024458647	0.0660839446	0.0126021121	0.0184271489	0.0304137358	0.0320233159	0.0355855503	-0.0525343835	0.0180306168	0.0541310498	0.176529588	0.0044854963	-0.1715821928	-0.0793356989	0.0075105306	0.1682183552	-0.0223852926	-0.0036418818	0.0232175365	-0.0760727621	-0.0434008412	0.0110391475	-0.0317161733	-0.0702574276	0.0718849678	0.0046748499	-0.0322813635	-0.0265394504	-0.0027239575	0.0150377304	-0.0469005306	-0.0399760704	-0.0205567304	0.0170211155	0.066647916	-0.0051546207	-0.1534170248	-0.0663646279	-0.0713167338	-0.0592359905	-0.2047329768	-0.0561781406	0.0479853529	-0.0390485144	0.0534868623	0.0393517728	0.1655206752	-0.0680760067	0.0298841906	0.1176336035	0.0727067519	-0.002773237	-0.0157540202	0.1529323214	-0.0049864518	-0.0318335459	-0.0169968437	-0.0618980773	-0.0615341739	0.0687964159	0.047032724	0.0129400991	0.1672673479	0.0259911857	0.0139765714	0.0135337357	0.1329284282	-0.0403094481	0.0792767021	-0.0393896013	-0.1113807731	-0.0968931926	-0.0562306888	-0.0520426882	-0.0211268031	-0.1473881689	-0.1057505399	0.0545248021	0.0204765787	0.0208498165	0.0190879682	-0.0988801653	0.0228014587	-0.0047415435	0.1039561062	-0.0227619772	0.0635158473	0.0519265857	0.081093885	-0.0505522997	-0.1302179121	-0.0144197514	0.0456485081	0.1798008278	-0.0079587084	0.0357647771	-0.1201729027	-0.0370034229	-0.0755419286	-0.0660348105	-0.1178363452	0.1604524224	-0.0031765909	-0.0042717468	0.0062758273	-0.0450989457	0.0309472506	-0.0786117572	-0.0548966598	-0.0406758074	0.0870671592	0.0331239442	0.1028247132	0.0668558452	-0.0777111417	-0.0540902849	0.0871943406	-0.0122443547	0.0592571007	0.0212159864	-0.0017491983	-0.0357432215	-0.0164585183	0.1300773966	0.0167031817	0.0174877656	0.0061651208	-0.0972645456	0.088483283	-0.0744303271	0.0559429307	-0.0341225436	0.0	-0.0296592982484895	-9.708954172539876e-05	9.426379112447951e-09	0.0008796739725928	0.0679950487840557	-0.0446665618538446	0.0046233266591461	0.0019951017478433	-0.0126314721449816	-0.01099397324586	0.0001595540885494	0.0001208674477306	-0.0018780551274721	-4.50453269966e-05	3.5270910618242454e-06	2.029081484230621e-09	-0.000358231100219	-0.000130274217824	1.2832952116411522e-07	1.6971371829655004e-08	-0.0002868370556705	-0.0002396281691259	8.227549650572152e-08	5.7421659438652056e-08	0.0	0.0	0.0	0.0	0.0	0.0	0.0	0.0	0.0
254.777861396706	0.2441870475906569	0.0596273142110417	64911.75865787912	408.1959488046994	0.2418613448832616	166623.93262056878	0.05849691014874	260.41491871458686	0.280289955840999	67815.92988912488	0.0785624593453491	278.9970613671301	264.1185355498749	0.967848	19.614016	0.1276101259967149	0.0734346087358747	0.0686567586	-0.1086448289	0.0029585995	0.0122383134	0.1195071305	-0.0186181056	-0.1176752434	0.0901072794	-0.0143282158	0.0855836924	-0.0419381008	-0.0859106377	0.0354041978	-0.0500461329	-0.005442976	0.1488967632	0.0236778663	-0.0069672815	0.0381777588	-0.065205908	0.0569031532	-0.0797366954	-0.0247822321	0.0251234072	0.1967454063	-0.0380955796	-0.0458736411	0.0590197612	-0.0114939227	-0.0261728488	0.0539466024	-0.0726709028	-0.0629280184	0.1289482704	-0.0024939262	-0.065307791	0.0340109577	0.0208282344	0.0321306754	0.0293054854	0.0696863	0.0109167991	-0.0234111808	0.1082860307	0.1882712442	0.0085621086	-0.0365883235	-0.0342430982	0.0544315545	0.1329418805	-0.0370708515	-0.0069994609	-0.0140592972	-0.0330624404	-0.0219388954	-0.0083541346	-0.0625054821	0.0158703879	-0.0588660452	0.0259783621	-0.0628006209	0.0267667016	-0.0454857543	0.1093639589	-0.0131232565	-0.0385986099	0.0236641387	0.0185964356	0.0308400297	-0.0303109133	-0.0318937207	-0.0333869004	0.0751625044	-0.0599374573	0.1093185699	-0.0558670959	0.1002694869	0.0178234432	-0.046818572	0.0285827703	0.1755661685	0.0800800662	0.0437461328	-0.080313939	-0.0599758702	-0.003029728	0.0101855743	0.0006578151	-0.0072109608	-0.1393776715	0.0526454528	0.0297723767	0.0007528282	-0.0960614446	-0.0172702223	-0.092017193	0.0423759129	0.0112948198	0.0354142332	0.0896620544	-0.0358732593	0.056363361	-0.1346298437	0.0862742815	-0.0500310231	-0.0420800244	0.013676959	0.0623719378	-0.0799974746	-0.014458839	0.1215629252	-0.0724274963	-0.0433657687	-0.123724738	0.0248102705	-0.1268599678	0.0439838968	0.0271505602	0.030464612	-0.0646455391	-0.1092599349	-0.0619770064	-0.005438947	-0.0466762187	0.0505905829	0.1106391424	0.0009245012	0.0124395423	0.0497219434	-0.076448848	0.1177655388	-0.0300439793	0.0016356392	0.029674715	0.0895482855	-0.0320907046	-0.0092192933	0.0954106267	-0.0280845346	-0.0505064254	-0.0042545952	-0.0976358263	0.0899269149	-0.077526392	0.0610812099	-0.0414493366	0.0	-0.0271360848379771	0.0025232134105124	6.366605914989626e-06	0.0007363671003338	0.0131327530032621	-0.0548622957807936	0.0001724692014446	0.0030098714983392	0.0284041204770773	0.0410355926220589	0.0008067940600763	0.0016839198618435	-0.0018659858966379	1.206923083420003e-05	3.481903366451547e-06	1.4566633292920476e-10	-0.0002281445063614	0.0001300865938576	5.2049915782886886e-08	1.692252190147218e-08	0.0001547876033047	0.0004416246589752	2.3959202136813173e-08	1.950323394149617e-07	0.0	0.0	0.0	0.0	0.0	0.0	0.0	0.0	0.0
254.8412098203044	0.0633484235984269	0.0040130227724057	64944.04222267642	409.3419258849426	1.145977080243199	167560.81228719384	1.3132634684427271	260.4232908540078	0.0083721394209419	67820.29041923114	7.009271848369019e-05	279.63557259524964	267.8707409347435	1.069383	21.671682	0.2323096325426016	0.1607920862997633	0.1247019517	0.0152105932	0.0796267437	0.073917495	0.1020638704	0.0277426438	-0.0421545591	-0.0590142526	-0.1194607728	0.0791583999	0.0464843092	-0.0199041444	-0.0162963736	-0.0446406669	0.064999684	-0.0183526332	-0.1139465972	0.067949593	0.0682347091	0.0329095565	0.07214763	-0.0443901874	0.0635400076	0.0169430898	0.0410832061	-0.036560936	-0.0004981719	-0.1417355411	-0.0591559383	-0.0327469393	-0.0538082192	-0.0295302545	-0.0568276494	0.0110428966	-0.0090483403	-0.000268976	0.0789290714	-0.0837142052	-0.0100997565	-0.0333213579	-0.0374066687	-0.1230237703	0.1653998332	0.0217619341	0.0650131613	0.0976498737	-0.0464843717	-0.0036548333	0.038687163	0.1097921709	-0.0437766167	0.0602242728	-0.04239582	-0.0312475456	0.0270923152	-0.0813747341	-0.0175144493	0.0730620947	-0.1360191548	-0.0409336471	0.0521957952	0.0373539996	-0.0999060088	0.0491089696	0.0436496344	-0.0289813258	-0.0858288426	-0.1703083715	-0.0095198665	-0.0604153286	0.098094924	0.1094387877	0.0005164034	0.0145042983	-0.030253142	-0.090871709	0.0769791171	-0.0427057379	-0.0659448236	0.0283950692	0.0218022963	-0.0647029469	0.0454809891	0.0439029815	-0.0732221056	0.0346547299	0.063425771	-0.0144259039	0.0138358764	0.031457815	-0.1276580695	-0.0414280017	0.1022283966	-0.1009928889	-0.0262926006	0.0206071062	-0.1009914355	-0.0473247387	-0.0217345759	-0.0660605561	0.019617382	0.106477844	0.0948025164	0.0726693237	-0.140721278	-0.0780610154	0.0017631	-0.0036487869	-0.0211730356	-0.0282281299	0.0324417592	0.0601448361	-0.154540948	-0.0839723471	-0.042949471	-0.0313435908	0.0635318769	-0.0418518849	-0.1013873223	-0.0974838633	-0.0408177502	0.0976520323	-0.1149168025	-0.041529183	0.0674386302	-0.0010682543	-0.1100967977	0.0019478741	0.0325329276	-0.0402332693	0.1093982141	0.0049323825	0.1130651175	0.0513138549	0.0559302792	-0.0455394206	0.0386076203	0.1340126944	-0.0124689342	-0.0107528816	-0.0553649461	-0.097982774	0.0912809058	-0.0804485949	0.0659760014	-0.0485180071	0.0	-0.0226527583710662	0.0044833264669108	2.010021620890376e-05	0.0005131474618179	0.150946214687508	0.1378134616842458	0.0227847597284872	0.0189925502213951	-0.0399794727540125	-0.0683835932310898	0.0015983582416888	0.0046763158231951	-0.0014334834550211	0.0004325024416167	2.0548748158192298e-06	1.8705836200449345e-07	-0.0002281109137185	3.359264290000996e-08	5.203458895748895e-08	1.1284656570075896e-15	0.0001548365922521	4.898894740001524e-08	2.397437030024308e-08	2.3999169673614598e-15	0.0	0.0	0.0	0.0	0.0	0.0	0.0	0.0	0.0
254.55693700580568	-0.2842728144987347	0.080811033063032	64799.23417777772	404.23286508764113	-5.109060797301481	163404.20921696306	26.10250223052285	259.99274792095014	-0.4305429330576658	67596.22897148672	0.1853672172058977	278.4729748465551	265.69716006457355	1.190681	24.129868	0.080341040958789	0.0495755020461237	0.1071157172	0.0284408055	0.0850081069	-0.1275782311	0.1481922449	0.1108600848	-0.0583779499	-0.0837169269	0.1257988014	0.113557998	0.0252878063	-0.1447537247	-0.0662341224	0.0647657933	0.0907059749	-0.1619473473	0.1406433356	0.0807235552	0.1375098287	0.0304997569	-0.0510206207	-0.0606036759	0.0385698675	-0.0275447599	0.0089408933	0.0179631904	0.0818778999	-0.0804101638	-0.0151740696	-0.0501892924	-0.0567826116	0.0079618775	0.0778305115	0.0034108514	0.0544671251	-0.0038198034	0.0544027338	0.0552594999	0.0630820192	0.0414222344	-0.0525531727	0.1871750337	0.0220991641	-0.0864680309	-0.1304124523	0.0055979735	0.0792924481	0.0463706489	0.0421605489	0.0049339763	0.0961238667	0.0559391037	-0.1085320538	-0.0879665836	-0.0245249346	0.0441424896	0.0239842895	0.0659585106	0.0310839875	0.0560053017	-0.0016295319	-0.0978755943	-0.1105583443	-0.0076425415	0.0298106559	0.14309797	-0.1097014411	0.0263552333	-0.0762559476	0.0331652015	-0.1137380656	0.1274761401	-0.0942516221	-0.0554338942	-0.1761127211	0.048069782	0.0695062622	-0.0141457215	-0.0847094412	-0.0389270057	-0.0279018851	0.023162099	0.064744835	0.1247061802	-0.0719763231	-0.0585783059	0.0012318609	-0.0344992462	0.0587832313	0.0103438306	-0.0734940681	-0.0213519024	-0.0383689343	-0.0699399759	-0.0298607564	-0.0612513917	0.050695954	-0.0007494117	-0.0161711531	0.0430731894	0.008373462	-0.1316774221	0.0545473261	0.0508540558	0.0408533944	0.1761551485	-0.0763859999	0.0510977466	-0.1229469559	-0.0430837629	-0.0006776641	-0.0056321509	-0.0343093335	0.0001297493	-0.0610798306	0.0009555809	0.013057716	-0.0841426587	0.1246454572	-0.0871396388	0.0658814761	0.1631040893	-0.1533809934	-0.0367496045	0.0629089908	-0.0461078613	-0.0573559464	0.0419303488	-0.0711565477	-0.0376339171	0.0791433058	0.0455523154	0.0126195429	-0.0243565903	0.0842444026	-0.0170299707	-0.0316109691	-0.0094988167	0.0835900756	0.0776398648	0.066628464	-0.0983053023	0.0925439058	-0.0831903826	0.0706077933	-0.0552845357	0.0	-0.0295657556497133	-0.006912997278647	4.77895313745822e-05	0.0008741339071385	0.1924375565972411	0.0414913419097331	0.0370322131891163	0.0017215314534703	-0.0678405837012263	-0.0278611109472137	0.004602344796923	0.0007762415032129	-0.0015149796463686	-8.149619134750004e-05	2.2951633289111284e-06	6.6416292041483415e-09	-0.0002281169627542	-6.049035700019922e-09	5.203734869620107e-08	3.659083290011551e-17	0.0001548270161714	-9.576080699995153e-09	2.397140493653896e-08	9.170132157281966e-17	0.0	0.0	0.0	0.0	0.0	0.0	0.0	0.0	0.0
254.9963279268105	0.439390921004815	0.1930643814614596	65023.12725615747	415.7781390124147	11.545273924773596	172871.46088062687	133.29334999805712	261.05387134068286	1.0611234197327235	68149.1237419578	1.1259829119052698	280.44458246265066	269.38697083230585	1.528906	30.984194	0.4506193949312064	0.3750904973241105	0.1020343972	0.0611612874	-0.1307824622	0.060202174	0.0970671469	-0.1489897275	-0.0081704945	-0.014869939	-0.0070110442	0.2047940558	0.0462328441	0.045086568	0.143084057	0.097436491	0.0038984909	-0.0836877955	-0.0236761579	-0.2216604175	-0.0062376596	-0.0202720322	-0.0780969663	-0.0804768674	-0.1163099571	0.0802979557	0.0608870139	-0.1203279257	-0.0287518046	-0.0573099275	0.1414615622	0.0404930337	0.0641036362	-0.1376307447	0.1653577365	-0.1163141446	-0.0316652299	-0.0806439308	0.0470757073	-0.112443166	-0.1614368338	-0.0501995345	0.0072439492	0.0244857535	-0.009359374	0.0856395775	-0.0853861656	0.0327564853	-0.0197180249	-0.0392169917	0.0254259269	-0.027033621	-0.0536259458	0.0457540084	-0.0756919672	0.0523706474	0.0451147017	-0.0026668595	-0.0433069539	-0.0988129172	-0.041804456	-0.0280918282	0.0218277252	-0.0563332715	0.0013769759	0.0057107114	0.142825446	-0.0373635421	0.0639765891	-0.0339473352	0.1411484806	0.0890357873	0.0340449527	0.0200481764	-0.0993780971	-0.0202255382	-0.0378019764	-0.0474115973	-0.0916309484	0.2093623433	-0.1022420451	-0.1789113922	0.0928855948	-0.000527383	0.0086810421	0.0105156386	-0.0094126541	-0.0555298183	0.0057714265	-0.0054095904	-0.0467541447	-0.1711513855	0.0081310773	0.0003405625	0.2164649186	0.1270465218	0.1190874349	-0.0253107875	-0.0106738221	0.0991547072	0.0696744045	-0.1023078325	-0.1095256961	-0.0245422613	0.0355561155	-0.0111665721	0.0521332281	-0.0938463772	-0.1071748564	0.041719914	-0.0929575318	0.0708411507	-0.0372347134	-0.0007124311	-0.0489902338	0.0100452454	0.0393499033	0.0173963153	-0.0269792831	0.1552763053	-0.0216617611	-0.0156451959	0.0349537068	0.0804849602	0.0314784069	0.0303141536	0.1465645789	-0.052078439	0.0561613846	-0.0540461831	0.0559696278	-0.3075318241	-0.1482137673	-0.070530437	-0.0632855894	0.0801143168	0.0725386977	-0.0502692445	-0.1426995139	0.0514620895	-0.0355115533	-0.0783333599	-0.0552497381	-0.098603331	0.0937146561	-0.0857456062	0.0749581217	-0.0617067844	0.0	-0.0143711474795509	0.0151946081701624	0.0002308761174447	0.000206529879879	-0.1775136534705126	-0.3699512100677536	0.0315110971684492	0.1368638978305952	-0.0350847938946259	0.0327557898066004	0.0012309427626283	0.0010729417658541	-0.0018430240399003	-0.0003280443935317	3.396737611650423e-06	1.076131241275809e-07	-0.0002278424696302	2.744931239999989e-07	5.191219096718862e-08	7.534647512327875e-14	-0.0001712098349067	-0.0003260368510781	2.931280756877947e-08	1.0630002826092317e-07	0.0	0.0	0.0	0.0	0.0	0.0	0.0	0.0	1.0
253.8340700939212	-1.1622578328892814	1.3508432701124888	64431.73514044571	407.33491504117376	-8.443223971240968	165921.73301160024	71.2880310285381	260.135164614639	-0.9187067260438652	67670.30386908533	0.8440220484782377	278.9011668628739	259.2959399267368	1.43477	29.076477	0.4256851481661801	0.390503678654336	-0.04578213	-0.0796211878	-0.0888426158	0.0308071094	0.0571981745	-0.0120691295	0.0539795586	0.0665936042	0.0152916967	0.0399992972	0.1605007276	-0.025030279	-0.0722425675	0.061284646	0.0832326031	-0.0834124834	-0.0355679717	-0.0309085298	-0.1163966998	0.0355236016	-0.0776494966	0.0013925748	-0.0286024406	0.0033410929	0.0287221417	0.0084037252	0.0090166866	-0.1120570254	-0.1705821524	0.1038119802	-0.0083329091	-0.0387439107	-0.088277412	-0.0842416761	0.1120465216	-0.0291836157	0.0524440997	0.1673226597	0.0332996357	0.0660308065	0.0916114001	0.0850104504	0.0413859329	-0.0903512063	-0.0224576967	0.1407786185	0.0288549995	-0.0216956751	-0.1048463208	-0.1334262602	-0.2346746625	0.0417220889	-0.0143530153	0.0233085247	0.1225964723	0.0955881631	-0.0776280063	-0.0382296514	0.0357754044	-0.000439369	-0.0346574809	0.1253386186	0.0309310271	0.0649925686	0.0412538608	0.051525345	-0.0426495251	0.0554622022	-0.0653959349	0.0248173067	0.1062518295	-0.1114070099	-0.0585037218	-0.0427362617	-0.1467514032	0.0027469076	0.0557303842	0.0783372212	0.0008459834	-0.1276527699	-0.0911112286	-0.1113780913	0.0577850297	0.0776953677	-0.032724655	-0.074847473	0.0160681922	-0.0291772838	-0.0044943646	0.0578378141	-0.0887292766	0.0071062062	-0.1334132597	-0.1990614609	-0.0003118698	0.0012563657	0.010745318	-0.0880455196	-0.1618245037	0.057012597	0.0272640524	0.1273480972	-0.0243033713	0.0986143535	0.0814889277	0.0668129835	-0.1171254367	-0.1031778563	0.0720274235	0.0624248585	-0.153196514	0.01100567	-0.1049989822	-0.0010110492	-0.0426052037	0.0945853404	-0.0797257591	-0.0639372638	-0.0865297342	-0.0397602704	0.0510911899	0.171572673	-0.0827400514	-0.0257789594	0.0266345048	0.1947809234	0.0661667451	0.0823519115	0.0105857299	0.046041241	0.0448183869	0.0296916967	-0.0121584775	-0.0316241063	-0.0236058372	0.0677960153	0.0752739587	-0.074210588	0.1487835564	0.0143598743	0.0667557556	-0.0988767856	0.0947919895	-0.0881085353	0.0790096451	-0.067744759	0.0	-0.0135384109333642	0.0008327365461867	6.93450155354955e-07	0.0001832885706006	0.2091386059846911	0.3866522594552037	0.0437389565132198	0.1494999697418141	-0.0518569197390306	-0.0167721258444047	0.0026891401248202	0.0002813042053405	-0.0015590383523316	0.0002839856875686	2.4306005840408304e-06	8.064787074386727e-08	-0.0003528520964426	-0.0001250096268124	1.245046019639379e-07	1.5627406795775518e-08	-0.0001907750469333	-1.956521202660001e-05	3.639511853240282e-08	3.827975216458135e-10	0.0	0.0	0.0	0.0	0.0	0.0	0.0	0.0	0.0
253.99870644115845	0.1646363472372343	0.0271051268316191	64515.34287378179	408.83393288258486	1.4990178414111028	167145.18467624192	2.247054488868802	260.55290232790696	0.417737713267968	67887.81491149582	0.174504797086351	279.341876445289	262.15399658049387	1.318253	26.715176	0.27403940631334	0.198672733809606	0.0080496134	-0.0065115842	0.0133496915	-0.1003162121	0.1012065598	0.0312825514	-0.0170586935	0.0254503012	0.0945106381	0.0919325311	-0.0127109488	0.0571448377	0.0258452028	0.0968631894	0.1275375841	0.0136111726	0.1134135646	-0.0194603807	0.0641436275	0.0759853826	-0.1547448361	0.0235786086	0.0346088175	0.0079272814	0.0055818978	-0.0063005542	0.1692838029	0.0284343874	-0.0286084863	-0.0099896727	-0.0735112611	-0.0554946513	-0.0166701519	-0.0174691204	-0.0281011372	0.0280487571	0.0530085481	-0.0206155952	0.0024838165	0.0180553305	0.0276014126	-0.0542270852	0.0624644826	0.0524123379	-0.071380237	-0.0525735469	-0.0762608005	0.0148715582	0.0400583344	0.0875730233	-0.0102165957	0.043320849	-0.0040096268	0.1405330643	0.0365904062	-0.0336794576	0.0357831393	-0.0198306061	-0.0029133455	-0.0538391517	0.0154109669	0.1228625251	0.0674879216	0.1087465661	0.0103509948	-0.0088730947	0.0405658956	-0.0250942133	0.011270076	0.0921886104	-0.1059821662	0.0501226534	-0.0569908134	-0.1098147893	-0.0258894301	-0.1149534532	0.0024266567	0.0319307776	-0.094571335	-0.117361504	-0.1785460534	-0.0388147513	0.0354559872	-0.021368546	0.0105401597	-0.0206331848	0.0399253132	-0.0114511428	0.0037089602	0.0500940013	0.0404192078	-0.0903126548	0.056774632	-0.0520319594	-0.1182935857	-0.0960546091	-0.0225652634	-0.0855955248	-0.0306180655	-0.0657154498	-0.0751707951	-0.1146056796	-0.0617648124	-0.0149457881	-0.0012293476	-0.0351208786	0.1315146975	-0.1664292775	-0.0278120653	0.0534837646	0.0176931216	-0.0129082316	-0.0471640822	-0.002863769	0.0388416363	0.0652128512	0.058036561	0.02342106	0.1478270458	-0.0219241283	-0.0700960495	0.0928744199	-0.0730213818	0.04153074	0.0111243956	-0.0149209837	0.0342860238	-0.0127790147	0.1180448624	-0.0542551196	-0.0613506715	-0.0307852471	-0.0385208359	0.0457632064	0.0010621386	0.0207391053	0.0096728788	-0.1196223382	0.1457794943	0.094200195	-0.0565424447	-0.099125598	0.0957748323	-0.0902738707	0.0827462129	-0.0733608586	0.0	-0.0156824068012042	-0.00214399586784	4.596718281314996e-06	0.0002459378830784	0.012232012320112	-0.1969065936645791	0.0001496221253993	0.0387722066285876	-0.0086086425126197	0.0432482772264109	7.410872591008321e-05	0.0018704134830524	-0.001273102402686	0.0002859359496456	1.620789727724866e-06	8.17593672997312e-08	-0.0004477171106378	-9.48650141952e-05	2.004506111578601e-07	8.999370918255496e-09	-0.0004447848741827	-0.0002540098272494	1.978335843017203e-07	6.452099233927003e-08	0.0	0.0	0.0	0.0	0.0	0.0	0.0	0.0	0.0
253.3861211425249	-0.6125852986335474	0.3752607481019524	64204.5263876543	411.2120150072769	2.378082124692014	169095.3212863449	5.655274591779684	260.9203252654832	0.3674229375762365	68079.41613664555	0.134999615057151	280.0125833050489	261.215515048638	1.305821	26.46324	0.1286893746650725	0.0756911665617049	-0.0318474049	0.1452171299	-0.0680907213	0.0541153445	-0.0412751671	-0.0348917176	0.1411254759	-0.0262718859	-0.0647614523	0.110487386	0.0642641166	0.107891204	0.1008564445	0.0673966739	0.0157622743	-0.0874697123	-0.0548630651	-0.0321430391	-0.0235745573	0.0849311107	0.051151362	-0.0025971467	-0.0244094879	-0.0185716603	-0.0652369076	0.0040754388	-0.0970770619	-0.0045715378	0.0326708584	-0.067945875	0.0335017151	0.0170604968	0.0172348532	-0.0783887456	-0.064581401	0.101285622	0.0850937912	0.0472735954	-0.0116400037	-0.0389458832	0.1695190551	-0.0166500179	0.0039231772	-0.0608630426	0.0861486623	-0.0089496515	-0.0297368284	-0.0204770814	-0.1568500656	0.0062643841	0.1100872681	-0.0040755174	0.045411371	-0.1107962604	-0.064317001	0.0757866694	0.0318434344	0.0217838905	0.0292737722	-0.1170953153	0.0351730237	0.0587959993	0.042273428	-0.0658510734	-0.0429640687	0.022893635	0.2258249606	0.0057973587	0.0910772293	0.1246794412	0.0690797712	0.0564374598	-0.0415950282	0.09894075	-0.1245492692	-0.0768485479	-0.0034433261	0.0707282515	-0.0349809224	0.0264970199	-0.041777193	0.0078196806	-0.0567743053	0.0035284894	0.0817115249	-0.0018364521	-0.0373731569	-0.0289520153	-0.0549909371	-0.1344684295	0.0523579141	-0.0047703789	0.0603674325	0.0865761402	0.0024501624	0.1438794747	-0.1577354309	0.0024412829	-0.047197401	0.0736722705	0.0591948356	-0.0141545633	-0.0876061427	-0.075885709	0.1430300176	0.0342076221	0.074442088	-0.0458911535	0.1115222554	0.0051149177	0.0243473898	-0.0016544255	0.0536194552	-0.0803332801	-0.0632520422	0.0272468509	0.0211509076	0.1037282502	-0.0390808976	0.0452369651	0.1403864041	0.0451493821	-0.0906718164	0.0216546233	0.0624943654	-0.115564919	0.0399679429	-0.0706720999	0.1339041199	-0.0560627746	-0.1271461202	-0.0237878166	-0.0863656878	-0.0248877135	-0.007221266	0.0936507653	0.011696971	-0.0730367596	-0.0275273472	-0.0138168399	-0.0862436419	-0.0993497063	0.0966622046	-0.0922367566	0.08615293	-0.0785201094	0.0	-0.0184682518145109	-0.0027858450133067	7.760932438165817e-06	0.0003410763250841	-0.0554399746481806	-0.0676719869682926	0.0030735907889909	0.0045794978202367	-0.0389924308601479	-0.0303837883475282	0.0015204096643834	0.0009231745943473	-0.0010050376218394	0.0002680647808466	1.0101006213125966e-06	7.185872673033569e-08	-0.0004129045614056	3.4812549232200035e-05	1.704901768295509e-07	1.2119135840443512e-09	-0.0001907071175426	0.0002540777566401	3.6369204681407055e-08	6.455550641926587e-08	0.0	0.0	0.0	0.0	0.0	0.0	0.0	0.0	0.0
253.21649678116825	-0.1696243613566537	0.0287724239656526	64118.59424212739	408.1955200171321	-3.0164949901447926	166623.58256205686	9.099242025568632	260.48709614059925	-0.433229124883951	67853.5272557618	0.187687474647714	279.10175555685294	256.62153945621776	1.05688	21.418304	0.172507781585499	0.1031595286729232	-0.0889993111	0.088730903	-0.0626831573	-0.0087558552	0.0115554078	-0.0140094742	0.126290394	0.0185769118	-0.0236807487	0.0713701405	-0.037944017	0.0442143166	0.0456954995	0.0599523495	0.0949843919	0.0643902352	0.0851420878	-0.0158606352	-0.0379546167	0.0657546581	-0.023431809	-0.0247933549	0.0043504567	-0.0152599331	-0.0800181903	-0.0151191318	-0.0710264053	-0.1080031042	-0.0164145022	-0.0933542971	0.1740889031	0.0081932711	-0.0644662563	-0.042252561	-0.0077354792	0.0441339195	0.0215090437	0.0243784211	-0.0296981149	0.1251350815	-0.0522619958	0.0765711794	-0.011131823	-0.0345483409	0.1135308578	-0.1078095663	0.1154557841	0.0533217369	0.0045280164	-0.0049679583	0.0054465897	0.1292760787	0.078730498	0.0121538492	-0.0932829334	0.0378999238	0.0499708418	0.0935559013	-0.0135670991	-0.032522593	-0.0434349163	0.036647111	-0.0587168548	0.0039068827	-0.0546793948	-0.0475132659	-0.0490781658	0.069063573	0.0328542359	0.1055875299	-0.0061573726	-0.0370864452	-0.0435402561	0.0160012477	-0.0531666621	-0.106408198	0.0044305367	-0.0372660204	0.1267372425	-0.0241463993	-0.008596772	0.1336672278	-0.0452857037	0.0005490629	0.0639496122	-0.0664097717	-0.0327448447	-0.0619086352	-0.1137457026	-0.0327223127	0.0372566801	0.070678518	-0.0012213831	-0.0916201826	0.0187179184	0.0854890885	0.0936011316	-0.0304540381	-0.0257035164	-0.032217754	0.0258027563	-0.016872186	0.0112498831	0.0501043149	0.0447859977	0.0859796712	-0.0095149776	-0.0284481011	0.0334968315	-0.0133510738	-0.0548342861	0.0533464161	0.1325912721	-0.0371709248	-0.0746352945	-0.0788632292	0.0425504269	0.039938712	0.0223093239	0.1263746713	-0.0094690751	-0.070007233	-0.0280886891	-0.0871710647	0.0186542275	-0.0108184995	0.1130992469	0.0129828942	0.0757657434	-0.011391996	-0.0129404102	-0.0401793516	-0.0864452671	0.0422310573	0.0380335569	0.0917445465	0.1223737867	-0.1325180317	-0.0334912877	-0.0419630913	-0.0317976854	-0.0995490545	0.0974532219	-0.0939927908	0.0892162162	-0.0831903826	0.0	-0.0128731408150031	0.0055951109995078	3.130526709681319e-05	0.0001657177544428	-0.0173137298991861	0.0381262447489945	0.0002997652430219	0.0014536105386602	0.0453658138285888	0.0843582446887367	0.0020580570643301	0.0071163134469647	-0.0017080211494982	-0.0007029835276588	2.917336247133152e-06	4.941858401596108e-07	-0.0002278374989925	0.000185067062413	5.190992594715744e-08	3.4249817590214235e-08	-0.0001901940846493	5.130328933000087e-07	3.617378983558509e-08	2.632027496077781e-13	0.0	0.0	0.0	0.0	0.0	0.0	0.0	0.0	0.0
253.36131303268004	0.1448162515117985	0.0209717467019284	64191.954941643686	410.17210141067983	1.9765813935477468	168241.15277565303	3.906874005319152	260.31032660516087	-0.1767695354383818	67761.46613728552	0.0312474686591013	279.40223420592434	258.3694486145609	0.991794	20.099289	0.1156730861019124	0.0735643518768132	-0.0670825227	0.1198829873	-0.0680492971	0.031570292	-0.0388366261	-0.0441847572	0.1447656592	-0.0304299287	-0.0677953987	0.0037303941	0.0041370124	0.0710508998	0.0182376485	0.0907280101	0.0110005561	-0.0058715768	0.0019443885	-0.0127064713	-0.0908353142	-0.0489423652	0.0276335888	-0.0708402703	-0.0488424832	-0.1588902069	-0.0813817443	0.0644378693	-0.0408568642	0.0925092351	0.1156820118	0.0786304208	-0.0323207609	0.0259030177	-0.020623559	-0.1006634408	0.0873358603	0.0847390118	-0.0091791257	0.0780416118	0.0105042871	0.109992906	-0.0243685634	0.098341021	-0.0631534653	0.1064404542	-0.0362287279	-0.0096430886	0.1056540404	-0.0829923717	-0.0568530777	0.045562693	0.0730970458	0.0172819291	-0.0306158411	0.1117285616	0.0522698898	-0.0047022	0.0360442833	0.0393829859	0.0433717395	0.0144133259	-0.0278675732	-0.0998021359	-0.0753309842	-0.0472666017	-0.0786831766	-0.100760659	-0.0638533283	0.1026015781	0.0182219025	0.081442819	0.092223829	-0.0285522314	-0.0559388542	0.0170865763	0.0208926315	-0.0244619321	-0.1290595808	-0.1413390586	-0.0887485967	-0.0437801854	-0.0238476061	-0.0003275553	-0.1087346161	-0.0567468742	-0.0249633532	-0.0039216781	-0.0897203015	0.0538166018	0.0010625731	-0.0159060982	0.0348168828	-0.0693179687	-0.1450541511	0.110855694	0.0544414894	0.0730868186	0.103362537	-0.1653963463	-0.0097322035	0.0054436883	0.054880355	-0.0890308438	0.0598851479	0.0011175428	0.0062960027	0.1079133099	-0.0363054952	-0.0026053905	-0.0306849534	-0.0457444019	-0.0340565112	-0.078740107	0.0917276806	0.0924998434	0.08631729	-0.0872341783	0.079091038	0.010457709	-0.0459401796	0.0803585589	-0.1248120988	0.0567344687	-0.0606081109	0.1235474482	-0.0630751465	-0.0689049826	0.0335368886	0.0160336853	0.0041467245	-0.009657769	-0.0502689484	-0.008462328	-0.0093564089	0.0456484882	-0.0866209074	0.0901446137	0.1263274505	-0.0859587474	0.0409550538	0.0423287123	-0.0520464135	-0.099723593	0.0981470957	-0.0955380353	0.0919238605	-0.0873425944	0.0	-0.0224212728735437	-0.0095481320585406	9.11668258073308e-05	0.0005027134772699	0.0466005587942959	0.063914288693482	0.0021716120799406	0.0040850362991937	0.013636233801229	-0.0317295800273598	0.0001859468722817	0.0010067662487126	-0.0016740393150011	3.398183449709988e-05	2.802407628169352e-06	1.1547650757882872e-09	-0.0002271942599014	6.432390911000139e-07	5.1617231732144895e-08	4.13756528319172e-13	-0.0003651907175117	-0.0001749966328624	1.333642601567103e-07	3.062382151317762e-08	0.0	0.0	0.0	0.0	0.0	0.0	0.0	0.0	0.0
252.3799329543772	-0.981380078302834	0.9631068580896768	63695.630558055935	406.4498404077014	-3.722261002978428	165201.47276744593	13.855226974293972	260.12389237580754	-0.1864342293533241	67664.4393847407	0.0347577218745678	278.6613956133298	256.10485245532175	1.026227	20.797108	0.1545952562146721	0.1055713262196168	-0.1059251733	0.1407455608	0.022873597	-0.0240438024	-0.0222697895	0.0724183334	0.1430356426	-0.0399246088	0.0175281077	0.0403384926	0.0129923843	0.0376905388	-0.0775628722	0.0666805816	0.0804084109	-0.0671274996	0.0726080368	0.0575667412	-0.0240680513	-0.0685714505	0.0545500215	-0.0552366365	-0.0256152184	-0.1510411168	-0.0540059316	0.0736170796	-0.0242698352	0.0191739494	0.0274953035	-0.0643832924	0.0083195291	0.00131565	-0.0286990026	-0.0261808079	-0.0538025643	0.046331662	-0.0194476239	0.0088674631	-0.0360280758	0.0282665324	-0.0018293185	-0.0578387275	-0.0478983595	0.0658227789	0.0073030554	0.0583966779	0.1381369046	0.0175783918	0.0065723508	0.0052721923	-0.0095274087	-0.1066503408	-0.0844529719	0.0326822426	-0.0011243119	-0.0260884302	0.0746614097	0.0903064601	-0.0072472445	-0.0778925465	-0.0153361772	-0.0762139159	0.0720677491	0.0113603429	-0.0045308564	-0.1690371765	0.1105953083	-0.0874564776	-0.0874509288	0.0771555777	0.0080763547	0.035033123	-0.0671091127	0.0308733856	-0.0903391954	-0.037203377	-0.1206776458	-0.1526880727	0.0091501835	0.0453792739	-0.0047973289	0.0784754142	-0.026548074	-0.044139319	-0.0081471269	0.066400852	-0.0487550239	-0.0591878149	-0.0074257086	0.018300877	-0.0093537407	0.0313637627	-0.0298076204	0.0174538891	-0.0981784894	0.0377491235	-0.0030637332	-0.1622907518	0.1048411133	0.0233663641	-0.1064643479	-0.0080353459	0.079805883	-0.0084086561	0.0262082081	0.0627528339	-0.138123621	0.0096833929	0.0702451901	-0.0283406899	0.0679581561	0.0488212058	0.0356204291	0.0060030573	0.0553149102	-0.1028076938	-0.0355755788	-0.0820856154	0.0119826878	0.137347521	0.038676593	-0.0529694896	0.025015609	0.0067261564	0.0480157649	-0.096256785	0.0539833652	0.0240912777	-0.0709355391	0.019823161	0.0148165599	-0.0329352813	0.0403335466	0.0751036938	-0.1132371524	0.1618025927	0.0423966868	-0.0922933046	0.0229915751	0.0483988635	-0.1035570139	-0.0998732783	0.0987431344	-0.0968690246	0.0942650692	-0.0909508872	0.0	-0.0298968494449809	-0.0074755765714371	5.588424507542072e-05	0.0008938216067358	0.1529006873507228	0.1063001285564269	0.0233786201923234	0.0112997173311128	0.0254785485359221	0.0118423147346931	0.0006491564354973	0.0001402404182755	-0.0020790225973895	-0.0004049832823884	4.322334960456183e-06	1.6401145901408258e-07	-0.0002273020247054	-1.0776480400000156e-07	5.1666210435174276e-08	1.1613252981158752e-14	-0.0001907370376618	0.0001744536798499	3.6380617535998916e-08	3.043408641317141e-08	0.0	0.0	0.0	0.0	0.0	0.0	0.0	0.0	0.0
252.0799189413308	-0.3000140130464217	0.0900084080242185	63544.285533467904	405.899241042587	-0.5505993651144081	164754.19387894814	0.3031596608643893	259.8941062953803	-0.2297860804272318	67544.94648707444	0.0528016427581102	278.2887967491014	253.1356566827103	0.962328	19.50215	0.1656226135283799	0.1398695643009029	-0.1626722581	0.1017583628	-0.0493208279	-0.0176597404	0.0210864129	0.020667892	0.1582265688	0.0360642384	0.0368025454	0.072150559	-0.0114297364	0.0191833216	-0.0127128765	0.0601348822	-0.0944785049	0.1372298055	0.067321573	-0.0052886764	-0.1143796755	-0.0299949601	0.1237546177	-0.1450078793	-0.0829669139	-0.0063713067	-0.0486777068	-0.0050109864	-0.0029224273	0.0841239006	0.0006893274	-0.1257655616	-0.0292388218	0.125938212	-0.128607318	-0.1773471626	-0.0199910525	-0.0249100099	0.0272099847	-0.0038528732	-0.0388514507	-0.0603023378	0.0320086636	0.0213803942	-0.0541146059	-0.0536835604	0.0045014068	0.0808506368	-0.067190866	-0.003212519	-9.95523e-05	-0.079496357	-0.0257924054	-0.0258884286	-0.0269731756	0.0328769077	0.1493816341	-0.0771320783	0.0412242355	0.0974204453	0.0495977538	0.0073044274	-0.0005114649	-0.0232650324	0.0175025639	-0.0511374185	-0.0114166788	0.0488010705	-0.0717538879	-0.0999125955	-0.0283994563	0.1148847783	0.0143903275	-0.069975878	0.0100881596	0.1018545322	0.0642300698	-0.1029646053	-0.0440916791	-0.0807209704	0.070118295	-0.0220091708	0.172661342	0.0387609857	-0.0207906914	0.0389679871	-0.0237580231	0.1401697523	-0.0640338811	-0.012570775	-0.0016767336	0.0526454768	0.1612121413	-0.0782346056	0.0025402494	0.0773496797	-0.0943859516	0.1398191788	0.0543294476	-0.0208850423	-0.0781405295	0.0267083588	-0.0170550895	0.0865401881	0.1317549553	0.1143364155	0.043618928	-0.0356625757	0.014961675	-0.0171098001	-0.0117856166	-0.0376241092	-0.0248263058	-0.05255516	-0.0325456747	0.1206591413	-0.0177504986	0.0067901691	0.0141614883	-0.0101549434	0.0157411434	0.1793060004	-0.1303314659	-0.0447770548	-0.0108811529	-0.0475016443	0.0026696374	-0.0053286245	0.1022418964	0.0745985075	-0.064268948	-0.035650593	-0.0653766539	0.0077101168	0.0837709258	0.0480644083	-0.0865244856	0.0698129139	0.0753909609	0.0219686734	0.0082366975	0.0646694581	-0.06147281	-0.0999980731	0.0992407438	-0.097982774	0.0962305098	-0.0939927908	0.0	-0.0299036390759397	-6.789630958802667e-06	4.6099088556731615e-11	0.000894227629984	0.0170490177830799	-0.1358516695676428	0.0002906690073677	0.018455676124316	0.0456405723695354	0.0201620238336133	0.0020830618462187	0.0004065072050671	-0.0022710254154334	-0.0001920028180438	5.157556437544446e-06	3.686508213679885e-08	-0.0002272839306542	1.8094051200000152e-08	5.16579851336232e-08	3.273946888282269e-16	-0.00019075873549	-2.1697828200015288e-08	3.6388895165743786e-08	4.707957485973786e-16	0.0	0.0	0.0	0.0	0.0	0.0	0.0	0.0	0.0
251.90692812097265	-0.1729908203581374	0.0299258239281813	63457.10043534488	403.28213943625394	-2.6171016063330512	162636.48398828215	6.849220817871037	259.4852220562784	-0.4088842391018943	67332.58046559613	0.167186320985935	277.71402916666955	250.31255441788963	1.044052	21.158327	0.3048084669470063	0.2538802999271199	-0.1993331498	0.0104851924	-0.0532370993	0.001040197	-0.0188563494	0.020039664	0.1517475805	0.0579408509	0.0131430197	-0.1119280956	0.0616307166	-0.0963620414	-0.1326170055	0.0469221832	-0.0866412896	-0.0316346046	0.0003505811	0.0032074534	-0.1516614415	-0.025076205	0.0249937888	-0.0701223265	0.0051259871	0.0295262099	-0.0516268554	-0.0438799529	-0.0404060221	0.0409905956	-0.0212835249	0.1182181856	0.1399615323	0.050643238	0.0112284816	0.0542755847	0.0427553059	-0.1376200652	-0.0252238377	0.1366135842	0.1193737314	-0.0043369123	0.0377365396	-0.0238957583	-0.008990164	0.1692022118	-0.0490298555	-0.0464423436	-0.1592002125	0.0210681632	0.0652070681	0.0653186254	-0.0009730709	-0.0657077335	0.0983246958	-0.0462699051	-0.0194807292	-0.0670309477	0.0123202296	0.0428666896	-0.0006104371	0.0046189045	-0.0015517737	-0.0538029405	0.043738974	0.1169237031	0.0579487005	0.1070801775	0.0050098641	0.0180548604	-0.1340313604	0.0580996375	0.0879741466	-0.1205795207	0.0091474517	0.0710631134	0.0027243294	0.0772470935	-0.0264049087	0.0027843576	0.0331964719	0.0657888812	0.0453008161	0.0432571941	0.0110130992	-0.0561428662	-0.0746807051	-0.0397361512	-0.0176394663	0.1185092434	0.0040594206	0.1166853285	0.0379896251	0.095146619	-0.0331274435	0.0330315847	0.1212845048	-0.0322790346	0.0980266614	0.0094231881	-0.1038918751	0.1608862605	-0.0917272306	-0.0482645829	-0.0523491879	0.001643783	-0.0666875008	-0.082707902	-0.0269827615	0.0086296211	-0.0629616578	0.0939372938	0.0354315154	-0.1422193217	-0.1089438221	0.0318144338	-0.0680764972	0.0012982212	0.0619515309	-0.119760701	-0.0857256213	0.1447341564	0.0470098293	-0.0150393247	0.0609532461	0.1323388072	-0.0026997171	0.0612563274	0.0072689934	0.0190545435	0.0137586632	0.0370994517	0.0473052216	-0.027966025	0.0069649073	-0.0118471281	-0.0774521418	-0.0072979264	0.0163596919	0.0629055798	0.0023847987	0.1078713098	0.0908084305	-0.1000979463	0.0996394278	-0.0988767856	0.0978123473	-0.0964493619	0.0	-0.0298330980591856	7.054101675410193e-05	4.9760350447024895e-09	0.0008900137398089	0.2620388031053693	0.2449897853222894	0.0686643343328945	0.0600199949122614	0.0238241963601026	-0.0218163760094328	0.0005675923322047	0.0004759542621849	-0.0017010394405226	0.0005699859749107	2.8935351782134403e-06	3.248840115950149e-07	-0.0004158379511696	-0.0001885540205154	1.7292120163293068e-07	3.5552618652521894e-08	-0.0001908540320344	-9.52965443999892e-08	3.6425261543787784e-08	9.081431374579114e-15	0.0	0.0	0.0	0.0	0.0	0.0	0.0	0.0	0.0
251.6502930758724	-0.2566350451002392	0.0658615463736018	63327.87000517248	401.384758000104	-1.897381436149942	161109.72395480206	3.600056314246417	259.5495124259201	0.0642903696416965	67365.94940053286	0.0041332516286659	277.4082196725749	248.62710397369617	1.115772	22.611782	0.1493496986048673	0.1314555324769863	-0.2000526278	-0.0483971811	0.0220864514	-0.1522803614	-0.0250208672	0.1013948442	0.0725543798	0.0832682756	0.1548143945	-0.0485138839	-0.0962221723	-0.0180139764	-0.1003052554	0.0303692405	-0.0437780029	0.0784907943	0.0875468248	0.0314115403	-0.0156759139	0.154261812	0.0339867762	0.0347547799	0.0085169073	0.1293038122	-0.0142079019	0.0271092922	-0.0550733073	0.0112624367	0.0779862545	0.0567209888	-0.0367780277	0.0281929416	0.0044072527	-0.0137709662	0.014446963	-0.028030727	-0.0521810614	-0.1209849963	0.0621837148	-0.0811937887	0.0689567215	-0.0773462884	-0.0573409597	-0.1315711099	0.0093913887	0.0494282491	0.0125965513	-0.0632523241	0.0351278473	0.0771281545	0.0347771856	0.0391562548	-0.1107177202	-0.0473651588	0.0321558805	0.0753850803	-0.0393039148	-0.0081298253	-0.0838334442	0.0485839708	-0.002202139	-0.0397080279	-0.084922409	-0.0460655899	-0.0898242131	0.019801526	0.048384555	-0.0286902532	-0.123495281	0.0967176667	-0.1262988327	-0.0581999938	0.0264121784	0.0528523276	0.046161	-0.0218645136	0.0854666429	0.0330874664	0.0678784566	0.1245906201	-0.0440464505	-0.0689744978	0.0230719383	-0.0576148052	0.0343503471	0.0077990357	-0.0846934997	0.1186865881	-0.0392230914	0.0377375567	-0.0197924189	-0.0755938899	0.125795864	0.081796319	-0.0349032514	-0.0394871838	0.0095846494	-0.0006626289	0.1386881417	0.056811185	-0.0016947717	0.0622508957	-0.0308201367	-0.0659793598	-0.0409409655	0.0424183681	0.0766281938	-0.0278296339	0.0180261425	-0.0904965423	0.0003468996	-0.0161736061	-0.0578242823	-0.0721231454	0.1170781356	0.0194063314	-0.0315830315	-0.0834639399	0.1439472551	0.1472148357	0.0280622165	-0.0403949881	0.0335831143	0.0049180438	0.0155530589	0.1053125446	0.0318089275	0.0085266098	0.0584030558	0.1078234345	0.0491439192	-0.0832495596	0.0543020212	-0.0366069785	-0.0783438583	-0.0272434656	-0.0423301192	0.0281463756	-0.0084156449	0.1266832455	0.061786095	-0.1001728729	0.0999387891	-0.0995490545	0.0990042761	-0.0983053023	0.0	-0.0243285525124719	0.0055045455467136	3.0300021675845605e-05	0.0005918784673521	0.132059194191612	-0.1299796089137573	0.0174396307705378	0.0168946987333733	0.0290126353636139	0.0051884390035113	0.000841733010742	2.691989929315735e-05	-0.0018080335459479	-0.0001069941054253	3.268985303272937e-06	1.1447738595760212e-08	-0.0003493277725399	6.651017862969999e-05	1.2202989266768814e-07	4.4236038613546015e-09	-0.0001908162132717	3.781876269998629e-08	3.64108272473509e-08	1.4302588121578745e-15	0.0	0.0	0.0	0.0	0.0	0.0	0.0	0.0	0.0
252.63961294322488	0.9893198673524636	0.9787537999382964	63826.77402810248	405.286834200973	3.902076200868976	164257.41797664695	15.22619867738806	260.370471812077	0.8209593861569147	67792.7825916436	0.6739743137191381	278.68403284259125	251.7363138062728	1.282631	25.993288	0.3119827604317362	0.2485211385351199	-0.1611379478	-0.0342286224	-0.0349609576	0.0764575088	-0.039797375	-0.0320974723	0.0995918029	0.1050231474	-0.0179570741	-0.1678917867	-0.0544426111	-0.0533813388	0.0751236901	0.0789916506	-0.1400225312	0.041175826	-0.038788289	-0.0359725149	-0.082375563	-0.0030883326	0.0083804181	0.1891740705	0.0129355494	-0.0225353258	-0.0770316988	-0.1162133279	-0.1040791848	-0.0885408191	0.0223864165	-0.082600125	0.016819071	0.0879445275	-0.0428521343	0.042876975	-0.0930424701	0.0381288535	0.00641796	0.0143679573	0.007801126	-0.1023189097	-0.0591991765	0.0038224517	0.0967962088	-0.0588458511	0.0922177326	0.0064854535	-0.0034336423	-0.0899257698	-0.0540397329	0.0964644585	0.0454635173	-0.0761076601	-0.092058828	-0.0411051916	0.0328985815	0.0282758655	-0.0444652132	-0.0153770437	0.0140081164	-0.0582327352	0.0267002917	-0.0204826972	0.0326220306	0.0006314636	-0.1106460902	-0.0363771259	-0.0929874678	-0.047296484	0.0471281903	0.1264577093	0.0422549773	-0.0578704388	0.1111755675	0.0387371175	0.1529041885	0.0158881038	-0.004886118	0.1118267207	-0.0248695364	0.154958834	-0.1110551161	0.0628527926	0.0894281545	0.0267597051	0.1118823622	0.0982967342	0.0531484151	0.0397724124	-0.0934426185	-0.0709141691	-0.0728875353	0.0468657414	0.0399281878	0.013608672	-0.0356856185	0.0782206095	-0.0660047804	0.0905837717	-0.0556738882	-0.0134490486	0.0410458119	0.0577722622	-0.0512577485	0.0685029961	-0.0609324951	0.0774622981	0.0567353923	0.0571458513	0.1084138645	-0.1032498019	0.0469573757	0.0393236075	-0.0714191819	-0.0707527716	0.0856309104	-0.0501366202	-0.0683924389	0.0991729425	-0.0199641971	0.1775980066	-0.0539935393	-0.0294540511	0.0277548688	0.0865909407	-0.0313741378	0.0620022192	-0.0280666503	-0.0492883787	0.0821551574	-0.0263029841	-0.036062236	-0.1037204213	-0.1409981335	-0.0272664386	0.0681975021	-0.0598452252	0.046079429	0.0598925453	-0.0929222877	0.0217680631	-0.0034285374	-0.1002228344	0.1001385292	-0.0999980731	0.0998015448	-0.0995490545	0.0	-0.0297863707497754	-0.0054578182373034	2.978777991144268e-05	0.000887227882443	-0.1193706162636516	-0.2514298104552636	0.0142493440271639	0.0632169495855697	0.045435424729078	0.0164227893654641	0.0020643778203117	0.0002697080105424	-0.0013850465307346	0.0004229870152133	1.918353892299951e-06	1.789180150390566e-07	-0.0002272095760003	0.0001221181965396	5.16241914262361e-08	1.491285392608438e-08	-0.0004191578489929	-0.0002283416357211	1.7569330237235478e-07	5.2139902603833196e-08	0.0	0.0	0.0	0.0	0.0	0.0	0.0	0.0	0.0
252.5748522750151	-0.0647606682097716	0.0041939441469761	63794.0560017457	403.8505955942022	-1.4362386067707575	163095.30356179186	2.0627813355788067	260.1131828835448	-0.2572889285322048	67658.86790980844	0.06619759274525	278.36691678428514	252.84202096083905	1.111646	22.528175	0.3236094716976602	0.2901130010426423	-0.121797051	-0.0016685964	0.1257596823	0.0893986369	-0.0306588951	0.1052051307	0.0101590432	0.0389662403	-0.1205830741	-0.1044894882	-0.0026314459	-0.0685749738	-0.0779717846	-0.0504454528	-0.0042307403	-0.0127261418	-0.0556134395	-3.9416e-05	-0.0565455478	0.0939757079	0.121780459	0.0446326329	0.0936085227	-0.0982107175	-0.0788627769	0.0453320657	-0.006707598	0.0740651176	-0.0474319667	0.0199444012	0.0032477356	0.049648141	-0.0184864734	0.1790842714	-0.1336822472	-0.095027581	-0.0312474761	0.0080504231	0.1190325498	-0.058911601	-0.1096633004	-0.1117500862	-0.0067857284	-0.0092766536	0.0495361282	-0.0680908765	-0.1308063239	-0.0094435004	0.0278370013	0.0232282655	0.0487777149	0.0429779729	0.1035152633	0.0535893977	-0.0934709315	-0.1022707067	-0.0422308609	-0.0403753445	-0.0107134134	-0.0184073182	-0.0110996153	0.0509149124	0.0097455291	-0.0475857966	0.0973434246	0.0126606671	0.0560538181	0.0488297768	-0.0845051106	-0.0218866408	0.0569856597	0.0323118745	0.1214362114	0.0237529936	0.0367826851	-0.0502725165	-0.004040306	0.0519794455	0.053340023	0.2368332421	-0.0382569937	0.1035732494	-0.0508907266	-0.0949315881	-0.0369428316	0.0103492563	0.1020963437	0.1061584647	0.0655430256	0.0833878097	0.032639368	0.112452654	-0.1256375523	-0.0348982986	0.0212812146	-0.0664431533	-0.0187136418	0.0528402069	-0.101442599	-0.0115000787	0.01088951	0.0636612872	-0.0217555457	-0.1329621403	-0.0946649445	-0.0962575612	0.1017519112	0.0181209919	0.0158945023	-0.018925194	0.0138009962	-0.0078723635	0.0592325578	-0.0111170334	-0.0305393598	0.0602153339	0.1309329877	-0.0668103926	-0.0673335408	0.1154065188	0.0032539496	-0.0781081837	0.0781096983	-0.0170816691	0.0025512151	0.0374919914	-0.0736783444	-0.0704294679	0.0830153622	0.0907183726	0.1260830068	-0.0910562316	-0.0228611895	-0.0193570289	-0.0395691331	-0.0275749099	0.056441879	-0.0237508094	-0.0166948873	-0.1384704838	0.0196193442	-0.1002478183	0.1002384491	-0.1002228344	0.1002009753	-0.1001728729	0.0	-0.0198715636454096	0.0099148071043658	9.830339991678258e-05	0.0003948790417135	0.1711453152422564	0.290515931505908	0.0292907189293713	0.0843995064587454	0.0495482074956044	0.0041127827665264	0.0024550248660274	1.691498208463655e-05	-0.0015020981069141	-0.0001170515761795	2.256298722794923e-06	1.370107148610532e-08	-0.0004891866914495	-0.0002619771154492	2.393036190913084e-07	6.86320090190835e-08	-0.0004168675342044	2.290314788499961e-06	1.7377854107365662e-07	5.245541830421621e-12	0.0	0.0	0.0	0.0	0.0	0.0	0.0	0.0	0.0
