#!ascii label  , from subject sub-v1s14x0051557_ses-1 vox2ras=TkReg
5852
531  -1.233  -99.204  -19.941 0.6999999881
269  -1.744  -99.522  -20.400 0.6000000238
530  -0.660  -98.754  -20.298 0.6000000238
268  -1.062  -99.338  -20.829 0.6999999881
275  -1.485  -99.572  -21.407 0.6000000238
129  -1.921  -99.910  -21.873 0.6000000238
149538  -3.517  -100.516  -21.830 0.3000000119
47  -4.695  -101.050  -22.327 0.3000000119
149509  -6.076  -101.094  -22.850 0.3000000119
134  -3.175  -100.321  -22.514 0.5000000000
56  -6.793  -101.114  -23.137 0.3000000119
54  -4.405  -100.902  -23.197 0.5000000000
156  -6.397  -99.952  -25.736 0.4000000060
169  -5.703  -99.163  -26.466 0.4000000060
182  -5.849  -99.312  -27.714 0.6000000238
519  -1.321  -99.032  -19.162 0.8000000119
517  -0.269  -98.264  -19.702 0.8000000119
791  0.376  -97.371  -19.856 0.8000000119
529  0.086  -98.069  -20.636 0.8000000119
536  -0.569  -98.670  -21.168 0.6999999881
274  -0.997  -99.101  -21.688 0.6999999881
280  -0.755  -98.939  -22.585 0.8000000119
281  -1.424  -99.337  -22.137 0.6000000238
133  -2.385  -100.042  -22.555 0.5000000000
286  -0.959  -98.874  -23.601 0.8000000119
147164  -1.863  -99.627  -22.560 0.6999999881
138  -2.110  -99.628  -23.211 0.6000000238
133265  -3.419  -100.172  -23.895 0.5000000000
287  -1.677  -99.211  -23.762 0.6000000238
143  -2.367  -99.493  -23.968 0.6000000238
61  -4.140  -100.394  -24.020 0.5000000000
62  -4.821  -100.943  -23.885 0.3000000119
564  -0.688  -98.427  -24.404 0.8000000119
146  -4.107  -100.226  -24.812 0.4000000060
64  -6.927  -100.975  -24.082 0.3000000119
296  -1.236  -99.020  -24.412 0.8000000119
152  -2.894  -99.393  -25.426 0.6000000238
129947  -5.210  -100.197  -25.705 0.4000000060
132541  -6.896  -100.417  -25.275 0.3000000119
573  -0.575  -98.261  -25.283 0.8999999762
574  -1.285  -98.461  -25.669 0.8000000119
298  -2.517  -99.330  -24.775 0.8000000119
153  -3.547  -99.997  -25.391 0.6000000238
584  -1.932  -98.872  -25.917 0.8000000119
319  -2.560  -99.098  -26.024 0.6999999881
179  -4.167  -99.732  -26.855 0.6000000238
180  -4.874  -99.817  -27.092 0.6000000238
585  -2.296  -98.426  -26.406 0.8999999762
320  -3.538  -99.391  -26.731 0.6000000238
181  -5.090  -99.477  -27.997 0.6999999881
148690  -2.769  -99.034  -26.745 0.8000000119
326  -4.360  -99.442  -27.613 0.6999999881
594  -2.851  -97.912  -26.932 0.8999999762
602  -3.582  -98.140  -27.530 0.8000000119
336  -5.060  -99.220  -28.884 0.6999999881
875  -4.394  -97.114  -28.193 0.8000000119
145794  -5.007  -97.642  -28.716 0.6999999881
776  0.276  -97.044  -17.471 1.0000000000
783  0.225  -97.432  -18.121 0.8000000119
134056  0.434  -96.349  -18.079 0.8999999762
129864  0.478  -96.913  -18.892 0.8999999762
1071  0.871  -95.542  -20.211 0.8999999762
1082  0.627  -96.492  -20.455 0.8000000119
801  0.455  -97.295  -20.682 0.8999999762
806  0.206  -97.447  -21.376 0.8999999762
540  -0.240  -98.180  -22.432 0.8999999762
149548  0.333  -94.781  -21.129 1.0000000000
551  0.250  -97.556  -23.075 0.8999999762
552  -0.431  -98.293  -23.252 0.8000000119
563  -0.106  -97.957  -24.787 1.0000000000
71  -7.470  -100.555  -25.034 0.3000000119
141565  -0.552  -98.122  -25.910 0.8999999762
146830  -1.743  -98.304  -26.193 0.8000000119
593  -2.066  -97.489  -27.030 0.8999999762
601  -2.526  -97.182  -27.366 0.8999999762
131734  -3.264  -97.272  -27.503 0.8000000119
873  -2.715  -96.772  -28.002 0.8999999762
1143  -4.095  -96.511  -28.671 0.8000000119
888  -4.919  -96.783  -28.781 0.8000000119
889  -5.676  -97.164  -29.131 0.8000000119
620  -6.602  -96.819  -30.364 0.6999999881
887  -3.698  -96.308  -29.580 0.8999999762
1156  -4.593  -96.369  -29.417 0.8000000119
1182  -4.721  -96.254  -31.033 0.8000000119
901  -5.822  -96.413  -30.879 0.8000000119
1155  -2.922  -96.395  -29.887 0.8999999762
1167  -4.196  -96.236  -30.343 0.8999999762
752  -0.281  -96.963  -16.212 1.0000000000
1811  -1.598  -94.671  -17.527 1.0000000000
1803  -1.998  -94.345  -16.572 1.0000000000
1405  -0.238  -95.944  -16.407 0.8999999762
1057  0.182  -96.268  -17.138 1.0000000000
2291  -2.393  -94.369  -17.860 1.0000000000
148032  0.256  -95.678  -17.708 1.0000000000
1809  0.033  -95.218  -17.763 1.0000000000
1827  0.362  -94.875  -19.158 1.0000000000
144320  -0.766  -94.620  -19.953 1.0000000000
1429  0.759  -95.371  -19.355 0.8999999762
131110  0.035  -94.623  -19.779 1.0000000000
1843  -1.370  -94.673  -20.476 0.8999999762
136083  0.337  -94.797  -20.471 1.0000000000
139374  -2.343  -94.586  -20.291 1.0000000000
1438  0.662  -95.088  -20.757 1.0000000000
137708  -0.308  -94.686  -20.839 1.0000000000
1087  0.761  -95.816  -21.080 0.8999999762
140200  -2.030  -94.784  -21.102 0.8999999762
817  0.311  -97.577  -22.182 0.8999999762
148996  0.538  -97.034  -21.868 0.8999999762
1445  0.447  -95.290  -21.652 1.0000000000
1854  -1.195  -94.833  -21.222 1.0000000000
1868  -1.044  -95.298  -22.598 1.0000000000
65  -7.683  -101.048  -24.431 0.3000000119
140042  0.643  -96.113  -22.769 1.0000000000
147  -9.031  -100.378  -24.287 0.3000000119
829  0.563  -96.654  -23.273 1.0000000000
837  0.474  -97.144  -23.900 1.0000000000
1115  0.609  -96.327  -23.911 1.0000000000
844  0.302  -97.366  -24.684 1.0000000000
845  0.093  -97.621  -25.578 1.0000000000
147813  -0.885  -97.881  -26.999 1.0000000000
592  -1.752  -97.941  -26.707 0.8999999762
862  0.251  -96.930  -27.021 1.0000000000
1134  0.068  -96.589  -27.677 0.8999999762
872  -1.679  -97.136  -27.977 0.8999999762
1142  -0.641  -97.085  -28.090 0.8999999762
885  -1.927  -96.761  -28.908 0.8999999762
884  -0.990  -96.943  -29.016 0.8999999762
886  -3.051  -96.493  -28.881 0.8999999762
1153  -0.911  -96.183  -29.694 0.8999999762
631  -8.421  -97.962  -32.171 0.5000000000
624  -9.641  -98.272  -31.712 0.6000000238
149097  -10.313  -98.276  -31.791 0.4000000060
1164  -1.628  -96.223  -30.390 0.8999999762
1179  -1.979  -96.130  -31.276 0.8999999762
907  -6.024  -96.609  -31.927 0.8000000119
908  -6.895  -97.118  -32.214 0.8000000119
1180  -2.899  -96.114  -31.357 0.8999999762
906  -5.142  -96.303  -31.732 0.8999999762
1196  -5.341  -96.391  -32.547 0.8000000119
913  -6.056  -96.946  -32.918 0.6000000238
1193  -3.053  -95.903  -32.078 1.0000000000
1195  -4.547  -96.154  -32.359 1.0000000000
1204  -4.734  -96.135  -33.227 1.0000000000
153202  -4.693  -95.551  -34.259 0.6999999881
1202  -2.522  -95.484  -32.608 1.0000000000
1544  -2.592  -95.125  -33.437 1.0000000000
1545  -3.439  -95.424  -33.558 0.8999999762
142469  -4.450  -95.266  -34.494 0.6999999881
1557  -3.043  -94.987  -34.188 0.6999999881
155270  -0.727  -95.807  -16.011 0.8999999762
137393  -0.947  -95.471  -15.463 1.0000000000
1406  -0.847  -95.506  -16.405 1.0000000000
1413  -0.562  -95.345  -17.216 0.8999999762
2287  -2.354  -94.088  -16.974 1.0000000000
2292  -3.161  -94.019  -18.068 1.0000000000
1810  -0.604  -94.979  -17.680 1.0000000000
1819  -2.511  -94.431  -18.743 1.0000000000
1817  -0.704  -94.766  -18.394 0.8999999762
1818  -1.599  -94.584  -18.554 0.8999999762
1828  -0.753  -94.621  -19.191 0.8999999762
1831  -3.655  -94.391  -19.568 1.0000000000
1829  -1.714  -94.548  -19.533 1.0000000000
133568  -3.239  -94.545  -20.192 1.0000000000
137109  -3.902  -94.491  -20.129 1.0000000000
142116  -1.697  -95.079  -21.972 1.0000000000
1856  -3.619  -94.918  -21.548 1.0000000000
1455  0.464  -95.650  -22.377 0.8999999762
299  -8.376  -99.846  -24.861 0.3000000119
300  -8.980  -99.491  -24.372 0.3000000119
134013  0.181  -95.574  -23.835 1.0000000000
854  -0.362  -97.495  -26.497 1.0000000000
1133  0.525  -96.159  -26.974 1.0000000000
1141  -0.422  -96.193  -28.612 0.8999999762
1152  -0.444  -95.572  -29.275 0.8999999762
638  -9.332  -97.623  -32.935 0.6000000238
633  -10.039  -97.963  -32.515 0.5000000000
1163  -0.981  -95.699  -30.664 0.8999999762
636  -8.034  -97.580  -32.734 0.6000000238
917  -9.415  -97.105  -33.254 0.6000000238
1532  -1.719  -95.479  -31.806 1.0000000000
1206  -6.354  -96.634  -33.776 0.6000000238
919  -7.204  -96.738  -34.034 0.6999999881
1212  -8.705  -96.277  -33.737 0.6999999881
1197  -9.834  -96.336  -33.028 0.5000000000
1201  -1.954  -95.407  -32.436 1.0000000000
1554  -0.302  -95.062  -34.055 1.0000000000
1210  -6.679  -96.231  -34.512 0.6999999881
921  -8.294  -96.496  -33.915 0.6999999881
1548  -8.311  -95.386  -33.583 0.6999999881
132839  -1.804  -95.009  -33.387 1.0000000000
1559  -5.304  -95.347  -34.553 0.6999999881
1213  -6.245  -95.564  -34.987 0.6999999881
1561  -7.440  -95.566  -34.466 0.6999999881
1980  -6.990  -94.167  -32.834 0.5000000000
2005  -2.225  -94.180  -33.925 0.8999999762
2019  -4.424  -94.227  -35.316 0.6000000238
2021  -6.023  -94.600  -35.255 0.6000000238
2007  -6.466  -94.678  -34.826 0.6000000238
2472  -6.152  -93.977  -34.287 0.6000000238
2477  -1.212  -93.915  -33.919 0.8999999762
2017  -2.654  -93.723  -34.574 0.8000000119
2479  -4.037  -93.607  -35.478 0.6999999881
155158  -5.300  -93.738  -35.329 0.6000000238
2006  -5.693  -93.868  -35.113 0.6000000238
1787  -0.791  -94.865  -14.528 1.0000000000
2280  -1.573  -93.865  -15.403 1.0000000000
1802  -1.462  -94.950  -16.541 1.0000000000
2762  -2.560  -93.287  -16.739 1.0000000000
150165  -1.100  -91.972  -14.786 1.0000000000
2755  -1.645  -91.905  -15.535 1.0000000000
139475  -1.674  -92.861  -15.523 1.0000000000
2288  -2.889  -93.656  -17.314 1.0000000000
2202  -0.948  -93.699  -9.417 0.8999999762
2213  -0.084  -93.873  -10.200 1.0000000000
2224  0.088  -93.617  -11.040 1.0000000000
2724  -0.687  -92.521  -13.256 1.0000000000
2756  -2.363  -92.527  -16.401 1.0000000000
2302  -4.190  -94.044  -19.048 1.0000000000
154470  -0.020  -93.499  -9.917 0.8999999762
2699  -0.091  -92.904  -11.738 1.0000000000
2293  -3.921  -93.743  -18.309 1.0000000000
2188  -0.616  -93.058  -9.296 0.8000000119
2689  0.150  -92.464  -10.378 1.0000000000
2712  -0.552  -92.100  -12.493 1.0000000000
1832  -4.365  -94.286  -19.757 1.0000000000
3198  0.114  -92.073  -9.708 0.8999999762
2700  -0.085  -92.022  -11.356 1.0000000000
143835  -0.816  -91.201  -12.919 1.0000000000
2303  -5.029  -93.874  -19.392 1.0000000000
3214  0.093  -91.624  -10.549 1.0000000000
3243  -0.581  -91.124  -12.051 1.0000000000
139873  -3.793  -94.654  -20.749 1.0000000000
1870  -2.537  -95.349  -22.514 1.0000000000
1867  -0.420  -95.116  -22.507 1.0000000000
1869  -1.804  -95.395  -22.872 1.0000000000
1468  -0.112  -95.214  -23.160 1.0000000000
1886  -1.255  -95.490  -23.374 1.0000000000
1885  -0.676  -95.398  -23.222 1.0000000000
149323  0.156  -95.568  -24.665 1.0000000000
143280  -0.417  -95.403  -23.834 1.0000000000
140931  -1.482  -95.524  -24.120 1.0000000000
4479  -0.123  -89.333  -19.486 1.0000000000
3892  -0.005  -90.035  -19.972 1.0000000000
1483  0.536  -95.750  -25.347 1.0000000000
1900  -1.026  -95.490  -24.814 1.0000000000
5716  0.192  -88.117  -20.379 1.0000000000
5133  0.228  -88.869  -20.522 0.8999999762
136310  0.062  -90.264  -20.839 1.0000000000
3317  -0.594  -91.109  -21.144 1.0000000000
1121  0.491  -96.606  -25.285 1.0000000000
1486  0.498  -95.514  -26.247 1.0000000000
1918  0.056  -95.050  -26.361 1.0000000000
5144  0.299  -89.002  -21.679 0.8000000119
3907  0.261  -90.416  -21.639 1.0000000000
3354  -0.822  -91.450  -22.528 1.0000000000
1490  0.333  -95.146  -27.243 1.0000000000
5736  0.187  -88.347  -22.369 0.8999999762
5160  0.190  -89.123  -22.591 0.8999999762
4539  -0.208  -90.210  -23.080 0.6999999881
3364  0.112  -90.803  -22.797 0.8999999762
2810  -0.759  -91.284  -23.143 0.8999999762
138674  0.248  -95.761  -27.913 0.8999999762
135830  -0.624  -89.720  -23.084 0.6999999881
4540  -1.233  -90.189  -23.156 0.6999999881
2823  -0.927  -91.103  -23.647 0.8999999762
135073  0.179  -95.329  -28.721 1.0000000000
4525  -1.783  -89.545  -22.852 0.6999999881
3377  -0.878  -90.934  -24.838 0.8000000119
1504  -0.583  -95.312  -30.072 0.8999999762
3932  -1.493  -90.400  -23.471 0.6999999881
3945  -1.238  -90.594  -24.373 0.8000000119
3391  -0.818  -90.914  -25.617 1.0000000000
131308  -1.772  -91.333  -25.770 1.0000000000
1960  -0.425  -94.398  -30.362 1.0000000000
1521  -1.233  -95.183  -31.443 1.0000000000
4556  -2.124  -90.281  -23.763 0.8000000119
149400  -1.743  -90.094  -24.742 0.8000000119
3970  -0.722  -90.334  -26.104 1.0000000000
1531  -1.430  -94.983  -32.200 1.0000000000
1979  -1.143  -94.204  -33.170 1.0000000000
131655  -2.960  -89.882  -23.466 0.6000000238
4570  -2.582  -89.762  -24.455 0.6999999881
4569  -1.054  -89.946  -25.507 0.8999999762
3971  -0.744  -90.378  -26.672 1.0000000000
5200  -1.857  -89.206  -25.656 0.6999999881
4568  -0.643  -89.846  -26.197 0.8999999762
4583  -0.769  -89.231  -26.308 1.0000000000
4582  -0.353  -89.209  -26.875 1.0000000000
2004  0.067  -94.208  -34.502 1.0000000000
2966  -2.322  -92.621  -34.579 0.8000000119
134113  -3.217  -93.328  -35.183 0.6999999881
149398  -5.038  -93.078  -35.392 0.5000000000
2471  -5.593  -93.206  -34.139 0.6000000238
2446  -5.631  -92.731  -33.005 0.5000000000
2959  -1.787  -92.400  -34.146 0.8000000119
2485  -2.960  -92.540  -35.284 0.6999999881
2486  -3.777  -92.705  -35.565 0.6999999881
2487  -4.468  -93.096  -35.540 0.6000000238
2973  -3.892  -91.876  -36.024 0.5000000000
2969  -5.003  -91.959  -35.752 0.5000000000
2270  -0.965  -93.919  -14.766 1.0000000000
154974  -1.867  -93.941  -15.911 1.0000000000
146733  -0.974  -92.548  -14.744 1.0000000000
133004  0.012  -93.620  -11.945 1.0000000000
2237  -0.306  -93.213  -12.667 1.0000000000
3265  -1.056  -91.331  -14.489 1.0000000000
2763  -2.928  -92.752  -16.981 1.0000000000
3802  -0.051  -90.812  -10.649 1.0000000000
1845  -5.170  -94.381  -20.688 1.0000000000
1855  -2.693  -94.986  -21.734 1.0000000000
1857  -4.592  -94.740  -21.312 1.0000000000
1872  -4.295  -95.180  -22.226 1.0000000000
1871  -3.363  -95.305  -22.310 1.0000000000
3884  -2.336  -90.220  -19.839 1.0000000000
142854  -2.947  -90.593  -20.496 1.0000000000
140495  -2.169  -95.500  -24.109 1.0000000000
141554  -3.141  -95.544  -22.939 1.0000000000
4480  -0.361  -89.011  -18.853 1.0000000000
4491  -1.661  -89.829  -19.252 1.0000000000
3895  -1.989  -90.771  -20.412 1.0000000000
3882  -0.665  -90.181  -19.913 1.0000000000
3318  -1.586  -91.211  -21.017 1.0000000000
140198  -2.612  -95.487  -24.730 1.0000000000
1910  -1.255  -95.169  -25.598 1.0000000000
5112  0.029  -88.729  -19.016 1.0000000000
3894  -1.043  -90.782  -20.429 1.0000000000
2796  -2.815  -91.587  -22.330 1.0000000000
2812  -2.623  -91.969  -23.033 1.0000000000
140007  -1.620  -94.940  -26.221 1.0000000000
5717  -0.004  -87.446  -20.906 0.8999999762
155462  0.097  -87.722  -21.971 0.6999999881
3336  -1.166  -91.414  -21.784 1.0000000000
2811  -1.292  -91.702  -23.080 1.0000000000
1919  -0.753  -94.887  -26.464 1.0000000000
1920  -1.572  -94.719  -26.933 1.0000000000
135212  -0.900  -94.679  -27.294 1.0000000000
6322  -0.323  -86.899  -19.978 0.8999999762
5753  -0.311  -87.766  -23.404 0.6000000238
5754  -0.804  -87.854  -23.608 0.5000000000
6371  -1.352  -87.418  -23.964 0.4000000060
2835  -3.109  -91.924  -24.190 1.0000000000
134330  -0.205  -94.856  -27.250 1.0000000000
1932  -0.640  -94.508  -27.935 0.8999999762
1933  -1.555  -94.354  -27.806 1.0000000000
2395  -1.919  -93.813  -28.674 1.0000000000
2824  -1.326  -91.566  -23.747 0.8999999762
2844  -2.916  -91.718  -24.912 1.0000000000
1931  0.044  -94.705  -28.001 0.8999999762
1945  -0.427  -94.344  -28.528 1.0000000000
2394  -0.990  -93.966  -28.503 1.0000000000
2407  -1.255  -93.534  -29.296 1.0000000000
6328  -0.439  -86.550  -21.063 0.8000000119
5162  -2.523  -88.958  -22.483 0.5000000000
3378  -0.989  -91.184  -24.566 1.0000000000
150879  -0.293  -94.215  -28.937 1.0000000000
2406  -0.629  -93.938  -29.079 1.0000000000
2891  -1.314  -92.886  -30.042 1.0000000000
3393  -2.629  -91.402  -25.626 1.0000000000
3411  -3.265  -91.090  -26.196 1.0000000000
1953  -0.316  -94.142  -29.514 1.0000000000
2416  -0.524  -93.771  -31.186 1.0000000000
2905  -0.813  -92.781  -30.663 1.0000000000
4542  -3.198  -89.607  -22.816 0.5000000000
3425  -2.907  -90.775  -26.872 1.0000000000
3992  -2.430  -90.292  -27.469 1.0000000000
1967  -0.790  -94.128  -31.979 1.0000000000
2428  -0.753  -93.846  -31.959 1.0000000000
2906  -1.422  -92.257  -30.739 1.0000000000
3991  -1.253  -90.301  -27.337 1.0000000000
2429  -0.615  -93.190  -31.717 1.0000000000
136739  -0.609  -92.716  -31.202 1.0000000000
3990  -0.583  -89.649  -27.314 1.0000000000
2937  -1.182  -93.704  -33.008 1.0000000000
2950  -1.192  -92.994  -33.151 1.0000000000
3514  -1.016  -91.979  -33.189 1.0000000000
4595  -0.333  -88.992  -27.523 0.8999999762
3520  -1.428  -92.241  -33.664 0.8999999762
3515  -1.367  -91.318  -33.692 0.8999999762
3530  -5.368  -90.915  -35.705 0.5000000000
139769  -2.210  -91.977  -34.574 0.6999999881
4081  -3.130  -90.316  -35.770 0.6000000238
4097  -3.719  -90.547  -36.310 0.6000000238
2960  -5.253  -92.717  -35.097 0.5000000000
2968  -3.233  -91.805  -35.588 0.6000000238
2259  -0.818  -93.189  -14.336 1.0000000000
2250  -0.567  -93.233  -13.548 1.0000000000
2203  -1.802  -93.723  -9.195 0.6000000238
3278  -1.443  -91.566  -15.115 1.0000000000
3284  -2.055  -91.661  -16.071 1.0000000000
2649  -1.444  -91.857  -7.933 0.4000000060
2189  -1.147  -93.078  -9.054 0.5000000000
3822  -0.855  -90.460  -12.805 1.0000000000
135100  -0.943  -90.633  -13.734 1.0000000000
142233  -3.502  -92.168  -17.158 1.0000000000
2765  -4.245  -92.448  -17.648 1.0000000000
2768  -4.277  -93.101  -18.081 1.0000000000
2662  -0.804  -92.430  -8.686 0.6999999881
148180  -2.083  -90.953  -15.910 1.0000000000
2769  -5.015  -92.708  -18.166 1.0000000000
2294  -4.687  -93.512  -18.581 1.0000000000
3182  -0.473  -91.820  -8.243 0.6999999881
132050  0.060  -91.553  -9.108 1.0000000000
3814  -0.440  -90.531  -11.458 1.0000000000
2304  -5.902  -93.563  -19.543 1.0000000000
2318  -5.534  -93.972  -20.128 1.0000000000
3885  -3.307  -90.047  -19.940 1.0000000000
141943  -3.894  -95.546  -22.978 1.0000000000
5113  -0.848  -88.742  -18.308 0.8999999762
4482  -1.863  -89.111  -18.667 1.0000000000
132832  -2.636  -89.562  -19.365 1.0000000000
4492  -3.677  -89.218  -19.611 1.0000000000
3321  -4.336  -90.655  -21.322 1.0000000000
1889  -3.358  -95.611  -23.601 1.0000000000
153086  -2.826  -95.581  -24.049 1.0000000000
4483  -2.990  -88.907  -18.921 1.0000000000
150504  -2.599  -91.154  -21.004 1.0000000000
1911  -2.267  -95.238  -25.614 1.0000000000
5691  0.065  -88.019  -18.813 0.8999999762
3320  -3.974  -91.192  -21.783 1.0000000000
2813  -3.425  -91.652  -22.838 1.0000000000
1901  -3.500  -95.582  -24.495 1.0000000000
6361  -0.652  -87.101  -24.089 0.4000000060
2826  -3.241  -91.904  -23.500 1.0000000000
1912  -3.175  -95.063  -26.058 1.0000000000
136825  -2.926  -94.728  -26.776 1.0000000000
5737  0.023  -87.595  -22.926 0.6999999881
6372  -2.222  -86.932  -24.121 0.3000000119
3380  -4.340  -91.493  -23.988 1.0000000000
1922  -3.616  -94.749  -26.763 1.0000000000
1934  -2.347  -94.561  -27.236 1.0000000000
2383  -2.549  -94.071  -27.948 1.0000000000
5725  -0.143  -87.038  -22.041 0.6999999881
6360  -0.349  -86.479  -23.847 0.4000000060
3379  -3.823  -91.553  -24.621 1.0000000000
3395  -4.466  -91.123  -25.368 1.0000000000
2384  -3.460  -93.945  -28.029 1.0000000000
6947  -0.351  -85.720  -23.131 0.5000000000
3394  -3.525  -91.345  -25.444 1.0000000000
3973  -4.572  -90.724  -26.088 1.0000000000
2396  -2.914  -93.602  -28.738 1.0000000000
3972  -4.082  -90.519  -26.753 1.0000000000
3993  -3.414  -90.252  -27.379 1.0000000000
2876  -2.265  -93.127  -29.514 1.0000000000
143126  -2.190  -92.395  -30.295 1.0000000000
4009  -3.264  -89.755  -28.070 1.0000000000
4008  -2.072  -89.702  -28.196 1.0000000000
2922  -0.622  -92.448  -31.755 1.0000000000
4608  -0.539  -89.133  -27.962 0.8999999762
4053  -0.801  -91.224  -32.382 1.0000000000
5213  -0.367  -88.368  -27.363 0.8999999762
4063  -0.909  -91.079  -33.058 1.0000000000
3537  -4.949  -90.695  -36.336 0.5000000000
4070  -1.761  -90.637  -34.387 0.8000000119
4675  -2.565  -89.701  -35.270 0.6000000238
4098  -4.369  -90.227  -36.556 0.5000000000
4064  -1.265  -90.362  -33.582 0.8999999762
4657  -2.217  -89.365  -34.641 0.8000000119
4676  -3.147  -89.382  -35.847 0.6000000238
5310  -4.588  -88.731  -36.562 0.6000000238
154703  -3.605  -88.184  -34.550 0.5000000000
5895  -4.751  -87.545  -35.777 0.6000000238
5889  -4.097  -87.858  -34.932 0.4000000060
1778  -0.045  -94.426  -13.169 1.0000000000
1766  -0.145  -94.578  -12.575 1.0000000000
2249  -0.149  -93.841  -13.159 1.0000000000
3183  -2.299  -91.339  -8.248 0.3000000119
3852  -1.995  -90.503  -15.510 1.0000000000
3862  -3.375  -90.582  -16.385 1.0000000000
2190  -1.754  -92.933  -8.950 0.3000000119
137538  -0.946  -89.720  -13.402 1.0000000000
136432  -1.419  -90.947  -14.998 1.0000000000
3292  -3.333  -91.301  -16.896 1.0000000000
3293  -4.237  -91.573  -17.249 1.0000000000
3166  -1.170  -91.399  -7.220 0.5000000000
4417  -0.851  -89.701  -12.576 1.0000000000
3299  -4.839  -92.009  -17.714 1.0000000000
148177  -0.723  -91.605  -7.677 0.6999999881
138460  0.073  -90.348  -9.750 1.0000000000
2770  -5.950  -92.561  -18.444 1.0000000000
2773  -5.497  -93.225  -18.842 1.0000000000
3773  -0.428  -91.214  -7.688 0.6999999881
3785  0.043  -90.966  -8.485 0.8000000119
138093  -6.216  -93.744  -20.171 1.0000000000
1858  -5.474  -94.559  -21.362 1.0000000000
2327  -6.038  -94.101  -20.872 1.0000000000
4500  -4.925  -89.567  -20.384 1.0000000000
3897  -4.652  -90.138  -20.783 1.0000000000
133923  -4.914  -95.340  -23.097 1.0000000000
1859  -6.173  -94.446  -21.780 1.0000000000
5114  -1.668  -88.383  -18.020 0.8999999762
6302  -0.040  -87.395  -18.136 0.8999999762
5115  -3.269  -88.185  -18.711 1.0000000000
5123  -3.706  -88.552  -19.171 1.0000000000
4493  -4.512  -89.248  -19.902 1.0000000000
3339  -4.827  -90.985  -21.997 1.0000000000
3356  -5.203  -91.111  -22.776 1.0000000000
5692  -0.068  -87.221  -18.918 0.8999999762
142694  -1.295  -86.480  -24.520 0.4000000060
3366  -4.743  -91.349  -23.383 1.0000000000
135220  -5.076  -91.253  -24.128 1.0000000000
1913  -3.961  -95.394  -25.399 1.0000000000
1923  -4.413  -94.718  -26.720 1.0000000000
3396  -5.248  -91.047  -24.942 1.0000000000
3946  -5.996  -90.431  -25.159 1.0000000000
1936  -3.996  -94.394  -27.429 1.0000000000
6980  -0.811  -85.744  -24.782 0.4000000060
3957  -5.288  -90.502  -25.817 1.0000000000
6935  -0.604  -85.422  -22.106 0.4000000060
3974  -5.557  -90.034  -26.590 1.0000000000
142711  -4.919  -90.320  -26.493 1.0000000000
6967  -0.382  -85.673  -24.113 0.3000000119
3994  -5.120  -89.815  -27.287 1.0000000000
4597  -5.012  -89.404  -28.274 1.0000000000
2877  -3.347  -92.952  -29.342 1.0000000000
136100  -4.208  -89.803  -27.737 1.0000000000
4596  -4.148  -89.275  -28.623 1.0000000000
146680  -4.891  -89.238  -29.073 1.0000000000
4610  -3.113  -89.142  -28.786 1.0000000000
134007  -2.004  -90.861  -30.932 1.0000000000
3477  -0.811  -92.173  -31.169 1.0000000000
3491  -1.388  -91.412  -31.239 1.0000000000
4039  -0.771  -91.638  -31.747 1.0000000000
5220  -0.423  -88.502  -28.007 0.8999999762
132077  -1.551  -90.089  -31.762 1.0000000000
4040  -1.072  -90.706  -31.891 1.0000000000
4054  -0.934  -90.267  -32.719 1.0000000000
144892  -1.674  -88.965  -31.927 1.0000000000
4645  -1.413  -89.428  -32.528 1.0000000000
4650  -1.340  -89.606  -33.386 1.0000000000
5243  -1.878  -88.473  -31.639 1.0000000000
5251  -1.923  -88.647  -32.411 0.8000000119
5258  -1.705  -89.091  -33.178 1.0000000000
5280  -2.563  -88.865  -34.480 0.6000000238
5311  -5.725  -88.458  -36.984 0.3000000119
5896  -5.536  -87.210  -36.299 0.5000000000
5858  -2.664  -87.963  -32.554 0.6000000238
5870  -3.717  -87.804  -34.056 0.5000000000
5871  -4.259  -87.115  -34.143 0.5000000000
4436  -1.523  -89.118  -14.478 1.0000000000
4444  -1.883  -89.792  -15.084 1.0000000000
139376  -4.294  -90.376  -16.564 1.0000000000
3167  -1.780  -91.357  -7.374 0.4000000060
132097  -0.929  -88.899  -13.058 1.0000000000
147863  -1.385  -89.145  -14.294 1.0000000000
4435  -1.400  -89.731  -14.677 1.0000000000
3868  -3.922  -90.873  -16.953 1.0000000000
130932  -0.634  -89.068  -11.291 1.0000000000
3294  -5.157  -91.395  -17.451 1.0000000000
3301  -6.419  -91.891  -18.162 1.0000000000
148871  0.012  -89.322  -9.592 0.8999999762
134361  -0.333  -89.943  -10.898 1.0000000000
2305  -6.688  -93.308  -19.802 1.0000000000
139300  -7.189  -92.776  -19.357 1.0000000000
1873  -5.337  -94.887  -22.196 1.0000000000
2319  -6.866  -93.648  -20.557 1.0000000000
3898  -5.336  -89.926  -20.825 1.0000000000
2328  -6.869  -93.927  -21.383 1.0000000000
3909  -5.268  -90.335  -21.449 1.0000000000
1874  -6.260  -94.668  -22.728 1.0000000000
5102  -0.815  -88.043  -17.671 0.8999999762
5104  -2.667  -87.853  -18.008 0.8999999762
4501  -5.664  -89.386  -20.593 1.0000000000
5693  -3.606  -87.469  -18.533 1.0000000000
5116  -4.116  -87.993  -18.947 1.0000000000
5125  -5.226  -88.282  -19.650 1.0000000000
4495  -6.078  -88.935  -20.242 1.0000000000
1903  -5.135  -95.325  -24.208 1.0000000000
5117  -4.881  -87.832  -19.266 1.0000000000
5704  -5.544  -87.812  -19.513 1.0000000000
137288  -6.772  -88.044  -19.789 1.0000000000
3357  -5.941  -90.758  -23.010 1.0000000000
3367  -5.517  -91.063  -23.532 1.0000000000
1902  -4.346  -95.515  -24.605 1.0000000000
135426  -4.848  -95.273  -25.136 1.0000000000
3947  -6.496  -90.329  -24.449 1.0000000000
149945  -5.526  -94.999  -24.948 1.0000000000
139452  -0.713  -86.133  -20.253 0.8000000119
136650  -2.115  -86.250  -24.680 0.3000000119
135358  -4.641  -94.998  -25.928 1.0000000000
145018  -0.803  -85.609  -21.118 0.4000000060
3958  -6.305  -89.915  -26.176 1.0000000000
4584  -6.081  -89.586  -27.128 1.0000000000
1924  -5.218  -94.617  -26.509 1.0000000000
2385  -4.314  -93.858  -28.055 1.0000000000
2386  -5.610  -93.623  -27.758 1.0000000000
7606  -0.572  -84.749  -22.604 0.4000000060
4598  -5.793  -89.423  -27.910 1.0000000000
4611  -5.587  -89.486  -28.673 1.0000000000
3464  -6.114  -90.525  -29.028 1.0000000000
2399  -5.371  -93.154  -28.413 1.0000000000
2398  -4.645  -93.347  -28.624 1.0000000000
2397  -3.847  -93.494  -28.726 1.0000000000
4620  -5.393  -89.681  -29.274 1.0000000000
4017  -5.672  -90.183  -29.357 1.0000000000
2878  -4.275  -92.809  -29.246 1.0000000000
138764  -2.946  -92.459  -29.910 1.0000000000
144172  -4.818  -89.554  -29.597 1.0000000000
3460  -3.013  -91.697  -30.476 1.0000000000
2907  -2.122  -91.609  -30.770 1.0000000000
4609  -2.001  -88.997  -28.833 1.0000000000
4619  -4.002  -89.170  -29.677 1.0000000000
5221  -1.053  -88.688  -28.586 0.8999999762
4618  -2.877  -88.821  -29.545 1.0000000000
5812  -0.837  -87.068  -28.298 0.8999999762
142595  -0.799  -87.903  -28.491 0.8999999762
4628  -1.927  -89.437  -31.217 1.0000000000
4025  -1.720  -90.453  -31.377 1.0000000000
6405  -0.757  -86.945  -27.811 0.8000000119
5235  -1.906  -88.699  -31.251 1.0000000000
154204  -3.935  -86.555  -32.948 0.6000000238
6508  -6.192  -86.993  -36.766 0.3000000119
135622  -2.768  -87.415  -31.910 0.8999999762
6482  -3.813  -87.210  -33.379 0.5000000000
153703  -4.242  -86.534  -33.545 0.5000000000
6493  -4.732  -86.917  -34.950 0.4000000060
4446  -3.589  -89.449  -15.566 1.0000000000
131459  -3.924  -89.893  -16.103 1.0000000000
4445  -2.670  -89.582  -15.336 1.0000000000
4458  -3.017  -89.937  -15.941 1.0000000000
3863  -5.122  -90.186  -16.741 1.0000000000
3152  -1.071  -91.063  -6.549 0.5000000000
5052  -1.041  -88.166  -13.192 1.0000000000
5072  -3.138  -88.944  -15.014 1.0000000000
3869  -4.702  -90.819  -17.048 1.0000000000
5034  -0.746  -88.186  -11.697 1.0000000000
3295  -5.993  -91.274  -17.707 1.0000000000
3761  -0.440  -90.656  -7.112 0.6000000238
4399  -0.289  -89.219  -10.393 1.0000000000
5043  -0.885  -88.073  -12.577 1.0000000000
2771  -6.797  -92.398  -18.713 1.0000000000
4360  0.005  -89.829  -7.270 0.6999999881
2786  -7.509  -93.079  -20.138 1.0000000000
152440  -5.572  -94.987  -22.884 1.0000000000
5682  -0.901  -87.379  -17.085 0.8999999762
148795  -2.406  -87.281  -17.487 0.8999999762
5134  -6.861  -88.637  -20.279 1.0000000000
3920  -6.517  -90.327  -22.588 1.0000000000
1892  -6.639  -94.524  -23.623 1.0000000000
2340  -6.928  -94.135  -22.191 1.0000000000
133917  -4.452  -87.249  -18.888 1.0000000000
1904  -6.140  -94.777  -24.413 1.0000000000
1891  -5.774  -94.967  -23.493 1.0000000000
6310  -0.115  -86.759  -18.223 0.8999999762
5706  -7.155  -87.358  -19.558 1.0000000000
6930  -0.565  -86.273  -19.164 0.8000000119
5695  -6.385  -86.823  -19.198 1.0000000000
3959  -6.912  -89.928  -25.339 1.0000000000
1915  -6.109  -94.605  -25.331 1.0000000000
150530  -1.300  -84.512  -20.345 0.5000000000
4572  -7.272  -89.620  -26.208 1.0000000000
1914  -5.398  -94.856  -25.677 1.0000000000
2362  -5.975  -94.367  -26.157 1.0000000000
6981  -1.601  -85.752  -25.042 0.4000000060
4585  -6.824  -89.527  -26.883 1.0000000000
2372  -5.772  -94.021  -26.967 1.0000000000
2869  -6.123  -92.860  -28.098 1.0000000000
8253  -0.728  -83.965  -22.065 0.4000000060
4599  -6.519  -89.605  -27.603 1.0000000000
3445  -7.066  -90.469  -28.021 1.0000000000
7632  -0.501  -84.961  -24.519 0.3000000119
4612  -6.268  -89.636  -28.328 1.0000000000
4010  -6.538  -90.131  -28.527 1.0000000000
2879  -5.062  -92.648  -28.988 1.0000000000
3443  -6.075  -91.422  -28.954 1.0000000000
3462  -4.680  -90.903  -29.995 1.0000000000
3461  -3.872  -91.997  -29.933 1.0000000000
4028  -4.398  -89.870  -30.147 1.0000000000
149840  -3.309  -89.097  -30.153 1.0000000000
3478  -2.841  -90.771  -30.812 1.0000000000
3479  -3.801  -90.791  -30.470 1.0000000000
5227  -2.000  -88.558  -29.520 1.0000000000
4026  -2.409  -90.004  -30.935 1.0000000000
6423  -1.155  -86.205  -28.104 0.8999999762
6437  -1.391  -86.456  -28.741 0.8999999762
5850  -3.195  -86.697  -31.595 0.8999999762
7110  -4.659  -84.599  -34.418 0.4000000060
149037  -5.129  -86.077  -35.130 0.4000000060
3752  -2.288  -90.945  -6.796 0.1000000015
153259  -4.860  -88.817  -15.308 1.0000000000
3153  -1.520  -91.135  -6.569 0.3000000119
4447  -4.587  -89.276  -15.830 1.0000000000
153821  -1.332  -87.938  -13.966 1.0000000000
4470  -5.988  -89.974  -17.003 1.0000000000
4350  -0.454  -89.959  -6.446 0.6000000238
5608  -0.942  -87.308  -12.825 1.0000000000
134263  -6.453  -90.640  -17.372 1.0000000000
5025  -0.576  -88.328  -10.814 1.0000000000
5589  -0.655  -87.478  -11.183 1.0000000000
135127  -7.345  -90.620  -17.521 1.0000000000
3874  -6.857  -91.185  -17.939 1.0000000000
3302  -7.295  -91.826  -18.384 1.0000000000
4359  0.131  -89.419  -8.107 0.8000000119
3303  -8.252  -91.806  -18.736 1.0000000000
3307  -7.542  -92.265  -18.945 1.0000000000
2775  -8.158  -92.502  -19.537 1.0000000000
4512  -6.773  -89.699  -21.326 1.0000000000
2787  -8.397  -92.853  -20.472 1.0000000000
6303  -0.334  -86.586  -17.569 0.8999999762
149822  -0.782  -86.217  -16.671 0.8999999762
5672  -1.805  -86.553  -16.632 0.8999999762
3910  -6.208  -90.186  -21.741 1.0000000000
2797  -7.718  -93.440  -21.065 1.0000000000
5684  -3.214  -87.072  -17.848 1.0000000000
6311  -4.776  -86.480  -18.791 1.0000000000
2330  -8.118  -93.415  -21.922 1.0000000000
6912  -0.438  -85.668  -17.250 0.8000000119
5696  -7.157  -86.640  -19.189 1.0000000000
135875  -7.005  -90.238  -23.177 1.0000000000
138902  -7.760  -93.746  -23.093 1.0000000000
6919  -0.364  -86.012  -18.035 0.8000000119
7573  -0.928  -85.301  -18.878 0.6999999881
3933  -6.874  -90.273  -23.774 1.0000000000
3948  -7.371  -89.902  -24.532 1.0000000000
2357  -7.441  -93.732  -24.801 1.0000000000
132520  -8.636  -89.583  -25.174 1.0000000000
149555  -7.111  -93.845  -25.260 1.0000000000
7596  -1.018  -83.996  -21.074 0.3000000119
4573  -7.894  -89.574  -25.462 1.0000000000
4586  -7.926  -89.670  -26.313 1.0000000000
2373  -6.533  -93.766  -26.591 1.0000000000
3996  -7.748  -89.871  -26.947 1.0000000000
3427  -7.647  -90.782  -27.499 1.0000000000
2871  -7.674  -91.863  -27.176 1.0000000000
2387  -6.367  -93.378  -27.379 1.0000000000
3995  -7.442  -90.088  -27.493 1.0000000000
3426  -7.124  -91.392  -27.947 1.0000000000
3444  -6.652  -90.928  -28.565 1.0000000000
2881  -6.525  -91.930  -28.418 1.0000000000
2880  -5.826  -92.371  -28.738 1.0000000000
2893  -5.508  -91.898  -29.202 1.0000000000
2892  -4.863  -91.942  -29.595 1.0000000000
4629  -2.596  -88.916  -30.435 1.0000000000
4027  -3.500  -89.696  -30.484 1.0000000000
5226  -1.626  -88.021  -29.335 1.0000000000
5236  -2.130  -88.375  -30.420 1.0000000000
5822  -1.333  -87.298  -29.012 1.0000000000
5837  -2.124  -87.024  -30.400 1.0000000000
138868  -1.945  -88.065  -30.399 1.0000000000
155316  -1.830  -86.056  -29.223 1.0000000000
6448  -1.756  -86.758  -29.556 0.8999999762
6459  -2.659  -86.393  -30.797 0.8999999762
5849  -2.435  -87.256  -31.225 0.8999999762
7066  -2.245  -84.825  -28.919 0.8000000119
6460  -3.354  -85.536  -31.296 0.6999999881
6469  -3.790  -86.094  -32.260 0.6000000238
6470  -4.258  -85.557  -33.294 0.5000000000
7119  -5.115  -85.029  -35.269 0.4000000060
3742  -2.614  -90.445  -5.262 0.2000000030
3733  -2.107  -90.270  -4.634 0.2000000030
3740  -1.436  -90.582  -5.637 0.3000000119
4331  -1.484  -89.615  -4.667 0.3000000119
5063  -3.783  -88.517  -14.483 1.0000000000
5064  -4.700  -88.474  -14.720 1.0000000000
5088  -5.448  -88.865  -15.700 1.0000000000
3739  -0.937  -90.430  -5.876 0.5000000000
137653  -2.553  -87.805  -13.720 1.0000000000
5638  -3.501  -87.969  -13.879 1.0000000000
4471  -6.908  -89.965  -17.116 1.0000000000
5623  -1.696  -87.623  -13.604 1.0000000000
6210  -0.655  -86.674  -11.389 1.0000000000
3875  -7.781  -91.182  -18.088 1.0000000000
5002  0.065  -89.063  -6.812 0.6999999881
5001  0.180  -88.150  -7.378 0.8000000119
5013  0.082  -88.882  -8.962 1.0000000000
5018  -0.052  -87.916  -9.032 1.0000000000
5582  -0.426  -87.385  -9.785 1.0000000000
5588  -0.606  -86.916  -10.595 1.0000000000
132614  0.051  -87.573  -8.244 1.0000000000
3322  -9.020  -92.331  -20.003 1.0000000000
2788  -9.147  -92.508  -20.832 1.0000000000
6304  -2.701  -86.670  -17.093 1.0000000000
6306  -4.314  -86.011  -18.244 1.0000000000
3911  -7.045  -90.016  -21.979 1.0000000000
2798  -8.581  -92.950  -21.355 1.0000000000
137949  -0.652  -85.125  -17.829 0.6999999881
6312  -5.671  -86.232  -18.953 1.0000000000
2814  -8.840  -92.798  -23.133 1.0000000000
5707  -8.160  -87.461  -19.707 1.0000000000
3934  -7.674  -89.809  -23.626 1.0000000000
2828  -8.780  -92.706  -24.008 1.0000000000
7585  -1.419  -83.777  -20.239 0.5000000000
4574  -8.580  -89.733  -25.803 1.0000000000
2845  -7.997  -92.968  -25.261 1.0000000000
2858  -8.247  -91.720  -26.473 1.0000000000
2846  -8.499  -92.111  -25.750 1.0000000000
2364  -7.420  -93.487  -25.591 1.0000000000
3960  -9.000  -90.248  -25.745 1.0000000000
3397  -8.787  -91.032  -26.116 1.0000000000
2856  -7.081  -92.971  -26.900 1.0000000000
2870  -6.872  -92.452  -27.703 1.0000000000
5836  -1.849  -87.535  -29.903 1.0000000000
6438  -2.174  -85.421  -29.422 0.8999999762
6449  -2.207  -86.204  -29.963 0.8999999762
5654  -6.122  -88.095  -14.846 1.0000000000
4316  -1.779  -89.008  -4.081 0.4000000060
5624  -3.294  -87.550  -13.259 1.0000000000
5639  -4.462  -88.016  -14.056 1.0000000000
4460  -6.532  -89.443  -16.546 1.0000000000
131857  -0.199  -89.051  -6.017 0.5000000000
145526  -0.960  -89.542  -5.074 0.5000000000
6249  -2.383  -87.198  -13.247 1.0000000000
5075  -6.833  -88.527  -15.633 1.0000000000
5090  -7.126  -88.882  -16.175 1.0000000000
4991  0.089  -88.264  -6.441 0.5000000000
6247  -1.044  -86.608  -12.892 1.0000000000
6234  -1.293  -86.091  -12.700 1.0000000000
4461  -7.466  -89.422  -16.706 1.0000000000
6219  -0.649  -86.182  -11.364 1.0000000000
3871  -8.249  -90.605  -17.637 1.0000000000
128977  -0.307  -86.935  -8.994 0.8999999762
136273  -0.667  -86.520  -9.888 1.0000000000
4473  -8.603  -90.072  -17.278 1.0000000000
142406  -9.486  -90.951  -18.378 1.0000000000
3304  -9.216  -91.468  -18.869 1.0000000000
3309  -9.719  -91.745  -19.667 1.0000000000
3308  -8.890  -91.996  -19.353 1.0000000000
4504  -8.195  -89.045  -21.206 1.0000000000
4513  -7.554  -89.450  -21.629 1.0000000000
3323  -9.767  -91.997  -21.177 1.0000000000
5126  -7.575  -88.099  -19.928 1.0000000000
2799  -9.326  -92.476  -21.703 1.0000000000
6920  -5.028  -85.691  -18.647 1.0000000000
6921  -5.823  -85.335  -18.876 1.0000000000
6315  -8.555  -86.376  -19.067 1.0000000000
4528  -8.123  -89.528  -22.887 1.0000000000
7574  -1.257  -84.423  -18.626 0.5000000000
6313  -6.691  -85.936  -19.021 1.0000000000
4559  -8.265  -89.539  -24.562 1.0000000000
137836  -9.742  -91.547  -24.148 1.0000000000
8236  -1.617  -83.658  -19.379 0.5000000000
4575  -9.171  -89.763  -25.248 1.0000000000
3961  -9.533  -90.271  -25.109 1.0000000000
3383  -9.717  -91.040  -24.850 1.0000000000
2838  -9.266  -91.949  -24.492 1.0000000000
8245  -1.104  -83.028  -20.896 0.4000000060
3382  -9.093  -91.568  -25.307 1.0000000000
2837  -8.679  -92.483  -24.883 1.0000000000
5640  -5.482  -87.984  -14.303 1.0000000000
5551  -1.814  -87.372  -4.025 0.4000000060
4970  -1.708  -88.208  -4.124 0.4000000060
5626  -5.115  -87.770  -13.407 1.0000000000
5655  -6.927  -88.005  -15.042 1.0000000000
5076  -7.729  -88.383  -15.516 1.0000000000
5565  -0.083  -87.506  -6.158 0.6000000238
5558  -0.828  -87.550  -5.386 0.5000000000
6235  -2.338  -86.509  -12.663 1.0000000000
135735  -0.415  -86.053  -7.372 0.8000000119
6796  -0.641  -85.575  -8.169 0.8999999762
7456  -0.926  -84.717  -8.776 1.0000000000
6849  -1.864  -85.699  -12.242 1.0000000000
5091  -8.072  -88.900  -16.264 1.0000000000
6188  -0.194  -86.430  -7.731 0.8999999762
6193  -0.475  -86.251  -8.554 0.8999999762
6804  -0.858  -85.446  -8.946 1.0000000000
7471  -1.038  -84.711  -9.340 1.0000000000
7496  -0.541  -85.028  -10.699 1.0000000000
6847  -0.699  -85.825  -12.281 1.0000000000
4474  -9.376  -89.729  -17.049 1.0000000000
149857  0.152  -87.552  -6.838 0.6999999881
149308  -0.881  -85.855  -10.000 1.0000000000
5135  -7.859  -88.582  -20.551 1.0000000000
4484  -9.957  -90.084  -17.588 1.0000000000
3877  -10.101  -90.526  -18.172 1.0000000000
3887  -10.149  -91.007  -18.989 1.0000000000
143401  -9.532  -88.297  -21.130 1.0000000000
3310  -10.493  -91.222  -19.773 1.0000000000
5136  -8.762  -88.468  -20.825 1.0000000000
5145  -9.974  -88.369  -21.815 1.0000000000
5146  -10.984  -88.206  -21.977 1.0000000000
3324  -10.353  -91.562  -20.556 1.0000000000
6900  -0.573  -85.228  -16.665 0.6999999881
6279  -1.276  -86.034  -16.255 0.8999999762
4514  -8.422  -89.220  -22.106 1.0000000000
138574  -10.345  -88.585  -22.551 1.0000000000
7567  -0.495  -84.853  -16.967 0.6999999881
6913  -4.602  -85.306  -18.102 1.0000000000
4530  -9.484  -88.815  -22.478 1.0000000000
5166  -10.472  -88.934  -23.179 1.0000000000
5177  -11.194  -89.008  -22.944 1.0000000000
6914  -5.225  -84.928  -18.476 1.0000000000
4529  -8.892  -89.209  -22.909 1.0000000000
4545  -10.136  -89.361  -23.859 1.0000000000
4546  -10.706  -89.479  -23.446 1.0000000000
3935  -10.804  -90.030  -23.599 1.0000000000
3358  -10.443  -91.369  -22.674 1.0000000000
2815  -9.555  -92.210  -22.696 1.0000000000
6924  -8.370  -85.673  -18.951 1.0000000000
4544  -8.751  -89.369  -23.753 1.0000000000
4561  -9.740  -89.734  -24.559 1.0000000000
4562  -10.356  -89.849  -24.044 1.0000000000
3950  -10.392  -90.313  -24.010 1.0000000000
3369  -9.996  -91.531  -23.485 1.0000000000
8915  -1.027  -82.367  -21.620 0.3000000119
3949  -10.024  -90.304  -24.509 1.0000000000
6149  -1.457  -86.943  -3.678 0.4000000060
6776  -1.576  -86.094  -4.283 0.4000000060
5627  -6.097  -87.616  -13.531 1.0000000000
5641  -6.524  -87.792  -14.282 1.0000000000
6162  -1.725  -86.730  -4.422 0.5000000000
6850  -3.000  -85.964  -11.979 1.0000000000
6236  -3.498  -86.744  -12.228 1.0000000000
6237  -4.495  -86.970  -12.069 1.0000000000
5656  -7.793  -87.883  -14.821 1.0000000000
7420  -1.731  -85.138  -4.824 0.5000000000
135290  -1.959  -85.997  -4.938 0.6000000238
6783  -1.922  -85.368  -5.490 0.8000000119
8120  -0.845  -83.990  -9.124 1.0000000000
140430  -0.770  -84.412  -10.296 1.0000000000
6837  -3.414  -85.673  -11.142 1.0000000000
6220  -4.068  -86.416  -11.392 1.0000000000
7497  -0.569  -84.846  -11.289 1.0000000000
6836  -1.457  -84.978  -11.773 1.0000000000
5092  -9.049  -89.041  -16.402 1.0000000000
8147  -0.836  -83.961  -10.698 1.0000000000
7498  -1.892  -84.580  -11.206 1.0000000000
4485  -10.751  -89.956  -17.908 1.0000000000
3878  -10.929  -90.315  -18.677 1.0000000000
5128  -9.463  -87.986  -20.463 1.0000000000
5727  -11.522  -87.807  -21.244 1.0000000000
5147  -11.882  -88.218  -21.733 1.0000000000
3901  -11.745  -90.390  -20.998 1.0000000000
3900  -11.105  -90.866  -20.324 1.0000000000
7561  -0.530  -84.522  -16.231 0.6999999881
6889  -0.565  -84.898  -16.048 0.6999999881
6291  -2.393  -86.110  -16.364 1.0000000000
6292  -3.362  -85.985  -16.867 1.0000000000
7569  -4.433  -84.995  -17.361 1.0000000000
5708  -9.224  -87.382  -19.773 1.0000000000
142403  -10.130  -87.050  -19.602 1.0000000000
5718  -10.273  -87.458  -20.217 1.0000000000
5168  -11.560  -88.633  -22.334 1.0000000000
4531  -11.716  -89.296  -22.429 1.0000000000
8213  -1.435  -83.365  -17.492 0.5000000000
7568  -0.950  -84.257  -17.642 0.5000000000
129303  -5.874  -84.481  -18.725 1.0000000000
6923  -7.519  -85.320  -18.958 1.0000000000
6324  -9.509  -86.595  -19.218 1.0000000000
3936  -11.223  -89.680  -23.020 1.0000000000
150943  -11.585  -90.402  -21.749 1.0000000000
3341  -10.476  -91.506  -21.633 1.0000000000
8224  -1.617  -83.532  -18.444 0.5000000000
132268  -9.276  -85.876  -18.942 1.0000000000
3912  -11.069  -90.796  -22.150 1.0000000000
137334  -1.502  -82.868  -20.063 0.5000000000
8907  -1.230  -82.079  -20.756 0.3000000119
6147  0.227  -85.780  -3.387 0.4000000060
6128  0.441  -86.346  -2.561 0.4000000060
5544  -1.093  -87.587  -2.762 0.4000000060
8722  -0.472  -82.106  -6.356 0.6999999881
8739  -0.794  -82.741  -7.939 0.8000000119
139419  -0.863  -82.437  -8.302 0.8000000119
141969  -5.444  -87.078  -12.136 1.0000000000
5628  -7.022  -87.362  -13.622 1.0000000000
7434  -1.928  -84.659  -5.677 0.6000000238
8053  -1.773  -83.939  -5.943 0.8000000119
8072  -1.528  -83.684  -6.675 0.8000000119
8100  -0.654  -83.193  -8.679 1.0000000000
6221  -5.197  -86.752  -11.413 1.0000000000
5642  -7.425  -87.641  -14.273 1.0000000000
153898  -1.778  -85.162  -6.323 0.8000000119
7448  -1.535  -84.460  -7.066 0.8000000119
8132  -0.829  -83.664  -10.020 1.0000000000
132640  -4.205  -85.861  -10.812 1.0000000000
6222  -6.178  -86.782  -11.652 1.0000000000
6251  -6.616  -87.113  -12.881 1.0000000000
6265  -7.976  -87.162  -13.593 1.0000000000
5643  -8.380  -87.569  -14.168 1.0000000000
5657  -8.620  -88.014  -14.899 1.0000000000
5077  -8.823  -88.567  -15.618 1.0000000000
8133  -1.122  -83.388  -10.237 1.0000000000
6266  -9.121  -87.014  -13.431 1.0000000000
5658  -9.722  -88.196  -14.934 1.0000000000
143730  -9.811  -88.727  -15.756 1.0000000000
5105  -10.058  -89.158  -16.512 1.0000000000
4475  -10.441  -89.620  -17.166 1.0000000000
5673  -12.019  -87.252  -16.351 1.0000000000
5093  -10.726  -88.642  -15.996 1.0000000000
5106  -11.050  -88.988  -16.779 1.0000000000
5686  -12.354  -87.710  -17.180 1.0000000000
5108  -12.546  -88.087  -17.867 1.0000000000
5118  -12.267  -88.836  -18.112 1.0000000000
4486  -11.724  -89.670  -18.370 1.0000000000
5698  -12.728  -87.321  -19.115 1.0000000000
5119  -12.804  -88.066  -18.689 1.0000000000
4487  -12.600  -89.039  -19.121 1.0000000000
140474  -11.830  -89.971  -19.216 1.0000000000
3888  -11.084  -90.656  -19.474 1.0000000000
7549  -0.589  -84.216  -15.613 0.6999999881
6891  -1.904  -85.459  -15.652 0.8999999762
6902  -3.098  -85.582  -16.068 1.0000000000
6903  -3.872  -85.311  -16.671 1.0000000000
5687  -12.796  -87.237  -18.115 1.0000000000
5711  -12.497  -87.449  -19.976 1.0000000000
5720  -12.095  -87.542  -20.690 1.0000000000
135882  -12.479  -89.500  -20.407 1.0000000000
8212  -0.710  -84.016  -16.710 0.6999999881
7562  -4.384  -84.624  -16.563 1.0000000000
154817  -4.875  -84.750  -17.912 1.0000000000
6326  -11.723  -86.460  -19.419 1.0000000000
5719  -11.281  -87.409  -20.568 1.0000000000
4506  -12.657  -89.040  -21.075 1.0000000000
7575  -5.299  -84.159  -18.114 1.0000000000
130446  -7.565  -84.332  -19.008 1.0000000000
6325  -10.686  -86.441  -19.337 1.0000000000
6317  -11.398  -85.830  -18.924 1.0000000000
8884  -1.757  -82.727  -19.203 0.5000000000
130657  -8.208  -84.929  -18.973 1.0000000000
134058  -9.016  -85.040  -18.980 1.0000000000
6316  -10.277  -85.923  -18.937 1.0000000000
7404  0.284  -85.025  -3.930 0.4000000060
140281  -0.817  -82.107  -7.369 0.8000000119
7419  -0.439  -84.480  -4.451 0.5000000000
155436  -0.530  -83.788  -4.806 0.6000000238
8052  -1.013  -83.149  -6.002 0.6999999881
8754  -0.997  -82.137  -8.591 1.0000000000
8123  -1.466  -82.856  -9.723 1.0000000000
133088  -2.465  -83.091  -9.508 1.0000000000
6838  -4.939  -86.189  -10.811 1.0000000000
6839  -5.889  -86.375  -10.905 1.0000000000
6223  -7.074  -86.552  -11.847 1.0000000000
137993  -7.256  -86.747  -12.489 1.0000000000
7483  -2.446  -84.176  -10.536 1.0000000000
7499  -2.965  -84.861  -10.934 1.0000000000
6824  -3.827  -85.297  -10.495 1.0000000000
6253  -8.511  -86.580  -13.042 1.0000000000
152111  -9.208  -86.406  -13.062 1.0000000000
5645  -10.253  -87.458  -14.375 1.0000000000
5660  -11.572  -86.686  -15.565 1.0000000000
6294  -12.158  -86.223  -16.451 1.0000000000
8205  -0.543  -83.599  -15.816 0.6999999881
7540  -0.697  -84.229  -15.024 0.6999999881
139510  -5.177  -83.797  -17.368 1.0000000000
6916  -12.487  -85.897  -17.390 1.0000000000
8859  -1.612  -82.341  -16.574 0.6000000238
8214  -5.655  -83.274  -17.887 1.0000000000
8225  -6.399  -83.233  -18.613 1.0000000000
6928  -12.452  -85.858  -18.220 1.0000000000
6905  -12.031  -85.216  -16.733 1.0000000000
8871  -1.829  -82.562  -18.296 0.5000000000
8227  -8.206  -83.567  -19.052 1.0000000000
6926  -11.053  -85.137  -18.688 1.0000000000
8897  -1.495  -81.902  -19.878 0.4000000060
10381  -2.119  -80.377  -19.532 0.3000000119
7576  -8.612  -84.305  -19.009 1.0000000000
6925  -9.998  -85.122  -18.927 1.0000000000
10412  -2.958  -80.877  -22.374 0.2000000030
10413  -4.112  -80.492  -22.204 0.1000000015
6750  0.563  -85.324  -2.107 0.3000000119
10215  -1.027  -80.448  -6.421 0.8999999762
10216  -1.683  -80.405  -6.178 0.8999999762
141391  -2.506  -81.282  -7.022 1.0000000000
152426  -3.829  -82.317  -6.596 1.0000000000
8741  -3.986  -82.772  -7.323 1.0000000000
7395  0.542  -84.691  -2.623 0.4000000060
9431  0.381  -81.560  -4.257 0.8000000119
9462  -0.648  -81.463  -6.715 0.8999999762
9463  -0.896  -80.972  -6.996 0.8999999762
9476  -1.545  -81.317  -7.438 0.8999999762
8740  -3.141  -82.261  -7.799 1.0000000000
154853  -4.771  -83.761  -8.227 1.0000000000
8028  0.408  -83.449  -3.950 0.6000000238
8692  0.202  -82.541  -4.805 0.6999999881
8706  0.047  -81.934  -5.663 0.8000000119
150942  -0.993  -81.736  -7.655 0.8999999762
9491  -1.476  -81.761  -8.162 1.0000000000
155716  -3.514  -83.055  -8.616 1.0000000000
8102  -4.054  -83.314  -8.252 1.0000000000
8768  -1.924  -82.487  -9.131 1.0000000000
8124  -3.497  -83.428  -9.078 1.0000000000
8125  -4.394  -83.859  -8.857 1.0000000000
8103  -5.198  -84.176  -8.662 1.0000000000
7487  -6.104  -85.394  -9.805 1.0000000000
6827  -6.470  -85.916  -10.418 1.0000000000
7485  -4.330  -84.873  -9.947 1.0000000000
7486  -5.197  -85.156  -9.820 1.0000000000
6840  -6.799  -86.312  -11.115 1.0000000000
6239  -7.845  -86.373  -12.245 1.0000000000
6852  -8.747  -86.202  -12.139 1.0000000000
7484  -3.432  -84.541  -10.197 1.0000000000
6826  -5.578  -85.824  -10.315 1.0000000000
6877  -10.008  -86.317  -13.172 1.0000000000
6280  -11.133  -86.025  -14.922 1.0000000000
6267  -10.017  -86.865  -13.737 1.0000000000
6281  -11.539  -85.561  -15.775 1.0000000000
7555  -11.316  -85.049  -15.277 1.0000000000
6876  -2.150  -84.850  -14.869 1.0000000000
7551  -3.243  -84.866  -15.002 1.0000000000
7552  -4.500  -84.200  -15.754 1.0000000000
7563  -4.917  -83.968  -16.571 1.0000000000
6915  -12.161  -85.127  -17.714 1.0000000000
133824  -11.547  -84.737  -16.136 1.0000000000
139618  -1.789  -82.415  -17.358 0.5000000000
8215  -6.260  -82.493  -18.114 1.0000000000
8226  -7.258  -83.409  -18.970 1.0000000000
7579  -11.586  -84.562  -18.143 1.0000000000
138729  -1.593  -80.990  -18.958 0.5000000000
8886  -7.583  -81.892  -18.676 1.0000000000
132197  -7.869  -82.750  -18.971 1.0000000000
130515  -9.203  -83.650  -18.932 1.0000000000
8229  -10.258  -83.692  -18.510 1.0000000000
7572  -11.880  -84.295  -17.139 1.0000000000
10382  -3.086  -80.348  -19.803 0.2000000030
8228  -9.906  -83.006  -18.394 1.0000000000
7571  -11.206  -83.819  -17.922 1.0000000000
138771  -11.563  -83.677  -17.204 1.0000000000
10407  -4.525  -80.491  -21.386 0.1000000015
134453  -3.556  -80.513  -23.137 0.1000000015
9465  -3.344  -81.692  -6.387 0.8999999762
8707  -3.970  -82.239  -5.855 1.0000000000
8723  -4.369  -82.774  -6.303 1.0000000000
130333  -4.726  -83.497  -7.552 1.0000000000
135599  0.540  -84.126  -3.337 0.5000000000
9444  0.221  -81.425  -5.230 0.8000000119
8021  0.514  -83.262  -3.183 0.6000000238
129273  -5.573  -83.876  -7.899 1.0000000000
7457  -6.072  -84.432  -8.561 1.0000000000
6828  -7.375  -85.879  -10.605 1.0000000000
7488  -7.007  -85.507  -9.882 1.0000000000
6851  -7.830  -86.090  -11.501 1.0000000000
149157  -8.278  -85.760  -10.822 1.0000000000
6841  -9.033  -85.926  -11.480 1.0000000000
7517  -9.856  -86.129  -12.179 1.0000000000
6864  -9.513  -86.245  -12.691 1.0000000000
6865  -10.433  -85.937  -13.023 1.0000000000
8841  -0.488  -82.900  -15.264 0.6999999881
7539  -0.451  -83.411  -15.013 0.6999999881
129341  -10.791  -85.575  -13.645 1.0000000000
6879  -10.933  -85.630  -14.484 1.0000000000
7542  -3.013  -84.393  -14.486 1.0000000000
7533  -10.978  -85.389  -13.377 1.0000000000
7554  -11.467  -84.835  -15.163 1.0000000000
6904  -11.713  -84.332  -16.238 1.0000000000
9599  -1.859  -81.447  -17.046 0.5000000000
7543  -4.011  -84.355  -14.867 1.0000000000
8207  -5.275  -83.214  -16.848 1.0000000000
8872  -5.782  -82.505  -17.229 1.0000000000
7545  -11.272  -84.854  -14.357 1.0000000000
7564  -11.744  -84.381  -15.874 1.0000000000
10368  -1.726  -80.460  -18.525 0.5000000000
8888  -9.265  -82.417  -18.629 1.0000000000
8874  -9.991  -82.397  -18.006 1.0000000000
8217  -10.924  -83.274  -17.664 1.0000000000
8209  -11.616  -83.529  -16.711 1.0000000000
10369  -1.919  -79.928  -18.738 0.5000000000
10383  -4.389  -80.319  -19.845 0.1000000015
10414  -4.871  -80.167  -21.791 0.1000000015
10396  -5.328  -80.079  -20.642 0.1000000015
10199  -1.238  -79.898  -5.771 0.8999999762
10200  -2.121  -80.307  -5.508 0.8999999762
10201  -3.021  -80.868  -5.089 0.8999999762
8708  -4.547  -82.719  -5.454 1.0000000000
154721  -5.367  -83.438  -6.396 1.0000000000
8074  -5.985  -83.610  -6.540 1.0000000000
150936  0.492  -83.876  -2.761 0.6000000238
133229  0.015  -80.607  -5.586 0.8999999762
10182  0.090  -80.085  -4.862 0.8999999762
8086  -6.222  -83.794  -7.266 1.0000000000
8087  -7.079  -83.912  -7.399 1.0000000000
8679  0.453  -82.493  -3.740 0.6999999881
135605  0.435  -81.671  -2.531 0.6000000238
10198  0.280  -80.656  -4.642 0.8999999762
136824  0.332  -82.208  -2.057 0.6000000238
8104  -6.564  -84.093  -7.968 1.0000000000
8105  -7.474  -84.260  -8.080 1.0000000000
7458  -7.020  -84.587  -8.640 1.0000000000
136020  -7.903  -85.448  -10.100 1.0000000000
153276  -8.882  -85.665  -10.926 1.0000000000
142862  -9.547  -85.548  -10.919 1.0000000000
7500  -10.226  -85.748  -11.731 1.0000000000
7518  -10.741  -85.621  -12.597 1.0000000000
7531  -3.735  -84.003  -13.976 1.0000000000
8192  -4.558  -83.673  -14.320 1.0000000000
7544  -4.714  -83.865  -15.025 1.0000000000
8184  -11.275  -84.680  -13.963 1.0000000000
130574  -1.647  -81.852  -16.037 0.6000000238
7553  -5.043  -83.378  -15.740 1.0000000000
8861  -6.011  -81.833  -16.632 1.0000000000
9589  -6.393  -81.255  -17.025 1.0000000000
9600  -6.826  -81.140  -17.660 1.0000000000
10370  -8.028  -80.374  -18.220 1.0000000000
9603  -9.730  -80.935  -17.945 1.0000000000
9590  -10.385  -81.767  -17.227 1.0000000000
8862  -10.954  -82.595  -17.098 1.0000000000
8845  -11.767  -83.702  -15.544 1.0000000000
8885  -6.851  -81.805  -18.225 1.0000000000
9601  -7.434  -81.100  -18.256 1.0000000000
9610  -8.226  -81.234  -18.565 1.0000000000
9602  -9.940  -81.873  -17.722 1.0000000000
8208  -11.674  -83.519  -16.279 1.0000000000
10343  -1.695  -80.314  -17.110 0.5000000000
9588  -1.929  -80.938  -16.194 0.5000000000
8887  -8.479  -82.116  -18.781 1.0000000000
9611  -9.196  -81.612  -18.450 1.0000000000
8216  -10.922  -82.937  -17.337 1.0000000000
11156  -1.718  -79.820  -17.872 0.4000000060
11181  -2.570  -80.051  -19.130 0.3000000119
11979  -5.630  -79.028  -20.155 0.1000000015
8694  -5.461  -82.911  -4.303 1.0000000000
8037  -5.989  -83.311  -4.874 1.0000000000
8057  -7.255  -83.422  -5.238 1.0000000000
143267  -8.002  -83.410  -5.404 1.0000000000
145278  -0.742  -83.082  -1.552 0.4000000060
10184  -3.345  -80.777  -4.245 0.8999999762
9448  -4.145  -82.122  -5.023 0.8999999762
8693  -4.737  -82.605  -4.612 1.0000000000
8709  -5.219  -83.064  -5.141 1.0000000000
8055  -5.767  -83.437  -5.760 1.0000000000
136735  -8.255  -83.592  -6.233 1.0000000000
8658  0.025  -82.891  -1.817 0.4000000060
10995  -1.133  -79.632  -4.898 0.8999999762
10183  -2.538  -80.279  -4.606 0.8999999762
138759  -6.757  -83.699  -6.682 1.0000000000
8077  -9.199  -83.524  -6.534 1.0000000000
131562  0.394  -80.754  -3.721 0.8000000119
10181  0.245  -79.919  -4.011 0.8999999762
139062  -7.963  -83.978  -7.583 1.0000000000
8089  -9.471  -83.750  -7.347 1.0000000000
8106  -8.848  -83.999  -7.881 1.0000000000
8107  -9.719  -84.001  -8.197 1.0000000000
145700  -8.278  -84.306  -8.207 1.0000000000
8126  -10.142  -84.464  -9.096 1.0000000000
7459  -7.993  -84.659  -8.763 1.0000000000
7478  -9.415  -84.823  -9.500 1.0000000000
8136  -10.101  -84.893  -9.980 1.0000000000
7490  -9.362  -85.118  -10.181 1.0000000000
148443  -10.045  -85.187  -10.596 1.0000000000
8179  -0.822  -83.110  -13.791 0.8000000119
8812  -0.950  -82.545  -13.161 0.8999999762
8181  -3.180  -83.382  -13.419 1.0000000000
8182  -4.359  -83.231  -13.556 1.0000000000
135952  -5.110  -83.031  -13.860 1.0000000000
8149  -11.168  -84.721  -11.559 1.0000000000
153493  -11.474  -84.451  -12.378 1.0000000000
7541  -1.436  -83.856  -13.931 0.8999999762
8828  -5.392  -82.504  -14.198 1.0000000000
9559  -6.293  -81.199  -14.996 1.0000000000
8148  -11.073  -85.035  -12.297 1.0000000000
8170  -11.519  -84.353  -13.152 1.0000000000
8827  -0.504  -82.485  -14.595 0.6999999881
8193  -5.059  -83.215  -14.692 1.0000000000
9575  -6.394  -81.070  -16.143 1.0000000000
10344  -6.815  -80.622  -16.975 1.0000000000
8185  -11.395  -84.184  -13.912 1.0000000000
8817  -11.649  -83.719  -13.770 1.0000000000
143754  -0.846  -81.816  -14.696 0.6999999881
8843  -5.413  -82.586  -15.146 1.0000000000
150159  -7.420  -79.802  -16.870 1.0000000000
10360  -8.671  -79.768  -18.003 1.0000000000
10362  -10.242  -80.066  -17.755 1.0000000000
8863  -11.180  -82.477  -16.585 1.0000000000
9561  -11.814  -82.869  -15.292 1.0000000000
8830  -11.664  -83.662  -14.507 1.0000000000
9574  -1.687  -81.347  -15.253 0.6000000238
9562  -12.048  -82.139  -14.983 1.0000000000
8818  -12.200  -83.174  -13.591 1.0000000000
130803  -1.767  -79.480  -16.957 0.4000000060
136940  -2.256  -79.556  -17.985 0.4000000060
11182  -3.716  -80.013  -19.032 0.1000000015
11171  -5.218  -79.226  -18.165 0.1000000015
149962  -5.349  -79.735  -19.442 0.1000000015
8682  -6.675  -82.824  -3.259 1.0000000000
8683  -7.596  -82.718  -3.188 1.0000000000
8684  -9.113  -82.591  -3.640 1.0000000000
9418  -4.624  -81.650  -3.387 1.0000000000
8695  -6.302  -83.009  -4.098 1.0000000000
8696  -7.185  -82.973  -3.981 1.0000000000
8710  -8.702  -82.958  -4.714 1.0000000000
9434  -10.031  -82.324  -3.848 1.0000000000
9449  -10.906  -82.234  -4.867 1.0000000000
9433  -4.359  -81.948  -4.201 0.8999999762
8680  -5.015  -82.374  -3.797 1.0000000000
8711  -9.691  -82.863  -5.233 1.0000000000
10166  -3.021  -80.066  -3.776 0.8999999762
137437  -9.746  -83.114  -6.060 1.0000000000
147929  -10.458  -82.714  -5.365 1.0000000000
8637  -0.239  -82.139  -1.165 0.4000000060
10974  0.184  -79.543  -3.076 0.8999999762
8724  -10.522  -82.937  -6.182 1.0000000000
8725  -11.388  -82.770  -6.506 1.0000000000
9366  -0.047  -81.351  -0.739 0.6000000238
9399  0.361  -81.195  -1.857 0.6999999881
10994  -0.442  -79.679  -4.506 0.8999999762
8078  -10.014  -83.385  -6.797 1.0000000000
8742  -10.821  -83.148  -7.072 1.0000000000
8090  -10.318  -83.663  -7.588 1.0000000000
8091  -11.165  -83.435  -7.836 1.0000000000
8108  -10.661  -83.904  -8.409 1.0000000000
133807  -11.911  -83.134  -8.107 1.0000000000
8128  -11.988  -83.652  -9.311 1.0000000000
144174  -11.722  -84.028  -10.079 1.0000000000
8137  -10.930  -84.559  -9.947 1.0000000000
8811  -0.560  -82.287  -13.790 0.8000000119
134787  -10.720  -84.885  -10.687 1.0000000000
8150  -11.752  -84.171  -11.805 1.0000000000
8166  -3.725  -82.925  -12.899 0.8999999762
8183  -5.035  -82.621  -13.236 1.0000000000
8815  -5.729  -81.886  -13.779 1.0000000000
8171  -11.954  -83.909  -12.855 1.0000000000
9558  -0.577  -81.734  -14.082 0.6999999881
9576  -6.838  -80.548  -15.428 1.0000000000
10307  -1.387  -81.191  -14.413 0.6999999881
10322  -6.936  -80.370  -16.247 1.0000000000
11160  -8.620  -79.222  -17.524 1.0000000000
11163  -10.911  -79.371  -17.376 1.0000000000
10346  -11.542  -79.961  -16.883 1.0000000000
9592  -11.268  -81.050  -16.466 1.0000000000
10321  -1.888  -80.404  -15.462 0.4000000060
11157  -2.363  -79.175  -17.249 0.3000000119
11170  -4.372  -79.509  -18.105 0.2000000030
11941  -4.631  -78.418  -17.148 0.2000000030
9419  -5.384  -82.032  -2.983 1.0000000000
8671  -7.170  -82.435  -2.523 1.0000000000
8672  -8.062  -82.407  -2.476 1.0000000000
9420  -8.920  -82.224  -2.636 1.0000000000
145729  -3.643  -80.643  -3.631 0.8999999762
9417  -3.985  -81.234  -3.852 0.8999999762
9421  -9.803  -81.985  -2.963 1.0000000000
9423  -11.310  -81.638  -4.155 1.0000000000
9355  -0.914  -81.097  0.107 0.5000000000
10975  -0.392  -79.307  -3.644 0.8999999762
131408  -1.939  -79.599  -4.200 0.8999999762
9466  -11.889  -82.181  -6.042 1.0000000000
10125  -0.172  -80.897  -0.090 0.6000000238
10135  0.294  -80.404  -1.232 0.8999999762
8744  -12.406  -82.674  -7.662 1.0000000000
147187  -12.609  -83.082  -9.267 1.0000000000
8770  -12.448  -83.416  -10.086 1.0000000000
8799  -1.152  -82.089  -12.538 0.8000000119
8800  -2.242  -82.274  -12.356 0.8000000119
8790  -12.724  -83.102  -11.765 1.0000000000
8138  -12.212  -83.735  -11.068 1.0000000000
9536  -0.647  -81.166  -12.920 0.8000000119
8814  -5.491  -82.158  -13.411 1.0000000000
9547  -6.299  -81.251  -13.854 1.0000000000
9560  -6.894  -80.651  -14.483 1.0000000000
9541  -13.148  -82.497  -12.456 1.0000000000
8804  -12.529  -83.179  -12.696 1.0000000000
10324  -7.959  -79.601  -15.042 1.0000000000
10323  -7.335  -79.854  -15.801 1.0000000000
11926  -9.626  -78.524  -16.991 1.0000000000
11927  -10.689  -78.371  -16.832 1.0000000000
11143  -12.421  -78.833  -16.338 1.0000000000
8819  -12.877  -82.520  -13.394 1.0000000000
10293  -1.313  -80.392  -13.121 0.6999999881
148700  -7.289  -80.142  -14.972 1.0000000000
11125  -9.084  -78.659  -16.241 1.0000000000
11943  -10.360  -78.756  -17.335 1.0000000000
11142  -11.730  -79.073  -16.934 1.0000000000
10310  -12.341  -81.124  -15.488 1.0000000000
9550  -12.479  -82.422  -14.230 1.0000000000
10294  -2.014  -79.924  -13.867 0.6000000238
131313  -1.735  -79.369  -15.585 0.3000000119
11138  -1.694  -79.154  -16.315 0.3000000119
11940  -3.827  -78.521  -16.815 0.2000000030
11139  -2.296  -78.698  -16.571 0.2000000030
9401  -5.816  -81.640  -2.155 1.0000000000
9400  -4.994  -81.241  -2.565 1.0000000000
9405  -9.555  -81.556  -1.934 1.0000000000
10167  -3.631  -80.241  -3.242 1.0000000000
10168  -4.220  -80.775  -3.093 1.0000000000
10112  -1.435  -80.553  0.670 0.6999999881
10110  0.014  -80.112  0.114 0.6999999881
11752  0.031  -78.747  -1.901 0.8999999762
11770  -1.060  -78.817  -3.334 0.8999999762
11771  -1.916  -78.810  -2.996 0.8999999762
10977  -2.439  -79.392  -3.380 1.0000000000
9450  -11.653  -81.945  -5.158 1.0000000000
10942  0.306  -79.416  -1.421 0.8999999762
8726  -12.143  -82.448  -6.855 1.0000000000
9502  -13.203  -82.332  -9.057 1.0000000000
136724  -13.498  -82.145  -9.857 1.0000000000
9533  -13.847  -81.730  -11.225 1.0000000000
8774  -12.885  -82.987  -10.827 1.0000000000
8802  -5.468  -82.067  -12.863 1.0000000000
8816  -6.099  -81.614  -13.102 1.0000000000
9548  -6.805  -81.120  -12.910 1.0000000000
10296  -8.044  -80.152  -13.354 1.0000000000
10309  -8.201  -79.741  -14.133 1.0000000000
9532  -13.340  -82.455  -11.504 1.0000000000
9538  -1.602  -81.755  -12.004 0.8000000119
8783  -3.210  -82.005  -12.012 0.8000000119
8801  -4.032  -82.344  -12.516 1.0000000000
11113  -9.505  -78.639  -15.222 1.0000000000
11911  -10.118  -78.383  -16.186 1.0000000000
10326  -12.693  -79.886  -15.882 1.0000000000
10298  -13.552  -80.560  -14.607 1.0000000000
9537  -0.846  -81.278  -12.295 0.8000000119
149692  -12.155  -79.581  -16.533 1.0000000000
9551  -13.143  -81.675  -14.037 1.0000000000
10284  -0.810  -80.605  -12.202 0.8000000119
11123  -1.728  -79.055  -14.942 0.4000000060
11909  -1.715  -78.526  -15.328 0.2000000030
154233  -1.929  -78.112  -15.529 0.2000000030
9404  -8.550  -81.890  -1.882 1.0000000000
9383  -7.269  -81.440  -1.235 1.0000000000
9406  -10.497  -81.349  -2.495 1.0000000000
10137  -5.479  -80.752  -1.683 1.0000000000
9382  -6.361  -81.223  -1.416 1.0000000000
10139  -7.708  -80.899  -0.817 1.0000000000
147188  -11.190  -81.076  -3.160 1.0000000000
10955  -2.829  -79.069  -2.715 1.0000000000
10956  -3.587  -79.346  -2.344 1.0000000000
10944  -5.666  -79.939  -1.074 1.0000000000
10205  -12.111  -81.233  -4.711 1.0000000000
10924  -0.876  -79.932  1.109 0.6999999881
10933  0.299  -79.817  -0.477 0.8000000119
11753  -1.314  -78.481  -2.427 0.8999999762
10923  -0.160  -79.642  0.780 0.8000000119
10922  0.227  -79.168  0.351 0.8999999762
11733  0.341  -78.956  -0.499 0.8999999762
12568  -0.219  -77.556  -0.744 0.8999999762
9467  -12.648  -81.902  -6.380 1.0000000000
9483  -13.487  -81.709  -7.561 1.0000000000
9495  -13.057  -82.253  -8.062 1.0000000000
9503  -13.893  -81.553  -9.377 1.0000000000
9514  -13.884  -81.649  -10.322 1.0000000000
8788  -6.543  -81.348  -12.359 1.0000000000
11114  -10.184  -78.514  -14.610 1.0000000000
141732  -11.584  -77.992  -15.457 1.0000000000
11901  -13.322  -78.302  -15.041 1.0000000000
11104  -14.117  -79.624  -14.197 1.0000000000
10288  -14.224  -80.964  -11.812 1.0000000000
11102  -9.503  -79.038  -14.101 1.0000000000
11913  -12.064  -78.129  -16.054 1.0000000000
11126  -13.172  -79.000  -15.689 1.0000000000
10299  -13.970  -80.651  -13.687 1.0000000000
8784  -4.312  -81.929  -11.937 1.0000000000
8785  -5.092  -81.779  -11.902 1.0000000000
8803  -5.973  -81.751  -12.623 1.0000000000
9523  -1.312  -81.229  -11.637 0.8000000119
9524  -2.380  -81.477  -11.552 0.8000000119
152875  -6.036  -81.476  -11.606 1.0000000000
11089  -1.335  -79.658  -12.245 0.6000000238
11886  -1.767  -78.532  -13.664 0.4000000060
143925  -1.657  -78.297  -14.604 0.2000000030
12757  -1.789  -77.262  -14.638 0.2000000030
10140  -8.478  -80.861  -0.959 1.0000000000
10141  -9.338  -80.670  -1.258 1.0000000000
10156  -10.204  -80.672  -1.830 1.0000000000
10169  -10.908  -80.466  -2.463 1.0000000000
10136  -4.993  -79.999  -1.597 1.0000000000
135221  -6.177  -80.542  -1.087 1.0000000000
10185  -11.865  -80.775  -3.808 1.0000000000
11735  -1.140  -77.917  -1.763 0.8999999762
11737  -3.021  -78.315  -1.653 1.0000000000
10943  -3.889  -78.834  -1.567 1.0000000000
9451  -12.420  -81.626  -5.551 1.0000000000
11721  0.203  -78.274  0.753 0.8000000119
143431  0.352  -78.325  0.096 0.8999999762
10206  -12.835  -80.872  -5.208 1.0000000000
9468  -13.289  -81.535  -6.787 1.0000000000
9496  -13.685  -81.723  -8.413 1.0000000000
10238  -13.938  -81.087  -7.829 1.0000000000
10281  -14.257  -80.979  -10.887 1.0000000000
10270  -14.307  -80.946  -10.030 1.0000000000
9549  -7.582  -80.670  -12.727 1.0000000000
10297  -8.826  -79.967  -12.817 1.0000000000
11101  -8.783  -79.577  -13.633 1.0000000000
11898  -10.996  -78.304  -14.654 1.0000000000
11900  -12.815  -77.872  -14.292 1.0000000000
11116  -13.957  -78.639  -14.373 1.0000000000
9539  -7.277  -81.067  -12.159 1.0000000000
10286  -9.345  -79.799  -12.353 1.0000000000
8787  -6.362  -81.424  -11.793 1.0000000000
10285  -8.820  -80.262  -11.953 1.0000000000
10265  -1.054  -80.090  -10.881 0.8000000119
9526  -4.618  -81.408  -11.373 1.0000000000
130045  -1.881  -78.837  -12.810 0.4000000060
130074  -1.434  -77.710  -11.826 0.4000000060
12740  -1.606  -77.847  -12.829 0.2000000030
12750  -1.558  -77.585  -13.858 0.2000000030
10934  -5.939  -79.146  -0.568 1.0000000000
10935  -6.573  -79.949  -0.617 1.0000000000
10936  -7.423  -79.656  -0.519 1.0000000000
10945  -8.678  -80.201  -0.932 1.0000000000
10958  -9.850  -79.959  -1.525 1.0000000000
10959  -10.447  -79.717  -2.042 1.0000000000
12583  -3.703  -78.004  -1.111 1.0000000000
11738  -4.519  -78.282  -0.879 1.0000000000
10907  -1.404  -79.275  1.362 0.8000000119
12581  -1.755  -77.415  -1.268 1.0000000000
13412  -2.252  -76.849  -1.066 1.0000000000
10186  -12.548  -80.423  -4.399 1.0000000000
10906  0.007  -78.894  1.078 0.8000000119
13410  -0.536  -76.801  -0.687 0.8999999762
11706  -0.270  -78.042  1.240 0.8000000119
11705  0.183  -77.469  1.031 0.8000000119
13400  0.311  -76.936  0.126 0.8999999762
10222  -13.672  -80.850  -6.497 1.0000000000
10260  -14.398  -80.840  -9.345 1.0000000000
11090  -9.554  -79.383  -13.069 1.0000000000
11105  -14.461  -78.916  -13.736 1.0000000000
11070  -15.108  -79.548  -11.081 1.0000000000
10271  -14.735  -80.314  -10.567 1.0000000000
11103  -10.381  -78.717  -13.708 1.0000000000
11888  -11.925  -78.125  -13.649 1.0000000000
11890  -13.630  -78.020  -14.164 1.0000000000
154694  -14.543  -78.366  -13.353 1.0000000000
11093  -14.809  -79.014  -12.896 1.0000000000
9540  -8.044  -80.769  -12.005 1.0000000000
137885  -10.941  -78.852  -12.399 1.0000000000
9506  -1.708  -80.776  -11.011 0.8999999762
9528  -6.284  -81.380  -10.948 1.0000000000
9529  -6.992  -81.369  -11.033 1.0000000000
10280  -9.690  -79.820  -11.638 1.0000000000
130139  -1.129  -79.267  -11.320 0.8000000119
10266  -1.709  -80.121  -10.296 0.8000000119
131704  -3.857  -81.030  -10.643 0.8999999762
10279  -9.132  -80.326  -11.066 1.0000000000
11876  -1.614  -78.617  -11.995 0.4000000060
139008  -8.187  -81.025  -10.752 1.0000000000
9530  -8.422  -80.705  -11.274 1.0000000000
146530  -1.416  -76.973  -13.214 0.3000000119
142375  -8.305  -79.424  -0.880 1.0000000000
11756  -9.676  -78.984  -1.847 1.0000000000
10170  -11.587  -80.201  -3.066 1.0000000000
142441  -1.991  -78.382  1.599 0.6999999881
12546  -1.076  -77.780  1.744 0.8000000119
11013  -13.186  -80.038  -4.949 1.0000000000
13380  -1.337  -76.794  2.086 0.8000000119
10207  -13.493  -80.481  -5.709 1.0000000000
12545  -0.502  -77.179  1.444 0.8000000119
13378  0.065  -76.785  1.163 0.8000000119
14185  0.333  -76.210  0.408 0.8000000119
13401  -0.701  -76.014  -0.676 0.8000000119
11038  -14.156  -80.473  -7.152 1.0000000000
10253  -14.757  -80.225  -8.924 1.0000000000
139663  -15.086  -79.711  -9.544 1.0000000000
11877  -11.713  -78.276  -12.588 1.0000000000
11889  -12.635  -77.785  -13.249 1.0000000000
12733  -13.913  -77.533  -13.053 1.0000000000
11083  -15.381  -78.710  -11.562 1.0000000000
11058  -15.134  -79.652  -10.259 1.0000000000
11081  -10.379  -79.260  -11.964 1.0000000000
11879  -14.800  -78.067  -12.873 1.0000000000
11871  -15.649  -78.040  -11.233 1.0000000000
11059  -15.514  -79.048  -9.873 1.0000000000
11046  -1.804  -79.023  -9.177 0.8000000119
10255  -2.486  -80.098  -9.562 0.8999999762
10267  -3.488  -80.456  -9.633 0.8999999762
11878  -12.503  -77.779  -12.308 1.0000000000
12732  -13.318  -77.508  -12.785 1.0000000000
12734  -14.443  -77.458  -12.652 1.0000000000
153109  -15.454  -78.022  -11.888 1.0000000000
137904  -6.087  -81.263  -9.949 1.0000000000
138362  -11.907  -78.240  -11.787 1.0000000000
11053  -1.337  -79.030  -9.873 0.8000000119
11867  -1.286  -78.302  -10.938 0.6000000238
11068  -10.386  -79.392  -11.124 1.0000000000
13557  -1.168  -76.223  -11.374 0.2000000030
14376  -1.819  -75.626  -13.590 0.2000000030
11728  -6.322  -78.293  -0.479 1.0000000000
11729  -6.800  -79.040  -0.445 1.0000000000
11741  -7.561  -78.743  -0.694 1.0000000000
12570  -5.003  -77.543  -0.597 1.0000000000
12586  -7.548  -77.824  -1.106 1.0000000000
152923  -4.296  -77.605  -0.775 1.0000000000
12587  -8.228  -77.678  -1.643 1.0000000000
12588  -8.911  -78.026  -1.959 1.0000000000
10979  -11.133  -79.493  -2.626 1.0000000000
13356  -2.108  -75.814  2.307 0.6999999881
13357  -3.399  -75.881  2.043 0.6000000238
14211  -2.255  -75.998  -1.031 1.0000000000
12599  -9.834  -77.873  -2.478 1.0000000000
11000  -12.173  -79.881  -3.720 1.0000000000
11001  -12.813  -79.553  -4.245 1.0000000000
13355  -1.115  -75.974  2.212 0.6999999881
13381  -2.594  -76.718  2.005 0.6999999881
154048  -1.375  -75.791  -0.957 0.8999999762
11774  -11.245  -78.533  -2.943 1.0000000000
10981  -12.395  -78.998  -3.705 1.0000000000
11790  -12.957  -78.701  -4.205 1.0000000000
138042  -13.849  -79.588  -5.508 1.0000000000
139479  -14.446  -79.783  -6.826 1.0000000000
11776  -12.558  -78.160  -3.772 1.0000000000
140110  -13.868  -78.856  -5.142 1.0000000000
11025  -14.397  -79.370  -6.234 1.0000000000
11014  -14.284  -78.861  -5.656 1.0000000000
11826  -14.893  -79.072  -7.005 1.0000000000
11039  -14.704  -79.807  -7.510 1.0000000000
11815  -15.237  -78.265  -6.766 1.0000000000
11839  -15.245  -79.148  -7.945 1.0000000000
11051  -15.346  -79.268  -8.915 1.0000000000
12715  -15.808  -77.216  -10.828 1.0000000000
11863  -15.820  -78.174  -10.364 1.0000000000
132646  -13.582  -77.043  -11.463 1.0000000000
12724  -14.741  -77.072  -11.973 1.0000000000
153423  -5.299  -81.091  -9.785 0.8999999762
9510  -6.866  -81.306  -10.135 1.0000000000
9499  -7.368  -81.201  -9.373 1.0000000000
135611  -11.161  -78.811  -11.622 1.0000000000
12722  -13.118  -77.366  -11.920 1.0000000000
12687  -1.578  -77.912  -9.735 0.6000000238
10269  -9.864  -79.992  -10.714 1.0000000000
12721  -1.215  -77.131  -11.133 0.3000000119
13570  -1.328  -75.794  -12.238 0.2000000030
12584  -5.931  -77.401  -0.599 0.8999999762
12585  -6.779  -77.623  -0.763 1.0000000000
130400  -3.278  -75.816  -1.009 1.0000000000
139297  -4.117  -75.626  -1.061 1.0000000000
13402  -5.279  -76.751  -0.733 1.0000000000
14968  -4.365  -74.454  2.606 0.2000000030
14212  -2.650  -75.129  -1.106 1.0000000000
140833  -3.051  -76.656  -0.935 1.0000000000
133848  -3.247  -75.013  2.343 0.4000000060
14202  -1.714  -75.190  -1.052 0.8999999762
14156  -2.168  -74.924  2.574 0.6000000238
14992  0.223  -74.982  0.086 0.8000000119
14201  -0.871  -75.282  -0.788 0.8999999762
14154  -0.636  -75.532  2.019 0.8000000119
14175  0.014  -75.290  1.422 0.8000000119
11775  -11.941  -78.354  -3.345 1.0000000000
11791  -13.581  -78.298  -4.628 1.0000000000
11803  -14.184  -78.281  -5.210 1.0000000000
12653  -14.955  -77.944  -6.093 1.0000000000
11827  -15.562  -78.408  -7.568 1.0000000000
12667  -16.159  -77.587  -8.006 1.0000000000
12681  -16.226  -77.653  -9.024 1.0000000000
12716  -16.116  -76.703  -10.115 1.0000000000
10256  -3.080  -80.013  -8.723 0.8999999762
13551  -15.538  -76.413  -10.575 1.0000000000
141155  -2.320  -79.032  -8.644 0.8000000119
9498  -4.873  -80.914  -8.993 1.0000000000
138212  -6.573  -81.224  -9.197 1.0000000000
11868  -11.696  -78.387  -11.025 1.0000000000
11832  -2.048  -78.537  -8.875 0.4000000060
9512  -8.312  -81.017  -10.211 1.0000000000
10268  -9.292  -80.359  -10.241 1.0000000000
11869  -12.378  -77.836  -11.430 1.0000000000
13519  -1.516  -77.141  -9.946 0.3000000119
16649  -3.946  -72.200  5.473 0.1000000015
15796  -4.477  -72.927  4.456 0.1000000015
15808  -3.086  -73.300  3.548 0.3000000119
15807  -1.797  -73.617  3.350 0.5000000000
14155  -1.260  -75.284  2.432 0.6999999881
14980  0.243  -74.512  0.802 0.8000000119
14966  -0.506  -74.817  2.138 0.8000000119
12613  -12.216  -77.478  -3.458 1.0000000000
12639  -14.048  -77.558  -4.853 1.0000000000
12626  -13.470  -77.447  -4.271 1.0000000000
12641  -15.179  -77.118  -5.862 1.0000000000
138195  -15.737  -77.816  -7.216 1.0000000000
135808  -15.781  -76.902  -6.471 1.0000000000
10231  -4.383  -80.374  -7.587 0.8999999762
10232  -5.130  -80.765  -7.216 0.8999999762
13529  -16.296  -76.373  -9.441 1.0000000000
12682  -16.442  -76.898  -8.767 1.0000000000
9479  -5.699  -81.119  -7.837 0.8999999762
9480  -6.529  -81.131  -7.742 1.0000000000
13563  -14.335  -76.681  -11.329 1.0000000000
11833  -3.454  -79.246  -7.820 0.6999999881
11048  -3.597  -79.926  -7.938 0.8000000119
10248  -4.089  -80.482  -8.611 0.8999999762
9493  -7.035  -81.173  -8.503 1.0000000000
9501  -8.756  -80.772  -9.819 1.0000000000
10250  -9.342  -80.270  -8.479 1.0000000000
12696  -12.644  -77.393  -9.953 1.0000000000
12714  -13.496  -76.845  -10.663 1.0000000000
12673  -2.288  -78.059  -8.804 0.5000000000
9500  -8.122  -81.071  -9.538 1.0000000000
138839  -10.357  -79.527  -10.358 1.0000000000
12688  -1.918  -77.597  -9.384 0.4000000060
13541  -2.467  -76.003  -9.995 0.2000000030
17547  -2.782  -71.053  5.716 0.1000000015
17548  -3.335  -71.723  5.243 0.1000000015
14214  -4.805  -75.479  -1.165 1.0000000000
128914  -5.516  -75.851  -1.175 1.0000000000
16677  -2.119  -72.838  3.906 0.1000000015
16678  -3.200  -72.715  4.091 0.1000000015
14213  -3.544  -75.003  -1.172 1.0000000000
13415  -5.941  -76.590  -0.976 1.0000000000
14216  -6.433  -75.950  -1.482 1.0000000000
155510  -0.648  -74.185  -0.511 0.8000000119
15009  -2.028  -74.424  -1.122 0.8999999762
13417  -7.265  -76.223  -1.842 1.0000000000
135725  -0.001  -74.227  -0.035 0.6999999881
12597  -8.564  -77.215  -2.167 1.0000000000
12598  -9.251  -77.019  -2.556 1.0000000000
14967  -1.313  -74.442  2.849 0.5000000000
139187  -10.089  -76.789  -2.980 1.0000000000
15818  -0.183  -73.943  2.308 0.6000000238
12611  -10.647  -77.697  -2.950 1.0000000000
13452  -13.246  -76.738  -3.942 1.0000000000
13453  -13.977  -76.685  -4.445 1.0000000000
13467  -15.120  -76.450  -5.400 1.0000000000
13468  -15.727  -76.217  -6.016 1.0000000000
13483  -16.222  -76.364  -6.874 1.0000000000
14282  -16.271  -75.533  -6.580 1.0000000000
15084  -16.442  -74.886  -7.399 1.0000000000
14310  -16.307  -75.420  -8.718 1.0000000000
13499  -16.471  -76.503  -7.848 1.0000000000
11034  -4.778  -80.233  -6.827 0.8999999762
10236  -9.312  -80.147  -7.715 1.0000000000
139637  -10.622  -79.146  -7.961 1.0000000000
11050  -11.113  -78.741  -8.294 1.0000000000
13527  -14.757  -75.897  -10.170 1.0000000000
14338  -15.271  -75.874  -10.135 1.0000000000
134465  -2.744  -78.715  -8.360 0.6999999881
9481  -7.436  -81.030  -7.800 1.0000000000
11056  -10.646  -79.328  -9.600 1.0000000000
11862  -12.209  -77.989  -10.539 1.0000000000
145183  -3.768  -78.693  -7.932 0.5000000000
10259  -10.001  -80.016  -9.874 1.0000000000
10251  -10.079  -79.934  -8.985 1.0000000000
11057  -11.266  -78.763  -9.815 1.0000000000
13521  -3.036  -76.667  -9.563 0.2000000030
15021  -3.764  -74.276  -1.229 1.0000000000
15869  -4.452  -73.673  -1.242 1.0000000000
146722  -5.336  -74.872  -1.405 1.0000000000
14215  -6.221  -74.991  -1.679 1.0000000000
14217  -7.222  -75.156  -2.164 1.0000000000
151607  -7.669  -75.564  -2.285 1.0000000000
16665  -1.423  -72.053  4.156 0.2000000030
17562  -2.314  -71.394  4.878 0.1000000015
15856  -1.414  -73.122  -0.649 0.8000000119
149167  -2.342  -73.537  -1.065 1.0000000000
14227  -8.100  -75.154  -2.372 1.0000000000
15840  -0.022  -73.569  0.472 0.8000000119
15020  -2.977  -74.326  -1.165 1.0000000000
14228  -8.965  -75.490  -2.473 1.0000000000
15828  0.096  -73.715  1.378 0.6000000238
13425  -9.613  -76.119  -2.753 1.0000000000
13426  -10.552  -76.139  -2.903 1.0000000000
13427  -11.490  -75.983  -3.008 1.0000000000
15806  -0.860  -72.934  3.477 0.5000000000
12612  -11.475  -77.589  -3.184 1.0000000000
135990  -11.880  -76.687  -3.223 1.0000000000
13441  -13.608  -76.017  -3.906 1.0000000000
13454  -14.675  -76.154  -4.873 1.0000000000
14269  -15.346  -75.714  -5.317 1.0000000000
14270  -15.884  -75.381  -5.857 1.0000000000
15083  -16.276  -74.069  -7.132 1.0000000000
154981  -4.658  -79.825  -6.879 0.8999999762
10217  -5.527  -80.428  -6.353 0.8999999762
10219  -7.282  -80.508  -6.414 0.8999999762
10220  -8.236  -80.249  -6.560 0.8999999762
15112  -16.329  -74.844  -8.339 1.0000000000
148005  -4.166  -79.853  -7.413 0.8000000119
10234  -6.847  -80.950  -7.044 0.8999999762
152017  -8.337  -80.416  -7.179 0.8999999762
10237  -10.062  -79.756  -8.013 1.0000000000
14320  -14.933  -75.322  -9.596 1.0000000000
14321  -15.648  -75.463  -9.548 1.0000000000
11033  -4.261  -79.325  -7.435 0.6000000238
131306  -12.226  -77.723  -9.101 1.0000000000
12697  -13.326  -76.589  -9.636 1.0000000000
13549  -14.196  -76.307  -10.417 1.0000000000
13526  -14.156  -75.868  -9.660 1.0000000000
12690  -3.610  -77.359  -9.035 0.4000000060
13522  -4.096  -76.704  -9.660 0.2000000030
18400  -1.406  -69.489  6.506 0.1000000015
146937  -1.118  -68.868  6.465 0.1000000015
16714  -0.541  -72.149  0.574 0.8999999762
147809  -1.589  -72.382  -0.465 0.8999999762
146907  -0.827  -71.644  4.019 0.4000000060
130115  -0.112  -72.803  1.045 0.6999999881
16688  -0.208  -72.555  2.832 0.6000000238
132266  0.031  -72.995  2.044 0.8000000119
151838  -13.155  -76.369  -3.672 1.0000000000
145269  -14.847  -75.189  -4.668 1.0000000000
135617  -15.949  -73.643  -6.528 1.0000000000
15946  -15.790  -73.428  -7.439 1.0000000000
148258  -5.563  -80.068  -5.581 0.8999999762
11010  -7.301  -79.977  -5.090 0.8999999762
11012  -8.962  -79.203  -5.697 0.8999999762
11802  -10.351  -78.031  -6.323 1.0000000000
140295  -11.420  -77.089  -6.951 1.0000000000
13482  -11.979  -76.310  -7.115 1.0000000000
155495  -12.948  -76.183  -8.250 1.0000000000
14296  -13.761  -74.686  -8.515 1.0000000000
130156  -15.076  -73.915  -8.543 1.0000000000
15957  -15.517  -73.652  -8.168 1.0000000000
11020  -5.182  -79.746  -6.127 0.8000000119
11035  -9.605  -79.689  -7.170 0.8999999762
11036  -10.277  -79.131  -7.358 1.0000000000
11825  -11.406  -78.157  -7.932 1.0000000000
12666  -11.933  -77.050  -7.482 1.0000000000
14307  -14.089  -75.311  -8.987 1.0000000000
14308  -14.815  -74.567  -8.907 1.0000000000
15111  -15.726  -74.381  -8.631 1.0000000000
143481  -5.105  -79.093  -7.031 0.6000000238
11834  -4.764  -78.610  -7.846 0.4000000060
12679  -12.128  -77.458  -8.255 1.0000000000
12680  -12.806  -76.689  -8.666 1.0000000000
13509  -13.416  -76.019  -8.917 1.0000000000
17546  -1.919  -70.682  5.290 0.2000000030
155091  -2.187  -72.795  -0.839 0.8999999762
130145  -3.008  -72.841  -0.949 0.8999999762
15857  -4.056  -72.821  -0.933 0.8999999762
16745  -4.927  -72.924  -1.123 1.0000000000
15870  -5.510  -73.377  -1.279 1.0000000000
142526  -6.773  -73.810  -1.579 1.0000000000
17580  -0.252  -71.890  2.856 0.8000000119
17595  -0.471  -71.324  1.533 0.8000000119
15024  -7.968  -74.432  -2.113 1.0000000000
15033  -9.376  -75.165  -2.086 1.0000000000
14229  -10.189  -75.705  -2.345 1.0000000000
14256  -14.122  -75.165  -4.037 1.0000000000
15072  -15.697  -73.892  -5.636 1.0000000000
16818  -14.773  -72.416  -7.437 1.0000000000
11008  -5.726  -79.828  -4.909 0.8999999762
10999  -7.762  -79.324  -4.791 0.8999999762
12623  -7.926  -77.870  -4.419 1.0000000000
13464  -9.336  -76.809  -5.242 1.0000000000
13465  -9.938  -76.315  -5.568 1.0000000000
13480  -10.590  -76.455  -5.995 1.0000000000
15956  -14.760  -73.363  -8.285 1.0000000000
15945  -15.156  -73.035  -7.840 1.0000000000
138977  -5.374  -79.661  -5.325 0.8000000119
11009  -6.437  -80.079  -4.943 0.8999999762
11011  -8.112  -79.626  -5.384 0.8999999762
11800  -8.873  -78.486  -5.199 0.8999999762
12638  -10.029  -77.264  -5.718 0.8999999762
13481  -11.178  -76.420  -6.589 1.0000000000
14281  -12.215  -75.385  -7.225 1.0000000000
153434  -13.771  -73.499  -8.332 1.0000000000
14295  -12.962  -75.040  -7.779 1.0000000000
13497  -13.276  -75.509  -8.346 1.0000000000
19268  -0.887  -69.084  5.880 0.2000000030
19267  -0.599  -69.398  5.024 0.3000000119
18427  -1.095  -70.585  4.862 0.3000000119
16733  -5.654  -72.181  -0.259 0.8999999762
133699  -6.931  -74.316  -1.974 1.0000000000
16735  -7.062  -72.881  -0.421 0.8999999762
18435  -0.362  -70.574  3.846 0.4000000060
19293  -0.401  -69.718  3.409 0.5000000000
17611  -1.404  -71.112  0.134 0.8999999762
15858  -7.501  -73.463  -0.797 1.0000000000
15010  -8.001  -74.157  -0.038 1.0000000000
15032  -8.659  -74.859  -2.217 1.0000000000
15012  -9.041  -75.272  -0.605 1.0000000000
18443  -0.376  -70.615  2.926 0.8999999762
14203  -9.873  -75.660  -0.299 1.0000000000
14218  -10.270  -75.620  -1.355 1.0000000000
13439  -12.448  -75.827  -3.020 1.0000000000
14230  -11.279  -75.726  -2.301 1.0000000000
14204  -10.706  -75.496  -0.303 1.0000000000
15921  -15.505  -73.060  -6.028 1.0000000000
16832  -14.503  -72.798  -8.052 1.0000000000
11799  -5.127  -79.295  -4.816 0.8000000119
11786  -5.594  -79.162  -4.159 0.8000000119
11773  -6.948  -78.250  -3.922 0.8999999762
12624  -8.683  -77.240  -4.816 1.0000000000
139399  -9.373  -76.092  -5.250 1.0000000000
15944  -13.231  -73.192  -8.204 1.0000000000
14279  -10.945  -75.840  -6.249 1.0000000000
15082  -11.745  -74.826  -6.874 1.0000000000
15095  -12.415  -74.594  -7.532 1.0000000000
11810  -5.020  -79.033  -5.661 0.6999999881
15096  -13.331  -74.105  -8.067 1.0000000000
133339  -0.724  -68.763  5.457 0.2000000030
16730  -2.552  -72.232  -0.635 0.8999999762
16731  -3.478  -72.215  -0.612 0.8999999762
146930  -4.241  -72.191  -0.530 0.8999999762
16732  -4.902  -72.461  -0.659 0.8999999762
16734  -6.360  -72.590  -0.360 0.8999999762
19282  -0.468  -69.133  4.271 0.4000000060
18454  -0.544  -70.558  1.862 0.8999999762
18467  -0.660  -70.466  1.050 0.8999999762
14981  -8.282  -74.498  1.130 1.0000000000
14243  -13.632  -75.218  -3.423 1.0000000000
14231  -12.118  -75.419  -2.069 1.0000000000
16830  -11.820  -71.846  -8.371 1.0000000000
17706  -14.213  -71.754  -7.192 1.0000000000
16779  -14.402  -72.857  -4.924 1.0000000000
15058  -13.887  -74.410  -3.697 1.0000000000
15919  -8.690  -74.088  -5.574 1.0000000000
15930  -9.551  -73.488  -6.554 1.0000000000
16814  -10.450  -72.320  -7.872 1.0000000000
142044  -12.570  -71.938  -8.367 1.0000000000
12620  -4.234  -78.126  -3.985 0.6000000238
139649  -4.791  -77.831  -3.653 0.8000000119
13449  -6.838  -76.852  -3.919 0.8999999762
13450  -7.438  -76.463  -4.242 1.0000000000
14266  -9.050  -75.496  -5.132 1.0000000000
15080  -9.918  -74.186  -6.081 1.0000000000
15942  -10.789  -73.221  -7.429 1.0000000000
16816  -12.327  -72.715  -8.143 1.0000000000
17731  -13.115  -71.677  -8.229 1.0000000000
12621  -5.099  -78.434  -3.812 0.8000000119
12609  -5.563  -77.752  -3.629 0.8000000119
13451  -8.064  -76.876  -4.454 1.0000000000
14255  -8.343  -75.539  -4.758 1.0000000000
15069  -9.355  -74.727  -5.594 1.0000000000
15931  -10.324  -73.746  -6.726 1.0000000000
15094  -11.912  -74.176  -7.270 1.0000000000
143262  -12.492  -73.715  -7.809 1.0000000000
11785  -4.766  -78.701  -4.367 0.6000000238
12649  -4.928  -78.123  -5.938 0.4000000060
15081  -10.977  -75.057  -6.305 1.0000000000
15932  -11.171  -74.144  -6.861 1.0000000000
11798  -4.623  -78.660  -5.118 0.6999999881
20118  -0.809  -68.211  5.253 0.3000000119
17614  -4.581  -71.244  0.370 0.8999999762
17615  -5.449  -71.670  0.544 0.8999999762
20138  -0.551  -68.592  3.410 0.6000000238
18468  -1.046  -70.441  0.615 0.8999999762
18469  -1.789  -70.358  0.351 0.8999999762
17612  -2.406  -70.940  -0.034 0.8999999762
17613  -3.622  -70.828  0.266 0.8999999762
16715  -6.165  -72.126  0.271 0.8999999762
16716  -6.756  -72.607  0.599 0.8999999762
15841  -7.448  -73.525  0.528 0.8999999762
138348  -7.311  -73.125  2.180 0.8999999762
14993  -8.963  -75.104  1.002 1.0000000000
14232  -12.685  -75.032  -2.292 1.0000000000
147145  -11.389  -75.361  -0.662 1.0000000000
15929  -8.743  -73.278  -6.227 1.0000000000
16803  -9.167  -72.656  -7.008 1.0000000000
17717  -10.202  -71.444  -8.149 1.0000000000
17730  -12.322  -71.229  -8.298 1.0000000000
17692  -13.442  -71.334  -5.981 1.0000000000
15045  -13.282  -74.568  -3.034 1.0000000000
13435  -4.189  -76.631  -3.626 0.8000000119
14241  -5.875  -76.061  -3.763 0.8000000119
130621  -6.679  -75.245  -4.318 0.8999999762
15905  -6.995  -73.858  -4.945 0.8999999762
15917  -7.449  -73.352  -5.533 1.0000000000
16804  -9.982  -72.914  -7.198 1.0000000000
18584  -11.755  -70.603  -8.096 1.0000000000
17718  -12.958  -71.116  -7.968 1.0000000000
13437  -6.111  -76.877  -3.696 0.8000000119
150440  -6.295  -75.602  -4.040 0.8999999762
15057  -7.956  -74.947  -4.760 1.0000000000
15067  -7.903  -74.191  -5.114 1.0000000000
17679  -11.891  -71.794  -4.992 1.0000000000
152621  -3.561  -77.707  -5.070 0.4000000060
12648  -4.127  -77.983  -5.481 0.3000000119
20967  -0.953  -67.514  4.596 0.4000000060
19333  -1.305  -69.622  0.659 0.8999999762
148747  -0.568  -69.065  2.536 0.6000000238
142103  -0.577  -68.957  1.561 0.8000000119
17596  -5.563  -71.510  1.702 0.8999999762
17597  -6.224  -71.918  2.245 0.8999999762
16703  -6.663  -72.661  1.899 0.8999999762
143275  -8.552  -73.420  2.149 1.0000000000
17584  -8.029  -71.398  2.632 1.0000000000
15918  -8.156  -73.561  -5.688 1.0000000000
16813  -9.613  -72.051  -7.720 1.0000000000
16790  -13.001  -71.846  -5.194 1.0000000000
15907  -14.002  -73.514  -4.162 1.0000000000
15027  -11.806  -75.066  -0.786 1.0000000000
15831  -9.108  -73.760  1.827 1.0000000000
14252  -5.840  -75.145  -4.076 0.8999999762
15055  -6.402  -74.443  -4.564 0.8999999762
17703  -8.090  -71.435  -7.185 1.0000000000
17728  -10.744  -71.030  -8.388 1.0000000000
17705  -13.650  -71.235  -6.853 1.0000000000
15892  -12.123  -73.701  -2.851 1.0000000000
15843  -10.193  -73.606  0.894 1.0000000000
17617  -9.671  -72.198  1.319 1.0000000000
12607  -3.598  -77.203  -3.864 0.6999999881
15044  -4.923  -74.873  -3.902 0.8000000119
15904  -6.098  -73.542  -4.847 0.8999999762
16788  -7.127  -72.461  -5.930 1.0000000000
16801  -7.593  -71.930  -6.587 1.0000000000
17716  -9.339  -71.047  -7.947 1.0000000000
17704  -12.943  -70.825  -6.662 1.0000000000
16777  -12.556  -72.517  -4.442 1.0000000000
15879  -11.286  -73.790  -1.415 1.0000000000
133545  -10.066  -72.856  -0.053 1.0000000000
18472  -10.650  -70.615  0.998 1.0000000000
12634  -3.572  -77.606  -4.429 0.6000000238
13434  -3.319  -76.279  -3.775 0.6999999881
15916  -6.636  -73.027  -5.369 1.0000000000
18573  -9.589  -70.188  -7.797 1.0000000000
18559  -11.416  -70.061  -7.032 1.0000000000
17690  -11.290  -70.948  -5.353 1.0000000000
16776  -11.507  -72.432  -4.189 1.0000000000
16747  -10.182  -72.564  -1.745 1.0000000000
17619  -10.812  -71.304  0.467 1.0000000000
18474  -12.165  -70.388  0.193 1.0000000000
16787  -6.369  -72.126  -5.726 1.0000000000
17688  -6.854  -71.535  -6.313 1.0000000000
17714  -8.032  -70.598  -7.333 1.0000000000
19443  -8.991  -69.756  -7.387 1.0000000000
18558  -10.714  -69.890  -6.573 1.0000000000
17689  -10.518  -70.942  -4.809 1.0000000000
17667  -10.099  -71.885  -3.345 1.0000000000
17646  -10.183  -71.906  -1.774 1.0000000000
17635  -11.940  -71.076  -0.823 1.0000000000
13462  -2.890  -77.110  -5.101 0.5000000000
19429  -6.932  -69.871  -6.375 1.0000000000
19430  -7.693  -69.654  -6.676 1.0000000000
141106  -8.722  -69.323  -6.297 1.0000000000
18546  -9.792  -69.757  -5.373 1.0000000000
17676  -9.963  -71.118  -3.656 1.0000000000
152818  -10.033  -71.539  -3.075 1.0000000000
18500  -11.928  -70.891  -1.525 1.0000000000
18501  -12.778  -70.619  -1.196 1.0000000000
20190  -12.892  -69.215  -0.198 1.0000000000
21028  -13.595  -68.296  -0.839 1.0000000000
19431  -8.458  -69.522  -6.846 1.0000000000
19415  -8.550  -69.228  -5.528 1.0000000000
19404  -9.239  -69.518  -4.754 1.0000000000
18524  -9.746  -69.996  -3.847 1.0000000000
18515  -11.342  -70.527  -2.140 1.0000000000
18516  -12.360  -70.303  -2.017 1.0000000000
19360  -14.211  -69.569  -1.803 1.0000000000
20196  -14.524  -68.856  -1.810 1.0000000000
140375  -14.306  -67.213  -1.640 1.0000000000
24778  -15.611  -63.560  -2.261 1.0000000000
136572  -10.130  -69.573  -2.872 1.0000000000
19375  -11.597  -69.619  -2.374 1.0000000000
19376  -12.796  -69.664  -2.488 1.0000000000
20214  -14.674  -69.215  -2.599 1.0000000000
20215  -15.114  -68.663  -3.018 1.0000000000
20197  -14.866  -68.420  -2.392 1.0000000000
22899  -15.493  -65.912  -2.692 1.0000000000
23853  -15.842  -64.471  -2.362 1.0000000000
147693  -16.282  -63.323  -2.660 1.0000000000
26527  -16.605  -62.159  -3.732 1.0000000000
26547  -17.712  -61.181  -4.153 1.0000000000
27385  -17.928  -60.492  -4.201 1.0000000000
20224  -14.212  -69.141  -3.400 1.0000000000
20226  -15.213  -68.340  -3.607 1.0000000000
21963  -15.610  -66.747  -3.326 1.0000000000
147973  -15.865  -65.212  -2.686 1.0000000000
23854  -16.500  -64.833  -2.999 1.0000000000
24779  -16.449  -63.977  -2.579 1.0000000000
24792  -17.021  -63.503  -3.006 1.0000000000
26529  -18.355  -62.137  -3.948 1.0000000000
26548  -18.808  -61.261  -4.104 1.0000000000
27386  -18.496  -60.249  -4.127 1.0000000000
27373  -19.037  -59.930  -3.823 1.0000000000
21076  -14.446  -68.007  -4.437 1.0000000000
20234  -15.221  -67.802  -4.379 1.0000000000
21984  -16.106  -66.112  -3.898 1.0000000000
23864  -17.263  -64.792  -3.496 1.0000000000
143409  -17.644  -64.095  -3.405 1.0000000000
25644  -18.602  -63.081  -3.880 1.0000000000
27387  -19.445  -60.648  -4.088 1.0000000000
135132  -0.586  -67.794  3.063 0.4000000060
143005  -0.591  -68.833  0.996 0.8999999762
19334  -2.181  -69.581  0.624 0.8999999762
135424  -2.802  -70.200  0.450 0.8999999762
18455  -3.756  -69.969  1.178 0.8999999762
18470  -4.461  -70.654  1.097 0.8999999762
18471  -5.051  -71.136  1.096 0.8999999762
19317  -4.059  -69.585  2.191 0.8999999762
18444  -5.222  -70.499  2.607 0.8999999762
17581  -5.705  -71.226  2.515 0.8999999762
17582  -6.447  -71.501  2.762 0.8999999762
20151  -5.887  -69.283  2.648 0.8999999762
18445  -6.658  -70.992  2.960 0.8999999762
137004  -7.744  -72.251  2.720 1.0000000000
137344  -6.938  -70.344  2.749 0.8999999762
16692  -8.623  -71.999  2.396 1.0000000000
16704  -9.068  -72.779  2.040 1.0000000000
15054  -5.527  -74.162  -4.382 0.8999999762
19321  -9.618  -70.020  1.538 1.0000000000
19322  -10.329  -70.085  1.237 1.0000000000
15043  -4.051  -74.755  -3.714 0.8999999762
15903  -5.161  -73.105  -4.596 0.8999999762
16774  -5.891  -72.621  -5.138 0.8999999762
19337  -11.004  -69.860  0.927 1.0000000000
14250  -2.256  -75.678  -4.349 0.6999999881
16786  -5.805  -71.856  -5.452 1.0000000000
18545  -6.276  -70.274  -6.004 1.0000000000
141875  -11.571  -68.084  0.349 1.0000000000
21932  -12.048  -66.581  0.074 1.0000000000
136850  -12.269  -65.940  -0.047 1.0000000000
17687  -6.135  -71.187  -5.917 1.0000000000
18544  -5.939  -70.093  -5.470 1.0000000000
145572  -7.286  -69.423  -5.980 1.0000000000
136980  -13.122  -67.413  -0.554 1.0000000000
21939  -13.320  -66.522  -0.736 1.0000000000
23816  -13.223  -64.933  -0.602 1.0000000000
23835  -13.078  -64.190  -0.848 1.0000000000
24758  -13.699  -63.764  -1.386 1.0000000000
25626  -14.200  -62.879  -2.719 1.0000000000
19413  -6.500  -69.640  -5.582 1.0000000000
19389  -8.281  -69.116  -3.312 1.0000000000
138247  -9.043  -69.369  -3.699 1.0000000000
19390  -9.671  -69.572  -3.257 1.0000000000
21942  -13.909  -66.504  -1.330 1.0000000000
141294  -14.628  -64.915  -1.636 1.0000000000
23837  -14.376  -64.125  -1.492 1.0000000000
24777  -14.542  -63.447  -1.932 1.0000000000
25627  -15.006  -62.981  -2.537 1.0000000000
26545  -15.633  -61.081  -4.262 0.8999999762
27383  -16.166  -60.307  -4.351 0.8999999762
28255  -16.750  -59.899  -4.114 1.0000000000
28256  -17.670  -59.994  -4.171 1.0000000000
20211  -10.483  -68.126  -2.264 1.0000000000
20212  -11.185  -68.629  -2.424 1.0000000000
21050  -12.222  -67.999  -2.867 1.0000000000
20223  -13.164  -68.881  -3.084 1.0000000000
144161  -15.311  -65.091  -2.176 1.0000000000
23852  -15.077  -64.214  -1.884 1.0000000000
150361  -15.968  -61.765  -4.082 0.8999999762
27384  -17.135  -60.408  -4.259 1.0000000000
28238  -18.269  -59.811  -3.674 1.0000000000
145151  -18.851  -59.537  -3.046 1.0000000000
21063  -11.951  -67.141  -2.871 1.0000000000
21064  -12.797  -67.807  -3.480 1.0000000000
22000  -13.905  -67.240  -5.089 1.0000000000
21065  -13.799  -68.462  -3.883 1.0000000000
28239  -19.505  -59.543  -3.153 0.8999999762
22014  -14.253  -66.594  -5.535 1.0000000000
22001  -14.715  -67.247  -5.041 1.0000000000
22016  -16.388  -65.880  -4.955 1.0000000000
22940  -16.790  -65.685  -4.393 1.0000000000
22959  -17.530  -65.165  -4.629 1.0000000000
23865  -17.959  -64.678  -4.063 1.0000000000
24794  -18.403  -63.859  -3.905 1.0000000000
25656  -19.311  -62.490  -4.199 1.0000000000
22015  -15.733  -66.163  -5.202 1.0000000000
22957  -16.215  -65.576  -5.471 1.0000000000
140226  -16.955  -65.459  -5.135 1.0000000000
23873  -18.147  -64.761  -4.779 1.0000000000
23874  -18.593  -64.236  -4.625 1.0000000000
24804  -19.166  -63.406  -4.529 1.0000000000
28257  -19.850  -60.021  -3.845 1.0000000000
20994  -0.513  -67.294  2.364 0.8000000119
21002  -0.461  -67.545  1.529 0.6999999881
20176  -0.658  -68.007  0.945 0.8000000119
20178  -1.760  -68.801  0.702 0.8999999762
19315  -2.747  -68.879  1.030 0.8999999762
19316  -3.450  -69.190  1.804 0.8999999762
20149  -4.406  -68.380  2.494 0.8999999762
20150  -5.022  -68.969  2.786 0.8999999762
19305  -6.416  -69.813  2.721 0.8999999762
20164  -5.852  -68.549  2.147 0.8999999762
20165  -7.702  -68.511  1.295 1.0000000000
19319  -7.817  -69.330  1.789 1.0000000000
20166  -8.604  -68.912  1.360 1.0000000000
20167  -9.342  -69.309  1.407 1.0000000000
14238  -2.700  -75.468  -3.860 0.8999999762
15890  -3.811  -73.974  -3.759 0.8999999762
15053  -4.672  -73.969  -4.077 0.8999999762
20180  -8.532  -68.020  0.853 1.0000000000
136461  -9.491  -67.769  0.706 1.0000000000
21930  -10.490  -66.605  0.407 1.0000000000
15052  -2.098  -75.080  -4.019 0.8999999762
131711  -3.591  -72.629  -3.670 0.8999999762
16773  -5.289  -72.069  -4.943 0.8999999762
22875  -10.398  -65.212  0.107 1.0000000000
24735  -12.242  -63.982  -0.755 1.0000000000
143981  -2.762  -73.223  -3.427 0.8999999762
17675  -4.929  -71.327  -4.688 0.8999999762
145797  -5.815  -70.639  -5.574 1.0000000000
23813  -10.154  -64.486  -0.352 1.0000000000
24755  -10.900  -63.580  -1.244 1.0000000000
24756  -11.794  -63.464  -1.338 1.0000000000
145584  -12.873  -62.442  -3.599 1.0000000000
25640  -13.851  -62.416  -3.544 1.0000000000
25641  -14.870  -62.432  -3.356 1.0000000000
18523  -4.957  -70.139  -4.109 1.0000000000
19400  -5.533  -69.649  -4.264 1.0000000000
19388  -7.471  -68.960  -2.935 1.0000000000
20210  -8.925  -68.250  -2.117 1.0000000000
136169  -9.136  -68.946  -2.772 1.0000000000
25655  -12.559  -61.975  -4.388 1.0000000000
136481  -13.029  -61.360  -4.598 1.0000000000
26525  -14.338  -61.955  -4.189 0.8999999762
27382  -15.185  -60.310  -4.392 0.8999999762
28254  -15.618  -59.726  -3.988 0.8999999762
28237  -17.450  -59.713  -3.376 1.0000000000
28225  -18.265  -59.140  -2.518 0.8999999762
20209  -8.159  -68.066  -1.881 1.0000000000
145187  -8.772  -67.628  -1.896 1.0000000000
144405  -9.652  -67.636  -1.993 1.0000000000
21049  -11.323  -67.767  -2.514 1.0000000000
28226  -19.204  -58.963  -2.541 0.8999999762
21999  -11.046  -66.118  -3.856 1.0000000000
21961  -11.029  -66.917  -2.614 1.0000000000
21982  -12.374  -66.833  -3.854 1.0000000000
22939  -13.349  -66.416  -5.332 1.0000000000
133724  -13.086  -66.816  -4.688 1.0000000000
22955  -13.731  -65.764  -5.818 1.0000000000
144466  -14.643  -65.846  -5.860 1.0000000000
22956  -15.448  -65.742  -5.719 1.0000000000
23886  -14.195  -65.023  -6.120 1.0000000000
22964  -15.085  -65.096  -6.104 1.0000000000
22958  -16.740  -65.035  -5.768 1.0000000000
23887  -17.629  -64.907  -5.401 1.0000000000
23888  -18.413  -64.429  -5.235 1.0000000000
25657  -19.995  -62.647  -4.802 1.0000000000
26549  -20.034  -61.745  -4.362 1.0000000000
28240  -20.256  -59.444  -3.252 0.8999999762
23904  -15.566  -64.422  -6.323 1.0000000000
148725  -16.796  -63.977  -6.379 1.0000000000
150604  -17.928  -64.387  -5.839 1.0000000000
24831  -19.082  -63.416  -5.940 1.0000000000
25665  -20.060  -62.696  -5.500 1.0000000000
26550  -20.701  -61.391  -4.684 1.0000000000
28258  -20.653  -59.943  -3.971 1.0000000000
21886  -1.121  -66.648  4.101 0.3000000119
144348  -0.772  -66.256  3.317 0.5000000000
136772  -1.392  -67.840  0.754 0.8999999762
21905  -0.529  -66.425  2.490 0.5000000000
21004  -3.371  -67.616  1.718 0.8999999762
20148  -3.864  -68.181  2.326 0.8999999762
21005  -4.237  -67.631  2.065 0.8999999762
21006  -5.050  -67.497  1.651 0.8999999762
21924  -4.174  -66.326  0.752 0.8999999762
21007  -5.784  -67.778  1.440 0.8999999762
136569  -4.598  -65.185  -0.602 0.8999999762
132869  -5.952  -66.781  0.384 0.8999999762
152318  -7.008  -67.532  0.737 1.0000000000
22859  -5.396  -65.617  -0.490 0.8999999762
21937  -6.913  -66.227  -0.156 1.0000000000
20179  -7.567  -67.746  0.802 1.0000000000
132779  -0.849  -72.295  -5.367 0.4000000060
17673  -0.742  -72.149  -4.484 0.5000000000
22871  -6.406  -65.649  -0.604 1.0000000000
22873  -8.184  -65.377  -0.381 1.0000000000
22861  -8.680  -65.870  0.024 1.0000000000
22874  -8.992  -65.174  -0.225 1.0000000000
16785  -0.651  -72.888  -5.012 0.5000000000
16771  -0.889  -73.111  -4.393 0.8999999762
17663  -1.354  -72.393  -3.635 0.8999999762
23831  -8.018  -64.420  -1.320 1.0000000000
23812  -9.298  -64.592  -0.525 1.0000000000
15901  -1.124  -73.849  -4.454 0.6999999881
17666  -3.765  -71.752  -3.663 0.8999999762
18532  -4.752  -70.702  -4.316 1.0000000000
24754  -10.027  -63.595  -1.494 1.0000000000
24774  -10.526  -63.207  -2.108 1.0000000000
145350  -11.278  -63.204  -1.929 1.0000000000
16800  -1.026  -72.925  -5.977 0.4000000060
19369  -5.573  -68.801  -2.872 1.0000000000
19387  -5.940  -69.157  -3.435 1.0000000000
150746  -7.551  -67.865  -1.950 1.0000000000
25637  -10.602  -62.464  -3.657 1.0000000000
25654  -11.711  -61.964  -4.458 1.0000000000
26542  -12.141  -61.345  -4.733 0.8999999762
148979  -13.093  -59.998  -4.590 0.6999999881
28253  -14.603  -59.764  -4.188 0.8999999762
28235  -15.454  -59.036  -2.936 0.8999999762
28223  -16.252  -58.921  -2.462 1.0000000000
28224  -17.160  -58.957  -2.278 1.0000000000
29115  -17.985  -58.339  -2.009 0.8000000119
152491  -8.297  -66.678  -2.424 1.0000000000
21959  -9.046  -66.879  -2.103 1.0000000000
21979  -9.637  -66.342  -2.936 1.0000000000
15940  -1.367  -73.295  -6.936 0.3000000119
22937  -11.483  -65.930  -4.644 1.0000000000
22938  -12.376  -66.198  -4.778 1.0000000000
22953  -11.910  -65.530  -5.343 1.0000000000
22954  -12.785  -65.629  -5.575 1.0000000000
141696  -13.820  -64.218  -6.383 1.0000000000
23903  -14.696  -64.339  -6.378 1.0000000000
28241  -20.993  -59.268  -3.434 0.8999999762
151481  -14.316  -63.548  -6.492 1.0000000000
24828  -15.209  -63.635  -6.496 1.0000000000
136279  -16.726  -63.272  -6.529 1.0000000000
152632  -18.788  -62.830  -6.371 1.0000000000
25686  -20.233  -62.353  -5.987 1.0000000000
26558  -21.191  -61.141  -5.614 1.0000000000
27388  -21.009  -60.638  -4.489 1.0000000000
26574  -20.639  -61.719  -6.102 1.0000000000
27400  -21.577  -60.509  -5.921 1.0000000000
22790  -1.724  -65.588  4.048 0.4000000060
21913  -0.444  -66.795  1.568 0.6999999881
22812  -1.345  -65.146  3.339 0.3000000119
22811  -0.723  -65.574  2.699 0.5000000000
21003  -2.366  -67.250  0.944 0.8999999762
21920  -0.553  -66.453  0.998 0.8999999762
138343  -1.773  -65.403  0.551 0.8999999762
21922  -2.211  -66.304  0.743 0.8999999762
21923  -3.284  -66.287  0.863 0.8999999762
136283  -2.700  -65.559  0.473 0.8999999762
22869  -2.990  -64.970  -0.084 0.8999999762
22870  -3.865  -65.093  -0.358 0.8999999762
23808  -4.975  -64.871  -1.153 0.8999999762
23829  -5.388  -64.393  -1.754 0.8999999762
22884  -5.902  -65.058  -1.176 0.8999999762
23830  -6.427  -64.481  -1.786 0.8999999762
24771  -7.855  -63.552  -2.832 1.0000000000
24752  -8.354  -63.902  -1.909 1.0000000000
18520  -0.974  -71.462  -3.737 0.8999999762
17656  -2.117  -71.264  -2.712 0.8999999762
17657  -2.813  -70.902  -2.853 0.8999999762
18522  -4.237  -70.412  -3.613 1.0000000000
24772  -8.793  -63.395  -2.528 1.0000000000
25636  -8.920  -62.561  -4.021 0.8999999762
26540  -10.178  -61.664  -4.761 0.8999999762
142533  -10.821  -60.341  -5.111 0.8000000119
28251  -11.368  -59.627  -5.037 0.6999999881
19386  -4.942  -69.473  -3.424 1.0000000000
20207  -6.067  -68.214  -2.574 1.0000000000
21957  -6.723  -66.914  -2.613 1.0000000000
25653  -10.880  -62.067  -4.399 1.0000000000
142532  -11.759  -60.499  -4.931 0.8999999762
152769  -11.767  -58.968  -4.946 0.6999999881
29141  -12.538  -58.602  -4.699 0.6999999881
30023  -14.413  -57.734  -3.396 0.6999999881
30010  -15.096  -58.163  -2.710 0.8999999762
29114  -16.532  -58.389  -2.117 0.6999999881
29116  -18.855  -58.232  -2.129 0.8000000119
20208  -6.870  -68.050  -2.097 1.0000000000
21958  -7.563  -66.768  -2.457 1.0000000000
144119  -8.002  -66.330  -3.099 1.0000000000
145743  -8.756  -66.327  -2.935 1.0000000000
22919  -10.111  -65.955  -3.930 1.0000000000
30946  -15.932  -57.002  -2.738 0.6999999881
30947  -16.746  -56.922  -2.573 0.6999999881
30012  -17.225  -57.761  -2.027 0.8000000119
30013  -18.246  -57.379  -2.387 0.6999999881
22935  -9.367  -65.773  -4.721 1.0000000000
22936  -10.766  -65.849  -4.556 1.0000000000
30948  -17.983  -56.518  -3.083 0.8000000119
30949  -18.748  -56.754  -3.230 0.6999999881
29117  -19.801  -58.204  -2.519 0.8000000119
140069  -10.870  -64.637  -6.013 1.0000000000
23884  -11.549  -64.972  -5.726 1.0000000000
23885  -12.265  -64.920  -5.835 1.0000000000
29127  -19.879  -59.006  -2.713 0.8999999762
23901  -12.453  -64.248  -6.237 1.0000000000
29128  -20.498  -58.689  -2.884 0.8000000119
24826  -13.466  -63.454  -6.470 1.0000000000
24827  -14.810  -62.837  -6.536 1.0000000000
141250  -15.993  -62.057  -6.568 1.0000000000
137098  -15.815  -62.862  -6.575 1.0000000000
25684  -17.473  -62.860  -6.528 1.0000000000
147915  -18.147  -62.581  -6.519 1.0000000000
147854  -18.688  -62.039  -6.608 1.0000000000
25685  -19.565  -62.722  -6.141 1.0000000000
27389  -21.528  -60.631  -4.994 1.0000000000
146784  -21.441  -59.830  -4.242 0.8999999762
29129  -21.630  -59.059  -3.679 0.8999999762
134641  -21.257  -58.474  -3.209 0.8999999762
26571  -16.521  -61.627  -6.571 1.0000000000
26572  -17.483  -61.953  -6.595 1.0000000000
26573  -19.789  -61.879  -6.502 1.0000000000
28269  -22.022  -60.023  -5.166 1.0000000000
28259  -22.227  -59.240  -4.319 1.0000000000
23786  -1.137  -64.539  1.611 0.6999999881
23796  -1.399  -64.358  0.826 0.8000000119
23797  -1.749  -64.614  0.349 0.8999999762
24718  -1.755  -63.625  0.660 0.8000000119
23805  -2.374  -64.305  -0.193 0.8999999762
152766  -2.805  -62.852  0.962 0.6999999881
24733  -2.766  -63.551  -0.665 0.8000000119
25613  -3.512  -62.528  -1.152 0.8000000119
23827  -3.582  -63.842  -1.242 0.8999999762
153125  -3.930  -63.506  -1.600 0.8000000119
25620  -4.633  -62.548  -2.342 0.8999999762
23850  -5.686  -63.911  -2.399 0.8999999762
25633  -6.391  -62.715  -3.598 1.0000000000
24787  -7.385  -63.005  -3.699 1.0000000000
146593  -1.143  -70.889  -3.292 0.8000000119
18511  -2.330  -70.297  -2.661 0.8999999762
18512  -3.416  -70.150  -2.893 0.8999999762
25651  -8.595  -61.957  -4.626 1.0000000000
27379  -9.360  -60.361  -5.055 0.6999999881
141771  -9.805  -58.562  -4.852 0.6999999881
28250  -10.414  -59.486  -5.138 0.6999999881
29140  -11.527  -58.138  -5.047 0.6999999881
19368  -4.228  -69.685  -2.999 1.0000000000
20206  -5.163  -68.371  -2.741 1.0000000000
21044  -5.519  -67.718  -2.644 1.0000000000
29139  -10.510  -57.840  -4.905 0.6999999881
30986  -10.886  -56.507  -4.507 0.6999999881
30042  -12.251  -57.492  -4.897 0.6999999881
30022  -13.699  -57.833  -4.121 0.6999999881
30964  -14.641  -56.745  -3.710 0.6999999881
30965  -15.484  -56.452  -3.461 0.6999999881
21976  -6.321  -66.635  -3.523 1.0000000000
22934  -8.461  -65.905  -4.588 1.0000000000
30988  -12.491  -56.610  -4.753 0.6999999881
30990  -14.035  -56.181  -4.332 0.6999999881
30991  -14.889  -55.748  -4.219 0.6000000238
30967  -17.195  -56.304  -3.139 0.6000000238
30014  -19.179  -57.470  -2.695 0.8000000119
22951  -9.604  -65.310  -5.528 1.0000000000
143969  -10.180  -65.649  -4.977 1.0000000000
32017  -15.916  -55.666  -4.014 0.6000000238
141260  -16.915  -55.517  -3.904 0.6000000238
144706  -17.785  -55.862  -3.686 0.6000000238
30968  -18.445  -56.192  -3.620 0.6999999881
140070  -9.944  -64.651  -6.079 0.8999999762
24823  -11.206  -63.844  -6.427 1.0000000000
23900  -11.707  -64.399  -6.121 1.0000000000
138509  -19.880  -56.784  -4.087 0.6999999881
30025  -19.976  -57.452  -3.188 0.8000000119
30026  -20.711  -57.880  -2.894 0.8000000119
25678  -11.683  -63.165  -6.544 1.0000000000
24824  -11.918  -63.818  -6.364 1.0000000000
24825  -12.563  -63.422  -6.453 1.0000000000
30992  -20.466  -56.443  -4.411 0.8000000119
30970  -20.804  -57.129  -3.723 0.8000000119
25679  -12.280  -62.537  -6.615 1.0000000000
25680  -13.109  -62.685  -6.533 1.0000000000
26570  -15.671  -61.361  -6.572 1.0000000000
136671  -17.043  -61.111  -6.616 1.0000000000
27413  -17.381  -60.590  -6.662 1.0000000000
28286  -19.596  -60.016  -6.930 1.0000000000
28287  -20.581  -60.198  -6.883 1.0000000000
141888  -21.274  -60.210  -6.600 1.0000000000
28289  -22.378  -59.209  -6.249 1.0000000000
29144  -22.891  -58.910  -4.804 0.8999999762
29130  -22.869  -57.963  -3.760 0.8999999762
30028  -22.379  -57.549  -3.563 0.8000000119
30027  -21.545  -57.743  -3.295 0.8999999762
136753  -17.921  -61.164  -6.646 1.0000000000
27415  -20.135  -61.008  -6.691 1.0000000000
139656  -22.112  -58.394  -3.587 0.8999999762
23753  -1.784  -64.504  3.044 0.4000000060
23766  -1.614  -64.125  2.249 0.4000000060
24676  -2.342  -63.637  2.035 0.5000000000
24699  -3.236  -63.222  1.560 0.5000000000
26471  -8.015  -60.948  1.230 0.1000000015
24697  -1.597  -63.794  1.391 0.8000000119
26487  -7.258  -60.836  0.516 0.2000000030
27326  -8.502  -60.572  0.039 0.2000000030
25596  -3.368  -62.329  -0.001 0.6000000238
25606  -3.805  -61.987  -0.421 0.6000000238
26509  -4.694  -61.482  -1.382 0.6000000238
145535  -5.171  -61.244  -1.995 0.6999999881
26518  -5.978  -61.281  -3.076 0.6999999881
136014  -0.876  -70.142  -4.523 0.5000000000
18519  -0.809  -69.825  -3.594 0.6999999881
26522  -6.433  -61.735  -3.741 0.6999999881
26537  -7.764  -60.855  -4.455 0.6999999881
18531  -0.828  -70.619  -3.735 0.6999999881
19366  -2.139  -69.545  -2.603 0.6999999881
138050  -3.854  -67.974  -2.749 0.6999999881
21043  -4.627  -67.820  -2.760 0.8000000119
27372  -7.859  -59.824  -4.164 0.8000000119
29123  -8.570  -58.362  -3.825 0.6999999881
30040  -10.287  -56.952  -4.480 0.6000000238
32016  -10.947  -55.422  -3.605 0.6000000238
20205  -4.257  -68.521  -2.762 0.8999999762
21975  -5.640  -66.650  -3.653 1.0000000000
30963  -11.273  -55.819  -4.310 0.6999999881
32032  -12.058  -55.369  -4.471 0.6999999881
21997  -6.829  -66.271  -4.292 1.0000000000
22950  -8.770  -65.485  -5.474 1.0000000000
23882  -8.237  -64.978  -6.151 0.8999999762
135276  -13.387  -55.601  -4.607 0.6999999881
32034  -15.448  -55.031  -4.478 0.5000000000
23883  -9.089  -64.837  -6.131 0.8999999762
24822  -9.728  -63.320  -6.799 1.0000000000
33040  -15.533  -54.221  -4.767 0.5000000000
32035  -16.247  -54.827  -4.428 0.5000000000
32018  -17.761  -55.128  -4.097 0.5000000000
23899  -10.323  -63.936  -6.482 1.0000000000
25677  -10.704  -63.032  -6.741 1.0000000000
154090  -18.277  -54.933  -4.093 0.5000000000
32019  -18.516  -55.559  -3.957 0.5000000000
25698  -11.454  -62.367  -6.811 1.0000000000
32020  -19.381  -55.552  -4.135 0.5000000000
138292  -19.165  -56.327  -3.948 0.6000000238
32038  -20.704  -55.942  -4.707 0.8000000119
26587  -13.213  -60.930  -6.979 1.0000000000
26567  -12.876  -61.800  -6.699 1.0000000000
27409  -14.119  -60.777  -6.763 1.0000000000
28282  -15.875  -60.242  -6.705 1.0000000000
27412  -16.714  -60.428  -6.669 1.0000000000
28285  -18.114  -59.530  -6.821 1.0000000000
150677  -19.520  -59.175  -7.143 1.0000000000
28307  -20.236  -59.378  -7.192 1.0000000000
29167  -21.929  -59.079  -6.881 1.0000000000
29156  -23.391  -58.428  -5.210 0.8999999762
29145  -23.230  -58.268  -4.356 0.8999999762
30029  -23.151  -57.272  -3.642 0.8999999762
30971  -21.822  -57.008  -3.651 0.8000000119
28283  -16.475  -59.793  -6.798 1.0000000000
28306  -18.866  -59.309  -6.915 1.0000000000
29188  -19.812  -58.665  -7.528 1.0000000000
29189  -20.659  -58.712  -7.490 1.0000000000
29168  -22.571  -58.676  -6.615 1.0000000000
29169  -23.245  -58.291  -6.210 0.8999999762
30051  -23.822  -57.846  -4.659 0.8999999762
30030  -23.772  -57.103  -3.729 0.8999999762
30973  -23.558  -56.628  -3.649 0.8999999762
30994  -22.146  -56.251  -4.112 0.6999999881
29166  -18.211  -58.740  -7.073 1.0000000000
30081  -20.173  -58.029  -7.896 1.0000000000
30083  -22.205  -57.513  -7.783 1.0000000000
29191  -22.834  -57.983  -7.101 1.0000000000
30064  -24.370  -57.107  -6.076 0.8999999762
30052  -24.425  -57.293  -5.064 0.8999999762
30974  -24.267  -56.580  -3.811 0.8999999762
24678  -4.232  -63.704  2.116 0.1000000015
25587  -4.736  -62.507  1.036 0.3000000119
25588  -5.511  -62.416  1.150 0.1000000015
25589  -6.781  -61.860  1.309 0.1000000015
26486  -5.880  -61.139  0.168 0.4000000060
25586  -3.599  -62.631  0.822 0.6999999881
25597  -4.297  -62.029  0.277 0.4000000060
26485  -5.152  -61.554  0.180 0.5000000000
26500  -5.257  -61.105  -0.560 0.6000000238
26510  -5.595  -60.822  -1.395 0.6000000238
27358  -5.722  -60.935  -2.281 0.6999999881
27364  -6.686  -60.189  -2.580 0.6999999881
28222  -7.652  -58.951  -2.805 0.5000000000
29112  -8.654  -57.747  -2.595 0.4000000060
20202  -0.921  -68.744  -3.068 0.6000000238
20203  -2.135  -68.209  -2.703 0.6999999881
131966  -3.885  -67.196  -2.877 0.8000000119
144273  -5.140  -66.813  -3.355 0.8000000119
28233  -7.940  -58.991  -3.538 0.6999999881
29111  -8.213  -58.301  -3.105 0.6000000238
30007  -8.735  -57.697  -3.360 0.5000000000
31999  -10.476  -55.620  -3.193 0.6000000238
146516  -1.304  -68.298  -2.897 0.6999999881
21041  -2.190  -67.262  -2.819 0.6999999881
133468  -2.884  -66.799  -2.874 0.8000000119
21996  -5.957  -66.269  -4.342 0.8999999762
33012  -11.558  -54.979  -3.989 0.6999999881
22931  -5.556  -65.620  -4.781 0.8999999762
22932  -6.428  -65.785  -4.984 0.8999999762
23897  -8.577  -64.225  -6.609 0.8999999762
23898  -9.432  -64.092  -6.554 0.8999999762
33038  -13.617  -54.759  -4.642 0.6000000238
24821  -8.214  -63.524  -6.838 1.0000000000
131916  -8.919  -63.508  -6.849 0.8999999762
33937  -14.748  -53.504  -4.742 0.5000000000
149754  -15.673  -53.487  -4.720 0.5000000000
25697  -10.575  -62.034  -7.224 1.0000000000
151419  -18.001  -54.268  -4.186 0.5000000000
151777  -11.437  -61.635  -7.208 1.0000000000
148104  -12.050  -61.881  -6.869 1.0000000000
33015  -19.661  -54.912  -4.103 0.5000000000
30993  -21.148  -56.384  -4.464 0.6999999881
27426  -13.619  -60.198  -7.177 1.0000000000
27427  -14.374  -60.165  -6.952 1.0000000000
32039  -21.500  -55.588  -4.843 0.6000000238
140314  -14.103  -59.555  -7.277 1.0000000000
138964  -15.304  -59.022  -7.193 1.0000000000
29164  -16.704  -58.995  -6.949 1.0000000000
29187  -17.386  -58.214  -7.243 1.0000000000
32023  -23.474  -55.231  -3.906 0.8000000119
32022  -23.147  -56.058  -3.725 0.6999999881
29186  -16.544  -58.158  -7.266 1.0000000000
30079  -18.300  -57.918  -7.628 1.0000000000
30080  -19.269  -58.036  -7.866 1.0000000000
31024  -24.205  -56.785  -6.833 1.0000000000
30995  -24.699  -56.628  -4.501 0.8000000119
32041  -24.821  -55.951  -4.006 0.8000000119
30097  -19.634  -57.493  -8.420 1.0000000000
24677  -3.368  -63.774  2.247 0.3000000119
24700  -4.404  -63.110  1.536 0.3000000119
26502  -6.854  -60.590  -0.297 0.6000000238
27346  -8.132  -60.213  -0.650 0.2000000030
26501  -6.047  -60.732  -0.480 0.6000000238
27344  -6.459  -60.469  -1.119 0.6999999881
28208  -7.630  -59.859  -1.411 0.5000000000
28216  -7.866  -59.180  -1.882 0.4000000060
29102  -8.922  -58.076  -1.716 0.4000000060
141745  -1.045  -68.430  -4.572 0.4000000060
21073  -0.851  -67.923  -3.927 0.6000000238
152837  -2.139  -66.543  -2.933 0.6999999881
28221  -7.228  -59.629  -2.324 0.5000000000
29103  -9.739  -57.856  -1.284 0.4000000060
19410  -1.204  -69.309  -5.021 0.5000000000
20231  -0.824  -68.563  -3.678 0.6000000238
21040  -1.458  -67.601  -2.928 0.6999999881
21954  -3.467  -66.269  -3.236 0.8000000119
22916  -4.103  -65.759  -3.765 0.8000000119
22930  -4.714  -65.308  -4.426 0.8999999762
23872  -5.271  -64.794  -4.953 0.8999999762
23880  -6.431  -64.527  -5.908 0.8999999762
22947  -5.993  -65.117  -5.434 0.8999999762
144221  -7.033  -64.618  -6.213 0.8999999762
24838  -9.057  -62.775  -7.153 1.0000000000
25696  -9.548  -62.000  -7.457 1.0000000000
26585  -10.862  -61.328  -7.554 1.0000000000
152493  -11.400  -61.008  -7.549 1.0000000000
136780  -12.714  -60.246  -7.465 1.0000000000
143226  -14.638  -58.969  -7.355 1.0000000000
139584  -14.484  -58.320  -7.514 1.0000000000
146568  -15.904  -58.603  -7.218 1.0000000000
33017  -24.166  -55.045  -3.812 0.8000000119
30077  -15.864  -57.606  -7.412 1.0000000000
30078  -16.788  -57.374  -7.511 1.0000000000
137739  -17.493  -57.379  -7.656 1.0000000000
30096  -18.765  -57.375  -8.272 1.0000000000
150805  -21.557  -56.453  -8.772 1.0000000000
31047  -22.807  -56.847  -8.037 1.0000000000
31048  -23.659  -56.685  -7.553 1.0000000000
31025  -24.717  -56.322  -6.363 1.0000000000
32052  -25.427  -55.267  -5.225 0.8000000119
33019  -25.101  -54.735  -4.148 0.8000000119
21085  -1.433  -67.105  -4.953 0.5000000000
21995  -1.064  -66.713  -4.328 0.5000000000
21972  -1.215  -66.459  -3.586 0.6999999881
22914  -2.083  -65.266  -3.325 0.6000000238
22915  -3.078  -65.258  -3.428 0.8000000119
20241  -1.781  -68.691  -5.243 0.4000000060
23871  -4.511  -64.434  -4.533 0.8999999762
24820  -7.500  -63.315  -6.776 1.0000000000
141235  -6.913  -62.994  -6.589 1.0000000000
25695  -8.143  -62.745  -7.126 1.0000000000
135136  -8.627  -62.003  -7.487 1.0000000000
27425  -11.669  -60.237  -7.805 1.0000000000
28301  -11.451  -59.291  -8.093 1.0000000000
28302  -12.317  -59.434  -7.828 1.0000000000
29183  -12.848  -58.613  -7.778 1.0000000000
29184  -13.804  -58.736  -7.588 1.0000000000
152255  -13.409  -58.251  -7.671 1.0000000000
30076  -14.892  -57.608  -7.484 1.0000000000
33046  -23.844  -54.472  -4.041 0.6000000238
134696  -15.349  -56.690  -7.444 1.0000000000
31044  -16.207  -56.571  -7.589 1.0000000000
31045  -17.074  -56.504  -7.809 1.0000000000
31046  -17.931  -56.969  -7.982 1.0000000000
31061  -19.183  -56.876  -8.773 1.0000000000
31062  -19.979  -56.938  -8.997 1.0000000000
31065  -23.239  -56.176  -8.248 1.0000000000
32087  -24.045  -55.883  -7.931 0.8999999762
32088  -24.795  -55.385  -7.478 0.8999999762
32086  -17.001  -55.738  -8.013 0.8999999762
31059  -17.603  -56.172  -8.217 1.0000000000
31080  -19.469  -56.334  -9.279 1.0000000000
31081  -20.292  -56.307  -9.476 1.0000000000
31083  -21.830  -55.704  -9.215 1.0000000000
147802  -23.066  -55.120  -8.886 1.0000000000
32105  -24.291  -55.161  -8.199 0.8999999762
33099  -25.056  -54.684  -7.735 0.8999999762
33100  -26.159  -54.353  -7.513 0.8999999762
32117  -19.827  -55.644  -9.736 1.0000000000
133204  -1.828  -67.895  -5.238 0.4000000060
24786  -3.097  -64.271  -3.647 0.8000000119
24803  -5.023  -63.860  -4.950 0.8999999762
150233  -2.881  -67.878  -5.947 0.2000000030
23879  -5.715  -64.302  -5.539 0.8999999762
24813  -6.178  -63.854  -5.939 1.0000000000
20242  -2.712  -68.554  -5.814 0.3000000119
26582  -8.255  -61.264  -7.703 1.0000000000
27424  -10.796  -60.660  -7.865 1.0000000000
27437  -10.055  -60.340  -8.162 1.0000000000
30075  -13.945  -57.815  -7.574 1.0000000000
134434  -14.433  -56.862  -7.406 0.8999999762
132416  -15.630  -55.807  -7.568 0.8999999762
150195  -16.376  -55.756  -7.844 0.8999999762
33128  -24.329  -53.578  -8.681 0.8999999762
32101  -17.324  -55.549  -8.469 0.8999999762
32116  -18.810  -55.566  -9.273 0.8999999762
139427  -20.302  -54.972  -10.131 1.0000000000
33125  -21.026  -55.062  -10.277 1.0000000000
32120  -22.930  -54.526  -9.278 0.8999999762
33127  -23.631  -54.088  -9.091 0.8999999762
140609  -1.111  -65.860  -4.257 0.5000000000
22913  -1.527  -65.507  -3.707 0.5000000000
22013  -1.562  -66.337  -5.194 0.3000000119
23870  -3.775  -63.861  -4.160 0.6000000238
21086  -2.328  -67.152  -5.630 0.3000000119
149890  -5.584  -62.824  -5.734 0.8000000119
24819  -6.241  -63.088  -6.181 1.0000000000
22946  -1.836  -65.608  -5.802 0.3000000119
25674  -6.610  -62.280  -6.670 0.8000000119
25694  -7.796  -61.928  -7.368 1.0000000000
26581  -7.394  -61.187  -7.398 0.8999999762
27422  -8.777  -60.615  -7.942 1.0000000000
27423  -9.444  -60.699  -8.037 1.0000000000
28316  -10.035  -59.563  -8.218 0.8000000119
27436  -9.347  -60.048  -8.152 1.0000000000
28300  -10.100  -58.925  -8.051 0.6999999881
29182  -11.322  -58.541  -7.962 0.8000000119
142431  -11.997  -58.728  -7.939 1.0000000000
141497  -11.166  -57.910  -7.637 0.8000000119
135413  -12.096  -57.825  -7.690 0.8000000119
30074  -13.089  -57.790  -7.651 0.8999999762
31043  -14.825  -55.939  -7.283 0.8000000119
32085  -15.841  -55.230  -7.803 0.8000000119
33113  -17.174  -54.957  -8.779 0.8999999762
138043  -18.453  -54.909  -9.425 1.0000000000
33124  -19.265  -54.746  -9.744 1.0000000000
33135  -20.740  -54.339  -10.520 1.0000000000
34016  -22.833  -53.793  -9.668 0.8999999762
34017  -23.572  -53.286  -9.346 0.8999999762
33123  -18.493  -54.299  -9.814 1.0000000000
33133  -19.124  -53.974  -9.997 0.8999999762
33134  -19.857  -54.109  -10.145 0.8999999762
139121  -1.270  -64.985  -4.235 0.4000000060
23861  -1.770  -64.523  -3.736 0.4000000060
24801  -2.922  -63.451  -3.810 0.5000000000
24811  -4.999  -62.994  -5.227 0.6999999881
22945  -1.287  -65.529  -4.966 0.3000000119
24802  -4.221  -63.179  -4.597 0.6000000238
25664  -5.067  -62.244  -5.552 0.6999999881
26565  -6.092  -61.664  -6.454 0.6999999881
26566  -6.689  -61.449  -6.898 0.8000000119
132569  -8.023  -60.511  -7.645 0.6999999881
28298  -8.632  -59.891  -7.823 0.6999999881
28297  -7.902  -59.737  -7.284 0.6999999881
28299  -9.366  -59.227  -7.840 0.6999999881
29180  -9.859  -58.418  -7.580 0.6999999881
30073  -11.371  -57.155  -7.250 0.8000000119
31040  -12.221  -56.775  -7.222 0.8000000119
31041  -13.034  -56.412  -7.174 0.8000000119
32083  -14.298  -55.323  -7.095 0.8000000119
32084  -15.101  -55.283  -7.474 0.8000000119
33098  -15.968  -54.902  -8.059 0.8999999762
33112  -16.336  -54.790  -8.665 0.8999999762
34015  -17.751  -53.998  -9.995 0.8999999762
34028  -19.408  -53.411  -10.366 0.8999999762
34029  -20.340  -53.497  -10.571 0.6999999881
34899  -19.798  -52.707  -10.688 0.8000000119
24784  -1.872  -63.727  -3.876 0.3000000119
23869  -1.490  -64.047  -4.398 0.3000000119
141104  -2.785  -62.729  -4.054 0.5000000000
24799  -1.855  -63.242  -4.266 0.3000000119
25663  -4.319  -62.325  -4.924 0.6999999881
137514  -6.014  -60.833  -6.468 0.6999999881
25662  -1.930  -62.155  -5.049 0.3000000119
25648  -2.721  -62.130  -4.469 0.4000000060
139923  -5.163  -60.477  -5.780 0.6999999881
27407  -6.788  -60.811  -6.997 0.6999999881
29178  -8.523  -59.151  -7.335 0.6999999881
29179  -9.073  -58.519  -7.227 0.6999999881
154287  -8.389  -58.523  -6.896 0.6999999881
30071  -9.500  -57.760  -6.991 0.6999999881
30072  -10.446  -57.606  -7.265 0.6999999881
31037  -9.832  -56.922  -6.745 0.6000000238
31038  -10.699  -56.602  -6.871 0.6999999881
31039  -11.583  -56.207  -6.880 0.6999999881
138399  -12.452  -55.855  -6.885 0.8000000119
33110  -14.731  -54.454  -8.228 0.6999999881
33097  -15.321  -54.857  -7.851 0.8000000119
33120  -15.959  -54.338  -9.292 0.6999999881
133246  -17.042  -53.772  -10.390 0.6999999881
34026  -17.684  -53.498  -10.575 0.6999999881
34898  -18.868  -52.798  -10.754 0.8000000119
34914  -18.275  -52.159  -11.280 0.6999999881
34915  -19.259  -52.078  -11.104 0.6999999881
149488  -2.231  -62.551  -4.438 0.3000000119
26554  -3.423  -60.818  -4.890 0.6000000238
142344  -6.571  -60.122  -6.654 0.6999999881
143301  -4.341  -60.619  -5.307 0.6000000238
27406  -5.643  -59.724  -5.958 0.6999999881
29162  -7.683  -58.850  -6.840 0.6999999881
28279  -5.837  -58.723  -5.957 0.5000000000
149217  -7.175  -58.198  -6.339 0.4000000060
30070  -8.664  -57.892  -6.713 0.6000000238
30062  -8.945  -57.100  -6.547 0.5000000000
31023  -10.839  -55.560  -6.753 0.6000000238
134055  -11.831  -55.166  -6.825 0.6000000238
33109  -13.825  -54.308  -7.808 0.6000000238
33119  -14.976  -54.267  -9.295 0.6999999881
34014  -16.255  -53.955  -10.140 0.6999999881
34024  -15.616  -53.551  -10.729 0.5000000000
34039  -17.095  -53.095  -10.977 0.6999999881
34912  -16.781  -52.446  -11.497 0.5000000000
34913  -17.512  -52.499  -11.290 0.6000000238
35923  -18.809  -51.449  -11.523 0.5000000000
150705  -2.851  -60.874  -4.867 0.6000000238
27398  -3.661  -59.938  -5.110 0.5000000000
26563  -2.241  -61.482  -5.549 0.1000000015
27396  -2.575  -60.724  -5.251 0.4000000060
27399  -4.541  -59.734  -5.368 0.6000000238
28266  -3.296  -59.513  -5.441 0.3000000119
139273  -6.282  -57.859  -5.888 0.4000000060
29153  -4.222  -58.291  -5.574 0.2000000030
30060  -7.151  -57.452  -6.093 0.3000000119
30061  -8.022  -57.227  -6.307 0.5000000000
30049  -4.792  -57.426  -5.656 0.1000000015
31019  -7.049  -56.419  -5.974 0.2000000030
31022  -10.015  -56.039  -6.685 0.4000000060
31005  -5.778  -56.367  -5.758 0.1000000015
32065  -8.635  -55.589  -6.448 0.3000000119
32068  -11.037  -54.722  -6.851 0.5000000000
34003  -14.081  -54.053  -8.844 0.5000000000
33996  -12.204  -53.781  -7.741 0.5000000000
34001  -12.621  -53.561  -8.267 0.5000000000
34002  -13.265  -53.764  -8.517 0.5000000000
34013  -15.533  -54.000  -9.956 0.6000000238
34010  -12.690  -53.253  -9.009 0.5000000000
34022  -14.155  -53.394  -10.378 0.5000000000
34038  -16.204  -52.997  -11.225 0.6000000238
34909  -13.941  -52.037  -11.193 0.5000000000
34910  -14.685  -52.545  -11.378 0.5000000000
35921  -17.419  -51.810  -11.648 0.4000000060
35933  -17.698  -51.102  -11.822 0.3000000119
36984  -19.199  -50.885  -11.717 0.5000000000
37002  -20.134  -49.919  -12.057 0.2000000030
35918  -14.729  -51.784  -11.707 0.3000000119
35919  -15.583  -51.614  -11.913 0.4000000060
35931  -16.223  -51.037  -12.050 0.3000000119
36999  -17.513  -50.488  -12.069 0.2000000030
32080  -5.817  -54.957  -6.574 0.1000000015
33074  -6.551  -54.628  -6.494 0.1000000015
33075  -7.557  -54.370  -6.474 0.2000000030
154793  -8.283  -54.918  -6.438 0.3000000119
33092  -10.867  -53.952  -7.062 0.4000000060
33995  -11.413  -53.477  -7.647 0.4000000060
34000  -11.987  -53.054  -8.361 0.4000000060
34890  -12.930  -52.819  -9.688 0.4000000060
144791  -13.491  -52.708  -10.428 0.3000000119
148079  -13.268  -51.888  -10.652 0.4000000060
149873  -14.953  -51.037  -11.996 0.2000000030
36997  -15.955  -50.373  -12.276 0.2000000030
33090  -6.050  -54.167  -6.913 0.1000000015
33983  -7.829  -53.526  -6.635 0.2000000030
33076  -8.571  -54.280  -6.552 0.2000000030
33091  -6.755  -53.722  -6.760 0.1000000015
33984  -8.989  -53.470  -6.722 0.2000000030
33993  -9.594  -52.842  -7.070 0.3000000119
34876  -11.091  -52.564  -7.961 0.4000000060
34888  -11.550  -52.334  -8.671 0.3000000119
34895  -12.800  -52.122  -10.050 0.3000000119
35901  -12.168  -51.483  -9.722 0.3000000119
35908  -13.436  -51.176  -10.941 0.3000000119
35917  -14.168  -51.008  -11.557 0.3000000119
36974  -12.911  -50.429  -10.572 0.2000000030
36982  -14.077  -50.182  -11.593 0.2000000030
36996  -15.245  -50.355  -12.207 0.2000000030
38002  -16.406  -49.744  -12.484 0.2000000030
37987  -14.340  -49.596  -11.854 0.2000000030
36967  -12.221  -50.546  -9.943 0.2000000030
37986  -13.733  -49.554  -11.359 0.2000000030
38955  -14.587  -48.917  -12.255 0.2000000030
37974  -13.120  -49.558  -10.753 0.2000000030
38945  -12.599  -48.638  -10.397 0.2000000030
38946  -13.338  -48.739  -11.040 0.2000000030
137445  -13.968  -48.832  -11.680 0.2000000030
38954  -13.527  -47.984  -11.463 0.2000000030
132555  -11.878  -47.571  -10.216 0.1000000015
38953  -12.759  -47.816  -10.816 0.2000000030
39862  -10.868  -47.205  -9.636 0.2000000030
39883  -10.053  -46.643  -10.109 0.1000000015
39884  -11.031  -46.619  -10.326 0.1000000015
39885  -11.928  -46.866  -10.794 0.1000000015
58  -8.332  -101.163  -23.898 0.3000000119
55  -6.157  -101.041  -23.694 0.3000000119
150049  -8.193  -98.162  -24.640 0.3000000119
151486  -0.696  -65.109  1.841 0.6999999881
32079  -5.307  -55.390  -7.093 0.1000000015
31036  -4.848  -56.010  -6.839 0.1000000015
276  -2.014  -100.005  -21.004 0.5000000000
168  -5.320  -99.981  -26.488 0.6000000238
157  -6.984  -99.882  -25.632 0.3000000119
144  -2.871  -99.995  -24.298 0.5000000000
68  -4.834  -100.530  -24.675 0.4000000060
154  -4.491  -100.158  -25.446 0.4000000060
63  -6.283  -101.023  -24.633 0.3000000119
70  -6.994  -100.948  -24.894 0.3000000119
166  -4.105  -99.465  -25.995 0.6000000238
325  -3.174  -99.023  -27.393 0.6000000238
146655  -4.190  -98.642  -28.429 0.8000000119
896  -5.984  -96.618  -29.837 0.8000000119
1181  -3.775  -96.183  -31.279 0.8999999762
1816  -0.002  -94.887  -18.403 1.0000000000
863  -0.461  -97.249  -27.289 0.8999999762
630  -7.746  -97.651  -31.994 0.6000000238
1192  -2.323  -95.797  -31.955 0.8999999762
914  -6.875  -97.131  -33.217 0.6000000238
1205  -5.550  -96.309  -33.390 0.6000000238
1203  -3.223  -95.614  -32.781 1.0000000000
1209  -5.784  -96.104  -34.315 0.6000000238
2018  -3.514  -94.052  -35.145 0.6999999881
133744  -0.072  -94.861  -29.522 1.0000000000
916  -8.539  -97.173  -33.367 0.6999999881
147411  -0.657  -93.961  -33.200 1.0000000000
2470  -1.539  -93.145  -34.063 1.0000000000
1888  -2.521  -95.523  -23.364 1.0000000000
1908  0.119  -95.353  -25.487 1.0000000000
5161  0.050  -88.430  -23.029 0.6999999881
3930  -0.238  -90.735  -23.138 0.8000000119
3931  -0.833  -90.726  -23.483 0.6999999881
4541  -2.340  -90.059  -22.967 0.6000000238
3956  -0.945  -90.551  -25.405 0.8999999762
2843  -2.035  -91.624  -25.117 1.0000000000
3410  -2.238  -91.104  -26.305 1.0000000000
3521  -1.743  -91.665  -34.235 0.8000000119
3528  -2.825  -91.180  -35.499 0.6000000238
144799  -4.629  -91.562  -36.134 0.5000000000
134089  -3.116  -95.422  -25.269 1.0000000000
2825  -2.501  -92.032  -23.738 1.0000000000
1935  -3.151  -94.430  -27.374 1.0000000000
2834  -2.315  -91.898  -24.419 1.0000000000
135803  -0.670  -93.451  -29.939 1.0000000000
2417  -0.533  -93.229  -30.822 1.0000000000
128834  -0.887  -92.483  -32.781 1.0000000000
4080  -2.399  -90.488  -35.125 0.8000000119
4691  -3.672  -89.812  -36.322 0.6000000238
4651  -1.875  -89.190  -33.931 0.8000000119
134458  -2.771  -89.051  -35.270 0.5000000000
4692  -4.352  -89.430  -36.538 0.5000000000
5309  -3.731  -89.018  -36.273 0.6000000238
131535  -3.278  -88.805  -35.853 0.5000000000
2329  -7.484  -93.793  -21.785 1.0000000000
2371  -4.915  -94.185  -27.383 1.0000000000
153881  -4.968  -93.657  -28.052 1.0000000000
5848  -1.933  -87.874  -30.950 1.0000000000
5259  -2.471  -88.619  -33.429 0.6999999881
5869  -3.254  -87.892  -33.310 0.6000000238
2351  -7.470  -93.885  -23.811 1.0000000000
151449  -6.895  -94.257  -24.317 1.0000000000
2363  -6.712  -93.976  -25.734 1.0000000000
7581  -1.395  -84.526  -19.593 0.6000000238
6305  -3.617  -86.340  -17.684 1.0000000000
2352  -8.204  -93.318  -23.513 1.0000000000
2374  -7.123  -93.439  -26.227 1.0000000000
3413  -8.184  -90.926  -26.867 1.0000000000
2857  -7.782  -92.699  -26.225 1.0000000000
4980  -0.949  -88.318  -4.967 0.4000000060
6189  -0.045  -86.720  -6.831 0.8000000119
8084  -0.998  -83.590  -7.795 0.8999999762
4476  -11.403  -89.346  -17.548 1.0000000000
4497  -12.749  -88.872  -20.144 1.0000000000
9627  -1.586  -81.145  -20.564 0.2000000030
8122  -0.829  -82.943  -9.670 1.0000000000
5644  -9.372  -87.595  -14.168 1.0000000000
5078  -10.425  -88.327  -15.375 1.0000000000
5094  -11.608  -88.217  -16.458 1.0000000000
6327  -12.359  -86.785  -19.371 1.0000000000
5129  -12.833  -88.098  -19.652 1.0000000000
137502  -1.258  -84.361  -14.543 0.8000000119
9477  -2.375  -81.679  -7.745 1.0000000000
8169  -11.248  -84.865  -13.265 1.0000000000
137108  0.370  -80.181  -3.212 0.8999999762
134126  -11.758  -83.581  -15.135 1.0000000000
10345  -10.881  -80.442  -17.215 1.0000000000
8846  -11.672  -83.022  -15.832 1.0000000000
144678  -7.260  -83.584  -5.981 1.0000000000
8076  -7.627  -83.747  -6.822 1.0000000000
10153  0.372  -80.096  -2.297 0.8999999762
11140  -8.143  -79.287  -17.101 1.0000000000
11161  -9.253  -79.268  -17.748 1.0000000000
11141  -8.711  -78.802  -16.980 1.0000000000
9552  -13.578  -81.666  -13.221 1.0000000000
129899  -8.685  -79.085  -15.478 1.0000000000
11100  -1.909  -79.445  -13.321 0.5000000000
10155  -4.648  -80.414  -2.249 1.0000000000
11754  -2.384  -78.581  -2.252 1.0000000000
9542  -13.750  -81.747  -12.171 1.0000000000
11115  -13.691  -79.250  -14.985 1.0000000000
11080  -0.890  -80.025  -11.396 0.8000000119
11736  -2.067  -78.052  -1.731 1.0000000000
11899  -11.895  -77.964  -14.601 1.0000000000
137774  -12.436  -78.033  -15.276 1.0000000000
133869  -14.127  -80.848  -12.776 1.0000000000
10289  -14.623  -80.084  -12.398 1.0000000000
9507  -2.884  -81.100  -11.015 0.8999999762
9508  -4.951  -81.144  -10.648 1.0000000000
12582  -2.801  -77.536  -1.186 1.0000000000
131788  -2.719  -80.584  -10.380 0.8999999762
11850  -15.848  -78.363  -9.423 1.0000000000
131354  -5.664  -81.137  -8.878 1.0000000000
11069  -11.071  -79.036  -10.545 1.0000000000
14332  -1.410  -75.975  -10.823 0.3000000119
12699  -16.345  -77.033  -9.485 1.0000000000
10249  -4.918  -80.870  -8.120 1.0000000000
9492  -6.296  -81.186  -8.415 1.0000000000
130024  -7.762  -80.630  -7.145 0.8999999762
10235  -8.458  -80.594  -7.870 1.0000000000
15097  -16.176  -74.123  -7.914 1.0000000000
11022  -9.051  -79.755  -6.450 0.8999999762
11037  -10.873  -78.656  -7.625 1.0000000000
11838  -11.672  -78.192  -8.695 1.0000000000
12675  -4.191  -78.015  -8.457 0.4000000060
16676  -0.542  -71.953  3.482 0.6000000238
10218  -6.358  -80.639  -6.324 0.8999999762
17610  -0.722  -71.332  0.670 0.8999999762
14242  -13.153  -75.288  -2.953 1.0000000000
15920  -15.118  -73.261  -5.241 1.0000000000
15059  -14.507  -74.313  -4.253 1.0000000000
16793  -15.224  -72.569  -6.654 1.0000000000
10997  -6.186  -79.605  -4.472 0.8000000119
11789  -8.220  -78.612  -4.717 0.8999999762
11023  -9.849  -79.004  -6.465 0.8999999762
11801  -9.582  -78.298  -5.745 0.8999999762
12652  -11.033  -77.810  -6.838 1.0000000000
12651  -10.774  -77.186  -6.396 0.8999999762
11787  -6.498  -79.104  -3.985 0.8999999762
12622  -7.309  -77.312  -4.096 0.8999999762
13463  -8.738  -76.307  -4.838 1.0000000000
14267  -9.731  -75.545  -5.539 1.0000000000
15070  -10.198  -74.927  -5.879 1.0000000000
11811  -5.396  -78.574  -6.572 0.4000000060
14982  -9.037  -74.588  1.481 1.0000000000
14994  -9.727  -75.070  0.949 1.0000000000
16791  -13.982  -72.050  -5.395 1.0000000000
17693  -14.221  -71.716  -6.267 1.0000000000
15820  -7.913  -73.459  2.235 1.0000000000
16778  -13.542  -72.639  -4.639 1.0000000000
15894  -13.539  -73.887  -3.512 1.0000000000
152501  -9.284  -73.933  -5.941 1.0000000000
15943  -11.644  -73.459  -7.639 1.0000000000
143872  -11.985  -74.672  -1.100 1.0000000000
15881  -12.755  -74.327  -2.553 1.0000000000
14205  -11.247  -75.058  -0.208 1.0000000000
14239  -4.149  -75.646  -3.632 0.8000000119
18574  -10.427  -70.159  -7.796 1.0000000000
147582  -12.574  -70.579  -7.251 1.0000000000
17677  -10.182  -71.451  -4.083 1.0000000000
19306  -7.732  -70.111  2.271 1.0000000000
18458  -8.221  -70.596  2.304 1.0000000000
15906  -13.114  -73.293  -3.984 1.0000000000
15859  -10.774  -74.212  0.240 1.0000000000
16717  -9.646  -73.219  1.442 1.0000000000
17702  -7.380  -71.006  -6.931 1.0000000000
15891  -11.095  -73.433  -2.531 1.0000000000
16765  -11.178  -73.008  -3.416 1.0000000000
16718  -9.938  -72.548  0.740 1.0000000000
18572  -8.749  -70.338  -7.651 1.0000000000
18548  -11.457  -70.356  -6.211 1.0000000000
16764  -10.347  -72.657  -3.026 1.0000000000
15872  -10.472  -73.255  -0.878 1.0000000000
17618  -10.039  -71.810  0.712 1.0000000000
17633  -10.014  -71.971  -0.138 1.0000000000
18473  -11.465  -70.531  0.578 1.0000000000
19433  -10.130  -69.620  -6.900 1.0000000000
18547  -10.548  -70.193  -5.575 1.0000000000
17634  -10.945  -71.539  -0.465 1.0000000000
16754  -10.336  -72.965  -2.212 1.0000000000
18486  -11.769  -70.987  -0.077 1.0000000000
21027  -12.855  -68.327  -0.286 1.0000000000
20184  -12.229  -68.887  0.253 1.0000000000
19416  -9.286  -69.376  -5.855 1.0000000000
18534  -9.949  -70.406  -4.537 1.0000000000
17658  -10.070  -72.149  -2.585 1.0000000000
135223  -10.260  -71.463  -2.590 1.0000000000
18487  -12.629  -70.518  -0.459 1.0000000000
19414  -7.745  -69.173  -5.332 1.0000000000
18513  -10.041  -70.627  -3.137 1.0000000000
152867  -12.834  -70.417  -1.687 1.0000000000
19350  -13.702  -69.727  -1.100 1.0000000000
20191  -13.453  -69.107  -0.632 1.0000000000
21029  -14.114  -68.358  -1.338 1.0000000000
21032  -13.810  -67.471  -1.173 1.0000000000
19377  -13.322  -70.023  -2.174 1.0000000000
21033  -14.460  -67.994  -1.722 1.0000000000
22898  -14.840  -65.811  -2.093 1.0000000000
21051  -14.767  -67.480  -2.197 1.0000000000
25642  -15.687  -62.837  -2.832 0.8999999762
20213  -12.047  -68.741  -2.551 1.0000000000
19391  -13.803  -69.610  -2.788 1.0000000000
20225  -14.877  -68.996  -3.422 1.0000000000
21962  -15.083  -66.747  -2.561 1.0000000000
26546  -16.644  -61.227  -4.155 0.8999999762
26528  -17.418  -62.013  -3.886 1.0000000000
20233  -14.983  -68.526  -4.045 1.0000000000
21983  -15.716  -67.004  -4.131 1.0000000000
22920  -16.788  -65.467  -3.679 1.0000000000
143750  -17.003  -64.212  -3.037 1.0000000000
149534  -17.951  -62.722  -3.636 1.0000000000
22002  -15.383  -66.904  -4.870 1.0000000000
22003  -15.958  -66.255  -4.548 1.0000000000
22921  -17.342  -65.224  -4.035 1.0000000000
19318  -6.816  -69.045  1.945 0.8999999762
17598  -8.950  -70.873  1.974 1.0000000000
19336  -10.192  -69.293  1.103 1.0000000000
15041  -2.366  -74.599  -3.771 0.8999999762
16772  -4.487  -72.193  -4.298 0.8999999762
20182  -10.235  -68.345  0.791 1.0000000000
143049  -10.864  -68.042  0.544 1.0000000000
18533  -5.359  -70.408  -4.912 1.0000000000
149493  -12.185  -67.996  0.054 1.0000000000
21931  -11.344  -66.564  0.306 1.0000000000
21938  -12.679  -66.550  -0.280 1.0000000000
22864  -11.664  -65.856  0.176 1.0000000000
23815  -12.560  -64.701  -0.352 1.0000000000
19401  -6.391  -69.342  -4.480 1.0000000000
147832  -7.028  -69.280  -5.193 1.0000000000
19402  -7.411  -69.145  -4.142 1.0000000000
22885  -13.563  -65.646  -0.900 1.0000000000
24776  -13.468  -63.190  -2.108 1.0000000000
152130  -12.750  -63.150  -2.102 1.0000000000
24757  -12.742  -63.467  -1.456 1.0000000000
19372  -8.242  -68.558  -2.512 1.0000000000
141411  -15.220  -61.858  -4.126 1.0000000000
28236  -16.420  -59.534  -3.181 1.0000000000
21048  -10.512  -67.400  -2.267 1.0000000000
24814  -19.020  -63.882  -5.209 1.0000000000
144766  -20.338  -60.749  -4.246 1.0000000000
21014  -1.486  -66.896  0.776 0.8999999762
21017  -6.411  -67.293  0.710 1.0000000000
15888  -2.086  -73.781  -3.589 0.8999999762
21928  -8.329  -66.628  0.294 1.0000000000
21019  -8.880  -67.179  0.538 1.0000000000
143629  -9.687  -66.952  0.472 1.0000000000
22862  -9.575  -65.666  0.123 1.0000000000
16761  -1.449  -73.425  -3.875 0.8999999762
16763  -2.696  -72.501  -3.247 0.8999999762
152078  -3.986  -71.124  -3.675 0.8999999762
142545  -10.890  -64.675  -0.099 1.0000000000
22876  -11.285  -65.182  0.130 1.0000000000
23814  -11.661  -64.495  -0.226 1.0000000000
16762  -1.961  -72.932  -3.345 0.8999999762
23834  -10.318  -63.960  -0.881 1.0000000000
24775  -12.065  -63.072  -2.201 1.0000000000
25625  -13.416  -62.794  -2.955 1.0000000000
25624  -12.047  -62.622  -3.153 1.0000000000
26524  -13.440  -61.997  -4.279 1.0000000000
134050  -6.754  -69.081  -3.469 1.0000000000
27380  -12.648  -60.606  -4.740 0.8999999762
143826  -13.456  -60.600  -4.606 1.0000000000
26544  -14.740  -61.165  -4.382 0.8999999762
26543  -13.877  -61.300  -4.509 0.8999999762
21960  -10.099  -66.867  -2.390 1.0000000000
139714  -11.738  -66.282  -4.034 1.0000000000
23905  -16.394  -64.493  -6.219 1.0000000000
24805  -19.598  -63.205  -5.306 1.0000000000
26557  -20.844  -61.680  -5.223 1.0000000000
134469  -16.079  -63.780  -6.459 1.0000000000
139119  -18.287  -63.259  -6.345 1.0000000000
26551  -21.111  -61.134  -4.915 1.0000000000
22857  -3.622  -65.646  0.304 0.8999999762
21925  -5.199  -66.418  0.352 0.8999999762
23807  -4.117  -64.593  -0.974 0.8999999762
21936  -6.062  -66.291  -0.121 1.0000000000
21927  -7.333  -66.953  0.362 1.0000000000
22872  -7.321  -65.544  -0.518 1.0000000000
150822  -7.285  -64.607  -1.398 1.0000000000
23832  -8.833  -64.220  -1.135 1.0000000000
15915  -0.796  -73.713  -5.225 0.6000000238
17655  -1.521  -71.491  -3.081 0.8999999762
24753  -9.209  -63.710  -1.681 1.0000000000
18521  -3.517  -71.015  -3.307 0.8999999762
24773  -9.664  -63.272  -2.296 1.0000000000
24790  -10.170  -62.854  -2.946 1.0000000000
25638  -11.415  -62.367  -3.746 1.0000000000
138373  -9.789  -62.543  -3.780 1.0000000000
28252  -12.354  -59.658  -4.746 0.6999999881
139944  -13.784  -59.857  -4.400 0.8000000119
29142  -13.467  -58.548  -4.262 0.8000000119
29143  -14.096  -59.088  -4.014 0.8000000119
28234  -14.808  -59.266  -3.660 0.8999999762
29113  -15.826  -58.373  -2.359 1.0000000000
22952  -11.006  -65.439  -5.318 1.0000000000
25683  -16.662  -62.411  -6.562 1.0000000000
27416  -20.973  -60.865  -6.400 1.0000000000
22848  -0.672  -65.683  0.976 0.8000000119
23828  -4.425  -64.046  -1.629 0.8000000119
151507  -6.451  -63.940  -2.523 1.0000000000
23851  -7.339  -64.115  -2.132 1.0000000000
24788  -8.371  -63.055  -3.466 1.0000000000
26539  -9.225  -61.307  -4.957 0.8000000119
25652  -9.488  -62.094  -4.509 0.8999999762
147376  -10.051  -60.134  -5.171 0.8000000119
142515  -10.899  -58.763  -5.113 0.6999999881
21977  -7.194  -66.475  -3.326 1.0000000000
30043  -13.132  -57.246  -4.557 0.6999999881
30024  -15.172  -57.278  -2.977 0.6999999881
153727  -15.645  -57.695  -2.506 0.8000000119
30011  -16.298  -57.672  -2.269 0.8000000119
30966  -16.368  -56.292  -3.279 0.6000000238
145796  -17.488  -56.918  -2.570 0.6999999881
30969  -19.381  -56.928  -3.566 0.6999999881
140661  -13.936  -62.797  -6.520 1.0000000000
25682  -15.246  -62.093  -6.545 1.0000000000
27411  -16.267  -60.933  -6.608 1.0000000000
27414  -18.990  -60.954  -6.745 1.0000000000
28270  -22.481  -59.446  -5.438 1.0000000000
25595  -2.663  -62.786  0.367 0.6999999881
26498  -3.852  -61.921  -1.047 0.6999999881
25614  -4.039  -62.304  -1.777 0.8000000119
26517  -5.416  -61.614  -2.630 0.8000000119
25632  -5.762  -62.083  -3.308 0.8000000119
25634  -7.056  -62.239  -4.261 0.8000000119
25650  -7.762  -61.712  -4.504 0.8000000119
19365  -1.556  -69.035  -2.779 0.6999999881
19367  -2.894  -69.468  -2.695 0.6999999881
139763  -3.781  -69.256  -2.818 0.8999999762
26538  -8.350  -61.298  -4.746 0.8000000119
29137  -8.956  -58.851  -4.498 0.6999999881
28248  -8.733  -59.670  -4.625 0.6999999881
30039  -9.605  -57.579  -4.304 0.6000000238
30041  -11.158  -57.222  -4.897 0.6999999881
143170  -11.977  -56.015  -4.702 0.6999999881
30989  -13.277  -56.437  -4.563 0.6999999881
30044  -13.879  -57.043  -4.109 0.6999999881
155684  -7.862  -65.921  -4.816 1.0000000000
33039  -14.589  -54.631  -4.691 0.6000000238
32021  -19.952  -56.153  -4.398 0.6000000238
25681  -14.355  -62.127  -6.549 1.0000000000
26568  -13.803  -61.512  -6.639 1.0000000000
153590  -15.734  -60.795  -6.615 1.0000000000
139821  -18.725  -60.018  -6.831 1.0000000000
28308  -21.191  -59.512  -7.080 1.0000000000
28288  -21.897  -59.768  -6.299 1.0000000000
29155  -22.869  -58.894  -5.744 0.8999999762
154821  -22.684  -58.573  -4.108 0.8999999762
30972  -22.750  -56.836  -3.602 0.8000000119
27371  -7.274  -60.464  -3.928 0.6999999881
29124  -8.954  -57.728  -3.945 0.6000000238
30943  -9.606  -56.608  -3.357 0.6000000238
32000  -10.810  -55.181  -2.948 0.5000000000
33934  -12.648  -53.866  -4.021 0.6000000238
140369  -13.122  -54.289  -4.489 0.6999999881
22933  -7.305  -65.912  -4.969 1.0000000000
23881  -7.528  -64.998  -6.069 0.8999999762
25676  -9.926  -62.630  -7.065 1.0000000000
33014  -18.877  -54.737  -3.997 0.5000000000
26586  -12.200  -61.111  -7.230 1.0000000000
28284  -17.270  -59.828  -6.779 1.0000000000
145135  -21.405  -58.749  -7.327 1.0000000000
135119  -23.848  -57.767  -5.689 0.8999999762
30045  -24.168  -57.261  -4.187 0.8999999762
28304  -15.015  -59.706  -6.977 1.0000000000
29165  -17.541  -59.036  -6.918 1.0000000000
144934  -18.999  -58.648  -7.374 1.0000000000
30082  -21.182  -57.964  -7.763 1.0000000000
30063  -23.627  -57.451  -6.762 1.0000000000
32040  -22.494  -55.456  -4.423 0.6999999881
30084  -23.045  -57.318  -7.504 1.0000000000
31006  -24.841  -56.545  -5.455 0.8999999762
32024  -24.075  -55.812  -3.646 0.8000000119
29101  -8.224  -58.442  -2.271 0.4000000060
22917  -5.053  -66.196  -4.053 0.8999999762
30009  -9.612  -56.613  -2.481 0.4000000060
140681  -13.892  -53.921  -4.699 0.5000000000
33935  -13.435  -53.543  -4.316 0.6000000238
30098  -20.488  -57.410  -8.393 1.0000000000
154769  -22.075  -56.851  -8.266 1.0000000000
30099  -21.368  -57.153  -8.288 1.0000000000
31049  -24.477  -56.135  -7.186 1.0000000000
31026  -25.219  -55.834  -5.810 0.8999999762
31007  -25.193  -55.972  -4.821 0.8000000119
32042  -25.196  -55.324  -4.418 0.8000000119
32025  -24.723  -55.238  -3.908 0.8000000119
28209  -8.451  -59.687  -1.073 0.4000000060
23863  -3.919  -64.803  -3.923 0.8000000119
26583  -9.096  -61.315  -7.835 1.0000000000
31063  -20.765  -56.739  -8.878 1.0000000000
31064  -22.386  -56.278  -8.519 1.0000000000
32070  -25.456  -55.124  -6.218 0.8000000119
32069  -25.101  -55.583  -6.733 0.8999999762
33047  -25.382  -54.605  -4.645 0.8000000119
31060  -18.359  -56.586  -8.494 1.0000000000
31082  -21.052  -56.119  -9.454 1.0000000000
32104  -23.540  -55.494  -8.471 1.0000000000
32103  -22.754  -55.642  -8.747 1.0000000000
32089  -26.068  -55.116  -7.296 0.8999999762
32102  -18.111  -55.863  -8.685 1.0000000000
152441  -21.220  -55.523  -9.806 1.0000000000
139405  -21.629  -54.980  -9.796 1.0000000000
32119  -22.393  -55.057  -9.339 1.0000000000
33114  -23.665  -54.823  -8.749 0.8999999762
33115  -24.372  -54.387  -8.441 0.8999999762
33079  -25.555  -54.339  -6.551 0.8999999762
24812  -5.627  -63.500  -5.618 0.8999999762
136188  -12.786  -57.180  -7.454 0.8000000119
32115  -17.962  -55.222  -8.932 0.8999999762
33136  -21.449  -54.356  -10.361 0.8999999762
33126  -22.190  -54.370  -9.840 0.8999999762
33122  -17.786  -54.687  -9.437 0.8999999762
34031  -22.013  -53.522  -10.367 0.8999999762
34030  -21.149  -53.650  -10.850 0.8000000119
26556  -5.270  -61.401  -5.885 0.6999999881
28281  -7.137  -59.531  -6.808 0.6999999881
32082  -13.354  -55.438  -6.930 0.8000000119
33096  -14.551  -54.795  -7.507 0.8000000119
33111  -15.562  -54.634  -8.507 0.8000000119
33121  -16.902  -54.408  -9.552 0.6999999881
34027  -18.481  -53.557  -10.360 0.8000000119
34900  -20.739  -52.852  -11.051 0.6999999881
26555  -4.347  -61.525  -5.214 0.6999999881
155583  -13.884  -54.801  -7.127 0.6999999881
33095  -13.200  -54.622  -7.163 0.6000000238
34025  -16.445  -53.495  -10.750 0.6000000238
34897  -17.983  -52.925  -10.875 0.6999999881
35924  -19.669  -51.384  -11.441 0.6000000238
28280  -6.407  -59.365  -6.413 0.6999999881
143036  -6.765  -58.744  -6.425 0.4000000060
28268  -4.823  -58.860  -5.497 0.5000000000
29163  -7.882  -58.053  -6.495 0.3000000119
31021  -9.199  -56.283  -6.544 0.6000000238
33094  -12.437  -54.456  -7.187 0.5000000000
34012  -14.299  -53.856  -9.701 0.5000000000
35922  -18.120  -51.448  -11.636 0.5000000000
34911  -15.945  -52.358  -11.648 0.4000000060
29152  -3.579  -58.871  -5.612 0.2000000030
28278  -3.091  -59.019  -5.886 0.1000000015
29154  -5.164  -57.982  -5.533 0.3000000119
29161  -3.507  -58.311  -5.977 0.1000000015
30050  -5.544  -57.177  -5.609 0.2000000030
30059  -6.350  -57.018  -5.770 0.1000000015
31020  -8.248  -56.323  -6.318 0.4000000060
30058  -4.056  -57.537  -6.094 0.1000000015
31004  -5.123  -56.804  -5.665 0.2000000030
31017  -4.637  -56.956  -5.931 0.1000000015
145095  -9.406  -55.626  -6.587 0.4000000060
32067  -9.991  -55.157  -6.693 0.4000000060
32062  -5.485  -55.711  -6.306 0.1000000015
32063  -6.282  -55.501  -6.087 0.2000000030
31035  -4.495  -56.644  -6.626 0.1000000015
32066  -9.093  -55.005  -6.571 0.4000000060
32064  -7.501  -55.353  -6.269 0.2000000030
33093  -11.655  -54.230  -7.154 0.5000000000
33078  -10.357  -54.483  -6.828 0.4000000060
33108  -12.953  -54.021  -7.743 0.5000000000
34011  -13.509  -53.473  -9.553 0.5000000000
34896  -14.179  -52.838  -10.949 0.5000000000
34023  -14.776  -53.272  -10.954 0.5000000000
35920  -16.498  -51.747  -11.822 0.4000000060
35932  -17.018  -51.105  -11.939 0.4000000060
37000  -18.411  -50.666  -11.896 0.3000000119
37001  -19.291  -50.225  -11.981 0.2000000030
33077  -9.529  -54.364  -6.709 0.3000000119
33985  -10.003  -53.721  -6.933 0.3000000119
33994  -10.539  -53.186  -7.398 0.4000000060
34889  -12.210  -52.436  -9.277 0.4000000060
35907  -12.778  -51.291  -10.364 0.3000000119
36975  -13.570  -50.330  -11.145 0.2000000030
36983  -14.627  -50.332  -11.934 0.2000000030
37973  -12.374  -49.575  -10.129 0.2000000030
39899  -10.043  -46.697  -10.987 0.1000000015
40840  -10.606  -46.468  -10.915 0.1000000015
31057  -4.601  -56.542  -7.455 0.1000000015
30069  -4.105  -57.173  -7.068 0.1000000015
184  -8.845  -99.379  -27.898 0.3000000119
183  -7.611  -99.025  -27.950 0.4000000060
193  -8.354  -99.314  -28.379 0.5000000000
135512  -6.442  -98.952  -27.566 0.5000000000
192  -7.399  -99.207  -28.371 0.5000000000
201  -8.657  -99.487  -28.857 0.4000000060
194  -9.217  -99.667  -28.345 0.4000000060
135303  -7.088  -99.192  -29.499 0.5000000000
135781  -1.744  -98.978  -16.067 0.6999999881
484  -1.607  -99.121  -16.910 0.8000000119
766  -0.564  -97.679  -16.470 0.8000000119
496  -0.388  -97.813  -17.332 0.8000000119
497  -1.122  -98.739  -17.543 0.6999999881
249  -1.905  -99.255  -17.711 0.6999999881
506  0.091  -97.892  -18.924 0.6999999881
508  -1.253  -98.892  -18.375 0.6999999881
321  -6.604  -98.739  -26.289 0.3000000119
202  -9.418  -99.643  -28.960 0.4000000060
610  -5.572  -98.530  -29.361 0.6000000238
344  -6.324  -99.051  -29.441 0.6000000238
205  -8.840  -99.319  -29.456 0.5000000000
617  -6.536  -97.670  -29.673 0.6000000238
476  -2.335  -99.080  -15.285 0.6999999881
237  -2.710  -99.340  -15.850 0.6999999881
243  -3.032  -99.413  -16.478 0.6000000238
359  -7.487  -98.301  -30.196 0.6999999881
352  -7.593  -99.043  -30.029 0.5000000000
155369  -9.001  -99.149  -30.031 0.6000000238
360  -8.201  -98.526  -30.456 0.6000000238
137674  -8.328  -98.006  -31.305 0.6000000238
464  -2.172  -98.529  -14.472 0.6999999881
754  -1.030  -97.932  -15.248 0.6999999881
474  -1.052  -98.260  -15.903 0.6999999881
902  -6.768  -96.785  -31.189 0.6999999881
622  -7.842  -97.794  -30.920 0.6000000238
453  -1.985  -98.208  -13.709 0.4000000060
741  -0.773  -97.258  -15.024 0.6999999881
1043  -0.510  -96.724  -15.617 0.6999999881
1032  -0.816  -96.986  -14.197 0.6999999881
730  -1.573  -97.411  -13.343 0.6000000238
1021  -0.854  -96.387  -13.433 0.8999999762
133096  -0.560  -95.645  -13.184 0.8999999762
1012  -1.381  -96.814  -12.534 0.8000000119
1332  -1.877  -95.543  -9.954 0.6999999881
991  -1.519  -96.139  -11.120 0.8999999762
1000  -1.099  -96.246  -11.968 0.8999999762
1786  -0.281  -94.788  -13.663 0.8999999762
1341  -1.147  -95.303  -10.637 0.8999999762
1767  -0.377  -94.783  -11.948 0.8999999762
1755  -0.122  -94.208  -11.748 0.8999999762
1331  -1.268  -94.967  -9.956 0.6999999881
5209  -1.040  -88.425  -26.451 0.6000000238
5794  -1.345  -87.574  -26.702 0.6000000238
5801  -0.976  -87.119  -27.268 0.6999999881
5802  -1.752  -86.729  -26.949 0.5000000000
6406  -1.336  -86.152  -27.631 0.6999999881
7025  -1.887  -85.297  -27.798 0.4000000060
7047  -1.491  -85.530  -28.050 0.6000000238
7065  -1.684  -85.529  -28.553 0.8000000119
6450  -2.671  -85.477  -30.325 0.8000000119
13447  -2.472  -76.338  -4.705 0.6000000238
13461  -2.366  -76.268  -5.424 0.4000000060
14249  -1.758  -75.091  -4.602 0.6000000238
14264  -1.570  -75.156  -5.363 0.4000000060
14265  -1.900  -75.806  -4.960 0.5000000000
149603  -1.927  -75.699  -5.598 0.4000000060
15928  -1.031  -73.774  -6.219 0.3000000119
29093  -9.536  -58.717  -0.984 0.2000000030
29094  -10.464  -58.602  -0.814 0.1000000015
29104  -10.468  -57.758  -0.967 0.1000000015
140063  -11.816  -57.464  -0.533 0.1000000015
29999  -10.906  -57.227  -0.927 0.1000000015
30923  -11.294  -56.511  -0.932 0.1000000015
31985  -12.393  -55.666  -0.743 0.1000000015
29997  -9.263  -57.318  -2.082 0.3000000119
30944  -10.046  -56.046  -2.915 0.3000000119
32982  -12.089  -54.457  -1.796 0.2000000030
32992  -11.821  -54.253  -2.718 0.3000000119
129677  -0.779  -71.129  -4.464 0.5000000000
17685  -0.983  -71.542  -5.294 0.4000000060
28210  -9.354  -59.613  -0.759 0.2000000030
32983  -12.899  -54.209  -1.450 0.1000000015
33013  -11.975  -54.349  -3.608 0.4000000060
33899  -12.978  -53.217  -2.800 0.3000000119
33912  -13.102  -53.268  -3.702 0.4000000060
34818  -14.470  -52.700  -4.361 0.4000000060
141334  -15.650  -51.936  -3.936 0.3000000119
33938  -16.343  -53.008  -4.488 0.4000000060
33041  -16.395  -53.971  -4.754 0.4000000060
132018  -17.930  -53.199  -4.077 0.3000000119
33042  -17.197  -53.623  -4.456 0.4000000060
34805  -18.465  -52.785  -3.294 0.3000000119
133352  -18.733  -53.736  -3.679 0.4000000060
143833  -14.393  -52.538  -1.900 0.1000000015
35789  -14.760  -51.835  -3.263 0.1000000015
35791  -16.384  -50.695  -2.668 0.1000000015
34802  -14.903  -51.986  -4.009 0.4000000060
35810  -16.948  -51.379  -3.323 0.2000000030
35809  -16.028  -51.364  -3.382 0.3000000119
152199  -15.970  -52.408  -4.217 0.3000000119
35792  -17.388  -50.787  -2.711 0.2000000030
33914  -17.141  -52.810  -4.217 0.3000000119
34788  -17.980  -51.746  -3.084 0.2000000030
34789  -18.978  -52.313  -2.727 0.3000000119
33901  -19.327  -53.223  -3.004 0.3000000119
32037  -20.160  -55.462  -4.402 0.4000000060
36867  -19.143  -50.446  -2.195 0.1000000015
35793  -18.500  -51.169  -2.561 0.2000000030
34790  -19.787  -52.716  -2.662 0.2000000030
33902  -20.222  -53.366  -3.028 0.3000000119
33916  -20.643  -53.997  -3.760 0.3000000119
33043  -20.917  -55.212  -4.729 0.4000000060
135465  -21.509  -50.970  -2.596 0.2000000030
35795  -21.000  -51.762  -2.560 0.2000000030
34791  -20.602  -52.609  -2.730 0.3000000119
34806  -21.059  -53.269  -3.357 0.3000000119
33917  -21.216  -53.774  -4.226 0.2000000030
33939  -21.206  -54.441  -4.710 0.4000000060
33044  -21.615  -54.777  -5.076 0.5000000000
34792  -21.388  -52.422  -3.121 0.2000000030
35821  -21.575  -51.873  -4.240 0.2000000030
34807  -21.418  -53.145  -4.166 0.2000000030
33940  -21.426  -53.749  -5.173 0.2000000030
36895  -21.205  -51.640  -4.758 0.1000000015
34820  -21.304  -53.555  -5.460 0.2000000030
33963  -21.721  -53.815  -5.687 0.2000000030
33964  -21.995  -53.779  -5.933 0.1000000015
33045  -22.793  -54.602  -4.684 0.4000000060
33942  -22.699  -53.858  -5.229 0.3000000119
138335  -23.517  -53.945  -4.497 0.4000000060
34821  -23.654  -53.245  -4.707 0.4000000060
33943  -24.397  -53.696  -4.191 0.4000000060
33986  -25.666  -53.655  -5.624 0.6999999881
144190  -25.136  -53.896  -7.987 0.8000000119
35837  -20.795  -53.004  -5.560 0.2000000030
135131  -21.480  -53.357  -6.003 0.2000000030
34842  -20.663  -52.979  -6.310 0.1000000015
34843  -22.086  -53.076  -6.247 0.1000000015
33965  -22.786  -53.152  -5.528 0.1000000015
134855  -22.921  -52.449  -5.697 0.2000000030
138915  -24.981  -53.134  -4.184 0.4000000060
23878  -1.507  -64.107  -5.535 0.2000000030
23892  -1.641  -63.477  -5.784 0.1000000015
25672  -1.944  -62.259  -5.989 0.1000000015
33966  -25.489  -53.788  -4.804 0.5000000000
154697  -25.808  -52.517  -6.392 0.5000000000
144183  -25.814  -52.858  -5.916 0.5000000000
34005  -25.526  -53.300  -7.347 0.6999999881
34877  -26.519  -52.679  -6.593 0.6999999881
35822  -23.886  -52.301  -4.882 0.2000000030
34823  -25.092  -52.409  -4.421 0.3000000119
35841  -25.759  -51.817  -5.638 0.4000000060
34860  -26.394  -52.212  -6.372 0.4000000060
34004  -25.036  -53.047  -8.286 0.6999999881
34032  -22.847  -53.009  -10.038 0.8000000119
34883  -24.876  -52.189  -8.496 0.6000000238
34902  -22.260  -52.579  -10.561 0.6000000238
36908  -24.441  -50.494  -4.962 0.3000000119
36909  -25.627  -50.619  -5.722 0.4000000060
149959  -25.795  -51.262  -5.859 0.3000000119
35824  -25.142  -51.594  -4.622 0.4000000060
38900  -25.549  -49.065  -6.895 0.3000000119
37909  -25.600  -49.925  -6.263 0.3000000119
35857  -26.242  -51.960  -6.421 0.4000000060
140875  -25.051  -50.030  -8.401 0.5000000000
35896  -26.287  -50.738  -7.645 0.5000000000
35880  -26.544  -51.462  -6.926 0.4000000060
35909  -21.865  -51.982  -11.050 0.6000000238
35910  -22.533  -51.763  -10.564 0.6000000238
35911  -23.266  -51.597  -9.924 0.4000000060
36968  -23.897  -51.022  -9.255 0.5000000000
144770  -25.256  -50.746  -8.180 0.5000000000
34901  -21.524  -52.820  -10.964 0.6000000238
35925  -21.116  -52.109  -11.340 0.6000000238
149575  -22.187  -51.040  -11.078 0.5000000000
141567  -22.806  -51.020  -10.419 0.5000000000
150714  -24.402  -49.944  -8.878 0.3000000119
34916  -20.201  -52.013  -11.094 0.6000000238
148125  -21.498  -51.410  -11.407 0.6000000238
129275  -20.701  -51.249  -11.582 0.5000000000
10908  -2.506  -79.278  1.379 0.6000000238
190  -5.862  -99.285  -28.742 0.6000000238
351  -6.795  -99.028  -30.035 0.6000000238
133055  -0.668  -96.172  -14.248 0.8000000119
1384  -0.753  -95.695  -14.758 0.8999999762
5176  -1.639  -88.454  -23.184 0.5000000000
150932  -1.910  -88.167  -26.254 0.6999999881
1360  -0.222  -94.984  -13.222 0.8999999762
32036  -17.119  -54.552  -4.400 0.4000000060
31994  -11.272  -55.001  -2.125 0.3000000119
33915  -19.676  -54.103  -3.605 0.4000000060
146821  -22.020  -55.029  -5.094 0.5000000000
27347  -8.994  -60.249  -0.479 0.2000000030
33018  -24.589  -54.507  -3.962 0.6999999881
33061  -25.562  -54.481  -5.469 0.6000000238
33944  -25.095  -53.914  -4.163 0.5000000000
34892  -24.190  -52.746  -8.919 0.6999999881
35902  -23.999  -51.887  -9.109 0.6000000238
25661  -1.811  -62.799  -4.745 0.2000000030
142414  -19.920  -50.673  -11.751 0.5000000000
30934  -10.225  -56.193  -2.018 0.2000000030
34801  -14.242  -52.288  -3.765 0.4000000060
36985  -20.662  -50.420  -11.850 0.5000000000
322  -9.761  -98.983  -26.692 0.3000000119
327  -6.762  -98.725  -27.288 0.5000000000
507  -0.529  -98.253  -18.211 0.6999999881
718  -2.199  -97.474  -12.372 0.6000000238
30935  -10.873  -55.851  -1.616 0.1000000015
31995  -11.935  -55.074  -1.304 0.1000000015
31996  -12.626  -54.905  -1.038 0.1000000015
32993  -12.469  -53.795  -2.297 0.3000000119
33900  -13.641  -52.833  -2.332 0.1000000015
34786  -13.601  -52.726  -3.310 0.1000000015
34803  -16.521  -52.068  -3.986 0.3000000119
34804  -17.543  -52.291  -3.708 0.3000000119
34787  -14.161  -52.241  -2.845 0.1000000015
35794  -19.794  -51.757  -2.437 0.3000000119
33016  -20.339  -54.744  -4.201 0.4000000060
35796  -21.634  -51.633  -2.932 0.2000000030
141755  -21.720  -54.094  -5.289 0.4000000060
36884  -22.006  -51.043  -3.017 0.2000000030
35811  -21.692  -51.949  -3.578 0.2000000030
144606  -21.323  -52.821  -4.515 0.2000000030
35812  -21.934  -51.101  -3.496 0.2000000030
36896  -21.921  -50.758  -3.892 0.2000000030
36906  -20.406  -52.434  -5.639 0.2000000030
33941  -21.969  -54.277  -5.474 0.3000000119
34822  -24.537  -52.759  -4.414 0.4000000060
33945  -25.270  -53.051  -4.499 0.4000000060
33967  -25.600  -53.006  -5.106 0.4000000060
34884  -25.486  -52.447  -7.567 0.6999999881
35836  -20.102  -52.824  -6.174 0.1000000015
34859  -21.578  -52.780  -6.583 0.1000000015
132537  -24.750  -52.023  -4.525 0.3000000119
35840  -25.505  -51.342  -5.227 0.3000000119
35895  -25.417  -51.530  -7.923 0.5000000000
139782  -25.821  -51.805  -6.961 0.5000000000
153204  -26.484  -51.998  -6.766 0.4000000060
34891  -23.435  -52.474  -9.632 0.6999999881
34903  -22.863  -52.296  -10.195 0.6000000238
35903  -24.671  -51.325  -8.645 0.5000000000
37897  -24.906  -49.911  -4.976 0.4000000060
36923  -25.812  -50.891  -6.608 0.4000000060
37898  -25.308  -49.861  -5.459 0.4000000060
38922  -25.376  -49.122  -7.689 0.3000000119
136297  -25.636  -50.053  -6.860 0.4000000060
37924  -25.520  -49.873  -7.600 0.4000000060
36957  -25.490  -50.486  -7.831 0.4000000060
37947  -24.678  -49.465  -8.667 0.2000000030
36969  -24.494  -50.536  -8.771 0.3000000119
36977  -23.335  -50.605  -9.902 0.4000000060
141650  -23.908  -50.207  -9.312 0.4000000060
37964  -24.090  -49.491  -9.230 0.4000000060
36986  -21.473  -50.524  -11.620 0.5000000000
255  -1.762  -99.140  -18.670 0.5000000000
250  -2.221  -99.210  -18.672 0.5000000000
143061  -3.704  -99.129  -15.154 0.3000000119
259  -1.996  -99.288  -19.572 0.4000000060
114  -2.960  -99.844  -20.336 0.4000000060
1001  -1.877  -96.999  -11.583 0.6000000238
2225  -4.092  -94.097  -11.153 0.4000000060
1747  -3.251  -95.100  -10.085 0.4000000060
1344  -3.176  -95.766  -10.594 0.3000000119
992  -2.226  -96.583  -10.824 0.6000000238
2215  -4.430  -93.371  -10.734 0.3000000119
3199  -4.792  -92.090  -9.272 0.3000000119
2677  -4.339  -92.664  -9.423 0.2000000030
2214  -3.818  -94.197  -10.148 0.4000000060
1738  -3.047  -94.500  -9.629 0.4000000060
153115  -2.858  -95.595  -10.115 0.5000000000
3775  -3.599  -90.076  -8.772 0.1000000015
3185  -4.039  -91.164  -8.863 0.1000000015
2676  -3.660  -92.924  -9.204 0.2000000030
2666  -3.875  -92.139  -8.972 0.1000000015
129015  -2.696  -93.984  -9.242 0.3000000119
1737  -2.216  -94.491  -9.502 0.6000000238
4557  -3.677  -89.370  -23.335 0.5000000000
133139  -2.961  -89.075  -25.108 0.5000000000
5210  -2.942  -88.291  -25.884 0.4000000060
143522  -2.397  -87.473  -26.506 0.4000000060
5795  -3.457  -87.411  -26.404 0.4000000060
3762  -2.541  -90.580  -7.892 0.2000000030
3184  -3.003  -91.362  -8.855 0.1000000015
5163  -3.264  -88.617  -22.246 0.2000000030
4543  -3.750  -89.228  -22.772 0.4000000060
4558  -4.326  -88.887  -23.050 0.4000000060
5201  -3.709  -88.603  -25.044 0.5000000000
5202  -4.494  -88.143  -24.934 0.4000000060
5782  -3.971  -87.832  -25.772 0.4000000060
5739  -3.274  -87.857  -22.198 0.2000000030
5740  -4.003  -87.884  -21.883 0.2000000030
6342  -3.817  -87.252  -22.032 0.2000000030
6343  -4.504  -87.132  -21.888 0.2000000030
6983  -3.472  -85.549  -24.450 0.2000000030
6373  -2.930  -86.295  -24.193 0.2000000030
12650  -5.644  -78.026  -6.520 0.3000000119
13479  -5.535  -77.444  -6.596 0.3000000119
23768  -3.014  -64.137  2.741 0.3000000119
5755  -2.359  -87.715  -23.201 0.2000000030
2665  -3.082  -92.350  -8.978 0.2000000030
6407  -2.257  -85.930  -27.258 0.4000000060
4375  -3.895  -89.102  -8.537 0.1000000015
5187  -5.060  -88.142  -23.803 0.4000000060
466  -3.484  -99.021  -14.541 0.2000000030
1033  -4.744  -97.073  -14.902 0.2000000030
207  -10.178  -99.572  -29.165 0.4000000060
7087  -3.435  -84.333  -31.497 0.5000000000
1023  -4.376  -96.239  -13.740 0.2000000030
732  -3.622  -98.023  -13.364 0.3000000119
361  -9.277  -98.575  -31.007 0.5000000000
7078  -2.679  -84.700  -29.741 0.4000000060
7704  -3.034  -83.900  -30.143 0.6000000238
1374  -4.389  -95.178  -13.656 0.1000000015
1362  -3.815  -95.658  -12.176 0.1000000015
129114  -3.795  -97.084  -13.111 0.2000000030
712  -3.047  -97.558  -11.749 0.3000000119
719  -2.980  -98.001  -12.227 0.5000000000
355  -10.356  -99.090  -30.114 0.3000000119
7026  -2.793  -85.259  -27.587 0.3000000119
7662  -2.556  -84.759  -28.092 0.4000000060
7675  -2.615  -84.496  -28.707 0.3000000119
8331  -3.242  -83.566  -29.680 0.4000000060
1351  -3.337  -96.305  -11.334 0.2000000030
1002  -2.667  -97.129  -11.290 0.3000000119
363  -11.453  -98.506  -30.931 0.3000000119
357  -12.086  -98.519  -30.354 0.3000000119
132503  -10.830  -98.027  -32.105 0.3000000119
1995  -7.549  -94.831  -33.591 0.5000000000
6395  -2.879  -86.714  -26.834 0.3000000119
6409  -4.246  -86.281  -26.991 0.3000000119
6408  -3.441  -86.032  -27.218 0.3000000119
7027  -4.287  -85.746  -27.365 0.3000000119
7676  -3.174  -84.131  -28.444 0.3000000119
7677  -4.128  -84.093  -28.206 0.3000000119
8319  -3.680  -83.388  -29.002 0.4000000060
2238  -4.061  -93.962  -12.063 0.1000000015
135912  -3.697  -95.320  -11.440 0.1000000015
364  -12.040  -98.167  -31.019 0.3000000119
911  -11.381  -97.247  -32.310 0.3000000119
137613  -8.750  -95.293  -32.940 0.5000000000
5796  -4.324  -87.200  -26.325 0.3000000119
6397  -4.974  -86.139  -26.978 0.3000000119
7028  -4.995  -85.373  -27.555 0.3000000119
910  -10.632  -97.475  -32.579 0.3000000119
5783  -4.769  -87.499  -25.721 0.3000000119
144344  -4.534  -86.674  -26.680 0.3000000119
5797  -5.144  -86.856  -26.340 0.3000000119
5784  -5.524  -87.242  -25.571 0.3000000119
5765  -5.122  -87.730  -25.008 0.3000000119
6129  -0.004  -87.226  -2.292 0.2000000030
8254  -0.864  -83.210  -21.732 0.2000000030
141680  0.654  -85.966  -1.986 0.2000000030
7377  0.128  -85.207  -1.022 0.2000000030
8267  -0.509  -84.119  -24.167 0.2000000030
8268  -0.763  -83.256  -23.831 0.2000000030
151791  -0.777  -83.350  -22.453 0.2000000030
8920  -0.954  -82.709  -22.427 0.2000000030
5501  0.462  -87.039  -0.855 0.2000000030
6735  0.475  -85.828  -0.793 0.2000000030
7385  0.297  -84.827  -1.802 0.2000000030
6736  0.178  -85.516  -0.092 0.1000000015
151462  -1.739  -84.507  -0.999 0.1000000015
7387  -1.418  -84.306  -1.295 0.1000000015
8013  -2.926  -83.798  -1.099 0.1000000015
8010  0.228  -83.958  -2.287 0.3000000119
147498  -4.382  -82.913  -0.121 0.1000000015
147660  -1.345  -83.718  -1.514 0.2000000030
8014  -3.145  -82.918  -1.055 0.2000000030
8639  -2.239  -82.621  -1.074 0.3000000119
147121  -3.844  -81.934  -0.236 0.2000000030
8638  -1.058  -82.408  -1.031 0.3000000119
9356  -2.084  -81.266  0.155 0.2000000030
9368  -2.917  -82.067  -0.489 0.2000000030
8628  -4.669  -82.603  0.555 0.1000000015
138440  -4.297  -81.563  0.237 0.1000000015
9357  -3.276  -81.356  0.171 0.1000000015
10103  -4.848  -80.435  0.990 0.1000000015
10113  -2.582  -80.613  0.660 0.2000000030
10101  -1.917  -79.977  1.155 0.4000000060
145789  -4.044  -80.010  1.097 0.1000000015
10104  -5.662  -80.324  1.473 0.1000000015
10909  -3.660  -79.385  1.334 0.2000000030
10910  -4.946  -79.603  1.310 0.1000000015
10102  -3.049  -80.005  1.126 0.3000000119
12548  -3.167  -77.602  1.714 0.4000000060
11707  -3.276  -78.594  1.541 0.3000000119
13542  -3.500  -75.998  -10.069 0.1000000015
129720  -4.669  -77.458  -9.262 0.1000000015
14334  -2.956  -75.426  -10.572 0.1000000015
14343  -1.626  -75.392  -11.491 0.1000000015
12676  -5.347  -78.058  -8.810 0.2000000030
13494  -5.642  -76.681  -7.008 0.1000000015
12663  -6.460  -77.914  -7.156 0.1000000015
11823  -6.240  -78.439  -7.513 0.2000000030
11836  -6.915  -78.338  -8.314 0.1000000015
11837  -7.639  -78.103  -8.629 0.1000000015
11847  -7.050  -78.292  -8.989 0.1000000015
13493  -4.760  -76.254  -7.144 0.2000000030
14289  -2.380  -75.277  -7.075 0.2000000030
14292  -5.589  -75.863  -7.587 0.1000000015
135667  -1.609  -70.119  -5.469 0.2000000030
19411  -2.315  -69.344  -5.649 0.2000000030
19427  -3.266  -69.159  -6.360 0.2000000030
143635  -24.314  -49.765  -5.090 0.2000000030
37896  -23.841  -49.208  -5.292 0.1000000015
38874  -25.357  -49.145  -5.923 0.1000000015
38873  -24.273  -48.275  -5.408 0.1000000015
148536  -25.001  -48.585  -5.715 0.1000000015
38884  -25.062  -48.116  -6.718 0.1000000015
37948  -25.307  -49.599  -8.070 0.1000000015
39820  -24.567  -47.377  -6.424 0.1000000015
139461  -24.133  -47.270  -9.073 0.1000000015
38940  -24.364  -48.227  -9.007 0.1000000015
39842  -24.671  -47.839  -8.288 0.1000000015
39866  -23.873  -47.940  -9.544 0.1000000015
144888  -24.389  -48.933  -8.989 0.1000000015
38921  -24.948  -48.769  -8.348 0.1000000015
37963  -23.403  -49.656  -9.862 0.3000000119
40805  -24.105  -46.648  -6.067 0.1000000015
40823  -24.409  -46.975  -8.089 0.1000000015
39887  -23.470  -47.335  -9.911 0.1000000015
36987  -22.124  -50.153  -11.233 0.3000000119
36976  -22.710  -50.190  -10.563 0.3000000119
38948  -23.317  -48.210  -10.066 0.2000000030
37975  -22.376  -49.472  -11.002 0.3000000119
141262  -22.186  -48.861  -11.309 0.2000000030
144200  -4.165  -78.043  1.517 0.2000000030
14291  -3.956  -75.779  -7.309 0.2000000030
11835  -6.062  -78.436  -8.277 0.1000000015
13478  -4.659  -77.187  -6.364 0.2000000030
14278  -3.817  -76.507  -6.596 0.2000000030
13477  -2.903  -76.590  -6.015 0.3000000119
17699  -1.362  -71.944  -6.152 0.3000000119
142342  -2.689  -99.375  -17.255 0.4000000060
455  -3.334  -98.641  -13.792 0.3000000119
445  -3.161  -98.297  -12.969 0.4000000060
38885  -25.223  -48.557  -6.206 0.2000000030
134302  -24.789  -48.014  -5.978 0.2000000030
37990  -21.739  -49.470  -11.654 0.2000000030
131028  -24.816  -49.165  -5.266 0.1000000015
38899  -25.150  -48.371  -7.576 0.1000000015
38939  -23.810  -48.765  -9.545 0.3000000119
2226  -4.268  -93.473  -11.661 0.2000000030
743  -3.881  -98.361  -14.182 0.2000000030
733  -4.232  -97.337  -14.037 0.2000000030
720  -3.308  -97.855  -12.459 0.3000000119
1013  -3.409  -96.831  -12.151 0.2000000030
7663  -3.377  -84.690  -27.890 0.3000000119
204  -11.729  -99.342  -28.872 0.3000000119
6101  0.231  -87.153  0.054 0.1000000015
14277  -3.054  -75.971  -6.861 0.2000000030
39810  -24.196  -47.373  -5.692 0.1000000015
40830  -23.932  -46.493  -8.649 0.1000000015
39829  -24.735  -47.554  -7.373 0.1000000015
40814  -24.384  -46.743  -7.047 0.1000000015
142195  -23.179  -48.945  -10.083 0.3000000119
40813  -23.840  -46.112  -6.752 0.1000000015
37976  -22.842  -49.395  -10.428 0.3000000119
38947  -22.704  -48.669  -10.672 0.2000000030
39886  -22.936  -47.657  -10.667 0.1000000015
1514  -11.452  -95.578  -30.376 0.3000000119
1963  -10.047  -94.883  -29.927 0.3000000119
1534  -9.408  -95.596  -32.658 0.3000000119
1982  -8.023  -94.730  -32.719 0.4000000060
1533  -8.822  -94.962  -32.165 0.3000000119
1524  -11.233  -95.844  -31.233 0.3000000119
1523  -10.439  -95.550  -31.490 0.3000000119
1183  -11.001  -96.194  -32.014 0.3000000119
1969  -8.895  -94.649  -31.078 0.3000000119
1981  -7.448  -94.156  -32.098 0.3000000119
2448  -6.887  -93.701  -32.033 0.4000000060
1506  -11.681  -95.370  -29.522 0.3000000119
1505  -10.842  -95.148  -29.705 0.3000000119
1512  -9.810  -95.035  -30.826 0.3000000119
3522  -5.327  -90.592  -34.228 0.4000000060
3516  -5.269  -90.907  -33.187 0.4000000060
4072  -5.821  -89.891  -34.052 0.3000000119
1961  -8.612  -94.198  -30.250 0.3000000119
1968  -8.085  -94.392  -31.676 0.3000000119
2951  -5.201  -91.902  -33.870 0.4000000060
2940  -5.958  -92.386  -32.118 0.4000000060
1962  -9.257  -94.573  -30.133 0.3000000119
2431  -7.298  -93.662  -31.309 0.3000000119
2924  -6.351  -92.094  -31.396 0.3000000119
4646  -6.008  -90.192  -32.730 0.3000000119
1498  -11.946  -95.124  -28.734 0.2000000030
4693  -5.207  -89.178  -36.892 0.4000000060
4704  -6.192  -89.089  -37.273 0.3000000119
4110  -5.777  -89.700  -36.931 0.3000000119
4082  -5.860  -90.128  -35.702 0.4000000060
4658  -5.951  -89.838  -34.780 0.3000000119
7096  -3.819  -84.596  -32.411 0.4000000060
140137  -13.337  -96.002  -29.092 0.2000000030
7744  -6.550  -83.916  -35.010 0.2000000030
7120  -5.925  -84.465  -35.777 0.1000000015
6494  -5.619  -85.544  -35.839 0.3000000119
6500  -5.312  -86.600  -35.704 0.3000000119
7128  -6.483  -85.111  -36.182 0.1000000015
6501  -6.131  -86.158  -36.424 0.1000000015
4041  -6.224  -90.720  -31.967 0.3000000119
34882  -10.518  -51.880  -7.922 0.2000000030
35894  -11.020  -51.751  -8.397 0.2000000030
35893  -10.348  -51.123  -8.048 0.2000000030
36955  -10.969  -50.924  -8.656 0.2000000030
35892  -9.252  -50.597  -7.776 0.2000000030
140454  -5.737  -90.076  -34.818 0.4000000060
144341  -4.958  -89.721  -36.657 0.4000000060
7723  -3.671  -83.472  -31.992 0.3000000119
7724  -4.016  -83.376  -32.854 0.4000000060
499  -3.967  -98.624  -17.680 0.2000000030
510  -3.473  -98.366  -18.831 0.2000000030
792  -4.962  -97.495  -19.931 0.2000000030
793  -5.805  -97.195  -20.102 0.2000000030
509  -2.797  -98.941  -18.725 0.2000000030
511  -4.068  -97.962  -19.613 0.2000000030
130108  -4.621  -98.234  -20.105 0.2000000030
264  -6.613  -99.693  -19.834 0.2000000030
115  -3.327  -99.762  -20.220 0.2000000030
263  -5.582  -99.031  -19.991 0.2000000030
125  -5.111  -100.437  -20.219 0.2000000030
123  -3.497  -100.127  -20.575 0.2000000030
21  -6.088  -100.557  -20.312 0.2000000030
31  -6.688  -100.669  -20.397 0.2000000030
130  -2.752  -100.169  -21.650 0.3000000119
37  -4.133  -100.975  -21.482 0.2000000030
39  -5.464  -101.046  -21.101 0.2000000030
38  -4.946  -101.021  -21.535 0.2000000030
41  -7.071  -101.119  -21.538 0.2000000030
129160  -7.938  -101.162  -21.626 0.2000000030
34  -10.237  -101.087  -20.896 0.1000000015
49  -7.490  -101.126  -22.493 0.2000000030
117  -5.756  -100.156  -19.973 0.2000000030
51  -9.448  -101.093  -22.432 0.2000000030
146809  -11.755  -100.965  -21.021 0.1000000015
50  -8.463  -101.136  -22.418 0.2000000030
53  -11.424  -100.974  -21.638 0.1000000015
148502  -9.577  -101.043  -23.118 0.2000000030
143876  -10.198  -101.105  -22.173 0.2000000030
126  -12.815  -100.071  -20.699 0.1000000015
27  -13.081  -100.135  -19.599 0.1000000015
142  -10.217  -100.425  -23.265 0.2000000030
137  -11.748  -100.342  -21.765 0.1000000015
278  -12.281  -99.810  -21.484 0.1000000015
67  -8.911  -100.890  -24.019 0.2000000030
112  -13.705  -99.271  -18.580 0.1000000015
120  -13.948  -99.996  -19.430 0.1000000015
282  -10.773  -99.823  -22.936 0.2000000030
130375  -11.212  -99.332  -22.407 0.1000000015
279  -13.101  -99.669  -21.022 0.1000000015
277  -11.870  -99.022  -21.819 0.1000000015
142820  -12.540  -99.257  -21.274 0.1000000015
544  -11.090  -98.294  -22.184 0.1000000015
146909  -14.669  -98.412  -17.967 0.1000000015
271  -13.681  -99.467  -20.303 0.1000000015
289  -10.121  -99.357  -23.338 0.2000000030
543  -10.556  -98.740  -22.745 0.2000000030
554  -8.989  -97.789  -23.790 0.2000000030
542  -9.781  -98.085  -23.171 0.2000000030
170  -6.151  -98.916  -26.254 0.2000000030
819  -10.296  -97.600  -22.493 0.2000000030
810  -12.922  -97.956  -20.746 0.1000000015
808  -10.863  -97.303  -21.873 0.1000000015
313  -7.370  -98.971  -25.370 0.2000000030
818  -9.231  -96.887  -23.300 0.2000000030
809  -12.118  -97.457  -21.042 0.1000000015
803  -13.540  -97.585  -20.175 0.1000000015
553  -8.402  -97.593  -24.389 0.2000000030
1099  -9.491  -95.923  -23.170 0.2000000030
846  -7.435  -97.180  -25.996 0.3000000119
1117  -8.000  -96.618  -25.382 0.2000000030
804  -14.206  -97.966  -19.820 0.1000000015
1083  -11.243  -95.899  -20.997 0.1000000015
1446  -10.586  -95.400  -21.668 0.1000000015
1089  -10.636  -96.343  -21.637 0.2000000030
1100  -10.058  -95.870  -22.316 0.2000000030
1478  -9.039  -95.806  -24.800 0.3000000119
857  -9.085  -96.917  -26.438 0.3000000119
1084  -12.062  -96.037  -20.428 0.1000000015
1085  -13.540  -96.627  -19.914 0.1000000015
1439  -11.673  -95.126  -20.460 0.1000000015
8332  -4.311  -82.985  -29.523 0.3000000119
8999  -3.778  -82.967  -29.904 0.3000000119
9014  -4.417  -82.745  -30.781 0.3000000119
36869  -22.008  -50.250  -2.646 0.1000000015
36870  -22.358  -49.551  -2.678 0.1000000015
37889  -22.214  -49.674  -3.618 0.1000000015
37888  -21.512  -50.186  -4.502 0.1000000015
28  -4.108  -100.589  -20.783 0.2000000030
48  -6.546  -101.136  -22.228 0.2000000030
141  -9.652  -99.989  -23.880 0.2000000030
575  -7.463  -97.794  -25.464 0.2000000030
596  -8.876  -98.385  -27.132 0.3000000119
865  -8.059  -97.728  -27.182 0.3000000119
35808  -15.371  -51.633  -3.369 0.1000000015
140153  -20.454  -50.791  -2.293 0.1000000015
520  -2.651  -99.101  -19.393 0.2000000030
261  -3.150  -99.133  -19.909 0.2000000030
262  -3.803  -98.679  -19.934 0.2000000030
523  -6.593  -98.433  -19.993 0.2000000030
130510  -4.632  -99.589  -19.978 0.2000000030
150939  -3.983  -100.159  -20.362 0.2000000030
124  -4.664  -100.469  -20.488 0.2000000030
40  -6.243  -101.089  -21.350 0.2000000030
135  -10.775  -100.642  -22.717 0.2000000030
537  -11.598  -97.889  -21.583 0.1000000015
1109  -8.995  -96.057  -23.969 0.2000000030
1469  -9.551  -95.485  -23.994 0.2000000030
1130  -8.469  -96.646  -26.272 0.3000000119
36885  -22.262  -50.238  -3.155 0.1000000015
238  -3.391  -99.304  -15.778 0.2000000030
148144  -3.379  -99.221  -17.119 0.2000000030
486  -4.493  -98.377  -16.646 0.2000000030
477  -4.111  -98.874  -15.718 0.2000000030
767  -5.254  -97.540  -16.586 0.2000000030
467  -4.095  -98.688  -14.934 0.2000000030
134130  -4.908  -92.704  -10.916 0.1000000015
8344  -3.441  -83.226  -30.516 0.2000000030
8373  -4.859  -82.747  -32.529 0.2000000030
8371  -3.965  -82.990  -32.307 0.2000000030
7736  -4.855  -83.523  -34.145 0.2000000030
7111  -5.368  -83.951  -35.059 0.2000000030
7608  -6.547  -84.759  -22.476 0.1000000015
6950  -6.655  -85.669  -22.091 0.2000000030
6345  -6.294  -86.524  -22.137 0.2000000030
5757  -6.458  -87.443  -23.196 0.2000000030
5766  -5.727  -87.530  -24.614 0.2000000030
5767  -6.472  -87.308  -24.216 0.2000000030
6398  -5.737  -86.263  -26.700 0.2000000030
7029  -6.434  -85.058  -27.435 0.2000000030
146447  -5.703  -84.728  -27.796 0.2000000030
7678  -5.153  -84.067  -28.250 0.2000000030
130284  -5.912  -84.117  -28.258 0.2000000030
9000  -4.745  -82.877  -30.110 0.2000000030
8345  -5.459  -83.321  -30.352 0.2000000030
143247  -5.349  -83.012  -31.179 0.1000000015
8374  -6.055  -83.340  -32.336 0.1000000015
7713  -6.628  -84.207  -31.761 0.1000000015
151293  -5.456  -82.888  -32.799 0.1000000015
145500  -5.718  -83.377  -34.260 0.2000000030
7738  -7.427  -84.259  -34.120 0.1000000015
7122  -7.589  -84.688  -35.087 0.1000000015
6374  -7.107  -86.791  -24.816 0.2000000030
5756  -5.644  -87.790  -22.887 0.2000000030
13585  -2.055  -76.312  -14.786 0.1000000015
15212  -2.614  -74.827  -14.789 0.1000000015
12758  -2.251  -76.917  -15.223 0.1000000015
14413  -2.320  -75.101  -16.085 0.1000000015
11910  -2.437  -77.498  -15.665 0.1000000015
13601  -2.584  -76.525  -15.881 0.1000000015
14393  -2.181  -75.156  -14.123 0.1000000015
132080  -1.683  -76.536  -13.938 0.1000000015
11924  -3.120  -77.836  -16.299 0.1000000015
12774  -2.937  -77.091  -16.158 0.1000000015
12775  -4.172  -77.916  -16.746 0.1000000015
18555  -1.796  -70.993  -6.074 0.1000000015
17700  -2.220  -71.569  -6.939 0.1000000015
154375  -1.832  -72.077  -7.562 0.1000000015
18543  -2.769  -70.092  -6.318 0.1000000015
18556  -2.729  -70.819  -6.768 0.1000000015
139930  -3.280  -70.225  -7.165 0.1000000015
17726  -2.163  -71.535  -7.976 0.1000000015
18581  -2.160  -70.747  -8.527 0.1000000015
17737  -1.768  -71.489  -8.930 0.1000000015
18582  -2.979  -69.988  -8.142 0.1000000015
152265  -2.570  -69.453  -8.630 0.1000000015
18592  -1.672  -70.714  -9.388 0.1000000015
19428  -4.144  -68.998  -6.940 0.1000000015
19460  -1.566  -69.982  -9.919 0.1000000015
18600  -1.510  -70.840  -10.345 0.1000000015
131942  -1.625  -71.541  -9.866 0.1000000015
20252  -3.868  -68.337  -6.576 0.1000000015
20953  -1.421  -66.977  4.922 0.1000000015
21839  -2.879  -66.585  5.316 0.1000000015
21860  -2.015  -65.903  4.628 0.1000000015
22774  -3.531  -66.077  4.940 0.1000000015
22792  -3.222  -65.653  4.345 0.1000000015
155178  -3.688  -65.310  3.943 0.1000000015
22814  -2.934  -65.094  3.861 0.1000000015
23755  -3.657  -64.778  3.344 0.1000000015
23756  -4.748  -64.761  3.171 0.1000000015
37988  -21.000  -49.745  -12.052 0.1000000015
139493  -9.485  -52.094  -7.323 0.1000000015
37989  -21.228  -48.892  -12.245 0.1000000015
34875  -10.206  -52.372  -7.554 0.1000000015
38005  -19.494  -49.380  -12.454 0.1000000015
38964  -20.703  -48.330  -12.645 0.1000000015
39915  -20.912  -47.471  -12.849 0.1000000015
38962  -18.536  -49.153  -12.679 0.1000000015
143984  -19.304  -48.556  -12.934 0.1000000015
38963  -20.037  -48.652  -12.752 0.1000000015
35877  -9.828  -51.576  -7.622 0.1000000015
38004  -18.010  -49.873  -12.316 0.1000000015
35875  -8.068  -51.527  -7.423 0.1000000015
35876  -8.905  -51.444  -7.450 0.1000000015
36954  -10.172  -50.089  -8.262 0.1000000015
36966  -11.561  -50.750  -9.322 0.1000000015
38978  -20.034  -47.843  -13.075 0.1000000015
39934  -20.378  -46.953  -13.275 0.1000000015
38021  -17.669  -49.224  -12.704 0.1000000015
132647  -19.160  -47.808  -13.360 0.1000000015
38020  -16.880  -49.154  -12.775 0.1000000015
38976  -17.369  -48.642  -13.161 0.1000000015
39932  -18.498  -47.762  -13.552 0.1000000015
38916  -9.485  -48.189  -8.708 0.1000000015
37962  -11.486  -49.607  -9.387 0.1000000015
38000  -14.937  -49.659  -12.297 0.1000000015
38961  -15.265  -48.889  -12.753 0.1000000015
40882  -19.243  -46.494  -13.766 0.1000000015
39949  -17.904  -47.367  -13.915 0.1000000015
39933  -19.597  -47.131  -13.468 0.1000000015
38938  -10.727  -48.265  -9.071 0.1000000015
38974  -15.772  -48.403  -13.360 0.1000000015
39931  -17.171  -48.014  -13.733 0.1000000015
38975  -16.577  -48.545  -13.315 0.1000000015
39930  -16.323  -47.887  -13.886 0.1000000015
39914  -14.303  -47.666  -12.646 0.1000000015
15962  -2.000  -72.916  -9.148 0.1000000015
16828  -1.829  -72.184  -8.359 0.1000000015
7097  -4.131  -83.994  -33.614 0.3000000119
38006  -20.475  -49.145  -12.422 0.1000000015
36998  -16.723  -50.427  -12.201 0.1000000015
150063  -18.733  -49.860  -12.232 0.1000000015
38003  -17.205  -49.816  -12.412 0.1000000015
38001  -15.617  -49.679  -12.469 0.1000000015
36965  -10.998  -50.134  -8.822 0.1000000015
38973  -15.170  -48.214  -13.256 0.1000000015
38944  -11.744  -48.454  -9.707 0.1000000015
139069  -4.857  -84.638  -27.887 0.2000000030
5785  -6.303  -87.010  -25.231 0.2000000030
6385  -6.884  -86.414  -25.758 0.2000000030
7726  -7.199  -84.261  -33.247 0.1000000015
8372  -4.425  -82.908  -32.846 0.2000000030
8333  -5.161  -83.162  -29.435 0.1000000015
6399  -6.683  -85.770  -26.694 0.2000000030
8334  -5.942  -83.752  -29.518 0.1000000015
8359  -5.966  -83.597  -31.233 0.1000000015
7725  -6.689  -83.825  -32.810 0.1000000015
7714  -7.252  -84.833  -32.274 0.1000000015
38956  -21.837  -48.501  -11.862 0.1000000015
37961  -10.475  -49.225  -8.677 0.1000000015
40883  -20.503  -46.118  -13.381 0.1000000015
38977  -18.573  -48.377  -13.173 0.1000000015
38019  -16.073  -49.056  -12.830 0.1000000015
134755  -17.929  -48.164  -13.472 0.1000000015
131394  -14.965  -92.799  -19.336 0.1000000015
2776  -13.703  -92.657  -19.944 0.1000000015
150617  -15.424  -91.870  -20.698 0.1000000015
2790  -14.047  -92.428  -20.497 0.1000000015
2789  -13.193  -92.864  -20.603 0.1000000015
4083  -6.024  -90.033  -35.694 0.1000000015
3531  -6.379  -90.895  -36.382 0.1000000015
3523  -7.057  -91.170  -34.812 0.1000000015
3539  -6.825  -91.778  -36.725 0.1000000015
2800  -14.529  -92.407  -21.173 0.2000000030
2778  -15.536  -92.267  -19.636 0.1000000015
2345  -14.416  -93.733  -22.104 0.2000000030
151022  -14.005  -93.039  -21.538 0.2000000030
4084  -6.542  -90.540  -35.208 0.1000000015
4653  -6.379  -90.016  -33.443 0.2000000030
4067  -6.968  -90.269  -33.065 0.1000000015
4055  -6.546  -90.443  -32.236 0.2000000030
3504  -7.600  -90.683  -32.552 0.1000000015
2941  -8.722  -91.752  -32.661 0.1000000015
2962  -8.079  -92.513  -34.571 0.1000000015
2334  -14.922  -93.094  -21.776 0.2000000030
1878  -14.952  -94.411  -22.477 0.2000000030
1460  -14.827  -95.391  -22.799 0.2000000030
1459  -13.941  -94.482  -22.574 0.2000000030
1473  -13.879  -95.520  -22.981 0.2000000030
2925  -6.925  -92.655  -30.914 0.2000000030
3492  -6.508  -91.223  -31.391 0.2000000030
148531  -7.432  -90.609  -31.564 0.1000000015
3493  -8.691  -90.853  -31.502 0.1000000015
2963  -8.851  -93.069  -33.945 0.1000000015
2953  -8.960  -92.502  -33.128 0.1000000015
1101  -15.306  -96.362  -22.890 0.2000000030
1457  -10.099  -95.185  -23.144 0.2000000030
1893  -10.978  -94.357  -22.738 0.2000000030
1861  -11.423  -94.112  -21.504 0.2000000030
2332  -12.519  -93.305  -21.209 0.2000000030
135408  -15.767  -97.119  -23.004 0.1000000015
1479  -9.813  -95.602  -24.688 0.2000000030
141640  -10.330  -95.218  -24.028 0.2000000030
1471  -11.697  -94.912  -23.587 0.2000000030
1876  -12.069  -93.929  -22.462 0.2000000030
1877  -12.887  -94.068  -22.493 0.2000000030
1112  -14.482  -96.307  -23.050 0.2000000030
557  -15.303  -98.522  -23.323 0.2000000030
305  -15.059  -99.469  -23.965 0.1000000015
820  -15.014  -97.142  -22.999 0.2000000030
143736  -15.600  -99.376  -24.269 0.1000000015
164  -16.230  -99.296  -25.756 0.1000000015
178  -16.762  -99.089  -26.660 0.1000000015
2419  -8.197  -93.511  -29.895 0.2000000030
2910  -7.977  -92.498  -29.687 0.2000000030
3480  -7.427  -91.202  -30.434 0.2000000030
2894  -7.992  -91.421  -29.775 0.1000000015
4030  -8.167  -90.564  -30.767 0.1000000015
3506  -9.054  -91.449  -31.908 0.1000000015
821  -15.686  -97.994  -22.971 0.1000000015
306  -16.481  -99.171  -24.384 0.1000000015
1124  -8.965  -96.308  -25.951 0.2000000030
1480  -10.710  -95.692  -24.582 0.2000000030
1472  -12.550  -95.242  -23.454 0.2000000030
143558  -13.953  -97.961  -23.588 0.2000000030
154934  -13.204  -95.641  -23.322 0.2000000030
604  -15.366  -98.259  -27.904 0.1000000015
614  -15.150  -97.721  -28.147 0.1000000015
1145  -14.483  -96.627  -28.455 0.1000000015
1535  -10.205  -95.918  -32.347 0.2000000030
2409  -9.167  -93.510  -28.739 0.1000000015
2408  -8.529  -92.950  -29.116 0.1000000015
150103  -16.373  -99.038  -23.254 0.1000000015
137023  -11.530  -97.135  -24.705 0.2000000030
1481  -11.676  -95.760  -24.079 0.2000000030
1119  -12.045  -96.732  -24.219 0.2000000030
148968  -16.595  -99.162  -25.214 0.1000000015
134422  -10.448  -97.176  -25.572 0.2000000030
831  -13.378  -97.157  -23.687 0.2000000030
316  -17.087  -99.089  -25.861 0.1000000015
588  -10.142  -98.476  -26.112 0.2000000030
849  -11.031  -97.552  -25.153 0.2000000030
323  -10.480  -99.386  -26.232 0.2000000030
606  -16.588  -96.715  -26.685 0.1000000015
185  -9.838  -99.878  -27.590 0.2000000030
196  -10.696  -100.067  -27.829 0.2000000030
147948  -11.384  -99.917  -28.139 0.2000000030
150  -14.817  -99.625  -24.629 0.2000000030
176  -14.806  -99.401  -26.111 0.2000000030
346  -11.014  -99.286  -29.429 0.2000000030
619  -12.688  -98.008  -30.785 0.2000000030
1500  -14.207  -95.850  -28.093 0.1000000015
912  -12.017  -97.056  -32.021 0.2000000030
1168  -12.017  -96.170  -30.991 0.2000000030
1169  -12.774  -96.636  -30.709 0.2000000030
1499  -13.529  -95.622  -28.368 0.1000000015
1956  -10.278  -94.722  -29.064 0.2000000030
1946  -9.841  -94.093  -28.508 0.1000000015
2896  -9.149  -92.284  -28.445 0.1000000015
2882  -9.109  -91.367  -28.789 0.1000000015
4019  -9.267  -90.702  -29.811 0.1000000015
840  -11.659  -98.049  -24.739 0.2000000030
555  -13.835  -98.828  -23.790 0.2000000030
149087  -16.776  -97.556  -26.158 0.1000000015
155558  -12.675  -97.203  -23.947 0.2000000030
304  -14.268  -99.601  -24.229 0.2000000030
341  -16.086  -98.629  -27.405 0.1000000015
605  -15.835  -97.582  -27.090 0.1000000015
578  -11.210  -98.424  -25.191 0.2000000030
567  -11.720  -98.753  -24.838 0.2000000030
315  -11.953  -99.713  -25.250 0.2000000030
149514  -10.753  -99.852  -26.413 0.2000000030
159  -11.935  -100.013  -25.787 0.3000000119
197  -12.124  -99.598  -28.037 0.2000000030
133624  -13.001  -99.636  -26.520 0.2000000030
198  -12.992  -99.132  -27.962 0.2000000030
138734  -15.463  -99.073  -27.417 0.1000000015
337  -12.677  -99.025  -28.734 0.2000000030
140715  -13.077  -97.699  -30.237 0.2000000030
350  -13.845  -98.058  -28.877 0.2000000030
154638  -14.692  -97.834  -29.041 0.1000000015
1492  -14.508  -95.332  -27.292 0.1000000015
897  -13.203  -97.537  -30.350 0.2000000030
1158  -13.050  -96.398  -29.846 0.2000000030
1159  -13.934  -96.875  -29.411 0.1000000015
138988  -12.779  -95.372  -28.568 0.1000000015
1947  -10.574  -94.413  -28.303 0.1000000015
841  -13.060  -98.116  -23.938 0.2000000030
569  -13.182  -99.097  -24.157 0.2000000030
148  -13.165  -99.880  -24.887 0.2000000030
1146  -15.170  -96.913  -27.831 0.1000000015
154480  -15.851  -96.528  -27.089 0.1000000015
1494  -16.396  -95.547  -26.889 0.1000000015
153592  -13.416  -99.707  -25.899 0.2000000030
175  -14.035  -99.351  -26.500 0.2000000030
330  -14.536  -99.077  -27.510 0.2000000030
1487  -15.147  -94.987  -26.789 0.1000000015
603  -14.814  -98.123  -28.642 0.2000000030
890  -14.101  -97.576  -29.424 0.2000000030
9644  -1.319  -81.978  -22.417 0.1000000015
136377  -2.556  -81.085  -23.203 0.1000000015
9638  -2.153  -80.941  -21.491 0.1000000015
10394  -3.834  -80.576  -20.652 0.1000000015
35839  -23.579  -51.464  -5.421 0.1000000015
35823  -24.620  -51.359  -4.728 0.1000000015
36907  -23.526  -50.308  -5.569 0.1000000015
587  -9.440  -97.934  -26.590 0.2000000030
142949  -22.826  -51.323  -6.202 0.1000000015
203  -10.826  -99.838  -28.628 0.2000000030
2418  -7.516  -93.144  -30.348 0.2000000030
858  -9.923  -97.466  -26.014 0.2000000030
2343  -12.633  -93.535  -21.870 0.2000000030
155033  -10.083  -95.929  -25.170 0.2000000030
1895  -12.275  -94.460  -23.042 0.2000000030
173  -11.340  -100.019  -26.433 0.2000000030
904  -12.993  -97.252  -31.014 0.2000000030
867  -15.611  -96.208  -27.184 0.1000000015
1950  -13.115  -95.048  -27.856 0.1000000015
314  -11.228  -99.731  -25.816 0.2000000030
160  -12.589  -99.890  -25.288 0.2000000030
338  -13.500  -98.652  -28.537 0.2000000030
6948  -4.852  -86.310  -22.077 0.1000000015
5742  -6.042  -87.270  -22.348 0.1000000015
5726  -4.745  -87.491  -21.951 0.1000000015
6970  -5.062  -85.536  -22.525 0.1000000015
6949  -5.680  -86.018  -22.031 0.1000000015
6969  -4.439  -85.908  -22.657 0.1000000015
5743  -6.908  -86.994  -22.537 0.1000000015
6968  -3.785  -86.077  -23.328 0.1000000015
7607  -5.837  -85.181  -22.464 0.1000000015
6984  -4.426  -85.311  -23.618 0.1000000015
6951  -7.614  -85.594  -22.155 0.1000000015
139446  -8.075  -86.645  -23.566 0.1000000015
6347  -8.067  -86.151  -22.360 0.1000000015
7619  -5.259  -84.804  -23.278 0.1000000015
6375  -7.916  -86.498  -24.466 0.1000000015
7636  -3.994  -84.747  -24.961 0.1000000015
7634  -1.940  -85.095  -25.409 0.1000000015
132429  -1.679  -74.762  -6.775 0.1000000015
14290  -3.258  -75.409  -7.471 0.1000000015
15091  -2.050  -74.485  -7.530 0.1000000015
15090  -1.429  -74.115  -6.905 0.1000000015
15092  -2.984  -74.813  -7.989 0.1000000015
15093  -3.971  -75.133  -7.924 0.1000000015
15105  -3.895  -74.442  -8.533 0.1000000015
15941  -1.778  -73.618  -7.830 0.1000000015
15104  -2.482  -74.137  -8.280 0.1000000015
15953  -3.105  -73.907  -8.916 0.1000000015
16811  -1.557  -72.419  -6.885 0.1000000015
7665  -7.212  -84.922  -27.340 0.1000000015
1805  -8.281  -94.445  -16.851 0.1000000015
1408  -6.691  -95.487  -16.652 0.1000000015
1407  -6.047  -95.875  -16.195 0.1000000015
1044  -5.266  -96.945  -15.682 0.1000000015
755  -4.625  -97.910  -15.581 0.1000000015
745  -6.388  -97.848  -14.091 0.1000000015
756  -7.376  -97.400  -15.342 0.1000000015
769  -7.891  -97.563  -16.312 0.1000000015
487  -7.354  -98.818  -16.595 0.1000000015
734  -6.870  -97.178  -14.568 0.1000000015
1054  -8.900  -96.645  -16.491 0.1000000015
770  -8.724  -97.162  -17.168 0.1000000015
500  -7.900  -98.595  -17.939 0.1000000015
512  -7.833  -98.855  -18.932 0.1000000015
144479  -7.710  -99.436  -18.231 0.1000000015
757  -8.254  -96.814  -15.802 0.1000000015
779  -9.156  -96.753  -17.853 0.1000000015
256  -7.727  -99.790  -18.865 0.1000000015
786  -8.781  -96.907  -18.712 0.1000000015
513  -8.332  -97.879  -18.900 0.1000000015
524  -7.650  -98.036  -19.637 0.1000000015
22  -7.235  -100.560  -20.016 0.1000000015
1052  -5.754  -96.666  -16.452 0.1000000015
746  -6.640  -98.087  -14.729 0.1000000015
479  -6.952  -98.398  -15.553 0.1000000015
245  -7.503  -99.572  -17.333 0.1000000015
110  -7.795  -100.620  -18.513 0.1000000015
244  -7.039  -99.753  -16.326 0.1000000015
14  -7.900  -100.697  -19.086 0.1000000015
1067  -8.928  -96.191  -18.789 0.1000000015
525  -8.207  -97.165  -19.444 0.1000000015
154300  -6.961  -97.615  -20.069 0.1000000015
1074  -6.979  -96.603  -19.782 0.1000000015
141689  -7.523  -101.132  -20.891 0.1000000015
1399  -6.293  -95.103  -15.926 0.1000000015
1398  -5.662  -95.467  -15.528 0.1000000015
1397  -5.165  -96.080  -15.058 0.1000000015
1879  -15.747  -94.102  -22.470 0.1000000015
778  -5.437  -97.167  -18.578 0.1000000015
42  -8.311  -101.178  -20.882 0.1000000015
33  -9.257  -101.197  -20.716 0.1000000015
777  -4.945  -97.812  -17.818 0.1000000015
136155  -6.012  -96.738  -18.683 0.1000000015
1807  -9.883  -94.557  -16.892 0.1000000015
154754  -4.679  -96.421  -14.419 0.1000000015
1860  -10.789  -94.568  -22.014 0.1000000015
4319  -2.964  -89.606  -3.673 0.1000000015
4332  -3.558  -89.760  -4.280 0.1000000015
4318  -2.409  -89.303  -3.678 0.1000000015
4341  -3.576  -89.919  -5.053 0.1000000015
4941  -1.502  -88.298  -1.793 0.1000000015
4308  -2.344  -88.799  -3.290 0.1000000015
5532  -1.965  -88.245  -3.208 0.1000000015
4924  -0.699  -88.134  -1.179 0.1000000015
4955  -0.670  -87.951  -1.975 0.1000000015
5514  0.024  -87.533  -1.454 0.1000000015
12550  -5.534  -77.196  1.847 0.1000000015
12549  -4.560  -77.295  1.609 0.1000000015
13359  -5.064  -75.655  2.130 0.1000000015
13358  -4.363  -75.937  1.886 0.1000000015
1806  -9.314  -94.192  -16.796 0.1000000015
1409  -7.429  -95.131  -16.982 0.1000000015
1053  -6.401  -96.236  -17.063 0.1000000015
1422  -8.247  -95.636  -18.623 0.1000000015
3734  -2.806  -90.126  -4.365 0.1000000015
4317  -2.002  -89.446  -3.974 0.1000000015
14157  -4.905  -75.000  2.371 0.1000000015
146490  -4.134  -97.935  -18.800 0.1000000015
784  -4.756  -97.484  -19.231 0.1000000015
785  -5.586  -97.002  -19.549 0.1000000015
119  -7.464  -100.207  -19.517 0.1000000015
23  -7.918  -100.997  -19.671 0.1000000015
1812  -9.127  -94.671  -17.482 0.1000000015
1059  -9.597  -95.927  -17.607 0.1000000015
768  -5.833  -96.965  -17.583 0.1000000015
1065  -7.491  -96.130  -19.165 0.1000000015
1064  -6.469  -96.579  -19.363 0.1000000015
1421  -7.560  -95.715  -18.326 0.1000000015
1414  -7.146  -95.696  -17.465 0.1000000015
29  -4.716  -100.960  -20.847 0.2000000030
30  -5.328  -100.674  -20.513 0.2000000030
36  -12.075  -100.193  -20.568 0.1000000015
43  -9.779  -101.158  -21.585 0.1000000015
44  -10.626  -101.103  -21.626 0.1000000015
46  -3.906  -100.803  -22.419 0.3000000119
52  -10.763  -100.949  -22.201 0.2000000030
57  -7.568  -101.115  -23.520 0.3000000119
59  -9.503  -100.777  -23.561 0.2000000030
60  -10.132  -101.057  -22.818 0.2000000030
66  -8.291  -100.557  -24.581 0.3000000119
69  -5.659  -100.628  -25.088 0.4000000060
108  -14.128  -98.673  -17.929 0.1000000015
109  -13.982  -98.776  -18.183 0.1000000015
113  -14.020  -98.852  -18.966 0.1000000015
116  -3.820  -99.653  -20.093 0.2000000030
118  -6.666  -100.424  -19.988 0.2000000030
122  -2.812  -100.133  -20.787 0.2000000030
127  -13.451  -100.083  -20.132 0.1000000015
128  -14.004  -99.884  -20.096 0.1000000015
131  -3.501  -100.431  -21.141 0.2000000030
132  -12.093  -100.201  -21.226 0.1000000015
136  -11.293  -100.602  -22.201 0.2000000030
139  -2.817  -100.071  -23.404 0.5000000000
140  -3.654  -100.406  -23.234 0.5000000000
145  -3.516  -100.118  -24.561 0.4000000060
149  -13.859  -99.777  -24.793 0.2000000030
151  -15.812  -99.337  -24.927 0.1000000015
155  -5.835  -100.124  -25.761 0.3000000119
158  -7.786  -100.112  -25.184 0.3000000119
161  -13.289  -99.841  -25.324 0.2000000030
162  -14.175  -99.679  -25.461 0.2000000030
163  -15.238  -99.466  -25.505 0.2000000030
165  -3.237  -99.403  -26.041 0.6000000238
167  -4.681  -100.040  -26.326 0.6000000238
171  -10.144  -99.727  -26.826 0.2000000030
172  -10.658  -100.046  -26.981 0.2000000030
174  -12.730  -99.956  -25.911 0.2000000030
177  -15.674  -99.302  -26.316 0.1000000015
186  -11.524  -99.985  -27.276 0.2000000030
187  -12.474  -99.693  -27.226 0.2000000030
188  -13.440  -99.226  -27.260 0.2000000030
189  -15.070  -99.211  -26.827 0.1000000015
191  -6.603  -99.283  -28.413 0.6000000238
195  -10.001  -99.979  -28.440 0.4000000060
199  -6.650  -99.316  -29.019 0.5000000000
200  -7.302  -99.352  -28.912 0.5000000000
206  -9.551  -99.265  -29.661 0.4000000060
233  -3.070  -99.247  -15.144 0.3000000119
242  -2.291  -99.321  -16.578 0.6999999881
251  -7.718  -100.136  -17.928 0.1000000015
260  -2.708  -99.409  -20.023 0.4000000060
265  -7.313  -99.198  -19.480 0.1000000015
270  -2.395  -99.696  -20.349 0.4000000060
283  -11.731  -99.960  -22.144 0.1000000015
284  -15.930  -98.764  -23.098 0.1000000015
288  -9.406  -98.887  -23.809 0.2000000030
290  -13.848  -99.392  -24.001 0.2000000030
291  -14.508  -99.275  -23.857 0.2000000030
292  -15.426  -99.032  -23.567 0.1000000015
293  -16.860  -99.059  -23.586 0.1000000015
297  -1.923  -99.190  -24.404 0.8000000119
301  -11.982  -99.204  -24.830 0.2000000030
302  -12.657  -99.542  -24.735 0.2000000030
303  -13.505  -99.583  -24.464 0.2000000030
310  -1.063  -98.745  -24.994 0.8999999762
311  -1.724  -99.018  -25.104 0.8000000119
312  -2.369  -99.119  -25.447 0.8000000119
328  -8.058  -98.704  -27.673 0.3000000119
329  -13.834  -99.014  -28.005 0.2000000030
331  -16.037  -99.201  -26.987 0.1000000015
332  -16.188  -99.174  -26.088 0.1000000015
334  -3.711  -99.156  -28.019 0.6999999881
335  -4.491  -99.185  -28.462 0.8000000119
339  -14.351  -98.505  -28.238 0.2000000030
340  -15.289  -98.637  -27.816 0.1000000015
342  -4.792  -98.918  -29.141 0.6999999881
343  -5.509  -99.050  -29.398 0.6000000238
345  -7.990  -99.283  -29.357 0.5000000000
347  -11.731  -99.043  -29.732 0.3000000119
348  -12.388  -98.779  -29.516 0.3000000119
349  -13.124  -98.326  -29.229 0.2000000030
353  -8.370  -99.108  -30.024 0.5000000000
354  -9.499  -99.031  -30.447 0.5000000000
356  -11.267  -98.932  -30.269 0.3000000119
358  -12.829  -98.131  -29.982 0.2000000030
362  -10.117  -98.699  -31.061 0.3000000119
454  -2.687  -98.478  -13.699 0.3000000119
465  -2.833  -99.019  -14.446 0.2000000030
475  -1.589  -98.543  -15.218 0.6999999881
483  -1.039  -98.542  -16.700 0.6999999881
485  -3.790  -99.104  -16.529 0.2000000030
488  -8.025  -97.927  -17.231 0.1000000015
498  -3.151  -99.020  -17.907 0.2000000030
501  -8.620  -97.563  -18.015 0.1000000015
518  -0.664  -98.584  -18.966 0.6999999881
521  -3.325  -98.621  -19.427 0.2000000030
522  -5.552  -97.856  -20.204 0.2000000030
532  -6.284  -97.572  -20.183 0.2000000030
535  -0.104  -98.124  -21.608 0.8999999762
538  -12.344  -98.415  -21.234 0.1000000015
539  -13.030  -98.901  -20.795 0.1000000015
541  -0.546  -98.595  -21.890 0.6999999881
545  -16.563  -98.557  -22.931 0.1000000015
556  -14.626  -98.626  -23.594 0.2000000030
565  -7.873  -97.577  -24.911 0.2000000030
566  -8.714  -98.483  -24.276 0.3000000119
568  -12.336  -98.670  -24.463 0.2000000030
576  -7.791  -98.257  -25.003 0.2000000030
577  -10.837  -98.946  -25.650 0.2000000030
583  -0.996  -98.218  -26.428 0.8000000119
586  -6.999  -97.940  -26.188 0.3000000119
595  -7.221  -98.088  -27.117 0.5000000000
597  -16.277  -97.752  -26.554 0.1000000015
598  -17.077  -96.894  -26.465 0.1000000015
611  -6.210  -98.782  -29.722 0.6000000238
612  -13.558  -97.892  -29.732 0.2000000030
613  -14.066  -97.830  -29.271 0.2000000030
618  -6.908  -98.323  -29.943 0.6000000238
621  -7.230  -97.434  -30.460 0.6999999881
623  -8.912  -98.182  -31.567 0.5000000000
625  -10.870  -98.402  -31.402 0.4000000060
626  -11.629  -98.066  -31.690 0.3000000119
627  -12.257  -97.747  -31.282 0.2000000030
628  -12.866  -97.661  -30.936 0.2000000030
629  -7.403  -97.309  -31.422 0.6000000238
632  -9.162  -98.034  -32.339 0.6000000238
634  -11.338  -97.705  -32.163 0.3000000119
635  -11.935  -97.546  -31.931 0.3000000119
637  -8.667  -97.694  -32.717 0.6000000238
639  -9.954  -97.513  -33.000 0.6000000238
711  -2.632  -97.404  -11.834 0.6000000238
731  -2.492  -98.081  -12.971 0.5000000000
742  -1.401  -97.854  -14.457 0.6999999881
744  -4.315  -97.886  -14.717 0.2000000030
753  -0.694  -97.460  -15.768 1.0000000000
765  0.027  -97.082  -16.833 1.0000000000
771  -9.325  -96.507  -17.154 0.1000000015
787  -9.224  -96.316  -18.291 0.1000000015
794  -6.597  -97.078  -20.107 0.1000000015
795  -7.430  -97.131  -19.888 0.1000000015
802  -12.652  -96.943  -20.427 0.1000000015
807  -10.280  -96.760  -22.152 0.2000000030
816  0.540  -96.923  -22.514 0.8999999762
830  -8.649  -96.825  -24.102 0.2000000030
832  -14.211  -97.108  -23.372 0.2000000030
833  -14.769  -97.891  -23.303 0.2000000030
838  -7.710  -97.073  -25.388 0.2000000030
839  -8.112  -96.802  -24.791 0.2000000030
847  -9.783  -96.539  -25.690 0.2000000030
848  -10.686  -97.988  -25.711 0.2000000030
853  0.417  -96.886  -26.266 1.0000000000
855  -7.648  -97.407  -26.648 0.3000000119
856  -8.247  -97.078  -26.676 0.3000000119
864  -1.203  -97.545  -27.400 0.8999999762
866  -8.708  -97.566  -26.831 0.3000000119
868  -16.581  -96.040  -26.934 0.1000000015
874  -3.617  -96.799  -28.053 0.8000000119
876  -14.709  -97.396  -28.858 0.1000000015
877  -15.738  -97.008  -27.188 0.1000000015
878  -16.393  -96.636  -26.787 0.1000000015
898  -13.617  -97.681  -29.852 0.2000000030
903  -12.385  -97.392  -31.416 0.2000000030
909  -7.420  -97.347  -32.709 0.6000000238
915  -7.667  -97.158  -33.364 0.6999999881
918  -10.088  -97.016  -33.197 0.3000000119
920  -7.901  -96.802  -33.992 0.6999999881
922  -8.870  -96.722  -33.557 0.6999999881
993  -2.898  -96.684  -10.768 0.3000000119
1003  -3.117  -97.062  -11.331 0.2000000030
1011  -0.923  -96.107  -12.722 0.8999999762
1034  -7.828  -96.434  -15.083 0.1000000015
1045  -5.589  -96.194  -15.761 0.1000000015
1051  -0.052  -96.496  -16.535 1.0000000000
1058  -6.724  -96.258  -18.249 0.1000000015
1063  0.697  -96.003  -18.850 0.8999999762
1066  -8.339  -96.006  -19.125 0.1000000015
1072  0.688  -96.264  -19.599 0.8999999762
1073  -6.236  -96.823  -19.873 0.1000000015
1075  -7.838  -96.540  -19.522 0.1000000015
1076  -8.460  -96.535  -19.161 0.1000000015
1086  -14.123  -97.270  -19.820 0.1000000015
1088  0.563  -96.722  -21.231 0.8999999762
1090  -11.847  -96.661  -20.810 0.1000000015
1098  0.628  -96.205  -21.942 0.8999999762
1102  -16.183  -96.498  -22.781 0.1000000015
1107  0.574  -95.892  -23.453 1.0000000000
1108  -8.617  -96.290  -24.575 0.2000000030
1110  -12.685  -96.214  -23.740 0.2000000030
1111  -13.655  -96.326  -23.386 0.2000000030
1116  0.537  -96.656  -24.450 1.0000000000
1118  -8.427  -96.244  -25.166 0.3000000119
1122  -7.777  -96.762  -25.781 0.2000000030
1123  -8.303  -96.426  -25.820 0.3000000119
1125  -10.718  -96.574  -25.101 0.2000000030
1128  0.609  -96.188  -26.059 1.0000000000
1129  -7.898  -96.802  -26.269 0.3000000119
1135  -14.891  -96.116  -27.701 0.1000000015
1136  -16.564  -95.948  -26.995 0.1000000015
1144  -13.952  -96.177  -28.749 0.1000000015
1154  -2.228  -96.530  -29.726 0.8999999762
1157  -5.136  -96.264  -30.125 0.8000000119
1165  -2.487  -96.313  -30.558 0.8999999762
1166  -3.313  -96.278  -30.534 0.8999999762
1170  -13.342  -97.120  -30.294 0.2000000030
1171  -13.722  -97.468  -29.972 0.2000000030
1178  -1.477  -95.766  -31.137 0.8999999762
1184  -11.733  -96.507  -31.735 0.3000000119
1185  -12.385  -96.863  -31.414 0.2000000030
1194  -3.741  -96.033  -32.123 1.0000000000
1198  -10.713  -96.722  -32.646 0.2000000030
1199  -11.422  -96.775  -32.220 0.3000000119
1207  -9.339  -96.589  -33.391 0.6999999881
1208  -4.997  -96.001  -34.062 0.6999999881
1211  -7.547  -96.171  -34.307 0.6999999881
1214  -6.915  -95.613  -34.759 0.6999999881
1342  -1.782  -95.954  -10.390 0.6999999881
1343  -2.455  -96.013  -10.284 0.6000000238
1350  -0.846  -95.406  -11.580 0.8999999762
1361  -0.563  -95.355  -12.497 0.8999999762
1372  -0.500  -95.495  -13.897 0.8999999762
1395  -0.376  -96.388  -16.132 0.8999999762
1396  -0.614  -96.021  -15.627 0.8999999762
1412  -0.145  -95.618  -17.119 1.0000000000
1420  0.448  -95.356  -18.451 1.0000000000
1423  -8.908  -95.613  -18.568 0.1000000015
1424  -9.352  -95.852  -18.284 0.1000000015
1428  0.673  -94.905  -19.958 0.8999999762
1456  0.138  -95.195  -22.427 0.8999999762
1458  -10.558  -94.708  -22.731 0.1000000015
1467  0.314  -95.606  -22.999 1.0000000000
1470  -10.862  -94.702  -23.394 0.2000000030
1476  0.623  -95.923  -24.479 1.0000000000
1477  -8.815  -96.114  -25.466 0.3000000119
1484  -9.387  -95.986  -25.325 0.2000000030
1491  -13.798  -95.311  -27.761 0.1000000015
1493  -15.389  -95.614  -27.038 0.1000000015
1497  0.263  -95.024  -28.157 0.8999999762
1507  -12.522  -95.655  -29.331 0.2000000030
1511  -0.749  -94.909  -30.950 1.0000000000
1513  -10.629  -95.329  -30.586 0.3000000119
1515  -12.290  -95.891  -30.164 0.3000000119
1520  -1.035  -94.632  -31.838 1.0000000000
1522  -9.618  -95.256  -31.775 0.3000000119
1530  -1.150  -94.529  -32.461 1.0000000000
1541  -1.369  -94.871  -33.079 1.0000000000
1542  -1.756  -95.162  -32.971 1.0000000000
1543  -2.096  -95.194  -33.059 1.0000000000
1546  -4.189  -95.725  -33.836 0.6999999881
1547  -7.777  -95.334  -34.074 0.6999999881
1549  -9.010  -95.902  -33.354 0.5000000000
1555  -0.916  -93.936  -34.049 1.0000000000
1556  -2.083  -94.579  -33.644 1.0000000000
1558  -3.727  -95.324  -34.268 0.8999999762
1560  -6.908  -95.215  -34.777 0.6999999881
1562  -8.164  -95.866  -34.145 0.6999999881
1568  -1.152  -94.022  -34.249 0.8999999762
1569  -3.834  -94.739  -34.770 0.6999999881
1570  -4.907  -94.784  -35.123 0.6000000238
1571  -5.792  -94.907  -35.259 0.6000000238
1572  -6.433  -95.049  -35.083 0.6999999881
1735  -0.695  -94.186  -9.832 1.0000000000
1736  -1.414  -94.353  -9.582 0.6999999881
1744  -0.197  -94.153  -10.894 0.8999999762
1745  -0.635  -94.495  -10.445 1.0000000000
1746  -2.510  -95.252  -9.839 0.5000000000
1756  -0.516  -94.694  -11.215 0.8999999762
1768  -3.984  -94.687  -12.232 0.1000000015
1779  -0.453  -94.074  -13.831 1.0000000000
1794  -1.334  -94.792  -15.438 1.0000000000
1804  -7.124  -94.722  -16.378 0.1000000015
1830  -2.804  -94.475  -19.529 1.0000000000
1844  -4.456  -94.487  -20.441 1.0000000000
1852  -0.009  -94.877  -21.765 1.0000000000
1853  -0.721  -94.964  -21.817 1.0000000000
1875  -11.442  -94.085  -22.299 0.2000000030
1887  -1.833  -95.476  -23.561 1.0000000000
1890  -4.212  -95.607  -23.816 1.0000000000
1894  -11.501  -94.329  -22.958 0.2000000030
1896  -13.128  -94.897  -22.947 0.2000000030
1899  -0.346  -95.365  -24.639 1.0000000000
1909  -0.400  -95.106  -25.551 1.0000000000
1921  -2.321  -94.878  -26.478 1.0000000000
1944  0.076  -94.587  -28.784 1.0000000000
1949  -12.287  -94.792  -28.000 0.1000000015
1954  -8.827  -93.924  -29.531 0.2000000030
1955  -9.519  -94.391  -29.284 0.2000000030
1957  -11.088  -94.942  -28.879 0.1000000015
1978  0.222  -94.749  -33.264 1.0000000000
1993  0.102  -94.728  -33.836 1.0000000000
1994  -6.743  -94.446  -33.844 0.6000000238
2008  -7.198  -95.002  -34.321 0.5000000000
2014  -0.223  -93.767  -34.593 1.0000000000
2015  -0.578  -94.069  -34.837 1.0000000000
2016  -1.904  -93.563  -34.063 0.8999999762
2020  -5.335  -94.289  -35.298 0.6000000238
2191  -2.677  -93.167  -9.039 0.3000000119
2200  -0.071  -92.960  -9.686 0.8999999762
2201  -0.347  -93.573  -9.725 0.8999999762
2204  -3.428  -93.722  -9.451 0.2000000030
2205  -4.200  -93.333  -9.792 0.4000000060
2236  0.036  -94.032  -12.579 1.0000000000
2281  -2.130  -93.380  -16.216 1.0000000000
2283  -9.657  -93.903  -16.297 0.1000000015
2301  -3.389  -94.247  -18.855 1.0000000000
2320  -11.948  -93.655  -21.147 0.2000000030
2331  -11.969  -93.667  -21.803 0.2000000030
2333  -13.176  -93.040  -21.348 0.1000000015
2335  -15.200  -93.729  -22.204 0.2000000030
2341  -7.636  -93.805  -22.446 1.0000000000
2342  -8.244  -93.372  -22.722 1.0000000000
2344  -13.493  -93.595  -21.992 0.2000000030
2350  -7.123  -94.138  -22.989 1.0000000000
2356  -6.755  -94.240  -24.970 1.0000000000
2358  -8.100  -93.198  -24.373 1.0000000000
2430  -6.523  -93.037  -31.626 0.4000000060
2432  -8.080  -93.967  -30.747 0.2000000030
2444  -0.956  -94.017  -33.305 1.0000000000
2445  -1.064  -93.817  -32.688 1.0000000000
2447  -6.293  -93.337  -32.436 0.4000000060
2459  0.252  -94.439  -33.707 1.0000000000
2460  -6.204  -93.674  -33.386 0.6000000238
2461  -9.557  -93.088  -33.171 0.1000000015
2468  0.059  -93.669  -33.510 1.0000000000
2469  0.097  -93.967  -34.124 1.0000000000
2478  -2.119  -93.238  -34.229 0.8999999762
2480  -4.821  -93.718  -35.495 0.6000000238
2648  -0.932  -91.906  -7.823 0.6999999881
2663  -1.292  -92.395  -8.588 0.4000000060
2664  -2.169  -92.213  -8.723 0.3000000119
2678  -4.858  -92.720  -10.022 0.3000000119
2688  0.108  -93.284  -10.273 0.8999999762
2690  -5.398  -92.162  -10.578 0.1000000015
2735  -0.878  -92.338  -14.101 1.0000000000
2747  -1.357  -92.260  -15.162 1.0000000000
2764  -3.596  -93.155  -17.586 1.0000000000
2774  -6.330  -92.961  -19.118 1.0000000000
2777  -14.598  -92.263  -19.847 0.1000000015
2795  -1.833  -91.678  -22.562 1.0000000000
2827  -3.976  -91.607  -23.360 1.0000000000
2829  -9.386  -92.171  -23.652 1.0000000000
2833  -1.574  -91.583  -24.521 1.0000000000
2836  -3.719  -91.730  -23.922 1.0000000000
2895  -8.506  -91.868  -29.101 0.1000000015
2908  -6.879  -91.704  -30.846 0.2000000030
2909  -7.359  -92.066  -30.233 0.2000000030
2923  -5.938  -91.424  -31.940 0.3000000119
2938  -0.810  -93.056  -32.477 1.0000000000
2939  -5.469  -91.635  -32.677 0.4000000060
2942  -9.502  -92.342  -32.443 0.1000000015
2949  -1.154  -93.731  -33.080 1.0000000000
2958  -1.216  -93.724  -33.563 1.0000000000
2965  -1.859  -92.952  -34.154 0.8999999762
2967  -2.590  -91.925  -35.166 0.6999999881
2970  -7.306  -92.347  -36.256 0.1000000015
2974  -4.476  -92.357  -35.750 0.5000000000
3141  -1.095  -90.812  -6.067 0.5000000000
3142  -1.343  -90.944  -6.050 0.5000000000
3165  -0.853  -91.293  -7.173 0.6999999881
3228  -0.180  -91.217  -11.214 1.0000000000
3253  -0.857  -91.681  -13.505 1.0000000000
3279  -1.739  -91.141  -15.434 1.0000000000
3285  -2.653  -91.126  -16.333 1.0000000000
3291  -2.765  -91.860  -16.668 1.0000000000
3300  -5.553  -91.956  -17.961 1.0000000000
3311  -15.394  -91.883  -20.108 0.1000000015
3319  -3.509  -90.998  -21.096 1.0000000000
3325  -14.836  -92.084  -20.544 0.1000000015
3334  0.255  -90.982  -22.125 1.0000000000
3335  -0.174  -91.300  -21.909 1.0000000000
3337  -2.206  -91.404  -21.712 1.0000000000
3338  -3.547  -91.419  -22.236 1.0000000000
3340  -9.898  -91.918  -21.988 1.0000000000
3342  -15.174  -92.056  -21.068 0.1000000015
3353  -0.022  -91.216  -22.682 1.0000000000
3355  -4.261  -91.335  -22.617 1.0000000000
3365  -0.324  -90.927  -23.168 0.8999999762
3368  -6.171  -90.634  -23.707 1.0000000000
3370  -10.520  -90.743  -23.538 1.0000000000
3381  -5.760  -90.841  -24.310 1.0000000000
3384  -10.126  -90.904  -24.145 1.0000000000
3392  -1.261  -91.273  -25.355 1.0000000000
3398  -9.287  -90.785  -25.482 1.0000000000
3408  -0.821  -90.683  -26.185 1.0000000000
3409  -1.178  -91.040  -26.362 1.0000000000
3412  -4.033  -91.085  -26.001 1.0000000000
3424  -1.889  -90.825  -26.908 1.0000000000
3428  -7.885  -90.314  -27.063 1.0000000000
3463  -5.541  -90.978  -29.546 1.0000000000
3465  -8.731  -90.990  -29.429 0.1000000015
3481  -7.985  -90.796  -30.258 0.1000000015
3502  -0.698  -92.085  -32.302 1.0000000000
3503  -5.725  -90.706  -32.527 0.4000000060
3505  -8.304  -90.957  -32.097 0.1000000015
3527  -2.292  -91.296  -34.830 0.6999999881
3529  -3.515  -91.159  -36.015 0.6000000238
3532  -6.876  -91.483  -35.761 0.1000000015
3536  -4.115  -91.047  -36.345 0.5000000000
3721  -1.827  -89.970  -4.373 0.2000000030
3722  -2.257  -89.971  -3.965 0.1000000015
3731  -1.147  -90.088  -5.279 0.3000000119
3732  -1.599  -90.196  -4.969 0.2000000030
3741  -1.949  -90.982  -5.810 0.2000000030
3751  -0.830  -90.760  -6.514 0.6000000238
3774  -2.928  -90.345  -8.570 0.1000000015
3842  -1.171  -90.413  -14.611 1.0000000000
3851  -1.560  -90.416  -15.085 1.0000000000
3861  -2.503  -90.478  -16.013 1.0000000000
3870  -5.582  -90.709  -17.209 1.0000000000
3872  -9.207  -90.464  -17.739 1.0000000000
3876  -8.694  -91.083  -18.240 1.0000000000
3883  -1.427  -90.311  -19.836 1.0000000000
3886  -4.155  -89.785  -20.198 1.0000000000
3889  -11.881  -90.162  -20.130 1.0000000000
3893  -0.328  -90.543  -20.612 1.0000000000
3896  -3.816  -90.350  -20.670 1.0000000000
3899  -5.987  -89.901  -21.054 1.0000000000
3908  0.102  -90.913  -21.356 1.0000000000
3913  -12.042  -89.673  -21.688 1.0000000000
3918  0.242  -90.403  -22.424 0.8999999762
3919  -5.656  -90.615  -22.269 1.0000000000
3921  -7.367  -90.006  -22.718 1.0000000000
3922  -11.008  -90.412  -22.969 1.0000000000
3923  -11.576  -90.050  -22.422 1.0000000000
3944  -0.975  -90.805  -24.382 0.8000000119
3975  -8.374  -90.182  -26.467 1.0000000000
4007  -1.047  -89.524  -28.135 0.8999999762
4011  -6.883  -89.864  -27.929 1.0000000000
4016  -5.173  -90.117  -29.749 1.0000000000
4018  -8.567  -90.705  -30.097 0.1000000015
4029  -7.524  -90.733  -30.897 0.1000000015
4031  -8.914  -90.634  -30.498 0.1000000015
4042  -6.886  -90.718  -31.496 0.2000000030
4043  -8.149  -90.589  -31.422 0.1000000015
4044  -8.635  -90.600  -31.036 0.1000000015
4056  -7.091  -90.365  -32.355 0.2000000030
4057  -7.691  -90.571  -31.938 0.1000000015
4065  -5.641  -90.252  -33.267 0.3000000119
4071  -2.103  -89.956  -34.714 0.8000000119
4073  -6.222  -89.965  -34.716 0.3000000119
4099  -5.322  -90.046  -36.586 0.4000000060
4374  -3.381  -89.572  -8.486 0.1000000015
4387  0.119  -89.888  -8.795 0.8999999762
4409  -0.672  -89.768  -11.765 1.0000000000
4426  -1.013  -88.980  -13.847 1.0000000000
4459  -5.514  -89.507  -16.285 1.0000000000
4462  -8.381  -89.502  -16.822 1.0000000000
4472  -7.819  -90.007  -17.195 1.0000000000
4481  -0.956  -89.450  -18.882 1.0000000000
4489  -0.521  -89.599  -19.432 1.0000000000
4490  -0.988  -89.965  -19.331 1.0000000000
4494  -5.307  -88.978  -19.923 1.0000000000
4496  -12.414  -89.551  -19.782 1.0000000000
4499  0.274  -89.696  -21.036 1.0000000000
4502  -6.444  -89.270  -20.757 1.0000000000
4503  -7.310  -89.185  -20.914 1.0000000000
4505  -12.234  -89.789  -20.868 1.0000000000
4515  -9.059  -88.735  -21.559 1.0000000000
4516  -12.230  -88.883  -21.836 1.0000000000
4524  0.160  -89.873  -22.726 0.8999999762
4526  -2.822  -89.378  -22.533 0.5000000000
4527  -3.413  -89.163  -22.433 0.4000000060
4560  -9.059  -89.460  -24.628 1.0000000000
4571  -3.429  -89.353  -24.226 0.5000000000
4600  -7.188  -89.696  -27.315 1.0000000000
4621  -5.986  -89.872  -28.941 1.0000000000
4630  -4.049  -89.554  -30.135 1.0000000000
4638  -1.642  -89.474  -31.840 1.0000000000
4647  -6.421  -90.157  -32.900 0.3000000119
4652  -6.009  -89.909  -33.375 0.3000000119
4656  -1.637  -89.756  -34.157 0.8000000119
4659  -6.114  -89.824  -34.085 0.2000000030
4956  -2.070  -88.391  -2.637 0.1000000015
4969  -1.171  -89.011  -4.682 0.4000000060
4979  -0.306  -88.302  -5.723 0.5000000000
5012  0.128  -88.474  -8.230 1.0000000000
5019  -0.262  -88.383  -9.870 1.0000000000
5060  -1.390  -88.387  -14.034 1.0000000000
5061  -1.707  -88.528  -14.190 1.0000000000
5062  -2.656  -88.446  -14.270 1.0000000000
5071  -2.160  -89.077  -14.736 1.0000000000
5073  -4.110  -88.930  -15.171 1.0000000000
5074  -5.453  -88.461  -15.049 1.0000000000
5079  -11.170  -87.787  -15.583 1.0000000000
5089  -6.248  -88.859  -16.034 1.0000000000
5101  -0.257  -88.198  -18.296 0.8999999762
5103  -1.644  -87.727  -17.468 0.8999999762
5107  -11.932  -88.585  -17.271 1.0000000000
5122  0.113  -89.022  -19.705 1.0000000000
5124  -4.470  -88.552  -19.545 1.0000000000
5127  -8.520  -88.093  -20.095 1.0000000000
5137  -10.449  -87.941  -21.047 1.0000000000
5148  -12.431  -88.417  -21.346 1.0000000000
5164  -3.950  -88.732  -22.299 0.4000000060
5165  -4.790  -88.190  -22.377 0.1000000015
5167  -10.961  -88.628  -22.658 1.0000000000
5174  0.012  -89.333  -23.046 0.6999999881
5175  -0.558  -88.730  -23.224 0.5000000000
5186  -4.176  -88.822  -24.041 0.4000000060
5208  -0.498  -88.643  -26.843 1.0000000000
5244  -2.176  -87.964  -31.763 1.0000000000
5260  -3.213  -88.389  -34.131 0.6000000238
5281  -3.302  -88.531  -35.139 0.5000000000
5300  -3.953  -88.320  -36.064 0.6000000238
5502  -0.101  -87.720  -0.568 0.1000000015
5545  -1.708  -87.702  -3.509 0.4000000060
5559  -1.521  -87.488  -4.626 0.4000000060
5572  0.109  -87.213  -7.539 0.8999999762
5577  -0.081  -86.860  -8.214 0.8999999762
5583  -0.534  -87.692  -10.452 1.0000000000
5597  -0.763  -87.317  -12.029 1.0000000000
5609  -3.909  -87.337  -12.662 1.0000000000
5610  -4.792  -87.479  -12.667 1.0000000000
5611  -5.716  -87.396  -12.794 1.0000000000
5622  -1.321  -87.541  -13.481 1.0000000000
5625  -4.177  -87.763  -13.274 1.0000000000
5637  -2.137  -88.142  -14.007 1.0000000000
5659  -10.925  -87.105  -14.865 1.0000000000
5670  -0.553  -86.767  -17.009 0.8999999762
5671  -1.053  -86.744  -16.684 0.8999999762
5674  -12.580  -86.778  -17.237 1.0000000000
5681  -0.460  -87.387  -17.615 0.8999999762
5683  -1.687  -87.131  -16.962 0.8999999762
5685  -4.001  -86.756  -18.355 1.0000000000
5694  -5.420  -87.135  -19.155 1.0000000000
5697  -7.879  -86.832  -19.326 1.0000000000
5702  0.153  -88.436  -19.628 1.0000000000
5703  0.078  -87.696  -19.714 1.0000000000
5705  -6.199  -87.565  -19.556 1.0000000000
5709  -11.032  -87.014  -19.815 1.0000000000
5710  -11.911  -87.102  -19.998 1.0000000000
5724  0.226  -88.229  -21.302 0.8999999762
5738  -2.685  -88.395  -22.494 0.2000000030
5741  -5.335  -87.568  -22.177 0.1000000015
5768  -7.304  -87.033  -23.647 0.1000000015
5793  -0.585  -87.897  -26.942 0.6000000238
5800  -0.535  -87.603  -27.484 0.8000000119
5811  -0.478  -87.714  -27.922 0.8999999762
5859  -3.446  -87.184  -32.493 0.6999999881
5905  -4.970  -88.007  -36.521 0.6000000238
5906  -5.920  -87.719  -36.843 0.3000000119
6100  0.499  -86.441  -0.319 0.1000000015
6112  0.584  -86.273  -1.177 0.2000000030
6113  0.499  -86.751  -1.725 0.2000000030
6148  -0.261  -86.766  -3.095 0.4000000060
6171  -0.808  -86.754  -5.932 0.6000000238
6172  -1.615  -86.730  -5.116 0.5000000000
6181  -1.678  -85.963  -5.687 0.6000000238
6201  -0.730  -86.072  -9.320 1.0000000000
6209  -0.755  -86.073  -10.680 1.0000000000
6233  -0.744  -86.611  -12.156 1.0000000000
6238  -6.642  -86.859  -12.224 1.0000000000
6240  -8.492  -86.346  -12.592 1.0000000000
6248  -1.521  -86.869  -13.159 1.0000000000
6250  -3.141  -86.972  -12.900 1.0000000000
6252  -7.526  -86.902  -13.074 1.0000000000
6268  -10.609  -86.475  -14.278 1.0000000000
6290  -0.501  -85.990  -16.958 0.8999999762
6293  -4.051  -85.662  -17.490 1.0000000000
6307  -12.731  -86.420  -17.951 1.0000000000
6314  -7.703  -86.172  -18.993 1.0000000000
6318  -12.174  -86.096  -18.865 1.0000000000
6319  -12.607  -86.570  -18.640 1.0000000000
6323  -8.644  -86.945  -19.388 1.0000000000
6330  -0.427  -86.187  -22.100 0.4000000060
6341  -0.198  -86.714  -23.038 0.6999999881
6344  -5.328  -86.858  -21.915 0.1000000015
6346  -7.230  -86.307  -22.227 0.1000000015
6362  -3.244  -86.954  -22.967 0.2000000030
6363  -4.088  -86.550  -22.328 0.1000000015
6364  -7.725  -86.685  -22.737 0.1000000015
6370  -0.634  -86.287  -24.344 0.4000000060
6384  -6.047  -86.642  -26.095 0.2000000030
6396  -3.857  -86.743  -26.749 0.3000000119
6483  -4.714  -86.031  -34.302 0.4000000060
6743  0.484  -85.607  -1.482 0.2000000030
6762  0.587  -85.495  -2.666 0.3000000119
6763  -0.862  -86.240  -3.725 0.4000000060
6775  -0.640  -85.465  -4.105 0.4000000060
6788  -0.968  -86.008  -6.593 0.8000000119
6797  -1.134  -85.291  -7.293 0.8000000119
6817  -1.026  -85.377  -9.662 1.0000000000
6823  -0.874  -85.402  -10.375 1.0000000000
6825  -4.674  -85.595  -10.308 1.0000000000
6834  -0.654  -85.572  -10.909 1.0000000000
6835  -0.530  -85.458  -11.344 1.0000000000
6848  -1.058  -85.488  -12.316 1.0000000000
6875  -1.142  -84.911  -15.126 0.6999999881
6878  -10.597  -85.957  -13.926 1.0000000000
6890  -0.930  -85.275  -15.802 0.8999999762
6892  -2.877  -85.207  -15.424 1.0000000000
6893  -3.793  -84.984  -15.703 1.0000000000
6894  -11.104  -85.255  -14.452 1.0000000000
6901  -0.730  -85.568  -16.456 0.8999999762
6922  -6.646  -84.888  -18.968 1.0000000000
6927  -11.911  -85.376  -18.462 1.0000000000
6931  -1.121  -85.347  -20.026 0.5000000000
6982  -2.513  -85.696  -24.967 0.3000000119
7009  -5.770  -85.600  -27.235 0.2000000030
7048  -1.935  -85.007  -28.306 0.4000000060
7079  -3.080  -84.578  -30.661 0.5000000000
7121  -6.784  -84.540  -35.690 0.1000000015
7129  -7.264  -85.142  -35.946 0.1000000015
7365  -3.209  -84.050  -0.457 0.1000000015
7378  -0.871  -84.744  -0.726 0.1000000015
7380  -2.689  -84.268  -0.693 0.1000000015
7386  -0.441  -84.617  -1.334 0.2000000030
7388  -2.244  -84.299  -1.102 0.1000000015
7403  0.514  -84.916  -3.352 0.4000000060
7418  0.387  -84.320  -3.964 0.5000000000
7433  -1.360  -84.011  -5.234 0.6000000238
7441  -1.810  -84.400  -6.323 0.8000000119
7447  -0.899  -84.620  -8.017 0.8000000119
7460  -9.007  -84.528  -8.725 1.0000000000
7472  -3.921  -84.154  -9.542 1.0000000000
7473  -4.763  -84.524  -9.300 1.0000000000
7474  -5.641  -84.775  -9.217 1.0000000000
7475  -6.571  -84.927  -9.271 1.0000000000
7476  -7.517  -84.993  -9.395 1.0000000000
7477  -8.550  -84.982  -9.592 1.0000000000
7480  -0.978  -84.836  -10.031 1.0000000000
7481  -0.657  -84.513  -10.914 1.0000000000
7482  -1.418  -83.920  -10.774 1.0000000000
7489  -8.736  -85.415  -10.419 1.0000000000
7516  -0.604  -85.030  -11.931 1.0000000000
7530  -2.563  -83.932  -13.850 0.8999999762
7532  -10.406  -85.982  -12.668 1.0000000000
7550  -0.765  -84.669  -15.531 0.6999999881
7570  -4.839  -84.377  -17.329 1.0000000000
7577  -9.594  -84.354  -18.886 1.0000000000
7578  -10.633  -84.391  -18.580 1.0000000000
7584  -1.084  -84.846  -20.817 0.5000000000
7595  -0.836  -84.750  -21.608 0.4000000060
7618  -0.384  -84.831  -23.636 0.3000000119
7620  -6.478  -84.072  -23.252 0.1000000015
7633  -1.079  -85.074  -25.126 0.4000000060
7664  -4.232  -85.007  -27.751 0.2000000030
7693  -2.741  -84.144  -29.322 0.3000000119
7712  -3.371  -83.651  -31.056 0.3000000119
7735  -4.494  -83.219  -33.441 0.2000000030
7737  -6.674  -83.636  -33.866 0.1000000015
7996  -3.764  -83.436  -0.502 0.1000000015
8011  -0.437  -83.997  -1.735 0.2000000030
8012  -2.140  -83.829  -1.419 0.1000000015
8035  0.030  -83.634  -4.538 0.6000000238
8036  -0.460  -83.264  -5.179 0.6999999881
8038  -6.816  -83.293  -4.707 1.0000000000
8039  -7.664  -83.204  -4.652 1.0000000000
8054  -4.965  -83.205  -5.931 1.0000000000
8056  -6.580  -83.469  -5.439 1.0000000000
8058  -8.954  -83.287  -5.689 1.0000000000
8071  -0.944  -82.761  -7.054 0.8000000119
8073  -4.787  -83.270  -6.737 1.0000000000
8075  -6.459  -83.576  -6.082 1.0000000000
8085  -5.431  -83.596  -7.062 1.0000000000
8088  -8.592  -83.760  -7.080 1.0000000000
8101  -3.390  -82.724  -8.225 1.0000000000
8109  -11.546  -83.652  -8.574 1.0000000000
8121  -0.714  -83.424  -9.353 1.0000000000
8127  -11.143  -84.044  -9.231 1.0000000000
8131  -0.861  -84.169  -9.686 1.0000000000
8134  -1.946  -83.463  -10.167 1.0000000000
8135  -3.013  -83.743  -9.902 1.0000000000
8165  -2.640  -82.868  -12.842 0.8000000119
8167  -4.508  -82.743  -12.947 1.0000000000
8168  -4.939  -82.163  -12.571 1.0000000000
8178  -0.539  -82.942  -14.325 0.8000000119
8180  -1.801  -83.259  -13.316 0.8999999762
8191  -0.767  -83.636  -14.434 0.8000000119
8194  -11.504  -84.169  -14.668 1.0000000000
8198  -11.627  -84.281  -15.281 1.0000000000
8206  -1.106  -83.122  -16.605 0.6000000238
8257  -0.603  -83.883  -23.106 0.2000000030
8258  -0.819  -83.101  -23.026 0.2000000030
8318  -3.008  -83.848  -28.995 0.3000000119
8320  -4.664  -83.421  -28.781 0.2000000030
8321  -5.568  -83.681  -28.778 0.2000000030
8356  -3.718  -82.946  -31.484 0.2000000030
8357  -4.240  -82.805  -32.065 0.2000000030
8358  -5.438  -82.948  -31.964 0.1000000015
8382  -5.079  -82.869  -33.468 0.2000000030
8383  -5.953  -83.093  -33.377 0.2000000030
8619  -5.202  -82.161  1.264 0.1000000015
8640  -4.454  -82.287  0.006 0.1000000015
8657  0.345  -83.116  -2.448 0.6000000238
8659  -1.741  -83.146  -1.434 0.2000000030
8660  -2.513  -83.255  -1.304 0.2000000030
8669  0.467  -82.407  -2.839 0.6000000238
8670  -6.233  -82.334  -2.677 1.0000000000
8681  -5.810  -82.666  -3.478 1.0000000000
8697  -8.092  -82.849  -3.889 1.0000000000
8698  -9.592  -82.696  -4.398 1.0000000000
8712  -10.250  -82.540  -4.629 1.0000000000
8713  -11.155  -82.534  -5.664 1.0000000000
8743  -11.644  -82.947  -7.344 1.0000000000
8755  -1.437  -82.118  -8.739 1.0000000000
8756  -2.382  -82.205  -8.423 1.0000000000
8757  -12.147  -83.288  -8.737 1.0000000000
8766  -0.796  -82.718  -9.025 1.0000000000
8767  -1.123  -82.448  -9.193 1.0000000000
8769  -2.907  -82.793  -8.860 1.0000000000
8771  -13.058  -82.753  -9.946 1.0000000000
8786  -5.691  -81.752  -12.139 1.0000000000
8789  -12.238  -83.648  -12.044 1.0000000000
8798  -0.665  -81.806  -13.021 0.8000000119
8813  -1.671  -82.648  -12.784 0.8000000119
8829  -5.780  -81.909  -14.552 1.0000000000
8831  -11.974  -83.084  -14.406 1.0000000000
8842  -0.849  -82.208  -15.261 0.6999999881
8844  -5.871  -81.862  -15.604 1.0000000000
8858  -0.940  -82.685  -15.890 0.6000000238
8860  -5.494  -82.531  -16.210 1.0000000000
8873  -6.304  -81.814  -17.527 1.0000000000
9013  -3.855  -82.872  -30.684 0.3000000119
9015  -4.978  -82.818  -30.782 0.1000000015
9031  -4.119  -82.761  -31.347 0.3000000119
9032  -4.763  -82.738  -31.547 0.2000000030
9358  -5.013  -81.953  0.552 0.1000000015
9367  -1.602  -81.837  -0.463 0.3000000119
9381  0.100  -81.812  -1.363 0.6000000238
9384  -8.129  -81.521  -1.230 1.0000000000
9385  -8.850  -81.398  -1.360 1.0000000000
9402  -6.737  -81.895  -1.929 1.0000000000
9403  -7.675  -81.990  -1.839 1.0000000000
9416  0.460  -81.612  -3.312 0.6000000238
9422  -10.620  -81.779  -3.423 1.0000000000
9432  -3.722  -81.468  -4.621 0.8999999762
9435  -10.618  -82.091  -4.183 1.0000000000
9445  -0.015  -81.351  -6.062 0.8999999762
9446  -2.562  -80.936  -6.096 0.8999999762
9447  -3.491  -81.586  -5.484 0.8999999762
9464  -1.638  -80.781  -6.798 0.8999999762
9478  -3.274  -81.949  -7.182 1.0000000000
9482  -12.860  -82.112  -7.212 1.0000000000
9494  -7.866  -81.073  -8.641 1.0000000000
9509  -5.678  -81.249  -10.580 1.0000000000
9511  -7.670  -81.193  -10.350 1.0000000000
9513  -13.456  -82.330  -10.608 1.0000000000
9525  -3.602  -81.443  -11.466 1.0000000000
9527  -5.547  -81.423  -11.361 1.0000000000
9531  -8.689  -80.721  -10.564 1.0000000000
9545  -0.633  -81.627  -13.497 0.8000000119
9546  -0.862  -81.135  -13.636 0.6999999881
9563  -12.767  -81.478  -14.806 1.0000000000
9577  -11.270  -82.179  -16.104 1.0000000000
9578  -11.666  -81.702  -15.739 1.0000000000
9591  -10.817  -81.504  -16.825 1.0000000000
9609  -1.782  -81.449  -18.172 0.5000000000
9617  -1.579  -81.081  -19.636 0.4000000060
9637  -1.504  -81.598  -21.539 0.1000000015
9645  -1.935  -81.317  -22.386 0.1000000015
10111  -0.508  -80.351  0.451 0.6999999881
10114  -3.877  -80.691  0.640 0.1000000015
10115  -4.900  -81.170  0.671 0.1000000015
10124  0.083  -80.626  -0.528 0.8999999762
10126  -7.316  -80.326  -0.604 1.0000000000
10127  -8.008  -80.269  -0.623 1.0000000000
10138  -6.916  -80.757  -0.886 1.0000000000
10154  -3.971  -79.998  -2.675 1.0000000000
10202  -5.997  -80.298  -5.561 0.8999999762
10203  -6.816  -80.318  -5.656 0.8999999762
10204  -7.717  -80.154  -5.792 0.8999999762
10214  -0.449  -80.864  -6.319 0.8999999762
10221  -13.074  -81.222  -6.010 1.0000000000
10233  -5.939  -81.075  -7.013 0.8999999762
10239  -14.485  -80.443  -8.028 1.0000000000
10252  -14.159  -80.984  -8.657 1.0000000000
10257  -8.656  -80.756  -8.942 1.0000000000
10258  -9.348  -80.343  -9.389 1.0000000000
10261  -14.756  -80.313  -9.770 1.0000000000
10278  -0.961  -80.667  -11.607 0.8000000119
10282  -14.693  -80.250  -11.445 1.0000000000
10287  -9.846  -79.481  -12.338 1.0000000000
10295  -7.154  -80.629  -13.553 1.0000000000
10300  -14.466  -79.860  -13.359 1.0000000000
10308  -7.557  -80.119  -14.223 1.0000000000
10311  -12.993  -80.599  -15.260 1.0000000000
10325  -11.988  -80.555  -16.224 1.0000000000
10327  -13.311  -79.815  -15.354 1.0000000000
10358  -1.710  -80.649  -17.788 0.5000000000
10359  -7.351  -80.388  -17.684 1.0000000000
10361  -9.462  -79.929  -18.028 1.0000000000
10371  -8.870  -80.579  -18.341 1.0000000000
10380  -1.795  -80.556  -19.241 0.3000000119
10384  -5.215  -80.104  -19.900 0.1000000015
10392  -1.810  -80.722  -19.907 0.3000000119
10393  -2.412  -80.679  -20.512 0.2000000030
10395  -4.883  -80.413  -20.633 0.1000000015
10406  -3.382  -80.761  -21.499 0.1000000015
10408  -5.096  -80.277  -21.209 0.1000000015
10911  -6.037  -79.459  1.717 0.1000000015
10946  -9.164  -79.700  -1.222 1.0000000000
10953  0.214  -79.276  -2.330 0.8999999762
10954  -0.333  -78.838  -2.747 0.8999999762
10957  -4.327  -79.643  -1.923 1.0000000000
10976  -1.065  -79.189  -4.098 0.8999999762
10978  -3.275  -79.675  -3.038 1.0000000000
10980  -11.774  -79.256  -3.183 1.0000000000
10996  -1.742  -79.856  -5.059 0.8999999762
10998  -6.923  -79.561  -4.533 0.8000000119
11002  -13.373  -79.176  -4.774 1.0000000000
11007  -0.480  -79.927  -5.361 0.8999999762
11021  -8.464  -79.872  -5.922 0.8999999762
11024  -14.020  -80.102  -6.307 1.0000000000
11047  -2.873  -79.406  -8.312 0.8000000119
11049  -10.611  -79.269  -8.642 1.0000000000
11054  -1.778  -79.537  -9.672 0.8000000119
11055  -2.359  -79.496  -8.938 0.8000000119
11067  -1.152  -79.297  -10.608 0.8000000119
11071  -15.499  -78.878  -10.742 1.0000000000
11082  -15.016  -79.367  -11.956 1.0000000000
11091  -10.359  -79.093  -12.754 1.0000000000
11092  -11.068  -78.554  -13.152 1.0000000000
11111  -1.899  -79.209  -14.215 0.4000000060
11112  -8.730  -79.251  -14.559 1.0000000000
11124  -8.160  -79.249  -16.245 1.0000000000
11158  -4.683  -78.917  -17.385 0.2000000030
11159  -7.968  -79.692  -17.663 1.0000000000
11162  -10.042  -79.313  -17.702 1.0000000000
11169  -2.893  -79.664  -18.425 0.3000000119
11172  -5.481  -79.373  -19.019 0.1000000015
11183  -5.026  -79.857  -18.993 0.1000000015
11184  -5.520  -79.566  -19.874 0.1000000015
11193  -5.473  -79.471  -20.746 0.1000000015
11210  -4.304  -79.958  -22.732 0.1000000015
11708  -4.437  -78.765  1.442 0.2000000030
11726  0.218  -78.232  -0.641 0.8999999762
11727  -5.431  -78.313  -0.579 1.0000000000
11734  -0.351  -78.138  -1.367 0.8999999762
11739  -4.933  -79.194  -1.114 1.0000000000
11740  -7.012  -78.283  -0.564 1.0000000000
11742  -8.238  -78.411  -1.236 1.0000000000
11743  -8.886  -78.907  -1.373 1.0000000000
11755  -3.178  -78.810  -2.129 1.0000000000
11757  -10.518  -78.717  -2.431 1.0000000000
11772  -5.995  -78.484  -3.696 0.8000000119
11788  -7.408  -78.821  -4.304 0.8999999762
11804  -14.581  -78.313  -5.700 1.0000000000
11812  -10.595  -78.475  -6.974 1.0000000000
11813  -11.110  -78.170  -7.326 1.0000000000
11814  -14.748  -78.663  -6.220 1.0000000000
11824  -7.207  -78.051  -7.814 0.1000000015
11840  -15.793  -78.423  -8.479 1.0000000000
11845  -1.639  -78.500  -9.506 0.6000000238
11846  -1.816  -78.086  -9.178 0.4000000060
11848  -7.665  -78.047  -9.258 0.1000000015
11860  -1.301  -78.480  -10.067 0.6000000238
11861  -11.576  -78.438  -10.300 1.0000000000
11870  -15.169  -78.458  -12.291 1.0000000000
11880  -15.093  -77.649  -12.321 1.0000000000
11887  -11.259  -78.321  -13.960 1.0000000000
11891  -14.165  -78.182  -13.805 1.0000000000
11897  -10.612  -78.276  -15.427 1.0000000000
11912  -11.153  -78.099  -16.180 1.0000000000
11914  -12.695  -78.419  -15.714 1.0000000000
11923  -1.934  -78.424  -15.930 0.2000000030
11925  -9.143  -78.850  -17.396 1.0000000000
11928  -11.601  -78.515  -16.622 1.0000000000
11942  -9.672  -78.872  -17.487 1.0000000000
11944  -11.134  -78.781  -17.104 1.0000000000
11953  -5.119  -78.624  -17.690 0.1000000015
11978  -5.281  -78.484  -19.952 0.1000000015
12547  -1.974  -77.473  1.870 0.6999999881
12560  0.300  -77.594  0.463 0.8000000119
12567  0.287  -77.624  -0.184 0.8999999762
12569  -4.509  -76.942  -0.704 1.0000000000
12580  -0.915  -77.382  -1.179 0.8999999762
12608  -4.233  -77.483  -3.717 0.8000000119
12610  -6.469  -77.605  -3.745 0.8999999762
12625  -12.834  -77.403  -3.868 1.0000000000
12635  -4.089  -78.202  -4.704 0.4000000060
12636  -8.627  -77.978  -4.841 1.0000000000
12637  -9.200  -77.669  -5.266 1.0000000000
12640  -14.627  -77.720  -5.427 1.0000000000
12654  -15.520  -77.566  -6.562 1.0000000000
12665  -11.493  -77.628  -7.467 1.0000000000
12674  -3.138  -78.113  -8.413 0.5000000000
12689  -2.611  -77.388  -9.056 0.5000000000
12698  -16.158  -77.514  -9.916 1.0000000000
12708  -1.347  -77.606  -10.312 0.3000000119
12713  -12.892  -77.377  -11.004 1.0000000000
12723  -13.995  -77.155  -12.238 1.0000000000
12725  -15.389  -77.394  -11.663 1.0000000000
12731  -1.241  -76.785  -12.242 0.4000000060
12741  -13.396  -77.762  -13.563 1.0000000000
12742  -13.871  -77.819  -13.601 1.0000000000
12743  -14.281  -77.798  -13.280 1.0000000000
13379  -0.474  -76.235  1.581 0.8000000119
13382  -3.855  -76.619  1.746 0.4000000060
13383  -4.941  -76.451  1.781 0.1000000015
13391  0.259  -76.861  0.759 0.8000000119
13411  -1.380  -76.577  -1.029 0.8999999762
13413  -3.918  -76.410  -0.872 1.0000000000
13414  -4.699  -76.188  -0.910 1.0000000000
13416  -6.593  -76.840  -1.113 1.0000000000
13418  -7.895  -76.936  -1.915 1.0000000000
13423  -8.066  -75.920  -2.406 1.0000000000
13424  -8.693  -76.406  -2.493 1.0000000000
13436  -5.102  -76.954  -3.588 0.8000000119
13438  -10.986  -76.742  -3.134 1.0000000000
13440  -12.684  -76.635  -3.519 1.0000000000
13448  -2.958  -76.905  -4.277 0.6000000238
13466  -14.592  -76.959  -5.121 1.0000000000
13476  -2.341  -75.891  -6.235 0.4000000060
13484  -16.471  -75.763  -7.345 1.0000000000
13498  -16.030  -77.144  -7.167 1.0000000000
13510  -16.435  -76.068  -8.720 1.0000000000
13520  -2.113  -76.793  -9.642 0.2000000030
13528  -15.885  -75.999  -9.945 1.0000000000
13540  -1.717  -76.333  -10.244 0.2000000030
13550  -14.908  -76.258  -10.739 1.0000000000
13564  -15.185  -76.709  -11.307 1.0000000000
13577  -1.460  -76.194  -13.028 0.2000000030
14174  0.222  -76.146  1.031 0.8000000119
14186  0.279  -75.648  0.073 0.8000000119
14187  -9.383  -75.397  0.397 1.0000000000
14188  -10.066  -75.477  0.332 1.0000000000
14200  -0.145  -75.467  -0.348 0.8999999762
14219  -11.114  -75.685  -1.203 1.0000000000
14220  -11.775  -75.382  -1.233 1.0000000000
14240  -5.029  -75.867  -3.654 0.8000000119
14251  -2.688  -76.177  -4.130 0.6000000238
14253  -6.703  -76.077  -4.038 0.8999999762
14254  -7.507  -75.584  -4.469 0.8999999762
14268  -10.416  -75.686  -5.888 1.0000000000
14276  -1.773  -75.255  -6.186 0.1000000015
14280  -11.494  -75.639  -6.722 1.0000000000
14297  -16.496  -75.562  -8.079 1.0000000000
14309  -16.017  -75.058  -8.988 1.0000000000
14322  -16.158  -75.677  -9.299 1.0000000000
14333  -2.008  -75.602  -10.649 0.1000000015
14344  -2.472  -74.984  -11.185 0.1000000015
14359  -1.714  -75.032  -12.420 0.2000000030
14403  -2.379  -75.393  -15.013 0.1000000015
14953  -2.970  -74.153  2.877 0.5000000000
14969  -5.089  -74.661  2.752 0.1000000015
14979  0.301  -75.454  0.650 0.8000000119
14995  -10.528  -75.087  0.402 1.0000000000
15007  -0.367  -74.766  -0.434 0.8999999762
15008  -1.140  -74.596  -0.871 0.8000000119
15011  -8.619  -74.995  0.283 1.0000000000
15022  -4.433  -74.741  -1.265 1.0000000000
15023  -6.082  -74.018  -1.589 1.0000000000
15025  -8.817  -74.714  -1.837 1.0000000000
15026  -9.510  -75.332  -1.425 1.0000000000
15034  -12.188  -75.064  -1.400 1.0000000000
15042  -3.178  -74.729  -3.628 0.8999999762
15051  -1.667  -74.359  -4.090 0.8999999762
15056  -7.254  -74.713  -4.692 1.0000000000
15066  -1.210  -74.489  -4.890 0.6000000238
15068  -8.584  -74.817  -5.084 1.0000000000
15071  -15.146  -74.166  -4.889 1.0000000000
15079  -1.204  -74.514  -5.948 0.3000000119
15110  -14.278  -73.850  -8.462 1.0000000000
15125  -15.467  -74.946  -9.130 1.0000000000
15809  -4.079  -72.969  3.937 0.1000000015
15819  -0.802  -73.700  3.040 0.6000000238
15829  -7.734  -73.748  1.732 0.8999999762
15830  -8.427  -73.996  1.844 1.0000000000
15842  -9.714  -74.198  1.343 1.0000000000
15855  -0.583  -73.578  -0.302 0.8000000119
15868  -3.430  -73.568  -1.152 1.0000000000
15871  -6.671  -73.158  -1.180 0.8999999762
15873  -11.442  -74.496  -0.589 1.0000000000
15880  -12.207  -74.342  -1.891 1.0000000000
15889  -2.918  -73.971  -3.565 0.8999999762
15893  -12.987  -73.802  -3.154 1.0000000000
15902  -4.262  -73.182  -4.024 0.8999999762
15908  -14.679  -73.576  -4.628 1.0000000000
15933  -15.627  -73.058  -6.783 1.0000000000
15955  -13.966  -73.023  -8.297 1.0000000000
16666  -2.729  -72.147  4.481 0.1000000015
16667  -3.867  -72.410  4.634 0.1000000015
16689  -6.933  -72.394  2.612 0.8999999762
16690  -7.597  -72.872  2.474 1.0000000000
16691  -8.267  -72.862  2.475 1.0000000000
16702  -0.333  -72.043  1.240 0.6999999881
16728  -0.582  -72.720  -0.008 0.8999999762
16729  -1.029  -71.859  -0.008 0.8999999762
16746  -5.708  -72.713  -0.925 0.8999999762
16766  -12.219  -73.164  -3.716 1.0000000000
16775  -10.594  -72.214  -3.777 1.0000000000
16789  -7.941  -72.793  -6.070 1.0000000000
16792  -14.852  -72.401  -5.789 1.0000000000
16802  -8.368  -72.336  -6.802 1.0000000000
16805  -14.739  -72.101  -6.668 1.0000000000
16812  -8.816  -71.770  -7.462 1.0000000000
16815  -11.325  -72.529  -7.999 1.0000000000
16817  -13.936  -72.175  -8.029 1.0000000000
16819  -15.344  -72.853  -7.273 1.0000000000
16829  -10.978  -71.680  -8.278 1.0000000000
16831  -13.202  -72.413  -8.284 1.0000000000
16850  -1.767  -72.134  -10.181 0.1000000015
17531  -3.430  -71.661  6.076 0.1000000015
17560  -0.685  -70.788  4.342 0.3000000119
17561  -1.199  -71.204  4.477 0.3000000119
17571  -0.542  -71.244  3.876 0.4000000060
17583  -7.164  -71.632  2.923 1.0000000000
17599  -9.407  -71.639  1.736 1.0000000000
17600  -10.124  -71.363  1.160 1.0000000000
17616  -6.200  -71.984  1.191 0.8999999762
17629  -1.941  -71.666  -0.322 0.8999999762
17630  -3.011  -71.576  -0.317 0.8999999762
17631  -3.974  -71.617  -0.215 0.8999999762
17632  -4.821  -71.832  -0.203 0.8999999762
17647  -10.962  -71.464  -1.238 1.0000000000
17664  -1.988  -72.126  -2.899 0.8999999762
17665  -2.860  -71.710  -3.079 0.8999999762
17674  -4.352  -71.265  -4.084 0.8999999762
17678  -10.924  -71.666  -4.547 1.0000000000
17686  -5.503  -71.257  -5.323 1.0000000000
17691  -12.384  -70.966  -5.837 1.0000000000
17701  -6.789  -70.613  -6.486 1.0000000000
17715  -8.548  -71.021  -7.647 1.0000000000
17719  -13.538  -71.420  -7.662 1.0000000000
17727  -10.208  -70.675  -8.153 1.0000000000
17729  -11.426  -71.096  -8.389 1.0000000000
18415  -2.094  -70.359  6.099 0.1000000015
18426  -0.650  -70.204  4.649 0.3000000119
18446  -7.457  -70.872  2.777 0.8999999762
18456  -4.471  -70.279  2.099 0.8999999762
18457  -5.050  -70.904  1.979 0.8999999762
18459  -9.873  -70.728  1.455 1.0000000000
18488  -13.266  -70.279  -0.969 1.0000000000
18499  -10.806  -71.235  -1.934 1.0000000000
18510  -1.579  -70.704  -2.862 0.8000000119
18514  -10.584  -70.692  -2.637 1.0000000000
18557  -7.461  -70.194  -6.920 1.0000000000
18560  -13.075  -70.914  -7.401 1.0000000000
18570  -2.768  -70.884  -7.565 0.1000000015
18571  -8.191  -69.907  -7.241 1.0000000000
18575  -11.212  -70.215  -7.709 1.0000000000
18576  -12.477  -70.735  -7.815 1.0000000000
18583  -10.975  -70.553  -8.194 1.0000000000
19301  -0.548  -69.797  2.216 0.6000000238
19302  -4.069  -68.893  2.560 0.8999999762
19303  -4.705  -69.692  2.659 0.8999999762
19304  -5.597  -69.940  2.855 0.8999999762
19314  -0.623  -69.693  1.260 0.8000000119
19320  -8.660  -69.853  1.805 1.0000000000
19332  -0.798  -69.628  0.903 0.8999999762
19335  -3.013  -69.511  0.886 0.8999999762
19338  -11.849  -69.758  0.537 1.0000000000
19339  -12.601  -69.820  0.073 1.0000000000
19349  -13.178  -69.838  -0.497 1.0000000000
19351  -14.030  -69.051  -1.219 1.0000000000
19359  -13.532  -70.135  -1.647 1.0000000000
19370  -6.597  -68.632  -2.752 1.0000000000
19371  -7.458  -68.307  -2.295 1.0000000000
19373  -9.770  -68.547  -2.401 1.0000000000
19374  -10.638  -69.050  -2.487 1.0000000000
19378  -14.089  -69.780  -2.400 1.0000000000
19384  -0.829  -69.178  -3.410 0.6999999881
19385  -0.960  -69.494  -3.011 0.6999999881
19392  -14.404  -69.402  -2.964 1.0000000000
19399  -0.828  -69.232  -4.160 0.6000000238
19403  -8.375  -69.191  -4.476 1.0000000000
19412  -5.907  -69.753  -5.004 1.0000000000
19417  -9.992  -69.620  -6.205 1.0000000000
19432  -9.340  -69.462  -6.777 1.0000000000
19434  -10.641  -69.879  -7.275 1.0000000000
19442  -3.767  -69.462  -7.458 0.1000000015
19444  -9.851  -69.779  -7.365 1.0000000000
19453  -1.910  -69.809  -8.928 0.1000000015
20127  -0.649  -68.337  4.425 0.4000000060
20147  -0.557  -68.196  2.169 0.8000000119
20160  -0.491  -68.121  1.170 0.6999999881
20161  -2.511  -68.090  1.093 0.8999999762
20162  -3.383  -68.424  1.928 0.8999999762
20163  -5.040  -68.108  2.239 0.8999999762
20177  -0.923  -68.790  0.778 0.8999999762
20181  -9.403  -68.597  1.027 1.0000000000
20183  -11.174  -68.895  0.707 1.0000000000
20204  -3.224  -68.609  -2.701 0.6999999881
20232  -14.560  -68.702  -3.866 1.0000000000
20982  -0.751  -67.079  3.438 0.5000000000
21008  -6.738  -68.082  1.223 1.0000000000
21012  -0.500  -67.335  1.069 0.8000000119
21013  -0.800  -67.102  0.839 0.8999999762
21015  -4.642  -67.005  1.208 0.8999999762
21016  -5.518  -67.143  0.903 0.8999999762
21018  -8.122  -67.304  0.579 1.0000000000
21020  -10.298  -67.509  0.549 1.0000000000
21021  -11.080  -67.343  0.426 1.0000000000
21022  -11.796  -67.315  0.194 1.0000000000
21042  -3.078  -67.677  -2.757 0.6999999881
21045  -6.367  -67.600  -2.393 1.0000000000
21046  -7.182  -67.427  -2.066 1.0000000000
21047  -8.080  -67.328  -1.916 1.0000000000
21052  -15.254  -67.809  -2.974 1.0000000000
21061  -0.943  -67.923  -3.251 0.6000000238
21062  -1.178  -67.201  -3.281 0.6000000238
21066  -15.471  -67.623  -3.678 1.0000000000
21074  -1.052  -67.530  -4.460 0.4000000060
21075  -13.395  -67.573  -4.327 1.0000000000
21859  -1.552  -66.232  4.453 0.3000000119
21887  -1.118  -65.862  3.710 0.3000000119
21914  -3.053  -66.889  1.204 0.8999999762
21915  -3.776  -66.955  1.445 0.8999999762
21921  -1.063  -66.106  0.738 0.8000000119
21926  -6.541  -66.705  0.232 1.0000000000
21929  -9.165  -66.415  0.307 1.0000000000
21943  -14.533  -66.569  -1.873 1.0000000000
21952  -1.554  -66.810  -3.034 0.6999999881
21953  -2.532  -65.981  -3.063 0.6999999881
21955  -4.901  -67.232  -2.933 0.8000000119
21956  -5.801  -67.055  -2.866 1.0000000000
21971  -0.923  -67.257  -3.739 0.6000000238
21973  -1.754  -66.051  -3.183 0.6999999881
21974  -4.388  -66.616  -3.417 0.8999999762
21978  -8.421  -66.088  -3.655 1.0000000000
21980  -10.584  -66.400  -3.087 1.0000000000
21981  -11.432  -66.573  -3.332 1.0000000000
21998  -7.741  -66.105  -4.107 1.0000000000
22773  -2.623  -65.980  4.835 0.1000000015
22791  -2.424  -65.542  4.244 0.1000000015
22813  -2.078  -64.957  3.744 0.1000000015
22815  -4.467  -65.281  3.776 0.1000000015
22832  -0.494  -65.822  1.564 0.6999999881
22833  -1.120  -64.774  2.475 0.4000000060
22849  -0.763  -65.089  1.175 0.6999999881
22855  -1.118  -65.159  0.760 0.8000000119
22856  -2.232  -64.969  0.113 0.8999999762
22858  -4.497  -65.745  -0.037 0.8999999762
22860  -7.799  -66.086  -0.059 1.0000000000
22863  -10.915  -65.845  0.311 1.0000000000
22877  -12.839  -65.620  -0.351 1.0000000000
22886  -14.221  -65.685  -1.466 1.0000000000
22900  -16.051  -65.705  -3.259 1.0000000000
22918  -9.123  -65.951  -3.727 1.0000000000
22948  -6.910  -65.319  -5.708 0.8999999762
22949  -7.866  -65.590  -5.461 1.0000000000
22965  -15.924  -65.091  -5.984 1.0000000000
23754  -2.617  -64.577  3.254 0.4000000060
23767  -2.215  -64.081  2.732 0.3000000119
23769  -4.026  -64.239  2.699 0.3000000119
23804  -1.812  -63.769  -0.020 0.8000000119
23806  -3.242  -64.372  -0.639 0.8999999762
23809  -6.848  -65.043  -1.041 1.0000000000
23810  -7.705  -64.930  -0.850 1.0000000000
23811  -8.509  -64.750  -0.687 1.0000000000
23833  -9.630  -64.074  -0.967 1.0000000000
23836  -13.841  -64.718  -1.125 1.0000000000
23862  -2.431  -64.617  -3.513 0.8000000119
23895  -6.804  -63.874  -6.452 1.0000000000
23896  -7.658  -64.245  -6.552 0.8999999762
23902  -13.093  -64.047  -6.370 1.0000000000
23906  -17.206  -64.488  -6.078 1.0000000000
24679  -5.212  -63.580  2.036 0.1000000015
24698  -2.156  -63.150  1.041 0.6999999881
24701  -5.375  -62.964  1.545 0.3000000119
24719  -1.988  -63.209  0.312 0.6999999881
24732  -2.423  -63.156  -0.274 0.6999999881
24734  -10.906  -64.148  -0.526 1.0000000000
24748  -2.886  -62.895  -0.904 0.8000000119
24749  -3.524  -63.090  -1.365 0.8000000119
24750  -4.273  -63.209  -2.067 0.8000000119
24751  -4.932  -63.778  -2.189 0.8999999762
24769  -5.121  -63.149  -2.680 0.8999999762
24770  -5.962  -63.391  -3.046 1.0000000000
24785  -2.340  -63.924  -3.693 0.4000000060
24789  -9.297  -62.984  -3.185 1.0000000000
24791  -16.476  -62.793  -3.075 1.0000000000
24793  -17.834  -63.349  -3.500 1.0000000000
24800  -2.309  -63.248  -3.972 0.3000000119
24810  -1.580  -63.366  -4.934 0.2000000030
24817  -1.720  -62.821  -5.462 0.1000000015
24818  -1.937  -63.165  -6.350 0.1000000015
24829  -17.581  -63.776  -6.314 1.0000000000
24830  -18.503  -63.953  -5.820 1.0000000000
25598  -5.905  -61.845  0.848 0.1000000015
25604  -2.875  -62.706  -0.358 0.6000000238
25605  -3.359  -62.398  -0.669 0.8000000119
25621  -5.183  -62.332  -2.794 0.8000000119
25622  -5.641  -62.733  -3.174 0.8000000119
25623  -11.148  -62.800  -2.803 1.0000000000
25635  -7.979  -62.465  -4.205 0.8000000119
25639  -12.114  -62.289  -3.919 1.0000000000
25643  -17.260  -62.764  -3.358 1.0000000000
25649  -3.411  -62.360  -4.477 0.6999999881
25666  -20.421  -62.242  -5.379 1.0000000000
25673  -5.833  -62.263  -6.115 0.8000000119
25675  -7.355  -62.517  -6.952 1.0000000000
25693  -7.172  -61.868  -7.104 1.0000000000
26469  -6.583  -61.266  0.698 0.4000000060
26470  -7.225  -61.230  1.114 0.1000000015
26499  -4.476  -61.598  -0.512 0.6000000238
26516  -4.767  -61.849  -2.224 0.6999999881
26523  -7.093  -61.314  -4.182 0.8000000119
26526  -15.805  -62.272  -3.550 0.8999999762
26534  -2.494  -61.595  -4.842 0.6000000238
26535  -2.998  -61.491  -4.631 0.6000000238
26536  -3.663  -61.690  -4.780 0.6999999881
26541  -11.101  -61.303  -4.881 1.0000000000
26569  -14.726  -61.402  -6.584 1.0000000000
26584  -10.047  -61.215  -7.809 1.0000000000
27325  -7.680  -60.529  -0.107 0.2000000030
27345  -7.289  -60.300  -0.890 0.2000000030
27359  -6.216  -60.457  -1.947 0.6999999881
27360  -6.883  -60.117  -1.726 0.6000000238
27363  -6.232  -60.692  -2.655 0.6999999881
27370  -6.666  -60.761  -3.387 0.6999999881
27378  -8.519  -60.549  -4.761 0.6999999881
27381  -14.274  -60.468  -4.471 0.8999999762
27397  -2.983  -60.204  -5.078 0.4000000060
27405  -2.762  -59.890  -5.737 0.3000000119
27408  -7.312  -60.339  -7.165 0.6999999881
27410  -15.077  -60.626  -6.685 1.0000000000
27438  -10.776  -59.854  -8.187 1.0000000000
28211  -10.342  -59.569  -0.648 0.2000000030
28217  -8.656  -58.908  -1.392 0.2000000030
28232  -7.251  -59.768  -3.283 0.5000000000
28249  -9.529  -59.502  -4.967 0.6999999881
28267  -3.935  -59.153  -5.301 0.5000000000
28303  -13.236  -59.486  -7.565 1.0000000000
28305  -15.864  -59.398  -6.963 1.0000000000
29125  -14.088  -58.380  -3.781 0.6999999881
29126  -14.639  -58.628  -3.305 0.8999999762
29131  -23.533  -57.646  -3.940 0.8999999762
29138  -9.102  -58.161  -4.326 0.6999999881
29177  -3.680  -57.941  -6.854 0.1000000015
29181  -10.598  -58.422  -7.827 0.8000000119
29185  -15.175  -58.368  -7.395 1.0000000000
29190  -22.039  -58.367  -7.304 1.0000000000
29200  -10.689  -59.070  -8.192 0.8000000119
29998  -10.066  -57.006  -1.523 0.1000000015
30008  -9.066  -57.095  -2.949 0.5000000000
30021  -9.226  -57.210  -3.662 0.6000000238
30936  -11.598  -55.706  -1.136 0.1000000015
30945  -10.572  -55.600  -2.464 0.3000000119
30962  -10.327  -56.159  -3.840 0.6000000238
30987  -11.654  -56.599  -4.786 0.6999999881
31018  -4.998  -56.344  -6.018 0.1000000015
31042  -13.905  -56.149  -7.168 0.8000000119
31079  -18.767  -56.241  -8.901 1.0000000000
32033  -14.094  -55.385  -4.550 0.6000000238
32081  -12.665  -55.104  -6.863 0.6000000238
32100  -16.554  -55.231  -8.149 0.8999999762
32118  -20.637  -55.627  -9.876 1.0000000000
32991  -11.306  -54.779  -3.219 0.5000000000
33037  -12.342  -54.641  -4.231 0.6000000238
33911  -12.440  -53.740  -3.231 0.4000000060
33913  -13.755  -52.865  -4.133 0.4000000060
33936  -14.023  -53.244  -4.588 0.6000000238
33997  -25.709  -53.357  -6.566 0.5000000000
34037  -15.393  -52.879  -11.356 0.5000000000
34819  -15.371  -52.676  -4.424 0.3000000119
34824  -25.490  -52.214  -4.932 0.4000000060
34844  -25.798  -52.428  -5.684 0.4000000060
35781  -14.794  -51.840  -2.439 0.1000000015
35900  -11.576  -51.627  -9.041 0.2000000030
36897  -25.186  -50.652  -4.894 0.3000000119
36940  -25.633  -50.746  -7.454 0.5000000000
38960  -14.699  -48.293  -12.772 0.1000000015
39900  -11.159  -46.262  -10.935 0.1000000015
129036  -7.397  -73.814  -1.548 1.0000000000
129228  -9.496  -89.374  -24.074 1.0000000000
129388  -1.632  -75.462  -12.890 0.2000000030
129436  -1.865  -92.003  -23.359 1.0000000000
129753  -1.674  -72.757  -7.679 0.1000000015
129871  -8.119  -101.074  -23.087 0.2000000030
130001  -6.593  -84.003  -18.883 1.0000000000
130120  -10.660  -56.534  -1.367 0.2000000030
130152  -3.571  -77.256  -5.744 0.5000000000
130218  -14.853  -53.848  -10.267 0.5000000000
130385  -10.502  -85.261  -11.277 1.0000000000
130535  -7.209  -77.107  -1.295 1.0000000000
130537  -16.141  -74.591  -6.308 1.0000000000
130566  -10.092  -72.294  -0.988 1.0000000000
130630  -5.122  -91.621  -35.029 0.5000000000
130915  0.144  -91.276  -9.943 1.0000000000
131039  -12.395  -76.601  -7.907 1.0000000000
131260  0.107  -89.519  -20.146 1.0000000000
131298  -1.075  -89.722  -14.176 1.0000000000
131376  -6.989  -82.577  -18.702 1.0000000000
131563  -14.906  -79.789  -8.257 1.0000000000
131702  -3.578  -79.210  -17.452 0.2000000030
131817  -2.975  -99.955  -24.956 0.5000000000
131869  -12.446  -67.358  -0.141 1.0000000000
132120  -1.628  -79.102  -3.612 0.8999999762
132444  -1.375  -64.842  -5.220 0.2000000030
132504  -13.341  -99.763  -20.571 0.1000000015
132565  -16.605  -98.951  -27.118 0.1000000015
132637  -1.053  -70.239  -3.147 0.8000000119
132667  -0.587  -68.770  4.923 0.3000000119
132698  -5.144  -62.052  0.707 0.4000000060
132717  -15.250  -52.265  -11.665 0.5000000000
132876  -11.488  -99.196  -25.243 0.2000000030
132944  -11.063  -90.950  -21.210 1.0000000000
133032  -2.676  -90.555  -6.199 0.1000000015
133093  -5.358  -78.882  -20.744 0.1000000015
133109  -2.489  -88.464  -18.497 1.0000000000
133238  -8.856  -101.173  -21.607 0.2000000030
133334  -1.345  -76.719  -10.612 0.3000000119
133666  -10.855  -69.937  -2.560 1.0000000000
133778  -0.663  -96.425  -14.919 0.6999999881
133817  0.372  -89.766  -22.067 1.0000000000
133893  -0.423  -69.852  4.267 0.4000000060
133963  -0.283  -92.384  -9.046 0.8999999762
134110  -2.335  -75.940  -15.558 0.1000000015
134115  -4.599  -91.302  -24.588 1.0000000000
134213  -1.725  -79.902  -16.340 0.4000000060
134246  -2.415  -85.314  -11.543 1.0000000000
134367  -13.122  -75.930  -3.429 1.0000000000
134435  -13.520  -57.036  -7.443 0.8000000119
134592  -5.963  -70.796  2.887 0.8999999762
134675  -1.280  -69.931  5.523 0.2000000030
134830  -9.637  -89.088  -23.354 1.0000000000
134970  -6.389  -100.550  -25.217 0.3000000119
135222  -0.612  -78.409  -2.075 0.8999999762
135555  -17.193  -99.003  -24.883 0.1000000015
135646  -11.502  -100.821  -20.427 0.1000000015
135815  -5.385  -99.390  -27.055 0.6000000238
135951  -0.977  -90.912  -23.786 0.8999999762
136023  -0.726  -89.702  -5.664 0.5000000000
136134  -12.077  -65.251  -0.004 1.0000000000
136143  -7.672  -81.120  -11.327 1.0000000000
136145  -1.231  -90.011  -32.193 1.0000000000
136575  -11.350  -96.925  -21.302 0.1000000015
136706  -5.867  -87.634  -23.728 0.2000000030
137036  -8.238  -80.329  -12.541 1.0000000000
137038  -9.783  -96.686  -22.663 0.2000000030
137090  -0.587  -81.556  -0.579 0.4000000060
137131  -1.755  -80.539  -14.068 0.6000000238
137149  -3.403  -63.079  -4.135 0.6000000238
137167  -14.246  -75.862  -4.347 1.0000000000
137422  -0.307  -82.544  -5.589 0.6999999881
137490  -6.151  -88.495  -15.381 1.0000000000
137589  -4.677  -69.033  -2.857 1.0000000000
137625  -1.727  -81.763  -19.045 0.5000000000
137660  -15.980  -99.242  -23.789 0.1000000015
137900  -0.380  -71.293  3.261 0.6000000238
138039  -3.947  -95.876  -32.976 1.0000000000
138070  -11.960  -70.375  -7.491 1.0000000000
138168  -5.500  -101.024  -24.248 0.3000000119
138198  -1.887  -90.559  -5.260 0.2000000030
138318  -4.291  -75.254  2.122 0.1000000015
138332  -5.605  -101.019  -22.032 0.2000000030
138482  -1.538  -96.578  -29.564 0.8999999762
138497  -12.177  -70.426  -6.736 1.0000000000
138627  -13.057  -57.966  -4.572 0.6999999881
138656  -0.368  -71.348  2.474 0.8000000119
138834  -12.113  -100.009  -26.494 0.2000000030
138840  -0.650  -89.001  -5.357 0.5000000000
138891  -3.975  -95.027  -26.176 1.0000000000
138904  -8.790  -92.883  -22.249 1.0000000000
138916  -12.639  -55.838  -4.666 0.6999999881
139125  -8.802  -98.874  -30.516 0.6000000238
139252  -7.975  -99.332  -28.766 0.5000000000
139268  -8.033  -69.290  -6.206 1.0000000000
139326  -2.947  -94.730  -20.929 1.0000000000
139535  -1.870  -92.416  -15.917 1.0000000000
139748  -9.340  -99.296  -27.359 0.3000000119
139811  -6.073  -100.889  -20.619 0.2000000030
139920  -3.723  -94.880  -10.777 0.4000000060
140005  -0.199  -72.120  2.117 0.8000000119
140010  -6.122  -87.043  -12.327 1.0000000000
140199  -1.792  -95.417  -24.840 1.0000000000
140355  -3.721  -77.209  -0.858 1.0000000000
140433  -1.560  -69.896  -2.792 0.6999999881
140583  -11.573  -83.095  -16.189 1.0000000000
140592  -8.240  -98.888  -24.753 0.3000000119
140607  -6.776  -101.054  -20.776 0.2000000030
140653  -6.483  -90.439  -23.250 1.0000000000
140754  -0.283  -87.133  -23.511 0.6000000238
140925  -1.137  -93.027  -15.064 1.0000000000
140928  -1.349  -73.880  -0.833 0.8999999762
140940  0.430  -80.894  -2.822 0.8999999762
141037  -11.215  -58.206  -0.709 0.1000000015
141510  -7.306  -100.914  -20.284 0.1000000015
141529  -3.132  -91.291  -21.679 1.0000000000
141648  -11.224  -78.772  -9.084 1.0000000000
141744  -8.061  -76.140  -4.495 1.0000000000
141791  -0.615  -80.296  -5.961 0.8999999762
142095  0.086  -95.019  -33.133 1.0000000000
142253  -16.075  -98.919  -27.457 0.1000000015
142255  -18.046  -60.353  -6.736 1.0000000000
142267  -3.217  -82.451  -12.534 0.8999999762
142334  -3.952  -94.585  -11.557 0.1000000015
142419  -6.000  -88.326  -19.852 1.0000000000
142500  0.011  -97.943  -24.010 1.0000000000
142554  0.010  -90.409  -7.842 0.6999999881
142668  -13.218  -59.299  -4.421 0.6999999881
142837  -12.765  -96.159  -20.061 0.1000000015
142845  -7.681  -89.633  -22.253 1.0000000000
142860  -3.299  -77.341  -16.716 0.1000000015
142934  -12.223  -97.662  -24.318 0.2000000030
143116  -0.815  -78.626  1.402 0.8000000119
143153  -8.953  -101.165  -23.320 0.2000000030
143178  -0.880  -95.547  -23.998 1.0000000000
143356  -1.441  -99.268  -22.989 0.6999999881
143455  -2.637  -93.108  -34.767 0.8000000119
143528  -11.369  -96.344  -24.581 0.2000000030
143623  -7.895  -86.552  -12.706 1.0000000000
143626  -4.367  -96.191  -31.711 0.8999999762
143649  -0.898  -84.442  -11.330 1.0000000000
143974  -8.441  -79.086  -5.084 0.8999999762
144016  -0.651  -94.321  -31.261 1.0000000000
144101  -15.609  -74.824  -5.361 1.0000000000
144126  -12.593  -82.839  -8.474 1.0000000000
144224  -2.064  -84.310  -14.288 1.0000000000
144464  -6.871  -63.540  -3.074 1.0000000000
144587  -1.039  -93.068  -32.955 1.0000000000
144605  -10.531  -87.844  -14.971 1.0000000000
144694  -10.826  -98.807  -30.800 0.4000000060
144798  -10.128  -60.889  -5.127 0.8000000119
144939  -10.200  -62.208  -4.290 0.8999999762
144961  -10.362  -95.109  -22.335 0.1000000015
144962  -11.439  -84.390  -10.860 1.0000000000
145014  -6.500  -60.847  0.149 0.4000000060
145076  -2.390  -68.984  -2.626 0.6999999881
145085  -15.040  -66.518  -5.482 1.0000000000
145218  -8.803  -82.925  -18.940 1.0000000000
145265  -0.704  -67.854  3.832 0.4000000060
145300  -7.175  -69.695  2.306 0.8999999762
145356  -3.831  -82.572  -0.485 0.1000000015
145357  -9.681  -64.987  -0.114 1.0000000000
145372  -3.596  -69.621  -6.852 0.1000000015
145620  -8.228  -74.254  -1.184 1.0000000000
145681  -12.757  -62.913  -2.711 1.0000000000
145722  -10.249  -65.894  0.294 1.0000000000
146420  -1.061  -70.774  -5.205 0.4000000060
146582  -15.676  -95.744  -22.776 0.2000000030
146647  -1.973  -79.927  -14.675 0.4000000060
146900  -10.353  -80.929  -17.424 1.0000000000
147079  0.143  -89.958  -20.413 1.0000000000
147250  -8.359  -82.609  -3.134 1.0000000000
147289  -12.194  -87.900  -21.211 1.0000000000
147455  -0.820  -88.946  -12.182 1.0000000000
147484  -12.650  -88.125  -20.660 1.0000000000
147550  -0.732  -84.389  -24.868 0.3000000119
147625  -0.448  -93.757  -30.332 1.0000000000
147695  -6.266  -70.437  2.884 0.8999999762
147830  -5.920  -83.802  -18.483 1.0000000000
148135  -3.010  -94.368  -34.520 0.6999999881
148186  -1.852  -77.803  -15.199 0.2000000030
148195  -6.962  -81.300  -11.706 1.0000000000
148272  -5.137  -74.126  -1.392 1.0000000000
148324  -2.337  -90.061  -15.643 1.0000000000
148342  -7.165  -73.181  1.494 0.8999999762
148358  -7.886  -101.085  -20.353 0.1000000015
148412  -3.766  -99.347  -27.345 0.6000000238
148603  -0.294  -73.246  2.760 0.6000000238
148802  -1.564  -99.630  -20.888 0.6000000238
148825  -3.486  -92.213  -35.604 0.6999999881
148866  -11.504  -63.895  -0.769 1.0000000000
148912  -9.834  -66.283  0.344 1.0000000000
148928  -2.010  -66.509  5.120 0.1000000015
148988  -10.322  -65.142  -5.604 1.0000000000
149050  -10.997  -95.096  -24.002 0.2000000030
149101  -1.566  -92.858  -33.749 1.0000000000
149156  -5.310  -101.071  -23.192 0.3000000119
149239  0.104  -92.861  -10.947 1.0000000000
149260  -9.592  -92.039  -20.414 1.0000000000
149295  -4.292  -94.199  -13.616 0.1000000015
149330  -12.774  -99.794  -21.036 0.1000000015
149386  0.081  -90.406  -22.861 0.8999999762
149601  -8.348  -59.090  -4.128 0.6999999881
149867  -3.432  -75.418  -3.657 0.8999999762
150167  -3.647  -85.363  -27.556 0.3000000119
150169  -7.414  -89.659  -26.763 1.0000000000
150228  -8.896  -80.208  -7.125 1.0000000000
150300  -10.280  -71.918  -0.974 1.0000000000
150324  -7.046  -91.018  -30.967 0.2000000030
150371  -4.913  -94.224  -20.070 1.0000000000
150443  -0.809  -98.825  -19.571 0.8000000119
150485  -12.818  -55.055  -4.575 0.6999999881
150559  -13.578  -81.171  -13.897 1.0000000000
150897  -12.593  -75.829  -7.742 1.0000000000
150950  -4.687  -89.857  -16.282 1.0000000000
150959  -11.855  -78.204  -9.621 1.0000000000
151126  -10.267  -74.499  0.860 1.0000000000
151198  -12.713  -100.136  -20.211 0.1000000015
151222  -1.324  -79.578  -10.298 0.8000000119
151253  -2.368  -81.917  -11.967 0.8000000119
151287  -1.871  -80.681  -14.764 0.6999999881
151308  0.153  -88.996  -7.565 0.8000000119
151349  -8.720  -98.358  -30.885 0.6000000238
151387  -3.512  -73.382  -3.674 0.8999999762
151390  -10.519  -74.435  -6.359 1.0000000000
151540  -13.190  -64.824  -6.043 1.0000000000
151591  0.218  -81.109  -1.055 0.6000000238
151627  -1.844  -92.001  -23.969 1.0000000000
151661  -4.159  -82.709  -30.148 0.3000000119
151667  -18.011  -48.708  -13.004 0.1000000015
151806  -4.455  -80.824  -9.729 0.8999999762
151964  -13.735  -81.153  -7.164 1.0000000000
152091  -3.333  -90.669  -8.805 0.1000000015
152170  -0.159  -95.371  -24.231 1.0000000000
152261  -2.503  -99.235  -18.018 0.4000000060
152378  -5.283  -92.262  -9.828 0.3000000119
152435  -10.103  -82.888  -5.735 1.0000000000
152448  -3.239  -78.676  -8.065 0.5000000000
152469  -6.087  -90.477  -32.367 0.3000000119
152522  -11.594  -84.915  -15.719 1.0000000000
152526  -2.306  -99.251  -15.934 0.6999999881
152535  -0.550  -89.840  -26.601 0.8999999762
152597  -4.275  -57.080  -6.455 0.1000000015
152639  -0.577  -79.284  1.132 0.8000000119
152686  -0.081  -94.649  -18.983 1.0000000000
152779  -20.477  -62.031  -4.837 1.0000000000
152851  -1.661  -95.200  -32.299 1.0000000000
152907  -2.280  -97.899  -26.634 0.8999999762
153050  0.508  -95.857  -23.923 1.0000000000
153212  -3.352  -96.062  -31.711 1.0000000000
153249  -1.445  -88.076  -2.344 0.1000000015
153313  -12.629  -77.181  -9.106 1.0000000000
153345  -13.711  -92.631  -21.023 0.1000000015
153401  -3.105  -74.354  -8.472 0.1000000015
153404  -3.868  -97.487  -27.799 0.8000000119
153514  -10.009  -88.767  -22.953 1.0000000000
153643  -1.985  -75.751  -14.304 0.1000000015
153652  -2.173  -88.840  -3.535 0.1000000015
153827  0.007  -77.049  -0.338 0.8999999762
153861  0.047  -76.275  -0.248 0.8000000119
153878  -5.113  -91.365  -36.144 0.5000000000
153938  -10.066  -94.763  -16.588 0.1000000015
153955  -5.069  -100.355  -25.207 0.4000000060
154193  -9.770  -97.303  -22.883 0.2000000030
154352  -0.126  -72.504  1.627 0.8000000119
154434  -13.048  -77.998  -4.164 1.0000000000
154490  -5.295  -96.564  -29.411 0.8000000119
154515  -12.169  -95.530  -23.740 0.2000000030
154518  0.211  -78.702  -1.159 0.8999999762
154530  -8.563  -95.855  -33.768 0.6999999881
154712  -9.710  -56.817  -3.986 0.6000000238
154725  -4.395  -63.844  -4.564 0.8999999762
154758  -1.577  -95.395  -10.243 0.6999999881
154759  -13.606  -62.171  -6.564 1.0000000000
154788  0.054  -74.436  1.610 0.8000000119
154865  -3.266  -72.167  -3.416 0.8999999762
154901  -0.724  -90.331  -12.135 1.0000000000
155011  -1.827  -94.974  -9.735 0.6000000238
155017  -0.894  -83.991  -8.598 0.8999999762
155048  -4.424  -100.153  -20.179 0.2000000030
155089  -3.835  -77.699  -3.944 0.6000000238
155102  -10.367  -73.118  -1.607 1.0000000000
155391  -8.569  -63.130  -6.994 1.0000000000
155453  -0.817  -91.754  -32.735 1.0000000000
155494  -8.306  -90.899  -29.862 0.1000000015
155548  -5.918  -84.518  -23.062 0.1000000015
155628  -0.452  -98.402  -23.850 0.8000000119
155742  -10.575  -54.976  -6.757 0.4000000060
155752  -11.188  -100.117  -22.526 0.1000000015
155813  -15.575  -50.902  -12.106 0.2000000030
