#!ascii label  , from subject sub-v1s14x0051577_ses-1 vox2ras=TkReg
3413
34319  0.939  -38.151  31.671 0.2222220004
35495  0.540  -37.569  30.554 0.2222220004
34330  1.133  -38.409  30.914 0.2222220004
34331  0.834  -38.051  31.073 0.2222220004
33228  1.227  -38.543  31.531 0.2222220004
35484  0.576  -37.620  31.274 0.2222220004
34329  1.486  -38.634  30.830 0.1111110002
33234  1.723  -39.175  31.384 0.2222220004
33235  1.448  -38.784  31.343 0.2222220004
33227  1.513  -39.081  31.813 0.2222220004
157836  0.325  -37.256  30.900 0.2222220004
144446  2.240  -40.123  32.598 0.2222220004
33233  2.148  -39.578  31.399 0.1111110002
33214  2.064  -39.820  32.653 0.1111110002
33226  1.894  -39.685  32.015 0.2222220004
135334  2.461  -40.252  33.091 0.1111110002
33215  1.714  -39.343  32.232 0.1111110002
33193  2.553  -39.611  33.558 0.2222220004
33202  2.289  -39.822  33.163 0.1111110002
33203  1.930  -39.349  32.720 0.2222220004
159629  1.483  -39.018  32.059 0.2222220004
152607  1.301  -38.684  31.952 0.2222220004
152201  1.498  -38.828  32.311 0.2222220004
34309  1.074  -38.221  32.104 0.2222220004
34300  1.244  -38.214  32.542 0.2222220004
35472  0.678  -37.678  31.793 0.2222220004
33223  4.123  -40.341  31.936 0.1111110002
33225  2.518  -40.141  32.047 0.1111110002
32156  2.741  -40.551  32.876 0.1111110002
33201  2.740  -40.187  33.507 0.1111110002
33192  2.985  -39.967  33.950 0.3333329856
34289  2.807  -39.197  33.968 0.3333329856
34298  2.172  -39.177  33.239 0.3333329856
34290  2.347  -38.821  33.687 0.4444440007
34299  1.693  -38.694  32.850 0.3333329856
34291  1.835  -38.431  33.376 0.4444440007
35451  1.434  -37.713  33.403 0.4444440007
35458  0.985  -37.651  32.790 0.4444440007
35464  0.821  -37.725  32.247 0.2222220004
35485  0.333  -37.187  31.426 0.2222220004
156309  0.973  -37.272  33.175 0.4444440007
35465  0.509  -37.258  31.949 0.2222220004
160293  0.661  -37.323  32.379 0.2222220004
36639  0.278  -36.793  31.711 0.2222220004
33211  4.884  -40.511  32.283 0.1111110002
32145  4.696  -41.053  33.836 0.1111110002
32154  4.294  -41.059  33.375 0.1111110002
32146  3.720  -40.924  33.761 0.1111110002
32147  3.011  -40.648  33.443 0.1111110002
32138  3.346  -40.509  33.800 0.1111110002
33184  3.441  -39.513  34.266 0.3333329856
35440  3.298  -38.662  34.700 0.4444440007
35441  2.689  -38.267  34.433 0.4444440007
35450  1.966  -38.079  33.869 0.4444440007
36617  1.232  -37.020  33.569 0.4444440007
36633  0.468  -36.873  32.227 0.2222220004
135667  0.311  -36.220  32.033 0.2222220004
32153  5.132  -41.114  33.453 0.1111110002
38844  9.593  -35.401  39.609 0.4444440007
37702  9.041  -36.623  39.869 0.3333329856
159085  4.808  -40.668  34.351 0.1111110002
36567  8.834  -37.478  39.420 0.2222220004
34266  9.173  -38.680  38.472 0.2222220004
147149  4.112  -40.640  34.089 0.2222220004
33190  4.506  -40.308  34.436 0.2222220004
33191  3.730  -40.139  34.195 0.2222220004
34282  3.701  -39.388  34.608 0.3333329856
33183  4.082  -39.877  34.626 0.3333329856
36601  3.373  -37.895  34.763 0.6666669846
37742  2.823  -36.984  34.716 0.6666669846
36603  2.125  -37.161  34.577 0.6666669846
35443  2.091  -37.722  34.203 0.4444440007
36604  1.876  -37.060  34.302 0.5555559993
36623  0.763  -36.715  33.224 0.4444440007
37767  0.592  -35.948  33.310 0.4444440007
38907  0.457  -35.485  33.156 0.2222220004
40060  0.384  -34.770  32.022 0.2222220004
36580  7.961  -37.986  38.525 0.3333329856
32152  5.984  -41.080  33.342 0.1111110002
35425  8.278  -38.333  38.559 0.2222220004
34271  8.276  -38.872  37.941 0.2222220004
32137  5.444  -40.911  34.521 0.1111110002
32144  5.635  -41.205  34.090 0.1111110002
155983  9.006  -37.130  39.794 0.3333329856
34270  8.779  -39.064  37.866 0.2222220004
33181  5.752  -40.363  35.051 0.1111110002
38845  9.014  -36.067  39.751 0.4444440007
35424  8.835  -38.145  39.010 0.2222220004
33167  9.455  -39.352  37.345 0.2222220004
33170  9.097  -39.925  36.704 0.1111110002
34280  5.299  -39.970  35.215 0.2222220004
32131  5.247  -40.553  34.672 0.1111110002
39978  9.692  -34.929  39.401 0.4444440007
38848  8.918  -35.874  39.416 0.3333329856
141099  9.608  -39.500  36.930 0.2222220004
34281  4.392  -39.772  34.984 0.2222220004
136143  4.828  -39.460  35.153 0.5555559993
35439  4.282  -38.639  34.972 0.5555559993
36614  4.266  -37.682  34.563 0.6666669846
133248  2.557  -36.078  34.742 0.5555559993
37744  1.902  -36.460  34.545 0.5555559993
38879  1.253  -35.333  34.343 0.4444440007
155623  0.840  -35.535  33.853 0.4444440007
38893  0.624  -35.251  33.674 0.3333329856
32151  6.849  -40.961  33.184 0.1111110002
32143  6.511  -41.254  33.989 0.1111110002
32136  6.269  -41.143  34.641 0.1111110002
33169  8.339  -39.518  37.308 0.2222220004
33172  8.099  -39.969  36.875 0.2222220004
32135  7.089  -41.260  34.607 0.1111110002
32129  6.956  -41.063  35.091 0.1111110002
37706  8.322  -37.226  39.010 0.3333329856
37710  7.987  -37.314  38.346 0.4444440007
157763  7.589  -40.914  35.422 0.1111110002
33180  6.615  -40.454  35.308 0.3333329856
35435  5.932  -39.587  35.469 0.4444440007
41065  10.306  -34.486  39.614 0.4444440007
39982  9.704  -34.892  38.473 0.5555559993
38850  8.698  -36.059  38.606 0.4444440007
37717  8.311  -36.640  37.930 0.4444440007
35438  5.331  -38.805  35.131 0.3333329856
41071  10.773  -33.896  38.405 0.5555559993
137819  10.298  -34.392  37.916 0.4444440007
39990  9.796  -34.883  37.426 0.4444440007
36600  5.801  -38.086  34.834 0.5555559993
35449  4.999  -38.151  34.732 0.5555559993
42160  11.284  -33.432  38.871 0.5555559993
42172  11.355  -33.446  37.900 0.6666669846
42188  11.396  -33.436  36.954 0.4444440007
41095  10.851  -33.872  36.456 0.5555559993
41110  10.806  -33.849  35.523 0.5555559993
36613  5.213  -37.482  34.231 0.6666669846
42171  11.914  -32.985  37.461 0.6666669846
42203  11.371  -33.400  36.020 0.6666669846
42218  11.272  -33.339  35.071 0.5555559993
42217  11.729  -32.763  34.639 0.6666669846
152435  2.361  -35.175  34.699 0.5555559993
38877  2.078  -35.826  34.708 0.6666669846
38878  1.672  -35.587  34.529 0.5555559993
38865  0.938  -34.638  34.472 0.5555559993
38880  0.922  -35.085  34.227 0.4444440007
40015  0.696  -34.129  34.378 0.5555559993
38881  0.738  -34.834  34.129 0.4444440007
35428  7.981  -38.639  38.041 0.2222220004
34273  7.948  -39.208  37.510 0.3333329856
149214  7.789  -38.464  37.914 0.2222220004
33173  7.740  -39.991  36.611 0.2222220004
34276  6.980  -39.688  36.035 0.4444440007
36588  7.720  -37.975  37.835 0.4444440007
36596  7.097  -38.607  36.084 0.4444440007
35434  6.711  -39.293  35.905 0.4444440007
35437  6.253  -38.772  35.384 0.5555559993
38855  8.749  -35.966  37.454 0.5555559993
37728  8.330  -36.545  36.896 0.4444440007
42159  11.810  -32.969  38.374 0.5555559993
39997  9.835  -34.874  36.420 0.5555559993
159597  4.540  -37.196  34.166 0.5555559993
43277  12.454  -32.600  38.011 0.6666669846
43303  12.484  -32.459  36.125 0.5555559993
42187  11.943  -32.964  36.535 0.5555559993
42202  11.878  -32.887  35.595 0.6666669846
41122  10.662  -33.779  34.613 0.5555559993
43314  12.376  -32.334  35.185 0.5555559993
36615  3.911  -36.912  34.258 0.5555559993
138266  3.146  -36.417  34.636 0.5555559993
38863  1.950  -34.866  34.718 0.6666669846
36589  7.549  -38.621  37.237 0.2222220004
34274  7.638  -39.521  36.851 0.2222220004
37718  7.931  -37.256  37.400 0.4444440007
36595  7.621  -37.933  36.807 0.4444440007
40010  9.787  -34.837  35.463 0.4444440007
39998  9.267  -35.357  35.912 0.5555559993
37739  8.216  -36.416  35.920 0.4444440007
37729  7.867  -37.110  36.355 0.4444440007
159799  12.218  -32.599  38.802 0.5555559993
43290  13.040  -32.073  37.643 0.5555559993
41111  10.247  -34.310  35.037 0.4444440007
40011  9.161  -35.250  34.975 0.4444440007
36612  6.276  -37.460  34.420 0.5555559993
43313  12.945  -31.863  35.723 0.5555559993
37754  5.826  -36.886  33.758 0.5555559993
44442  13.393  -31.280  35.316 0.6666669846
43322  12.831  -31.739  34.797 0.6666669846
43323  12.132  -32.108  34.269 0.6666669846
40023  9.622  -34.727  34.542 0.5555559993
42230  11.534  -32.569  33.686 0.6666669846
42231  10.966  -33.164  34.070 0.6666669846
41123  9.987  -34.093  34.175 0.6666669846
41135  10.420  -33.682  33.862 0.6666669846
44397  13.364  -31.371  39.209 0.4444440007
36599  6.645  -37.988  35.166 0.5555559993
43276  12.842  -32.090  38.757 0.5555559993
44411  13.510  -31.500  38.194 0.5555559993
38861  8.756  -35.908  36.395 0.4444440007
36598  7.363  -37.658  35.742 0.4444440007
137913  13.523  -31.400  36.228 0.7777780294
38873  8.621  -35.858  35.336 0.4444440007
37752  7.572  -36.651  34.620 0.4444440007
43302  13.060  -32.006  36.657 0.7777780294
38874  8.057  -36.373  35.155 0.4444440007
37741  7.087  -37.264  34.865 0.4444440007
38891  8.035  -36.012  34.550 0.4444440007
44454  13.160  -31.076  34.459 0.6666669846
43330  12.627  -31.544  33.884 0.6666669846
43331  11.939  -31.926  33.323 0.6666669846
37753  6.808  -36.824  34.128 0.5555559993
38876  2.842  -35.310  34.635 0.5555559993
43342  12.449  -31.389  32.914 0.6666669846
136438  10.842  -32.863  33.126 0.6666669846
45404  14.227  -29.991  39.655 0.4444440007
44382  13.772  -30.674  39.556 0.4444440007
44396  13.819  -30.799  38.632 0.5555559993
44410  13.911  -30.822  37.707 0.5555559993
44426  13.593  -31.498  37.188 0.6666669846
44441  13.827  -30.711  35.832 0.6666669846
38890  8.607  -35.595  34.509 0.5555559993
45486  13.442  -30.364  33.239 0.6666669846
44467  12.975  -30.904  33.574 0.6666669846
149456  12.913  -30.809  32.613 0.6666669846
42244  11.311  -32.346  32.771 0.6666669846
44476  12.238  -31.124  31.840 0.6666669846
142652  14.096  -30.217  38.966 0.5555559993
45417  14.270  -30.207  38.211 0.6666669846
45431  14.694  -29.561  37.859 0.6666669846
45432  14.310  -30.137  37.301 0.6666669846
45446  14.237  -29.950  36.284 0.6666669846
45461  13.986  -30.113  35.449 0.5555559993
44453  13.719  -30.653  34.972 0.6666669846
46380  14.355  -29.313  34.420 0.5555559993
45473  13.942  -29.957  34.716 0.6666669846
44466  13.543  -30.487  34.136 0.6666669846
46387  14.258  -29.198  33.542 0.6666669846
40024  8.859  -35.044  34.109 0.5555559993
45485  13.863  -29.828  33.845 0.6666669846
40033  9.329  -34.513  33.616 0.5555559993
42232  10.466  -33.372  33.332 0.6666669846
41136  9.799  -33.814  33.187 0.6666669846
45499  13.851  -29.754  32.917 0.6666669846
45500  13.383  -30.264  32.305 0.6666669846
144053  12.869  -30.638  31.809 0.6666669846
42246  10.083  -33.109  32.501 0.6666669846
43343  11.738  -31.777  32.335 0.6666669846
45518  13.186  -30.172  31.402 0.6666669846
46372  14.461  -29.463  35.383 0.5555559993
46386  14.663  -28.612  33.259 0.6666669846
138605  14.328  -29.015  31.932 0.6666669846
45517  13.858  -29.662  31.876 0.6666669846
44492  11.651  -30.850  30.909 0.6666669846
46406  14.162  -29.206  31.019 0.6666669846
44491  12.495  -30.579  31.067 0.5555559993
137416  13.566  -29.767  30.955 0.5555559993
47325  15.519  -27.729  36.297 0.7777780294
47352  15.140  -27.939  34.545 0.5555559993
46379  14.711  -28.657  34.081 0.5555559993
46395  14.260  -29.122  32.673 0.6666669846
46394  14.684  -28.543  32.446 0.6666669846
46405  14.700  -28.563  31.569 0.6666669846
45533  12.813  -29.940  30.468 0.5555559993
46414  14.671  -28.604  30.614 0.5555559993
47337  15.601  -27.436  35.338 0.6666669846
48386  15.876  -26.891  36.048 0.7777780294
47365  15.342  -27.521  33.702 0.6666669846
48430  15.428  -27.299  32.810 0.6666669846
48444  15.491  -27.183  31.800 0.5555559993
47394  15.047  -27.920  31.207 0.5555559993
46415  14.131  -28.995  30.050 0.4444440007
47406  15.012  -28.026  30.180 0.4444440007
46420  14.562  -28.544  29.801 0.4444440007
48404  15.966  -26.639  35.199 0.6666669846
49480  16.214  -25.980  33.196 0.6666669846
48429  15.832  -26.709  33.575 0.6666669846
158310  16.269  -25.856  32.496 0.7777780294
47393  15.473  -27.369  30.738 0.5555559993
48471  15.797  -26.764  30.255 0.4444440007
47418  14.566  -27.985  29.116 0.4444440007
49455  16.390  -25.957  35.029 0.6666669846
160221  16.438  -25.867  34.358 0.6666669846
49469  16.205  -26.065  33.873 0.6666669846
149631  16.023  -26.001  31.762 0.6666669846
158737  15.795  -26.607  31.838 0.6666669846
49504  16.030  -26.021  30.811 0.5555559993
48485  14.948  -27.212  28.678 0.3333329856
49518  16.040  -26.119  29.845 0.5555559993
49426  24.035  -26.059  37.933 0.5555559993
48385  24.009  -26.575  36.280 0.7777780294
49437  23.389  -26.234  36.752 0.8888890147
48402  24.362  -26.782  35.481 0.7777780294
48416  23.763  -26.624  34.844 0.8888890147
49451  23.189  -26.321  36.007 0.8888890147
48428  23.901  -26.697  33.881 0.8888890147
141174  22.237  -25.991  34.751 0.7777780294
49453  21.638  -25.852  35.475 0.7777780294
138598  23.049  -26.367  34.327 0.8888890147
50486  20.319  -25.506  35.654 0.7777780294
49467  22.429  -26.116  33.935 0.7777780294
50506  20.767  -25.672  34.083 0.7777780294
136286  19.899  -25.392  35.003 0.7777780294
152601  18.753  -24.947  35.416 0.7777780294
153417  16.744  -25.782  36.500 0.7777780294
50508  19.204  -25.038  34.690 0.7777780294
50490  17.331  -25.012  35.026 0.7777780294
49454  16.877  -25.450  35.618 0.7777780294
136480  18.492  -24.873  34.086 0.7777780294
50511  17.235  -24.998  34.164 0.6666669846
49468  16.852  -25.419  34.670 0.6666669846
49492  16.707  -25.421  32.878 0.7777780294
139792  16.612  -25.369  32.091 0.7777780294
50587  16.968  -24.718  30.701 0.7777780294
49503  16.542  -25.403  31.243 0.6666669846
49517  16.485  -25.485  30.336 0.5555559993
133822  26.981  -26.987  36.987 0.5555559993
48383  25.961  -27.095  36.361 0.5555559993
133178  25.301  -26.764  37.080 0.6666669846
47336  26.191  -27.466  35.304 0.5555559993
136547  25.264  -27.030  35.387 0.6666669846
48414  25.512  -27.251  34.401 0.7777780294
143465  24.780  -26.935  33.909 0.8888890147
48415  24.601  -26.883  34.638 0.8888890147
48426  25.322  -27.089  33.445 0.8888890147
48427  24.516  -26.823  33.209 0.8888890147
49476  22.986  -26.308  33.366 0.7777780294
48441  24.328  -26.663  32.519 0.8888890147
48442  23.757  -26.564  32.923 0.7777780294
49489  23.192  -26.236  32.578 0.7777780294
49477  22.252  -25.977  33.351 0.7777780294
49478  21.656  -25.888  33.873 0.7777780294
48458  24.619  -26.586  31.846 0.7777780294
49490  22.461  -25.945  32.566 0.6666669846
49491  21.685  -25.817  32.963 0.7777780294
50507  19.987  -25.384  34.291 0.7777780294
49499  24.997  -26.402  31.005 0.7777780294
49488  23.768  -26.294  32.034 0.7777780294
135006  23.038  -25.969  31.999 0.7777780294
50530  20.212  -25.374  33.466 0.7777780294
133666  19.320  -24.976  33.643 0.7777780294
50532  17.766  -24.812  33.645 0.6666669846
133448  24.816  -25.985  30.258 0.7777780294
159970  23.736  -25.896  30.806 0.7777780294
49501  22.385  -25.721  31.531 0.6666669846
153971  21.135  -25.582  32.579 0.6666669846
50531  18.468  -24.736  33.222 0.7777780294
159811  24.517  -26.096  30.701 0.8888890147
49516  22.697  -25.534  30.704 0.7777780294
49502  21.668  -25.669  32.128 0.7777780294
50547  20.487  -25.343  32.670 0.7777780294
133821  19.061  -24.753  32.858 0.8888890147
50533  17.187  -24.948  33.265 0.6666669846
141928  26.062  -25.689  28.232 0.7777780294
49544  25.438  -25.562  28.526 0.7777780294
49530  24.396  -25.655  29.600 0.7777780294
49515  23.387  -25.682  30.464 0.7777780294
50563  21.566  -25.362  31.319 0.7777780294
132914  20.867  -25.273  31.862 0.7777780294
152432  17.492  -24.565  31.952 0.7777780294
50551  17.092  -24.845  32.427 0.7777780294
49563  25.674  -25.301  27.727 0.6666669846
50596  23.951  -25.116  29.044 0.6666669846
49531  23.642  -25.455  29.768 0.7777780294
137943  22.355  -24.825  29.416 0.6666669846
50567  17.517  -24.402  31.258 0.7777780294
50623  25.932  -25.078  26.897 0.5555559993
144963  24.425  -24.769  27.631 0.5555559993
50609  24.219  -24.908  28.286 0.5555559993
50597  23.172  -24.947  29.225 0.6666669846
48382  27.757  -27.239  36.645 0.4444440007
48401  27.799  -27.623  35.836 0.4444440007
133236  26.936  -27.481  36.059 0.5555559993
47335  27.115  -27.743  35.154 0.4444440007
47350  26.476  -27.651  34.409 0.5555559993
48425  26.004  -27.442  33.730 0.7777780294
48439  26.006  -27.294  32.802 0.7777780294
48440  25.058  -26.875  32.611 0.8888890147
48470  25.886  -26.712  30.994 0.8888890147
48457  25.510  -26.858  31.833 0.8888890147
153346  26.147  -26.566  30.334 0.8888890147
49513  25.519  -26.315  30.283 0.7777780294
48483  26.675  -26.612  29.955 0.8888890147
49529  25.277  -25.858  29.450 0.8888890147
49543  26.613  -25.930  28.477 0.7777780294
133668  26.019  -25.898  28.947 0.7777780294
134312  26.594  -25.675  27.506 0.8888890147
50611  22.625  -24.559  28.605 0.6666669846
159533  27.344  -25.711  26.625 0.8888890147
157749  26.569  -25.400  26.574 0.8888890147
50638  25.386  -24.726  26.266 0.5555559993
51719  23.409  -24.065  27.078 0.5555559993
50636  26.893  -25.288  25.873 0.5555559993
50650  26.418  -24.876  25.241 0.5555559993
50652  25.020  -24.332  25.759 0.5555559993
50625  24.195  -24.433  27.050 0.5555559993
50651  25.629  -24.618  25.464 0.4444440007
148562  25.050  -24.002  24.992 0.4444440007
48364  28.434  -26.968  37.759 0.2222220004
48381  28.420  -27.409  36.400 0.4444440007
48400  28.677  -27.626  35.754 0.4444440007
47334  28.044  -27.842  35.005 0.4444440007
47360  29.988  -28.068  33.576 0.5555559993
47361  29.138  -28.167  33.425 0.5555559993
47333  28.979  -27.837  34.958 0.4444440007
47348  28.415  -27.969  34.051 0.4444440007
47349  27.383  -27.847  34.261 0.5555559993
136782  30.608  -28.076  32.863 0.5555559993
47363  27.595  -27.903  33.367 0.6666669846
136115  29.678  -28.264  32.819 0.5555559993
134057  28.994  -28.255  32.776 0.6666669846
47362  28.394  -28.093  33.093 0.7777780294
47364  26.725  -27.703  33.551 0.7777780294
47390  28.714  -27.928  31.501 0.7777780294
47376  27.768  -27.892  32.539 0.7777780294
47377  26.963  -27.665  32.671 0.7777780294
47391  27.919  -27.796  31.748 0.7777780294
48455  27.296  -27.369  31.247 0.8888890147
142312  27.433  -26.982  30.313 0.8888890147
48468  28.248  -27.287  30.097 0.7777780294
48469  26.663  -26.878  30.776 0.8888890147
48496  27.782  -26.667  28.979 0.7777780294
48482  27.232  -26.640  29.460 0.7777780294
48495  28.443  -26.709  28.532 0.7777780294
49527  27.184  -26.290  28.750 0.8888890147
48511  28.405  -26.296  27.656 0.7777780294
49542  27.750  -26.291  28.264 0.8888890147
48510  29.164  -26.436  27.341 0.8888890147
157590  27.161  -25.946  28.135 0.7777780294
49576  29.050  -25.851  26.151 0.8888890147
49561  28.054  -25.923  27.017 0.8888890147
49587  29.335  -25.637  25.403 0.6666669846
49589  27.685  -25.534  25.712 0.7777780294
49598  29.596  -25.299  24.715 0.4444440007
49588  28.511  -25.620  25.546 0.6666669846
50649  27.229  -25.081  25.094 0.5555559993
50663  29.794  -24.815  23.954 0.3333329856
49599  28.819  -25.341  24.856 0.5555559993
50664  28.399  -24.950  24.295 0.4444440007
50666  26.741  -24.734  24.417 0.4444440007
50667  25.900  -24.454  24.627 0.4444440007
48351  28.834  -27.531  37.884 0.2222220004
135116  28.482  -27.186  36.993 0.3333329856
48362  30.001  -27.558  36.646 0.3333329856
48380  29.295  -27.398  36.583 0.4444440007
48399  29.590  -27.544  35.712 0.3333329856
155643  30.730  -27.894  33.684 0.6666669846
47346  30.399  -27.797  34.439 0.4444440007
47332  29.774  -27.754  34.961 0.4444440007
47374  30.137  -28.272  32.098 0.6666669846
136641  29.283  -28.220  32.140 0.7777780294
47404  28.870  -27.748  30.622 0.7777780294
149304  29.645  -27.845  30.270 0.7777780294
47415  29.660  -27.613  29.588 0.7777780294
48479  30.135  -27.500  29.117 0.7777780294
47416  28.999  -27.480  29.802 0.7777780294
147612  30.587  -26.951  28.058 0.8888890147
48480  29.266  -27.100  28.999 0.7777780294
49559  30.591  -26.273  26.649 0.8888890147
49560  29.571  -26.192  26.745 0.7777780294
146181  30.730  -25.818  25.810 0.8888890147
49575  29.906  -25.881  26.004 0.8888890147
149663  31.353  -25.705  25.607 0.8888890147
49586  30.157  -25.601  25.254 0.8888890147
50661  31.271  -25.085  24.545 0.8888890147
50662  30.776  -24.774  23.922 0.4444440007
49597  30.424  -25.193  24.583 0.5555559993
48361  30.873  -27.554  36.410 0.2222220004
157006  30.991  -27.191  35.842 0.5555559993
141168  30.504  -27.425  35.443 0.3333329856
48379  30.180  -27.333  36.183 0.3333329856
48413  31.066  -27.387  34.905 0.4444440007
47373  31.480  -27.934  32.470 0.7777780294
48454  32.956  -27.505  31.648 0.6666669846
47388  31.513  -27.989  31.529 0.7777780294
47386  32.957  -27.626  30.695 0.8888890147
47387  32.333  -27.814  31.301 0.7777780294
143545  31.113  -28.042  30.850 0.7777780294
47389  30.640  -28.171  31.411 0.8888890147
47411  33.381  -27.406  29.836 0.8888890147
47412  32.547  -27.702  29.758 0.8888890147
47402  31.900  -27.894  30.549 0.7777780294
143424  30.415  -27.987  30.629 0.8888890147
48478  32.988  -27.387  28.925 0.8888890147
47426  32.200  -27.611  29.059 0.8888890147
47413  31.694  -27.793  29.597 0.8888890147
142840  30.299  -27.835  29.829 0.7777780294
48491  32.160  -27.211  28.304 0.8888890147
47414  30.900  -27.740  29.330 0.7777780294
48492  31.269  -27.118  28.162 0.8888890147
49558  31.596  -26.439  26.945 0.8888890147
49573  32.443  -25.953  26.395 0.8888890147
49574  31.428  -25.951  26.211 0.8888890147
49585  32.380  -25.562  25.573 0.8888890147
137762  31.877  -25.731  25.778 0.8888890147
50646  32.549  -25.127  25.000 0.8888890147
50660  32.562  -24.744  24.254 0.6666669846
50675  31.734  -24.689  23.863 0.5555559993
47314  31.330  -27.803  36.514 0.2222220004
48397  32.965  -26.920  35.623 0.3333329856
145210  32.146  -27.098  36.068 0.4444440007
48398  31.426  -27.131  35.604 0.5555559993
48411  32.555  -26.897  34.752 0.4444440007
47359  31.410  -27.780  33.348 0.6666669846
48423  32.800  -26.986  33.298 0.6666669846
47358  32.175  -27.573  32.931 0.7777780294
48438  32.879  -27.292  32.478 0.6666669846
47372  32.249  -27.764  32.068 0.6666669846
48477  33.852  -26.999  29.211 0.8888890147
48489  34.409  -26.694  28.619 0.8888890147
48490  33.605  -26.874  28.402 0.8888890147
149020  32.905  -26.938  28.152 0.8888890147
140165  34.186  -25.831  26.726 0.8888890147
48506  33.343  -26.628  27.639 0.8888890147
48507  32.470  -26.661  27.418 0.8888890147
49571  34.151  -25.502  26.083 0.8888890147
49557  33.105  -26.244  27.023 0.8888890147
49583  34.114  -24.985  25.378 0.8888890147
49584  33.231  -25.437  25.632 0.8888890147
133463  34.238  -24.603  24.780 0.8888890147
50658  34.745  -24.162  24.542 0.7777780294
50659  33.996  -24.278  24.191 0.7777780294
50645  33.416  -24.804  24.714 0.7777780294
48396  33.621  -27.117  36.019 0.3333329856
153764  33.775  -26.813  35.398 0.3333329856
48422  33.505  -26.692  33.713 0.5555559993
137338  33.543  -26.952  32.070 0.7777780294
47401  33.680  -27.192  30.534 0.8888890147
48476  34.651  -26.713  29.429 0.8888890147
49541  34.889  -26.273  28.056 0.8888890147
49526  35.169  -26.409  28.838 0.8888890147
49554  35.333  -25.817  27.465 0.8888890147
49570  34.935  -25.573  26.642 0.8888890147
159598  35.683  -25.414  26.973 0.8888890147
50633  36.369  -24.428  26.155 0.8888890147
50643  35.564  -24.551  25.630 0.8888890147
50635  34.852  -24.996  25.895 0.8888890147
51747  35.444  -24.052  24.995 0.8888890147
50644  34.843  -24.584  25.181 0.8888890147
51757  35.282  -23.550  24.357 0.8888890147
49465  34.200  -26.349  34.113 0.3333329856
152011  34.061  -26.583  32.498 0.7777780294
133935  35.008  -26.009  31.764 0.7777780294
49498  34.975  -26.339  31.052 0.8888890147
49525  35.843  -26.004  29.089 1.0000000000
155563  35.909  -25.924  29.797 1.0000000000
48466  34.847  -26.584  30.241 0.8888890147
49539  36.442  -25.694  28.553 1.0000000000
49540  35.646  -25.945  28.273 0.8888890147
49553  36.193  -25.492  27.632 0.8888890147
135890  36.041  -24.004  25.466 0.8888890147
152918  36.687  -23.614  25.701 0.8888890147
51756  36.079  -23.334  24.922 0.8888890147
49450  34.324  -26.559  34.871 0.3333329856
49474  34.830  -25.966  33.578 0.5555559993
49511  35.527  -26.084  30.411 0.7777780294
49524  36.531  -25.726  29.432 0.7777780294
49523  37.180  -25.405  28.922 1.0000000000
50607  36.996  -25.215  28.057 1.0000000000
145604  36.852  -24.595  26.866 1.0000000000
50622  36.241  -24.972  26.896 1.0000000000
51746  37.365  -23.049  26.001 1.0000000000
52819  36.855  -22.784  25.280 1.0000000000
52837  37.069  -21.975  24.928 1.0000000000
52838  36.439  -22.448  24.551 0.8888890147
49473  35.617  -25.714  33.865 0.3333329856
49449  35.040  -26.553  34.938 0.3333329856
143600  35.535  -25.699  32.258 0.5555559993
49510  36.396  -25.655  30.412 0.6666669846
49497  35.745  -25.782  31.314 0.7777780294
50606  37.717  -24.873  28.445 0.8888890147
50595  37.205  -25.356  29.835 0.6666669846
50620  37.480  -24.571  27.488 1.0000000000
51731  37.265  -23.930  26.547 1.0000000000
52818  37.502  -22.272  25.583 1.0000000000
53885  37.693  -21.563  25.222 1.0000000000
53904  37.407  -21.282  24.532 1.0000000000
49448  35.645  -26.627  34.822 0.3333329856
49463  35.780  -26.004  34.424 0.3333329856
49485  36.230  -25.288  32.055 0.5555559993
49486  35.973  -25.310  32.742 0.4444440007
50577  37.172  -25.087  30.803 0.6666669846
49496  36.532  -25.341  31.296 0.6666669846
50594  37.814  -24.978  29.306 0.6666669846
51713  38.013  -23.729  27.278 1.0000000000
151537  37.828  -23.224  26.627 1.0000000000
52794  38.000  -22.383  26.353 1.0000000000
53869  37.951  -21.772  25.824 1.0000000000
53884  38.276  -21.196  25.549 1.0000000000
55016  38.408  -20.180  24.498 1.0000000000
56087  38.075  -19.831  23.798 1.0000000000
49462  37.278  -25.756  34.253 0.3333329856
140931  36.541  -25.824  34.230 0.3333329856
50522  36.906  -24.948  33.582 0.4444440007
50523  36.144  -25.265  33.410 0.3333329856
152893  37.119  -24.818  31.943 0.5555559993
50542  36.600  -24.961  32.800 0.3333329856
50593  38.486  -24.600  29.614 0.6666669846
51691  38.966  -23.706  28.518 0.8888890147
51692  38.848  -24.201  29.026 0.7777780294
50605  38.298  -24.636  28.884 0.7777780294
51712  38.718  -23.412  27.815 0.8888890147
52774  38.405  -22.923  27.092 0.8888890147
52793  38.751  -22.059  26.956 1.0000000000
53868  38.523  -21.571  26.219 1.0000000000
55001  38.615  -20.518  25.268 1.0000000000
56086  38.680  -19.215  24.210 1.0000000000
57153  38.412  -18.437  23.687 1.0000000000
50499  37.177  -25.286  33.983 0.4444440007
50521  37.811  -24.809  33.617 0.4444440007
51605  38.359  -24.180  33.251 0.2222220004
51622  38.086  -24.193  32.423 0.3333329856
50541  37.474  -24.623  32.996 0.4444440007
50557  37.983  -24.587  31.237 0.5555559993
50575  38.642  -24.417  30.514 0.6666669846
52755  39.328  -23.048  28.375 0.8888890147
51674  39.130  -24.123  29.875 0.7777780294
52773  38.986  -22.577  27.689 0.8888890147
56075  38.916  -19.776  25.075 1.0000000000
141134  39.259  -18.876  25.041 1.0000000000
143041  38.936  -18.072  24.432 1.0000000000
58168  38.551  -17.686  23.848 0.8888890147
51655  39.693  -23.556  30.311 0.5555559993
51637  38.849  -23.931  31.624 0.6666669846
51673  39.505  -23.507  29.264 0.7777780294
51656  39.227  -23.955  30.686 0.6666669846
53867  39.206  -21.068  26.848 0.8888890147
54982  39.395  -20.212  26.254 0.8888890147
54983  38.819  -20.777  25.954 0.8888890147
55000  39.010  -20.166  25.653 0.8888890147
59165  38.974  -16.541  24.284 1.0000000000
58160  38.827  -17.256  24.224 0.8888890147
144574  37.972  -16.142  23.338 0.8888890147
157527  37.762  -15.654  23.072 1.0000000000
52741  40.142  -22.917  29.942 0.6666669846
52772  39.558  -22.329  28.173 0.8888890147
53853  39.401  -21.786  27.602 0.8888890147
56074  39.385  -19.547  25.702 0.8888890147
59166  38.587  -15.959  23.808 1.0000000000
60180  38.127  -15.288  23.403 1.0000000000
60188  37.412  -15.185  22.840 0.8888890147
155503  40.425  -22.197  29.723 0.7777780294
134481  39.868  -21.023  27.674 0.8888890147
56056  39.744  -19.448  26.420 0.8888890147
57129  39.706  -18.630  25.876 0.8888890147
140797  39.537  -17.920  25.227 0.8888890147
58156  39.296  -17.161  24.772 1.0000000000
60179  38.909  -15.278  23.893 1.0000000000
146852  39.169  -15.895  24.215 1.0000000000
61228  38.437  -14.666  23.437 1.0000000000
61238  37.791  -14.630  22.952 1.0000000000
61239  37.184  -14.509  22.686 1.0000000000
63348  36.207  -12.880  21.863 0.7777780294
54955  40.316  -20.349  28.098 0.7777780294
149553  39.908  -18.728  26.574 0.8888890147
140722  39.925  -17.753  25.904 0.8888890147
58155  39.891  -17.124  25.354 0.8888890147
59160  39.679  -16.383  24.742 1.0000000000
61221  39.415  -15.103  24.179 1.0000000000
63345  38.522  -12.140  22.648 1.0000000000
62255  38.698  -14.016  23.477 1.0000000000
63332  38.390  -12.768  22.927 1.0000000000
62263  38.365  -13.482  23.086 1.0000000000
64348  38.014  -11.894  22.085 1.0000000000
62264  38.079  -14.070  22.987 1.0000000000
63346  37.818  -12.419  22.357 1.0000000000
63333  37.644  -13.277  22.649 1.0000000000
62265  37.302  -14.014  22.688 1.0000000000
64368  37.589  -11.788  21.396 1.0000000000
64349  37.260  -12.010  21.846 1.0000000000
62275  36.809  -13.435  22.270 1.0000000000
133637  37.667  -11.723  19.833 0.7777780294
64389  37.179  -11.648  20.647 0.7777780294
63347  37.029  -12.655  22.108 0.8888890147
56044  40.288  -19.587  27.709 0.8888890147
56049  40.033  -19.152  27.144 0.8888890147
57115  39.955  -18.166  26.398 0.8888890147
58145  40.251  -17.611  26.530 0.8888890147
145400  40.236  -17.182  25.999 0.8888890147
60173  39.536  -15.573  24.367 1.0000000000
62254  39.483  -13.810  23.946 1.0000000000
63316  38.936  -13.175  23.454 1.0000000000
133640  38.452  -11.757  21.506 1.0000000000
134670  38.771  -11.858  22.261 1.0000000000
64367  39.354  -11.829  21.640 1.0000000000
64388  38.096  -11.726  20.664 1.0000000000
64387  39.158  -11.842  20.652 1.0000000000
133638  38.629  -11.868  19.791 0.7777780294
58136  40.581  -17.529  27.128 0.7777780294
59153  40.583  -16.998  26.503 0.7777780294
57101  40.213  -18.253  27.054 0.7777780294
60167  40.650  -15.935  25.714 0.7777780294
60172  40.157  -15.876  24.937 0.8888890147
61213  40.534  -15.379  25.199 0.8888890147
61220  39.973  -15.060  24.581 1.0000000000
62249  40.090  -14.156  24.551 1.0000000000
61226  39.627  -14.596  24.203 1.0000000000
64346  40.522  -11.941  22.700 1.0000000000
63330  40.406  -11.994  23.632 1.0000000000
63331  39.865  -12.323  23.620 1.0000000000
64332  39.158  -12.399  23.226 1.0000000000
134044  41.513  -12.059  22.399 1.0000000000
132953  39.697  -11.988  23.188 1.0000000000
157071  39.064  -11.938  22.858 1.0000000000
158086  41.011  -12.109  21.902 1.0000000000
150811  40.261  -11.969  21.813 1.0000000000
64347  39.549  -11.876  22.476 1.0000000000
64366  40.916  -12.173  21.200 1.0000000000
64386  40.104  -11.992  20.973 1.0000000000
160200  40.003  -12.072  20.251 1.0000000000
133639  39.536  -12.010  19.708 1.0000000000
134922  39.151  -12.027  18.898 0.7777780294
59141  40.830  -17.010  27.215 0.7777780294
59152  40.980  -16.525  26.863 0.7777780294
60166  41.026  -15.935  26.451 0.7777780294
61219  40.636  -14.647  25.089 0.8888890147
64331  41.833  -11.968  23.880 0.8888890147
64313  41.062  -11.997  24.142 1.0000000000
63314  40.486  -12.493  24.166 1.0000000000
63302  40.230  -13.294  24.384 1.0000000000
63315  39.680  -12.836  23.814 1.0000000000
134127  41.230  -11.958  23.315 1.0000000000
64365  41.717  -12.184  21.465 1.0000000000
156072  41.456  -12.220  20.764 1.0000000000
64385  40.822  -12.217  20.344 1.0000000000
134134  40.351  -12.198  19.605 1.0000000000
133630  40.600  -12.188  18.748 1.0000000000
64421  39.851  -12.186  18.524 1.0000000000
59140  41.017  -16.544  27.692 0.5555559993
59132  41.050  -16.648  28.554 0.4444440007
60160  41.302  -15.957  27.283 0.5555559993
61202  41.433  -15.430  26.766 0.5555559993
61212  41.076  -15.204  25.881 0.7777780294
62239  41.233  -14.265  25.636 1.0000000000
64289  42.591  -12.006  25.508 0.8888890147
64290  41.890  -12.140  25.077 0.7777780294
136923  40.915  -12.837  24.847 1.0000000000
62248  40.729  -13.755  24.989 1.0000000000
64312  41.615  -12.042  24.550 0.8888890147
64311  42.387  -11.952  24.568 0.8888890147
137703  42.685  -12.019  23.560 0.8888890147
63329  42.922  -12.099  22.694 0.8888890147
134020  42.112  -12.041  22.978 1.0000000000
154500  43.598  -12.037  22.523 0.8888890147
64345  42.357  -12.135  22.095 1.0000000000
63355  43.243  -12.099  21.812 1.0000000000
64364  42.574  -12.142  21.243 1.0000000000
150820  42.097  -12.172  20.688 1.0000000000
134300  41.663  -12.162  20.138 1.0000000000
64407  41.183  -12.196  19.498 1.0000000000
133631  41.562  -12.070  18.698 1.0000000000
64492  37.483  -11.823  15.708 0.5555559993
64519  36.365  -11.444  14.684 0.3333329856
59131  41.628  -16.227  28.968 0.5555559993
145845  41.937  -15.306  27.636 0.5555559993
61211  41.754  -14.657  26.504 0.6666669846
134936  42.009  -12.983  26.003 0.6666669846
158913  41.743  -13.842  26.019 0.5555559993
63283  42.642  -12.453  26.080 0.6666669846
63301  41.638  -12.648  25.228 0.8888890147
148723  43.113  -11.897  24.952 0.7777780294
64310  43.281  -11.965  24.119 0.7777780294
64309  44.061  -11.912  23.793 0.7777780294
64329  44.291  -11.918  22.880 0.7777780294
64344  44.074  -11.984  22.008 0.8888890147
64363  43.946  -11.933  21.148 0.8888890147
133252  43.222  -12.041  20.988 1.0000000000
64384  42.784  -12.030  20.474 1.0000000000
64406  42.023  -12.045  19.444 1.0000000000
134727  41.969  -11.964  17.903 1.0000000000
134726  41.081  -12.029  17.916 1.0000000000
141558  40.601  -11.977  17.079 1.0000000000
64462  39.524  -11.986  17.016 0.7777780294
64489  40.825  -11.701  15.566 0.7777780294
64461  40.165  -11.860  16.153 0.7777780294
135040  39.394  -11.874  16.171 0.5555559993
64491  38.866  -11.792  15.718 0.5555559993
64490  39.563  -11.721  15.541 0.5555559993
140970  39.012  -11.510  14.985 0.5555559993
64517  38.140  -11.628  15.153 0.4444440007
65510  36.924  -11.059  14.139 0.3333329856
65511  35.892  -10.880  13.827 0.1111110002
65536  34.296  -10.243  13.454 0.1111110002
66579  33.595  -9.940  13.702 0.1111110002
66560  32.961  -8.640  14.114 0.1111110002
61173  42.493  -15.337  28.527 0.5555559993
62226  42.325  -14.513  27.190 0.5555559993
62213  43.273  -14.383  28.007 0.5555559993
62225  42.933  -13.954  27.295 0.5555559993
62238  42.249  -13.832  26.611 0.5555559993
63248  43.553  -13.711  27.761 0.5555559993
64271  43.107  -12.003  26.159 0.7777780294
145606  43.937  -11.861  24.819 0.5555559993
147352  44.620  -11.777  24.301 0.4444440007
143942  44.870  -11.747  23.635 0.5555559993
64307  46.523  -11.349  24.693 0.4444440007
137849  45.793  -11.525  23.691 0.5555559993
65379  47.940  -11.342  24.999 0.3333329856
64327  46.103  -11.423  22.916 0.4444440007
64328  45.230  -11.689  22.894 0.6666669846
64343  44.820  -11.753  22.157 0.6666669846
64362  44.549  -11.781  21.524 0.7777780294
64361  45.233  -11.597  21.470 0.6666669846
133641  44.725  -11.662  20.808 0.6666669846
64383  43.623  -11.834  20.293 0.8888890147
64405  42.920  -11.900  19.557 1.0000000000
133632  42.451  -11.915  18.660 1.0000000000
64458  42.874  -11.853  16.819 1.0000000000
141419  42.271  -11.912  17.206 1.0000000000
143673  42.192  -11.697  15.499 1.0000000000
64459  42.054  -11.862  16.392 1.0000000000
64460  41.115  -11.861  16.347 1.0000000000
64513  42.439  -11.372  14.781 1.0000000000
64488  41.524  -11.754  15.744 1.0000000000
64514  41.467  -11.475  14.962 0.7777780294
143121  40.174  -11.655  15.392 0.5555559993
65505  41.829  -10.922  14.257 0.6666669846
65506  40.960  -10.943  14.287 0.6666669846
65508  39.282  -11.013  14.311 0.5555559993
65509  38.429  -11.135  14.359 0.4444440007
158809  37.692  -11.264  14.433 0.3333329856
65529  41.336  -10.465  13.655 0.6666669846
65530  40.486  -10.515  13.634 0.5555559993
65531  39.623  -10.577  13.606 0.3333329856
65534  36.635  -10.580  13.305 0.3333329856
149894  35.869  -10.363  13.128 0.1111110002
65532  38.718  -10.649  13.601 0.3333329856
66576  37.168  -10.061  12.852 0.3333329856
61152  42.846  -15.952  29.200 0.4444440007
144023  43.359  -16.124  28.825 0.2222220004
61171  42.989  -15.383  28.644 0.4444440007
61190  42.933  -14.953  28.368 0.5555559993
61191  42.656  -14.727  27.884 0.5555559993
60144  43.907  -15.434  28.078 0.3333329856
61170  43.915  -15.020  28.221 0.5555559993
63247  44.024  -13.232  27.779 0.5555559993
63266  43.972  -12.577  27.244 0.4444440007
64270  43.885  -11.949  26.612 0.5555559993
134144  44.945  -11.749  25.105 0.4444440007
64284  47.420  -11.671  25.590 0.4444440007
63298  49.191  -12.455  25.372 0.1111110002
141202  50.183  -12.661  24.482 0.1111110002
64306  48.769  -11.377  24.605 0.1111110002
65402  48.762  -10.923  23.997 0.1111110002
64326  46.969  -11.128  22.857 0.2222220004
65403  47.801  -10.894  23.661 0.2222220004
64341  46.368  -11.333  22.258 0.4444440007
65411  47.849  -10.852  22.659 0.2222220004
64360  46.185  -11.388  21.443 0.4444440007
64340  47.062  -11.175  21.985 0.4444440007
135515  45.573  -11.492  20.722 0.5555559993
154724  44.467  -11.611  20.008 0.8888890147
64403  45.134  -11.509  19.460 0.7777780294
158397  44.543  -11.564  19.413 0.8888890147
133635  45.399  -11.581  18.616 0.8888890147
133634  44.656  -11.562  18.876 1.0000000000
133633  43.314  -11.754  18.598 1.0000000000
134730  44.845  -11.639  18.077 1.0000000000
134729  44.235  -11.709  17.602 1.0000000000
134728  42.872  -11.816  17.759 1.0000000000
149771  43.585  -11.787  17.208 1.0000000000
64485  44.399  -11.708  15.811 1.0000000000
142450  44.301  -11.774  16.774 1.0000000000
64511  44.001  -11.404  14.954 1.0000000000
148824  42.847  -11.806  15.971 1.0000000000
65503  44.419  -10.827  14.397 1.0000000000
152359  43.201  -11.408  14.887 1.0000000000
64487  42.837  -11.633  15.307 1.0000000000
65504  43.030  -10.336  13.713 1.0000000000
157722  42.930  -11.142  14.558 1.0000000000
65528  42.179  -10.409  13.661 0.6666669846
66572  41.692  -9.860  13.198 0.5555559993
66573  40.856  -9.922  13.143 0.6666669846
150160  39.997  -9.972  13.081 0.4444440007
66591  41.222  -9.323  12.726 0.4444440007
66574  39.095  -10.036  13.010 0.3333329856
62196  43.328  -14.851  28.325 0.5555559993
62195  43.931  -14.549  28.223 0.5555559993
145690  44.504  -13.365  28.064 0.5555559993
134697  44.580  -12.808  27.754 0.4444440007
63246  45.091  -13.098  28.073 0.4444440007
63265  45.100  -12.543  27.712 0.4444440007
64269  44.892  -11.880  26.767 0.4444440007
64252  46.136  -12.212  27.244 0.4444440007
64266  47.098  -12.091  26.223 0.3333329856
64265  47.704  -12.166  25.792 0.3333329856
63280  48.772  -12.743  26.024 0.1111110002
64304  50.092  -11.811  24.081 0.1111110002
65394  49.401  -11.176  24.076 0.1111110002
62262  50.522  -13.409  23.346 0.1111110002
133838  49.430  -10.791  23.369 0.1111110002
139037  48.862  -10.649  22.472 0.2222220004
65423  47.956  -10.915  21.711 0.2222220004
64359  47.141  -11.255  21.076 0.3333329856
134135  45.797  -11.457  19.937 0.5555559993
64381  46.414  -11.395  20.484 0.5555559993
138905  46.586  -11.487  19.610 0.6666669846
152843  46.081  -11.635  18.402 0.7777780294
157831  46.936  -11.330  16.246 0.7777780294
64454  46.740  -11.580  16.814 0.7777780294
64435  46.662  -11.671  17.792 0.7777780294
64436  45.701  -11.696  17.731 0.8888890147
65483  47.839  -10.512  15.927 0.8888890147
64483  46.334  -11.407  15.904 0.7777780294
64455  45.766  -11.702  16.728 0.8888890147
64437  44.973  -11.745  17.231 1.0000000000
66541  47.327  -10.379  15.103 0.8888890147
64456  44.972  -11.744  16.455 1.0000000000
65484  46.544  -10.805  15.100 0.8888890147
140721  45.756  -11.121  15.131 1.0000000000
65485  44.900  -11.328  15.054 1.0000000000
66559  43.927  -10.263  13.790 1.0000000000
66571  42.540  -9.771  13.249 0.6666669846
61189  44.727  -14.666  27.964 0.3333329856
61169  44.682  -14.268  28.098 0.5555559993
62210  45.229  -13.653  28.027 0.4444440007
62209  45.794  -13.611  27.794 0.3333329856
63245  45.579  -13.227  27.870 0.4444440007
63261  47.543  -13.096  27.084 0.3333329856
151693  48.112  -12.500  26.113 0.3333329856
152149  48.972  -13.457  26.267 0.2222220004
64325  50.054  -11.213  23.652 0.1111110002
64324  50.532  -11.641  23.355 0.1111110002
62306  51.212  -13.082  19.913 0.1111110002
62285  51.415  -12.853  20.394 0.1111110002
62274  51.120  -13.325  22.047 0.1111110002
65401  50.589  -11.179  23.011 0.1111110002
64358  48.100  -11.174  20.733 0.5555559993
64401  47.424  -11.570  19.229 0.6666669846
64380  47.282  -11.382  20.142 0.6666669846
64433  48.342  -11.106  17.306 0.6666669846
64419  48.451  -11.343  18.064 0.7777780294
64420  47.528  -11.607  18.321 0.7777780294
135514  46.703  -11.614  18.741 0.6666669846
65465  48.427  -10.590  16.717 0.7777780294
65466  47.596  -11.193  16.551 0.7777780294
64434  47.572  -11.495  17.433 0.7777780294
66555  47.544  -9.632  14.579 0.8888890147
66556  46.647  -10.035  14.387 1.0000000000
65501  46.014  -10.603  14.579 1.0000000000
65502  45.296  -10.725  14.482 1.0000000000
67733  46.163  -9.260  13.759 1.0000000000
66557  45.717  -10.058  14.077 1.0000000000
66558  44.836  -10.129  13.937 1.0000000000
66569  44.356  -9.518  13.373 1.0000000000
66570  43.431  -9.657  13.299 0.7777780294
67745  43.839  -8.808  12.957 0.7777780294
67746  42.903  -9.011  12.932 0.6666669846
60150  45.544  -14.507  27.756 0.3333329856
62208  46.426  -13.593  27.581 0.3333329856
63243  46.697  -13.112  27.449 0.4444440007
62224  47.171  -13.587  27.336 0.3333329856
62223  47.965  -13.829  27.034 0.2222220004
64397  51.751  -11.787  19.506 0.1111110002
64378  51.682  -11.326  20.105 0.1111110002
63383  51.572  -12.468  19.025 0.1111110002
63382  51.606  -12.414  19.607 0.1111110002
64377  51.771  -11.761  20.131 0.1111110002
65419  51.662  -11.268  21.067 0.1111110002
65409  50.914  -10.986  22.328 0.1111110002
62315  50.757  -13.521  18.913 0.1111110002
139688  50.337  -10.761  20.224 0.3333329856
65431  50.197  -10.622  21.147 0.3333329856
65421  49.774  -10.585  22.108 0.1111110002
64399  49.188  -11.104  18.785 0.5555559993
65439  48.903  -11.250  19.420 0.5555559993
152264  49.215  -10.980  20.302 0.3333329856
143473  51.519  -8.282  17.467 0.3333329856
67682  50.930  -8.432  17.535 0.3333329856
67659  50.425  -8.924  17.655 0.5555559993
66509  49.778  -9.493  17.517 0.5555559993
155833  49.168  -10.445  17.512 0.5555559993
159688  48.808  -10.972  17.757 0.6666669846
65446  49.400  -10.782  18.171 0.5555559993
64400  48.298  -11.516  18.894 0.5555559993
64379  48.193  -11.409  19.762 0.5555559993
67681  51.966  -7.905  17.359 0.2222220004
68800  51.328  -7.749  17.362 0.3333329856
67683  49.993  -8.309  17.175 0.5555559993
66519  49.056  -9.241  16.822 0.5555559993
143013  48.924  -9.860  17.038 0.5555559993
68789  51.992  -7.224  17.326 0.4444440007
68790  51.109  -6.975  17.100 0.4444440007
68802  49.881  -7.577  16.314 0.5555559993
67684  49.298  -8.692  16.515 0.5555559993
137143  48.694  -9.136  15.705 0.6666669846
65482  48.526  -9.900  16.219 0.7777780294
152875  50.998  -6.374  16.554 0.5555559993
67713  49.027  -8.433  15.697 0.6666669846
69829  49.712  -6.786  15.579 0.6666669846
68815  49.213  -7.638  15.378 0.7777780294
67730  48.534  -8.393  14.852 0.8888890147
66540  48.038  -9.836  15.354 0.8888890147
67731  47.769  -8.780  14.345 0.8888890147
147408  47.007  -9.064  14.048 1.0000000000
67742  46.551  -8.291  13.556 1.0000000000
66568  45.279  -9.384  13.519 1.0000000000
67743  45.714  -8.440  13.299 1.0000000000
67744  44.788  -8.589  13.102 1.0000000000
67759  44.297  -7.693  12.583 0.6666669846
67760  43.303  -8.222  12.482 0.5555559993
67761  42.405  -8.493  12.398 0.3333329856
68873  42.773  -7.637  12.086 0.3333329856
68874  41.864  -7.934  11.937 0.3333329856
64417  51.502  -11.629  18.704 0.2222220004
64398  51.659  -11.339  19.822 0.2222220004
65429  51.555  -11.066  20.558 0.1111110002
64418  51.083  -10.747  18.447 0.2222220004
65443  51.398  -11.063  19.300 0.2222220004
65437  50.971  -10.741  19.562 0.2222220004
157941  50.878  -10.675  21.285 0.1111110002
66517  51.187  -9.140  17.698 0.2222220004
65451  50.917  -10.117  17.964 0.4444440007
145648  50.788  -10.447  18.287 0.4444440007
65444  50.965  -10.702  18.821 0.3333329856
65438  49.844  -10.889  19.494 0.4444440007
67711  51.514  -8.891  17.151 0.2222220004
66508  50.784  -9.577  17.743 0.4444440007
65452  50.349  -10.101  18.036 0.5555559993
65445  50.348  -10.638  18.725 0.5555559993
67679  53.617  -8.352  17.351 0.2222220004
66514  54.646  -9.825  17.176 0.2222220004
67657  53.288  -7.674  17.459 0.4444440007
66506  55.182  -9.426  17.212 0.3333329856
69809  52.512  -6.772  17.192 0.4444440007
69817  51.809  -6.316  16.865 0.4444440007
69818  50.407  -6.788  16.334 0.5555559993
70850  52.352  -5.922  16.457 0.4444440007
148288  50.061  -6.159  15.655 0.6666669846
69830  49.088  -6.644  15.012 0.8888890147
68839  48.488  -7.160  14.476 0.8888890147
155411  47.969  -7.959  14.213 0.8888890147
67732  47.302  -8.113  13.886 1.0000000000
69845  47.910  -6.124  14.156 1.0000000000
68840  47.575  -7.088  14.016 1.0000000000
70916  48.333  -5.390  13.041 1.0000000000
69869  47.634  -5.644  13.830 1.0000000000
68858  46.861  -7.238  13.575 1.0000000000
69889  48.000  -5.763  12.329 0.8888890147
70895  47.909  -5.390  13.545 1.0000000000
70896  47.223  -5.443  13.328 1.0000000000
143454  46.439  -6.426  13.363 1.0000000000
68859  46.107  -7.369  13.282 1.0000000000
70930  47.112  -5.476  12.363 0.8888890147
70917  47.526  -5.251  12.983 0.8888890147
70897  46.379  -5.476  13.163 1.0000000000
69870  45.757  -6.285  13.123 1.0000000000
69871  44.975  -6.450  12.683 0.7777780294
70918  46.704  -5.152  12.915 0.7777780294
70919  45.923  -5.199  12.616 0.7777780294
69890  45.518  -5.494  12.770 0.5555559993
68872  43.563  -7.364  12.224 0.3333329856
69902  46.728  -6.031  11.448 0.7777780294
69893  43.279  -6.511  11.896 0.3333329856
133512  56.017  -10.873  15.787 0.3333329856
151656  55.664  -9.498  16.884 0.4444440007
65449  55.656  -10.244  16.952 0.3333329856
69807  53.858  -6.940  17.280 0.4444440007
70858  52.457  -5.730  15.728 0.5555559993
70851  51.759  -5.778  16.079 0.6666669846
69816  52.746  -6.264  16.873 0.4444440007
70861  50.206  -5.672  15.268 0.6666669846
69843  49.427  -5.893  15.051 0.7777780294
70914  49.859  -5.512  13.296 1.0000000000
70894  48.605  -5.249  13.755 1.0000000000
70877  48.211  -5.531  14.097 1.0000000000
69887  49.895  -6.079  12.403 1.0000000000
70915  49.150  -5.446  13.137 1.0000000000
69888  48.900  -5.917  12.316 0.8888890147
69901  49.382  -6.873  11.696 1.0000000000
142467  48.516  -6.666  11.642 0.7777780294
139620  47.606  -6.548  11.447 0.7777780294
68909  50.140  -7.931  10.558 0.8888890147
68889  48.995  -7.444  11.101 0.8888890147
153863  48.294  -7.220  11.016 0.8888890147
68929  50.006  -7.815  9.877 0.6666669846
68912  47.748  -7.267  10.450 0.6666669846
69915  47.055  -6.820  10.773 0.6666669846
68930  49.177  -7.660  9.734 0.5555559993
68931  48.336  -7.478  9.703 0.5555559993
67677  55.629  -8.920  16.607 0.4444440007
68799  55.081  -7.596  16.743 0.4444440007
67728  55.443  -8.960  15.255 0.5555559993
68836  55.093  -8.105  15.405 0.4444440007
69827  53.787  -6.014  15.893 0.4444440007
70871  53.114  -5.819  15.462 0.5555559993
70859  51.871  -5.549  15.326 0.5555559993
142031  53.477  -6.134  14.790 0.7777780294
70860  51.078  -5.619  15.486 0.7777780294
70872  52.558  -5.663  14.749 0.7777780294
70874  50.618  -5.350  14.660 0.7777780294
70875  49.753  -5.406  14.543 0.8888890147
69844  48.672  -6.049  14.527 0.8888890147
68869  52.316  -7.913  12.530 1.0000000000
151722  51.577  -5.972  13.095 1.0000000000
70892  50.224  -5.297  13.914 1.0000000000
70876  48.971  -5.447  14.321 1.0000000000
69886  51.551  -7.011  12.522 1.0000000000
69868  50.716  -5.763  13.015 1.0000000000
70893  49.371  -5.200  13.873 1.0000000000
68870  51.706  -7.975  11.891 1.0000000000
142468  50.780  -6.638  12.319 1.0000000000
68886  51.494  -8.396  11.045 1.0000000000
68871  51.032  -7.628  11.773 1.0000000000
69900  50.230  -7.215  11.710 1.0000000000
68887  50.561  -8.021  11.101 1.0000000000
68888  49.769  -7.687  11.132 0.8888890147
140396  50.592  -7.461  9.367 0.5555559993
69927  49.734  -7.306  9.206 0.4444440007
69928  48.884  -7.159  9.099 0.4444440007
69940  49.417  -6.521  8.617 0.3333329856
66565  55.955  -10.014  14.085 0.3333329856
66586  56.417  -9.899  13.434 0.7777780294
66566  55.184  -9.715  13.286 0.6666669846
67729  54.740  -8.672  14.602 0.5555559993
68837  54.577  -7.604  14.979 0.4444440007
68855  54.094  -8.230  14.092 0.7777780294
68838  53.878  -7.154  14.440 0.6666669846
69842  52.858  -5.996  14.016 0.7777780294
66589  54.269  -9.335  11.923 1.0000000000
67757  53.556  -9.072  12.397 1.0000000000
68856  53.394  -7.869  13.665 0.7777780294
69866  53.135  -6.815  13.917 0.8888890147
70890  52.066  -5.769  13.876 0.7777780294
70891  51.143  -5.491  13.847 0.8888890147
67775  54.340  -8.966  11.196 1.0000000000
68868  53.063  -8.379  12.876 1.0000000000
69867  52.334  -6.649  13.318 1.0000000000
67787  54.487  -8.344  10.527 0.8888890147
67776  53.553  -9.063  11.515 1.0000000000
68907  53.832  -7.959  10.026 1.0000000000
67778  52.502  -8.610  10.684 1.0000000000
67777  52.265  -8.504  11.578 1.0000000000
68908  52.934  -8.204  9.980 0.7777780294
139953  51.960  -8.160  10.118 0.8888890147
68928  50.878  -8.020  10.232 0.8888890147
68926  53.347  -7.389  9.567 0.6666669846
68927  52.457  -7.515  9.489 0.7777780294
148241  51.507  -7.539  9.460 0.6666669846
69926  51.170  -6.625  9.000 0.5555559993
69939  50.305  -6.584  8.767 0.4444440007
141926  58.316  -8.341  10.896 0.3333329856
67754  58.218  -8.517  11.951 0.3333329856
67756  57.232  -9.132  12.775 0.4444440007
68867  57.881  -7.771  12.524 0.7777780294
68884  57.245  -7.920  12.269 0.7777780294
67773  56.143  -8.881  11.936 0.7777780294
151951  54.862  -9.477  12.402 0.7777780294
68885  56.160  -7.880  11.368 1.0000000000
67774  55.244  -8.591  11.159 1.0000000000
66605  55.053  -9.232  11.801 1.0000000000
69899  55.924  -6.950  10.977 0.7777780294
69913  55.247  -6.902  10.422 0.7777780294
68906  54.627  -7.445  10.155 0.7777780294
69914  54.668  -6.411  9.984 0.7777780294
69923  53.804  -6.458  9.487 0.7777780294
69924  52.928  -6.560  9.242 0.5555559993
69925  52.034  -6.636  9.121 0.5555559993
70956  51.656  -5.920  8.807 0.5555559993
70960  50.888  -5.683  8.458 0.4444440007
147197  50.328  -5.037  8.104 0.2222220004
68904  58.469  -7.544  10.462 0.2222220004
69897  58.472  -6.684  11.173 0.4444440007
68883  58.326  -7.597  11.598 0.5555559993
69884  57.922  -6.585  12.827 0.6666669846
69885  57.561  -6.597  12.810 0.7777780294
69898  56.747  -6.950  11.879 0.8888890147
147865  56.227  -6.229  11.542 1.0000000000
149087  55.511  -5.997  10.778 0.7777780294
70944  54.919  -5.349  10.286 0.7777780294
70953  54.226  -5.528  9.661 0.7777780294
70954  53.396  -5.593  9.264 0.6666669846
143390  51.752  -4.280  8.374 0.4444440007
70959  51.690  -5.144  8.555 0.5555559993
74906  52.004  -1.378  8.339 0.4444440007
73931  52.549  -2.921  8.522 0.4444440007
72961  51.803  -3.399  8.263 0.3333329856
75903  51.160  -1.015  8.031 0.2222220004
73932  51.726  -2.454  8.161 0.3333329856
72962  51.022  -3.817  8.005 0.3333329856
71949  51.000  -4.711  8.182 0.3333329856
75897  51.042  -0.069  8.184 0.2222220004
74907  51.262  -1.815  7.937 0.2222220004
74913  50.607  -1.675  7.796 0.2222220004
69883  58.210  -6.769  12.420 0.4444440007
70943  58.585  -5.501  10.296 0.3333329856
70927  58.495  -5.795  11.246 0.2222220004
69863  58.074  -5.948  13.161 0.6666669846
70912  56.875  -5.424  13.340 0.8888890147
70929  56.123  -5.265  11.750 0.6666669846
148898  55.511  -5.063  10.931 0.7777780294
71931  55.224  -4.544  10.574 0.7777780294
72930  54.968  -3.876  10.067 0.7777780294
71932  54.569  -4.651  9.890 0.6666669846
71943  53.836  -4.720  9.398 0.6666669846
71944  53.012  -4.729  9.060 0.6666669846
142320  53.463  -3.939  9.128 0.6666669846
148786  52.525  -2.123  8.489 0.5555559993
71948  52.601  -3.891  8.689 0.6666669846
156711  52.314  -4.719  8.717 0.5555559993
75896  51.784  -0.248  8.434 0.4444440007
76870  51.476  0.798  8.430 0.3333329856
76871  50.491  0.796  8.146 0.2222220004
76877  49.644  0.044  7.820 0.2222220004
139444  58.339  -6.005  12.337 0.5555559993
72945  58.634  -4.426  9.595 0.2222220004
71902  58.135  -4.335  13.503 0.5555559993
71903  57.546  -4.512  13.923 0.5555559993
153580  56.977  -3.689  13.582 0.6666669846
70889  57.454  -5.359  13.731 0.6666669846
72911  56.448  -3.725  12.942 0.6666669846
70913  56.464  -5.118  12.804 0.6666669846
71923  55.879  -4.478  11.392 0.6666669846
72921  56.188  -3.808  11.878 0.6666669846
73893  56.138  -3.120  11.165 0.6666669846
72929  55.674  -3.878  10.861 0.6666669846
72946  54.239  -3.903  9.527 0.6666669846
147986  54.292  -2.313  9.207 0.6666669846
74905  52.946  -1.440  8.724 0.6666669846
73930  53.326  -2.397  8.840 0.6666669846
72960  53.171  -3.260  8.870 0.6666669846
75895  52.624  -0.477  8.711 0.5555559993
77834  50.277  1.910  8.061 0.2222220004
76872  49.526  1.079  7.879 0.1111110002
158305  58.426  -5.333  12.173 0.2222220004
71922  58.557  -4.742  10.416 0.3333329856
146527  58.500  -5.033  11.334 0.3333329856
140305  58.506  -3.850  10.720 0.2222220004
145297  58.468  -4.284  11.461 0.3333329856
71915  58.406  -4.515  12.534 0.3333329856
70911  58.245  -5.267  13.103 0.5555559993
136165  58.637  -3.565  9.685 0.2222220004
159412  58.434  -3.758  11.562 0.2222220004
157372  58.234  -3.195  12.700 0.4444440007
72897  58.068  -3.525  13.364 0.5555559993
74839  57.431  -2.514  12.792 0.5555559993
73858  57.306  -3.068  13.221 0.6666669846
140749  56.922  -2.318  12.428 0.6666669846
147906  56.552  -2.298  11.499 0.6666669846
73903  56.066  -2.335  10.432 0.6666669846
74883  55.247  -1.312  9.467 0.5555559993
73904  55.234  -2.190  9.608 0.6666669846
74897  54.596  -1.470  9.256 0.6666669846
73919  54.710  -3.101  9.572 0.7777780294
72947  53.893  -3.151  9.175 0.6666669846
74898  53.802  -1.535  9.031 0.6666669846
76869  52.436  0.675  8.692 0.4444440007
77833  51.134  1.707  8.194 0.4444440007
77846  51.635  2.070  8.022 0.4444440007
73902  58.454  -2.810  10.729 0.2222220004
73891  58.324  -3.134  11.817 0.2222220004
73918  58.658  -2.562  9.709 0.2222220004
74869  58.100  -2.140  11.729 0.3333329856
147022  57.866  -1.150  11.537 0.3333329856
74896  58.699  -1.669  9.628 0.2222220004
74838  57.779  -2.544  12.738 0.3333329856
74856  57.409  -1.918  12.198 0.4444440007
140920  58.973  0.241  9.257 0.2222220004
74857  57.201  -1.891  12.156 0.6666669846
75852  57.268  -1.213  11.735 0.6666669846
75851  57.442  -1.123  11.698 0.4444440007
75865  56.848  -0.678  11.067 0.6666669846
74871  56.507  -1.500  10.786 0.6666669846
74882  55.900  -1.502  9.909 0.6666669846
75876  55.651  -0.804  9.573 0.6666669846
75887  54.854  -0.570  9.347 0.5555559993
147614  54.143  -0.874  9.147 0.5555559993
75888  54.054  -0.081  9.201 0.5555559993
75889  53.265  0.247  9.004 0.4444440007
149006  52.712  1.393  8.483 0.4444440007
76868  53.229  1.035  8.860 0.4444440007
77845  52.604  1.980  8.056 0.4444440007
77832  52.003  1.534  8.347 0.4444440007
78814  52.008  2.148  7.655 0.4444440007
78815  51.276  2.185  7.499 0.4444440007
77847  50.796  2.109  7.926 0.4444440007
74881  58.398  -1.578  10.677 0.2222220004
75874  58.241  -0.304  10.940 0.3333329856
75886  58.677  -0.629  10.015 0.2222220004
75862  57.943  -0.284  11.304 0.3333329856
147344  59.397  -0.618  7.951 0.2222220004
76867  59.427  0.456  8.154 0.2222220004
75875  56.318  -0.730  10.149 0.6666669846
76856  55.728  -0.098  9.633 0.6666669846
76861  55.924  0.323  9.637 0.6666669846
76862  54.901  0.399  9.309 0.5555559993
76863  53.924  0.729  9.112 0.4444440007
77822  53.826  1.189  8.814 0.6666669846
77831  53.333  1.477  8.401 0.5555559993
145142  53.559  1.888  7.985 0.5555559993
133422  52.552  2.111  7.375 0.4444440007
77859  50.132  2.071  6.221 0.4444440007
78831  47.194  2.918  6.590 0.1111110002
75873  58.515  0.512  10.359 0.3333329856
141165  59.185  1.416  9.180 0.2222220004
76846  57.762  0.472  11.013 0.4444440007
76847  57.528  0.255  11.005 0.4444440007
77827  59.760  2.253  8.201 0.2222220004
76848  56.999  -0.111  10.974 0.6666669846
78812  60.045  2.704  7.636 0.3333329856
77810  56.618  0.477  10.045 0.6666669846
77819  56.779  0.854  9.837 0.6666669846
137701  60.247  3.327  7.228 0.3333329856
77820  55.688  0.675  9.366 0.5555559993
77828  56.197  1.091  9.110 0.6666669846
77829  55.131  1.130  8.924 0.5555559993
77830  54.214  1.404  8.494 0.5555559993
77842  55.246  1.387  8.160 0.5555559993
77843  54.437  1.665  7.703 0.5555559993
77855  54.689  1.611  6.784 0.5555559993
134413  53.818  1.899  7.175 0.5555559993
77856  53.049  1.818  6.548 0.4444440007
78821  45.797  3.255  7.858 0.1111110002
77857  51.956  1.988  6.674 0.4444440007
78832  46.717  2.835  7.007 0.1111110002
78843  47.781  3.299  5.830 0.1111110002
77858  50.909  1.963  6.422 0.4444440007
134812  48.570  2.418  6.065 0.1111110002
78830  47.932  2.609  6.282 0.1111110002
77870  51.399  1.592  5.311 0.4444440007
77871  50.452  1.859  5.390 0.4444440007
78841  48.981  2.508  5.400 0.1111110002
78842  48.375  2.878  5.516 0.1111110002
77860  49.706  2.167  5.419 0.1111110002
76853  58.670  1.317  9.915 0.3333329856
77807  58.443  1.652  10.101 0.3333329856
76845  58.127  0.590  10.905 0.3333329856
156307  59.437  2.319  9.072 0.2222220004
150214  58.095  1.154  10.639 0.3333329856
77798  57.877  0.951  10.770 0.4444440007
78805  59.988  3.019  8.450 0.3333329856
77808  58.226  1.528  10.260 0.3333329856
77809  57.933  1.256  10.522 0.4444440007
77818  57.633  1.385  10.111 0.5555559993
142588  60.074  3.529  8.132 0.3333329856
78791  58.402  2.033  9.949 0.4444440007
79803  58.499  2.901  9.282 0.5555559993
78800  57.149  1.302  9.528 0.5555559993
78807  57.881  2.471  8.949 0.5555559993
78813  56.804  1.677  7.841 0.5555559993
77853  56.068  1.507  7.342 0.5555559993
157369  55.225  1.501  7.293 0.5555559993
77854  55.518  1.611  6.561 0.5555559993
133438  54.028  1.574  6.165 0.5555559993
78828  55.713  1.910  5.766 0.5555559993
133088  54.898  1.611  5.925 0.5555559993
79804  45.991  3.436  9.913 0.1111110002
79805  45.714  3.733  9.392 0.1111110002
77867  54.260  1.553  5.261 0.4444440007
77868  53.392  1.496  5.404 0.4444440007
79814  46.217  3.656  7.329 0.1111110002
77879  53.719  1.553  4.644 0.4444440007
77869  52.445  1.523  5.488 0.4444440007
77880  52.067  1.498  4.689 0.4444440007
77881  51.496  1.834  4.198 0.3333329856
77882  50.696  1.935  4.564 0.3333329856
77883  50.076  2.156  4.804 0.3333329856
77817  59.015  1.924  9.628 0.3333329856
78797  59.370  2.886  9.221 0.3333329856
78806  59.663  2.758  8.885 0.3333329856
78790  58.737  2.211  9.668 0.3333329856
79800  59.622  3.386  8.844 0.3333329856
79811  60.170  4.245  7.884 0.3333329856
80783  59.788  3.964  8.579 0.4444440007
79802  58.938  3.561  9.106 0.5555559993
81822  60.241  5.945  6.824 0.3333329856
80791  60.071  4.845  7.899 0.3333329856
79809  58.328  3.229  8.706 0.5555559993
148162  60.620  5.860  5.392 0.2222220004
146317  57.558  2.440  8.009 0.4444440007
142448  60.671  5.880  4.542 0.2222220004
153250  57.537  2.708  7.125 0.4444440007
78827  56.340  1.899  6.427 0.4444440007
78840  56.513  2.328  5.648 0.5555559993
79828  57.230  3.081  5.572 0.5555559993
79833  56.897  3.267  4.576 0.5555559993
160448  56.535  2.723  4.978 0.5555559993
132988  55.845  2.327  5.008 0.5555559993
77866  55.069  1.882  5.115 0.5555559993
78847  56.020  2.816  4.190 0.5555559993
78848  55.196  2.276  4.339 0.4444440007
77878  54.417  1.831  4.450 0.4444440007
148904  52.870  1.521  4.491 0.4444440007
78849  54.508  2.262  3.732 0.4444440007
77885  53.635  1.891  3.828 0.4444440007
156421  52.206  1.694  4.094 0.4444440007
79841  56.574  3.443  3.660 0.4444440007
145415  55.195  2.647  3.558 0.4444440007
78857  55.742  3.173  3.229 0.4444440007
79850  55.408  3.486  2.380 0.4444440007
80792  59.898  4.761  8.136 0.3333329856
80801  60.288  5.076  7.323 0.3333329856
80784  59.504  4.136  8.641 0.4444440007
81832  60.438  6.432  6.059 0.3333329856
79808  58.815  4.092  8.533 0.4444440007
81840  60.541  6.816  5.406 0.2222220004
79813  58.151  3.554  7.767 0.4444440007
79812  58.522  4.436  7.223 0.4444440007
155195  60.666  7.094  4.782 0.3333329856
82759  60.738  7.479  4.089 0.1111110002
78826  57.099  2.495  6.373 0.4444440007
79820  57.749  3.335  6.638 0.4444440007
138149  57.610  3.805  5.016 0.5555559993
80821  57.927  4.503  4.650 0.5555559993
79832  57.313  3.900  4.113 0.5555559993
80831  57.687  4.595  3.739 0.5555559993
80840  57.383  4.764  2.861 0.5555559993
81858  57.645  5.528  2.593 0.5555559993
79849  56.248  3.705  2.763 0.4444440007
80841  56.656  4.360  2.383 0.5555559993
80850  56.993  5.044  2.066 0.5555559993
81811  60.080  5.430  7.576 0.3333329856
148246  59.331  4.805  8.079 0.3333329856
81823  60.012  6.050  7.010 0.3333329856
156842  58.666  4.333  7.985 0.4444440007
82741  60.208  6.687  6.319 0.3333329856
82752  60.481  7.545  5.253 0.3333329856
82742  60.106  6.728  6.413 0.4444440007
80802  59.407  5.478  7.323 0.4444440007
156962  60.589  7.868  4.840 0.3333329856
82746  60.251  7.129  5.915 0.4444440007
81833  59.442  6.175  6.466 0.4444440007
135461  60.796  8.485  3.663 0.3333329856
82747  59.846  7.057  6.023 0.4444440007
81841  58.525  5.295  5.447 0.4444440007
80811  58.643  5.027  6.374 0.4444440007
83726  60.346  8.036  5.053 0.4444440007
82754  59.498  7.358  5.135 0.4444440007
160000  58.113  4.479  5.456 0.4444440007
81842  58.269  5.341  4.434 0.4444440007
81850  57.976  5.394  3.466 0.5555559993
82770  57.858  6.334  2.365 0.4444440007
83745  57.971  7.148  2.065 0.4444440007
81865  57.246  5.792  1.825 0.5555559993
83725  60.538  7.965  4.900 0.4444440007
83733  60.618  8.373  4.430 0.3333329856
83719  60.418  7.540  5.396 0.4444440007
84747  60.696  9.138  3.780 0.3333329856
152025  60.927  9.235  3.203 0.3333329856
157747  59.608  8.007  4.571 0.4444440007
81849  58.622  6.269  4.230 0.4444440007
82760  58.879  7.202  3.992 0.4444440007
81857  58.265  6.234  3.215 0.4444440007
82769  58.496  7.108  2.960 0.4444440007
157470  57.410  6.545  1.702 0.4444440007
84748  60.489  9.106  3.943 0.4444440007
85704  61.068  10.357  2.164 0.3333329856
159928  60.905  9.841  2.988 0.3333329856
84749  59.758  9.113  3.465 0.4444440007
145692  59.216  8.121  3.757 0.4444440007
84766  60.980  10.171  0.408 0.2222220004
83744  58.726  8.016  2.678 0.4444440007
84772  60.583  9.681  -0.807 0.2222220004
83749  59.007  8.937  2.283 0.4444440007
84761  58.449  8.696  1.232 0.4444440007
84757  59.932  9.936  2.787 0.4444440007
85709  60.765  10.596  1.760 0.4444440007
140659  59.430  9.667  1.744 0.4444440007
84767  58.900  9.437  0.682 0.4444440007
41148  0.377  -34.177  32.666 0.2222220004
37746  1.192  -35.856  34.005 0.4444440007
144470  0.361  -35.147  32.159 0.2222220004
37743  2.266  -36.708  34.713 0.6666669846
33232  2.717  -39.864  31.375 0.1111110002
35457  1.402  -38.145  33.005 0.4444440007
33212  4.143  -40.803  32.666 0.1111110002
33224  3.312  -40.137  31.665 0.1111110002
33213  3.344  -40.558  32.412 0.1111110002
32155  3.457  -40.919  33.152 0.1111110002
34283  3.065  -38.877  34.375 0.3333329856
34284  2.514  -38.325  34.147 0.4444440007
36616  1.702  -37.374  33.915 0.4444440007
35442  2.337  -37.702  34.409 0.5555559993
36602  2.560  -37.669  34.645 0.6666669846
36605  1.459  -36.629  33.938 0.4444440007
36624  0.488  -36.458  32.694 0.3333329856
37773  0.387  -35.809  32.642 0.3333329856
37705  8.739  -36.943  39.552 0.3333329856
34269  9.346  -39.037  37.862 0.2222220004
33182  4.853  -40.018  35.020 0.2222220004
140505  4.050  -39.277  34.989 0.5555559993
159571  3.438  -37.220  34.628 0.5555559993
37745  1.545  -36.182  34.238 0.4444440007
37757  0.995  -36.295  33.666 0.4444440007
40038  0.464  -34.994  33.389 0.2222220004
40026  0.595  -34.592  33.902 0.4444440007
160480  8.347  -36.772  38.732 0.4444440007
32130  6.177  -40.805  34.981 0.1111110002
39979  9.177  -35.439  38.997 0.4444440007
41072  10.215  -34.411  38.935 0.5555559993
37709  8.658  -36.517  39.281 0.2222220004
32142  7.370  -41.150  33.826 0.1111110002
35431  7.719  -38.961  37.459 0.2222220004
32134  7.922  -41.190  34.480 0.1111110002
32126  7.103  -40.712  35.421 0.2222220004
34277  6.484  -40.087  35.527 0.4444440007
33177  7.337  -40.278  35.915 0.3333329856
41064  10.742  -33.920  39.378 0.5555559993
39983  9.228  -35.431  37.988 0.4444440007
137073  10.364  -34.392  36.916 0.4444440007
41081  10.835  -33.883  37.409 0.4444440007
39991  9.309  -35.415  36.920 0.5555559993
41096  10.344  -34.366  35.961 0.5555559993
43291  12.554  -32.582  37.067 0.5555559993
146262  7.282  -39.967  36.205 0.3333329856
35432  7.298  -39.208  36.661 0.3333329856
150193  2.249  -34.459  34.720 0.5555559993
157649  2.086  -33.982  34.925 0.4444440007
37740  7.719  -36.920  35.413 0.4444440007
38902  8.046  -35.547  33.701 0.5555559993
44425  13.917  -30.766  36.754 0.6666669846
45445  14.689  -29.444  36.993 0.5555559993
140149  14.818  -28.748  34.932 0.5555559993
154014  14.830  -28.799  35.661 0.5555559993
134943  14.957  -27.955  33.033 0.6666669846
158588  14.925  -28.103  33.735 0.6666669846
45532  13.538  -29.490  30.202 0.5555559993
47338  15.112  -28.153  35.512 0.5555559993
47378  15.009  -27.879  32.162 0.6666669846
47351  15.682  -27.120  34.465 0.6666669846
45550  13.474  -29.051  29.582 0.4444440007
48417  16.057  -26.379  34.423 0.6666669846
48443  15.856  -26.520  32.511 0.6666669846
47417  15.374  -27.449  29.661 0.3333329856
48484  15.665  -26.768  29.230 0.4444440007
49479  16.714  -25.519  33.775 0.6666669846
146614  15.779  -26.666  31.216 0.5555559993
49427  23.544  -26.100  37.360 0.6666669846
48368  24.029  -26.387  37.124 0.7777780294
48384  24.577  -26.663  36.855 0.6666669846
155857  24.902  -26.866  36.232 0.6666669846
48403  23.667  -26.553  35.560 0.8888890147
49438  22.654  -25.984  36.531 0.7777780294
49466  23.053  -26.312  35.200 0.8888890147
49452  22.442  -26.017  35.707 0.7777780294
49439  21.854  -25.846  36.282 0.6666669846
141255  21.290  -25.814  34.732 0.7777780294
154364  20.966  -25.705  35.347 0.7777780294
50485  20.526  -25.630  34.852 0.7777780294
50529  20.987  -25.645  33.275 0.7777780294
50489  17.997  -24.889  35.274 0.7777780294
50510  17.825  -24.876  34.504 0.7777780294
50568  16.993  -24.771  31.649 0.7777780294
49500  24.148  -26.151  31.144 0.7777780294
133447  23.311  -25.891  31.237 0.6666669846
50550  17.760  -24.646  32.659 0.7777780294
49514  24.090  -25.856  30.387 0.7777780294
50562  22.072  -25.352  30.867 0.7777780294
50548  19.740  -24.972  32.821 0.7777780294
50582  22.920  -25.218  29.980 0.7777780294
50566  18.070  -24.307  31.714 0.7777780294
49545  24.710  -25.345  28.827 0.6666669846
50608  24.967  -24.999  28.068 0.5555559993
50583  22.188  -25.075  30.218 0.6666669846
50637  26.154  -24.964  26.061 0.5555559993
50624  25.040  -24.797  27.145 0.5555559993
50610  23.438  -24.752  28.428 0.5555559993
50626  23.769  -24.554  27.704 0.5555559993
48456  26.510  -27.209  31.761 0.8888890147
49512  26.046  -26.234  29.704 0.7777780294
49528  26.621  -26.271  29.213 0.8888890147
49562  27.559  -25.931  27.542 0.8888890147
50639  24.641  -24.394  26.375 0.5555559993
51748  24.399  -23.960  25.699 0.5555559993
51734  23.906  -23.967  26.392 0.5555559993
51762  24.613  -23.569  24.217 0.4444440007
156260  30.888  -28.188  32.076 0.6666669846
47405  28.058  -27.565  30.910 0.7777780294
143982  27.814  -26.897  29.638 0.7777780294
48481  28.422  -26.984  29.353 0.7777780294
140773  28.748  -26.031  26.884 0.8888890147
48494  29.193  -26.725  28.061 0.7777780294
49577  28.219  -25.813  26.311 0.7777780294
50648  28.031  -25.275  24.958 0.6666669846
50665  27.594  -24.877  24.323 0.4444440007
48363  29.303  -27.420  37.246 0.3333329856
143180  29.768  -27.496  36.781 0.3333329856
47345  31.254  -27.588  34.188 0.5555559993
134991  29.676  -28.049  31.243 0.8888890147
48493  29.984  -27.024  28.411 0.7777780294
48509  29.991  -26.681  27.500 0.8888890147
48508  30.950  -26.758  27.470 0.8888890147
142342  30.953  -25.513  25.139 0.8888890147
48453  33.631  -27.117  31.253 0.7777780294
47403  31.060  -27.931  30.127 0.7777780294
48467  34.110  -26.934  30.025 0.8888890147
150132  31.692  -26.847  27.658 0.8888890147
48360  32.013  -27.439  36.288 0.2222220004
138745  32.873  -26.844  34.072 0.5555559993
155381  32.171  -26.966  35.412 0.5555559993
48412  31.759  -27.142  34.798 0.6666669846
48424  32.096  -27.185  33.897 0.5555559993
48505  34.112  -26.490  27.856 0.8888890147
49572  33.486  -25.858  26.494 0.8888890147
140271  34.383  -26.869  35.570 0.4444440007
49475  34.136  -26.405  33.233 0.6666669846
133842  34.282  -26.809  30.822 0.7777780294
48465  35.348  -26.333  29.635 0.8888890147
49487  34.740  -26.079  32.583 0.6666669846
48452  34.342  -26.588  31.727 0.7777780294
50621  36.755  -24.968  27.393 1.0000000000
52839  35.721  -22.802  24.166 0.8888890147
133985  35.472  -25.660  33.089 0.3333329856
51693  38.343  -24.219  28.171 0.8888890147
55002  38.002  -20.876  24.892 1.0000000000
158791  35.937  -26.834  34.844 0.3333329856
50576  37.911  -24.886  30.206 0.5555559993
51636  39.644  -23.499  31.331 0.3333329856
52727  40.201  -22.959  30.986 0.4444440007
136023  39.966  -22.514  28.973 0.7777780294
53840  39.987  -21.623  28.338 0.7777780294
54968  39.876  -20.153  27.133 0.8888890147
59159  40.340  -16.579  25.617 0.8888890147
63313  41.285  -12.325  24.644 0.8888890147
64330  43.475  -12.016  23.241 0.7777780294
158256  42.302  -12.042  20.069 1.0000000000
64518  37.228  -11.554  14.916 0.3333329856
136479  38.219  -11.881  16.044 0.5555559993
62237  42.782  -13.135  26.593 0.5555559993
63282  43.319  -12.439  26.610 0.5555559993
64288  43.460  -11.897  25.678 0.6666669846
64287  44.369  -11.819  25.867 0.6666669846
141418  41.523  -11.953  17.147 1.0000000000
64516  39.782  -11.427  14.886 0.5555559993
65533  37.681  -10.738  13.625 0.3333329856
65535  35.151  -10.370  13.264 0.1111110002
62212  43.924  -13.937  28.215 0.5555559993
64308  45.433  -11.630  24.442 0.5555559993
160152  46.901  -11.787  26.054 0.4444440007
65380  47.299  -11.205  25.221 0.4444440007
139424  45.932  -11.589  25.373 0.5555559993
64283  48.157  -11.782  25.171 0.3333329856
65395  47.450  -11.049  24.533 0.3333329856
64342  45.634  -11.526  22.181 0.5555559993
160523  44.185  -11.754  20.565 0.8888890147
64382  45.135  -11.517  20.195 0.8888890147
64404  43.938  -11.665  19.303 1.0000000000
141597  42.638  -10.836  14.222 0.8888890147
64515  40.550  -11.409  14.875 0.5555559993
65507  40.114  -10.965  14.279 0.5555559993
66575  38.139  -10.091  12.951 0.3333329856
64268  45.828  -11.865  26.839 0.4444440007
154731  46.330  -11.713  26.178 0.5555559993
63297  49.919  -12.908  25.145 0.1111110002
63312  49.621  -12.139  24.677 0.1111110002
64282  48.925  -11.827  24.916 0.1111110002
63299  48.418  -12.235  25.511 0.2222220004
62245  50.230  -13.394  24.779 0.1111110002
64305  49.484  -11.523  24.306 0.1111110002
62253  50.387  -13.321  24.123 0.1111110002
63328  50.491  -12.458  23.748 0.1111110002
133904  48.545  -10.751  23.255 0.2222220004
153351  44.098  -11.637  18.392 1.0000000000
64402  45.952  -11.518  19.131 0.7777780294
155127  43.618  -11.709  17.913 1.0000000000
64457  43.594  -11.802  16.345 1.0000000000
64486  43.497  -11.681  15.510 1.0000000000
64512  43.454  -10.893  14.351 1.0000000000
66592  40.405  -9.394  12.588 0.3333329856
66590  42.038  -9.179  12.842 0.5555559993
67762  41.534  -8.680  12.324 0.2222220004
64253  45.385  -12.163  27.374 0.4444440007
63244  46.090  -13.128  27.685 0.4444440007
64251  46.803  -12.330  26.932 0.4444440007
63281  47.512  -12.519  26.602 0.3333329856
152920  50.756  -12.987  23.400 0.1111110002
61246  50.783  -13.534  22.480 0.1111110002
147091  50.527  -13.758  22.549 0.1111110002
159049  49.597  -10.641  22.717 0.1111110002
141970  47.096  -10.981  15.776 0.8888890147
64484  45.373  -11.597  15.816 1.0000000000
137628  48.261  -13.112  26.604 0.2222220004
64323  50.993  -11.479  22.657 0.1111110002
63327  51.009  -12.333  22.948 0.1111110002
63364  51.658  -12.336  20.214 0.1111110002
63373  51.714  -12.174  19.880 0.1111110002
62297  51.188  -13.181  20.376 0.1111110002
61310  50.748  -13.496  19.568 0.1111110002
148639  51.123  -13.382  21.552 0.1111110002
64339  51.579  -12.351  21.478 0.1111110002
64356  51.790  -11.902  20.739 0.1111110002
145695  51.420  -11.930  22.176 0.1111110002
61259  50.757  -13.815  21.778 0.1111110002
134035  50.629  -10.674  21.891 0.1111110002
65422  48.995  -10.757  21.418 0.3333329856
66554  48.150  -9.211  14.899 0.8888890147
65436  51.492  -10.996  20.004 0.2222220004
64357  51.622  -11.677  21.476 0.1111110002
65420  51.224  -10.902  21.378 0.1111110002
65430  51.114  -10.739  20.598 0.2222220004
67710  52.152  -8.610  16.806 0.2222220004
67660  49.675  -8.882  17.251 0.5555559993
67680  52.727  -8.095  17.292 0.3333329856
68801  50.576  -7.639  17.108 0.5555559993
67712  49.493  -8.178  16.204 0.5555559993
70852  51.209  -5.930  16.265 0.6666669846
157876  51.348  -9.195  17.128 0.2222220004
66515  53.892  -9.288  17.036 0.2222220004
67656  54.045  -7.968  17.549 0.3333329856
67655  54.642  -8.309  17.375 0.3333329856
65450  55.204  -10.311  17.131 0.3333329856
68787  53.605  -7.432  17.429 0.3333329856
68786  55.021  -8.021  17.279 0.4444440007
69846  47.117  -6.067  13.708 1.0000000000
68860  45.264  -7.482  12.999 0.8888890147
69891  44.755  -5.552  12.377 0.4444440007
147489  44.156  -6.497  12.293 0.4444440007
70931  46.266  -5.237  12.271 0.6666669846
65478  56.094  -10.878  15.350 0.3333329856
66533  56.064  -10.137  16.033 0.3333329856
65448  55.878  -10.174  16.601 0.3333329856
69814  54.353  -6.819  16.557 0.4444440007
68910  49.462  -7.783  10.467 0.8888890147
68911  48.658  -7.589  10.432 0.7777780294
66534  55.969  -9.357  15.943 0.5555559993
69841  54.268  -6.702  15.423 0.4444440007
67739  55.225  -9.488  14.285 0.5555559993
66550  55.941  -9.815  14.962 0.3333329856
68857  52.845  -7.515  13.249 0.8888890147
66587  55.755  -9.486  12.575 0.7777780294
67740  54.451  -9.165  13.695 0.5555559993
67741  53.718  -8.792  13.273 0.7777780294
66588  54.279  -9.399  12.782 0.7777780294
67758  52.867  -8.758  12.045 1.0000000000
68905  55.314  -7.701  10.669 0.8888890147
67788  53.512  -8.686  10.636 1.0000000000
68925  54.089  -7.169  9.742 0.7777780294
68866  58.045  -7.677  12.481 0.5555559993
67755  57.821  -8.923  12.672 0.3333329856
149246  50.273  -4.257  7.935 0.2222220004
70928  56.746  -5.953  12.675 0.7777780294
70955  52.431  -5.592  8.999 0.5555559993
72970  51.127  -3.061  7.839 0.3333329856
69865  57.357  -5.848  13.413 0.7777780294
70888  57.921  -5.272  13.644 0.6666669846
72910  58.268  -3.673  13.075 0.4444440007
71904  56.714  -4.613  13.385 0.6666669846
73892  56.504  -3.045  12.260 0.6666669846
71916  56.247  -4.455  12.450 0.6666669846
147720  55.513  -3.132  10.194 0.6666669846
75894  53.458  -0.694  9.000 0.6666669846
74870  56.962  -1.480  11.744 0.6666669846
75864  57.268  -0.819  11.484 0.5555559993
160625  57.375  -0.268  11.226 0.4444440007
78816  50.333  2.230  7.343 0.4444440007
77840  59.536  1.406  8.258 0.2222220004
76855  56.621  -0.001  10.330 0.6666669846
77821  54.529  1.016  9.058 0.5555559993
77799  57.347  0.808  10.426 0.5555559993
133545  60.082  1.508  6.870 0.2222220004
78825  60.320  2.287  6.551 0.2222220004
78799  57.807  2.020  9.587 0.5555559993
78808  57.131  1.646  8.748 0.5555559993
134377  56.938  2.032  7.128 0.4444440007
78798  59.105  2.937  9.432 0.3333329856
79801  59.212  3.838  9.023 0.4444440007
82745  60.355  7.132  5.739 0.4444440007
80812  57.952  4.001  6.016 0.4444440007
79840  56.999  4.091  3.229 0.5555559993
138506  58.968  6.334  5.370 0.4444440007
133257  60.946  10.593  1.253 0.2222220004
134526  60.047  10.410  1.317 0.4444440007
157501  0.850  -33.825  34.679 0.4444440007
40004  1.166  -33.837  34.868 0.3333329856
41100  1.599  -33.369  35.199 0.1111110002
41086  2.013  -32.876  35.577 0.1111110002
40014  0.838  -34.346  34.431 0.4444440007
40003  1.247  -33.937  34.768 0.2222220004
150040  2.067  -33.494  35.193 0.2222220004
41099  2.596  -33.043  35.316 0.2222220004
151547  2.568  -32.520  35.558 0.1111110002
40002  1.790  -34.031  34.818 0.2222220004
40000  2.840  -33.443  34.928 0.2222220004
40001  2.361  -33.750  34.894 0.2222220004
135544  3.267  -32.798  35.143 0.2222220004
41084  3.154  -32.508  35.397 0.1111110002
39999  3.412  -33.099  34.861 0.1111110002
38862  2.584  -34.357  34.700 0.3333329856
40012  3.532  -33.520  34.668 0.2222220004
41113  4.165  -33.077  34.575 0.1111110002
133704  4.061  -32.711  34.789 0.1111110002
41112  4.842  -32.242  34.581 0.1111110002
38875  3.263  -34.675  34.412 0.3333329856
40025  3.814  -34.045  34.182 0.3333329856
40013  3.173  -33.948  34.549 0.2222220004
40037  4.363  -34.444  33.339 0.2222220004
155989  4.996  -33.290  33.484 0.1111110002
41124  5.039  -32.672  34.005 0.1111110002
41146  5.431  -33.429  32.739 0.1111110002
42234  5.448  -32.665  33.485 0.1111110002
42248  6.415  -32.679  32.170 0.1111110002
42219  5.895  -31.920  33.718 0.1111110002
43346  6.572  -31.896  32.522 0.1111110002
42233  6.025  -32.268  32.965 0.1111110002
38906  4.523  -35.150  33.017 0.5555559993
38918  5.018  -34.749  32.666 0.4444440007
40036  4.900  -33.961  32.976 0.1111110002
40048  5.601  -34.199  32.364 0.4444440007
136840  6.206  -33.507  32.126 0.2222220004
43345  7.108  -31.369  32.168 0.1111110002
37766  4.458  -35.814  33.246 0.4444440007
37756  3.601  -35.915  34.008 0.4444440007
38892  3.880  -35.053  33.667 0.4444440007
38905  5.205  -35.473  32.753 0.5555559993
40047  6.480  -34.288  32.126 0.4444440007
160018  6.739  -33.695  31.910 0.4444440007
41145  7.290  -33.848  31.870 0.4444440007
41158  6.942  -33.104  31.697 0.3333329856
41157  7.752  -33.129  31.541 0.4444440007
42265  7.534  -32.563  31.514 0.1111110002
43360  7.712  -31.759  31.394 0.1111110002
42264  8.183  -32.477  31.299 0.2222220004
44478  7.702  -30.680  31.805 0.1111110002
37765  5.414  -36.225  33.128 0.5555559993
38904  6.074  -35.691  32.721 0.4444440007
38916  6.675  -35.080  32.455 0.4444440007
40045  7.968  -34.434  32.352 0.4444440007
43359  8.588  -31.783  31.102 0.3333329856
44494  8.438  -30.273  31.261 0.1111110002
43375  8.917  -31.066  30.810 0.1111110002
45536  9.629  -29.488  30.568 0.1111110002
37764  6.466  -36.336  33.371 0.4444440007
40034  8.479  -34.846  33.172 0.4444440007
38903  7.064  -35.699  33.112 0.5555559993
41144  8.288  -33.728  31.970 0.4444440007
41143  9.211  -33.527  32.221 0.5555559993
41156  8.637  -33.067  31.595 0.4444440007
147678  9.408  -32.947  31.789 0.4444440007
42263  9.041  -32.448  31.297 0.4444440007
43357  10.423  -31.697  31.196 0.3333329856
43358  9.470  -31.769  31.058 0.4444440007
43373  10.734  -30.984  30.776 0.3333329856
44507  10.115  -30.321  30.357 0.3333329856
43374  9.795  -31.047  30.677 0.3333329856
44505  11.928  -30.251  30.346 0.4444440007
44506  11.022  -30.331  30.267 0.3333329856
159386  12.089  -29.683  29.939 0.3333329856
45534  11.318  -29.641  29.970 0.3333329856
45535  10.467  -29.568  30.160 0.1111110002
160058  12.000  -28.619  29.199 0.3333329856
45552  11.617  -29.058  29.547 0.3333329856
47408  10.570  -28.090  30.311 0.1111110002
37763  7.381  -36.225  33.878 0.4444440007
42245  10.681  -32.622  32.359 0.5555559993
42262  10.040  -32.446  31.647 0.5555559993
43344  10.949  -32.102  31.928 0.5555559993
45551  12.661  -29.290  29.604 0.3333329856
47407  11.212  -27.952  29.609 0.2222220004
46422  12.873  -28.521  29.021 0.3333329856
46423  11.950  -27.970  28.987 0.2222220004
47421  11.747  -27.155  29.273 0.2222220004
47420  12.451  -27.569  28.663 0.2222220004
48486  12.249  -26.620  28.859 0.2222220004
47419  13.498  -27.957  28.633 0.3333329856
47429  13.979  -27.330  28.316 0.2222220004
47430  12.970  -27.076  28.255 0.2222220004
51735  23.056  -23.732  26.312 0.4444440007
51720  22.431  -23.808  27.035 0.3333329856
49549  13.401  -25.896  28.012 0.2222220004
48499  13.448  -26.625  28.107 0.2222220004
49534  12.758  -25.263  28.665 0.1111110002
51749  23.592  -23.633  25.649 0.4444440007
51736  22.350  -23.486  26.222 0.3333329856
51750  22.739  -23.234  25.562 0.3333329856
52803  21.900  -23.037  25.753 0.3333329856
52827  21.326  -22.711  25.119 0.3333329856
51763  24.144  -23.590  24.974 0.3333329856
52826  22.101  -22.802  25.017 0.3333329856
52840  23.872  -23.101  24.312 0.3333329856
52825  23.385  -23.175  24.976 0.3333329856
52841  22.362  -22.548  24.359 0.3333329856
50584  21.536  -24.995  30.573 0.5555559993
157850  20.912  -24.725  30.276 0.5555559993
50598  21.469  -24.686  29.695 0.5555559993
51682  21.096  -24.151  29.073 0.4444440007
51701  20.435  -23.915  28.828 0.4444440007
50612  21.802  -24.339  28.844 0.4444440007
50627  22.978  -24.228  27.830 0.4444440007
51700  21.128  -23.898  28.252 0.4444440007
147953  20.330  -23.766  28.142 0.4444440007
51721  21.450  -23.713  27.306 0.3333329856
51722  20.579  -23.612  27.472 0.3333329856
48498  14.268  -26.612  28.067 0.2222220004
51738  20.827  -23.319  26.654 0.3333329856
52783  19.964  -23.262  26.824 0.2222220004
51737  21.669  -23.418  26.470 0.3333329856
52804  21.078  -22.951  25.858 0.3333329856
52805  20.200  -22.915  25.939 0.2222220004
52828  20.475  -22.540  25.055 0.2222220004
51761  25.423  -23.909  24.028 0.3333329856
52854  23.533  -22.639  23.620 0.3333329856
145176  23.122  -22.768  24.335 0.3333329856
52853  24.316  -23.056  23.554 0.3333329856
52855  22.753  -22.285  23.736 0.2222220004
52852  24.872  -23.050  22.856 0.3333329856
53930  23.150  -21.969  23.002 0.2222220004
133664  20.024  -24.928  32.037 0.6666669846
50565  19.250  -24.691  32.189 0.5555559993
134133  20.907  -24.927  31.001 0.6666669846
50585  19.461  -24.553  31.334 0.4444440007
50599  20.513  -24.295  29.651 0.4444440007
51665  19.259  -24.188  30.488 0.4444440007
51666  18.519  -23.962  30.284 0.4444440007
136969  19.020  -23.704  28.903 0.4444440007
143758  19.107  -23.907  29.728 0.4444440007
51702  19.721  -23.748  28.479 0.4444440007
51684  18.374  -23.807  29.418 0.2222220004
51703  18.245  -23.663  28.343 0.3333329856
51723  19.780  -23.550  27.671 0.2222220004
134590  19.042  -23.518  28.012 0.2222220004
48497  15.223  -26.480  28.347 0.2222220004
52784  19.094  -23.245  27.037 0.2222220004
49547  15.440  -25.798  28.097 0.2222220004
49548  14.367  -25.756  27.754 0.2222220004
52806  19.313  -22.908  26.068 0.2222220004
50549  18.533  -24.562  32.396 0.6666669846
154293  18.747  -24.413  31.740 0.6666669846
51645  18.622  -24.192  31.073 0.5555559993
51646  17.996  -24.050  30.859 0.6666669846
51685  17.846  -23.973  30.029 0.3333329856
50586  17.540  -24.271  30.544 0.4444440007
50600  17.236  -24.405  29.721 0.3333329856
133994  17.651  -23.971  29.043 0.2222220004
49533  15.912  -26.128  28.868 0.2222220004
51704  17.417  -23.980  27.938 0.2222220004
49564  14.935  -25.147  27.482 0.2222220004
51727  14.515  -23.722  27.362 0.2222220004
51724  18.445  -23.448  27.385 0.2222220004
136564  17.809  -23.642  27.431 0.2222220004
51725  17.070  -23.818  26.960 0.1111110002
50629  14.724  -24.369  27.321 0.2222220004
52807  18.544  -22.955  26.237 0.2222220004
51739  17.790  -23.265  26.547 0.2222220004
147820  17.930  -22.701  25.777 0.2222220004
52808  17.176  -22.648  25.824 0.2222220004
50613  17.055  -24.421  28.524 0.2222220004
49532  16.400  -25.573  29.407 0.3333329856
50614  16.712  -24.975  29.006 0.2222220004
152239  16.352  -24.911  28.033 0.3333329856
49546  16.142  -25.498  28.512 0.2222220004
50628  15.645  -24.575  27.260 0.1111110002
51726  16.111  -23.869  26.715 0.1111110002
144598  15.180  -23.641  26.922 0.2222220004
51740  16.664  -23.236  26.283 0.2222220004
51741  15.775  -23.036  26.365 0.1111110002
52809  16.375  -22.427  26.030 0.2222220004
50674  33.193  -24.365  23.854 0.4444440007
52850  35.413  -22.394  23.505 0.5555559993
53926  35.724  -21.693  23.202 0.5555559993
51769  35.031  -23.067  23.734 0.7777780294
51758  34.538  -23.691  23.925 0.4444440007
51759  33.768  -23.805  23.502 0.4444440007
52851  34.810  -22.654  23.214 0.5555559993
51783  34.350  -23.199  23.281 0.3333329856
52861  35.035  -22.072  22.875 0.4444440007
53941  34.627  -21.743  22.179 0.3333329856
53905  36.752  -21.670  24.204 0.6666669846
52849  36.097  -22.067  23.845 0.6666669846
53925  36.437  -21.343  23.508 0.5555559993
53939  36.068  -20.996  22.842 0.4444440007
55050  35.650  -20.632  22.144 0.4444440007
53940  35.345  -21.361  22.519 0.5555559993
55067  35.979  -19.858  21.720 0.3333329856
55068  35.270  -20.371  21.304 0.2222220004
53952  34.967  -21.052  21.759 0.2222220004
56133  35.469  -19.692  20.819 0.3333329856
55069  34.609  -20.783  20.922 0.2222220004
55034  36.785  -20.631  23.155 0.5555559993
55049  36.387  -20.275  22.489 0.4444440007
56149  35.473  -19.013  20.327 0.2222220004
55017  37.763  -20.580  24.151 0.6666669846
53924  37.115  -20.963  23.830 0.5555559993
55033  37.479  -20.254  23.458 0.5555559993
55048  37.107  -19.911  22.809 0.5555559993
56116  36.638  -18.969  21.905 0.4444440007
148607  36.626  -19.578  22.222 0.4444440007
56132  36.073  -19.086  21.210 0.2222220004
57201  35.866  -18.310  20.613 0.2222220004
56102  37.707  -19.484  23.179 0.6666669846
56115  37.297  -19.098  22.529 0.5555559993
57190  36.462  -18.302  21.449 0.1111110002
57154  37.834  -18.623  23.049 0.6666669846
57173  37.512  -17.831  22.599 0.6666669846
157700  37.455  -18.500  22.573 0.5555559993
56101  38.178  -19.135  23.545 0.7777780294
58169  38.059  -17.763  23.307 0.6666669846
59185  37.163  -16.972  22.337 0.5555559993
59176  38.386  -16.882  23.692 0.7777780294
59184  37.734  -16.991  22.986 0.6666669846
154723  36.847  -16.316  22.191 0.3333329856
60197  37.412  -16.130  22.702 0.5555559993
60198  36.844  -15.589  22.346 0.4444440007
136629  36.850  -14.855  22.505 0.4444440007
60209  35.786  -15.535  21.331 0.3333329856
61279  35.123  -15.173  20.855 0.1111110002
61252  35.955  -14.247  22.050 0.3333329856
140544  35.511  -13.969  21.738 0.2222220004
61263  35.606  -14.655  21.530 0.2222220004
147583  39.345  -12.116  17.995 0.7777780294
151374  38.856  -11.917  16.457 0.6666669846
64438  38.776  -11.995  17.449 0.7777780294
64439  37.463  -11.923  17.094 0.7777780294
64440  36.539  -11.843  17.375 0.4444440007
64441  35.581  -11.777  17.293 0.3333329856
157874  35.273  -11.797  16.743 0.2222220004
62276  36.022  -13.633  22.056 0.3333329856
64390  36.371  -11.682  20.598 0.7777780294
64391  35.083  -11.668  20.135 0.5555559993
64392  34.235  -11.755  19.944 0.2222220004
135593  40.179  -12.133  17.883 0.8888890147
133636  36.725  -11.593  19.897 0.5555559993
64410  35.373  -11.564  19.495 0.5555559993
143187  38.050  -11.958  17.648 0.6666669846
158753  37.875  -11.902  18.347 0.6666669846
134731  37.224  -11.749  18.925 0.6666669846
154969  35.900  -11.707  18.129 0.5555559993
159433  35.184  -11.653  17.906 0.2222220004
62287  35.381  -13.248  21.500 0.6666669846
64369  36.809  -11.842  21.207 0.7777780294
63356  36.542  -12.251  21.522 0.7777780294
63358  34.931  -12.499  21.036 0.4444440007
70920  45.168  -5.146  12.252 0.5555559993
70932  45.460  -5.034  11.977 0.4444440007
70933  44.573  -4.940  11.635 0.4444440007
70935  42.940  -5.113  11.361 0.2222220004
69903  45.878  -5.749  11.163 0.5555559993
70946  44.301  -4.851  10.474 0.3333329856
71925  43.111  -4.482  11.012 0.2222220004
71934  42.408  -3.940  10.529 0.2222220004
71924  43.705  -4.589  10.969 0.2222220004
72937  41.676  -3.269  10.359 0.2222220004
73913  40.567  -2.425  10.657 0.1111110002
72891  42.055  -3.330  15.203 0.1111110002
146639  46.499  -6.550  10.657 0.5555559993
133101  41.315  -1.694  13.436 0.1111110002
68913  46.874  -7.013  10.036 0.5555559993
69917  45.448  -6.031  10.202 0.4444440007
70957  44.971  -5.515  9.661 0.2222220004
155612  42.640  -3.213  10.017 0.2222220004
74877  40.982  -1.427  11.330 0.1111110002
73839  44.121  -2.932  15.996 0.1111110002
74832  42.727  -1.447  14.525 0.1111110002
73849  42.305  -2.514  14.998 0.1111110002
73866  41.871  -1.971  14.276 0.1111110002
74846  42.969  -0.834  13.774 0.1111110002
74864  41.780  -1.104  12.681 0.1111110002
75859  41.703  -1.007  11.602 0.1111110002
68932  47.605  -7.240  9.667 0.4444440007
69916  46.077  -6.554  10.118 0.3333329856
70958  44.519  -4.687  9.377 0.2222220004
72954  43.513  -3.228  9.556 0.2222220004
74890  41.944  -1.739  10.335 0.1111110002
75881  42.767  -0.962  10.871 0.1111110002
69943  46.390  -6.229  8.913 0.2222220004
158133  45.054  -5.120  9.094 0.2222220004
72953  44.332  -3.597  9.223 0.2222220004
73924  43.568  -2.484  9.599 0.1111110002
74902  43.422  -1.760  9.858 0.1111110002
153236  43.410  -1.399  10.200 0.1111110002
69942  47.801  -6.443  8.709 0.2222220004
70965  45.641  -5.493  8.875 0.2222220004
156362  44.077  -3.023  9.295 0.2222220004
74901  44.044  -2.023  9.706 0.2222220004
70963  48.062  -5.646  8.393 0.2222220004
70964  46.586  -5.410  8.529 0.2222220004
71954  45.584  -4.157  8.755 0.2222220004
72966  44.947  -3.883  8.861 0.2222220004
73923  44.366  -2.620  9.472 0.1111110002
38864  1.470  -34.719  34.606 0.4444440007
37755  4.646  -36.689  33.689 0.5555559993
41137  8.871  -34.176  32.718 0.5555559993
43356  11.342  -31.503  31.435 0.5555559993
46421  13.928  -28.607  29.295 0.3333329856
61251  36.621  -14.215  22.347 0.5555559993
63357  35.765  -12.412  21.267 0.6666669846
64408  38.189  -11.880  19.000 0.6666669846
64422  38.571  -11.982  18.218 0.6666669846
69929  48.052  -6.978  9.130 0.2222220004
69941  48.547  -6.451  8.606 0.2222220004
70961  49.928  -5.714  8.299 0.2222220004
51777  24.978  -23.487  23.529 0.3333329856
137059  3.971  -32.460  35.039 0.1111110002
41125  4.434  -33.574  33.852 0.1111110002
42249  5.857  -32.915  32.631 0.2222220004
38917  5.807  -34.961  32.387 0.5555559993
42247  7.041  -32.265  31.786 0.1111110002
40046  7.183  -34.570  32.222 0.4444440007
154935  8.261  -31.126  31.175 0.1111110002
159268  8.027  -30.033  31.878 0.1111110002
40035  7.578  -35.059  32.802 0.5555559993
44508  9.259  -30.286  30.672 0.1111110002
46408  9.307  -28.691  31.200 0.1111110002
46416  10.839  -28.826  29.967 0.1111110002
136690  11.727  -26.197  29.729 0.1111110002
49535  12.212  -25.668  29.228 0.1111110002
48500  12.766  -26.170  28.435 0.2222220004
159754  22.762  -22.873  24.884 0.3333329856
53913  21.947  -21.987  23.782 0.2222220004
51664  20.143  -24.567  30.556 0.4444440007
51699  22.090  -24.027  28.003 0.4444440007
155883  19.766  -24.132  29.947 0.4444440007
51683  19.761  -23.906  29.261 0.4444440007
156976  18.493  -23.241  26.806 0.2222220004
50616  14.109  -24.765  27.600 0.1111110002
50601  16.759  -24.972  29.874 0.3333329856
50615  15.725  -25.234  27.829 0.2222220004
51705  16.611  -24.352  27.470 0.1111110002
52832  16.841  -21.901  25.575 0.1111110002
60199  36.250  -15.011  22.035 0.2222220004
61264  34.872  -14.158  21.151 0.2222220004
156803  38.859  -11.972  16.943 0.7777780294
154714  37.307  -11.879  17.946 0.6666669846
64423  36.632  -11.766  18.299 0.4444440007
64465  35.899  -11.850  16.508 0.2222220004
133828  35.883  -11.566  20.012 0.5555559993
143457  35.738  -11.760  20.528 0.5555559993
64370  36.060  -11.864  21.036 0.6666669846
63365  35.338  -11.943  20.785 0.5555559993
63366  34.595  -12.036  20.478 0.4444440007
64409  36.138  -11.621  19.097 0.5555559993
64424  35.277  -11.576  18.723 0.3333329856
64411  34.552  -11.593  19.290 0.2222220004
64425  34.496  -11.590  18.234 0.1111110002
70934  43.828  -4.902  11.648 0.3333329856
70945  44.994  -5.196  11.024 0.4444440007
71926  42.310  -4.669  10.942 0.2222220004
71935  41.574  -4.203  10.538 0.1111110002
155874  43.812  -4.443  9.958 0.2222220004
72936  43.207  -3.936  10.193 0.2222220004
72938  40.861  -3.011  10.433 0.1111110002
73914  39.780  -2.487  10.955 0.1111110002
74892  40.426  -1.889  11.123 0.1111110002
74891  41.088  -1.789  10.750 0.1111110002
72890  42.817  -3.259  15.479 0.1111110002
73868  40.442  -2.326  13.418 0.1111110002
74847  42.207  -1.214  13.648 0.1111110002
151400  41.181  -1.432  12.757 0.1111110002
72955  42.950  -2.659  9.764 0.2222220004
74865  40.941  -1.321  12.123 0.1111110002
75883  41.511  -1.324  10.898 0.1111110002
72884  44.058  -3.888  16.030 0.1111110002
72885  43.456  -3.139  15.751 0.1111110002
73848  43.033  -2.304  15.316 0.1111110002
73867  41.206  -2.538  14.129 0.1111110002
75844  42.719  -0.783  13.039 0.1111110002
69930  47.163  -6.763  9.166 0.2222220004
69932  45.772  -6.214  9.507 0.2222220004
69931  46.431  -6.644  9.519 0.2222220004
71945  44.596  -4.161  9.061 0.2222220004
71933  43.976  -4.015  9.475 0.2222220004
73912  41.368  -2.427  10.399 0.1111110002
73911  42.229  -2.521  10.099 0.2222220004
75882  42.151  -1.095  10.795 0.1111110002
74889  42.789  -1.399  10.231 0.1111110002
73925  42.786  -2.011  9.834 0.2222220004
149719  47.192  -6.036  8.585 0.2222220004
70966  45.180  -4.607  8.843 0.2222220004
149255  47.351  -5.297  8.409 0.2222220004
71953  46.029  -4.701  8.590 0.2222220004
73934  44.715  -3.262  9.173 0.1111110002
50436  20.538  -25.078  40.663 0.4444440007
50427  20.808  -25.280  41.381 0.4444440007
49409  23.712  -25.534  39.327 0.3333329856
50445  21.177  -25.149  39.407 0.4444440007
50420  20.849  -25.615  41.913 0.3333329856
49379  19.440  -25.887  42.149 0.2222220004
146744  22.958  -25.937  37.255 0.6666669846
50462  21.957  -25.516  38.199 0.6666669846
49378  20.331  -25.938  42.209 0.2222220004
48366  26.210  -26.772  37.482 0.4444440007
50438  19.237  -25.387  40.715 0.4444440007
50447  19.821  -25.149  39.305 0.4444440007
133041  19.386  -25.604  41.594 0.3333329856
50454  21.177  -25.333  38.521 0.4444440007
49390  20.171  -25.575  41.865 0.4444440007
48323  18.793  -26.577  42.559 0.3333329856
48312  19.348  -26.723  42.535 0.2222220004
49400  18.448  -25.553  40.397 0.3333329856
133807  19.049  -25.271  39.703 0.5555559993
50456  19.862  -25.171  38.495 0.5555559993
50448  18.552  -25.302  38.930 0.5555559993
49429  21.097  -25.512  37.530 0.5555559993
50465  19.118  -25.121  37.573 0.5555559993
144269  19.807  -25.297  36.186 0.5555559993
46303  15.455  -28.575  40.612 0.3333329856
140418  14.901  -29.168  41.106 0.3333329856
45391  14.553  -29.707  40.444 0.3333329856
44368  13.389  -31.007  40.998 0.3333329856
42141  12.323  -32.465  40.682 0.3333329856
149525  11.300  -34.169  39.845 0.3333329856
159934  10.931  -34.263  39.692 0.3333329856
39973  10.037  -34.922  39.726 0.3333329856
48339  16.682  -26.890  40.339 0.4444440007
48346  16.649  -26.708  39.486 0.4444440007
47291  15.845  -27.939  40.210 0.3333329856
47299  15.468  -28.459  39.700 0.3333329856
49401  17.726  -25.756  39.948 0.4444440007
48356  16.131  -27.156  39.001 0.4444440007
47298  15.829  -27.821  39.341 0.4444440007
50449  18.098  -25.319  38.271 0.5555559993
49419  17.433  -25.635  38.304 0.5555559993
159860  17.088  -25.969  39.103 0.5555559993
50475  18.740  -25.079  36.830 0.6666669846
50487  19.504  -25.201  35.526 0.6666669846
44367  13.885  -30.469  40.628 0.3333329856
44383  13.195  -31.130  40.277 0.3333329856
43248  12.449  -32.192  40.802 0.3333329856
42143  12.041  -32.718  40.486 0.3333329856
42144  11.590  -33.375  40.033 0.3333329856
39975  10.550  -34.472  39.563 0.3333329856
46317  14.939  -28.988  40.113 0.4444440007
43252  12.152  -32.083  39.971 0.3333329856
41062  10.949  -33.934  39.740 0.3333329856
140437  16.001  -26.995  38.215 0.4444440007
45403  14.710  -29.483  39.637 0.4444440007
43264  12.769  -31.824  39.810 0.3333329856
145572  11.737  -32.912  39.263 0.4444440007
42151  11.406  -33.277  39.646 0.3333329856
47315  30.323  -27.988  36.888 0.2222220004
157384  17.126  -25.650  37.684 0.6666669846
47305  15.794  -27.677  38.521 0.5555559993
47306  15.445  -28.338  38.833 0.5555559993
45416  14.626  -29.641  38.833 0.5555559993
142188  18.314  -24.943  36.043 0.6666669846
49430  17.678  -25.401  37.591 0.6666669846
49431  16.730  -25.934  37.327 0.6666669846
48370  15.946  -27.000  37.446 0.5555559993
47317  15.443  -28.179  37.887 0.6666669846
48369  16.408  -26.492  37.753 0.6666669846
49440  17.197  -25.500  37.034 0.6666669846
156465  15.799  -27.508  37.854 0.6666669846
46339  14.974  -28.876  38.355 0.6666669846
50466  17.842  -25.144  36.750 0.6666669846
49432  16.252  -26.468  36.813 0.6666669846
153714  17.192  -25.295  36.353 0.6666669846
46350  14.964  -28.841  37.482 0.6666669846
153578  14.920  -28.831  36.791 0.6666669846
50476  17.516  -24.985  35.853 0.6666669846
47316  15.688  -27.668  37.198 0.6666669846
49441  16.298  -26.148  35.873 0.6666669846
148828  15.290  -28.294  36.983 0.6666669846
47326  15.002  -28.453  36.252 0.6666669846
46363  14.705  -29.162  36.229 0.5555559993
45438  34.746  -29.059  36.151 0.1111110002
46344  33.560  -28.181  36.753 0.2222220004
47312  33.328  -27.851  36.707 0.3333329856
48376  33.466  -27.498  36.544 0.2222220004
48377  32.879  -27.265  36.305 0.3333329856
136774  35.257  -29.290  35.664 0.1111110002
46357  35.356  -28.835  36.175 0.1111110002
47324  34.382  -27.898  36.322 0.1111110002
47311  33.917  -27.738  36.872 0.2222220004
48375  34.249  -27.330  36.178 0.2222220004
46368  36.613  -28.788  35.515 0.1111110002
46369  35.932  -29.043  35.898 0.1111110002
47323  35.252  -28.054  36.229 0.1111110002
46356  36.230  -28.296  36.086 0.2222220004
48374  35.111  -27.372  36.033 0.2222220004
48395  35.058  -26.903  35.617 0.2222220004
49446  37.338  -26.335  34.660 0.2222220004
49447  36.436  -26.317  34.584 0.2222220004
48394  35.670  -26.995  35.538 0.2222220004
51621  38.933  -23.738  32.798 0.3333329856
143580  40.746  -18.705  28.646 0.6666669846
159844  40.870  -17.363  28.918 0.5555559993
57088  40.503  -18.743  27.830 0.7777780294
57100  40.559  -17.952  27.653 0.6666669846
60208  36.400  -15.962  21.758 0.1111110002
141436  38.274  -11.962  16.860 0.5555559993
64463  37.671  -11.913  16.407 0.5555559993
64494  35.940  -11.683  15.286 0.2222220004
66594  37.600  -9.493  12.331 0.2222220004
149789  39.511  -9.446  12.447 0.2222220004
67780  39.295  -8.179  11.440 0.1111110002
67763  38.957  -8.828  11.911 0.1111110002
67779  40.056  -8.037  11.479 0.1111110002
69892  44.010  -5.466  12.123 0.3333329856
37701  9.570  -36.026  39.717 0.2222220004
43265  12.223  -32.407  39.569 0.4444440007
50472  21.094  -25.662  36.020 0.5555559993
50473  20.497  -25.489  36.633 0.5555559993
58135  40.771  -17.275  27.950 0.6666669846
64464  36.875  -11.888  16.343 0.4444440007
64493  36.705  -11.752  15.461 0.2222220004
66593  38.555  -9.506  12.364 0.2222220004
49417  23.472  -25.770  38.454 0.5555559993
49428  22.067  -25.770  37.211 0.6666669846
152218  36.239  -11.843  15.880 0.3333329856
50446  20.494  -25.091  39.792 0.4444440007
158538  21.005  -24.997  40.929 0.4444440007
50428  19.998  -25.271  41.146 0.4444440007
50437  19.839  -25.159  40.228 0.4444440007
50453  22.796  -25.457  38.938 0.3333329856
133869  21.917  -25.245  39.121 0.5555559993
137938  21.828  -25.028  39.976 0.4444440007
155771  20.931  -25.912  42.153 0.2222220004
145602  19.864  -26.732  42.460 0.2222220004
49418  22.749  -25.763  37.970 0.6666669846
133667  20.496  -25.190  38.909 0.4444440007
50455  20.451  -25.295  38.089 0.5555559993
48313  18.804  -26.959  42.905 0.3333329856
155163  18.305  -25.444  39.599 0.5555559993
50464  19.780  -25.225  37.773 0.5555559993
133929  19.240  -25.184  38.794 0.5555559993
49410  17.841  -25.530  39.031 0.5555559993
50457  18.792  -25.164  38.209 0.5555559993
50463  20.285  -25.372  37.387 0.5555559993
133145  18.379  -25.181  37.534 0.5555559993
50474  19.616  -25.258  36.934 0.5555559993
50488  19.134  -25.011  36.167 0.6666669846
43247  12.813  -31.736  41.032 0.3333329856
42140  12.782  -32.137  41.045 0.3333329856
38842  10.056  -35.236  39.740 0.3333329856
48355  16.556  -26.568  38.611 0.6666669846
42150  11.780  -32.816  40.020 0.3333329856
46329  14.963  -28.915  39.234 0.5555559993
46359  34.215  -28.408  36.467 0.1111110002
57087  40.716  -18.021  28.376 0.6666669846
144727  40.806  -8.851  12.296 0.1111110002
148793  39.994  -8.708  11.992 0.2222220004
67764  37.990  -8.855  11.877 0.1111110002
40049  0.362  -34.691  32.839 0.2222220004
51784  33.607  -23.259  22.799 0.2222220004
51770  32.866  -23.891  23.057 0.2222220004
50676  31.095  -24.374  23.238 0.2222220004
52862  34.266  -22.543  22.599 0.2222220004
52863  33.431  -22.656  22.123 0.2222220004
51785  32.849  -23.216  22.338 0.2222220004
51786  32.116  -23.617  22.446 0.2222220004
52875  33.933  -22.064  21.766 0.2222220004
52876  33.179  -22.189  21.259 0.2222220004
49402  17.120  -26.286  40.076 0.3333329856
54942  40.444  -20.944  28.699 0.6666669846
62288  34.584  -13.296  21.075 0.1111110002
83755  56.441  7.583  0.284 0.3333329856
78858  54.973  2.976  2.805 0.3333329856
78860  53.251  2.470  3.291 0.3333329856
81866  56.623  5.400  1.319 0.3333329856
82779  56.848  6.209  1.093 0.3333329856
80842  55.862  4.095  1.990 0.2222220004
79858  55.055  3.862  1.650 0.2222220004
82787  56.196  6.671  0.496 0.3333329856
81872  56.304  5.800  0.721 0.2222220004
80857  55.958  5.165  0.938 0.3333329856
77886  52.703  1.946  3.685 0.3333329856
81873  55.638  5.791  0.452 0.2222220004
80858  55.164  5.094  0.782 0.2222220004
80852  55.513  4.542  1.326 0.2222220004
32125  7.901  -40.621  35.938 0.1111110002
144762  30.332  -24.489  23.361 0.3333329856
150089  32.471  -24.418  23.593 0.3333329856
53824  40.871  -21.569  30.050 0.5555559993
56043  40.642  -19.456  28.423 0.6666669846
80851  56.290  4.718  1.608 0.2222220004
140274  0.497  -34.296  33.735 0.2222220004
62298  34.149  -12.763  20.659 0.2222220004
158883  17.959  -25.748  40.577 0.3333329856
41126  0.511  -33.513  33.985 0.2222220004
52864  32.815  -22.705  21.772 0.2222220004
51771  31.941  -24.193  23.095 0.2222220004
54954  40.767  -20.123  28.997 0.6666669846
45453  34.323  -28.886  35.712 0.1111110002
44417  33.224  -29.033  35.459 0.1111110002
50679  28.019  -24.611  23.643 0.3333329856
50677  29.534  -24.266  23.063 0.2222220004
135793  41.172  -19.946  29.898 0.3333329856
56034  40.915  -19.113  29.400 0.5555559993
57077  40.873  -18.155  29.228 0.4444440007
58127  41.150  -17.521  29.715 0.4444440007
59124  41.294  -16.828  29.341 0.4444440007
48367  24.714  -26.445  37.579 0.4444440007
49425  25.547  -26.421  38.014 0.4444440007
50678  28.878  -24.698  23.688 0.3333329856
47313  32.277  -27.768  36.441 0.2222220004
61187  46.168  -14.122  27.641 0.1111110002
45439  33.728  -28.217  35.985 0.1111110002
54941  40.902  -20.845  29.505 0.5555559993
156634  32.790  -29.669  34.872 0.1111110002
153452  32.913  -28.628  35.848 0.1111110002
142722  32.220  -29.624  35.251 0.1111110002
54920  41.651  -19.917  30.518 0.4444440007
35506  1.257  -37.522  28.483 0.1111110002
138659  0.924  -37.325  28.136 0.1111110002
35517  0.729  -36.992  27.586 0.1111110002
36691  0.581  -36.467  27.102 0.1111110002
35507  0.903  -37.571  29.008 0.1111110002
34346  1.163  -37.920  29.520 0.1111110002
135978  0.670  -37.188  28.485 0.1111110002
36678  0.527  -36.760  27.892 0.1111110002
37826  0.375  -36.357  28.250 0.1111110002
38984  0.389  -35.670  26.861 0.1111110002
34339  0.828  -37.950  30.126 0.1111110002
34338  1.198  -38.252  30.312 0.1111110002
134229  0.591  -37.416  29.570 0.1111110002
36651  0.328  -37.150  30.221 0.1111110002
37809  0.254  -36.161  29.340 0.1111110002
36652  0.144  -36.955  30.869 0.1111110002
37795  0.142  -35.946  30.381 0.1111110002
41138  0.416  -33.877  33.417 0.1111110002
40091  0.416  -34.816  28.630 0.1111110002
38940  0.183  -35.727  31.236 0.1111110002
42270  0.583  -33.934  31.533 0.1111110002
41147  0.439  -33.929  32.292 0.1111110002
42253  0.486  -33.335  32.876 0.1111110002
42236  0.493  -33.010  33.895 0.1111110002
42235  0.515  -32.600  33.803 0.1111110002
154703  0.648  -33.405  34.610 0.2222220004
41114  0.557  -33.824  34.236 0.1111110002
41103  0.700  -33.105  35.060 0.2222220004
42222  0.530  -32.926  34.623 0.1111110002
38939  0.306  -35.210  30.568 0.1111110002
40070  0.350  -35.111  31.351 0.1111110002
41167  0.653  -34.199  30.669 0.1111110002
42221  0.477  -32.565  34.499 0.1111110002
40103  0.577  -34.276  27.793 0.1111110002
42284  0.858  -33.799  29.723 0.1111110002
42319  1.042  -33.068  27.652 0.1111110002
42307  1.131  -33.048  28.324 0.1111110002
42283  0.842  -33.612  30.260 0.1111110002
43317  0.496  -32.363  34.776 0.1111110002
42208  0.579  -32.338  34.824 0.1111110002
159192  0.618  -34.310  28.703 0.1111110002
41188  0.735  -33.876  28.035 0.1111110002
43306  0.700  -32.044  35.087 0.1111110002
41211  0.804  -33.808  26.837 0.1111110002
42308  1.004  -33.414  27.889 0.1111110002
42318  0.972  -32.984  27.214 0.1111110002
42194  0.696  -32.299  35.002 0.1111110002
48472  11.210  -25.782  30.697 0.1111110002
48473  11.183  -26.756  30.139 0.1111110002
50617  13.399  -24.997  28.064 0.1111110002
50680  27.144  -24.496  23.663 0.2222220004
51773  28.522  -24.185  23.051 0.1111110002
51774  27.639  -24.063  23.044 0.1111110002
49424  26.405  -26.483  38.491 0.2222220004
50690  30.455  -24.027  22.771 0.1111110002
51788  27.245  -23.584  22.354 0.1111110002
51775  26.732  -23.918  23.032 0.1111110002
51776  25.705  -23.637  23.059 0.2222220004
49387  23.542  -25.844  41.380 0.2222220004
49389  22.008  -25.696  41.914 0.2222220004
50433  23.920  -25.452  40.257 0.2222220004
50424  23.032  -25.423  41.232 0.2222220004
49416  24.279  -25.786  38.850 0.2222220004
134412  29.816  -23.658  22.316 0.1111110002
51790  25.497  -22.932  22.130 0.1111110002
52785  15.128  -22.613  26.883 0.1111110002
53875  16.319  -21.572  26.066 0.1111110002
52810  15.709  -22.102  26.413 0.1111110002
53861  15.241  -21.585  27.244 0.1111110002
150947  22.335  -25.052  40.717 0.2222220004
50444  22.571  -25.126  39.839 0.3333329856
51772  31.287  -23.856  22.577 0.1111110002
51799  30.621  -23.486  22.070 0.1111110002
52877  32.429  -22.480  21.199 0.1111110002
52883  25.029  -22.224  21.492 0.1111110002
145558  24.712  -22.573  22.153 0.1111110002
52830  18.564  -22.395  25.331 0.1111110002
52831  17.588  -22.006  25.299 0.1111110002
52890  32.642  -22.013  20.644 0.1111110002
53942  23.459  -21.558  22.138 0.1111110002
52842  21.474  -22.341  24.399 0.1111110002
52829  19.533  -22.477  25.184 0.1111110002
53931  22.345  -21.654  23.185 0.1111110002
153867  22.083  -20.953  22.846 0.1111110002
53895  19.821  -22.017  24.571 0.1111110002
53896  19.002  -21.604  24.602 0.1111110002
53897  18.210  -21.516  24.979 0.1111110002
137775  26.193  -19.056  21.523 0.1111110002
53953  34.305  -21.420  21.379 0.1111110002
53954  33.716  -21.674  21.061 0.1111110002
56159  24.995  -19.737  20.768 0.1111110002
55074  23.575  -20.238  21.237 0.1111110002
55059  22.352  -20.282  22.325 0.1111110002
138835  21.614  -21.276  23.267 0.1111110002
141755  20.423  -20.961  23.700 0.1111110002
53943  22.709  -21.188  22.507 0.1111110002
55027  19.887  -20.124  23.990 0.1111110002
152587  19.175  -20.576  24.284 0.1111110002
56123  24.493  -18.370  22.338 0.1111110002
57177  24.669  -18.727  21.614 0.1111110002
56124  23.206  -19.056  21.900 0.1111110002
56108  22.282  -18.984  23.005 0.1111110002
56094  21.130  -19.212  23.856 0.1111110002
55044  20.724  -20.044  23.470 0.1111110002
55084  34.238  -20.501  20.105 0.1111110002
55083  34.859  -20.159  20.463 0.1111110002
55099  33.877  -20.070  19.566 0.1111110002
52710  40.152  -22.980  32.145 0.3333329856
147011  40.710  -22.664  32.178 0.1111110002
52726  40.649  -22.292  30.567 0.3333329856
52709  40.749  -22.410  31.581 0.1111110002
53811  41.247  -21.617  30.989 0.1111110002
53798  41.682  -21.419  31.282 0.2222220004
54930  41.353  -20.751  30.337 0.1111110002
157624  41.677  -20.813  30.808 0.2222220004
56023  41.362  -19.132  30.259 0.2222220004
57064  42.439  -18.977  30.742 0.2222220004
57070  41.746  -18.567  30.473 0.3333329856
57071  41.166  -18.325  30.013 0.3333329856
144862  41.722  -17.755  30.217 0.3333329856
58121  43.016  -17.592  30.184 0.1111110002
58126  41.724  -16.980  29.945 0.3333329856
135441  43.478  -16.465  28.928 0.1111110002
59116  43.177  -16.826  29.534 0.1111110002
60137  42.729  -16.237  29.590 0.2222220004
59123  41.857  -16.441  29.574 0.3333329856
153101  41.972  -15.722  28.592 0.3333329856
64432  51.115  -11.473  17.836 0.1111110002
142749  42.973  -16.142  29.391 0.3333329856
139097  51.026  -10.475  17.762 0.1111110002
65463  51.061  -9.766  17.549 0.1111110002
66518  51.090  -9.505  16.889 0.1111110002
66538  51.046  -9.306  15.812 0.1111110002
66537  51.704  -9.205  15.821 0.1111110002
66516  53.005  -8.795  16.673 0.1111110002
66535  53.322  -9.823  16.159 0.1111110002
64448  55.704  -11.277  15.842 0.2222220004
65525  57.036  -10.751  13.470 0.2222220004
66549  56.103  -10.339  15.227 0.3333329856
64533  57.638  -10.671  12.146 0.2222220004
139099  56.429  -10.467  14.354 0.2222220004
66611  57.918  -9.423  10.851 0.1111110002
141783  58.015  -10.096  12.431 0.2222220004
65524  57.615  -10.198  13.125 0.2222220004
141888  56.761  -10.270  13.783 0.2222220004
66604  58.032  -9.741  11.552 0.2222220004
66584  58.020  -9.638  12.955 0.2222220004
66585  57.444  -9.865  13.229 0.2222220004
41102  0.770  -33.283  34.797 0.2222220004
145724  0.133  -36.781  31.307 0.1111110002
37783  0.138  -36.282  31.459 0.1111110002
135554  0.377  -35.284  32.669 0.1111110002
40069  0.512  -34.649  30.653 0.1111110002
41159  0.486  -34.519  31.458 0.1111110002
135745  24.902  -26.027  38.432 0.2222220004
51760  26.265  -24.234  23.787 0.2222220004
143315  42.414  -15.946  29.281 0.3333329856
66536  52.389  -9.253  15.904 0.1111110002
135390  54.143  -10.176  16.777 0.1111110002
64505  56.256  -11.427  14.332 0.2222220004
158078  55.887  -11.640  14.835 0.2222220004
67772  58.151  -9.121  11.278 0.2222220004
134840  58.151  -9.365  12.231 0.2222220004
38930  0.315  -35.366  31.693 0.1111110002
65462  53.965  -10.898  16.290 0.1111110002
65496  56.507  -10.842  14.326 0.2222220004
65495  56.584  -11.155  14.040 0.2222220004
159237  20.945  -22.411  24.699 0.1111110002
52868  24.027  -22.432  22.715 0.1111110002
56150  34.963  -19.547  20.033 0.1111110002
57174  37.035  -18.395  22.164 0.1111110002
157415  21.728  -24.989  40.546 0.3333329856
49377  21.353  -25.706  41.978 0.2222220004
50425  22.218  -25.379  41.468 0.2222220004
48322  21.532  -26.131  42.152 0.2222220004
38919  0.328  -35.567  32.068 0.1111110002
51797  32.229  -23.017  21.809 0.1111110002
151646  31.454  -23.282  21.887 0.1111110002
145459  28.978  -23.725  22.438 0.1111110002
34345  1.529  -37.853  29.266 0.1111110002
37837  0.488  -36.320  27.302 0.1111110002
136772  0.433  -36.868  29.116 0.1111110002
36665  0.185  -36.642  30.194 0.1111110002
38963  0.310  -35.631  28.507 0.1111110002
146496  0.349  -35.885  27.678 0.1111110002
38948  0.287  -35.358  29.533 0.1111110002
37796  0.070  -36.431  30.963 0.1111110002
133212  0.225  -35.782  31.645 0.1111110002
137478  0.752  -33.860  30.725 0.1111110002
40079  0.527  -34.554  29.599 0.1111110002
152720  0.620  -34.334  29.930 0.1111110002
140756  0.587  -34.249  27.034 0.1111110002
41199  0.837  -33.736  27.485 0.1111110002
42293  1.004  -33.516  28.691 0.1111110002
42292  0.918  -33.399  29.216 0.1111110002
41175  0.660  -34.224  28.945 0.1111110002
42306  0.922  -32.961  28.087 0.1111110002
42320  1.030  -33.425  27.177 0.1111110002
152917  1.094  -33.272  29.840 0.1111110002
136491  1.169  -33.033  29.022 0.1111110002
51787  28.116  -23.676  22.406 0.1111110002
51789  26.346  -23.392  22.309 0.1111110002
49388  22.785  -25.767  41.721 0.2222220004
49399  23.844  -25.568  40.957 0.2222220004
52866  26.151  -22.879  21.706 0.1111110002
53860  15.937  -21.150  26.828 0.1111110002
51798  31.676  -22.689  21.186 0.1111110002
52867  24.231  -21.901  21.752 0.1111110002
53956  24.611  -21.329  20.989 0.1111110002
53957  23.778  -21.075  21.360 0.1111110002
53914  21.141  -21.599  23.741 0.1111110002
52843  20.541  -21.930  24.256 0.1111110002
55058  23.117  -20.667  21.825 0.1111110002
55043  21.552  -20.356  22.987 0.1111110002
53915  19.747  -21.218  24.128 0.1111110002
148052  17.534  -20.959  25.227 0.1111110002
53916  18.457  -20.476  24.792 0.1111110002
56140  25.255  -19.100  21.164 0.1111110002
53966  33.187  -21.516  20.353 0.1111110002
53965  33.956  -21.140  20.553 0.1111110002
146980  26.001  -19.679  20.696 0.1111110002
55073  24.206  -19.923  20.948 0.1111110002
56141  24.399  -19.241  21.171 0.1111110002
55075  23.007  -19.834  21.712 0.1111110002
57193  23.943  -18.756  21.677 0.1111110002
148861  24.135  -20.602  20.999 0.1111110002
56125  22.556  -19.424  22.288 0.1111110002
53932  21.010  -20.837  23.368 0.1111110002
57178  23.589  -18.468  22.443 0.1111110002
57179  22.884  -18.784  22.505 0.1111110002
55060  22.007  -19.711  22.716 0.1111110002
56095  20.458  -19.473  23.991 0.1111110002
56109  21.524  -19.548  23.220 0.1111110002
56151  34.470  -19.946  19.831 0.1111110002
56165  34.298  -19.311  19.531 0.1111110002
56166  33.557  -19.514  19.513 0.1111110002
153574  34.944  -18.966  19.712 0.1111110002
53784  41.169  -22.196  31.737 0.1111110002
58122  42.388  -17.225  30.150 0.2222220004
59118  42.384  -16.510  29.851 0.2222220004
65545  57.489  -10.707  12.898 0.2222220004
64527  56.822  -11.232  13.456 0.2222220004
64539  57.318  -11.162  11.885 0.2222220004
65551  57.873  -10.179  11.671 0.2222220004
68890  42.291  -7.057  11.611 0.2222220004
147089  41.765  -6.490  11.251 0.1111110002
70921  44.504  -5.013  12.080 0.2222220004
69904  43.402  -5.528  11.695 0.2222220004
69905  42.646  -6.084  11.417 0.2222220004
78859  53.978  2.438  3.157 0.2222220004
79851  54.659  3.380  2.179 0.2222220004
78866  54.291  2.886  2.639 0.2222220004
84755  61.098  9.588  2.463 0.2222220004
82768  60.747  7.369  3.052 0.1111110002
83743  60.910  8.520  2.750 0.2222220004
78839  60.550  3.333  5.532 0.2222220004
80810  60.544  5.027  6.006 0.2222220004
79819  60.388  4.047  6.733 0.2222220004
68891  41.361  -7.334  11.431 0.1111110002
73940  50.854  -2.437  7.767 0.2222220004
138447  58.130  7.963  1.685 0.3333329856
64442  34.590  -11.715  17.072 0.1111110002
46311  25.845  -27.724  39.495 0.1111110002
46294  25.228  -27.293  39.842 0.1111110002
45386  24.712  -28.626  39.336 0.1111110002
45372  24.174  -27.930  39.795 0.1111110002
45373  23.532  -27.846  39.902 0.1111110002
44380  23.254  -28.757  38.815 0.1111110002
47280  24.781  -26.870  40.324 0.1111110002
47281  24.086  -26.925  40.687 0.1111110002
146716  22.726  -28.378  39.383 0.1111110002
46336  21.130  -28.369  38.131 0.1111110002
45427  21.877  -28.977  37.179 0.1111110002
45428  21.105  -28.648  36.839 0.1111110002
47267  23.097  -26.879  41.268 0.1111110002
45400  22.071  -28.318  39.385 0.1111110002
46326  19.969  -27.906  39.072 0.1111110002
46347  20.551  -28.313  37.404 0.1111110002
46337  20.065  -28.067  38.234 0.1111110002
45409  29.702  -28.459  37.163 0.1111110002
46335  29.055  -28.102  37.738 0.1111110002
47296  28.429  -27.904  38.586 0.1111110002
46309  27.649  -27.541  39.367 0.1111110002
47303  30.996  -28.066  36.862 0.1111110002
152362  30.398  -28.185  36.830 0.1111110002
46322  28.861  -27.929  37.902 0.1111110002
48343  28.623  -27.236  39.067 0.1111110002
48350  29.494  -27.775  37.286 0.1111110002
47295  29.269  -27.985  38.184 0.1111110002
142304  28.106  -26.899  39.251 0.1111110002
48352  28.549  -26.943  38.521 0.1111110002
46287  17.435  -28.635  42.823 0.1111110002
48353  28.047  -26.793  38.505 0.1111110002
45362  17.528  -28.782  42.004 0.1111110002
48365  27.881  -26.918  37.529 0.1111110002
133018  27.149  -26.691  38.012 0.1111110002
46302  18.409  -28.133  41.777 0.1111110002
49396  25.598  -26.283  39.961 0.1111110002
47270  20.579  -27.219  42.157 0.1111110002
46316  18.571  -28.169  40.849 0.1111110002
156518  20.983  -27.577  41.697 0.1111110002
141702  20.144  -27.892  40.674 0.1111110002
46328  18.591  -28.142  39.933 0.1111110002
133849  21.612  -27.897  40.650 0.1111110002
46314  20.279  -27.916  39.884 0.1111110002
139177  18.651  -28.107  39.201 0.1111110002
45415  17.553  -29.091  38.626 0.1111110002
46338  19.229  -27.978  38.743 0.1111110002
135650  31.952  -28.341  36.460 0.1111110002
46345  32.384  -28.056  36.556 0.1111110002
46272  18.008  -27.925  42.880 0.2222220004
45378  17.075  -29.487  41.716 0.1111110002
49408  24.532  -25.675  39.766 0.1111110002
138601  9.880  -38.988  37.529 0.1111110002
35430  10.271  -38.540  37.680 0.1111110002
46273  17.296  -28.369  43.020 0.2222220004
46274  16.648  -28.767  43.073 0.2222220004
45363  16.833  -29.439  42.634 0.2222220004
34268  9.717  -38.916  37.900 0.1111110002
35427  10.150  -38.447  38.201 0.1111110002
47260  16.966  -27.953  43.089 0.2222220004
48325  17.508  -27.045  42.644 0.2222220004
47259  17.734  -27.657  42.988 0.2222220004
45355  16.255  -29.466  43.066 0.1111110002
48393  36.408  -27.034  34.980 0.1111110002
48314  18.110  -27.006  43.034 0.2222220004
35419  9.980  -37.630  39.353 0.1111110002
144621  16.878  -27.241  42.156 0.2222220004
36565  10.568  -37.011  39.416 0.1111110002
47261  16.432  -28.470  43.032 0.2222220004
47274  16.055  -28.496  42.919 0.2222220004
37700  12.997  -35.887  39.262 0.1111110002
48324  18.077  -26.520  42.338 0.2222220004
46275  15.915  -29.067  43.095 0.1111110002
138304  14.779  -31.336  41.796 0.1111110002
42134  14.456  -32.137  41.398 0.1111110002
39968  14.021  -34.069  40.337 0.1111110002
36561  13.676  -35.817  39.152 0.1111110002
49380  18.627  -25.908  41.971 0.2222220004
50498  38.074  -25.243  33.888 0.1111110002
49461  38.076  -25.854  34.289 0.1111110002
50520  38.650  -24.572  33.542 0.1111110002
35420  9.271  -37.604  39.483 0.1111110002
37694  11.136  -35.824  39.566 0.1111110002
36559  10.407  -36.328  39.590 0.1111110002
149429  12.831  -35.815  39.333 0.1111110002
36563  12.371  -36.350  39.040 0.1111110002
145019  13.528  -35.669  40.086 0.1111110002
153023  17.946  -26.091  41.646 0.2222220004
137339  17.621  -26.094  40.826 0.2222220004
48334  16.738  -27.026  41.217 0.2222220004
147014  14.718  -29.983  42.490 0.1111110002
154944  14.175  -30.975  42.099 0.2222220004
140580  13.904  -32.677  41.182 0.2222220004
38838  13.916  -35.305  40.406 0.1111110002
49392  17.108  -26.585  40.792 0.2222220004
47283  16.367  -27.651  41.656 0.2222220004
149740  15.471  -28.716  41.630 0.2222220004
44350  13.936  -30.968  42.031 0.2222220004
145409  38.608  -25.572  33.918 0.1111110002
51604  39.174  -23.924  33.301 0.1111110002
141822  39.486  -23.454  32.295 0.2222220004
38841  10.849  -35.249  39.646 0.1111110002
160001  11.928  -34.230  39.848 0.1111110002
38840  11.786  -35.360  39.560 0.1111110002
41059  12.120  -33.512  40.240 0.1111110002
144332  12.339  -34.861  39.668 0.1111110002
41058  12.973  -33.421  40.552 0.1111110002
39969  13.612  -34.251  40.155 0.1111110002
43245  13.286  -31.810  41.388 0.2222220004
44355  13.826  -30.776  41.601 0.2222220004
51620  39.694  -23.393  32.880 0.1111110002
39971  11.434  -34.733  39.685 0.1111110002
41052  12.848  -32.873  41.021 0.2222220004
42142  11.868  -33.159  40.266 0.1111110002
66577  35.464  -9.811  12.801 0.1111110002
66578  34.685  -9.675  13.019 0.1111110002
66595  36.682  -9.404  12.331 0.1111110002
66596  35.822  -9.264  12.374 0.1111110002
66597  35.039  -9.071  12.564 0.1111110002
67766  36.200  -8.681  12.036 0.1111110002
66598  34.834  -8.287  12.552 0.1111110002
67765  37.056  -8.802  11.921 0.1111110002
67767  35.443  -8.473  12.227 0.1111110002
70962  49.027  -5.646  8.242 0.1111110002
71950  49.562  -4.813  7.996 0.1111110002
71951  48.700  -4.801  8.160 0.1111110002
71952  47.053  -4.650  8.513 0.1111110002
72965  46.290  -4.120  8.756 0.1111110002
142823  47.842  -4.906  8.360 0.1111110002
71961  49.671  -4.025  7.946 0.1111110002
157226  49.258  -4.413  8.043 0.1111110002
71960  50.282  -3.207  7.810 0.1111110002
145129  48.115  -4.415  8.573 0.1111110002
71962  49.124  -4.073  8.246 0.1111110002
73941  50.267  -2.291  7.791 0.1111110002
73942  49.837  -2.508  8.019 0.1111110002
72971  49.714  -3.463  8.058 0.1111110002
75904  50.296  -0.663  7.847 0.1111110002
74914  49.929  -1.605  7.826 0.1111110002
75905  49.461  -0.778  7.892 0.1111110002
74915  49.519  -1.488  8.140 0.1111110002
85714  60.669  10.524  0.399 0.2222220004
78850  50.925  2.425  4.038 0.1111110002
78851  50.211  2.666  4.256 0.1111110002
86680  60.336  10.534  0.089 0.2222220004
78867  53.687  2.882  2.702 0.1111110002
79835  50.336  3.351  4.202 0.1111110002
79836  49.569  3.292  4.518 0.1111110002
83750  57.169  7.268  1.165 0.2222220004
148732  54.042  3.370  2.198 0.1111110002
78868  53.108  3.123  2.989 0.1111110002
78861  52.412  2.678  3.442 0.1111110002
78862  51.537  2.573  3.740 0.1111110002
85722  58.897  9.470  -0.944 0.2222220004
152906  58.128  8.742  -0.025 0.2222220004
84762  57.415  8.013  0.812 0.2222220004
85741  59.759  9.470  -2.390 0.2222220004
85731  58.032  8.949  -1.624 0.2222220004
84769  56.883  7.949  0.120 0.2222220004
85742  59.150  9.364  -2.449 0.2222220004
79859  54.384  3.873  1.682 0.1111110002
80824  50.139  3.877  4.517 0.1111110002
80853  54.757  4.462  1.222 0.1111110002
79860  53.803  4.001  1.855 0.1111110002
147758  53.532  3.574  2.482 0.1111110002
79842  52.664  3.552  3.368 0.1111110002
79834  51.139  3.729  4.181 0.1111110002
85723  57.832  8.710  -0.766 0.2222220004
84773  56.497  8.000  -0.359 0.2222220004
80834  52.303  3.978  3.850 0.1111110002
85724  56.644  8.344  -0.777 0.1111110002
84770  55.274  7.672  -0.345 0.1111110002
83756  54.893  7.484  -0.028 0.1111110002
81874  54.740  5.778  0.401 0.1111110002
80854  54.136  4.556  1.341 0.1111110002
140403  53.602  4.788  1.696 0.1111110002
80843  53.296  4.538  2.536 0.1111110002
85744  57.171  9.056  -2.221 0.2222220004
85725  55.952  8.447  -1.336 0.1111110002
83763  54.567  7.637  -0.399 0.1111110002
82789  54.291  6.673  0.192 0.1111110002
81875  53.900  5.914  0.496 0.1111110002
81867  54.382  5.135  0.813 0.1111110002
84782  54.331  8.097  -1.634 0.1111110002
82790  53.449  6.812  0.266 0.1111110002
81868  53.599  5.340  0.990 0.1111110002
81859  53.167  5.100  2.302 0.1111110002
84776  53.869  7.790  -1.005 0.1111110002
83757  53.125  7.481  -0.101 0.1111110002
81876  53.085  6.202  0.649 0.1111110002
81869  52.751  5.844  1.144 0.1111110002
84792  53.615  8.156  -2.349 0.1111110002
83773  53.237  7.718  -0.746 0.1111110002
83876  53.956  6.773  -7.002 0.1111110002
81860  53.123  5.338  1.737 0.1111110002
81851  52.932  5.264  2.971 0.1111110002
83758  52.283  7.197  0.112 0.1111110002
143888  52.757  6.909  0.346 0.1111110002
84807  53.779  8.268  -3.186 0.1111110002
84784  52.779  8.015  -2.149 0.1111110002
83765  52.463  7.587  -0.519 0.1111110002
82791  52.202  6.573  0.739 0.1111110002
82772  52.570  5.745  1.997 0.1111110002
84820  54.760  8.485  -4.357 0.1111110002
136103  51.788  7.624  -1.101 0.1111110002
144577  51.646  7.309  -0.306 0.1111110002
82792  51.215  6.588  0.915 0.1111110002
82780  52.005  6.197  1.443 0.1111110002
83797  53.137  7.970  -3.748 0.1111110002
132911  51.990  7.829  -1.926 0.1111110002
82782  50.413  6.540  1.502 0.1111110002
82781  51.281  6.385  1.725 0.1111110002
83798  52.272  7.844  -3.545 0.1111110002
83817  52.505  7.614  -4.387 0.1111110002
83858  52.909  6.994  -5.975 0.1111110002
82855  52.221  6.679  -6.588 0.1111110002
82771  52.812  5.483  2.826 0.1111110002
82761  52.836  5.801  3.736 0.1111110002
82762  52.729  6.059  3.610 0.1111110002
83766  50.790  7.311  -0.869 0.1111110002
82793  50.221  6.679  0.613 0.1111110002
82774  50.765  6.593  2.398 0.1111110002
82773  51.927  6.260  2.459 0.1111110002
148764  52.603  5.886  2.938 0.1111110002
83782  51.465  7.740  -2.461 0.1111110002
82783  49.513  6.755  1.211 0.1111110002
83799  51.297  7.677  -3.293 0.1111110002
83777  49.298  7.503  -1.717 0.1111110002
82798  49.345  7.122  -0.382 0.1111110002
135692  50.964  7.235  -4.952 0.1111110002
83800  50.219  7.572  -3.342 0.1111110002
82846  52.065  6.957  -5.808 0.1111110002
144808  50.132  7.432  -4.876 0.1111110002
82847  51.238  6.994  -5.698 0.1111110002
82764  51.347  6.802  3.202 0.1111110002
83751  48.949  7.189  1.737 0.1111110002
83738  50.202  7.130  2.981 0.1111110002
160638  48.410  7.673  -0.440 0.1111110002
83760  48.369  7.652  0.294 0.1111110002
84785  48.117  8.436  -1.616 0.1111110002
84823  48.881  8.436  -4.438 0.1111110002
83802  48.677  8.297  -3.528 0.1111110002
83819  49.440  7.915  -4.757 0.1111110002
83840  49.760  7.812  -5.524 0.1111110002
84751  49.882  7.884  3.315 0.1111110002
83746  49.329  7.492  2.564 0.1111110002
83747  48.745  7.883  2.009 0.1111110002
47279  25.223  -26.997  40.012 0.1111110002
48337  26.720  -26.872  39.998 0.1111110002
46310  26.787  -27.510  39.432 0.1111110002
46324  27.126  -27.842  38.742 0.1111110002
49385  24.937  -26.015  40.895 0.1111110002
45385  25.525  -28.598  39.121 0.1111110002
48333  23.907  -26.168  41.321 0.1111110002
47289  27.254  -27.256  39.867 0.1111110002
141590  21.919  -27.191  41.885 0.1111110002
47269  21.251  -26.846  42.198 0.1111110002
48354  27.253  -26.652  39.087 0.1111110002
154561  26.429  -26.437  39.213 0.1111110002
48332  24.531  -26.392  40.997 0.1111110002
49386  24.316  -25.918  41.111 0.1111110002
47256  20.428  -26.783  42.376 0.1111110002
46283  21.477  -27.382  41.805 0.1111110002
47258  18.441  -27.267  42.937 0.1111110002
47272  18.718  -27.441  42.677 0.1111110002
46301  19.523  -27.886  41.314 0.1111110002
36566  9.585  -36.952  39.711 0.1111110002
35423  9.552  -38.177  38.984 0.1111110002
156428  28.871  -27.440  38.499 0.1111110002
47304  29.789  -28.029  37.212 0.1111110002
46333  31.550  -27.968  36.883 0.1111110002
149891  36.268  -9.941  12.754 0.1111110002
77887  52.039  2.084  3.759 0.1111110002
85715  60.586  10.643  0.903 0.2222220004
85721  60.577  10.313  -0.359 0.2222220004
85716  59.805  10.310  0.391 0.2222220004
84768  57.812  8.378  0.405 0.2222220004
154615  41.556  -4.931  10.782 0.1111110002
47257  19.231  -27.029  42.780 0.1111110002
140566  15.822  -28.028  41.181 0.2222220004
154638  14.365  -29.945  41.592 0.2222220004
44351  13.503  -31.378  41.558 0.2222220004
48340  16.312  -27.501  40.699 0.2222220004
156283  19.930  -27.098  42.394 0.1111110002
141878  55.652  7.390  0.146 0.1111110002
82788  55.218  6.662  0.216 0.1111110002
49415  25.698  -26.050  38.938 0.1111110002
48320  23.229  -26.231  41.672 0.1111110002
139794  22.096  -26.670  42.065 0.1111110002
49398  24.679  -25.810  40.627 0.1111110002
49407  25.355  -25.915  39.924 0.1111110002
48321  22.697  -26.571  41.803 0.1111110002
46312  24.948  -27.937  39.656 0.1111110002
46295  24.401  -27.378  40.058 0.1111110002
46296  23.705  -27.474  40.263 0.1111110002
45388  23.539  -28.260  39.557 0.1111110002
44364  24.079  -29.005  38.990 0.1111110002
44365  22.985  -28.189  39.652 0.1111110002
152041  23.571  -28.694  39.107 0.1111110002
45399  22.790  -28.676  38.839 0.1111110002
44393  23.452  -29.095  38.344 0.1111110002
47282  23.347  -27.248  40.749 0.1111110002
157095  23.574  -26.857  41.055 0.1111110002
46297  23.101  -27.536  40.446 0.1111110002
45374  22.906  -27.846  40.047 0.1111110002
45375  22.405  -27.780  40.440 0.1111110002
45376  22.257  -28.010  39.966 0.1111110002
156174  21.319  -28.602  37.488 0.1111110002
145078  21.967  -28.820  37.897 0.1111110002
46281  22.752  -27.308  40.981 0.1111110002
46325  20.984  -28.085  39.053 0.1111110002
45413  21.993  -28.564  38.644 0.1111110002
46313  21.357  -28.021  39.960 0.1111110002
46334  29.704  -28.097  37.307 0.1111110002
46286  18.142  -28.045  42.520 0.1111110002
45377  17.767  -28.771  41.320 0.1111110002
46285  19.105  -27.673  42.136 0.1111110002
49406  26.059  -26.304  39.394 0.1111110002
48338  25.853  -26.790  39.900 0.1111110002
46284  20.142  -27.601  41.876 0.1111110002
46299  21.747  -27.663  41.189 0.1111110002
153557  20.835  -27.966  40.522 0.1111110002
46300  20.746  -27.832  41.209 0.1111110002
46315  19.387  -27.944  40.352 0.1111110002
45401  17.933  -28.669  39.425 0.1111110002
46327  19.328  -27.932  39.516 0.1111110002
140835  19.115  -28.095  38.037 0.1111110002
35421  10.677  -37.722  38.688 0.1111110002
47273  16.503  -27.918  42.656 0.2222220004
148914  15.913  -28.223  42.203 0.2222220004
46288  15.610  -28.903  42.641 0.2222220004
37699  13.647  -35.450  39.923 0.1111110002
44344  15.408  -30.279  42.702 0.1111110002
46289  15.266  -29.594  42.925 0.1111110002
43240  14.796  -30.666  42.206 0.1111110002
44345  14.994  -30.246  42.895 0.1111110002
41050  14.386  -33.170  40.881 0.1111110002
38837  14.035  -34.717  40.025 0.1111110002
41057  13.724  -33.432  40.772 0.1111110002
37692  13.765  -35.545  40.381 0.1111110002
36558  11.342  -36.356  39.412 0.1111110002
37693  12.079  -35.805  39.429 0.1111110002
146437  13.305  -34.893  39.740 0.1111110002
46304  14.995  -29.357  42.174 0.2222220004
45365  14.299  -30.468  42.071 0.2222220004
43244  13.630  -31.442  41.710 0.2222220004
41051  13.283  -32.657  41.080 0.1111110002
42136  13.139  -32.201  41.271 0.2222220004
132989  58.892  9.497  -0.193 0.2222220004
86688  59.720  10.035  -1.041 0.2222220004
79844  50.904  3.065  3.864 0.1111110002
79843  51.773  3.302  3.679 0.1111110002
85729  59.758  9.767  -1.714 0.2222220004
85730  59.018  9.459  -1.702 0.2222220004
85717  57.221  8.327  -0.187 0.2222220004
85755  59.319  9.179  -3.086 0.2222220004
85732  56.905  8.780  -1.449 0.2222220004
85743  58.222  9.146  -2.408 0.2222220004
154503  55.636  7.571  -0.100 0.1111110002
84774  55.760  7.944  -0.688 0.1111110002
85745  56.201  8.967  -2.033 0.1111110002
85758  56.508  9.145  -2.797 0.1111110002
84781  55.283  8.616  -2.018 0.1111110002
134493  55.130  8.076  -1.159 0.1111110002
138656  53.972  7.429  -0.137 0.1111110002
142733  55.024  7.774  -0.628 0.1111110002
83764  53.880  7.634  -0.474 0.1111110002
84783  53.410  7.926  -1.526 0.1111110002
82854  53.076  6.687  -6.794 0.1111110002
155517  51.621  6.947  0.333 0.1111110002
84808  52.942  8.109  -2.951 0.1111110002
84806  54.583  8.554  -3.484 0.1111110002
84821  53.932  8.258  -4.045 0.1111110002
83781  52.137  7.902  -2.734 0.1111110002
83775  51.168  7.610  -1.777 0.1111110002
82797  50.042  6.919  -0.228 0.1111110002
82775  49.733  6.829  2.158 0.1111110002
83783  50.673  7.609  -2.532 0.1111110002
136204  50.657  7.465  -4.135 0.1111110002
83839  51.853  7.289  -5.056 0.1111110002
83776  50.221  7.451  -1.747 0.1111110002
83767  49.736  7.274  -0.986 0.1111110002
82794  49.421  6.888  0.314 0.1111110002
83784  49.632  7.586  -2.532 0.1111110002
142797  48.621  7.843  -1.837 0.1111110002
83768  48.854  7.454  -0.934 0.1111110002
82784  48.822  7.125  0.798 0.1111110002
133445  49.789  7.594  -4.112 0.1111110002
83785  48.841  7.866  -2.691 0.1111110002
83801  49.311  7.747  -3.401 0.1111110002
48344  27.457  -26.928  39.756 0.1111110002
48345  26.709  -26.657  39.615 0.1111110002
47268  22.446  -27.055  41.547 0.1111110002
46282  22.151  -27.390  41.348 0.1111110002
47271  19.613  -27.247  42.410 0.1111110002
46298  22.515  -27.555  40.744 0.1111110002
63367  33.723  -12.162  20.159 0.1111110002
145478  33.745  -11.753  19.460 0.1111110002
50539  41.473  -24.504  32.237 0.1111110002
49494  42.023  -25.543  31.005 0.1111110002
50556  41.872  -24.960  31.518 0.1111110002
52692  41.491  -23.093  32.335 0.1111110002
48449  42.145  -26.219  30.603 0.1111110002
63427  56.825  -11.544  12.380 0.1111110002
63419  56.198  -11.741  12.909 0.1111110002
64540  56.882  -11.500  11.641 0.1111110002
51619  41.931  -23.800  32.140 0.1111110002
52708  43.144  -22.837  31.258 0.1111110002
51635  42.663  -23.845  31.428 0.1111110002
52691  42.272  -23.001  31.912 0.1111110002
53797  42.398  -21.322  31.354 0.1111110002
53783  41.671  -22.211  31.840 0.1111110002
64450  55.129  -11.417  16.399 0.1111110002
64543  57.283  -10.891  11.086 0.1111110002
140078  43.102  -21.040  31.186 0.1111110002
53796  43.149  -21.800  31.308 0.1111110002
53782  42.487  -22.217  31.587 0.1111110002
56011  42.072  -19.623  30.772 0.1111110002
54919  42.141  -20.452  30.942 0.1111110002
56022  41.759  -19.215  30.602 0.1111110002
63410  56.369  -11.538  13.795 0.1111110002
151643  57.602  -10.241  10.938 0.1111110002
65558  57.222  -9.858  9.978 0.1111110002
54918  42.835  -20.466  31.094 0.1111110002
57063  43.116  -19.327  30.783 0.1111110002
56010  42.671  -19.770  30.898 0.1111110002
65554  57.811  -9.926  11.156 0.1111110002
68923  58.376  -7.512  9.645 0.1111110002
75930  58.734  -0.464  3.769 0.1111110002
154095  57.859  1.289  1.822 0.1111110002
77894  57.194  0.985  2.064 0.1111110002
76908  57.389  0.385  2.684 0.1111110002
76902  57.052  -0.026  3.170 0.1111110002
151373  58.602  -6.790  9.956 0.1111110002
71957  58.610  -4.330  7.981 0.1111110002
73947  57.669  -2.999  6.356 0.1111110002
151023  56.960  -2.297  5.752 0.1111110002
73946  58.346  -2.866  6.348 0.1111110002
73951  57.789  -2.408  5.888 0.1111110002
151604  58.172  -1.884  5.443 0.1111110002
77852  60.396  1.271  5.866 0.1111110002
75912  60.021  -0.721  5.199 0.1111110002
76907  58.240  0.621  2.558 0.1111110002
77893  58.671  1.420  2.171 0.1111110002
71942  58.655  -4.731  8.802 0.1111110002
72959  58.705  -4.131  8.235 0.1111110002
72968  58.710  -3.804  7.740 0.1111110002
71965  58.218  -4.083  7.403 0.1111110002
73929  58.960  -3.329  7.736 0.1111110002
72972  58.943  -3.263  7.109 0.1111110002
73950  58.642  -2.278  5.766 0.1111110002
73949  59.190  -1.893  5.644 0.1111110002
77839  59.973  0.659  6.674 0.1111110002
76906  59.336  0.816  2.915 0.1111110002
77892  59.661  1.686  2.553 0.1111110002
77884  60.157  1.078  3.294 0.1111110002
150189  60.548  1.582  3.808 0.1111110002
72944  58.714  -4.100  8.930 0.1111110002
72973  58.587  -3.397  6.956 0.1111110002
73945  58.973  -2.691  6.339 0.1111110002
137178  60.538  2.388  3.499 0.1111110002
157748  60.320  1.787  3.159 0.1111110002
141562  60.636  3.980  3.538 0.1111110002
80820  60.625  4.877  4.796 0.1111110002
80830  60.657  4.763  3.969 0.1111110002
142796  60.956  8.680  1.702 0.1111110002
140906  60.984  9.313  0.883 0.1111110002
84789  60.174  9.189  -2.533 0.1111110002
84814  60.011  8.539  -3.837 0.1111110002
84803  59.792  8.877  -3.461 0.1111110002
83851  59.298  7.048  -6.408 0.1111110002
82863  59.165  6.541  -7.265 0.1111110002
83871  58.591  7.047  -7.811 0.1111110002
84760  61.175  9.993  1.524 0.1111110002
85740  60.014  9.520  -2.313 0.1111110002
85754  59.838  9.191  -2.965 0.1111110002
85765  59.464  8.930  -3.536 0.1111110002
85766  58.841  8.994  -3.796 0.1111110002
85767  58.010  9.003  -4.054 0.1111110002
149436  57.551  9.144  -3.667 0.1111110002
85757  56.773  9.195  -3.565 0.1111110002
84826  58.868  8.298  -5.213 0.1111110002
84827  58.025  8.517  -5.410 0.1111110002
84817  57.581  8.855  -4.798 0.1111110002
84837  58.345  8.055  -6.085 0.1111110002
84838  57.639  8.250  -6.223 0.1111110002
83853  57.328  7.920  -7.136 0.1111110002
151438  58.128  7.236  -8.367 0.1111110002
85756  58.396  9.121  -3.246 0.1111110002
144214  57.428  9.139  -3.014 0.1111110002
84804  56.210  9.106  -4.133 0.1111110002
84828  57.205  8.577  -5.573 0.1111110002
63429  55.576  -11.981  11.989 0.1111110002
63420  55.643  -11.941  12.725 0.1111110002
63411  56.081  -11.754  13.656 0.1111110002
79848  60.500  3.262  2.948 0.1111110002
79831  60.660  3.087  4.561 0.1111110002
136012  59.178  -2.434  8.100 0.1111110002
141399  60.665  3.920  4.229 0.1111110002
73917  58.828  -3.282  8.695 0.1111110002
157053  58.868  -2.277  8.957 0.1111110002
141401  60.602  4.011  4.963 0.1111110002
77877  60.609  1.389  4.488 0.1111110002
78846  60.630  2.193  4.886 0.1111110002
76898  60.425  0.718  3.969 0.1111110002
142812  59.351  -2.085  6.186 0.1111110002
76900  59.036  0.080  3.321 0.1111110002
160328  59.785  1.243  7.421 0.1111110002
76876  59.717  0.519  7.224 0.1111110002
75929  59.625  -0.353  3.918 0.1111110002
153275  58.308  -8.157  10.142 0.1111110002
71930  58.642  -5.175  9.467 0.1111110002
74895  59.030  -1.282  8.800 0.1111110002
75902  59.664  -0.326  6.990 0.1111110002
74904  59.584  -1.221  6.883 0.1111110002
135421  60.420  3.007  6.293 0.1111110002
153802  60.522  2.164  5.647 0.1111110002
63401  55.132  -12.033  15.203 0.1111110002
141535  0.852  -32.763  35.082 0.1111110002
62347  55.594  -11.999  14.127 0.1111110002
85728  60.063  9.833  -1.711 0.1111110002
50538  42.096  -24.378  31.705 0.1111110002
48434  41.151  -26.000  31.575 0.1111110002
75920  59.255  -0.802  4.352 0.1111110002
76901  58.069  -0.092  3.139 0.1111110002
75919  59.923  -0.635  4.554 0.1111110002
77865  60.565  1.256  5.129 0.1111110002
138968  60.270  0.474  6.012 0.1111110002
76893  60.502  0.526  4.718 0.1111110002
75918  60.347  -0.208  4.936 0.1111110002
75908  60.007  -0.657  5.680 0.1111110002
74916  59.639  -1.243  5.673 0.1111110002
70952  58.590  -5.364  8.838 0.1111110002
73939  59.364  -2.339  7.010 0.1111110002
74912  59.563  -1.517  6.268 0.1111110002
75901  60.036  -0.129  6.237 0.1111110002
75911  60.271  -0.218  5.521 0.1111110002
78856  60.678  2.265  4.205 0.1111110002
79839  60.673  3.120  3.848 0.1111110002
84780  60.246  9.589  -1.734 0.1111110002
83780  60.318  8.481  -2.755 0.1111110002
84802  60.078  8.852  -3.229 0.1111110002
84815  59.627  8.704  -3.885 0.1111110002
83834  58.912  7.727  -6.027 0.1111110002
83852  58.652  7.444  -6.867 0.1111110002
134573  58.104  7.575  -7.549 0.1111110002
139527  58.040  7.936  -6.800 0.1111110002
137467  59.169  8.715  -4.241 0.1111110002
84816  58.436  8.770  -4.564 0.1111110002
85768  57.117  9.116  -4.226 0.1111110002
84818  56.572  8.837  -4.950 0.1111110002
83886  58.051  6.963  -9.021 0.1111110002
158670  59.377  -1.605  7.709 0.1111110002
76899  59.928  0.266  3.537 0.1111110002
76894  60.226  -0.054  4.215 0.1111110002
147028  59.817  -0.866  6.174 0.1111110002
33168  8.946  -39.560  37.307 0.2222220004
33176  7.935  -40.308  36.416 0.1111110002
34265  9.723  -38.608  38.410 0.1111110002
34267  8.632  -38.631  38.395 0.2222220004
34272  10.089  -38.892  36.936 0.1111110002
34275  9.705  -39.482  36.327 0.2222220004
35422  10.157  -38.053  38.818 0.1111110002
36557  12.275  -36.151  39.243 0.1111110002
36562  13.157  -35.952  39.181 0.1111110002
36564  11.442  -36.755  39.160 0.1111110002
36574  8.433  -37.669  39.048 0.3333329856
36632  0.673  -37.079  32.752 0.2222220004
37691  14.103  -34.998  39.636 0.1111110002
37695  10.353  -35.722  39.641 0.3333329856
38839  12.882  -35.437  39.531 0.1111110002
38847  9.367  -35.478  39.615 0.4444440007
39970  12.731  -34.199  39.955 0.1111110002
39972  10.625  -34.630  39.634 0.1111110002
39976  9.875  -34.979  39.709 0.4444440007
41060  11.209  -33.869  39.804 0.3333329856
42135  13.925  -32.037  41.608 0.2222220004
42330  1.047  -33.251  26.781 0.1111110002
43243  14.190  -31.398  41.910 0.2222220004
43251  12.807  -31.745  40.653 0.3333329856
44349  14.652  -30.494  42.349 0.2222220004
45354  16.904  -29.142  43.028 0.2222220004
45356  15.500  -29.859  43.044 0.1111110002
45357  14.894  -29.986  42.958 0.1111110002
45423  32.804  -28.314  36.282 0.1111110002
46323  28.565  -28.017  38.548 0.1111110002
46343  34.007  -28.189  37.006 0.2222220004
46358  34.557  -28.501  36.282 0.1111110002
47255  20.585  -26.364  42.277 0.1111110002
47266  23.734  -26.610  41.173 0.1111110002
47288  28.002  -27.205  39.525 0.1111110002
47290  26.195  -27.218  39.827 0.1111110002
47297  28.411  -27.582  39.123 0.1111110002
47322  36.013  -27.381  36.041 0.2222220004
47347  29.441  -27.962  34.234 0.4444440007
47375  28.514  -28.035  32.316 0.7777780294
47392  27.279  -27.632  31.996 0.7777780294
47427  31.496  -27.557  28.821 0.8888890147
47428  30.724  -27.388  28.627 0.8888890147
48315  17.525  -27.479  42.909 0.2222220004
48331  25.191  -26.391  40.378 0.1111110002
48347  16.260  -27.353  39.830 0.4444440007
48359  32.865  -27.532  36.460 0.3333329856
48378  31.347  -26.973  35.836 0.5555559993
48392  37.534  -27.001  35.082 0.2222220004
48410  33.471  -26.711  34.673 0.3333329856
48437  33.495  -26.820  32.877 0.7777780294
49371  19.918  -26.373  42.356 0.2222220004
49376  22.456  -26.091  42.055 0.1111110002
49391  18.767  -25.626  41.176 0.2222220004
49397  25.238  -25.988  40.496 0.1111110002
49420  16.832  -25.962  38.152 0.6666669846
49464  34.962  -26.108  34.361 0.3333329856
49495  41.445  -25.485  31.584 0.1111110002
49555  34.535  -25.997  27.335 0.8888890147
49556  33.792  -26.168  27.174 0.8888890147
50426  21.468  -25.464  41.635 0.2222220004
50434  23.197  -25.238  40.521 0.2222220004
50435  21.181  -25.005  40.343 0.4444440007
50443  23.259  -25.274  39.781 0.2222220004
50500  36.386  -25.475  33.977 0.3333329856
50509  18.441  -24.904  34.796 0.7777780294
50564  20.287  -24.854  31.351 0.6666669846
50634  35.611  -24.991  26.354 0.8888890147
50647  31.767  -25.411  25.162 0.8888890147
53825  40.455  -21.633  29.189 0.7777780294
53973  24.748  -20.464  20.717 0.1111110002
56142  23.666  -19.463  21.341 0.1111110002
59117  42.785  -16.675  29.841 0.2222220004
60145  43.241  -15.755  28.637 0.2222220004
60149  46.268  -14.619  27.506 0.1111110002
60152  41.456  -16.046  28.142 0.5555559993
61172  42.852  -15.470  28.765 0.5555559993
61188  45.375  -14.084  27.928 0.4444440007
61227  39.078  -14.609  23.834 1.0000000000
61258  50.997  -13.557  21.648 0.1111110002
61294  50.757  -13.529  20.150 0.1111110002
62211  44.615  -13.781  28.143 0.5555559993
62247  41.395  -13.403  25.423 1.0000000000
62261  51.016  -13.126  22.774 0.1111110002
62286  51.229  -13.263  21.000 0.1111110002
62305  51.470  -12.693  20.047 0.1111110002
62313  51.470  -12.647  19.821 0.1111110002
62314  51.286  -12.991  19.416 0.1111110002
62348  55.134  -12.209  13.887 0.1111110002
62366  55.614  -11.966  13.456 0.1111110002
63262  47.024  -12.755  27.176 0.4444440007
63263  46.397  -12.669  27.387 0.4444440007
63264  45.682  -12.676  27.664 0.4444440007
63267  43.461  -13.151  27.195 0.5555559993
63300  42.176  -12.398  25.544 0.6666669846
63343  51.340  -13.039  21.497 0.1111110002
63344  51.302  -12.733  22.204 0.1111110002
63354  51.542  -12.669  20.806 0.1111110002
63388  55.100  -11.865  15.872 0.1111110002
63393  55.618  -11.636  15.451 0.2222220004
63400  55.992  -11.747  14.290 0.1111110002
63418  56.635  -11.524  13.141 0.1111110002
63428  56.296  -11.786  12.193 0.1111110002
64254  44.643  -12.232  27.318 0.4444440007
64267  46.567  -12.001  26.631 0.4444440007
64285  46.832  -11.406  25.641 0.4444440007
64286  45.394  -11.744  26.074 0.4444440007
64431  55.405  -10.931  16.766 0.1111110002
64449  55.485  -11.300  16.154 0.2222220004
64451  54.771  -10.849  16.871 0.3333329856
64476  56.276  -11.202  14.660 0.3333329856
64477  55.954  -11.357  15.191 0.3333329856
64534  57.210  -11.220  12.638 0.2222220004
64542  57.614  -10.516  11.449 0.1111110002
64544  56.667  -11.289  10.839 0.1111110002
65404  46.772  -11.216  23.736 0.3333329856
65408  51.361  -11.297  21.872 0.1111110002
65410  50.252  -10.812  22.810 0.1111110002
65418  51.716  -11.403  20.439 0.1111110002
65461  55.685  -10.857  16.410 0.2222220004
65555  57.322  -10.305  10.473 0.1111110002
66507  54.514  -8.769  17.380 0.2222220004
66564  56.985  -10.434  13.583 0.2222220004
67654  55.224  -8.707  17.151 0.4444440007
67658  52.548  -7.601  17.383 0.3333329856
67678  55.313  -8.253  16.814 0.4444440007
67709  55.485  -8.267  16.166 0.4444440007
68788  52.883  -7.285  17.390 0.4444440007
68814  55.007  -7.323  15.862 0.4444440007
69808  53.207  -6.831  17.234 0.4444440007
69815  53.513  -6.422  16.729 0.4444440007
69828  50.590  -5.990  15.993 0.6666669846
69864  57.755  -5.855  13.415 0.7777780294
70849  53.028  -5.921  16.260 0.4444440007
70873  51.563  -5.426  14.646 0.7777780294
72898  57.688  -3.663  13.581 0.6666669846
72920  58.380  -3.738  12.257 0.2222220004
72969  58.575  -3.947  7.594 0.1111110002
73856  58.082  -3.062  13.075 0.4444440007
73857  57.810  -3.061  13.174 0.5555559993
73878  58.043  -2.614  12.558 0.3333329856
73879  56.836  -3.028  13.009 0.6666669846
74840  57.171  -2.544  12.813 0.6666669846
74855  57.669  -1.941  12.134 0.4444440007
75863  57.439  -0.384  11.337 0.4444440007
76844  58.331  1.156  10.452 0.3333329856
76854  57.194  0.367  10.675 0.6666669846
76885  60.445  0.422  5.335 0.1111110002
77841  56.178  1.327  8.293 0.5555559993
77844  53.110  2.031  7.517 0.4444440007
78796  59.729  3.253  8.822 0.3333329856
78803  45.587  3.386  8.568 0.1111110002
78809  45.843  2.516  8.387 0.1111110002
79807  59.907  3.758  8.583 0.3333329856
80782  59.972  4.353  8.257 0.3333329856
80786  45.838  4.252  8.721 0.1111110002
81812  59.895  5.386  7.693 0.3333329856
82753  60.207  7.505  5.638 0.4444440007
82796  50.901  6.951  0.085 0.1111110002
82848  50.436  7.330  -5.717 0.1111110002
83734  60.564  8.492  4.386 0.3333329856
83735  60.110  8.704  4.401 0.4444440007
83752  48.470  7.673  1.185 0.1111110002
83759  48.830  7.256  -0.062 0.1111110002
83774  52.617  7.808  -1.312 0.1111110002
83818  51.596  7.542  -4.220 0.1111110002
83820  49.162  7.958  -4.073 0.1111110002
84756  60.564  9.664  3.331 0.4444440007
84758  49.214  8.258  2.723 0.1111110002
84775  54.468  7.791  -0.829 0.1111110002
85705  60.685  10.205  2.561 0.4444440007
85710  60.249  10.326  2.113 0.4444440007
86679  60.454  10.450  -0.237 0.2222220004
86682  60.160  10.408  -0.505 0.2222220004
86683  59.699  10.181  -0.389 0.2222220004
86687  60.219  10.234  -0.947 0.2222220004
133731  18.195  -25.787  41.124 0.2222220004
133887  25.709  -22.491  21.395 0.1111110002
133995  15.857  -27.146  36.757 0.7777780294
134214  39.906  -12.190  19.095 1.0000000000
134445  56.064  7.683  -0.219 0.2222220004
135607  60.341  10.043  -1.110 0.1111110002
136692  24.987  -25.845  39.230 0.1111110002
137317  55.642  1.202  8.677 0.5555559993
137485  26.173  -26.597  39.729 0.1111110002
137726  52.909  -8.858  11.241 1.0000000000
139640  7.681  -41.151  35.118 0.1111110002
141945  31.973  -24.983  24.584 0.8888890147
144400  54.581  2.617  3.153 0.3333329856
145033  55.598  -11.888  14.751 0.2222220004
146213  55.951  -10.652  16.098 0.3333329856
146837  29.090  -25.003  24.314 0.3333329856
147354  58.593  -6.167  10.340 0.2222220004
148011  40.710  -16.449  26.216 0.7777780294
148229  21.547  -25.048  41.086 0.3333329856
148626  54.348  -7.615  17.318 0.4444440007
151884  19.362  -25.146  38.165 0.5555559993
152267  36.111  -26.165  34.488 0.3333329856
153057  49.027  7.651  -2.204 0.1111110002
153226  21.309  -25.673  36.734 0.5555559993
153312  17.407  -26.647  41.644 0.2222220004
155136  40.156  -20.997  28.187 0.8888890147
155582  23.346  -25.923  37.784 0.5555559993
156472  57.664  0.720  10.760 0.5555559993
156679  47.117  -13.097  27.295 0.3333329856
156820  42.975  -15.848  29.035 0.4444440007
156988  59.183  -2.650  6.627 0.1111110002
157017  14.277  -34.072  40.141 0.1111110002
157097  59.420  3.147  9.097 0.3333329856
157158  48.068  8.462  -1.049 0.1111110002
157217  46.227  -11.696  17.249 0.7777780294
157240  48.216  -11.010  24.470 0.1111110002
158019  55.892  -9.586  16.494 0.3333329856
158151  34.777  -29.313  35.737 0.1111110002
158161  54.861  -8.774  17.333 0.3333329856
158171  51.172  -6.283  12.717 1.0000000000
158201  51.737  -11.652  19.897 0.1111110002
158549  7.963  -39.689  37.094 0.2222220004
158951  17.041  -27.526  42.745 0.2222220004
159165  4.796  -40.964  32.877 0.1111110002
160002  36.339  -19.375  21.773 0.4444440007
