#!ascii label  , from subject sub-v1s14x0051566_ses-1 vox2ras=TkReg
4239
6330  -8.990  -78.584  -43.073 0.0000000000
135867  -18.764  -84.918  -58.392 0.0000000000
39109  -16.942  -47.597  -35.001 0.0000000000
21284  -11.827  -63.788  -23.792 0.0000000000
11627  -10.168  -72.874  -31.322 0.0000000000
21387  -4.963  -63.901  -28.124 0.0000000000
8892  -3.118  -75.063  -38.701 0.0000000000
2537  -9.912  -84.247  -54.368 0.0000000000
4325  1.237  -81.271  -54.103 0.0000000000
31110  -19.461  -54.569  -31.515 0.0000000000
21191  -1.476  -63.398  -17.540 0.0000000000
8805  -3.289  -76.150  -30.274 0.0000000000
1953  0.214  -85.899  -42.787 0.0000000000
29027  -15.128  -56.375  -32.005 0.0000000000
8873  -7.465  -75.372  -36.646 0.0000000000
12694  -10.940  -71.342  -37.179 0.0000000000
8934  -7.761  -75.523  -42.289 0.0000000000
1248  -10.349  -87.129  -58.483 0.0000000000
3196  -7.179  -82.507  -60.349 0.0000000000
44209  -19.537  -42.583  -37.025 0.0000000000
159878  -10.387  -46.070  -33.900 0.0000000000
27926  -14.691  -57.792  -28.501 0.0000000000
26938  -18.356  -58.656  -32.557 0.0000000000
23624  -13.354  -61.288  -28.929 0.0000000000
145446  -0.968  -66.345  -28.139 0.0000000000
25744  -2.554  -58.920  -22.992 0.0000000000
38109  -23.788  -48.384  -36.085 0.0000000000
15767  -7.816  -68.603  -27.445 0.0000000000
20285  -10.494  -64.619  -27.317 0.0000000000
18139  -11.375  -66.508  -33.232 0.0000000000
14748  -5.239  -70.151  -33.173 0.0000000000
140607  -0.526  -69.341  -36.781 0.0000000000
145141  -10.388  -82.684  -48.135 0.0000000000
6414  -6.712  -78.396  -49.220 0.0000000000
4327  -6.411  -81.250  -54.807 0.0000000000
6493  -0.846  -78.285  -57.119 0.0000000000
28925  -10.043  -56.261  -25.271 0.0000000000
21243  -7.430  -63.566  -19.806 0.0000000000
15743  -3.204  -68.358  -25.226 0.0000000000
11622  -1.822  -72.253  -31.609 0.0000000000
144252  -0.460  -77.344  -36.528 0.0000000000
2936  0.504  -83.927  -34.526 0.0000000000
4823  -0.866  -80.502  -43.958 0.0000000000
3094  -1.668  -83.981  -50.362 0.0000000000
829  -6.280  -87.447  -52.044 0.0000000000
570  -13.524  -85.969  -51.541 0.0000000000
29109  -24.939  -56.470  -35.739 0.0000000000
32315  -21.714  -54.269  -35.355 0.0000000000
138517  -17.287  -52.152  -33.186 0.0000000000
25793  -9.169  -59.667  -26.594 0.0000000000
31028  -9.881  -53.980  -27.670 0.0000000000
35719  -10.952  -50.396  -31.767 0.0000000000
5544  -0.151  -79.511  -46.387 0.0000000000
9848  0.268  -74.682  -44.124 0.0000000000
7993  -8.065  -76.804  -40.099 0.0000000000
9803  -10.380  -74.380  -40.413 0.0000000000
149580  -11.717  -76.125  -42.595 0.0000000000
1664  -14.574  -86.037  -59.244 0.0000000000
3213  -12.557  -83.559  -62.434 0.0000000000
3217  -16.349  -82.694  -62.049 0.0000000000
40978  -21.339  -45.562  -35.608 0.0000000000
40996  -19.137  -44.981  -36.323 0.0000000000
42060  -16.270  -44.838  -36.354 0.0000000000
39123  -13.902  -47.487  -35.673 0.0000000000
25779  -13.047  -60.011  -26.245 0.0000000000
24709  -15.225  -60.528  -28.786 0.0000000000
22501  -13.665  -62.405  -26.962 0.0000000000
161644  -1.399  -62.672  -29.006 0.0000000000
36969  -26.660  -49.757  -36.150 0.0000000000
12571  -10.400  -71.207  -28.190 0.0000000000
157893  -10.656  -68.529  -30.332 0.0000000000
13644  -14.058  -70.411  -31.538 0.0000000000
163401  -6.448  -72.439  -37.791 0.0000000000
12666  -8.548  -71.628  -34.375 0.0000000000
10687  -4.198  -73.171  -35.625 0.0000000000
12646  -1.254  -71.538  -33.927 0.0000000000
11692  -1.307  -72.712  -37.560 0.0000000000
3110  -10.156  -83.607  -51.523 0.0000000000
4923  -10.410  -80.704  -52.096 0.0000000000
4345  -11.536  -82.272  -55.155 0.0000000000
6574  -5.628  -78.063  -61.241 0.0000000000
4992  -3.700  -80.276  -59.175 0.0000000000
32127  -12.825  -53.346  -25.720 0.0000000000
25713  -4.569  -59.162  -21.575 0.0000000000
22374  -3.853  -62.852  -19.746 0.0000000000
19128  -4.724  -64.632  -22.872 0.0000000000
19101  -2.021  -65.922  -21.259 0.0000000000
12553  -3.090  -72.012  -27.098 0.0000000000
12552  0.461  -71.518  -27.368 0.0000000000
9652  0.440  -74.209  -29.776 0.0000000000
8839  -1.575  -74.898  -33.908 0.0000000000
7045  0.819  -77.569  -32.679 0.0000000000
1485  0.802  -86.663  -38.687 0.0000000000
147677  1.016  -83.018  -39.307 0.0000000000
3648  2.310  -82.827  -44.231 0.0000000000
3689  -1.806  -81.834  -47.081 0.0000000000
3059  1.300  -83.581  -47.588 0.0000000000
800  -4.214  -87.583  -49.337 0.0000000000
566  -9.611  -89.195  -52.122 0.0000000000
148326  -22.670  -56.692  -32.643 0.0000000000
30111  -22.200  -55.370  -33.502 0.0000000000
27980  -16.471  -57.816  -32.957 0.0000000000
29089  -19.559  -57.425  -34.832 0.0000000000
30107  -17.145  -55.405  -33.650 0.0000000000
33390  -19.352  -52.634  -33.725 0.0000000000
32249  -15.757  -53.959  -32.186 0.0000000000
153016  -7.981  -63.642  -28.100 0.0000000000
23574  -9.887  -62.239  -25.335 0.0000000000
22456  -7.435  -62.180  -24.798 0.0000000000
161035  -2.103  -55.709  -26.006 0.0000000000
28948  -5.788  -56.178  -25.767 0.0000000000
32165  -6.908  -53.569  -28.483 0.0000000000
33322  -10.862  -52.269  -29.633 0.0000000000
33337  -5.807  -51.612  -30.228 0.0000000000
36880  -6.450  -49.463  -31.922 0.0000000000
142913  -2.125  -81.428  -51.825 0.0000000000
5562  -3.255  -79.494  -47.623 0.0000000000
4283  2.113  -81.688  -50.468 0.0000000000
9723  -9.380  -74.951  -33.435 0.0000000000
10669  -13.194  -72.909  -34.362 0.0000000000
9759  -11.435  -73.931  -36.432 0.0000000000
12756  -9.122  -71.894  -40.230 0.0000000000
158973  -4.946  -74.023  -41.413 0.0000000000
2055  -8.396  -85.172  -57.429 0.0000000000
3182  -11.831  -82.920  -58.715 0.0000000000
2589  -10.576  -83.796  -61.094 0.0000000000
148448  -9.580  -80.735  -62.666 0.0000000000
43130  -12.601  -43.638  -34.722 0.0000000000
16747  -0.821  -67.872  -19.227 0.0000000000
30020  -16.427  -55.677  -30.206 0.0000000000
29029  -18.912  -56.541  -32.000 0.0000000000
27952  -17.311  -58.037  -30.667 0.0000000000
25858  -16.034  -59.969  -30.746 0.0000000000
26924  -13.840  -58.900  -30.709 0.0000000000
19187  -3.682  -65.796  -26.702 0.0000000000
22453  -4.571  -62.624  -23.898 0.0000000000
142452  -1.423  -62.682  -24.054 0.0000000000
25789  -1.540  -59.164  -25.572 0.0000000000
2580  -21.582  -81.614  -56.867 0.0000000000
4405  -20.309  -81.358  -62.051 0.0000000000
163969  -24.657  -45.822  -35.568 0.0000000000
159549  -20.797  -47.676  -34.905 0.0000000000
18017  -9.480  -66.775  -25.596 0.0000000000
20258  -11.987  -65.262  -25.975 0.0000000000
18064  -8.937  -66.343  -28.924 0.0000000000
19220  -9.333  -64.907  -31.438 0.0000000000
20320  -7.086  -64.583  -31.790 0.0000000000
14764  -12.500  -69.323  -34.414 0.0000000000
149618  -8.065  -68.849  -33.556 0.0000000000
16877  -5.517  -67.406  -30.676 0.0000000000
15816  -2.443  -69.435  -30.666 0.0000000000
15830  -0.311  -68.299  -32.387 0.0000000000
4846  -9.675  -80.546  -45.187 0.0000000000
6403  -11.420  -77.215  -47.090 0.0000000000
5588  -9.813  -78.973  -50.090 0.0000000000
157990  -6.631  -79.220  -52.662 0.0000000000
3136  -2.049  -83.846  -54.451 0.0000000000
3158  -6.025  -83.533  -57.388 0.0000000000
3163  -2.694  -83.399  -57.158 0.0000000000
4945  -2.121  -80.078  -55.023 0.0000000000
31052  -18.769  -53.666  -29.300 0.0000000000
31031  -14.888  -54.440  -28.675 0.0000000000
27903  -12.577  -57.508  -26.889 0.0000000000
24648  -10.781  -60.220  -24.361 0.0000000000
28896  -7.868  -55.753  -22.682 0.0000000000
24614  -8.551  -60.359  -22.766 0.0000000000
21255  -9.829  -63.580  -22.046 0.0000000000
146995  -7.212  -65.618  -23.610 0.0000000000
14631  -7.045  -69.327  -24.767 0.0000000000
161615  -6.579  -70.331  -28.859 0.0000000000
15740  -0.051  -68.836  -24.748 0.0000000000
13597  -2.990  -70.066  -28.926 0.0000000000
11625  -5.911  -72.768  -31.120 0.0000000000
8823  -4.935  -75.758  -32.524 0.0000000000
7075  -4.214  -77.136  -35.690 0.0000000000
6277  -4.081  -77.795  -39.913 0.0000000000
4683  0.026  -80.430  -32.183 0.0000000000
4743  0.585  -80.547  -36.598 0.0000000000
5454  -0.420  -79.787  -40.309 0.0000000000
4819  -4.489  -79.262  -43.557 0.0000000000
4860  -5.716  -80.934  -46.306 0.0000000000
3088  -6.032  -84.082  -49.188 0.0000000000
3107  -6.138  -83.673  -52.167 0.0000000000
1597  -0.629  -86.491  -49.510 0.0000000000
1617  -2.223  -86.231  -53.865 0.0000000000
2047  -5.251  -85.628  -55.952 0.0000000000
876  -8.143  -88.183  -55.386 0.0000000000
881  -12.154  -88.063  -55.001 0.0000000000
1213  -15.523  -85.628  -54.854 0.0000000000
572  -16.991  -88.933  -52.292 0.0000000000
1217  -19.609  -87.175  -55.665 0.0000000000
32339  -27.666  -53.929  -36.519 0.0000000000
29074  -20.899  -57.407  -34.597 0.0000000000
139477  -23.062  -54.884  -35.812 0.0000000000
165250  -25.626  -52.333  -36.487 0.0000000000
34581  -23.362  -51.123  -35.951 0.0000000000
165897  -19.998  -50.492  -34.107 0.0000000000
166521  -17.673  -49.719  -34.016 0.0000000000
22499  -12.450  -62.801  -26.737 0.0000000000
24707  -11.200  -60.147  -27.787 0.0000000000
27938  -12.328  -57.256  -29.220 0.0000000000
25774  -5.591  -59.478  -25.387 0.0000000000
28960  -9.886  -56.823  -27.366 0.0000000000
31070  -13.042  -54.822  -29.846 0.0000000000
33341  -14.443  -52.533  -29.698 0.0000000000
35723  -14.134  -50.828  -31.788 0.0000000000
36934  -13.603  -49.827  -34.217 0.0000000000
38070  -10.692  -48.376  -33.303 0.0000000000
7185  -7.757  -77.798  -45.701 0.0000000000
147160  -3.978  -77.497  -44.422 0.0000000000
7136  -1.345  -77.357  -42.480 0.0000000000
6413  2.779  -78.688  -49.321 0.0000000000
7169  2.405  -77.813  -44.264 0.0000000000
8909  1.651  -75.404  -40.392 0.0000000000
12769  0.296  -70.586  -41.398 0.0000000000
7140  -7.707  -77.522  -41.366 0.0000000000
160211  -10.366  -76.971  -40.740 0.0000000000
6315  -10.642  -78.084  -42.536 0.0000000000
1666  -16.314  -86.054  -58.938 0.0000000000
2089  -15.923  -84.533  -60.613 0.0000000000
2586  -17.875  -84.488  -60.251 0.0000000000
40037  -20.035  -46.447  -35.434 0.0000000000
40976  -19.539  -45.739  -35.890 0.0000000000
142952  -18.088  -46.444  -35.642 0.0000000000
143225  -15.964  -46.596  -35.905 0.0000000000
39125  -15.611  -47.363  -35.630 0.0000000000
23559  -12.805  -61.766  -24.635 0.0000000000
23576  -13.814  -61.759  -26.331 0.0000000000
22459  -13.348  -62.589  -25.157 0.0000000000
36956  -27.586  -49.705  -35.806 0.0000000000
159553  -10.766  -71.728  -30.968 0.0000000000
13639  -12.240  -70.717  -30.036 0.0000000000
140752  -12.330  -71.729  -31.142 0.0000000000
9777  -4.415  -73.896  -38.524 0.0000000000
10700  -5.537  -73.458  -36.315 0.0000000000
9755  -3.653  -74.209  -36.947 0.0000000000
10685  -2.421  -73.196  -36.231 0.0000000000
152800  -1.520  -74.369  -37.736 0.0000000000
3127  -10.025  -83.940  -53.007 0.0000000000
3740  -11.643  -82.770  -52.829 0.0000000000
157744  -12.341  -83.477  -54.672 0.0000000000
23450  -1.946  -61.315  -17.694 0.0000000000
23489  -2.463  -60.574  -19.696 0.0000000000
21209  -1.862  -62.787  -18.710 0.0000000000
20193  -2.911  -64.989  -19.995 0.0000000000
19079  -2.028  -65.232  -19.446 0.0000000000
158643  -3.834  -73.975  -29.096 0.0000000000
11581  -1.145  -73.161  -28.086 0.0000000000
9669  -1.981  -75.197  -30.265 0.0000000000
8813  0.462  -75.942  -31.167 0.0000000000
7888  -1.646  -77.211  -31.546 0.0000000000
1098  -0.048  -87.434  -40.668 0.0000000000
143386  1.672  -86.110  -40.438 0.0000000000
1951  2.043  -86.090  -43.069 0.0000000000
3674  2.395  -83.272  -45.690 0.0000000000
1974  2.086  -84.851  -44.498 0.0000000000
31113  -22.016  -54.643  -32.050 0.0000000000
30090  -23.079  -55.662  -33.301 0.0000000000
30070  -20.839  -54.717  -32.411 0.0000000000
29047  -15.711  -57.049  -32.537 0.0000000000
141730  -17.055  -56.403  -33.664 0.0000000000
30084  -15.830  -55.653  -32.686 0.0000000000
31136  -16.971  -54.518  -33.304 0.0000000000
30067  -15.265  -55.440  -32.121 0.0000000000
140098  -6.337  -63.519  -27.793 0.0000000000
21351  -6.998  -63.485  -25.889 0.0000000000
140290  -6.130  -63.423  -25.559 0.0000000000
31013  -4.667  -54.518  -27.173 0.0000000000
32163  -4.626  -53.513  -28.354 0.0000000000
32190  -6.481  -53.062  -29.201 0.0000000000
3113  -0.120  -82.997  -52.462 0.0000000000
4292  -0.261  -81.777  -51.282 0.0000000000
4313  2.054  -81.268  -52.756 0.0000000000
145975  -8.157  -75.121  -34.592 0.0000000000
142979  -10.537  -74.750  -34.762 0.0000000000
142978  -9.721  -74.571  -36.040 0.0000000000
9818  -9.837  -74.347  -41.492 0.0000000000
161938  -10.045  -73.470  -40.677 0.0000000000
10784  -7.881  -73.495  -41.134 0.0000000000
10771  -7.078  -72.975  -40.780 0.0000000000
9815  -6.666  -74.686  -41.728 0.0000000000
161080  -9.090  -86.653  -58.351 0.0000000000
2069  -10.443  -84.741  -59.733 0.0000000000
1669  -10.814  -85.851  -60.181 0.0000000000
158687  -12.559  -81.686  -63.650 0.0000000000
3818  -11.022  -82.539  -63.211 0.0000000000
5041  -11.299  -80.027  -63.539 0.0000000000
6595  -9.175  -78.136  -63.048 0.0000000000
160594  -20.931  -42.708  -36.710 0.0000000000
151233  -13.467  -45.062  -35.239 0.0000000000
43139  -14.757  -43.912  -35.412 0.0000000000
148654  -11.684  -44.790  -34.508 0.0000000000
40957  -9.166  -45.133  -34.320 0.0000000000
28990  -15.454  -56.735  -29.337 0.0000000000
29009  -16.830  -56.827  -30.416 0.0000000000
27940  -15.963  -57.778  -29.542 0.0000000000
24728  -14.782  -60.896  -29.366 0.0000000000
25842  -16.007  -60.168  -29.942 0.0000000000
24743  -14.666  -60.566  -30.110 0.0000000000
25872  -14.674  -59.370  -31.126 0.0000000000
25841  -13.801  -60.285  -30.109 0.0000000000
18039  -2.085  -66.692  -27.086 0.0000000000
20256  -2.149  -64.768  -25.287 0.0000000000
139452  -0.973  -64.843  -26.221 0.0000000000
24676  -1.652  -60.721  -26.597 0.0000000000
154557  -25.734  -47.675  -35.750 0.0000000000
165795  -24.057  -47.026  -35.698 0.0000000000
152393  -22.810  -47.172  -35.406 0.0000000000
38108  -22.894  -48.063  -35.676 0.0000000000
143585  -7.760  -66.532  -26.576 0.0000000000
140246  -9.692  -66.656  -27.314 0.0000000000
16846  -7.193  -67.392  -28.526 0.0000000000
16889  -11.853  -67.098  -32.120 0.0000000000
165671  -9.387  -66.574  -31.312 0.0000000000
19245  -10.231  -65.354  -32.600 0.0000000000
20326  -8.587  -64.365  -32.234 0.0000000000
19256  -9.447  -65.457  -33.277 0.0000000000
12682  -13.710  -71.576  -35.858 0.0000000000
13686  -14.337  -70.782  -34.518 0.0000000000
13696  -12.614  -70.709  -35.356 0.0000000000
12651  -6.489  -71.373  -33.854 0.0000000000
13670  -8.414  -70.501  -33.649 0.0000000000
14738  -6.429  -69.335  -33.043 0.0000000000
16902  -6.378  -67.998  -32.157 0.0000000000
15832  -5.688  -68.704  -32.063 0.0000000000
15806  -3.973  -68.570  -30.114 0.0000000000
14736  -3.457  -69.954  -32.190 0.0000000000
149283  0.074  -70.743  -34.846 0.0000000000
14747  0.012  -69.877  -33.023 0.0000000000
15861  -0.214  -69.017  -34.554 0.0000000000
15862  -1.319  -67.928  -34.361 0.0000000000
16964  -0.507  -67.929  -36.642 0.0000000000
4272  -10.006  -82.182  -46.818 0.0000000000
5566  -11.243  -80.247  -48.140 0.0000000000
4892  -11.232  -80.326  -49.008 0.0000000000
4934  -8.193  -79.990  -53.887 0.0000000000
5627  -8.210  -78.957  -52.733 0.0000000000
4932  -6.485  -80.158  -53.704 0.0000000000
4315  -3.669  -81.894  -53.328 0.0000000000
161217  -4.379  -82.685  -54.752 0.0000000000
3178  -8.214  -83.383  -59.441 0.0000000000
159906  -8.741  -82.778  -57.760 0.0000000000
3177  -6.536  -83.602  -58.877 0.0000000000
5696  -1.665  -79.269  -58.475 0.0000000000
4367  -2.689  -81.322  -58.360 0.0000000000
4365  -1.580  -80.583  -57.520 0.0000000000
4352  -0.819  -81.675  -56.322 0.0000000000
6495  -2.328  -79.141  -55.836 0.0000000000
161495  -3.237  -78.438  -54.742 0.0000000000
30009  -19.535  -55.158  -28.198 0.0000000000
32148  -17.585  -53.256  -27.511 0.0000000000
31033  -16.258  -53.497  -29.100 0.0000000000
32146  -15.696  -52.748  -27.293 0.0000000000
29971  -11.487  -54.687  -25.615 0.0000000000
29983  -12.492  -55.489  -26.845 0.0000000000
28941  -11.403  -56.597  -26.139 0.0000000000
25777  -11.461  -59.196  -25.453 0.0000000000
26837  -9.942  -58.561  -24.794 0.0000000000
164746  -6.268  -61.587  -21.073 0.0000000000
24612  -6.863  -60.076  -22.325 0.0000000000
23506  -7.615  -61.588  -21.461 0.0000000000
23508  -9.055  -61.934  -22.150 0.0000000000
21244  -8.657  -63.438  -20.712 0.0000000000
19130  -8.721  -65.842  -22.229 0.0000000000
164383  -7.566  -65.669  -21.239 0.0000000000
16794  -4.206  -67.181  -23.824 0.0000000000
16795  -4.970  -67.195  -24.136 0.0000000000
15745  -5.388  -68.816  -24.761 0.0000000000
13579  -7.442  -70.756  -26.427 0.0000000000
14657  -5.505  -69.438  -26.482 0.0000000000
14568  -2.067  -69.657  -20.651 0.0000000000
15675  -0.118  -68.472  -21.433 0.0000000000
13533  -0.112  -70.209  -23.736 0.0000000000
12606  -0.062  -71.684  -30.100 0.0000000000
13595  -1.040  -70.382  -28.663 0.0000000000
12586  -3.023  -70.945  -30.203 0.0000000000
13635  -4.945  -70.557  -30.287 0.0000000000
11624  -4.605  -72.611  -31.514 0.0000000000
9680  -5.795  -74.463  -31.422 0.0000000000
10655  -4.039  -74.044  -32.198 0.0000000000
7922  -0.600  -75.794  -34.981 0.0000000000
7923  -2.613  -76.650  -34.227 0.0000000000
7086  -2.177  -77.976  -36.023 0.0000000000
7110  -4.448  -77.421  -38.441 0.0000000000
6253  -2.391  -78.756  -37.409 0.0000000000
148140  0.852  -81.359  -30.948 0.0000000000
3552  0.872  -82.470  -33.118 0.0000000000
4706  0.035  -80.981  -34.187 0.0000000000
150012  0.267  -82.337  -35.756 0.0000000000
4198  1.334  -81.021  -41.919 0.0000000000
140906  0.778  -81.066  -40.223 0.0000000000
4808  -0.369  -80.232  -42.393 0.0000000000
5467  -2.362  -79.048  -41.683 0.0000000000
158406  -2.892  -79.884  -44.089 0.0000000000
165023  -5.251  -80.047  -44.876 0.0000000000
4841  -3.524  -80.606  -45.383 0.0000000000
3072  -1.940  -83.265  -48.720 0.0000000000
3717  -4.184  -83.173  -48.277 0.0000000000
3086  -3.879  -83.871  -49.527 0.0000000000
3098  -6.058  -83.933  -50.499 0.0000000000
3105  -4.129  -83.910  -51.227 0.0000000000
154709  -5.197  -87.084  -50.916 0.0000000000
150837  -2.623  -87.389  -51.550 0.0000000000
1183  -3.548  -87.466  -52.782 0.0000000000
2041  -3.287  -85.792  -54.841 0.0000000000
156939  -4.675  -87.205  -54.564 0.0000000000
1223  -6.235  -86.943  -56.187 0.0000000000
859  -6.689  -88.223  -54.083 0.0000000000
555  -12.390  -88.720  -50.921 0.0000000000
848  -11.628  -88.443  -53.502 0.0000000000
833  -13.433  -87.649  -52.423 0.0000000000
146848  -14.292  -87.793  -54.813 0.0000000000
161524  -14.627  -85.393  -52.952 0.0000000000
871  -18.939  -87.915  -54.239 0.0000000000
28033  -26.051  -57.125  -35.260 0.0000000000
29111  -27.151  -56.564  -35.885 0.0000000000
165989  -26.356  -55.604  -36.439 0.0000000000
27963  -18.768  -57.964  -32.290 0.0000000000
29050  -20.005  -57.524  -33.272 0.0000000000
27982  -19.635  -58.164  -33.929 0.0000000000
140514  -20.029  -55.305  -35.231 0.0000000000
30134  -20.539  -56.578  -35.457 0.0000000000
31195  -22.582  -54.182  -35.564 0.0000000000
32336  -24.611  -53.754  -36.161 0.0000000000
32316  -23.002  -53.372  -35.478 0.0000000000
33469  -24.591  -52.012  -36.336 0.0000000000
33446  -22.692  -52.607  -35.245 0.0000000000
33389  -18.521  -52.552  -33.518 0.0000000000
34549  -20.324  -51.605  -34.022 0.0000000000
35755  -19.126  -51.017  -33.754 0.0000000000
35763  -18.706  -50.397  -33.817 0.0000000000
149972  -17.367  -51.287  -33.605 0.0000000000
20270  -11.160  -64.821  -26.632 0.0000000000
140634  -12.595  -63.578  -26.251 0.0000000000
21355  -10.856  -64.129  -25.953 0.0000000000
24680  -9.377  -60.477  -26.199 0.0000000000
24681  -10.216  -60.875  -26.423 0.0000000000
25806  -10.575  -59.534  -27.506 0.0000000000
26900  -11.440  -58.761  -28.388 0.0000000000
153738  -10.876  -58.094  -27.929 0.0000000000
24629  -3.620  -60.629  -23.160 0.0000000000
144271  -5.184  -61.424  -24.132 0.0000000000
26836  -4.352  -58.714  -24.346 0.0000000000
29989  -7.725  -55.203  -26.740 0.0000000000
29981  -7.729  -56.077  -26.635 0.0000000000
31029  -10.453  -54.865  -27.628 0.0000000000
30005  -11.574  -55.568  -28.497 0.0000000000
31047  -12.473  -54.271  -29.131 0.0000000000
32209  -13.864  -53.524  -30.265 0.0000000000
32193  -12.843  -53.307  -28.993 0.0000000000
34519  -10.597  -51.235  -31.151 0.0000000000
34500  -12.783  -51.105  -30.135 0.0000000000
35721  -12.765  -50.698  -31.671 0.0000000000
36909  -13.566  -50.602  -32.672 0.0000000000
36907  -12.273  -50.036  -32.728 0.0000000000
38072  -12.194  -49.035  -33.940 0.0000000000
38060  -10.790  -49.055  -32.690 0.0000000000
36919  -6.870  -48.857  -33.050 0.0000000000
8104  -8.890  -76.660  -48.700 0.0000000000
8073  -10.513  -76.509  -46.375 0.0000000000
7217  -7.812  -78.097  -48.123 0.0000000000
5560  -1.465  -79.650  -47.343 0.0000000000
6379  -3.505  -78.807  -46.219 0.0000000000
6356  -2.245  -78.527  -45.396 0.0000000000
8022  -2.910  -77.027  -43.302 0.0000000000
6344  -0.718  -78.507  -44.414 0.0000000000
149006  2.024  -76.623  -47.003 0.0000000000
161850  1.272  -75.806  -44.026 0.0000000000
8012  2.052  -76.949  -42.148 0.0000000000
9841  1.103  -75.063  -42.773 0.0000000000
10767  0.955  -73.451  -40.498 0.0000000000
11755  0.823  -72.143  -42.769 0.0000000000
7967  -6.941  -75.835  -37.973 0.0000000000
9778  -9.059  -74.633  -38.350 0.0000000000
7983  -9.388  -76.308  -39.834 0.0000000000
8913  -11.250  -75.640  -41.182 0.0000000000
8948  -10.372  -75.926  -43.016 0.0000000000
1257  -12.616  -86.694  -58.946 0.0000000000
2079  -12.029  -85.736  -60.617 0.0000000000
142213  -13.773  -85.319  -60.502 0.0000000000
149985  -13.924  -83.318  -62.419 0.0000000000
3822  -14.689  -81.853  -63.228 0.0000000000
148688  -23.183  -44.393  -36.079 0.0000000000
42085  -22.089  -43.979  -36.260 0.0000000000
149440  -20.433  -44.236  -36.285 0.0000000000
42083  -18.814  -44.256  -36.662 0.0000000000
43155  -17.571  -43.800  -36.904 0.0000000000
40994  -16.973  -45.132  -36.453 0.0000000000
40973  -14.756  -45.896  -35.916 0.0000000000
40030  -12.847  -46.743  -35.343 0.0000000000
25807  -13.747  -59.162  -27.294 0.0000000000
26902  -15.269  -58.747  -28.700 0.0000000000
25796  -14.074  -60.053  -27.257 0.0000000000
23602  -14.430  -61.339  -27.828 0.0000000000
159939  -13.616  -61.792  -28.310 0.0000000000
163848  -1.433  -65.575  -30.127 0.0000000000
20292  -1.230  -64.412  -28.258 0.0000000000
20318  -1.554  -64.153  -30.827 0.0000000000
143403  -26.406  -48.122  -35.667 0.0000000000
38123  -25.225  -49.025  -36.300 0.0000000000
14676  -9.753  -70.219  -27.230 0.0000000000
15779  -9.244  -68.818  -29.160 0.0000000000
14706  -11.131  -69.693  -29.230 0.0000000000
15811  -12.458  -68.540  -30.888 0.0000000000
16891  -13.415  -67.842  -32.183 0.0000000000
12708  -8.659  -71.593  -37.624 0.0000000000
150873  -9.471  -71.838  -35.747 0.0000000000
11679  -7.552  -72.470  -36.450 0.0000000000
11658  -6.806  -72.453  -34.793 0.0000000000
12663  -4.767  -71.482  -34.088 0.0000000000
13666  -3.482  -70.684  -33.186 0.0000000000
11654  -2.742  -72.259  -34.823 0.0000000000
12677  -0.850  -71.893  -35.394 0.0000000000
158224  -1.330  -71.235  -37.502 0.0000000000
3726  -10.338  -82.938  -49.455 0.0000000000
4287  -11.195  -81.461  -49.833 0.0000000000
4297  -11.195  -82.051  -51.530 0.0000000000
4319  -10.494  -81.267  -53.622 0.0000000000
4329  -9.014  -81.136  -54.944 0.0000000000
5003  -6.309  -80.311  -60.059 0.0000000000
4381  -5.359  -81.180  -59.449 0.0000000000
5723  -4.583  -79.435  -60.200 0.0000000000
6538  -2.489  -78.546  -59.535 0.0000000000
8236  -0.268  -76.704  -57.606 0.0000000000
32130  -15.393  -52.687  -26.293 0.0000000000
30981  -10.950  -54.456  -24.174 0.0000000000
26777  -4.979  -57.760  -20.843 0.0000000000
161370  -3.976  -58.897  -20.539 0.0000000000
23491  -4.234  -61.122  -20.980 0.0000000000
21232  -5.602  -63.613  -19.418 0.0000000000
19095  -6.311  -65.329  -20.155 0.0000000000
20194  -3.753  -64.823  -19.964 0.0000000000
19126  -2.902  -65.103  -22.451 0.0000000000
16792  -1.972  -67.148  -23.223 0.0000000000
12516  -0.901  -71.360  -24.999 0.0000000000
11561  -0.626  -72.196  -26.753 0.0000000000
11593  0.639  -72.604  -29.182 0.0000000000
11620  0.253  -72.565  -31.249 0.0000000000
9696  -1.616  -73.755  -33.173 0.0000000000
154663  0.434  -73.909  -32.776 0.0000000000
9717  0.457  -74.714  -33.848 0.0000000000
7937  1.570  -76.205  -35.574 0.0000000000
1899  0.328  -85.536  -36.549 0.0000000000
2396  0.563  -83.959  -37.432 0.0000000000
2401  1.171  -84.653  -39.012 0.0000000000
2982  1.987  -83.430  -41.233 0.0000000000
4210  1.490  -81.587  -44.073 0.0000000000
4236  -1.160  -81.119  -45.561 0.0000000000
4234  1.003  -81.559  -45.565 0.0000000000
3699  0.212  -82.347  -47.368 0.0000000000
3083  -0.154  -83.845  -49.467 0.0000000000
521  -5.541  -87.967  -48.718 0.0000000000
809  -6.516  -87.477  -50.256 0.0000000000
564  -7.956  -88.029  -51.908 0.0000000000
535  -8.545  -89.140  -50.296 0.0000000000
339  -11.930  -85.593  -49.139 0.0000000000
28000  -23.836  -57.913  -33.886 0.0000000000
29077  -23.619  -56.624  -34.121 0.0000000000
29094  -23.662  -56.489  -34.933 0.0000000000
26955  -17.378  -58.544  -33.107 0.0000000000
27998  -18.728  -58.201  -33.925 0.0000000000
29071  -17.860  -57.447  -34.010 0.0000000000
30109  -18.825  -56.360  -34.783 0.0000000000
166545  -19.474  -54.440  -34.650 0.0000000000
32292  -20.738  -53.552  -34.637 0.0000000000
32290  -18.860  -54.246  -34.279 0.0000000000
32268  -17.553  -53.853  -33.373 0.0000000000
33387  -16.868  -52.768  -32.715 0.0000000000
21375  -8.703  -63.788  -27.642 0.0000000000
21334  -9.605  -63.363  -25.664 0.0000000000
21333  -8.697  -63.256  -25.644 0.0000000000
22457  -8.136  -62.266  -24.880 0.0000000000
150238  -7.788  -60.699  -25.540 0.0000000000
28921  -2.601  -56.531  -24.501 0.0000000000
27888  -4.800  -57.139  -24.847 0.0000000000
29968  -4.043  -55.705  -25.527 0.0000000000
31014  -6.223  -54.588  -27.073 0.0000000000
32142  -8.310  -53.778  -27.736 0.0000000000
160814  -11.130  -52.933  -28.536 0.0000000000
32192  -8.216  -53.097  -28.878 0.0000000000
33339  -8.467  -52.292  -30.130 0.0000000000
34517  -8.602  -51.148  -31.191 0.0000000000
35717  -8.415  -49.716  -32.021 0.0000000000
35715  -6.001  -49.972  -31.256 0.0000000000
35713  -4.391  -50.688  -32.018 0.0000000000
4898  -4.714  -79.702  -50.875 0.0000000000
5577  -5.406  -79.201  -48.729 0.0000000000
4889  -2.695  -80.108  -49.704 0.0000000000
149341  -1.062  -80.183  -48.797 0.0000000000
4878  1.095  -80.491  -48.454 0.0000000000
9684  -10.148  -74.167  -32.003 0.0000000000
11641  -12.167  -72.761  -32.278 0.0000000000
10667  -11.758  -73.875  -33.476 0.0000000000
10691  -12.941  -73.301  -35.885 0.0000000000
11695  -12.726  -72.261  -37.751 0.0000000000
9779  -10.502  -73.598  -38.678 0.0000000000
10756  -11.485  -72.623  -39.057 0.0000000000
154960  -10.373  -71.399  -38.537 0.0000000000
156986  -7.467  -71.610  -38.880 0.0000000000
10754  -5.454  -72.688  -39.849 0.0000000000
9789  -3.552  -74.309  -40.193 0.0000000000
141799  -9.576  -84.600  -56.325 0.0000000000
143387  -11.503  -84.422  -56.144 0.0000000000
2563  -11.026  -84.302  -58.729 0.0000000000
3189  -10.447  -83.376  -60.065 0.0000000000
161845  -8.375  -83.143  -61.032 0.0000000000
2591  -11.212  -84.166  -61.779 0.0000000000
3809  -9.739  -82.753  -62.239 0.0000000000
4391  -8.101  -81.166  -61.247 0.0000000000
5740  -7.248  -79.158  -61.339 0.0000000000
6587  -6.998  -76.847  -62.322 0.0000000000
43153  -16.174  -43.376  -36.231 0.0000000000
157989  -0.991  -66.161  -17.630 0.0000000000
30039  -17.668  -55.384  -31.072 0.0000000000
30068  -19.269  -55.247  -31.995 0.0000000000
29011  -18.178  -56.209  -31.474 0.0000000000
29028  -18.336  -57.446  -31.621 0.0000000000
26926  -17.407  -59.047  -31.149 0.0000000000
158821  -16.154  -59.507  -29.676 0.0000000000
25859  -16.829  -59.641  -31.007 0.0000000000
25860  -17.101  -59.438  -31.604 0.0000000000
26935  -15.999  -59.113  -32.065 0.0000000000
161885  -15.322  -58.276  -32.009 0.0000000000
27960  -14.015  -57.483  -31.016 0.0000000000
20284  -4.404  -64.359  -27.739 0.0000000000
21349  -4.329  -63.591  -25.844 0.0000000000
21348  -3.528  -63.952  -25.380 0.0000000000
22451  -2.297  -62.629  -23.434 0.0000000000
23536  -1.787  -61.194  -23.045 0.0000000000
22497  -1.452  -62.588  -26.236 0.0000000000
149996  -1.554  -61.028  -24.466 0.0000000000
26833  -1.485  -58.340  -24.047 0.0000000000
27886  -1.630  -56.952  -25.505 0.0000000000
6461  -0.777  -78.915  -54.260 0.0000000000
6470  1.024  -78.823  -54.645 0.0000000000
2578  -19.704  -81.638  -56.922 0.0000000000
3200  -20.094  -83.333  -60.158 0.0000000000
154527  -22.844  -45.659  -35.588 0.0000000000
40039  -21.781  -46.264  -35.285 0.0000000000
39111  -18.524  -47.841  -34.624 0.0000000000
19147  -11.182  -65.577  -24.133 0.0000000000
20248  -12.210  -64.527  -24.746 0.0000000000
18019  -11.208  -66.349  -25.574 0.0000000000
18046  -11.020  -66.181  -27.090 0.0000000000
19203  -10.029  -65.531  -28.796 0.0000000000
16863  -8.040  -67.480  -30.054 0.0000000000
18075  -8.838  -66.049  -30.361 0.0000000000
146400  -9.444  -64.375  -29.041 0.0000000000
20312  -8.565  -63.898  -30.371 0.0000000000
163960  -7.403  -63.526  -30.198 0.0000000000
20310  -5.899  -64.362  -30.425 0.0000000000
12641  -14.309  -71.522  -33.042 0.0000000000
14755  -14.298  -69.347  -33.616 0.0000000000
15865  -11.882  -68.399  -34.160 0.0000000000
13681  -9.939  -70.865  -34.134 0.0000000000
14754  -10.547  -69.574  -33.971 0.0000000000
145387  -10.062  -67.745  -33.959 0.0000000000
18135  -8.109  -66.464  -33.297 0.0000000000
19230  -6.410  -65.582  -31.446 0.0000000000
166292  -5.167  -65.535  -29.490 0.0000000000
18061  -4.315  -66.631  -28.195 0.0000000000
16861  -3.081  -68.071  -28.803 0.0000000000
16860  -1.038  -68.060  -28.924 0.0000000000
13654  -1.631  -70.667  -32.469 0.0000000000
14716  -0.306  -68.955  -30.791 0.0000000000
18102  -0.878  -67.057  -30.400 0.0000000000
16901  -2.203  -67.069  -32.373 0.0000000000
5507  -9.552  -79.566  -44.305 0.0000000000
5509  -11.415  -78.630  -44.767 0.0000000000
149746  -11.382  -79.041  -46.082 0.0000000000
6409  -10.649  -77.775  -48.472 0.0000000000
7247  -8.271  -77.267  -50.434 0.0000000000
5614  -9.358  -79.300  -51.557 0.0000000000
6443  -8.168  -77.968  -51.565 0.0000000000
137852  -6.127  -78.776  -50.961 0.0000000000
4295  -3.842  -80.873  -52.057 0.0000000000
3739  -1.905  -82.533  -52.914 0.0000000000
3120  -0.279  -83.296  -53.683 0.0000000000
3775  -11.680  -82.486  -56.766 0.0000000000
3764  -9.113  -82.022  -56.228 0.0000000000
143564  -6.338  -82.460  -55.919 0.0000000000
3786  -4.593  -82.894  -58.798 0.0000000000
3165  -4.163  -84.011  -57.414 0.0000000000
161390  -4.047  -83.765  -55.963 0.0000000000
3146  -1.767  -83.905  -55.667 0.0000000000
164863  -0.560  -82.541  -55.481 0.0000000000
5647  -0.153  -80.271  -55.185 0.0000000000
164154  -18.721  -82.636  -61.364 0.0000000000
31076  -20.909  -54.603  -30.915 0.0000000000
31036  -20.124  -54.621  -29.377 0.0000000000
161194  -18.602  -53.875  -30.247 0.0000000000
30021  -17.049  -54.616  -30.498 0.0000000000
30007  -15.039  -55.637  -29.108 0.0000000000
28963  -14.040  -56.865  -28.230 0.0000000000
161036  -14.243  -53.345  -27.524 0.0000000000
29994  -13.719  -55.544  -27.895 0.0000000000
27914  -13.609  -57.586  -27.718 0.0000000000
25794  -12.544  -59.151  -26.300 0.0000000000
25763  -11.854  -60.080  -25.208 0.0000000000
23541  -11.417  -61.585  -23.797 0.0000000000
29927  -9.643  -55.197  -22.705 0.0000000000
28923  -8.626  -56.249  -24.172 0.0000000000
27853  -6.158  -57.279  -22.429 0.0000000000
26805  -7.057  -57.933  -23.297 0.0000000000
26821  -9.283  -58.656  -24.354 0.0000000000
24631  -9.661  -60.246  -23.570 0.0000000000
23524  -10.347  -61.670  -23.150 0.0000000000
21266  -11.034  -63.513  -23.177 0.0000000000
19132  -10.181  -65.377  -22.962 0.0000000000
18005  -8.149  -66.357  -24.668 0.0000000000
16822  -6.290  -66.713  -26.516 0.0000000000
19129  -5.665  -64.751  -23.245 0.0000000000
16814  -5.498  -66.319  -25.482 0.0000000000
15747  -7.670  -69.009  -25.520 0.0000000000
12548  -9.069  -71.057  -26.660 0.0000000000
12569  -8.988  -71.590  -28.217 0.0000000000
12612  -8.486  -71.507  -30.396 0.0000000000
17951  -1.058  -66.776  -20.642 0.0000000000
16791  -1.083  -67.492  -22.994 0.0000000000
15742  -2.068  -68.313  -25.151 0.0000000000
145182  0.276  -69.721  -25.828 0.0000000000
142539  -1.393  -69.255  -27.065 0.0000000000
14655  -3.536  -68.924  -27.128 0.0000000000
160935  -5.397  -69.719  -28.815 0.0000000000
161828  -6.464  -70.891  -30.442 0.0000000000
155022  -8.485  -72.887  -30.807 0.0000000000
9682  -7.715  -74.434  -31.217 0.0000000000
8825  -6.764  -75.533  -32.603 0.0000000000
8856  -6.661  -75.694  -34.408 0.0000000000
8841  -3.412  -75.604  -33.121 0.0000000000
7925  -4.418  -76.841  -34.749 0.0000000000
7944  -5.901  -75.994  -36.005 0.0000000000
7966  -5.622  -76.541  -38.243 0.0000000000
7116  -5.263  -76.951  -39.605 0.0000000000
6291  -6.138  -77.872  -41.867 0.0000000000
6183  -1.900  -78.696  -30.985 0.0000000000
6201  -0.768  -79.037  -32.808 0.0000000000
6222  1.217  -78.897  -34.365 0.0000000000
6237  2.024  -78.088  -36.958 0.0000000000
3595  0.508  -82.096  -37.845 0.0000000000
5433  0.910  -79.630  -38.465 0.0000000000
6265  -0.119  -78.761  -38.333 0.0000000000
6275  -2.617  -78.980  -39.726 0.0000000000
6309  -4.726  -78.322  -42.308 0.0000000000
6328  -6.800  -78.740  -43.154 0.0000000000
4829  -7.282  -79.924  -44.982 0.0000000000
4862  -7.466  -80.955  -46.091 0.0000000000
4270  -7.710  -82.142  -47.008 0.0000000000
4266  -3.546  -81.795  -47.064 0.0000000000
154047  -5.414  -82.621  -47.700 0.0000000000
3062  -7.910  -83.437  -47.867 0.0000000000
152953  -8.218  -83.980  -49.997 0.0000000000
3108  -7.895  -83.656  -51.595 0.0000000000
151989  -7.396  -83.649  -53.202 0.0000000000
2004  0.686  -84.941  -47.234 0.0000000000
2017  0.933  -85.070  -49.066 0.0000000000
2511  -0.501  -84.820  -51.190 0.0000000000
798  -2.398  -87.131  -49.641 0.0000000000
1606  -1.324  -86.473  -51.737 0.0000000000
2513  -1.597  -84.573  -52.176 0.0000000000
140686  -3.567  -84.611  -53.736 0.0000000000
2526  -5.034  -84.221  -53.962 0.0000000000
148491  -7.219  -84.029  -54.789 0.0000000000
2049  -6.912  -85.003  -56.302 0.0000000000
1635  -7.129  -86.556  -57.107 0.0000000000
892  -9.516  -87.869  -56.989 0.0000000000
146551  -9.183  -88.132  -53.331 0.0000000000
879  -10.333  -88.214  -54.819 0.0000000000
894  -11.242  -87.793  -57.015 0.0000000000
1227  -13.748  -87.285  -56.581 0.0000000000
1244  -15.273  -87.076  -57.053 0.0000000000
1646  -16.993  -84.581  -55.848 0.0000000000
540  -13.639  -84.116  -49.538 0.0000000000
821  -14.255  -86.097  -52.003 0.0000000000
163111  -17.474  -85.642  -53.146 0.0000000000
1215  -17.024  -85.598  -55.273 0.0000000000
137757  -18.784  -83.564  -55.315 0.0000000000
2063  -20.566  -84.885  -56.992 0.0000000000
34605  -29.227  -52.132  -35.638 0.0000000000
30086  -20.549  -55.869  -32.894 0.0000000000
30110  -21.715  -56.537  -34.154 0.0000000000
29107  -22.804  -56.273  -35.304 0.0000000000
29090  -20.557  -57.331  -35.087 0.0000000000
29106  -22.145  -56.668  -35.302 0.0000000000
30152  -24.347  -55.954  -36.035 0.0000000000
153054  -26.204  -54.700  -36.451 0.0000000000
148495  -27.185  -52.985  -36.515 0.0000000000
34603  -27.595  -51.471  -36.290 0.0000000000
151228  -26.259  -50.626  -36.416 0.0000000000
35797  -24.445  -50.475  -36.442 0.0000000000
36966  -24.041  -49.772  -36.402 0.0000000000
33417  -21.546  -52.181  -34.646 0.0000000000
34579  -21.922  -51.006  -35.140 0.0000000000
36952  -21.766  -49.722  -35.286 0.0000000000
36941  -20.395  -49.225  -34.579 0.0000000000
38087  -18.895  -48.664  -34.205 0.0000000000
38086  -17.943  -48.442  -34.320 0.0000000000
150424  -13.001  -63.637  -26.262 0.0000000000
22500  -13.133  -62.998  -26.925 0.0000000000
158021  -12.642  -61.794  -27.910 0.0000000000
23575  -10.588  -62.562  -25.596 0.0000000000
24695  -11.523  -60.904  -27.644 0.0000000000
24726  -12.591  -60.956  -28.780 0.0000000000
25839  -12.568  -59.453  -29.423 0.0000000000
26923  -13.170  -58.242  -30.132 0.0000000000
29025  -13.750  -56.663  -30.684 0.0000000000
22454  -5.609  -62.685  -24.459 0.0000000000
24664  -6.841  -60.955  -25.119 0.0000000000
163205  -7.882  -59.091  -26.399 0.0000000000
27890  -6.240  -57.811  -26.052 0.0000000000
27901  -7.772  -57.541  -26.615 0.0000000000
26883  -8.833  -58.187  -26.819 0.0000000000
27924  -11.176  -57.268  -28.205 0.0000000000
28989  -12.583  -56.576  -29.492 0.0000000000
30065  -14.011  -55.868  -30.877 0.0000000000
162520  -14.515  -54.391  -31.295 0.0000000000
32229  -16.036  -52.965  -31.650 0.0000000000
33355  -16.009  -52.150  -31.214 0.0000000000
142499  -13.110  -52.076  -28.881 0.0000000000
34502  -15.293  -51.141  -30.208 0.0000000000
34534  -15.761  -51.686  -32.814 0.0000000000
35752  -15.597  -51.001  -33.587 0.0000000000
36936  -15.365  -49.534  -34.673 0.0000000000
38084  -15.681  -48.717  -34.953 0.0000000000
38103  -14.261  -48.239  -35.463 0.0000000000
38080  -11.871  -48.242  -34.412 0.0000000000
39105  -10.698  -46.913  -33.918 0.0000000000
36903  -7.856  -49.021  -32.443 0.0000000000
38068  -8.735  -47.985  -33.459 0.0000000000
150060  -11.939  -76.725  -45.066 0.0000000000
8040  -9.940  -76.668  -44.385 0.0000000000
8028  -8.354  -76.595  -43.616 0.0000000000
6399  -5.611  -78.917  -47.082 0.0000000000
157009  -6.102  -77.612  -44.906 0.0000000000
8026  -6.494  -76.464  -43.343 0.0000000000
8016  -4.818  -76.102  -42.781 0.0000000000
8929  -2.744  -76.059  -42.040 0.0000000000
7992  -2.151  -76.107  -40.756 0.0000000000
5623  2.459  -80.237  -52.055 0.0000000000
152884  3.076  -80.710  -50.421 0.0000000000
5557  2.297  -79.747  -47.304 0.0000000000
7228  1.769  -77.550  -49.211 0.0000000000
6376  3.035  -78.577  -46.833 0.0000000000
5501  1.634  -79.137  -45.010 0.0000000000
6324  0.937  -78.433  -43.289 0.0000000000
7121  0.594  -77.160  -40.732 0.0000000000
8899  0.010  -75.670  -38.876 0.0000000000
9774  0.309  -74.298  -38.698 0.0000000000
140148  -1.223  -71.870  -39.664 0.0000000000
13741  -0.940  -70.051  -39.781 0.0000000000
14838  0.124  -69.101  -41.655 0.0000000000
15924  -0.339  -67.999  -39.156 0.0000000000
6313  -8.817  -78.278  -42.468 0.0000000000
6295  -10.066  -77.847  -41.874 0.0000000000
6314  -9.607  -78.232  -42.504 0.0000000000
144345  -18.127  -85.460  -58.362 0.0000000000
158489  -17.217  -85.092  -59.877 0.0000000000
135868  -18.981  -84.730  -59.351 0.0000000000
39128  -18.273  -47.104  -35.065 0.0000000000
40036  -19.031  -46.589  -35.505 0.0000000000
39127  -17.387  -46.943  -35.311 0.0000000000
39126  -16.478  -47.168  -35.493 0.0000000000
22458  -12.809  -62.695  -24.420 0.0000000000
21309  -12.599  -63.557  -24.516 0.0000000000
164022  -28.103  -50.251  -35.804 0.0000000000
164171  -10.240  -72.038  -31.228 0.0000000000
12629  -11.541  -71.797  -31.043 0.0000000000
11628  -10.854  -72.287  -31.327 0.0000000000
9776  -3.687  -74.549  -38.342 0.0000000000
9766  -4.083  -74.289  -37.615 0.0000000000
9765  -3.331  -74.542  -37.568 0.0000000000
9754  -2.838  -74.243  -37.080 0.0000000000
8882  -1.787  -75.086  -37.835 0.0000000000
3142  -10.502  -84.133  -53.743 0.0000000000
2528  -11.399  -84.018  -53.893 0.0000000000
2539  -11.613  -84.216  -54.709 0.0000000000
22327  -1.557  -62.511  -17.049 0.0000000000
22345  -1.698  -61.879  -17.801 0.0000000000
22359  -1.718  -62.077  -18.455 0.0000000000
158154  -1.760  -63.536  -18.408 0.0000000000
21228  -2.074  -63.755  -18.973 0.0000000000
19066  -1.905  -64.430  -18.820 0.0000000000
9655  -3.573  -74.715  -29.422 0.0000000000
9654  -2.570  -74.634  -29.785 0.0000000000
8804  -2.647  -75.944  -30.593 0.0000000000
8803  -1.297  -75.770  -30.685 0.0000000000
7876  -2.139  -76.539  -31.109 0.0000000000
1109  -0.040  -87.352  -41.410 0.0000000000
1521  1.264  -86.722  -41.737 0.0000000000
1545  1.281  -86.177  -43.211 0.0000000000
1961  2.189  -85.321  -43.537 0.0000000000
1963  1.086  -85.423  -43.884 0.0000000000
31111  -20.370  -54.535  -31.636 0.0000000000
31137  -21.548  -54.645  -32.456 0.0000000000
29048  -16.281  -56.559  -33.033 0.0000000000
142205  -15.614  -56.187  -32.495 0.0000000000
21388  -5.725  -63.653  -28.644 0.0000000000
142676  -6.162  -63.525  -26.700 0.0000000000
21372  -5.376  -63.611  -27.536 0.0000000000
32137  -3.158  -53.943  -27.936 0.0000000000
3750  1.039  -82.265  -53.645 0.0000000000
3737  0.651  -82.797  -52.348 0.0000000000
4314  1.516  -81.555  -53.269 0.0000000000
164336  -7.950  -75.107  -35.391 0.0000000000
9743  -8.793  -74.857  -35.438 0.0000000000
9756  -8.869  -74.683  -36.500 0.0000000000
9834  -9.292  -74.915  -41.856 0.0000000000
9817  -8.799  -74.056  -41.480 0.0000000000
9833  -8.277  -74.944  -41.824 0.0000000000
9816  -7.676  -74.337  -41.547 0.0000000000
9832  -7.487  -75.015  -41.847 0.0000000000
166431  -9.705  -86.819  -58.564 0.0000000000
1655  -9.566  -86.248  -59.013 0.0000000000
164682  -10.557  -86.308  -59.537 0.0000000000
4412  -12.752  -80.965  -64.005 0.0000000000
4409  -11.994  -81.348  -63.720 0.0000000000
5761  -11.913  -79.489  -63.856 0.0000000000
5756  -11.236  -78.980  -63.707 0.0000000000
40960  -11.826  -45.715  -34.623 0.0000000000
40961  -12.653  -45.176  -34.912 0.0000000000
40959  -10.773  -45.261  -34.019 0.0000000000
42048  -10.014  -44.591  -34.237 0.0000000000
40958  -9.747  -45.513  -33.965 0.0000000000
27927  -15.324  -57.763  -29.012 0.0000000000
23625  -14.124  -61.339  -28.861 0.0000000000
24727  -13.855  -60.891  -29.563 0.0000000000
143297  -1.340  -66.255  -27.434 0.0000000000
19186  -1.268  -65.641  -26.936 0.0000000000
19201  -0.976  -65.565  -27.852 0.0000000000
38110  -24.726  -48.336  -36.169 0.0000000000
39133  -25.090  -47.659  -35.920 0.0000000000
148057  -24.321  -47.646  -35.928 0.0000000000
39132  -23.557  -47.497  -35.729 0.0000000000
16832  -6.850  -67.229  -27.943 0.0000000000
18062  -7.126  -66.925  -28.269 0.0000000000
15776  -6.978  -67.846  -28.130 0.0000000000
165865  -12.148  -66.868  -32.754 0.0000000000
18108  -11.005  -66.544  -32.276 0.0000000000
18122  -10.835  -66.081  -32.884 0.0000000000
19257  -10.255  -65.584  -33.153 0.0000000000
18138  -10.706  -66.304  -33.448 0.0000000000
140863  -12.485  -71.452  -36.781 0.0000000000
12681  -12.914  -71.277  -36.139 0.0000000000
12695  -11.526  -71.289  -36.431 0.0000000000
13667  -5.839  -70.699  -33.567 0.0000000000
13668  -6.703  -70.580  -33.543 0.0000000000
14749  -6.105  -69.949  -33.268 0.0000000000
14737  -5.627  -69.400  -32.704 0.0000000000
14724  -4.162  -69.435  -31.779 0.0000000000
152014  -4.535  -69.809  -32.573 0.0000000000
13707  -0.458  -70.364  -36.314 0.0000000000
14773  -0.111  -69.737  -35.051 0.0000000000
14780  -0.298  -69.480  -35.909 0.0000000000
15875  -0.400  -68.733  -35.425 0.0000000000
15906  -0.406  -68.367  -37.121 0.0000000000
4275  -10.901  -81.979  -47.833 0.0000000000
4947  -7.692  -80.423  -54.545 0.0000000000
4933  -7.328  -79.999  -53.848 0.0000000000
4946  -6.842  -80.539  -54.413 0.0000000000
3754  -4.850  -81.925  -54.244 0.0000000000
4326  -5.610  -81.543  -54.538 0.0000000000
3186  -7.093  -83.299  -59.958 0.0000000000
145237  -7.172  -83.438  -59.402 0.0000000000
144909  -6.420  -82.644  -59.913 0.0000000000
6504  -0.788  -78.430  -57.761 0.0000000000
5695  -1.389  -79.623  -57.745 0.0000000000
6505  -1.123  -79.153  -57.302 0.0000000000
5683  -1.424  -79.725  -57.230 0.0000000000
7339  -1.553  -78.022  -56.318 0.0000000000
7322  -2.603  -78.346  -55.462 0.0000000000
32147  -16.666  -52.970  -27.432 0.0000000000
32131  -16.418  -52.927  -26.585 0.0000000000
29970  -10.397  -55.473  -25.191 0.0000000000
28951  -11.543  -55.524  -26.143 0.0000000000
150932  -10.637  -57.186  -25.628 0.0000000000
26853  -10.271  -58.018  -25.300 0.0000000000
140243  -9.772  -57.893  -25.045 0.0000000000
165998  -6.889  -62.456  -20.374 0.0000000000
23493  -7.041  -62.074  -20.906 0.0000000000
22391  -7.422  -62.754  -20.303 0.0000000000
22404  -8.074  -62.495  -20.952 0.0000000000
146247  -8.115  -63.806  -20.149 0.0000000000
19096  -7.905  -65.159  -20.585 0.0000000000
19083  -7.117  -65.054  -19.984 0.0000000000
15708  -4.099  -67.780  -24.111 0.0000000000
15726  -4.892  -68.240  -24.238 0.0000000000
15744  -4.321  -68.532  -25.087 0.0000000000
14641  -4.852  -68.915  -25.774 0.0000000000
14585  -2.294  -69.944  -21.369 0.0000000000
147152  -1.147  -69.848  -21.654 0.0000000000
13512  -1.253  -70.580  -23.176 0.0000000000
12607  -1.276  -71.410  -30.409 0.0000000000
12585  -1.933  -71.035  -29.917 0.0000000000
11610  -2.030  -71.696  -31.035 0.0000000000
11611  -3.017  -71.528  -30.883 0.0000000000
11623  -2.931  -72.165  -31.456 0.0000000000
152858  -3.657  -73.308  -32.126 0.0000000000
10630  -2.769  -72.862  -32.106 0.0000000000
7071  -0.750  -76.997  -35.949 0.0000000000
7072  -1.640  -77.504  -35.513 0.0000000000
7085  -1.283  -77.777  -36.234 0.0000000000
6239  -1.816  -78.460  -36.709 0.0000000000
6238  -0.793  -77.901  -37.028 0.0000000000
146481  0.252  -85.484  -33.557 0.0000000000
141665  0.534  -84.175  -33.003 0.0000000000
2920  0.696  -83.408  -32.678 0.0000000000
2930  0.675  -83.397  -33.630 0.0000000000
147951  0.684  -82.442  -33.986 0.0000000000
150485  0.455  -83.092  -35.206 0.0000000000
4815  0.167  -80.624  -42.991 0.0000000000
4807  0.517  -80.622  -42.247 0.0000000000
159619  -0.672  -80.309  -43.211 0.0000000000
4810  -2.014  -79.668  -43.075 0.0000000000
4824  -1.672  -80.401  -44.268 0.0000000000
4826  -3.438  -80.215  -44.648 0.0000000000
3084  -2.031  -83.703  -49.425 0.0000000000
3085  -3.036  -83.762  -49.408 0.0000000000
140758  -3.206  -83.929  -50.152 0.0000000000
3096  -4.005  -83.946  -50.356 0.0000000000
3103  -3.202  -83.961  -51.098 0.0000000000
828  -5.392  -87.367  -51.899 0.0000000000
164772  -4.691  -87.321  -51.681 0.0000000000
1191  -4.562  -87.805  -52.611 0.0000000000
1192  -4.906  -87.673  -53.669 0.0000000000
858  -5.940  -88.149  -53.795 0.0000000000
159016  -6.625  -88.148  -53.116 0.0000000000
556  -12.754  -86.733  -50.789 0.0000000000
569  -12.952  -88.188  -51.639 0.0000000000
146149  -13.917  -86.136  -52.295 0.0000000000
834  -14.292  -85.034  -51.847 0.0000000000
855  -20.780  -87.595  -53.058 0.0000000000
28032  -25.292  -57.017  -35.216 0.0000000000
28034  -26.737  -56.905  -35.320 0.0000000000
29110  -26.443  -56.644  -35.885 0.0000000000
29127  -26.936  -56.165  -36.388 0.0000000000
29126  -26.011  -56.154  -36.306 0.0000000000
27981  -19.081  -58.318  -33.155 0.0000000000
31175  -20.827  -54.614  -35.255 0.0000000000
31194  -21.528  -55.617  -35.626 0.0000000000
33447  -23.435  -52.641  -35.672 0.0000000000
32294  -22.268  -53.357  -35.155 0.0000000000
34546  -18.067  -51.867  -33.487 0.0000000000
34547  -18.832  -51.776  -33.611 0.0000000000
35754  -18.286  -51.036  -33.695 0.0000000000
20269  -10.695  -64.396  -26.492 0.0000000000
24693  -9.965  -60.005  -26.845 0.0000000000
25805  -9.726  -59.185  -27.086 0.0000000000
26899  -10.904  -58.907  -27.878 0.0000000000
26885  -10.263  -58.655  -27.514 0.0000000000
25745  -3.144  -59.665  -22.987 0.0000000000
25758  -4.197  -59.782  -23.915 0.0000000000
25757  -3.433  -58.780  -23.525 0.0000000000
31017  -8.925  -54.230  -27.445 0.0000000000
31018  -9.563  -54.920  -27.348 0.0000000000
153337  -10.730  -54.168  -27.770 0.0000000000
147285  -11.278  -54.775  -28.083 0.0000000000
31030  -11.778  -54.156  -28.408 0.0000000000
32170  -11.452  -53.468  -28.309 0.0000000000
35697  -11.582  -50.981  -31.061 0.0000000000
35720  -11.982  -50.409  -31.704 0.0000000000
36883  -12.206  -50.188  -32.269 0.0000000000
36906  -11.508  -49.720  -32.359 0.0000000000
151542  -11.862  -49.689  -32.696 0.0000000000
36882  -10.709  -49.639  -32.290 0.0000000000
7230  -8.209  -77.246  -48.862 0.0000000000
7218  -8.573  -77.191  -48.009 0.0000000000
6408  -7.416  -77.928  -49.053 0.0000000000
5545  -1.163  -79.369  -46.566 0.0000000000
6378  -2.636  -78.864  -46.091 0.0000000000
5523  -0.840  -79.041  -45.729 0.0000000000
6345  -1.652  -78.353  -44.729 0.0000000000
6354  -0.234  -78.884  -44.996 0.0000000000
8961  1.291  -75.790  -44.892 0.0000000000
8952  0.715  -75.297  -44.426 0.0000000000
8942  1.344  -75.848  -43.142 0.0000000000
9842  0.492  -74.276  -43.315 0.0000000000
9831  0.913  -74.245  -42.396 0.0000000000
10799  0.147  -73.319  -43.742 0.0000000000
7982  -7.509  -76.401  -39.345 0.0000000000
158642  -7.854  -75.899  -38.897 0.0000000000
7994  -8.964  -76.680  -40.033 0.0000000000
7144  -11.586  -77.039  -41.830 0.0000000000
7996  -10.866  -76.329  -40.728 0.0000000000
8921  -11.559  -75.846  -41.862 0.0000000000
9836  -11.326  -75.615  -42.155 0.0000000000
8938  -11.364  -75.950  -43.021 0.0000000000
1259  -14.133  -86.277  -58.750 0.0000000000
1672  -13.321  -85.963  -60.097 0.0000000000
1673  -14.167  -85.695  -59.872 0.0000000000
2596  -16.360  -84.014  -61.093 0.0000000000
144390  -15.502  -84.121  -61.213 0.0000000000
2602  -15.071  -83.689  -61.799 0.0000000000
3224  -14.241  -82.798  -63.007 0.0000000000
3225  -15.051  -82.475  -62.715 0.0000000000
42063  -22.542  -44.614  -36.037 0.0000000000
43141  -22.849  -43.898  -36.274 0.0000000000
42062  -21.724  -44.778  -35.979 0.0000000000
40997  -20.001  -44.934  -36.041 0.0000000000
42084  -19.631  -44.271  -36.446 0.0000000000
40995  -18.305  -44.866  -36.524 0.0000000000
42082  -17.580  -44.620  -36.650 0.0000000000
154451  -17.715  -45.350  -36.369 0.0000000000
40033  -15.146  -46.704  -35.891 0.0000000000
158692  -15.534  -46.072  -36.064 0.0000000000
40032  -14.341  -46.755  -35.807 0.0000000000
149583  -14.000  -46.153  -35.735 0.0000000000
40031  -13.588  -46.753  -35.661 0.0000000000
138538  -13.587  -59.909  -26.768 0.0000000000
23588  -14.126  -61.596  -27.155 0.0000000000
23601  -14.036  -61.967  -27.737 0.0000000000
19229  -2.024  -65.779  -31.312 0.0000000000
164801  -1.508  -64.589  -30.393 0.0000000000
36955  -27.016  -48.964  -35.760 0.0000000000
153310  -27.467  -48.250  -35.282 0.0000000000
38112  -26.096  -48.976  -36.104 0.0000000000
13581  -10.222  -70.871  -27.666 0.0000000000
14693  -10.553  -69.726  -28.604 0.0000000000
13621  -11.184  -70.467  -28.948 0.0000000000
13643  -13.379  -70.312  -30.836 0.0000000000
13640  -12.798  -70.196  -30.386 0.0000000000
14725  -13.052  -69.377  -30.757 0.0000000000
15820  -13.329  -68.508  -31.371 0.0000000000
15821  -14.014  -68.667  -32.054 0.0000000000
12707  -7.732  -71.976  -37.421 0.0000000000
12691  -8.318  -72.103  -36.673 0.0000000000
11694  -6.957  -72.437  -37.172 0.0000000000
151319  -4.877  -73.467  -35.908 0.0000000000
10689  -6.459  -73.017  -35.348 0.0000000000
11656  -5.153  -72.717  -34.930 0.0000000000
155018  -5.422  -72.080  -34.512 0.0000000000
155019  -4.552  -72.100  -34.609 0.0000000000
12662  -3.899  -71.583  -34.176 0.0000000000
11667  -3.490  -72.742  -35.218 0.0000000000
11677  -1.450  -72.633  -36.805 0.0000000000
11665  -1.566  -72.520  -35.982 0.0000000000
154956  -1.289  -72.370  -36.870 0.0000000000
12690  -0.617  -71.610  -36.039 0.0000000000
12705  -1.136  -71.973  -37.245 0.0000000000
152322  -9.964  -83.336  -50.022 0.0000000000
3727  -10.731  -82.450  -50.129 0.0000000000
3102  -10.397  -83.156  -50.845 0.0000000000
3756  -11.873  -82.472  -54.254 0.0000000000
151504  -11.521  -82.133  -53.275 0.0000000000
4331  -11.069  -81.858  -54.373 0.0000000000
4330  -10.027  -81.402  -54.681 0.0000000000
5738  -5.908  -79.319  -60.700 0.0000000000
5724  -5.378  -79.826  -60.173 0.0000000000
5737  -5.038  -78.789  -60.723 0.0000000000
6553  -2.747  -78.006  -60.089 0.0000000000
6536  -0.863  -77.713  -58.857 0.0000000000
25657  -3.407  -59.492  -19.387 0.0000000000
22387  -3.014  -62.035  -20.014 0.0000000000
23490  -3.038  -61.071  -20.412 0.0000000000
22388  -3.980  -62.047  -20.236 0.0000000000
22389  -5.128  -62.133  -20.371 0.0000000000
21231  -4.655  -63.600  -19.464 0.0000000000
20184  -5.190  -64.361  -19.413 0.0000000000
20183  -4.228  -64.271  -19.503 0.0000000000
144704  -2.477  -65.737  -20.912 0.0000000000
19091  -2.825  -65.528  -20.976 0.0000000000
19125  -2.347  -65.683  -22.118 0.0000000000
17975  -2.735  -65.539  -22.789 0.0000000000
17974  -1.954  -66.448  -22.578 0.0000000000
12532  -3.091  -71.505  -25.857 0.0000000000
12545  -2.441  -71.826  -26.360 0.0000000000
164348  -2.464  -72.417  -27.500 0.0000000000
10606  -0.036  -73.845  -29.147 0.0000000000
10598  -0.575  -73.452  -28.602 0.0000000000
10605  0.653  -73.349  -29.494 0.0000000000
11607  0.822  -72.887  -29.932 0.0000000000
163270  1.049  -73.044  -30.715 0.0000000000
10627  0.804  -73.190  -31.553 0.0000000000
10626  1.328  -73.775  -31.003 0.0000000000
7886  0.747  -76.254  -31.745 0.0000000000
8821  1.028  -75.338  -32.584 0.0000000000
151629  1.166  -75.559  -33.485 0.0000000000
8836  1.390  -75.791  -34.257 0.0000000000
7909  1.707  -76.479  -34.005 0.0000000000
137333  -0.828  -87.394  -38.648 0.0000000000
1066  -0.270  -86.977  -37.170 0.0000000000
137035  -0.312  -86.726  -36.220 0.0000000000
1475  0.348  -86.624  -37.520 0.0000000000
2402  0.889  -85.249  -38.170 0.0000000000
1484  1.147  -85.886  -38.847 0.0000000000
147889  2.200  -85.010  -42.497 0.0000000000
2419  2.101  -84.184  -41.731 0.0000000000
157404  2.219  -83.283  -42.869 0.0000000000
154152  2.078  -82.236  -42.839 0.0000000000
159049  2.066  -82.105  -44.368 0.0000000000
4221  1.618  -81.792  -44.945 0.0000000000
3663  2.230  -82.600  -45.012 0.0000000000
3041  2.253  -83.718  -46.186 0.0000000000
3686  1.557  -82.553  -46.567 0.0000000000
3060  0.974  -82.981  -48.062 0.0000000000
3071  -0.237  -83.381  -48.730 0.0000000000
3070  0.955  -83.761  -48.387 0.0000000000
532  -6.136  -87.663  -49.344 0.0000000000
534  -7.669  -88.093  -49.747 0.0000000000
28001  -24.539  -58.398  -33.573 0.0000000000
29053  -23.200  -56.816  -33.348 0.0000000000
30112  -22.698  -55.324  -33.305 0.0000000000
157622  -24.296  -56.945  -34.651 0.0000000000
29076  -23.218  -55.922  -34.002 0.0000000000
27997  -17.904  -58.226  -33.613 0.0000000000
27996  -17.124  -57.600  -33.510 0.0000000000
30108  -17.859  -56.137  -34.208 0.0000000000
31174  -19.154  -55.277  -34.825 0.0000000000
31153  -18.368  -55.088  -34.320 0.0000000000
31152  -17.639  -54.799  -33.799 0.0000000000
153102  -16.347  -54.257  -32.777 0.0000000000
32267  -16.956  -53.611  -32.922 0.0000000000
33388  -17.523  -53.012  -33.050 0.0000000000
32250  -16.425  -53.325  -32.378 0.0000000000
21353  -8.602  -63.583  -26.602 0.0000000000
21374  -7.918  -63.585  -27.264 0.0000000000
22477  -7.557  -62.740  -24.951 0.0000000000
21332  -7.753  -63.164  -25.390 0.0000000000
139553  -8.134  -61.595  -24.987 0.0000000000
23572  -7.395  -61.473  -24.951 0.0000000000
28935  -2.329  -56.006  -25.257 0.0000000000
28936  -3.207  -55.932  -24.926 0.0000000000
29967  -2.939  -55.357  -25.784 0.0000000000
32139  -5.383  -54.177  -27.716 0.0000000000
153418  -5.455  -54.684  -26.988 0.0000000000
32140  -6.501  -54.087  -27.803 0.0000000000
31015  -7.150  -54.510  -27.110 0.0000000000
32141  -7.463  -53.947  -27.741 0.0000000000
165895  -8.472  -53.371  -28.240 0.0000000000
33318  -6.134  -52.360  -29.754 0.0000000000
33319  -7.046  -52.592  -29.699 0.0000000000
33338  -6.704  -51.957  -30.199 0.0000000000
34496  -8.090  -51.664  -30.649 0.0000000000
34495  -7.187  -51.468  -30.575 0.0000000000
34516  -7.616  -50.902  -31.020 0.0000000000
35696  -5.582  -50.716  -30.717 0.0000000000
34514  -4.515  -50.767  -31.050 0.0000000000
4905  -3.053  -80.437  -50.948 0.0000000000
148603  -3.235  -80.116  -50.196 0.0000000000
4286  -2.295  -80.928  -51.141 0.0000000000
4284  1.112  -81.674  -50.472 0.0000000000
4280  -0.313  -80.990  -50.177 0.0000000000
4279  0.493  -81.150  -49.958 0.0000000000
4879  -0.048  -80.379  -48.624 0.0000000000
4886  0.799  -80.813  -49.224 0.0000000000
9704  -9.855  -74.676  -32.610 0.0000000000
9705  -10.625  -74.318  -32.704 0.0000000000
9724  -10.333  -74.730  -33.394 0.0000000000
9746  -11.575  -74.096  -35.642 0.0000000000
10690  -12.245  -73.653  -36.174 0.0000000000
10703  -12.906  -73.185  -36.797 0.0000000000
10720  -12.679  -72.893  -37.647 0.0000000000
8893  -9.416  -74.691  -39.134 0.0000000000
9768  -9.641  -74.100  -37.995 0.0000000000
9791  -10.072  -73.923  -39.561 0.0000000000
11740  -9.605  -72.689  -40.677 0.0000000000
11725  -10.861  -72.725  -39.627 0.0000000000
12739  -10.438  -71.843  -39.624 0.0000000000
12724  -10.859  -71.627  -39.050 0.0000000000
12723  -9.839  -71.418  -39.112 0.0000000000
12722  -8.819  -71.369  -38.660 0.0000000000
153473  -8.374  -71.646  -39.779 0.0000000000
10782  -5.522  -73.642  -41.168 0.0000000000
11737  -6.269  -72.520  -40.297 0.0000000000
10781  -4.770  -73.552  -40.958 0.0000000000
10768  -4.759  -73.234  -40.230 0.0000000000
9802  -4.111  -73.808  -40.620 0.0000000000
2555  -8.992  -84.707  -56.993 0.0000000000
140387  -10.382  -84.623  -57.397 0.0000000000
2562  -9.635  -84.816  -58.073 0.0000000000
2075  -10.479  -84.977  -60.048 0.0000000000
2576  -10.729  -83.917  -60.307 0.0000000000
3199  -10.218  -83.442  -60.631 0.0000000000
3198  -9.057  -83.364  -60.681 0.0000000000
3205  -8.990  -83.278  -61.124 0.0000000000
2090  -12.678  -84.878  -61.437 0.0000000000
2085  -11.967  -85.275  -61.138 0.0000000000
141688  -11.890  -84.049  -62.223 0.0000000000
4407  -9.876  -81.545  -63.018 0.0000000000
3817  -10.193  -82.266  -62.880 0.0000000000
4400  -9.299  -81.496  -62.272 0.0000000000
4399  -8.672  -81.653  -61.841 0.0000000000
5027  -8.810  -80.738  -62.021 0.0000000000
5025  -8.284  -80.339  -61.414 0.0000000000
5026  -8.634  -79.607  -62.077 0.0000000000
7459  -9.382  -77.399  -63.185 0.0000000000
6589  -8.499  -77.620  -62.767 0.0000000000
7443  -7.172  -76.012  -62.235 0.0000000000
42081  -16.920  -44.360  -36.637 0.0000000000
43154  -16.820  -43.579  -36.760 0.0000000000
42080  -16.359  -44.098  -36.406 0.0000000000
43138  -14.042  -43.783  -35.042 0.0000000000
43132  -14.500  -42.895  -35.029 0.0000000000
30038  -17.059  -55.838  -30.667 0.0000000000
27941  -16.629  -57.871  -30.084 0.0000000000
29010  -17.624  -56.853  -31.001 0.0000000000
27953  -17.865  -58.251  -31.360 0.0000000000
25825  -15.091  -59.668  -28.388 0.0000000000
26914  -15.852  -58.750  -29.276 0.0000000000
25826  -15.714  -59.773  -29.126 0.0000000000
25843  -16.428  -59.630  -30.320 0.0000000000
25874  -16.470  -59.552  -31.496 0.0000000000
26936  -16.912  -59.296  -32.130 0.0000000000
26934  -15.068  -58.844  -31.640 0.0000000000
26933  -14.289  -58.407  -31.179 0.0000000000
27961  -14.665  -57.828  -31.592 0.0000000000
151983  -13.720  -58.059  -30.706 0.0000000000
19188  -4.146  -65.271  -27.449 0.0000000000
21370  -3.757  -64.097  -26.164 0.0000000000
20268  -3.331  -65.225  -26.108 0.0000000000
141274  -1.558  -64.332  -25.113 0.0000000000
21327  -2.102  -63.897  -24.419 0.0000000000
21304  -1.806  -63.144  -23.856 0.0000000000
22431  -2.143  -61.859  -22.946 0.0000000000
23554  -1.556  -61.689  -23.718 0.0000000000
21386  -1.384  -63.419  -28.256 0.0000000000
145848  -1.333  -63.362  -27.435 0.0000000000
22516  -1.451  -62.498  -27.275 0.0000000000
151577  -1.649  -59.990  -26.090 0.0000000000
138974  -1.616  -60.891  -25.488 0.0000000000
152909  -1.553  -60.021  -24.805 0.0000000000
25773  -1.461  -59.008  -24.573 0.0000000000
27873  -1.619  -57.480  -24.577 0.0000000000
147335  -1.515  -57.672  -25.464 0.0000000000
2579  -20.653  -81.073  -56.919 0.0000000000
2588  -20.200  -81.143  -57.490 0.0000000000
3190  -21.356  -80.848  -57.348 0.0000000000
164711  -25.579  -45.902  -35.420 0.0000000000
149517  -24.144  -45.337  -35.625 0.0000000000
152196  -22.138  -46.877  -35.190 0.0000000000
39130  -21.380  -47.107  -34.963 0.0000000000
148839  -20.511  -47.084  -35.005 0.0000000000
39113  -20.114  -47.806  -34.876 0.0000000000
19156  -10.750  -66.280  -24.418 0.0000000000
19157  -11.447  -65.964  -24.960 0.0000000000
18008  -10.882  -66.487  -25.103 0.0000000000
18044  -8.797  -66.564  -28.141 0.0000000000
18029  -10.498  -66.608  -26.809 0.0000000000
18045  -10.208  -66.423  -27.877 0.0000000000
19189  -10.675  -65.864  -27.890 0.0000000000
18065  -9.997  -66.055  -28.616 0.0000000000
15796  -10.154  -68.874  -29.710 0.0000000000
15795  -8.650  -68.133  -30.151 0.0000000000
15808  -9.606  -68.037  -30.613 0.0000000000
18106  -9.838  -65.644  -31.796 0.0000000000
18090  -8.955  -66.074  -31.045 0.0000000000
19212  -9.042  -65.093  -30.656 0.0000000000
19213  -9.309  -65.228  -29.734 0.0000000000
20304  -9.090  -64.526  -29.885 0.0000000000
20303  -8.824  -63.964  -29.384 0.0000000000
20313  -8.812  -64.410  -31.014 0.0000000000
20321  -7.789  -64.107  -31.765 0.0000000000
159470  -7.706  -63.799  -31.220 0.0000000000
21417  -7.119  -63.975  -31.304 0.0000000000
21409  -6.535  -63.902  -30.685 0.0000000000
20311  -6.443  -64.530  -31.112 0.0000000000
11649  -13.032  -72.860  -33.591 0.0000000000
11642  -12.891  -72.599  -32.703 0.0000000000
11643  -13.699  -72.238  -33.271 0.0000000000
13684  -13.031  -70.110  -34.858 0.0000000000
13673  -14.386  -70.000  -34.057 0.0000000000
14765  -13.280  -69.359  -34.394 0.0000000000
15867  -13.427  -68.778  -34.083 0.0000000000
12678  -9.244  -71.754  -34.856 0.0000000000
146772  -10.023  -71.404  -34.905 0.0000000000
12667  -9.316  -71.221  -34.308 0.0000000000
14752  -8.546  -69.709  -33.624 0.0000000000
14753  -9.562  -69.451  -33.809 0.0000000000
151091  -8.816  -68.880  -33.741 0.0000000000
15850  -10.261  -68.622  -33.974 0.0000000000
145917  -8.608  -68.066  -33.688 0.0000000000
16919  -8.368  -67.195  -33.510 0.0000000000
16887  -6.409  -67.292  -31.816 0.0000000000
18104  -6.157  -66.827  -31.295 0.0000000000
19219  -5.841  -65.241  -30.665 0.0000000000
18073  -5.395  -65.903  -30.052 0.0000000000
19210  -4.806  -65.594  -28.796 0.0000000000
18088  -5.321  -66.932  -29.994 0.0000000000
157669  -3.045  -69.029  -30.211 0.0000000000
16875  -4.057  -68.120  -29.385 0.0000000000
15793  -2.808  -68.656  -29.488 0.0000000000
16844  -1.979  -67.834  -28.294 0.0000000000
15792  -1.352  -68.565  -29.435 0.0000000000
12647  -2.149  -71.449  -33.721 0.0000000000
13655  -2.859  -70.468  -32.594 0.0000000000
13664  -1.128  -71.151  -33.208 0.0000000000
15829  0.225  -68.963  -32.712 0.0000000000
14733  -0.133  -69.614  -32.024 0.0000000000
164223  0.150  -68.810  -31.975 0.0000000000
15803  -0.023  -68.295  -30.847 0.0000000000
16884  -0.384  -67.692  -31.018 0.0000000000
16885  -1.427  -67.072  -31.406 0.0000000000
16900  -0.882  -67.698  -31.902 0.0000000000
16916  -2.468  -67.368  -33.289 0.0000000000
4831  -9.122  -80.085  -44.785 0.0000000000
4847  -10.395  -79.924  -45.188 0.0000000000
5549  -10.943  -79.886  -45.972 0.0000000000
5589  -10.007  -78.931  -49.359 0.0000000000
5579  -10.643  -78.966  -48.560 0.0000000000
6417  -10.213  -77.941  -49.110 0.0000000000
7241  -9.293  -76.959  -49.600 0.0000000000
7248  -8.966  -77.319  -50.295 0.0000000000
4909  -10.809  -80.655  -51.140 0.0000000000
161154  -10.742  -80.187  -49.997 0.0000000000
4908  -9.827  -80.040  -51.754 0.0000000000
5626  -7.361  -78.966  -52.699 0.0000000000
5612  -7.785  -78.371  -52.162 0.0000000000
6442  -7.565  -77.899  -51.409 0.0000000000
5625  -6.023  -79.443  -52.269 0.0000000000
4907  -5.210  -79.776  -51.706 0.0000000000
4918  -4.632  -80.449  -52.309 0.0000000000
148945  -3.142  -82.675  -53.874 0.0000000000
3746  -2.816  -82.260  -53.111 0.0000000000
3745  -2.210  -83.134  -53.698 0.0000000000
142256  -1.331  -83.272  -53.361 0.0000000000
3121  -0.973  -83.609  -53.821 0.0000000000
2565  -12.357  -83.829  -57.712 0.0000000000
3159  -12.560  -83.307  -56.595 0.0000000000
3782  -11.920  -82.677  -57.718 0.0000000000
144260  -7.875  -83.203  -57.854 0.0000000000
160502  -8.814  -82.361  -56.958 0.0000000000
3772  -7.789  -82.697  -56.990 0.0000000000
3763  -8.173  -82.040  -56.248 0.0000000000
3771  -6.708  -82.971  -56.693 0.0000000000
162874  -4.300  -80.590  -59.256 0.0000000000
146061  -5.087  -82.156  -59.259 0.0000000000
3790  -4.147  -81.975  -59.091 0.0000000000
3778  -2.592  -82.623  -57.589 0.0000000000
3174  -3.741  -83.505  -57.837 0.0000000000
3164  -3.392  -83.796  -57.278 0.0000000000
3156  -4.158  -84.103  -56.715 0.0000000000
141537  -3.395  -84.184  -56.312 0.0000000000
3148  -3.294  -84.050  -55.552 0.0000000000
3154  -2.241  -83.682  -56.443 0.0000000000
4967  -1.265  -80.685  -55.926 0.0000000000
3759  -0.828  -82.377  -56.090 0.0000000000
160673  -0.222  -81.173  -55.570 0.0000000000
4337  0.251  -81.463  -55.233 0.0000000000
161951  -1.337  -80.364  -55.168 0.0000000000
5649  -1.846  -79.855  -54.590 0.0000000000
5650  -2.508  -79.594  -54.675 0.0000000000
3805  -20.528  -82.450  -60.478 0.0000000000
3804  -19.625  -82.628  -61.206 0.0000000000
3815  -19.518  -81.819  -61.846 0.0000000000
148643  -21.619  -55.099  -30.608 0.0000000000
31035  -19.606  -54.385  -28.903 0.0000000000
31053  -19.473  -54.143  -29.929 0.0000000000
31051  -17.826  -53.705  -30.099 0.0000000000
162130  -15.512  -53.623  -28.689 0.0000000000
31032  -15.539  -54.493  -29.236 0.0000000000
30006  -14.418  -55.639  -28.489 0.0000000000
32129  -14.392  -52.666  -26.164 0.0000000000
32145  -14.757  -52.764  -27.046 0.0000000000
153793  -13.123  -53.590  -26.543 0.0000000000
153707  -12.140  -56.863  -26.603 0.0000000000
29993  -13.043  -55.495  -27.314 0.0000000000
28953  -12.656  -56.490  -27.043 0.0000000000
28962  -13.348  -56.581  -27.595 0.0000000000
27904  -13.054  -57.306  -27.324 0.0000000000
26875  -13.196  -58.254  -27.239 0.0000000000
26874  -12.536  -58.394  -26.624 0.0000000000
25762  -11.126  -59.734  -24.888 0.0000000000
24649  -11.526  -60.540  -24.596 0.0000000000
23558  -11.903  -61.324  -24.279 0.0000000000
24633  -11.133  -60.970  -24.079 0.0000000000
28878  -8.408  -55.864  -21.859 0.0000000000
29926  -8.778  -55.453  -22.651 0.0000000000
29942  -9.191  -55.200  -23.427 0.0000000000
29941  -8.492  -55.705  -23.436 0.0000000000
166024  -4.839  -57.937  -21.260 0.0000000000
156865  -5.270  -57.625  -21.520 0.0000000000
25727  -5.652  -58.785  -22.356 0.0000000000
25729  -7.317  -59.542  -22.740 0.0000000000
144262  -6.800  -58.713  -23.002 0.0000000000
25746  -7.783  -58.938  -23.318 0.0000000000
26819  -7.882  -57.809  -23.852 0.0000000000
24630  -8.779  -59.754  -23.315 0.0000000000
25747  -9.380  -59.436  -23.942 0.0000000000
22406  -9.579  -62.987  -21.900 0.0000000000
23523  -9.628  -61.571  -22.685 0.0000000000
151154  -10.092  -62.895  -22.409 0.0000000000
22420  -10.753  -62.814  -22.963 0.0000000000
21265  -10.426  -63.484  -22.615 0.0000000000
20217  -10.468  -64.655  -22.848 0.0000000000
20216  -9.860  -64.957  -22.288 0.0000000000
19145  -8.277  -66.040  -23.055 0.0000000000
17995  -7.985  -66.148  -23.889 0.0000000000
18015  -7.060  -65.980  -25.645 0.0000000000
19155  -6.472  -65.677  -25.341 0.0000000000
19105  -4.980  -65.150  -21.487 0.0000000000
149684  -5.819  -64.998  -22.253 0.0000000000
19143  -5.131  -64.802  -23.911 0.0000000000
15728  -6.491  -68.524  -24.526 0.0000000000
16806  -5.277  -66.919  -24.637 0.0000000000
15729  -6.726  -68.261  -24.741 0.0000000000
15746  -7.083  -68.327  -25.156 0.0000000000
14644  -7.542  -69.453  -25.181 0.0000000000
14659  -8.708  -69.985  -26.070 0.0000000000
13560  -8.033  -70.188  -25.379 0.0000000000
144578  -6.731  -70.473  -27.597 0.0000000000
12555  -7.749  -71.194  -27.260 0.0000000000
12568  -8.044  -71.391  -28.228 0.0000000000
12588  -8.310  -71.327  -29.414 0.0000000000
154376  -7.739  -71.073  -30.143 0.0000000000
16735  -0.805  -67.156  -19.036 0.0000000000
17941  -1.023  -66.544  -19.771 0.0000000000
16746  -0.676  -67.355  -19.858 0.0000000000
15706  0.382  -68.688  -23.117 0.0000000000
16790  -0.270  -68.007  -22.662 0.0000000000
15707  -0.347  -68.194  -23.490 0.0000000000
16804  -1.284  -67.795  -23.737 0.0000000000
15741  -0.931  -68.438  -25.041 0.0000000000
12543  0.136  -71.502  -26.593 0.0000000000
12515  0.100  -70.812  -25.276 0.0000000000
12542  0.554  -70.858  -26.999 0.0000000000
13596  -2.024  -70.197  -28.879 0.0000000000
14670  -1.479  -69.621  -27.816 0.0000000000
14689  -2.364  -69.694  -28.386 0.0000000000
14654  -2.470  -68.787  -26.780 0.0000000000
14690  -3.367  -69.543  -28.366 0.0000000000
14691  -4.315  -69.474  -28.350 0.0000000000
13598  -3.932  -69.871  -28.965 0.0000000000
12623  -5.637  -71.928  -31.172 0.0000000000
13636  -5.829  -70.657  -30.341 0.0000000000
12624  -6.396  -71.984  -31.048 0.0000000000
12625  -7.183  -71.969  -30.893 0.0000000000
155020  -6.737  -72.854  -30.903 0.0000000000
154998  -7.943  -73.663  -30.869 0.0000000000
10634  -7.160  -73.758  -30.906 0.0000000000
9700  -5.400  -75.171  -31.991 0.0000000000
9701  -6.322  -75.224  -31.865 0.0000000000
8824  -5.875  -75.760  -32.577 0.0000000000
8845  -7.123  -75.537  -33.515 0.0000000000
8855  -5.859  -75.998  -34.117 0.0000000000
9719  -1.069  -74.178  -33.606 0.0000000000
9697  -2.614  -74.096  -32.999 0.0000000000
8840  -2.484  -75.300  -33.535 0.0000000000
7074  -3.351  -77.636  -35.401 0.0000000000
7924  -3.586  -76.888  -34.218 0.0000000000
7943  -5.144  -76.502  -35.481 0.0000000000
7955  -4.895  -76.708  -36.337 0.0000000000
7956  -5.540  -76.343  -36.798 0.0000000000
7965  -4.872  -76.797  -37.155 0.0000000000
7114  -3.924  -77.901  -39.010 0.0000000000
7115  -4.606  -77.370  -39.325 0.0000000000
7122  -4.767  -77.359  -40.155 0.0000000000
7138  -5.790  -77.456  -41.141 0.0000000000
7137  -4.959  -77.544  -40.935 0.0000000000
138435  0.617  -80.716  -31.242 0.0000000000
5349  -0.100  -79.706  -30.937 0.0000000000
6182  -0.926  -79.111  -30.626 0.0000000000
5350  -1.290  -79.268  -31.470 0.0000000000
7047  -1.447  -78.516  -32.191 0.0000000000
5368  -0.639  -79.755  -32.634 0.0000000000
4719  0.302  -80.232  -34.979 0.0000000000
5395  0.831  -79.573  -34.756 0.0000000000
5406  1.094  -79.525  -35.593 0.0000000000
6230  2.129  -77.852  -36.077 0.0000000000
4729  1.170  -79.634  -36.455 0.0000000000
2972  0.986  -83.560  -38.769 0.0000000000
2961  0.396  -83.070  -37.149 0.0000000000
3604  0.771  -82.602  -38.741 0.0000000000
5453  0.420  -80.011  -40.099 0.0000000000
5444  0.592  -80.038  -39.098 0.0000000000
5445  0.448  -79.816  -39.321 0.0000000000
6264  0.837  -78.720  -38.418 0.0000000000
5436  -0.583  -79.397  -38.969 0.0000000000
5437  -1.572  -79.426  -39.021 0.0000000000
5448  -1.899  -79.409  -39.753 0.0000000000
5482  -3.527  -79.039  -42.980 0.0000000000
5468  -3.102  -78.692  -42.077 0.0000000000
159355  -4.339  -78.763  -42.824 0.0000000000
6327  -5.950  -78.755  -43.074 0.0000000000
5490  -6.338  -79.182  -43.688 0.0000000000
5505  -7.738  -79.497  -44.334 0.0000000000
154048  -5.855  -79.562  -44.296 0.0000000000
163825  -5.068  -80.423  -45.455 0.0000000000
4844  -6.853  -80.395  -45.594 0.0000000000
4861  -6.510  -80.874  -46.215 0.0000000000
4260  -8.120  -81.682  -46.424 0.0000000000
4269  -6.732  -82.029  -47.137 0.0000000000
4253  -1.444  -81.417  -46.305 0.0000000000
4254  -2.412  -81.342  -46.313 0.0000000000
3690  -2.807  -81.778  -47.039 0.0000000000
3718  -5.041  -83.212  -48.233 0.0000000000
3704  -4.574  -82.652  -47.772 0.0000000000
3719  -5.946  -83.232  -48.140 0.0000000000
3061  -6.913  -83.352  -47.980 0.0000000000
3078  -7.476  -83.919  -48.498 0.0000000000
3090  -7.894  -84.082  -49.231 0.0000000000
3089  -6.963  -84.202  -49.162 0.0000000000
3106  -5.566  -83.800  -51.593 0.0000000000
149847  -6.955  -83.686  -51.445 0.0000000000
3116  -7.149  -83.596  -52.354 0.0000000000
146738  -8.103  -83.631  -52.474 0.0000000000
3124  -6.502  -83.657  -53.113 0.0000000000
2462  0.152  -84.280  -45.179 0.0000000000
149940  -0.036  -86.415  -48.889 0.0000000000
2018  0.740  -85.402  -48.406 0.0000000000
1596  0.134  -86.006  -49.601 0.0000000000
2506  0.320  -84.853  -50.056 0.0000000000
2025  -0.332  -85.541  -50.747 0.0000000000
518  -3.339  -88.187  -48.817 0.0000000000
140435  -2.582  -87.678  -48.793 0.0000000000
799  -3.150  -87.470  -49.319 0.0000000000
1182  -2.628  -87.295  -52.559 0.0000000000
1177  -1.742  -87.236  -51.525 0.0000000000
1611  -1.399  -86.147  -52.608 0.0000000000
2032  -1.321  -85.388  -52.629 0.0000000000
2033  -1.878  -85.313  -53.329 0.0000000000
2518  -2.156  -84.694  -52.944 0.0000000000
2524  -2.641  -85.122  -53.796 0.0000000000
2046  -4.544  -85.788  -55.572 0.0000000000
2533  -4.483  -84.877  -54.692 0.0000000000
143425  -5.548  -84.475  -54.807 0.0000000000
2534  -6.505  -84.018  -54.525 0.0000000000
2544  -6.470  -84.583  -55.411 0.0000000000
2048  -6.027  -85.288  -56.121 0.0000000000
1211  -7.483  -87.632  -55.863 0.0000000000
1224  -6.847  -87.105  -56.473 0.0000000000
885  -8.369  -87.848  -56.259 0.0000000000
1226  -8.327  -87.348  -56.916 0.0000000000
886  -9.240  -88.145  -56.239 0.0000000000
565  -8.719  -88.654  -52.178 0.0000000000
831  -8.520  -88.119  -52.767 0.0000000000
832  -9.284  -88.327  -52.947 0.0000000000
864  -11.820  -88.191  -54.222 0.0000000000
863  -10.873  -88.230  -54.202 0.0000000000
880  -11.100  -88.224  -54.968 0.0000000000
888  -10.886  -87.982  -56.388 0.0000000000
889  -12.470  -87.876  -55.782 0.0000000000
165504  -12.674  -87.301  -57.043 0.0000000000
884  -15.108  -86.492  -54.530 0.0000000000
1212  -15.319  -87.239  -55.487 0.0000000000
1229  -16.072  -86.464  -55.631 0.0000000000
1645  -16.915  -86.347  -56.864 0.0000000000
1246  -16.520  -85.293  -55.762 0.0000000000
558  -13.845  -85.846  -50.665 0.0000000000
571  -16.200  -87.078  -52.073 0.0000000000
836  -14.919  -85.960  -53.015 0.0000000000
156588  -16.665  -88.026  -53.252 0.0000000000
1202  -19.333  -87.504  -54.963 0.0000000000
1201  -18.013  -87.127  -55.101 0.0000000000
1216  -18.572  -86.346  -55.386 0.0000000000
160596  -18.172  -84.804  -56.231 0.0000000000
1637  -18.938  -84.535  -54.907 0.0000000000
2062  -20.128  -83.685  -55.157 0.0000000000
1649  -20.129  -85.449  -57.011 0.0000000000
1651  -22.244  -86.239  -57.113 0.0000000000
31221  -28.809  -54.368  -35.964 0.0000000000
153762  -29.398  -52.874  -35.475 0.0000000000
33473  -28.742  -52.830  -36.080 0.0000000000
29030  -19.736  -56.244  -32.469 0.0000000000
29073  -20.312  -57.800  -34.007 0.0000000000
29051  -20.890  -57.009  -33.748 0.0000000000
29093  -22.838  -56.449  -34.934 0.0000000000
29092  -21.838  -56.961  -34.985 0.0000000000
28015  -19.357  -57.968  -34.393 0.0000000000
144083  -22.301  -55.219  -35.697 0.0000000000
30150  -22.160  -56.251  -35.618 0.0000000000
30151  -22.907  -55.782  -35.731 0.0000000000
160910  -23.630  -55.462  -35.945 0.0000000000
30164  -24.805  -55.312  -36.257 0.0000000000
31216  -24.513  -54.650  -36.182 0.0000000000
141699  -25.148  -52.738  -36.380 0.0000000000
32337  -25.639  -53.704  -36.418 0.0000000000
148888  -26.131  -52.770  -36.515 0.0000000000
33472  -27.833  -52.367  -36.385 0.0000000000
33471  -26.829  -52.005  -36.483 0.0000000000
140391  -26.855  -51.198  -36.409 0.0000000000
33470  -25.963  -51.941  -36.523 0.0000000000
33468  -23.844  -51.861  -36.085 0.0000000000
34602  -24.797  -51.267  -36.451 0.0000000000
34601  -24.061  -51.118  -36.304 0.0000000000
35796  -23.675  -50.436  -36.256 0.0000000000
33415  -20.144  -53.138  -34.031 0.0000000000
33416  -20.769  -52.492  -34.298 0.0000000000
35765  -20.515  -50.774  -34.337 0.0000000000
34558  -21.012  -51.541  -34.459 0.0000000000
35766  -21.293  -50.854  -34.748 0.0000000000
35778  -22.222  -50.391  -35.475 0.0000000000
36942  -20.980  -50.010  -34.792 0.0000000000
38090  -21.175  -49.041  -35.054 0.0000000000
36926  -18.221  -49.974  -33.900 0.0000000000
36939  -18.856  -49.612  -33.928 0.0000000000
150368  -18.172  -49.219  -34.003 0.0000000000
36938  -17.361  -49.145  -34.324 0.0000000000
20259  -12.367  -64.755  -25.604 0.0000000000
21336  -12.784  -63.974  -25.532 0.0000000000
20272  -12.335  -64.397  -25.946 0.0000000000
151960  -11.937  -63.379  -26.194 0.0000000000
22517  -12.850  -62.364  -27.508 0.0000000000
22480  -10.153  -62.986  -25.355 0.0000000000
23586  -10.525  -61.761  -25.866 0.0000000000
24694  -10.757  -60.445  -27.184 0.0000000000
23599  -11.087  -61.361  -26.771 0.0000000000
23614  -12.249  -61.247  -28.130 0.0000000000
24708  -11.856  -60.383  -28.391 0.0000000000
24725  -12.485  -60.229  -29.095 0.0000000000
25824  -11.941  -59.497  -28.762 0.0000000000
154394  -12.086  -57.795  -28.958 0.0000000000
26912  -12.122  -58.594  -29.014 0.0000000000
26913  -12.532  -57.986  -29.466 0.0000000000
27951  -13.441  -57.379  -30.394 0.0000000000
27939  -12.860  -57.330  -29.796 0.0000000000
150788  -4.906  -63.155  -24.459 0.0000000000
24646  -5.208  -60.400  -24.672 0.0000000000
24647  -5.944  -61.383  -24.693 0.0000000000
24663  -6.131  -60.273  -25.354 0.0000000000
25776  -7.018  -60.036  -25.765 0.0000000000
25775  -6.398  -59.365  -25.858 0.0000000000
28938  -5.266  -56.714  -25.320 0.0000000000
27889  -5.415  -57.694  -25.423 0.0000000000
28939  -5.983  -56.987  -25.815 0.0000000000
28959  -8.959  -56.737  -26.919 0.0000000000
28950  -8.114  -56.754  -26.725 0.0000000000
27902  -8.536  -57.481  -26.787 0.0000000000
152529  -8.199  -58.066  -26.676 0.0000000000
27912  -9.316  -57.582  -27.059 0.0000000000
150898  -10.557  -57.323  -27.755 0.0000000000
28961  -10.734  -56.571  -27.852 0.0000000000
143946  -12.499  -55.154  -29.364 0.0000000000
30018  -12.182  -55.879  -29.047 0.0000000000
30036  -12.927  -55.763  -29.802 0.0000000000
165294  -13.471  -56.027  -30.370 0.0000000000
30037  -13.527  -55.299  -30.417 0.0000000000
31107  -14.159  -54.919  -31.044 0.0000000000
31071  -13.634  -54.423  -30.447 0.0000000000
32210  -14.626  -53.169  -30.699 0.0000000000
32228  -15.552  -52.635  -30.925 0.0000000000
33353  -15.200  -52.309  -30.207 0.0000000000
152950  -11.386  -52.496  -28.968 0.0000000000
33323  -12.187  -52.235  -28.897 0.0000000000
153541  -12.501  -51.688  -29.480 0.0000000000
35701  -14.590  -50.848  -30.777 0.0000000000
166308  -14.901  -50.786  -30.030 0.0000000000
35702  -15.009  -51.096  -31.170 0.0000000000
34520  -15.527  -51.629  -30.996 0.0000000000
150068  -15.294  -51.558  -31.899 0.0000000000
166406  -15.100  -51.344  -32.807 0.0000000000
35742  -14.655  -51.093  -32.182 0.0000000000
36921  -13.190  -50.133  -33.444 0.0000000000
36922  -14.002  -50.397  -33.616 0.0000000000
36935  -14.394  -49.741  -34.557 0.0000000000
38083  -14.768  -48.901  -35.024 0.0000000000
38082  -13.698  -49.043  -34.912 0.0000000000
38071  -11.518  -48.644  -33.622 0.0000000000
39100  -11.094  -47.818  -33.889 0.0000000000
39106  -11.560  -47.313  -34.472 0.0000000000
39099  -10.178  -47.492  -33.623 0.0000000000
36881  -7.410  -49.505  -31.903 0.0000000000
36902  -7.024  -48.990  -32.411 0.0000000000
38067  -7.534  -48.610  -33.651 0.0000000000
142610  -8.004  -48.135  -33.508 0.0000000000
7188  -11.890  -77.654  -45.761 0.0000000000
161483  -11.796  -78.030  -44.442 0.0000000000
7203  -11.903  -76.955  -45.773 0.0000000000
7187  -9.571  -77.118  -46.096 0.0000000000
8055  -10.337  -76.649  -45.368 0.0000000000
8054  -9.474  -77.119  -45.103 0.0000000000
154651  -9.212  -76.624  -43.809 0.0000000000
7174  -7.794  -77.385  -44.862 0.0000000000
5576  -4.409  -79.472  -48.587 0.0000000000
5565  -5.875  -79.101  -47.932 0.0000000000
6398  -4.762  -79.112  -47.115 0.0000000000
7182  -4.018  -77.954  -44.984 0.0000000000
6359  -5.371  -78.263  -45.747 0.0000000000
7172  -5.639  -77.341  -44.468 0.0000000000
8036  -6.013  -76.887  -43.893 0.0000000000
8035  -5.136  -76.973  -43.903 0.0000000000
8025  -5.534  -76.398  -43.210 0.0000000000
8024  -4.601  -76.567  -43.329 0.0000000000
7155  -2.139  -77.189  -42.910 0.0000000000
8013  -2.610  -76.643  -42.646 0.0000000000
139277  -2.018  -76.761  -42.220 0.0000000000
152161  -2.539  -75.778  -41.384 0.0000000000
8003  -1.176  -77.109  -41.584 0.0000000000
5624  2.021  -79.529  -52.951 0.0000000000
7285  1.829  -77.867  -53.786 0.0000000000
6425  2.220  -78.032  -50.906 0.0000000000
5593  2.845  -79.663  -50.787 0.0000000000
143005  3.133  -79.966  -49.944 0.0000000000
4884  2.622  -80.477  -48.859 0.0000000000
5571  3.053  -79.862  -48.443 0.0000000000
141225  2.392  -77.121  -45.499 0.0000000000
8081  2.385  -77.197  -47.225 0.0000000000
145322  2.828  -78.523  -45.787 0.0000000000
5520  2.542  -79.072  -45.917 0.0000000000
6342  2.018  -78.797  -44.503 0.0000000000
152278  1.542  -78.609  -43.888 0.0000000000
141336  2.167  -78.345  -43.939 0.0000000000
8000  1.872  -76.548  -41.371 0.0000000000
7133  1.809  -77.189  -41.714 0.0000000000
7989  1.101  -76.604  -40.237 0.0000000000
7990  0.108  -76.801  -40.107 0.0000000000
7978  0.617  -76.208  -39.545 0.0000000000
8889  0.518  -74.950  -38.783 0.0000000000
9788  1.072  -74.494  -39.213 0.0000000000
162081  0.621  -72.580  -40.874 0.0000000000
11721  0.499  -73.104  -39.938 0.0000000000
12754  -0.612  -71.282  -40.496 0.0000000000
12735  -1.428  -70.941  -39.814 0.0000000000
13755  -0.571  -70.381  -40.563 0.0000000000
142289  -0.098  -71.852  -44.114 0.0000000000
15934  -0.437  -68.276  -40.253 0.0000000000
157236  -8.183  -77.218  -40.791 0.0000000000
7126  -8.931  -77.090  -40.532 0.0000000000
7142  -9.623  -77.632  -41.422 0.0000000000
7143  -10.929  -77.586  -41.738 0.0000000000
7157  -11.954  -77.078  -42.525 0.0000000000
1665  -15.403  -85.990  -59.100 0.0000000000
1674  -14.995  -85.485  -59.659 0.0000000000
2082  -16.346  -85.088  -60.096 0.0000000000
2585  -16.797  -84.449  -60.427 0.0000000000
2597  -17.292  -84.039  -61.072 0.0000000000
40977  -20.457  -45.656  -35.701 0.0000000000
40975  -18.522  -45.720  -36.087 0.0000000000
40974  -17.162  -45.836  -36.150 0.0000000000
40035  -17.442  -46.345  -35.822 0.0000000000
39124  -14.732  -47.471  -35.704 0.0000000000
24651  -12.958  -61.179  -25.223 0.0000000000
24667  -13.417  -60.977  -25.825 0.0000000000
23560  -13.464  -61.800  -25.445 0.0000000000
22481  -13.574  -62.591  -26.057 0.0000000000
12613  -10.804  -71.517  -30.010 0.0000000000
13638  -11.561  -70.972  -29.528 0.0000000000
148805  -11.597  -71.456  -30.298 0.0000000000
161990  -12.145  -71.424  -30.543 0.0000000000
12630  -13.324  -71.359  -31.365 0.0000000000
11693  -5.848  -72.809  -38.008 0.0000000000
10718  -6.201  -73.035  -36.964 0.0000000000
10717  -5.407  -73.391  -37.297 0.0000000000
139355  -4.853  -73.811  -36.641 0.0000000000
139448  -4.092  -73.809  -36.312 0.0000000000
10686  -3.326  -73.281  -35.875 0.0000000000
10699  -3.130  -73.802  -36.522 0.0000000000
10698  -2.310  -73.653  -36.858 0.0000000000
10715  -1.163  -73.759  -37.896 0.0000000000
164951  -9.846  -83.813  -52.201 0.0000000000
3111  -10.856  -83.192  -51.698 0.0000000000
3128  -11.100  -83.790  -53.078 0.0000000000
3129  -11.774  -83.379  -53.463 0.0000000000
151899  -12.294  -82.739  -55.042 0.0000000000
7428  -5.521  -76.882  -61.664 0.0000000000
7427  -4.724  -77.417  -61.167 0.0000000000
24541  -3.237  -60.391  -18.017 0.0000000000
24562  -2.825  -59.952  -18.837 0.0000000000
23480  -1.930  -60.965  -19.145 0.0000000000
22372  -1.893  -61.930  -19.053 0.0000000000
22373  -2.665  -62.615  -19.531 0.0000000000
20182  -3.243  -64.197  -19.502 0.0000000000
20181  -2.536  -64.269  -19.267 0.0000000000
20192  -2.512  -65.314  -19.952 0.0000000000
143877  -2.077  -65.742  -20.311 0.0000000000
11582  -3.920  -72.891  -28.445 0.0000000000
11571  -2.629  -72.863  -28.237 0.0000000000
10599  -2.115  -73.496  -28.781 0.0000000000
10607  -1.553  -74.031  -29.239 0.0000000000
9668  -0.283  -75.061  -30.146 0.0000000000
9667  0.846  -74.581  -30.525 0.0000000000
8802  0.161  -75.519  -30.690 0.0000000000
8814  -0.722  -76.326  -31.117 0.0000000000
7898  0.294  -77.212  -32.062 0.0000000000
1494  0.479  -87.072  -39.346 0.0000000000
1493  1.252  -86.504  -39.663 0.0000000000
1504  1.312  -86.656  -40.756 0.0000000000
1950  2.345  -85.999  -42.462 0.0000000000
2432  2.336  -84.551  -43.278 0.0000000000
3662  2.545  -83.571  -44.939 0.0000000000
2444  2.379  -84.810  -44.155 0.0000000000
2460  2.411  -84.368  -45.171 0.0000000000
2476  2.197  -84.139  -46.012 0.0000000000
30072  -22.536  -55.014  -32.112 0.0000000000
29052  -22.868  -55.627  -32.648 0.0000000000
166432  -22.330  -54.752  -32.394 0.0000000000
30088  -22.136  -54.743  -32.856 0.0000000000
30085  -16.431  -55.344  -33.137 0.0000000000
31135  -15.756  -54.858  -32.531 0.0000000000
31109  -15.290  -54.579  -31.987 0.0000000000
145438  -7.257  -63.545  -27.959 0.0000000000
21373  -7.086  -63.556  -26.970 0.0000000000
21331  -6.880  -63.178  -25.091 0.0000000000
29976  -3.201  -54.794  -26.621 0.0000000000
31000  -3.643  -54.389  -27.260 0.0000000000
32138  -4.212  -53.982  -27.766 0.0000000000
32164  -5.775  -53.508  -28.576 0.0000000000
144619  -4.516  -52.399  -29.363 0.0000000000
33317  -5.165  -52.002  -29.794 0.0000000000
34494  -4.839  -51.257  -30.308 0.0000000000
3733  -0.672  -82.282  -51.951 0.0000000000
4293  -1.334  -81.412  -51.419 0.0000000000
3732  0.235  -82.443  -51.777 0.0000000000
3731  1.044  -82.411  -51.628 0.0000000000
4291  2.373  -81.976  -51.200 0.0000000000
154332  -8.600  -75.092  -33.855 0.0000000000
9734  -10.020  -74.912  -34.208 0.0000000000
9744  -9.834  -74.856  -35.071 0.0000000000
9758  -10.548  -74.160  -36.690 0.0000000000
153859  -10.336  -74.254  -40.843 0.0000000000
138609  -10.294  -73.456  -40.149 0.0000000000
10787  -10.123  -74.070  -41.123 0.0000000000
10786  -9.602  -73.565  -41.134 0.0000000000
11739  -8.754  -72.416  -40.668 0.0000000000
12755  -8.158  -72.053  -40.266 0.0000000000
161704  -6.218  -73.946  -41.329 0.0000000000
9814  -5.681  -74.331  -41.605 0.0000000000
1653  -8.497  -85.866  -58.269 0.0000000000
2060  -8.937  -85.319  -58.324 0.0000000000
2068  -9.486  -85.461  -58.958 0.0000000000
158941  -10.183  -85.894  -59.705 0.0000000000
1668  -10.697  -85.122  -60.286 0.0000000000
3222  -12.352  -83.097  -63.186 0.0000000000
3221  -11.652  -82.963  -63.181 0.0000000000
3819  -11.946  -82.259  -63.340 0.0000000000
5037  -11.313  -80.973  -63.526 0.0000000000
5035  -9.908  -79.893  -63.070 0.0000000000
5754  -9.380  -79.073  -62.917 0.0000000000
5755  -10.289  -78.969  -63.361 0.0000000000
6596  -9.851  -78.150  -63.330 0.0000000000
42058  -14.812  -44.880  -35.712 0.0000000000
42059  -15.626  -44.224  -35.931 0.0000000000
42057  -14.058  -44.552  -35.343 0.0000000000
42051  -13.262  -44.275  -34.922 0.0000000000
42050  -12.371  -44.362  -34.728 0.0000000000
42049  -10.871  -44.425  -34.268 0.0000000000
28991  -16.140  -56.756  -29.863 0.0000000000
24710  -15.477  -60.517  -29.541 0.0000000000
24744  -15.439  -60.382  -30.149 0.0000000000
25857  -15.163  -60.097  -30.714 0.0000000000
25873  -15.614  -59.635  -31.358 0.0000000000
25856  -14.208  -59.883  -30.604 0.0000000000
25840  -13.287  -59.410  -30.115 0.0000000000
18040  -3.138  -66.549  -26.903 0.0000000000
19164  -2.589  -65.396  -25.845 0.0000000000
19173  -2.306  -65.827  -26.254 0.0000000000
20255  -1.448  -64.917  -25.690 0.0000000000
156944  -1.216  -64.070  -25.139 0.0000000000
23612  -1.411  -61.598  -28.880 0.0000000000
150352  -1.448  -61.740  -27.970 0.0000000000
24704  -1.571  -60.928  -28.218 0.0000000000
24691  -1.740  -60.445  -27.584 0.0000000000
25790  -1.772  -59.179  -26.614 0.0000000000
26868  -1.612  -58.379  -26.056 0.0000000000
25804  -2.134  -59.204  -27.512 0.0000000000
39134  -26.179  -47.256  -35.476 0.0000000000
153552  -25.467  -47.049  -35.627 0.0000000000
40041  -24.711  -46.998  -35.705 0.0000000000
152092  -24.221  -46.279  -35.612 0.0000000000
152002  -23.450  -46.678  -35.547 0.0000000000
39131  -22.117  -47.668  -35.235 0.0000000000
38106  -21.362  -48.104  -35.047 0.0000000000
140955  -8.730  -66.671  -26.294 0.0000000000
18028  -9.640  -66.761  -26.497 0.0000000000
18027  -8.239  -66.611  -27.277 0.0000000000
18043  -7.637  -66.704  -28.135 0.0000000000
18063  -7.639  -66.835  -28.862 0.0000000000
15809  -10.644  -67.919  -30.952 0.0000000000
16878  -9.763  -67.285  -31.250 0.0000000000
144817  -10.869  -67.187  -31.603 0.0000000000
16888  -10.204  -66.522  -31.795 0.0000000000
19231  -9.722  -64.804  -32.198 0.0000000000
20322  -9.112  -64.395  -31.838 0.0000000000
19243  -9.035  -64.815  -32.868 0.0000000000
151619  -8.292  -64.843  -32.750 0.0000000000
10678  -13.692  -72.486  -35.017 0.0000000000
11661  -14.098  -71.964  -34.691 0.0000000000
12669  -14.042  -71.033  -35.242 0.0000000000
13697  -13.386  -70.951  -35.505 0.0000000000
13683  -12.026  -70.170  -34.710 0.0000000000
145289  -7.791  -71.698  -34.128 0.0000000000
12654  -8.864  -71.014  -33.845 0.0000000000
13669  -7.607  -70.432  -33.560 0.0000000000
14751  -7.698  -69.608  -33.503 0.0000000000
15847  -7.144  -68.880  -33.242 0.0000000000
15834  -7.040  -68.017  -32.805 0.0000000000
15833  -6.372  -68.708  -32.689 0.0000000000
16886  -5.754  -67.970  -31.408 0.0000000000
16876  -4.875  -67.894  -30.007 0.0000000000
15807  -4.916  -68.418  -30.696 0.0000000000
15817  -3.815  -69.066  -30.927 0.0000000000
14723  -2.998  -69.671  -31.442 0.0000000000
13680  -0.482  -71.253  -34.007 0.0000000000
13663  -0.238  -70.714  -33.447 0.0000000000
150435  0.026  -70.912  -34.197 0.0000000000
14762  0.014  -70.086  -34.058 0.0000000000
15845  -0.042  -69.107  -33.633 0.0000000000
15846  -0.611  -68.242  -33.401 0.0000000000
158968  -0.529  -68.444  -34.193 0.0000000000
16946  -1.243  -67.880  -35.196 0.0000000000
4864  -9.465  -81.174  -45.750 0.0000000000
4873  -11.073  -80.548  -46.810 0.0000000000
4872  -11.039  -81.405  -47.269 0.0000000000
4881  -11.350  -80.799  -48.434 0.0000000000
158389  -10.205  -79.626  -49.515 0.0000000000
4935  -9.168  -80.378  -53.596 0.0000000000
4922  -9.502  -80.135  -52.680 0.0000000000
4931  -5.708  -80.467  -53.419 0.0000000000
4307  -5.006  -80.919  -53.012 0.0000000000
4317  -5.283  -81.204  -53.811 0.0000000000
3747  -4.038  -82.345  -54.023 0.0000000000
3752  -2.682  -83.458  -54.329 0.0000000000
3787  -9.873  -82.684  -58.652 0.0000000000
3780  -10.413  -82.404  -58.018 0.0000000000
3169  -8.561  -83.196  -58.617 0.0000000000
3168  -7.314  -83.467  -58.583 0.0000000000
3167  -6.308  -83.661  -58.254 0.0000000000
4990  -2.068  -79.882  -58.765 0.0000000000
4374  -3.100  -80.826  -58.988 0.0000000000
4982  -2.429  -80.505  -58.535 0.0000000000
4366  -1.852  -81.078  -58.153 0.0000000000
4359  -1.663  -81.531  -57.359 0.0000000000
4353  -1.205  -82.064  -56.747 0.0000000000
4358  -1.124  -81.096  -56.867 0.0000000000
5669  -1.584  -80.055  -56.596 0.0000000000
5670  -2.101  -79.769  -56.040 0.0000000000
6483  -2.906  -79.176  -55.095 0.0000000000
31034  -19.043  -54.128  -28.133 0.0000000000
32175  -18.431  -53.450  -28.513 0.0000000000
165617  -17.130  -53.190  -28.998 0.0000000000
32173  -16.902  -53.059  -28.281 0.0000000000
32172  -15.985  -53.076  -28.185 0.0000000000
31021  -14.998  -53.223  -28.034 0.0000000000
30994  -12.077  -53.932  -25.653 0.0000000000
31005  -12.490  -54.001  -26.287 0.0000000000
29982  -12.034  -54.826  -26.357 0.0000000000
28952  -12.039  -55.988  -26.549 0.0000000000
27892  -11.969  -57.625  -26.408 0.0000000000
27891  -11.374  -57.675  -25.997 0.0000000000
26838  -10.697  -58.887  -25.142 0.0000000000
25761  -10.417  -59.424  -24.611 0.0000000000
28877  -7.238  -56.112  -21.868 0.0000000000
161177  -4.953  -60.770  -21.475 0.0000000000
25715  -5.939  -59.709  -22.283 0.0000000000
24602  -6.313  -60.538  -21.955 0.0000000000
24603  -7.234  -60.859  -21.952 0.0000000000
23521  -7.976  -61.183  -21.999 0.0000000000
23522  -8.699  -61.132  -22.363 0.0000000000
23507  -8.421  -61.828  -21.733 0.0000000000
22405  -9.005  -62.634  -21.531 0.0000000000
21254  -9.341  -63.520  -21.381 0.0000000000
149649  -9.512  -64.403  -21.622 0.0000000000
20204  -8.778  -64.863  -21.073 0.0000000000
19108  -8.355  -65.551  -21.426 0.0000000000
156609  -7.650  -65.837  -22.222 0.0000000000
19142  -4.131  -64.776  -23.497 0.0000000000
164534  -4.640  -64.977  -24.091 0.0000000000
15727  -5.807  -68.445  -24.232 0.0000000000
14630  -6.278  -69.145  -24.592 0.0000000000
13568  -7.153  -70.273  -25.687 0.0000000000
14658  -6.392  -69.798  -25.805 0.0000000000
13578  -6.499  -70.131  -26.558 0.0000000000
14674  -5.791  -69.699  -27.519 0.0000000000
14567  -1.247  -69.160  -20.368 0.0000000000
15663  -0.434  -68.405  -20.728 0.0000000000
15676  -0.572  -69.041  -20.985 0.0000000000
14598  -0.340  -69.486  -22.255 0.0000000000
14617  0.462  -69.285  -23.635 0.0000000000
12567  0.366  -71.264  -28.538 0.0000000000
13594  -0.061  -70.682  -28.276 0.0000000000
13613  -0.403  -70.899  -28.990 0.0000000000
13614  -1.455  -70.648  -29.313 0.0000000000
13615  -2.524  -70.540  -29.480 0.0000000000
13616  -3.509  -70.377  -29.569 0.0000000000
142380  -3.704  -71.254  -30.684 0.0000000000
12608  -4.462  -71.224  -30.814 0.0000000000
165428  -5.266  -72.530  -31.328 0.0000000000
10633  -6.269  -73.698  -31.078 0.0000000000
10632  -5.305  -73.414  -31.389 0.0000000000
9679  -4.887  -74.258  -31.781 0.0000000000
9699  -4.466  -74.962  -32.202 0.0000000000
8853  -1.071  -75.381  -34.375 0.0000000000
8854  -2.067  -75.741  -34.090 0.0000000000
143026  -1.581  -76.253  -34.591 0.0000000000
7073  -2.516  -77.710  -35.324 0.0000000000
7087  -3.582  -77.758  -36.205 0.0000000000
7088  -4.298  -77.304  -36.669 0.0000000000
7100  -3.675  -77.911  -37.068 0.0000000000
6254  -3.158  -78.464  -37.403 0.0000000000
141363  -3.409  -78.475  -38.717 0.0000000000
3523  0.965  -81.838  -31.536 0.0000000000
166374  0.679  -81.235  -32.601 0.0000000000
4691  0.292  -80.815  -32.780 0.0000000000
4095  0.579  -81.738  -33.565 0.0000000000
4105  0.319  -81.733  -34.463 0.0000000000
148629  0.169  -80.983  -35.828 0.0000000000
4177  1.277  -81.841  -41.146 0.0000000000
4166  0.805  -81.455  -40.010 0.0000000000
4794  1.063  -80.973  -41.160 0.0000000000
4795  0.621  -80.543  -41.445 0.0000000000
5465  -0.805  -79.776  -41.122 0.0000000000
5466  -1.629  -79.455  -41.346 0.0000000000
5480  -1.814  -79.484  -42.233 0.0000000000
5489  -2.797  -79.537  -43.432 0.0000000000
4818  -3.582  -79.638  -43.855 0.0000000000
5503  -5.074  -79.556  -44.174 0.0000000000
4827  -4.363  -79.870  -44.389 0.0000000000
4842  -4.352  -80.418  -45.244 0.0000000000
4240  -4.903  -80.796  -46.054 0.0000000000
144631  -1.782  -82.408  -47.706 0.0000000000
3702  -3.222  -82.371  -47.566 0.0000000000
3716  -3.363  -82.996  -48.227 0.0000000000
3074  -3.648  -83.552  -48.806 0.0000000000
149133  -5.279  -83.984  -49.237 0.0000000000
150322  -6.446  -84.076  -49.876 0.0000000000
161028  -4.795  -83.939  -50.578 0.0000000000
152067  -4.909  -83.861  -51.437 0.0000000000
3115  -5.155  -83.818  -52.267 0.0000000000
1162  -0.862  -86.849  -48.749 0.0000000000
807  -4.872  -87.296  -49.818 0.0000000000
165376  -3.543  -87.021  -50.364 0.0000000000
816  -4.417  -86.954  -50.937 0.0000000000
1178  -3.245  -87.598  -51.976 0.0000000000
1189  -2.776  -86.885  -53.399 0.0000000000
1622  -2.746  -85.919  -54.383 0.0000000000
1190  -3.400  -87.074  -53.816 0.0000000000
1624  -4.216  -86.640  -54.921 0.0000000000
1628  -4.598  -86.298  -55.452 0.0000000000
1633  -5.713  -86.447  -56.174 0.0000000000
1209  -5.763  -87.149  -55.552 0.0000000000
1199  -6.298  -87.747  -54.739 0.0000000000
875  -7.228  -88.181  -54.897 0.0000000000
554  -11.532  -89.350  -51.092 0.0000000000
575  -10.294  -88.927  -52.895 0.0000000000
152419  -12.229  -89.157  -51.801 0.0000000000
849  -12.876  -88.326  -53.404 0.0000000000
865  -12.944  -88.211  -54.158 0.0000000000
882  -13.220  -88.054  -55.026 0.0000000000
159976  -13.936  -88.008  -54.190 0.0000000000
866  -14.509  -87.101  -54.087 0.0000000000
868  -15.397  -85.078  -53.797 0.0000000000
578  -17.637  -88.597  -52.870 0.0000000000
872  -20.383  -88.047  -54.054 0.0000000000
28018  -25.686  -57.501  -34.565 0.0000000000
30167  -27.683  -55.741  -36.317 0.0000000000
31219  -27.728  -54.892  -36.451 0.0000000000
29049  -19.371  -57.511  -32.619 0.0000000000
30133  -19.756  -56.541  -35.211 0.0000000000
30149  -20.842  -55.893  -35.584 0.0000000000
31196  -23.850  -54.487  -35.949 0.0000000000
160708  -23.242  -54.062  -35.714 0.0000000000
32317  -23.735  -53.487  -35.804 0.0000000000
142648  -25.288  -51.921  -36.475 0.0000000000
33448  -24.229  -52.740  -36.069 0.0000000000
138336  -23.034  -51.850  -35.588 0.0000000000
33391  -20.065  -52.304  -33.860 0.0000000000
34548  -19.597  -51.690  -33.756 0.0000000000
35756  -19.839  -50.961  -33.946 0.0000000000
142954  -20.159  -50.016  -34.311 0.0000000000
164571  -18.217  -50.467  -33.797 0.0000000000
151659  -17.595  -50.428  -33.845 0.0000000000
20271  -11.693  -65.111  -26.305 0.0000000000
21356  -11.764  -64.225  -26.119 0.0000000000
23585  -9.650  -61.372  -25.639 0.0000000000
25823  -11.314  -59.532  -28.128 0.0000000000
153740  -11.581  -57.953  -28.526 0.0000000000
22433  -3.722  -62.124  -23.370 0.0000000000
23555  -4.631  -61.893  -23.663 0.0000000000
24645  -4.505  -60.949  -23.807 0.0000000000
25759  -4.931  -59.409  -24.753 0.0000000000
28949  -6.508  -56.405  -26.138 0.0000000000
29991  -9.297  -55.847  -27.098 0.0000000000
29992  -10.175  -55.791  -27.492 0.0000000000
30004  -10.991  -55.685  -27.951 0.0000000000
31046  -11.954  -54.985  -28.789 0.0000000000
31048  -13.183  -53.910  -29.753 0.0000000000
148989  -13.550  -53.015  -29.342 0.0000000000
34498  -11.182  -51.689  -30.410 0.0000000000
34499  -12.047  -51.341  -30.246 0.0000000000
35698  -12.447  -50.898  -30.973 0.0000000000
35722  -13.638  -50.783  -31.418 0.0000000000
35741  -14.102  -50.782  -32.657 0.0000000000
36885  -13.430  -50.707  -32.166 0.0000000000
36908  -12.910  -50.397  -32.761 0.0000000000
36920  -12.467  -49.784  -33.298 0.0000000000
38073  -12.912  -49.471  -34.159 0.0000000000
38062  -11.920  -49.382  -33.138 0.0000000000
38061  -11.418  -49.087  -32.912 0.0000000000
154524  -10.079  -48.663  -32.985 0.0000000000
8090  -10.500  -76.514  -47.715 0.0000000000
151806  -10.512  -76.446  -47.201 0.0000000000
8088  -9.356  -76.592  -47.953 0.0000000000
7201  -9.093  -77.265  -47.109 0.0000000000
6382  -7.683  -78.167  -46.588 0.0000000000
5561  -2.367  -79.566  -47.463 0.0000000000
5548  -3.827  -79.212  -46.940 0.0000000000
5547  -2.954  -79.266  -46.808 0.0000000000
6357  -3.201  -78.331  -45.388 0.0000000000
7171  -3.339  -77.768  -44.587 0.0000000000
7165  -3.520  -77.297  -43.926 0.0000000000
6346  -2.549  -78.055  -44.710 0.0000000000
7170  -2.007  -77.860  -44.072 0.0000000000
7163  -1.445  -77.722  -43.327 0.0000000000
7246  1.499  -77.458  -50.825 0.0000000000
8066  1.698  -76.276  -46.437 0.0000000000
8052  1.995  -76.337  -45.475 0.0000000000
8051  2.321  -77.089  -44.756 0.0000000000
6322  2.231  -77.853  -43.379 0.0000000000
160953  1.750  -76.513  -43.525 0.0000000000
8928  1.557  -76.015  -42.145 0.0000000000
9811  1.396  -74.811  -41.034 0.0000000000
9800  1.280  -74.420  -40.190 0.0000000000
9812  1.128  -74.303  -41.672 0.0000000000
145053  0.899  -72.749  -42.150 0.0000000000
11748  0.906  -72.022  -41.860 0.0000000000
146014  -7.582  -75.459  -37.498 0.0000000000
8874  -8.162  -74.958  -37.040 0.0000000000
8884  -7.746  -75.650  -38.272 0.0000000000
158450  -8.580  -75.355  -38.758 0.0000000000
8905  -9.990  -74.966  -39.886 0.0000000000
7995  -9.726  -76.774  -40.313 0.0000000000
7984  -10.151  -76.055  -40.062 0.0000000000
8912  -10.682  -75.373  -40.546 0.0000000000
9819  -10.569  -74.731  -41.375 0.0000000000
148658  -10.245  -74.982  -41.881 0.0000000000
8935  -8.715  -75.533  -42.379 0.0000000000
147664  -12.027  -87.051  -58.799 0.0000000000
1661  -12.031  -86.506  -59.465 0.0000000000
1662  -12.908  -86.278  -59.420 0.0000000000
1676  -12.810  -85.481  -60.750 0.0000000000
2086  -13.511  -84.999  -61.212 0.0000000000
2080  -14.625  -85.172  -60.333 0.0000000000
2594  -13.974  -84.429  -61.363 0.0000000000
3214  -13.316  -83.774  -62.244 0.0000000000
3223  -13.314  -83.186  -63.081 0.0000000000
3820  -13.245  -81.505  -63.670 0.0000000000
165695  -13.608  -80.155  -63.878 0.0000000000
43160  -23.172  -43.314  -36.339 0.0000000000
43159  -22.537  -43.257  -36.425 0.0000000000
42061  -20.869  -44.880  -35.974 0.0000000000
142389  -21.254  -44.105  -36.260 0.0000000000
43158  -21.652  -43.179  -36.513 0.0000000000
153042  -20.753  -43.501  -36.493 0.0000000000
142982  -20.163  -43.025  -36.712 0.0000000000
43157  -19.323  -43.489  -36.786 0.0000000000
43156  -18.396  -43.646  -36.941 0.0000000000
158330  -16.305  -45.765  -36.191 0.0000000000
151467  -15.549  -45.296  -36.067 0.0000000000
40972  -14.053  -45.407  -35.619 0.0000000000
40971  -13.311  -45.917  -35.406 0.0000000000
40018  -11.234  -46.324  -34.258 0.0000000000
26886  -13.960  -58.504  -27.718 0.0000000000
26901  -14.624  -58.676  -28.176 0.0000000000
25808  -14.443  -59.438  -27.753 0.0000000000
24696  -14.741  -60.498  -27.940 0.0000000000
24682  -13.875  -60.763  -26.659 0.0000000000
24683  -14.361  -60.895  -27.326 0.0000000000
23616  -14.693  -61.153  -28.527 0.0000000000
150408  -14.232  -61.602  -28.284 0.0000000000
138824  -1.142  -66.034  -29.585 0.0000000000
140993  -1.196  -65.048  -28.777 0.0000000000
19217  -1.375  -65.067  -29.739 0.0000000000
20300  -1.375  -64.214  -29.308 0.0000000000
21398  -1.328  -63.128  -29.837 0.0000000000
39135  -26.947  -47.458  -35.237 0.0000000000
38111  -25.548  -48.292  -36.029 0.0000000000
15768  -8.877  -69.195  -27.685 0.0000000000
15778  -8.639  -68.759  -28.660 0.0000000000
14692  -9.756  -69.473  -28.072 0.0000000000
15797  -11.289  -69.234  -29.898 0.0000000000
13622  -11.688  -70.145  -29.557 0.0000000000
14718  -12.250  -69.552  -30.197 0.0000000000
15810  -11.535  -68.565  -30.518 0.0000000000
15819  -11.699  -67.811  -31.242 0.0000000000
16890  -12.666  -67.711  -31.642 0.0000000000
16905  -12.731  -67.211  -32.613 0.0000000000
138921  -9.461  -71.500  -37.427 0.0000000000
138983  -10.458  -71.451  -36.014 0.0000000000
151104  -9.090  -71.796  -36.729 0.0000000000
12692  -8.763  -72.173  -36.009 0.0000000000
11660  -8.700  -72.173  -35.192 0.0000000000
11678  -6.810  -72.938  -36.176 0.0000000000
11669  -7.286  -72.684  -35.491 0.0000000000
11659  -7.793  -72.248  -34.764 0.0000000000
12664  -6.249  -72.035  -34.333 0.0000000000
12650  -5.615  -71.440  -33.953 0.0000000000
149336  -4.982  -70.830  -33.622 0.0000000000
13657  -4.367  -70.423  -33.183 0.0000000000
12649  -4.126  -71.009  -33.659 0.0000000000
12661  -2.960  -71.732  -34.247 0.0000000000
12660  -1.956  -71.839  -34.371 0.0000000000
11666  -2.537  -72.714  -35.519 0.0000000000
11653  -1.736  -72.173  -35.101 0.0000000000
12659  -0.962  -71.713  -34.573 0.0000000000
12676  -0.538  -71.517  -35.628 0.0000000000
13694  -0.216  -71.144  -35.631 0.0000000000
13721  -0.986  -70.320  -37.388 0.0000000000
3721  -10.376  -82.830  -48.788 0.0000000000
139221  -11.118  -81.829  -48.602 0.0000000000
3722  -11.010  -82.039  -49.275 0.0000000000
4296  -11.186  -81.591  -50.730 0.0000000000
4308  -11.110  -81.428  -51.641 0.0000000000
3112  -11.242  -82.671  -51.991 0.0000000000
4320  -10.959  -81.403  -52.574 0.0000000000
4936  -10.070  -80.742  -53.002 0.0000000000
162585  -9.780  -80.828  -53.587 0.0000000000
4948  -8.586  -80.561  -54.451 0.0000000000
4328  -8.099  -81.029  -55.052 0.0000000000
4383  -6.965  -80.952  -59.907 0.0000000000
3793  -5.781  -81.926  -59.808 0.0000000000
4382  -6.179  -81.032  -59.661 0.0000000000
5001  -4.824  -80.658  -59.480 0.0000000000
5000  -4.218  -80.029  -59.659 0.0000000000
6554  -3.435  -77.906  -60.387 0.0000000000
5721  -3.109  -78.803  -59.950 0.0000000000
5709  -2.883  -79.227  -59.388 0.0000000000
6537  -1.615  -78.340  -59.104 0.0000000000
7378  -0.663  -77.876  -58.234 0.0000000000
7338  -0.554  -77.261  -56.934 0.0000000000
8207  -1.455  -76.094  -55.778 0.0000000000
30993  -11.665  -54.022  -24.780 0.0000000000
30992  -10.862  -54.714  -25.049 0.0000000000
153895  -9.870  -55.550  -24.784 0.0000000000
26761  -4.484  -58.420  -20.366 0.0000000000
25699  -3.860  -59.261  -20.997 0.0000000000
24592  -2.886  -60.180  -20.243 0.0000000000
24593  -3.499  -60.164  -20.813 0.0000000000
23503  -4.275  -60.087  -21.421 0.0000000000
23492  -5.444  -61.470  -21.009 0.0000000000
22376  -5.893  -62.891  -19.757 0.0000000000
21233  -6.510  -63.610  -19.492 0.0000000000
19082  -6.475  -64.886  -19.680 0.0000000000
19081  -5.675  -64.994  -19.709 0.0000000000
19094  -5.337  -65.319  -20.351 0.0000000000
19104  -3.913  -64.868  -21.881 0.0000000000
19103  -3.067  -64.991  -21.911 0.0000000000
19127  -3.624  -64.783  -22.718 0.0000000000
17992  -3.341  -65.536  -23.352 0.0000000000
163235  -2.789  -67.085  -23.442 0.0000000000
15725  -2.976  -67.922  -24.453 0.0000000000
13552  -3.069  -71.069  -24.399 0.0000000000
13551  -1.631  -71.204  -24.332 0.0000000000
12517  -2.372  -71.396  -25.051 0.0000000000
12544  -0.994  -71.976  -26.169 0.0000000000
11560  0.007  -72.183  -27.235 0.0000000000
11570  -1.086  -72.678  -27.392 0.0000000000
11580  -0.022  -72.765  -27.956 0.0000000000
11569  0.394  -72.057  -27.785 0.0000000000
11594  0.575  -72.201  -29.592 0.0000000000
11621  -0.784  -72.387  -31.647 0.0000000000
10629  -1.500  -72.726  -32.191 0.0000000000
10628  -0.237  -72.784  -32.026 0.0000000000
10666  -0.492  -73.636  -33.128 0.0000000000
9718  -0.057  -74.116  -33.536 0.0000000000
9694  0.943  -74.568  -32.186 0.0000000000
166215  0.582  -74.449  -33.054 0.0000000000
8838  -0.553  -74.607  -34.084 0.0000000000
153609  -0.108  -75.091  -34.597 0.0000000000
7938  0.812  -75.980  -35.799 0.0000000000
7954  0.342  -76.707  -36.372 0.0000000000
1895  -0.007  -86.257  -34.971 0.0000000000
2382  0.319  -84.906  -35.933 0.0000000000
2943  0.409  -83.917  -35.559 0.0000000000
2388  0.463  -84.740  -36.916 0.0000000000
2395  0.844  -84.213  -38.163 0.0000000000
2978  1.223  -83.715  -39.528 0.0000000000
1917  1.484  -85.519  -39.745 0.0000000000
2406  1.496  -84.490  -39.983 0.0000000000
2983  1.602  -83.141  -40.681 0.0000000000
4184  1.592  -81.916  -41.648 0.0000000000
148290  1.502  -81.432  -43.240 0.0000000000
4212  -0.136  -80.912  -44.325 0.0000000000
4223  -0.985  -80.779  -44.761 0.0000000000
4235  -0.122  -81.295  -45.283 0.0000000000
4252  -0.521  -81.478  -46.156 0.0000000000
3688  -0.746  -81.743  -46.938 0.0000000000
3675  1.833  -82.301  -45.832 0.0000000000
3687  0.902  -82.049  -46.823 0.0000000000
3700  -0.917  -82.265  -47.631 0.0000000000
3714  -1.222  -82.857  -48.334 0.0000000000
140332  -1.103  -83.533  -49.066 0.0000000000
3093  -0.917  -83.952  -49.880 0.0000000000
520  -4.769  -88.039  -48.939 0.0000000000
531  -5.367  -87.817  -49.137 0.0000000000
808  -5.703  -87.377  -50.030 0.0000000000
818  -6.809  -87.469  -51.181 0.0000000000
830  -7.181  -87.589  -52.054 0.0000000000
819  -7.441  -87.804  -51.273 0.0000000000
551  -7.840  -88.331  -50.829 0.0000000000
552  -9.138  -89.335  -51.287 0.0000000000
324  -9.245  -89.298  -49.076 0.0000000000
536  -9.730  -89.563  -50.186 0.0000000000
537  -11.089  -89.613  -50.023 0.0000000000
538  -11.843  -89.069  -50.003 0.0000000000
539  -12.039  -87.286  -50.066 0.0000000000
149501  -25.221  -58.031  -34.031 0.0000000000
28016  -24.519  -57.663  -34.263 0.0000000000
28017  -24.994  -57.388  -34.659 0.0000000000
29095  -24.459  -56.637  -35.293 0.0000000000
150114  -17.789  -58.822  -32.712 0.0000000000
26956  -18.213  -58.536  -33.223 0.0000000000
29072  -18.687  -57.444  -34.498 0.0000000000
163378  -21.173  -53.877  -34.992 0.0000000000
32291  -20.070  -54.050  -34.693 0.0000000000
32270  -19.446  -53.640  -34.125 0.0000000000
32269  -18.203  -54.061  -33.803 0.0000000000
162267  -18.762  -53.391  -33.755 0.0000000000
144270  -18.105  -53.223  -33.419 0.0000000000
147061  -17.918  -52.540  -33.317 0.0000000000
21376  -9.593  -64.156  -27.451 0.0000000000
21354  -9.988  -64.028  -26.292 0.0000000000
152518  -9.225  -63.798  -26.800 0.0000000000
154492  -9.230  -63.585  -26.140 0.0000000000
22479  -9.319  -62.781  -25.186 0.0000000000
21352  -7.848  -63.504  -26.249 0.0000000000
22478  -8.449  -62.686  -25.054 0.0000000000
23573  -8.985  -62.020  -24.933 0.0000000000
24665  -8.763  -61.021  -25.518 0.0000000000
24679  -8.564  -60.134  -26.081 0.0000000000
27864  -2.367  -57.722  -23.665 0.0000000000
26835  -3.668  -57.853  -23.919 0.0000000000
28922  -3.383  -56.562  -24.423 0.0000000000
28937  -4.281  -56.420  -24.933 0.0000000000
29969  -5.004  -55.952  -25.470 0.0000000000
29977  -4.016  -55.218  -26.208 0.0000000000
31003  -5.893  -55.082  -26.518 0.0000000000
31004  -6.756  -55.094  -26.592 0.0000000000
31016  -8.061  -54.395  -27.219 0.0000000000
32143  -9.056  -53.528  -27.887 0.0000000000
32169  -10.690  -53.446  -28.053 0.0000000000
32168  -9.779  -53.200  -28.245 0.0000000000
33306  -9.586  -52.757  -29.100 0.0000000000
33321  -10.089  -52.472  -29.639 0.0000000000
32191  -7.399  -53.135  -29.074 0.0000000000
153782  -7.909  -52.671  -29.574 0.0000000000
33340  -9.351  -52.397  -29.961 0.0000000000
34497  -9.043  -51.867  -30.674 0.0000000000
34518  -9.605  -51.311  -31.215 0.0000000000
153715  -10.085  -50.763  -31.639 0.0000000000
35718  -9.148  -50.497  -31.733 0.0000000000
152344  -8.032  -50.339  -31.558 0.0000000000
35716  -7.003  -50.102  -31.384 0.0000000000
35714  -5.108  -50.153  -31.479 0.0000000000
35738  -5.658  -49.745  -31.885 0.0000000000
152880  -5.676  -79.052  -50.365 0.0000000000
5587  -6.160  -78.835  -49.030 0.0000000000
5585  -4.630  -79.447  -49.534 0.0000000000
5584  -3.797  -79.666  -49.186 0.0000000000
5583  -3.020  -79.804  -49.045 0.0000000000
161552  -1.645  -80.747  -50.639 0.0000000000
160777  -1.883  -80.284  -49.942 0.0000000000
5574  -2.676  -79.722  -48.303 0.0000000000
5573  -1.766  -79.861  -48.172 0.0000000000
5572  -0.791  -79.996  -47.989 0.0000000000
4871  0.274  -80.126  -47.819 0.0000000000
10637  -10.358  -73.542  -31.651 0.0000000000
10638  -10.901  -73.027  -31.669 0.0000000000
10656  -10.821  -73.711  -32.168 0.0000000000
10658  -12.191  -73.292  -32.980 0.0000000000
10668  -12.471  -73.535  -34.053 0.0000000000
9735  -10.859  -74.690  -34.115 0.0000000000
10676  -12.171  -73.794  -35.102 0.0000000000
10677  -13.010  -73.173  -35.006 0.0000000000
159956  -13.389  -72.791  -35.647 0.0000000000
12713  -13.119  -72.044  -37.249 0.0000000000
12712  -12.708  -71.800  -37.519 0.0000000000
9767  -8.912  -74.586  -37.480 0.0000000000
149041  -10.452  -73.850  -37.657 0.0000000000
166154  -11.241  -73.458  -38.162 0.0000000000
10755  -10.911  -73.130  -39.397 0.0000000000
10736  -11.554  -73.093  -38.740 0.0000000000
10719  -12.023  -73.215  -38.024 0.0000000000
10737  -12.133  -72.562  -38.384 0.0000000000
11709  -12.174  -71.926  -38.316 0.0000000000
12710  -10.259  -71.344  -37.777 0.0000000000
12709  -9.547  -71.355  -38.198 0.0000000000
12721  -7.937  -71.541  -38.328 0.0000000000
12706  -7.072  -71.966  -38.190 0.0000000000
11724  -6.790  -72.120  -39.759 0.0000000000
11722  -6.147  -72.254  -39.453 0.0000000000
152236  -5.569  -72.611  -38.955 0.0000000000
10753  -4.900  -73.177  -39.293 0.0000000000
9790  -4.165  -73.816  -39.616 0.0000000000
146256  -3.604  -74.494  -39.251 0.0000000000
2547  -9.730  -84.411  -55.281 0.0000000000
2548  -10.974  -84.428  -55.335 0.0000000000
142740  -10.518  -84.532  -56.214 0.0000000000
2556  -11.280  -84.490  -56.982 0.0000000000
2569  -12.043  -83.540  -58.369 0.0000000000
2061  -10.226  -84.697  -59.076 0.0000000000
150952  -11.019  -83.638  -59.620 0.0000000000
3181  -11.403  -83.026  -59.253 0.0000000000
3179  -9.549  -83.127  -59.490 0.0000000000
3187  -8.009  -83.408  -60.152 0.0000000000
3197  -7.664  -83.113  -60.404 0.0000000000
1670  -11.600  -86.107  -60.204 0.0000000000
2083  -10.926  -85.117  -60.722 0.0000000000
2599  -10.577  -83.688  -61.544 0.0000000000
3220  -11.156  -83.202  -62.636 0.0000000000
3211  -10.738  -83.545  -62.119 0.0000000000
3206  -9.891  -83.315  -61.413 0.0000000000
3802  -8.635  -82.852  -61.308 0.0000000000
4392  -8.311  -82.110  -61.340 0.0000000000
3801  -7.527  -81.978  -60.965 0.0000000000
142367  -7.125  -80.457  -60.426 0.0000000000
165988  -7.371  -79.966  -60.858 0.0000000000
5739  -6.477  -78.648  -61.269 0.0000000000
5749  -8.753  -78.616  -62.527 0.0000000000
6576  -7.040  -78.022  -61.988 0.0000000000
6575  -6.264  -77.401  -61.866 0.0000000000
7429  -6.252  -76.403  -62.036 0.0000000000
44207  -17.337  -42.996  -37.157 0.0000000000
20164  -1.544  -64.294  -18.007 0.0000000000
16715  -0.908  -67.004  -18.098 0.0000000000
15647  -1.577  -68.447  -19.131 0.0000000000
154378  -4.146  -71.476  -26.060 0.0000000000
12554  -4.241  -71.919  -27.277 0.0000000000
8786  -3.843  -75.047  -29.003 0.0000000000
30040  -18.533  -55.024  -31.528 0.0000000000
27962  -18.304  -58.412  -31.916 0.0000000000
26937  -17.739  -59.099  -32.032 0.0000000000
26915  -16.403  -58.809  -29.845 0.0000000000
26925  -16.909  -58.935  -30.484 0.0000000000
150091  -17.325  -59.005  -32.559 0.0000000000
26954  -16.675  -58.751  -32.604 0.0000000000
27979  -15.855  -58.111  -32.450 0.0000000000
153844  -15.167  -57.360  -32.009 0.0000000000
29026  -14.453  -56.720  -31.394 0.0000000000
21371  -4.538  -63.816  -27.037 0.0000000000
21329  -3.841  -63.528  -24.776 0.0000000000
21307  -3.957  -63.187  -24.061 0.0000000000
21328  -2.794  -64.140  -24.790 0.0000000000
21306  -2.999  -63.558  -24.107 0.0000000000
22452  -3.256  -62.852  -23.644 0.0000000000
23538  -2.934  -61.475  -22.887 0.0000000000
24628  -2.672  -60.494  -22.740 0.0000000000
149209  -2.399  -59.733  -22.824 0.0000000000
20282  -0.981  -64.941  -27.040 0.0000000000
21369  -1.066  -64.260  -26.701 0.0000000000
22476  -1.276  -62.793  -25.025 0.0000000000
23598  -1.588  -61.489  -27.132 0.0000000000
23584  -1.595  -61.720  -25.904 0.0000000000
23571  -1.453  -61.852  -24.707 0.0000000000
24644  -1.597  -60.593  -23.665 0.0000000000
24626  -1.797  -60.143  -23.077 0.0000000000
26817  -2.180  -58.394  -23.315 0.0000000000
26834  -1.826  -57.891  -23.777 0.0000000000
27887  -1.891  -56.660  -24.886 0.0000000000
28934  -1.836  -56.282  -25.783 0.0000000000
154007  -1.666  -57.549  -26.309 0.0000000000
28947  -1.720  -56.737  -26.509 0.0000000000
165870  -1.753  -55.978  -26.719 0.0000000000
143125  0.467  -79.622  -54.873 0.0000000000
5646  1.186  -79.616  -54.501 0.0000000000
6471  0.256  -78.856  -54.685 0.0000000000
2577  -18.865  -82.654  -57.118 0.0000000000
137748  -19.547  -83.867  -59.060 0.0000000000
2587  -19.565  -82.011  -58.011 0.0000000000
148392  -20.252  -81.546  -58.833 0.0000000000
149255  -23.152  -45.114  -35.752 0.0000000000
40979  -22.278  -45.461  -35.640 0.0000000000
40040  -22.657  -46.269  -35.420 0.0000000000
40038  -20.927  -46.337  -35.250 0.0000000000
39129  -19.676  -47.197  -35.092 0.0000000000
39110  -17.684  -47.696  -34.780 0.0000000000
20235  -11.523  -64.770  -23.958 0.0000000000
139740  -11.706  -65.248  -24.603 0.0000000000
20247  -11.981  -65.310  -25.314 0.0000000000
19165  -11.665  -65.893  -25.799 0.0000000000
18018  -10.508  -66.713  -25.806 0.0000000000
18030  -11.172  -66.343  -26.273 0.0000000000
19175  -11.530  -65.774  -26.448 0.0000000000
19190  -11.197  -65.576  -26.966 0.0000000000
20286  -10.865  -65.274  -27.437 0.0000000000
146912  -10.453  -65.173  -28.188 0.0000000000
15794  -7.997  -68.174  -29.554 0.0000000000
16847  -7.604  -67.474  -29.286 0.0000000000
18074  -8.107  -66.740  -29.807 0.0000000000
16864  -8.776  -67.232  -30.726 0.0000000000
151139  -8.458  -66.794  -30.392 0.0000000000
18076  -9.091  -65.905  -29.501 0.0000000000
20296  -9.855  -64.887  -29.016 0.0000000000
20295  -9.930  -64.530  -28.290 0.0000000000
21392  -9.154  -64.082  -28.441 0.0000000000
21391  -8.406  -63.736  -28.714 0.0000000000
142891  -8.408  -63.959  -31.351 0.0000000000
21402  -8.038  -63.593  -29.713 0.0000000000
21390  -7.582  -63.538  -28.817 0.0000000000
21389  -6.670  -63.501  -28.737 0.0000000000
21400  -6.279  -63.593  -29.472 0.0000000000
20294  -5.244  -64.023  -29.004 0.0000000000
11629  -12.623  -72.185  -31.888 0.0000000000
12640  -13.537  -71.926  -32.352 0.0000000000
12631  -14.169  -71.159  -32.172 0.0000000000
12642  -14.561  -70.759  -33.661 0.0000000000
146276  -14.632  -70.784  -32.865 0.0000000000
14739  -14.452  -69.584  -32.144 0.0000000000
154490  -13.863  -68.171  -32.839 0.0000000000
16923  -12.981  -67.448  -33.376 0.0000000000
161934  -11.757  -67.476  -33.951 0.0000000000
12679  -11.003  -71.200  -35.359 0.0000000000
13695  -11.503  -70.825  -34.959 0.0000000000
13682  -10.808  -70.388  -34.354 0.0000000000
13671  -9.270  -70.468  -33.774 0.0000000000
13672  -10.045  -70.262  -33.907 0.0000000000
14763  -11.474  -69.475  -34.285 0.0000000000
15864  -11.036  -68.778  -34.069 0.0000000000
16936  -10.946  -67.790  -34.046 0.0000000000
16921  -10.371  -66.981  -33.874 0.0000000000
18137  -9.886  -66.231  -33.587 0.0000000000
18136  -8.926  -66.303  -33.542 0.0000000000
18121  -7.487  -66.198  -32.756 0.0000000000
16903  -6.954  -67.206  -32.399 0.0000000000
18105  -6.744  -66.416  -31.994 0.0000000000
152020  -7.179  -65.409  -32.222 0.0000000000
19211  -5.384  -64.933  -30.029 0.0000000000
20301  -5.106  -64.755  -29.302 0.0000000000
20293  -4.672  -64.598  -28.497 0.0000000000
19202  -4.390  -65.550  -28.059 0.0000000000
18041  -4.009  -66.248  -27.356 0.0000000000
139093  -4.782  -67.416  -29.460 0.0000000000
16862  -4.225  -67.470  -28.791 0.0000000000
18060  -3.520  -66.893  -27.575 0.0000000000
16831  -2.566  -67.190  -27.580 0.0000000000
18059  -1.374  -67.054  -27.918 0.0000000000
16843  -1.006  -67.494  -28.614 0.0000000000
13656  -3.777  -70.269  -32.741 0.0000000000
14735  -2.224  -70.220  -31.892 0.0000000000
14722  -1.679  -69.893  -31.159 0.0000000000
13653  -0.604  -70.450  -32.606 0.0000000000
14734  -0.944  -70.291  -31.723 0.0000000000
14717  -1.097  -69.402  -30.526 0.0000000000
15804  -0.555  -68.571  -30.149 0.0000000000
16859  -0.644  -67.405  -29.453 0.0000000000
18086  -0.902  -66.712  -29.691 0.0000000000
18103  -1.674  -66.489  -31.047 0.0000000000
138215  -2.263  -66.408  -31.769 0.0000000000
16915  -1.388  -67.729  -32.819 0.0000000000
5493  -9.257  -79.032  -43.741 0.0000000000
6331  -9.898  -78.557  -43.209 0.0000000000
147484  -10.250  -79.492  -44.480 0.0000000000
5525  -11.099  -79.210  -45.377 0.0000000000
6385  -11.634  -78.152  -46.552 0.0000000000
5567  -11.123  -79.510  -47.697 0.0000000000
6402  -11.101  -78.219  -47.665 0.0000000000
7219  -10.852  -76.979  -47.967 0.0000000000
8117  -9.669  -76.738  -48.944 0.0000000000
7231  -8.607  -76.862  -49.305 0.0000000000
7239  -7.927  -77.145  -49.803 0.0000000000
4281  -11.229  -80.724  -49.352 0.0000000000
142277  -10.165  -79.886  -49.942 0.0000000000
5597  -9.650  -79.161  -50.812 0.0000000000
5628  -8.985  -79.453  -52.352 0.0000000000
6444  -8.885  -78.461  -51.325 0.0000000000
6429  -9.257  -78.219  -50.625 0.0000000000
7260  -8.007  -77.482  -51.073 0.0000000000
6427  -7.629  -77.447  -50.673 0.0000000000
5595  -5.409  -79.283  -50.966 0.0000000000
146651  -4.309  -80.186  -51.501 0.0000000000
4294  -2.967  -81.082  -51.730 0.0000000000
4306  -4.160  -81.206  -52.814 0.0000000000
4305  -3.304  -81.475  -52.618 0.0000000000
4304  -2.451  -81.762  -52.434 0.0000000000
3738  -1.011  -82.794  -52.658 0.0000000000
3119  0.242  -83.223  -52.982 0.0000000000
164072  0.512  -82.514  -53.982 0.0000000000
2540  -12.262  -83.976  -55.150 0.0000000000
3768  -12.477  -82.958  -55.926 0.0000000000
3766  -11.111  -82.270  -56.092 0.0000000000
3774  -10.903  -82.331  -57.182 0.0000000000
3765  -10.107  -82.084  -56.226 0.0000000000
4344  -10.538  -81.912  -55.346 0.0000000000
4342  -8.559  -81.481  -55.660 0.0000000000
4341  -7.651  -81.499  -55.648 0.0000000000
4340  -6.786  -81.668  -55.492 0.0000000000
3791  -5.802  -82.658  -59.435 0.0000000000
3185  -5.393  -83.173  -59.076 0.0000000000
3166  -5.457  -83.904  -58.041 0.0000000000
3785  -3.762  -82.686  -58.363 0.0000000000
145904  -4.352  -83.533  -58.134 0.0000000000
3770  -5.774  -83.259  -56.472 0.0000000000
3761  -5.494  -82.746  -55.664 0.0000000000
4339  -6.001  -82.005  -55.179 0.0000000000
165343  -4.000  -83.455  -55.247 0.0000000000
3753  -3.462  -83.302  -54.664 0.0000000000
152690  -1.925  -84.181  -55.123 0.0000000000
3153  -1.465  -83.037  -56.297 0.0000000000
3145  -1.014  -83.284  -55.529 0.0000000000
159243  -0.878  -83.469  -55.043 0.0000000000
3758  -0.008  -82.356  -55.084 0.0000000000
3751  0.650  -81.953  -54.545 0.0000000000
4336  0.998  -80.991  -55.015 0.0000000000
5648  -0.748  -79.766  -54.659 0.0000000000
6462  -1.777  -78.888  -53.652 0.0000000000
6472  -3.108  -79.055  -54.166 0.0000000000
137355  -19.046  -84.198  -60.355 0.0000000000
2598  -18.126  -83.942  -60.912 0.0000000000
3218  -17.200  -82.532  -61.654 0.0000000000
3813  -17.735  -82.038  -61.852 0.0000000000
3812  -16.587  -82.054  -62.073 0.0000000000
4411  -15.323  -81.382  -63.077 0.0000000000
29032  -22.485  -55.787  -31.970 0.0000000000
30071  -22.178  -55.026  -31.454 0.0000000000
31077  -21.629  -54.753  -31.385 0.0000000000
31075  -19.895  -54.340  -30.810 0.0000000000
31074  -18.956  -54.179  -30.878 0.0000000000
31073  -18.004  -54.348  -30.843 0.0000000000
31050  -16.986  -53.643  -29.737 0.0000000000
31049  -16.230  -54.495  -29.835 0.0000000000
30019  -15.742  -55.639  -29.629 0.0000000000
28971  -14.793  -56.767  -28.796 0.0000000000
31020  -14.235  -54.344  -28.079 0.0000000000
31006  -12.730  -54.571  -26.849 0.0000000000
31019  -13.482  -54.187  -27.385 0.0000000000
27915  -14.154  -57.897  -28.103 0.0000000000
25795  -13.171  -59.203  -26.786 0.0000000000
26855  -11.854  -58.576  -26.056 0.0000000000
25778  -12.235  -59.563  -25.770 0.0000000000
24666  -12.638  -60.444  -25.509 0.0000000000
24650  -12.306  -60.882  -24.872 0.0000000000
23542  -12.053  -62.155  -23.888 0.0000000000
29943  -10.148  -54.824  -23.544 0.0000000000
29958  -9.560  -55.259  -24.186 0.0000000000
28924  -9.378  -56.105  -24.633 0.0000000000
27843  -6.412  -56.651  -21.531 0.0000000000
28876  -6.465  -56.672  -22.279 0.0000000000
152464  -6.152  -58.492  -22.633 0.0000000000
26804  -6.371  -57.877  -22.782 0.0000000000
27865  -7.236  -57.079  -23.366 0.0000000000
27877  -8.510  -57.184  -24.278 0.0000000000
27878  -9.261  -57.778  -24.695 0.0000000000
25760  -9.826  -59.206  -24.376 0.0000000000
24632  -10.412  -60.635  -23.832 0.0000000000
24615  -9.220  -60.703  -23.007 0.0000000000
24616  -9.994  -61.054  -23.320 0.0000000000
23540  -10.747  -61.345  -23.574 0.0000000000
22434  -11.063  -62.074  -23.332 0.0000000000
22435  -11.556  -62.856  -23.441 0.0000000000
20218  -11.059  -64.296  -23.337 0.0000000000
19146  -10.492  -65.869  -23.642 0.0000000000
17997  -9.893  -66.474  -24.046 0.0000000000
19131  -9.497  -65.616  -22.505 0.0000000000
17996  -8.899  -66.456  -23.705 0.0000000000
18006  -9.172  -66.673  -24.703 0.0000000000
18016  -8.219  -66.534  -25.680 0.0000000000
142025  -6.919  -66.354  -26.373 0.0000000000
16823  -6.470  -67.023  -27.234 0.0000000000
19107  -7.001  -65.579  -20.664 0.0000000000
159733  -6.797  -65.607  -21.642 0.0000000000
19144  -6.114  -64.943  -23.935 0.0000000000
17994  -4.940  -65.548  -24.631 0.0000000000
19153  -5.695  -65.304  -24.645 0.0000000000
143310  -6.429  -65.410  -24.660 0.0000000000
16815  -5.800  -66.389  -25.952 0.0000000000
15757  -6.879  -67.951  -26.310 0.0000000000
15758  -8.032  -69.039  -26.252 0.0000000000
14675  -8.914  -69.651  -26.707 0.0000000000
14660  -9.149  -70.544  -26.553 0.0000000000
12558  -10.001  -71.203  -27.645 0.0000000000
12547  -8.299  -71.053  -26.399 0.0000000000
12556  -8.651  -71.392  -27.252 0.0000000000
12570  -9.850  -71.463  -28.205 0.0000000000
12589  -9.318  -71.550  -29.336 0.0000000000
153289  -9.639  -71.607  -30.386 0.0000000000
12627  -9.089  -71.946  -31.012 0.0000000000
151617  -1.496  -65.328  -18.568 0.0000000000
17942  -1.577  -65.855  -19.624 0.0000000000
158926  -1.570  -66.282  -20.956 0.0000000000
160389  -0.213  -67.894  -21.174 0.0000000000
16763  -0.797  -67.303  -21.310 0.0000000000
16776  -1.135  -67.145  -22.115 0.0000000000
15724  -1.669  -68.017  -24.458 0.0000000000
162099  -1.030  -70.883  -23.808 0.0000000000
13549  0.359  -70.060  -25.217 0.0000000000
147191  0.264  -69.375  -25.037 0.0000000000
14669  -0.327  -69.832  -27.232 0.0000000000
151863  -0.298  -69.454  -26.439 0.0000000000
14640  -0.280  -68.956  -25.628 0.0000000000
14653  -1.258  -68.846  -26.308 0.0000000000
15755  -2.325  -68.525  -25.935 0.0000000000
15756  -3.598  -68.646  -26.161 0.0000000000
163340  -4.138  -69.052  -27.345 0.0000000000
13599  -5.184  -69.559  -28.297 0.0000000000
13600  -5.918  -69.833  -28.464 0.0000000000
13617  -4.476  -70.139  -29.605 0.0000000000
13618  -5.600  -70.018  -29.447 0.0000000000
13619  -6.497  -70.522  -29.813 0.0000000000
12611  -7.508  -71.451  -30.547 0.0000000000
12626  -8.056  -71.953  -30.829 0.0000000000
154949  -9.348  -72.985  -31.057 0.0000000000
10635  -8.750  -74.006  -31.110 0.0000000000
9683  -9.362  -74.505  -31.838 0.0000000000
9703  -8.375  -74.898  -31.940 0.0000000000
9681  -6.748  -74.540  -31.282 0.0000000000
9702  -7.277  -75.098  -31.858 0.0000000000
9722  -8.515  -75.131  -33.025 0.0000000000
8846  -7.916  -75.265  -33.678 0.0000000000
8865  -7.367  -75.363  -34.994 0.0000000000
8864  -6.642  -75.647  -35.437 0.0000000000
10654  -3.168  -73.719  -32.489 0.0000000000
9698  -3.532  -74.691  -32.658 0.0000000000
8822  -4.114  -75.482  -32.621 0.0000000000
7911  -2.923  -76.090  -33.702 0.0000000000
7912  -3.687  -76.451  -33.547 0.0000000000
8843  -5.274  -76.103  -33.375 0.0000000000
7926  -5.202  -76.387  -34.398 0.0000000000
7927  -5.884  -75.968  -34.999 0.0000000000
8872  -6.716  -75.645  -36.308 0.0000000000
8883  -6.832  -75.728  -37.143 0.0000000000
143659  -6.368  -76.275  -38.458 0.0000000000
7972  -6.609  -76.486  -39.193 0.0000000000
7102  -4.924  -76.860  -37.962 0.0000000000
7971  -5.809  -76.635  -39.027 0.0000000000
7981  -6.967  -76.777  -39.941 0.0000000000
7125  -7.326  -77.136  -40.682 0.0000000000
7139  -6.720  -77.469  -41.285 0.0000000000
6292  -7.084  -77.901  -41.983 0.0000000000
7871  -3.163  -76.636  -29.686 0.0000000000
6174  -2.377  -77.993  -30.475 0.0000000000
7025  -2.769  -77.381  -30.607 0.0000000000
7037  -2.044  -78.011  -31.729 0.0000000000
7036  -1.184  -77.745  -32.084 0.0000000000
6200  0.042  -78.495  -32.903 0.0000000000
5382  -0.350  -79.690  -33.313 0.0000000000
6210  0.259  -79.003  -33.520 0.0000000000
6209  1.467  -78.101  -33.859 0.0000000000
147301  2.042  -77.735  -34.975 0.0000000000
7070  2.081  -76.931  -35.853 0.0000000000
7083  1.133  -76.948  -37.067 0.0000000000
143740  0.396  -83.075  -36.158 0.0000000000
3585  0.289  -82.226  -36.746 0.0000000000
4129  0.373  -81.270  -37.173 0.0000000000
4153  0.732  -81.451  -38.936 0.0000000000
162912  0.679  -80.920  -38.016 0.0000000000
4742  1.139  -79.821  -37.263 0.0000000000
5427  1.379  -79.281  -37.890 0.0000000000
6250  0.684  -78.169  -38.101 0.0000000000
6251  -0.031  -78.009  -37.696 0.0000000000
6252  -1.224  -78.753  -37.635 0.0000000000
144599  -2.823  -78.882  -38.911 0.0000000000
6276  -3.391  -78.457  -39.616 0.0000000000
5456  -2.265  -79.110  -40.637 0.0000000000
6288  -3.567  -78.361  -41.544 0.0000000000
6289  -4.293  -77.968  -41.488 0.0000000000
6290  -5.227  -77.854  -41.730 0.0000000000
6311  -6.476  -78.333  -42.525 0.0000000000
6329  -7.541  -78.737  -43.205 0.0000000000
5492  -8.231  -78.996  -43.609 0.0000000000
4830  -8.237  -79.981  -44.906 0.0000000000
4828  -6.290  -79.947  -44.985 0.0000000000
4845  -7.835  -80.503  -45.457 0.0000000000
4863  -8.464  -81.115  -45.915 0.0000000000
4261  -9.196  -81.778  -46.266 0.0000000000
4271  -8.816  -82.351  -46.801 0.0000000000
3708  -9.617  -82.870  -47.423 0.0000000000
4237  -2.423  -80.935  -45.650 0.0000000000
4238  -3.069  -80.915  -45.860 0.0000000000
4256  -4.275  -81.480  -46.714 0.0000000000
4267  -4.065  -82.174  -47.361 0.0000000000
150706  -4.891  -82.032  -47.264 0.0000000000
4268  -5.790  -81.983  -47.226 0.0000000000
3706  -7.317  -82.777  -47.451 0.0000000000
3063  -8.818  -83.396  -47.811 0.0000000000
3092  -9.548  -83.569  -49.177 0.0000000000
3101  -9.104  -83.811  -50.011 0.0000000000
149846  -8.581  -83.786  -50.782 0.0000000000
3099  -6.760  -83.888  -50.607 0.0000000000
3100  -7.642  -83.831  -50.710 0.0000000000
3109  -9.027  -83.728  -51.698 0.0000000000
146725  -9.063  -83.785  -52.664 0.0000000000
3126  -9.088  -83.882  -53.375 0.0000000000
3140  -8.594  -83.874  -53.990 0.0000000000
2461  1.687  -84.443  -45.767 0.0000000000
2490  1.214  -84.267  -47.502 0.0000000000
1588  0.501  -85.830  -47.559 0.0000000000
2012  0.973  -84.918  -47.989 0.0000000000
2496  1.099  -84.284  -48.229 0.0000000000
2504  0.302  -84.396  -49.641 0.0000000000
165829  -0.118  -84.211  -50.167 0.0000000000
2508  -0.650  -84.378  -50.824 0.0000000000
1167  -1.433  -87.046  -49.438 0.0000000000
1173  -2.230  -87.316  -50.681 0.0000000000
1602  -1.267  -87.049  -51.001 0.0000000000
1605  -0.743  -86.181  -51.101 0.0000000000
2029  -0.581  -85.296  -51.309 0.0000000000
2512  -0.833  -84.674  -51.781 0.0000000000
161110  -2.301  -84.163  -51.467 0.0000000000
2514  -2.692  -84.254  -52.060 0.0000000000
2519  -3.330  -84.356  -52.820 0.0000000000
2520  -4.441  -84.094  -53.163 0.0000000000
2037  -3.492  -85.231  -54.462 0.0000000000
2525  -4.170  -84.546  -54.065 0.0000000000
3123  -5.542  -83.795  -53.109 0.0000000000
3138  -6.833  -83.735  -53.858 0.0000000000
3139  -7.623  -83.768  -54.035 0.0000000000
2535  -8.125  -83.987  -54.717 0.0000000000
166083  -8.635  -84.296  -55.210 0.0000000000
2554  -7.899  -84.860  -56.585 0.0000000000
2054  -7.367  -85.410  -57.023 0.0000000000
1634  -6.457  -86.251  -56.606 0.0000000000
1643  -7.071  -85.940  -57.253 0.0000000000
2059  -7.898  -85.666  -57.684 0.0000000000
1247  -8.393  -86.388  -58.062 0.0000000000
1238  -8.773  -87.219  -57.521 0.0000000000
1239  -9.775  -87.321  -57.804 0.0000000000
149612  -7.732  -87.996  -52.749 0.0000000000
845  -8.387  -88.173  -53.496 0.0000000000
860  -8.197  -88.283  -54.453 0.0000000000
846  -9.769  -88.213  -53.448 0.0000000000
862  -9.627  -88.200  -54.555 0.0000000000
878  -9.657  -88.210  -55.494 0.0000000000
887  -9.997  -88.171  -56.292 0.0000000000
893  -10.378  -87.967  -57.077 0.0000000000
1241  -11.677  -87.354  -57.601 0.0000000000
1242  -12.543  -87.208  -57.586 0.0000000000
1251  -13.395  -87.101  -57.958 0.0000000000
1252  -14.123  -86.640  -58.152 0.0000000000
152321  -13.669  -87.801  -55.840 0.0000000000
1228  -14.685  -87.299  -56.490 0.0000000000
140874  -14.828  -86.734  -57.779 0.0000000000
1658  -16.605  -86.257  -57.973 0.0000000000
135866  -17.591  -85.980  -57.240 0.0000000000
135860  -17.941  -85.602  -57.596 0.0000000000
154724  -12.667  -85.219  -49.707 0.0000000000
154146  -13.465  -84.946  -50.452 0.0000000000
541  -14.605  -84.725  -49.493 0.0000000000
151590  -14.092  -84.441  -50.428 0.0000000000
557  -14.002  -84.791  -51.062 0.0000000000
835  -14.409  -85.319  -52.318 0.0000000000
851  -15.203  -85.031  -53.220 0.0000000000
1200  -15.788  -84.842  -54.343 0.0000000000
853  -17.063  -87.774  -53.868 0.0000000000
154454  -17.625  -85.394  -54.364 0.0000000000
149304  -16.528  -84.442  -55.071 0.0000000000
1231  -16.676  -84.582  -55.446 0.0000000000
147767  -17.336  -83.912  -55.709 0.0000000000
135863  -18.278  -82.859  -56.084 0.0000000000
137841  -18.730  -82.531  -55.529 0.0000000000
2070  -20.232  -82.664  -55.391 0.0000000000
2071  -21.149  -83.732  -56.731 0.0000000000
1650  -21.011  -85.988  -57.399 0.0000000000
2064  -21.669  -85.502  -57.656 0.0000000000
2572  -21.654  -83.292  -57.332 0.0000000000
34583  -29.583  -51.617  -35.203 0.0000000000
34582  -29.044  -51.294  -35.619 0.0000000000
30069  -19.955  -54.904  -32.254 0.0000000000
30087  -21.435  -55.255  -33.237 0.0000000000
29075  -22.606  -55.956  -34.167 0.0000000000
27999  -20.035  -57.777  -34.457 0.0000000000
165572  -21.158  -57.312  -35.108 0.0000000000
29091  -21.396  -56.851  -35.443 0.0000000000
29108  -23.655  -56.107  -35.619 0.0000000000
29125  -25.168  -56.034  -36.198 0.0000000000
30165  -25.602  -55.418  -36.365 0.0000000000
31218  -27.057  -54.520  -36.522 0.0000000000
31217  -25.205  -54.582  -36.341 0.0000000000
32338  -26.641  -53.754  -36.515 0.0000000000
34604  -28.487  -51.838  -36.045 0.0000000000
35800  -28.239  -50.963  -35.915 0.0000000000
35799  -27.320  -50.557  -36.166 0.0000000000
145708  -25.646  -51.273  -36.502 0.0000000000
35798  -25.285  -50.521  -36.485 0.0000000000
36968  -25.735  -49.765  -36.377 0.0000000000
36967  -24.853  -49.763  -36.454 0.0000000000
160746  -23.695  -49.181  -36.247 0.0000000000
32293  -21.478  -53.180  -34.782 0.0000000000
33418  -22.076  -52.630  -34.870 0.0000000000
34559  -22.242  -51.826  -35.047 0.0000000000
165875  -21.618  -51.466  -34.775 0.0000000000
34580  -22.615  -51.098  -35.528 0.0000000000
35779  -22.932  -50.410  -35.902 0.0000000000
36953  -22.547  -49.663  -35.743 0.0000000000
151805  -23.032  -48.956  -35.967 0.0000000000
38107  -22.136  -48.747  -35.405 0.0000000000
38089  -20.604  -48.394  -34.826 0.0000000000
36940  -19.609  -49.362  -34.160 0.0000000000
38088  -19.820  -48.553  -34.544 0.0000000000
39112  -19.330  -47.897  -34.703 0.0000000000
38085  -16.981  -48.374  -34.712 0.0000000000
21310  -13.133  -63.302  -25.077 0.0000000000
21337  -13.280  -63.299  -25.831 0.0000000000
21357  -13.302  -63.056  -26.467 0.0000000000
22518  -13.423  -62.300  -27.631 0.0000000000
22531  -13.095  -61.986  -27.993 0.0000000000
21335  -10.296  -63.579  -25.708 0.0000000000
22498  -10.991  -63.413  -25.706 0.0000000000
23587  -11.424  -62.458  -26.214 0.0000000000
23600  -12.076  -61.854  -27.319 0.0000000000
166191  -13.045  -60.781  -29.287 0.0000000000
151462  -13.123  -60.223  -29.677 0.0000000000
157468  -12.701  -58.735  -29.656 0.0000000000
21350  -5.168  -63.476  -26.422 0.0000000000
21308  -5.977  -63.144  -24.802 0.0000000000
22455  -6.630  -62.683  -24.770 0.0000000000
23556  -5.406  -62.173  -24.080 0.0000000000
140569  -6.099  -62.276  -24.519 0.0000000000
23557  -6.764  -61.918  -24.706 0.0000000000
24678  -7.835  -59.726  -26.069 0.0000000000
25792  -8.458  -59.368  -26.455 0.0000000000
26850  -4.582  -57.846  -24.671 0.0000000000
26851  -5.155  -58.643  -25.113 0.0000000000
26852  -5.876  -58.626  -25.795 0.0000000000
152096  -6.594  -57.148  -26.228 0.0000000000
27900  -7.009  -57.723  -26.395 0.0000000000
26870  -6.694  -58.545  -26.197 0.0000000000
26871  -7.578  -58.418  -26.470 0.0000000000
26872  -8.330  -58.682  -26.606 0.0000000000
26873  -9.011  -58.907  -26.769 0.0000000000
26884  -9.532  -58.392  -27.119 0.0000000000
27925  -11.802  -57.224  -28.709 0.0000000000
28970  -11.502  -56.414  -28.473 0.0000000000
28988  -12.107  -56.668  -28.960 0.0000000000
29008  -13.172  -56.612  -30.077 0.0000000000
30066  -14.623  -55.672  -31.502 0.0000000000
142005  -14.771  -54.800  -31.600 0.0000000000
31072  -14.225  -54.020  -30.966 0.0000000000
31108  -15.010  -53.794  -31.508 0.0000000000
33369  -16.288  -52.495  -32.125 0.0000000000
34535  -16.478  -52.129  -32.739 0.0000000000
33308  -11.754  -52.821  -28.664 0.0000000000
164438  -13.177  -52.590  -28.888 0.0000000000
33326  -14.518  -51.898  -29.267 0.0000000000
34484  -13.151  -51.420  -29.473 0.0000000000
34486  -14.746  -51.362  -29.396 0.0000000000
33327  -15.164  -51.638  -29.710 0.0000000000
34521  -16.006  -51.950  -31.847 0.0000000000
34545  -16.481  -51.514  -33.377 0.0000000000
35753  -16.615  -50.697  -33.830 0.0000000000
36925  -16.914  -49.885  -34.163 0.0000000000
35751  -14.631  -50.920  -33.249 0.0000000000
36924  -15.968  -50.130  -34.242 0.0000000000
36937  -16.368  -49.218  -34.626 0.0000000000
164480  -16.293  -48.575  -34.865 0.0000000000
38105  -16.156  -47.975  -35.110 0.0000000000
38104  -15.193  -48.140  -35.386 0.0000000000
39108  -13.361  -48.109  -35.343 0.0000000000
38081  -12.709  -48.632  -34.758 0.0000000000
158787  -13.223  -47.372  -35.499 0.0000000000
39107  -12.489  -47.621  -35.054 0.0000000000
40019  -12.081  -46.641  -34.847 0.0000000000
35739  -9.266  -49.766  -32.150 0.0000000000
36904  -8.825  -49.177  -32.533 0.0000000000
38059  -9.254  -48.605  -32.973 0.0000000000
38057  -7.517  -48.629  -32.988 0.0000000000
38058  -8.293  -48.512  -32.952 0.0000000000
38069  -9.686  -48.075  -33.362 0.0000000000
39098  -9.194  -47.328  -33.738 0.0000000000
40013  -9.664  -46.528  -33.823 0.0000000000
6332  -10.763  -78.487  -43.440 0.0000000000
6333  -11.991  -77.523  -43.888 0.0000000000
8032  -12.130  -76.760  -43.684 0.0000000000
8056  -11.086  -76.415  -45.615 0.0000000000
8042  -11.545  -76.506  -44.900 0.0000000000
139027  -11.518  -76.321  -43.998 0.0000000000
8029  -9.905  -76.379  -43.600 0.0000000000
8947  -9.192  -76.142  -43.068 0.0000000000
8946  -8.061  -76.128  -42.869 0.0000000000
6407  -6.798  -78.674  -48.313 0.0000000000
6400  -6.460  -78.727  -47.303 0.0000000000
158446  -6.899  -78.070  -45.994 0.0000000000
6380  -5.138  -78.670  -46.418 0.0000000000
6360  -6.126  -77.979  -45.516 0.0000000000
152301  -6.876  -77.603  -45.128 0.0000000000
161862  -7.108  -77.230  -44.488 0.0000000000
8027  -7.393  -76.522  -43.433 0.0000000000
8945  -7.038  -75.981  -42.729 0.0000000000
8933  -6.370  -75.484  -42.298 0.0000000000
8932  -5.432  -75.628  -42.454 0.0000000000
8919  -4.895  -74.799  -41.846 0.0000000000
8023  -3.768  -76.722  -43.348 0.0000000000
8930  -3.559  -75.625  -42.241 0.0000000000
162994  -3.665  -74.565  -41.447 0.0000000000
9801  -3.532  -74.326  -41.048 0.0000000000
8911  -3.107  -74.991  -40.594 0.0000000000
146485  -2.464  -75.687  -40.020 0.0000000000
5637  1.617  -79.896  -53.694 0.0000000000
4917  2.608  -81.093  -52.109 0.0000000000
4904  3.037  -80.995  -51.350 0.0000000000
6440  2.398  -79.122  -51.973 0.0000000000
5609  2.806  -80.225  -51.271 0.0000000000
4277  2.621  -81.100  -49.792 0.0000000000
4885  1.975  -80.994  -48.990 0.0000000000
4870  1.527  -80.157  -47.666 0.0000000000
160837  1.532  -79.771  -46.935 0.0000000000
8130  0.881  -76.982  -50.810 0.0000000000
7237  2.195  -77.892  -49.946 0.0000000000
8082  1.872  -76.837  -47.737 0.0000000000
7216  2.270  -77.515  -48.160 0.0000000000
6406  3.030  -78.928  -48.471 0.0000000000
5555  2.996  -79.151  -47.234 0.0000000000
5542  2.209  -79.425  -46.498 0.0000000000
144443  0.229  -79.284  -45.613 0.0000000000
5522  0.725  -79.076  -44.950 0.0000000000
6325  -0.339  -78.266  -43.508 0.0000000000
7162  -0.502  -77.817  -42.709 0.0000000000
6305  1.999  -77.679  -42.496 0.0000000000
7154  0.465  -77.779  -42.101 0.0000000000
7135  -0.027  -77.401  -41.414 0.0000000000
8002  -0.477  -77.072  -40.765 0.0000000000
7980  -1.488  -76.327  -39.898 0.0000000000
8890  -1.612  -75.549  -38.416 0.0000000000
8881  -1.004  -75.032  -37.936 0.0000000000
9763  -0.706  -74.316  -38.009 0.0000000000
10734  -0.132  -73.683  -38.596 0.0000000000
143902  0.981  -73.786  -39.731 0.0000000000
10752  -0.394  -72.915  -39.233 0.0000000000
11705  -0.864  -73.164  -38.398 0.0000000000
12720  -1.664  -71.786  -38.089 0.0000000000
13730  -1.736  -70.832  -38.331 0.0000000000
14808  -1.161  -69.928  -38.420 0.0000000000
11761  0.310  -72.413  -43.539 0.0000000000
151976  0.495  -71.496  -43.375 0.0000000000
13764  0.835  -70.435  -42.395 0.0000000000
160235  0.202  -69.262  -42.256 0.0000000000
146491  0.085  -69.769  -41.290 0.0000000000
14828  -0.352  -69.275  -40.644 0.0000000000
14815  -0.626  -69.056  -39.602 0.0000000000
14793  -0.650  -69.129  -37.723 0.0000000000
524  -12.885  -84.202  -48.614 0.0000000000
533  -6.963  -87.612  -49.715 0.0000000000
550  -7.272  -87.771  -50.479 0.0000000000
553  -10.212  -89.471  -51.174 0.0000000000
567  -10.534  -89.383  -51.968 0.0000000000
568  -11.297  -89.348  -52.141 0.0000000000
576  -11.512  -89.089  -52.742 0.0000000000
577  -12.604  -88.634  -52.583 0.0000000000
805  -2.955  -87.061  -49.980 0.0000000000
806  -3.549  -87.157  -49.742 0.0000000000
814  -3.136  -87.223  -50.560 0.0000000000
815  -3.610  -87.141  -51.019 0.0000000000
817  -5.999  -87.256  -51.059 0.0000000000
820  -14.189  -84.857  -51.314 0.0000000000
827  -3.974  -87.562  -51.888 0.0000000000
837  -17.261  -85.986  -52.896 0.0000000000
838  -20.470  -88.104  -52.352 0.0000000000
844  -5.612  -88.088  -52.919 0.0000000000
847  -10.630  -88.388  -53.468 0.0000000000
850  -13.949  -87.388  -53.284 0.0000000000
852  -16.265  -85.018  -53.446 0.0000000000
854  -19.908  -88.251  -53.234 0.0000000000
861  -8.913  -88.230  -54.940 0.0000000000
867  -15.042  -85.481  -53.680 0.0000000000
869  -16.671  -85.576  -53.988 0.0000000000
870  -17.815  -87.535  -54.402 0.0000000000
877  -8.898  -88.203  -55.702 0.0000000000
883  -14.584  -87.500  -55.335 0.0000000000
890  -12.859  -87.487  -56.546 0.0000000000
891  -8.859  -87.663  -56.768 0.0000000000
895  -12.137  -87.491  -56.929 0.0000000000
896  -13.204  -87.197  -57.165 0.0000000000
1074  0.129  -87.184  -38.585 0.0000000000
1083  0.655  -87.113  -40.242 0.0000000000
1084  -0.180  -87.424  -39.940 0.0000000000
1097  0.623  -87.134  -41.173 0.0000000000
1108  0.569  -87.034  -42.067 0.0000000000
1171  -0.908  -86.780  -50.299 0.0000000000
1172  -1.625  -87.122  -50.227 0.0000000000
1181  -1.867  -86.904  -52.266 0.0000000000
1197  -4.013  -87.258  -54.271 0.0000000000
1198  -5.452  -87.481  -54.567 0.0000000000
1208  -4.970  -86.941  -55.164 0.0000000000
1210  -6.673  -87.433  -55.591 0.0000000000
1214  -16.040  -84.904  -54.827 0.0000000000
1225  -7.644  -87.210  -56.694 0.0000000000
1230  -16.265  -84.889  -55.169 0.0000000000
1232  -17.631  -85.313  -56.058 0.0000000000
1233  -18.962  -86.200  -56.106 0.0000000000
1237  -7.942  -86.816  -57.375 0.0000000000
1240  -10.786  -87.451  -57.708 0.0000000000
1243  -14.175  -87.107  -57.364 0.0000000000
1245  -16.288  -86.945  -56.515 0.0000000000
1249  -11.283  -87.205  -58.427 0.0000000000
1250  -12.697  -87.046  -58.391 0.0000000000
1253  -15.786  -86.608  -57.706 0.0000000000
1254  -10.095  -86.600  -59.130 0.0000000000
1255  -10.776  -86.949  -59.166 0.0000000000
1256  -11.452  -86.977  -59.144 0.0000000000
1258  -13.369  -86.498  -58.670 0.0000000000
1520  1.741  -86.168  -42.253 0.0000000000
1522  0.104  -86.976  -42.108 0.0000000000
1535  1.237  -86.531  -42.577 0.0000000000
1536  0.687  -86.612  -42.732 0.0000000000
1592  0.328  -86.191  -48.232 0.0000000000
1600  0.085  -85.435  -50.194 0.0000000000
1601  -0.368  -86.104  -50.238 0.0000000000
1610  -0.767  -85.793  -52.082 0.0000000000
1612  -2.049  -86.487  -53.063 0.0000000000
1616  -1.821  -85.817  -53.356 0.0000000000
1618  -2.861  -86.422  -54.097 0.0000000000
1623  -3.436  -86.331  -54.587 0.0000000000
1627  -3.836  -85.996  -55.293 0.0000000000
1636  -17.271  -84.290  -55.933 0.0000000000
1638  -19.521  -86.089  -56.712 0.0000000000
1639  -20.574  -86.454  -56.779 0.0000000000
1644  -7.771  -86.155  -57.616 0.0000000000
1647  -17.760  -83.712  -55.091 0.0000000000
1648  -19.622  -84.556  -55.263 0.0000000000
1654  -9.016  -86.041  -58.732 0.0000000000
1656  -14.904  -86.286  -58.448 0.0000000000
1657  -15.739  -86.193  -58.478 0.0000000000
1659  -9.850  -85.634  -59.384 0.0000000000
1660  -11.161  -86.464  -59.643 0.0000000000
1663  -13.747  -86.129  -59.357 0.0000000000
1667  -17.400  -86.067  -58.462 0.0000000000
1671  -12.442  -86.092  -60.165 0.0000000000
1675  -15.835  -85.447  -59.513 0.0000000000
1889  0.220  -85.745  -34.362 0.0000000000
1906  0.743  -86.268  -38.090 0.0000000000
1927  1.759  -85.298  -40.663 0.0000000000
1938  1.885  -86.155  -41.435 0.0000000000
1952  0.769  -86.037  -43.296 0.0000000000
1962  1.757  -85.537  -43.739 0.0000000000
2011  1.029  -84.807  -48.587 0.0000000000
2021  0.412  -85.257  -49.533 0.0000000000
2028  0.033  -84.986  -50.773 0.0000000000
2031  -0.756  -85.022  -52.000 0.0000000000
2036  -2.226  -85.712  -53.977 0.0000000000
2042  -3.964  -85.567  -55.171 0.0000000000
2043  -4.857  -85.260  -55.361 0.0000000000
2052  -5.773  -85.851  -56.344 0.0000000000
2053  -6.575  -85.621  -56.612 0.0000000000
2076  -16.684  -85.435  -59.346 0.0000000000
2077  -19.108  -82.237  -56.193 0.0000000000
2078  -11.431  -85.460  -60.614 0.0000000000
2081  -15.482  -85.097  -60.206 0.0000000000
2084  -11.325  -84.880  -61.196 0.0000000000
2087  -14.306  -84.932  -61.034 0.0000000000
2088  -15.077  -84.685  -60.789 0.0000000000
2371  0.481  -84.527  -33.620 0.0000000000
2375  0.364  -84.819  -34.971 0.0000000000
2410  1.841  -84.194  -40.834 0.0000000000
2420  2.060  -85.232  -41.611 0.0000000000
2477  1.286  -84.276  -46.651 0.0000000000
2489  1.743  -83.857  -46.733 0.0000000000
2501  0.829  -84.450  -48.908 0.0000000000
2507  0.007  -84.620  -50.506 0.0000000000
2509  -1.494  -84.261  -51.285 0.0000000000
2517  -1.027  -84.872  -52.349 0.0000000000
2527  -5.987  -83.868  -53.913 0.0000000000
2529  -12.018  -83.772  -54.304 0.0000000000
2536  -9.069  -84.119  -54.567 0.0000000000
2538  -10.712  -84.316  -54.507 0.0000000000
2543  -5.613  -85.048  -55.556 0.0000000000
2545  -7.660  -84.457  -55.582 0.0000000000
2546  -8.681  -84.559  -55.979 0.0000000000
2549  -11.814  -84.302  -55.437 0.0000000000
2550  -12.241  -84.193  -56.053 0.0000000000
2557  -12.069  -84.267  -56.990 0.0000000000
2558  -12.537  -83.917  -56.804 0.0000000000
2564  -11.770  -84.226  -58.023 0.0000000000
2568  -11.616  -83.518  -58.901 0.0000000000
2570  -18.371  -82.660  -55.519 0.0000000000
2571  -20.636  -81.748  -55.864 0.0000000000
2582  -9.974  -83.336  -60.981 0.0000000000
2583  -10.767  -84.080  -60.640 0.0000000000
2584  -10.798  -84.578  -60.801 0.0000000000
2590  -10.907  -84.385  -61.174 0.0000000000
2592  -11.925  -84.591  -61.618 0.0000000000
2593  -13.361  -84.361  -61.665 0.0000000000
2595  -14.659  -84.251  -61.295 0.0000000000
2600  -12.588  -84.289  -62.034 0.0000000000
2601  -14.178  -83.994  -62.018 0.0000000000
2603  -15.927  -83.425  -61.578 0.0000000000
2949  0.419  -83.903  -36.530 0.0000000000
2960  0.616  -83.250  -38.043 0.0000000000
2990  2.086  -83.274  -41.917 0.0000000000
3013  2.446  -83.831  -44.041 0.0000000000
3027  2.564  -84.284  -44.900 0.0000000000
3040  2.552  -84.052  -45.558 0.0000000000
3052  1.814  -83.304  -46.794 0.0000000000
3073  -2.763  -83.386  -48.751 0.0000000000
3075  -4.607  -83.759  -48.857 0.0000000000
3076  -5.564  -83.761  -48.657 0.0000000000
3077  -6.480  -83.852  -48.565 0.0000000000
3079  -8.599  -83.833  -48.537 0.0000000000
3082  0.490  -83.874  -48.959 0.0000000000
3087  -4.687  -83.982  -49.734 0.0000000000
3091  -8.682  -83.969  -49.385 0.0000000000
3095  -2.416  -83.970  -50.718 0.0000000000
3097  -5.491  -83.888  -50.873 0.0000000000
3104  -3.529  -83.967  -51.856 0.0000000000
3114  -4.264  -83.899  -52.122 0.0000000000
3117  -10.654  -83.629  -52.300 0.0000000000
3118  -11.313  -83.259  -52.527 0.0000000000
3122  -1.577  -83.612  -53.948 0.0000000000
3125  -8.283  -83.741  -53.308 0.0000000000
3130  -12.231  -83.211  -54.157 0.0000000000
3133  0.064  -82.907  -54.358 0.0000000000
3134  -0.774  -83.472  -54.483 0.0000000000
3135  -1.445  -83.796  -54.498 0.0000000000
3137  -2.596  -84.032  -55.045 0.0000000000
3141  -9.535  -84.026  -53.846 0.0000000000
3144  -0.493  -83.067  -55.001 0.0000000000
3147  -2.581  -84.214  -55.827 0.0000000000
3149  -4.866  -83.505  -56.265 0.0000000000
3150  -12.558  -83.696  -55.948 0.0000000000
3155  -3.001  -84.155  -56.621 0.0000000000
3157  -5.010  -83.820  -57.217 0.0000000000
3162  -1.925  -82.656  -57.135 0.0000000000
3170  -12.435  -83.246  -57.364 0.0000000000
3173  -3.101  -83.127  -57.852 0.0000000000
3175  -5.063  -83.515  -58.422 0.0000000000
3176  -5.822  -83.587  -58.687 0.0000000000
3180  -10.768  -82.969  -59.454 0.0000000000
3188  -9.241  -83.295  -60.199 0.0000000000
3201  -20.740  -80.762  -58.015 0.0000000000
3204  -7.864  -82.778  -60.960 0.0000000000
3207  -16.781  -83.280  -61.390 0.0000000000
3208  -17.673  -83.256  -61.247 0.0000000000
3209  -18.795  -83.309  -61.063 0.0000000000
3210  -10.010  -83.387  -62.073 0.0000000000
3212  -11.853  -83.396  -62.557 0.0000000000
3215  -14.641  -83.170  -62.306 0.0000000000
3216  -15.493  -82.958  -62.204 0.0000000000
3219  -18.070  -82.576  -61.426 0.0000000000
3539  0.926  -82.422  -32.177 0.0000000000
3565  0.620  -83.016  -34.424 0.0000000000
3612  0.903  -82.243  -39.602 0.0000000000
3620  1.724  -82.543  -41.309 0.0000000000
3621  1.169  -82.175  -40.538 0.0000000000
3637  2.038  -82.386  -42.084 0.0000000000
3647  2.242  -82.816  -43.504 0.0000000000
3676  1.188  -81.913  -46.232 0.0000000000
3698  1.290  -82.771  -47.300 0.0000000000
3701  -2.425  -82.254  -47.476 0.0000000000
3703  -3.883  -82.683  -47.832 0.0000000000
3705  -6.336  -82.663  -47.597 0.0000000000
3707  -8.337  -82.887  -47.327 0.0000000000
3713  -0.078  -82.830  -48.128 0.0000000000
3715  -2.413  -82.789  -48.106 0.0000000000
3720  -9.607  -83.347  -48.248 0.0000000000
3724  1.536  -82.129  -51.011 0.0000000000
3725  0.664  -82.084  -51.083 0.0000000000
3730  2.263  -81.854  -52.043 0.0000000000
3734  -10.925  -82.525  -51.149 0.0000000000
3736  1.459  -82.376  -52.312 0.0000000000
3742  1.408  -82.261  -52.979 0.0000000000
3743  0.977  -82.885  -52.954 0.0000000000
3744  -0.537  -83.276  -53.165 0.0000000000
3748  -12.014  -82.831  -53.671 0.0000000000
3755  -5.203  -82.326  -54.917 0.0000000000
3757  -12.464  -83.029  -54.659 0.0000000000
3760  -4.711  -83.093  -55.417 0.0000000000
3762  -7.234  -82.210  -56.139 0.0000000000
3767  -11.992  -82.554  -55.955 0.0000000000
3773  -9.774  -82.293  -57.032 0.0000000000
3776  -12.233  -82.776  -56.769 0.0000000000
3779  -6.997  -83.354  -57.602 0.0000000000
3781  -11.301  -82.521  -58.244 0.0000000000
3788  -11.057  -82.610  -58.908 0.0000000000
3794  -6.575  -81.696  -60.083 0.0000000000
3803  -9.298  -83.069  -61.693 0.0000000000
3808  -8.945  -82.409  -62.065 0.0000000000
3810  -10.460  -82.953  -62.510 0.0000000000
3811  -15.718  -82.239  -62.383 0.0000000000
3816  -20.468  -82.012  -61.300 0.0000000000
3821  -13.721  -82.150  -63.322 0.0000000000
3823  -15.668  -81.736  -62.553 0.0000000000
3824  -14.029  -81.247  -63.589 0.0000000000
4072  0.875  -81.107  -32.007 0.0000000000
4083  0.866  -81.633  -32.658 0.0000000000
4117  0.143  -81.686  -35.353 0.0000000000
4130  0.170  -81.501  -36.264 0.0000000000
4178  0.950  -81.443  -40.724 0.0000000000
4185  1.231  -81.411  -41.339 0.0000000000
4197  1.856  -81.728  -42.833 0.0000000000
4199  1.098  -80.936  -42.779 0.0000000000
4209  2.092  -82.033  -43.574 0.0000000000
4211  0.712  -80.963  -43.698 0.0000000000
4222  0.755  -81.291  -44.658 0.0000000000
4224  -1.924  -80.739  -45.097 0.0000000000
4225  -2.817  -80.612  -45.189 0.0000000000
4239  -3.912  -80.913  -45.966 0.0000000000
4251  0.417  -81.646  -46.134 0.0000000000
4255  -3.344  -81.360  -46.503 0.0000000000
4257  -5.278  -81.404  -46.733 0.0000000000
4258  -6.171  -81.411  -46.727 0.0000000000
4259  -7.103  -81.498  -46.600 0.0000000000
4278  1.608  -81.322  -49.781 0.0000000000
4282  2.798  -81.376  -50.775 0.0000000000
4285  -0.743  -81.162  -50.711 0.0000000000
4290  2.677  -81.449  -51.487 0.0000000000
4302  1.866  -81.967  -52.692 0.0000000000
4303  -1.594  -82.034  -52.199 0.0000000000
4309  -11.354  -82.102  -52.252 0.0000000000
4316  -4.476  -81.529  -53.568 0.0000000000
4318  -6.095  -80.913  -54.049 0.0000000000
4338  -0.376  -81.792  -55.727 0.0000000000
4343  -9.530  -81.625  -55.541 0.0000000000
4360  -2.206  -81.920  -57.857 0.0000000000
4368  -3.423  -81.639  -58.667 0.0000000000
4375  -4.664  -81.166  -59.189 0.0000000000
4390  -7.446  -81.093  -60.571 0.0000000000
4408  -10.673  -81.677  -63.241 0.0000000000
4410  -14.740  -80.956  -63.340 0.0000000000
4413  -13.479  -80.722  -63.930 0.0000000000
4414  -14.095  -80.495  -63.663 0.0000000000
4692  -0.263  -80.256  -32.974 0.0000000000
4707  -0.105  -80.424  -33.617 0.0000000000
4730  0.525  -80.287  -35.762 0.0000000000
4753  1.014  -80.070  -37.992 0.0000000000
4762  0.704  -80.406  -38.700 0.0000000000
4772  0.665  -80.766  -39.559 0.0000000000
4773  0.617  -80.500  -39.964 0.0000000000
4784  0.918  -81.024  -40.669 0.0000000000
4785  0.718  -80.588  -40.651 0.0000000000
4786  0.037  -80.123  -40.894 0.0000000000
4796  -0.257  -80.111  -41.640 0.0000000000
4797  -1.019  -79.757  -41.934 0.0000000000
4809  -1.217  -79.867  -42.741 0.0000000000
4816  -1.451  -80.098  -43.519 0.0000000000
4817  -2.222  -79.966  -43.828 0.0000000000
4825  -2.502  -80.316  -44.508 0.0000000000
4843  -5.790  -80.457  -45.657 0.0000000000
4865  -10.373  -80.764  -45.802 0.0000000000
4869  2.567  -80.121  -48.014 0.0000000000
4877  2.047  -80.502  -48.375 0.0000000000
4880  -2.070  -80.025  -49.069 0.0000000000
4887  -0.361  -80.579  -49.506 0.0000000000
4888  -1.305  -80.298  -49.502 0.0000000000
4890  -3.889  -79.775  -49.897 0.0000000000
4891  -4.428  -79.636  -50.253 0.0000000000
4895  -1.057  -80.613  -50.106 0.0000000000
4896  -2.458  -80.353  -50.459 0.0000000000
4897  -3.914  -80.055  -50.692 0.0000000000
4899  -10.067  -80.044  -50.759 0.0000000000
4900  -11.097  -80.632  -50.219 0.0000000000
4906  -3.572  -80.457  -51.409 0.0000000000
4919  -5.453  -80.130  -52.650 0.0000000000
4920  -6.212  -79.831  -52.989 0.0000000000
4921  -8.650  -79.612  -53.190 0.0000000000
4930  1.626  -80.728  -53.496 0.0000000000
4943  1.273  -80.396  -54.320 0.0000000000
4944  0.795  -80.229  -55.027 0.0000000000
4949  -9.473  -80.969  -54.118 0.0000000000
4957  0.253  -80.810  -55.316 0.0000000000
4958  -0.555  -80.772  -55.547 0.0000000000
4959  -1.921  -80.239  -55.637 0.0000000000
4966  -1.339  -80.624  -56.647 0.0000000000
4975  -1.484  -80.298  -57.134 0.0000000000
4981  -1.768  -80.142  -58.195 0.0000000000
4991  -2.843  -79.954  -59.079 0.0000000000
5002  -5.494  -80.608  -59.752 0.0000000000
5013  -6.734  -79.721  -60.732 0.0000000000
5014  -7.710  -80.497  -60.921 0.0000000000
5036  -10.460  -80.676  -63.197 0.0000000000
5042  -12.974  -80.244  -63.958 0.0000000000
5357  0.204  -80.252  -31.379 0.0000000000
5358  -0.628  -79.844  -31.887 0.0000000000
5369  -1.271  -79.209  -32.208 0.0000000000
5381  0.210  -79.683  -34.012 0.0000000000
5394  1.637  -78.747  -35.349 0.0000000000
5405  1.810  -78.747  -36.331 0.0000000000
5417  1.704  -78.941  -37.173 0.0000000000
5434  0.711  -79.350  -38.700 0.0000000000
5435  0.352  -79.238  -38.861 0.0000000000
5446  -0.017  -79.656  -39.539 0.0000000000
5447  -1.010  -79.613  -39.664 0.0000000000
5455  -1.384  -79.550  -40.477 0.0000000000
5481  -2.591  -79.212  -42.605 0.0000000000
5483  -5.087  -78.749  -42.993 0.0000000000
5491  -7.228  -79.112  -43.731 0.0000000000
5494  -10.088  -79.007  -43.893 0.0000000000
5495  -10.787  -78.874  -44.201 0.0000000000
5502  1.328  -78.898  -44.485 0.0000000000
5504  -6.778  -79.520  -44.355 0.0000000000
5506  -8.697  -79.550  -44.275 0.0000000000
5508  -10.794  -79.248  -44.777 0.0000000000
5521  1.873  -79.321  -45.690 0.0000000000
5524  -9.774  -79.937  -44.808 0.0000000000
5541  2.875  -79.063  -46.504 0.0000000000
5543  1.040  -79.561  -46.216 0.0000000000
5546  -2.078  -79.312  -46.698 0.0000000000
5550  -11.673  -78.483  -45.627 0.0000000000
5556  2.824  -79.569  -47.676 0.0000000000
5558  0.587  -79.807  -47.044 0.0000000000
5559  -0.491  -79.749  -47.195 0.0000000000
5563  -4.133  -79.422  -47.763 0.0000000000
5564  -4.997  -79.341  -47.940 0.0000000000
5570  3.049  -79.294  -47.860 0.0000000000
5575  -3.540  -79.612  -48.419 0.0000000000
5578  -10.568  -79.797  -48.978 0.0000000000
5582  3.067  -79.552  -49.244 0.0000000000
5586  -5.519  -79.095  -49.665 0.0000000000
5594  -5.035  -79.363  -50.282 0.0000000000
5596  -6.246  -78.481  -50.029 0.0000000000
5610  -5.927  -79.211  -51.555 0.0000000000
5611  -6.751  -78.622  -51.897 0.0000000000
5613  -8.561  -78.630  -52.062 0.0000000000
5636  2.081  -80.439  -52.855 0.0000000000
5639  -6.957  -79.497  -53.276 0.0000000000
5640  -7.807  -79.367  -53.374 0.0000000000
5659  -2.386  -79.734  -55.354 0.0000000000
5708  -2.199  -79.263  -59.124 0.0000000000
5710  -3.467  -79.582  -59.495 0.0000000000
5722  -3.808  -79.085  -60.122 0.0000000000
5748  -7.949  -78.646  -62.072 0.0000000000
6184  -2.368  -78.073  -31.163 0.0000000000
6193  -1.773  -78.636  -31.645 0.0000000000
6240  -2.842  -78.305  -36.610 0.0000000000
6263  1.177  -79.029  -38.305 0.0000000000
6266  -1.170  -79.210  -38.425 0.0000000000
6267  -2.119  -79.164  -38.312 0.0000000000
6268  -2.979  -78.745  -38.094 0.0000000000
6281  -2.980  -78.670  -40.366 0.0000000000
6282  -3.634  -78.191  -40.683 0.0000000000
6283  -4.332  -77.739  -40.645 0.0000000000
6287  -2.965  -78.642  -41.171 0.0000000000
6293  -8.158  -77.999  -42.077 0.0000000000
6294  -9.182  -77.939  -41.922 0.0000000000
6306  1.323  -78.090  -42.581 0.0000000000
6307  0.391  -78.153  -42.793 0.0000000000
6308  -3.901  -78.476  -42.229 0.0000000000
6310  -5.595  -78.312  -42.427 0.0000000000
6312  -7.357  -78.381  -42.628 0.0000000000
6316  -11.594  -77.801  -43.049 0.0000000000
6323  1.860  -78.248  -43.159 0.0000000000
6326  -1.278  -78.168  -43.996 0.0000000000
6334  -12.023  -77.534  -44.610 0.0000000000
6341  2.424  -78.422  -44.771 0.0000000000
6343  0.448  -78.696  -44.203 0.0000000000
6353  2.328  -78.969  -45.229 0.0000000000
6355  -1.530  -78.694  -45.394 0.0000000000
6358  -4.087  -78.409  -45.691 0.0000000000
6361  -11.931  -77.971  -45.063 0.0000000000
6377  -1.775  -78.967  -45.988 0.0000000000
6381  -6.071  -78.472  -46.363 0.0000000000
6383  -8.243  -77.989  -47.240 0.0000000000
6384  -11.241  -79.247  -46.841 0.0000000000
6397  3.031  -78.695  -47.645 0.0000000000
6401  -7.324  -78.349  -47.422 0.0000000000
6415  -7.086  -77.818  -49.977 0.0000000000
6416  -9.655  -77.863  -49.855 0.0000000000
6424  2.738  -78.933  -50.172 0.0000000000
6426  -6.844  -78.018  -50.891 0.0000000000
6428  -8.535  -77.692  -50.932 0.0000000000
6452  1.998  -78.659  -53.120 0.0000000000
6460  1.640  -78.906  -53.979 0.0000000000
6473  -3.584  -78.279  -54.033 0.0000000000
6484  -3.558  -77.636  -54.453 0.0000000000
6494  -1.564  -79.136  -56.676 0.0000000000
6521  -0.978  -78.639  -58.274 0.0000000000
6552  -2.116  -77.684  -59.812 0.0000000000
6555  -4.232  -78.329  -60.586 0.0000000000
6573  -3.933  -77.309  -60.916 0.0000000000
6588  -7.670  -77.517  -62.367 0.0000000000
6597  -10.692  -78.172  -63.512 0.0000000000
7012  -1.990  -77.739  -29.731 0.0000000000
7013  -2.866  -77.349  -30.016 0.0000000000
7014  -3.201  -76.771  -30.202 0.0000000000
7038  -2.505  -77.384  -31.200 0.0000000000
7046  -0.592  -78.202  -32.503 0.0000000000
7052  1.911  -77.048  -34.315 0.0000000000
7053  1.499  -77.344  -33.443 0.0000000000
7060  1.997  -76.725  -35.113 0.0000000000
7061  -2.974  -77.339  -34.736 0.0000000000
7082  1.877  -77.233  -36.660 0.0000000000
7084  0.210  -77.337  -37.104 0.0000000000
7098  1.581  -77.573  -37.275 0.0000000000
7099  0.884  -77.592  -37.616 0.0000000000
7101  -4.349  -77.406  -37.553 0.0000000000
7109  -3.718  -78.067  -38.034 0.0000000000
7111  -5.084  -76.894  -38.792 0.0000000000
7117  -6.038  -76.801  -39.792 0.0000000000
7123  -5.492  -77.135  -40.384 0.0000000000
7124  -6.357  -77.074  -40.562 0.0000000000
7127  -9.652  -77.290  -40.877 0.0000000000
7128  -11.048  -77.029  -41.189 0.0000000000
7129  -11.461  -76.363  -41.487 0.0000000000
7134  1.056  -77.448  -41.407 0.0000000000
7141  -8.794  -77.540  -41.271 0.0000000000
7153  1.411  -77.670  -42.018 0.0000000000
7156  -11.418  -77.559  -42.277 0.0000000000
7158  -12.058  -76.598  -42.925 0.0000000000
7164  -2.278  -77.478  -43.529 0.0000000000
7166  -4.295  -77.099  -43.920 0.0000000000
7167  -12.141  -77.124  -43.164 0.0000000000
7173  -6.426  -77.273  -44.453 0.0000000000
7181  2.603  -77.798  -45.111 0.0000000000
7183  -4.732  -78.056  -45.337 0.0000000000
7184  -5.450  -77.783  -45.096 0.0000000000
7186  -8.659  -77.463  -45.396 0.0000000000
7189  -12.097  -77.240  -45.149 0.0000000000
7199  2.776  -77.780  -46.574 0.0000000000
7200  -8.509  -77.684  -46.350 0.0000000000
7202  -11.721  -77.299  -46.345 0.0000000000
7215  2.769  -77.953  -47.430 0.0000000000
7227  2.507  -78.095  -48.857 0.0000000000
7232  -10.277  -77.110  -48.734 0.0000000000
7240  -8.675  -76.972  -49.761 0.0000000000
7242  -9.831  -77.241  -49.283 0.0000000000
7358  -0.483  -77.608  -57.712 0.0000000000
7408  -2.754  -77.175  -60.223 0.0000000000
7445  -8.824  -76.664  -62.841 0.0000000000
7864  -3.423  -75.971  -29.406 0.0000000000
7872  -3.406  -76.274  -29.919 0.0000000000
7877  -2.943  -76.707  -30.730 0.0000000000
7887  -0.195  -76.812  -31.560 0.0000000000
7897  1.106  -76.491  -32.454 0.0000000000
7910  1.445  -76.510  -33.291 0.0000000000
7913  -4.436  -76.558  -33.838 0.0000000000
7920  1.726  -76.154  -34.791 0.0000000000
7921  1.122  -75.634  -35.150 0.0000000000
7939  -0.128  -76.282  -35.569 0.0000000000
7940  -1.130  -76.670  -35.238 0.0000000000
7941  -2.076  -77.063  -34.906 0.0000000000
7942  -3.721  -77.227  -34.933 0.0000000000
7953  1.373  -76.566  -36.288 0.0000000000
7957  -6.205  -75.936  -36.774 0.0000000000
7973  -7.140  -76.059  -38.690 0.0000000000
7977  1.441  -75.870  -39.866 0.0000000000
7979  -0.430  -76.432  -39.520 0.0000000000
7988  1.797  -76.221  -40.602 0.0000000000
7991  -1.364  -76.617  -40.804 0.0000000000
8001  1.520  -76.936  -40.943 0.0000000000
8004  -2.024  -76.407  -41.502 0.0000000000
8014  -3.266  -76.358  -42.711 0.0000000000
8015  -4.063  -76.147  -42.784 0.0000000000
8017  -11.809  -76.465  -42.211 0.0000000000
8021  2.086  -77.237  -42.986 0.0000000000
8030  -10.766  -76.225  -43.786 0.0000000000
8031  -11.852  -76.364  -43.401 0.0000000000
8034  1.827  -76.399  -44.431 0.0000000000
8037  -6.841  -76.905  -43.944 0.0000000000
8038  -7.682  -76.972  -44.117 0.0000000000
8039  -8.737  -77.079  -44.437 0.0000000000
8041  -10.985  -76.351  -44.695 0.0000000000
8043  -12.183  -76.947  -44.469 0.0000000000
8053  1.186  -75.838  -45.822 0.0000000000
8057  -11.501  -76.631  -45.702 0.0000000000
8065  2.319  -76.909  -46.325 0.0000000000
8067  0.827  -76.160  -46.718 0.0000000000
8072  -9.897  -76.464  -47.183 0.0000000000
8074  -11.064  -76.457  -46.482 0.0000000000
8075  -11.485  -76.771  -46.461 0.0000000000
8089  -9.972  -76.342  -47.841 0.0000000000
8091  -11.035  -76.565  -47.210 0.0000000000
8105  -9.516  -76.597  -48.482 0.0000000000
8106  -10.154  -76.531  -48.329 0.0000000000
8116  -9.078  -76.669  -49.169 0.0000000000
8223  -0.968  -76.729  -56.304 0.0000000000
8245  -0.462  -77.125  -58.457 0.0000000000
8261  -0.836  -77.076  -59.146 0.0000000000
8303  -6.258  -75.931  -61.740 0.0000000000
8792  -3.438  -75.688  -29.724 0.0000000000
8801  0.858  -75.230  -30.953 0.0000000000
8812  0.979  -75.378  -31.526 0.0000000000
8826  -7.671  -75.299  -32.735 0.0000000000
8837  0.731  -75.215  -34.536 0.0000000000
8842  -4.333  -76.115  -33.086 0.0000000000
8844  -6.262  -75.834  -33.396 0.0000000000
8852  0.335  -75.608  -35.136 0.0000000000
8857  -7.450  -75.405  -34.257 0.0000000000
8885  -8.252  -74.965  -37.938 0.0000000000
8891  -2.473  -75.238  -38.219 0.0000000000
8897  1.380  -75.137  -39.719 0.0000000000
8898  0.992  -75.425  -39.212 0.0000000000
8900  -1.077  -76.122  -38.940 0.0000000000
8901  -2.508  -75.521  -39.020 0.0000000000
8902  -3.127  -75.079  -39.637 0.0000000000
8903  -8.529  -76.204  -39.440 0.0000000000
8904  -9.356  -75.572  -39.462 0.0000000000
8910  -2.615  -75.435  -40.902 0.0000000000
8917  1.821  -75.721  -41.147 0.0000000000
8918  -3.172  -75.134  -41.496 0.0000000000
8920  -5.812  -75.062  -41.905 0.0000000000
8931  -4.424  -75.508  -42.342 0.0000000000
8936  -9.779  -75.470  -42.426 0.0000000000
8937  -10.750  -75.458  -42.373 0.0000000000
8943  0.889  -75.118  -43.639 0.0000000000
8944  -6.176  -76.028  -42.808 0.0000000000
9651  1.021  -73.610  -30.233 0.0000000000
9653  -0.901  -74.558  -29.672 0.0000000000
9670  -3.138  -75.366  -30.134 0.0000000000
9678  1.159  -74.581  -31.278 0.0000000000
9695  0.177  -73.364  -32.387 0.0000000000
9706  -11.345  -73.832  -32.809 0.0000000000
9720  -2.053  -74.485  -33.418 0.0000000000
9721  -2.845  -74.821  -33.163 0.0000000000
9725  -11.116  -74.356  -33.410 0.0000000000
9733  -9.111  -74.971  -34.447 0.0000000000
9736  -11.270  -74.444  -34.887 0.0000000000
9745  -10.714  -74.492  -35.629 0.0000000000
9753  -2.127  -74.111  -37.326 0.0000000000
9757  -9.670  -74.307  -37.050 0.0000000000
9764  -2.472  -74.736  -37.616 0.0000000000
9775  -0.190  -74.166  -38.296 0.0000000000
9813  -4.197  -74.180  -41.354 0.0000000000
9820  -10.915  -74.889  -41.005 0.0000000000
9830  1.313  -75.032  -41.863 0.0000000000
9835  -10.890  -75.173  -41.837 0.0000000000
10597  0.374  -73.048  -28.767 0.0000000000
10600  -3.412  -73.449  -28.825 0.0000000000
10608  -3.042  -74.005  -29.321 0.0000000000
10631  -4.401  -73.369  -31.823 0.0000000000
10636  -9.708  -73.748  -31.393 0.0000000000
10651  0.980  -73.864  -31.868 0.0000000000
10652  -0.985  -73.181  -32.666 0.0000000000
10653  -2.167  -73.372  -32.646 0.0000000000
10657  -11.520  -73.206  -32.241 0.0000000000
10684  -1.854  -73.038  -36.692 0.0000000000
10688  -5.581  -73.143  -35.460 0.0000000000
10692  -13.727  -72.220  -35.848 0.0000000000
10696  -1.369  -73.044  -37.606 0.0000000000
10697  -1.678  -73.464  -37.390 0.0000000000
10701  -6.166  -73.277  -35.985 0.0000000000
10702  -12.192  -73.452  -37.130 0.0000000000
10704  -13.343  -72.692  -36.376 0.0000000000
10714  -0.818  -73.611  -38.233 0.0000000000
10716  -4.757  -73.867  -37.543 0.0000000000
10721  -13.140  -72.514  -37.151 0.0000000000
10735  -5.164  -73.280  -38.292 0.0000000000
10751  0.461  -73.705  -39.183 0.0000000000
10766  1.110  -73.918  -41.099 0.0000000000
10769  -5.453  -73.084  -40.565 0.0000000000
10770  -6.231  -73.282  -40.913 0.0000000000
10772  -7.980  -72.685  -40.733 0.0000000000
10780  0.970  -73.540  -41.923 0.0000000000
10783  -6.961  -73.801  -41.218 0.0000000000
10785  -8.808  -73.081  -41.061 0.0000000000
10793  0.590  -73.236  -42.820 0.0000000000
11562  -1.766  -72.234  -26.825 0.0000000000
11572  -3.585  -72.359  -27.833 0.0000000000
11579  0.465  -72.287  -28.419 0.0000000000
11608  0.495  -72.368  -30.420 0.0000000000
11609  -0.677  -71.948  -30.984 0.0000000000
11626  -7.583  -72.846  -30.777 0.0000000000
11650  -13.733  -72.398  -34.162 0.0000000000
11655  -3.683  -72.186  -34.689 0.0000000000
11657  -5.966  -72.670  -34.844 0.0000000000
11664  -0.922  -72.049  -36.139 0.0000000000
11668  -4.339  -72.733  -35.017 0.0000000000
11670  -8.103  -72.434  -35.708 0.0000000000
11671  -14.036  -71.759  -35.305 0.0000000000
11680  -13.489  -72.004  -36.606 0.0000000000
11706  -1.438  -72.367  -38.794 0.0000000000
11707  -6.284  -72.255  -38.593 0.0000000000
11708  -11.786  -72.180  -38.839 0.0000000000
11723  -6.845  -71.919  -39.091 0.0000000000
11736  -0.178  -72.237  -40.262 0.0000000000
11738  -7.267  -72.279  -40.286 0.0000000000
11741  -10.317  -72.762  -40.216 0.0000000000
12529  0.359  -70.537  -26.078 0.0000000000
12530  -0.293  -71.385  -25.725 0.0000000000
12531  -1.689  -71.665  -25.644 0.0000000000
12546  -3.692  -71.641  -26.595 0.0000000000
12557  -9.476  -71.306  -27.421 0.0000000000
12566  0.549  -71.533  -28.046 0.0000000000
12582  0.571  -71.926  -28.800 0.0000000000
12583  0.176  -71.516  -29.283 0.0000000000
12584  -0.770  -71.157  -29.695 0.0000000000
12587  -4.019  -70.706  -30.226 0.0000000000
12590  -10.285  -71.471  -29.091 0.0000000000
12591  -10.913  -71.130  -28.908 0.0000000000
12609  -6.075  -71.295  -30.862 0.0000000000
12610  -6.781  -71.376  -30.706 0.0000000000
12614  -12.731  -70.982  -30.636 0.0000000000
12622  -3.930  -71.893  -31.246 0.0000000000
12628  -9.989  -71.719  -31.011 0.0000000000
12648  -3.197  -71.219  -33.676 0.0000000000
12652  -7.316  -71.238  -33.791 0.0000000000
12653  -8.106  -71.134  -33.778 0.0000000000
12655  -14.291  -71.621  -34.044 0.0000000000
12658  -0.254  -71.306  -34.888 0.0000000000
12665  -7.097  -71.903  -34.218 0.0000000000
12668  -10.621  -70.975  -34.630 0.0000000000
12670  -14.253  -71.407  -34.824 0.0000000000
12680  -12.068  -71.110  -35.816 0.0000000000
12693  -9.918  -71.507  -36.800 0.0000000000
12711  -11.977  -71.530  -37.538 0.0000000000
12719  -1.316  -72.551  -37.926 0.0000000000
12725  -11.568  -71.874  -38.858 0.0000000000
12736  -1.925  -71.380  -39.055 0.0000000000
12737  -7.541  -71.778  -39.619 0.0000000000
12738  -8.989  -71.476  -39.497 0.0000000000
12740  -11.191  -72.160  -39.316 0.0000000000
12753  0.377  -71.617  -41.138 0.0000000000
12757  -10.038  -72.118  -40.154 0.0000000000
12758  -10.605  -72.310  -39.796 0.0000000000
12768  0.870  -71.130  -41.884 0.0000000000
12779  0.903  -71.252  -42.611 0.0000000000
13532  0.360  -69.703  -24.439 0.0000000000
13534  -2.230  -70.849  -23.709 0.0000000000
13550  -0.274  -70.673  -24.505 0.0000000000
13555  -7.509  -70.006  -25.216 0.0000000000
13561  -8.478  -70.524  -25.995 0.0000000000
13569  -7.910  -70.579  -25.701 0.0000000000
13575  0.576  -71.058  -27.592 0.0000000000
13576  0.339  -70.563  -27.496 0.0000000000
13577  -0.660  -70.143  -27.983 0.0000000000
13580  -9.691  -70.977  -27.132 0.0000000000
13593  0.554  -70.979  -27.985 0.0000000000
13601  -7.289  -70.927  -28.228 0.0000000000
13602  -10.729  -70.703  -28.262 0.0000000000
13620  -7.347  -70.845  -29.374 0.0000000000
13637  -7.060  -70.914  -30.260 0.0000000000
13658  -14.552  -70.389  -32.317 0.0000000000
13659  -14.679  -69.932  -33.129 0.0000000000
13665  -2.423  -70.961  -33.120 0.0000000000
13685  -13.779  -70.199  -34.704 0.0000000000
13742  -1.667  -70.518  -39.121 0.0000000000
13765  0.583  -69.700  -42.042 0.0000000000
13778  0.402  -69.831  -42.798 0.0000000000
14583  -0.426  -69.191  -21.598 0.0000000000
14584  -1.273  -69.580  -21.070 0.0000000000
14599  -1.539  -70.301  -22.260 0.0000000000
14618  -0.140  -69.901  -22.936 0.0000000000
14629  0.334  -69.197  -24.368 0.0000000000
14632  -7.082  -68.826  -24.738 0.0000000000
14642  -5.859  -69.407  -25.301 0.0000000000
14643  -6.778  -69.709  -25.121 0.0000000000
14645  -8.209  -69.799  -25.575 0.0000000000
14652  0.360  -70.164  -26.668 0.0000000000
14656  -4.402  -68.969  -26.794 0.0000000000
14671  -2.657  -69.224  -27.656 0.0000000000
14672  -3.813  -69.189  -27.770 0.0000000000
14673  -4.741  -69.295  -27.540 0.0000000000
14677  -10.329  -70.258  -27.874 0.0000000000
14721  -0.587  -69.572  -31.209 0.0000000000
14726  -13.836  -69.410  -31.313 0.0000000000
14750  -6.922  -69.775  -33.373 0.0000000000
14766  -13.879  -69.346  -34.141 0.0000000000
14807  -0.621  -68.982  -38.677 0.0000000000
14816  -1.038  -69.753  -39.112 0.0000000000
15630  -1.335  -67.803  -18.456 0.0000000000
15646  -0.795  -68.323  -19.880 0.0000000000
15690  0.311  -68.583  -22.252 0.0000000000
15709  -4.819  -67.698  -24.002 0.0000000000
15710  -5.373  -67.911  -24.056 0.0000000000
15711  -5.752  -67.878  -24.193 0.0000000000
15722  0.151  -68.798  -23.957 0.0000000000
15723  -0.614  -68.323  -24.276 0.0000000000
15754  -1.340  -68.588  -25.652 0.0000000000
15766  -6.849  -67.839  -27.391 0.0000000000
15777  -7.620  -68.204  -28.631 0.0000000000
15791  -0.529  -68.027  -29.602 0.0000000000
15805  -1.879  -69.051  -29.998 0.0000000000
15815  -0.096  -68.265  -31.571 0.0000000000
15818  -4.940  -68.866  -31.455 0.0000000000
15831  -5.004  -69.239  -32.107 0.0000000000
15835  -14.427  -68.964  -32.925 0.0000000000
15848  -7.773  -68.022  -33.351 0.0000000000
15849  -9.425  -68.322  -33.860 0.0000000000
15851  -13.203  -68.126  -33.819 0.0000000000
15852  -13.860  -68.627  -33.599 0.0000000000
15866  -12.812  -68.584  -34.171 0.0000000000
15876  -0.703  -68.221  -34.936 0.0000000000
15885  -0.435  -68.527  -36.282 0.0000000000
16753  -0.466  -67.622  -20.579 0.0000000000
16775  -0.280  -67.901  -21.847 0.0000000000
16793  -3.369  -67.392  -23.789 0.0000000000
16805  -2.354  -67.566  -23.819 0.0000000000
16807  -6.070  -67.536  -24.802 0.0000000000
16808  -6.358  -67.580  -25.195 0.0000000000
16816  -5.949  -67.061  -26.422 0.0000000000
16845  -3.326  -67.479  -28.132 0.0000000000
16874  -0.322  -67.801  -30.237 0.0000000000
16904  -11.640  -66.584  -32.818 0.0000000000
16918  -7.605  -67.184  -33.042 0.0000000000
16920  -9.365  -67.227  -33.799 0.0000000000
16922  -11.240  -66.929  -33.742 0.0000000000
16924  -13.500  -67.924  -33.343 0.0000000000
16932  -1.693  -67.761  -33.583 0.0000000000
16937  -12.486  -67.743  -33.906 0.0000000000
16945  -0.739  -67.957  -35.847 0.0000000000
17931  -1.056  -66.339  -18.817 0.0000000000
17952  -1.604  -66.142  -20.465 0.0000000000
17961  -1.430  -66.557  -21.388 0.0000000000
17976  -9.035  -66.060  -22.909 0.0000000000
17977  -9.701  -66.045  -23.243 0.0000000000
17991  -2.619  -66.333  -23.193 0.0000000000
17993  -4.133  -65.940  -24.011 0.0000000000
18003  -5.444  -65.778  -25.257 0.0000000000
18004  -7.252  -65.799  -24.664 0.0000000000
18007  -10.166  -66.697  -24.909 0.0000000000
18014  -6.077  -66.001  -25.957 0.0000000000
18025  -2.503  -66.257  -26.624 0.0000000000
18026  -6.900  -66.686  -27.091 0.0000000000
18038  -1.831  -66.098  -26.740 0.0000000000
18042  -6.990  -66.787  -27.761 0.0000000000
18071  -0.815  -66.757  -28.852 0.0000000000
18072  -5.007  -66.542  -29.193 0.0000000000
18087  -1.497  -66.128  -30.375 0.0000000000
18089  -5.773  -66.297  -30.706 0.0000000000
18107  -10.407  -66.000  -32.336 0.0000000000
19080  -4.767  -64.903  -19.825 0.0000000000
19092  -3.342  -65.239  -20.879 0.0000000000
19093  -4.284  -65.151  -20.639 0.0000000000
19102  -2.632  -65.494  -21.706 0.0000000000
19106  -6.030  -65.577  -21.026 0.0000000000
19109  -9.196  -65.270  -21.768 0.0000000000
19124  -1.774  -66.242  -21.932 0.0000000000
19141  -3.262  -64.925  -23.044 0.0000000000
19154  -5.884  -65.629  -25.377 0.0000000000
19163  -1.906  -65.373  -25.897 0.0000000000
19172  -1.736  -65.642  -26.407 0.0000000000
19174  -2.993  -65.971  -26.287 0.0000000000
19209  -0.998  -65.878  -28.755 0.0000000000
19218  -1.697  -65.078  -30.748 0.0000000000
19242  -7.776  -65.268  -32.731 0.0000000000
19244  -9.812  -64.917  -32.828 0.0000000000
19255  -8.397  -65.553  -33.169 0.0000000000
20180  -2.286  -64.630  -19.236 0.0000000000
20185  -6.116  -64.344  -19.379 0.0000000000
20186  -6.963  -64.371  -19.546 0.0000000000
20195  -7.717  -64.442  -19.986 0.0000000000
20196  -8.447  -64.354  -20.472 0.0000000000
20197  -9.018  -64.148  -20.966 0.0000000000
20205  -10.121  -64.187  -22.362 0.0000000000
20234  -10.865  -65.112  -23.429 0.0000000000
20257  -2.973  -64.790  -25.410 0.0000000000
20267  -1.337  -65.260  -26.320 0.0000000000
20283  -3.970  -64.650  -26.890 0.0000000000
20302  -5.510  -64.190  -29.752 0.0000000000
20309  -1.422  -64.065  -30.165 0.0000000000
20325  -7.767  -64.654  -32.328 0.0000000000
20327  -9.333  -64.579  -32.415 0.0000000000
21229  -2.241  -63.090  -19.089 0.0000000000
21230  -3.599  -63.485  -19.552 0.0000000000
21242  -6.759  -62.905  -19.959 0.0000000000
21305  -2.402  -63.297  -23.803 0.0000000000
21326  -1.472  -63.610  -24.641 0.0000000000
21330  -5.200  -63.368  -25.294 0.0000000000
21347  -1.068  -64.322  -25.742 0.0000000000
21399  -5.730  -63.791  -29.418 0.0000000000
21401  -7.092  -63.472  -29.550 0.0000000000
21408  -6.047  -63.803  -30.036 0.0000000000
21410  -7.225  -63.675  -30.756 0.0000000000
21411  -7.960  -63.629  -30.655 0.0000000000
22375  -4.931  -62.911  -19.737 0.0000000000
22390  -6.219  -62.200  -20.470 0.0000000000
22392  -7.996  -63.217  -20.296 0.0000000000
22418  -9.612  -62.373  -22.242 0.0000000000
22419  -10.276  -62.218  -22.781 0.0000000000
22432  -2.823  -62.222  -23.171 0.0000000000
22436  -12.266  -62.980  -23.903 0.0000000000
22450  -1.793  -62.238  -23.437 0.0000000000
22530  -1.412  -62.508  -28.170 0.0000000000
23467  -1.797  -61.410  -18.479 0.0000000000
23481  -2.370  -61.454  -19.635 0.0000000000
23504  -5.827  -60.992  -21.539 0.0000000000
23505  -6.742  -61.256  -21.459 0.0000000000
23537  -2.197  -61.112  -22.803 0.0000000000
23539  -3.921  -61.451  -23.308 0.0000000000
23615  -12.883  -61.573  -28.425 0.0000000000
24540  -2.242  -60.656  -18.414 0.0000000000
24582  -2.372  -60.364  -19.149 0.0000000000
24583  -2.782  -59.905  -19.569 0.0000000000
24601  -5.254  -60.119  -21.888 0.0000000000
24613  -7.849  -60.413  -22.394 0.0000000000
24627  -2.025  -60.341  -22.823 0.0000000000
24677  -1.786  -59.879  -27.089 0.0000000000
25679  -3.383  -59.482  -20.227 0.0000000000
25714  -5.188  -59.216  -22.096 0.0000000000
25728  -6.458  -59.262  -22.592 0.0000000000
25730  -8.069  -59.817  -22.904 0.0000000000
25742  -1.607  -59.377  -23.652 0.0000000000
25743  -1.910  -59.307  -22.923 0.0000000000
25748  -10.065  -59.894  -24.148 0.0000000000
25791  -7.216  -59.207  -26.189 0.0000000000
26776  -4.395  -58.391  -21.037 0.0000000000
26790  -4.962  -58.302  -21.748 0.0000000000
26803  -5.640  -57.817  -22.232 0.0000000000
26816  -1.812  -58.608  -23.491 0.0000000000
26818  -2.813  -58.035  -23.385 0.0000000000
26820  -8.623  -58.797  -23.872 0.0000000000
26849  -1.421  -58.285  -25.005 0.0000000000
26854  -11.044  -58.277  -25.615 0.0000000000
27842  -5.813  -57.083  -21.925 0.0000000000
27854  -6.618  -57.123  -22.925 0.0000000000
27866  -8.672  -58.069  -24.289 0.0000000000
27874  -2.154  -57.180  -24.113 0.0000000000
27875  -2.975  -57.143  -23.810 0.0000000000
27876  -3.965  -57.121  -24.376 0.0000000000
27879  -9.712  -57.156  -25.142 0.0000000000
27913  -10.074  -57.817  -27.456 0.0000000000
28895  -7.080  -56.368  -22.851 0.0000000000
28909  -7.872  -56.494  -23.579 0.0000000000
28940  -10.677  -56.213  -25.639 0.0000000000
29112  -27.699  -56.352  -35.670 0.0000000000
29128  -27.569  -56.227  -36.137 0.0000000000
29928  -10.522  -55.032  -22.757 0.0000000000
29959  -10.228  -54.953  -24.513 0.0000000000
29978  -5.497  -55.532  -25.987 0.0000000000
29979  -6.285  -55.650  -26.168 0.0000000000
29980  -7.059  -55.828  -26.429 0.0000000000
29990  -8.432  -55.915  -26.815 0.0000000000
30022  -20.702  -55.151  -29.418 0.0000000000
30089  -22.651  -55.023  -32.704 0.0000000000
30166  -27.015  -55.322  -36.504 0.0000000000
31001  -4.128  -54.778  -26.745 0.0000000000
31002  -4.958  -55.050  -26.497 0.0000000000
31112  -21.235  -54.544  -31.838 0.0000000000
31220  -28.382  -55.171  -36.107 0.0000000000
32128  -13.582  -52.828  -25.910 0.0000000000
32144  -13.888  -53.017  -26.814 0.0000000000
32149  -18.341  -53.611  -27.715 0.0000000000
32166  -7.796  -53.476  -28.339 0.0000000000
32167  -8.977  -53.069  -28.553 0.0000000000
32171  -12.130  -53.442  -28.629 0.0000000000
32174  -17.763  -53.193  -28.352 0.0000000000
32189  -5.510  -52.764  -29.288 0.0000000000
32194  -17.841  -53.312  -29.201 0.0000000000
33307  -10.514  -52.782  -28.850 0.0000000000
33320  -8.758  -52.719  -29.383 0.0000000000
33324  -12.533  -52.715  -28.806 0.0000000000
33325  -13.844  -52.254  -29.012 0.0000000000
33354  -15.555  -51.821  -30.452 0.0000000000
34483  -11.702  -51.952  -29.531 0.0000000000
34485  -13.954  -51.502  -29.203 0.0000000000
34501  -15.135  -50.997  -29.642 0.0000000000
34515  -6.627  -50.717  -30.878 0.0000000000
35682  -13.590  -50.916  -29.856 0.0000000000
35683  -14.492  -50.909  -29.676 0.0000000000
35699  -13.232  -50.848  -30.796 0.0000000000
35700  -14.118  -50.762  -30.408 0.0000000000
35737  -5.081  -50.151  -32.524 0.0000000000
35740  -10.030  -50.063  -32.023 0.0000000000
35764  -19.471  -50.255  -33.947 0.0000000000
35777  -21.624  -50.404  -35.112 0.0000000000
36884  -12.858  -50.577  -32.248 0.0000000000
36905  -9.874  -49.317  -32.584 0.0000000000
36923  -14.971  -50.350  -34.125 0.0000000000
36954  -23.295  -49.736  -36.163 0.0000000000
38066  -6.845  -49.114  -33.691 0.0000000000
38122  -24.383  -49.072  -36.330 0.0000000000
40034  -16.785  -46.459  -35.858 0.0000000000
40043  -26.608  -46.819  -35.192 0.0000000000
40970  -12.553  -46.047  -35.031 0.0000000000
40980  -23.392  -45.869  -35.584 0.0000000000
40981  -25.115  -46.269  -35.567 0.0000000000
135858  -18.237  -85.281  -59.378 0.0000000000
135859  -17.493  -85.501  -59.130 0.0000000000
135861  -17.758  -83.494  -55.844 0.0000000000
135862  -18.106  -84.109  -57.079 0.0000000000
135864  -18.422  -83.430  -57.063 0.0000000000
135865  -17.541  -84.347  -56.503 0.0000000000
137728  -18.467  -82.740  -56.217 0.0000000000
137766  -0.692  -87.246  -37.713 0.0000000000
137900  -2.778  -77.583  -44.024 0.0000000000
137917  -10.657  -79.721  -63.344 0.0000000000
138191  -13.326  -71.548  -36.233 0.0000000000
138270  0.743  -80.498  -37.410 0.0000000000
138790  -0.789  -81.114  -56.057 0.0000000000
139091  0.020  -77.940  -54.640 0.0000000000
139139  -2.779  -85.642  -54.379 0.0000000000
139574  -4.745  -77.510  -44.601 0.0000000000
139576  -2.903  -82.243  -58.197 0.0000000000
139613  -1.214  -64.080  -27.553 0.0000000000
139668  2.761  -78.226  -48.094 0.0000000000
139730  -4.850  -80.240  -59.956 0.0000000000
139797  -10.318  -77.438  -41.261 0.0000000000
140291  -6.118  -76.126  -37.583 0.0000000000
140440  0.139  -86.065  -35.836 0.0000000000
140521  -28.296  -54.452  -36.328 0.0000000000
140625  -11.258  -71.517  -38.302 0.0000000000
141003  0.919  -73.018  -41.403 0.0000000000
141032  -1.163  -63.583  -25.450 0.0000000000
141049  -3.936  -68.181  -24.575 0.0000000000
141256  1.197  -82.973  -39.989 0.0000000000
141267  -9.645  -82.057  -62.405 0.0000000000
142817  -4.058  -86.959  -50.146 0.0000000000
142860  -8.144  -71.436  -39.142 0.0000000000
142977  0.168  -81.444  -50.632 0.0000000000
143074  -25.630  -56.616  -35.812 0.0000000000
143330  -1.051  -79.088  -57.697 0.0000000000
143450  -1.725  -68.950  -19.666 0.0000000000
143518  2.501  -78.738  -51.113 0.0000000000
143723  0.411  -82.392  -34.829 0.0000000000
143897  0.958  -78.186  -33.130 0.0000000000
144103  -4.830  -69.700  -28.957 0.0000000000
144139  -8.378  -88.947  -51.306 0.0000000000
144179  -3.940  -74.910  -41.834 0.0000000000
144182  -8.686  -55.027  -27.013 0.0000000000
144187  -5.304  -71.211  -30.885 0.0000000000
144193  -11.634  -74.188  -34.151 0.0000000000
144222  -12.051  -87.185  -58.144 0.0000000000
144301  -0.108  -70.374  -35.537 0.0000000000
144861  3.025  -80.358  -49.423 0.0000000000
144980  -3.346  -79.881  -49.598 0.0000000000
145299  -8.289  -83.214  -60.704 0.0000000000
145335  -1.229  -63.450  -26.484 0.0000000000
145484  0.635  -84.587  -46.073 0.0000000000
145662  -6.547  -65.184  -22.883 0.0000000000
145694  -12.856  -82.304  -63.342 0.0000000000
145755  -8.788  -80.651  -45.270 0.0000000000
146120  -7.439  -88.278  -53.867 0.0000000000
146462  2.299  -85.544  -43.237 0.0000000000
146614  1.699  -81.668  -42.166 0.0000000000
146944  -6.718  -63.578  -30.160 0.0000000000
146978  -5.145  -88.236  -48.731 0.0000000000
146979  -2.299  -71.327  -30.488 0.0000000000
146994  -17.822  -86.062  -53.663 0.0000000000
147002  -7.062  -75.387  -42.146 0.0000000000
147006  -17.796  -45.934  -36.021 0.0000000000
147067  -9.072  -56.869  -24.625 0.0000000000
147531  -0.756  -71.318  -36.572 0.0000000000
147610  -11.445  -78.297  -43.933 0.0000000000
147685  -7.232  -81.072  -54.990 0.0000000000
147762  -9.576  -83.635  -50.763 0.0000000000
147783  -11.453  -88.088  -55.714 0.0000000000
147799  -8.091  -75.017  -36.120 0.0000000000
147824  1.501  -83.683  -40.195 0.0000000000
147924  -10.568  -88.126  -55.615 0.0000000000
148201  -0.978  -71.955  -36.614 0.0000000000
148205  2.670  -79.358  -47.066 0.0000000000
148307  -9.115  -74.885  -32.534 0.0000000000
148450  2.110  -78.024  -52.794 0.0000000000
148564  0.527  -85.660  -37.376 0.0000000000
148649  -3.751  -72.681  -31.759 0.0000000000
148775  -15.605  -87.194  -56.221 0.0000000000
148812  -3.448  -66.657  -23.509 0.0000000000
148853  -4.333  -74.118  -36.959 0.0000000000
148890  -7.339  -84.058  -49.914 0.0000000000
149068  -20.061  -43.702  -36.515 0.0000000000
149122  -0.065  -72.665  -44.121 0.0000000000
149290  0.497  -85.745  -48.974 0.0000000000
149346  -0.552  -77.501  -42.067 0.0000000000
149848  -6.147  -83.792  -51.203 0.0000000000
149901  0.057  -80.201  -34.369 0.0000000000
150121  0.032  -80.999  -35.093 0.0000000000
150264  -4.766  -55.490  -25.889 0.0000000000
150416  -5.461  -79.192  -43.627 0.0000000000
150600  -15.827  -86.328  -53.822 0.0000000000
150628  -7.372  -75.349  -35.816 0.0000000000
150695  0.192  -86.367  -36.751 0.0000000000
150771  -2.772  -63.475  -19.378 0.0000000000
150795  -11.905  -76.574  -44.263 0.0000000000
151036  -5.533  -84.031  -49.970 0.0000000000
151060  -18.117  -44.245  -36.783 0.0000000000
151069  -0.357  -87.383  -39.251 0.0000000000
151185  -0.740  -75.452  -38.456 0.0000000000
151433  -11.744  -87.905  -56.415 0.0000000000
151804  -1.529  -84.943  -52.730 0.0000000000
151831  -1.031  -78.686  -45.066 0.0000000000
152083  -1.304  -83.803  -55.054 0.0000000000
152089  -8.167  -78.503  -42.843 0.0000000000
152124  -2.513  -83.903  -49.979 0.0000000000
152186  -4.329  -64.886  -28.008 0.0000000000
152189  -1.614  -62.651  -18.018 0.0000000000
152205  -8.997  -88.164  -54.073 0.0000000000
152243  -10.634  -64.013  -22.847 0.0000000000
152309  0.435  -86.857  -38.010 0.0000000000
152324  0.426  -82.940  -53.539 0.0000000000
152354  -8.057  -70.083  -33.557 0.0000000000
152485  1.088  -79.316  -45.483 0.0000000000
152506  -2.250  -79.272  -39.114 0.0000000000
152519  2.219  -77.187  -43.861 0.0000000000
152538  -10.182  -81.458  -46.359 0.0000000000
152600  -3.720  -87.787  -49.158 0.0000000000
152814  0.603  -69.087  -22.828 0.0000000000
152815  -7.258  -56.780  -26.488 0.0000000000
153011  -3.632  -84.142  -56.829 0.0000000000
153017  -0.168  -87.167  -37.911 0.0000000000
153125  -10.112  -51.953  -30.445 0.0000000000
153389  -4.873  -71.883  -31.237 0.0000000000
153398  -26.304  -51.400  -36.478 0.0000000000
153400  -28.026  -53.165  -36.447 0.0000000000
153644  -11.020  -55.514  -25.685 0.0000000000
153942  -11.676  -72.443  -31.643 0.0000000000
153993  0.421  -81.178  -33.209 0.0000000000
154027  -10.082  -88.086  -53.926 0.0000000000
154199  -12.532  -83.284  -55.207 0.0000000000
154254  -1.890  -81.129  -45.766 0.0000000000
154255  -4.336  -78.780  -46.373 0.0000000000
154270  -0.757  -76.709  -40.203 0.0000000000
154342  -11.246  -53.972  -27.950 0.0000000000
154483  -4.712  -71.716  -26.562 0.0000000000
154509  -12.124  -66.962  -33.364 0.0000000000
154516  -3.701  -53.532  -28.318 0.0000000000
154630  -1.988  -68.377  -28.899 0.0000000000
154632  -16.447  -84.384  -54.562 0.0000000000
154766  -0.195  -74.839  -38.345 0.0000000000
154814  -9.684  -74.136  -38.765 0.0000000000
154977  -7.577  -52.145  -30.179 0.0000000000
156505  -7.114  -81.576  -60.343 0.0000000000
157105  2.224  -84.048  -42.441 0.0000000000
157146  -11.379  -81.779  -63.386 0.0000000000
157517  -5.261  -86.539  -55.631 0.0000000000
157532  2.663  -77.636  -45.827 0.0000000000
157554  -11.134  -75.310  -41.549 0.0000000000
157772  -4.121  -87.472  -53.385 0.0000000000
157792  -18.986  -84.182  -58.396 0.0000000000
157839  -0.780  -87.457  -40.289 0.0000000000
158001  -3.877  -81.048  -59.098 0.0000000000
158157  -0.296  -86.587  -35.491 0.0000000000
158176  -5.407  -76.515  -37.551 0.0000000000
158523  -12.210  -83.215  -58.100 0.0000000000
158590  -0.017  -68.921  -31.367 0.0000000000
158598  0.231  -85.596  -35.187 0.0000000000
158680  -11.358  -83.645  -62.230 0.0000000000
158972  -1.476  -78.439  -30.194 0.0000000000
159167  1.783  -82.224  -51.612 0.0000000000
159203  -8.975  -55.632  -24.021 0.0000000000
159213  -6.322  -83.278  -59.295 0.0000000000
159321  -4.729  -78.447  -45.902 0.0000000000
159377  -3.100  -75.012  -37.988 0.0000000000
159396  -9.749  -72.179  -31.187 0.0000000000
159830  -4.864  -73.067  -35.363 0.0000000000
160057  -9.302  -80.016  -62.475 0.0000000000
160219  0.503  -83.391  -48.446 0.0000000000
160460  -15.160  -81.938  -62.977 0.0000000000
160649  -18.971  -47.336  -34.999 0.0000000000
160664  -9.517  -82.494  -57.685 0.0000000000
160699  -11.338  -73.687  -37.367 0.0000000000
160776  1.555  -81.410  -42.522 0.0000000000
160918  0.032  -81.851  -46.669 0.0000000000
160999  -13.080  -71.696  -36.833 0.0000000000
161133  -13.639  -59.571  -27.029 0.0000000000
161265  -1.555  -79.446  -54.200 0.0000000000
161579  -5.695  -65.949  -25.681 0.0000000000
161799  2.143  -83.068  -46.321 0.0000000000
161818  -4.800  -83.995  -57.904 0.0000000000
161994  -2.905  -77.939  -35.874 0.0000000000
161995  -12.262  -82.876  -54.348 0.0000000000
162073  -5.070  -86.095  -56.062 0.0000000000
162088  0.404  -84.920  -34.200 0.0000000000
162177  -9.587  -88.087  -53.713 0.0000000000
162213  -14.366  -87.458  -56.034 0.0000000000
162229  -7.896  -79.726  -61.361 0.0000000000
162309  -13.375  -67.581  -32.903 0.0000000000
162373  -12.128  -80.349  -63.979 0.0000000000
162515  -6.108  -78.975  -48.486 0.0000000000
162770  -20.656  -80.925  -57.282 0.0000000000
162784  -4.581  -63.421  -25.072 0.0000000000
162798  -5.374  -76.380  -36.161 0.0000000000
162918  -6.882  -78.369  -46.737 0.0000000000
163476  -1.869  -76.027  -39.161 0.0000000000
163591  -10.302  -76.577  -40.448 0.0000000000
163598  -24.314  -51.563  -36.323 0.0000000000
163818  -5.683  -76.278  -61.634 0.0000000000
164172  -24.195  -55.183  -36.126 0.0000000000
164204  -12.282  -87.693  -56.417 0.0000000000
164613  -7.036  -83.832  -54.298 0.0000000000
164616  -6.396  -51.306  -30.507 0.0000000000
164674  -0.185  -80.661  -43.632 0.0000000000
164708  0.572  -84.788  -49.409 0.0000000000
164989  -15.119  -60.650  -29.822 0.0000000000
165139  0.654  -84.732  -37.635 0.0000000000
165242  -9.362  -70.903  -33.949 0.0000000000
165519  -5.320  -79.179  -47.547 0.0000000000
165693  1.516  -78.353  -37.830 0.0000000000
165808  -4.015  -74.223  -38.943 0.0000000000
165921  -3.202  -76.568  -33.880 0.0000000000
166131  0.098  -80.389  -41.941 0.0000000000
166146  0.165  -86.960  -37.625 0.0000000000
166151  -1.543  -69.972  -28.371 0.0000000000
166170  1.750  -76.590  -42.749 0.0000000000
166419  -1.411  -63.562  -28.960 0.0000000000
166531  -9.707  -71.684  -39.791 0.0000000000
166539  1.020  -81.635  -32.100 0.0000000000
