#!ascii label  , from subject sub-v1s14x0051558_ses-1 vox2ras=TkReg
5313
473  4.854  -87.974  -49.101 0.0000000000
23709  2.495  -56.647  -44.222 0.0000000000
11432  -0.377  -68.964  -23.991 0.0000000000
17614  -1.497  -62.309  -54.180 0.0000000000
38898  15.810  -42.990  -40.290 0.0000000000
4051  4.824  -79.704  -51.451 0.0000000000
20466  -3.816  -59.308  -31.187 0.0000000000
30039  4.000  -49.905  -34.659 0.0000000000
34762  8.592  -47.245  -50.038 0.0000000000
861  10.856  -86.546  -36.570 0.0000000000
1467  7.888  -84.211  -30.133 0.0000000000
2657  2.083  -81.801  -26.010 0.0000000000
20431  9.080  -59.405  -27.914 0.0000000000
8068  7.810  -74.064  -53.874 0.0000000000
15396  8.683  -64.597  -43.039 0.0000000000
718  12.275  -87.659  -51.534 0.0000000000
3409  10.190  -80.011  -47.951 0.0000000000
1967  5.079  -83.096  -50.137 0.0000000000
147520  10.241  -45.786  -44.441 0.0000000000
131561  9.207  -83.193  -36.337 0.0000000000
128761  2.745  -79.483  -19.184 0.0000000000
6301  -2.931  -75.722  -20.605 0.0000000000
9878  -4.739  -69.707  -25.783 0.0000000000
131030  11.981  -51.476  -29.210 0.0000000000
22531  11.353  -57.382  -33.268 0.0000000000
25636  17.201  -54.404  -34.616 0.0000000000
13703  0.016  -66.346  -61.275 0.0000000000
10310  7.737  -70.156  -59.822 0.0000000000
12687  3.933  -67.017  -53.929 0.0000000000
11793  9.477  -68.823  -53.636 0.0000000000
17657  6.271  -62.345  -57.695 0.0000000000
22653  -3.221  -57.277  -40.667 0.0000000000
17374  1.046  -62.988  -38.362 0.0000000000
20626  2.641  -60.206  -46.116 0.0000000000
36781  27.237  -44.249  -40.334 0.0000000000
750  6.415  -86.956  -56.439 0.0000000000
11798  -1.197  -69.247  -54.344 0.0000000000
27743  -3.119  -51.849  -32.460 0.0000000000
150391  -0.644  -51.160  -40.338 0.0000000000
34674  3.217  -46.457  -42.639 0.0000000000
132  9.124  -90.237  -43.189 0.0000000000
439  0.906  -87.923  -45.427 0.0000000000
10  4.090  -90.648  -39.846 0.0000000000
4383  4.472  -78.920  -27.652 0.0000000000
1070  3.821  -85.619  -24.216 0.0000000000
15117  2.579  -63.897  -24.478 0.0000000000
142870  24.183  -48.961  -32.979 0.0000000000
41053  22.465  -40.751  -33.691 0.0000000000
396  15.764  -88.266  -40.444 0.0000000000
1937  9.005  -83.182  -45.400 0.0000000000
2049  2.552  -82.766  -58.722 0.0000000000
3529  9.817  -81.122  -58.681 0.0000000000
15341  -2.518  -64.605  -39.298 0.0000000000
16420  -0.210  -63.837  -45.934 0.0000000000
17520  1.293  -62.098  -47.814 0.0000000000
130390  11.296  -58.965  -50.857 0.0000000000
296  8.995  -89.112  -50.074 0.0000000000
129969  8.744  -85.591  -51.212 0.0000000000
996  4.874  -86.680  -51.441 0.0000000000
148046  -2.717  -69.408  -20.858 0.0000000000
6948  -2.601  -73.998  -18.254 0.0000000000
8413  -2.589  -72.745  -21.712 0.0000000000
7748  -5.241  -73.277  -23.915 0.0000000000
9868  -2.045  -70.563  -24.991 0.0000000000
25605  11.636  -53.395  -33.430 0.0000000000
25589  14.200  -55.026  -31.055 0.0000000000
23540  15.036  -55.947  -33.990 0.0000000000
15615  -0.882  -64.466  -57.923 0.0000000000
13666  2.643  -65.822  -57.569 0.0000000000
15561  1.198  -64.404  -53.778 0.0000000000
130803  4.604  -64.637  -55.990 0.0000000000
18761  2.235  -61.908  -57.120 0.0000000000
23713  -2.513  -56.576  -45.424 0.0000000000
20588  -0.529  -59.576  -43.863 0.0000000000
144551  -0.134  -57.028  -48.277 0.0000000000
41130  25.857  -40.389  -38.475 0.0000000000
137075  24.169  -42.722  -39.616 0.0000000000
5935  6.760  -76.835  -48.879 0.0000000000
5948  9.070  -76.416  -48.859 0.0000000000
4063  7.268  -79.711  -52.292 0.0000000000
153470  8.590  -84.888  -53.739 0.0000000000
2009  5.784  -83.503  -53.352 0.0000000000
31120  0.062  -49.411  -33.528 0.0000000000
28922  -1.153  -51.616  -36.263 0.0000000000
32326  -0.142  -48.425  -37.200 0.0000000000
35718  17.301  -45.464  -39.160 0.0000000000
33541  13.661  -47.387  -41.332 0.0000000000
35800  8.269  -45.742  -46.893 0.0000000000
35764  5.927  -45.190  -44.226 0.0000000000
90  9.722  -90.614  -38.573 0.0000000000
23  6.063  -91.058  -41.428 0.0000000000
388  8.063  -87.838  -39.380 0.0000000000
1831  9.687  -83.462  -32.617 0.0000000000
588  8.238  -87.611  -35.572 0.0000000000
335  9.250  -88.813  -32.409 0.0000000000
308  7.433  -87.778  -28.766 0.0000000000
2125  0.694  -82.235  -20.521 0.0000000000
2136  4.696  -82.841  -21.166 0.0000000000
1424  1.138  -84.692  -24.761 0.0000000000
130226  9.925  -59.314  -25.277 0.0000000000
17159  9.311  -62.432  -24.118 0.0000000000
19365  5.402  -60.878  -25.094 0.0000000000
18244  -0.350  -61.962  -25.268 0.0000000000
144858  3.680  -59.236  -27.607 0.0000000000
139952  20.009  -47.437  -34.406 0.0000000000
140608  25.901  -48.146  -33.604 0.0000000000
36684  24.728  -44.040  -32.709 0.0000000000
37742  27.029  -43.051  -33.672 0.0000000000
334  11.912  -88.210  -32.846 0.0000000000
134548  15.073  -86.217  -34.589 0.0000000000
198  12.386  -88.850  -37.181 0.0000000000
230  12.758  -89.593  -41.825 0.0000000000
8785  7.145  -72.338  -56.690 0.0000000000
8123  7.042  -74.198  -59.874 0.0000000000
6709  7.070  -75.779  -56.521 0.0000000000
2955  7.221  -81.695  -57.681 0.0000000000
4719  9.257  -79.028  -55.075 0.0000000000
6695  10.665  -75.840  -53.813 0.0000000000
16249  -3.439  -63.033  -34.915 0.0000000000
14331  4.943  -65.143  -39.764 0.0000000000
141526  0.457  -63.519  -42.217 0.0000000000
13475  3.639  -66.285  -44.054 0.0000000000
12586  1.421  -67.341  -47.157 0.0000000000
16418  4.449  -63.825  -45.024 0.0000000000
1644  11.457  -84.388  -50.317 0.0000000000
2884  7.883  -81.448  -50.080 0.0000000000
3411  6.020  -79.724  -47.194 0.0000000000
41165  14.154  -41.084  -42.561 0.0000000000
136993  9.957  -42.747  -45.880 0.0000000000
37902  10.128  -43.633  -47.163 0.0000000000
1534  10.830  -83.827  -38.696 0.0000000000
3884  12.497  -79.525  -36.709 0.0000000000
3859  10.021  -79.250  -34.653 0.0000000000
3266  6.742  -80.360  -33.380 0.0000000000
146196  2.800  -76.333  -21.908 0.0000000000
6287  0.382  -75.180  -19.304 0.0000000000
3672  -0.227  -78.946  -18.090 0.0000000000
3131  -1.089  -79.773  -22.781 0.0000000000
4969  -1.416  -77.008  -24.281 0.0000000000
24542  11.239  -55.458  -29.387 0.0000000000
22499  6.264  -57.105  -30.301 0.0000000000
25591  8.528  -53.775  -31.658 0.0000000000
23544  7.644  -55.876  -33.975 0.0000000000
25686  19.720  -54.851  -37.327 0.0000000000
13711  4.192  -66.667  -61.645 0.0000000000
11861  6.437  -68.348  -57.119 0.0000000000
11015  7.607  -69.823  -53.945 0.0000000000
9404  8.980  -71.510  -50.867 0.0000000000
13613  6.940  -66.540  -53.153 0.0000000000
13663  8.214  -65.848  -57.483 0.0000000000
22589  -3.111  -57.685  -36.081 0.0000000000
133231  -1.703  -60.864  -35.172 0.0000000000
146376  0.773  -59.182  -39.039 0.0000000000
18527  2.332  -62.275  -42.519 0.0000000000
18538  5.808  -61.768  -43.622 0.0000000000
133503  23.068  -46.502  -39.670 0.0000000000
37790  21.290  -44.091  -38.854 0.0000000000
38894  19.352  -42.560  -40.071 0.0000000000
746  9.956  -86.618  -56.326 0.0000000000
1389  7.850  -85.458  -59.505 0.0000000000
12731  -1.761  -67.634  -58.286 0.0000000000
14539  -1.635  -65.641  -54.416 0.0000000000
140184  -4.045  -55.480  -31.853 0.0000000000
25655  -3.033  -54.719  -36.058 0.0000000000
25732  -2.359  -54.251  -40.701 0.0000000000
24728  0.857  -55.025  -42.861 0.0000000000
134946  6.894  -50.708  -38.185 0.0000000000
32367  5.797  -48.344  -41.279 0.0000000000
145920  2.960  -47.554  -38.464 0.0000000000
31270  0.999  -48.819  -40.846 0.0000000000
27896  2.911  -52.645  -42.397 0.0000000000
24723  5.489  -56.109  -42.403 0.0000000000
681  6.079  -87.632  -46.486 0.0000000000
272  2.403  -89.261  -47.376 0.0000000000
149711  5.864  -86.606  -43.788 0.0000000000
408  3.598  -87.519  -42.567 0.0000000000
875  6.185  -86.071  -38.849 0.0000000000
82  3.836  -89.872  -37.416 0.0000000000
2691  5.322  -81.496  -30.010 0.0000000000
134109  3.095  -79.549  -23.832 0.0000000000
2173  6.411  -82.888  -25.725 0.0000000000
1106  4.163  -85.023  -27.409 0.0000000000
154092  1.681  -67.126  -25.659 0.0000000000
13234  -2.433  -66.008  -24.251 0.0000000000
14183  -4.042  -65.398  -26.511 0.0000000000
27823  21.600  -52.160  -37.144 0.0000000000
32309  23.749  -47.766  -36.196 0.0000000000
28866  22.718  -51.829  -33.020 0.0000000000
27768  25.039  -52.273  -34.685 0.0000000000
39973  27.631  -41.589  -36.848 0.0000000000
607  18.310  -86.819  -37.949 0.0000000000
1216  11.679  -85.760  -42.766 0.0000000000
128554  8.936  -86.108  -44.339 0.0000000000
956  7.538  -85.511  -48.142 0.0000000000
1304  1.194  -85.935  -49.667 0.0000000000
1951  2.865  -82.909  -48.012 0.0000000000
1682  3.301  -85.248  -53.243 0.0000000000
1382  5.457  -83.917  -57.008 0.0000000000
127972  6.013  -82.467  -60.283 0.0000000000
145711  4.327  -80.501  -60.614 0.0000000000
4169  8.508  -79.477  -62.925 0.0000000000
19575  -3.788  -60.964  -39.048 0.0000000000
18544  -2.900  -61.189  -43.416 0.0000000000
13575  -1.487  -66.586  -49.796 0.0000000000
13590  0.615  -67.023  -51.129 0.0000000000
18655  -1.291  -61.033  -50.333 0.0000000000
21694  6.940  -58.261  -47.351 0.0000000000
20619  9.571  -59.826  -45.341 0.0000000000
22723  13.510  -57.852  -48.546 0.0000000000
17496  9.838  -62.423  -46.475 0.0000000000
19669  6.298  -60.857  -48.923 0.0000000000
20712  3.870  -58.922  -50.069 0.0000000000
21792  2.262  -58.556  -52.341 0.0000000000
19746  4.457  -60.322  -53.241 0.0000000000
17557  6.652  -62.834  -51.749 0.0000000000
288  7.412  -88.640  -49.751 0.0000000000
494  6.577  -88.044  -51.521 0.0000000000
482  5.156  -88.268  -50.759 0.0000000000
11423  -2.004  -68.712  -22.260 0.0000000000
9096  -1.700  -71.850  -20.990 0.0000000000
9107  -0.783  -71.620  -23.357 0.0000000000
139722  -2.056  -72.287  -23.250 0.0000000000
9866  -0.571  -70.332  -25.150 0.0000000000
26623  14.093  -52.986  -29.932 0.0000000000
25571  15.503  -55.072  -30.392 0.0000000000
16602  -1.824  -63.381  -55.536 0.0000000000
148892  0.709  -64.639  -55.604 0.0000000000
16582  -0.044  -63.242  -54.245 0.0000000000
17611  1.298  -62.581  -54.385 0.0000000000
17636  0.773  -61.699  -54.539 0.0000000000
129695  -0.307  -56.254  -45.368 0.0000000000
22704  -1.571  -57.745  -46.531 0.0000000000
24774  1.099  -55.260  -46.361 0.0000000000
41132  24.163  -40.194  -38.647 0.0000000000
5287  5.933  -77.367  -50.124 0.0000000000
5319  7.126  -77.884  -50.896 0.0000000000
4065  5.987  -79.656  -52.051 0.0000000000
143251  6.793  -82.209  -53.543 0.0000000000
2916  5.479  -81.690  -52.665 0.0000000000
31141  2.367  -49.202  -34.312 0.0000000000
32279  -0.046  -48.441  -34.686 0.0000000000
128843  1.743  -48.015  -35.793 0.0000000000
36785  16.605  -44.269  -39.518 0.0000000000
34625  15.325  -46.372  -40.439 0.0000000000
135987  14.593  -45.418  -40.768 0.0000000000
34713  7.869  -46.088  -48.292 0.0000000000
366  10.416  -88.993  -36.663 0.0000000000
207  8.082  -89.751  -38.180 0.0000000000
610  9.852  -87.030  -38.628 0.0000000000
1821  8.790  -83.517  -31.397 0.0000000000
827  9.239  -86.063  -32.388 0.0000000000
1118  9.034  -86.091  -30.695 0.0000000000
322  8.772  -88.354  -30.474 0.0000000000
804  7.969  -86.360  -28.702 0.0000000000
2157  0.585  -82.648  -23.235 0.0000000000
2148  1.237  -83.422  -21.836 0.0000000000
2166  1.347  -83.203  -24.738 0.0000000000
19378  10.485  -59.979  -26.760 0.0000000000
18266  8.772  -61.187  -26.043 0.0000000000
20408  7.218  -59.380  -26.543 0.0000000000
20410  5.003  -59.845  -26.306 0.0000000000
21445  6.452  -58.566  -27.604 0.0000000000
35587  23.522  -45.158  -32.434 0.0000000000
841  11.027  -86.460  -34.303 0.0000000000
172  12.103  -89.201  -34.326 0.0000000000
180  11.153  -89.138  -35.704 0.0000000000
78  11.503  -90.166  -37.488 0.0000000000
146025  7.365  -72.757  -55.221 0.0000000000
131759  7.037  -74.135  -56.232 0.0000000000
133858  6.918  -75.152  -54.929 0.0000000000
147709  7.357  -78.139  -55.146 0.0000000000
5996  7.960  -76.387  -53.942 0.0000000000
5349  10.088  -77.373  -54.470 0.0000000000
6680  9.510  -75.854  -53.327 0.0000000000
18379  -3.868  -61.521  -32.222 0.0000000000
14341  6.820  -65.424  -41.075 0.0000000000
14358  3.929  -65.741  -41.604 0.0000000000
13472  5.855  -65.869  -43.258 0.0000000000
13508  4.317  -66.076  -44.671 0.0000000000
15408  6.791  -64.595  -44.122 0.0000000000
1310  13.386  -85.354  -51.637 0.0000000000
988  12.265  -86.334  -51.839 0.0000000000
1649  6.790  -84.183  -51.110 0.0000000000
2407  8.123  -83.264  -50.653 0.0000000000
2398  6.213  -81.936  -50.383 0.0000000000
3421  6.366  -80.159  -49.021 0.0000000000
2876  5.204  -81.625  -48.455 0.0000000000
40041  12.918  -41.423  -42.774 0.0000000000
154979  12.242  -40.111  -43.385 0.0000000000
41201  9.308  -40.493  -44.561 0.0000000000
150050  9.970  -43.168  -46.434 0.0000000000
5116  8.753  -76.618  -35.310 0.0000000000
3850  7.756  -79.160  -34.166 0.0000000000
4461  6.723  -77.843  -34.107 0.0000000000
152075  0.081  -72.934  -17.970 0.0000000000
6288  -2.891  -75.419  -18.977 0.0000000000
5553  -1.324  -76.114  -17.833 0.0000000000
4927  -1.657  -77.638  -19.099 0.0000000000
3685  -1.044  -79.283  -19.574 0.0000000000
4947  -1.424  -77.622  -21.561 0.0000000000
4341  -1.426  -78.435  -23.582 0.0000000000
5615  -1.411  -76.208  -22.498 0.0000000000
149022  -5.106  -70.960  -24.495 0.0000000000
7760  -4.273  -73.764  -25.763 0.0000000000
136460  11.511  -53.754  -29.161 0.0000000000
24553  10.522  -55.069  -30.325 0.0000000000
26639  10.445  -53.199  -30.516 0.0000000000
24578  11.581  -55.956  -32.908 0.0000000000
139345  9.543  -54.740  -33.513 0.0000000000
131292  9.866  -56.989  -33.438 0.0000000000
134038  16.011  -55.074  -34.105 0.0000000000
24646  14.992  -55.606  -36.142 0.0000000000
25669  16.684  -54.610  -36.163 0.0000000000
24662  18.591  -55.828  -37.376 0.0000000000
26708  17.899  -53.773  -36.285 0.0000000000
13712  2.532  -66.335  -61.627 0.0000000000
12717  3.635  -66.795  -55.591 0.0000000000
12730  4.577  -67.095  -57.063 0.0000000000
12704  5.282  -67.709  -55.814 0.0000000000
11826  6.599  -68.678  -55.595 0.0000000000
148227  5.935  -68.365  -53.776 0.0000000000
10991  6.686  -68.762  -52.572 0.0000000000
13601  5.054  -66.322  -52.795 0.0000000000
15628  5.417  -63.744  -58.520 0.0000000000
14586  6.156  -65.032  -57.483 0.0000000000
141228  7.743  -63.353  -56.539 0.0000000000
22620  -2.970  -58.108  -38.403 0.0000000000
21573  -1.387  -58.533  -37.552 0.0000000000
135810  -0.952  -58.319  -39.926 0.0000000000
146479  0.932  -60.415  -45.678 0.0000000000
19592  1.455  -61.227  -43.242 0.0000000000
19606  2.366  -61.269  -44.741 0.0000000000
17445  4.510  -62.587  -43.024 0.0000000000
19605  4.682  -60.992  -44.650 0.0000000000
35727  25.102  -45.598  -40.278 0.0000000000
130331  22.935  -41.991  -39.783 0.0000000000
37811  22.811  -43.698  -39.168 0.0000000000
38882  21.717  -42.970  -39.494 0.0000000000
37814  19.631  -43.768  -39.027 0.0000000000
40021  20.337  -41.994  -40.524 0.0000000000
2423  10.938  -82.493  -52.153 0.0000000000
1006  7.953  -86.527  -54.133 0.0000000000
735  9.359  -87.286  -54.738 0.0000000000
140576  8.548  -87.244  -55.646 0.0000000000
1038  8.943  -86.064  -57.615 0.0000000000
755  7.516  -86.180  -58.016 0.0000000000
155358  -2.855  -67.639  -55.711 0.0000000000
11846  -2.698  -68.531  -57.671 0.0000000000
11844  -0.890  -68.591  -56.523 0.0000000000
13655  -1.573  -66.582  -56.916 0.0000000000
12688  -0.087  -68.064  -54.507 0.0000000000
140282  -1.298  -51.808  -31.673 0.0000000000
25595  -2.707  -53.282  -30.752 0.0000000000
24558  -2.890  -55.000  -30.168 0.0000000000
148508  -3.501  -54.252  -32.065 0.0000000000
134838  -3.271  -55.030  -34.643 0.0000000000
26693  -3.128  -52.873  -34.197 0.0000000000
28968  0.037  -51.693  -38.519 0.0000000000
26759  -0.842  -53.638  -38.152 0.0000000000
27875  -1.626  -52.627  -40.647 0.0000000000
25754  -1.683  -54.099  -42.911 0.0000000000
26817  -0.735  -52.757  -42.295 0.0000000000
35760  11.889  -45.126  -43.602 0.0000000000
34647  11.332  -46.434  -42.952 0.0000000000
35744  4.371  -45.669  -43.526 0.0000000000
33556  5.452  -46.948  -42.485 0.0000000000
33545  4.034  -46.652  -41.325 0.0000000000
33515  4.095  -47.731  -39.641 0.0000000000
34628  2.648  -46.542  -40.324 0.0000000000
33534  1.418  -47.511  -39.830 0.0000000000
33558  2.232  -47.723  -41.537 0.0000000000
29045  4.000  -51.830  -45.328 0.0000000000
147639  2.999  -51.638  -44.142 0.0000000000
26847  4.311  -53.024  -44.202 0.0000000000
25771  3.623  -54.099  -42.801 0.0000000000
249  8.151  -88.409  -44.942 0.0000000000
133671  6.789  -88.055  -44.995 0.0000000000
248  7.573  -88.580  -43.950 0.0000000000
25  4.807  -91.045  -40.788 0.0000000000
137  4.306  -89.977  -43.254 0.0000000000
127  2.931  -90.052  -43.030 0.0000000000
237  1.106  -89.065  -42.480 0.0000000000
119  1.934  -90.155  -41.604 0.0000000000
1873  9.423  -83.083  -38.315 0.0000000000
1537  7.908  -85.024  -39.492 0.0000000000
1183  8.276  -85.282  -37.407 0.0000000000
59  7.359  -90.126  -35.783 0.0000000000
191  6.616  -89.412  -36.623 0.0000000000
132092  6.242  -79.428  -30.468 0.0000000000
3199  6.208  -80.148  -28.260 0.0000000000
4322  2.763  -78.257  -20.929 0.0000000000
4331  2.372  -78.138  -22.747 0.0000000000
3715  3.084  -79.782  -22.181 0.0000000000
144884  4.402  -84.539  -22.324 0.0000000000
2146  5.415  -83.068  -22.801 0.0000000000
1419  5.702  -84.459  -24.634 0.0000000000
1776  5.344  -83.963  -26.799 0.0000000000
1079  4.694  -85.333  -25.437 0.0000000000
775  4.486  -86.548  -27.239 0.0000000000
778  2.260  -86.368  -26.306 0.0000000000
130768  5.665  -63.133  -24.232 0.0000000000
15091  8.064  -64.232  -23.234 0.0000000000
15129  4.752  -65.344  -25.110 0.0000000000
13231  4.326  -66.245  -24.954 0.0000000000
14167  2.354  -65.554  -25.444 0.0000000000
13250  -0.524  -66.647  -25.580 0.0000000000
14152  0.089  -64.963  -24.461 0.0000000000
18267  -1.052  -61.245  -26.457 0.0000000000
17189  -2.899  -62.780  -25.216 0.0000000000
23505  4.763  -56.614  -31.632 0.0000000000
22486  3.553  -57.447  -30.419 0.0000000000
28902  20.077  -51.708  -36.879 0.0000000000
30035  20.954  -50.268  -36.598 0.0000000000
33420  23.053  -47.276  -33.792 0.0000000000
32267  21.995  -47.877  -34.781 0.0000000000
32286  24.259  -48.331  -35.100 0.0000000000
28899  23.575  -50.292  -35.784 0.0000000000
134004  23.806  -50.437  -32.833 0.0000000000
27748  24.162  -52.301  -33.111 0.0000000000
28864  24.928  -50.729  -33.286 0.0000000000
33451  27.196  -47.490  -34.950 0.0000000000
31155  26.886  -49.841  -35.937 0.0000000000
31174  27.498  -49.477  -36.755 0.0000000000
38825  27.376  -42.135  -35.249 0.0000000000
153013  25.488  -40.948  -34.581 0.0000000000
41099  25.750  -40.260  -35.828 0.0000000000
555  17.235  -86.984  -32.246 0.0000000000
130753  14.779  -86.551  -38.030 0.0000000000
590  16.872  -85.531  -36.817 0.0000000000
609  17.038  -87.264  -38.753 0.0000000000
894  15.281  -87.328  -41.157 0.0000000000
130  10.739  -90.192  -42.868 0.0000000000
128645  11.065  -87.955  -43.621 0.0000000000
423  9.663  -88.497  -44.703 0.0000000000
942  7.583  -86.544  -45.708 0.0000000000
948  10.506  -86.618  -46.640 0.0000000000
955  9.344  -86.640  -47.500 0.0000000000
1611  8.374  -84.049  -46.761 0.0000000000
448  1.519  -88.894  -46.474 0.0000000000
477  0.875  -87.773  -48.760 0.0000000000
691  0.431  -87.508  -47.080 0.0000000000
2847  3.817  -81.128  -45.432 0.0000000000
1719  6.255  -83.639  -57.939 0.0000000000
128357  5.881  -83.375  -58.844 0.0000000000
143373  6.242  -71.036  -61.379 0.0000000000
2466  8.091  -82.304  -57.790 0.0000000000
2042  6.178  -82.544  -58.948 0.0000000000
128256  7.562  -82.274  -60.237 0.0000000000
3568  6.358  -79.918  -62.249 0.0000000000
2997  8.208  -80.438  -61.583 0.0000000000
3552  9.487  -80.009  -61.274 0.0000000000
4134  9.977  -79.428  -58.986 0.0000000000
10978  9.544  -69.772  -50.792 0.0000000000
18466  -0.323  -61.618  -37.211 0.0000000000
18468  -2.457  -60.816  -37.243 0.0000000000
17377  -1.062  -61.610  -38.814 0.0000000000
138720  0.693  -63.585  -44.042 0.0000000000
17435  -0.715  -62.263  -43.028 0.0000000000
135537  -0.866  -62.079  -45.291 0.0000000000
18596  -3.024  -60.985  -46.353 0.0000000000
16457  -1.627  -62.422  -47.636 0.0000000000
15490  -2.436  -63.279  -49.829 0.0000000000
15447  -1.272  -64.885  -47.604 0.0000000000
15446  1.513  -64.532  -46.965 0.0000000000
13573  1.191  -66.629  -49.076 0.0000000000
15488  0.600  -64.713  -49.472 0.0000000000
15505  -0.248  -63.721  -50.791 0.0000000000
18644  0.168  -61.559  -48.917 0.0000000000
23781  7.616  -56.134  -49.438 0.0000000000
22749  8.677  -57.137  -48.219 0.0000000000
21667  8.443  -58.678  -46.690 0.0000000000
22727  10.281  -57.637  -47.479 0.0000000000
20671  12.379  -59.750  -48.794 0.0000000000
19657  11.851  -60.700  -46.833 0.0000000000
133193  9.851  -60.583  -48.476 0.0000000000
18613  7.644  -61.681  -47.632 0.0000000000
144782  9.058  -59.662  -49.478 0.0000000000
149929  7.826  -56.566  -54.294 0.0000000000
21749  6.468  -57.724  -51.243 0.0000000000
22806  5.502  -56.498  -52.331 0.0000000000
21752  2.808  -57.409  -51.360 0.0000000000
22827  3.995  -56.887  -53.328 0.0000000000
20769  2.851  -59.478  -53.534 0.0000000000
480  10.779  -88.559  -50.873 0.0000000000
990  10.392  -86.815  -51.897 0.0000000000
733  9.011  -87.522  -52.095 0.0000000000
1315  6.325  -85.774  -51.342 0.0000000000
1300  4.821  -85.203  -50.974 0.0000000000
8352  -0.992  -72.355  -17.855 0.0000000000
9076  -2.193  -71.779  -18.972 0.0000000000
7704  -3.331  -73.434  -19.579 0.0000000000
6994  -4.579  -74.369  -20.355 0.0000000000
6329  -4.318  -75.135  -21.681 0.0000000000
8415  -4.900  -72.462  -22.314 0.0000000000
9133  -4.359  -70.857  -23.436 0.0000000000
9870  -4.744  -69.467  -24.011 0.0000000000
28819  13.654  -50.314  -29.213 0.0000000000
27715  11.503  -51.592  -30.872 0.0000000000
27725  13.552  -51.885  -31.244 0.0000000000
26662  13.421  -53.457  -32.639 0.0000000000
142235  13.294  -56.047  -32.238 0.0000000000
22529  12.956  -57.439  -33.534 0.0000000000
23513  14.521  -56.208  -31.914 0.0000000000
24575  15.858  -55.601  -32.685 0.0000000000
25602  17.087  -54.781  -32.143 0.0000000000
146521  -0.014  -65.128  -59.631 0.0000000000
14621  1.765  -65.071  -59.733 0.0000000000
14588  0.752  -64.732  -58.210 0.0000000000
14553  1.875  -65.626  -55.992 0.0000000000
13617  2.990  -65.830  -53.288 0.0000000000
144962  4.460  -65.159  -53.352 0.0000000000
16580  3.193  -63.873  -54.109 0.0000000000
16622  2.990  -63.414  -57.050 0.0000000000
18781  3.363  -62.133  -58.072 0.0000000000
23677  -3.331  -56.803  -43.191 0.0000000000
21623  -1.907  -58.320  -42.277 0.0000000000
151315  -2.571  -58.266  -44.999 0.0000000000
20650  -1.143  -59.196  -46.559 0.0000000000
21699  0.857  -58.447  -47.922 0.0000000000
38877  27.418  -42.127  -40.229 0.0000000000
137728  25.603  -43.895  -39.973 0.0000000000
38879  25.212  -42.267  -39.656 0.0000000000
134563  23.480  -41.310  -39.563 0.0000000000
4610  8.651  -77.937  -47.678 0.0000000000
149162  9.301  -77.022  -46.946 0.0000000000
137638  8.266  -76.482  -48.361 0.0000000000
4668  8.250  -78.587  -51.311 0.0000000000
3460  8.529  -80.711  -52.543 0.0000000000
2432  9.280  -82.773  -53.061 0.0000000000
2921  7.766  -81.565  -53.341 0.0000000000
1678  7.050  -84.548  -53.849 0.0000000000
1008  6.289  -86.362  -54.289 0.0000000000
30003  -2.074  -50.208  -32.928 0.0000000000
28895  -2.791  -51.091  -34.195 0.0000000000
30040  -2.016  -49.792  -34.561 0.0000000000
30050  -0.573  -50.070  -36.432 0.0000000000
132857  -0.161  -49.880  -38.820 0.0000000000
34614  18.348  -46.889  -39.239 0.0000000000
32362  14.386  -48.718  -40.415 0.0000000000
34693  5.455  -45.765  -45.286 0.0000000000
33576  4.159  -46.921  -44.414 0.0000000000
113  9.829  -90.559  -40.891 0.0000000000
29  7.880  -90.715  -42.443 0.0000000000
15  8.095  -91.009  -39.857 0.0000000000
137613  6.619  -91.016  -39.314 0.0000000000
218  5.140  -89.530  -39.475 0.0000000000
130839  9.810  -83.434  -34.143 0.0000000000
1163  8.640  -85.668  -35.788 0.0000000000
1157  8.820  -86.227  -34.447 0.0000000000
344  8.813  -88.498  -33.965 0.0000000000
44  8.070  -90.139  -33.909 0.0000000000
2580  2.013  -81.261  -18.476 0.0000000000
140607  3.851  -81.110  -20.193 0.0000000000
1739  2.595  -83.430  -20.290 0.0000000000
1402  2.381  -84.306  -21.749 0.0000000000
1062  2.292  -84.820  -23.864 0.0000000000
768  0.683  -86.172  -25.926 0.0000000000
17187  7.698  -62.167  -25.023 0.0000000000
18239  4.308  -62.171  -24.319 0.0000000000
132137  0.965  -63.104  -24.245 0.0000000000
18255  3.097  -61.595  -25.088 0.0000000000
19386  2.159  -60.352  -26.370 0.0000000000
20414  0.843  -59.749  -27.102 0.0000000000
33405  23.680  -47.222  -33.150 0.0000000000
32252  25.388  -48.500  -33.140 0.0000000000
34504  24.984  -46.187  -32.436 0.0000000000
35614  25.879  -45.834  -32.832 0.0000000000
35637  27.334  -45.862  -34.245 0.0000000000
36702  27.941  -44.421  -34.806 0.0000000000
37726  26.382  -43.516  -33.167 0.0000000000
139804  23.865  -42.119  -33.312 0.0000000000
39928  22.080  -41.492  -33.343 0.0000000000
327  13.639  -88.180  -31.441 0.0000000000
557  15.760  -87.236  -33.218 0.0000000000
340  13.930  -88.316  -33.805 0.0000000000
365  13.556  -87.198  -36.554 0.0000000000
130225  13.298  -88.070  -38.601 0.0000000000
135760  13.983  -89.220  -40.649 0.0000000000
99  12.903  -89.688  -39.253 0.0000000000
111  10.964  -90.345  -40.103 0.0000000000
934  0.270  -86.675  -43.860 0.0000000000
10274  7.154  -71.067  -57.942 0.0000000000
134572  7.799  -72.002  -59.763 0.0000000000
8799  7.238  -72.672  -57.620 0.0000000000
137698  7.347  -74.817  -57.981 0.0000000000
6052  7.429  -77.381  -58.209 0.0000000000
4135  7.067  -79.493  -58.390 0.0000000000
4747  7.292  -79.067  -57.331 0.0000000000
3506  7.865  -80.597  -56.319 0.0000000000
3504  9.742  -80.814  -56.657 0.0000000000
4125  10.380  -79.402  -57.702 0.0000000000
4730  10.481  -78.503  -55.924 0.0000000000
132909  10.998  -76.395  -55.181 0.0000000000
15308  -2.048  -64.471  -36.661 0.0000000000
16319  2.972  -64.543  -38.786 0.0000000000
15340  -0.091  -63.936  -39.421 0.0000000000
14345  2.646  -65.453  -40.476 0.0000000000
14377  2.405  -64.936  -42.957 0.0000000000
14409  1.177  -65.982  -44.739 0.0000000000
13521  -0.290  -66.860  -46.314 0.0000000000
13511  1.768  -67.077  -45.420 0.0000000000
15428  3.120  -65.326  -46.040 0.0000000000
16454  2.715  -63.256  -46.215 0.0000000000
1321  17.289  -85.914  -52.587 0.0000000000
132036  14.660  -84.641  -51.699 0.0000000000
1975  12.674  -83.618  -50.147 0.0000000000
2384  10.491  -82.052  -49.028 0.0000000000
1298  10.116  -85.111  -50.765 0.0000000000
145190  9.699  -82.956  -49.830 0.0000000000
139299  8.984  -80.817  -49.140 0.0000000000
4013  7.817  -79.384  -48.956 0.0000000000
4612  6.685  -78.126  -48.159 0.0000000000
5289  4.546  -77.574  -49.155 0.0000000000
40032  15.510  -42.038  -41.385 0.0000000000
36792  14.120  -44.215  -40.978 0.0000000000
154852  13.576  -42.585  -42.038 0.0000000000
36819  11.730  -44.429  -44.269 0.0000000000
41180  11.096  -40.671  -43.443 0.0000000000
38947  10.598  -42.553  -44.659 0.0000000000
36838  10.167  -44.576  -45.781 0.0000000000
36848  9.553  -44.595  -46.686 0.0000000000
148424  9.248  -44.662  -47.476 0.0000000000
35835  8.970  -45.273  -48.805 0.0000000000
1162  11.732  -84.875  -35.451 0.0000000000
1182  11.030  -85.397  -37.776 0.0000000000
1865  12.127  -83.127  -36.948 0.0000000000
2781  11.996  -81.210  -37.422 0.0000000000
3313  10.926  -80.648  -37.113 0.0000000000
3886  11.524  -78.925  -36.439 0.0000000000
2751  10.421  -81.236  -35.322 0.0000000000
2734  10.067  -81.535  -33.630 0.0000000000
2722  8.534  -81.704  -32.695 0.0000000000
2227  7.220  -82.661  -31.781 0.0000000000
5586  1.695  -76.119  -20.601 0.0000000000
4926  1.624  -77.321  -19.144 0.0000000000
136100  -1.118  -74.654  -17.571 0.0000000000
4917  0.535  -77.392  -17.944 0.0000000000
3661  0.990  -79.340  -17.868 0.0000000000
3100  0.137  -80.529  -18.880 0.0000000000
2616  -0.266  -81.302  -21.266 0.0000000000
2644  -0.178  -81.326  -24.255 0.0000000000
3191  0.975  -80.634  -27.193 0.0000000000
3152  -1.211  -80.139  -24.620 0.0000000000
6343  -3.220  -75.212  -23.347 0.0000000000
21467  10.362  -58.214  -29.302 0.0000000000
21457  7.439  -58.183  -28.611 0.0000000000
22497  9.519  -56.989  -30.257 0.0000000000
23502  7.497  -56.303  -30.639 0.0000000000
24568  6.512  -55.171  -32.365 0.0000000000
154657  9.412  -53.000  -32.530 0.0000000000
25621  7.287  -54.676  -33.222 0.0000000000
24610  5.864  -56.265  -34.205 0.0000000000
23575  13.792  -56.033  -35.754 0.0000000000
1143  13.016  -85.125  -33.642 0.0000000000
12776  6.392  -67.699  -60.862 0.0000000000
13673  3.682  -65.996  -59.075 0.0000000000
12747  5.918  -67.450  -58.743 0.0000000000
11879  7.156  -68.874  -58.593 0.0000000000
11046  7.241  -69.938  -56.658 0.0000000000
10234  7.928  -70.908  -55.303 0.0000000000
8760  8.380  -72.205  -53.763 0.0000000000
8750  8.541  -72.975  -52.710 0.0000000000
10200  8.191  -71.054  -52.497 0.0000000000
136681  8.187  -69.040  -51.262 0.0000000000
141213  8.286  -67.566  -53.430 0.0000000000
14552  5.617  -65.413  -54.771 0.0000000000
13637  7.552  -66.629  -55.636 0.0000000000
12702  8.757  -67.655  -55.748 0.0000000000
12713  10.118  -67.080  -56.469 0.0000000000
22537  -2.951  -57.947  -33.694 0.0000000000
19478  -2.925  -60.010  -33.382 0.0000000000
21524  -1.605  -58.955  -34.837 0.0000000000
20526  0.476  -60.044  -36.620 0.0000000000
19558  1.648  -60.728  -38.327 0.0000000000
20571  0.511  -59.479  -41.463 0.0000000000
19577  1.545  -60.778  -40.725 0.0000000000
17393  2.101  -62.935  -39.412 0.0000000000
16374  4.323  -63.570  -40.646 0.0000000000
16388  5.851  -63.473  -41.760 0.0000000000
17431  7.872  -63.037  -42.349 0.0000000000
33496  21.216  -47.101  -38.768 0.0000000000
36782  24.040  -44.525  -39.353 0.0000000000
35702  22.130  -45.674  -38.698 0.0000000000
34604  19.905  -46.498  -38.700 0.0000000000
136071  19.177  -44.285  -38.717 0.0000000000
37793  18.367  -43.808  -39.100 0.0000000000
38896  17.484  -42.520  -40.350 0.0000000000
41156  19.542  -40.366  -41.746 0.0000000000
149407  9.810  -84.905  -53.539 0.0000000000
1387  9.641  -85.359  -59.234 0.0000000000
1734  8.324  -83.955  -61.161 0.0000000000
13197  -1.763  -66.626  -21.108 0.0000000000
11882  -3.073  -68.699  -59.231 0.0000000000
12767  -1.764  -66.833  -59.985 0.0000000000
148224  -1.452  -65.148  -58.139 0.0000000000
14572  -2.274  -64.469  -56.243 0.0000000000
15549  -2.505  -63.460  -54.474 0.0000000000
23706  5.221  -56.877  -44.434 0.0000000000
145358  3.616  -54.885  -46.276 0.0000000000
149501  -3.861  -59.197  -29.121 0.0000000000
22506  -3.872  -56.883  -29.817 0.0000000000
136802  -4.139  -57.626  -31.090 0.0000000000
23549  -3.609  -56.403  -33.474 0.0000000000
23602  -3.382  -56.610  -36.483 0.0000000000
24683  -3.258  -56.026  -38.351 0.0000000000
26737  -2.099  -53.495  -36.417 0.0000000000
25702  -2.172  -54.717  -38.355 0.0000000000
24717  -2.952  -55.910  -41.064 0.0000000000
25774  -2.318  -55.133  -43.100 0.0000000000
24746  -0.659  -55.057  -44.191 0.0000000000
23694  1.219  -56.482  -43.581 0.0000000000
30048  5.371  -50.469  -35.694 0.0000000000
34637  12.775  -46.459  -42.048 0.0000000000
146517  11.397  -48.118  -42.122 0.0000000000
32380  9.803  -48.966  -41.660 0.0000000000
32383  7.229  -48.886  -42.059 0.0000000000
31251  7.924  -49.362  -40.369 0.0000000000
31225  5.874  -49.405  -39.696 0.0000000000
31201  4.757  -49.013  -38.646 0.0000000000
140098  3.684  -48.574  -36.927 0.0000000000
33486  1.345  -47.758  -37.718 0.0000000000
151063  0.271  -48.019  -39.070 0.0000000000
30125  0.142  -49.989  -40.622 0.0000000000
27883  1.571  -52.214  -41.431 0.0000000000
25737  1.739  -53.613  -41.752 0.0000000000
24725  3.028  -56.033  -41.906 0.0000000000
22680  3.740  -57.402  -42.950 0.0000000000
22677  6.206  -57.096  -43.427 0.0000000000
697  4.217  -86.875  -47.498 0.0000000000
291  3.969  -88.672  -49.100 0.0000000000
137261  4.593  -89.283  -47.049 0.0000000000
144770  4.041  -89.180  -45.668 0.0000000000
139250  3.208  -86.553  -44.770 0.0000000000
240  6.122  -89.535  -43.444 0.0000000000
902  5.228  -85.829  -42.812 0.0000000000
1238  2.783  -84.963  -43.703 0.0000000000
639  1.492  -86.836  -42.390 0.0000000000
882  9.306  -86.269  -39.611 0.0000000000
620  6.308  -87.173  -40.180 0.0000000000
622  4.024  -87.324  -39.311 0.0000000000
150219  7.135  -87.003  -37.389 0.0000000000
149324  4.535  -87.576  -37.921 0.0000000000
96  2.750  -89.596  -39.012 0.0000000000
4431  6.056  -78.824  -31.886 0.0000000000
3239  5.393  -80.852  -31.791 0.0000000000
1812  4.617  -83.356  -30.747 0.0000000000
3749  3.994  -79.410  -26.147 0.0000000000
3128  4.104  -80.745  -22.416 0.0000000000
2642  5.108  -81.136  -24.441 0.0000000000
3174  5.497  -80.483  -26.670 0.0000000000
2196  6.451  -82.388  -27.719 0.0000000000
1801  3.459  -83.617  -28.909 0.0000000000
1448  5.848  -84.805  -28.787 0.0000000000
796  6.690  -86.435  -27.837 0.0000000000
523  4.828  -87.225  -28.189 0.0000000000
13213  1.399  -66.264  -22.678 0.0000000000
12300  1.101  -68.037  -24.689 0.0000000000
10683  -0.874  -68.790  -26.267 0.0000000000
11461  -2.717  -67.924  -24.692 0.0000000000
12303  -4.328  -67.618  -24.680 0.0000000000
16111  -1.776  -63.543  -24.151 0.0000000000
15123  -3.548  -64.727  -24.559 0.0000000000
12328  -4.593  -67.450  -26.285 0.0000000000
11498  -3.637  -68.233  -28.483 0.0000000000
21472  5.007  -58.035  -28.886 0.0000000000
21461  2.820  -58.469  -28.803 0.0000000000
26691  18.721  -53.559  -34.370 0.0000000000
27789  19.120  -52.758  -36.518 0.0000000000
26744  20.505  -53.359  -37.230 0.0000000000
26705  21.616  -53.454  -35.470 0.0000000000
31134  20.397  -49.136  -34.542 0.0000000000
31133  21.151  -49.740  -35.058 0.0000000000
30055  22.855  -50.177  -36.963 0.0000000000
27770  22.491  -51.874  -34.806 0.0000000000
30015  25.831  -49.851  -34.427 0.0000000000
35712  27.803  -45.365  -39.929 0.0000000000
130933  28.559  -44.269  -36.376 0.0000000000
143808  28.434  -43.440  -37.231 0.0000000000
37788  28.366  -42.862  -39.644 0.0000000000
39980  27.360  -41.315  -37.793 0.0000000000
1152  20.301  -85.354  -34.527 0.0000000000
572  16.496  -85.567  -34.549 0.0000000000
849  18.522  -86.264  -35.692 0.0000000000
1917  10.176  -82.933  -43.003 0.0000000000
1924  8.679  -83.124  -43.620 0.0000000000
644  12.472  -88.003  -42.682 0.0000000000
1227  9.253  -85.181  -43.349 0.0000000000
1585  7.596  -84.054  -44.469 0.0000000000
1599  6.561  -84.135  -45.757 0.0000000000
148789  5.120  -85.455  -46.828 0.0000000000
696  6.003  -86.714  -48.740 0.0000000000
469  13.148  -87.766  -49.565 0.0000000000
284  12.022  -88.765  -49.569 0.0000000000
276  9.826  -89.205  -48.734 0.0000000000
463  8.570  -88.541  -48.816 0.0000000000
474  3.087  -88.297  -49.965 0.0000000000
981  2.617  -86.643  -50.680 0.0000000000
1302  2.862  -84.964  -50.003 0.0000000000
1956  4.057  -82.966  -48.948 0.0000000000
2858  4.718  -81.489  -46.641 0.0000000000
3991  4.721  -78.874  -46.223 0.0000000000
4641  3.787  -78.252  -49.352 0.0000000000
4052  4.060  -80.225  -51.007 0.0000000000
2416  4.186  -82.500  -51.902 0.0000000000
134529  4.791  -84.714  -53.128 0.0000000000
135139  5.294  -86.728  -54.899 0.0000000000
1041  5.426  -85.640  -56.842 0.0000000000
140334  6.677  -84.683  -58.684 0.0000000000
1736  7.304  -83.611  -60.075 0.0000000000
2502  8.341  -82.499  -61.481 0.0000000000
2956  6.477  -80.979  -58.024 0.0000000000
2480  3.944  -81.624  -58.672 0.0000000000
128022  2.991  -81.822  -59.957 0.0000000000
145521  5.014  -81.258  -61.425 0.0000000000
3006  7.081  -81.117  -61.255 0.0000000000
3010  9.503  -80.501  -62.570 0.0000000000
3577  10.156  -79.841  -62.743 0.0000000000
8060  10.043  -74.001  -51.933 0.0000000000
18433  -3.923  -61.311  -35.417 0.0000000000
17341  -4.196  -61.904  -37.051 0.0000000000
16324  -3.853  -63.486  -38.746 0.0000000000
17411  -1.528  -61.688  -40.801 0.0000000000
18522  -2.876  -61.590  -41.597 0.0000000000
16360  -3.783  -63.103  -41.118 0.0000000000
12638  -1.544  -67.999  -51.335 0.0000000000
12603  -0.266  -67.690  -48.204 0.0000000000
11754  0.085  -68.582  -50.605 0.0000000000
12654  0.345  -68.219  -52.459 0.0000000000
130636  -0.211  -66.236  -52.421 0.0000000000
16530  -1.959  -63.515  -52.582 0.0000000000
18683  -2.087  -61.085  -52.200 0.0000000000
25801  1.401  -54.609  -47.912 0.0000000000
23767  1.415  -56.097  -48.958 0.0000000000
22734  3.263  -57.797  -48.183 0.0000000000
22753  4.897  -57.096  -48.514 0.0000000000
147339  4.960  -59.098  -46.930 0.0000000000
20622  6.060  -60.098  -45.784 0.0000000000
144921  8.274  -60.852  -44.578 0.0000000000
17440  9.847  -62.343  -43.913 0.0000000000
21664  11.940  -58.916  -46.522 0.0000000000
18574  11.033  -61.338  -45.291 0.0000000000
16407  9.211  -63.938  -44.511 0.0000000000
16437  7.525  -63.121  -45.942 0.0000000000
17500  5.539  -62.298  -47.346 0.0000000000
18633  3.738  -61.706  -48.429 0.0000000000
20709  7.146  -59.054  -50.285 0.0000000000
20687  5.171  -59.834  -49.655 0.0000000000
19686  2.752  -60.431  -49.347 0.0000000000
20691  1.548  -59.540  -49.934 0.0000000000
20730  -0.054  -59.015  -51.073 0.0000000000
19748  0.133  -60.292  -53.168 0.0000000000
19770  1.634  -60.667  -54.493 0.0000000000
19785  3.264  -60.581  -56.166 0.0000000000
18734  5.252  -61.351  -55.936 0.0000000000
17575  5.432  -61.913  -52.552 0.0000000000
17609  6.406  -62.630  -54.694 0.0000000000
16553  7.334  -63.698  -53.521 0.0000000000
151148  6.701  -88.516  -49.883 0.0000000000
298  6.420  -88.470  -50.244 0.0000000000
299  5.530  -88.389  -50.196 0.0000000000
11422  -1.153  -68.414  -23.097 0.0000000000
10648  -1.345  -69.488  -22.993 0.0000000000
10647  -0.614  -69.952  -23.684 0.0000000000
9857  -0.568  -70.943  -23.807 0.0000000000
10657  -0.360  -69.972  -24.505 0.0000000000
16584  -2.002  -62.961  -54.814 0.0000000000
16583  -1.179  -62.966  -54.780 0.0000000000
17612  0.311  -62.202  -54.213 0.0000000000
133205  -0.472  -61.922  -54.069 0.0000000000
23710  1.511  -56.418  -44.226 0.0000000000
23731  0.422  -55.868  -46.044 0.0000000000
151018  1.549  -55.880  -45.104 0.0000000000
4653  5.443  -78.144  -50.701 0.0000000000
4671  5.833  -78.699  -51.299 0.0000000000
4050  5.567  -79.369  -51.640 0.0000000000
3463  5.460  -80.168  -52.036 0.0000000000
30021  4.260  -50.963  -34.388 0.0000000000
143771  3.399  -50.585  -34.247 0.0000000000
31140  3.153  -49.559  -34.512 0.0000000000
32295  1.885  -48.434  -34.891 0.0000000000
32294  2.606  -48.464  -35.552 0.0000000000
36786  16.133  -43.715  -39.916 0.0000000000
35728  15.169  -45.342  -40.323 0.0000000000
37820  15.399  -43.527  -40.236 0.0000000000
34741  8.282  -46.370  -49.185 0.0000000000
34714  7.268  -46.630  -47.948 0.0000000000
34742  7.651  -47.175  -49.160 0.0000000000
592  10.622  -87.270  -36.980 0.0000000000
601  9.767  -87.873  -37.962 0.0000000000
600  10.308  -87.123  -37.890 0.0000000000
1809  8.370  -83.858  -30.770 0.0000000000
1125  9.167  -85.170  -31.052 0.0000000000
1119  8.756  -85.530  -30.269 0.0000000000
811  8.813  -86.425  -29.990 0.0000000000
1120  8.246  -85.018  -29.773 0.0000000000
140243  0.463  -81.987  -24.523 0.0000000000
2167  0.837  -82.700  -24.110 0.0000000000
2175  1.738  -82.475  -25.674 0.0000000000
20418  9.749  -59.805  -27.599 0.0000000000
19398  9.105  -60.028  -27.198 0.0000000000
19399  8.038  -59.197  -27.235 0.0000000000
20419  6.308  -59.016  -26.808 0.0000000000
21444  7.306  -58.533  -27.787 0.0000000000
146125  10.847  -86.684  -35.740 0.0000000000
586  10.848  -87.252  -35.024 0.0000000000
587  10.780  -87.399  -36.044 0.0000000000
148864  10.822  -88.904  -36.129 0.0000000000
149765  7.398  -73.503  -54.674 0.0000000000
134567  7.041  -74.272  -55.280 0.0000000000
132118  7.264  -74.503  -54.459 0.0000000000
6696  7.071  -75.984  -54.498 0.0000000000
6682  7.767  -75.624  -53.842 0.0000000000
148547  8.575  -76.001  -53.530 0.0000000000
147420  8.274  -74.548  -53.380 0.0000000000
18363  -3.973  -60.870  -30.619 0.0000000000
144178  -4.034  -61.627  -31.010 0.0000000000
19461  -3.893  -60.778  -31.774 0.0000000000
14374  7.648  -65.431  -41.965 0.0000000000
13446  6.459  -66.150  -41.678 0.0000000000
14390  7.669  -65.487  -42.634 0.0000000000
14404  6.409  -65.279  -43.642 0.0000000000
15397  7.484  -65.179  -43.479 0.0000000000
717  13.029  -87.369  -51.462 0.0000000000
1001  12.998  -86.591  -52.133 0.0000000000
1002  11.929  -86.896  -52.143 0.0000000000
146034  5.384  -83.602  -50.555 0.0000000000
1981  6.652  -83.263  -50.875 0.0000000000
2399  5.459  -82.241  -49.984 0.0000000000
2886  5.852  -81.385  -49.754 0.0000000000
2400  4.775  -82.638  -49.405 0.0000000000
5749  8.267  -75.975  -34.958 0.0000000000
5104  7.447  -77.382  -34.544 0.0000000000
134027  -2.998  -75.642  -19.730 0.0000000000
5575  -2.357  -76.146  -19.272 0.0000000000
5588  -2.260  -76.236  -20.149 0.0000000000
4938  -1.756  -77.838  -20.016 0.0000000000
5587  -1.728  -77.053  -20.706 0.0000000000
5601  -1.499  -76.646  -21.691 0.0000000000
6312  -2.559  -75.656  -21.541 0.0000000000
9143  -4.905  -70.491  -25.173 0.0000000000
132652  -4.667  -71.449  -25.555 0.0000000000
9886  -4.527  -70.446  -26.378 0.0000000000
133851  -4.466  -70.018  -27.037 0.0000000000
28797  12.524  -50.801  -28.545 0.0000000000
26624  11.123  -53.482  -29.893 0.0000000000
130301  10.945  -52.299  -30.435 0.0000000000
22518  11.458  -56.967  -32.831 0.0000000000
23528  10.844  -56.381  -33.044 0.0000000000
22532  10.370  -57.384  -33.820 0.0000000000
22548  9.757  -57.041  -35.144 0.0000000000
22547  10.672  -57.241  -34.862 0.0000000000
22561  11.886  -57.200  -34.913 0.0000000000
25637  16.420  -54.744  -34.588 0.0000000000
25653  16.503  -54.592  -35.367 0.0000000000
25668  17.460  -54.435  -36.581 0.0000000000
25652  17.220  -54.216  -35.720 0.0000000000
13702  0.902  -65.977  -61.331 0.0000000000
13638  3.422  -66.726  -54.555 0.0000000000
12716  4.471  -67.269  -55.984 0.0000000000
12705  4.764  -67.526  -55.178 0.0000000000
12685  5.349  -67.878  -54.922 0.0000000000
12686  4.671  -67.511  -54.177 0.0000000000
12670  5.090  -67.509  -53.232 0.0000000000
12653  4.413  -66.476  -52.941 0.0000000000
17687  5.595  -62.882  -58.882 0.0000000000
15612  6.398  -64.322  -58.349 0.0000000000
16635  6.799  -63.353  -58.469 0.0000000000
16620  7.101  -62.809  -57.032 0.0000000000
22643  -3.205  -57.464  -39.717 0.0000000000
143687  -1.803  -58.189  -39.335 0.0000000000
21603  -1.795  -58.071  -40.695 0.0000000000
134259  1.718  -60.461  -45.895 0.0000000000
19631  1.618  -60.877  -45.182 0.0000000000
154122  2.964  -60.559  -45.582 0.0000000000
132749  3.941  -61.089  -44.644 0.0000000000
20625  3.514  -60.360  -45.735 0.0000000000
36790  26.316  -44.659  -40.367 0.0000000000
40014  22.232  -42.194  -39.922 0.0000000000
38892  21.282  -42.337  -40.144 0.0000000000
2900  11.291  -81.322  -51.444 0.0000000000
2912  10.660  -81.784  -51.854 0.0000000000
738  7.121  -87.366  -55.113 0.0000000000
737  7.914  -87.329  -55.259 0.0000000000
743  7.895  -87.232  -55.993 0.0000000000
748  7.988  -86.790  -56.873 0.0000000000
754  6.672  -86.482  -56.891 0.0000000000
11799  -1.912  -68.469  -54.404 0.0000000000
11815  -1.803  -68.687  -55.400 0.0000000000
11035  -0.899  -69.268  -55.057 0.0000000000
153809  -0.275  -68.250  -55.227 0.0000000000
11020  -0.438  -69.163  -54.301 0.0000000000
27742  -2.208  -51.495  -31.569 0.0000000000
27730  -1.848  -52.185  -31.129 0.0000000000
145987  -2.734  -52.330  -31.045 0.0000000000
26655  -3.214  -53.135  -31.167 0.0000000000
27744  -3.268  -52.664  -32.507 0.0000000000
26678  -3.275  -53.281  -33.219 0.0000000000
27756  -3.211  -52.488  -33.207 0.0000000000
28986  -0.492  -51.195  -39.492 0.0000000000
27863  -0.706  -52.202  -39.285 0.0000000000
27874  -1.136  -51.873  -40.166 0.0000000000
27885  -1.416  -52.614  -41.545 0.0000000000
27884  -0.552  -52.071  -41.678 0.0000000000
35761  11.179  -45.395  -44.376 0.0000000000
34668  10.161  -46.205  -43.663 0.0000000000
35762  9.151  -45.968  -44.017 0.0000000000
34673  3.741  -45.815  -43.058 0.0000000000
34654  3.907  -45.812  -42.750 0.0000000000
34639  3.511  -45.953  -41.960 0.0000000000
150432  3.169  -46.019  -41.366 0.0000000000
34640  2.935  -45.982  -41.624 0.0000000000
34641  2.588  -46.395  -41.184 0.0000000000
33557  2.688  -47.057  -42.033 0.0000000000
27925  3.688  -52.331  -44.675 0.0000000000
26846  5.438  -53.046  -44.224 0.0000000000
26838  4.950  -53.699  -43.643 0.0000000000
133269  8.792  -89.519  -44.275 0.0000000000
247  7.961  -88.541  -44.462 0.0000000000
141  8.142  -89.760  -44.049 0.0000000000
18  4.162  -90.984  -40.379 0.0000000000
34  3.909  -90.830  -42.008 0.0000000000
144738  3.349  -90.782  -41.416 0.0000000000
151173  2.712  -90.297  -41.698 0.0000000000
12  2.908  -90.473  -40.300 0.0000000000
1867  9.192  -83.005  -37.414 0.0000000000
1874  8.848  -83.593  -38.002 0.0000000000
1868  8.843  -83.827  -36.963 0.0000000000
3773  5.489  -79.502  -27.999 0.0000000000
4314  2.734  -78.587  -20.020 0.0000000000
136584  2.670  -78.599  -21.687 0.0000000000
3695  3.110  -79.525  -20.267 0.0000000000
1059  4.328  -85.283  -23.728 0.0000000000
1413  4.742  -84.837  -23.278 0.0000000000
1420  5.007  -85.057  -24.056 0.0000000000
1068  5.134  -85.101  -24.761 0.0000000000
764  4.024  -85.851  -25.315 0.0000000000
130051  3.630  -85.944  -26.115 0.0000000000
765  3.429  -86.060  -25.377 0.0000000000
16106  4.126  -63.490  -24.491 0.0000000000
152189  5.601  -63.914  -24.509 0.0000000000
15115  4.533  -64.466  -24.978 0.0000000000
15130  3.966  -65.205  -25.350 0.0000000000
15132  1.942  -64.632  -24.793 0.0000000000
14151  1.104  -65.011  -24.739 0.0000000000
15118  1.149  -64.263  -24.224 0.0000000000
18278  -0.984  -61.019  -27.171 0.0000000000
23517  4.998  -56.321  -32.545 0.0000000000
22509  3.795  -56.992  -31.354 0.0000000000
28867  20.354  -51.331  -33.975 0.0000000000
28889  20.652  -51.334  -34.965 0.0000000000
30018  20.668  -50.623  -34.507 0.0000000000
32253  23.692  -47.803  -33.711 0.0000000000
33436  23.381  -47.348  -34.348 0.0000000000
134049  23.880  -48.878  -33.415 0.0000000000
31113  23.490  -49.557  -33.727 0.0000000000
31101  23.841  -49.704  -33.024 0.0000000000
29981  24.150  -50.903  -32.794 0.0000000000
31100  24.597  -49.415  -32.876 0.0000000000
34561  27.576  -46.676  -34.963 0.0000000000
33468  27.552  -48.116  -35.634 0.0000000000
150141  23.581  -41.382  -33.521 0.0000000000
39950  24.062  -40.830  -33.957 0.0000000000
41079  24.458  -40.353  -34.444 0.0000000000
379  15.196  -87.322  -38.916 0.0000000000
370  15.968  -86.471  -38.464 0.0000000000
386  16.537  -88.072  -39.965 0.0000000000
889  16.538  -87.492  -40.467 0.0000000000
147310  15.992  -88.053  -41.200 0.0000000000
397  15.221  -88.381  -41.141 0.0000000000
131  10.019  -90.163  -43.384 0.0000000000
244  10.525  -89.328  -44.083 0.0000000000
140  9.384  -90.051  -43.969 0.0000000000
246  8.888  -88.826  -44.908 0.0000000000
1596  10.476  -84.095  -45.621 0.0000000000
1259  9.652  -85.233  -46.793 0.0000000000
1944  8.690  -83.635  -46.088 0.0000000000
449  0.935  -88.297  -46.083 0.0000000000
458  0.911  -88.408  -47.035 0.0000000000
450  0.443  -87.529  -46.284 0.0000000000
2035  3.529  -82.380  -57.056 0.0000000000
148903  4.122  -83.464  -56.883 0.0000000000
155301  5.045  -83.528  -58.156 0.0000000000
2048  3.224  -83.283  -58.474 0.0000000000
10325  7.442  -70.544  -60.465 0.0000000000
2490  8.816  -82.136  -58.978 0.0000000000
2491  8.117  -82.566  -59.393 0.0000000000
2979  8.848  -81.831  -59.912 0.0000000000
2990  8.060  -81.812  -60.708 0.0000000000
2988  9.367  -81.129  -60.413 0.0000000000
3542  9.750  -80.770  -59.912 0.0000000000
3541  9.996  -80.192  -59.445 0.0000000000
138460  9.743  -69.420  -51.565 0.0000000000
10977  10.399  -70.221  -51.077 0.0000000000
10988  10.551  -69.980  -52.214 0.0000000000
17355  0.332  -62.112  -37.914 0.0000000000
18485  -0.851  -61.597  -37.876 0.0000000000
17376  -0.237  -62.293  -38.442 0.0000000000
16419  0.406  -63.929  -45.233 0.0000000000
17453  -0.284  -62.573  -44.665 0.0000000000
16421  -0.751  -62.793  -46.282 0.0000000000
17462  -1.452  -61.774  -46.013 0.0000000000
16442  -1.102  -62.955  -47.020 0.0000000000
131303  -1.282  -63.741  -47.486 0.0000000000
15431  -0.995  -64.818  -46.854 0.0000000000
16456  1.084  -63.644  -47.137 0.0000000000
15487  0.866  -65.020  -48.681 0.0000000000
16468  0.663  -63.351  -47.715 0.0000000000
16469  0.367  -63.118  -48.489 0.0000000000
18636  0.714  -61.865  -48.299 0.0000000000
23779  9.605  -56.125  -49.331 0.0000000000
22748  9.671  -57.123  -48.133 0.0000000000
23759  10.137  -56.606  -48.689 0.0000000000
20704  12.971  -59.362  -50.389 0.0000000000
149048  11.511  -59.785  -49.260 0.0000000000
148175  11.662  -60.211  -48.445 0.0000000000
20682  10.587  -59.531  -49.616 0.0000000000
145004  9.203  -60.155  -48.942 0.0000000000
20683  9.731  -59.257  -49.898 0.0000000000
22805  6.182  -56.501  -52.600 0.0000000000
151474  4.735  -56.206  -53.224 0.0000000000
21789  4.535  -57.522  -53.718 0.0000000000
302  10.148  -88.850  -50.624 0.0000000000
498  10.079  -88.088  -52.033 0.0000000000
491  9.235  -88.278  -51.518 0.0000000000
724  6.023  -87.582  -51.614 0.0000000000
994  6.567  -86.743  -51.558 0.0000000000
1316  5.706  -86.195  -51.387 0.0000000000
1661  5.687  -85.250  -51.199 0.0000000000
1317  4.372  -85.990  -51.122 0.0000000000
9791  -2.066  -71.052  -19.215 0.0000000000
9097  -2.188  -71.287  -20.124 0.0000000000
8412  -1.946  -72.669  -21.510 0.0000000000
8386  -2.524  -72.942  -19.890 0.0000000000
8400  -2.701  -72.968  -20.697 0.0000000000
7690  -4.104  -73.891  -19.479 0.0000000000
8401  -3.722  -72.955  -21.173 0.0000000000
8402  -4.689  -72.947  -21.645 0.0000000000
8414  -3.914  -72.510  -21.921 0.0000000000
137987  -2.067  -71.287  -24.450 0.0000000000
9121  -3.677  -71.656  -22.893 0.0000000000
140758  -3.402  -70.383  -23.890 0.0000000000
143998  -4.420  -69.997  -23.810 0.0000000000
10666  -3.128  -69.425  -24.308 0.0000000000
28795  13.940  -50.630  -29.183 0.0000000000
28818  13.726  -50.918  -29.902 0.0000000000
148296  14.003  -51.326  -29.618 0.0000000000
25573  14.071  -54.113  -30.946 0.0000000000
139184  13.869  -53.422  -31.809 0.0000000000
25590  13.837  -54.421  -31.763 0.0000000000
25603  13.300  -54.781  -32.451 0.0000000000
24576  13.814  -55.407  -31.719 0.0000000000
23526  13.872  -56.578  -32.266 0.0000000000
24565  14.376  -55.678  -31.407 0.0000000000
25570  16.436  -54.782  -30.587 0.0000000000
24550  15.954  -55.349  -31.210 0.0000000000
24574  16.383  -55.273  -31.998 0.0000000000
133878  16.599  -55.055  -32.790 0.0000000000
25588  16.789  -54.836  -31.395 0.0000000000
14605  -0.653  -64.742  -58.518 0.0000000000
14604  0.157  -64.740  -58.993 0.0000000000
148770  0.262  -64.556  -57.558 0.0000000000
15582  0.746  -64.417  -54.594 0.0000000000
141454  1.147  -65.003  -56.081 0.0000000000
14538  1.601  -65.108  -54.065 0.0000000000
147807  1.958  -65.664  -54.870 0.0000000000
14523  2.291  -65.171  -53.387 0.0000000000
15544  3.102  -64.411  -53.284 0.0000000000
16555  2.335  -63.776  -53.494 0.0000000000
17634  1.774  -62.399  -56.038 0.0000000000
16601  2.386  -63.141  -56.103 0.0000000000
16623  2.335  -62.728  -56.940 0.0000000000
16637  3.409  -63.085  -58.158 0.0000000000
17678  2.706  -62.190  -57.625 0.0000000000
23695  -3.242  -56.530  -43.942 0.0000000000
21646  -3.076  -57.859  -44.390 0.0000000000
22706  -2.890  -57.594  -45.326 0.0000000000
23733  -0.716  -57.238  -46.983 0.0000000000
22710  -1.151  -58.127  -47.248 0.0000000000
21700  -0.702  -58.285  -47.585 0.0000000000
20661  0.258  -58.978  -47.527 0.0000000000
22736  0.547  -57.520  -48.400 0.0000000000
40011  26.667  -41.719  -39.657 0.0000000000
38878  26.289  -42.277  -39.837 0.0000000000
40012  25.785  -41.575  -39.543 0.0000000000
39996  24.403  -40.935  -39.142 0.0000000000
41142  23.682  -40.442  -39.233 0.0000000000
41143  23.073  -40.507  -39.682 0.0000000000
5256  7.747  -77.039  -48.054 0.0000000000
5255  8.378  -77.096  -47.580 0.0000000000
5934  7.527  -76.578  -48.883 0.0000000000
4680  6.916  -79.026  -51.772 0.0000000000
4669  7.453  -78.484  -51.367 0.0000000000
4048  7.728  -79.160  -51.811 0.0000000000
132013  8.534  -79.359  -51.659 0.0000000000
4062  8.085  -79.858  -52.231 0.0000000000
2914  8.456  -81.498  -52.998 0.0000000000
2435  7.057  -82.947  -53.719 0.0000000000
143332  0.516  -50.471  -33.213 0.0000000000
29985  -0.920  -50.502  -32.495 0.0000000000
30002  -1.340  -49.889  -32.948 0.0000000000
30024  -1.751  -49.737  -33.668 0.0000000000
31121  -0.910  -49.297  -33.641 0.0000000000
32316  -0.352  -48.792  -36.299 0.0000000000
31166  -0.885  -49.051  -35.595 0.0000000000
31192  -0.251  -49.397  -37.020 0.0000000000
30059  -0.068  -50.335  -37.135 0.0000000000
32337  -0.173  -48.863  -37.990 0.0000000000
34615  17.507  -46.580  -39.404 0.0000000000
33514  16.285  -46.856  -39.899 0.0000000000
33540  14.213  -46.885  -41.148 0.0000000000
33529  14.930  -47.233  -40.604 0.0000000000
33530  14.179  -47.840  -40.834 0.0000000000
32378  12.526  -48.261  -41.265 0.0000000000
35789  8.617  -45.817  -45.754 0.0000000000
35801  7.767  -46.099  -46.230 0.0000000000
33586  5.164  -47.265  -45.815 0.0000000000
34694  4.751  -46.296  -44.944 0.0000000000
32444  4.544  -48.459  -46.181 0.0000000000
4  9.624  -90.706  -39.399 0.0000000000
14  8.914  -91.009  -40.558 0.0000000000
0  8.986  -90.955  -38.833 0.0000000000
382  8.450  -88.679  -38.547 0.0000000000
93  7.603  -90.366  -38.505 0.0000000000
208  7.122  -89.767  -38.643 0.0000000000
209  6.182  -89.901  -38.927 0.0000000000
216  6.647  -88.934  -39.321 0.0000000000
1487  9.689  -83.917  -33.381 0.0000000000
1498  9.156  -84.858  -34.496 0.0000000000
136895  9.352  -84.746  -33.627 0.0000000000
560  9.172  -87.839  -32.596 0.0000000000
151005  9.076  -87.109  -33.155 0.0000000000
343  9.165  -88.697  -33.174 0.0000000000
166  9.009  -89.376  -33.650 0.0000000000
165  9.128  -89.247  -33.018 0.0000000000
157  9.061  -89.220  -32.446 0.0000000000
312  8.491  -88.006  -29.658 0.0000000000
147  7.697  -88.958  -30.739 0.0000000000
2588  1.708  -81.814  -19.033 0.0000000000
2587  2.462  -81.981  -19.023 0.0000000000
2124  1.538  -82.787  -20.397 0.0000000000
133077  1.479  -83.783  -22.751 0.0000000000
1754  1.840  -84.037  -22.107 0.0000000000
1414  1.988  -84.373  -23.051 0.0000000000
1055  2.467  -84.642  -22.947 0.0000000000
144606  1.764  -84.817  -24.238 0.0000000000
1073  1.000  -85.549  -25.030 0.0000000000
134719  9.998  -60.358  -24.965 0.0000000000
19363  7.717  -60.844  -25.806 0.0000000000
18252  8.250  -61.685  -25.524 0.0000000000
136489  7.216  -61.318  -25.242 0.0000000000
153136  5.921  -61.947  -24.300 0.0000000000
140388  4.823  -61.537  -24.661 0.0000000000
18240  3.485  -62.196  -24.559 0.0000000000
19366  4.482  -60.957  -25.267 0.0000000000
20411  3.477  -59.684  -27.044 0.0000000000
19385  3.241  -60.340  -26.330 0.0000000000
20412  2.568  -59.752  -26.960 0.0000000000
19387  1.079  -60.325  -26.438 0.0000000000
20423  2.009  -59.284  -27.634 0.0000000000
154478  22.556  -46.459  -32.841 0.0000000000
34525  22.797  -46.862  -33.319 0.0000000000
148022  23.346  -46.543  -32.748 0.0000000000
34505  24.264  -46.784  -32.597 0.0000000000
131918  23.961  -45.951  -32.424 0.0000000000
130560  24.326  -44.742  -32.453 0.0000000000
35585  25.302  -45.455  -32.484 0.0000000000
138072  25.936  -45.000  -32.750 0.0000000000
35613  26.731  -45.333  -33.324 0.0000000000
36682  26.668  -44.405  -33.148 0.0000000000
36683  25.747  -44.224  -32.763 0.0000000000
128921  23.378  -42.818  -33.108 0.0000000000
38802  22.913  -42.025  -33.259 0.0000000000
333  12.382  -88.095  -32.251 0.0000000000
133050  13.547  -88.344  -33.037 0.0000000000
156  12.709  -88.598  -32.899 0.0000000000
178  12.919  -89.182  -35.871 0.0000000000
177  13.262  -89.104  -35.246 0.0000000000
186  12.678  -87.958  -36.481 0.0000000000
196  13.273  -87.612  -37.558 0.0000000000
197  12.705  -88.334  -37.544 0.0000000000
215  13.506  -89.215  -38.950 0.0000000000
87  12.792  -89.392  -38.490 0.0000000000
135817  10.720  -90.393  -38.298 0.0000000000
101  11.294  -90.297  -39.296 0.0000000000
102  10.421  -90.478  -39.303 0.0000000000
136187  10.646  -90.352  -40.838 0.0000000000
9486  7.133  -71.741  -57.204 0.0000000000
141422  7.270  -71.951  -58.118 0.0000000000
7402  7.135  -74.897  -56.891 0.0000000000
6726  7.307  -75.681  -57.694 0.0000000000
128524  7.444  -76.493  -58.528 0.0000000000
132684  7.286  -76.604  -57.346 0.0000000000
5394  7.378  -78.235  -57.821 0.0000000000
129551  7.210  -77.617  -56.814 0.0000000000
4703  7.984  -78.363  -54.768 0.0000000000
4102  7.947  -79.744  -55.663 0.0000000000
4101  8.828  -79.734  -55.387 0.0000000000
140633  9.248  -80.765  -56.161 0.0000000000
4100  9.633  -79.610  -55.522 0.0000000000
4099  10.260  -79.324  -56.007 0.0000000000
4718  10.000  -78.821  -55.374 0.0000000000
5994  10.057  -76.497  -53.820 0.0000000000
6011  10.612  -76.545  -54.434 0.0000000000
6694  11.076  -75.772  -54.636 0.0000000000
6708  11.185  -75.658  -55.842 0.0000000000
7390  11.101  -74.985  -53.872 0.0000000000
15275  -2.582  -64.697  -34.337 0.0000000000
15337  3.721  -64.779  -39.065 0.0000000000
14327  2.247  -65.238  -38.984 0.0000000000
14344  4.034  -65.532  -39.894 0.0000000000
13449  4.223  -65.994  -42.553 0.0000000000
148139  2.580  -65.068  -42.319 0.0000000000
138667  2.838  -65.566  -43.339 0.0000000000
15410  1.531  -65.009  -44.217 0.0000000000
14408  2.040  -66.121  -44.386 0.0000000000
13496  1.671  -66.672  -44.921 0.0000000000
13494  3.330  -66.581  -44.685 0.0000000000
15416  4.488  -64.751  -44.851 0.0000000000
14413  3.753  -65.900  -45.603 0.0000000000
15417  3.826  -64.721  -45.333 0.0000000000
16440  3.092  -64.017  -45.746 0.0000000000
153167  3.279  -63.349  -45.837 0.0000000000
1322  16.340  -86.060  -52.338 0.0000000000
1654  15.943  -84.686  -52.110 0.0000000000
1308  15.247  -85.264  -52.140 0.0000000000
1295  12.386  -84.840  -50.927 0.0000000000
1657  12.934  -84.723  -51.080 0.0000000000
1976  11.896  -83.792  -49.949 0.0000000000
2394  11.885  -82.677  -49.240 0.0000000000
144433  10.941  -83.249  -49.553 0.0000000000
991  9.200  -86.323  -51.482 0.0000000000
143309  10.575  -85.941  -51.256 0.0000000000
1299  9.342  -85.110  -50.912 0.0000000000
2396  8.055  -82.427  -50.411 0.0000000000
1966  8.884  -83.061  -50.262 0.0000000000
2395  8.944  -82.199  -49.836 0.0000000000
2882  9.510  -81.684  -49.286 0.0000000000
2883  8.718  -81.402  -49.587 0.0000000000
4012  8.718  -79.937  -48.841 0.0000000000
3419  8.016  -80.201  -49.385 0.0000000000
3410  6.398  -79.507  -48.125 0.0000000000
4001  6.628  -78.818  -48.235 0.0000000000
4002  6.026  -78.781  -47.384 0.0000000000
5273  5.293  -77.413  -48.506 0.0000000000
5258  5.176  -77.865  -47.595 0.0000000000
40039  14.904  -41.595  -42.007 0.0000000000
38907  13.885  -43.039  -41.557 0.0000000000
40034  13.943  -42.238  -41.756 0.0000000000
148846  12.101  -42.313  -43.403 0.0000000000
142450  12.621  -42.965  -43.045 0.0000000000
38913  12.141  -42.972  -43.587 0.0000000000
38927  11.366  -42.623  -44.087 0.0000000000
38948  9.906  -42.052  -45.163 0.0000000000
38929  9.864  -41.888  -44.565 0.0000000000
150346  10.217  -42.551  -44.831 0.0000000000
37864  10.486  -43.525  -45.459 0.0000000000
37873  9.913  -44.035  -46.176 0.0000000000
151787  10.041  -43.133  -46.808 0.0000000000
37903  9.372  -43.600  -46.935 0.0000000000
36862  9.814  -44.444  -47.543 0.0000000000
35812  8.755  -45.159  -47.915 0.0000000000
1846  13.093  -84.170  -34.865 0.0000000000
146274  12.236  -83.619  -36.270 0.0000000000
2263  13.313  -82.752  -35.634 0.0000000000
2764  12.716  -81.032  -36.820 0.0000000000
3297  12.241  -80.382  -37.100 0.0000000000
133291  11.503  -80.739  -37.309 0.0000000000
3896  11.943  -79.915  -37.052 0.0000000000
4474  9.837  -77.730  -35.402 0.0000000000
5128  11.054  -77.291  -36.044 0.0000000000
139492  10.882  -78.679  -35.870 0.0000000000
3289  10.762  -80.024  -35.688 0.0000000000
3277  10.460  -80.028  -34.790 0.0000000000
2743  10.358  -80.869  -34.364 0.0000000000
3278  9.843  -79.958  -34.131 0.0000000000
3265  7.689  -80.082  -33.665 0.0000000000
150104  8.588  -80.531  -33.464 0.0000000000
2723  7.249  -81.563  -32.708 0.0000000000
2239  7.867  -82.170  -32.200 0.0000000000
2724  6.212  -81.450  -32.602 0.0000000000
6300  0.684  -74.806  -20.093 0.0000000000
6299  1.155  -75.193  -20.737 0.0000000000
6286  1.012  -75.638  -19.945 0.0000000000
4937  2.071  -77.012  -20.026 0.0000000000
5573  1.373  -76.495  -19.616 0.0000000000
8353  -1.965  -73.133  -17.844 0.0000000000
6946  -1.231  -73.799  -17.616 0.0000000000
6947  -1.588  -74.240  -17.672 0.0000000000
4292  -0.826  -78.033  -18.069 0.0000000000
5552  -0.703  -76.802  -17.714 0.0000000000
4282  -0.182  -78.199  -17.855 0.0000000000
4280  0.884  -78.771  -17.879 0.0000000000
153864  0.453  -79.418  -17.981 0.0000000000
3077  0.934  -79.993  -17.885 0.0000000000
3087  0.200  -79.843  -18.342 0.0000000000
3706  -1.016  -80.066  -21.064 0.0000000000
3120  -0.566  -80.688  -20.778 0.0000000000
3130  -0.732  -80.485  -21.866 0.0000000000
2625  -0.204  -81.479  -22.333 0.0000000000
130754  -0.670  -80.603  -23.029 0.0000000000
3151  -0.709  -80.781  -24.890 0.0000000000
3140  -1.114  -79.995  -23.742 0.0000000000
4968  -1.277  -77.626  -23.578 0.0000000000
136471  -1.671  -78.803  -24.185 0.0000000000
7024  -5.017  -74.301  -22.815 0.0000000000
134796  -4.255  -75.068  -22.658 0.0000000000
7041  -4.858  -74.197  -23.875 0.0000000000
25544  11.217  -54.832  -28.750 0.0000000000
24532  11.091  -55.780  -28.741 0.0000000000
23482  11.083  -56.645  -28.707 0.0000000000
22475  11.031  -57.092  -29.267 0.0000000000
22482  9.601  -57.815  -29.770 0.0000000000
22496  10.211  -56.629  -30.234 0.0000000000
25577  8.648  -54.424  -30.894 0.0000000000
24555  8.610  -55.251  -30.718 0.0000000000
24556  7.698  -55.321  -30.985 0.0000000000
23515  6.867  -55.514  -31.433 0.0000000000
24567  7.257  -54.620  -32.048 0.0000000000
27727  11.596  -51.766  -31.842 0.0000000000
27728  10.591  -52.164  -31.941 0.0000000000
27741  10.343  -52.532  -32.629 0.0000000000
24592  8.296  -55.450  -33.654 0.0000000000
25606  8.878  -53.864  -33.372 0.0000000000
132564  7.394  -55.133  -33.599 0.0000000000
24593  6.683  -55.316  -33.524 0.0000000000
23545  6.941  -55.946  -34.261 0.0000000000
23542  13.714  -57.088  -33.893 0.0000000000
128928  13.584  -56.541  -34.978 0.0000000000
23555  14.307  -56.159  -34.710 0.0000000000
142754  16.192  -56.514  -37.035 0.0000000000
24661  19.312  -55.664  -37.298 0.0000000000
151090  19.789  -55.515  -37.172 0.0000000000
24641  20.241  -55.112  -37.071 0.0000000000
1161  12.157  -84.725  -34.774 0.0000000000
144881  3.252  -66.785  -61.958 0.0000000000
13686  5.028  -66.647  -61.102 0.0000000000
13674  2.567  -65.624  -58.397 0.0000000000
14620  2.499  -65.423  -59.661 0.0000000000
11862  5.825  -67.803  -57.169 0.0000000000
12748  5.197  -66.912  -58.816 0.0000000000
12728  6.175  -67.845  -57.905 0.0000000000
11880  6.592  -67.946  -58.727 0.0000000000
139585  6.709  -68.386  -58.081 0.0000000000
11860  7.047  -68.907  -57.545 0.0000000000
11047  7.051  -69.012  -56.468 0.0000000000
11016  7.146  -69.296  -54.534 0.0000000000
11033  7.172  -69.209  -55.460 0.0000000000
11032  7.826  -69.892  -55.154 0.0000000000
9435  8.205  -71.525  -54.562 0.0000000000
10217  8.139  -70.585  -54.371 0.0000000000
9423  8.277  -71.286  -53.616 0.0000000000
10201  7.844  -70.429  -53.161 0.0000000000
12651  6.479  -67.610  -52.323 0.0000000000
10981  7.083  -68.873  -52.021 0.0000000000
12650  7.143  -67.444  -52.164 0.0000000000
11764  8.070  -68.468  -51.500 0.0000000000
151735  7.830  -67.236  -53.034 0.0000000000
15580  4.734  -64.832  -54.876 0.0000000000
149562  5.190  -65.424  -53.596 0.0000000000
148238  5.241  -65.065  -55.725 0.0000000000
14566  7.074  -65.625  -57.164 0.0000000000
14551  6.735  -66.022  -55.632 0.0000000000
13651  7.746  -66.396  -56.643 0.0000000000
12703  7.938  -67.141  -55.111 0.0000000000
13636  8.313  -67.026  -56.219 0.0000000000
12714  9.244  -67.167  -56.555 0.0000000000
13650  8.732  -66.545  -57.039 0.0000000000
140599  9.186  -64.448  -56.359 0.0000000000
22554  -3.088  -57.431  -34.568 0.0000000000
21525  -2.181  -58.703  -34.205 0.0000000000
21539  -2.450  -58.171  -35.808 0.0000000000
20548  0.102  -58.978  -38.555 0.0000000000
21572  -0.502  -59.050  -37.028 0.0000000000
20547  0.893  -59.469  -38.180 0.0000000000
20546  1.365  -60.178  -37.820 0.0000000000
20561  1.416  -59.825  -38.823 0.0000000000
21631  -1.243  -59.101  -43.488 0.0000000000
21622  -1.059  -58.870  -42.581 0.0000000000
20580  -0.396  -59.409  -42.916 0.0000000000
18528  1.709  -61.632  -42.427 0.0000000000
19585  1.281  -60.811  -42.179 0.0000000000
18519  1.886  -62.071  -41.722 0.0000000000
141247  1.727  -61.676  -40.916 0.0000000000
143749  2.067  -62.355  -41.062 0.0000000000
16358  3.057  -63.408  -39.684 0.0000000000
141100  3.376  -62.990  -41.864 0.0000000000
17444  5.434  -62.392  -43.138 0.0000000000
17433  4.914  -63.118  -42.229 0.0000000000
17432  5.893  -62.934  -42.543 0.0000000000
16387  6.580  -63.335  -42.008 0.0000000000
17442  7.527  -62.322  -42.983 0.0000000000
33508  21.755  -47.178  -39.120 0.0000000000
147353  24.682  -44.019  -39.625 0.0000000000
143253  23.813  -43.720  -39.386 0.0000000000
37789  22.070  -44.167  -38.929 0.0000000000
36764  22.565  -44.951  -38.827 0.0000000000
36765  21.719  -44.717  -38.696 0.0000000000
131065  21.295  -45.518  -38.591 0.0000000000
35703  20.382  -45.453  -38.650 0.0000000000
35704  19.494  -45.318  -38.737 0.0000000000
134562  19.932  -44.583  -38.695 0.0000000000
37815  18.806  -43.682  -39.132 0.0000000000
38885  18.553  -43.208  -39.399 0.0000000000
37817  17.383  -43.216  -39.621 0.0000000000
38895  18.301  -42.621  -40.128 0.0000000000
149186  20.459  -40.118  -41.558 0.0000000000
40024  17.433  -41.849  -41.232 0.0000000000
6605  9.383  -76.197  -48.077 0.0000000000
2006  8.617  -83.208  -53.520 0.0000000000
2005  9.573  -83.846  -53.294 0.0000000000
141115  9.115  -84.639  -53.586 0.0000000000
741  9.750  -87.231  -55.095 0.0000000000
1013  10.175  -87.111  -54.595 0.0000000000
1022  10.698  -86.782  -55.002 0.0000000000
1050  8.426  -86.069  -58.998 0.0000000000
1049  9.346  -85.663  -58.744 0.0000000000
1388  8.839  -85.566  -59.460 0.0000000000
1727  8.840  -84.595  -60.619 0.0000000000
1728  7.949  -84.321  -60.542 0.0000000000
11864  -1.949  -68.354  -57.997 0.0000000000
11865  -3.116  -68.687  -58.418 0.0000000000
11881  -2.329  -68.067  -59.007 0.0000000000
134993  -2.265  -67.545  -59.705 0.0000000000
12749  -1.941  -66.982  -59.244 0.0000000000
13675  -1.299  -66.107  -59.382 0.0000000000
132385  -1.601  -66.232  -58.623 0.0000000000
13629  -1.525  -66.206  -55.223 0.0000000000
14555  -2.113  -65.478  -56.051 0.0000000000
135965  -2.198  -65.255  -55.191 0.0000000000
15565  -2.441  -63.684  -55.217 0.0000000000
15564  -2.378  -64.487  -54.647 0.0000000000
24572  -4.117  -55.299  -30.958 0.0000000000
23508  -3.281  -56.280  -29.762 0.0000000000
23509  -4.033  -55.925  -30.314 0.0000000000
22513  -4.143  -56.772  -30.632 0.0000000000
22522  -4.126  -56.902  -31.688 0.0000000000
22538  -3.682  -57.212  -32.869 0.0000000000
23533  -4.058  -56.230  -32.323 0.0000000000
146797  -3.171  -55.134  -35.456 0.0000000000
24613  -3.287  -55.816  -35.134 0.0000000000
24631  -3.230  -55.715  -36.107 0.0000000000
138347  -3.474  -56.666  -37.957 0.0000000000
25676  -3.111  -55.165  -36.972 0.0000000000
27798  -2.086  -51.894  -35.993 0.0000000000
27799  -2.498  -52.200  -35.453 0.0000000000
26736  -1.299  -52.689  -36.487 0.0000000000
26779  -1.388  -53.745  -39.212 0.0000000000
148503  -1.507  -54.174  -38.491 0.0000000000
25733  -2.542  -54.927  -39.996 0.0000000000
147558  -2.778  -55.405  -39.484 0.0000000000
144955  -2.632  -55.193  -40.666 0.0000000000
24729  -2.938  -55.886  -42.022 0.0000000000
25755  -2.363  -54.951  -42.297 0.0000000000
153287  -0.300  -53.989  -43.318 0.0000000000
25772  -1.047  -54.359  -43.697 0.0000000000
24745  0.053  -54.795  -43.596 0.0000000000
154207  0.700  -56.170  -43.767 0.0000000000
23676  0.797  -55.913  -43.176 0.0000000000
30058  5.730  -50.541  -36.898 0.0000000000
35736  13.028  -44.880  -42.066 0.0000000000
35735  13.650  -44.892  -41.386 0.0000000000
136742  12.705  -45.664  -42.253 0.0000000000
132778  9.968  -47.210  -42.899 0.0000000000
147128  11.566  -47.275  -42.529 0.0000000000
32395  10.755  -48.617  -41.810 0.0000000000
145033  9.331  -48.697  -42.377 0.0000000000
146356  5.852  -47.811  -42.079 0.0000000000
33555  6.429  -47.570  -42.630 0.0000000000
32384  6.485  -48.394  -42.040 0.0000000000
31267  7.561  -49.173  -41.263 0.0000000000
141306  7.082  -49.294  -40.562 0.0000000000
31224  6.719  -49.562  -39.838 0.0000000000
31252  6.237  -49.078  -40.525 0.0000000000
33516  3.347  -47.449  -39.100 0.0000000000
32351  4.151  -48.184  -38.892 0.0000000000
32335  4.132  -48.521  -38.222 0.0000000000
31191  4.404  -49.038  -37.519 0.0000000000
32323  3.118  -47.948  -37.674 0.0000000000
32324  2.288  -47.841  -37.277 0.0000000000
33485  2.118  -47.484  -38.301 0.0000000000
33535  0.965  -48.060  -40.029 0.0000000000
33519  0.798  -47.851  -39.464 0.0000000000
32369  0.818  -48.517  -40.156 0.0000000000
31254  0.361  -49.122  -40.263 0.0000000000
139953  0.826  -49.628  -41.077 0.0000000000
31297  3.031  -49.359  -43.608 0.0000000000
29024  3.085  -51.634  -43.141 0.0000000000
30147  2.691  -50.818  -42.570 0.0000000000
29015  2.731  -51.662  -42.007 0.0000000000
147741  2.147  -51.653  -41.512 0.0000000000
27882  2.373  -52.387  -41.586 0.0000000000
151497  1.927  -52.918  -41.487 0.0000000000
26814  2.406  -53.321  -41.751 0.0000000000
25750  4.063  -55.003  -42.472 0.0000000000
139479  3.543  -55.647  -42.073 0.0000000000
140598  3.770  -56.462  -42.170 0.0000000000
22667  3.360  -57.044  -42.451 0.0000000000
23673  4.834  -56.665  -42.401 0.0000000000
22678  5.388  -57.329  -43.235 0.0000000000
23672  5.675  -56.771  -42.637 0.0000000000
682  4.752  -87.244  -46.806 0.0000000000
457  4.394  -87.965  -47.356 0.0000000000
260  5.406  -89.189  -46.659 0.0000000000
427  6.028  -87.612  -44.725 0.0000000000
140423  5.916  -88.940  -45.584 0.0000000000
143525  5.219  -87.021  -44.620 0.0000000000
671  4.115  -87.047  -44.876 0.0000000000
656  4.961  -86.043  -44.245 0.0000000000
30  7.094  -90.821  -42.418 0.0000000000
38  6.643  -90.513  -42.957 0.0000000000
142424  6.006  -90.566  -42.679 0.0000000000
419  3.846  -88.711  -42.958 0.0000000000
407  4.776  -87.614  -42.662 0.0000000000
636  4.558  -86.534  -42.535 0.0000000000
1229  3.931  -84.863  -43.319 0.0000000000
904  3.390  -85.393  -42.610 0.0000000000
1221  2.161  -85.437  -42.996 0.0000000000
638  2.517  -86.071  -42.444 0.0000000000
129  0.705  -89.264  -41.930 0.0000000000
410  1.046  -87.896  -42.211 0.0000000000
1522  10.931  -84.682  -38.445 0.0000000000
1189  10.434  -85.203  -39.080 0.0000000000
1197  9.901  -84.893  -39.453 0.0000000000
1192  6.758  -85.709  -39.319 0.0000000000
1205  7.489  -85.873  -40.208 0.0000000000
885  6.062  -86.192  -39.495 0.0000000000
627  5.411  -86.963  -39.980 0.0000000000
877  4.664  -86.714  -39.094 0.0000000000
143067  8.398  -86.915  -35.600 0.0000000000
862  8.087  -86.533  -36.791 0.0000000000
589  7.756  -87.829  -36.268 0.0000000000
374  5.099  -88.389  -37.469 0.0000000000
375  3.977  -88.218  -37.751 0.0000000000
376  3.093  -88.185  -38.384 0.0000000000
203  2.929  -89.415  -38.275 0.0000000000
97  2.239  -90.110  -38.779 0.0000000000
2700  5.863  -80.812  -30.284 0.0000000000
3226  5.828  -80.274  -31.034 0.0000000000
2701  5.011  -81.335  -31.005 0.0000000000
2713  4.409  -82.067  -31.093 0.0000000000
2209  4.274  -82.173  -30.424 0.0000000000
5613  3.457  -76.293  -22.868 0.0000000000
3724  2.485  -78.993  -23.388 0.0000000000
4967  2.458  -77.671  -23.650 0.0000000000
3733  3.569  -79.449  -25.200 0.0000000000
2122  4.194  -82.756  -20.426 0.0000000000
2614  4.197  -81.320  -20.829 0.0000000000
131309  4.782  -82.115  -21.627 0.0000000000
2165  6.011  -82.924  -24.175 0.0000000000
2633  5.603  -82.004  -24.294 0.0000000000
2655  5.583  -81.533  -25.109 0.0000000000
2656  5.000  -80.742  -25.204 0.0000000000
2654  6.191  -81.925  -25.814 0.0000000000
2676  6.436  -81.574  -27.359 0.0000000000
136411  6.489  -82.354  -26.696 0.0000000000
1434  4.008  -83.941  -27.000 0.0000000000
1785  4.683  -83.509  -27.568 0.0000000000
1461  3.337  -84.113  -28.440 0.0000000000
1460  3.639  -84.150  -29.137 0.0000000000
1449  4.770  -84.781  -28.489 0.0000000000
1104  6.165  -85.496  -28.057 0.0000000000
1105  4.936  -85.443  -27.689 0.0000000000
511  3.411  -87.109  -27.528 0.0000000000
509  5.261  -86.975  -27.697 0.0000000000
15092  7.559  -64.522  -23.064 0.0000000000
13248  2.980  -66.556  -25.362 0.0000000000
13224  3.610  -66.675  -24.009 0.0000000000
12298  2.620  -67.212  -24.992 0.0000000000
12286  2.389  -67.237  -24.376 0.0000000000
12314  1.451  -67.578  -25.535 0.0000000000
11459  0.455  -68.662  -25.630 0.0000000000
12326  0.395  -67.936  -26.235 0.0000000000
14170  -1.371  -65.822  -24.591 0.0000000000
12317  -1.751  -67.630  -25.390 0.0000000000
12318  -2.575  -66.930  -24.578 0.0000000000
134978  -3.602  -67.784  -24.271 0.0000000000
13235  -3.234  -66.281  -24.245 0.0000000000
17177  0.360  -62.579  -24.755 0.0000000000
16096  0.141  -63.250  -24.312 0.0000000000
17178  -0.580  -62.699  -24.736 0.0000000000
146693  -3.960  -64.622  -26.135 0.0000000000
16113  -3.462  -63.919  -24.679 0.0000000000
154211  -4.044  -65.192  -25.428 0.0000000000
152997  -4.260  -66.503  -25.703 0.0000000000
13269  -4.239  -66.206  -26.932 0.0000000000
12337  -4.357  -67.065  -27.103 0.0000000000
12336  -3.823  -66.727  -27.629 0.0000000000
21470  6.738  -57.833  -29.134 0.0000000000
21471  5.913  -57.931  -28.990 0.0000000000
22484  6.079  -57.548  -29.683 0.0000000000
22487  2.784  -57.692  -30.266 0.0000000000
132734  2.711  -58.026  -29.482 0.0000000000
21462  1.870  -58.491  -29.169 0.0000000000
141080  1.084  -58.790  -28.917 0.0000000000
145439  1.220  -58.790  -29.437 0.0000000000
26690  19.366  -53.003  -34.616 0.0000000000
26707  18.613  -53.231  -35.715 0.0000000000
26706  19.291  -52.699  -35.605 0.0000000000
28935  21.131  -51.695  -37.151 0.0000000000
27825  20.118  -52.469  -37.129 0.0000000000
26743  21.309  -53.038  -37.130 0.0000000000
26723  21.532  -53.330  -36.654 0.0000000000
147764  22.048  -52.901  -36.211 0.0000000000
32287  22.726  -47.737  -35.547 0.0000000000
32268  21.075  -48.304  -34.694 0.0000000000
32288  21.750  -48.646  -35.281 0.0000000000
140031  20.967  -49.184  -34.855 0.0000000000
31158  22.752  -48.516  -36.223 0.0000000000
31177  22.384  -49.470  -36.606 0.0000000000
31176  23.302  -48.869  -36.396 0.0000000000
28887  22.603  -51.417  -33.775 0.0000000000
28886  23.011  -50.996  -34.845 0.0000000000
132135  22.399  -52.173  -33.615 0.0000000000
27771  22.077  -52.822  -33.635 0.0000000000
26672  22.529  -52.669  -32.963 0.0000000000
138443  22.956  -52.782  -32.733 0.0000000000
27747  24.721  -51.911  -33.842 0.0000000000
26688  24.222  -53.562  -34.152 0.0000000000
32251  25.652  -48.920  -33.587 0.0000000000
146269  25.888  -49.251  -34.172 0.0000000000
30043  26.625  -50.691  -36.014 0.0000000000
34611  27.736  -46.296  -39.640 0.0000000000
35699  28.345  -45.745  -39.020 0.0000000000
37741  27.646  -43.589  -34.338 0.0000000000
36721  28.364  -44.766  -35.517 0.0000000000
134583  28.190  -43.860  -35.354 0.0000000000
39961  27.439  -41.688  -35.951 0.0000000000
38836  27.816  -42.318  -36.014 0.0000000000
130449  28.067  -42.520  -36.991 0.0000000000
135837  28.084  -42.822  -38.150 0.0000000000
38847  27.780  -41.958  -37.870 0.0000000000
39981  26.865  -40.918  -37.259 0.0000000000
1153  19.689  -85.665  -33.969 0.0000000000
574  15.407  -86.574  -33.937 0.0000000000
563  16.120  -86.064  -33.762 0.0000000000
573  15.805  -85.758  -34.441 0.0000000000
134864  17.573  -85.723  -37.038 0.0000000000
141806  17.273  -85.438  -36.232 0.0000000000
859  18.141  -85.864  -36.545 0.0000000000
858  19.449  -86.236  -36.368 0.0000000000
871  19.136  -86.401  -37.946 0.0000000000
1194  18.647  -86.095  -38.986 0.0000000000
132937  12.031  -85.012  -42.595 0.0000000000
1562  11.608  -84.194  -42.585 0.0000000000
135395  10.644  -83.931  -42.725 0.0000000000
1918  9.241  -82.992  -43.316 0.0000000000
148091  10.134  -84.510  -42.826 0.0000000000
229  13.601  -89.262  -41.625 0.0000000000
404  13.647  -88.728  -42.408 0.0000000000
134198  12.671  -89.122  -43.024 0.0000000000
645  9.994  -87.051  -43.999 0.0000000000
155408  10.633  -87.316  -43.695 0.0000000000
914  9.528  -86.080  -43.714 0.0000000000
1228  8.722  -84.503  -43.446 0.0000000000
1236  7.649  -85.018  -44.681 0.0000000000
1940  6.852  -83.599  -46.122 0.0000000000
950  6.634  -86.920  -46.320 0.0000000000
951  5.611  -85.909  -46.359 0.0000000000
129939  5.223  -86.714  -46.542 0.0000000000
690  4.542  -86.118  -47.527 0.0000000000
274  11.434  -89.239  -48.275 0.0000000000
135958  11.279  -89.227  -48.878 0.0000000000
148592  10.723  -89.197  -47.665 0.0000000000
148135  8.394  -86.174  -48.038 0.0000000000
689  8.891  -87.331  -47.947 0.0000000000
965  8.046  -86.997  -48.223 0.0000000000
695  7.392  -87.228  -48.632 0.0000000000
966  7.122  -86.255  -48.470 0.0000000000
280  3.377  -89.192  -48.329 0.0000000000
292  3.309  -88.660  -49.272 0.0000000000
466  2.177  -88.741  -48.803 0.0000000000
711  0.927  -86.758  -49.733 0.0000000000
486  1.555  -87.307  -49.987 0.0000000000
143632  1.847  -86.458  -50.323 0.0000000000
132921  3.323  -85.410  -50.397 0.0000000000
1291  1.975  -85.143  -49.702 0.0000000000
1952  1.881  -83.004  -48.023 0.0000000000
1959  1.466  -83.621  -48.439 0.0000000000
1958  2.424  -83.445  -48.511 0.0000000000
1970  2.887  -83.834  -49.080 0.0000000000
2387  3.749  -82.684  -48.132 0.0000000000
2372  4.208  -82.107  -47.461 0.0000000000
3392  4.840  -80.139  -45.651 0.0000000000
5259  4.270  -78.100  -47.663 0.0000000000
2902  4.354  -81.581  -51.722 0.0000000000
2903  3.417  -82.279  -51.272 0.0000000000
1670  3.022  -84.664  -52.638 0.0000000000
1669  3.979  -84.787  -52.790 0.0000000000
1681  4.326  -85.358  -53.490 0.0000000000
147689  5.042  -85.685  -53.848 0.0000000000
155201  4.084  -85.789  -54.412 0.0000000000
1375  4.576  -83.877  -56.195 0.0000000000
1366  4.470  -84.840  -56.049 0.0000000000
1032  4.877  -85.860  -56.121 0.0000000000
1373  5.622  -84.761  -57.120 0.0000000000
152870  6.134  -84.905  -57.664 0.0000000000
1381  6.080  -84.372  -57.581 0.0000000000
127889  6.580  -83.434  -59.342 0.0000000000
145616  7.032  -83.879  -58.528 0.0000000000
127940  7.152  -83.164  -59.786 0.0000000000
2058  7.350  -83.018  -61.052 0.0000000000
145530  6.737  -81.983  -60.058 0.0000000000
138795  7.290  -73.361  -60.066 0.0000000000
3530  7.140  -80.123  -58.071 0.0000000000
3521  6.410  -80.544  -58.184 0.0000000000
3520  7.017  -80.829  -57.892 0.0000000000
127271  5.934  -81.864  -58.771 0.0000000000
2043  4.962  -82.256  -59.107 0.0000000000
127273  4.567  -80.724  -59.599 0.0000000000
2967  3.228  -81.427  -59.489 0.0000000000
127874  3.690  -80.836  -60.133 0.0000000000
145520  3.599  -81.410  -60.558 0.0000000000
145722  4.409  -80.642  -61.606 0.0000000000
4171  6.936  -80.007  -63.404 0.0000000000
3588  5.837  -80.074  -63.252 0.0000000000
3586  7.391  -79.924  -63.454 0.0000000000
3005  8.103  -80.667  -62.214 0.0000000000
3585  9.234  -79.925  -63.204 0.0000000000
3584  9.928  -80.098  -62.766 0.0000000000
3578  9.268  -79.579  -62.826 0.0000000000
146907  9.901  -77.817  -58.326 0.0000000000
140949  8.612  -72.398  -52.043 0.0000000000
8061  9.254  -73.861  -52.200 0.0000000000
8044  9.829  -73.223  -51.438 0.0000000000
18417  -1.553  -60.363  -34.623 0.0000000000
19501  -3.264  -60.564  -33.707 0.0000000000
18432  -3.231  -60.815  -35.408 0.0000000000
19559  -3.264  -60.717  -37.955 0.0000000000
18469  -4.138  -61.151  -37.058 0.0000000000
19547  -4.128  -61.047  -38.262 0.0000000000
16302  -4.141  -63.097  -38.084 0.0000000000
18508  -3.927  -61.305  -39.390 0.0000000000
15354  0.256  -64.188  -40.372 0.0000000000
16359  -0.320  -63.333  -40.287 0.0000000000
16375  -0.083  -63.319  -41.412 0.0000000000
18543  -2.412  -61.159  -43.539 0.0000000000
18521  -2.335  -61.409  -41.979 0.0000000000
18530  -2.858  -61.464  -42.629 0.0000000000
18523  -3.341  -61.877  -41.070 0.0000000000
137201  -3.618  -62.361  -42.317 0.0000000000
16390  -3.635  -62.826  -42.816 0.0000000000
17449  -3.474  -61.740  -43.609 0.0000000000
18597  -3.389  -61.419  -46.978 0.0000000000
14473  -1.547  -65.541  -49.297 0.0000000000
14474  -2.101  -64.442  -50.110 0.0000000000
14481  -1.878  -65.496  -50.360 0.0000000000
13591  -1.889  -66.740  -51.282 0.0000000000
12630  -1.402  -67.526  -50.391 0.0000000000
12575  0.791  -67.416  -46.697 0.0000000000
13533  -0.536  -67.063  -47.017 0.0000000000
12587  0.309  -67.546  -47.367 0.0000000000
13574  0.998  -66.713  -49.762 0.0000000000
12619  0.664  -67.794  -49.613 0.0000000000
12629  0.576  -67.823  -50.907 0.0000000000
11768  -0.279  -68.972  -51.485 0.0000000000
12637  0.502  -67.994  -51.616 0.0000000000
13603  0.021  -67.256  -52.905 0.0000000000
14508  0.234  -66.320  -51.690 0.0000000000
132592  -0.926  -62.741  -50.880 0.0000000000
16529  -1.238  -63.412  -51.650 0.0000000000
155370  -1.663  -62.473  -51.498 0.0000000000
16511  -2.125  -62.600  -52.265 0.0000000000
18656  -1.921  -61.082  -51.198 0.0000000000
25799  3.751  -54.244  -47.003 0.0000000000
24783  2.695  -54.811  -46.452 0.0000000000
25819  2.891  -53.960  -47.932 0.0000000000
23766  2.380  -56.060  -49.101 0.0000000000
22755  2.299  -57.048  -48.712 0.0000000000
22754  3.193  -56.958  -48.709 0.0000000000
22751  6.820  -57.155  -48.353 0.0000000000
23763  6.259  -56.532  -48.955 0.0000000000
22752  5.875  -57.122  -48.406 0.0000000000
22732  5.447  -57.759  -47.889 0.0000000000
21695  6.011  -58.350  -47.385 0.0000000000
20644  5.301  -59.652  -46.347 0.0000000000
21669  6.580  -58.887  -46.889 0.0000000000
20640  9.052  -59.164  -46.041 0.0000000000
20620  7.812  -59.821  -45.687 0.0000000000
19625  8.628  -60.278  -45.067 0.0000000000
18553  8.531  -61.447  -43.958 0.0000000000
19600  9.937  -61.002  -44.442 0.0000000000
22746  11.776  -57.195  -48.020 0.0000000000
21663  12.542  -58.787  -47.090 0.0000000000
138888  10.595  -61.786  -46.753 0.0000000000
19643  11.740  -60.677  -46.090 0.0000000000
17495  10.548  -62.347  -45.974 0.0000000000
17460  10.394  -62.672  -45.154 0.0000000000
17478  9.935  -62.925  -45.730 0.0000000000
16415  7.910  -63.671  -45.273 0.0000000000
17480  8.196  -62.769  -46.424 0.0000000000
18629  7.389  -61.215  -48.248 0.0000000000
135399  6.307  -62.089  -47.488 0.0000000000
18615  5.940  -61.810  -48.074 0.0000000000
17516  5.128  -61.979  -48.017 0.0000000000
18641  5.416  -61.100  -48.903 0.0000000000
21729  8.673  -58.423  -50.901 0.0000000000
137891  8.065  -57.959  -51.410 0.0000000000
21750  5.500  -57.640  -51.044 0.0000000000
21732  5.473  -58.539  -50.422 0.0000000000
20711  4.823  -59.035  -50.014 0.0000000000
19685  3.766  -60.440  -49.345 0.0000000000
20689  3.343  -59.721  -49.702 0.0000000000
19687  1.532  -60.346  -49.430 0.0000000000
20713  2.884  -58.897  -50.138 0.0000000000
22793  2.229  -57.877  -51.750 0.0000000000
21737  0.735  -58.750  -50.952 0.0000000000
133761  1.129  -58.806  -51.668 0.0000000000
20748  -0.593  -59.447  -52.002 0.0000000000
20772  0.627  -59.675  -52.574 0.0000000000
19771  0.843  -60.641  -53.816 0.0000000000
20771  1.553  -59.539  -52.788 0.0000000000
19747  3.578  -59.645  -53.628 0.0000000000
19768  2.972  -59.870  -54.626 0.0000000000
19767  3.954  -60.330  -54.090 0.0000000000
18736  4.263  -60.897  -56.445 0.0000000000
18714  4.630  -61.151  -54.019 0.0000000000
144048  6.117  -62.101  -52.063 0.0000000000
17610  5.674  -62.277  -54.111 0.0000000000
132832  6.182  -62.838  -53.635 0.0000000000
16579  7.013  -63.285  -54.299 0.0000000000
16554  6.630  -63.357  -53.137 0.0000000000
297  8.116  -89.056  -50.064 0.0000000000
492  8.300  -88.285  -51.417 0.0000000000
306  6.911  -88.441  -50.830 0.0000000000
495  5.606  -88.086  -51.328 0.0000000000
496  4.765  -88.061  -51.258 0.0000000000
155280  -2.582  -68.901  -21.456 0.0000000000
9829  -2.100  -70.677  -20.857 0.0000000000
10637  -1.950  -69.942  -21.902 0.0000000000
9828  -1.366  -71.487  -21.844 0.0000000000
8424  -1.678  -72.440  -22.413 0.0000000000
8425  -2.869  -72.422  -22.431 0.0000000000
9120  -1.128  -72.093  -23.338 0.0000000000
9867  -1.181  -71.098  -24.793 0.0000000000
9877  -1.192  -70.240  -25.576 0.0000000000
27704  14.143  -52.549  -29.094 0.0000000000
25572  14.602  -54.723  -30.254 0.0000000000
24551  14.843  -55.368  -30.853 0.0000000000
25558  15.208  -54.575  -29.574 0.0000000000
15597  -1.629  -63.786  -56.298 0.0000000000
14570  0.248  -64.459  -56.618 0.0000000000
15583  -1.118  -63.484  -55.686 0.0000000000
15563  -0.177  -63.573  -54.806 0.0000000000
15562  0.594  -63.829  -53.889 0.0000000000
147275  1.646  -63.269  -53.706 0.0000000000
16556  0.887  -63.073  -53.709 0.0000000000
17635  1.275  -61.897  -55.282 0.0000000000
18738  1.541  -61.764  -55.524 0.0000000000
23712  -1.341  -56.372  -45.413 0.0000000000
23726  -2.108  -57.110  -46.019 0.0000000000
23725  -1.086  -56.907  -46.145 0.0000000000
23732  -0.139  -56.232  -47.042 0.0000000000
24800  0.228  -55.640  -47.957 0.0000000000
41122  25.330  -39.933  -37.757 0.0000000000
41131  24.948  -40.358  -38.514 0.0000000000
5951  6.274  -77.005  -49.340 0.0000000000
5950  6.954  -76.742  -49.312 0.0000000000
4652  6.331  -78.063  -50.892 0.0000000000
145434  6.439  -78.670  -51.423 0.0000000000
4064  6.547  -79.652  -52.189 0.0000000000
3462  6.780  -80.343  -52.682 0.0000000000
2923  6.251  -81.726  -53.189 0.0000000000
2436  5.674  -82.291  -52.994 0.0000000000
28893  2.638  -51.264  -33.993 0.0000000000
30023  1.931  -50.593  -33.762 0.0000000000
31119  1.148  -49.761  -33.635 0.0000000000
141793  -0.305  -48.846  -34.061 0.0000000000
32278  0.844  -48.343  -34.713 0.0000000000
32296  0.267  -48.114  -35.482 0.0000000000
32314  0.798  -47.919  -36.139 0.0000000000
35719  16.593  -45.095  -39.508 0.0000000000
34617  15.939  -45.936  -39.969 0.0000000000
35720  15.861  -44.648  -39.875 0.0000000000
34626  14.749  -46.206  -40.830 0.0000000000
35814  7.741  -46.073  -47.252 0.0000000000
34700  7.186  -46.403  -46.775 0.0000000000
68  9.965  -90.113  -37.113 0.0000000000
200  8.765  -89.968  -37.711 0.0000000000
373  8.890  -89.424  -37.746 0.0000000000
381  9.173  -88.382  -38.177 0.0000000000
612  8.871  -87.714  -38.957 0.0000000000
1820  9.386  -83.909  -31.875 0.0000000000
1480  9.535  -84.482  -32.616 0.0000000000
146717  9.341  -84.701  -31.718 0.0000000000
131847  9.211  -85.863  -31.543 0.0000000000
550  9.189  -87.709  -31.156 0.0000000000
321  9.106  -88.303  -30.879 0.0000000000
541  9.074  -87.532  -30.521 0.0000000000
532  8.417  -87.601  -29.449 0.0000000000
519  7.988  -87.321  -28.737 0.0000000000
2615  0.245  -82.028  -21.382 0.0000000000
2138  0.925  -82.745  -21.223 0.0000000000
130745  0.917  -83.196  -22.719 0.0000000000
2156  1.243  -83.441  -23.590 0.0000000000
1770  1.356  -83.438  -25.189 0.0000000000
1778  1.026  -83.478  -26.022 0.0000000000
20400  10.368  -59.410  -25.824 0.0000000000
19362  10.120  -60.594  -25.454 0.0000000000
19380  9.339  -60.685  -26.523 0.0000000000
19381  8.201  -60.221  -26.498 0.0000000000
19382  7.106  -59.985  -25.907 0.0000000000
139896  5.042  -60.451  -25.666 0.0000000000
145422  6.517  -59.547  -26.181 0.0000000000
20420  5.362  -59.226  -26.937 0.0000000000
144857  4.915  -58.948  -27.541 0.0000000000
34506  22.927  -45.928  -32.552 0.0000000000
35588  22.367  -45.294  -32.475 0.0000000000
36665  22.760  -44.480  -32.560 0.0000000000
36664  23.708  -44.266  -32.606 0.0000000000
575  11.137  -87.487  -34.055 0.0000000000
164  11.861  -89.062  -33.725 0.0000000000
351  11.212  -88.246  -34.644 0.0000000000
179  11.753  -89.213  -35.200 0.0000000000
57  11.983  -89.499  -35.880 0.0000000000
129961  12.208  -89.770  -37.154 0.0000000000
66  11.657  -90.032  -36.498 0.0000000000
67  10.768  -90.027  -36.611 0.0000000000
8773  7.177  -72.517  -55.914 0.0000000000
8092  7.122  -73.220  -56.666 0.0000000000
8083  7.117  -73.390  -55.638 0.0000000000
142748  6.939  -75.014  -55.840 0.0000000000
6040  7.018  -76.695  -56.049 0.0000000000
5365  7.078  -77.520  -55.521 0.0000000000
6026  6.863  -76.781  -55.005 0.0000000000
5352  7.445  -77.575  -54.669 0.0000000000
5351  8.364  -77.908  -54.440 0.0000000000
4701  9.699  -78.277  -54.782 0.0000000000
6012  9.454  -77.090  -54.087 0.0000000000
6679  10.205  -75.756  -53.381 0.0000000000
137118  -3.785  -62.215  -32.514 0.0000000000
17298  -3.627  -62.563  -33.259 0.0000000000
14342  5.627  -65.315  -40.331 0.0000000000
14357  4.482  -65.758  -40.752 0.0000000000
13447  5.815  -66.190  -41.381 0.0000000000
152244  5.273  -66.286  -42.339 0.0000000000
13474  4.317  -66.176  -43.527 0.0000000000
13493  4.005  -66.337  -44.403 0.0000000000
13491  5.221  -65.845  -43.794 0.0000000000
15409  5.804  -64.718  -44.118 0.0000000000
146041  6.146  -63.839  -44.659 0.0000000000
1311  12.490  -85.429  -51.330 0.0000000000
1296  11.871  -84.953  -50.812 0.0000000000
1659  7.210  -84.888  -51.204 0.0000000000
1647  8.602  -84.646  -50.924 0.0000000000
1980  7.453  -83.612  -50.926 0.0000000000
2408  7.328  -82.813  -50.712 0.0000000000
2397  7.101  -81.969  -50.519 0.0000000000
3429  6.688  -80.485  -49.598 0.0000000000
2874  6.222  -80.796  -49.515 0.0000000000
2875  5.723  -81.029  -48.910 0.0000000000
3422  6.001  -80.452  -47.853 0.0000000000
41176  14.682  -40.552  -43.389 0.0000000000
41166  13.227  -40.871  -42.784 0.0000000000
41167  12.462  -40.752  -43.126 0.0000000000
141330  11.818  -41.000  -43.260 0.0000000000
40082  9.736  -41.560  -45.281 0.0000000000
139451  9.942  -43.202  -46.377 0.0000000000
40101  9.957  -41.909  -46.218 0.0000000000
150301  10.039  -42.801  -46.359 0.0000000000
4475  8.988  -77.582  -35.110 0.0000000000
3860  9.042  -79.162  -34.333 0.0000000000
4459  8.333  -78.279  -34.650 0.0000000000
4460  7.395  -78.225  -34.443 0.0000000000
3851  6.780  -79.558  -33.756 0.0000000000
8370  1.145  -72.515  -19.347 0.0000000000
7688  0.613  -73.399  -19.254 0.0000000000
6977  0.333  -74.268  -19.319 0.0000000000
6962  -2.684  -74.465  -18.332 0.0000000000
6259  -2.268  -74.838  -17.987 0.0000000000
5566  -2.220  -75.885  -18.568 0.0000000000
4918  -1.384  -77.388  -18.341 0.0000000000
4293  -1.251  -78.070  -18.635 0.0000000000
136609  -0.459  -79.366  -18.742 0.0000000000
4305  -1.382  -78.393  -19.380 0.0000000000
4315  -1.452  -78.604  -20.332 0.0000000000
148933  -1.288  -78.751  -22.009 0.0000000000
4332  -1.281  -78.833  -22.698 0.0000000000
132841  -1.274  -78.183  -22.187 0.0000000000
4957  -1.186  -77.265  -22.550 0.0000000000
133663  -1.221  -76.607  -23.397 0.0000000000
8437  -5.237  -72.168  -23.645 0.0000000000
136997  -4.875  -73.052  -24.833 0.0000000000
25530  11.244  -53.906  -28.165 0.0000000000
25560  11.224  -54.572  -29.619 0.0000000000
148168  10.859  -55.750  -30.139 0.0000000000
25574  10.836  -54.319  -30.178 0.0000000000
25575  9.925  -53.968  -30.593 0.0000000000
26641  9.202  -53.304  -31.296 0.0000000000
141519  11.709  -54.569  -33.411 0.0000000000
25619  10.792  -53.933  -33.667 0.0000000000
24591  10.647  -55.160  -33.372 0.0000000000
146207  9.929  -56.193  -33.265 0.0000000000
135772  8.418  -56.507  -34.070 0.0000000000
136148  15.503  -55.405  -34.329 0.0000000000
140717  15.056  -55.494  -34.922 0.0000000000
24608  15.758  -54.950  -35.020 0.0000000000
24626  15.940  -54.812  -35.888 0.0000000000
24664  16.660  -55.789  -36.958 0.0000000000
24643  17.084  -55.109  -36.815 0.0000000000
25688  17.973  -55.073  -37.151 0.0000000000
25667  18.282  -54.229  -37.047 0.0000000000
13700  3.409  -66.192  -61.255 0.0000000000
13653  3.243  -66.480  -56.239 0.0000000000
153180  4.052  -66.692  -57.398 0.0000000000
13652  3.894  -66.770  -56.578 0.0000000000
12715  5.228  -67.541  -56.696 0.0000000000
11843  5.867  -67.986  -56.444 0.0000000000
11842  6.405  -68.439  -56.259 0.0000000000
11827  5.926  -68.194  -55.639 0.0000000000
11813  6.053  -68.402  -54.713 0.0000000000
11795  6.484  -68.774  -54.095 0.0000000000
11003  6.825  -69.181  -53.434 0.0000000000
141009  6.244  -68.546  -53.186 0.0000000000
11779  5.684  -67.508  -52.657 0.0000000000
13615  5.887  -66.407  -52.676 0.0000000000
15594  4.586  -64.422  -57.155 0.0000000000
15579  5.305  -64.888  -56.742 0.0000000000
15613  5.401  -64.479  -57.792 0.0000000000
14585  6.953  -65.054  -58.060 0.0000000000
14583  8.617  -65.230  -57.847 0.0000000000
16618  8.224  -63.784  -57.246 0.0000000000
16598  8.456  -63.867  -56.371 0.0000000000
22605  -2.968  -58.142  -37.542 0.0000000000
21557  -2.178  -58.359  -37.125 0.0000000000
21574  -2.284  -58.320  -37.981 0.0000000000
134384  -0.757  -58.458  -38.952 0.0000000000
20563  0.012  -58.750  -39.408 0.0000000000
20627  0.010  -60.096  -45.448 0.0000000000
20587  0.219  -59.961  -43.312 0.0000000000
19608  0.843  -60.627  -44.809 0.0000000000
19607  1.546  -61.155  -44.328 0.0000000000
18526  2.887  -62.230  -43.362 0.0000000000
17434  3.087  -62.655  -42.528 0.0000000000
18540  3.887  -62.114  -43.614 0.0000000000
18558  4.319  -61.490  -44.162 0.0000000000
18557  5.214  -61.364  -44.162 0.0000000000
34612  24.527  -46.232  -40.417 0.0000000000
148909  23.723  -46.532  -40.257 0.0000000000
38880  23.519  -42.283  -39.660 0.0000000000
149360  23.401  -43.159  -39.458 0.0000000000
37791  20.564  -43.836  -38.953 0.0000000000
140471  20.951  -43.088  -39.426 0.0000000000
38893  20.302  -42.849  -39.690 0.0000000000
1331  8.334  -85.553  -53.899 0.0000000000
1330  9.208  -85.605  -53.758 0.0000000000
1014  8.472  -87.291  -54.709 0.0000000000
736  8.935  -87.339  -55.079 0.0000000000
742  9.238  -87.171  -55.773 0.0000000000
1037  9.575  -85.870  -57.225 0.0000000000
751  8.839  -86.324  -57.005 0.0000000000
1046  8.214  -86.135  -58.229 0.0000000000
1051  7.391  -86.028  -58.895 0.0000000000
11845  -1.559  -68.567  -57.136 0.0000000000
11863  -1.244  -68.211  -57.367 0.0000000000
12719  -1.484  -67.230  -57.709 0.0000000000
12718  -0.790  -67.963  -56.883 0.0000000000
13640  -0.584  -67.447  -55.378 0.0000000000
151124  -0.738  -66.796  -54.419 0.0000000000
27729  -1.185  -52.874  -31.567 0.0000000000
26653  -1.479  -53.592  -31.207 0.0000000000
25594  -1.665  -54.275  -30.887 0.0000000000
24571  -1.869  -55.111  -30.491 0.0000000000
25578  -2.550  -54.213  -30.562 0.0000000000
148490  -3.634  -54.628  -30.898 0.0000000000
143578  -3.775  -54.774  -31.528 0.0000000000
24598  -3.752  -55.624  -32.959 0.0000000000
25623  -3.411  -54.156  -32.974 0.0000000000
25640  -3.230  -54.060  -34.159 0.0000000000
26715  -3.062  -53.596  -34.977 0.0000000000
28945  0.110  -52.055  -37.444 0.0000000000
27837  -0.459  -52.937  -37.272 0.0000000000
27850  -0.180  -52.734  -38.300 0.0000000000
27851  -0.810  -53.090  -38.976 0.0000000000
26801  -1.949  -53.409  -40.203 0.0000000000
25738  -2.125  -54.131  -41.792 0.0000000000
26818  -1.568  -53.318  -42.129 0.0000000000
26828  -1.008  -53.370  -42.766 0.0000000000
26827  -0.103  -53.295  -42.859 0.0000000000
30078  7.854  -50.650  -38.449 0.0000000000
35741  12.495  -45.275  -42.613 0.0000000000
35743  11.252  -45.987  -43.499 0.0000000000
35765  5.071  -45.371  -43.923 0.0000000000
34652  5.969  -46.522  -43.102 0.0000000000
34653  4.912  -45.982  -43.135 0.0000000000
34638  4.428  -46.419  -42.258 0.0000000000
33544  5.079  -47.350  -41.717 0.0000000000
31253  5.336  -48.675  -40.243 0.0000000000
33532  4.065  -47.255  -40.425 0.0000000000
33533  3.356  -46.958  -39.932 0.0000000000
34618  2.775  -46.856  -39.597 0.0000000000
34606  1.756  -47.070  -39.168 0.0000000000
34629  2.199  -46.635  -40.555 0.0000000000
33546  1.725  -47.556  -40.351 0.0000000000
139128  1.861  -47.892  -40.850 0.0000000000
30173  2.790  -50.691  -44.682 0.0000000000
29046  3.131  -51.715  -45.166 0.0000000000
27926  3.073  -52.046  -44.471 0.0000000000
26840  3.294  -53.231  -43.214 0.0000000000
26825  2.956  -53.785  -42.282 0.0000000000
26839  3.972  -53.527  -43.533 0.0000000000
25749  5.090  -55.213  -42.579 0.0000000000
25748  6.193  -55.408  -42.677 0.0000000000
446  6.943  -88.070  -46.098 0.0000000000
131124  6.505  -88.500  -46.046 0.0000000000
250  7.626  -88.064  -45.233 0.0000000000
251  7.464  -88.152  -44.908 0.0000000000
425  7.130  -87.965  -43.967 0.0000000000
24  5.464  -91.073  -41.390 0.0000000000
39  5.353  -90.480  -42.714 0.0000000000
125  4.511  -90.393  -42.664 0.0000000000
138  3.589  -89.942  -43.197 0.0000000000
420  2.733  -88.655  -42.866 0.0000000000
409  2.322  -87.282  -42.382 0.0000000000
132776  2.210  -89.443  -42.813 0.0000000000
128  1.547  -89.661  -42.185 0.0000000000
120  1.083  -89.976  -41.444 0.0000000000
1879  9.715  -83.487  -38.899 0.0000000000
1545  9.277  -84.741  -39.526 0.0000000000
1880  9.166  -83.622  -38.705 0.0000000000
1190  8.113  -84.850  -38.312 0.0000000000
874  7.043  -85.799  -38.504 0.0000000000
360  8.041  -88.543  -35.677 0.0000000000
367  7.283  -88.786  -36.377 0.0000000000
69  7.198  -89.756  -36.229 0.0000000000
3801  5.893  -78.639  -29.424 0.0000000000
3783  6.393  -80.100  -29.031 0.0000000000
2690  6.238  -80.910  -29.369 0.0000000000
5599  2.687  -76.933  -21.670 0.0000000000
4956  2.668  -77.386  -22.197 0.0000000000
4946  2.664  -77.726  -21.533 0.0000000000
3716  2.610  -79.144  -22.429 0.0000000000
3723  2.991  -79.669  -22.960 0.0000000000
1753  4.618  -83.674  -21.635 0.0000000000
2147  5.174  -82.825  -22.038 0.0000000000
1752  5.167  -83.731  -22.456 0.0000000000
1758  5.559  -83.618  -23.373 0.0000000000
1763  6.257  -83.823  -25.002 0.0000000000
2180  6.397  -83.263  -26.527 0.0000000000
1431  6.082  -84.189  -25.837 0.0000000000
1423  5.130  -84.895  -25.991 0.0000000000
1087  4.487  -85.238  -26.333 0.0000000000
1086  4.705  -86.063  -27.226 0.0000000000
776  3.892  -86.089  -26.605 0.0000000000
502  3.675  -86.599  -26.859 0.0000000000
155246  7.684  -63.308  -24.428 0.0000000000
17160  8.878  -63.203  -23.706 0.0000000000
16103  7.657  -63.886  -24.131 0.0000000000
133845  6.031  -64.864  -24.432 0.0000000000
14139  6.203  -65.109  -24.148 0.0000000000
14164  4.731  -65.858  -24.986 0.0000000000
14166  3.241  -65.849  -25.486 0.0000000000
143628  2.260  -66.456  -25.569 0.0000000000
13260  0.401  -67.119  -26.060 0.0000000000
14168  0.691  -65.720  -25.327 0.0000000000
14169  -0.297  -65.726  -24.975 0.0000000000
14153  -1.078  -64.862  -24.069 0.0000000000
142625  -0.934  -61.678  -25.746 0.0000000000
18245  -1.262  -62.192  -25.241 0.0000000000
17194  -2.243  -62.259  -25.691 0.0000000000
17195  -2.655  -62.636  -25.717 0.0000000000
15141  -3.471  -64.065  -26.288 0.0000000000
23504  5.563  -56.752  -30.943 0.0000000000
22500  5.442  -57.233  -30.288 0.0000000000
150969  4.803  -56.958  -30.902 0.0000000000
22502  2.942  -57.340  -31.078 0.0000000000
27788  19.668  -52.131  -36.105 0.0000000000
27772  20.281  -51.926  -35.119 0.0000000000
28901  20.626  -50.973  -36.430 0.0000000000
30056  21.301  -50.969  -37.152 0.0000000000
33421  22.190  -47.183  -33.893 0.0000000000
33438  21.559  -47.546  -34.407 0.0000000000
154439  22.215  -47.463  -34.403 0.0000000000
33452  23.885  -46.892  -34.985 0.0000000000
31156  24.345  -47.983  -35.902 0.0000000000
30045  24.022  -49.541  -36.138 0.0000000000
31132  23.754  -49.285  -34.714 0.0000000000
30017  22.863  -50.752  -33.865 0.0000000000
28853  23.099  -51.522  -32.795 0.0000000000
27735  23.548  -52.230  -32.757 0.0000000000
28851  24.126  -51.602  -32.847 0.0000000000
28865  24.567  -51.426  -33.254 0.0000000000
137939  25.034  -51.177  -33.811 0.0000000000
33435  26.560  -47.831  -34.211 0.0000000000
31131  26.476  -49.314  -34.933 0.0000000000
32285  26.835  -48.401  -34.936 0.0000000000
134058  27.169  -48.948  -35.773 0.0000000000
31188  27.472  -49.792  -37.663 0.0000000000
38815  26.578  -42.347  -33.983 0.0000000000
38826  27.304  -42.601  -34.422 0.0000000000
39948  25.806  -41.607  -34.288 0.0000000000
39947  26.754  -41.842  -34.692 0.0000000000
39962  26.866  -41.428  -35.507 0.0000000000
41098  26.467  -40.717  -35.874 0.0000000000
825  17.655  -86.531  -32.996 0.0000000000
364  14.575  -86.341  -36.751 0.0000000000
584  15.866  -85.564  -35.304 0.0000000000
363  15.460  -86.001  -37.498 0.0000000000
132952  16.836  -86.356  -38.154 0.0000000000
608  17.709  -87.046  -38.200 0.0000000000
880  18.243  -86.729  -39.203 0.0000000000
140455  17.080  -87.036  -40.295 0.0000000000
896  13.634  -86.341  -41.933 0.0000000000
900  12.926  -86.410  -42.397 0.0000000000
121  11.411  -90.189  -42.380 0.0000000000
238  11.990  -89.230  -43.269 0.0000000000
143540  11.240  -89.282  -43.635 0.0000000000
653  10.343  -87.957  -44.189 0.0000000000
654  9.590  -87.694  -44.651 0.0000000000
927  8.537  -86.572  -45.063 0.0000000000
655  8.951  -87.502  -45.149 0.0000000000
434  7.759  -87.802  -45.590 0.0000000000
679  10.868  -87.570  -46.670 0.0000000000
454  10.320  -88.122  -47.248 0.0000000000
949  9.918  -86.112  -47.024 0.0000000000
1270  9.112  -85.646  -47.457 0.0000000000
1622  7.897  -84.392  -47.349 0.0000000000
264  2.187  -89.281  -46.765 0.0000000000
282  1.935  -89.167  -47.961 0.0000000000
144221  1.351  -88.583  -47.734 0.0000000000
698  0.325  -87.114  -48.013 0.0000000000
712  0.541  -86.391  -49.152 0.0000000000
2362  3.811  -81.932  -46.661 0.0000000000
1698  3.393  -83.430  -55.260 0.0000000000
1697  4.327  -83.123  -55.940 0.0000000000
1711  5.047  -83.244  -57.215 0.0000000000
1392  5.800  -83.793  -57.498 0.0000000000
146188  5.359  -83.438  -57.629 0.0000000000
1720  5.715  -83.229  -58.151 0.0000000000
127872  6.204  -82.073  -59.334 0.0000000000
141671  7.865  -81.945  -57.321 0.0000000000
128944  6.991  -82.300  -58.113 0.0000000000
2477  7.711  -82.514  -58.260 0.0000000000
127275  7.029  -82.735  -59.917 0.0000000000
145513  5.593  -80.303  -60.240 0.0000000000
127277  5.251  -80.974  -61.505 0.0000000000
3554  6.712  -80.226  -61.047 0.0000000000
2998  7.327  -79.934  -61.473 0.0000000000
135508  8.265  -79.548  -62.437 0.0000000000
3566  8.983  -79.717  -62.140 0.0000000000
3553  9.641  -80.507  -60.793 0.0000000000
4145  9.838  -80.043  -60.515 0.0000000000
10154  9.391  -70.950  -50.457 0.0000000000
9403  10.805  -71.579  -50.851 0.0000000000
18431  -0.843  -61.129  -35.848 0.0000000000
18451  -1.850  -61.033  -36.110 0.0000000000
18467  -1.255  -61.340  -36.996 0.0000000000
131270  -1.628  -61.005  -37.759 0.0000000000
135813  -1.906  -60.952  -39.171 0.0000000000
135793  0.569  -63.377  -43.203 0.0000000000
16389  -0.060  -62.942  -42.535 0.0000000000
150160  -0.033  -62.772  -43.348 0.0000000000
17454  -1.144  -61.759  -44.527 0.0000000000
18560  -2.198  -61.071  -44.396 0.0000000000
18577  -2.885  -60.889  -45.270 0.0000000000
18595  -2.395  -61.066  -45.927 0.0000000000
135077  -2.326  -61.318  -46.661 0.0000000000
17522  -2.333  -61.919  -48.290 0.0000000000
16471  -2.497  -62.459  -49.040 0.0000000000
16470  -1.803  -62.886  -48.357 0.0000000000
15470  -1.565  -64.058  -48.318 0.0000000000
140273  1.633  -66.267  -47.731 0.0000000000
13556  1.378  -66.869  -48.292 0.0000000000
138578  1.340  -66.242  -48.394 0.0000000000
14472  0.904  -65.791  -49.510 0.0000000000
14480  0.551  -65.289  -50.281 0.0000000000
15518  0.129  -64.778  -50.966 0.0000000000
15504  0.306  -64.315  -50.193 0.0000000000
16497  -0.256  -62.869  -50.129 0.0000000000
18645  -0.494  -61.307  -49.610 0.0000000000
24825  8.003  -55.637  -50.036 0.0000000000
23761  8.161  -56.632  -48.795 0.0000000000
22750  7.744  -57.155  -48.296 0.0000000000
21668  7.501  -58.764  -46.815 0.0000000000
22729  8.261  -57.643  -47.723 0.0000000000
21692  8.822  -58.156  -47.158 0.0000000000
147980  10.320  -58.626  -46.434 0.0000000000
20669  13.478  -58.937  -48.650 0.0000000000
20660  12.763  -59.365  -47.562 0.0000000000
19665  12.442  -59.958  -47.946 0.0000000000
132506  10.947  -60.728  -48.112 0.0000000000
18626  10.255  -61.270  -47.664 0.0000000000
18612  8.584  -61.740  -47.458 0.0000000000
18627  9.222  -61.198  -47.902 0.0000000000
19667  7.964  -60.668  -48.645 0.0000000000
19681  7.692  -60.188  -49.225 0.0000000000
22823  8.550  -56.818  -53.830 0.0000000000
22787  7.813  -57.259  -52.216 0.0000000000
22788  6.845  -57.075  -51.960 0.0000000000
139844  5.982  -56.969  -51.741 0.0000000000
148732  4.615  -57.226  -51.242 0.0000000000
21734  3.340  -58.024  -50.604 0.0000000000
22790  4.159  -56.626  -51.857 0.0000000000
23825  3.589  -56.615  -52.639 0.0000000000
22829  2.888  -57.683  -52.451 0.0000000000
21791  2.973  -58.360  -52.826 0.0000000000
21790  3.646  -57.730  -53.203 0.0000000000
138079  4.098  -58.428  -53.352 0.0000000000
20767  4.779  -58.963  -53.465 0.0000000000
488  11.689  -88.215  -51.167 0.0000000000
134119  11.491  -87.475  -51.887 0.0000000000
141732  10.605  -87.726  -52.041 0.0000000000
719  9.572  -86.991  -51.960 0.0000000000
992  8.445  -86.382  -51.507 0.0000000000
734  8.116  -87.713  -52.037 0.0000000000
993  7.625  -86.550  -51.542 0.0000000000
1314  7.161  -85.707  -51.340 0.0000000000
1660  6.526  -85.036  -51.222 0.0000000000
136702  5.294  -84.393  -50.807 0.0000000000
1983  4.735  -83.842  -50.330 0.0000000000
9790  -1.885  -70.913  -19.077 0.0000000000
8362  -1.896  -72.438  -18.005 0.0000000000
8363  -2.283  -73.092  -18.234 0.0000000000
9083  -2.239  -72.130  -19.575 0.0000000000
8372  -2.490  -72.780  -19.095 0.0000000000
7676  -3.097  -74.131  -18.665 0.0000000000
6978  -3.791  -74.212  -19.128 0.0000000000
6289  -3.980  -74.701  -19.444 0.0000000000
6302  -3.808  -75.251  -20.127 0.0000000000
6313  -3.644  -75.413  -21.151 0.0000000000
7008  -4.774  -74.512  -21.173 0.0000000000
135332  -4.799  -74.649  -22.009 0.0000000000
7735  -5.280  -72.724  -23.056 0.0000000000
8426  -4.333  -71.963  -22.484 0.0000000000
9134  -5.059  -71.211  -23.742 0.0000000000
130435  -5.000  -70.278  -23.987 0.0000000000
151705  -4.932  -69.752  -24.585 0.0000000000
29933  13.886  -49.823  -28.630 0.0000000000
142495  12.802  -50.575  -29.363 0.0000000000
141937  11.670  -51.597  -30.084 0.0000000000
135499  13.065  -50.828  -30.075 0.0000000000
28845  13.028  -51.431  -31.184 0.0000000000
27739  12.241  -52.190  -32.503 0.0000000000
27714  13.887  -51.827  -30.312 0.0000000000
26649  13.598  -52.599  -31.983 0.0000000000
26663  12.494  -52.898  -33.102 0.0000000000
25604  12.687  -54.001  -33.273 0.0000000000
24577  12.518  -55.342  -32.829 0.0000000000
22517  12.052  -57.286  -32.901 0.0000000000
22530  12.162  -57.539  -33.402 0.0000000000
22516  12.781  -57.315  -32.908 0.0000000000
137382  13.691  -57.137  -32.925 0.0000000000
23541  14.436  -56.655  -33.444 0.0000000000
24564  15.177  -55.758  -31.468 0.0000000000
23512  15.207  -56.083  -32.265 0.0000000000
23524  15.166  -56.190  -33.056 0.0000000000
24589  16.176  -55.236  -33.376 0.0000000000
25618  16.737  -54.792  -33.722 0.0000000000
25617  17.486  -54.462  -33.658 0.0000000000
14643  0.224  -65.615  -60.420 0.0000000000
14642  1.326  -65.405  -60.464 0.0000000000
14622  0.784  -64.974  -59.729 0.0000000000
14603  1.264  -64.859  -59.019 0.0000000000
14587  1.839  -65.300  -58.057 0.0000000000
14569  1.245  -65.014  -57.083 0.0000000000
14568  2.086  -65.600  -57.045 0.0000000000
13654  2.653  -66.073  -56.549 0.0000000000
13639  2.713  -66.274  -55.234 0.0000000000
13628  2.897  -66.333  -54.074 0.0000000000
13627  3.445  -66.493  -53.616 0.0000000000
14507  4.227  -65.955  -52.839 0.0000000000
15543  3.691  -65.017  -53.042 0.0000000000
15560  4.043  -64.585  -53.858 0.0000000000
15581  3.913  -64.339  -55.089 0.0000000000
16581  2.238  -63.208  -54.591 0.0000000000
16600  3.085  -63.723  -55.502 0.0000000000
15595  3.800  -64.179  -56.434 0.0000000000
16621  3.952  -63.795  -57.644 0.0000000000
16636  4.470  -63.274  -58.550 0.0000000000
17675  5.476  -62.404  -58.511 0.0000000000
22663  -3.001  -57.355  -41.720 0.0000000000
21613  -2.352  -57.954  -41.568 0.0000000000
21633  -2.746  -58.038  -43.248 0.0000000000
21632  -2.177  -58.580  -44.132 0.0000000000
20589  -1.389  -59.250  -44.447 0.0000000000
22705  -2.310  -57.739  -46.026 0.0000000000
20629  -1.729  -59.076  -45.915 0.0000000000
20628  -0.926  -59.528  -45.745 0.0000000000
137115  0.316  -59.945  -46.297 0.0000000000
132842  0.703  -59.653  -46.865 0.0000000000
20647  2.542  -59.389  -47.003 0.0000000000
138297  27.795  -43.510  -40.642 0.0000000000
135106  26.665  -43.724  -40.211 0.0000000000
37808  26.993  -42.998  -39.978 0.0000000000
37809  25.908  -43.009  -39.981 0.0000000000
149586  25.007  -41.501  -39.352 0.0000000000
130743  24.276  -41.801  -39.524 0.0000000000
40013  22.670  -41.308  -39.892 0.0000000000
4011  9.365  -79.635  -48.199 0.0000000000
3998  9.914  -79.200  -47.560 0.0000000000
4593  9.190  -77.311  -47.075 0.0000000000
5898  8.895  -76.698  -47.328 0.0000000000
5286  8.575  -76.766  -49.554 0.0000000000
5304  7.483  -77.260  -50.372 0.0000000000
5303  8.241  -77.241  -50.262 0.0000000000
137124  8.903  -77.338  -50.000 0.0000000000
4047  9.078  -78.922  -51.087 0.0000000000
3459  9.462  -80.864  -51.982 0.0000000000
2424  9.897  -82.173  -52.447 0.0000000000
2913  9.200  -81.463  -52.497 0.0000000000
2433  8.368  -82.304  -53.396 0.0000000000
153910  8.169  -83.449  -53.732 0.0000000000
2434  7.493  -82.242  -53.585 0.0000000000
2007  7.652  -83.723  -53.810 0.0000000000
1677  7.949  -84.689  -53.846 0.0000000000
1332  7.538  -85.438  -53.957 0.0000000000
1007  7.155  -86.337  -54.230 0.0000000000
739  6.509  -87.273  -55.139 0.0000000000
28873  -0.467  -51.506  -32.379 0.0000000000
28857  -1.498  -50.898  -31.917 0.0000000000
28874  -2.702  -50.932  -32.959 0.0000000000
27755  -3.065  -51.835  -33.616 0.0000000000
30025  -2.402  -50.277  -33.838 0.0000000000
30041  -2.390  -50.521  -34.856 0.0000000000
28906  -1.941  -50.997  -35.698 0.0000000000
31144  -0.850  -48.868  -34.670 0.0000000000
31182  -1.167  -49.722  -35.799 0.0000000000
141464  -1.193  -50.597  -36.074 0.0000000000
135770  0.203  -50.998  -37.699 0.0000000000
30080  -0.057  -50.643  -38.678 0.0000000000
33528  15.699  -47.048  -40.214 0.0000000000
35775  9.603  -45.723  -45.035 0.0000000000
35779  5.367  -45.111  -44.565 0.0000000000
35793  5.046  -45.361  -44.720 0.0000000000
34682  4.417  -45.832  -44.246 0.0000000000
34683  3.764  -46.351  -43.570 0.0000000000
33567  3.329  -47.180  -43.234 0.0000000000
33577  3.631  -47.640  -43.917 0.0000000000
123  9.227  -90.419  -42.251 0.0000000000
124  8.567  -90.442  -42.625 0.0000000000
28  8.573  -90.930  -41.962 0.0000000000
21  7.988  -91.074  -41.537 0.0000000000
135276  7.246  -91.087  -41.150 0.0000000000
135552  7.901  -90.843  -38.669 0.0000000000
7  7.500  -91.066  -39.091 0.0000000000
8  6.342  -91.114  -40.031 0.0000000000
135878  5.775  -91.069  -39.785 0.0000000000
9  5.002  -90.609  -39.635 0.0000000000
103  4.648  -90.084  -39.445 0.0000000000
1860  9.420  -83.350  -35.257 0.0000000000
1861  9.009  -84.046  -35.871 0.0000000000
1506  8.918  -84.870  -35.393 0.0000000000
1499  8.860  -85.577  -34.900 0.0000000000
842  8.543  -87.090  -34.814 0.0000000000
1147  9.048  -86.086  -33.767 0.0000000000
835  8.852  -86.864  -33.878 0.0000000000
576  8.400  -88.239  -34.802 0.0000000000
352  8.546  -89.238  -34.410 0.0000000000
146  8.582  -88.920  -30.923 0.0000000000
3098  2.898  -80.854  -18.726 0.0000000000
3694  3.382  -80.386  -20.228 0.0000000000
2586  3.089  -81.575  -18.982 0.0000000000
145998  3.621  -82.541  -19.871 0.0000000000
1738  3.454  -83.269  -20.229 0.0000000000
1740  1.997  -83.515  -20.581 0.0000000000
1745  2.464  -83.975  -20.936 0.0000000000
1400  3.846  -84.242  -21.356 0.0000000000
140545  3.563  -84.660  -21.871 0.0000000000
1054  2.999  -84.945  -22.750 0.0000000000
1071  3.199  -85.501  -24.174 0.0000000000
759  1.780  -86.100  -25.098 0.0000000000
1080  1.072  -86.053  -25.314 0.0000000000
1082  -0.177  -85.755  -26.226 0.0000000000
18236  9.576  -61.677  -24.497 0.0000000000
18250  9.759  -61.335  -25.326 0.0000000000
17168  9.394  -62.148  -24.868 0.0000000000
17170  8.167  -62.881  -24.726 0.0000000000
17171  7.195  -62.688  -24.561 0.0000000000
17173  4.659  -62.789  -24.164 0.0000000000
17174  3.768  -62.723  -24.253 0.0000000000
135370  2.316  -63.234  -24.253 0.0000000000
17175  2.954  -62.736  -24.397 0.0000000000
18241  2.096  -62.519  -24.633 0.0000000000
18257  1.402  -61.514  -25.483 0.0000000000
19367  3.587  -60.985  -25.529 0.0000000000
19368  2.663  -60.989  -25.729 0.0000000000
143363  0.825  -61.008  -25.795 0.0000000000
19370  0.278  -60.616  -26.279 0.0000000000
19388  0.107  -60.064  -26.913 0.0000000000
19400  -0.271  -60.062  -27.737 0.0000000000
33422  21.333  -47.046  -33.889 0.0000000000
139485  21.956  -46.740  -33.237 0.0000000000
32239  24.176  -48.162  -33.178 0.0000000000
32237  25.057  -48.799  -32.892 0.0000000000
33404  24.482  -47.639  -32.817 0.0000000000
131705  25.050  -47.176  -32.631 0.0000000000
34524  25.708  -46.731  -32.941 0.0000000000
33418  26.165  -47.243  -33.589 0.0000000000
34543  26.879  -46.863  -34.257 0.0000000000
35658  27.913  -46.006  -35.111 0.0000000000
35636  27.916  -45.229  -34.899 0.0000000000
139374  27.460  -44.652  -33.940 0.0000000000
136200  27.131  -43.808  -33.559 0.0000000000
37728  24.757  -43.186  -33.114 0.0000000000
37727  25.586  -42.960  -33.278 0.0000000000
38799  26.331  -42.805  -33.478 0.0000000000
38801  24.784  -42.354  -33.419 0.0000000000
39927  22.882  -41.244  -33.477 0.0000000000
148082  15.335  -87.655  -31.520 0.0000000000
132074  15.160  -87.697  -32.298 0.0000000000
338  15.082  -87.336  -33.669 0.0000000000
348  14.632  -87.407  -34.187 0.0000000000
350  13.531  -88.603  -34.416 0.0000000000
355  14.025  -87.629  -34.739 0.0000000000
354  13.917  -86.871  -35.520 0.0000000000
154228  13.927  -86.866  -37.521 0.0000000000
380  14.032  -87.333  -38.413 0.0000000000
205  14.635  -88.354  -39.032 0.0000000000
223  14.885  -88.862  -40.556 0.0000000000
214  14.326  -89.115  -39.603 0.0000000000
140245  13.384  -89.372  -39.886 0.0000000000
225  12.529  -90.027  -40.958 0.0000000000
139972  12.406  -90.051  -38.724 0.0000000000
110  11.864  -90.213  -40.097 0.0000000000
116  11.958  -90.183  -41.768 0.0000000000
117  11.084  -90.269  -41.566 0.0000000000
154576  10.399  -90.331  -41.418 0.0000000000
659  0.724  -87.204  -44.694 0.0000000000
683  0.387  -87.421  -45.777 0.0000000000
135640  -0.436  -87.061  -45.620 0.0000000000
2030  3.314  -82.416  -55.506 0.0000000000
11080  7.349  -69.788  -58.861 0.0000000000
9514  7.907  -71.165  -59.994 0.0000000000
144060  7.565  -71.606  -58.978 0.0000000000
8812  7.642  -72.670  -59.053 0.0000000000
144332  7.412  -73.312  -58.288 0.0000000000
141851  7.164  -74.076  -57.225 0.0000000000
143331  7.398  -74.014  -58.201 0.0000000000
7432  7.487  -74.707  -59.075 0.0000000000
6742  7.435  -75.589  -58.726 0.0000000000
6065  7.234  -77.238  -59.048 0.0000000000
5407  6.832  -78.144  -58.840 0.0000000000
4760  7.207  -78.812  -58.343 0.0000000000
4126  7.250  -79.696  -57.815 0.0000000000
3519  7.309  -80.535  -57.209 0.0000000000
134112  7.174  -78.304  -55.877 0.0000000000
4113  7.426  -79.876  -56.656 0.0000000000
2943  7.693  -81.321  -56.960 0.0000000000
2942  8.370  -81.662  -56.863 0.0000000000
2941  9.200  -81.454  -56.811 0.0000000000
3518  9.874  -81.051  -57.455 0.0000000000
3528  10.197  -80.294  -58.221 0.0000000000
3503  10.241  -80.318  -57.080 0.0000000000
129970  10.522  -78.926  -56.711 0.0000000000
5377  10.725  -77.639  -55.943 0.0000000000
5364  10.314  -77.996  -55.179 0.0000000000
6025  10.709  -77.157  -55.122 0.0000000000
6039  10.955  -76.669  -56.164 0.0000000000
15320  -1.950  -64.731  -37.523 0.0000000000
16321  1.332  -63.998  -38.497 0.0000000000
16322  0.540  -63.808  -38.537 0.0000000000
15338  1.326  -65.008  -39.205 0.0000000000
136389  1.018  -64.883  -40.125 0.0000000000
15353  1.320  -64.743  -41.107 0.0000000000
132906  3.502  -65.581  -40.595 0.0000000000
14360  2.089  -64.761  -41.978 0.0000000000
15384  1.055  -63.902  -42.540 0.0000000000
15399  1.254  -64.126  -43.617 0.0000000000
16409  0.875  -64.124  -44.507 0.0000000000
15419  0.085  -64.821  -45.528 0.0000000000
14415  -0.331  -65.694  -45.765 0.0000000000
14414  0.377  -65.819  -45.264 0.0000000000
13512  0.898  -66.717  -45.379 0.0000000000
12574  1.566  -67.324  -46.415 0.0000000000
13509  3.783  -66.414  -45.152 0.0000000000
13519  3.216  -66.558  -45.886 0.0000000000
13531  2.154  -66.394  -46.995 0.0000000000
14420  2.284  -65.366  -46.658 0.0000000000
16455  1.772  -63.455  -46.661 0.0000000000
17503  2.261  -62.690  -46.876 0.0000000000
20743  11.287  -58.781  -51.829 0.0000000000
20729  10.466  -58.523  -51.132 0.0000000000
22845  9.269  -57.084  -55.002 0.0000000000
135482  17.347  -85.251  -52.763 0.0000000000
129828  17.073  -84.157  -52.327 0.0000000000
1667  16.583  -84.663  -52.302 0.0000000000
1655  15.320  -84.281  -51.795 0.0000000000
151936  14.044  -83.248  -50.616 0.0000000000
1656  13.856  -84.500  -51.337 0.0000000000
1642  13.217  -84.029  -50.700 0.0000000000
1962  12.906  -83.077  -49.803 0.0000000000
2393  12.637  -82.616  -49.373 0.0000000000
2383  11.459  -82.091  -48.823 0.0000000000
149151  10.373  -80.674  -48.309 0.0000000000
989  11.333  -86.644  -51.885 0.0000000000
1297  11.019  -85.078  -50.714 0.0000000000
1645  10.480  -84.300  -50.296 0.0000000000
1979  8.824  -83.843  -50.583 0.0000000000
1978  9.646  -83.686  -50.233 0.0000000000
1977  10.408  -83.486  -49.855 0.0000000000
1965  10.436  -82.821  -49.479 0.0000000000
2873  9.994  -81.198  -48.722 0.0000000000
3418  9.610  -80.404  -48.494 0.0000000000
4000  8.172  -78.615  -48.388 0.0000000000
4611  7.690  -77.721  -48.205 0.0000000000
3420  7.117  -79.961  -49.382 0.0000000000
131447  7.323  -78.607  -48.490 0.0000000000
5257  6.873  -77.461  -48.408 0.0000000000
5936  5.981  -77.123  -48.826 0.0000000000
5306  4.988  -77.655  -50.032 0.0000000000
4654  4.613  -78.406  -50.523 0.0000000000
38905  15.312  -42.655  -40.615 0.0000000000
37826  14.675  -43.649  -40.567 0.0000000000
38899  14.590  -43.273  -40.783 0.0000000000
37827  14.051  -43.695  -41.233 0.0000000000
36797  13.121  -44.167  -42.329 0.0000000000
38911  13.317  -42.130  -42.431 0.0000000000
37831  13.031  -43.554  -42.601 0.0000000000
41179  11.829  -40.315  -43.353 0.0000000000
40051  11.280  -41.372  -43.409 0.0000000000
41181  10.157  -40.673  -43.832 0.0000000000
38928  10.373  -41.964  -43.935 0.0000000000
37849  11.378  -43.593  -44.699 0.0000000000
133410  8.966  -45.321  -46.813 0.0000000000
37888  9.666  -43.796  -47.117 0.0000000000
144905  9.286  -44.735  -47.426 0.0000000000
35799  8.742  -45.208  -47.587 0.0000000000
35813  8.188  -45.392  -47.721 0.0000000000
35836  8.464  -45.576  -48.581 0.0000000000
34740  9.036  -46.056  -49.651 0.0000000000
35834  9.871  -45.458  -49.385 0.0000000000
1170  11.429  -85.195  -36.241 0.0000000000
1171  11.116  -85.691  -36.933 0.0000000000
1510  11.814  -84.394  -36.288 0.0000000000
1866  11.806  -83.770  -37.125 0.0000000000
1521  11.359  -83.817  -38.088 0.0000000000
147743  12.158  -82.532  -37.190 0.0000000000
1877  11.072  -83.092  -38.483 0.0000000000
2789  10.844  -81.972  -38.126 0.0000000000
2783  10.039  -81.726  -37.444 0.0000000000
2277  9.555  -82.269  -36.760 0.0000000000
150730  12.034  -77.754  -36.378 0.0000000000
3885  11.985  -79.213  -36.793 0.0000000000
3298  11.503  -79.877  -36.828 0.0000000000
2765  10.582  -80.687  -36.299 0.0000000000
2265  10.050  -82.009  -35.558 0.0000000000
129909  9.982  -82.652  -34.743 0.0000000000
2245  10.113  -82.501  -33.679 0.0000000000
2237  9.849  -82.769  -32.966 0.0000000000
3264  8.768  -79.899  -33.834 0.0000000000
2735  9.118  -81.212  -33.209 0.0000000000
2238  9.096  -82.565  -32.382 0.0000000000
2226  8.390  -82.824  -31.731 0.0000000000
1822  7.829  -83.206  -31.199 0.0000000000
1810  7.282  -83.631  -30.681 0.0000000000
7006  1.988  -74.577  -21.847 0.0000000000
138631  1.159  -73.684  -20.728 0.0000000000
6311  1.758  -75.392  -21.366 0.0000000000
5600  2.321  -76.224  -21.388 0.0000000000
5585  2.400  -76.913  -20.906 0.0000000000
4936  2.502  -77.694  -20.494 0.0000000000
4302  2.263  -78.769  -18.859 0.0000000000
7674  -0.578  -73.168  -17.770 0.0000000000
139934  -0.612  -74.152  -17.870 0.0000000000
6274  0.131  -75.557  -18.374 0.0000000000
6257  -0.843  -75.758  -17.700 0.0000000000
149704  -0.237  -75.918  -17.833 0.0000000000
5564  0.351  -76.436  -18.157 0.0000000000
4916  1.204  -77.598  -18.360 0.0000000000
4303  1.679  -78.133  -18.559 0.0000000000
3670  2.232  -79.694  -18.280 0.0000000000
3084  2.242  -80.553  -18.292 0.0000000000
2581  1.282  -81.194  -18.610 0.0000000000
2589  1.018  -81.618  -19.203 0.0000000000
133755  -0.404  -80.022  -19.222 0.0000000000
3110  -0.205  -80.824  -19.750 0.0000000000
132894  0.146  -81.714  -20.709 0.0000000000
2643  0.104  -82.065  -23.742 0.0000000000
2658  1.202  -81.827  -25.338 0.0000000000
3176  1.260  -80.977  -26.556 0.0000000000
2671  0.438  -81.248  -25.742 0.0000000000
3163  -0.602  -80.942  -25.725 0.0000000000
3736  -1.515  -79.443  -24.371 0.0000000000
6328  -3.237  -75.398  -22.276 0.0000000000
147562  -2.363  -75.404  -23.059 0.0000000000
6351  -2.037  -75.435  -23.992 0.0000000000
6353  -4.042  -74.621  -24.659 0.0000000000
21454  10.762  -58.445  -28.637 0.0000000000
21455  10.196  -58.863  -28.799 0.0000000000
20432  8.214  -58.689  -28.158 0.0000000000
21468  9.671  -58.452  -29.279 0.0000000000
21469  7.644  -57.742  -29.438 0.0000000000
22498  7.171  -57.055  -30.172 0.0000000000
23500  9.495  -56.051  -30.453 0.0000000000
23501  8.538  -56.236  -30.494 0.0000000000
23503  6.439  -56.384  -30.963 0.0000000000
150250  6.206  -55.734  -31.790 0.0000000000
24581  5.526  -55.966  -33.213 0.0000000000
27716  10.844  -51.896  -31.210 0.0000000000
143586  10.214  -52.390  -31.090 0.0000000000
26652  9.038  -53.232  -32.228 0.0000000000
26676  9.830  -53.613  -33.453 0.0000000000
25607  8.439  -53.749  -32.718 0.0000000000
147609  7.943  -54.093  -32.192 0.0000000000
24579  6.862  -54.765  -32.886 0.0000000000
24580  6.214  -55.349  -33.077 0.0000000000
23556  13.027  -57.121  -34.553 0.0000000000
22581  13.738  -57.021  -36.622 0.0000000000
23596  14.446  -55.961  -36.198 0.0000000000
142873  13.915  -56.313  -36.233 0.0000000000
833  11.940  -86.191  -33.094 0.0000000000
1145  11.643  -85.851  -33.802 0.0000000000
1155  11.503  -85.474  -34.688 0.0000000000
11893  7.060  -68.286  -60.321 0.0000000000
14641  2.306  -65.445  -60.328 0.0000000000
13688  3.306  -65.719  -60.148 0.0000000000
133860  4.178  -66.260  -60.822 0.0000000000
137273  3.853  -66.432  -58.153 0.0000000000
13672  4.436  -66.512  -58.980 0.0000000000
12766  5.057  -66.602  -59.925 0.0000000000
12764  6.450  -67.613  -59.746 0.0000000000
140621  7.047  -68.309  -59.339 0.0000000000
11892  7.419  -69.091  -59.776 0.0000000000
11064  7.155  -69.619  -57.950 0.0000000000
131636  7.152  -70.229  -57.456 0.0000000000
10255  7.148  -70.833  -56.883 0.0000000000
131740  7.458  -70.442  -56.025 0.0000000000
9468  7.270  -71.524  -56.159 0.0000000000
9451  7.594  -71.937  -55.302 0.0000000000
8761  7.845  -72.489  -54.577 0.0000000000
8751  8.125  -73.173  -53.813 0.0000000000
8067  8.465  -73.887  -53.125 0.0000000000
139021  8.419  -71.946  -52.807 0.0000000000
9413  8.499  -71.674  -51.810 0.0000000000
10990  7.253  -69.540  -52.597 0.0000000000
10185  7.782  -70.168  -51.965 0.0000000000
10169  8.233  -69.830  -51.145 0.0000000000
10979  8.837  -69.663  -50.841 0.0000000000
11763  8.822  -68.917  -51.210 0.0000000000
11794  8.720  -68.060  -52.857 0.0000000000
14506  4.758  -65.656  -52.978 0.0000000000
14520  5.512  -65.860  -53.068 0.0000000000
13614  6.309  -66.105  -53.368 0.0000000000
14567  5.988  -65.402  -56.277 0.0000000000
13626  7.097  -66.423  -54.403 0.0000000000
12684  7.723  -67.029  -53.739 0.0000000000
12683  8.453  -67.693  -54.626 0.0000000000
11811  8.950  -68.270  -54.182 0.0000000000
137340  9.241  -68.194  -55.278 0.0000000000
12701  9.674  -67.773  -56.063 0.0000000000
14549  10.332  -66.331  -56.535 0.0000000000
20465  -3.356  -58.963  -32.549 0.0000000000
19460  -3.587  -59.839  -32.415 0.0000000000
21511  -2.691  -58.739  -33.402 0.0000000000
20480  -1.618  -59.514  -34.414 0.0000000000
19498  -1.032  -60.045  -34.741 0.0000000000
21556  -1.350  -58.662  -36.657 0.0000000000
21537  -0.711  -59.424  -35.652 0.0000000000
152526  -0.361  -60.393  -35.714 0.0000000000
19532  0.369  -60.571  -36.503 0.0000000000
18464  1.053  -61.359  -37.300 0.0000000000
152967  1.239  -62.276  -38.195 0.0000000000
147162  -1.530  -58.268  -41.426 0.0000000000
20567  -0.050  -58.939  -41.119 0.0000000000
20566  0.802  -59.368  -40.439 0.0000000000
20579  0.347  -59.714  -42.370 0.0000000000
154227  1.004  -59.839  -41.098 0.0000000000
20565  1.385  -59.879  -39.773 0.0000000000
19573  1.652  -60.545  -39.273 0.0000000000
18504  1.724  -62.086  -39.459 0.0000000000
17373  1.749  -63.489  -38.701 0.0000000000
16340  2.675  -63.767  -38.886 0.0000000000
16339  3.544  -64.042  -39.113 0.0000000000
16356  4.852  -64.046  -40.059 0.0000000000
17422  4.148  -63.270  -41.563 0.0000000000
133106  5.124  -63.645  -41.095 0.0000000000
16355  5.588  -64.319  -40.477 0.0000000000
15367  6.473  -64.480  -40.987 0.0000000000
15365  7.917  -64.455  -41.849 0.0000000000
16386  8.419  -63.705  -42.342 0.0000000000
35714  25.147  -44.751  -39.897 0.0000000000
35715  24.311  -45.322  -39.780 0.0000000000
35716  23.642  -45.876  -39.631 0.0000000000
36783  23.094  -44.359  -39.050 0.0000000000
35700  23.431  -45.139  -39.151 0.0000000000
35701  22.915  -45.798  -39.002 0.0000000000
34602  21.639  -46.459  -38.706 0.0000000000
34603  20.860  -46.442  -38.599 0.0000000000
34605  18.934  -46.146  -38.937 0.0000000000
35706  17.911  -44.703  -38.855 0.0000000000
36768  18.471  -44.115  -38.822 0.0000000000
36769  18.034  -44.175  -38.950 0.0000000000
36770  17.193  -43.564  -39.456 0.0000000000
37818  16.638  -42.989  -39.781 0.0000000000
38888  16.193  -42.817  -39.859 0.0000000000
40028  20.187  -41.039  -41.217 0.0000000000
40022  19.603  -41.732  -40.873 0.0000000000
134700  18.827  -41.937  -40.800 0.0000000000
40023  18.075  -42.115  -40.810 0.0000000000
40025  16.909  -42.306  -40.748 0.0000000000
40038  15.885  -41.484  -42.183 0.0000000000
4608  10.485  -78.571  -47.026 0.0000000000
2431  10.274  -83.068  -52.701 0.0000000000
2004  10.728  -83.825  -53.016 0.0000000000
1676  11.126  -84.532  -53.348 0.0000000000
1329  10.135  -85.932  -53.737 0.0000000000
131828  10.634  -85.191  -53.586 0.0000000000
1045  9.606  -85.521  -57.925 0.0000000000
1726  9.879  -84.782  -60.579 0.0000000000
2057  8.795  -83.286  -61.548 0.0000000000
11398  -3.157  -68.072  -20.017 0.0000000000
12268  -2.871  -67.642  -20.772 0.0000000000
12267  -2.175  -67.271  -21.368 0.0000000000
12280  -1.726  -67.751  -22.149 0.0000000000
12279  -0.840  -67.421  -22.663 0.0000000000
12780  -0.739  -66.935  -61.088 0.0000000000
11068  -3.730  -69.328  -58.215 0.0000000000
11895  -2.939  -68.679  -59.805 0.0000000000
12781  -1.586  -67.300  -60.611 0.0000000000
13704  -1.183  -66.582  -60.446 0.0000000000
14623  -0.470  -65.568  -59.842 0.0000000000
129721  -1.073  -65.254  -58.786 0.0000000000
15616  -1.178  -64.657  -58.005 0.0000000000
13667  -1.778  -65.675  -57.758 0.0000000000
14590  -1.689  -64.657  -57.472 0.0000000000
133478  -1.319  -64.213  -57.234 0.0000000000
16624  -2.013  -63.673  -55.998 0.0000000000
16603  -2.151  -63.447  -55.408 0.0000000000
17615  -2.204  -62.536  -54.217 0.0000000000
23707  4.379  -56.829  -44.450 0.0000000000
23723  2.851  -56.039  -44.971 0.0000000000
24771  4.210  -55.561  -45.625 0.0000000000
24782  4.503  -54.892  -46.245 0.0000000000
19436  -3.935  -60.768  -29.700 0.0000000000
131973  -4.075  -59.250  -29.806 0.0000000000
24557  -2.560  -55.744  -29.932 0.0000000000
22505  -3.091  -57.166  -29.413 0.0000000000
21490  -4.094  -58.450  -30.478 0.0000000000
21497  -3.934  -58.397  -31.740 0.0000000000
137538  -3.374  -58.167  -32.752 0.0000000000
144232  -3.377  -57.120  -33.871 0.0000000000
22572  -3.260  -57.209  -35.451 0.0000000000
136738  -3.439  -55.748  -34.100 0.0000000000
23585  -3.359  -56.565  -35.697 0.0000000000
137219  -3.395  -57.163  -36.253 0.0000000000
23617  -3.491  -56.824  -37.218 0.0000000000
23634  -3.539  -56.865  -38.654 0.0000000000
23656  -3.539  -57.002  -39.336 0.0000000000
27780  -2.887  -52.021  -34.692 0.0000000000
26714  -2.734  -52.915  -35.301 0.0000000000
25675  -2.574  -54.353  -36.584 0.0000000000
26760  -1.286  -53.586  -37.124 0.0000000000
26761  -2.010  -54.060  -37.062 0.0000000000
25692  -2.394  -54.648  -37.431 0.0000000000
24701  -2.807  -55.385  -38.750 0.0000000000
24702  -3.223  -56.166  -39.267 0.0000000000
23665  -3.260  -56.551  -40.681 0.0000000000
146403  -3.264  -56.734  -42.374 0.0000000000
130197  -3.024  -56.045  -43.047 0.0000000000
24748  -2.528  -55.604  -43.995 0.0000000000
24747  -1.608  -55.092  -44.246 0.0000000000
24759  -2.101  -55.790  -44.882 0.0000000000
137767  -0.264  -56.052  -44.834 0.0000000000
23711  0.626  -56.140  -44.399 0.0000000000
30049  4.783  -49.854  -35.789 0.0000000000
35730  14.260  -44.832  -40.843 0.0000000000
34635  14.056  -45.802  -41.262 0.0000000000
34636  13.512  -46.636  -41.634 0.0000000000
34646  12.134  -46.264  -42.585 0.0000000000
33550  12.287  -47.084  -42.194 0.0000000000
33542  12.910  -47.429  -41.706 0.0000000000
32379  11.642  -48.465  -41.455 0.0000000000
32366  10.370  -48.917  -41.045 0.0000000000
31249  9.457  -49.276  -40.269 0.0000000000
32382  8.070  -49.130  -42.015 0.0000000000
31266  8.403  -49.237  -41.128 0.0000000000
31222  8.968  -49.595  -39.712 0.0000000000
31223  7.878  -49.664  -39.680 0.0000000000
30102  7.357  -50.006  -39.195 0.0000000000
30103  6.385  -49.959  -39.008 0.0000000000
31226  5.244  -49.120  -39.436 0.0000000000
31200  5.540  -49.692  -38.857 0.0000000000
30079  5.990  -50.311  -38.108 0.0000000000
31178  4.976  -49.807  -36.708 0.0000000000
31179  4.329  -49.264  -36.415 0.0000000000
31180  3.829  -48.911  -36.041 0.0000000000
32313  2.435  -48.083  -36.385 0.0000000000
33474  1.534  -47.864  -36.734 0.0000000000
33475  0.650  -47.892  -37.087 0.0000000000
33499  1.157  -47.538  -38.681 0.0000000000
33500  0.597  -47.780  -38.894 0.0000000000
32325  -0.006  -48.024  -38.258 0.0000000000
143797  -0.181  -49.279  -38.625 0.0000000000
30104  -0.140  -49.806  -40.006 0.0000000000
30126  -0.379  -50.519  -40.146 0.0000000000
33568  2.957  -47.573  -42.713 0.0000000000
32400  2.376  -48.615  -42.119 0.0000000000
31284  2.174  -49.277  -42.065 0.0000000000
31269  1.553  -49.369  -41.499 0.0000000000
30135  1.514  -50.285  -41.527 0.0000000000
30136  0.733  -50.447  -41.200 0.0000000000
29003  0.404  -51.062  -41.260 0.0000000000
26816  0.472  -52.579  -41.974 0.0000000000
26826  0.911  -53.520  -42.144 0.0000000000
25752  1.417  -54.539  -42.214 0.0000000000
138519  2.341  -54.396  -41.944 0.0000000000
139236  2.058  -55.284  -41.994 0.0000000000
24727  1.521  -55.791  -42.314 0.0000000000
23674  2.105  -56.490  -42.270 0.0000000000
22681  2.983  -57.308  -42.928 0.0000000000
22697  3.157  -57.164  -43.608 0.0000000000
22695  4.883  -57.297  -43.821 0.0000000000
22694  5.571  -57.222  -43.844 0.0000000000
23670  6.948  -56.480  -42.952 0.0000000000
465  4.811  -87.092  -48.719 0.0000000000
290  4.834  -88.340  -49.471 0.0000000000
278  4.002  -87.606  -47.963 0.0000000000
269  3.972  -89.334  -47.361 0.0000000000
270  3.641  -89.426  -47.014 0.0000000000
252  5.808  -89.151  -46.084 0.0000000000
262  3.818  -89.401  -46.192 0.0000000000
263  2.899  -89.362  -46.629 0.0000000000
437  2.485  -88.825  -45.495 0.0000000000
672  2.871  -87.572  -45.183 0.0000000000
658  2.111  -86.771  -44.706 0.0000000000
133  7.677  -90.064  -43.751 0.0000000000
142  7.006  -89.523  -43.664 0.0000000000
646  6.672  -87.799  -43.532 0.0000000000
241  5.111  -89.561  -43.304 0.0000000000
406  5.717  -87.600  -42.845 0.0000000000
916  5.685  -86.148  -43.085 0.0000000000
930  4.481  -85.276  -43.749 0.0000000000
140750  3.014  -85.769  -44.498 0.0000000000
933  1.475  -86.325  -44.002 0.0000000000
918  1.318  -86.302  -43.176 0.0000000000
872  10.336  -86.200  -38.698 0.0000000000
611  9.364  -87.006  -39.208 0.0000000000
618  8.610  -86.915  -39.773 0.0000000000
1199  8.562  -85.314  -39.830 0.0000000000
884  7.962  -86.385  -40.225 0.0000000000
389  7.048  -87.836  -39.754 0.0000000000
390  6.045  -88.078  -39.789 0.0000000000
391  4.987  -88.350  -39.786 0.0000000000
219  3.894  -89.042  -39.749 0.0000000000
1172  8.383  -85.838  -36.641 0.0000000000
869  7.510  -86.348  -37.527 0.0000000000
133747  6.685  -86.460  -38.055 0.0000000000
595  7.121  -87.760  -36.928 0.0000000000
602  6.438  -87.237  -37.563 0.0000000000
870  5.750  -86.627  -38.339 0.0000000000
614  4.077  -87.069  -38.878 0.0000000000
384  2.873  -87.923  -38.981 0.0000000000
105  3.145  -90.141  -39.479 0.0000000000
106  2.707  -90.177  -39.626 0.0000000000
4453  6.204  -78.216  -33.384 0.0000000000
3843  6.107  -79.714  -33.223 0.0000000000
135103  6.274  -78.873  -30.976 0.0000000000
3238  5.695  -80.125  -31.911 0.0000000000
3252  5.896  -80.576  -32.694 0.0000000000
2241  5.620  -81.950  -32.211 0.0000000000
1824  5.298  -83.004  -31.388 0.0000000000
1811  5.953  -83.522  -30.773 0.0000000000
5627  2.885  -77.086  -23.013 0.0000000000
5626  3.581  -76.454  -23.623 0.0000000000
153335  3.963  -78.837  -26.915 0.0000000000
3704  3.591  -80.464  -21.396 0.0000000000
3129  3.442  -80.183  -22.484 0.0000000000
3138  3.746  -80.260  -23.320 0.0000000000
2155  5.312  -82.295  -22.851 0.0000000000
132945  4.498  -80.925  -23.135 0.0000000000
3150  3.872  -79.959  -24.383 0.0000000000
3149  4.305  -80.048  -25.252 0.0000000000
3162  4.838  -80.257  -25.947 0.0000000000
3762  5.055  -79.724  -27.208 0.0000000000
3189  5.858  -80.272  -27.499 0.0000000000
2682  6.430  -81.658  -28.326 0.0000000000
2683  6.008  -81.804  -29.175 0.0000000000
2186  5.984  -83.134  -27.914 0.0000000000
2187  4.648  -82.922  -28.361 0.0000000000
2208  4.518  -82.297  -29.502 0.0000000000
1813  3.806  -83.093  -30.375 0.0000000000
1469  5.339  -83.955  -30.170 0.0000000000
1458  6.216  -84.448  -29.452 0.0000000000
1112  6.924  -85.021  -28.697 0.0000000000
1103  7.284  -85.855  -28.220 0.0000000000
507  6.807  -87.109  -28.101 0.0000000000
788  5.489  -86.727  -27.625 0.0000000000
508  6.149  -87.111  -28.014 0.0000000000
143822  6.286  -87.484  -28.444 0.0000000000
779  1.345  -86.350  -26.648 0.0000000000
13214  0.481  -66.403  -22.453 0.0000000000
12278  0.091  -67.129  -23.029 0.0000000000
12288  0.708  -67.697  -23.852 0.0000000000
11431  0.368  -68.421  -24.345 0.0000000000
10665  -0.017  -69.381  -25.277 0.0000000000
10672  -0.492  -69.669  -25.773 0.0000000000
10674  -1.869  -69.701  -25.520 0.0000000000
12327  -0.280  -67.595  -26.188 0.0000000000
11460  -1.651  -68.729  -25.754 0.0000000000
137070  -2.558  -68.881  -24.931 0.0000000000
11448  -3.407  -68.453  -24.238 0.0000000000
11449  -4.084  -68.128  -24.115 0.0000000000
11462  -4.835  -68.432  -25.324 0.0000000000
16109  0.719  -63.670  -23.987 0.0000000000
15120  -0.406  -64.252  -23.946 0.0000000000
15121  -2.023  -64.217  -23.830 0.0000000000
17180  -2.385  -63.071  -24.626 0.0000000000
15122  -2.999  -64.301  -23.949 0.0000000000
14155  -3.123  -65.345  -23.985 0.0000000000
13252  -4.067  -66.315  -25.108 0.0000000000
13253  -4.366  -67.057  -25.421 0.0000000000
11471  -4.770  -68.207  -26.181 0.0000000000
10716  -4.059  -69.068  -28.453 0.0000000000
21459  5.762  -58.324  -28.245 0.0000000000
21447  4.192  -58.851  -27.906 0.0000000000
145044  4.264  -57.718  -29.617 0.0000000000
21473  3.839  -58.263  -28.835 0.0000000000
21448  3.312  -58.808  -28.180 0.0000000000
21463  1.475  -58.927  -28.349 0.0000000000
25601  17.803  -54.355  -32.275 0.0000000000
25616  18.046  -54.251  -33.059 0.0000000000
26675  18.720  -53.712  -33.285 0.0000000000
25635  18.071  -54.118  -34.028 0.0000000000
25651  17.922  -53.868  -35.162 0.0000000000
26725  18.634  -53.423  -36.866 0.0000000000
26746  19.146  -54.098  -37.221 0.0000000000
27804  19.587  -52.354  -36.900 0.0000000000
26745  19.538  -53.166  -37.129 0.0000000000
25685  20.387  -54.345  -37.198 0.0000000000
25666  20.714  -54.585  -36.710 0.0000000000
25665  21.239  -54.059  -36.204 0.0000000000
25649  21.221  -54.108  -34.651 0.0000000000
29997  19.515  -50.888  -33.457 0.0000000000
32269  20.178  -48.225  -34.567 0.0000000000
31135  19.471  -49.089  -34.398 0.0000000000
31115  19.932  -49.978  -33.944 0.0000000000
31114  20.541  -49.931  -34.418 0.0000000000
30034  21.127  -49.842  -36.018 0.0000000000
144116  22.005  -50.443  -37.119 0.0000000000
28933  22.458  -50.907  -37.081 0.0000000000
28914  23.231  -50.421  -36.431 0.0000000000
28900  23.144  -51.275  -35.965 0.0000000000
26704  22.417  -52.096  -36.222 0.0000000000
27786  22.100  -52.768  -34.992 0.0000000000
26689  21.607  -53.456  -33.994 0.0000000000
27749  23.469  -52.939  -32.932 0.0000000000
31099  25.176  -49.387  -33.110 0.0000000000
129652  25.413  -50.434  -33.864 0.0000000000
28885  25.481  -51.039  -34.507 0.0000000000
30031  26.232  -50.161  -35.224 0.0000000000
30032  25.925  -50.877  -35.304 0.0000000000
36780  28.031  -44.316  -40.191 0.0000000000
134885  28.447  -45.628  -35.798 0.0000000000
154455  28.606  -45.017  -36.112 0.0000000000
36737  28.719  -45.251  -36.940 0.0000000000
37750  27.824  -42.942  -35.197 0.0000000000
37762  28.264  -43.216  -36.129 0.0000000000
135304  28.699  -44.285  -37.733 0.0000000000
141710  28.655  -44.017  -39.286 0.0000000000
149433  28.555  -43.357  -40.426 0.0000000000
38876  27.445  -42.854  -39.857 0.0000000000
39993  27.329  -41.610  -38.691 0.0000000000
39994  26.722  -40.886  -38.323 0.0000000000
41112  26.351  -40.367  -36.596 0.0000000000
41121  26.166  -40.210  -37.581 0.0000000000
39929  20.090  -41.376  -33.137 0.0000000000
134099  16.798  -87.048  -33.235 0.0000000000
832  18.149  -86.391  -33.605 0.0000000000
583  16.768  -85.353  -35.353 0.0000000000
571  17.121  -85.505  -34.865 0.0000000000
140515  18.724  -86.279  -34.219 0.0000000000
839  19.327  -86.186  -34.885 0.0000000000
2337  8.992  -82.616  -43.893 0.0000000000
2357  8.576  -82.889  -44.929 0.0000000000
403  14.112  -88.338  -42.136 0.0000000000
632  13.256  -87.965  -42.254 0.0000000000
901  12.205  -86.472  -42.710 0.0000000000
140394  11.772  -87.987  -43.193 0.0000000000
138096  10.514  -86.497  -43.363 0.0000000000
1217  10.913  -85.839  -42.931 0.0000000000
1572  9.406  -84.494  -43.071 0.0000000000
1574  8.253  -83.668  -43.793 0.0000000000
2349  7.930  -83.081  -45.128 0.0000000000
1939  7.511  -83.375  -45.855 0.0000000000
1946  7.247  -83.619  -46.554 0.0000000000
1624  6.363  -84.101  -47.051 0.0000000000
1249  6.489  -84.975  -45.665 0.0000000000
1614  5.818  -84.459  -46.867 0.0000000000
1284  6.569  -85.322  -48.201 0.0000000000
967  5.766  -85.881  -48.453 0.0000000000
141625  4.802  -86.297  -48.255 0.0000000000
464  6.678  -87.533  -49.075 0.0000000000
1320  18.634  -85.629  -52.537 0.0000000000
146090  18.180  -86.155  -52.173 0.0000000000
146412  13.342  -87.664  -50.655 0.0000000000
129014  12.647  -88.251  -48.993 0.0000000000
144147  12.067  -88.331  -50.431 0.0000000000
479  11.420  -88.682  -50.284 0.0000000000
294  10.602  -89.142  -49.985 0.0000000000
285  10.035  -89.165  -49.451 0.0000000000
455  9.766  -88.747  -47.782 0.0000000000
462  9.403  -89.048  -48.399 0.0000000000
277  9.035  -89.114  -49.016 0.0000000000
470  8.240  -88.891  -49.413 0.0000000000
471  7.582  -88.288  -49.277 0.0000000000
300  4.571  -88.402  -50.027 0.0000000000
483  4.301  -88.177  -50.683 0.0000000000
726  3.640  -87.485  -51.135 0.0000000000
476  1.625  -88.052  -49.360 0.0000000000
710  2.872  -87.327  -50.777 0.0000000000
997  3.940  -86.784  -51.297 0.0000000000
1301  4.031  -85.337  -50.678 0.0000000000
1651  3.672  -84.746  -50.238 0.0000000000
1635  4.021  -84.057  -49.992 0.0000000000
692  -0.066  -86.936  -46.158 0.0000000000
1637  2.494  -84.481  -49.406 0.0000000000
1969  3.663  -83.616  -49.337 0.0000000000
1968  4.375  -83.376  -49.697 0.0000000000
2386  4.601  -82.248  -48.441 0.0000000000
2867  4.957  -81.650  -47.663 0.0000000000
2866  5.453  -81.037  -47.143 0.0000000000
3402  4.578  -80.931  -45.747 0.0000000000
2857  5.235  -80.626  -46.284 0.0000000000
3990  5.438  -79.535  -46.373 0.0000000000
5274  4.648  -77.678  -48.239 0.0000000000
4640  4.306  -78.064  -49.887 0.0000000000
4655  3.782  -78.836  -50.102 0.0000000000
4037  4.303  -79.268  -50.827 0.0000000000
3449  4.598  -80.625  -51.636 0.0000000000
2917  4.820  -81.839  -52.249 0.0000000000
155082  4.884  -83.148  -52.636 0.0000000000
2010  4.787  -83.863  -52.825 0.0000000000
1009  5.349  -86.262  -54.361 0.0000000000
740  5.883  -87.162  -55.193 0.0000000000
1024  4.771  -86.156  -55.285 0.0000000000
1023  5.272  -86.515  -55.530 0.0000000000
1031  6.008  -86.238  -56.887 0.0000000000
1040  6.428  -86.071  -57.480 0.0000000000
1052  6.659  -85.320  -58.632 0.0000000000
1390  6.964  -85.111  -59.367 0.0000000000
1391  6.277  -84.337  -57.947 0.0000000000
1399  7.041  -84.533  -59.553 0.0000000000
1398  7.394  -84.756  -60.079 0.0000000000
1735  7.590  -83.819  -60.974 0.0000000000
138829  8.064  -83.371  -61.275 0.0000000000
2509  9.198  -82.366  -62.222 0.0000000000
9515  7.215  -71.915  -60.405 0.0000000000
9524  6.157  -71.900  -61.253 0.0000000000
2958  2.601  -82.046  -58.439 0.0000000000
2957  5.533  -81.407  -57.849 0.0000000000
2478  5.928  -82.123  -58.296 0.0000000000
2468  5.592  -81.634  -57.961 0.0000000000
128836  4.668  -82.463  -58.183 0.0000000000
2481  2.894  -81.778  -58.413 0.0000000000
2968  2.515  -81.929  -59.047 0.0000000000
2498  2.783  -82.433  -59.218 0.0000000000
145561  3.249  -82.160  -60.052 0.0000000000
127903  4.338  -82.318  -60.197 0.0000000000
145726  5.866  -81.724  -61.045 0.0000000000
4173  4.908  -80.114  -62.622 0.0000000000
128139  5.700  -81.133  -61.878 0.0000000000
127269  6.869  -81.358  -60.476 0.0000000000
2511  7.979  -81.228  -61.300 0.0000000000
2510  8.804  -81.089  -61.241 0.0000000000
3003  9.329  -81.421  -62.376 0.0000000000
129659  9.611  -79.820  -61.943 0.0000000000
4758  9.927  -78.612  -58.608 0.0000000000
6665  8.973  -74.625  -52.846 0.0000000000
7365  9.781  -74.639  -52.494 0.0000000000
7364  10.270  -74.593  -52.519 0.0000000000
8043  10.377  -73.201  -51.530 0.0000000000
8059  10.414  -73.963  -52.135 0.0000000000
19479  -3.679  -60.660  -32.877 0.0000000000
18397  -3.772  -61.461  -33.400 0.0000000000
17314  -3.822  -62.011  -34.460 0.0000000000
19519  -3.830  -60.899  -36.078 0.0000000000
18452  -4.111  -61.454  -36.323 0.0000000000
16270  -3.418  -63.159  -35.842 0.0000000000
16286  -3.455  -63.365  -36.703 0.0000000000
132462  -3.586  -63.772  -38.202 0.0000000000
15328  -3.205  -64.150  -38.787 0.0000000000
17395  -0.548  -62.418  -39.256 0.0000000000
17396  -1.464  -61.559  -39.803 0.0000000000
18506  -2.471  -61.059  -40.003 0.0000000000
17425  -1.485  -61.770  -41.675 0.0000000000
18514  -2.388  -61.338  -40.965 0.0000000000
18515  -2.993  -61.455  -40.491 0.0000000000
17413  -3.943  -61.883  -39.897 0.0000000000
140967  -3.898  -63.169  -40.253 0.0000000000
15356  -3.363  -63.935  -40.622 0.0000000000
142435  -2.698  -65.836  -52.953 0.0000000000
14422  -1.078  -65.678  -47.066 0.0000000000
148588  -1.050  -66.889  -48.163 0.0000000000
130215  -1.235  -66.755  -48.887 0.0000000000
12602  0.675  -67.724  -48.777 0.0000000000
11728  -0.367  -68.045  -49.107 0.0000000000
11742  -0.762  -68.225  -49.995 0.0000000000
11756  -1.084  -68.388  -50.716 0.0000000000
10982  -0.942  -69.224  -52.270 0.0000000000
136211  -0.187  -69.230  -53.084 0.0000000000
148748  0.126  -68.384  -53.436 0.0000000000
149142  -0.209  -67.327  -53.717 0.0000000000
14525  -0.777  -66.179  -53.433 0.0000000000
14494  -0.264  -65.292  -51.794 0.0000000000
15532  -1.091  -64.349  -52.205 0.0000000000
15533  -1.794  -64.293  -53.025 0.0000000000
16557  -2.325  -63.550  -53.330 0.0000000000
17576  -2.348  -61.919  -52.761 0.0000000000
18699  -2.063  -61.469  -53.131 0.0000000000
24773  2.189  -55.272  -45.818 0.0000000000
24785  0.803  -54.968  -47.486 0.0000000000
24815  0.494  -55.626  -48.451 0.0000000000
25828  2.617  -54.189  -48.792 0.0000000000
149974  1.316  -55.021  -48.744 0.0000000000
22757  0.567  -56.339  -48.598 0.0000000000
22756  1.356  -57.180  -48.624 0.0000000000
141545  1.897  -58.632  -47.728 0.0000000000
21698  2.929  -58.592  -47.648 0.0000000000
23765  4.268  -56.254  -49.155 0.0000000000
22733  4.360  -57.819  -47.985 0.0000000000
21697  3.860  -58.450  -47.602 0.0000000000
20646  3.545  -59.770  -46.425 0.0000000000
20624  4.473  -60.139  -45.946 0.0000000000
20623  5.342  -60.234  -45.704 0.0000000000
18556  6.135  -61.210  -44.275 0.0000000000
20642  7.180  -59.381  -46.339 0.0000000000
19602  7.519  -60.465  -45.054 0.0000000000
18555  6.994  -61.300  -44.132 0.0000000000
18536  7.642  -61.645  -43.704 0.0000000000
149480  8.922  -62.615  -43.126 0.0000000000
16399  9.377  -63.550  -43.454 0.0000000000
22747  10.721  -57.118  -48.048 0.0000000000
21690  11.001  -58.261  -46.767 0.0000000000
21665  11.127  -59.005  -46.145 0.0000000000
20637  12.380  -59.578  -46.794 0.0000000000
20617  11.339  -60.201  -45.591 0.0000000000
19623  10.244  -60.469  -44.930 0.0000000000
18551  10.234  -61.766  -44.373 0.0000000000
16398  9.885  -63.103  -43.965 0.0000000000
15406  9.028  -64.311  -43.841 0.0000000000
16408  8.381  -64.225  -44.498 0.0000000000
16416  6.880  -63.441  -45.327 0.0000000000
153015  6.080  -63.274  -45.365 0.0000000000
17498  7.913  -62.203  -47.030 0.0000000000
139999  6.343  -62.449  -46.876 0.0000000000
17482  5.577  -62.674  -46.434 0.0000000000
17501  3.980  -62.458  -47.177 0.0000000000
17518  3.136  -62.241  -47.611 0.0000000000
18634  2.413  -61.727  -48.226 0.0000000000
20707  9.635  -58.686  -50.628 0.0000000000
20708  8.019  -59.053  -50.249 0.0000000000
20685  7.434  -59.631  -49.749 0.0000000000
21731  6.850  -58.413  -50.767 0.0000000000
20710  6.245  -58.974  -50.258 0.0000000000
19683  5.913  -60.282  -49.399 0.0000000000
18642  4.370  -61.037  -48.992 0.0000000000
134488  3.217  -61.103  -48.891 0.0000000000
18635  1.407  -61.566  -48.333 0.0000000000
18643  0.933  -61.170  -48.800 0.0000000000
19688  0.205  -60.634  -49.390 0.0000000000
19689  -0.658  -60.590  -49.851 0.0000000000
20714  1.950  -58.904  -50.267 0.0000000000
20716  0.230  -59.262  -50.501 0.0000000000
19700  -1.047  -60.191  -50.350 0.0000000000
20732  -1.259  -59.833  -51.796 0.0000000000
19727  -1.145  -59.973  -52.490 0.0000000000
18698  -1.343  -61.201  -53.372 0.0000000000
19772  -0.213  -60.986  -53.740 0.0000000000
19788  0.895  -61.170  -54.435 0.0000000000
19787  1.694  -61.208  -55.356 0.0000000000
20787  2.363  -60.098  -54.152 0.0000000000
19769  2.327  -60.480  -55.123 0.0000000000
19804  2.562  -61.319  -56.834 0.0000000000
143982  3.275  -61.134  -57.029 0.0000000000
18758  4.864  -61.440  -57.240 0.0000000000
142190  5.789  -61.778  -56.741 0.0000000000
20744  5.737  -60.214  -53.107 0.0000000000
19724  6.248  -60.781  -52.710 0.0000000000
18682  4.968  -61.147  -52.802 0.0000000000
142976  5.267  -61.601  -54.649 0.0000000000
17633  5.972  -62.017  -55.360 0.0000000000
17632  6.491  -62.339  -56.285 0.0000000000
16599  7.034  -62.891  -55.620 0.0000000000
15578  7.818  -63.506  -55.382 0.0000000000
15559  7.927  -63.801  -54.348 0.0000000000
15542  7.973  -64.148  -53.400 0.0000000000
1  8.547  -90.811  -38.588 0.0000000000
2  7.121  -90.818  -38.841 0.0000000000
3  5.925  -90.701  -39.388 0.0000000000
5  8.878  -91.008  -39.580 0.0000000000
6  8.272  -91.104  -39.005 0.0000000000
11  3.449  -90.597  -40.043 0.0000000000
13  9.512  -90.733  -40.102 0.0000000000
16  6.574  -91.073  -40.811 0.0000000000
17  5.780  -91.095  -40.515 0.0000000000
19  3.431  -90.933  -40.675 0.0000000000
20  9.190  -90.714  -41.439 0.0000000000
22  6.829  -91.073  -41.637 0.0000000000
26  4.037  -91.082  -41.219 0.0000000000
27  2.618  -90.422  -40.941 0.0000000000
31  6.350  -90.973  -42.161 0.0000000000
32  5.632  -91.031  -42.018 0.0000000000
33  4.811  -91.024  -41.844 0.0000000000
35  3.171  -90.309  -42.208 0.0000000000
36  8.182  -90.252  -43.308 0.0000000000
37  7.387  -90.388  -43.116 0.0000000000
50  8.581  -89.784  -34.169 0.0000000000
65  12.256  -89.155  -36.574 0.0000000000
77  12.488  -89.050  -37.778 0.0000000000
79  10.586  -90.227  -37.272 0.0000000000
80  9.241  -90.203  -37.691 0.0000000000
88  12.327  -90.018  -37.977 0.0000000000
89  11.738  -90.190  -38.543 0.0000000000
91  9.083  -90.637  -38.204 0.0000000000
92  8.440  -90.392  -38.180 0.0000000000
94  6.424  -90.535  -38.983 0.0000000000
95  5.595  -90.280  -39.288 0.0000000000
100  12.150  -90.166  -39.352 0.0000000000
104  3.878  -90.101  -39.527 0.0000000000
109  12.767  -89.909  -40.053 0.0000000000
112  10.179  -90.501  -40.115 0.0000000000
114  1.652  -90.162  -40.828 0.0000000000
118  9.866  -90.365  -41.757 0.0000000000
122  10.590  -90.263  -42.092 0.0000000000
126  3.709  -90.229  -42.787 0.0000000000
134  7.059  -90.078  -43.592 0.0000000000
135  6.158  -90.108  -43.344 0.0000000000
136  5.191  -90.016  -43.292 0.0000000000
139  10.090  -89.877  -43.980 0.0000000000
143  8.216  -88.425  -30.194 0.0000000000
145  9.016  -88.830  -31.076 0.0000000000
150  9.170  -88.877  -31.645 0.0000000000
151  8.912  -89.142  -31.669 0.0000000000
158  8.486  -89.439  -32.512 0.0000000000
162  13.141  -88.827  -33.627 0.0000000000
163  12.276  -89.109  -33.649 0.0000000000
171  12.794  -89.168  -34.392 0.0000000000
173  11.678  -89.032  -34.357 0.0000000000
176  13.172  -87.841  -35.517 0.0000000000
181  8.333  -89.755  -34.925 0.0000000000
182  7.860  -89.606  -35.661 0.0000000000
187  12.697  -88.719  -36.404 0.0000000000
188  11.262  -89.728  -35.988 0.0000000000
189  10.813  -89.518  -36.322 0.0000000000
190  10.148  -89.794  -36.805 0.0000000000
199  9.442  -89.868  -37.340 0.0000000000
202  3.760  -89.295  -37.671 0.0000000000
206  13.173  -88.831  -38.371 0.0000000000
210  2.644  -88.590  -39.092 0.0000000000
213  15.119  -88.631  -39.869 0.0000000000
217  5.805  -88.974  -39.553 0.0000000000
220  2.975  -89.141  -39.534 0.0000000000
224  13.185  -89.471  -40.753 0.0000000000
228  14.498  -88.994  -41.429 0.0000000000
233  14.086  -88.897  -42.221 0.0000000000
234  13.234  -89.135  -42.447 0.0000000000
235  12.242  -89.639  -42.600 0.0000000000
236  11.470  -89.899  -43.118 0.0000000000
239  10.723  -89.877  -43.547 0.0000000000
242  4.112  -89.566  -43.249 0.0000000000
243  3.140  -89.608  -43.146 0.0000000000
245  9.636  -89.319  -44.393 0.0000000000
253  4.876  -89.323  -46.021 0.0000000000
254  3.151  -89.270  -45.801 0.0000000000
255  2.320  -89.232  -46.055 0.0000000000
259  6.918  -88.201  -45.855 0.0000000000
261  4.329  -89.364  -46.643 0.0000000000
265  11.964  -89.204  -47.865 0.0000000000
266  11.313  -89.246  -47.743 0.0000000000
267  10.461  -89.036  -47.373 0.0000000000
268  10.093  -89.174  -47.958 0.0000000000
271  3.083  -89.293  -47.567 0.0000000000
273  1.614  -89.096  -47.284 0.0000000000
275  10.752  -89.275  -48.309 0.0000000000
279  3.861  -89.107  -48.169 0.0000000000
281  2.722  -89.193  -48.145 0.0000000000
286  9.380  -89.117  -49.449 0.0000000000
287  8.781  -89.072  -49.570 0.0000000000
289  5.828  -88.321  -49.736 0.0000000000
293  2.869  -89.008  -48.955 0.0000000000
295  9.773  -89.130  -50.026 0.0000000000
301  3.748  -88.387  -49.957 0.0000000000
303  9.452  -88.862  -50.733 0.0000000000
304  8.629  -88.844  -50.740 0.0000000000
305  7.771  -88.643  -50.738 0.0000000000
307  8.012  -87.810  -28.922 0.0000000000
311  8.948  -87.909  -30.018 0.0000000000
313  7.897  -88.093  -29.353 0.0000000000
328  12.993  -88.110  -31.530 0.0000000000
329  9.225  -88.248  -31.691 0.0000000000
330  14.982  -87.951  -33.179 0.0000000000
331  14.194  -88.194  -32.389 0.0000000000
332  13.126  -88.262  -32.169 0.0000000000
339  14.772  -88.070  -33.906 0.0000000000
341  12.022  -88.735  -33.025 0.0000000000
342  11.597  -88.433  -33.891 0.0000000000
349  14.273  -88.097  -34.472 0.0000000000
356  13.632  -88.263  -34.945 0.0000000000
357  11.320  -88.845  -35.077 0.0000000000
358  10.933  -88.297  -35.540 0.0000000000
359  8.251  -89.139  -35.102 0.0000000000
368  6.277  -88.399  -37.104 0.0000000000
371  10.225  -88.085  -37.169 0.0000000000
372  9.668  -89.010  -37.298 0.0000000000
378  16.434  -87.778  -39.244 0.0000000000
383  7.583  -88.827  -38.950 0.0000000000
387  15.749  -88.245  -39.617 0.0000000000
392  3.969  -88.015  -39.668 0.0000000000
393  3.177  -88.354  -39.428 0.0000000000
395  16.449  -87.867  -40.615 0.0000000000
398  5.529  -87.542  -39.915 0.0000000000
399  4.774  -87.493  -39.740 0.0000000000
401  14.682  -88.366  -41.687 0.0000000000
405  13.058  -88.762  -42.805 0.0000000000
411  0.458  -88.775  -42.098 0.0000000000
413  12.334  -88.743  -43.186 0.0000000000
414  11.577  -88.657  -43.498 0.0000000000
415  10.910  -88.631  -44.013 0.0000000000
416  6.938  -88.468  -43.554 0.0000000000
417  6.180  -88.327  -43.140 0.0000000000
418  5.000  -88.625  -42.976 0.0000000000
421  1.763  -88.645  -42.678 0.0000000000
422  10.274  -88.754  -44.389 0.0000000000
424  9.143  -88.204  -45.039 0.0000000000
426  6.589  -87.416  -43.894 0.0000000000
433  8.550  -87.999  -45.215 0.0000000000
435  4.873  -88.081  -45.282 0.0000000000
436  3.578  -88.440  -45.357 0.0000000000
438  1.634  -88.629  -45.791 0.0000000000
447  5.958  -88.402  -46.639 0.0000000000
456  9.072  -88.229  -48.231 0.0000000000
459  0.773  -88.152  -47.925 0.0000000000
467  1.440  -88.377  -48.428 0.0000000000
472  6.306  -88.067  -49.466 0.0000000000
475  2.570  -88.378  -49.426 0.0000000000
478  12.654  -88.192  -50.079 0.0000000000
481  6.023  -88.331  -50.860 0.0000000000
484  3.386  -88.058  -50.594 0.0000000000
485  2.407  -87.829  -50.201 0.0000000000
487  12.573  -88.107  -50.896 0.0000000000
489  10.790  -88.103  -51.677 0.0000000000
490  10.080  -88.388  -51.265 0.0000000000
493  7.478  -88.189  -51.431 0.0000000000
497  4.067  -88.048  -51.099 0.0000000000
499  8.676  -87.940  -52.066 0.0000000000
500  7.956  -88.020  -51.991 0.0000000000
501  7.385  -87.881  -51.876 0.0000000000
510  4.367  -87.013  -27.451 0.0000000000
520  7.402  -87.521  -28.542 0.0000000000
521  6.874  -87.494  -28.413 0.0000000000
522  5.628  -87.312  -28.277 0.0000000000
556  16.170  -87.342  -32.101 0.0000000000
559  11.667  -87.754  -33.249 0.0000000000
562  17.022  -85.871  -33.885 0.0000000000
564  8.951  -87.742  -33.522 0.0000000000
565  8.668  -87.642  -34.196 0.0000000000
582  17.508  -85.518  -35.673 0.0000000000
585  14.898  -86.126  -35.554 0.0000000000
591  15.782  -85.645  -36.501 0.0000000000
593  8.145  -87.094  -36.231 0.0000000000
594  7.671  -87.127  -36.863 0.0000000000
597  17.711  -86.239  -37.548 0.0000000000
598  17.220  -85.948  -37.611 0.0000000000
599  16.382  -85.799  -37.580 0.0000000000
603  5.446  -87.428  -37.757 0.0000000000
604  3.840  -87.500  -38.375 0.0000000000
605  3.403  -87.575  -38.832 0.0000000000
613  4.710  -86.919  -38.516 0.0000000000
616  18.115  -87.078  -38.555 0.0000000000
617  16.999  -87.610  -39.508 0.0000000000
619  7.649  -87.106  -40.112 0.0000000000
621  4.709  -86.943  -39.485 0.0000000000
623  3.387  -87.769  -39.265 0.0000000000
625  17.077  -87.507  -40.085 0.0000000000
626  7.016  -86.532  -40.292 0.0000000000
629  15.464  -87.949  -41.446 0.0000000000
630  14.696  -87.795  -41.679 0.0000000000
633  12.695  -87.182  -42.530 0.0000000000
634  11.962  -87.233  -42.924 0.0000000000
635  5.544  -86.687  -42.777 0.0000000000
637  3.467  -86.303  -42.427 0.0000000000
647  6.172  -87.119  -43.204 0.0000000000
657  3.906  -85.791  -44.482 0.0000000000
660  -1.120  -86.776  -45.718 0.0000000000
669  8.204  -87.332  -45.567 0.0000000000
670  7.542  -87.310  -46.037 0.0000000000
673  1.827  -87.943  -45.304 0.0000000000
674  0.257  -87.235  -45.291 0.0000000000
680  7.062  -87.646  -46.213 0.0000000000
684  -0.306  -87.053  -46.090 0.0000000000
687  10.083  -87.087  -47.085 0.0000000000
688  9.650  -87.638  -47.577 0.0000000000
694  8.365  -87.700  -48.457 0.0000000000
699  0.206  -86.574  -47.224 0.0000000000
704  1.119  -87.353  -49.389 0.0000000000
705  0.446  -87.026  -49.037 0.0000000000
706  0.384  -86.370  -48.210 0.0000000000
720  8.881  -86.900  -51.810 0.0000000000
721  8.240  -87.129  -51.854 0.0000000000
722  7.441  -87.392  -51.808 0.0000000000
723  6.780  -87.661  -51.736 0.0000000000
725  4.399  -87.492  -51.358 0.0000000000
727  3.253  -86.853  -51.088 0.0000000000
730  13.445  -86.911  -52.071 0.0000000000
731  12.504  -87.067  -52.054 0.0000000000
732  10.027  -87.602  -52.160 0.0000000000
744  7.046  -87.254  -55.696 0.0000000000
745  5.655  -86.531  -56.135 0.0000000000
747  9.526  -86.379  -56.716 0.0000000000
749  7.185  -87.042  -56.610 0.0000000000
752  8.120  -86.276  -57.429 0.0000000000
753  7.251  -86.382  -57.283 0.0000000000
756  3.826  -85.907  -24.776 0.0000000000
757  3.259  -85.976  -24.703 0.0000000000
758  2.503  -85.910  -24.676 0.0000000000
766  2.529  -86.151  -25.393 0.0000000000
767  1.541  -86.197  -25.706 0.0000000000
769  0.130  -86.074  -26.207 0.0000000000
777  3.071  -86.234  -26.211 0.0000000000
787  6.225  -86.778  -27.819 0.0000000000
795  7.367  -86.828  -28.293 0.0000000000
802  8.825  -87.260  -29.899 0.0000000000
803  8.396  -86.858  -29.361 0.0000000000
810  9.017  -86.832  -30.397 0.0000000000
814  17.715  -86.577  -31.380 0.0000000000
816  9.137  -86.857  -31.121 0.0000000000
824  18.722  -86.229  -32.542 0.0000000000
834  9.132  -86.390  -33.171 0.0000000000
840  17.830  -86.047  -35.058 0.0000000000
848  19.554  -86.200  -35.661 0.0000000000
850  10.980  -86.207  -35.175 0.0000000000
860  11.124  -85.985  -36.028 0.0000000000
866  18.364  -86.420  -37.306 0.0000000000
867  10.771  -86.263  -37.655 0.0000000000
868  8.058  -85.974  -37.283 0.0000000000
873  9.795  -86.446  -39.178 0.0000000000
876  5.339  -86.359  -38.994 0.0000000000
879  18.678  -86.512  -38.589 0.0000000000
881  9.895  -85.737  -39.388 0.0000000000
883  8.683  -86.048  -40.003 0.0000000000
886  5.353  -86.606  -39.505 0.0000000000
888  17.766  -87.016  -39.896 0.0000000000
891  6.090  -86.480  -40.033 0.0000000000
893  16.037  -87.661  -41.090 0.0000000000
903  4.348  -85.571  -42.656 0.0000000000
905  2.656  -85.324  -42.741 0.0000000000
906  1.876  -86.039  -42.658 0.0000000000
907  0.990  -86.688  -42.627 0.0000000000
913  11.409  -86.514  -43.010 0.0000000000
915  8.787  -85.370  -43.804 0.0000000000
917  4.821  -85.248  -43.040 0.0000000000
926  9.303  -86.846  -44.551 0.0000000000
928  7.920  -85.870  -45.096 0.0000000000
929  5.285  -85.740  -43.375 0.0000000000
931  3.382  -85.024  -44.039 0.0000000000
932  2.491  -85.499  -44.150 0.0000000000
943  6.566  -85.866  -45.904 0.0000000000
952  4.807  -86.029  -46.797 0.0000000000
968  5.023  -85.768  -48.083 0.0000000000
975  0.832  -86.155  -49.487 0.0000000000
980  3.439  -86.155  -50.796 0.0000000000
982  1.264  -86.321  -49.978 0.0000000000
987  12.999  -86.023  -51.940 0.0000000000
995  5.649  -86.973  -51.595 0.0000000000
1003  10.957  -87.251  -52.109 0.0000000000
1004  9.776  -86.922  -53.952 0.0000000000
1005  8.822  -86.751  -53.970 0.0000000000
1015  6.735  -87.227  -54.724 0.0000000000
1016  6.007  -87.105  -54.756 0.0000000000
1017  4.690  -86.125  -54.721 0.0000000000
1025  4.109  -85.761  -54.917 0.0000000000
1039  6.823  -86.040  -58.167 0.0000000000
1042  5.029  -85.052  -56.649 0.0000000000
1047  6.382  -85.382  -57.973 0.0000000000
1053  3.641  -84.972  -22.512 0.0000000000
1060  3.633  -85.231  -23.394 0.0000000000
1061  2.856  -85.068  -23.545 0.0000000000
1069  4.408  -85.536  -24.551 0.0000000000
1072  1.812  -85.566  -24.667 0.0000000000
1081  0.389  -85.976  -25.674 0.0000000000
1094  5.764  -86.266  -27.578 0.0000000000
1095  4.224  -85.264  -26.861 0.0000000000
1096  3.808  -84.532  -27.279 0.0000000000
1110  8.359  -85.908  -29.508 0.0000000000
1111  7.797  -85.397  -28.970 0.0000000000
1134  9.373  -85.273  -32.133 0.0000000000
1144  12.268  -85.585  -33.505 0.0000000000
1146  9.272  -85.492  -33.122 0.0000000000
1154  12.045  -85.054  -33.992 0.0000000000
1156  9.100  -85.508  -34.075 0.0000000000
1181  11.399  -84.721  -37.295 0.0000000000
1184  7.744  -85.550  -38.001 0.0000000000
1191  7.486  -85.165  -38.932 0.0000000000
1195  17.926  -86.286  -39.385 0.0000000000
1198  9.299  -85.501  -39.686 0.0000000000
1200  7.333  -85.475  -39.657 0.0000000000
1206  6.719  -85.890  -39.975 0.0000000000
1218  4.044  -85.016  -42.840 0.0000000000
1219  3.258  -84.819  -42.922 0.0000000000
1220  2.753  -84.918  -43.173 0.0000000000
1226  10.060  -85.392  -43.048 0.0000000000
1230  3.173  -84.758  -43.399 0.0000000000
1231  2.218  -85.442  -43.510 0.0000000000
1235  8.161  -84.691  -44.008 0.0000000000
1237  7.061  -84.496  -45.155 0.0000000000
1248  7.201  -85.473  -45.346 0.0000000000
1250  6.011  -85.301  -46.109 0.0000000000
1260  8.803  -84.772  -47.181 0.0000000000
1261  5.556  -85.088  -46.566 0.0000000000
1271  8.198  -85.185  -47.744 0.0000000000
1272  7.244  -84.780  -47.807 0.0000000000
1273  6.215  -84.603  -47.589 0.0000000000
1274  5.376  -84.965  -47.252 0.0000000000
1285  5.581  -85.284  -47.969 0.0000000000
1303  1.610  -85.882  -49.994 0.0000000000
1312  11.597  -85.757  -51.254 0.0000000000
1313  9.656  -85.727  -51.172 0.0000000000
1335  4.449  -85.901  -54.149 0.0000000000
1336  3.677  -85.598  -53.901 0.0000000000
1347  10.973  -86.182  -53.841 0.0000000000
1374  5.104  -84.201  -56.592 0.0000000000
1380  6.367  -84.780  -58.174 0.0000000000
1383  5.026  -83.147  -56.653 0.0000000000
1396  9.249  -85.254  -60.079 0.0000000000
1397  8.295  -85.103  -60.168 0.0000000000
1401  3.066  -84.391  -21.385 0.0000000000
1404  5.168  -84.323  -22.949 0.0000000000
1405  3.008  -84.750  -22.039 0.0000000000
1406  2.578  -84.589  -22.354 0.0000000000
1407  2.235  -84.380  -22.390 0.0000000000
1412  5.389  -84.383  -23.721 0.0000000000
1418  6.108  -84.202  -25.316 0.0000000000
1422  5.563  -84.646  -25.434 0.0000000000
1425  0.336  -85.273  -25.538 0.0000000000
1432  5.639  -84.377  -26.180 0.0000000000
1433  4.793  -84.508  -26.558 0.0000000000
1441  4.033  -84.515  -26.949 0.0000000000
1442  3.439  -84.081  -27.441 0.0000000000
1450  3.827  -84.641  -28.169 0.0000000000
1451  3.449  -84.281  -27.823 0.0000000000
1457  7.387  -84.628  -29.482 0.0000000000
1459  4.850  -84.341  -29.421 0.0000000000
1466  8.673  -84.659  -30.512 0.0000000000
1468  6.744  -84.030  -30.095 0.0000000000
1470  4.014  -83.759  -30.056 0.0000000000
1474  9.086  -84.286  -31.184 0.0000000000
1497  12.794  -84.747  -34.317 0.0000000000
1504  12.252  -84.204  -35.494 0.0000000000
1505  9.273  -84.131  -34.859 0.0000000000
1511  8.655  -84.870  -36.521 0.0000000000
1523  8.525  -84.398  -37.664 0.0000000000
1535  10.413  -84.309  -39.116 0.0000000000
1536  8.609  -84.187  -38.678 0.0000000000
1546  8.582  -84.614  -39.355 0.0000000000
1561  12.432  -84.343  -42.348 0.0000000000
1563  11.013  -84.966  -42.745 0.0000000000
1564  9.673  -83.720  -42.935 0.0000000000
1565  3.021  -84.717  -43.121 0.0000000000
1573  8.905  -83.684  -43.266 0.0000000000
1575  7.920  -83.271  -44.484 0.0000000000
1598  7.262  -83.567  -45.276 0.0000000000
1600  6.056  -84.668  -46.187 0.0000000000
1612  7.671  -83.845  -46.883 0.0000000000
1613  6.334  -84.086  -46.445 0.0000000000
1623  7.031  -84.016  -47.242 0.0000000000
1632  1.214  -84.261  -48.795 0.0000000000
1636  3.298  -84.289  -49.650 0.0000000000
1641  13.972  -83.690  -50.893 0.0000000000
1643  12.343  -84.345  -50.522 0.0000000000
1646  9.515  -84.462  -50.589 0.0000000000
1648  7.687  -84.402  -51.071 0.0000000000
1650  4.436  -84.584  -50.510 0.0000000000
1658  7.924  -85.161  -51.204 0.0000000000
1666  18.242  -85.242  -53.100 0.0000000000
1668  16.356  -85.504  -52.462 0.0000000000
1718  7.226  -83.530  -58.143 0.0000000000
1729  7.429  -84.097  -60.269 0.0000000000
1737  3.026  -82.901  -19.881 0.0000000000
1743  4.109  -83.537  -20.791 0.0000000000
1744  3.235  -83.913  -20.728 0.0000000000
1746  1.861  -83.816  -21.288 0.0000000000
1759  1.734  -84.124  -23.502 0.0000000000
1764  6.033  -83.773  -24.263 0.0000000000
1765  1.592  -84.073  -24.253 0.0000000000
1769  6.289  -83.697  -25.743 0.0000000000
1775  6.124  -83.885  -26.406 0.0000000000
1784  6.079  -83.562  -27.149 0.0000000000
1786  3.513  -83.791  -27.628 0.0000000000
1793  3.568  -83.445  -28.246 0.0000000000
1794  3.237  -83.909  -28.071 0.0000000000
1823  6.560  -83.112  -31.331 0.0000000000
1825  4.335  -82.729  -31.062 0.0000000000
1832  9.152  -83.215  -31.946 0.0000000000
1838  9.930  -83.203  -33.320 0.0000000000
1859  12.866  -83.489  -35.618 0.0000000000
1872  11.694  -82.928  -37.766 0.0000000000
1878  10.353  -83.426  -38.826 0.0000000000
1891  9.857  -84.111  -39.287 0.0000000000
1892  9.240  -84.075  -39.192 0.0000000000
1925  8.376  -82.990  -43.991 0.0000000000
1938  8.184  -83.219  -45.606 0.0000000000
1945  7.889  -83.510  -46.326 0.0000000000
1947  6.738  -83.792  -46.731 0.0000000000
1957  3.305  -83.264  -48.640 0.0000000000
1963  12.253  -83.194  -49.647 0.0000000000
1964  11.541  -83.251  -49.565 0.0000000000
1974  13.485  -83.292  -50.309 0.0000000000
1982  5.882  -82.880  -50.566 0.0000000000
1987  14.609  -83.930  -51.388 0.0000000000
1997  3.620  -84.067  -52.289 0.0000000000
2008  6.912  -83.666  -53.789 0.0000000000
2053  3.949  -83.242  -59.137 0.0000000000
2114  3.095  -82.305  -19.414 0.0000000000
2115  2.573  -82.700  -19.783 0.0000000000
2116  1.985  -82.536  -19.604 0.0000000000
2123  2.185  -83.024  -20.213 0.0000000000
2137  1.531  -83.354  -20.970 0.0000000000
2154  5.564  -82.560  -23.496 0.0000000000
2164  6.251  -83.240  -24.906 0.0000000000
2174  6.094  -82.420  -24.997 0.0000000000
2185  6.439  -82.991  -27.237 0.0000000000
2197  5.774  -82.486  -28.635 0.0000000000
2198  3.685  -82.895  -28.998 0.0000000000
2218  4.022  -82.636  -30.562 0.0000000000
2228  5.952  -82.564  -31.895 0.0000000000
2229  4.979  -82.331  -31.654 0.0000000000
2240  6.596  -82.084  -32.327 0.0000000000
2246  9.679  -82.033  -32.978 0.0000000000
2252  10.287  -81.807  -34.452 0.0000000000
2264  12.618  -82.754  -36.387 0.0000000000
2276  12.453  -81.872  -37.012 0.0000000000
2279  11.801  -82.031  -37.654 0.0000000000
2280  11.208  -82.306  -38.170 0.0000000000
2281  10.325  -82.112  -38.076 0.0000000000
2282  9.685  -82.396  -37.866 0.0000000000
2288  10.636  -82.583  -38.400 0.0000000000
2289  10.011  -82.774  -38.512 0.0000000000
2347  9.425  -82.439  -44.226 0.0000000000
2348  8.431  -82.900  -44.451 0.0000000000
2373  3.361  -82.468  -47.347 0.0000000000
2382  12.283  -82.099  -48.886 0.0000000000
2385  5.230  -81.837  -49.176 0.0000000000
2409  6.606  -82.531  -50.657 0.0000000000
2425  9.014  -82.058  -52.873 0.0000000000
2426  4.973  -82.510  -52.543 0.0000000000
2437  5.419  -82.988  -52.947 0.0000000000
2461  3.772  -82.418  -56.681 0.0000000000
2465  8.772  -82.156  -58.089 0.0000000000
2467  6.828  -81.954  -57.949 0.0000000000
2476  8.287  -82.414  -58.425 0.0000000000
2479  4.852  -82.490  -58.524 0.0000000000
2482  2.522  -82.497  -58.374 0.0000000000
2497  8.267  -82.096  -60.293 0.0000000000
2503  7.951  -81.597  -60.854 0.0000000000
2508  9.810  -81.857  -62.569 0.0000000000
2579  2.552  -81.226  -18.677 0.0000000000
2598  4.471  -82.034  -20.947 0.0000000000
2599  4.159  -81.941  -20.176 0.0000000000
2600  1.197  -82.182  -19.697 0.0000000000
2601  0.422  -81.602  -19.892 0.0000000000
2602  -0.155  -81.264  -20.478 0.0000000000
2613  4.383  -81.322  -21.621 0.0000000000
2623  4.854  -81.623  -22.451 0.0000000000
2624  0.506  -82.498  -22.259 0.0000000000
2634  5.133  -81.551  -23.512 0.0000000000
2635  -0.269  -81.335  -23.405 0.0000000000
2659  0.037  -81.365  -25.022 0.0000000000
2667  6.183  -81.380  -26.572 0.0000000000
2669  2.110  -81.316  -26.505 0.0000000000
2670  1.410  -81.395  -25.999 0.0000000000
2712  4.994  -81.618  -31.742 0.0000000000
2736  7.802  -80.893  -33.127 0.0000000000
2737  6.732  -81.010  -33.013 0.0000000000
2750  10.558  -80.591  -35.220 0.0000000000
2766  10.111  -81.462  -36.508 0.0000000000
2782  11.299  -81.607  -37.790 0.0000000000
2885  6.679  -81.085  -50.116 0.0000000000
2915  5.985  -80.851  -52.639 0.0000000000
2922  7.033  -81.581  -53.414 0.0000000000
2953  9.347  -81.703  -57.750 0.0000000000
2954  8.625  -81.959  -57.370 0.0000000000
2966  9.279  -81.792  -58.566 0.0000000000
2969  2.455  -82.359  -58.760 0.0000000000
2978  9.377  -81.520  -59.442 0.0000000000
2989  8.785  -81.388  -60.749 0.0000000000
2996  9.001  -80.355  -61.349 0.0000000000
3004  8.980  -80.578  -62.414 0.0000000000
3085  1.521  -80.605  -18.099 0.0000000000
3086  0.785  -80.562  -18.399 0.0000000000
3099  0.510  -81.139  -19.027 0.0000000000
3109  3.382  -81.013  -19.396 0.0000000000
3137  4.499  -80.707  -23.911 0.0000000000
3139  -0.636  -80.639  -24.018 0.0000000000
3161  5.565  -81.045  -25.866 0.0000000000
3175  4.735  -79.844  -26.574 0.0000000000
3177  0.023  -80.958  -26.606 0.0000000000
3188  6.376  -80.887  -27.850 0.0000000000
3198  6.400  -80.819  -28.568 0.0000000000
3214  6.275  -80.121  -29.897 0.0000000000
3253  5.540  -81.308  -32.263 0.0000000000
3263  9.573  -80.648  -33.665 0.0000000000
3299  10.987  -80.104  -36.507 0.0000000000
3427  8.207  -80.877  -49.623 0.0000000000
3428  7.385  -80.614  -49.756 0.0000000000
3461  7.619  -80.391  -52.692 0.0000000000
3464  5.102  -81.078  -52.222 0.0000000000
3472  7.925  -81.001  -53.006 0.0000000000
3473  7.292  -80.959  -53.110 0.0000000000
3474  6.663  -81.059  -53.072 0.0000000000
3496  9.909  -80.164  -56.170 0.0000000000
3497  8.609  -80.391  -55.848 0.0000000000
3505  8.504  -81.105  -56.387 0.0000000000
3531  6.863  -80.047  -58.321 0.0000000000
3565  10.052  -79.973  -61.369 0.0000000000
3567  7.454  -79.343  -62.330 0.0000000000
3569  5.824  -80.715  -62.297 0.0000000000
3579  8.200  -80.115  -63.200 0.0000000000
3580  7.250  -80.361  -62.908 0.0000000000
3581  5.096  -80.068  -63.044 0.0000000000
3587  6.591  -80.064  -63.381 0.0000000000
3662  0.387  -78.829  -17.903 0.0000000000
3671  1.615  -79.904  -17.898 0.0000000000
3683  3.126  -80.245  -19.291 0.0000000000
3684  2.647  -80.204  -18.674 0.0000000000
3696  -0.838  -80.094  -20.182 0.0000000000
3697  -1.211  -79.364  -20.727 0.0000000000
3705  3.022  -79.467  -21.429 0.0000000000
3707  -1.170  -79.416  -21.792 0.0000000000
3725  -1.344  -79.198  -23.563 0.0000000000
3734  3.201  -79.364  -24.559 0.0000000000
3800  6.270  -79.399  -29.601 0.0000000000
3815  6.010  -79.494  -31.443 0.0000000000
3832  5.835  -79.599  -32.375 0.0000000000
3852  6.236  -79.041  -33.515 0.0000000000
3873  10.567  -79.333  -35.328 0.0000000000
3874  10.234  -78.561  -35.246 0.0000000000
3883  13.196  -79.527  -36.214 0.0000000000
3999  9.042  -78.851  -47.899 0.0000000000
4014  6.907  -79.376  -48.791 0.0000000000
4049  6.222  -79.172  -51.751 0.0000000000
4112  10.382  -79.673  -56.693 0.0000000000
4144  9.466  -79.384  -60.030 0.0000000000
4155  9.620  -79.342  -60.873 0.0000000000
4156  4.751  -80.247  -62.263 0.0000000000
4170  7.737  -79.384  -63.042 0.0000000000
4172  5.242  -80.086  -63.038 0.0000000000
4180  9.655  -79.727  -62.777 0.0000000000
4181  9.055  -79.555  -62.871 0.0000000000
4182  8.085  -79.613  -63.186 0.0000000000
4183  7.010  -79.774  -63.479 0.0000000000
4184  5.997  -79.856  -63.337 0.0000000000
4185  5.462  -79.940  -63.154 0.0000000000
4281  0.407  -78.179  -17.851 0.0000000000
4291  1.565  -79.017  -17.965 0.0000000000
4304  -0.895  -78.718  -18.644 0.0000000000
4323  -1.393  -78.581  -21.359 0.0000000000
4340  2.371  -78.283  -23.902 0.0000000000
4370  4.378  -79.366  -26.926 0.0000000000
4444  5.914  -78.921  -32.873 0.0000000000
4452  6.704  -78.708  -34.028 0.0000000000
4458  9.435  -78.437  -34.832 0.0000000000
4473  10.619  -77.846  -35.790 0.0000000000
4487  12.515  -78.097  -36.259 0.0000000000
4488  12.014  -78.419  -36.560 0.0000000000
4489  11.407  -77.998  -36.225 0.0000000000
4592  10.083  -77.637  -46.773 0.0000000000
4609  9.540  -78.278  -47.247 0.0000000000
4613  5.295  -78.481  -46.903 0.0000000000
4614  4.577  -78.405  -46.897 0.0000000000
4651  8.802  -78.035  -50.609 0.0000000000
4670  6.852  -78.417  -51.298 0.0000000000
4672  5.070  -78.882  -51.147 0.0000000000
4702  8.859  -78.453  -54.642 0.0000000000
4720  8.414  -79.039  -55.100 0.0000000000
4721  7.628  -78.822  -55.344 0.0000000000
4731  7.346  -79.100  -56.163 0.0000000000
4907  1.050  -78.219  -17.941 0.0000000000
4908  -0.604  -77.554  -17.829 0.0000000000
4909  -1.126  -77.116  -17.850 0.0000000000
4919  -1.941  -76.837  -18.745 0.0000000000
4925  2.231  -77.874  -19.504 0.0000000000
4928  -1.997  -77.001  -19.650 0.0000000000
4966  2.944  -77.106  -24.050 0.0000000000
5103  7.979  -76.758  -34.898 0.0000000000
5114  10.362  -76.899  -35.829 0.0000000000
5126  12.208  -77.269  -36.071 0.0000000000
5127  11.652  -77.238  -36.177 0.0000000000
5243  9.749  -76.923  -46.806 0.0000000000
5272  6.573  -77.147  -48.611 0.0000000000
5288  5.465  -77.255  -49.343 0.0000000000
5290  3.957  -78.037  -48.526 0.0000000000
5305  6.751  -77.338  -50.356 0.0000000000
5318  7.893  -77.868  -50.868 0.0000000000
5350  9.240  -77.768  -54.334 0.0000000000
5378  7.248  -78.493  -56.787 0.0000000000
5406  7.259  -77.950  -58.570 0.0000000000
5551  -0.200  -76.663  -17.737 0.0000000000
5554  -1.989  -75.562  -18.051 0.0000000000
5563  1.031  -76.863  -18.653 0.0000000000
5565  -1.639  -76.489  -18.190 0.0000000000
5574  0.728  -76.039  -19.031 0.0000000000
5602  -1.968  -76.094  -21.050 0.0000000000
5614  2.984  -76.721  -22.300 0.0000000000
5616  -1.770  -75.937  -21.811 0.0000000000
5628  -1.624  -75.766  -23.239 0.0000000000
5629  -1.420  -76.108  -23.984 0.0000000000
5897  9.455  -76.547  -47.238 0.0000000000
5916  8.957  -76.305  -47.771 0.0000000000
5917  7.484  -76.835  -48.471 0.0000000000
5933  8.886  -76.270  -48.327 0.0000000000
5949  8.206  -76.402  -48.997 0.0000000000
5966  7.831  -76.727  -49.748 0.0000000000
5967  7.165  -76.837  -49.838 0.0000000000
5968  6.613  -77.004  -49.793 0.0000000000
5995  9.067  -76.573  -53.730 0.0000000000
6013  8.416  -77.188  -54.150 0.0000000000
6014  7.375  -76.804  -54.409 0.0000000000
6258  -1.627  -75.026  -17.738 0.0000000000
6275  -0.492  -75.109  -17.869 0.0000000000
6276  -2.624  -75.119  -18.377 0.0000000000
6277  -3.302  -74.697  -18.852 0.0000000000
6290  -4.315  -74.712  -20.037 0.0000000000
6310  2.593  -75.527  -21.967 0.0000000000
6314  -4.400  -75.008  -20.742 0.0000000000
6325  3.708  -75.657  -22.744 0.0000000000
6327  -2.035  -75.587  -22.392 0.0000000000
6344  -4.171  -74.865  -23.654 0.0000000000
6663  10.026  -75.276  -52.879 0.0000000000
6664  9.423  -75.171  -52.943 0.0000000000
6681  8.576  -75.282  -53.307 0.0000000000
6702  6.833  -75.908  -55.417 0.0000000000
6961  -0.020  -74.628  -18.449 0.0000000000
6979  -4.274  -74.259  -19.691 0.0000000000
6992  0.981  -74.460  -20.624 0.0000000000
7007  1.338  -74.532  -21.238 0.0000000000
7054  -4.655  -74.003  -24.826 0.0000000000
7381  10.548  -75.182  -53.158 0.0000000000
7382  7.723  -74.862  -53.811 0.0000000000
7667  -1.440  -73.072  -17.682 0.0000000000
7668  -1.780  -73.664  -17.739 0.0000000000
7669  -2.263  -73.613  -18.029 0.0000000000
7673  0.078  -73.612  -18.355 0.0000000000
7675  -2.691  -73.681  -18.502 0.0000000000
7689  -2.680  -73.305  -18.790 0.0000000000
7691  -4.499  -73.999  -20.001 0.0000000000
7705  -4.311  -73.699  -20.126 0.0000000000
7706  -4.761  -73.940  -20.651 0.0000000000
7714  -3.825  -73.266  -20.432 0.0000000000
7715  -4.521  -73.424  -20.898 0.0000000000
7724  -5.210  -73.232  -22.429 0.0000000000
8066  10.765  -74.322  -52.877 0.0000000000
8103  7.234  -73.454  -57.561 0.0000000000
8114  7.613  -73.735  -59.131 0.0000000000
8385  -2.010  -72.514  -20.661 0.0000000000
8427  -5.141  -72.049  -22.844 0.0000000000
8729  9.512  -72.429  -50.992 0.0000000000
8739  9.074  -72.960  -51.660 0.0000000000
9067  -1.492  -71.654  -18.357 0.0000000000
9068  -2.050  -71.718  -18.668 0.0000000000
9108  -1.002  -71.999  -22.628 0.0000000000
9119  -0.799  -71.579  -24.019 0.0000000000
9122  -4.865  -71.475  -22.999 0.0000000000
9131  -1.488  -71.803  -24.010 0.0000000000
9132  -2.810  -71.489  -23.608 0.0000000000
9154  -4.422  -71.162  -26.472 0.0000000000
9412  11.014  -72.042  -51.320 0.0000000000
9523  6.926  -71.197  -60.775 0.0000000000
9804  -2.125  -70.823  -19.710 0.0000000000
9844  -0.813  -71.004  -22.911 0.0000000000
9869  -4.081  -69.388  -23.870 0.0000000000
10168  8.847  -70.451  -50.701 0.0000000000
10184  8.387  -70.763  -51.429 0.0000000000
10292  7.471  -70.689  -58.927 0.0000000000
10326  6.808  -70.420  -61.120 0.0000000000
10667  -3.897  -68.777  -23.988 0.0000000000
10668  -4.449  -68.811  -24.090 0.0000000000
10673  -1.088  -69.457  -26.074 0.0000000000
10675  -4.883  -69.018  -24.785 0.0000000000
10681  0.052  -69.129  -25.870 0.0000000000
10682  -0.377  -69.047  -26.210 0.0000000000
10684  -4.780  -68.899  -25.943 0.0000000000
10699  -4.586  -69.365  -26.713 0.0000000000
10969  9.456  -70.344  -50.557 0.0000000000
10980  7.579  -69.288  -51.646 0.0000000000
10989  10.008  -69.406  -52.919 0.0000000000
10992  -0.672  -69.366  -52.915 0.0000000000
11005  -0.624  -69.358  -53.672 0.0000000000
11102  7.349  -69.781  -60.576 0.0000000000
11412  -2.504  -68.092  -21.490 0.0000000000
11413  -3.005  -68.491  -20.779 0.0000000000
11445  1.076  -68.120  -25.315 0.0000000000
11446  0.598  -68.675  -25.041 0.0000000000
11447  0.090  -69.088  -24.686 0.0000000000
11450  -4.615  -68.308  -24.645 0.0000000000
11468  0.234  -68.569  -26.128 0.0000000000
11469  -0.284  -68.360  -26.325 0.0000000000
11470  -0.980  -68.095  -26.134 0.0000000000
11482  -4.495  -67.986  -27.235 0.0000000000
11499  -4.227  -68.283  -28.070 0.0000000000
11719  0.170  -67.941  -48.533 0.0000000000
11740  0.257  -68.156  -49.319 0.0000000000
11741  -0.136  -68.482  -49.900 0.0000000000
11755  -0.511  -68.632  -50.672 0.0000000000
11765  7.493  -68.494  -51.736 0.0000000000
11766  6.788  -68.289  -52.097 0.0000000000
11767  0.212  -68.698  -52.028 0.0000000000
11776  9.205  -68.656  -52.166 0.0000000000
11777  8.380  -68.197  -51.873 0.0000000000
11778  6.192  -68.124  -52.539 0.0000000000
11780  0.144  -68.923  -52.846 0.0000000000
11781  -0.255  -69.176  -52.441 0.0000000000
11796  5.664  -68.042  -53.101 0.0000000000
11797  -0.072  -69.050  -53.570 0.0000000000
11812  6.725  -68.850  -54.908 0.0000000000
11814  -0.394  -68.831  -55.018 0.0000000000
11828  -0.745  -68.928  -55.737 0.0000000000
11829  -1.339  -68.810  -56.216 0.0000000000
11883  -3.563  -69.046  -58.871 0.0000000000
11894  -2.391  -67.861  -60.199 0.0000000000
12252  -2.488  -66.993  -20.786 0.0000000000
12287  1.599  -67.498  -24.151 0.0000000000
12289  -0.238  -67.959  -23.543 0.0000000000
12297  3.101  -66.868  -25.096 0.0000000000
12299  1.887  -67.591  -25.019 0.0000000000
12301  -3.379  -67.130  -24.343 0.0000000000
12302  -3.889  -67.402  -24.367 0.0000000000
12315  0.799  -68.095  -25.908 0.0000000000
12316  -0.991  -67.344  -25.735 0.0000000000
12319  -4.706  -67.833  -25.370 0.0000000000
12325  1.025  -67.488  -25.935 0.0000000000
12354  -4.104  -67.539  -27.935 0.0000000000
12562  1.832  -67.287  -45.888 0.0000000000
12563  1.191  -67.257  -45.918 0.0000000000
12564  0.373  -67.122  -46.061 0.0000000000
12573  2.139  -67.231  -46.225 0.0000000000
12576  0.010  -67.333  -46.750 0.0000000000
12585  2.010  -67.143  -46.805 0.0000000000
12588  -0.198  -67.467  -47.476 0.0000000000
12589  -0.646  -67.241  -47.784 0.0000000000
12601  1.178  -67.355  -48.045 0.0000000000
12604  -0.768  -67.444  -48.556 0.0000000000
12618  1.053  -67.331  -48.920 0.0000000000
12620  -1.055  -67.566  -49.393 0.0000000000
12636  7.065  -67.938  -51.932 0.0000000000
12649  7.648  -67.957  -51.814 0.0000000000
12652  5.042  -66.896  -52.801 0.0000000000
12668  7.926  -67.541  -52.452 0.0000000000
12669  7.370  -67.027  -52.734 0.0000000000
12671  4.446  -67.058  -53.289 0.0000000000
12672  3.954  -66.665  -53.295 0.0000000000
12700  10.402  -67.626  -55.980 0.0000000000
12706  4.108  -67.188  -54.910 0.0000000000
12707  -0.500  -68.358  -55.899 0.0000000000
12729  5.344  -67.375  -57.757 0.0000000000
12765  5.864  -66.999  -60.528 0.0000000000
13227  1.031  -66.946  -23.295 0.0000000000
13232  3.710  -66.613  -24.776 0.0000000000
13233  3.080  -66.946  -24.563 0.0000000000
13236  -3.697  -66.671  -24.549 0.0000000000
13237  -4.062  -67.031  -24.731 0.0000000000
13247  3.606  -66.369  -25.246 0.0000000000
13249  1.192  -66.639  -25.800 0.0000000000
13251  -1.604  -66.709  -25.038 0.0000000000
13261  -4.376  -66.685  -26.298 0.0000000000
13438  6.308  -65.830  -40.951 0.0000000000
13439  5.398  -65.891  -40.780 0.0000000000
13445  7.023  -65.701  -41.486 0.0000000000
13448  4.983  -66.185  -41.765 0.0000000000
13458  7.111  -65.908  -42.146 0.0000000000
13459  6.290  -66.146  -42.490 0.0000000000
13460  5.519  -66.214  -42.729 0.0000000000
13461  4.922  -66.234  -42.731 0.0000000000
13473  5.067  -66.137  -43.345 0.0000000000
13492  4.634  -66.097  -44.043 0.0000000000
13495  2.490  -66.841  -44.891 0.0000000000
13510  2.477  -67.111  -45.690 0.0000000000
13513  -0.004  -66.502  -45.720 0.0000000000
13520  2.559  -66.895  -46.398 0.0000000000
13522  -0.744  -66.383  -46.674 0.0000000000
13532  1.696  -66.950  -47.499 0.0000000000
13534  -0.997  -66.491  -47.498 0.0000000000
13557  -1.273  -66.114  -48.312 0.0000000000
13582  0.756  -66.339  -50.346 0.0000000000
13592  -2.458  -65.745  -52.082 0.0000000000
13600  6.541  -66.871  -52.473 0.0000000000
13602  0.346  -67.217  -52.021 0.0000000000
13616  3.747  -66.150  -52.993 0.0000000000
13641  -1.343  -66.703  -55.978 0.0000000000
13649  9.608  -66.380  -57.008 0.0000000000
13662  8.938  -65.925  -57.443 0.0000000000
13664  4.568  -66.836  -58.018 0.0000000000
13665  3.351  -66.350  -57.240 0.0000000000
13687  4.245  -66.161  -59.937 0.0000000000
13689  -0.580  -66.123  -60.545 0.0000000000
13690  -0.983  -66.091  -59.945 0.0000000000
13701  1.900  -65.833  -61.154 0.0000000000
13713  1.579  -66.506  -61.851 0.0000000000
14149  5.381  -65.405  -24.595 0.0000000000
14154  -2.235  -65.086  -23.893 0.0000000000
14156  -3.578  -65.755  -24.570 0.0000000000
14165  4.175  -65.904  -25.286 0.0000000000
14171  -4.196  -66.012  -26.019 0.0000000000
14326  3.063  -65.143  -38.936 0.0000000000
14332  3.815  -65.201  -39.316 0.0000000000
14340  6.798  -64.995  -40.901 0.0000000000
14343  4.862  -65.534  -40.095 0.0000000000
14346  1.914  -65.361  -39.877 0.0000000000
14355  8.033  -65.014  -41.962 0.0000000000
14356  7.420  -65.129  -41.462 0.0000000000
14359  2.904  -65.329  -41.618 0.0000000000
14373  8.175  -65.070  -42.462 0.0000000000
14375  3.521  -65.623  -42.340 0.0000000000
14376  2.954  -65.368  -42.659 0.0000000000
14391  6.867  -65.763  -42.966 0.0000000000
14392  3.527  -65.863  -43.269 0.0000000000
14393  2.286  -65.452  -43.734 0.0000000000
14405  5.619  -65.418  -43.816 0.0000000000
14406  4.892  -65.395  -44.333 0.0000000000
14407  2.915  -66.176  -44.095 0.0000000000
14412  4.220  -65.674  -45.050 0.0000000000
14421  -0.740  -65.646  -46.388 0.0000000000
14435  1.788  -65.559  -47.260 0.0000000000
14436  -1.239  -65.680  -47.751 0.0000000000
14459  1.282  -65.398  -47.934 0.0000000000
14460  -1.427  -65.110  -48.400 0.0000000000
14471  1.141  -65.824  -48.763 0.0000000000
14482  -2.469  -64.550  -51.058 0.0000000000
14493  0.394  -65.835  -51.055 0.0000000000
14509  -0.964  -65.217  -52.744 0.0000000000
14510  -1.715  -64.973  -53.683 0.0000000000
14521  4.117  -65.463  -52.938 0.0000000000
14522  3.596  -65.563  -52.990 0.0000000000
14524  1.774  -64.613  -53.482 0.0000000000
14534  6.331  -65.890  -54.365 0.0000000000
14535  5.809  -65.684  -53.773 0.0000000000
14536  4.842  -65.038  -54.030 0.0000000000
14537  2.343  -65.817  -54.055 0.0000000000
14540  -2.387  -64.465  -55.593 0.0000000000
14550  10.315  -65.618  -56.297 0.0000000000
14554  -0.150  -64.028  -55.662 0.0000000000
14571  -2.095  -65.032  -56.919 0.0000000000
14589  -0.261  -64.542  -58.185 0.0000000000
14602  2.161  -65.292  -59.008 0.0000000000
14606  -0.835  -65.559  -59.438 0.0000000000
14619  2.911  -65.636  -59.082 0.0000000000
15107  7.582  -64.306  -23.668 0.0000000000
15108  6.884  -64.699  -23.623 0.0000000000
15109  0.027  -63.739  -23.977 0.0000000000
15114  6.791  -64.423  -24.106 0.0000000000
15116  3.596  -64.183  -24.863 0.0000000000
15119  0.453  -64.331  -24.135 0.0000000000
15131  2.987  -64.918  -25.272 0.0000000000
15154  -3.591  -64.930  -26.845 0.0000000000
15309  -2.794  -64.099  -37.086 0.0000000000
15321  -2.875  -64.235  -37.934 0.0000000000
15323  2.452  -64.839  -38.745 0.0000000000
15324  1.741  -64.708  -38.721 0.0000000000
15325  0.877  -64.447  -38.741 0.0000000000
15326  0.243  -64.133  -38.886 0.0000000000
15327  -2.113  -64.866  -38.534 0.0000000000
15336  4.437  -64.950  -39.420 0.0000000000
15339  0.520  -64.511  -39.380 0.0000000000
15351  6.067  -64.859  -40.470 0.0000000000
15352  5.168  -64.772  -39.869 0.0000000000
15366  7.174  -64.465  -41.407 0.0000000000
15368  1.383  -64.340  -41.985 0.0000000000
15369  0.692  -64.106  -41.464 0.0000000000
15381  8.994  -64.030  -42.858 0.0000000000
15382  8.419  -64.531  -42.400 0.0000000000
15383  1.718  -64.380  -42.800 0.0000000000
15395  9.176  -64.060  -43.425 0.0000000000
15398  1.833  -64.764  -43.510 0.0000000000
15407  7.679  -64.611  -44.117 0.0000000000
15415  7.271  -64.063  -44.691 0.0000000000
15418  0.791  -64.907  -44.915 0.0000000000
15429  2.302  -64.264  -46.218 0.0000000000
15430  -0.545  -64.819  -46.157 0.0000000000
15468  0.884  -64.312  -47.758 0.0000000000
15469  0.579  -64.043  -48.572 0.0000000000
15471  -1.984  -63.348  -48.976 0.0000000000
15489  -1.751  -64.270  -49.189 0.0000000000
15519  -0.493  -64.323  -51.484 0.0000000000
15531  7.990  -64.394  -52.442 0.0000000000
15545  2.309  -64.475  -53.314 0.0000000000
15546  1.419  -63.815  -53.532 0.0000000000
15547  0.618  -63.236  -53.814 0.0000000000
15548  -2.370  -64.001  -53.855 0.0000000000
15584  -2.266  -63.850  -55.927 0.0000000000
15593  8.774  -64.397  -57.343 0.0000000000
15596  -0.892  -63.861  -56.629 0.0000000000
15598  -1.960  -64.108  -56.619 0.0000000000
15614  4.705  -64.046  -58.044 0.0000000000
16081  8.491  -63.775  -23.096 0.0000000000
16095  8.250  -63.891  -23.708 0.0000000000
16102  8.367  -63.409  -24.253 0.0000000000
16104  6.829  -63.492  -24.320 0.0000000000
16105  5.025  -63.717  -24.548 0.0000000000
16107  3.184  -63.308  -24.347 0.0000000000
16108  1.601  -63.607  -24.129 0.0000000000
16110  -0.777  -63.460  -24.175 0.0000000000
16112  -3.041  -63.471  -24.585 0.0000000000
16119  -3.423  -63.368  -25.117 0.0000000000
16301  -3.527  -63.599  -37.524 0.0000000000
16320  2.173  -64.283  -38.661 0.0000000000
16323  -0.078  -63.426  -38.847 0.0000000000
16325  -4.184  -62.888  -38.809 0.0000000000
16338  4.319  -64.387  -39.470 0.0000000000
16341  -0.364  -63.208  -39.544 0.0000000000
16342  -4.026  -63.173  -39.422 0.0000000000
16343  -4.165  -62.184  -39.286 0.0000000000
16357  3.998  -63.698  -39.831 0.0000000000
16371  7.463  -63.671  -41.891 0.0000000000
16372  6.637  -63.882  -41.479 0.0000000000
16373  5.973  -64.009  -41.071 0.0000000000
16376  -3.672  -63.035  -41.985 0.0000000000
16385  9.035  -63.280  -42.913 0.0000000000
16400  0.240  -62.952  -43.998 0.0000000000
16405  10.041  -63.134  -44.526 0.0000000000
16406  9.566  -63.670  -44.074 0.0000000000
16410  0.327  -63.362  -44.682 0.0000000000
16413  9.780  -63.453  -44.971 0.0000000000
16414  8.909  -63.732  -45.151 0.0000000000
16417  5.326  -63.435  -45.113 0.0000000000
16435  9.315  -63.315  -45.601 0.0000000000
16436  8.505  -63.299  -45.805 0.0000000000
16438  6.466  -62.901  -46.050 0.0000000000
16439  4.710  -62.986  -45.724 0.0000000000
16441  -0.774  -63.854  -46.644 0.0000000000
16483  0.104  -62.966  -49.308 0.0000000000
16528  6.529  -63.202  -52.312 0.0000000000
16531  -2.485  -62.756  -53.284 0.0000000000
16558  -2.575  -63.241  -53.882 0.0000000000
16585  -2.309  -63.125  -54.722 0.0000000000
16638  2.746  -62.618  -57.640 0.0000000000
16648  6.158  -63.364  -58.700 0.0000000000
16649  5.307  -63.118  -58.919 0.0000000000
17169  8.980  -62.839  -24.500 0.0000000000
17172  6.186  -62.494  -24.298 0.0000000000
17176  1.229  -62.541  -24.701 0.0000000000
17179  -1.519  -62.851  -24.665 0.0000000000
17186  8.717  -62.374  -25.107 0.0000000000
17188  -2.093  -62.452  -25.221 0.0000000000
17330  -4.009  -62.176  -35.558 0.0000000000
17340  -4.057  -62.495  -36.416 0.0000000000
17354  0.996  -62.088  -37.803 0.0000000000
17356  -4.120  -62.834  -37.226 0.0000000000
17357  -4.219  -62.208  -37.768 0.0000000000
17375  0.372  -62.962  -38.419 0.0000000000
17378  -4.233  -62.276  -38.486 0.0000000000
17394  1.503  -62.426  -38.677 0.0000000000
17397  -4.063  -62.500  -39.932 0.0000000000
17409  2.517  -62.783  -40.509 0.0000000000
17410  -0.729  -62.388  -40.140 0.0000000000
17412  -3.822  -62.285  -40.578 0.0000000000
17423  3.390  -63.219  -40.861 0.0000000000
17424  2.623  -62.660  -41.632 0.0000000000
17426  -3.647  -62.357  -41.566 0.0000000000
17430  8.445  -62.801  -42.718 0.0000000000
17436  -1.687  -61.609  -42.686 0.0000000000
17437  -3.580  -62.051  -42.990 0.0000000000
17441  9.452  -62.860  -43.427 0.0000000000
17443  6.408  -62.327  -43.069 0.0000000000
17446  3.620  -62.536  -43.027 0.0000000000
17447  -0.502  -62.320  -43.880 0.0000000000
17448  -1.451  -61.633  -43.672 0.0000000000
17452  10.265  -62.548  -44.481 0.0000000000
17459  10.860  -61.943  -45.570 0.0000000000
17461  -0.181  -62.951  -45.455 0.0000000000
17479  9.158  -62.929  -46.204 0.0000000000
17481  7.229  -62.566  -46.584 0.0000000000
17483  4.721  -62.564  -46.751 0.0000000000
17484  3.732  -62.844  -46.191 0.0000000000
17485  -1.518  -62.053  -46.880 0.0000000000
17497  8.892  -62.357  -46.842 0.0000000000
17499  7.017  -62.104  -47.233 0.0000000000
17502  3.126  -62.629  -46.753 0.0000000000
17504  -2.262  -61.625  -47.476 0.0000000000
17505  -2.813  -61.537  -47.914 0.0000000000
17517  4.281  -62.096  -47.957 0.0000000000
17519  2.012  -62.278  -47.493 0.0000000000
17521  0.688  -62.538  -47.910 0.0000000000
17531  0.256  -62.322  -48.615 0.0000000000
17532  -0.237  -62.155  -49.357 0.0000000000
17544  -0.790  -61.996  -50.203 0.0000000000
17558  -1.517  -61.835  -50.973 0.0000000000
17559  -2.112  -61.768  -51.817 0.0000000000
17574  5.997  -62.547  -52.380 0.0000000000
17592  6.078  -62.902  -52.842 0.0000000000
17593  0.416  -62.845  -53.875 0.0000000000
17594  -2.301  -62.209  -53.615 0.0000000000
17613  -0.284  -62.629  -54.260 0.0000000000
17616  -2.519  -62.816  -54.107 0.0000000000
17656  7.012  -62.946  -58.112 0.0000000000
17658  5.402  -61.887  -57.817 0.0000000000
17659  2.206  -62.188  -57.131 0.0000000000
17660  1.833  -61.936  -56.414 0.0000000000
17674  6.274  -62.846  -58.594 0.0000000000
17676  4.874  -62.724  -58.790 0.0000000000
17677  3.173  -62.497  -58.068 0.0000000000
18237  6.585  -61.827  -24.661 0.0000000000
18238  5.280  -62.177  -24.181 0.0000000000
18242  1.523  -61.948  -24.990 0.0000000000
18243  0.682  -61.801  -25.284 0.0000000000
18251  9.178  -61.759  -25.497 0.0000000000
18253  5.709  -61.519  -24.595 0.0000000000
18254  3.949  -61.574  -24.867 0.0000000000
18256  2.185  -61.668  -25.228 0.0000000000
18258  -0.190  -61.165  -25.853 0.0000000000
18259  -1.638  -61.887  -25.773 0.0000000000
18265  9.545  -61.211  -25.936 0.0000000000
18268  -1.329  -61.710  -26.826 0.0000000000
18294  -0.571  -60.743  -27.765 0.0000000000
18418  -2.673  -60.648  -34.424 0.0000000000
18419  -3.637  -61.052  -34.475 0.0000000000
18430  -0.180  -60.803  -36.077 0.0000000000
18448  0.468  -61.112  -36.715 0.0000000000
18449  -0.182  -61.315  -36.523 0.0000000000
18450  -0.837  -61.313  -36.480 0.0000000000
18465  0.442  -61.576  -37.207 0.0000000000
18470  -4.172  -61.347  -37.648 0.0000000000
18484  1.441  -61.624  -37.977 0.0000000000
18486  -1.541  -61.124  -38.403 0.0000000000
18487  -2.382  -60.794  -38.386 0.0000000000
18488  -4.145  -61.504  -38.760 0.0000000000
18505  1.679  -61.433  -38.886 0.0000000000
18507  -3.332  -61.060  -39.603 0.0000000000
18512  1.923  -62.213  -40.256 0.0000000000
18513  1.679  -61.295  -39.955 0.0000000000
18516  -3.535  -61.647  -40.085 0.0000000000
18520  1.553  -61.205  -41.556 0.0000000000
18529  -2.570  -61.289  -42.858 0.0000000000
18531  -3.286  -61.862  -42.251 0.0000000000
18534  9.163  -62.111  -43.533 0.0000000000
18535  8.390  -62.124  -43.287 0.0000000000
18537  6.761  -61.740  -43.630 0.0000000000
18539  4.863  -61.929  -43.624 0.0000000000
18541  2.228  -61.705  -43.929 0.0000000000
18542  2.055  -61.923  -43.150 0.0000000000
18545  -3.155  -61.546  -43.188 0.0000000000
18550  10.586  -61.171  -44.796 0.0000000000
18552  9.501  -61.573  -44.051 0.0000000000
18554  7.622  -61.103  -44.365 0.0000000000
18559  3.258  -61.638  -44.284 0.0000000000
18561  -2.939  -60.928  -44.199 0.0000000000
18562  -3.182  -61.262  -43.914 0.0000000000
18575  10.702  -61.958  -44.901 0.0000000000
18576  -1.839  -61.317  -45.239 0.0000000000
18578  -3.334  -61.201  -44.766 0.0000000000
18593  11.301  -61.370  -45.861 0.0000000000
18594  11.019  -61.818  -46.124 0.0000000000
18610  11.354  -61.299  -46.487 0.0000000000
18611  9.574  -61.830  -47.218 0.0000000000
18614  6.791  -61.709  -47.850 0.0000000000
18616  -2.916  -61.250  -47.220 0.0000000000
18617  -3.284  -61.550  -47.768 0.0000000000
18628  8.269  -61.174  -48.064 0.0000000000
18630  6.574  -61.305  -48.437 0.0000000000
18631  5.929  -61.370  -48.592 0.0000000000
18632  4.747  -61.654  -48.508 0.0000000000
18668  6.828  -62.214  -51.722 0.0000000000
18696  4.992  -61.623  -53.098 0.0000000000
18697  4.606  -60.966  -53.320 0.0000000000
18713  5.158  -61.842  -53.669 0.0000000000
18715  0.207  -61.482  -54.131 0.0000000000
18716  -0.966  -61.647  -53.821 0.0000000000
18717  -1.865  -61.892  -53.742 0.0000000000
18735  4.787  -61.016  -55.226 0.0000000000
18737  1.996  -61.592  -56.351 0.0000000000
18739  1.114  -61.457  -54.794 0.0000000000
18759  3.796  -61.548  -57.539 0.0000000000
18760  2.874  -61.733  -57.482 0.0000000000
18780  4.461  -62.065  -58.266 0.0000000000
19361  10.471  -60.080  -26.007 0.0000000000
19364  6.298  -60.950  -25.031 0.0000000000
19369  1.718  -60.946  -25.800 0.0000000000
19371  -0.339  -60.698  -26.535 0.0000000000
19379  10.133  -60.700  -26.159 0.0000000000
19383  6.033  -60.091  -25.618 0.0000000000
19384  4.218  -60.422  -25.938 0.0000000000
19389  -0.577  -60.569  -27.121 0.0000000000
19397  9.964  -60.260  -27.002 0.0000000000
19477  -2.118  -59.778  -33.905 0.0000000000
19499  -1.592  -60.025  -34.323 0.0000000000
19500  -2.238  -60.188  -34.019 0.0000000000
19518  -0.793  -60.545  -35.301 0.0000000000
19533  -3.259  -60.757  -36.440 0.0000000000
19534  -3.902  -60.835  -36.767 0.0000000000
19543  1.442  -60.921  -37.604 0.0000000000
19544  0.948  -60.595  -37.080 0.0000000000
19545  -3.432  -60.726  -37.192 0.0000000000
19546  -3.949  -60.839  -37.599 0.0000000000
19560  -3.837  -60.880  -38.443 0.0000000000
19561  -4.046  -61.010  -38.812 0.0000000000
19574  -3.256  -60.812  -38.805 0.0000000000
19580  1.292  -60.409  -41.300 0.0000000000
19581  0.912  -60.064  -41.833 0.0000000000
19586  0.843  -60.399  -42.766 0.0000000000
19593  0.836  -60.605  -43.781 0.0000000000
19601  9.092  -60.922  -44.435 0.0000000000
19603  6.802  -60.837  -44.682 0.0000000000
19604  5.913  -60.630  -45.092 0.0000000000
19622  10.916  -60.638  -45.218 0.0000000000
19624  9.518  -60.481  -44.804 0.0000000000
19626  6.639  -60.404  -45.271 0.0000000000
19627  5.000  -60.597  -45.209 0.0000000000
19628  4.150  -60.664  -45.196 0.0000000000
19629  3.231  -60.915  -45.087 0.0000000000
19630  2.413  -60.776  -45.443 0.0000000000
19642  12.122  -60.204  -46.555 0.0000000000
19656  12.363  -60.086  -47.168 0.0000000000
19658  11.217  -61.150  -47.278 0.0000000000
19666  8.829  -60.637  -48.512 0.0000000000
19668  7.123  -60.735  -48.796 0.0000000000
19678  10.720  -60.139  -48.871 0.0000000000
19679  9.835  -59.858  -49.207 0.0000000000
19680  8.501  -60.153  -49.082 0.0000000000
19682  6.848  -60.242  -49.327 0.0000000000
19684  4.553  -60.346  -49.397 0.0000000000
19698  0.704  -59.759  -49.920 0.0000000000
19699  -0.258  -59.936  -50.032 0.0000000000
19701  -1.517  -60.520  -50.834 0.0000000000
19712  -1.270  -59.910  -51.026 0.0000000000
19713  -1.704  -60.447  -51.513 0.0000000000
19725  5.405  -60.714  -52.766 0.0000000000
19726  4.938  -60.476  -52.910 0.0000000000
19728  -1.658  -60.363  -52.203 0.0000000000
19749  -0.841  -60.432  -53.067 0.0000000000
19750  -1.629  -60.708  -52.786 0.0000000000
19784  4.132  -60.545  -55.209 0.0000000000
19786  2.368  -60.848  -56.020 0.0000000000
20393  9.598  -59.624  -24.753 0.0000000000
20401  10.210  -59.965  -25.371 0.0000000000
20407  10.627  -59.463  -26.550 0.0000000000
20409  5.863  -59.508  -26.330 0.0000000000
20413  1.628  -59.739  -26.967 0.0000000000
20417  10.331  -59.664  -27.482 0.0000000000
20421  4.402  -59.424  -27.160 0.0000000000
20422  2.914  -59.287  -27.640 0.0000000000
20424  1.148  -59.385  -27.672 0.0000000000
20425  0.386  -59.643  -27.677 0.0000000000
20430  9.955  -59.422  -28.201 0.0000000000
20437  0.718  -59.326  -29.282 0.0000000000
20444  1.109  -59.256  -29.990 0.0000000000
20447  -3.848  -59.915  -29.351 0.0000000000
20456  -4.039  -60.070  -30.221 0.0000000000
20481  -2.746  -59.400  -33.313 0.0000000000
20508  -0.030  -60.242  -36.062 0.0000000000
20509  -0.492  -60.000  -35.427 0.0000000000
20510  -1.046  -59.479  -35.051 0.0000000000
20527  -0.158  -59.640  -36.210 0.0000000000
20538  0.818  -59.812  -37.320 0.0000000000
20539  0.212  -59.238  -37.654 0.0000000000
20562  0.585  -59.066  -39.733 0.0000000000
20570  1.321  -60.052  -40.558 0.0000000000
20572  -0.237  -59.184  -42.011 0.0000000000
20599  0.116  -60.121  -44.318 0.0000000000
20600  -0.672  -59.669  -44.829 0.0000000000
20601  -1.410  -59.326  -45.239 0.0000000000
20618  10.619  -59.929  -45.358 0.0000000000
20621  6.906  -59.964  -45.767 0.0000000000
20638  11.822  -59.729  -46.099 0.0000000000
20639  11.097  -59.579  -45.731 0.0000000000
20641  8.089  -59.230  -46.228 0.0000000000
20643  6.270  -59.500  -46.362 0.0000000000
20645  4.388  -59.429  -46.657 0.0000000000
20648  1.328  -59.230  -47.308 0.0000000000
20649  -0.345  -59.332  -46.982 0.0000000000
20659  13.257  -58.984  -48.045 0.0000000000
20670  12.997  -59.412  -48.304 0.0000000000
20681  13.107  -59.378  -49.202 0.0000000000
20684  8.265  -59.615  -49.644 0.0000000000
20686  6.590  -59.636  -49.797 0.0000000000
20688  4.275  -59.733  -49.673 0.0000000000
20690  2.371  -59.674  -49.779 0.0000000000
20705  12.369  -59.519  -49.714 0.0000000000
20706  10.497  -58.991  -50.369 0.0000000000
20715  1.092  -59.049  -50.403 0.0000000000
20717  -0.529  -59.595  -50.700 0.0000000000
20731  -0.662  -59.442  -51.387 0.0000000000
20745  5.206  -60.011  -53.114 0.0000000000
20746  4.782  -59.920  -53.168 0.0000000000
20747  0.296  -59.186  -51.965 0.0000000000
20768  4.206  -59.363  -53.300 0.0000000000
20770  2.302  -59.442  -53.153 0.0000000000
20773  -0.311  -59.784  -52.563 0.0000000000
20788  1.640  -60.128  -53.635 0.0000000000
20789  0.982  -60.124  -53.183 0.0000000000
21423  9.346  -58.881  -24.970 0.0000000000
21446  5.628  -58.745  -27.533 0.0000000000
21449  2.371  -58.826  -28.302 0.0000000000
21456  9.188  -58.817  -28.734 0.0000000000
21458  6.595  -58.190  -28.371 0.0000000000
21460  4.914  -58.546  -28.170 0.0000000000
21466  10.887  -57.850  -29.172 0.0000000000
21474  2.059  -57.921  -30.012 0.0000000000
21538  -1.447  -58.780  -35.655 0.0000000000
21555  -0.764  -59.082  -36.217 0.0000000000
21582  -0.610  -58.723  -38.031 0.0000000000
21583  -1.519  -58.383  -38.438 0.0000000000
21584  -2.300  -58.219  -38.687 0.0000000000
21598  -2.524  -57.835  -40.081 0.0000000000
21602  -0.832  -58.445  -40.860 0.0000000000
21604  -2.635  -57.666  -40.945 0.0000000000
21612  -0.907  -58.637  -41.707 0.0000000000
21624  -2.683  -57.794  -42.323 0.0000000000
21645  -2.064  -58.915  -45.145 0.0000000000
21658  -2.258  -58.356  -45.706 0.0000000000
21666  9.430  -58.641  -46.528 0.0000000000
21670  5.680  -59.018  -46.923 0.0000000000
21671  4.399  -58.849  -47.213 0.0000000000
21672  3.631  -59.105  -47.099 0.0000000000
21673  -0.457  -58.712  -47.514 0.0000000000
21674  -1.041  -58.760  -47.208 0.0000000000
21675  -1.642  -58.481  -46.507 0.0000000000
21687  13.419  -58.455  -48.299 0.0000000000
21688  13.035  -58.590  -47.687 0.0000000000
21689  11.901  -58.298  -47.012 0.0000000000
21691  9.830  -58.130  -46.978 0.0000000000
21693  7.868  -58.190  -47.272 0.0000000000
21696  5.041  -58.472  -47.391 0.0000000000
21730  7.687  -58.473  -50.815 0.0000000000
21733  4.496  -58.051  -50.582 0.0000000000
21735  2.386  -58.125  -50.706 0.0000000000
21736  1.558  -58.397  -50.844 0.0000000000
21747  8.772  -57.735  -51.817 0.0000000000
21748  7.316  -57.826  -51.364 0.0000000000
21751  3.726  -57.211  -51.237 0.0000000000
21753  2.120  -57.838  -51.424 0.0000000000
21754  1.473  -58.425  -51.435 0.0000000000
21755  0.555  -58.905  -51.425 0.0000000000
21756  -0.123  -59.140  -51.576 0.0000000000
21768  2.507  -57.651  -52.063 0.0000000000
21769  1.878  -58.342  -51.830 0.0000000000
21793  1.314  -59.042  -52.087 0.0000000000
21824  9.330  -57.488  -55.994 0.0000000000
22476  10.985  -57.645  -28.526 0.0000000000
22483  6.786  -57.442  -29.736 0.0000000000
22485  5.232  -57.620  -29.620 0.0000000000
22501  4.509  -57.306  -30.360 0.0000000000
22533  9.273  -57.116  -34.023 0.0000000000
22545  12.319  -57.482  -34.243 0.0000000000
22546  11.430  -57.537  -34.175 0.0000000000
22553  -2.627  -58.027  -34.512 0.0000000000
22571  -2.814  -57.773  -35.233 0.0000000000
22580  14.608  -56.730  -36.649 0.0000000000
22590  -3.335  -57.574  -36.923 0.0000000000
22606  -3.435  -57.511  -37.954 0.0000000000
22621  -3.333  -57.566  -38.906 0.0000000000
22642  -2.795  -58.028  -39.210 0.0000000000
22664  5.771  -57.116  -42.903 0.0000000000
22665  5.114  -57.161  -42.727 0.0000000000
22666  4.260  -57.104  -42.556 0.0000000000
22668  -3.118  -57.329  -42.780 0.0000000000
22679  4.603  -57.434  -43.058 0.0000000000
22682  -3.342  -57.288  -43.724 0.0000000000
22696  4.042  -57.274  -43.743 0.0000000000
22698  -3.359  -57.074  -44.668 0.0000000000
22724  13.138  -57.870  -48.007 0.0000000000
22725  12.418  -57.933  -47.536 0.0000000000
22726  11.360  -57.694  -47.428 0.0000000000
22728  9.231  -57.631  -47.617 0.0000000000
22730  7.335  -57.673  -47.796 0.0000000000
22731  6.410  -57.713  -47.844 0.0000000000
22735  2.209  -57.938  -48.243 0.0000000000
22737  -0.576  -57.636  -47.754 0.0000000000
22789  5.097  -56.783  -51.734 0.0000000000
22791  3.225  -56.694  -52.035 0.0000000000
22792  2.635  -57.254  -51.887 0.0000000000
22804  6.981  -56.527  -52.985 0.0000000000
22807  3.059  -56.984  -52.463 0.0000000000
22828  3.299  -57.204  -52.948 0.0000000000
22846  8.427  -56.758  -54.821 0.0000000000
22858  8.678  -57.106  -55.521 0.0000000000
23481  11.155  -56.264  -29.334 0.0000000000
23490  11.094  -55.861  -29.806 0.0000000000
23499  10.315  -55.881  -30.332 0.0000000000
23507  -2.358  -56.637  -29.726 0.0000000000
23514  13.925  -56.048  -31.801 0.0000000000
23516  5.607  -56.220  -31.724 0.0000000000
23518  4.112  -56.737  -32.242 0.0000000000
23521  -4.356  -56.025  -31.220 0.0000000000
23525  14.515  -56.550  -32.631 0.0000000000
23527  12.422  -56.721  -32.637 0.0000000000
23543  10.613  -57.016  -33.130 0.0000000000
23557  12.401  -56.818  -35.302 0.0000000000
23559  7.684  -56.539  -34.701 0.0000000000
23564  -3.373  -56.623  -34.641 0.0000000000
23597  13.240  -56.404  -36.120 0.0000000000
23666  -3.396  -56.764  -39.995 0.0000000000
23668  2.856  -56.505  -42.106 0.0000000000
23671  6.364  -56.856  -42.966 0.0000000000
23675  1.571  -56.521  -42.774 0.0000000000
23693  2.171  -56.966  -43.344 0.0000000000
23705  6.050  -56.930  -44.259 0.0000000000
23708  3.479  -56.759  -44.366 0.0000000000
23714  -3.074  -56.915  -45.277 0.0000000000
23721  4.744  -56.290  -45.069 0.0000000000
23722  3.849  -56.175  -45.029 0.0000000000
23724  -0.288  -56.458  -46.102 0.0000000000
23727  -2.686  -57.173  -45.647 0.0000000000
23745  -0.286  -56.620  -47.860 0.0000000000
23758  11.188  -56.615  -48.651 0.0000000000
23760  9.125  -56.615  -48.733 0.0000000000
23762  7.218  -56.619  -48.877 0.0000000000
23807  4.670  -56.320  -52.558 0.0000000000
23808  3.892  -56.447  -52.474 0.0000000000
23823  5.456  -56.134  -52.977 0.0000000000
23824  4.075  -56.290  -52.925 0.0000000000
23844  4.241  -56.448  -53.180 0.0000000000
23845  3.697  -56.634  -52.939 0.0000000000
24533  10.744  -55.364  -28.187 0.0000000000
24552  11.077  -55.219  -29.991 0.0000000000
24554  9.547  -54.981  -30.593 0.0000000000
24559  -3.659  -55.117  -30.393 0.0000000000
24566  8.016  -54.488  -31.390 0.0000000000
24569  5.844  -55.743  -32.516 0.0000000000
24590  15.635  -55.594  -33.577 0.0000000000
24594  5.955  -55.840  -33.708 0.0000000000
24609  6.312  -56.028  -34.202 0.0000000000
24627  15.285  -55.231  -35.677 0.0000000000
24628  14.589  -55.650  -35.647 0.0000000000
24644  16.374  -55.102  -36.427 0.0000000000
24645  15.753  -55.532  -36.401 0.0000000000
24650  -3.292  -56.049  -36.868 0.0000000000
24667  -2.930  -55.272  -37.906 0.0000000000
24668  -3.273  -55.985  -37.558 0.0000000000
24713  -2.951  -55.850  -40.168 0.0000000000
24722  6.330  -56.338  -42.657 0.0000000000
24724  4.500  -55.898  -42.222 0.0000000000
24726  2.353  -55.979  -41.933 0.0000000000
24757  0.126  -55.741  -44.116 0.0000000000
24758  -0.934  -55.674  -44.722 0.0000000000
24760  -2.942  -56.380  -44.772 0.0000000000
24772  3.276  -55.452  -45.648 0.0000000000
24784  1.666  -54.750  -46.898 0.0000000000
24799  0.840  -55.034  -48.388 0.0000000000
24812  2.677  -55.186  -49.327 0.0000000000
24814  0.972  -55.409  -48.759 0.0000000000
24845  8.278  -55.150  -50.758 0.0000000000
25559  14.647  -54.264  -29.551 0.0000000000
25576  9.067  -53.993  -30.846 0.0000000000
25579  -3.245  -53.921  -30.798 0.0000000000
25592  7.652  -54.324  -32.773 0.0000000000
25609  -3.449  -54.014  -31.312 0.0000000000
25620  8.036  -54.361  -33.281 0.0000000000
25650  20.745  -54.668  -35.293 0.0000000000
25654  -2.759  -53.802  -35.793 0.0000000000
25687  18.867  -54.963  -37.326 0.0000000000
25691  -1.628  -54.192  -37.742 0.0000000000
25701  -1.837  -54.390  -39.011 0.0000000000
25721  -2.131  -54.217  -39.717 0.0000000000
25722  -2.352  -54.853  -39.218 0.0000000000
25739  -2.532  -55.061  -41.406 0.0000000000
25747  7.065  -55.960  -42.744 0.0000000000
25751  3.168  -54.767  -42.188 0.0000000000
25753  -0.830  -53.767  -43.177 0.0000000000
25773  -1.841  -54.779  -43.641 0.0000000000
25800  2.246  -54.442  -47.452 0.0000000000
25820  2.033  -54.433  -48.311 0.0000000000
25821  1.462  -54.794  -48.484 0.0000000000
25829  1.916  -54.723  -48.770 0.0000000000
26637  14.218  -53.853  -30.096 0.0000000000
26638  13.965  -52.884  -31.023 0.0000000000
26640  9.727  -52.978  -30.939 0.0000000000
26650  13.009  -52.518  -32.546 0.0000000000
26651  9.725  -52.742  -31.934 0.0000000000
26654  -1.976  -52.875  -30.847 0.0000000000
26659  22.857  -53.484  -32.859 0.0000000000
26660  22.516  -53.282  -32.883 0.0000000000
26664  10.590  -53.013  -33.317 0.0000000000
26665  9.767  -52.882  -32.911 0.0000000000
26666  9.195  -53.294  -32.952 0.0000000000
26668  -3.350  -53.409  -32.084 0.0000000000
26670  23.959  -53.072  -33.392 0.0000000000
26671  23.465  -53.772  -33.358 0.0000000000
26724  21.074  -53.859  -37.116 0.0000000000
26810  -1.995  -53.310  -41.185 0.0000000000
26815  1.364  -52.980  -41.659 0.0000000000
27726  12.804  -51.867  -31.863 0.0000000000
27731  -3.183  -52.457  -31.732 0.0000000000
27736  23.026  -52.118  -32.694 0.0000000000
27740  11.318  -52.350  -32.860 0.0000000000
27769  24.510  -52.737  -33.964 0.0000000000
27773  19.900  -52.431  -34.868 0.0000000000
27787  20.214  -51.568  -36.014 0.0000000000
27803  21.950  -52.599  -36.924 0.0000000000
27816  -0.410  -52.181  -36.692 0.0000000000
27817  -2.274  -52.718  -36.019 0.0000000000
27822  22.189  -51.740  -37.060 0.0000000000
27824  20.885  -52.421  -37.207 0.0000000000
27864  -1.323  -52.820  -39.747 0.0000000000
27908  3.449  -52.777  -44.018 0.0000000000
27909  3.187  -52.334  -43.671 0.0000000000
28796  13.371  -50.061  -28.752 0.0000000000
28820  12.315  -51.037  -29.879 0.0000000000
28833  13.413  -51.249  -30.632 0.0000000000
28834  12.805  -51.193  -30.727 0.0000000000
28835  12.238  -51.222  -30.485 0.0000000000
28846  12.310  -51.428  -31.199 0.0000000000
28850  24.520  -50.989  -33.018 0.0000000000
28852  23.589  -51.596  -32.725 0.0000000000
28858  -2.716  -51.271  -32.084 0.0000000000
28888  20.891  -50.488  -35.447 0.0000000000
28907  -2.499  -51.430  -35.188 0.0000000000
28915  22.731  -51.291  -36.641 0.0000000000
28916  20.703  -51.216  -37.046 0.0000000000
28921  -0.171  -51.179  -36.642 0.0000000000
28934  21.844  -51.350  -37.170 0.0000000000
28936  20.565  -51.861  -37.117 0.0000000000
28997  -0.162  -50.759  -40.878 0.0000000000
29004  -0.529  -51.438  -41.056 0.0000000000
29047  2.876  -51.353  -44.686 0.0000000000
29069  2.901  -51.036  -45.372 0.0000000000
29920  14.063  -49.480  -28.243 0.0000000000
29921  13.774  -49.582  -28.270 0.0000000000
29980  24.739  -50.264  -32.981 0.0000000000
29982  23.454  -50.984  -32.832 0.0000000000
29986  -1.661  -50.452  -32.519 0.0000000000
29987  -2.190  -50.769  -32.179 0.0000000000
29993  25.183  -50.111  -33.280 0.0000000000
29994  23.284  -50.363  -33.361 0.0000000000
29995  22.922  -51.135  -33.211 0.0000000000
30001  -0.452  -49.924  -32.952 0.0000000000
30016  23.284  -50.105  -34.578 0.0000000000
30022  2.631  -50.159  -34.013 0.0000000000
30033  24.061  -49.688  -35.764 0.0000000000
30046  21.463  -49.958  -36.784 0.0000000000
30047  21.143  -50.605  -37.069 0.0000000000
30054  23.420  -49.538  -36.404 0.0000000000
30105  -0.234  -50.233  -39.401 0.0000000000
31112  25.517  -49.652  -33.657 0.0000000000
31142  1.491  -48.925  -34.138 0.0000000000
31143  0.507  -48.787  -34.013 0.0000000000
31145  -1.425  -49.378  -34.325 0.0000000000
31157  24.328  -48.922  -35.859 0.0000000000
31159  21.719  -49.253  -36.055 0.0000000000
31163  4.237  -49.525  -35.477 0.0000000000
31164  3.474  -49.009  -35.270 0.0000000000
31165  2.756  -48.848  -34.858 0.0000000000
31167  -1.427  -49.417  -35.074 0.0000000000
31175  24.100  -48.709  -36.220 0.0000000000
31181  -0.627  -49.386  -36.177 0.0000000000
31189  22.827  -49.686  -36.780 0.0000000000
31190  5.201  -49.794  -37.852 0.0000000000
31227  0.397  -48.384  -39.602 0.0000000000
31228  -0.109  -49.268  -39.403 0.0000000000
31250  8.718  -49.314  -40.356 0.0000000000
31264  9.823  -49.075  -40.797 0.0000000000
31265  9.192  -49.181  -40.982 0.0000000000
31268  6.709  -48.925  -41.331 0.0000000000
32238  24.621  -48.526  -32.855 0.0000000000
32265  26.210  -48.652  -34.207 0.0000000000
32266  23.925  -47.699  -34.419 0.0000000000
32297  -0.307  -48.528  -35.489 0.0000000000
32307  27.860  -48.688  -36.500 0.0000000000
32308  24.147  -47.161  -35.672 0.0000000000
32312  3.194  -48.526  -36.198 0.0000000000
32315  0.016  -48.051  -36.415 0.0000000000
32336  3.614  -47.964  -38.309 0.0000000000
32350  4.700  -48.518  -39.520 0.0000000000
32365  11.065  -48.871  -40.849 0.0000000000
32368  4.646  -48.027  -40.140 0.0000000000
32377  13.357  -48.033  -41.087 0.0000000000
32381  8.910  -49.091  -41.837 0.0000000000
32385  1.351  -48.254  -40.484 0.0000000000
32399  7.026  -48.289  -42.515 0.0000000000
32415  2.823  -48.596  -42.796 0.0000000000
32443  5.025  -48.370  -46.759 0.0000000000
33403  25.077  -48.071  -32.814 0.0000000000
33419  25.540  -47.636  -33.075 0.0000000000
33437  22.908  -47.255  -34.827 0.0000000000
33439  20.770  -47.517  -34.418 0.0000000000
33450  27.835  -47.291  -35.645 0.0000000000
33469  23.641  -47.017  -35.568 0.0000000000
33487  0.577  -47.868  -38.056 0.0000000000
33497  20.553  -47.280  -38.662 0.0000000000
33517  2.487  -47.084  -39.046 0.0000000000
33518  1.167  -47.432  -39.380 0.0000000000
33531  4.854  -47.764  -40.858 0.0000000000
33543  12.070  -47.827  -41.922 0.0000000000
33551  10.800  -47.901  -42.609 0.0000000000
33588  3.928  -48.218  -44.762 0.0000000000
33609  6.970  -47.464  -48.605 0.0000000000
34523  26.477  -46.311  -33.479 0.0000000000
34601  22.346  -46.480  -39.070 0.0000000000
34613  24.160  -46.969  -40.725 0.0000000000
34616  16.733  -46.205  -39.598 0.0000000000
34619  2.170  -46.830  -39.832 0.0000000000
34620  1.666  -47.063  -39.918 0.0000000000
34627  3.275  -46.487  -40.735 0.0000000000
34630  1.844  -47.111  -40.289 0.0000000000
34642  2.152  -46.888  -40.778 0.0000000000
34655  3.300  -45.944  -42.308 0.0000000000
34656  2.821  -46.280  -41.836 0.0000000000
34657  2.425  -46.824  -41.358 0.0000000000
34672  5.655  -45.780  -43.637 0.0000000000
35586  24.551  -45.394  -32.389 0.0000000000
35705  18.638  -45.000  -38.753 0.0000000000
35713  27.170  -45.001  -40.332 0.0000000000
35717  18.072  -45.822  -39.030 0.0000000000
35721  15.207  -44.235  -40.097 0.0000000000
35726  25.757  -45.388  -40.430 0.0000000000
35729  14.720  -44.756  -40.434 0.0000000000
35780  4.729  -45.392  -44.137 0.0000000000
35792  5.635  -44.994  -45.119 0.0000000000
36663  25.122  -44.807  -32.499 0.0000000000
36763  28.392  -44.964  -39.403 0.0000000000
36766  20.746  -44.436  -38.691 0.0000000000
36767  19.817  -43.922  -38.822 0.0000000000
36784  17.255  -44.392  -39.140 0.0000000000
36791  14.658  -44.139  -40.416 0.0000000000
36796  13.534  -44.242  -41.625 0.0000000000
36880  9.314  -45.114  -48.223 0.0000000000
37729  23.938  -43.474  -32.943 0.0000000000
37792  19.005  -43.904  -38.969 0.0000000000
37794  17.870  -43.578  -39.304 0.0000000000
37807  27.824  -43.219  -40.069 0.0000000000
37816  18.084  -43.502  -39.288 0.0000000000
37819  15.963  -43.188  -40.178 0.0000000000
37825  15.406  -43.283  -40.348 0.0000000000
37830  13.460  -43.640  -41.966 0.0000000000
38800  25.700  -42.282  -33.685 0.0000000000
38862  27.723  -42.388  -38.964 0.0000000000
38883  20.299  -43.524  -39.104 0.0000000000
38884  19.467  -43.355  -39.233 0.0000000000
38886  17.445  -42.957  -39.752 0.0000000000
38887  16.670  -42.847  -39.606 0.0000000000
38906  14.557  -42.774  -41.043 0.0000000000
38908  13.227  -42.898  -42.435 0.0000000000
38912  12.613  -42.098  -42.969 0.0000000000
38959  10.006  -42.473  -45.858 0.0000000000
39963  26.014  -41.042  -35.116 0.0000000000
39974  26.924  -41.165  -36.328 0.0000000000
39995  26.212  -41.083  -39.053 0.0000000000
40010  27.158  -42.143  -39.485 0.0000000000
40033  14.698  -42.163  -41.399 0.0000000000
40042  11.886  -41.666  -43.333 0.0000000000
40052  10.563  -41.407  -43.647 0.0000000000
40053  9.737  -41.352  -44.080 0.0000000000
40071  9.462  -41.328  -44.762 0.0000000000
41052  23.261  -40.723  -33.780 0.0000000000
41054  21.572  -40.765  -33.659 0.0000000000
41080  23.588  -40.146  -34.456 0.0000000000
41114  24.932  -39.653  -35.746 0.0000000000
41177  13.632  -40.443  -43.186 0.0000000000
127268  7.631  -83.584  -58.903 0.0000000000
127270  6.665  -83.701  -58.445 0.0000000000
127272  5.728  -81.184  -60.186 0.0000000000
127274  7.007  -82.891  -59.262 0.0000000000
127276  3.999  -80.696  -60.924 0.0000000000
127278  3.619  -80.922  -61.011 0.0000000000
127879  3.923  -81.020  -61.457 0.0000000000
128327  4.385  -80.544  -61.439 0.0000000000
128506  2.961  -65.062  -53.016 0.0000000000
128616  5.911  -77.982  -47.658 0.0000000000
128673  2.331  -67.133  -25.290 0.0000000000
128731  5.751  -66.916  -52.525 0.0000000000
128743  8.318  -76.641  -47.886 0.0000000000
128935  4.040  -85.647  -26.034 0.0000000000
128961  -0.125  -77.489  -17.741 0.0000000000
129049  8.893  -72.238  -51.416 0.0000000000
129070  8.312  -64.735  -43.650 0.0000000000
129080  10.733  -85.546  -38.404 0.0000000000
129084  4.999  -91.039  -39.959 0.0000000000
129370  7.822  -56.657  -53.387 0.0000000000
129672  6.146  -78.130  -32.359 0.0000000000
129687  -3.474  -54.940  -33.590 0.0000000000
130073  -0.118  -68.780  -54.161 0.0000000000
130144  11.466  -86.758  -33.502 0.0000000000
130194  3.637  -82.903  -29.853 0.0000000000
130469  3.437  -60.185  -55.186 0.0000000000
130556  2.180  -90.232  -40.201 0.0000000000
130562  -4.964  -71.940  -24.780 0.0000000000
131290  1.668  -59.915  -46.602 0.0000000000
131337  12.384  -78.796  -36.548 0.0000000000
131372  0.466  -72.760  -18.548 0.0000000000
131376  23.634  -48.660  -34.008 0.0000000000
131486  13.264  -45.689  -41.802 0.0000000000
131490  -0.506  -65.113  -59.200 0.0000000000
131627  11.501  -90.271  -40.905 0.0000000000
131640  9.182  -86.878  -32.497 0.0000000000
131677  8.689  -54.635  -33.486 0.0000000000
131800  5.098  -60.550  -49.282 0.0000000000
131857  10.689  -88.194  -36.433 0.0000000000
131883  7.207  -70.297  -58.197 0.0000000000
132037  5.992  -83.782  -50.882 0.0000000000
132052  7.090  -58.821  -27.101 0.0000000000
132138  0.301  -68.411  -51.177 0.0000000000
132228  -2.934  -51.807  -31.709 0.0000000000
132253  -1.031  -68.823  -51.431 0.0000000000
132319  16.829  -42.898  -39.851 0.0000000000
132396  -0.434  -59.641  -46.253 0.0000000000
132399  0.518  -56.054  -45.132 0.0000000000
132579  6.361  -65.297  -40.724 0.0000000000
132610  9.574  -82.680  -35.729 0.0000000000
132640  7.986  -85.865  -51.340 0.0000000000
132653  -4.103  -57.664  -30.066 0.0000000000
132688  17.976  -86.519  -32.128 0.0000000000
132717  21.082  -41.349  -33.275 0.0000000000
132869  -2.845  -68.842  -20.292 0.0000000000
133046  7.966  -91.076  -40.652 0.0000000000
133085  -5.088  -73.829  -21.610 0.0000000000
133237  8.171  -77.427  -34.887 0.0000000000
133276  1.330  -65.155  -55.145 0.0000000000
133315  -1.251  -78.078  -22.932 0.0000000000
133358  -3.113  -54.391  -35.216 0.0000000000
133509  0.320  -66.374  -25.645 0.0000000000
133532  12.580  -89.223  -35.166 0.0000000000
133842  8.725  -89.651  -33.326 0.0000000000
133977  2.493  -85.847  -50.289 0.0000000000
133991  2.871  -60.311  -55.497 0.0000000000
134166  2.019  -87.086  -50.504 0.0000000000
134167  17.313  -54.644  -32.923 0.0000000000
134174  0.487  -68.106  -50.419 0.0000000000
134260  -0.604  -64.278  -57.468 0.0000000000
134478  3.578  -81.772  -19.591 0.0000000000
134701  6.984  -62.902  -42.436 0.0000000000
134782  8.345  -85.608  -44.483 0.0000000000
134890  3.784  -63.524  -45.522 0.0000000000
134901  -2.230  -72.517  -18.569 0.0000000000
134925  0.366  -63.796  -49.388 0.0000000000
134998  5.396  -60.948  -44.666 0.0000000000
135019  15.752  -55.655  -31.906 0.0000000000
135046  8.049  -84.657  -38.992 0.0000000000
135132  6.155  -80.096  -52.365 0.0000000000
135175  5.698  -61.428  -52.467 0.0000000000
135258  8.887  -59.094  -50.127 0.0000000000
135351  0.811  -67.357  -50.253 0.0000000000
135490  9.947  -90.258  -42.596 0.0000000000
135539  0.254  -59.550  -36.925 0.0000000000
135669  3.433  -58.782  -53.232 0.0000000000
135762  2.072  -61.064  -48.844 0.0000000000
136060  3.188  -65.952  -58.244 0.0000000000
136092  0.557  -51.701  -41.491 0.0000000000
136109  -3.883  -60.165  -31.260 0.0000000000
136399  11.392  -59.324  -50.058 0.0000000000
136538  7.391  -69.651  -55.958 0.0000000000
136624  6.051  -84.512  -51.087 0.0000000000
136820  -0.065  -49.930  -37.989 0.0000000000
136837  0.086  -47.980  -37.399 0.0000000000
137029  -3.496  -75.160  -19.388 0.0000000000
137111  0.880  -67.533  -47.450 0.0000000000
137146  3.197  -76.023  -22.356 0.0000000000
137148  2.724  -55.413  -41.979 0.0000000000
137325  3.887  -62.618  -58.431 0.0000000000
137341  11.134  -82.715  -49.251 0.0000000000
137361  0.450  -54.119  -42.891 0.0000000000
137421  3.641  -83.499  -29.725 0.0000000000
137592  7.901  -82.954  -53.707 0.0000000000
137910  9.160  -56.451  -33.622 0.0000000000
137985  -2.077  -53.572  -30.706 0.0000000000
138023  -3.683  -54.901  -32.494 0.0000000000
138097  -2.136  -58.385  -34.974 0.0000000000
138166  11.125  -83.779  -49.860 0.0000000000
138216  9.213  -87.361  -31.803 0.0000000000
138586  1.593  -65.794  -25.514 0.0000000000
138615  14.222  -41.680  -41.949 0.0000000000
138766  17.941  -85.704  -52.776 0.0000000000
138787  -1.617  -77.981  -20.813 0.0000000000
138952  5.500  -62.359  -53.080 0.0000000000
139019  -0.745  -62.355  -42.077 0.0000000000
139097  -2.248  -68.552  -57.087 0.0000000000
139159  14.357  -86.750  -34.757 0.0000000000
139180  10.608  -89.193  -49.130 0.0000000000
139201  7.382  -91.088  -41.847 0.0000000000
139243  8.256  -89.011  -44.348 0.0000000000
139244  -2.777  -67.293  -55.114 0.0000000000
139306  7.310  -90.964  -40.068 0.0000000000
139418  2.768  -62.147  -24.743 0.0000000000
139846  8.596  -86.315  -35.260 0.0000000000
139848  3.023  -65.441  -39.581 0.0000000000
139850  0.995  -67.237  -49.539 0.0000000000
139908  4.960  -85.551  -47.469 0.0000000000
139929  11.816  -60.525  -47.618 0.0000000000
140229  5.961  -85.443  -57.364 0.0000000000
140409  8.925  -82.660  -44.420 0.0000000000
140443  5.204  -87.539  -51.503 0.0000000000
140518  -1.787  -50.099  -35.385 0.0000000000
140729  11.035  -79.458  -36.143 0.0000000000
140756  7.246  -88.703  -50.202 0.0000000000
140795  9.584  -83.872  -45.837 0.0000000000
140815  9.820  -90.404  -37.768 0.0000000000
140833  5.401  -67.981  -53.948 0.0000000000
140870  6.897  -90.317  -38.735 0.0000000000
140893  -3.363  -55.556  -29.968 0.0000000000
141050  25.744  -50.456  -34.668 0.0000000000
141127  11.222  -87.241  -43.316 0.0000000000
141253  19.883  -53.982  -37.290 0.0000000000
141288  -0.273  -86.832  -44.852 0.0000000000
141294  8.654  -90.065  -43.879 0.0000000000
141323  -3.820  -63.986  -25.379 0.0000000000
141336  -0.200  -58.118  -48.086 0.0000000000
141347  13.296  -89.011  -35.985 0.0000000000
141349  1.800  -48.564  -41.282 0.0000000000
141412  3.098  -66.835  -45.286 0.0000000000
141477  -2.618  -68.196  -59.660 0.0000000000
141567  3.899  -62.902  -42.427 0.0000000000
141586  1.307  -85.514  -49.460 0.0000000000
141695  2.018  -65.235  -40.915 0.0000000000
141783  2.067  -47.313  -40.950 0.0000000000
141896  7.543  -87.297  -54.720 0.0000000000
141913  6.269  -79.985  -63.272 0.0000000000
141928  22.737  -47.356  -34.239 0.0000000000
141971  -0.741  -62.433  -41.085 0.0000000000
142005  2.393  -90.031  -42.422 0.0000000000
142067  6.551  -56.432  -34.657 0.0000000000
142083  -0.153  -50.748  -32.757 0.0000000000
142085  16.509  -43.311  -39.899 0.0000000000
142177  12.472  -85.739  -42.523 0.0000000000
142268  -1.826  -58.583  -43.142 0.0000000000
142469  -0.007  -58.755  -40.249 0.0000000000
142499  5.512  -81.216  -48.042 0.0000000000
142610  -1.234  -52.024  -41.059 0.0000000000
142619  3.392  -89.341  -47.673 0.0000000000
142620  4.364  -88.501  -48.551 0.0000000000
142666  5.087  -85.845  -51.260 0.0000000000
142919  -0.641  -70.892  -24.454 0.0000000000
142922  24.263  -50.167  -32.820 0.0000000000
143058  7.782  -87.913  -48.842 0.0000000000
143240  5.948  -77.493  -48.248 0.0000000000
143470  4.126  -81.497  -46.014 0.0000000000
143613  10.632  -78.096  -56.716 0.0000000000
143647  17.666  -87.224  -39.216 0.0000000000
143726  19.394  -86.214  -37.218 0.0000000000
143923  -2.156  -74.230  -17.876 0.0000000000
144079  9.234  -84.373  -46.486 0.0000000000
144102  3.322  -56.143  -49.174 0.0000000000
144173  5.132  -64.243  -44.596 0.0000000000
144310  14.065  -88.998  -38.630 0.0000000000
144317  -2.815  -58.113  -36.652 0.0000000000
144323  -1.532  -72.255  -21.724 0.0000000000
144396  13.736  -48.501  -40.649 0.0000000000
144400  0.563  -67.694  -48.014 0.0000000000
144440  26.868  -41.413  -39.120 0.0000000000
144501  7.447  -82.148  -57.810 0.0000000000
144529  9.909  -81.503  -52.042 0.0000000000
144564  20.870  -84.897  -34.552 0.0000000000
144567  13.236  -56.880  -32.544 0.0000000000
144579  3.997  -56.986  -48.619 0.0000000000
144599  4.985  -89.334  -46.457 0.0000000000
144779  5.899  -59.589  -49.813 0.0000000000
144800  5.535  -59.193  -50.009 0.0000000000
144847  7.512  -76.612  -49.338 0.0000000000
144886  8.971  -86.043  -58.364 0.0000000000
144894  -3.431  -64.011  -39.682 0.0000000000
144897  25.395  -40.943  -38.984 0.0000000000
144923  4.057  -59.955  -26.559 0.0000000000
144969  4.542  -80.531  -24.648 0.0000000000
144994  10.739  -81.427  -37.663 0.0000000000
145101  8.796  -58.119  -29.421 0.0000000000
145114  8.146  -83.945  -50.856 0.0000000000
145119  16.582  -85.366  -36.006 0.0000000000
145126  11.350  -60.849  -45.564 0.0000000000
145155  6.126  -80.123  -63.194 0.0000000000
145180  8.242  -58.306  -28.884 0.0000000000
145378  9.997  -85.261  -59.876 0.0000000000
145519  4.814  -80.599  -61.960 0.0000000000
145529  3.896  -81.041  -59.303 0.0000000000
145700  3.439  -81.235  -60.242 0.0000000000
145725  4.363  -81.516  -60.953 0.0000000000
145925  2.588  -47.921  -42.238 0.0000000000
145965  10.565  -70.859  -50.704 0.0000000000
146021  7.130  -69.535  -57.201 0.0000000000
146024  13.098  -85.742  -42.237 0.0000000000
146085  -2.693  -60.855  -39.233 0.0000000000
146135  2.556  -56.976  -42.542 0.0000000000
146241  6.390  -50.852  -37.406 0.0000000000
146391  7.806  -77.844  -34.670 0.0000000000
146516  8.214  -65.150  -43.015 0.0000000000
146522  6.126  -64.147  -24.412 0.0000000000
146580  -4.428  -72.271  -25.951 0.0000000000
146593  9.084  -55.564  -33.488 0.0000000000
146640  14.335  -88.174  -33.274 0.0000000000
146753  -3.259  -56.691  -41.424 0.0000000000
146758  22.211  -52.410  -34.205 0.0000000000
146841  11.806  -88.551  -33.332 0.0000000000
146854  11.328  -85.528  -35.503 0.0000000000
147026  2.732  -65.802  -60.929 0.0000000000
147033  -1.753  -66.401  -50.592 0.0000000000
147129  5.425  -64.641  -24.750 0.0000000000
147181  2.702  -46.189  -41.032 0.0000000000
147193  5.634  -62.993  -45.730 0.0000000000
147308  9.252  -80.199  -55.708 0.0000000000
147326  10.900  -56.491  -29.973 0.0000000000
147504  5.724  -66.326  -42.060 0.0000000000
147536  11.137  -89.188  -49.567 0.0000000000
147548  1.092  -48.057  -35.368 0.0000000000
147585  9.221  -86.586  -31.874 0.0000000000
147587  7.762  -89.339  -43.912 0.0000000000
147648  -0.757  -69.354  -54.327 0.0000000000
147728  9.357  -87.992  -47.886 0.0000000000
147746  24.219  -47.495  -35.238 0.0000000000
147798  1.227  -82.494  -24.908 0.0000000000
147800  -3.001  -63.838  -34.377 0.0000000000
147867  4.547  -86.582  -46.920 0.0000000000
147988  4.734  -79.465  -45.748 0.0000000000
148127  17.558  -86.066  -34.481 0.0000000000
148215  -4.385  -68.693  -27.773 0.0000000000
148223  10.483  -57.374  -29.779 0.0000000000
148409  4.758  -62.282  -47.508 0.0000000000
148411  6.043  -64.434  -40.727 0.0000000000
148437  4.524  -88.626  -47.920 0.0000000000
148455  0.285  -68.288  -49.966 0.0000000000
148458  8.392  -57.245  -30.079 0.0000000000
148656  1.456  -86.789  -50.191 0.0000000000
148691  8.626  -59.635  -45.669 0.0000000000
148740  7.401  -49.539  -39.904 0.0000000000
148759  8.595  -79.297  -48.511 0.0000000000
148760  3.387  -57.790  -29.714 0.0000000000
148763  -3.298  -63.164  -25.680 0.0000000000
148854  25.160  -51.608  -34.403 0.0000000000
148915  -0.007  -82.062  -23.026 0.0000000000
149031  5.760  -67.038  -59.551 0.0000000000
149195  1.276  -62.805  -47.247 0.0000000000
149466  4.215  -45.689  -43.676 0.0000000000
149475  4.262  -83.253  -52.292 0.0000000000
149502  8.408  -86.427  -36.064 0.0000000000
149533  0.093  -56.157  -48.312 0.0000000000
149732  9.876  -86.363  -51.512 0.0000000000
149783  1.627  -73.137  -21.023 0.0000000000
149817  8.359  -49.530  -39.829 0.0000000000
149819  0.745  -81.139  -26.183 0.0000000000
149934  -5.267  -73.538  -23.219 0.0000000000
150010  10.447  -86.620  -54.053 0.0000000000
150039  -0.494  -66.277  -46.097 0.0000000000
150140  6.131  -58.276  -50.726 0.0000000000
150278  10.195  -59.202  -45.883 0.0000000000
150280  5.444  -61.611  -48.458 0.0000000000
150397  1.447  -51.186  -41.397 0.0000000000
150463  -0.884  -69.156  -23.501 0.0000000000
150467  8.518  -84.051  -53.683 0.0000000000
150553  0.756  -62.568  -38.172 0.0000000000
150554  8.139  -85.833  -40.159 0.0000000000
150590  -4.199  -61.635  -38.186 0.0000000000
150639  5.363  -85.659  -43.016 0.0000000000
150643  5.137  -87.533  -28.765 0.0000000000
150665  -3.458  -57.080  -36.722 0.0000000000
150693  -0.080  -48.501  -38.882 0.0000000000
150719  20.861  -85.164  -35.080 0.0000000000
150753  4.417  -65.281  -39.640 0.0000000000
150761  1.262  -87.568  -45.072 0.0000000000
150765  8.656  -87.109  -56.299 0.0000000000
150905  0.085  -67.734  -47.903 0.0000000000
150943  8.630  -91.042  -41.216 0.0000000000
150998  -0.932  -53.749  -31.868 0.0000000000
151010  -3.356  -73.827  -18.964 0.0000000000
151259  6.844  -60.582  -25.483 0.0000000000
151263  -2.174  -59.240  -33.856 0.0000000000
151322  -2.632  -62.828  -26.167 0.0000000000
151324  2.789  -66.203  -46.493 0.0000000000
151366  4.328  -86.951  -39.192 0.0000000000
151369  4.197  -85.070  -23.003 0.0000000000
151393  -2.074  -58.384  -36.365 0.0000000000
151409  1.371  -57.994  -48.246 0.0000000000
151454  2.562  -85.290  -24.246 0.0000000000
151499  2.920  -78.850  -20.880 0.0000000000
151507  9.414  -87.582  -38.606 0.0000000000
151524  -0.784  -67.559  -56.278 0.0000000000
151547  10.429  -81.177  -37.117 0.0000000000
151557  6.297  -87.181  -55.639 0.0000000000
151586  -0.230  -61.913  -37.840 0.0000000000
151588  7.072  -82.140  -60.073 0.0000000000
151606  -1.759  -58.090  -40.017 0.0000000000
151612  -2.490  -53.219  -35.909 0.0000000000
151662  5.165  -62.764  -42.764 0.0000000000
151680  1.524  -65.120  -40.490 0.0000000000
151757  13.020  -89.537  -41.292 0.0000000000
151821  25.465  -43.590  -32.992 0.0000000000
151885  6.498  -62.469  -55.445 0.0000000000
151925  9.828  -82.360  -49.469 0.0000000000
152203  6.311  -83.426  -25.326 0.0000000000
152231  6.610  -87.933  -28.902 0.0000000000
152241  -1.921  -61.459  -41.369 0.0000000000
152263  6.347  -81.301  -28.824 0.0000000000
152348  2.979  -48.171  -36.878 0.0000000000
152400  1.051  -59.430  -39.553 0.0000000000
152446  -1.228  -64.028  -23.842 0.0000000000
152460  1.965  -49.705  -33.886 0.0000000000
152471  24.127  -42.775  -33.175 0.0000000000
152546  12.981  -59.428  -49.798 0.0000000000
152567  10.362  -84.434  -53.320 0.0000000000
152569  6.407  -66.438  -52.825 0.0000000000
152580  1.779  -65.286  -25.214 0.0000000000
152584  4.491  -82.604  -28.918 0.0000000000
152672  9.426  -87.882  -52.102 0.0000000000
152717  7.249  -75.219  -54.302 0.0000000000
152721  -2.646  -55.505  -42.595 0.0000000000
152724  -0.790  -62.428  -45.760 0.0000000000
152836  6.185  -80.909  -27.163 0.0000000000
152840  10.819  -47.022  -42.853 0.0000000000
153002  2.657  -90.098  -39.168 0.0000000000
153003  4.067  -85.840  -26.635 0.0000000000
153063  7.881  -85.461  -39.981 0.0000000000
153301  0.771  -64.512  -40.750 0.0000000000
153528  28.487  -43.532  -38.389 0.0000000000
153683  1.058  -60.170  -46.303 0.0000000000
153723  6.900  -68.362  -58.671 0.0000000000
153779  16.239  -85.488  -34.900 0.0000000000
153889  3.246  -79.962  -20.873 0.0000000000
153913  2.048  -56.836  -42.683 0.0000000000
153957  11.125  -90.148  -36.883 0.0000000000
153999  10.198  -54.286  -33.613 0.0000000000
154182  1.635  -63.019  -24.246 0.0000000000
154287  0.127  -63.548  -50.019 0.0000000000
154422  11.541  -89.317  -35.733 0.0000000000
154495  9.441  -84.221  -34.092 0.0000000000
154545  3.800  -48.377  -37.717 0.0000000000
154585  15.378  -55.415  -30.971 0.0000000000
154629  7.016  -87.140  -40.249 0.0000000000
154633  -3.972  -57.675  -32.073 0.0000000000
154658  3.038  -54.429  -47.017 0.0000000000
154668  4.651  -66.435  -60.493 0.0000000000
154870  4.430  -58.409  -47.535 0.0000000000
154885  9.287  -85.236  -31.583 0.0000000000
154962  14.913  -42.945  -40.582 0.0000000000
154980  -1.984  -61.265  -40.432 0.0000000000
155020  0.418  -55.543  -47.000 0.0000000000
155043  12.338  -41.345  -43.103 0.0000000000
155128  1.533  -60.451  -40.047 0.0000000000
155146  -3.243  -54.554  -30.520 0.0000000000
155170  -3.665  -63.728  -39.161 0.0000000000
155176  -2.498  -63.710  -24.157 0.0000000000
155225  3.744  -57.436  -48.357 0.0000000000
155413  5.753  -80.319  -46.853 0.0000000000
