global_signal	global_signal_derivative1	global_signal_derivative1_power2	global_signal_power2	csf	csf_derivative1	csf_derivative1_power2	csf_power2	white_matter	white_matter_derivative1	white_matter_derivative1_power2	white_matter_power2	csf_wm	tcompcor	std_dvars	dvars	framewise_displacement	rmsd	t_comp_cor_00	t_comp_cor_01	t_comp_cor_02	t_comp_cor_03	t_comp_cor_04	t_comp_cor_05	c_comp_cor_00	c_comp_cor_01	c_comp_cor_02	c_comp_cor_03	c_comp_cor_04	c_comp_cor_05	c_comp_cor_06	c_comp_cor_07	c_comp_cor_08	c_comp_cor_09	c_comp_cor_10	c_comp_cor_11	w_comp_cor_00	w_comp_cor_01	w_comp_cor_02	w_comp_cor_03	w_comp_cor_04	w_comp_cor_05	w_comp_cor_06	w_comp_cor_07	w_comp_cor_08	w_comp_cor_09	w_comp_cor_10	w_comp_cor_11	w_comp_cor_12	w_comp_cor_13	w_comp_cor_14	w_comp_cor_15	w_comp_cor_16	w_comp_cor_17	w_comp_cor_18	w_comp_cor_19	w_comp_cor_20	w_comp_cor_21	w_comp_cor_22	w_comp_cor_23	w_comp_cor_24	w_comp_cor_25	w_comp_cor_26	w_comp_cor_27	w_comp_cor_28	w_comp_cor_29	w_comp_cor_30	w_comp_cor_31	w_comp_cor_32	w_comp_cor_33	w_comp_cor_34	w_comp_cor_35	w_comp_cor_36	w_comp_cor_37	w_comp_cor_38	w_comp_cor_39	w_comp_cor_40	w_comp_cor_41	w_comp_cor_42	w_comp_cor_43	w_comp_cor_44	w_comp_cor_45	w_comp_cor_46	w_comp_cor_47	w_comp_cor_48	w_comp_cor_49	a_comp_cor_00	a_comp_cor_01	a_comp_cor_02	a_comp_cor_03	a_comp_cor_04	a_comp_cor_05	a_comp_cor_06	a_comp_cor_07	a_comp_cor_08	a_comp_cor_09	a_comp_cor_10	a_comp_cor_11	a_comp_cor_12	a_comp_cor_13	a_comp_cor_14	a_comp_cor_15	a_comp_cor_16	a_comp_cor_17	a_comp_cor_18	a_comp_cor_19	a_comp_cor_20	a_comp_cor_21	a_comp_cor_22	a_comp_cor_23	a_comp_cor_24	a_comp_cor_25	a_comp_cor_26	a_comp_cor_27	a_comp_cor_28	a_comp_cor_29	a_comp_cor_30	a_comp_cor_31	a_comp_cor_32	a_comp_cor_33	a_comp_cor_34	a_comp_cor_35	a_comp_cor_36	a_comp_cor_37	a_comp_cor_38	a_comp_cor_39	a_comp_cor_40	a_comp_cor_41	a_comp_cor_42	a_comp_cor_43	a_comp_cor_44	a_comp_cor_45	edge_comp_00	edge_comp_01	edge_comp_02	edge_comp_03	edge_comp_04	edge_comp_05	edge_comp_06	edge_comp_07	edge_comp_08	edge_comp_09	edge_comp_10	edge_comp_11	edge_comp_12	edge_comp_13	edge_comp_14	edge_comp_15	edge_comp_16	edge_comp_17	edge_comp_18	edge_comp_19	edge_comp_20	edge_comp_21	edge_comp_22	edge_comp_23	cosine00	cosine01	cosine02	cosine03	cosine04	trans_x	trans_x_derivative1	trans_x_derivative1_power2	trans_x_power2	trans_y	trans_y_derivative1	trans_y_derivative1_power2	trans_y_power2	trans_z	trans_z_derivative1	trans_z_derivative1_power2	trans_z_power2	rot_x	rot_x_derivative1	rot_x_derivative1_power2	rot_x_power2	rot_y	rot_y_derivative1	rot_y_power2	rot_y_derivative1_power2	rot_z	rot_z_derivative1	rot_z_power2	rot_z_derivative1_power2	motion_outlier00	motion_outlier01	motion_outlier02	motion_outlier03
272.0639446527027	n/a	n/a	74018.78997998887	442.10354532591055	n/a	n/a	195455.54478973945	252.56129292180864	n/a	n/a	63787.20668233563	281.03764030431853	304.827581860411	n/a	n/a	n/a	n/a	-0.1013646784	-0.0803177038	-0.0414875913	0.0539419652	-0.0007094251	0.0297128701	0.0845002919	-0.063974591	0.0252294434	-0.0197360895	0.0099601647	-0.0015948647	0.074839202	-0.0337320932	0.0322244228	-0.0007861352	0.0215328957	-0.0454406557	-0.0390651206	0.0232989915	0.0163210538	0.0337351042	-0.1427930247	0.0544569789	-0.1040143962	0.08378269	-0.0549899433	0.0346541972	-0.0505390119	0.1842077757	-0.1719629694	0.0435150956	-0.019173549	0.0106804336	-0.0651066138	-0.0034227212	0.0436801079	-0.0561846885	0.0263190493	-0.0908890333	0.0433421106	-0.0248144636	0.0685446163	-0.1463732013	0.083253623	-0.0739678879	0.1243038103	-0.0042249437	0.0499546229	-0.0805694683	0.0127428919	-0.0423169088	0.1002263874	-0.1032574557	0.0039548323	0.0019374992	-0.0399335868	-0.1306755856	0.0655601792	-0.0947987429	0.0559600929	0.0135017534	0.0549986846	-0.1080445678	0.0422493862	-0.1332622272	0.0568242624	0.0342409525	-0.0424922467	-0.0189023281	0.0031699382	-0.0466299506	0.1092478038	-0.0086500379	0.0674992268	-0.0369220273	0.1048659282	-0.0150965654	0.0775781161	0.1136588975	-0.1772114376	0.0044910005	-0.0330259056	0.0255384429	-0.1213048008	0.139191736	-0.1200829572	0.0055790804	-0.0072514202	0.046249864	-0.0954337949	0.0171127806	-0.0988655883	0.0038663374	-0.1135184154	0.0335880881	-0.0203567408	0.1046288093	-0.0687628148	0.1025703298	-0.1677849479	0.2172279816	-0.0008016476	0.0304906483	-0.0654864266	0.0351839649	0.0103667448	-0.0173708103	0.1251024206	0.0644452421	-0.0338201693	-0.0863396898	0.061654221	-0.0605074229	-0.0279072432	-0.0313388571	0.0326605498	0.0416743786	-0.0036759659	0.0566054237	-0.0129455973	0.1360738668	-0.0063111326	0.0208523557	0.0026561815	-0.0284060406	0.0472343635	-0.2053791673	0.0824854704	-0.1064585455	0.0697528998	-0.2026210184	0.0940941027	-0.0055047768	0.0118832771	-0.0064829387	0.0256990825	-0.100387866	0.0999969158	0.0999876632	0.099972243	0.099950656	0.0999229036	-0.0323481141839607	n/a	n/a	0.0010464004912585	0.098235288463087	n/a	n/a	0.0096501718994259	-0.1060258586926963	n/a	n/a	0.0112414827115236	0.0010260384349081	n/a	n/a	1.0527548699086633e-06	0.0002863631610574	n/a	8.20038600107864e-08	n/a	-0.0002676470098402	n/a	7.16349218764001e-08	n/a	0.0	0.0	0.0	0.0
272.45896162745134	0.3950169747486711	0.1560384103395923	74233.88577110901	443.35595605877086	1.2524107328603122	1.5685326437837044	196564.5037727868	252.9153121259181	0.3540192041094485	0.1253295968782873	63966.15510775057	281.49771959619613	310.86604153818433	1.047909	26.940887	0.1276472383667622	0.0763891671020882	0.0667933325	0.0626545129	0.0253281296	-0.0198574594	0.0211632031	-0.0335281383	-0.0173688637	0.0737989081	-0.0348415009	-0.0515312876	-0.0712708012	-0.0100173888	-0.0250650389	0.0858082466	-0.0044955351	-0.0442051115	0.0500382812	-0.1883805068	0.0010367776	0.0705472825	-0.0403644406	-0.0216774348	-0.0882623722	-0.0144400207	0.0536103173	-0.0057204984	-0.0635449337	0.0250301997	-0.05244198	-0.1420612623	-0.088467494	0.0786907176	-0.1018839946	-0.1501771469	-0.0138516909	0.0631155214	0.052880541	-0.0100791438	0.0028923521	0.1041950499	0.0618123576	0.0922638254	-0.041879932	-0.0754007064	0.0345206891	-0.0473358527	0.1042993712	-0.0179028207	-0.0183015093	-0.0086923602	0.095459437	-0.0325691937	0.0541189768	-0.1536421606	-0.0348517383	0.1137652093	-0.0763287845	0.0787588842	-0.0066521071	-0.0020288198	-0.0481155609	-0.03456109	0.0378061043	0.1266200631	-0.0607341085	0.0933932398	-0.0738017103	-0.051541441	0.0101734997	-0.0644359498	0.0177151225	0.0407949611	-0.0860568104	0.010850477	0.0978515874	0.0716426327	0.0108982206	-0.0587898512	-0.0283111174	-0.0119931069	-0.057950281	-0.1224203764	-0.0973000769	-0.0290159651	0.0150436882	0.0785617468	-0.0417514195	-0.0987724762	-0.1101302723	0.078939569	0.1280619676	0.0034177383	-0.0496647862	0.054392289	0.0050592727	-0.0695015001	-0.0106878953	0.0649263524	0.0025687613	0.039684551	-0.0710900897	0.1039643247	-0.177601841	0.0197688599	0.0426902559	0.0767030943	0.0093388927	-0.033510872	0.0388778412	0.0420897319	0.0893237969	-0.0006880989	-0.0572310015	0.0711998188	-0.0073096866	0.0031579784	0.0053401023	-0.0101295518	0.0966194009	-0.0217666644	0.0333186933	0.0382073065	0.0677856915	-0.0400656881	0.0631225152	-0.0912872318	-0.0139166934	-0.1386209272	0.0386235803	-0.0474453987	0.0980716617	-0.0481889835	0.0046939522	-0.1080611786	0.0533201419	0.087753141	0.0009685413	-0.0610552817	0.099972243	0.0998889875	0.0997502796	0.0995561965	0.0993068457	-0.0396772485530334	-0.0073291343690727	5.371621059992274e-05	0.0015742840527391	0.0543093147973934	-0.0439259736656936	0.0019294911624792	0.0029495016737623	-0.1234533017326739	-0.0174274430399775	0.0003037157709116	0.0152407177086986	-4.995656229776782e-05	-0.0010759949972058	1.1577652340120554e-06	2.495658116610757e-09	0.000362005971404	7.56428103466e-05	1.3104832333215365e-07	5.721834757131695e-09	-0.0002399910715523	2.7655938287899974e-05	5.7595714424821185e-08	7.648509225841318e-10	0.0	0.0	0.0	0.0
272.2839467573457	-0.1750148701056559	0.0306302047580996	74138.54766175707	441.22475353831976	-2.1312025204510974	4.54202418317711	194679.28313495105	252.78829977365845	-0.1270123522596407	0.016132137626527	63901.92450245701	281.19509742761505	307.0990341091802	0.961091	24.708864	0.0991172170234343	0.0517868010158346	-0.0854244912	-0.0209663055	0.0066469489	0.0053464797	-0.0128686852	-0.0782087603	0.0541241555	-0.0540035949	-0.011014531	0.0349727677	0.0277239478	-0.0709526862	0.0181163452	0.0101062161	0.0643844072	0.0182345991	0.1114005272	-0.0779340028	-0.0222095129	0.0042129391	-0.0441609532	0.0103135627	-0.1105292137	-0.0275643901	-0.0930104958	-0.019616912	0.0454589453	0.016179488	-0.0574449388	0.0345377015	-0.2119225135	-0.0473463475	0.039272007	-0.110703464	0.058253916	-0.0534009248	0.1179978815	0.0905242478	-0.0424968444	-0.0296806636	0.0866781396	0.0207987527	0.1482089935	-0.1376498808	-0.0204168301	0.0081494373	0.0684765766	0.1346544161	0.0170092276	-0.0324848116	0.0133544248	-0.1416134264	0.0959361797	0.0319916537	-0.0567212144	-0.1025345905	-0.0270055477	-0.0007953915	-0.0507976648	0.0394387256	0.006268305	0.0179549456	-0.1653556806	-0.0508421425	0.0349021795	0.0107833722	-0.047488881	0.050411123	-0.0255789354	-0.0180122501	0.0450663047	0.0039489885	0.0675779923	0.0529503912	0.0427909826	0.0395034036	0.0081128804	0.0315372821	0.1523676187	0.1454034623	-0.1015981498	-0.0618454511	-0.0979411411	0.1551652361	-0.0239560011	0.1133142627	-0.0290721341	0.0021780599	-0.0423669261	0.0829127946	-0.0022384811	-0.1281951654	-0.008968346	-0.0201699564	0.010501632	-0.0222686763	-0.0702997607	-0.1272510217	-0.1017625864	0.0068558108	-0.0734394117	0.0119529214	0.064367381	0.044297543	0.063201547	0.0791671189	-0.074986647	-0.0630614361	-0.0115025382	-0.0195337285	0.0125837817	0.0247868024	0.066356432	-0.0649106712	-0.0259645032	-0.0262648176	0.0356264469	0.0405394987	-0.0092548712	0.072122248	-0.0483378447	0.0692467916	-0.0675668195	0.0197197269	0.0769862063	-0.1671327881	-0.0766295738	-0.1309692348	0.0180127018	0.0430034973	0.0870684645	-0.1210473555	0.0796232194	-0.0891673318	-0.0243043027	0.0013682297	-0.0428283281	-0.0773495335	0.0999229036	0.0996917334	0.0993068457	0.0987688341	0.098078528	-0.0369810069754521	0.0026962415775813	7.26971864467812e-06	0.0013675948769184	0.0858264799610992	0.0315171651637058	0.0009933316999563	0.0073661846625129	-0.10611073154692	0.0173425701857539	0.0003007647406478	0.0112594873494225	0.0006120506430379	0.0006620072053356	4.38253539916341e-07	3.746059896431069e-07	0.000246872852945	-0.000115133118459	6.094620552120359e-08	1.3255634966094126e-08	-0.0004140755496855	-0.0001740844781332	1.7145856084734896e-07	3.030540552690858e-08	0.0	0.0	0.0	0.0
271.5744776888993	-0.7094690684463671	0.503346359082156	73752.69693199848	442.1290332310636	0.9042796927438416	0.8177217627088967	195478.0820258349	252.20239034045343	-0.5859094332050176	0.343289863918625	63606.04569343844	280.53134903151624	310.03383809332564	1.053828	27.093069	0.179306309923586	0.1066759199180659	-0.0071788694	0.0743250284	-0.0607733105	-0.0135425677	0.0165581726	0.0040468933	0.0427518444	0.0777791974	-0.0632273945	0.0087520082	0.0389688591	0.0364621166	0.0374439017	-0.0138927826	0.0569919069	0.1777706482	-0.0112248817	-0.0485521003	-0.0833696883	0.0248389309	-0.1225265953	-0.0838165714	-0.111531046	0.0322014832	0.0045392613	-0.0752186661	-0.0743783457	-0.0181649375	0.0006131046	-0.0897374946	-0.1914675594	-0.0436075892	0.0197070214	0.1162177511	0.0268839071	-0.007331813	-0.0701275935	0.0345580896	-0.0346794729	0.0389932833	0.0631361611	-0.0438181894	-0.061710563	-0.0035925133	0.166880014	0.0822296661	0.0919894146	0.0227579929	0.0040185149	-0.0106838783	-0.0585008258	-0.0421029687	-0.075825175	0.0441180411	0.0675172847	-0.061537824	0.0713602697	0.1566577295	0.2029375976	0.0451403971	-0.001487587	-0.0272892576	0.1455549068	-0.1219501197	0.0302919881	-0.0243073136	0.0334749444	0.0682376125	-0.0787059629	-0.0420591499	0.1043924694	0.0481673895	-0.091832792	0.0631207921	0.0953390818	0.0090981832	0.0352928914	-0.0117727838	0.1427380594	-0.062768886	-0.1176011951	0.0361893487	0.0989832819	0.0075515621	0.039366751	-0.1242517755	-0.0841629968	-0.0032781235	-0.0781598903	0.0603727196	-0.0142636501	-0.0419091023	0.0646548816	0.0447431784	-0.0190122687	0.0343506148	0.0955290067	0.0644677308	0.0250933726	0.085751827	-0.0111203781	-0.1040959059	-0.0078595683	-0.0643100699	0.107788972	0.1038671374	0.1127924977	0.1032563699	-0.0783725498	0.1392633895	-0.0912068923	0.1212517219	-0.0740142185	0.0907491578	-0.0731768986	-0.0483826816	-0.0043861505	0.0080305135	-0.0898665471	-0.0648008951	0.0040166974	0.0993744747	-0.0774265945	0.0491488734	-0.0097408443	0.0959517886	-0.0499553794	-0.0836604492	0.0846345057	0.0735379407	0.0075941366	-0.0125649427	-0.0637003801	-0.1018441555	0.0691503998	-0.0584942655	0.0478607754	-0.0777761439	0.0998489097	0.0993960955	0.0986429257	0.0975916762	0.0962455236	-0.0268286814832094	0.0101523254922426	0.0001030697129004	0.0007197781501275	0.1775409032907049	0.0917144233296057	0.0084115354466821	0.0315207723412794	-0.058119093994847	0.0479916375520729	0.0023031972749295	0.0033778290867818	0.0005310000343765	-8.105060866139997e-05	6.569201164383404e-09	2.819610365078443e-07	0.0001529999143441	-9.38729386009e-05	2.3408973789301934e-08	8.812128601568339e-09	-4.062595450798684e-08	0.0004140349237309	1.6504681796850164e-15	1.7142491806892837e-07	0.0	0.0	0.0	0.0
271.2008496798185	-0.3736280090808463	0.139597889169717	73549.90086705549	438.9967204456598	-3.132312785403826	9.811383385604277	192718.1205620448	252.5438442656448	0.3414539251913595	0.1165907830285865	63778.39327647025	280.5946711123568	306.9322001600373	0.99456	25.569338	0.2694380909412996	0.1680369416197083	-0.0071519472	-0.0879788117	-0.0203385385	-0.0527994311	0.0411146849	0.0611955382	-0.0287656274	-0.1459091263	-0.061896754	0.0310579613	-0.0307095783	-0.0010894988	-0.0452229704	-0.0139230143	-0.0464158534	0.0109763304	-0.0854626934	-0.0664310931	0.0054014144	0.0912584298	-0.1037312823	-0.0193949066	-0.057902833	0.0317942063	-0.0198850607	0.1680123139	0.0404236079	-0.1626630498	0.0105575965	0.0311949167	0.065942794	0.0655986597	0.0288897615	0.0664983836	0.0750422201	0.016132778	0.0002093437	-0.0384677871	-0.0005508495	0.2271754277	-0.1212762384	0.1166667617	-0.068830552	0.1226909546	0.011404599	-0.0356133908	-0.0406692111	-0.0011153628	0.0511525754	-0.0727127366	-0.0519842574	0.011714383	-0.0266857157	0.0945821682	0.0055905805	-0.1342763283	-0.063461516	0.009097327	0.0476005693	-0.0031127194	-0.0758236138	0.0013766484	0.0864006711	-0.0489113038	0.0083611221	0.1076459787	-0.0585345586	-0.0220765882	0.014646204	-0.121482633	0.0854917446	-0.0788521659	0.0708320299	0.0519768095	0.0416642944	0.0335788322	0.0012650171	-0.0837845793	-0.0253527759	0.092582738	0.00878219	0.0174165082	0.0673382252	-0.0836689476	0.0803729334	-0.0660159297	-0.0358874859	-0.0239179268	0.1214932018	-0.0103750313	0.0232081281	0.1013084392	-0.0213674761	-0.0084390796	0.1912049288	0.1139753297	-0.1662630662	-0.1199216843	0.1181125556	0.0578994571	-0.0036505709	-0.0595323759	-0.0600807728	-0.0780562266	-0.0612625442	0.0286079692	0.1050460869	0.0002254109	0.1074487404	0.1185405847	-0.1415023434	0.0013757568	-0.0431297778	0.0059388111	0.00446948	0.0092918508	0.0382928106	-0.0263741701	0.113429293	0.0474406169	0.0200023522	0.0875738339	0.0529401891	-0.0416550146	-0.0271008021	0.110390819	0.0289778222	-0.0513980425	0.0608890183	-0.0507901685	0.0907388623	-0.0424168334	-0.0450350178	0.1009539964	-0.0965949204	-0.0687428108	-0.017566521	0.020999038	0.0997502796	0.0990023658	0.0977599938	0.0960293686	0.0938191336	-0.0267043550974932	0.0001243263857161	1.5457050185253233e-08	0.000713122581173	0.033763096409288	-0.1437778068814169	0.02067205775163	0.0011399466791428	-0.1112222943157945	-0.0531032003209475	0.0028199498843266	0.0123703987528692	-0.0005940143355056	-0.0011250143698821	1.2656573324412182e-06	3.528530307861595e-07	0.0004059795729027	0.0002529796585586	1.648194136142587e-07	6.399870764442584e-08	7.062049266917209e-05	7.066111862368007e-05	4.987253984836588e-09	4.992993685149787e-09	0.0	0.0	0.0	0.0
272.3904897863364	1.1896401065179134	1.4152435830359524	74196.57892604022	441.8904752644015	2.893754818741741	8.373816950991044	195267.19212939864	252.63152387821475	0.087679612569957	0.0076877144604177	63822.68685702899	281.0990909267784	308.2494910491688	0.948083	24.374441	0.0952018853451758	0.0518211446349629	0.0021192527	0.0410524919	-0.0135962541	0.0440404482	0.010395704	0.0438226284	0.0145828693	0.0313055848	0.0195798248	-0.0580308638	-0.0790358231	0.0740765704	0.1278941538	0.1494863997	-0.0555741516	0.0311620061	-0.0333527831	-0.1032062894	-0.032111221	0.0154233821	-0.0595295957	0.0120110248	-0.1031420619	-0.0170580944	-0.0852058494	0.0962239539	-0.0986785745	-0.0689169276	-0.0218703569	-0.0335161147	0.061796823	-0.1271186583	-0.0634226041	-0.0198974686	0.0196149974	0.0588966096	-0.0408745076	0.1744276558	0.0317549255	-0.0047012769	-0.115051018	-0.0252665602	0.0251169488	-0.0316260774	0.0408696519	-0.0589038949	-0.0048008595	-0.0025797758	0.0313611241	0.0025748356	0.0786938974	0.0236643492	0.0332757778	-0.0161733948	0.0366594916	0.0435168934	-0.1206563971	0.0632612873	-0.0389215904	0.0726371129	0.016892803	0.0181284517	-0.0789138959	0.0426634221	0.0608023935	-0.1853861503	-0.0447698842	-0.1054064699	-0.0302963339	-0.0142377815	0.0213344934	0.0731772579	-0.0042117731	0.0262115243	0.0978405574	0.0499898324	0.1349023645	-0.0467620137	-0.0791060537	0.0335658702	-0.0020998591	0.0536918043	-0.0303571945	-0.0372404478	0.0386742172	0.023802952	-0.0092702503	-0.1513221654	-0.0865858893	-0.0739160226	-0.1208754732	-0.1171885479	-0.0585979233	-0.075481188	0.0197821741	-0.0627458809	-0.0781560837	-0.0211522231	0.0134420669	-0.0441132165	0.1303821008	-0.0019096745	-0.0276246502	0.0940157597	0.032257704	0.1159068913	-0.0193589158	0.0163632755	0.0181280284	0.0016095224	-0.0183248662	0.0595148415	0.0397578774	0.0341238978	-0.0213060428	-0.0266260974	0.0352161944	0.0114170984	0.0167308538	-0.0201175924	0.0452436443	0.0832440389	0.1143919894	-0.0150980585	0.0239505505	-0.0657963913	0.0391359801	0.0004181085	0.0923308693	0.0184601317	0.1431479756	-0.0542640131	0.0628726354	-0.0176572635	0.034546591	0.0524907516	0.0443284601	0.0330365748	0.0996270376	0.0985109326	0.0966600102	0.0940880769	0.0908143174	-0.0268044406394381	-0.0001000855419448	1.0017115706404024e-08	0.0007184780379931	0.0660312252028489	0.0322681287935609	0.0010412321358378	0.0043601227017893	-0.0733169856139781	0.0379053087018163	0.0014368124277799	0.0053753803795202	-0.0002679795442201	0.0003260347912855	1.0629868512857957e-07	7.181303612041253e-08	0.000405013282388	-9.662905147000012e-07	1.6403575891070184e-07	9.337173587991932e-13	-0.0001009456716877	-0.0001715661643568	1.0190028632480916e-08	2.9434948752129244e-08	0.0	0.0	0.0	0.0
272.3551403537896	-0.0353494325468091	0.0012495823813814	74177.32247713242	442.2242423796318	0.3337671152302732	0.1114004872091385	195562.28054823933	252.61782446919872	-0.0136994090160271	0.0001876738073884	63815.7652395509	280.735727755846	309.43922214473525	0.928511	23.871275	0.1883600195391358	0.1299758350394234	-0.070237194	0.0705584305	0.0625789086	-0.0137143197	-0.0413078915	-0.0035348361	0.0876295614	0.0086641794	-0.0069994556	-0.0120048923	-0.0199196083	-0.0051830309	-0.0122659444	0.0451298767	-0.0469287434	0.0037116695	0.0705860802	0.0972918492	-0.0886715476	-0.0380656005	0.0061734436	0.0111983744	0.0045117851	-0.0254887649	-0.0247593993	0.0422423955	-0.0233460377	-0.0684882268	0.0900051375	0.036793437	0.0218185813	-0.1213250649	0.0497656798	0.116835184	-0.0925923667	0.060412913	0.0599677187	-0.0229958634	0.189951746	0.062243158	0.0294221276	0.0187162283	-0.0033774291	-0.1069703674	0.1214014971	0.0372831953	0.0089874318	0.1287422411	-0.016574064	-0.0102192395	-0.0913237047	-0.0353619716	-0.0281761399	-0.0667357609	0.1171731466	-0.0263852244	0.0662712399	-0.0091238294	-0.1228219634	-0.012199087	0.0755561693	0.0340240761	-0.1659989832	0.0004796281	-0.0139939512	0.0316823189	-0.0126608367	0.102797298	-0.0930577091	0.0314895876	0.0002417667	-0.0084759605	0.0400282353	-0.0040415393	-0.0320369308	0.0446729888	0.0053259406	0.0019201644	-0.0504490706	-0.0571298609	-0.0408878948	0.1551910828	0.051406166	-0.0021692531	0.0010014223	-0.109211105	-0.0451521974	0.0289035455	-0.0285694224	0.0008437478	-0.1641410329	-0.0693489486	-0.1979473371	0.0090930845	0.0870443521	-0.026237415	0.067621016	-0.0047059972	-0.0104556318	-0.0217294171	-0.1102767272	-0.0230521788	0.0957936451	-0.0595581828	0.0114837047	0.0940505178	-0.0627650766	-0.1233939208	0.0476094571	-0.0817118935	0.060548074	0.0144733058	0.0656147564	0.0152142503	-0.090201896	-0.0506477444	-0.0331976408	0.0142667903	-0.0508742194	-0.0282918007	-0.1352204755	0.1059369602	-0.0937025517	0.0102981443	0.0618851208	0.0368573111	0.0344963015	0.0687147316	0.0164006289	0.0928997231	-0.002573872	-0.1134095864	0.0131328186	-0.0828202514	0.044072801	0.0706288176	-0.0194856308	0.0071392763	0.0994792142	0.0979222811	0.0953454172	0.0917754626	0.0872496007	-0.0114686994414938	0.0153357411979442	0.0002351849580903	0.0001315310668793	0.1839232658819725	0.1178920406791236	0.0138985332554881	0.0338277677326907	-0.0685801323563026	0.0047368532576755	2.2437778784751045e-05	0.0047032345540079	0.0003940001848425	0.0006619797290626	4.3821716168979334e-07	1.5523614565592418e-07	0.0001599995345822	-0.0002450137478058	2.5599851066520617e-08	6.003173661384418e-08	-3.146046825120265e-08	0.0001009142112194	9.8976106258493e-16	1.0183678026043524e-08	0.0	0.0	0.0	0.0
271.8024697976025	-0.5526705561870813	0.3054447436761378	73876.58258807662	440.3970244756887	-1.827217903943108	3.3387252684902453	193949.53916704035	252.71033507618824	0.0925106069895207	0.0085582124055695	63862.51345431934	280.8715822114914	305.2981950645612	0.8396099999999999	21.585707	0.1310508407989283	0.104233449039301	-0.0436220267	0.0364713859	0.0085263654	0.0380211191	0.006081499	0.044353525	0.0100409256	0.0638913568	-0.0723095493	0.0184496956	0.137922923	0.0498141928	0.051470885	0.0291900949	-0.0240297549	0.1228388249	-0.0810942232	0.0024393119	-0.0263758989	-0.0496470877	-0.042556509	0.0192789397	-0.1227489064	0.0375830842	-0.0683464946	-0.0871442336	-0.0395056825	-0.1696286522	0.0236364222	-0.0161610181	0.1215069601	0.0321544063	0.0293301499	0.0809809118	-0.0071409873	0.0390365835	0.0607604191	-0.0626275322	0.0010367151	-0.0226641717	-0.0459543929	-0.0370645724	0.0534197142	0.0363608918	0.0436172341	0.0044652077	0.0629737745	-0.0591732448	-0.0698144782	-0.0822218891	0.0645776133	0.0581060372	-0.0407873316	-0.0272444002	0.0060961863	-0.0481865012	-0.0080181107	-0.0237387365	-0.0109661	-0.0126640905	-0.1316457511	-0.0187912495	-0.1022731875	0.0087295016	0.1519060057	0.0626492072	0.1161208871	-0.0116469168	-0.0342092973	0.0240802803	0.0563316014	0.0355324947	-0.0079882029	-0.0289741284	0.0847767806	-0.0647668766	0.0390846761	-0.0415632319	0.1060559737	0.0993231482	-0.0015167494	0.0725484685	0.1139635961	-0.0565353683	0.067902827	-0.1491315513	0.0980858364	-0.0533844276	0.0059649646	0.02400038	-0.0473411233	0.0136638597	-0.0358336133	-0.0533395727	0.0150413951	-0.0261499215	0.0523519012	-0.0603374153	-0.0346835568	-0.0573017378	-0.0802782643	0.0500723255	-0.1746742986	0.0878341352	-0.1465655035	-0.0386132667	0.0466293594	-0.0325413918	-0.0281945266	-0.0320003709	-0.0147652937	-0.0269878311	0.0897146469	-0.0077523367	-0.0323523663	-0.0299854369	-0.063947087	0.0388491605	-0.0804603887	0.0261482489	0.0222228066	0.0738895636	-0.0365335012	0.0063656238	0.0403713185	-0.0129157884	0.1091010836	-0.0677258444	0.0051548055	0.1064059553	0.0615455575	-0.0734458896	-0.1011222349	-0.0846520768	-0.0111998512	0.0974093243	-0.0735609591	0.0384344449	0.0993068457	0.097236992	0.0938191336	0.0891006524	0.0831469612	-0.0083666092703538	0.00310209017114	9.622963429883391e-06	7.000015068277016e-05	0.0792107192811926	-0.1047125466007799	0.0109647174156205	0.0062743380490438	-0.0664462567945562	0.0021338755617464	4.553424913018543e-06	0.0044151050420081	0.0006029997903545	0.0002089996055119	4.36808351041716e-08	3.636087471675709e-07	-5.29999890899191e-05	-0.0002129995236721	2.8089988435315433e-09	4.5368797084549637e-08	1.59796528693165e-08	4.744012112051915e-08	2.553493058238551e-16	2.2505650919295272e-15	0.0	0.0	0.0	0.0
272.57162779825865	0.769158000656148	0.591604029973363	74295.29228059245	441.6962959504463	1.2992714747576315	1.6881063651188706	195095.61785634427	252.8770684787459	0.1667334025576679	0.0278000275284573	63946.81176240435	281.06466041243965	311.8620766951591	1.112231	28.594561	0.1561314116125559	0.069889810951846	0.0205920744	-0.0366586534	-0.1136563387	-0.0418446289	-0.001909687	-0.0501176755	-0.0407537232	-0.0313011263	0.0256866155	0.0739818769	-0.1093407378	-0.0582160113	-0.0228234296	-0.0084525949	-0.049055585	0.0273633232	-0.002670625	0.0426109373	-0.0126666753	0.0991850822	0.0464871993	0.0865239426	0.0358845519	-0.0829890062	-0.1019335374	0.0847074501	0.0410260059	-0.1551985087	-0.1547412578	0.0883030103	-0.0501472048	-0.0187291172	-0.06933774	0.0417498868	0.0288035582	0.0863035104	-0.0528842758	-0.0747548554	-0.1049156199	0.023627622	-0.0694182806	0.0377195592	0.0733679275	-0.0423239586	-0.1207243737	0.0490307135	-0.0394341987	-0.1566178062	0.0248092535	0.1504643673	0.0744920515	-0.0408092867	0.0196068479	0.0359413204	0.003449294	0.1581427728	-0.0335393046	0.1183151449	-0.0390920122	-0.1194785604	-0.0023671783	0.0592774709	0.0784601796	-0.0338670842	-0.0379493236	0.0541339525	-0.036405089	0.0138158341	-0.0052493268	-0.0943175028	-0.0818726116	0.0261986613	0.1101721616	0.0465350122	-0.0078771956	-0.0243517181	-0.0547308643	0.0020086787	-0.0572152418	0.2381703788	0.0364771283	0.0092937442	0.0248155319	-0.0149678499	0.0279088666	-0.0200182722	-0.1509649601	-0.1235864634	0.2253389615	-0.0108709097	0.0346774693	-0.0029690979	0.0371034659	0.0378816232	-0.1167996254	-0.0740933528	-0.1654930883	-0.0383915916	0.0507564968	-0.0473079693	0.0805722391	-0.0210366403	-0.0465896652	-0.044612375	0.0602945961	0.0553641706	-0.0610547317	0.0879376574	-0.0708041881	0.0243171893	0.0963880012	-0.0138474992	-0.0124973678	0.0077020798	-0.0204748789	-0.0186980178	0.1295703937	-0.0168837411	0.100768451	-0.0097206207	-0.0045844735	0.1686288279	-0.0226824885	-0.0103381718	-0.0060445621	0.0745001058	-0.029983551	-0.0475993894	0.0432757761	-0.1232954169	0.0808548392	-0.0959114861	-0.1072043092	0.1446574117	-0.1062983469	-0.0849365178	0.031012988	0.075446621	0.0991099747	0.0964557418	0.092084548	0.0860742027	0.0785316931	-0.0161810961266439	-0.00781448685629	6.106620482713071e-05	0.0002618278718596	0.1141520325536618	0.0349413132724692	0.0012208953732048	0.0130306865361322	-0.1213211884897376	-0.0548749316951814	0.0030112581285508	0.0147188307765624	-0.00033800032924	-0.0009410001195944	8.854812250768631e-07	1.142442225663484e-07	0.0001759996963321	0.000228999685422	3.0975893108991416e-08	5.2440855923383706e-08	2.977040865624505e-08	1.3790755786928552e-08	8.862772315598303e-16	1.9018494517470332e-16	0.0	0.0	0.0	0.0
272.4245993623145	-0.1470284359441507	0.0216173609761832	74215.16233771756	442.0248921031683	0.3285961527220138	0.107975431583709	195386.0052388176	252.6020589434235	-0.2750095353224253	0.0756302445182563	63807.80018245679	280.98263684121537	308.83897781820565	1.185347	30.474312	0.085212570239055	0.0556278981270342	-0.0437273377	0.0604919266	0.0838049121	-0.0674116469	0.0502508843	0.0112043046	0.0561735641	0.0463080047	-0.0848508331	-0.0559202873	-0.0766043051	-0.0277013054	0.0286534297	0.1401347072	-0.0590589638	-0.0580730668	0.0414858007	0.0193988076	-0.0659854211	0.03135429	0.0744841246	0.0744520974	0.0421885811	0.0860270558	0.0291359043	-0.0072749287	-0.0658014401	-0.1020648893	-0.0311562288	-0.0134612361	-0.0180760875	-0.0255518664	-0.0204512223	-0.0921758383	0.057124485	0.0253637425	-0.0113427839	-0.0063562334	0.0398278223	-0.1265635091	0.0161256388	-0.1006278243	0.0451200871	0.0320783722	-0.0419140592	0.0173450359	-0.0783249326	0.0752969437	0.0135176433	-0.0112001716	0.0315660628	0.0965985388	0.0945144157	0.0215879288	0.1302819696	0.2211298522	0.0283391955	-0.0128851092	-0.0174968768	-0.013415689	-0.084309681	0.0728878794	0.1349768762	0.0711409576	-0.0984656573	-0.0638225327	-0.0197865243	0.0429412573	-0.0634441207	-0.0266190327	-0.0583734495	-0.005079248	-0.0677744106	-0.1537671896	-0.0283369281	0.0433183822	0.0116913379	-0.0379842455	-0.0702159399	0.0384213953	-0.0032399917	0.0796164986	0.0109022086	-0.0981721642	-0.0414258363	0.0675726296	-0.0444358189	-0.1096287402	-0.0967408854	0.0502584703	-0.0169878897	-0.0570102267	0.1104608822	-0.00874599	-0.0625918404	-0.0316757664	0.1176650593	0.0625086549	0.0398012617	-0.0788436827	0.156603306	0.0359305171	0.0015322954	0.0233242996	0.0498501466	-0.1191271617	-0.1837167331	0.0417280643	0.0181020625	-0.0167976632	0.0692639118	0.1567184908	-0.0749333025	0.1622148083	-0.0706208789	-0.0252899843	-0.0939292012	-0.0554778097	0.0312783847	-0.0242025988	0.020357809	0.1044821361	0.0263702766	-0.1032116352	0.1120223415	0.0054309289	0.0661763593	-0.0054800132	-0.0213627427	-0.0058410986	-0.0585690643	0.0098374154	0.082988705	-0.1166150625	0.1149995461	0.0858510425	0.1055835684	0.1375152029	0.0988886499	0.0955793015	0.0901455117	0.0827080574	0.0734322509	-0.0105438622687614	0.0056372338578825	3.177840556845681e-05	0.0001111730315426	0.1629621498320972	0.0488101172784354	0.0023824275487346	0.0265566622778988	-0.0955560185552713	0.0257651699344663	0.0006638439817519	0.0091309526821353	-0.0002779996790182	6.000065022180001e-05	3.600078027038789e-09	7.728382153422223e-08	0.0002159997682911	4.000007195899998e-05	4.665589990180888e-08	1.6000057567251763e-09	3.00315932732565e-08	2.6118461701144983e-10	9.01896594530305e-16	6.821740416341773e-20	0.0	0.0	0.0	0.0
272.1919321200766	-0.2326672422378806	0.0541340456105806	74088.4479112604	441.3632667393752	-0.6616253637931209	0.4377481220143795	194801.5332268529	253.1982343520976	0.5961754086740996	0.3554251179077296	64109.34587901973	281.51435275031525	311.16731556180366	1.040513	26.750763	0.3044763201083454	0.2012136077361306	0.0014400872	0.03255592	-0.0512434056	-0.05937046	-0.0322128647	0.0489572437	0.0248752623	-0.0099047441	0.0369943508	-0.0179061252	0.1623559021	-0.0239941542	0.0197815493	-0.0473830197	-0.0384193478	0.0021315102	0.0695943126	0.0149085371	0.047938588	-0.0963285027	0.0835889241	0.0182350451	-0.0045853798	0.0349924877	-0.0034252937	-0.1349919309	-0.0271383407	-0.1393883549	-0.0892560382	-0.0432525978	-0.1396586164	-0.0131453061	-0.0833109548	0.0605096408	-0.0452285648	-0.1033029717	0.0228020606	0.0286356769	-0.0700500036	0.0242304956	0.0400861426	-0.1160758753	0.0398245724	0.1370913281	-0.0532717349	0.0111630278	-0.0076935248	-0.0486848551	-0.136733099	0.196487641	0.0803309403	0.0597740365	-0.1353371423	0.0153949089	0.0850451979	0.0114502592	-0.0485900588	-0.0090586351	0.0640584611	0.1601988362	-0.0159589732	0.0756507426	0.058193908	0.1051041203	-0.1149551299	-0.0814833791	0.0831562756	-0.0009523826	0.0339853383	0.1209300792	-0.031529058	-0.0174383565	-0.0345766711	-0.084592175	0.0277668173	-0.0169828114	-0.0109642978	0.0549341602	5.56179e-05	0.1434113634	-0.0479577133	0.0207185825	0.0687591209	0.0908812857	0.0192226104	-0.1008390893	-0.1455724332	0.0855596937	-0.0605761017	0.0749723187	0.0429485533	-0.0435977009	0.0521791192	0.0250296521	-0.064060751	-0.1568712016	0.0795164838	0.0386628909	0.0727386629	-0.0616658901	0.1665426125	-0.2012871668	-0.0829796486	0.0365640831	-0.006877529	-0.1263618882	0.0046611847	-0.0536024292	-0.1294490906	-0.032742647	-0.0094463333	-0.0748784144	-0.114439252	-0.0537696591	0.0502256428	0.0251022204	-0.0789978331	0.0604438095	-0.0233988253	-0.0348437374	-0.0663539538	-0.039891206	-0.0577510776	-0.105436813	0.0151303625	-0.1425990494	0.0386821809	-0.0988336641	0.0036252547	0.0199490636	-0.0453862322	-0.0025079645	-0.0598656631	0.0291081112	-0.0350213828	-0.2073233722	-0.0470253046	-0.0272803571	0.0986429257	0.0946085359	0.0880063298	0.0790155012	0.0678800746	-0.0182997282649068	-0.0077558659961453	6.015345735016447e-05	0.0003348800545694	-0.038961372257205	-0.2019235220893022	0.0407731087729489	0.0015179885281645	-0.0691854421942821	0.0263705763609891	0.0006954072976107	0.0047866254116183	0.0004869817223317	0.0007649814013499	5.851965444112568e-07	2.3715119788514893e-07	-0.0001610551397139	-0.000377054908005	2.5938758028263845e-08	1.4217040365065901e-07	-0.00022646077229	-0.0002264908038832	5.1284481386183234e-08	5.1298084243691347e-08	0.0	0.0	0.0	0.0
272.0918335713036	-0.100098548773019	0.0100197194664644	74033.96589619397	442.6490926178408	1.2858258784655732	1.653348189731763	195938.21919539777	253.2486034585111	0.0503691064135125	0.0025370468808957	64134.8551536862	281.65383266708227	303.56943050984427	1.218949	31.338209	0.1985172459021935	0.1132605592277034	0.0081521659	-0.1085226268	0.1095099352	0.056704024	0.0153682442	-0.0327871632	-0.0663912752	-0.0292270008	0.0041307581	-0.1087359002	0.0420363702	-0.0775871492	-0.0090184032	-0.0286902003	-0.0693925087	-0.0167131012	0.0328932302	-0.0817863102	0.1054662668	0.0295333694	0.0237089853	-0.1068642731	-0.0167241317	0.0498886135	0.0622372791	0.1113453557	0.0599548437	0.0092585463	0.024468284	0.0003366536	0.1479813301	0.0615054707	-0.1284336489	-0.1149338179	0.0215448086	-0.0274682795	-0.0659312203	-0.1208481393	-0.0001321063	0.0080817178	0.0986328722	0.0316562877	0.0489367963	0.094486367	0.0036622072	0.0302636581	0.0958591614	0.0469597252	0.0450390614	-0.053477096	0.0145146388	0.0538581241	-0.1723770799	-0.1409790219	-0.0070572362	0.0582705192	-0.0208754561	-0.1290994296	-0.0187343839	0.0517407983	-0.0563979328	-0.0551005609	-0.0844350281	-0.1576979762	0.0854708171	-0.0703475332	-0.0365427025	-0.0068207717	0.108024631	0.0011193599	-0.0142268991	-0.0973163964	-0.056383859	0.0354070743	-0.0055112471	0.051086711	0.0402629611	-0.0463750753	-0.0586495004	0.0071475341	0.0918061872	0.0267973328	0.0033351789	-0.127958639	0.0452812732	0.1532787582	0.0359420717	-0.0568715055	-0.1539257796	-0.0990154809	0.0768251515	-0.0249615986	0.0332793894	0.0604018506	0.106185664	0.1150162023	0.1039521334	-0.0650760855	0.1485032048	0.0448190103	-0.120753741	0.0936133583	-0.1603789209	-0.0254618874	-0.000223244	-0.1239768234	-0.0087501216	0.0747300978	-0.0433220811	-0.0176107919	-0.0628970762	-0.0469396706	-0.0140084965	0.0184892591	0.1150302594	0.1483479133	-0.0116826955	-0.0206294519	0.0156169043	0.0791718289	0.0445441634	-0.0527529674	0.0994057007	-0.1843765233	0.0153123679	0.1078006661	0.0230618607	-0.1426937576	-0.0094093767	-0.1073582474	0.0032747783	0.1347123045	0.1144449366	0.0791751628	0.0418491068	0.0214724153	-0.0001953788	0.0448606012	0.0983728629	0.0935444031	0.0856717519	0.075011107	0.0619093949	-0.0191976016020447	-0.0008978733371379	8.061765295431515e-07	0.0003685479072708	-0.1227324647495748	-0.0837710924923698	0.0070175959373651	0.0150632579035056	-0.1050088591718889	-0.0358234169776068	0.0012833172039514	0.0110268605045815	-0.0006859996601735	-0.0011729813825052	1.3758853237038103e-06	4.705955337581575e-07	1.0191847366058935e-11	0.0001610551499057	1.0387375273304246e-22	2.5938761311162756e-08	-4.2799365180395954e-11	0.0002264607294906	1.8317856598448894e-21	5.128446200143047e-08	0.0	0.0	0.0	0.0
273.5332848678193	1.4414512965157087	2.0777818402268173	74820.45793057959	443.80694737501545	1.1578547571746751	1.3406276387120264	196964.6065383297	253.5039445035285	0.2553410450173885	0.065199049270572	64264.24987884805	281.9888490127514	311.6772439956532	1.22958	31.611509	0.0637708706890765	0.0266970949651157	0.1570068375	0.0361044264	-0.0595761038	0.1157940295	-0.0390441716	-0.0700559509	-0.09495387	0.0439935914	0.1984014595	0.0435331159	-0.0026653196	0.0558152895	-0.1105853863	0.0188881183	-0.0064261481	0.0113651334	0.0216327982	-0.1266742659	0.1285781692	0.0384989796	0.1741454557	-0.0356035008	-0.0682210761	-0.0851338317	-0.0737267584	0.0229926476	-0.0049450874	-0.0163293655	0.0144193923	0.0242115757	0.1228615122	0.0569961778	-0.0411241554	-0.0358538425	-0.0838696787	-0.0696812858	-0.1259956622	0.0957594559	-0.0990678916	-0.0499179464	0.0981895591	-0.072681057	-0.1403666534	0.0339658162	-0.0143733814	-0.0326948379	0.0024812024	-0.0870296281	0.0982981462	-0.0744818339	-0.1367812274	0.0996312748	-0.0485458745	0.0613843708	-0.0690402048	-0.0699719964	0.0043194173	-0.0654589773	-0.1195597561	0.1052488079	0.0338202953	-0.2023963895	-0.0563027607	-0.0349959282	0.0097162533	0.0106608209	0.02241407	-0.0959043432	0.1255114894	0.0336552302	-0.1987479112	-0.0036572219	0.0095636276	0.0976611202	0.0803746684	-0.0621533081	0.0434290104	0.015895832	-0.0826801914	0.0029932266	0.0231602999	-0.0655216707	0.0625285194	0.0963977566	0.1201101607	-0.0322193152	0.0466150711	0.0007206736	-0.0541567223	-0.1284884119	0.1807379571	0.1413572093	0.0091200224	-0.0949238192	-0.0234304887	0.0978429561	0.1503204908	-0.0721351979	-0.1064675735	0.0314113669	0.0357280919	-0.0437898639	-0.0157833067	-0.0337365939	0.0148963189	-0.017104328	0.0048426208	0.0858476502	0.0637806753	-0.1440694799	-0.1101738589	0.0560984269	0.0063701624	-0.0923956138	0.1168424447	0.1355466095	0.1149892612	0.0263472323	-0.019818133	-0.0188643874	-0.0080810799	-0.0211560229	0.1183982445	-0.0831073483	-0.0003263524	0.0421004974	-0.0308290057	-0.0159218696	-0.1236484954	-0.0244311068	0.0008702997	0.0128948426	-0.3209615648	0.1650125382	-0.0040294929	-0.0610165806	-0.1255599469	-0.0143660387	0.098078528	0.0923879533	0.0831469612	0.0707106781	0.0555570233	-0.0142843929864397	0.004913208615605	2.41396189004552e-05	0.000204043882991	-0.1377745201343287	-0.0150420553847538	0.000226263430198	0.0189818183982445	-0.0868442886601243	0.0181645705117646	0.0003299516218768	0.0075419304728829	-0.0003090001496237	0.0003769995105498	1.4212863095478877e-07	9.5481092467469e-08	2.0996927974081814e-08	2.0986736126715755e-08	4.408709843487794e-16	4.404430932523962e-16	-0.0001360002690525	-0.0001360002262531	1.8496073182352392e-08	1.8496061540903863e-08	0.0	0.0	0.0	0.0
273.27105276093266	-0.2622321068866426	0.0687656778822075	74677.06827706844	444.3196344080106	0.5126870329951316	0.2628479938013512	197419.93752046817	253.0453096563812	-0.4586348471472945	0.2103459230178222	64031.92873909385	281.50934928968115	309.756555843064	1.387567	35.673225	0.421974833503022	0.3723884966203904	-0.088600046	0.0564038178	0.064271438	0.0340731841	-0.0489940052	-0.1394670673	0.0989031271	0.0151004387	0.0911880946	-0.0260453649	-0.1470541836	-0.0945375743	-0.0249011794	-0.0055834683	0.0972488603	0.0064746454	0.0487773503	0.1819044934	-0.1129805988	-0.0207259498	0.1261365672	0.0627877304	0.1861489034	-0.1531378157	0.0103429394	-0.1054913151	0.0902828543	-0.0543970717	0.1440990099	-0.042819738	-0.0414157651	-0.1322352831	0.1428618484	-0.0195351115	-0.0154792896	-0.0035615712	0.0478715643	0.0544811801	0.0438287228	-0.1024257086	-0.0138340481	-0.1034407032	-0.1004154337	-0.0556830009	0.196863698	-0.00639703	0.0947914707	0.0874736687	0.0058804987	0.0719592085	0.0057463355	-0.1044726201	0.0494868588	0.1272786179	0.0080031349	0.0186599443	-0.0718830186	-0.1611490057	0.0333957386	-0.0092888123	0.0371149799	-0.1762024816	0.0248000441	0.0275895048	0.0428826693	-0.0254775437	-0.0611975807	0.0288897629	-0.1093413832	0.0330485293	-0.1253204557	0.0230043473	0.053498009	-0.0271377631	-0.1840164914	0.0649058785	-0.075181528	0.1819497756	0.0143220926	-0.0492908408	-0.0159781074	0.1004693032	-0.0705374484	-0.0190594662	0.0377877484	-0.0292841219	0.0791615595	-0.0607044422	-0.0073300174	0.0917014153	-0.0913593718	-0.0165286281	-0.024333522	-0.036454786	-0.0236731086	0.0366668467	0.0886798802	0.1671512176	0.0309126612	0.0002305308	0.0220910762	0.0881168168	0.2296988406	0.110193764	0.154159782	0.044112596	0.1085860953	-0.0598306778	-0.0476323016	-0.0632867072	-0.1154993362	-0.0113269048	0.1144388908	-0.0057934861	-0.1098659377	-0.0378645514	0.0470820221	-0.0044005803	-0.0863432733	-0.0363982727	-0.1543836164	0.0965113449	-0.1414605614	0.0581060394	0.0717637016	0.1132052627	-0.0785110708	0.1172276122	-0.0147083969	-0.0857978919	0.0146666631	0.0318806129	0.0115086716	0.0211772792	0.0467819516	0.1393700004	0.0470565168	0.1244708554	0.0977599938	0.0911403277	0.0804375635	0.0661311865	0.0488621241	-0.0004368203649534	0.0138475726214863	0.0001917552675073	1.908120312380216e-07	0.2312189373856341	0.3689934575199628	0.1361561716925366	0.0534621970057417	-0.0616613861100461	0.0251829025500781	0.0006341785808467	0.0038021265370121	-3.799997172217736e-05	0.0002710001779015	7.344109642265694e-08	1.4439978508862786e-09	2.7477669028996843e-09	-1.8249161071182133e-08	7.550222952670923e-18	3.330318798019493e-16	-0.0001439998582198	-7.999589167300005e-06	2.0735959167322506e-08	6.399342684558359e-11	0.0	0.0	0.0	0.0
271.67971271141545	-1.591340049517214	2.532363153197449	73809.86629895723	442.4067130935025	-1.9129213145080823	3.6592679554993306	195723.69979019664	252.73577710014925	-0.3095325562319431	0.095810403367481	63875.37302641632	280.9971561938042	311.1772766599447	1.195244	30.728764	0.1279388284073927	0.0969641563251919	0.0083284281	0.0971072568	0.0356368245	-0.0602387311	0.1634382036	-0.0788818043	-0.02941296	0.0347552883	-0.120551153	0.1186358489	-0.0120109843	-0.0809720979	-0.0451737136	-0.056399023	-0.0286401028	-0.0633106372	0.0537205197	0.1098275284	-0.0619147909	0.0068342864	0.005541179	0.0365472737	0.070725027	-0.0171089914	0.1707119612	-0.0885932344	-0.0527525281	-0.0279427458	0.1036035258	-0.0190100031	0.0351294541	-0.0521854495	0.0287416801	0.1050770628	-0.0480906581	-0.0956685571	0.0317585196	0.0361131838	0.0792941241	0.1302180757	0.1105274104	0.0631295875	0.0296414275	0.1076042607	-0.0237867496	0.0296311617	-0.0762135869	-0.0615013199	0.0290037256	0.0536519604	0.012694895	0.0889892706	-0.0300429139	-0.0034897022	-0.0567237057	-0.0235355069	0.1964640814	0.031744039	0.0575905221	0.0634982434	-0.0276038874	0.0735994189	-0.0625768846	-0.0207475403	-0.1311885861	-0.0235198886	-0.020109422	-0.0987108959	-0.058583952	-0.0524449054	0.0146124407	0.012513411	-0.0550011786	-0.1033795698	-0.0672249897	-0.0623640798	-0.2000392265	-0.0243945059	0.0346341446	-0.0597476576	-0.0603723026	-0.0163039009	0.0134222488	0.1003267491	0.1783937872	-0.1394289526	0.0875378735	0.0606348477	-0.0271504336	-0.0039338658	0.0243269143	0.0614054299	-0.1197965403	0.0900777302	-0.0424127547	0.0207064868	-0.0338752241	0.0170036607	0.0332176804	-0.095760914	0.0819021466	-0.0084488128	-0.0550197917	-0.0976213716	-0.0336919678	-0.1061230829	-0.0128134447	0.0270428324	-0.0536845934	0.0409623585	0.0776062081	0.008649305	-0.0733889566	0.1247636036	-0.0764364728	-0.0408930842	-0.0853659683	-0.0757825733	-0.0089092131	0.0131627392	-0.0131385341	-0.0009031287	-0.0769196484	-0.0174468876	0.1233288323	0.0573056929	-0.0237522866	0.1782414054	-0.1416430058	0.0193983142	-0.0616702594	0.0209276107	-0.0716320648	-0.1428483432	-0.0303233379	-0.0479445413	0.0659358308	0.0423218668	0.0974173387	0.0898027576	0.0775495743	0.0612907054	0.0418659738	0.0007593965081014	0.0011962168730548	1.4309348073810036e-06	5.766830565165996e-07	0.1411911339430673	-0.0900278034425668	0.0081050053926934	0.0199349363041291	-0.0489477690613497	0.0127136170486964	0.0001616360584609	0.0023958840960832	-0.0004129971849486	-0.0003749972132264	1.406229099275831e-07	1.7056667477546814e-07	5.201876150495721e-05	5.201601373805431e-05	2.705951548509618e-09	2.705665685197455e-09	-9.09892643227829e-05	5.301059389701711e-05	8.279046222001255e-09	2.8101230653144673e-09	0.0	0.0	0.0	0.0
271.5239655534796	-0.1557471579358207	0.0242571772050854	73725.26386988719	440.989944135639	-1.4167689578634963	2.0072342799656173	194472.130828754	253.0586599850788	0.3228828849295553	0.1042533573804324	64038.68539344373	281.46005758143554	306.20732275250265	1.208281	31.063923	0.2314142878105748	0.1587912920644044	-0.0233078049	-0.1440540343	-0.0298006462	-0.0600427573	0.0002501311	0.0868458954	-0.0670854507	-0.0860805594	-0.0731976003	-0.0246219399	-0.0609032315	-0.0613495546	-0.0771197247	-0.108814149	-0.0896187936	0.0413239483	-0.0842138137	0.0557863039	0.0478446462	0.0964147907	0.0020723133	0.0026026885	0.0096437783	-0.0235475735	0.0519756689	0.0660698006	-0.014530026	0.0673339035	0.1038661456	-0.126192158	0.0230723209	0.1521682966	-0.0858771139	-0.0789465216	0.0096052306	-0.1729566704	-0.0284911094	-0.1643790508	0.0212848432	-0.1260994184	-0.1021059829	-0.0157328047	0.0683586925	-0.0761002921	-0.0454900112	0.0386894751	-0.0750389124	-0.0733153371	-0.0962617198	0.0697545542	-0.0395241421	0.0592256016	0.1599590495	-0.0503435967	-0.0847818808	-0.0148341188	0.110118435	-0.0106575511	0.0347746912	-0.0075448506	0.1045009988	0.0247479575	-0.0144266647	0.0817178593	-0.0885003196	-0.0581727286	0.0531416172	-0.143411195	0.0548296447	-0.106404695	-0.0224160305	-0.0626024027	0.0212778877	0.0309506737	-0.0344974528	0.0292790183	-0.0973595658	-0.0899477006	0.0510325651	-0.0264761812	-0.0327117373	-0.0208368455	-0.0351510989	-0.2488514827	-0.0043428309	0.2212251012	0.095472188	0.1627709555	0.0635083141	0.0011413868	0.1021457322	0.0192456242	0.1210876109	-0.0806921931	-0.0022489959	-0.1321193945	-0.101116369	0.1811408493	-0.07480485	-0.1046184867	-0.0028427597	0.0277957284	0.0800419894	-0.0745505036	-0.0994382593	0.0373602625	0.0094826226	0.0006517796	0.015694736	-0.0387671035	0.1356701342	0.027735809	-0.0984327832	-0.0858691029	0.0350721467	0.0253604718	0.0351052031	-0.026125628	0.1029059914	0.0451529263	0.0742035233	-0.0192564477	0.0291850625	0.0131574177	-0.0149566157	0.0808165934	0.0701690964	-0.0375970732	-0.0497093604	-0.0317799638	-0.0718631034	0.0003863535	0.2031364836	0.1376683563	-0.1738117827	0.0070599783	0.0340578804	-0.0192266969	0.0970506473	0.088376563	0.0744894057	0.0562083378	0.0346117057	-0.0050026112434551	-0.0057620077515565	3.32007333289972e-05	2.5026119253143385e-05	-0.0063052021246363	-0.1474963360677036	0.0217551691533969	3.975557383251811e-05	-0.0996531536740334	-0.0507053846126837	0.0025710360287201	0.0099307510371805	-0.0008190003336757	-0.000406003148727	1.6483855677631966e-07	6.707615465609079e-07	-3.068656440063933e-12	-5.201876457361365e-05	9.416652347145853e-24	2.7059518677650424e-09	9.94912339362733e-12	9.09892742719063e-05	9.898505630162258e-23	8.279048032528189e-09	0.0	0.0	0.0	0.0
272.1631863358312	0.6392207823515719	0.4086032085901556	74072.79999647237	443.3130959363051	2.3231518006660963	5.3970342889381255	196526.50102863164	252.93427737997897	-0.1243826050998393	0.0154710324514225	63975.74867373214	281.17848890236667	305.6146619646418	1.159192	29.801905	0.2670034980260218	0.1584551743424286	0.0174531783	0.0963789673	0.0062660799	0.0890263972	-0.0118098326	0.1067462979	0.0075442318	0.0844231701	0.0564188992	-0.0102814516	-0.025206675	0.087767892	-0.0096010908	0.1346201968	-0.00863473	0.0263817457	0.0191906932	0.1059799919	-0.0468373093	-0.0003007552	0.0233681075	0.085855702	0.0483688932	-0.0317568051	0.0106587044	-0.0092688798	0.0871696089	-0.01198735	0.0698536717	-0.0388670313	0.0675221254	0.0089841056	-0.0060879139	0.0274344023	-0.1612712348	-0.0351100052	0.1313057874	0.0235895073	-0.1240266108	0.0821484165	-0.1582014157	0.0714302171	-0.0604979983	-0.0206237363	-0.0991488082	-0.0782397577	-0.0128567799	0.0837802306	0.063311462	-0.0942975551	-0.1846725324	-0.0117359835	0.1157518902	-0.056364954	-0.0495771331	0.1198625972	0.0092879775	0.0077640776	0.009104015	-0.0341327402	0.1078131457	0.0839026071	0.0777028199	0.0557962336	-0.05777179	0.0095846545	0.0268932921	0.0669883786	-0.0471812075	0.0194119643	-0.0529321658	0.0970744795	0.0298953653	-0.0245485743	-0.0041045927	-0.006168922	0.0070995995	-0.010738313	-0.0086348912	-0.0628257854	0.0995529679	0.0689869765	-0.0077950024	0.0460251005	-0.0198637536	-0.0964046478	-0.0262597004	0.0105954914	-0.0917890591	0.0225875341	0.1532786538	0.1002889845	-0.0451964288	-0.1977317954	0.1420771664	-0.0545731099	-0.0835458824	-0.0331542294	0.0650591097	0.0690757457	0.0076402183	0.0451257452	0.1859666239	0.053809557	-0.0344011945	-0.0258313109	-0.0208543677	0.0257767893	0.1337978568	-0.0734261889	0.172142211	-0.0499226107	0.0111481815	0.0327866943	-0.0546904056	-0.0534842863	0.0302150171	0.0168019768	-0.0612342224	-0.062854969	-0.0295362062	0.0244991972	0.0564635136	0.0660758604	0.005898855	-0.0358712894	-0.0148094303	0.1205713551	0.0550979967	-0.0028381376	0.0262243016	0.1883731261	-0.0960653834	0.0355343747	0.1214556414	0.0241093458	0.0301582909	0.0255644445	0.0966600102	0.0868631514	0.0712638519	0.0509041416	0.027144045	0.0011972922751795	0.0061999035186346	3.8438803640377695e-05	1.4335087922045037e-06	0.1207165203637714	0.1270217224884077	0.016134517983922	0.0145724782887368	-0.011421852151642	0.0882313015223914	0.0077847625683351	0.0001304587065739	-0.0001110000432845	0.0007080002903912	5.012644111940235e-07	1.2321009609160873e-08	0.0002029998463479	0.0002029998494165	4.120893761727101e-08	4.12089388631446e-08	1.1280073130530562e-08	1.1270124007136937e-08	1.2724004983011756e-16	1.270156951362443e-16	0.0	0.0	0.0	0.0
271.88361245789883	-0.2795738779323642	0.0781615532221404	73920.69872315692	440.2265867206413	-3.086509215663796	9.526539138377538	193799.44765570632	252.4121906273413	-0.522086752637648	0.2725745772797247	63711.91397729329	280.7494691891964	307.5869153233019	1.002263	25.767384	0.0731571831772462	0.0374842228854161	-0.0806662315	0.0151279292	0.004557964	-0.033288592	0.0026047039	0.114173351	0.0751510992	-0.0379555227	0.0122536313	0.0117404992	0.0482839095	0.0246536141	0.0421088447	0.0539851377	-0.0303774882	-0.144738993	-0.0299050778	0.2758890423	-0.057125478	-0.1204479102	0.0240506837	0.0526502335	0.1262502752	0.1445550788	0.0472479437	-0.0331629624	-0.0412769979	0.0154742347	0.0910484346	0.0099386013	0.133342407	-0.0643313466	-0.0136913714	-0.0003802041	0.0724707954	0.0392311208	0.0068498005	0.0014609903	-0.0243243803	-0.0029806336	-0.0775813163	-0.039687695	-0.000197047	0.04706986	0.0231918448	0.1799874738	-0.0697394488	-0.0159006171	0.0742252884	0.0610536358	0.034610088	0.0457753995	-0.0611576628	-0.0541079404	0.0591724944	-0.083321224	0.0834021777	-0.0180528524	-0.0181113092	-0.0610571918	0.1202167367	-0.0046056063	-0.044567835	0.0248604772	-0.1207206576	0.0813437126	0.0616439262	0.0384293733	-0.0612233066	0.1024329962	0.0368226138	-0.0635082423	0.0489348801	-0.1489696184	-0.1126862171	-0.0487632946	0.002740208	0.0072996216	-0.1071642403	-0.1764390955	0.0359694117	0.0820934112	-0.0331830205	-0.038017257	0.0225011816	-0.0784625858	0.0346436533	0.0337928776	0.094424667	0.0192574047	-0.0661888508	-0.1535163888	0.0225995506	0.0220997941	-0.1081180162	-0.1449604754	0.0156669514	-0.0552565324	-0.0312031379	0.0035004525	0.0223340035	-0.0514894856	0.0840032979	-0.1716384202	-0.0889999664	-0.0580483677	0.003492965	-0.0076953528	0.0901124615	-0.0516028775	-0.0910200786	-0.0489891572	-0.0508744396	-0.0445957311	-0.0488334034	-0.064470412	-0.1555867621	0.0397369173	-0.0615958436	-0.0421379165	-0.0243052204	-0.1090658374	-0.0900320378	0.036738084	-0.0071835474	0.0576123458	0.1639963024	0.1273434164	0.0463392028	0.0617134703	-0.0812639051	0.0001733063	0.047553775	-0.0030558774	0.0012678415	0.0003922393	0.0387850834	0.0024150508	0.0962455236	0.0852640164	0.0678800746	0.04539905	0.0195090322	0.0049657444655366	0.0037684521903571	1.4201231911007223e-05	2.465861809700737e-05	0.0893044025120701	-0.0314121178517012	0.0009867211479291	0.0079752763080378	-0.0030953352127625	0.0083265169388795	6.933088433344725e-05	9.581100079367472e-06	0.0001230000517566	0.000234000095041	5.4756044479243835e-08	1.5129012732126277e-08	-0.0001560003201881	-0.000359000166536	2.433609989878972e-08	1.2888111957287573e-07	9.617724063408256e-09	-1.662349067122306e-09	9.250061615986224e-17	2.763404420962401e-18	0.0	0.0	0.0	0.0
272.0552132261468	0.1716007682479698	0.0294468236632934	74014.0390435242	443.72600182009415	3.499415099452847	12.245906038278578	196892.7646912462	253.2568300769316	0.8446394495902894	0.713415799804187	64139.02198061581	281.85063809638655	305.8469248983401	1.266543	32.561813	0.3957368759747878	0.281991429539565	0.0979947062	-0.0310013306	0.0884803689	0.0315788089	-0.0441472385	0.0502335496	-0.1064879453	0.0778193622	0.006925858	-0.0434663289	0.0749398438	-0.0451247258	-0.0685584594	0.0162997577	0.0027458473	-0.0216282712	-0.0171463563	-0.0303589583	0.1190033419	0.008781649	0.0287732996	-0.1174709573	0.0508557153	0.0702908323	0.0030790482	-0.0108378707	0.117011014	0.0916994689	-0.0380754721	-0.151281163	0.0585112635	-0.0503364223	0.0694399029	-0.0326272171	0.0531408555	-0.0280952255	0.0491233719	-0.0094082924	-0.1490161016	0.0834071976	-0.0449541193	0.0980741013	0.1446836667	0.0747783865	0.0097056493	-0.0117287282	-0.0487653296	-0.0406513135	-0.0056854176	0.0776189436	-0.1743337515	0.1308626141	-0.1080390214	0.1252004776	-0.0423254501	-0.0387398765	0.0062787606	-0.0280768316	-0.0850333649	-0.0467232149	0.0212770339	-0.073261984	-0.0131963086	0.0689835649	0.1284128093	0.0598648493	-0.1204687141	0.024630729	0.1129404801	0.0145443303	-0.0264314631	-0.0285880444	-0.1218304465	0.0390616772	-0.0414479694	-0.0211802101	0.0376445605	-0.0604889027	0.0649210153	-0.0330415902	0.1761889593	-0.0327208265	-0.0820363817	0.1293959581	0.0365371492	-0.0473594047	0.1374298678	0.0005068601	-0.0142464403	0.055728714	0.0959661508	0.0279889712	0.0676748615	-0.0526417262	0.1473188741	0.0268448129	-0.1115889935	0.0570837365	0.0037506869	-0.0958476663	-0.1068610607	-0.1261482479	0.0663840091	-0.0657239561	-0.0585546407	-0.0464951435	-0.007216655	0.0974262459	-0.1534707843	-0.0459225883	-0.0303219725	0.0260218803	0.0468894817	0.0019005963	0.1177549398	0.1320119779	0.0044747179	-0.0072203152	-0.0321129663	0.0539318024	-0.0117927986	-0.1504200133	0.1265457398	-0.0315126464	0.0234026661	-0.051804874	-0.0583107513	0.0877421011	-0.0023289879	0.1169651567	-0.0712310716	0.1397725695	-0.0724323015	0.0064978995	0.0106618766	0.099437727	-0.0878895874	0.0039116725	0.0958072899	0.0835807361	0.0643455865	0.0397147891	0.0117537397	-0.0050039223193749	-0.0099696667849114	9.939425580216758e-05	2.503923857833828e-05	-0.1754501950454141	-0.2647545975574842	0.0700949969278254	0.0307827709414738	-0.0591563113986808	-0.0560609761859183	0.003142833050918	0.0034994691782976	-0.0009300001203408	-0.0010530001720974	1.108809362437154e-06	8.649002238339025e-07	8.999997830794193e-05	0.000246000298496	8.099996095430018e-09	6.051614686014172e-08	4.185606009682839e-08	3.2238336033420143e-08	1.7519297668293104e-15	1.0393103102037153e-15	0.0	0.0	0.0	0.0
273.1169539351316	1.0617407089848143	1.127293333115576	74592.8705268048	441.08670070809376	-2.639301112000396	6.965910359806528	194557.4775415515	253.7315077684001	0.4746776914684858	0.225318910777851	64379.67803442568	281.9804912110363	311.0320628498442	1.007125	25.892372	0.1276385063414456	0.1065995669636467	0.0822138396	-0.0622369112	-0.1171262736	0.0173224389	0.0152395638	-0.072199654	-0.0625855058	-0.092031844	0.1205609221	0.1581649643	-0.0639456269	-0.0158363703	-0.0384831473	-0.1045922879	-1.61671e-05	-0.0997499062	-0.049348678	-0.1185818851	0.0976189369	0.0272641564	0.0721769645	0.0149926744	0.0486743147	-0.0830431817	0.0339745849	0.0850418725	0.0267782242	0.0090905363	0.0497253337	0.0945489928	0.0564963444	-0.0175759734	-0.070896972	-0.016300846	0.010248689	-0.0096987936	0.0824570225	0.1414606376	-0.001719715	-0.0631123356	0.0297582272	0.1447634701	-0.0383325311	0.0511190451	-0.0893905776	-0.117620566	-0.058628883	0.0172233141	0.1396226158	0.0590486873	0.0596994921	0.0316060513	0.0070167383	0.0856975086	-0.0667796756	-0.0185777229	0.0633757342	0.1100589	-0.0083561712	-0.0317154483	-0.0001336635	-0.0558553073	0.0423218114	-0.0936404879	0.0341288652	-0.0298213243	-0.0454657701	-0.0538741543	0.0952634454	-0.0004359495	-0.078573875	-0.0487847808	0.0825240377	0.0516609357	0.0117890535	-0.0693158822	-0.0874787656	0.0568113663	-0.1640847292	0.0277547335	-0.0232974678	-0.1439275841	-0.0932679416	0.0545952635	0.1274767348	0.0570307991	-0.0220165761	0.023835312	0.1398027587	-0.1000192467	-0.0730036551	0.1060537203	-0.0263395701	-0.0117912799	0.0524070527	-0.0302017668	-0.1074026385	0.0023724699	-0.0973127324	0.1205466041	0.1136771759	-0.0163451681	0.083753282	0.0063633037	0.0219512577	-0.0655319166	-0.0120944304	-0.0712557225	0.0084003323	0.014332764	0.0142047293	-0.0270748499	0.0349888842	0.1097565252	0.0793761251	0.07122464	0.0678084154	-0.0249598312	0.0467727042	0.0271061039	0.080317415	-0.1065143996	0.0459047473	-0.1199656345	0.0393103322	-0.0343427394	-0.0665621834	0.0959008109	-0.1218685634	-0.1436094934	-0.016475063	0.0130680411	-0.0951966815	0.1068887748	-0.1241157235	-0.0271635715	0.0376707974	-0.1115881634	0.0953454172	0.0818149717	0.0606682351	0.033873792	0.0039259816	-0.0049722406250509	3.1681694323999754e-05	1.0037297552393582e-09	2.4723176833406564e-05	-0.0712980998988683	0.1041520951465457	0.0108476589234151	0.005083419049189	-0.0716096187448798	-0.0124533073461989	0.0001550848638588	0.005127937496787	-0.0007959998932961	0.0001340002270447	1.7956060848031147e-08	6.336158301274025e-07	0.0001760000074613	8.600002915335806e-05	3.0976002626377655e-08	7.396005014378437e-09	7.004294957474151e-08	2.8186889477913122e-08	4.906014785129783e-15	7.945007384400894e-16	0.0	0.0	0.0	0.0
272.8799439802722	-0.2370099548594453	0.0561737187024763	74463.46382667648	444.1252048223791	3.038504114285331	9.232507252528883	197247.1975585202	253.40906125429177	-0.3224465141083215	0.1039717544606079	64216.1523257814	281.9069506524836	310.19034118738455	1.156949	29.744226	0.1805325455836145	0.1026515420032224	-0.024094718	0.0676968232	-0.03105376	-0.010438147	-0.0315799337	-0.032009108	0.0498091363	0.1345641735	0.0594190345	-0.0583964874	-0.0036361543	-0.0563664421	0.0707120584	-0.0817781377	0.0337962344	-0.1463006873	0.024801868	0.0887913437	0.0046257002	-0.1517686274	0.0016779756	0.0413981185	0.0619947217	-0.0830199562	0.0508695626	-0.0957896879	-0.0364491685	-0.0110611843	0.0026175875	0.0031698514	0.1200059059	-0.0334170526	-0.0238386992	-0.0074043212	0.0377973638	-0.0349054687	0.0385893059	-0.0007147126	-0.038844816	0.0307487757	-0.0281964777	0.0228860828	-0.0323856041	-0.1447290269	-0.0948336639	0.086076124	-0.0566204368	-0.0902216186	-0.0264981156	-0.0817111347	-0.0172557487	-0.0523765895	-0.0265499945	0.1241898082	-0.111053533	0.0252617164	-0.0590464385	0.0058456159	-0.0890151071	-0.0357815686	-0.1223988548	-0.0258192932	-0.0022212918	-0.0488253448	0.0170470527	-0.0265473821	0.1351787891	0.0753365063	-0.0047613458	0.1600152755	0.0096576381	0.0877220408	-0.0553757753	-0.0563563859	-0.0082697385	0.0169553759	-0.0714643559	0.0854361438	-0.0941280597	-0.0369218138	0.0274780395	0.0670671233	-0.0305415502	0.0006059308	-0.0389259728	0.0087561796	0.0614440342	0.0423735505	0.0212870522	-0.0044687176	0.1086477101	0.0277200652	-0.037259461	-0.1188350839	-0.0897647439	0.0783528089	-0.0592725025	-0.0003759547	-0.0017781047	-0.0571611469	-0.094823156	0.044606449	0.0133111195	0.0490998565	-0.1394762659	0.0296484919	0.0017260832	0.0701510243	-0.0990511883	0.1113263707	-0.1241718308	0.0387425917	0.0881914587	-0.0108966043	0.0146068057	-0.0480075823	-0.0711970795	0.0703815792	-0.0524473265	-0.124501246	0.046067895	-0.1258715473	-0.1033528126	-0.0198065658	0.0046670468	-0.0908915148	0.0438599161	0.0936671943	-0.0262521705	0.0107311321	0.0022983861	0.0860704118	-0.0027510187	0.0498072445	0.0844595706	-0.0247543507	-0.0414325261	0.0606577245	0.0948600195	0.0799684658	0.0568561851	0.0278991106	-0.0039259816	-0.0049555314118805	1.6709213170399903e-05	2.791978047738656e-10	2.4557291574134342e-05	-0.0005950599910988	0.0707030399077695	0.0049989198521996	3.54096393006504e-07	-0.0037433014142891	0.0678663173305907	0.0046058370280164	1.4012305478218776e-05	-5.000557606730997e-05	0.0007459943172287	5.565075213376487e-07	2.5005576378235237e-09	0.0001549985663229	-2.100144113839999e-05	2.402455556215443e-08	4.4106052988967945e-10	7.200386722406273e-05	7.193382427448798e-05	5.184556895220454e-09	5.174475074752916e-09	0.0	0.0	0.0	0.0
271.87965274879787	-1.000291231474307	1.0005825477643857	73918.54557880691	440.9930756259972	-3.132129196381868	9.810233302827726	194474.8927500765	253.249444780403	-0.1596164738887751	0.025477418736686	64135.28128158239	281.7718566499482	312.3059015184349	1.153416	29.653406	0.2630112585350183	0.1888767702747344	0.0709614821	-0.0761793317	0.0195554062	-0.1396324778	-0.0706988233	0.0247873531	-0.0722693975	-0.0826164134	-0.0624583719	-0.0229330167	0.1107890953	-0.0493393979	-0.0897459062	-0.1085812835	0.0756814687	-0.0629285931	-0.0777572086	0.0482011573	0.1082197293	-0.0497905359	-0.0023052069	-0.169103215	0.1173970658	0.1192825653	0.1030584083	-0.0304130943	0.0737896504	0.1074287248	0.0592304021	-0.0100486543	-0.0516539222	0.0333258221	0.010467782	0.0272969407	0.1231087144	-0.0351151869	0.0447094917	-0.0157713276	0.0507486458	-0.0320623594	-0.0872231204	0.1103101188	-0.1704168655	0.0038211708	-0.0516639494	0.0991940802	-0.0290581346	-0.0008423522	-0.1028069749	0.1549254684	0.0153706898	-0.1251661598	-0.0249115719	0.0457429218	-0.1182109432	-0.037119104	-0.1064914065	0.1880628235	-0.0104389822	0.0368629186	0.02627608	0.0799420882	-0.0673477709	-0.0734662786	-0.0257699336	-0.0641269286	-0.0285980042	0.0717348325	0.1067314329	0.0326871159	0.0563712578	-0.1380630281	-0.1285893138	0.0102799555	-0.1203045667	-0.0283933434	-0.0517997611	0.0121627519	0.0657635446	-0.1423158536	0.0464820259	-0.0759435155	-0.0223510963	-0.0070095385	0.0619419108	0.073628369	0.0191468759	0.0606361419	0.1194293381	0.0524062645	-0.072335996	0.0144353515	0.1648735008	-0.0037360939	-0.0384683392	-0.0079268718	-0.0918985723	-0.0826971108	0.1322968723	-0.0220788933	-0.0083293392	-0.0539322823	-0.0055463189	-0.0233691749	0.1050948636	0.1258021747	0.0768981102	-0.1247686152	-0.1544041711	-0.0024685631	0.003351851	0.0126927213	0.0214987643	-0.0119421065	0.1197370599	0.1183068452	-0.0764012612	0.0028782864	-0.0032499527	-0.0441572394	-0.0360336451	-0.2512212539	-0.0046446963	0.0153904627	-0.036975738	0.114996639	-0.0039350681	0.093871995	0.0753285863	0.0028393953	-0.0421112969	0.0628309181	0.0478890687	0.0068146442	-0.1543597136	-0.0538479301	-0.0135398942	-0.0510982216	0.0943512164	0.0780430407	0.0529179001	0.0218143241	-0.0117537397	-0.0026798821504456	0.0022756492614349	5.178579561069206e-06	7.181768340276934e-06	-0.1726654393526274	-0.1720703793615286	0.0296082154536203	0.0298133539468358	-0.0285546395012445	-0.0248113380869554	0.0006156024976652	0.000815367437046	-0.001084001911873	-0.0010339963358056	1.0691484224595933e-06	1.1750601449443194e-06	-8.670670625932075e-08	-0.0001550852730291	7.518052910340133e-15	2.4051441910528893e-08	0.0001600000948912	8.799622766713727e-05	2.5600030365193005e-08	7.743336083646656e-09	0.0	0.0	0.0	0.0
271.9082580656714	0.028605316873552	0.0008182641534363	73934.10080430776	443.0851916944477	2.09211606845048	4.376949643868692	196324.48709890543	253.1960071300883	-0.0534376503146916	0.0028555824711552	64108.218026619725	281.8744068651909	302.89230527260685	1.225025	31.494406	0.064038194054769	0.036103378003617	0.0540952932	-0.0823006919	0.1235856907	0.1385551288	-0.0793402829	0.0414632786	-0.1009166057	0.0016687544	0.0529550764	-0.1031877243	0.0259283515	0.1248990669	-0.1183524266	0.0335237834	-0.0536250368	-0.0416487364	0.0666272009	-0.0090115527	0.1144333104	-0.0685319186	0.1537930058	-0.1137013594	0.1224732189	0.100085233	-0.072018736	0.1221088017	0.0148227697	0.1745157706	-0.0585373972	0.0144451076	-0.0415490925	-0.0353662465	0.0816967708	-0.031161639	-0.0163587573	-0.0612024908	-0.0947348681	0.0111212402	0.0336911432	0.0002534498	0.1447504224	0.1216854881	-0.0164514007	0.0723678589	0.0046322203	-0.0929884294	0.0377746235	0.0589573262	-0.0272855313	0.0082958143	0.092833401	-0.0220555441	-0.1570650121	0.0174034671	0.076914778	-0.0135333698	-0.0167559306	-0.0246343516	0.052024643	-0.0745169452	-0.0312370161	-0.0874673824	0.1383956224	0.0896190672	-0.0050428872	0.0102746797	0.0126663296	-0.061888217	0.1152725229	0.0906814428	-0.1225548775	-0.0611904971	-0.049044711	0.0752587393	-0.1769046134	-0.0128845511	0.1462127072	-0.1144634752	-0.0002237313	-0.0519071286	0.0474728875	-0.0351093773	-0.0694426337	0.1242148642	-0.0833936916	0.0799243701	0.0043371422	0.0522620757	-0.1160593758	-0.0975920286	-0.0893288891	0.0545517057	0.0130064677	0.1343339438	0.0512447025	0.0182120706	0.0448830768	0.0365889486	0.0277822838	0.0729624581	-0.0383132118	-0.0444651522	-0.0658816884	0.0133153986	0.1113156542	-0.1370182029	-0.0306795266	-0.0376441421	-0.0740011507	0.0041531348	-0.0391712646	0.0606644261	-0.0078974186	-0.0307713974	0.1354868366	0.1597491639	0.0630120042	0.0373041744	-0.0799081926	0.0698227063	-0.0512262391	-0.0945030829	0.1396006313	-0.0402312834	0.0029711071	-0.0729268078	-0.0848533594	0.0221457849	-0.0299158222	0.0565414046	-0.0133954609	0.1631257162	0.118476698	0.0017321464	0.1260824735	0.0506847506	-0.066811226	-0.0225628831	0.0938191336	0.0760405966	0.0488621241	0.0156434465	-0.0195090322	-0.0049820795314303	-0.0023021973809847	5.300112781012812e-06	2.482111645749676e-05	-0.1985518402553907	-0.0258864009027632	0.0006701057516985	0.0394228332688021	-0.0361508936278127	-0.0075962541265682	5.7703076755404414e-05	0.0013068871100894	-0.0006070000949086	0.0004770018169644	2.275307333873391e-07	3.684491152190494e-07	-2.1817932793766204e-08	6.488877346555455e-08	4.760221913932987e-16	4.210552921864056e-15	7.199996774000955e-05	-8.800012715119045e-05	5.183995354562415e-09	7.744022378625688e-09	0.0	0.0	0.0	0.0
272.8240671844397	0.9158091187682658	0.8387063420191075	74432.97163505966	441.3184205820863	-1.7667711123614254	3.1214801634748284	194761.9483450672	253.11286645317432	-0.0831406769139846	0.0069123721577155	64066.12316414246	281.3578370103558	307.81292902858206	1.28208	32.961254	0.2658798434219022	0.1995801059490602	0.0245905758	0.0669806085	-0.1308666994	0.1011901845	0.0454997295	-0.090579352	0.0867752261	-0.0079514228	0.1439603132	0.1098202281	0.0107202362	0.062822298	0.0864670819	-0.1284002946	0.0772736594	-0.0851213134	0.0425140607	-0.0868952271	-0.0049765081	-0.1040137287	-0.092530409	-0.0084607062	0.0121714312	-0.0272986276	-0.0441939582	0.0158393951	0.0207572412	0.2135284944	0.0325087253	-0.0011304784	0.0063875464	0.0341767776	-0.1798119672	0.0706801427	0.0917422461	0.1226993938	0.001305696	0.0652662981	-0.0050301919	-0.1094843403	0.1212968616	0.0122016397	0.007967495	0.0087360193	0.0756592311	0.0477366505	0.0149047637	-0.0084111956	-0.1031454736	-0.0687613545	0.0771242227	-0.006272965	-0.0147530825	-0.0619122349	-0.0319506572	-0.0993625875	-0.0120228662	0.0275762105	-0.1655666929	0.1086731718	-0.0449620353	0.0590464128	0.0508591882	0.0658136848	-0.0197146133	0.2385235029	0.227141739	-0.0593142079	-0.0122152219	0.1137729464	0.0859758584	0.0400770033	0.0682689035	0.0597492069	0.0644080806	-0.061979001	0.062510887	0.1335060376	-0.1328545242	-0.164301472	0.0262710769	-0.1401546998	-0.0025044928	0.071994738	0.0509458645	0.009304217	-0.1434257513	0.1431841555	0.0651412168	-0.0886789026	-0.0395635407	-0.1842604971	0.0445202392	0.0586628148	0.0578936412	0.0171342832	0.1005843208	0.0635604678	-0.0400121294	0.08100518	-0.0245933631	-0.0118909016	-0.0464878763	-0.0166929985	-0.0169365735	0.0330344198	0.0655444734	0.0152088804	-0.0077611265	0.0329691044	0.0611387189	0.0004611526	0.0017533265	-0.187495535	0.0170104219	-0.0498667995	-0.0117788054	0.0520931452	-0.0587656561	-0.0056012844	0.0118216425	-0.183047307	-0.0111537414	-0.0242614343	-0.04655922	-0.1225265801	-0.0851707801	0.1054896096	-0.1001958704	0.0209992027	0.0364958288	0.0560411459	-0.0617682817	-0.0189938024	-0.1135062668	-0.1462685964	0.1256582722	-0.1081659744	0.0932639023	0.0739631095	0.0446978621	0.0094108313	-0.027144045	-0.0050391009295083	-5.7021398077999365e-05	3.251439838769669e-09	2.539253817777141e-05	-0.0088319332328836	0.1897199070225071	0.0359936431206287	7.800304463011375e-05	0.0159008256214008	0.0520517192492135	0.0027093814767989	0.0002528362554421	-0.0002169999975801	0.0003900000973285	1.5210007591623948e-07	4.70889989497634e-08	2.061232962091708e-09	2.3879165755857912e-08	4.2486813240133575e-18	5.702145571957373e-16	-1.8999970807806552e-05	-9.09999385478161e-05	3.6099889069750114e-10	8.280988815706307e-09	0.0	0.0	0.0	0.0
272.6953863342277	-0.1286808502119925	0.0165587612112812	74362.77372797369	442.0769579175493	0.7585373354630178	0.5753788892913348	195432.03672163465	253.5666683310681	0.4538018778937669	0.2059361443799093	64296.05528851789	281.95613745778894	307.18031790240354	1.239079	31.85573	0.2467001950972117	0.1514846645148264	-0.0108420495	-0.135595237	0.0846018533	-0.0811177385	-0.0744609304	-0.147654974	-0.041049697	-0.0429997459	-0.0001790538	-0.0647253129	0.0349003961	-0.1337825284	0.0243185966	-0.0678954438	0.2794856997	-0.0479549476	-0.1477560071	-0.1438994509	0.0942156808	0.0048505796	-0.0480210426	-0.1538004364	-0.0175068932	-0.0864608583	-0.0115159929	-0.0368138967	0.1045898236	0.0807931194	-0.0504409938	-0.0042375462	-0.0939083091	0.0453168612	0.0597758852	0.0053274841	0.0849002529	0.059223484	-0.0187703545	0.0060931401	0.1013930818	0.0578974453	0.1213653818	0.0105770079	-0.0593871976	0.020911234	-0.2377972201	0.0144480333	0.0066866739	0.0580540212	0.1315572423	0.0444724189	0.0082636093	-0.0102795679	-0.0805433348	-0.1118353344	-0.1833838457	-0.1217797173	0.0699940948	-0.1130259365	0.0270588526	-0.0490723572	-0.0356406031	0.0813927683	0.0025629711	0.0322496716	0.0874549484	0.0031583774	-0.0462775107	0.1677632344	0.0994391047	-0.0023563097	0.0555681609	-0.0631785331	-0.0721354561	0.1355447113	-0.0194144982	0.1161300376	-0.0130295971	0.1582996065	0.1091179879	0.019914448	0.0757461961	-0.1128708753	-0.050410637	-0.1143753231	-0.0467471473	0.0758859123	-0.0100450938	-0.0216382201	-0.0982761912	0.0344864762	-0.1086037259	-0.0133163382	-0.0086669644	0.1095128439	-0.0387342937	0.1795114571	-0.1318383631	-0.2258941109	-0.0577689422	-0.0763142055	-0.114558888	-0.0304346645	0.0548558193	-0.0953430533	0.0587953742	-0.1603841456	-0.0382017985	0.0112632796	-0.0137253813	-0.1021322525	-0.0266545096	-0.137507662	-0.0335778825	-0.0368924613	0.1033949229	0.0907914009	-0.0066455364	-0.0246809706	0.0470533528	0.0352469347	0.0204411934	-0.1835071644	-0.0488154915	0.0102569926	0.0131222382	0.0317040853	-0.0398357197	0.0392652682	-0.0956682342	0.0541682914	-0.0592547622	-0.069989638	0.2670130791	0.059737961	-0.0271215339	0.0793437358	-0.0443218364	-0.0366854095	0.0926856596	0.0718126298	0.0404343596	0.0031410759	-0.0346117057	-0.0080493492324649	-0.0030102483029566	9.061594845453095e-06	6.479202306618328e-05	-0.1336483254980152	-0.1248163922651316	0.0155791317780832	0.0178618749084234	-0.0544713515946142	-0.0703721772160149	0.0049522433261222	0.002967128144544	-0.0011250012993085	-0.0009080013017283	8.244663639404688e-07	1.2656279234458129e-06	-2.419516409446487e-08	-2.6256397056556583e-08	5.854059655580821e-16	6.89398386391553e-16	4.300001732890845e-05	6.1999988136715e-05	1.849001490286427e-09	3.843998528952801e-09	0.0	0.0	0.0	0.0
272.6700647473672	-0.0253215868605138	0.0006411827611345	74348.96420933341	443.2242392204177	1.1472813028684072	1.31625438791143	196447.7262325181	253.41051544246284	-0.1561528886052485	0.0243837246197631	64216.8893368147	281.78187965714045	309.3178871635928	1.319774	33.930317	0.3020173636007502	0.2072635362656887	0.0529580933	0.0861740812	-0.0618916909	0.0556119945	-0.0957267023	-0.1087464496	0.0280482227	0.1096983666	0.0781180736	-0.0093463595	0.016585491	0.0706981746	0.0525024532	-0.0681484886	0.0233311164	0.1633198629	0.0246532816	-0.0192015197	-0.0370275183	-0.1251006106	-0.0982569136	-0.0108724695	-0.002243442	-0.1650707371	0.0231779174	-0.0917487115	-0.0462315927	0.1545661758	-0.0484428637	0.068516137	-0.0746936835	-0.0304361412	0.038025631	0.1390514075	0.0627177688	0.0793940698	-0.1365828447	-0.0229862893	-0.0547319758	-0.0138132344	-0.0444665042	-0.1391413728	0.0212549642	0.1673286758	-0.1117665581	-0.1449473283	-0.0152988998	-0.0734846736	-0.1108810414	-0.0295060285	-0.1769654524	0.0499621284	0.0381418458	-0.1793055097	0.0446777618	-0.0155627755	-0.0472344534	-0.1128422147	-0.05624845	-0.0478761767	-0.0901339018	-0.0058992189	0.0062659655	0.0455762738	-0.0457814396	-0.0694597263	-0.0362366295	0.0678884447	-0.0428501868	0.1071882355	0.0721883766	0.1662045219	-0.0046091321	0.1122059677	0.0403441507	-0.0363357563	-0.0327062582	0.0467702946	0.0224288131	-0.1341795385	-0.0320501414	0.0579412062	0.1463075058	0.1231684823	-0.1325224264	-0.0755603035	0.0304416263	-0.0059858236	0.0342695835	-0.0124717993	0.0406130225	0.0234241476	0.1425795172	0.0345197538	-0.0082175661	0.2013711171	0.0687077935	0.0557471649	-0.1148842617	-0.0687523615	0.0544710401	-0.0239251703	-0.1516601647	0.0082588344	0.0466314309	-0.1154582889	-0.025158409	0.0322884313	0.0871164444	-0.0385363242	0.0845294788	-0.2187255415	-0.0003226083	0.0107604247	-0.0243224437	-0.0810808421	0.0887818511	0.0641291595	-0.0602436556	-0.0401525599	0.001567797	-0.0843422201	-0.0649723203	0.1538514151	-0.111545499	-0.0602856904	-0.1151377299	0.0546246518	-0.0191131619	0.0504295009	0.0556341385	0.0244930725	-0.1428280692	0.0055439038	-0.0078276084	-0.0167404262	-0.1555554791	-0.0084606148	0.092084548	0.0695912797	0.0360810826	-0.0031410759	-0.0418659738	-0.0020462778988274	0.0060030713336375	3.603686543674032e-05	4.187253239229479e-06	0.055702702935946	0.1893510284339612	0.0358538119689987	0.0031027911143702	0.0044404862133831	0.0589118378079973	0.0034706046339157	1.971791781124538e-05	-0.0002369998231651	0.0008880014761433	7.885466216328573e-07	5.6168916180288665e-08	2.844594337858552e-09	2.7039758432323424e-08	8.091716946976934e-18	7.311485360784057e-16	-2.399998727234443e-05	-6.700000460125288e-05	5.759993890726945e-10	4.489000616567907e-09	0.0	0.0	0.0	0.0
271.4887466244347	-1.1813181229324528	1.3955125075686536	73706.13954370652	439.90541832077673	-3.3188208996409685	11.014572163893687	193516.7770679776	252.88138613709745	-0.5291293053653874	0.2799778217964573	63948.99545461978	280.943067645718	308.4319053194952	1.137866	29.253626	0.21977101693418	0.125623388812164	-0.0364259541	-0.0532242642	0.0342899184	-0.1457219008	-0.0070441648	-0.0393644247	-0.0104052605	-0.0976377958	-0.131311355	0.0221013237	-0.0730803051	-0.0195890771	-0.0548848524	-0.0355687236	0.0104199436	0.1043394286	0.0259823663	0.0525458329	-0.0729197755	0.0889774945	-0.1739619821	-0.0713478132	0.1482550444	-0.1107741113	0.1609917704	0.0697886148	0.0052654124	0.0533831113	0.0457796002	0.0242676125	-0.0218115818	-0.0106014401	0.089441562	-0.0430020514	-0.0106115754	0.0387017016	-0.0587701504	-0.1213552114	-0.0608861866	-0.0255283656	-0.1488598591	-0.1416325834	0.0703041963	0.0316895568	0.0560104003	0.0711604358	-0.0926262331	-0.0707846748	0.1340771905	-0.0708757216	-0.0015266978	-0.0514285557	-0.0097631677	0.1445359627	-0.0067040834	0.0189629673	-0.0636773775	0.0445053187	0.0645032418	0.0741571182	0.0487404102	0.0465462051	0.043883893	0.0837011686	0.1256612112	0.1609006019	0.0535552056	0.0181693872	-0.0591057537	-0.1367478525	0.1430092285	-0.0212842313	0.0164554233	0.1189087571	-0.1004983853	0.0442250065	-0.1546044078	-0.0235686579	-0.0349460516	-0.147531222	0.0255455137	0.0667922264	-0.0131116133	-0.0248755696	-0.067298734	-0.0089877846	0.0339240275	-0.0084943314	0.1120953296	0.0412781833	0.0001728749	0.0154977215	0.0859389505	0.1092910688	0.0330218491	-0.0977808776	0.0192382241	-0.0635467734	-0.012671228	0.0563399854	0.082641205	0.0326488436	0.082424365	0.036874626	-0.0390453402	0.0728203736	0.0673350886	0.1876048571	0.0671648837	0.0734408587	-0.0607837797	0.0858778583	-0.0088513679	-0.0954782515	-0.0960599015	-0.0536552756	0.0322776219	-0.1058644775	0.0854713012	0.0220745303	-0.0085953435	-0.0014789347	-0.0614475552	0.1339629145	-0.0349454746	0.1538836404	-0.1278528253	0.1205833622	0.0995971866	0.059466121	-0.1065975596	-0.0039219951	0.093370105	-0.1128911855	-0.0403777354	0.032843042	-0.0101539092	-0.0217780698	0.091460716	0.0673012514	0.0316476967	-0.0094108313	-0.0488621241	-0.0051023154984193	-0.0030560375995919	9.339365810119422e-06	2.6033623445409792e-05	0.1745285935277252	0.1188258905917792	0.0141195922749294	0.0304602299587659	-0.0415485321422366	-0.0459890183556196	0.0021149898093135	0.0017262805231744	-0.0012560009214117	-0.0010190010982466	1.0383632382277768e-06	1.5775383145870392e-06	3.146160221234595e-09	3.0156588337604303e-10	9.898324137678917e-18	9.09419820163732e-20	-4.99997934104413e-06	1.9000007931300295e-05	2.499979341086809e-11	3.610003013894743e-10	0.0	0.0	0.0	0.0
271.627893560444	0.1391469360092969	0.0193618698007753	73781.7125600839	440.9661509715335	1.0607326507567905	1.1251537563815273	194451.1463026493	252.9396135198781	0.0582273827806432	0.0033904281054835	63978.4480875853	281.30828507309207	304.8321048799002	1.015644	26.111397	0.193832827169149	0.1036782583543902	-0.0442390918	0.0499953287	-0.0433011623	-0.0158058021	0.0241316653	0.1041066668	0.0432255788	0.0754414005	-0.1165081121	-0.0125434554	0.1329518972	0.1128034259	0.0812475468	-0.0008671979	-0.0308494923	0.0685639639	0.0245922294	-0.0131058222	-0.0595596136	-0.106869267	-0.1400103753	-0.0203622305	-0.0334497211	0.0476380911	0.0363162036	-0.1306869164	-0.0300966568	0.104617118	0.0045933721	0.0773874415	-0.0032732621	-0.0207632517	-0.0113566477	0.054757203	0.0457549895	-0.0457082878	-0.0549962373	-0.0366503685	-0.0209478914	-0.0780043505	-0.0646197644	0.0068071809	-0.0050959891	-0.0066789695	0.0079804331	-0.0865151934	0.029276407	0.0747095442	-0.0057390039	-0.1804615836	-0.0354111516	-0.0320618134	0.0634796322	0.064178385	-0.01399387	0.1370540514	0.0055578195	0.0242845514	-0.036679006	-0.0039297684	0.0718563167	-0.0544835972	0.0481298297	0.0197578614	0.0466653173	-0.1523990751	-0.0045034042	-0.019961662	-0.0677103276	0.0677105556	0.1532709652	0.058821076	-0.0667253725	-0.0383137881	0.0693585175	-0.068575401	0.0348270606	0.0151447307	0.0521773598	-0.1012783443	-0.0206647468	0.0345017811	0.1197837049	0.0821863896	-0.0774689834	0.0571522608	0.0531960539	0.0654623354	0.0045339691	-0.0288238218	0.0108548773	0.0266496651	0.050499437	-0.0133177442	0.003206273	0.0106810431	0.0104083274	0.0674074669	0.0106147222	0.0677271247	-0.0907330315	0.038984804	0.0330969495	0.1147588797	-0.0451600542	-0.0554093964	-0.0367295511	0.0286268635	0.0615632324	-0.0237281783	0.0618113548	0.1190072048	0.1206570194	-0.0129087832	-0.0571295157	-0.0691848825	-0.1178715762	0.0038544477	-0.0519254262	-0.0077931811	0.0901019032	-0.049126212	0.021132365	0.0993583781	-0.101661459	-0.0311933411	0.0087729488	-0.0373530142	0.0369053463	0.0979658386	-0.1214247653	0.1133621177	-0.0046260077	-0.1081267117	-0.005936209	-0.029289063	0.0102214426	-0.0562024374	0.0908143174	0.0649448048	0.027144045	-0.0156434465	-0.0555570233	-0.0051052061968732	-2.890698453899936e-06	8.356137551379478e-12	2.6063130312592525e-05	0.0840708004285204	-0.0904577930992048	0.0081826123323785	0.0070678994846921	0.0044234298978267	0.0459719620400633	0.002113421293813	1.9566732060987125e-05	-0.0001080001866685	0.0011480007347432	1.3179056869709272e-06	1.1664040320430846e-08	2.7446622752336225e-10	-2.871693993711233e-09	7.533171005090605e-20	8.246626393517169e-18	-4.999999532390399e-06	-2.019134626884316e-11	2.499999532390421e-11	4.076904641483266e-22	0.0	0.0	0.0	0.0
271.737535544042	0.1096419835979531	0.0120213645672938	73841.28822354948	441.15926029044135	0.1931093189078296	0.0372912090490458	194621.4929400094	253.10889716121736	0.1692836413392626	0.0286569512250801	64064.1138221677	281.5250197253181	308.3632140615275	1.123121	28.874527	0.254327093288446	0.184471825091488	0.0751664953	-0.0710986047	0.053676887	-0.0358971017	-0.0277950099	0.0160396703	-0.0869532665	-0.0784759889	-0.0495576003	-0.016455988	0.020431052	-0.0229134199	-0.0480312942	-0.0859101673	0.0460504391	-0.00346849	-0.0945888102	-0.0118456849	0.079269208	0.0316903502	-0.091504791	-0.1142364051	0.0739753094	-0.0150177773	0.0942175279	0.0023337864	0.0985634074	0.0730513202	0.0810050258	-0.1235666671	-0.0087938332	0.0993557036	0.0913382994	-0.1205437696	-0.0854301495	0.0607315537	-0.0792882526	-0.0131930875	-0.010742854	-0.2583636877	-0.0549341102	-0.0133854997	-0.0985935252	0.0037739147	-0.1396200808	-0.0148333857	-0.0389586738	0.0471071115	-0.0538438399	0.0333416569	0.0816091272	0.095562837	-0.0287863862	-0.0056437521	0.1920955171	-0.1071311397	0.0207460578	-0.018832316	0.0829306507	0.00024464	0.0409067723	0.0602771969	-0.0492115715	-0.0798657965	-0.0347513184	-0.0859382338	0.0025341962	-0.0505424865	0.0817332791	-0.0425486059	0.0837139542	-0.061393566	-0.0544049641	0.0915432084	-0.0672724294	0.0733096727	-0.061909802	0.0234641549	0.0373662183	-0.1053542201	0.0700860373	-0.0999431765	-0.0473073679	-0.1611198749	-0.0063716773	0.0169943104	0.0265075734	0.0352445303	0.1093884013	-0.0357847947	-0.0334663153	0.0599030741	0.0999110802	-0.0945401395	-0.0133032686	-0.0569114921	0.1863551376	-0.0405946982	-0.0823486252	0.0159649083	0.0173851651	-0.0661841507	0.019082175	0.0944641581	0.066497159	-0.0816406412	0.0160348991	-0.0977613878	0.0814381002	0.0182278054	-0.0209159393	-0.0297934682	-0.098405494	-0.0524496749	0.0765840342	0.0441969142	0.0301117952	-0.0413347107	0.0840996556	0.0023104378	0.0003080854	-0.13832673	0.0304165065	0.085577632	-0.1104307954	0.0819092291	-0.0201292764	0.0206330228	-0.0529163036	0.0026977231	-0.0371357666	0.0384715595	0.0714486515	0.0597282248	-0.0735295955	-0.0150867963	-0.0956455579	-0.0730084841	0.0901455117	0.0625242656	0.0225801267	-0.0218143241	-0.0619093949	-0.0050299004623042	7.530573456900058e-05	5.670953658976769e-09	2.5299898660688e-05	-0.0856901186032956	-0.169760919031816	0.0288187696305267	0.0073427964262468	-0.0326662959277683	-0.037089725825595	0.0013756477618178	0.0010670868896405	-0.0010039991902019	-0.0008959990035334	8.028142143328458e-07	1.008014373926071e-06	-2.3613546007439368e-08	-2.3888012234962733e-08	5.575995550454558e-16	5.70637128537729e-16	4.69999628512957e-05	5.19999623836861e-05	2.2089965080231757e-09	2.7039960879047684e-09	0.0	0.0	0.0	0.0
271.9706853895411	0.2331498454990992	0.0543588504562538	73968.05371125673	441.1386636062407	-0.0205966842006546	0.0004242234000614	194603.3205283	252.9392251773032	-0.1696719839141565	0.0287885821253657	63978.251633294494	281.3268699226256	303.7932862987906	0.912338	23.455469	0.1221254019614072	0.1103911139237247	0.0056391267	-0.063133702	-0.0220433565	0.0620390236	-0.0137570528	0.0373268967	-0.0478669881	-0.0074737362	0.0142455684	0.0663447569	-0.0223849782	0.1429029488	-0.0618084207	0.0396007706	-0.0384150271	-0.0075788952	-0.0311910812	0.072973876	0.0037165807	0.0263230268	0.0076605762	0.0916151893	0.045830399	0.0119417552	-0.0207053242	0.0268841265	0.0814076616	0.0141262713	-0.0996533115	0.0731719177	0.0110511879	0.1552161779	-0.1150141049	-0.0174923274	-0.0873301424	0.1581736137	-0.0063955876	0.0400151331	0.0016284205	0.0030050712	-0.1056922444	0.0314623055	0.0134249132	-0.0472977609	0.1306210857	-0.0713419906	-0.1082061427	-0.0347048816	0.0030512857	0.0696106205	-0.1246703417	-0.1144069957	-0.0974465331	0.103451315	0.0590611833	0.1394552034	0.1454440978	-0.1223113997	0.0552246882	0.0209765973	0.0256932173	0.1608065426	0.0093957754	-0.0370868677	0.0117951789	0.0496500564	0.0136962682	-0.0781939627	0.0075520688	-0.0224458157	-0.0295082044	0.0317351449	0.0874317598	-0.0052897711	-0.0084223555	-0.072535915	-0.0066250697	-0.0602336731	-0.0307365992	0.0042329107	0.1039780024	-0.1292622336	0.1495836846	0.0197601798	-0.166117106	-0.0084796123	-0.047495515	-0.0988685237	0.0755991451	-0.0189634857	0.1540728261	-0.0177896991	-0.0618486306	-0.0100286401	0.1314409331	-0.002907568	0.0131824768	0.0362292206	-0.0697562089	0.0366599875	-0.030654694	-0.0415536015	0.122255282	0.0462214826	-0.0345270477	0.0763822389	-0.0141272812	-0.1045247573	-0.0373772726	-0.12744637	-0.0082660302	0.0874665224	-0.0880477613	0.0664647673	0.0006910785	-0.0239303263	0.0618814005	-0.0283425907	0.0364283828	0.0535576022	0.1008160592	0.03558764	0.0216992755	0.082228152	-0.1167587796	0.012704902	-0.0241154912	-0.0247500926	-0.0748060232	0.0326270906	-0.0976258559	0.0780243979	-0.0538688488	0.0885003666	0.0888414408	0.0275539663	-0.0429977906	-0.0184335705	0.089454464	0.0600420225	0.0179660749	-0.0278991106	-0.0678800746	-0.0027616406330821	0.002268259829222	5.145002652862669e-06	7.626658986290101e-06	0.0225952777268929	0.1082853963301885	0.011725727058386	0.0005105465755554	-0.0306447393639217	0.0020215565638465	4.086690940831267e-06	0.0009391000506826	-0.0008129999335596	0.0001909992566423	3.64807160379112e-08	6.60968891967914e-07	-1.909663227550596e-08	4.5169137319334074e-09	3.64681364265896e-16	2.0402509661728586e-17	4.699997405826475e-05	1.120696905502344e-11	2.2089975614775597e-09	1.25596155400253e-22	0.0	0.0	0.0	0.0
272.49035075823633	0.5196653686952573	0.2700520954211776	74250.99125634666	442.6624647328552	1.5238011266145008	2.321969873471622	195950.05768336623	252.9050530907828	-0.0341720865204138	0.0011677314971586	63960.96587885166	281.3730926069241	309.3382266751547	1.125102	28.925461	0.2139359253712412	0.1333098228630256	9.59986e-05	0.1664999155	-0.0013518294	0.0237400816	0.0157066292	-0.0024447031	0.0927891768	0.0335679209	0.0436811379	-0.0643770194	-0.0346269876	0.0199452112	0.0695548069	-0.073560174	0.0428471229	-0.0385610931	0.0888673094	0.1418968776	-0.0926743437	-0.0895703458	0.0202078743	0.094671716	0.0498308293	-0.0070563871	-0.0166174601	-0.0692647168	0.025284862	-0.0013399936	-0.0764116795	0.0197855518	0.0128585238	-0.0431213413	0.0457806962	2.69576e-05	0.1137302036	-0.1794922062	-0.0004173242	0.0661425043	0.0389398925	0.0069603089	-0.0062298299	0.014006335	-0.0349216683	-0.0065886807	0.0821881101	-0.0203280297	-0.2116071034	-0.1428531587	-0.1567619602	-0.0637677841	0.095246967	-0.0406376928	0.081377839	0.0136232786	0.1561126422	-0.0111895506	0.1022842759	0.0323820617	-0.0637026776	0.0617549618	0.0091119381	-0.0733689031	0.0718600586	-0.0303475406	0.0792296689	0.0253738702	-0.0339828303	0.0205570007	-0.0966641545	0.0833675412	-0.0025602685	0.0812118663	0.0048941331	-0.0871921897	-0.0593775216	0.0606326192	0.0035775553	0.0740892556	-0.0352802538	0.0334838891	-0.018659175	-0.0365722162	0.0966186632	0.1158964726	0.0366759404	0.0175310151	0.0960061997	0.068153028	0.0278731077	-0.0183427228	-0.0448397796	0.062500908	0.0415821628	-0.0326030642	-0.0420040974	-0.048641513	-0.0281347439	0.1077416879	-0.0281617806	-0.0426252806	0.1096123396	-0.0882953125	-0.0715505494	-0.0230023272	-0.0987735982	0.1389938954	-0.1017069314	-0.1164635913	-0.0322156438	0.1259261089	-0.0704164223	0.1224498808	0.0200667829	-0.1093628054	-0.0900093576	-0.0949826115	-0.0422318067	0.0284850461	-0.0357913183	-0.1198386828	-0.0854964842	-0.0343456826	-0.005831052	0.0981009492	-0.0601278421	-0.0549723506	-0.0165836387	-0.0066219686	-0.0773831088	0.0624684715	-0.0441405812	0.0876727306	-0.0081959553	-0.0528522636	-0.0700312389	-0.0015564106	0.0174131276	0.067755365	0.0887413447	0.0575005252	0.0133121339	-0.033873792	-0.0734322509	0.0042896431332479	0.00705128376633	4.972060275330899e-05	1.8401038210620857e-05	0.1359627875686584	0.1133675098417655	0.0128521922877227	0.0184858796034401	0.0227714638918925	0.0534162032558142	0.0028532907702664	0.0005185395677797	-1.6000036820142115e-05	0.0007969998967394	6.352088354027064e-07	2.5600117824590336e-10	-4.129616648640422e-10	1.868367061064192e-08	1.7053733664728149e-19	3.490795474869645e-16	5.199996379482813e-05	4.999989736563374e-06	2.703996234663436e-09	2.499989736573908e-11	0.0	0.0	0.0	0.0
271.19905338902834	-1.291297369207996	1.6674488957234912	73548.92655910504	440.6145080244037	-2.0479567084515224	4.194126679691594	194141.1446815873	252.8047920631963	-0.1002610275864981	0.0100522736527005	63910.26289011591	281.14452659335336	306.98854980691203	1.086655	27.937037	0.1505043246407096	0.0954030130666222	-0.0592188479	-0.0432260277	0.0475880022	-0.1080626383	0.0429093227	-0.015610743	-0.0240257916	-0.0818380555	-0.122848251	0.0233236025	0.0478152983	-0.1020444142	0.0046711249	0.0704171464	-0.0054761722	0.0789799572	0.0429741257	0.0495754148	-0.0273612032	0.008930773	-0.0439664023	0.0512168117	0.0355780311	0.0300029227	-0.0410437533	-0.0690098636	0.1294868056	-0.1152311805	-0.0305469187	-0.0180593934	0.0719100892	0.0701414675	0.1976932637	-0.0142673125	-0.0961276074	-0.0352863625	0.1015216151	-0.1162931586	0.0247935479	0.1453376556	0.0681749156	-0.0418755188	0.0281885061	0.0712883636	-0.0378353928	0.1043809193	0.0916060157	-0.092993832	-0.0683111174	0.07972317	0.0954143505	-0.0526285274	0.1242292456	-0.0271869036	0.0308773425	0.0167982484	-0.0727541346	-0.1627224335	-0.1003797664	0.0086373343	0.0259469431	0.0710386276	-0.0649801168	-0.0510302415	-0.0969648232	0.0591804042	-0.0569236077	-0.2007711319	-0.0230637964	-0.0532825207	0.0716939532	-0.0128833294	0.0338554927	-0.0796436529	-0.0775710847	-0.0163012974	-0.0522015668	0.0026417129	0.1227392799	0.2189038747	0.1053283009	0.0258902156	-0.1084075868	0.0207200797	0.0014786063	-0.0886316106	0.1041801134	0.0252159527	-0.0029190855	0.1054695665	0.0362203521	0.0699401967	-0.1226784124	0.1265064648	-0.0748738758	-0.0066396561	-0.0197565671	-0.015767785	0.1210057695	-0.0926524536	-0.013529322	-0.0366080356	-0.014101491	0.0271284735	-0.0422082583	0.0246553878	0.0338155356	-0.0891535005	0.0904537353	-0.06304061	0.0773850492	-0.0678040477	0.1062830336	-0.1026777265	-0.0331092004	-0.0529701182	-0.0384943423	-0.0489476697	0.0601670266	0.084152823	-0.018503072	-0.0005182112	-0.0402548409	-0.0206358195	-0.040312238	-0.0567606094	-0.0614948306	0.0118133194	0.0399524852	0.0070514233	-0.1005146736	0.0512920095	0.0444832022	0.0080088458	0.0144638694	-0.1039453994	-0.0486891334	0.1323120474	0.0880063298	0.0549022818	0.0086286366	-0.0397147891	-0.0785316931	0.0007893877101139	-0.003500255423134	1.2251788027178976e-05	6.231329568788666e-07	0.055260054723405	-0.0807027328452534	0.0065129310886923	0.0030536736480337	-0.0005765837425073	-0.0233480476343998	0.0005451313283382	3.324488121237245e-07	-0.0007489998239692	-0.000732999787149	5.372886879605641e-07	5.610007363058926e-07	-6.668589458413976e-08	-6.627293291927573e-08	4.4470085364869996e-15	4.392101637722819e-15	0.0001779996784713	0.0001259997146764	3.168388553588618e-08	1.5875928098552323e-08	0.0	0.0	0.0	0.0
271.18413310523323	-0.0149202837951065	0.0002226148685265	73540.83404803685	441.95121449752594	1.3367064731222629	1.7867841952869583	195320.87599583817	252.74057690924107	-0.0642151539552173	0.0041235859974922	63877.799216416	281.19980242090315	305.4118353597556	0.986583	25.364258	0.0990907493443788	0.0493557794747603	0.0689392756	-0.0250045679	-0.0003225895	0.0557797957	0.0818155644	0.0281672433	-0.0648958279	-0.0110584565	-0.0769969212	-0.0711316935	-0.0557578199	0.1082610132	-0.0027566219	0.0380471138	-0.1151556488	0.0227067125	0.0346414227	-0.0935545217	0.0136837508	0.0783734779	-0.0488418637	0.0437669219	-0.0165255238	0.0887043512	-0.0131805134	0.0718011912	0.0151732648	0.0858082022	-0.1160786331	-0.0741053265	0.0239935969	0.0701729672	0.084816475	-0.0127165189	-0.0110780187	-0.1525918569	0.002193738	-0.0649363522	0.0727013693	-0.0901322206	0.0955778032	0.0263575109	0.0055910333	-0.0444831409	-0.003095599	-0.063180877	0.0395434137	-0.0484369362	-0.0794184554	-0.031297012	-0.0210372918	0.0075519913	0.1523361269	-0.0063061806	-0.1186301944	0.0965204703	0.0459960971	0.0375989312	0.0204435688	-0.0486298603	-0.0065346432	-0.1927145326	-0.0325942642	0.0613328236	-0.0305671941	0.0591122286	0.0111032863	-0.0145806317	0.0230107219	-0.0962887281	0.0109988474	0.0564225171	-0.0022930168	-0.0245593716	-0.0004230029	0.0366992392	0.0784973739	-0.1596049594	0.0265479743	0.0498365191	0.0415085773	-0.0762687148	0.0123596663	-0.0453226065	-0.0189682998	0.0978513172	0.0697495168	0.1791438158	0.0179997629	-0.0178272106	0.0031374707	0.1358807962	0.0870964669	0.017379549	-0.1076284265	0.0407992797	0.0796959693	0.1728613007	0.0138527911	-0.0370598432	0.0473578631	0.1335449442	-0.0132257944	0.0613273969	-0.0377947704	0.0105734909	-0.0408345452	0.0338561031	0.046327538	-0.0365994263	0.0829698592	0.0113711165	0.0499236915	0.0489806182	0.0021569495	-0.0325016372	0.0685893142	-0.0765971127	0.142044667	0.0098008709	0.0949587416	0.0538739377	0.0769946881	0.0412242689	-0.0872592037	0.0385858679	0.0247523568	-0.0289845216	0.0028432386	-0.0780775237	0.0434121349	0.0550194283	0.0575955613	0.0165949554	0.0185006458	-0.0287830573	0.0585305078	0.0962268449	0.0872496007	0.0522498565	0.0039259816	-0.04539905	-0.0831469612	-0.0051077865117576	-0.0058971742218715	3.477666380310573e-05	2.6089483049692877e-05	0.0337812763574874	-0.0214787783659176	0.0004613379200922	0.0011411746323409	-0.0365898885735944	-0.0360133048310871	0.0012969581248568	0.001338819945828	-0.0013369980763461	-0.0005879982523769	3.457419447982886e-07	1.787563856153172e-06	-3.480684318546423e-08	3.1879051398675535e-08	1.2115163325374978e-15	1.0162739180793962e-15	5.199997138954611e-05	-0.0001259997070817	2.703997024513614e-09	1.587592618468778e-08	0.0	0.0	0.0	0.0
272.05385261839007	0.8697195131568378	0.756412031565767	74013.2987245087	438.8949681026835	-3.0562463948424465	9.340642025987451	192628.7930258556	252.7025524295686	-0.0380244796724582	0.0014458610543611	63858.58000441887	280.8438620755588	298.8817294384861	1.263829	32.492016	0.2157294141414104	0.1102188821643697	-0.1146479929	0.0478613893	0.0391715411	0.1335279619	0.1068258832	-0.0173813623	0.1440208336	-0.0536711675	0.065219995	0.0995728841	-0.0027834082	0.0955948245	0.1316545629	0.0663890516	-0.0419756634	-0.0747984634	-0.0264756709	-0.078738116	-0.0774959964	-0.0876902222	-0.0143550299	0.0768634755	-0.0268758677	0.0279674233	0.0245774105	0.0344739039	-0.0971396405	0.0413660466	-0.0126128521	0.1928692114	0.0613671574	0.0169084079	-0.0551061188	0.0035447709	0.1281611118	-0.0246585544	0.024061467	0.0523179906	0.1243457078	0.1419659298	0.0861990757	-0.0582236085	0.0644761426	0.0536739382	0.0885232994	0.0372958017	-0.1311150129	-0.0332269367	0.0297787723	-0.1062332355	0.0510108601	0.0031379808	-0.0043522285	-0.068559394	-0.1004657174	-0.2310532414	-0.0501465549	0.048062028	0.1114392718	-0.1343124034	0.1365960545	-0.0345874903	-0.0225141918	0.1905899404	0.0131675667	-0.0493273052	-0.1062595502	0.0755107646	-0.0860096591	0.0756673007	0.0474227676	-0.0164459755	0.1123369929	-0.0783096134	0.0122059515	-0.0652391739	0.0506082106	0.0271820943	-0.1073146072	-0.0489657145	-0.052899539	-0.0814197467	0.0707233546	0.0674994229	-0.0619316228	-0.0073175157	0.036994261	-0.0279869036	-0.1344210879	-0.0155918622	-0.1112761109	-0.0506288492	-0.0949761706	0.0599210693	0.0422469307	0.0969088279	-0.0871881259	-0.092516663	-0.0665909064	-0.0839702425	0.0562379016	0.1702295017	0.0408137799	-0.1162604766	-0.1160133247	-0.0140425317	-0.0209924346	0.0260471311	-0.0584339077	0.1478225338	-0.0568645814	-0.1834686117	-0.0318977725	-0.0690021852	-0.0723746619	-0.0849765967	-0.0888462071	0.0374319935	-0.0778413856	0.1122040798	0.0155495282	-0.0007088664	0.0558183854	0.0081569422	-0.0381069985	-0.10100336	0.0538149633	0.0348431598	-0.0638327616	-0.0295073832	0.0215952984	0.0050047417	-0.0004589065	-0.1476339481	0.0563129557	0.0756384047	0.0561026631	-0.0117745395	0.0864713441	0.0495458668	-0.0007853901	-0.0509041416	-0.0872496007	0.0045971938263988	0.0097049803381564	9.418664336400231e-05	2.1134191077479243e-05	0.0861518946670685	0.0523706183095811	0.0027426816621278	0.0074221489547256	0.0400623926535743	0.0766522812271687	0.0058755722173289	0.0016049953051291	2.199529272699715e-05	0.001358993369073	1.8468629771846472e-06	4.837929021462936e-10	0.0001810005681035	0.0001810353749466	3.276120565378974e-08	3.2773806982086994e-08	5.199803007924468e-05	-1.9413103014362253e-09	2.703795132122034e-09	3.76868568646241e-18	0.0	0.0	0.0	0.0
272.3322837166363	0.2784310982462443	0.0775238764706097	74164.8727543185	442.1378027795066	3.242834676823122	10.515976741206524	195485.8366466899	253.19259643554688	0.4900440059782625	0.2401431277952233	64106.4908897737	281.6701946838774	315.6101660120299	1.546791	39.76675	0.2153421568344902	0.1239672461108201	0.1111434927	0.0030333727	-0.1104828633	-0.1554734205	0.0143322819	-0.0579393924	-0.0470918187	0.1090300647	-0.0717993179	0.0622670679	0.008465561	-0.0904297144	-0.0377740993	0.0026575576	0.0440985022	-0.1016678399	-0.077756909	-0.0902589051	0.027726157	0.0607191513	-0.0770919756	0.0237870954	0.0050967826	-0.0061544612	0.1072277263	-0.0650174652	-0.1190870107	0.0371062391	-0.1497029271	-0.097597024	0.0509365932	-0.0052231914	0.0992375344	-0.0624416299	-0.0399997566	0.1204566165	0.0511548718	-0.0570869674	-0.0891432327	-0.0474456481	0.083130349	-0.1058013897	-0.0785396855	-0.0081112926	-0.1447403305	-0.0055059727	-0.0123538881	0.004492479	0.0668429776	0.05314984	0.0892493147	-0.101656558	0.0432327357	0.0554128809	0.0643055769	-0.100617113	0.077167542	0.064380847	0.0248718804	-0.0493401477	-0.1121761957	-0.1871874769	-0.0874809119	-0.0812480821	0.1682052154	-0.0105842248	-0.1004110107	0.0238450249	0.0318823069	-0.0734792506	0.0406675061	0.0995606736	-0.1113685431	-0.0323223207	0.0683475166	-0.0302441307	-0.1162552054	-0.0536807822	-0.0128757078	0.0478176533	0.0265821802	-0.0722773177	-0.1958834864	-0.0522575683	-0.0682809278	-0.0326760542	-0.0198804681	-0.033892593	0.0336719728	0.0281458079	0.0545978077	-0.0155430447	0.049059743	0.0056631766	-0.2074977836	0.1217378969	0.1161187482	-0.0557954234	-0.0974925565	0.0109652642	0.090526809	-0.0672984548	-0.0092171825	-0.0503312986	0.0417613923	-0.0508598348	-0.0178933278	-0.1192565193	-0.0109831629	0.1427916665	-0.1002604838	0.0319381051	0.0500061506	0.0706707831	0.016895862	-0.0303309462	0.0448973539	-0.0578579979	0.1270540963	-0.0933337993	0.1390982314	-0.073127571	-0.0177583779	0.0070064014	-0.0164548393	-0.0087343692	-0.0636176349	0.1086979272	0.1105652568	-0.0638841842	0.0288257324	-0.0901318939	0.0388383176	0.0099963495	0.0018007828	-0.0534029703	0.0066251786	0.0037464837	0.0856717519	0.0467929814	-0.005495018	-0.0562083378	-0.0908143174	0.0029338027360807	-0.0016633910903181	2.7668699193496387e-06	8.607198494234601e-06	-0.0041383485390866	-0.0902902432061551	0.0081523280182266	1.7125928630960197e-05	-0.0120246508114192	-0.0520870434649935	0.0027130600969241	0.0001445922271365	-0.0012229999862528	-0.0012449952789797	1.5500132446819826e-06	1.4957289663743487e-06	-3.177296448164668e-08	-0.0001810323410679	1.0095212719519817e-15	3.2772708512554034e-08	5.199999149193776e-05	1.961412693084218e-09	2.7039991151615997e-09	3.847139752591887e-18	1.0	0.0	0.0	0.0
271.4636977844888	-0.8685859321475391	0.7544415215246094	73692.53921482826	439.15042177657006	-2.9873810029365586	8.924445256706239	192853.09294653937	252.8108192138388	-0.381777221708063	0.1457538470151275	63913.31031157229	281.1584353079688	306.1878539642236	1.180376	30.346504	0.0922174154907165	0.0599847529442314	-0.0389515877	-0.0145977918	0.0898461259	-0.094238707	0.0206206055	0.0819650444	0.029685419	-0.1309906578	-0.0721199242	-0.0489332073	0.0240568431	0.011708085	-0.0151572367	0.0205682675	-0.0053292002	-0.0241958759	0.0250939346	0.0320456222	-0.0144186558	0.0232658196	-0.0184817205	0.0460690256	-0.0113747929	0.0513555368	0.0278790058	0.0648346921	0.0443969121	0.0061264529	-0.1397850564	0.0643361998	-0.0096532346	-0.0334079966	0.1896570315	-0.0431245273	-0.0636515711	0.1006431703	-0.0572758091	0.084657383	0.0374434426	0.027305902	0.1404343545	0.0614813294	-0.0355913321	0.0988918156	-0.0061798772	0.0027977556	-0.0048959085	0.148478553	-0.0500002949	-0.0706052076	0.0147850287	0.0742553973	0.0892889448	0.1105128396	-0.0092940989	0.0821298656	-0.0622312892	0.0759632103	0.0375220988	-0.0784178274	0.1943614961	0.1537294065	-0.0986182666	-0.026745581	0.0367038892	-0.0051494226	0.0893878446	0.0901336157	-0.0136531742	-0.0479697897	0.0276968169	-0.0487574947	0.0545237272	-0.068380516	-0.0257187152	0.070293591	0.0095314901	-0.0595548125	0.0486296331	0.0980035321	-0.0579149642	-0.1072955408	-0.0903144803	0.1319499229	-0.1477446549	-0.0064889956	0.0485723179	-0.006038898	0.0781108693	-0.0756155403	-0.0935484051	0.0017750404	-0.0728294888	0.0790957993	0.1331995383	0.0377986417	0.1062775254	-0.0445841307	0.051372573	-0.0139263527	0.0272280974	-0.0846373885	0.1433611545	0.0429448749	0.020459366	0.0079061452	0.0564586145	0.0723380606	0.0615025668	-0.1038998119	-0.0321866386	-0.0269441422	-0.0166648044	0.0026393309	-0.0258491977	-0.0396151595	-0.0466445875	-0.0501539605	0.0989962426	0.0891688791	-0.0277346578	0.0565260825	0.0231378127	0.0415131907	-0.0777241616	-0.126032629	0.0125365958	-0.0638875361	0.0146857554	0.0097244165	-0.1612722762	-0.0658169747	0.0123024274	-0.0118212886	0.0310845583	-0.0438884436	-0.0208401364	0.0003179776	0.0848510215	0.043993917	-0.0101924456	-0.0612907054	-0.0938191336	-0.0050891314511432	-0.0080229341872239	6.436747297252603e-05	2.5899258927014897e-05	0.0467015668144199	0.0508399153535065	0.0025846969931517	0.0021810363429217	-0.0069232170375386	0.0051014337738806	2.602462654928967e-05	4.7930934148864745e-05	-0.0007960033242811	0.0004269966619716	1.8232614933497419e-07	6.33621292266562e-07	0.0001379792728897	0.0001380110458541	1.90382797471703e-08	1.9047048777765032e-08	5.2054927188166576e-05	5.493569622881493e-08	2.709715444565324e-09	3.017930720144631e-15	0.0	0.0	0.0	0.0
271.6079477835923	0.144249999103522	0.020808062241366	73770.8772992146	441.0796571059966	1.9292353294265467	3.721948956307557	194551.26391274357	252.83883619397267	0.0280169801338558	0.0007849511758208	63927.47708792254	281.1953961221146	306.5909552140017	1.024751	26.34552	0.0915461947091873	0.0431163068741606	-0.013349795	-0.0198429224	-0.148467508	-0.0031492356	-0.0160628107	0.0301503713	-0.0044482513	0.0706962923	-0.0492539007	0.0633929064	0.0879356597	0.0746528392	0.0237502157	0.0175089882	0.1002263131	0.1314298076	0.0273229223	0.0455138922	-0.0147925372	0.022050755	-0.0707339045	0.0778932813	-0.0359749244	-0.0236900291	-0.0240670038	0.0018847849	-0.042343558	0.1138326193	0.025486486	0.0432280265	0.0233445958	0.0599180009	-0.012941038	0.1186182246	-0.158164128	0.0745523847	-0.0460726164	-0.0416841337	-0.0548587584	0.0009574626	-0.136507321	0.0355939765	-0.0044564613	0.0676313805	-0.0082436702	0.0066690144	-0.0259178295	0.139876553	0.0576998255	-0.0513103392	-0.0228170077	-0.0420391944	0.0369109211	0.0342102606	0.074852705	0.0070306452	-0.1399636473	0.1888198026	0.1084391372	-0.0606176781	-0.007453324	0.0085575667	-0.0681722085	-0.064295174	-0.1062894666	0.0757879402	-0.0373517944	0.0135677706	-0.0153458804	-0.0210765055	0.0332257634	0.1013844231	0.0417076917	0.0056586319	0.0892251527	-0.085327131	-0.0198900632	-0.0021640229	0.1104682287	-0.0749782189	0.0276947987	0.0361141335	0.0001843791	-0.0310213769	-0.1282835622	-0.0355138516	-0.0943722551	0.0457461134	0.0695502362	-0.0989899878	0.0268921643	0.0249173448	0.032852621	-0.0063381268	0.0788746263	-0.0416161475	-0.0032353074	-0.064816899	0.1179779473	0.1359889528	0.0563913607	0.0120249274	0.0627530141	-0.0389549072	-0.0053079764	0.1044912941	-0.0113344779	0.0224404348	0.0478364127	0.0774850762	-0.0681631836	-0.0759970212	0.0357310344	0.2052575837	-0.0180083769	-0.0677387396	0.0497283378	0.0355202941	-0.0317954868	-0.0394951209	0.1177720177	0.0106864992	-0.0365441717	0.1272883346	-0.1134183463	0.0004909115	-0.0207387338	-0.0560157448	0.0832692097	-0.0100287921	0.0468281071	0.0155450361	0.0057554342	0.0413329393	-0.0312156953	-0.0547016611	0.002553351	-0.0365603155	0.0840093554	0.0411514359	-0.0148672434	-0.0661311865	-0.0962455236	0.0003861106267919	0.0054752420779351	2.9978275811991075e-05	1.490814161216339e-07	0.0299923963308259	-0.016709170483594	0.0002791963782498	0.0008995438376653	0.031840455356658	0.0387636723941966	0.0015026222974845	0.0010138145973193	-0.0002830103221429	0.0005129930021382	2.631618202427633e-07	8.009484243942805e-08	0.0001559809855671	1.8001712677399997e-05	2.4330067858483855e-08	3.2406165931966376e-10	0.0001330224074418	8.096748025363342e-05	1.7694960881612248e-08	6.555732858622518e-09	0.0	0.0	0.0	0.0
271.0868875636743	-0.521060219918013	0.2715037527810081	73488.10060896019	440.6034148860985	-0.4762422198980971	0.2268066520134675	194131.36920929144	253.05184723411853	0.213011040145858	0.0453737032240203	64035.23738859966	281.5262708620732	306.06559263978176	1.151051	29.5926	0.1700851642807099	0.0914387642993097	0.0704237014	-0.0544038608	0.1352278685	-0.0982926597	0.0152933018	0.1218447086	-0.0603197046	-0.0724972035	-0.0970364222	-0.0572575201	-0.0345740187	0.0419708783	-0.0868473085	-0.0316043042	-0.0702830626	0.0083251876	-0.1197743682	-0.0849210687	0.044404633	0.1136558088	-0.0794587436	-0.0300642529	-0.076630724	0.0753995655	0.101032525	0.0629874342	-0.1091677926	-0.0364374566	0.0100822741	0.0072483235	0.0196079915	0.021161467	0.0118011219	-0.069210118	-0.155435642	0.0388165628	0.0042652561	0.0536839636	0.0859335478	-0.0876817436	-0.0541883188	0.0066502978	-0.046888075	-0.114480781	-0.0416937026	0.0939475274	-0.0379083625	0.1076088449	-0.0973822862	0.0026330338	-0.0686546911	-0.0090425556	-0.0185380345	-0.0809767855	0.0339115773	-0.0837911279	-0.1068974383	-0.0726976352	-0.0391207271	-0.1471410121	-0.0534785461	0.0307307954	0.0905156097	0.0479305128	0.0573762357	0.0469421913	0.0673210247	-0.037558505	0.0522354708	-0.120583604	0.063703517	-0.0851565264	-0.0472196369	-0.0457390757	0.0645040399	0.0941258303	-0.0060919192	-0.0963182394	-0.0556834322	-0.099743904	-0.0901868778	-0.0328166145	-0.0109802527	-0.1099066215	-0.1350547849	0.0355114299	0.0021457346	-0.0414919674	0.1203159313	-0.0440565866	-0.0602403805	-0.007091629	-0.1505971065	-0.1739744685	-0.0292974071	-0.0165545639	0.12677931	-0.0171618026	0.0959291681	-0.0568739818	-0.0683347964	0.0035582208	0.0236706494	0.0338814902	0.0600133579	-0.0259111796	0.0946269882	-0.0271192988	-0.0437694678	0.0529050439	0.0120876132	-0.1018064902	-0.1022161305	-0.0998490721	0.0354943755	0.0133472973	-0.0774073806	-0.1019010397	0.1831023882	0.0443094762	0.0176244431	-0.0674449871	0.0586445472	0.061549545	-0.1406203932	0.0606364489	0.1227257272	0.0041845666	0.0905372939	-0.0270878468	-0.0552526771	-0.0538864628	-0.042419065	-0.0855261571	0.0420355593	0.0229065368	0.0146932054	-0.107645257	0.0831469612	0.0382683432	-0.0195090322	-0.0707106781	-0.098078528	-0.0051000983877287	-0.0054862090145206	3.009848935100709e-05	2.6011003564512884e-05	-0.0262936222882927	-0.0562860186191186	0.0031681158919917	0.0006913545730394	-0.0167790050057092	-0.0486194603623671	0.0023638519259277	0.0002815350089816	-0.0013610040426876	-0.0010779937205447	1.1620704615338048e-06	1.8523320042119904e-06	0.00019096435937	3.49833738029e-05	3.64673865495945e-08	1.2238364426334296e-09	5.212997609532896e-05	-8.089243134647104e-05	2.717534407699569e-09	6.543585449143531e-09	0.0	0.0	0.0	0.0
271.7044548643013	0.6175673006270017	0.3813893708037215	73823.31079310713	441.4498165365676	0.8464016504690903	0.7163957539168001	194877.9405201692	253.15360019548868	0.1017529613701526	0.0103536651475957	64086.745291937325	281.57989183691325	300.6539687204397	1.302972	33.498367	0.2446627445108749	0.1196325843327271	-0.0588342137	-0.0800919867	-0.1316153528	0.0979509095	-0.0980515519	0.1118401354	-0.007681981	0.0790225655	0.0481955505	0.0534109089	0.1152596719	0.1504420516	-0.0115674124	-0.0298291844	0.0228492141	0.0363789066	0.037046296	-0.0054935356	0.054088649	-0.0714126112	0.0740809734	0.0095179234	-0.1114521457	0.0130178652	-0.0580479489	0.0476786311	-0.2418917042	0.0777012591	0.0645087862	0.1044051365	-0.0169029202	-0.0275790811	0.0665006373	0.0636116494	-0.0227179912	0.0132150441	-0.1109981333	0.0137992804	-0.02353468	-0.1320590144	0.0582059194	-0.0389341488	0.0698587854	-0.0771746221	0.0554348636	0.1133069053	0.0153538744	0.0479862319	-0.1964437439	0.0130748116	-0.0915163253	0.0735884666	-0.0639089456	0.0505636959	-0.1175047826	0.0552478311	0.0384218572	-0.0224290922	0.0385028585	-0.0110571573	0.048742214	0.0897012674	-0.0877610369	-0.1027673783	0.0138772884	0.1304429545	-0.0435659819	0.0548816917	0.0412504027	0.090899786	-0.0609716302	0.0114019004	0.0548776434	0.0296061155	0.0653137749	-0.1526043987	0.0514322205	-0.078873785	0.1084281727	-0.0270724367	-0.1872660606	0.0930841407	-0.0128170945	0.0264631565	-0.1373044931	0.0505754413	0.0791846906	0.0187316454	0.0071143706	-0.1710297877	-0.1159576467	-0.0562208692	0.0503961975	-0.0588240192	-0.0499850251	-0.0032560834	0.0279279323	-0.0546077124	-0.1250664985	-0.0609158268	-0.1270706391	-0.0291021398	-0.0140435421	-0.0256515776	-0.1831071835	0.1005754984	0.0980808956	0.0910872722	-0.0998962743	-0.090850089	0.0354381094	-0.0009844769	-0.0115019227	0.0984423406	0.062787425	0.0072144838	0.0594848037	0.1333548646	-0.1268596188	0.0223659786	0.1061577793	0.0224313855	0.0236769605	0.1391275872	-0.074756902	-0.1467182201	0.0612060491	-0.1096770415	-0.0204265834	0.1095252992	0.0282147065	-0.113596977	0.1319441498	-0.0071129174	-0.0219372696	0.0027301658	-0.1255488735	-0.0146719977	0.0822640518	0.0353474844	-0.0241075061	-0.075011107	-0.0993068457	-0.0050961792108665	3.91917686220003e-06	1.5359947277204073e-11	2.59710425492679e-05	-0.1192396760527003	-0.0929460537644076	0.0086389689103761	0.0142181003451529	0.0496790238091833	0.0664580288148925	0.004416669593961	0.0024680054066334	0.0001530004078084	0.001514004450496	2.2922094761216952e-06	2.3409124789536713e-08	3.966800221633093e-09	-0.0001909603925697	1.5735503998348358e-17	3.6465871530403865e-08	5.199996406685517e-05	-1.3001202847379173e-07	2.703996262954229e-09	1.690312754787003e-14	0.0	0.0	0.0	0.0
271.5230802861101	-0.1813745781911961	0.0328967376140343	73724.78312805739	441.79356402007625	0.3437474835086505	0.1181623324185299	195181.5532095612	252.716031680116	-0.4375685153726749	0.1914662056454468	63865.3926681454	281.05759864239246	305.4860410672368	1.294116	33.270687	0.2928080471887494	0.2572154813996128	0.0494270738	0.1029747605	0.1322757051	0.0664317701	0.0427689413	-0.0069043335	0.034903774	-0.0324501282	0.0036910423	-0.0951933069	-0.0601100182	0.0998943934	0.0422319995	-0.0243595137	0.1236475323	0.0157580034	-0.0263077517	0.0042848258	-0.0724652222	0.0305899105	0.0220918463	0.0953284921	0.0544105024	0.0652410914	-0.0249170248	-0.0696201251	0.1227395108	0.0836604415	-0.0308935598	-0.0183698333	-0.1078704261	-0.0312846508	0.0760525644	0.1469256864	0.0158063069	0.0837600076	-0.0341621947	-0.091298473	0.0564058976	0.0290126363	-0.0922581878	0.022879569	-0.108953904	-0.2644712908	0.0432469186	0.029403108	0.032145315	0.0194854806	0.0795262863	-0.1032367813	0.0381330453	0.0511201908	-0.1355816424	-0.0991338314	0.0460792755	-0.096492952	0.1306621945	-0.0791634204	-0.0408093721	0.02365846	-0.130906592	-0.1035187766	0.0453399797	0.0287081215	-0.0427998814	-0.0305638288	-0.1130022084	-0.0965095554	-0.0625472512	-0.0239096344	-0.0301489472	0.0434630887	-0.0036866	-0.1115731687	-0.0542028732	0.1260945499	0.0725467615	0.1018549227	0.005701657	-0.0448221748	0.1032988898	-0.0605896161	0.08490405	-0.0196969984	-0.0780726065	-0.0792148112	-0.1159879572	0.0244399418	0.0031912451	0.041973961	-0.1433387363	0.0547773802	-0.0051387038	0.0159960383	-0.1629340973	0.0432849552	-0.038217901	0.021549044	0.052873921	0.1867307937	-0.1928390106	0.0679987175	0.0092982884	-0.0887621382	0.1305275372	0.010660667	-0.0026727918	-0.0549510288	-0.0434471559	0.0943046764	0.1472455045	0.0580466617	-0.1047461545	0.0396599437	-0.0695711465	-0.0510193818	-0.020722396	-0.0441631146	0.0306947327	-0.0462787393	-0.1057651222	0.0269632934	0.0037600412	0.0327513959	-0.0948520419	0.0861275648	0.0176897852	-0.0992263127	-0.0984200068	-0.0508335812	-0.0235623982	-0.0032953859	-0.0353735648	-0.0346221173	0.0552751189	-0.0124452799	0.1311969866	-0.1512457606	0.081360845	0.0323917418	-0.0286524553	-0.0790155012	-0.0999229036	0.0025728251163315	0.007669004327198	5.881362737058165e-05	6.619429079226196e-06	0.1392172718913684	0.2584569479440687	0.066799993940563	0.0193814487928751	0.0364973317164043	-0.013181692092779	0.0001737570064288	0.0013320552224172	-6.30000262965558e-05	-0.0002160004341049	4.665618753352935e-08	3.969003313366722e-09	-3.320488550784262e-09	-7.287288772417355e-09	1.1025644215889369e-17	5.3104577652600043e-17	0.0001060002991672	5.400033510034482e-05	1.12360634235359e-08	2.916036190949533e-09	0.0	0.0	0.0	0.0
271.3766798874429	-0.1464003986671969	0.0214330767299141	73645.30238673165	440.1193473251773	-1.6742166948989734	2.803001541478442	193705.03988994003	253.21906469831697	0.5030330182009664	0.2530422174003737	64119.89472669044	281.489935784201	302.2869280448437	1.194561	30.711205	0.3375786436258003	0.2826307804932926	-0.0157595025	-0.1169455212	-0.061406979	0.0213399863	0.0747057586	0.0328217793	-0.0799587506	0.0124300153	0.0090240937	0.1410293318	0.0587169589	0.0270565038	-0.0306022381	-0.0083141697	-0.0214990789	-0.0193715988	-0.141596969	-0.0246224002	0.0889310172	0.0453932872	0.0856517541	-0.0016236699	-0.0550030577	0.065610931	-0.0325997642	-0.0254180318	-0.0361586616	0.0093130092	-0.0634943613	0.0468202197	0.0126856026	0.1081592277	0.0978684844	-0.1037808029	-0.177068856	-0.0487798154	-0.1646903512	0.0799473742	0.0373765199	-0.0739516251	0.060325924	-0.0940551636	-0.0537935314	-0.0359939101	-0.0104806563	-0.032101397	0.0184195339	-0.0509987747	0.0594573036	0.0218623094	-0.0147121482	-0.049661593	-0.0910776428	-0.0046191707	-0.0175966	0.1415904875	0.0295101384	0.1113980103	-0.0091476585	-0.1224117489	0.0163501543	0.1010077493	0.0223451946	-0.0218181585	0.0345866245	-0.0032965062	0.0120433345	-0.0220016444	0.0859626403	-0.0218173998	-0.0698496966	-0.0651053854	0.0139961785	-0.0384940591	0.0529714934	-0.1274317563	0.0046504271	-0.0162853846	0.0439631466	0.0636137657	-0.0314984649	-0.0404522082	-0.0328043499	-0.0672267225	-0.085439425	0.0372290299	0.0940779257	-0.027764596	-0.0446776717	-0.1025678271	-0.0011266367	0.1774321804	-0.0743392332	0.0674907435	-0.1263819904	-0.0611826698	0.1462146963	-0.06545556	-0.0742734029	0.0798807936	0.0281710785	-0.0511196126	0.0720719297	0.12487259	0.0193172289	0.0093813545	-0.024553354	0.146768598	-0.0486677766	-0.0334403981	-0.0083192976	0.0110309156	-0.0158321868	0.0507483252	0.0831564423	0.0615003854	-0.0161146071	-0.0052025345	-0.0250165908	0.0441004392	0.1202103805	0.0484166161	-0.0345911647	-0.0418725942	-0.0102678177	0.0787996287	0.0913751128	-0.0702627661	-0.0785181322	-0.0144107912	-0.0810681675	-0.0689956695	0.0976405916	-0.0358966069	0.091539415	-0.0927547719	-0.0581765789	0.0184779463	0.0804375635	0.0294040325	-0.0331337888	-0.0827080574	-0.0999229036	0.0060974455185345	0.003524620402203	1.242294897962564e-05	3.717884185149645e-05	-0.1371986937300278	-0.2764159656213962	0.0764057860504088	0.0188234815612259	0.0092571315105729	-0.0272402002058314	0.0007420285072537	8.56944838040417e-05	-0.0005770037642606	-0.000514003737964	2.641998426410098e-07	3.3293334397090205e-07	8.09731447406481e-05	8.097646522919888e-05	6.556650169189946e-09	6.557187921015655e-09	9.302335443304804e-05	-1.2976944734151958e-05	8.653344469976478e-09	1.6840109463323422e-10	0.0	0.0	0.0	0.0
271.69627363997205	0.3195937525291583	0.1021401666556689	73818.86510984656	441.9148771259146	1.795529800737313	3.223927265335776	195288.75862521215	252.258954295011	-0.9601104033059756	0.921811986536363	63634.58002201245	280.6801098943914	304.0270154407098	1.416052	36.40556	0.4315465176284185	0.3419155831428249	0.0227063202	0.1616055445	0.0546834015	0.1572267253	-0.0114416311	0.0176660411	0.0725911292	-0.004010004	0.0445003028	-0.1027643005	-0.1008988048	0.136024314	0.0191723154	-0.0823447486	0.0542961186	0.0424979087	0.0504278068	0.1171206504	-0.1300681973	0.0130592737	0.1207864476	0.0798843714	0.0784861939	0.0381945999	-0.2151896205	-0.0172320799	0.0740637894	-0.0093957162	-0.0135173392	-0.0057691224	0.0458084165	-0.1054019059	-0.1015986004	0.0022149413	-0.1108570906	-0.1297053071	-0.1425700043	-0.0435769028	0.0565245286	-0.0171343496	-0.0560931092	0.1239561869	-0.0384105383	0.0250889478	-0.0280525649	-0.0843302324	0.1319720043	-0.0711180778	-0.0130169265	0.0003479561	0.0359307775	0.0874678052	0.0328182616	-0.091182667	0.0305866332	-0.0389379071	0.0146406099	0.1046356841	0.1703618518	0.1276543107	-0.1269254595	-0.0060371401	0.0868654753	-0.0125267608	-0.0725268826	0.1665792049	-0.0803811037	0.0838102166	-0.1202733972	0.0034338752	-0.1519590522	0.0877445085	0.055124197	-0.0116656222	-0.1212196185	0.0599158511	0.1780006585	0.0604164135	0.0056268699	0.0311478453	0.0927099151	0.0872828892	0.1439977203	-0.0043706636	0.0844926755	-0.0107051938	-0.0481063476	0.0807099027	0.1009400295	-0.1365635072	0.0133267145	0.1558054297	-0.0692358641	-0.0126271785	0.0054428187	-0.1612327177	-0.0020692744	0.0563673578	-0.0280425919	-0.0057881478	0.0396216406	-0.0208514629	-0.1499133277	0.01984878	0.0984508721	0.0051460312	-0.0023988687	0.012761584	0.1325369621	0.0788331186	0.0011166808	-0.1709131278	-0.0224241043	0.0171675953	-0.1169329928	-0.0507197464	0.1372327762	0.0010958655	-0.0749426318	-0.0745577646	-0.1803944021	0.1171922898	0.0774045508	0.0808793387	-0.0340308626	0.0490373148	-0.0891037688	-0.0186428486	-0.1674731988	0.0363611735	0.0366245691	0.1039205494	-0.0483420948	0.1257713926	-0.0127360585	-0.0249759197	0.0268626273	0.0500468371	0.0794944353	0.026387305	-0.0375415571	-0.0860742027	-0.0993068457	0.014734434126808	0.0086369886082735	7.45975722194462e-05	0.0002171035490372	0.1958756487886006	0.3330743425186284	0.1109385176442165	0.0383672697883552	0.0798901918280989	0.0706330603175259	0.0049890292098192	0.0063824427503304	-0.0003789952217261	0.0001980085425344	3.920738291663689e-08	1.436373780912157e-07	-0.0001050175574339	-0.0001859907021745	1.1028687369382484e-08	3.4592541295381445e-08	9.298007546228291e-05	-4.327897076512129e-08	8.645294432971825e-09	1.873069310488223e-15	0.0	0.0	0.0	0.0
271.3120552083176	-0.3842184316544603	0.1476238032230132	73610.23130136117	438.09382186674736	-3.821055259167224	14.6004632936095	191926.19675781336	252.1656694394472	-0.0932848555637804	0.0087020642775553	63587.52484384456	280.26785547694726	300.53388848136115	1.298783	33.390675	0.0965071524380238	0.0749589959594746	-0.1868639996	-0.0025979174	-0.0234092782	-0.023359452	0.1469072574	0.0240567467	0.1490529186	-0.0638620409	-0.0592147187	0.1246425901	0.0269659428	-0.0645386281	0.1624415904	0.0917615584	-0.0248214687	0.0046493858	-0.0429130771	0.0967547738	-0.1162136827	-0.0369281218	0.0082907299	0.0531019251	0.0508523564	0.1440971562	-0.04439349	-0.0836576201	0.0529778573	-0.0608906314	0.1281085752	-0.0342877179	0.1177024901	0.0360535218	-0.0582010653	-0.1077604849	0.099782282	0.0685842185	0.0048835651	0.0646150299	-0.0395567806	-0.0382680778	0.0696394267	-0.1135860841	0.1529538508	0.0711563342	-0.0808928755	-0.0976671337	0.1526889679	0.0091454674	0.0970366298	0.0153896396	-0.0583817544	-0.1186942171	-0.0431470177	0.0364189832	0.0193754475	-0.0636832681	-0.0596455457	-0.0222125088	0.1053384391	-0.0582621921	-0.0584447248	0.1039363093	-0.128901194	0.0993655765	-0.0620193981	0.0407102785	0.0089874519	-0.1184128668	-0.1193083253	0.0071236933	0.0483481478	-0.0749851859	0.0641218606	-0.1420527397	-0.0600982756	-0.1241667668	0.0441110964	0.0550515473	0.0248330236	-0.0019699363	0.1243797577	0.0711224915	-0.082418468	-0.1370870218	0.1050175964	0.0254301274	0.0507539555	-0.0725676162	-0.1046374654	0.0693371078	0.0460557806	-0.1895972592	0.0123611807	0.0469365094	0.0511805084	0.0189372428	-0.0088468459	-0.0742274785	-0.1076394898	0.0238308162	0.0409938884	-0.0493258444	-0.0043130185	0.1607299838	0.141974383	-0.0624548736	-0.0553408574	0.0906863874	-0.0297525547	0.0374512032	-0.0683258396	-0.1421511359	0.0282914182	0.0672878974	-0.1107882514	-0.0744719044	-0.1247669176	-0.0194767946	-0.0993139532	0.0954365904	0.0131423354	0.0181092069	0.0083525923	-0.0606393205	0.0105666281	0.0447425109	0.0405543597	0.0489899054	0.0726637593	-0.0190308235	0.0029667478	0.0308133953	0.0256371156	-0.0063192878	-0.0048827617	-0.0559348332	0.0528773399	0.188924471	0.0785316931	0.0233445364	-0.0418659738	-0.0891006524	-0.098078528	0.0171367619267357	0.0024023277999276	5.771178858305462e-06	0.0002936686093336	0.1221556034670499	-0.0737200453215506	0.0054346450822114	0.0149219914583991	0.0930737532731385	0.0131835614450395	0.0001738062923751	0.008662723548349	-0.0003469889129692	3.200630875690004e-05	1.0244038002420164e-09	1.2040130572354705e-07	-0.0001100345767952	-5.017019361300008e-06	1.2107608090498768e-08	2.5170483271659135e-11	0.0001999811047742	0.0001070010293119	3.9992442266709566e-08	1.1449220273809742e-08	0.0	0.0	0.0	0.0
271.7908980772587	0.4788428689411148	0.2292904931357576	73870.29227764283	442.5729015189157	4.479079652168366	20.06215453046869	195870.7731588719	252.934404625351	0.768735185903779	0.5909537860465176	63975.81304318078	281.3309996126539	305.9189869589694	1.254602	32.254818	0.1685178539663422	0.0878797367349594	0.0850310795	0.0462474124	0.0209768705	0.0208689633	0.0550565358	-0.0319542712	-0.0657790244	0.0763645239	-0.0737193012	-0.0619572636	-0.1297257333	-0.0461566451	0.0388098482	0.1832297171	-0.1096050283	0.0009110314	0.0107266853	-0.0105094672	-0.0195749204	0.1062463299	-0.0370038168	0.1075816842	-0.0075098915	-0.0249277535	0.06428003	0.0597508822	0.033841178	-0.0397714369	-0.1051660631	-0.0492186352	0.1036914115	0.0667462981	-0.0585275563	-0.0369306942	0.0666440877	0.0705050823	-0.0978361454	-0.0106871309	0.019723268	0.0072025091	-0.0590807708	-0.1099670181	-0.0383309731	0.0006212148	-0.0127783176	-0.0701374868	0.0636051941	-0.0189569922	0.1287946428	-0.1108122734	-0.0421495012	-0.03980512	0.0379856249	-0.0052445887	-0.0760971276	0.0712927366	0.0981613566	-0.0717732702	0.0287909818	0.1163934025	-0.0122500819	0.1005392445	-0.1204628755	-0.0442065066	-0.0517700532	-0.0022827473	-0.035622022	0.0241884038	-0.0126781688	-0.122720559	-0.0197873062	0.1173685727	0.0048651161	-0.0217615891	0.0348717647	0.0496416454	-0.0387201312	-0.1265704548	-0.0776985895	0.0629841933	0.099771995	0.0366614601	0.076124086	-0.0138887474	0.0198330842	-0.0100083471	0.0515043326	-0.0525238565	-0.0525651675	-0.0201792944	0.1344263834	-0.0765518572	0.0597405355	0.0847471273	-0.0310028865	0.0781665778	-0.0067906488	-0.1369722709	-0.077714401	0.0838641013	0.0251217265	0.0929912627	-0.0246379884	0.148104725	0.018456895	0.0661708206	-0.0322191822	-0.0184675936	0.1108326069	-0.0571703361	0.0897473557	0.0047847062	0.0887249031	0.0215186079	-0.0402564951	-0.0626560673	0.0985638174	-0.0872863247	0.1247696976	-0.008236052	0.0308125854	0.0341058676	0.0754090167	0.0346919392	-0.0005094303	-0.0437587837	-0.0043772574	0.0517532695	0.0505321913	-0.039214464	0.1351784843	-0.0193527985	-0.0590955583	0.0367328406	0.0021876938	0.095002301	0.0967694064	0.1870239786	0.0775495743	0.0202787295	-0.0460974375	-0.0917754626	-0.0962455236	0.0149485216073657	-0.0021882403193699	4.788395695316513e-06	0.0002234582982458	0.0790627318947372	-0.0430928715723127	0.0018569955803478	0.006250915574659	0.0315808918612035	-0.0614928614119349	0.0037813720046274	0.000997352730749	-0.0014079987139164	-0.0010610098009472	1.1257417977060174e-06	1.9824603783902367e-06	-1.8583712591002666e-07	0.0001098487396692	3.45354373664991e-14	1.2066745606931442e-08	0.0002640001774122	6.401907263800001e-05	6.96960936736731e-08	4.098441661429522e-09	0.0	0.0	0.0	0.0
272.53013768519776	0.7392396079390551	0.5464751979458878	74272.67594671284	439.751406129649	-2.8214953892667154	7.960836231653333	193381.2991930035	253.3359197407017	0.401515115350719	0.1612143878551012	64179.08823086726	281.47819419292955	303.168619914733	1.049116	26.971933	0.112506756973983	0.0611940623685179	-0.0578185522	-0.0593295629	-0.0002133896	-0.0048335089	0.1224489554	-0.0726493748	0.0094771204	-0.0785480278	0.066931823	0.1413676642	-0.0833371095	-0.0780931487	0.0090933225	0.0504007726	-0.0877148629	-0.0257836032	-0.0224979016	-0.107230565	0.0035718153	0.0515599921	0.042562194	0.1058694081	-0.0382077138	0.0192191964	0.0416592979	0.0012668505	0.0014521913	0.0140168983	-0.0078529027	0.0457185962	0.095418047	0.1283841047	-0.1459600233	0.0776542611	0.0613569283	-0.109066509	0.0153529456	0.042377536	0.0418534538	0.0484577072	-0.0041761332	-0.007980683	0.0215797372	0.0278550955	0.0151166206	0.0245557522	0.0681704867	0.0473140424	-0.1042848845	0.1716741904	0.1438681969	0.0362902896	0.1002542875	-0.066861023	-0.0918745945	0.0732446839	0.0211665386	-0.0603587481	-0.0197870614	0.005092106	0.053726776	-0.1514544068	0.00602165	0.0696188911	-0.0972357019	-0.1078977488	0.0716141298	0.1490419168	0.0012788401	-0.0472907681	-0.0319880273	-0.0594427218	0.089920896	-0.1032981882	0.0562048898	-0.0557318984	-0.0511213965	0.0237370454	-0.1176782863	0.0401750799	0.0285272939	-0.1418376401	0.0540454666	-0.067322478	-0.0111458804	0.0239140964	0.0372164491	0.0149940036	-0.1217898331	0.0144693539	-0.0379857335	-0.0930698969	-0.0026107989	0.0217174763	-0.0627321631	-0.0418042106	-0.1286613707	0.097304301	0.094601009	-0.0389256099	0.0498916134	0.05520597	-0.0688552201	-0.0061129218	-0.037196738	-0.0646457394	-0.0141989505	-0.0814049649	-0.1259485578	-0.1587601171	0.1166048739	-0.0327123565	0.1538584722	-0.0452745458	-0.0127578061	-0.043324573	-0.0579811269	-0.0697130001	0.048459582	0.0777448551	0.120982283	0.0235913659	-0.0392952583	-0.0662870403	0.0372678593	-0.0225739254	0.1102967181	0.0337939003	-0.0818695995	-0.0922944036	-0.0498145238	-0.0948528168	-0.0431471793	-0.0264977491	0.0597426235	0.1554437651	0.1384071779	0.0130483211	0.0765483213	0.01719291	-0.0502265533	-0.0940880769	-0.0938191336	0.02083574527785	0.0058872236704842	3.465940254631062e-05	0.0004341282812834	0.0270429603412907	-0.0520197715534465	0.0027060566324727	0.0007313217040206	0.0313772479001812	-0.0002036439610222	4.147086286085196e-08	0.0009845316857894	-0.00068899109772	0.0007190076161964	5.169719521484298e-07	4.747087327374105e-07	-0.0001980321576209	-0.0001978463204949	3.921673545198898e-08	3.9143166533406295e-08	9.293175832299222e-05	-0.0001710684190892	8.636311705003034e-09	2.9264404009680842e-08	0.0	0.0	0.0	0.0
272.7259316454836	0.1957939602858687	0.0383352748844243	74379.43379189701	443.0886551118233	3.3372489821742874	11.137230769023317	196327.5562888043	253.39388582382344	0.0579660831217268	0.0033600667924749	64208.46137289687	281.7692636459005	311.45902281797765	1.251126	32.165436	0.099323185626939	0.0523589733258934	0.0181983486	0.1268962074	-0.1086547927	-0.0422493219	-0.0518590595	-0.0017274625	0.0370463814	0.1619781373	0.0804610378	0.0136356609	-0.006820425	-0.0664946442	0.0464953947	-0.0056714096	-0.035947802	-0.0939218645	-0.0454617351	0.1100286374	-0.0208593247	-0.0872667872	0.0601735261	0.1092917649	0.0484695738	-0.0387680753	-0.0382346627	-0.182566214	-0.0383190178	-0.0105492179	0.0072479722	0.05847052	0.0047850521	0.0122304853	-0.0127823756	0.0523538932	-0.1058605412	0.1024187607	-0.0006096328	-0.0813251266	-0.0153849971	0.0615758674	0.0612931223	0.006470389	-0.023134797	-0.0913570308	0.0420719961	-0.0437009353	0.0832224241	-0.0329118646	0.0669455145	0.0085079922	0.0800104316	0.0777618308	-0.0033757667	0.0347876726	-0.1026769767	-0.0590868091	0.0675118999	0.0022885317	-0.0190983585	0.0029052299	-0.0180575841	-0.0300798402	0.1250007892	-0.0306210747	-0.0191488103	-0.0252418109	-0.0174008413	-0.0007185983	-0.0344507935	0.1134575623	-0.069457311	0.1283911232	-0.0192010557	-0.0899901141	0.0170635423	-0.0556123312	-0.0644409949	0.0904188784	-0.0392113092	0.0304031847	0.039305878	0.0458206726	-0.0272109305	-0.0121080459	-0.0553295142	-0.1011764575	-0.0771494449	-0.0054976943	0.0575105858	0.0083005258	0.0919521861	0.0579104274	-0.151852673	-0.0016625246	-0.090028669	0.0239954123	-0.0360454283	0.0684885924	-0.0610986078	0.0747902667	-0.0694048198	0.0515283525	-0.026403398	-0.0862546999	0.0589272216	-0.0675568742	0.1599821841	0.0617998798	-0.005770784	0.0087745463	0.0645735092	0.0801831587	0.0386216493	-0.0569750298	-0.0195774696	-0.0631123402	-0.0466915198	0.0824587485	-0.0173119649	-0.1791086194	0.0228844676	-0.0155562779	-0.1002045567	-0.0803799631	0.0040360278	-0.0784438133	0.0358259701	-0.0215505239	-0.0108933407	-0.102298025	-0.0025468058	0.0124496831	-0.1256076171	0.0116068998	0.0947542089	-0.0039653859	-0.0801573099	0.0677399266	0.0755281812	0.0140901232	-0.0542441537	-0.0960293686	-0.0908143174	0.0224598406816483	0.0016240954037982	2.637685880638761e-06	0.000504444443445	0.0346184393608979	0.0075754790196072	5.738788237650893e-05	0.0011984363437841	0.0759462307119918	0.0445689828118106	0.0019863942288794	0.005767829959359	2.399997364236861e-05	0.0007129910713623	5.083562678424582e-07	5.75998734834388e-10	1.117819836693456e-09	0.0001980332754407	1.2495211873053853e-18	3.9217178181786694e-08	9.29999793543468e-05	6.82210313545826e-08	8.64899615990893e-09	4.654109119082942e-15	0.0	0.0	0.0	0.0
271.83025060310376	-0.8956810423798629	0.8022445296786778	73891.6851429462	440.4555142469809	-2.633140864842403	6.933430814102999	194001.0600305724	253.57260753411376	0.1787217102903184	0.0319414497290965	64299.06729164968	281.9773500164736	306.7434809931783	1.225129	31.497082	0.2110982508113866	0.189806170262541	-0.0129587146	-0.1001824851	0.0899179204	-0.1147947801	-0.0572680414	0.0785676469	-0.0214895634	-0.1086367452	0.0024183368	-0.0660959359	0.0941673492	-0.117414575	-0.023749396	-0.0372788895	0.0111575555	-0.007380277	-0.1150288432	0.0651178888	0.0944772151	-0.0268934709	0.0457091761	-0.0962452897	-0.0513345256	0.0148540479	0.1089719514	-0.0444659941	-0.0051112833	-0.0575179532	0.1328947408	-0.0611346362	-0.1189723784	0.0587348895	-0.0090301757	-0.0356676566	-0.1570922648	-0.1073459754	0.1171819054	-0.07648117	0.091147186	0.1163920219	-0.1406185169	-0.0347955753	-0.0166372524	0.0132041216	-0.0065489208	-0.0707485936	0.0290860603	-0.0124461436	-0.0366139022	-0.0709323661	-0.0235161226	-0.1046005736	-0.0457567563	-0.0144561383	-0.0258843434	0.0388297833	0.0478820445	0.0351559156	-0.1098994988	0.002186096	0.0513016862	0.0519260454	0.0361249751	0.0503762729	-0.068254364	-0.0145962603	0.1499141983	0.194880412	0.0913730801	0.0400018389	0.0220226534	-0.176710127	-0.0729370277	-0.0446467876	-0.0209358524	0.0544110789	-0.0378417022	0.0451987963	0.0793861041	-0.0854194676	-0.1137680602	0.0392164641	0.0167373096	-0.0953597819	-0.014507179	-0.0096426996	0.0226670744	-0.021018058	-0.0612022422	0.1026693398	0.089370924	0.1086578818	-0.0539935057	-0.0397038691	0.0858091626	-0.1487276883	-0.0228315714	-0.0338943782	0.1147705748	0.0439464612	0.0235158513	0.0120759631	0.0256864012	-0.0435859451	-0.011676801	0.0427730651	-0.1221788963	-0.0798207034	-0.001485275	0.0264990101	0.1345669589	-0.1100600063	0.2174014534	-0.1175113846	0.1055187237	0.0910804635	-0.1553756047	0.0312580518	-0.0339559893	-0.049258287	-0.0564233777	-0.0407159594	-0.1269756959	-0.0254153682	-0.0373591191	0.1050591704	0.1687644086	-0.0759660793	0.0509236169	-0.0218134933	-0.0519973137	-0.070632917	0.0684586794	-0.0564948252	0.0393201711	0.0725831556	0.0619464351	-0.0428993972	0.0744894057	0.0109734311	-0.0581413184	-0.0975916762	-0.0872496007	0.0209981451398704	-0.0014616955417778	2.1365538568533865e-06	0.000440922099315	-0.152809576671558	-0.1874280160324559	0.0351292611938625	0.0233507667225407	0.0758890824493008	-5.714826269100082e-05	3.265923928599636e-09	0.0057591528349967	-0.0001459997598003	-0.0001699997334426	2.8899909370578382e-08	2.1315929861745292e-08	-2.6687231979849457e-08	-2.7805051816542917e-08	7.122083507462996e-16	7.731209065206363e-16	0.0003660002603491	0.0002730002809947	1.3395619057560898e-07	7.45291534232142e-08	0.0	0.0	0.0	0.0
272.48452230497827	0.6542717018745066	0.4280714598737632	74247.8148957722	444.2457613528615	3.79024710588061	14.36597312363634	197354.2964799836	254.1053328949202	0.5327253608064382	0.2837963100463497	64569.52020563821	282.8543726726643	306.4128718541205	1.323549	34.027374	0.3877064162881753	0.2938449580266845	0.1738796176	-0.0639017902	0.0338435639	0.0680067683	-0.098685148	0.0547185181	-0.1626501937	0.0683307043	0.0914410576	-0.056933269	0.0360448209	0.0363101238	-0.1655214978	-0.0060684737	-0.0804243457	-0.0668145409	-0.0411651165	-0.0061483587	0.1539133255	0.0889968335	0.2457655875	-0.3291089938	0.0865400995	-0.1351429793	-0.1205594179	0.0421011489	0.0190339176	0.0186713772	-0.0510743727	0.0441489966	0.0715158409	-0.2227294832	0.0430780085	-0.0503206663	0.1613603729	0.0879500607	0.2377022311	0.0330204468	0.100793343	0.0975364405	0.0066948774	-0.1061570717	-0.0087711961	0.0868593775	0.114755163	-0.0216979552	-0.02128808	-0.0428353121	-0.0962223989	-0.1326303483	-0.128772718	-0.0448038408	0.0499068758	-0.0518808455	0.0167179388	0.0399451792	0.0969671233	0.0051315979	0.0734920728	0.0691233782	-0.074692978	0.171292626	0.1022394398	-0.0755959983	-0.0373532959	-0.0555824911	-0.0573306708	-0.0827055317	0.1588917943	-0.0021781515	-0.2423559497	-0.1356063963	-0.2169185452	0.2213975092	-0.0722504138	-0.068440885	0.1319212935	0.0301405054	-0.1250135142	-0.0411047029	0.0145901488	0.1582792628	0.0085927494	0.2349802988	0.136211613	-0.0052743652	0.0821967311	-0.1112451201	0.0448025201	0.2756167357	-0.0199871041	-0.0174688697	-0.0915662131	0.0693089464	0.0745636962	0.1921818414	0.0533923793	-0.0032853243	-0.0473476134	-0.0101510051	0.0264655637	-0.0298752613	0.0025596541	0.017651038	-0.1167018968	0.0793141837	-0.0424179631	-0.0893534766	0.0265438876	0.0960846839	0.1366651917	0.059495957	-0.0668154831	0.0994982776	0.1786545297	0.3508133564	0.0740872481	-0.0536101699	-0.2101286886	-0.0030356157	-0.1794722523	0.084307273	0.1749763418	-0.0919486752	0.1371602407	0.1472481676	-0.1557731018	0.0612093806	0.1181619003	0.1008812809	-0.1097359348	-0.0973440236	-0.1364968903	-0.2853216312	-0.0056062341	0.093648957	0.0052018992	0.107634718	0.0734322509	0.0078459096	-0.0619093949	-0.0987688341	-0.0831469612	0.0123365925847451	-0.0086615525551253	7.50224926651976e-05	0.0001521915166019	-0.4321432297915919	-0.2793336531200339	0.0780272897653834	0.1867477710547086	0.0364674090950529	-0.0394216733542479	0.001554068330049	0.0013298719261059	-0.0011729983187514	-0.0010269985589511	1.0547260400876362e-06	1.375925055793611e-06	-8.190839484445434e-07	-7.923967164646939e-07	6.708985145995034e-13	6.278925562640286e-13	0.0005440000498569	0.0001779997895077	2.959360542443097e-07	3.16839250648211e-08	0.0	0.0	0.0	0.0
273.40761071813904	0.9230884131607696	0.8520922185116675	74751.72159860146	442.91490183010905	-1.330859522752462	1.7711870693009109	196173.61026317516	253.9470078239228	-0.1583250709973924	0.0250668281063293	64489.08278272351	282.3034015272813	303.8795275275558	1.24559	32.023106	0.4432054855723236	0.3078479351839819	-0.0481664061	-0.0888738577	-0.065405163	0.0774084841	-0.1253568731	-0.0081106182	0.0019307797	-0.0618215033	0.2603048579	0.0392614872	0.0030176162	-0.0792200478	-0.0051551344	0.002956178	0.039196879	0.0621326699	-0.0244550144	0.0973221239	0.0961931799	-0.0676334142	0.119185216	-0.030376536	-0.0886808682	-0.1201744771	-0.1261879242	-0.0434143944	0.0187096494	0.0263674694	0.0664136446	-0.0417765866	0.0675345258	0.0404426778	0.1057141277	-0.1566284442	0.0140752535	0.064461487	0.0490413547	-0.0370836154	-0.047208744	0.1049160782	0.1176377674	0.0611788873	-0.0003072369	0.0595563096	0.0814024538	0.0490007306	-0.0104859909	0.103087587	0.0652982131	0.0705279266	0.0261930799	-0.031431944	0.10493689	-0.086571006	0.0087572946	0.061006862	0.0515403139	0.0984996899	0.0082849272	0.0702466536	-0.0702344812	-0.0571974298	0.0379593548	0.187756364	-0.0323645057	-0.0724568596	0.0925664032	0.0030641801	0.0823216494	0.1217058003	-0.1117717877	-0.0651366165	0.0910509912	0.076134009	0.0529569893	0.0101283009	0.0415205756	0.1419553143	0.015438911	0.0868451198	-0.0401225091	0.0057099904	-0.197830515	-0.0222341106	-0.000351566	-0.0222204234	0.1200920858	0.0138573663	0.034224293	-0.0212322081	0.0801342707	-0.0924873962	0.0095138136	0.0983769214	0.0701838578	0.0046056241	0.0868853462	0.0700978779	0.1068668547	-0.0033414515	0.0504707359	0.0600475186	0.0276830053	-0.129063345	-0.0036910376	-0.0145358727	-0.0092716914	-0.0937550528	0.103451003	0.0649108763	0.0130480804	0.0124882792	-0.0143597081	0.0108970624	0.1029322341	0.1029529057	0.0348989608	0.1028705157	-0.1369476667	0.0308343435	-0.0901176048	0.0939099342	-0.0088721644	-0.1067863553	0.0463887096	-0.1557493184	-0.0160629867	-0.0660466187	0.0023041751	-0.0808117578	0.0212391333	0.0013493751	-0.0557282889	0.1603377306	-0.0570136938	-0.0075852351	0.0149840004	0.060858137	0.0723569779	0.0047106451	-0.0655400171	-0.0995561965	-0.0785316931	0.0249096246829765	0.0125730320982314	0.0001580811361431	0.0006204894018467	-0.145592386707051	0.2865508430845409	0.0821113856724611	0.0211971430670554	0.098908084530862	0.0624406754358091	0.00389883794888	0.0097828091855641	0.0001159707645756	0.001288969083327	1.661441297772847e-06	1.3449218236249242e-08	0.0001610207346418	0.0001618398185902	2.592767698458497e-08	2.6192126881323264e-08	0.0003619902526993	-0.0001820097971575	1.3103694304930305e-07	3.312756626135069e-08	0.0	0.0	0.0	0.0
272.7756636072032	-0.6319471109358119	0.3993571510201193	74406.5626563501	443.90283584594727	0.9879340158382206	0.9760136196502336	197049.727672074	253.56867302907025	-0.3783347948525488	0.1431372169961202	64297.07194172354	282.17573795997595	309.8691815676951	1.106581	28.44931	0.0779272444886136	0.0426389877083293	0.0513949096	0.0074209405	-0.0362284214	-0.0447114053	-0.1266804023	-0.0233842471	-0.032721943	0.1170866756	0.1112247229	-0.0365455569	0.0418641834	-0.1130544235	0.0161512524	0.0400178661	0.07446276	0.0883936595	-0.1047155441	0.0015271194	0.0709464768	-0.034246319	0.0014139728	-0.0340211447	-0.1048240765	-0.0662665902	0.0248872623	-0.1229327202	-0.0561075163	0.0088506749	0.0561200023	0.0789766759	0.0257923331	-0.1077074841	0.0145921338	0.0814087924	0.0392483754	-0.0931886885	-0.1379359512	0.063498829	-0.1444941026	-0.0482596523	-0.1086463743	-0.0150257637	0.0855028772	-0.0156239658	-0.0823586179	0.0130026067	-0.0301481619	-0.0870587265	0.0622950636	-0.0178409403	0.0295036131	0.0506436949	-0.0283831497	-0.0512198628	0.0870966476	-0.0212661823	-0.0313718506	-0.1731996033	-0.0620474106	-0.0150107984	-0.1549885085	0.0399213256	-0.0045295264	0.0328419542	-0.074929743	0.061383933	0.08155783	-0.1274326982	0.0659133164	0.0689243241	-0.0043357109	0.036717265	-0.062496491	0.0090584691	0.1366741891	0.0110499893	-0.0481844222	0.0710134494	0.0694159598	-0.0480422911	-0.0401552933	0.1196039774	0.0462034078	0.0664758702	-0.0284530063	-0.0872785205	0.0488964544	-0.0288886429	0.016096335	-0.1479003113	0.0299781062	-0.0234760715	0.1579179487	-0.0891296278	-0.1456271797	-0.0508073774	-0.0677752102	0.0116912928	0.0355869526	-0.0560047913	0.0158179382	0.0251749743	-0.0787048138	0.0579717769	0.1191666793	-0.1248580673	-0.135491197	-0.0085838499	-0.0802466253	-0.0159610913	0.0115196277	-0.0538487299	-0.098812231	-0.0490738839	0.0903445578	0.0294575102	-0.0240949399	0.0912617322	-0.0638385961	-0.0733508714	0.0184784645	-0.0097505802	-0.1600257845	0.019657879	0.0076323351	-0.0726416118	0.0603713758	-0.0137800926	0.0836188093	0.0587724155	0.1236353299	-0.0393869141	-0.0797866119	0.0251509408	0.0130678487	0.0669169493	0.1191421593	-0.0525590103	0.0712638519	0.0015707317	-0.069025124	-0.099950656	-0.0734322509	0.0322223984055796	0.007312773722603	5.347665951799436e-05	0.0010382829590078	-0.1079847790755366	0.0376076076315144	0.0014143321517659	0.0116607125119924	0.1078101580681831	0.0089020735373211	7.924691326387261e-05	0.0116230301826866	-0.000130046170291	-0.0002460169348666	6.05243322411569e-08	1.691200640735577e-08	0.0001559614525199	-5.0592821219e-06	2.4323974672117026e-08	2.5596335588976957e-11	0.0005930098276543	0.000231019574955	3.516606556945827e-07	5.33700440123889e-08	0.0	0.0	0.0	0.0
272.2376822295188	-0.5379813776844458	0.2894239627352543	74113.35562570045	442.2999838654424	-1.6028519805048518	2.5691344714083257	195629.2757273706	253.8614161258747	0.2927430968044575	0.085698520726664	64445.61859743452	282.2434372763032	309.27103505877284	1.10286	28.353638	0.2498420000690713	0.1456530142699674	0.0857491902	-0.175515823	-0.0578671237	-0.1428911007	-0.0794252854	0.0330711373	-0.1601494401	-0.0576596167	0.0327529348	-0.0143533744	-0.0445198714	-0.174711956	-0.1293574413	-0.0467411761	-0.0370078411	0.0103578914	-0.1008600061	-0.0472372037	0.1467654851	0.1146509226	0.091514619	-0.1772526011	-0.0032667579	-0.1014671867	0.0059308269	0.0605506389	-0.0062043473	-0.1164891963	0.0720452351	0.0490775463	-0.03263341	-0.1015702551	-0.1116474595	-0.0349437825	0.0765312682	0.0708644342	0.0464949042	0.0150569097	0.0117939995	0.0230983986	-0.0690278028	-0.08708001	0.0888301927	-0.1350438662	-0.0188118067	-0.0580658576	-0.0446775697	-0.1382216204	0.0453606328	-0.0222806456	-0.0240642575	0.056574989	0.0862157766	0.0181315277	-0.0035681834	0.0438553767	-0.1036575768	0.0066970239	0.1132166786	-0.0104281207	0.1059224411	-0.0710115859	-0.0784461113	0.0065452157	0.0257345564	0.075092987	0.0546352386	0.0583742232	0.150787993	-0.0755707176	-0.0815842461	-0.1653727069	-0.0781758204	0.1332868639	0.0029101733	0.0279496381	-0.0659907169	0.041291428	-0.0963899573	0.0383115246	-0.0568941322	0.1552074993	0.0061458912	-0.0683695441	0.0342579908	0.0612561468	-0.0577294466	-0.0874295933	0.1008063111	0.0889781787	-0.0271321174	-0.0613289242	-0.0403319062	-0.0442285748	0.0108173011	0.0095246325	-0.1637762428	0.0860904813	-0.0783736928	0.0157242538	0.1549239234	0.0661457874	-0.0098236267	0.0530290148	-0.0338297426	0.1412533371	0.0579936721	0.1771750012	0.0856167223	-0.023355172	-0.0625475852	-0.09889536	-0.1106561766	0.0225404188	0.1532474164	0.1916578847	0.0470597113	-0.0568440285	-0.0070400552	-0.0387697164	-0.0404783187	0.0319084843	-0.0237449481	-0.0237342803	0.0289082913	0.0964920723	0.0263713716	0.0246395818	0.1352830867	-0.134054842	0.0300250262	-0.1339019308	-0.0564942079	0.0300156173	-0.1930276385	0.0828923745	-0.02410007	0.0005357293	0.0701531426	-0.0015707317	-0.0723569779	-0.099950656	-0.0678800746	0.0242443565322076	-0.0079780418733719	6.364915213327698e-05	0.0005877888236607	-0.2278283120861033	-0.1198435330105667	0.0143624724044547	0.0519057397880028	0.0435753371630198	-0.0642348209051633	0.0041261122167184	0.0018988100088708	-0.0010660043001641	-0.000935958129873	8.760176208755505e-07	1.1363651679683524e-06	-7.823975158860463e-07	-0.0001567438500357	6.121458728646561e-13	2.4568634524040983e-08	0.0005299997219638	-6.301010569050003e-05	2.8089970528170534e-07	3.970273419127985e-09	0.0	0.0	0.0	0.0
272.3594465876872	0.1217643581684342	0.0148265589201707	74179.66814555124	444.2514826223884	1.9514987569459663	3.808347398361652	197359.37981219025	253.19586693818783	-0.665549187686878	0.4429557212306631	64108.14703458052	281.7752557822416	301.2707691974797	1.485731	38.196938	0.314420983178268	0.2138827940441988	-0.0035447591	0.0283488269	0.0818636554	0.1324174339	-0.1240445321	0.0752830439	0.0048717314	0.0747181511	0.1155639621	-0.1474805516	-0.0445535492	0.0548375721	0.0362373584	0.0838147193	-0.0212286167	0.058129616	0.1408408765	-0.0077241092	0.0324454253	-0.0690363274	0.0769472353	0.0692593215	-0.1057499809	0.0331830875	-0.0492631354	0.050000555	-0.102918193	-0.0343829953	-0.0133187109	-0.1170031519	-0.0781950971	0.0219258388	0.0038062815	-0.0763011305	0.056836383	-0.0027395143	0.0122456678	0.1020212482	-0.0725117784	0.0785997231	-0.064357325	-0.082844292	-0.0147591748	-0.0943050954	0.0460970862	-0.1066047963	-0.0216193159	0.0465783646	0.1172142307	0.1079005747	0.0508969728	0.0902794115	0.1476357333	-0.080687353	0.1165333378	-0.0325109907	-0.1119547941	0.0022653116	0.016458813	0.0040307896	-0.0103101832	-0.064615648	-0.0359343434	-0.049272245	-0.0016977707	0.0459462528	-0.1175088135	-0.0607740902	0.0244149775	0.1005013091	-0.0787731846	0.0535655112	0.0272654286	-0.0158151083	0.0393677023	0.111760787	0.1179621891	-0.0773127603	0.0127795718	0.0414109514	-0.0852743331	-0.028100759	-0.0420857399	-0.0398835185	-0.10487609	-0.0218767146	-0.0034509439	-0.0850703897	-0.2242814534	0.024915318	0.0065077865	-0.1090693153	0.0196525652	-0.0861243655	0.0067313892	-0.0589216855	-0.1537655012	0.0722445503	0.0109088705	-0.0090721982	0.1510230565	0.0813334053	-0.0176514862	-0.0081437773	0.055007023	0.0222753879	0.0500542581	-0.0496469758	0.1584701927	-0.0001645289	-0.0277964771	0.0219292781	-0.0533229513	0.0135235336	0.0431252851	-0.0029163654	0.0217505121	0.1018922835	-0.0129801414	-0.0233668117	-0.0510735313	0.1062972902	-0.0178975606	-0.0812119804	0.0390344771	-0.210307117	0.0496877917	-0.0854823955	-0.0186067906	-0.0673231233	0.0501749104	0.1164801361	0.0457556416	0.0594385129	0.2333529497	0.1043586998	0.0218159184	-0.0482483234	0.069025124	-0.0047106451	-0.0755281812	-0.0995561965	-0.0619093949	0.0280065638478674	0.0037622073156598	1.415420388600412e-05	0.0007843676185646	-0.0352689854926495	0.1925593265934538	0.0370790942581244	0.0012439013376807	0.0979346387829949	0.0543593016199751	0.0029549336726114	0.0095911934735556	8.299995832842245e-05	0.0011490042584925	1.3202107860339512e-06	6.888993082519863e-09	1.6844382777492228e-08	7.992418986635386e-07	2.837332311546768e-16	6.387876125792979e-13	0.0004050002693714	-0.0001249994525924	1.6402521819090657e-07	1.5624863148399658e-08	0.0	0.0	0.0	0.0
272.5711979755964	0.211751387909203	0.0448386502814737	74295.05796585178	440.53528885102605	-3.716193771362328	13.81009614631216	194071.34072305696	253.3111957322729	0.1153287940850873	0.0133007307451204	64166.56188331388	281.70445056409125	307.6114731531021	1.14523	29.442951	0.1183158877266947	0.0786636054018561	0.0345736669	-0.0156379579	-0.1198169537	-0.0082777299	0.0300026868	-0.0579428306	-0.0024077471	-0.0184702142	0.0674472333	0.1521571543	0.0443825195	-0.0302096638	0.0304514619	-0.0239659661	0.0537640562	0.0005009596	0.0172077395	-0.1293429943	0.0539041011	0.0043337339	-0.0612678391	-0.0233734109	-0.1071786952	-0.0409383139	-0.029499789	-0.1102276313	0.0016876632	-0.0238246285	0.0628954101	-0.0322364822	0.0503766359	0.0240906154	-0.1554456366	-0.0339395964	0.0492790627	0.0959552448	0.0321625499	0.0526847767	-0.0675139284	0.0353576193	0.0235374776	0.2115666261	0.0362027501	0.0052319962	0.0024715929	0.161993764	-0.0862812614	0.1230408787	0.054050216	0.0422457424	0.0578453779	-0.0286398035	0.0569660656	0.0818622754	0.1028462189	-0.0389725073	0.0599309496	-0.1832168914	-0.0855542899	-0.0155087521	0.0411592229	0.0191966028	0.1139336621	-0.0628510094	0.1857363575	-0.0424106014	-0.020357927	0.0026919323	0.0510624549	0.0066358344	0.0530577513	-0.0162687331	0.0268074896	0.0391330091	0.1448149038	-0.0414373642	0.0020901246	0.1057125748	-0.0121022913	-0.0003241188	-0.0255004383	-0.113399418	-0.06621059	-0.0014390964	0.1616827278	-0.0414748021	-0.0321738989	0.0030193737	0.0821576096	-0.0545739809	0.0517133025	-0.1746824593	-0.0473258571	0.0049048267	0.0331205927	-0.0858270317	-0.0446955057	-0.023162551	0.0553552991	-0.0607351166	-0.0567801594	-0.0309260327	-0.0155651349	-0.0342474545	-0.0387427656	-0.0862838704	-0.035903618	-0.08374329	0.0175593065	-0.1284263349	-0.0642348497	0.161027584	-0.1334603615	-0.0204236397	0.0636320946	0.006905003	-0.0033435187	0.0169625661	-0.0040594548	-0.0140339916	0.0321977555	-0.0567073945	-0.0739823842	-0.0665102919	0.0796431304	-0.1089469106	0.004250116	0.0865074731	-0.0058469779	0.0567937944	0.0905793724	-0.093758069	-0.0420714411	0.0274141159	-0.1325283298	-0.0492553354	0.1005770543	-0.1027639359	0.0678800746	-0.0078459096	-0.0785316931	-0.0987688341	-0.0555570233	0.0279093434859873	-9.722036188010084e-05	9.451798764097762e-09	0.0007789314538188	-0.0920157845418998	-0.0567467990492503	0.0032201992023359	0.0084669046048613	0.1157968741945936	0.0178622354115987	0.0003190594538993	0.0134089160732385	-0.000647999480536	-0.0007309994388644	5.343601796201004e-07	4.1990332677492587e-07	-1.7688694531337037e-07	-1.937313280908626e-07	3.128899142229528e-14	3.7531827483849456e-14	0.0005459997572582	0.0001409994878867	2.981157349260133e-07	1.988085558433985e-08	0.0	0.0	0.0	0.0
272.4687934087934	-0.1024045668030453	0.0104866953021193	74239.24338164373	443.4053509403283	2.8700620893022237	8.237256396449844	196608.3052425157	253.4151488931041	0.1039531608311676	0.0108062596467906	64219.23768851411	281.8168155460296	305.1143782876146	1.013379	26.053154	0.1549048199513211	0.0898125316159219	0.0356550163	-0.0479687268	0.1164440474	0.0316795309	-0.0404767635	-0.102204525	-0.0653146513	-0.0142640252	0.0253496533	-0.1098548542	-0.1409447617	-0.0130727542	0.0222882122	0.009569491	0.1054215375	0.0119110996	-0.0385007554	-0.0026415822	0.0416223314	0.0469817079	0.0012974774	0.0521866144	-0.0280497313	-0.0573355639	0.0285357957	0.0466965762	-0.0144810413	0.0038825524	-0.05229643	-0.0437310862	-0.059218336	-0.0426269224	-0.0186004755	-0.0606803109	-0.0963783894	0.0873740653	-0.0008607078	0.011358159	0.0148004515	0.1104145214	-0.0855941455	0.0580187531	0.0646886125	0.0233463513	0.0059865253	-0.0194755336	-0.1816085428	0.0006005442	-0.1588231261	0.0118933765	0.1423044196	-0.0657364261	0.0421622248	0.1296924854	-0.0425497544	-0.10509166	-0.0914802572	-0.0782924069	-0.0055248095	-0.0488264714	-0.0016035875	-0.1054341407	0.0365229496	-0.0305303326	-0.0566181982	-0.1700608547	-0.0368029039	-0.1642878203	0.0490782269	-0.0493641711	-0.0349180144	0.0527099641	0.0255759732	0.0172174107	-0.020575643	0.1475341668	-0.0209346788	0.0080344024	0.0476389825	0.0243582266	-0.0037091622	-0.0707989579	-0.0083101292	-0.0694330094	-0.1504291908	-0.0126151508	-0.0757771233	-0.1053953729	0.0068812649	-0.0348044248	0.0175228355	0.0221648967	-0.1079964984	-0.0171427136	0.0558097844	0.0210564873	-0.0241431077	-0.0033088916	-0.0048983798	-0.1158737522	0.0749165488	0.0559485939	-0.0421285512	0.0100016105	-0.18011254	-0.1037441897	-0.0416660698	-0.0948283671	-0.1427598161	0.1138633955	-0.1221591473	0.0979890587	-0.0392179068	0.0666353413	0.0321053233	-0.0120260115	0.0747379426	-0.0332068671	0.0877858313	0.0051156366	-0.0181715833	0.0285089786	-0.0773756429	0.0517710437	0.0126054299	-0.0221329853	0.0353789599	-0.0253075626	-0.1304537489	-0.042225471	0.0416170415	-0.0544938702	0.0925198954	0.1326114018	0.0085533918	0.1399560897	0.017190216	-0.0696328298	0.0667182767	-0.0109734311	-0.081360845	-0.0975916762	-0.0488621241	0.0244068092792559	-0.0035025342067313	1.226774586932354e-05	0.0005956923391939	-0.012928322168463	0.0790874623734368	0.0062548267046697	0.0001671415140915	0.0680823048109786	-0.047714569383615	0.0022766801314638	0.004635200228375	-0.0009550004074282	-0.0003070009268922	9.424956911266995e-08	9.12025778188028e-07	-1.7236174465473653e-07	4.5252006586338484e-09	2.97085710204246e-14	2.047744100090021e-17	0.0003610001296003	-0.0001849996276578	1.303210935714334e-07	3.422486223356163e-08	0.0	0.0	0.0	0.0
272.17253024279154	-0.296263166001836	0.0877718635294314	74077.88621876328	441.9419943796077	-1.4633565607205696	2.141412423803934	195312.7263962252	253.03419872191589	-0.3809501711882035	0.1451230329283215	64026.30572284202	281.1752386741268	303.6473049758699	0.990441	25.463438	0.1946115699968812	0.1093313455678133	-0.0685700087	0.0035775219	-0.0501258758	0.0253477481	0.0246594126	-0.113981385	0.0416000743	0.0047249277	0.0203969965	0.1087302478	-0.0335108943	-0.0149913666	-0.0014705752	-0.0534534075	-0.0243252729	-0.0651023705	0.1567176446	0.0251018951	-0.0383587722	0.0135850815	-0.0234662694	0.0612755528	-0.0026541202	-0.0651732828	0.0164653219	0.0106992795	0.0549248857	-0.0311919668	0.1162079521	0.0453236041	-0.070310645	0.0864770094	-0.0829452599	0.0999241093	0.0133068223	0.0222781586	0.0455281769	-0.0294340649	-0.0126502424	0.1099828003	-0.0087446647	-0.0227072772	-0.0281581999	0.0636958414	-0.102117452	0.0519750301	0.1053651993	0.0884803604	-0.0559149044	-0.0710939317	-0.0106227971	0.1707769902	-0.079397631	0.1517913375	0.0520237162	0.0225560794	0.0026861993	0.0313913839	-0.073803456	0.1645357897	0.0889917553	0.0314750515	0.0221172525	-0.1025164612	-0.0212600421	-0.005040348	-0.0323809407	0.0577430102	-0.0434161616	-0.007108435	0.0047915066	0.0270038741	0.0980311317	0.0147322057	0.037506014	-0.0320252332	-0.090648091	0.0854300325	0.0060210335	-0.0531614537	-0.016122395	0.0457540987	0.0966184605	-0.0419219942	0.0518792236	0.0058489289	-0.1398774779	0.031364229	-0.1169158588	0.0472728025	0.0616953749	-0.0172173802	0.0083363717	0.03761377	0.0348729886	0.0706071489	0.0015293776	-0.0864112584	0.1392563678	0.0695204094	-0.0371168051	-0.2203956334	0.0456047126	0.0429708593	-0.0976217399	-0.0834374736	0.0751486733	0.013437425	0.0478046126	-0.0976152812	0.0951443376	0.2411956398	-0.0504772629	0.0392646313	-0.0453888791	-0.0675303944	0.0065287183	0.0147905149	-0.0182426725	0.0286306734	0.0326543272	-0.0087462034	-0.1166910823	-0.0767083567	0.0529716093	0.0678428654	0.0151086504	0.0753566093	-0.0492241572	-0.0723387003	0.0145822753	-0.0711359073	-0.0541085293	0.0257538871	0.0833998811	-0.0096677929	-0.0843432685	-0.0849781994	0.0655400171	-0.0140901232	-0.0840093554	-0.0960293686	-0.0418659738	0.0363700565419975	0.0119632472627415	0.0001431192850694	0.001322781012868	0.0719302716175747	0.0848585937860377	0.0072009809393437	0.005173963974978	0.1310267643882383	0.0629444595772596	0.0039620049914732	0.0171680129860509	-0.0004189735759651	0.0005360268314631	2.873247640483706e-07	1.7553885735698344e-07	-0.0001380801267305	-0.0001379077649858	1.9066121397910938e-08	1.9018551643391125e-08	0.0003839709205682	2.2970790967899988e-05	1.4743366784199096e-07	5.276572376909555e-10	0.0	0.0	0.0	0.0
271.3548281163447	-0.8177021264468181	0.668636767595648	73633.44274205099	443.0053127879828	1.0633184083750962	1.130646037589348	196253.70715837847	252.31874914542257	-0.7154495764933131	0.5118680965044611	63664.75117031069	280.93185516159895	306.9192324359225	1.043991	26.840174	0.1774799013751436	0.0914098217559273	0.0580656625	0.0542435366	0.0453547863	-0.020299693	0.0727619179	-0.0707765814	-0.0443468962	0.0644890476	-0.1489069863	-0.077964105	-0.1530339375	-0.0122362357	-0.0500634364	-0.0211734542	-0.1262105162	-0.0454025008	0.1284260904	0.0391976192	-0.0692905883	0.093205657	-0.0168820235	0.0607748742	0.073333708	0.0360901222	-0.0098754414	0.1446677802	-0.0887432589	-0.0293862398	-0.0539350027	-0.0515099666	-0.0006354205	-0.079229126	-0.0156235894	0.0985725746	0.0756132837	-0.1670170673	-0.0030763567	-0.2107162215	0.0330710889	-0.0188469603	0.0225285236	-0.1034295893	-0.0779406432	-0.1605674553	0.0483633707	0.0055051293	-0.0561819344	0.025016468	-0.0550344145	0.1472765864	-0.164543203	0.0048567097	-0.029845277	0.0051178838	-0.1395736714	-0.0386837242	-0.0949823906	-0.0282777792	-0.0475813344	0.0615783021	-0.0070730406	0.0640756456	-0.001846367	-0.1090846105	0.1658128037	-0.1393306627	-0.008349525	-0.098034686	-0.0516710196	-0.129152607	-0.0266401936	0.105620616	-0.0300621665	-0.0139893078	-0.0800612759	0.0331699785	-0.0083653589	-0.1660862421	-0.0725139045	0.0562933859	-0.0293317433	0.1485960598	0.0584375958	-0.0051921453	0.0307614503	0.104173906	-0.0615668575	0.1229092654	-0.0843819882	0.0147388558	0.0267830233	0.0303562396	0.1025909496	0.0183539706	-0.0443961452	0.1339337544	-0.0732514177	0.0024526181	0.00610939	-0.1961777227	-0.0563763825	0.0581944413	0.0480571493	-0.0461043162	0.005025018	0.1436453133	0.1429485009	-0.0177689174	-0.1537132492	-0.0533646136	0.0233860083	0.0642198232	-0.0690509911	-0.089000311	-0.0841224322	-0.0605561846	0.1124960696	-0.115933055	0.1017085419	-0.0200380534	-0.0219499884	0.0657259837	-0.0410778052	-0.0392659929	0.0972202579	0.0849561554	-0.0718845378	0.018793438	-0.029706426	0.0527260842	-0.000994808	0.0630799125	0.0767249545	0.0373458048	0.1047707062	-0.0714238948	-0.0573056897	0.1199079978	0.0643455865	-0.01719291	-0.0864713441	-0.0940880769	-0.0346117057	0.0329510974743527	-0.0034189590676447	1.1689281106230593e-05	0.0010857748247642	0.1532888888825567	0.081358617264982	0.0066192246032698	0.0234974834548488	0.0861252611951215	-0.0449015031931167	0.0020161449890014	0.0074175606159279	-0.0012099452083213	-0.0007909716323561	6.256361231922314e-07	1.4639674071396735e-06	-0.0002642558052685	-0.000126175678538	6.98311306181034e-08	1.5920301854524722e-08	0.000422840046662	3.886912609380003e-05	1.7879370506112234e-07	1.5108089632957262e-09	0.0	0.0	0.0	0.0
270.9744443126627	-0.3803838036820366	0.1446918381036141	73427.14947055632	438.02410983233386	-4.981202955648939	24.81238288536573	191865.1207944085	251.83112373209977	-0.487625413322803	0.2377785437182345	63418.91488017215	280.0967268638241	299.70067876764625	1.194178	30.701349	0.2838565578412783	0.1555446116665297	-0.1551336546	0.0736692155	-0.0376585716	0.0510144069	0.1183282854	0.0505769995	0.1506222056	-0.0521541566	-0.0508294038	0.1268573708	-0.0302429056	0.1053886308	-0.0019236604	-0.0603599862	-0.0078003878	0.06838008	0.0034058156	-0.0148538141	-0.166238645	0.0331415232	0.0086468321	-0.0724166967	0.0022108449	0.1099200153	-0.0842138308	0.0426899553	-0.0177555215	-0.0080834747	0.1745397722	0.0752512234	-0.1084218782	-0.0042637708	0.0088361679	0.0483835409	0.0363202036	-0.0869014438	0.041177277	-0.0019219851	0.0025598142	-0.1189180359	0.1768207593	0.0165997291	0.0308348745	0.0109905951	0.0193404113	-0.068907602	-0.0328561489	-0.0532383902	0.0239721095	0.0328836012	-0.0664695209	-0.0356085666	-0.1513574672	-0.0003618069	0.0003618746	-0.0449471151	-0.129113672	0.0407504131	-0.0036268769	0.0652899763	0.1104778709	0.002417644	-0.0005174436	0.0230245028	-0.0737762737	0.0111699461	-0.0491473364	0.0366883952	-0.164412081	-0.0479569927	0.01343121	-0.0961326963	0.0429446887	0.0268498132	-0.0315899587	-0.1234675274	0.0920368341	0.0370176448	0.0249973276	-0.0626176088	-0.0890591	0.0527777011	0.0070924518	0.0086486287	0.0843771616	0.0046772587	-0.0529560917	0.0767085328	-0.1150923618	0.027831889	-0.1261050742	0.0853297155	0.0369489355	-0.0136509316	0.1084782957	0.0283683925	0.0078740141	-0.018051286	-0.0892954069	0.0206538076	-0.0399191527	-0.0146574913	0.0248681888	-0.0075646218	0.0280859641	0.048172358	-0.0800901555	0.1400816998	-0.0876319293	-0.0345172626	-0.0731005754	0.0014411573	-0.0748130342	-0.1339463672	-0.1763434429	0.005789397	-0.0208159488	-0.0171881493	-0.1668084406	0.0543140955	-0.0670409289	0.1107365824	0.0468653338	-0.0510332779	0.0620587063	0.1232802768	-0.0518671661	0.0792689837	-0.027446607	0.0068043952	-0.0349979353	0.0228882328	-0.0120512729	-0.0296825957	-0.0481089804	-0.0565120806	-0.0621468196	-0.0699818568	0.0631352795	-0.0202787295	-0.0887413447	-0.0917754626	-0.027144045	0.0439935159801052	0.0110424185057525	0.0001219350064561	0.0019354294482917	0.2735249027866331	0.1202360139040764	0.0144566990395412	0.074815872444437	0.1603543311717388	0.0742290699766173	0.0055099548295935	0.0257135115255356	-2.868212415958087e-06	0.0012070769959053	1.4570348740438643e-06	8.226642463056127e-12	-0.0004210005185241	-0.0001567447132555	1.7724143659756108e-07	2.456890513358026e-08	0.0006259994465977	0.0002031593999357	3.918753071406267e-07	4.127374178223371e-08	0.0	0.0	0.0	0.0
271.3628989813385	0.3884546686758199	0.150897029616041	73637.82294355612	439.3259131847973	1.3018033524634234	1.694691968485008	193007.25799565605	252.4889489818552	0.6578252497554331	0.4327340592157979	63750.66935796188	280.6578029447389	303.0740091499303	0.915679	23.541359	0.2179648002948178	0.1772745574617539	-0.047065445	0.1182352067	0.037684071	0.0103136878	0.0499929636	0.0507711956	0.1083122021	-0.0057890883	-0.1125197875	-0.1009394077	0.0365152717	0.0374116328	0.1275234522	0.0173640682	-0.0639342895	-0.0888861776	0.0030336095	0.0175586295	-0.0901555936	-0.0232564345	-0.0887264379	-0.000722931	-0.0738380442	0.0850308225	-0.0841752084	-0.008599632	-0.0073136331	-0.0595104918	0.055621176	-0.0381950206	0.0518992869	0.0217268734	0.0311240666	0.0263039023	0.282174581	-0.0804958893	0.0300891067	-0.0954034946	0.1175531779	-0.0483898599	-0.0331622474	0.0240000316	-0.0052929177	0.0245372649	-0.1035812218	-0.0068891857	-0.014134628	0.0586194184	0.0663337664	0.0812173327	0.0099469285	-0.0980234042	0.1611952618	-0.0381792071	0.1117740027	-0.0177639229	0.0456488088	0.0166057193	-0.1183708778	0.0182909604	-0.0317266374	0.0636871433	0.0467525136	0.0208533625	0.0684281888	0.0707277968	-0.0710851178	0.0895005696	-0.0927244183	0.0029177926	0.0960135371	0.0202739639	-0.0567648276	-0.0543718894	0.058233183	0.0720058609	0.1370314405	0.0015741705	-0.0102860965	0.043314224	0.0330762037	0.0730244991	0.0882612594	-0.1230084276	0.0978492764	0.0590300609	0.0334495319	0.1428982203	-0.00794246	0.0823188668	-0.0285964271	-0.047090892	0.1147734996	0.0327295991	0.0117712541	0.0911098305	-0.110272102	-0.1108729765	-0.061619927	-0.1867223665	-0.0022351615	-0.0120157193	0.0061288115	-0.0288384175	0.0950252633	-0.0506544895	-0.0535009229	-0.1517937895	0.1885880629	0.072487467	-0.0590289077	0.1137535163	-0.0281105382	0.014478448	-0.0802952235	-0.042395786	-0.0993280439	0.0239301285	-0.0247370421	-0.0530834107	-0.0175004625	-0.0114060759	0.0829134363	-0.0682400993	0.0663674563	0.0322038903	0.0582069311	0.0110980786	0.0012294795	0.0948244826	0.0431169833	0.0313622657	0.0025741605	0.1224465766	-0.001024339	-0.0525026074	0.0037115695	0.0618630313	0.0619093949	-0.0233445364	-0.0908143174	-0.0891006524	-0.0195090322	0.046063974423717	0.0020704584436117	4.286798166723386e-06	0.0021218897397088	0.1011086829917644	-0.1724162197948687	0.0297273528483524	0.0102229657763291	0.174330887613209	0.0139765564414701	0.0001953441299616	0.0303912583760093	-0.0003519205847061	-0.0003490523722901	1.218375586013758e-07	1.238480979398833e-07	-0.000342081385201	7.89191333231e-05	1.1701967410103494e-07	6.2282296044692345e-09	0.0004639396399136	-0.0001620598066841	2.1523998948316085e-07	2.626338094248788e-08	0.0	0.0	0.0	0.0
271.74611952241594	0.383220541077435	0.146857983103682	73845.95347549117	441.0615803678271	1.7356671830298185	3.012540570246665	194535.3176765652	253.31898336925545	0.8300343874002465	0.6889570842669025	64170.50733523312	281.4644948126043	302.9139431191172	1.102983	28.356806	0.3090275724633061	0.2049214713190113	0.0236065391	-0.0826863496	0.0156670027	0.0098566814	0.0618677214	-0.0830204864	-0.0896925327	-0.0329441381	0.0235727658	0.0981556471	0.0439132925	-0.1020248413	-0.0243011836	0.0558536225	0.0414921201	0.0271869267	-0.0022693865	-0.054349697	0.0840944236	0.0514459757	-0.0655354371	-0.0770651188	-0.0272344782	-0.012422373	0.0939130099	0.1062433277	0.0078845473	-0.0191562068	0.1170153441	0.0455029913	0.0142704809	-0.0284812509	0.1153038808	0.0449915756	0.1009382864	0.01531807	-0.0339336189	-0.0798272536	0.0402637118	-0.0976190743	0.0904050861	0.0125921703	-0.0105957916	0.0056727302	0.1251596575	-0.0918163761	0.0949803236	-0.1194377318	0.0711434535	-0.0415616679	0.1207217636	0.0801516955	0.0142637245	0.0796533797	0.0014254326	0.082489949	-0.0975133011	0.0054521298	-0.0509808084	0.0041817236	-0.0700894034	-0.0111274172	0.0858129072	-0.1109233879	-0.0499746557	0.0772426582	-0.0807907762	0.0239024453	0.0850508858	-0.061608556	0.0561767376	-0.0581340127	0.0292326784	0.0683086538	0.0410386163	-0.0176974685	-0.0845301307	0.0097039835	-0.0098189834	-0.0293319051	0.0247370035	0.0132738586	-0.0361414067	-0.0250752719	0.0731702197	-0.0812158622	0.0206380263	0.0052490843	-0.0422419968	-0.0247747205	-0.170579945	0.0811569117	0.0268279457	0.1273225525	0.0395865711	0.0525610157	-0.0319458699	0.0497201516	-0.086273649	0.0034682963	-0.0313398252	0.1248382975	-0.1782683555	0.0757298807	0.0341286088	0.0551534167	0.0186642666	0.0954768019	0.0466979796	-0.0078332197	-0.0115031716	0.2145129705	0.1192614733	-0.0375164527	0.0741311998	0.0129909237	0.0105072588	-0.033281269	0.0287040551	0.0728799545	0.0520639402	0.000196971	-0.0604907136	-0.0170176517	0.0839740199	0.0287862669	0.0428766736	0.0555118294	-0.06290892	0.0150876403	0.0841593649	0.0621040224	0.003497102	-0.0215165597	0.0039868479	-0.0604090086	0.1224281773	-0.0398566538	0.0606682351	-0.026387305	-0.0926856596	-0.0860742027	-0.0117537397	0.0336561320277013	-0.0124078423960157	0.0001539545529243	0.001132735223066	-0.0891690413154151	-0.1902777243071794	0.036205612367519	0.0079511179291102	0.1199829542194024	-0.0543479333938066	0.0029536978641776	0.0143959093032152	-0.001019001351076	-0.0006670807663699	4.4499674886065306e-07	1.0383637534947132e-06	-2.206063061116481e-07	0.0003418607788948	4.866714229622619e-14	1.1686879214661973e-07	0.0004329997378523	-3.093990206130001e-05	1.874887729801605e-07	9.57277539562837e-10	0.0	0.0	0.0	0.0
271.86085633585986	0.1147368134439261	0.0131645363592663	73908.32520766703	442.561115135945	1.4995347681178828	2.2486045207943524	195860.34063037115	252.62794480421468	-0.6910385650407704	0.4775342983736071	63820.878496001336	281.2154845722285	309.2659921445194	1.231227	31.653854	0.3192270306641194	0.2233629370666301	0.021146421	0.1058696384	-0.0795803139	6.81036e-05	-0.041917153	0.0288554155	0.0570696664	0.118068778	-0.0019260578	-0.0681980516	-0.0703273267	0.0204021989	-0.0004123197	-0.0645941508	-0.0583653127	-0.0461056401	0.0112963205	-0.0094230476	-0.0657966195	-0.0335694039	0.044563243	0.0835281574	-0.009617031	0.0031319241	-0.0864681428	0.0329748726	-0.0262402648	-0.0878012353	-0.0285920754	-0.1154149341	0.0065221479	-0.054014508	0.0369804828	0.0324100623	-0.0274066855	0.0203639817	0.0533125424	0.039464212	0.0758165731	0.1001325426	0.058805353	-0.0900064619	-0.0422402133	0.0166276877	0.0173283761	-0.0728437938	0.0938492652	0.0438094655	-0.0095377149	0.0894478374	-0.0462773601	-0.0096194159	-0.0939699835	0.0985782426	0.0092482948	-0.0144350516	0.0121667073	-0.0239267712	-0.0392650569	-0.0253232012	0.1263947172	-0.0146108126	0.1030629095	-0.1835335099	-0.2018265411	-0.0495814138	0.0410783364	0.0042374594	-0.0652473101	0.0436332269	-0.0643360755	0.113261054	-0.0252464252	-0.0424724648	0.0108265829	0.0327961064	0.0452028147	-0.0576021876	-0.0144212172	0.0686056267	-0.0364361351	0.0783411937	-0.0508675197	-0.0763165295	0.072098637	-0.0365205685	-0.0584886338	0.0333957463	-0.0514078683	0.0551707438	-0.0037898432	0.027014244	-0.1230233156	0.0182216905	-0.042877536	0.0919409245	0.0312377843	0.0214571045	-0.042053374	0.1482341281	0.0040042043	-0.1073260811	0.0778564694	-0.1221898499	0.0006903588	-0.0367706624	0.0035680089	-0.0166988097	-0.00066504	-0.033017931	-0.1085409567	0.0987076671	0.1117064528	0.0560284654	-0.0583189802	-0.0427413717	0.0473175685	0.062393449	0.0142189109	-0.146807963	-0.0086624004	0.086864345	0.0171481215	-0.1095657946	0.05528699	0.0012116602	0.0322108703	0.0269625971	-0.046513122	0.0025080843	-0.0341929642	-0.05385561	0.0201763145	0.1350375909	0.1366359438	-0.1087017407	-0.1426090347	-0.055459581	0.0594121063	-0.0294040325	-0.0943512164	-0.0827080574	-0.0039259816	0.0426233225551868	0.0089671905274855	8.041050595622567e-05	0.0018167476256434	0.1182535101786612	0.2074225514940763	0.0430241148683127	0.0139838926695747	0.1507786894854703	0.0307957352660678	0.0009483773105777	0.0227342132029558	-5.951169321892442e-06	0.0010130501817541	1.0262706707520303e-06	3.541641629783375e-11	-0.0003100008927119	-0.0003097802864057	9.610055348217495e-08	9.596382584565228e-08	0.0003149991384824	-0.0001180005993698	9.922445724465422e-08	1.3924141451655633e-08	0.0	0.0	0.0	0.0
271.0519336490459	-0.8089226868139576	0.6543559132423121	73469.15073488679	440.26029053271657	-2.3008246032284205	5.293793854821219	193829.123419952	252.73132145205025	0.1033766478355744	0.0106867313177203	63873.12084289956	281.1673412903227	304.2749633157585	1.190444	30.605362	0.2966434997628754	0.2395278070706069	-0.0341336245	-0.0521210868	0.093249766	-0.1110570135	-0.0320513242	0.1549401387	-0.0165070519	-0.1130184593	-0.0328590304	-0.0615929038	0.0944969473	-0.0095361962	-0.0664435098	0.0406151422	-0.0276886348	-0.0728936973	-0.0459885909	0.083706867	0.0623508606	-0.0494676043	0.0285499493	-0.0442181532	-0.0633007391	0.2087523062	0.1147958249	0.0391390948	0.0021575941	-0.0819283067	0.0626750088	0.0157743081	-0.0185196587	-0.0770345011	-0.0564494226	0.0887607557	-0.0570541785	-0.0758209709	-0.1239225896	-0.0360367134	-0.0787191127	0.1403800065	-0.0947434534	-0.0153610612	-0.0518586891	0.0098068754	0.0249336654	0.0354494932	-0.0599993536	0.1234957022	0.039388628	0.0286117239	0.2083385165	-0.0984056186	-0.0515326973	-0.0765510579	-0.0513007547	0.1692971375	0.0429232901	0.0377108609	0.0940623038	0.0819476342	-0.0155874241	-0.0298750704	-0.0871826448	0.1179581249	0.2347907841	-0.0331961429	0.0291585238	-0.0477928939	0.0519449196	0.0445255731	0.0398616116	-0.1828489625	-0.0223962821	-0.1256207262	0.025517496	0.0307141746	-0.0210583778	-0.1183178315	0.0335050614	-0.0808165763	-0.074158131	0.1392209347	0.0576831679	0.0265964672	0.0601755451	-0.0415472835	-0.0853749869	0.037545081	-0.0090268329	-0.1327510602	0.0502947259	-0.0053164534	-0.0054827501	0.0191494886	-0.0094892086	-0.1236411991	-0.0600421338	-0.0894694598	0.1824178145	0.1373447685	0.1070715312	0.0491498414	0.0051954869	0.0165598902	0.0218461583	0.0792399843	0.0735001143	-0.0603422012	-0.0633767791	-0.0595197421	-0.0299966919	-0.0700473895	-0.0556596509	0.0075510007	0.0675937347	0.0481199064	-0.194402872	0.0407465795	0.0023493053	-0.0068021662	-0.062296968	0.004135267	-0.0330515645	-0.0172423392	0.0332475434	0.1156900187	0.1723075364	-0.0363429262	0.1041713235	0.0454324332	-0.0537703496	0.0283272748	0.0122172368	0.0508780394	0.0648799215	-0.0894558204	0.0129320449	-0.0247755048	0.0581413184	-0.0323917418	-0.0958072899	-0.0790155012	0.0039259816	0.044663759935176	0.0020404373799892	4.163384701657215e-06	0.001994851451547	-0.1159358077668599	-0.2341893179455211	0.0548446366397883	0.0134411115225542	0.1651949215243533	0.014416232038883	0.0002078277461989	0.0272893620974372	-0.0003370000007513	-0.0003310488314294	1.095933287907763e-07	1.1356900050637623e-07	-1.0010329076770574e-07	0.0003099007894211	1.0020668822523844e-14	9.6038499283841e-08	0.0005939997656015	0.000279000627119	3.528357215346369e-07	7.784134993285104e-08	0.0	0.0	0.0	0.0
271.6226636841203	0.5707300350744049	0.3257327729360314	73778.87142685673	442.9499857539862	2.6896952212696306	7.234460383320687	196204.68987945656	253.47576172613788	0.7444402740876228	0.5541913216836549	64249.96178264582	282.1728842034695	303.30249532432686	1.314267	33.78875	0.1680643658255662	0.0982791764312358	0.1281620781	-0.0715684057	0.0074338847	0.1478422002	-0.1131505089	0.0559289387	-0.1427774157	0.0683130949	0.0443459536	-0.0448614815	0.0839758968	0.1773578501	-0.0937575846	-0.0264295427	0.0225327603	0.0133370693	0.006932995	-0.0802976139	0.1326084233	0.0269073646	0.0869251986	-0.0594841758	-0.0325571282	-0.005080138	-0.094543778	0.0338061908	-0.1016073043	0.0877379285	-0.0729052716	-0.1011107349	0.0627080696	-0.0336824103	0.0279537872	0.1421484498	-0.0412886115	-0.0319785575	0.0196288405	0.1779359158	-0.0622421335	0.0343777529	-0.0605024215	0.0609558517	0.096495312	-0.1327956431	-0.0012838604	0.0997709025	0.0569006825	0.0593906167	-0.0315955761	-0.0584807089	0.0184928014	-0.0860031093	-0.0317879987	0.0970309509	-0.0168394778	0.0307385589	-0.0312968329	-0.0453781148	0.0310028415	0.0452273248	0.030352929	0.0599568314	-0.0377392748	0.0380235092	-0.003362486	-0.090070786	0.1017972138	0.0454389356	0.1350867105	0.0050028146	-0.1257926847	0.0479840542	-0.019990647	0.1398555104	0.0071432261	-0.0327381977	0.1117409979	-0.1369647344	0.0619526976	-0.0118080371	0.0185553421	-0.0256751692	-0.05207206	0.0734547547	-0.0016940972	-0.0769820867	0.0171922117	0.0829351	-0.0053291461	-0.0014629801	-0.0457960449	-0.1655589723	-0.116037456	-0.1280223215	-0.0900008017	-0.080831011	-0.0861121961	-0.0477795976	0.0429344554	0.0642986802	-0.0767677225	-0.036679559	0.0140311162	0.1261246824	-0.0744895796	0.032546537	0.0015001204	0.0246971827	-0.044372497	0.0193819715	-0.035171241	0.0361065642	-0.0264275573	0.0059025551	0.1419715557	0.091984594	0.1957202611	0.0263861362	-0.0154690664	0.0081032412	-0.0301186589	0.0880339847	0.0528615677	0.0548113218	0.0663422405	-0.0754979026	-0.0252286755	0.068801135	0.0369526405	0.1345557883	0.1019300176	0.0307347834	0.0593102941	-0.0298126997	0.1395368199	-0.0383752029	0.0158854491	-0.078842873	0.0568561851	-0.0353474844	-0.0970506473	-0.075011107	0.0117537397	0.0324122393929542	-0.0122515205422218	0.0001500997555964	0.0010505532624661	-0.1983641080121572	-0.0824283002452973	0.0067944246813288	0.0393483193474587	0.1366961281043828	-0.0284987934199704	0.0008121812263941	0.0186858314387298	-0.0010579668315484	-0.0007209668307971	5.197931711096143e-07	1.119293816656561e-06	-0.0001207847004609	-0.0001206845971701	1.4588943865429336e-08	1.4564771994117105e-08	0.0005379361612072	-5.6063604394299984e-05	2.893753135343386e-07	3.1431277376805723e-09	0.0	0.0	0.0	0.0
272.15594887265826	0.5332851885379455	0.284393092313952	74068.86050677698	440.3191178980008	-2.6308678559854	6.921465675657216	193880.92558647352	252.4272953615952	-1.0484663645426622	1.0992817175773066	63719.53944357003	280.8064933999071	299.31678671138104	1.532534	39.400227	0.5531584811222461	0.4172069592115767	-0.1742407676	0.0593483993	-0.0596394956	0.090375415	-0.0293250083	0.0067159446	0.1714359545	-0.0453002502	0.0346298734	0.0316576857	-0.026022165	0.0781112231	0.0050307046	0.0678193632	0.1296122439	0.0241690857	0.048341762	0.0558663693	-0.156562562	0.0137858926	0.0473779663	-0.0058134007	-0.0522454425	-0.0314045587	-0.1074752905	0.0134099669	-0.0403838769	0.0289365645	0.1258980007	0.0530835686	-0.0480966407	-0.0415091777	0.0138444916	-0.0231185985	0.1503305948	0.0684626772	-0.0706881627	0.00562669	-0.2244263251	-0.0593805615	-0.0776999557	0.1472112963	0.117775797	0.0554349866	0.0016534695	0.1681152076	0.1017361489	-0.0265077973	-0.0104346719	-0.0472681026	0.0774788913	-0.0507840349	-0.0108944582	-0.0103491118	0.0238030436	0.0041695683	-0.0223668922	-0.0064328222	-0.009480875	-0.025287045	0.0694008862	-0.0380554558	-0.0711476487	-0.0182095007	0.0003137777	-0.1487858392	0.1113547024	-0.0541232143	-0.1562788065	0.0046262999	-0.0508415321	-0.0387991474	0.0937514191	0.0313181459	0.041314194	-0.0453306855	0.1093476578	0.102199071	0.0269321915	-0.0223323163	-0.0590702609	0.0438557301	-0.1196000922	0.0204870151	0.0374075273	-0.0205694913	0.0268171658	-0.1143048165	0.1231046776	-0.0255736329	-0.0597042371	-0.1474378389	0.1923091834	0.0397045599	0.0491145388	-0.0947358423	-0.0976784608	0.039923542	0.0924396577	-0.0332738585	-0.1013864203	-0.050162683	-0.0209748044	0.1143133166	-0.0025294755	-0.0284629002	0.0137493653	0.0668498809	0.0165439148	0.0507492309	-0.08082348	0.0330063929	-0.0231152001	-0.0007062986	-0.1478340239	-0.0040021538	0.0122524532	0.091628034	-0.1619070861	0.0685550321	-0.0958383947	0.0419043916	0.1135807891	0.0234994629	0.0565771783	-0.0301557174	-0.033103847	0.0474852439	0.1195790146	0.0144752436	0.0487721159	-0.0371129306	-0.0141425177	0.1147237297	-0.1303883158	-0.0222310296	0.0651217802	-0.0700679456	0.0555570233	-0.0382683432	-0.098078528	-0.0707106781	0.0195090322	0.046045712799227	0.0136334734062728	0.0001858715971195	0.0021202076671888	0.2024506819466864	0.4008147899588435	0.1606524958497519	0.0409862786206783	0.2183440079132026	0.0816478798088198	0.0066663762772754	0.0476741057916006	-0.0001259227550459	0.0009320440765025	8.68706160543398e-07	1.5856540238349734e-08	-0.0003020320432887	-0.0001812473428277	9.122335517314715e-08	3.2850599282138054e-08	0.0005099808215713	-2.79553396359e-05	2.600804383705381e-07	7.815010141585214e-10	0.0	1.0	0.0	0.0
271.9937546373389	-0.1621942353193617	0.0263069699708324	73980.6025617169	440.7323538122043	0.4132359142034829	0.1707639207875883	194245.007696846	252.8141081897018	0.3868128281065992	0.1496241639878255	63914.97329975425	281.11877853739225	308.9468163464462	1.3432	34.532593	0.3053296461095611	0.1994543965633425	0.0506122979	0.0052059648	-0.0081256907	-0.1488741352	-0.0064174104	-0.0416940003	-0.051558638	0.0914414902	-0.1189803826	0.0393090207	0.0423066936	-0.0568787272	0.0257449334	0.1169722664	0.0821315807	0.0354725801	-0.0663866289	0.0632611493	0.0021526596	0.0852766931	-0.0936281915	0.0188905439	-0.0248764825	0.0063249551	0.0588599502	0.0089695741	0.029878207	-0.0389488961	-0.0394795647	0.0110706931	-0.0476497426	0.0004646226	-0.0271905285	0.126532396	-0.1426704078	0.1319633991	0.0679662313	0.0081463935	0.0024618567	-0.0261232814	0.0267836173	0.0032467655	-0.081709313	0.0765261814	0.007522031	-0.0053241094	-0.1188522816	-0.0813345839	-0.1087709229	0.0175758003	0.0988767091	0.0509390518	-0.0180198265	-0.0839960451	0.0092409753	-0.0452676819	-0.0070584286	-0.1093017011	0.0471300517	0.0426493988	-0.065114685	-0.0058655584	0.0432781016	0.0813400223	-0.0629447436	0.0432075327	-0.0202663142	0.0710998047	0.0061930887	-0.0933435498	0.0549738813	0.0761135589	-0.059457336	-0.0151242858	0.0764557377	0.0251706607	-0.0895235666	-0.0345717995	0.0447521462	-0.0039458473	0.1027275664	0.0142411159	-0.041645336	-0.005490484	-0.0427482343	-0.1485641937	-0.1917039211	-0.077723283	-0.023928643	0.0034396334	-0.0409751534	0.1244028094	-0.0409755901	-0.0078841119	0.0500372053	-0.0078482582	0.0497044742	-0.0281901042	-0.0443733499	-0.0890562853	0.0464795931	-0.0075661958	-0.0258056256	0.0176280304	-0.0864112362	-0.0028952708	-0.0219609175	-0.1122222245	0.0073295511	-0.0697915109	-0.0622064797	-0.0224254468	-0.048392769	-0.0383314315	-0.0135911992	-0.0274145447	0.010676877	-0.0550967857	0.0762375971	-0.0250591784	0.0601317878	-0.0215074548	-0.0316451812	0.0390959343	0.0727515281	0.0096005468	-0.0425207852	0.0657808122	0.1623537719	0.0615758396	0.078536017	0.0313009704	0.0107443063	0.0673735825	0.0408642312	0.0425237426	-0.0122447482	-0.0573974637	0.0542441537	-0.0411514359	-0.0988886499	-0.0661311865	0.027144045	0.0428758139727278	-0.0031698988264992	1.0048258570241003e-05	0.0018383354238239	0.0258643890280865	-0.1765862929185999	0.0311827188467335	0.0006689666197962	0.1472253424380056	-0.0711186654751969	0.0050578645789729	0.021675301455988	-0.0010938974274997	-0.0009679746724538	9.369749665120416e-07	1.1966115818904617e-06	-0.0003433222791973	-4.1290235908600034e-05	1.1787018739322881e-07	1.7048835813878435e-09	0.0005898116909942	7.983086942290002e-05	3.478778308334377e-07	6.372967712816114e-09	0.0	0.0	0.0	0.0
271.62053523370935	-0.3732194036295482	0.1392927232455956	73777.71516064674	439.2330738443724	-1.4992799678318534	2.2478404219418837	192925.69315877592	252.5219531068145	-0.2921550828873194	0.0853545924568964	63767.33680088022	280.934095262941	305.4669184512532	0.9914710000000002	25.489929	0.2516766626224002	0.1832130033838325	-0.0924090438	0.0380861877	-0.0724888371	-0.0477300963	-0.0226409891	0.006151167	0.1057214042	-0.0596897678	-0.0591521088	0.0453344407	-0.0173951281	0.0408131923	0.0064781197	-0.0105415747	0.0094395583	0.0971605882	0.0274346673	0.0147926796	-0.1248332962	0.0565190763	-0.0018958318	0.0209478489	-0.0985524521	-0.0588482561	-0.1129870918	-0.085810277	0.027970142	-0.1284841562	-0.0628855348	-0.0956179304	-0.0116155899	0.05324833	0.0516539507	-0.0802782997	-0.0167503597	0.0095141335	0.1748428961	-0.2106819036	0.0703603752	-0.0707386159	0.0291678224	-0.0165519812	0.1308407775	0.1437111021	-0.0580701847	0.0872929549	-0.0127041435	-0.0092043385	-0.0640578741	-0.1559957475	0.0046721051	0.1962080223	-0.0963482854	-0.0385458569	-0.0449463411	0.0274533708	0.0618350109	0.1435000743	0.0173077105	-0.0211369508	0.0048692551	-0.0917106486	0.0577215864	-0.1424582348	0.1341201204	0.0130226967	-0.0291815314	0.0222713799	-0.1200522698	-0.0599350873	-0.0172722752	0.003445103	0.0611993577	0.0237308947	0.0524573029	0.0103858949	0.0556425782	0.0452602839	0.0926598668	0.1181500386	-0.0630896499	0.019687184	-0.0281657352	-0.0804212786	0.0356918826	0.0319593188	0.0734508632	0.0362584469	0.1574067791	0.2243252842	-0.0290999675	0.023618063	0.0050892123	-0.0122207676	0.0662895204	-0.0496049287	0.2366911135	-0.004449233	0.0603129086	-0.0439396845	-0.0305385528	-0.0285250002	-0.1489363021	-0.1303641724	-0.1869593915	-0.1290612078	-0.0344991661	0.1533226697	0.0271834579	0.0315955445	0.0547124073	0.0017775983	-0.027479293	-0.01583591	-0.124128668	-0.0224703663	0.0600772863	0.0039082812	-0.0334245633	0.0093577276	-0.0817444638	0.0793711132	0.0442880793	0.0375794376	-0.0003675965	0.0054447172	-0.0621263036	0.0210321365	0.1067179488	-0.006731121	-0.0499774952	-0.1578598905	-0.001360569	0.0677539135	-0.1167631013	-0.1036999531	-0.0935586618	-0.0496503852	0.0529179001	-0.043993917	-0.0994792142	-0.0612907054	0.0346117057	0.0530266311348128	0.0101508171620849	0.000103039089058	0.0028118236095074	0.1980171420724161	0.1721527530443296	0.0296365703807419	0.0392107885545274	0.1731760651309812	0.0259507226929755	0.0006734400082877	0.0299899495342498	-0.0003668641721691	0.0007270332553306	5.285773543566095e-07	1.3458932082131905e-07	-0.0004076226396017	-6.43003604044e-05	1.661562163158574e-07	4.1345363481357315e-09	0.0006669254697194	7.711377872519996e-05	4.4478958216044235e-07	5.946534869279101e-09	0.0	0.0	0.0	0.0
271.441363979337	-0.1791712543723633	0.0321023383933661	73680.4140789629	440.50175343903015	1.2686795946577265	1.6095479139008926	194041.7947828601	252.6175556999789	0.0956025931644148	0.0091398558197606	63815.62944783195	281.0279634938657	302.0999382836555	1.029879	26.477356	0.1665535358847637	0.1202156807504462	-0.039560652	0.0238345201	0.0782227356	-0.0678271276	0.0699693983	4.70389e-05	0.0115238731	0.0099400578	-0.1632058414	-0.0469847565	0.0276801561	-0.0238645768	0.0109201449	0.1428411321	0.0455383951	0.014041343	0.0171112378	0.0114009199	-0.0522281973	0.0567674645	-0.0400724348	0.0179207605	0.0232160447	0.0844722297	0.1414071815	-0.0246866313	0.0604968649	-0.0108460962	-0.0257694608	-0.0724887457	0.0262120963	0.0076425253	0.0421120097	-0.0250316629	-0.0328767325	0.0733204738	0.087154469	-0.0124137282	0.0770362801	0.0219915475	0.0530648311	0.0051300494	0.0561610286	0.0992282307	0.0854884533	-0.0298456393	0.0938136756	-0.1112182875	-0.0067404918	0.1288696537	-0.081807154	-0.0668140657	-0.1283152755	-0.0159123282	0.0857888237	-0.013580951	-0.1862795869	0.0836622966	-0.0298658727	0.0437236209	-0.0029882897	-0.0572855256	-0.1397508252	0.1392990692	0.0062396816	-0.0227564139	0.0772852602	-0.0329062045	-0.0455138841	-0.0730717493	0.0419538944	-0.0160438096	-0.071308475	-0.1037881555	-0.0012171256	0.0393410879	-0.0428811381	-0.0606647754	0.0297075693	-0.017967464	0.1284813798	0.0223982632	-0.0637502529	0.0023588014	-0.0210280202	0.0151135274	0.0046941016	-0.0465328423	-0.0962882153	0.0855432728	-0.0100540083	0.010051837	-0.0237957297	-0.0001505637	0.1454656851	0.0304858557	0.069489429	0.1040802884	0.1252582193	-0.0099030247	-0.0146543197	-0.0846443889	-0.1588209661	-0.0883923269	0.1430976457	0.0862998071	-0.0418974204	0.069635389	-0.0852563277	0.016639286	-0.1173255171	-0.1275995822	0.2101310313	0.0040746838	-0.0653089281	-0.0174518824	-0.0569554615	-0.0701131367	0.0212968119	0.0399883476	0.0427806693	-0.0135816786	0.0873933362	-0.0150751373	0.0810676214	0.0326835752	-0.0240528923	-0.0296745981	0.08367069	-0.0710786295	0.0530818108	0.1749719968	0.0634968356	0.0171101638	0.0649803585	0.0574817112	0.0091519012	0.079704856	0.0515785898	-0.0467929814	-0.0998489097	-0.0562083378	0.0418659738	0.0435238311545163	-0.0095027999802964	9.030320746552308e-05	0.0018943238783668	0.0863272331388316	-0.1116899089335845	0.0124746357575924	0.0074523911814061	0.1775693805093539	0.0043933153783727	1.9301220013846087e-05	0.0315308848944757	-0.0008522524351106	-0.0004853882629414	2.3560176580136674e-07	7.263342131519474e-07	-0.0006928049744714	-0.0002851823348697	4.799787326523172e-07	8.132896412173372e-08	0.0007157051037584	4.8779634039e-05	5.12233795545822e-07	2.3794526969787676e-09	0.0	0.0	0.0	0.0
272.2448270389944	0.8034630596574175	0.6455528882340588	74117.24584949197	440.5559701301682	0.0542166911380377	0.0029394495979573	194089.56281733364	253.1149843276324	0.4974286276535054	0.2474352396092496	64067.1952911776	281.61143585995177	305.3007698769494	0.980485	25.207493	0.0563981002551573	0.0338326369161866	0.028224238	0.0322556368	-0.0782287401	0.0367598287	0.0358145148	-0.0638446654	0.0047571266	-0.0076896913	0.0479741375	0.1135166469	-0.0109971972	0.0589689448	-0.0567239499	-0.0457987467	-0.038967653	-0.0487546168	0.0808717547	-0.0674716463	-0.0197032729	0.0374452014	0.0041288629	0.0808468408	0.0192085555	-0.0427436992	0.0421931677	0.0143694885	0.0110833052	0.0551842056	-0.0041423482	0.0231670162	-0.0567101247	0.0951953818	-0.0184869693	-0.0055609755	0.0266619322	-0.0426015893	0.1418487249	0.0430434702	-0.0571410768	-0.1118356392	0.0796719791	0.1761626775	-0.1219920219	0.0421837042	0.0830186148	-0.0697631056	-0.0108431619	0.0466103771	0.0678536164	0.007737361	-0.0369153938	-0.0085169915	-0.1108271833	-0.0210613575	0.1249855479	0.0981590149	0.062201498	0.116319253	-0.1108464353	0.1010938988	-0.1888261143	0.0742127552	-0.1068885705	0.1287285526	0.0660646359	0.0451117582	0.0623520519	0.0250475155	-0.015919987	-0.0350153266	-0.0351333368	0.047013985	0.0947965924	0.0031832219	0.0301891958	-0.0448855407	-0.0700147805	-0.0116432287	-0.0620055914	-0.0444401404	-0.0341580456	-0.1518552688	-0.0003107247	0.1126049172	0.0687053532	-0.0067328436	-0.0383820009	0.0878785207	0.0027154657	0.0688352282	-0.0149803937	0.0715307425	0.0567804878	-0.0005313017	0.1346364588	-0.106668612	0.1219091898	-0.0578924307	0.0285043177	0.0249926575	-0.0797396818	-0.0329094262	-0.0223543359	0.0004649677	0.1409896087	0.0842737472	-0.0341041308	-0.0656297183	-0.0765847061	-0.0417459391	0.0237495605	-0.0569612148	0.0723137041	0.1665843563	-0.0275856349	-0.0656594582	0.0657363746	-0.0065179132	0.0345375698	0.0209240843	0.0754006678	-0.0125716185	0.0255334814	0.0505328316	0.0551917571	-0.023940466	0.0258823595	0.0133271593	-0.099210169	0.0105032384	-0.0142719909	-0.0801103745	-0.0915807849	-0.096022763	-0.09618823	0.0002972168	0.0593985467	-0.0400800881	0.0502265533	-0.0495458668	-0.0999969158	-0.0509041416	0.0488621241	0.0422972799216267	-0.0012265512328896	1.5044279269030045e-06	0.0017890598887684	0.0537629836673119	-0.0325642494715197	0.0010604303436433	0.0028904584128116	0.1702823466990608	-0.007287033810293	5.3100861752354496e-05	0.0289960775973391	-0.0007288138495634	0.0001234385855471	1.5237084401893396e-08	5.311696273154223e-07	-0.0005532450827396	0.0001395598917318	3.060801215755468e-07	1.9476963380191765e-08	0.0006722982662283	-4.340683753009992e-05	4.519849587735782e-07	1.8841535443644907e-09	0.0	0.0	0.0	0.0
272.6618999897918	0.417072950797376	0.1739498462868304	74344.51170604321	441.8697602607834	1.313790130615189	1.726044507301875	195248.88503292215	252.9019463963571	-0.2130379312753234	0.0453851601620694	63959.39449106588	281.2949821595621	305.7646012950249	1.04938	26.978727	0.1982558117348648	0.1191421443078853	-0.0906976513	0.1170755574	0.05602717	-0.0392983009	-0.0348824658	-0.0978095474	0.1412791761	0.0142845994	0.0057882846	-0.1146619704	-0.0754006101	-0.069051485	0.0367323788	-0.0850313686	-0.0227915395	-0.0183580779	0.0648613654	0.0337289186	-0.116712895	-0.0779376298	-0.0327932743	-0.0045684548	0.0153359935	-0.0548384778	0.0129411462	-0.062099368	0.1070681371	-0.0400330731	-0.0840118152	0.1545632126	-0.0623182557	-0.0088769296	-0.1527234291	-0.1615782405	0.023192972	-0.0765752685	-0.0711605385	0.0157619239	-0.001681294	0.0312674464	-0.0732320175	0.0303982355	-0.0491834292	-0.0564933231	0.0194249988	-0.0571896076	-0.0895834499	0.0151906094	-0.0660054582	-0.0520605267	-0.0600437503	0.0494632903	-0.0051189247	-0.1245987384	0.0135171111	0.0622057859	-0.1183371779	0.0526800106	-0.1515156575	-0.0077736312	-0.0073767857	0.0039872963	0.0225425266	-0.1205285031	0.1079972074	-0.0955720416	0.0714564927	0.0744267459	-0.1215320879	0.0588706531	0.04583621	0.0151333415	-0.03129616	-0.0078774709	-0.0210843216	0.1029396749	-0.0159300976	0.0964228382	-0.0320304112	0.0083728419	-0.007479756	0.0029096641	0.1763406913	0.0821398661	-0.00106484	0.243442728	0.0279599062	-0.0851564765	-0.008183569	-0.0501213972	0.1065845133	0.0137631636	0.0224061105	-0.0747698951	0.0736199254	-0.0234896177	-0.0117718259	-0.0765700735	-0.0196793152	-0.0153899104	-0.0458537819	0.002102018	-0.1056344996	-0.0843930252	0.016625199	0.031954063	0.015584774	-0.0420355212	-0.0115543861	0.0206390479	0.0534266667	0.094782837	-0.0212103404	-0.0613101116	-0.1125860237	-0.0145192807	-0.0553697369	0.0422034899	-0.0498715072	-0.0462217825	-0.067563853	-0.0263532018	0.0411680211	0.0309463138	0.0424698077	0.0491426016	-0.063328107	-0.0816271192	-0.0562652548	0.0226166398	-0.0441607848	0.020974923	0.0625522911	0.0537522027	-0.1276238242	0.0925002429	-0.0286532695	0.0645288653	0.0488621241	-0.0522498565	-0.0999229036	-0.04539905	0.0555570233	0.0533352036505476	0.0110379237289209	0.0001218357602454	0.0028446439484453	0.157594483230639	0.103831499563327	0.0107809803015691	0.0248360211447321	0.2029413339751187	0.0326589872760579	0.0010666094498977	0.0411851850356006	2.1277485438677584e-05	0.000750091335002	5.626370108451989e-07	4.5273138659313664e-10	-0.0007389924599838	-0.0001857473772442	5.461098559129083e-07	3.4502088153099175e-08	0.0007510075773132	7.870931108489997e-05	5.64012381181842e-07	6.195155651459557e-09	0.0	0.0	0.0	0.0
271.6579807800262	-1.00391920976557	1.0078537797363265	73798.05852148109	440.7272145016093	-1.1425457591740835	1.3054108118066834	194240.47760234756	252.98954787511843	0.0876014787613428	0.007674019081174	64003.71133405684	281.43688533005206	308.44919292975226	1.141102	29.336817	0.2091748588703126	0.112651906439897	0.0222536984	-0.0065342521	-0.0206918228	-0.0770730632	0.0991006101	-0.1269025434	-0.0526648711	-0.005426523	-0.1143367807	0.1216867746	-0.0123472148	-0.1186476176	0.0120380335	-0.0728500794	-0.0062570515	0.0979372989	0.0509383364	-0.0731191851	-0.0235689657	0.0345749278	-0.127471588	0.003994504	0.0529115903	-0.0497759943	0.0403077053	0.0076686635	0.0377919024	0.006461929	-0.0523230893	-0.0068310171	-0.0119011869	-0.0405901012	-0.0837946826	0.0409988355	-0.0886288402	0.1342535951	0.0050058297	0.0250012205	0.0778833744	-0.0086522462	0.0134840962	-0.0328648371	0.0174498674	-0.046560632	0.0493793304	0.1040555228	0.0155262197	-0.0016082292	0.0304506275	0.234404628	-0.0541633036	0.0434084983	-0.0456252875	-0.0875731553	0.0104666186	-0.0860770174	0.1117950013	0.1249103873	-0.0531918166	-0.179824321	-0.007962107	-0.0462352933	-0.0294972451	-0.0233496895	-0.0284395149	-0.0235765277	-0.0444398804	-0.0326501384	-0.0148850368	-0.0895895705	0.1151860436	0.0623902557	0.0141512764	0.0596850707	-0.0440076868	-0.0571013695	-0.1448494525	-0.0198328879	0.0573799803	0.0427946944	0.041588872	-0.0738348218	0.0058586387	0.0207817656	0.0487210047	-0.0161652252	-0.0402993262	-0.0239917482	0.0791030654	0.008623935	-0.1024301457	-0.0557688533	-0.122511761	0.0318521304	-0.0642414422	-0.0372355263	0.0013277001	0.0121237138	-0.1457423955	-0.0006698224	0.0332278433	0.0024656809	-0.07831522	-0.2054708567	0.0711946944	0.0320053537	0.0462559797	-0.0303344267	-0.069705956	-0.0755173505	0.0873127225	-0.0775803835	0.0127317838	0.1320144464	-0.0435680099	-0.0510955817	0.0530739265	-0.0891202347	0.0832648056	0.0614162206	0.0357897028	-0.054441785	-0.0382024251	0.0037300671	0.0490836956	0.0124630709	-0.0604423749	0.0457949741	-0.0331467951	0.0363840977	0.0287758997	-0.0590948299	-0.0464851348	-0.1315615985	-0.1298768696	-0.005348015	-0.04169808	-0.0372338853	0.047485639	-0.0549022818	-0.0996270376	-0.0397147891	0.0619093949	0.0440500396917968	-0.0092851639587508	8.621426974088483e-05	0.0019404059968488	0.0781550098891443	-0.0794394733414946	0.006310629924774	0.0061082055707722	0.1541781480012005	-0.0487631859739182	0.0023778483063269	0.02377090132108	-0.0011597742085467	-0.0011810516939853	1.39488310386573e-06	1.3450762148101245e-06	-0.0005539752451546	0.0001850172148292	3.068885722440992e-07	3.423136978315434e-08	0.0008186793804216	6.767180310840004e-05	6.702359279274949e-07	4.579472935942061e-09	0.0	0.0	0.0	0.0
271.6240346375933	-0.0339461424329101	0.0011523405860754	73779.61619280449	440.7533970577616	0.026182556152321	0.0006855262466694	194263.5570179569	252.64222463327192	-0.3473232418465102	0.1206334343267694	63828.09366764863	281.1191227761673	302.30700995744485	1.027867	26.425625	0.1836315229168308	0.1135246445655493	-0.058833965	0.0698936585	0.0461663817	0.0308219034	0.0603804012	0.026728418	0.1007012393	-0.0296744192	-0.048103047	-0.082146174	-0.049728203	0.0548744735	0.0115224325	-0.0956836652	-0.0242495894	0.0030047221	0.042113713	0.0035069201	-0.1127753538	-0.0296859695	0.015468068	0.0040479794	0.0630837808	-0.032509264	-0.062268187	-0.0339117967	0.1029794082	-0.0226146735	-0.0130135621	0.0468796842	-0.0588587466	-0.0109849511	-0.0034111631	-0.1434994782	-0.0921404863	-0.0119232358	-0.039837278	0.0986789456	0.0667138419	-0.003133959	-0.1183155668	0.0549319466	0.0887326606	0.0204738042	0.082529011	-0.1117017808	0.0754484295	-0.0192352388	-0.0194838453	0.0599306513	-0.1011912881	0.1042144334	-0.0900664417	0.0415350372	-0.0953890877	0.0154875865	0.0498855956	-0.0411998582	0.0276349497	-0.0251789645	-0.0160527942	-0.0293937064	-0.1051916905	0.0373952898	0.0229459864	0.0200701136	0.0194130259	0.0174937911	-0.1084189297	0.0160685312	0.0081846454	-0.003509951	-0.0023653145	-0.0072551743	-0.1059220384	0.0423739943	0.0629155319	0.0287519368	0.0354403898	0.0451428732	-0.0244772534	-0.0130743692	0.1387042145	0.0060829768	0.0073660861	0.1199584898	0.0850885333	-0.092059892	0.057302488	0.0574977363	0.0653250319	0.0561523357	-0.1138125201	-0.0521616705	0.0910453525	-0.0466989427	-0.0220851676	0.0983171865	-0.0659003595	0.0687192147	-0.0440860334	-0.0513783764	0.0755707578	-0.0485601394	0.0358898576	-0.0497383305	0.0787037008	0.0180993277	-0.0760841527	-0.1010054241	-0.0737928121	-0.0003099763	-0.0071345145	0.0821991614	-0.1065580572	-0.0050659616	-0.0224455608	-0.0185092364	-0.012891363	-0.0239101189	-0.0291885201	0.0489744411	0.0861869045	0.0029851315	-0.010119504	0.0593625322	-0.0080225461	-0.0972804069	-0.1080093416	0.0307401286	-0.0759999073	-0.023460811	0.0980518883	0.0234339687	-0.1414304692	0.041144235	-0.0552751237	-0.0102427764	0.0460974375	-0.0575005252	-0.0991099747	-0.033873792	0.0678800746	0.0480206370829847	0.0039705973911879	1.5765643642908162e-05	0.0023059815858557	0.1697326091002367	0.0915775992110923	0.0083864566772674	0.0288091585919737	0.182590009807356	0.0284118618061555	0.000807233891292	0.0333391116814503	-0.0001462014032061	0.0010135728053406	1.027329831726014e-06	2.137485029943263e-08	-0.0007045623127075	-0.0001505870675529	4.964080524877411e-07	2.2676464914181672e-08	0.000847948797696	2.926941727439999e-05	7.19017163514092e-07	8.566987875829445e-10	0.0	0.0	0.0	0.0
271.5155246696041	-0.1085099679892209	0.0117744131530217	73720.68013661038	440.23424924393777	-0.5191478138238494	0.2695144525980822	193806.1942073735	252.70066306044936	0.0584384271774354	0.0034150497709724	63857.62511119076	281.1527359749507	301.936993327331	0.8896049999999999	22.871033	0.1915252275711934	0.1408966047943403	-0.0374174256	-0.008294301	0.0365007507	-0.0013259298	0.1025994786	-0.0689943954	0.0168788727	-0.066316521	-0.063705688	0.0617694531	0.0494674467	-0.0507805613	0.0217918083	0.0447801261	-0.0299422435	-0.0351916458	0.1164877603	0.002838902	-0.0210109714	0.006938762	-0.0931297951	-0.0001433535	0.0528416919	-0.0027195691	0.0559617207	-0.0277848341	0.0953110538	0.0181698508	0.1408853719	-0.0866531295	0.0893403511	0.052171579	-0.1423812951	0.0689508645	0.0159192262	-0.0193145629	-0.022637298	0.1225242062	-0.0494162734	-0.0700290908	0.0890385612	0.0286945437	0.0698544595	0.0448560209	-0.0119722194	0.1802482001	-0.0259019094	0.0005982495	-0.149744821	0.0524018872	-0.1555443936	-0.0519822777	0.112073638	-0.0926635243	-0.0654055137	0.1379065653	-0.0825807649	-0.0103953521	0.1062667258	-0.0342107432	0.0293231464	-0.0518800525	0.0161061804	-0.090416253	0.0871712903	0.0606548348	-0.0428028364	0.0452426977	-0.0192695813	-0.0444469956	0.0911450011	-0.0059585803	0.0429110514	0.015298282	-0.0641135819	-0.0416407426	-0.0847333123	-0.0114202147	0.070485125	-0.0350140462	0.0589466547	-0.0657311505	-0.0254531105	0.0105842274	0.1507397865	-0.0089512814	0.0853122415	0.0656933468	0.0285120797	-0.0821659132	0.0958863357	-0.146132741	0.0259217084	-0.112095699	0.007609972	0.0505565738	0.0466207366	0.0783598814	0.0493174325	-0.1167747161	0.0107768752	0.0606931773	-0.0586062331	0.041658008	-0.0828976898	0.1732948472	-0.0429098494	0.029032572	0.0357144003	-0.1435049069	-0.0052279648	-0.1025805717	0.0038688749	0.0353904823	-0.0379875826	-0.0380773245	-0.0038673744	-0.0381517856	0.0375891751	0.1169662545	0.0234656455	-0.0607807407	-0.0064396438	0.0176453396	0.0004547782	0.0401910278	-0.0456613537	0.0102410333	0.0388799632	-0.0220174347	0.1047860416	0.090413092	-0.0444155388	-0.0528443942	-0.0351859463	-0.0845259986	-0.0657231132	0.1348988242	0.0446978621	-0.0600420225	-0.0983728629	-0.0278991106	0.0734322509	0.0432437468331698	-0.0047768902498149	2.281868045877669e-05	0.0018700216401712	0.0512694741860144	-0.1184631349142222	0.0140335143337052	0.0026285589833103	0.1882102914391623	0.0056202816318062	3.158756562081905e-05	0.0354231138036144	-0.0012367610031995	-0.0010905595999934	1.1893202411377649e-06	1.5295777790350336e-06	-0.0005540324803439	0.0001505298323636	3.069519892760139e-07	2.2659230431413546e-08	0.000860157780846	1.2208983149999983e-05	7.398714079499154e-07	1.4905926955698355e-10	0.0	0.0	0.0	0.0
271.5683436191665	0.052818949562436	0.0027898414328791	73749.3652560577	441.7524548597739	1.5182056158361092	2.3049482919563	195145.23137463653	252.8174193931025	0.1167563326531535	0.0136320412146138	63916.64754858789	281.36436808070704	303.61102364330566	0.858994	22.084055	0.0703868760083359	0.0439684678637266	0.0314066294	0.0212530073	-0.0105205541	-0.0075441388	0.0788910783	0.0380187958	-0.0138373913	0.0512125765	-0.1032093226	-0.0478013453	-0.0634876306	0.0346425992	-0.0416884568	0.0857188085	-0.1119744381	-0.1121822145	0.0850659507	-0.0134866988	-0.0293395801	-0.0032617875	0.0613120979	0.0737894036	0.1286586178	0.0762764378	0.0831916233	0.024068457	-0.057938793	-0.0341365707	-0.1156425288	0.0037191772	-0.080937037	-0.0209088122	0.0710212834	-0.1477958632	0.0360912599	0.0126768161	0.0209312094	-0.0217689467	-0.0956713609	-0.0749977489	-0.0713102079	-0.036447295	-0.0694028964	-0.0339882179	0.0058970513	0.0705824079	-0.0597283212	0.004751908	0.0834654752	-0.0797494896	-0.2361204464	-0.0127484123	-0.0589728262	-0.0248040172	0.0181694885	-0.0902615324	-0.0613230179	0.133889079	-0.0025356462	0.0814460205	-0.0669450984	-0.1425254297	-0.0788709219	0.0229822936	-0.0978081281	-0.0363101823	0.0352434234	-0.0444392313	-0.0237516012	-0.0149922093	-0.0479905573	0.0299400519	-0.0483476739	-0.107933151	-0.111931529	-0.0148844321	-0.0343154729	-0.1299529293	-0.083822988	0.0483200729	-0.0072908941	-0.0178473722	-0.005084215	0.0647292129	-0.0442080638	0.0869286627	-0.0173949071	-0.0932135463	0.007353756	0.1094120851	0.0336606436	-0.0079595561	0.1465995342	-0.0564088628	-0.0186547422	0.0289491916	0.1242362413	0.0061098985	-0.0253213623	0.01515533	-0.0586713535	-0.000184945	0.1471587484	-0.0844095323	0.1064345708	0.0646931496	0.0212574812	0.0945984304	-0.021138683	0.1009362383	0.0221945008	-0.0174407903	-0.0254153596	0.040230771	-0.0366786454	-0.0264173867	-0.0113457422	-0.0639102804	0.0681261918	-0.0255507719	0.0711035904	-0.0257634186	0.1238845934	-0.0469643772	0.0077260119	-0.0047120186	-0.0094300862	-0.0573636357	-0.0136492345	-0.0301596918	-0.0329516547	-0.0414598493	0.0145862379	-0.071840107	0.0556744679	-0.0047423342	-0.058627377	0.0435596213	0.0432872582	-0.0625242656	-0.0974173387	-0.0218143241	0.0785316931	0.0398321859617425	-0.0034115608714272	1.1638747579453794e-05	0.0015866030384908	0.0856005012893774	0.034331027103363	0.0011786194219718	0.0073274458209927	0.1881864462709117	-2.3845168250602452e-05	5.685920488995392e-10	0.0354141385600747	-0.0008636746593064	0.0003730863438931	1.3919341999952048e-07	7.459339171280261e-07	-0.0007938546585475	-0.0002398221782036	6.302052188975679e-07	5.751467715831933e-08	0.0008206574456368	-3.950033520920006e-05	6.734786430791172e-07	1.56027648163917e-09	0.0	0.0	0.0	0.0
272.1798184768713	0.6114748577047635	0.3739015016050608	74081.8535861026	441.1721583836515	-0.5802964761223848	0.3367440002000574	194632.8733328897	253.0782738548861	0.2608544617835946	0.0680450502324088	64048.61269736873	281.46584716105536	299.89586394186574	1.026656	26.394506	0.2862291382313612	0.1575723233822007	-0.084667309	0.01505519	0.0168456738	0.040328501	-0.0113957515	0.0494027681	0.0796902657	-0.0696775022	0.0995604878	-0.0228854268	0.1083524448	-0.011330036	0.0157339292	0.0645985801	-0.0044179681	-0.0708149778	0.0268067874	0.0709543144	0.0366766558	-0.1624983748	0.0714754017	-0.006746558	0.0021072314	0.066489553	-0.0007907021	-0.0569416377	0.1059541572	-0.0783273547	-0.0410114635	0.0727847188	-0.0575010815	-0.0211560493	-0.0120705969	-0.1568807469	-0.023588198	0.0169758569	-0.027255672	-0.0176942701	-0.0676621619	-0.0017266715	0.1351647333	-0.0950550937	0.0174523865	-0.0061024221	-0.0483662408	0.0792361778	-0.1213103547	0.0428718981	0.0721500633	-0.113723539	0.0120344369	-0.0536213217	0.0201912629	-0.0508391048	-0.0121625754	-0.0222694647	0.0728937078	-0.0447002783	0.0749062153	-0.0145979831	0.0196782673	-0.0308954775	0.0196808069	-0.0406266561	0.0261659347	0.0264170247	-0.0668777093	0.0327485752	0.0143361934	0.1665623499	0.0096057635	-0.0983303631	0.0333664134	-0.0911912681	-0.0211150839	-0.0164755744	0.0283175231	0.0452654919	0.0275075931	0.0844087656	-0.0010394288	-0.0792073109	-0.0407324018	0.1157296461	0.0427348238	0.0299182589	-0.0244809425	-0.0532515902	0.0686447655	-0.0075552744	0.1302083328	-0.0180476936	0.0019249758	0.0055385172	-0.0573050838	0.0267135922	0.158780184	-0.0982146003	-0.0295139758	0.0080849093	0.0438909397	0.1018356807	0.0408285579	-0.0547203415	-0.0024842376	-0.0145957062	-0.0435012213	0.0584031672	0.0091804524	0.0542484254	-0.0318400746	-0.0274080896	0.0320709771	-0.1210854692	0.0361176761	0.0074115249	-0.1299630537	0.1340946144	-0.0358662621	0.0679202918	-0.0322379133	-0.0281730371	0.049998417	0.0182353579	-0.0252932623	-0.1008145847	-0.0116429257	-0.1452252253	-0.0140786097	-0.0964476742	-0.0513699179	0.0206113417	-0.0363941372	-0.0931816475	-0.0465382374	-0.0722618556	0.0354556462	0.0589536722	0.0418659738	-0.0649448048	-0.0962455236	-0.0156434465	0.0831469612	0.0531833936032342	0.0133512076414917	0.0001782547454862	0.0028284733551565	-0.0639586703051549	-0.1495591715945323	0.0223679458080427	0.0040907115072035	0.2459473363004889	0.0577608900295772	0.0033363204170089	0.0604900922333057	0.0002368923323055	0.0011005669916119	1.211247703025668e-06	5.611797710513944e-08	-0.0009829046110403	-0.0001890499524927	9.661014744042831e-07	3.5739884537529885e-08	0.0007991170104263	-2.154043521049992e-05	6.385879963526673e-07	4.639903490577448e-10	0.0	0.0	0.0	0.0
272.4537313784398	0.273912901568508	0.0750282776456791	74231.03574203502	442.3337832598619	1.1616248762103965	1.3493723530308188	195659.1758129825	253.00287178863584	-0.0754020662502625	0.0056854715948089	64010.453133296905	281.5068209330241	306.41804163037966	1.092994	28.100006	0.1881148973402708	0.0915464876735354	0.0529776771	-0.0250066787	-0.0164387959	-0.007691873	-0.0569051636	-0.0878949624	-0.0507126135	0.0481149037	0.0226213967	-0.0294320448	-0.0280007088	-0.0588212201	0.0184961643	0.0792879171	0.057138285	0.0074318849	0.0367342633	-0.089497365	0.0173062604	-0.0201985586	-0.0626085855	-0.009363546	0.1208518161	-0.0494845292	0.048413606	0.0844948542	-0.0107141062	0.0526878087	-0.1073476897	-0.1380746799	-0.0267445447	0.0495408771	-0.0623878427	0.0964812509	-0.0292980626	-0.0960215678	0.089258023	-0.0132638284	-0.204989584	0.0152349069	0.0849761207	0.0972085555	0.0014220067	-0.0751880549	-0.0828203036	-0.0786061086	0.204586554	-0.0185643017	0.0011498044	-0.0756403513	0.089072803	0.0876583257	0.0470646617	0.0412862515	0.0070308095	-0.0374810212	-0.0850409879	-0.0631466194	-0.0659660331	0.0781135483	0.082064696	0.1192966188	-0.0673320111	-0.0218199223	-0.030910693	0.060183216	-0.0260492668	0.0020869577	0.0257559594	0.0053858368	0.0402288325	0.0906523836	-0.013145879	0.0987230287	-0.0787193651	0.0186351966	-0.0754632373	-0.0455503503	-0.0475615898	0.0363760268	0.1013461968	-0.0258950755	-0.1196814854	0.0404203722	0.0103772876	-0.0253860989	-0.135221328	0.074220841	-0.1256326813	-0.0113011362	0.0789487145	-0.0242138485	0.1133774967	-0.055192559	-0.0423503784	-0.1039167196	-0.0794007587	0.0046001436	0.0449102693	0.087811136	-0.142021391	-0.0185785795	-0.0266711787	0.1490578644	-0.0528205992	-0.0557417741	0.0449933023	0.0657568726	0.1288198052	0.0521748425	0.0030116836	-0.0518575537	0.0656954278	-0.0838810028	0.0240967653	-0.0346029368	0.1124690168	-0.0001202721	0.0640317277	-0.0135360511	0.0500222276	-0.0602534537	-0.0540669001	-0.0327907708	0.0384289263	-0.0298551551	-0.1316781227	-0.0346834105	0.0601659354	-0.0729695583	0.0918865519	0.0464555732	0.0778383575	-0.0339258698	0.0830005749	0.0503021239	-0.0048812935	0.0556856112	0.0404343596	-0.0673012514	-0.0948600195	-0.0094108313	0.0872496007	0.0468972986482043	-0.0062860949550299	3.951498978365238e-05	0.0021993566204988	0.0097661089062199	0.0737247792113748	0.0054353430697659	9.537688316814764e-05	0.2013418997769278	-0.0446054365235611	0.0019896449674574	0.0405385606057824	-0.0009241097401267	-0.0011610020724322	1.3479258121918632e-06	8.539788117970371e-07	-0.0009228929779028	6.00116331374999e-05	8.517314486622981e-07	3.601396111829876e-09	0.0008480750378627	4.895802743639993e-05	7.1923126984582e-07	2.396888450463288e-09	0.0	0.0	0.0	0.0
272.0928858315507	-0.3608455468890952	0.1302095087096902	74034.53852014127	440.5690091254006	-1.7647741344612768	3.1144277456635487	194101.0518017373	253.10694049146144	0.1040687028256002	0.010830294907803	64063.1233249482	281.5267533755997	305.68032520717924	0.8811379999999999	22.653343	0.130606266285552	0.0833225499499073	0.0469130495	0.005590999	-0.0135407496	-0.0542423171	0.1028750091	-0.0512834843	-0.0294229076	-0.0296502659	-0.0261853963	0.0837073504	-0.090765739	-0.0316919731	0.0043727246	-0.1036969653	-0.026680107	-0.0488180924	0.0409285399	-0.1370654692	-0.0105834577	0.050286466	-0.1330065011	-0.0236324011	0.0697211384	-0.0711376621	0.1505873264	-0.0141682444	-0.0347950154	0.0097345761	-0.0851041987	-0.0063897109	-0.0166442101	0.0624720137	-0.0801723787	-0.0274863625	0.0280406646	-0.0601874022	-0.0406861581	0.24001726	0.0718287984	-0.0454339608	0.0231598124	0.0269110147	0.0737891818	0.0118763392	0.0823001919	-0.000537877	0.0480858251	-0.1759941101	0.1163307252	-0.0867198034	0.0749966998	-0.0483296706	-0.0471742393	0.1010228866	-0.0062327885	-0.0014025231	0.0214975262	0.0652712803	-0.0250910191	-0.0716460542	0.0262017736	0.0766725448	0.0805148	0.0893871719	-0.045032888	-0.0248359938	-0.1491231476	0.0140395183	-0.0040510751	-0.0800121823	0.1101507776	0.021995947	-0.0041673015	0.0416514006	0.0080972276	-0.014505557	-0.1276998048	0.0113980083	-0.1414456393	-0.0430185023	-0.0586033175	-0.1870538183	0.0863522435	0.0835621061	0.0433708	0.0290102063	0.0691145102	0.0061757608	-0.0455023858	0.0219483627	-0.0614123463	-0.0309497644	-0.0932989445	0.007865218	-0.0055187571	-0.1388990276	-0.0187673511	0.0193131489	-0.103872082	0.0649156218	-0.0138727649	-0.0851099802	0.0549820735	0.0840603365	0.0883543575	0.0461337218	-0.0597800436	0.1583533439	-0.0623103608	0.1399229382	0.0467649373	-0.0049052933	0.0092201294	-0.0029493426	-0.0325274871	-0.0261223009	-0.0100207975	-0.1169492451	0.1019949889	0.0381715846	0.0311940721	-0.0660818402	-0.0138699656	-0.0165555967	0.0091994317	-0.0102227596	-0.081949222	-0.0808089755	-0.1581716789	-0.0378045146	-0.1186975994	-0.0100582309	-0.136605472	-0.1597802325	-0.1040700097	0.0217604401	-0.0128724872	-0.042409833	0.0389927688	-0.0695912797	-0.0932639023	-0.0031410759	0.0908143174	0.0415758879411782	-0.0053214107070261	2.831741191285205e-05	0.0017285544580974	0.0867099870712735	0.0769438781650536	0.0059203603870786	0.0075186218579004	0.1665058396449055	-0.0348360601320222	0.0012135510855218	0.0277241946358549	-0.0010721630771169	-0.0001480533369901	2.1919790593933712e-08	1.1495336639327796e-06	-0.0008979034417737	2.498953612909999e-05	8.062305907490562e-07	6.244769159475937e-10	0.000751019565353	-9.705547250969996e-05	5.64030387543009e-07	9.419764744081124e-09	0.0	0.0	0.0	0.0
272.6490923156727	0.5562064841220149	0.3093656529793732	74337.52754056022	442.3639668209452	1.7949576955446105	3.221873128794819	195685.87914156236	253.2289077964797	0.121967305018245	0.0148760234934136	64124.87974379801	281.684896188878	305.4119242178129	0.902664	23.20676	0.1897302781791606	0.0846517547650002	-0.042253353	0.0473547756	0.0118983442	-0.0003354769	-0.0146366491	-0.0639824675	0.0534920218	-4.5572e-06	0.0454850331	-0.075026625	0.0150443074	-0.0836399479	0.0618481333	-0.1742402605	0.0617775322	-0.0748217516	0.0126860845	-0.0323271421	-0.0177486581	-0.1010963073	-0.0386380244	0.0063948653	0.0120902484	-0.0633620258	0.0324460076	-0.0505557597	0.086610812	-0.0368179384	-0.0247890513	0.0227654272	-0.0856752141	0.0453158741	-0.0395933414	0.0543179979	0.0518306675	-0.0927530114	0.0347416347	0.0320311594	0.1871086972	-0.0033939434	-0.0386635902	0.1437050912	-0.0897118394	-0.0195057778	-0.0677435392	-0.1316723025	-0.0391253834	-0.0274658087	0.1297556052	0.0057433201	-0.0897299797	0.0164105205	0.042170276	0.081896441	-0.0450067256	-0.0353306335	0.0531091295	-0.0894108132	0.0475472019	-0.0664704626	0.1978221711	0.0133401572	-0.0437823991	0.0416155477	0.1203978464	0.032482863	0.1370071347	-0.2154626682	-0.0244826782	0.0951936405	0.067762021	0.0120021307	-0.010779576	0.0007274381	-0.0291927098	0.0716022515	-0.049930198	0.0791668246	0.0035287945	0.0604715411	-0.0522018134	-0.0777225754	0.1038962871	-0.0053826803	0.0618813648	0.1265403942	-0.0315883078	0.0820821466	0.0155638712	0.0726842398	-0.0073540547	0.1685140708	-0.0631445672	-0.061067989	0.0402061703	0.0119775291	-0.1180000259	0.0659740304	-0.0686887642	0.0979479914	-0.051235389	-0.0087811643	0.0897548359	-0.0398186625	0.0175133109	-0.032030897	-0.0388321885	-0.0041746868	0.0830798801	-0.1258143204	-0.0938994811	-0.0297399284	-0.0347786004	-0.0188426816	-0.0117147163	-0.0192670497	-0.0699841873	0.0494966679	0.0219987381	-0.0633795682	-0.0023269317	-0.0482269098	-0.0195850182	-0.0161186937	-0.0246571822	0.0428415205	-0.0150432985	-0.1722167337	-0.1522803076	-0.0465647872	-0.0683148222	-0.0394929651	0.0429277315	-0.005933189	-0.0757150639	0.0530876862	-0.0127220091	0.0349531676	0.0375415571	-0.0718126298	-0.091460716	0.0031410759	0.0938191336	0.0470456942812376	0.0054698063400594	2.991878139775406e-05	0.0022132973504036	0.0343809259379241	-0.0523290611333494	0.0027383306390978	0.001182048068349	0.2250143006187031	0.0585084609737975	0.0034232400055223	0.050631435482924	7.834704198518582e-05	0.001150510119102	1.3236735341562956e-06	6.138258987828471e-09	-0.0007519641056443	0.0001459393361294	5.65450016177432e-07	2.129828982989e-08	0.0009230291047606	0.0001720095394075	8.519827282351546e-07	2.958728164721468e-08	0.0	0.0	0.0	0.0
272.0515871106648	-0.5975052050079057	0.3570124700115394	74012.06604943164	442.78823030498666	0.4242634840414325	0.1799995038909748	196061.4168966219	253.041300434418	-0.1876073620616978	0.0351965222997489	64029.899725541385	281.68965311143006	303.94955826429066	0.886329	22.786798	0.1782919362200461	0.114428988525887	-0.0495798648	0.0232329767	0.0827140791	-0.0159557528	-0.0841427589	-0.0623159075	0.0352596141	-0.0094178245	0.0367263153	-0.1152790172	0.1608537207	-0.0974897312	0.0239992218	0.0609236645	-0.0138622712	0.0690038564	0.1579454209	-0.0038573593	0.0311066549	-0.1967970985	-0.0211829121	-0.0495561517	-0.0416718117	0.0305327867	-0.0196182939	-0.043236319	0.0459430584	-0.1224232532	-0.1444155871	0.0166342389	-0.0526608895	-0.0648631009	-0.0074455065	-0.0303355105	-0.1300299387	-0.1069570807	-0.0228475126	-0.0340283487	-0.1044668887	0.0137397856	0.0318883305	-0.0298335212	-0.0168356239	0.0369262492	0.0534023223	0.0372324245	0.0458212639	0.010720427	-0.0623770243	0.0280386962	-0.1058015948	-0.0529467928	0.1968755238	-0.019790474	-0.087782809	-0.0630189511	-0.0395662928	-0.0745359981	0.0233047081	-0.0392794706	-0.0965527027	0.0804604118	0.0176909252	0.0917067686	0.0421509239	0.138182676	-0.0611668879	0.026674498	0.0174553216	0.1713466156	0.0896589034	-0.0330249152	-0.0448995655	-0.0050267321	-0.0194436864	0.0481709716	0.0016786103	-0.0416683173	0.1202910734	0.1724985259	-0.0219151531	0.0008311597	0.0142842637	0.1604881417	0.0506668422	0.0291939793	-0.0182915749	-0.059471761	-0.0231182502	-0.0321545402	0.099084694	-0.0213637636	0.0126725058	0.0055040136	-0.0287303407	-0.0391912625	0.088647993	0.0044982574	0.0490667567	-0.1340223097	0.0164559665	0.0994032816	0.0143180938	0.0225112356	0.0112654841	0.0227718589	0.1584830338	-0.0781117006	0.0630576188	0.0323850393	0.0661709775	-0.1445099742	-0.0322620746	-0.0356261401	0.0473215692	0.0050979648	-0.1062749202	0.1479553518	-0.0084980725	0.0724204846	-0.0975438931	-0.0612076755	-0.1041218668	0.0037156589	0.0350489618	-0.0954040828	-0.0814978726	-0.0750653546	0.0486223027	-0.0026219899	0.0550393181	0.0778883486	-0.0101439591	-0.0901829009	-0.0171941156	-0.0237548768	0.0093367424	0.0722917034	0.0360810826	-0.0739631095	-0.089454464	0.0094108313	0.0962455236	0.0532923030252732	0.0062466087440355	3.902012080106199e-05	0.0028400695617375	-0.0754024870556264	-0.1097834129935504	0.0120523977685124	0.0056855350541739	0.2619697470550974	0.0369554464363943	0.0013657050213132	0.0686281483721117	0.0003349626620212	0.000256615620036	6.5851576446468e-08	1.1219998494832868e-07	-0.0009828421283564	-0.0002308780227121	9.659786492721382e-07	5.330466137144896e-08	0.0009416648229338	1.863571817320008e-05	8.867326387509449e-07	3.472899918309398e-10	0.0	0.0	0.0	0.0
271.20125705173854	-0.8503300589262608	0.7230612091135381	73550.12182644317	442.0038822765082	-0.7843480284784619	0.61520182977805	195367.4319475053	252.80535541655183	-0.2359450178661575	0.0556700514558613	63910.54772728909	281.4826199874137	304.5947427853684	1.16294	29.898258	0.202366162976745	0.0956136534378242	0.0879904826	-0.0693856966	-0.063557761	0.0215553757	-0.0200505108	0.0024237937	-0.100253158	0.0643134825	-0.0637961056	0.0151348728	0.0357746523	0.0341455712	-0.0191211858	-0.0664226536	0.0067763657	0.1776824929	0.0083108253	-0.0766917079	0.0480909706	0.0220205275	-0.120672945	-0.0345396001	0.069446811	-0.0025502333	-0.0183670149	0.1261841936	-0.0663569471	0.0447366279	-0.0761426569	-0.0773336902	-0.0692247277	-0.1093787079	0.0128285097	0.1651419763	0.0427608479	0.0070994192	0.0418767208	0.0530430791	-0.0224891201	-0.0068343774	0.0236768938	-0.017990316	0.046485928	0.0136663133	-0.0672217183	-0.0140014007	0.0186807517	-0.0715236212	-0.0612407263	0.0713644322	0.0205831998	-0.0654819906	0.0056011903	0.0468260439	0.0601420968	0.0722948064	0.1289695116	0.0031434206	0.0106464978	0.0022716741	0.0085832321	-0.1609866234	0.0159740243	0.0287743088	0.000153657	-0.0143344426	-0.0123611293	0.0701434153	0.0588878803	-0.0582889162	0.0798418806	0.1111952581	-0.0384204959	0.1368498425	-0.0642578003	-0.0390652918	-0.0231725212	-0.1563902108	0.0702032128	-0.0343940707	-0.0338133063	-0.0195099401	-0.0542667987	0.0292980108	-0.0040874843	-0.0402282359	-0.1204257997	0.00216462	-0.000141795	-0.0391908944	-0.1050435517	-0.0516099114	0.0535581005	-0.0447223359	-0.0818029219	0.0510012842	-0.0626599949	0.1750676053	-0.0097525471	-0.0275666729	0.076841628	-0.1173847402	0.0007269312	-0.0123297028	-0.0626915051	-0.0083208439	-0.0871462909	-0.066428275	-0.0760495377	-0.0258663489	-0.0488122972	-0.0078013762	0.1111062063	-0.0224173836	0.0458276638	-0.0186171842	0.1259292334	-0.0245049748	0.0723380169	-0.0037557156	0.0665235934	-0.042722747	0.0039698939	0.0643846972	-0.0428258886	-0.0692965018	-0.0807519046	0.0013476055	0.0959391247	0.0715655543	0.0697644408	0.0114129591	0.0692807055	-0.1069342827	-0.018979252	0.0239587556	-0.04735215	-0.0780935908	0.0346117057	-0.0760405966	-0.0872496007	0.0156434465	0.098078528	0.0533468261441782	5.4523118904997725e-05	2.97277049512852e-09	0.0028458838596571	-0.016739886637751	0.0586626004178753	0.0034413006877873	0.0002802238046447	0.2099864735373628	-0.0519832735177346	0.0027022607256196	0.0440943190686575	-0.0011899456217344	-0.0015249082837556	2.3253452738664497e-06	1.415970582684868e-06	-0.000931713055164	5.112907319239997e-05	8.68089217163035e-07	2.614182125513793e-09	0.0011989427844304	0.0002572779614965	1.4374638003377205e-06	6.619194947184594e-08	0.0	0.0	0.0	0.0
271.51262265424	0.3113656025014393	0.0969485384210843	73719.10426058371	438.2575429782062	-3.7463392983020185	14.03505813800206	192069.67397729424	252.46393003410464	-0.3414253824471984	0.1165712917792157	63738.03596826528	280.8583734802444	299.0006388304734	1.246509	32.046741	0.2283924291414081	0.133618981453513	-0.0742435942	0.0566968795	0.0376757425	0.092779832	0.0892006318	0.0968615178	0.1212470388	-0.1170708697	0.0081429112	0.0320625122	0.0380807248	0.0983092127	0.0982731134	-0.0279857347	-0.0537274111	0.038066675	-0.0819154984	-0.0661257957	-0.054679413	-0.0411696192	-0.0749132299	-0.0199554525	-0.0655655631	0.0687933139	0.0047801682	0.0891332217	-0.0789222378	-0.0400069552	0.069434505	0.0512462055	-0.019738668	-0.0526556178	0.0724090741	-0.1077877454	-0.0382514155	-0.0770120709	0.0524553762	0.0338124803	-0.0701243519	-0.0178048943	0.0537692755	0.0208470889	-0.0413512581	0.0108310582	-0.0953905296	-0.1351959621	-0.0766431315	-0.098458275	-0.0819886355	-0.0601029337	-0.0549302982	0.0289180036	0.0240091557	-0.0308726806	-0.088601232	-0.0635903091	0.2484354985	0.0535183176	0.0040265193	0.0778819703	-0.1134259235	-0.0750031434	-0.0458947004	0.0441420702	-0.0415227018	-0.0675253283	-0.0245850033	-0.0331984907	-0.0657150048	0.0293310248	0.1070543157	-0.0724288236	0.0523159991	-0.0245693634	0.044454509	-0.0175668554	0.1108003222	-0.0307625908	-0.0672365169	-0.0197186844	-0.1120834427	-0.0379010762	-0.0700192539	0.0591038325	0.0377140898	0.0024349507	0.053186535	-0.0440628785	-0.009578618	-0.080487753	0.0354650832	0.179188256	0.0496097726	-0.1034984805	0.0985726613	0.085009964	-0.0008232133	0.029389187	-0.1051949535	-0.088731774	0.0308745908	-0.0041108378	0.087779464	0.0306608242	-0.0026459307	-0.0849507378	-0.0307384664	-0.0647290551	-0.0547559146	0.1569360273	0.1772909774	-0.0653371771	-0.02055478	0.0097000414	-0.0584219079	-0.0180788437	-0.0898041813	0.0441311167	-0.0189657006	0.1081970528	-0.0280872661	-0.0249228654	0.151491901	-0.0265091879	-0.0926905367	-0.0686200642	0.029863416	-0.0302922972	-0.0080480378	-0.0079041148	0.0125753411	0.0176659296	-0.0462049679	-0.1084292957	-0.0983832477	-0.0382753516	-0.0035225567	-0.031448456	0.0331337888	-0.0780430407	-0.0848510215	0.0218143241	0.0993068457	0.0624182090803913	0.0090713829362131	8.228998837541825e-05	0.0038960328248034	0.087556399174602	0.104296285812353	0.010877715234252	0.0076661230364222	0.2536044493637064	0.0436179758263436	0.0019025278151874	0.0643152167370687	6.803078406036715e-05	0.0012579764057947	1.5825046375363208e-06	4.628187579868305e-09	-0.0009829635078966	-5.125045273260008e-05	9.662172578563897e-07	2.626608905296475e-09	0.0010800339516278	-0.0001189088328025	1.166473336668761e-06	1.4139310518476662e-08	0.0	0.0	0.0	0.0
272.2711191788351	0.7584965245951025	0.575316977822849	74131.56233889541	440.7755378615688	2.5179948833626327	6.340298232640398	194283.07477715527	252.9608505291646	0.4969204950599533	0.246929978410629	63989.191900438345	281.3163963861064	307.0128224669228	1.154731	29.687202	0.2391461036269546	0.173100699120226	0.0169568982	-0.011505295	-0.0816719604	-0.0250490322	-0.0447927666	-0.0051607529	-0.0227983836	0.0530594826	-0.0176404093	0.0132974442	0.052519623	-0.0442686539	0.0435116771	0.1077081203	0.0581311627	-0.0785356546	-0.0512250751	-0.1005146731	0.0507111956	-0.0123368746	-0.0803410464	-0.0709730636	-0.018835368	-0.0224695845	-0.0002850869	0.0949116616	-0.0194356539	-0.0099139144	0.0019414999	0.0045877358	0.0295311775	-0.1517662714	-0.0371969321	-0.0210418074	-0.1962389506	0.0381726971	0.1518489068	-0.0186969646	-0.0713598458	-0.2078745547	-0.0026273806	-0.007944284	-0.0658160563	-0.021056881	-0.0042000744	0.0094178524	-0.0106653743	0.0292450482	0.0451677727	0.0897366798	0.0480167569	0.0984544925	-0.0348265912	-0.0119420151	-0.0077939735	-0.0410956317	-0.0263807491	0.0199417649	-0.0424063846	0.0891113156	0.0187958454	0.0027398716	0.1263884109	-0.0062400476	-0.0262234404	-0.0885303395	0.0228912813	0.0275384041	0.0481438568	0.0089685264	0.0623938666	0.0418562196	-0.0372059566	0.0903147411	0.0498390904	-0.0152125446	0.0001271509	-0.039183031	-0.0190749701	-0.000456355	0.082595398	0.0806829609	-0.1934363113	0.0249636193	0.085287636	0.0558772185	-0.1443192371	-0.0513772249	0.0103453728	-0.0373011148	-0.0736391445	0.1034920927	-0.0012710852	-0.1791359161	-0.0114024383	-0.0520066732	0.1216187009	-0.038088441	-0.0769517663	-0.1239239692	0.0198609991	0.009707479	0.0347814282	-0.0527945855	0.0143049592	-0.0766737588	0.060433622	-0.0102743437	0.0393023825	0.0586117153	0.0456042077	0.1137599701	0.1009823945	-0.0640794214	0.0479183126	-0.0044449457	0.0165583362	0.0694852166	0.0135854495	-0.0537701296	0.0885910287	-0.080044164	0.0474743423	0.0342739036	0.0179703166	-3.8765e-06	-0.0425066849	0.0131158331	0.1294058447	-0.0036868185	0.1215643624	-0.0486481063	0.0801463534	-0.0280049207	0.0235868959	-0.0651504218	-0.0533029716	0.0920836497	0.0316476967	-0.0799684658	-0.0822640518	0.0278991106	0.0999229036	0.0532475674158519	-0.0091706416645394	8.410066853938603e-05	0.0028353034357056	-0.0703743293772873	-0.1579307285518893	0.0249421150209305	0.0049525462353029	0.270798604732029	0.0171941553683225	0.00029563897883	0.0733318843248136	-0.0007618386131142	-0.0008298693971745	6.886832163668794e-07	5.803980724317676e-07	-0.0009840123746283	-1.0488667316998872e-06	9.682803534216258e-07	1.100121420866803e-12	0.0013461272485656	0.0002660932969378	1.812058569330793e-06	7.080564267522825e-08	0.0	0.0	0.0	0.0
272.18608249378656	-0.0850366850485215	0.0072312378040414	74085.26350331437	440.3456008588764	-0.4299370026923839	0.1848458262841109	193904.2481957649	253.0430447029668	0.0821941738022076	0.0067558822070275	64030.78247254765	281.3278053678741	305.81811516620417	0.912366	23.456186	0.1993640443583724	0.1301613915125919	0.0222616202	0.0061056147	0.0669038975	-0.0608992572	-0.0318727141	-0.0318201094	1.35371e-05	-0.0725139403	-0.0076926589	-0.0415386727	0.0018543846	-0.0302750312	0.0065868829	0.0545360877	0.0672175247	0.0049208228	-0.0020511209	-0.0985160205	-0.0087379855	0.0040163667	-0.0614136384	0.0247096349	-0.0209517367	-0.0572323389	0.0089505731	0.0752951215	0.0486902633	-0.015839057	-0.1364959567	0.1116861319	-0.134378479	0.0138157606	0.1882553384	0.1383906823	0.0700552492	-0.0523009671	-0.0373740701	0.0002211412	-0.1320019356	-0.0638785243	0.0005711572	0.0543531889	-0.0361847741	0.1779192222	0.0525043594	0.0306303919	0.050047511	0.1368076841	0.0781011957	-0.0464694567	0.0608689403	-0.0302635508	-0.030061955	-0.0083727242	-0.0711377679	0.0604045583	0.0727075409	-0.0727334747	0.0398213856	-0.0390644735	-0.049745459	0.102556552	-0.0577204121	0.1017437987	-0.1029409423	-0.0687302913	0.0780755703	-0.1284290274	-0.0071975663	-0.0212540087	0.0635003568	-0.0032096418	0.0508883977	0.0260859063	0.0069311958	0.063932331	-0.0176681773	0.0015499609	-0.0071542915	0.1186399901	-0.0118341618	-0.0530728058	0.0204684092	0.1612893358	-0.0980749382	-0.107314884	-0.031437391	-0.0329205507	-0.0087283191	-0.0039100535	-0.1687826937	0.0463746871	0.2149749718	0.088321521	0.0083581347	-0.0009047514	0.0308235069	-0.0556127905	0.1190464589	0.0453168425	-0.001021811	0.0562743668	0.1045375737	0.1106026764	-0.0014257122	-0.1057532733	-0.0285120274	0.0317318074	0.0518244829	-0.0421756381	-0.0078780754	-0.0565113831	-0.0168566789	0.0650344199	-0.010728098	-0.0228744129	0.0084574577	-0.0331265389	0.0829794853	0.075133366	-0.0681406261	-0.0271847368	0.0085511862	0.0087034007	-0.0491486489	-0.1311029268	-0.0560864585	-0.0361242346	0.0457893027	0.0762682211	-0.0431975365	-0.0669316962	-0.0438794463	-0.0281727855	-0.0371552355	-0.0387322173	0.016562798	-0.0592780094	0.030153796	-0.0818149717	-0.0794944353	0.033873792	0.0999229036	0.0596635792592934	0.0064160118434415	4.116520797518164e-05	0.0035597426900299	0.0504939372256245	0.1208682666029118	0.0146091378715925	0.0025496376965453	0.2379716290476849	-0.032826975684344	0.0010776103325805	0.0566304962316089	-0.0005841994374078	0.0001776391757064	3.1555676745649255e-08	3.4128898266759e-07	-0.0004868614307209	0.0004971509439074	2.370340527236017e-07	2.471590610280188e-07	0.0012358615636259	-0.0001102656849397	1.5273538044478546e-06	1.2158521275221189e-08	0.0	0.0	0.0	0.0
272.16776079221773	-0.0183217015688228	0.000335684748377	74075.29001464986	441.3829614881059	1.037360629229454	1.0761170750753286	194818.91869201075	252.71027207330167	-0.3327726296651292	0.1107376230542452	63862.48161136215	281.26035610310083	303.774742758301	1.066031	27.406797	0.1870334043725971	0.0823029593976248	-0.0886417368	-0.0104793495	-0.1358370617	-0.0337551677	-0.0806876215	0.0029691863	0.0470829351	0.0840569758	0.0043071546	0.0089235304	0.1402405742	0.0122993054	0.0315070573	0.0093044747	0.0069086975	0.0360712081	-0.0188170076	-0.0126826129	-0.004686773	-0.1124160141	-0.0241180212	-0.0515764659	-0.0751725507	0.0527741785	0.0523453983	-0.0034568246	-0.0960516319	0.0116585577	0.000261808	0.0365078533	-0.042283084	-0.144812216	-0.09650437	0.0343766925	-0.021841404	-0.0912776793	0.1216544571	0.0373066539	-0.009056301	-0.0393516155	-0.0958029094	-0.0497040315	-0.0950242886	0.0812416149	-0.0521354685	0.0148759819	-0.043249172	0.06421639	0.0306856741	0.0583624414	-0.072014171	0.0936375667	0.0644039413	0.0819553488	-0.0184086045	-0.083878626	0.0184231355	-0.0078902951	0.0919309968	-0.0511515723	-0.0441725835	0.016629205	0.0548084633	-0.0659306331	-0.0292002586	0.1566388761	0.0227917486	-0.1028602218	-0.0162911913	0.1253430864	0.0572304947	-0.0090391433	-0.0820253678	-0.0020084026	0.0888349201	-0.0533758527	-0.0016125621	-0.0297348152	0.0258282604	-0.0591600436	-0.0342694443	0.0833332055	0.0090412544	-0.0031815011	0.0185895954	0.1178344192	-0.1350982911	-0.0831261183	0.0046778443	0.0207168859	-0.0072612395	0.0323594872	0.0659898857	-0.1431279598	-0.0129181061	0.0604465758	-0.061704421	0.0461615155	0.0221611148	-0.0620221222	0.1062135858	0.0191205241	0.0766189962	-0.0519243114	-0.0477166801	-0.084181219	0.1103328539	0.0076637105	0.0017976847	0.0069626614	-0.1457653015	0.0078402922	0.0212803322	0.0802277286	0.0012377109	-0.0102604232	-0.1006275083	0.1502443232	-0.0698550725	-0.0460737745	0.1241803268	-0.0406835967	-0.0086439346	0.0387749599	-0.0835648972	0.0496228492	-0.022556474	-0.1206940813	0.0753890677	-0.1303163296	-0.0040949378	0.0245675405	-0.0032932599	-0.0067398374	-0.0449868467	0.0491265497	-0.050207874	-0.01339641	0.0286524553	-0.0835807361	-0.0765483213	0.0397147891	0.0993068457	0.0534052384677181	-0.0062583407915752	3.916682946349534e-05	0.0028521194957938	9.280392762889278e-05	-0.0504011332979956	0.0025402742377223	8.612568983348769e-09	0.2762437002039561	0.0382720711562712	0.0014647514305906	0.0763105819023731	0.0006875706521064	0.0012717700895142	1.6173991605829563e-06	4.727534016380202e-07	-0.0009821052224021	-0.0004952437916812	9.645306678694785e-07	2.452664131987719e-07	0.0011608382622862	-7.502330133970017e-05	1.3475454711876442e-06	5.6284957439074575e-09	0.0	0.0	0.0	0.0
272.19397473621376	0.0262139439960265	0.0006871708598268	74089.55988269858	441.382270705532	-0.0006907825738835	4.77180564381186e-07	194818.30889317152	253.1885733755385	0.4783013022368436	0.2287721357214604	64104.45368794045	281.71382063831715	307.1086384986378	1.182911	30.41168	0.2430255625469716	0.1339369658692209	0.1118819511	-0.0309406914	0.1082377848	-0.0582533313	-0.0814156231	-0.0305633861	-0.072770485	-0.0782485402	-0.010596295	-0.0889187124	0.0174957853	0.0251213648	-0.0697341327	0.0187513459	0.0163523174	0.0023475829	0.0269521452	-0.0522739863	0.0820767326	0.0208014421	-0.0631280271	-0.0345855792	-0.005351442	-0.031709074	0.0319135425	0.1303428819	0.0109814019	-0.0312266249	-0.0103693585	-0.0305455457	0.0236351624	-0.1466624685	-0.092195435	0.0387792134	0.0014321776	-0.0481105924	-0.1594233572	-0.034548068	0.0280529159	0.1635023284	0.0037623277	-0.1008429455	-0.0146257876	0.0443869588	0.0109739023	-0.0239971324	-0.0129826678	0.0360042317	0.0868940353	-0.0372087761	0.0436838679	-0.0747685941	0.0367114872	-0.053788504	0.0933133499	0.0397780424	0.0193907383	0.0803500908	-0.0493181308	-0.1026201471	-0.0019525276	-0.0323649216	0.0384333419	-0.0057424522	0.0011699252	0.1923596746	0.0472167681	0.0251862341	0.0836763669	-0.0248965463	0.059956044	-0.0397066497	-0.0103891597	0.0705857526	-0.0105660352	0.133083279	-0.0127859563	-0.0760014069	-0.0945593002	-0.0548373483	-0.0194468998	0.0570947435	0.0781082154	0.0359002991	0.0471407901	-0.0388040747	-0.0300289228	-0.0293272254	-0.0636139873	-0.1490520977	0.0050881232	-0.0229715706	-0.0416401707	0.1230516337	-0.0032085812	-0.0145235404	-0.0714830782	0.0104333117	0.0216835154	0.0399156828	0.0976712335	0.0133531192	0.0828920278	-0.0922360814	-0.0062107962	-0.0275685849	-0.0336248446	0.1073868315	0.0625839141	0.0558026516	0.0203150276	-0.1129727847	0.0090342888	-0.0062527279	0.0912904618	0.0182140847	0.0064247661	-0.0368002444	0.0959113204	-0.0200782256	-0.0835839082	-0.0351186156	-0.0936581705	0.0284914318	-0.0522366137	0.0239501569	0.0220286431	-0.0119387472	0.0086501897	0.0445834662	0.012801709	-0.0112022372	-0.0900844317	-0.0971503697	0.0573101624	0.0092971519	0.0481952028	-0.0158801942	0.027144045	-0.0852640164	-0.0734322509	0.04539905	0.098078528	0.0532350615015388	-0.0001701769661793	2.8960199817992072e-08	0.0028339717730726	-0.0883404405388432	-0.088433244466472	0.0078204387268668	0.0078040334345968	0.2362662245269859	-0.0399774756769702	0.0015981985615027	0.0558217288522361	-0.0009440403576198	-0.0016316110097262	2.6621544870597504e-06	8.912121968149199e-07	-0.000628691833173	0.0003534133892291	3.952534210984273e-07	1.2490102368639936e-07	0.0014647071720779	0.0003038689097917	2.1453670999364394e-06	9.233631433799644e-08	0.0	0.0	0.0	0.0
272.63995493278634	0.4459801965725773	0.1988983357349147	74332.54502575177	442.6557988878707	1.27352818233868	1.621874031210862	195944.156289059	253.4778723690097	0.289298993471192	0.0836939076234448	64251.031780719975	282.20512682720295	304.9849918557792	0.970621	24.953876	0.1144053465604195	0.0799206777941538	0.0445210525	-0.16426329	-0.0803652211	-0.0512940902	-0.0337889361	0.0137144566	-0.1335928401	0.0355603341	-0.0015938846	0.0322268567	0.100655938	0.0542089264	-0.063996796	-0.0270149849	-0.0097741013	-0.0546130862	-0.0240151096	0.0003178151	0.1279583863	0.0234598173	0.0657900679	-0.0983901895	0.0322869001	-0.0090199819	-0.0037652017	-0.0521121212	-0.0191748565	-0.0114416716	-0.0409254334	0.1173235541	-0.0330993844	0.071869426	-0.0394178844	0.0203861308	-0.0238572902	0.0528863372	0.0111166415	-0.1001152416	0.0786320086	0.0358687814	-0.1049753211	0.081974529	0.0968661124	-0.0354882725	-0.1634672284	0.0323456971	0.146112988	-0.0623789937	0.0012363039	-0.045248053	0.0289798839	-0.0424621143	-0.0115094332	-0.0013450659	0.032963682	0.00025601	0.0046226243	0.0206952495	0.0909879097	0.0199733202	0.1135560823	-0.098751135	-0.0049865293	0.1107566759	-0.0212379248	-0.0621642701	-0.0945152716	-0.0221764384	0.1342803379	0.006832014	-0.0494006728	-0.0710394823	-0.0742920083	0.0393161142	-0.0047908645	-0.1144500783	0.0059576912	0.0188636555	-0.0149886615	0.0271517091	0.0033875279	0.0089414867	0.0689042971	-0.0530284318	-0.0911911331	0.0780145484	-0.0586222066	-0.0748423969	0.0688695691	0.0576226467	-0.010700484	-0.0087882589	-0.0968753844	0.0088703012	-0.0608077113	-0.0326813835	-0.0770483229	0.094444374	0.0976579352	0.0882050507	-0.1616127361	-0.0687858608	-0.0060269046	0.0650701225	-0.019514048	-0.1324886522	-0.0627984356	0.0377993781	0.0014024054	0.0167735947	0.1339999512	-0.0239044397	0.0071091069	-0.0576837817	0.1369502226	0.0874967553	-0.0220249411	-0.0533436366	-0.0126789227	-0.0174599813	0.12314792	0.0740263596	-0.0580162451	0.0067060072	-0.0670005413	0.069469155	-0.0042214456	-0.0634415821	0.0457652445	-0.0295586117	-0.0569705903	0.0228454706	0.0378895836	-0.0932896873	0.011610113	0.0323586157	0.0716075666	0.0250619896	0.0256289373	-0.0868631514	-0.0701531426	0.0509041416	0.0962455236	0.0533752340002422	0.0001401724987034	1.964832939275632e-08	0.0028489156045806	-0.1640698145110946	-0.0757293739722514	0.0057349380822291	0.0269189040337049	0.2113513982788362	-0.0249148262481496	0.0006207485669754	0.0446694135544192	-0.0008660251693872	7.801518823260004e-05	6.0863695949680165e-09	7.499995940121285e-07	-0.0007050837081381	-7.639187496510003e-05	4.971430354817734e-07	5.8357185606834766e-09	0.0013466947584493	-0.0001180124136286	1.8135867724348184e-06	1.3926929770447808e-08	0.0	0.0	0.0	0.0
272.8444023496802	0.2044474168938563	0.0417987462745703	74444.06789355417	444.30411080373847	1.6483119158677937	2.7169321719917567	197406.1428771007	253.669134765142	0.1912623961322879	0.0365813041742642	64348.02993249577	282.2494933045026	309.1552633690242	1.2752	32.784355	0.1567729527859531	0.0978064530683721	0.1484264668	0.1037981447	0.1231374984	0.0789081496	-0.098010036	-0.0666792826	-0.0607953553	0.014363286	0.1303570476	-0.1382859657	-0.0485506048	0.0044146294	-0.0570023057	-0.0835350986	0.0103164925	0.0519329076	-0.0536839085	0.0268193819	0.0985834774	-0.0598134814	0.0967144213	-0.0308398227	0.0262453105	-0.1503499049	0.004248843	-0.0015626636	-0.0086530528	-0.0239501122	0.0449946757	-0.1251067271	-0.1172530684	0.0685230562	-0.0445509048	0.0555762965	0.0811241815	0.0087786682	-0.1375508497	0.004529506	-0.0510346955	0.0473061814	0.0398835306	-0.1205427681	-0.0559336225	-0.0441522711	-0.0218359956	0.0061122725	0.1592948791	0.0444366952	-0.0513002372	-0.0274784782	-0.006375512	0.0745835145	-0.006963621	-0.0435576191	-0.0004297976	0.0559086736	0.0625482807	0.0191464684	0.0431943221	-0.1598168344	0.0009571809	0.1195520637	0.0496835479	-0.0259974598	0.0781032831	-0.0160473067	0.0680297207	0.0083600651	0.0943242419	0.0971934455	-0.0926597142	0.0282965361	-0.0256166117	0.0813107825	-0.0715093695	0.1631997112	-0.0183385857	0.0713378954	-0.0128519877	-0.0239643729	-0.1386194498	-0.0986993255	0.0822922097	-0.0443286779	0.0377996458	-0.1112424476	-0.0577116781	0.0186945503	-0.0392638057	-0.0168691886	0.0464450983	-0.0454772588	0.0484022598	0.0614229007	-0.1075064714	0.0103835794	0.000912785	0.025994209	0.0301441343	0.0696766918	-0.011856218	-0.0375605513	-0.059676943	0.0985440825	-0.014015761	-0.0467146369	0.1141872296	0.0588679678	0.0358421231	-0.0179872206	0.0893751313	-0.0593554968	0.029448941	-0.0272214971	0.1000302603	0.0319517544	0.0558644409	0.0512132572	0.0714715183	-0.0995454768	-0.1672729469	0.0349669179	-0.0939056526	-0.0012784105	-0.1076655113	0.0312056291	0.0329650929	-0.0410056642	-0.1572461443	-0.0834994622	0.0653695883	0.043342278	-0.1158420225	-0.1277342265	0.1064280635	-0.0531928133	-0.0423674398	-0.0447080634	0.0241075061	-0.088376563	-0.0667182767	0.0562083378	0.0938191336	0.0533432307061048	-3.20032941374046e-05	1.0242108356452356e-09	0.0028455002621647	-0.0856117015342903	0.0784581129768042	0.0061556754918809	0.0073293634395964	0.2496220348634708	0.0382706365846345	0.0014646416245931	0.0623111602893798	-6.702449396076145e-05	0.0007990006754264	6.38402079331905e-07	4.4922827906961485e-09	-0.000706045516398	-9.618082598999338e-07	4.985002712257184e-07	9.250751288117389e-13	0.0013469762733705	2.81514921200059e-07	1.81434508102308e-06	7.925065085827545e-14	0.0	0.0	0.0	0.0
271.32270656876216	-1.5216957809180371	2.315558049663755	73616.0110997986	440.9229968003824	-3.3811140033560605	11.431931903690446	194413.08910743005	252.3412423231526	-1.327892441989377	1.7632983374925109	63676.102577192025	280.9150823994362	299.5752677716556	1.44296	37.09734	0.3225277350652659	0.2419440020134786	-0.1520653602	-0.0625001402	-0.029446643	0.0860391934	0.0818954775	-0.0320051908	0.0863392884	-0.0405264895	0.0129860276	0.0866137907	0.0351354529	-0.0331643298	0.0335774905	-0.1684737062	-0.090742426	0.0376041361	0.0037633358	0.0279681505	-0.0827237531	-0.0708437284	-0.0200287099	-0.0386782345	0.0652271127	-0.0205147125	-0.0888072071	0.0697027163	0.0964445242	-0.0025304446	0.1465027245	-0.065603063	0.0608478589	0.087493002	-0.0624827593	0.0649921928	-0.04937355	0.0949921566	-0.0421514027	-0.0998950527	0.0887991441	0.0318870593	0.0478087614	-0.0299070101	-0.0820317588	0.0223454597	-0.0188271253	0.0241494611	0.0393300657	0.0428794723	-0.047165436	-0.0628709793	0.017620514	-0.0530980648	0.0461079622	-0.0534093923	0.0381571249	-0.0145377765	-0.0458727993	0.0515277122	0.0463015963	-0.1358200754	-0.0873493745	0.0014462781	-0.0112484624	-0.02235364	-0.0035431979	-0.1608788256	-0.0449122984	-0.117029517	-0.0795457227	0.0477407075	0.0474223228	-0.0481583708	0.0675775392	0.0692932322	-0.0861025055	-0.0906900884	0.0120467147	0.062951008	0.0163637008	0.006514005	0.0586285473	0.0262394506	0.0354998558	-0.2048083094	0.0684550032	0.0215301854	0.0031447011	0.0215695271	-0.0131573718	-0.0267803275	-0.0124129428	0.0066155701	-0.0675405194	0.0906889481	-0.0125339614	0.1135848249	0.0699920481	0.101334362	0.1008897627	0.0445511702	-0.0601534628	0.0484204419	-0.0108934514	0.0296286393	-0.0184705842	-0.0094059881	0.0782813804	-0.0984296817	-0.0372489573	0.1031615548	0.0879807175	-0.0415470363	-0.1503869152	0.104939414	-0.0695441484	0.004558173	-0.0076316069	0.0500490406	-0.0575790356	0.1107852804	-0.00643734	0.0352754698	-0.0580955882	-0.1638176186	-0.0575710079	0.1054238502	-0.0533081236	-0.0230661861	-0.0470263156	0.023506642	0.0406680853	0.065346735	0.1195382704	0.0394935507	-0.0405841497	-0.1264426151	-0.0450474701	-0.0417005658	0.0225801267	-0.0898027576	-0.0631352795	0.0612907054	0.0908143174	0.0698234232347942	0.0164801925286893	0.0002715967457826	0.0048753104322251	0.1508497601022895	0.2364614616365798	0.0559140228393077	0.0227556501229182	0.2927577403656656	0.0431357055021948	0.001860689089172	0.0857070945440104	3.008586774547748e-05	9.711036170623892e-05	9.430422350716556e-09	9.051594379983621e-10	-0.0009829812769142	-0.0002769357605162	9.662521907638712e-07	7.669341545268615e-08	0.0011920148876369	-0.0001549613857335	1.4208994923480116e-06	2.4013031068477543e-08	0.0	0.0	0.0	0.0
271.5402543983542	0.2175478295920356	0.0473270581602053	73734.10975872292	441.4556293003996	0.5326325000172005	0.2836973800745731	194883.07264101185	252.6133028026844	0.272060479531774	0.0740169045230588	63813.48075288072	281.188200709272	300.9435642050836	1.244021	31.982782	0.3843368571123785	0.2548297625885246	0.0997957516	-0.0289907872	0.0709383667	0.0324141126	0.1085816548	0.1524685306	-0.071747629	-0.0338295393	0.0009070285	-0.0841723667	0.0099156292	0.0209618612	0.1049979414	0.1064944343	-0.0650679068	-0.0950563535	-0.1497057374	0.0762339107	0.0788298062	0.0321829241	0.0017802128	-0.0097197826	0.0811221305	0.1500544125	-0.1105218477	-0.0311616234	0.0234472608	-0.1022356223	-0.141307139	-0.0661522035	0.0939403347	0.1071274701	0.0101235336	-0.0119247068	0.0718174292	-0.0049738277	-0.1998369841	0.0600224247	0.0974923578	0.0162079345	0.0566913972	0.0127873395	-0.091984497	-0.1175105775	0.0412586635	0.2062432512	-0.0830311574	0.0071684644	0.1308256068	0.0143809416	-0.0415430728	0.0807312645	0.0258763697	-0.0092189503	-0.0123230233	-0.0360841283	-0.0147961127	-0.0146003499	-0.0239968796	-0.0369120642	0.057886554	0.0134212763	0.0971196363	0.1743850463	-0.0236651608	-0.0962161487	-0.0022842728	0.1855461706	0.0843245105	-0.0292544196	0.0100465098	-0.0235179016	-0.0614821637	-0.0926978739	-0.0795065508	0.0327093577	0.1528186305	-0.0036196503	-0.0807368815	0.0834989319	0.1077220472	-0.1316637932	0.1250156226	-0.1262921163	8.17453e-05	-0.0564461719	0.0493530734	-0.0326615244	-0.0157712122	-0.0976909228	0.0212014456	-0.0579864817	-0.0269405021	0.0392406918	-0.14648942	0.0029910189	0.0196217317	-0.0622287018	0.030220993	-0.1045866325	-0.0571760332	-0.0074217942	0.1583948548	-0.0604676282	0.1006010573	0.0660508828	-0.0101037851	0.0951601832	0.0009479435	-0.0653266331	-0.0977586938	0.1011948617	-0.0307895166	0.0047966399	0.0766446727	0.0331493456	-0.0692243792	-0.1083559248	0.0593530156	-0.0293368925	0.0086524041	0.0375027499	0.0672929931	-0.0387001314	-0.0973252911	0.0848455506	0.1179339433	-0.0505641441	-0.1066434867	0.0627975463	-0.0006652668	0.030070704	-0.0464975276	-0.0060001045	0.0735976875	-0.0579034485	-0.0202330097	0.14096012	0.021047176	-0.0911403277	-0.0594121063	0.0661311865	0.0872496007	0.0630563098562788	-0.0067671133785153	4.579382347768199e-05	0.003976098212691	-0.0791274176174425	-0.229977177719732	0.0528895022719332	0.0062611482188051	0.2440287055942533	-0.0487290347714123	0.0023745188297535	0.0595500091540067	-0.001414094833786	-0.0014441807015314	2.0856578986759502e-06	1.999664198940255e-06	-0.0006039522075935	0.0003790290693207	3.647582690570621e-07	1.4366303539011614e-07	0.0013460757416391	0.0001540608540021	1.8119199022292528e-06	2.3734746735887132e-08	0.0	0.0	0.0	0.0
272.87628673596635	1.3360323376121528	1.7849824071453937	74461.46786280932	443.9670496980909	2.511420397691268	6.307232413939765	197106.7412176271	253.74132246589303	1.1280196632086472	1.27242836058535	64384.65872674032	282.3492665905011	301.9558079866111	1.069854	27.505081	0.0294173549633932	0.0189432014329347	0.0342473623	-0.1638050789	-0.0066026033	0.0738351603	-0.0310542709	-0.0441054147	-0.1096542701	0.0198785017	0.1299030538	0.0932196089	-0.0681811961	-0.0556697802	0.0164725869	0.0156844215	-0.0706756218	0.159359555	-0.0265116646	0.0646646593	0.0857348367	0.0485391661	0.0522941698	0.0455386034	0.0732467145	-0.1554565769	-0.0617823992	0.0476732158	-0.008105772	-0.0783959415	0.0012843703	-0.0105076524	0.1220196882	0.1849002604	0.0286671808	0.029480144	-0.1096885383	-0.0967343336	-0.1103046299	0.042965726	0.0212718464	-0.0498182332	0.0471622523	-0.0314723137	-0.0096255688	-0.0545433091	0.1745066708	0.0526216305	-0.0037657643	-0.0475660912	-0.011569922	-0.1119235313	0.0529549172	-0.1937084427	-0.0461139653	-0.0573524761	0.0591438016	-0.1313832554	-0.0020176045	-0.0120645291	-0.0818037775	0.0607976919	-0.00473856	-0.0033792072	-0.1827930974	-0.0293932223	-0.0595441671	-0.0179032119	-0.0860955358	0.0897000374	0.094531142	-0.0316495659	-0.0794618371	0.0407911652	0.0862945964	0.0790912635	-0.051191773	-0.0885297215	-0.0838635613	0.0366815449	-0.0279816771	0.1056485026	0.0304034832	-0.0109107494	0.121945976	-0.122515785	-0.0267256563	-0.07699957	0.1540595982	-0.0561595659	-0.1973401883	-0.1458484538	0.0062283381	-0.0243672596	-0.0330238505	0.0250756436	-0.0524159601	-0.0807650693	0.1181743218	-0.0188426271	-0.0029985551	-0.0166434206	-0.1100089954	0.0410233475	0.0591533293	-1.78069e-05	-0.0284360725	0.1941215819	-0.1251375369	-0.07960582	-0.0101352121	0.0787929361	-0.0951478857	0.0269603925	0.0162474358	-0.029707719	0.0892104065	0.0039992798	0.1239015673	-0.0412761339	-0.0061465235	0.0820301911	0.1211858201	0.0949584418	-0.0753758348	0.025655246	-0.0345085358	0.0370040518	0.050106094	0.0126351251	-0.086191464	0.167846279	0.0200626019	-0.0222516532	0.0192722775	0.0918301516	0.0062241859	0.110900366	0.0426177174	0.0683939519	0.0195090322	-0.0923879533	-0.0555570233	0.0707106781	0.0831469612	0.0604164639380258	-0.002639845918253	6.9687864721170415e-06	0.0036501491147747	-0.078974384488788	0.0001530331286545	2.3419138465784927e-08	0.0062369534053829	0.2413872783825326	-0.0026414272117206	6.977137714818583e-06	0.0582678181649262	-0.0012267913551315	0.0001873034786544	3.508259311607671e-08	1.5050170290253822e-06	-0.0003123261384678	0.0002916260691256	9.754761677020737e-08	8.504576419370755e-08	0.0013468071679542	7.314263151001008e-07	1.8138895476528127e-06	5.34984454420912e-13	0.0	0.0	0.0	0.0
272.232756328195	-0.6435304077713226	0.4141313857263248	74110.6736180464	443.911088497538	-0.055961200552872	0.0031316559673187	197057.05449106905	252.99215738733383	-0.7491650785592014	0.5612483149326145	64005.03169949749	281.7432533955497	311.6472747481973	1.488289	38.262718	0.2523135375442896	0.1686483965993444	0.0945586888	0.1662005715	-0.0600753049	-0.0576556231	0.0096670454	0.114672752	0.0271908954	0.1480646728	0.0160693025	-0.0286670834	-0.067797573	-0.0627384455	0.0060245724	-0.1508746643	-0.1351964998	-0.0404868036	-0.0468160008	0.0068093345	-0.0354036963	-0.0533616875	0.0143680003	0.043182143	0.0022172026	-0.0348731669	0.0547044433	-0.0885130132	-0.1920750629	0.0310887505	-0.0434470942	-0.0524040638	0.1645775828	0.0278252195	0.1283615355	-0.1116766988	0.0231324327	-0.111078695	0.0629663245	0.044387826	0.0902886867	0.0159625171	0.0022962596	0.0696082016	0.0562057927	-0.0818917224	-0.0889213967	-0.028841052	0.0484543217	0.0032300896	0.0732258976	0.0142240001	0.0961493896	-0.0709547114	-0.0455812954	0.039809102	-0.0044979829	-0.0057171859	-0.029724174	-0.080069096	0.0585796307	-0.0806836777	-0.05106795	0.0198891133	0.0478475825	-0.1190113193	0.0261582569	0.1515390235	0.0638784409	-0.0562596075	-0.0411031633	0.0575028381	-0.0278666867	0.1146997114	-0.1218846949	-0.07635058	0.0382109197	-0.0092307602	-0.0631385663	-0.0246110437	-0.0938990644	0.0090807061	-0.1119129132	1.96751e-05	-0.1019432825	-0.0259599189	-0.0293811523	-0.0077661203	0.2031757405	0.0936695474	0.0635399884	0.0594205356	0.0196284714	0.0610326006	-0.113493495	-0.0420137467	-0.0951001612	0.0163626886	-0.0837538676	-0.1039428124	-0.0008723315	0.1497936032	0.0032793048	0.0520741915	-0.0755202148	0.0724175434	0.047980833	-0.1018277966	-0.0672438611	-0.0450841077	0.0431734619	0.0117142569	-0.1604995702	0.0477717276	-0.1004448789	0.0101766474	-0.0337029092	-0.0142293737	-0.0527931955	0.0170064867	0.0549431953	-0.2065590775	0.0076556512	0.0081501037	0.0185485174	-0.1271346293	-0.0506920986	0.0189268035	0.0498166089	0.0731391641	-0.0102183786	0.0399944638	0.0135584934	-0.0177665306	-0.1116121994	-0.0092820491	-0.0204263727	-0.0542266995	-0.0619692392	-0.0452462119	0.0179660749	-0.0935444031	-0.0515785898	0.075011107	0.0785316931	0.0730978668192676	0.0126814028812417	0.0001608179790363	0.0053432981335273	0.071039417112118	0.150013801600906	0.0225041406707559	0.0050465987836294	0.2750141530788994	0.0336268746963668	0.0011307667018451	0.0756327843937043	-0.0001813395768985	0.001045451778233	1.0929694206105418e-06	3.2884042149726995e-08	-0.0002381222269425	7.420391152529996e-05	5.670219496405548e-08	5.506220485654545e-09	0.0013469806455114	1.7347755719996152e-07	1.814356859382308e-06	3.0094462852065923e-14	0.0	0.0	0.0	0.0
270.72771411152405	-1.5050422166709725	2.265152073961874	73293.49518805109	440.60170343963193	-3.30938505790607	10.952029461491962	194129.86107390537	252.56276587800608	-0.4293915093277576	0.1843770682827697	63787.95070794851	281.14496284163886	302.2486542320682	1.330164	34.197437	0.1926670861333341	0.1111740841570947	-0.0959358488	-0.0809578006	0.0997295035	0.0058112126	-0.113075492	0.1876265197	0.0221365285	-0.0874724658	-0.0250269403	-0.042895545	0.0902758347	0.0200032146	-0.0446037214	-0.0588391497	-0.097212768	0.1121934057	-0.0672916494	0.1420757759	0.0010822897	-0.1274596881	0.0647459305	0.0120029501	0.0101432068	0.1011598512	0.0797947705	0.0514209014	-0.0660338615	0.0217860399	0.1649693487	-0.0391991195	-0.0906060587	0.0785320273	0.103543693	-0.0962888084	0.0656544314	0.0382604543	-0.0469420071	-0.0679208941	0.0465809478	0.0105884198	-0.1053832325	-0.056150013	0.211304644	-0.0456791405	-0.0241906392	0.0004803919	0.0227168903	0.1210205955	0.0472804724	-0.0252763027	-0.0068049282	0.058481709	-0.1107651834	0.0768217212	0.0803958884	0.0004916586	0.0573924163	-0.1050500912	0.007102575	-0.0480458534	-0.0306793715	-0.1130624311	0.0362134343	-0.0145042658	-0.0612123651	0.0498103687	-0.0462756771	0.0718771411	-0.0083576206	0.1028807437	0.0073857821	-0.090483927	0.0578956315	-0.0463959143	-0.1109237676	0.0183284886	-0.026898525	-0.1296531089	0.1395506033	-0.1204089422	-0.1396583135	0.0627723155	0.0032259087	-0.1223333104	-0.061919509	-0.0240183952	0.0481646153	-0.0024214436	0.0239965318	0.0281019927	0.0292603557	-0.0811817848	0.0429360832	0.0251188185	-0.009539246	-0.0041089014	0.0090592296	-0.0671491895	-0.0869082689	0.0469548361	-0.0954792926	-0.0292309508	-0.0227616637	-0.0164885705	-0.0158621484	-0.1524781128	-0.1149385856	-0.0559944464	-0.0099736875	-0.0037744328	-0.0611852937	0.1560082034	0.0525565566	0.032776574	0.0176752872	0.0012701173	-0.0372253848	0.1427402987	-0.0018120036	0.029826274	-0.058040453	0.0280929608	-0.0328624488	0.0218382712	-0.0813358302	0.1126027337	0.1334501358	0.0602242741	0.0490275775	0.1036907037	0.0855443967	0.0558398115	0.1533918317	0.0571407495	0.0161981281	0.031698635	-0.1816075867	-0.0149091815	0.0164186847	-0.0946085359	-0.047485639	0.0790155012	0.0734322509	0.0749837814143035	0.0018859145950358	3.556673859769415e-06	0.005622567475188	-0.031086662701	-0.102126079813118	0.0104297361779953	0.0009663805978857	0.3256202652999747	0.0506061122210752	0.002560978594132	0.1060285571740258	0.0002868577876884	0.0004681973645869	2.1920877220611857e-07	8.228739035748316e-08	-0.0005308067753726	-0.0002926845484301	2.817558327814578e-07	8.566424488973155e-08	0.0013470783225765	9.767706510006685e-08	1.8146200071555167e-06	9.540809046562695e-15	0.0	0.0	0.0	0.0
270.75230961368044	0.0245955021563872	0.0006049387263248	73306.81316114227	441.7887839626258	1.187080522993881	1.409160168071426	195177.32963517567	252.1477966983447	-0.4149691796613695	0.1721994200688299	63578.511379829775	280.8631291682666	297.819194922867	1.214209	31.216341	0.2153470706424229	0.1230094319488229	0.0878143441	0.0346550723	0.044579952	0.198775752	0.0583194204	0.1640112505	-0.0354450729	0.0253718065	-0.0090804057	-0.0041879477	-0.0159766197	0.2465884232	-0.0305691482	0.0311532313	-0.0534216644	0.1053805993	-0.0697687526	-0.0129855532	-0.0409289171	0.055373471	-0.0388921168	0.0490870587	0.0841091048	0.0413622943	-0.1458571149	0.0527595436	-0.016504494	0.1688648816	0.0262348819	-0.1897110145	0.0707908822	0.0351908827	0.1657680048	0.0649255813	-0.0141718085	-0.0604388235	-0.0008034097	0.0632051313	-0.0616466014	0.1947221329	-0.1248471299	-0.0381787797	0.0548153611	0.0595609306	0.0547986166	-0.0053712055	-0.0266132208	0.0204315734	-0.0465746907	-0.0154015769	-0.0736678945	0.0177114372	0.0100639416	-0.0207056247	0.0216229363	-0.0161532158	-0.1090960546	-0.0609150626	-0.075396403	-0.084166761	-0.031698752	0.0295810255	-0.0089836888	-0.0341781664	0.0059492901	0.0006780319	0.1425112757	0.0182620778	-0.0266902779	-0.0743615603	-0.0086693376	0.1019179823	0.0334792937	0.030580248	-0.0664026235	-0.0398708457	0.1862963983	-0.1452751099	0.0212923247	-0.0996412737	0.0848080861	-0.0657992671	-0.002118687	0.0285416709	-0.0173086877	-0.1747480882	0.2246737915	0.0440223631	-0.0161547543	0.0403894118	0.02309844	0.0136091634	0.0168543624	0.0154145231	-0.0168460113	0.0008657309	-0.1178022866	0.0610644116	0.1319335093	0.0658075493	0.029446314	-0.043559385	0.0683995073	-0.072890876	-0.0876665786	-0.0490565873	0.0300006557	-0.0453760099	-0.017877303	0.0232779841	-0.0212372072	-0.0787368321	0.0099390754	-0.0088972976	-0.0335389235	-0.0329652106	0.0980810737	-0.0630048174	0.0170224027	0.033342725	0.0011220332	0.0068515284	0.1807527118	0.0220930079	-0.0923916235	-0.0100917717	0.0717318862	0.0551552026	0.0165494049	0.1989300199	0.0736556715	0.1032658316	-0.0302195008	-0.0417843514	0.0501959672	0.0562618259	0.0718985028	-0.1043286119	0.0148672434	-0.0955793015	-0.0432872582	0.0827080574	0.0678800746	0.0662915480244663	-0.0086922333898371	7.555492130340066e-05	0.0043945693394801	0.079106669483238	0.1101933321842379	0.0121425704578658	0.0062578651567302	0.304255020889677	-0.0213652444102976	0.0004564736687117	0.0925711177365777	-0.00114768822642	-0.0014345460141083	2.0579222665942973e-06	1.317188265063085e-06	-0.0004637729441792	6.70338311934e-05	2.1508534375264335e-07	4.493534524465247e-09	0.0013467329547173	-3.45367859200035e-07	1.8136896513215891e-06	1.192789581684152e-13	0.0	0.0	0.0	0.0
272.518358459392	1.7660488457115662	3.118928525439155	74266.25569740168	439.4343247319611	-2.354459230664702	5.54347826886222	193102.52575263465	252.6975449787616	0.5497482804169067	0.3022231718213459	63856.04923829325	281.0110321254792	299.2560623758623	1.0997	28.272394	0.0716822420434594	0.0334083500524829	-0.0692101484	-0.0641026978	-0.0325906755	0.0876948926	0.1439900708	-3.081e-06	0.0480280785	-0.1006312476	0.0934459829	0.1766368668	-0.1041609961	0.0354351993	0.032958157	0.0280818212	-0.0159049048	-0.0537681501	-0.1259226487	-0.0140547389	-0.0079980809	0.0571920752	0.0065411715	0.0657588085	-0.0108034249	0.0437117735	0.0091988114	0.0926330463	-0.0340343081	0.0649205688	0.0126598973	0.1345786401	0.2106540826	0.1103387055	-0.0101399531	-0.0076970086	0.1047228729	-0.0076095033	0.1026513148	0.0787729933	-0.1168834279	0.0253724607	0.028160321	-0.0316531537	-0.0398725468	0.0242859253	0.0244093589	0.0192303011	-0.039013803	-0.092330468	0.0057579452	-0.1129888246	-0.0016569677	0.0555534601	-0.0449518614	0.0520020946	0.0681507781	-0.052503707	0.079347116	-0.0252624367	-0.0438715758	-0.0547515284	-0.0071227039	0.0461580714	-0.0335978167	-0.1225461705	-0.0921451411	-0.0755387534	-0.1529038291	0.0655986467	-0.0087023054	-0.040730913	-0.0062851437	-0.0879233175	0.1402320704	-0.0522531265	0.0514012115	-0.0911188431	0.014991502	0.0267888151	-0.2078912287	-0.0684943098	0.0644250243	-0.0693470792	-0.0287859328	-0.02747248	-0.0012175376	-0.018902321	0.1028192805	-0.0169049132	-0.0473832603	-0.0031025682	-0.0522295494	0.0211081776	0.0857005234	-0.0304299929	-0.0518922986	0.0391920759	-0.0308757936	-0.0645386577	-0.0374660547	0.0490185866	-0.0738356876	-0.0510081352	-0.0443430055	-0.0787290578	-0.1552691443	0.0433071641	-0.1458291221	-0.0375666283	0.0755144699	0.1189174752	-0.0543980754	-0.0083638819	0.0763759231	0.0011377112	-0.027302711	-0.0208959408	-0.0347963566	-0.0696768275	-0.036092375	0.1190000003	0.0995134048	-0.0185616906	0.0832664563	-0.0669963952	-0.027963732	0.0060156401	0.0658318607	0.07000298	-0.0508435878	-0.0439706318	0.0532308775	0.0129012814	-0.0296281574	0.030541502	-0.0167568225	0.116673509	0.1579359433	-0.0480393118	0.0133121339	-0.0964557418	-0.0389927688	0.0860742027	0.0619093949	0.0679769913588614	0.0016854433343951	2.8407192334568853e-06	0.0046208713542027	0.052537157616527	-0.026569511866711	0.0007059389608352	0.0027601529304238	0.3184679351643353	0.0142129142746583	0.0002020069321787	0.1014218257278352	-0.0007623216325981	0.0003853665938218	1.485074116338932e-07	5.811342715270326e-07	-0.0002650139805155	0.0001987589636637	7.023240986866981e-08	3.950512563666801e-08	0.0013468948485856	1.6189386829994906e-07	1.8141257331464264e-06	2.6209624593121254e-14	0.0	0.0	0.0	0.0
273.1398171596589	0.621458700266885	0.386210916137406	74605.3597180119	442.706142543739	3.2718178117779075	10.704791793467177	195988.72864595737	253.1537637763849	0.4562187976232792	0.2081355913048306	64086.828114149685	281.5798725955309	309.2865363813325	1.247577	32.074192	0.1451796998006614	0.0790325109724544	0.0211843343	0.1364517742	-0.0866334962	-0.0532878472	-0.068622544	0.0039983078	0.0684872031	0.1743332824	0.0848018035	0.020024033	0.0274332535	-0.1069059638	0.0116301457	0.0408301047	0.0386856145	-0.2191276523	-0.083818691	0.0256356178	0.0039656688	-0.1344624104	0.1049721885	0.0558630931	-0.0107288513	-0.0405039466	0.0743402503	-0.1946883401	-0.0404069393	-0.0037447908	0.0410550602	-0.0289558893	0.0157627743	0.0122520245	-0.0005744882	-0.084537516	0.0276052943	0.1399552955	-0.0250231719	-0.0883266978	-0.0812623866	-0.0180815587	-0.0097583732	0.1280379458	-0.1074162196	-0.0848985843	0.1196070222	-0.0048668884	-0.0779466523	-0.0779851859	-0.0578748362	-0.0463814923	0.0455201163	0.0363833774	-0.0899894244	-0.0368234192	-0.1048213369	0.0125711434	-0.0603475913	-0.0782269329	0.0119959962	-0.0121742334	0.0500192875	0.1499325181	0.0357807172	0.0048977204	-0.0371166186	-0.0101572627	-0.1936012898	0.0055614167	-0.0157486476	0.1635104218	-0.077200855	0.0546188663	-0.0816238452	-0.1170233189	0.0421788908	-0.0038989986	-0.0801496783	0.0997504455	-0.0621964596	-0.0226960159	0.0379662723	-0.004518776	-0.0799384703	-0.0454511107	-0.0664755609	-0.1005921045	0.0126114395	-0.0113384885	0.0774412977	0.0397295959	0.1002217215	0.0844175962	0.016300856	0.0438807358	0.0544206825	-0.0517806185	-0.0390855804	-0.1145503286	-0.1410091884	-0.0814384403	-0.1569159218	0.0651242188	-0.0172634938	0.0634906024	-0.0256855011	0.1049571789	0.0799606934	0.0421293489	-0.0870763901	-0.1214216841	-0.0119857418	0.0283758224	-0.1406018112	0.0482275523	0.0104391633	-0.0127026309	-0.0883672381	0.1215707781	0.0001360597	-0.1847785413	0.0426022835	-0.0409831092	-0.0290921932	-0.0853632651	0.0025420686	-0.0125570805	0.0241594528	0.0848067359	-0.0219790588	-0.0516078324	0.0051299725	-0.0667916432	-0.0930325496	-0.0070539131	0.036421536	0.0886238547	0.0068389631	0.0016695511	0.0117537397	-0.097236992	-0.0346117057	0.0891006524	0.0555570233	0.0756118506576655	0.0076348592988041	5.829107651253544e-05	0.0057171519598771	-0.0148081276843896	-0.0673452853009166	0.0045353874522618	0.0002192806455171	0.334842584230266	0.0163746490659307	0.0002681291320323	0.1121195562140028	0.0002597150649946	0.0010220366975927	1.044559011226192e-06	6.745191498514931e-08	-0.0003193248519988	-5.431087148330004e-05	1.0196836110405555e-07	2.949670761275533e-09	0.0013470454022098	1.5055362420006264e-07	1.814531315614562e-06	2.266639375977368e-14	0.0	0.0	0.0	0.0
272.33450467935097	-0.8053124803079186	0.6485281909396917	74166.08243894743	443.1564518458407	0.4503093021016866	0.202778467559308	196387.6408125949	253.2909440230613	0.1371802466763938	0.0188184200781962	64156.302324093565	282.0154829130204	306.72098898486234	1.128202	29.005154	0.1455413454038039	0.0996022249804234	-0.0075237718	-0.0928133182	0.1041728753	-0.0521016686	-0.1361158774	-0.0284169678	-0.0638836895	-0.0607891433	-0.0041905527	-0.0780237923	0.0483097195	-0.0755766443	-0.0828675449	-0.0142135301	0.0572422293	0.0286497339	-3.65514e-05	0.1529947124	0.0763743165	-0.0966959638	0.05034363	-0.0175944653	0.0207377236	-0.0055267619	0.112969077	0.0505557509	0.0005006279	-0.0256848358	0.1300550271	0.0431870479	-0.0702802511	-0.0230340408	0.08516772	-0.1392631807	-0.0777337731	0.0861225355	-0.0791437844	-0.0265194842	0.1148916272	-0.0043744101	-0.1504767581	0.1352442251	0.0221505946	0.0447133535	0.0138852696	0.0056395285	0.0447332687	-0.0146488067	-0.0497941145	0.0647781765	0.1282455539	-0.0684145017	0.1430324706	-0.0394924591	-0.1745427494	-0.1061575152	0.0478424984	-0.0024552411	-0.0695758257	0.0335838617	0.025792793	-0.0114758892	-0.035790496	-0.1907347502	-0.0964790728	0.0964908476	0.0483280409	0.0365535825	0.0721751769	0.0771073618	-0.0010653704	-0.0730066899	0.0163409662	0.001728229	-0.1279065693	0.0603165912	-0.1080331314	-0.0215625603	0.1251435402	-0.0895085016	-0.0801472994	0.0308220966	-0.0432442526	-0.0447706484	-0.0492344332	-0.0333797445	0.0587583978	-0.1084133316	0.1316867647	-0.080653642	-0.0247886444	0.0367811938	-0.0620904524	0.0666836055	0.0308689228	-0.1074037662	-0.0099904412	-0.1162882277	-0.1025196361	-0.0164985112	-0.0002381745	0.1377033055	-0.0937870016	-0.0135901732	0.0649221538	-0.0148573689	-0.0026205904	-0.1829827849	-0.0003469809	-0.0082912946	0.0384275084	0.0643203829	0.117706339	0.0413826669	0.0866733222	0.0298373182	-0.0142141568	0.0662008071	0.0155962921	-0.0101326204	-0.0752104746	-0.0369198269	-0.1312084994	0.1041444668	-0.0506741785	0.0625674181	0.0147252116	0.0376694057	-0.0141065323	-0.0145339613	0.0904532657	-0.0404510894	0.1003481076	0.0237572221	-0.0155473359	0.1512876011	-0.0509475814	-0.0032736007	0.0101924456	-0.0979222811	-0.030153796	0.0917754626	0.0488621241	0.0765737963392609	0.0009619456815953	9.253394943400328e-07	0.0058635462858066	-0.1073787841492475	-0.0925706564648578	0.0085693264383347	0.0115302032853706	0.3180661853328104	-0.0167763988974556	0.0002814475599665	0.1011660982521656	-0.0001345766985459	-0.0003942917635405	1.5546599479587759e-07	1.811088779151404e-08	-0.0006295908918108	-0.0003102660398119	3.963846910511185e-07	9.626501546062154e-08	0.0013469563183644	-8.908384540001583e-08	1.814291323581779e-06	7.935931511253922e-15	0.0	0.0	0.0	0.0
271.74938578402174	-0.5851188953292308	0.3423641216712993	73847.72867399307	443.3192094238711	0.16275757803038	0.0264900292063152	196531.9214442061	252.8505263408469	-0.4404176822143881	0.1939677348070937	63933.38867084331	281.6578184504339	303.9922983989938	1.091199	28.053843	0.1974476248382888	0.1236177349225415	0.129994731	0.0005547484	0.020480668	0.1009484931	-0.0129235021	0.0127618562	-0.0968745536	0.0911887314	-0.0298623465	0.0113316783	-0.035372737	0.1352247086	-0.0514435753	-0.0770690947	-0.0558570256	0.065588013	0.0238615166	-0.0336951403	0.0341906201	0.0373122641	-0.0360163158	0.030290946	-0.0380522056	-0.0515435362	-0.0520353563	-0.042107567	-0.1158226775	0.0996298017	-0.099950676	-0.002554081	-0.0715046681	-0.0378431013	0.0670335632	-0.0410688582	-0.004640204	0.0649943334	-0.0781765323	0.009615997	0.1952743048	-0.0574644124	-0.0041248155	-0.0716047476	0.0950351593	0.142224815	0.0327732289	0.0040280178	-0.1695524426	-0.0521762196	0.0424872777	0.0537957663	0.0282812228	0.041560815	0.1167620962	0.028481691	-0.0841390693	-0.0013396739	-0.0388152235	-0.1121783165	-0.0471564479	0.1473842903	0.0866342011	-0.0363295739	-0.0148397605	0.0190217863	-0.0784179319	0.0345912784	-0.0679940893	0.0669559428	0.0438241248	-0.0475033456	-0.016414887	0.1305303681	-0.0260787289	0.0382932058	0.0250660793	-0.0339705744	0.0528699353	-0.0567525646	0.0358211116	-0.0562174148	-0.0803764041	-0.0745846215	0.0816308245	0.0307909229	-0.1392355373	-0.0133440337	0.0913468234	0.0032619992	0.0231446266	0.0663917468	-0.0763292058	-0.0322132111	-0.1202128699	0.1568272058	0.01376813	0.0071991501	-0.0227882897	0.0335756547	-0.0756724462	-0.1905591672	0.200096347	0.0776587845	0.1193967598	0.0184255993	0.0039828792	-0.0892631247	-0.0360983816	0.0313428348	0.008554962	-0.0842664201	0.0475982243	0.0460253499	-0.023831104	-0.1283201542	0.0330881253	-0.0230779646	0.1090628884	-0.0664691542	0.0432496261	-0.0222921023	-0.0007168678	0.0419233683	-0.0071011973	0.0059220927	-0.1289783527	-0.075795143	-0.0177979137	0.0274015714	-0.1115623488	0.1296791337	-0.1203436018	-0.0122352373	-0.0485829638	-0.0153016813	0.188567638	0.0228394961	-0.0742952983	-0.1460870609	0.0086286366	-0.0985109326	-0.0256289373	0.0940880769	0.0418659738	0.0676744186406921	-0.0088993776985688	7.919892342178371e-05	0.0045798269383556	0.0122524467000744	0.1196312308493219	0.0143116313945237	0.0001501224501381	0.2767684082839423	-0.0412977770488681	0.001705506389178	0.0766007518240269	-0.0005761506398802	-0.0004415739413343	1.9498754566550785e-07	3.319495598343639e-07	-0.0005188885713147	0.0001107023204961	2.692453494410105e-07	1.225500376322124e-08	0.0013468477953642	-1.0852300019997126e-07	1.813998983877406e-06	1.1777241572402958e-14	0.0	0.0	0.0	0.0
272.1879042202155	0.4385184361937604	0.1922984188818211	74086.2552037932	440.15453115114025	-3.164678272730839	10.015188569894647	193736.01129288008	252.2165576288376	-0.633968712009306	0.4019163278067384	63613.19194214075	280.7388468560277	300.08764154683206	1.233754	31.718822	0.3175406204748327	0.2078856976066658	-0.1447710915	0.0024816574	-0.0622669288	0.0645991201	-0.0104375445	-0.0150078998	0.1496636347	-0.0901747263	0.0273216176	0.0295173002	-0.0050891524	0.0970755078	-0.0164034633	-0.0131829609	0.0802914486	-0.0129707176	0.086496838	0.0205740825	-0.1247619931	-0.0317627178	0.0218470903	-0.0497111783	-0.0291537074	0.0053088764	-0.1323024532	-0.0140472651	-0.0345517182	0.0271311868	0.0965184622	0.0899412375	0.0407573582	0.0677022124	0.0887575129	-0.004493935	-0.01114919	0.001732471	-0.0626972892	0.0327006604	0.0821043789	0.0345528274	0.0541804116	-0.058900335	-0.0495657734	-0.1102480129	-0.1561848023	0.0437872286	-0.012731045	-0.1108914087	0.0112845833	0.093690512	-0.0067207714	-0.0146780574	0.0247031302	0.0891536981	0.0357328921	0.1732158196	-0.0056850663	0.0399554058	0.0559126789	-0.0325742746	-0.06024322	0.0260129459	0.0474886228	-0.0268170155	0.058921982	0.0514011161	0.0162405337	-0.0713529582	-0.1247688233	0.0166343356	-0.003210791	-0.0615257961	0.0910046575	0.0653689507	-0.0166714503	-0.0749899921	0.1015501573	0.0787816248	0.019657494	0.0169151649	-0.072665697	0.039648455	-0.0970672569	-0.0225678535	-0.0526007313	0.0224285019	0.0216178126	0.0493046094	0.1069819538	-0.0521684792	0.0707031135	0.0914674532	-0.068502715	-0.0021178524	-0.1546593401	0.1230691119	-0.0532042395	-0.0073080568	0.052998304	-0.028607039	0.0999232852	-0.032299858	-0.1487705539	0.0756532762	0.1081588912	0.1371880958	-0.0618253561	0.0604752886	-0.0213133537	-0.0637329391	0.0109976815	0.0287938202	0.01078922	0.0163229347	-0.1166017169	0.0179535546	0.0815555674	0.0400011736	-0.0931560176	0.0688516029	-0.0507775305	0.0215724674	0.0441169337	-0.0301028314	-0.1203611095	0.0003215083	-0.0734551491	-0.0179194756	0.0684831153	-0.1295159017	-0.1183024234	-0.0051661577	0.0790320705	0.0673550765	-0.0458772421	-0.0075490995	0.0564781795	-0.0892641853	0.0070626986	-0.0990023658	-0.021047176	0.0960293686	0.0346117057	0.0743768965232476	0.0067024778825554	4.4923209766145646e-05	0.0055319227364298	0.1971774829737427	0.1849250362736683	0.0341972690408175	0.0388789597918605	0.3550924637631212	0.0783240554791789	0.0061346576667054	0.1260906578213635	0.0003138078477787	0.0008899584876589	7.920261097561164e-07	9.847536532749974e-08	-0.0004572889233058	6.159964800889998e-05	2.0911315937817787e-07	3.794516634820375e-09	0.001347070676485	2.228811208000465e-07	1.814599407445756e-06	4.967599400908491e-14	0.0	0.0	0.0	0.0
272.1931334285345	0.0052292083190081	2.73446196435845e-05	74089.10188564399	441.3394730473908	1.1849418962505638	1.404087297489882	194780.5304697486	252.03001473069853	-0.1865428981390664	0.0347982528461221	63519.12832515612	280.6044712869095	307.6583687291166	1.120603	28.809792	0.250731530976769	0.1209560449582485	0.0444869478	0.0626328674	-0.0075106398	-0.0850011772	0.0922353487	-0.0654994202	-0.0111142459	0.0848220441	-0.1255499015	0.0679169708	-0.2012842923	0.0610352278	-0.0743388865	0.1489847108	0.1660734473	0.0165997166	-0.0235412823	-0.0867266681	-0.1055721361	0.2528506255	0.0767713103	-0.0330018798	0.0652018621	-0.0085776754	-0.0397590599	-0.0374488298	-0.1689207643	0.0969935495	0.0280454345	-0.0111540055	-0.0363957508	-0.0312225695	0.0023882143	-0.1266353541	-0.0675062071	0.0338149504	-0.0550549657	-0.1543736994	-0.0713024911	0.0608484689	0.0763180449	0.1292826719	-0.101316236	0.0260621866	0.0147199874	-0.0271805396	-0.0342682151	-0.0844398942	-0.0502381852	-0.0851962277	-0.0024097534	-0.0439116476	0.0919308757	-0.0615592641	0.0991270833	-0.0359718664	0.0985782997	-0.0537125785	0.1308511445	0.0511987006	0.0930580778	0.0229979834	0.0427910836	-0.0332543903	0.0109150263	0.0322109951	0.1537792901	0.0288750168	-0.0877001969	-0.2299597995	-0.1393495523	0.043889903	-0.1067989058	0.0042486666	-0.0047032835	-0.0277510047	0.0647307442	0.0573327248	-0.1052534743	-0.0574110799	-0.0492052286	0.0612253624	-0.1511502366	0.0001011472	-0.1500980998	-0.0528273948	-0.037775771	-0.0432543477	-0.0431839986	-0.0611826379	0.100500418	0.1100542723	0.0672477316	0.196375995	0.0562084424	-0.080187712	0.0424985246	0.0866708561	-0.0510234594	-0.0116280321	-0.0923663485	-0.0268147916	-0.044827246	-0.0246477567	-0.0043510792	0.0125800629	-0.0501911442	-0.1000857357	0.1117655161	-0.0445849662	0.0241344646	-0.0332936939	-0.2209205712	-0.0812326654	-0.1321262972	0.0757146157	0.0928121648	-0.2272099104	-0.0655358726	-0.0799477997	-0.0092912495	0.0656702195	0.0081095802	0.0021964769	0.1144329698	-0.0218542583	-0.0399074015	0.0926691852	0.0795786236	-0.1502255478	-0.1527336184	0.0884524998	0.0718029258	0.0014298472	0.0506166485	0.1344221466	-0.0820144262	-0.15113694	0.005495018	-0.0993960955	-0.0164186847	0.0975916762	0.027144045	0.0722823450796568	-0.0020945514435907	4.387145749848259e-06	0.0052247374102145	0.2937755586932269	0.0965980757194842	0.0093311882327072	0.0863040788855176	0.2988925809850471	-0.056199882778074	0.0031584268242692	0.0893367749679029	-0.0012192084802911	-0.0015330163280698	2.3501390621286124e-06	1.4864693184137334e-06	-0.0005531462309735	-9.58573076677e-05	3.059707528401886e-07	9.188623433300096e-09	0.0010591638915101	-0.0002879067849749	1.1218281490788189e-06	8.289031683458334e-08	0.0	0.0	0.0	0.0
272.2078896104999	0.0147561819653674	0.000217744906195	74097.13516620209	439.4833334264621	-1.8561396209287293	3.445254292381448	193145.60035963485	252.5162322898595	0.4862175591609627	0.2364075148364443	63764.44756986628	280.730283938411	303.29526868774263	1.08714	27.94949	0.2486230043463509	0.1753613841644741	-0.1049030898	0.0029493031	0.022333973	-0.1262818422	0.097027233	0.0623373221	0.0512215186	-0.1077690577	-0.0644943903	0.0180832342	0.0044423326	-0.0300285461	0.0686249273	0.0615989003	0.0606781238	0.0096463425	-0.028653564	-0.0008686564	-0.0498767588	0.1057086318	-0.0284602298	0.0122160835	-0.1394494153	0.0492527604	-0.0688244171	-0.0752418858	0.1091901607	-0.0252172989	0.1135431063	0.0697338021	-0.0209833948	0.1085474307	0.0296532098	-0.1075976744	0.1133494535	-0.0100060755	-0.0129707481	-0.1151326116	-0.0674447565	-0.015036553	0.072473334	-0.0197696329	-0.1811557473	-0.045239152	-0.0539169612	-0.1133426753	-0.0984884162	-0.0163698411	-0.1805178602	-0.0008064402	0.0543439813	-0.1229529799	-0.0722350309	0.2182927786	0.002673836	-0.0618326186	0.0225660457	-0.0877647103	0.0095039228	-0.0040004379	0.0182458472	-0.0584233215	0.0382540754	0.1089963316	-0.0551912506	0.0037279687	0.1120844027	0.0401562242	-0.05182698	-0.0877833679	0.0330834435	-0.1020552496	0.0258771092	-0.1049332511	0.1482230355	0.0235881587	0.0700073935	0.1581438252	-0.0109450176	0.0507698139	0.0100282531	0.0190527773	-0.0595353359	-0.0774973919	-0.0760284314	-0.0029744233	0.0022851718	0.0367512996	0.0058600261	0.0446125327	0.0781204714	0.1266718201	0.1326909173	0.1316320741	0.0858492673	0.0698024169	0.0001562499	0.064757195	-0.0343030592	0.06192774	0.0786613195	-0.0993244192	0.0937670355	0.115791207	-0.0966638338	0.0932914633	0.0197768971	-0.1368438127	-0.1596211472	-0.0456073137	-0.0002292328	0.0558629066	-0.0075714956	-0.1100776757	-0.0673498144	0.0314198384	-0.1547720821	-0.0880302131	-0.0088316515	0.04311959	-0.0376540329	0.0656716191	-0.0131982291	0.007699201	0.0443476592	-0.1547287724	0.0133289584	-0.0070997111	0.0163061938	-0.1152665703	-0.301372334	0.0687954803	-0.0120982473	0.1497841512	-0.0881772016	0.0653457611	-0.0942539375	-0.0491168022	0.0039259816	-0.0996917334	-0.0117537397	0.0987688341	0.0195090322	0.0716695645290741	-0.0006127805505827	3.755000031724512e-07	0.0051365264797871	0.1180956216467166	-0.1756799370465103	0.0308634402806658	0.0139465758521244	0.318159015324305	0.0192664343392579	0.0003711954921489	0.1012251590321313	-0.0002761763302698	0.0009430321500213	8.893096359737956e-07	7.627336540129366e-08	-0.0005506624414466	2.483789526899977e-06	3.032291244199302e-07	6.1692104139380114e-12	0.0011749250001619	0.0001157611086518	1.380448756005441e-06	1.3400634276293857e-08	0.0	0.0	0.0	0.0
272.7350495928852	0.5271599823853421	0.2778976470285142	74384.40727643356	442.8474753151477	3.3641418886855945	11.317450647209078	196113.88639300037	253.15561115541936	0.6393788655598769	0.4088053337246351	64087.76345947389	281.6584965455879	307.2814467597313	1.192746	30.664547	0.2758405933256209	0.2277230764028985	0.0764132265	-0.0465050972	-0.0662678897	-0.0441126661	-0.0016659076	-0.003093069	-0.1052450048	0.0738224205	0.0278531124	0.0459681432	-0.0035506167	-0.0045543952	0.0531333071	0.0631474878	0.038571996	0.1321849303	-0.0884668045	0.0432648821	0.0874686877	0.0612034268	0.0044271246	-0.0091008836	-0.0318631875	-0.0437963396	-0.0124639812	-0.0974242649	0.0814390234	0.0139244021	0.0209380146	0.0097353035	0.1182385431	-0.0285517345	-0.1315101541	0.0787116482	-0.0534466749	0.0910892229	-0.0219563686	-0.0740605936	0.0653709943	0.0099323166	0.0086746678	-0.1365489377	0.1387352019	0.030250599	0.1007270625	-0.0450287836	-0.0277863279	0.0800969897	-0.0362658541	-0.0160859498	-0.0324973153	-0.0848181477	-0.0744036588	0.1678824108	-0.1011987757	0.0651688231	0.007237661	0.103779439	-0.1349550106	0.0985220738	-0.082382748	-0.0324156959	0.0798905093	0.0976415763	0.0064374341	-0.0001673875	-0.0212858153	-0.0093349198	0.0875639008	-0.0286985795	-0.0443314279	0.0295801787	-0.0465469443	0.0041269696	0.1077506212	-0.0393623613	-0.0153171652	0.096140301	0.0104182502	-0.0407478535	0.1245851835	0.0877964928	0.1151963069	-0.0637287766	-0.0222710292	-0.0236220259	-0.0442330949	0.0386598732	0.0355846114	-0.0328193353	0.081350895	-0.1210169783	-0.0902338615	0.0678050522	0.1096694557	0.0171272087	0.0920901687	0.084394128	0.0286783892	0.0138419831	0.0890533448	0.0554014108	0.0981106673	0.0120733292	-0.0622813078	-0.0147767754	0.0088831863	0.0384675926	-0.1691152604	0.1124215825	0.1388720614	0.1027724367	0.1672824345	-0.0276504515	0.0931284172	0.0261463918	-0.0012895523	-0.0606801796	-0.0224154594	-0.0513498617	0.0660481092	0.0647395908	-0.1546314061	0.0458153382	0.031229324	0.0043650655	-0.0083126208	0.024942804	0.0443802169	-0.0227672997	-0.0844065396	0.1407347979	-0.082674824	0.0914172741	0.0208638034	0.0079171186	0.0612262439	0.0703679541	0.0023559765	-0.0998889875	-0.0070626986	0.0995561965	0.0117537397	0.0786442435828007	0.0069746790537266	4.864614790249264e-05	0.0061849170487108	-0.0995428547192744	-0.2176384763659909	0.04736650639491	0.0099087799256625	0.3144705138505017	-0.0036885014738033	1.3605043122249416e-05	0.0988917040813985	-0.0010521280660198	-0.00077595173575	6.021010962134378e-07	1.1069734673065645e-06	-0.0005537087943774	-3.046352930799966e-06	3.065934289708738e-07	9.280266178993544e-12	0.0013467056401231	0.0001717806399611	1.8136160811393688e-06	2.9508588265479416e-08	0.0	0.0	0.0	0.0
272.90190084325474	0.1668512503695183	0.0278393397498716	74475.44748386164	442.485477383036	-0.3619979321116489	0.1310425028531099	195793.3976948933	253.19259922730856	0.0369880718891977	0.0013681174620804	64106.492303480496	281.7662804316548	307.7681911264352	0.795228	20.44467	0.0611487935752081	0.0324046433734166	0.0858826266	-0.1063189228	-0.0021364512	-0.065386424	0.016086743	0.0500196333	-0.1076259099	-0.1017803315	0.0730933693	0.0008836721	-0.1309863514	-0.0610377155	0.0153508233	0.0586041768	-0.0841507312	0.0712133185	-0.0846383756	-0.0005650052	0.0893029501	0.1372581842	0.0331185409	0.0341022513	-0.0311287509	-0.0280678044	0.0031764003	-0.0231446591	0.0564061996	-0.1019731051	-0.1159279362	0.0299994871	0.0334741041	0.0910683553	0.0986183497	0.1053406597	0.1269247386	0.0939619538	-0.0135317114	-0.0550313195	0.0155132045	0.0206593042	0.0660156651	-0.0491088629	0.0576210836	-0.1604071472	-0.0518973217	-0.0144528783	-0.0809270369	0.0702232482	0.0141742585	0.0445759474	-0.0480887669	0.1739450079	-0.0344859242	-0.0802474883	0.0629585974	0.0335729115	-0.0952664388	0.0485338897	0.040141028	-0.0526635132	0.0695961854	-0.0177344072	0.0074901878	-0.0001337415	-0.0698780445	0.077433489	0.1265132164	-0.086997825	0.0951956573	-0.1040552472	-0.0643571919	-0.0622195879	0.0652647842	-0.0247269586	0.0692631676	0.0727266349	-0.0097000798	0.057314292	-0.0800722591	0.1177081831	0.0325851681	0.0438402884	0.0871448526	-0.0323535493	-0.1178001354	-0.0887345236	-0.0126136814	0.136525064	0.0686371988	0.0543419198	-0.0676769277	-0.0906083759	0.0471790318	-0.0332733762	-0.0531175319	0.1238099634	0.0556256841	0.0178181749	0.0492882698	0.0676258021	0.0028692031	0.0097389829	-0.0299030362	-0.1473239468	0.0433446648	-0.0352103632	-0.0108116435	0.1859042238	0.0467701203	-0.0721780505	-0.0393561159	-0.070880418	-0.0226576546	0.0143740055	0.0998230894	0.0171638904	0.0410658405	-0.1343855657	0.0574464327	-0.0090349239	-0.0366257004	0.0696331343	-0.0810636187	0.0772909552	0.0204403299	-0.0917664533	0.0805230371	0.0781339696	0.0691720526	-0.0471831154	-0.0760850027	-0.0163109927	-0.1043319842	0.1495110561	-0.0409195428	-0.0948342351	0.0884055878	0.1092695468	0.0007853901	-0.0999876632	-0.0023559765	0.099950656	0.0039259816	0.0795105343061521	0.0008662907233513	7.50459617364689e-07	0.0063219250656497	-0.0909334489155639	0.0086094058037105	7.412186829296406e-05	0.0082688921316794	0.3192561500808679	0.0047856362303662	2.290231412939369e-05	0.1019244893644576	-0.0015412772536341	-0.0004891491876143	2.392669277437298e-07	2.375535572569874e-06	-0.0002926827578288	0.0002610260365486	8.566319673027198e-08	6.813459175627107e-08	0.0015342796323158	0.0001875739921926	2.354013990139106e-06	3.518400254710703e-08	0.0	0.0	0.0	0.0
273.1947821896512	0.2928813463964843	0.0857794830670174	74635.38901565097	443.51518009884256	1.0297027158065362	1.0602876829393562	196705.7149781088	253.09591351940645	-0.096685707902111	0.0093481261125323	64057.54144022287	281.7643970452466	302.99512451492456	1.113157	28.61838	0.2613327323200978	0.1515580601380635	-0.0820052606	-0.0418618027	-0.0754036838	0.0244307764	-0.0747303765	-0.0106129757	0.0305113934	0.074965268	0.0795941529	0.037857491	-2.86708e-05	-0.066095109	0.0043911835	-0.0181067051	0.004527736	0.0843582701	-0.0022068937	0.0841839599	0.0010688832	-0.0115458061	0.0449626854	0.0384259021	-0.0791429607	-0.0909141379	0.0165041958	-0.0407686049	0.0323669791	0.1156920273	0.0531833021	0.0262361114	0.0530942203	0.0153137038	-0.0022714283	0.087017179	0.0024648473	-0.0748954077	-0.0347141476	0.0159243888	-0.0162756509	0.0343419359	-0.0174100761	-0.1565610906	0.0141245635	-0.0290512913	-0.0343829603	-0.2061664141	-0.0845801607	0.1063791251	-0.0161956627	0.0529891933	0.0586092208	-0.0930362802	-0.025369821	-0.0133715544	0.1062307699	0.0527374465	-0.0063373442	0.1022951771	0.0083439892	0.1475733648	0.1308428125	-0.0048414869	-0.0981954406	-0.012924103	0.0124442192	0.0488582995	-0.1379285772	0.1007624003	-0.0083336512	0.038010575	-0.0650507432	0.0457513349	0.030137883	0.0222565993	0.0812668741	-0.0093232627	-0.0566815881	0.0712609291	0.0947425361	-0.0244249929	0.025282852	0.0659393606	0.029183437	-0.0445343216	-0.1054090369	0.0818266444	0.075394822	0.0704669768	-0.1515619544	-0.0560071294	-0.0049659906	-0.0551217081	0.0347478047	-0.0276739404	0.0670009127	0.0593432357	-0.0825609065	0.0022011859	-0.0589097069	0.1370951665	0.1602405247	-0.0750106735	0.0083626406	-0.021818084	-0.0275605742	0.1245402166	-0.034155409	-0.0355120321	-0.0167220314	0.0047775463	0.0280571978	0.0041477734	-0.0176754803	-0.0601483961	-0.0026108509	-0.0191382421	0.0287103805	0.0772026765	-0.0826442157	0.0314089373	0.1192124477	0.039716016	-0.0731456469	0.0357857583	0.0668571246	-0.0618626492	0.0321057941	0.0717433385	-0.0220264245	0.0375186413	-0.0628416857	0.0868541301	0.0365496588	0.1319750069	-0.1112394657	0.1367195767	0.0837013229	0.0671561661	-0.0007853901	-0.0999876632	0.0023559765	0.099950656	-0.0039259816	0.0863181438540721	0.00680760954792	4.634354775693164e-05	0.0074508219584122	0.0264200070769504	0.1173534559925143	0.0137718336333869	0.0006980167739461	0.3751633020954514	0.0559071520145835	0.0031256096463817	0.1407475032391629	-0.0001328701346359	0.0014084071189982	1.98361061284481e-06	1.765447267816219e-08	-0.0001820953046842	0.0001105874531445	3.315869998803163e-08	1.2229584793009096e-08	0.001427983909157	-0.0001062957231587	2.0391380448113072e-06	1.129878076185224e-08	0.0	0.0	0.0	0.0
272.20782823507284	-0.9869539545783824	0.9740781084579077	74097.10175245492	442.4972553629271	-1.0179247359154715	1.0361707679885823	195803.8210037235	252.59035781064736	-0.5055557087590898	0.2555865746589056	63801.88885891086	281.2859412665506	311.647251410086	1.186747	30.510303	0.072761688688038	0.0364329565637753	0.0778746418	0.1088812007	-0.0295455806	-0.0956665938	-0.0118170411	0.0097353446	0.0194412436	0.0933071615	-0.0497471275	0.0024923336	-0.0202734983	-0.102719585	0.017327718	-0.0771759582	-0.0099718674	-0.0277937938	-0.0020823499	-0.096086423	-0.0314508525	0.0536920497	-0.088175321	-0.0081433978	-0.1124660215	0.0002575124	0.0497670043	-0.1042693828	0.0057138755	0.1132218653	0.0590491277	-0.0817072811	0.1184029567	-0.0610745502	0.0094499109	-0.013080384	0.0793491785	0.0562852168	0.0853642824	0.0394061729	-0.0277973326	-0.0234240498	-0.0273431023	-0.0592373376	-0.0185364187	0.0654392314	0.0158293311	-0.101384954	0.0092781182	0.1167381761	0.0403942826	-0.0542931314	0.0968362508	0.008086945	-0.0302836578	-0.2073103496	-0.1969194487	0.1007233043	-0.0325225114	0.0614298817	0.0559082322	0.0115640629	0.1472091341	-0.023343242	0.0179468647	0.0050996208	-0.0970344127	0.0226197972	-0.0702468195	-0.1650247664	-0.0303873699	-0.0498934151	0.0469580743	0.0834547871	-0.1044497049	-0.0296866756	0.1428786091	0.0333677619	-0.0152766657	0.0393327364	0.0418961746	-0.0720745422	0.0162149435	0.0021224884	-0.1009717109	-0.0149030128	0.0802442153	-0.0109576719	0.121526191	0.0629164565	0.006259116	0.0522393327	-0.0563167175	-0.0856921688	0.0180274536	-0.0316231067	0.0428448686	0.0746648313	0.0081174496	-0.1307443437	-0.0362067339	0.1844836621	0.0936077322	0.1781434944	-0.0267923816	0.0007698223	-0.0464376753	-0.0649067716	0.0721935098	0.0216593391	0.0075065753	-0.0674511182	0.1493426336	-0.0574265478	-0.0959933314	0.0638429907	-0.020929539	-0.0099347227	-0.0348117943	-0.0158419704	0.0433451153	-0.1555977758	0.0273094957	-0.0910622414	-0.0095100384	-0.0165525406	0.0989324069	-0.0449495399	0.0238898659	0.1444777096	0.0569138831	0.0642359478	0.014306513	-0.1038522697	0.0279349503	0.0230796769	0.0119566425	-0.0699327101	-0.0075288143	-0.0300576096	-0.0023559765	-0.0998889875	0.0070626986	0.0995561965	-0.0117537397	0.0942992744362811	0.0079811305822089	6.369844537027165e-05	0.008892353159209	0.0432481913614566	0.0168281842845062	0.0002831877863133	0.0018704060560371	0.3840732484170743	0.0089099463216228	7.938714345420139e-05	0.1475122601496436	-0.0006697682209288	-0.0005368980862929	2.882595550649784e-07	4.485894697661299e-07	-0.0003449504730184	-0.0001628551683342	1.1899082883561793e-07	2.6521805853160623e-08	0.0013468886137901	-8.109529536689999e-05	1.814108937957417e-06	6.57644693064475e-09	0.0	0.0	0.0	0.0
271.7621241851199	-0.4457040499529512	0.1986521001444628	73854.65214160853	440.5456448084872	-1.951610554439867	3.808783756201085	194080.46515972575	252.9690698662728	0.3787120556254422	0.143422821076048	63993.35030900721	281.52584637391914	304.942376221814	1.152414	29.62763	0.265104310679763	0.2143876841559279	0.031499477	-0.1033056649	0.0457328134	-0.0676798303	-0.0055564464	0.0770495819	-0.0788877023	-0.1491685635	0.0244107912	-0.0501371575	0.0285803513	0.0122505352	-0.0564378483	0.0241666879	0.0272223486	-0.0782857965	-0.0030992712	0.0461371981	0.1110426632	0.0567961042	0.0405970811	-0.0565403106	-0.0721059603	0.1227025313	-0.0243146151	0.010432124	0.1339922799	-0.0072598709	-0.039174522	0.0292160972	0.0669088219	-0.0865041955	-0.0117675282	0.1507413936	0.0195212972	0.0636407733	0.0754572069	-0.0801607483	0.0868865467	-0.1298996405	-0.0074938845	-0.0212928378	-0.0481602059	-0.0115878638	0.0642595841	0.0180958291	0.0013221384	0.0600109373	-0.0428260901	0.0336471043	-0.0449665211	0.0191280535	0.1173781295	0.0625383664	0.0393020135	0.0239155854	0.0634239571	-0.1301808599	0.10898047	0.0758176029	0.0075710004	-0.110338076	-0.0439510282	0.0278706271	-0.0436398488	0.0395216463	0.0891638237	0.0370807095	0.1079818542	-0.0337386159	-0.0255170849	-0.1400390557	0.0115559233	-0.0523280961	0.062783353	0.0381970662	0.0691897742	-0.0263402707	0.0201136433	0.0250636009	0.0665529134	0.0774147866	0.024359196	0.0688937906	0.010944205	-0.0426718165	-0.0972641734	0.1566131166	0.1379836444	0.0138819278	-0.0545463388	-0.0975499248	-0.0149030934	-0.0580280194	-0.0297438428	0.0918969176	0.0932645966	0.1445556132	-0.0150774169	0.0080266974	0.0292726632	0.0650928366	0.0060922242	-0.0168879001	-0.0191411438	0.0302844018	0.0517250791	-0.1480597059	0.0653021643	-0.1339430106	-0.0980180672	0.0020127279	0.1022536963	-0.0174339924	0.1192668404	0.0349046499	-0.0555366136	-0.0557376091	0.0076361006	0.0387659756	-0.0779572106	0.0493935901	-0.025540679	0.1284248289	0.0485009546	-0.0793569766	0.0333857328	0.0269680716	0.096561533	0.0145415897	-0.0625869977	-0.0023031998	0.0019657533	0.0354261786	0.0192600214	-0.1782441909	0.1656530894	0.1062992626	-0.0039259816	-0.0996917334	0.0117537397	0.0987688341	-0.0195090322	0.0800822976021464	-0.0142169768341346	0.0002021224303023	0.0064131743892387	-0.164214303932809	-0.2074624952942656	0.0430406869537231	0.0269663376161369	0.384201739966862	0.0001284915497877	1.651007836685108e-08	0.1476109769935642	-0.0011837686377678	-0.0005140004168389	2.6419642851066564e-07	1.4013081877626329e-06	-0.0002819688747333	6.29815982851e-05	7.950644631836345e-08	3.96668172254571e-09	0.0016358335386975	0.0002889449249074	2.675951366327585e-06	8.348916962974302e-08	0.0	0.0	0.0	0.0
272.6721464068959	0.9100222217759892	0.8281404441261078	74350.09942614366	443.3346372040225	2.7889923955352742	7.778478582353587	196545.60054482223	252.87995166174747	-0.0891182045253344	0.0079420543778193	63948.269952447736	281.54875024344926	301.1659059741158	1.094388	28.135834	0.2743650529556007	0.1449276447050801	-0.0631730116	-0.0453628126	-0.0836587592	0.1037786386	-0.1468656807	-0.0266751633	-0.0046692893	0.0621503043	0.1199922827	0.0314205713	0.0645182779	0.0487067861	-0.0932305335	0.0508947255	0.0925413828	-0.0120933222	0.0465035295	0.0354055432	0.0415583634	-0.0394664486	0.099636768	0.0488541403	-0.1109017603	0.0392888457	-0.0222953783	-0.0036595402	0.0477281496	0.1275932055	0.1092648819	0.0503725919	0.093093237	0.0924619978	-0.0506473417	-0.0076217793	-0.0010283736	-0.0389883412	-0.0525917864	-0.0211162517	-0.1077242842	0.0007543706	-0.1218185766	-0.0261058383	-0.0950177625	0.0421784338	0.068042773	-0.1709055637	0.0211603119	0.0398901217	0.0254984037	0.1256108461	-0.0358105339	0.0232409679	0.0226052099	-0.0247006118	0.0747730526	-0.0491586794	-0.014256093	0.04383329	-0.0037749982	-0.0057404073	0.0300990239	-0.0476942224	0.1192746284	-0.0219548538	0.052031541	-0.0390412397	-0.0840793296	-0.0440624716	0.0311104781	0.075546709	-0.1202826607	0.0125883898	0.0795532569	-0.0029688077	0.1107617386	-0.045697251	-3.59241e-05	-0.0111857853	0.0940291612	-0.0743769411	0.1147451323	0.0414045471	0.0066305392	-0.0633341919	0.0006986456	0.0776609687	0.0344218864	0.0120442706	-0.1050121463	-0.0813036753	0.0279857058	0.0687187257	0.1086077587	-0.0091025517	0.0800258327	0.0001085188	-0.0748923108	-0.0223320646	-0.0066126064	0.0612054952	0.08351975	0.0033830431	-0.0765282836	-0.0543658022	0.1307557048	0.0386102669	0.1519424848	-0.1028802804	0.0229733787	0.0029804226	0.0284737209	0.043730751	0.0308223696	0.0543435606	0.0518119167	0.0004809458	0.0726700432	0.1819824673	-0.0877646429	0.0384774115	0.0908437679	0.0275824961	-0.0017216873	0.1380778686	0.0901144066	-0.0051963789	0.0003280436	0.0381360574	-0.0825710154	0.0007366875	-0.0612111628	0.0154152639	0.0439976347	0.0687392154	0.0247339889	-0.0391115998	0.1016919609	0.0282898427	-0.005495018	-0.0993960955	0.0164186847	0.0975916762	-0.027144045	0.0716870717582907	-0.0083952258438557	7.047981696934264e-05	0.0051390362572783	-0.05976250994118	0.104451793991629	0.0109101772680697	0.0035715575944696	0.4494859460519507	0.0652842060850886	0.0042620275641603	0.2020376156982171	0.0002169359778861	0.0014007046156538	1.9619734203141397e-06	4.706121850139848e-08	8.616052983234646e-05	0.0003681294045656	7.423636900990664e-09	1.3551925850585741e-07	0.0014799910182165	-0.0001558425204809	2.1903734140015125e-06	2.4286891189870872e-08	0.0	0.0	0.0	0.0
272.12878366072056	-0.543362746175319	0.2952430739311841	74054.07489666325	442.34033686678174	-0.9943003372407588	0.9886331606370868	195664.973619418	252.24695989228715	-0.6329917694603182	0.4006785802045046	63628.528774901126	280.9428593015208	308.63500561058925	1.124041	28.898193	0.2985215507689653	0.1982721870562402	0.0680940569	0.125069513	0.0151475513	-0.0064123384	-0.0164809303	-0.0538211509	0.0049211895	0.0316405792	-0.0391201016	-0.0695067597	-0.0797371544	0.014825099	-0.0197789246	-0.0449520899	0.0747652424	-0.0343656021	0.0743640893	0.0403473875	-0.0753924697	0.0783627725	-0.0161182975	-0.0160173255	-0.0286980936	-0.0200082671	-0.0248817054	0.0062861516	0.0573811579	0.0545538375	-0.0395514188	-0.0231076636	0.1331346899	-0.2023745061	0.0145163327	0.0336616642	0.0137839509	-0.0501295566	0.0088100154	-0.0427421681	0.0099852645	-0.0621140697	-0.0471628343	0.0734219573	0.0711139698	-0.0620275088	-0.0028932705	-0.0088059324	-0.0015825548	0.041265755	-0.0757299228	0.0098272608	-0.025721141	-0.0216958348	0.0159740762	-0.0320754493	-0.0232915672	-0.072687248	0.0001723467	0.0745168934	-0.136311164	-0.03186932	-0.0680548739	0.0558421755	0.0261860803	0.0027018957	0.0261285278	-0.0621015844	0.0112675011	-0.006944031	-0.0662036095	-0.0724282937	-0.0347082729	0.056561026	-0.0206926456	0.0264171035	0.0297093797	0.0921379521	0.0216853298	0.0145820858	-0.0063164203	-0.0413572879	0.1056606222	0.0958244476	-0.0166204672	0.1130621785	0.0907812421	0.0649778063	0.0336312256	0.12651368	0.0691143989	-0.099873097	-0.1000788762	-0.0193229004	-0.0411783141	-0.024565122	0.063389965	-0.0709054471	-0.0129472829	-0.0846696202	0.0096160282	-0.080554417	-0.0459303463	-0.0135332389	-0.0641909871	0.0063190829	0.0132424804	-0.0017283817	0.0090507315	-0.0282049589	-0.0251047044	0.0414124182	0.0923111142	0.0048688228	0.0731956437	-0.0284737617	-0.0736590354	0.0029197019	0.0842124797	-0.0073341861	0.0149971526	-0.0824345759	-0.0615776041	-0.1579167155	0.0451141024	0.0385846321	0.1680683891	-0.0058656325	0.001163595	-0.0368779224	-0.0321427945	0.1335125743	-0.0055494619	-0.0170008362	0.0468332374	0.0401288226	-0.0182016513	-0.1025843958	0.1252613257	-0.0090819194	-0.0070626986	-0.0990023658	0.021047176	0.0960293686	-0.0346117057	0.0877337383183345	0.0160466665600438	0.0002574955076892	0.0076972088393099	0.1355339501982655	0.1952964601394455	0.038140707342998	0.0183694516563459	0.446006365192737	-0.0034795808592136	1.2107482955806228e-05	0.198921677792437	-0.0010237587088898	-0.0012406946867759	1.5393233057939483e-06	1.0480818940277102e-06	-0.0003162731326205	-0.0004024336624528	1.0002869441758437e-07	1.6195285267521153e-07	0.001510839533193	3.0848514976500015e-05	2.2826360950588422e-06	9.516308762553454e-10	0.0	0.0	0.0	0.0
271.5924839730348	-0.5362996876857551	0.2876173550118384	73762.47735064317	439.567705353213	-2.77263151356874	7.687485510034482	193219.76758948909	252.44004181377048	0.1930819214833263	0.0372806284036934	63725.974710938186	281.0570031274098	299.4524975642842	1.16353	29.91342	0.2093380269508668	0.1454964675863188	-0.0500056572	-0.0774920475	0.038342331	-0.0102856115	0.1705593703	0.0019760758	-0.0386728725	-0.106417796	-0.0903349422	0.0889732935	0.0204930741	0.0250842109	0.0101586577	0.0208300915	0.0289763038	-0.1638383841	0.0108156823	0.0233150018	0.02611838	0.0929693207	0.0181347158	0.0792434569	0.0049864503	0.1424744624	0.0916334916	-0.0833197131	0.0880065789	0.0750461328	0.0304993876	0.0374945782	0.0927534785	-0.0805452566	-0.0218662418	0.0280117805	-0.1577216966	0.0061112618	-0.037204896	0.1231598186	0.0553930753	-0.0259837284	0.1326186301	0.0721497875	0.170298723	-0.0747400586	-0.0464883963	0.0309660591	0.0059141094	0.0049385406	-0.1113084242	-0.0302595964	-0.0021331083	0.0320207617	0.0946036547	0.094379676	0.0600656829	-0.044396927	0.0853006361	0.0378577276	0.0502838125	0.0782958872	0.0491176193	0.0386596315	0.0322194299	0.0401431881	0.0735586345	-0.0774008619	-0.0743821839	-0.0309762752	0.0244104555	-0.0980403551	-0.015313444	-0.0863870367	0.0452891334	-0.1685823344	0.0259810751	-0.0412450503	-0.0284133358	0.0294887105	0.0642932292	-0.0219351086	0.1049850253	-0.039510705	-0.0885841558	0.0916363287	-0.0065693219	0.0964665197	0.0154868573	0.1105100016	-0.0292082102	-0.1497935364	-0.0221002193	-0.0935773464	-0.1575546971	-0.1092858015	0.025125026	-0.0054181871	0.0420413798	0.060361864	-0.001158002	-0.0506323334	0.0231779528	-0.092049246	0.0125610869	0.0601404671	0.0206400741	-0.0353554984	-0.039279971	-0.004875923	0.0188949381	0.1047753227	0.0630282335	0.0728096614	-0.1234308974	0.0871963226	0.0028727231	-0.0137737569	-0.0905571431	-0.0909584561	-0.0264243046	0.1567398484	-0.0053594162	-0.1031354634	0.0667096718	0.0781538025	0.1046441392	-0.0659814256	-0.0121748698	0.0162072442	0.0037938297	-0.0569596621	0.0518876669	0.0611757134	-0.0029852994	0.050708425	0.0678829547	-0.1503277711	0.0332860859	0.0580390429	-0.0086286366	-0.0985109326	0.0256289373	0.0940880769	-0.0418659738	0.0717251134544909	-0.0160086248638436	0.0002562760700312	0.0051444919000595	-0.0030699950745969	-0.1386039452728624	0.0192110536452026	9.424869758049226e-06	0.4265005321150212	-0.0195058330777158	0.0003804775240557	0.1819027038943962	-0.0014398698955875	-0.0004161111866977	1.7314851969496826e-07	2.0732253162191586e-06	-0.0001919693958052	0.0001243037368152	3.685224892581354e-08	1.545141898624736e-08	0.0013468619819771	-0.0001639775512159	1.8140371984952824e-06	2.6888637302763113e-08	0.0	0.0	0.0	0.0
272.66890401994954	1.076420046914734	1.1586801173999182	74348.33121944046	443.5279168572224	3.960211504009408	15.683275156488454	196717.0130317072	253.03673076807232	0.5966889543018397	0.3560377081858229	64027.58711779392	281.7083770171724	306.4944225196286	1.189991	30.593708	0.1574936472774119	0.0974962989544092	0.008289272	0.0695364438	-0.1216833587	0.0361864892	-0.0650893743	-0.0376291637	0.025927332	0.1152644733	0.020989067	-0.0202977924	0.0561370997	0.0636313758	-0.0818681505	0.0481042077	0.0842622738	-0.1154238858	0.0904960708	-0.0355317491	-0.015325031	-0.0325311682	0.0781016624	0.0988879669	-0.0830063473	-0.0121828865	0.0203185051	-0.1077255103	0.049883114	0.1154974952	-0.0277526125	-0.1037356978	-0.0305586681	0.0027757744	-0.0063872104	0.1274314844	-0.0280525118	-0.0021559588	0.1344512389	-0.0121012151	0.06273222	-0.1012972411	-0.0040913512	0.068750311	0.0633501936	-0.0519167781	0.0212634026	-0.011024737	-0.0525096065	-0.0231887973	0.0833651788	-0.0024689825	0.0676642382	0.0651833377	-0.0743013848	0.0243793683	-0.1072238525	0.0764781791	-0.1405423859	-0.0297562204	0.1370158384	-0.0345060766	-0.1138389713	0.0676649405	0.088680772	0.0025863469	-0.0192368155	0.0427366426	-0.0177431013	0.103683481	-0.016691163	0.0600332123	-0.1157069261	0.0982437215	0.0054355669	-0.0522432681	0.101518603	0.0115080963	-0.0173640546	-0.0188593935	0.11235125	-0.0669905543	0.1215717523	-0.0650042938	-0.056032102	-0.005656903	0.0305508616	0.0075818543	-0.0758352667	0.1205872366	0.0655929569	0.1418917196	-0.034939795	-0.0198047767	-0.0698638072	-0.0550697164	0.0273486408	-0.0276628452	-0.0650664347	-0.0089858967	0.0696016066	-0.0181157579	0.0206614898	0.1803669312	-0.0177254992	0.1055065521	0.09846492	-0.0589904242	0.0222077725	0.1168052397	-0.0930779623	-0.0448534535	-0.0611870588	0.0047956194	-0.0596869536	-0.0111739263	-0.0099326368	-0.0360911201	0.0835331911	0.1274846507	-0.0331212536	-0.0786033107	0.0618949565	-0.0844119112	0.039411782	0.0347655426	0.0160534279	0.0570402218	0.0130212413	0.0172970369	0.0174905747	-0.1856011211	-0.0595507619	-0.0237405351	-0.0009695739	-0.0153886516	0.1225952897	-0.0875010147	0.0267827626	0.0124406088	-0.0101924456	-0.0979222811	0.030153796	0.0917754626	-0.0488621241	0.0716572985042915	-6.781495019939077e-05	4.598867470545851e-09	0.0051347684289331	0.028224297521433	0.0312942925960299	0.0009793327490859	0.0007966109705783	0.4633929943677088	0.0368924622526876	0.0013610537710659	0.2147330672290714	0.0002551081019151	0.0016949779975026	2.8729504120179245e-06	6.508014366272505e-08	-0.0001543216519073	3.764774389790001e-05	2.3815172247397863e-08	1.4173526206018675e-09	0.0013990177901465	5.215580816940002e-05	1.9572507771463965e-06	2.7202283258032533e-09	0.0	0.0	0.0	0.0
271.8884508539052	-0.7804531660443104	0.6091071443885879	73923.32970773644	441.0818646283217	-2.446052228900726	5.9831715065102085	194553.2113039971	251.9692971639793	-1.0674336040930257	1.1394144991470263	63488.5267133097	280.5913014124898	302.9158208812422	1.097024	28.203596	0.2538452965584716	0.193886812576229	-0.1017095993	0.0461021947	0.1220468611	-0.0371409417	-0.0721774678	-0.0330832669	0.1075829946	-0.0461715307	-0.0993922022	-0.0993729483	-0.0080479479	0.0567756288	-0.134268697	0.0216031776	0.0924423748	0.0009762733	-0.0036682126	-0.0434063886	-0.1360116917	0.0864563696	0.0481615952	-0.0924931195	-0.1034205096	0.0012106256	0.0526017195	0.0101909535	0.0271138565	0.0674730373	0.1260394104	8.80815e-05	-0.0375141587	-0.0455392856	0.0652713973	-0.1025613843	0.0592321199	0.0521893221	-0.0410878306	0.0498176869	0.1431643596	0.0613476976	-0.023848465	-0.017739437	-0.0941922272	0.0195369417	-0.1131887107	0.0952885923	0.0598221524	-0.1156441942	0.0175770405	0.0133406318	-0.0538125891	-0.0064098365	-0.0112418136	0.0057292469	0.1171399196	0.104356919	-0.1656454527	-0.0642998333	-0.0384502773	0.0741951565	0.0020409934	0.0252577577	0.0837269105	0.1237074671	0.065629796	0.0352815538	0.0498838282	0.0995331869	-0.1323509688	-0.0661128955	-0.049273748	-0.1261580236	-0.0236875623	0.045028299	0.0444643381	0.1147684923	0.0347545415	-0.0068232228	0.0634789561	-0.1785713245	-0.0361489835	0.0546100669	-0.0137258758	0.0081984301	0.0084135306	0.0472215563	0.0443122767	-0.0799832651	0.0283186026	0.0179088271	0.017551441	0.0071790115	-0.0747009586	0.0644966764	-0.0451148189	0.0526855712	0.0182515988	0.0248781935	0.0857014905	-0.0449969017	-0.0065477545	-0.1030096247	-0.0193984915	0.1414365477	0.0980259705	0.0420589148	-0.0348668995	0.0370981577	0.0591472977	-0.0771795218	-0.0349829466	-0.0099436793	0.0092304469	-0.1160757797	-0.1295013967	0.0897193116	-0.0068634826	0.0224492676	-0.0666337649	0.0175442961	-0.1363550147	-0.1292576657	0.0356245925	0.0638220664	0.0168665179	0.1118503714	0.0182870029	0.0218479012	0.0505716394	-0.0458479629	0.021845982	-0.0868910904	-0.0100260761	0.0963167477	0.149967673	0.0514305454	-0.0528916529	-0.1056517768	-0.0117537397	-0.097236992	0.0346117057	0.0891006524	-0.0555570233	0.0805604649503095	0.0089031664460179	7.926637276550062e-05	0.00648998851301	0.219848702125887	0.191624404604454	0.0367199124400114	0.0483334518264369	0.4972478932060369	0.033854898838328	0.0011461541753534	0.2472554672978422	-6.989610579003088e-05	-0.0003250042077051	1.0562773502603985e-07	4.8854656046111886e-09	-0.0001430503231121	1.1271328795200004e-05	2.0463394942476212e-08	1.2704285280950475e-10	0.0014519987870396	5.298099689309997e-05	2.10830047756447e-06	2.8069860317866683e-09	0.0	0.0	0.0	0.0
272.0467592672444	0.1583084133391707	0.0250615537339657	74009.43922781003	441.5224729726013	0.4406083442796102	0.1941357130488195	194942.09413984144	252.69284319034057	0.7235460263612765	0.5235188522631931	63853.67299961805	281.31313736924847	303.334201533423	1.112082	28.590738	0.3916470441883268	0.2539751219299251	0.0442650184	-0.0322009085	-0.0570860769	0.0022957569	0.0822925424	-0.0340197584	-0.0977359477	0.0463271228	-0.1081533608	0.1116876535	0.006792581	0.0998677798	-0.0384179918	0.0073279843	0.0840939938	-0.0339567439	-0.0235208169	0.0969463151	0.0196577726	0.1424120521	0.0014541997	0.0560522911	-0.0075984649	0.0826552601	0.0716323374	-0.0789278218	0.0206636711	0.0591532039	-0.1341235107	0.1039263975	0.0056842934	0.0876506051	-0.0074538762	-0.0185471726	0.0494623098	0.0529175301	0.0985710493	0.1042107511	0.0042311356	-0.0181685899	-0.0481495382	-0.0584970388	-0.0007596899	0.0697314051	-0.0046526054	0.0509183167	0.0014632524	0.0447950785	0.0571151328	0.0336776174	-0.0225462335	-0.1308338482	-0.0393379606	-0.2176597717	-0.0666456618	-0.0312078809	0.043503823	-0.0917913992	0.0016821246	0.1401834516	-0.119482122	0.0179200505	-0.0020051414	-0.1518226033	-0.0037637527	-0.0136077011	0.1452432181	0.03966722	0.0320301338	-0.1335481324	-0.035235332	0.0257706595	-0.0089068202	-0.0818958533	0.0666735676	-0.0937372853	-0.0353298097	-0.0119135706	0.0469672951	-0.0602791597	0.0852131751	-0.0653895945	0.1321212195	0.0764507594	-0.0696039953	0.0369039421	0.0230545853	-0.0871611617	0.0632740343	0.1120510212	-0.0121264148	-0.1080220264	0.0279181082	-0.0672944107	0.0112845196	0.0487756326	0.0833994779	-0.1617481342	-0.0093041682	0.0092160397	0.0155899218	0.0119630241	-0.0392165868	-0.0396933856	-0.0005166812	0.0540867832	-0.0578674569	-0.0899375913	0.0774198147	-0.0133706666	-0.0612912497	-0.0667613896	-0.0106346911	-0.1256927798	0.0018958456	-0.0332134291	0.0110363091	-0.1062722729	-0.0574837609	0.036697243	0.0893672263	-0.1040321089	0.0325101768	0.1508508494	0.0544153977	0.0083557625	0.049858518	-0.0169003854	0.033069779	0.069404511	0.0210938113	-0.1173044763	-0.1155565018	0.0758684332	0.042929544	-0.0303749996	-0.0736752373	0.0795825188	-0.0133121339	-0.0964557418	0.0389927688	0.0860742027	-0.0619093949	0.0702527454086805	-0.0103077195416289	0.0001062490821488	0.0049354482374568	-6.548670904749088e-05	-0.2199141888349345	0.0483622504509272	4.2885090618707244e-09	0.4265309969291522	-0.0707168962768847	0.0050008794190356	0.1819286913413764	-0.0017949313017427	-0.0017250351959526	2.975746427275464e-06	3.221778377975744e-06	-9.283853531849572e-05	5.0211787793604274e-05	8.618993640083577e-09	2.5212236334299474e-09	0.0014909165939909	3.891780695129991e-05	2.222832290237426e-06	1.5145956978986475e-09	0.0	0.0	0.0	0.0
272.7951549595583	0.7483956923139203	0.5600961122740321	74417.19656940944	441.8500534809811	0.3275805083798104	0.107308989470375	195231.46976114585	252.83197918684124	0.13913599650067	0.0193588255222344	63924.00969953532	281.32361527106525	303.52903855495026	0.937539	24.103369	0.2204140807136523	0.1239458903116789	-0.0572548783	0.0208350677	0.0388650874	-0.0066330786	-0.0872608518	-0.0407127613	0.0438579853	-0.066972589	0.0003082827	-0.0606492649	-0.0990693252	0.0710471331	-0.0956355435	0.0194517203	0.0077960346	-0.0578277766	0.0566386163	0.0928304973	-0.0434030133	0.0461817438	0.082753051	0.0868815544	-0.0382398627	-0.0468151153	0.0707883229	0.0630965585	-0.0088720204	0.117286552	-0.0480038818	0.1314107258	-0.0096217939	-0.1248110912	-0.0466023424	-0.1029193156	-0.011395154	0.0610180348	0.0681438724	-0.0196024876	-0.0327632372	0.0744893435	-0.0323718113	-0.049018603	0.066411522	0.0321644085	-0.0126343798	0.0731617179	0.0108434924	0.083350649	-0.0316868664	0.0066929774	-0.0528086631	0.0326614353	0.0041751126	-0.0075854568	-0.0109632857	-0.0262201205	0.0624083043	0.0522923618	0.0344565896	-0.0398029419	-0.1256186515	0.0244237666	-0.0709387702	0.0595273965	0.0378560624	-0.002015254	0.0387611253	-0.0750587505	-0.0475338642	-0.0263420569	-0.1010517604	-0.0489171613	0.0943908806	-0.0337814643	0.0336927933	0.0891893792	-0.0389595573	-0.0304837569	-0.042268352	-0.1192020101	0.0133383781	0.0594587163	0.0239568139	0.1186497868	-0.1085594171	0.1187826245	-0.0411010238	-0.0750174072	0.0889783595	0.0596100579	0.0433800905	-0.0673077597	-0.0294390008	-0.0111399939	-0.032163037	0.0019981963	0.0268039863	-0.0345134566	0.0071022054	-0.0394214826	0.0493722723	-0.0354134279	-0.0296721873	-0.0294022798	-0.0521668007	-0.0719700655	0.0612845146	0.0462966331	0.0102490732	0.0470171849	0.0372853058	-0.0547804228	0.0548910352	0.1189949594	-0.0572898755	0.0006867939	0.0201319007	0.0355695988	-0.0027059466	0.0429105401	-0.088135667	-0.1478599454	0.0849851898	0.1345627747	0.0141061395	0.0197532898	0.0471541698	0.0113817551	0.0829535711	-0.1149851296	0.0396797537	-0.1242275917	-0.1101916122	0.0590737592	0.0512326856	0.0716408447	-0.0467947655	0.0542585771	-0.0148672434	-0.0955793015	0.0432872582	0.0827080574	-0.0678800746	0.0753072375192545	0.005054492110574	2.554789049585483e-05	0.0056711800227814	0.0926777028824545	0.0927431895915019	0.0086012992156052	0.0085891566115685	0.4875623600227783	0.0610313630936261	0.003724827281066	0.2377170549109813	-0.0007298814753561	0.0010650498263866	1.1343311326861267e-06	5.327269680679973e-07	-0.0001700118506451	-7.717331532660429e-05	2.8904029359771796e-08	5.955720598499497e-09	0.0014014390173451	-8.947757664580004e-05	1.9640313193371995e-06	8.00623672240502e-09	0.0	0.0	0.0	0.0
272.59381365234634	-0.201341307211976	0.0405383219898273	74307.38724153012	442.67724534155616	0.8271918605750557	0.6842463742016224	195963.14354318831	252.57555308777083	-0.2564260990704099	0.0657543442844676	63794.41001759334	281.3269498985562	305.3984891017457	0.8435709999999998	21.687544	0.1145432231748748	0.0655969200558356	-0.0668236448	-0.0242041323	-0.0206863546	-0.0904892245	-0.0442365249	-0.1200286239	0.0156810308	0.0127863617	-0.034014323	0.0813651936	0.0409920041	-0.0712337163	-0.0656288573	0.015445981	0.0909434073	-0.0977416975	0.0922195862	0.0046209412	-0.0148994143	0.01769656	0.0102973573	0.0342093165	-0.0584761134	0.0110298134	0.112846843	-0.0708950579	0.0867307711	0.06485361	-0.0192996671	0.1256162057	-0.0062771835	-0.119703952	0.0227173339	-0.0114602392	-0.0676674236	0.0044627888	-0.0657939006	0.0085890949	-0.0152675333	0.0406989427	0.0014014024	-0.1512800133	-0.1434243473	0.054443895	0.0202621347	0.1349581046	0.1684771406	-0.044604572	-0.0035822087	0.0610073155	-0.0209266066	0.0349423649	0.0921828459	0.0808871979	-0.0750588694	0.0064903323	-0.0470668293	-0.023119759	0.0095399781	-0.0119212987	-0.0854229574	0.0308335923	-0.0866220566	0.0046507167	0.0561988683	0.009758816	-0.0773921248	-0.1286199317	-0.0170468907	-0.013665878	-0.003089124	-0.0342995948	0.0081952599	-0.0521379902	0.0634900879	-0.0189974975	-0.1071935038	0.0193648609	0.106709942	-0.0472026429	0.0665893538	0.0442886248	0.0178016966	0.1349767381	0.041484771	0.1354788737	0.0501706502	-0.0848316301	-0.0624701857	-0.0103456107	-0.0242999555	0.0149032264	-0.0523540214	0.0805801752	-0.1673819512	0.0402648728	0.0210635836	-0.0114180238	0.0156306748	-0.0367303957	0.0055771504	-0.0711979165	0.0388328264	-0.0470804213	-0.0199988148	0.0340142774	0.2357321867	0.0049868159	0.090393087	-0.015832894	0.0378779224	-0.0414665936	-0.0324916319	0.0382777052	-0.0216595256	0.0017688238	-0.0598183998	0.0486241354	-0.0450445585	0.0625439904	0.0950659958	-0.1119271682	-0.0007604332	0.0341355168	0.142620031	0.0449187089	-0.0820151561	-0.0304451381	-0.0952445422	0.1044726028	-0.0239703669	-0.1602122699	-0.0041350601	0.0402201642	0.0785061869	0.0316874385	0.0163728714	0.0411694956	-0.0164186847	-0.0946085359	0.047485639	0.0790155012	-0.0734322509	0.08909101553877	0.0137837780195154	0.0001899925364912	0.0079372090497293	0.0292380011878776	-0.0634397016945769	0.0040245957510969	0.0008548607134623	0.4972754931643806	0.0097131331416022	9.43449554264924e-05	0.2472829161018779	-0.0004369829207848	0.0002928985545713	8.57895632699568e-08	1.909540730576148e-07	-2.233095378789685e-05	0.0001476808968572	4.986714970771847e-10	2.180964729654788e-08	0.0015129917723002	0.000111552754955	2.2891441030481e-06	1.2444017138072578e-08	0.0	0.0	0.0	0.0
272.30140541854354	-0.2924082338028029	0.0855025751956746	74148.05539291402	442.5197281850896	-0.1575171564665538	0.0248116545813088	195823.7098330056	252.9479642686897	0.3724111809188741	0.1386900876733904	63982.67262767432	281.5816320203269	306.61636721235726	1.051638	27.036766	0.2284672113078798	0.1245220433884658	0.1146352712	0.0222108483	0.056773929	0.005688675	0.0464080626	-0.1391825018	-0.0730247741	-0.0166654597	-0.0280093845	-0.0852516182	0.0072139505	-0.0014800242	0.0316274232	-0.0906615927	0.1248227126	-0.0736131987	0.051015094	0.0362042305	0.057645562	0.0379401883	0.0619316542	0.0869914917	0.0918810844	0.0637059787	-0.0370686215	-0.0559621198	0.1704178364	0.0486821857	-0.1095281908	-0.0245388579	-0.085072803	-0.0206530761	-0.1180084668	0.019421303	0.0065528448	-0.011082854	0.0339634378	0.0706873155	0.0718809667	-0.0055418683	-0.0154213186	0.0118265551	0.0250089973	0.035250316	-0.053584969	-0.0192599002	-0.0350338821	0.068623833	-0.0659533574	-0.113932461	0.0116984913	0.071796383	-0.0602618197	0.0984880226	0.1361430411	-0.0134878864	-0.0128597088	0.0753665285	-0.0569319481	-0.1731710583	-0.0588767914	-0.1006534648	-0.0371949123	-0.0878141949	0.0525045133	0.0687437384	0.0653123088	0.0423785789	0.0659597409	-0.027599503	-0.0702638383	0.0666969548	-0.0179563451	-0.095872385	-0.1150801044	0.0898313232	0.0414983946	0.0802683893	0.0784545309	0.0280312855	0.1198737489	-0.1216262117	0.1022544688	0.0141940732	-0.0058211685	0.1112216955	-0.1269159683	0.0721916962	-0.0005586577	0.0152978627	-0.0834435479	0.0217288601	-0.0089399154	-0.0405069066	0.0484747575	-0.0261999114	-0.0008221579	0.0018096723	-0.0209158159	0.0370519162	0.0607285001	-0.0806889021	-0.0647477785	0.0179835693	-0.1450395191	-0.0194171787	-0.0424390511	0.0303620804	0.046034505	0.0607917336	-0.0822319973	-0.0422423668	0.0522532252	0.1086251618	0.0618290907	-0.0440033162	0.0264510312	-0.0778915719	0.0070282158	-0.0629219206	-0.043534059	-0.0737191877	-0.0028935649	0.09649784	0.0535447206	0.0040041793	-0.0191691133	-0.0812159759	-0.1532561562	-0.0246923666	0.0435709193	-0.0060420149	0.064689062	-0.0120603906	-0.0076761758	-0.0867710633	0.1374000808	0.1016447117	-0.0179660749	-0.0935444031	0.0515785898	0.075011107	-0.0785316931	0.0716638586773257	-0.0174271568614442	0.0003037057962733	0.0051357086405237	-0.0644420671107752	-0.0936800682986528	0.0087759551964402	0.0041527800135096	0.4292094008179603	-0.0680660923464203	0.0046329929273114	0.1842207097505124	-0.0013220239977552	-0.0008850410769703	7.832977079249254e-07	1.7477474506406409e-06	2.753368463315197e-05	4.986463842104882e-05	7.58103789477869e-10	2.486482164861938e-09	0.0014620196116644	-5.097216063579984e-05	2.137501344891323e-06	2.598161159881783e-09	0.0	0.0	0.0	0.0
272.20726370166847	-0.0941417168750717	0.0088626628561861	74096.79441194968	440.9984183727855	-1.5213098123040822	2.314383545012682	194479.6050072984	252.2201936888739	-0.7277705798157967	0.529650016845421	63615.02610445307	280.73703300821745	299.3056932767591	1.265184	32.526855	0.3413907323831865	0.2385779039276605	-0.1295206787	0.0268359837	0.0369646763	0.1282436188	0.0072882769	-0.1594327452	0.0810888475	-0.0415878486	0.0193334847	0.1124083737	-0.0529361066	0.0107014962	-0.0433339086	-0.0420117881	0.0096344471	0.0146456619	0.0823274794	0.111680174	-0.0857139902	-0.0259435098	0.0847420513	0.0298227815	0.1360079847	0.0203357552	0.0095698218	0.106053841	0.0383373642	0.1365504006	0.0404946101	0.0586229957	-0.1172137083	0.02144129	0.0619333541	-0.0320032744	-0.0343649633	-0.0467232899	0.0832784397	0.0011353558	-0.0053960364	0.0670010593	0.0024233389	-0.083285529	0.0241398765	-0.022646431	-0.0262063591	0.0479756183	-0.0367806279	0.0170744362	0.0431384306	0.0510310729	0.0847765698	0.1504495533	-0.0487757072	0.0115438462	-0.002957903	0.0637688232	-0.0814091032	-0.0538510702	0.0171817453	0.0575208708	-0.0192805318	0.1592343942	-0.1118297236	0.0133886795	0.1491362625	-0.1359926259	-0.0618497816	-0.0114688183	-0.0892072918	0.0213461535	-0.0775506195	-0.020534185	0.1287791054	0.0560645949	-0.1641667921	-0.0531461432	-0.0329018965	-0.0214942301	0.0171244294	-0.1073881915	0.0323083283	-0.0169232622	-0.0805058993	0.0616091288	-0.0348727109	0.0563342939	-0.0807126788	0.0035424941	-0.0779826387	0.0998049555	-0.0235353724	0.0789045858	-0.0026458622	-0.0226796134	-0.0333256879	-0.018684919	-0.0340638676	-0.1384171771	0.0482600964	-0.1347556118	0.0232928721	-0.0052859931	-0.0162844237	0.1129956626	-0.0457362412	-0.0191025539	0.0229513809	0.068292503	-0.0340804423	-0.0779107462	-0.04076763	-0.0388071972	-0.0270912366	0.0552764754	-0.0946321595	0.0246390826	0.1103776812	0.0447380254	-0.060842821	0.1523225883	-0.0377607237	-0.0951398443	0.0128917424	-0.028307561	0.0049540277	0.0355132435	-0.0029264637	0.054634018	-0.0666317899	-0.1010864561	0.064729063	-0.005769327	0.0275004533	-0.0973880825	0.0812521276	0.0267833024	-0.0472612451	0.0361992696	-0.0195090322	-0.0923879533	0.0555570233	0.0707106781	-0.0831469612	0.0798434598164874	0.0081796011391616	6.690587479577523e-05	0.006374978075467	0.1585076437917507	0.2229497109025259	0.0497065735915198	0.0251246731404125	0.4882400218991733	0.059030621081213	0.0034846142252337	0.2383783189841052	-0.0004700579391724	0.0008519660585827	7.258461649771108e-07	2.209544661790037e-07	8.51833067516683e-05	5.7649622118516326e-05	7.256195749148818e-09	3.323478930407727e-09	0.00134701930716	-0.0001150003045044	1.8144610138618063e-06	1.322507003610474e-08	0.0	0.0	0.0	0.0
271.9981017658858	-0.2091619357826744	0.0437487153803556	73982.96736424517	440.9427472933917	-0.0556710793938464	0.0030992690808759	194430.50639064383	252.0077554180636	-0.2124382708103098	0.0451300189048745	63507.90879085056	280.5376790537417	306.0618100320378	1.246915	32.05719	0.1706579548887546	0.1144775048554069	-0.0304108172	0.1128232739	-0.098049346	-0.1022284723	0.0952989453	0.020669697	0.1128024992	0.0909282036	-0.0531376716	0.0520373545	-0.0851641722	-0.041282458	0.0893528427	0.107289303	0.0435289729	0.0295725404	-0.1490327165	-0.0297044157	-0.1336950026	0.0050560127	0.009055863	-0.1287643976	0.0719843065	0.0313064647	-0.0963687827	-0.0455859627	-0.051027603	0.0079008867	-0.0587093531	0.0226067103	0.0325256946	-0.1051950028	-0.10213008	0.0146230507	-0.0522803214	0.0192995088	0.0283116712	-0.0798668453	-0.0056970931	0.094395534	0.0781897707	0.0512829234	-0.0372624306	0.0142337461	-0.0770393476	0.0603485789	0.0884191429	-0.0880841244	0.1139039717	-0.0022272175	0.0533942157	-0.0836964647	0.022977101	-0.0261516977	0.0704308045	0.1318972338	-0.0363380575	-0.025264997	-0.0367343798	0.0544239145	0.0529583309	-0.1062982995	-0.1131874929	-0.0624151045	-0.0023963063	-0.0467325282	0.0523787962	-0.0822301142	-0.1289653846	-0.0227825977	0.0212457278	-0.016790289	-0.156590272	0.0317889565	-0.024597195	-0.1139496695	0.0869771157	0.0486653836	-0.0585702628	0.0280328847	0.028205655	0.0515544639	-0.0833551797	0.0411262844	0.0903022277	0.0182660506	-0.0811010742	-0.0809051715	0.0167748877	-0.0564263708	0.0528893692	0.0511141742	-0.0319830438	0.1142546703	-0.12722102	-0.0157072351	-0.0502601143	0.0446727392	0.0975832592	-0.0076283029	-0.0044213122	0.0116827061	-0.0054441974	-0.0349304541	-0.0214602453	0.0620461242	-0.1987376249	0.0232652959	0.0047122532	-0.0726446485	-0.0352496531	-0.0200285716	0.0123563986	-0.006964263	-0.1379657584	0.1185393553	-0.0495474723	-0.0722066578	-0.0986490082	-0.1212869012	0.030561128	-0.0273943893	0.0667952368	-0.1013708424	-0.0576387285	0.0724256836	-0.0813379619	-0.0161010733	0.1056342161	-0.0863136389	0.0065874843	-0.0471058011	0.0047272391	-0.0153137096	0.0686343802	-0.0182890419	0.0710880072	-0.0563379221	-0.021047176	-0.0911403277	0.0594121063	0.0661311865	-0.0872496007	0.0898581908799798	0.0100147310634924	0.000100294838274	0.0080744944682228	0.2646747480344942	0.1061671042427435	0.0112714540232895	0.0700527222471229	0.5032773107005397	0.0150372888013664	0.0002261200544956	0.2532880514659676	-1.3072064383603198e-05	0.0004569858747887	2.088360897564819e-07	1.7087886724906727e-10	8.5989239151818e-05	8.059324001497004e-07	7.394149249908549e-09	6.495270336110569e-13	0.0016780041155941	0.000330984808434	2.815697811950737e-06	1.0955094341415782e-07	0.0	0.0	0.0	0.0
272.6454411280755	0.6473393621897117	0.4190482498401827	74335.53656792289	442.8372233323648	1.894476038973096	3.589039462243192	196104.8063687187	253.2683823264067	1.260626908343113	1.5891802020387154	64144.87348623492	281.766909601156	306.06669324658884	1.257805	32.337162	0.5339971375420578	0.4032789286885954	0.0468800863	-0.063329373	0.121573931	-0.0997389131	-0.0023420922	0.0711587661	-0.0561167079	-0.0864374062	0.0780643598	-0.0798390543	-0.0200505377	-0.1229145268	0.0427281303	0.1537494771	-0.1214151747	-0.0010321536	-0.0927739107	0.0360169376	0.1116222325	-0.0365151915	-0.0268289536	-0.0297492305	0.0847791415	0.0295745785	0.0440818308	-0.0539103525	-0.0310866565	-0.0974125168	-0.0043430362	0.0925478873	0.0029182403	-0.0123877723	0.0279113894	0.0314946263	0.120565936	-0.0129993038	-0.0119230675	-0.1440295858	-0.0799698402	-0.0451788745	0.0046745075	0.0670408204	0.0799035211	-0.0604526482	0.0633982177	-0.1455050888	0.0311589935	-0.1049769256	-0.0685875295	-0.0039514024	0.0395852617	0.1024701569	0.0445199999	-0.0935841566	0.073324001	-0.0317099362	-0.0006143114	0.0669390351	-0.0631514759	-0.0383243928	0.055011431	0.139968854	-0.152359066	0.0644041961	0.0150964536	-0.0403762089	0.0683479135	0.1202604124	0.1060194059	0.0272747138	0.0661248175	-0.0869943385	-0.0199392863	-0.051425345	-0.0612117042	0.0310510976	-0.0180061203	0.0316808154	-0.1224949114	0.0584678362	0.0169611787	0.1282648841	0.0614682421	0.0102692747	-0.0996998892	-0.1082227131	2.364e-05	0.0619673758	-0.0250181426	0.0664175076	-0.0620267592	0.0154412983	0.1128162572	0.0034362971	0.0728159516	-0.1149404043	-0.0680951916	0.0346168717	-0.192169778	-0.1149682515	-0.1012068705	-0.0195347652	-0.1055859015	0.0189897295	0.0007811581	0.0443294812	-0.032150997	0.0911355611	0.0236001971	-0.0296511808	-0.038614276	-0.0525383708	0.0836814977	0.0221531341	0.0984836784	0.0053592667	-0.1082485835	-0.1121857056	0.0180991662	-0.0013789822	-0.0965667895	0.0848990015	-0.0566477154	0.0135492896	-0.0544935783	-0.0432384673	0.0087181045	0.0194470329	-0.0086630913	0.0517343979	-0.0231049393	-0.0491670656	-0.035113971	-0.0082410815	0.0246813185	0.0230113414	-0.0298624381	0.129819034	-0.0225801267	-0.0898027576	0.0631352795	0.0612907054	-0.0908143174	0.082869933040655	-0.0069882578393248	4.883574762888455e-05	0.0068674258021626	-0.122617782641015	-0.3872925306755092	0.1499955043170402	0.0150351206197991	0.4188023802043048	-0.0844749304962348	0.0071360138823437	0.1753954336647911	-0.0008786959439993	-0.0008656238796156	7.493047009609304e-07	7.721065620008211e-07	0.0002442987739059	0.000158309534754	5.968189093192603e-08	2.5061908794053892e-08	0.0015971091593441	-8.089495624999995e-05	2.5507576668608177e-06	6.543993946689406e-09	0.0	0.0	1.0	0.0
272.41610932819407	-0.2293317998814359	0.0525930744368589	74210.53662151059	442.8774805848028	0.0402572524380389	0.0016206463738599	196140.4628091424	253.11487329294783	-0.1535090334588744	0.0235650233534778	64067.13908210504	281.5750307694222	301.70088804723446	1.163486	29.9123	0.3223285262282286	0.215957803592704	-0.086818091	-0.0650386427	-0.0692935473	0.050620452	-0.0690386107	-0.0670291544	0.0005885226	0.0523379505	0.0334783916	0.083948754	0.0277872709	-0.0830331104	0.0676388936	-0.100354054	-0.0991182569	0.117299645	0.1169448749	0.0302432912	-0.0200756454	-0.0996167921	-0.0050045683	0.0215533674	0.0548800526	-0.1511457349	-0.0797595965	0.0600556263	0.0271781221	-0.1365582891	-0.0181463139	0.0020893698	-0.0239152764	0.1390259849	0.1097972311	0.0814383623	0.011650837	0.1304838329	0.0936359579	0.0690114884	0.0246264333	-0.0880585852	-0.0471459175	-0.1006537644	0.0585310681	0.0672175539	-0.0767421388	0.0011334299	0.0570327126	-0.0374083028	-0.0252704604	0.0209517545	0.1555336873	-0.0479766386	0.0082638871	0.0189652049	-0.0219467429	-0.0698191203	0.0099753059	0.1130416138	0.0021280757	0.00467648	-0.020662609	0.1075810788	0.0789824457	0.0127436749	0.1103939371	-0.0907356967	-0.0422891056	-0.0266078827	-0.0186266924	0.079393877	0.0087500296	0.0573309091	0.0798596389	0.1246664957	-0.0910608292	-0.049448393	-0.0991240185	0.0461055053	0.0505698195	0.1548604885	0.0214211474	0.018140651	0.0336384261	-0.1413381061	-0.0156871467	-0.0411264499	-0.0144237433	-0.0686247181	-0.0279450479	0.1082741778	-0.1352812497	-0.045143459	-0.0271356412	-0.0299991009	0.0193204647	0.0612947691	-0.0058017514	-0.0738082114	0.0172194982	0.0162063652	0.0659235042	-0.0913154079	-0.0441316078	0.1362776984	-0.0071005412	-0.027316068	0.0852372359	0.0090631632	-0.0021758991	0.1154702556	0.0876863755	0.0838195781	-0.0069832355	-0.0796737753	-0.0091489128	-0.0274563542	0.0897969158	0.0926972838	-0.0388942666	0.0757778714	0.0497348806	0.0775440853	-0.1111914394	-0.1322320434	-0.0601712893	0.0257854607	-0.0414681497	0.0568140501	-0.0938149914	-0.0465641419	-0.0301831742	0.0138547284	0.0354613044	-0.0244040159	-0.0303757	0.0611991515	-0.0891141119	0.0267398637	-0.0241075061	-0.088376563	0.0667182767	0.0562083378	-0.0938191336	0.0872338275173945	0.0043638944767395	1.904357500411753e-05	0.0076097406633345	0.0675934682216308	0.1902112508626458	0.0361803199547323	0.0045688769462286	0.4705628250686331	0.0517604448643282	0.0026791436525531	0.221429372336573	0.0005287294337804	0.0014074253777797	1.9808461940183317e-06	2.795548141457424e-07	0.0003339278393175	8.962906541160005e-05	1.1150780187125413e-07	8.033369366556881e-09	0.0016199134366431	2.280427729900013e-05	2.624119542216859e-06	5.200350631296929e-10	0.0	0.0	0.0	0.0
271.3208625208173	-1.0952468073767818	1.1995655690690334	73615.01043904024	440.8447172997703	-2.0327632850325017	4.132126572976127	194344.0647711144	252.1777952041484	-0.9370780887994384	0.8781153445080084	63593.64039402541	280.9114395598378	306.9267161567019	1.249482	32.123169	0.0596579097250453	0.0434806130577987	0.058064443	0.0963998444	-0.0146225062	-0.0686144353	0.0887920445	0.0994957815	0.0422453831	0.0735213182	-0.0834857547	-0.0049920461	0.0264038668	-0.0055364511	0.1117524901	-0.0935061501	-0.0889177969	-0.0211715448	-0.1155081164	-0.0487755452	-0.0465527749	-0.0174215378	-0.1014072733	-0.0701873159	0.0734102751	0.097129334	0.0603731389	-0.0251379493	-0.183128729	-0.0985730957	0.0059312191	-0.1076290663	0.0074489843	-0.0236358681	-0.0640687323	-0.066032504	-0.0159802716	0.1123098879	-0.0006730931	0.0516456391	-0.0961034544	0.0414678123	0.0286583648	-0.0213995365	-0.0201532432	-0.0615107922	-0.0026789943	-0.1168542092	0.0500571205	-0.0358892583	-0.1343122461	-0.0119644547	-0.0838548264	-0.027078065	-0.0293502317	0.0309876538	-0.0601556435	-0.022198784	-0.0104008998	-0.0674729533	0.1074068446	-0.0203583292	0.0219751133	0.0746954223	-0.0557647133	-0.0321379406	0.0113486	-0.0552006655	-0.05436713	0.1027988499	-0.0431816246	-0.0087319946	0.1189721055	0.0429595689	-0.1470422643	-0.0383978935	-0.0515887842	-0.0557108228	0.0373600292	-0.0593464311	-0.0851378178	0.0001120082	-0.0867379505	-0.0183356499	-0.092017166	-0.0849889211	0.0186609242	-0.0989490159	-0.0406805399	-0.0736299495	-0.0340331145	0.0081677957	0.0547301387	-0.0214506617	-0.0419084197	-0.0467598901	-0.0143614231	0.0043894678	-0.0049536586	-0.0133856401	-0.1147377512	-0.000253806	-0.0689736166	-0.0940831439	-0.0251308123	0.1363318394	-0.0658932734	0.0308502461	0.0840531948	-0.0362730262	-0.0360699543	-0.0131925038	0.053977401	-0.1722797098	-0.0395318503	0.014754778	-0.0401910663	-0.0066822922	-0.0957715289	-0.0432230083	0.0360282588	-0.1121874603	0.0332461104	0.0021140661	0.0479601128	-0.1659732501	-0.0651937533	0.0051316156	-0.0074897062	0.0378193682	0.0645394371	0.0726276038	0.0354018943	-0.007433973	0.0433317879	-0.0525396677	0.0119158773	-0.0093222355	-0.0474678029	-0.0161337585	-0.0256289373	-0.0868631514	0.0701531426	0.0509041416	-0.0962455236	0.0857484588601806	-0.0014853686572138	2.20632004783341e-06	0.007352798196896	0.0722630686749141	0.0046696004532832	2.180516839330356e-05	0.0052219510943153	0.463325148045385	-0.0072376770232481	5.238396869285382e-05	0.2146701928112779	-0.0003212463745969	-0.0008499758083773	7.224588748266446e-07	1.0319923319165181e-07	0.0002967333293868	-3.719450993070004e-05	8.805066876897514e-08	1.3834315689849435e-09	0.0016580483901611	3.81349535179998e-05	2.749124464115815e-06	1.454274679820005e-09	0.0	0.0	0.0	0.0
271.8160355140644	0.495172993247138	0.2451962932413302	73883.95716258313	440.33602794593486	-0.5086893538354502	0.2587648587055279	193895.81750720312	253.15729508852823	0.979499884379834	0.959420023500108	64088.61605654016	281.7593996461541	303.8175776899982	1.143731	29.404415	0.327177636266602	0.2471458843360138	0.0469808	-0.1157396956	0.0052008555	-0.0220978022	0.0246013862	0.1605694538	-0.0562052658	-0.1419877109	0.0475205552	-0.0610961229	0.1150569884	0.0192046453	0.0813985626	0.0456712037	-0.0926643298	-0.0096244966	-0.0758755014	0.0295305074	0.1313618368	-0.0589142978	-0.0339757366	-0.1104784106	0.0164907393	0.0366539461	-0.1362043123	-0.0414870041	0.0171290099	-0.0740539687	0.0139277726	0.0384806311	-0.0856114546	0.1133921102	0.0191624652	-0.0023711341	0.0044840226	-0.1169921712	-0.0221987513	0.0320292842	-0.0602091368	0.0604999582	0.0089862331	-0.0502270337	0.0522835522	-0.076792674	-0.0066718515	-0.0406124333	-0.0981567931	0.0081355247	0.0914355297	0.1352077725	0.008676995	-0.1184588647	-0.0622641156	0.0084911952	0.0201576708	-0.123135695	-0.0962610145	0.0365560308	-0.0337606481	0.0487927653	-0.1134111419	0.0332470666	0.0157683967	-0.1261320104	-0.0853980905	-0.0227951237	0.0707963932	-0.0561726764	0.128308259	0.0442535314	0.0802389034	-0.0968200663	0.0131955694	0.0516240817	-0.0426513095	-0.0356382113	0.128854345	0.0292508189	-0.0077017019	0.1239181618	-0.09626571	0.0241692271	0.0494507624	0.0181465254	-0.0459176351	-0.0783172983	-0.0416017726	0.1407535361	-0.0089781173	0.0543777383	0.1500574552	0.0062459185	0.0077866199	-0.012944871	-0.0401449305	0.0119857377	-0.02448789	-0.0515704462	-0.0755528283	0.0602486189	0.0704537609	0.0033368895	-0.0449169285	-0.0781702713	0.2085468544	0.0126244248	0.0064733985	-0.0115174042	-0.0891818494	0.13508561	-0.091476967	-0.0009039634	0.0070318271	-0.0469263955	0.135307871	0.0077337173	-0.0539626185	-0.0679619694	-0.0212295652	0.0206988417	-0.0882329109	0.2027718452	-0.0124697593	0.0231119724	-0.1281515384	-0.1073637058	-0.0221747249	-0.0066557091	0.0592737942	-0.0063893159	-0.0264097328	0.0110197877	0.0480261753	-0.033532183	-0.0608231258	-0.1188204555	0.0758579093	0.0879870962	-0.027144045	-0.0852640164	0.0734322509	0.04539905	-0.098078528	0.0713354630564282	-0.0144129958037524	0.0002077344480389	0.005088748289475	-0.1696975371252307	-0.2419606058001447	0.058544934759173	0.028797254106369	0.4420460053346602	-0.0212791427107247	0.0004528019145033	0.1954046708323304	-0.0005830909502059	-0.000261844575609	6.856258177585733e-08	3.399950562120195e-07	0.0008150788257632	0.0005183454963764	6.643534922075169e-07	2.686820536136965e-07	0.0014477406231069	-0.0002103077670541	2.0959529117939548e-06	4.422935688332364e-08	0.0	0.0	0.0	0.0
272.7584787723418	0.9424432582773647	0.8881992950724557	74397.18774220203	443.75223755097727	3.416209605042411	11.670488065584026	196916.04833149893	253.19459490713905	0.0372998186108191	0.0013912764684	64107.50289019024	281.82801908844885	301.8317944440203	1.103738	28.376205	0.3190162849669527	0.1950743358676132	-0.0457693594	-0.0348366651	-0.0837287293	0.1067441273	-0.109601142	0.0036490966	0.0280271717	0.0837610222	0.1157046068	0.0154707162	0.0720461465	0.0035978815	0.0240968398	-0.0475357845	0.0318974289	0.055077011	0.0268755532	-0.0119640615	0.0294621644	-0.1324933277	0.0328872211	0.0254244536	-0.0132279005	-0.1209878135	-0.045455506	0.0883497355	-0.1334202379	-0.0477194991	0.0282289292	-0.0128700402	-0.0076999371	0.0455595134	-0.0460540898	0.0306033074	-0.0302326156	0.0487591819	-0.0380743612	-0.0597410854	-0.1461996262	0.0450273254	-0.0142989132	0.0583551754	0.0251000125	0.1311216253	-0.0092048126	0.0020131669	-0.0106449124	-0.1204359261	-0.0624476424	0.0925535499	-0.0401282055	-0.0182415903	0.0653731718	0.0818429616	0.0340164456	-0.0704548502	-0.0260575334	0.0130873502	0.0708316517	0.0011644519	-0.0621383926	-0.0537470461	-0.0768867662	0.0754961882	0.0533944625	-0.0507916633	-0.001349773	0.1399842832	0.0154909625	0.1536872875	-0.0235042497	0.0618758291	0.0360267233	0.0768879321	0.0081715821	-0.070946562	-0.0273032248	0.0057560052	0.0018678448	0.0469413888	-0.056570355	-0.0059802591	-0.0331329905	-0.123516302	-0.0315068514	-0.0406722908	-0.0269355805	-0.1354483263	0.007488786	-0.068415483	0.0190398489	0.0475054791	0.0870413119	0.075890065	0.0795102749	-0.056404541	-0.083440249	0.099940217	0.044888799	-0.1150716601	0.0219196658	-0.0542618462	0.0071082782	-0.012426134	-0.0915587924	0.0351609284	0.0800098907	-0.0187979451	-0.018858538	0.1097934302	-0.0727660423	-0.079397193	0.0526764791	0.0420678941	0.0385981591	-0.0298145042	0.0568050546	0.1649592495	-0.0532813278	0.014613302	0.0889201323	0.1390895441	-0.0169362888	-0.0419805538	-0.0698097403	0.0229681498	-0.0313977617	0.0282847319	-0.0609729924	0.0191133858	-0.0171760391	0.0413173632	0.0568673949	-0.0222388066	-0.0859885174	0.0762576535	0.0620028599	-0.0340484459	-0.0286524553	-0.0835807361	0.0765483213	0.0397147891	-0.0993068457	0.0779184010214635	0.0065829379650352	4.333507225150308e-05	0.0060712772177416	-0.0048661948653432	0.1648313422598875	0.0271693713911961	2.367985246749252e-05	0.5123731660480502	0.0703271607133899	0.0049459095340069	0.2625262612861028	0.0007679405951572	0.0013510315453631	1.8252862365662063e-06	5.897327576903946e-07	0.0007225950272586	-9.248379850459998e-05	5.221435734188569e-07	8.55325298583945e-09	0.001549722159812	0.000101981536705	2.4016387726123697e-06	1.0400233828733653e-08	0.0	0.0	0.0	0.0
271.8011856424094	-0.9572931299323956	0.9164101366157622	73875.8845166195	441.7875814088633	-1.964656142113995	3.859873756746246	195176.267087093	252.2108999746028	-0.9836949325362524	0.9676557202975024	63610.33806599909	280.9224232831048	307.9703571026692	1.124501	28.910015	0.2399646033796908	0.1236771242587318	0.0783216919	0.0738999023	0.0193741182	-0.0484300268	0.0613628832	0.0415699915	-0.0006943826	0.0445610306	-0.1019028762	-0.0368024241	-0.0404623935	-0.0087381267	0.0377865427	-0.0619993285	-0.0625483408	-0.0269736925	0.0658690048	-0.0404553085	-0.0316052615	0.0126600711	-0.0471644715	0.0259407807	0.1304104896	0.0527886264	0.0090220553	0.0332702951	-0.1225856056	-0.0458482512	-0.0758087483	-0.0747133427	-0.0233041025	-0.08619971	-0.0125800758	-0.0933637503	-0.1039593416	-0.071183165	-0.0251159993	-0.1297572873	-0.0523002822	-0.0531228821	-0.0012535226	0.0048418262	0.0295996924	0.1148783195	-0.1313415277	-0.0321800519	-0.0406634696	0.0983382533	0.1095181046	-0.061828531	0.0728887981	0.0524272745	-0.0584173897	0.0147371194	-0.0485776384	0.0150288988	-0.0195517559	-0.0031218986	-0.1143591683	-0.0094714396	-0.0355889931	-0.0096699327	0.0777298069	0.0369167738	0.0732389308	-0.0324139264	0.033669016	0.0879321349	-0.025393384	-0.0316236152	0.0405776347	0.0926775694	-0.0684506103	-0.0424327443	-0.1012432519	0.007065374	0.0048896693	-0.0646200353	-0.0816625455	0.092824785	-0.0354856496	0.054247599	-0.0956064038	0.0237062935	-0.0179219801	0.0491798849	-0.0616657384	0.055495641	-0.0085885494	-0.0897263228	-0.0135659396	0.0890348691	0.0637650403	0.0335508448	0.0876886782	-0.0988649386	0.0408605434	-0.1051614728	0.0555930445	0.0143857484	0.0354208259	-0.0181289425	-0.007725846	-0.0449769076	0.0063182101	-0.1447870844	-0.0063455712	0.1116231272	-0.0519558446	0.0001761693	0.0256422366	0.02200781	-0.0034489697	-0.085362935	-0.0334402455	-0.0267007828	0.0184718483	-0.0782736328	0.0369487429	-0.0974246589	-0.0302958219	0.0226992374	-0.0171918834	-0.1571017533	-0.0073152084	-0.0242184951	-0.0017992004	-0.0525150474	-0.039177691	0.1177363435	0.0224677438	0.0797480123	0.0418433067	-0.009516297	-0.0555345604	-0.0245021983	-0.0327050812	0.036483357	-0.030153796	-0.0818149717	0.0794944353	0.033873792	-0.0999229036	0.0716281586494034	-0.00629024237206	3.9567149099260176e-05	0.0051305931115041	0.1007489262821366	0.1056151211474798	0.0111545538149968	0.0101503461470033	0.4695332708125193	-0.0428398952355308	0.0018352566237912	0.2204614923999025	-0.0007781291376389	-0.0015460697327961	2.3903316186682043e-06	6.054849548426581e-07	0.0007448449124272	2.2249885168599995e-05	5.547939435686833e-07	4.95057390015886e-10	0.0016857894343397	0.0001360672745277	2.841886016931366e-06	1.8514303197396532e-08	0.0	0.0	0.0	0.0
271.4563221805825	-0.3448634618268897	0.1189308073032266	73688.5348518082	438.39600587226977	-3.391575536593507	11.502784620419536	192191.0579647592	252.65166760023743	0.4407676256346349	0.1942760998075936	63832.86514118087	280.9723569011997	300.76119517598323	0.982209	25.251793	0.1579661323503544	0.125955348498828	0.0003868132	-0.0527204289	0.0195129777	0.0690303192	0.1789309856	0.0438447852	-0.0410784866	-0.111392592	0.0033784386	0.1150556021	0.0047131222	0.0767366298	0.0440535926	-0.070096246	-0.0889312869	-0.0990556781	-0.0242163097	-0.0050411636	0.0398143043	-0.0012913393	0.0329187752	0.0654289519	0.1584183576	0.0434207983	0.0060633143	0.10709185	-0.0736720003	-0.0311436575	0.0665653382	0.0297437545	-0.078476401	0.0838799908	-0.0267764761	0.008279254	0.0559677418	0.0365657217	-0.0349280534	0.0235250196	0.0389380045	-0.069406635	0.1114425707	-0.0430979729	0.0404423794	0.0678484174	0.0813988458	0.0009638677	-0.0515489809	-0.0126991353	-0.0540955341	0.0347507851	-0.0014557966	0.1083367071	0.1260458525	-0.0418599801	-0.0578591902	-0.0045491061	0.0781488128	0.0867382919	-0.1324830744	-0.0574385872	-0.0571476475	0.0292384201	0.0446894894	-0.0250057483	0.064509249	-0.0047014303	0.1382521965	-0.0608853336	0.0374465223	-0.0158069701	0.0072905714	-0.0294072345	0.0918798374	-0.070573322	-0.1383620445	-0.1038068169	-0.0190126138	-0.0303984482	-0.1042555825	0.0210172581	-0.0966376082	-0.0918197411	-0.0038997098	-0.0129605701	0.0260431588	-0.0474444388	-0.0686763147	0.0384905967	-0.0384269043	-0.0041389043	-0.0543212987	-0.0233644101	0.0541898174	0.0105858336	0.0866313414	0.019741658	0.0354303377	0.0461764032	-0.0951604236	-0.0525344811	0.1078931597	0.0185919325	-0.1247240144	-0.0615023122	0.0414432369	-0.0380173253	0.0768542255	0.0655542205	-0.0384808987	-0.0375486633	0.1071368329	0.1066545424	0.0330943567	-0.0021801076	0.0283928309	-0.0552760851	-0.0185405947	-0.0837261819	-0.0193542835	0.096607314	-0.0007491589	0.0650564253	0.0101267218	-0.0986879404	-0.026500909	-0.0494829126	0.0728772953	0.0444730268	-0.1003619687	-0.00013042	0.0760169773	0.0856776991	0.0225031878	-0.0849678888	-0.107493559	-0.0296802996	-0.0320734799	-0.0373470429	-0.0316476967	-0.0799684658	0.0822640518	0.0278991106	-0.0999229036	0.0684941701335475	-0.0031339885158559	9.821884017516692e-06	0.0046914513422833	-0.0250309735533278	-0.1257798998354644	0.0158205832026194	0.0006265496370273	0.4728404001508934	0.0033071293383741	1.0937104460734886e-05	0.2235780440148569	-0.0005959031889995	0.0001822259486393	3.3206296357529234e-08	3.5510061065977385e-07	0.0010584932359991	0.0003136483235719	1.1204079306558465e-06	9.837527087946329e-08	0.0017048174553416	1.90280210018998e-05	2.906402556037408e-06	3.6206558324873984e-10	0.0	0.0	0.0	0.0
272.4060975045587	0.949775323976212	0.9020731660341182	74205.08195766315	441.605139138665	3.209133266395213	10.29853632148441	195015.09891367969	252.312038748402	-0.3396288518354424	0.1153477569990609	63661.364897375104	281.1146346613813	305.47025121792177	1.064799	27.375137	0.2624594615821997	0.1393326719434724	-0.0235092212	0.0779279187	-0.0975513167	0.0163458959	-0.0410891073	0.0717505696	0.0729308231	0.0811556943	0.0155794804	-0.0467467722	-0.026314232	-0.0255197024	0.083198703	-0.0305977742	-0.0655925377	-0.0389104624	-0.0597504075	-0.0262616683	-0.0480920774	-0.0795448591	0.0341168597	0.0172909202	0.0137314134	-0.0320522884	-0.0384277997	0.0758963286	-0.0810724584	-0.066503578	0.0072656931	0.0295924018	0.0522648408	-0.0143079418	-0.0517136843	-0.0113509242	0.0336633264	0.0535110141	-0.0405271191	-0.033260347	0.0029503411	-0.0002296349	0.0146206143	0.0430468177	-0.1632718102	0.0058170285	-0.0251001224	-0.0435053411	0.0238189377	0.097889652	-0.0413631953	0.0013339467	-0.0831648913	-0.0193517835	-0.0372878665	-0.0297466752	-0.0970034699	-0.0479349378	0.0541777609	0.030977328	-0.1300973471	-0.0301931373	0.08335521	0.0774591349	0.0896620958	0.0068197767	0.0580468349	0.1123476132	-0.1068264	-0.0674506729	-0.0519475301	0.0813851643	-0.0239249692	0.0630607853	-0.0260562838	0.0028789966	-0.0359555513	-0.0137663308	0.0004966228	-0.0303143193	-0.0489950608	0.0740989203	-0.077935554	0.000429415	-0.0664320113	-0.0731754697	0.0629878187	0.0796766768	0.0046637869	-0.0608661044	0.0303074235	-0.1206274532	-0.0305290614	0.045152439	0.0735084849	-0.0023618415	0.0434290863	0.0789668439	-0.0127365495	-0.1004829813	-0.016711532	0.0435279539	-0.0788858319	-0.0208008017	0.0148714801	-0.1616569135	-0.009943175	0.0392536466	0.0537075088	-0.0484732194	0.0099921505	-0.1102836049	0.1186587006	-0.0070804285	0.0499077753	-0.0139710298	-0.0351564129	-0.0107282333	0.028865763	0.0953176754	0.0170783271	-0.1143741553	0.0518238962	0.0436940429	0.1125721991	-0.1013311596	-0.030119613	-0.0087570421	0.054458278	0.0460589312	0.0034019273	0.0315116855	0.0020338787	-0.0704579037	0.0594910383	0.0195108801	-0.0886578591	0.0369295224	-0.0171414725	0.0195701175	-0.0331337888	-0.0780430407	0.0848510215	0.0218143241	-0.0993068457	0.0721516974782616	0.003657527344714	1.3377506277331362e-05	0.0052058674489945	0.0816550215697446	0.1066859951230724	0.0113819015554002	0.0066675425475554	0.5447021539001966	0.0718617537493032	0.0051641116519254	0.2967004364635134	0.0003729746578278	0.0009688778468273	9.387242820727052e-07	1.3911009538176448e-07	0.0007802510829006	-0.0002782421530984	6.087917523675591e-07	7.741869576088909e-08	0.0013468537479652	-0.0003579637073763	1.814015018407907e-06	1.281380157986568e-07	0.0	0.0	0.0	0.0
271.9804451614986	-0.4256523430601078	0.1811799171525597	73973.36255024695	441.8111325653506	0.2059934266856089	0.0424332918376793	195197.07685867776	252.46942494213027	0.1573861937282856	0.0247704139762774	63740.81053060995	281.0111046899098	305.0853024235877	0.9829230000000002	25.27017	0.141815343009631	0.1002207475108248	0.0130951332	0.0238158949	0.1701136182	-0.0362210518	-0.0345646293	0.0148019593	0.0179659703	-0.0497174205	0.0045637664	-0.0921740321	0.0279068854	-0.0637436932	0.0454962897	0.1111417338	-0.0691579289	0.0168058224	0.0053634459	-0.0164589146	0.0203890695	-0.074705279	-0.0471814908	-0.0307742432	0.0115828465	0.0931510709	0.0445247673	0.0445707268	-0.0065275747	-0.0980717754	0.0756163372	0.0133449531	-0.0881615881	-0.0174482946	0.0254532775	0.0453157612	-0.0680712984	0.0545319716	-0.0098670751	0.0258120079	-0.0217705462	0.1113843601	0.0201141067	0.0889467391	-0.0303018412	-0.1046248436	0.0796653671	0.0378031135	-0.1223182119	0.0012157869	0.1071652331	-0.0422824893	-0.0509604409	0.037224524	0.0064849	-0.1216727084	0.0712313052	-0.0487095556	-0.0776076438	0.0975048469	0.025000428	0.1077994325	0.012587577	-0.0057446633	0.026496933	-0.0120200572	-0.0085030237	-0.0203819917	-0.0011843224	-0.0781523536	0.0137466638	0.0553209611	0.0951960975	-0.0688238573	-0.0201574343	-0.0420199084	-0.045193256	0.0880687684	0.0070910672	-0.062190554	-0.0409937017	-0.0227458021	-0.0430081317	0.0351856755	0.0102288559	0.0688829851	0.0036461928	-0.1744042074	-0.0749329767	-0.0389162993	-0.0451203631	-0.0645314144	0.014145819	-0.0251436494	-0.0529658098	-0.0190960733	0.069603176	-0.0182313869	0.0231081259	-0.0496364161	0.0418438055	-0.0516480175	-0.0400802339	0.0481693712	0.0677482668	-0.1088927185	0.053365702	0.0951818317	-0.0249586408	0.0216843998	0.094334606	0.0528214034	0.0424401758	0.0659155373	-0.1351428518	-0.0134214385	0.0266118345	-0.0219996536	-0.1248992572	0.0209406291	0.0876759553	0.0104209795	-0.1237082024	0.0469925029	-0.0394358714	-0.0544366304	-0.0484481724	0.0341451993	0.0083266542	0.0564050158	0.0481253159	0.0755315279	0.1035159613	0.0071295068	0.0134224059	-0.0174252194	0.0157164934	0.1047639218	-0.0181100384	-0.0605581011	-0.0346117057	-0.0760405966	0.0872496007	0.0156434465	-0.098078528	0.0754483155977823	0.0032966181195207	1.0867691025952196e-05	0.0056924483265425	-0.0137706095699172	-0.0954256311396618	0.0091060510784027	0.000189629687927	0.5281973899555581	-0.0165047639446385	0.0002724072328682	0.2789924827558639	0.0002083486807331	-0.0001646259770946	2.710171233438468e-08	4.340917276322324e-08	0.0007661778996908	-1.407318320980006e-05	5.870285739746056e-07	1.980544856565983e-10	0.0016999211837769	0.0003530674358117	2.889732031053457e-06	1.246566142306489e-07	0.0	0.0	0.0	0.0
271.93424116731694	-0.0462039941816669	0.0021348090783395	73948.2315192445	442.9677567602883	1.156624194937706	1.3377795283152962	196220.43352924197	253.118657582743	0.6492326406127233	0.4215030216369695	64069.0548164899	281.83774713682897	302.67398987828204	1.105615	28.424471	0.2297311577324469	0.1553476167034567	0.0747105145	-0.1409117749	-0.0905025479	0.0435878616	0.0052164646	0.0333290743	-0.1222699478	0.0373518631	0.0442826755	0.0608380832	0.077672057	-0.022803776	0.0773224344	-0.0721828149	-0.1015905489	0.0780603364	-0.009754643	0.0011068732	0.1476481819	-0.0366774763	0.0140285052	-0.0565952959	0.0647883333	0.0160941588	-0.0231464362	-0.0606995743	-0.157313135	-0.0689917707	0.0064992438	-0.0816282881	-0.0203069122	0.0781108337	-0.0078900626	0.1334111646	-0.0144752217	-0.0702756957	0.0113003793	-0.1020355276	0.01683809	-0.1527012515	-0.0424491636	0.0313929765	-0.0112014424	0.1106407511	0.1685512028	0.0694936089	0.034322949	-0.0174390638	0.0262250645	-0.1129364873	-0.0520250499	-0.0434244239	0.0531338492	-0.0002452927	0.1808698742	0.0537088197	0.0588933344	0.0058529941	0.0671286473	-0.1412547158	-0.0115084685	-0.0196557181	-0.0981202119	0.0274076219	0.0263064039	0.021689018	-0.1475079233	-0.0854754561	0.1422732772	0.044983939	0.0073883398	0.02077413	-0.0599988187	0.0234211223	-0.0323662731	-0.1586686983	-0.0109362635	-0.0178641959	0.0549394652	0.0288640763	-0.0659547728	0.0080911655	0.1083598246	-0.0820452126	0.0379689442	-0.0876075292	0.0030093483	0.084079381	-0.0586500552	0.0448245021	-0.0957643023	-0.0079968511	0.1142269946	0.0083834897	0.0433927036	-0.125929124	0.1323285856	0.0907395872	0.0213289126	-0.0526300379	-0.1114945334	0.1025991826	0.054423065	-0.0222271937	0.0143399336	0.0427554217	-0.0078326947	-0.0427872272	0.0775013519	0.0723245492	-0.0679988748	-0.0329864971	-0.0479058226	0.1882638099	0.1472309417	-0.0214086951	0.0066962196	-0.023725904	-0.1022914502	-0.0194487437	0.0527949902	0.1753767759	-0.0648144262	0.0595270372	-0.0557458719	0.03909429	-0.0054491305	0.0408509063	-0.0351743208	0.0114309031	0.0112247852	-0.0605780975	-0.0160461385	-0.1172903089	-0.1022327961	-0.0328637054	-0.0564498651	0.020569695	-0.0360810826	-0.0739631095	0.089454464	0.0094108313	-0.0962455236	0.06780769272126	-0.0076406228765222	5.837911794123589e-05	0.0045978831921808	-0.1577808545868464	-0.1440102450169292	0.0207389506698359	0.0248947980741555	0.4931137930031326	-0.0350835969524254	0.0012308587751202	0.2431612128499363	-0.0004193396300869	-0.00062768831082	3.9399261554006493e-07	1.758457253614181e-07	0.0009711388127291	0.0002049609130383	9.43110593588886e-07	4.200897587349359e-08	0.00172720581765	2.7284633873099874e-05	2.9832399365240048e-06	7.44451245589109e-10	0.0	0.0	0.0	0.0
272.22218282263464	0.2879416553176952	0.0829103968670944	74104.91682071991	442.7000268748109	-0.2677298854774221	0.0716792915777535	195983.31379495823	252.7097788052408	-0.4088787775021956	0.1671818546916899	63862.23230379373	281.6467479532976	302.7608727755808	1.173833	30.178303	0.3003380135820281	0.1970569656166902	0.0412917694	0.0917583938	0.0980031096	0.1284469441	-0.0374986043	0.0329699229	0.0107172348	-0.0173270984	0.1031318569	-0.1149993698	-0.0458487789	0.0394267378	0.0392303552	-0.1276133664	-0.048964218	0.0852828119	-0.0928974926	0.0268550604	0.0076983172	-0.0622331515	0.0285345787	0.0568210598	0.0188393666	-0.0325163085	0.0025322169	0.0598375496	0.027369906	-0.1018462846	0.0475826173	-0.1706160319	-0.1225901337	-0.0336072698	0.032687982	-0.04384085	0.0450570123	0.0453212953	0.0074475073	0.0516796461	0.0302895983	-0.1085891476	-0.0262727174	0.0355998059	-0.0111552135	-0.0044310288	0.0199275155	0.0346206402	0.008303814	-0.0379584264	0.0229479543	-0.0360153584	-0.0890943192	-0.0713049123	0.0374039808	-0.010378801	-0.0352922569	0.087822133	-0.0028063511	-0.075328971	-0.1204444352	0.1233991502	0.0751078338	-0.1125109177	0.0050199878	0.1004828414	-0.0026011022	0.0815996507	-0.0955135167	-0.0735291533	0.0064897483	0.0696204097	-0.0278641683	0.0469594646	0.030742175	-0.0021033956	-0.0916224532	0.1472228809	0.0188880325	-0.0269058971	0.0620259375	-0.0173348904	-0.1235701151	-0.0935127547	-0.0101036433	-0.0415670443	0.1196551722	-0.0430168497	0.0117510961	-0.0903905083	0.0804672134	0.0494590785	0.037831915	0.006872807	0.0399670602	-0.1185180532	0.0176254557	0.062784638	0.0577676489	0.1091953376	0.0182560194	0.0023823077	-0.0109963265	0.0558127593	0.0257373026	-0.0001807103	0.0574766048	0.0362164158	-0.0732622576	0.0390517971	0.0731497045	-0.0598359667	0.0504694562	0.0777071494	0.0555021822	-0.0789859739	0.0130998898	-0.0223701286	0.0375482164	0.1011688132	0.0550663805	-0.0279900692	-0.1266109279	0.0348869698	0.0442740521	0.0392436293	-0.0803889143	0.0273899152	0.0615591266	0.0158632461	-0.0678273	-0.0720845771	0.1224168332	0.1202041946	-0.0197163687	-0.0376848213	-0.1145194463	0.0605070218	0.0246517769	-0.0682045731	-0.0375415571	-0.0718126298	0.091460716	0.0031410759	-0.0938191336	0.0727658544461036	0.0049581617248436	2.4583367689704108e-05	0.0052948695732715	0.0222270132527739	0.1800078678396203	0.0324028324841662	0.0004940401181389	0.5591620021966719	0.0660482091935392	0.0043623659376735	0.3126621447005909	0.0002268740052384	0.0006462136353253	4.175920624803399e-07	5.1471814252913556e-08	0.0008071757117484	-0.0001639631009807	6.515326296365361e-07	2.688389848320725e-08	0.0015509070574755	-0.0001762987601744	2.4053127009273143e-06	3.10812528390658e-08	0.0	0.0	0.0	0.0
271.4868379811602	-0.7353448414744435	0.5407320358830744	73705.10319700872	440.2813548773107	-2.418671997500155	5.849974231491391	193847.6714526004	252.41148340235875	-0.2982954028820472	0.0889801473805628	63711.55695337923	280.81346748129835	299.5982605770533	0.984419	25.308615	0.1108428474904094	0.0726175118311423	-0.1110624332	-0.0263116924	0.003541518	0.0549022328	0.0795520756	-0.0114261104	0.0621963242	-0.0452434435	-0.003653654	0.0997866098	0.0441360117	-0.0384195107	0.0378010076	0.0124718328	-0.0693293277	0.0363009974	0.047953807	0.0198634478	-0.0432430386	-0.0931442989	0.0006821534	-0.0332519935	0.0148350274	0.001428877	0.0260694096	0.0749571313	0.0654793255	-0.1161605543	0.1115835219	-0.0540260842	0.0060551948	0.0403978345	-0.0178791275	0.0864566588	-0.0594822325	-0.0134419126	-0.0376556887	0.0998180167	0.0181598624	-0.0163559654	0.0706361087	0.1056727658	0.1173850284	0.0349137697	-0.023110589	-0.0050121686	-0.0631267042	0.0673403138	0.0831979359	-0.0844738431	-0.0506092792	-0.0068620678	0.0947057903	-0.0088395947	-0.0708183822	0.1137630644	0.0679607354	-0.0036923892	0.0363257853	-0.0544926419	-0.0307890532	0.0016683952	0.0043865466	-0.0385166704	-0.0198961603	-0.0909971577	0.0280702938	-0.0724862153	-0.0529696228	0.0609313797	0.0481449081	-0.0702296785	0.039516116	0.0218301079	-0.0538443949	-0.0628145705	-0.0611991912	-0.0278398216	0.0491129697	0.0300527799	-0.0038492341	-0.04710689	-0.0197416529	-0.0508847859	0.1458510763	-0.0307039597	-0.0173684773	-0.0025886037	-0.0102598743	-0.0732398376	0.0267000077	-0.0005980769	-0.0810973383	-0.0655573089	0.0498343715	0.0469274808	-0.035525585	0.0402897252	0.0798309351	0.025709544	0.0133305551	0.0909439441	0.0692006834	0.0887326896	-0.0376004404	-0.0699186816	-0.145378928	0.0772548406	0.0658595281	0.0154423458	0.064548948	0.0579129487	-0.1066952789	0.1139767775	-0.0390241662	-0.0038901271	-0.0451190777	0.0719341002	-0.0027374882	0.1187385922	0.0232521161	0.0162851341	-0.03718618	-0.1536575854	-0.0205411256	0.0841698733	-0.018348146	0.0608759318	0.0226487544	0.0123338786	0.1163746512	0.0624238439	0.0290914997	-0.0497225325	-0.0232195725	-0.0857928698	0.0034851496	-0.0656051649	-0.0389927688	-0.0695912797	0.0932639023	-0.0031410759	-0.0908143174	0.0760430399316476	0.0032771854855439	1.0739944706660236e-05	0.0057825439220461	0.0901026847072756	0.0678756714545017	0.0046071067753994	0.0081184937914587	0.5815738714193657	0.0224118692226937	0.0005022918820551	0.3382281679177089	0.0003680003137158	0.0001411263084773	1.991663494445825e-08	1.354242308949272e-07	0.0006767724557623	-0.000130403255986	4.580209568785344e-07	1.7005009171776302e-08	0.0014768741953856	-7.403286208990003e-05	2.1811573889958634e-06	5.480864669222158e-09	0.0	0.0	0.0	0.0
271.36855565786766	-0.1182823232925329	0.0139907080034792	73640.89299983722	442.0656118043712	1.784256927060483	3.1835727817633166	195422.005139973	252.5160504630602	0.1045670607014415	0.0109342701837389	63764.355741462765	281.2657498504737	300.6710376373532	1.061755	27.296864	0.2913682852949289	0.1551513648517515	0.1021914122	0.0038937325	0.0455334829	0.0904969808	0.1466388636	0.0450027443	-0.074860769	0.0090572073	-0.0983408577	-0.0928764114	-0.0182118577	0.0718487405	0.1036425539	-0.0333758218	-0.1145307279	-0.0875440381	0.0643532353	0.014093361	0.0339996433	0.0227325966	-0.0802263021	0.0247604123	0.0821242399	0.0579866894	-0.0905128315	-0.0290098319	-0.0172586852	-0.0596257153	-0.088982019	-0.0485059369	0.0402764568	-0.0399872669	-0.0406650591	-0.0018482753	0.0673104006	-0.0781253013	-0.1148276665	0.0058972952	0.0409982437	-0.0322400862	-0.1146048948	0.112319102	0.0483994852	0.0136929421	-0.0268507234	0.022665846	0.0534931097	0.1085186795	-0.0871850444	-0.0258195989	0.0048566862	-0.0237943321	-0.0011099687	-0.0414355312	-0.0878255435	-0.1153181808	-0.045639244	-0.0466919341	0.1062951614	0.160078029	0.0817160174	0.0051241018	-0.0147082156	0.0117037323	0.0371035374	0.024420766	-0.0549306865	-0.0714095968	0.0456723564	-0.0550577584	0.0661378037	0.0919278228	-0.0270201423	-0.0276828152	-0.0904031654	-0.0111338456	0.1031975177	-0.072625163	-0.0228129153	0.0957650533	-0.0016802465	0.0265589139	0.1228505858	0.0100992966	0.0493068173	0.0509503486	0.0588488633	0.0725442655	0.0787096762	-0.0693001	0.0594524596	-0.1614230235	-0.0210769365	-0.0398296712	0.0260873947	-0.0062248666	-0.0177871639	-0.0389738044	0.0196061939	-0.0448939998	-0.1053626922	0.0217707281	0.0565105752	0.0763735829	0.0241083336	-0.0832192485	0.1099953869	-0.0673345997	-0.0064738039	0.0241500599	-0.0370438541	0.0212164606	-0.0803800595	-0.0506094947	0.0352998301	-0.0676224725	0.0187489036	-0.1257906281	-0.0107015482	-0.0233656428	0.0074372336	0.0325139113	0.0999401128	-0.038472012	-0.0506545684	-0.0372298342	0.0801416276	-0.0202172218	0.0222629901	0.0473516312	0.1567444264	0.0307941478	0.0243364831	-0.0043494914	-0.041132337	0.0041770852	-0.0780502522	0.0922209101	-0.0404343596	-0.0673012514	0.0948600195	-0.0094108313	-0.0872496007	0.0686612479424439	-0.0073817919892037	5.4490852971871976e-05	0.0047143669690137	-0.0109289078609577	-0.1010315925682333	0.0102073826968734	0.0001194410270333	0.5006367611836637	-0.0809371102357019	0.0065508158133061	0.2506371666484687	-0.0013576457381685	-0.0017256460518843	2.977854296383872e-06	1.8432019503670917e-06	0.0007548385813025	7.806612554019999e-05	5.69781283822771e-07	6.0943199568582646e-09	0.0017135178279969	0.0002366436326112	2.936143346863213e-06	5.600020885547186e-08	0.0	0.0	0.0	0.0
272.5020573732349	1.133501715367231	1.2848261387404554	74257.3712726458	441.14353103637694	-0.9220807679942596	0.8502329427048835	194607.61497524288	253.05056543545567	0.5345149723954705	0.2857062557149306	64034.58866720383	281.51012523861	298.8754262955589	0.993206	25.534533	0.1289889677256182	0.0679128549917508	-0.0246284518	-0.0676091648	0.0221667921	0.1191951149	0.0567163313	-0.0601151811	-0.0165146974	-0.0401246088	0.0832255504	0.0797030378	-0.0086249337	0.0569797155	0.0343929751	0.0139355559	0.0092836981	0.0019048281	-0.0079934747	-0.0440942934	0.0459180979	-0.0130780704	-0.003585847	0.047908987	0.0001996578	0.0293756412	-0.0323016657	0.0360767332	0.0383540448	-0.0517834003	-0.050096639	0.0867749288	0.0301155251	0.0403075841	0.0298402283	-0.0132084761	0.0202182677	-0.1107622862	0.1176311921	0.0772401385	-0.0328975913	0.0432254015	-0.1110357473	0.0320734722	-0.1332394619	-0.0312900159	-0.0437194847	0.1648224704	0.1368523945	-0.0645127997	-0.1300177565	-0.0735663084	-0.0115007813	0.0182232518	-0.1229281691	-0.0705532593	0.0291633035	-0.0464228214	-0.0895595014	-0.0177335397	0.02886289	-0.052310798	0.0715895054	-0.09807508	0.0435598875	0.0566017985	-0.0556004857	0.0053792259	0.0005816691	-0.0751948095	0.0417412678	0.0071070341	0.0205581942	-0.0271372331	0.0695865591	-0.0369460544	0.0056661439	-0.0438078517	0.024547627	0.0084247366	-0.0806656577	0.0169744317	0.0177233925	-0.0615297344	0.0738420982	0.0555899885	0.0673432167	0.0352392625	0.0530807231	-0.124833986	-0.0752507884	0.0821249352	-0.0531360306	0.0973190344	0.0346268399	-0.0885590881	-0.1525051955	-0.0284194132	-0.003195417	-0.0576398243	0.2186274789	-0.0181452237	-0.1446872654	-0.0588072487	0.021713177	0.0155937073	-0.0395761915	0.0419035373	0.0330983985	-0.0494193604	-0.0489304587	0.0525323119	0.0023435494	-0.0320773801	-0.0307834769	-0.0184364552	0.0376448625	-0.0591807927	-0.0254771382	-0.0015037305	-0.039781486	0.1020925329	0.0776942433	0.0329316738	0.0569042789	0.0030823299	0.0208343897	0.0275292916	0.043604553	-0.0125914112	-0.0918419158	0.0111198694	0.0395977583	-0.0783957905	-0.076035132	-0.0114487998	-0.0193600337	0.0533219699	0.0292522491	-0.063978012	-0.0418659738	-0.0649448048	0.0962455236	-0.0156434465	-0.0831469612	0.0619041112055072	-0.0067571367369366	4.56588968816595e-05	0.0038321189841438	-0.011246827786266	-0.0003179199253082	1.0107307890803414e-07	0.0001264911352539	0.563524400248852	0.0628876390651882	0.0039548551471933	0.3175597496758283	-0.0005571434424012	0.0008005022957673	6.408039255287179e-07	3.1040881541065934e-07	0.0008810941120198	0.0001262555307173	7.763268342359599e-07	1.5940459036707086e-08	0.0014597502145178	-0.0002537676134791	2.1308706887847627e-06	6.43980016508779e-08	0.0	0.0	0.0	0.0
272.8320687808428	0.3300114076079126	0.1089075291513558	74437.33775523453	442.6940092597209	1.55047822334393	2.4039827210637497	195977.98583444583	252.87405550013708	-0.1765099353185917	0.0311557572661734	63945.287945086406	281.71167112801066	310.53327443745013	1.277509	32.843735	0.1602633180454448	0.0845546288977583	0.0431436089	0.1446061909	-0.0925024469	-0.0407277869	-0.0906205689	-0.0173327198	0.0856160742	0.1352145677	0.0416442562	-0.0281128421	0.0478320638	-0.028784395	-0.0530721586	-0.0708934501	-0.0372739109	-0.1052251446	-0.0021512009	-0.0844341801	-0.036027479	-0.1513406357	0.034190544	0.0038362461	-0.0243102567	-0.0778073475	0.0234014446	-0.0185946881	-0.0858124338	0.0396245685	-0.0920646699	-0.1557466675	0.0255725634	-0.0201822813	-0.0830182117	-0.0063422767	0.0434777024	-0.0544243069	0.0610723707	0.033034535	0.0330069584	-0.0487735447	0.0633610734	-0.0245132729	-0.0502108442	-0.0750479671	-0.095736818	0.1137324585	0.0136426973	-0.0809803735	0.0550980225	-0.0284126277	0.0031279772	-0.0119304819	-0.0177218378	0.0226204729	0.0331720514	0.0964514788	0.0882580614	0.0521006991	-0.0085701058	0.093479815	0.031728331	-0.0623681526	-0.0037005586	-0.0390230979	-0.0168536663	-0.0117688728	0.0578574922	-0.0980180655	-0.0460804344	0.1472700836	-0.0242003744	0.0948952654	-0.0790822863	0.0083756434	0.0172751098	0.0136228683	-0.0431860458	-0.0694429429	-0.0283058684	0.0163283615	-0.046059583	-0.0841272784	-0.1090941874	-0.0021883182	0.133863251	0.0700270223	0.0198640931	0.0348554706	0.0384123564	0.0559579868	0.0212273263	-0.0786778307	-0.018269684	0.0501613289	-0.1084813549	-0.0277392413	-0.0015478185	0.0706091031	0.0446432512	0.0232818768	-0.0206238023	-0.11695643	-0.0073903449	-0.0325447485	-0.0233951107	0.1068444615	-0.1217615434	0.0349972187	0.0511067262	-0.01175105	0.0581295118	0.0162776818	-0.0355694334	-0.0585407676	-0.0131436051	-0.0142623325	0.0130876455	0.1364041752	0.0739531086	-0.1505357308	0.0311110279	-0.0247287513	0.0586930812	-0.0988046888	0.062105952	-0.0297420616	-0.0611297257	0.0468756244	-0.0015295824	-0.0001315917	-0.0064755859	-0.0604179807	0.0297278764	-0.0573769237	-0.0153951398	0.0253144662	0.0024036055	-0.0122056319	-0.0432872582	-0.0625242656	0.0974173387	-0.0218143241	-0.0785316931	0.0678514285636566	0.0059473173581494	3.537058375854515e-05	0.0046038163581289	0.0398665465632177	0.0511133743494836	0.0026125770373904	0.0015893415348772	0.6018891989369237	0.0383647986880717	0.0014718577783762	0.3622706077969317	0.000530342031939	0.0010874854743402	1.1826246569009296e-06	2.812626708411873e-07	0.0009773581732555	9.626406123569998e-05	9.55228998829328e-07	9.266769485590597e-09	0.0013467431970989	-0.0001130070174188	1.8137172389321665e-06	1.2770585985915549e-08	0.0	0.0	0.0	0.0
271.61100945029966	-1.2210593305431416	1.490985888706465	73772.54045461077	440.7214071461853	-1.972602113535572	3.891159098325007	194235.35871691364	252.45408687200847	-0.4199686281286006	0.1763736486122188	63733.0659783796	281.1635787951522	304.1841992750663	1.22182	31.411999	0.1492724166642392	0.0787525342896195	-0.02915878	-0.1074740533	0.0509514631	-0.0659226757	0.0097698021	-0.0222331127	-0.0611086099	-0.1230892495	-0.1068089398	-0.022319528	-0.0445637585	0.0139726309	-0.0348425574	0.0523671979	0.0542276075	0.0589091055	0.0942813199	0.005051604	0.006181265	0.0630639318	-0.1117233031	0.0125408337	0.0402093197	-0.0024873923	-0.0294850629	0.0656674147	0.0321592955	-0.0079087578	0.0252934456	0.1315263013	-0.0587329165	-0.0162487569	0.0189756433	0.0124490763	0.0409663279	0.0355387699	-0.024688482	0.0329650454	-0.0674036824	0.0721564861	0.0170002053	0.0337715633	0.0453974595	-0.0225609701	-0.0575960005	-0.1199180245	0.0149619431	0.0533402529	-0.0317109671	0.0992170878	0.0345745799	0.0121426891	-0.0766487748	-0.0107990389	0.0001067412	0.0108041636	0.0723480325	-0.0474273854	0.0326433125	-0.0210550557	0.0794500208	-0.1253103955	-0.0515981898	-0.065786765	-0.0407336916	0.0023815709	-0.0351897278	0.071771721	0.0154723265	-0.1049798751	0.108630417	-0.0292628279	0.0822647124	0.0236549693	-0.0517058963	0.0041142311	-0.0244445747	-0.0204185804	0.013358017	0.0551633031	-0.0734749767	0.0712092441	-0.0155698631	0.0922347883	-0.0951885633	-0.0059777562	-0.0060781516	-0.073344582	0.0282743605	-0.0487163652	0.025764443	-0.0300128719	0.0245383537	-0.0383503092	-0.0238061343	0.08696911	-0.0972427376	0.0984946381	-0.0240686115	0.1257159728	-0.0452639837	-0.0280178692	-0.0182571	-0.0262320754	-0.0028115978	-0.0802990634	-0.0495340579	-0.0890821896	-0.0727005315	-0.0744016704	-0.0199733113	-0.0082409331	0.032904971	0.0465721048	-0.0045420395	-0.0466435359	0.0097880972	-0.0634682507	0.0219999941	0.0679393969	-0.0434656651	-0.0285213673	-0.0598155702	-0.0023212917	-0.0093562617	-0.0373366585	-0.0038993271	-0.0318803017	0.1724701482	-0.0179794797	0.0330746961	-0.0510122751	0.05304579	0.0555277713	-0.0591219799	0.0304356077	-0.0440822805	-0.0584565019	-0.0446978621	-0.0600420225	0.0983728629	-0.0278991106	-0.0734322509	0.066822018780499	-0.0010294097831576	1.0596845016605836e-06	0.0044651821939013	0.0634509665731712	0.0235844200099535	0.0005562248672058	0.0040260251590696	0.5490347524675556	-0.0528544464693681	0.0027935925115832	0.3014391594171101	-0.0008671344540805	-0.0013974764860195	1.9529405289774096e-06	7.519221614534867e-07	0.0009399162824896	-3.744189076589999e-05	8.834426180890696e-07	1.4018951841255866e-09	0.0013479076283487	1.164431249800089e-06	1.8168549745606173e-06	1.3559001355109978e-12	0.0	0.0	0.0	0.0
272.28005438914283	0.6690449388431716	0.4476211301916633	74136.42801815458	441.7210906015316	0.9996834553463144	0.9993670108931468	195117.5218822065	252.43392745786983	-0.0201594141386465	0.0004064019784134	63722.88773180509	281.2846147987835	302.9133035736572	0.99019	25.456989	0.0972092510081402	0.053638208813973	0.0086418479	0.0643143257	-0.0461896921	0.052482874	-0.0069545326	0.0635367144	0.046826896	0.0421446914	-0.0101295669	-0.0636951674	0.0024315172	0.1041201692	0.0307928005	0.0367973288	-0.0290791557	-0.0054500159	0.0103724261	-0.1369340075	-0.02097702	-0.0002423142	-0.0381379081	0.025547299	-0.0908968695	0.0116822539	-0.0415943569	0.0728421799	-0.0757540471	0.0357190151	-0.0753127317	-0.0340922575	-0.065408127	-0.0183109728	-0.0184280402	-0.0937594536	0.0560630851	-0.0256695392	0.0916048812	0.0252799167	-0.0252208953	0.0465319708	-0.0521939468	0.0627442346	-0.04651423	0.0742366681	0.069300634	0.0728576024	0.0434928587	0.1370072293	-0.0792365877	0.0505999414	0.0081124137	-0.1083855179	-0.0876564573	-0.0585796717	0.0164345761	0.0721480175	0.1000521951	0.0299588091	-0.0655786541	-0.0276394078	0.088350447	-0.0526044296	0.0802681119	-0.0812461368	-0.0408606002	0.041259994	-0.0707772285	0.0402242083	-0.0213858825	0.0085562631	0.017746998	0.0626684628	-0.0145118956	0.0081945589	0.0823497576	0.0293365914	0.0969495261	-0.0848280776	-0.0280930445	-0.0002608374	-0.0955145977	-0.0472583113	-0.0768758034	0.0120525605	-0.0094694735	0.086487276	-0.0129950888	-0.0596498693	0.0222538906	0.075831894	-0.0423741598	-0.0569863334	0.0399052678	0.0057452645	0.0379440003	-0.0563990974	0.0163523488	-0.0055981532	0.1011775331	0.0854637031	0.0424912729	-0.0067178766	-0.0045249043	-0.1090148219	-0.0268163488	0.021105133	-0.0613844176	-0.078105304	0.0058648219	0.0017100558	0.0158594439	0.0208570585	0.0962877225	0.0922050115	-0.0254802085	-0.0196072302	0.0100607194	0.0480494466	0.0208635874	-0.0481649709	0.0478925866	-0.0151132819	0.1347467792	-0.0211688109	-0.0051745149	-0.110415919	-0.0319038015	-0.0008450787	0.0447382949	-0.0901475806	-0.0074456424	-0.0057181736	0.0623206231	-0.0704804766	-0.0018209756	0.0723232649	-0.0154868279	-0.0169345021	-0.0460974375	-0.0575005252	0.0991099747	-0.033873792	-0.0678800746	0.068686894055304	0.001864875274805	3.477759790579025e-06	0.0047178894149645	0.074611683460958	0.0111607168877868	0.0001245616014493	0.0055669033088781	0.588275199481707	0.0392404470141514	0.0015398126818704	0.3460677103252422	-2.109806385825949e-05	0.0008460363902222	7.157775735802791e-07	4.4512829856719535e-10	0.0008879864005326	-5.192988195699998e-05	7.885198475308432e-07	2.696712640067952e-09	0.0013470096639	-8.979644487000765e-07	1.814435034639991e-06	8.063401511292324e-13	0.0	0.0	0.0	0.0
272.69113393357713	0.4110795444343011	0.1689863918523126	74360.45452598011	442.3191089683856	0.598018366853978	0.357625967094699	195646.19415858656	252.7022809929022	0.2683535350323609	0.0720136197643645	63858.4428190157	281.131398196668	303.84551915129475	0.869919	22.364925	0.0247295949091349	0.0132245929683211	-0.061064862	-0.016389134	0.0600742911	-0.048710716	-0.0492416537	-0.0753013015	0.0424358372	-0.0817880374	0.0200049584	-0.0466756533	0.0228117835	-0.0775852162	0.0051804802	0.1302115913	0.1077557601	0.0424219282	0.0979096269	-0.1748625403	-0.0118839803	0.0159429009	-0.168832799	-0.0839861261	-0.109773767	-0.0754009842	-0.0129721488	-0.035707092	0.0441400523	-0.0506118035	-0.0222178931	0.0545339533	0.0690399008	0.0240481841	0.1929917786	-0.0274521456	0.0589831173	-0.037612273	-0.041943585	-0.0151855888	0.010943912	0.0581463353	-0.0347608708	0.1188806781	-0.0107822839	-0.0886616474	0.1232351189	-0.0117638057	-0.0023666076	-0.0451001595	0.0066659037	0.1219205622	-0.0258694246	0.1717807852	0.0275515561	0.0192195815	0.0457026191	0.080279585	0.0640245938	0.0848268736	-0.0350968308	-0.0029617336	0.0036377463	0.0101852004	-0.0241602333	-0.0050458003	0.0207384403	0.0280533264	-0.0420558527	-0.0435809202	-0.0145522618	-0.0299751108	0.1515416268	-0.0626368272	0.0274091222	0.0987665151	0.1245393371	0.1250377118	0.0232257169	0.0670452561	-0.0629706903	0.07905524	0.0509861497	0.0524187146	-0.0077730815	0.0696546671	-0.075971089	-0.0834172638	0.1500925899	0.0109167612	-0.0124031706	0.0288689954	-0.0221757855	0.081374675	0.0321029048	-0.0047683776	-0.0282160856	-0.0572786949	-0.0977281648	0.0508818177	0.0236659323	-0.0409769241	-0.0376064827	-0.005041353	-0.0183642746	-0.0849316023	0.0834255296	-0.0070716374	0.065696953	0.0161222702	0.0094326258	-0.0756823243	0.0193572143	0.1412696551	-0.0180390956	0.135959132	-0.0166365892	-0.0059236884	-0.070761586	0.0079327053	0.0704079633	0.0570805288	-0.0544961776	-0.0132276228	-0.071296196	-0.0333164185	0.0165712948	-0.0570928043	-0.1479006573	-0.0731150078	0.0718130581	0.0093310161	-0.0803513693	-0.0374551647	-0.00891174	0.0672877895	-0.0001392936	0.0433483086	0.0576947091	-0.0677515732	-0.047485639	-0.0549022818	0.0996270376	-0.0397147891	-0.0619093949	0.0677927176922281	-0.0008941763630758	7.995513682836423e-07	0.0045958525720981	0.0740886056363478	-0.0005230778246102	2.7361041059894984e-07	0.0054891214851382	0.5841611375362561	-0.0041140619454509	1.692550569100759e-05	0.3412442346076527	4.7945383033998266e-05	6.904344689225776e-05	4.766997558764018e-09	2.2987597542768087e-09	0.0007350364866276	-0.000152949913905	5.40278636673846e-07	2.339367616354693e-08	0.0015089818786227	0.0001619722147226	2.2770263100116928e-06	2.623499834217641e-08	0.0	0.0	0.0	0.0
272.7110171267305	0.0198831931533618	0.0003953413699738	74371.2988622959	442.9811389761911	0.6620300078055266	0.4382837312349855	196232.28948864355	253.27260322854949	0.5703222356472963	0.3252674524737302	64147.01154616626	281.9850126482522	309.73413264598946	1.211611	31.149536	0.333332216989186	0.2100784251201784	0.1444759394	-0.0545859121	-0.081571394	-0.0890742903	0.0253388578	-0.0810467095	-0.1302709381	0.1113225159	-0.0119277872	0.0119167588	0.0450220854	-0.0430206888	0.0806820719	0.0078605106	0.0587328424	-0.0299749347	0.0595637511	-0.0842042632	0.1328942102	0.0387024806	-0.0988342997	-0.0463296705	0.0176686491	-0.0137164546	-0.0163986143	-0.1226371261	-0.0535345168	-0.0635061759	0.0372296261	0.0149577603	-0.0250496753	0.0859344567	0.0235720733	0.0943169873	-0.0859398306	-0.0947249203	0.208907093	0.0290339356	0.029991671	-0.0012734885	-0.0165626663	-0.0588727788	-0.0382205857	-0.0658079226	0.026117614	-0.0663555858	-0.0036420054	1.96534e-05	-0.0465904595	-0.1123076301	-0.032766605	-0.0286551318	-0.01903939	-0.0412056147	-0.0324280098	-0.044159184	-0.0345481598	0.0159848941	0.0331482917	-0.0235738214	-0.0315697323	-0.0569777066	-0.0300999869	0.0079370718	-0.0334018188	0.064946799	-0.0381355234	0.0665254219	0.1423168083	-0.0264595852	0.0681303648	0.0952782717	-0.1163512831	0.0162330065	0.0668287374	-0.0476710047	-0.0057690573	0.1209425765	-0.0482169212	0.0015024996	-0.0332856852	0.0382224678	-0.005943631	-0.043784399	-0.0347583979	-0.0371357264	-0.0730104969	0.1164231149	-0.0959286331	0.1621158088	-0.031998435	0.100078843	-0.0317502312	-0.1725211735	0.0439764935	-0.0129688333	0.0669681496	-0.0113966619	0.0276095531	0.0188566892	-0.0517760145	0.0236764409	0.0336400147	-0.0122419509	-0.0021940211	0.1026940125	-0.0496641563	-0.0370026852	0.0264838455	0.066126261	-0.0307115694	-0.0826906243	0.0082437791	-0.0798448427	0.1301605453	-0.0621123634	-0.0134922397	-0.1093331814	-0.0241077653	-0.0978963652	0.025646354	0.0678748782	-0.0900820911	0.0255420039	0.038315199	-0.0598451153	-0.1635481406	-0.0555301174	0.0689687929	-0.0951606285	-0.0183581504	0.0728761017	0.0328175793	-0.1255260226	0.0012727305	0.0004981498	-0.0130583727	-0.0714864325	-0.0488621241	-0.0522498565	0.0999229036	-0.04539905	-0.0555570233	0.0543353251650415	-0.0134573925271865	0.0001811014136307	0.0029523275607907	-0.1144739977221718	-0.1885626033585196	0.0355558553853423	0.0131042961544957	0.5209250661038212	-0.0632360714324349	0.003998800730208	0.2713629244952704	-0.0009648132382797	-0.0010127586213136	1.025680025045223e-06	9.308645847597611e-07	0.0010687656030434	0.0003337291164158	1.1422599142487229e-06	1.1137512314367068e-07	0.0015240171343141	1.503525569139996e-05	2.322628225682961e-06	2.2605891370577483e-10	0.0	0.0	0.0	0.0
272.8302770041772	0.1192598774467228	0.0142229183686073	74436.36005017607	442.7874492161711	-0.1936897600199927	0.0375157231366023	196060.72518336333	253.20788441734385	-0.0647188112056369	0.0041885245238708	64114.23273110696	281.8653705312982	304.4324146371035	1.154287	29.675793	0.3302211147231162	0.2137420612160135	-0.0369099288	-0.0132960225	0.0519637534	-0.0084594345	-0.1073439639	-0.0373592614	0.0308736596	-0.0806641125	0.0940943637	-0.0651635077	0.0013344847	-0.1046343132	-0.0032522087	-0.039693249	-0.0092769722	0.0966240779	0.0833288487	-0.0460377044	0.0086847721	-0.0169637699	-0.0797855545	0.0020739906	-0.1263872461	-0.2069536149	-0.0850282702	-0.0182302355	0.0864723891	-0.0540625414	0.0280245334	-0.0513235058	-0.072363025	0.0713442718	0.0296682975	-0.0653665571	-0.0576622086	-0.0795678741	0.0223874039	-0.0456572275	-0.0387510213	-0.0031585385	0.1158776606	-0.0548775173	-0.0225631289	0.067827729	0.0990364823	0.0670418818	-0.1297260622	0.0453821168	0.0730058873	0.0570492202	0.0457683645	0.073366606	-0.0159211337	0.1191585145	-0.0348501745	-0.0254457007	-0.0573124581	0.0763594475	0.0714149906	0.040589239	0.1128026979	-0.0018178337	-0.0217465977	0.0268731992	0.0225786122	0.0394963274	0.1297199684	-0.0873135427	0.0088003747	0.0283626933	0.0547467135	0.0082258494	0.1005812846	0.1356932428	0.0924672706	0.1272041409	-0.0133805948	0.0915169347	0.0022075796	0.1174096307	-0.0673913948	-0.024828826	-0.0470919498	-0.0083607773	-0.0177442968	-0.0304783492	0.0756325973	0.0675233088	-0.0733278467	0.0808222668	0.0519024668	0.0200604594	-0.0302651186	0.0663230231	0.0550065334	-0.1092000212	0.0804684383	0.0457673598	0.0474524968	0.0004447397	0.0820181743	-0.0010590582	0.1272693813	-0.0579939613	-0.0094421894	0.0037904982	0.0605139645	0.0683480277	-0.0885748345	-0.0528548167	-0.0692201029	0.0220896686	-0.0417509006	-0.0627774289	0.0067626829	-0.0200920509	0.0505694864	0.0408189848	0.1046046311	0.0467223151	-0.1066172961	0.0477609401	-0.0709983135	-0.0674774747	-0.0481185633	-0.1001185097	-0.0966825762	-0.0165086897	-0.0288190561	-0.0154677247	-0.1757502209	-0.0210683245	-0.0004381039	0.0269624194	0.0479564296	-0.029106536	-0.1196311335	-0.0554654159	-0.0502265533	-0.0495458668	0.0999969158	-0.0509041416	-0.0488621241	0.0630503088110003	0.0087149836459587	7.595093994932927e-05	0.0039753414411625	0.0770632677726297	0.1915372654948015	0.036686524073226	0.005938747239796	0.5746219807749071	0.0536969146710859	0.0028833586451938	0.3301904207896777	0.0002289234543282	0.0011937366926079	1.425007291278448e-06	5.240594794155548e-08	0.0007761700310546	-0.0002925955719888	6.024399171072987e-07	8.56121687474531e-08	0.0014849103806854	-3.910675362869993e-05	2.20495883866726e-06	1.5293381793758351e-09	0.0	0.0	0.0	0.0
272.07120312904186	-0.759073875135357	0.5761931479130075	74022.73957208436	442.33612205612826	-0.4513271600428652	0.203696205392358	195661.244875654	252.5257778096688	-0.6821066076750526	0.4652694242339681	63769.26845837821	281.17157855666574	305.8734596953682	0.949038	24.399008	0.1406119501401704	0.0868501646138003	-0.0242700211	0.0109262844	-0.1209812104	-0.0702281289	-0.0166759573	0.0099789234	0.0367043883	0.063657611	-0.0115582697	0.0383943457	0.060038857	-0.0845745312	0.0480157318	0.0019191249	-0.0212813203	0.2097593753	-0.0158708013	0.010618101	-0.0543279909	0.0224696611	-0.147534143	-0.101250785	-0.085082801	-0.0950619955	0.0020825309	-0.0213175702	0.0189742377	-0.1146691051	0.0488383353	0.021049371	0.0389307031	-0.0377015212	-0.061672417	-0.0379081787	-0.0724820013	0.0278421075	-0.0962011402	0.1139167556	0.0385425038	-0.1027915562	0.007643335	0.0053246043	-0.0020116543	0.0207978694	-0.0881312149	-0.0994085442	0.0153595997	-0.066596465	-0.0468929927	-0.0234914743	-0.0391520794	-0.1154811931	-0.0568198741	-0.0360252246	0.0176034314	-0.0213255773	-0.0170565902	-0.0181324498	-0.0585080177	-0.0414316655	-0.027934959	-0.0344885677	0.167637368	-0.0242166119	-0.0490995325	-0.0873449495	0.0432598586	0.0149709367	-0.0500133145	-0.024178065	0.1074159977	0.0271447715	-0.0534780214	0.1395940653	0.1188167473	-0.0198722139	-0.0300985565	0.0732096427	0.0270043688	0.0130678986	-0.0080293016	0.0286966382	0.0743598687	-0.0935277533	0.0560076525	0.0340735852	0.0213886833	-0.14955955	0.0472619103	-0.1059413491	0.0023883388	0.033196752	-0.0461459168	-0.0991427761	0.0481451209	0.0219852136	0.0738294261	0.0347938417	-0.0319479034	0.0431890863	0.0478571791	-0.065742312	0.0149679359	0.0904474944	0.1025571746	-0.0368811333	-0.1008709467	0.0064387655	-0.0881157716	0.0593344279	-0.0192194907	-0.052329549	0.039518262	-0.1190276681	-0.0525315174	0.020909671	0.0054411696	0.0146604897	-0.0161292935	-0.0420061571	0.0931169069	0.0061239964	-0.1223568013	-0.0261401756	-0.0195094925	0.1149404139	-0.0811861586	-0.1420415926	0.1258066774	0.0565314759	-0.0015502457	0.141971626	-0.097249849	0.0217782589	-0.0862281853	-0.0126082154	0.0051370389	-0.0418033955	-0.0515785898	-0.0467929814	0.0998489097	-0.0562083378	-0.0418659738	0.0703351446718869	0.0072848358608866	5.306883352005943e-05	0.0049470325760152	0.1531064590952695	0.0760431913226397	0.0057825669465315	0.0234415878166914	0.6136495309690062	0.039027550194099	0.0015231496741529	0.3765657468584813	0.000151780751876	-7.714270245219999e-05	5.950996541628663e-09	2.3037396640043883e-08	0.0008431298967201	6.69598656654999e-05	7.108680227432464e-07	4.4836236099417926e-09	0.0017059352678186	0.0002210248871332	2.9102151379873184e-06	4.8852000732243816e-08	0.0	0.0	0.0	0.0
271.53769124444875	-0.5335118845931106	0.2846349310020926	73732.71776636557	441.6062348916497	-0.729887164478555	0.5327352728705451	195016.0666951789	252.48888586886105	-0.0368919408077488	0.0013610152965624	63750.637487298736	281.10513337576657	304.04002696432684	0.951628	24.465582	0.1796887271602838	0.1211900744850344	0.0330982019	-0.035932508	0.0949241263	-0.0591359754	-0.0032097858	0.0831298321	-0.0428475126	-0.0338573931	-0.0349859475	-0.0659386892	-0.0518253999	-0.0345950671	0.0198037599	0.0289959872	-0.0767696065	-0.0057705963	-0.0235258498	0.0483204175	0.0172142126	0.0280204143	-0.0677086139	0.0359406192	0.0167759049	0.0342470234	0.0853431899	0.0510456252	-0.0058968829	-0.0295698744	0.0387398266	-0.0257175331	0.0326540022	0.0025429984	-0.002162889	-0.0815796878	0.0008733681	-0.0694223034	-0.019571444	-0.0181712433	-0.0111184764	0.1371012739	0.0217404066	-0.0836365886	0.0966323937	-0.0509883853	-0.0832461612	-0.0192722101	0.0485012149	0.0746715959	0.0212965365	-0.0245040805	-0.0749093626	0.0075102796	-0.0216426957	-0.0229998771	0.0214120639	0.0772332765	0.0388598847	-0.0498493417	0.0006504657	-0.0120210309	-0.031192828	0.0010053261	0.127880477	0.1014943972	-0.0652456698	-0.0169258292	-0.104141501	0.0493370277	0.0263205452	-0.0486234838	0.0699874595	-0.0338482965	0.0151497893	-0.0471850678	-0.0367925241	0.0802216623	-0.0502473923	-0.0700700579	-0.0490705051	-0.0683169081	-0.0662300395	0.0806107189	0.0286220228	-0.0452236931	0.0072385473	0.0306982836	0.0363746975	0.0293992665	-0.0529301637	0.0056471377	0.1667538544	-0.0337669485	-0.067882535	-0.0505295847	-0.0108691903	0.0591189321	-0.010957731	-0.0404253299	-0.0006303601	0.04473708	0.0229184181	-0.0472109658	0.0097234899	-0.0187018643	-0.0311240262	-0.0972049388	-0.0620250868	0.0145955921	-0.0195773748	0.013651544	0.027728743	-0.0071649671	0.0672047181	0.0042169881	0.0198212873	-0.0415107015	-0.0453301766	-0.058198443	0.0546829982	0.0101081504	-0.0770158353	-0.0126833924	0.0158745227	0.0529824849	-0.0160355938	0.082349041	0.07912416	-0.0328179455	0.0576997135	-0.0028211352	0.0664960257	0.0206597834	-0.0469409641	0.047535784	0.0357471149	0.0066913379	-0.1557762025	-0.0617508843	-0.0529179001	-0.043993917	0.0994792142	-0.0612907054	-0.0346117057	0.0719565733008664	0.0016214286289795	2.6290307988743462e-06	0.0051777484412029	0.0461197501510639	-0.1069867089442055	0.0114461558907121	0.0021270313539965	0.5964194618086225	-0.0172300691603837	0.0002968752832716	0.3557161744240869	-0.0006622748101945	-0.0008140555620705	6.626864581379179e-07	4.386079242181611e-07	0.0009799777228762	0.0001368478261561	9.603563373336222e-07	1.8727327523650192e-08	0.0015798282475109	-0.0001261070203077	2.495857291633361e-06	1.5902980570886674e-08	0.0	0.0	0.0	0.0
271.5023830487874	-0.0353081956613436	0.0012466686808597	73713.54400117048	442.4914062285088	0.8851713368591163	0.7835282955969551	195798.6445860832	252.13652676133023	-0.3523591075308161	0.1241569406599132	63572.828127267	280.84457102346573	301.2211425776227	1.160542	29.836603	0.2620359657638546	0.1407814461491891	-0.1059434063	0.0087798304	-0.0824094106	0.0370085126	-0.1323051344	0.0409841061	0.0628810981	0.0904746632	0.0165709057	0.0629986981	0.0631732978	0.0160832045	-0.1447267773	-0.0458638182	0.031628352	0.0841895808	0.062293414	0.0019019285	-0.0611834308	-0.0639916447	0.1028384122	0.017172842	-0.0691439328	-0.0309823721	-0.0111010141	0.0467857634	0.0432315503	0.09131052	-0.0409666786	-0.0556241511	-0.0136320146	0.005496061	-0.0036976976	0.0916491133	-0.0759111904	-0.0138983136	0.0346173188	0.1024385932	-0.0236551832	-0.0456801052	0.0115773648	0.044130237	-0.0418516701	0.0446821043	-0.0056150868	0.0537346242	-0.0433413683	-0.1351069952	0.1049984045	0.0753195098	-0.0209014856	-0.0522406721	-0.0379115705	-0.1166877486	0.075656836	0.0149381735	0.0574215054	0.0092225189	0.0516180321	0.0193213873	0.062767718	0.0275493455	-0.0307553229	-0.0566452287	0.0575675775	0.0331123574	-0.0063330257	0.0511693003	-0.0695575573	0.0767934548	-0.0993543419	0.0205297551	0.0303754706	0.0624170602	0.0341401348	-0.057496689	-0.0546898398	-0.0975128713	0.1382470132	-0.0144443356	0.0646489057	-0.0616739759	0.0074584784	-0.0031694986	0.0424396858	0.0279554445	-0.0001273259	-0.0412412325	-0.048428982	-0.0009634777	-0.0778682754	0.0409169619	0.0055480776	-0.0108690363	-0.0226480301	-0.0269783762	-0.0219330881	0.0267963807	-0.0505325697	-0.0044644081	0.0383540625	-0.0546131988	-0.0195851603	-0.0742540797	0.0546522636	0.1215366351	-0.0485002272	-0.0278945244	0.0115348156	-0.0514989517	-0.0624029647	-0.0219291226	-0.145170718	-0.0074367423	-0.0626499251	0.0506676861	0.0981522702	0.1707122822	0.0267197328	0.0770900281	0.0937016479	-0.0011675665	0.0311509246	0.0468678989	0.0567697268	0.0839626792	0.0413748279	-0.0336738055	-0.0374069464	0.1353376341	-0.1268381509	-0.0101172406	0.032254033	-0.0904448688	-0.0304816962	-0.0755574417	0.0321558782	0.0475567446	-0.0542441537	-0.0411514359	0.0988886499	-0.0661311865	-0.027144045	0.0701540701734018	-0.0018025031274645	3.249017524519633e-06	0.0049215935618945	0.1385545053489068	0.0924347551978428	0.0085441839684851	0.0191973509524802	0.6780812507886296	0.081661788980007	0.0066686477794152	0.4597941826710723	0.0007570739590444	0.0014193487692389	2.0145509287399803e-06	5.731609794631619e-07	0.0012210766392186	0.0002410989163423	1.4910281588453908e-06	5.8128687461479544e-08	0.0015175375639214	-6.22906835894999e-05	2.3029202579124973e-06	3.880129262047191e-09	0.0	0.0	0.0	0.0
270.43482322806733	-1.0675598207200778	1.1396839708158848	73134.99361439602	439.6890367964624	-2.8023694320464188	7.853274433668168	193326.4490790009	251.26240821213253	-0.8741185491977035	0.764083238051498	63132.79778056032	279.953154829945	300.29321493476385	1.088499	27.98444	0.2849617847111902	0.165133108240951	-0.0055492393	0.0543705087	0.0890842097	0.0198567965	0.0522588428	0.0252806715	0.0463295729	-0.0437090027	-0.081359945	-0.048127307	-0.0625082274	0.0849786024	-0.0257357649	-0.0707380338	0.1915809122	0.0037283121	-0.1556861191	-0.0289896854	-0.115181828	0.1232516969	0.0469925162	-0.1415917267	0.0625584379	0.0878344483	-0.0973148525	-0.0346654831	0.0207116927	0.0011630231	0.0134458528	-0.0644401104	-0.1008921643	0.0163866465	-0.0175723149	0.0173092266	-0.1078751485	0.0183733192	-0.0238927764	0.1207084964	-0.0461406845	0.0496570517	-0.086371673	-0.1074744875	-0.0820225399	-0.0102222255	0.0356877482	0.0326543384	0.0310994352	-0.087528835	-0.0499739897	-0.0700498664	0.1587359846	0.1417662366	0.0830735292	0.0345203225	-0.1086821192	0.0097843005	0.0274820455	-0.0367668247	-0.130780569	-0.1474661838	-0.0754062401	-0.073349801	-0.114337541	0.0564447653	0.0685511565	0.0535266003	-0.0269768659	0.076574818	-0.0952539338	-0.1278605105	-0.0516097419	-0.0526015999	-0.1046166692	0.0404538522	-0.1004334255	0.0236475853	0.1443482224	0.0965116823	0.1150496335	-0.0232831276	0.0165032798	-0.1159375963	0.0041586787	-0.0225691003	0.0182423719	-0.0476300937	-0.0647722229	-0.1038425475	-0.0774242052	-0.077502613	-0.0389273321	0.0980420274	-0.0365673485	-0.1026183223	-0.1547114465	-0.0546281996	0.0103870445	-0.0246462938	-0.0167019107	0.0089602134	0.0573610823	0.0337517183	-0.0794535785	-0.0022940123	-0.1516509684	-0.0065280309	0.1616390466	0.0413973803	-0.0052776644	-0.0406712737	-0.0265116363	0.0387042556	0.1189603704	-0.004455522	-0.106023869	0.163593793	0.0268658308	-0.0949454802	-0.0466925714	-0.0277957855	-0.0580606282	-0.0464008002	0.022568794	0.101473365	0.0341923215	0.0432708305	0.0500255347	-0.1470958775	-0.050168903	0.0735470051	0.0748312514	-0.0173511799	0.0862874173	-0.0075902031	0.0392099379	-0.1222998641	0.1270335462	-0.1090619822	-0.0555570233	-0.0382683432	0.098078528	-0.0707106781	-0.0195090322	0.0651851997505303	-0.0049688704228715	2.4689673279287215e-05	0.0042491102665165	0.2945381084874583	0.1559836031385515	0.0243308844480851	0.0867526973513697	0.6479689277361373	-0.0301123230524922	0.0009067519996176	0.4198637313115196	-0.0008317664945599	-0.0015888404536043	2.5244139870095185e-06	6.918355014724642e-07	0.0009783510619225	-0.000242725577296	9.571708003648837e-07	5.891570587372495e-08	0.0015639112949665	4.637373104510005e-05	2.445818538523795e-06	2.1505229310432763e-09	0.0	0.0	0.0	0.0
271.58570732604346	1.1508840979761317	1.3245342069743342	73758.79642378734	439.7591875210615	0.0701507245991024	0.0049211241617791	193388.14300918413	252.49047393372604	1.2280657215935094	1.5081454165529868	63751.43942727759	280.92908258191204	298.29276042824586	1.097928	28.226841	0.4448604143396786	0.3637974683403686	-0.0119266267	-0.0438436478	-0.0199290695	0.0526110854	0.0468309562	0.0842261417	-0.0149701907	-0.0028128403	0.0322301261	0.0760149565	0.0962135426	0.1324472341	-0.0426372618	0.1614901822	-0.0095354016	-0.1174786542	-0.0804093637	0.0387538927	0.0711071444	0.0025264883	-0.0248744185	0.0482092129	-0.2028365099	0.1293192512	0.0145304098	-0.0612765615	-0.0487881501	0.012361049	-0.0334208293	0.0252822195	-0.091484894	0.0220904921	-0.0598761637	0.0181680958	0.0006669483	0.0646601678	-0.0353467175	0.0268864194	0.0987117213	0.0862056618	-0.0279111497	0.0760337172	0.0192261894	-0.0083705923	-0.050100781	0.0950083593	0.0664945376	-0.1405968867	0.1184504397	-0.0480215071	-0.1292766415	0.0903386403	0.0158410101	0.1670309776	-0.0185091602	-0.0148611442	0.0272285563	-0.0847785468	0.0066321519	0.1487951759	-0.0726584512	-0.0097976525	-0.0362490861	-0.0191598695	0.0097904268	-0.0235422621	0.0317473675	0.0467788241	0.0632612627	0.010922911	0.032908281	-0.0561859495	0.0331826939	-0.1176521599	0.1995659618	-0.0595243998	0.0755414809	-0.0816022366	0.047741049	-0.0787943865	-0.0327264783	-0.0898215644	0.1051963658	0.0238733895	0.0123507625	-0.0205947692	-0.0766129185	-0.075198702	0.0461221747	0.0193867228	0.1060181849	0.0500368412	-0.1148380063	0.0396498927	-0.0317112552	0.0193242151	-0.0582847524	0.0023734874	-0.0039862354	-0.1587426153	-0.110863493	-0.0839518769	0.0107662881	0.0098308114	0.0731617493	0.0116522532	-0.0283064213	0.1709113615	0.0707810635	-0.0548395936	-0.0629192632	0.0459656514	0.1001400635	0.0258701507	0.0694516111	-0.0305660821	-0.1227812653	0.0283641509	-0.017795661	0.0475186936	0.1027620796	0.0827362228	0.1289749467	0.158861102	0.0446870869	0.0735041581	-0.015415631	-0.0542992357	-0.0473865926	-0.0323156216	-0.0395616809	-0.0133573591	-0.1052249919	0.0307176053	0.1336500336	-0.0679035655	-0.0604315661	-0.0846932138	-0.0568561851	-0.0353474844	0.0970506473	-0.075011107	-0.0117537397	0.0572191133997819	-0.0079660863507484	6.345853174758007e-05	0.0032740269382571	-0.0722141788578483	-0.3667522873453066	0.1345072402730143	0.0052148876281133	0.6394911325047303	-0.008477795231407	7.187301198566753e-05	0.4089489085521826	-2.3011312677368345e-05	0.0008087551818825	6.54084944221847e-07	5.29520511135613e-10	0.0013439866334556	0.000365635571533	1.8063000709073167e-06	1.3368937117033665e-07	0.0015050171401378	-5.889415482870008e-05	2.2650765921085624e-06	3.468521472986897e-09	0.0	0.0	0.0	0.0
272.7832643816352	1.1975570555917443	1.4341429013975682	74410.7093267011	443.39605701070434	3.6368694896428337	13.226819684694926	196600.06337263976	252.5824106383368	0.0919367046107595	0.008452357654686	63797.87416387339	281.1721625528675	305.2250438780601	1.117758	28.73667	0.2014291657332395	0.1226538905341751	0.0314148667	0.097789475	0.0327280352	0.0995283163	-0.1512051097	-0.1264007271	0.0637654194	-0.0050780195	0.145631457	-0.0927317443	0.0197379836	0.0319790364	-0.1636359905	-0.0048146342	0.143969924	-0.0328324657	-0.0064292676	-0.0435939665	0.0057522993	-0.0450817115	0.0127427071	0.0204273616	-0.1691933319	-0.1097759493	0.0582687908	0.0907789679	0.0303001002	0.0693740392	0.0203976739	-0.0453637405	0.0051561242	-0.114867746	0.0038762802	-0.0256077859	0.0045531049	0.0190754624	-0.1087113322	-0.0246013881	0.0351067217	0.0074969753	0.0940452985	0.11852649	-0.1039305871	-0.0367746395	-0.0566651199	0.0479216811	-0.0238411883	-0.0355327148	0.0012106502	0.0161880429	0.0071224213	-0.0786140439	-0.0324903899	0.039768675	0.0588724053	-0.0089347654	-0.0880192868	0.0092450194	0.0300372763	-0.1524767822	-0.0444715761	-0.0239884672	-0.1392519163	0.0047239266	-0.1789764263	0.001150945	-0.0563639225	0.0778695657	-0.0040384486	0.0831384495	-0.0471346749	0.0147121703	0.0439296335	0.0814396093	0.1407760909	0.1961101549	-0.0214843718	-0.0037647608	-0.0173363238	-0.1065382998	0.0031487706	-0.0442910206	-0.0153604984	-0.0060884791	0.0751919978	0.0273894789	-0.0610495847	0.0115050466	0.0786933651	-0.1113885757	-0.0262948493	0.0434615419	-0.0250061458	0.1600204387	-0.090079913	0.0660167981	-0.0132885159	0.0012799639	-0.0160190438	-0.068404572	-0.1030478881	-0.016876501	0.0977144666	0.0482390787	0.0297536548	0.0496705562	-0.1104361579	-0.0383385896	-0.0566877848	0.059644408	-0.0722370086	-0.0732980489	0.0388807832	0.0865712735	0.0228965583	-0.0218990651	0.063672382	0.1643182747	0.1387639802	-0.0340085476	-0.1021844096	-0.0513360466	0.031231716	0.0726549026	0.0690558448	0.1196869481	-0.015805776	-0.034246114	-0.0323276252	-0.1830018927	0.0154438716	-0.0296072196	-0.0421913997	-0.0715263186	0.0308277504	-0.0335750877	0.1694606348	-0.0740130044	-0.0581413184	-0.0323917418	0.0958072899	-0.0790155012	-0.0039259816	0.0538596367173198	-0.003359476682462	1.1286083580006516e-05	0.0029008604673216	0.0338982498371507	0.106112428694999	0.0112598475235512	0.0011490913420218	0.6864124141013903	0.0469212815966599	0.002201606666673	0.4711620022324985	0.0006591208907106	0.0006821322033879	4.6530434289892477e-07	4.3444034857113474e-07	0.0011500024797579	-0.0001939841536976	1.3225057034493193e-06	3.762985188581285e-08	0.0015296203582345	2.4603218096699983e-05	2.33973844032544e-06	6.053183407137854e-10	0.0	0.0	0.0	0.0
271.9587208816079	-0.8245435000272892	0.6798719834372522	73961.54586356033	441.3621268903705	-2.033930120333821	4.136871734401152	194800.52705319156	252.5532711568936	-0.0291394814431953	0.0008491093787783	63783.15477204743	280.9114889083171	302.213923672252	1.105571	28.423349	0.1984660101619908	0.0963652478534263	-0.02251233	-0.0785344575	0.0306325263	-0.0032696764	0.1053944982	-0.200141143	-0.0769650684	-0.0472117457	-0.0708558403	0.1081471646	-0.0770686331	-0.0606004647	-0.048704981	-0.0298262575	0.0823298032	-0.0877061292	0.1915981493	-0.0144021137	0.0099863092	0.0728643867	-0.0196378909	0.0416335307	0.0488298241	-0.0392932858	0.0950762119	0.0256135528	0.0496183536	-0.0322426331	0.0936033206	0.0560976117	-0.0520893018	-0.105398529	-0.1187445402	-0.0244185485	-0.0282632718	-0.1269984912	0.085992652	-0.0593225928	0.0303836713	-0.0333897946	0.1957750397	0.0727036132	0.084825717	-0.0574901813	0.1099107438	-0.0586556265	-0.0127289354	-0.0007653023	0.1169215031	0.0491594913	0.0038078221	0.0575806022	0.0883121365	0.0107918091	0.0496016903	-0.0164993929	-0.0392432381	-0.0737362037	-0.029649413	-0.0398909944	-0.076382782	0.036574164	-0.0978157587	-0.033682699	-0.0564735903	-0.0382673415	0.027556996	0.0632668416	0.0184025626	-0.0869811536	0.016082679	-0.0162320696	0.0648504136	-0.0186100221	-0.0248630329	-0.0086835225	-0.1435306617	0.0512065628	-0.0211736967	-0.0450519032	-0.0152396432	0.0416730039	-0.0295065286	0.072588967	0.1043658102	0.0586161631	-0.1012284162	0.0361260482	-0.1195306183	0.0024696934	-0.0134069155	0.0406701501	-0.0737928237	0.0571365588	0.0284854128	-0.0312364753	0.015073202	0.1403027411	-0.0611364068	-0.0729381266	-0.0498554109	0.1538622184	-0.0166461797	-0.0239664451	-0.0025835825	-0.0908413354	-0.0837504842	-0.0027975	0.0279903738	-0.0516237582	-0.1201163026	0.032635519	-0.0060729575	0.028792253	-0.0039843805	-0.0394835264	0.0228042885	-0.0750074914	-0.0178489714	0.0979539482	0.0283168583	-0.0913236113	-0.0939440237	-0.0845028895	0.1704204483	0.0491547142	-0.0106905245	-0.0833627725	-0.0742453957	-0.0265569479	0.0527102696	-0.0242843496	-0.0063597583	-0.0116518985	0.0814358065	-0.043650023	0.0228720794	-0.1102941755	-0.0594121063	-0.0294040325	0.0943512164	-0.0827080574	0.0039259816	0.0541530321951597	0.0002933954778398	8.608090641690004e-08	0.00293255089593	0.0908327921281113	0.0569345422909605	0.0032415421058811	0.0082505961257886	0.626175619085295	-0.0602367950160953	0.003628471473811	0.3920959059368524	-0.0008409517556304	-0.001500072646341	2.2502179443004912e-06	7.07199855297852e-07	0.0012553637606189	0.0001053612808609	1.5759381714752269e-06	1.1100999504670486e-08	0.0015150287378946	-1.4591620339899887e-05	2.2953120766465047e-06	2.129153841437801e-10	0.0	0.0	0.0	0.0
272.181742676592	0.2230217949841062	0.0497387210379327	74082.90104646656	442.2420641831949	0.8799372928243656	0.7742896393030734	195578.04333301308	252.39992368687464	-0.1533474700189572	0.0235154465612149	63705.72147714014	281.0248799509215	306.22315839899494	1.109193	28.516472	0.1688041294566525	0.1102766050110306	0.0212937271	0.1127191078	-0.0722415875	-0.0338909922	-0.0169947057	-0.00637198	0.0468077848	0.0716279269	-0.068906331	-0.0611556563	-0.0547516332	-0.0081480553	-0.040052248	-0.0498113636	0.032487953	-0.0720597019	0.0562141702	-0.0406953459	-0.0645850941	0.0222993512	0.0662944552	-0.0179456344	-0.0205782235	-0.0776384734	0.0694090921	0.0507461234	-0.0168405394	-0.0173004836	-0.0416769155	0.0106008827	0.0070603508	-0.0770292397	-0.1019207839	0.0185945351	0.0043258807	-0.0704354208	-0.0515487449	-0.105485384	0.106192264	0.042048657	0.0333119966	0.0122830926	-0.0172605953	-0.0373329555	-0.0837428416	-0.0339958376	-0.0164029814	0.1069047691	-0.0134712757	-0.1332292506	0.0872968159	-0.0236119935	-0.0950648744	0.1020659619	-0.0312385935	0.0096852203	-0.1080600432	-0.0240268429	-0.0149627468	-0.0053155378	-0.1369763757	0.0602372703	-0.0870871441	-0.0006691063	-0.0741495117	0.0029581221	0.0215754702	0.0353671208	-0.0621070835	-0.0137223664	-0.0750527131	0.0329181135	-0.0745923279	0.0230408142	0.0115200965	0.0518402911	-0.0454336346	-0.0321342267	-0.0361951591	0.0482276326	-0.0615719497	0.0470066634	0.0430705324	0.0455730285	0.040777543	0.1179019135	-0.0756361718	0.0862185008	-0.0064037139	-0.07855607	0.0022872477	-0.0032211789	-0.0274015898	0.1147453899	0.043434037	0.0189045393	-0.0020669582	-0.1249333886	0.0491077402	-0.0116767299	-0.036549509	0.0292982215	0.0415630966	0.0930558962	-0.1265846336	-0.0323964842	-0.0348202656	-0.0049375389	-0.0667490527	0.0048004198	-0.0577959977	-0.044559169	0.0761492063	0.0449481047	-0.0673665484	0.0761822627	0.0581378914	0.0078703792	0.0484643481	-0.1269745165	0.0164611865	0.0043496954	0.0242418589	-0.0662358294	0.0631540361	-0.044434424	0.0291737189	-0.0742392024	-0.0877281616	0.0171563936	-0.0928306316	-0.0388951154	0.0595048232	-0.0146618632	0.0058523503	-0.0839772885	-0.0135678636	0.0838370548	-0.0606682351	-0.026387305	0.0926856596	-0.0860742027	0.0117537397	0.0539905591938065	-0.0001624730013531	2.6397476168716474e-08	0.0029149804820599	0.1831891651319068	0.0923563730037955	0.0085296996344162	0.033558270221725	0.645605258722334	0.019429639637039	0.0003775108964251	0.4168061500899318	7.392940181909636e-05	0.0009148811574494	8.370075322561302e-07	5.4655564533294086e-09	0.0012420627019404	-1.3301058678499844e-05	1.5427197555514871e-06	1.7691816196889603e-10	0.0017239593980559	0.0002089306601612	2.972036006145261e-06	4.3652020755436603e-08	0.0	0.0	0.0	0.0
271.8219924725742	-0.3597502040178142	0.1294202092908589	73887.19559176019	441.7188780018981	-0.5231861812968077	0.2737237802999361	195115.5671832557	252.5067058648477	0.1067821779730593	0.0114024335326701	63759.63650671671	280.9030042574244	303.88251481431155	1.053457	27.083523	0.1133731479271532	0.0708916805991089	-0.0693204043	0.0155074827	0.1428963952	-0.0797035579	-0.0683419246	-5.46744e-05	0.054849018	-0.0574527356	-0.0514823429	-0.0779599239	0.0804666815	-0.1142359237	-0.1030290377	0.0618241468	-0.1009361105	0.0571844844	0.0891144492	-0.0523667874	-0.0343347972	-0.0439440329	-0.0460409699	-0.0835311455	-0.0312855678	-0.0279976236	0.0916174269	0.0467119474	0.1051071207	0.002220038	-0.0756868985	0.0333261406	0.0476123679	-0.0220796212	0.1102128825	0.0036943023	0.0571339951	-0.0994858131	0.0149974011	0.0235076235	-0.0005522893	-0.0527256759	-0.1192770766	-0.0612708668	0.1118192929	-0.0788999207	0.0626130582	-0.0483005125	0.1111154902	-0.0515796289	0.0371693837	-0.0246431365	0.1018378032	-0.0560889033	0.0015456801	-0.032122649	0.0015946605	-0.0015625825	0.1144494615	-0.0597725893	-0.0029685752	0.0573845928	0.0557574364	0.0721250595	0.1175845283	-0.02565839	-0.0347148488	0.0328257922	0.0223382134	0.0351038894	-0.043842205	0.0230515005	0.0692781838	-0.1073469803	-0.0133510517	0.0692136827	0.0230539989	0.0862583664	-0.0686702913	-0.0813556473	-0.0263148564	0.0490190811	0.0679575211	0.0766191273	0.0427436259	0.1568359977	-0.0277951994	-0.0336407112	0.089822171	0.0355947578	-0.0273460652	0.101150173	-0.0093565635	-0.0063196213	-0.0207303488	-0.0072696432	-0.0985047764	-0.0578953904	-0.0493264394	-0.0102197838	-0.1082532226	0.1090367611	0.0114214167	0.0558288774	-0.007904029	0.1370882412	0.0389749623	-0.0051036186	-0.0486911157	-0.0402646229	0.0403862092	0.0086732245	0.0233068601	0.1270626531	-0.0138390875	-0.0631347338	-0.040970613	0.0603190834	-0.072716863	0.0298329698	0.1135113072	0.0812370747	-0.0851560547	-0.0015092347	-0.0381106448	-0.0168784251	0.0654074919	-0.0171704415	-0.0612132731	-0.033982393	0.0296023471	0.1041476288	0.038301411	-0.0141504406	-0.0406836935	0.0541289074	0.0601478856	0.0044656092	-0.0127045765	-0.0279465463	-0.0619093949	-0.0233445364	0.0908143174	-0.0891006524	0.0195090322	0.0540526904714795	6.213127767300264e-05	3.860295665279756e-09	0.0029216933472055	0.1170438616704387	-0.0661453034614681	0.0043752011700097	0.0136992655547287	0.6749902713953659	0.0293850126730319	0.0008634789697942	0.4556118664783897	0.0002200865793503	0.0001461571775312	2.1361920543887777e-08	4.8438102410115896e-08	0.0011101832317632	-0.0001318794701772	1.232506808088183e-06	1.7392194654218993e-08	0.0016463820354647	-7.757736259120002e-05	2.710573806700889e-06	6.0182471866065206e-09	0.0	0.0	0.0	0.0
271.4038887944466	-0.4181036781276361	0.174810685663858	73660.07085274832	441.9905038000832	0.2716257981851413	0.0737805742397151	195355.60544945137	252.3991661817668	-0.1075396830809154	0.0115647834371437	63705.33908925113	281.16374906274496	303.87661183500444	1.126238	28.954672	0.1182938397152525	0.0552746415296333	0.0241282077	-0.0528016446	-0.119802552	-0.0044792915	-0.0158435475	0.031781214	-0.0688837082	0.0677102598	-0.0742891964	0.0370841686	0.012285592	0.0394841294	-0.0350845479	-0.0536251304	-0.0024747663	0.1274960511	0.0066871527	0.0758749791	-0.028320014	0.0542352226	0.0043118842	0.0163012341	0.0726925276	-0.0611573214	-0.027262308	-0.028555673	0.0190335185	0.0721683321	-0.0528049435	-0.0224673054	-0.0292353369	-0.0306816549	-0.0744145724	0.0427158732	0.0687112891	-0.0156220535	-0.0337545037	-0.0278591462	-0.0112408591	0.0195356177	0.0603152463	-0.0236160314	-0.017624111	0.1021692049	0.0259988192	-0.0315623061	0.0548660502	0.0910999981	0.0236553865	0.0921448319	-0.0548821213	-0.1356541322	0.037719448	0.0703731318	-0.01018096	-0.0457653848	0.0787325012	-0.0661436631	0.0703865788	-0.1366827556	0.0126229976	-0.0275210231	0.0457122616	0.0936366911	0.0275489267	-0.0578699454	0.0082273243	-0.008731701	-0.0137870524	-0.0665183669	-0.0333940649	0.084967512	-0.0131069208	0.0628608951	-0.0332288397	-0.0958524979	-0.0217798419	-0.0229791244	0.0668730261	0.0036463261	0.020988462	0.0086375559	0.0742137917	0.038978466	0.0366435782	0.0528671379	-0.0016256962	-0.0310531538	0.0301353189	0.0368633413	0.0327985054	-0.0940728683	0.0579630316	0.0966898068	0.015052804	0.04122732	-0.0240429785	0.0801803696	-0.0490420087	0.0646965519	0.0030846884	0.0039160786	0.1280580253	-0.0068972834	0.0372870985	-0.1251256879	0.0527442348	-0.1380174767	-0.0414401242	0.0167219395	-0.0528032897	-0.0595148957	0.0018505166	0.0144890762	-0.0257863826	-0.0146379635	0.1054015888	-0.0278266924	-0.0673505291	-0.016811969	0.0714345642	-0.0440424553	-0.0354296927	0.0197808319	-0.012249567	0.0923103694	0.075438886	-0.1308964873	0.1032936677	0.1035113301	-0.0313705072	0.0083070366	-0.1111003098	-0.0275447727	0.002051092	-0.0783991599	-0.0695943953	0.0268786074	-0.0631352795	-0.0202787295	0.0887413447	-0.0917754626	0.027144045	0.0591070287675989	0.0050543382961193	2.5546335611619142e-05	0.0034936408497337	0.143423571774079	0.0263797101036402	0.0006958891051521	0.0205703209404343	0.638964612372753	-0.0360256590226129	0.0012978481080135	0.4082757758646625	-0.0006958463140239	-0.0009159328933742	8.389330651648336e-07	4.84202092740648e-07	0.0010599466203524	-5.023661141079997e-05	1.1234868379964749e-06	2.523717126039718e-09	0.0015958688943921	-5.051314107260008e-05	2.546797528088264e-06	2.551577421020397e-09	0.0	0.0	0.0	0.0
271.74284776613644	0.3389589716898626	0.1148931844890491	73844.1753120496	439.77036774326376	-2.220136056819456	4.929004110789842	193397.97634504543	251.88918583619528	-0.5099803455715062	0.2600799528692328	63448.16194122132	280.4065331048564	302.12973169189723	1.242756	31.950268	0.1714092887491247	0.0900212801218844	-0.039995672	0.1437854472	0.0755586279	0.003932791	0.0059405301	0.0301778434	0.1159469742	-0.0352977338	0.0104241062	-0.063451822	0.0335306499	0.0489276053	-0.0419584467	-0.0725801088	0.0623651564	0.0094820108	-0.2188964087	-0.0297393413	-0.0812615147	-0.0290459687	0.0480405106	-0.1039539078	-0.0870616436	0.0440321985	0.0475395562	0.0093885838	0.090298654	0.06635363	-0.044357254	-0.0851411288	-0.0114621629	0.0855038309	0.0250778863	0.0465711204	0.0998938577	-0.0013395863	0.0107657354	-0.0426833455	-0.0105494133	-0.033907103	-0.0650433914	-0.0216964686	-0.0222547481	-0.0561837108	0.1054943464	0.026226101	-0.0216620279	0.0203833134	0.1293896322	-0.0486375765	-0.0212338788	0.0796396761	0.0310556796	0.1031914782	-0.1431841546	-0.0165616138	-0.0246789587	0.0623522096	-0.0248116097	0.0024027487	-0.0257032276	-0.052709879	0.0015519987	0.0295786158	-0.0826579553	-0.1507919121	0.0390469838	0.0391983743	-0.0894879371	0.0410457895	-0.0233889527	-0.0845482966	-0.0915832179	0.0151246259	0.0468756914	0.0895161761	0.0579221503	0.015459498	0.0232943191	-0.0370270774	0.0344324189	-0.1898121074	0.0060265355	-0.0462143568	0.0485593301	-0.0500397771	0.0162192765	0.0372581382	0.0346090328	0.03853387	-0.0175028465	0.0391990215	0.0907631924	0.0127586802	-0.0167735075	0.0196656997	-0.0465745937	-0.0111858737	0.0109864215	0.0371843128	0.0127700766	0.1413175789	0.0574003702	-0.037321938	-0.0586712687	0.0339277324	0.0800126032	0.1042296453	-0.0164509427	0.0258760155	0.0434978144	0.0463278519	0.1549299961	0.0092675037	-0.0786608667	0.1224416664	-0.0881139301	0.0551310073	0.0791810811	-0.0253905364	-0.046186205	-0.0091367125	0.1161977709	0.1361438122	-0.0318641518	0.0132674948	0.0094153124	-0.0358658356	-0.0790690242	-0.0883390148	0.1066911443	0.062754759	-0.037545638	-0.0298553847	-0.0489530789	0.0246133578	0.0569160982	0.0901081918	-0.0643455865	-0.01719291	0.0864713441	-0.0940880769	0.0346117057	0.0539902345577871	-0.0051167942098118	2.618158298556357e-05	0.0029149454276048	0.1804317923349003	0.0370082205608213	0.0013696083890783	0.0325556316851845	0.7075960067181697	0.0686313943454166	0.004710268289796	0.5006921087235	0.000436201318463	0.0011320476324868	1.281531842219195e-06	1.902715902288596e-07	0.0009928527090012	-6.709391135120008e-05	9.857565017710215e-07	4.5015929404026945e-09	0.0016097849432155	1.3916048823400067e-05	2.5914075634033307e-06	1.9365641485525444e-10	0.0	0.0	0.0	0.0
271.67815061262354	-0.0646971535128955	0.0041857216726711	73809.01752029535	440.72330780029296	0.9529400570291956	0.9080947522908064	194237.03403843177	252.24271139219488	0.353525555999596	0.1249803187448234	63626.38545048612	280.5601180030304	301.5634935981264	1.054685	27.115099	0.2215522030953153	0.1544524380775803	-0.0507383846	-0.0590967174	0.013947622	0.0081677285	0.005863476	-0.1235646511	-0.0241954944	-0.0759436081	-0.0097297728	0.0516841092	0.0939240829	-0.0579952062	-0.0082452798	0.0672989897	0.0661629994	0.0433024205	0.0738431399	-0.0032266033	0.0256676982	-0.0096371017	-0.0364276407	0.0042036107	-0.0125937169	0.0485747384	-0.0537412219	0.0048104225	0.1221952631	0.0753549316	0.0418323212	0.0037429227	-0.0232521742	-0.0343648896	-0.0058537328	-0.0260165401	-0.063861437	-0.0547911726	0.0522363398	-0.0783125061	-0.1382077248	-0.007501947	0.0096068619	-0.0286853342	0.0823552861	0.0009685807	0.0226388711	0.101315992	-0.0434546293	-0.0728573982	0.0897815042	-0.107852184	-0.0669758451	-0.1106382819	0.0807399426	0.04323062	0.0722326813	-0.0371100985	0.0531879908	0.0144173404	-0.062061045	-0.1422900944	-0.0171326427	0.0649168316	0.1163391925	0.031289333	-0.123929604	-0.0534866006	-0.080121206	-0.0114041563	0.0220752731	-0.0132366699	0.038939426	-0.0259334312	0.0828992216	0.0232245347	-0.0099941771	-0.0029281733	-0.0004753822	0.0035799478	0.119980594	0.00756012	0.132637826	0.0572994962	-0.1046777893	0.0546403403	0.0509744397	-0.016214705	-0.0762473954	0.0419701564	-0.0101982803	0.0283104649	0.1121099262	0.0572028297	0.0445651795	0.0339844765	-0.0374708475	-0.0650725905	0.0202663857	-0.0437744942	-0.1105823675	-0.0578329787	-0.0558994884	0.0871197814	0.091346689	-0.0076490122	-0.0613063024	-0.0114472245	-0.0968203945	-0.0129066043	0.0614536741	0.1892708227	-0.0097641891	0.0418465458	-0.0384407306	0.0812192203	0.0178115913	-0.0332651011	0.0287656011	0.0379403702	0.0345741881	0.1175002871	-0.0148496796	-0.035635311	-0.0659518269	-0.0521422718	0.0690063672	0.0290626221	-0.0519334671	-0.0376344262	0.0428085604	-0.0081888526	0.0711286944	0.0365890343	-0.0186886551	-0.0191463242	0.0190231862	-0.0996061197	-0.0212041815	0.1155564936	-0.0655400171	-0.0140901232	0.0840093554	-0.0960293686	0.0418659738	0.0598589611936688	0.0058687266358816	3.4441952326707325e-05	0.0035830952351851	0.0367805812843897	-0.1436512110505106	0.0206356704362783	0.0013528111596175	0.6702809590127217	-0.037315047705448	0.0013924127852598	0.4492765640150138	-0.0001733424253541	-0.0006095437438171	3.715435756265664e-07	3.004759642764173e-08	0.0009953537495885	2.501040587300036e-06	9.907290868198863e-07	6.2552040193221104e-12	0.0016920845128806	8.22995696650999e-05	2.863149998730377e-06	6.7732191670606324e-09	0.0	0.0	0.0	0.0
271.91779959405005	0.2396489814265123	0.0574316342987648	73939.28973606997	441.4579188172247	0.7346110169317512	0.5396533461975017	194885.09408643536	252.0505990786704	-0.1921123135244897	0.0369071410077318	63529.50449591664	280.7448882985655	302.86511237142315	0.890927	22.905005	0.1971340350431764	0.143527169992453	0.0302102757	0.0394994566	-0.0524754229	0.0160738847	0.0690515027	-0.0329196878	-0.0009088394	0.0274028285	-0.0669504783	-0.0169045301	-0.1181386634	0.0489690244	0.0349694892	0.0859762603	-0.0477090002	-0.0279041054	0.0627892244	-0.032073095	-0.0534362312	0.0823749096	0.0521549845	-0.0032168766	0.0370866098	0.0068128932	-0.0754906687	0.0524920037	0.0011535223	-0.0207906262	-0.0676476394	-0.0302207564	0.0547209947	-0.0974532787	-0.1050139304	-0.0717259507	0.0719767301	-0.0651955818	-0.067323538	-0.0352439069	0.0075395644	-0.1308931238	-0.0576505099	-0.039807483	-0.0059949733	0.0764949523	0.0297232613	0.013763674	0.0541219062	0.0819349996	-0.0463067409	-0.019139838	0.0772841955	-0.0040416343	-0.0856778507	0.091635882	-0.112254382	-0.0453963045	-0.0710851601	-0.0539234565	-0.0359799211	-0.0790300086	-0.0186299869	0.0411910381	0.0054377064	0.0514251786	-0.1443365827	0.0462059789	-0.0009363537	-0.0142958646	-0.0409832549	-0.0741919048	-0.0623663789	0.0208123038	-0.024559009	-0.0012116675	-0.0121973756	-0.0038683519	0.0811741135	-0.0252036148	-0.0895482353	0.0418589065	0.0034120074	0.0528089619	0.0415553468	0.0056573603	0.0928339954	0.1029975074	-0.0213538265	-0.0200089414	0.0302767619	-0.0533887611	-0.0297989896	-0.0660852785	0.1129625283	0.1023602046	-0.0226705828	-0.0683119144	0.0714485302	-0.0197915607	-0.00729986	0.0601318834	0.0050029314	0.1223197084	0.1203858518	0.1129040091	-0.0447552631	-0.1585536247	0.07312976	-0.03301352	-0.129123376	0.0073609477	-0.0124128017	-0.0679052521	0.1291873471	-0.0140698542	-0.0475825879	0.0362906033	0.0509447779	-0.0817681951	-0.0477791614	-0.0550597813	0.0315759777	-0.0403883475	0.051293695	-0.0610978122	0.0283647523	-0.0569399588	0.0514894014	-0.1002211604	0.0429828993	-0.0841090769	0.0530072378	0.0376248599	0.0355895837	-0.0300126372	0.0201144519	-0.0074440254	0.00675053	0.1029473498	-0.0667182767	-0.0109734311	0.081360845	-0.0975916762	0.0488621241	0.0578446896510058	-0.0020142715426629	4.057289847581965e-06	0.0033460081208211	0.1815940150077182	0.1448134337233285	0.0209709305867408	0.0329763862866233	0.6519291944363417	-0.0183517645763799	0.0003367872630668	0.4250116745584174	-0.0006807502526806	-0.0005074078273265	2.574627032321993e-07	4.634209065247008e-07	0.0009119419524417	-8.341179714679999e-05	8.3163812462318e-07	6.9575279032589115e-09	0.0016438128333378	-4.827167954279997e-05	2.702120631046045e-06	2.3301550458827724e-09	0.0	0.0	0.0	0.0
272.32099249485555	0.4031929008054931	0.1625645152599482	74158.72295338317	442.2728303291428	0.8149115119180692	0.6640807722565935	195605.25644735072	252.30951148660048	0.2589124079300973	0.0670356349801611	63660.08958660698	280.79469596776374	301.4495539236464	1.061789	27.297752	0.1865865088248615	0.0868387415841845	-0.1083883404	0.0304993001	0.1057497924	-0.0650277537	-0.0902387877	-0.0587190407	0.0925481456	-0.039867284	0.0518818642	-0.0453939879	0.0664422044	-0.0843514716	-0.1034357713	0.1491956814	0.0051638593	0.0004452545	0.0498199286	-0.0746167361	-0.044061534	-0.0678378871	0.0573549632	0.0122524593	-0.0563896076	0.0315200096	0.0703900602	-0.0102542357	0.1040544415	0.0256881921	-0.1192997087	-0.061881434	0.0489038041	-0.0189662436	-0.0498027922	-0.0936173355	0.0204257777	0.0049321498	0.0528294554	-0.0949451217	-0.0546842177	0.0136952475	-0.0078640985	-0.0398568205	0.0472415964	-0.0062248224	0.0747976956	-0.0210094493	-0.0524852977	-0.0771968239	0.0177962556	0.11147193	0.0690083303	-0.112907551	0.0025983792	-0.0359442496	0.0664365096	-0.0458581344	0.0459775233	-0.0011478296	0.0236202045	-0.0507046445	0.0342554993	0.1089578972	-0.0121035914	-0.0149332116	-0.0241343259	0.1000039121	0.0576493621	0.0369522037	-0.0577327417	0.0749379704	-0.0265174781	-0.0849881983	0.0209057996	-0.0310387883	0.052756517	0.0803335933	-0.0385698631	-0.0509273846	-0.0146586566	0.0381465085	0.1644700726	-0.0435318104	-0.0207416545	0.0567422035	-0.0539910252	-0.0079499487	0.0221880818	-0.0306972796	-0.0411533784	0.0777600991	0.0702087072	-0.0853518838	0.0310366332	0.0882999012	0.0269141954	-0.1234028417	-0.0157043306	0.0153009711	-0.1043758107	-0.0026090559	0.0186180611	0.0314235124	-0.0422364217	-0.0382967001	-0.0053368684	-0.0018814704	-0.0445736352	-0.0640560261	-0.0715051798	0.0325908513	-0.0061330644	-0.0140173411	-0.0624869049	-0.0685736176	-0.0460225261	0.0851426464	-0.0791235524	0.0780001473	0.1124789105	0.1205950578	-0.0563222449	-0.0275795134	0.0124569022	0.0604893404	0.0399343593	-0.107062486	-0.0870652149	0.0129503935	-0.0434760727	0.0412090433	-0.0420049278	-0.0631106476	-0.0710466459	0.0276255627	0.0651854012	0.0690074644	-0.0560940765	0.1229516138	-0.0678800746	-0.0078459096	0.0785316931	-0.0987688341	0.0555570233	0.0540730809955931	-0.0037716086554127	1.422503184958404e-05	0.0029238980883559	0.1159751280479781	-0.0656188869597401	0.0043058383258351	0.0134502303257449	0.7039115076857954	0.0519823132494536	0.0027021608907643	0.4954914106524895	0.0003699342002454	0.001050684452926	1.1039378196204078e-06	1.368513125112037e-07	0.0007137945045863	-0.0001981474478554	5.095025947776014e-07	3.92624110916085e-08	0.0015883707349141	-5.544209842369991e-05	2.522921591531558e-06	3.073826277623228e-09	0.0	0.0	0.0	0.0
271.9733328610579	-0.3476596337976616	0.1208672209723241	73969.4937875518	443.2601519302583	0.987321601115525	0.974803944029324	196479.56228923568	252.6460035810701	0.3364920944696052	0.1132269296405417	63830.00312548608	281.3970889316793	307.6646688174627	1.236166	31.780842	0.133138478255643	0.0628699575989862	0.0206628339	-0.0408512471	-0.1161799995	-0.1113549761	-0.0200373338	-0.0996893417	-0.0637477063	0.0903254171	-0.013311007	0.077392984	-0.0215855902	-0.0972286361	-0.011272247	-0.0606842306	0.0042251576	0.0398775244	0.077556159	0.0081731459	-0.0005966065	0.0246190107	-0.035247074	0.0088195935	0.0199722538	-0.0747481522	0.0104351268	-0.050224382	-0.0107110927	0.0460086015	0.0260534565	0.0807480476	0.0550992622	-0.0512594063	0.0006167848	-0.0628560854	-0.0727613058	-0.1078492675	-0.1030985609	-0.0609188597	-0.0177381125	-0.0684001653	-0.0041106373	-0.0386000688	0.1172632633	0.0659739261	0.0670493336	0.0965997177	0.0777305687	-0.025877293	0.0852976794	0.0826435793	-0.0376374761	0.0164001629	-0.1367332253	-0.1167316646	-0.0199719693	-0.0391277775	-0.0184881343	0.051806176	0.125288229	0.011221497	0.0906090024	-0.0921483981	0.0937587719	-0.130252361	0.0462051025	-0.0488472942	0.0556023137	0.0194303853	0.0094234619	-0.0342810503	0.0043897726	0.0729597507	-0.0124822838	0.0418078928	0.0050325674	-0.0942985778	-0.1085049466	0.0121207896	0.0733418812	-0.0126604791	0.0223423567	0.0953274742	0.0297928524	0.0225260275	0.0465536023	0.0966475353	0.1356920291	-0.0695594342	0.0054366162	-0.0630657184	0.0105862979	0.0035342639	-0.0144947802	0.0537195943	-0.0384072439	-0.050471568	0.0239596789	0.0277588357	0.0412317425	0.0735447228	-0.0081751812	0.10250928	-0.0336845459	-0.1126030195	0.0736098825	-0.0378051173	0.0512715679	0.0897748848	-0.055641515	0.0537415658	-0.0778671227	0.0109954695	-0.0727839138	-0.0566288272	-0.0048360954	-0.0243047633	0.0507624568	-0.0054810945	-0.0265057417	-0.0107914875	0.0995810496	-0.0765529881	-0.1271476976	0.0114480417	0.0769863422	0.0693015957	-0.035943576	-0.1083358702	0.0291186858	0.0673165821	-0.025898807	-0.0170753108	-0.0956090178	-0.0152098144	-0.0463733577	0.0228783726	-0.0968907688	0.0800249763	-0.069025124	-0.0047106451	0.0755281812	-0.0995561965	0.0619093949	0.0542341127393939	0.0001610317438008	2.5931222511527988e-08	0.0029413389846292	0.091677412859255	-0.0242977151887231	0.0005903789633923	0.0084047480285662	0.6634905392746262	-0.0404209684111691	0.0016338546872967	0.4402196957069343	-0.0004160074915453	-0.0007859416917907	6.177043428948276e-07	1.7306223302181286e-07	0.0011926510132478	0.0004788565086615	1.4224164394010042e-06	2.2930355588748134e-07	0.0016887477927009	0.0001003770577867	2.8518691073521616e-06	1.0075553729934565e-08	0.0	0.0	0.0	0.0
271.39383872275647	-0.5794941383014134	0.3358134563256976	73654.61569667354	440.4935812077052	-2.7665707225531264	7.653913562888128	194034.59508518915	252.1815462130186	-0.4644573680514838	0.2157206467373115	63595.53225038884	280.8328793843587	301.7627505841696	0.905374	23.276428	0.111403825276975	0.0778125504919837	0.0017303825	-0.023330707	0.0610663651	-0.0306421054	0.0090319726	0.0630847531	-0.0331786231	-0.0756098322	-0.0207583137	-0.04227367	-0.1451373801	0.0676056214	-0.0405857728	-0.0534590229	-0.0582937381	0.004971585	-0.0582576256	0.0236455472	-0.0430094637	0.0803757881	0.0186669383	-0.0130869739	0.0615188276	0.0125625451	0.0137202967	0.0263485135	-0.0464557403	-0.0355223886	0.090816666	-0.0351162342	0.0241360725	0.036969177	-0.0245960379	-0.0021183909	-0.0016083636	-0.02258303	0.0883246121	0.030606139	-0.0347106202	0.0130024984	0.003211527	-0.0637225231	0.0218029185	-0.0623612633	-0.0130764014	0.0673911806	-0.1757217924	0.0633766672	-0.0059400871	-0.0268357365	0.0289466381	0.0305259903	-0.0483550019	-0.0197843696	0.0230276344	-0.0185745035	0.0147184858	-0.031830466	0.190170634	-0.0143319306	-0.0217726633	0.0887394763	0.0410219401	-0.0646358313	-0.091111181	0.0642245265	0.034850371	-0.0097778678	-0.0315271612	-0.0832585808	-0.0277750714	-0.0316095742	0.031570066	0.0139725169	-0.0802493459	0.03904692	0.0176924924	-0.029511444	-0.0708880582	-0.0916992073	-0.0878287504	0.0205691101	0.0003523867	-0.0288930063	-0.0071208806	-0.0736231251	-0.0008438351	0.0747715287	0.0114532016	0.0217847404	0.0806564348	-0.0534605006	-0.0424839123	-0.1521252982	-0.018167282	-0.0289150749	0.0423914075	-0.0327481431	-0.0238852066	0.0362395468	0.0402494805	0.0311545367	-0.0365675384	-0.0841318337	-0.0823584147	-0.0263745711	0.0107695023	0.0023659932	-0.0595570604	0.0107977587	-0.0467711322	-0.0354586172	-0.0931830282	-0.030022443	-0.0387016973	0.0310053397	0.0328822155	-0.0842965095	-0.0352878607	-0.0008010954	-0.0639572335	-0.079539437	0.0013733576	0.0766810083	-0.072484976	-0.0250609151	0.1130977582	-0.0474486809	-0.003074704	-0.0382449193	0.0108591003	0.0003263889	-0.0202501921	0.0099253722	-0.0162745355	0.132324506	-0.1125904392	0.0429288069	-0.0701531426	-0.0015707317	0.0723569779	-0.099950656	0.0678800746	0.0540537249311228	-0.000180387808271	3.2539761372851124e-08	0.0029218051789294	0.1683226855172392	0.0766452726579842	0.0058744978208167	0.0283325264597354	0.6474310292607015	-0.0160595100139246	0.0002579078618873	0.4191669376495713	-0.000579878207145	-0.0001638707155996	2.6853611431157755e-08	3.362587351216995e-07	0.0011550606538144	-3.759035943340003e-05	1.3341651139901494e-06	1.4130351223322067e-09	0.0015198357717981	-0.0001689120209027	2.3099007732371263e-06	2.853127080546791e-08	0.0	0.0	0.0	0.0
271.95007769080667	0.5562389680501951	0.309401789577546	73956.84475603577	440.58954927686233	0.095968069157152	0.0092098702977519	194119.1509319887	252.17793931019816	-0.0036069028204508	1.3009747956176236e-05	63593.71307473799	280.6774399053703	300.20453869462284	0.972194	24.994324	0.2051904545430855	0.1032513842280521	-0.0988981566	-0.002364272	-0.0699320872	-0.0141441258	-0.0863772446	0.0062851986	0.086252932	0.061094802	0.0115317809	0.0549372167	0.0264104302	0.0293481181	-0.1054171168	0.0357821182	-0.0070166658	0.0461498936	-0.0750025489	0.0030431691	-0.0748638414	-0.0492791674	0.0668139962	-0.1062763071	-0.0450020885	-0.0136040254	0.0300014823	-0.0409971121	0.0165156358	0.0750013313	-0.0761432857	-0.0346408699	-0.0063518341	0.1520617995	-0.1091738778	-0.0112826991	0.0654714232	0.0742045013	0.0014292076	-0.0275401588	0.0514584579	-0.0012543677	-0.0468314818	0.0505568823	0.0013178345	0.0529436843	0.1035727034	-0.0019598929	0.0993166952	-0.0937471396	-0.0015883916	0.0142140163	-0.0874083388	0.1694260618	0.0468242427	-0.084764134	-0.0040116828	-0.058127828	-0.0662340378	0.0477565594	0.0634799465	-0.0242485121	0.0356058997	-0.0271500233	0.0086111945	0.0090779348	0.0415479554	0.0178496569	-0.0001734894	-0.0027051879	-0.0847786789	0.0577070605	-0.0520454435	-0.0456790292	-0.0465561029	0.0955811161	0.0410547699	-0.0712106952	0.0028793383	-0.0299801901	0.0103117955	-0.0417044123	0.0861551418	-0.1336879264	0.1155028234	-0.055389687	-0.0628452965	0.0401693124	0.0334442896	-0.0516932851	-0.0193156573	0.0923199987	0.0060927202	-0.0612286461	0.030224308	0.028978758	0.0604452612	-0.0821552002	0.002858351	0.0901455176	-0.0608813117	-0.0464240462	-0.0987870886	0.0216755042	-0.1384526701	-0.0382592282	0.0192760557	-0.0116383117	0.1223199826	0.0491480588	0.0916851142	-0.0388842829	0.0467248248	-0.055506232	-0.0678939584	0.0300959316	-0.0790660078	0.1196910154	0.0370995162	0.0572276206	-0.0535182516	0.0277192404	0.122805817	-0.0090542362	-0.0456444318	0.0695607011	-0.0681768422	-0.0098280945	-0.0513090684	-0.0161443243	-0.0308180595	0.0328229854	-0.0954277884	-0.0270173855	-0.0468285643	-0.0063627082	0.0607697007	0.0989538491	-0.0166057325	0.1353002212	-0.0712638519	0.0015707317	0.069025124	-0.099950656	0.0734322509	0.0542042034967096	0.0001504785655868	2.2643798701061505e-08	0.0029380956767127	0.2241393944723881	0.0558167089551489	0.0031155049985837	0.0502384681544487	0.7043942349675163	0.0569632057068147	0.0032448068043968	0.4961712382554725	0.0007299369806052	0.0013098151877502	1.715615826061092e-06	5.328079956550362e-07	0.0007030855311314	-0.000451975122683	4.943292640863229e-07	2.042815115243129e-07	0.0016032466876756	8.341091587750005e-05	2.570399941542783e-06	6.9573808875233905e-09	0.0	0.0	0.0	0.0
271.7751972707913	-0.1748804200153699	0.0305831613047522	73861.75785157752	440.6260085092464	0.0364592323840611	0.0013292756260349	194151.2793747905	252.18713605514893	0.0091967449507706	8.458011768952466e-05	63598.35159169819	280.8381110515409	305.29329483117976	1.087934	27.96991	0.1777509608566292	0.0977291575214555	0.0791193034	0.0611486424	0.0572280066	-0.0387160838	0.0933380123	-0.0966907063	-0.0091943049	-0.0190548249	-0.0404124314	-0.0349613227	-0.1268798177	0.008271521	0.0918471046	-0.0597478712	0.1611118215	0.095432409	-0.1236901699	-0.0376383316	-0.0486399044	0.0971756553	-0.0096147588	-0.1155054237	0.1389187891	-0.0160746139	-0.03803416	-0.1074565962	-0.0023989096	-0.0291146473	-0.0020672554	0.0012152317	-0.0683726864	-0.0069554682	0.0304417392	-0.0324858475	-0.0069280952	0.1015970394	-0.0537197693	0.1519709147	-0.070254205	0.0072716603	-0.0469427579	0.0273661881	-0.0747153187	-0.0101920699	0.0318043336	-0.1035893375	-0.0650006954	0.1389310966	0.0002348154	-0.0006012008	0.0134044688	0.116844957	0.1302296409	-0.057903115	0.0267539949	-0.045490715	0.0130614934	-0.0850143648	-0.034367994	0.0310340731	-0.0033806295	0.0014783752	-0.0522002342	0.0056175647	-0.0497172258	0.0759000016	0.0110876157	-0.0337273276	-0.0342396226	-0.1032250778	-0.002199304	0.0169611768	-0.1212802923	0.0332740813	-0.1209216819	0.024174307	0.0761933108	0.1607487655	0.0103898578	-0.0173908602	-0.0176185355	-0.1155120834	-0.0061787603	0.0489745916	-0.0455425611	-0.0744792566	-0.005352859	-0.1141691498	-0.0046820996	-0.0860626605	0.0002178236	-0.0444972192	0.0474248951	-0.095915678	0.0612529686	0.0047729078	-0.004319746	0.003192303	-0.061140963	0.0476549993	0.0596481232	0.0354034179	0.0154509017	-0.0258347579	0.0027772687	-0.0100785572	0.0493774704	-0.0840607416	0.1062841313	-0.0895366883	-0.0090648833	0.0151318746	-0.0258394824	0.0608311304	-0.0563647602	0.0582560318	0.0130382572	-0.1743677879	-0.0752585059	-0.0888127001	-0.0765785487	-0.0897928368	-0.083582169	0.0352593168	-0.0491333192	-0.0457343458	0.0039556101	-0.1425783678	-0.0621669963	-0.0296564589	0.0610063494	0.0278145419	-0.0137381191	0.0628394096	-0.053858786	0.1161815823	0.0330525598	-0.0087337387	-0.0723569779	0.0047106451	0.0655400171	-0.0995561965	0.0785316931	0.0514338381283465	-0.0027703653683631	7.67492427422562e-06	0.0026454397046129	0.2272613461357053	0.0031219516633172	9.746582188089146e-06	0.0516477194474128	0.6415473687829873	-0.0628468661845289	0.003949728589216	0.4115830263923744	-0.0009969142298283	-0.0017268512104335	2.9820151029756447e-06	9.938379816341528e-07	0.0010906692391243	0.0003875837079929	1.1895593891719796e-06	1.502211307015256e-07	0.0016690473220576	6.580063438200003e-05	2.7857189632676465e-06	4.329723485073644e-09	0.0	0.0	0.0	0.0
271.8440339584111	0.0688366876198074	0.0047384895624669	73899.17879878177	440.2377111300616	-0.3882973791847917	0.1507748546817779	193809.2423010356	252.63181795088272	0.4446818957337939	0.1977419883934007	63822.83544116795	280.96349349778063	300.7841066344507	1.002889	25.78347	0.2845357194196899	0.2328005645368517	-0.0174139758	-0.091658602	0.0254441362	-0.0116541077	0.1414494292	-0.084678395	-0.073924123	-0.0659269303	-0.0260266757	0.1292949467	-0.0334713951	-0.0416772219	0.1027913575	0.0333965768	-0.0399738424	-0.0526703744	0.0774749616	0.0603691146	0.0635002595	0.0207156251	-0.0588079528	0.0638672846	0.0773268486	-0.0034531812	0.0720716038	-0.0348305451	-0.0811667041	-0.0329349613	0.079221079	0.0737459066	0.0344145103	0.1001050686	-0.0507140409	-0.037946981	0.0814473798	0.0959014498	-0.0097011135	-0.0065003606	0.0109229608	0.0011026646	0.055244804	-0.0542001044	-0.031897346	-0.0123631595	0.0515277177	-0.0538130823	0.1649927284	0.1075599863	-0.0476779637	0.0361878369	-0.001927864	0.0089763048	0.0206704668	0.1103703715	0.0682807701	-0.0384607747	0.0609829784	-0.0624590772	0.0243394548	0.0301163345	-0.0166098553	-0.0281363626	0.0389175017	0.0156876913	0.0896647559	0.0668353144	0.0983970909	-0.0601312451	0.0616474873	-0.038712742	0.0808859713	-0.0183266512	0.0790108581	-0.0800402112	-0.0404052086	-0.0977372825	-0.0774040143	0.0485443349	-0.1068154104	-0.0203318874	-0.0920436153	3.14274e-05	-0.02679927	-0.0349630035	-0.0279057376	0.016172099	-0.0169997826	-0.0112797947	-0.0493133517	0.0023944894	0.0726233718	-0.076237387	-0.0474993419	0.0588859117	0.0343323454	0.0662805962	0.0155633456	0.0687336237	-0.0463220265	0.0029348666	-0.0740340017	-0.1130459762	-0.0486409909	0.1399783481	-0.0237194571	-0.0306817485	0.1717165076	-0.0962872133	0.1209635774	-0.0969731106	-0.0669159932	-0.0125038868	0.0591917126	0.0078550615	0.0459300357	-0.0749012428	-0.0818879185	-0.0946885885	-0.0633246506	0.0807603016	0.0771295063	-0.0023288971	-0.0317703496	-0.0497160081	0.0240497673	-0.0345063292	0.0179677447	0.0952405189	-0.0430633323	-0.0495914442	0.0576805021	-0.061651134	-0.0338588932	0.0233848153	-0.014463477	0.1528174206	-0.2197077154	0.0044101186	-0.0734322509	0.0078459096	0.0619093949	-0.0987688341	0.0831469612	0.047575184060733	-0.0038586540676135	1.4889211213510218e-05	0.0022633981384126	-0.0060198728153295	-0.2332812189510348	0.0544201271152806	3.623886871274312e-05	0.6274486675016107	-0.0140987012813766	0.0001987733778214	0.3936918303495467	-0.0006471737921169	0.0003497404377114	1.2231837377056173e-07	4.188339172029685e-07	0.0014029630234646	0.0003122937843402	1.968305245208932e-06	9.752740773758577e-08	0.0016729560023992	3.908680341599847e-06	2.798781785963512e-06	1.5277782012809096e-11	0.0	0.0	0.0	0.0
271.97650475415554	0.1324707957444388	0.0175485117251648	73971.2191382872	443.0024236867126	2.764712556650977	7.643635520903582	196251.1473923016	252.5051411676673	-0.12667678321543	0.016047007405809	63758.84631610358	281.25303342936496	307.8209885079848	1.13728	29.238541	0.2293666145390238	0.1293645443235453	0.0841509143	0.0891672673	-0.0694069916	-0.0140436488	-0.036492929	0.0585627422	0.0122600836	0.1001449639	0.0206292463	-0.0458716504	-0.0687944645	-0.0506722678	0.0673445902	-0.1065138724	-0.1181028333	0.0247125296	-0.046204951	0.0037761556	-0.0023863909	-0.0337164921	-0.0160302954	0.0377858297	-0.0038396222	-0.0813098958	-0.0060899998	-0.0032668409	-0.110841539	-0.0377388008	-0.0130404645	-0.0891136681	0.0132959601	0.0175735529	0.0171681094	-0.0417657574	-0.0021854351	0.0551245021	-0.0217595505	-0.0569160349	0.0142425499	0.1256944318	0.086676342	-0.0511231741	0.0506854545	-0.0312780903	-0.0722675796	-0.0570874809	0.0039921479	0.006650402	-0.1039476929	0.0028161103	-0.1127411749	-0.034282174	-0.1357624687	-0.0113300675	0.0210223338	0.0379183607	0.1934847771	-0.0242435494	-0.0657272992	-0.0066067217	0.1179923053	0.00511296	-0.1248571758	0.0502227146	0.0439304461	0.0011425109	0.0920365833	-0.0231912689	-0.0059080308	0.0330946924	-0.0045174204	0.1145019585	-0.0458492629	0.0021408395	0.0029562079	0.0419945943	-0.026708912	-0.0511248172	-0.0421809722	0.0580066355	-0.1280607215	0.0512948307	-0.054908622	-0.0977511204	0.0223298586	-0.0127487624	0.059358808	0.0457440006	0.0124267936	0.0031673209	0.0404917053	-0.0665909961	-0.0179275951	0.0535140372	0.0285302827	0.0357878231	0.0309012555	0.0050101062	-0.0268352161	0.0949210397	-0.0321319215	-0.1865031595	-0.0191192169	-0.102253985	-0.0348868205	0.0305813168	-0.1049933511	0.0267943812	-0.0124208049	-0.1302178801	0.1070114962	-0.1550144782	0.0474272096	0.0216195321	0.0025170075	-0.0271963486	0.0499143588	0.0441901507	0.0578191328	-0.1355080463	0.0214570563	-0.0288040429	0.0803665253	-0.0868221977	-0.0023024351	-0.0693350262	0.018045817	0.0683923822	0.0126361118	0.0691725159	-0.0416612763	-0.0519734805	0.0474215713	-0.0790785779	-0.0746342437	0.0058427831	-0.0034389423	0.0193932274	-0.0744894057	0.0109734311	0.0581413184	-0.0975916762	0.0872496007	0.0554077144989832	0.0078325304382501	6.134853306611582e-05	0.0030700148260008	0.0949984812374822	0.1010183540528116	0.0102047078555392	0.0090247114374282	0.6878884373009626	0.0604397697993519	0.0036529657733986	0.4731905021723603	0.0003649639123942	0.0010121377045111	1.0244227328929989e-06	1.331986573500813e-07	0.0013427828679313	-6.0180155533299954e-05	1.8030658304098071e-06	3.621651120012173e-09	0.0015437546574714	-0.0001292013449277	2.38317844246464e-06	1.669298753115232e-08	0.0	0.0	0.0	0.0
270.9058893546765	-1.0706153994790384	1.146217333601661	73390.00088704823	440.1896442252146	-2.812779461497996	7.911728299024958	193766.92288312095	251.8970387812212	-0.6081023864460917	0.3697885124014318	63452.11814674806	280.4148646857746	299.6485577686287	1.172379	30.140913	0.0997741015996099	0.0611916890284671	-0.1128013443	-0.0114129037	0.0926950793	-0.0324488069	-0.0764517484	0.1813219237	0.0678854888	-0.0615509966	0.0110923377	-0.0386950868	0.0895477484	-0.0243405457	-0.1513231438	0.0114067158	-0.1100248211	-0.0279242765	-0.064628866	0.0740627987	-0.0382964979	-0.1150779647	0.0675736773	0.0055976238	-0.0150797071	0.1245552171	0.0291623432	0.1882016201	0.1010000906	0.0521178981	-0.0429782149	0.0755471774	0.0265459826	-0.0035816146	0.059594937	-0.0219586138	0.0435538855	0.1120377153	0.0806075455	0.0465200743	0.0115844017	0.0181095168	-0.0844467775	-0.0683929296	0.0446329969	-0.0718480125	-0.0418505271	-0.0935682463	0.0264803177	-0.1379886029	-0.0792693023	0.0549341204	0.0208262207	-0.0392461441	-0.045049666	-0.0621415765	0.0100509256	-0.0598433405	0.0405479166	0.0557322838	0.0519726886	-0.0030444709	0.0013793842	-0.0522032225	-0.0128175791	0.0532024677	0.0849317203	-0.0281299709	0.0545344924	-0.0231972396	-0.0515661728	0.1049849899	-0.0053633415	-0.1410130282	0.0490676031	-0.0485361456	-0.0322916582	0.0275027166	-0.0022759862	-0.1799139363	-0.0203189419	0.0063214474	0.1255406492	0.0463320339	0.0042905104	0.0188208989	-0.0857154392	0.0009878333	-0.0133949403	-0.0629279684	0.0553189629	0.071739618	-0.0771004884	0.0174714681	-0.0036388454	-0.0426568876	-0.0330098971	0.0909173768	-0.046877621	0.0138376644	-0.0934304823	0.1289237168	0.0148493172	-0.0991573016	-0.1103891848	-0.0266670421	-0.0494176363	0.0247057514	-0.0169526017	-0.093074491	-0.0787588032	0.0227012608	0.0445343558	-0.0345000168	-0.0613424866	-0.0367396166	-0.0240596199	0.0562937711	-0.0877386991	0.1227188357	0.1576853941	0.0888498387	-0.0282256718	0.045773535	0.0260656562	0.0322313271	-0.0046699068	-0.0091931395	-0.0145930508	0.1016979796	0.0815291229	0.0837199145	-0.0127670467	0.0237400759	0.0275548186	0.0529129845	0.022299847	0.0405428796	-0.0354932735	0.0423314876	-0.0755281812	0.0140901232	0.0542441537	-0.0960293686	0.0908143174	0.0550781116392045	-0.0003296028597786	1.08638045174296e-07	0.0030335983817406	0.0953125627810322	0.00031408154355	9.864721599875333e-08	0.0090844846238882	0.7502033594420539	0.0623149221410912	0.0038831495214502	0.5628050805181435	0.0008699944770578	0.0005050305646636	2.5505587124443466e-07	7.568903901110748e-07	0.0012197221596212	-0.00012306070831	1.4877221466710045e-06	1.5143937929783503e-08	0.0016519732856015	0.0001082186281301	2.7290157363410154e-06	1.1711271474360872e-08	0.0	0.0	0.0	0.0
271.3007717454534	0.3948823907768997	0.1559321025456801	73604.1087496786	441.1989421898211	1.0092979646065032	1.0186823813588302	194656.50658941708	252.32173041302843	0.4246916318072351	0.1803629821270921	63666.255638625	281.0210161388113	300.1275604482967	1.046921	26.915489	0.1574573338544412	0.0813706319817817	0.0508196279	-0.0173681926	-0.0388542246	0.0896304352	-0.0134270081	0.116420304	-0.0536712761	0.0480131913	0.0128518283	0.0056519028	0.0616423142	0.1241809425	0.0291767171	0.0855790993	0.0186424107	0.0406522677	-0.0455672856	0.094901941	0.02354913	-0.008535665	-0.0392858199	0.0428674099	0.046558397	0.0030221063	-0.0386635285	0.0258555555	-0.0379774295	0.0423326775	0.008318497	-0.0479533054	0.0247763873	0.0159444251	0.128611342	-0.0010003148	-0.1109640919	0.0749804631	-0.0461559481	0.0198544523	-0.008002735	0.0602384067	-0.0549133125	0.0189481194	-0.0045578316	-0.0097365858	0.0375772593	-0.0477434799	-0.0005977355	-0.0421795903	-0.031091354	-0.0135483988	0.033078835	-0.0015680278	0.0148599348	-0.0715093781	-0.0730036915	-0.0141730336	0.065813835	0.0235145731	-0.028136141	0.0764332038	0.0224491002	0.0189581502	0.1269999814	0.05886313	0.0144949012	-0.1445328194	0.0741596661	0.0648692479	0.0303259637	-0.0022990953	0.0072559124	0.1037425431	0.0227487436	0.0102838118	-0.0523593741	-0.0515380044	0.0656862899	-0.0587806953	0.0549503966	-0.0227435288	0.0658543371	0.0071383238	-0.0779656811	-0.0193458052	-0.0583675148	-0.0903160487	0.0914813024	-0.1019979457	0.001882301	-0.0114700702	-0.0302440607	0.0553043146	-0.0572613904	0.0102181297	0.0571355392	-0.0386282903	-0.0388829576	-0.0218389276	0.0067318669	0.0422157	0.0230326668	-0.0520629919	0.0058281096	-0.0660555131	0.043471347	-0.0186030724	0.0859848459	0.0213176172	0.0412081408	0.1014683291	0.0503060792	0.1006916703	0.0002472791	-0.0624313944	0.0184743462	-0.0596175177	0.0757405757	0.011838411	-0.0393076391	0.0115874113	0.0204192482	-0.0294106457	0.0640550634	0.0145644429	-0.0378756947	-0.0588935674	0.0492356975	0.0020108324	0.0714137666	0.0772262679	-0.0835419794	0.1198412114	-0.0129925008	-0.0276710371	-0.0136515875	0.1178050257	0.1163996277	-0.0424271049	-0.0765483213	0.01719291	0.0502265533	-0.0940880769	0.0938191336	0.0553600920529504	0.0002819804137458	7.951295373630882e-08	0.0030647397921111	0.0774033572825771	-0.017909205498455	0.0003207396415858	0.0059912797186142	0.6861596032176536	-0.0640437562244002	0.0041016027113304	0.4708150010878077	-0.0003017368650978	-0.0011717313421556	1.3729543381897635e-06	9.104513575904796e-08	0.0012952120800766	7.548992045540003e-05	1.6775743323763531e-06	5.698728090362624e-09	0.0019091998573473	0.0002572265717457	3.645044095294951e-06	6.616550921209717e-08	0.0	0.0	0.0	0.0
272.3545461504828	1.053774405029401	1.1104404966950678	74176.99880883547	439.7780948477732	-1.420847342047864	2.01880716940448	193404.77270793705	252.3660517005281	0.0443212874996561	0.0019643765256271	63688.62405091362	280.98442321765	301.82394910953025	0.900049	23.139544	0.1029107897965345	0.047386392110378	0.0281777901	-0.0215394571	-0.0003368284	0.0258311387	0.1658873482	0.015446661	-0.0266727151	-0.0797954134	0.0367202364	0.1152914969	-0.0958022352	-0.0154723025	0.0924748953	0.0269900683	-0.0636886643	-0.1130884391	0.0005016912	-0.0117054441	0.0374528205	0.0281357094	0.0264551766	0.1225454646	0.1158570079	0.0638854822	0.0525127934	0.0222397929	-0.089594326	-0.034055654	0.0334727272	0.0279596963	0.0379299969	-0.0194952274	0.0062259981	0.0440616241	0.1077913189	0.0559166959	-0.0111352618	0.0930761851	-0.1260056381	0.0764436917	0.1236784835	-0.0173282774	-0.0786925983	-0.06616538	0.0480988317	-0.0494516792	0.0445293798	0.0004132569	0.0194946597	0.0758785677	0.0297160985	0.0742510797	0.0709768019	0.0549162925	-0.146913798	-0.0097912741	-0.0652643813	0.0146343731	0.0560398837	0.0359656491	-0.0407884168	0.0029911501	0.1501192752	0.0036214509	0.0222424454	0.05555526	0.018064341	0.0270456128	0.042847538	-0.0357024566	-0.015208337	-0.0151178601	0.0674462171	-0.1575163639	-0.0711829604	-0.0410895823	-0.0208656251	0.0519439385	-0.1338491927	0.0109238921	-0.0354253575	-0.070129328	-0.1041561515	0.0352154844	-0.0168614037	-0.056312875	-0.0124325573	-0.0515826911	-0.0442746786	-0.0733487461	0.018447712	-0.0661435791	0.0775069515	-0.0623141781	0.0358298603	0.1245711496	-0.1143043983	0.0089837636	0.0382229364	-0.0212535284	0.0620975679	0.0340061266	-0.0442824609	0.0043029885	0.0855230814	0.0055772702	0.1441382122	0.04822977	-0.0427896546	0.0461195643	0.016000459	0.0698717113	0.008216676	-0.0568978772	0.0262401458	-0.0690809473	-0.0501653242	-0.1088191315	-0.0540691676	0.0502171669	-0.0123909177	-0.0149908916	0.031188384	-0.1321939873	-0.005585498	-0.0857832386	0.0746837489	0.0737671005	-0.03534219	-0.0801782724	0.0157845797	0.0366326989	-0.0658047044	0.0549955663	-0.0428445991	0.0669217083	0.0050221278	-0.0621681125	-0.0775495743	0.0202787295	0.0460974375	-0.0917754626	0.0962455236	0.0595375467098051	0.0041774546568547	1.7451127410077015e-05	0.0035447194682222	0.0528934299816512	-0.0245099273009259	0.0006007365362966	0.0027977149352238	0.6535784978414796	-0.0325811053761739	0.0010615284275333	0.4271648528407249	-0.0007869338434036	-0.0004851969783057	2.354161077570789e-07	6.192648738939616e-07	0.001564778610448	0.0002695665303713	2.448532099715574e-06	7.26661142964749e-08	0.0018311173167729	-7.808254057440006e-05	3.352990627785585e-06	6.0968831425528325e-09	0.0	0.0	0.0	0.0
272.5284387991156	0.1738926486327727	0.0302386532485209	74271.74995428328	443.191742674062	3.413647826288809	11.65299148192631	196418.920774472	252.6937596092011	0.3277079086730055	0.1073924734068349	63854.13614543271	281.3765817790356	307.093974437545	1.159026	29.797613	0.1982103975237728	0.1046690612670482	-0.0296969306	0.0054620204	-0.1382478181	-0.0534172683	-0.0874987456	0.0130450598	-0.0018063111	0.1439129108	0.0365035214	0.0792077541	-0.039424412	-0.088300637	-0.0621486236	-0.001932022	-0.0141757781	-0.0293865196	-0.0208062117	0.2063118023	-0.015088756	-0.0589069347	0.1578051929	0.0895535272	0.0983285478	-0.0956388881	0.0786754529	0.0402932804	-0.0187394053	0.0008948711	-0.0477240963	0.0573699687	0.0351343916	0.049197093	0.085633326	0.1269978797	-0.0274077672	0.0999406291	-0.0192891286	-0.0536781403	0.0052912825	-0.0744234882	-0.0557673882	0.0406473882	0.0153342325	0.0670315025	-0.0692361143	-0.0064521959	-0.098051308	0.0366169554	0.0619370496	-0.0540868382	-0.023781806	-0.1056856548	0.0053851657	-0.0025417269	-0.0173769423	0.0331050499	-0.1102695101	-0.0793633323	-0.0333076044	0.0642014749	0.1009661657	-0.1935565597	0.0389034623	-0.0089792762	0.0392548377	0.0506576571	0.1088583376	0.0099669421	-0.0245872652	0.0867946383	-0.1597663764	0.0766011535	0.0024453987	-0.0249430506	-0.0656087857	-0.0868506326	-0.1826102049	-0.0220343906	0.031081232	0.028999277	0.0532633046	0.025182657	0.0107887781	-0.0461233688	-0.0972409109	-0.0189500213	-3.97402e-05	-0.0377180053	0.1411634934	-0.0262259153	-0.081053467	0.0071814743	0.0776814923	-0.0601248835	0.0879152501	0.0902926977	0.023741623	-0.0340840514	0.127258857	0.0745828149	0.0334730264	0.0941728691	0.0129941696	-0.0400155898	0.0115290026	0.0161982126	-0.1110081046	0.0512630564	0.0302238612	-0.0455148848	-0.0586600616	0.071089993	0.0194545483	-0.1607452424	-0.020113924	0.0168809826	0.090001802	0.0924068231	0.001712519	-0.0830359729	0.1143686709	0.002031008	-0.0963142754	-0.0312551302	0.0314137132	0.0357278423	0.0263577824	0.0441381271	0.0622211821	-0.0039511973	-0.044532777	0.1310860034	0.0215206601	-0.0237106648	-0.1297623204	0.0353199052	0.0167283081	0.1074237962	-0.0785316931	0.0233445364	0.0418659738	-0.0891006524	0.098078528	0.0547452096586056	-0.0047923370511995	2.2966494412299556e-05	0.0029970379805646	0.1132470850119062	0.060353655030255	0.003642563675511	0.0128249022636939	0.7213726110395129	0.0677941131980333	0.0045960417843077	0.5203784439579644	0.0003919968276703	0.0011789306710739	1.389877527198756e-06	1.536615129035789e-07	0.0015488848861553	-1.589372429270015e-05	2.399044390560316e-06	2.5261047189236683e-10	0.001941698766292	0.0001105814495191	3.770194099019875e-06	1.2228256977745288e-08	0.0	0.0	0.0	0.0
271.10344301867445	-1.4249957804411224	2.0306129742750034	73497.07681657966	440.7332889180788	-2.4584537559832143	6.043994870307974	194245.83196054675	251.6827586154476	-1.0110009937534985	1.022123009370561	63344.210984281664	280.37702768257907	304.1907922900468	1.112196	28.59366	0.1247425079011465	0.0986895077830762	0.0035149992	0.0986668068	0.122637458	-0.0318397549	0.0585465772	0.0787415987	0.0490349384	-0.009455919	-0.0859657211	-0.0885087077	-0.0466674263	0.0081536648	0.0239783272	-0.1076006538	-0.014186252	0.0950076925	-0.0952647054	-0.0125534205	-0.0783113417	0.0305293599	0.0605366487	-0.0661847028	0.0398257072	0.045727868	0.0721185769	-0.0112198877	0.0392028877	-0.1062012796	-0.0665564107	0.0992097591	-0.0244636066	0.0468452548	0.0661255814	0.0382500078	0.0351647632	-0.0135907908	-0.1064535781	0.1059280707	0.0283539372	0.0207447486	-0.0121672483	0.1072599599	-0.03294796	0.1099142656	0.0187560853	0.0159315763	-0.1110161502	-0.0252639456	-0.1798800191	-0.085431318	0.0824309761	-0.0321580928	-0.0433142048	-0.0112950982	-0.0254318233	0.1268154901	0.0105514791	-0.0213599557	0.0638627196	0.0391785829	-0.0195615953	-0.0340688249	-0.0585694347	-0.0759772195	0.0904507196	0.1325694339	-0.0485714711	-0.0853100411	-0.0736286369	-0.0241600862	-0.0265845162	-0.0674895422	-0.1217401928	-0.0533741328	-0.0688242073	0.0577349394	-0.000951245	0.0501067345	0.0393695637	0.058826509	-0.0489181323	-0.0765115817	0.1150515615	0.0523265383	-0.0558007831	-0.0451469772	0.0487084371	-0.023906842	0.0742775845	-0.126420798	-0.0785801544	0.0507746697	0.0299117215	-0.0516384549	0.0509288348	0.0667882106	0.0487645867	-0.0274932634	0.0967789141	0.0531748633	0.0524725901	0.0440126091	-0.1197935144	0.0754286854	-0.1434833404	0.0594164345	-0.0542238416	-0.0441858428	-0.0601350564	-0.0381353604	-0.0593670239	0.0610255195	-0.1256416174	0.0119005427	-0.0614728089	0.1076480127	-0.0784687801	-0.0500861582	0.0202056367	-0.0705567352	-0.0447415302	0.0352193412	-0.0006762956	0.0010313069	-0.0815461924	0.0014321604	0.0273366771	-0.0141051787	-0.1128098047	0.0720618191	0.0728606285	0.0881436949	0.0256495835	0.0307729749	-0.0610137176	0.0494471116	0.0511412183	-0.0109811636	-0.0794944353	0.026387305	0.0375415571	-0.0860742027	0.0993068457	0.0410539596393704	-0.0136912500192351	0.0001874503270892	0.001685427602071	0.2116237747180918	0.0983766897061856	0.0096779730775471	0.0447846220259336	0.7240148772039987	0.0026422661644858	6.981570483986596e-06	0.5241975424127213	0.0002870407685728	-0.0001049560590975	1.1015774341277916e-08	8.239240282286371e-08	0.0014812834443422	-6.760144181309981e-05	2.194200642482292e-06	4.569954935209919e-09	0.0019697873056062	2.808853931419975e-05	3.880062029327332e-06	7.88966040805345e-10	0.0	0.0	0.0	0.0
271.39445789568254	0.2910148770080809	0.0846896586400284	73654.9517764914	440.99503656306734	0.2617476449885316	0.0685118296570424	194476.6222732611	252.5630334324899	0.8802748170423058	0.774883753518865	63788.085856621015	281.2839595232967	299.76594292682483	1.229249	31.60301	0.4080018955016715	0.3258482591990175	0.0715126887	-0.0819533325	-0.0489398943	0.1144588756	0.1142503431	0.0545512033	-0.1378636371	-0.0174517481	-0.0001711151	0.0873740471	0.0461585039	0.06407605	0.0584656017	0.0030661704	-0.1200149442	-0.0031920408	0.0470776308	0.0521710826	0.1362796979	0.0400204286	0.0529320149	0.1111292403	0.0241086352	0.108641159	-0.0264378262	-0.0064671763	-0.0165861384	-0.1426713673	0.0434050231	0.0418972328	-0.022536534	0.024622808	0.018150599	0.0348304926	0.013285978	-0.0024423423	-0.0024234701	0.0541403418	0.0985516081	-0.1017764227	-0.1053446993	-0.0044286971	0.0083057124	0.0900594654	-0.0664265737	-0.0195154896	0.0721409755	0.0198766228	0.0348495657	-0.0136129621	0.0047675191	-0.0640844635	0.0174280271	-0.0671917989	-0.0023776703	0.0604660574	-0.0400191271	0.0599839796	-0.0739848544	0.1059340535	-0.0552350747	0.0027158716	-0.0011687291	-0.1203370237	0.0215514568	-0.0372143812	-0.0223973276	0.0100294449	0.1324529088	-0.0382386714	-0.0386026766	0.0132024089	0.0713597436	-0.1256265596	-0.0206124505	-0.1441048139	0.0215185645	-0.0417248236	0.036861321	0.0419200873	-0.0831327713	0.0174230065	0.126985952	-0.018849089	0.10206996	-0.0054313636	0.0501143372	-0.0159051847	0.0806213169	0.0099674095	-0.0617226582	0.0521802899	0.0185468866	-0.0478860689	0.0299023507	0.0317722594	0.0157028264	-0.0567319664	0.0232398293	-0.0038348384	0.0809145355	0.0153065658	-0.0839411488	0.0851425572	0.1551339558	0.0345378041	-0.0760157835	-0.040951403	0.0866895028	-0.0290564644	0.1106991161	0.037987038	0.0421025531	-0.0184820246	0.1223648039	-0.1228267994	-0.0235028155	-0.0302550561	-0.1056005629	0.0133854415	0.0261595047	0.0904187227	0.080277842	0.034136821	-0.0104470836	0.0367410272	0.1028422299	0.1071170176	0.0178540509	-0.0293861447	0.051376329	-0.0183753448	-0.0839675537	-0.0239972896	-0.0769946079	-0.0081332041	-0.0691444605	-0.0271550409	-0.0804375635	0.0294040325	0.0331337888	-0.0827080574	0.0999229036	0.0411069327766995	5.297313732910425e-05	2.806153278488138e-09	0.001689779922308	-0.10527111534617	-0.3168948900642618	0.1004223713488405	0.0110820077262266	0.6816286128350981	-0.0423862643689005	0.0017965954071503	0.4646175658355	-0.0004210604563072	-0.00070810122488	5.014073446765563e-07	1.772919078656275e-07	0.0016581048942725	0.0001768214499303	2.7493118404104182e-06	3.126582515545359e-08	0.0018813546217929	-8.843268381329987e-05	3.5394952129415057e-06	7.820339566423069e-09	0.0	0.0	0.0	0.0
272.6671736179405	1.2727157222579422	1.619805309682555	74347.3875687961	443.104275953266	2.1092393901986384	4.448890805165524	196341.3993680681	252.42059684199327	-0.1424365904966293	0.0202881823123044	63716.1577100681	281.092643199538	304.13963919857827	1.123082	28.873529	0.3313216004598115	0.2223128362886631	0.0101230097	0.0582568922	0.0336927145	0.0849432232	-0.0931758194	0.0396152533	0.0504873984	-0.0022654844	0.148638367	-0.0509755486	-0.0569127341	0.017446463	-0.1264244558	-0.0079203989	-0.0804625248	-0.0777521191	-0.0367009598	7.26885e-05	-0.0073727249	-0.049709946	0.0731163068	0.0557577496	-0.02802305	-0.0631353049	0.0839030105	0.0829149993	-0.0027905529	0.0104124863	0.0255461085	-0.0670248249	0.0577015017	-0.0037827821	0.02494972	-0.0012364749	0.0329808977	0.0514326919	0.0336351216	-0.0068228129	-0.0132649987	0.010832916	-0.0151854657	-0.0360960051	-0.1000168342	-0.0248694093	-0.0125693006	0.009887117	0.0389865095	0.0594818986	-0.0321270797	0.0574702781	0.0028216169	0.0445292001	0.11440811	0.0051025398	0.0537726507	-0.0133222968	-0.0532312857	0.0165501084	-0.0607875611	0.0166350497	-0.033249041	-0.0269739141	-0.03434439	-0.0745407288	0.0348722346	-0.0197227675	-0.0337037803	0.0729666502	-0.0150161101	0.0809968294	-0.0901713353	-0.0204853538	0.0589462574	0.0026152127	0.0404562957	0.1142938596	-0.0552302814	-0.0529790771	-0.1522333279	-0.0972675216	0.0334782576	-0.0147010598	-0.0074085648	-0.0644288104	-0.0039349442	-0.0806717735	0.0195004773	0.0463969151	0.0577312979	0.0372036464	-0.0025978264	-0.0027518019	-0.0089970341	-0.0348949497	-0.0663172974	0.0627119153	0.0300597818	0.0315240335	0.010938851	-0.0704959142	0.0203032108	-0.0509257368	0.0120014327	0.0316230929	-0.0181554231	0.0103589224	0.0911086353	-0.0146227601	0.1076468578	0.0044005144	-0.0180822373	-0.0241864492	0.0470385165	0.0161493465	0.0021433154	0.001883857	0.0270200003	0.0826058045	0.0892436454	-0.0102939344	-0.084022703	0.0181043844	0.0665492344	0.0042111839	-0.0391545594	-0.0045072389	0.1351754584	0.1487262575	0.0233455694	-0.0057039347	-0.0007486939	-0.0458485836	-0.0529567204	0.0488756958	-0.0631319812	0.0525225477	0.0746398574	-0.0292248589	-0.081360845	0.0323917418	0.0286524553	-0.0790155012	0.0999229036	0.0449392345590666	0.003832301782367	1.4686536951134036e-05	0.0020195348027548	0.0967586143136998	0.2020297296598698	0.04081601166644	0.0093622294439073	0.7486121518937878	0.0669835390586897	0.004486794504827	0.5604201539630477	0.0005920769330118	0.0010131373893189	1.0264473696361188e-06	3.505550946046595e-07	0.0015730395288802	-8.506536539230002e-05	2.474453359419642e-06	7.236116389325514e-09	0.0018100367773265	-7.131784446640001e-05	3.276233135274501e-06	5.086234939333623e-09	0.0	0.0	0.0	0.0
271.65329024173275	-1.0138833762077295	1.0279595005503848	73795.51009915909	441.9979353139098	-1.1063406393561763	1.223989610291033	195362.1748217592	252.3237509274616	-0.0968459145316842	0.0093791311614782	63667.27528210367	280.94804550528914	300.1590798750038	1.046929	26.915703	0.1786782631641417	0.1139369118720118	-0.0559856864	-0.1031648927	0.0665380054	-0.021111046	0.0502996417	-0.0700989548	-0.0489054663	-0.0476862112	-0.0333266474	0.0164693632	0.0427012915	-0.0778002593	0.0305725112	0.1228770702	0.0888211339	-0.0333241654	0.0825166656	0.0671606066	0.0447156582	0.0052150646	-0.0398993852	0.0500431176	0.0628369335	0.0834153941	0.0403146575	-0.0128278185	0.1139130653	0.0046382392	0.058526211	0.0506810506	0.0616641139	-0.0670076891	0.0832810895	-0.034727093	-0.0063352363	-0.0095203815	0.019523399	0.1056247311	-0.0931404126	-0.0498912317	0.1270475113	-0.0581698415	-0.0357242639	-0.0325799581	-0.1180019395	0.0365457881	0.0445174807	-0.0474603168	-0.0469684583	-0.0906260581	-0.0559575284	-0.0162169677	0.1008145152	-0.0445464524	0.1395767639	0.0075957167	-0.0999706693	0.0369636146	0.0384074343	0.0819509151	0.0458639299	0.0344112608	0.0944927701	0.0033105283	0.0148576914	-0.0253906392	0.0729735484	0.0275471322	0.0420633299	-0.0158743087	0.0507618315	-0.0458168134	0.035984571	-0.1066168338	-0.0509336293	0.0105593103	-0.0511898018	0.0704739773	0.0557140128	-0.0049104512	0.1161051148	0.0730938878	-0.1207267441	0.0704598786	-0.043926151	0.0509975306	0.0078441474	-0.0150242291	-0.0699895123	-0.0742066461	-0.0047360603	-0.0446850499	0.0363432135	-0.1102409965	-0.0658401593	0.1329956528	0.0873816174	0.1342610835	0.0304957317	0.0043859852	0.0122078081	-0.0911197366	-0.0148566296	0.0583849682	-0.0252787316	0.0646526854	-0.0479675209	0.0683543893	0.1422375531	0.0389680478	-0.0419124396	-0.0341201852	-0.0876951768	-0.0454086176	0.0419035749	-0.0499848099	-0.0881868512	-0.0153108398	-0.003644185	0.1240450129	0.0121843091	-0.0101198795	-0.0825309428	-0.0269289918	0.1122140912	0.0247158857	-0.074205113	0.0317949279	0.0597576182	0.0063935715	0.111153579	0.0733634914	0.0178772244	0.0796524262	-0.0238585536	0.0155755972	0.022261218	-0.0578724694	-0.0822640518	0.0353474844	0.0241075061	-0.075011107	0.0993068457	0.0520200663236352	0.0070808317645685	5.013817847812365e-05	0.0027060873003154	0.0074761171645292	-0.0892824971491706	0.0079713642971916	5.589232785776813e-05	0.7264949569817603	-0.0221171949120275	0.0004891703107766	0.5277949225199297	-0.0005369522747122	-0.001129029207724	1.2747069518938831e-06	2.883177453186059e-07	0.001554999846149	-1.8039682731199996e-05	2.418024521523414e-06	3.2543015304235523e-10	0.0018669226736388	5.68858963123e-05	3.485400269346645e-06	3.236005199253746e-09	0.0	0.0	0.0	0.0
271.4502830438888	-0.2030071978439309	0.0412119223764449	73685.25616460736	442.46015467039297	0.4622193564831605	0.213646733507707	195770.98847094807	252.51885620131395	0.1951052738523628	0.0380660678850055	63765.77273721987	281.2956022515652	304.0171369889161	1.15318	29.647318	0.1381338667274079	0.0717290961239518	0.1200690846	0.0155476695	-0.0868687586	0.0248164602	0.0050737446	0.124978649	-0.0572650132	0.1101206834	-0.0148485323	-0.0401379005	0.0132278469	0.0555120712	0.0557430315	0.0186672244	-0.0366372243	-0.0615587771	0.0565446714	-0.0110476771	0.090375771	-0.0376722745	-0.0132168684	0.0911268776	-0.0718304572	0.0749988497	0.0011614128	0.0059908178	-0.1442455675	0.0436117476	0.0009112348	-0.0167294324	-0.011620318	-0.0323657489	0.101447848	-0.0153573475	0.0072063657	0.0160167896	0.0629302659	-0.0143115909	0.0554556662	-0.0056954219	0.0450121003	0.0723178114	-0.0763180234	0.0773634055	-0.0075697331	0.0049843388	-0.0550482496	-0.021024413	0.0225248158	-0.0271493432	-0.0518766	0.0357449	-0.064301759	0.0125903548	-0.0108437266	0.1730026801	-0.0506637525	-0.0734008513	-0.0378260574	0.0102859878	-0.0051937402	0.0979255258	-0.0380393784	0.0286471809	-0.0098262816	-0.0421536779	-0.1093102042	0.0069109599	0.0886306088	0.0457311404	0.004053536	0.1027424457	-0.0287516478	-0.1105586914	0.0631405243	-0.0106793363	0.0466778205	-0.0706633803	-0.0222762103	-0.0219368992	-0.1073139801	0.0129338315	-0.1000937889	0.0120868965	-0.0288790802	0.0329620692	0.0244195897	0.0511792309	0.0063330047	0.0369895868	-0.111518242	0.079952363	0.0093891301	0.0342809938	0.090444836	0.0790260178	2.5268e-06	-0.0115401892	0.1062221396	-0.054097321	-0.0105057224	-0.0069227441	0.0506648064	0.0578658141	0.015606834	0.0470336066	-0.0314317463	0.0757155686	0.0051541885	-0.0907772344	-0.0019670991	-0.0091023989	-0.0581833943	0.0370495348	0.0969902615	-0.1092761867	-0.0112163562	0.0078582174	0.0120195091	-0.1127411308	0.0149798992	0.0312489357	0.1114915001	0.0011987764	-0.0036523898	-0.0505233632	-0.053169223	0.0966831635	0.0765257897	-0.0950590989	-0.1062356868	0.0078024236	0.0738653468	-0.0752294379	0.0286211258	-0.0273218005	0.0209147477	-0.1118913108	-0.0831469612	0.0382683432	0.0195090322	-0.0707106781	0.098078528	0.0409213868929612	-0.0110986794306739	0.0001231806851048	0.0016745599052434	-0.0525312096957151	-0.0600073268602443	0.0036008792769121	0.0027595279920951	0.7009330192019618	-0.0255619377797984	0.0006534126630582	0.4913070974075778	-8.691130951727483e-05	0.0004500409651949	2.0253687035357986e-07	7.553575722007547e-09	0.001713934484212	0.0001589346380629	2.937571416171054e-06	2.5260219176216777e-08	0.0016465798237629	-0.0002203428498759	2.711225116023062e-06	4.855097149143341e-08	0.0	0.0	0.0	0.0
271.70965892634524	0.2593758824564247	0.067275848400049	73826.13875387087	440.5801522268376	-1.880002443555384	3.5344091877742136	194110.87053622337	252.1160529401272	-0.4028032611867616	0.1622504672226904	63562.504150109016	280.4882656856648	297.7397341102788	1.302521	33.486767	0.2481048672143465	0.1412365888413507	-0.1005261324	-0.0295523454	0.0628998876	0.0622582096	-0.0894762313	0.0800291333	0.1070970733	-0.0968777597	0.0914077475	-0.0458352166	0.1269699519	0.0127607773	-0.1185056726	0.0507500448	-0.03419058	-0.0731161657	0.0017118177	-0.1123386368	0.0051866106	-0.1053718772	0.0078683251	0.0226846132	-0.163573069	0.0275189645	-0.0122068923	0.1216085108	0.0927822783	0.0917913784	0.0017037759	-0.0321460874	0.0880619441	-0.0018910582	0.0778566394	0.0039550452	-0.0895747307	0.0539887893	0.0047374287	-0.0393636704	0.001464353	-0.032650356	0.0474751521	0.0296651619	0.0799770917	-0.0012304478	0.0131718178	-0.1066227372	-0.0229741864	-0.01155483	-0.1147185692	-0.0792885993	0.0217646301	0.0847542312	0.0101845997	0.0422278326	0.053148897	-0.0124985653	-0.0477042893	-0.0327064105	0.0438574524	-0.0149279992	-0.0353396445	-0.0263170367	0.0111516317	0.0056633815	0.051405746	0.0358470781	-0.0346595331	-0.0049813368	-0.0143057083	0.1245400751	0.0209833506	-0.1064308688	0.1081396106	0.0032320741	0.121303849	0.0909302183	0.0522872442	-0.1006504694	-0.0169776234	0.0182058113	0.12930531	-0.0244513133	-0.0631743137	-0.0192077303	-0.0823336545	-0.0282086338	0.037434579	0.0436142223	-0.0110051443	-0.0205013009	-0.0863468532	0.0586128551	-0.005367218	0.0068881004	0.0565364846	0.0060696791	0.05684774	0.1068771872	-0.0131550715	0.0155937489	0.0092441022	-0.0286496952	-0.0691150593	0.0441396131	-0.0306264256	-0.0241798241	-0.0180283542	0.0381916521	-0.0686210027	0.0427426647	0.1001738132	-0.0286325621	-0.0693352126	-0.0130391242	0.0174561727	0.0007568458	-0.0605569857	0.1397800533	0.1544443622	0.0881411423	-0.01469009	0.0655405765	0.0467323785	0.0093614242	0.028322464	0.0092353605	-0.0644278179	0.0858674846	-0.0037340404	-0.0009515872	-0.1619121289	-0.0020658251	0.0207530503	0.0546595532	0.064655664	-0.0074891196	0.1233244053	-0.0227440314	-0.0840093554	0.0411514359	0.0148672434	-0.0661311865	0.0962455236	0.040622277488211	-0.0002991094047502	8.946643601002157e-08	0.0016501694283292	0.0417425597555762	0.0942737694512912	0.0088875436065552	0.0017424412949478	0.7934641782427931	0.0925311590408313	0.0085620153934396	0.629585402154511	0.0011145774347348	0.001201488744252	1.443575202564428e-06	1.2422828580200076e-06	0.0017309179862874	1.6983502075400064e-05	2.996077075253228e-06	2.884393427451183e-10	0.0016450354837409	-1.544340021999947e-06	2.706141742766657e-06	2.3849861035507965e-12	0.0	0.0	0.0	0.0
272.06006121932944	0.3504022929841994	0.1227817669285847	74016.67691066528	442.229362229898	1.649210003060432	2.71989363419459	195566.8088182624	252.50949814155337	0.3934452014261751	0.1547991265252835	63761.04665169914	281.3744622165717	307.0553524559651	1.349715	34.700077	0.3039517560298284	0.1611518000909695	0.1137205641	-0.0339933541	-0.0817538116	-0.0602377341	-0.0449276676	0.0442657769	-0.1054307783	0.0797333238	0.0154412907	0.0087318653	0.1028932272	0.0269972539	0.0677020793	0.0688057134	0.1424121242	-0.0924018657	0.0186051633	0.0554780289	0.1132390212	0.0113244075	-0.0734282255	0.0559319174	-0.0074540787	0.0183686984	-0.0537259364	-0.0255220308	-0.0638270284	0.0600817905	0.0331006624	0.1048489131	0.0928311442	-0.0914402618	0.0492913836	0.0880226036	-0.0889376555	0.114660485	0.0085078888	-0.1461582714	-0.0192268623	0.0532081655	0.1101155292	0.0761132154	-0.0220997344	-0.0081727217	-0.0568801809	0.0258980273	-0.0085237106	-0.0600099903	0.0297255742	0.036388321	-0.0492949879	-0.0189861264	-0.0049320053	-0.0558186922	0.0063842997	0.0093644244	-0.1030328864	-0.0487217006	-0.1449991952	0.0620496256	0.0453813445	0.0449849028	0.0841772975	0.0865754373	0.0006795947	-0.0240346652	-0.0464573583	-0.0822185892	0.1168829903	-0.0010728779	0.0385730296	0.1022052727	-0.0097781486	-0.0401717304	0.0677819486	-0.0564819023	0.0050297756	0.0400829279	0.0262817342	-0.0363680085	0.0704214659	0.0847816363	-0.0791614155	0.0263828336	-0.055619189	-0.003444364	-0.0670449392	-0.0110320271	0.0612193306	-0.1132378732	-0.068022195	0.0181268046	-0.1006591344	0.0440199106	0.0634615139	0.074759505	-0.0695327386	0.0196790927	0.1125159098	-0.1213548516	-0.0997852128	-0.0156948016	0.0060911337	-0.105798263	0.0573256903	0.0048424616	-0.0125906471	-0.0111498378	0.031618574	-0.0004349856	0.1051831362	0.0225684977	-0.0213566926	-0.1865977047	0.1030281495	-0.1057219761	0.004651243	-0.007770285	-0.019412916	-0.0753730788	0.0234802736	0.0282905614	-0.0275574585	0.0088902909	0.0869182073	0.0064655621	-0.0831415436	-0.0038796556	0.092164919	0.0602133104	-0.0977816233	0.0955213837	0.0026778648	0.0434133143	0.0365713597	-0.0026169372	0.0479399651	-0.1090955399	-0.0848510215	0.043993917	0.0101924456	-0.0612907054	0.0938191336	0.0474748704462655	0.0068525929580545	4.695803024877814e-05	0.0022538633238896	-0.0669319806476238	-0.1086745404032	0.0118101557318467	0.0044798900334138	0.7094678123643092	-0.0839963658784839	0.0070553894807921	0.5033445767809986	-0.0005680859759539	-0.0016826634106887	2.831356153670529e-06	3.2272167607549505e-07	0.0016279464719088	-0.0001029715143786	2.6502097154003093e-06	1.0603132773422257e-08	0.0019479656944754	0.0003029302107345	3.7945703468530272e-06	9.17667125756486e-08	0.0	0.0	0.0	0.0
271.86300806147807	-0.1970531578513714	0.0388299470191975	73909.4951522353	440.1716139672508	-2.057748262647237	4.234327912427724	193751.04974253444	252.1655324655316	-0.3439656760217531	0.1183123862811016	63587.45576362508	280.6641867788864	304.5428005030857	1.085235	27.900511	0.3103870970437037	0.2895770358492515	0.0155132863	-0.0285238087	-0.0151485749	0.0254374553	0.0327357583	-0.0403770744	0.004265207	-0.0832947639	-0.0039309915	0.0461205144	-0.1266489289	0.0520716025	0.0076951617	-0.0372505721	0.0382414712	0.0027934001	0.0173325874	-0.0378544297	-0.046568612	0.1198255617	0.0038620699	-0.0431380063	0.0409004263	-0.1172606705	-0.1078184528	-0.0412309577	-0.0907352309	0.0142636041	0.0454871193	0.0579526236	-0.0040591445	0.0247351053	0.0362583001	-0.0031514486	-0.0224116372	-0.0536088179	-0.0220978073	-0.0055735754	0.0554461164	-0.0295172241	-0.0015748386	0.1243596383	0.101818597	-0.0895704224	-0.0772836989	0.0396068955	-0.0095943107	0.0879474343	-0.0355989544	0.1699906538	-0.0603069909	-0.0695763627	-0.1100998781	-0.0738052502	-0.0548203503	0.0208299186	-0.0144058006	0.0107613278	-0.0372770039	0.0323770319	-0.0894544666	0.0399344216	-0.0195208174	0.096833968	0.0382021293	0.1336383967	-0.1403167895	-0.0813746629	-0.0344877017	-0.11670906	-0.0447037565	0.0278896715	0.0736101107	0.1296502657	-0.0315261022	-0.0268452013	0.0468214256	0.0875550866	-0.0094192969	0.0424377175	-0.090778898	0.0858646458	-0.0596328115	0.0215941374	-0.0646990459	0.0028537255	0.0421930033	0.1496649949	0.0267131721	-0.0354828348	0.0523192311	-0.0797178952	-0.0554730424	-0.0916915542	-0.0089619419	0.0058735584	-0.0054621307	-0.1322347029	0.0648890769	-0.0941475745	-0.0682678868	0.0061902867	-0.0991442241	-0.0137354374	0.1561986783	-0.0166405212	-0.0485692212	-0.0207658202	-0.124248741	-0.0289620239	0.0413056374	-0.0081942355	-0.0068955795	0.1348282914	-0.0391989131	0.0286334652	0.1842623815	-0.0901104806	-0.1046961726	0.0106089773	-0.0874068344	-0.0489168332	-0.1089621195	-0.0879670421	-0.0846827119	-0.1091015429	0.1463154712	0.058029817	0.0444025841	-0.0054676467	-0.0787583502	-0.05236444	0.0979771527	-0.0293885257	-0.0311697449	-0.1599761003	0.004107037	-0.0604505326	-0.0856717519	0.0467929814	0.005495018	-0.0562083378	0.0908143174	0.0413737730038974	-0.0061010974423681	3.7223390001270576e-05	0.001711789092578	0.2219912004057675	0.2889231810533913	0.0834766045500107	0.0492800930575936	0.7082465522428549	-0.0012212601214542	1.491476284254554e-06	0.501613178763891	-0.0005103032680092	5.778270794469997e-05	3.338841337422493e-09	2.604094253408695e-07	0.0018169970137378	0.000189050541829	3.301478147932083e-06	3.574010736583853e-08	0.0019839636132315	3.5997918756099914e-05	3.936111618626588e-06	1.29585015477077e-09	0.0	0.0	0.0	0.0
271.2229993384988	-0.6400087229792462	0.4096111654895255	73561.91537017134	440.199284878583	0.0276709113322226	0.0007656793339557	193775.41040761588	251.71815023297927	-0.4473822325523429	0.2001508620035186	63362.02715671272	280.26904202232856	302.8157329976852	1.300278	33.429089	0.2926011494957228	0.1517109417788298	-0.0963926427	0.062116143	-0.0976207621	-0.1198604194	0.0202521854	0.1277008727	0.1034771162	0.1049535309	-0.1246108198	0.0608427041	0.0701497774	-0.0125070727	-0.0889420619	0.0316626486	-0.0240903081	0.0021434301	-0.1855466571	0.0259144586	-0.1090815119	-0.0265447592	0.1076104713	-0.1948283805	0.0038141656	0.0584255936	0.0500853094	-0.148985818	-0.0765375562	-0.0480398076	-0.0669543642	2.46627e-05	0.092603203	0.0401869681	-0.0445958159	0.057536203	-0.0372692555	0.0548288883	-0.0517707241	-0.0503340283	0.068500369	0.0164832717	-0.0231770941	0.0884803404	0.1566002617	-0.0306947919	-0.0064850143	-0.0998816756	-0.076002191	0.1440852256	0.0018237452	0.0666753653	0.0060106445	0.0541374527	0.0542709578	0.0764251588	0.0701941018	-0.0489458332	0.0019104539	0.0194597733	0.0434928357	0.0312419404	-0.1094128385	-0.0051725555	-0.051200515	-0.0323077119	-0.0544300656	-0.0931734738	0.0041043218	0.01519635	-0.1146451009	0.0370073398	-0.0639580685	-0.1125398932	-0.2416362647	0.0052966411	0.0523058174	-0.1335716303	-0.00729678	0.0343685572	-0.0271572002	0.0730183957	0.0210073397	-0.0111289995	0.0333569829	-0.0669856722	-0.096063574	-0.043725435	-0.0618511732	0.1255989915	0.0672477966	-0.0454807804	0.0425176404	-0.0885830168	-0.0928579719	0.0024434658	0.1002870723	-0.0304342899	-0.0660323234	0.0398399997	-0.0057579665	-0.0791222248	-0.0031312065	0.0258964182	0.0193430463	0.0340654944	0.0676527178	-0.0957385008	-0.0339718755	-0.0109776867	0.0140120547	0.065283174	-0.0491551203	-0.0131969832	0.1154284731	0.0931189488	-0.0984876848	0.2335915246	-0.0934942907	-0.0248902411	-0.0458655214	-0.1062200461	0.1380492979	0.1093638506	-0.0045392495	0.127331225	-0.1281791814	-0.0420537439	-0.0515538834	0.1005847947	0.0035884936	-0.1253244042	0.095425264	0.0833914083	0.0586314241	0.0005399231	0.0092761114	-0.0894070975	0.0710707089	-0.0548699803	-0.0864713441	0.0495458668	0.0007853901	-0.0509041416	0.0872496007	0.047003630967751	0.0056298579638536	3.169530069316584e-05	0.0022093413241525	0.3226748135021609	0.1006836130963933	0.0101371899461442	0.1041190352686543	0.7987721337896758	0.0905255815468208	0.0081948809143901	0.6380369217189118	0.0009341261170388	0.001444429385048	2.086376248390144e-06	8.725916025339858e-07	0.0015133507197129	-0.0003036462940249	2.2902304008555527e-06	9.220107187505601e-08	0.0018167973545313	-0.0001671662587002	3.30075262743193e-06	2.794455804782219e-08	0.0	0.0	0.0	0.0
271.08001231615964	-0.1429870223391844	0.0204452885574264	73484.37307732926	441.14767857941104	0.948393700828035	0.8994506117702963	194611.2743160033	252.4510128120692	0.7328625790899252	0.537087559830337	63731.51386983952	280.9745987444634	302.76009204855893	1.286633	33.078304	0.4240835844378839	0.3390466210919176	0.0494775479	0.0024503477	0.1264932128	0.0190949279	-0.0390551869	0.0023859212	-0.0681390349	-0.0615583229	-0.0079719138	-0.0881656203	0.1162772624	0.005307697	0.0735526624	-0.0904832124	0.0858532795	0.0205318335	-0.0175371325	0.1129123523	0.0685447639	-0.0180893008	0.0005064337	0.0706789539	0.0072442039	-0.00069046	0.0202816899	-0.0782464661	0.1864890064	-0.0048201403	0.047544002	-0.0869655536	-0.0355068452	-0.0330223191	0.0157116387	0.0304068154	0.0162530026	0.0459589939	-0.1658920087	-0.0667325897	-0.049800599	0.0507051479	0.0917942781	-0.1181676237	0.0293778703	0.0044632103	-0.0276218207	0.0090866207	-0.1013359956	0.0193524124	-0.0411295576	-0.0694878604	-0.0132442837	-0.0553317804	0.0236117786	-0.0840370351	-0.1686087857	-0.002480013	-0.0259816265	0.1189126018	-0.0135484237	0.0714222794	-0.075150507	-0.0183152155	-0.0756694482	-0.099236652	-0.0266156695	-0.0018484498	-0.0493943983	0.0294636504	0.0720436487	0.0112284866	0.0056761622	0.0202036188	0.0194701112	-0.0618121068	-0.0865900303	0.1237759102	0.0009599948	0.0593596198	0.1914017069	-0.0214584295	0.0306309353	0.0359605262	0.0451273254	-0.0187998185	0.0461683234	-0.1167222739	-0.0007487987	0.0248686062	-0.0114546103	-0.0670303781	0.1185172261	-0.0086365138	0.0133695434	0.1320786882	-0.0175014663	0.1117929057	0.0095955438	-0.0905398925	-0.0680484251	-0.0179983892	0.076759405	0.0395429931	0.0673874796	-0.0016337636	-0.075334552	0.1069169589	-0.0454202501	0.1016115092	-0.0643743851	0.0211952485	0.0879742587	-0.088426631	0.0556038417	-0.0254880489	0.0646767847	-0.0495388847	-0.0037014232	0.0255828511	0.0676794607	-0.0194827054	-0.0959226679	0.0414244796	-0.0314159225	0.0534816983	0.0146243762	0.1375706163	0.0270318115	0.0160675201	-0.1198696671	0.0157340875	0.0352706777	0.1304943402	0.0472773917	0.0523355424	0.0772945671	-0.0913386757	-0.1029980558	-0.0061519348	-0.0872496007	0.0522498565	-0.0039259816	-0.04539905	0.0831469612	0.0436474955491661	-0.0033561354185848	1.1263644947880036e-05	0.0019051038677144	-0.0065649743426519	-0.3292397878448128	0.1083988379000973	4.309888811967775e-05	0.7542862836719095	-0.0444858501177662	0.0019789908607003	0.5689477977355804	0.0001709818191015	-0.0007631442979372	5.823892194742145e-07	2.9234782463258065e-08	0.0015561673278323	4.281660811939988e-05	2.4216567522127207e-06	1.8332619308502598e-09	0.001950872669609	0.0001340753150777	3.805904173027346e-06	1.7976190113184542e-08	0.0	0.0	0.0	0.0
271.5403017934004	0.4602894772407353	0.2118664028585494	73734.13549805095	441.41031483395	0.2626362545389611	0.0689778021982539	194843.0660418069	252.13403694678507	-0.316975865284121	0.1004736991726172	63571.57258708278	280.8350575453255	300.4030563980229	1.000068	25.710941	0.1462800593714033	0.0671853981677936	0.0759151318	-0.0487428017	-0.0547975627	0.1231703928	0.0980370454	-0.0149876733	-0.0921183198	0.0184254226	0.0246698693	0.086093861	-0.1224713969	0.131131583	0.0613086772	0.0459863719	-0.0633614759	0.0397647258	-0.009025213	0.0452055456	0.0420913547	0.1105737327	-0.0335019814	0.095473603	-0.0048358765	0.034978894	-0.1228906743	-0.0527079843	-0.1163408888	0.0137112171	0.084899579	-0.0009896007	-0.0702787456	-0.0303764138	-0.0236702401	0.0894788978	0.0638620771	-0.0022851625	0.0176777119	-0.0275904864	0.1311285092	-0.0571005276	-0.0704590493	-0.0618236841	-0.0977618498	0.0852348179	-0.0879936839	-0.0643231208	-0.0111286573	-0.1112734828	0.0739848877	-0.0406982754	-0.002748307	-0.0637397398	0.0028479196	0.038365553	-0.0730067355	-0.0990985211	-0.0152182411	0.03419796	0.1029168316	-0.052459501	-0.0123600678	0.0511823275	-0.0441298117	0.0529653393	0.0490659556	-0.1142144906	0.0172331871	-0.110632372	0.054500809	-0.1042125449	-0.01184466	0.079399568	0.0745411992	-0.0515936675	0.0450056807	-0.0966949052	0.0897073759	0.0120406062	-0.0115816841	-0.1037509155	-0.0783912546	0.0378613866	0.0967923143	-0.050882425	0.098599351	-0.0188317953	0.0007086725	-0.0061060086	0.0669140358	0.0951022277	-0.0244549092	0.0951520898	0.0256639625	0.0615880703	-0.0585323253	0.0324702713	-0.0558378652	-0.0167534325	-0.0009599498	-0.0455161882	0.0371573198	-0.0062729561	0.1188289717	0.0953386443	0.0597983859	-0.0502180959	0.0392037097	-0.0697650675	-0.0255916207	0.1029401062	0.0640006062	-0.0517489034	-0.0816688296	-0.1002528943	0.0406769376	-0.1101670097	0.0433934444	-0.0842986263	-0.1269103544	0.0057309736	0.0182474275	-0.0006831616	0.0890751923	-0.0481940357	-0.0486552627	0.0402896268	0.1550352506	-0.0284711024	0.0171464093	0.0549933141	-0.1170322552	-0.0196046469	-0.0495634476	0.0884635559	0.0732724188	-0.0792559784	0.0168316717	-0.0875784719	-0.0880063298	0.0549022818	-0.0086286366	-0.0397147891	0.0785316931	0.0378474202509409	-0.0058000752982252	3.364087346508218e-05	0.0014324272196513	0.0419251429003395	0.0484901172429914	0.002351291470239	0.0017577176072138	0.7242728421861528	-0.0300134414857566	0.0009008066698189	0.5245711499284078	-0.0007667922733303	-0.0009377740924318	8.794202484362862e-07	5.879703904390494e-07	0.0018462594423644	0.0002900921145321	3.408673928519705e-06	8.415343491370501e-08	0.0019392103696843	-1.166229992470005e-05	3.760536857891119e-06	1.360092395336588e-10	0.0	0.0	0.0	0.0
272.57832235154467	1.0380205581442965	1.077486679130197	74298.9418159826	443.3344324246259	1.9241175906759052	3.702228502748451	196545.4189732652	252.1742053928766	0.0401684460915134	0.0016135040614068	63591.82986552871	280.6146239444276	302.65493075752545	1.104815	28.403893	0.2437879939242815	0.1409095718155422	-0.0521349711	0.0175946705	0.0165134038	0.01043059	-0.1324200991	-0.0277970823	0.0566169483	-0.0219856488	0.1082520262	-0.0466982531	-0.1049599958	-0.0470513751	-0.0302657045	0.0858882707	0.0036944103	0.0984233694	-0.0300908574	0.0534489068	-0.0351618729	0.0592353991	0.0972208922	0.0076989601	-0.0787352062	-0.0558586624	-0.1068379912	0.015019021	0.0797913764	-0.05937353	-0.0034238824	-0.0517362871	0.0580792102	0.0194618352	0.0183881339	-0.0440019847	-0.0287046376	-0.0043553031	0.0716980087	0.0026891488	-0.0605659234	-0.1482868592	-0.111515437	0.0154363755	-0.0504834316	0.0280683795	-0.0698408408	0.0721051369	-0.0025426593	0.0779031382	-0.012926831	0.0089693075	0.0440043017	0.0458835681	-0.0465174442	0.0014326062	-0.0399322033	-0.0709558666	0.0324778368	0.0127954106	0.0531321601	-0.0168077623	0.0517840872	0.1369311882	-0.0598313158	0.1244331078	0.0492826473	0.0267513264	-0.0747652365	0.1281362537	-0.0409449359	-0.0238268027	-0.1237522375	-0.0215515133	0.1020483511	0.0734256415	0.0508677424	0.0772594442	0.0421385085	-0.0016570455	-0.0061895806	0.0875081457	0.0777310298	0.0652354752	-0.0129264762	-0.0521933703	0.0209357909	-0.070254752	0.0076990371	0.0491096736	0.0251969991	0.073259482	-0.0349949757	0.0148824959	0.0674561976	-0.0925086203	-0.0106804865	-0.1265993633	0.079158391	-0.1787948966	-0.080984746	-0.0423159605	-0.0058051183	-0.0844836164	0.0860773304	0.0474480957	-0.0106496943	-0.0360604311	0.0712757054	-0.0227786829	-0.022638362	-0.0832210444	0.0140944794	-0.0535750207	0.0371047358	0.0084518609	-0.036821446	0.0400024916	0.1124736946	0.0458409974	0.049430361	0.0439402728	-0.0802706825	-0.0026915421	-0.0262850462	-0.0222773483	-0.0512050622	-0.1067035106	0.1406069429	0.1105334268	0.0432579193	0.0390684807	-0.1438205385	-0.0652310082	-0.0215931504	0.0237649694	-0.010599185	-0.0168887715	0.0645234408	0.1126486338	-0.0887413447	0.0575005252	-0.0133121339	-0.033873792	0.0734322509	0.041037742598931	0.00319032234799	1.0178156684085048e-05	0.0016840963176161	0.1576345710178373	0.1157094281174977	0.0133886717552783	0.0248486579799775	0.7768518006124765	0.0525789584263236	0.002764546869197	0.603498720114847	0.0003048962793791	0.0010716885527094	1.1485163540083686e-06	9.29617411792182e-08	0.0015728124211975	-0.0002734470211668	2.4737389122731425e-06	7.477327338505099e-08	0.0020402604964574	0.000101050126773	4.162662893404595e-06	1.0211128120859568e-08	0.0	0.0	0.0	0.0
271.78519299608587	-0.7931293554588024	0.6290541744904953	73867.19113191964	441.94493807940415	-1.389494345221749	1.930694535403217	195315.3282940084	251.48414554631464	-0.690059846561951	0.4761825918371033	63244.27546115997	280.1052035461352	304.772162909836	1.044326	26.848785	0.1716515073235808	0.1337193244136386	-0.0816111549	-0.0185958388	-0.0569923121	-0.178152959	0.0058118599	-0.0340977585	0.0724102733	0.0452768084	-0.0378644986	0.0794010477	-0.0484185806	-0.1434044719	0.0104499066	0.0420463975	0.0248118073	0.1030846415	-0.1035835457	0.0036751368	-0.0846456274	0.0579124055	0.0606435431	-0.1595984027	0.0013779779	0.0646058634	-0.0154198286	-0.0743274309	-0.011105611	-0.0095948302	-0.0187686458	0.1081207757	0.0501949025	-0.0386955186	-0.0055438469	0.1232672123	-0.0290777761	-0.0310930334	-0.0039031648	-0.0798467088	-0.1376458508	-0.0756814242	-0.0537139549	-0.0795878476	-0.0522790856	-0.0640562156	-0.0657971109	0.0746565377	-0.0765085538	-0.0093808979	0.0236644453	0.0263918479	0.1006571147	-0.00614535	-0.0349133405	0.0427866062	0.0123040182	0.0600367964	0.1099878917	0.0200123965	-0.1348119623	-0.0290830043	0.1802306292	0.0018446183	-0.0391267014	0.0112603194	0.0075046704	0.0427529242	-0.1059040271	0.0201829597	-0.0904271421	-0.0503654063	-0.0317630505	-0.1214974511	-0.1387286237	0.037134436	0.0310444036	-0.1255311717	-0.0384465031	0.0764578219	0.0380374518	0.0358155731	0.0443783929	0.1332216073	0.0361564095	-0.0135071608	-0.0444430335	-0.0083897996	-0.0437612172	0.0310094501	-0.052038904	-0.0873809391	-0.0864527105	0.0054273675	0.0934366395	-0.0349074467	-0.1712415627	-0.1160444045	-0.0278327047	-0.0540955788	-0.036973127	0.0480481759	-0.0080055621	-0.0251696887	0.0976802388	-0.1168401442	-0.0943263687	0.0368884831	-0.0537622435	-0.0130116348	-0.0092650429	-0.1002363287	0.0828825399	0.0308578309	0.0543167899	0.0024590156	-0.0829074741	0.1795346393	-0.0711857664	-0.0898016007	-0.0999659908	-0.0314630227	0.1245738394	0.0611753612	-0.1360941807	0.0254675014	-0.0440411182	0.0149344978	-0.030575755	0.0450582647	-0.0392793363	0.0848018422	0.0401443102	-0.1339967813	0.0193001907	0.0505292675	0.0095511948	-0.0482458575	0.096724669	-0.0332862772	-0.089454464	0.0600420225	-0.0179660749	-0.0278991106	0.0678800746	0.0510162090965877	0.0099784664976567	9.956979364485728e-05	0.0026026535905867	0.2887076419659422	0.1310730709481049	0.0171801499277669	0.0833521025295346	0.7957091475639757	0.0188573469514992	0.0003555995340492	0.6331530475169889	0.0004059267129426	0.0001010304335634	1.0207148506028784e-08	1.64776496280384e-07	0.0014989290108196	-7.388341037790013e-05	2.2467881794766244e-06	5.4587583290692015e-09	0.0021001991110424	5.993861458500034e-05	4.410836306023288e-06	3.592637518369216e-09	0.0	0.0	0.0	0.0
271.5239140289775	-0.2612789671083533	0.0682666986532079	73725.23588961558	442.2774489281883	0.3325108487841248	0.1105634645591391	195609.3418304262	252.80992710745755	1.325781561142918	1.7576967478665528	63912.859244078005	281.5841707828361	303.38846448958594	1.376056	35.377304	0.6486921972490954	0.5219387400980152	0.117358278	-0.0615526139	0.072791829	-0.0416768461	0.0045569206	0.0177596563	-0.1532175076	-0.0326479309	0.0228071255	-0.0758408867	0.0088383579	-0.0574015021	0.169923486	-0.1532259382	0.0513986728	-0.0913550684	-0.0842371442	0.103262334	0.1816355768	0.017738473	0.0929482266	0.0933776811	0.0248592728	0.1139382102	0.0106613791	-0.2011343834	-0.000266589	-0.0252332429	0.0885375373	-0.0224565154	-0.1158256664	-0.1225051574	-0.0047016396	-0.0096631518	0.0353494231	0.0191316349	0.0254030319	-0.0089757247	0.0599847672	-0.0263465069	0.0018583361	0.0580769095	0.0202429292	0.0460184206	-0.0511869153	-0.0918997982	0.0146599146	-0.0247200424	-0.0109747076	-0.0333293868	-0.0177964541	-0.0684168774	0.0364327793	0.0044808551	0.0383800322	-0.0256055592	-0.0279387615	0.1263076861	-0.1164163274	-0.1624450422	0.0672998064	0.0703323893	-0.0380456711	-0.0045657455	0.0991712768	-0.0452203904	-0.0183263687	-0.0885436167	0.1847539381	0.0033428081	-0.0679967141	0.0147118985	-0.0659388628	-0.2115118338	-0.0812614945	0.0528609958	0.0456786813	0.1347095819	0.1329456702	-0.0008851583	-0.0728966577	0.0471343585	-0.0107744466	-0.0217465398	0.0412508688	0.0755812452	-0.0505657596	0.0085274813	-0.0726830604	0.0207533829	-0.0941301127	0.0450456275	-0.0168776913	0.0143392367	0.1143520492	-0.0099119311	-0.0819283368	-0.0129633457	-0.1636829934	-0.0426511992	0.0168926598	-0.0712310528	-0.0075604358	0.0382223569	0.0112544314	0.0173651539	-0.0052716827	0.072328428	-0.0128451096	0.006339878	0.0329352428	0.0102340965	-0.0527706557	0.0932462563	0.1741716482	-0.0756482962	-0.0984760339	-0.0679129696	-0.1035540482	-0.0776244942	-0.1048681732	0.1258599045	0.0715778438	0.1417416616	0.0826492319	0.0348833277	-0.0687063763	0.0974627124	-0.1623432991	-0.0036896111	0.0208353721	-0.0579495824	0.1937714354	0.0058145799	-0.0213187569	-0.0579362614	-0.0436598096	-0.0093285881	-0.0901455117	0.0625242656	-0.0225801267	-0.0218143241	0.0619093949	0.038397293536974	-0.0126189155596137	0.0001592370299006	0.0014743521509645	-0.2205569335705206	-0.5092645755364628	0.2593504078963335	0.048645360946031	0.7173337784386717	-0.0783753691253039	0.0061426984855276	0.5145677496891014	-0.000454980319079	-0.0008609070320216	7.411609177842402e-07	2.0700709074922865e-07	0.0014500378762671	-4.889113455249991e-05	2.1026098426092017e-06	2.3903430378306507e-09	0.0020413305370622	-5.886857398020029e-05	4.1670303615426495e-06	3.465509002462314e-09	0.0	0.0	0.0	1.0
271.99497209838887	0.471058069411356	0.2218957047575538	73981.26484680334	442.1527785395233	-0.1246703886649811	0.0155427058098774	195499.07957022075	252.5707102123808	-0.2392168950767654	0.0572247228901682	63791.96365718643	281.0504935931233	299.3913205665606	1.228045	31.572044	0.3582275841881696	0.2351690834606151	-0.0110172096	-0.082300198	-0.0675244099	0.123470852	-0.1335787622	-0.0433555434	0.0183950601	-0.0040166269	0.1145156108	0.0387541043	0.1053989842	0.1113175538	-0.0776385678	-0.0122880275	-0.0518066886	0.030234351	0.0977173564	-0.0011081741	0.0552327057	-0.0471457012	0.0054098876	0.0596802838	-0.1383208969	-0.02976929	-0.0249200589	0.0677894011	0.0292125833	0.0991059192	-0.0453558119	-0.0232241977	-0.0241685984	0.012454356	-0.0735301904	-0.0164294313	-0.019350106	-0.0569710471	-0.029510134	0.0046856353	0.0736195251	-0.0352765034	-0.0805941475	-0.1352143247	-0.0354442049	-0.0507759484	-0.1169672588	0.0421746482	-0.0621237782	-0.0055353802	-0.0171603924	0.0638772729	-0.0600783531	0.0490900926	0.0610248463	-0.0019172919	0.0877831933	-0.0179109062	0.0899744914	0.008646622	0.0251357907	0.037245102	0.0176077321	0.0936680409	-0.1047370509	0.0318899706	-0.0547387377	-0.0088971219	-0.0113953623	-0.0395365086	0.0458973591	0.0717418002	-0.0295550296	0.0092657957	0.1025419767	0.0559736876	0.1263168736	0.0023131618	0.0155364927	-0.0846251643	0.0201590646	-0.0566471758	0.0406511731	0.007883882	0.0945034554	-0.0658611018	-0.0119776326	0.1079549296	-0.0172237453	0.0324375066	-0.016609667	0.0549187586	0.0294648715	0.0194774829	0.0392671204	0.0350090559	-0.1303708962	-0.0684456263	0.0277398412	-0.0419450093	-0.0480127549	-0.0364173415	0.0650602721	-0.0881335187	0.0946284042	-0.0273713279	0.0398446033	0.0229384649	-0.0392242383	-0.012381747	0.0327688785	0.0265645545	0.0487397338	-0.0522258438	-0.0614091784	0.0559208352	0.0676802517	-0.0702948438	0.0652962437	0.109234388	-0.0119710757	0.0517341553	0.0626344249	0.0495075884	0.0500307346	0.052461617	0.0170835324	0.1491150781	-0.023630139	0.0274251792	-0.0126970158	-0.0162852579	-0.1125349117	-0.0569179192	-0.0413085991	0.0064066751	0.0690620486	-0.0303911586	0.1197893545	-0.0305932651	-0.0908143174	0.0649448048	-0.027144045	-0.0156434465	0.0555570233	0.0412538083142663	0.0028565147772923	8.159676672889304e-06	0.0017018767004302	-0.0134656543287263	0.2070912792417943	0.0428867979380028	0.0001813238465007	0.8172485146271598	0.099914736188488	0.0099829545076151	0.6678951346602989	0.0004321025898618	0.0008870829089408	7.869160873348717e-07	1.8671264816527493e-07	0.0013709427294776	-7.909514678949999e-05	1.879483967507492e-06	6.2560422456525514e-09	0.0020402075131806	-1.123023881599832e-06	4.162446696838569e-06	1.2611826386435538e-12	0.0	0.0	0.0	0.0
272.3748309648633	0.3798588664744216	0.1442927584392324	74188.04854313785	442.77395533172177	0.6211767921984688	0.3858606071659796	196048.77552009755	252.7086778388565	0.1379676264756995	0.0190350659553381	63861.67585506295	281.45735978555524	306.83125938231825	1.14785	29.510294	0.2302103155808285	0.1252839790235891	0.1526281651	0.0111781866	0.0474237858	0.023877464	0.0181988089	-0.1270037564	-0.1174126358	-0.0374459209	0.0702033198	-0.0518146104	-0.0512026423	0.0517675901	0.1100599275	-0.0226911992	0.153132988	-0.0266114103	0.0092240968	0.0115339528	0.1174872464	0.0550173316	-0.0591085485	0.0976099062	0.0260379547	0.0094206346	-0.0542812818	-0.115931154	0.0729142971	0.1453153559	0.0579696672	-0.0806910309	-0.0748772394	-0.0699862824	-0.0470444892	-0.0025419931	0.0724604442	-0.0094914215	-0.0262415042	-0.0084111514	0.0623059863	0.08457817	-0.0456097264	-0.0040529482	-0.1099044379	0.0279621845	-0.0267514369	0.003340224	0.0960574098	-0.0475521066	-0.0001119695	-0.0153074068	0.0641653917	0.0704267328	0.020753384	-0.0068291001	0.0847317457	0.0107366136	0.0853395062	-0.0409059292	-0.0259158257	-0.0516045998	0.0256807896	0.0340407927	-0.0488998766	-0.1340364147	-0.0178756981	-0.0182261732	0.0382404637	0.0094884205	0.1269673276	-0.044406054	0.0147988416	0.0938627712	0.0213842632	-0.1011743077	-0.0153328169	0.1051753211	0.0911113662	0.1598811403	0.0611087412	-0.1457873945	0.036491869	-0.0553069998	-0.0180495454	-0.026585905	0.0543889139	0.0216626711	-0.0454600406	-0.0017087877	-0.0070853637	-0.0022213954	-0.0173986231	0.0176469826	0.0344753873	0.0972575887	-0.0878062886	-0.0201186673	-0.0478971101	0.0207479962	-0.0229955128	0.0495415642	-0.0227980811	-0.0677247548	-0.1035776108	-0.0004631625	-0.0628580223	0.001532174	-0.0203089082	-0.0474008373	0.0615086023	-0.0549017275	-0.0149940169	-0.0003301462	0.0277402817	0.0661253854	0.1060490402	-0.1409930626	-0.0285913147	-0.0623481535	-0.0782836494	-0.0764113972	-0.1167894757	-0.0641620579	0.0262723473	0.0596787448	0.0928425661	0.0480009821	-0.0113127493	-0.0500440329	-0.0642613519	-0.0188555941	0.0458100283	-0.0093421411	0.0628487286	0.0535823577	-0.026872488	-0.0006844275	0.1600760339	-0.0713565647	-0.091460716	0.0673012514	-0.0316476967	-0.0094108313	0.0488621241	0.0414349158010907	0.0001811074868244	3.279992178385023e-08	0.0017168522474434	-0.0913288743604994	-0.0778632200317731	0.0060626810337163	0.0083409632919558	0.7432916274241137	-0.073956887203046	0.005469621164764	0.5524824433987875	-0.0009589829132197	-0.0013910855030814	1.9351188768835098e-06	9.196482278473426e-07	0.0014890483327112	0.0001181056032335	2.217264937150005e-06	1.3948933515172516e-08	0.001985216602312	-5.499091086860015e-05	3.9410849580952015e-06	3.024000278158326e-09	0.0	0.0	0.0	0.0
271.720896204636	-0.6539347602272869	0.4276306706335192	73832.24543425058	441.92667352380886	-0.847281807912907	0.7178864620201642	195299.18477181916	252.2724340889929	-0.4362437498635927	0.1903086092950488	63641.38100118526	280.62762289448466	299.43138475988576	1.194897	30.71983	0.31220338789744	0.2192906552116318	-0.0686847917	-0.0662516791	0.0034292087	0.0699989155	0.008537425	-0.1357589583	-0.0021233619	-0.0030853754	0.024045836	0.0848705664	-0.0293631798	-0.0209035844	-0.0549480586	-0.1062242865	-8.07721e-05	-0.0299640964	0.0687244135	-0.065454271	-0.0101095538	0.0182401076	-0.0087578803	0.0255868151	-0.0053885426	-0.0382195779	-0.0145891221	0.0316164945	0.0306513334	0.0217105241	0.0880413396	0.0390162123	-0.0331239392	0.0494429979	-0.0002611263	0.0503280791	-0.0487869291	-0.0586981956	0.0735840607	0.0558900524	0.0751440436	-0.0105600179	0.0375082797	-0.0503004887	0.0387310156	-0.0108329803	-0.0271562199	0.0255612168	-0.0564707586	-0.0259310221	-0.0323584606	0.061415152	0.0220529076	-0.0263353108	-0.0179615988	-0.0746501056	0.0362183829	0.0029995918	-0.0349921549	-0.1259807631	0.0508459491	-0.0674067436	-0.0973772993	-0.0452902496	0.0184446963	-0.0164057554	0.129729986	0.0726921784	-0.0634002415	0.0792269757	-0.012275178	-0.0031153168	-0.0078503762	-0.0035988541	0.0986346223	0.066416362	0.0198170238	-0.0182451404	-0.0629396213	0.0365607932	-0.0095440385	-0.041634209	0.0061313598	-0.0016649691	0.0016489402	-0.0340886179	-0.0123702596	0.018625657	-0.0542895338	0.0633287548	-0.1238094548	0.0808413837	-0.0427856815	0.0370019218	-0.1083863081	-0.0386979093	-0.0470915253	0.0919763133	0.0113103392	0.0119820766	0.0519564221	-0.0890806964	0.0187176235	0.0378778724	0.0296877551	0.0716503282	0.0388526779	-0.0185239264	-0.0234546422	-0.1075928482	-0.0766233097	0.0182262881	-0.0491109218	-0.053724524	-0.0907456966	-0.0304837053	-0.006366261	-0.0061753557	0.0606003174	0.0213368495	-0.0165884577	0.0992551948	0.0435986556	-0.0286195742	-0.0948651114	-0.0884316652	0.0371813131	0.0572471947	0.0216685179	0.1014700172	-0.0739398415	-0.079296591	0.0008188815	-0.0656296925	0.0408878901	-0.0252492215	0.125594226	-0.0615692638	-0.0444054488	-0.032903471	-0.092084548	0.0695912797	-0.0360810826	-0.0031410759	0.0418659738	0.041141999872849	-0.0002929159282417	8.579974101769878e-08	0.0016926641535375	0.1105679956928611	0.2018968700533605	0.0407623461373435	0.0122252816715365	0.7914496398580866	0.0481580124339728	0.0023191941615906	0.626392532431495	0.0001088650728184	0.0010678479860381	1.1402993212856262e-06	1.1851604079755534e-08	0.0016026117868732	0.000113563454162	2.5683645394249107e-06	1.2896658121204676e-08	0.0020409169517492	5.57003494372002e-05	4.165342003937247e-06	3.102528927426209e-09	0.0	0.0	0.0	0.0
271.4462082961047	-0.2746879085312912	0.075453447093295	73683.04399833227	441.7265939846845	-0.2000795391243741	0.0400318219762219	195122.3838333103	251.93106546171103	-0.3413686272818665	0.1165325396923059	63469.26174467293	280.5942644026673	304.05640348108403	1.030592	26.495689	0.0872972487700499	0.0536080778251711	0.0623697797	0.0847799804	-0.0133510042	-0.0063306754	0.0472476121	0.0229762975	0.0001273015	0.0510710857	-0.0555650821	-0.0474436178	-0.015540744	0.0122138268	0.0475817278	-0.0552026923	-0.0357031052	-0.0755627148	-0.025195057	-0.071658346	-0.0274709938	0.0417854303	-0.0740069726	-0.0215576311	-0.0520410022	-0.0006311655	-0.0009389381	-0.0442560119	0.0055836236	0.0108278801	-0.0246725035	-0.1171405237	0.0739575426	-0.0517208511	-0.0283591695	-0.0683600284	-0.0189673767	-0.0383966664	-0.0357260838	-0.0423877128	0.0304718066	0.0918807516	-0.0099310795	-0.0224611216	-0.0785198702	0.0382082925	0.1196974777	0.0192288909	-0.0139935176	-0.0556081104	0.053781224	-0.0340818767	0.1374841612	-0.0095818031	0.0115282959	0.0511725154	0.0487594548	-0.0754387539	0.03542261	-0.0307985705	0.0633845209	0.0807058913	0.0223155153	0.0934459385	-0.045998778	-0.0780029987	0.0845965176	-0.1271092728	0.0490913976	0.033173411	-0.0250694679	-0.0408963603	0.0382536934	0.051695218	-0.051793096	-0.0009543162	0.0699036377	0.0363802643	0.0380704531	-0.0047000283	-0.0361131404	-0.0216297472	0.0170453174	-0.0051079483	-0.0105749569	-0.0002896483	0.1060767295	0.0072238466	0.0743086578	0.0125599496	-0.0104207357	-0.0335229615	0.0013738887	-0.0147689791	-0.0905823939	0.1700160165	0.0009072158	-0.1215322674	0.0384066799	-0.0165005305	-0.0140452098	0.0092664117	0.0472640563	0.0172523206	-0.0243427928	0.0025825136	-0.0755718373	0.0535690517	0.0926541928	-0.0477975002	0.0181589526	0.0023353552	-0.1090083716	0.0158649126	-0.0376099318	-0.031149094	-0.0152993403	-0.0090899324	-0.0057565252	-0.0142931976	0.008055077	-0.0575835026	0.0067232354	-0.0824038175	0.0761557006	-0.0364211918	0.0455907737	-0.0443740019	0.0311621792	-0.0547655833	-0.0307019781	0.0847478447	0.033209782	-0.0465451492	0.0230499255	-0.0015131825	-0.0125547872	-0.0537241916	0.0103830722	0.1251534283	-0.0926856596	0.0718126298	-0.0404343596	0.0031410759	0.0346117057	0.0365191872638206	-0.0046228126090284	2.137039641819197e-05	0.0013336510384099	0.0701032859206804	-0.0404647097721807	0.0016373927369468	0.0049144706968766	0.8113059573314274	0.0198563174733408	0.0003942733436021	0.658217356401464	-0.0002560523360387	-0.0003649174088571	1.3316471528697988e-07	6.556279879087535e-08	0.0015207381736901	-8.187361318309988e-05	2.312644592918301e-06	6.7032885356558675e-09	0.002041194108019	2.771562697999677e-07	4.166473386611481e-06	7.681559788943249e-14	0.0	0.0	0.0	0.0
271.2587607054215	-0.1874475906832344	0.0351365992529494	73581.31525944111	440.2886064233914	-1.4379875612930846	2.0678082264336326	193854.0569462521	251.78717441665395	-0.1438910450570745	0.020704632847617	63396.78120072252	280.3498373562464	299.2762725114643	0.992572	25.518236	0.2011682263610344	0.1443335032709929	-0.0634554594	-0.0416030069	0.0102308916	0.0745884329	0.101099771	-0.060571079	0.0323653969	-0.0628204831	-0.0261021325	0.1019010535	-0.1063603968	0.0512691162	0.0405686999	-0.043878862	0.0440143586	-0.0101246141	0.041977403	-0.0147345563	-0.0642463467	0.100729885	0.0219599053	-0.0451591265	0.0633850906	0.0021730467	-0.102135224	-0.007999089	-0.0781261017	0.1081616588	0.0878058798	0.0583326593	-0.0310723422	0.1588997282	-0.0478176055	0.0296191897	-0.0976082375	-0.0209877428	0.1109445602	0.028478251	-0.0412538557	0.0902409097	-0.004934606	-0.0254162079	0.0811665094	-0.0686564159	-0.0218487261	-0.0344808466	-0.0685118078	0.0006763767	0.0400400995	-0.1022843468	0.0496876641	-0.0236902668	0.0614182572	-0.0308852047	-0.0511119867	-0.0116336833	-0.0135854513	0.0516068255	-0.0154382331	-0.017671241	-0.0560750347	-0.0295774666	0.0340739578	0.0736287849	0.0413513974	0.0275970058	0.0221150114	-0.0786631084	-0.0534652686	-0.1007406571	-0.0395513633	-0.011786062	0.0696910108	0.0941915344	-0.0734611054	-0.0976816497	0.0609406452	0.0649852539	0.0238257128	-0.0447977195	-0.0185054554	-0.048000695	-0.0481451903	0.0196379666	-0.1020787531	0.0131612992	-0.0647804519	0.122119871	-0.1057613416	0.0254049346	0.0812831748	-0.0148055915	-0.0660532141	-0.0910003387	0.0068361285	-0.0469671484	-0.0524681437	-0.1146029469	0.0285630801	0.010062253	0.0346650571	0.0784456528	-0.0474950147	-0.0475969942	-0.016772481	0.0169847808	-0.0066649049	-0.0179339897	0.0062500875	0.0953467867	0.0916952066	-0.0028841771	0.0041997211	-0.0494610618	-0.0560728055	0.0478110208	0.1064453562	-0.081557138	-0.1600003747	0.1007180429	-0.0241734118	-0.1063491578	-0.1037246903	-0.0454221959	-0.0924898406	-0.0807789482	0.1008551743	0.0598847654	0.0027282186	-0.0749629853	0.073496741	-0.0223963762	0.0594442294	-0.0825134226	0.0839579096	-0.077676722	0.0030731796	0.0339843403	-0.0932639023	0.0739631095	-0.0446978621	0.0094108313	0.027144045	0.0325578432683499	-0.0039613439954706	1.5692246250451753e-05	0.0010600131582864	0.2114192734654665	0.141315987544786	0.0199702083357581	0.0446981091926657	0.7762512978729248	-0.0350546594585026	0.0012288291497515	0.6025660774494003	-0.0004289799474835	-0.0001729276114447	2.9903958800003713e-08	1.8402379534294641e-07	0.0013800428984964	-0.0001406952751937	1.904518401690345e-06	1.979516046183097e-08	0.002144295928626	0.0001031018206069	4.598005029522039e-06	1.0629985412477982e-08	0.0	0.0	0.0	0.0
271.56944373114425	0.310683025722767	0.0965239424722535	73749.96276844312	440.88070891474337	0.5921024913519659	0.3505853602652048	194375.79949316668	251.57089377603936	-0.2162806406145989	0.0467773155046613	63287.91459527527	280.24354838306465	303.26668759263305	1.11998	28.793793	0.1784040790084284	0.0907041635210596	-0.0238739294	0.1144069027	-0.0545329021	-0.0643826887	0.0349988022	0.0880846087	0.1311988233	0.083888651	-0.0660561434	-0.0093183157	-0.0053890277	0.0033568184	-0.0258060328	0.0150952689	-0.0648046096	-0.1254923326	-0.1632411866	-0.1296486921	-0.0953712599	-0.0299423385	0.0367124025	-0.1659989724	-0.0357582631	0.0958929597	-0.0040606787	-0.0649233718	-0.115123529	0.0773018115	-0.0497989553	-0.0089542654	0.1108631952	0.0835287593	-0.0284003949	0.0002766644	-0.0227147319	0.0495389572	0.0994787351	0.0805918243	-0.0365263352	-0.014232802	0.0207008999	-0.1089495606	-0.0305610366	-0.0419081727	0.0219302575	-0.0399532739	0.0031583395	0.0331326994	0.0390367662	0.0238490109	0.0900499429	-0.005126308	0.0503511628	0.0706650206	-0.0595910418	0.0136987166	-0.0340232983	0.0974563566	-0.0971923667	-0.029869298	0.0040827952	-0.0540211683	-0.0589796845	-0.035121701	0.0071332363	0.0828265305	0.0621087282	-0.0242753106	-0.0996114548	0.0286433667	-0.0090739752	-0.0685911184	-0.1879357951	0.0074558454	0.0672695528	-0.0903847141	0.0637510999	-0.0182447256	-0.0889866806	-0.0294833311	0.0201636556	-0.0968775598	-0.0885151789	-0.0605927062	-0.0626367608	0.0248306461	-0.0086405831	0.0898976138	-0.0484508441	0.0209258321	-0.0290791187	-0.0538811864	-0.0468745113	-0.0346272646	-0.0432558106	-0.021959014	0.0169339287	-0.0931562594	-0.0400771272	-0.0050506664	0.142185277	0.0222102192	-0.0058787983	-0.0166400907	0.0399141873	0.0705435933	0.0853487512	0.0560187277	0.0101906226	-0.0367743627	-0.0268765756	0.0144836247	0.1097479055	0.0235783306	-0.0833554964	0.1698289763	-0.0590651161	-0.0129166946	0.0030357475	-0.1034035255	0.0927137395	0.0047448416	0.0831230502	0.0569348101	-0.080010106	-0.1175238636	-0.0321426626	0.0731850754	-0.0819669705	-0.0070885511	0.0749986171	-0.1376284355	0.0602877475	0.014947361	0.0858720771	-0.0412434901	-0.0258372204	0.0659436545	-0.0938191336	0.0760405966	-0.0488621241	0.0156434465	0.0195090322	0.034050734440072	0.001492891171722	2.228724050605778e-06	0.0011594525159083	0.2242546162118657	0.0128353427463992	0.0001647460234175	0.0502901328923311	0.856626550922762	0.0803752530498371	0.0064601813028253	0.7338090477458273	0.0006670767017171	0.0010960566492006	1.201340178256847e-06	4.4499132597376486e-07	0.0009061825424949	-0.0004738603560015	8.211668003225212e-07	2.245436369898684e-07	0.0020402010930187	-0.0001040948356072	4.1624204999546985e-06	1.0835734800110774e-08	0.0	0.0	0.0	0.0
271.7304665315356	0.1610228003913789	0.0259283422458818	73837.44644144601	441.0540066141478	0.1732976994044293	0.0300320926188679	194528.63675039276	252.75991978991632	1.189026013876969	1.413782861676154	63887.577052204935	281.2405599908921	301.5722080188768	1.22004	31.366245	0.4111501612348059	0.2694674150626394	-0.0066327517	-0.0724542893	0.0620178409	-0.0170931787	0.0668429246	-0.0393510839	-0.0603861944	-0.1115713372	-0.0544299055	-0.0545348387	0.0722318093	-0.0217693033	0.1231050892	0.0207963738	0.1012391253	-0.0004344674	0.0650815186	-0.008195884	0.0599576976	0.0543806433	-0.1442327723	0.0220160336	-0.0193813297	-0.0480172554	-0.0437648983	-0.1026641816	0.0660516746	-0.0056698288	-0.0191116336	0.0864869664	-0.0406770816	0.0130724363	-0.0148791745	-0.1434036423	0.0283751451	0.0124456847	-0.0306469236	0.0513353853	-0.0751970402	0.0280130089	-0.0235860613	0.0231136262	0.0349623344	-0.0768997928	0.0717918164	0.0925422726	0.0854855084	0.0366542194	-0.1393252972	0.0085296588	-0.1028830667	-0.0105035596	0.0007762586	0.1087671874	0.0316689354	0.0894118387	0.0170796231	0.135128099	0.0670578679	0.0617443312	-0.0545500471	-0.0595465394	-0.0272388575	0.0206269693	-0.0934100467	-0.0215974823	-0.0940425982	-0.0547968235	0.0668841827	-0.0746967016	0.1377928226	-0.0133978831	0.045956256	-0.0254670725	0.0302366016	0.0453486021	0.0336619309	0.1393521113	0.0389587312	0.0536366561	-0.0121851304	0.0267982862	-0.0222631346	0.0900870726	-0.0694793275	0.0631676931	0.0375159746	-0.0417926801	0.0506087336	0.0366693515	0.1421455354	-0.058703628	0.0193659668	-0.0324378799	-0.0060605251	-0.0052911636	0.0668107571	0.0480665046	0.0174633061	0.0233119376	-0.032941937	-0.052724006	-0.010398935	0.0250450544	-0.0398728475	0.1011183042	0.0413219932	0.0411112359	-0.0463876718	0.0636423983	0.0214126404	0.0500992771	0.021652242	0.2179171294	0.0495026799	-0.0902035436	-0.0824149409	-0.0631581706	-0.0431667806	0.0814695433	-0.0615848599	-0.0660718114	-0.0035803377	0.0152651508	-0.0218711057	-0.1003836928	-0.1649169719	-0.0174598068	0.0588849399	-0.0459320071	0.0295613359	-0.0637742944	0.0383608322	0.1073951078	0.0587946277	-0.0219713972	-0.0644537357	0.0126541239	-0.0943512164	0.0780430407	-0.0529179001	0.0218143241	0.0117537397	0.032226991381151	-0.0018237430589209	3.3260387449625106e-06	0.0010385789734807	-0.0172200037839616	-0.2414746199958273	0.0583099921021292	0.0002965285303196	0.7626570738703293	-0.0939694770524326	0.0088302626175076	0.581645812324453	-0.0005531872991928	-0.0012202640009099	1.4890442319166365e-06	3.060161879882244e-07	0.0011624386095405	0.0002562560670455	1.3512635209504507e-06	6.5667171897679e-08	0.0020413274476157	1.1263545969999317e-06	4.167017748389228e-06	1.2686746781828785e-12	0.0	0.0	0.0	0.0
272.20761795556984	0.4771514240342185	0.2276734814578826	74096.98727304547	443.1373845275019	2.083377913354127	4.340463529851797	196370.7415658751	253.05840176133023	0.2984819714139064	0.089091487259132	64038.55470199882	281.73612027245434	305.3432897848685	1.026251	26.384085	0.0960042703133018	0.0439294590374852	0.0661884817	-0.0191299303	-0.117092502	-0.0102701628	0.0127972541	0.0163513581	-0.0486328133	0.0686708591	-0.0126695539	0.0054584689	0.0188245138	0.0544085366	0.065746259	0.0048488167	-0.0075369801	-0.0437305022	0.0951765022	-0.0053751238	0.079955178	-0.0263039251	-0.0273390849	0.066093088	0.0528978508	-0.0379503831	0.0016453924	-0.0554925904	-0.0941902686	0.0956030591	-0.045833928	0.0289712259	-0.0356478964	0.0258332311	-0.0771603606	-0.0707379274	0.0391670513	-0.0514321311	0.0493616826	-0.1000573518	0.0237048725	0.0314523625	-0.0508455218	0.0269331297	-0.1014596782	0.0456436367	0.1418314718	-0.0968804051	-0.0884746046	-0.0388933935	-0.0162861604	0.0150447936	0.0073409815	-0.0649700825	-0.0746233668	-0.0153069622	0.0199139084	0.1936841945	-0.0905940676	-0.0413681379	0.1153269232	-0.0891935923	-0.0281680791	-0.0376685269	-0.0316310543	-0.018652251	0.0141783044	0.0118760531	0.0184800952	0.0335422994	0.0772463601	0.0307557025	0.0191471992	0.101926131	-0.0108153308	-0.035360753	-0.0020439817	-0.0381069175	-0.0085222919	0.0109324757	-0.0712816781	-0.0734693785	-0.0610690523	0.0050401028	-0.0532268601	0.0048818608	-0.0678381055	0.0754132332	-0.0275141274	-0.0018273487	0.0513188566	0.1230625465	0.0697062681	0.0614360957	0.0366812026	0.0991978682	0.0519933854	-0.0976845262	-0.015668772	0.002238389	0.1169568708	0.0493564793	0.0469702802	0.1012097216	-0.0653317026	0.0262330776	0.0156586155	0.1023072579	-0.0159497219	-0.0536757047	-0.0880885464	-0.0696148452	-0.104248727	-0.0954467351	-0.0455004879	0.0050789997	0.0671459149	-0.1249282719	0.0173843493	0.0064477831	-0.053110518	-0.1076872196	0.0550195857	-0.0452446326	0.0340039283	-0.0494461267	-0.0311733645	0.0788768259	-0.0609940421	0.0042113594	0.0632228259	-0.1674822869	-0.0826732401	-0.0114199694	0.0372306706	-0.0452885674	0.0706875603	-0.0355145435	-0.0504487563	0.0782057882	-0.0948600195	0.0799684658	-0.0568561851	0.0278991106	0.0039259816	0.0330263556962506	0.0007993643150995	6.389833082546463e-07	0.0010907401705752	-0.042681594079724	-0.0254615902957624	0.0006482925803892	0.0018217184731863	0.7815479440506792	0.0188908701803498	0.0003568649761708	0.6108171888498436	0.0001670526123366	0.0007202399115294	5.18745530159878e-07	2.7906575288482362e-08	0.0013406852996988	0.0001782466901583	1.797437072828461e-06	3.177188255238902e-08	0.0021598897563698	0.000118562308754	4.665123759671194e-06	1.4057021057102534e-08	0.0	0.0	0.0	0.0
271.75332804671325	-0.4542899088565946	0.206379321288933	73849.87130446454	441.846506360551	-1.290878166950904	1.666366441910526	195228.3351830245	252.06153594714968	-0.996865814180552	0.9937414514818548	63535.01790403623	280.7114683972208	303.73340649063016	1.160419	29.833427	0.338305611501641	0.2413713795389611	-0.0214635119	0.0701988635	0.1365264886	0.0076858965	-0.0631470791	-0.0356847666	0.1029591849	-0.0465539817	0.0111367157	-0.0693655935	-0.0045145454	0.0578595089	-0.058822216	-0.0684186541	-0.004983613	0.0263109706	-0.0449945481	-0.0613355929	-0.0622521294	-0.0418280029	0.0183081215	-0.1209387528	0.0170955833	0.0044698301	0.0287561503	0.0319620949	-0.0519549118	0.0047333724	0.016315384	-0.0879436781	-0.0584271629	0.0698296275	0.0204899136	0.0224196426	0.0731010457	0.0109567228	-0.0556963597	0.0520302632	0.0821520913	0.0160758038	0.0461134902	-0.0411842411	0.0011964496	0.0068012327	-0.0056987627	0.0497571832	-0.0507471903	0.0690918204	-0.1127427047	-0.0321659179	0.0765091767	0.06218216	-0.0441976398	-0.0368200983	0.0514949427	0.0210472377	-0.0364352184	0.0155961976	-0.0692630391	0.0404503417	-0.035218836	-0.0119433932	0.048193603	0.0425570195	-0.0832261738	-0.0762202764	-0.0784614845	-0.1175886536	-0.0685118016	0.0427494053	0.0009955061	-0.0575514516	-0.0716787432	0.072487935	-0.0612260045	0.0759967164	0.0403790484	-0.0001382354	-0.0246120428	-0.0424043652	-0.0679302822	-0.1107777618	0.0123213143	-0.0772751817	-0.0591200048	-0.0767128674	0.0063329834	0.0587936232	-0.0313493566	-0.0278066178	-0.000854342	-0.0418587592	-0.0027945398	0.0091840197	-0.0346743454	0.0592707826	0.0738603194	0.0192602046	0.0598249481	-0.1253336266	0.0345990305	-0.0535185653	-0.0153094917	0.068769919	-0.0368849067	-0.0089082749	0.008468138	0.0250420014	-0.0269826587	0.0684226513	0.0968102334	0.0739924069	0.0245530198	0.0210014859	-0.0556217655	0.0873686367	-0.0151127333	0.0154410881	0.060084221	-0.0042485446	-0.0814685134	-0.0268358575	-0.0561017976	-0.0045753694	-0.1555925896	0.0319673795	-0.0078643189	0.0762303031	-0.0304659424	-0.0327468381	0.0713915027	-0.0654682514	-0.007348808	0.0321067874	0.1158377014	0.0294237025	0.0664778219	0.0138238862	-0.0953454172	0.0818149717	-0.0606682351	0.033873792	-0.0039259816	0.0412501448530662	0.0082237891568155	6.76307080957578e-05	0.0017015744503989	0.1862563550513414	0.2289379491310653	0.0524125845523382	0.0346914297970113	0.8496733840630242	0.068125440012345	0.0046410755768756	0.7219448595851113	0.000599155869904	0.0004321032575674	1.867132252003589e-07	3.589877564404191e-07	0.00119817601099	-0.0001425092887088	1.4356257533119084e-06	2.0308897368288116e-08	0.0022456458741219	8.575611775209994e-05	5.042925391960712e-06	7.354111731912031e-09	0.0	0.0	0.0	0.0
271.3273750468722	-0.4259529998410585	0.1814359580735967	73618.54444982605	441.2024945541167	-0.644011806434321	0.4147512068267973	194659.64120077537	252.6737944533705	0.6122585062208259	0.3748604784397571	63844.046403464126	281.2305879626845	299.83231844020304	1.187126	30.520042	0.4512287408253498	0.3399903280511347	0.0387846056	-0.0576321071	-0.0367587731	0.0399536657	0.118336984	-0.0060617194	-0.1043806445	-0.003465904	-0.0440279108	0.0871694893	0.1463603855	0.0441136594	0.0469106655	-0.087714989	0.0215835514	-0.1380371879	0.041253862	-0.0190159001	0.1306899529	-0.0323607725	-0.0513409019	0.0257466558	0.0067101657	0.0905385514	-0.0119544869	-0.0059160279	-0.037509395	-0.0101239501	0.0450708077	0.1736553889	0.009011088	0.0202031867	0.0860406761	-0.0629112222	0.0018838528	-0.0908326043	0.0929844785	-0.0302555932	-0.0240225066	0.0442462404	-0.0248531309	-0.0486303715	0.0263540433	0.1504722783	0.0438058591	0.1110016022	0.1117293594	0.0633565468	0.0222025465	0.004371771	0.0469258194	0.0390097406	0.0819658388	0.0248472753	-0.028099437	0.0281725443	-0.007128086	0.0457982335	-0.0010514692	-0.0125717682	0.0054822719	-0.05622757	0.0384074425	-0.0076256101	-0.0406640075	0.0160989078	0.0197586462	0.0467785206	0.1233536879	0.0284017155	0.0960946536	-0.0339345974	0.00399715	-0.0959822849	0.0142703876	-0.14979905	-0.009973489	0.0167124311	-0.0132977332	-0.0180560726	-0.0775538424	0.0433791253	0.0159631982	0.0740439294	0.0558602441	0.0362853165	0.0896263777	-0.0200251433	-0.0240519871	0.0720791928	-0.0927310882	0.113836663	0.026526408	0.0933528912	-0.0713830942	-0.0714280396	-0.0045618568	-0.055555995	0.1104439845	0.027295858	0.0841430916	0.0277651316	-0.0102918089	0.0240201131	-0.1055307383	-0.0638967659	0.0861077461	-0.0025292208	0.1662862737	0.0152447766	-0.0184016185	0.0597226711	0.0279169475	0.0397016282	0.106483409	-0.0900227394	-0.1479553163	-0.025258046	-0.1077306519	0.013280057	0.0442997447	0.0430558259	0.0824635197	0.0989025673	0.0197689061	0.0521918835	-0.1800000054	0.0567341852	-0.1076112178	-0.0765759089	0.0996862472	-0.0849740984	-0.004359681	-0.0118079468	-0.0111983447	0.0090690751	-0.107794209	-0.0109525407	-0.0958072899	0.0835807361	-0.0643455865	0.0397147891	-0.0117537397	0.0279486599329885	-0.0133014849200776	0.000176929501079	0.0007811275920498	-0.141484365645411	-0.3277407206967524	0.1074139800028266	0.0200178257220843	0.7895258195725745	-0.0601475644904496	0.0036177295141328	0.6233510197717455	-0.0002196867148781	-0.0008188425847821	6.705031786526308e-07	4.82622526939316e-08	0.0010957642677402	-0.0001024117432497	1.2006993304562167e-06	1.0488165155462952e-08	0.0021661207877924	-7.952508632949997e-05	4.692079267306367e-06	6.324239355714423e-09	0.0	0.0	0.0	0.0
272.2452614939144	0.9178864470422354	0.8425155296638185	74117.48240588985	443.0217585603956	1.8192640062789	3.309721524541952	196268.27855794545	252.7206414469572	0.0468469935866835	0.0021946408081107	63867.7226133615	281.13025844598667	301.1105765386844	1.242778	31.950821	0.2723548316546049	0.2096786700358605	-0.0022419005	-0.0507052172	-0.0066364144	0.093298399	-0.1307884027	-0.02727597	-0.0049098415	-0.0650499768	0.0811384529	-0.081756725	-0.0472957767	0.0941507641	-0.0810032659	-0.0503606702	-0.031694476	0.0196408175	0.1131940458	0.0141734998	-0.0004029297	-0.0453599094	-0.0127177161	0.0521021768	0.039280043	-0.1376189027	0.0095231682	0.1414534425	-0.0273758317	0.1078641638	0.0312711805	0.0338103675	-0.0126778545	0.0729045312	-0.0371110269	-0.0646509189	-0.0531562331	-0.1490416684	-0.0074539487	-0.0005709318	0.1713655015	0.0843920576	-0.0307291428	0.0126813695	0.0434880672	0.0774791341	0.0234255376	0.118895308	0.0068336706	-0.0085955184	-0.00740884	-0.0322745031	-0.0360383613	0.0368786555	0.0624341847	0.04178771	0.0573680854	-0.0753995794	-0.0351544235	-0.0277729568	-0.0449448886	0.0588752843	-0.067967	0.0346495514	0.0416140522	-0.0100603812	0.051788911	-0.0560575342	-0.0011118675	-0.0131702146	0.0031631047	0.0425118462	-0.020378116	0.0645235605	0.1771399105	0.1540280334	-0.0728735187	0.061001414	-0.0225972406	-0.0961808892	-0.0666949493	-0.096962519	-0.0113607558	0.0463606183	0.0510321687	-0.0151224342	-0.0743997961	0.0822126874	0.0246463741	0.0546564895	-0.031980071	0.0286471562	0.0583894451	0.0722591309	-0.0953410252	0.0514242483	-0.0041752003	-0.0259218442	0.0480786091	-0.0375772341	0.0657283057	-0.0804431583	0.0091464408	-0.0355198869	-0.1262346589	-0.0552168963	0.0171826028	-0.0478122933	0.0061329117	0.0253676803	0.0492739178	0.0037115752	-0.1428437584	0.0669425252	0.0943837755	0.0357054417	0.0112362521	-0.0689101428	0.1898079285	0.0774621559	-0.0052894847	0.0504250323	-0.0961714345	-0.105286041	-0.0321818637	-0.0019355124	-0.1049217118	0.0541878144	0.0980071209	-0.0594503718	0.0675844481	-0.0654184496	-0.1414694749	-0.0190895836	-0.0077532668	-0.0742772336	0.0023043659	0.0620825553	0.01597361	0.1829930762	-0.0962455236	0.0852640164	-0.0678800746	0.04539905	-0.0195090322	0.0415282215857502	0.0135795616527617	0.0001844044946811	0.0017245931880751	0.0632760608421136	0.2047604264875246	0.0419268322553529	0.0040038598756948	0.8282157905003018	0.0386899709277273	0.0014969138503883	0.6859413956340398	-6.326882525467471e-05	0.0001564178896234	2.4466556194246053e-08	4.0029442491065655e-09	0.0010959281196951	1.6385195490014638e-07	1.2010584435384376e-06	2.6847463124599605e-14	0.0023160364979459	0.0001499157101534	5.364025059817508e-06	2.2474720150828174e-08	0.0	0.0	0.0	0.0
272.46765163129857	0.2223901373841386	0.049457373205736	74238.62118547468	442.4422479334012	-0.5795106269944199	0.3358325667994656	195755.14275636125	252.32235383543448	-0.3982876115227043	0.1586330214924606	63666.5702450542	280.9253843116143	301.82736063535003	1.257039	32.317451	0.2029684229909084	0.1448423523568013	-0.0900835687	0.0059933605	-0.0314680847	-0.1075358243	-0.0052180205	-0.0139820673	0.1001756034	0.0533448279	-0.0072692837	0.0387310458	0.0007589413	-0.0578913437	-0.0104537246	0.0480918815	0.0922931577	0.0132401879	-0.0817320611	-0.0782184911	-0.066377614	-0.0463631414	-0.0578442855	-0.1900335095	0.0142275688	-0.0385186899	0.0711988463	-0.1297678888	-0.0432538903	-0.0081773056	-0.0861260603	0.1621767402	0.0796028117	0.0437606722	0.0493641523	0.0039986462	-0.1049903922	-0.0867834535	0.0115620482	0.0327403698	0.0332695906	0.0261895607	-0.0141993707	-0.0452158601	-0.0476791884	0.0428400772	0.070475809	0.0036613766	0.0395600369	0.0382980716	0.0436693187	0.0946149571	-0.0503795453	0.0708503043	-0.0339361774	-0.0229049376	0.0093584254	0.0626364957	0.0080544301	-0.0504185473	-0.1570496088	-0.138702547	0.043308156	-0.0468505379	-0.0072955541	-0.0125311411	-0.0896032014	-0.0577430428	0.0574823342	-0.0100124236	-0.0720076889	0.0318957848	0.085286067	-0.0955512709	-0.1472544867	0.0759050383	0.0481964918	-0.0763520564	-0.0477300029	0.1030705307	-0.0652710892	0.0023491207	0.0529435448	-0.0325281108	0.0735153232	0.0543075174	-0.1465452066	0.0291713255	0.1252833566	-0.048830235	-0.0715446135	-0.0207888924	-0.0323409983	0.0546319636	-0.040883434	-0.0621866727	-0.0460813015	-0.071568424	0.000193263	0.047079527	0.088698096	-0.0549155418	0.0415863751	0.0309256746	0.0702605776	-0.1006286836	0.0676928306	-0.0920760253	0.0193387641	-0.0016821785	0.01998902	-0.0680576016	0.0462355885	0.0115256722	0.0335904622	0.0410652315	-0.0752438758	0.1417388088	-0.1068920833	-0.0528167647	-0.038438057	-0.0061397354	0.1479297007	0.0227572857	-0.0412334052	0.0400281006	-0.0731294236	-0.0381096959	-0.1661759365	-0.0745766265	-0.0652765119	0.0638141878	0.0138380759	-0.0724658967	-0.0929143072	0.0789058674	0.079136034	0.0716954659	0.0809636456	-0.0228313887	-0.0966600102	0.0868631514	-0.0712638519	0.0509041416	-0.027144045	0.0395653971733196	-0.0019628244124306	3.852679674033552e-06	0.0015654206534825	0.200230691440268	0.1369546305981544	0.0187565708422769	0.0400923297946478	0.8714718591504464	0.0432560686501446	0.001871087475066	0.7594632012911355	0.0001339490295099	0.0001972178547645	3.8894882237940886e-08	1.7942342506644058e-08	0.0008991578022758	-0.0001967703174193	8.084847533934466e-07	3.871855781729213e-08	0.0023379463123656	2.190981441970016e-05	5.465992959503908e-06	4.80039967905701e-10	0.0	0.0	0.0	0.0
272.7205690521788	0.2529174208802374	0.0639672217847111	74376.50878414423	444.0534421464087	1.6111942130075363	2.595946792028974	197183.459482074	253.48506212145705	1.1627082860225642	1.3518905583855287	64254.67671871894	282.3074018231488	310.6113574366268	1.399063	35.968781	0.4479460841207059	0.3067492576778424	0.1439708808	0.0325543131	0.0304452046	-0.0519514722	-0.0133164817	-0.147534306	-0.1083801964	0.0273248345	-0.0243978973	-0.0933420746	0.038445708	-0.0467280442	0.2085799811	-0.1235648538	0.1273800776	0.0309749132	0.1434048178	-0.0054687948	0.0977798645	-0.0606814237	-0.1194656258	0.0629467584	0.1132100813	-0.1249420242	0.0101546755	-0.0838577033	0.0112643745	0.0593837156	-0.0959130612	0.0138781741	-0.003032625	-0.0417492158	0.0377356492	-0.0853899845	0.0772180056	-0.1110369317	-0.0014934021	0.0328986862	-0.0019592735	0.069025995	0.0064202531	-0.0382615495	0.0590370673	-0.1411448304	-0.0550156518	-0.0062202742	-0.0366055396	0.0712553114	-0.0972299771	-0.0662537177	0.0310191448	0.0768662581	-0.0624065152	-0.0145011658	0.0586463833	-0.0044566934	-0.0917019732	0.0105433675	0.0798019795	0.0754086214	0.0456304285	-0.0116481839	0.0623037229	-0.0229499573	0.041826648	0.008473932	-0.0366381163	-0.0616950982	0.1093403951	0.0158304845	0.1051986822	0.1769542658	-0.0320284422	-0.0039283469	-0.1304501262	0.0808910849	-0.0222610086	0.1308275797	0.0225803617	0.0507508177	-0.0307587805	-0.0164425511	0.02692285	0.0874330793	-0.0453111154	0.155419454	0.1111508976	0.0364302655	0.0337769546	0.0275559303	-0.0159287094	-0.0589865014	-0.0134650264	-0.0185541033	-0.0114941443	-0.0268369852	-0.07989266	-0.038164032	0.0265883663	0.04574457	0.0432324069	-0.0736611503	-0.0486683869	0.027471223	-0.0919253741	0.0307687695	-0.0197074008	0.06915111	-0.0076705036	0.0425467222	-0.0469817186	0.0151163604	-0.0530722366	-0.0266910676	0.0853162959	-0.1432527606	0.0235128069	-0.0394527713	-0.0673771319	-0.1037434542	-0.1259050452	-0.0986775255	-0.0314525358	0.0190296299	-0.016737179	0.0114270594	-0.1065091753	-0.0845575157	-0.0574770427	-0.0132972765	0.0022410044	-0.0012300949	0.0637410881	-0.043908018	-0.1070595727	0.0707244044	-0.0462796927	0.1315629047	-0.0970506473	0.088376563	-0.0744894057	0.0562083378	-0.0346117057	0.0326585986779832	-0.0069067984953363	4.77038654551811e-05	0.0010665840676095	-0.0828148148978016	-0.2830455063380696	0.0801147586581741	0.0068582935665571	0.7648061619433264	-0.10666569720712	0.011377570960681	0.5849284653464816	-0.0005968750010588	-0.0007308240305687	5.341037636566803e-07	3.5625976688894254e-07	0.0011818063285855	0.0002826485263097	1.396666198284739e-06	7.989018942504523e-08	0.0023248572276404	-1.3089084725199929e-05	5.404961128911807e-06	1.7132413894346208e-10	0.0	0.0	0.0	0.0
271.2118906721841	-1.5086783799947057	2.2761104542634496	73555.88964198074	441.8012206601425	-2.252221486266194	5.072501623199104	195188.31857679196	251.90390075740424	-1.5811613640528035	2.500071259173323	63455.57521679617	280.54869535625176	299.8114050674968	1.311583	33.719738	0.4324140325673818	0.3212681650490803	-0.0948628799	-0.0328655039	0.0616842782	0.0426133184	0.0503133409	-0.0722950592	0.0616392312	-0.0653699154	-0.080274522	0.0093995575	-0.0128517366	-0.0261345604	-0.0247723311	-0.0869782	-0.0062218532	0.0909656672	0.1420857068	0.0291956267	-0.0768469393	-0.0254942786	-0.0145315969	-0.1226151953	0.1040945844	-0.0333359445	-0.0357424755	0.0106926428	-0.0058477285	0.0759698245	0.0096521957	0.0343822987	-0.0699069349	0.0845530926	-0.0036390298	0.0389756622	-0.0472446314	-0.0022474378	-0.053213142	-0.0392950866	-0.0311765687	0.0308821709	0.024241918	-0.0027081314	0.0192407144	-0.0184198479	-0.0322264579	0.0200974039	0.0805234104	0.0889585105	0.1115108242	0.010903732	-0.0343481719	-0.0130750765	0.1019734959	0.0089352363	0.0393984903	-0.0468658479	0.0904287776	-0.0131872709	0.0175602675	0.1912393592	-0.0448477475	-0.0129369528	0.0125708366	0.0603439827	0.0479629841	0.0730657214	-0.0904077363	0.0494745793	-0.0771887413	-0.000586375	0.0410171618	-0.0453317301	-0.0070110973	0.1350868712	-0.1412216887	-0.0647249449	-0.0131797814	0.0136844558	0.0593396525	0.0187659136	-0.0619513934	0.0089843781	-0.0436870386	0.0617719695	-0.0835225297	0.0001813791	-0.0426097285	0.1134698504	-0.063246312	-0.0424878756	0.1390991772	-0.0624496288	0.0228883794	0.0235834112	0.0066574511	0.0395468452	0.0220153455	-0.0113170001	0.0368928474	-0.0181980515	0.0096128702	-0.0288153506	0.0425488071	-0.0333163326	0.1187942703	0.0106684896	0.0194450612	-0.0383620021	0.1628350364	-0.02845598	0.0032944711	0.0305346017	0.0667643851	0.0176057281	-0.06736264	0.0897751771	0.0603038296	-0.035655577	-0.0540842427	0.1118966722	-0.0395931487	-0.0317795971	-0.122985218	-0.0294267783	-0.1683695253	-0.0819843945	-0.0224290436	0.0303631807	-0.0057542589	-0.0597373246	0.0422088549	0.0207172905	0.0657745286	-0.1058587598	0.0223625522	-0.0738415115	0.0186964458	0.0327389364	-0.0974173387	0.0898027576	-0.0775495743	0.0612907054	-0.0418659738	0.0399871495599057	0.0073285508819224	5.3707658028927e-05	0.0015989721299262	0.2248327639447751	0.3076475788425767	0.0946470327676994	0.0505497717430469	0.835783755240719	0.0709775932973926	0.00503781875029	0.6985344855242781	0.0001339164465782	0.000730791447637	5.340561399393821e-07	1.7933614664131892e-08	0.0013381627118125	0.0001563563832269	1.7906794432853838e-06	2.4447318575828452e-08	0.0023669155876862	4.20583600457998e-05	5.602289399231909e-06	1.7689056497421286e-09	0.0	0.0	0.0	0.0
270.51068846457	-0.7012022076140738	0.4916845359628506	73176.03257357566	440.5508698799241	-1.2503507802184115	1.563377073592791	194085.06895195783	251.5221306074487	-0.3817701499555426	0.1457484473970774	63263.38218531048	280.1656253617173	301.2906895953968	1.070792	27.529211	0.2313777563109486	0.1258076455101631	-0.0238811998	0.0585774729	-0.0965528562	-0.0544313923	0.0109981285	0.1441704594	0.0766920603	0.0725581266	-0.1354028162	0.013789155	0.2030670017	0.0702932548	-0.0196400364	-0.00434792	-0.0266602412	-0.0023160427	-0.0667504943	0.102882415	-0.0689317221	-0.126716753	0.0093224444	-0.0700904664	0.0477799526	0.1255172917	-0.0120826347	0.0548086425	-0.0390449962	0.0553324924	-0.1637517155	-0.0192821361	-0.0275404485	0.1248080099	-0.0491860546	-0.0261846632	-0.0494249147	0.1162606437	-0.0290677089	-0.0384418905	0.0677379844	-0.033415246	-0.0230979551	0.0414467351	0.0531944607	0.0681867164	-0.0393082245	-0.0532714521	0.0823460903	-0.0487474835	-0.0148113472	0.0402258929	-0.0805662477	-0.0632922382	0.0793636668	0.1240696324	0.0360202763	-0.025946175	-0.0545674785	0.0538966516	-0.0673591178	0.0876251014	0.0334787218	0.062126347	0.0578750103	-0.107768719	-0.1072854119	0.0375686489	-0.0487673017	0.0063292297	-0.0746604724	0.0964746529	0.0434178626	-0.028251127	-0.1135826289	-0.0051223682	-0.0612685365	-0.1219967232	0.0210432479	-0.1299870198	0.0388327913	0.041380555	0.0632763925	-0.1223840328	0.0619043777	-0.0583128104	-0.079260592	0.0226254654	-0.0951438847	0.0139379566	0.1468238308	0.0167858524	0.0308868499	0.0013083221	-0.0474350659	0.1168942407	0.0880854411	-0.0201038179	-0.0585137589	-0.0302721092	-0.0080837605	-0.0317603006	0.0384152513	-0.1250825917	0.0315120533	0.1025486325	0.049862963	0.0528394197	-0.0349082512	0.0197263867	0.1342660512	0.0668049861	0.0100875816	0.0247307527	0.0469046984	-0.0542497966	-0.0481796534	0.0781440034	-0.0628826932	0.0481267356	0.0298231852	-0.0424027395	0.1120825617	0.0586026185	0.0371449802	0.046105036	-0.1539102753	0.0173461096	-0.1020516691	0.0026694148	0.0559317859	0.039056167	0.0418661559	0.1209534593	-0.0562124403	0.0448744287	0.0254222911	-0.0434393893	-0.0173604051	-0.0248900733	-0.0977599938	0.0911403277	-0.0804375635	0.0661311865	-0.0488621241	0.0456234414190959	0.0056362918591902	3.176778592197372e-05	0.0020814984069216	0.1060542204530463	-0.1187785434917288	0.0141083423940165	0.0112474976759033	0.8788386951483886	0.0430549399076696	0.001853727850453	0.7723574520901224	0.0010031348228521	0.0008692183762739	7.555405856522352e-07	1.006279472818514e-06	0.0010842675293212	-0.0002538951824912	1.1756360751402993e-06	6.44627636922905e-08	0.0025219616499682	0.000155046062282	6.360290563910325e-06	2.4039281429153863e-08	0.0	0.0	0.0	0.0
270.907563838221	0.3968753736509711	0.1575100622105979	73390.90814475979	439.95664690044566	-0.5942229794784453	0.3531009493402408	193561.85115188343	251.6190632122189	0.0969326047701883	0.0093959298675335	63312.1529717946	280.3764533928683	298.46821157227254	1.055973	27.148214	0.2597870541836435	0.1474287455700655	-0.0229390018	-0.0654153585	-0.0019975131	0.0625117677	0.0725094618	0.0961067011	-0.0082268435	-0.1033925998	0.0284578301	0.0035239341	0.0410112126	0.1207209438	0.1032893808	-0.0211738015	-0.083541915	-0.0940791331	-0.0326115077	-0.0093468828	0.0269780768	-0.0276363619	-0.0950035802	0.0092974225	0.0350886109	0.1553351976	-0.1834140075	0.0694739591	0.0608904878	0.071653003	0.038198316	-0.009943127	-0.0023448546	-0.0118677801	-0.0031870979	-0.0322713653	-0.0148202177	0.0267681295	-0.0469587731	-0.1146199454	-0.0590646626	-0.0183990455	-0.0025798929	0.019538928	-0.0061931261	-0.0623453434	0.1098098839	-0.0381635266	-0.0518654489	-0.0856481935	0.0220845369	0.0851805518	0.0033701845	-0.0667572942	-0.0113677228	0.0938394017	-0.1267244226	0.0554700218	0.0539762736	-0.0385268926	0.0078641513	-0.004161634	-0.0729616402	0.0927742476	0.0147107695	-0.0797174282	0.0156779211	0.0117735756	0.0395650629	0.0041943288	0.0348469635	-0.0065097268	0.1192955383	-0.0296196973	0.0944641343	-0.0273436691	-0.055993159	-0.064513188	0.1896236656	-0.0676382209	-0.0185909955	-0.0369450726	0.0605783385	0.0607221179	-0.0548536024	0.0114937347	0.0128321258	-0.0195146327	-0.0525672748	0.0162240609	0.1587104711	0.0039367989	0.1523952568	0.0763167381	-0.0097527525	0.0554833191	-0.0933457254	0.0189680881	0.011548065	0.0567448302	-0.1095437571	0.0886992409	-0.0395383548	0.1201497493	-0.0301506942	0.0164927157	-0.0129435302	0.0073720862	0.0686341339	-0.0131988437	-0.1363201257	-0.0264945887	-0.0262277476	0.05147021	0.0099931864	0.0007221947	0.0304379984	-0.0877922353	-0.0473732652	-0.0026360213	-0.0212280576	0.0581008337	-0.0351239474	-0.0171380092	0.1078956673	-0.0416342488	-0.1077928468	0.0432265591	0.0065731391	-0.0062875403	0.0826076176	-0.0081509887	0.0028236781	-0.0744952372	-0.0464130323	0.055632233	-0.0052398514	-0.0793895728	-0.0264551612	0.0509936403	-0.098078528	0.0923879533	-0.0831469612	0.0707106781	-0.0555570233	0.0379704014189314	-0.0076530400001645	5.8569021244117855e-05	0.0014417513839147	-0.0119589348411466	-0.1180131552941929	0.0139271048224912	0.0001430161225347	0.8282813191411975	-0.0505573760071911	0.0025560482687325	0.6860499436382823	-0.0002618955579385	-0.0012650303807906	1.60030186432321e-06	6.85892832679182e-08	0.001232209129258	0.0001479415999368	1.5183393382267589e-06	2.18867169918602e-08	0.0022636639730537	-0.0002582976769144	5.124174582901263e-06	6.67176898994274e-08	0.0	0.0	0.0	0.0
272.8616656010014	1.9541017627803967	3.818513699301454	74453.4885545527	443.01376123562665	3.057114335180984	9.345948058369068	196261.1926441368	252.938551322042	1.3194881098231122	1.7410488719645694	63977.91074489328	281.5028787470944	305.14343474304167	0.907083	23.320375	0.1121046093854196	0.086729143377027	0.0486344752	-0.02509954	-0.0528720292	0.0008378309	-0.0246665611	0.0425478439	-0.0304471448	-0.0063195977	0.1058188199	-0.0513773385	-0.0348283875	-0.0528877135	0.1676599315	0.1177433155	-0.054508166	-0.0955309657	-0.0077819675	-0.009516707	0.0945794502	-0.0580710592	-0.0476609716	0.102053814	-0.0117896478	-0.0420642413	-0.0756439236	0.0463097406	-0.0235411029	-0.0431194417	-0.025812761	0.0654618178	0.0277289089	-0.1010699673	-0.0443358871	-0.0430886659	-0.0016463933	0.0928865779	0.019999239	-0.0684844323	0.0365240872	-0.0505475076	-0.0278826817	0.0080728086	-0.0016961235	-0.0735630561	0.0030067407	0.0007470556	0.0608928926	0.0485377396	0.0519588268	-0.0507217656	0.0666343172	0.0681797615	-0.0576873827	0.0022668551	0.0582745859	-0.1144687387	0.0613609332	0.092905791	-0.0086799362	0.0395053274	0.0976810992	-0.0093346369	0.0038377427	0.1567368004	-0.0036055861	0.094976002	0.0891918178	0.0122701992	0.0865467517	0.0645326489	0.04438889	0.0732503039	0.0454457276	-0.0673491459	0.0468148912	0.0507546956	0.0579797708	0.010525769	-0.0937259565	0.0617505765	0.0564897842	0.1083907023	-0.0411596725	-0.0373759483	0.0059968715	0.1173461976	-0.0508922136	-0.1112734839	0.0224604913	-0.0326093694	-0.0942636331	-0.0585868296	0.0123030497	0.0038369157	0.0229886966	-0.0594800092	0.0366870271	-0.0264239481	-0.0246476203	0.0107510854	-0.0558685386	-0.0412318253	0.0385403136	-0.0612941118	-0.0009218707	-0.0110885508	-0.0130673133	0.0501966742	0.0354381881	-0.0049457999	0.1099532058	0.0575299313	0.0169157365	-0.0311761383	0.0834369057	-0.1206724498	-0.0130139706	0.0152387331	-0.0299898587	-0.0522016061	0.0077324153	0.0089545275	0.1724165717	-0.0577882813	0.0190484292	0.0114887769	-0.0653249434	-0.0052701598	0.0202521219	0.0301508055	-0.0559488695	-0.1033441472	0.0693643194	0.0168007436	-0.0368405261	0.0544867863	0.0433137842	0.0731179793	-0.0983728629	0.0935444031	-0.0856717519	0.075011107	-0.0619093949	0.0384456236056252	0.0004752221866938	2.2583612672604037e-07	0.0014780659744254	-0.0978549681125855	-0.0858960332714389	0.0073781285317681	0.0095755947843151	0.8338056950589845	0.0055243759177869	3.051872928102477e-05	0.6952319371127963	-0.0002082626511055	5.363290683299999e-05	2.876488695357256e-09	4.3373331845491225e-08	0.0015052591640367	0.0002730500347786	2.2658051509164645e-06	7.455632149264918e-08	0.002341160591632	7.749661857829994e-05	5.481032915810697e-06	6.005725891070504e-09	0.0	0.0	0.0	0.0
272.6063153775542	-0.2553502234471807	0.0652037366145251	74314.20318372655	445.948479085573	2.934717849946366	8.612568858793825	198870.04599873576	252.7814906455951	-0.1570606764468891	0.0246680560859544	63898.48201300909	281.42322737561074	307.0249530150197	1.049195	26.973955	0.2690954769649009	0.1834011198443236	0.0355128288	0.078517332	0.1575029199	0.0144024125	-0.0985231536	-0.0720115548	0.0124906572	0.0312414656	0.1182438817	-0.0915070838	-0.0393204365	-0.1150119914	-0.0616915133	0.1072209334	-0.0895419397	0.0685072505	0.0602600609	-0.0403867495	0.0004042777	-0.0841776531	0.0149186576	0.0401437149	0.0209428952	-0.0816137301	0.1234740531	0.1286471529	0.0224572466	-0.0285437043	0.0871340131	-0.0140174618	-0.0355375873	-0.0488745433	0.0141799417	0.0020955088	0.0323654883	0.0880333202	0.015261823	-0.000476782	0.0194209296	-0.0158562385	-0.0688780427	0.0282801899	0.0035295452	-0.1776355569	0.02566908	0.127418866	0.0706109237	-0.071565264	-0.0404021856	-0.03418448	0.065832902	-0.0424771959	-0.0598464699	0.0031755029	-0.0885125683	0.096994635	0.1364205787	0.0620871808	0.0583349736	-0.0248350956	-0.1355779584	-0.0311056911	-0.0049653901	0.0316903272	-0.0603456959	0.0146805162	0.0832154422	-0.0275168744	-0.0079273898	0.086714395	-0.0135628538	0.0253386301	0.0261711576	0.0160578956	-0.0346319239	0.1483616515	-0.1097243602	-0.0361587558	-0.0747712292	-0.0610639452	-0.0250092427	0.0282512539	-0.0120837033	-0.0015068008	-0.0112357061	-0.0829952108	-0.0408227787	-0.0728503956	-0.0010977618	0.0154169459	-0.0514214321	-0.0409894829	0.0119416228	-0.0059509875	-0.031115568	0.0176606936	0.0415040721	-0.0296940443	0.0240208554	-0.0091598822	-0.0737024201	0.0583578467	0.010210524	0.0872126465	0.0138471293	0.1193800225	-0.0470817953	0.0200413089	-0.1245826203	0.0013141015	0.1459891503	0.0433278313	-0.0129274332	0.1121129853	-0.0067934089	-0.0131584903	0.0126037231	0.0614941846	0.1691771971	0.0191349566	-0.1375713787	-0.0474027057	-0.0343168628	-0.0175929098	-0.0290351722	0.0149237245	-0.0257638607	0.0520763614	0.0178276387	0.0157621464	-0.0024393023	-0.0313566156	-0.0360554671	-0.0429438553	0.0117268819	0.1166070162	0.0700590875	0.0006813274	-0.0986429257	0.0946085359	-0.0880063298	0.0790155012	-0.0678800746	0.046104180932204	0.0076585573265788	5.8653500324493846e-05	0.0021255954994294	0.0716859251572827	0.1695408932698682	0.0287441144907448	0.0051388718656555	0.8796679283625934	0.0458622333036089	0.0021033444435946	0.7738156641897368	0.0005713781308891	0.0007796407819946	6.078397489491514e-07	3.264729684583215e-07	0.0013781750110521	-0.0001270841529846	1.899366361088456e-06	1.6150381939813215e-08	0.0023551115179497	1.395092631770005e-05	5.546550261979341e-06	1.9462834512189587e-10	0.0	0.0	0.0	0.0
271.10429425110937	-1.5020211264448449	2.2560674642866405	73497.53836139209	441.6502771941709	-4.29820189140213	18.474539499252845	195054.967345688	251.8151835933522	-0.9663070522429108	0.9337493192143838	63410.88668815368	280.38424935016815	298.3433555243516	1.068316	27.46554	0.1179944304971643	0.0683758677095635	-0.0900580158	-0.0222037808	-0.0448418528	0.042103618	0.0693966404	-0.0186315884	0.0753995218	0.0311060399	-0.0400955975	0.0797233385	0.0963761403	-0.0588340791	-0.023481606	-0.0346831132	-0.1088100388	0.0236717778	-0.0345656232	-0.0438391809	-0.0616819622	-0.0939671801	0.0214300541	-0.076131402	-0.0338016699	0.0708603381	0.0242070772	0.0667105964	0.0584240508	-0.0261003126	-0.0974541329	-0.0272572888	-0.0614956661	0.0687096676	-0.0499874757	0.0984176962	0.0234764802	0.0643456693	0.0500543323	-0.0672203343	-0.049401417	0.0067965043	0.1400484984	-0.0244029405	0.0250170485	-0.0116388391	-0.0581561669	0.0410675881	-0.0946081118	0.0004226788	-0.0039323541	-0.1123831655	-0.0832262752	-0.1099813557	0.0173725094	-0.0353766561	-0.0582766919	0.0005940895	-0.0693920566	-0.0431744778	0.0162156083	-0.0239212843	0.1018459732	-0.0530176774	0.0158134479	-0.072343858	-0.0603515722	0.040202616	0.0101699335	-0.0645878868	-0.066943983	0.0663379763	0.0287014667	-0.0626673694	-0.0310091129	0.031925332	-0.0255140126	-0.0977725097	-0.0355742059	-0.0784736186	0.0943810922	0.0789784293	0.0197464329	-0.1090742194	-0.0026913256	-0.0247442028	0.0369663402	5.48719e-05	-0.1380026099	0.0165336439	-0.0222665993	0.0445450755	0.0281213615	-0.0445616278	0.0351636275	0.0439254977	0.0202450024	0.1717836088	0.0036728928	-0.0227485281	0.0234250066	0.0541417948	-0.0169378489	0.1355872811	0.0303088588	-0.0652812302	-0.1045056855	0.0733946876	-0.07034604	0.0430674924	-0.0079703202	-0.0020087795	0.0211822742	0.0041038967	-0.1319272535	-0.0287544292	-0.0513944588	0.054431857	-0.0246470899	0.0602720872	0.0497005934	0.0824529479	0.0692892653	0.0394199753	-0.0677061999	-0.1078715374	-0.0787542629	0.050206764	-0.0709462629	0.1004485112	-0.0419284442	-0.0112727301	0.0720885588	0.0234746621	-0.0227603751	-0.036905509	-0.0634544963	-0.0531122827	0.0290878087	0.0375484218	-0.0988886499	0.0955793015	-0.0901455117	0.0827080574	-0.0734322509	0.0466479890222046	0.0005438080900005	2.9572723875009744e-07	0.0021760348798157	0.127957635931267	0.0562717107739842	0.0031665054334309	0.0163731565931186	0.8971906352563579	0.0175227068937644	0.0003070452568847	0.804951035991707	0.0011311227962539	0.0005597446653648	3.1331409040435204e-07	1.279438780205242e-06	0.0014399760946877	6.180108363560018e-05	2.0735311532720403e-06	3.819373938534449e-09	0.0026066898637376	0.0002515783457878	6.794832045712347e-06	6.329166406937607e-08	0.0	0.0	0.0	0.0
271.69741620880006	0.5931219576906983	0.3517936566948465	73819.48597453794	441.6906806838344	0.0404034896635039	0.0016324419769888	195090.6574029489	252.1566827940985	0.3414992007462842	0.1166217041103509	63582.9926777236	280.8574083180104	299.50128565308205	0.956104	24.580669	0.2591202415402676	0.1456424591598435	-0.005025515	-0.0439552943	0.0434972035	0.0505650352	0.0077863842	0.0388211194	-6.008e-07	-0.0811559013	0.0179446771	-0.0884517678	-0.0019220574	0.0523989726	0.1385258085	0.0059595795	0.0676144383	0.0341170031	-0.0617996908	-0.051751714	0.0135672907	0.0269058055	-0.0783513687	0.0323030584	-0.0161439195	0.0177204554	-0.1716070685	-0.0426457977	0.0144311191	-0.0182210372	0.0999197503	-0.1264621952	0.0008033529	-0.1083286443	0.1159071599	0.0136939604	0.0594551653	0.0183064598	-0.0890314279	0.1362741075	-0.0046474368	0.0054380465	-0.0169277345	0.090848979	0.05264468	0.0490111608	-0.0518869318	-0.0388251117	-0.0995027824	-0.04617854	0.0802285153	-0.0141782252	-0.0382902909	0.0612719789	-0.036796275	-0.0465280297	-0.0629867763	0.0511213243	0.0407023642	0.0504991819	0.0009558183	-0.0478722604	-0.0498672368	-0.0564587598	-0.115448778	-0.070982991	-0.1419114671	0.026271349	0.1292270537	0.0893222211	0.0183101582	-0.0350165776	0.0617456402	0.0394840141	0.0383083509	-0.0066105337	-0.0102298542	0.0561305257	0.1682317176	0.0360576786	0.0874863918	-0.024027264	0.0289374664	-0.0061201033	-0.0523634086	-0.0536276829	0.0854762606	-0.0975986657	0.0791900981	-0.0532060405	0.0425908832	-0.0327059137	-0.0387988576	-0.0045480033	0.0273715762	-0.0775340977	0.0326738898	0.01454741	-0.1137642179	0.0701348441	-0.0699744731	0.0154019042	-0.0104447651	-0.0027259359	0.0918901749	-0.0484609136	-0.0035229234	-0.0527245555	-0.1313649572	0.0943187471	-0.0066706546	-0.0333375269	0.0033319786	-0.1036994561	0.0072428273	0.0895634526	0.0105307392	-0.0570348154	0.0110777383	-0.0109382138	-0.0177897968	0.0216998323	-0.0267350072	-0.0246687027	0.081468183	-0.0871390988	-0.0094280953	0.0136320257	0.051060809	-0.0445279052	0.002838005	0.1231975797	-0.0032292634	-0.0654480913	0.0270963749	0.0944068015	-0.0114977579	0.0956108967	0.0092356836	0.0134138824	-0.0991099747	0.0964557418	-0.092084548	0.0860742027	-0.0785316931	0.0406606054568783	-0.0059873835653262	3.584876195833946e-05	0.0016532848361199	0.0149548894051037	-0.1130027465261633	0.0127696207224563	0.0002236487171188	0.8531258966377848	-0.044064738618573	0.0019417011895231	0.7278237955140243	-0.0002738410208289	-0.0014049638170828	1.9739233273118715e-06	7.498890468861406e-08	0.0011051696060138	-0.0003348064886739	1.2213998580566978e-06	1.1209538485814645e-07	0.0024251527128902	-0.0001815371508473	5.881365680838696e-06	3.2955737137791653e-08	0.0	0.0	0.0	0.0
273.1761466188484	1.4787304100483425	2.186643625601739	74625.20708152256	444.5207231333558	2.830042449521386	8.009140266093008	197598.67329500156	252.728295754232	0.5716129601335069	0.3267413761925902	63871.59147483856	281.3653161218637	304.2593982714215	0.8819829999999999	22.675064	0.13752232283579	0.0617590976780741	0.0314039763	-0.041630805	-0.0430246152	0.0063391688	-0.0402997327	-0.0606700497	-0.0394153372	0.0564816947	0.1117031051	0.0703112032	-0.1058827432	0.0315211611	0.029430022	0.1496472075	0.0914799887	0.1072181513	-0.0071793362	0.0904936376	0.0125991823	0.0158178211	-0.0425916835	0.0445554955	0.1338572241	-0.0879779578	-0.0362369683	-0.0515365582	0.0133316747	-0.0257633509	0.0079091872	0.0098341884	0.0177900731	-0.0465421793	-0.014640207	-0.0138165286	0.0535499038	0.0708580677	0.0837062334	-0.0448184326	-0.0684408667	-0.0335463284	6.1745e-06	0.0749354462	0.0570576444	-0.0087836218	-0.0244467091	0.006480254	-0.0081966017	-0.0958747824	0.0705796317	0.0890785879	0.0016851969	0.0235179537	0.0160158924	-0.0679062666	-0.0454889838	0.079311019	-0.0489930709	-0.0784908081	0.0905165911	-0.047119284	0.0417613682	-0.0882179492	-0.0271386246	-0.0572547371	-0.0108218578	-0.06819049	-0.0422258286	0.1017512393	0.018182268	-0.0193257817	0.0064437963	0.0844096986	0.0610891437	0.0477459777	-0.0464093351	-0.0531367395	-0.0247017081	0.0758791599	-0.0527571704	-0.0447495023	0.0905227067	0.0549492658	0.0113655965	0.0066665701	-0.0247462003	-0.0417868354	0.0208806834	-0.1674084504	0.0570109149	0.0676939845	0.037343562	-0.0303847648	0.061016736	-0.0521911633	-0.0080479492	-0.0237304431	-0.057379324	0.1092685127	0.0296186914	-0.0479354301	-0.0662147781	0.1108538394	0.0099699031	-0.0198372921	0.0156106606	-0.0899697653	-0.0977999909	0.0152605677	-0.0254788065	-0.0406158625	-0.0608960174	-0.0086951544	0.0031360103	-0.0278508104	-0.003097615	-0.0606883519	0.0599230913	-0.0318539862	-0.1082595861	-0.0109825882	0.0310966552	-0.0709223581	-0.0663893953	-0.035803493	0.004844348	0.0217416848	0.0213592248	-0.1637684233	0.0826002605	0.0672520494	-0.0403179748	0.0765446581	-0.1111022346	0.0786753966	-0.0132736148	0.18091531	0.1154714976	-0.0624621923	-0.0993068457	0.097236992	-0.0938191336	0.0891006524	-0.0831469612	0.0322711294349886	-0.0083894760218896	7.03833079218622e-05	0.0010414257950097	0.0643925528700037	0.0494376634649	0.0024440825688687	0.0041464008651162	0.8323444456282445	-0.0207814510095403	0.0004318687060619	0.6927972761681896	-0.0007574468088343	-0.0004836057880054	2.3387455819232395e-07	5.737256682132646e-07	0.0014167277987997	0.0003115581927859	2.007117655891843e-06	9.706850749201609e-08	0.0020420420468923	-0.0003831106659978	4.169935721276094e-06	1.4677378240135446e-07	0.0	0.0	0.0	0.0
272.59311194798187	-0.5830346708665388	0.3399294274324532	74307.00468148498	444.1994302883954	-0.3212928449603964	0.1032290922227453	197313.13386853505	252.4298109271229	-0.2984848271090925	0.0890931920143448	63720.809444703016	281.09345577326405	312.0244818095698	1.1045	28.395815	0.2062885610384096	0.1071943151745857	0.0532849722	0.1415606478	0.0027491709	-0.1250993861	-0.0346909466	-0.0034316472	0.0484314943	0.0608302545	-0.0072552937	-0.0314118151	-0.0896777738	-0.098524487	-0.0523927613	-0.0456768955	-0.0590369533	0.0448268187	0.0025920211	-0.0317390065	-0.0579907674	-0.0185809969	0.0109131967	-0.0603753166	0.0257154685	-0.0885897145	0.0669490764	0.046176003	-0.0157816778	-0.1067434012	-0.07326606	0.0635575895	0.0666172533	-0.0114102808	-0.0509409203	-0.018003899	0.0471344705	-0.0009368022	-0.0255428036	-0.0414365057	0.0221533131	-0.0481509711	0.0330401802	0.0720083297	-0.0994324487	-0.0200104287	-0.0113037421	0.0101659789	-0.0174963596	0.1319116182	-0.0345331023	-0.0225024134	0.0051062772	0.0079796664	0.0955664284	0.0144582824	0.1011316225	-0.0197259804	-0.0448600346	-0.0262119189	0.1055188509	0.0142621796	-0.0854118729	-0.0065730435	-0.0515780878	0.0429039714	-0.1444340273	-0.0636962943	0.053462703	0.0153865712	-0.0588818749	0.021319448	-0.0139899624	0.0005677933	-0.1049385694	0.0305608328	0.0030186805	0.0659478135	-0.0913580699	0.018292327	-0.1552775521	0.0677928047	-0.0140080002	0.0032963849	0.0746816076	0.0076367213	0.0004870595	0.0537495246	-0.0431773167	0.029048702	0.0554373524	-0.0936515813	-0.0476343625	-0.0180761784	0.0115118099	-0.0065029077	0.0634309077	0.0472624592	0.0669377983	-0.0227543074	0.0177338358	-0.0540892549	-0.0141972214	0.0419681767	-0.0112118258	0.0487440149	-0.0536643496	0.0435952703	-0.0500773323	-0.1079564684	0.0633699253	-0.0058112044	-0.0603681526	-0.0267533872	0.0190312554	0.0631900567	-0.0558888389	0.0783629754	-0.0324865526	-0.0357070291	0.1070252667	-0.1402178487	-0.0225007628	0.0068521307	-0.0562745949	-0.0691658993	0.0363932386	-0.0643178744	-0.0600021825	-0.0661505458	-0.0673926529	0.0892330328	0.0422007464	0.0057624175	-0.0250662394	0.026952253	-0.089065267	0.0200079825	-0.0052933296	0.000698891	-0.0994792142	0.0979222811	-0.0953454172	0.0917754626	-0.0872496007	0.0418433054246776	0.009572175989689	9.162655317757858e-05	0.0017508622088628	0.1469585263289445	0.0825659734589407	0.0068171399732225	0.021596808460775	0.8797768420711165	0.047432396442872	0.0022498322323137	0.7740072918446262	6.364499166705605e-05	0.0008210918005013	6.741917448505588e-07	4.050684964299634e-09	0.0015020822075648	8.535440876510005e-05	2.256250958282743e-06	7.285375095639789e-09	0.002469956140564	0.0004279140936716	6.1006833363098095e-06	1.8311047156287242e-07	0.0	0.0	0.0	0.0
271.1566118475248	-1.4365001004570672	2.063532538613164	73525.90814862923	441.82236368958377	-2.3770665988116093	5.6504456151857925	195207.00105625085	252.0190032625109	-0.4108076646120082	0.1687629373039722	63513.578005429474	280.47104553235	302.2171312860298	1.123735	28.890312	0.2385075161495975	0.1262074112475471	-0.0927526147	-0.0427683738	0.0460985856	-0.0842302381	-0.0730326071	0.0751578942	0.0495614988	-0.0732706408	-0.0462926058	-0.0391843657	0.1432529683	-0.094474959	-0.1129491086	0.0356693174	-0.1344633681	0.1129239022	0.0427650499	-0.0899783477	-0.021762185	-0.1137602097	-0.061813799	-0.0584028744	-0.0447621133	0.0469506383	0.0557845448	0.136929465	0.1259428568	-0.0918221384	-0.008250544	-0.0571161806	0.0387151824	-0.0524791666	-0.0562311238	0.0489061076	-0.0744201897	-0.0576838802	0.0012436281	0.0006016998	-0.0277937115	0.0296725075	0.0489660276	-0.0035793231	0.0118231315	-0.0259477288	0.0049204936	-0.1197963936	0.0208794989	-0.0296004315	-0.003129134	0.0113879571	0.0523159961	0.06600459	-0.0921181309	-0.017713237	-0.0092341188	0.035814778	0.0343453028	-0.0980640281	0.0489977528	-0.0414156507	0.0669832494	-0.0328558395	-0.0114767462	0.0393204076	0.0348077174	-0.0119946199	-0.009889312	-0.0792633785	-0.0318756876	0.0861034979	0.1147969602	-0.1114531609	0.0163748866	0.0532085813	0.0236728229	0.0448745508	-0.0688736355	-0.1477724358	-0.0111752753	0.0902362034	0.0908900949	0.0676769918	0.0405634075	0.0211308983	0.0760541899	-0.0402181076	-0.0603989303	0.0383474547	-0.0810667142	-0.0286964712	-0.0174875152	0.0649032401	-0.0504457112	-0.0146779702	0.0191790419	-0.0153210495	-0.0233019108	0.076742441	-0.0591879165	0.1475589387	0.022672076	-0.0109348585	-0.0307286203	0.0370750085	-0.0454098224	-0.1000756786	-0.011617923	-0.002615393	-0.0590789822	-0.1460653819	-0.0360078169	0.0203828235	-0.1272855926	-0.0193047143	-0.0082935549	0.0352387806	-0.0565154847	0.0592426062	0.2088416333	0.0732993988	-0.012788583	0.1164061824	-0.0318885466	-0.0510039477	0.0333286697	0.0711680128	-0.123369991	-0.0576156178	0.0669798675	0.0932604789	-0.0211483617	0.0012314094	-0.0445810517	0.0375818618	-0.0373520748	-0.0101314682	-0.0531740246	-0.0427764725	-0.0996270376	0.0985109326	-0.0966600102	0.0940880769	-0.0908143174	0.0426126180768733	0.0007693126521956	5.918419568283735e-07	0.0018158352193654	0.0350383467702641	-0.1119201795586803	0.0125261265924472	0.0012276857443932	0.9447285431195808	0.0649517010484642	0.004218723469089	0.8925120201848455	0.0010160543819627	0.0009524093902956	9.0708364672332e-07	1.032366507105604e-06	0.0016532032836418	0.0001511210760769	2.7330810970440297e-06	2.2837579634670393e-08	0.0023561601491315	-0.0001137959914324	5.551490648355373e-06	1.2949527666105562e-08	0.0	0.0	0.0	0.0
271.2428873198149	0.0862754722900831	0.0074434571188769	73572.7039215898	443.8018756060533	1.9795119164695048	3.9184674274447735	196960.1047914508	252.1146621313397	0.0956588688288206	0.0091506191856095	63561.80286159958	281.06160765805294	299.7855190412499	1.04048	26.749907	0.2750661719030166	0.1317500023937265	0.0522062589	-0.0184329133	0.0506026778	0.0948168638	0.0252297079	0.0582655087	-0.0764435063	0.0244414218	-0.0168315456	-0.0770376438	0.0322139526	0.0427185794	0.0704484193	0.0815902477	-0.0342829697	0.0783404608	0.0265987556	-0.0552364323	0.0415442977	-0.0266530654	-0.0930595777	0.0272227746	-0.0137546514	0.0734427044	-0.1058199779	0.0457973498	0.0251102324	-0.057528839	0.0209061676	-0.1168039277	-0.0110731951	-0.0785064314	-0.0846395741	-0.0804295977	-0.0252782738	0.0640002256	0.002577314	0.0895955825	0.0226921111	-0.0893669917	-0.0118374197	-0.0800620622	0.0260347807	0.0670660778	0.152141861	-0.0214215784	-0.0272329798	-0.0189970783	0.0520312328	-0.0483046105	0.0372591267	0.0006086475	-0.1108980343	-0.0739910695	0.0460923008	0.0066711874	-0.0386733592	-0.1419097105	-0.0509897005	0.0102170543	0.0692844583	0.0357325336	0.023821595	0.0215629749	0.1104969252	0.0210387691	0.0032505767	-0.0096752515	0.0527392587	-0.0013864894	0.067640169	0.0851971047	0.0141095257	-0.0098500854	-0.013197414	0.0295853081	0.1369861678	-0.0656024974	0.0390992973	-0.0195775434	0.0417548633	0.0291456893	-0.0245858236	-0.0076478486	0.1319212451	0.0082906608	-0.0011224578	-0.1462561642	-0.0576109528	0.0231891997	-0.0545300199	-0.0857543387	-0.0601349041	-0.0160731732	0.0729288671	-0.1029051867	0.155558735	0.0125621205	-0.055241148	0.0988939895	0.0164248886	0.050369348	-0.0746522807	-0.006775154	0.0427576664	0.0317302344	0.0090234988	-0.010374305	-0.094911239	-0.0932215921	-0.0506407664	0.0157698326	-0.0342227843	-0.149419399	0.0431560355	-0.1005124403	0.0235719984	0.0047960771	-0.0218633671	0.0316959543	-0.0429320205	0.0053187812	0.0656607364	-0.0690067386	0.077821192	0.0521300724	0.004032783	-0.1365642922	0.0990377587	0.0577826149	0.0282829945	0.1584690998	-0.0097344111	-0.047538589	0.0549555237	0.036971821	0.0445981172	-0.0954733835	-0.0997502796	0.0990023658	-0.0977599938	0.0960293686	-0.0938191336	0.0463431074662139	0.0037304893893406	1.391655108398284e-05	0.002147683609625	-0.0337888548891669	-0.068827201659431	0.0047371836882679	0.0011416867147211	0.8678619982463758	-0.0768665448732049	0.0059084657207444	0.7531844480001924	-0.0006331280064347	-0.0016491823883974	2.719802550200153e-06	4.008510725319776e-07	0.0011043550708136	-0.0005488482128281	1.2196001224317117e-06	3.0123436072470905e-07	0.0020413520307363	-0.0003148081183952	4.167118113391216e-06	9.910415140752633e-08	0.0	0.0	0.0	0.0
272.2969370482023	1.0540497283874402	1.1110208299136364	74145.62192583266	442.0003044665699	-1.801571139483372	3.2456585706194137	195364.26914854048	252.4439502233012	0.3292880919614731	0.1084306475076275	63727.948004344566	281.0629338835436	300.92726612162824	0.850657	21.869715	0.1628244765576219	0.1085236409625712	-0.0011261675	0.0092174502	-0.0599841826	0.1101314242	0.036774519	-0.0368310874	0.0031082142	-0.0364616743	0.1102454589	0.1019956171	-0.0344761386	0.0199353246	0.0031667966	0.0175892724	-0.0592019405	0.0223339367	0.0050478074	-0.1071667891	-0.0109876218	0.0007819924	-0.0515317674	0.0112307462	0.0030222491	-0.0295486236	-0.0600234248	0.0540171678	0.0006649923	-0.1200182141	0.0560612194	0.0334744214	0.0437555525	0.025507203	-0.0419164974	-0.0225831881	0.0072702379	-0.0237649239	0.1093692014	0.0880562316	-0.0114246199	-0.0280678658	-0.0196262573	-0.0221491278	-0.1839886713	0.0589903379	-0.0724392004	0.0150758786	0.0126386863	0.0243138403	0.0161988703	0.0342902416	-0.0621806377	0.0259669533	-0.0302632267	0.0276261068	-0.0659541597	0.0437778899	0.032980605	-0.0638561302	0.0464441915	-0.02165145	-0.0716213908	-0.0402043083	-0.0544693805	0.0766760643	0.0104988958	-0.0446446162	-0.0545580581	0.1169631294	-0.0092415874	7.76463e-05	0.0343615275	0.0187409065	0.0952031839	0.0780116357	0.036663639	-0.019506348	0.0146322817	0.0157842723	-0.1047278045	0.0226126821	-0.000950169	-0.0617683995	0.0197613885	-0.0361899419	0.1341183505	-0.0223455236	0.0194134576	-0.0822677025	-0.0422060769	0.027650127	-0.0040721349	0.1132808699	0.0327777622	-0.1398807165	-0.0463705149	0.0889396258	0.0458260762	-0.0316524637	0.0318138751	-0.0452920218	0.0476411943	-0.0134369762	0.0343833616	-0.0388634927	0.0344569206	-0.0255771872	0.0256148369	-0.0800644433	-0.0471457131	-0.08465545	-0.0085034058	-0.0532736618	0.0309486907	0.0399368921	-0.0116182956	-0.028843641	0.0552651683	0.0179934444	-0.0165477916	0.0577782015	0.0414625388	-0.0113726132	0.0046704327	-0.1119249659	0.0209026291	0.0466966602	0.0550197031	-0.0668065	-0.0160193479	0.0445396874	0.0311779574	-0.0185775851	-0.1017193128	-0.0374475934	-0.0052067112	-0.0360376675	0.0267495711	-0.0633952649	-0.0998489097	0.0993960955	-0.0986429257	0.0975916762	-0.0962455236	0.0434811966650272	-0.0028619108011867	8.190533433949113e-06	0.0018906144634227	0.0685793860597385	0.1023682409489054	0.0104792567549731	0.0047031321923306	0.8891654821459056	0.0213034838995298	0.0004538384262575	0.7906152546397608	-0.0003009912324836	0.0003321367739511	1.1031483661064415e-07	9.059572203199653e-08	0.0013811767862466	0.0002768217154329	1.907649314866486e-06	7.663026213526882e-08	0.0021582103595122	0.0001168583287759	4.6578719559057805e-06	1.3655869004296392e-08	0.0	0.0	0.0	0.0
272.05569481669045	-0.241242231511876	0.0581978142648296	74014.3010821922	444.6078604469837	2.6075559804137924	6.799348190991735	197676.1495712445	252.22779836601384	-0.2161518572873433	0.046721625408768	63618.86226856653	281.0182653575268	306.1003651405027	0.97449	25.053345	0.1721424330101859	0.0950749589561184	-0.026188078	0.0631318673	0.0004768039	-0.0885384832	-0.0156085384	-0.0032963365	0.0493972782	0.0988164445	-0.0650613851	-0.0208723347	-0.0517209486	-0.1212579346	-0.1696053891	-0.0398148496	-0.0001913588	-0.1311596124	-0.0339232153	0.0801151104	-0.0617503465	0.0443481965	0.1511304703	0.0298891436	-0.0557609026	-0.051170854	0.12864708	-0.0528218722	0.0012957236	-0.0622678091	-0.0430810706	-0.0679638974	0.1585131433	-0.0786330738	0.1479087089	0.0708620359	-0.0218992903	-0.0827760337	-0.0947212894	0.0481915281	0.0311711311	-0.0150792616	0.033905047	0.0646153077	-0.0102286297	-0.0007564502	-0.0068595124	-0.0665320856	0.1121627019	-0.0252831846	0.0012147668	-0.0258417323	-0.0611127317	-0.055663768	0.0286601887	-0.0188427959	-0.0274808754	-0.1466520458	-0.0142725235	0.1304086824	0.0806244988	-0.0276443342	0.054220106	0.0709465108	0.0820203251	0.026516643	0.1162561112	-0.0059502462	0.0905629355	0.0598312302	-0.0644260724	-0.0191532999	-0.156561133	-0.0162751124	-0.0849346734	-0.0767302172	0.0486662034	0.0656039477	-0.1443685038	-0.0538289616	0.0180707592	0.1466889949	-0.0047853575	0.0302515336	-0.0550538797	-0.0003652063	0.0541843328	0.0017507056	0.172835662	0.0830675657	0.0006120681	-0.146314716	-0.1099297071	-0.0058527486	-0.0532208403	-0.0048801324	0.034497394	0.0321809277	-0.041100061	0.126777939	-0.0551248651	0.043596431	-0.1007931254	-0.0983372832	0.0375463809	0.0047258552	0.0509973395	-0.0209413519	0.1691535613	0.0098780399	0.027016723	0.1888545906	-0.0227277567	-0.1094984713	0.0001630393	-0.0374370794	-0.0555448811	0.1017199956	-0.0003954888	0.0001981659	0.1093775261	-0.0613876531	0.0560625656	0.0775609318	0.0004305847	0.0230334599	0.2735579682	-0.0935462826	0.1239577318	-0.0626032475	0.0050479641	0.0250651738	0.0066737675	0.0571711815	0.0288291926	-0.0464238751	-0.0231429811	-0.0455180897	-0.1007263284	-0.0431241253	-0.0999229036	0.0996917334	-0.0993068457	0.0987688341	-0.098078528	0.0427606177855039	-0.0007205788795233	5.192339216150558e-07	0.0018284704333979	0.1455126061639475	0.076933220104209	0.0059187203556026	0.021173918552624	0.93452469061436	0.0453592084684544	0.0020574577928847	0.8733363973678654	-2.780516874751628e-05	0.000273186063736	7.46306254196156e-08	7.73127409077856e-10	0.0007889723989551	-0.0005922043872915	6.224774463129654e-07	3.50706036327301e-07	0.0020410122993798	-0.0001171980601324	4.165731206219618e-06	1.373538529879768e-08	0.0	0.0	0.0	0.0
271.599872994786	-0.4558218219044647	0.2077735333243055	73766.49101078388	441.260107249945	-3.347753197038685	11.207451468282736	194710.48225023295	252.2080334214081	-0.0197649446057539	0.0003906530352685	63608.8921222941	280.80042341287856	303.72488024164807	0.790039	20.311266	0.076289332228276	0.0420581720964511	-0.0176456542	0.0835996959	-0.0196733667	-0.021965883	0.0309731078	0.0272950123	0.0031663685	-0.0005716798	-0.1006277335	0.0666180315	-0.0107040655	0.0191861718	-0.2027369112	-0.0187868124	0.0568216287	-0.0248201572	-0.0175957354	0.0136074282	-0.0617874273	0.1736208512	0.1607879503	0.0316751464	-0.1693209806	-0.0266247632	0.2326290091	-0.0029290557	-0.0022431074	-0.091599514	-0.0439154002	-0.0781723723	-0.0673316289	0.0660564022	0.0922701528	0.1037527298	0.0838469581	-0.0288527471	-0.0220504581	0.0075599158	-0.1442885334	-0.0279180714	-0.0177044734	0.0912374526	0.0918876099	0.028191728	0.0615397349	-0.0558601173	0.0045017512	0.0195600006	-0.0155725846	0.0759800345	-0.1118714994	-0.0586906423	0.0029427943	-0.0301337784	0.0297021424	-0.0618944245	0.0314372505	-0.061090177	-0.0665189037	-0.0386528243	-0.0998063015	-0.0119524843	0.1186657345	-0.0292876013	0.0742275515	-0.0724478392	-0.0115224479	-0.0006878012	-0.0624908283	-0.124122353	-0.1831898894	-0.0688510324	-0.023801608	-0.0603493445	0.156119864	0.0313018978	-0.1395689227	-0.0920572575	0.0822649236	0.0562604173	-0.1226854418	-0.0911703271	0.0323121086	0.0951399924	0.0695612572	-0.1335119106	0.0585053739	0.0032145478	-0.0043978023	0.0216820471	0.0372182303	-0.0146161891	0.1461276776	-0.0508936086	0.0944793156	0.0458348175	-0.0855820075	0.0282682773	-0.0143553946	-0.0036474727	-0.1294365922	0.0113374188	-0.0162273808	0.0288230789	0.0652520731	-0.0681279427	0.0117901807	-0.0401355325	-0.0091331244	0.0873749186	-0.0611527499	0.0244891111	0.0560891173	-0.0324916116	-0.0585548094	0.1058982972	0.0211785625	0.0229748962	0.0791693659	0.0456497885	0.0531104267	0.0756404223	0.0073424329	0.2076737436	0.2340046191	-0.1168631739	0.178359196	0.0502856087	-0.0171315872	-0.1295953715	0.0011537221	0.1484230166	-0.0664496985	-0.1808190938	-0.1183450684	-0.0201707852	-0.140879203	-0.0951055927	-0.099972243	0.0998889875	-0.0997502796	0.0995561965	-0.0993068457	0.0375727589018453	-0.0051878588836586	2.691387979675547e-05	0.0014117122114961	0.1375713103479512	-0.0079412958159963	6.306417923716055e-05	0.0189258654308523	0.9466527768198104	0.0121280862054503	0.0001470904750068	0.8961514798606578	0.0007694230404551	0.0007972282092026	6.355728175484105e-07	5.920118151831704e-07	0.0005662863211413	-0.0002226860778137	3.206801975117476e-07	4.958908925209377e-08	0.0020402847599328	-7.275394469999363e-07	4.162761901614044e-06	5.293136469409732e-13	0.0	0.0	0.0	0.0
271.6482703453489	0.0483973505629364	0.0023423035415117	73792.78278161977	443.2540595685932	1.993952318648212	3.9758458490425808	196474.161324038	251.8904291291477	-0.3176042922603983	0.1008724864622285	63448.788286866176	280.67758860109694	304.1980622049738	0.894672	23.001286	0.1047089718092957	0.044288632381185	-0.0576278157	-0.0240905677	-0.0018967094	-0.0678474189	-0.0368807577	-0.0001887788	-0.0549275002	-0.0057289027	-0.0494336922	0.0584422491	-0.1459022876	0.0151628519	-0.169545706	0.0595111715	0.1135751621	0.0296136651	-0.0430684545	0.1729491463	-0.0475152315	0.2318874758	0.2039085506	0.0605180819	-0.1128352262	0.0152020334	0.1471015405	-0.002030731	-0.0184780539	-0.0266258492	0.0626120299	-0.0217166534	-0.2110191254	-0.0153931733	-0.0765182858	0.0179258958	-0.0119665854	-0.0501324695	-0.0504433367	0.0304542466	-0.0832770789	0.0490464061	0.0438280572	-0.0440476881	0.0463894868	0.0605503436	-0.0106983616	0.0611939835	0.0239745422	-0.0693843031	-0.0016348408	-0.0277145559	0.0266730806	0.0006467095	-0.01450383	-0.0048417787	-0.0116376914	-0.1247509852	0.0068064345	0.0263159934	-0.1619296275	-0.0279684192	0.1476925228	0.0296795055	0.0267422282	0.0002517079	-0.0411792855	0.0954132084	-0.0713438984	-0.0630475494	-0.0391215062	-0.1765114088	-0.2290457244	-0.0786916674	0.0223567636	-0.0808741754	0.0692049717	0.0500598216	-0.0899939992	-0.0103940516	0.142399682	-0.0777491709	-0.1909765553	-0.0536433396	0.0370589368	0.0403544619	0.0752476657	-0.0496556717	-0.1125346099	-0.0853269273	-0.0656199342	-0.0052177586	0.0829209507	-0.0324976689	0.0447168395	-0.0100265604	-0.0525188996	-0.0587760276	-0.0130679847	0.0122541673	-0.0557507965	-0.0008818511	-0.0743568723	-0.0543100681	0.0066813837	-0.1154965549	-0.041688382	-0.082080303	-0.0019830927	0.0306318693	0.0371561916	0.0855825312	-0.0121881525	0.0171060731	0.0363977246	-0.1533174999	-0.0633190668	0.1016147091	0.0243994921	0.0378560614	0.0296437743	-0.0145582863	0.004208428	0.0242396392	-0.0480209885	0.1642963438	0.176271321	0.0110751464	0.2386221789	-0.0260821428	0.0099848735	-0.0924556276	-0.0259493823	0.1037688552	0.0257531825	-0.0382087756	-0.0875945576	-0.0070327196	-0.182358254	-0.0428550129	-0.0999969158	0.0999876632	-0.099972243	0.099950656	-0.0999229036	0.0347929799760038	-0.0027797789258414	7.727170876552509e-06	0.0012105514556106	0.1606519684384295	0.0230806580904782	0.0005327167778895	0.0258090549631421	0.9188942951288794	-0.0277584816909309	0.0007705333057857	0.8443667256204002	0.0001081263017369	-0.0006612967387182	4.373133766393273e-07	1.1691297127299145e-08	0.000810117732634	0.0002438314114926	6.56290740728053e-07	5.9453757230522375e-08	0.0021569576717628	0.0001166729118299	4.652466397776399e-06	1.3612568354890937e-08	0.0	0.0	0.0	0.0
