global_signal	global_signal_derivative1	global_signal_power2	global_signal_derivative1_power2	csf	csf_derivative1	csf_power2	csf_derivative1_power2	white_matter	white_matter_derivative1	white_matter_derivative1_power2	white_matter_power2	csf_wm	tcompcor	std_dvars	dvars	framewise_displacement	rmsd	t_comp_cor_00	t_comp_cor_01	t_comp_cor_02	t_comp_cor_03	c_comp_cor_00	c_comp_cor_01	c_comp_cor_02	c_comp_cor_03	c_comp_cor_04	c_comp_cor_05	c_comp_cor_06	w_comp_cor_00	w_comp_cor_01	w_comp_cor_02	w_comp_cor_03	w_comp_cor_04	w_comp_cor_05	w_comp_cor_06	w_comp_cor_07	w_comp_cor_08	w_comp_cor_09	w_comp_cor_10	w_comp_cor_11	w_comp_cor_12	w_comp_cor_13	w_comp_cor_14	w_comp_cor_15	w_comp_cor_16	w_comp_cor_17	w_comp_cor_18	w_comp_cor_19	w_comp_cor_20	w_comp_cor_21	w_comp_cor_22	w_comp_cor_23	w_comp_cor_24	w_comp_cor_25	w_comp_cor_26	w_comp_cor_27	w_comp_cor_28	w_comp_cor_29	w_comp_cor_30	w_comp_cor_31	w_comp_cor_32	w_comp_cor_33	w_comp_cor_34	w_comp_cor_35	w_comp_cor_36	w_comp_cor_37	w_comp_cor_38	w_comp_cor_39	w_comp_cor_40	w_comp_cor_41	w_comp_cor_42	w_comp_cor_43	w_comp_cor_44	w_comp_cor_45	w_comp_cor_46	w_comp_cor_47	w_comp_cor_48	w_comp_cor_49	w_comp_cor_50	w_comp_cor_51	w_comp_cor_52	w_comp_cor_53	w_comp_cor_54	w_comp_cor_55	w_comp_cor_56	w_comp_cor_57	a_comp_cor_00	a_comp_cor_01	a_comp_cor_02	a_comp_cor_03	a_comp_cor_04	a_comp_cor_05	a_comp_cor_06	a_comp_cor_07	a_comp_cor_08	a_comp_cor_09	a_comp_cor_10	a_comp_cor_11	a_comp_cor_12	a_comp_cor_13	a_comp_cor_14	a_comp_cor_15	a_comp_cor_16	a_comp_cor_17	a_comp_cor_18	a_comp_cor_19	a_comp_cor_20	a_comp_cor_21	a_comp_cor_22	a_comp_cor_23	a_comp_cor_24	a_comp_cor_25	a_comp_cor_26	a_comp_cor_27	a_comp_cor_28	a_comp_cor_29	a_comp_cor_30	a_comp_cor_31	a_comp_cor_32	a_comp_cor_33	a_comp_cor_34	a_comp_cor_35	a_comp_cor_36	a_comp_cor_37	a_comp_cor_38	a_comp_cor_39	a_comp_cor_40	a_comp_cor_41	a_comp_cor_42	a_comp_cor_43	a_comp_cor_44	a_comp_cor_45	a_comp_cor_46	a_comp_cor_47	a_comp_cor_48	a_comp_cor_49	a_comp_cor_50	a_comp_cor_51	a_comp_cor_52	a_comp_cor_53	edge_comp_00	edge_comp_01	edge_comp_02	edge_comp_03	edge_comp_04	edge_comp_05	edge_comp_06	edge_comp_07	edge_comp_08	edge_comp_09	edge_comp_10	edge_comp_11	edge_comp_12	edge_comp_13	edge_comp_14	edge_comp_15	edge_comp_16	edge_comp_17	edge_comp_18	edge_comp_19	edge_comp_20	edge_comp_21	edge_comp_22	edge_comp_23	cosine00	cosine01	cosine02	cosine03	cosine04	trans_x	trans_x_derivative1	trans_x_power2	trans_x_derivative1_power2	trans_y	trans_y_derivative1	trans_y_power2	trans_y_derivative1_power2	trans_z	trans_z_derivative1	trans_z_power2	trans_z_derivative1_power2	rot_x	rot_x_derivative1	rot_x_power2	rot_x_derivative1_power2	rot_y	rot_y_derivative1	rot_y_derivative1_power2	rot_y_power2	rot_z	rot_z_derivative1	rot_z_derivative1_power2	rot_z_power2
257.5967876384844	n/a	66356.10500166642	n/a	435.2444578449378	n/a	189437.73808473384	n/a	251.0742815439758	n/a	n/a	63038.29485282362	270.48713670954754	292.7002930313397	n/a	n/a	n/a	n/a	-0.1192538925	-0.0745019695	0.1169521006	0.1437376658	0.0299502942	0.0358421068	0.1096078668	-0.1953967812	-0.0943519265	0.0890342748	-0.0515938041	-0.0328136398	0.0949046266	-0.0326587242	0.0285026195	-0.0078593198	0.0303158114	-0.134630146	0.0231559396	-0.1091389883	0.1473582981	-0.1315869467	0.030486045	-0.0881753571	0.0710983605	-0.1923250022	0.0853768122	-0.041968731	0.0131893122	-0.0264626771	0.0252094198	-0.0137554764	0.0780960163	-0.0884073664	0.027146041	-0.0241230971	0.0423163209	-0.0587164896	0.128486155	-0.00458591	0.0563764068	-0.0915629368	0.023695734	-0.0035583493	0.075997815	0.0022896109	-0.1169660318	0.0306658895	0.0286506915	-0.0433610534	0.0608610974	0.0088473299	0.157821186	-0.0961762534	0.1222440337	0.0018327532	0.0606328217	-0.0511318136	0.0498283324	0.1167066955	-0.0169857307	-0.0004850315	-0.1339624062	0.0808440875	0.0477045552	-0.0037860272	-0.0228080769	-0.0897256715	0.0240632189	-0.0346857845	0.0888485825	0.1112439614	-0.0108888693	0.0766351419	-0.1298840404	0.0115953435	-0.0330772067	0.0862455995	-0.1172406125	0.0847474517	-0.0218066718	0.0677327414	-0.1456298329	0.0470222301	-0.0566429281	0.0821968239	-0.0827077388	0.1758933811	0.0152443998	-0.0291459523	0.1181996605	-0.0113929992	0.0160547303	-0.0329626218	0.0373952615	-0.0468800511	0.0492413866	-0.0929650308	0.0146666007	-0.044383818	0.0510207049	-0.004031555	0.204079186	-0.0539851687	0.1166993413	-0.0056631634	-0.0456204496	0.0834463943	-0.0656157323	0.0315521922	0.153815968	-0.0489325011	0.0107458125	0.0859660825	-0.0066361885	-0.0080118235	-0.0386560406	0.0120253237	0.0561014729	-0.0242248622	-0.0005322124	-0.0350521084	0.0224091498	-0.0552550316	-0.0255756573	0.2051141274	-0.0069883881	0.0584895812	-0.1694698917	0.0143782306	-0.0424672323	0.0687374644	-0.0313362702	0.0844646182	-0.0398106422	0.01678819	0.0239860997	-0.0039530854	0.0028446216	-0.1135867049	0.0054678428	-0.0065717563	0.1902409074	-0.0808999978	0.059981544	-0.0332422514	0.032011682	0.0999969158	0.0999876632	0.099972243	0.099950656	0.0999229036	0.0160493185084504	n/a	0.0002575806245856	n/a	0.0199966416924297	n/a	0.0003998656789754	n/a	-0.1003956533596408	n/a	0.0100792872135091	n/a	9.184454792226097e-08	n/a	8.435420983044493e-15	n/a	-0.000409999805478	n/a	n/a	1.6809984049199782e-07	0.0004480002372712	n/a	n/a	2.0070421259505155e-07
257.3626082999015	-0.2341793385828623	66235.51215092854	0.0548399626191068	435.97879272632383	0.7343348813860189	190077.50770710284	0.5392477180202184	251.0413650697989	-0.0329164741768863	0.0010834942722376	63021.76697610805	270.61392225375084	291.8287739336198	1.091738	24.935938	0.090749021514156	0.0550426520324387	0.0752484066	0.0798660732	0.062273234	0.2037232358	0.0079199111	-0.0567015798	-0.158321492	-0.1436235774	-0.0078726857	0.0238722484	-0.0822493236	-0.0380680018	0.1417007131	0.0285014081	0.0049007006	-0.0516519441	0.0704778699	-0.1025894103	-0.0678978761	0.0556964947	0.1768008924	-0.0826163392	-0.0782045783	-0.1378067609	0.012411544	-0.0580267684	-0.055942328	-0.061365136	-0.0410494182	0.0522247697	-0.0093534604	0.0295796135	0.0956744533	0.0941333197	-0.0598939774	0.2030360426	-0.0104609486	0.01725142	0.0013814919	0.0097038683	-0.0735072526	-0.058168706	-0.0254451832	0.0360466247	0.0137333024	0.1279093149	-0.0884877018	-0.0649580625	0.020111296	-0.0451611445	-0.0483036128	-0.1285813661	0.0381249091	-0.1254287688	0.0141647084	-0.0393794886	-0.0137260641	-0.0247379204	0.0685982411	0.0145163729	-0.1045431669	0.00647966	-0.0254896392	-0.0656386211	-0.0661603543	-0.0739546477	0.0586896119	-0.0015842661	-0.0222292095	-0.0457858701	0.1359135677	-0.01942484	0.0468998245	-0.0817672933	0.0029127707	-0.1472459334	-0.0050110634	0.112483742	-0.0487288886	0.1123364021	0.0071030363	0.0375569197	-0.1280367807	0.0388778241	-0.0757902423	0.0549841268	-0.0514489267	0.0754513958	-0.0638568739	0.0744887794	0.0049794179	-0.0908385528	-0.04072026	-0.0035342973	-0.1321602606	-0.0526145635	0.1007009619	0.0207150488	-0.1430928429	-0.1164641713	-0.0163147479	-0.1042902092	0.0824421904	0.0178041974	-0.030291811	0.0091317885	-0.0326594698	-0.1326089865	-0.0064655073	-0.0160421117	-0.0471278409	-0.1010302129	-0.0009569368	-0.0509027666	0.1618549794	-0.0299602336	-0.0052209043	-0.0929370633	0.034497127	-0.0145370606	-0.0146406392	-0.014652354	0.0660948465	-0.0444518	0.0013529622	0.1691012737	0.1158422356	-0.0064887396	-0.05482593	0.0271558758	-0.0619657052	-0.0935454039	0.0153768732	-0.0901771098	-0.110861956	-0.0041402285	0.0827982975	-0.1261588708	-0.0801583177	-0.184228667	-0.0941504122	-0.0322442889	0.1176401032	0.0270157709	0.0794251244	-0.0562277564	-0.0303705782	0.099972243	0.0998889875	0.0997502796	0.0995561965	0.0993068457	0.0147533051122792	-0.0012960133961712	0.000217660011736	1.6796507230552088e-06	-0.0044898737833136	-0.0244865154757433	2.0158966590086775e-05	0.0005995894401438	-0.0555842731032854	0.0448113802563554	0.0030896114164206	0.0020080598004796	-0.000190944157656	-0.0001910360022039	3.6459671342959387e-08	3.6494754138057e-08	-0.0004330244841688	-2.3024678690800027e-05	5.301358288145807e-10	1.875102038896553e-07	0.0002589586704482	-0.000189041566823	3.5736713986894785e-08	6.705959300029945e-08
257.23828758487264	-0.1243207150288867	66171.53659959765	0.0154556401852936	434.41219604149296	-1.56659668483087	188713.9560695925	2.454225172923072	251.1291251495056	0.0877600797066975	0.0077018315901259	63065.83749835604	270.38335924435023	293.4745104587995	1.028681	23.495667	0.0910176491455314	0.0392596883078722	-0.0697704258	-0.0884748502	0.093049047	0.1603361209	-0.0047106649	0.0335265001	0.0871384675	-0.1742116696	-0.1020038832	0.0093498042	-0.0298122716	-0.0724357026	0.1281134269	-0.0167713673	0.0647487321	0.0155188678	0.0529531366	-0.1112100375	-0.0033033852	-0.0515401011	-0.0101989177	-0.1555751331	-0.0606635282	-0.0566075843	0.1418369483	0.0051049946	0.0319909866	-0.0586469963	-0.0273812153	0.0326912939	0.0093510305	0.0461484032	0.0366089845	0.018237293	-0.0382953466	0.030518886	0.0329056725	0.0538861316	-0.0955282345	0.0002415952	0.0297425279	0.0432776096	0.0889943739	0.0218416878	0.0066768881	0.0684944043	0.0720426432	0.0483790663	-0.0780829455	0.0417155538	-0.0307897003	-0.0335770802	0.0240934776	0.0910753268	-0.0185149027	0.1580697439	-0.0798873684	0.0423337914	-0.0463642396	-0.0225418312	-0.0179841814	0.0560088462	-0.0362867669	-0.0925668862	0.005495336	0.0122026204	-0.1643501892	-0.0221076261	0.0558582605	-0.0746181761	0.1227826543	0.0779424499	0.0138484365	0.0877300293	-0.0834043396	-0.0487891457	-0.0359688881	0.0245494857	-0.0904694182	0.0556202811	-0.0934763481	0.013636646	0.0016545874	0.04248102	0.0958122621	0.1048923047	-0.0578459141	0.048588942	-0.053578548	0.1545351208	0.0121015834	-0.0030746931	0.0817465614	-0.0013518708	-0.0282006218	-0.0147380879	0.0435204782	-0.0780642254	-0.0211295054	-0.0725391861	0.03478888	0.0606311822	-0.1185650217	-0.0204665947	-0.0774261818	-0.0270976934	-0.0345677103	-0.0383943767	-0.0668487525	0.0383913656	-0.0604480322	0.0090513032	0.0408834033	-0.0095901178	-0.0212303234	0.0817655025	0.0852800409	0.0012408041	0.0103847853	-0.0394676445	0.0668321587	-0.0357887791	-0.0314649759	-0.05686308	-0.0437547417	0.1281308576	-0.0458847514	0.0561202681	-0.0918919834	0.0157095229	-0.0705185074	0.1149685932	0.0085968199	-0.0477015576	-0.0913415099	-0.030402631	0.0323581924	-0.0003320625	-0.0519759456	-0.1319391195	0.0545407075	-0.030186668	0.094529267	-0.0752371433	-0.0555944347	-0.0023975209	0.1272371724	0.0999229036	0.0996917334	0.0993068457	0.0987688341	0.098078528	0.0042904224761457	-0.0104628826361335	1.84077250238162e-05	0.0001094719130575	0.0194087969721294	0.023898670755443	0.0003767013999053	0.000571146463877	-0.0786358551532586	-0.0230515820499732	0.0061835977156842	0.0005313754350066	-0.0004030010056235	-0.0002120568479674	1.6240981053355228e-07	4.49681067699114e-08	-0.0002399981151828	0.000193026368986	3.725917912391942e-08	5.759909529129654e-08	-8.048386677935875e-06	-0.0002670070571261	7.129276855515956e-08	6.477652811757567e-11
256.3720729319796	-0.8662146528930634	65726.63977944026	0.7503278248866504	432.6371969265885	-1.7749991149044604	187174.9441644957	3.150621857911618	250.7420563826491	-0.3870687668564869	0.1498222302758014	62871.57883899959	269.79405901695554	287.1618425249078	1.117434	25.52285	0.1098460668842787	0.0589935972310882	0.0497044375	0.1220507955	0.1406184063	0.0817948731	0.0040343031	-0.1540976193	-0.0545156514	-0.1072607473	0.0006400455	0.0512638877	-0.0483391594	-0.1014359068	0.0859914799	-0.0793290173	-0.0115170103	0.0955079499	0.1808431047	-0.0988539145	-0.0695354667	0.1246641788	0.0087599052	-0.0343430345	0.011706819	-0.1526090536	-0.085548945	-0.1310461393	-0.1180815385	-0.1041854829	0.0219792829	-0.0379067018	-0.0662744763	0.0083408491	0.0254986499	0.051907259	-0.0586400087	0.0271725132	0.0073014979	-0.0953008999	0.1052819979	-0.0632351445	0.0431006965	-0.0804330779	0.0374693873	-0.01977974	0.0459341902	-0.0116008802	0.0788288435	0.0131632667	0.0468770104	-0.083824403	-0.0333186029	0.0361283016	0.000544544	0.0117244986	-0.1628124098	-0.0780055199	0.1062297335	0.0745131152	0.0034145211	-0.0427596175	-0.0791338398	0.0531582047	0.0456551335	-0.0075931502	-0.0274247122	-0.0597079219	-0.0878047222	0.0102603551	0.0659459284	-0.11316026	0.0792290077	0.0228497794	-0.0415053289	-0.1104578864	-0.0545331565	-0.1933734422	-0.071477262	0.1081290951	0.0751598498	-0.0353810691	-0.0201402959	0.1066358977	-0.0930386653	0.0102268201	-0.0320066414	0.0606706468	-0.0387853079	0.0035105631	0.0598450783	-0.0538932162	-0.0133276601	-0.1628883925	0.0381148755	0.0166907668	-0.0600889788	-0.0558377968	0.0793602329	-0.1061930779	0.0773185339	0.0380851877	-0.0104012166	0.0225571447	0.073347874	0.1617405446	-0.0898810415	-0.0833794324	-0.0238358285	0.0296006875	0.01168957	-0.0711776133	-0.0955674174	0.06728712	-0.0268745519	-0.0633001739	-0.0180278826	-0.0160656691	0.0355097157	-0.0773429978	0.0761836169	-0.0601728762	-0.0841151318	0.0587386957	-0.1161447658	-0.1105756556	0.0502799153	0.0632736875	0.0202419526	0.1408144423	-0.022086189	-0.039586025	0.031960455	-0.070347157	-0.0183009172	-0.0879770504	-0.1764500478	0.0254020718	0.1586011647	-0.0652054259	-0.0811509297	-0.070963428	-0.0457895572	0.1197512542	0.0854857466	-0.0641212638	0.0642266317	0.1206697573	0.0389074229	0.0998489097	0.0993960955	0.0986429257	0.0975916762	0.0962455236	-0.0016925484653427	-0.0059829709414884	2.864720307533929e-06	3.579594128669459e-05	0.0575364172081407	0.0381276202360112	0.0033104393051492	0.0014537154248614	-0.0371490616527978	0.0414867935004608	0.0013800527816833	0.0017211540349498	-0.0002150143566825	0.000187986648941	4.623117357958933e-08	3.5338980180066774e-08	-0.0001409777028413	9.90204123415e-05	9.805042060280689e-09	1.9874712698409885e-08	-0.0002060149695218	-0.0001979665828438	3.9190767922876514e-08	4.2442167667068186e-08
256.93739870883303	0.5653257768534559	66016.82685526184	0.3195932339749633	434.1518525112881	1.5146555846995966	188487.83103898325	2.2941815402616768	251.54983880065825	0.8077824180091397	0.6525124348446926	63277.32140063715	270.8861767993303	291.1357788032869	1.316516	30.069984	0.3178785757599622	0.2668023976796044	-0.0351302869	-0.107851286	0.0028937392	0.0873173742	-0.0139841924	0.0876826616	0.0515985207	-0.1642285058	0.1156201092	-0.0387773255	0.0271261367	0.0973603483	0.1933315714	-0.0591006045	-0.0518313236	-0.0128753833	0.0599558076	-0.0216908048	-0.1279726618	-0.2151246409	0.0599031173	0.1616871678	0.1042143548	0.1090942535	-0.0309158903	0.0091223394	0.029235999	0.0655224444	-0.0875672631	0.0584582113	-0.0420554512	0.0330158078	-0.078286139	0.0330288081	0.1040782796	-0.0493343859	-0.0777194938	-0.0998633803	0.1287665571	-0.1087351339	-0.0411200591	0.0458473013	0.0496770075	0.0675657529	-0.1032180686	-0.0868903605	-0.0907674034	-0.111695572	0.0167721389	-0.0264698616	-0.0211487471	0.062133437	-0.0037059598	0.0213985795	0.0875619876	0.053733348	-0.076195813	0.0519382633	-0.0426947196	-0.0100229877	0.0382126467	0.040788868	-0.0149572634	-0.062839337	-0.0180817586	-0.0041524145	0.0240166883	0.0137747512	-0.0274434192	0.0821153104	0.1972757329	0.0074544251	-0.0969582168	0.0905244346	-0.0069415489	-0.0581615563	-0.0638228435	-0.1202015128	-0.1377068153	0.0534522466	-0.1712428248	0.0300941512	0.0355432413	-0.0094687793	-0.1005583328	-0.0786693354	-0.0004044312	-0.0371337592	0.0907936929	-0.1800032298	-0.0166950478	0.1123564339	-0.0510588098	0.103437913	0.0115628492	0.1175651985	0.0759230006	0.1089716417	-0.0060632496	-0.0340924342	-0.0396801426	-0.0230923168	0.0160486877	0.1326041632	0.0272522917	-0.0545098797	0.0719397489	0.0331897301	-0.0033088075	0.0168179001	-0.0417292201	-0.0660905231	-0.0031939749	-0.0127151579	-0.1373697116	-0.0289886434	-0.0242749747	0.0526324632	-0.0210469056	-0.0961837097	0.0661066078	0.0295180952	0.0849146278	0.1089159605	0.0865860371	0.1222481372	-0.060992656	-0.0584121314	0.0017814878	-0.0032941614	0.0344470782	0.112324729	0.1053724329	-0.0742111122	0.0439419424	0.0789180467	0.0253882123	0.0444452023	0.1308678184	-0.052451862	-0.0793410355	-0.1124082791	-0.0225180131	0.0565277583	-0.0293969343	0.0397258053	-0.0108052365	0.0997502796	0.0990023658	0.0977599938	0.0960293686	0.0938191336	-0.0043002548826649	-0.0026077064173222	1.8492192055883318e-05	6.8001327589433854e-06	-0.2093267606012432	-0.2668631778093839	0.0438176927038101	0.0712159556705228	-0.0651572059896921	-0.0280081443368943	0.0042454614923831	0.0007844561491963	2.896806464443649e-05	0.0002439824213269	8.391487692442512e-10	5.952742191655476e-08	-0.0002180042538326	-7.702655099130001e-05	5.93308955761534e-09	4.7525854689108695e-08	-0.0002929969411308	-8.698197160899999e-05	7.565863384988881e-09	8.584720751200547e-08
257.215934500733	0.2785357918999693	66160.03696108537	0.077582187369343	436.0369517401363	1.885099228848219	190128.22328283	3.5535991026041494	251.5888968227272	0.0390580220689571	0.0015255290879391	63296.97300447687	271.16669049600915	288.3178200167642	1.118738	25.552635	0.1485717826051251	0.0811595562512134	0.0288477777	0.0753876322	-0.0959050254	0.1294234614	0.0575678678	0.0056823976	-0.1523834849	-0.108393722	0.0444958281	-0.0624045336	-0.0155314091	0.070791976	0.1517842257	0.0418254447	0.0544820949	-0.0290790813	0.0721543517	-0.1159460114	-0.1221484236	-0.0415166358	0.0133931003	0.0162787221	-0.0700764399	0.1650713313	-0.1916533494	0.0515082709	-0.0890199018	-0.1118181215	0.0811192999	0.0531166004	-0.0165412414	0.026897086	0.0215857766	-0.0254808912	0.0593251945	0.0391566163	-0.0962476261	0.0989405406	0.0052833812	0.0006727641	-0.0256630573	-0.064844218	0.0323317715	0.0710979553	0.0361741702	0.0321963132	0.058044514	0.0555709736	-0.0014255917	-0.0632600528	-0.0606201675	-0.001873043	-0.1163179639	0.0435960506	0.0419376983	-0.0597481898	-0.0241664412	-0.1095656387	-0.012311902	-0.1085165314	-0.030701718	-0.0215886254	0.0063645705	0.083809349	0.0175122406	-0.0977077665	-0.0196430478	0.0396941994	0.0204899118	0.0642533265	0.1580263152	-0.0183107612	0.0792931977	-0.1058431283	0.0045033152	-0.113148084	-0.010740803	0.0891665826	-0.0815002701	0.024556798	-0.1113727746	-0.0275193747	0.0495430198	0.009525022	-0.0526365197	-0.1225782738	0.017835137	-0.025675519	-0.0011798597	-0.1025238446	-0.11542388	-0.0294212738	0.146992906	-0.0627993342	-0.0872161039	0.089927826	-0.090906234	-0.0103254365	-0.0297810256	0.0177502116	-0.0965748283	0.0391635283	-0.0178597697	-0.0718108418	-0.000303783	-0.0170755478	-0.0208199441	-0.0382687959	3.42375e-05	0.0127544599	-0.0249544491	0.0277648329	-0.016411205	0.0326232412	0.0465139186	-0.0730834569	-0.0314990792	0.0292103976	-0.054917369	0.0437256564	-0.1233042735	0.037796574	-0.047294344	0.0867386116	-0.048496477	-0.0051330219	-0.0182582185	-0.0717632721	-0.0994251354	0.0442183494	0.0158012871	-0.101334774	0.075486064	-0.1258063908	-0.0273216018	0.1304301433	0.0428861829	-0.0080049644	0.0981975446	-0.0996726954	0.0459769915	-0.0351325012	-0.06027422	0.1265422626	-0.0820376611	0.0051147203	-0.0963907949	0.0996270376	0.0985109326	0.0966600102	0.0940880769	0.0908143174	-0.0087241795436625	-0.0044239246609976	7.611130871005924e-05	1.957110940618273e-05	-0.1403015140158601	0.069025246585383	0.0196845148351425	0.0047644846661729	-0.0270335736574054	0.0381236323322867	0.0007308141046903	0.0014534113422073	-0.0002469988848239	-0.0002759669494683	6.100844910425022e-08	7.615775719885937e-08	2.3008628694976e-05	0.0002410128825275	5.8087209544251153e-08	5.29396994423273e-10	-6.999719259755687e-05	0.0002229997485332	4.972888784588967e-08	4.89960697153947e-09
257.2608728843587	0.0449383836257197	66183.15671722217	0.0020194583228923	434.0258924291375	-2.011059310998803	188378.47529890924	4.0443595523549805	251.71374517895205	0.1248483562248452	0.0155871120520458	63359.809512014406	271.1648116090896	292.5717551017549	1.122256	25.632982	0.0596914343514208	0.0329826208840216	-0.0031714097	-0.1005187744	0.0050709896	0.1222314743	-0.0219005367	0.0822678534	-0.0004500871	-0.1510929188	0.0973440779	-0.0152584916	-0.0393726085	0.0847455222	0.1729438358	-0.0305078894	0.0268695203	-0.0493084482	0.0129995006	0.0141585932	-0.0854741164	-0.1492620298	0.0452837861	-0.0767883951	-0.1586228165	0.0519616156	-0.0629304852	0.1611630845	0.1292523126	0.0647588146	0.141437233	0.0633654072	0.0453591664	-0.0782104436	0.0233034608	-0.0309352047	-0.0585216316	-0.0473641153	0.0918223697	0.0488092716	-0.0276829124	-0.0434687079	0.129484524	0.055761656	-0.0703950135	-0.0035968942	-0.0139078578	0.0075793503	0.034848148	0.0870696829	-0.0501965664	0.0610332612	0.0681150321	-0.0612892043	-0.0960565279	-0.1408028579	-0.007373519	-0.0160532679	0.1019605091	-0.0273497462	0.001076415	0.0311616676	-0.0167534572	0.0264906205	0.030899254	0.0144091918	-0.074210537	-0.0162596554	0.0213171815	-0.0237184755	0.0137021808	0.0744963626	0.1694009334	-0.0122618372	-0.0327617563	0.0869223383	-0.0546981439	-0.0550169653	0.017818055	-0.0709654272	-0.0599052362	0.1226518919	-0.1115401029	-0.0716529634	0.0118249153	-0.0698419599	-0.0660555566	-0.0704117461	0.116877298	0.0070346074	-0.1921970483	0.0530817718	7.60812e-05	0.0996108667	0.0124193391	-0.1566024696	-0.0841883186	-0.0350022894	-0.0943541224	-0.0340675432	0.0356952025	0.062484023	0.0607525898	0.0139851072	-0.0658666235	-0.0292967657	0.033083155	-0.0778082249	-0.035755418	0.0152054724	0.1114825458	0.0495396856	0.1014850224	0.0431403612	-0.0612335372	-0.0077398252	0.1280685888	-0.0739839143	0.0508404665	-0.0028684719	-0.0154515551	0.0983024279	0.0427356643	0.0086404349	0.0644900601	0.0725336728	0.0432652803	0.1083263641	-0.0082545403	-0.118911831	0.0203487835	0.0798025181	-0.0423408034	0.1058794456	0.0749629816	-0.0388540734	-0.0412174757	0.0208253684	-0.0281831812	0.0434267413	-0.0080579921	-0.0716627027	-0.1414603942	-0.0959680429	-0.1628542298	0.077012979	-0.0248471348	-0.0142780616	-0.0183170163	0.0994792142	0.0979222811	0.0953454172	0.0917754626	0.0872496007	-0.0044637531695457	0.0042604263741168	1.992509235862929e-05	1.8151232889270022e-05	-0.1320777218993356	0.0082237921165245	0.0174445246221182	6.763075677581084e-05	-0.0504408371831957	-0.0234072635257902	0.0025442780557416	0.0005478999857657	-7.005077584484933e-06	0.0002399938072394	4.907111196465327e-11	5.7597027513269516e-08	-0.0001950000913142	-0.0002180087200091	4.75278020000393e-08	3.802503561254634e-08	-5.200067314636268e-05	1.7996519451194185e-05	3.2387471235721063e-10	2.704070007674845e-09
256.4958150740199	-0.765057810338817	65790.10315048581	0.5853134531604254	434.8529303797175	0.8270379505800065	189097.07105982743	0.6839917716995773	251.84539757274905	0.1316523937969975	0.0173323527924797	63426.10427857604	271.13024597301467	287.3507164550881	1.126573	25.73159	0.0474124002262945	0.028996996498832	-0.006377408	0.1096204153	-0.0652971256	0.0742547822	0.0910472513	-0.0367239968	-0.0921198475	-0.0945416764	0.0203643708	-0.11018883	0.0443858238	0.0534443135	0.1295161483	-0.0220953486	0.1109111324	-0.0227894266	0.0592421143	0.0102842746	-0.0124512965	0.0386187158	-0.0823643582	-0.053036242	0.0336873965	0.061602895	0.0461086234	0.0520525577	-0.0302947782	0.1199676107	-0.1101847499	0.0852767038	-0.0459666635	0.0172247506	-0.0401498904	-0.1319161107	0.0313106676	-0.0099760966	0.0150937607	-0.0023795876	-0.0026916732	-0.0956291222	0.0502140003	-0.0612021052	-0.0611183906	0.0573943562	0.0446049596	0.0032259195	0.0316434087	0.0858858669	-0.0013679101	-0.1434676634	0.0014214302	-0.0175319184	-0.1017171889	-0.0346191535	-0.009124969	0.0931151314	-0.043460926	-0.0481347757	-0.0337851651	0.0590252554	0.1484794802	-0.0580686027	0.0707181245	0.0597374085	-0.0868743574	0.0902240468	0.0493099319	0.0686411059	-0.1836942838	0.0435590091	0.1270278002	0.0268691209	0.0286183008	-0.1323152844	-0.0504729643	-0.0359488915	0.0617616098	-0.0377710398	0.0098407096	-0.0884084937	-0.0789464375	-0.0023602856	0.0367367419	0.0130499705	0.1094199811	-0.0304733667	0.0213943609	-0.0117697932	-0.0452312843	0.0518406871	0.0323225813	0.1616280343	-0.0711783574	0.0642269	-0.0093575789	0.0550199728	0.0417717057	-0.0708491427	0.0217915776	0.028302984	-0.1228927862	0.0191676044	-0.0343249614	-0.0158064134	0.0272911546	0.0576644984	-0.0981159614	0.0729557792	-0.0244970446	0.118644175	-0.0005623635	0.0291329933	-0.0417469174	-0.0296817919	0.0691806979	0.0967220051	-0.0328643404	0.0349514129	-0.0671308431	0.0525153815	-0.1027230609	0.1093122655	0.0562845298	0.0592577419	-0.063986598	-0.0014542289	-0.0788407665	-0.0700519718	-0.1049644962	0.0303488773	0.0293069947	-0.0799566239	0.0447893002	-0.0886137734	-0.0759789822	0.0542454434	0.030785687	0.038395514	0.03395294	-0.004948468	0.0114359076	-0.038890587	-0.0877450951	-0.0080613764	-0.0467832994	-0.051538785	0.0803648706	0.0993068457	0.097236992	0.0938191336	0.0891006524	0.0831469612	-0.0037815825089211	0.0006821706606246	1.4300366271778002e-05	4.653568102170037e-07	-0.1064819558818186	0.0255957660175169	0.0113384069284175	0.0006551432380234	-0.0451566485093906	0.005284188673805	0.0020391229046006	2.7922649940370076e-05	7.001577694406143e-06	1.4006655278891076e-05	4.902209021080564e-11	1.9618639210168723e-10	2.299953081252859e-05	0.0002179996221267	4.7523835247396466e-08	5.28978417596452e-10	-0.0001369998932277	-8.499922008133733e-05	7.2248674144356195e-09	1.87689707444012e-08
256.00401439561114	-0.4918006784087652	65538.05538666827	0.2418679072833216	432.0401029586792	-2.812827421038321	186658.6505645461	7.911998100545092	250.8186995330552	-1.026698039693855	1.054108864711205	62910.020035453024	270.171049892885	286.57749628279294	1.104661	25.2311	0.1494743679703255	0.125639727795082	0.0206738215	-0.0543190873	0.0721899671	-0.0301379294	-0.0660802782	0.0160267934	0.0359128242	-0.0556198421	-0.013190315	-0.0179246042	-0.0003290181	-0.0556978475	0.0441855409	-0.0142202371	0.0323185887	0.0326988601	0.0733068416	-0.0587941863	0.1118744435	0.1294936834	-0.1521313786	-0.0697156631	0.0110643364	-0.0742602305	0.1206526498	0.108190756	0.0394591831	0.0615446033	-0.0531742618	-0.0496753384	-0.038865654	0.0350537146	-0.0836173649	0.0363929372	0.0138863946	-0.0672492268	0.0220307628	0.0441760592	0.007002917	0.1584357845	0.0495638404	-0.0337830128	-0.040181015	0.0529294397	-0.0792922061	0.0496614131	0.0009413092	-0.0510863947	0.0725302095	-0.0319988921	0.0362584096	-0.0269597728	0.0412131215	-0.0049325446	0.0148221981	-0.0319628736	-0.0003514681	-0.0008334824	0.0352109259	0.0215592562	-0.0116367761	0.0643533393	-0.0852771185	-0.0022282415	-0.0094925127	0.0147461517	0.0292952888	0.0293764976	-0.0172467254	-0.0566044652	0.0484097971	0.0088907942	0.0216460863	0.0815644587	-0.0610017383	-0.070232504	0.0510323034	0.0601384588	0.0718153164	-0.1302036009	0.0646598559	0.1004292793	0.0009278003	-0.1125848962	0.1774183908	0.0533809452	0.0244129374	0.0270150498	-0.1379341131	0.1202614426	-0.0398768494	-0.0091734876	-0.0578889722	0.0597971235	0.1483454778	0.0007816405	-0.0164117229	0.0321917896	0.0322558306	0.0142644226	-0.026107763	-0.0026966036	0.0366973912	-0.0406596436	0.0226252714	0.046197368	0.0811195079	-0.0897042727	0.0040566997	-0.0259570971	-0.0640894206	-0.0037679822	-0.0163110773	-0.0025860422	-0.0229122683	0.1044518667	0.0131973401	-0.0080028644	-0.0350323114	0.0298003784	0.0751028751	-0.0563193576	0.0773060523	-0.0664203628	-0.0232524773	0.0202440234	0.1063109221	0.0469333417	0.0451226309	-0.1183935299	-0.1024975403	0.0229650841	-0.0202027502	-0.0288600271	-0.0563104291	0.001146239	-0.0196915659	0.0068906173	0.0071419277	0.0534331476	-0.008134554	-0.0664347829	-0.1090686638	-0.0590042498	0.0495467122	0.073681257	-0.0026900692	0.0991099747	0.0964557418	0.092084548	0.0860742027	0.0785316931	-0.0081346544018146	-0.0043530718928935	6.617260223696165e-05	1.89492349046994e-05	0.0205649506770413	0.1270469065588599	0.0004229171963491	0.0161409164661756	-0.0427830229870167	0.0023736255223738	0.0018303870559075	5.634098120464762e-06	-0.0002579989824892	-0.0002650005601836	6.656347496546251e-08	7.022529689762507e-08	2.3011348889712124e-05	1.1818077183534116e-08	1.3966694831596963e-16	5.295221777240554e-10	-8.799699156452462e-05	4.900290166317539e-05	2.4012843714108364e-09	7.743470524407017e-09
256.0927438190902	0.0887294234790374	65583.49343679014	0.0078729105909223	431.0378150618478	-1.0022878968313762	185793.5980132917	1.0045810281346634	251.0480302606257	0.229330727570499	0.0525925826080144	63025.11349774004	270.2865551336405	286.07909692153214	0.939638	21.461887	0.0864550543236587	0.0453732795423415	0.0256538908	0.0759595163	0.0387376651	0.0074002638	0.0337037491	-0.0856611154	-0.0399201912	-0.0186668143	0.0173866391	-0.1588588282	0.0175568647	-0.0513775256	0.1017229763	-0.0258683096	0.0379140609	0.0090861988	-0.0444768804	-0.0237532355	-0.0920663927	0.0110514017	-0.0423432026	-0.0204719142	0.022277832	0.0501412819	0.0831009015	0.0740123197	0.0074654656	0.0646219765	-0.0655591149	-0.0265348669	-0.0116695241	-0.0182994323	0.0427551284	-0.0970920869	-0.0783609856	0.0334023907	-0.056815949	-0.0168296481	-0.0098572255	0.1165015715	-0.0042028718	0.1206881348	0.1026245802	-0.034620179	-0.0374474123	-0.0959389897	0.0803491465	-0.0437631791	-0.0855960458	0.0626990959	-0.0185697907	0.0102814691	0.0061350942	-0.1369679907	-0.0333745327	0.0347543949	-0.0547588379	-0.0414824281	0.0018661484	-0.0486103475	0.0420051616	0.0522167367	0.0785458114	-0.123908346	0.0424477729	0.0617086948	0.0380096629	0.0866774652	-0.1563375238	-0.0634504658	0.0992020037	-0.0212140176	0.0135637465	-0.0875385111	0.0205971384	0.0487556456	-0.0171614198	-0.0633090424	-0.0203007574	-0.0262657364	-0.091013268	0.0398637789	0.0828376214	-0.023463171	0.0660694837	0.0220980006	-0.0163478853	-0.0703158386	-0.0119198319	0.0976900676	-0.0177617045	0.0297387476	0.0011898113	-0.0047888305	0.0263845769	0.001798925	0.0108561221	-0.0184428403	-0.0088172249	0.0332959	0.0386207906	0.0349919553	0.0079591574	-0.1131711889	0.0410987516	0.0453519308	0.2410287118	0.0308617529	-0.0339925739	-0.0180092097	-0.0609323523	-0.1218340802	-0.0263518786	0.0767021161	0.0796415568	-0.0095790294	-0.0439644093	-0.0909637406	-0.030899474	0.0427402892	-0.0814741253	-0.0255811127	-0.0107578517	-0.0466996147	-0.0135108937	0.0632238919	-0.0601956488	-0.0553328475	0.0570406358	-0.0908546691	0.0841691109	0.0330260557	-0.048314353	-0.0643393441	-0.0576815465	-0.0857678216	0.0380435498	-0.0722910346	-0.0191601324	0.0897021177	-0.0944810477	-0.056070138	0.0491239969	0.021726217	0.0005658475	0.0004960287	0.0963249218	0.0988886499	0.0955793015	0.0901455117	0.0827080574	0.0734322509	-0.0074713283848097	0.0006633260170049	5.582074783366312e-05	4.400014048355857e-07	-0.0027400211755832	-0.0233049718526245	7.507716042644341e-06	0.0005431217130516	-0.0674680270188901	-0.0246850040318733	0.0045519346698216	0.0006093494240536	0.0002479912755404	0.0005059902580296	6.149967274415459e-08	2.560261412208612e-07	-0.0002180094816521	-0.0002410208305418	5.809104075506492e-08	4.752813409021734e-08	-7.89730316928181e-05	9.023959871706515e-06	8.143185176616949e-11	6.236739734754853e-09
256.101981136752	0.0092373176618139	65588.22474216927	8.532803758525909e-05	432.24022987451445	1.202414812666632	186831.6163219731	1.4458013817201314	251.062631889408	0.0146016287823158	0.0002132075630965	63032.44513123639	270.3466324971695	286.91679998154336	0.9385190000000002	21.436312	0.1529544142551996	0.1121343094224999	-0.0063928767	-0.0558230578	0.0325489653	-0.0226152	-0.0429596026	0.0390004142	0.0855663994	-0.0265038488	0.0854936452	-0.0757446739	0.0279384744	0.0356795122	0.0661138965	-0.020455209	-0.0332026774	-0.0451672757	-0.0186873634	-0.0281529466	0.0451982631	-0.0966564821	0.0333682761	0.0842990903	0.0661573464	0.0002318869	-0.0714441864	0.0744739377	0.0595028929	0.0438737709	0.0168830009	-0.0131076321	-0.0386402474	0.0252516425	0.0320670658	-0.0243947405	0.0253674734	-0.0702977796	-0.0755223745	0.0732666203	-0.0731100898	-0.029449299	-0.0669049956	0.0112259213	-0.0979372707	-0.0753758206	-0.1263328636	0.0354503599	0.140076869	-0.106413313	0.0421924405	0.0522009879	0.0062260744	0.1429834494	-0.0308242109	0.0077859157	0.0017165685	0.0155990344	-0.0855813179	0.096574289	0.0674509849	0.0770041365	0.051600388	-0.1625718771	-0.0205546868	-0.0188232334	0.0823754614	-0.0052420752	0.0825683238	-0.1181641699	0.1294529391	0.03199954	0.068658894	-0.0046457146	-0.0777629954	0.0670111663	0.0182966317	0.0389663605	0.0604546646	-0.0286539652	-0.0532886923	-0.0858896685	-0.0510491392	-0.0655021474	-0.0641470858	0.0038326137	-0.0839197468	-0.0394974605	0.0985545129	-0.1278285243	0.0218889887	-0.0566108412	0.0415654865	0.0060987706	-0.0563517591	-0.0487015965	0.0529780441	0.0922093342	-0.0036566269	-0.001850184	-0.0022498867	0.019697718	0.0500158071	0.0200030459	-0.051981801	0.0186443016	-0.1129681935	0.0429848756	-0.0218065508	-0.0052005374	-0.0094856821	-0.0880110817	-0.004440622	0.0080544256	0.1693781737	-0.0041249556	-0.0499840433	0.0167956306	-0.1202296053	0.030073287	-0.0462951608	-0.0293546537	0.0420562385	0.0468730471	0.0513182797	0.0296411797	0.0643750102	0.0107107146	-0.0135655753	-0.0721802559	-0.0552385828	-0.0552254655	-0.0705694307	0.0476140211	0.0240713278	-0.0132311686	0.0083685601	0.0673789533	-0.0155276024	-0.0042008193	-0.0102229372	-0.035652093	0.0515577186	-0.0414079569	-0.0706264978	0.1495721988	-0.0226073381	0.1120713986	0.0549277593	0.0986429257	0.0946085359	0.0880063298	0.0790155012	0.0678800746	-0.0043753035226075	0.0030960248622021	1.91432809149416e-05	9.585369947374147e-06	-0.1037314341964616	-0.1009914130208784	0.0107602104404548	0.0101992655039536	-0.0552243036683037	0.0122437233505863	0.003049723715649	0.0001499087614856	-0.000364003332952	-0.0006119946084924	1.3249842640016458e-07	3.745374008237659e-07	-0.0001209900461554	9.70194354967e-05	9.412770864098334e-09	1.463859126868582e-08	-5.5522015251266383e-05	2.3451016441551723e-05	5.499501721419293e-10	3.082694177561857e-09
256.3316082266175	0.2296270898655166	65705.89337604413	0.052728600400106	433.5443332864997	1.3041034119852384	187960.68892483556	1.7006857091515404	251.0018494752341	-0.0607824141739001	0.0036945018728075	63001.928439988085	270.42178911869365	287.1214456589444	0.957422	21.86808	0.0864299299776453	0.0524733000821389	0.0117617088	0.0445818496	-0.0526606236	0.014614184	0.0363951979	-0.0022754196	-0.079468723	0.0117517782	0.0064130659	-0.1270922182	-0.0242654731	0.0146113343	0.0863726552	0.0733864029	0.0267406681	-0.0315769483	-0.0103380542	0.0299898963	0.0146178497	-0.0611995461	-0.0040945134	0.0027808589	-0.0810349642	-0.1109325026	0.0749513619	-0.1568978862	-0.0438389297	0.1114848965	-0.0113966152	-0.0354643309	0.0360441097	0.0494819363	-0.0290093496	0.0033892415	0.0086147318	-0.0351612613	-0.0658513212	0.007923027	-0.1267235073	0.1425828828	-0.0229739655	0.1032803625	-0.0884737794	0.0181651111	-0.0015815134	-0.0396568233	-0.0202175967	-0.0742324502	-0.0111342993	-0.00827192	-0.0513224475	-0.0204649792	0.0091350514	0.2062950556	-0.1435738631	-0.1225194546	-0.0306574611	0.0054251657	-0.1808517706	-0.0018469988	0.025678874	-0.0166889646	-0.0728562911	0.1044461049	0.0272342678	-0.0192980531	0.1242698467	0.0111456187	0.0160705026	0.0073197848	0.0856910462	0.006097031	0.0663487625	-0.0567352367	0.0501811256	0.0235426703	0.0636286867	0.0298142241	0.0491700702	0.0223249185	-0.066443674	-0.0065138294	-0.0537208543	-0.0030953849	-0.0292994135	0.0079757463	-0.1087315458	0.039849263	0.0246301704	0.0269460224	0.0542344888	-0.0540652613	-0.1478672013	0.0722175561	0.0900187568	-0.0790722384	-0.0743324537	0.1141943658	0.0714654651	0.066991246	0.0330535954	0.0052064819	-0.0536734492	-0.0707876891	-0.0051654952	0.1246561018	0.0784530802	0.0452722084	0.0436741402	-0.0808696622	-0.0945060954	-0.0336918494	-0.0688594616	-0.0231891756	-0.1467643379	-0.0504094676	0.1383015714	0.0309142078	-0.0991514017	0.008971001	0.0562227503	0.0125021085	-0.1132770978	0.0208015751	-0.1018084473	0.0201255285	0.0094278451	-0.102816413	-0.0076956257	-0.0899238903	0.0248917269	0.0210143684	-0.0526639248	-0.0705547945	-0.0144531161	-0.025113724	0.0279362979	-0.0365536624	0.0017833381	0.1155128596	0.0423415855	-0.1581785973	-0.0471089877	0.0045202432	0.0074136817	-0.0419786874	0.0451994869	0.0983728629	0.0935444031	0.0856717519	0.075011107	0.0619093949	0.0049320423230057	0.0093073458456131	2.432504147591946e-05	8.662668668985328e-05	-0.0619726561579483	0.0417587780385132	0.0038406101112712	0.0017437955432698	-0.0554145789446778	-0.0001902752763741	0.0030707755596159	3.620468079924047e-08	6.397582370536067e-05	0.0004279791566573	4.0929060187793884e-09	1.831661585331457e-07	-0.0001740092082125	-5.3019162057100014e-05	2.8110315452370333e-09	3.027920454274118e-08	-0.0002779943128797	-0.0002224722976284	4.949392321207436e-08	7.728083799345656e-08
255.8214803521924	-0.510127874425109	65444.62980958716	0.2602304482654797	429.9302373414629	-3.6140959450368086	184840.0089804866	13.061689499931504	250.5924061545061	-0.4094433207280019	0.1676438328887734	62796.55402230496	269.72997063553066	285.9508412487183	1.054093	24.076099	0.1904911902785495	0.1486589279676639	0.01094203	-0.0215276775	0.1001054411	-0.0755006031	-0.0692442558	-0.0627581648	0.1289824153	-0.0130950558	-0.064995725	-0.1042245652	0.0822925582	-0.1283646811	0.0247138887	-0.0082689752	-0.0495098244	0.1373962339	-0.0338111291	0.0165531197	0.0558485303	-0.0135175514	-0.0162578583	0.1092320028	0.0305340911	0.1205847699	0.023708975	-0.0519963389	0.0451253156	-0.0074517443	-0.0512482482	-0.0660333568	0.0450595833	0.0563765497	-0.0633124011	0.0867251261	-0.0637382047	-0.0014746158	0.1112411	0.0749266608	-0.0360581685	-0.0107697824	-0.0649035126	-0.0734326182	0.0800296185	-0.0433292405	-0.0106542562	0.0751712716	0.0032753824	0.1297300373	0.0474754973	0.0285136018	-0.0612996369	-0.0430025442	-0.0003463547	0.0423487993	-0.106101733	-0.0468785654	0.1354001987	-0.0589997021	-0.0280030783	0.0039012788	-0.0421131386	-0.0761503747	0.1993253139	0.008421468	0.0529247141	0.0525445629	0.0465083656	-0.0135600144	0.0150094562	-0.1291740659	0.0187214299	0.0293405673	-0.0470900955	0.0677325683	0.0076330349	0.0507810985	-0.1027814127	-0.0476190303	0.0607894758	-0.0937438411	0.0035142282	-0.0381332599	0.0399729129	0.1124090489	0.027234198	-0.053258041	-0.001432347	-0.0890666649	0.0470456366	-0.0001674218	-0.0037240911	-0.0631596174	0.0300288041	0.0473026156	0.047212858	-0.0670083716	-0.0491485365	-0.0141819829	-0.0860679879	-0.0537270901	-0.0439557233	-0.0647122806	0.0346595985	0.0001654502	0.0163570375	-0.0783923484	-0.0652117241	-0.1247449934	0.1557782061	0.0426259779	0.0607478548	0.0261427572	0.0027350741	-0.0261934857	0.0313308286	0.0426863554	0.0502002431	0.0572900826	0.0297984541	0.0795149441	-0.0863082343	-0.0679447553	-0.1789194399	-0.1194928217	0.0173319728	-0.0177302597	-0.0743731297	0.0825345639	0.0456209771	-0.1189906901	0.0046833322	0.033748769	-0.034603088	0.0371729623	0.0007177515	-0.005823631	0.0168975037	0.0133859995	0.0182801476	-0.06092833	0.0488489049	0.0681042723	-0.0061931638	0.0627148204	0.073908959	0.1483639322	0.0642314445	0.098078528	0.0923879533	0.0831469612	0.0707106781	0.0555570233	-0.002244476298685	-0.0071765186216907	5.037673855358717e-06	5.150241952747338e-05	0.0867362695718156	0.1487089257297639	0.0075231804592346	0.0221143445917004	-0.0417842262344407	0.0136303527102371	0.0017459215620109	0.0001857865150054	-0.0001529969476521	-0.0002169727713574	2.3408065990859424e-08	4.70771835105369e-08	2.302167918699638e-05	0.0001970308873994	3.882117058943303e-08	5.299977125889822e-10	-0.0002834985184599	-5.504205580199979e-06	3.0296279069104587e-11	8.037140996895827e-08
256.5113762585303	0.6898959063378811	65798.08615004529	0.4759563615817664	433.3434652907125	3.413227949249631	187786.55891016297	11.65012503353884	251.099460079749	0.5070539252429	0.2571036831042325	63050.93885234147	270.5420059989513	286.000916964879	1.072136	24.488205	0.300380184554093	0.2574710706733347	0.0017560193	0.0159635601	-0.0056536473	-0.0493705064	0.0121196119	0.0044288872	-0.0491315535	0.034334197	0.1336997788	-0.0159510724	-0.0896445813	0.0898819297	-0.0097089442	0.0004406913	-0.0487028851	-0.0084078866	0.0367229419	0.1032452315	0.0099657113	0.073914516	0.0777134104	0.0961427795	-0.0580121727	0.027090572	-0.0103504551	-0.0044114211	0.0722553315	0.0047988166	0.0238823463	0.0008654818	0.0312674527	-0.1194822306	-0.1577824141	-0.012358773	0.024329597	0.0586856141	-0.0186422281	-0.0743926818	0.0056788417	-0.0038615741	0.098199583	0.1564494202	0.010645583	-0.0513392476	0.0324296636	-0.0561468583	-0.1203040012	0.0019080641	-0.0437618344	0.0091040755	0.0516514913	0.2091328541	0.0494064628	0.0695272254	-0.0432912878	-0.090583051	0.1378336052	-0.0712771802	0.0591867437	0.0078591718	0.049435694	-0.0568430496	0.0087509124	0.0313745876	0.0538588648	0.0150898836	0.03618248	-0.0381199813	-0.0946101606	0.0850427332	0.0037060633	-0.0349918347	-0.0474409617	-0.0380590947	0.0369724102	-0.0323978801	0.018012382	0.0226632528	0.0784092664	0.0722423102	0.0962897407	-0.0074025341	0.0420083789	-0.0127066207	-0.0994970335	-0.0695673162	0.003659598	-0.1062641168	0.0234923197	-0.0499565532	0.0608139315	0.0743822634	0.0426056681	0.0709750303	-0.0288517803	-0.0799951527	-0.0652299947	0.1090396177	-0.0241475694	0.0518935874	0.0472246735	0.0650503342	0.0249908681	-0.0222645736	0.1582015132	-0.0606296598	0.0941698325	0.1593671261	0.0591898182	-0.0040537123	0.0247690909	0.0147150778	0.0705774109	-0.1567966588	-0.0698936405	-0.0191770861	-0.1092063865	-0.090126013	0.0560153464	0.0379159957	-0.0272189895	-0.0292774135	-0.134848897	0.0679233751	0.0822291393	-0.0328728521	0.0908575476	0.027796511	0.0158641961	-0.0495793177	0.0381850295	-0.0296441137	0.0342642321	-0.0519550566	0.0452755948	0.100242366	0.0851121575	-0.0078954906	0.0481299313	0.0619812435	-0.0060246989	-0.0193435629	0.0589964089	-0.0477453205	-0.1639768131	-0.1234792065	-0.1870323656	0.0977599938	0.0911403277	0.0804375635	0.0661311865	0.0488621241	-0.0045548513477768	-0.0023103750490918	2.074667080034413e-05	5.3378328674659374e-06	-0.170917104011977	-0.2576533735837926	0.0292126564438409	0.0663852609191093	-0.0174929394074823	0.0242912868269583	0.0003060029291138	0.0005900666157095	-9.016089742784748e-06	0.0001439808579093	8.128987424994834e-11	2.0730487444302425e-08	-9.29984289423924e-05	-0.0001160201081293	1.3460665490355064e-08	8.648707785753207e-09	-0.0003460005343062	-6.25020158463e-05	3.9065019848511374e-09	1.197163697401759e-07
256.85520382434777	0.3438275658174916	65974.59573164723	0.1182173950159815	435.19230455762886	1.8488392669163431	189392.34194618	3.418206634891761	251.3880880483776	0.2886279686285888	0.0833061042746656	63195.97081261885	271.0450467632268	291.0510317003278	1.107991	25.307154	0.183351835642046	0.1363191370857355	0.0147628928	-0.0744529577	-0.0769955993	0.0298575717	-0.0212068921	0.1002972716	-0.0332841298	0.0437554261	-0.113554588	-0.0560622605	-0.0354938295	-0.0009149471	-0.0387896982	0.0650531233	0.1635409563	0.0515834195	-0.0217522798	0.0189733639	0.166031182	-0.0346315867	-0.1191858411	0.0593070872	0.0206564977	0.127719534	0.0033378154	0.0403260328	-0.0395125498	0.028064301	0.0255277037	0.0762668375	-0.0376022455	-0.1180820733	-0.1367433423	0.0425060948	-0.1044025018	-0.1464665567	0.0010185771	-0.0832962127	-0.0980456523	0.002401869	-0.1300574908	-0.0128673558	-0.033747308	-0.1092661241	0.0201364324	-0.0799348143	-0.0782317935	0.028811176	0.0666150452	0.0450620772	0.0434953483	0.1037303731	0.0421760284	0.063546149	-0.0241135709	-0.0133334562	-0.1184031172	-0.0080836946	0.0671801443	0.0364274104	-0.1075055788	0.0065783539	0.050550261	-0.0020937815	-0.0184715321	-0.066310329	-0.0680224403	0.1644741436	0.0853722701	0.0160319286	-0.0289284889	0.0215896219	0.1393217438	0.0804347575	-0.0707800879	0.0430494043	0.0446005433	-0.0335042026	0.0303595378	-0.0967459801	0.0103521373	-0.1815001378	0.0293003917	0.0524316627	0.1402118897	-0.0022776318	0.0951952382	-0.0916555651	0.165538181	0.0339151397	-0.0085205867	0.0388397378	0.0037706533	0.0262053388	-0.0271386677	-0.0614455086	-0.1736623778	0.1257754688	0.1410727271	-0.0010329257	-0.0544736415	-0.0646683049	0.0148027253	0.0801235424	-0.0381611577	0.0374909269	-0.0338857127	-0.0092972174	0.0728436002	-0.0114950346	0.0899469777	0.0875598921	0.0303593207	-0.040898948	-0.0893349964	0.0180441921	-0.0299163083	-0.0318474186	-0.0273536256	-0.1245119744	0.0033132454	-0.0375167628	0.0073546843	0.0119086012	-0.1446724744	-0.0302466696	-0.0386444105	-0.079552986	-0.008936812	0.0244668503	-0.1139901918	0.0618025717	-0.0171094551	-0.0154203128	0.0311700693	-0.0502536624	-0.0766332976	0.1127567472	0.014856422	-0.0581237386	0.0853457147	-0.01586814	-0.1424479663	0.0142866591	0.0468481687	-0.0262910139	0.0850128688	0.0974173387	0.0898027576	0.0775495743	0.0612907054	0.0418659738	-0.0059240532480657	-0.0013692019002889	3.5094406885917774e-05	1.874713843754736e-06	-0.0359258217168871	0.1349912822950899	0.0012906646660335	0.0182226462956726	-0.0427355821770234	-0.025242642769541	0.0018263299840091	0.0006371910139906	-0.0001540177125273	-0.0001450016227845	2.3721455772142024e-08	2.102547061014285e-08	-0.0002069865896792	-0.0001139881607368	1.2993300788160284e-08	4.28434483070255e-08	-0.000170016144285	0.0001759843900211	3.0970505531133834e-08	2.890548931753794e-08
255.8458343644979	-1.0093694598498644	65457.090961666094	1.0188267064776069	430.5372314238816	-4.655073133747237	185362.307642141	21.66970588053532	250.0874559068643	-1.3006321415132902	1.6916439675374473	62543.7356019678	269.26602241046646	284.50964618236463	1.362795	31.127037	0.1615976953690686	0.1135222867971173	-0.0213090649	0.1039998484	0.1393810836	-0.108929322	0.0278474197	-0.1788087027	0.060405346	0.0588149143	0.0031798643	0.0040140513	-0.0237768886	-0.0991745736	-0.0718828059	-0.1313187865	-0.1034764582	0.0887402168	0.041831594	0.0238415967	0.1522431434	0.1308155847	-0.031381025	0.0185612985	0.1205111165	0.0862953457	-0.0596372935	0.1450293544	-0.0727207939	0.0181341611	0.0270878754	-0.1084682089	0.138037548	0.0889479826	-0.035276173	0.0592126386	0.0288983586	0.0389038655	0.0253897346	-0.0359077869	-0.0663832127	-0.1402940109	-0.1841122754	0.0117808198	0.0211774391	0.0090812975	-0.0926284788	0.1107750987	-0.0047842318	0.0054752184	-0.0458146359	-0.1051410539	0.0316674383	-0.1331845955	0.0019426415	0.0245769608	0.1111572749	0.0857246831	-0.0004669914	0.0270280353	-0.093282179	-0.0869119216	0.0336848282	-0.0855526079	0.0554197	0.0972252979	-0.0115020742	0.0184721133	-0.0198116315	-0.0332628611	0.095692289	-0.1067778999	-0.0763466247	0.0182154088	-0.12780471	-0.0795907136	-0.0156574082	0.0448422392	-0.0432080023	0.1214019614	0.140416803	-0.1427876263	0.094630998	0.0391572695	0.014307596	-0.058503308	0.0305448053	-0.0068094548	0.008561196	-0.1451903417	0.0771699896	-0.0645718837	-0.1433641964	0.0773321255	0.0859723713	0.0374664784	0.0738781237	0.0526460642	0.0601231729	0.0016947854	-0.1171962768	-0.116906794	0.0678518951	-0.1893826419	-0.0510213132	-0.0236449019	-0.0981325541	0.0153872727	-0.1107724099	0.0136891412	0.0322538094	0.1044102332	-0.0169351619	-0.0320513848	-0.034373776	0.1346071047	-0.0454804514	0.078644971	-0.0070026551	0.1022720295	0.0544070953	0.0068672251	-0.0058568027	0.0049987648	0.0412060805	-0.1343831647	0.0756716913	-0.0450993898	0.0454175322	0.1835468917	0.0195297008	-0.123945151	0.0861166033	-0.0808316875	-0.0441503267	0.0919174826	-0.0341560755	-0.0275784836	0.0607081079	-0.0608764452	-0.0291747365	0.1137934349	0.099976222	0.0763233934	-0.0024779261	-0.0623786995	-0.0339383331	-0.0052522633	0.0011245986	0.0970506473	0.088376563	0.0744894057	0.0562083378	0.0346117057	0.0002550300288106	0.0061790832768763	6.504031559513547e-08	3.818107014257235e-05	0.0754305511238868	0.1113563728407739	0.0056897680428533	0.0124002417722534	-0.020274137845071	0.0224614443319523	0.0004110406653609	0.0005045164814773	-0.0003499981880548	-0.0001959804755275	1.2249873164164317e-07	3.8408346787985036e-08	2.3028698440619166e-05	0.0002300152881198	5.2907032768843424e-08	5.303209518689756e-10	-0.000163996009543	6.020134742000001e-06	3.624202231183542e-11	2.6894691146027753e-08
256.4242186730262	0.5783843085282854	65753.37992207195	0.3345284083517428	433.24393785669565	2.7067064328140304	187700.3096895764	7.326259713436854	250.75291032577903	0.6654544189147202	0.4428295836531279	62877.022036848175	270.432473802052	289.6186352181942	1.38111	31.545357	0.2460312425651351	0.222272574455726	0.0810395114	-0.0847346705	-0.0883302003	-0.0322426087	-0.0812125541	0.0815949094	-0.0340384041	0.0260433615	0.0402861256	-0.0214216516	0.088760233	0.0727628533	-0.0156579158	0.0376246691	-0.0495400312	-0.1006817988	-0.0986310347	0.0494013427	-0.036176037	0.0103415516	-0.1032471589	0.0848304053	0.0703213328	-0.0085122151	0.0207126178	0.0291841052	0.0020565097	0.0154346536	-0.0157548096	-0.1124292337	0.1211148365	-0.029060362	0.0114016273	-0.0173289393	-0.0284300746	-0.0715084247	0.130280334	-0.0168454816	0.0455880416	0.1609996138	0.0393964483	0.0065603717	-0.0342876518	0.0495538458	-0.0885032192	0.0347219905	-0.02704796	0.0439449575	0.1927622178	0.0615000488	-0.1637287616	-0.0489056949	-0.0422675379	0.0876291202	0.1749351682	-0.0042114414	0.0813766468	0.081360463	0.047153055	0.105935671	0.0022146743	-0.029219502	-0.0368917105	0.0211745861	-0.0789576148	-0.0324205874	-0.0914625077	-0.0419909879	0.0201800438	0.0735703689	-0.0108818097	-0.0898744141	0.0246760093	0.0713636496	0.0552910823	0.0288611791	0.0517210277	-0.0905674138	-0.0364022556	0.0182543575	0.0854981932	-0.0252404476	0.0209125781	-0.0789976944	0.0514625622	0.0363841524	-0.0100687647	0.0316774017	-0.0411544835	-0.1077730259	-0.0561283246	-0.0031428786	-0.1051569544	-0.059485811	0.1789359666	-0.0790466835	0.0560778766	-0.0809174792	0.0516412776	0.1218896639	-0.054754376	-0.0817566672	-0.0704868618	0.0311747424	0.0610913095	0.0221469037	-0.0112470564	-0.1698617887	0.0203160108	-0.0670433699	-0.0180299999	-0.0242593173	-0.0798761761	-0.0323901694	-0.0519131672	-0.0029356332	0.0900611973	0.125482191	0.085550128	0.0007200227	0.1693917894	-0.109313878	-0.0065969704	0.0777271191	-0.0112488049	-0.0315983492	-0.0325645741	-0.0980091059	0.0996429355	-0.0036834928	-0.0671481119	0.0493721053	0.0388286896	0.0318910521	0.0236917513	-0.0080279134	-0.0580914908	0.074369819	0.0124816729	0.1226231912	-0.0433432279	-0.0252791989	-0.0478400154	0.0714264998	0.1892310529	0.089830161	-0.0794052233	0.0966600102	0.0868631514	0.0712638519	0.0509041416	0.027144045	-0.0005402249186801	-0.0007952549474907	2.918429627629207e-07	6.324304315084361e-07	-0.1486593120860675	-0.2240898632099543	0.0220995910699028	0.050216266793456	-0.0228191557930088	-0.0025450179479378	0.0005207138711056	6.477116355325537e-06	-5.299897619310652e-05	0.0002969992118616	2.8088914775174715e-09	8.82085318464671e-08	2.300238547747746e-05	-2.631296314170584e-08	6.923720292967698e-16	5.29109737654466e-10	-8.899940517278919e-05	7.499660437021082e-05	5.624490667061924e-09	7.920894121110296e-09
255.8902516537736	-0.5339670192526	65479.82089143158	0.2851207776495065	430.8993359040678	-2.3446019526278405	185674.23768256663	5.497158316266282	249.8327729806775	-0.9201373451015228	0.846652733850479	62416.41445521474	269.0744803921757	284.2613495655614	1.356865	30.991581	0.3312911805725965	0.2975165129571576	-0.0619648282	0.0877431796	0.0283690247	-0.1133628677	0.0559498453	-0.1126111519	0.0743036718	0.1119524924	-0.1443812066	-0.0471090312	0.116352259	-0.1596877468	-0.0946166224	0.0734847696	-0.0640395244	0.2891618925	-0.0486818389	-0.0087239758	0.0336025092	-0.018283234	-0.0397030087	-0.0390843631	0.096374291	-0.0491827272	-0.025709187	-0.0316125976	-0.0611906333	-0.0575041201	0.0519605833	0.0426253932	-0.0394181927	0.1163663396	-0.0187131877	-0.0301488834	0.1105856255	0.037010154	0.0356372551	0.0217376761	-0.0507553604	-0.0884147717	-0.0823176753	0.0026952537	-0.0043443943	-0.04550896	0.0017010116	-0.1402675616	-0.1865277083	0.0053960829	-0.1799099986	0.2035287841	0.0615269295	-0.1538061807	0.0500327136	-0.0456472455	0.0125372685	-0.0575749261	-0.0560713865	0.034473737	-0.1101649752	0.1555718753	-0.0519771353	0.1032476497	-0.0304296922	-0.0707329944	-0.0270476317	-0.0688169603	0.0364227224	-0.020093903	0.0682543716	-0.148011148	-0.1086917187	0.0919809012	0.028930425	-0.0035507392	0.0691432601	0.0823919517	-0.2158110446	-0.0238555299	0.1384037646	-0.1600614931	-0.0244651772	0.1014803323	-0.0147811997	-0.0032296621	-0.0523685554	0.046147864	-0.0121485333	0.0913906338	0.0434177726	0.0243723264	0.0196011676	-0.0147843109	0.128223963	0.0570364021	0.0025983949	0.0627759235	-0.0498275668	0.0708544558	-0.0224598187	-0.1419197168	0.0037846058	0.0045565881	-0.0917336635	-0.0053419321	0.0044184684	0.1178006899	-0.0856929141	0.0290130443	-0.0636455431	-0.0095488741	0.2006751305	-0.0016168825	-0.110026319	0.0743072399	0.1287738819	-0.2223745017	-0.0072927325	0.0204282723	-0.0307658256	-0.1307114784	0.1461635967	0.0345643953	0.0342027318	-0.1406547849	-0.0771525311	-0.0710141862	-0.0622100254	0.2287725903	0.102202316	-0.1180257676	0.1742950202	-0.0973477046	-0.012183089	0.1184795138	0.0297583032	-0.0852162966	0.004038663	0.0393644188	0.0629971705	-0.0922158172	0.0413350276	-0.0240368454	-0.0602546425	-0.1489440385	0.0101902307	-0.0221110952	0.0220450334	0.0962455236	0.0852640164	0.0678800746	0.04539905	0.0195090322	-0.002751782174954	-0.0022115572562739	7.572305138394567e-06	4.89098549777774e-06	0.1502128403035243	0.2988721523895918	0.022563897392052	0.0893245634739873	-0.0098114751408928	0.013007680652116	9.626504444035736e-05	0.0001691997559474	-0.000278000090969	-0.0002250011147758	7.728405057877228e-08	5.06255016503948e-08	-2.8996933953306936e-05	-5.19993194307844e-05	2.7039292212647517e-09	8.408221786924445e-10	-2.200403388717153e-05	6.699537128561767e-05	4.488379773697764e-09	4.84177507307793e-10
256.2226813219214	0.3324296681478245	65650.0624237949	0.1105094842648727	430.35137692997966	-0.5479589740881465	185202.30762552944	0.300259037283734	250.2202934965135	0.3875205158360018	0.1501721501938009	62610.19527748136	269.7143953979172	287.3598830633585	1.372658	31.352304	0.3488515708063449	0.3058426038253322	0.1265401818	-0.0251579259	0.0160715377	-0.1233021464	-0.1176795533	-0.03050202	0.0107050764	0.1115683967	0.1694461814	0.0846606875	0.0251332556	0.0715795121	-0.1565303661	-0.0450424651	-0.1658234856	-0.0854125366	0.0009723446	0.0396233297	0.0184959789	0.1257052454	-0.0152924028	0.1473013002	-0.1383568554	-0.0180796032	0.0554172176	-0.0737232602	0.0204309235	-0.0535960865	0.1588452954	0.0715202518	-0.0945011513	0.0175094649	-0.0960473943	0.0242390941	0.1255800145	-0.0134371093	0.0529646996	-0.072170252	-0.0887048032	-0.0283938793	-0.0839536117	-0.0306423611	-0.0775430132	0.0565671832	0.010935462	0.0348326212	-0.1246751746	-0.0550990983	0.106502689	0.041873868	-0.0218263085	0.128539433	-0.0626336751	-0.0803593231	-0.0172395861	-0.0091470107	-0.0504268163	0.1249753722	-0.0258291915	-0.120620205	-0.0359161446	0.0245674014	-0.049966603	0.0309943292	-0.032898386	0.0502419024	-0.1331968402	-0.0021793007	0.021663058	0.0644221109	-0.142392129	-0.1412953006	-0.1194270881	0.0199547708	0.0802465843	-0.0632283957	0.0558802749	0.0314656117	0.0421791893	-0.0241581605	0.1419404215	-0.0532585399	0.0243157225	0.0008744731	-0.034708514	0.0137606805	-0.0980670781	0.040366388	-0.1282000219	-0.1106883179	0.1663984325	-0.0395174186	0.0735705896	0.0330868778	-0.0079556857	0.0152100469	0.0366835141	0.2097472069	0.0824272191	-0.038737364	-0.0082059916	0.0107341953	-0.1421009398	0.0616428747	-0.0012987463	0.0279268202	-0.0240313371	-0.0299910216	0.0579345597	0.0923063589	-0.008566919	0.0368044549	0.1280938697	-0.0401431989	-0.1541098067	-0.0480127307	-0.1221514871	-0.0538639396	-0.0238639818	-0.0195434575	0.0424552736	0.0417840328	0.0743113166	0.043164923	0.1658075689	-0.0553763424	0.0506811707	0.0346927787	0.0877880557	-0.0051273891	-0.0931944678	-0.0554150931	0.0919807751	0.0400651513	0.0572893297	0.0313822685	0.062991857	0.0334645895	-0.0448273702	0.0855708622	-0.1249478863	0.1331218135	0.1972372501	-0.0233167206	-0.0565195897	0.0739292514	-0.07923699	0.0958072899	0.0835807361	0.0643455865	0.0397147891	0.0117537397	-0.0025749410907138	0.0001768410842401	6.630321620646374e-06	3.1272769075249494e-08	-0.1588856725711167	-0.3090985128746409	0.0252446569483761	0.0955418906613145	-0.0027857844700847	0.007025690670808	7.760595113765091e-06	4.936032940187996e-05	0.0002289974011418	0.0005069974921107	5.243980972969846e-08	2.570464570066407e-07	-3.6018193439790736e-05	-7.0212594864838e-06	4.929808477653875e-11	1.2973102586661844e-09	-0.000158995805823	-0.0001369917719358	1.876674557811804e-08	2.5279666269305124e-08
256.6718587914472	0.4491774695258073	65880.44309545662	0.2017603991296075	434.6130175751247	4.261640645145008	188888.4750457556	18.16158098835196	250.5419964624904	0.3217029659768968	0.1034927983183324	62771.29199141055	270.07874291087074	287.6313734128705	1.440524	32.902401	0.128239323398784	0.0927619425395453	-0.1278665348	0.0251877178	-0.1454270657	-0.0743582223	0.1118201029	0.0903037855	0.0686183429	0.1556147079	-0.1147596496	-0.0703338366	0.0290746317	0.002654956	-0.1273746468	0.1371306946	0.0593051939	-0.0437148976	-0.062628015	-0.0509209265	0.0504156374	-0.100557408	-0.0760173567	-0.0834832308	0.2215220517	-0.0625978647	-0.080094924	-0.0379189559	0.0256067939	-0.0503829622	-0.0246101975	0.0715744571	0.0529263277	-0.0336076969	0.0750708787	-0.0365754784	-0.0311806675	0.0596719582	0.0853078323	-0.0683257558	0.0854463717	-0.0229609551	-0.0367892574	-0.0480694746	0.0223309112	0.0300341312	0.1259124366	-0.0835903657	-0.0233375215	-0.0061985839	-0.0071667969	0.1009593719	0.0660278897	0.1263410325	-0.0331987363	0.0034998092	-0.068838104	0.0735430299	0.0414284583	0.0367883037	0.1089789811	0.0157149385	0.0528344135	0.1210858783	-0.1033981822	0.0946655583	0.0236769235	0.0882182646	-0.0339347355	-0.0675362848	0.0506194133	0.0267336896	-0.1234469823	0.1067867429	0.1095446747	0.0093466029	0.0802714354	0.15284371	0.0617267941	-0.0103944791	-0.0679424122	-0.0689280416	-0.0342705433	0.064034578	-0.034911673	-0.0368410312	0.0081303503	0.1569309075	0.0737994866	0.1092138185	0.1610303945	0.0132328866	0.002671526	0.0099611788	0.0318894442	-0.0976640067	-0.1173390182	-0.0454516573	0.0115511938	0.0019104523	-0.0221222758	-0.0334359402	0.0263113877	0.0176582178	0.0863161575	0.0704217321	0.1155871044	-0.0190401879	0.0271195607	0.0896558209	-0.0782783079	-0.0212840701	-0.0137332892	0.0947603544	0.1048385395	0.0423263988	-0.1245486905	-0.0020248817	-0.0394949173	0.175232756	0.050753132	0.196548441	0.0461480052	-0.0434131322	0.0015912691	0.045962758	-0.1668629627	-0.070329949	-0.0199501715	-0.0735435729	-0.0589723172	-0.0352067337	0.0525937695	0.0129694871	-0.069464764	0.0967037118	0.0754298463	-0.1351684327	-0.1234556239	-0.0353772121	-0.0261907788	-0.0705042061	0.0334149677	-0.0361137177	-0.0082890883	-0.1099475222	0.0503458797	0.0560649996	-0.0316250023	0.0953454172	0.0818149717	0.0606682351	0.033873792	0.0039259816	0.0017933182631821	0.0043682593538959	3.215990393062464e-06	1.9081689782899025e-05	-0.0682649088103204	0.0906207637607963	0.0046600977748813	0.00821212282459	-0.0246356697681449	-0.0218498852980602	0.000606916224925	0.0004774174875383	0.0001579997577992	-7.09976433426e-05	2.4963923464605863e-08	5.040665360203034e-09	1.996841240581304e-06	3.801503468037204e-05	1.445142861749889e-09	3.9873749400862806e-12	-4.000018412533826e-05	0.0001189956216976	1.4159957983213028e-08	1.6000147300609627e-09
256.67810807812265	0.0062492866754269	65883.6511665644	3.9053583951668217e-05	431.33420170558975	-3.278815869534924	186049.1935609984	10.75063350631406	249.9327006696644	-0.6092957928260034	0.3712413631554681	62466.35486403207	269.3572803540701	287.60290878142933	1.436325	32.806507	0.1202218683101267	0.0809950362943966	0.1060407976	-0.0278666635	0.0728284888	-0.1324462347	-0.1471338085	-0.0639061194	0.0656155628	0.1218844312	-0.0073581787	0.149239309	0.0840556502	-0.07403334	-0.1673535205	-0.0950330589	-0.1266575185	-0.061850186	-0.0707903462	-0.0760494054	0.0054676297	0.0826254397	-0.0149312951	0.0209694789	0.0885736097	-0.065088359	0.0990159468	0.0152621257	-0.0191248583	-0.0107938069	0.0239744	0.052397053	0.1068226944	-0.142928114	0.0425052305	0.1066980618	-0.0997870821	0.028990309	0.0420831086	0.0572374549	0.0389758984	-0.0481990536	-0.0385788296	-0.0059676995	-0.000743565	-0.0185470193	0.0230777552	-0.0076490372	0.1696365139	-0.0098533696	-0.0321372079	0.0848800162	-0.0173397569	0.0718740024	0.1036977534	-0.0903684694	-0.0149492523	0.0485737005	0.0189160492	0.0777555929	-0.0852592791	-0.1580703261	-0.0340895676	0.0584798958	-0.1130077863	0.065695322	-0.0153260524	0.1041988537	0.0584049709	0.0312558523	-0.0477581139	-0.0791066539	-0.1637679304	-0.1324383896	-0.0897068848	0.0453058296	0.0448599395	0.02784542	-0.0319352406	-0.0005862999	-0.1121604538	-0.0062942111	0.1299576049	0.0818961759	-0.0105500617	-0.0419469934	0.0807413821	0.0355360467	-0.0928681285	-0.0570751587	0.0230191851	0.0469701391	0.0347196408	-0.0103082141	-0.0174148968	-0.065668698	-0.0754537968	-0.1148530776	-0.0714275749	-0.0695326429	-0.1079152526	-0.0159625042	0.00392274	-0.0637782218	-0.0571836127	0.0085795903	-0.1020684146	-0.0272439005	0.058819567	0.043442147	-0.1309422518	-0.0481083141	0.0449012519	-0.058275274	0.1108992502	0.0038007451	-0.0904096653	0.0977564794	-0.0348812276	0.0443505681	0.0358639113	-0.0678396296	-0.1108298318	0.0864380879	0.0171591323	-0.0874218655	0.1327119808	-0.0925147314	-0.0160385528	0.0183610224	0.0482445101	0.0063964637	-0.0741234399	-0.0648736505	-0.0573874898	0.1342441095	0.0259481957	-0.0591323226	-0.0726849402	-0.0708752119	-0.023859495	-0.0342538489	-0.0391981238	0.0299667182	0.1601698118	-0.0007929523	0.0011476364	0.1019278035	0.0012246271	0.0948600195	0.0799684658	0.0568561851	0.0278991106	-0.0039259816	0.0050758607038545	0.0032825424406724	2.5764361884934297e-05	1.0775084874815515e-05	0.0099965885646895	0.0782614973750099	9.993178293168087e-05	0.0061248619713786	-0.0031579215691408	0.0214777481990041	9.972468636844692e-06	0.0004612936676998	-0.0001269996057127	-0.0002849993635119	1.6128899851181264e-08	8.122463720218815e-08	1.9987869805948577e-06	1.9457400135536322e-09	3.785904200343687e-18	3.995149393795508e-12	1.900011253155558e-05	5.900029665689384e-05	3.481035005601478e-09	3.6100427621177536e-10
257.60144151998963	0.923333441866987	66358.50267317664	0.8525446448699366	437.9585359016161	6.624334196026325	191807.67916908715	43.88180354064374	251.10947126007667	1.176770590412275	1.384789022459254	63055.96655651528	270.76873853944346	290.69759432891	1.416069	32.343834	0.2172322331682275	0.1805911993520532	-0.1260224039	0.0003760293	-0.1109444795	-0.0137044591	0.1258794909	0.114832791	-0.0195429172	0.0953283107	0.012355679	0.0846959991	-0.0456095334	0.1206559631	-0.1282250097	0.0530474172	0.0458582692	0.0029220203	-0.0561003081	0.1532973713	0.0175365978	0.0658498922	0.1505967297	0.023005119	-0.0072980506	-0.0343862998	-0.0510144568	0.0851238536	0.0982380142	0.0220100042	0.0341834001	-0.0189427215	0.0263561191	-0.128283788	0.0107508791	-0.0136100691	0.0185053939	0.0179494517	-0.0965372141	-0.0194904832	-0.0350463006	0.0550885955	-0.0140926967	-0.0267612812	0.0984073211	-0.0368008092	0.087331603	-0.0847003506	0.0686705859	-0.0724344223	0.0020168502	0.0182558492	0.0045630871	0.0168165639	-0.0734744724	0.0898491822	-0.0010590916	-0.0342938586	0.0143561296	-0.0249131771	-0.0951790646	-0.0234237874	0.0189009797	0.0896172263	-0.0191352146	-0.0389013885	-0.0029476978	-0.0528451402	-0.0785066615	-0.0580138517	0.0017923698	0.1342393523	-0.1177402612	0.0691896635	0.051697895	-0.033596416	-0.0095434545	0.0938538502	0.0150616884	-0.016873188	0.0650513468	0.11334669	0.1427316423	-0.0212831416	0.0287985641	0.0171878155	-0.1055238432	0.0402560056	0.0838609581	-0.0843181757	0.0151992241	0.0407636301	-0.0548602397	0.0289948583	-0.0153820137	-0.0975705201	-0.0416456756	-0.0145673281	-0.0852835047	0.0753709105	0.0370006252	0.0823227754	0.0327455148	0.1341032083	0.0507363178	-0.0035454276	-0.0327476639	-0.0487427781	0.1144185674	-0.0079112675	-0.0594250451	0.0375302353	-0.0738547065	-0.0740689372	0.026510493	0.0755480692	-0.036923408	-0.0550360848	0.0971430843	0.0855883266	-0.0339120016	-0.0014572439	-0.05353327	0.0442826498	-0.0380628635	0.103527249	-0.0549284342	-0.0140444665	0.0963955684	-0.0049718437	-0.0206012591	0.0687266628	0.0742256406	0.0293604882	0.016514512	0.1003115113	0.0987637848	-0.0850353921	-0.0502899295	0.0082122952	-0.0385507537	0.0842898137	0.0042064279	0.0457667548	-0.0111582754	-0.0672915703	-0.013624245	-0.0457551793	-0.0969355745	0.0943512164	0.0780430407	0.0529179001	0.0218143241	-0.0117537397	0.0011483540909296	-0.0039275066129248	1.3187171181547485e-06	1.5425308194568812e-05	-0.1706492031356958	-0.1806457917003852	0.0291211505308479	0.0326329020590589	-0.0220168382203667	-0.0188589166512259	0.0004847411652217	0.0003556587372578	4.400060035197802e-05	0.0001710002060646	1.9360528313344886e-09	2.9241070474162343e-08	1.6998461227490935e-05	1.4999674246896078e-05	2.2499022751299738e-10	2.8894768410251265e-10	-7.100037123069979e-05	-9.000048376225537e-05	8.100087077439993e-09	5.0410527148971826e-09
256.91058179174945	-0.6908597282401843	66003.04703657518	0.4772871641041012	434.3074661962102	-3.65106970540586	188622.9751937723	13.330309993732431	250.9341358193638	-0.1753354407128711	0.0307425167699767	62967.94051941092	270.6666152099716	290.50985226498494	1.14138	26.069784	0.1490378708022663	0.1316556771343492	0.0753762612	-0.0331925689	-0.058829976	-0.0643978517	-0.0849994435	0.0184775163	-0.0367819317	0.1227402056	-0.0192669207	0.0849981929	-0.0433339807	0.0021686194	-0.1523700445	-0.0561219513	0.0850891592	-0.053716707	-0.1119378382	0.0784382362	-0.0034208741	0.0074992016	-0.0456879974	0.136216745	-0.0658321359	-0.0297936464	-0.0162390906	0.0021413744	-0.0585533206	-0.1188626109	-0.0623550126	-0.0336735224	-0.1406349522	-0.0817860246	-0.0983581485	-0.0164707923	-0.1580061511	0.1309172089	-0.078505427	0.0302767914	0.0491965287	0.0064685431	0.0552637043	0.0070156357	0.0193125057	0.0862138747	0.0359199036	0.0726905772	-0.0191970078	0.0953006853	0.0655262414	0.0757630445	-0.0720150414	-0.188746705	0.0180517677	0.0120302285	0.0273025354	0.0008706337	-0.0082273739	-0.0404917668	0.0286833531	-0.0334233	-0.0414423008	-0.0281100095	-0.0317360297	0.0061332257	0.0185501377	0.0968616996	0.0088879059	0.0640865315	-0.0178723319	0.0096495268	-0.1477957727	-0.1338938968	0.0371947299	0.0052500504	-0.048384562	0.072351847	0.0920834382	-0.0708424477	0.0374900679	0.0616575784	0.0497590082	-0.0561015754	0.0141047274	0.1114343135	-0.0364764584	-0.0067208501	-0.0440999467	-0.0862561658	0.1181306069	0.0445162744	-0.0224651025	-0.0967384596	0.0668835072	0.0983112776	-0.0783130098	0.0120816554	0.0070371136	-0.044806577	-0.0067388802	0.0869492584	-0.2098986728	-0.0143145793	0.0260335102	-0.0172448245	-0.0108377942	-0.0126886201	0.0091960269	-0.1403289514	0.0529477468	-0.0781670651	0.0265017024	0.0718771725	-0.0346665529	-0.104798404	0.1138694786	-0.0437484406	-0.0512689396	-0.0090314868	-0.0315745214	-0.0412949535	0.0471611639	-0.0637239943	0.103078311	-0.0094125742	0.0214005123	-0.0746009643	-0.1155192244	-0.0665708688	0.0383369654	0.1110298357	-0.0207960471	-0.0848517308	-0.0134264903	0.0971563261	0.0212975522	0.007967491	-0.0548532858	0.0132942926	-0.1109025757	0.0218961252	0.0392654009	0.1031266371	0.0039433623	-0.0761683951	-0.0034943493	-0.0663099563	-0.0083985747	0.0938191336	0.0760405966	0.0488621241	0.0156434465	-0.0195090322	0.004251827434075	0.0031034733431453	1.80780365291528e-05	9.631546791614082e-06	-0.0394445499508009	0.1312046531848948	0.0015558725208212	0.0172146610173685	-0.018086961276083	0.0039298769442837	0.0003271381682025	1.5443932797212608e-05	6.600236751378794e-05	2.200176716180992e-05	4.356312517425129e-09	4.840777582424972e-10	0.0001679991910537	0.0001510007298262	2.2801220408047783e-08	2.822372819469759e-08	-2.800552161987136e-05	4.299484961082843e-05	1.848557093057753e-09	7.843092412010823e-10
256.4906718317821	-0.4199099599673559	65787.46473671893	0.1763243744797864	434.7625495289149	0.455083332704703	189018.4744728822	0.2071008397056194	250.3792305095617	-0.5549053098021091	0.3079199028465746	62689.75907056023	269.93527488118883	287.3129670928231	0.988329	22.573999	0.1524897556933115	0.1150524221856473	-0.071204021	0.0445463585	-0.0802761151	-0.1199931618	0.0921715248	0.0184743274	0.0605698812	0.1505091075	0.0539290206	0.046824144	-0.0783627823	0.065166319	-0.159569122	0.0256732869	-0.0512892948	-0.0875072738	-0.0811491585	0.0501630708	0.0221183802	0.1600626935	0.0616873568	-0.0359800115	0.034838101	-0.0463242908	-0.1007285914	0.056565753	0.137294603	0.0675177631	-0.0132331232	0.0048010503	0.0022728439	0.1080173074	0.0697572275	-0.0550027734	-0.0107749272	-0.0102426574	0.0367764351	0.1008046808	-0.0222185916	-0.0917157485	0.0177713155	-0.0012049959	-0.0452237056	0.0175357696	0.0883637309	-0.0608492619	-0.0214798991	0.0654817316	-0.0219092037	0.0489406007	-0.0084329314	-0.025712611	0.0257850597	-0.0418204426	-0.0450265571	0.0030872308	-0.0957129666	-0.093758682	-0.0842781229	0.1735304962	0.0237099591	0.0012254316	0.0701837391	0.0707749532	-0.0234363226	0.0461249939	-0.0796937333	0.0674505483	-0.0042731996	0.0786922252	-0.1569734378	0.0360342246	-0.0454058301	-0.0412288323	0.048651068	0.120218758	0.0960443147	0.042895326	-0.0098872084	-0.0238202299	0.1026761897	0.0578342959	0.0611717639	0.1065323284	-0.0520365026	0.0720342414	0.114428008	-0.0098006387	-0.1471267482	0.0118482125	0.0112105899	0.083770515	0.0123472483	-0.0034974967	-0.0152428572	0.0445915893	-0.0297195956	-0.1100532068	-0.0896969916	-0.0286875454	0.013054515	0.0658093882	-0.0250512125	0.008361385	0.0350698747	0.0697999754	-0.0193137244	-0.0268446032	-0.1004381345	-0.0405203527	0.1519526756	-0.0889123667	0.0126489772	0.0659648927	-0.0003362969	-0.0614866276	0.1129047138	-0.051786007	-0.0458734247	0.0339899625	0.0055314328	0.0231016749	-0.0652925532	0.0686611423	0.0131715392	-0.135703192	0.0344828819	0.0158329677	-0.0801048334	0.005709609	0.0149868471	-0.0374103786	0.0633744524	0.0754830155	0.1104234083	-0.0597873425	-0.0701766944	-0.0010402123	-0.0326443692	0.0659399583	0.1158727687	0.068018885	-0.0123538107	-0.064289491	0.042780064	-0.0575749717	-0.1293986394	0.0932639023	0.0739631095	0.0446978621	0.0094108313	-0.027144045	0.0038731210275955	-0.0003787064064794	1.500106649440242e-05	1.4341854230861606e-07	-0.1494387018856429	-0.109994151934842	0.022331925621266	0.0120987134598651	0.0098292700888649	0.0279162313649478	9.661455047985418e-05	0.0007793159736213	-4.60027760034064e-05	-0.0001120051435171	2.116255400019584e-09	1.2545152174307302e-08	8.699852468008196e-05	-8.100066637361803e-05	6.561107952970175e-09	7.568743296510829e-09	6.300198823015991e-05	9.100750985003128e-05	8.282366849103541e-09	3.969250520953208e-09
257.0415765864337	0.5509047546515831	66070.37209403946	0.3034960486977209	434.2088631297765	-0.553686399138428	188537.33682045297	0.3065686285908786	250.3380983377661	-0.0411321717955956	0.0016918555566223	62669.16347936905	269.9798213405837	289.4242485892363	0.949783	21.693598	0.0673843221945882	0.0403916711454076	0.0281044804	-0.0487292058	-0.0774000211	-0.1132526021	-0.0820011024	0.0661784796	0.0216206905	0.1801103831	0.0210192657	0.0321497647	0.0433743471	0.0379738465	-0.1430236618	0.0466277463	-0.0808818148	-0.0959796491	-0.1203546627	0.0770357295	-0.063928452	-0.0133722051	-0.0217638702	-0.0424242751	-0.0531088311	-0.0622567342	0.1313131502	0.0072427137	0.0510250461	0.0470277096	-0.0048645017	-0.0559702155	0.0444970116	-0.1235910283	-0.0119344013	0.0467714605	-0.0037182892	-0.1213703284	-0.1019858364	0.0633631017	0.1038037608	-0.1879605704	-0.0140285233	0.1424191587	-0.1206880456	-0.1618229232	-0.0630432896	0.030876345	0.0674979669	-0.0112715666	0.0061541398	-0.0118440609	0.052708139	-0.0696308762	0.1415566932	0.025042863	-0.016033474	0.0028230689	0.0169414202	-0.0363697571	0.0747966379	0.0436615306	0.0915397597	0.0071938118	0.0753096662	-0.0659084336	0.0479490087	-0.0327293152	0.1418152746	0.0921259829	0.0287395195	0.0448188525	-0.1402524338	-0.0799274011	-0.005931491	0.0471896711	0.1392248732	0.0930760278	0.0482095454	-0.0729077848	-0.0255425687	0.1553430712	0.0434415479	0.0149918537	-0.0074355164	-0.0263377008	0.0520497847	-0.0090869495	0.0242411299	-0.0335593059	0.0365422647	0.0615837636	0.0561139845	0.1011380021	-0.0877468597	-0.0040308266	0.1075087807	-0.0093986478	-0.0268597132	-0.0454797427	-0.0274348045	-0.0150011092	0.1078043189	0.0163832199	0.0155417005	0.0642436316	-0.1629575278	0.0555504574	0.0540247441	0.1564219389	0.1159610819	-0.1151064548	0.093217537	-0.0531961044	-0.0536916382	-0.0309924194	0.1311112142	0.0504947948	-0.0408989303	-0.1192668166	0.0042330655	-0.0091747229	-0.1077769464	0.0263932732	0.0380209468	0.0488905507	0.0434751745	-0.0861707228	0.027664607	-0.1158311438	0.1088524091	0.0309523518	0.0430046537	-0.0105997744	0.0011062266	0.142355368	0.0055789851	-0.0268751677	-0.1979565023	-0.043873604	-0.0614783487	0.0597341305	-0.0776074398	0.0119082421	0.0169012316	0.0252104453	-0.0607286579	-0.0510432569	-0.0314274503	0.0926856596	0.0718126298	0.0404343596	0.0031410759	-0.0346117057	-0.0023702989850846	-0.00624342001268	5.618317278693085e-06	3.898029345473437e-05	-0.1170121887942343	0.0324265130914085	0.0136918523264175	0.0010514787512672	0.0044155784391364	-0.0054136916497284	1.9497332952166244e-05	2.930805727834008e-05	0.000245004636431	0.0002910074124344	6.002727187268652e-08	8.468531409176872e-08	0.0001129892706452	2.599074596511805e-05	6.755188758233e-10	1.2766575280934254e-08	-8.601380218573629e-05	-0.0001490157904158	2.2205705793274303e-08	7.398374166446972e-09
257.92108050194327	0.8795039155095878	66523.2837672899	0.7735271373966962	436.7355435617854	2.5266804320089022	190737.9350102081	6.384114005496693	250.87553463702764	0.5374362992615431	0.2888377757639429	62938.533879414455	270.6382135862371	290.74275589301425	1.028022	23.480618	0.1764019743114361	0.1438489876805888	-0.0283754456	0.0276840472	-0.1756896559	-0.0056439218	0.0979103894	0.0455194694	-0.0714084179	0.1058383785	0.0530845384	0.0695760002	0.0868898662	0.1508552284	-0.115102624	0.1083416681	-0.0587273412	0.0695508178	-0.1277629255	0.0367447098	-0.0774830932	0.0311994938	0.0652154678	0.0640987878	0.0941328336	0.0446992964	0.0608549687	0.016696512	-0.0723143327	0.1478141596	0.0804547108	-0.0485947463	-0.0480736291	0.1179738876	0.0501192153	-4.60657e-05	0.1085935129	0.1315466231	0.0606791581	0.052018288	0.0057999666	-0.0351137356	0.008723442	-0.0028393858	-0.0408471242	-0.0478819711	-0.0455740205	-0.0464858074	0.0568532478	0.0848461804	-0.0913333069	-0.1696415153	-0.0819014903	-0.057599285	0.1162186322	-0.0243247484	-0.0334627269	-0.0445124796	0.0787922024	-0.0584130918	0.0070824635	-0.0835431773	-0.0590095231	-0.1451436092	0.0466028385	-0.0599518727	0.0777968396	-0.1099983741	-0.0848750587	-0.0633018495	-0.0336641428	0.1556953447	-0.1014332903	-0.0118777424	0.0258400192	-0.0595138987	0.1004203197	0.0741242169	-0.121619327	-0.0662196228	0.0009335312	-0.0516395465	0.0552120018	-0.0200923536	0.0476053298	-0.0193675354	-0.0808822532	0.0127582052	-0.1074193085	-0.0691509725	-0.1096414496	-0.0748050027	0.046993064	0.0757983798	-0.062145096	-0.0480149932	-0.0073887583	0.1470221203	0.0613229127	0.0150737344	-0.0333324332	-0.0516603072	-0.0685441386	0.0203560537	0.024671877	0.0426583188	0.00617205	-0.0120835855	-0.1366240954	0.0788849485	0.0121910408	-0.004388259	0.0262779448	-0.0752141717	-0.1616489415	-0.0452126188	0.1944566196	0.1500238849	0.1231225687	-0.0192958489	0.0286874482	0.012301345	0.0697694409	-0.0841732189	-0.1305996502	0.1602474349	-0.008037386	-0.0434850857	-0.0550291669	0.0438454057	0.0403147742	0.0521681977	0.1282220042	-0.0806959742	0.1475662937	0.0691618495	0.1615657742	0.0118911042	-0.0266844921	0.0208879786	0.0977045364	0.076518088	0.0349556745	-0.0238079703	-0.0543459531	0.0699397195	-0.0367993404	-0.0991505316	0.0380452629	0.092084548	0.0695912797	0.0360810826	-0.0031410759	-0.0418659738	0.0022438994944309	0.0046141984795155	5.0350849411072485e-06	2.1290827608363152e-05	-0.260792986036364	-0.1437807972421297	0.0680129815657631	0.0206729176555824	-0.0087658184288628	-0.0131813968679991	7.683957272779068e-05	0.0001737492233916	0.0003595027464326	0.0001144981100015	1.292422246925823e-07	1.3109817193938492e-08	2.796715243102988e-05	-8.502211821417012e-05	7.2287605856243185e-09	7.821616151004604e-10	-0.0001830052084058	-9.699140622006372e-05	9.407332880545411e-09	3.3490906303650295e-08
257.66665677606807	-0.2544237258751991	66392.10601415606	0.0647314322882184	435.468416814054	-1.2671267477313677	189632.74204253868	1.605610194816273	250.96152735455	0.0859927175223447	0.0073947474668777	62981.68821212854	270.7202285984648	291.13920618547354	0.950168	21.702393	0.2056766577240464	0.1753319405330657	0.0459430372	-0.0068283074	-0.0756243571	-0.0231669131	-0.0274514645	0.0226969132	-0.0339178347	0.0328472429	0.004069871	0.086004051	0.0536727724	0.0169735443	-0.137505044	0.0217797355	0.0725303644	-0.0465727701	-0.058452183	0.0142047645	-0.0016116954	0.0513114587	0.0316311048	0.0058943283	0.0121437789	0.0605871083	-0.0510635433	0.0177082921	-0.0787192408	-0.0244560588	0.0132924705	0.0323964006	0.0397731159	-0.035909105	-0.0013403613	-0.0155185165	0.1079498715	-0.0758641281	0.0706115619	-0.0534125527	0.0634235669	0.1871868265	0.026795656	-0.1771395842	0.076672897	0.1175006936	0.0551463913	-0.0446546665	0.0238714778	0.0004563002	0.0430644137	-0.0590089522	0.0245261706	0.0492714253	0.1136096569	0.0085412457	0.0524717443	-0.0183110107	0.0021830726	0.1052131403	0.1761265346	0.0105614855	-0.0650384882	-0.0554111164	-0.0177274659	-0.1401823512	-0.0534183962	0.0787449286	0.1123452206	0.055930775	-0.1272041676	0.0303977133	-0.1259388351	-0.0523053091	0.044478179	-0.0143698944	-0.0303233258	0.027147259	0.0207697231	-0.0491068918	-0.0583845423	-0.0599977174	0.0852467417	-0.0105406322	0.050104735	-0.0547385477	-0.003475914	-0.1032289754	0.0256623923	0.0725396956	-0.0593289669	-0.0400959381	-0.0134135793	-0.0157325847	0.0121200297	-0.1189803803	0.0342183369	-0.0669249375	0.0156786936	0.0113834476	0.1278194478	-0.0227010316	-0.0895015819	0.0095442747	0.071121878	0.0531564887	0.1261895025	-0.0059317314	-0.0263229161	-0.1367877645	-0.1484462106	0.0093519319	-0.1044125747	0.1344518676	-0.0795723671	-0.0266733303	0.0435934656	0.1271688645	-0.0729129554	-0.117766659	0.0389142135	-0.1509830488	-0.0945005646	-0.1020279142	-0.0081767145	0.0252685589	0.0091708441	-0.0567694553	-0.0032881007	-0.0091382709	0.0269944453	0.1228339302	-0.0464317473	-0.1119137388	-0.0132098666	0.0717394522	0.0526902702	0.034252282	-0.0871565194	0.0273560697	-0.0233754876	0.0347965729	0.009732004	0.1037913136	-0.0669165692	0.0355154865	-0.0449614056	-0.0372596805	-0.0457081856	0.091460716	0.0673012514	0.0316476967	-0.0094108313	-0.0488621241	0.0032518805414554	0.0010079810470245	1.0574727055896266e-05	1.0160257911606074e-06	-0.0838863992400575	0.1769065867963065	0.0070369279774623	0.0312959404519191	-0.0019299631677895	0.0068358552610732	3.7247578290240817e-06	4.67289171503435e-05	4.005150745986901e-06	-0.0003554975956866	1.6041232498079426e-11	1.263785405389627e-07	4.499956694425933e-05	1.7032414513229448e-05	2.9010314415046913e-10	2.0249610251708772e-09	-0.0002289998905988	-4.5994682193e-05	2.1155107900350715e-09	5.2440949894262366e-08
257.79225793041024	0.1256011543421777	66456.84824885917	0.0157756499720875	438.18390192610497	2.715485112050942	192005.1319071864	7.373859393770317	250.9923978833483	0.0308705287983173	0.0009529895482877	62997.183795233024	270.85220505899923	291.68846824477424	0.968678	22.125177	0.193438393516655	0.1590143127399323	-0.0983501215	-0.0126345982	-0.0906210104	-0.031978613	0.0981578414	0.0869041258	-0.0046303709	0.0531923275	0.0728244819	0.1099971523	-0.0550634988	0.1398430564	-0.0974226	-0.0009309588	-0.0094218274	0.0477279502	-0.0342743573	0.1792032562	-0.0034520222	0.0081159325	0.0695731312	-0.0183834912	-0.1030342963	-0.0587647781	-0.1412293059	0.0093053683	-0.109912995	0.0660660567	0.0728627453	-0.0660369668	0.0710298876	0.025564283	-0.0720971712	-0.0142825673	0.094511809	-0.0254806564	0.0523319288	-0.0127751965	0.0499654532	0.0658766978	-0.0219024855	0.0841382265	-0.0183558716	0.0132507616	0.1435974141	0.0074550951	0.0219829338	0.0131780344	-0.057849786	-0.1605278006	0.1142825837	-0.0211118653	-0.1691386918	0.006633668	0.0430842129	-0.0075114095	0.1052556329	0.090611659	0.0584523734	0.1620336131	0.1206407295	0.0838742374	0.0748351976	-0.1018593232	-0.0301645811	-0.0072590032	0.0133940039	0.0627842665	0.0302053594	0.1478863328	-0.0934880766	0.0133092432	-0.0211282046	-0.0400981325	-0.0194517087	0.0575826845	-0.0041333091	-0.0254795034	0.1371338261	0.0645953025	0.0748496719	-0.0339812089	0.0874496061	-0.0357483481	-0.1857746251	0.0070009388	-0.0053619098	0.1108897876	-0.0247627958	-0.0239321187	-0.0805228901	0.1038993511	-0.0333038129	-0.1222343839	0.0762949274	0.0250130157	-0.015977005	0.0517127496	0.0557939498	-0.0633945769	-0.004378736	-0.0503031338	0.0277371439	-0.0137481205	0.0336094322	-0.0820489188	-0.0147623564	0.0699754274	0.0697829917	0.0221878571	-0.1457147271	0.123960903	0.0231164045	0.0452573568	0.0955114972	0.0449976075	0.1230782642	-0.0968321725	0.012723574	-0.0220556554	0.0946658797	0.2032341671	0.022366208	0.1309933393	0.0248348348	-0.0095774954	0.0621466357	0.0239140391	0.0088319769	0.0632552076	0.1142039289	0.0362069012	0.1222917803	0.0603936697	0.1227803674	-0.0211971656	-0.0534383522	0.0166493194	0.0365039679	0.1485542015	-0.0214053301	-0.0271011368	-0.1164043745	0.0018094014	0.0330679838	-0.1252840585	-0.0459023691	0.0908143174	0.0649448048	0.027144045	-0.0156434465	-0.0555570233	0.0026250621260572	-0.0006268184153982	6.890951165659947e-06	3.929013258823106e-07	-0.2437515259234146	-0.1598651266833571	0.059414806389993	0.0255568587294858	-0.0147750261266068	-0.0128450629588173	0.0002183013970419	0.0001649956424159	0.000257996309982	0.000253991159236	6.656209596432824e-08	6.451150897005378e-08	-2.303986153817661e-05	-6.803942848243594e-05	4.629363828216514e-09	5.308352196983498e-10	-0.000308997012062	-7.999712146319999e-05	6.399539442397972e-09	9.547915346324376e-08
257.662261683176	-0.1299962472342599	66389.84109568947	0.0168990242949908	436.8413821016805	-1.3425198244244712	190830.39311650643	1.8023594789727129	250.5970002014819	-0.3953976818663989	0.1563393268253219	62798.85650998152	270.42412050725005	291.3342869890497	1.171846	26.765656	0.2915199621854089	0.265731270563762	0.0660329732	0.0149365773	-0.0876601668	0.006910538	-0.04493635	0.0397422651	-0.0777580463	0.0606387303	-0.1256183585	0.0118557764	0.0884983016	-0.0598921647	-0.1003886229	0.1120913885	0.0898244854	0.0549560387	-0.1262093231	-0.0127179918	0.010894966	0.1132545054	0.0535650258	0.0516828363	-0.0630042459	0.1067867073	-0.0449689385	-0.0193982928	-0.0427816254	-0.0249646351	-0.040303701	-0.1096852122	-0.1353495274	-0.0101144174	0.0419127392	-0.0468230583	0.0224477747	-0.0283268582	-0.078096664	-0.0073362704	0.0964664194	-0.0083656852	-0.0309974644	-0.0166611884	0.1085980764	0.1290528422	0.0468910386	0.0911247392	0.1176140392	-0.113917082	-0.042287913	-0.0389343793	0.0693273617	0.0219014063	-0.0334309841	-0.016449078	-0.0721751097	-0.0256758621	-0.0727481936	0.0172042557	0.0752218725	-0.1350023724	0.1130460614	-0.0330396601	-0.0089440325	0.1461402817	0.0329782467	0.0372460519	-0.003964499	0.050452696	0.0672607438	-0.0496479842	-0.096493751	-0.0468285511	0.1738454092	0.0031164754	0.0185239309	0.08343168	-0.0442419798	0.0061800109	-0.0003284614	-0.0121088457	0.0951537467	-0.0100528105	-0.0094935168	0.1504429428	0.0125104421	-0.1017204402	-0.013957115	-0.0471224688	0.0176193126	-0.0305944484	-0.0055643309	-0.0541065193	0.069022379	-0.0221112388	0.0116940262	0.151798339	-0.0080204281	-0.0723632707	0.020864931	-0.0194947457	-0.065685727	0.0246368322	0.1335153797	-0.0312773833	-0.0371236742	-0.0464001751	0.193001596	0.019505918	-0.0288826075	0.0462529792	-0.138579787	0.1043096339	0.1406279683	-0.0046945962	-0.0043177264	0.012191018	-0.0527754159	-0.0539345489	0.0546333981	-0.0575458186	-0.0827638137	0.046989841	0.0381075686	-0.0457714761	-0.128607195	-0.0250903037	-0.0521244478	0.0405413513	0.0889715054	0.0556571901	-0.0246294987	-0.1192501757	-0.0130081895	0.0205370327	0.0292549159	0.0048930403	-0.1465790304	0.0206007611	-0.0240163691	0.0386531812	0.0943435302	0.081941677	0.046103657	-0.0236347344	-0.0345429513	-0.0953394642	-0.0729540713	0.0901455117	0.0625242656	0.0225801267	-0.0218143241	-0.0619093949	-0.0026898069236835	-0.0053148690497406	7.235061286695693e-06	2.8247833015891603e-05	0.0225477306026107	0.2662992565260252	0.0005084001553279	0.0709152940263138	-0.0205321329615344	-0.0057571068349275	0.0004215684839501	3.314427910877008e-05	0.0001849965260217	-7.29997839603e-05	3.4223714640097535e-08	5.328968458250472e-09	-5.7012293275482406e-05	-3.39724317373058e-05	1.1541261181459023e-09	3.250401584529616e-09	-0.0001329946322653	0.0001760023797966	3.097683769410182e-08	1.7687572211382378e-08
257.6614206333932	-0.000841049782764	66389.40768281839	7.073647370873764e-07	432.71036572402784	-4.1310163776526565	187238.26060502196	17.065296312434477	250.50204039833227	-0.094959803149635	0.0090173642142174	62751.27224372769	269.72455892398773	290.47024066319443	1.189255	27.163277	0.0647270824453634	0.0366696562432163	-0.0393501893	0.0020686665	0.1557918712	-0.0794946252	-0.0066662141	-0.1000695242	0.1435366598	0.0296760253	-0.0577640858	0.1595635945	0.0266501318	-0.0742831516	-0.0889709328	-0.1292511154	-0.0370445948	0.0103792296	0.0337184976	0.0881686721	-0.0033326996	0.0392585509	0.017688391	-0.0143918949	0.0802505153	0.0408124811	-0.0757686042	-0.1114283535	-0.0448546522	-0.044575213	0.0708411716	-0.197270054	-0.0886467793	-0.0316474918	0.0289017768	0.0487945422	0.0002158863	-0.0671006792	-0.143522681	-0.0035355228	0.1220272939	0.2621573983	0.0696770565	-0.1074926771	-0.0173933317	0.0404680243	-0.0805476111	0.0236429512	-0.0318397886	-0.0821159145	-0.0295053909	0.1945116886	0.0577844886	-0.0303686115	0.0894268805	-0.0471444796	0.0547381168	-0.0153393452	-0.0461315492	-0.0700923542	-0.0773497344	0.0021540803	0.0035943677	-0.1508780069	0.0696957133	0.0843183816	0.0140892615	0.0700465811	0.0674715104	-0.0484874161	-0.0849364748	-0.079359178	-0.1036006156	0.0336011583	-0.1165680188	-0.0189015128	-0.0504409265	0.0096463019	-0.066197951	-0.0008275023	0.0017445886	0.0417312436	0.1154574327	0.0124604425	0.0968679658	-0.1331194985	-0.0340898991	-0.0053575994	0.0045549392	0.1028358707	0.0870224967	-0.048903967	0.0378760606	-0.1792347145	-0.0121933793	0.0878519054	0.0851532047	0.1396402123	-0.0296536568	-0.0462470978	0.0115340533	0.1528111329	0.0540391995	-0.1155540788	0.1201034467	-0.0918278975	0.0192651857	0.1124298871	0.169060256	-0.0849737906	-0.1350252494	0.0290994078	0.1059527707	0.0523906149	-0.0222748481	0.0022568146	-0.0447126944	-0.0387661559	0.0127240902	0.0055490333	-0.0055413032	0.0199848838	-0.1175530135	-0.1109488735	0.0194097411	-0.1086072295	0.1017534776	-0.0605776923	0.0197602684	0.1121226119	-0.0485745482	0.0732095617	0.0087630756	0.0196365376	-0.0296267496	0.0736453399	0.0347312035	-0.0878671823	-0.1080473301	-0.1355265669	0.0292239774	0.1059334878	0.0318871228	0.0224320461	0.0058425772	0.0753146026	0.0153865154	-0.0691292084	-0.0072982697	0.089454464	0.0600420225	0.0179660749	-0.0278991106	-0.0678800746	-0.000357492697617	0.0023323142260665	1.278010288494798e-07	5.439689649112177e-06	0.0120414515220232	-0.0105062790805874	0.0001449965547572	0.0001103819001191	0.0009547312171989	0.0214868641787333	9.115116970940932e-07	0.0004616853322353	-0.0002359959557199	-0.0004209924817416	5.5694091116149e-08	1.772346696829514e-07	3.702666942984045e-05	9.403896270532286e-05	8.843326506693104e-09	1.3709742490666816e-09	-0.0002259956870179	-9.30010547526e-05	8.649196185096103e-09	5.1074050550692615e-08
258.2793296810046	0.6179090476113629	66708.21214046906	0.3818115911199815	435.9882094136785	3.2778436896506378	190085.7187477456	10.744259253782506	251.23776181734976	0.7357214190174943	0.5412860064011155	63120.41296299137	270.95881177023915	292.0777919015401	1.225361	27.987968	0.1888833099976296	0.1507956415951193	0.0611478824	0.082738333	-0.0902173885	0.043404739	-0.005401875	0.03657817	-0.1260163725	0.091333225	0.0232700619	0.1132297573	0.0751304233	0.0596215002	-0.0658254157	0.0154421835	0.0586857859	-0.0362731392	-0.0543487605	0.1118481888	-0.0501637883	0.027425815	0.0411848496	0.0746345047	-0.0153157428	0.0682706064	0.0146912414	-0.0042556356	-0.0047592319	-0.138634262	-0.0579357007	-0.0262277023	-0.0040961505	0.0717909965	0.0451066664	0.0537567078	-0.0133357018	0.1345141901	-0.1170508468	0.1443172512	-0.0164210264	0.1250899052	0.0051284411	-0.010282024	-0.0659661471	-0.0900996659	0.0800178061	-0.0140060896	-0.0112051137	0.0393032444	-0.0526130049	-0.0450959893	-0.0240493301	0.045290149	-0.0930892314	0.0479826788	0.1003471216	0.0318078659	-0.1137053966	-0.0327203913	0.0929558926	0.1195724926	-0.0605734063	0.1117030353	-0.0069559811	-0.0233288567	-0.0576333388	-0.0649955348	0.0554547005	-0.0991124793	0.0083823835	0.0665345964	-0.081867421	-0.0497387506	0.0700875657	-0.0786475549	0.013400224	-0.0112095761	0.0031486921	-0.1286686643	-0.0104818643	0.0788272754	0.1111310805	-0.0225395938	-0.0440872098	0.063120353	-0.0269874813	-0.0475678143	-0.0038622893	0.0291984796	-0.0210616119	0.0055529797	-0.0954489906	-0.140010586	0.0539072476	0.0082252945	-0.0042305406	0.0722916286	0.0327790205	0.0589113887	-0.1259135525	0.1135263626	-0.0447455528	0.0066378854	0.0075530889	-0.1377707069	-0.0086402004	0.0498844368	-0.0981129604	-0.0048817962	-0.0601346805	-0.0619158348	-0.0536976781	-0.0190858062	-0.0444721904	-0.0013539345	0.0096668212	-0.0506776529	-0.0082188906	0.0484259611	-0.1178745909	0.0544463086	0.0943641137	0.1057391679	0.0618212524	0.0581682291	-0.003962525	0.023884076	0.0771822343	-0.0472942506	0.0783818753	0.1731215974	0.0382798514	-0.1024969127	-0.0006009611	-0.0317368487	-0.0034211192	0.0147130924	-0.0207212881	0.169215238	-0.0597915118	0.102821945	-0.0050184867	0.0023555078	0.0913771554	0.0462594713	-0.0225179124	-0.1214024747	-0.1404594813	0.0887413447	0.0575005252	0.0133121339	-0.033873792	-0.0734322509	-0.0035890368473587	-0.0032315441497417	1.2881185491698476e-05	1.0442877591729809e-05	-0.1398156225484115	-0.1518570740704347	0.0195484083085998	0.0230605709452334	-0.0100413050521694	-0.0109960362693683	0.0001008278071507	0.0001209128136372	6.801004617942115e-05	0.0003040060018993	4.625366381326997e-09	9.241964919081005e-08	5.598779832571843e-05	1.8961128895877977e-05	3.5952440900609877e-10	3.1346335613613194e-09	-0.0003590016663844	-0.0001330059793664	1.7690590547241823e-08	1.2888219646677606e-07
257.6177706385004	-0.661559042504166	66366.91574875101	0.4376603667190288	435.385519563482	-0.6026898501964979	189560.55064556317	0.363235055529877	250.6297732583357	-0.6079885590140748	0.3696500878920111	62815.28324352476	270.35600213901614	294.77923363378903	1.227239	28.030863	0.1570199911494594	0.1225741794948103	-0.0720092894	-0.1544600197	0.028073181	-0.0093574815	-0.0229468912	0.0543973593	0.0919614936	0.010332759	-0.1514752826	0.0350754226	-0.0958920643	-0.0560319728	-0.0841470216	-0.0558071285	0.099927777	0.0348174525	-0.0635309524	0.0031182349	0.1551564104	-0.0953812533	-0.0444053896	-0.0526947781	0.0038091319	-0.0513022349	0.0476694603	0.0459933895	-0.0837157609	-0.0413495862	-0.0610072316	0.0701247143	-0.0319129115	-0.0694575935	0.0455184269	-0.0273227695	0.0101690809	0.0331591085	-0.0519271982	0.0499695675	0.0536360157	-0.0425597641	0.0945007467	-0.0141521983	-0.0246939963	0.0122472594	-0.0162379192	0.0163537703	0.0789229195	-0.1393555862	0.06631598	0.0168224114	-0.0837828213	-0.0348065181	-0.0587532278	0.0297586128	0.0660786156	0.1532032579	-0.0647187123	-0.037535024	0.0188025513	0.0066381587	0.0854518909	-0.0482627244	-0.0161956912	-0.1182444049	0.0184925774	0.026673146	-0.047085724	-0.0130591952	0.0012329103	-0.0422526043	-0.0814407951	0.0279791759	0.025476443	0.1369915848	-0.1391985364	0.0965069778	0.0074798329	0.0216488631	0.0265790805	0.0268626825	-0.0556693071	-0.1372915545	0.0060602221	-0.0657839065	0.0695492391	0.0396475677	-0.0180891546	0.0534248923	0.080389987	0.0959579652	-0.0083470461	0.032066325	-0.0507410802	-0.0071672654	-0.1019916606	0.0353245319	0.0841036873	-0.094576319	-0.033476849	-0.0110913818	-0.0956773163	0.088975199	-0.024203576	0.0280401383	-0.0694191999	0.0500587721	-0.023792449	-0.0914040776	-0.0504878816	-0.0339866678	-0.0366044482	-0.0901648652	0.0529872714	0.0122591281	-0.0150835461	0.0331640725	0.0492674639	0.0048572369	-0.058282256	-0.0115966475	-0.0962225071	-0.0073884266	0.012203349	-0.0312505226	-0.0470800237	0.0101009332	-0.0738092381	0.0005974921	-0.0481274995	0.0890234697	-0.0961678444	0.1455744324	-0.0583428121	0.0996298067	0.0875476846	0.0038146219	0.0161092778	0.0521223502	0.016451221	-0.0153453762	0.1228050113	-0.0139599552	-0.0768103295	-0.0721699217	-0.0911282868	-0.0780871195	0.1608389118	0.0880063298	0.0549022818	0.0086286366	-0.0397147891	-0.0785316931	-0.003030854206429	0.0005581826409296	9.186077220628365e-06	3.115678606352543e-07	-0.0195967275414545	0.120218895006957	0.000384031730334	0.0144525827166937	-0.0393351786042401	-0.0292938735520707	0.0015472562758274	0.0008581310276847	-5.999039568785724e-05	-0.0001280004418672	3.5988475747856803e-09	1.6384113118218512e-08	5.501045257405579e-05	-9.773457516626394e-07	9.552047182930097e-13	3.026149892402441e-09	-0.0003489986550133	1.000301137109999e-05	1.0006023649035569e-10	1.218000612010924e-07
256.6915907103205	-0.92617992817992	65890.5727413947	0.8578092593633616	433.5358132244496	-1.849706339032366	187953.30134818485	3.421413540656518	250.145992040818	-0.4837812175177021	0.2340442664229101	62573.01733408497	269.52512609704866	287.75787305714846	1.245987	28.459072	0.0477670222895955	0.0362465917781244	0.058521482	0.1421724354	0.0132197657	-0.0680728059	0.0248986008	-0.1591465986	-0.0592038736	0.0697473546	0.0123123132	-0.022226868	-0.0991234315	-0.0659346819	-0.0557735101	-0.0474969243	-0.0731657619	-0.0506681144	-0.0109931304	0.0908697296	-0.0385098879	0.0680420938	-0.0503360643	-0.1452733738	-0.0165577023	-0.010588591	0.0335122553	-0.1088951911	-0.0689634291	0.0062171939	-0.1193754339	0.0443107494	-0.0447034221	0.1234975777	0.0645449532	0.0054288539	-0.0512634191	-0.0285039042	-0.0153750967	-0.0573921441	0.0239331416	0.0417777114	0.0718720084	-0.001276647	0.0234034027	-0.0977577624	-0.1213227208	-0.0426585833	-0.0351194409	0.0018344202	-0.0007183738	-0.1156671174	-0.0280477121	0.0477510327	-0.2156755078	-0.0431394651	0.0595332223	0.0371727577	0.0939105589	-0.06751843	-0.1830212871	-0.007320236	0.0362273809	-0.0086152727	-0.0051743055	0.0091549736	-0.0292759408	-0.0423475913	-0.0734194449	0.056106627	0.0480867151	-0.0703681932	-0.0702708547	-0.0115151114	-0.049797955	-0.137631441	0.0556822083	0.0076813832	0.0552547601	0.0456583277	0.1036484479	0.0291137164	-0.009296533	-0.0336021692	-0.1216524002	-0.0304812461	0.0783301366	0.0113616948	-0.0032062723	0.0976522291	-0.084077248	-0.0519305349	-0.0538508652	-0.0729584823	-0.1176537705	0.1613018304	-0.0050019432	-0.0114928101	0.1014919296	-0.1084329429	0.0864781505	0.0760148229	-0.0239845348	-0.0471002525	0.0171118478	-0.0156540434	-0.0367099371	-0.0663528815	-0.0719595661	0.0685730263	0.0406809147	0.0751367347	-0.0338294867	-0.1387032636	0.0784291002	0.1552209691	-0.0820646025	-0.1143888982	0.0844262879	0.0111608579	-0.0245318533	0.1050868849	-0.0007703979	-0.0691094044	-0.0639463976	-0.0634311886	0.0036864725	-0.0659678438	0.0776239677	0.0433020217	-0.0461694342	-0.0453588504	0.0020329549	-0.0942343412	-0.1231643335	-0.03347647	-0.0365892027	-0.0244777166	0.1023670425	-0.0117788096	-0.0809374215	0.1519818374	0.1144339667	0.0516008121	0.056806417	0.0608508386	0.0290292604	0.0718521249	0.0619225253	0.0872496007	0.0522498565	0.0039259816	-0.04539905	-0.0831469612	-0.0057270172322887	-0.0026961630258596	3.2798726378931715e-05	7.269295062012931e-06	-0.0245065096917187	-0.0049097821502641	0.0006005690172703	2.410596076305293e-05	-0.004424607446694	0.0349105711575461	1.957715105734e-05	0.001218747978546	-0.0001239862092138	-6.399581352594278e-05	1.5372580075208188e-08	4.0954641488472414e-09	8.202098060472451e-05	2.7010528030668723e-05	7.295686244955409e-10	6.7274412593605955e-09	-0.0003349948774514	1.400377756190002e-05	1.9610578600317448e-10	1.1222156791867849e-07
257.18362362931896	0.4920329189984613	66143.4162631072	0.2420963933781464	432.31412445025495	-1.2216887741946607	186895.5021991905	1.4925234609932527	249.9380004665166	-0.2079915743013884	0.04326049498037	62469.00407720045	269.3808494872691	290.78952653825576	1.122875	25.647118	0.0646084410361712	0.0407766494724961	0.0119982455	-0.1032430801	0.0378409202	-0.0919781394	-0.0856326249	0.0287742138	0.0878192212	0.0822484959	-0.037563261	-0.0234847104	0.1157457856	-0.0845550162	-0.0550066944	0.0553696776	-0.1030484786	0.0096558343	0.0114275845	0.0282059389	0.0169816878	-0.1230667776	-0.0456959413	-0.0053000138	0.1597989579	-0.0412151389	0.0260900163	-0.0227019546	0.0264496964	-0.1319690813	0.0084825463	0.0244824087	0.0011622606	-0.0401655368	0.0608568614	0.0560359442	0.0562831546	-0.0126094841	0.0935880202	-0.0923976812	0.0068999746	-0.0350662112	-0.002108293	0.1517821589	0.0085752647	0.0267754491	0.0591282788	-0.0187981262	0.0258371525	0.0450450429	-0.0935135557	-0.0367980234	0.0661284159	-0.0188612769	-0.0744215058	-0.0391507709	-0.0387893824	0.1541024503	0.0510941577	-0.0208731449	-0.1603778617	-0.1531055201	0.071671828	0.0357890154	0.0934495212	0.0399586257	0.0257574395	0.0142951213	0.1160331945	-0.0408824669	-0.0025758801	-0.0745034615	-0.0717864798	0.0329292061	-0.0197186179	0.1681492261	0.1089530839	-0.0167077204	-0.0320834117	-0.1095168938	-0.0072045722	-0.0071882741	-0.0584967085	-0.010143255	-0.0563254572	-0.0603353204	0.0011932957	0.0176144298	0.0564014728	0.0102600708	0.0687304791	-0.0131512169	-0.0121338943	-0.0467724845	0.0052664757	0.0104264119	-0.0231770291	0.0035730213	0.1044732358	-0.056862121	-0.0017318887	-0.0402913243	0.0504096146	-0.0485863279	-0.1611216849	-0.0463019674	-0.0070288246	-0.1592390222	-0.0343808815	0.1191212509	-0.1044204215	0.0663040049	-0.0105605988	0.0147438406	-0.1379345072	0.0279848606	-0.071788579	0.0162235364	0.0274045255	-0.0053221992	0.0896921576	0.1756359167	-0.0198039179	0.1106878542	0.0034843652	-0.0726384637	-0.0077396852	-0.0566246082	-0.0185396922	-0.0313402704	0.1367622524	-0.0308592062	0.0036615399	0.1304509242	-0.0288744096	0.0829858794	-0.0580955541	-0.0408741798	-0.0587007886	0.0161664249	0.0801139818	0.0334820165	-0.0085904662	0.0049394011	0.0155955034	0.1410776529	0.057901131	0.0388139078	0.0216079022	0.0864713441	0.0495458668	-0.0007853901	-0.0509041416	-0.0872496007	-0.0026914952939591	0.0030355219383295	7.244146917403983e-06	9.214393438080287e-06	0.009478096018725	0.0339846057104437	8.983430414017071e-05	0.0011549534252943	0.0054169991076875	0.0098416065543815	2.934387933268717e-05	9.68572195712449e-05	0.0001960141952528	0.0003200004044666	3.8421564740602806e-08	1.0240025885878763e-07	9.296934055025297e-05	1.0948359945528452e-05	1.1986658549685176e-10	8.643298282348911e-09	-0.0003110095052032	2.398537224819995e-05	5.752980818847204e-10	9.672691232673933e-08
257.8750609467973	0.6914373174783464	66499.54705831442	0.4780855640016515	433.4319944703177	1.1178700200627532	187863.2938305175	1.2496333817551002	250.7002913314008	0.7622908648841928	0.5810873626858908	62850.63607364923	270.1788958351756	288.8416048758549	1.062598	24.270353	0.1284811948869041	0.1101803369097677	0.0278768774	0.0854579353	-0.0124117448	-0.0396339599	0.0314451468	-0.1058953115	-0.0479722156	0.0607276192	-0.017330119	0.0407033418	0.0611626714	0.0038402203	-0.0765674247	-0.0416168007	0.0050751827	-0.0314708682	0.0034081569	0.0048433737	0.0462393548	-0.070389241	0.0632997335	-0.0452202035	-0.142317465	-0.0373388083	0.1097116128	-0.1002590618	-0.0777512125	-0.0141968294	-0.105637615	-0.0293762468	0.0582958924	0.027053084	0.0165629013	0.0743796417	0.0993868889	0.0822493566	-0.0005047026	0.0011360036	-0.1813870915	-0.0211256546	0.1076787094	-0.0820762975	0.0029747183	-0.0693890731	-0.1129582553	-0.0113738975	0.0553181322	0.1095170156	-0.0564702669	0.0209902152	0.1977735155	0.1222337729	0.0195148027	0.1020975754	0.0315209862	-0.0044223048	0.0804140169	0.0457847065	0.1084044878	-0.0724708045	-0.1059177354	0.089047	0.0580394908	-0.0016565978	0.014434665	0.0083774771	-0.002483628	-0.0120021559	0.0078529389	0.0025904827	-0.0823465144	-0.0124339109	-0.0278186999	-0.1147932406	-0.0044432952	0.000447747	-0.0613961791	0.0466168895	-0.0504777839	0.0161265871	-0.0218780384	-0.1146532941	-0.0547935726	-0.0573606897	4.79756e-05	-0.1351256474	-0.1348271927	0.0285853459	0.0140117383	0.150669688	0.0465575752	-0.1276111133	-0.0689850795	0.0608774895	0.0338991831	-0.1465704831	0.0667033351	0.0583685527	-0.0836367054	0.0113032051	0.1761379226	0.115531225	-0.0590097993	-0.0373343033	-0.0095362743	-0.053395259	-0.0154795985	0.0472060476	-0.0250418697	0.0372247309	-0.0041147719	0.1411837301	-0.0188389875	0.0551689369	0.0914126222	0.0731399411	-0.0840078636	0.0515595556	-8.82631e-05	0.0086628612	0.0397114656	-0.1109811537	0.0044876954	0.0005520587	0.0499225037	-0.0823507711	0.0069118633	0.0217559791	-0.0478424744	0.0460680124	0.0527506857	-0.0571052726	-0.1031402311	-0.0222934832	0.0030707736	0.0165528879	0.0372811522	-0.0417155747	0.1319040968	0.0642594201	0.055799875	0.0278807919	0.0779480307	0.1157481701	-0.0509329503	-0.0088155177	-0.0230868119	0.0856717519	0.0467929814	-0.005495018	-0.0562083378	-0.0908143174	-0.0071529322131738	-0.0044614369192147	5.116443924625944e-05	1.9904419384131956e-05	-0.0984913403565173	-0.1079694363752423	0.0097005441252233	0.0116573991911874	0.0055668096184717	0.0001498105107841	3.098936932830904e-05	2.2443189141422873e-08	3.0237987483882874e-06	-0.0001929903965044	9.143358870754571e-12	3.724529314293005e-08	0.0001149990269795	2.202968642924704e-05	4.85307084170951e-10	1.3224776206231771e-08	-0.0004139996439028	-0.0001029901386996	1.0606968669362845e-08	1.7139570515164526e-07
258.2507612845333	0.3757003377360206	66693.45570404101	0.1411507437749599	435.7155583413799	2.2835638710621997	189848.0477807404	5.214663953220577	251.00657449838465	0.3062831669838601	0.0938093783776631	63004.30044141312	270.8868920645237	293.83839964671535	1.016904	23.226685	0.061961613554644	0.0389106194942165	0.0592382021	-0.0496292767	-0.0314466163	-0.0040534842	-0.0376805285	0.0479156311	-0.0554326194	0.0084302078	-0.020189011	0.1660759421	0.0813601593	-0.0120602438	-0.1455466954	-0.0175411911	0.1282088373	-0.0197900421	0.0930564356	-0.0728382757	0.0995095334	0.0224409726	-0.0470822956	0.0156329088	-0.1009913234	-0.0035723157	-0.0239973683	0.0425885639	0.0676149714	-0.015803915	0.0946921007	0.1086468409	-0.0056556168	0.0434044072	0.0381771148	0.1907435189	0.0196601392	-0.1028804023	-9.03746e-05	0.1051883286	-0.0453971135	-0.0561726793	0.0837316131	0.0020845637	0.0611684736	-0.0781391753	-0.0490538565	-0.0666020554	-0.107559474	-0.0359754735	0.119842937	-0.072543833	-0.0199344573	-0.116178245	0.0233785396	-0.0149952819	0.1100769602	0.0394840612	0.0403038496	0.0057301175	0.035783191	-0.1878073171	0.0665737282	0.0138075739	0.022477045	-0.100573322	-0.0055386884	-0.070231177	0.0042043967	-0.0601339019	-0.0791910552	0.0073098663	-0.1426944034	-0.0297568105	0.0739019016	0.0842153333	-0.1384287616	-0.1270364439	0.0326761108	-0.0218701153	-0.0410147638	-0.0789221214	0.0292994878	-0.0731980807	0.000459543	-0.0821352324	0.1101551814	-0.0297223852	0.0416971555	0.0715895923	-0.1642163742	-0.0076378854	-0.0375637461	-0.0710494962	-0.0434762672	-0.0297341313	-0.0231813281	-0.0211596917	-0.1119674456	0.0907699604	-0.017304527	-0.038490001	0.1199802565	0.0817869766	-0.0261267591	0.1111108831	-0.0535474807	-0.019420207	-0.0844863523	-0.0593635687	0.0978324069	0.0013655393	-0.0236106961	0.0076014424	-0.26643796	0.046531553	0.0062433504	-0.0595059669	-0.133634225	-0.0826448824	0.0932235359	0.085846552	0.0253622525	-0.0784015743	0.0224240484	-0.0076016857	-0.0240272119	-0.0376887594	0.082422019	-0.0133781966	0.057694107	0.1396272858	-0.1315379826	-0.0074293514	-0.0771414556	0.0438434132	-0.0122022452	0.0029299452	0.0026163473	0.0806409492	-0.0048059042	-0.0151944398	-0.1560479389	0.0967495965	-0.0615839952	0.054360622	0.1297557254	0.0680184358	0.0206590606	0.0848510215	0.043993917	-0.0101924456	-0.0612907054	-0.0938191336	0.0033403672994438	0.0104932995126175	1.1158053695193466e-05	0.0001101093346615	-0.0621824124778527	0.0363089278786646	0.0038666524215658	0.001318338243698	0.0085252881834847	0.002958478565013	7.268053861146386e-05	8.752595419641382e-06	-6.701054351324084e-05	-7.003434226162913e-05	4.490412941939944e-09	4.9048090960190124e-09	-5.198632792424718e-05	-0.0001669853549037	2.7884108752330404e-08	2.702578291047362e-09	-0.0004070011891012	6.998454801600002e-06	4.8978369610038125e-11	1.6564996792979078e-07
257.8164434654258	-0.4343178191075481	66469.31852116108	0.1886319679943368	436.57054911838486	0.8549907770049572	190593.84435752808	0.7310092287635405	251.05334570597205	0.0467712075873976	0.0021875458591834	63027.78239016231	270.82069804140696	292.6340871426946	1.059105	24.190569	0.0751927966410884	0.0427578212797737	-0.1214871013	0.001716922	0.0108535341	-0.0704419364	0.1017992824	-0.0199600172	0.0607166274	0.0225093905	0.0199285557	0.1279222525	-0.0764132113	0.0164498429	-0.0814259385	-0.0852428155	0.0985850267	-0.063445293	-0.0585591537	-0.0037816681	0.0587042644	-0.0237800514	-0.0431014718	-0.0314869416	0.015184047	-0.0211138981	0.0075076837	-0.1583882098	0.0790731303	0.0539842218	0.0489293949	-0.0414546085	0.1000464345	0.03352064	0.0028419842	-0.1764329338	-0.0360094308	0.0416485457	0.1032380576	0.0427395093	-0.0594599017	-0.044362847	0.0314165859	-0.0428084765	-0.0243275705	-0.0649228047	0.0284977966	0.0207223112	-0.0307542137	-0.1217590882	-0.0115881395	0.0050164858	-0.0014350677	0.0719193646	-0.0827044607	-0.0163879768	-0.1048005875	-0.0779630219	-0.0373587893	0.0376478399	0.0382753588	0.0033181489	-0.0381063865	0.0240707652	-0.0515377517	0.0200755466	0.1006388862	0.0274530158	-0.063664225	-0.1267419821	-0.1169461424	0.0201849041	-0.0799607688	0.0180146626	-0.0451610628	-0.0616380451	-0.1470252768	0.1495343108	0.0537008318	0.018922087	-0.0472106518	-0.0191704207	-0.0334719572	0.0411536884	0.0770943777	-0.038627519	-0.012129392	0.0454428166	-0.0294007633	0.0840124778	0.0317203443	-0.0238244964	0.1326483738	0.0706876036	0.0560459679	-0.042539845	-0.0072384068	-0.1269500591	0.0501658211	-0.0106790666	0.0005213815	0.0261202307	0.1438108447	0.0770825728	0.0463525839	-0.0789160998	0.0577561341	0.0132514533	-0.1502945175	-0.0151698409	0.1271236283	-0.0137743725	-0.0534370128	0.0099618362	0.1300441379	0.0105922105	-0.0073123814	-0.0525822808	-0.0244050936	0.020385664	-0.0814702784	0.0578537211	0.0402619244	0.0917741202	-0.0188010461	0.012829637	0.0430189608	-0.0360690074	-0.098954715	-0.007104354	-0.070303541	0.0966782705	0.0912201835	0.0853959973	-0.1056913407	0.0841533985	0.0649989138	-0.0460746561	0.0425234461	-0.067752631	0.0023237657	0.0350933284	-0.0843464074	-0.0778928093	-0.0552782109	-0.061223552	-0.0338175227	0.0284613816	0.0386508229	0.0840093554	0.0411514359	-0.0148672434	-0.0661311865	-0.0962455236	0.004587632121769	0.0012472648223251	2.104636848468673e-05	1.555669537009912e-06	-0.093534529358024	-0.0313521168801713	0.008748708182227	0.0009829552328679	-0.0187186741079585	-0.0272439622914432	0.0003503887603599	0.0007422334813375	9.801303867026623e-05	0.0001650235821835	9.606555749379104e-09	2.7232782676676708e-08	6.798133266872064e-05	0.0001199676605929	1.4392239588149524e-08	4.621461591415264e-09	-0.0003850033789347	2.199781016650002e-05	4.839036521213717e-10	1.482276017911362e-07
257.24031189380776	-0.5761315716180206	66172.5780632235	0.3319275878150504	436.9206651194712	0.3501160010863486	190899.66760844112	0.1225812142166961	250.47362767721748	-0.57971802875457	0.3360729928630844	62737.03816178536	270.25168828110407	290.21882730693164	1.070865	24.459171	0.0809477693650549	0.0484811901493171	0.0753322534	0.0352324811	-0.0365528233	-0.0660740723	-0.0413147527	-0.0096260881	-0.0920667638	0.0457593505	-0.0161536265	0.0578760672	-0.1737353857	-0.0144543686	-0.1011014906	-0.0036444859	-0.0069265917	-0.038796592	0.0160032982	-0.0790287826	-0.0099637782	0.0316301839	-0.1233376685	-0.081473832	-0.0774587061	-0.0579888222	-0.0233350615	0.0120639703	0.1220071658	0.0802344489	0.0433805623	0.1031379246	-0.0766982898	0.0282137908	-0.0078197726	-0.0640128709	-0.0243533498	-0.066524309	-0.0810018111	-0.1107776618	-0.0133382053	0.0289629689	0.1319670559	-0.0198999523	0.1864166413	0.0092655423	-0.0749607106	-0.036544228	-0.0255671757	0.1460956563	-0.0801969261	0.0341062348	-0.0637611096	0.0367761977	0.0048454053	-0.0436028987	0.060944762	0.0029767161	-0.0213573562	0.0029669095	0.0352550086	0.0241470687	-0.0406593946	-0.057235946	-0.0298387698	0.03135707	0.1936189106	-0.0440537625	0.0085906083	0.0257326829	0.0060942741	-0.0114733419	-0.0936138698	-0.0602059649	0.0305501135	-0.0266635217	-0.0087458567	-0.032286385	0.1018962921	0.1294270021	0.0454071341	-0.0109145055	-0.0663348381	0.0854298478	-0.0479775261	0.0803309568	0.0775720599	0.0665351396	-0.021806516	0.0255032514	-0.0749848282	-0.0201130561	-0.0067951163	0.0576995638	-0.0154615522	0.0414640898	-0.030332466	0.0213406573	-0.0355052645	-0.052910151	0.132445571	0.1580172747	0.0798595542	0.0992535269	-0.0669777825	-0.0298522474	0.0216019567	-0.188966987	0.0529107289	0.0282628533	-0.0186909303	0.0800020352	0.0434216898	-0.0252512407	0.0771542005	-0.0495365506	0.0155697052	-0.0158097976	-0.1193544365	0.1078708496	-0.0371976098	-0.0840353866	0.013414871	-0.1405244352	-0.0471866766	-0.0126749043	-0.027373577	-0.0983147292	0.0576951615	0.0001344777	-0.0334268903	-0.0115333755	-0.103335605	-0.1336135925	-0.114657684	-0.0313238496	0.0599042506	0.0422102972	0.0530648176	0.006063358	-0.0928974981	0.0348001353	-0.0319945721	-0.0227550635	-0.0398998113	-0.058263317	0.15779387	-0.0079840585	0.0475902649	0.0831469612	0.0382683432	-0.0195090322	-0.0707106781	-0.098078528	0.0037949220553059	-0.000792710066463	1.4401433405847156e-05	6.283892494719319e-07	-0.0558826718978195	0.0376518574602045	0.0031228730184393	0.0014176623702035	0.0095331836220751	0.0282518577300336	9.088158997220092e-05	0.000798167465198	0.0003010014789434	0.0002029884402731	9.060189032611408e-08	4.120430688451958e-08	7.945418065480325e-06	-6.003591460324032e-05	3.6043110422475635e-09	6.312966823526111e-11	-0.000363000851644	2.2002527290700005e-05	4.841112071779985e-10	1.317696182942693e-07
257.26164447933706	0.0213325855293078	66183.55372021282	0.0004550792053652	434.2752546781904	-2.6454104412808306	188594.99682580712	6.998196402837639	250.10624672618383	-0.3673809510336525	0.134968763182391	62553.134651458735	269.62868472722573	292.0444093257823	1.072939	24.506544	0.0995471774746381	0.0631450374157871	-0.0464846551	-0.0823439406	0.0204865485	-0.0707623293	0.0047928581	0.0357081413	0.1014738013	0.0911181586	0.0123183626	-0.0292465213	0.0112621151	0.0046540557	-0.0440331926	0.0715299708	-0.1202987818	-0.0453048629	-0.0037407993	0.0111074318	0.0369572926	-0.1238174504	-0.049861087	0.0575901386	-0.0308610803	0.0027226851	0.1024551049	0.0554934074	-0.0091019476	-0.04505381	-0.060179231	0.055469689	-0.068719452	-0.0201436446	0.0938406161	-0.0828328695	-0.133000469	0.0100490245	-0.0020464213	0.0165456769	0.1037659663	-0.1256711437	0.0242705928	0.0580070915	-0.0430980717	0.0742546102	0.092070318	0.0405113341	-0.1030801107	-0.009105181	0.0042631594	-0.0494011029	-0.0005327918	0.0169967915	0.0645162132	0.011115044	0.003827441	-0.1848789891	-0.0025288283	-0.0164684607	0.0140619946	-0.0429101966	-0.0177272997	-0.0294985927	-0.1069794844	-0.1794356268	-0.0120296596	-0.0747293161	-0.0970911994	0.0599294186	0.0498543846	0.0077978378	-0.0506921708	0.0481473826	-0.0585800392	0.123527413	0.110758462	0.002558461	0.0469657911	-0.0823902647	-0.0227268792	0.0431505167	-0.0752317165	-0.0992662683	-0.0900033642	0.0706828814	0.069158961	0.0476748866	-0.0677274285	-0.0041619506	0.0550608761	0.0384238397	-0.0282931677	0.0568714607	0.0459631822	-0.0075723737	-0.0844550966	0.086381309	0.0524695469	-0.0286622857	-0.0172523479	-0.0548693548	0.0355641716	0.0288386268	0.0828023782	0.0267950502	0.1221290892	0.0025685224	0.0041185659	0.0709890458	0.0912363573	0.0138867078	-0.0430625435	0.0381207136	0.0128748144	-0.0978842019	-0.0568031391	-0.0688087922	0.0656560723	-0.0898239247	0.0309410264	-0.0287406024	0.0524518622	0.0720144781	0.0639438498	0.0175119976	0.0533832211	-0.017443986	0.0410475858	-0.0602342755	0.0623126805	-0.0097203599	0.0012072842	0.1788728651	-0.0269242466	0.0568499573	-0.0118946632	-0.0248293507	0.0608352976	0.0758438808	0.0506080057	-0.0545490146	0.0197529789	0.0623347196	0.068204777	-0.0265474484	-0.0826228418	-0.0682073703	-0.0128568485	0.0822640518	0.0353474844	-0.0241075061	-0.075011107	-0.0993068457	-0.004075776025644	-0.0078706980809499	1.6611950211214397e-05	6.194788828146844e-05	-0.1139448471614343	-0.0580621752636148	0.0129834281946426	0.0033712161963427	-0.0087799320667372	-0.0183131156888123	7.708720709652015e-05	0.0003353702062318	0.0002550021415218	-4.599933742159996e-05	6.502609218070412e-08	2.115939043226206e-09	7.920633737557026e-06	-2.4784327923299543e-08	6.142629106096454e-16	6.273643880452657e-11	-0.0006230004987197	-0.0002599996470757	6.75998164794886e-08	3.88129621404995e-07
257.71911154313693	0.4574670637998679	66419.14045458386	0.2092761144616724	435.30794232614926	1.0326876479588805	189493.00465222608	1.0664437782468446	250.3812934063725	0.2750466801886659	0.0756506762828062	62690.79208784799	270.19869104019926	290.5157437948861	1.081069	24.69224	0.0853584166080021	0.0683291746707034	0.0246998889	0.016718248	-0.0810094182	0.0125468488	-0.0044616626	0.0072818425	-0.0790242736	0.046832849	-0.1159059144	-0.1129752369	-0.0484522379	-0.0203798696	0.0175641101	0.1614405537	-0.0443049485	-0.0017612062	-0.0481904517	-0.056632867	-0.0608297747	-0.0098266231	0.0621830457	-0.0493955019	0.0109433727	0.0728392481	-0.0951565394	0.0815548141	-0.1294627352	0.0481048832	-0.1053857082	-0.0658170737	-0.0012838505	-0.0663465811	0.0247496841	0.0200433288	-0.2002333543	0.01272406	-0.0648360683	-0.1458610367	-0.0410048666	-0.0415822103	-0.0064412046	-0.0299457025	-0.0854663609	0.0054837057	-0.1077772563	0.0018324391	0.0126715201	0.061378027	0.0433480336	-0.1135440472	0.0079475492	-0.0173801106	-0.0087159866	0.0492977492	-0.053693424	-0.0613000099	-0.0132630071	-0.1048083107	0.0904186152	-0.016463077	0.0531285262	-0.0149796784	-0.0606373128	-0.11811438	-0.0393773394	-0.0386556522	0.0256036688	-0.1222044208	-0.0691942511	-0.0163387478	0.0204161394	-0.0087838531	0.117071479	-0.0314762555	0.1585114782	0.0243159785	-0.0338919212	0.1058660847	-0.0299331061	0.0304075396	-0.0857313466	-0.0660251017	-0.0213628379	-0.0135184322	0.0076150648	-0.0222235606	0.0511157989	-0.1664692853	0.0390421254	-0.0026614895	-0.1063623228	-0.0360322288	-0.0901158849	0.0102516466	-0.0653366828	-0.0229695834	0.026195286	-0.0757641613	0.0101410952	0.1036916681	-0.0748519549	-0.1244640569	0.0421389525	0.1248610329	0.0765791102	0.0422976888	-0.0394009157	0.0640587892	0.0585690724	0.0523734141	-0.0462053804	-0.028032782	-0.0255900994	0.0275963542	0.008802287	0.0473289001	-0.0101222235	-0.066495891	-0.0541377466	-0.0067749814	0.014504506	-0.0661986428	0.1304191065	0.0029572161	-0.1138619144	-0.0551520154	-0.0034630852	-0.0469733847	-0.0151100567	-0.0759997881	-0.0194655235	-0.0364628493	-0.1342817486	-0.092842944	0.0450721807	0.0509115882	0.0120513627	-0.0681503445	0.097968704	-0.0401172033	0.0458481675	-0.0228110667	0.0144253661	0.0687838497	0.054195289	-0.0384682372	0.0420028108	0.081360845	0.0323917418	-0.0286524553	-0.0790155012	-0.0999229036	-0.0134890551283604	-0.0094132791027164	0.0001819546082559	8.86098234656373e-05	-0.0476846611362447	0.0662601860251896	0.0022738269076784	0.0043904122520927	-0.0120130025775679	-0.0032330705108307	0.0001443122309286	1.0452744928003084e-05	0.0003530027502872	9.800060876539996e-05	1.2461094171032728e-07	9.604119318388989e-09	7.884535580648944e-06	-3.6098156908082046e-08	1.3030769321605116e-15	6.216590132251918e-11	-0.0006540014111827	-3.10009124629999e-05	9.610565735385823e-10	4.27717845828963e-07
257.8298396910778	0.110728147940847	66476.22623512687	0.0122607227464101	432.4521751832426	-2.855767142906643	187014.88382071795	8.155405974505172	250.4545762467219	0.0732828403494068	0.0053703746896766	62727.49476292503	269.788195056309	293.4927423636379	1.186169	27.092785	0.1272435732494151	0.0948079382372152	0.0255162085	-0.035012824	0.1697718332	0.000685606	-0.082251305	-0.0734850158	0.0868735266	-0.0512817394	-0.0471735826	0.018633361	0.0050881614	-0.1238719659	0.0045227622	-0.0222840288	-0.0236440445	0.0880012149	0.1141009582	0.0480039447	0.0214353414	-0.0535640215	-0.0125369993	0.0050313265	0.1160686296	0.0939201894	-0.0001550474	-0.0956341344	0.1190329632	-0.2153836333	-0.0829869151	-0.0129854866	-0.076054862	-0.0710957547	0.0281244544	-0.0997431805	0.0019938016	-0.129353328	-0.0431053914	0.0196503117	-0.1301365733	0.128331541	-0.0774243497	0.0574235417	-0.1258147862	-0.1261302083	-0.0079198092	0.1046223528	-0.0318484174	-0.0444783206	0.0125205833	-0.0329467859	0.0617183961	-0.0194479858	-0.057898452	-0.014803936	0.0817418219	-0.0995774726	0.0552486511	-0.1153356054	-0.0200429302	-0.0106589381	-0.0032865049	-0.0429398725	-0.0657630562	-0.0095879305	0.0173964437	-0.0679484508	-0.0329076061	-0.0267300523	0.0350235368	-0.1206540645	-0.0097250964	0.0665331836	-0.0525807841	0.0935032254	-0.0078092039	-0.1201037427	-0.0941520594	-0.0507105017	-0.0154740848	0.0144009099	0.0020727025	-0.0881181358	-0.0552458801	0.0046461998	0.0601918497	0.0072535286	0.2216523457	0.0217256091	0.1415976649	-0.0235852919	0.0186385955	-0.1465945707	0.0099100231	0.0687346505	0.0745157156	0.0194773697	0.0264586359	0.090758957	0.0872738796	0.0716745088	-0.0143664796	-0.0184273958	0.0413258399	-0.2109848656	0.044861461	0.0503789029	-0.041690548	0.0042405351	0.0680352283	0.0719179548	9.85798e-05	-0.060118606	0.0760452966	0.0228695323	0.0676621919	-0.058674011	0.1075779991	-0.0493386275	0.0589499396	-0.008618432	0.0022247287	0.0298075983	-0.054847789	-0.1292878775	0.0739287781	0.0468532588	0.1133500836	0.0795734121	0.0827597927	-0.0062138132	-0.0566104151	0.1038852183	-0.0807576239	-0.0412346832	0.0043470413	-0.0773462545	0.0615043767	0.0689567652	0.0032481917	-0.0960588981	-0.0407288995	0.0481308991	-0.0239348897	0.0370385368	-0.1017427506	0.0144485821	0.0888592356	0.0804375635	0.0294040325	-0.0331337888	-0.0827080574	-0.0999229036	-0.0105857672176341	0.0029032879107263	0.0001120584675859	8.429080692569488e-06	0.0482625442321023	0.095947205368347	0.0023292731757556	0.0092058662179957	-0.0182489534834076	-0.0062359509058397	0.0003330243032395	3.8887083700042986e-05	-8.899735542241058e-05	-0.0004420001057096	7.920529272182875e-09	1.953640934473069e-07	8.029159759281868e-06	1.446241786329239e-07	2.0916153045247874e-14	6.446740644007125e-11	-0.0006549992625845	-9.978514018000586e-07	9.95707420074342e-13	4.290240339862388e-07
258.0335068554096	0.2036671643318186	66581.29066010071	0.041480313826964	436.6994730702947	4.247297887052071	190706.42977987303	18.039539341356985	251.6532158642065	1.198639617484588	1.4367369326035992	63329.34105479691	271.2064871344423	291.2742380963215	1.254137	28.64522	0.3136481705509234	0.2476288480930099	-0.065177275	0.0778161761	-0.0328679729	0.031253669	0.1205498958	-0.0353606831	-0.0596881997	-0.0641441288	0.1013279102	-0.0185439096	0.0368730635	0.1048115595	0.0840903142	-0.0978728422	0.076617137	0.0884699862	0.0278587971	0.0651563526	-0.0078102375	-0.0328374322	-0.0124038834	-0.0821078473	-0.0430030853	-0.079912328	0.0122394687	0.0329648974	-0.1129349417	0.0492444718	0.1025759871	0.0293264803	-0.006781409	0.1077021545	-0.0538701974	-0.0516360291	-0.0326686365	0.0750587023	-0.0096243522	0.0060212694	-0.1776880072	-0.1279940362	-0.0120802637	0.0396428229	-0.0155881938	-0.0172822337	-0.0315204982	0.0258109554	-0.061410981	-0.0794082166	0.0188921498	0.0867995847	0.0461106762	-0.0052933011	0.0382325572	0.0486572836	-0.0938406813	0.0055104601	0.0585753195	-0.0146948022	0.0593412788	-0.0136185059	0.0083134376	0.0905009568	-0.0210522147	0.0952891894	0.0604569207	-0.0616413356	0.0784928222	-0.1185990715	0.0533827985	0.0941196029	0.0859865032	0.0120616155	-0.0213625276	-0.1363388529	-0.1055954197	0.0254057146	-0.0567744097	0.0066536276	0.131274166	-0.0121984457	-0.1048634124	-0.0364520667	-0.0541401491	-0.1078158807	-0.0422120765	-0.0412640434	-0.0607329162	-0.0893691092	-0.0166323616	0.054818384	0.0115289331	0.0129728072	0.026581944	0.0735224174	-0.0604826737	0.0022328392	-0.0076972836	-0.0343166238	0.0172394424	-0.1036593776	0.1435483474	0.0101756294	-0.0623249139	-0.0737675612	-0.0660248823	0.1042809596	-0.052086229	0.0301917231	-0.0002801786	-0.0986756966	0.0280829144	0.0630077884	0.008554061	-0.0334292756	0.013491978	-0.0448751358	-0.0131358348	0.0911668104	0.1094522035	-0.0279372167	0.1095131603	0.0008010162	-0.0266511175	0.093463244	0.0218356181	0.0414104715	-0.0869101136	0.0241623564	-0.0254371118	0.0129219703	0.1805637431	0.0281302476	-0.0337657915	-0.0561591106	0.0012603683	0.1273161525	0.1900102664	0.0079743421	0.0956017818	0.0830845402	0.0259942136	0.0278567311	0.0445184683	-0.0250088219	-0.0605486304	0.1220995895	0.0473407697	0.0794944353	0.026387305	-0.0375415571	-0.0860742027	-0.0993068457	0.0053131479575512	0.0158989151751853	2.8229541218830484e-05	0.0002527755037477	-0.2016391390763061	-0.2499016833084084	0.0406583424074339	0.062450851320376	-0.0294851342509048	-0.0112361807674972	0.0008693731417938	0.0001262517582398	0.0004750029387264	0.0005640002941488	2.256277917987161e-07	3.180963317999449e-07	7.804458688642768e-06	-2.247010706390995e-07	5.0490571146357584e-14	6.090957542273159e-11	-0.0008230020933617	-0.0001680028307771	2.8224951149152487e-08	6.773324456777403e-07
257.4780921154218	-0.555414739987782	66294.96791939765	0.3084855333956955	434.7562455166592	-1.943227553635495	189012.99301574164	3.776133325208191	251.1682622199253	-0.4849536442811768	0.2351800371015941	63085.49594657716	270.88731358245286	291.86645949062466	1.156927	26.424889	0.2056514265779488	0.1546703351823736	0.1338236363	-0.0286971273	-0.040120524	0.0051442532	-0.0989383803	-0.0080810254	-0.0471209394	-0.0558669396	0.0284415468	-0.0375707758	0.0731310407	-0.0176853426	0.0737603738	-0.096187256	0.0434711745	-0.0395767679	0.0188484935	0.024009152	-0.0533792462	0.0017212702	-0.0901313144	0.0486026673	-0.0503936404	-0.032535326	-0.0220074786	0.109700763	0.0441542124	-0.0805421159	-0.0355499542	0.0556004494	-0.0112180665	0.1900249546	0.0611059446	0.0612252408	-0.0508001503	-0.0958027655	0.0790908787	-0.1267537181	0.0821485713	0.0531471345	-0.0017479168	0.1037366733	-0.0980372363	-0.0264002919	-0.1652074322	-0.0378404692	0.1689938818	0.0766518621	-0.0031955907	0.0524783191	0.0638426921	-0.0426438925	-0.0118500594	0.0562113369	0.0009238368	0.099237281	0.0050669352	0.0470428113	0.0616415701	-0.1914348812	-0.0819047954	0.0612835681	-0.0846597158	0.1033220231	-0.066196438	0.0578469563	-0.0515551628	-0.0652009716	-0.0159463441	-0.0244163473	0.0633162078	-0.1029770261	0.0045711437	0.0065756426	-0.0704713571	-0.0749673847	0.1007291503	-0.0894101145	0.0071147904	-0.113143547	-0.0386843251	0.0124015412	0.0173288256	0.0564617917	-0.008101852	-0.0488875287	0.0576437391	0.0425587825	-0.10486458	0.037728584	-0.1202243228	-0.05806487	0.0267047474	0.0629023533	0.0449227899	0.0137915801	0.0860906994	-0.0272094374	0.1132554012	-0.0039069865	0.0714757005	-0.1002826458	-0.1498984582	0.0722352335	-0.0611777038	-0.0116817741	0.0635496376	0.1206310577	-0.0179598172	-0.09104493	-0.0008341292	0.0205126564	-0.0378401668	0.022905245	-0.0199070418	0.0792688293	-0.0513223679	0.0686515961	0.0336617156	0.0542560091	-0.0653077349	-0.0940737524	0.0915079286	-0.0082929871	-0.0109873262	-0.0549271975	-0.0611923544	-0.0344041058	0.0630290738	0.0281474932	-0.1377304047	-0.0527863279	0.0227917166	-0.1028246027	-0.0311814841	0.033217268	0.0615396616	0.0920275016	0.0178745231	-0.0633544212	-0.0121795752	0.1107204189	-0.0285594584	-0.0730763274	-0.0604090805	0.0931911743	0.0224537679	0.0785316931	0.0233445364	-0.0418659738	-0.0891006524	-0.098078528	-0.0010904156795703	-0.0064035636371215	1.189006354252759e-06	4.100562725466473e-05	-0.0533059448891464	0.1483331941871596	0.0028415237605247	0.0220027364977656	0.0148785101068042	0.044363644357709	0.0002213700629982	0.0019681329406972	0.0003960245785524	-7.8978360174e-05	1.5683546681760605e-07	6.237581375774069e-09	5.983691198041541e-05	5.203245329177264e-05	2.7073761955605012e-09	3.580456035351981e-09	-0.0008230117678151	-9.674453400063468e-09	9.359504858999961e-17	6.773483699621361e-07
257.1026358586676	-0.3754562567542052	66101.76536547464	0.1409674007358796	435.74815723333467	0.9919117166754744	189876.45653224696	0.9838888536780868	250.9991274534416	-0.1691347664837224	0.0286065692335033	63000.561982389016	270.4902541626991	289.5850311675751	1.211944	27.681499	0.1104487603665246	0.0870946885166409	-0.1495828946	0.0143552482	0.0562967111	-0.0916898054	0.1048393762	0.0302467649	0.1242214531	0.0104882599	0.0667482281	-0.0596838228	-0.0808050755	0.0597345379	0.0663177192	-0.0147395243	-0.0740906288	-0.0369202064	0.0987757465	0.1033796603	-0.0514604945	-0.017764336	-0.0121718587	0.0246815503	0.0216348391	0.0298938076	0.0593536946	0.1290196296	0.0453798902	-0.0148475964	0.1318695691	0.0594903811	0.0405389261	0.1097002665	-0.0245746808	0.0698465315	0.0840005885	-0.0942709109	-0.0461416131	0.0186297371	-0.0741517388	-0.0238230658	0.1095814996	-0.0528876798	0.0859866021	-0.05328316	0.0761297626	-0.0410294593	-0.0161962583	-0.0146965405	0.0144023575	0.0200868571	-0.0316288041	-0.0959052554	-0.0567268938	-0.0134889099	-0.1941689807	0.0098232412	-0.1712362775	-0.041917177	0.1067548448	0.0497681548	-0.0179448586	-0.0764951969	-0.0636779481	-0.0337703104	-0.1164549036	0.0221564426	-0.0170483507	0.2110809769	-0.0740418758	0.0557325504	0.0647546224	0.1171359579	-0.1221490283	-0.0055423878	0.0260031633	-0.0036279378	0.1044331767	-0.0549811847	0.0544644469	0.0659451804	-0.0106560192	0.1152293671	0.0902200754	-0.003822117	0.022907455	0.0273569891	-0.0123826082	-0.0434102793	-0.0781460268	-0.0553981379	-0.1750402661	-0.0138817958	0.061147454	-0.0143640945	0.0433682872	0.0058454329	-0.0565412437	0.0960492028	0.0479687164	-0.0765016591	0.0124448398	0.1315153799	-0.0809007385	0.0304620086	-0.0766360722	0.0499715883	-0.0001413028	-0.0237803034	0.0585864415	-0.0058152696	0.0366500388	0.0331893487	0.0360958545	0.0045247876	0.1012806775	-0.0249696123	-0.0586374014	-0.0579539273	-0.0004694098	-0.0303897496	-0.1669179867	0.0183860437	0.0699381693	0.0417735776	0.0534941327	-0.0582778726	0.0733534142	-0.0061960473	-0.0792120515	-0.0808631937	0.0736971723	0.1241444168	0.0291074864	-0.0739503639	0.0084225782	0.0044040286	0.0554297985	-0.0396340771	-0.0651627759	-0.0325167328	-0.1215356101	0.0799389345	-0.0662778916	-0.0553224745	0.0029260483	0.1347766301	-0.0114832083	0.0775495743	0.0202787295	-0.0460974375	-0.0917754626	-0.0962455236	-0.0018424409895203	-0.00075202530995	3.394588799864542e-06	5.655420668053936e-07	-0.1405292239028597	-0.0872232790137133	0.01974846277074	0.007607900401904	0.0089556989557024	-0.0059228111511017	8.020454378516907e-05	3.5079691931615825e-05	0.0005299829583196	0.0001339583797672	2.808819361091949e-07	1.794484750985339e-08	-4.519369782407523e-05	-0.0001050306098044	1.1031428995903164e-08	2.0424703230138223e-09	-0.0007309878595516	9.20239082635e-05	8.468399692089063e-09	5.343432508118297e-07
257.44489009638585	0.3422542377182367	66277.87143674018	0.1171379632360912	435.6157642643104	-0.132392969024238	189761.09407557928	0.0175278982470528	250.6586851900876	-0.3404422633539923	0.115900934677589	62829.77646122344	270.4318206878333	290.0571758844653	1.163058	26.564919	0.0676211203044347	0.0523733005523907	0.1042879727	0.0059203549	-0.0807126045	-0.0127468361	-0.0906984506	0.066866573	-0.0725606119	0.0550600211	0.0339616192	-0.1314667394	0.0243741645	-0.0107322073	0.0914966783	0.0899346153	-0.0424815813	-0.0696845048	-0.0087118587	-0.0405474044	-0.0220995261	-0.0055616662	-0.0114674303	0.1293224325	-0.0672108684	-0.1003095191	-0.0145102917	-0.0105160971	0.0426602299	-0.0623174723	-0.0431455786	-0.0374566733	0.0692551569	-0.0969714015	-0.0246358413	-0.0353657751	0.1090038196	0.0315337616	0.054796175	0.0388135982	-0.0833363581	0.0132331019	0.0696891315	-0.0314157069	0.0543166701	0.0676529378	0.0640534282	0.1288723031	-0.0379736576	0.1008045707	0.0432088737	-0.0287045936	-0.1265081658	-0.033035882	0.1469125426	0.0661693955	-0.0716593678	0.0223954224	0.0054338403	-0.0003027246	-0.0952427927	-0.034156176	0.0577999035	0.0411237908	0.0606073972	0.016660776	0.0155127838	0.0391633933	0.019928266	0.0206300907	0.0504900379	-0.0122815908	0.0869838766	-0.0758739195	0.0768538204	0.0219521083	0.127063264	-0.0566072701	0.0839514443	-0.0191625188	0.0016158418	0.0189956996	2.65362e-05	0.0453738854	-0.0025647085	0.0655704931	-0.0713905222	-0.0263028175	-0.0542177094	0.0160754031	0.0716322716	0.033987944	0.0219074364	-0.0100371854	0.0509082842	-0.0642673844	0.028933203	-0.0697807836	0.0332176016	0.0532022576	-0.0670878184	0.0209224133	-0.040681624	0.1502538557	-0.0841908643	-0.0145217942	0.0395416963	0.0350387049	0.0207285766	-0.1711811153	0.058117031	0.0897413146	0.0713608658	-0.0082097201	-0.0480796449	-0.0790734951	-0.0969576562	0.101310722	0.0364740238	0.0050571227	0.0649236493	0.0532669141	-0.0093959446	0.033057503	-0.1150040126	0.0198121253	-0.0507764724	-0.0636147112	-0.0238155164	-0.1137264424	0.1161911397	-0.0545274745	-0.0235255925	0.0009484441	0.027255367	-0.142015108	-0.0568963519	0.0016283654	0.0441842045	0.044382558	-0.0274195702	-0.0710919192	0.0043694014	-0.030593314	0.051036193	-0.0349178322	-0.07354724	0.033557363	-0.0056798343	0.0765483213	0.01719291	-0.0502265533	-0.0940880769	-0.0938191336	-0.0044083722000038	-0.0025659312104835	1.943374545376634e-05	6.58400297693332e-06	-0.0899295634363994	0.0505996604664603	0.0080873263798613	0.002560325639321	0.0185094067819662	0.0095537078262637	0.0003425981394202	9.127333322961415e-05	0.0006249829591927	9.500000087310002e-05	3.906036992812642e-07	9.025000165889004e-09	-4.6227793211617296e-05	-1.0340953875420666e-06	1.069353270535777e-12	2.13700886521605e-09	-0.0007289855397877	2.002319763900009e-06	4.009284436904588e-12	5.314199172195643e-07
257.3597407887971	-0.0851493075887219	66234.03617887685	0.0072504045828387	434.5935751882832	-1.0221890760272458	188871.57559493397	1.0448705071494346	250.4141473645141	-0.2445378255734738	0.0597987481362027	62707.2452002966	269.908628017084	290.6530143336657	1.099429	25.111597	0.0666701189532987	0.0461341036260225	-0.1130281194	-0.0363253883	0.0796340516	-0.0604299778	0.0357881151	0.0042380806	0.1353694682	-0.0071109599	-0.0384549481	-0.0882343997	-0.0447215193	-0.0377431088	0.0681381805	0.0174517262	-0.1098219381	-0.0120910485	0.0332067954	0.1065138979	-0.0466270754	-0.058426061	-0.0483831329	-0.0703324301	-0.0722396977	0.0486563951	-0.0374307178	-0.126906057	0.003529431	0.0680982856	0.0180223958	-0.0290654626	-0.0392318993	-0.0706624724	0.0981206323	0.0572262662	-0.0511792013	0.112374773	0.1384374043	0.0185185404	-0.0187606402	-0.0937314715	0.0621147354	0.0465743045	0.1502501438	0.0634111683	-0.0498598342	-0.0060216954	0.0419482831	-0.1061918495	0.0460580079	0.0371284838	-0.0278555198	0.0232918049	0.0932332742	-0.1402018123	-0.1046417802	-0.0265470995	-0.0611263378	0.110481006	-0.0109285948	0.107883718	-0.051565221	-0.1911343253	0.0345338691	-0.003999529	-0.0577574015	-0.083542791	-0.031007693	-0.0615774723	0.1257346534	-0.0407822975	0.0553373029	0.0992769318	-0.0829985983	0.0275977081	0.0639630333	0.0293509993	-0.0125192354	0.0252822652	0.029105954	0.1065896106	-0.0917399456	-0.0104623185	0.127211506	0.0150761519	0.0272950645	-0.0825389868	-0.0113044239	0.0611389248	-0.033373192	-0.0328863691	0.1541495944	-0.1139694127	-0.0244523658	0.0071591879	-0.1375771551	-0.0018404228	0.0218903961	-0.1305494468	-0.0778472635	-0.0041513386	0.0169958322	0.0003276894	-0.0465750317	0.0792131874	0.0417778954	-0.1171334543	-0.055818878	-0.1054940474	-4.79587e-05	-0.1120517247	0.0347912419	-0.0463982573	0.0341536273	-0.0763656241	0.0177117026	0.0438497339	-0.0402729055	-0.0812402796	0.1037834513	-0.1523168345	0.0149516172	0.0599062342	0.0352102264	-0.0307460032	0.0341607699	-0.0572725803	-0.0742702822	-0.0113400253	-0.0421927941	-0.0381470137	0.0507473764	0.1366457959	-0.0146695389	-0.066086583	-0.0388484943	0.0369594867	-0.0085851369	-0.0561042553	-0.0203800518	-0.1052959134	0.0219693121	0.109658947	-0.0208378956	0.0357824905	-0.0243354125	0.0498814154	0.0545128644	0.0755281812	0.0140901232	-0.0542441537	-0.0960293686	-0.0908143174	-0.0069553924339089	-0.0025470202339051	4.837748390967717e-05	6.487312071921989e-06	-0.0464340091883457	0.0434955542480537	0.0021561172093033	0.0018918632393453	0.0033309212367171	-0.0151784855452491	1.1095036285212976e-05	0.0002303864234473	0.0006160024164856	-8.980542707100084e-06	3.794589771160986e-07	8.065014731404849e-11	7.78959974789828e-06	5.4017392959515576e-05	2.917878742142723e-09	6.067786423245693e-11	-0.0006830022969325	4.598324285520002e-05	2.1144586234803035e-09	4.664921376150709e-07
257.41241279153184	0.0526720027347096	66261.15025915798	0.0027743398720852	434.9139871275827	0.3204119392995039	189150.1761992112	0.102663810845669	250.8485590361961	0.4344116716819712	0.1887135004935247	62924.999570535954	270.5545493387627	289.95362085601505	1.02624	23.43992	0.1425124760199324	0.1234104838345711	0.086603579	0.0105610842	-0.0193496013	-0.0374445516	-0.0599751377	0.0069681237	-0.0730452138	0.0240900758	0.1093515262	-0.0536125843	-0.1115454617	0.0657917161	0.0620920532	0.0323786724	-0.0978096527	-0.0131909235	0.0394820305	-0.0562899389	-0.0267580956	0.0253317931	0.0826180363	-0.0470062825	-0.0975442137	0.0031202187	-0.0585168364	-0.0027994512	-0.0155027745	0.0962669867	-0.0222713456	0.1353472577	0.0116218983	0.0412224932	-0.0042797288	-0.0855745804	0.0164179297	-0.0615294163	0.1045567537	0.0707649189	0.0439726135	0.066395972	-0.0179047446	0.1171776565	0.0121907235	0.0600642957	-0.0406795429	0.1267560829	0.0290093284	-0.0455891699	-0.1023505475	-0.037575987	0.0433081467	0.0634458994	0.0011809895	-0.0958562917	-0.0103503673	-0.0184567452	-0.0767010983	-0.0174363891	0.0491675198	-0.0935967152	-0.0374885395	-0.0256648796	0.0710153005	0.0598825249	0.017706962	0.0223827899	0.0503837317	0.0449777144	-0.1421473181	0.0562553993	0.0674574793	-0.0698478767	-0.0434923226	-0.0243238409	0.0909190488	-0.0854710543	0.0110006862	0.1121718442	0.007906956	0.0235477418	-0.012273012	0.0269608873	-0.0338556165	0.0954603783	-0.0518178274	-0.0587163829	0.0385452782	0.0733715374	-0.0617883963	0.0156117469	0.0538706797	0.1205502012	-0.0765553131	-0.0321879619	-0.0555248435	0.0388239418	-0.0639158147	-0.047765358	0.0432154438	-0.1033342425	0.018083073	-0.0844520049	-0.0639199449	-0.0996135123	0.0397470808	0.0046579965	0.0453498756	-0.0098530922	0.0864461601	-0.0470858406	-0.0482930927	0.0106646595	0.0683977125	-0.0228665608	0.004206064	0.0548143363	-0.0415944313	-0.0243609656	-0.0406725581	0.1010442048	-0.0378601169	-0.0650429864	0.0521924375	0.0629959908	0.0770044535	-0.0524000487	0.0275069115	-0.025385849	-0.0173787516	-0.0486732182	-0.0408894353	-0.0621432107	0.0704332981	-0.1250807728	0.0461160639	0.130710419	0.048573317	0.0050618016	-0.0367737764	-0.0542978343	-0.0374413418	-0.007281633	-0.0743064161	0.0012946539	0.0318630495	-0.0475243456	0.0243500279	0.0744894057	0.0109734311	-0.0581413184	-0.0975916762	-0.0872496007	-0.0109990134133681	-0.0040436209794592	0.0001209782960674	1.6350870625522587e-05	-0.1688171060100387	-0.1223830968216929	0.0284992152816046	0.0149776223876678	0.0124666206542798	0.0091356994175627	0.0001554166305377	8.346100384805547e-05	0.0005510028077421	-6.499960874349999e-05	3.036040941396776e-07	4.224949136808081e-09	7.791416040348054e-06	1.816292449774437e-09	3.2989182631076263e-18	6.070616391379294e-11	-0.0007570020479209	-7.399975098839999e-05	5.4759631463452046e-09	5.730521005564365e-07
258.01303794997955	0.6006251584477127	66570.72775217758	0.3607505809603399	437.83496983131664	2.920982703733955	191699.46080719	8.532139955512926	250.97412048786904	0.1255614516729508	0.0157656781462187	62988.009154659405	270.7258349174172	292.5629092776834	1.042223	23.804974	0.04687187069168	0.0332678322588702	-0.0976672343	-0.03336843	-0.0815016205	0.0110691511	0.0788791661	0.1252486086	0.0120086616	0.0024343599	0.0151129362	-0.1047003114	0.001088364	0.1034086851	0.0836562162	0.1383491857	-0.0337252351	0.0593959714	0.09794468	0.1148511584	-0.021879991	-0.0902924187	-0.0098858562	-0.1127548465	-0.029811025	0.0331644012	-0.1040530506	-0.0490593631	0.1001079115	-0.0271802315	0.0466883818	0.0361609656	0.1287594142	0.0219014041	0.0281293577	0.0195984045	0.0959012786	-0.0876615884	-0.0844301379	-0.0163873565	-0.0265221286	0.0826962232	-0.0908724799	-0.0486953242	0.049651069	0.1370794823	-0.0182856538	0.0958847999	0.0663463076	-0.1139016656	0.0176746924	0.0172114313	-0.1545350057	0.0992673729	-0.0720620931	0.0448850296	0.0442499206	0.006792352	0.0590909958	0.028123514	0.0065745729	-0.007889259	-0.0004221211	-0.0909955438	0.0351434141	-0.0164348916	0.0101539951	0.0151170867	0.0069181345	-0.0444070495	0.0565638545	0.1064981525	0.0867043021	0.1004334566	0.0207251147	0.0402226197	0.0827592747	-0.0541086602	-0.0159158564	-0.0205430216	0.0868740078	0.0904886906	-0.0655527056	-0.0048977481	0.042178848	0.0157747681	-0.01307649	-0.0613965555	0.1333947278	0.1168448253	-0.0320691121	-0.1230173046	0.000489541	0.0225847481	-0.0067516663	-0.021715004	0.0719330115	-0.0762183282	-0.1015623719	0.0332204089	0.0188003263	-0.0736220752	0.0801413279	-0.0603167206	-0.033087976	-0.0176666713	-0.0138299929	-0.020953438	-0.0150414998	-0.0886506789	-0.1587472405	0.0233493673	-0.1050183136	0.0003386469	0.0537090118	-0.0852326567	-0.0300437852	0.0719977999	-0.0153123227	0.1251348681	0.009508343	-0.0591704862	-0.0723544859	0.0607363938	-0.0820394484	0.117207794	-0.0353809656	0.0009112181	0.0829514796	-0.0208336507	0.0558845555	-0.0162209633	0.0854183216	0.1108970528	0.1222164064	-0.0921932405	0.0421692833	0.0200241291	0.0516899881	0.0344931656	-0.0325399708	-0.1451312762	-0.0051170069	0.0714036206	-0.0426538582	0.0395783084	-0.0914666179	0.046372517	-0.0089833509	0.0734322509	0.0078459096	-0.0619093949	-0.0987688341	-0.0831469612	-0.0045477202700965	0.0064512931432716	2.068175965504658e-05	4.161918322042317e-05	-0.2010323051844693	-0.0322151991744306	0.0404139877277816	0.0010378190578482	0.0091614819886629	-0.0033051386656168	8.393275222859473e-05	1.0923941598955858e-05	0.0005190029126865	-3.199989505559995e-05	2.693640233770708e-07	1.0239932835694103e-09	7.786428700029546e-06	-4.987340318507449e-09	2.487356345260999e-17	6.062847190064381e-11	-0.0008230019596922	-6.599991177130002e-05	4.355988353819387e-09	6.773322256572016e-07
258.0152205258656	0.0021825758860245	66571.85402301104	4.763637498255856e-06	436.5138673032268	-1.3211025280898523	190544.3563480191	1.7453118897253996	251.14688957849648	0.1727690906274404	0.0298491586762327	63074.76014495351	270.97328459816725	292.1155119558793	0.988024	22.567039	0.1686917449964401	0.1382848073125736	0.0430305169	8.93403e-05	-0.0446746532	0.023221452	-0.0485334601	0.0348530427	-0.041916017	0.0019091922	-0.0730563726	-0.0460417002	-0.0044332786	-0.001729457	0.0704100581	0.0181931923	0.047816402	-0.0283187797	0.0498043701	-0.0638000516	-0.0639528354	-0.0299567724	-0.2213370408	0.0238280661	-0.0098019309	0.0136116524	-0.0334421788	-0.0182163708	0.0141341014	-0.035372002	0.0169262419	-0.043704492	0.003337253	-0.0928671494	-0.0156466189	0.0025153322	-0.0365605381	-0.0698522442	-0.0389995292	-0.0314830628	-0.0046784063	-0.0661344469	-0.0996109407	0.010984101	0.0292337402	0.0005106159	0.0597835549	-0.0776243612	0.034837618	0.0392405202	-0.0873892811	-0.0247349038	-0.0397138038	-0.0238644518	0.0145276517	0.062686672	-0.0507574064	-0.021445688	-0.0522784879	-0.0593631162	-0.0214622402	-0.0221462512	-0.0576735627	0.1116859041	0.1948512758	0.0561747727	-0.0398633444	0.1045095518	0.1043133527	-0.0352849136	0.0871405091	-0.0061677399	0.075455539	-0.0505351337	0.0673743524	-0.0144509841	0.0200717808	-0.0550303809	0.0260336686	-0.0026330359	-0.0129702398	-0.007465646	-0.0942623189	0.0722994916	0.0880731237	0.0134566718	0.1332534937	-0.0315120852	0.0264217082	-0.0308620254	0.1809277288	0.0034295197	0.0631321647	-0.0061961057	0.0537203045	0.0005760611	0.0642509036	0.0018324685	-0.1275331324	0.0227347871	0.0246322642	0.0437875994	0.0555721872	-0.0262745999	-0.0411743984	0.0906216702	0.0204282832	-0.0816484953	0.0059973763	0.0301630094	-0.045882904	0.035531405	0.09795925	-0.0575487339	-0.0638926016	-0.0991713285	0.0642697941	0.0057681406	0.0551785427	0.0907048571	-0.066416489	-0.0172643982	-0.0958477523	0.0821798307	0.0210178294	0.0043950192	-0.0457591785	-0.0287883197	-0.0821783521	-0.042628505	0.0131846447	-0.0255082864	-0.0016390745	-0.0334041682	0.0053847752	-0.1598192158	-0.0268237292	0.0999180346	-0.0571740086	0.0348235134	-0.0287249445	-0.0642711679	-0.0658007062	-0.0232095587	0.0063629606	-0.0760453957	-0.0304025629	-0.0943671733	0.0648764342	0.0723569779	0.0047106451	-0.0655400171	-0.0995561965	-0.0785316931	-0.0029708511429475	0.001576869127149	8.825956513552465e-06	2.486516244155649e-06	-0.0665303672407873	0.1345019379436819	0.004426289765194	0.018090771310606	-0.0040977297788344	-0.0132592117674973	1.6791389340346224e-05	0.0001758066966953	0.0008030030781962	0.0002840001655097	6.448139435925725e-07	8.065609400953698e-08	7.710973242591734e-06	-7.54554574378119e-08	5.693526057149443e-15	5.945910834796568e-11	-0.0007200030574971	0.0001029989021951	1.060877385339579e-08	5.184044028051722e-07
257.5211129721406	-0.494107553724973	66317.12362641	0.2441422746480771	435.52125112126384	-0.9926161819629442	189678.76017823096	0.9852868846946928	250.48999841670943	-0.6568911617870583	0.4315059984339512	62745.23930680309	269.9562907114638	293.17361065603905	0.931352	21.272627	0.069955275006126	0.038761010971694	-0.0379770567	-0.0435688188	0.1116086022	0.0165483546	-0.0014312347	-0.0201474809	0.0933790314	-0.0588602436	-0.0343327583	-0.0346756061	-0.0532111451	-0.0577149701	0.0779539148	0.0422635343	-0.0488891014	0.0071567885	0.1246262737	-0.0499788598	0.0712815273	-0.0243551452	-0.0323820844	0.0249875083	-0.0774587817	0.0532143653	-0.0589154431	-0.0157608619	0.1000939589	0.0729015628	0.0183005483	-0.0894934789	0.0200985791	5.06999e-05	0.1175344515	0.0551191724	-0.0871575737	-0.0824728596	-0.0273777325	-0.0343724828	-0.000802278	0.012314838	-0.0320513996	-0.0433740896	0.080293073	-0.0491887573	0.2188811922	-0.0772172212	-0.0828347143	-0.0490592863	-0.0324879135	0.0137542242	0.0940448489	-0.0315735229	-0.0431673095	0.1017013083	0.0892067934	-0.0646747911	-0.0395510473	-0.0194476775	-0.0648987246	0.0699812132	-0.0643267609	0.0793767334	0.0001056269	-0.0078959718	-0.1179616463	0.0132039679	-0.0009611543	0.0128691841	0.0673440265	-0.061634771	0.0762132563	0.0775850025	-0.0519090368	0.0753069188	0.015889284	-0.0428459898	0.0365290029	0.0872032167	-0.0217817226	-0.0021351881	-0.0312026567	-0.0113638692	0.0665331419	0.1145642561	0.0664030798	-0.0136062177	0.0176418344	-0.0193239007	0.0479965002	-0.0110069185	-0.0290893988	-0.030129243	-0.0467022469	-0.085145144	0.0157717149	0.0074493288	-0.1477419616	0.010658215	0.0236127914	-0.0020943654	0.1242165986	0.013121574	0.199681317	-0.0435287369	-0.0045456402	-0.1049589383	-0.0631658512	0.0084195987	-0.1002274582	0.0335161311	0.0710748269	0.0437886458	-0.0361321304	0.0229735481	-0.0752359226	-0.1105077897	0.1348824695	-0.0167408341	-0.0520364687	-0.1028180808	0.0711879862	0.0325515613	0.0332660123	-0.0479338824	0.0231922388	-0.0262274131	0.0129469824	0.0210935133	-0.0522694113	-0.0183850576	-0.0719960628	0.140407157	-0.0176337876	-0.0900965336	-0.0859652144	0.0325829954	0.0071334037	0.0595852172	-0.0346380781	-0.0605379271	0.0579774516	0.0718745086	-0.0307605328	0.0273135337	-0.0583781604	-0.0476526345	0.0399018052	0.0712638519	0.0015707317	-0.069025124	-0.099950656	-0.0734322509	-0.0023660409974581	0.0006048101454893	5.5981500016525205e-06	3.657953120869091e-07	-0.0365206740410712	0.0300096931997161	0.0013337596324141	0.000900581685941	0.008036138345524	0.0121338681243584	6.457951950840122e-05	0.0001472307556593	0.0003620034539216	-0.0004409996242746	1.31046500651168e-07	1.9448066861033837e-07	7.851010892734323e-06	1.400376501425882e-07	1.9610543457457922e-14	6.163837203783299e-11	-0.0008230014663036	-0.0001029984088065	1.06086722166709e-08	6.773314135378756e-07
257.86975235695246	0.3486393848118609	66496.80918063599	0.1215494206419928	436.0883153958267	0.5670642745628811	190173.0188247701	0.3215618914855266	251.15670706367345	0.6667086469640253	0.4445004199366013	63079.69150306788	270.8816399539515	292.34750761572155	0.943673	21.554047	0.1868962480368047	0.1399657029807808	0.0147678553	-0.0172590237	0.0093442052	0.0378689831	-0.016695427	0.0361657082	-0.0411201583	-0.0543521092	0.0948891036	-0.0886757336	-0.0883324962	0.0884493189	0.1615622857	-0.0084644093	-0.0651449017	-0.0033124086	0.0951638994	0.002715976	-0.0705344213	-0.0170281943	-0.0261573949	0.0333640207	-0.0605471899	-0.0132505746	-0.0273983782	0.0738125596	0.0286678476	0.0233182422	0.032477508	-0.102440832	0.0404812629	-0.0367401702	-0.0606677415	-0.0010662054	0.1016033368	0.1267447532	-0.086703203	-0.1165891206	0.031076779	0.0014079575	0.0692405151	0.0319127514	-0.1266714433	-0.0063838704	0.0955486904	-0.029413154	-0.0120445788	0.037703484	-0.0585272893	0.1250640906	0.0388116227	0.073459847	0.1431974803	0.0147872082	0.0884228513	0.0236027869	0.0160432836	0.0967081464	-0.0821022081	-0.0536284795	0.0212700962	0.0619595743	0.0202149381	-0.0060080532	0.0162202918	0.0256779359	-0.0490308025	0.0540947612	-0.0522672022	0.0713239552	0.1594917729	-0.0264375225	-0.0360188191	-0.0139174437	0.056373041	-0.0762567928	0.0243590535	0.0352540852	0.0827921671	0.0928627517	-0.0594591139	0.0663176677	0.0586345487	-0.0378945081	-0.0638606787	-0.0042928066	-0.0453081394	-0.0711706963	0.0498729417	2.45789e-05	-0.004810967	0.0387674532	0.0217831135	-0.0561462724	0.0462556274	-0.0073050267	0.0690055249	0.1059810097	-0.0716090081	0.0709973174	0.0352231162	0.0237234593	-0.0078347087	-0.0181819362	0.0088794853	0.089338939	0.1417636119	0.0861904252	-0.0999182917	0.0442316312	0.1856106486	0.0749947473	-0.0297605359	-0.0085653273	-0.0801286017	-0.0150739237	0.0187630209	-0.0092100799	-0.0221446192	0.0362532641	0.1147118133	-0.0356951555	-0.0230806613	0.0733370063	0.0441956981	0.0518581804	0.0495342351	-0.0396181322	0.0669540632	-0.0538001457	0.0897575032	0.0598877176	0.0934683657	-0.1344548778	-0.0115046316	0.1218165889	0.0646968808	-0.1403287222	0.0029222356	0.013382415	0.0020744153	-0.0349646034	0.0204182109	0.0268934782	0.0093046357	0.0118998794	-0.0546334232	0.0701531426	-0.0015707317	-0.0723569779	-0.099950656	-0.0678800746	-0.0035073955481834	-0.0011413545507253	1.2301823531416734e-05	1.302690210461352e-06	-0.1767796041606715	-0.1402589301196003	0.0312510284472037	0.0196725674782949	-0.0039972444850704	-0.0120333828305944	1.597796347342573e-05	0.0001448023023476	0.000968978086033	0.0006069746321113	9.389185312121758e-07	3.684182040267693e-07	-5.4398755850559866e-05	-6.224976674329419e-05	3.875033459594535e-09	2.959224638088821e-09	-0.0008229742544406	2.7211863000008336e-08	7.404854879312227e-16	6.772866234720613e-07
258.3201832672467	0.4504309102942443	66729.31708322393	0.2028880049485015	437.626264122095	1.5379487262682687	191516.74704946164	2.3652862846301903	251.08648351053137	-0.0702235531420854	0.0049313474158992	63044.42220168434	270.77729753309035	294.1520922024004	1.034432	23.627028	0.13329617345721	0.1066092550283587	-0.0079344296	0.0423064132	-0.0840733722	0.1327685984	0.0399551576	0.0361957946	-0.0055096771	-0.0759093288	-0.0686216229	-0.1051409474	0.0602199276	-0.0165807515	0.14290096	0.1195839227	0.0684778483	-0.0246738646	-0.0296245139	-0.054011361	-0.0446047484	-0.0244739858	0.0719399423	0.086027582	0.0084153982	0.091900216	-0.0578195795	-0.0169929296	0.1062476971	-0.0695202885	-0.1993074229	0.084050756	-0.0230186658	-0.0132394771	0.0680224399	0.002670789	0.0743225852	0.050552033	0.0104572417	-0.0057359983	-0.044814184	-0.0687556069	-0.05532589	0.0155988365	-0.0629187547	-0.0882427279	0.0104010216	0.0551428016	0.011882416	0.1036284527	0.0051751227	0.0715132045	-0.006408969	0.0139490969	0.0441700774	0.027806172	-0.0036971984	0.0638286613	7.68504e-05	0.1452054257	-0.1040393345	0.0850765152	0.0507519791	-0.0709270658	0.1100801761	-0.0090299992	0.0052989706	0.2299322612	-0.0213483787	0.0396944823	0.0274230224	-0.0136029579	0.1388309948	0.0482362778	0.1037216332	-0.0058967901	0.0853267939	-0.0157335562	-0.0114437804	-0.0442823063	-0.1772631353	-0.0026589717	-0.0311100935	-0.0130676208	0.0933795261	0.1633198116	-0.0255088341	-0.0440692071	0.1228386314	0.0658359458	0.0687528022	0.0350393978	-0.0605994513	0.0038251297	0.00538654	0.0688532786	-0.0341230555	0.0093925672	0.1496123178	0.0832269671	-0.0880936803	0.0339414386	0.0063328324	0.0444285287	-0.0579618911	0.0330126927	-0.0646737186	0.0577256168	0.0042450132	-0.0393947099	-0.0168838646	0.0092230102	0.096532219	0.015925813	0.119823389	0.0427988694	0.004709368	0.0427882211	0.0654981682	0.0042326472	0.0086766754	0.0048568834	-0.0183118555	0.0251667907	-0.0033302543	0.0185236865	-0.1166920112	-0.0117109842	-0.0598758093	-0.0399641628	-0.0351168816	0.0036751492	-0.0182553353	0.01671466	0.0753461621	-0.2020593759	-0.0234431715	-0.1381184309	-0.0805135783	-0.0349126772	0.0924577334	-0.1350552611	0.0721955464	0.008576423	0.0106385602	-0.0482585043	-0.0385686514	0.0345259939	-0.0628268525	0.069025124	-0.0047106451	-0.0755281812	-0.0995561965	-0.0619093949	0.0025272800308187	0.006034675579002	6.387144354174968e-06	3.641730934380432e-05	-0.0693756795550655	0.107403924605606	0.0048129849137271	0.0115356030206866	-0.0008679057715923	0.0031293387134781	7.532604283632256e-07	9.792760783672771e-06	0.0007900320544561	-0.0001789460315768	6.241506470681261e-07	3.2021682217120893e-08	7.516452588851585e-05	0.000129563281739	1.678664397499911e-08	5.64970595204537e-09	-0.0008490296323071	-2.605537786650001e-05	6.788827157660983e-10	7.208513165355293e-07
258.17230285014284	-0.1478804171038632	66652.93795894587	0.0218686177628125	435.9494470532021	-1.6768170688928876	190051.92038599268	2.811715482530535	250.3049985110622	-0.7814849994691713	0.6107188043953307	62652.59227962285	269.8337838258295	294.3156871264968	1.152762	26.329752	0.1823299236328633	0.1511664926725275	-0.0630208859	-0.0048866668	0.1554316433	0.0934208782	-0.0162034696	-0.021596857	0.0970325435	-0.11862658	-0.0909240815	0.0601553661	0.0292895612	-0.1252730404	0.0552971227	0.0303577449	-0.0677419135	0.0911836567	0.1309440117	-0.0712606232	0.106979903	0.164596554	-0.0398978532	-0.1641797228	-0.0521881205	0.1407093486	-0.060335914	0.082260157	-0.0078627167	0.1297815872	0.0596960129	-0.0422117915	0.0620557157	-0.0431679229	-0.0184789998	0.0391472761	0.0076130291	-0.0242291629	0.1739159128	-0.0155126001	0.2596512733	-0.016150225	0.001291586	0.0303167308	-0.0350852306	-0.1295040803	0.0869148181	0.0568319155	-0.082186326	-0.0461991957	0.0556823349	-0.0728301193	-0.1556711762	0.0170815959	0.0497450595	-0.0238235711	-0.1024138	0.0971682419	-0.0151381777	-0.0696811212	0.0405032847	0.107541372	-0.0063701347	-0.066788744	-0.0251079309	-0.0368976519	0.0671778782	0.0070801865	0.0633124368	0.1004150303	0.0095723626	-0.1214907467	0.0488301519	0.0835090203	-0.0086385933	0.0786423922	0.0035895952	-0.0434779553	-0.076182693	0.1780857204	0.0479753392	-0.0327055383	0.1123129639	0.2147781063	0.0975462924	-0.0802680361	0.1398263144	-0.111763183	0.0548704141	0.0949930914	-0.08480417	0.0380416452	-0.0191933133	0.1641944256	0.0368860415	-0.1578594915	-0.0383929676	0.0320239524	0.0123222665	-0.0544856982	-0.0030947522	0.0378544339	-0.0517925212	-0.17397174	0.0941671458	0.0881687574	-0.0700367064	-0.0195336778	-0.0671987595	0.0557414749	0.1025670332	-0.1069596474	0.0493067257	-0.0558159682	0.0032329771	-0.1033338688	-0.0764386096	0.0056521647	0.0381296077	-0.132120822	0.0194835588	0.049606368	0.0256494915	0.0785302465	-0.0411150447	-0.1352703582	-0.0278295012	0.0206520708	0.0576979262	0.1764723279	0.0117607591	-0.0545794104	0.0470493032	0.0090459536	-0.026596953	-0.09535725	-0.0799954841	0.0970123066	-0.2221182643	0.0043038595	0.0313545765	0.0676944606	-0.0197690313	-0.0668083302	-0.0310794514	-0.022037226	-0.0876157326	-0.0144848082	-0.0071862522	0.0678800746	-0.0078459096	-0.0785316931	-0.0987688341	-0.0555570233	4.317837874623365e-05	-0.0024841016520724	1.864372391153201e-09	6.170761017829156e-06	0.0835817139242038	0.1529573934792693	0.0069859029025074	0.023395964219972	0.0018291734293924	0.0026970792009847	3.345875434795153e-06	7.274236216384268e-06	0.0003370275002313	-0.0004530045542247	1.1358753591215893e-07	2.0521312614840973e-07	6.536029818837719e-05	-9.804227700138668e-06	9.612288079616635e-11	4.271968579273582e-09	-0.0008280114282213	2.1018204085799944e-05	4.4176490299233744e-10	6.856029252650771e-07
258.65986678453703	0.4875639343941884	66904.92668499444	0.2377185901219405	435.7035454739346	-0.2459015792675245	189837.57953855695	0.0604675866862626	250.5354537007987	0.2304551897365172	0.0531095944764941	62768.013561065054	270.37793548018846	296.42956062073404	1.102719	25.186741	0.0946627756623502	0.0598948381310912	0.1303255953	-0.0243139094	0.089198428	0.1812353283	-0.0902590965	-0.0834879496	-0.1281873681	-0.1104047872	-0.0784100276	0.0600988203	0.0231123234	-0.1016568757	0.0746043854	0.0305181166	-0.0018905463	0.0688907529	0.0159148634	-0.0578118923	-0.0744171133	0.1061597859	0.028589073	-0.0936554304	-0.0047981087	0.1506769593	-0.0161775257	0.0737122225	-0.0459731932	-0.0506944493	-0.1146412852	-0.0082878535	0.0740800563	-0.0019528652	-0.176867482	-0.0707101584	0.0443093232	-0.0306384561	0.0304069192	0.0087044502	0.0434122317	-0.0721201667	0.048872026	0.0840857739	0.0191417966	0.0600867481	0.0056853927	-0.0653739567	0.0869979547	-0.2394440008	0.014027343	0.037854803	0.0641763659	-0.0547924441	0.0330934616	0.0878870219	0.1719325328	-0.0984692559	0.1296053385	0.0134390103	-0.0137892003	0.0500739021	-0.1206179255	0.0793636521	-0.0940096254	-0.0736032917	-0.006777757	0.0606886721	-0.0111860631	0.1123215697	0.077901496	-0.10599178	0.0766036709	-0.0713176813	0.0806177936	-0.0156260148	-0.0037072919	-0.1186468519	-0.1310540597	0.0572545941	-0.0041283919	0.0500161244	0.063712993	-0.0837251736	0.0590553729	-0.1133071587	0.0604434001	-0.0024244501	0.1156041183	0.0112376325	0.0124967466	-0.0155069236	-0.1170291478	0.1658244618	0.0427163111	-0.0072178813	0.0841781431	-0.074943513	0.0860773471	-0.0237197235	0.0140008599	-0.1639560501	-0.0814875357	0.1125816686	0.1638071168	-0.0922727987	-0.0285318741	-0.0921623945	0.0925937887	0.0618359995	-0.010496174	-0.0819398124	-0.0646802736	-0.0175749186	0.0093660781	0.0214750345	-0.0181350433	-0.1007553955	0.1029009672	-0.0004179157	-0.1002909132	-0.1768555729	0.0754778267	-0.1876884565	0.0967526561	-0.1160992925	-0.0553883076	0.1562311082	0.0467852067	0.058211718	0.1326524941	-0.0308478705	-0.0251548071	0.0633755844	-0.0287788519	-0.1222649727	-0.0018951892	-0.1184234594	-0.0319052004	-0.1052797828	0.1481317619	0.1453730805	-0.0455032892	-0.0870537041	0.1027132812	-0.0120497844	0.03854762	-0.1237839395	0.1114551927	0.0667182767	-0.0109734311	-0.081360845	-0.0975916762	-0.0488621241	0.0008041899739339	0.0007610115951876	6.467215141758067e-07	5.791386480100765e-07	0.0697315447932425	-0.0138501691309612	0.0048624883392519	0.0001918271849562	-0.0346068013565172	-0.0364359747859096	0.0011976307001294	0.0013275802585994	0.0011260059880699	0.0007889784878386	1.2678894851692715e-06	6.224870542720838e-07	7.01945628134304e-06	-5.834084190703415e-05	3.403653834421551e-09	4.9272766485686265e-11	-0.0008530045014815	-2.4993073260199945e-05	6.246537109897215e-10	7.276166795477023e-07
258.93161028684545	0.2717435023084249	67045.57880573881	0.0738445310468489	434.7162181339907	-0.9873273399438744	188978.19030871935	0.974815276200647	250.9185914632993	0.3831377625005814	0.1467945450539519	62960.139541926095	270.2687628994394	294.782039972452	1.149124	26.246662	0.0668781715699903	0.0368267670562424	-0.0823610389	0.0776815997	0.1626156254	0.153142337	0.0624258248	-0.1268284898	0.0587858329	-0.1899108314	-0.1224388188	0.0855953036	0.0954142738	-0.114410328	0.0654835207	-0.0836587703	0.0769132409	0.1228814408	-0.0435936406	-0.078772569	0.0021480492	0.059484363	0.1027480284	-0.031276936	0.0550303053	0.0708156955	0.1468661803	-0.0420792712	-0.132502817	0.079381624	-0.0215387305	-0.0027785049	0.1358045326	-0.0044570033	-0.0467917372	-0.097659651	0.0527190268	-0.0765837303	-0.0239457556	0.1336036798	-0.0482130541	0.0153177672	0.0173788996	-0.0123548162	0.0391105457	0.0552038567	0.0235267925	-0.0393198072	0.0964232019	0.0950789239	0.1557821215	0.0927971533	0.0263229312	0.0446076405	-0.0304153729	0.0332203572	-0.0212265775	-0.0019973849	-0.0451753265	0.0509657313	0.0293458689	-0.0734090352	0.0253043778	-0.0250777476	-0.034346522	-0.00808302	0.0427740587	-0.1016358045	0.0061794259	0.0277449733	0.0530824238	-0.1214922219	0.0586843704	0.0952033172	-0.0267477679	-0.0636401589	-0.1452758687	0.0499429349	-0.1948928636	0.0174724933	-0.0841664135	-0.0221760685	0.0516547496	-0.0007315639	-0.0742139271	0.0119714166	0.066858947	-0.0172557301	-0.0916676743	-0.0688927553	-0.0086200723	-0.0253734574	0.0115462018	0.0979974675	-0.016711493	-0.0681057957	0.0971524786	-0.0653548673	-0.017272388	-0.0634587465	0.0018867988	0.0138674924	-0.1384653878	0.1352477761	-0.1135981425	-0.0331843233	-0.0183863317	0.0483262837	-0.0064556826	-0.0547116441	0.0497602812	-0.1170578038	-0.0488507651	0.1266675328	-0.0166332313	0.0710860982	-0.1103603535	0.0192904183	0.004233592	0.0030419201	0.0198429898	-0.0049872314	0.0052035921	-0.0086419597	-0.0041980471	-0.1409899356	0.0126040401	0.1303349177	-0.0585583304	0.1396800288	-0.075056268	0.0546007981	0.0842170063	0.0234463229	-0.0844107724	-0.0694653445	0.0147179835	0.0052612084	-0.1333243849	0.0550015968	0.0487321417	-0.0560093294	-0.0489518437	0.0298442588	0.1268848219	0.047747479	0.10012141	-0.0202446141	-0.0244124727	0.0655400171	-0.0140901232	-0.0840093554	-0.0960293686	-0.0418659738	0.0073018654240257	0.0064976754500918	5.331723867058202e-05	4.221978625472568e-05	0.1022725677718199	0.0325410229785773	0.0104596781186414	0.0010589181764923	-0.0321530095802629	0.0024537917762542	0.0010338160250684	6.021094081213202e-06	0.0007520032789918	-0.000374002709078	5.655089316144191e-07	1.398780263977579e-07	7.729282346380373e-06	7.098260650373325e-07	5.038530426063834e-13	5.974180559006728e-11	-0.0007200034093233	0.0001330010921582	1.7689290515274014e-08	5.184049094371754e-07
258.5066451765371	-0.4249651103083351	66825.68560042806	0.1805953449793755	435.8271476016955	1.110929467704807	189945.30258663007	1.2341642822148855	251.0940351978852	0.1754437345859116	0.0307805040054518	63048.214511956816	270.8186024109314	297.62617806092805	1.105187	25.243105	0.11621479290238	0.103273782325296	0.0569046864	-0.0590617768	0.1365567622	0.1674917862	-0.0804076337	-0.0575308036	-0.0596917172	-0.1884733874	0.0245828137	0.0890292617	-0.0913822064	-0.0221291944	0.0390150016	-0.1244125595	0.0712278414	-0.0017428113	0.0522711689	-0.0609019514	0.0633337095	0.0573666306	-0.0218549081	0.063100318	-0.0243768903	0.0121067582	-0.0446111819	0.007488122	-0.0034914301	0.002505414	-0.0233676956	-0.060435794	-0.0348350221	-0.1723463448	0.0377982832	-0.060625331	0.0571893848	0.0320460923	-0.0770046632	-0.0492632705	-0.118235542	-0.0130867325	-0.0909755913	-0.1235190527	0.0201936273	0.0300818996	-0.0396564072	0.1892711423	-0.0165402923	0.0965549119	0.0777953351	-0.0010829477	-0.0252383845	0.0195724762	-0.0417162426	-0.15941174	0.1032997786	0.0216937889	0.0322924819	-0.0482869367	-0.0447088757	0.1489137005	0.107269922	-0.0226869211	-0.047256359	0.0318537769	0.166672006	-0.1411482086	-0.0830641411	-0.0927505868	-0.0119210331	-0.0340524621	0.053581676	-0.087428009	-0.0310715364	0.0181959145	-0.186561503	-0.0507584902	0.0473346468	0.1114552586	0.0441735231	-0.0326839141	0.0487359412	-0.0091205464	-0.0153114326	-0.0283515823	0.0031181967	-0.002637416	0.0140842692	-0.0818388841	0.0948788941	-0.0747276355	0.086368637	0.0311949495	-0.0260305626	-0.0861377932	-0.0215851358	0.0277465006	0.0564292854	-0.0315180562	-0.0114582806	0.024118218	-0.0933391168	0.0077451125	0.037213345	0.0162146085	0.0223490316	0.0395937436	0.0132756293	-0.1359294705	-0.008344221	0.2106061015	0.0170754904	-0.0503170431	0.1003454782	0.0768228571	0.1069606635	0.0103174986	-0.0747359966	0.0635351181	0.0454508184	0.1328583705	0.1244241772	0.0743898983	-0.0707692235	-0.065244168	0.0421895586	0.1557031304	0.0347548642	0.074163183	-0.0798538787	0.0886586594	-0.1242005862	-0.0100323146	-0.0319052614	-0.0486506608	0.0272723481	0.0760417155	0.0667552522	-0.156424782	-0.0378765329	0.0861276067	0.0249771615	-0.073634471	-0.0342635755	-0.0513661764	0.0167536999	-0.05035217	-0.0482708658	0.0643455865	-0.01719291	-0.0864713441	-0.0940880769	-0.0346117057	0.0053426918778569	-0.0019591735461688	2.854435650171809e-05	3.838360984007631e-06	-0.0003745930733032	-0.1026471608451231	1.4031997056673656e-07	0.0105364396295645	-0.0366594288495605	-0.0045064192692975	0.0013439137235759	2.030781463069668e-05	0.0007039722505448	-4.803102844699999e-05	4.955769295371107e-07	2.306979693676522e-09	-7.725024367633004e-05	-8.497952602271042e-05	7.221519843044517e-09	5.96760014805237e-09	-0.0007109731789572	9.030230366099934e-06	8.154506046483334e-11	5.054828611965067e-07
258.1936489564809	-0.3129962200562204	66663.9603614625	0.0979666337694819	437.2252787472157	1.3981311455202103	191165.9443755805	1.954770700073656	251.27683895261083	0.1828037547256258	0.0334172127417867	63140.04979401632	270.8126740265115	293.93161577015576	1.047032	23.914827	0.1082839679646399	0.0856355275394811	-0.04648644	0.0774315237	0.0359361671	0.1204628816	0.1008871288	-0.0105179971	-0.0218706908	-0.1134738432	0.0800563245	-0.0349110215	-0.0360604044	0.0237751053	0.0864783647	-0.037530108	0.0629144544	-0.0242088519	0.0769808359	0.0004742134	0.0304462971	-0.0429390048	-0.0286256049	0.0597822634	0.0271612105	-0.0477869811	0.0674613858	-0.149016831	-0.0258653111	0.1194432246	0.1060920279	0.0353496036	0.137825702	0.0386940785	0.0840298012	0.0208854709	-0.0770962782	-0.069512117	-0.1281264704	0.1569263316	0.0249821778	0.0578620363	-0.1111900336	-0.090975584	-0.076158946	0.0314512178	0.0273655551	-0.0490333658	0.038103591	0.0864816468	-0.0423441458	-0.0630199387	0.0151969556	-0.0387498266	0.0254386489	0.0308264129	-0.026192769	-0.017932937	-0.0131869742	0.0188041585	-0.0481970389	-0.0202330898	0.0244602006	-0.0269392466	-0.077838403	-0.093962543	-0.0685013418	-0.0178165997	-0.1448293869	0.0215883368	0.001522839	0.0236963356	0.085923487	0.0984068362	-0.0286114476	-0.0525205904	-0.0860382871	-0.0389713818	0.070369654	-0.0715485675	0.0121186229	-0.0064310732	-0.0222927348	-0.0245613305	-0.1259860606	0.1220463004	0.0800174752	0.0801017381	-0.1125259072	-0.0009301504	0.0113827956	-0.1731347016	0.0660247048	-0.0189542414	-0.0967424448	-0.0948085192	0.0375553281	-0.0637551512	-0.2055485707	0.0457227203	-0.0760460605	0.0335085662	-0.013136422	-0.0282806188	-0.0338158575	0.0356900261	-0.0350492442	0.1283201362	-0.0581423788	-0.0104450563	0.0173850373	-0.0330412201	-0.0678296294	0.0413454593	0.0179337725	0.0784594122	0.0289714044	-0.0154682082	0.098210997	-0.0876477892	-0.0973626974	-0.0588987984	0.0215102737	-0.0787377129	0.0327912931	0.0191488531	0.0145154042	0.1336293798	0.0678164501	-0.0607451737	-0.0739786522	0.0575330696	0.0045516712	0.0472699226	-0.0231187703	-0.0769832454	-0.0953934243	-0.0369323138	-0.0001852261	0.1300534975	-0.2049331261	0.0551022957	-0.0161612971	-0.0464436115	-0.019872467	-0.0127347558	0.0790094045	-0.0409574614	0.0170948473	0.0631352795	-0.0202787295	-0.0887413447	-0.0917754626	-0.027144045	0.0055665023968316	0.0002238105189746	3.098594893393194e-05	5.009114840372439e-08	-0.0867536002176905	-0.0863790071443873	0.0075261871507308	0.0074613328752501	-0.0296017799059669	0.0070576489435935	0.0008762653736013	4.981040861100784e-05	0.000919976298535	0.0002160040479901	8.463563898661594e-07	4.6657748748152596e-08	-7.5792474214742e-05	1.4577694615880432e-06	2.125091803138693e-12	5.7444991475923315e-09	-0.0006359649692553	7.500820970190005e-05	5.626231522684213e-09	4.044514421198946e-07
257.66919434617165	-0.5244546103092489	66393.41371500518	0.2750526382746261	434.82483759890783	-2.400441148307891	189072.63939291655	5.762117706489707	250.7419628269781	-0.534876125632735	0.2860924697718853	62871.53192232567	270.54972067516167	293.64049109460484	1.070733	24.456161	0.0799302747266562	0.0447943207060411	-0.0046005307	-0.1322754942	0.011249089	0.042444342	-0.0832851535	0.063554232	0.0439212786	-0.0994514916	-0.0039434147	-0.1167912781	-0.1219705273	-0.0056816344	0.1016790719	0.0012559241	-0.0232327368	-0.0398161217	-0.0415023566	-0.0588985218	0.012257292	-0.0179201052	-0.0048367418	0.0720739345	0.0011986175	-0.1670196785	0.0592063608	-0.0178690177	-0.035528885	0.1148388083	-0.0237473627	-0.1102825858	-0.0711060152	0.0493767048	-0.0724155488	-0.0446900976	-0.0102415891	0.0003629626	-0.0714855807	-0.0093388605	-0.1078843801	0.0786624462	-0.0241590532	-0.0061622903	0.0012425672	-0.041810364	0.0135502624	0.0032542805	-0.0784092739	-0.0554484457	-0.0928788339	-0.0991739322	0.1636100742	-0.0897612295	0.0956661603	-0.0568398915	0.0049993473	0.194779945	-0.0745987613	0.0546638743	0.002223881	-0.038853188	-0.009509835	-0.0523841862	-0.0377454778	0.0220594366	-0.0255242053	-0.0946767834	-0.0490970469	-0.0275392682	-0.0802284733	-0.0125917106	0.107171762	-0.05296595	-0.0040611385	0.087417561	1.6291e-06	0.0556170885	0.0886305796	0.0752920777	0.0238835605	-0.0053165868	-0.0674597779	0.0990452871	0.0290530509	0.014183253	-0.1332841622	0.0671856592	-0.1634615546	-0.0510614649	0.0071147218	0.0844989605	0.0670774936	0.0053986606	-0.0929600661	0.117855759	0.08654353	0.0246246205	-0.0123419728	-0.0011775333	0.0283806672	0.0022088402	-0.0281079938	0.0342567336	0.0017543128	-0.1259980421	-0.0518704685	0.187031874	-0.1296300403	0.0413357778	-0.0549907182	0.0719642262	-0.031790962	-0.0427473329	-0.0450580122	0.1074746804	-0.0276092044	0.1220858296	-0.0729863504	-0.1393685351	0.0746320373	-0.0734460836	0.0297786793	0.0144162651	0.0043967382	0.0044112853	-0.0261613963	0.057126467	-0.1084749485	-0.0562277926	-0.0391990047	-0.0240615008	-0.0434885034	0.0567224164	0.0537955059	0.042191477	-0.0250466966	0.1459135111	-0.0024427769	-0.2721836915	-0.068739187	0.0160121301	0.0970796192	-0.0520382174	-0.0453175917	-0.0866407711	0.0550463136	0.0363479234	-0.033564747	0.0619093949	-0.0233445364	-0.0908143174	-0.0891006524	-0.0195090322	0.0090214280746891	0.0034549256778575	8.138616450678868e-05	1.1936511439519108e-05	-0.0499431757090462	0.0368104245086443	0.0024943207999046	0.0013550073525066	-0.0154385709145543	0.0141632089914126	0.0002383494718837	0.0002005964889344	0.001223034588845	0.0003030582903099	1.495813605511258e-06	9.18443273256202e-08	9.6089685895695e-05	0.0001718821601104	2.95434769642299e-08	9.233227735533329e-09	-0.0006710588298097	-3.509386055440002e-05	1.2315790486116736e-09	4.503199530655639e-07
257.6661956543955	-0.0029986917761561	66391.86838300922	8.99215236838678e-06	435.1848660372616	0.3600284383537655	189385.86762786933	0.1296204764234511	251.0726330579936	0.3306702310155174	0.1093428016798556	63037.46707067391	270.4572606335649	289.28799634050034	1.181181	26.978863	0.1384326765285266	0.0917574558613649	0.0318249949	0.1611407338	-0.0239203521	0.0025856523	0.0652813871	-0.0615907888	-0.0267419472	-0.0043835734	0.1547834089	-0.0729393484	0.0493965002	0.0721616627	0.069566818	0.002573011	-0.0153958452	-0.0722033889	0.0595730738	-0.0857899413	-0.0194735582	0.0698529541	0.0372195587	-0.0043180819	0.0435858407	0.0695433906	0.0064933963	-0.1329680461	-0.0587386541	0.0411105144	-0.032053394	0.0381782248	-0.0538019803	-4.28129e-05	-0.0139047823	0.0129705658	-0.1057919454	-0.0259603652	-0.0434282783	0.1134379808	0.0412155611	0.0695659566	-0.0352711598	0.030124281	-0.0612585901	-0.1027768219	0.1244960786	0.004973489	0.1156161864	0.0030426126	-0.0546873219	0.1641112616	-0.1138588499	-0.1326228638	-0.0337182303	-0.0232338315	-0.0167828594	0.0056583587	0.0170804742	0.1006196745	0.1405316101	0.0068124221	0.0146188831	0.0630987199	0.0741976049	0.1492540821	0.1124521845	0.0534562195	-0.0045701415	-0.0329817388	-0.1158159116	0.05830237	0.076423682	0.0245216715	-0.0635842026	-0.1274166368	0.0723833763	-0.0586935957	0.0246657335	0.0163457843	-0.1438876167	-0.0748008683	0.066467084	0.0309293572	0.0187224039	0.1401949	0.09294277	0.0154664605	-0.0097451208	0.0698302321	0.0257104902	0.0014540837	0.0040290528	-0.0398659637	-0.015621384	-0.039386922	-0.0349237569	0.0273248417	-0.1546395241	-0.0364121563	-0.0153523544	0.0083820471	-0.1216849372	-0.0089799707	0.0694273322	-0.0455844853	-0.1488762408	0.0884530113	0.1388439213	0.0150978209	0.0037704265	-0.1232561606	-0.0254069973	0.0716749941	0.0444107181	-0.0221356992	0.1464860966	-0.0478534138	-0.1183200866	-0.0219864825	-0.0299683757	0.1672969392	0.0983864846	-0.0293217985	-0.0909816935	0.0504122841	0.0580205656	-0.0150661696	-0.0264234991	-0.0234174753	-0.1080698098	0.0055567876	0.0288131777	-0.1039352043	0.1146336821	-0.1323755587	-0.0361186521	-0.1508297602	-0.0199391527	0.0531910957	-0.073596323	-0.0472947364	0.0531638447	-0.0895276385	-0.0223636187	-0.0261466979	0.0888383063	0.0984593599	-0.1024832522	0.0606682351	-0.026387305	-0.0926856596	-0.0860742027	-0.0117537397	0.0097177397835963	0.0006963117089072	9.443446650169027e-05	4.848499959612654e-07	-0.1338161382759892	-0.083872962566943	0.0179067588630986	0.0070346738497558	0.0148250552079076	0.0302636261224619	0.0002197822619175	0.0009158870660801	0.001056983085727	-0.0001660515031179	1.1172132435129703e-06	2.757310168774713e-08	-4.993920924789563e-05	-0.0001460288951435	2.1324438216857792e-08	2.4939246203051046e-09	-0.0008309739541524	-0.0001599151243427	2.5572846993541216e-08	6.905177124796751e-07
257.9126954923309	0.2464998379354028	66518.9584961198	0.0607621701021798	436.754582297936	1.5697162606743973	190754.5651582445	2.464009139025612	250.85529116216583	-0.2173418958277864	0.0472374996820163	62928.37710405499	270.6776445911104	293.51343749714755	1.283973	29.3267	0.1534633140777716	0.1332533263102247	-0.0686050245	-0.11090975	-0.0004787298	0.0030302663	-0.0328440121	0.1320238206	0.0507199779	-0.0276583504	-0.0665690695	-0.0867833525	0.0420598089	-0.0345825745	0.0606610914	0.0748685332	0.0577748633	-0.0382186261	0.0682224378	0.0017822879	-0.0091847196	0.0220158548	-0.1018244828	0.0676615389	0.002002767	-0.046988077	0.1540015512	-0.0898257994	0.0654240427	-0.0511546586	0.0556706751	0.0845841754	-0.0727149631	-0.0636470263	0.0116638673	0.057532456	0.1088097215	0.1223882016	0.0649819459	-0.0118187547	0.076026256	-0.0443749628	0.0680826513	0.0797737573	-0.0196972174	0.0314764808	-0.239415566	-0.0910409774	-0.0145656609	-0.017016925	0.1190972552	0.0100740717	-0.0044133172	-0.1059313171	-0.1344772816	0.0963030543	-0.0520805488	-0.0257854165	0.007934459	0.0118969244	0.0258451704	0.154505679	0.1089516463	0.0426679543	0.0562278164	0.0270154768	-0.0471968727	-0.0294013624	0.0288743043	0.021502812	-0.0179120559	-0.025635115	0.0615686671	0.0550940977	0.09704212	0.1371434522	-0.0013688116	-0.0331045741	0.0857426847	-0.0437955857	0.0497910768	0.0196910287	0.0224725776	0.1205567178	0.0306939072	-0.0603912084	0.052087767	0.0037916041	-0.0778168748	0.0101565817	-0.0317268589	-0.0079783061	0.1830323327	-0.0631603358	0.0623915559	0.1140584644	-0.0923705774	0.0301597999	0.1201212008	0.0359551021	-0.0057065355	-0.0443202822	-0.003266829	0.0049552895	-0.0629201978	0.0970196987	0.0613327647	0.0190059014	0.1013681578	0.0330367361	0.2167924154	-0.169678179	-0.0886885438	-0.0078651031	-0.0924063688	0.0905487246	0.0646704223	-0.0388579962	0.0022225803	0.2004566042	-0.0385846697	0.0221672684	-0.0569926503	0.0729607568	-0.0165828716	-0.0225085559	-0.1350159594	0.0161976566	0.02674008	-0.0441848392	0.0408506277	-0.0386059306	-0.0017960081	0.0680751657	0.0554410123	0.1162906435	-0.1591493077	0.0670762799	-0.0569295846	-0.0625418357	-0.0769688083	0.0705165556	-0.1038854439	-0.0400367427	0.0264391214	-0.0861977748	0.0114008854	0.0478677847	-0.0906124835	0.0594121063	-0.0294040325	-0.0943512164	-0.0827080574	-0.0039259816	0.0121454785744674	0.0024277387908711	0.0001475126498028	5.893915636700271e-06	-0.0031156266096701	0.1307005116663191	9.7071291708844e-06	0.0170826237498376	0.0148603242300637	3.526902215610084e-05	0.0002208292362226	1.2439039238475319e-09	0.0012949961451759	0.0002380130594489	1.6770150160204406e-06	5.665021646822562e-08	-2.3946152554188416e-05	2.5993056693707217e-05	6.756389962822774e-10	5.734182221484643e-10	-0.0006889841783265	0.0001419897758259	2.016109643908936e-08	4.746991979842423e-07
257.3622269414885	-0.5504685508424245	66235.31585628222	0.3030156254665589	433.58255497793135	-3.172027320004645	187993.8319811909	10.06175731885585	251.13600298985207	0.2807118276862468	0.0787991302029531	63069.29199771899	270.53582314674554	289.7343428575856	1.321958	30.194283	0.0781646611910672	0.0503631775466009	0.08511257	0.1286889391	0.0420805962	-0.0419447707	0.022731787	-0.1482182582	0.000454087	0.0095881416	0.1031069645	-0.0680661937	0.0439383347	-0.0173297446	0.0808795444	-0.1759730448	0.0367744506	-0.0612195998	-0.0447295147	0.0720488762	-0.0478039129	-0.0568983031	0.0036704439	0.0474649156	0.041290134	-0.0346138996	-0.1252269124	-0.1072268908	-0.0140245715	0.045597999	-0.0407251673	0.1738267925	-0.0781165485	0.0507508046	0.0107983941	0.012864883	-0.0128212304	0.1000969906	0.1813346229	-0.0730107764	-0.0478106512	0.012419395	-0.0737193192	-0.0883522517	-0.0040523461	-0.1032411566	-0.0125825951	-0.1552652135	-0.1091195477	0.0565681733	0.0208639028	-0.0110476094	0.0025871271	0.0068933755	0.0362013106	-0.0360251872	0.0672496046	0.0599316185	-0.0782174154	0.1166169818	0.1132272835	-0.0768490906	-0.0764152031	-0.1062071831	0.0002810144	-0.0790257778	-0.086365224	-0.0724361846	0.1076857064	0.0445585695	0.0267203566	-0.0351281154	0.0684023712	-0.0703062453	-0.1148317096	-0.1565967961	-0.0375696785	0.0233219481	0.0446837636	-0.1588330277	-0.0595342043	-0.0853073699	-0.0387615833	-0.0296888312	0.1092257566	0.0650298973	-0.0719645843	0.0369895371	0.0400501985	0.1628913901	0.0384993806	0.075025656	0.0168532068	-0.0386054914	-0.0655810179	0.0477378126	-0.1369744691	-0.0527060469	0.0127193324	0.0814808621	0.060806804	-0.0491368881	-0.0587269113	-0.0567156876	-0.0455347928	0.0617703316	-0.0177768396	0.0001588809	-0.0816662083	-0.020770996	-0.0249051692	-0.0080669267	-0.0044353824	-0.0592026625	-0.0776231359	0.0562537443	-0.0392673512	0.0041983182	-0.190311573	0.0602032602	0.1163511496	-0.0357984563	-0.0023479473	-0.0688371956	0.0073434741	-0.0231290172	0.1210245509	-0.00046183	-0.102946169	-0.097180881	-0.037913299	-0.0239138186	0.0094856235	-0.0760757871	0.0966018928	-0.0178050665	-0.0985156422	-0.1360912544	0.0073453505	-0.0100179634	0.0131205234	0.0548835381	-0.075501191	0.00489587	-0.0125776009	-0.0504604161	0.1024100013	-0.0133351728	0.0123169443	0.0581413184	-0.0323917418	-0.0958072899	-0.0790155012	0.0039259816	0.0087905689649403	-0.0033549096095271	7.727410272737158e-05	1.125541848809728e-05	-0.0528272273563459	-0.0497116007466758	0.002790715950159	0.0024712432487968	0.0148142217210249	-4.610250903879995e-05	0.0002194611651996	2.125441339672631e-09	0.0015784508756004	0.0002834547304245	2.4915071666836697e-06	8.034658420002598e-08	-0.0001391252837634	-0.0001151791312092	1.3266232266108777e-08	1.9355844582246568e-08	-0.0007913912832093	-0.0001024071048828	1.0487215130476809e-08	6.263001631396625e-07
257.477227445861	0.1150005043725173	66294.52265320763	0.0132251160059333	437.20981394307	3.627258965138651	191152.4214081339	13.157007600178718	250.80486047019755	-0.3311425196545201	0.1096553683231442	62903.078035475264	270.52118459697647	290.7865569484458	1.365636	31.191919	0.070846442331476	0.0378197403771579	-0.1091195432	-0.0647534077	-0.0383545701	-0.0419379939	0.02721227	0.1094307106	0.0880679245	-0.0385755335	-0.0458292209	-0.0335881787	0.0341734221	-0.0067824842	0.0211530696	0.0426202656	0.0513531983	-0.0735163199	0.023540077	-0.0133606612	0.1322996766	-0.0487214184	0.0211744174	0.1629914741	0.1064904729	-0.0124690088	-0.0065067595	0.0277985383	-0.0135958624	0.0080295948	-0.059912964	-0.0714682435	0.0998959384	0.0090008429	-0.030021797	-0.0036887007	0.0199295448	0.0143447496	0.0723981221	-0.0609039731	0.0905419826	-0.0018008884	-0.0048912239	-0.066609855	0.1311487798	0.0246925562	-0.1012371874	-0.0989424898	-0.0986735455	0.0394873889	0.0388439621	0.0533945352	-0.0571939681	-0.0358134283	-0.0243860861	-0.0670557587	-0.0158692347	0.0085746696	0.0262859482	-0.1635804901	-0.0755245407	0.0100002424	-0.0108713582	0.1572441168	-0.0996211795	0.0321125515	0.0664421578	-0.0025263241	0.1048815329	-0.064831956	-0.1435365819	0.0016482555	0.0254149394	0.086332875	0.0515389705	0.1006024602	-0.0518643149	0.0623550753	0.1428383055	0.0124330709	-0.0052088128	-0.132295595	0.0576524271	0.1422339698	-0.0347145605	-0.0451046767	-0.099903835	-0.121433534	-0.0812052356	-0.0665305944	0.0710917654	-0.0424029056	-0.0307516686	0.0267807042	-0.0046628196	-0.0024919384	0.0567692581	-0.0111460632	0.0395099101	-0.0240820272	-0.0301619204	-0.0124608317	-0.0292634476	-0.0166812631	0.0924070602	0.090417885	0.1340578187	-0.0431837814	-0.0034941586	-0.0787586627	0.0116539953	-0.0200651825	0.0319027584	-0.159926998	-0.1019858928	0.0939405701	-0.0395251459	-0.1065868016	-0.0263153185	0.0904972927	-0.0872445809	0.0372066485	-0.0496520299	-0.0649091628	-0.0016217996	0.0075724447	-0.1390902472	-0.0659446186	0.0107244154	0.04092829	-0.1002790302	-0.0884160328	-0.0533563043	-0.0033009912	0.0250906339	0.1170058659	-0.0980372526	0.1080475456	-0.076345119	0.026113688	0.0602215528	0.0720097218	0.1273094133	-0.1701146351	-0.0524030187	-0.1275839994	0.0291522576	0.1236938874	-0.1327877438	0.0568561851	-0.0353474844	-0.0970506473	-0.075011107	0.0117537397	0.0059322605705318	-0.0028583083944085	3.5191715476686275e-05	8.169926877546099e-06	-0.0426828254058051	0.0101444019505408	0.0018218235846224	0.0001029088909341	0.0303971940980289	0.015582972377004	0.0009239894090332	0.0002428290281024	0.0010080061707263	-0.0005704447048741	1.0160764402222985e-06	3.254071613188992e-07	4.034432015354028e-06	0.0001431597157787	2.0494704221853636e-08	1.6276641686513564e-11	-0.0009230020547469	-0.0001316107715375	1.7321395184722335e-08	8.519327930669994e-07
257.4385490105113	-0.0386784353497091	66274.60651663742	0.0014960213611016	431.8965952369604	-5.313218706109581	186534.66897727884	28.230293018952764	250.0256535979354	-0.779206872262165	0.607163349780586	62512.82745707478	269.5079959659126	290.54389621075944	1.438337	32.852455	0.1445964980693089	0.115432236197523	0.1631691211	0.0588364921	0.1080345542	-0.0235804368	-0.0953757669	-0.1605386219	-0.0689360384	0.0295942274	0.0368966631	-0.0158136411	0.038894923	-0.1201189	0.0035448961	-0.044691053	-0.1155183316	0.0624211111	-0.012790009	-0.0462182224	-0.0478625209	0.0899733743	-0.010287457	0.0201880782	-0.0832570243	0.0061369284	0.1466724516	0.0877428491	0.0465211001	-0.0023312754	0.0615963071	-0.0258445102	0.0304858999	-0.0297508801	-0.0642206891	0.0306869484	-0.0218388201	0.0799696194	-0.1076218056	-0.1155172237	-0.0574806747	-0.0465196327	-0.0448232281	-0.0366174989	0.0036686742	-0.0008818668	-0.0222250613	-0.0240498002	0.072064581	-0.0271983843	-0.0076702961	-0.0115274437	0.0036324687	-0.0652149987	-0.0449668584	-0.0145012249	0.0810046946	-0.0613980323	0.116141264	-0.0300214955	0.0044251435	0.0644394706	-0.0672438818	0.0887105147	0.0637496341	0.0479900126	-0.0827691692	0.0202425902	-0.0854785026	0.0870292448	-0.1322476633	-0.1333711639	-0.0045332181	-0.0975046856	-0.0450717185	-0.0418109778	0.0841712712	-0.0887300643	-0.0845645501	-0.0042422857	0.0543223605	-0.0133594551	0.0169682407	-0.0995413844	0.0159285372	-0.0428987226	0.0671341855	0.1171488153	-0.0871119706	-0.1409414659	-0.0577294423	0.0342504518	-0.0371857549	0.0637715478	0.0527046891	-0.0132376733	0.0451814963	-0.088105103	0.081716494	0.1407335993	0.0047829125	0.017703308	0.0646992625	-0.0068417641	0.073102944	-0.008027909	-0.1169817857	-0.0798016043	0.0876729839	-0.0095561897	-0.0222204292	0.0439776389	0.0252369218	-0.044100643	-0.035114122	-0.0181036745	0.0998477391	-0.0669243274	0.0700624737	0.0180942664	0.0331732062	-0.0534800456	0.0355739116	0.0370234126	-0.0023377845	-0.1260621115	0.0812731053	0.0358322624	0.0434074573	-0.0248180464	0.1275984605	-0.0356817399	-0.0235650697	-0.039828199	-0.0021994955	0.0046935349	-0.0597755486	-0.1992436621	0.0358293555	-0.0341983701	0.0512469	0.0561151601	-0.1432353895	-0.0780870351	-0.0544402606	0.0555376056	0.0757085486	0.0104678098	0.0202880096	0.0555570233	-0.0382683432	-0.098078528	-0.0707106781	0.0195090322	0.0107284276825936	0.0047961671120618	0.0001150991605406	2.300321896682323e-05	0.0690375461463759	0.111720371552181	0.0047661827779129	0.0124814414197573	0.0171601248423058	-0.0132370692557231	0.0002944698846035	0.0001752200024808	0.001246003526843	0.0002379973561167	1.5525247889051948e-06	5.664274151853938e-08	8.891513104014592e-06	4.857081088660564e-06	2.3591236701824088e-11	7.905900527886321e-11	-0.0009770054205284	-5.400336578150009e-05	2.916363515730495e-09	9.545395917418758e-07
258.1781212461205	0.7395722356092165	66655.94229017649	0.5469670916840144	435.6807719027058	3.784176665745406	189817.7350057376	14.319993037572017	250.64890864893576	0.6232550510003705	0.3884468585974744	62824.87540690255	270.1584836660025	293.0187252523856	1.415531	32.331543	0.2221508469733653	0.1724709061247005	-0.1442398647	-0.0214298792	-0.0197215323	0.0305966863	0.0855296082	0.0519307057	0.1100911302	-0.0301658945	-0.0372768527	-0.014607819	0.0990708493	0.0413764235	-0.0121277455	0.0878372159	-0.00656237	-0.0083360442	-0.0026952124	-0.0422603129	-0.0093131973	-0.0551867809	0.1036073555	0.0125754978	0.1560681547	0.0641456714	0.0961659815	0.1451807499	-0.0840582931	0.1322371186	0.1257718957	-0.0155192887	-0.0711170514	0.0037502014	0.0646484752	-0.0083033657	-0.1223239797	0.043966897	-0.0088290893	0.0199606596	0.0065300431	-0.0001135885	-0.0148054528	-0.0825195848	0.1449587971	0.0779801553	0.0035620942	0.0564795638	0.0217798423	-0.0110434296	-0.1229039419	-0.0918189881	0.1402172922	0.0496624002	0.0070366389	0.0413177148	0.0219725557	-0.016433963	0.0209949674	0.0958429454	-0.061744629	0.0899827432	-0.0630503971	0.0182286651	-0.0597138575	0.0623456966	0.0107109867	-0.0071057229	-0.0484813612	-0.0247682738	0.0485458197	0.0483683114	-0.0049239896	0.1346387279	0.0154503182	0.0441569344	0.042657523	0.0612163211	-0.0661068312	-0.0063047872	-0.1283176767	-0.0251725015	-0.0181151928	0.0057594264	-0.057394663	-0.0464957633	-0.0318704323	-0.013884301	-0.109108247	-0.1929226285	-0.0523808093	-0.0219696418	-0.0127697094	0.0460045032	-0.0157651297	-0.0079495713	-0.1071038787	0.1121784996	-0.0463189238	-0.0994973183	0.0331485159	-0.0205028219	0.062307557	-0.1058947193	0.0500851292	-0.0975764931	-0.0030568085	-0.0621039873	-0.0327852116	-0.0089554326	-0.1265642941	0.0877446547	-0.0758083703	0.1006111436	-0.0070368116	0.0508121986	0.0050178564	0.1177757186	-0.0456852104	0.0008494979	-0.0283228301	-0.1280039392	0.0968279778	-0.0031102168	-0.0512718152	0.0546584058	-0.0475691777	0.0368107115	-0.0434828265	0.052541892	-0.1289959463	-0.0229498416	0.0490423873	0.0334148923	-0.0441523286	0.0980920396	-0.0251311885	0.0634160964	0.0264294138	0.0624064757	0.0604843259	-0.0482800849	0.0459025341	0.0171759812	0.1532532859	-0.0113167676	0.0390569967	0.0556743869	-0.0812716954	0.0542441537	-0.0411514359	-0.0988886499	-0.0661311865	0.027144045	0.0050991835307883	-0.0056292441518053	2.600167268066263e-05	3.1688389720634174e-05	-0.1029314949707327	-0.1719690411171086	0.0105948926569099	0.0295733511027377	-0.005790380116835	-0.0229505049591408	3.3528501897438115e-05	0.0005267256778795	0.0015029856795772	0.0002569821527341	2.2589659530141373e-06	6.603982682390362e-08	-3.513575157709781e-05	-4.40272646811124e-05	1.9384000353007274e-09	1.234521038887531e-09	-0.0008459737030375	0.0001310317174909	1.7169310988615033e-08	7.156715062309803e-07
257.89932682087533	-0.2787944252451666	66512.06277466066	0.0777263315477828	434.6830533917031	-0.9977185110027448	188949.3569059342	0.9954422271975344	250.6956794844652	0.0467708355294291	0.0021875110561209	62848.3237121777	270.5039176796295	293.25375884878656	1.259049	28.757412	0.1568251882599389	0.0971745332818643	0.1212543883	0.0276733435	0.0501728885	0.0044582514	-0.0744276449	-0.0893893514	-0.0928368854	0.0010647933	0.0397984798	0.0730677596	-0.0594977786	-0.0388810358	-0.0483858028	-0.0139980525	0.0033698801	-0.0433668188	0.0315112385	-0.0753815771	-0.0341191108	0.1053042713	0.0785635775	-0.077229827	0.0391860638	0.0068900641	-0.0845011489	0.073219161	-0.1447335223	-0.0897821814	-0.0034358314	0.0939041753	0.0296242051	-0.137073192	0.0383137258	-0.0440646069	-0.010400362	0.1822018449	-0.1178874988	-0.028332245	-0.0750223843	-0.1130721617	0.0028938185	0.0754454679	-0.2040424883	0.0302099084	-0.0079537515	-0.1158341964	0.073863957	-0.0274153552	0.0275312	-0.0403732219	-0.1083293787	0.0651591209	-0.0334808027	-0.0613324034	-0.0634519516	-0.0350483086	-0.0426441891	-0.0610749767	-0.0964001594	-0.0019290676	0.0290603994	0.0703269636	-0.0631356046	0.0159680334	0.0047257078	-0.0163698789	-0.0437237996	-0.0649624776	-0.1026040298	-0.040785215	-0.0460134693	-0.0969631412	-0.0017507925	-0.0655082198	-0.0232677084	-0.0890307983	0.0027893519	0.1034542824	-0.0262752464	0.0218054614	0.0302982468	-0.0827131456	-0.0706286236	-0.1088623493	-0.0254197825	0.0519282794	0.1038489224	-0.1101158487	0.0046288058	-0.0170836674	-0.0105835501	0.026311721	0.0269400408	-0.0746703626	-0.189645573	-0.0444376629	0.0839114023	0.0177060652	-0.0468382789	0.04921643	-0.1259916555	0.0438886117	-0.0281505423	0.0866652581	0.0374634303	0.1404147663	-0.0047768094	0.1677912684	-0.0762002913	-0.1093064276	-0.0888127635	-0.0784178288	-0.0382543789	0.0015346372	0.0367121082	-0.0869928277	-0.094180201	0.0134152312	-0.1399972816	0.0633188765	0.0433644622	0.1343802703	-0.0350503153	-0.0455969075	0.0909448345	-0.0011303093	0.0317142243	-0.0603975044	-0.0315014106	0.0851142931	-0.0941213018	-0.1133813166	-0.0264630511	0.0826556618	-0.0451307747	-0.0022537349	0.0512998725	-0.027995391	-0.0035050515	-0.075400641	-0.0576288706	-0.0019331544	-0.127756397	0.0023476029	0.12155213	-0.0793497667	-0.0914782179	0.0529179001	-0.043993917	-0.0994792142	-0.0612907054	0.0346117057	0.0089904739866568	0.0038912904558685	8.082862250475261e-05	1.5142141411933282e-05	-0.0127626297080496	0.0901688652626831	0.0001628847170647	0.0081304242627599	0.0290808455759972	0.0348712256928322	0.0008456955794149	0.0012160023813204	0.0011429506978688	-0.0003600349817083	1.3063362977587771e-06	1.2962518805376784e-07	-0.0001339268294771	-9.87910779000022e-05	9.7596770726443e-09	1.7936395653788223e-08	-0.0007469236256748	9.905007736270006e-05	9.810917825556868e-09	5.578949025911887e-07
258.23910567342006	0.3397788525447254	66687.43569900781	0.1154496686366102	438.0047209664677	3.321667574764604	191848.1355889132	11.033475477242565	251.4181675613156	0.7224880768504249	0.5219890211910255	63211.09497988977	271.2956255637164	293.6533412652398	1.301624	29.729845	0.2873874627728912	0.2179589459594975	-0.1124264782	-0.0395799295	-0.113450533	0.0075896136	0.0908090696	0.1036003407	0.0125667401	-0.0269546716	0.0630996133	-0.0031899513	0.0563065755	0.1518295904	-0.0134714396	-0.0308174077	0.0695985645	0.1487378915	-0.0638666035	-0.0013485108	0.0925231645	-0.0364284513	0.0496059508	-0.107199546	0.0936532588	0.001170018	0.134834375	0.111675562	0.0329213847	0.0133026729	-0.1184813436	0.0763896224	-0.0494400453	0.1029066321	-0.1974425316	0.0004478155	-0.0726624856	-0.0130596933	-0.0839635597	-0.0030250838	0.1071864704	0.0123374951	-0.0704683846	0.0088715838	0.0116098787	0.105296443	0.0208497287	-0.0442056666	-0.0338944079	0.0456778459	0.0102472152	-0.0414477624	0.0183920948	0.0022602612	-0.0488932621	-0.0475201896	-0.1172455542	-0.0116397174	-0.0624741818	-0.0050896863	-0.0976581172	0.0237368602	-0.0401532438	-0.0579909995	0.0480251012	0.010460458	0.0192703313	0.0839854501	-0.0232702985	-0.1223619384	0.093216772	0.1569544138	0.00584939	0.0595174245	0.0123703245	0.0257215414	-0.0955617197	0.0894038741	-0.1272863661	-0.0286991637	0.0515175022	-0.0502506339	-0.0451722378	-0.0119496454	-0.1264681123	0.028885214	0.0166860585	0.0516690684	0.0156525678	-0.0680990787	-0.0288675815	0.1227009964	-0.033838445	0.1845870005	0.0751288886	0.2456873787	0.0592953262	0.0009244184	-0.0516646964	-0.0065432927	-0.0210049051	-0.0183769783	-0.0982672973	-0.0929350722	-0.0024016816	0.0326720372	-0.003097662	-0.0194173798	0.0230142424	0.0291609969	-0.081049678	0.0382610215	-0.0936673287	0.0115362294	-0.0260669016	0.013055314	-0.0266096826	0.0035659863	-0.059612025	0.0089545382	-0.1190493253	0.0576992357	-0.0876006634	0.085820868	0.0219724587	0.1511418871	-0.0232783024	0.0760142242	-0.0745717794	0.1048112875	-0.0018753354	-0.0381720498	0.0858707031	-0.0098999301	0.0392567674	0.1323884375	0.0728582442	0.0360107127	0.0790253131	0.1368042599	0.0903467114	-0.1040791115	0.032473597	-0.0245802326	0.0548856261	-0.0193832082	0.0767157089	0.0085398113	0.0183829264	0.0515785898	-0.0467929814	-0.0998489097	-0.0562083378	0.0418659738	0.0085837546167084	-0.0004067193699483	7.368084331986278e-05	1.6542064589122336e-07	-0.2297501240802688	-0.2169874943722192	0.0527851195148989	0.0470835727139338	-0.0056258882115685	-0.0347067337875657	3.165061816906541e-05	0.0012045573702009	0.0016549689212081	0.0005120182233392	2.7389221301647023e-06	2.621626610315332e-07	-7.52298343107416e-05	5.86969951663584e-05	3.445337241559501e-09	5.6595279704216335e-09	-0.0008819387120323	-0.0001350150863574	1.8229073544123176e-08	7.778158917811921e-07
258.06611552334454	-0.1729901500755204	66598.1199813082	0.029925592023151	435.02653076943386	-2.9781901970338254	189248.0824732892	8.869616849708375	251.0106722964814	-0.4074952648342105	0.1660523908623033	63006.35760673157	270.89876161020743	291.63936854189234	1.190852	27.199757	0.3147438891717658	0.2344539487663729	0.1068811229	-0.0002131086	-0.0201466643	-0.0237872103	-0.0828466801	-0.0291123361	-0.0885832733	0.01807292	-0.0571613408	0.0457689105	-0.0145629602	-0.0366006689	-0.077211062	-0.0993514221	0.1117379052	-0.0381795643	-0.0319869124	-0.0890461182	0.0015839631	0.0596835206	0.0065975791	0.0247642729	-0.0770744739	-0.0438856782	0.021726824	-0.0085588547	0.0701578643	0.0598990127	-0.0614670555	0.0705423767	-0.0245583533	-0.0122764974	0.1231229997	0.0340069863	0.0703022022	0.0469025298	0.076264396	0.0342704354	0.0550254687	0.0433030829	-0.1031371928	-0.069438985	-0.1191621884	0.0517353305	0.0050214878	-0.0149834713	0.0047493175	0.0420544904	0.0455552288	0.0675683428	0.0210269054	-0.0271853295	-0.0312279994	-0.0108174973	-0.150058993	-0.0140976249	0.0526228871	-0.0793299899	-0.0154190056	0.1204548184	-0.011763183	-0.1815452119	0.020055366	0.1243021077	0.0029165973	0.0029249188	0.0680433794	-0.0118049292	0.0610548753	-0.0364663675	-0.0658986084	-0.1124533929	0.0548579862	-0.045815317	-0.1184211528	-0.0317809804	0.0032194302	0.0593563236	-0.0554737448	-0.0051853408	-0.0197703356	-0.0026947229	-0.0230877367	0.0280033766	0.0153155039	-0.036991632	0.0115547406	-0.0005994887	-0.0630590955	0.0794543089	0.1364220209	-0.0029769837	-0.0370148305	0.0414661948	-0.0150608594	0.0394680483	0.0055124031	0.0629038777	-0.0700695677	0.0330475673	0.0047987137	-0.0626205134	-0.0654384912	0.085295482	0.1187635693	0.0321460103	-0.0960702726	-0.0400590097	-0.109588991	-0.0554179909	0.0746287436	0.0730014641	0.0741639352	0.0254360008	-0.0279203441	0.0450600969	0.1140764389	0.0254270145	-0.00417275	0.0510728732	-0.1790866896	0.0666369526	-0.0927158611	-0.0421025275	-0.0031523034	-0.0256458797	0.0013370553	-0.0009153371	0.0256901793	0.0247411939	-0.0899277933	-0.1170263782	-0.0463921	0.094874483	0.0490790318	-0.0156821843	0.0849738338	-0.0507020574	0.0216527776	-0.1309933324	-0.0272951602	-0.1090132365	0.0224117409	0.1044566607	0.0099221791	-0.019371142	-0.1591354161	0.0502265533	-0.0495458668	-0.0999969158	-0.0509041416	0.0488621241	0.005502930415588	-0.0030808242011204	3.0282243158803523e-05	9.491477758209152e-06	0.0041400156496393	0.2338901397299081	1.7139729579258318e-05	0.0547045974628759	0.0281583980013309	0.0337842862128993	0.0007928953780013	0.0011413779949151	0.0009819118789075	-0.0006730570423006	9.641509379396569e-07	4.530057821904317e-07	-0.0002169010192261	-0.0001416711849153	2.007072463532167e-08	4.7046052141321e-08	-0.0008168941586915	6.504455334079993e-05	4.2307939193041675e-09	6.673160665042937e-07
258.4537781034055	0.3876625800609758	66798.35541592438	0.1502822759795325	436.2101652595434	1.1836344901095115	190279.3082757581	1.4009906061768038	250.87288466066053	-0.1377876358208709	0.0189854325851049	62937.20425796108	270.6657578431333	295.1328820971537	1.038759	23.725851	0.1558394232630976	0.0973719941007054	-0.0825920792	-0.0423015786	-0.0245563328	0.0196581439	0.05589271	0.0514154662	0.0506741776	0.0167658317	-0.0397597689	0.0627734651	-0.0293855344	0.0377554623	-0.0345243939	-0.0283099864	0.0912560953	0.0131835027	-0.0622944895	0.0205262459	0.0287269836	-0.159519725	0.1021539614	0.0159856307	0.0257365666	-0.0961591196	0.0448639806	0.0399575578	0.1076349568	-0.0969269807	0.0107393919	-0.1095388637	-0.0698412839	0.0606534816	0.0046591381	-0.0013006138	-0.1240829214	-0.084545426	-0.0593172276	0.0743051083	0.001879557	-0.0672058598	-0.0337532042	-0.0098302803	0.0321068686	0.0840204386	-0.1195527007	0.037828834	-0.0058289319	-0.0710083319	0.079719889	-0.0491064009	0.0168007749	0.0615509193	-0.0170284289	-0.079901574	-0.0647239046	0.1473443696	-0.0228499138	0.0455576306	0.0612793165	0.0394769627	-0.1080681837	0.1031318322	-0.0427935698	-0.0035741965	0.0686356516	0.0153622032	-0.0162700047	0.1104598666	0.0491916404	0.0457272212	-0.0361828778	0.0513724533	0.0199110994	0.0389054546	-0.0999702177	0.0940099286	-0.0285343194	-0.0605340289	-0.0547028347	0.0663236149	-0.0633177089	-0.0838441563	-0.0904714794	0.0257422595	-0.0641367733	0.0620302231	0.0283922209	-0.0249898698	0.0286969382	0.0235125907	-0.0113812917	-0.0426614476	0.0362297549	0.0585058537	0.1013822527	0.0557315942	-0.0069316637	-0.0719912921	-0.0197982607	-0.0220930768	0.1670363464	-0.0076826475	0.0360559716	0.0271752957	-0.023274553	0.0138931114	0.0452739197	-0.1116781085	0.0094706269	3.50263e-05	-0.0851870902	-0.1001063274	0.0875962507	-0.0413818049	-0.0253975705	0.0488610953	-0.0179368776	0.005151071	-0.0147646088	0.0503590501	0.0509086339	0.028385521	0.1349592255	0.0367788908	-0.0353098795	0.0924867276	0.0349807183	-0.0243792076	-0.0156659981	0.0106300733	-0.0258924912	0.0824716684	-0.0848703463	0.1333288192	0.0283590828	-0.0452022676	0.0519341133	0.1006429968	0.008319734	-0.0072516966	0.0213506727	-0.1248496013	0.1074452177	-0.0218156162	-0.0481775976	-0.0595795329	0.0248256791	0.0488621241	-0.0522498565	-0.0999229036	-0.04539905	0.0555570233	0.0047406267635494	-0.0007623036520386	2.2473542111280863e-05	5.811068579113869e-07	-0.0834231591062035	-0.0875631747558428	0.0069594234752589	0.0076673095733222	-0.0122632677214653	-0.0404216657227962	0.0001503877352083	0.0016339110598054	0.0013899455613834	0.0004080336824758	1.931948663609415e-06	1.6649148603484354e-07	-0.0001331024896318	8.37985295943e-05	7.0221935621667734e-09	1.7716272746183423e-08	-0.0008669075292697	-5.001337057819997e-05	2.5013372365923592e-09	7.515286643044958e-07
257.6936305895958	-0.7601475138097271	66406.00724644706	0.5778242427511093	434.0502932473515	-2.1598720121918973	188399.65706811185	4.665047109049875	250.50446733990907	-0.3684173207514618	0.1357313222296855	62752.48815725157	270.2337362223236	291.4558281773631	1.093204	24.969425	0.1369410478631876	0.0974779770153313	0.0861911042	0.0427129101	0.0177212757	-0.0458509579	-0.0452526903	-0.1110469427	-0.0446871304	0.0545856869	-0.0149951065	0.0383022067	-0.0727772816	-0.0506862857	-0.0491934388	-0.0809164919	-0.0028975388	-0.036176054	-0.0565413782	-0.0695589643	-0.0753282979	-0.1087558942	0.128173147	0.0334700936	-0.0795721788	0.0154850044	-0.0175231673	0.1248363599	0.0237868964	-0.009132264	0.000987187	-0.0693030772	-0.0469330499	0.0791746902	0.0361201697	0.0590290837	-0.014889289	0.0381300637	0.0444273665	-0.0841582241	0.0465235708	0.0366847027	0.002594335	-0.0525200454	0.0281090104	-0.0227078032	0.0501566391	0.0066208133	-0.0103778811	-0.1382109536	0.0075389009	0.0883444332	-0.1878915683	0.0708202341	0.0567446481	-0.0231510625	0.0507468334	-0.0359786385	-0.0118490334	-0.1701754182	-0.0276455936	-0.0278059862	-0.0831299018	0.0128137151	0.0270734519	0.0074408392	-0.0699113206	0.1000925025	0.0478521976	-0.0652987442	-0.0038249343	-0.0580286235	-0.0548547134	-0.1048724043	-0.0384654105	-0.0610917479	-0.0399742984	0.0268376174	-0.0003757135	0.0209355038	-0.0619287622	0.054864563	-0.1024798845	-0.0441557852	-0.0102844871	-0.0028725727	-0.1054514254	-0.0476819238	-0.0530622158	-0.0668961801	-0.1229235105	0.0522790081	-0.0869128673	-0.0603170752	-0.0066590067	-0.0745515008	-0.0189262918	0.022650536	0.0488639807	0.0464152954	0.0220824876	-0.0468381931	-0.012440574	-0.0583225904	0.1307682856	0.0673899873	0.0569140156	-0.0474945113	0.0633105394	-0.0851331647	-0.0993974552	0.0441558788	0.1068429415	-0.125627536	0.0254601069	-0.1341771109	-0.0222048532	-0.0960527642	-0.0099272714	-0.0065589583	-0.0611691012	0.0667975468	-0.0927080925	-0.137457468	0.0252507595	-0.0543054705	0.0681914836	-0.0055161626	-0.1100089157	-0.0600458775	-0.0557690623	0.0398613034	-0.0150777139	-0.1089914851	-0.06436474	0.1145530853	0.0329496182	0.0257275799	0.0635886003	-0.0882976093	-0.0234985864	-0.0421620296	0.0411089269	-0.0531556777	-0.0694266781	0.0832275453	-0.0002615116	0.0476188592	-0.0502026367	0.047485639	-0.0549022818	-0.0996270376	-0.0397147891	0.0619093949	0.0054753466591108	0.0007347198955613	2.9979421037435797e-05	5.398133249337535e-07	0.0129713679632601	0.0963945270694636	0.0001682563868382	0.0092919048489455	0.0063937582881408	0.0186570260096061	4.088014504716917e-05	0.0003480846195231	0.0011349726759706	-0.0002549728854127	1.2881629751998645e-06	6.501117229572881e-08	-7.492960414556826e-05	5.817288548623173e-05	3.3840846057942294e-09	5.614445577411561e-09	-0.0007569578023976	0.000109949726872	1.2088942439249382e-08	5.729851146106041e-07
258.2199328333552	0.5263022437594032	66677.53371246246	0.2769940517861822	437.60006138447966	3.549768137128183	191493.81372370035	12.60085382737049	251.02400759577108	0.5195402558620117	0.2699220774611646	63013.052389441735	270.89065672128254	293.6957227766221	1.23635	28.238951	0.3532126619848613	0.285857843396934	-0.0502131969	-0.044796303	-0.100172032	-0.0322387464	0.0602381483	0.1357042013	-0.0357503633	0.0496557428	0.1063884238	0.0510268456	0.0200069184	0.1629485706	-0.0813778409	-0.0195299487	0.0183265474	0.1916879062	0.0441047241	0.0337933113	-0.0514418884	0.065424507	0.0940126546	-0.0964048366	0.0554003916	-0.1755565433	0.0071918897	0.0228192023	0.1338611101	0.0350287987	-0.0959993345	-0.0143821107	-0.1173295553	-0.0563057044	-0.1540613197	0.0691296418	0.0087809414	-0.0876360729	0.0131245879	0.0175068981	0.092950163	-0.0070396689	0.0140785938	-0.0166027706	0.0135156458	0.0869750241	-0.010280033	-0.0573421674	0.0814976002	0.2055526854	-0.0151689401	0.1092383333	-0.0094275987	0.0533393773	-0.0303913507	-0.0449195318	0.0094894627	-0.1108389799	0.0265523366	0.1097589081	-0.1414730598	-0.0321727276	-0.0661881502	-0.0236268322	-0.0034024838	-0.0458689992	-0.1129114947	-0.1086887091	-0.0465945458	-0.0075613309	0.1199929164	0.1722159299	-0.0735959056	0.0529314448	-0.0181621274	0.0669993174	-0.0604488534	-0.0872229492	-0.1438407831	-0.0686701688	0.1167299716	-0.0059961905	0.0225452683	0.053583161	-0.1482230965	0.0371491021	-0.1053430022	0.1020247284	0.1344502833	-0.0496299337	-0.1161626106	0.0555565701	0.0806786775	0.0158427141	-0.0354533654	0.1234025839	0.1159707997	-0.0720031468	-0.0277137641	-0.0965976534	-0.0208766965	0.0741906754	-0.1542763315	0.0603682248	-0.0368791051	0.1480996811	-0.0472706088	-0.1461496403	0.1346063589	-0.0008243353	-0.0113262081	0.0835347748	0.0578023235	0.126933402	0.0125762035	-0.0103626751	0.0113453636	-0.1050820254	0.0647811696	-0.0427281234	0.0709460236	-0.0536294218	0.0258996933	0.0099996845	-0.0694048211	0.1625589906	0.0200244866	0.0518954679	0.1362525643	0.1651123562	0.0603384574	-0.066641213	0.0243995244	-0.0688379763	0.1561449719	0.1143340498	0.0983356479	0.0355878158	0.0832091562	0.1745391408	0.0038386343	-0.0236532431	0.0024352823	-0.0826838016	-0.001804746	0.0682736004	0.0975360998	0.0970345109	0.1542974449	0.0460974375	-0.0575005252	-0.0991099747	-0.033873792	0.0678800746	-0.0032164387958459	-0.0086917854549567	1.0345478527422625e-05	7.554713439499684e-05	-0.2751156610043068	-0.2880870289675669	0.0756886269298366	0.0829941362593597	0.027570422803997	0.0211766645158562	0.0007601282135911	0.0004484511200171	0.0016489341865805	0.0005139615106099	2.718983951673896e-06	2.641564343884105e-07	-0.0001662064719367	-9.127686779113172e-05	8.331466593759741e-09	2.7624591313645044e-08	-0.0008568630849262	-9.990528252859998e-05	9.981065477119385e-09	7.342143463092443e-07
258.14110848235885	-0.0788243509963422	66636.83188850096	0.0062132783099945	435.73454766862847	-1.8655137158511932	189864.59603198423	3.4801414240289272	250.41913225031303	-0.6048753454580549	0.3658741835430012	62709.74179699976	270.30326638342723	293.28225838260056	1.178926	26.927361	0.357369641696407	0.3059784505200607	0.0520668469	0.0404199106	-0.0596530756	0.0085293901	0.0136553476	-0.0534997241	-0.1054480573	0.0563132535	-0.0992731692	-0.0477764343	0.0027201974	-0.071963652	-0.0373843867	0.0354576907	0.0206758009	-0.0004459885	-0.1464974607	-0.0391612554	-0.1102233119	-0.0164211658	-0.0094654709	-0.0247308486	-0.0942232958	-0.0201256471	-0.0438563953	0.0184502963	-0.086175134	-0.1820117281	0.0191393734	-0.155758179	0.0923473927	0.1370234384	-0.0780495143	-0.0559163939	-0.0348809909	0.0074650268	0.0024810353	0.0344400095	-0.0150259458	-0.0591267709	0.0888406252	-0.0698561316	-0.0316627308	0.0100672179	0.028878137	0.0983392412	-0.1609065011	-0.032681983	-0.0901480598	0.0819044593	0.0660334323	0.1887242695	0.069914485	0.0243392128	-0.0409804561	0.14491708	0.1191548835	0.0289406532	-0.0324709466	0.0447246395	0.1888448734	-0.020184556	0.060257634	-0.0290964724	0.0064584935	-0.1338341596	0.0269501724	0.0302534556	0.0009886196	-0.0671854065	-0.0411584878	-0.0635002841	0.0915184033	-0.0668776575	0.0381331655	0.0645471069	-0.0600580158	-0.0320042975	-0.0062391341	0.0200327218	-0.0899602317	-0.0757542456	-0.0149517928	-0.091641305	-0.0832344784	0.0091493263	-0.0994842787	0.0435767783	-0.0659503637	0.0241884831	-0.0927620409	-0.0398147959	0.1962842731	-0.0128726139	0.1024226088	-0.0427622156	0.0394679956	-0.11046085	-0.09713835	0.0039506832	0.0929014348	0.0170399729	0.0428259412	-3.72482e-05	0.0792262409	0.1756458616	-0.0998349432	-0.0119693877	0.0399401539	0.1082790499	0.0043132315	0.0954915749	-0.044139558	-0.2008387053	-0.0995661643	-0.0437478865	0.0860462344	-0.0607336015	0.0714484178	0.0537713524	0.0302757619	-0.0139310249	-0.0931390934	-0.0438815377	-0.0701042844	0.0152250876	-0.1044674386	-0.0312903985	0.0693360071	0.0196913499	0.0604322392	-0.0711815456	-0.0192449973	0.1209526893	-0.0079065965	-0.046234076	0.1272104485	-0.083233668	0.032074265	-0.0700299021	0.0447653175	0.0518535751	0.0378148718	0.0740572564	-0.0972834611	-0.0096437596	0.031501585	0.0446978621	-0.0600420225	-0.0983728629	-0.0278991106	0.0734322509	0.0043200294874878	0.0075364682833336	1.86626547727641e-05	5.67983541856948e-05	0.0322969153181418	0.3074125763224485	0.0010430907390672	0.0945024920812052	0.0072268971796063	-0.0203435256243907	5.222804284460149e-05	0.0004138590348302	0.0013549699586126	-0.0002939642279679	1.835943588742631e-06	8.641496732476353e-08	-7.50426398801185e-05	9.116383205658148e-05	8.310844275240596e-09	5.631397800177152e-09	-0.000800449715626	5.641336930019996e-05	3.1824682358007437e-09	6.407197472457443e-07
257.69980665337056	-0.441301828988287	66409.19034918457	0.1947473042684073	434.61255658610486	-1.121991082523607	188888.0743423102	1.2588639892624955	250.48264808625373	0.0635158359407057	0.0040342614152466	62741.55699230203	270.0386884727712	291.22777181678435	0.999903	22.83836	0.1918458114262665	0.1594449458123246	-0.0282440377	-0.001229751	-0.0126973025	-0.0611594265	0.0213220583	-0.0002239677	0.0698273864	0.0252857769	0.0780163664	0.0397256545	0.0322174373	0.0687681154	-0.0614718609	-0.0679084665	-0.0595473159	-0.0356452754	-0.0222558802	-0.0143879666	0.0210151487	-0.1182929782	0.0516165804	-0.0331621628	0.0163081725	-0.0073525382	-0.0879148951	0.041590654	0.031089285	0.0799030397	0.0027025055	0.1486694661	-0.152307232	-0.0595172225	-0.0316911295	0.0700347556	0.094737716	-0.0199706411	0.0220622485	-0.0140571977	0.0191062799	-0.0282435954	-0.0950727107	-0.0308489376	-0.1637365282	0.1025829346	-0.080279864	0.110087752	0.0726264063	0.0305963765	-0.0555892786	0.0102060894	0.0862552088	0.041571908	0.0555319372	0.0241828193	0.0044232607	-0.0490641634	0.0795840947	-0.0565584504	0.0925001262	0.06848508	0.105135456	0.0805558449	-0.1786020708	-0.0583614426	-0.0272009143	-0.0077090595	-0.080398284	0.0186562059	-0.0084217525	0.0657399511	-0.0579816347	-0.001010576	-0.0936917076	0.0308256297	-0.0077291475	0.0323653328	0.0066951856	-0.0012234532	-0.0575800073	-0.0388422375	-0.0724700119	-0.0170765789	-0.1462030732	-0.0743466035	-0.0789248569	-0.0708245231	0.0869685996	0.0060028766	-0.0823685059	-0.0448949386	0.0765542266	0.0079040585	-0.063867959	0.0261523454	-0.100274469	0.0830993772	-0.0087647361	0.0782462325	0.0366774963	-0.1081201096	-0.0573529506	-0.062166506	-0.0093690963	0.1002177382	-0.0116436585	0.0671508031	0.0698860903	0.0708177804	-0.0118761475	0.1014038723	-0.0191848374	0.0909604494	0.1536307745	0.0114534775	-0.0221133874	0.0054767281	0.1054858039	-0.0012029187	0.0266742362	0.0339562524	0.1214113933	-0.0126672384	0.0471772909	0.0507849084	0.0539210688	-0.020493109	-0.0034354795	0.0028707127	-0.0708155701	-0.0389756862	-0.025845405	-0.0374545615	-0.0001183785	0.1139110484	-0.0124119089	0.046676695	-0.0116227308	0.1215747644	-0.0254792592	0.063530129	0.0479362184	-0.1100949311	0.0328157943	0.1660814558	0.0367161994	0.103471582	0.1049326069	0.0432872582	-0.0625242656	-0.0974173387	-0.0218143241	0.0785316931	-0.0033928136856644	-0.0077128431731522	1.151118470563165e-05	5.9487949813640494e-05	-0.1262481668073292	-0.158545082125471	0.0159385996222112	0.0251365430661723	0.0193649556908255	0.0121380585112192	0.0003750015089076	0.0001473324644217	0.0013253954986089	-2.9574460003699935e-05	1.756673227732735e-06	8.746486845104472e-10	-0.0002450767844601	-0.0001700341445799	2.8911610323046057e-08	6.006263028130232e-08	-0.0008698376633708	-6.938794774479992e-05	4.814687292235084e-09	7.566175606183731e-07
257.75359006401806	0.0537834106474974	66436.91319088987	0.0028926552608773	434.71835093551806	0.1057943494132018	188980.04464009625	0.0111924443677626	250.06347194486327	-0.4191761413904089	0.1757086375109521	62531.74000111945	269.9567054621712	293.79224557143	1.017993	23.25156	0.191241500400911	0.1767341371110243	0.0763214851	-0.0497906231	-0.0023847195	-0.0204791565	-0.059821802	-0.023157633	-0.0663918437	0.0676008994	-0.0650111943	0.0118247592	-0.0985528498	-0.0811553	-0.1081753091	0.0553396499	-0.0048794158	0.0292647444	-0.038914106	-0.0912184071	0.0080071499	-0.0568076934	-0.0012013664	-0.0226519109	-0.0018665471	0.049320672	-0.0501123642	0.020492311	-0.0882982874	0.025235153	0.0677245527	0.0271955752	-0.0128992202	0.0227286519	-0.0275686551	0.0336302127	0.0077800306	0.0858365489	-0.0244283859	0.0339511416	-0.0291073147	-0.0152855091	-0.0288331633	0.0809594056	-0.1015364381	0.0661948067	0.0198698534	-0.0051636981	-0.1057899126	-0.0464674988	0.1055099317	-0.202182643	0.0168737596	0.0378349539	-0.0369708447	-0.0862057164	0.0127026045	-0.115647646	-0.0788364937	-0.0089125649	-0.0633492072	-0.1406060605	0.0389877684	-0.0465202368	0.1023360664	0.0448731362	-0.0924533908	0.0413474595	0.1331058224	-0.0437421216	0.0464845579	-0.0658787738	-0.1077188687	-0.0444807416	0.0814312363	0.0227538117	0.0224480988	-0.0425880162	-0.0381083181	0.1027128954	-0.000764668	-0.0422791713	-0.0739392549	-0.1207735037	-0.0050270401	-0.071615944	-0.0567070561	0.0764439162	0.0009089975	0.0222133777	-0.0561113038	-0.0522087204	-0.0314591263	0.0146260869	-0.0356314107	-0.0138943869	-0.004755915	0.0538652597	-0.0173008301	0.0810022209	-0.0523505701	-0.0208957475	-0.1030318528	-0.0901112691	-0.0028359187	-0.0372095356	0.1253745622	-0.0230548641	-0.0382340673	0.0060314394	0.1070500332	0.0138277421	-0.0615842543	-0.099851714	-0.1126483831	0.0309779092	-0.0226465654	-0.0145308214	-0.0797224319	-0.1179855029	-0.0810575127	-0.0997917683	-0.0708821248	0.1001464291	0.0195008614	-0.0687407494	-0.048404863	-0.0161283063	0.058923605	0.010538191	0.0257457119	-0.0206053875	-0.070889733	-0.0470573115	0.0266651242	0.0925263608	0.0447429605	-0.0584645618	0.068615179	-0.1034085969	0.0210924316	-0.10543581	0.0806128424	-0.0650134874	-0.0620995014	0.0526933275	-0.1180847922	-0.1364380545	0.0366444074	0.0418659738	-0.0649448048	-0.0962455236	-0.0156434465	0.0831469612	-0.0005597278363467	0.0028330858493177	3.132952507813582e-07	8.026375429604192e-06	0.0510381070918413	0.1772862738991705	0.0026048883755182	0.0314304229130517	0.0202096649466483	0.0008447092558227	0.0004084305572557	7.135337268727078e-07	0.0012419313922404	-8.346410636850005e-05	1.5423935830321783e-06	6.966257051892291e-09	-0.0001540594550617	9.10173293984e-05	8.284154250816851e-09	2.3734315693907966e-08	-0.0009009048555359	-3.106719216510009e-05	9.651704290232568e-10	8.116295587281609e-07
258.42306049973496	0.669470435716903	66782.47819804968	0.4481906642989799	436.64796332027134	1.929612384753284	190661.44387174104	3.723403955393256	250.8913598674577	0.8278879225943854	0.685398412377647	62946.47445614217	270.5146270189037	292.8932339282746	1.236179	28.235058	0.3358378134513584	0.2739802997029198	-0.0689502047	0.0728873811	-0.0521385313	0.0114547857	0.1068424248	0.0001772868	0.0019163158	0.0081822529	0.0948533041	0.0975562448	-0.0092778409	0.1278825859	-0.0223039732	-0.0511709248	-0.0698608964	0.2017144529	-0.0443540181	0.0774395197	-0.1490579998	-0.0860638803	0.0913930409	-0.0733845197	0.0097000649	0.029280463	0.0517267913	-0.10022275	-0.0884442409	-0.1621885041	0.0614549985	-0.0475225937	-0.0439133787	0.0759243143	0.0499134857	0.0055876426	0.0761078958	-0.0131776917	0.0958075338	0.097412922	0.0050214336	0.0240997755	-0.0541931601	0.0478311239	0.015304621	-0.1884481655	-0.0614223778	0.0385424219	-0.0201969771	0.0694829418	0.0441491998	-0.1227225958	-0.1536268052	-0.0257592493	0.0272654992	0.0668588387	-0.0099926318	-0.0197740716	-0.0359410441	-0.0938104025	0.025603166	-0.118580515	0.0215707904	0.0437239829	-0.1033363514	0.0648328702	0.0727731539	0.1420291908	0.0290754262	0.0311912335	-0.0204776974	0.1222468835	-0.0216896633	0.0384669811	-0.0802898682	-0.0756309537	0.0131397278	0.0209887088	-0.2248778335	-0.0781238889	0.0603496536	0.1085947276	-0.0486281782	-0.0233087069	-0.0489456741	0.0429355429	-0.0046443976	0.0173423533	-0.0327641283	0.0905690504	-0.0206289516	0.0031258336	-0.0567682516	-0.2052078742	0.0728484742	-0.0899548619	0.0778825924	0.0771867601	-0.0083033514	0.0304200104	0.0537069395	-0.0073548318	-0.0957069573	-0.0484661488	-0.0714176494	-0.067928677	-0.0476261523	0.0040146013	-0.0529202969	0.0824611341	0.1705053715	-0.0578580848	-0.0113709699	-0.1522611148	0.0760619233	0.0078807313	0.0005331116	0.1227323311	-0.0373730174	0.0452761489	0.0310050399	-0.0168459389	-0.1363779014	-0.0828144953	-0.0259211499	0.1207278807	0.1124333972	0.1018271395	0.0373202957	0.0377057147	0.0546914435	-0.0224137192	0.175476705	-0.0207215296	0.0425822515	0.0275739641	0.0850646647	-0.1070294709	-0.0173678164	0.0760765768	-0.1369743637	-0.0555530641	-0.018872624	-0.0536285511	0.1227107128	0.1306544548	0.0111677006	-0.066268812	0.0304777297	0.0404343596	-0.0673012514	-0.0948600195	-0.0094108313	0.0872496007	-0.0040940336131143	-0.0035343057767676	1.6761111225309732e-05	1.249131732369283e-05	-0.2241254325195285	-0.2751635396113698	0.0502322095020657	0.0757149735314578	-0.0047641734440162	-0.0249738383906645	2.269734860466918e-05	0.000623692603963	0.0017569717237864	0.0005150403315459	3.0869496381849538e-06	2.652665431190135e-07	-7.574759906137096e-05	7.831185600032904e-05	6.132746790216271e-09	5.737698763562207e-09	-0.0008509344496311	4.99704059048001e-05	2.49704146629048e-09	7.240894375689829e-07
258.8227430465587	0.3996825468237261	66989.21231814494	0.1597461382355	438.325151700652	1.6771883803806418	192128.9386133996	2.8129608632838403	251.23593428471315	0.3445744172554441	0.1187315290269289	63119.49467591271	271.3637561636786	297.401196009984	1.162757	26.558054	0.1472928477193649	0.1194651796999336	-0.0073574326	-0.1363239925	-0.117095669	0.080587869	-0.0498390466	0.1532537186	-0.0293681063	-0.0221102584	-0.0965744894	0.0822753393	0.0073172649	0.0864258476	-0.0410239073	0.0436322495	0.1011156796	-0.0304277649	-0.0906211151	-0.0964271759	-0.026820418	0.0156899244	0.0583592141	-0.0731480167	-0.0853394682	0.0205287632	0.1078617547	-0.0247250507	0.0438461293	-0.0613481701	0.0877019231	-0.0495288161	0.0100512029	-0.0312178528	0.0840956018	-0.0739554846	-0.0282799162	0.0089881022	0.0496553252	-0.0083016981	0.032547024	-0.025140959	0.094257873	0.0490169793	0.0776967973	0.1110402094	-0.0603126717	-0.0200793317	-0.157522009	0.0870909689	0.0804067708	0.0537816242	-0.0564506396	-0.0242117516	0.0021662062	0.0423079825	0.0482386593	-0.0633177464	-0.0281774358	0.1061066049	-0.0681068028	-0.0507702804	0.0305408102	0.0383146347	0.020161079	0.0521342339	0.0074456901	0.0036175423	0.1019815683	0.0305942345	-0.0101639979	0.095285349	-0.0265227975	-0.063705836	0.1196227483	0.0688075387	-0.0661826844	0.0703194195	-0.0226830512	0.0587540593	-0.1025588228	0.0959116272	0.0091375338	0.0413981846	-0.0042223579	0.0393134291	0.0114054171	-0.0195082248	-0.0525390539	0.0040747663	-0.0594415159	0.0366772566	0.1178466959	0.0063165	0.1108854022	-0.0124671788	0.0086522964	0.0359345823	0.0339494096	-0.1187427174	-0.0006262171	0.0111385404	0.0294181351	-0.0216881763	-0.0444736906	-0.0500255995	0.0945107923	-0.0402335165	-0.0144149728	-0.005488347	0.0540456771	0.004901088	0.0554014284	-0.0156684221	-0.1300960669	-0.0484427874	-0.0792927739	-0.0422320187	-0.1135383233	0.1008872449	0.0207283987	-0.1859672482	-0.0378178177	0.0382851558	-0.0490794269	0.0905525337	-0.0725358218	0.0487363822	-0.0438677254	-0.0202977283	0.0184324843	0.0671870856	-0.0704769461	-0.0339411188	0.0247499211	0.1141239213	0.0993492947	0.1034139681	-0.0997102758	-0.1381567448	-0.0399645738	-0.1484396736	-0.0656848505	0.0480631662	0.0294967177	0.0152776087	-0.1553219608	0.0020743266	0.1366737904	0.0389927688	-0.0695912797	-0.0932639023	-0.0031410759	0.0908143174	-0.0057161456741141	-0.0016221120609998	3.267432136769334e-05	2.631247538441019e-06	-0.103200905737097	0.1209245267824314	0.0106504269449571	0.0146227411775549	-0.0048750693803469	-0.0001108959363307	2.3766301463195907e-05	1.2297908694662716e-08	0.0013189713544919	-0.0004380003692944	1.7396854339701973e-06	1.9184432350211837e-07	-7.502558552641148e-05	7.220135349594869e-07	5.213035446646943e-13	5.6288384835808835e-09	-0.0007969505736685	5.398387596259994e-05	2.9142588639453758e-09	6.351302168705512e-07
258.7160921062336	-0.1066509403250961	66934.01631472114	0.0113744230722272	438.50459885329343	0.179447152641444	192286.28321548775	0.0322012805911217	251.25830336212653	0.0223690774133729	0.0005003756243254	63130.735008414405	270.96746071798526	293.970781128067	1.136181	25.951025	0.0412393662050371	0.0311495046680849	0.011772628	0.1355152661	-0.0370309753	0.0838761651	0.1224859673	-0.0378248172	-0.0969545227	-0.0470820292	0.0921441763	0.1625035078	0.0572296501	0.0950015693	-0.0197921545	-0.0653387434	0.0651133751	-0.0486906703	0.0582354937	-0.0254837917	0.0017481509	0.0582498619	0.0369715095	-0.0135238078	0.0817870394	0.0128699161	-0.028417759	-0.0141347336	-0.0307919561	0.0480253472	0.0603390236	-0.0206630396	0.0132577856	-0.0373584585	-0.0762915079	-0.1149970915	0.0292905563	-0.0691965636	0.1261684815	0.0940578082	-0.0277591223	0.007725877	-0.0353944855	0.0337930762	0.0568407862	0.0054790928	0.0184143179	-0.0070927478	0.0452857485	-0.0566258744	-0.0654877873	0.0290613935	0.02938375	0.0030093319	-0.0185119491	-0.0557190139	0.047433569	0.0170176526	0.0030724332	-0.0188342314	-0.0579927228	0.0204770883	-0.055795138	0.0350873428	0.0837229583	-0.0486513073	-0.0708928737	-0.1070926937	0.0173110165	0.0243333958	-0.0041505186	0.0933569681	-0.0104172797	0.0095134632	-0.0133333566	-0.1454121062	-0.0787535781	-0.0543910173	-0.0005536372	0.0012888965	-0.0931894921	-0.0917378081	0.0883300306	0.0190479248	0.017990502	-0.0862117062	-0.0261565857	0.0070942406	0.0300388258	0.0139321966	0.0202278081	-0.0176839766	0.045672761	0.0703211419	-0.0110471337	-0.0789329076	0.0584261954	0.0228227261	-0.0584583478	-0.0749985305	0.0654574043	-0.1325011771	-0.0186742297	0.0192457506	0.0202546168	-0.0878690481	-0.0169494237	-0.0715573056	0.062215353	-0.0645494394	0.0278803004	0.0159845685	0.0752901818	-0.0609769572	0.0005469342	-0.0313666667	0.0132700167	0.0035222346	0.0659619809	0.0601858991	0.0376628894	0.0136512741	-0.0061489622	0.0429836329	-0.0097763327	0.0675888619	0.0325068826	0.071090832	0.1130502799	-0.0041833491	-0.1232113482	0.0540317898	-0.0511268912	-0.1148993661	0.0276503165	-0.030813944	0.0857860489	-0.0916214916	-0.0134008229	-0.056499454	-0.0279665224	0.0402885557	0.0797989676	-0.0711805439	-0.0506763662	0.1113761567	-0.0345674131	0.0915369234	0.1260196523	0.0375415571	-0.0718126298	-0.091460716	0.0031410759	0.0938191336	-0.0044954665140153	0.0012206791600988	2.0209219178632877e-05	1.4900576118995124e-06	-0.1318086425288811	-0.0286077367917841	0.0173735182453063	0.0008184026043479	-0.0048870921582135	-1.202277786659968e-05	2.388366976287188e-05	1.445471876295991e-10	0.0011559660713363	-0.0001630052831556	1.3362575580806797e-06	2.6570722336637337e-08	-7.999531861746512e-05	-4.969733091053641e-06	2.469824699631357e-11	6.399251000709761e-09	-0.0008569541069276	-6.000353325909995e-05	3.600424003575914e-09	7.343703413800804e-07
258.5916036450187	-0.1244884612148666	66869.61747570246	0.0154973769756453	438.154972076416	-0.3496267768774146	191979.77955528488	0.1222388831096894	250.9384106861782	-0.3198926759483242	0.1023313241253796	62970.08595770504	270.8881375170129	296.3779131105801	1.17959	26.94252	0.2415256948938975	0.22009447032985	0.0014017728	-0.0444479636	-0.0129398113	0.1141756854	-0.0070056037	0.076115737	-0.0389998956	-0.0730610148	-0.1128730779	0.0219205667	0.1249942039	-0.0866244143	0.0360356264	0.0213952545	0.1607212012	0.0801740364	-0.0235806443	0.0952113742	-0.1454177379	0.0312271724	-0.0789668022	0.0884759444	0.1699102697	-0.0564189973	0.0545463223	0.0885500669	0.0547699599	-0.0257898516	0.0092777119	-0.023864923	0.0534755017	-0.0340645498	-0.0311140424	0.129220933	0.0673952168	0.0442066437	-0.048600012	0.0132707255	-0.0272259446	0.0026490699	0.1219622249	-0.0589679831	0.0374168674	-0.0823096655	0.0341954667	0.0667442235	0.022005712	-0.05366575	-0.0356877052	-0.0922327388	-0.081045026	0.0268883863	0.0775064815	-0.1032146004	0.084569787	-0.0815155522	-0.0562255191	-0.0637830624	0.110745174	0.0239068664	0.0168753051	-0.0284294184	-0.1430672883	0.0397940058	-0.0959652081	0.0523001452	-0.0908810109	0.1497693337	0.0231335651	-0.0770242119	0.0294791796	0.0101119399	0.1549455579	0.0586614145	-0.0986550479	0.0014883686	-0.0216765063	-0.2512155574	0.0527465917	0.0021969125	0.0667407579	0.1706430613	0.0208987757	-0.0407862326	0.0386362592	0.0605361425	-0.0116284778	-0.0448988639	-0.0486617197	-0.0998113421	-0.0935573373	-0.0817616198	-0.0544879064	-0.0339675077	-0.0229425042	-0.0116530781	0.0186475399	0.0796559202	-0.0700110769	0.0093973725	-0.0652625925	0.0769715053	0.0977779286	-0.0122921909	-0.0259439141	0.0195984469	-0.0043749618	0.0017683097	-0.0235664659	0.0903634736	0.0545006831	-0.122310231	0.0865282996	-0.0743012069	-0.0016358033	0.1228459344	0.0028088523	-0.0649886107	0.0118985078	-0.0001216224	0.0597370875	-0.0502860744	0.0882703809	-0.0764638322	-0.1449744972	0.106684327	-0.0053258515	-0.0116532201	0.1102728507	0.0495243197	-0.0059414334	0.0051325056	0.0432942684	0.0716031245	-0.0512281171	-0.0007209748	-0.0648354432	0.0455315769	-0.0178325236	-0.0205741349	-0.0632892203	0.0709735619	-0.0193768389	-0.035673131	-0.0570257589	0.0086826594	0.0448572809	0.0360810826	-0.0739631095	-0.089454464	0.0094108313	0.0962455236	0.0043826001409428	0.0088780666549581	1.920718399539185e-05	7.882006752987891e-05	0.086359749905668	0.2181683924345491	0.0074580064037695	0.0475974474574754	-0.0049681117980071	-8.10196397936008e-05	2.4682134837497343e-05	6.564182032284821e-09	0.0013169198415563	0.00016095377022	1.7342778690846704e-06	2.5906116148032598e-08	-0.0001830800746893	-0.0001030847560718	1.06264669343897e-08	3.351831374823967e-08	-0.0008808799039277	-2.3925797000100084e-05	5.724437620899981e-10	7.759494051436741e-07
257.58878723651713	-1.0028164085015874	66351.9833099797	1.0056407491600226	434.8666723229912	-3.288299753424837	189109.02269727175	10.812915268373848	250.62075733605403	-0.3176533501241749	0.1009036508451116	62810.76400769728	270.1566692406806	293.4538494959205	1.280679	29.251446	0.156561949055895	0.1359224308102468	-0.0585655626	0.0337489467	0.1118833687	-0.052072123	0.0293305757	-0.1012709804	0.1150791895	-0.0233831291	0.101146289	0.0813170921	-0.0985672488	-0.0007908237	-0.0047442768	-0.1830146684	-0.0399565314	-0.0996799901	-0.0162611496	-0.0174627107	-0.0017256406	0.0159671196	-0.0160860998	-0.0890775632	0.1684463208	-0.0491456151	-0.1023161838	-0.0781568939	0.0153153014	0.0468464017	-0.0087317511	-0.0601984078	-0.0293434707	-0.0089382191	0.0332398606	-0.0071086513	0.0416621279	-0.0242434597	-0.0005530848	-0.0057700948	-0.046797188	0.0386622512	0.1156001093	0.0075362786	-0.0457626077	0.0114754926	0.078758589	0.0203525812	-0.1029851103	-0.0640443306	-0.0586626915	-0.0028552036	-0.1085069822	0.0713540301	-0.0900514447	0.1106820276	0.0519927902	-0.0073711944	0.054401385	0.0878481306	-0.0387098201	-0.1214237815	-0.0460164203	0.140146611	-0.0107337896	0.0072527886	-0.02454098	0.0137189856	0.030214899	-0.0059011872	-0.0046139678	-0.0154022986	-0.0095153516	-0.0242045709	-0.176788602	-0.0813851882	-0.0704349698	0.0969834747	0.0662056614	0.0392431984	-0.0765083608	0.0223083477	0.0128697821	0.0906946478	0.0687999075	-0.0734192049	-0.0079732705	0.2021918699	0.0639521325	0.1304721242	0.0514543427	-0.0090424377	-0.0324840919	-0.0732598687	-0.0845809761	-0.0369131883	-0.0270424261	0.0354984496	0.0414584887	0.0317006265	0.0205596004	0.0320530538	-0.0186869269	0.0638522177	-0.001635063	-0.0939681872	-0.0101931057	0.0027719473	0.0165170959	0.0272940263	0.0393913973	0.0880032098	-0.0377078207	0.0174358718	-0.0188383396	-0.1583338734	-0.0515015581	-0.0727513871	-0.028981947	0.1196012533	-0.0067964884	-0.0578972442	-0.0636439594	0.0006805103	-0.0478556262	-0.0310917859	0.1509470886	0.0346264646	-0.0623132593	0.0004201387	-0.1532840196	0.0137485985	0.0073845382	-0.015214585	-0.0304806024	0.0538169988	0.0506994466	-0.0901378267	-0.0330239197	-0.0640796226	-0.1382194752	0.0734137052	-0.12233274	0.0124615076	-0.0250913734	-0.0714714137	-0.0101791766	-0.0557183364	0.0780680146	0.0346117057	-0.0760405966	-0.0872496007	0.0156434465	0.098078528	0.0042632319587312	-0.0001193681822116	1.817514673394706e-05	1.4248762924501917e-08	-0.0496186746997153	-0.1359784246053832	0.0024620128789561	0.0184901319581619	-0.0083313537450138	-0.0033632419470067	6.941145522455547e-05	1.1311396394105418e-05	0.0013949917225316	7.807188097529996e-05	1.9460019059316805e-06	6.0952185990214035e-09	-3.2035741423630526e-05	0.0001510443332656	2.2814390611670632e-08	1.0262887285617167e-09	-0.0007679778317428	0.0001129020721849	1.2746877903644372e-08	5.897899500483725e-07
257.4550309758065	-0.1337562607106406	66283.09297475348	0.0178907372792928	437.8144539393736	2.9477816163824286	191681.4960782319	8.689416457882203	250.57144386803267	-0.0493134680213529	0.0024318181282929	62786.04848211065	270.48388251134696	291.5309951317096	1.16408	26.588259	0.0995327790444226	0.0580874201211118	0.029399869	-0.0067202818	-0.0923974111	-0.0497001329	-0.0145174458	0.0890292064	-0.0565128489	0.0400110362	0.0605589538	-0.0134639488	-0.0387195243	0.0590181567	-0.0330967528	0.082142529	0.0164502896	-0.0699630502	0.0258804278	0.0343546026	-0.0135565089	0.0319451587	-0.0036548042	0.0320746151	-0.0459403152	-0.1269024958	-0.0732377125	-0.0217344267	0.110113035	0.0198672784	-0.0589876978	-0.0590217838	0.0462364943	0.1709241085	-0.0658391353	0.0265758523	0.0813374093	0.0268387349	-0.0053398534	-0.1156243571	0.0353093257	0.0582701484	0.0489237685	0.0154240355	0.00222433	-0.0235613359	-0.0039091033	0.0327286209	-0.0057582025	0.0448066068	0.1657837445	-0.0981699992	0.1551871828	-0.1060157133	-0.0576183315	-0.0744688411	0.0531659623	0.0517131963	0.1610130216	-0.1533612628	0.0070642183	-0.0257452609	-0.0719439844	-0.0101203021	0.0173729281	0.0713217594	-0.0434607723	0.0018033426	-0.0368440809	0.0898657433	0.0410073636	0.0633864173	-0.025833841	-0.0139548746	0.0526133451	0.0275827712	0.031762613	-0.048078261	0.1364162939	0.0018616265	0.0448364668	-0.0179573119	0.0170340129	0.0444377465	-0.0630982126	0.0520234128	-0.1128547565	-0.0025584293	0.0294210035	0.0632693359	-0.0987869703	-0.0307982818	-0.042288066	-0.0175435016	-0.0940048401	0.100147733	0.1403987435	-0.0632569749	0.1042352392	0.071646982	0.0338497021	-0.0145980312	0.046079472	-0.0108356497	0.096955967	-0.0859143894	0.0275305569	-0.1492570572	-0.0693606421	0.0365215569	0.0412398326	-0.0398630805	0.0109754291	0.0461024716	-0.0388536933	0.0451383226	0.0448006933	0.0176594374	0.0077265266	0.0066007663	0.1008840304	0.0631623859	-0.1437579357	-0.0542535942	0.0218946408	0.063906309	-0.0446463847	-0.0061377141	0.0766460572	-0.0685829444	-0.0412625169	-0.0566686764	-0.0839744397	-0.1123247567	0.0029862476	0.0686222698	0.0337699554	0.034534328	-0.0387164014	0.0213215212	-0.0329114326	-0.0607309408	-0.0621394301	0.0645389053	0.0194642947	-0.1032600097	0.0367997119	-0.0358335654	0.1069883464	0.0331337888	-0.0780430407	-0.0848510215	0.0218143241	0.0993068457	0.0049605867518209	0.0006973547930897	2.460742092234103e-05	4.86303707445179e-07	-0.10502724282982	-0.0554085681301046	0.0110307217364339	0.0030701094222284	0.01153845044103	0.0198698041860438	0.0001331358385801	0.0003948091183917	0.0016669617059817	0.00027196998345	2.7787613292094198e-06	7.396767189784763e-08	-8.925842464901912e-05	-5.722268322538859e-05	3.274435475513169e-09	7.967066370824624e-09	-0.000909926203771	-0.0001419483720281	2.0149340321456256e-08	8.279656963091034e-07
258.0405197711864	0.585488795379888	66584.90984378403	0.3427971295153923	435.150497886572	-2.663956052801609	189355.9558109315	7.09666185125833	250.66733885142284	0.095894983390167	0.0091958478394004	62834.11476685404	270.3085199991862	292.3223092255538	0.989713	22.605623	0.0768499287137311	0.0544545614432851	-0.0563128353	-0.0164953594	-0.0399240883	-0.0454363973	0.0479442954	0.0267496942	0.0524481135	0.0150404281	0.0511247621	0.0116885307	0.0047089718	0.0892273159	-0.0100274763	-0.0653964909	-0.0639635071	0.0031562107	-0.0970669195	0.0177901785	-0.0316060843	-0.0980411593	0.0401573002	-0.0970803774	0.1407878713	-0.0114539296	-0.0125638686	-0.0537692103	-0.0812556068	0.0032921894	-0.0434434142	-0.0540019569	-0.0017695924	-0.0529002657	-0.1708749636	0.0226550767	-0.0840834324	-0.0210932834	-0.0409937685	-0.0516525351	0.0348728663	-0.0036909222	-0.1220117735	0.1303993413	-0.0105263787	-0.0490225802	0.0915758755	0.0577158811	-0.0644805635	-0.0117742991	0.0368018735	0.0213172815	-0.1194893638	-0.0852789018	-0.0488400231	0.0403964174	-0.0009806413	-0.0075905035	0.0138617903	0.0403469777	0.0568297013	0.045405506	-0.0353002969	-0.0079545048	-0.0018637701	-0.0329872477	0.0058899457	0.0040247342	-0.04952632	-0.054127783	-0.1373976668	0.0843790644	-0.0078869823	-0.0206466439	-0.0836679615	-0.0252987359	0.0401486894	0.1222721197	-0.0867351023	-0.0030155871	-0.0773239519	0.0720010419	-0.0372815596	0.0231956466	0.0305073473	-0.0759872688	-0.0401347716	0.1103581351	0.0614960012	0.0335304776	0.2080780831	0.025844223	-0.0633417619	0.0403738869	-0.0039177135	0.0777030325	0.0449208042	-0.0106289255	-0.0248145853	0.0282654531	0.0281957523	-0.0312605328	-0.1052509474	-0.1121640056	0.0076248372	-0.0423355842	-0.1144896197	-0.0441181046	-0.018254146	-0.0164063097	0.032417851	-0.0690027527	0.0104070959	-0.0562318328	0.023071437	-0.0801768845	0.0463261668	-0.0291503606	-0.0272995313	-0.0187657176	0.0212052148	0.0534205934	0.0254668988	-0.0002682737	0.0291677275	0.0927243349	0.0882243949	0.038326361	-0.0703867857	-0.0518612197	0.00296728	-0.0280201853	0.0918122447	0.0230602888	-0.0019353126	0.1066296484	0.081185369	-0.1302134379	-0.0354439491	-0.1216719334	0.0292323322	-0.0306580332	-0.1253811688	0.015292637	0.0447042816	0.0288458919	0.0052239095	0.071648905	0.0074000405	0.0316476967	-0.0799684658	-0.0822640518	0.0278991106	0.0999229036	0.0024951173925842	-0.0024654693592367	6.225610802776178e-06	6.078539161335024e-06	-0.158993023594391	-0.0539657807645709	0.0252787815516865	0.0029123054935297	0.0035435925261921	-0.0079948579148379	1.2557047991684508e-05	6.39177530784462e-05	0.0018519845354573	0.0001850228294755	3.429846719572991e-06	3.4233447427156935e-08	-3.284910728140744e-05	5.640931736761168e-05	3.1820110858799366e-09	1.0790638491854155e-09	-0.0009169704704295	-7.044266658499964e-06	4.9621692756054247e-11	8.408348436396985e-07
258.3946977296139	0.3541779584274991	66767.81981477853	0.1254420262358712	438.16081820713	3.0103203205579803	191984.9026119416	9.0620284323643	250.9097605420703	0.2424216906474612	0.0587682760963733	62955.70793527906	270.8017952452599	292.54604441522577	1.133008	25.878551	0.1520810661943084	0.1127507008038617	0.018695588	0.0264714341	-0.1220905765	0.0531967758	-0.0026132304	0.0797479718	-0.0967547183	0.0027172276	-0.0802585748	0.0562253904	0.0338115148	0.0257853635	-0.0425319894	0.061194829	0.0992799266	-0.0616780266	-0.0696901231	-0.086268292	-0.0086190917	0.0473194318	8.3864e-06	0.0902670545	-0.0105448908	0.0091416155	-0.0132038817	0.0440147083	-0.1596615836	0.0009506309	0.0508738596	0.0187652856	-0.0197387725	-0.0159684396	-0.0050000304	-0.0448781398	0.0224438987	-0.0079111157	0.0416848692	-0.1255830602	-0.0847568501	0.1870485629	-0.0561100891	0.0183527489	0.0763594608	-0.0837314028	0.0496229607	0.0127132409	-0.0359791777	-0.0563595085	-0.0600086673	-0.0800972624	-0.0160327605	-0.0642859381	0.0257362163	0.0477139675	0.0226136831	0.0932654927	0.0260227115	0.0452198174	0.0537728914	0.0672265838	0.0601556042	-0.1062104087	0.0697108823	-0.032959142	0.0046118258	-0.0247603319	0.0425086622	-0.097118381	0.0965236573	0.0325252213	-0.033130771	-0.0219004462	0.1429768244	-0.0228273597	-0.0018627927	0.0152645871	0.0371389847	0.0420621085	-0.0841516779	-0.0347962456	0.0817345121	0.089429188	-0.0022036531	0.0313612682	-0.0490822809	-0.0070746334	-0.1084695755	-0.0486205333	0.0672579222	0.0451711973	-0.0749852643	-0.0073783352	0.0011407775	-0.0334733874	-0.0486045428	0.0273667812	-0.0509727946	0.0765300667	0.1666531197	0.0622699006	-0.0474753405	-0.0663635644	-0.0580046575	-0.0747607357	0.0370008656	-0.0706412016	-0.1276886502	-0.006516678	-0.0306576909	-0.026089153	-0.0086515057	-0.0200880316	0.0541572149	0.0078089146	0.0188092353	0.0287674576	0.039006077	-0.0620010945	0.085799879	-0.0738340355	0.0276767038	0.025331126	-0.0541319683	0.0323508638	-0.1436446094	-0.0406038573	-0.0102230515	-0.0172399811	-0.06542665	0.0155990883	-0.0733727697	-0.1521589966	-0.0337423946	-0.0177171579	-0.0049903001	0.0173041271	-0.043619623	0.083910736	-0.0111473967	-0.0387321021	0.0175954443	0.0289428064	0.1149935966	-0.0683188932	-0.0357289548	-0.0139345002	0.0378722615	0.030153796	-0.0818149717	-0.0794944353	0.033873792	0.0999229036	-0.011533509134594	-0.0140286265271782	0.0001330218329577	0.000196802362239	-0.0473669129773952	0.1116261106169957	0.0022436244450081	0.0124603885714777	0.0187138258486569	0.0151702333224648	0.0003502072778938	0.000230135979058	0.0016859857648474	-0.0001659987706099	2.842547999268072e-06	2.75555918439982e-08	-3.272320057301492e-05	1.259067083925203e-07	1.5852499218239134e-14	1.070807855741764e-09	-0.0008579732331944	5.899723723509992e-05	3.480674001374661e-09	7.361180688780524e-07
257.6504159144605	-0.7442818151533857	66383.73682089448	0.5539554203680185	434.9569189307395	-3.203899276390473	189187.5213257219	10.264970573255397	250.0488796719424	-0.8608808701279145	0.7411158725521951	62524.442225193525	269.70220506500664	295.3192267004285	1.306133	29.832834	0.137169155528309	0.1120417766694918	-0.0072923552	-0.1023090209	0.156264166	-0.0123927729	-0.060374595	-0.0106177214	0.0838754834	-0.0160501946	-0.0270045077	0.0827128598	-0.0592805878	-0.104203375	-0.0322433135	-0.0073895551	-0.0436650178	0.1118911354	0.0118578612	0.0284090936	0.0700101612	-0.1316549322	0.0201047443	0.1089649805	0.0431574885	-0.0205076176	0.0164964607	-0.0310836239	0.0424949826	-0.0056714045	0.0561381977	0.1454598601	0.0307458502	-0.1342195234	-0.0557890271	0.0634279206	-0.1068964912	-0.0604325886	0.0580428299	0.1071768867	0.0352393586	0.0385326048	0.0732427739	0.0463376053	0.0772690254	-0.0855816932	0.0093511369	0.0789645208	0.0088196458	0.0784477118	0.0102672	-0.2091974258	0.0116229376	-0.0662512546	-0.099888603	0.1131327423	-0.045480772	-0.0639651888	-0.0636803625	-0.0271749447	0.0360824263	-0.0124139937	0.1176337358	-0.0068434731	0.0556682744	0.0447334934	-0.018093799	-0.1054546553	-0.0283480484	-0.0054051978	-0.0832851793	-0.0968176231	-0.0402997185	0.0507327924	-0.042981782	0.1580222513	-0.0242320878	-0.0350087456	-0.04015248	-0.0757978828	0.045358318	0.0120776712	0.0243953152	-0.0628215059	-0.001719789	0.0367011222	-0.0399617519	0.0808762534	-0.0294464672	0.0127928863	0.0834855221	-0.0202726653	-0.051716858	0.0175090743	-0.040027376	0.0127249156	-0.1392620979	-0.0471163606	-0.182336068	0.0145073054	0.0107825766	0.0685282578	-0.0236328569	0.0342102158	0.0048283251	-0.0071985114	-0.0260886129	-0.0753243827	0.0171989569	0.0214278343	0.2522399758	0.0524407224	-0.0647490678	-0.0193711419	-0.0705711122	0.0578306015	0.0754187324	0.1627085682	0.0846542425	0.0437204091	-0.037395378	0.1019754625	-0.0524861414	-0.0200272429	-0.0621641031	-0.1108585053	0.0625165	0.0557951621	0.0971270445	0.0110493684	0.0462626205	0.0125955621	-0.0833654836	0.137125954	0.0699258778	0.1071098523	-0.0363251635	-0.048324253	0.0303720698	0.0493004424	-0.002411711	0.0106905479	0.0859246082	0.1013809173	-0.1009217759	-0.0054909591	-0.1612901854	-0.0519901474	0.0625299276	0.0286524553	-0.0835807361	-0.0765483213	0.0397147891	0.0993068457	-0.0132192663825776	-0.0016857572479836	0.0001747490036935	2.8417774991292414e-06	0.0639661417213801	0.1113330546987753	0.0040916672867196	0.0123950490685604	0.0101715093702168	-0.0085423164784401	0.0001034596028684	7.297117081782929e-05	0.0016109851035237	-7.500066132369999e-05	2.5952730037752663e-06	5.625099198992348e-09	-3.288206436291574e-05	-1.588637899008205e-07	2.5237703741652044e-14	1.0812301567669332e-09	-0.001094974250143	-0.0002370010169485	5.616948203467053e-08	1.198968608476225e-06
257.3033615635245	-0.3470543509359913	66205.01987188982	0.1204467225036022	434.9850959563523	0.0281770256128197	189212.03370415705	0.0007939447723855	250.4418029785156	0.3929233065732092	0.1543887248484241	62721.09667912962	270.12532387658644	290.0204342371508	1.235013	28.208422	0.1529821566088118	0.1007972031287177	0.0203164918	0.0941373847	-0.0549405183	-0.0116922894	0.0528279278	-0.0700125967	-0.0781694478	0.0333254697	0.015598289	-0.1233788108	-0.0245117098	-0.0085036421	0.0377244427	0.0170818123	-0.0056282702	-0.0795402448	-0.0958911179	-0.0786472316	0.023337159	-0.0096744523	-0.1175205072	0.010222545	0.0731584029	-0.0081219468	-0.0379413945	-0.099871124	-0.1011316329	-0.0166879411	0.041727392	0.0004816758	-0.0224637518	0.0160290881	-0.0100552881	-0.0295934178	0.0223052739	-0.0102465119	-0.0253640429	-0.0377586422	-0.042525009	-0.099384832	-0.0016924447	-0.0939291921	0.1615515014	0.0641533447	-0.0434989702	-0.0969086159	0.105381775	-0.0081892783	-0.0007705124	-0.0633745942	0.0540616959	-0.0340790972	0.0652127846	0.0440953433	-0.0925752988	-0.1371863352	0.0522041455	0.0269397487	-0.0049465818	0.0182426675	0.1029059165	4.48191e-05	-0.0226051645	0.0304572737	-0.0668239723	0.0003496082	-0.0283292451	-0.0866185903	0.0854560987	-0.012486506	0.0439402694	-0.0194817403	0.0245421337	-0.0961226643	0.0644948031	0.1013308311	0.0669986095	0.0049560407	-0.0087328369	-0.0896672848	-0.0622410912	-0.0310136142	-0.0984945611	-0.0549937482	0.0795765365	0.0502510901	-0.087792586	-0.052544833	0.0877963699	-0.1258095006	0.021525499	-0.046337699	0.0823384496	0.0169998569	-0.0317292548	-0.026553588	-0.0733426461	-0.0305503982	0.0068504086	-0.0178729057	-0.0152027651	0.1141304429	0.0345725034	0.1313975321	0.064949636	-0.0535997279	0.0415932731	0.0119074568	0.0703493503	0.0759029674	-0.0391510428	0.057834485	-0.0286900784	0.1345298046	0.0066587829	0.0276659675	0.0523837397	-0.0250023994	0.0676399984	-0.0391711828	0.0559404633	0.0005545997	0.0050266515	0.0018913483	-0.0639374072	-0.0090614352	-0.1111550641	-0.0473955123	-0.0860662511	-0.0740364192	0.0438564828	-0.0682067451	-0.0466488509	0.0093833221	-0.0775998823	0.0164272779	0.0545577005	0.0307988893	0.0507473378	0.1424109284	0.0867908406	0.0518562209	0.0728886343	-0.0491303103	0.0322604497	-0.0329185617	0.01786968	0.027144045	-0.0852640164	-0.0734322509	0.04539905	0.098078528	-0.0046335204700227	0.0085857459125549	2.146951194611938e-05	7.371503287495317e-05	-0.0341465718336593	-0.0981127135550394	0.0011659883679912	0.0096261045611332	-0.0044713368709423	-0.0146428462411591	1.999285341344808e-05	0.0002144129460422	0.0022209854138683	0.0006100003103445	4.932776208615744e-06	3.721003786205082e-07	-3.3692085245284886e-05	-8.100208823691446e-07	6.561338298740876e-13	1.1351566081755436e-09	-0.0010729675633688	2.2006686774199988e-05	4.842942627777485e-10	1.1512593920415798e-06
257.0589638341258	-0.2443977293987131	66079.31088747439	0.0597302501352466	430.1005807619416	-4.88451519441071	184986.50957175947	23.858488684429098	249.80466351476005	-0.6371394637555454	0.405946696274704	62402.36991372249	269.1714488686122	289.55918217173576	1.083074	24.738037	0.1801299260086156	0.1022468039711301	0.0598649537	-0.0414427616	0.1074211528	-0.0908440097	-0.1100519866	-0.074535335	0.1338417568	-0.0106356326	0.034823822	-0.0077121802	0.0487553102	-0.1021274576	-0.0135790023	-0.0402490315	-0.1272930192	-0.008117891	-0.0260612334	-0.0253176269	0.0701578456	-0.0434742794	0.0295136939	0.0523120507	0.0255586422	-0.0454644957	-0.0784845249	0.0232620826	-0.0184624059	-0.0918694035	0.1021466009	0.0662832879	0.0796327311	-0.0366706046	0.0012800956	-0.0532657122	-0.0761485514	-0.0948585976	0.0461802147	0.0003615538	0.0100878241	0.0301016631	0.089142572	-0.0069476442	0.0368941441	-0.0644277046	-0.0103055047	-0.0366807862	0.0804296169	0.0230659778	-0.0081740326	0.0711618474	0.1048578045	-0.065182076	-0.0378472943	-0.056759422	-0.0178701446	-0.0104593131	0.1084783372	-0.0082579915	0.0995596627	0.0759731994	-0.0864248508	-0.1247806511	0.0180422563	-0.0975405816	0.0461231625	0.1678897567	0.1833124038	0.0814364692	0.090545723	-0.1086378423	-0.0205266192	-0.0220181452	-0.112828645	0.1033147869	0.0416640855	0.0058836172	-0.0050816474	-0.0191601946	-0.0379756808	-0.1109284264	0.0370494725	-0.040262425	-0.0541701684	-0.0677061301	-0.0717688495	0.0097512102	0.038629269	-0.0182407068	0.030240857	-0.0424705421	-0.0307530234	-0.0161801191	0.0475790628	-0.0642879983	-0.0660156933	-0.1069962681	-0.0660257848	-0.1145803063	0.0987429681	0.0044163285	0.1280792347	0.0099661121	-0.0181775807	-0.0369474558	0.0087681738	-0.0882686792	-0.0097774303	-0.0139704496	-0.0029196789	-0.0777806057	0.0643673209	0.0652766741	0.1192226693	0.0005873485	0.0777289841	0.0143448498	-0.0362299153	-0.0239099092	0.0085069356	-0.0767143627	-0.0987538896	-0.0104237181	0.139654811	-0.1004786545	0.0825883135	-0.04460895	-0.0071906456	0.0352820581	-0.0003252939	-0.0704093538	-0.0857155408	-0.0246493609	0.029643464	0.06753919	-0.0299803834	0.0207959099	-0.0688405728	0.0161492875	0.0806589047	0.000904598	-0.0076287492	0.0630885176	-0.0705254386	0.1119536038	0.0273121583	0.0756765234	-0.0190710617	0.0256289373	-0.0868631514	-0.0701531426	0.0509041416	0.0962455236	-0.0168883062318627	-0.01225478576184	0.0002852148873811	0.0001501797740685	0.0586953386508071	0.0928419104844664	0.0034451427793329	0.0086196203424056	0.0285464844482277	0.03301782131917	0.0008149017743529	0.0010901765246646	0.0016585995500382	-0.00056238586383	2.75095246738692e-06	3.162778598359276e-07	0.0001730514565294	0.0002067435417746	4.274289206554088e-08	2.994680660694682e-08	-0.0011441463266268	-7.117876325800007e-05	5.0664163389384214e-09	1.3090708167336e-06
258.20088891094935	1.1419250768235545	66667.6990344044	1.3039928810784802	436.1631668819471	6.062586120005506	190238.30814448925	36.75495046248341	251.15708455105607	1.3524210362960218	1.8290426594160056	63079.88112018633	270.7678833986796	292.258586646297	1.26591	28.914114	0.2579201379982609	0.2139701987903892	-0.0780013254	0.0605532589	-0.0705602745	0.0318115412	0.1113651506	0.0250005927	-0.0410592693	0.0249100605	0.0715873831	-0.0513056731	0.0971994031	0.1010024499	0.0274501697	0.0063503808	0.0225262804	-0.0461119674	0.0541292795	0.0838598337	0.018638384	0.0856974197	-0.1128068007	0.0328152758	0.0521874741	0.0241395774	0.0910262243	-0.0412946678	-0.0385167558	-0.0408399832	0.1613342362	0.1084190075	-0.0023231535	0.0815258344	-0.0258830578	-0.0422006825	-0.0082443917	0.0859428704	-0.0781916743	0.0943209031	0.1622990801	0.035596759	-0.0340019137	0.0682029854	-0.0155891191	0.0366112064	-0.0229731691	0.063356159	-0.0271931	0.0138052323	-0.1251787734	0.1239938197	0.0617268595	0.0352035092	0.0136296361	0.0459143305	0.0711889576	0.040811273	0.1073714279	-0.0721257634	-0.0182246686	-0.0453527383	-0.1394972784	-0.0631817188	0.0318762986	-0.1679068102	0.0676463994	0.0071577798	0.0003689623	0.0261982931	0.0303399682	0.0971539483	0.0283379813	0.0531322447	0.0164953461	-0.0631922111	0.0367779496	-0.0112549613	0.0435306158	-0.0854122523	0.0526796618	-0.0389052865	0.0637598831	-0.0253279218	0.0151997252	-0.1246387628	0.0502514798	0.0375148078	-0.1031025344	0.0239165807	0.0387462918	-0.0802133404	0.0989629934	0.0651278173	0.1292798507	0.0759511593	-0.0968140621	0.1000979466	0.0404920235	0.0040562455	-0.0615994421	-0.0331076071	0.0997359236	-0.0562373141	-0.0579635411	-0.1267416837	-0.0454355492	-0.0161027642	0.0156352567	-0.0356033518	-0.0867278274	-0.1154379152	0.0013611202	0.06893115	-0.0285524535	-0.0798338714	0.0094696212	-0.0210797097	0.072245977	-0.0837058916	-0.0555937402	0.07628312	-0.0677414761	-0.1976514744	0.0080865365	0.0918991894	-0.043452488	0.014743292	0.0498863142	-0.0152056255	-0.0107385634	-0.0132196239	0.1220024899	0.02925943	0.0368777782	0.0378678088	-0.0841831603	-0.0412042741	0.045435351	0.0335378309	0.1879135078	0.1196049816	0.0564649527	-0.0132387304	0.0387098299	-0.1234368157	-0.0407363891	-0.0733154695	0.0669392661	0.0241075061	-0.088376563	-0.0667182767	0.0562083378	0.0938191336	-0.0097804837358665	0.0071078224959962	9.565786210754912e-05	5.052114063458968e-05	-0.1571754433132781	-0.2158707819640852	0.0247041199807254	0.0466001945057856	0.0186185110532832	-0.0099279733949444	0.0003466489538412	9.856465573072575e-05	0.0020856197798698	0.0004270202298316	4.349809866184154e-06	1.823462766854326e-07	0.0001897485739223	1.6697117392900013e-05	2.7879372923228416e-10	3.6004521305546555e-08	-0.001200700182267	-5.6553855640199954e-05	3.198338587772576e-09	1.441680927696007e-06
257.26296391151567	-0.937924999433676	66184.23260053781	0.8797033045626612	433.11999044525487	-3.0431764366922494	187592.9261232977	9.260922824838936	250.4562545488133	-0.7008300022427818	0.4911626920436175	62728.33544261996	270.1088004525252	291.21921415375806	1.277548	29.179932	0.3882223952738342	0.3319795031466436	0.109567995	0.0226704465	0.0190604912	0.0076839424	-0.1008374888	-0.0482315382	-0.0049724549	0.0071143222	-0.0637222915	-0.0612490665	0.1282344509	-0.1299218694	0.0049240611	0.0232725521	0.0329551823	0.2139943108	-0.0632357486	-0.0115357884	0.0293516219	0.1095089445	-0.0299824073	0.0952014835	-0.0488219328	-0.043471581	0.0410638428	-0.0384225504	0.101351396	0.101368346	0.012640495	0.09953694	0.0352460602	0.0691749945	0.0157697314	-0.0029530791	-0.0763621019	0.0955213687	0.0543617522	-0.0700116931	0.1162869865	0.0692765114	0.0516070971	-0.0175269371	-0.0931240856	0.0936464225	-0.0983807228	-0.0678935475	-0.0039439305	0.0630771728	-0.2133435081	0.0520000832	0.0364620813	0.1223470831	0.0776956648	0.0988773976	0.0978017655	-0.0649080846	-0.1797238982	-0.1169950246	0.0904272713	-0.0354722678	0.1826414233	-0.031469256	-0.0105208497	-0.0097558436	0.0541076641	-0.0377881512	-0.0295777415	0.0620350569	-0.0098588417	-0.130147344	-0.0037507581	-0.0440363831	0.0809517167	0.0285018923	-0.0056757525	0.0229664376	-0.0927827621	-0.069808286	0.1250632981	-0.16594905	0.0494451041	0.0919605402	0.0425296693	0.1977719316	-0.0217966235	0.0576338838	-0.0830789967	0.0345808019	-0.1059033803	0.0170320788	0.0401726651	0.0581935052	0.0218379945	0.0303871418	-0.0797966394	-0.0502267042	-0.016986208	0.0421445407	-0.0579622208	0.0246371927	0.0624157947	-0.0816834416	-0.0057941435	0.0434793457	0.1188029738	0.0774204975	0.2109282752	0.1843343371	-0.0294742806	0.0373144389	0.0201236132	0.0893604358	0.0392831699	-0.0534538432	0.0049825426	0.0775253715	0.0330763099	0.1424073476	-0.0348235667	-0.0471220508	-0.0179301816	-0.1135421143	0.0683037709	-0.1358861127	-0.0798734303	0.0093165828	-0.0857557096	0.1408543704	0.1538316966	-0.0169811994	0.0161984255	-0.1344619855	0.135667543	-0.0161403134	0.0206683797	-0.005709173	0.0183698851	0.1325128649	-0.074033142	-0.0137478441	0.0472219726	0.1069169834	-0.0694425033	-0.0450435789	-0.0014552134	0.1243450157	-0.0931548234	0.0225801267	-0.0898027576	-0.0631352795	0.0612907054	0.0908143174	-0.0207392270015276	-0.0109587432656611	0.0004301155366208	0.0001200940539626	0.1778365137056283	0.3350119570189064	0.0316258256069721	0.1122330113456376	0.0092065076555414	-0.0094120033977418	8.475978321154241e-05	8.858580795910322e-05	0.0015241687168136	-0.0005614510630562	2.323090277313216e-06	3.152272962069372e-07	0.0002765782130995	8.682963917719998e-05	7.539386239642743e-09	7.649550796131243e-08	-0.0012092133118641	-8.513129597100119e-06	7.247337553702203e-11	1.4621968335893454e-06
256.8602747173191	-0.4026891941965687	65977.20072785663	0.1621585871226818	432.64968970652376	-0.4703007387311118	187185.7540031513	0.2211827848510294	250.3278859093636	-0.1283686394496896	0.0164785075941644	62664.05046385136	269.7648342996966	290.93013820164333	1.245183	28.440704	0.2692440000333435	0.2379840659871993	-0.0775178635	-0.0899427142	0.1437544505	-0.1130162089	-0.0135307593	-0.0037037444	0.166252979	0.0510539216	0.0962846739	-0.0191771627	-0.0659475526	0.0082966915	0.0117664774	-0.0511478507	-0.103569098	-0.0942992894	0.093829577	0.1051039724	0.1193442467	0.0542185879	-0.0011236858	0.0741187868	-0.1311208165	-0.0506724019	0.0412887747	0.0370944024	-0.0296103923	-0.0895280805	0.0109773528	-0.0294556421	0.1528751214	-0.068095877	0.0312864526	0.0318259506	-0.0298875643	0.0315262587	-0.0621135732	-0.0203484204	0.0244092081	-0.0301073434	0.0363017461	0.0647457391	0.0489633713	0.0338786865	-0.0990929863	-0.0518877946	-0.078874696	0.0419415009	-0.0195831044	-0.0160202304	-0.0987292974	0.0907096433	0.056172526	-0.0103027888	-0.0384511635	0.1251065389	-0.0724010021	0.0872215122	-0.0492163215	0.0515325242	0.0747448569	-0.0295496639	0.0535957411	-0.0170698481	0.1415916306	-0.0614282424	-0.1113499476	0.0174793932	0.0644982261	0.0037852266	0.0035001328	0.0658656883	-0.1576406	0.0914602189	0.0019395753	-0.0312140593	0.1325526981	0.0149780051	0.0666401583	0.072591056	0.102087452	-0.0592230223	0.0991267882	-0.0060923081	-0.011543985	-0.0241533928	-0.0804452962	-0.0197711023	0.0429645299	0.0245049221	-0.0504337005	0.0555649307	0.1182025278	0.0173047293	0.006219134	-0.0593531955	0.0137485929	-0.0977849755	-0.0930087989	0.0980000833	0.1138733306	0.0305467509	-0.115427228	0.1442992057	0.0538818494	0.0822283506	0.0586847461	-0.0086264389	-0.047803108	-0.02599028	-0.0565419322	-0.1307471145	-0.0372299661	0.0082448392	-0.0709158301	0.0204462736	0.0581449055	-0.0595312179	0.0659497222	0.0617223364	0.064160546	-0.0076161896	-0.1004837491	-0.0283171904	0.1119884233	-0.0665850433	0.0307653461	0.0766197502	-0.0364624861	-0.0237330516	-0.0379540429	0.1937307919	0.0843216318	0.0407043255	-0.1038247967	0.024973417	0.0851443238	0.0247314527	0.0052031222	0.1043463152	0.0797986812	0.058093523	0.036038482	-0.136652123	-0.1477515105	-0.0471957413	-0.1569813154	0.021047176	-0.0911403277	-0.0594121063	0.0661311865	0.0872496007	-0.0192550373964195	0.001484189605108	0.0003707564651375	2.202818783910936e-06	-0.0597591934950543	-0.2375957072006826	0.0035711612071793	0.0564517200801924	0.0314966784797192	0.0222901708241778	0.0009920407552548	0.000496851715371	0.0016011960564209	7.702733960729988e-05	2.563828811097841e-06	5.933211046978308e-09	0.0003109958729878	3.44176598883e-05	1.1845753121866946e-09	9.671843301544383e-08	-0.001255246960436	-4.603364857189997e-05	2.1190968008411886e-09	1.5756449316838171e-06
256.99927101037576	0.1389962930566639	66048.62529986457	0.019319969483494	434.435585322005	1.7858956154812518	188734.2777940731	3.189423149395159	250.26403648152936	-0.063849427834242	0.00407674943476	62632.087956028256	269.96123665392173	288.4558981600448	1.244086	28.415649	0.0385622199568998	0.0263399812132772	0.0405488018	0.1158828359	-0.0625761145	-0.043295398	0.0320222752	-0.0447764361	-0.1101846557	0.0808920092	-0.0188518449	-0.1565498112	-0.0190974062	-0.0175722665	0.0507085159	0.1357672186	-0.0273510133	-0.0909487625	-0.0268692494	0.1629837049	0.0721397355	0.0171599227	-0.0616719235	-0.1290437765	-0.1009760791	-0.039756389	-0.0240723096	0.0076194275	-0.1336121039	-0.0674359279	-0.0003371765	0.0376413713	0.080584964	0.1371571242	-0.0795419172	-0.0151971035	-0.1588196216	-0.0102096589	-0.0461459177	-0.0267719608	-0.0789683489	-0.0026837234	-0.0849205859	-0.0520357802	-0.1277057525	-0.0150254049	-0.0095185671	0.0649208756	0.115539981	0.0008322879	0.0353097514	0.1100187419	0.03552221	0.053365987	0.0807187308	0.0028633407	0.0305003534	0.0088946237	-0.051730266	-0.001240637	0.077626506	-0.0216623191	0.0168576159	-0.0229652073	-0.0052058265	-0.0120298099	-0.0729545296	0.0615783194	0.0319775043	-0.04932678	0.0019359034	-0.0175633609	0.039115178	0.0036334352	0.0677729837	-0.1086543203	0.1390333351	0.0235266807	0.1422092256	-0.0011249256	0.1245571621	0.0246328442	-0.0039303649	-0.1612934371	-0.0637705035	-0.0337541047	0.050524331	-0.067840577	-0.0053865896	0.0282512813	-0.0337871985	0.0408722272	-0.1052072085	0.0145547137	0.0345771104	-0.0111467468	0.027568889	-0.152002062	-0.0026250574	-0.0817707528	0.0015302392	-0.0361637073	0.026240263	-0.0988814042	-0.0567517919	-0.0118664265	-0.1112468994	0.1129402901	0.0178907014	-0.0408581127	-0.0812652335	-0.0661040594	0.0296973807	0.0471089424	0.0395438983	-0.0720981853	-0.0577069693	0.0170421012	-0.0539006965	-0.0879369029	0.0025105979	0.0392070602	0.0158841967	0.0223817268	0.1381952015	0.0119978115	-0.0615963316	-0.0882406752	0.0172237554	-0.1311928449	0.0217815928	-0.0077975606	0.090298873	-0.0096655822	-0.0515354585	-0.0283148865	-0.1632112107	0.0111525263	0.0714566223	-0.0519118625	-0.0185388857	0.0670471369	0.0582979988	0.1114031843	-0.0040199025	0.0833438624	-0.0022045256	0.0511234815	-0.0429424839	0.0195090322	-0.0923879533	-0.0555570233	0.0707106781	0.0831469612	-0.017138223642334	0.0021168137540855	0.0002937187096146	4.480900469485552e-06	-0.0399761035268539	0.0197830899682004	0.0015980888531897	0.0003913706486899	0.0315941054773531	9.742699763389678e-05	0.0009981875009141	9.492019867955329e-09	0.0018817060057885	0.0002805099493676	3.5408174922205106e-06	7.868583169421358e-08	0.00033084882748	1.985295449220001e-05	3.941398020693647e-10	1.094609466448908e-07	-0.0012243120795562	3.093488087980013e-05	9.569668550474235e-10	1.4989400681472269e-06
256.9067664559829	-0.0925045543928604	66001.08665086894	0.0085570925834216	432.3937946705336	-2.041790651471388	186964.3936695836	4.168909064435954	250.293575698629	0.0295392170996535	0.0008725653468604	62646.87403600533	269.74221056840554	290.3992642294951	1.092054	24.943148	0.118486052308519	0.0825846041830359	0.0316896132	-0.0948518493	-0.0117708561	-0.0566708631	-0.0862599061	0.0323493982	0.119606374	-0.0085994138	0.102998834	-0.113578851	0.1135446373	0.0460903767	0.0638349701	0.0052690034	-0.1244799673	-0.1071537418	-0.0710271038	0.0023326537	-0.0158349784	-0.0169532657	-0.1092787891	-0.0587174343	0.0347537563	0.0087722015	-0.0992943305	0.1091422752	0.1350139259	-0.1871933283	-0.0428723235	-0.0440789546	-0.1048382194	-0.0293532853	-0.0726180458	0.0333884071	-0.0404739678	0.0470280242	0.0330851196	0.0803619535	-0.0745783694	0.0830906844	0.0508004279	-0.0217669467	-0.0067633685	0.0451135441	-0.0485634308	-0.1052473359	0.0046077756	-0.0121167664	-0.0933477596	0.00590951	-0.0092056525	-0.1100771243	-0.0283424027	-0.0103240026	-0.0584011142	0.0517072586	-0.0557225927	0.0197252723	0.0106878968	-0.0064301456	0.1160839881	0.0474726707	0.1016437448	-0.0069953053	0.0300410701	0.007560276	-0.01130147	0.0423330892	-0.0004401742	0.0363790437	0.0651742288	-0.0522190877	-0.0945356559	0.1077373115	0.115372934	0.0439842789	0.0859331241	-0.0844449979	-0.0571135237	-0.0403260881	-0.0113909213	0.0091874172	0.0397557469	-0.0890569632	-0.0037058312	0.0288944917	0.1901769688	0.0324115708	-0.0618077272	0.0533676104	-0.031687794	-0.1002662626	0.1651363071	0.0562335905	-0.0040773783	-0.020363693	-0.0412988011	-0.0754723948	-0.0390785604	0.087316667	-0.0639212028	0.0340840821	-0.0678380929	0.0182066383	0.0245756061	0.0625745617	0.0143948548	-0.0482817314	-0.0950941759	0.0448449836	-0.0176344235	-0.0338588277	-0.0172579144	0.0381946293	0.0856211497	-0.0164906559	0.052026282	0.0106324875	6.35302e-05	-0.022433367	0.1470553589	0.0313108715	1.74159e-05	0.0571911302	0.0787442932	-0.0356122291	-0.0763618971	-0.0530758581	0.0438891092	-0.0765775756	-0.0421831787	0.0337527979	0.0602109321	-0.0325321507	-0.0563032069	0.0145660489	-0.0595729835	0.0215925801	0.0097741685	0.0850928729	-0.0350153039	-0.0244045434	-0.0130440749	-0.0064908831	-0.0231349061	0.0453175989	-0.052424388	0.0179660749	-0.0935444031	-0.0515785898	0.075011107	0.0785316931	-0.0251816600677017	-0.0080434364253677	0.0006341160037652	6.469686952893194e-05	-0.1207136555418202	-0.0807375520149663	0.0145717866342692	0.0065185523053693	0.012492885516913	-0.01910121996044	0.0001560721885386	0.0003648566039771	0.0020842039044158	0.0002024978986272	4.343905915182064e-06	4.100539894847218e-08	0.0003297331219695	-1.115705510500002e-06	1.2447987861600698e-12	1.0872393172375317e-07	-0.0012158488055391	8.46327401710003e-06	7.162700708852046e-11	1.478288317930856e-06
257.34675939954974	0.4399929435668355	66227.35457344975	0.1935937903886085	435.4795545085093	3.0857598379756723	189642.4423949297	9.521913777663649	250.3861155543037	0.092539855674687	0.0085636248882919	62693.206862373125	270.10513630731003	289.17041599652964	1.068961	24.415682	0.1400568454626546	0.1079501215898856	-0.026851489	0.0846014346	-0.0559006704	-0.0052278277	0.0943071774	-0.035421135	-0.0416376253	0.0438648667	-0.0675321526	-0.114998226	0.0928547387	-0.0235865468	0.0241118331	0.1143608193	-0.0286147671	-0.0372544325	-0.0081752874	0.0230903236	0.0617710354	0.0588049628	-0.0524544065	0.0770306	-0.054698014	0.038479923	-0.0687723256	0.0021266984	-0.0720918168	0.1625344234	6.83427e-05	0.0064414326	-0.1841837516	-0.0293037974	-0.0008022491	0.1044440846	-0.0070289821	-0.0327324236	0.1468831319	0.1234894384	-0.0505465517	-0.0525253515	-0.001321227	0.0897276023	0.1723721641	-0.0250338676	0.0401992649	0.0949943498	0.0624926564	-0.0070877125	0.0707113501	0.0927588959	0.1227036421	0.1037620395	0.0665325306	-0.0150708397	0.0717015689	-0.0418014486	-0.0259038332	-0.0694654402	-0.094639957	-0.0422771904	0.0725547531	0.1321932529	-0.0924637012	0.0473035918	-0.091379965	0.0135387845	0.0179878339	-0.0764494775	-0.1043689649	-0.0235107679	0.0234485649	0.0324938511	0.0580399538	-0.0646990869	0.1078378681	0.0373825298	0.0439350537	0.008426474	0.0377109279	-0.1435798882	0.027187099	-0.0600745211	0.1240564182	-0.0670563066	-0.0049558145	-0.1385267452	-0.0505022523	-0.0180380544	-0.0512514458	0.0766063956	0.0724731155	-0.0747054549	-0.0737895756	0.0073930988	-0.0812103721	0.1647264	-0.135339735	-0.0073310916	-0.0618793926	-0.0648873806	0.0021248014	0.0825477175	0.0408263158	-0.0210082731	-0.0264312451	-0.1748709866	0.0832411555	-0.0289198216	0.1213274654	0.0362875426	0.1328387676	0.0168464447	0.0147567616	0.1028328174	-0.1583193236	-0.0085354449	0.0111738926	-0.0696469285	0.0229802287	0.0531194121	0.1287816059	0.0682078922	0.0821556386	-0.0027949696	-0.0935080819	-0.0999520559	-0.0339271357	-0.0423195144	-0.0386721331	-0.0524333543	0.0579624732	-0.0105133158	0.0203181746	-0.0730863872	-0.0972881016	-0.0140435329	-0.061546033	-0.0120242415	0.075423359	0.0516845734	0.0094686584	0.0854280845	-0.1161139389	-0.0182286124	-0.0822720382	-0.0902250981	0.0712639549	0.0164186847	-0.0946085359	-0.047485639	0.0790155012	0.0734322509	-0.0305390687345123	-0.0053574086668106	0.0009326347191712	2.870182762321734e-05	-0.012690405974709	0.1080232495671112	0.0001610464038029	0.0116690224470383	0.0221672958910659	0.0096744103741529	0.000491389007122	9.359421608751728e-05	0.0018682477355323	-0.0002159561688834	3.4903496013215664e-06	4.6637066878838714e-08	0.0003837995188538	5.406639688429997e-05	2.923175272050641e-09	1.4730207067240836e-07	-0.0012858617768629	-7.00129713238002e-05	4.901816153587268e-09	1.6534405091970146e-06
257.3275194834652	-0.0192399160845297	66217.45228351316	0.0003701743709397	432.7335091280133	-2.746045380496014	187258.28992224435	7.540765231743498	250.7168034455734	0.3306878912696902	0.1093544814323944	62858.91552996628	270.1993283827752	290.8577768697286	1.135928	25.945251	0.1359806363968108	0.1158279569478017	0.0894208606	-0.0121845742	0.0385493724	-0.0192883359	-0.0840096986	-0.0275955147	0.0336509147	-0.0120057073	0.1907674409	-0.0077925237	0.0859463044	0.066735474	0.0294357331	-0.0420223249	-0.0691457119	-0.0496391493	0.0897313312	0.0105015365	0.05199074	0.1541028205	-0.0299965529	0.1198408413	-0.007327865	0.0159806438	-0.0221145542	-0.0929279203	0.0491946346	-0.0654281038	-0.1303239403	0.0235330962	-0.0396684092	-0.1093761729	0.1034925177	0.0520588832	0.0607866167	-0.0216615478	0.0050208179	0.1781938762	0.0111735945	-0.0332571444	-0.0228264624	-0.0208884668	0.1073674029	0.0177054168	0.0537626104	0.0075923988	0.0635644683	-0.029878472	-0.0383567643	-0.0324707975	0.1006141212	-0.0007063199	0.0588040168	0.0369520041	-0.0219646539	0.0370718992	0.0326603188	-0.0348620409	-0.0499052537	0.020477269	-0.0738191303	-0.1371329574	0.0484030807	-0.2008496449	-0.0151619108	0.0189469738	0.0766993883	-0.1715167792	0.0457855171	0.0479994172	0.0343544075	-0.0777451939	-0.1334598997	0.0095566993	0.0417792487	-0.1096401937	0.0311844594	-0.0529299293	-0.005630693	-0.0844674101	0.1283110641	0.0120385045	0.0727748793	0.0420546653	0.048791471	-0.1108203124	0.084560288	-0.0003975605	0.0381446114	0.0167657318	0.1353820413	-0.0962970198	-0.0053049908	0.0394485224	-0.0285070135	0.0313357373	0.0112640979	-0.0575380037	-0.1124358935	-0.0419451641	0.0106711067	0.1467711396	0.0417344473	0.0063361836	-0.0191219902	-0.0594730007	-0.0409421799	-0.0809504963	-0.0732092204	0.0133117832	-0.1153731344	0.0294985001	-0.0953912647	0.04534314	0.0174307588	0.0234164551	0.0610178633	-0.148728294	-0.0584460741	-0.0560711751	-0.1190082212	0.0423710758	-0.0287681315	0.0421050634	0.1640144977	-0.0573144109	-0.001758662	-0.0409957838	0.041652393	0.0006564353	-0.0498371654	-0.0135084857	0.0856550025	-0.1047383345	-0.0544297835	0.0647097957	-0.0510925157	0.030137041	0.0166319845	0.0649226461	-0.0147794392	0.1048536631	-0.0089676846	-0.0604159474	-0.1633058751	0.0654803087	-0.0485581491	0.0148672434	-0.0955793015	-0.0432872582	0.0827080574	0.0678800746	-0.0228663005612617	0.0076727681732506	0.0005228677013579	5.887137144044737e-05	-0.1272291487339032	-0.1145387427591942	0.0161872562875536	0.0131191235928568	0.0231886991517669	0.0010214032607009	0.0005377157683511	1.043264620970634e-06	0.0017871963938998	-8.105134163250002e-05	3.1940709503684487e-06	6.569319980428231e-09	0.0002827867152916	-0.0001010128035621	1.0203586483495597e-08	7.996832634541246e-08	-0.0013587520757415	-7.289029887859997e-05	5.312995670611632e-09	1.846207203331835e-06
257.6394608355104	0.3119413520452099	66378.09177961251	0.0973074071157935	437.6170701016201	4.883560973606791	191508.70004432625	23.849167782935307	250.9203689136961	0.2035654681227185	0.0414388998120215	62961.03153578536	270.73198741446714	292.5313780803337	1.361762	31.103432	0.0766278516331582	0.0493343392032041	-0.1459477492	-0.0206360916	-0.1170156179	0.0581264343	0.1100529788	0.120630182	0.03124381	-0.0163325334	-0.0207893373	-0.1189464841	-0.0598398104	0.062488477	0.101352975	0.1744721665	0.064197976	-0.0491054138	-0.0356649067	0.0469792003	0.0717119996	-0.0866162338	0.0345241777	-0.0027732724	0.1038170713	0.0112676545	0.0231668081	0.0241714701	-0.0331035717	0.0514721531	0.0283980802	-0.1726310176	-0.0043352925	0.0489539657	0.0331328288	0.0232699053	0.0305949973	-0.0036273434	0.1052736323	-0.0383404846	0.0077607452	0.0564933582	0.098173179	-0.0153740652	-0.061200378	-0.0608145797	0.1063042925	0.0038393927	0.0423669855	-0.0638503069	0.139633692	0.1186384678	0.091096598	-0.0355445192	0.1427961224	0.0204615466	-0.0196574746	0.0151915624	0.0206060496	0.0263032282	-0.1506166731	-0.0021230864	0.0180849739	-0.0285066695	0.0255078774	0.0639332313	0.098613404	0.0299644018	-0.1001440146	0.0556869277	-0.0870800962	0.066038557	0.1031926453	0.1099385979	0.0917410034	0.0059669614	0.0539584117	0.1383096134	0.0979706305	0.0271819866	-0.0018446434	0.0167385846	0.0062895606	0.0182496272	0.1063059676	-0.0542074676	-0.0458198837	0.0300318036	-0.0066351752	0.0235792512	0.0071633449	0.0688533948	-0.0738748108	-0.0721725238	-0.0861344737	-0.1062528889	0.0876074785	-0.0216044182	0.1143987668	0.0364199609	0.0214959973	-0.035001304	0.0279869616	-0.0003040305	0.1364198361	-0.1267667993	-0.0110934814	0.033376143	0.0091443844	-0.0269866517	0.0544808783	-0.0387781708	0.1196626169	0.1556043711	-0.0712908175	0.0541870062	-0.1158096019	0.0514455042	-0.0786695442	-0.0098131047	-0.0231650838	-0.028954628	-0.0575478346	0.1006614985	-0.0222825084	0.098329522	-0.1504728869	-0.017619766	-0.0282828299	-0.0761525684	-0.0534140182	-0.0862653192	0.0550022247	0.1045921321	-0.0448578784	-0.0896067055	0.0327738764	-0.0421985217	-0.05475961	-0.063703058	0.0399211861	0.0132163836	-0.0771843425	0.1161178072	-0.0514876502	-0.1620783096	0.1523707585	0.0529491075	0.0092341209	0.0133121339	-0.0964557418	-0.0389927688	0.0860742027	0.0619093949	-0.0228918320349151	-2.55314736534e-05	0.0005240359739147	6.518561469142582e-10	-0.1047030917439713	0.0225260569899319	0.0109627374207464	0.0005074232435136	-0.004289934711231	-0.0274786338629979	1.8403539826624604e-05	0.0007550753189766	0.0022982000675246	0.0005110036736247	5.281723550370075e-06	2.6112475445804105e-07	0.000281915582067	-8.711332246000248e-07	7.588730950020375e-13	7.947639541217541e-08	-0.0013788298550236	-2.007777928209986e-05	4.031172209007184e-10	1.9011717691044016e-06
256.81863809144784	-0.8208227440625819	65955.81287114606	0.6737499771704268	431.871862240052	-5.745207861568076	186513.30539469043	33.007413372623624	250.16756029504023	-0.7528086186558767	0.5667208163225691	62583.80822397259	269.6483405561828	288.9551347023922	1.420666	32.448845	0.2002387776172517	0.1332856879230942	0.0931861499	0.0075692728	0.0691080637	-0.0564939615	-0.1199882672	-0.0743277026	0.0592628858	0.0080038122	0.0168193196	-0.0708802249	0.0673542102	-0.0797561476	0.0424952393	-0.0175873581	-0.115670497	-0.052693257	-0.0745851118	0.0265896992	-0.0132731535	0.0876869562	-0.0394693288	0.1725252669	0.0056788282	0.0599773764	-0.0267133177	0.030871026	0.0931095177	0.0119630843	-0.0855035419	0.1168334913	-0.0412409841	0.1355196177	0.0925862462	-0.0359800508	0.0809142501	-0.018244435	-0.0087200021	-0.1214440068	-0.1213764799	-0.0311530522	0.0167773045	0.0522998163	-0.0170404443	-0.0477725311	0.0790796087	0.0075939487	-0.063971626	0.0122348068	-0.009342792	-0.0095051129	-0.0098083737	0.001119345	-0.0382080582	-0.0875779313	0.0117600765	-0.0939565328	0.0726510426	-0.0204283153	0.1231369009	0.0381504117	-0.0568937919	0.0544291118	-0.0158469737	-0.0538906751	0.1879173423	-0.1245427533	-0.1155149632	-0.0384180568	0.009276065	-0.0911052436	0.0375263175	-0.0938392818	-0.0812210817	0.0156217322	0.0999633624	0.0219227635	0.0591396977	-0.0440067656	-0.0157965174	-0.050146774	0.0644033623	0.0353810684	0.0393091363	0.1766672914	0.0358721489	-0.081042907	0.0281611443	-0.0457360453	-0.0162289338	-0.0692608492	-0.0614988556	0.0445048072	-0.0442768854	0.0806749234	-0.0709592006	0.0439309413	0.0983445769	0.1105961662	0.080613358	-0.0931068724	0.0694804315	0.1208185941	-0.0416789795	-0.0192479	0.1084157471	-0.0568254066	-0.1575347213	0.0383262501	-0.0144662593	-0.0205762559	0.0718666169	0.0178507663	0.0598354215	0.0157005647	0.1185478882	-0.0999736326	-0.0011348033	-0.0526933584	0.0349458481	0.001801162	0.0942305366	0.0722259168	-0.077420015	-0.077611165	0.1091788555	-0.0923535415	-0.0880671072	-0.0093247665	0.0464573168	-0.0414063006	0.0056378962	-0.0382627074	0.0146629986	-0.1465494569	-0.0321374515	0.0365035012	-0.0745687073	0.0146626902	0.0413322468	-0.0341898559	-0.0619459999	0.0923057501	0.0254508078	-0.0536167695	-0.1545867911	-0.0590519902	-0.0845571017	0.0117537397	-0.097236992	-0.0346117057	0.0891006524	0.0555570233	-0.026893120860393	-0.0040012888254779	0.0007232399496117	1.6010312264894312e-05	0.0255322939767381	0.1302353857207094	0.0006518980357145	0.0169612556938219	0.0167925778101434	0.0210825125213744	0.0002819906695097	0.0004444723342139	0.001562803651506	-0.0007353964160185	2.442355253160487e-06	5.408078886930017e-07	0.0004399267993813	0.0001580112173143	2.4967544797146948e-08	1.935355888138746e-07	-0.0013738456773627	4.9841776608998585e-06	2.4842026955413183e-11	1.887451945208176e-06
257.7303581823244	0.9117200908765426	66424.93752878922	0.831233524107931	437.9808290245828	6.108966784530821	191827.20659306084	37.319475174500845	250.5138615878068	0.3463012927665545	0.1199245853717869	62757.19484763482	270.2310658107523	292.46089891833293	1.290066	29.465868	0.1458259664028159	0.1194791507300299	-0.1134365969	-0.0566910945	-0.0134374146	0.0120142393	0.0681380467	0.1274353829	0.0351155897	0.0042337623	-0.0235871912	-0.0581981146	-0.0532178553	0.0541742616	0.0169501739	0.1530286573	-0.0253305006	-0.0571172352	0.1374883733	0.0969906353	0.1086897112	0.1655887648	0.0125864343	0.0111694562	0.0088800264	-0.0114940538	-0.0151486238	0.0014830702	-0.0493139964	0.0048805411	-0.0330602356	-0.0403233844	-0.0597087056	0.0720626663	-0.0529294334	0.051709225	0.0054832193	0.0009850439	-0.0926407608	-0.0741631477	-0.0127147747	0.0344064519	0.1362919692	-0.1029185223	-0.0810824376	-0.05843619	0.0805753651	0.0780208105	0.0872057083	-0.0025958976	-0.0246106423	-0.0857818602	-0.0075409422	-0.0934571556	-0.0692752185	0.0498309824	-0.1010814692	0.0594557892	-0.0740890761	0.1169582695	0.0313823027	-0.0054163434	-0.0644015246	0.0872204286	-0.1152866189	0.0016284993	0.0910172608	0.0303543226	0.0950233641	0.0307217141	0.0459401416	0.0648451779	0.0229836418	0.13082728	0.0455610816	0.0486523186	0.0876834644	-0.0829719626	0.103480971	0.114961359	0.0895722297	0.0313716704	0.187154642	-0.0267836847	0.0983902267	-0.059604337	0.008257649	0.009016862	-0.0110695638	-0.0326405333	-0.0093650387	0.0220945897	-0.0709172762	-0.0394580904	-0.0704108909	0.073925941	0.0282121642	-0.0088593071	0.0866420444	-0.0158555827	0.0908851635	0.0561186267	-0.0182037595	0.0698087996	0.0433314231	-0.0332602377	-0.1439386378	0.0539349935	-0.0713946651	0.013297862	-0.03942714	0.0576850832	-0.0497685134	0.1145533041	0.0040381459	-0.0104214686	0.0252251259	0.0900708991	0.0442941649	0.0485373445	-0.1279547827	0.0221469784	0.0317612879	-0.0244443627	-0.0493161152	0.0549106171	-0.0910121711	-0.078361225	0.1258636936	0.0226123577	-0.0709173766	-0.0496374862	-0.0406306117	0.1412206138	0.0369615996	-0.120347711	0.0101707497	0.018787306	-0.0745986885	-0.0938587969	0.0531180755	0.060626216	0.0130389068	0.1734499416	-0.0061542506	9.38816e-05	0.1663710114	0.0610625719	-0.0638308788	0.0101924456	-0.0979222811	-0.030153796	0.0917754626	0.0488621241	-0.0227404394733525	0.0041526813870404	0.0005171275874412	1.72447627022726e-05	-0.0947948463365548	-0.1203271403132929	0.008986062891971	0.0144786206959748	0.0220134150583959	0.0052208372482525	0.0004845904425332	2.7257141572740747e-05	0.0017282327045037	0.0001654290529977	2.986788280916173e-06	2.736677157571588e-08	0.0003608803727137	-7.90464266676e-05	6.248337568916265e-09	1.3023464340997906e-07	-0.0012958150079434	7.803066941930014e-05	6.088785370024102e-09	1.6791365348113535e-06
257.06765106741494	-0.6627071149094377	66083.7772253182	0.4391807201515906	432.4967973901984	-5.484031634384394	187053.47975277837	30.074602966928765	249.9263459604892	-0.5875156273176003	0.3451746123423934	62463.17840516213	269.4984593406715	289.281719807322	1.313605	30.003506	0.2239099603971692	0.1889610874610301	0.0867076121	0.079245436	0.0691162666	0.0100621864	-0.0730029239	-0.1244405512	-0.0564259376	0.0262683825	-0.067128523	-0.0886026545	-0.0437418664	-0.12908769	0.0714361371	0.0166421846	-0.0882564944	0.0901680959	-0.009661499	0.0962936929	-0.1103490947	0.0177408461	-0.0300698634	0.0313007386	-0.0494391303	-0.0290304355	0.053139271	0.0526577058	0.0075015259	-0.032341347	0.0627928059	-0.1271379529	0.0572247874	-0.066775583	0.202035286	0.0403256272	-0.0268759939	-0.0662341805	0.0325130748	-0.0541626132	-0.070600072	0.0573940665	-0.1607358647	-0.0816959398	0.0060646197	-0.0764248551	-0.0545142406	0.0177865916	0.0146216647	0.0840554148	0.0535292326	0.0289643906	0.0471135038	0.0941987627	-0.0863465128	-0.0657336845	0.050664736	-0.0098433549	-0.0959252035	0.044369193	0.0289366132	-0.0111711918	0.0759620662	0.1400668316	0.0908945174	-0.1701723756	0.1082689966	0.0241478236	-0.04933512	0.0414345258	-0.0870342716	-0.1373993963	0.0524256838	-0.0573623411	-0.0298831119	-0.0432289966	0.1088735636	-0.0135710428	-0.0883903031	-0.0528344163	0.1066919945	0.0921811441	-0.0060980969	0.0040425354	0.0158132307	0.1029360595	0.0670873854	-0.0127847343	0.0371384522	-0.0876150083	0.0671066373	0.0352121084	0.024598337	-0.1112299532	-0.0493956999	-0.2097062355	0.0772475831	0.0074349847	0.0134916939	0.0020749683	0.0441096467	0.0429368503	0.1563259874	-0.1053274854	-0.0583473036	0.0689860194	0.0255696376	0.0156866826	-0.0283991995	-0.0766121057	0.0102445268	0.0734532618	-0.0030244451	-0.0223029184	-0.009119046	0.1536824756	0.0242364857	0.0236470816	-0.1450890838	0.0105743277	-0.1559840481	0.0776924796	0.084058195	0.0576966329	-0.0089663981	-0.1137370737	0.0470375919	-0.0155058391	-0.0849120595	-0.0276224876	0.1273267088	0.0226567664	0.1321907128	-0.0307357597	-0.0005656756	-0.1248053373	-0.0486023907	0.0063329773	-0.0320736056	0.0313072384	0.0012004531	-0.0816226375	-0.0645419163	-0.0187114461	-0.1136199693	0.0347881925	0.056140054	-0.1966130365	-0.134394595	0.0086286366	-0.0985109326	-0.0256289373	0.0940880769	0.0418659738	-0.0299407588879745	-0.007200319414622	0.0008964490427878	5.18445996725825e-05	0.0943954982377874	0.1891903445743422	0.0089105100875601	0.0357929864801583	0.0067723434086559	-0.01524107164974	4.586463524476501e-05	0.0002322902650325	0.0016357619291088	-9.247077539490008e-05	2.675717088721743e-06	8.550844302134058e-09	0.0004270121868075	6.61318140938e-05	4.373416835336924e-09	1.823394076821233e-07	-0.0012088531022628	8.696190568059994e-05	7.562373039601561e-09	1.4613258228503956e-06
257.9318758483849	0.8642247809699484	66528.85257866664	0.7468844720425553	435.9116506040766	3.414853213878189	190018.96713237057	11.661222472334195	251.0379045849685	1.1115586244793008	1.2355625756543152	63020.02953841174	270.6360447178015	292.3898348020064	1.260248	28.784788	0.2996426011933903	0.2720130575984437	-0.0659437772	-0.0632959882	-0.0135626429	0.0104671946	0.0312116748	0.0931294155	0.060019628	-0.0500398696	0.0493831115	-0.0331472379	-0.0021238336	0.1227295011	0.0241105076	0.0196390106	-0.0045845207	0.0394521677	0.0353074962	0.0834203507	0.1612114706	0.062580157	-0.0058164427	-0.1536489718	-0.0846997659	0.0339667022	-0.0095174191	0.0382493028	0.148203066	-0.1173871819	-0.0230101366	-0.0455592813	-0.0340544533	-0.1181031577	0.0574975438	-0.1871592526	0.0163791735	0.0281559565	0.0959807375	-0.0946161615	-0.0847974607	0.0417041838	-0.1308016409	0.0326594066	0.0470828703	0.0007897761	-0.0280954638	-0.1333828071	0.024727112	-0.0361057326	-0.1001913	-0.1176146004	-0.0267973339	-0.0597617244	-0.0083814212	0.0943714903	0.0054626476	-0.0238481962	0.0246744957	0.0611713415	-0.0292510388	-0.1600445303	-0.1482375126	-0.0802538836	0.0365074469	-0.021536307	0.1032738098	0.0375756919	-0.0485128125	0.0040092665	-0.0479853746	0.1223832679	0.0398901828	0.057135971	-0.0227128365	0.0356548274	0.0053075255	0.040097898	-0.0092254638	0.0979894265	0.0728389536	-0.0211743517	0.0586722503	-0.0663403591	-0.0007363727	0.054311892	0.0442606432	-0.0951333356	0.1913060524	-0.0015950421	0.0412703249	0.1552723963	0.1605783576	0.0347778861	0.1635589416	-0.0693646269	0.0143890368	-0.0476931719	0.080108469	0.0647831612	0.15921576	0.0736680882	0.052010743	-0.0334478865	-0.027931206	-0.0780126769	-0.0167399637	-0.0516563301	-0.0696657949	0.0151522919	-0.139407036	-0.0481907643	-0.1344595021	-0.1377117504	-0.0366173989	0.0425994581	0.0660045399	-0.0109818125	-0.0051640416	0.0223606774	0.0428162185	-0.0720128398	0.0150695661	-0.1362457271	-0.1315767297	0.1037538312	0.0004942809	-0.0140358811	0.0592735159	0.0692478942	-0.0319369464	-0.0478043893	-0.0140093178	0.1205870174	-0.0332536233	-0.1538191641	0.1192615084	0.049017343	-0.1003987579	0.0160045937	0.0536820738	0.0659711814	0.0094356441	0.0019166199	0.1158151472	0.1111382471	0.1098892076	0.0080194265	-0.0281460692	0.0070626986	-0.0990023658	-0.021047176	0.0960293686	0.0346117057	-0.0326562879921539	-0.0027155291041793	0.0010664331454264	7.374098315645369e-06	-0.1772555135530069	-0.2716510117907943	0.0314195170849402	0.0737942722069622	-0.0051210735019608	-0.0118934169106167	2.6225393812485047e-05	0.0001414533658097	0.0016318165382822	-3.945390826600023e-06	2.6628252146113028e-06	1.5566108774619608e-11	0.0004267989020589	-2.132847486000173e-07	4.5490383985372566e-14	1.821573027986825e-07	-0.0014723472944436	-0.0002634941921808	6.942918931301241e-08	2.167806555455389e-06
258.6669884047765	0.7351125563915843	66908.61089039677	0.5403904705645702	435.7233119707429	-0.1883386333337284	189854.8045947533	0.0354714408060166	250.682376388044	-0.3555281969244959	0.1264002988083831	62841.65383155696	270.579992339367	294.390546745735	1.215232	27.756611	0.361736293162972	0.3010563962284766	0.0582066697	0.0468515944	0.0287264218	0.1144898761	-0.0257764465	-0.0531056103	-0.1280454749	-0.0559535882	-0.1941836213	-0.0090806467	-0.0078286234	-0.129738989	0.0441413403	0.0403183143	0.0864698902	0.1323608512	-0.0966454909	0.1216337149	-0.0576376712	0.0820283713	0.0421377784	-0.0326951982	-0.0257545555	-0.0046780839	-0.0397784553	0.0102382243	-0.0009206502	0.0496576425	-0.0246302903	-0.0154814677	0.0172857412	-0.0348786868	0.1300786763	-0.0728880197	0.1227991124	-0.075951133	-0.0418238595	0.0530071441	0.0576097492	-0.0313647178	-0.069755031	0.004847627	-0.0744481237	0.0195902502	-0.0406050391	0.0244489411	-0.0054892647	-0.0386199036	0.033455754	0.0313777931	-0.0025571624	-0.0161324943	-0.0158061114	-0.1378067165	-0.0989205733	0.0669003794	0.1193993363	0.0533767711	0.0864290288	-0.1079669222	-0.063709173	-0.0062017692	-0.0171724782	0.0786160746	0.0119178441	-0.1170283659	-0.0357712826	0.0492582647	0.0035393764	-0.1251600581	0.0417994495	-0.0555529393	0.1505187624	-0.0608594555	-0.0264437439	0.0564981907	-0.1661750353	0.003219987	0.0880254995	0.1031254837	0.0650618476	0.0105377512	-0.031798328	0.0103186463	-0.0187902726	-0.0745550463	0.1315808066	0.0014982563	0.0001861406	-0.0502872315	0.0565711945	0.056823461	-0.1204511491	-0.035151577	0.044763699	0.0761824295	0.065863554	0.0009052501	0.0262945039	-0.0095179822	0.0536541335	-0.0284162822	-0.0194148038	0.0536933746	0.0014421231	0.1018681618	-0.0575867997	-0.0523475517	-0.0236812004	-0.0940382635	-0.0058303872	0.0691568727	0.1272887212	0.0742442041	0.0610908041	-0.0369990594	-0.0191189012	-0.0295086655	0.168877621	0.08451272	-0.0007204116	0.0297060321	-0.0336296577	-0.1091827803	-0.0967672653	0.1125144627	0.0159812643	0.0189253479	0.1544440726	0.0140576983	0.0811331244	-0.0328276228	-0.0876862764	-0.1373465644	0.1689573574	0.0376908337	-0.0350800374	-0.0048701228	0.0052258745	-0.0009384301	-0.001403441	-0.1123412076	-0.0667467279	0.0650477253	0.0385748505	-0.0262139315	-0.0375327342	0.005495018	-0.0993960955	-0.0164186847	0.0975916762	0.027144045	-0.0289727616814445	0.0036835263107093	0.0008394209194497	1.3568366081688392e-05	0.1213418479481447	0.2985973615011515	0.0147238440634706	0.0891603842954494	-0.0474412058698519	-0.0423201323678911	0.0022506680143856	0.0017909936036358	0.0015718028341441	-6.001370413810008e-05	2.470564149423425e-06	3.60164468437541e-09	0.0004840209743719	5.722207231299999e-05	3.2743655597942e-09	2.3427630363192346e-07	-0.0012468776112303	0.0002254696832133	5.083657804830586e-08	1.5547037773873793e-06
257.8686736744739	-0.798314730302593	66496.2528626323	0.6373064086181018	434.1682256848625	-1.5550862858804066	188502.04819434168	2.418293356533318	250.3831010993481	-0.2992752886958953	0.0895656984240115	62691.69731612637	269.91518554954496	293.7129988658643	1.041088	23.779057	0.1219874756824686	0.0746003525414909	-0.0370732316	-0.0388083895	0.1344066201	0.0263114235	-0.0211792502	-0.062656162	0.0859438026	-0.0907919938	-0.0914476051	0.073436542	-0.0261966381	-0.0647847938	-0.0194640943	-0.0662332494	0.0226285131	0.0566987432	0.0671831072	0.1010631839	0.1746639915	-0.091303693	0.0980570906	-0.0091796587	-0.0098788295	0.0924617583	0.0921008204	-0.1441678007	-0.0161763421	-0.0368242367	-0.0774112546	-0.0193917255	0.0281658954	0.0169720162	0.1026309434	-0.0317614157	0.165756026	-0.1298655488	-0.0941756142	-0.0555948496	0.0406378847	-0.0599302619	-0.0091872334	0.1765495629	-0.1234435104	0.1877452263	0.075618526	-0.1336545773	0.0528547333	0.0460546596	0.1019410561	-0.0381037538	0.0584881483	-0.0388600834	-0.0445808366	-0.0939383202	-0.0096833819	-0.0146942513	-0.0331322449	0.0716737663	0.1106723115	0.0523234407	0.1058713134	0.0522292626	0.0870786767	-0.0031614251	-0.1345724728	0.0460899381	0.0163147163	-0.1106733943	-0.0593079365	-0.0636881388	-0.0225648931	0.090633141	-0.0511138964	0.0526013141	-0.1305035297	-0.006642643	-0.0584698515	0.0450973973	-0.0103625066	0.0684993924	0.080630037	-0.1950828936	-0.032332985	0.1012991622	0.0556546759	-0.0676252796	0.003210336	0.0966477747	0.1080120845	-0.0804480541	0.0418567281	-0.0073482744	-0.1098660615	-0.0238366822	0.1493963671	-0.0071173784	0.0794789276	0.0103464784	0.0254057698	-0.1205714453	-0.0768442036	0.0456183578	-0.1354702387	0.0479013184	0.1609889627	0.0159558284	0.1184229301	0.1717349574	-0.1016989125	-0.0469931134	-0.0504643736	0.0669575136	-0.0672087027	0.0500730247	0.0430693692	-0.0065251552	-0.0363219569	0.0045350151	0.017761987	0.0649267213	-0.0740204081	0.1392773645	0.048961429	-0.0936341272	0.0145123858	0.0172024766	-0.0172567732	0.1134869398	-0.0706910089	0.0684372775	-0.0398603119	0.1207637311	-0.0855612961	-0.0549719743	0.0516058901	0.0316654015	-0.0358361324	0.1169855926	0.0442365313	0.0984014108	-0.055342028	0.0066953629	0.0529929926	0.0952904626	0.1100542523	-0.1195879646	-0.0914811831	0.0039259816	-0.0996917334	-0.0117537397	0.0987688341	0.0195090322	-0.0194404605505269	0.0095323011309176	0.0003779315064165	9.086476485049296e-05	0.0599009744108798	-0.0614408735372649	0.0035881267353728	0.0037749809410221	-0.0143993485440958	0.0330418573257561	0.0002073412384943	0.0010917643355356	0.0013362539872854	-0.0002355488468586	1.78557471853613e-06	5.5483259256463234e-08	0.0004277123092109	-5.630866516099999e-05	3.1706657722136132e-09	1.8293781945052054e-07	-0.0011792862494794	6.759136175090016e-05	4.568592183341049e-09	1.3907160582111891e-06
258.07188374154606	0.2032100670721774	66601.09717791007	0.0412943313594788	434.64895173404994	0.4807260491874672	188919.71124350847	0.2310975343673911	250.348317492624	-0.0347836067240905	0.0012098992967361	62674.28007138767	270.0217774136138	292.5112416326707	0.901464	20.58996	0.0580724880201586	0.034284828056197	0.0529199162	0.0268480395	0.0972576894	0.022320006	-0.048922097	-0.0721342572	-0.0443246322	-0.0534776262	-0.0610524607	0.0542760787	-0.0176757908	-0.0939528971	0.0086464371	-0.0297761201	-0.0217408053	0.0085660692	0.0528408476	0.0476329614	0.001580905	0.044348488	0.0679975208	-0.0080837851	-0.015993755	-0.0160778355	-0.0554594647	0.0139208685	-0.0071974115	0.0597535877	0.1013745073	0.0104126609	0.0241541864	-0.0142763701	0.0042254326	-0.0620253199	-0.0144826268	-0.053432314	-0.0556333275	0.0007075675	0.0742678877	-0.0111708525	0.0511144	-0.0118638306	-0.0118885997	-0.1187380134	-0.1073076815	0.0886622141	0.0441302699	-0.0485986128	0.0245666297	0.0079645228	-0.0296031538	0.0570021366	-0.0521562723	0.0517319362	0.0544569695	-0.0281498647	-0.0113451352	0.0427887397	-0.0044982091	-0.0320929198	0.0106366865	-0.0182080954	0.0767612841	0.0470533772	-0.0764669099	0.0582679255	0.0653399019	-0.0649548004	0.0851298406	-0.0973368561	-0.010340531	-0.0213659231	0.0085776387	-0.0221553459	-0.0401626606	-0.0784210434	-0.041140856	0.0100646638	0.0549981852	0.0793609296	0.0804866187	-0.0280122307	-0.0455689835	-0.0376007863	-0.028985543	-0.0371715598	0.0167252428	0.0386064434	-0.0143999001	-0.0815033795	0.0048281305	0.0896100765	-0.0629529464	-0.0598356311	0.0052282528	0.0691916285	-0.0294661167	-0.0803186772	0.0110415456	0.0912177487	0.1017320677	-0.0278892697	-0.0111673544	-0.0126489226	-0.0834279792	0.0198548074	0.040291964	-0.0039188563	0.0172175772	0.0196054762	0.0748035946	0.0660332314	-0.0221393124	-0.0205045046	-0.0650150846	0.0077619517	-0.0734950316	0.0295685476	0.0097964632	0.0199413146	-0.0235594437	-0.0240603105	0.0383820494	-0.1088356455	0.0277478727	0.060408677	0.1195151027	0.000880908	0.0956473105	0.0639741442	0.0214414374	-0.013415989	-0.0741208012	-0.0298634372	0.0598133824	0.0589600095	0.0266331411	-0.0326269037	0.0226475258	-0.0195566382	0.0140022738	-0.0561022602	-0.0870582685	0.0336865648	0.0288826729	-0.0554951244	-0.1450976432	0.0023559765	-0.0998889875	-0.0070626986	0.0995561965	0.0117537397	-0.0235317132342487	-0.0040912526837217	0.0005537415277389	1.6738348522060815e-05	0.0866398748139971	0.0267389004031173	0.007506467907785	0.0007149687947678	-0.0116027615892662	0.0027965869548296	0.0001346240764973	7.8208985959231e-06	0.0016347136364017	0.0002984596491163	2.67228867303767e-06	8.907816215062493e-08	0.0004276924294108	-1.9879800099988857e-08	3.9520645201551695e-16	1.8292081417531217e-07	-0.000988850818826	0.0001904354306533	3.626565324814591e-08	9.778259418928506e-07
258.0860399483606	0.0141562068145617	66608.40401622679	0.0002003981913766	436.4205212539501	1.7715695199001402	190462.8713715695	3.138458563839213	250.48968036742787	0.1413628748038604	0.0199834623728119	62745.079970576175	270.2766720651363	294.8890779592012	0.996008	22.749397	0.2013904807100318	0.1682190787732355	-0.0451085186	-0.030544458	0.0194024646	0.0447526384	0.0323371999	0.0226932296	0.0226697587	-0.0472273633	-0.0110987246	0.0310396429	-0.087891014	0.0354593453	-0.0022936052	-0.0048092927	-0.0230547172	-0.0485803226	-0.0504367021	-0.0014075473	0.0145306221	0.007376701	-0.033063262	-0.0250611711	-0.0270080753	0.0894434843	0.062631969	-0.0921811392	-0.0176457758	0.0962474033	0.0681547524	0.0418061364	0.04684311	-0.1028954737	-0.0114096234	-0.1049279213	0.0815621694	0.0072101372	-0.1351519082	-0.040325019	-0.0015631602	-0.1359774267	0.0886046633	-0.1023781622	0.0243554387	-0.1390227216	0.0344330855	-0.1175653683	0.0675041985	-0.0432885437	0.0845884471	0.0135839134	-0.0375684955	-0.1202376883	0.0069949709	-0.0327467113	0.0762335685	0.0664647774	0.0183073054	-0.0469548587	0.0711283388	-0.0537412951	0.0357836798	-0.0621893072	-0.0649025315	-0.0400797814	-0.0735908291	0.0959979904	-0.0239750437	-0.1280620121	0.0746820369	0.0367597015	0.0018159999	0.0183739539	-0.0170083986	0.0182593963	-0.0295431285	0.0699892259	0.0022403323	0.0398835364	-0.0417132104	0.07472036	0.0094618047	-0.0623114492	0.0203780418	0.0150813312	0.1154622214	0.0245907168	-0.0945556431	0.0165659156	-0.0257566818	-0.1302356846	0.0469890294	0.0558317023	-0.0183999788	-0.0820411425	-0.0384835874	-0.0569223813	0.0125080592	0.0296930746	0.0516263462	0.1171105877	-0.0691271301	0.159460957	0.0223670735	0.0395710362	-0.1057238523	0.0141029606	-0.0499167917	0.0762790664	-0.0051872864	-0.0250497393	0.0124108177	-0.0260933173	-0.0217251851	0.1154079679	0.0556446192	-0.0859776976	-0.0628295008	0.0122984812	0.0866846749	-0.0439597628	-0.0464109854	-0.0695972317	0.1695670393	0.0305191888	0.0141104397	0.0254158329	-0.0547404826	0.0022901206	-0.0661580685	0.0906257627	-0.0339750776	0.1138264999	-0.1035954294	-0.0466104404	0.0505139347	-0.0311703854	0.0135905336	0.0539284281	-0.0656503874	0.0609976442	0.0219835289	-0.0263188507	0.0847740446	0.0684938136	-0.0011372609	-0.0461449736	-0.0325586756	0.0007853901	-0.0999876632	-0.0023559765	0.099950656	0.0039259816	-0.0150511492830816	0.0084805639511671	0.0002265370947416	7.191996492983493e-05	-0.0809870286281295	-0.1676269034421266	0.0065588988060134	0.028098778757596	-0.0270261832760994	-0.0154234216868332	0.0007304145824733	0.0002378819365298	0.0016712481664034	3.653453000169982e-05	2.7930704337067264e-06	1.3347718824451044e-09	0.0004270406265853	-6.518028255000398e-07	4.248469233298353e-13	1.8236369675436562e-07	-0.0011488563185969	-0.0001600054997708	2.5601759956935468e-08	1.3198708407800216e-06
257.62113679334243	-0.4649031550181917	66368.65012269405	0.2161349435458687	434.3814874284722	-2.0390338254778726	188687.276620572	4.157658941442928	250.1546039713652	-0.335076396062675	0.1122761911983506	62577.32588807056	269.90619951338834	291.86339405671663	0.927967	21.195314	0.1976828717777313	0.1645274611196283	0.0317511378	-0.0111909227	0.0414077073	-0.0132674144	-0.0615449627	-0.02493074	0.0030193708	0.011009775	-0.0914277257	0.037225323	-0.06610856	-0.0965535771	-0.015158511	0.0290891009	0.0124115497	0.0409391493	-0.0545784986	-0.0013799525	0.032381397	-0.0725070053	0.0250443744	0.0293757272	-0.1057596411	-0.0074397702	-0.0486661175	-0.0939049412	-0.0231324151	0.1108873298	-0.0907757843	0.0299207145	0.0318211437	-0.0468614865	-0.0768453119	-0.0056668061	-0.1089937044	-0.0329258515	-0.0352918021	-0.0057555391	-0.0681029293	0.0375114858	0.1049769423	0.029422288	-0.0754070361	0.022803	0.0478826949	-0.0251537869	0.074057591	0.0165547563	-0.0643253652	0.0962678724	-0.1984266777	-0.0632571635	-0.0768336794	0.1169516518	-0.0097807009	-0.0129738232	-0.0219056125	0.0037409235	-0.0818097723	0.0197242382	-0.0758874935	-0.0638470136	-0.0636615543	0.0231991881	-0.0334980286	-0.0940958485	0.0070921806	-0.0244374023	-0.043276398	-0.0905693035	-0.0219371276	-0.0190855741	0.0532390459	0.0344695176	-0.0015060868	0.0589518292	-0.019324405	0.0767612577	0.0307407903	0.0223692327	-0.0443926993	0.0146778187	0.0076839732	0.0541320708	-0.0762842079	-0.0817628104	-0.0421909086	0.0588773585	0.034423174	0.0298257475	0.0191174823	0.0070201644	-0.1687435338	0.0662572595	-0.0083332952	-0.1079405771	-0.0902699004	-0.0505580566	0.0625162336	0.0831287345	-0.1005127417	0.0102878564	-0.0874932246	-0.0616187884	-0.1105409031	0.0870777712	-0.0327223647	-0.0126504792	-0.0072140208	-0.0011088638	-0.0405402872	0.0203594969	-0.0979273208	-0.2067827211	0.0253345907	-0.1186115653	0.0640352993	0.107702225	-0.0773881631	0.0021898413	0.0526557539	0.0391146417	0.0419852149	-0.0876298499	-0.0197341536	-0.0184342736	0.0005316677	0.0108364649	0.0111901744	0.0264787612	-0.0374632421	-0.0219625992	-0.0407249548	-0.004597611	0.0814670528	0.116356893	-0.0202412664	-0.0914743418	-0.0824246293	0.0165080284	0.0945979429	-0.0416911249	-0.1242312325	0.0461419045	0.0130952352	0.045442168	-0.0776784163	-0.0007853901	-0.0999876632	0.0023559765	0.099950656	-0.0039259816	-0.020269064372357	-0.0052179150892754	0.0004108349705307	2.72266378788879e-05	0.0836695234659288	0.1646565520940583	0.0070005891570156	0.0271117801475033	-0.0117538486498318	0.0152723346262675	0.0001381529580831	0.0002332442049366	0.0015502202495987	-0.0001210279168046	2.403182822265856e-06	1.4647756646085382e-08	0.000427710030908	6.694043227000119e-07	4.481021472494616e-13	1.829358705393223e-07	-0.0010198322403617	0.0001290240782351	1.6647212764442995e-08	1.0400577984811645e-06
258.0662002000688	0.4450634067263763	66598.16368570199	0.1980814360068879	436.8019231517663	2.4204357232940765	190795.92006908156	5.858509090598119	250.59910055261992	0.4444965812547252	0.1975772107471385	62799.90919778211	270.3006450956784	293.61247468501966	0.96749	22.098045	0.1897167257615636	0.1685707020494641	-0.0259170441	0.0103804419	0.0168881337	0.0046809411	0.0423398022	0.024690056	0.0123908585	-0.0133643014	0.0683811335	0.0716359001	-0.0573629524	0.0551368762	-0.030413451	-0.0171261822	-0.0646103545	-0.045342242	0.1013451099	-0.0627462199	-0.0587220474	0.0231890475	0.0029561258	-0.0592972832	0.0461362186	0.0506466859	0.1276431604	0.1174944344	-0.0635875717	-0.0175983936	0.0903102993	-0.0460561662	-0.0660405703	-0.0446368807	0.0314610346	0.0325168282	0.0196481658	-0.0036655997	-0.0501248149	0.0456126281	-0.0118081998	-0.0949320578	0.0577129238	-0.1076174851	-0.048126582	-0.0147165037	0.0389682135	-0.0404803647	-0.1775063702	-0.014938137	-0.0012811341	0.0649820156	0.0286938045	0.1181247368	-0.0489538147	0.0369193184	0.0160327361	0.0884449853	0.0057898195	-0.1954368347	0.1288438723	-0.0560414404	0.0052572806	-0.072700849	0.078658381	0.0875788692	-0.0570220744	0.0262900794	-0.0276803834	-0.110478634	0.0790431841	0.0560564648	-0.0286032619	0.0338561221	-0.0489567368	-0.0066387388	0.0301233031	-0.090449194	-0.001942101	0.0411516422	-0.0655137685	0.0899027818	0.0274367336	0.0217962023	0.0275596174	-0.0854485282	0.121853005	0.1533365586	-0.0687505993	-0.0821751409	-0.0512233388	0.0441452303	-0.0308755341	-0.0500495237	0.0640394759	-0.0282189899	-0.0106615341	0.1392445086	-0.0350917327	0.0771609437	0.0013723595	0.0271327224	-0.0175039276	0.0097065895	0.0362038903	0.0878899363	0.1047650413	0.0161450358	-0.0800097589	-0.0134277741	0.0253822397	0.0465158253	0.0722118767	0.0398775034	0.1261229085	-0.0688301642	-0.0015113618	-0.1079263722	-0.014959011	0.0778462996	0.041502077	0.0804574961	-0.1404561225	-0.0767867312	0.1111438735	0.0363133187	0.0489229654	0.0019717186	0.0902089619	0.0217178632	-0.0427498586	0.0290835482	-0.0515051437	0.0412939119	-0.0232520643	-0.0599677693	0.0590588881	-0.1030192153	0.0393795101	-0.0313982275	-0.0711368151	0.0633454765	-0.0434870767	-0.012028354	0.0043844825	-0.0157770599	-0.0117031704	0.0653387461	-0.0569921817	-0.0023559765	-0.0998889875	0.0070626986	0.0995561965	-0.0117537397	-0.0194700821503204	0.0007989822220365	0.0003790840989402	6.38372591130539e-07	-0.0859295647558582	-0.169599088221787	0.0073838900991312	0.0287638507256614	-0.0156706330862519	-0.0039167844364201	0.0002455687413239	1.534120032138273e-05	0.0017057815044923	0.0001555612548935	2.909690541068014e-06	2.4199304024071576e-08	0.0005160758689257	8.836583801770002e-05	7.808521328570398e-09	2.663343024874163e-07	-0.0010839425650768	-6.411032471510011e-05	4.110133735075576e-09	1.174931484385273e-06
257.8396624638981	-0.2265377361707123	66481.2915394969	0.0513193459093512	436.5706533582023	-0.2312697935639676	190593.93537360764	0.0534857174151201	250.57842544638007	-0.0206751062397927	0.0004274600180267	62789.547299187085	270.4801504914425	292.2827760755723	0.925572	21.140598	0.1348961428946881	0.1077423197345297	0.0076840391	0.0214532019	-0.040536623	-0.0120239863	-0.0171043403	0.0226825905	-0.0534591623	0.041133031	-0.0310639917	0.0057771474	-0.0330889965	-0.0283494529	-0.0165184802	0.0348575509	0.0637845248	-0.0602003391	-0.0749028075	0.0004535186	-0.0407137991	0.0556918955	-0.0355700314	-0.1071913194	-0.053884936	-0.0529889078	0.0305176595	-0.0093493606	0.0449841989	0.0943948735	-0.1564790728	2.46248e-05	0.1088764585	-0.0340032122	0.0266523622	0.0339943675	0.080109974	0.1098986659	-0.1673823736	0.0722881311	-0.005709123	0.0542099736	-0.0687343602	0.0394648117	0.0558285382	-0.006562252	-0.0408164405	-0.0185706566	-0.1335219367	-0.0722748388	0.0907326657	-0.0153412276	0.0734528535	-0.1097366527	0.0070138641	0.0667647092	-0.0071244213	-0.0847405905	-0.0639915825	0.0486443446	-0.0161190981	-0.0015433384	-0.0243090994	-0.0363482777	0.0223453586	0.0155739842	0.0460388091	0.0827641234	0.0865530643	0.1611731361	0.1184121046	-0.0237968424	-0.0226660689	-0.0359297913	0.0812489064	-0.0311716604	0.0143089314	0.0473472249	0.0660985011	-0.0170528601	-0.0070000997	0.1137079832	-0.0140409629	0.0905374692	-0.0814962386	0.0689845595	0.0786731393	0.028470095	0.0064112336	0.0046847501	0.0090908678	0.0874354321	0.0255500883	0.0722182395	-0.1068139027	0.0516717743	0.0433579943	-0.0012585116	-0.0039727069	0.0817021716	-0.2052847679	0.0818407082	0.0057884376	0.0158788827	-0.0153694382	-0.040230858	0.0034300195	0.0128465623	-0.0052423972	-0.0545913812	-0.0013111979	-0.1156317808	-0.0846956627	-0.0205959013	-0.0205995786	0.0750861091	-0.0422900518	-0.042914471	-0.0194672477	-0.0473278454	0.0586657847	-0.1899625909	-0.0185876645	-0.0287336399	-0.0254666571	-0.020684505	-0.0448011144	-0.0125080081	-0.0161587386	-0.1155084858	0.0376496316	0.0463188568	0.0486291682	-0.0223706024	-0.0888160257	0.0052203967	0.0025853719	0.0371333297	0.0117185164	-0.0028024035	-0.1126268424	-0.0280368483	-0.0391587392	-0.0430764744	-0.0494931419	-0.0659602463	0.0479256311	-0.0790187507	0.0338676108	-0.0039259816	-0.0996917334	0.0117537397	0.0987688341	-0.0195090322	-0.0196325085419601	-0.0001624263916397	0.0003854353916501	2.638233270109323e-08	0.0173758741166949	0.1033054388725531	0.0003019210013192	0.0106720137006508	-0.0149290989910966	0.0007415340951553	0.0002228779966859	5.498728142777904e-07	0.0019921050921663	0.0002863235876739	3.968482698234902e-06	8.198119685851074e-08	0.0001919169683208	-0.0003241589006049	1.0507899284137745e-07	3.6832122729446954e-08	-0.0010871949475047	-3.252382427899924e-06	1.0577991457312202e-11	1.1819928538797474e-06
257.4292343463578	-0.4104281175402775	66269.81069615201	0.1684512396676558	435.6334218871728	-0.93723147102952	189776.4782651275	0.8784028302881579	250.4473958747058	-0.1310295716743326	0.017168748653159	62723.8981004216	270.22691346327326	292.45489288586054	0.99849	22.806093	0.1983079443822797	0.1611258765373962	-0.0223599583	-0.0707781062	-0.0296965874	-0.0865054673	-0.0017523694	0.0222280785	0.0576771874	0.0458413699	0.0517063016	0.0150854051	-0.1106731081	0.1010650573	-0.0752385988	-0.0501359518	-0.0717192808	-0.0101497271	0.0294714713	-0.0741991398	0.1088048176	-0.0486122695	-0.0934690148	-0.0866789377	-0.0628074157	0.2072049459	-0.0440876668	-0.1475495052	0.0371088783	-0.097064549	-0.0251512883	0.0287702229	0.0362389944	-0.0468523043	-0.0837531693	0.0243303332	-0.1741376171	0.0217412934	0.0437067649	-0.020931808	-0.0021725169	-0.0361156682	-0.0510269372	-0.0263957235	-0.1004072033	0.050913552	-0.014180509	0.1043234383	-0.0962292173	0.0682031886	0.0050000346	0.0411513659	0.0677184237	0.0144344672	-0.0335806182	-0.0334680365	0.1106786093	0.0184512746	-0.1611459008	0.0200896515	-0.0728294207	0.0755768628	-0.0067458886	0.0378815393	-0.0340713429	0.0543380395	0.0286914775	0.0601946871	0.0197705719	0.1198718425	-0.0226288835	0.098760357	-0.0610156741	-0.0155651282	-0.097136079	0.031561171	-0.0062877237	0.0215940688	0.0215009562	0.1412413274	-0.0110708234	-0.0215921893	-0.0597531455	-0.111023082	0.102157652	0.075440354	0.1195278886	-0.0211285115	0.0486384112	0.151781253	0.074556191	-0.0452131973	0.0469772229	0.0382716482	0.132338842	0.1217291295	-0.0330704574	-0.114657051	-0.0753256443	-0.0293546118	-0.0893420013	0.0072823821	-0.0544134338	-0.1615163982	0.0280363516	-0.0702438854	0.0167491984	0.0669133668	-0.0201921512	0.0417832075	0.0470927097	0.0627476167	0.0818708542	0.0274200201	-0.0254819929	0.0116322914	-0.0468304105	-0.0053259822	-0.0967320319	0.0216037365	-0.1161363145	-0.0587557076	0.0611282193	0.0059688843	0.0184032813	0.0850506996	0.0801578043	-0.0680489041	-0.0516048332	0.0468219795	-0.0296051933	-0.0218967145	-0.0371317529	0.067705467	-0.0232871239	-0.0232578031	0.1038792394	-0.01672937	0.0363975587	0.0321707783	0.0020126745	-0.0025861875	-0.0028581857	0.0712378896	0.0531582776	-0.0132395778	0.0431043901	-0.105756217	0.0097046499	-0.005495018	-0.0993960955	0.0164186847	0.0975916762	-0.027144045	-0.0219567272582139	-0.0023242187162537	0.0004820978718915	5.401992640984456e-06	-0.1441028123035579	-0.1614786864202528	0.0207656205137944	0.0260753661680103	-0.0046846875743185	0.0102444114167781	2.194629766897415e-05	0.0001049479652762	0.0021202629655253	0.0001281578733589	4.495515042978139e-06	1.6424440503901475e-08	0.0004232144667413	0.0002312974984205	5.3498532775581216e-08	1.7911048485912294e-07	-0.0012129521323051	-0.0001257571848004	1.5814869528921966e-08	1.471252875263489e-06
257.927178679121	0.4979443327632111	66526.42950137123	0.2479485585309995	437.956009618352	2.322587731179226	191805.4663608301	5.394413769024265	250.61980416173648	0.1724082870306915	0.0297246174368573	62810.28623806715	270.6416574735689	291.3224448829938	1.043328	23.830214	0.1310248926517001	0.1008293673874325	0.0019794571	0.0294128464	-0.0714565396	-0.0529208726	0.0268083099	0.0587321613	-0.1000662644	0.0770376723	-0.071056914	0.014551674	-0.0322299172	0.0238896691	-0.091831267	0.0491880296	0.0764429405	-0.069474346	0.0708648769	-0.0184984591	-0.0145505905	-0.0282196557	-0.099453999	-0.1576613912	-0.0116020817	-0.0433699263	0.0544546266	0.043193927	0.0072756825	-0.0489274582	-0.1019416293	-0.0005607279	0.1086755923	-0.0194501461	0.0869146852	0.0751759605	0.042419192	-0.08964815	-0.0629835194	-0.0373033323	0.001863083	-0.0217849702	0.0510343087	0.030649664	0.0022473916	-0.0208207559	0.0633986506	-0.000993491	-0.0695068638	-0.0348844615	-0.0522078504	-0.0147355985	-0.1368257544	-0.009463585	0.0339472482	-0.047237761	-0.0221071848	0.0286842446	0.0752287006	-0.0624655175	-0.0849689516	-0.0098865469	-0.0229005691	-0.0194615977	0.0521960198	0.0631008902	-0.0357321565	-0.1735833251	-0.0095674171	0.0446906598	-0.069007973	0.0389870801	-0.0844940251	0.0186181585	0.0936059433	-0.0222853555	-0.0111486414	-0.0760023033	0.0706414491	0.0435699171	0.008170804	0.0912580859	-0.0811291752	0.0448035977	-0.1314007753	-0.048078846	0.1374474776	-0.0339622504	0.0351716487	0.029366529	0.0379414135	0.0146488652	-0.053802398	0.0143538592	-0.0608163151	-0.0174097057	0.0712703749	-0.0399580231	-0.0010592864	-0.0047612193	-0.0443726395	-0.058184622	-0.0029470618	0.0022298138	-0.0432750679	0.0361080271	0.0218646206	0.0160563539	-0.016644709	0.0536561099	-0.0614587464	0.1090080597	0.0376482359	-0.0909981221	-0.0213728127	-0.1096576885	0.0248967262	-0.0434412664	-0.0171128901	-0.0381580412	-0.0194026908	-0.0283301154	-0.1193763677	0.0760891464	-0.2148883115	0.0287987983	-0.0548246114	-0.0615175393	0.1788044007	-0.0713702752	0.0516059488	-0.0191288094	0.0030654707	-0.0279093111	-0.1139823325	0.021627131	0.0268804291	0.0810411308	0.0357000074	-0.1130503482	-0.0216146752	-0.0945144484	-0.0009053664	-0.0104563874	-0.0427548641	0.0282991183	0.0338394799	-0.023430022	-0.0461901032	-0.0070626986	-0.0990023658	0.021047176	0.0960293686	-0.0346117057	-0.0233147712442729	-0.0013580439860589	0.0005435785581727	1.8442834680710123e-06	-0.0438309979532078	0.1002718143503501	0.0019211563815741	0.010054436753111	0.0085674987482775	0.013252186322596	7.340203480173654e-05	0.0001756204423288	0.0020168556388912	-0.000103407326634	4.06770666812723e-06	1.0693075201611402e-08	0.0006018188794831	0.0001786044127418	3.1899536250843254e-08	3.6218596370229403e-07	-0.0011721069118271	4.084522047800008e-05	1.668332035896437e-09	1.3738346127528612e-06
258.35126649856403	0.4240878194430024	66745.37690141205	0.1798504785999206	436.1667280089989	-1.789281609353111	190241.41462207603	3.201528677569258	250.7794270276472	0.1596228659107055	0.025479459321547	62890.32102031502	270.65518076560977	293.96833360643905	0.994192	22.707928	0.1323382886852704	0.0933423921431941	-0.004138533	-0.0234183807	-0.0560718494	-0.0308332602	0.0030117838	0.0240275002	0.0091064823	0.0364925855	0.0231078951	0.0571166885	-0.0086526201	0.0797716309	-0.0565277254	-0.0621251343	0.0097725935	-0.0264048536	-0.0338100226	-0.1309599854	-0.0570672784	0.0104362338	0.035117709	-0.0419764681	-0.0104544576	0.0229518689	0.1093723562	0.0446812463	0.0639929446	-0.0375274414	-0.0270064363	-0.0891574259	-0.014883306	-0.0295153108	0.152784164	0.1040412393	-0.118872345	0.0455129134	-0.0742295018	0.01570964	-0.0519482578	-0.0935968648	0.0192052346	-0.0172346589	3.37971e-05	0.0291935704	0.0036084624	-0.109365978	0.0940598729	0.1007550337	0.0180265236	-0.0024479478	0.0497815765	-0.003175683	-0.0298451547	0.0627391373	-0.001859248	0.0377571534	0.0809639325	0.0174683514	-0.0409849871	0.0347512238	-0.0425058446	-0.0074603596	-0.035588962	-0.1023504985	0.0398552232	-0.0538001464	0.0247191811	0.0091326666	-0.0776341471	0.0802070831	-0.0526105585	-0.0531377717	-0.0339198452	-0.0195635875	-0.0244965073	0.0072520033	-0.0521637795	0.0180597388	-0.1390889562	0.0578939399	-0.0620792338	-0.0120509538	0.0252535556	0.0497855789	0.0965667178	0.106405499	0.006716876	-0.1103534592	-0.0074180803	0.1121932011	-0.0367157363	-0.1065299122	0.0336361601	0.019941825	0.0268099038	-0.0060495673	0.039274153	-0.0126317856	-0.0800508666	0.0054739477	0.0984019317	0.057791677	0.0508862226	0.101309915	-0.0484185232	-0.0026250602	-0.0161999613	0.0467644105	-0.0549812163	-0.0357716961	-0.0908057623	0.0711141796	-0.1779685822	0.0008442105	0.0532030468	0.0327458173	0.0641561608	0.0548869379	0.0281899537	0.0554665346	0.0925331972	0.0459532647	0.0284799989	0.0797830466	0.0720523566	-0.0044821979	-0.0675457254	-0.0090897323	0.0267948519	0.0781070067	0.0133748815	0.0267800573	-0.0571238148	-0.0275401567	0.088740756	-0.1399432319	0.0385862512	-0.0390801567	0.0165806533	-0.0768862594	-0.0277727544	-0.0115943703	0.0513272415	-0.0029772973	-0.0418890642	0.0708315585	-0.0010484312	-0.0086286366	-0.0985109326	0.0256289373	0.0940880769	-0.0418659738	-0.0195214721679519	0.0037932990763209	0.0003810878756041	1.4389117882417736e-05	-0.130981806698827	-0.0871508087456192	0.0171562336860888	0.0075952634650154	-0.0232655712905227	-0.0318330700388002	0.0005412868074743	0.0010133443480951	0.0019668146903813	-5.004094850989986e-05	3.86836002629969e-06	2.504096527770448e-09	0.0006019864257491	1.675462660000182e-07	2.8071751250548854e-14	3.623876567861767e-07	-0.0010310931901124	0.0001410137217146	1.9884869711830826e-08	1.063153166696166e-06
258.5009315992667	0.1496651007026912	66822.73163768878	0.0223996423683467	437.8702066400078	1.7034786310088634	191730.3178629631	2.9018394463038315	250.6343626259103	-0.1450644017368745	0.0210436806512773	62817.58372889631	270.5346223792796	291.92929110199265	1.007636	23.014988	0.1398635781634593	0.1187944592103061	-0.0344853837	0.0346165067	-0.0620623755	0.0054827644	0.0177366351	0.041967926	-0.0273048577	0.0022704917	-0.1225144692	0.0931978259	0.0103346935	0.0017662921	-0.0505380142	0.004149256	0.1084319622	-0.0334689467	0.0362552486	-0.0521534279	0.0604302038	-0.0295740498	-0.0687698342	-0.0666291949	-0.1833922218	0.0170466832	0.0267314609	0.0112640098	0.0092079809	-0.0090626508	-0.0335400621	0.0146466788	-0.100968204	0.0324226278	-0.1010319928	0.1153269451	0.0994651692	-0.0016633243	0.1943015563	0.0171011718	0.03204252	0.0533414349	-0.0520710889	0.0219831467	0.0545455845	-0.0679985632	0.0294775968	-0.1009291974	0.1162249213	-0.0097210015	-0.0434625679	0.047733889	-0.1055423787	0.1925094948	-0.0964463592	-0.0333370066	0.0127567113	-0.0515295964	0.0273821601	-0.0143224528	0.0388449061	0.0031770409	0.0107853759	-0.0556156685	-0.1748204991	0.1693037197	0.0300040209	-0.0846424853	0.1075666976	0.0234531298	-0.0280261383	0.0104163743	-0.0487893834	0.0103220225	0.0817958236	-0.0336982585	-0.0849391825	0.0029488297	0.0518649841	0.0639990878	-0.0008933002	-0.016829698	-0.0298825628	0.0708535402	-0.0666775505	-0.0271223084	0.0534395863	-0.1958991914	-0.0255709553	0.0845654167	-0.0673478062	0.0933013259	0.046729759	-0.0753621761	0.0514136962	-0.0062235874	0.0438623355	-0.0222769992	-0.0821534302	0.0922518482	0.0648499611	-0.0040324315	-0.0895888377	-0.017246423	-0.0237916852	0.0492331071	-0.0825913648	-0.2036660408	-0.0195460856	0.0473792008	0.0011502076	-0.1117373973	0.0634470531	-0.0334774933	0.2072351696	-0.0618962921	-0.0844982714	0.0016395026	0.0317230351	0.0987980076	-0.000996068	0.0466865468	0.1544558889	0.0302170763	0.0116894441	0.0098161758	-0.0935706288	-0.0403058968	0.0302822567	-0.0085687905	-0.037566869	0.0559641994	-0.0300588688	-0.0917646948	-0.1276856729	0.0121245507	0.0392478851	0.0818133297	-0.0583548982	0.0380585414	-0.0615679227	0.0040161125	0.0087812345	-0.0556884301	0.1003179087	0.0253755878	-0.085968101	0.0867105223	0.0660330573	-0.0101924456	-0.0979222811	0.030153796	0.0917754626	-0.0488621241	-0.0186471664977005	0.0008743056702514	0.0003477168183929	7.64410405033753e-07	-0.0122181871549145	0.1187636195439125	0.0001492840973525	0.0141047973271711	-0.0130669884407623	0.0101985828497603	0.000170746186911	0.0001040110921434	0.0019102572599726	-5.6557430408700265e-05	3.649082799278025e-06	3.198742934434973e-09	0.0005320863175914	-6.990010815770005e-05	4.886025120458165e-09	2.831158493679762e-07	-0.0009570093266881	7.408386342430012e-05	5.488418819870353e-09	9.158668513680104e-07
258.029261284235	-0.4716703150317016	66579.09967888803	0.2224728860821046	435.4196011618282	-2.4506054781795683	189590.22907592557	6.005467209683711	250.12537182857187	-0.5089907973384413	0.2590716317752222	62562.70163238134	269.9158511001885	296.276953293727	1.150711	26.282909	0.145255161465357	0.1091611610365422	0.0285045888	-0.1202820826	0.1043487182	-0.0143753265	-0.0804353231	0.0016116241	0.0418019953	0.0135368859	-0.0582520171	0.1038318176	-0.0697462912	-0.1090295128	-0.0805776959	-0.0053782325	0.0284357347	0.1241729128	0.1318223346	0.0266216617	0.0605491529	-0.0464701997	0.0746741386	0.0976951822	-0.0878513793	-0.1062165064	-0.0869261291	0.11616368	0.0282741805	0.0701557944	-0.0715985764	0.1081565748	-0.0576685475	0.0576738262	0.1253224907	-0.105234085	-0.0233972231	0.0771981454	-0.160761396	0.023345232	0.0098056701	-0.0202523912	0.0283541768	0.0709600692	0.0287943456	-0.1083744831	0.0622394357	0.0278366763	-0.1290519048	-0.1308210975	0.0154930533	0.0133011622	0.0222966955	0.0587860242	-0.0708183983	-0.0662904855	-0.00509265	0.0785756185	0.0437992611	0.0317151826	-0.1449917256	-0.0264825659	-0.0284883751	0.0164142896	-0.0697131946	0.054691047	0.0284224841	0.1140969913	0.0723665793	-0.034858551	-0.0998752909	-0.096847957	-0.0880162047	0.0388583711	0.0039992079	0.1244592866	-0.0828599756	-0.1486392189	-0.0203570752	0.0148445403	0.0891915351	0.00167763	-0.0136233226	-0.1079884392	0.0202074487	0.1109196122	-0.0990257458	0.0663611804	0.000825855	0.0192777751	0.0188770277	0.0973153415	-0.1036331511	0.1233962203	-0.1196099783	0.0219047213	-0.1458736693	0.1752327114	0.0303386233	0.0547671229	-0.0440231269	0.0790300753	0.1619292643	0.120763063	0.0677277816	-0.0825408146	-0.0237936212	0.0104672778	-0.0550493022	-0.0025529717	-0.0465843315	-0.0279858714	-0.0254867871	-0.1193015989	0.0357938218	0.0157684491	-0.0751724442	-0.1037854628	-0.0388960238	-0.0055667071	0.0191323412	0.0721231036	0.0066881176	-0.0281371704	0.0441875582	-0.1102433304	-0.0018699388	-0.0376627853	0.0318712747	0.0712818432	0.0267602333	0.1180307685	-0.1181209053	0.1441094069	0.1068498035	0.0365624175	-0.0034932269	-0.0346041311	0.0477409556	0.0963332342	-0.0431037252	-0.0333246962	0.0981690567	0.0249496224	-0.1018897204	0.0097985262	0.0267644542	-0.1255925296	-0.0388116563	-0.0117537397	-0.097236992	0.0346117057	0.0891006524	-0.0555570233	-0.0208881710896378	-0.0022410045919373	0.0004363156914699	5.022101581084076e-06	0.0970975970606957	0.1093157842156102	0.0094279433549612	0.0119499406786738	-4.727064577281226e-05	0.0130197177949894	2.234513951778693e-09	0.0001695130514611	0.0016421980515713	-0.0002680592084012	2.6968144405845743e-06	7.185573920873152e-08	0.0004167392101883	-0.0001153471074031	1.3304955186262288e-08	1.7367156930836808e-07	-0.0009268425452361	3.0166781451999988e-05	9.100347031727303e-10	8.59037103659732e-07
257.4336056978375	-0.5956555863975268	66272.06134258967	0.3548055776065815	434.5770324749893	-0.842568686838888	188857.19715476796	0.709921992041408	250.0155143767205	-0.1098574518513828	0.0120686597272789	62507.75742905613	269.6359205893992	290.02553651687947	1.243479	28.401787	0.1489598196850757	0.1129828207993255	-0.0474278751	0.1489482689	0.04379069	-0.0471293664	0.0882044131	-0.1507262671	-0.005697048	0.0435458169	0.050630622	0.0166965215	-0.0775930075	-0.0401801551	-0.0357203834	-0.0395172199	-0.0458114069	-0.0821631665	-0.01857606	0.0584866272	0.0432820124	-0.060174915	0.0615536557	-0.068026433	0.0215157996	0.0954886745	-0.0918440977	-0.0557549236	0.0137716993	0.1578249315	-0.0487276196	-0.0211389403	0.0085416729	0.0050085487	0.0345771703	0.0377376355	-0.0375543752	0.0777217924	0.1045210659	0.0162543065	-0.0480636879	-0.0570102554	-0.1081957312	-0.0485004806	0.0946118419	-0.0441559998	0.0177732922	0.0089106785	-0.0138164318	-0.0054000802	-0.0066702245	0.0379939582	0.0733898131	-0.0572193343	-0.0025670909	0.0492457413	-0.1004876214	-0.0227124436	0.0456291487	-0.0746755282	0.0814905383	-0.0452208186	0.0494810892	0.104301246	-0.0580232467	0.0609226624	-0.0669148116	-0.1269790262	-0.0751588432	0.1285637508	-0.056300004	-0.0433971553	-0.0429955837	0.0241687369	-0.087428048	-0.1390932996	0.0134224047	0.1044487506	0.0563760898	0.0486876106	0.0119984747	-0.0002817081	-0.0628968886	0.0064982806	-0.062753181	0.0130777197	0.0065967593	-0.1627919819	0.0480557808	-0.0515660831	0.002067951	-0.0130886078	0.0148257922	0.0132919971	-0.0787123042	-0.0519146098	-0.0588989544	-0.0352772377	-0.0320194721	0.059896513	-0.1086792098	-0.0977595579	0.0109060423	-0.0608261455	0.126422478	0.0311653034	-0.0482309585	-0.0274907248	-0.0664884665	0.009644579	0.1181823976	-0.0113969729	-0.0174265861	0.0380102593	-0.0362127721	0.0160925102	0.0040783984	-0.0296785607	0.1297581601	0.0500287371	0.1436263856	0.0077691243	0.0370344983	0.0010910026	0.0056553958	-0.0260415011	0.0650528415	-0.045619842	-0.0054098856	-0.0495808272	-0.0541623291	0.0270279275	0.1749102043	-0.0376796843	-0.14846052	0.012195883	-0.0841172723	0.1205072709	0.0825477073	-0.0003619311	-0.1023980433	0.1137112511	-0.0103744208	0.0614650232	0.0028966808	0.0615357218	0.0071830095	-0.0014049896	0.0400494353	-0.0133121339	-0.0964557418	0.0389927688	0.0860742027	-0.0619093949	-0.021927501137327	-0.0010393300476891	0.0004808153061274	1.0802069480296303e-06	-0.0167394270311547	-0.1138370240918504	0.0002802084173313	0.0129588680540885	-0.004538052091199	-0.0044907814454261	2.0593916782435613e-05	2.0167117990584115e-05	0.0021542212978538	0.0005120232462824	4.6406694001269095e-06	2.621678047336694e-07	0.0004374389038099	2.069969362159999e-05	4.2847731602810727e-10	1.9135279456640694e-07	-0.0009859732873342	-5.91307420981001e-05	3.4964446610720278e-09	9.72143323336609e-07
257.06977936105426	-0.3638263367832337	66084.87146074112	0.132369603337107	434.4051586215416	-0.1718738534477211	188707.8418370067	0.0295406214989687	250.1057437405553	0.0902293638348226	0.0081413380980367	62552.883052016325	269.94463118995094	292.5924463357941	1.340085	30.60833	0.1412412154101349	0.1123915421424711	0.1115447231	-0.1281424868	-0.1016440415	-0.0808915443	-0.1193700628	0.0940435551	-0.0092648403	0.0549925447	0.0925946851	-0.0409800425	0.0581817307	0.0643226231	-0.0301125938	0.0025562727	-0.1228368767	0.0064441022	-0.0401706426	-0.1392881652	-0.069463262	-0.0536689465	-0.1881637289	0.0386653136	-0.0451776512	0.0135658753	0.0208743249	0.0239117886	0.0372434173	-0.0049302779	0.0835584595	0.0028920945	-0.0347454253	0.138645711	0.0048845811	-0.1506593329	0.0427147463	-0.0353720924	-0.0112798833	0.1165461799	0.1765373835	0.0200435372	-0.0734333185	-0.0342475392	-0.0453251331	-0.0702123406	0.0308108596	0.0621645101	-0.0007901978	-0.1139293513	0.0411748774	-0.0308006287	-0.1182170917	0.0509085579	-0.0236814824	-0.0476993832	-0.0957852739	-0.0477209746	-0.0349730895	0.0377891416	-0.0198768496	-0.0008532204	0.0073401666	0.057264672	-0.1468740687	-0.1581309032	0.0687359279	-0.0284203765	-0.0662569244	-0.0408021568	-0.0264630269	0.0646042352	-0.0245472481	-0.1123959026	-0.0266794075	0.138457075	0.0845019382	-0.0594710907	-0.001768161	-0.0335905221	-0.0448703079	-0.1143638507	-0.1307886057	-0.0404172577	-0.003350538	-0.0182626198	0.092402348	0.0815033777	-0.0535256368	0.1329584889	-0.0988772895	-0.1152900571	-0.0302799025	0.0835857884	0.1088980532	-0.0749293372	0.1228491877	0.1435611184	0.0608675295	-0.0345298832	0.0519397872	0.0581576387	0.034300256	-0.0035282959	0.0701154471	0.000224644	-0.0769842995	0.0842143827	0.0021755375	-0.0766515064	0.0595238803	-0.0929622662	-0.1014200514	0.0205941246	0.1174055845	0.0128247809	0.0269176556	-0.0628791793	0.0184433947	-0.0119730783	0.0010659077	0.0445166276	-0.0106844324	0.0312010286	0.0013501539	0.083479657	-0.0006966819	-0.1056527868	-0.0883921616	-0.0175763877	0.0671874136	0.0056483047	-0.172391236	0.0311734541	0.0247623565	-0.0086364517	0.0029304719	-0.0213189488	0.0567154064	0.0763088835	0.020563009	0.0340409295	0.010573714	-0.0386641033	-0.0032725454	-0.0319837728	0.1105990957	0.0672221113	0.1266397593	-0.0148672434	-0.0955793015	0.0432872582	0.0827080574	-0.0678800746	-0.0269996772447029	-0.0050721761073759	0.0007289825713181	2.5726970464234947e-05	-0.1276194429260471	-0.1108800158948924	0.0162867222127545	0.0122943779248515	-0.0008735787689673	0.0036644733222316	7.631398655904232e-07	1.3428364729347833e-05	0.0020976273793621	-5.659391849169998e-05	4.40004062264951e-06	3.202871610245181e-09	0.0002188011468298	-0.00021863775698	4.7802468777289264e-08	4.787394185403569e-08	-0.0011432326135751	-0.0001572593262408	2.4730495689741767e-08	1.3069808087417535e-06
257.1591235946331	0.0893442335788563	66130.81484795979	0.0079823920737932	433.8251962125971	-0.5799624089444819	188204.3008688984	0.3363563957886865	249.4962399526109	-0.6095037879444192	0.3714948675185955	62248.37375049079	268.98129753720207	287.42454110190835	1.411912	32.248882	0.2807376403160417	0.2332010902355934	-0.0957219479	0.1260727806	0.0132566203	-0.1288627619	0.1360597903	-0.0742363613	0.0594146515	0.1401906867	-0.1065254677	-0.0216582483	0.0990981405	-0.1147583257	-0.1002007427	0.1431921526	-0.041197955	0.1084035804	0.1160160583	0.0250438498	-0.0092314248	-0.1746348985	-0.0554825651	0.0186738143	-0.0180244355	-0.1073970769	-0.1594563064	0.0427249836	-0.0984153972	0.0184624859	-0.049496003	-0.019361126	0.0623629513	0.0222167258	-0.057783851	0.0650413949	0.1213671567	-0.0264260534	-0.0708372973	0.1661115771	-0.0884679365	0.0664988759	0.0958431179	-0.0174333976	0.1333477199	0.0973397919	-0.0120461084	-0.0552664883	0.052161999	0.0896972078	-0.0420464616	0.0256204138	-0.1101220798	0.1519308765	0.0463532986	-0.1267528442	-0.0088337077	0.037546124	-0.1185042568	0.043566717	0.0963393063	0.0595834423	-0.1538926708	-0.002935237	0.1068515541	-0.0090938715	-0.0728490482	0.0178188751	-0.1206047887	0.0009280053	-0.0579141386	-0.0963511344	-0.1136222459	0.1790199059	0.0434754376	-0.0352026587	0.1099385251	-0.0459094374	-0.0658709993	0.0075873536	0.0744920729	-0.1175302989	-0.121209988	0.0615135374	0.035638258	-0.0877815965	-0.1233900906	-0.1317668963	-0.0425819612	0.1517893604	0.0487153601	0.0037750587	-0.1200647107	-0.0068020634	-0.0563766316	-0.0049813426	0.0540660416	-0.0078148972	-0.1327601836	-0.0365884134	-0.1005737576	0.0035754072	0.0131098077	0.2164263361	-0.1347891083	0.1039118575	0.0352723618	-0.0518771509	0.0390428826	-0.1645263658	-0.1446192953	0.0489843937	-0.0044800169	-0.0672782235	0.0557537091	-0.1144010534	0.0892840197	0.1130595245	-0.1168012802	-0.0565243389	-0.0845780974	-0.0314261659	-0.0060026246	0.0403196021	0.0063575091	-0.0912038456	-0.1031516215	-0.1418108094	0.1225621244	0.0924684167	0.0330919931	-0.0908966989	0.1413555064	0.0065190742	0.0207778737	-0.0008551474	0.010305704	-0.0289523685	-0.0243813896	0.03805607	0.084221228	-0.0377279555	-0.1010640105	-0.0498002352	-0.0793272165	0.0066683556	0.001309568	-0.0146230067	0.0821866082	-0.0164186847	-0.0946085359	0.047485639	0.0790155012	-0.0734322509	-0.0217984632973866	0.0052012139473163	0.0004751730021275	2.7052626525757623e-05	0.1032951925267013	0.2309146354527484	0.0106698967991282	0.0533215688662756	0.0227254271668897	0.023599005935857	0.0005164450399176	0.0005569130811606	0.0021203313872846	2.2704007922500023e-05	4.495805191904236e-06	5.154719757449438e-10	0.0005427103903088	0.000323909243479	1.0491719801113813e-07	2.9453456774913005e-07	-0.001217075061776	-7.384244820090018e-05	5.452707156302627e-09	1.4812717059970544e-06
258.1827121884068	1.0235885937736953	66658.3128729617	1.047733609303611	432.3969139356292	-1.4282822769679342	186967.0911810559	2.0399902627007065	250.14411979798825	0.6478798453773607	0.4197482940461927	62572.0806695103	269.82014205678973	293.7574996097583	1.350196	30.839256	0.1011268836538017	0.0557175146119972	0.1418520502	-0.0547330249	0.050646113	-0.0334626168	-0.1542753926	-0.0712444132	0.0322868345	0.0679824599	-0.016384772	0.0932090062	0.1591742317	-0.0882090843	-0.0661767087	-0.0702489388	-0.019390874	0.0095245532	-0.0609170755	-0.0809946489	-0.1266774099	-0.120983962	0.0131478582	0.0339336168	-0.1491705391	0.1197804062	-0.0113044592	0.0162551599	0.0215045612	0.085794399	-0.1292935341	-0.0307438158	0.0806713199	-0.094231075	-0.1266374522	0.0107488787	0.0313351213	-0.0544932295	0.0519249413	-0.0679884134	0.0327061954	-0.0525420715	0.0300582528	-0.0352501818	-0.0424426027	-0.0066064686	-0.0975446376	0.0314638352	-0.0580510133	0.0709429329	-0.1445044946	-0.0655642926	0.0434329509	0.0258615206	0.0312682741	-0.0208705176	-0.0592101818	-0.0418636939	0.0844378059	0.0978652493	-0.0461380996	-0.0486479892	0.0605899946	-0.0594706239	-0.0621362807	0.0418479476	-0.0990199209	0.0651048481	0.0239002184	-0.0222290814	0.0105278674	-0.0917641148	-0.0657848741	-0.1413285106	-0.0233588719	0.0439124652	0.0070546611	-0.0191409111	-0.0983948187	-0.0667106587	-0.128393696	0.0143001485	-0.1059766542	0.0427613484	0.0798753911	-0.0355994335	-0.0696563401	-0.18263719	-0.034033105	0.0185258376	-0.0057257611	0.0137733327	0.0361235181	0.13558136	0.0001153384	0.0039297262	0.0499084575	-0.0860603222	0.0072200821	-0.0030557512	-0.0327963114	0.0639308877	0.0020428075	-0.044415408	-0.017919614	0.0699271928	-0.015906431	0.0100177556	-0.0197714477	0.1406945572	0.0550198583	0.1937804277	-0.0902132954	0.0019058808	0.0455884851	-0.0538846665	-0.0385234842	0.018660422	-0.030631939	-0.0077121061	-0.0010752245	-0.0388832493	0.0555728087	-0.0385714062	-0.003520354	-0.0818493307	0.0868909561	-0.0577649131	-0.0693427446	-0.0424394502	0.1182920411	0.0491370976	-0.0675345149	0.0035991684	0.0102625021	-0.0363876821	0.0228113825	-0.0103748001	-0.0599954617	-0.0090863154	0.1611795165	-0.0487615138	0.0299692533	0.0134561112	0.1061461397	0.0423688236	-0.0641915776	0.0277358696	0.0262520397	-0.0179660749	-0.0935444031	0.0515785898	0.075011107	-0.0785316931	-0.0243967841744847	-0.0025983208770981	0.0005952030780563	6.7512713803638405e-06	0.057626209785937	-0.0456689827407643	0.0033207800542928	0.0020856559845762	-0.0051593114590247	-0.0278847386259144	2.6618494731223577e-05	0.0007775586482355	0.0023232999831099	0.0002029685958253	5.397722811518461e-06	4.119625089129403e-08	0.0006018634723825	5.915308207369999e-05	3.499087118817887e-09	3.622396393883203e-07	-0.0009796999114745	0.0002373751503015	5.6346961980659785e-08	9.59811916543143e-07
258.45421958878967	0.271507400382859	66798.5836232503	0.0737162684626581	438.1264773808169	5.729563445187694	191954.81018212344	32.82789727243107	251.0210473524577	0.8769275544694608	0.7690019357877892	63011.566213924816	270.7700957784711	293.989067124462	1.347348	30.774204	0.2195055353150271	0.1818572117575856	-0.1617089001	0.0089815337	0.0058465015	-0.0284949758	0.1187778683	0.0218661309	0.0584570458	0.0508369153	0.0539990032	0.1576719475	-0.0863534098	0.078449058	-0.0801630895	-0.1246720782	0.0810632033	0.030693242	0.1454486154	0.0369894033	-0.1340492284	0.0115998711	0.0662433925	-0.1166558798	0.0665791282	0.0390572635	-0.0816584153	-0.1093595885	0.0585201611	0.0637517473	-0.0349015608	-0.0640697788	-0.0395192436	0.1133674501	0.0035604335	0.2442697724	-0.1026575615	-0.0617109263	0.0349297588	-0.0515400499	-0.0325425742	-0.1089778145	0.0982155287	0.0203231578	0.0874147808	0.0656904481	-0.040181813	0.0158941237	-0.0817990853	-0.1334104739	-0.0487851549	-0.0235850221	-0.0453460911	-0.0622758005	0.0717458488	0.1031287639	-0.0289034001	0.0247809814	-0.0036860483	-0.006082712	0.0832154073	-0.0306926195	0.1912990753	-0.039048867	0.0303093918	-0.0905766285	0.0574757433	0.140722895	-0.1119301101	0.0019613131	0.0786404743	0.0866101001	-0.0806527876	0.0970901418	-0.0871311864	-0.0894537237	-0.1654317309	-0.0157950319	-0.0062757687	0.0423338145	0.0034135453	0.0876905796	-0.1238809897	0.1216051258	0.1519356503	0.0209611393	-0.0099310642	0.0205818897	0.0868438542	-0.0122603996	-0.0969513021	-0.058938435	-0.0431415973	-0.1438153317	-0.0863649992	0.0962291636	-0.0437979715	-0.0203748725	-0.00300975	-0.0687142862	-0.0483539258	-0.1320408264	0.0316156054	-0.0222847699	0.1082724839	0.1338729186	-0.0495191853	-0.0079890224	0.0482452046	0.0568695347	0.0577110455	0.0673357826	-0.1377836954	0.0098119737	-0.0436265499	-0.0605329654	-0.0902007552	-0.0004618168	-0.0273745095	-0.074496004	0.063750166	-0.0645972458	0.0274585887	-0.0681393479	-0.0566901204	0.065795204	0.0641498685	-0.0729737145	0.0099820157	0.0715123208	-0.1114474143	0.1395850975	0.0843245793	0.0487815509	-0.0525071179	0.0033516682	0.0103753151	0.0542445051	-0.0005230375	-0.0486978712	-0.0836075853	-0.0306793856	-0.0730596171	0.0863134007	-0.0182304019	0.0435802633	0.015751259	0.0744850591	0.1056081119	-0.0195090322	-0.0923879533	0.0555570233	0.0707106781	-0.0831469612	-0.0269446230271626	-0.0025478388526779	0.0007260127100759	6.491482819215041e-06	-0.1182439549709926	-0.1758701647569296	0.0139816328871821	0.0309303148516295	-0.000175887659175	0.0049834237998497	3.0936468650060964e-08	2.4834512768908426e-05	0.0018472058621899	-0.0004760941209199	3.412169497308732e-06	2.2666561197458758e-07	0.0004050505514785	-0.0001968129209039	3.873532583476414e-08	1.64065949253037e-07	-0.0010288750277619	-4.917511628740011e-05	2.4181920618793233e-09	1.0585838227520506e-06
258.135708686079	-0.3185109027106705	66634.04409886424	0.1014491951455662	437.2454327358289	-0.8810446449879805	191183.56844834227	0.7762396664619966	251.16848909294228	0.1474417404845667	0.0217390668371183	63085.60991323146	271.2577213255092	294.0910201829701	1.308608	29.889362	0.0919714301849937	0.0468090507999268	0.1050792485	-0.0323712784	-0.1428546675	-0.0031597935	-0.0709912102	0.089792497	-0.1723170662	0.0790969977	0.0114706793	-0.0028550525	-0.1145924078	0.0659486539	-0.0432101317	-0.0582116345	0.1681988439	-0.0553438184	0.0067264415	-0.0645235236	-0.0826556665	-0.0107423506	-0.1105872621	0.0172613025	0.0246784634	-0.0864312358	-0.064752366	0.0501079503	0.0746626393	-0.0279571927	-0.01201956	-0.0296398014	0.0383437262	-0.0136102352	0.0655785892	-0.0829951449	0.1290757989	0.0297424095	0.0517039491	0.0780055833	-0.0220437498	-0.0778360461	-0.0072645778	0.0573630819	-0.0374183176	0.0181206675	0.0987287754	0.1125192189	0.0005652612	0.035055451	0.0582145841	0.0577560201	0.0796714239	-0.1282447062	0.0926490776	0.0042098456	-0.0899687769	-0.1838592132	-0.0926338635	-0.021025115	0.0185949184	-0.0537202303	-0.0473247275	-0.0098194199	0.0596878135	-0.0173973567	-0.0492452486	0.0992320622	-0.0143906906	-0.1156860791	0.0002926694	0.0742187101	-0.0387680507	-0.1225617375	0.1222150898	-0.0171032499	-0.1028762567	-0.0673184926	0.1158722486	-0.0278057826	0.0271554377	0.0322049566	-0.1017226507	0.0449413986	-0.054988401	0.0222872599	0.0170547288	0.074066042	0.1284459205	-0.0039585164	0.0774147909	0.0146406888	0.0325620874	0.0168859517	0.0043196347	-0.0935498012	0.0308779499	0.0837592718	0.0508975701	-0.0187017543	-0.0982380911	-0.0574039056	-0.0032353677	0.0885524655	-0.0897769333	-0.0457801043	0.0800471379	0.0267527093	0.0549392092	-0.019161916	0.0697325052	-0.0149197917	0.1239049036	0.0718936659	-0.0118454109	0.0596942002	0.0227939412	-0.0107326848	0.060445654	-0.0553771413	-0.0116862826	0.047304957	-0.027017292	-0.0899407212	-0.0049544626	0.0753055152	-0.0804049137	-0.0155605216	0.0333986648	-0.0694528758	0.1414410118	0.0687320948	-0.0450491908	0.0049461586	-0.0677068561	-0.0326876726	-0.0013346523	-0.034038475	0.1485280118	0.006734432	-0.0393871411	-0.0016466448	0.0138466208	-0.0540374178	0.0498985825	-0.0775591495	0.029831447	-0.0583093413	0.0836510371	-0.021047176	-0.0911403277	0.0594121063	0.0661311865	-0.0872496007	-0.0205218380032192	0.0064227850239434	0.0004211458350303	4.125216746379162e-05	-0.087805348007194	0.0304386069637986	0.0077097791386644	0.0009265087938966	-0.0170074565635118	-0.0168315689043368	0.0002892535787597	0.0002833017117814	0.0022648556618096	0.0004176497996196	5.129571168831001e-06	1.7443135512237545e-07	0.0006016650736577	0.0001966145221791	3.865727033175511e-08	3.620008608595256e-07	-0.0011801800918213	-0.0001513050640593	2.2893222410019123e-08	1.392825049131332e-06
257.606458240212	-0.5292504458669782	66361.0873270661	0.2801060344503952	434.30270690060735	-2.942725835221552	188618.8412211949	8.65963534128038	250.37672446669296	-0.7917646262493179	0.626891223379722	62688.504154670285	269.953689944539	290.006972976285	1.30379	29.77932	0.1881101756528652	0.1582158395420019	-0.0894662785	0.0396597652	0.0716711591	-0.1064582232	0.0467601585	-0.0731146085	0.12068671	0.0377541072	-0.0944203702	0.030383533	-0.0618474071	-0.082280908	-0.0616871093	-0.1186767485	0.0553201839	0.0089052253	0.010299172	0.0860606923	0.0049830984	-0.0527823584	0.0286035494	0.0241352258	0.0302429217	0.0798732859	-0.0404524365	0.1047622373	-0.0260139681	0.109265208	-0.0150721798	0.093483288	-0.0187502373	0.1722433869	0.0496067421	-0.0693360859	0.0571653786	-0.0587732894	-0.0293411313	-0.0719840976	0.0356252649	-0.0335712229	-0.0377772339	-0.1180376162	-0.0702667082	0.13609121	-0.0500630263	0.0441346615	0.078568393	0.0468754157	-0.0737044519	-0.04470487	-0.1134288718	-0.099941523	0.1742108565	0.1283289085	0.0604469669	0.0814508698	0.0850327616	0.0380505179	-0.0559963151	0.072757728	-0.0125200452	0.1085268552	0.070547517	0.0730551242	0.047815324	0.0137748268	-0.0385756116	-0.0192146725	-0.1366648564	-0.0799764109	-0.0719025336	0.0646584444	-0.0726444514	-0.0446354792	-0.1210357236	0.0611372061	0.0115440296	-0.0271221255	-0.0005424042	0.0120236633	-0.096339911	-0.0062254123	0.0331827472	0.0792339552	0.0394416105	-0.1338710437	0.0183580765	-0.0370770292	-0.0631060312	-0.0608301309	-0.1123670251	0.1220378621	-0.0294295205	0.0438878139	-0.0075551088	0.1281908435	0.0755055127	0.0081778325	0.1076699324	-0.1181797437	-0.0173648874	-0.0186133099	0.0055754614	0.0641651291	-0.0033945426	0.1603234707	0.0570132741	-0.0708185643	-0.0889829646	-0.0344950527	0.0740687565	0.0124794477	-0.042975826	-0.0026872852	0.0213424192	0.1001590742	0.0879374179	0.1176914829	-0.0240938926	0.0156810352	0.0059847245	-0.1386283124	-0.050778386	-0.0771200164	0.0363837837	-0.1041217237	-0.0598933194	-0.0035955084	-0.0346042598	0.0283360379	0.1003539347	0.0623012404	-0.0981959905	-0.0205929145	0.0589320805	-0.00288513	-0.0144161804	0.0612519693	-0.0472403835	-0.1765332682	-0.0042663361	-0.0759537321	-0.0550122247	0.0459903638	0.0182247476	-0.0020923633	0.0166627497	-0.0225801267	-0.0898027576	0.0631352795	0.0612907054	-0.0908143174	-0.0183581776738179	0.0021636603294012	0.0003370226875034	4.681426021024938e-06	0.0717529437717416	0.1595582917789356	0.0051484849399107	0.0254588484754119	-0.0131256967180135	0.0038817598454983	0.0001722839143332	1.5068059498122988e-05	0.0019917606791665	-0.000273094982643	3.967110603073797e-06	7.458086954483504e-08	0.0004548559398498	-0.0001468091338079	2.1552921769425892e-08	2.068939260166449e-07	-0.0011499549342917	3.0225157529600085e-05	9.135601476891407e-10	1.322396350901828e-06
257.9272420138461	0.3207837736341048	66526.46217286916	0.1029022294269366	436.5398117022568	2.23710480164948	190567.00720104185	5.0046378935631575	250.4707821012922	0.0940576345992383	0.0088468386264038	62735.612686433	270.5597284672454	293.41258975682985	1.214644	27.743185	0.3129288988803903	0.2685426430535149	0.055374592	-0.0767602739	-0.0542274979	-0.0556740887	-0.0610396333	0.0594269182	-0.0545470658	0.0725718852	0.1437044078	0.1285935702	-0.1333938433	0.1401250853	-0.074172503	-0.0885516222	-0.0708332988	0.1049099621	0.0955036111	-0.0506413552	-0.0977843873	-0.0108412521	-0.028433236	0.0655539056	0.0230649236	-0.0572599291	-0.077409631	0.0412271679	0.0380248711	0.0029445977	0.0696739906	-0.0083645137	0.0497372233	-0.00765401	0.0680460744	-0.1518715861	0.0163712497	0.0377698992	-0.0660635022	-0.0282157857	0.0706367638	-0.0256068389	-0.0413015556	0.1268510915	0.1696755331	-0.0732458966	0.0368531652	0.0479013834	0.0748061535	0.1229203764	-0.0254386335	0.0266716113	0.052177289	-0.1393656907	0.138989427	0.0245531934	0.1607288709	0.0537146816	-0.1390221426	0.0255450289	0.0112119107	0.0190234246	-0.0055134674	-0.0373870164	-0.0593577658	0.1465685993	-0.039001642	-0.0271241567	0.030189304	-0.0006489227	0.0399636272	0.1367593726	-0.0666637485	-0.1144868498	-0.0715824027	0.0157337391	-0.0390307067	-0.1077705701	-0.0411889043	0.0672052538	0.1405918425	0.0390222649	-0.1027258506	0.1544742927	-0.0278763145	0.1332142317	-0.0612701466	-0.0014719905	-0.035616476	-0.0391577207	0.114553506	-0.0940617559	0.0085492652	0.0550431868	0.0699617996	-0.1140392759	-0.0488890192	0.1302696268	-0.0176294111	-0.0716403757	-0.0210289296	0.0275685872	-0.0437999538	0.0137502143	-0.030817172	-0.1223541292	-0.0643781798	-0.037765204	0.0098966254	0.001289516	-0.0665642349	-0.0401022511	0.1088386684	-0.0663762324	-0.1794173658	0.0990741927	-0.015161763	0.1137267748	-0.0390208557	-0.0130136653	0.0598605525	-0.0262820255	0.0337203504	-0.1251461162	0.068550156	0.1233125967	0.1128807534	-0.0514645366	0.0510438482	0.1337977323	0.0816314913	0.0074556342	-0.0279735956	-0.0372977287	0.0467400175	0.0005193533	0.0668612131	0.1201575194	0.0955547252	-0.1069916541	-0.0418120124	-0.03584637	-0.0076433718	-0.0010681515	0.0384538909	-0.1268847019	0.0938240522	-0.0464347675	0.1281819655	-0.0241075061	-0.088376563	0.0667182767	0.0562083378	-0.0938191336	-0.0163860462088507	0.0019721314649672	0.0002685025103585	3.889302515113683e-06	-0.1994253450262277	-0.2711782887979693	0.0397704682388299	0.0735376643153948	0.0002577243564303	0.0133834210744438	6.642184389741232e-08	0.0001791159596558	0.0024822878507906	0.0004905271716241	6.161752974182616e-06	2.4061690610153934e-07	0.0004920735739419	3.721763409209999e-05	1.385152287413443e-09	2.421364021719545e-07	-0.0011501112794357	-1.5634514400003977e-07	2.4443804052393173e-14	1.3227559550852226e-06
258.1813864815689	0.2541444677227673	66657.62832554524	0.0645894104740887	438.2540402787455	1.7142285764886651	192066.6038206443	2.938579612450355	250.3554527441538	-0.1153293571383926	0.0133008606179549	62677.85271873023	270.2166247897678	292.28676145400624	1.093428	24.974524	0.1361623440869563	0.0999623792600319	-0.0422923854	0.0759587978	-0.1476661177	-0.0096172598	0.1213322561	0.0717977041	-0.044996452	0.117765595	-0.0288288689	-0.0228312773	0.0446032341	0.0620346937	-0.1004801076	0.1491672267	0.0288327509	0.0212523856	0.0818118714	-0.108664985	-0.0878899223	-0.0425494572	0.0738117122	0.0133747317	0.0639251945	0.0797304626	0.0294123619	-0.1148331697	-0.0434405893	-0.0958793434	0.1626490844	-0.0272414289	0.0578739448	0.0438350757	0.1517449263	-0.0541482821	-0.1191595886	0.0318027338	0.0106884567	-0.1073425617	-0.08319123	0.0954472342	-0.065818303	0.0959885877	-0.0323321806	-0.0043491496	-0.0974391793	0.0449771303	0.0168143081	0.0169402207	-0.0546704894	-0.020545658	0.0118212981	-0.0132216045	0.0258315358	0.0057505234	-0.0695904422	-0.0197088833	-0.081501815	0.0435682354	0.0592179955	-0.0027113335	0.0570390963	0.0361720631	-0.0322108726	0.0885483655	-0.1443134522	-0.0275133055	0.0355299024	0.1627986079	0.0393378273	0.0825665656	-0.0935173064	0.0902807558	0.0984632489	-0.0446674132	0.0862082409	-0.0761904453	-0.0400940575	0.0092034256	-0.0899851845	-0.0121361071	-0.0707359239	0.0591581157	-0.0202259458	0.0981775393	0.0229144465	0.0671619634	-0.0417150702	-0.0155346947	0.0777662602	-0.112405196	-0.0444889811	-0.1370887282	0.0941169278	-0.1182307712	-0.0560463064	-0.0223852727	-0.0335273592	0.0303410132	0.0505740131	-0.0307043875	0.0979081098	-0.1855961239	-0.0554511574	-0.111256032	0.0455230752	0.1368948629	0.1285765671	0.0221298419	0.0743473183	0.0415929529	-0.058466868	-0.0789076559	-0.0299320366	-0.0414987482	0.0253263108	0.0526914669	0.0249907336	-0.0079572708	0.0729366824	-0.0194026788	0.0318283119	0.0692711437	0.0311332279	0.0953855963	-0.0690071107	-0.0302691591	0.0905449835	0.0190262798	0.0481824495	0.032013858	0.0233908391	-0.0300881043	-0.0023257212	-0.0215469953	0.013992133	-0.1643254239	0.0144770062	-0.0488042033	-0.0886200471	-0.1004100865	0.109423369	0.0505655846	0.0579001769	-0.0585318233	-0.0738419228	0.06982342	-0.0451361649	-0.0256289373	-0.0868631514	0.0701531426	0.0509041416	-0.0962455236	-0.0189335857379262	-0.0025475395290755	0.0003584806688954	6.489957652202221e-06	-0.1010082689787879	0.0984170760474398	0.0102026704020911	0.0096859208577275	-0.0210675691277657	-0.0213252934841959	0.0004438424689531	0.000454768142187	0.0023178509558922	-0.0001644368948984	5.372433053730385e-06	2.7039492403827513e-08	0.0006016731023981	0.0001095995284562	1.2012056637821411e-08	3.620105221493546e-07	-0.0011466990022654	3.412277170299896e-06	1.1643635486949864e-11	1.314918601796464e-06
258.5522390390661	0.3708525574971872	66849.26031211436	0.1375316194022046	436.7430392490344	-1.5110010297111105	190744.4823324836	2.283124111788036	250.4359653681724	0.0805126240185813	0.0064822826263574	62718.17274988844	270.422540526169	294.7159154114669	0.98394	22.473763	0.1034451039932542	0.0590140319714958	-0.0236742415	-0.0930710483	-0.059662052	0.0005767051	-0.040915878	0.1047968549	0.0418636144	0.0248880112	-0.0439380983	0.009057476	0.0826988136	0.0408529828	-0.0193989246	0.0342541448	0.0001502985	-0.0409001473	-0.1030384171	-0.0547049224	-0.0594034343	-0.0776144564	-0.0301465384	0.0251777977	-0.0260893728	0.0951961557	0.1468399316	-0.0358222714	-0.1355967569	-0.0511747676	-0.0768408908	0.0146234978	0.0220612356	-0.0515913247	-0.1259966368	-0.0122541551	0.1610171939	-0.0761297223	0.0434194223	-0.0136796631	0.005349751	0.0505556196	0.0006776993	-0.0400844958	0.021702783	-0.0115113564	-0.0299548342	0.1595625196	0.0695412777	-0.0960982146	-0.0785221678	0.0007567976	-0.0534017276	-0.0279006958	-0.023687018	-0.0792387737	0.023269153	0.1138962986	-0.0029890308	-0.0799190764	-0.068573344	0.1004172142	-0.0514403283	0.1132977986	0.0548258593	-0.0488522348	0.0642130957	-0.0965279713	-0.0239954408	-0.0288712679	0.017297846	0.0433707375	-0.0142283935	-0.0513500073	0.0457173723	0.0780011409	0.0331922107	0.0693650419	-0.0337451017	-0.045581704	-0.1122276067	0.0391850708	-0.0263583846	0.0672017308	0.01446306	-0.1469993731	0.0486744211	-0.135637935	-0.1244467825	0.037241367	0.0580455386	0.0057403315	0.0058750611	0.0327454711	0.040439549	0.0127560621	0.0572874924	-0.039703599	0.066688065	-0.0028045226	0.0952974738	-0.1176620846	-0.1181596398	-0.0143832423	0.0129370044	-0.0459351729	-0.0712300337	0.0163431457	0.0463345602	-0.0926614709	0.0509555844	0.0813548507	0.0237916965	-0.0947844829	0.1054193416	0.0222501145	0.0784053096	-0.0075817144	0.0360121058	-0.0072464983	-0.1105882955	0.0694519768	0.0067194785	0.0275303917	-0.041235593	0.051511851	-0.0138560754	0.0201132557	-0.0544484246	-0.0443644509	0.0614681316	0.0003069598	0.0194576972	0.0533913304	-0.0408140848	0.0557020908	-0.0679295001	0.0152035147	-0.1599805238	-0.0302472918	0.0095462347	0.0498531691	-0.0256792707	-0.1099247961	0.1053702568	-0.0601681751	-0.1285141983	0.0664271362	0.0777532284	-0.027144045	-0.0852640164	0.0734322509	0.04539905	-0.098078528	-0.0187510909590002	0.0001824947789259	0.0003516034121526	3.330434433524903e-08	-0.0602498691544894	0.0407583998242985	0.003630046733133	0.0016612471562373	-0.0375103340585454	-0.0164427649307797	0.0014070251611836	0.0002703645185688	0.0028676767691653	0.0005498258132731	8.223570052410333e-06	3.0230842494142605e-07	0.0003279966134437	-0.0002736764889544	7.489882060640785e-08	1.0758177843053597e-07	-0.0010489724153079	9.772658695749998e-05	9.550485798361806e-09	1.1003431280768897e-06
258.3168176300097	-0.2354214090563573	66727.57827049571	0.0554232398420807	436.1485990888617	-0.5944401601726668	190225.60048717665	0.3533591040261057	250.70188853514588	0.2659231669734936	0.0707151307332125	62851.43691508872	270.3099845158668	293.3418639947564	0.9577	21.874416	0.1068998313131731	0.0860349020741688	0.0566877393	0.0576194664	-0.0241121908	0.0223953226	0.0329641211	-0.0879645589	-0.0730339178	0.0354095036	-0.0057190069	0.0078699712	0.0050971019	-0.0295211967	-0.0144352992	-0.0190705557	0.0642595042	-0.0143562638	-0.0076999364	-0.0616604247	-0.0341320905	-0.0158545244	-0.0110458647	-0.0127960282	-0.0022727401	0.1129708439	-0.0597847679	-0.0704703609	-0.0660109773	0.0059726434	0.0066257535	0.010763241	-0.0762633049	-0.0031218736	0.0746110713	0.0174907257	-0.0592452964	-0.0431852971	0.0804667557	0.0448749447	-0.030514725	0.1173470943	0.0800167042	0.1244823444	-0.0864961042	-0.0182208601	-0.0277543033	-0.0987277601	0.1329347405	0.0278354143	-0.0257802179	-0.1518910451	0.0480086028	0.0677604086	0.1102657439	0.0201926809	0.0374975238	-0.0205912811	0.0886608384	-0.0760247573	-0.0341190375	0.0970613988	-0.1792702282	0.0945899777	0.0314010904	-0.0597611851	0.099473632	0.0293859631	-0.0571228928	-0.026958374	0.1076936069	-0.034158166	-0.0155058812	-0.0300644575	0.0285585413	-0.0823617256	-0.0173872814	-0.0127139443	-0.0215095543	0.0031639196	-0.073945488	-0.0641064035	-0.0469889037	-0.0970620734	0.0861693779	-0.0659853817	0.0378922063	-0.0362323432	0.0032203688	0.0216688904	-0.0081627294	0.0133584579	-0.0078794121	-0.0958020426	-0.0484293279	-0.0113281875	-0.0444839131	-0.0063659258	-0.0405454948	-0.0566930495	0.0753854954	-0.0041038204	0.0267244141	0.0328621362	0.0544097977	-0.0823462088	0.113640605	-0.0275224019	0.0748325974	0.1842280764	0.015329913	-0.0646010829	0.0060630289	-0.0653502063	0.0086353359	-0.0117159985	0.0659255372	0.1602171842	0.1872610216	0.0249619407	-0.0967787058	-0.015553613	-0.0075841453	0.0285683218	-0.0706747764	-0.0230370043	-0.0222897185	-0.0221962216	-0.0737229719	-0.0136065952	-0.0470191576	0.0441486461	-0.0291584259	-0.0442390205	0.0120669078	-0.0389123918	-0.0337070583	-0.0485723619	0.0320935168	-0.0127883304	0.0381081199	0.0852568341	0.0006001575	0.0386881338	0.0413602417	0.0306079292	-0.0178988636	-0.0831984481	0.234284699	-0.0286524553	-0.0835807361	0.0765483213	0.0397147891	-0.0993068457	-0.0206039153510886	-0.0018528243920883	0.0004245213277948	3.432958227917747e-06	0.0265082880317635	0.0867581571862529	0.0007026893343749	0.0075269778383545	-0.0372055068171235	0.0003048272414218	0.001384249737519	9.291964711288345e-08	0.0025596883927889	-0.0003079883763764	6.552004668178222e-06	9.485683998297105e-08	0.0003616814719982	3.368485855449998e-05	1.1346696958366704e-09	1.3081348718678473e-07	-0.0010309652003706	1.800721493730017e-05	3.2425978979812633e-10	1.062889244375191e-06
257.85001269916364	-0.4668049308460809	66486.62904895886	0.2179068434622143	435.1697003868189	-0.9788987020428408	189372.6681347537	0.9582426688611584	250.6586180358275	-0.0432704993183961	0.0018723361112633	62829.74279563086	270.21588037089793	292.3270250874924	0.921088	21.038181	0.0455265145838756	0.023497794035235	-0.0285798272	0.0058975421	0.024715215	-0.0387717689	0.0212375905	0.0105072739	0.0303382427	0.0298337324	0.0205891679	0.0168788187	0.0607526629	-0.0311550927	-0.0346743651	-0.0437431609	0.0555698696	-0.0148606248	0.1026455764	0.0417143864	0.0377973181	-0.0632754338	-0.1358094781	0.016163052	0.1562452008	0.1345000457	-0.0543049455	0.0894156244	0.0194088269	-0.1144185471	0.048299544	0.0675052718	0.0102217566	0.0216550057	-0.045456877	0.0223564183	0.0333648888	0.1088920377	-0.0610065802	-0.0659683704	-0.0307066032	-0.0174579937	0.1445231537	-0.0421291856	-0.0133682387	0.0160842447	-0.0698236034	0.076775704	0.0263586134	0.0158702307	0.0768673826	0.0225561839	0.0525540483	0.0435558628	0.0035117377	0.1146139931	-0.128545954	-0.1181778995	0.0281200242	-0.0022900763	-0.1795194487	0.0664032093	-0.0315052667	-0.0787347981	-0.0574465282	-0.0771329327	-0.0444857363	-0.1386991221	0.0289114787	-0.0072685467	-0.0529335796	-0.022997779	-0.040705967	0.0867091606	-0.0086966904	0.057033377	-0.0685982132	-0.0556040576	0.0861211707	-0.1106490665	0.0380496977	-0.0980263705	-0.0734577596	0.0297790456	-0.0975920294	-0.1182125678	0.0467800862	-0.0569448224	0.1147916012	-0.0980674645	0.0037588206	-0.1317287667	-0.0677389424	-0.0682511131	0.0779376417	0.0455883996	-0.1272311084	-0.0147087566	0.1383602202	0.0670508537	-0.0287105494	0.1050203742	-0.0185139809	-0.0053468522	-0.1025223301	-0.0919732206	-0.0274746605	-0.0211187356	-0.0421595043	0.0168787172	0.0842782156	0.0289874884	-0.0021432061	0.0789001651	-0.0221252951	-0.0229353145	-0.0838389327	-0.0586276964	0.0756522457	-0.0163705056	-0.1182177141	-0.158271171	-0.0629360703	0.0042651998	-0.0663615819	-0.0306703659	-0.0297497834	-0.0349250619	0.1255776651	-0.0183065023	-0.0187344936	-0.0041960386	-0.0521180074	0.0220967275	0.025717409	0.0341701791	-0.1157939873	0.056616719	0.033921694	0.1183681984	-0.0467679891	0.1018847082	0.0798536956	-0.0081318097	-0.0433343437	0.0332557657	0.0087798262	0.0832987671	0.1159359676	-0.030153796	-0.0818149717	0.0794944353	0.033873792	-0.0999229036	-0.0171151564918261	0.0034887588592624	0.0002929285817396	1.2171438378082576e-05	0.0223577152579252	-0.0041505727738383	0.0004998674315544	1.7227254350927767e-05	-0.0173361422364237	0.0198693645806998	0.0003005418276415	0.0003947916488407	0.0026238282541994	6.413986141050017e-05	6.884474707535072e-06	4.113921821758169e-09	0.0006010752427514	0.0002393937707532	5.730937747543568e-08	3.6129144744865444e-07	-0.0010877879356084	-5.6822735237800105e-05	3.2288232399051302e-09	1.1832825928551845e-06
257.48839664742883	-0.3616160517348135	66300.27440806363	0.1307661688722753	433.4962143415816	-1.6734860452372686	187918.96784848245	2.8005555436038736	250.22546790835483	-0.4331501274726577	0.1876190329295796	62612.78478995511	270.0901081177541	292.71635035875386	0.980796	22.401957	0.1615796817737475	0.0955178230744184	0.0314391911	-0.0783801733	0.0501217393	-0.0519324684	-0.0982887394	-0.0310909488	0.0307480735	0.0120694851	-0.0671263749	-0.0767082042	-0.1176961815	-0.097420576	0.0486327743	-0.0310333037	0.0182914853	0.000725049	-0.0625485721	0.0435987474	-0.0792921267	-0.0497121719	-0.1075092991	-0.0327745945	-0.066456869	-0.0694113813	0.0655204027	-0.0282518928	0.022686344	0.1017567536	0.0718661937	-0.1443193036	-0.0671223773	-0.1108337141	-0.0525633768	-0.117206234	-0.0705041136	-0.002869825	-0.043325393	-0.1022565789	-0.0319509572	-0.0518728444	0.0377913506	-0.091694944	-0.0110328367	0.1424827217	0.0026088145	0.1034569269	-0.0624102544	-0.0186049284	0.0897516499	-0.1157564879	0.0198360959	0.0427400988	-0.0043315203	-0.0026967592	-0.0196418997	-0.051047444	-0.0139117419	0.0653313305	0.0394703278	0.0064509381	-0.0986509966	0.0818722336	0.0915777514	-0.0195496025	-0.0175278934	0.0799057648	0.0386037754	0.0147740555	-0.0194226078	-0.1004739438	0.0359897992	-0.0818427933	0.0144356852	0.0194624557	-0.0098909963	0.0983228653	0.0485591041	0.0112810352	0.1168837736	0.0924462209	-0.1179834773	0.0138269593	0.0504642796	-0.0695365838	-0.0024583531	0.0914574552	-0.028807937	-0.1097198682	0.0360791624	-0.0089281031	0.1539676966	0.0633333305	-0.0205576641	4.99326e-05	0.064443021	-0.0631620148	0.0704220416	-0.0378091766	0.0855783778	0.0856075389	0.0333467329	-0.0165242207	0.143207012	0.0164831439	0.0785173346	0.003678782	0.0319612375	-0.1065795544	0.0679600107	0.0478870006	-0.0119381156	0.0318219432	0.0252501479	-0.0255126934	0.0408752704	0.0403842341	-0.1412733717	-0.0922000714	-0.0852081743	-0.0068279824	0.0657389085	0.09339602	0.0124219992	-0.0868757958	-0.009495624	0.0238287725	-0.0845234823	-0.0756125386	0.0715016577	-0.0672320834	0.0459158152	0.0876795276	-0.0027069729	0.0616895009	0.0572643009	0.062302173	0.078343416	-0.0972729233	0.0043553083	0.0123417085	0.094116967	-0.193878203	-0.0543472901	-0.0275911847	-0.0004729223	0.0185444588	-0.0107601378	-0.0316476967	-0.0799684658	0.0822640518	0.0278991106	-0.0999229036	-0.0019184850747109	0.0151966714171152	3.680584981888487e-06	0.0002309388221597	0.1053986543178098	0.0830409390598846	0.0111088763320051	0.0068957975599474	-0.0558890611457414	-0.0385529189093177	0.0031235871557524	0.0014863275564284	0.0026111161386142	-1.2712115585200058e-05	6.817927489331531e-06	1.6159788265148618e-10	0.0001979764291635	-0.0004030988135879	1.6248865351597259e-07	3.919466650433033e-08	-0.0011677600541839	-7.99721185755001e-05	6.395539749453848e-09	1.3636635441475854e-06
257.52339536643115	0.0349987190023171	66318.29916105521	0.0012249103318031	434.24050253964543	0.7442881980638276	188564.8140458838	0.5539649217770996	250.05363721413715	-0.1718306942176752	0.0295257874753282	62526.82148401932	269.62733692871166	289.4194194072592	1.098096	25.081156	0.2107263917194432	0.1669599212480427	0.0611797713	0.1138299459	-0.0375304024	-0.0339316073	0.0543357608	-0.0706166703	0.0022940268	0.0242170349	0.0813821089	-0.0676417884	0.0955830932	0.0473106412	-0.0056620531	0.0028715094	-0.1224414828	-0.0513864498	-0.0068778943	-0.0685209763	-0.1166515268	0.1044332821	-0.0025849251	0.1170112826	0.0746939538	-0.06264039	-0.0199004307	0.010280779	-0.005155183	0.110441012	-0.105146901	0.0361488487	0.157379745	0.0315607322	0.0112524321	-0.0141802297	-0.1115043304	-0.0157221032	-1.05761e-05	-0.1073667799	0.0116114831	0.0045833723	-0.1115375748	0.0258253039	-0.0292961602	0.0337670403	0.0647445189	-0.1239515248	-0.0326666625	0.0004768213	0.136150503	0.0801057295	0.0060132067	0.0412757924	-0.0618246856	0.0677416487	0.0075268978	0.0785134033	-0.0233154186	0.0460766499	0.0580294672	0.0377615409	-0.0024943233	-0.0026939613	0.0041185232	0.0242590139	-0.0134957226	-0.0513692671	0.0040744605	-0.0548408441	0.0273709889	0.0369594367	0.0015113423	-0.0109288459	-0.073788961	-0.091499637	0.1408026942	-0.0414682892	-0.0167574906	-0.052277386	-0.1137402411	-0.1055743828	0.0442411836	0.0515707753	0.0423525953	0.1256847547	-0.000659033	0.1418366882	-0.0335722958	-0.0588097282	0.037850749	-0.0313311543	-0.0589420277	0.0903042048	-0.1044513336	0.0198028254	0.0518515233	-0.0907671455	-0.0135556258	-0.0019345288	0.017875186	0.0389165856	-0.0148183031	-0.0234848168	0.0077823951	0.084555631	0.0881215465	-0.0606592483	-0.051616558	-0.0205150134	-0.0865215734	-0.1237692839	0.0091375529	0.0172051023	0.001671642	0.0401701242	-0.1224731053	-0.1086211322	0.03802504	-0.005925633	0.0319334586	-0.0093805622	0.0469392619	-0.0418178328	0.0081581598	0.0352364112	0.0584943663	-0.0469775973	-0.0529955994	0.0207944679	-0.0473987927	-0.0278583555	-0.0454651612	-0.0685029464	0.0570408747	-0.0939969793	-0.0040590378	-0.1665742854	0.0389191848	-0.0353791171	0.0341882189	0.0216069313	0.0897535194	-0.0818298399	0.0672892668	-0.07008935	-0.0110111186	0.1146934068	-0.0521355033	-0.0331337888	-0.0780430407	0.0848510215	0.0218143241	-0.0993068457	-0.0020371914757362	-0.0001187064010252	4.150149108812235e-06	1.4091209644379316e-08	-0.0612691770615612	-0.166667831379371	0.0037539120578009	0.0277781660167024	-0.0338790279603244	0.022010033185417	0.0011477885355364	0.0004844415608231	0.0028241125980992	0.0002129964594849	7.975611966742615e-06	4.536749175314524e-08	0.0002236341114503	2.5657682286800003e-05	6.583166603303705e-10	5.00122158041652e-08	-0.0009678177808831	0.0001999422733008	3.997691265269185e-08	9.36671256993488e-07
258.2186740240531	0.695278657621941	66676.88361474019	0.4834124117445682	437.09014268939416	2.8496401497487227	191047.79283623493	8.120448983059923	250.4586729551152	0.4050357409780361	0.1640539514696267	62729.54685843735	269.912856648496	291.9965219778632	1.075112	24.556181	0.1220435600140035	0.0979260544568628	-0.1070007822	0.0051786183	0.0190227946	-0.0089646939	0.0524489023	0.0470797927	0.079926445	-0.0272198333	-0.0156151883	-0.001151438	0.107968398	0.0029947946	-0.0189513261	0.0756513853	-0.0020467773	-0.0419259832	0.1067632078	-0.0286238618	0.0559594365	-0.0358409629	0.1944359161	0.045740806	0.1100249427	-0.0052177262	0.0890389978	0.0731894697	0.0230043806	0.038625974	0.0722730628	-0.0498486365	-0.0380360066	-0.0245948273	0.0388792777	-0.0968777947	0.0537790696	0.1282501539	0.0456824365	-0.1035511386	0.0560350794	-0.0051719246	0.0406781129	-0.0513560362	-0.0397141619	-0.0425750848	-0.1624879529	-0.01235453	0.083115181	-0.0150559248	0.0529920886	0.0968662332	0.0396565257	-0.0418558868	-0.0731218451	0.0130478161	0.063850435	0.0723212456	-0.1020349724	0.052810455	-0.0640966669	-0.0074586976	-0.0862589459	-0.0866315884	-0.0531965104	-0.060034434	-0.0572987572	-0.1544883536	0.1952087573	0.1120681429	-0.0127171202	0.014488011	-0.0222121758	0.1600867593	-0.0254704941	0.07731558	0.0301723873	-0.0497680656	-0.0070911533	-0.0065384428	-0.1300889944	-0.0285168267	0.0511646924	0.0292279175	-0.0920375026	-0.0468925289	-0.1256061784	-0.0683457527	0.0196492941	-0.204492691	-0.0400421007	0.0184917188	0.0913860876	0.008282701	-0.0394673693	-0.0845858766	-0.0610001727	-0.0117930056	0.2163584264	0.0115906765	0.0470370299	0.0481262719	-0.0150550078	-0.0690808965	-0.0375313574	-0.046718912	-0.0840386661	0.0259733514	0.0238115735	-0.0445664168	-0.0035651859	-0.082745113	0.0984415012	0.0206459068	-0.0707807622	0.0043752704	-0.017744899	0.0120783343	-0.0984821159	0.04151586	-0.0187819172	-0.087846542	-0.0844466389	-0.0433351463	0.041491196	-0.0001732884	-0.0181987848	-0.0112425339	0.0846130178	-0.0069787914	-0.1109854346	-0.0190153755	0.0260133229	-0.0452683301	0.001032622	0.1218818333	-0.0998790311	0.1375476284	-0.1161944095	0.0500499339	0.1309008262	-0.15097191	-0.0475659434	0.0215541991	-0.0407781188	-0.005238331	-0.0088332447	0.058276099	0.0425628833	-0.0346117057	-0.0760405966	0.0872496007	0.0156434465	-0.098078528	-0.0021790691899212	-0.000141877714185	4.748342534463835e-06	2.012928578236057e-08	0.0353563024476386	0.0966254795091998	0.0012500681227688	0.0093364832903827	-0.0281734929449157	0.0057055350154087	0.0007937457047172	3.2553129812054794e-05	0.002941050425729	0.0001169378276297	8.649777606680732e-06	1.3674455530776788e-08	0.0001093134119343	-0.000114320699516	1.3069222337827564e-08	1.194942202871796e-08	-0.0008076629525247	0.0001601548283584	2.5649569046508574e-08	6.523194448809157e-07
258.8605679277592	0.6418939037060909	67008.79362788203	0.4120277836150443	437.0942343915447	0.0040917021505606	191051.36973833063	1.6742026488902648e-05	250.44714184586783	-0.0115311092473575	0.0001329664804744	62723.77085876424	270.6054457616931	296.9717650905178	1.20121	27.436333	0.2098044437537037	0.1540396110547871	0.0894263945	-0.1148848739	-0.058905681	0.086657651	-0.1069068784	0.0791501913	-0.1234092899	-0.0136581727	0.0488534845	0.0149866245	-0.0257865488	0.0973797739	0.0133939148	0.0001970357	-0.0736846929	0.0538460187	-0.0734759735	-0.0736666643	-0.0282260171	-0.0292074278	0.0476344221	-0.0147748939	-0.0601831185	-0.1043330036	0.0570159486	-0.0190518327	-0.0709225748	-0.0204453651	0.0569836935	0.1711060037	0.0331316686	-0.0960496853	-0.0680745382	0.0314084326	-0.0136053536	-0.0635199659	-0.040509916	-0.1022653815	0.0011006876	0.0158328795	-0.0877080574	-0.0532344915	-0.0207871808	0.0916186796	-0.0134734409	0.120367863	-0.0601137871	-0.028289234	0.110982447	0.0515059491	0.0841690634	-0.0843927953	-0.060427914	-0.1211879652	0.0200627244	-0.0275368915	0.012418286	-0.1953352916	0.0044398745	-0.0435619855	-0.1402024659	-0.010549579	0.1321161603	-0.0087245287	0.0106056929	0.0686843291	-0.0886575948	0.0418261373	0.1432410524	0.0946736839	0.0275382417	-0.1248594174	0.0289829534	0.0566680765	0.0523247357	-0.0569078146	-0.1113069123	0.0577363057	0.0225573154	0.1179547662	-0.0045154872	-0.1128161418	-0.0858487803	-0.0830272115	-0.0177475027	0.1139839481	-0.0728182763	-0.001792032	0.0537138106	0.0086895715	0.0392868652	0.0827623394	-0.027356647	0.1352813883	-0.082928305	-0.1219641312	-0.044824338	0.0386860078	0.0724413707	-0.1164655931	0.0208696321	-0.0793648084	0.0003686593	0.0289254014	0.0965179188	-0.0329825432	-0.0186910163	-0.1664924253	0.0144218916	0.0208537731	0.1361513239	0.0498086908	0.0271358658	0.1024057428	0.0246105023	-0.0190409307	0.0415377562	-0.0645785195	-0.0623145246	0.0903604755	-0.1484819491	-0.0462503323	0.0572586483	0.1038666033	0.0403219665	0.1559658402	0.0225738928	0.0199409418	0.1195249294	0.0099533407	-0.0510473902	0.0028656363	0.0179721168	0.0891487899	-0.0263153193	-0.0081080451	0.0869487243	-0.1367251268	0.0932970567	-0.055763288	0.0792356152	-0.003468381	0.0349948491	-0.1032548966	0.0623336099	-0.0576741423	-0.0800746426	-0.0360810826	-0.0739631095	0.089454464	0.0094108313	-0.0962455236	-0.0020529677461524	0.0001261014437687	4.214676566742065e-06	1.5901574120575804e-08	-0.1166143119116611	-0.1519706143592997	0.0135988977426301	0.0230950676287429	-0.0583421106904324	-0.0301686177455167	0.0034038018798146	0.0009101454966751	0.0033370393002813	0.0003959888745522	1.1135831291621906e-05	1.5680718876919705e-07	6.496813099032828e-05	-4.434528094397172e-05	1.966503941999781e-09	4.2208580443764544e-09	-0.0009181110011308	-0.0001104480486061	1.2198771440895433e-08	8.429278103973998e-07
258.40627241213616	-0.4542955156230164	66773.80162193513	0.2063844155151823	438.63411384753965	1.5398794559949351	192399.8858308164	2.3712287389952573	250.73851004360083	0.2913681977329929	0.0848954266501724	62869.80041888492	270.55433603388536	293.2919886299514	1.293672	29.548225	0.2705590810033493	0.2196964000398719	-0.0595190814	0.131172237	-0.0562830483	0.0758333063	0.125178087	-0.0107759816	-0.0278021586	-0.047893025	-0.1193310941	-0.0058806081	0.0401758071	-0.0407852096	0.0279185908	0.0541101089	0.108730198	-0.0161345039	-0.0817721098	-0.0292682055	-0.1262963616	0.0954995986	0.0203822183	0.0250015913	0.0024324668	0.0109825585	0.1572313529	-0.0370723513	0.073046642	-0.0341280863	0.0878729048	-0.0569122134	-0.0767289013	0.1546167197	-0.1484966269	-0.0033182798	-0.0523575574	-0.0820777682	0.1083917044	0.0280908474	-0.0154624356	0.0185409723	-0.079526672	-0.0106709623	0.0516850776	-0.0501339356	-0.0675980552	-0.0396840202	-0.0918247454	-0.0116610373	0.0214053105	-0.0557245472	0.0053385004	0.0392053069	-0.1010873529	-0.0302672693	-0.0940635523	0.1514550075	0.0044456963	-0.0007710844	-0.0735078407	0.0346658767	-0.0207065609	-0.0457821804	0.0954656467	-0.1218500236	-0.1061548778	-0.0532371325	0.0685630716	-0.1616581833	-0.09902328	-0.0342852628	0.0209836228	0.0861885123	0.1022228171	-0.1154786711	-0.0219343127	0.0426637166	-0.0514672105	-0.0760243748	-0.1181314223	-0.0045281443	0.0239266555	0.0477784765	0.0730017735	0.0660607782	0.0144030609	0.1016508872	-0.0551887623	-0.0508109382	-0.1562691663	0.0410152492	0.0638535372	-0.0042089866	0.1517641852	0.1850676432	0.1277552901	-0.0178988217	0.003488681	-0.0143399413	0.1080335485	0.0170121525	0.0669889955	-0.0620895071	-0.0312545833	0.0582143768	-0.016323278	-0.0595541332	-0.1349901566	-0.1299262486	0.1103450772	-0.0130074233	-0.0144977379	-0.064018741	0.0036324532	0.0639522545	0.0018754212	-0.0159827196	0.0164963637	-0.0721000319	-0.008663722	0.0755058253	0.0013931724	0.104475843	0.0715350977	-0.0357499571	-0.1275265048	0.063599003	-0.1103105024	0.0166135539	-0.0693705926	0.0635030546	0.0795157897	-0.0890461109	0.0342225342	-0.0032753383	0.0480712323	-0.1391284932	0.0230448609	0.0939829763	-0.0002119381	-0.0627745695	-0.0362230588	-0.0371510175	0.0439701974	-0.1024957059	-0.017715442	0.1455948797	-0.1335471272	-0.0375415571	-0.0718126298	0.091460716	0.0031410759	-0.0938191336	0.0044958717318053	0.0065488394779577	2.0212862628845985e-05	4.288729850805728e-05	0.1049457352659288	0.2215600471775899	0.0110136073505064	0.0490888545053358	-0.0753778516091259	-0.0170357409186934	0.0056818205132074	0.0002902164686488	0.0029400438622696	-0.0003969954380116	8.643857912069148e-06	1.5760537780210124e-07	8.728122512269287e-05	2.23130941323646e-05	4.978741697597633e-10	7.618012258918194e-09	-0.0008291304646927	8.89805364381e-05	7.917535864812042e-09	6.874573274815326e-07
258.13685247620333	-0.2694199359328308	66634.63460632117	0.0725871018780506	434.2771772213197	-4.3569366262199765	188596.6666553175	18.98289676489711	250.4837704160716	-0.2547396275292328	0.0648922778337322	62742.11924185127	270.0066180380762	293.4956583797249	1.252382	28.605133	0.0950589823424512	0.0622718974958775	0.0211738603	-0.0845752523	0.1167889425	-0.0133397447	-0.1180204006	-0.0002964943	0.119598656	-0.0726633825	0.0332115354	0.0540465677	0.0946571932	-0.0177249075	0.0281763732	-0.1528255411	-0.0480720105	-0.0639736269	0.007357544	-0.0443731733	-0.0584612214	0.0294574825	0.135625578	0.0153847567	-0.0094216866	-0.0626561776	0.1047190823	0.0212631087	-0.1250722303	-0.0846130899	0.0085853455	0.0530922629	0.0669095636	0.0114584673	-0.1095053258	0.117252567	0.0141412563	-0.0299600695	0.0583348527	-0.0418218133	-0.0735889119	0.1200699837	0.0619784548	0.1305163256	0.0397467867	0.0413707686	0.1183776331	-0.063279761	0.0207000986	-0.0547543988	-0.0890190085	0.0170891738	0.0365134196	0.0171259674	-0.0664501645	-0.1107511107	0.0035599831	-0.1580783077	-0.0301582001	0.0429670707	-0.0797299731	0.073598161	0.0764703728	-0.029016034	0.0189994091	0.011884327	0.0758472248	-0.0547611022	0.0294068097	0.0559189083	0.0146173093	-0.0303378218	0.0230434567	-0.0635454284	-0.1176045409	0.0879233503	-0.0588484833	-0.0365883507	-0.0096723699	-0.032118856	-0.1276073476	0.051110318	0.0997350952	0.0949378274	-0.0180092934	-0.1034773855	-0.0880484908	-0.016269868	-0.1241814836	-0.0560311636	-0.0531827455	0.0678630032	-0.1121671949	-0.0791366842	0.0125785352	0.0657482471	0.0216549516	-0.160780733	-0.0633177431	-0.0871382414	0.0507868192	-0.0946460807	-0.0419143301	-0.0392329951	-0.1055034386	-0.1158209042	0.051916706	-0.0959849771	0.1019750583	0.0759225407	-0.045999329	-0.0376630043	0.0145441058	0.010661684	0.0278401069	0.0983592204	0.0645851297	-0.120043877	0.0068203411	-0.0741841088	-0.0879283463	-0.0061019807	0.1248620634	0.0590424296	-0.1499297485	-0.060029172	0.1022097652	0.0082585238	-0.0283214217	0.0162099745	-0.1012435437	0.00941965	-0.0685795174	-0.0170577963	0.0173902594	0.0543274028	-0.0357202859	0.0769676938	-0.1285521295	-0.006307818	0.1724615374	-0.0024510957	-0.0660765317	-0.1890472706	0.0421565721	-0.0875522358	-0.0427732945	0.1070944145	-0.1006493448	-0.0389927688	-0.0695912797	0.0932639023	-0.0031410759	-0.0908143174	0.0051194645865706	0.0006235928547653	2.620891765315049e-05	3.888680485143369e-07	0.0561263096628579	-0.0488194256030709	0.003150162636371	0.0023833363162137	-0.0398448924922902	0.0355329591168357	0.0015876154577221	0.0012625911835987	0.0028035375180385	-0.0001365063442311	7.859822615049474e-06	1.8633982015339572e-08	8.74291098624802e-05	1.4788473978732952e-07	2.186989626196616e-14	7.643849251345634e-09	-0.000764124598308	6.500586638470002e-05	4.225762664425472e-09	5.838864017393623e-07
259.41862127876885	1.281768802565523	67298.0210661773	1.6429312632302546	440.0199467519696	5.742769530649923	193617.55353960616	32.97940188216114	250.95904933073564	0.4752789146640452	0.2258900467242328	62980.444440986605	270.7813914719807	295.7917941635057	1.176119	26.863239	0.1236633809417581	0.0940260905097955	-0.0314606519	0.0893962234	-0.0289141576	0.13611324	0.1130925835	-0.0027871357	-0.1086465154	-0.0936063295	0.046701543	0.1029141688	0.0933917828	0.0553408371	0.0368990833	0.0453309226	0.0771294647	-0.0527910014	0.0761977078	0.1000638469	0.0407952905	0.0290847318	0.0792188858	0.0982474142	0.0480528676	-0.0443283964	0.0692847282	-0.0440251341	-0.1197571512	-0.0215167546	0.0581923916	0.1189889087	-0.0283291863	-0.0289893164	0.0131059966	-0.0584355541	0.0606032321	0.0645821674	-0.005654208	0.1435035516	-0.0736626066	-0.0220939301	-0.059633214	-0.0165656974	0.0177315349	-0.0306949438	-0.0738497728	-0.0619653085	-0.0242063953	-0.0089982529	0.0069735475	0.0206353284	-0.0178704238	0.0345924373	-0.0055509354	-0.0781885767	0.0474422576	-0.045828591	0.0401221291	0.0251606911	-0.0425412136	3.42291e-05	0.0879738106	0.0241584225	0.0158695227	0.0472329259	0.0132130546	0.0872606911	0.0503553963	0.145489446	0.0741065936	0.060611834	0.0377121218	0.0790949604	0.0577913998	-0.0999627969	-0.036930883	-0.094768829	0.017702148	-0.0603364258	-0.0249982258	-0.015478378	0.139934343	-0.1056878366	-0.0142815717	-0.1017509775	-0.0644798044	0.0231482334	-0.1048441173	0.0137432693	0.046911742	-0.0505337205	0.044069203	0.0217427022	-0.022941235	-0.0083968177	-0.0506586371	0.0366249644	0.0307257129	0.0264499167	-0.0174527708	-0.0461010506	0.005890677	0.0394804645	-0.0723242573	-0.0723071799	-0.0240860658	0.0464446025	0.0233554773	-0.0506624343	-0.0148109611	-0.0154825086	-0.0053502933	-0.0731864956	0.0655518262	0.0984631361	-0.0109243484	-0.0049048677	-0.00894838	0.1323292201	0.1042520547	-0.1149559945	-0.020988121	0.1543873698	0.0627166034	0.0519883999	-0.0453437058	0.1087004639	0.1365702819	0.0352478682	-0.094037869	0.0710105472	0.0059025341	-0.0577538005	0.0101745443	0.0088379754	-0.0964947303	-0.0786679699	-0.0216006887	-0.0123925922	0.1511306841	0.0626939333	-0.0620057079	-0.0692269439	-0.0309322927	-0.0081604648	-0.0486253642	-0.0141187284	0.0515740377	-0.0404343596	-0.0673012514	0.0948600195	-0.0094108313	-0.0872496007	0.0088124426830944	0.0036929780965238	7.765914604282404e-05	1.3638087221404551e-05	-0.0351332003200042	-0.0912595099828621	0.0012343417647255	0.0083282981623121	-0.0632749428956742	-0.023430050403384	0.0040037183984508	0.0005489672619051	0.0028410415769185	3.750405887999967e-05	8.071517241779557e-06	1.406554432474482e-09	8.731801279271423e-05	-1.1109706976597523e-07	1.2342558910585964e-14	7.624435358068606e-09	-0.000832126291538	-6.800169323000003e-05	4.624230282147032e-09	6.924341650687846e-07
258.8796838242692	-0.5389374544996599	67018.69069695358	0.290453579862573	436.9027519226074	-3.1171948293621767	190884.01463754743	9.71690360420229	250.7113244814788	-0.2477248492568264	0.0613676009393174	62856.16822325736	270.74947476435693	297.5272940684067	1.091868	24.938906	0.2018836121046628	0.1764303157686335	0.0700185715	-0.0162818524	0.0280399499	0.1624596549	-0.0571856314	0.016813572	-0.0680043129	-0.1225403187	-0.0869130412	0.0045102941	0.1180442537	-0.0887933705	0.1009110417	0.0480939688	0.1251979741	0.09088364	-0.0936954807	0.0452539242	-0.0967606354	-0.0346895619	0.0211562884	0.0797441567	0.0172454408	-0.1080188074	-0.056624047	0.0140979709	0.0616103368	-0.1134453416	0.0829567306	0.1000478378	-0.013513292	0.0487761699	-0.0451422881	0.0021284539	-0.1225561375	-0.0133054515	0.0182838972	0.1063188388	-0.0112191628	0.0216861905	-0.0200116956	-0.0833295794	-0.0560656435	-0.0202672493	0.1757292641	-0.0886191081	-0.0693889057	-0.070586891	0.0501154847	-0.0775757551	0.1084889325	0.0050074964	-0.0147236481	0.0098268079	0.1327328494	0.0391484523	0.0260197517	-0.0363402548	-0.0779822444	-0.0560155291	0.0664265854	-0.097015974	-0.0325028974	0.1227171523	-0.0485337845	0.0597128946	-0.0201608502	0.0250610348	-0.0552278338	-0.0888001501	0.0896423385	-0.0293696131	0.1268875829	0.0292550919	-0.0703518392	0.0016994964	-0.0253545641	-0.1688864092	0.0346356661	-0.0222021612	0.0155139991	0.0211991176	-0.0395304085	0.0800697476	-0.1733023664	0.1261907803	0.015581075	0.0416749247	-0.118971452	-0.0215798209	-0.0421347628	-0.0196093469	0.0835985324	0.0148626037	-0.065320235	0.0178512232	-0.1682290101	0.0054018259	0.0532318157	-0.0148043019	-0.0603040705	0.0519538929	0.1281728172	-0.0818801512	0.0203974695	0.0481151441	-0.1554029576	0.0411260896	-0.0696874757	-0.0563532012	0.0226962106	-0.0656299059	0.0156221315	0.023067345	-0.126949336	-0.0287846747	-0.0666185741	-0.0612199124	-0.0424210567	0.0208546137	-0.029367697	0.0214283038	-0.0194857095	-0.0893327357	-0.1068789117	0.1268969081	-0.0197960145	-0.0276631494	0.0440608035	0.1201117181	-0.0313533023	-0.031855937	0.1279528657	0.0011809747	-0.0066846075	0.0602593155	0.0398933693	0.1203652948	-0.0172148918	0.0984638387	0.0509498344	-0.0259635613	0.0909710301	-0.0283224372	0.0365972987	0.1430586472	-0.0233802092	-0.0418659738	-0.0649448048	0.0962455236	-0.0156434465	-0.0831469612	0.0035695500813375	-0.0052428926017569	1.2741687783176553e-05	2.748792283355724e-05	0.1415936640867841	0.1767268644067882	0.020048765709521	0.0312323846030553	-0.0711988322203538	-0.0079238893246795	0.005069273709542	6.27880220297712e-05	0.0027900281959554	-5.101338096309997e-05	7.784257334226143e-06	2.60236503728637e-09	8.810147619797704e-05	7.834634052628076e-07	6.138149073859942e-13	7.761870108262714e-09	-0.0006441238204776	0.0001880024710604	3.5344929124816555e-08	4.148954961066594e-07
257.51179593105405	-1.3678878932151406	66312.32504363683	1.871117288404556	434.0506246973959	-2.852127225211518	188399.9448001996	8.134629708792755	250.0078427969904	-0.7034816844884233	0.4948864804106695	62503.92146000466	269.4975572431981	293.71663247153725	1.200311	27.415812	0.061719809346398	0.0335065624959272	-0.0739882267	0.0091370508	0.1933546608	0.0079866941	0.0098759245	-0.1262662365	0.1443772615	-0.0839487669	0.0116214322	-0.0070848424	-0.1272733546	-0.1292833234	0.0483330013	-0.0929911502	-0.0832777221	0.0401009922	-0.0567359222	0.0533706664	-0.0135145866	0.0735076742	0.1049917071	-0.027984437	0.0522912204	0.1212172523	0.0856041345	-0.0548952988	0.1675393557	-0.0356670484	0.0697542104	0.0004563674	-0.0182153627	0.0672553773	-0.1658578873	-0.0079287949	0.0196968486	0.2395572411	0.0341300955	-0.0086091315	-0.0089365683	0.0197197	0.0939270599	0.0101466542	-0.0733090953	0.0694382727	0.0889090106	0.0305544677	0.0396574161	0.0153307379	0.0316249419	-0.0272666462	-0.0677419699	-0.0368303794	-0.065756703	0.028691871	-0.0447563593	0.1134128508	-0.0402289937	0.0539416483	0.0675151998	0.0823967612	-0.0351039012	-0.0128236359	-0.110129346	-0.0087736028	-0.0455556696	0.0356772907	0.0060921032	-0.0354765721	0.1417108178	-0.1390549153	0.039862701	0.044345672	-0.1436293235	-0.0019196747	-0.03236631	0.107710147	-0.0347739475	0.0335253593	0.0306728658	0.0823133201	0.043117413	0.0171087533	0.1146358374	0.0609797848	-0.0221456706	0.1022900047	0.0101085735	-0.029994172	-0.1618433819	-0.0895361152	0.0288728796	0.0115832113	0.1298868463	0.0587447063	-0.0442019152	-0.0878883165	0.1146887103	0.1114124728	-0.0464691477	0.0138177147	-0.1803375068	0.0373315564	-0.0057773197	-0.1130302875	-0.0269923084	-0.0283588154	-0.036495401	0.0059433241	0.010849726	-0.010455239	-0.03442703	0.046645154	0.0455165844	-0.1488892114	0.0203476408	0.0884615826	-0.009638508	0.0741546394	-0.0414934682	0.023036214	-0.035719701	-0.0017297936	0.0811591251	-0.1353799203	0.0923749449	0.0593529015	-0.0959956165	0.0213689618	-0.0667381759	0.0469638613	0.114905897	0.054441373	0.1363439216	0.0271866266	0.0651146109	0.0041676964	0.0075472691	-0.0259895986	-0.1418116716	-0.0506254096	0.0004844288	-0.0614137955	-0.1155805486	-0.0027917366	0.0124841034	0.0960635862	0.026601277	-0.0432872582	-0.0625242656	0.0974173387	-0.0218143241	-0.0785316931	0.0109790564736869	0.0074095063923493	0.0001205396810524	5.490078497826661e-05	0.1642038516993551	0.022610187612571	0.0269629049129038	0.0005112205838756	-0.06898009269986	0.0022187395204937	0.0047582531888812	4.92280505980105e-06	0.002666901278393	-0.0001231269175624	7.112362428694217e-06	1.5160237828418062e-08	-0.0003453154438779	-0.0004334169200758	1.8785022660805923e-07	1.192427557805911e-07	-0.0006110401416962	3.308367878139995e-05	1.0945298017108534e-09	3.733700547641122e-07
257.740263018142	0.2284670870879495	66430.04318066101	0.0521972098824526	437.6782693327143	3.627644635318404	191562.26744608	13.159805600154398	250.5179502594536	0.5101074624632247	0.2602096232606702	62759.24340219807	270.48099079949753	292.6436976871397	1.281921	29.279819	0.4289095623032695	0.3543174404620408	0.0262782877	-0.0398599026	-0.0343147316	0.0087486585	-0.0187275014	0.0750371664	-0.0414402639	-0.0489663003	0.1758798107	-0.0174174092	-0.1104644423	0.1535063543	0.0589960395	0.0102559776	-0.1439814879	0.1418974954	0.0105178902	-0.0012437239	0.0146274093	0.1088343693	0.0069761452	-0.070827544	-0.0478843803	-0.0741266788	-0.1145990204	0.0167040689	0.0117336584	-0.1067694692	-0.0764871444	-0.0462402596	0.1037633296	0.0180354788	-0.008970468	-0.025437653	-0.0614468204	0.066277632	0.0800678637	0.0737991468	0.0642144243	0.0390034714	-0.0915916581	-0.1325865483	0.0658582326	0.1099195826	-0.0570937312	0.0144586072	0.0676707513	0.055776198	0.032219864	-0.0111480345	0.0173812221	-0.0179562652	-0.0537555178	0.0166342374	-0.0332902186	0.0495957584	-0.0443772685	-0.0905777102	0.0324173929	0.0669826389	0.1325388215	-0.029433443	-0.102613248	-0.0358806864	-0.0115485304	0.0390773997	0.1109909603	-0.1281052942	-0.1375607564	0.1396131247	0.0756426176	-0.0622624342	-0.0744182775	0.01617743	0.0610314019	-0.0287588081	-0.0601071499	0.1187711613	0.1904867303	-0.0500754847	0.0347405258	0.0887487328	-0.0708502999	0.0804763194	-0.0837460272	0.0075790101	0.0421644102	0.0580033863	-0.030432404	0.0098780646	-0.0315327164	-0.0171194597	0.1225485803	-0.0614465953	0.0175644676	-0.0302001086	-0.0405253496	-0.0947074625	-0.1017481989	0.0118948922	-0.0706371635	-0.0392505844	0.0480403198	0.044860174	0.0709160375	-0.0169913764	-0.0788214843	-0.0546647821	-0.0405538114	-0.0027062942	-0.134769001	0.0090187904	0.0702170296	0.0534452332	-0.0168094273	0.0780940264	0.0570411765	0.0784663587	-0.0797261589	0.0018941587	-0.0467154061	0.0019696519	0.1284713881	0.1406146403	0.0810957022	0.0349941606	-0.0151441118	0.2085165662	0.0317330784	-0.1196778651	0.0025034549	-0.0871355398	0.1213926807	-0.0166512504	-0.0220722683	0.1275799204	0.0188440108	-0.0301511819	-0.0649642305	-0.0336763423	0.0060639264	0.0010296696	-0.005453145	-0.1229462159	0.1173450512	-0.0989072349	0.0859375371	-0.0446978621	-0.0600420225	0.0983728629	-0.0278991106	-0.0734322509	0.0105080700062387	-0.0004709864674481	0.000110419535256	2.21828252519334e-07	-0.1934855841780347	-0.3576894358773897	0.0374366712847153	0.1279417325382853	-0.0472010673648384	0.0217790253350215	0.00222794076038	0.0004743259445435	0.003374452511887	0.000707551233494	1.1386929754980483e-05	5.006287480188809e-07	-0.0001536672419262	0.0001916482019516	3.6729033311319586e-08	2.361362124120528e-08	-0.0006912429987187	-8.020285702249998e-05	6.432498274571575e-09	4.778168832776207e-07
257.7941501677565	0.0538871496145247	66457.8238607158	0.0029038248935781	437.43235180886944	-0.2459175238448665	191347.0624090385	0.0604754285339905	249.9043342925625	-0.6136159668911034	0.3765245548237037	62452.17629820883	269.7606719521261	293.82659255980275	1.202347	27.462299	0.3610723768376695	0.3093578297879946	-0.0272475255	0.0289977091	-0.0278254142	0.0482472877	0.0538925418	0.0544636055	-0.020976489	0.023004729	-0.1099459477	-0.1431975404	0.0163609107	-0.0783968509	0.0604131056	0.2519370982	-0.0101856819	0.0169297781	-0.0125618548	0.1141849945	-0.1410884569	0.0845169529	-0.0036025662	-0.0619983538	0.0562572296	-0.0346009057	-0.0001444483	0.0290204779	0.0202999331	-0.0491439273	-0.034124618	0.0534974821	-0.1417787768	-0.0110633999	-0.0114565385	0.0308267953	-0.1098349589	-0.0817946518	0.0364035312	-0.1211410486	-0.0065309164	-0.0687568478	0.0006072728	0.0467081861	-0.0154715824	-0.0001181311	0.0397280891	-0.0905755975	0.0099285799	0.027772224	0.0655991074	-0.0072885613	-0.0866758346	-0.077620261	0.0900925017	-0.0455996121	0.0437848907	-0.0738303187	0.0228360397	0.1544384891	0.1080698388	0.0028689953	0.0282014308	-0.0862574057	-0.0140673086	0.0255651138	0.1993200195	-0.0718642982	0.0435485406	-0.1669528264	-0.0386491622	-0.0644401014	0.0484780337	0.1111219478	0.1490631683	0.027220091	0.1823740232	-0.0252384895	0.0143387524	-0.0718732104	0.0530052616	0.0998701624	0.0374877716	-0.0275794715	0.0691419543	0.0545130787	0.0150697488	0.1322132678	0.1080700474	-0.0296279475	-0.0549416393	-0.0114261503	-0.0365334114	-0.032548503	0.0331363939	0.0751749456	-0.016101669	-0.0100371245	0.0291515405	-0.0979397981	0.1667534737	-0.0479552806	-0.095963624	0.0057823396	0.0422444542	0.1426476858	0.0088559677	-0.0217191283	0.0388114508	0.078126672	-0.0108291149	-0.0874276179	-0.0046388353	-0.0129017509	0.0030113279	-0.0464967223	0.0405141927	0.0274634636	-0.1632584149	0.0778535465	0.0985742205	-0.0226792548	0.1233498092	0.0133114846	-0.1333199037	-0.0457682422	-0.1508076973	0.0289004361	0.093670831	0.0138764024	0.0461911632	-0.0501595686	0.0215509176	0.019063148	0.173833724	0.0021677454	-0.0006960218	-0.1404451454	0.068310843	-0.0545270865	-0.1270318468	-0.1185169425	-0.037604427	0.0348722419	0.0151154395	0.0459291039	-0.0356957386	0.0593314397	-0.0759406152	-0.0460974375	-0.0575005252	0.0991099747	-0.033873792	-0.0678800746	0.0120770027162251	0.0015689327099863	0.0001458539946077	2.4615498484652685e-06	0.1187778581407883	0.3122634423188229	0.0141081795845132	0.0975084574088008	-0.0503895362956186	-0.0031884689307801	0.0025391053680874	1.0166334122550605e-05	0.0028458870174689	-0.000528565494418	8.099072916198031e-06	2.793814818894502e-07	-0.000395826916625	-0.0002421596746988	5.864130805022865e-08	1.5667894792485472e-07	-0.000580937510274	0.0001103054884446	1.2167300781023832e-08	3.374883908433539e-07
257.74162426256214	-0.0525259051943862	66430.74487750376	0.0027589707164896	434.3802640893486	-3.0520877195208413	188686.21383033224	9.31523944764993	250.4184121342926	0.5140778417300851	0.2642760273578624	62709.38113586042	269.9752153411625	292.4478142452708	1.186483	27.099966	0.1871158762513744	0.1373154953247395	-0.0471687371	-0.0493843858	0.0823515906	-0.0330082632	-0.0581708195	-0.0136274255	0.1325013395	-0.0298408662	0.0805726265	-0.042018226	0.0610346173	0.0150072835	0.0900273614	-0.0473328468	-0.1023831227	-0.0408868497	-0.0792593858	0.0529612432	-0.0034334844	0.0146272012	0.0744401429	0.0214001705	0.0198200557	-0.0114151058	0.000907963	0.0479998267	-0.0303139564	-0.0179784794	0.0509391001	0.0248776213	-0.0549771444	-0.1583919207	-0.0069294963	0.1394933355	-0.0518369201	-0.1064873005	-0.0575420331	0.0779782456	0.0641637892	0.0454729707	-0.076381417	-0.1247769832	0.0748296368	0.0082280784	-0.1039110851	-0.1250419855	-0.0807467489	-0.0807612544	-0.0506675829	-0.0298800325	0.0532341305	-0.1154301587	-0.0047077457	0.0759339187	-0.1072173802	0.0085535973	0.0627846529	-0.0374593825	-0.0377287969	0.0604355548	-0.1121331295	0.0791595455	-0.0472970991	0.1346524133	0.0405238496	0.0764459054	-0.1209545259	0.0300156872	-0.1625816634	-0.005152712	0.08942552	-0.0458167828	-0.1192183338	0.0573190502	0.0647005996	0.0908489862	-0.0255361301	-0.0534435496	-0.021208992	0.0962852995	0.0941753718	0.0895003709	-0.0222273211	-0.1055310009	-0.0077332212	-0.0542182603	-0.0234717319	-0.0518552199	0.0437277163	0.0525416574	0.0290607969	-0.0399924224	0.000629914	0.073020205	-0.0722556548	0.0773111061	-0.2381816365	0.04576121	0.0452655422	-0.0448275575	0.0722316667	-0.0210694092	0.1380121077	0.1303788806	-0.0118887297	0.0897520604	0.0173267914	-0.0687790618	0.0035320227	-0.0001551954	-0.1352053161	-0.0510284744	-0.0926233461	0.1007913226	0.0265324706	-0.0416350848	0.0397831035	0.0579361712	-0.016812589	0.0772060128	-0.0170547122	-0.1031108224	-0.0612206529	0.001717767	0.119492324	0.0362137257	-0.0834266517	-0.0603650441	-0.0144156713	-0.0923039083	0.0821711868	0.0332663313	-0.0113772838	0.0673622597	-0.1249621145	0.0167441502	-0.1412766433	0.011390495	-0.0346352777	0.0241762324	-0.1029369031	-0.0932703936	0.1227039688	-0.0238132615	-0.0708338473	-0.0559502994	0.009343632	-0.047485639	-0.0549022818	0.0996270376	-0.0397147891	-0.0619093949	0.013853814105289	0.0017768113890639	0.0001919281652639	3.157058712307188e-06	-0.0184643346316448	-0.1372421927724331	0.0003409316533893	0.0188354194769856	-0.065166983054226	-0.0147774467586073	0.0042467356803897	0.0002183729327034	0.0033334332125177	0.0004875461950487	1.1111776982316073e-05	2.377012923065623e-07	-0.0002728756159264	0.0001229513006986	1.5117022343477564e-08	7.446110176721218e-08	-0.000525046499396	5.589101087800008e-05	3.123805096964723e-09	2.756738265279938e-07
258.29697962304607	0.5553553604839294	66717.32968238827	0.3084195764182352	437.71929059403664	3.339026504688036	191598.1773581467	11.149097999009202	250.9765156589293	0.5581035246366923	0.311479544211899	62989.211412296776	270.80924448239693	293.8512013567255	1.198864	27.382744	0.051603041931753	0.0252648235641215	0.0998219957	0.0222677016	-0.0867181979	0.065732116	0.0159111759	-0.0102537858	-0.1442818411	-0.0170248351	0.0390849352	-0.0531047741	0.0286002656	0.0391655651	0.0304715439	0.0423160005	0.1072522534	0.0312385011	0.0625560396	-0.0879576865	0.0081387003	0.1090140502	0.0369988989	0.0716942094	-0.0219125152	-0.0150476162	-0.0064462509	0.0420050606	-0.0097646645	-0.0506780742	0.0565440635	0.0830209787	-0.06173074	-0.0053195881	-0.0497202659	-0.0028046479	-0.0870108498	-0.0438110695	0.181875865	0.0774974497	-0.0398596557	-0.0413641632	0.0078666922	-0.0651269415	-0.1637988868	0.0608698429	0.0102092824	0.0384242374	0.0654535697	-0.111360317	-0.0268066962	0.075053728	0.0052836829	0.0259235811	0.0573256838	-0.0105243949	0.1026483433	0.0233224821	0.1130158016	0.0227552677	-0.0175093244	-0.0144341774	0.052472217	0.0566083578	0.1356214023	0.0210939151	0.0545682447	0.032426803	-0.134205664	0.0645429425	0.0752036133	0.0363813256	0.0411085576	-0.0403530666	0.0980433536	-0.0645330631	-0.0122606555	-0.1171735524	-0.011801205	-0.0012888582	-0.0383108973	-0.1541625779	0.0532131692	-0.1511868831	0.107116733	-0.0322045762	-0.0092774765	0.0635913613	0.0162943794	-0.0199541283	-0.0833526988	0.0698529294	0.0840046887	-0.036810277	0.0390166252	-0.0541480498	-0.079229917	-0.0717352882	-0.030413323	-0.0656167315	0.0320439235	-0.158195556	0.0012656167	-0.0059529363	0.0730461898	-0.0097011271	-0.0160944472	0.1104601434	0.1070993947	-0.0251415584	0.0129249831	0.0181992965	0.0650100575	0.0324886246	0.0475648678	-0.0318815512	-0.0451656068	-0.004390739	0.0214904423	0.012146555	-0.0298356399	0.0783055065	-0.0315498712	-0.0402344327	-0.0460747379	0.0421805292	-0.0824376097	-0.0209145985	-0.0483751497	0.0127179444	-0.0406360654	-0.0261772087	-0.1043149795	-0.0809943735	0.0675262553	-0.0080968393	-0.0767407208	-0.0961468237	0.016792729	-0.082124033	0.1016224787	0.0219786871	-0.0799068284	0.114572902	0.0387784175	0.1221793346	0.0781718036	-0.1593101311	0.1094545496	-0.0488621241	-0.0522498565	0.0999229036	-0.04539905	-0.0555570233	0.0111778055565707	-0.0026760085487183	0.0001249433370605	7.161021752813425e-06	-0.0057321905970155	0.0127321440346293	3.285800904051292e-05	0.0001621074917185	-0.0486714971687405	0.0164954858854854	0.0023689146366467	0.0002721010545982	0.0031069166018376	-0.00022651661068	9.6529307707741e-06	5.130977491399988e-08	-0.0003762166707119	-0.0001033410547854	1.0679373604179711e-08	1.415389833215462e-07	-0.0004609160956032	6.413040379279995e-05	4.1127086906275705e-09	2.124436471860982e-07
258.5727149823613	0.2757353593152061	66859.84893334944	0.0760299883766858	436.3895127157147	-1.32977787832192	190435.80680825893	1.7683092056743472	251.3162504885872	0.3397348296579139	0.1154197544826917	63159.85775964231	270.84329561604534	292.9731460608749	1.143374	26.115318	0.054625662511012	0.0324482239232819	-0.0812608035	0.0492902871	0.0434668538	0.0351312877	0.0788996734	-0.0374476533	0.034086571	-0.0629895306	0.0767847066	0.0295444664	0.0671578958	0.0474389045	0.0427259563	-0.084653299	0.0717225824	-0.0296335385	0.0560332852	0.0247414798	0.0240913381	0.0471378049	0.0352680524	-0.0139102568	0.1413145427	0.0031185485	0.043087962	-0.0770168153	0.1783396698	0.0238053424	-0.0552133896	-0.0095370978	0.1418298396	-0.0860682637	-0.0902763388	0.0295324421	-0.0062743524	-0.0143333092	0.0233687378	0.1143372784	-0.1606886824	0.089293715	-0.0731621599	-0.0129440595	0.0176837189	0.0426744014	-0.0077063199	-0.0416645793	-0.005847111	-0.0268808771	0.0311920173	-0.0827645774	-0.0060105111	0.0957092234	0.2160317049	-0.0550579869	-0.061129442	0.0361370808	0.006460218	-0.0902935935	0.0609723161	-0.0999364217	0.017253843	0.0387712307	-0.0398247679	-0.0087814234	0.0555802413	-0.0746296439	0.0271948239	0.0103994352	0.0299744962	0.0417640915	0.0360955289	0.0713873433	-0.0777810965	-0.0290863561	-0.0924525732	0.0013615773	0.0028189819	-0.0986037656	-0.0400004715	-0.0364350216	0.0305318092	0.0279041521	-0.0954712877	-0.0225138969	0.0569392261	-0.0243999116	0.1604397591	-0.1392378494	-0.0078488399	-0.0373345295	0.1541351283	-0.0363880202	-0.0312934704	0.0244722153	0.0435155264	-0.201451401	-0.1079429916	0.0657309573	-0.1476253515	-0.0377607504	-0.0060089935	0.0810024359	0.0491857489	-0.068045447	0.1120634538	0.0399528501	-0.0375139317	-0.027814176	-0.0008756933	-0.0254461432	0.045906313	-0.0724362386	0.0571453317	-0.0158383282	-0.0866565923	0.177331151	0.0227807772	-0.0510072222	0.0509789829	0.0073218952	-0.0068183035	-0.02933526	0.0520299424	0.0314921535	0.0812100154	0.0740921484	0.0538164116	-0.0522468727	-0.0296619757	-0.0140834082	0.0723114426	0.016424238	-0.0497542505	0.100879548	-0.1313223308	0.0087121899	-0.0606991418	0.0485804994	-0.0388727648	-0.1265264591	0.0681735339	0.0842651309	0.0272394094	0.165184364	-0.0030513266	-0.0723453527	-0.0155369744	-0.0502265533	-0.0495458668	0.0999969158	-0.0509041416	-0.0488621241	0.0157390393780758	0.0045612338215051	0.0002477173605446	2.0804853974442016e-05	-0.0356270365869164	-0.0298948459899008	0.0012692857359654	0.0008937018167598	-0.0590330746463365	-0.010361577477596	0.0034849039021999	0.0001073622878242	0.0032129369909128	0.0001060203890752	1.03229641075758e-05	1.1240322899656805e-08	-0.0003760965823524	1.200883594999931e-07	1.4421214087399584e-14	1.414486392571556e-07	-0.0003708964685977	9.001962700550003e-05	8.10353324620935e-09	1.3756419041824465e-07
258.7474830662176	0.1747680838563496	66950.25999310258	0.03054388313482	438.7964420318604	2.4069293161456926	192542.31753981984	5.793308732921571	251.33841617381287	0.0221656852256728	0.0004913176015236	63170.99944476076	271.5514521828265	297.38112241507747	1.188165	27.138374	0.0522240909626127	0.0312082944293261	0.0408057385	-0.140964939	-0.0999516719	0.1084501524	-0.0690836981	0.1337759954	-0.0849464613	-0.0869553862	-0.0315292589	-0.0189513527	-0.039041872	0.0868268481	0.0584245439	-0.0282975541	0.123800029	0.0205832544	-0.0326654298	-0.0215211714	0.0792928892	-0.0212230651	-0.0295941811	0.1119117401	0.0033812913	-0.0120906334	-0.0481817529	-0.0895062208	-0.0664884119	0.0374382177	-0.0943594242	-0.1152317187	-0.0871976538	-0.0103766415	-0.0308513759	0.0758666976	-0.0675392343	0.1049727512	0.0045951615	-0.0050892124	0.0976878029	-0.0931016739	0.0365185571	0.0566302207	0.0567779702	-0.1033652217	0.1107817169	0.0563036387	-0.0239940121	0.1026124147	-0.0717268065	-0.0337799103	-0.0650108902	-0.0392567386	-0.0841203339	0.0059033643	0.1162525326	0.0158140375	0.060547034	0.0044372955	0.0216664406	0.0060768512	-0.038638986	-0.0450894758	-0.0491461647	0.0480908946	0.1135825909	-0.0584165725	-0.0298301184	0.0991207201	0.1110174969	0.0846528376	0.0755360443	-0.1049073499	0.0994729883	0.0493344559	-0.1227154197	0.0388642468	0.0234584198	0.0296096895	0.0320912247	-0.0308896148	0.0210585556	-0.0518368672	0.075409925	0.0220486457	-0.0616601639	-0.0248531141	-0.08208449	-0.0096878058	0.1412816792	0.0263667015	-0.004051343	-0.0299619568	-0.0455620772	0.0677574818	0.0186707897	0.0707968967	0.0373699445	-0.0481313638	-0.0817673804	0.0648379214	-0.1219964852	-0.0120785274	0.0826824067	-0.0118097153	-0.118688375	-0.1373177005	-0.1134156602	0.077212245	0.0172276245	-0.0067308994	0.0382573621	0.0350258752	-0.0606402814	-0.1122678682	-0.0428738694	0.0163662576	0.00918904	0.0418317026	0.0909713288	0.1310579181	0.098697721	-0.0294459459	-0.0987354174	0.0964175168	-0.0616211194	0.0794086908	-0.0958262721	0.0325102239	0.0294411497	0.0027134894	-0.1107786181	-0.0160217932	-0.0090304367	0.076132661	0.0050052221	0.0582309269	0.009303968	-0.1843820482	0.0423583926	-0.0923530149	0.0810619558	0.0288820556	-0.0507406326	0.0407387518	-0.0256020006	-0.0767931047	-0.0986267509	-0.0515785898	-0.0467929814	0.0998489097	-0.0562083378	-0.0418659738	0.0151293537035428	-0.0006096856745329	0.0002288973434869	3.717166217307584e-07	-0.0597182166153658	-0.0240911800284494	0.0035662653957197	0.0005803849551631	-0.0778799129615919	-0.0188468383152553	0.0060652808429051	0.0003552033144813	0.0032129430817631	6.090850299816931e-09	1.0323003246649366e-05	3.709845737477999e-17	-0.0002827257611099	9.33708212425e-05	8.71811025949889e-09	7.993385599517224e-08	-0.0004510472953924	-8.01508267947e-05	6.424155035874e-09	2.0344366268079894e-07
258.5275263256883	-0.2199567405293123	66836.48186807947	0.0483809677042792	437.67570720629743	-1.1207348255629768	191560.0246785326	1.256046549229676	250.6262841470993	-0.7121320267135616	0.5071320234711648	62813.53430538256	270.3489250479025	293.2950568480109	1.237168	28.257641	0.1304762087420944	0.1046814961219873	-0.001600905	0.1467591586	0.0456668134	0.0675916552	0.0910506661	-0.0967052698	-0.0188505834	-0.0835157604	0.0334695304	0.0783506223	-0.012418299	-0.0135466657	0.0402481323	-0.0427027343	0.0173633093	-0.0815945066	-0.0166708353	-0.0460233884	0.0945999395	0.0424936086	0.1034251916	-0.025217467	0.045083516	-0.0274599647	0.0390308475	0.036777895	0.011841729	0.0441592927	-0.0827236854	-0.0232250018	-0.0485808146	-0.0335187719	-0.0528816313	0.0216365598	0.0185841941	0.102401964	-0.0396470888	-0.0406936032	0.033560436	0.0063140464	-0.0551768145	0.0834025295	0.0605603541	0.0496941442	0.0541012468	0.0505213252	-0.0219416369	0.0571666506	-0.0652205129	0.042648332	-0.1240617246	0.0976235035	-0.0518372848	0.0089546921	0.0011026548	0.0886881185	-0.0053883523	-0.0670572284	0.0860382092	-0.0578046199	0.0381957557	-0.0981107643	0.0670561426	-0.0260960483	-0.1883215475	0.0025114476	-0.0467204876	0.1001161643	0.0007348073	-0.015296062	0.0344118676	0.0421130368	-0.0323674249	-0.1202808781	-0.0415413443	0.0187852094	0.0192428439	0.0621650142	-0.1156401347	-0.0345897294	0.0835688792	-0.0060208112	-0.0248182341	0.068436412	-0.0060510069	0.0417250144	-0.0185861609	0.0372384804	0.0143220548	0.0985541184	-0.0124321211	0.1090442624	-0.0068317137	-0.0279610977	0.0008507571	0.0330386776	0.0841092004	0.0562858995	-0.0798999523	0.0577727623	-0.0973641131	-0.0569371644	-0.0883378927	0.0648727766	-0.0427727791	-0.0826622981	0.0845129439	-0.0701457537	-0.0536251178	0.1492173069	-0.0470939169	-0.0533452134	-0.0118368489	-0.1057785578	-0.0285547263	-0.0759752233	0.0602827339	-0.1322432714	0.04963314	0.0774637547	0.0477379112	0.0338019854	0.0646135893	-0.0236960536	0.0258776204	0.0352250283	0.0224566786	0.0121118166	-0.132258584	0.0198624036	-0.0341972674	-0.1173639134	0.0294054538	-0.0811541297	0.0066584948	-0.1330724507	-0.045562295	-0.0302543662	-0.0596242695	0.0363844924	0.0632390583	-0.018321969	-0.0235616669	0.0533014962	-0.0439946597	0.0579467225	-0.0888270582	-0.0529179001	-0.043993917	0.0994792142	-0.0612907054	-0.0346117057	0.0214643483623859	0.0063349946588431	0.0004607182506218	4.01321573275706e-05	0.043784507079934	0.1035027236952998	0.0019170830602327	0.0107128138123455	-0.0648696295244803	0.0130102834371115	0.0042080688346433	0.0001692674751139	0.0032129340550306	-9.026732499927552e-09	1.0322945241975375e-05	8.148189962524832e-17	-0.0003761302221232	-9.340446101330002e-05	8.724393337185083e-09	1.4147394399444777e-07	-0.0003918966441214	5.915065127099997e-05	3.4987995457834504e-09	1.535829796736153e-07
258.4183435940528	-0.1091827316354852	66780.04030589394	0.0119208688873863	437.8343060525616	0.1585988462641694	191698.87955652815	0.0251535940363256	250.5197784523828	-0.1065056947165032	0.0113434630070449	62760.15939583097	270.4893616025251	296.81563606668027	1.082065	24.714993	0.0409375198543113	0.0189353797906115	-0.037252084	-0.0695048156	0.0119728861	0.0861530531	-0.0155144513	0.0746756674	0.0218995866	-0.0602811695	0.0072613413	0.0139835538	0.0222074457	0.0197257529	0.0328451864	0.0599423864	0.0221061218	0.0194135143	0.0508878029	-0.0045913292	0.1417678885	-0.0526927698	0.0164859716	0.0169774929	-0.0304686705	0.0552113567	0.0391608956	0.0764035559	0.0063836329	-0.0741196131	-0.0734254698	-0.0380185376	0.0630303432	0.0420867416	0.0060535836	0.092563978	0.1266734814	0.0601368885	0.0118235369	0.0978949866	0.1637073257	0.0144209072	-0.027115191	-0.0900583582	-0.055813245	-0.1824448738	-0.00284616	0.0236859188	-0.0596526764	0.0424434938	-0.0235069524	0.0388804074	-0.0133865565	-0.0556192617	0.0087216786	-0.0342544765	-0.0426614716	-0.0677645384	0.1258082161	0.1940860237	0.0605229303	-0.0166443805	0.0806465905	0.1906194726	-0.0182000115	0.0306775608	-0.111853689	0.0112703664	0.0385485363	-0.0824678322	0.0479977335	0.0206102072	0.0368117485	0.0237315112	0.0306001636	0.1161342821	-0.0310823108	-0.049804519	0.05429486	-0.0428346765	0.0222517898	-0.042058831	0.09769193	0.0421847885	-0.0721914	-0.0086516122	0.0168753204	-0.0804884434	-0.0665698683	0.1270418487	-0.0269236703	0.067985039	-0.0984314054	0.0117490345	0.0422876503	-0.1026093067	0.027846826	0.0137174579	0.0112627403	0.1201213997	-0.2056824382	0.0148596572	-0.0588432578	-0.0448902682	0.0706830865	0.0372681696	-0.1027033095	0.0734679763	0.0160371901	0.0923045683	0.0892325929	0.1142876623	0.0396071925	0.0695588182	-0.021964159	0.0584900557	0.0130376832	-0.0431429161	-0.0831237739	0.1048162982	0.0658304058	-0.0441483664	-0.0852653499	0.1583789158	0.0031099684	0.0085830148	-0.0272071356	0.0896352345	0.0912252562	-0.0592705883	0.0155369408	0.0321331712	-0.0103096498	0.0085534859	0.0610799719	0.1151771157	-0.1576502358	0.0321693557	-0.0924236501	0.0068059442	-0.0901433068	0.0315968471	-0.117946253	-0.0354835471	0.0021955273	-0.0667960947	-0.0492467163	-0.0002766572	-0.0312828191	-0.0542441537	-0.0411514359	0.0988886499	-0.0661311865	-0.027144045	0.0237356174518623	0.0022712690894764	0.0005633795358211	5.158663276810962e-06	0.0286711036873867	-0.0151134033925472	0.0008220321866528	0.0002284149621058	-0.0580137565104976	0.0068558730139827	0.0033655959444593	4.700299478385626e-05	0.0033959508731106	0.0001830168180799	1.1532482332580644e-05	3.349515570012775e-08	-0.0004079642137264	-3.183399160319999e-05	1.0134030213926072e-09	1.6643479968139976e-07	-0.0002728079666385	0.0001190886774829	1.4182113104626177e-08	7.442418666143293e-08
258.0007508585092	-0.4175927355436215	66564.38744355454	0.174383692778805	435.06284985917335	-2.7714561933882464	189279.6833275856	7.68096943187007	250.431098152696	-0.0886802996868141	0.0078641955525431	62715.73492196525	270.2349968145665	293.85912649135935	1.021757	23.337524	0.1115985651735739	0.0833758317404165	0.076702158	0.0386098586	-0.0326024043	0.0506824003	0.0145293051	-0.0761101775	-0.0598370352	-0.0537388501	0.0973527118	-0.1122642453	0.0453487324	0.0648090992	0.0884955622	-0.0390663566	-0.0832963528	0.0652735673	-0.0767909432	0.0565634888	0.0332660049	-0.0259223169	-0.0378273432	0.0322251789	-0.0989707436	-0.1038788737	-0.0450261628	-0.107560512	-0.1230187738	0.1115164463	-0.0208466018	-0.0573734791	-0.0304650795	-0.0255012874	0.0707368997	0.0045381085	-0.0169870073	0.0236516726	0.0769955613	0.0242400621	-0.0153359457	0.0056690067	0.0655801723	-0.0818295973	-0.0842755896	0.0241577549	-0.006580258	-0.1290494949	-0.0117241716	-0.0224568217	-0.0599210137	0.0421546204	-0.0426782484	-0.0315096887	-0.0756856222	0.057345453	0.1421479538	-0.0367554416	-0.0179600375	-0.1703931495	-0.091795952	-0.0333580241	0.161364231	-0.0458059357	0.0162372407	-0.145969555	0.028419609	0.1105090355	-0.022340026	0.0424143442	0.074278777	0.0447973102	0.0953768179	-0.0764277208	-0.0687501081	-0.0595948178	0.0612694027	0.0307782908	-0.0639636365	-0.0449556357	0.0813630976	-0.0939521974	-0.0069946528	-0.1195361618	0.0851007694	0.0048556547	-0.0573931232	0.0492558551	-0.1243657244	0.1183811211	-0.0349037223	0.109261033	0.0811963122	-0.0688532809	-0.1520774026	-0.1261282654	0.0062540655	-0.0145977278	-0.0028146711	-0.0461083329	-0.0128331959	0.0131299463	-0.026118336	0.0171043113	-0.0010617373	0.0601075692	0.0302844616	0.0331088424	0.0381714733	0.0932751947	0.0249132459	0.1019276452	-0.0209710126	-0.017959868	-0.0554317767	-0.0157366584	-0.0187533401	-0.1235357043	0.0707229641	0.1146653929	-0.0694388166	-0.1397470586	-0.0978342859	-0.0233091804	0.0412342402	0.064578836	0.0715916714	0.0697432304	-0.1287717565	-0.0313774982	0.0031158258	-0.0068730315	-0.00842261	-0.0701016812	0.0502331374	0.0167963697	-0.1312252213	-0.1158983515	0.0354626422	-0.0777321315	-0.0200262243	0.0500573349	-0.00570391	0.0521023284	-0.1316399663	0.1195231433	-0.096223406	-0.0761477962	0.0706150772	-0.0555570233	-0.0382683432	0.098078528	-0.0707106781	-0.0195090322	0.0233811452270344	-0.0003544722248279	0.0005466779521276	1.2565055817444189e-07	-0.0520234652399835	-0.0806945689273702	0.0027064409355757	0.0065116134543741	-0.0790414183128334	-0.0210276618023357	0.0062475458089043	0.0004421625608734	0.0034619294489212	6.597857581060011e-05	1.1984955509307845e-05	4.353172465995106e-09	-0.0004810629365199	-7.309872279350003e-05	5.343423274040961e-09	2.3142154889314939e-07	-0.0003241679124152	-5.135994577670002e-05	2.637844030185566e-09	1.0508483543962882e-07
258.1625125945258	0.161761736016615	66647.8829091187	0.026166859239109	436.6355741479424	1.5727242887690522	190650.6246115033	2.473461688484121	250.54184919076417	0.1107510380681731	0.0122657924331779	62771.21819592761	270.1098936831301	292.0099969836967	1.11342	25.431166	0.0885382043862849	0.0703583973331601	-0.0696218206	0.0428417101	-0.0352747424	0.0609975329	0.0718477557	0.0295038512	0.0230790915	-0.0566235524	-0.0069665548	-0.0935394632	0.0786448638	0.0346389395	0.064188118	0.1355273428	0.0073852955	0.0123073956	-0.0014624616	0.0515935423	0.0755081067	-0.0029902632	-0.0116198965	0.0080247332	0.072863332	-0.0830673416	0.0058907752	-0.0491459526	0.0618431755	0.0996045652	-0.0869968752	-0.1040777796	-0.0480957018	0.0264556026	0.0043126395	0.021484222	-0.0488119845	-0.0728070336	-0.0118526219	0.0552370945	0.0065918349	-0.0494463548	0.1355666901	0.0476218587	-0.1847477678	-0.0903621478	-0.0912229351	0.0946110493	-0.0093299912	0.1104421238	-0.0700298913	0.0033843748	0.1171510948	0.0324844635	-0.0736708363	-0.130250454	0.014059008	-0.0233991239	0.0033651406	-0.0416965325	-0.0254268601	-0.0683445304	-0.0522397153	-0.0939533025	0.0072168301	-0.0190752063	-0.0023556049	0.0047000737	-0.0168409357	-0.010163491	-0.0459064843	0.0346257257	0.0763182966	0.1291718069	0.0437215797	0.0347690033	0.0649874893	0.0265964305	0.0167169369	-0.0397352333	0.0203721285	-0.1036152162	0.0571951381	-0.0395668727	-0.1016452873	0.0395108951	-0.0454756363	-0.001216136	0.0619964084	-0.0439908319	-0.0610643468	-0.0135800117	0.1043162369	-0.0903155059	-0.1843505735	0.0769211582	0.0826160611	0.0252409187	0.0330707928	-0.1770556145	-0.0531652015	0.0727755242	0.0318400314	-0.0449767657	-0.0316037012	-0.0477709633	-0.0327682911	0.0217032481	-0.0667116981	0.175064161	0.0323816133	0.0565429376	0.058172209	0.0441996631	0.0996532508	-0.0236162631	0.1070278985	-0.0118269198	-0.0890646161	-0.117532551	-0.0405776219	0.0412106092	-0.0381286537	-0.1302337929	0.0135013	0.0411884114	-0.0976556265	0.025559629	0.0177792584	0.054804774	-0.1307169958	-0.0968219427	-0.0317219269	-0.0576706438	0.0311413152	0.0555089552	-0.1132167183	0.0596263418	-0.0491878982	0.1002800294	-0.0309614064	-0.0496646779	0.0263214956	0.1198107842	0.0496889553	0.1696263905	0.0930068388	-0.0907208534	-0.0652484441	-0.0568561851	-0.0353474844	0.0970506473	-0.075011107	-0.0117537397	0.0234432655864935	6.212035945910022e-05	0.0005495867013588	3.858939059327822e-09	0.015671751980065	0.0676952172200485	0.0002456038101246	0.0045826424344695	-0.0717678733361211	0.0072735449767123	0.0051506276431895	5.290445652825675e-05	0.0036709478307788	0.0002090183818575	1.3475857976299575e-05	4.368868395436942e-08	-0.0004809846189164	7.831760350001304e-08	6.133647017985255e-15	2.3134620363415454e-07	-0.000263118175275	6.104973714020004e-05	3.72707040488752e-09	6.923117416004562e-08
258.1042301050704	-0.0582824894553937	66617.79359813115	0.003396848577118	435.3836193727643	-1.251954775178092	189558.8960181281	1.5673907590912268	249.96828458340423	-0.5735646073599412	0.3289763588159635	62484.14329756976	270.0013480577221	295.20814187475975	1.161441	26.527979	0.1957334882162594	0.1695071781127848	0.0373788581	-0.1175598051	0.0897715803	0.053797643	-0.1170851897	0.0145765222	0.0022134235	-0.050771152	-0.0682028201	-0.0468886335	-0.0911096063	-0.1159956244	0.0669804515	0.0327770255	-0.0382975653	0.0193691852	-0.0570063942	0.0044317249	-0.0216692243	0.0568995493	-0.0265449762	0.0014926163	0.0440548773	-0.0478456374	-0.0804942101	-0.0571277346	0.0216646544	0.0522991799	0.066300373	0.0105038535	-0.1372227107	-0.1250848855	0.0194280935	0.1586142019	0.122111652	0.0195755109	-0.0569429985	-0.0077808192	0.1045699016	0.0753994961	-0.0533507634	0.0056821503	-0.1028356319	0.1810310055	0.0123145389	0.0579652459	-0.058812844	0.0096765586	-0.0667464669	0.0441098453	0.0459306142	-6.21245e-05	0.0124509874	0.0590652628	-0.0531325326	0.0275676592	-0.0890818171	0.0513765254	-0.0132001219	-0.0501268346	0.0407796567	0.0445919684	0.016130837	-0.0482424049	0.0186702487	-0.0497876964	-0.050606679	-0.0855162072	-0.032275332	-0.1159420133	0.0677655814	-0.0717073923	0.0424214514	0.0830217335	0.031438666	0.0482056106	-0.0108688716	0.0634569318	0.0822451167	0.0880848033	0.020080787	0.0538949809	0.0599773779	-0.0630781397	-0.0704216608	0.0614598362	0.0482401599	0.0309476418	0.0132562872	-0.0670937838	0.1397105747	-0.0430608126	-0.0549447048	0.0620905372	-0.0512242883	0.1223883789	-0.0675610125	0.0757346813	-0.0710988668	-0.03243101	-0.0775989964	-0.0941681252	-0.0266183487	0.0733461482	0.0284061646	0.0464846217	0.0650723165	-0.0122224972	-0.1310833491	0.0274774265	-0.0350895671	0.1651304728	-0.0526397919	0.0202732015	-0.0208642996	0.0034995717	0.0223884458	-0.0907070088	-0.0616122374	-0.0021539044	-0.0144900388	0.0134875654	-0.0854042375	-0.1140578088	-0.0396029085	0.0749467401	-0.0350898259	-0.0318073	0.0586748078	-0.0514518101	0.0352081399	0.0532128293	0.1694615734	0.0756082935	0.08081283	0.122365503	0.0036619381	-0.0905274472	0.0133268776	0.0523094969	0.0044292847	0.0118250052	0.0301805132	0.0785859371	0.1476050984	-0.0404765371	-0.0592915867	-0.0581413184	-0.0323917418	0.0958072899	-0.0790155012	-0.0039259816	0.0283910161518008	0.0049477505653072	0.0008060497981318	2.448023565649869e-05	0.186898508286859	0.171226756306794	0.0349310523998531	0.0293186020753462	-0.0718991244873592	-0.0001312511512381	0.0051694841020487	1.7226864701327722e-08	0.0033419579203034	-0.0003289899104753	1.1168682741078624e-05	1.0823436119461168e-07	-0.0004808409424781	1.4367643829998804e-07	2.0642918922570263e-14	2.312080119632275e-07	-0.0002036971583303	5.94210169447e-05	3.530857254742324e-09	4.14925323118393e-08
257.6473108030494	-0.4569193020210491	66382.13676404313	0.2087752485594027	433.8953892782833	-1.4882300944810254	188265.20883695295	2.214828814119002	250.3902208891481	0.4219363057438841	0.1780302461047964	62695.26271691638	269.8517263639978	291.3147900670328	1.100447	25.134857	0.0475000841772056	0.0388671542900948	0.0518766589	0.1475046287	0.0805232922	0.0150685981	0.0390055266	-0.1712889179	0.0324616028	-0.0376992512	0.0136202963	-0.0687536477	0.0447578903	-0.0869788678	0.0754766233	-0.1163302541	-0.003905819	-0.0427356634	-0.0151336103	0.0854704907	-0.0262185992	0.0353205544	0.0585971526	0.0122913529	0.0140264339	0.0018103954	0.0659741599	-0.0050785882	-0.0850742354	0.0322837435	-0.0181017223	-0.0490482347	-0.0516656287	-0.0007132804	0.0117195931	-0.1816313992	0.070876759	-0.1143623724	0.0836419338	-0.033295997	0.044865088	-0.0209907367	-0.0037835368	0.0574854757	0.1326495821	-0.0078422485	0.0685095388	0.0587572465	-0.0203736214	0.1160024137	0.0934893069	0.089921229	0.04973084	0.0032508822	-0.1319929506	0.0620898763	-0.1215829994	-0.052238754	-0.023299394	0.0118422693	-0.0403792627	-0.0952150931	0.0545322051	0.0305758253	-0.1259646784	-0.067974167	0.0375677914	0.1319320594	-0.0481365741	0.0158655418	0.0282044185	-0.0997226504	0.0583185547	0.0178657637	-0.0842656265	-0.1227945182	-0.0180391019	0.0104490277	-0.0039113843	-0.071561943	-0.0342040195	-0.0159564845	0.0349390927	-0.0327184445	0.0816700447	0.0573836115	-0.0415817847	0.0338361621	-0.0415541984	0.0347113293	0.0728299455	0.1142919494	0.0109316374	0.0795057889	0.060533187	-0.0457917031	0.1027774332	0.067194496	0.0406695145	-0.0740245917	0.1375034899	0.0073537728	-0.0232515659	0.035516189	-0.1611873296	-0.0140287396	0.0347493885	-0.0701824693	0.0556058624	-0.0095434118	0.0838269097	0.0903301868	-0.0928729255	0.1217909799	0.0010753668	0.1292360389	-0.1000296851	-0.0708694371	0.0145274932	-0.0227170347	0.1025041038	0.0346542829	-0.0967802151	-0.027554025	-0.0145547835	-0.1015360036	0.0351963227	0.0080321889	-0.0837073364	0.0214198419	-0.0798467009	0.000341495	0.0262910375	-0.0725030215	0.2121370987	-0.0449178102	0.0250471659	-0.1018961893	0.0491363398	0.0684804309	-0.0359004949	0.0913160826	0.0541663779	-0.0763157711	0.0271945647	0.0338754376	0.0376984688	0.0403397331	-0.0353024804	-0.0594121063	-0.0294040325	0.0943512164	-0.0827080574	0.0039259816	0.0356655040280742	0.0072744878762734	0.0012720281775765	5.2918173862048745e-05	0.1490175340356785	-0.0378809742511805	0.0222062254500746	0.0014349682102186	-0.071966310126271	-6.718563891179585e-05	0.0051791497931906	4.5139100759862175e-09	0.003333969524332	-7.988395971399772e-06	1.1115352789174545e-05	6.381447019587609e-11	-0.0004807785774909	6.23649872000232e-08	3.889391628459058e-15	2.3114804057417334e-07	-0.0001661991910721	3.749796725819999e-05	1.4060975484970387e-09	2.7622171113020406e-08
257.7555339598605	0.1082231568111069	66437.9152869328	0.0117122516701614	435.8798069364569	1.984417658173584	189991.2060949629	3.9379134420711295	250.51999322836824	0.1297723392201248	0.0168408600266631	62760.26700714167	270.12011656006075	292.2787726928286	1.138396	26.001619	0.2058670095326121	0.1632585927907138	-0.054550191	-0.0597702745	0.0718154705	-0.0306056322	-0.02156082	0.0508601115	0.0853240783	-0.060193716	0.1232746718	0.0354105758	0.0303916738	0.0567818054	0.051114056	-0.0717140164	-0.0466643348	0.0539804058	0.0963931182	0.0694019481	0.1033660433	-0.0250858053	-0.0743707916	0.0332574749	0.0975933759	-0.1055455613	0.1390579003	0.1883818721	0.0248759166	0.0292312449	-0.0006560001	0.0440333465	-0.0301935738	-0.0700885971	0.1473604493	-0.0584794943	-0.0787486174	-0.0524462294	0.0099053273	-0.0232821988	-0.0182493135	0.1316438684	0.0083576133	-0.008432512	0.0136316291	0.0295749401	0.0065508912	0.0387766961	-0.0707371198	-0.0635035496	-0.033163263	-0.075250419	-0.1198592436	0.0448479385	-0.056582093	0.0015587836	0.0114360788	-0.0627700467	0.0894670479	-0.0312375878	0.0762492178	-0.0574020919	0.0794053034	0.0051220843	-0.0144667459	0.1139682032	0.0551866248	0.0184559084	0.0370748125	-0.0805255932	0.1396337286	0.0484886632	0.0580011832	0.0339942185	-0.0996253796	0.0948672578	-0.0513215613	-0.0553719501	0.0325460189	-0.0748007301	0.1115115909	-0.0801692304	0.0813566313	0.088207323	-0.0786117474	-0.0578451215	0.0842944958	0.046049032	-0.0411446468	-0.0397650254	-0.0040286389	0.118301285	-0.0472069594	0.0180789857	-0.1196004282	-0.0696931276	-0.0425611353	0.0452996705	-0.0585138729	0.0336252813	0.1036954366	0.03066622	0.0599658806	-0.0588660368	0.0137545308	-0.0698278916	0.134359408	0.0123548928	-0.0094252254	-0.0588769238	-0.0382858909	0.1026484521	-0.0971483852	-0.0860914081	-0.0345946428	-0.1246155826	0.0281889278	-0.0520029325	-0.0747120384	0.1234633994	0.0621743874	0.0954416133	-0.0003197114	0.0598316665	0.0469688674	0.0299425146	0.0650777527	0.0398854498	0.1330372697	0.0196300015	-0.0227886811	-0.0754602468	-0.0365701675	0.0026506623	0.0305270759	0.0749526624	-0.1338474544	0.0591669773	-0.0718915357	0.0202579088	0.0012920458	0.0276501225	-0.0338451355	-0.0955728158	-0.1211279657	-0.0340634492	-0.0598288106	-0.0118024787	-0.0749924622	-0.0606682351	-0.026387305	0.0926856596	-0.0860742027	0.0117537397	0.0289912785199675	-0.0066742255081067	0.0008404942302223	4.4545286133062205e-05	-0.0152941461630007	-0.1643116801986792	0.0002339109068552	0.026998328249713	-0.0563653010289897	0.0156010090972813	0.0031770471600886	0.0002433914848534	0.0036249468199636	0.0002909772956315	1.3140239447564217e-05	8.46677865730795e-08	-0.0004809730933752	-1.9451588429997846e-07	3.78364292450026e-14	2.3133511655090885e-07	-0.0002606292741271	-9.4430083055e-05	8.917040585774199e-09	6.792761853201904e-08
258.45233373057465	0.6967997707141649	66797.60881078034	0.4855299204673127	437.4862328861537	1.6064259496968134	191394.2039649179	2.580604331859309	251.00675549356407	0.4867622651958356	0.236937502818581	63004.39130340586	270.9399904377365	294.4271137609029	1.197713	27.356464	0.0756838515698958	0.0546576404171053	0.0820565237	0.0537473832	-0.1002261424	0.0925542807	0.0347348574	-0.0311546283	-0.1576820504	-0.0496554457	-0.0368654996	-0.1233022204	0.0830574125	0.0220657975	0.1176259252	0.0125919962	0.0960958646	0.0017639606	-0.0916889781	0.0926589662	-0.0184289999	0.0918400137	-0.1631765763	-0.0049220702	0.0221520252	0.0547730069	-0.1118471491	0.0286998354	0.0164791993	0.0023028301	0.0447346031	-0.0058491884	0.0467788717	0.0180501707	-0.0358768712	0.0042684446	-0.1442900868	0.1246104279	-0.1282728528	0.0651238824	0.0354081573	-0.0554710166	-0.1235208453	0.1383180474	0.1898690303	-0.0084210173	-0.0749168877	-0.020042496	0.019525436	-0.00527256	0.0249326063	0.0395567302	-0.007697122	0.0892820994	-0.0230083869	-0.1609197259	0.0157194755	-0.0930352353	0.1037101296	0.0140629995	-0.0121925079	0.0183067883	0.0764816633	0.0892132446	-0.0788525824	-0.057844864	-0.0671093316	-0.0287621665	0.0952735205	-0.0214110877	0.0437701021	0.0124602587	0.1158349572	-0.0638379507	0.1202125572	-0.1048686885	-0.011784969	0.0386767179	0.0156092097	-0.1048473169	0.0914440715	-0.0824518538	-0.0019081471	-0.1251164487	0.0556256735	-0.0938193477	0.066032794	0.0223807461	0.0335304829	-0.0278087213	-0.0122426115	-0.0865412555	-0.0001725753	0.0553643443	0.0586355294	0.0459062655	-0.0166333574	0.0268233378	-0.043843961	-0.1332835967	-0.1782632965	0.0823838808	0.0878531463	-0.0885482024	-0.0127544768	-0.0896678665	-0.0260841523	-0.2258700169	0.0661618305	-0.0079343827	-0.079104651	-0.0384723616	-0.0751180889	-0.0944361923	-0.0018902412	0.0074159719	-0.0006447473	-0.1444620265	0.007187722	0.0292874601	0.1271377958	-0.1040616774	-0.0222016407	0.0866749678	0.088011743	0.0280131091	-0.128009945	0.0217470939	-0.0990115867	-0.0355474942	0.0204435488	0.0081828558	-0.0045605251	-0.0487490204	0.0774971476	0.0087995929	-0.1454870719	-0.0948812302	0.0895038236	-0.003595169	0.0888429408	0.0948377444	-0.0306462769	0.0571493275	0.0699087782	0.1419029649	0.0314063003	-0.0994290653	-0.0046584375	-0.0619093949	-0.0233445364	0.0908143174	-0.0891006524	0.0195090322	0.0250948288582861	-0.0038964496616813	0.0006297504354266	1.5182319966017072e-05	0.0362712213742781	0.0515653675372788	0.0013156014999818	0.0026589871292546	-0.0718823045262553	-0.0155170034972655	0.0051670657040053	0.0002407773975341	0.0036749611078424	5.0014287878799926e-05	1.350533914415424e-05	2.501428992023473e-09	-0.0004808990503866	7.404298859995696e-08	5.482364160813357e-15	2.312638966627337e-07	-0.0002166169875211	4.401228660599999e-05	1.9370813722886853e-09	4.69229192827164e-08
257.7560952615792	-0.696238468995432	66438.2046444963	0.4847480057091031	435.5400602576438	-1.9461726285098848	189695.144089232	3.787587899961074	250.17763697227883	-0.8291185212852383	0.6874375223382202	62588.850041033336	269.8295419202945	293.55000820409646	1.171574	26.759436	0.1618302024427816	0.1085006333146847	-0.0557077038	0.0040489464	0.1060993702	0.0088842148	0.0213816139	-0.0265481642	0.0778383563	-0.0563152331	0.0148319	-0.0050008429	-0.0205425189	-0.0763148873	-0.0007150351	-0.0022414687	-0.0181629914	0.0114288664	0.0054844038	-0.1518782278	0.147598669	-0.1155818775	0.0039474876	-0.0046798954	0.0677513732	-0.0539883677	-0.0402165098	-0.0254149153	0.0108483574	-0.0652866421	0.1846694082	-0.1471750247	-0.0231997404	0.0263097428	-0.0189006381	-0.0937196617	0.0408680375	0.0434593177	-0.0780532312	0.0309259081	0.0013463	0.0226949453	0.0229716274	0.1246155869	-0.0496600944	0.0112813594	0.0164302347	-0.0719958454	0.0640368141	0.0483208341	-0.0340217673	0.0836417698	-0.0615565411	-0.0519738506	-0.0081492059	0.0435123902	0.0671436378	-0.1493948936	0.167676841	-0.0287131704	0.1396782308	0.0084246781	0.0575890212	-0.1082160827	0.0732062795	-0.0749595843	-0.0198530814	-0.0574210685	-0.0378164053	0.0851736271	-0.1221879006	-0.0715420329	-0.00080488	0.0543795774	-0.0317269699	0.0626380787	-0.0456337385	0.084422805	0.0177667333	0.0736840003	-0.0255051017	-0.1500154212	-0.0674544001	-0.0136079455	-0.1465997078	-0.0401811172	-0.079973319	0.0323463292	-0.0026279032	-0.0421658382	0.0485909017	-0.1103874153	0.0764451543	-0.0799992785	0.0513405124	-0.1974650105	0.0828399057	-0.0055167378	-0.0137031422	0.052028564	0.0036498824	-0.0064009213	-0.012226115	0.001126429	-0.0375090159	-0.085008626	-0.0069255017	-0.0029523655	0.0673431092	0.0687755079	0.0147642266	-0.1343928588	-0.0119874147	0.0587812329	-0.0986047804	-0.1601057351	0.158138898	-0.122800143	-0.0205809183	-0.0874314614	0.0558531231	0.0324617711	0.051313021	-0.0395176697	-0.0389337076	-0.0801364993	0.0151058745	0.050970297	-0.033709377	0.000587076	-0.0714637768	-0.0526075552	0.0397138122	-0.0040149764	0.0258093943	0.0356253888	0.0507690063	0.1322360108	-0.0315160342	0.1075047139	0.0506783443	-0.0221548827	0.0247152735	0.0836039797	-0.0665764036	0.1344998215	-0.0960679473	0.0749545487	0.0835499072	-0.0631352795	-0.0202787295	0.0887413447	-0.0917754626	0.027144045	0.0142484510367495	-0.0108463778215366	0.0002030183569466	0.0001176439118475	0.1404020419275724	0.1041308205532943	0.0197127333774318	0.0108432277891023	-0.087865412463131	-0.0159831079368757	0.0077203307073161	0.0002554597393218	0.0036563527910584	-1.8608316783999893e-05	1.3368915732680553e-05	3.4626945353369207e-10	-0.0009760890409509	-0.0004951899905642	2.4521312675507145e-07	9.527498158644476e-07	-0.0003202166027943	-0.0001035996152731	1.0732880284755054e-08	1.025386727051225e-07
257.9411521475621	0.185056885982874	66533.63797121178	0.0342460510496784	434.7789839412389	-0.7610763164049104	189032.76487697609	0.5792371593924672	250.2902520973129	0.1126151250340683	0.0126821663864388	62645.21029493644	270.2431965291448	294.3114107111668	1.075175	24.557627	0.2377438143279023	0.1401373690234665	0.0855171179	-0.027587027	0.0228356411	0.0503341555	-0.0546187769	-0.0618952739	-0.0769111475	-0.0749620921	0.0271854804	-0.0471349221	-0.1102134843	0.0176618677	0.0685331156	-0.0204117994	-0.0628325605	0.0125699322	-0.1484830175	-0.0687605834	0.0842403218	0.0432991188	-0.0800784472	-0.1121786222	0.0054410101	0.0163584758	-0.1047234213	-0.0036620393	-0.0234874192	0.0492041785	0.1342909948	0.0792681587	-0.0458992038	0.0367567595	-0.0286221283	0.1435249521	0.0672215261	0.0364104244	-0.1265486138	-0.0158394311	-0.0089380706	0.03809289	0.010650319	0.0868468248	-0.025364909	-0.0410330842	-0.0689706302	-0.1488276628	-0.0308180344	0.0380870531	0.1946772388	-0.1330649859	-0.040963615	0.099781288	0.1369102483	-0.0525346212	0.0331711323	0.0495802347	0.1064535258	0.0517028396	-0.0217483001	0.0650612546	-0.0989474964	0.0324407778	0.0946476964	0.1462128455	0.0359015191	0.0799062108	0.0303090583	-0.0334971282	-0.0176506768	0.0009459348	0.0917853753	-0.1150533454	0.0084694584	-0.0359119234	-0.004190328	0.1102892349	-0.0566713391	0.2022053271	0.0146263272	-0.0462606944	0.0142909343	-0.1293164279	-0.032785504	-0.1709861443	0.0438823519	0.1014506949	0.0602612691	0.0969004951	-0.0893254621	-0.1273989945	-0.0948320926	0.0169353909	-0.0514621336	0.1207581087	-0.0069115389	0.0855163075	-0.0652179193	0.1714261228	0.0115368483	0.1047734151	0.0740591874	0.0241517027	0.0033831555	0.0722547808	0.0823746173	-0.0541913298	0.0165539655	0.0071142852	-0.0472136787	-0.1489603675	0.0880254544	-0.1388461715	-0.0316366702	-0.0132426214	0.0269689221	0.2120105293	-0.1083123976	0.0348061907	0.1039911782	-0.0132630002	0.0120573266	0.1345246852	-0.0896611041	0.0082546384	0.025008649	0.1926836395	-0.0049323089	-0.055494073	-0.0026225372	-0.1860789995	-0.0694874115	-0.0126310898	-0.2055176338	-0.0609358594	0.2018714596	0.0138250012	0.0879992913	0.0115992654	0.0760109412	0.1401870781	0.0841666675	0.0435389522	-0.0720603763	-0.0740110437	-0.0938274956	-0.0467662605	0.018850867	-0.0643455865	-0.01719291	0.0864713441	-0.0940880769	0.0346117057	0.0261460563192201	0.0118976052824706	0.0006836162610478	0.0001415530114574	0.0252780617197174	-0.115123980207855	0.0006389804043058	0.0132535308188985	-0.1646417367184227	-0.0767763242552917	0.0271069014696584	0.0058946039661536	0.0036613646496396	5.011858581200138e-06	1.3405591097630511e-05	2.5118726437949455e-11	-0.0005280018550808	0.0004480871858701	2.0078212614098563e-07	2.787859589687661e-07	-0.0005460356499887	-0.0002258190471943	5.099424207578664e-08	2.981549310585821e-07
257.5812245364875	-0.3599276110745677	66348.0872337164	0.1295478852138452	435.39101178458566	0.6120278433467661	189565.3331428052	0.3745780810316936	250.19203910445285	-0.0982129928600556	0.0096457919665293	62596.05643124406	269.7718878295756	290.75398373642844	1.062704	24.272772	0.097513474915754	0.0676267089997778	-0.0581911434	0.0804082873	0.0215939071	-0.0166784061	0.0536800307	-0.0482048203	0.0455266088	-0.0882646302	-0.0111875617	0.007641794	0.0349009522	-0.0027400281	0.0465367958	0.0356746852	-0.0894121156	-0.0347568221	-0.0504149647	-0.1130272727	0.109143559	0.0062490151	0.0952832717	-0.0275883153	-0.0507354998	0.1368403252	0.0053604597	-0.0571093073	0.041893545	-0.0441391566	0.0034561707	-0.0122302826	-0.0638428657	0.1274039875	0.0369607155	-0.0896796528	0.073631178	-0.0556964755	-0.0845068907	0.0101483999	0.0972137225	0.0368709262	0.1032275485	-0.0746103775	0.0885917885	0.0343272382	0.0060901839	-0.0783304133	-0.0658637736	0.0262296713	0.0812540635	-0.0430823267	0.0964493255	0.0477427899	-0.0128513429	0.1166229069	0.0715673387	-0.0439646546	-0.1074719226	-0.0530573559	0.0512880712	0.0432328822	0.0040470305	0.1051104394	0.1072992677	0.0792693076	0.07007211	-0.0678195392	0.0281795516	-0.0266857647	0.0092629827	-0.0096261911	0.0492867885	0.0845947211	-0.0497560846	-0.0268665782	0.0290996601	0.0678773488	-0.0673602436	0.1290176637	-0.1364545197	9.51715e-05	0.0728114114	-0.0597146626	-0.1511574761	0.0823744247	0.0666755631	-0.1151182483	0.0010673511	0.1250704925	-0.0667987971	-0.0880978843	-0.0475280298	-0.0043339024	0.1028474986	0.0104423407	0.0969491874	0.1184443615	0.0078239615	0.057508764	0.0709421117	0.1217293613	0.0515587067	0.1171825829	0.0960008932	0.0422045509	0.1378005816	-0.0617415981	0.0163145412	-0.0583903051	0.0455756962	-0.0154593472	0.0108045285	0.0903170378	-0.1319446101	-0.0126620401	0.0256854111	0.007798978	-0.0763710506	0.0202263147	-0.1542918059	0.0438330748	0.0838360803	-0.0128390477	-0.0145615371	-0.0023189472	0.0281438434	0.0340676935	-0.0035765714	0.0051322476	-0.1069472961	-0.0830610229	-0.0004888963	-0.0451474838	-0.1664960711	-0.0812739972	0.1121644486	-0.0145932538	-0.0405219513	0.1356242929	0.0278435152	-0.0497149141	-0.1127264929	0.010166391	-0.0257529777	0.0966540817	-0.0118752713	0.0174175093	-0.0851847967	-0.0655400171	-0.0140901232	0.0840093554	-0.0960293686	0.0418659738	0.0275617277872299	0.0014156714680098	0.0007596488386173	2.004125705337026e-06	0.0421704794290036	0.0168924177092862	0.001778349335272	0.000285353776065	-0.1052217629165497	0.059419973801873	0.0110716193912665	0.0035307332866152	0.0032678641324392	-0.0003935005172004	1.0678935988082604e-05	1.5484265703698258e-07	-0.0005278974794591	1.043756216999878e-07	1.0894270405258964e-14	2.7867574881927085e-07	-0.0005481389958983	-2.1033459096000528e-06	4.4240640154312736e-12	3.004563588243966e-07
258.9237845864336	1.342560049946087	67041.52622456188	1.80246748771124	438.2089725451523	2.8179607605666206	192027.10361907803	7.940902848093207	250.84904787626832	0.6570087718154696	0.4316605262424717	62925.24482043035	270.76748110998403	296.0764288800828	1.097705	25.072229	0.0925167796275942	0.0603910507246389	0.0254587782	-0.0858532127	-0.007890232	0.0557568953	-0.0641085419	0.1111594172	-0.03563416	-0.0799605067	-0.0147210509	0.0516789939	0.108359677	0.0567851614	0.0509029	0.0081425626	0.0088582124	0.0291677726	-0.0545902885	-0.0948207961	0.0585045145	0.0265618872	-0.0657799927	-0.0301587273	-0.0868444106	-0.0310144547	-0.0366302805	0.0353348054	-0.082277857	-0.0255364809	-0.0167476444	0.0572994451	0.0695277421	-0.0199862555	-0.0854483433	0.0169929969	0.0369617641	-0.0600635477	-0.1435123589	0.051759867	0.0484237505	0.0369935323	0.0790861706	-0.0120251007	-0.0413635815	-0.0741299881	-0.0684993984	0.0520584311	-0.1190601674	-0.0231421721	-0.0953047888	0.0131896542	0.0409350277	0.011036026	0.0870290256	0.0674113289	-0.0459216532	-0.0819125691	-0.0148379302	0.0608621853	-0.0538391467	-0.0605620743	-0.044508674	-0.1087444723	-0.1716942754	-0.0639999861	-0.0230426426	0.0106134353	0.0306676579	-0.0835211931	-0.0497515142	0.0520257599	0.058212715	-0.055739239	0.0643406568	0.065369794	-0.0110115174	-0.0468289569	-0.086593412	0.0521790489	-0.037053677	0.0309227634	0.0745609392	0.0113871239	-0.0761801468	-0.1588054386	0.0236435408	-0.0521247687	-0.0391520584	0.1172618043	0.0724961397	0.0352825505	-0.0782098487	0.0802538738	0.0425097317	0.1471193837	0.0061377664	0.0552823147	-0.0681600228	0.0504749578	-0.0322409787	0.0890667782	0.1268436588	0.1032328022	-0.0334517258	0.0121111203	-0.0670377365	0.0910275172	-0.1000331657	0.0567652065	0.0154076615	0.0202190785	-0.0054840998	0.0874110505	0.0947763933	-0.0328646171	-0.0224685736	-0.0184260054	0.0363369789	-0.0872008807	0.0066808364	-0.1638033027	0.0419784307	-0.1377524841	0.0041282281	0.046090962	0.0148597059	0.1430291633	0.1577968916	-0.0644482417	0.1039962838	-0.0868912647	-0.0646857359	-0.0163508569	-0.1557363552	0.0345031375	0.1012037458	0.0194643049	-0.0308851681	-0.0164165651	0.1590930124	0.004485564	-0.0512882292	0.1161715243	0.0147871489	-0.0376497695	-0.1083733588	0.113612679	-0.0579048944	-0.0667182767	-0.0109734311	0.081360845	-0.0975916762	0.0488621241	0.0296403946230157	0.0020786668357857	0.000878552993408	4.320855814195742e-06	-0.0112461943831618	-0.0534166738121654	0.0001264768881038	0.0028533410411552	-0.1049270759745866	0.000294686941963	0.0110096912725766	8.684039376355946e-08	0.0039873620671194	0.0007194979346801	1.5899056254302694e-05	5.176772780090732e-07	-0.0005281242691441	-2.2678968499998886e-07	5.143356122239416e-14	2.7891524365898974e-07	-0.0005629493122867	-1.4810316388399938e-05	2.1934547152450776e-10	3.1691192820406845e-07
258.85474554987627	-0.0690390365573421	67005.77929369119	0.004766388568766	439.2301280846757	1.02115553952342	192923.10541728063	1.042758635899367	251.15234183235728	0.3032939560889645	0.0919872238000947	63077.49880787725	270.9869467111467	297.38761523351343	1.050282	23.989058	0.1133567059613774	0.0710337797749493	-0.0708898225	0.0264637188	-0.0223986353	0.1361855336	0.092239344	-0.0095634707	-0.033724818	-0.1281184201	-0.0121622371	0.0366719045	-0.0281705594	0.0172876282	0.073018076	-0.0324726192	0.0916112791	-0.0271740306	-0.1134062596	0.0228825873	0.0716269705	0.0228735714	0.0665646565	-0.0826532796	0.0704622089	0.0465860816	-0.0617828983	0.0080094717	-0.0750110401	0.0352171027	0.1466726522	0.0062968822	0.0592438637	-0.1691074117	0.0652519871	0.0768931511	0.0829580127	0.071811591	0.0064475656	-0.1258425838	0.0048071961	0.0550666973	0.0545503995	-0.0217416766	-0.0223173327	-0.1171383536	-0.0168366981	0.026243277	0.0564965002	0.1145350116	-0.0162525296	-0.0459234335	-0.0004468005	0.0668395528	-0.0240398224	-0.0449563414	-0.0487253352	0.1254907286	-0.0798274862	-0.040968589	-0.0413038329	-0.0857097285	0.0390930035	0.129881056	0.01032441	-0.0847455483	0.0982886864	0.00619476	0.0321459993	0.0694711377	0.0910969554	0.0116439128	0.0778730937	0.0236545998	0.0265216725	-0.06428095	-0.078211385	0.1263327197	-0.0320245784	0.031685654	-0.0891510966	0.0702469899	0.0845783076	-0.0507677269	0.0601884188	-0.0772991837	0.0256841223	0.0576330025	0.0313597958	-0.0066972391	0.0499506374	0.0012317704	-0.0527567958	-0.0284686981	-0.0529044667	-0.1099897184	-0.160288694	-0.039462201	0.040967095	0.0610137487	0.0216538154	0.1682808463	0.0314849585	-0.0451058208	-0.1028216145	0.0780804338	-0.0487501115	-0.0313125503	-0.0251280641	0.0403819265	-0.0725278499	0.0882945355	0.0533891173	0.0650437967	-0.0188517957	0.0374468061	0.075901309	0.1710991784	0.1140492561	-0.0132585704	0.082298978	0.0315705177	-0.023051806	-0.0081122214	0.0717334955	0.0154206413	-0.0326925586	0.1325108141	-0.1043599049	-0.0279388376	-0.0651842232	0.0138112522	0.0245549047	-0.0081260442	-0.1028322175	-0.0099238871	0.095023112	-0.0640165986	0.0199412969	0.0346412983	0.067019095	0.0305971436	-0.1300850497	0.211048187	-0.1335114161	-0.0391972642	0.0386613	0.0314634037	-0.0836460368	-0.0678800746	-0.0078459096	0.0785316931	-0.0987688341	0.0555570233	0.0303205594572233	0.0006801648342076	0.000919336325799	4.626242016926558e-07	0.0502275782858987	0.0614737726690605	0.002522809620466	0.0037790247261673	-0.1354041197742859	-0.0304770437996993	0.0183342756518491	0.0009288501987687	0.0041253807827414	0.000138018715622	1.7018766602612047e-05	1.904916586194656e-08	-0.0006468388205773	-0.0001187145514332	1.409314472198589e-08	4.1840045980583243e-07	-0.0004051680861737	0.0001577812261129	2.4894915313721623e-08	1.6416117805365876e-07
257.49613722706204	-1.3586083228142345	66304.26068685796	1.8458165748201063	436.6516955729281	-2.578432511747621	190664.70324671303	6.648314217637148	250.62971728052096	-0.5226245518363157	0.2731364221821099	62815.25518411387	270.4470055135981	293.06680383073524	1.019433	23.284445	0.086946351822428	0.0533813670420671	0.0321077619	0.0057473159	0.0254186981	0.0101077999	-0.0328578216	-0.016912834	-0.0204683709	-0.0390764652	0.0448665498	0.0200658808	-0.1338346261	-0.0018223672	-0.0082106466	-0.1214452113	0.0403415902	-0.0395180457	-0.0270963322	-0.0417066311	0.121364154	0.0190671911	0.0239923013	-0.0093208742	0.021202479	-0.1598279847	-0.1488345578	0.0495524568	-0.1504491642	-0.0719342531	-0.0056675473	0.1009579031	0.0792929546	0.0101552314	0.0430897351	-0.0642185634	-0.0402713576	-0.0294285313	0.101663119	-0.0635440853	-0.0176487088	0.012218535	0.1135810382	0.0625910548	-0.0022961546	-0.0283296054	0.0039908496	-0.0130003742	0.0117262377	-0.0186271499	-0.060233432	-0.1175788806	-0.0044619587	-0.0337282669	0.0274447146	0.0159804352	-0.0949410111	0.0322285641	-0.1004865115	0.0611871828	-0.0205305416	0.1217283804	-0.07259082	-0.0280664386	0.0225047898	-0.0649972317	-0.0240710751	0.0636520194	-0.0384915106	0.0603971237	-0.0155851071	-0.0035281092	-0.0052396796	-0.0593547951	-0.0345255432	-0.0187010943	-0.0960704297	0.0355862682	0.1074258752	0.0594638173	0.0199855396	-0.0628657637	0.0342814552	0.0798628179	-0.086785905	0.0292653512	-0.1124738756	0.0469038173	0.020802713	0.0497870205	0.1328056123	0.057458748	-0.1598335397	-0.0087916073	0.0239231232	-0.0299533058	-0.1511857551	-0.0419331281	0.0201340922	-0.1091042867	0.1063890892	-0.0225589342	0.0248930459	0.0517734808	-0.1011492284	0.0799965168	0.0566024038	0.0520800355	-0.0758393364	0.031540917	0.0502321959	-0.0693454439	0.0116421132	-0.0239838364	0.0401294192	-0.0463180008	0.0076316215	0.1149567104	0.1185934891	-0.096589549	-0.085916467	-0.110923218	0.052722589	0.033272533	0.0557839627	-0.0153040633	0.0447960802	0.0126367019	-0.002367309	-0.0096060664	-0.0595950409	-0.0334766919	-0.0540842119	-0.0759113563	-0.0217228358	-0.0172707378	0.0395685467	0.091017582	0.0542789783	0.0529002249	-0.0346840172	0.0225554064	-0.0140398023	0.0397353027	-0.1282524162	-0.1794563722	0.0160804377	-0.1050116969	0.0043188481	-0.069025124	-0.0047106451	0.0755281812	-0.0995561965	0.0619093949	0.0255936899175708	-0.0047268695396525	0.0006550369635967	2.234329564489465e-05	0.0663083919088904	0.0160808136229917	0.004396802837543	0.0002585925667773	-0.0874334984554821	0.0479706213188038	0.0076446166521647	0.002301180509712	0.0039619242548682	-0.0001634565278732	1.569684380131294e-05	2.6718036504362277e-08	-0.000527145802224	0.0001196930183532	1.4326418642523393e-08	2.7788269680238455e-07	-0.0003249566855806	8.021140059309999e-05	6.4338687851067606e-09	1.0559684750352893e-07
257.34004700478664	-0.1560902222753952	66223.8997924258	0.0243641574899823	436.6226672054677	-0.0290283674603983	190639.35351761655	0.0008426461174159	250.45694641783868	-0.1727708626822846	0.0298497709919808	62728.68200894812	270.1801288412277	292.7977236140574	0.925679	21.143044	0.0749759168444818	0.0567014781354632	-0.0339088816	-0.0334938621	-0.0202329214	-0.0366907895	0.0334854592	0.0497827071	0.0158558138	0.0296568214	0.0591522239	-0.0629386768	-0.0605746807	0.0337007904	0.0022930279	0.0079038653	-0.0117622602	-0.01000769	0.0074863289	0.0432347459	0.0877023834	-0.038770061	-0.0071762487	0.0567262268	-0.0737648884	-0.0433960706	0.1571520447	0.062208101	-0.1570071568	-0.0507005552	-0.0715114072	0.097712477	0.0384414543	0.0722442515	0.0542158019	0.0352142498	0.0026889276	-0.1440820199	0.0421942226	-0.0733317236	0.0423311564	-0.0349104581	-0.1089943662	0.0345784992	0.0588751566	0.0063455699	0.0823450354	-0.0065823419	-0.0292172668	0.0227109663	0.0278193599	0.0518383315	-0.1023959669	0.0002420165	0.1865414497	-0.0031618408	0.031629059	-0.0389985672	0.0110559298	-0.0341666757	-0.0059624769	-0.0248270032	0.0923391419	0.0341429522	0.0115141836	-0.0800047775	-0.1152810504	0.0020557479	-0.0159101272	0.0138551918	-0.0073005025	0.0385499737	0.0023946389	0.0409909707	-0.0249690177	0.0547195489	0.0023903748	-0.0045025691	0.0971412443	-0.0497277986	0.0692093712	0.0154485339	0.0018850397	-0.1031681469	-0.0884691036	0.1199927022	0.1019837759	0.0024694029	-0.1577913691	0.0136228578	0.0702301036	0.0748776513	-0.12422107	0.0507840194	-0.0021881373	-0.0640943448	0.0263020149	-0.012681605	-0.0149466487	0.0619204161	0.0644559248	-0.1868347177	-0.0779512037	-0.0092522685	-0.0398757188	0.1206111213	0.0235208642	0.0101468872	0.105545612	-0.0094177072	-0.0013445847	-0.0027024328	0.0561443606	-0.0777369766	-0.01855241	-0.0227269906	-0.0498998193	-0.0147257823	0.0113717682	-0.1279909935	0.1209584197	-0.0920896841	-0.0558288523	-0.0532228064	-0.0296924786	0.036773204	-0.0080932184	-0.008500468	-0.0112907386	-0.0636151813	0.0363430413	-0.0595416265	-0.0148344038	0.1106941872	-0.0598494532	0.0458745686	-0.0289051873	-0.0650803984	0.0896033468	0.0772460183	-0.0569184731	-0.0066931638	0.0389555594	0.1158171166	-0.0202299332	-0.0346145835	0.0529775304	-0.0413006946	-0.0978383461	-0.0701531426	-0.0015707317	0.0723569779	-0.099950656	0.0678800746	0.0269152252404296	0.0013215353228588	0.000724429349743	1.746455609563515e-06	0.0133141530985199	-0.0529942388103705	0.0001772666727308	0.0028083893470905	-0.0839819312188296	0.0034515672366524	0.0070529647712442	1.1913316389132918e-05	0.0037379546423027	-0.0002239696125654	1.3972304907912306e-05	5.016238735274005e-08	-0.0005268845915142	2.6121070980007505e-07	6.823103491425902e-14	2.7760737277508534e-07	-0.0002050159993639	0.0001199406862166	1.4385768210132888e-08	4.203155999517864e-08
256.9784819395107	-0.3615650652759541	66037.94017993542	0.1307292964280049	433.7943648649066	-2.8283023405610948	188177.5509885477	7.999294129623367	250.01150670636133	-0.4454397114773485	0.1984165365610234	62505.75348558496	269.762823786253	289.26161676616016	0.933769	21.327824	0.092964555073438	0.0792095511506169	0.0108675465	-0.0358730223	0.0064863371	-0.1148381076	-0.0661921394	0.0022332711	0.0736491511	0.065636039	-0.0567015481	-0.076648723	-0.0030955176	-0.0357117473	-0.0185028699	-0.0135129011	-0.0853432673	-0.0879352961	-0.0336478945	-0.0399680453	0.1013978102	-0.0848872427	-0.0108468301	0.0649239274	-0.0503349303	-0.0389497537	0.0101337356	-0.0192930432	0.0766825358	-0.0729093427	-0.0122233365	-0.0115920995	-0.0017527848	0.0870008319	-0.1212281819	-0.0991842363	-0.0097139608	-0.0359873405	-0.0576380751	-0.1258543885	0.0235407024	-0.0117582788	0.0190452641	-0.0332676088	0.0758479619	-0.0160880385	0.0454034914	-0.0033389814	0.1620801047	0.00036701	-0.0482392937	-5.22331e-05	0.0186185642	-0.0341677556	0.0416635826	-0.1035741311	-0.0860179207	-0.010663902	-0.0652322939	-0.1329602392	0.0251397513	-0.0531359478	-0.0244419344	0.0392300834	0.1069524228	0.0287541552	-0.0746702275	-0.1339180476	0.0827749603	-0.1023295525	0.0273873097	-0.0412754814	-0.0116051629	-0.0427511805	-0.0315716621	0.053467398	0.0480382601	0.079122594	0.0824889155	0.0786636529	-0.0061920053	-0.0054351514	-0.0471845667	0.054548286	-0.059470172	0.0332350202	-0.0582083759	-0.1112106755	-0.0712974109	-0.0167556522	0.0506326407	-0.0403430635	-0.0008730324	0.039204489	0.1105009225	0.1316358422	0.0662760695	-0.0794159549	0.0409132128	-0.012509914	0.0987365952	0.0265382856	0.0267463955	0.0564304707	0.0505370236	-0.0197353046	-0.0333383606	-0.0640925583	0.0413698703	-0.0223015553	-0.0987833819	-0.0076823538	0.1265858124	0.0325146755	-0.0683632674	-0.0299225222	0.1450406489	0.0157242029	0.0905199804	0.015783162	0.0572510549	0.0720422273	-0.1480393038	0.1169250256	0.1501094647	-0.0311393169	0.0076938814	-0.0770423578	-0.046434454	-0.0292900912	0.0148353846	-0.095445087	0.0124288661	-0.0091864468	-0.0550772015	0.0395232168	0.0831695207	0.1218972269	0.0126057469	-0.0365747851	0.0429975841	-0.0253431443	-0.0804226054	0.0346072478	0.0492645872	-0.0446608829	0.0421176556	0.0386181085	0.0119009654	-0.0712638519	0.0015707317	0.069025124	-0.099950656	0.0734322509	0.0276782947045717	0.000763069464142	0.0007660879977531	5.822750071061084e-07	0.0929946175627094	0.0796804644641895	0.0086479988956345	0.0063489764172289	-0.0779613892156732	0.0060205420031564	0.0060779782084376	3.624692601177059e-05	0.0036259593597513	-0.0001119952825513	1.3147581278568058e-05	1.2542943313767912e-08	-0.0005268405920177	4.39994964999144e-08	1.935955692245979e-15	2.7756100939756064e-07	-0.0001870456985728	1.79703007911e-05	3.2293171052260926e-10	3.4986093354586765e-08
257.8979086847904	0.9194267452797362	66511.3313039885	0.845345539935689	436.34847467401056	2.554109809103977	190399.9913503356	6.523476916961155	250.31955739288213	0.3080506865208008	0.0948952254659366	62659.880813368414	270.0049497727299	291.9880939084067	0.928572	21.209116	0.1108892188011578	0.0898668874170069	-0.0009060869	0.0185825924	-0.0092891564	-0.0643540481	0.018801311	0.0174528636	0.0023853884	0.0605794551	0.0416469914	0.0252557923	0.0188598296	0.0176270995	-0.0471191879	0.0161662324	-0.0199282756	-0.0137486716	0.0720527483	-0.0655408147	-0.0456534777	0.0343481178	0.0223255379	0.02003481	0.072149157	0.0003857336	0.0383537434	-0.0106905164	-0.0126680023	-0.0538055664	-0.1248819875	-0.0380581464	0.1952559717	0.0904445495	-0.0147567951	0.0394913162	0.0524024396	0.086431191	-0.0054471497	0.0378689012	0.0525193822	-0.1158131936	-0.0311908018	0.0221982892	0.0361105492	-0.14681829	0.0027039465	0.0665039527	0.0732260215	-0.0486575207	0.0386912763	0.0306442842	0.0933807101	0.103263971	-0.0523095418	-0.0343987183	-0.0568942417	-0.0718060728	0.01086831	-0.0345354045	0.0413027547	0.0820605353	-0.0204277386	-0.0316135264	0.0680839934	0.0074701308	0.0575608932	0.0740638518	-0.1579484242	0.0123383169	-0.056963229	0.0251184412	-0.0470498579	0.0230457212	-0.007839341	-0.0187434717	0.0466368543	-0.1012157004	-0.0145721086	0.0129437984	-0.0667660724	-0.01061691	0.0389430142	0.0034183514	0.0008788248	0.0051906448	-0.0002666553	0.0199115127	-0.0079675949	-0.0196407306	0.0915712059	0.0022015868	-0.0984808348	0.0167085817	0.0500265626	0.0090109687	0.0644034033	-0.0673542796	0.1060437296	0.0289289627	-0.2194166584	-0.0711856225	0.0488041067	0.0304250269	0.0653776117	0.0365237879	-0.0442541676	-0.0547632995	-0.0152292503	0.0646139343	0.08317323	-0.0653911782	0.0378349921	-0.0385026672	0.174660855	0.0875139009	-0.0112089493	0.0176563871	-0.0416483887	-0.0268056411	-0.0506863018	0.0828649204	-0.0718183374	-0.0868095989	-0.1870630278	0.0184041495	0.0367018378	-0.0411803366	0.119865301	-0.0037461912	-0.0176316615	-0.03687114	-0.0534181899	0.0120928895	-0.0629370174	-0.0066770341	0.0699184952	-0.1432589438	0.0300437292	-0.0295351852	0.1096989087	-0.0481147661	-0.0714654607	0.0651717316	-0.0718078093	-0.0447168962	-0.0006606288	0.0729078436	-0.0769525279	-0.0723569779	0.0047106451	0.0655400171	-0.0995561965	0.0785316931	0.0266292371012326	-0.0010490576033391	0.0007091162685936	1.1005218551235765e-06	0.0069929890495217	-0.0860016285131877	4.890189584673041e-05	0.0073962801069203	-0.0779432208198471	1.8168395826093087e-05	0.0060751456717714	3.3009060689359665e-10	0.0033329066888522	-0.000293052670899	1.1108266996595735e-05	8.587986792109619e-08	-0.0005271185087365	-2.7791671879996184e-07	7.723770258853708e-14	2.778539222525917e-07	-0.000370122396731	-0.0001830766981582	3.3517077408508674e-08	1.3699058856189977e-07
257.86739750227474	-0.0305111825156814	66495.59469459616	0.0009309322585052	435.484788958946	-0.8636857150645483	189647.00141461776	0.74595301440656	250.4868746443537	0.1673172514715588	0.0279950626399968	62743.67436909616	270.2736948212996	291.5530707235227	0.8951369999999998	20.445448	0.1220815225367768	0.0788765660554901	-0.0173310852	0.043570798	-0.050620008	-0.0044576297	0.0093327096	-0.0131689326	-0.0252425041	0.0318536648	-0.0525164577	-0.0198560384	-0.0546294517	0.001297892	-0.0307960375	0.0055014046	0.0543067323	-0.0422387823	-0.1066256101	-0.0557031595	0.0309519498	0.0006271385	0.03681778	-0.1203702799	-0.0343968841	-0.0798106133	-0.0729726101	0.0473506381	0.0904852883	-0.0686058164	-0.032889884	-0.0585795986	0.0312583595	0.1271499425	0.1037302655	0.0561137488	-0.0078523757	-0.0510155939	-0.0976289694	0.0115909198	0.0774678499	-0.0161047296	-0.1117116321	-0.066145929	0.0533259141	-0.0211231417	-0.1074064928	-0.0606477004	0.0569478021	-0.0962116901	0.0043502483	0.0422178092	0.0139250688	0.0736741069	-0.0757028409	0.1027957418	0.0411529622	-0.0519661415	-0.0103266179	0.0893058776	-0.0239082241	-0.051099942	0.0468461742	-0.0467053963	0.0900686816	-0.0173941943	-0.0131190615	-0.058904215	-0.054092302	0.0836777143	0.0606049315	0.0008208412	-0.0244770272	-0.0327302487	0.0498847414	-0.047784137	-0.003110109	0.1167656383	0.0261566189	0.0559904941	-0.0512849973	0.0496306767	-0.0199660377	0.0689044913	-0.1374037183	0.0780947788	-0.0197269522	0.0086402798	0.0832997944	0.0011566506	-0.0351022888	0.0432741717	-0.0384655466	-0.0623718733	0.0428663469	-0.0426613185	0.0820426035	0.0551707018	-0.0154912452	0.0051610413	-0.0757529902	0.0174505062	0.1618412757	-0.0350645536	0.032756386	0.1106490546	-0.109056015	0.0297627583	0.0673485441	-0.0336561549	-0.0034118955	-0.0413420454	-0.0987252471	0.0413625697	0.0016392919	0.0125518831	-0.0328998329	-0.0365026086	-0.0722998963	0.0861578666	-0.0551221913	-0.0992969499	-0.0340328656	0.0642040182	-0.0352362425	0.0002984198	-0.0338727749	0.0173595561	-0.0609767495	-0.0452839485	-0.0056274507	0.0024717216	0.0383382305	-0.0748232298	-0.1463347615	-0.0357337582	0.0531217904	0.0378378257	0.0476299303	0.1119423747	-0.1204791568	-0.001194627	-0.0774813737	-0.0190173225	-0.0404840598	-0.0952097732	-0.080415789	-0.0691842913	-0.0018254342	-0.0734322509	0.0078459096	0.0619093949	-0.0987688341	0.0831469612	0.0290034321262595	0.0023741950250268	0.0008411990751025	5.636802016862482e-06	0.06863762219254	0.0616446331430182	0.0047111231802458	0.0038000607953373	-0.1165995937012738	-0.0386563728814267	0.0135954652513021	0.0014943151643479	0.0036769253004792	0.0003440186116269	1.3519779665304054e-05	1.1834880514576844e-07	-0.0005271011432421	1.7365494399987184e-08	3.015603957559862e-16	2.778356152071289e-07	-0.0003260319441063	4.409045262470003e-05	1.9439680126509173e-09	1.0629682857773353e-07
257.10025319999926	-0.7671443022754829	66100.54019550372	0.5885103805137375	432.9651453253928	-2.519643633553187	187458.81706663853	6.348604040105108	250.3420474332576	-0.1448272110960999	0.0209749210738743	62671.140713075394	269.8599275136765	291.7819665735755	0.9911	22.637312	0.0604090341310474	0.0383324531546796	0.0258390456	-0.0874046696	0.0434161638	-0.0878049902	-0.0829260409	-0.007888247	0.0933796649	0.0222999543	0.0114495509	-0.056643006	-0.0673235709	-0.0137016605	-0.0433004243	-0.046711209	0.0229701006	-0.0257878073	0.0023595561	-0.0064955952	0.0568692736	-0.1058960696	0.0356790698	0.0797516029	-0.0888447925	0.0118786502	-0.006832315	0.0273207402	0.0557170933	-0.0333417625	0.0263166733	-0.0246508631	-0.1374379743	0.0374377063	0.0767438573	-0.0073644192	-0.0513076063	0.0438187283	-0.0207118524	-0.0320035171	0.0045307006	-0.0410035388	0.0049879567	0.0712182748	0.0968177086	-0.030508594	-0.0050348845	0.106292525	-0.0071027396	0.0226636207	-0.0162823043	-0.0815176773	-0.0608798055	0.0842400626	0.10599156	0.095418981	-0.119482163	0.0251785377	0.0140055582	0.0080415347	0.0344415552	0.1185733748	0.0123314078	-0.0001561903	0.0427370726	-0.0118731004	-0.0105420553	0.040791977	-0.0109797771	0.0128090084	-0.0070972197	-0.0187559941	-0.0411890974	-0.0014717154	-0.047069287	0.0917606351	-0.0554374803	0.0039249561	0.0802292745	0.0193561558	-0.0124892197	-0.03174528	-0.0644610144	-0.1055889874	-0.0063551055	0.1351607615	-0.0365446794	-0.0134089349	-0.0372212907	-0.0073071653	0.0153748957	0.0653406653	-0.0342605839	-0.0237977537	0.0521090233	0.0443803243	-0.02164547	0.1487988041	0.0326093174	0.0102889511	0.0499006361	0.0407903941	0.1204936743	-0.0105083394	0.0547807632	0.0140146826	-0.0337523451	-0.0231766229	0.0810569432	-0.0232295188	0.0802894833	0.0140033386	-0.0208094365	-0.047734208	0.0549494095	-0.1084102179	0.0390893049	0.1525134362	0.0579297039	0.0058851489	0.0089671607	-0.0063420925	0.0067850436	-0.014472359	-0.1010258574	-0.0307648682	0.010202579	-0.0534998544	0.0081610936	0.0156471646	-0.0436481161	-0.0295729604	-0.154681672	0.1121076683	-0.008941748	-0.0023864869	0.0922065419	-0.0194616934	0.1459397164	0.1475805405	0.0150024006	0.0352542934	0.0364326844	-0.0485885673	-0.0132638954	-0.0271905166	-0.0270022972	-0.029145534	-0.0607639163	-0.0744894057	0.0109734311	0.0581413184	-0.0975916762	0.0872496007	0.02637603996925	-0.0026273921570094	0.0006956954844594	6.903189546715025e-06	0.0722497291957324	0.0036121070031924	0.0052200233688566	1.3047317002511638e-05	-0.0899612193918883	0.0266383743093855	0.0080930209944754	0.0007096029858469	0.0032464535047162	-0.0004304717957629	1.0539460358284098e-05	1.8530596694742177e-07	-0.0005268360448817	2.650983604000641e-07	7.027714068680225e-14	2.7755621818659257e-07	-0.0002061456250005	0.0001198863191057	1.43727295087377e-08	4.2496018706846776e-08
256.9471210160896	-0.1531321839096335	66021.822998457	0.0234494657489338	434.2056479721927	1.2405026467998823	188534.54473095172	1.5388468167175136	249.8468755752928	-0.4951718579647775	0.2451951689202897	62423.46123473585	269.4968906757469	288.35990200007603	1.111259	25.381809	0.1283223818454139	0.0881411253409923	-0.0234788886	0.1016105141	0.0206822642	-0.0985928709	0.0427510668	-0.0935304365	-0.0222716371	0.0974315434	-0.0409390466	-0.1106678722	-0.0576689265	-0.0824547279	-0.0197995477	0.006044196	-0.037017594	-0.0282068855	-0.0478153557	0.1434873672	-0.0470774288	-0.0369835502	-0.0111118962	-0.1803340121	-0.0321652444	0.0271335177	-0.0510437779	0.1193198342	0.0439528739	0.0469204858	0.0956110711	0.0161572918	-0.0271742797	-0.0120234715	0.0299250966	-0.0989131963	0.0175777216	0.0425744708	0.0331259384	0.077668442	-0.0243261921	0.0567897253	0.0157054337	0.0388694946	0.0262579646	0.0601351873	-0.0082497451	0.0200511421	0.0188389317	0.1759407836	0.088636917	0.0092665726	0.0666698915	-0.0520538818	0.0540153776	0.0144587087	0.004369805	0.0242631722	0.0845597264	-0.0350587034	-0.0689308765	0.0683905474	-0.0003104683	-0.020723745	-0.0458888952	0.0399238817	-0.0581945436	-0.0037365015	-0.0516697184	-0.0180978483	0.0357691949	-0.0807033197	-0.0285924238	0.030052882	-0.0049794415	-0.0832973578	0.0678782696	0.1003491046	0.0416402781	-0.0264370759	0.1323390223	0.1198422742	-0.1192806693	-0.001267113	-0.0970723592	-0.0704810548	-0.0055608014	-0.0348729158	0.0962996386	-0.0364982356	-0.1312306021	0.0298149908	-0.0001040545	0.042320542	0.0545103716	-0.0664852609	-0.0448061663	0.053169718	-0.0450765062	-0.0495140835	-0.0026254481	0.0562676074	-0.0570190762	-0.0210423353	-0.0801795611	-0.0675681573	0.0763833128	-0.0350575957	0.0561689164	-0.0230256066	0.038822575	0.0287897803	0.0102702789	0.0629941933	-0.0612095495	0.1085917458	-0.0456989704	0.0196169952	0.0484307186	-0.0284276987	0.0492226795	0.0304769129	-0.0145814774	-0.0694069779	-0.0434030446	-0.072515687	-0.032969416	-0.0506658722	-0.0073454817	-0.0839089239	0.0680356774	-0.0885260326	0.2117426755	0.0219911337	-0.0252579506	0.0310548657	0.024113433	0.0896172943	0.1056394896	0.0221661592	-0.0340378922	0.0452576589	-0.0279072078	0.0781025247	0.0289811286	0.0317337175	0.1159574703	-0.006095967	-0.0304815188	-0.0755281812	0.0140901232	0.0542441537	-0.0960293686	0.0908143174	0.0350882335417424	0.0087121935724923	0.0012311841330798	7.590231684457784e-05	0.1465551970846093	0.0743054678888768	0.0214784257925086	0.0055213025581849	-0.0848672581029887	0.0050939612888995	0.0072024514979193	2.59484416128076e-05	0.0039669451074588	0.0007204916027425	1.573665348559131e-05	5.191081496226004e-07	-0.0006094140570702	-8.257801218850003e-05	6.819128097004059e-09	3.71385492954761e-07	-0.0002072911919723	-1.1455669717999977e-06	1.312323686879016e-12	4.296963826929693e-08
256.79757502557004	-0.1495459905195844	65944.99453901328	0.0223640032804836	432.1640142912276	-2.0416336809651057	186765.7352483084	4.168268087251127	250.26301035296484	0.4161347776720276	0.1731681531881479	62631.57435092819	270.0011330596488	290.8840539693442	1.210642	27.651775	0.1912935942891112	0.1473462877958754	0.1220992823	-0.0983753754	-0.0106893326	-0.1294797013	-0.1343927158	-0.006125138	0.050285201	0.0591752749	0.085446509	-0.0585262897	0.0299958129	0.0201390953	-0.0471428682	-0.0542222117	-0.0614341481	-0.0138592386	-0.0039365569	-0.0574978588	-0.0022377971	-0.112365865	-0.0778171352	-0.0405841402	-0.0292831809	-0.0876430478	0.0293245158	0.0199833728	0.0651190921	0.1447634931	-0.0044322992	-0.1127017572	-0.0467361004	-0.0121858965	0.0330668909	0.0779804956	0.0568503646	0.0583280187	0.0857492797	0.0994129407	-0.0548177287	-0.1363506549	-0.1275897472	-0.152398276	-0.1000866039	-0.0752409776	-0.0338476577	0.0299371688	0.1221262247	-0.121031769	-0.0351328247	-0.0257793074	-0.0623817624	-0.0116591939	-0.0583433199	0.0697021315	0.1491672323	-0.1122276244	-0.0819372964	0.0198779359	-0.0126391368	0.0336040469	-0.0828014444	-0.0102689214	0.1008434092	0.0493285954	0.0603443124	-0.0484351526	0.1954324286	0.0713207255	-0.0876524573	0.0184760128	-0.041705907	-0.0845432172	-0.0738077098	0.1014569588	0.0190292682	-0.0300984334	0.0481520355	-0.0526303526	-0.0113833748	-0.1148460312	-0.1233020106	-0.094998311	-0.0305487768	-0.0316250071	-0.00343408	0.0348465281	0.0275070585	-0.0205085228	-0.0898991649	0.0822568581	0.1405685964	-0.0453104272	-0.0914645854	-0.136894556	0.0903440219	0.0310688512	0.0318744822	0.0540183158	-0.0677855299	-0.0478341906	-0.0238241103	-0.0774144312	0.0733145195	0.0661769546	-0.1906771078	-0.0451101205	-0.0633772996	-0.0369959897	-0.0106038443	-0.0729746568	0.0876947206	-0.022051642	0.0420112366	-0.0002002907	0.0291551144	0.0278340699	0.0497318026	0.1296213262	-0.1523895792	-0.111668716	0.0606203285	-0.0357847922	-0.0726489744	0.0144067935	0.0836652311	-0.1271811127	-0.0769857672	-0.008161314	0.0559339253	-0.0688936636	-0.1473654837	0.0347355118	0.0436084459	0.0230940346	-0.0340802972	-0.0703746678	-0.0107763326	0.0617442371	0.032304676	0.0002041997	0.0094661804	-0.0369909879	0.0284276346	0.0589556376	0.0957969874	-0.0686540583	0.0861990112	-0.0765483213	0.01719291	0.0502265533	-0.0940880769	0.0938191336	0.031867364470699	-0.0032208690710433	0.0010155289183083	1.037399757280394e-05	0.0043118922029634	-0.1422433048816458	1.859241436997656e-05	0.0202331577836528	-0.0566338854520367	0.028233372650952	0.0032073969813944	0.0007971233312475	0.0037749755640067	-0.000191969543452	1.4250440508847704e-05	3.6852305613207675e-08	-0.0005267472547523	8.266680231789995e-05	6.833800205466749e-09	2.774626703890845e-07	-0.0001300065840329	7.72846079394e-05	5.972910624346769e-09	1.690171189190349e-08
256.8650639454851	0.0674889199150357	65979.66107571813	0.0045547543112981	435.45879957649146	3.294785285263856	189624.36612859892	10.85561007599123	250.04301302048825	-0.2199973324765949	0.0483988262968174	62521.50836036405	269.7212716851022	289.1586597414532	1.317113	30.083618	0.0978663096005317	0.0731397986239048	-0.1617201198	0.0580881053	-0.0139764781	-0.1521458828	0.1234698883	0.0003013051	0.0774888085	0.145420226	-0.033772141	-0.0861197665	-0.0601431686	-0.0325974986	-0.0512903341	0.0863971766	0.0080463639	-0.0066825125	0.0947127494	0.0936448973	-0.0244040475	-0.0841608103	-0.0401659548	-0.1750749098	0.0419389859	-0.0161598731	-0.0299107799	0.0570658647	-0.078337665	0.0100143811	-0.0290062559	-0.0088135543	0.0436161674	-0.1122421252	-0.0900674232	-0.0361051476	0.0810193673	0.0584218033	0.0812067437	-0.0310021401	-0.0438199538	-0.0166523699	-0.0080285388	-0.0522485282	0.0360660463	-0.0249536975	-0.0050363071	-0.0067872411	-0.0916833386	-0.076485757	0.0181551558	0.1404049429	0.0255233992	-0.1379696316	-0.02773169	-0.0125626577	-0.0735982992	-0.0110140125	-0.0566683482	-0.034627373	0.046902157	-0.1678215231	-0.0049781597	-0.0833849343	0.0100790005	-0.0219333881	0.072522988	-0.0624389008	-0.0325635635	-0.0344373107	-0.1003755001	-0.0199118588	-0.0653483204	0.1493095794	0.0036674169	-0.040547888	0.0752432971	0.055531177	0.0712890689	-0.0030348215	0.1108618818	0.0606028071	-0.1068337569	0.1215204085	0.0647096382	-0.186362208	-0.0062202673	0.0061657486	0.0799184675	0.0445245656	0.0724590544	0.1177378353	-0.0086620031	0.0406695159	0.0286648873	-0.068465685	-0.0316700393	-0.0785112943	-0.0045017835	0.076996011	0.0056462707	-0.048063578	-0.0914673598	0.025558508	0.0061785614	0.0246502106	0.0042168558	0.0036389522	-0.0152487724	-0.038610231	0.0687211634	-0.018318817	-0.036598287	0.0577403295	0.037441858	0.0435511853	0.0775787415	-0.0965211546	-0.1167109932	-0.0433027283	0.0557971724	-0.0083207159	-0.0441012136	-0.0930737432	0.0227567601	-0.0097511708	-0.065401401	-0.0903049846	0.1173160875	-0.0762080347	-0.0015947075	-0.1097377469	0.1579370068	0.1023028445	-0.0379512274	0.0552668241	0.0076515333	-0.0679644994	0.0202509796	0.0234145655	-0.1293224119	0.0083104273	-0.0751344281	-0.0875253772	-0.0358703343	-0.0098034418	-0.0647348537	0.0262365723	0.0400623724	-0.0775495743	0.0202787295	0.0460974375	-0.0917754626	0.0962455236	0.0320416097297595	0.0001742452590604	0.0010266647540742	3.0361410305060314e-08	0.0769056780343362	0.0725937858313728	0.0059144833139209	0.0052698577413312	-0.0712240363215102	-0.0145901508694734	0.0050728633499278	0.0002128725023939	0.0036299597154694	-0.0001450158485372	1.317660753593069e-05	2.1029596326993126e-08	-0.0005268558865789	-1.0863182660001121e-07	1.1800873750454898e-14	2.775771252228388e-07	-0.0001950446564815	-6.50380724486e-05	4.2299508678293435e-09	3.804241802198634e-08
256.3863741887852	-0.4786897566998505	65733.9728696718	0.229143883169362	432.7180423629418	-2.7407572135496707	187244.90418641668	7.511750103624555	249.97820726393184	-0.0648057565564101	0.0041997860828487	62489.10410688927	269.7627974249038	289.2511973560539	1.344478	30.708672	0.1184044302715459	0.086402245934749	0.1392465491	-0.0652657981	-0.037139467	-0.1761300479	-0.1699984236	-0.0057503317	0.031062962	0.1357641871	0.0787426268	-0.0726817178	-0.0344599951	0.0237102033	-0.0148505918	-0.0437463376	-0.1373562928	-0.0196752005	-0.0764117522	-0.04091252	-0.0327890099	0.0152688556	-0.0478376549	-0.0026461946	0.0151028989	-0.0082062107	-0.1629786839	-0.0587607554	0.0456035173	-0.0550518407	-0.1128381617	-0.0119094757	-0.0479412697	-0.0138089432	0.003424385	0.0083822251	0.0353776408	-0.1502382282	-0.0251304554	0.0271147418	-0.1564697045	-0.0508818762	0.0072250278	-0.0954869211	-0.0508236161	-0.0238997149	0.0110180074	-0.0020389795	-0.0462436963	-0.0144641554	-0.0477429378	0.0195632433	0.0133785963	-0.0391959839	-0.0577111652	-0.0062456833	-0.0331617577	0.1219620393	0.0181024263	-0.0449354808	0.0444126021	0.0566840191	0.0373139806	0.0310301035	-0.1693407845	-0.0149771086	-0.0825107616	-0.0628402685	0.1121192141	0.11441677	0.0525859568	0.0104304887	-0.0120198024	-0.189953149	-0.0747995825	0.0283675375	0.1128800752	0.0499536537	0.0266260528	0.0660430965	0.0099113667	-0.0296346736	-0.054113016	0.0340940637	0.0518433742	0.0545909438	0.0002971768	-0.0161750661	0.1530580216	0.0231144501	0.0647897569	0.0057768573	-0.0382336264	-0.1220182783	-0.0628048564	0.0746459688	0.0434222765	-0.0232744716	-0.0264763318	-0.0684313091	0.047410069	-0.1087902921	-0.0197064695	0.1188251471	0.0640541488	-0.0252212415	-0.0556335309	0.0976034031	-0.1286794078	0.0315584057	-0.0155222106	0.1222813876	-0.0150372606	0.0358172931	0.0542467267	0.0378037159	0.0253517905	-0.0923792124	0.0353205804	0.0939569402	0.0871902623	-0.068324231	-0.062308535	0.0402624031	0.0996849615	0.0282111533	0.1043948212	-0.1002101795	-0.1247951077	-0.0612646738	0.0767947069	-0.1258512634	-0.0879461683	-0.0263908409	-0.016314734	-0.0448298845	0.0511002695	-0.0225399134	-0.0076765557	-0.055901069	-0.0467873343	-0.0597702214	-0.0010760876	0.0248160776	0.0722451604	-0.0550209724	-0.0408479332	-0.0329123239	0.034776866	-0.0785316931	0.0233445364	0.0418659738	-0.0891006524	0.098078528	0.0343961624777193	0.0023545527479598	0.0011830959931936	5.543918642925051e-06	-0.0088634128543532	-0.0857690908886894	7.856008742671355e-05	0.0073563369518722	-0.0850032300505319	-0.0137791937290217	0.0072255491190236	0.0001898661798219	0.0039149508221038	0.0002849911066344	1.5326839939491222e-05	8.121993086070004e-08	-0.0005269721009395	-1.162143606000003e-07	1.3505777609666898e-14	2.776995951685906e-07	-0.000239969193604	-4.492453712249999e-05	2.0182140356708804e-09	5.758521387895403e-08
257.54135477428326	1.1549805854980375	66327.54941897324	1.33398015287739	436.78856543208775	4.070523069145963	190784.2508922212	16.569158056449474	250.4907164856757	0.5125092217438691	0.2626657023725064	62745.599045507166	270.2059157542009	288.6278667176804	1.284043	29.328281	0.0676289087901711	0.0499536466056066	-0.0973767841	0.0754217212	-0.0899332752	-0.1022157379	0.1228828324	0.0251006326	0.039668672	0.1085631289	-0.0721519541	-0.0498894579	0.0359132045	0.0457665708	-0.0672873945	0.0526290475	0.0174600082	0.0042443008	0.0503756132	-0.0854136453	-0.0192482858	0.083527062	-0.0001724769	-0.0887568196	0.0674687784	0.174109259	-0.0244408136	0.0131095556	-0.0197912946	-0.0334368151	-0.114052897	-0.0648122399	-0.1213701161	-0.035351567	-0.0148880013	-0.1216511926	0.0007558596	-0.0657628988	-0.0060441864	-8.89563e-05	-0.1222753573	-0.0081269625	0.0319148459	0.0258071416	0.02202774	-0.1430317989	-0.068307879	-0.0291343319	-0.1189915101	0.02250741	-0.0432792807	-0.0048424324	0.0635486896	0.0640451002	-0.0022668315	-0.0957421231	0.0543262318	0.0174133015	-0.0989308156	0.0984917304	-0.0516242434	-0.003478131	-0.0077026735	-0.1109795971	0.0173553315	0.0042961295	-0.0509142498	0.1032569184	-0.1808975088	0.0057000179	-0.0968793818	0.0548879063	-0.069210741	0.0956820976	0.0317188706	-0.0676038265	0.0507120113	0.0151606961	-0.0380096348	0.0649192526	-0.0779172035	-0.0885129185	-0.0297376343	0.0742785825	0.0662855208	-0.0334850819	0.0983158343	-0.0844615624	0.1257371896	-0.0191052973	0.0435559409	0.0919616228	0.054457628	0.0174513527	0.0458544724	0.0703152006	-0.0154532812	0.0830376559	0.0169710392	-0.0550601266	0.0084112966	0.0728698416	-0.047260897	0.0534957342	-0.0393666034	-0.0779351239	0.0409673374	0.0945893781	0.0091323101	0.0913352547	0.0560928523	0.1379937694	0.0320100894	-0.1264233401	-0.0168974677	0.0850852986	-0.0737730884	-0.0390123534	-0.1230722746	-0.133509015	0.0202734144	0.0575856095	0.0295665572	-0.1003858183	0.0127919987	0.0564993018	-0.0691943488	-0.1619418892	0.0579207895	0.0695595307	-0.0555831621	-0.0945345394	0.0192485024	0.0059049073	-0.0438578999	-0.0439347284	0.0238597346	-0.0794914205	-0.0940598904	-0.1039896103	-0.0384237575	-0.0201281615	0.0767755835	-0.1136323484	0.045575585	0.119058437	-0.0949643308	0.0622401143	-0.0463182278	-0.0794944353	0.026387305	0.0375415571	-0.0860742027	0.0993068457	0.0354768421859716	0.0010806797082522	0.0012586063314883	1.1678686318282723e-06	-0.0099265124126048	-0.0010630995582515	9.853564867759716e-05	1.130180670754745e-06	-0.0610809346944947	0.0239222953560371	0.0037308805831531	0.0005722762151014	0.0031589200713567	-0.0007560307507471	9.978776017220218e-06	5.715824960752241e-07	-0.0005269990417167	-2.6940777199933357e-08	7.25805476136449e-16	2.777279899703201e-07	-0.0003151681854323	-7.51989918283e-05	5.654888371992731e-09	9.933098510868865e-08
257.9250390620875	0.3836842878042148	66525.32577517936	0.1472136327078275	434.5319221153688	-2.2566433167189643	188817.9913372769	5.092439058892368	250.48494472518368	-0.0057717604920242	3.33132191772916e-05	62742.707533978326	270.24275643167084	293.34610388360903	1.207859	27.5882	0.1498743705369322	0.1107719115636326	0.1187341583	-0.0133312021	0.011970773	-0.009163059	-0.1029627531	0.0020306755	-0.0434386698	0.0750521661	0.0085653201	0.0713092569	0.0798435789	-0.0365698269	-0.0706907678	-0.009220576	0.0640706516	-0.0615363986	0.0787792347	0.0537008758	-0.047978102	0.0238772089	-0.0240625801	0.0023645674	-0.0443257462	0.0069475393	0.0164463806	0.0440047037	0.0148811821	-0.0995542541	0.0322868841	-0.0260167339	-0.0216305858	0.030482112	-0.0263304836	0.0046296976	0.0211021663	-0.0383981926	0.0873642776	0.0597960015	-0.0298315112	-0.0179915959	-0.0760736526	0.0672445402	-0.0742028169	0.0505373036	-0.029324677	0.058315149	-0.0427895042	0.0472357804	0.0095325794	-0.0624344114	-0.059720042	-0.1068018636	0.0743808566	0.0630489326	0.1090158722	0.0577672301	-0.0124568283	0.1074981922	-0.0216490578	0.065043632	-0.0111041114	0.0304537345	-0.1100453063	-0.0447775906	-0.0245083796	-0.0084383933	0.0585901606	-0.0469634391	-0.0331207284	-0.034121078	-0.0748069569	-0.087479661	0.0292467483	-0.0042255089	-0.0255772414	-0.1333490041	0.0419911423	-0.053200904	-0.0132209091	0.0367543547	0.0665223758	-0.0203696486	0.0480170054	-0.0217165893	-0.0137085841	-0.0088331224	0.0619845337	0.0298496502	-0.0104231429	0.0489891857	0.0358435979	-0.0281504894	0.0659747637	-0.0104031268	0.0745408001	0.0446695319	-0.0238294406	0.0092551145	0.0155688649	-0.1341181911	0.0262521237	-0.0729207389	-0.0513632817	-0.0818269821	0.0037576619	0.0768640516	-0.0278793855	0.0235102169	0.0461750465	0.0437730472	0.0091247247	-0.0423093024	-0.0318204511	-0.0283369354	-0.0323872207	0.1068618644	-0.0634898715	0.0601306381	0.0106758983	-0.0394267291	0.0693455331	0.0387896389	-0.0070918589	-0.0486053086	0.0318219751	-0.0545227842	0.1108284536	-0.0537788763	0.0757467066	0.048684941	-0.0858724249	-0.0554453701	0.0475424779	-0.0610407415	0.0450402577	-0.0072522105	-0.0691400821	0.0516838529	-0.0130903062	-0.0306430004	0.0295006631	-0.0072753432	0.084329231	-0.0813424772	-0.1071190039	-0.0103113317	0.0790287615	-0.0804375635	0.0294040325	0.0331337888	-0.0827080574	0.0999229036	0.0352492130080719	-0.0002276291778997	0.0012425070176884	5.181504263129416e-08	0.0934712949054841	0.1033978073180889	0.0087368829713079	0.0106911065581886	-0.0778983437050584	-0.0168174090105636	0.0060681519519914	0.0002828252458285	0.0035694582633531	0.0004105381919963	1.2741032293819729e-05	1.6854160708767294e-07	-0.0004518803915813	7.511865013539999e-05	5.642811598164629e-09	2.04195888295669e-07	-0.0002121945269565	0.0001029736584758	1.0603574339890698e-08	4.50265172702928e-08
257.7113739893455	-0.2136650727420033	66415.15228347629	0.0456527633098455	438.6600109486098	4.128088833241009	192422.6052054345	17.04111741512911	250.7048023726817	0.2198576474980313	0.0483373851633686	62852.89793272539	270.65881659595914	293.71215970777644	1.186529	27.101006	0.0864504223933299	0.0712646187856271	-0.1410849319	-0.0320315738	-0.0002462355	-0.0267056606	0.0984621235	0.0642394992	0.0320329151	0.05225864	-0.0446020734	0.018685384	-0.1003698046	0.0140107124	-0.0255219689	0.0233883333	0.0755973649	0.0409891014	0.0160946006	0.0935094375	0.0243633698	-0.0218122254	-0.0861543258	-0.0082052983	-0.0141040197	0.0575669896	0.1041487305	0.0283459522	-0.0189596886	0.0499609272	-0.0164305245	-0.0842688997	-0.0147004169	0.0268278247	0.0325468007	-0.0515224452	0.0266325699	-0.0379892276	0.0449674371	-0.0839081091	-0.1141225295	-0.1588055654	0.0124736213	-0.0463000342	-0.0515803984	0.1119131863	0.118232819	-0.1098919902	0.0670141755	-0.0741753348	-0.0738477384	-0.0029263377	-0.1066102367	-0.0080397213	-0.0394130418	0.0110707982	0.109773222	0.0283056558	-0.0290285302	-0.0549527774	0.0399424544	-0.0513762184	-0.0732696243	-0.0180067564	-0.0242302494	0.014542708	-0.002038592	-0.0170785451	0.0035880168	-0.0014105853	0.1238743606	0.0259908734	-0.0365638445	0.0852911005	0.0243816925	0.0049787003	-0.0638046311	0.0716256097	0.0314942577	-0.0309688336	0.1136635266	0.0695232575	-0.0570921374	-0.0423961475	0.0934062967	0.0212516951	0.1219836669	-0.0318651916	-0.026386593	-0.1205451433	-0.0025841598	0.0213695932	0.0344018093	0.0278139923	-0.0273074437	-0.0975620198	0.0447159593	-0.0154650903	0.0739237217	-0.0015890838	0.0727234546	-0.1502106706	-0.0453882769	0.0934060368	0.0160490048	0.0116900539	-0.0264394468	0.0038894802	-0.0852550241	0.0844914344	-0.0815029244	0.0123337963	-0.0282629321	-0.0834499864	-0.0355446894	-0.0832779345	-0.0537371647	-0.1173100307	-0.060759333	0.0304991598	-0.089254503	0.0326291208	-0.0276623075	-0.0273572155	0.0208976768	0.0206216671	-0.0354444509	-0.0654276208	-0.0152960238	-0.0100298529	-0.0055377702	0.0408462012	0.060930713	0.1550501498	-0.0299089964	0.0341812578	-0.0131648138	0.0128546863	-0.0269830427	-0.0795383532	-0.1392051621	-0.0118843866	0.082974332	0.0758039424	0.001773028	0.0254790039	0.0397568505	-0.0185988565	0.0211533803	-0.081360845	0.0323917418	0.0286524553	-0.0790155012	0.0999229036	0.0343598027822906	-0.0008894102257812	0.0011805960472379	7.910505497243371e-07	0.024922714111895	-0.0685485807935891	0.0006211416787032	0.0046989079288152	-0.0795620363458979	-0.0016636926408395	0.0063301176275059	2.7678732031835123e-06	0.0033729636589882	-0.0001964946043648	1.1376883844855066e-05	3.8610129544518536e-08	-0.000520288306741	-6.840791515970007e-05	4.679642856496722e-09	2.7069992213141694e-07	-0.0001701222718187	4.2072255137800006e-05	1.7700746523801391e-09	2.8941587368755644e-08
256.8778071199507	-0.8335668693947582	65986.2077907546	0.6948337257525778	434.1660484571136	-4.493962491496177	188500.15763286472	20.195698874974525	250.28002867040584	-0.4247737022758713	0.1804326981451505	62640.092751259166	270.0667572666723	290.1761305784828	1.163057	26.564899	0.1044681672565256	0.0784915761880954	0.1204546668	-0.0029177337	0.0010367205	-0.1009378462	-0.1038074729	-0.0503352962	-0.0334476816	0.0886836556	-0.0095299136	-0.034892938	-0.1022986595	-0.046039574	-0.0466217308	-0.0765229327	0.0080808807	-0.0341301856	-0.0451344431	0.030980585	-0.0789361266	0.0573956179	-0.1017172533	0.0348470047	-0.0562031801	0.0694017618	0.0353502072	-0.0227335867	0.1057185816	0.0539284649	0.0933391602	-0.0313771033	0.0620410839	0.0420413529	0.046883494	-0.1230926812	-0.0353774223	-0.0135611399	-0.0061940225	-0.055966343	-0.0034964821	0.0666797373	-0.1054287474	0.0377792385	-0.04623168	0.0154948915	0.1019742671	0.0716794471	0.0100572451	0.0253411326	-0.0741316753	0.0001770485	-0.0042875123	-0.0135356449	-0.0335960283	0.0189359028	-0.1345893757	-0.0049843172	0.0154582764	-0.0303793808	-0.0149141055	-0.0505044297	-0.0760774386	0.0181040338	-0.0396875749	0.0040599572	-0.0583658105	-0.0355155279	0.0057721906	0.0676870605	-0.0006013805	-0.0509299643	-0.0520021868	-0.1122909424	-0.0213865222	-0.0359169535	-0.0202167515	0.0048522372	0.0633670292	-0.031700205	0.0640322868	0.0310401087	-0.050135421	0.0470518291	0.0732680165	0.1366334364	0.0878781733	0.0028613642	0.0184686887	-0.0671719057	-0.0036086448	-0.0662656471	0.0840648066	0.0720820977	-0.0038659106	-0.068473915	0.0706922041	0.0077537732	-0.0200063753	0.0004234115	0.0563720945	0.0321655435	0.0332305142	-0.1189546327	-0.0390441007	-0.0956857143	0.0179407256	-0.0128761049	-0.0802298256	-0.0375299392	-0.0188575486	-0.0160775974	-0.0321184625	0.0031238749	0.018341524	-0.0414314303	0.0281531332	-0.0575203538	0.1519834708	-0.081009366	-0.0313380434	0.0143067606	-0.0801204194	-0.0198961737	-0.0464400064	-0.0482618205	0.0259929147	-0.1238905372	-0.0606981707	-0.0542977273	0.0590751545	-0.0155471509	-0.0229138107	-0.0104772966	0.0572538921	-0.0573449811	0.0125699539	0.0339429809	0.0323744923	-0.0401150984	-0.0683355812	-0.0158648771	0.0720709143	-0.1397439822	0.0576101718	0.006849668	0.0441255446	-0.1076962659	-0.0108864539	-0.0822640518	0.0353474844	0.0241075061	-0.075011107	0.0993068457	0.0372091947033794	0.0028493919210887	0.0013845241704739	8.119034319966095e-06	0.0986501057939932	0.0737273916820982	0.009731843373166	0.0054357282842455	-0.0687947974662392	0.0107672388796586	0.0047327241584208	0.0001159334330916	0.0036919594958702	0.0003189958368819	1.363056491914614e-05	1.017583439480474e-07	-0.0005208582060327	-5.698992916999867e-07	3.247852026801465e-13	2.712932707916026e-07	-0.0001930394311186	-2.2917159299900024e-05	5.251961903769942e-10	3.726422196659272e-08
257.5985035783724	0.7206964584216848	66356.98904581674	0.5194033851815593	436.3943141765809	2.228265719467288	190439.9974456484	4.965168116553071	250.0222493879779	-0.257779282427947	0.0664501584490672	62511.12518902421	269.6458027645811	290.6785253300019	1.086745	24.821899	0.0990508177302459	0.0687375937613243	-0.0907744033	0.0155344054	0.0188033976	-0.0809718399	0.0776987774	0.0312838744	0.0686261899	0.0559253125	-0.0295352274	0.03316133	-0.0463758637	-0.0013926071	-0.0748829448	0.1221639714	-0.0754154203	-0.0421124924	0.1659408789	0.0180567945	0.0712447581	-0.0142594095	0.0307258686	0.0185028207	-0.0302688761	0.1196281579	0.1070814641	-0.0981342296	0.0508436451	-0.0063619943	-0.0797857541	-0.0404913249	0.0256904054	0.0225290608	-0.081182356	0.0048790496	-0.0413085219	0.1208043667	-0.0110291755	0.0178555859	-0.0506942812	0.079218613	-0.0569566429	-0.0123566558	-0.0240878617	0.1285694168	-0.0222044792	-0.0280603558	0.0669257819	0.0686295268	-0.0067579393	-0.107898382	-0.030584644	0.0271766873	0.1065117299	-0.1120616289	0.0631907903	0.0208280348	-0.037529484	-0.0755766812	-0.0034384267	-0.0631036148	-0.030706291	0.0484293578	-0.0767561023	0.0142409684	-0.0540135264	0.0780052329	0.0024325095	-0.0291088828	0.0456339728	0.0130535489	-0.0834649401	0.1473198857	-0.0217230101	0.0358489558	0.0747919515	-0.0923440372	0.0467899663	0.0746273023	-0.014436102	0.0164348393	0.0112031994	-0.0694997882	-0.0147517655	0.0740624348	0.0907558794	-0.1056384788	-0.0564707669	0.0016359904	-0.0363514066	-0.042249497	0.0648263221	-0.0576666599	0.029033454	0.066599915	0.0630118579	-0.0894797915	0.0216307269	0.0689035322	-0.0931422602	0.0242618432	-0.1199869494	-0.0254255304	0.0319246473	-0.0758800772	0.0981985229	0.0125890374	0.0137241088	0.0001703147	-0.0793186215	0.0155215803	-0.055197538	-0.0906131556	-0.0570807208	-0.0181010186	-0.0124479916	0.1059699125	0.0573910292	0.029768961	0.0167842918	0.083005297	0.1084037512	-0.0055191469	0.2394181026	-0.0002598559	-0.0157771292	-0.1396456471	0.1272181811	0.0467591571	-0.0443136565	-0.0258057662	0.0044365183	0.0895202862	-0.0139354398	-0.0593694065	-0.0041143396	-0.0229915479	-0.1003369724	0.015090843	-0.0807529601	-0.0357454393	0.0553712954	-0.1087121633	0.1178814331	0.0741604985	0.0196751063	-0.0998762403	0.0206538543	-0.0831469612	0.0382683432	0.0195090322	-0.0707106781	0.098078528	0.0330948687982584	-0.0041143259051209	0.0010952703407739	1.6927677653549688e-05	0.0349317855224597	-0.0637183202715335	0.0012202296397871	0.0040600243382257	-0.0592704874154677	0.0095243100507715	0.0035129906784671	9.071248194322712e-05	0.0034264132095167	-0.0002655462863534	1.1740307482350534e-05	7.051483019613487e-08	-0.0005211203725452	-2.621665124999742e-07	6.873128027639914e-14	2.715664426816481e-07	-0.000361108208309	-0.0001680687771903	2.824711386627632e-08	1.3039913810813614e-07
258.10179841171254	0.503294833340135	66616.5383433603	0.2533056892668743	435.4252857251114	-0.9690284514695122	189595.1794487949	0.9390161397574008	249.70014564496512	-0.3221037430127751	0.1037508212628398	62350.16273511679	269.8103113227281	294.7251095436209	1.090201	24.900833	0.2054777601084318	0.1499952520831187	0.0755797259	-0.0522134116	0.0090951343	0.024401172	-0.093154672	0.022440241	-0.0543354495	0.0548590425	-0.1469063132	0.0323828741	-0.0070398385	-0.1024455295	-0.0515079549	0.1107905743	-0.033393836	0.0396943554	-0.0100956157	-0.0794173614	-0.1025928788	-0.0261908648	-0.0098107485	0.0074756837	-0.0736397309	-0.0839287862	-0.0025231702	-0.0690738125	0.0472661127	-0.0133056086	0.0384464015	0.0286798922	0.0864746488	-0.0244797972	-0.0750212817	0.1205780141	0.1238015317	-0.0242515541	-0.085783485	0.0554383776	-0.032580701	-0.0655534045	-0.031160664	0.0693774191	0.0736403526	0.0487519203	0.0956278746	-0.0636605418	0.1013332135	0.1082617143	0.0070019953	-0.0354120986	0.060660497	-0.0331260184	-0.1444195497	0.0806791094	0.0622826216	0.1061731678	-0.0587445057	-0.041653938	0.0658582381	-0.0148295996	-0.0620476444	-0.0447923105	-0.1195494538	0.0644477735	0.1205506851	0.0055367624	-0.0847776178	-0.0580908903	-0.1062019332	-0.0903086107	-0.0544451359	-0.059836908	0.1119109364	0.0518477079	0.0714291498	-0.0111795782	-0.0651594752	0.048434577	0.0138262991	0.1015417827	-0.0364313237	0.0783659681	0.017988167	0.028290763	-0.0506162622	0.0322811906	-0.0214384202	0.0249779862	0.0414223661	-0.0860221026	0.0595395296	-0.0213645125	0.0234037625	-0.0551160954	0.0573380445	-0.0158278038	-0.1180865602	0.0837344201	-0.0883002196	-0.062840363	-0.0362126026	0.1344343879	-0.1290692421	-0.0164763463	-0.1198835987	-0.1393105741	-0.0818907813	0.0500308365	-0.0571974222	-0.0575478795	-0.0754888712	0.0168096541	-0.0437830416	0.0582957434	-0.0212388723	0.0267620209	0.0128436795	0.0741504781	-0.1322847351	0.2115563619	0.0212399821	-0.0821969669	0.1066635963	-0.0916324827	-0.075736594	-0.0267827328	0.0196764246	-0.0459310332	0.1192290187	0.0865308256	0.0334270808	0.0453978195	0.1285208331	-0.0397299693	0.1088350043	0.0985397854	-0.0542949551	-0.0579391846	-0.0413732944	0.0511034048	0.0480265989	-0.0313005308	0.1251059861	0.0162185633	0.0992192244	0.0397697906	0.0960332241	-0.0840093554	0.0411514359	0.0148672434	-0.0661311865	0.0962455236	0.0347531827210048	0.0016583139227463	0.0012077837092395	2.7500050663745354e-06	0.17747791705888	0.1425461315364203	0.0314984110435586	0.0203193996159984	-0.0890459680267028	-0.029775480611235	0.0079291844218125	0.00088657924563	0.003761982272457	0.0003355690629403	1.4152510618280735e-05	1.1260659600263108e-07	-0.0004697235843151	5.13967882301e-05	2.6416298403697462e-09	2.206402456618249e-07	-0.0001181173787188	0.0002429908295902	5.9044543264933616e-08	1.3951715155400426e-08
257.79474283439407	-0.3070555773184651	66458.12943305138	0.0942831275623759	434.7475036021029	-0.6777821230085124	189005.3918882605	0.4593886062699261	249.74053861548924	0.0403929705241239	0.0016315920677627	62370.33662795468	269.24970340144705	292.925065586883	0.997441	22.782139	0.0847501780031214	0.0460676118782081	-0.0655641978	0.0284476696	0.0978474522	-0.0131363333	0.0171740077	-0.0782155679	0.0931362412	0.0262723116	-0.0949262053	0.0639523684	-0.071157555	-0.0958620123	-0.0597656704	0.0118220729	-0.0874081555	-0.023605058	-0.0009936564	-0.0148577304	-0.0880299104	0.0317467469	0.1090860601	-0.101729613	-0.0111274743	0.0585763108	0.1179798989	0.100986565	0.0630445002	0.1002196742	0.0278341264	0.0933182723	-0.1229132126	-0.0192476938	0.0587451041	0.0780228934	0.0924463312	0.0362104149	-0.0484450124	0.0329119527	-0.1504374909	0.0906000169	0.0085817312	0.0192921066	0.0262730386	-0.0504962512	0.1077714571	0.0908201004	-0.0936477675	0.0465409789	-0.064043372	0.0788043956	-0.0193315384	-0.0196551397	-0.0121116697	0.1079717199	0.0103640519	-0.0451625249	-0.0340670392	0.083630762	0.0725885337	0.0261794162	-0.0021898529	0.0362093631	0.0376044773	-0.0875894057	0.0007351403	0.1254783151	0.0695321448	-0.11556828	0.0442175373	-0.0958115659	-0.0684677487	0.0697597141	-0.0568627135	0.0027502806	0.0562045829	0.0104244107	-0.071429355	0.033373096	-0.0881019703	0.156563229	0.0003194885	0.0219840298	0.0278210371	0.0328525122	0.0539246038	0.0661105794	0.0007396571	-0.0715882436	-0.1453532172	0.0707017546	0.0125530984	0.0036704638	-0.0499585104	-0.0087288381	-0.0597546704	0.1264326704	-0.0469772584	0.1591954085	0.000484986	-0.0148458234	-0.029174701	0.0404333939	-0.1407405376	-0.0797032624	-0.001598383	-0.021517148	0.0294388212	-0.0711436307	-0.0493223786	0.0540645106	0.0204413976	0.050168672	0.0534030813	-0.0336645478	0.0324534691	0.0034423885	0.0037034254	0.0185786719	-0.0442643037	-0.0999110844	0.0807031452	-0.0344123382	-0.0820889894	-0.0943945964	0.034071305	-0.0244739433	-0.0231954521	0.0458040834	-0.0712814326	0.1052195331	0.0946641309	0.0680000766	0.0854251554	-0.0935554907	0.1467920811	0.0141750986	-0.0955899868	-0.0087324312	-0.0642543366	-0.0066786649	0.0696173306	-0.0129928735	0.0308408551	-0.0434684789	-0.009474846	0.0235365836	0.0638417793	-0.0848510215	0.043993917	0.0101924456	-0.0612907054	0.0938191336	0.034601803076427	-0.0001513796445778	0.0011972847761398	2.2915796792501346e-08	0.1514933893681274	-0.0259845276907526	0.022950247022243	0.0006751956793114	-0.1148291188124588	-0.025783150785756	0.0131857265272457	0.000664770864441	0.0032099618245015	-0.0005520204479555	1.0303854914756998e-05	3.047265749609912e-07	-0.0005202779142339	-5.0554329918800034e-05	2.5557402735388804e-09	2.7068910803957745e-07	-0.0001721649984852	-5.40476197664e-05	2.921145202413352e-09	2.964078670340892e-08
257.8331310484172	0.0383882140231435	66477.92346623029	0.0014736549758866	435.36680845196327	0.6193048498603844	189544.25790164847	0.3835384970605932	250.0782057880528	0.337667172563556	0.1140191194270663	62539.10901017168	269.8970449052145	293.55569192352544	0.9608890000000002	21.947273	0.1928129545073681	0.1414002884542421	0.0482368761	-0.0388038438	0.0241900638	0.0045426957	-0.0779788281	-0.0063751679	0.0031884316	0.0001006941	0.007492388	0.1166266086	-0.0928732261	0.0137516966	-0.0351028475	-0.0679578335	-0.0596890069	0.023078896	0.1237398866	-0.0693589164	-0.0469519352	0.0822211399	-0.0028364022	0.1338791038	-0.0421685648	-0.0821847711	0.0111393778	-0.0168941819	-0.117804528	-0.0140310268	0.0109670423	-0.1246217225	-0.023765984	0.0029634892	0.001464887	-0.0501528677	-0.0905600865	-0.0988710188	0.0159053705	0.0329988355	-0.0494900741	-0.1244674073	0.1270736423	0.1149884049	-0.0229602191	0.0599089392	-0.0177959823	-0.0327989544	0.0664735308	-0.1196996416	0.0956792667	-0.0461199311	0.1013493264	0.0179203923	-0.009012443	0.0397632261	0.0310175825	0.067832133	-0.003639553	0.0304849932	0.0681772356	0.0224413063	0.0124692081	-0.1246786789	-0.0666831541	0.0938411388	-0.0472091324	0.0111779766	-0.0348140722	-0.0225364592	-0.0702091822	0.0117294186	-0.0370668497	-0.0651773156	-0.0614213901	0.0154287136	-0.0250296373	-0.1125383301	-0.0156334359	0.1077084643	0.0028518547	0.0117237155	0.0180325922	0.0381012341	0.0593410425	0.0018503973	-0.0227455908	-0.0003107983	-0.0728994333	-0.1340977282	0.0452480566	-0.0401693303	-0.013103494	-0.0719062395	-0.0342899907	-0.0148439413	0.0312632075	0.0222974115	-0.0121097081	-0.155442131	0.0829262396	-0.0479022844	0.0238681481	0.1330816927	-0.0162936266	-0.0099828944	0.0226268898	0.0477444155	-0.0450895999	0.0595008951	0.0466768047	-0.1466974277	-0.0779334873	-0.0489498787	0.041234872	-0.0472108202	-0.1469643438	0.0582962964	-0.0743225116	-0.0966810488	-0.013551991	0.0726551118	0.0717612496	-0.0132842519	0.1101774474	0.0114643832	0.0782308111	-0.0500633857	0.0420201543	0.0275522113	-0.0040737159	0.1072180811	-0.0716787036	-0.0215896339	0.0044396214	-0.0703368532	-0.0136991236	0.0758837377	-0.0651926567	-0.1114754959	-0.0988995538	0.0187352157	0.0618750412	-0.0884824105	-0.0175470535	0.0052843608	-0.0035792589	-0.0286670742	0.1277717307	-0.0856717519	0.0467929814	0.005495018	-0.0562083378	0.0908143174	0.0346753471130512	7.354403662420544e-05	0.0012023796974105	5.408725322982472e-09	0.0119279108511705	-0.1395654785169569	0.0001422750572734	0.0194785227936671	-0.0799305485878818	0.034898570224577	0.0063888925975597	0.0012179102037197	0.0035349552432459	0.0003249934187444	1.2495908571751682e-05	1.0562072222717309e-07	-0.0005208763048998	-5.983906659000034e-07	3.5807138903624954e-13	2.7131212500606946e-07	-0.0002120804236591	-3.991542517390001e-05	1.5932411668132102e-09	4.497810609942335e-08
258.4868769865617	0.6537459381444819	66815.46557426588	0.4273837516404087	439.040536173274	3.673727721310741	192756.5924033159	13.496275370327004	250.3515448559222	0.273339067869415	0.0747142460237206	62675.89601174683	270.29905663081735	295.0085215326612	1.060242	24.216547	0.1153662447518575	0.1012175506899049	-0.0672027952	0.0087191564	-0.0979330605	0.0627196991	0.0869562812	0.0989602192	-0.0508440333	0.0368151665	-0.0058078193	0.0578683675	0.0064000687	0.104920001	-0.0555096541	0.0881383875	-0.0137339159	0.1194286232	0.0064455149	0.0814200683	-0.0618125246	0.0011965367	-0.1983677255	-0.0919624797	0.045504954	0.0298949284	0.0990812935	-0.1383178909	-0.0073319616	0.0585713027	0.0014206565	0.1840897326	0.0739836106	-0.017332388	0.1462284762	0.0421835828	-0.0716580748	0.0816575772	0.0037516333	-0.0451500544	0.0028505614	0.0132243507	0.1028867078	-0.0255467686	0.0320360776	0.0637977645	0.164577646	0.1455863202	-0.0243564221	-0.0448481464	0.0671225847	-0.0258709777	0.0865681602	0.0583215331	-0.0180222507	-0.0332046374	0.1251140994	0.1121601811	0.0370136156	0.021869726	-0.0327449655	0.0665345638	0.0004447597	0.0426331297	0.0649940209	0.0121860132	-0.0335746692	-0.0641312368	0.1205177526	0.0282665748	-0.1172221917	0.1149797152	-0.0608927401	0.0648547646	0.0459835195	0.005778315	0.057211414	-0.0399838638	-0.0923943965	-0.0718075177	0.103614096	0.0776748974	-0.0215221918	0.0046541811	0.0050414633	0.0588953643	0.2427586076	0.0995198458	-0.0495743163	0.1145339677	-0.0011857482	-0.0635685458	0.0150668558	0.021519405	-0.1339926793	0.014146415	-0.1898882338	-0.0640263801	0.0718720791	-0.0854131388	-0.0214885868	-0.056729462	0.0193381895	-0.0463062196	0.0297837028	-0.1153867324	0.0453855089	-0.0876959519	-0.049426712	-0.077748038	-0.0715854101	-0.0105790685	0.1323573354	0.0766036948	-0.0039527181	-0.0176023652	-0.0341022159	0.0263925236	0.0048553851	0.0015141862	-0.0394773058	0.01308216	0.0624535608	0.0900690375	-0.0396512935	0.1192413987	-0.022622742	0.0184979438	0.0749489825	0.0779068262	0.1171252158	0.1031301496	0.0685441713	0.0735366001	-0.048038618	-0.059467377	-0.083937865	-0.1244538241	-0.031732937	-0.0379430726	-0.0992701656	-0.0784263532	0.1957717494	0.048610756	0.0020388595	-0.0258428384	0.0061350004	0.002441713	-0.0491290077	-0.0864713441	0.0495458668	0.0007853901	-0.0509041416	0.0872496007	0.0347079372750442	3.2590161992994415e-05	0.0012046409098884	1.0621186587296175e-09	-0.0891378321038018	-0.1010657429549723	0.0079455531121655	0.0102142843990405	-0.0899978352946391	-0.0100672867067573	0.0080996103577209	0.000101350261636	0.0036029494510579	6.799420781199985e-05	1.2981244746878424e-05	4.623212295981422e-09	-0.0005209125680913	-3.626319149997725e-08	1.3150190577640229e-15	2.713499035954733e-07	-0.0002280624512183	-1.5982027559199982e-05	2.5542520490302766e-10	5.201248165569946e-08
258.18831534234124	-0.2985616442204559	66661.20617931624	0.0891390553996221	437.64864516526126	-1.391891008012749	191536.33661498877	1.9373605781867465	250.08378140487025	-0.2677634510519624	0.0716972657192566	62541.89772175893	270.0474304461764	295.7050046452524	1.049927	23.98094	0.2318709992426891	0.2121863426719102	-0.0120455434	-0.0922144148	-0.024701317	0.0539843217	-0.0516586721	0.0942208532	0.0014115205	0.0235309239	-0.1515704147	0.026134466	-0.0277869953	-0.0519247919	-0.0735980155	0.1075147621	0.0170836112	-0.0295667298	-0.002400002	-0.0535280163	0.028775249	0.062379782	0.1336837113	0.0390704423	-0.0522490286	0.0973900965	-0.036022444	-0.1116859277	0.1217289323	0.1161412732	0.0207705232	0.1162859558	0.0480145342	-0.0085060149	0.0078426352	-0.0113718163	-0.0780270001	-0.0339184676	-0.0450079039	0.0026062171	-0.0946358839	0.0689664138	-0.0390036622	0.1267623435	0.096360667	-0.0212455896	-0.1372634818	0.020920715	-0.0061169557	-0.1517486326	0.037071342	0.1087129368	-0.0757374903	-0.1371143438	0.0645949552	-0.0211003843	0.0385295668	0.0878082288	0.1126957415	0.0052415042	-0.0266870933	0.0495079125	0.0716639993	0.0036694202	-0.0645325007	-0.0296319286	-0.0847717472	-0.0012941135	-0.0714733873	-0.0130624153	0.0087718386	-0.0361184513	-0.0668580466	-0.0105836654	0.1112591849	0.0766925836	0.0432472349	0.0250304579	-0.0070009572	0.1152105111	-0.0915334581	0.0313383051	0.0099505109	0.0280618563	0.0735213246	0.0599462636	-0.0041548185	-0.1083604074	0.0351042044	-0.0486675898	-0.0928912346	-0.1131734965	0.0598715484	0.0409581997	-0.0749775875	0.1006224473	-0.1133727426	-0.1235869433	-0.0534526995	0.0222842042	0.021977411	-0.0516773712	0.0400942349	-0.0112428035	-0.0123288516	-0.0993218722	-0.0803812357	0.1067211372	0.113254551	-0.0805708552	0.0587175862	-0.0299848505	-0.0619460694	-0.1238684471	-0.0571338676	0.0174574215	-0.0519782022	-0.0853997223	0.0681388392	0.0446655374	0.259333462	-0.0152391888	0.0278779284	0.01002171	0.024603702	-0.030632732	-0.1043890875	-0.0456141945	-0.0626404021	0.0738070406	0.0497130019	0.0856491706	-0.0111813619	0.0182647814	0.0601066568	-0.0356612138	0.0770470096	0.1212496313	-0.0817143288	-0.0882548539	-0.092083113	0.0552332505	-0.1631894698	0.0373947978	0.1108510025	0.0187780923	-0.0619799718	0.0400887576	0.0633050166	-0.0872496007	0.0522498565	-0.0039259816	-0.04539905	0.0831469612	0.0389097950651802	0.004201857790136	0.0015139721520143	1.7655608888526604e-05	0.1228103099704043	0.2119481420742061	0.0150823722350267	0.0449220149287078	-0.1013879178670862	-0.0113900825724471	0.010279509889423	0.0001297339810071	0.0035939674930125	-8.981958045399877e-06	1.2916602340830555e-05	8.067557032932357e-11	-0.0005202735431073	6.390249839999815e-07	4.083529301761767e-13	2.706845596574236e-07	-0.0001510650981297	7.699735308859998e-05	5.928592382650536e-09	2.282066387293589e-08
258.3582833713081	0.1699680289668776	66749.00258656914	0.0288891308708853	435.9760912991642	-1.6725538660970756	190075.15218449716	2.7974364349962744	250.03523217924027	-0.0485492256299835	0.002357027309271	62517.61733092659	269.5806872528334	293.37200954268684	1.202309	27.46143	0.0680573430395276	0.0321668608056663	0.0283805921	0.1082458545	0.0647208447	0.0233521311	0.0318439348	-0.1018262055	0.0051495722	0.0505495998	0.0177781802	0.1602109233	0.0827830162	-0.0480561042	-0.0858645393	0.00722478	-0.0266722866	-0.0969662468	0.0777905618	0.1135511789	-0.1087610115	-0.0156961492	0.1355706897	0.0169827236	0.0733278712	-0.0329461925	-0.0613015018	-0.0767204679	-0.0744112185	0.0680927636	-0.1379259876	0.020890029	-0.0330609717	0.0368781105	0.0278824578	-0.0486323948	-0.0573659446	-0.0957307015	-0.006020156	0.0794977766	0.079696648	-0.0247247066	0.0359942923	0.0404454578	0.0589404217	0.0734489839	-0.0853266695	0.0588854003	-0.0276561496	-0.0037667617	0.0470681321	-0.0393982441	-0.0957062554	0.0241083899	-0.0053659282	-0.0794396659	0.0546736807	-0.1039014817	-0.0228145532	0.0287015998	-0.098857017	-0.0174701563	-0.0994409614	0.1322962489	0.0805791305	-0.0562204039	0.0600087445	-0.0664773211	0.0858716408	0.0875857896	0.0185958346	-0.0407420564	-0.0937775292	0.0499138239	-0.0680558559	-0.0832565491	0.0425665395	-0.1261693766	0.0007481633	-0.0687410269	-0.1025318163	0.0794215907	0.0794208557	-0.042096541	-0.0290295632	0.0038952787	-0.0907057632	-0.0142255817	0.07821698	0.0974092776	0.0717372869	-0.0151507801	0.0049396217	0.0943791088	-0.1718654283	0.0864063315	0.0531225658	0.0828337648	0.0266351257	-0.1445871629	-0.0110682583	-0.0680709541	0.0076636197	-0.0148782337	0.0164709568	-0.0219888363	0.0234860423	-0.039223279	0.0716125203	-0.1452001355	0.1223813084	0.0105435788	-0.0020862335	-0.0441937079	-0.1340843878	-0.0096164684	-0.0094514338	-0.0122205974	-0.0484716426	0.0385030942	-0.128671566	-0.0737763898	0.025806603	0.0856064704	0.0179296483	-0.0587373302	0.1070944915	-0.0175242877	0.1488587523	-0.0633025668	-0.0712595435	0.1183198848	0.0361107294	-0.0420608408	0.0523710752	-0.041212606	0.0425295073	-0.0420799152	-0.1232495534	-0.0496061521	0.220646727	-0.0646925172	0.1212307944	0.0584428996	-0.0375591082	-0.1393200812	0.1244213344	0.0086263334	0.1401702308	-0.0880063298	0.0549022818	-0.0086286366	-0.0397147891	0.0785316931	0.035144904866712	-0.0037648901984682	0.0012351643380902	1.4174398206521924e-05	0.0961129901306776	-0.0266973198397267	0.0092377068718597	0.0007127468866246	-0.0885142539420584	0.0128736639250277	0.0078347731509192	0.0001657312228545	0.0039359896931999	0.0003420222001874	1.5492014864975844e-05	1.1697918542102997e-07	-0.0004047270047227	0.0001155465383846	1.3351002532663853e-08	1.6380394835180846e-07	-0.0001142044551756	3.6860642954100005e-05	1.3587069989896423e-09	1.304265758195563e-08
259.3752741235852	1.0169907522770814	67275.53282668497	1.034270190217104	440.065134584234	4.089043285069806	193657.32267664	16.720274987174474	251.30818672150764	1.272954542267371	1.6204132666791318	63155.80471325215	271.3882457324874	298.3941636811302	1.382512	31.577389	0.330832281979019	0.2790950314349367	-0.0445425027	-0.0707347399	-0.0877394483	0.1325146341	0.0316308982	0.1406821199	-0.0544398608	-0.0706467738	0.0605925661	0.1026258447	0.0707539414	0.158895078	0.0079441736	-0.0381333193	0.0592660139	0.3295594321	-0.0686445994	0.0432514308	-0.0145483859	0.1150797351	-0.0158969214	0.1378676221	-0.1300544293	0.0813467134	-0.0181964995	-0.112823683	0.0702464656	-0.0227288057	-0.0149741948	0.0304962886	0.0865954519	-0.0702665162	0.0361584019	-0.0718976284	-0.0045289153	0.0271025967	0.0237835044	-0.0399746522	0.0035815732	-0.1000977248	0.163586682	-0.0129194734	0.0309627579	0.003926095	-0.1277580129	0.0271585367	-0.0124839487	-0.1148317016	-0.0277566985	0.0412923281	-0.0076451062	-0.0194658479	0.0387385848	0.0770645499	-0.0720456113	0.0682648362	-0.0432563159	-0.0010053164	0.0267032245	-0.0286105434	-0.1054522709	0.1615615489	0.0327282953	0.0131044931	0.0039365477	-0.0231423334	0.0725650877	-0.0459964195	-0.0666638759	0.1661934467	0.0227309167	-0.0599838892	0.0488554593	0.0258448842	-0.0761913646	0.0514068163	-0.2767101112	-0.0129229136	0.1598404128	-0.0395966897	0.0621340348	0.0823284121	0.1377880327	0.1141297349	0.0131746648	-0.1372959805	-0.0086227786	0.0122186266	0.040339818	-0.0341277431	0.0400306734	0.0161458506	0.025301925	-0.0108675732	-0.0846986479	-0.1138535579	0.1459659694	-0.0252046685	0.0077279049	0.0392160102	0.1604409443	0.1133015898	0.0278412753	0.0354824726	0.0177274911	0.0750696465	0.0709748723	-0.0450544237	0.14373728	-0.0196546968	-0.0232441689	-0.0333842062	0.018712731	-0.0289734796	0.0206666824	-0.0213242833	-0.0143379525	0.0381925082	-0.0710180895	-0.0336340563	0.0193128474	0.0147485843	0.0204773198	0.1716298714	0.0207099081	0.1044382629	-0.1121731774	0.292109461	0.2260335929	0.0950614835	0.0885076139	-0.0156778741	-0.0897093676	-0.0924648004	-0.070481648	0.0434481194	-0.0927385361	0.0082489924	-0.0017148272	-0.0062014784	0.0429707338	0.0266688288	-0.1230285615	-0.0310670135	0.0040340995	0.0710675898	0.0357581666	-0.0887413447	0.0575005252	-0.0133121339	-0.033873792	0.0734322509	0.042600349141793	0.0074554442750809	0.0018147897470026	5.558364933883803e-05	-0.1818294057404159	-0.2779423958710935	0.0330619327919127	0.0772519754225636	-0.1183939479361129	-0.0298796939940544	0.014017126907899	0.0008927961131783	0.0040019530381782	6.596334497829988e-05	1.6015628119783726e-05	4.3511628807262e-09	-0.000370150881652	3.457612307069998e-05	1.1955082866001915e-09	1.3701167518775292e-07	-0.0003247599439024	-0.0002105554887268	4.4333613832981614e-08	1.0546902116349001e-07
258.65049106532337	-0.7247830582618349	66900.07652833292	0.5253104815433783	438.8058342237151	-1.2593003605188642	192550.56014877057	1.5858373980029412	250.7049754134673	-0.6032113080403292	0.3638638821477249	62852.98469706725	270.50428218179627	295.37005610317726	1.146038	26.176168	0.3551820022583044	0.30773184710455	0.0083377143	0.0533883804	-0.044546743	0.1084482616	0.0760363011	-0.0110033655	-0.0983248934	-0.0147424811	-0.0698061281	0.0776575168	0.0618913454	-0.0361547784	-0.0522860282	0.0757654857	0.1413532464	-0.0311735397	0.0192512257	0.0025210298	-0.0333061364	0.007137847	0.0877237483	0.0786533714	-0.0496781553	-0.0027780463	-0.0403962623	0.0503637384	0.0916448444	-0.0328379953	-0.0402421513	-0.0210893356	0.1182203431	-0.033284389	0.070591106	-0.0736837747	0.0337162951	-0.0113326708	0.0660548083	-0.0264469936	-0.0395044081	0.0087063861	0.0020052423	-0.0882116827	-0.0765381136	0.0922398658	-0.046768651	-0.0511427593	-0.061606982	-0.019142649	-0.0653757946	-0.0786962822	-0.053942109	0.0122351269	-0.0238951493	0.0066408649	-0.10024147	-0.0863228507	0.0831407027	-0.0564371342	-0.0035989691	0.0167055547	0.0207731564	-0.0726890509	-0.0402133908	-0.0601065999	0.0151191106	0.1357756943	-0.0586444552	0.0768396964	-0.0406140991	-0.0191676365	-0.0533521241	0.0488482765	0.1335976342	-0.0575412935	-0.0404103863	-0.0693526538	0.0274764181	-0.0350838747	-0.0648393618	-0.0228755866	0.03664822	-0.0353143662	0.0330490027	0.0574961289	-0.0923304242	0.0080057998	0.0747068317	-0.0229622721	-0.0164409405	-0.0471199267	0.0212812674	0.0510376743	0.0165247018	-0.0624116608	0.0498504945	-0.079182648	0.0776349714	0.0402418627	-0.0068675831	0.0071805525	0.0878214718	0.0318872471	-0.010946818	0.0608093807	0.1159135904	0.096560508	-0.0438679079	-0.0544608289	0.0044836511	0.1086199601	-0.0752333873	-0.0333142035	0.0814632711	-0.0041397201	0.0708263918	-0.0465184704	0.1024035865	-0.0032614726	0.0114218579	-0.0287630323	0.0694606818	-0.0357110581	0.0044636203	-0.0335298385	-0.1248490154	-0.0025098621	0.0246959976	0.1243812901	-0.0042960314	0.1354645518	0.0093489728	-0.038899863	0.0725348739	-0.0466796818	0.0499281178	-0.0128816051	0.067704651	-0.0141464991	0.090781353	0.0810547311	-0.0980352298	0.0198691484	-0.003363492	-0.0145455445	-0.1288934237	-0.0482661099	0.0168084667	-0.089454464	0.0600420225	-0.0179660749	-0.0278991106	0.0678800746	0.0359936321901273	-0.0066067169516656	0.0012955415582381	4.364870887942687e-05	0.1279265001151657	0.3097559058555816	0.0163651894317154	0.0959487212124119	-0.1055596919161558	0.012834256019957	0.0111428485574337	0.0001647181275858	0.0035849603978362	-0.000416992640342	1.2851941054053884e-05	1.7388286209939264e-07	-0.0003804183524649	-1.0267470812899951e-05	1.0542095689375241e-10	1.447181228921089e-07	-0.0002323175864353	9.24423574671e-05	8.5455894540751e-09	5.3971460967123096e-08
258.2007759234009	-0.4497151419224678	66667.64068744628	0.2022437088743454	434.1394005464704	-4.666433677244697	188477.0191068487	21.77560326412347	250.41009304131924	-0.2948823721480664	0.0869556134036707	62705.21469696216	270.0705072041954	294.2606134976576	1.067707	24.387039	0.0822913997470821	0.0486014333658276	0.0225612461	0.0070726946	0.0470064651	0.0465969606	-0.0463037504	-0.060356938	0.0400110894	-0.0389543175	0.0265056348	0.0642858493	0.0991691905	-0.0337617207	0.0117210922	-0.0781436853	-0.0103589837	-0.1009426855	-0.0538431179	0.101465982	-0.0353751872	0.0336958551	-0.0268375471	0.0344143314	0.0498967375	0.127674139	0.0315175524	-0.0418736772	0.0740735432	-0.0404542575	0.0194299824	-0.0028793658	0.0024526602	0.029714423	0.051783559	0.0758253882	-0.0512309305	0.0113760909	0.0223702373	-0.0042968263	0.1214829533	0.0594122344	0.1313055264	-0.0168347208	-0.0630368715	-0.0420003728	0.1364504274	0.0426591633	0.1178361131	-0.0773227184	0.0298522184	0.0147932176	0.0207595695	0.0314270891	0.0479113056	0.0131134544	-0.0034452968	-0.0166478222	-0.0259231126	0.0099887914	-0.1262127021	-0.1573131053	0.0212921711	-0.0269702302	0.1014778929	0.0091149427	-0.1716537409	-0.1287555307	-0.0757886274	-0.0903660113	-0.0213905619	-0.0398083797	0.0068057191	-0.0540567598	-0.0655793118	-0.0104854892	-0.0370694643	0.0731522682	0.0648664582	-0.1310321084	-0.0575547336	0.035313444	0.0587037654	0.0585431402	0.0207428388	0.0179035334	0.0669858039	-0.0540698444	-0.0002618576	0.049729075	-0.0969152186	-0.1078960383	-0.0330544168	-0.0491234794	0.018518337	-0.0181325609	-0.081417575	-0.0125253977	0.0818172124	-0.0404765021	0.0106454021	0.0830205699	-0.0226179494	-0.0467461546	0.0571537921	-0.0646731779	-0.099404073	0.0082715209	0.038773033	0.0832475148	0.0004177758	0.0062448569	0.0560739127	0.0871975029	-0.1158634695	-0.0118963076	-0.154130213	-0.0226052169	0.0473573563	-0.0909224205	-0.0471563064	0.0084344811	-0.0600063484	0.1208296087	-0.0255341514	-0.0379837328	0.0726985946	0.0324321721	-0.061301986	-0.0994867108	0.0258148518	0.1490316306	0.045260819	0.0015751038	-0.0279713152	-0.0210291524	-0.0333105345	0.070383227	-0.093068442	0.0457510654	0.053203438	0.050145071	0.0746118375	0.048333076	0.066665634	-0.0626759597	0.0522919529	0.0693563226	0.0188051962	-0.0901455117	0.0625242656	-0.0225801267	-0.0218143241	0.0619093949	0.0389700570159874	0.0029764248258601	0.0015186653438293	8.859104743996331e-06	0.0848327099779453	-0.0430937901372204	0.0071965886822021	0.0018570747483907	-0.1148225620957674	-0.0092628701796115	0.0131842207662363	8.580076396433775e-05	0.0040679771371102	0.000483016739274	1.6548437988051302e-05	2.333051704188876e-07	-0.0003803603345411	5.801792379996844e-08	3.3660794820589437e-15	1.4467398409221752e-07	-0.0001762260515453	5.6091534890000025e-05	3.1462602863160904e-09	3.1055621243246725e-08
258.03177270605875	-0.1690032173421514	66580.39572583116	0.0285620874719984	435.90604267763285	1.7666421311624276	190014.0780428743	3.121024419598124	250.43075572699885	0.0206626856796106	0.0004269465794943	62715.56341399577	270.1485165284236	292.9179629592771	0.943563	21.551537	0.095918621098459	0.0526275633044551	-0.0081342058	0.0153239258	-0.0163200788	0.0089152015	0.0282901538	-0.0085126165	0.0017000524	0.0114436386	0.011052615	0.0427653629	0.0086201013	0.004275972	-0.0232005174	0.0210774452	0.0407917178	-0.0495069929	0.0314440724	0.0434227601	0.0117550765	-0.0820363184	0.0812338513	0.0615362218	0.0039920676	0.0276148678	-0.0519501669	-0.0810794978	0.0390184865	-0.0543414303	0.0534953123	0.174233135	0.0960748895	0.0227204359	-0.0931313718	0.0542495534	-0.0296258225	0.0907833663	0.0390736449	-0.1208078378	0.0988473942	-0.0507695836	-0.076880512	-0.1057767494	-0.0127134886	-0.0146614737	-0.0238874438	0.0180346079	-0.0014492819	-0.0904839317	0.0327956517	0.0293409883	0.0768395723	-0.0732816404	-0.024013098	0.0574196139	-0.0006237117	-0.0904731441	-0.068746348	0.0754750431	-0.0209453591	-0.0749105894	-0.0515290488	-0.087746029	0.1265441464	0.010381315	0.1750717217	-0.0572709016	-0.1273636416	0.0208187175	-0.1488296238	0.0090681351	-0.0255890311	0.0450910816	0.0162102737	-0.0155019639	-0.019540268	-0.0337291321	0.0471214963	-0.0105465774	-0.048186753	-0.0274840766	0.0090594477	-0.065119037	0.0416306714	0.0525585276	-0.1365721387	-0.0012876286	-0.0005317909	0.0933618094	0.065488771	-0.1212644093	-0.0333402659	0.0730187115	0.071177616	0.0787443844	-0.1224021392	-0.1694960528	0.0538022099	0.0922291043	0.0314848136	0.0123439611	0.0542854717	-0.1435040709	0.0257858804	0.0690800949	-0.0784629596	0.0011717416	0.0231885346	-0.0772496181	-0.0466552686	-0.0587109744	-0.0005785789	0.0218957192	-0.0631806125	0.1554430975	0.0142190728	-0.0170729055	-0.1039547	-0.0294914276	-0.1519586857	0.0121822425	0.0163929763	-0.1359645248	-0.1779039519	0.0047958597	-0.0371650683	-0.0541862733	0.0005169206	0.0631839854	-0.0611024575	0.1263288792	-0.0311154134	0.0200055537	0.0289302451	-0.0569880134	-0.019455422	-0.0451899858	0.0187160654	-0.0789373397	0.0812160342	0.082839841	-0.0083648406	-0.0609111583	-0.0220260619	0.0035465177	0.0047686477	0.0561047433	-0.0142690101	-0.0908143174	0.0649448048	-0.027144045	-0.0156434465	0.0555570233	0.0353476025708801	-0.0036224544451073	0.0012494530075088	1.3122176206877654e-05	0.0518933150598002	-0.0329393949181451	0.0026929161478956	0.0010850037375735	-0.0866845127301658	0.0281380493656016	0.0075142047472662	0.000791749822101	0.0036779468301536	-0.0003900303069566	1.3527292885436914e-05	1.5212364034465986e-07	-0.0005509429802965	-0.0001705826457554	2.9098439032912294e-08	3.035381675379896e-07	-0.0002399875462254	-6.376149468010001e-05	4.0655282038404225e-09	5.75940223432885e-08
258.7666346163147	0.7348619102559724	66960.17119065333	0.5400220271450568	436.3168884341636	0.4108457565307617	190372.4271328704	0.1687942356593339	250.60788549748216	0.1771297704833045	0.0313749555914681	62804.31227351913	270.339354182722	293.5326807237491	0.954109	21.792397	0.057606858846862	0.0332158402994777	0.0265526195	0.0509205656	0.001644923	0.0276770265	-0.022549133	-0.0158737554	-0.0319446404	-0.0541179156	0.0050300216	0.0905017321	0.1996364112	0.0123774442	0.0252052121	-0.0322037178	0.0077418792	-0.0163647526	-0.0271660114	0.132291939	-0.1413661259	0.0193929528	0.0091903478	-0.0124593125	-0.0519062223	0.0756403103	0.0057126008	-0.0193681409	-0.1046701934	-0.0566945732	-0.0875544411	0.0779973483	-0.0034196611	-0.0942375379	0.0875213981	-0.0628442671	0.0535227292	-0.1152749842	-0.0493715559	0.013240205	0.1638306207	-0.0458364055	0.0071494043	-0.1034816234	-0.0571585229	-0.0928269446	-0.0017250767	-0.1234327309	-0.0416876708	0.0387959947	-0.0602407828	0.0780108942	0.0033606024	-0.0282719162	0.1065326369	0.0129357239	-0.0708995536	0.1092610088	-0.0668889105	-0.1056663346	0.0162215686	0.0390094448	-0.0327761069	-0.0368738803	0.0180113954	0.1643356004	-0.0351334984	-0.1564791899	-0.0331368511	0.0025596035	0.1418440374	0.0055264051	0.0124524844	-0.0253887708	-0.0207258582	-0.0434819684	0.0007419703	-0.0471305129	-0.0797727854	-0.2111431754	-0.0338922611	0.1338342652	0.08252691	0.0750734655	-0.0622605924	-0.0553842376	0.0696563022	-0.1874922174	-0.0392020917	0.0996134532	0.06353578	-0.0048185011	-0.0072959358	0.0282186652	0.0070222037	0.0082326112	-0.0291126044	0.0656999277	-0.0261492507	-0.0694864989	0.1130339615	0.0958581397	-0.0149054227	-0.0064597664	0.0716630755	0.1657868797	0.0152646668	0.1129313197	-0.1256281352	0.0337521408	-0.0835628073	-0.0766579199	0.1100406471	0.0061282045	0.0143973239	0.0087833819	-0.0137497727	-0.0493595021	0.1086512798	0.0660110702	0.0623153999	0.0339755897	-0.0194948275	-0.0162217644	0.0474688373	0.0079541268	0.0689041826	0.0329095598	0.0542891079	-0.082338421	0.0842185905	0.1620597367	0.063986894	-0.0293068994	-0.094258635	-0.0276511551	-0.0935710951	0.0324667833	-0.0929625789	0.0296150259	0.1178299977	-0.0564308402	0.0551869303	-0.0382104068	0.0519724083	-0.0053720485	-0.0063505631	0.1393904234	-0.0491157916	-0.091460716	0.0673012514	-0.0316476967	-0.0094108313	0.0488621241	0.036623047897649	0.0012754453267689	0.0013412476373134	1.6267607815766354e-06	0.0236827318640564	-0.0282105831957438	0.0005608717885447	0.0007958370042439	-0.0971475196044551	-0.0104630068742893	0.0094376405652979	0.0001094745128514	0.0036849851762165	7.038346062900134e-06	1.357911574893535e-05	4.953831530114182e-11	-0.0002738162044841	0.0002771267758124	7.679924987217625e-08	7.497531383807845e-08	-0.0001709961990995	6.899134712590001e-05	4.7598059782464315e-09	2.9239700106475846e-08
259.11437934071984	0.3477447244051177	67140.26158112645	0.1209263933515912	439.53099540110384	3.2141069669402214	193187.4959182852	10.33048359493367	250.93383367298748	0.3259481755053173	0.1062422131152451	62967.78888182254	271.02865298213607	298.5514234380519	1.105264	25.244869	0.0373004885116971	0.0246374164013673	-0.0634552088	-0.1332083179	-0.0256827858	0.0882174864	0.0034510676	0.1121463224	-0.0227623711	-0.0614055543	-0.0627579012	0.1243826283	-0.0520694614	0.0673996056	0.0020154356	0.0028371683	0.0622085166	0.0350202903	0.0870394739	0.023572509	-0.0340716331	0.0232626146	0.0007410915	0.0502078024	-0.0062186429	0.0410107694	0.010612025	-0.01102211	-0.0411156864	-0.046618071	0.1445274397	-0.1516709979	-0.0325123748	-0.0210186007	0.0262170637	0.1740220472	0.0458126186	-0.1652490893	0.0384891041	-0.1017829975	-0.0169013712	-0.05955773	0.0110990718	0.050219249	-0.1146451513	0.0750816707	0.0053287554	-0.037188571	-0.0200676072	0.0277961731	-0.0295614715	-0.0120506609	0.0290710711	-0.0664326099	0.0616636527	-0.1709418254	-0.0704146799	-0.0553958321	-0.1027049792	-0.0383867366	-0.0670360991	0.1194356878	-0.0254212614	0.0070788161	-0.1286061239	0.029346416	0.11654423	0.0556361243	0.1061658178	-0.0004807529	0.0009857762	0.0735620666	0.0094759181	0.0299246468	0.0522683128	0.0781750603	-0.1070192778	-0.0767974191	-0.0227512252	0.0415517733	0.0299518656	0.1200950218	0.0472006667	-0.0457112001	0.1747153367	-0.0666118318	0.0003162196	0.0346577058	-0.0363104871	-0.0683101242	-0.0157266584	-0.1110075826	-0.0281729178	-0.174450356	-0.0014182386	0.0366025182	0.1106025722	0.0282310041	-0.0321203169	-0.0694265905	0.039963707	-0.0919854699	0.0029583076	-0.0655671276	-0.051021845	0.0935747654	0.0766189246	0.0262159418	-0.0358543849	0.1207374948	-0.0482208449	0.0458221886	0.1811545488	0.0074057527	0.0756617581	0.0800340819	0.0208424818	0.016509086	-0.0081982517	-0.0586935614	-0.053469282	-0.034941831	0.0316688849	0.030580568	0.0175661252	0.0516160159	-0.0651636327	0.0044595192	-0.0504845235	0.1055106693	-0.040097468	0.2008410105	-0.0620863178	0.1329109172	-0.0334971999	0.0168284787	-0.0361963302	0.0164095859	0.058298229	-0.1497552756	0.064360387	0.0345170055	-0.0146037142	0.0903607991	0.0103052916	0.0892295074	0.0635456687	0.0744962555	-0.1145796796	-0.092084548	0.0695912797	-0.0360810826	-0.0031410759	0.0418659738	0.0343502869097562	-0.0022727609878928	0.0011799422107825	5.1654425080874606e-06	0.0001512272121715	-0.0235315046518849	2.286966970116388e-08	0.0005537317111816	-0.0998654114210495	-0.0027178918165944	0.0099731003982954	7.3869359267108254e-06	0.0036839895302423	-9.956459742000746e-07	1.3571778858934884e-05	9.913109059408157e-13	-0.00038019064501	-0.0001063744405259	1.1315521597198237e-08	1.4454492655311984e-07	-0.0001027996644931	6.819653460639998e-05	4.65076733232191e-09	1.0567771019893926e-08
258.3546804756635	-0.7596988650563503	66747.14092368218	0.5771423655679068	437.11310397373154	-2.4178914273722967	191067.86566555023	5.8461989545604425	250.28959453997467	-0.6442391330128032	0.4150440605050883	62644.88113498492	269.98836502204244	294.31769969615533	1.227458	28.035858	0.1350885486267141	0.1085733307116543	-0.0115560063	0.1583091537	0.0406300587	0.0600270768	0.1157326272	-0.1270154874	-0.09264721	-0.0135542497	0.0059252012	0.0460365028	0.0082078822	-0.0494670861	-0.0017384361	-0.0346964852	0.0135427536	-0.0503942891	0.0324134689	0.2075283889	-0.0978160276	-0.0691965935	-0.0456428119	0.0388055511	0.0973258528	0.046115783	0.0160004962	-0.0318037691	-0.0723803907	0.0034361163	0.0038521751	0.0467869281	0.0482296828	0.0316117482	0.0095134019	0.0205757482	-0.0746358414	0.0365913459	-0.0237142303	0.0325889005	-0.0557550092	-0.04360124	0.0773103644	-0.1052161946	0.0219254673	0.0541208591	-0.101056225	0.0118640609	0.0010905084	0.0461716367	-0.0281566225	0.080253205	-0.0015408539	0.1214894007	-0.0806334205	0.0098686684	-0.0438698761	-0.0437344737	0.0652931761	-0.0349314604	0.0346100326	0.076634435	-0.1282155267	-0.0375455458	-0.041454185	0.0452715003	0.0215369968	0.1487505193	0.0818811661	-0.0371132485	-0.012929501	-0.0513295484	-0.0151191525	0.0539831925	-0.0278246426	-0.1515283019	-0.01686148	0.0117634163	0.0449191221	-0.1676106115	0.0821238297	0.0462223921	-0.0379045275	-0.0321237998	-0.0379924483	-0.0811172156	0.0135694251	-0.1036470048	-0.0813292265	-0.0704662857	-0.0125346238	-0.1442934868	-0.0143459224	-0.024121565	-0.0280427024	0.0369971726	-0.0917758088	-0.0340770886	0.009078722	-0.0838826355	-0.0506065423	0.055291797	0.0262358486	0.0127683668	0.0064898063	0.0168719899	0.0475190601	-0.0483362067	-0.0461391462	-0.0412570454	0.0118939916	0.0128607628	-0.0469138416	0.0085158761	0.0704697276	-0.1058307976	0.0203898182	-0.0426006665	-0.0875873513	0.0866629606	-0.1249828711	0.0619310162	0.0010764579	-0.0409462568	0.0202427662	-0.0452993222	0.0266655966	0.0527278026	0.0781521485	-0.1018035119	-0.0297112998	0.1815927377	0.1869989108	-0.0472801107	-0.0304061365	0.0105568822	-0.0881741596	0.0512191619	0.1059240676	0.049697442	0.0167864777	0.0765658659	0.0994000002	0.0499174756	-0.0966771227	0.025903766	-0.0126642522	0.0042467692	0.0529886045	-0.0926856596	0.0718126298	-0.0404343596	0.0031410759	0.0346117057	0.034755459738534	0.0004051728287777	0.0012079419816368	1.6416502117980337e-07	0.1044037527684906	0.1042525255563191	0.0109001435921441	0.0108685890848709	-0.1087188052718275	-0.008853393850778	0.0118197786197335	7.838258267699378e-05	0.004011998733864	0.0003280092036217	1.609613384052634e-05	1.0759003766054185e-07	-0.0003271065814003	5.308406360969998e-05	2.8179178093186733e-09	1.069987155953911e-07	-5.234380390771497e-05	5.045586058538504e-05	2.545793867411811e-09	2.739873807529317e-09
257.7150082968348	-0.6396721788286754	66417.02550143763	0.4091804963674249	435.8324281499627	-1.2806758237688314	189949.9054270924	1.6401305655859748	250.4594552474658	0.1698607074911251	0.0288526599493855	62729.938722857325	270.34928012735537	294.4422800747736	1.280664	29.251106	0.1868390348236223	0.1630866718122508	0.0511123614	-0.1307608374	-0.06205879	-0.0362250097	-0.082174192	0.0892744111	0.0266835156	-0.0260205327	0.0774996661	0.0006272303	0.0664181639	0.0676909266	-0.0128001313	-0.0248065212	-0.0272426808	0.0906419395	-0.034796091	-0.0670195927	0.0696235365	-0.0442849752	-0.1010203636	0.1105984624	0.0181147404	0.0202276959	-0.058648119	0.077177019	-0.031126615	0.0114007974	-0.1532969001	-0.0336871409	-0.0454665992	0.0113919515	0.083790049	0.0222301991	-0.0420368417	0.0808084972	0.002513674	0.0398545348	0.0331377918	0.0964158571	0.0707726671	0.0425018141	-0.0717028899	0.1238920293	0.049982815	0.0071939597	-0.0372881851	-0.0657383258	-0.0072322908	0.0399851293	0.0221816383	-0.0884198348	-0.0687277662	-0.1575845315	-0.0945229693	0.0218852884	0.0433740966	0.1609737713	0.155915803	-0.1180367576	-0.0414817821	0.0447899444	0.0749811715	-0.0007415411	0.0495129555	-0.0741219237	0.0629690087	0.0746294968	0.0646310752	0.0701769338	-0.0036054352	-0.0681644613	-0.0192365516	0.1393541013	-0.011496954	0.0004695523	-0.0338476477	-0.0320164379	0.0191372205	-0.1625507644	-0.0429812378	-0.0378582168	0.0234445046	0.0033602924	0.0203837451	-0.0317637088	-0.0254864379	0.0026325795	0.0182241045	0.0250585551	-0.1110934801	-0.0147372417	-0.0929256682	0.0153141509	-0.0264586182	0.0214761718	0.1088223608	-0.053798806	-0.097674044	0.0139331788	-0.0274177458	-0.0195364906	0.0598845104	-0.0237280034	0.0822574021	0.052513168	0.0291264194	-0.0748334083	-0.0575748325	-0.0882909626	-0.0649932132	0.1449996604	0.0347155278	-0.0447095546	0.1232435682	-0.0580486518	-0.0929690131	-0.068809954	0.1027039159	0.0882112923	0.0489531556	0.0524649365	-0.0480072005	0.0873146484	0.0321903794	-0.0058921172	-0.1059496491	0.0762332849	0.0732169182	0.0435117192	-0.1041120899	0.0154912599	-0.0404703221	0.0164380877	-0.0968469656	0.0223166765	-0.0078028243	-0.0006915897	-0.0193681009	0.0549259871	-0.0023258327	-0.0317544068	-0.1471453613	-0.0039889864	0.0301090758	0.0778444737	0.0108594236	-0.0932639023	0.0739631095	-0.0446978621	0.0094108313	0.027144045	0.0359842230874818	0.0012287633489478	0.0012948643112096	1.509859367717418e-06	-0.0594688430659289	-0.1638725958344195	0.0035365432956	0.026854227665511	-0.1125725779357083	-0.0038537726638807	0.0126725853030911	1.4851563744874832e-05	0.0041539701302562	0.0001419713963921	1.725546784306071e-05	2.0155877393551104e-08	-0.0003804470101618	-5.334042876150002e-05	2.845201340460658e-09	1.4473992754105276e-07	-0.0002147100382815	-0.0001623662343737	2.6362794064722892e-08	4.61004005388432e-08
257.8046640491779	0.0896557523431056	66463.24480550949	0.0080381539282082	435.454733709271	-0.3776944406916982	189620.8251098121	0.1426530905294147	249.99260146082963	-0.4668537866361646	0.2179524580965255	62496.3007851532	269.64353067348566	289.85409018802176	1.103133	25.196211	0.1142257083965065	0.0823228079778562	-0.0360375894	0.095014563	-0.0345997375	-0.0657508173	0.1036336091	-0.03066894	-0.0217818116	0.083784333	0.0096831885	0.0095765005	0.0731795825	0.0179882297	-0.0637223405	0.0737673466	-0.0566256723	-0.0093146236	0.1367062068	-0.0814822974	-0.1135154103	-0.0397507493	-0.063486781	0.0485729327	0.0198936117	-0.0360683371	0.0482124777	0.0161877698	-0.0879388869	0.0562541969	-0.0453753689	-0.0410866835	0.0776329637	0.0571280623	0.0344495097	-0.006131727	-0.002247877	0.0134611716	0.0006030341	-0.0717917269	0.0214025669	0.1007310014	-0.130364987	0.0995679785	-0.0283591611	-0.0196507669	-0.024710991	-0.0275104348	-0.0751753442	0.1305064163	-0.0043156032	0.0678721825	-0.0449266994	0.1004944953	-0.0473751431	0.1131111035	-0.0287943582	0.0111400761	0.0625468008	-0.045295602	-0.0262319502	0.0102980897	-0.0265600836	-0.1002378962	-0.0498638867	0.1038430019	0.0321582253	0.0561230445	0.0062397183	0.010169054	0.0768091291	0.0260107592	-0.0671966628	0.0800633332	-0.0040455627	-0.0689123673	0.105084757	-0.1388414925	-0.0057546599	-0.0132696635	-0.0488754315	-0.0507535943	-0.0759745311	0.0803729732	0.0023893385	-0.0176048359	-0.0213569658	0.0170201718	-0.1325532344	-0.0263661352	0.0673166991	-0.0191055872	-0.0191464048	0.0428058087	-0.0524108353	-0.0195445713	0.1244037913	0.0187169685	-0.0102940394	0.0357132328	0.0018778731	0.0633797884	-0.0013067091	-0.1114994863	-0.058961532	0.0033237849	0.0570167049	-0.0506411768	-0.0896729992	0.0616221108	-0.0493570034	-0.0618037178	-0.0015190638	0.0020649097	0.0418654045	-0.081440737	-0.0821736914	-0.0431700918	0.0095966019	0.0270095789	0.0055411271	-0.0053447369	0.0141105801	0.0178856087	-0.042992368	0.0305857487	-0.0021448592	-0.0713233809	0.1039967906	0.0339143563	-0.0243690953	0.0167691376	0.0498928234	-0.0500904671	-0.0335453259	0.027134639	-0.1111630954	-0.0612799865	0.0369254937	-0.0325032191	0.0816775344	-0.0286049443	-0.0774547768	-0.0346531451	-0.0731090483	-0.0084800164	-0.0191845592	-0.0592993183	0.0205672148	-0.0938191336	0.0760405966	-0.0488621241	0.0156434465	0.0195090322	0.0352871080688572	-0.0006971150186246	0.0012451799958632	4.859693491919764e-07	0.0163152687101444	0.0757841117760733	0.0002661879930842	0.0057432315976883	-0.0800597417940096	0.0325128361416987	0.0064095622561234	0.0010570845139769	0.0041229850628861	-3.098506737009982e-05	1.69990058287819e-05	9.600743999296242e-10	-0.000380293177802	1.5383235980003226e-07	2.366439492164657e-14	1.4462290108274357e-07	-0.0001412160288092	7.349400947229999e-05	5.401369428314521e-09	1.994196679264081e-08
258.24364360386124	0.4389795546833284	66689.7794617981	0.1927030494299733	435.2918217262525	-0.162911983018489	189478.9700617596	0.0265403142110164	250.5098046249119	0.5172031640822752	0.2674991129367168	62755.16221321154	270.31471615777696	293.7886903188428	0.962317	21.979891	0.0869717798882586	0.0516349031519408	0.0478255736	-0.0538681618	-0.0828483711	-0.0056290847	-0.0474999126	0.0645247003	-0.0180622083	0.0412657565	0.0266485006	0.0037570002	0.1085833288	0.0523895334	-0.0489179157	0.0087823704	0.0067710832	0.0539869937	-0.0237143644	-0.1687470711	-0.0476078	-0.005542736	-0.060322648	0.0806528163	0.0256505599	0.0960104623	0.0884853	0.0628266137	-0.0617737655	0.082673213	0.022589729	0.0618980644	0.0494563808	-0.0616125924	0.0467701879	0.0560040172	-0.0293867676	-0.0794168609	-0.0358386881	0.0878770129	0.0153406166	0.001590419	0.0286473343	-0.1225488129	-0.0205049223	0.0189536325	0.0610592121	0.0041009472	-0.0288570503	0.068077793	-0.016451022	-0.0393333081	0.0094952057	-0.0082772509	-0.1643006075	0.0149274456	-0.0438708066	0.0441274643	0.1199687392	0.2219307821	-0.0745826566	0.0329037526	-0.029267741	-0.075742555	0.024527008	-0.0021369642	0.0321612145	0.0264533573	0.0066897723	-0.0014267375	-0.0484444179	0.0586639218	-0.040815131	-0.0563213855	0.0392828869	0.062681621	0.0199148261	-0.0380966911	-0.0911229216	-0.0158562546	-0.1215416111	-0.1083661099	-0.0705976612	0.0308790551	0.0812187377	-0.0241197751	0.130993338	0.0217550374	-0.0875743597	-0.0904570513	-0.023876454	-0.0312914114	-0.0315883733	0.0750567953	-0.0706499071	-0.0426226055	-0.0294617927	0.0120894219	-0.0964134738	-0.0684369854	0.016982448	0.0391906781	0.0113437348	0.0223223257	-0.021376389	-0.018732256	-0.0474736213	0.024015994	-0.1231069108	-0.0429171762	-0.0634745846	0.0560439356	-0.1392656539	0.1123750484	0.0318136553	0.0619037833	0.0061657067	-0.0308924175	-0.1105247165	0.023327009	-0.0280236618	0.0063287154	-0.1406497007	0.0619752904	-0.1801856297	0.0666856557	-0.0115530238	-0.0231308825	-0.0736529426	0.0380998834	0.0561086247	0.0489302772	-0.0632877718	-0.025895124	-0.0724782284	0.0005015684	-0.0550524681	0.0111405788	-0.0049090466	0.0434335127	0.0701902125	-0.0157571954	0.0114803815	0.0370335748	-0.0064803474	0.0088737468	0.0618758111	0.0301354035	0.021185987	-0.0943512164	0.0780430407	-0.0529179001	0.0218143241	0.0117537397	0.0324653021575045	-0.0028218059113527	0.001053995844178	7.962588601345072e-06	-0.0229765196026221	-0.0392917883127665	0.0005279204530496	0.0015438446288152	-0.1121282947178841	-0.0320685529238745	0.0125727544763406	0.0010283920866313	0.0040909584769738	-3.2026585912299683e-05	1.6735941260323795e-05	1.0257022051979126e-09	-0.0005509010159525	-0.0001706078381505	2.91070344383872e-08	3.034919293774967e-07	-0.0001943742595517	-5.315823074249999e-05	2.82579749567287e-09	3.778135277627164e-08
257.9234551875763	-0.3201884162849637	66524.50873589767	0.1025206219230732	437.6113754443908	2.319553718138252	191503.71591833155	5.380329451328989	250.51441087921307	0.0046062543011657	2.1217578687008347e-05	62757.47005815919	270.1762634593288	293.1751709889664	1.050066	23.984118	0.2067101573564382	0.147016935417243	-0.0877617436	0.0012031963	0.039166886	-0.0516256944	0.0417093014	0.0096651573	0.0420202613	0.0511614218	-0.0815945891	0.1222238529	-0.0642088137	-0.0558464001	-0.0749116834	-0.0221045904	0.1218689146	0.0083594013	0.1686959629	0.0376533815	-0.0509954979	-0.0786488001	0.0281966942	0.0494534057	-0.0508648038	-0.0628926722	-0.0798590218	0.0934581798	-0.008031935	0.0970278166	-0.0126537991	-0.0994852872	0.0826863573	-0.1359267504	-0.119874458	-0.0007348202	-0.0627978576	0.0945417115	0.0520211234	0.0073199603	0.0767732393	0.0914716669	-0.0410441629	0.0818229283	-0.0375071932	-0.048449167	-0.0545857837	0.0346699365	-0.0322110651	-0.0812622476	-0.042664782	-0.0184918499	0.0821703396	-0.0429150081	-0.0368960599	0.0991039967	-0.0268652629	0.0631432603	-0.0466831807	-0.0320443482	0.0932493266	0.0794228415	-0.0263823039	0.1230371948	0.0752261048	0.0383257654	-0.0202731809	-0.0540191901	-0.0738196375	-0.1916370456	0.1235321166	-0.0395638557	-0.0872321621	0.1048759514	0.0216303712	0.0122179091	-0.0973886965	-0.1509149816	0.047970734	-0.001677791	-0.0037773885	0.0461549461	-0.025948321	0.0450912683	0.1783043607	-0.0561442485	-0.16192444	-0.0015628532	0.0043106592	-0.0221780392	0.0759024535	0.14393003	-0.0383500096	0.0835879888	-0.044629698	0.0093085356	0.0178964623	-0.0511250575	-0.0518571962	0.0396262282	-0.0488372059	0.1332739259	0.0289919625	-0.1583297232	0.025346098	-0.0288947703	0.0379414497	-0.037907719	0.0036957748	-0.0034763079	0.0687865869	-0.1026594518	-0.045712435	0.0904015959	0.0857027102	0.0241834878	0.1361728355	0.0257390621	0.0666866266	0.0771019866	0.0211206342	-0.0589463872	0.0062843065	0.0091143831	0.0840450111	-0.0510492894	-0.0373499266	-0.126130217	0.0397094946	0.0674641293	-0.0973302495	0.1158693331	0.025750958	0.0439850232	0.0503059083	0.0271437289	0.001046611	0.0155879879	0.0742407633	0.0116437291	0.0774795768	-0.0815505724	-0.2731043534	-0.0338009797	-0.022762539	-0.1127545997	0.0503030086	-0.0449611218	-0.0119959052	-0.0948600195	0.0799684658	-0.0568561851	0.0278991106	0.0039259816	0.0335908631378316	0.0011255609803271	0.0011283460863445	1.2668875204349069e-06	0.118600305122797	0.1415768247254191	0.0140660323752205	0.020043997299332	-0.0718770747668671	0.040251219951017	0.0051663138770418	0.0016201607075451	0.0037959732110043	-0.0002949852659695	1.4409412618662298e-05	8.701630713909672e-08	-0.0003803517796339	0.0001705492363185	2.9087042008857663e-08	1.4466747627067484e-07	-0.0001847777278463	9.596531705399986e-06	9.209342077274715e-11	3.4142808708041314e-08
258.00431035114644	0.0808551635701633	66566.22415977069	0.0065375574759578	435.7200853797827	-1.8912900646080857	189851.9928033651	3.5769781084852568	250.87970847759968	0.3652975983866042	0.1334423353870208	62940.6281258054	270.75031560640286	291.2671398039535	1.059019	24.188602	0.1443005648086765	0.0946075431916583	0.0799433277	0.0534673165	-0.0491458194	-0.0295672901	-0.049196334	-0.0003394294	-0.0881844089	0.0545530708	0.0480178766	0.0521272834	-0.0036364406	0.0287254391	-0.0384296073	-0.1177627301	0.0906718278	0.029809411	0.0364663083	0.0193382293	-0.0821697335	-0.0221434729	-0.0378361521	-0.0827805957	-0.0880098447	-0.027051059	0.0462649026	0.1018062872	-0.1183618712	-0.0470671784	-0.1268765675	0.0753429013	-0.142608677	0.0030373571	0.0290233863	0.0243831487	0.0072105794	0.0491150644	0.0544714238	-0.1156793478	-0.0375142688	0.141045473	-0.0052212235	0.0004834564	0.1009197088	-0.1009452379	-0.0246497416	0.0887297949	0.0785992688	0.056233403	0.149893079	0.1001694048	0.1321254089	-0.0403673454	-0.0023589016	0.0332654639	0.068952832	-0.1052443384	-0.0534507818	-0.0378635321	0.0018401725	0.0347531162	0.0945566122	-0.0031303775	0.0379881382	-0.0192556106	0.0295359728	-0.0282027593	-0.0283632646	-0.0533074571	-0.0259533148	0.0242946669	-0.0461548612	-0.0950245058	0.013212365	-0.0939082365	-0.0938246016	-0.0736892674	0.0146074834	-0.0593637211	0.0574215985	0.0607615483	-0.0730795634	0.0964125788	-0.0953932685	0.0371089392	0.0595648406	-0.0606524115	-0.0048487441	0.0260048701	0.0380392873	0.2139921299	-0.0759583954	-0.0769503783	-0.0026074884	0.0287561658	-0.0766281499	0.0272275339	0.0224508425	0.0386868497	0.0863123943	-0.007940417	-0.0446863681	-0.0276368176	0.0186232734	-0.0587741602	0.0403021808	-0.0899784228	0.087648364	-0.0588611348	0.0331441793	-0.0073141562	0.0652144572	0.1201640715	-0.0116468239	0.1555027219	-0.0054406412	0.0506568552	-0.0786284434	-0.0091739953	-0.0372833523	-0.0352529097	0.1641640468	0.0501402583	0.0560127718	0.0136364369	0.0201036048	-0.0351675384	-0.0094463886	-0.0676703472	0.0618841025	0.0784775729	0.0313815872	-0.056609933	-0.0839452119	-0.0169224617	-0.0827867682	0.0059811305	0.0928553702	0.0859349703	0.0166220581	-0.0453004452	-0.0173749994	-0.1147637649	0.144930658	-0.1005141677	0.1437038042	-0.0733162701	-0.0412998862	-0.0953454172	0.0818149717	-0.0606682351	0.033873792	-0.0039259816	0.0378598726421586	0.004269009504327	0.0014333699564804	1.8224442148034267e-05	0.0279723743771569	-0.0906279307456401	0.0007824537282958	0.0082134218312365	-0.0956703612761415	-0.0237932865092743	0.0091528180267074	0.0005661204829124	0.0042399930423189	0.0004440198313146	1.797754099891268e-05	1.9715361060064581e-07	-0.0003802484391126	1.0334052130000919e-07	1.0679263342557651e-14	1.4458887544756868e-07	-0.0001166941386935	6.808358915280001e-05	4.635375111927267e-09	1.3617522005417813e-08
257.55440530866963	-0.4499050424768143	66334.27169390247	0.202414547246064	434.2426753526323	-1.4774100271503698	188566.70109741163	2.1827403883244565	250.28520883223416	-0.5944996453655165	0.3534298283397248	62642.68576019507	269.9602500112316	292.83508244239755	1.097308	25.06315	0.1366018146860584	0.1040634752716467	-0.0522680903	-0.1160483203	0.0230203964	-0.0562854719	-0.0314811881	0.0245445352	0.1092214769	0.0180589971	-0.0935642624	0.0357714989	-0.1032552793	-0.069047896	-0.0452625034	-0.0437359613	0.059365663	-0.0650121179	0.0344837774	0.0304720389	-0.0101195216	-0.1131257623	0.0618681297	-0.0431021695	-0.1433955771	0.0912502254	-0.0424769363	-0.007426087	0.0350315946	0.0369290867	0.162368734	-0.0377627915	-0.0007811238	0.0168691735	-0.1024608004	-0.0024794903	-0.1071405414	-0.0026679929	-0.0633977543	0.1408570598	0.0944078025	0.0210164967	0.0306596811	0.0197549047	-0.030409532	-0.0424915048	0.0307782268	-0.0638081571	0.0132719782	0.0765468667	0.0715714157	0.055692942	-0.0538872952	-0.056461721	-0.0466287651	-0.1593797545	-0.0014891492	0.0468072792	-0.0826861692	0.0685106489	-0.0371181442	-0.0373813478	0.109373081	0.0225409007	-0.0012375997	0.0117738225	0.1353445022	-0.0112533652	-0.1129346866	-0.0080535508	0.0999416682	-0.0575625906	-0.0539031851	0.0600520296	-0.0184902373	0.0968280709	-0.119235699	-0.0110615642	0.0853929831	0.0153179496	-0.0253323096	0.1069502762	-0.0926205685	-0.1315555238	0.0919423881	0.0589766089	-0.0786404295	-0.0063193881	-0.0386608252	0.0292708165	-0.1132672011	-0.0415802439	-0.018304428	0.0453925353	0.0917265566	0.0114795685	0.0409934276	-0.0080049133	-0.1888867451	-0.1422784278	-0.0850803112	0.1331746217	-0.0952323857	-0.0240512315	-0.0447778754	-0.0057700651	-0.0807879442	0.0586058851	0.0709150597	0.0290958822	0.0145175244	-0.0496105184	0.0806918845	-0.0116711879	0.0875032183	0.1200536194	0.0194090082	-0.0596528485	-0.0206320331	-0.0066314954	0.1190022888	0.0476154463	-0.0088538808	0.0362144409	-0.0742329426	-0.053912846	-0.0483262741	-0.1065792222	-0.0937186751	0.0553739262	-0.0566504712	0.0816068047	-0.0422586159	0.1384282294	0.0375600002	0.0722489229	0.0439535887	0.0591741069	0.1454063933	0.0975519685	0.0994094786	-0.0972471189	-0.0741482521	-0.0994752084	0.0310997397	-0.026568108	-0.0324036927	-0.0870287558	-0.0725201059	-0.0958072899	0.0835807361	-0.0643455865	0.0397147891	-0.0117537397	0.034284450584451	-0.0035754220577075	0.0011754235518776	1.278364289074203e-05	0.1322479840616921	0.1042756096845352	0.0174895292883815	0.0108734027750815	-0.0926506705546259	0.0030196907215155	0.0085841467542218	9.118532053607338e-06	0.0037324839921539	-0.000507509050165	1.3931436751685112e-05	2.575654359993809e-07	-0.0003802318680212	1.6571091400008172e-08	2.746010701874247e-16	1.4457627345889126e-07	-0.0001237903618831	-7.096223189599995e-06	5.035638355661673e-11	1.5324053695148855e-08
257.5680568996279	0.0136515909582612	66341.30393504995	0.0001863659356916	434.52572683270057	0.2830514800682522	188812.60727948672	0.0801181403688281	250.108333752352	-0.1768750798821656	0.0312847938833224	62554.178612377895	269.7188291307718	289.15405046413065	1.204403	27.509256	0.1491696654567556	0.1430223523548521	0.0444435219	0.1247201642	0.0275899427	-0.0738843418	0.0316214692	-0.1077300682	-0.0684417377	0.0718460372	0.0934805696	0.0306205281	-0.0500449976	0.0374047519	-0.0589865581	-0.0774744644	-0.0714873624	0.0152231091	0.1508620529	0.0016056571	-0.0407754054	0.0504496391	-0.0008964598	-0.011889677	0.0083396104	-0.0220929846	0.0321514111	-0.0047343623	0.0279132635	-0.0102251838	-0.0178285636	0.0663429257	-0.0382479103	0.1003559696	-0.119947421	-0.1221765734	-0.0475372183	-0.0051531965	-0.1115595852	-0.0277875928	-0.1062596634	0.0245435305	0.0168329507	-0.2474524848	0.0200311427	-0.058561925	0.0453349329	-0.0593073856	0.1021589072	0.0157032302	-0.0040623668	-0.0419796822	-0.039731775	-0.0610053632	0.1197889407	-0.0869359439	-0.0486720288	-0.1459537801	0.0708033645	0.0987048753	-0.0616412717	0.0393137197	0.2820786546	0.0645095614	0.0707075077	0.0627714052	0.0596344483	-0.0578319096	0.0954070601	0.0754210547	0.0226735174	0.0255496408	-0.0594401773	-0.0115026893	-0.1050897477	-0.131157206	0.0008992933	-0.1396732238	0.0123170053	0.0270721451	0.0994604027	0.0027426315	-0.0600010697	-0.0063021089	-0.1476612162	0.0213949849	0.0529037404	0.0118421509	-0.0293330869	-0.116323753	-0.0412506065	-0.0625947108	-0.048890806	0.0427082255	0.0848180198	0.0645735152	0.0089251971	-0.0947686932	-0.0232559987	0.0054599422	0.0905778573	0.0422938092	-0.0358551053	0.1418068093	0.1671296871	-0.0192555858	-0.1002928587	0.1289095668	0.0762614522	-0.0507056792	-0.0249668249	0.0724970099	0.1280420329	0.0169426215	-0.0287131536	0.0531054725	0.0399110148	0.0695232065	-0.0009599423	0.1182719429	0.1038123687	-0.0387105333	0.0318505032	0.1911290106	-0.0887528731	0.0131407664	0.1256408186	-0.0465908882	0.130225654	-0.0261811359	-0.0251526171	0.0363028803	0.0646516409	-0.0618829139	-0.1166632838	0.0226821737	-0.0732385017	0.0431126779	0.1056542895	-0.0446169746	0.055369511	-0.0370669824	0.1452677382	-0.02906713	0.0160024471	-0.0392970802	0.0276953228	0.0304908446	-0.0157235328	-0.0962455236	0.0852640164	-0.0678800746	0.04539905	-0.0195090322	0.0344182808556894	0.0001338302712383	0.0011846180570611	1.7910541499742193e-08	-0.0107362653449314	-0.1429842494066235	0.0001152673935567	0.0204444955783755	-0.0970521444259446	-0.0044014738713187	0.0094191187376744	1.937297223990123e-05	0.0037649883967116	3.2504404557700314e-05	1.4175137627372986e-05	1.0565363156506487e-09	-0.000380235587599	-3.719577800008044e-09	1.3835259010312682e-17	1.445791020767568e-07	-0.0001242844758991	-4.941140160000094e-07	2.441486608076576e-13	1.5446630949513972e-08
258.0591733088779	0.4911164092500257	66594.53692886149	0.2411953274346387	436.2636222410738	1.7378954083732197	190325.94809090236	3.02028045044472	250.13509423308128	0.0267604807292798	0.0007161233288621	62567.56536699245	270.20804020572103	294.62462181584533	1.305236	29.812342	0.0847517961704089	0.040759685254166	0.0310239667	-0.1236210794	-0.1103128649	0.0130586527	-0.0503040952	0.1109472927	-0.01597277	-0.0167421551	0.0041182887	-0.0321010148	0.0069979227	0.0489951771	-0.0161966841	0.0593979094	-0.0107527061	0.0926681601	-0.067271761	-0.1301721796	-0.0546323029	-0.0365969024	-0.0428004826	0.0300536531	0.0725764072	-0.0734726599	-0.0510347721	-0.0113843781	0.0863729813	-0.0017509709	0.0664678488	-0.0550161854	0.0833462197	-0.0332776385	-0.0067396476	0.0582503765	0.0788126278	0.016791214	0.1180067719	-0.1180417367	-0.0570171692	-0.0065496037	0.0646340437	-0.0291619618	0.0395286052	0.0148764027	0.0046787056	-0.0094279205	0.0946736697	-0.0573353496	0.0656027027	0.0324889792	-0.0657909418	-0.0064784946	-0.1174289514	-0.078058606	0.1035117068	-0.0040380764	-0.0712718291	0.0238942927	-0.0595884074	-0.0144444208	0.0839263247	-0.0063473236	-0.0358203269	-0.0682708193	-0.0140416079	0.049686163	-0.0451707235	-0.0439828226	0.0643611988	0.055415469	-0.0014234285	-0.0527738347	0.0738061133	0.1086164141	0.0259089818	0.0332675121	-0.0824768637	0.0613111735	-0.0269460725	-0.066608474	-0.1112915333	0.0306660842	0.073364279	-0.0220559404	-0.0557842203	0.1306216629	0.0331617812	0.0137778468	-0.0620899313	-0.0923578879	-0.034857627	-0.081598118	-0.0307104731	-0.1251143556	0.0389007327	-0.1404272399	0.1157096822	-0.0490805468	0.0056611755	-0.0058137066	-0.0132256045	0.0462263185	-0.0529565285	0.0503849152	-0.0753841588	-0.0746821876	0.063791058	-0.0518819258	-0.0532727812	0.0844450651	0.0228270026	-0.020416614	-0.0030444938	0.1308170824	-0.0516736052	-0.0085617362	0.0052879311	0.0487233902	0.0294340015	0.052321663	0.0541200332	-0.0550744448	0.0321684901	0.0905118221	-0.0673075637	-0.0006172613	-0.1006990695	0.1024774925	0.1316611855	0.0044739938	-0.1120507877	0.0238223781	-0.074257762	0.0344588496	-0.0817553402	-0.0453055165	0.0329934651	-0.0065517719	-0.114134955	0.0736641599	-0.1068139296	-0.0488951984	-0.1035691563	0.098366279	0.0481557029	0.1222324159	-0.0430184293	-0.0966600102	0.0868631514	-0.0712638519	0.0509041416	-0.027144045	0.0370786359100634	0.002660355054374	0.001374825240951	7.0774890153332965e-06	-0.0346968754075618	-0.0239606100626304	0.0012038731630478	0.0005741108345734	-0.1181591149181358	-0.0211069704921911	0.0139615764382372	0.0004455042033582	0.0041970145948685	0.0004320261981568	1.7614931509539196e-05	1.866466358939047e-07	-0.0002009908406495	0.0001792447469494	3.2128679308990283e-08	4.03973180249927e-08	4.92179021876777e-06	0.0001292062661178	1.6694259204121266e-08	2.422401895755809e-11
257.19077123574425	-0.8684020731336659	66147.09280883693	0.7541221606228489	435.8507764366236	-0.4128458044501712	189965.89932040765	0.170441658252109	249.6542317898529	-0.480862443228375	0.2312286893075621	62327.2354505816	269.3216650009712	290.4597281738506	1.200167	27.412518	0.1615278662626717	0.1075628192682171	-0.0682701804	0.0982365029	0.0146315315	-0.0839506207	0.1103208856	-0.0394352226	0.0395146611	0.1130780877	0.0377791447	0.0065397178	-0.0050977273	-0.0207923764	-0.0716972278	0.0985590973	-0.071244314	-0.0445843167	0.1203792504	-0.0686789944	-0.0151009479	-0.0118386612	-0.1145260219	-0.091420465	0.0243813867	-0.0983636684	0.0207940779	-0.0780944867	0.0214569657	0.0910280359	0.0154649282	0.0370411434	-0.1179195393	0.0349461689	-0.0505263901	-0.07778205	0.0436820755	0.064998875	0.0068121767	-0.0332494944	0.1440410547	0.0605215873	-0.0239641532	-0.0412102597	-0.0270163193	-0.0844426813	-0.0558024839	0.0028978065	0.0640501224	-0.0593036306	0.048797935	-0.0569558661	0.0841130952	0.0329523914	0.0115693678	0.0665739413	-0.1233497062	0.0600940216	-0.037216148	-0.0772066645	-0.0086800962	0.0332548472	0.0509332589	0.0876612319	0.0352541567	-0.1225841063	0.0174826469	0.0937902489	-0.1056603422	0.0407427352	0.0605295012	-0.0114263965	-0.0788214644	0.1021672215	-0.0343813264	-0.0409495785	0.0960843429	-0.0584479094	0.0668205018	0.0389109041	0.0029121882	-0.0656168458	-0.1129527987	0.08200848	-0.002141846	-0.0468894414	0.0051897537	0.1154543667	-0.0419285949	0.1259063026	-0.0367993627	0.0336423315	0.1536216949	0.0954639894	0.0334905577	0.0180378742	-0.0575423818	0.0655771539	0.1020592902	0.0372671381	0.0630751553	0.0684671129	0.0237334474	0.0221142626	0.0870393276	0.0862451697	-0.0794859553	0.0357411748	0.0490434735	-0.0030629963	0.0429548968	-0.0203906964	-0.0281922998	0.0797227482	-0.0069282211	0.0788250831	0.0188409875	0.108144933	0.1425409517	-0.0988636108	-0.070002742	0.0006287791	-0.0137265288	0.0691526618	0.0886395928	-0.010352476	0.0141204696	-0.1153771779	0.0168496356	-0.002568963	-0.0531728936	0.059214664	0.0855072695	-0.0045014395	0.0304121836	0.0522537882	-0.0964684431	-0.0391585951	0.0543314817	-0.0091475767	-0.0168841785	-0.0611257945	-0.0521644407	-0.0580818266	-0.0532096847	-0.1053428158	-0.0217462406	-0.000466012	0.0025003414	-0.0970506473	0.088376563	-0.0744894057	0.0562083378	-0.0346117057	0.0347466351572762	-0.0023320007527872	0.0012073286547528	5.438227511000074e-06	0.0635266623710748	0.0982235377786366	0.0040356368320085	0.0096478633737512	-0.0749265582567062	0.0432325566614296	0.0056139891321955	0.0018690539554837	0.0039979969378065	-0.0001990176570619	1.5983979514710152e-05	3.9608027822447656e-08	-0.0002147748915015	-1.3784050851999997e-05	1.9000005789052175e-10	4.612825401948109e-08	-0.0001370719232636	-0.0001419937134823	2.0162214668512747e-08	1.8788712147182243e-08
257.2370053190594	0.0462340833151415	66170.87690551778	0.0021375904599914	435.5461761603195	-0.3046002763041429	189700.47156787603	0.0927813283245601	250.004190708181	0.3499589183280989	0.1224712445173729	62502.09537165253	269.98101515838096	291.8125306291783	1.035038	23.640881	0.1205145660850714	0.0750614717161488	0.0440077374	-0.0714345842	-0.0494185008	-0.0876989048	-0.0911242634	0.0906789739	0.0094967908	0.0835678129	0.0337137291	-0.0797411065	-0.0005990205	0.014430635	0.000108597	0.040560393	-0.0808651157	-0.0400554851	-0.0456952271	-0.0890680616	-0.032082635	-0.0842776231	-0.0801748258	0.0200253991	0.0643124517	0.0763799135	0.0186553403	0.000391968	-0.0249000928	0.0433719394	-0.0393146823	0.0624015393	0.0289068288	0.0348984073	-0.0003727546	-0.0052955942	0.0533024117	0.0692369086	0.0080955601	0.0879723064	-0.0597142914	0.1315178194	0.1074925632	0.0711821438	0.0277696111	0.1068567516	-0.1099287222	-0.0671877015	-0.0253385323	-0.1011616754	-0.1273277944	0.0179865062	0.0541855101	-0.1527126538	-0.0222349973	-0.0793925283	-0.0367949344	0.0632918113	0.1354480773	-0.0838965845	0.0377107473	-0.0835805711	0.0911299054	0.0254960251	-0.0355939066	0.0292907352	0.0702345606	0.0711820075	-0.0108952319	-0.001919196	0.1097651368	0.0126376475	0.0073953385	-0.069493933	0.0333221835	0.0829742202	0.0959492771	0.0382967873	0.0246399018	0.033492479	-0.0579572232	-0.0136702411	-0.0988569139	0.0838341937	-0.0031092314	-0.074328492	0.0500005864	-0.0529297524	-0.0618863067	0.0329811227	-0.0559441601	-0.0511172367	-0.0538659607	0.0026860015	-0.0820660097	0.0928420398	-0.0705722768	0.0085977084	-0.0134604335	0.0220082594	-0.0368078333	-0.0698351111	-0.0406439777	0.0743873178	0.0157992966	-0.163686807	0.1323694391	0.0399104458	0.048757988	0.0764602179	-0.0298343083	-0.0154103614	-0.1417257147	0.004016207	0.0843823325	0.0428184983	0.1189672966	-0.0015642751	0.0423805717	0.1072059969	0.1270154223	-0.0019135468	-0.1002061349	-0.0824647033	0.003691714	0.0314066129	-0.032442092	-0.0305810062	-0.0293526779	-0.0057326774	0.0388998259	-0.121365794	-0.0991833938	0.009038675	-0.0777267778	0.0039111843	0.0204764079	-0.0069671573	0.0204129321	0.0215609306	-0.0673829776	0.0803099633	-0.0711085488	-0.1105067239	0.0832345113	-0.0177596088	-0.0363223979	0.0386931077	-0.0541034157	-0.0974173387	0.0898027576	-0.0775495743	0.0612907054	-0.0418659738	0.0349787535173931	0.0002321183601169	0.0012235131976305	5.387893310336117e-08	0.0131309439701681	-0.0503957184009066	0.0001724216895476	0.0025397284331434	-0.1293964149915041	-0.0544698567347978	0.0167434322126535	0.0029669652927094	0.0041439895545167	0.0001459926167101	1.7172649427943515e-05	2.1313844133891244e-08	-0.0001650172332359	4.9757658265600006e-05	2.4758245560762327e-09	2.7230687264831416e-08	-0.0002496591000728	-0.0001125871768092	1.267587238186606e-08	6.232966624916036e-08
257.1193927449841	-0.1176125740752809	66110.38212554938	0.0138327175806134	432.9428597460972	-2.603316414222263	187439.5198051288	6.777256352559061	249.9300081404522	-0.0741825677287977	0.0055030533548376	62465.008969086506	269.3673804531504	287.80163693740207	1.04631	23.898327	0.2056598951213628	0.1471191687711006	0.0206491736	0.0986213133	0.033692669	-0.0957872856	0.0402078196	-0.1197879845	0.0248642497	0.0712516476	-0.042041718	-0.0661907936	0.0939957213	-0.1011085995	-0.0422966764	0.0383363311	0.0022906705	0.0178519288	0.1075728148	-0.0133719279	-0.0657223566	-0.0318849983	0.0996099326	0.0398951635	0.0092171114	-0.1002522843	-0.0365313671	0.0501252674	0.0409857202	0.0013472713	-0.004510856	0.0147871647	-0.0763240189	-0.0331504685	-0.1294092292	-0.1257861209	-0.0717882264	0.0063855743	0.0369617654	0.1050198267	0.0033210353	-0.0337120951	-0.0655743172	-0.0476508955	-0.0814587433	-0.0156446933	0.1308869189	-0.1756136069	0.0278417331	0.0340413035	0.1315386537	-0.0254529691	-0.0320317851	0.0841425639	0.0851863647	0.0692256184	0.0229573804	0.1469853775	0.0563127658	-0.1138062195	-0.0537350479	-0.0366906933	-0.0084054639	0.0653465255	0.05074335	-0.1538170809	0.1004521872	0.0194026592	0.1447174167	-0.0049877355	-0.0048533869	-0.0962034784	-0.0548542536	0.0661609277	-0.0172330994	-0.0672695603	0.0471333222	-0.1079636642	-0.0319381112	-0.0381371027	-0.0463204448	-0.0868330051	-0.0750780652	-0.0770414232	0.0412050417	-0.0314425815	-0.1799137095	0.0451439695	0.08424421	-0.0752590258	-0.0122283986	0.148824718	0.1065161294	0.0541225682	0.0620416587	0.0204995797	0.0553566242	-0.011949122	-0.0976910045	0.0015929519	0.0660320828	-0.0075693979	-0.0422999553	0.1012673557	0.12432662	0.0156804769	0.026148237	0.0647969255	-0.0880317315	0.0542690477	-0.0582044635	-0.1411048772	0.0492976323	-0.0084802646	-0.1457905401	-0.0949124301	-0.0728502547	0.0653870929	-0.0057449836	0.0801234122	0.0291098372	0.0644725063	-0.1115619002	0.0923598618	0.0363074623	-0.0814190522	-0.0028270241	-0.1164344388	0.0484688171	-0.0518630897	-0.0281970157	-0.0218023554	0.0495404495	-0.0444891677	0.0910822238	0.0363387776	0.0459364907	0.0062138333	0.1152497011	-0.0147216553	0.1196956954	-0.0600376727	-0.0654735667	-0.0133960804	-0.0286039072	0.1125719392	-0.0170084947	0.0664122569	0.0627877365	-0.0977599938	0.0911403277	-0.0804375635	0.0661311865	-0.0488621241	0.0319657898976544	-0.0030129636197387	0.0010218117237809	9.07794977386896e-06	0.1517926762836339	0.1386617323134658	0.023041016573348	0.0192270760081712	-0.0804916626395808	0.0489047523519232	0.006478907754484	0.0023916748026029	0.004143989075586	-4.78930699786273e-10	1.717264545857611e-05	2.293746151977692e-19	-0.0003417592090033	-0.0001767419757674	3.1237725998164205e-08	1.167993569385613e-07	-0.0001247926180462	0.0001248664820265	1.5591638333699216e-08	1.5573197518824763e-08
258.2993077142977	1.179914969313586	66718.53236568545	1.3921993348102806	435.0191215236535	2.076261777556283	189241.6360912112	4.310862968941176	250.7618686202497	0.8318604797974842	0.6919918578489007	62881.51475391936	270.6605349118246	292.76422327356914	1.153754	26.352423	0.3277711624311473	0.2683353556245217	0.0006362041	-0.0585113035	-0.0255524369	-0.0318013621	-0.0233085393	0.0319620963	0.0214556682	-0.0129804207	0.0882618663	0.0186553096	0.0611014243	0.1042190617	-0.0035049018	-0.11560616	0.0006616009	0.1875079623	-0.0437153138	-0.0884506046	-0.0081113922	-0.0451863658	0.0235333599	-0.0317545724	-0.0039082137	0.071716134	-0.0922566862	0.0326241112	0.0296323827	-0.0198669282	-0.0313175324	0.0176328662	0.0058995292	-0.0185470712	0.049354411	0.0512349249	0.0055509391	-0.0194920992	-0.0749991024	-0.0491241449	-0.0596940859	0.1179703348	-0.0031538204	0.0665365886	-0.0269652047	-0.0329007759	0.0727679007	-0.0021486732	0.0369697466	0.0225664732	0.2048120761	-0.0054785683	0.0594017982	0.0663204416	0.1196875711	0.0652443807	-0.0865022889	0.0818398913	0.0770906633	-0.0265075487	-0.0526783269	-0.0547062298	-9.42564e-05	-0.0455111251	-0.0808086363	-0.1291899975	-0.0440310488	-0.0687348689	0.0566356753	0.0897747419	-0.0477190667	0.1005939579	0.0080710067	-0.0716615392	-0.0441744834	0.031033121	-0.0799297808	0.0474914686	-0.1947683972	0.019570685	0.0098483518	-0.0848796454	-0.0988364867	0.0394401948	0.0138868832	-0.0367292302	0.0226895988	-0.024178244	0.1269342798	0.0049922244	0.0079655677	0.0239779344	-0.1127872887	-0.0594308818	-0.0280917321	-0.0256877812	-0.0206335803	-0.0657387315	0.0059795494	0.1559809737	0.0414157384	0.0752128686	0.0086103708	-0.0061569748	-0.0458430994	-0.0352017072	0.0311003912	0.0087339758	0.0424106385	-0.0598342686	-0.0074170688	-0.0803379739	-0.0169013771	0.0237933745	-0.0964549135	-0.0040197937	-0.2232177432	-0.0019722101	0.0578988833	-0.1807949129	0.0174644663	0.0918540501	-0.0475249567	0.0115667769	0.071631214	0.0974548509	0.0847838799	0.065643658	-0.0372633468	0.1224823092	0.1191647939	-0.1017764291	-0.0164320352	-0.0115152951	-0.1138592341	-0.0191671361	-0.0212028444	-0.0418240767	-0.0480717164	0.0468704065	-0.0222467834	-0.0459333033	0.0227719363	-0.0911757883	-0.0943128432	0.0351988538	0.0048414471	0.0148991502	0.0168746438	-0.098078528	0.0923879533	-0.0831469612	0.0707106781	-0.0555570233	0.0362791158262467	0.0043133259285923	0.0013161742451342	1.860478056626663e-05	-0.1113212154609613	-0.2631138917445952	0.0123924130117057	0.0692289200289865	-0.1339946313722606	-0.0535029687326797	0.017954561236588	0.0028625676632101	0.0041689773775042	2.4988301918199736e-05	1.7380372374141795e-05	6.244152327551046e-10	-0.0003249592405862	1.6799968417099997e-05	2.822389388155574e-10	1.0559850804235981e-07	-0.0002198238682165	-9.50312501703e-05	9.030938508930146e-09	4.832253303766516e-08
257.8276584477129	-0.4716492665847909	66475.10146063051	0.2224530306699711	437.8758035295465	2.856682005892992	191735.219316646	8.160632082792809	250.74111537301	-0.0207532472396962	0.0004306972709919	62871.10693850111	270.4735177174432	292.4478218457898	1.052746	24.045332	0.2264417186689252	0.1998646609532144	-0.0295001533	0.0493630936	-0.0454317065	0.0105362619	0.0902666243	-0.0271697647	-0.0567788918	-0.0224730655	-0.0611110069	-0.0148434484	-0.0177405578	-0.0107013555	0.0121145882	-0.0348112382	0.144287968	-0.0122109953	0.0281904495	0.0060490219	0.0063652063	-0.0215698251	-0.0626331699	0.0571310693	-0.0518270807	-0.006703214	-0.0436092885	-0.1460280715	0.0013908261	0.0669377253	0.0636869525	-0.1092833214	-0.1417088828	0.0170688526	-0.0484500248	0.064320911	0.08218595	0.0514284391	-0.1434296176	-0.1528929186	0.0073088968	-0.0212623309	-0.1941417902	-0.0061564326	0.0484993266	-0.0439780191	0.0303531614	-0.0002972714	0.0343478966	0.0297332744	-0.0508429811	0.0125432875	-0.0344964129	0.0021948708	-0.0021031215	-0.0958108692	-0.0541322726	0.0643345579	0.1084061032	0.0031629802	-0.0459063843	-0.0235942063	0.0052778427	-0.0538422444	-0.0603084025	-0.1265515801	-0.0352410378	0.0611570414	0.0407347892	0.0809469506	-0.0260709811	-0.0067836811	0.0131547661	0.0382271966	0.0665588364	-0.0807097912	-0.1116294609	0.0223196031	0.0759852028	0.0227114471	0.0445680912	-0.0642076249	-0.0838075201	-0.0256951735	0.0759704048	-0.0052770721	-0.0483591276	0.0159954075	-0.0635756877	-0.0222530105	0.0739949655	-0.1059863017	0.1228284099	-0.1075896761	-0.0079301104	0.0407028116	0.1046108749	0.082703327	0.0233835178	0.1776508091	0.0463258334	0.0501962617	-0.0025947848	-0.0557834916	0.0244431791	0.0591465855	-0.1366688144	-0.0916235759	0.0457780337	0.0106093919	-0.1018604264	0.0569924324	-0.0479264301	-0.0746702425	0.0503217624	0.0228379461	0.0721327623	-0.0601734836	0.0086281571	-0.1337361594	0.0316052136	0.0113154607	-0.0421413967	0.0037195744	0.0084408296	-0.0034851204	-0.1131558762	-0.010671748	-0.0022193423	0.0605133781	-0.0581839598	-0.0382614886	-0.0280294296	-0.0478100168	0.0246589245	-0.0172669579	0.0446699467	-0.0267854603	0.1313148241	-0.0183346823	-0.0535989708	0.097120829	-0.0969921008	-0.0555161877	-0.0518265411	0.0749785704	-0.2313056254	0.0440269821	0.0309333156	-0.0983728629	0.0935444031	-0.0856717519	0.075011107	-0.0619093949	0.035226693034815	-0.0010524227914316	0.001240919902169	1.1075937319248816e-06	0.0891015889639135	0.2004228044248748	0.0079390931558941	0.0401693005335316	-0.1226533307804018	0.0113413005918587	0.0150438395515266	0.0001286250991148	0.0040009598033295	-0.0001680175741746	1.6007679347858432e-05	2.8229905231550632e-08	-0.0003830348345479	-5.8075593961700017e-05	3.372774614004247e-09	1.4671568447713712e-07	-0.0002662345172953	-4.641064907879997e-05	2.1539483479155163e-09	7.088081819946138e-08
257.56131565177674	-0.2663427959361684	66337.83132027417	0.0709384849470954	433.1979346757525	-4.677868853793996	187660.45060733752	21.88245701329595	250.3992040247392	-0.3419113482707985	0.1169033700763552	62699.76137622297	269.99912122012785	290.40192912019023	1.104233	25.221334	0.0800253738242622	0.0410585214721558	0.0621229257	-0.009996289	0.0463974115	-0.0676718299	-0.0944621937	-0.0452106826	0.0519455826	0.0082123511	0.081098635	-0.025812338	0.0924287854	-0.011274019	0.0610041696	-0.1284430878	-0.0167081634	0.000881899	-0.0482669816	0.0994649866	-0.0300497218	-0.0441840424	-0.0698002677	-0.0538917677	-0.046655434	-0.0094399284	0.1456771979	0.0467821656	0.0172592614	-0.1136305675	-0.0522339272	-0.0556216381	-0.0387369476	-0.1024956793	0.0526568949	0.0100922283	0.0408560935	0.1120396093	0.051911345	0.0548592552	0.0853588542	0.0602605566	-0.1328765174	0.0864480446	0.0115940288	0.0307395969	0.0482667819	-0.137030661	0.0319845447	-0.1768063422	-0.0731638991	-0.1254242494	0.105917685	0.0735534717	0.0387740298	-0.0206748837	0.0307756379	-0.0300666949	-0.0141885975	0.0608817314	0.034573939	0.1736966975	0.0147855289	-0.1118006891	-0.0099664485	0.1105960665	-0.0217170748	-0.0566856489	-0.0411991024	0.0311912784	-0.0953390759	-0.0252340744	0.0471958448	-0.0807278662	-0.0952747804	0.0081631257	-0.033231248	0.029932037	0.0140344961	-0.1787513484	0.0624287658	0.0445745223	0.0078242887	0.0309390912	-0.0480108003	-0.0496870583	0.0741012518	-0.0476130504	-0.0173232151	0.0210489378	0.0115463519	0.135585104	0.1110365237	-0.0252727635	0.0864530406	-0.0596397401	0.0316247198	0.0151814529	0.0271243365	0.0767467928	-0.0236229741	-0.0212710376	-0.0162968213	-0.0354385363	0.1065528042	-0.0101426715	0.1156499541	-0.0483025352	0.0128005114	0.090725342	-0.1253653201	-0.1358836559	-0.1095490386	-0.0640088994	0.0846237836	0.0395561798	0.0244647607	0.0331212784	-0.0440849658	-0.1021037031	-0.0026127081	-0.0066882394	0.0759738743	0.0448438173	-0.0494088093	-0.026060148	0.0994278555	0.0211724718	-0.0126225027	-0.1344259421	0.0606904166	-0.0558178721	0.0125565018	-0.0125462821	0.0092657359	0.0479635063	-0.0519898642	-0.0015015058	-0.0649604679	0.0713775254	0.0658466778	-0.0401754925	0.0542595268	-0.0275493221	0.0302662684	-0.0759683744	0.074643898	0.0247674663	0.0106421477	-0.0986429257	0.0946085359	-0.0880063298	0.0790155012	-0.0678800746	0.0414873707570109	0.0062606777221958	0.0017212019323296	3.9196085541200034e-05	0.0543762628456363	-0.0347253261182772	0.0029567779610577	0.0012058482740207	-0.1149206734887826	0.0077326572916192	0.0132067611951153	5.9793988789631657e-05	0.0045059816110575	0.0005050218077279	2.0303870279188343e-05	2.5504702628085655e-07	-0.0003409238665592	4.211096798869998e-05	1.7733336249453143e-09	1.1622908278967523e-07	-0.0001872330391686	7.900147812669997e-05	6.2412335462034555e-09	3.50562109563105e-08
258.15335610769824	0.5920404559215058	66643.15526966806	0.3505119014477444	436.6503240821067	3.4523894063542	190663.5055210088	11.918992613106708	250.55892408454795	0.1597200598087624	0.0255104975053146	62779.77443840627	270.3073001059473	292.03544255052185	1.079925	24.666121	0.1092575097863704	0.0780218147772894	-0.03115294	0.0150230237	-0.0605989039	0.010912561	0.0625292004	0.0145591855	-0.035784029	-0.0179031422	0.0095669415	-0.0344505648	0.0389236238	0.0561549624	0.0315664417	0.022689445	0.0212922075	0.0372150705	-0.0462602622	-0.0107591068	0.0892695887	0.0775066562	-0.041279522	0.0263634113	-0.0264509185	-0.0643018397	-0.0127655695	-0.0628786008	-0.0663029458	-0.0345235702	0.0203081943	-0.0486454843	-0.0776687514	-0.0262869626	0.0398987775	-0.0833698002	0.0262093909	0.0328736956	0.0242045011	0.016368654	0.0077424329	0.0230420243	0.0180363361	-0.0195826611	-0.0162794804	-0.1148346433	-0.1224427066	-0.0992444325	-0.0093876888	0.0383208114	-0.0475632415	-0.0044440368	-0.1424112504	-0.0149793531	-0.0380758805	-0.0826672035	0.0257332522	-0.0855309942	-0.0420519573	-0.0066917104	-0.0115479081	0.0791040914	-0.0793952348	0.0798698255	0.0318767382	0.002695618	-0.2415013097	0.1294067965	-0.1517622705	-0.0880251631	-0.0649929748	0.0556780616	0.0345141244	0.0290877427	0.0409888788	-0.0278786779	0.0077363797	0.0215450366	-0.029321006	0.0203405057	0.0413207517	-0.1143712175	0.0547006365	-0.0396165027	-0.0029157642	-0.0305010072	-0.0066936704	0.0119349929	-0.0538589637	0.0919377772	0.0188478494	0.0424901729	0.0841899012	-0.0785878177	0.0415496145	-0.0216625536	-0.0227124403	0.0640656538	0.0157114814	-0.0585214854	0.0268603899	0.113436538	-0.0487997658	0.0412963318	-0.07496283	0.1039787566	-0.0025374248	0.0375301284	0.0363197703	0.0447286225	0.0412394247	0.0411706078	0.0694534338	-0.221132472	0.0118411516	0.0116448107	0.1146426864	-0.0640441375	0.0831720663	-0.0489478827	-0.0283863373	-0.100944276	-0.0027231486	-0.0358396308	0.0124385343	0.0612771586	-0.0748105679	-0.0247261331	-0.0338549758	0.0863981611	-0.0322818333	-0.0653212784	-0.0221079671	-0.0113926361	0.0332404027	0.0210401426	-0.0951474365	-0.0305327516	0.0358574016	-0.0836310661	0.0454700736	0.0552582649	-0.0636826317	0.0257115519	0.0680802809	0.1167149456	-0.0688114209	-0.0431632898	0.013192746	-0.0988886499	0.0955793015	-0.0901455117	0.0827080574	-0.0734322509	0.0344713659548148	-0.0070160048021961	0.0011882750707907	4.922432338443874e-05	-0.0210297071886458	-0.0754059700342821	0.0004422485844401	0.005686060316811	-0.0998256455774253	0.0150950279113572	0.0099651595149497	0.0002278598676446	0.0044409581114892	-6.502349956829991e-05	1.972210894800172e-05	4.228055496108698e-09	-0.0004749970597455	-0.0001340731931862	1.7975621131170917e-08	2.256222067668701e-07	-0.0002229464871847	-3.571344801609998e-05	1.2754503691986758e-09	4.97051361479976e-08
258.14868920687024	-0.0046669008279991	66640.74573922528	2.177996333837909e-05	434.01840743589935	-2.631916646207344	188371.97799319436	6.926985232583314	250.1590288437231	-0.3998952408248613	0.1599162036343737	62579.53971203468	270.00892819382074	292.6229191567816	1.095817	25.029108	0.2104320432493973	0.1632326587806852	0.10422848	0.0483989166	0.0330953377	0.0467959155	-0.0611486356	-0.0598164931	-0.0518650073	-0.0426679791	-0.0072923346	-0.0272165221	0.1103630966	-0.0698367559	0.0713998197	0.0628649768	0.0078091231	-0.0934303291	-0.1779376225	0.0378650099	0.035953442	-0.0074943445	0.0874702212	-0.0322820389	-0.0058686867	-0.0947564714	0.0154489763	0.0195105138	0.0839695877	-0.04732531	-0.0020190483	0.1039414387	0.1315824974	-0.0406788141	-0.0498057586	-0.0018090772	-0.007954083	-0.0710008682	0.0008958306	-0.0789128796	0.0742342333	-0.0327254676	0.0185546215	-0.0468043758	0.0331960888	-0.1268436441	0.0092636803	0.11522739	0.0763334788	-0.0227063268	-0.1383472725	-0.1821930744	0.0041647287	0.0064460928	0.0355756939	-0.0448952066	0.1036939621	-0.0711079941	-0.0940747336	0.0629832533	-0.1484626768	-0.0049686565	-0.0316887155	-0.0267641272	-0.1028807452	0.0460328947	-0.004387149	0.0455792091	0.0332765314	-0.0945032306	0.0981098374	-0.0799170764	0.0677426588	-0.0804269138	0.0531258101	-0.0137513113	0.043112866	0.100664101	0.0523001726	-0.0995991455	-0.0548298185	0.0253861995	0.095808981	-0.0050520648	-0.1757271069	0.029072201	-0.0707882575	-0.0364128835	0.0381267339	0.0963034126	-0.0638881945	-0.0405390888	-0.0129158008	0.1051060088	0.0324065862	-0.0584880061	-0.0333679965	-0.1138530938	-0.0224512084	-0.0161278105	0.0381380234	-0.0277878813	0.0278794257	-0.0047262618	0.0673317437	-0.0378122299	-0.1271955781	-0.0428735023	-0.0037743442	0.1254317592	-0.0165664403	0.1814578106	-0.0073231148	-0.153689345	-0.05557039	0.0403741245	-0.0521807324	0.1261846485	-0.0431014465	-0.0639295833	-0.1199846285	-0.0318415314	-0.0363537905	-0.00392874	-0.0294455687	-0.0760423871	0.0061307125	0.1142436429	0.0780034727	-0.160153626	0.0667597738	-0.0238668503	-0.0176130576	-0.0579708921	0.0591364704	-0.0176371052	0.0947534225	-0.019196633	0.0265490522	0.1125274226	-0.0441069261	0.0176136179	0.1262939094	0.0407230196	0.0814502347	0.0386256694	-0.0729771266	0.0945637007	0.0197339191	-0.0991099747	0.0964557418	-0.092084548	0.0860742027	-0.0785316931	0.0378460606548287	0.0033746947000138	0.0014323243070889	1.1388564318301896e-05	0.1360976100114186	0.1571273172000644	0.0185225594508201	0.0246889938104896	-0.1425883983658593	-0.0427627527884339	0.0203314513485409	0.0018286530260447	0.004440427184448	-5.309270412002035e-07	1.971739358038479e-05	2.8188352307760254e-13	-0.0004758124159394	-8.153561938999891e-07	6.648057229310766e-13	2.263974551620886e-07	-0.0003649457751673	-0.0001419992879826	2.0163797787565377e-08	1.331854188124615e-07
257.44418823152336	-0.7045009753468889	66277.51005418802	0.4963216242647178	434.9265159864104	0.9081085505110308	189161.07430807728	0.8246611395112455	250.1418691883661	-0.0171596553570054	0.0002944537719712	62570.95472104965	269.7816309824599	293.4589127054142	1.190863	27.199997	0.1174973906249275	0.0936960926902308	-0.1177954007	-0.1067846651	0.0382005241	0.0046781075	0.0267061045	0.0302751252	0.1383327996	-0.0883214013	-0.0274980019	-0.1143110044	-0.1071744522	-0.0102521845	0.1007627691	-0.0001581162	-0.0762710917	0.0138088493	-0.1040329846	0.105695178	0.198551663	-0.0885797774	0.0202589935	-0.0080441966	-0.0991420758	0.044027749	0.0325969389	0.0431045957	-0.0861012694	-0.0279553487	0.0165550002	-0.0353068674	-0.0241348635	0.150499862	0.0774354368	0.0838493869	0.0211854942	0.0644982212	0.0318145334	0.0168769814	-0.0613399727	-0.0706290818	-0.0217649938	0.0399677315	0.0728885727	0.1025594354	0.0988135847	0.0330869353	0.0450285677	-0.0334816525	0.0597270995	0.0377265942	0.0141681421	-0.0199921555	-0.0018024732	0.0510464916	-0.0138997471	0.0468492606	0.0116729728	-0.0550104939	-0.0802393482	0.0163343762	-0.0554092566	-0.099359675	-0.0822012875	0.0128223191	0.1145128409	0.0506137709	-0.0210687395	0.0351652714	-0.0374902438	-0.0158317222	0.0999575707	0.0654680022	-0.0587446844	0.0942849304	-0.017704324	0.187549367	0.045485507	0.0779953272	0.1040722172	0.028048972	0.0027122298	-0.1861845534	0.0191395098	0.039702165	-0.0277149119	-0.0624977246	-0.1109336114	0.0267765391	-0.0540570814	0.0474352398	-0.1005986549	-0.0695485181	0.0288127276	-0.0276717063	-0.0304933419	0.0629987331	0.0393210608	0.0141494069	-0.0228490204	-0.1499382826	-0.0065830242	0.0034346366	-0.0368938997	-0.0492958657	-0.0094067218	-0.0493941933	-0.0235606405	-0.0443904209	-0.0546298613	-0.0430689894	-0.0216742863	-0.0121423765	0.0181201849	0.0378382665	-0.0961795018	-0.01853232	0.0472964522	-0.0007976615	-0.0476336069	0.0186794728	-0.0307651637	-0.0067019099	-0.1002085702	0.0009453192	-0.031498506	0.041327667	-0.1171675886	-0.001162126	-0.0826848797	-0.0762667825	-0.0385203272	0.1503138353	0.0181142351	0.0727649251	0.0073134685	0.0081744381	0.0448377282	0.0118772492	-0.0723495946	0.0131390442	0.0828650007	0.0544088782	0.0250782641	0.0457546346	-0.0673686444	-0.02345781	-0.0870695073	-0.0993068457	0.097236992	-0.0938191336	0.0891006524	-0.0831469612	0.040805235867154	0.0029591752123252	0.001665067274174	8.75671793724047e-06	0.0463208224780231	-0.0897767875333954	0.0021456185950405	0.0080598715798164	-0.1414475852325125	0.0011408131333467	0.0200074193681088	1.3014546052165354e-06	0.004197981044932	-0.0002424461395159	1.7623044853608367e-05	5.878013056621164e-08	-0.0004747877750663	1.0246408730999997e-06	1.0498889188271296e-12	2.254234313524075e-07	-0.0001360042606392	0.0002289415145281	5.2414217074420224e-08	1.8497158912015453e-08
257.13934448245726	-0.3048437490660944	66120.64248086783	0.0929297113446719	433.7376964654815	-1.1888195209288597	188128.38933518215	1.4132918533415235	249.76180442039472	-0.380064767971362	0.1444492278531252	62380.95894733151	269.42418148455727	289.54789313395946	1.165278	26.615625	0.1406178449675784	0.1049579176778152	0.1012139245	0.0417590003	0.0448059818	-0.0249474297	-0.0826606744	-0.1030401291	-0.0425827049	0.01003817	-0.0084440768	-0.1127033873	-0.1604637266	-0.0704362127	0.0611495811	-0.0138111563	-0.1042229886	-0.0971906115	-0.0651167529	-0.0125415684	-0.0327545578	0.0695808296	-0.0665913392	0.0241597774	0.0652604722	-0.0099624301	-0.0854530371	0.0656048386	-0.0576808639	0.0018735555	-0.044345651	-0.0534912393	0.0039695725	-0.004391208	-0.0336648329	-0.0974962156	0.0762393492	0.0455325481	0.0775361999	0.1768665285	-0.007969921	-0.0115582847	0.0101514636	0.0511474953	-0.0348087291	0.0596561081	-0.0778807463	-0.0420181759	-0.1053033974	0.0660391664	0.1630840058	-0.0735614663	0.0054264204	0.019871014	0.052697419	0.1256271062	0.0499473843	-0.0234392515	-0.1383639901	0.0184305737	-0.0270410323	-0.0819194874	-0.0484361519	0.0410783107	-0.0139203056	0.0595890782	0.0195580467	-0.1185008269	-0.0569222306	0.0951421563	0.0723649513	-0.0834621971	0.0606391467	-0.0789570341	-0.0385481744	-0.038114346	0.1165128615	0.0151264135	0.0591079014	0.0610473484	0.0118323415	0.0137499121	0.0346604902	-0.0466524254	-0.0560093969	-0.0580426981	-0.0172811732	0.0469941883	0.0593882629	-0.0667888073	0.0275902805	-0.01047054	-0.0174696573	0.0003325479	-0.004374357	-0.0303466533	0.0965296142	0.1155052427	0.0330826289	-0.0710216805	-0.0967290997	0.0394983889	-0.156869742	0.0382851339	-0.0575335385	0.008515697	0.1556027562	0.0145355611	-0.0250330066	-0.0598350229	0.1562932212	-0.1185276036	0.036095543	0.0077411087	0.0654094761	0.0502874801	-0.1081998022	0.0912632079	0.0508704976	0.1363101887	0.0174533694	-0.1549630665	-0.0112068296	-0.0840632721	-0.0720326546	-0.0780921813	0.0320071267	0.0024712973	-0.015222302	-0.1034964364	-0.0518866231	-0.1406034386	0.0111929383	-0.0651607884	0.089171358	-0.0055648948	0.0795093284	0.0474417095	0.0404631022	-0.0224819844	0.0540744285	-0.0636796488	0.0574571438	-0.0115157018	0.049347639	0.0768020506	0.0353950803	-0.0906965616	-0.0980031525	-0.0994792142	0.0979222811	-0.0953454172	0.0917754626	-0.0872496007	0.0464573544760895	0.0056521186089355	0.002158285784917	3.1946444769475016e-05	0.1461411281013624	0.0998203056233393	0.0213572293227388	0.0099640934147368	-0.1253292158361389	0.0161183693963735	0.0157074123421014	0.0002598018319979	0.0045314729656658	0.0003334919207337	2.053424723856e-05	1.1121686119471913e-07	-0.000474916275938	-1.2850087170002784e-07	1.6512474027667015e-14	2.255454691508186e-07	-0.0001829248658123	-4.692060517309999e-05	2.2015431898099372e-09	3.346150653244796e-08
258.144789812329	1.0054453298717476	66638.73250725152	1.010920311360907	436.7199840974272	2.982287631945667	190724.34451005707	8.894039519656094	250.1200350406268	0.3582306202320637	0.1283291772718491	62560.03192872437	269.7920476891759	292.7932419815938	1.056703	24.135717	0.1928564206849698	0.1682790878414481	-0.0642735597	-0.0212721615	0.0411150203	0.0404203759	0.0295217217	0.0395008704	0.0426524918	-0.0668000823	0.0385841396	-0.0201241029	-0.0589157879	0.05842667	0.0732246515	0.0823286797	-0.1264390794	0.0506646612	0.023587447	0.0058644321	0.1118678162	-0.0368952003	0.1227899429	0.0029372349	-0.0913451225	0.0564523769	0.0594921393	0.081259148	-0.0182802536	-0.0054372942	-0.0192704786	-0.0782877679	-0.0051434166	-0.0552360649	0.0119747596	0.0129518556	-0.1231382688	0.0300371134	0.0564508159	0.0211801254	0.0026182733	0.0151794311	0.0360476039	-0.1581838177	0.0115897798	-0.0395867098	0.0077560827	-0.0753313938	-0.103705021	0.0454481388	-0.0152754787	0.0094092292	0.0127294907	-0.0242301107	-0.0101832445	-0.0599271168	-0.0194160581	-0.0349064429	0.1069494177	0.0856325253	0.0623347009	-0.1203761354	0.0003495695	-0.0082697905	-0.0293132169	-0.00239445	-0.1311258412	-0.0503420892	-0.0247361952	-0.0112522135	0.036555208	0.054182541	0.0726766862	0.0945261984	-0.0552135336	0.0631331086	0.1149182226	-0.0146230499	-0.073247557	0.077884058	-0.003053406	0.0276966396	0.0843079026	-0.1127354983	-0.0311040015	0.062065563	-0.0264956901	-0.062011448	-0.0641704245	-0.0614937722	-0.0596698472	0.1684077745	-0.0181101467	-0.0447910321	0.0427754745	-0.0717292027	-0.0276459221	-0.0659569494	-0.0215390232	0.0456963265	-0.0322636806	0.1254345562	-0.0543874937	-0.0818712441	0.067311347	0.0184886277	0.0670888682	0.0048966272	-0.1052129265	0.0275771212	0.0369563363	0.1181460731	-0.0047831156	0.0323119735	-0.0025356917	-0.0044177662	0.001692183	-0.078995783	-0.0734962889	0.0347700124	0.1160196245	-0.0298758249	-0.0583961064	-0.0832279218	0.0408905376	0.0430816115	0.0421027629	0.0304697735	0.0397198914	0.0633313137	-0.064523369	-0.1286703919	-0.0268570232	0.0097486013	0.025410229	-0.0430368538	-0.0593581023	-0.0192625334	-0.1228744954	0.0544289402	-0.0508441355	-0.1039368124	0.0180689654	0.0251762021	0.0619775721	0.0361111538	0.0374599114	-0.1843138153	-0.0211343255	-0.0996270376	0.0985109326	-0.0966600102	0.0940880769	-0.0908143174	0.0364093999404104	-0.0100479545356791	0.0013256444040207	0.000100961390351	-0.0216157440087556	-0.167756872110118	0.000467240389052	0.0281423681401704	-0.1173408997470062	0.0079883160891326	0.0137688867534369	6.38131939398963e-05	0.0045409579358944	9.484970228600294e-06	2.062029897556233e-05	8.996466023743389e-11	-0.0005889579670923	-0.0001140416911542	1.300550732133274e-08	3.468714870014947e-07	-0.0002006637634302	-1.773889761790001e-05	3.1466848869833867e-10	4.0265945953971284e-08
258.56416811305377	0.4193783007247589	66855.42903199553	0.1758781591187863	436.93284463346674	0.2128605360395568	190910.3107194932	0.0453096078030474	250.31887746206505	0.1988424214382576	0.0395383085634296	62659.54041386834	270.28492691204684	295.71617138795494	0.999555	22.830423	0.1702482502683256	0.1276702109592642	0.0276153398	-0.0427763842	0.0063099447	0.1210587913	-0.0564256685	0.0737721215	-0.0731242793	-0.0579704606	-0.0807493048	-0.0457306879	-0.0142989211	-0.0249577196	0.0476284087	0.1389353269	0.0305390961	-0.0780399649	0.0049374018	-0.0406004688	0.0297435168	0.1469295278	0.090713677	-0.0096404221	0.0721285174	-0.0740340991	0.0083041579	-0.0124109832	-0.0052880134	-0.148804543	0.0597902192	0.0553110965	-0.1610046677	-0.0810369338	-0.0050626392	0.0100557836	0.0589038856	-0.1140293996	-0.0119530382	0.0023483954	0.0175439772	-0.1513233428	-0.0227022826	0.046432202	0.0685426383	0.0650725112	-0.0153351199	0.1083316527	0.0197487205	-0.0083766086	-0.0977968164	0.0505922619	-0.0175721424	0.0477491515	-0.0849134278	0.1733841929	-0.0139181575	0.0347523741	0.0587110422	-0.0701179888	0.0590360386	0.0047608216	-0.0029672092	0.0068885529	-0.0116687519	0.0349070271	-0.056702999	-0.0612513185	0.0872707097	0.0896146298	-0.0119876851	-0.0200778265	0.0548918337	-0.0064466099	0.1315358639	0.0286697096	0.0609493858	-0.0454339382	0.0210091486	0.0670347992	-0.0379383348	0.0780886922	0.1496649714	0.0133057395	-0.1182809503	-0.0465397166	-0.0291932609	0.0404696569	0.0729877749	-0.0788829239	0.0994833811	0.0196512295	0.1435271291	-0.0638352934	0.1082340428	0.0331155424	-0.069522293	0.1185877147	0.0024984135	-0.0180706632	0.0735444759	-0.1730594657	0.0579835427	0.0441129404	-0.0539047896	0.0320546056	-0.1290549867	-0.0426385143	-0.013581807	-0.0123621341	0.014478566	0.0889350624	-0.0941424648	0.0680968512	-0.06227803	-0.1416114793	-0.1130877675	-0.0195789835	0.0657162413	0.0473724986	-0.0233607065	0.0537277885	-0.0436308107	-0.0345061968	0.0519011428	-0.0226904685	-0.0843924362	0.1256062017	0.0959124576	-0.0913996691	0.0400551276	-0.0465755267	-0.0076334696	-0.0164008927	0.0872535243	0.0544269474	0.028571673	0.0802856803	-0.0355262355	-0.1187380403	-0.0590717211	-0.0111925032	0.0053950261	0.1264908516	0.0543121139	0.0433879473	0.0202075718	0.0022718637	-0.0068566986	-0.0997502796	0.0990023658	-0.0977599938	0.0960293686	-0.0938191336	0.0421347470888804	0.00572534714847	0.0017753369122439	3.277959997049363e-05	0.1015014946467971	0.1231172386555527	0.0103025534155337	0.0151578544541683	-0.1386183604100992	-0.0212774606630929	0.0192150498427841	0.0004527303322694	0.0047809619191466	0.0002400039832522	2.2857596872329944e-05	5.7601911976922336e-08	-0.000475099553916	0.0001138584131762	1.2963738251025038e-08	2.257195861311822e-07	-0.0002493654430259	-4.870167959570001e-05	2.371853595442222e-09	6.218312417550338e-08
258.4024502882783	-0.1617178247754509	66771.82631498615	0.0261526548501034	437.05850333310246	0.1256586996357214	191020.13533577157	0.0157901087941404	250.8527288326596	0.5338513705945616	0.2849972858856919	62927.09156279185	270.62657934029204	294.78961902281264	0.973349	22.231869	0.1042349965981515	0.0564931529975566	-0.0312114022	0.0224987107	0.0396942178	0.081688057	0.0344122893	-0.022489096	0.0296391856	-0.0955564841	0.0106406278	-0.0190097909	-0.0604973851	0.0209217459	0.0715632204	-0.074656114	0.0787177107	-0.0530184785	-0.0775813705	-0.0606268539	0.0417205823	0.1109971447	0.0478730867	-0.0134900057	0.0845565709	0.0538280177	0.0186385961	0.0717976413	0.0604718176	0.0367979808	-0.0299442463	-0.0485281442	0.1130345477	0.1382655673	0.0072689548	0.121720254	-0.0138258886	-0.0508510901	-0.03653821	-0.0179811586	0.0059046602	-0.0454398569	0.0551724905	0.0616383614	-0.0018738607	-0.007766498	0.019072149	-0.0022664175	-0.0530846317	0.0512903155	-0.0064858167	0.0019708954	0.038738337	0.0154535401	-0.0327642794	-0.0369728826	0.044382047	-0.1857159203	-0.1708996638	-0.102783969	0.1059495848	-0.0308537339	-0.0109554374	0.0584691439	0.0359563635	-0.0655992607	0.1036508935	0.0363736807	0.0800553159	-0.0584293366	0.0200859231	0.0091122828	0.0790249185	-0.0252860668	-0.0195876944	-0.0510557506	-0.0814411078	0.1001965553	0.0141100601	0.0422280841	-0.0972077627	0.0143254579	0.0962591536	0.0249707846	0.0699886456	0.0501056399	0.0757054991	0.0826394129	0.0689597599	-0.0701866601	-0.0092819768	0.0091294794	-0.1440743077	0.023904796	-0.0167426228	0.0704654261	0.1032896124	0.0463345428	-0.043230312	0.059230508	-0.1545129676	-0.0607536996	0.1005411591	0.0121994451	-0.0401487716	0.0270951938	0.0769470172	-0.091489251	-0.0037390331	0.0702785743	0.0861307242	-0.0096299146	0.0805685608	0.0435320826	-0.0360424809	-0.0583075728	0.1110910499	0.0172728386	-0.0314758212	0.0208466496	-0.1172965738	-0.0523541725	0.0022772727	-0.0100500724	0.1025429954	-0.0111555313	0.0356166025	0.1105467426	-0.1008011457	-0.0360882191	-0.1229452905	-0.0264640731	-0.0063543857	-0.0173026878	-0.0023806072	-0.0111548062	0.0850685671	-0.1132460801	-0.0749495764	-0.0272863546	-0.0572052005	0.015012909	0.019151627	0.042440104	-0.027975406	-0.0586204219	-0.0391469216	0.0062710176	-0.0503760714	-0.0998489097	0.0993960955	-0.0986429257	0.0975916762	-0.0962455236	0.0520113832443058	0.0098766361554253	0.002705183986986	9.754794174665614e-05	0.0611090900494417	-0.0403924045973554	0.0037343208866707	0.0016315463491564	-0.1744974692511149	-0.0358791088410156	0.0304493667750437	0.0012873104512254	0.0045469886603272	-0.0002339732588194	2.0675105877144147e-05	5.474348584256999e-08	-0.0004747794870787	3.200668373000144e-07	1.0244278033923389e-13	2.254155613507135e-07	-0.0001219218285955	0.0001274436144304	1.6241874859084473e-08	1.4864932288070482e-08
258.01804485248414	-0.3844054357941786	66573.31146949851	0.1477675390681123	437.7551601495636	0.6966568164611431	191629.58023757007	0.4853307199217748	250.8038289254688	-0.0488999071908153	0.0023912009232703	62902.56060367582	270.62858761764886	294.2564301303483	0.911716	20.824131	0.1199377228958895	0.0789792625120131	-0.0155399374	-0.0200035169	0.0368590236	0.0927258712	-0.0126272618	0.0334139111	-0.0201983616	-0.107074414	-0.0373264613	-0.0229487538	-0.1132394068	-0.0263246545	0.0426559998	-0.0330710648	0.1194922709	-0.120769952	0.0092784235	-0.012696211	0.0760906791	0.1145107515	0.0319997338	-0.0683429253	0.0160019502	-0.004255115	-0.0712742174	0.0061304266	-0.0455114932	0.0062218436	0.0972361424	-0.0067777116	0.1207566058	0.0705709977	0.0701936015	0.0601652706	-0.0158478278	-0.0848398872	0.0151288494	0.002502918	-0.0229522226	-0.0532641105	-0.0583417117	0.0534328617	-0.0336673433	0.1401431855	-0.0250822984	0.0385559035	-0.1091179075	0.0822406684	-0.1291325829	0.0513686408	-0.003502583	-0.0375323703	-0.0441195858	-0.0370451542	0.0315923817	-0.0168290564	0.0036863899	-0.0398440298	-0.0052230533	0.0386941336	-0.0175932894	0.0075982225	-0.0051228688	-0.0738037154	-0.0244884701	-0.0627839788	0.0269702716	-0.1246626471	-0.0682813095	-0.0273391379	0.0555667498	-0.0165330416	0.0562617307	-0.008193888	-0.1272605733	0.0303143707	0.1650444595	0.1024498829	-0.01099615	-0.0052478696	0.1167505155	0.0800434717	-0.0192345845	0.0102955635	0.010567626	0.0272258338	0.05611838	-0.0198324245	-0.0349297192	-0.0572379791	-0.0465482558	-0.0147232879	-4.772e-05	-0.0010950136	0.0097066914	0.0021712554	-0.0813959339	-0.0877200417	-0.023218051	-0.1400441926	0.0614091657	-0.1306244303	-0.1158116427	0.0377741742	0.0830921045	0.0418825329	-0.0369784572	0.0356717513	-0.0084472977	0.055001747	-0.0485779617	0.0315161031	-0.0385104611	-0.0558755109	0.1187913732	-0.0966506489	0.0130841524	0.0307187253	-0.010232658	-0.0100034887	0.02493099	-0.030038319	0.048152849	-0.0512428494	-0.0817031812	0.0769362474	0.0597969284	-0.0009820414	-0.0963924959	-0.087495594	-0.0601355171	-0.0594619138	0.0490410622	-0.0003373115	0.1241598805	0.0908905574	-0.0336329085	0.0213600275	-0.1014091087	0.1049683406	-0.1847560629	0.065387572	0.0262223222	-0.0166288035	-0.0665842743	-0.0248955834	0.0046879666	-0.0999229036	0.0996917334	-0.0993068457	0.0987688341	-0.098078528	0.0454215049704629	-0.0065898782738429	0.0020631131137817	4.342649566406668e-05	0.1330199360221371	0.0719108459726954	0.0176943033793334	0.0051711697685087	-0.1432284246345787	0.0312690446165362	0.0205143816233031	0.0009777531512309	0.00448395369786	-6.30349624671997e-05	2.010584076455237e-05	3.973406493241274e-09	-0.0004750897338088	-3.102467301000032e-07	9.625303353774421e-14	2.2571025517051647e-07	-0.0002619357000545	-0.000140013871459	1.9603884200937392e-08	6.861031096304102e-08
257.71563319057645	-0.3024116619076835	66417.34759081976	0.0914528132577671	434.299127835906	-3.4560323136576017	188615.73243902865	11.944159353045515	250.0331042105176	-0.7707247149512	0.5940165862366085	62516.55320114755	269.581422682857	292.9998249328663	1.031006	23.548782	0.0376584263583021	0.0236780106419512	0.0528867253	0.0392838638	0.0910349574	0.0443507337	-0.0083565202	-0.0817997267	0.00398612	-0.0549013966	0.0492964744	-0.0560718699	0.0489687075	-0.0571070053	0.0601373192	-0.0509330285	-0.006830297	-0.0450451	0.0143502679	0.0526902505	0.0439062069	-0.0199309228	-0.0472121555	-0.1015134854	0.0961280508	-0.0624305066	0.0084150526	-0.0900341513	0.0190627802	-0.0226632282	0.0255783481	0.0149589096	0.0117171403	-0.0226437132	-0.1029191466	-0.0985654428	0.0173651838	-0.0111132307	-0.0360600821	0.0372175049	0.0530238575	-0.1000071876	-0.0216219204	0.0107567918	0.0673932944	-0.0037788614	-0.0253260825	0.0981825041	-0.0676428043	0.1047766893	-0.0900923593	-0.0375987309	-0.0232674775	0.0520215904	0.042259856	0.0459953574	0.1628207407	0.0185997418	0.1036742648	0.0854547816	0.1727444754	-0.0715788808	0.0138489712	-0.0466998229	0.0439104727	0.0277225918	-0.0061540836	0.0564712785	0.0308511258	0.0374475538	-0.1129153541	-0.0694280459	0.0600222674	-0.0114589417	-0.0612297954	-0.0281924957	-0.0098556326	-0.0035056122	0.0385544458	-0.0951038729	0.0202783215	0.0154867391	0.0542600946	-0.0375878165	-0.0557441102	-0.0229737147	0.0401587456	0.1274094618	0.031557387	0.1474482336	0.1226666064	-0.0641803675	0.0871208736	0.162593149	0.0505819464	-0.0089291633	0.0437719975	0.0370507469	-0.0216793127	-0.0239834008	-0.0550774206	-0.0600946299	-0.0085751061	0.0285216785	0.0268107528	-0.0340746571	-0.0573699067	-0.0480597388	-0.0189504398	-0.0073494401	0.0057630741	0.0996871752	-0.0114006881	0.0397003531	-0.0697055644	-0.1522723146	0.0500307107	0.111631592	-0.1354540575	-0.0022410972	0.1342653203	0.0096481315	0.1292400708	-0.1389807359	-0.0325308531	-0.0792294938	0.0659324418	0.1289132784	0.0502150068	-0.1678545579	-0.0178177708	-0.080896409	0.0192115973	0.0314550627	0.1292268495	0.0319506012	0.1181846412	-0.0934493751	-0.0571161907	-0.019628416	0.0540705562	0.0340591228	0.0523478545	0.1252354355	-0.0676315794	-0.0955465884	0.1462437468	0.002498246	0.1335546484	-0.099972243	0.0998889875	-0.0997502796	0.0995561965	-0.0993068457	0.0484725943012733	0.0030510893308104	0.0023495923982958	9.309146104585051e-06	0.1339138352632716	0.0008938992411345	0.0179329152749186	7.990558533008436e-07	-0.162100653479456	-0.0188722288448772	0.0262766218584666	0.0003561610215734	0.0046619845075454	0.0001780308096853	2.173409954859333e-05	3.1694969197238934e-08	-0.0004748377783745	2.519554343000303e-07	6.348154087331688e-14	2.2547091577163082e-07	-0.0001433942863446	0.0001185414137099	1.4052066764341674e-08	2.0561921356277142e-08
258.1463961470625	0.4307629564860349	66639.56184371612	0.1855567246805896	437.4352277048518	3.1360998689457915	191349.57843719557	9.83512238800181	250.2414639163404	0.2083597058228008	0.0434137670105641	62620.79026299309	269.98972701470126	292.87344141053296	1.138544	26.005011	0.2155713282595871	0.1907346186592697	-0.0650426747	0.0052050773	-0.0235040957	0.066730358	0.0524754843	0.0362907742	0.0378269747	-0.0862669818	0.0708715131	-0.032619757	0.0334163778	0.0830690575	0.0790937977	0.0067240701	-0.0805341852	0.145282906	-0.1522195078	-0.0549633676	0.1186668646	0.0266969713	0.0729127586	-0.0113386669	0.1231848395	-0.1050651443	0.0042269649	-0.0171632252	0.063181602	0.0378639042	0.0052855698	0.0562132598	-0.0429241706	0.004662706	0.0138813201	0.0074127923	-0.0050331842	-0.0451106126	-0.0325181363	-0.0338953422	-0.1306168817	0.0097637947	0.0564015185	0.0675483034	-0.0456021811	-0.0557013869	-0.017375293	0.1526063152	0.0235757608	-0.0354950865	0.0720250562	0.0750961028	-0.1517661578	0.0733451839	0.0670916363	0.0242966593	-0.0643315366	-0.0069444014	-0.0082675159	-0.0567448009	0.0317405357	0.099612872	-0.0051438673	0.0208273708	0.1187412172	0.1088708701	-0.1090125296	-0.0340398186	-0.0510408276	0.0475121321	-0.0344871399	0.0726600292	0.0936872082	0.0190468146	-0.0349455988	0.0368534473	0.0362643803	0.1637729209	-0.1451254721	0.043202949	0.0064656395	-0.1155757353	0.0766219757	0.0676425747	-0.1270771093	0.0464865612	0.0038639493	0.0460607863	0.0429584041	-0.0292276135	-0.0204276001	0.0079537512	-0.0341630159	-0.0256012041	-0.1582640451	0.0248094894	-0.0563181858	-0.033294474	0.0088515977	0.0118257138	0.0281140979	0.0046725171	0.0443206348	0.0134976633	-0.1029016967	-0.0167556526	-0.0498586481	0.0236611165	0.1046386272	-0.1149999639	0.0981841451	-0.0262651877	0.1158265774	-0.0804812455	0.0397947574	-0.1654931828	-0.0067317818	-0.0598411653	-0.0029088709	-0.0594176619	-0.0408798171	0.0645113222	-0.0529047927	0.0853675499	-0.0358354581	0.0780641974	0.0276384411	0.1179739779	-0.0792823602	0.0914473192	-0.0150642462	-0.1533915126	0.0293364272	-0.0757912816	-0.0868236311	0.0023404656	-0.0537805224	-0.0142194588	-0.1670265356	0.0490949014	-0.0533653125	-0.0311211502	0.0951540133	0.0267501241	-0.1277306256	-0.0041956988	-0.0054519235	-0.0647109939	-0.0134039907	-0.0999969158	0.0999876632	-0.099972243	0.099950656	-0.0999229036	0.0401827604905236	-0.0082898338107497	0.0016146542406387	6.87213446098489e-05	-0.0568430592889086	-0.1907568945521802	0.0032311333893223	0.0363881928191915	-0.1674562160580279	-0.0053555625785719	0.0280415842964729	2.868205053299992e-05	0.0047340200942855	7.203558674009989e-05	2.241094625309889e-05	5.189125756990455e-09	-0.000468996972385	5.84080598949998e-06	3.411501460697884e-11	2.199581601062965e-07	2.1100672875067755e-06	0.0001455043536321	2.1171516925897184e-08	4.4523839578062015e-12
