
Sun Mar  8 21:21:50 CET 2026
cd /out/sourcedata/freesurfer/sub-v1s14x0051585_ses-1
setenv SUBJECTS_DIR /out/sourcedata/freesurfer
/opt/freesurfer/bin/recon-all -autorecon-hemi lh -noparcstats -noparcstats2 -noparcstats3 -nohyporelabel -nobalabels -lh-only -openmp 16 -subjid sub-v1s14x0051585_ses-1 -sd /out/sourcedata/freesurfer

subjid sub-v1s14x0051585_ses-1
setenv SUBJECTS_DIR /out/sourcedata/freesurfer
FREESURFER_HOME /opt/freesurfer
Actual FREESURFER_HOME /opt/freesurfer
build-stamp.txt: freesurfer-linux-ubuntu22_x86_64-7.3.2-20220804-6354275
Linux dna071 5.14.0-427.37.1.el9_4.x86_64 #1 SMP PREEMPT_DYNAMIC Fri Sep 13 12:41:50 EDT 2024 x86_64 x86_64 x86_64 GNU/Linux
cputime      unlimited
filesize     unlimited
datasize     unlimited
stacksize    8192 kbytes
coredumpsize 0 kbytes
memoryuse    67108864 kbytes
vmemoryuse   unlimited
descriptors  1024 
memorylocked unlimited
maxproc      2061970 
maxlocks     unlimited
maxsignal    2062029 
maxmessage   819200 
maxnice      0 
maxrtprio    0 
maxrttime    unlimited

               total        used        free      shared  buff/cache   available
Mem:           503Gi        47Gi       427Gi       9.3Gi        28Gi       443Gi
Swap:             0B          0B          0B

########################################
program versions used
7.3.2 (freesurfer-linux-ubuntu22_x86_64-7.3.2-20220804-6354275)
7.3.2

ProgramName: lta_convert  ProgramArguments: lta_convert -all-info  ProgramVersion: 7.3.2  TimeStamp: 2026/03/08-20:21:50-GMT  BuildTime: Aug  4 2022 06:17:15  BuildStamp: freesurfer-linux-ubuntu22_x86_64-7.3.2-20220804-6354275  User: oesteban  Machine: dna071  Platform: Linux  PlatformVersion: 5.14.0-427.37.1.el9_4.x86_64  CompilerName: GCC  CompilerVersion: 8.4.0
ProgramName: mri_and  ProgramArguments: mri_and -all-info  ProgramVersion: 7.3.2  TimeStamp: 2026/03/08-20:21:50-GMT  BuildTime: Aug  4 2022 06:17:15  BuildStamp: freesurfer-linux-ubuntu22_x86_64-7.3.2-20220804-6354275  User: oesteban  Machine: dna071  Platform: Linux  PlatformVersion: 5.14.0-427.37.1.el9_4.x86_64  CompilerName: GCC  CompilerVersion: 8.4.0
ProgramName: mri_annotation2label  ProgramArguments: mri_annotation2label -all-info  ProgramVersion: 7.3.2  TimeStamp: 2026/03/08-20:21:50-GMT  BuildTime: Aug  4 2022 06:17:15  BuildStamp: freesurfer-linux-ubuntu22_x86_64-7.3.2-20220804-6354275  User: oesteban  Machine: dna071  Platform: Linux  PlatformVersion: 5.14.0-427.37.1.el9_4.x86_64  CompilerName: GCC  CompilerVersion: 8.4.0
ProgramName: mri_aparc2aseg  ProgramArguments: mri_aparc2aseg -all-info  ProgramVersion: 7.3.2  TimeStamp: 2026/03/08-20:21:50-GMT  BuildTime: Aug  4 2022 06:17:15  BuildStamp: freesurfer-linux-ubuntu22_x86_64-7.3.2-20220804-6354275  User: oesteban  Machine: dna071  Platform: Linux  PlatformVersion: 5.14.0-427.37.1.el9_4.x86_64  CompilerName: GCC  CompilerVersion: 8.4.0
ProgramName: mri_surf2volseg  ProgramArguments: mri_surf2volseg -all-info  ProgramVersion: 7.3.2  TimeStamp: 2026/03/08-20:21:50-GMT  BuildTime: Aug  4 2022 06:17:15  BuildStamp: freesurfer-linux-ubuntu22_x86_64-7.3.2-20220804-6354275  User: oesteban  Machine: dna071  Platform: Linux  PlatformVersion: 5.14.0-427.37.1.el9_4.x86_64  CompilerName: GCC  CompilerVersion: 8.4.0
ProgramName: mri_binarize  ProgramArguments: mri_binarize -all-info  ProgramVersion: 7.3.2  TimeStamp: 2026/03/08-20:21:50-GMT  BuildTime: Aug  4 2022 06:17:15  BuildStamp: freesurfer-linux-ubuntu22_x86_64-7.3.2-20220804-6354275  User: oesteban  Machine: dna071  Platform: Linux  PlatformVersion: 5.14.0-427.37.1.el9_4.x86_64  CompilerName: GCC  CompilerVersion: 8.4.0
ProgramName: mri_ca_label  ProgramArguments: mri_ca_label -all-info  ProgramVersion: 7.3.2  TimeStamp: 2026/03/08-20:21:50-GMT  BuildTime: Aug  4 2022 06:17:15  BuildStamp: freesurfer-linux-ubuntu22_x86_64-7.3.2-20220804-6354275  User: oesteban  Machine: dna071  Platform: Linux  PlatformVersion: 5.14.0-427.37.1.el9_4.x86_64  CompilerName: GCC  CompilerVersion: 8.4.0
ProgramName: mri_ca_normalize  ProgramArguments: mri_ca_normalize -all-info  ProgramVersion: 7.3.2  TimeStamp: 2026/03/08-20:21:50-GMT  BuildTime: Aug  4 2022 06:17:15  BuildStamp: freesurfer-linux-ubuntu22_x86_64-7.3.2-20220804-6354275  User: oesteban  Machine: dna071  Platform: Linux  PlatformVersion: 5.14.0-427.37.1.el9_4.x86_64  CompilerName: GCC  CompilerVersion: 8.4.0
ProgramName: mri_ca_register  ProgramArguments: mri_ca_register -all-info  ProgramVersion: 7.3.2  TimeStamp: 2026/03/08-20:21:50-GMT  BuildTime: Aug  4 2022 06:17:15  BuildStamp: freesurfer-linux-ubuntu22_x86_64-7.3.2-20220804-6354275  User: oesteban  Machine: dna071  Platform: Linux  PlatformVersion: 5.14.0-427.37.1.el9_4.x86_64  CompilerName: GCC  CompilerVersion: 8.4.0
ProgramName: mri_cc  ProgramArguments: mri_cc -all-info  ProgramVersion: 7.3.2  TimeStamp: 2026/03/08-20:21:50-GMT  BuildTime: Aug  4 2022 06:17:15  BuildStamp: freesurfer-linux-ubuntu22_x86_64-7.3.2-20220804-6354275  User: oesteban  Machine: dna071  Platform: Linux  PlatformVersion: 5.14.0-427.37.1.el9_4.x86_64  CompilerName: GCC  CompilerVersion: 8.4.0
ProgramName: mri_compute_overlap  ProgramArguments: mri_compute_overlap -all-info  ProgramVersion: 7.3.2  TimeStamp: 2026/03/08-20:21:50-GMT  BuildTime: Aug  4 2022 06:17:15  BuildStamp: freesurfer-linux-ubuntu22_x86_64-7.3.2-20220804-6354275  User: oesteban  Machine: dna071  Platform: Linux  PlatformVersion: 5.14.0-427.37.1.el9_4.x86_64  CompilerName: GCC  CompilerVersion: 8.4.0
ProgramName: mri_compute_seg_overlap  ProgramArguments: mri_compute_seg_overlap -all-info  ProgramVersion: 7.3.2  TimeStamp: 2026/03/08-20:21:50-GMT  BuildTime: Aug  4 2022 06:17:15  BuildStamp: freesurfer-linux-ubuntu22_x86_64-7.3.2-20220804-6354275  User: oesteban  Machine: dna071  Platform: Linux  PlatformVersion: 5.14.0-427.37.1.el9_4.x86_64  CompilerName: GCC  CompilerVersion: 8.4.0
ProgramName: mri_concat  ProgramArguments: mri_concat -all-info  ProgramVersion: 7.3.2  TimeStamp: 2026/03/08-20:21:50-GMT  BuildTime: Aug  4 2022 06:17:15  BuildStamp: freesurfer-linux-ubuntu22_x86_64-7.3.2-20220804-6354275  User: oesteban  Machine: dna071  Platform: Linux  PlatformVersion: 5.14.0-427.37.1.el9_4.x86_64  CompilerName: GCC  CompilerVersion: 8.4.0
ProgramName: mri_concatenate_lta  ProgramArguments: mri_concatenate_lta -all-info  ProgramVersion: 7.3.2  TimeStamp: 2026/03/08-20:21:50-GMT  BuildTime: Aug  4 2022 06:17:15  BuildStamp: freesurfer-linux-ubuntu22_x86_64-7.3.2-20220804-6354275  User: oesteban  Machine: dna071  Platform: Linux  PlatformVersion: 5.14.0-427.37.1.el9_4.x86_64  CompilerName: GCC  CompilerVersion: 8.4.0
mri_convert -all-info 
ProgramName: mri_convert  ProgramArguments: mri_convert -all-info  ProgramVersion: 7.3.2  TimeStamp: 2026/03/08-20:21:50-GMT  BuildTime: Aug  4 2022 06:17:15  BuildStamp: freesurfer-linux-ubuntu22_x86_64-7.3.2-20220804-6354275  User: oesteban  Machine: dna071  Platform: Linux  PlatformVersion: 5.14.0-427.37.1.el9_4.x86_64  CompilerName: GCC  CompilerVersion: 8.4.0
ProgramName: mri_diff  ProgramArguments: mri_diff -all-info  ProgramVersion: 7.3.2  TimeStamp: 2026/03/08-20:21:50-GMT  BuildTime: Aug  4 2022 06:17:15  BuildStamp: freesurfer-linux-ubuntu22_x86_64-7.3.2-20220804-6354275  User: oesteban  Machine: dna071  Platform: Linux  PlatformVersion: 5.14.0-427.37.1.el9_4.x86_64  CompilerName: GCC  CompilerVersion: 8.4.0
ProgramName: mri_edit_wm_with_aseg  ProgramArguments: mri_edit_wm_with_aseg -all-info  ProgramVersion: 7.3.2  TimeStamp: 2026/03/08-20:21:50-GMT  BuildTime: Aug  4 2022 06:17:15  BuildStamp: freesurfer-linux-ubuntu22_x86_64-7.3.2-20220804-6354275  User: oesteban  Machine: dna071  Platform: Linux  PlatformVersion: 5.14.0-427.37.1.el9_4.x86_64  CompilerName: GCC  CompilerVersion: 8.4.0
ProgramName: mri_em_register  ProgramArguments: mri_em_register -all-info  ProgramVersion: 7.3.2  TimeStamp: 2026/03/08-20:21:50-GMT  BuildTime: Aug  4 2022 06:17:15  BuildStamp: freesurfer-linux-ubuntu22_x86_64-7.3.2-20220804-6354275  User: oesteban  Machine: dna071  Platform: Linux  PlatformVersion: 5.14.0-427.37.1.el9_4.x86_64  CompilerName: GCC  CompilerVersion: 8.4.0
ProgramName: mri_fill  ProgramArguments: mri_fill -all-info  ProgramVersion: 7.3.2  TimeStamp: 2026/03/08-20:21:50-GMT  BuildTime: Aug  4 2022 06:17:15  BuildStamp: freesurfer-linux-ubuntu22_x86_64-7.3.2-20220804-6354275  User: oesteban  Machine: dna071  Platform: Linux  PlatformVersion: 5.14.0-427.37.1.el9_4.x86_64  CompilerName: GCC  CompilerVersion: 8.4.0
ProgramName: mri_fuse_segmentations  ProgramArguments: mri_fuse_segmentations -all-info  ProgramVersion: 7.3.2  TimeStamp: 2026/03/08-20:21:50-GMT  BuildTime: Aug  4 2022 06:17:15  BuildStamp: freesurfer-linux-ubuntu22_x86_64-7.3.2-20220804-6354275  User: oesteban  Machine: dna071  Platform: Linux  PlatformVersion: 5.14.0-427.37.1.el9_4.x86_64  CompilerName: GCC  CompilerVersion: 8.4.0
ProgramName: mri_fwhm  ProgramArguments: mri_fwhm -all-info  ProgramVersion: 7.3.2  TimeStamp: 2026/03/08-20:21:50-GMT  BuildTime: Aug  4 2022 06:17:15  BuildStamp: freesurfer-linux-ubuntu22_x86_64-7.3.2-20220804-6354275  User: oesteban  Machine: dna071  Platform: Linux  PlatformVersion: 5.14.0-427.37.1.el9_4.x86_64  CompilerName: GCC  CompilerVersion: 8.4.0
ProgramName: mri_gcut  ProgramArguments: mri_gcut -all-info  ProgramVersion: 7.3.2  TimeStamp: 2026/03/08-20:21:50-GMT  BuildTime: Aug  4 2022 06:17:15  BuildStamp: freesurfer-linux-ubuntu22_x86_64-7.3.2-20220804-6354275  User: oesteban  Machine: dna071  Platform: Linux  PlatformVersion: 5.14.0-427.37.1.el9_4.x86_64  CompilerName: GCC  CompilerVersion: 8.4.0
ProgramName: mri_info  ProgramArguments: mri_info -all-info  ProgramVersion: 7.3.2  TimeStamp: 2026/03/08-20:21:50-GMT  BuildTime: Aug  4 2022 06:17:15  BuildStamp: freesurfer-linux-ubuntu22_x86_64-7.3.2-20220804-6354275  User: oesteban  Machine: dna071  Platform: Linux  PlatformVersion: 5.14.0-427.37.1.el9_4.x86_64  CompilerName: GCC  CompilerVersion: 8.4.0
ProgramName: mri_label2label  ProgramArguments: mri_label2label -all-info  ProgramVersion: 7.3.2  TimeStamp: 2026/03/08-20:21:50-GMT  BuildTime: Aug  4 2022 06:17:15  BuildStamp: freesurfer-linux-ubuntu22_x86_64-7.3.2-20220804-6354275  User: oesteban  Machine: dna071  Platform: Linux  PlatformVersion: 5.14.0-427.37.1.el9_4.x86_64  CompilerName: GCC  CompilerVersion: 8.4.0
ProgramName: mri_label2vol  ProgramArguments: mri_label2vol -all-info  ProgramVersion: 7.3.2  TimeStamp: 2026/03/08-20:21:50-GMT  BuildTime: Aug  4 2022 06:17:15  BuildStamp: freesurfer-linux-ubuntu22_x86_64-7.3.2-20220804-6354275  User: oesteban  Machine: dna071  Platform: Linux  PlatformVersion: 5.14.0-427.37.1.el9_4.x86_64  CompilerName: GCC  CompilerVersion: 8.4.0
ProgramName: mri_log_likelihood  ProgramArguments: mri_log_likelihood -all-info  ProgramVersion: 7.3.2  TimeStamp: 2026/03/08-20:21:50-GMT  BuildTime: Aug  4 2022 06:17:15  BuildStamp: freesurfer-linux-ubuntu22_x86_64-7.3.2-20220804-6354275  User: oesteban  Machine: dna071  Platform: Linux  PlatformVersion: 5.14.0-427.37.1.el9_4.x86_64  CompilerName: GCC  CompilerVersion: 8.4.0
ProgramName: mri_mask  ProgramArguments: mri_mask -all-info  ProgramVersion: 7.3.2  TimeStamp: 2026/03/08-20:21:50-GMT  BuildTime: Aug  4 2022 06:17:15  BuildStamp: freesurfer-linux-ubuntu22_x86_64-7.3.2-20220804-6354275  User: oesteban  Machine: dna071  Platform: Linux  PlatformVersion: 5.14.0-427.37.1.el9_4.x86_64  CompilerName: GCC  CompilerVersion: 8.4.0
ProgramName: mri_matrix_multiply  ProgramArguments: mri_matrix_multiply -all-info  ProgramVersion: 7.3.2  TimeStamp: 2026/03/08-20:21:50-GMT  BuildTime: Aug  4 2022 06:17:15  BuildStamp: freesurfer-linux-ubuntu22_x86_64-7.3.2-20220804-6354275  User: oesteban  Machine: dna071  Platform: Linux  PlatformVersion: 5.14.0-427.37.1.el9_4.x86_64  CompilerName: GCC  CompilerVersion: 8.4.0
ProgramName: mri_normalize  ProgramArguments: mri_normalize -all-info  ProgramVersion: 7.3.2  TimeStamp: 2026/03/08-20:21:50-GMT  BuildTime: Aug  4 2022 06:17:15  BuildStamp: freesurfer-linux-ubuntu22_x86_64-7.3.2-20220804-6354275  User: oesteban  Machine: dna071  Platform: Linux  PlatformVersion: 5.14.0-427.37.1.el9_4.x86_64  CompilerName: GCC  CompilerVersion: 8.4.0
ProgramName: mri_normalize_tp2  ProgramArguments: mri_normalize_tp2 -all-info  ProgramVersion: 7.3.2  TimeStamp: 2026/03/08-20:21:50-GMT  BuildTime: Aug  4 2022 06:17:15  BuildStamp: freesurfer-linux-ubuntu22_x86_64-7.3.2-20220804-6354275  User: oesteban  Machine: dna071  Platform: Linux  PlatformVersion: 5.14.0-427.37.1.el9_4.x86_64  CompilerName: GCC  CompilerVersion: 8.4.0
ProgramName: mri_or  ProgramArguments: mri_or -all-info  ProgramVersion: 7.3.2  TimeStamp: 2026/03/08-20:21:50-GMT  BuildTime: Aug  4 2022 06:17:15  BuildStamp: freesurfer-linux-ubuntu22_x86_64-7.3.2-20220804-6354275  User: oesteban  Machine: dna071  Platform: Linux  PlatformVersion: 5.14.0-427.37.1.el9_4.x86_64  CompilerName: GCC  CompilerVersion: 8.4.0
ProgramName: mri_relabel_hypointensities  ProgramArguments: mri_relabel_hypointensities -all-info  ProgramVersion: 7.3.2  TimeStamp: 2026/03/08-20:21:50-GMT  BuildTime: Aug  4 2022 06:17:15  BuildStamp: freesurfer-linux-ubuntu22_x86_64-7.3.2-20220804-6354275  User: oesteban  Machine: dna071  Platform: Linux  PlatformVersion: 5.14.0-427.37.1.el9_4.x86_64  CompilerName: GCC  CompilerVersion: 8.4.0
ProgramName: mri_relabel_nonwm_hypos  ProgramArguments: mri_relabel_nonwm_hypos -all-info  ProgramVersion: 7.3.2  TimeStamp: 2026/03/08-20:21:50-GMT  BuildTime: Aug  4 2022 06:17:15  BuildStamp: freesurfer-linux-ubuntu22_x86_64-7.3.2-20220804-6354275  User: oesteban  Machine: dna071  Platform: Linux  PlatformVersion: 5.14.0-427.37.1.el9_4.x86_64  CompilerName: GCC  CompilerVersion: 8.4.0
ProgramName: mri_remove_neck  ProgramArguments: mri_remove_neck -all-info  ProgramVersion: 7.3.2  TimeStamp: 2026/03/08-20:21:50-GMT  BuildTime: Aug  4 2022 06:17:15  BuildStamp: freesurfer-linux-ubuntu22_x86_64-7.3.2-20220804-6354275  User: oesteban  Machine: dna071  Platform: Linux  PlatformVersion: 5.14.0-427.37.1.el9_4.x86_64  CompilerName: GCC  CompilerVersion: 8.4.0
7.3.2

ProgramName: mri_robust_register  ProgramArguments: mri_robust_register -all-info  ProgramVersion: 7.3.2  TimeStamp: 2026/03/08-20:21:50-GMT  BuildTime: Aug  4 2022 06:17:15  BuildStamp: freesurfer-linux-ubuntu22_x86_64-7.3.2-20220804-6354275  User: oesteban  Machine: dna071  Platform: Linux  PlatformVersion: 5.14.0-427.37.1.el9_4.x86_64  CompilerName: GCC  CompilerVersion: 8.4.0
7.3.2

ProgramName: mri_robust_template  ProgramArguments: mri_robust_template -all-info  ProgramVersion: 7.3.2  TimeStamp: 2026/03/08-20:21:50-GMT  BuildTime: Aug  4 2022 06:17:15  BuildStamp: freesurfer-linux-ubuntu22_x86_64-7.3.2-20220804-6354275  User: oesteban  Machine: dna071  Platform: Linux  PlatformVersion: 5.14.0-427.37.1.el9_4.x86_64  CompilerName: GCC  CompilerVersion: 8.4.0
ProgramName: mris_anatomical_stats  ProgramArguments: mris_anatomical_stats -all-info  ProgramVersion: 7.3.2  TimeStamp: 2026/03/08-20:21:50-GMT  BuildTime: Aug  4 2022 06:17:15  BuildStamp: freesurfer-linux-ubuntu22_x86_64-7.3.2-20220804-6354275  User: oesteban  Machine: dna071  Platform: Linux  PlatformVersion: 5.14.0-427.37.1.el9_4.x86_64  CompilerName: GCC  CompilerVersion: 8.4.0
ProgramName: mris_ca_label  ProgramArguments: mris_ca_label -all-info  ProgramVersion: 7.3.2  TimeStamp: 2026/03/08-20:21:50-GMT  BuildTime: Aug  4 2022 06:17:15  BuildStamp: freesurfer-linux-ubuntu22_x86_64-7.3.2-20220804-6354275  User: oesteban  Machine: dna071  Platform: Linux  PlatformVersion: 5.14.0-427.37.1.el9_4.x86_64  CompilerName: GCC  CompilerVersion: 8.4.0
ProgramName: mris_calc  ProgramArguments: mris_calc -all-info  ProgramVersion: 7.3.2  TimeStamp: 2026/03/08-20:21:50-GMT  BuildTime: Aug  4 2022 06:17:15  BuildStamp: freesurfer-linux-ubuntu22_x86_64-7.3.2-20220804-6354275  User: oesteban  Machine: dna071  Platform: Linux  PlatformVersion: 5.14.0-427.37.1.el9_4.x86_64  CompilerName: GCC  CompilerVersion: 8.4.0
ProgramName: mris_convert  ProgramArguments: mris_convert -all-info  ProgramVersion: 7.3.2  TimeStamp: 2026/03/08-20:21:50-GMT  BuildTime: Aug  4 2022 06:17:15  BuildStamp: freesurfer-linux-ubuntu22_x86_64-7.3.2-20220804-6354275  User: oesteban  Machine: dna071  Platform: Linux  PlatformVersion: 5.14.0-427.37.1.el9_4.x86_64  CompilerName: GCC  CompilerVersion: 8.4.0
ProgramName: mris_curvature  ProgramArguments: mris_curvature -all-info  ProgramVersion: 7.3.2  TimeStamp: 2026/03/08-20:21:50-GMT  BuildTime: Aug  4 2022 06:17:15  BuildStamp: freesurfer-linux-ubuntu22_x86_64-7.3.2-20220804-6354275  User: oesteban  Machine: dna071  Platform: Linux  PlatformVersion: 5.14.0-427.37.1.el9_4.x86_64  CompilerName: GCC  CompilerVersion: 8.4.0
ProgramName: mris_curvature_stats  ProgramArguments: mris_curvature_stats -all-info  ProgramVersion: 7.3.2  TimeStamp: 2026/03/08-20:21:50-GMT  BuildTime: Aug  4 2022 06:17:15  BuildStamp: freesurfer-linux-ubuntu22_x86_64-7.3.2-20220804-6354275  User: oesteban  Machine: dna071  Platform: Linux  PlatformVersion: 5.14.0-427.37.1.el9_4.x86_64  CompilerName: GCC  CompilerVersion: 8.4.0
ProgramName: mris_diff  ProgramArguments: mris_diff -all-info  ProgramVersion: 7.3.2  TimeStamp: 2026/03/08-20:21:50-GMT  BuildTime: Aug  4 2022 06:17:15  BuildStamp: freesurfer-linux-ubuntu22_x86_64-7.3.2-20220804-6354275  User: oesteban  Machine: dna071  Platform: Linux  PlatformVersion: 5.14.0-427.37.1.el9_4.x86_64  CompilerName: GCC  CompilerVersion: 8.4.0
ProgramName: mris_divide_parcellation  ProgramArguments: mris_divide_parcellation -all-info  ProgramVersion: 7.3.2  TimeStamp: 2026/03/08-20:21:50-GMT  BuildTime: Aug  4 2022 06:17:15  BuildStamp: freesurfer-linux-ubuntu22_x86_64-7.3.2-20220804-6354275  User: oesteban  Machine: dna071  Platform: Linux  PlatformVersion: 5.14.0-427.37.1.el9_4.x86_64  CompilerName: GCC  CompilerVersion: 8.4.0
ProgramName: mri_segment  ProgramArguments: mri_segment -all-info  ProgramVersion: 7.3.2  TimeStamp: 2026/03/08-20:21:50-GMT  BuildTime: Aug  4 2022 06:17:15  BuildStamp: freesurfer-linux-ubuntu22_x86_64-7.3.2-20220804-6354275  User: oesteban  Machine: dna071  Platform: Linux  PlatformVersion: 5.14.0-427.37.1.el9_4.x86_64  CompilerName: GCC  CompilerVersion: 8.4.0
ProgramName: mri_segstats  ProgramArguments: mri_segstats -all-info  ProgramVersion: 7.3.2  TimeStamp: 2026/03/08-20:21:50-GMT  BuildTime: Aug  4 2022 06:17:15  BuildStamp: freesurfer-linux-ubuntu22_x86_64-7.3.2-20220804-6354275  User: oesteban  Machine: dna071  Platform: Linux  PlatformVersion: 5.14.0-427.37.1.el9_4.x86_64  CompilerName: GCC  CompilerVersion: 8.4.0
ProgramName: mris_euler_number  ProgramArguments: mris_euler_number -all-info  ProgramVersion: 7.3.2  TimeStamp: 2026/03/08-20:21:51-GMT  BuildTime: Aug  4 2022 06:17:15  BuildStamp: freesurfer-linux-ubuntu22_x86_64-7.3.2-20220804-6354275  User: oesteban  Machine: dna071  Platform: Linux  PlatformVersion: 5.14.0-427.37.1.el9_4.x86_64  CompilerName: GCC  CompilerVersion: 8.4.0
ProgramName: mris_fix_topology  ProgramArguments: mris_fix_topology -all-info  ProgramVersion: 7.3.2  TimeStamp: 2026/03/08-20:21:51-GMT  BuildTime: Aug  4 2022 06:17:15  BuildStamp: freesurfer-linux-ubuntu22_x86_64-7.3.2-20220804-6354275  User: oesteban  Machine: dna071  Platform: Linux  PlatformVersion: 5.14.0-427.37.1.el9_4.x86_64  CompilerName: GCC  CompilerVersion: 8.4.0
ProgramName: mris_topo_fixer  ProgramArguments: mris_topo_fixer -all-info  ProgramVersion: 7.3.2  TimeStamp: 2026/03/08-20:21:51-GMT  BuildTime: Aug  4 2022 06:17:15  BuildStamp: freesurfer-linux-ubuntu22_x86_64-7.3.2-20220804-6354275  User: oesteban  Machine: dna071  Platform: Linux  PlatformVersion: 5.14.0-427.37.1.el9_4.x86_64  CompilerName: GCC  CompilerVersion: 8.4.0
ProgramName: mris_jacobian  ProgramArguments: mris_jacobian -all-info  ProgramVersion: 7.3.2  TimeStamp: 2026/03/08-20:21:51-GMT  BuildTime: Aug  4 2022 06:17:15  BuildStamp: freesurfer-linux-ubuntu22_x86_64-7.3.2-20220804-6354275  User: oesteban  Machine: dna071  Platform: Linux  PlatformVersion: 5.14.0-427.37.1.el9_4.x86_64  CompilerName: GCC  CompilerVersion: 8.4.0
ProgramName: mris_label2annot  ProgramArguments: mris_label2annot -all-info  ProgramVersion: 7.3.2  TimeStamp: 2026/03/08-20:21:51-GMT  BuildTime: Aug  4 2022 06:17:15  BuildStamp: freesurfer-linux-ubuntu22_x86_64-7.3.2-20220804-6354275  User: oesteban  Machine: dna071  Platform: Linux  PlatformVersion: 5.14.0-427.37.1.el9_4.x86_64  CompilerName: GCC  CompilerVersion: 8.4.0
ProgramName: mris_left_right_register  ProgramArguments: mris_left_right_register -all-info  ProgramVersion: 7.3.2  TimeStamp: 2026/03/08-20:21:51-GMT  BuildTime: Aug  4 2022 06:17:15  BuildStamp: freesurfer-linux-ubuntu22_x86_64-7.3.2-20220804-6354275  User: oesteban  Machine: dna071  Platform: Linux  PlatformVersion: 5.14.0-427.37.1.el9_4.x86_64  CompilerName: GCC  CompilerVersion: 8.4.0
ProgramName: mris_place_surface  ProgramArguments: mris_place_surface -all-info  ProgramVersion: 7.3.2  TimeStamp: 2026/03/08-20:21:51-GMT  BuildTime: Aug  4 2022 06:17:15  BuildStamp: freesurfer-linux-ubuntu22_x86_64-7.3.2-20220804-6354275  User: oesteban  Machine: dna071  Platform: Linux  PlatformVersion: 5.14.0-427.37.1.el9_4.x86_64  CompilerName: GCC  CompilerVersion: 8.4.0
ProgramName: mrisp_paint  ProgramArguments: mrisp_paint -all-info  ProgramVersion: 7.3.2  TimeStamp: 2026/03/08-20:21:51-GMT  BuildTime: Aug  4 2022 06:17:15  BuildStamp: freesurfer-linux-ubuntu22_x86_64-7.3.2-20220804-6354275  User: oesteban  Machine: dna071  Platform: Linux  PlatformVersion: 5.14.0-427.37.1.el9_4.x86_64  CompilerName: GCC  CompilerVersion: 8.4.0
ProgramName: mris_register  ProgramArguments: mris_register -all-info  ProgramVersion: 7.3.2  TimeStamp: 2026/03/08-20:21:51-GMT  BuildTime: Aug  4 2022 06:17:15  BuildStamp: freesurfer-linux-ubuntu22_x86_64-7.3.2-20220804-6354275  User: oesteban  Machine: dna071  Platform: Linux  PlatformVersion: 5.14.0-427.37.1.el9_4.x86_64  CompilerName: GCC  CompilerVersion: 8.4.0
ProgramName: mris_smooth  ProgramArguments: mris_smooth -all-info  ProgramVersion: 7.3.2  TimeStamp: 2026/03/08-20:21:51-GMT  BuildTime: Aug  4 2022 06:17:15  BuildStamp: freesurfer-linux-ubuntu22_x86_64-7.3.2-20220804-6354275  User: oesteban  Machine: dna071  Platform: Linux  PlatformVersion: 5.14.0-427.37.1.el9_4.x86_64  CompilerName: GCC  CompilerVersion: 8.4.0
ProgramName: mris_sphere  ProgramArguments: mris_sphere -all-info  ProgramVersion: 7.3.2  TimeStamp: 2026/03/08-20:21:51-GMT  BuildTime: Aug  4 2022 06:17:15  BuildStamp: freesurfer-linux-ubuntu22_x86_64-7.3.2-20220804-6354275  User: oesteban  Machine: dna071  Platform: Linux  PlatformVersion: 5.14.0-427.37.1.el9_4.x86_64  CompilerName: GCC  CompilerVersion: 8.4.0
ProgramName: mris_surface_stats  ProgramArguments: mris_surface_stats -all-info  ProgramVersion: 7.3.2  TimeStamp: 2026/03/08-20:21:51-GMT  BuildTime: Aug  4 2022 06:17:15  BuildStamp: freesurfer-linux-ubuntu22_x86_64-7.3.2-20220804-6354275  User: oesteban  Machine: dna071  Platform: Linux  PlatformVersion: 5.14.0-427.37.1.el9_4.x86_64  CompilerName: GCC  CompilerVersion: 8.4.0
ProgramName: mri_stats2seg  ProgramArguments: mri_stats2seg -all-info  ProgramVersion: 7.3.2  TimeStamp: 2026/03/08-20:21:51-GMT  BuildTime: Aug  4 2022 06:17:15  BuildStamp: freesurfer-linux-ubuntu22_x86_64-7.3.2-20220804-6354275  User: oesteban  Machine: dna071  Platform: Linux  PlatformVersion: 5.14.0-427.37.1.el9_4.x86_64  CompilerName: GCC  CompilerVersion: 8.4.0
ProgramName: mris_thickness  ProgramArguments: mris_thickness -all-info  ProgramVersion: 7.3.2  TimeStamp: 2026/03/08-20:21:51-GMT  BuildTime: Aug  4 2022 06:17:15  BuildStamp: freesurfer-linux-ubuntu22_x86_64-7.3.2-20220804-6354275  User: oesteban  Machine: dna071  Platform: Linux  PlatformVersion: 5.14.0-427.37.1.el9_4.x86_64  CompilerName: GCC  CompilerVersion: 8.4.0
ProgramName: mris_thickness_diff  ProgramArguments: mris_thickness_diff -all-info  ProgramVersion: 7.3.2  TimeStamp: 2026/03/08-20:21:51-GMT  BuildTime: Aug  4 2022 06:17:15  BuildStamp: freesurfer-linux-ubuntu22_x86_64-7.3.2-20220804-6354275  User: oesteban  Machine: dna071  Platform: Linux  PlatformVersion: 5.14.0-427.37.1.el9_4.x86_64  CompilerName: GCC  CompilerVersion: 8.4.0
ProgramName: mris_topo_fixer  ProgramArguments: mris_topo_fixer -all-info  ProgramVersion: 7.3.2  TimeStamp: 2026/03/08-20:21:51-GMT  BuildTime: Aug  4 2022 06:17:15  BuildStamp: freesurfer-linux-ubuntu22_x86_64-7.3.2-20220804-6354275  User: oesteban  Machine: dna071  Platform: Linux  PlatformVersion: 5.14.0-427.37.1.el9_4.x86_64  CompilerName: GCC  CompilerVersion: 8.4.0
ProgramName: mri_surf2surf  ProgramArguments: mri_surf2surf -all-info  ProgramVersion: 7.3.2  TimeStamp: 2026/03/08-20:21:51-GMT  BuildTime: Aug  4 2022 06:17:15  BuildStamp: freesurfer-linux-ubuntu22_x86_64-7.3.2-20220804-6354275  User: oesteban  Machine: dna071  Platform: Linux  PlatformVersion: 5.14.0-427.37.1.el9_4.x86_64  CompilerName: GCC  CompilerVersion: 8.4.0
ProgramName: mri_surf2vol  ProgramArguments: mri_surf2vol -all-info  ProgramVersion: 7.3.2  TimeStamp: 2026/03/08-20:21:51-GMT  BuildTime: Aug  4 2022 06:17:15  BuildStamp: freesurfer-linux-ubuntu22_x86_64-7.3.2-20220804-6354275  User: oesteban  Machine: dna071  Platform: Linux  PlatformVersion: 5.14.0-427.37.1.el9_4.x86_64  CompilerName: GCC  CompilerVersion: 8.4.0
ProgramName: mri_surfcluster  ProgramArguments: mri_surfcluster -all-info  ProgramVersion: 7.3.2  TimeStamp: 2026/03/08-20:21:51-GMT  BuildTime: Aug  4 2022 06:17:15  BuildStamp: freesurfer-linux-ubuntu22_x86_64-7.3.2-20220804-6354275  User: oesteban  Machine: dna071  Platform: Linux  PlatformVersion: 5.14.0-427.37.1.el9_4.x86_64  CompilerName: GCC  CompilerVersion: 8.4.0
ProgramName: mris_volmask  ProgramArguments: mris_volmask -all-info  ProgramVersion: 7.3.2  TimeStamp: 2026/03/08-20:21:51-GMT  BuildTime: Aug  4 2022 06:17:15  BuildStamp: freesurfer-linux-ubuntu22_x86_64-7.3.2-20220804-6354275  User: oesteban  Machine: dna071  Platform: Linux  PlatformVersion: 5.14.0-427.37.1.el9_4.x86_64  CompilerName: GCC  CompilerVersion: 8.4.0
ProgramName: mri_tessellate  ProgramArguments: mri_tessellate -all-info  ProgramVersion: 7.3.2  TimeStamp: 2026/03/08-20:21:51-GMT  BuildTime: Aug  4 2022 06:17:15  BuildStamp: freesurfer-linux-ubuntu22_x86_64-7.3.2-20220804-6354275  User: oesteban  Machine: dna071  Platform: Linux  PlatformVersion: 5.14.0-427.37.1.el9_4.x86_64  CompilerName: GCC  CompilerVersion: 8.4.0
ProgramName: mri_vol2surf  ProgramArguments: mri_vol2surf -all-info  ProgramVersion: 7.3.2  TimeStamp: 2026/03/08-20:21:51-GMT  BuildTime: Aug  4 2022 06:17:15  BuildStamp: freesurfer-linux-ubuntu22_x86_64-7.3.2-20220804-6354275  User: oesteban  Machine: dna071  Platform: Linux  PlatformVersion: 5.14.0-427.37.1.el9_4.x86_64  CompilerName: GCC  CompilerVersion: 8.4.0
ProgramName: mri_vol2vol  ProgramArguments: mri_vol2vol -all-info  ProgramVersion: 7.3.2  TimeStamp: 2026/03/08-20:21:51-GMT  BuildTime: Aug  4 2022 06:17:15  BuildStamp: freesurfer-linux-ubuntu22_x86_64-7.3.2-20220804-6354275  User: oesteban  Machine: dna071  Platform: Linux  PlatformVersion: 5.14.0-427.37.1.el9_4.x86_64  CompilerName: GCC  CompilerVersion: 8.4.0
ProgramName: mri_voldiff  ProgramArguments: mri_voldiff -all-info  ProgramVersion: 7.3.2  TimeStamp: 2026/03/08-20:21:51-GMT  BuildTime: Aug  4 2022 06:17:15  BuildStamp: freesurfer-linux-ubuntu22_x86_64-7.3.2-20220804-6354275  User: oesteban  Machine: dna071  Platform: Linux  PlatformVersion: 5.14.0-427.37.1.el9_4.x86_64  CompilerName: GCC  CompilerVersion: 8.4.0
ProgramName: mri_watershed  ProgramArguments: mri_watershed -all-info  ProgramVersion: 7.3.2  TimeStamp: 2026/03/08-20:21:51-GMT  BuildTime: Aug  4 2022 06:17:15  BuildStamp: freesurfer-linux-ubuntu22_x86_64-7.3.2-20220804-6354275  User: oesteban  Machine: dna071  Platform: Linux  PlatformVersion: 5.14.0-427.37.1.el9_4.x86_64  CompilerName: GCC  CompilerVersion: 8.4.0
ProgramName: tkregister2  ProgramArguments: tkregister2_cmdl -all-info  ProgramVersion: 7.3.2  TimeStamp: 2026/03/08-20:21:51-GMT  BuildTime: Aug  4 2022 06:17:15  BuildStamp: freesurfer-linux-ubuntu22_x86_64-7.3.2-20220804-6354275  User: oesteban  Machine: dna071  Platform: Linux  PlatformVersion: 5.14.0-427.37.1.el9_4.x86_64  CompilerName: GCC  CompilerVersion: 8.4.0
mri_motion_correct.fsl 7.3.2
mri_convert -all-info 
ProgramName: mri_convert  ProgramArguments: mri_convert -all-info  ProgramVersion: 7.3.2  TimeStamp: 2026/03/08-20:21:51-GMT  BuildTime: Aug  4 2022 06:17:15  BuildStamp: freesurfer-linux-ubuntu22_x86_64-7.3.2-20220804-6354275  User: oesteban  Machine: dna071  Platform: Linux  PlatformVersion: 5.14.0-427.37.1.el9_4.x86_64  CompilerName: GCC  CompilerVersion: 8.4.0
Program nu_correct, built from:
Package MNI N3, version 1.12.0, compiled by nicks@terrier (x86_64-unknown-linux-gnu) on 2015-06-19 at 01:25:34
#######################################
GCADIR /opt/freesurfer/average
GCA RB_all_2020-01-02.gca
GCASkull RB_all_withskull_2020_01_02.gca
AvgCurvTif folding.atlas.acfb40.noaparc.i12.2016-08-02.tif
GCSDIR /opt/freesurfer/average
GCS DKaparc.atlas.acfb40.noaparc.i12.2016-08-02.gcs
#######################################
#--------------------------------------------
#@# Tessellate lh Sun Mar  8 21:21:51 CET 2026
/out/sourcedata/freesurfer/sub-v1s14x0051585_ses-1/scripts

 mri_pretess ../mri/filled.mgz 255 ../mri/norm.mgz ../mri/filled-pretess255.mgz 


Iteration Number : 1
pass   1 (xy+):   6 found -   6 modified     |    TOTAL:   6
pass   2 (xy+):   0 found -   6 modified     |    TOTAL:   6
pass   1 (xy-):   4 found -   4 modified     |    TOTAL:  10
pass   2 (xy-):   0 found -   4 modified     |    TOTAL:  10
pass   1 (yz+):  15 found -  15 modified     |    TOTAL:  25
pass   2 (yz+):   0 found -  15 modified     |    TOTAL:  25
pass   1 (yz-):  12 found -  12 modified     |    TOTAL:  37
pass   2 (yz-):   0 found -  12 modified     |    TOTAL:  37
pass   1 (xz+):   2 found -   2 modified     |    TOTAL:  39
pass   2 (xz+):   0 found -   2 modified     |    TOTAL:  39
pass   1 (xz-):   4 found -   4 modified     |    TOTAL:  43
pass   2 (xz-):   0 found -   4 modified     |    TOTAL:  43
Iteration Number : 1
pass   1 (+++):   0 found -   0 modified     |    TOTAL:   0
pass   1 (+++):   0 found -   0 modified     |    TOTAL:   0
pass   1 (+++):   0 found -   0 modified     |    TOTAL:   0
pass   1 (+++):   0 found -   0 modified     |    TOTAL:   0
Iteration Number : 1
pass   1 (++):   0 found -   0 modified     |    TOTAL:   0
pass   1 (+-):   2 found -   2 modified     |    TOTAL:   2
pass   2 (+-):   0 found -   2 modified     |    TOTAL:   2
pass   1 (--):   1 found -   1 modified     |    TOTAL:   3
pass   2 (--):   0 found -   1 modified     |    TOTAL:   3
pass   1 (-+):   3 found -   3 modified     |    TOTAL:   6
pass   2 (-+):   0 found -   3 modified     |    TOTAL:   6
Iteration Number : 2
pass   1 (xy+):   0 found -   0 modified     |    TOTAL:   0
pass   1 (xy-):   1 found -   1 modified     |    TOTAL:   1
pass   2 (xy-):   0 found -   1 modified     |    TOTAL:   1
pass   1 (yz+):   1 found -   1 modified     |    TOTAL:   2
pass   2 (yz+):   0 found -   1 modified     |    TOTAL:   2
pass   1 (yz-):   0 found -   0 modified     |    TOTAL:   2
pass   1 (xz+):   0 found -   0 modified     |    TOTAL:   2
pass   1 (xz-):   0 found -   0 modified     |    TOTAL:   2
Iteration Number : 2
pass   1 (+++):   0 found -   0 modified     |    TOTAL:   0
pass   1 (+++):   0 found -   0 modified     |    TOTAL:   0
pass   1 (+++):   0 found -   0 modified     |    TOTAL:   0
pass   1 (+++):   0 found -   0 modified     |    TOTAL:   0
Iteration Number : 2
pass   1 (++):   0 found -   0 modified     |    TOTAL:   0
pass   1 (+-):   0 found -   0 modified     |    TOTAL:   0
pass   1 (--):   0 found -   0 modified     |    TOTAL:   0
pass   1 (-+):   0 found -   0 modified     |    TOTAL:   0
Iteration Number : 3
pass   1 (xy+):   0 found -   0 modified     |    TOTAL:   0
pass   1 (xy-):   0 found -   0 modified     |    TOTAL:   0
pass   1 (yz+):   0 found -   0 modified     |    TOTAL:   0
pass   1 (yz-):   0 found -   0 modified     |    TOTAL:   0
pass   1 (xz+):   0 found -   0 modified     |    TOTAL:   0
pass   1 (xz-):   0 found -   0 modified     |    TOTAL:   0
Iteration Number : 3
pass   1 (+++):   0 found -   0 modified     |    TOTAL:   0
pass   1 (+++):   0 found -   0 modified     |    TOTAL:   0
pass   1 (+++):   0 found -   0 modified     |    TOTAL:   0
pass   1 (+++):   0 found -   0 modified     |    TOTAL:   0
Iteration Number : 3
pass   1 (++):   0 found -   0 modified     |    TOTAL:   0
pass   1 (+-):   0 found -   0 modified     |    TOTAL:   0
pass   1 (--):   0 found -   0 modified     |    TOTAL:   0
pass   1 (-+):   0 found -   0 modified     |    TOTAL:   0

Total Number of Modified Voxels = 51 (out of 296055: 0.017227)
Ambiguous edge configurations... 

mri_pretess done


 mri_tessellate ../mri/filled-pretess255.mgz 255 ../surf/lh.orig.nofix 

7.3.2
  7.3.2
slice 40: 37 vertices, 48 faces
slice 50: 4039 vertices, 4282 faces
slice 60: 11602 vertices, 11879 faces
slice 70: 20067 vertices, 20400 faces
slice 80: 30281 vertices, 30686 faces
slice 90: 41076 vertices, 41441 faces
slice 100: 52134 vertices, 52502 faces
slice 110: 64133 vertices, 64576 faces
slice 120: 77423 vertices, 77881 faces
slice 130: 90544 vertices, 91049 faces
slice 140: 102424 vertices, 102878 faces
slice 150: 113725 vertices, 114160 faces
slice 160: 123100 vertices, 123454 faces
slice 170: 131379 vertices, 131714 faces
slice 180: 138971 vertices, 139290 faces
slice 190: 145199 vertices, 145445 faces
slice 200: 150517 vertices, 150746 faces
slice 210: 153131 vertices, 153223 faces
slice 220: 153392 vertices, 153456 faces
slice 230: 153392 vertices, 153456 faces
slice 240: 153392 vertices, 153456 faces
slice 250: 153392 vertices, 153456 faces
using the conformed surface RAS to save vertex points...
writing ../surf/lh.orig.nofix
using vox2ras matrix:
-1.00000   0.00000   0.00000   128.00000;
 0.00000   0.00000   1.00000  -128.00000;
 0.00000  -1.00000   0.00000   128.00000;
 0.00000   0.00000   0.00000   1.00000;

 rm -f ../mri/filled-pretess255.mgz 


 mris_extract_main_component ../surf/lh.orig.nofix ../surf/lh.orig.nofix 


counting number of connected components...
   153392 voxel in cpt #1: X=-64 [v=153392,e=460368,f=306912] located at (-27.742373, -8.499186, -3.172825)
For the whole surface: X=-64 [v=153392,e=460368,f=306912]
One single component has been found
nothing to do
done

#--------------------------------------------
#@# Smooth1 lh Sun Mar  8 21:21:53 CET 2026
/out/sourcedata/freesurfer/sub-v1s14x0051585_ses-1/scripts

 mris_smooth -nw -seed 1234 ../surf/lh.orig.nofix ../surf/lh.smoothwm.nofix 

setting seed for random number generator to 1234
smoothing surface tessellation for 10 iterations...
smoothing complete - recomputing first and second fundamental forms...
#--------------------------------------------
#@# Inflation1 lh Sun Mar  8 21:21:56 CET 2026
/out/sourcedata/freesurfer/sub-v1s14x0051585_ses-1/scripts

 mris_inflate -no-save-sulc ../surf/lh.smoothwm.nofix ../surf/lh.inflated.nofix 

Not saving sulc
Reading ../surf/lh.smoothwm.nofix
avg radius = 48.1 mm, total surface area = 80727 mm^2
step 000: RMS=0.158 (target=0.015)   step 005: RMS=0.120 (target=0.015)   step 010: RMS=0.092 (target=0.015)   step 015: RMS=0.080 (target=0.015)   step 020: RMS=0.071 (target=0.015)   step 025: RMS=0.063 (target=0.015)   step 030: RMS=0.058 (target=0.015)   step 035: RMS=0.054 (target=0.015)   step 040: RMS=0.052 (target=0.015)   step 045: RMS=0.050 (target=0.015)   step 050: RMS=0.049 (target=0.015)   step 055: RMS=0.050 (target=0.015)   step 060: RMS=0.050 (target=0.015)   writing inflated surface to ../surf/lh.inflated.nofix
inflation took 0.2 minutes

inflation complete.
Not saving sulc
mris_inflate utimesec    60.820245
mris_inflate stimesec    2.014304
mris_inflate ru_maxrss   242460
mris_inflate ru_ixrss    0
mris_inflate ru_idrss    0
mris_inflate ru_isrss    0
mris_inflate ru_minflt   611940
mris_inflate ru_majflt   34
mris_inflate ru_nswap    0
mris_inflate ru_inblock  1672
mris_inflate ru_oublock  10792
mris_inflate ru_msgsnd   0
mris_inflate ru_msgrcv   0
mris_inflate ru_nsignals 0
mris_inflate ru_nvcsw    10914
mris_inflate ru_nivcsw   451
#--------------------------------------------
#@# QSphere lh Sun Mar  8 21:22:09 CET 2026
/out/sourcedata/freesurfer/sub-v1s14x0051585_ses-1/scripts

 mris_sphere -q -p 6 -a 128 -seed 1234 ../surf/lh.inflated.nofix ../surf/lh.qsphere.nofix 

doing quick spherical unfolding.
limitting unfolding to 6 passes
using n_averages = 128
setting seed for random number genererator to 1234
version: 7.3.2
available threads: 16
scaling brain by 0.283...
inflating...
projecting onto sphere...
surface projected - minimizing metric distortion...
vertex spacing 0.92 +- 0.56 (0.00-->7.98) (max @ vno 84251 --> 84262)
face area 0.02 +- 0.03 (-0.29-->0.88)
Entering MRISinflateToSphere()
inflating to sphere (rms error < 2.00)
000: dt: 0.0000, rms radial error=177.547, avgs=0
005/300: dt: 0.9000, rms radial error=177.286, avgs=0
010/300: dt: 0.9000, rms radial error=176.726, avgs=0
015/300: dt: 0.9000, rms radial error=175.991, avgs=0
020/300: dt: 0.9000, rms radial error=175.155, avgs=0
025/300: dt: 0.9000, rms radial error=174.262, avgs=0
030/300: dt: 0.9000, rms radial error=173.337, avgs=0
035/300: dt: 0.9000, rms radial error=172.397, avgs=0
040/300: dt: 0.9000, rms radial error=171.451, avgs=0
045/300: dt: 0.9000, rms radial error=170.503, avgs=0
050/300: dt: 0.9000, rms radial error=169.555, avgs=0
055/300: dt: 0.9000, rms radial error=168.610, avgs=0
060/300: dt: 0.9000, rms radial error=167.669, avgs=0
065/300: dt: 0.9000, rms radial error=166.732, avgs=0
070/300: dt: 0.9000, rms radial error=165.799, avgs=0
075/300: dt: 0.9000, rms radial error=164.871, avgs=0
080/300: dt: 0.9000, rms radial error=163.948, avgs=0
085/300: dt: 0.9000, rms radial error=163.030, avgs=0
090/300: dt: 0.9000, rms radial error=162.116, avgs=0
095/300: dt: 0.9000, rms radial error=161.208, avgs=0
100/300: dt: 0.9000, rms radial error=160.304, avgs=0
105/300: dt: 0.9000, rms radial error=159.405, avgs=0
110/300: dt: 0.9000, rms radial error=158.512, avgs=0
115/300: dt: 0.9000, rms radial error=157.622, avgs=0
120/300: dt: 0.9000, rms radial error=156.738, avgs=0
125/300: dt: 0.9000, rms radial error=155.859, avgs=0
130/300: dt: 0.9000, rms radial error=154.985, avgs=0
135/300: dt: 0.9000, rms radial error=154.116, avgs=0
140/300: dt: 0.9000, rms radial error=153.251, avgs=0
145/300: dt: 0.9000, rms radial error=152.391, avgs=0
150/300: dt: 0.9000, rms radial error=151.536, avgs=0
155/300: dt: 0.9000, rms radial error=150.686, avgs=0
160/300: dt: 0.9000, rms radial error=149.840, avgs=0
165/300: dt: 0.9000, rms radial error=148.998, avgs=0
170/300: dt: 0.9000, rms radial error=148.162, avgs=0
175/300: dt: 0.9000, rms radial error=147.330, avgs=0
180/300: dt: 0.9000, rms radial error=146.503, avgs=0
185/300: dt: 0.9000, rms radial error=145.680, avgs=0
190/300: dt: 0.9000, rms radial error=144.861, avgs=0
195/300: dt: 0.9000, rms radial error=144.047, avgs=0
200/300: dt: 0.9000, rms radial error=143.238, avgs=0
205/300: dt: 0.9000, rms radial error=142.433, avgs=0
210/300: dt: 0.9000, rms radial error=141.632, avgs=0
215/300: dt: 0.9000, rms radial error=140.836, avgs=0
220/300: dt: 0.9000, rms radial error=140.045, avgs=0
225/300: dt: 0.9000, rms radial error=139.257, avgs=0
230/300: dt: 0.9000, rms radial error=138.474, avgs=0
235/300: dt: 0.9000, rms radial error=137.696, avgs=0
240/300: dt: 0.9000, rms radial error=136.922, avgs=0
245/300: dt: 0.9000, rms radial error=136.151, avgs=0
250/300: dt: 0.9000, rms radial error=135.386, avgs=0
255/300: dt: 0.9000, rms radial error=134.624, avgs=0
260/300: dt: 0.9000, rms radial error=133.867, avgs=0
265/300: dt: 0.9000, rms radial error=133.114, avgs=0
270/300: dt: 0.9000, rms radial error=132.365, avgs=0
275/300: dt: 0.9000, rms radial error=131.620, avgs=0
280/300: dt: 0.9000, rms radial error=130.880, avgs=0
285/300: dt: 0.9000, rms radial error=130.144, avgs=0
290/300: dt: 0.9000, rms radial error=129.411, avgs=0
295/300: dt: 0.9000, rms radial error=128.683, avgs=0
300/300: dt: 0.9000, rms radial error=127.959, avgs=0

spherical inflation complete.
epoch 1 (K=10.0), pass 1, starting sse = 18474.35
taking momentum steps...
taking momentum steps...
taking momentum steps...
taking momentum steps...
pass 1 complete, delta sse/iter = 0.00/13 = 0.00023
epoch 2 (K=40.0), pass 1, starting sse = 3244.93
taking momentum steps...
taking momentum steps...
taking momentum steps...
taking momentum steps...
pass 1 complete, delta sse/iter = 0.00/13 = 0.00010
epoch 3 (K=160.0), pass 1, starting sse = 359.29
taking momentum steps...
taking momentum steps...
taking momentum steps...
taking momentum steps...
pass 1 complete, delta sse/iter = 0.06/13 = 0.00435
epoch 4 (K=640.0), pass 1, starting sse = 27.97
taking momentum steps...
taking momentum steps...
taking momentum steps...
taking momentum steps...
pass 1 complete, delta sse/iter = 0.07/18 = 0.00363
final distance error %100000.00
writing spherical brain to ../surf/lh.qsphere.nofix
spherical transformation took 0.0203 hours
FSRUNTIME@ mris_sphere  0.0203 hours 16 threads
#VMPC# mris_sphere VmPeak  1618780
mris_sphere done
#@# Fix Topology lh Sun Mar  8 21:23:22 CET 2026

 mris_fix_topology -mgz -sphere qsphere.nofix -inflated inflated.nofix -orig orig.nofix -out orig.premesh -ga -seed 1234 sub-v1s14x0051585_ses-1 lh 

reading spherical homeomorphism from 'qsphere.nofix'
reading inflated coordinates from 'inflated.nofix'
reading original coordinates from 'orig.nofix'
using genetic algorithm with optimized parameters
setting seed for random number genererator to 1234

*************************************************************
Topology Correction Parameters
retessellation mode:           genetic search
number of patches/generation : 10
number of generations :        10
surface mri loglikelihood coefficient :         1.0
volume mri loglikelihood coefficient :          10.0
normal dot loglikelihood coefficient :          1.0
quadratic curvature loglikelihood coefficient : 1.0
volume resolution :                             2
eliminate vertices during search :              1
initial patch selection :                       1
select all defect vertices :                    0
ordering dependant retessellation:              0
use precomputed edge table :                    0
smooth retessellated patch :                    2
match retessellated patch :                     1
verbose mode :                                  0

*************************************************************
INFO: assuming .mgz format
writing corrected surface to 'orig.premesh'
7.3.2
  7.3.2
before topology correction, eno=-64 (nv=153392, nf=306912, ne=460368, g=33)
using quasi-homeomorphic spherical map to tessellate cortical surface...

Correction of the Topology
Finding true center and radius of Spherical Surface...done
Surface centered at (0,0,0) with radius 100.0 in 10 iterations
marking ambiguous vertices...
12471 ambiguous faces found in tessellation
segmenting defects...
35 defects found, arbitrating ambiguous regions...
analyzing neighboring defects...
      -merging segment 21 into 20
      -merging segment 31 into 30
33 defects to be corrected 
0 vertices coincident
reading input surface /out/sourcedata/freesurfer/sub-v1s14x0051585_ses-1/surf/lh.qsphere.nofix...
reading brain volume from brain...
reading wm segmentation from wm...
Reading original properties of orig.nofix
Reading vertex positions of inflated.nofix
Computing Initial Surface Statistics
      -face       loglikelihood: -9.3712  (-4.6856)
      -vertex     loglikelihood: -6.3166  (-3.1583)
      -normal dot loglikelihood: -3.4994  (-3.4994)
      -quad curv  loglikelihood: -6.2085  (-3.1043)
      Total Loglikelihood : -25.3957
CORRECTING DEFECT 0 (vertices=519, convex hull=326, v0=1516)
After retessellation of defect 0 (v0=1516), euler #=-31 (146293,437013,290689) : difference with theory (-30) = 1 
CORRECTING DEFECT 1 (vertices=131, convex hull=57, v0=2732)
After retessellation of defect 1 (v0=2732), euler #=-30 (146308,437085,290747) : difference with theory (-29) = 1 
CORRECTING DEFECT 2 (vertices=34, convex hull=31, v0=4073)
After retessellation of defect 2 (v0=4073), euler #=-29 (146311,437103,290763) : difference with theory (-28) = 1 
CORRECTING DEFECT 3 (vertices=169, convex hull=66, v0=4666)
After retessellation of defect 3 (v0=4666), euler #=-28 (146322,437169,290819) : difference with theory (-27) = 1 
CORRECTING DEFECT 4 (vertices=38, convex hull=33, v0=8743)
After retessellation of defect 4 (v0=8743), euler #=-27 (146325,437186,290834) : difference with theory (-26) = 1 
CORRECTING DEFECT 5 (vertices=26, convex hull=20, v0=10180)
After retessellation of defect 5 (v0=10180), euler #=-26 (146327,437200,290847) : difference with theory (-25) = 1 
CORRECTING DEFECT 6 (vertices=274, convex hull=276, v0=46423)
After retessellation of defect 6 (v0=46423), euler #=-25 (146435,437657,291197) : difference with theory (-24) = 1 
CORRECTING DEFECT 7 (vertices=7, convex hull=28, v0=52875)
After retessellation of defect 7 (v0=52875), euler #=-24 (146437,437669,291208) : difference with theory (-23) = 1 
CORRECTING DEFECT 8 (vertices=39, convex hull=69, v0=61105)
After retessellation of defect 8 (v0=61105), euler #=-23 (146446,437722,291253) : difference with theory (-22) = 1 
CORRECTING DEFECT 9 (vertices=242, convex hull=269, v0=61275)
After retessellation of defect 9 (v0=61275), euler #=-22 (146544,438146,291580) : difference with theory (-21) = 1 
CORRECTING DEFECT 10 (vertices=1346, convex hull=758, v0=67145)
An extra large defect has been detected...
This often happens because cerebellum or dura has not been removed from wm.mgz.
This may cause recon-all to run very slowly or crash.
if so, see https://surfer.nmr.mgh.harvard.edu/fswiki/FsTutorial/TopologicalDefect_freeview
After retessellation of defect 10 (v0=67145), euler #=-22 (146889,439571,292660) : difference with theory (-20) = 2 
CORRECTING DEFECT 11 (vertices=25, convex hull=69, v0=71673)
After retessellation of defect 11 (v0=71673), euler #=-21 (146898,439622,292703) : difference with theory (-19) = 2 
CORRECTING DEFECT 12 (vertices=6, convex hull=23, v0=73032)
After retessellation of defect 12 (v0=73032), euler #=-20 (146899,439630,292711) : difference with theory (-18) = 2 
CORRECTING DEFECT 13 (vertices=371, convex hull=279, v0=73798)
After retessellation of defect 13 (v0=73798), euler #=-19 (147111,440413,293283) : difference with theory (-17) = 2 
CORRECTING DEFECT 14 (vertices=44, convex hull=37, v0=74476)
After retessellation of defect 14 (v0=74476), euler #=-18 (147116,440441,293307) : difference with theory (-16) = 2 
CORRECTING DEFECT 15 (vertices=51, convex hull=81, v0=78710)
After retessellation of defect 15 (v0=78710), euler #=-17 (147146,440568,293405) : difference with theory (-15) = 2 
CORRECTING DEFECT 16 (vertices=371, convex hull=331, v0=83366)
After retessellation of defect 16 (v0=83366), euler #=-16 (147274,441120,293830) : difference with theory (-14) = 2 
CORRECTING DEFECT 17 (vertices=182, convex hull=54, v0=96486)
After retessellation of defect 17 (v0=96486), euler #=-15 (147305,441236,293916) : difference with theory (-13) = 2 
CORRECTING DEFECT 18 (vertices=54, convex hull=39, v0=99878)
After retessellation of defect 18 (v0=99878), euler #=-14 (147319,441293,293960) : difference with theory (-12) = 2 
CORRECTING DEFECT 19 (vertices=51, convex hull=41, v0=103142)
After retessellation of defect 19 (v0=103142), euler #=-13 (147328,441336,293995) : difference with theory (-11) = 2 
CORRECTING DEFECT 20 (vertices=545, convex hull=129, v0=104503)
After retessellation of defect 20 (v0=104503), euler #=-11 (147352,441467,294104) : difference with theory (-10) = 1 
CORRECTING DEFECT 21 (vertices=19, convex hull=32, v0=107851)
After retessellation of defect 21 (v0=107851), euler #=-10 (147357,441490,294123) : difference with theory (-9) = 1 
CORRECTING DEFECT 22 (vertices=336, convex hull=114, v0=109132)
After retessellation of defect 22 (v0=109132), euler #=-9 (147366,441567,294192) : difference with theory (-8) = 1 
CORRECTING DEFECT 23 (vertices=712, convex hull=187, v0=109154)
After retessellation of defect 23 (v0=109154), euler #=-8 (147454,441919,294457) : difference with theory (-7) = 1 
CORRECTING DEFECT 24 (vertices=409, convex hull=257, v0=109800)
After retessellation of defect 24 (v0=109800), euler #=-7 (147548,442325,294770) : difference with theory (-6) = 1 
CORRECTING DEFECT 25 (vertices=26, convex hull=34, v0=109958)
After retessellation of defect 25 (v0=109958), euler #=-6 (147554,442356,294796) : difference with theory (-5) = 1 
CORRECTING DEFECT 26 (vertices=29, convex hull=69, v0=114706)
After retessellation of defect 26 (v0=114706), euler #=-5 (147567,442422,294850) : difference with theory (-4) = 1 
CORRECTING DEFECT 27 (vertices=12, convex hull=24, v0=122045)
After retessellation of defect 27 (v0=122045), euler #=-4 (147570,442438,294864) : difference with theory (-3) = 1 
CORRECTING DEFECT 28 (vertices=311, convex hull=210, v0=123863)
normal vector of length zero at vertex 152346 with 3 faces
normal vector of length zero at vertex 152346 with 3 faces
normal vector of length zero at vertex 152346 with 3 faces
After retessellation of defect 28 (v0=123863), euler #=-3 (147642,442759,295114) : difference with theory (-2) = 1 
CORRECTING DEFECT 29 (vertices=333, convex hull=168, v0=128024)
After retessellation of defect 29 (v0=128024), euler #=-1 (147653,442869,295215) : difference with theory (-1) = 0 
CORRECTING DEFECT 30 (vertices=256, convex hull=34, v0=135401)
After retessellation of defect 30 (v0=135401), euler #=0 (147662,442909,295247) : difference with theory (0) = 0 
CORRECTING DEFECT 31 (vertices=23, convex hull=31, v0=138865)
After retessellation of defect 31 (v0=138865), euler #=1 (147665,442929,295265) : difference with theory (1) = 0 
CORRECTING DEFECT 32 (vertices=220, convex hull=122, v0=146271)
After retessellation of defect 32 (v0=146271), euler #=2 (147694,443076,295384) : difference with theory (2) = 0 
computing original vertex metric properties...
storing new metric properties...
computing tessellation statistics...
vertex spacing 0.89 +- 0.23 (0.06-->8.21) (max @ vno 90915 --> 148231)
face area -nan +- -nan (1000.00-->-1.00)
performing soap bubble on retessellated vertices for 0 iterations...
vertex spacing 0.89 +- 0.23 (0.06-->8.21) (max @ vno 90915 --> 148231)
face area -nan +- -nan (1000.00-->-1.00)
tessellation finished, orienting corrected surface...
132 mutations (33.5%), 262 crossovers (66.5%), 529 vertices were eliminated
building final representation...
5698 vertices and 0 faces have been removed from triangulation
after topology correction, eno=2 (nv=147694, nf=295384, ne=443076, g=0)
writing corrected surface to /out/sourcedata/freesurfer/sub-v1s14x0051585_ses-1/surf/lh.orig.premesh...

0.000 % of the vertices (0 vertices) exhibit an orientation change
removing intersecting faces
000: 378 intersecting
001: 32 intersecting
terminating search with 0 intersecting
topology fixing took 6.0 minutes
FSRUNTIME@ mris_fix_topology lh  0.0993 hours 16 threads
#VMPC# mris_fix_topology VmPeak  1869752

 mris_euler_number ../surf/lh.orig.premesh 

euler # = v-e+f = 2g-2: 147694 - 443076 + 295384 = 2 --> 0 holes
      F =2V-4:          295384 = 295388-4 (0)
      2E=3F:            886152 = 886152 (0)

total defect index = 0
Sun Mar  8 21:29:20 CET 2026

setenv SUBJECTS_DIR /out/sourcedata/freesurfer
cd /out/sourcedata/freesurfer/sub-v1s14x0051585_ses-1/scripts
/opt/freesurfer/bin/defect2seg --s sub-v1s14x0051585_ses-1 --lh-only --cortex

freesurfer-linux-ubuntu22_x86_64-7.3.2-20220804-6354275
defect2seg 7.3.2
Linux dna071 5.14.0-427.37.1.el9_4.x86_64 #1 SMP PREEMPT_DYNAMIC Fri Sep 13 12:41:50 EDT 2024 x86_64 x86_64 x86_64 GNU/Linux
pid 3052365
mri_label2label --label-cortex /out/sourcedata/freesurfer/sub-v1s14x0051585_ses-1/surf/lh.orig.nofix /out/sourcedata/freesurfer/sub-v1s14x0051585_ses-1/mri/aseg.presurf.mgz 0 /out/sourcedata/freesurfer/sub-v1s14x0051585_ses-1/label/lh.nofix.cortex.label

 Generating cortex label... RemoveHipAmgy=0
 NucAccIsMedialWall=0
 mris->useRealRAS=0
22 non-cortical segments detected
only using segment with 8287 vertices
erasing segment 1 (vno[0] = 88342)
erasing segment 2 (vno[0] = 95900)
erasing segment 3 (vno[0] = 102043)
erasing segment 4 (vno[0] = 102064)
erasing segment 5 (vno[0] = 103360)
erasing segment 6 (vno[0] = 104506)
erasing segment 7 (vno[0] = 104552)
erasing segment 8 (vno[0] = 105710)
erasing segment 9 (vno[0] = 105715)
erasing segment 10 (vno[0] = 105738)
erasing segment 11 (vno[0] = 106794)
erasing segment 12 (vno[0] = 106802)
erasing segment 13 (vno[0] = 107848)
erasing segment 14 (vno[0] = 108547)
erasing segment 15 (vno[0] = 108844)
erasing segment 16 (vno[0] = 109905)
erasing segment 17 (vno[0] = 130922)
erasing segment 18 (vno[0] = 134191)
erasing segment 19 (vno[0] = 134998)
erasing segment 20 (vno[0] = 135740)
erasing segment 21 (vno[0] = 137222)
mri_label2vol --defects /out/sourcedata/freesurfer/sub-v1s14x0051585_ses-1/surf/lh.orig.nofix /out/sourcedata/freesurfer/sub-v1s14x0051585_ses-1/surf/lh.defect_labels /out/sourcedata/freesurfer/sub-v1s14x0051585_ses-1/mri/orig.mgz 1000 0 /out/sourcedata/freesurfer/sub-v1s14x0051585_ses-1/mri/lh.surface.defects.mgz /out/sourcedata/freesurfer/sub-v1s14x0051585_ses-1/label/lh.nofix.cortex.label
mri_label2vol supposed to be reproducible but seed not set
Contraining to label /out/sourcedata/freesurfer/sub-v1s14x0051585_ses-1/label/lh.nofix.cortex.label
Changing input type 0 to MRI_INT
Converting defects to volume: offset=1000, merge=0
Writing to /out/sourcedata/freesurfer/sub-v1s14x0051585_ses-1/mri/lh.surface.defects.mgz
mris_defects_pointset -s /out/sourcedata/freesurfer/sub-v1s14x0051585_ses-1/surf/lh.orig.nofix -d /out/sourcedata/freesurfer/sub-v1s14x0051585_ses-1/surf/lh.defect_labels -o /out/sourcedata/freesurfer/sub-v1s14x0051585_ses-1/surf/lh.defects.pointset --label /out/sourcedata/freesurfer/sub-v1s14x0051585_ses-1/label/lh.nofix.cortex.label
Reading in surface /out/sourcedata/freesurfer/sub-v1s14x0051585_ses-1/surf/lh.orig.nofix
Reading in defect segmentation /out/sourcedata/freesurfer/sub-v1s14x0051585_ses-1/surf/lh.defect_labels
Reading in label /out/sourcedata/freesurfer/sub-v1s14x0051585_ses-1/label/lh.nofix.cortex.label
#VMPC# mris_defects_pointset 1285000
mris_defects_pointset done
 
Started at Sun Mar 8 21:29:20 CET 2026 
Ended   at Sun Mar  8 21:29:32 CET 2026
Defect2seg-Run-Time-Sec 12
Defect2seg-Run-Time-Min 0.24
Defect2seg-Run-Time-Hours 0.00
 
tkmeditfv sub-v1s14x0051585_ses-1 brain.finalsurfs.mgz -defect
defect2seg Done

 mris_remesh --remesh --iters 3 --input /out/sourcedata/freesurfer/sub-v1s14x0051585_ses-1/surf/lh.orig.premesh --output /out/sourcedata/freesurfer/sub-v1s14x0051585_ses-1/surf/lh.orig 

iters = 3
standard remeshing without target
   adjusted l: 0.711
remeshing to edge length 0.711 with 3 iterations

avg qual before   : 0.888764  after: 0.971391

Removing intersections
Remeshed surface quality stats nv0 = 147694  nv = 153540  1.03958
Area    307076  0.30291  0.03353 0.079259   0.4559
Corner  921228 60.00000  8.76556 15.870904 147.2298
Edge    460614  0.84430  0.08211 0.360932   1.2861
Hinge   460614  9.85209 10.28138 0.000001 144.2682
mris_remesh done
/out/sourcedata/freesurfer/sub-v1s14x0051585_ses-1/scripts

 mris_remove_intersection ../surf/lh.orig ../surf/lh.orig 

intersection removal took 0.00 hours
writing corrected surface to ../surf/lh.orig

 rm -f ../surf/lh.inflated 

#--------------------------------------------
#@# AutoDetGWStats lh Sun Mar  8 21:30:02 CET 2026
cd /out/sourcedata/freesurfer/sub-v1s14x0051585_ses-1/mri
mris_autodet_gwstats --o ../surf/autodet.gw.stats.lh.dat --i brain.finalsurfs.mgz --wm wm.mgz --surf ../surf/lh.orig.premesh
7.3.2

cd /out/sourcedata/freesurfer/sub-v1s14x0051585_ses-1/mri
setenv SUBJECTS_DIR /out/sourcedata/freesurfer
mris_autodet_gwstats --o ../surf/autodet.gw.stats.lh.dat --i brain.finalsurfs.mgz --wm wm.mgz --surf ../surf/lh.orig.premesh 

border white:    278795 voxels (1.66%)
border gray      321272 voxels (1.91%)
Reading in intensity volume brain.finalsurfs.mgz
Reading in wm volume wm.mgz
Reading in surf ../surf/lh.orig.premesh
Auto detecting stats
MRIclipBrightWM(): nthresh=18251, wmmin=5, clip=110 
Binarizing thresholding at 5
computing class statistics... low=30, hi=110.000000
CCS WM (99.0): 98.6 +- 7.9 [70.0 --> 110.0]
CCS GM (73.0) : 72.4 +- 11.1 [30.0 --> 110.0]
white_mean = 98.6384 +/- 7.93125, gray_mean = 72.3673 +/- 11.0717
using class modes intead of means, discounting robust sigmas....
MRIScomputeClassModes(): min=0 max=223 nbins=224
intensity peaks found at WM=103+-5.2,    GM=69+-8.7
white_mode = 103, gray_mode = 69
std_scale = 1
Applying sanity checks, max_scale_down = 0.2
setting MIN_GRAY_AT_WHITE_BORDER to 57.9 (was 70.000000)
setting MAX_BORDER_WHITE to 110.9 (was 105.000000)
setting MIN_BORDER_WHITE to 69.0 (was 85.000000)
setting MAX_CSF to 46.9 (was 40.000000)
setting MAX_GRAY to 95.1 (was 95.000000)
setting MAX_GRAY_AT_CSF_BORDER to 57.9 (was 75.000000)
setting MIN_GRAY_AT_CSF_BORDER to 35.8 (was 40.000000)
When placing the white surface
  white_border_hi   = 110.931;
  white_border_low  = 69;
  white_outside_low = 57.9283;
  white_inside_hi   = 120;
  white_outside_hi  = 110.931;
When placing the pial surface
  pial_border_hi   = 57.9283;
  pial_border_low  = 35.7849;
  pial_outside_low = 10;
  pial_inside_hi   = 95.0687;
  pial_outside_hi  = 52.3924;
#VMPC# mris_autodet_gwstats VmPeak  1352108
mris_autodet_gwstats done
#--------------------------------------------
#@# WhitePreAparc lh Sun Mar  8 21:30:05 CET 2026
cd /out/sourcedata/freesurfer/sub-v1s14x0051585_ses-1/mri
mris_place_surface --adgws-in ../surf/autodet.gw.stats.lh.dat --wm wm.mgz --threads 16 --invol brain.finalsurfs.mgz --lh --i ../surf/lh.orig --o ../surf/lh.white.preaparc --white --seg aseg.presurf.mgz --nsmooth 5
7.3.2
7.3.2

cd /out/sourcedata/freesurfer/sub-v1s14x0051585_ses-1/mri
setenv SUBJECTS_DIR /out/sourcedata/freesurfer
mris_place_surface --adgws-in ../surf/autodet.gw.stats.lh.dat --wm wm.mgz --threads 16 --invol brain.finalsurfs.mgz --lh --i ../surf/lh.orig --o ../surf/lh.white.preaparc --white --seg aseg.presurf.mgz --nsmooth 5 

Reading in input surface ../surf/lh.orig
Smoothing surface before ripping with 5 iterations
removing intersecting faces
000: 2 intersecting
step 1 with no progress (num=8, old_num=2)
001: 8 intersecting
terminating search with 0 intersecting
Area    307076  0.26645  0.06295 0.000000   0.5401
Corner  921228 60.00000  9.45477 0.110233 179.7573
Edge    460614  0.78805  0.11452 0.000409   1.3759
Hinge   460614  6.60960  6.57962 0.000003 165.6681
Not reading in aparc
Reading in input volume brain.finalsurfs.mgz
Reading in wm volume wm.mgz
MRIclipBrightWM(): nthresh=18251, wmmin=5, clip=110 
MRIfindBrightNonWM(): 1637 bright non-wm voxels segmented.
Masking bright non-wm for white surface
MRImask(): AllowDiffGeom = 1
MRImask(): AllowDiffGeom = 1
Reading in seg volume aseg.presurf.mgz
Ripping frozen voxels
INFO: rip surface needed but not specified, so using input surface
Freezing midline and others
Entering: MRISripMidline(): inhibiting deformation at non-cortical midline structures...
  which=1, fix_mtl=0, using annot = 0
#FML0# MRISripMidline(): nripped=0
removing 2 vertices from ripped group in thread:0
removing 2 vertices from ripped group in thread:0
removing 3 vertices from ripped group in thread:0
#FML# MRISripMidline(): nmarked=6663, nmarked2=28, nripped=6663
Ripping segs (eg, WMSA, BG, frozen)
Starting MRISripSegs() d = (-2 2 0.5) segnos: 247 
MRISripSegs(): -2 2 0.5 ripped 0
vertex 76770: xyz = (0.0296909,2.59629,5.55955) oxyz = (0.0296909,2.59629,5.55955) wxzy = (0.0296909,2.59629,5.55955) pxyz = (0,0,0) 
CBVO Creating mask 153540
n_averages 4
Iteration 0 =========================================
n_averages=4, current_sigma=2
Freezing midline and others
Ripping frozen voxels
INFO: rip surface needed but not specified, so using input surface
Freezing midline and others
Entering: MRISripMidline(): inhibiting deformation at non-cortical midline structures...
  which=1, fix_mtl=0, using annot = 0
#FML0# MRISripMidline(): nripped=6663
removing 2 vertices from ripped group in thread:0
removing 2 vertices from ripped group in thread:0
removing 3 vertices from ripped group in thread:0
#FML# MRISripMidline(): nmarked=6663, nmarked2=28, nripped=6663
Ripping segs (eg, WMSA, BG, frozen)
Starting MRISripSegs() d = (-2 2 0.5) segnos: 247 247 
MRISripSegs(): -2 2 0.5 ripped 0
Computing target border values 
Entering MRIScomputeBorderValues_new(): 
  inside_hi   = 120.0000000;
  border_hi   = 110.9312520;
  border_low  =  69.0000000;
  outside_low =  57.9282990;
  outside_hi  = 110.9312520;
  sigma = 2;
  max_thickness = 10;
  step_size=0.5;
  STEP_SIZE=0.1;
  which = 1
  thresh = 0
  flags = 0
  CBVfindFirstPeakD1=0
  CBVfindFirstPeakD2=0
  nvertices=153540
  Gdiag_no=-1
  vno start=0, stop=153540
Replacing 255s with 0s
#SI# sigma=2 had to be increased for 164 vertices, nripped=6663
mean border=82.7, 139 (139) missing vertices, mean dist 0.2 [0.6 (%42.9)->0.8 (%57.1))]
%73 local maxima, %23 large gradients and % 0 min vals, 0 gradients ignored
nFirstPeakD1 0
MRIScomputeBorderValues_new() finished in 0.0132 min


Finding expansion regions
mean absolute distance = 0.68 +- 0.88
4926 vertices more than 2 sigmas from mean.
Averaging target values for 5 iterations...
Positioning Surface: tspring = 0.3, nspring = 0.3, spring = 0, niters = 100 l_repulse = 5, l_surf_repulse = 0, checktol = 0
Positioning pial surface
Entering MRISpositionSurface()
  max_mm = 0.3
  MAX_REDUCTIONS = 2, REDUCTION_PCT = 0.5
  parms->check_tol = 0, niterations = 100
tol=1.0e-04, sigma=2.0, host=dna07, nav=4, nbrs=2, l_repulse=5.000, l_tspring=0.300, l_nspring=0.300, l_intensity=0.200, l_curv=1.000
mom=0.00, dt=0.50
complete_dist_mat 0
rms 0
smooth_averages 0
remove_neg 0
ico_order 0
which_surface 0
target_radius 0.000000
nfields 0
scale 0.000000
desired_rms_height 0.000000
momentum 0.000000
nbhd_size 0
max_nbrs 0
niterations 100
nsurfaces 0
SURFACES 3
flags 0 (0)
use curv 0
no sulc 0
no rigid align 0
mris->nsize 2
mris->hemisphere 0
randomSeed 0

000: dt: 0.0000, sse=3150712.8, rms=10.061
001: dt: 0.5000, sse=1552884.4, rms=6.877 (31.653%)
002: dt: 0.5000, sse=909915.1, rms=5.040 (26.709%)
003: dt: 0.5000, sse=650838.9, rms=4.069 (19.271%)
004: dt: 0.5000, sse=537513.8, rms=3.553 (12.667%)
005: dt: 0.5000, sse=486698.9, rms=3.290 (7.417%)
006: dt: 0.5000, sse=461440.8, rms=3.158 (4.000%)
007: dt: 0.5000, sse=453988.2, rms=3.105 (1.674%)
rms = 3.0671/3.1052, sse=449875.6/453988.2, time step reduction 1 of 3 to 0.250  0 0 1
008: dt: 0.5000, sse=449875.6, rms=3.067 (1.229%)
009: dt: 0.2500, sse=259900.9, rms=1.667 (45.637%)
010: dt: 0.2500, sse=231507.4, rms=1.352 (18.913%)
011: dt: 0.2500, sse=224195.9, rms=1.263 (6.619%)
rms = 1.2146/1.2625, sse=222245.0/224195.9, time step reduction 2 of 3 to 0.125  0 0 1
012: dt: 0.2500, sse=222245.0, rms=1.215 (3.793%)
rms = 1.1702/1.2146, sse=218347.2/222245.0, time step reduction 3 of 3 to 0.062  0 0 1
013: dt: 0.1250, sse=218347.2, rms=1.170 (3.662%)
  maximum number of reductions reached, breaking from loop
positioning took 1.1 minutes
Iteration 1 =========================================
n_averages=2, current_sigma=1
Freezing midline and others
Ripping frozen voxels
INFO: rip surface needed but not specified, so using input surface
Freezing midline and others
Entering: MRISripMidline(): inhibiting deformation at non-cortical midline structures...
  which=1, fix_mtl=0, using annot = 0
#FML0# MRISripMidline(): nripped=6663
removing 4 vertices from ripped group in thread:0
removing 3 vertices from ripped group in thread:0
removing 2 vertices from ripped group in thread:0
removing 2 vertices from ripped group in thread:0
removing 2 vertices from ripped group in thread:0
removing 2 vertices from ripped group in thread:0
removing 4 vertices from ripped group in thread:0
#FML# MRISripMidline(): nmarked=6988, nmarked2=44, nripped=6988
Ripping segs (eg, WMSA, BG, frozen)
Starting MRISripSegs() d = (-2 2 0.5) segnos: 247 247 247 
MRISripSegs(): -2 2 0.5 ripped 0
Computing target border values 
Entering MRIScomputeBorderValues_new(): 
  inside_hi   = 120.0000000;
  border_hi   = 110.9312520;
  border_low  =  69.0000000;
  outside_low =  57.9282990;
  outside_hi  = 110.9312520;
  sigma = 1;
  max_thickness = 10;
  step_size=0.5;
  STEP_SIZE=0.1;
  which = 1
  thresh = 0
  flags = 0
  CBVfindFirstPeakD1=0
  CBVfindFirstPeakD2=0
  nvertices=153540
  Gdiag_no=-1
  vno start=0, stop=153540
Replacing 255s with 0s
#SI# sigma=1 had to be increased for 215 vertices, nripped=6988
mean border=84.6, 191 (54) missing vertices, mean dist -0.2 [0.4 (%65.8)->0.2 (%34.2))]
%75 local maxima, %20 large gradients and % 0 min vals, 0 gradients ignored
nFirstPeakD1 0
MRIScomputeBorderValues_new() finished in 0.0111 min


Finding expansion regions
mean absolute distance = 0.33 +- 0.62
4199 vertices more than 2 sigmas from mean.
Averaging target values for 5 iterations...
Positioning Surface: tspring = 0.3, nspring = 0.3, spring = 0, niters = 100 l_repulse = 5, l_surf_repulse = 0, checktol = 0
Positioning pial surface
Entering MRISpositionSurface()
  max_mm = 0.3
  MAX_REDUCTIONS = 2, REDUCTION_PCT = 0.5
  parms->check_tol = 0, niterations = 100
tol=1.0e-04, sigma=1.0, host=dna07, nav=2, nbrs=2, l_repulse=5.000, l_tspring=0.300, l_nspring=0.300, l_intensity=0.200, l_curv=1.000
mom=0.00, dt=0.50
000: dt: 0.0000, sse=654411.4, rms=3.816
014: dt: 0.5000, sse=409688.2, rms=2.459 (35.546%)
rms = 2.5032/2.4593, sse=415312.2/409688.1, time step reduction 1 of 3 to 0.250  0 1 1
   RMS increased, rejecting step
015: dt: 0.2500, sse=331067.5, rms=1.829 (25.642%)
016: dt: 0.2500, sse=289378.2, rms=1.375 (24.807%)
017: dt: 0.2500, sse=280158.8, rms=1.203 (12.483%)
rms = 1.1296/1.2034, sse=285242.8/280158.8, time step reduction 2 of 3 to 0.125  0 1 0
018: dt: 0.2500, sse=285242.8, rms=1.130 (6.128%)
rms = 1.0868/1.1296, sse=268838.1/285242.8, time step reduction 3 of 3 to 0.062  0 0 1
019: dt: 0.1250, sse=268838.1, rms=1.087 (3.789%)
  maximum number of reductions reached, breaking from loop
positioning took 0.6 minutes
Iteration 2 =========================================
n_averages=1, current_sigma=0.5
Freezing midline and others
Ripping frozen voxels
INFO: rip surface needed but not specified, so using input surface
Freezing midline and others
Entering: MRISripMidline(): inhibiting deformation at non-cortical midline structures...
  which=1, fix_mtl=0, using annot = 0
#FML0# MRISripMidline(): nripped=6988
removing 4 vertices from ripped group in thread:0
removing 2 vertices from ripped group in thread:0
removing 3 vertices from ripped group in thread:0
removing 2 vertices from ripped group in thread:0
removing 2 vertices from ripped group in thread:0
removing 2 vertices from ripped group in thread:0
removing 3 vertices from ripped group in thread:0
removing 2 vertices from ripped group in thread:0
#FML# MRISripMidline(): nmarked=7072, nmarked2=45, nripped=7072
Ripping segs (eg, WMSA, BG, frozen)
Starting MRISripSegs() d = (-2 2 0.5) segnos: 247 247 247 247 
MRISripSegs(): -2 2 0.5 ripped 0
Computing target border values 
Entering MRIScomputeBorderValues_new(): 
  inside_hi   = 120.0000000;
  border_hi   = 110.9312520;
  border_low  =  69.0000000;
  outside_low =  57.9282990;
  outside_hi  = 110.9312520;
  sigma = 0.5;
  max_thickness = 10;
  step_size=0.5;
  STEP_SIZE=0.1;
  which = 1
  thresh = 0
  flags = 0
  CBVfindFirstPeakD1=0
  CBVfindFirstPeakD2=0
  nvertices=153540
  Gdiag_no=-1
  vno start=0, stop=153540
Replacing 255s with 0s
#SI# sigma=0.5 had to be increased for 507 vertices, nripped=7072
mean border=86.0, 172 (34) missing vertices, mean dist -0.1 [0.3 (%65.8)->0.2 (%34.2))]
%80 local maxima, %15 large gradients and % 0 min vals, 0 gradients ignored
nFirstPeakD1 0
MRIScomputeBorderValues_new() finished in 0.0077 min


Finding expansion regions
mean absolute distance = 0.27 +- 0.49
4785 vertices more than 2 sigmas from mean.
Averaging target values for 5 iterations...
Positioning Surface: tspring = 0.3, nspring = 0.3, spring = 0, niters = 100 l_repulse = 5, l_surf_repulse = 0, checktol = 0
Positioning pial surface
Entering MRISpositionSurface()
  max_mm = 0.3
  MAX_REDUCTIONS = 2, REDUCTION_PCT = 0.5
  parms->check_tol = 0, niterations = 100
tol=1.0e-04, sigma=0.5, host=dna07, nav=1, nbrs=2, l_repulse=5.000, l_tspring=0.300, l_nspring=0.300, l_intensity=0.200, l_curv=1.000
mom=0.00, dt=0.50
000: dt: 0.0000, sse=431627.8, rms=2.620
020: dt: 0.5000, sse=367350.6, rms=2.116 (19.240%)
rms = 2.3199/2.1162, sse=396806.8/367350.6, time step reduction 1 of 3 to 0.250  0 1 1
   RMS increased, rejecting step
021: dt: 0.2500, sse=295158.5, rms=1.456 (31.213%)
022: dt: 0.2500, sse=273144.4, rms=1.113 (23.570%)
023: dt: 0.2500, sse=269738.4, rms=1.011 (9.113%)
rms = 0.9826/1.0112, sse=260020.9/269738.4, time step reduction 2 of 3 to 0.125  0 0 1
024: dt: 0.2500, sse=260020.9, rms=0.983 (2.824%)
rms = 0.9411/0.9826, sse=255872.4/260020.9, time step reduction 3 of 3 to 0.062  0 0 1
025: dt: 0.1250, sse=255872.4, rms=0.941 (4.229%)
  maximum number of reductions reached, breaking from loop
positioning took 0.6 minutes
Iteration 3 =========================================
n_averages=0, current_sigma=0.25
Freezing midline and others
Ripping frozen voxels
INFO: rip surface needed but not specified, so using input surface
Freezing midline and others
Entering: MRISripMidline(): inhibiting deformation at non-cortical midline structures...
  which=1, fix_mtl=0, using annot = 0
#FML0# MRISripMidline(): nripped=7072
removing 4 vertices from ripped group in thread:0
removing 4 vertices from ripped group in thread:0
removing 2 vertices from ripped group in thread:0
removing 3 vertices from ripped group in thread:0
#FML# MRISripMidline(): nmarked=7162, nmarked2=44, nripped=7162
Ripping segs (eg, WMSA, BG, frozen)
Starting MRISripSegs() d = (-2 2 0.5) segnos: 247 247 247 247 247 
MRISripSegs(): -2 2 0.5 ripped 0
Computing target border values 
Entering MRIScomputeBorderValues_new(): 
  inside_hi   = 120.0000000;
  border_hi   = 110.9312520;
  border_low  =  69.0000000;
  outside_low =  57.9282990;
  outside_hi  = 110.9312520;
  sigma = 0.25;
  max_thickness = 10;
  step_size=0.5;
  STEP_SIZE=0.1;
  which = 1
  thresh = 0
  flags = 0
  CBVfindFirstPeakD1=0
  CBVfindFirstPeakD2=0
  nvertices=153540
  Gdiag_no=-1
  vno start=0, stop=153540
Replacing 255s with 0s
#SI# sigma=0.25 had to be increased for 424 vertices, nripped=7162
mean border=86.7, 213 (28) missing vertices, mean dist -0.1 [0.3 (%56.3)->0.2 (%43.7))]
%83 local maxima, %12 large gradients and % 0 min vals, 0 gradients ignored
nFirstPeakD1 0
MRIScomputeBorderValues_new() finished in 0.0052 min


Finding expansion regions
mean absolute distance = 0.25 +- 0.41
4281 vertices more than 2 sigmas from mean.
Averaging target values for 5 iterations...
Positioning Surface: tspring = 0.3, nspring = 0.3, spring = 0, niters = 100 l_repulse = 5, l_surf_repulse = 0, checktol = 0
Positioning pial surface
Entering MRISpositionSurface()
  max_mm = 0.3
  MAX_REDUCTIONS = 2, REDUCTION_PCT = 0.5
  parms->check_tol = 0, niterations = 100
tol=1.0e-04, sigma=0.2, host=dna07, nav=0, nbrs=2, l_repulse=5.000, l_tspring=0.300, l_nspring=0.300, l_intensity=0.200, l_curv=1.000
mom=0.00, dt=0.50
000: dt: 0.0000, sse=295396.0, rms=1.529
026: dt: 0.5000, sse=293160.2, rms=1.454 (4.915%)
rms = 1.8012/1.4541, sse=328566.9/293160.2, time step reduction 1 of 3 to 0.250  0 1 1
   RMS increased, rejecting step
027: dt: 0.2500, sse=257943.0, rms=0.980 (32.598%)
028: dt: 0.2500, sse=257301.8, rms=0.843 (14.021%)
rms = 0.8001/0.8427, sse=247329.5/257301.8, time step reduction 2 of 3 to 0.125  0 0 1
029: dt: 0.2500, sse=247329.5, rms=0.800 (5.057%)
rms = 0.7440/0.8001, sse=248158.8/247329.5, time step reduction 3 of 3 to 0.062  0 1 0
030: dt: 0.1250, sse=248158.8, rms=0.744 (7.012%)
  maximum number of reductions reached, breaking from loop
positioning took 0.5 minutes


Writing output to ../surf/lh.white.preaparc
#ET# mris_place_surface  2.85 minutes
#VMPC# mris_place_surfaces VmPeak  3243596
mris_place_surface done
#--------------------------------------------
#@# CortexLabel lh Sun Mar  8 21:33:05 CET 2026
cd /out/sourcedata/freesurfer/sub-v1s14x0051585_ses-1/mri
mri_label2label --label-cortex ../surf/lh.white.preaparc aseg.presurf.mgz 0 ../label/lh.cortex.label

 Generating cortex label... RemoveHipAmgy=0
 NucAccIsMedialWall=0
 mris->useRealRAS=0
10 non-cortical segments detected
only using segment with 8770 vertices
erasing segment 1 (vno[0] = 79486)
erasing segment 2 (vno[0] = 81301)
erasing segment 3 (vno[0] = 83955)
erasing segment 4 (vno[0] = 88130)
erasing segment 5 (vno[0] = 89501)
erasing segment 6 (vno[0] = 100860)
erasing segment 7 (vno[0] = 102203)
erasing segment 8 (vno[0] = 102906)
erasing segment 9 (vno[0] = 153538)
#--------------------------------------------
#@# CortexLabel+HipAmyg lh Sun Mar  8 21:33:14 CET 2026
cd /out/sourcedata/freesurfer/sub-v1s14x0051585_ses-1/mri
mri_label2label --label-cortex ../surf/lh.white.preaparc aseg.presurf.mgz 1 ../label/lh.cortex+hipamyg.label

 Generating cortex label... RemoveHipAmgy=1
 NucAccIsMedialWall=0
 mris->useRealRAS=0
13 non-cortical segments detected
only using segment with 6516 vertices
erasing segment 1 (vno[0] = 45925)
erasing segment 2 (vno[0] = 48952)
erasing segment 3 (vno[0] = 79486)
erasing segment 4 (vno[0] = 81301)
erasing segment 5 (vno[0] = 83955)
erasing segment 6 (vno[0] = 88130)
erasing segment 7 (vno[0] = 89501)
erasing segment 8 (vno[0] = 100860)
erasing segment 9 (vno[0] = 102203)
erasing segment 10 (vno[0] = 102906)
erasing segment 11 (vno[0] = 145582)
erasing segment 12 (vno[0] = 153538)
#--------------------------------------------
#@# Smooth2 lh Sun Mar  8 21:33:23 CET 2026
/out/sourcedata/freesurfer/sub-v1s14x0051585_ses-1/scripts

 mris_smooth -n 3 -nw -seed 1234 ../surf/lh.white.preaparc ../surf/lh.smoothwm 

smoothing for 3 iterations
setting seed for random number generator to 1234
smoothing surface tessellation for 3 iterations...
smoothing complete - recomputing first and second fundamental forms...
#--------------------------------------------
#@# Inflation2 lh Sun Mar  8 21:33:26 CET 2026
/out/sourcedata/freesurfer/sub-v1s14x0051585_ses-1/scripts

 mris_inflate ../surf/lh.smoothwm ../surf/lh.inflated 

Reading ../surf/lh.smoothwm
avg radius = 48.1 mm, total surface area = 92437 mm^2
step 000: RMS=0.171 (target=0.015)   step 005: RMS=0.115 (target=0.015)   step 010: RMS=0.087 (target=0.015)   step 015: RMS=0.072 (target=0.015)   step 020: RMS=0.060 (target=0.015)   step 025: RMS=0.049 (target=0.015)   step 030: RMS=0.040 (target=0.015)   step 035: RMS=0.034 (target=0.015)   step 040: RMS=0.029 (target=0.015)   step 045: RMS=0.026 (target=0.015)   step 050: RMS=0.023 (target=0.015)   step 055: RMS=0.021 (target=0.015)   step 060: RMS=0.020 (target=0.015)   writing inflated surface to ../surf/lh.inflated
writing sulcal depths to ../surf/lh.sulc

inflation complete.
inflation took 0.2 minutes
mris_inflate utimesec    50.466702
mris_inflate stimesec    2.027761
mris_inflate ru_maxrss   235312
mris_inflate ru_ixrss    0
mris_inflate ru_idrss    0
mris_inflate ru_isrss    0
mris_inflate ru_minflt   587366
mris_inflate ru_majflt   11
mris_inflate ru_nswap    0
mris_inflate ru_inblock  130
mris_inflate ru_oublock  12000
mris_inflate ru_msgsnd   0
mris_inflate ru_msgrcv   0
mris_inflate ru_nsignals 0
mris_inflate ru_nvcsw    10809
mris_inflate ru_nivcsw   442
#--------------------------------------------
#@# Curv .H and .K lh Sun Mar  8 21:33:38 CET 2026
/out/sourcedata/freesurfer/sub-v1s14x0051585_ses-1/surf

 mris_curvature -w -seed 1234 lh.white.preaparc 

setting seed for random number generator to 1234
total integrated curvature = 26.630*4pi (334.648) --> -26 handles
ICI = 178.0, FI = 1758.4, variation=27643.402
writing Gaussian curvature to ./lh.white.preaparc.K...done.
writing mean curvature to ./lh.white.preaparc.H...done.
rm -f lh.white.H
ln -s lh.white.preaparc.H lh.white.H
rm -f lh.white.K
ln -s lh.white.preaparc.K lh.white.K

 mris_curvature -seed 1234 -thresh .999 -n -a 5 -w -distances 10 10 lh.inflated 

setting seed for random number generator to 1234
normalizing curvature values.
averaging curvature patterns 5 times.
sampling 10 neighbors out to a distance of 10 mm
207 vertices thresholded to be in k1 ~ [-0.44 0.47], k2 ~ [-0.25 0.07]
total integrated curvature = 0.516*4pi (6.479) --> 0 handles
ICI = 1.5, FI = 10.4, variation=173.378
121 vertices thresholded to be in [-0.03 0.03]
writing Gaussian curvature to ./lh.inflated.K...thresholding curvature at 99.90% level
curvature mean = 0.000, std = 0.001
135 vertices thresholded to be in [-0.20 0.20]
done.
writing mean curvature to ./lh.inflated.H...curvature mean = -0.015, std = 0.023
done.
#--------------------------------------------
#@# Sphere lh Sun Mar  8 21:34:19 CET 2026
/out/sourcedata/freesurfer/sub-v1s14x0051585_ses-1/scripts

 mris_sphere -seed 1234 ../surf/lh.inflated ../surf/lh.sphere 

setting seed for random number genererator to 1234
version: 7.3.2
available threads: 16
reading original vertex positions...
projecting onto sphere...
surface projected - minimizing metric distortion...
scaling brain by 0.262...
MRISunfold() max_passes = 1 -------
tol=5.0e-01, sigma=0.0, host=dna07, nav=1024, nbrs=2, l_area=1.000, l_dist=1.000
using quadratic fit line minimization
complete_dist_mat 0
rms 0
smooth_averages 0
remove_neg 0
ico_order 0
which_surface 0
target_radius 0.000000
nfields 0
scale 1.000000
desired_rms_height -1.000000
momentum 0.900000
nbhd_size 7
max_nbrs 8
niterations 25
nsurfaces 0
SURFACES 3
flags 0 (0)
use curv 0
no sulc 0
no rigid align 0
mris->nsize 2
mris->hemisphere 0
randomSeed 1234

singular matrix in quadratic form
singular matrix in quadratic form
singular matrix in quadratic form
--------------------
  mrisRemoveNegativeArea()
pass 1: epoch 1 of 3 starting distance error %20.03
pass 1: epoch 2 of 3 starting distance error %20.01
unfolding complete - removing small folds...
starting distance error %19.99
removing remaining folds...
final distance error %19.99
MRISunfold() return, current seed 1234
-01: dt=0.0000, 184 negative triangles  VmPeak 1625788
090: dt=0.9900, 184 negative triangles
091: dt=0.9900, 110 negative triangles
092: dt=0.9900,  89 negative triangles
093: dt=0.9900,  72 negative triangles
094: dt=0.9900,  64 negative triangles
095: dt=0.9900,  58 negative triangles
096: dt=0.9900,  47 negative triangles
097: dt=0.9900,  52 negative triangles
098: dt=0.9900,  44 negative triangles
099: dt=0.9900,  42 negative triangles
100: dt=0.9900,  38 negative triangles
101: dt=0.9900,  32 negative triangles
102: dt=0.9900,  31 negative triangles
103: dt=0.9900,  33 negative triangles
104: dt=0.9900,  24 negative triangles
105: dt=0.9900,  26 negative triangles
106: dt=0.9900,  28 negative triangles
107: dt=0.9900,  22 negative triangles
108: dt=0.9900,  20 negative triangles
109: dt=0.9900,  18 negative triangles
110: dt=0.9900,  15 negative triangles
111: dt=0.9900,  20 negative triangles
112: dt=0.9900,  16 negative triangles
113: dt=0.9900,  14 negative triangles
114: dt=0.9900,  14 negative triangles
115: dt=0.9900,  16 negative triangles
116: dt=0.9900,  15 negative triangles
117: dt=0.9900,  14 negative triangles
118: dt=0.9900,  12 negative triangles
119: dt=0.9900,  14 negative triangles
120: dt=0.9900,  15 negative triangles
121: dt=0.9900,   9 negative triangles
122: dt=0.9900,  11 negative triangles
123: dt=0.9900,  11 negative triangles
124: dt=0.9900,  11 negative triangles
125: dt=0.9900,   9 negative triangles
126: dt=0.9900,  13 negative triangles
127: dt=0.9900,   9 negative triangles
128: dt=0.9900,  11 negative triangles
129: dt=0.9900,  10 negative triangles
130: dt=0.9900,  11 negative triangles
131: dt=0.9405,  10 negative triangles
132: dt=0.9405,  12 negative triangles
133: dt=0.9405,   9 negative triangles
134: dt=0.9405,  11 negative triangles
135: dt=0.9405,  11 negative triangles
136: dt=0.9405,  11 negative triangles
137: dt=0.9405,  10 negative triangles
138: dt=0.9405,  12 negative triangles
139: dt=0.9405,   9 negative triangles
140: dt=0.9405,  11 negative triangles
141: dt=0.8935,  10 negative triangles
142: dt=0.8935,  12 negative triangles
143: dt=0.8935,   9 negative triangles
144: dt=0.8935,  12 negative triangles
145: dt=0.8935,   9 negative triangles
146: dt=0.8935,  12 negative triangles
147: dt=0.8935,   9 negative triangles
148: dt=0.8935,  12 negative triangles
149: dt=0.8935,  10 negative triangles
150: dt=0.8935,  11 negative triangles
151: dt=0.8488,   9 negative triangles
152: dt=0.8488,  12 negative triangles
153: dt=0.8488,   9 negative triangles
154: dt=0.8488,  12 negative triangles
155: dt=0.8488,  10 negative triangles
156: dt=0.8488,  11 negative triangles
157: dt=0.8488,  10 negative triangles
158: dt=0.8488,  11 negative triangles
159: dt=0.8488,   9 negative triangles
160: dt=0.8488,  13 negative triangles
161: dt=0.8064,   9 negative triangles
162: dt=0.8064,  11 negative triangles
163: dt=0.8064,  10 negative triangles
164: dt=0.8064,  11 negative triangles
165: dt=0.8064,   9 negative triangles
166: dt=0.8064,  14 negative triangles
167: dt=0.8064,  10 negative triangles
168: dt=0.8064,   9 negative triangles
169: dt=0.8064,  12 negative triangles
170: dt=0.8064,   9 negative triangles
171: dt=0.7660,  11 negative triangles
expanding nbhd size to 1
172: dt=0.9900,  11 negative triangles
173: dt=0.9900,  11 negative triangles
174: dt=0.9900,   9 negative triangles
175: dt=0.9900,  10 negative triangles
176: dt=0.9900,  11 negative triangles
177: dt=0.9900,  11 negative triangles
178: dt=0.9900,  12 negative triangles
179: dt=0.9900,  11 negative triangles
180: dt=0.9900,  12 negative triangles
181: dt=0.9405,  12 negative triangles
182: dt=0.9405,  12 negative triangles
183: dt=0.9405,  12 negative triangles
184: dt=0.9405,  11 negative triangles
185: dt=0.9405,  11 negative triangles
186: dt=0.9405,  12 negative triangles
187: dt=0.9405,  11 negative triangles
188: dt=0.9405,  11 negative triangles
189: dt=0.9405,  10 negative triangles
190: dt=0.9405,   9 negative triangles
191: dt=0.8935,   9 negative triangles
192: dt=0.8935,   9 negative triangles
193: dt=0.8935,   9 negative triangles
194: dt=0.8935,   9 negative triangles
195: dt=0.8935,   9 negative triangles
196: dt=0.8935,   9 negative triangles
197: dt=0.8935,   9 negative triangles
198: dt=0.8935,   9 negative triangles
199: dt=0.8935,   9 negative triangles
200: dt=0.8935,   9 negative triangles
201: dt=0.8488,   9 negative triangles
202: dt=0.8488,   9 negative triangles
203: dt=0.8488,   9 negative triangles
204: dt=0.8488,   9 negative triangles
205: dt=0.8488,   9 negative triangles
206: dt=0.8488,   9 negative triangles
207: dt=0.8488,   9 negative triangles
208: dt=0.8488,   9 negative triangles
209: dt=0.8488,   9 negative triangles
210: dt=0.8488,   9 negative triangles
211: dt=0.8064,   9 negative triangles
212: dt=0.8064,   9 negative triangles
213: dt=0.8064,   9 negative triangles
214: dt=0.8064,   9 negative triangles
215: dt=0.8064,   9 negative triangles
216: dt=0.8064,   9 negative triangles
217: dt=0.8064,   9 negative triangles
218: dt=0.8064,   9 negative triangles
219: dt=0.8064,   9 negative triangles
220: dt=0.8064,   9 negative triangles
221: dt=0.7660,   9 negative triangles
222: dt=0.7660,   9 negative triangles
223: dt=0.7660,   9 negative triangles
224: dt=0.7660,   9 negative triangles
225: dt=0.7660,   9 negative triangles
226: dt=0.7660,   9 negative triangles
227: dt=0.7660,   9 negative triangles
228: dt=0.7660,   9 negative triangles
229: dt=0.7660,   9 negative triangles
230: dt=0.7660,   9 negative triangles
231: dt=0.7277,   9 negative triangles
232: dt=0.7277,   9 negative triangles
233: dt=0.7277,   9 negative triangles
234: dt=0.7277,   9 negative triangles
235: dt=0.7277,   9 negative triangles
236: dt=0.7277,   9 negative triangles
237: dt=0.7277,   9 negative triangles
238: dt=0.7277,   9 negative triangles
239: dt=0.7277,   9 negative triangles
240: dt=0.7277,   9 negative triangles
241: dt=0.6914,   9 negative triangles
242: dt=0.6914,   9 negative triangles
243: dt=0.6914,   9 negative triangles
244: dt=0.6914,   9 negative triangles
245: dt=0.6914,   9 negative triangles
246: dt=0.6914,   9 negative triangles
247: dt=0.6914,   9 negative triangles
248: dt=0.6914,   9 negative triangles
249: dt=0.6914,   9 negative triangles
250: dt=0.6914,   9 negative triangles
251: dt=0.6568,   9 negative triangles
252: dt=0.6568,   9 negative triangles
253: dt=0.6568,   9 negative triangles
254: dt=0.6568,   9 negative triangles
255: dt=0.6568,   9 negative triangles
256: dt=0.6568,   9 negative triangles
257: dt=0.6568,   9 negative triangles
258: dt=0.6568,   9 negative triangles
259: dt=0.6568,   9 negative triangles
260: dt=0.6568,   9 negative triangles
261: dt=0.6239,   9 negative triangles
262: dt=0.6239,   9 negative triangles
263: dt=0.6239,   9 negative triangles
264: dt=0.6239,   9 negative triangles
265: dt=0.6239,   9 negative triangles
266: dt=0.6239,   9 negative triangles
267: dt=0.6239,   9 negative triangles
268: dt=0.6239,   9 negative triangles
269: dt=0.6239,   9 negative triangles
270: dt=0.6239,   9 negative triangles
271: dt=0.5927,   9 negative triangles
272: dt=0.5927,   9 negative triangles
273: dt=0.5927,   9 negative triangles
274: dt=0.5927,   9 negative triangles
275: dt=0.5927,   9 negative triangles
276: dt=0.5927,   9 negative triangles
277: dt=0.5927,   9 negative triangles
278: dt=0.5927,   9 negative triangles
279: dt=0.5927,   9 negative triangles
280: dt=0.5927,   9 negative triangles
281: dt=0.5631,   9 negative triangles
282: dt=0.5631,   9 negative triangles
283: dt=0.5631,   9 negative triangles
284: dt=0.5631,   9 negative triangles
285: dt=0.5631,   9 negative triangles
286: dt=0.5631,   9 negative triangles
287: dt=0.5631,   9 negative triangles
288: dt=0.5631,   9 negative triangles
289: dt=0.5631,   9 negative triangles
290: dt=0.5631,   9 negative triangles
291: dt=0.5631,   8 negative triangles
292: dt=0.5631,   8 negative triangles
293: dt=0.5631,   8 negative triangles
294: dt=0.5631,   8 negative triangles
295: dt=0.5631,   8 negative triangles
296: dt=0.5631,   8 negative triangles
297: dt=0.5631,   8 negative triangles
298: dt=0.5631,   8 negative triangles
299: dt=0.5631,   8 negative triangles
300: dt=0.5631,   8 negative triangles
301: dt=0.5350,   8 negative triangles
302: dt=0.5350,   8 negative triangles
303: dt=0.5350,   8 negative triangles
304: dt=0.5350,   8 negative triangles
305: dt=0.5350,   8 negative triangles
306: dt=0.5350,   8 negative triangles
307: dt=0.5350,   8 negative triangles
308: dt=0.5350,   8 negative triangles
309: dt=0.5350,   8 negative triangles
310: dt=0.5350,   8 negative triangles
311: dt=0.5082,   8 negative triangles
312: dt=0.5082,   8 negative triangles
313: dt=0.5082,   8 negative triangles
314: dt=0.5082,   8 negative triangles
315: dt=0.5082,   8 negative triangles
316: dt=0.5082,   8 negative triangles
317: dt=0.5082,   8 negative triangles
318: dt=0.5082,   8 negative triangles
319: dt=0.5082,   8 negative triangles
320: dt=0.5082,   8 negative triangles
321: dt=0.4828,   8 negative triangles
322: dt=0.4828,   8 negative triangles
323: dt=0.4828,   8 negative triangles
324: dt=0.4828,   8 negative triangles
325: dt=0.4828,   8 negative triangles
326: dt=0.4828,   8 negative triangles
327: dt=0.4828,   8 negative triangles
328: dt=0.4828,   8 negative triangles
329: dt=0.4828,   8 negative triangles
330: dt=0.4828,   8 negative triangles
331: dt=0.4587,   8 negative triangles
332: dt=0.4587,   8 negative triangles
333: dt=0.4587,   8 negative triangles
334: dt=0.4587,   8 negative triangles
335: dt=0.4587,   8 negative triangles
336: dt=0.4587,   8 negative triangles
337: dt=0.4587,   8 negative triangles
338: dt=0.4587,   8 negative triangles
339: dt=0.4587,   8 negative triangles
340: dt=0.4587,   8 negative triangles
341: dt=0.4357,   8 negative triangles
342: dt=0.4357,   8 negative triangles
343: dt=0.4357,   8 negative triangles
344: dt=0.4357,   8 negative triangles
345: dt=0.4357,   8 negative triangles
346: dt=0.4357,   8 negative triangles
347: dt=0.4357,   8 negative triangles
348: dt=0.4357,   8 negative triangles
349: dt=0.4357,   8 negative triangles
350: dt=0.4357,   8 negative triangles
351: dt=0.4139,   8 negative triangles
352: dt=0.4139,   8 negative triangles
353: dt=0.4139,   8 negative triangles
354: dt=0.4139,   8 negative triangles
355: dt=0.4139,   8 negative triangles
356: dt=0.4139,   8 negative triangles
357: dt=0.4139,   8 negative triangles
358: dt=0.4139,   8 negative triangles
359: dt=0.4139,   8 negative triangles
360: dt=0.4139,   8 negative triangles
361: dt=0.3932,   8 negative triangles
362: dt=0.3932,   8 negative triangles
363: dt=0.3932,   8 negative triangles
364: dt=0.3932,   8 negative triangles
365: dt=0.3932,   8 negative triangles
366: dt=0.3932,   8 negative triangles
367: dt=0.3932,   8 negative triangles
368: dt=0.3932,   8 negative triangles
369: dt=0.3932,   8 negative triangles
370: dt=0.3932,   8 negative triangles
371: dt=0.3736,   8 negative triangles
372: dt=0.3736,   8 negative triangles
373: dt=0.3736,   8 negative triangles
374: dt=0.3736,   8 negative triangles
375: dt=0.3736,   8 negative triangles
376: dt=0.3736,   8 negative triangles
377: dt=0.3736,   8 negative triangles
378: dt=0.3736,   8 negative triangles
379: dt=0.3736,   8 negative triangles
380: dt=0.3736,   8 negative triangles
381: dt=0.3549,   8 negative triangles
382: dt=0.3549,   8 negative triangles
383: dt=0.3549,   8 negative triangles
384: dt=0.3549,   8 negative triangles
385: dt=0.3549,   8 negative triangles
386: dt=0.3549,   8 negative triangles
387: dt=0.3549,   8 negative triangles
388: dt=0.3549,   8 negative triangles
389: dt=0.3549,   8 negative triangles
390: dt=0.3549,   8 negative triangles
391: dt=0.3372,   8 negative triangles
392: dt=0.3372,   8 negative triangles
393: dt=0.3372,   8 negative triangles
394: dt=0.3372,   8 negative triangles
395: dt=0.3372,   8 negative triangles
396: dt=0.3372,   8 negative triangles
397: dt=0.3372,   8 negative triangles
398: dt=0.3372,   8 negative triangles
399: dt=0.3372,   8 negative triangles
400: dt=0.3372,   8 negative triangles
401: dt=0.3203,   8 negative triangles
402: dt=0.3203,   8 negative triangles
403: dt=0.3203,   8 negative triangles
404: dt=0.3203,   8 negative triangles
405: dt=0.3203,   8 negative triangles
406: dt=0.3203,   8 negative triangles
407: dt=0.3203,   8 negative triangles
408: dt=0.3203,   8 negative triangles
409: dt=0.3203,   8 negative triangles
410: dt=0.3203,   8 negative triangles
411: dt=0.3043,   8 negative triangles
412: dt=0.3043,   8 negative triangles
413: dt=0.3043,   8 negative triangles
414: dt=0.3043,   8 negative triangles
415: dt=0.3043,   8 negative triangles
416: dt=0.3043,   8 negative triangles
417: dt=0.3043,   8 negative triangles
418: dt=0.3043,   8 negative triangles
419: dt=0.3043,   8 negative triangles
420: dt=0.3043,   8 negative triangles
421: dt=0.2891,   8 negative triangles
422: dt=0.2891,   8 negative triangles
423: dt=0.2891,   8 negative triangles
424: dt=0.2891,   8 negative triangles
425: dt=0.2891,   8 negative triangles
426: dt=0.2891,   8 negative triangles
427: dt=0.2891,   8 negative triangles
428: dt=0.2891,   8 negative triangles
429: dt=0.2891,   8 negative triangles
430: dt=0.2891,   8 negative triangles
431: dt=0.2746,   8 negative triangles
432: dt=0.2746,   8 negative triangles
433: dt=0.2746,   8 negative triangles
434: dt=0.2746,   8 negative triangles
435: dt=0.2746,   8 negative triangles
436: dt=0.2746,   8 negative triangles
437: dt=0.2746,   8 negative triangles
438: dt=0.2746,   8 negative triangles
439: dt=0.2746,   8 negative triangles
440: dt=0.2746,   8 negative triangles
441: dt=0.2609,   8 negative triangles
442: dt=0.2609,   8 negative triangles
443: dt=0.2609,   8 negative triangles
444: dt=0.2609,   8 negative triangles
445: dt=0.2609,   8 negative triangles
446: dt=0.2609,   8 negative triangles
447: dt=0.2609,   8 negative triangles
448: dt=0.2609,   8 negative triangles
449: dt=0.2609,   8 negative triangles
450: dt=0.2609,   8 negative triangles
451: dt=0.2478,   8 negative triangles
452: dt=0.2478,   8 negative triangles
453: dt=0.2478,   8 negative triangles
454: dt=0.2478,   8 negative triangles
455: dt=0.2478,   8 negative triangles
456: dt=0.2478,   8 negative triangles
457: dt=0.2478,   8 negative triangles
458: dt=0.2478,   8 negative triangles
459: dt=0.2478,   8 negative triangles
460: dt=0.2478,   8 negative triangles
461: dt=0.2354,   8 negative triangles
462: dt=0.2354,   8 negative triangles
463: dt=0.2354,   8 negative triangles
464: dt=0.2354,   8 negative triangles
465: dt=0.2354,   8 negative triangles
466: dt=0.2354,   8 negative triangles
467: dt=0.2354,   8 negative triangles
468: dt=0.2354,   8 negative triangles
469: dt=0.2354,   7 negative triangles
470: dt=0.2354,   7 negative triangles
471: dt=0.2354,   7 negative triangles
472: dt=0.2354,   7 negative triangles
473: dt=0.2354,   7 negative triangles
474: dt=0.2354,   7 negative triangles
475: dt=0.2354,   7 negative triangles
476: dt=0.2354,   7 negative triangles
477: dt=0.2354,   7 negative triangles
478: dt=0.2354,   7 negative triangles
479: dt=0.2237,   7 negative triangles
480: dt=0.2237,   7 negative triangles
481: dt=0.2237,   7 negative triangles
482: dt=0.2237,   7 negative triangles
483: dt=0.2237,   7 negative triangles
484: dt=0.2237,   7 negative triangles
485: dt=0.2237,   7 negative triangles
486: dt=0.2237,   7 negative triangles
487: dt=0.2237,   7 negative triangles
488: dt=0.2237,   7 negative triangles
489: dt=0.2125,   7 negative triangles
490: dt=0.2125,   7 negative triangles
491: dt=0.2125,   7 negative triangles
492: dt=0.2125,   7 negative triangles
493: dt=0.2125,   7 negative triangles
494: dt=0.2125,   7 negative triangles
495: dt=0.2125,   7 negative triangles
496: dt=0.2125,   7 negative triangles
497: dt=0.2125,   7 negative triangles
498: dt=0.2125,   7 negative triangles
499: dt=0.2019,   7 negative triangles
500: dt=0.2019,   7 negative triangles
501: dt=0.2019,   7 negative triangles
502: dt=0.2019,   7 negative triangles
503: dt=0.2019,   7 negative triangles
504: dt=0.2019,   7 negative triangles
505: dt=0.2019,   7 negative triangles
506: dt=0.2019,   7 negative triangles
507: dt=0.2019,   7 negative triangles
508: dt=0.2019,   7 negative triangles
509: dt=0.1918,   7 negative triangles
510: dt=0.1918,   7 negative triangles
511: dt=0.1918,   7 negative triangles
512: dt=0.1918,   7 negative triangles
513: dt=0.1918,   7 negative triangles
514: dt=0.1918,   7 negative triangles
515: dt=0.1918,   7 negative triangles
516: dt=0.1918,   7 negative triangles
517: dt=0.1918,   7 negative triangles
518: dt=0.1918,   7 negative triangles
519: dt=0.1822,   7 negative triangles
520: dt=0.1822,   7 negative triangles
521: dt=0.1822,   7 negative triangles
522: dt=0.1822,   7 negative triangles
523: dt=0.1822,   7 negative triangles
524: dt=0.1822,   7 negative triangles
525: dt=0.1822,   7 negative triangles
526: dt=0.1822,   7 negative triangles
527: dt=0.1822,   7 negative triangles
528: dt=0.1822,   7 negative triangles
529: dt=0.1731,   7 negative triangles
530: dt=0.1731,   7 negative triangles
531: dt=0.1731,   7 negative triangles
532: dt=0.1731,   7 negative triangles
533: dt=0.1731,   7 negative triangles
534: dt=0.1731,   7 negative triangles
535: dt=0.1731,   7 negative triangles
536: dt=0.1731,   7 negative triangles
537: dt=0.1731,   7 negative triangles
538: dt=0.1731,   7 negative triangles
539: dt=0.1644,   7 negative triangles
540: dt=0.1644,   7 negative triangles
541: dt=0.1644,   7 negative triangles
542: dt=0.1644,   7 negative triangles
543: dt=0.1644,   7 negative triangles
544: dt=0.1644,   7 negative triangles
545: dt=0.1644,   7 negative triangles
546: dt=0.1644,   7 negative triangles
547: dt=0.1644,   7 negative triangles
548: dt=0.1644,   7 negative triangles
549: dt=0.1562,   7 negative triangles
550: dt=0.1562,   7 negative triangles
551: dt=0.1562,   7 negative triangles
552: dt=0.1562,   7 negative triangles
553: dt=0.1562,   7 negative triangles
554: dt=0.1562,   7 negative triangles
555: dt=0.1562,   7 negative triangles
556: dt=0.1562,   7 negative triangles
557: dt=0.1562,   7 negative triangles
558: dt=0.1562,   7 negative triangles
559: dt=0.1484,   7 negative triangles
560: dt=0.1484,   7 negative triangles
561: dt=0.1484,   7 negative triangles
562: dt=0.1484,   7 negative triangles
563: dt=0.1484,   7 negative triangles
564: dt=0.1484,   7 negative triangles
565: dt=0.1484,   7 negative triangles
566: dt=0.1484,   7 negative triangles
567: dt=0.1484,   7 negative triangles
568: dt=0.1484,   7 negative triangles
569: dt=0.1410,   7 negative triangles
570: dt=0.1410,   7 negative triangles
571: dt=0.1410,   7 negative triangles
572: dt=0.1410,   7 negative triangles
573: dt=0.1410,   7 negative triangles
574: dt=0.1410,   7 negative triangles
575: dt=0.1410,   7 negative triangles
576: dt=0.1410,   7 negative triangles
577: dt=0.1410,   7 negative triangles
578: dt=0.1410,   7 negative triangles
579: dt=0.1339,   7 negative triangles
580: dt=0.1339,   7 negative triangles
581: dt=0.1339,   7 negative triangles
582: dt=0.1339,   7 negative triangles
583: dt=0.1339,   7 negative triangles
584: dt=0.1339,   7 negative triangles
585: dt=0.1339,   7 negative triangles
586: dt=0.1339,   7 negative triangles
587: dt=0.1339,   7 negative triangles
588: dt=0.1339,   7 negative triangles
589: dt=0.1272,   7 negative triangles
590: dt=0.1272,   7 negative triangles
591: dt=0.1272,   7 negative triangles
592: dt=0.1272,   7 negative triangles
593: dt=0.1272,   7 negative triangles
594: dt=0.1272,   7 negative triangles
595: dt=0.1272,   7 negative triangles
596: dt=0.1272,   7 negative triangles
597: dt=0.1272,   7 negative triangles
598: dt=0.1272,   7 negative triangles
599: dt=0.1209,   7 negative triangles
600: dt=0.1209,   7 negative triangles
601: dt=0.1209,   7 negative triangles
602: dt=0.1209,   7 negative triangles
603: dt=0.1209,   7 negative triangles
604: dt=0.1209,   7 negative triangles
605: dt=0.1209,   7 negative triangles
606: dt=0.1209,   7 negative triangles
607: dt=0.1209,   7 negative triangles
608: dt=0.1209,   7 negative triangles
609: dt=0.1148,   7 negative triangles
610: dt=0.1148,   7 negative triangles
611: dt=0.1148,   7 negative triangles
612: dt=0.1148,   7 negative triangles
613: dt=0.1148,   7 negative triangles
614: dt=0.1148,   7 negative triangles
615: dt=0.1148,   7 negative triangles
616: dt=0.1148,   7 negative triangles
617: dt=0.1148,   7 negative triangles
618: dt=0.1148,   7 negative triangles
619: dt=0.1091,   7 negative triangles
620: dt=0.1091,   7 negative triangles
621: dt=0.1091,   7 negative triangles
622: dt=0.1091,   7 negative triangles
623: dt=0.1091,   7 negative triangles
624: dt=0.1091,   7 negative triangles
625: dt=0.1091,   7 negative triangles
626: dt=0.1091,   7 negative triangles
627: dt=0.1091,   7 negative triangles
628: dt=0.1091,   7 negative triangles
629: dt=0.1036,   7 negative triangles
630: dt=0.1036,   7 negative triangles
631: dt=0.1036,   7 negative triangles
632: dt=0.1036,   7 negative triangles
633: dt=0.1036,   7 negative triangles
634: dt=0.1036,   7 negative triangles
635: dt=0.1036,   7 negative triangles
636: dt=0.1036,   7 negative triangles
637: dt=0.1036,   7 negative triangles
638: dt=0.1036,   7 negative triangles
639: dt=0.0984,   7 negative triangles
640: dt=0.0984,   7 negative triangles
641: dt=0.0984,   7 negative triangles
642: dt=0.0984,   7 negative triangles
643: dt=0.0984,   7 negative triangles
644: dt=0.0984,   7 negative triangles
645: dt=0.0984,   7 negative triangles
646: dt=0.0984,   7 negative triangles
647: dt=0.0984,   7 negative triangles
648: dt=0.0984,   7 negative triangles
649: dt=0.0935,   7 negative triangles
650: dt=0.0935,   7 negative triangles
651: dt=0.0935,   7 negative triangles
652: dt=0.0935,   7 negative triangles
653: dt=0.0935,   7 negative triangles
654: dt=0.0935,   7 negative triangles
655: dt=0.0935,   7 negative triangles
656: dt=0.0935,   7 negative triangles
657: dt=0.0935,   7 negative triangles
658: dt=0.0935,   7 negative triangles
659: dt=0.0888,   7 negative triangles
660: dt=0.0888,   7 negative triangles
661: dt=0.0888,   7 negative triangles
662: dt=0.0888,   7 negative triangles
663: dt=0.0888,   7 negative triangles
664: dt=0.0888,   7 negative triangles
665: dt=0.0888,   7 negative triangles
666: dt=0.0888,   7 negative triangles
667: dt=0.0888,   7 negative triangles
668: dt=0.0888,   7 negative triangles
669: dt=0.0844,   7 negative triangles
670: dt=0.0844,   7 negative triangles
671: dt=0.0844,   7 negative triangles
672: dt=0.0844,   7 negative triangles
673: dt=0.0844,   7 negative triangles
674: dt=0.0844,   7 negative triangles
675: dt=0.0844,   7 negative triangles
676: dt=0.0844,   7 negative triangles
677: dt=0.0844,   7 negative triangles
678: dt=0.0844,   7 negative triangles
679: dt=0.0802,   7 negative triangles
680: dt=0.0802,   7 negative triangles
681: dt=0.0802,   7 negative triangles
682: dt=0.0802,   7 negative triangles
683: dt=0.0802,   7 negative triangles
684: dt=0.0802,   7 negative triangles
685: dt=0.0802,   7 negative triangles
686: dt=0.0802,   7 negative triangles
687: dt=0.0802,   7 negative triangles
688: dt=0.0802,   7 negative triangles
689: dt=0.0762,   7 negative triangles
690: dt=0.0762,   7 negative triangles
691: dt=0.0762,   7 negative triangles
692: dt=0.0762,   7 negative triangles
693: dt=0.0762,   7 negative triangles
694: dt=0.0762,   7 negative triangles
695: dt=0.0762,   7 negative triangles
696: dt=0.0762,   7 negative triangles
697: dt=0.0762,   7 negative triangles
698: dt=0.0762,   7 negative triangles
699: dt=0.0724,   7 negative triangles
700: dt=0.0724,   7 negative triangles
701: dt=0.0724,   7 negative triangles
702: dt=0.0724,   7 negative triangles
703: dt=0.0724,   7 negative triangles
704: dt=0.0724,   7 negative triangles
705: dt=0.0724,   7 negative triangles
706: dt=0.0724,   7 negative triangles
707: dt=0.0724,   7 negative triangles
708: dt=0.0724,   7 negative triangles
709: dt=0.0687,   7 negative triangles
710: dt=0.0687,   7 negative triangles
711: dt=0.0687,   7 negative triangles
712: dt=0.0687,   7 negative triangles
713: dt=0.0687,   7 negative triangles
714: dt=0.0687,   7 negative triangles
715: dt=0.0687,   7 negative triangles
716: dt=0.0687,   7 negative triangles
717: dt=0.0687,   7 negative triangles
718: dt=0.0687,   7 negative triangles
719: dt=0.0653,   7 negative triangles
720: dt=0.0653,   7 negative triangles
721: dt=0.0653,   7 negative triangles
722: dt=0.0653,   7 negative triangles
723: dt=0.0653,   7 negative triangles
724: dt=0.0653,   7 negative triangles
725: dt=0.0653,   7 negative triangles
726: dt=0.0653,   7 negative triangles
727: dt=0.0653,   7 negative triangles
728: dt=0.0653,   7 negative triangles
729: dt=0.0620,   7 negative triangles
730: dt=0.0620,   7 negative triangles
731: dt=0.0620,   7 negative triangles
732: dt=0.0620,   7 negative triangles
733: dt=0.0620,   7 negative triangles
734: dt=0.0620,   7 negative triangles
735: dt=0.0620,   7 negative triangles
736: dt=0.0620,   7 negative triangles
737: dt=0.0620,   7 negative triangles
738: dt=0.0620,   7 negative triangles
739: dt=0.0589,   7 negative triangles
740: dt=0.0589,   7 negative triangles
741: dt=0.0589,   7 negative triangles
742: dt=0.0589,   7 negative triangles
743: dt=0.0589,   7 negative triangles
744: dt=0.0589,   7 negative triangles
745: dt=0.0589,   7 negative triangles
746: dt=0.0589,   7 negative triangles
747: dt=0.0589,   7 negative triangles
748: dt=0.0589,   7 negative triangles
749: dt=0.0560,   7 negative triangles
750: dt=0.0560,   7 negative triangles
751: dt=0.0560,   7 negative triangles
752: dt=0.0560,   7 negative triangles
753: dt=0.0560,   7 negative triangles
754: dt=0.0560,   7 negative triangles
755: dt=0.0560,   7 negative triangles
756: dt=0.0560,   7 negative triangles
757: dt=0.0560,   7 negative triangles
758: dt=0.0560,   7 negative triangles
759: dt=0.0532,   7 negative triangles
760: dt=0.0532,   7 negative triangles
761: dt=0.0532,   7 negative triangles
762: dt=0.0532,   7 negative triangles
763: dt=0.0532,   7 negative triangles
764: dt=0.0532,   7 negative triangles
765: dt=0.0532,   7 negative triangles
766: dt=0.0532,   7 negative triangles
767: dt=0.0532,   7 negative triangles
768: dt=0.0532,   7 negative triangles
769: dt=0.0505,   7 negative triangles
770: dt=0.0505,   7 negative triangles
771: dt=0.0505,   7 negative triangles
772: dt=0.0505,   7 negative triangles
773: dt=0.0505,   7 negative triangles
774: dt=0.0505,   7 negative triangles
775: dt=0.0505,   7 negative triangles
776: dt=0.0505,   7 negative triangles
777: dt=0.0505,   7 negative triangles
778: dt=0.0505,   7 negative triangles
779: dt=0.0480,   7 negative triangles
780: dt=0.0480,   7 negative triangles
781: dt=0.0480,   7 negative triangles
782: dt=0.0480,   7 negative triangles
783: dt=0.0480,   7 negative triangles
784: dt=0.0480,   7 negative triangles
785: dt=0.0480,   7 negative triangles
786: dt=0.0480,   7 negative triangles
787: dt=0.0480,   7 negative triangles
788: dt=0.0480,   7 negative triangles
789: dt=0.0456,   7 negative triangles
790: dt=0.0456,   7 negative triangles
791: dt=0.0456,   7 negative triangles
792: dt=0.0456,   7 negative triangles
793: dt=0.0456,   7 negative triangles
794: dt=0.0456,   7 negative triangles
795: dt=0.0456,   7 negative triangles
796: dt=0.0456,   7 negative triangles
797: dt=0.0456,   7 negative triangles
798: dt=0.0456,   7 negative triangles
799: dt=0.0433,   7 negative triangles
800: dt=0.0433,   7 negative triangles
801: dt=0.0433,   7 negative triangles
802: dt=0.0433,   7 negative triangles
803: dt=0.0433,   7 negative triangles
804: dt=0.0433,   7 negative triangles
805: dt=0.0433,   7 negative triangles
806: dt=0.0433,   7 negative triangles
807: dt=0.0433,   7 negative triangles
808: dt=0.0433,   7 negative triangles
809: dt=0.0412,   7 negative triangles
810: dt=0.0412,   7 negative triangles
811: dt=0.0412,   7 negative triangles
812: dt=0.0412,   7 negative triangles
813: dt=0.0412,   7 negative triangles
814: dt=0.0412,   7 negative triangles
815: dt=0.0412,   7 negative triangles
816: dt=0.0412,   7 negative triangles
817: dt=0.0412,   7 negative triangles
818: dt=0.0412,   7 negative triangles
819: dt=0.0391,   7 negative triangles
820: dt=0.0391,   7 negative triangles
821: dt=0.0391,   7 negative triangles
822: dt=0.0391,   7 negative triangles
823: dt=0.0391,   7 negative triangles
824: dt=0.0391,   7 negative triangles
825: dt=0.0391,   7 negative triangles
826: dt=0.0391,   7 negative triangles
827: dt=0.0391,   7 negative triangles
828: dt=0.0391,   7 negative triangles
829: dt=0.0371,   7 negative triangles
830: dt=0.0371,   7 negative triangles
831: dt=0.0371,   7 negative triangles
832: dt=0.0371,   7 negative triangles
833: dt=0.0371,   7 negative triangles
834: dt=0.0371,   7 negative triangles
835: dt=0.0371,   7 negative triangles
836: dt=0.0371,   7 negative triangles
837: dt=0.0371,   7 negative triangles
838: dt=0.0371,   7 negative triangles
839: dt=0.0353,   7 negative triangles
840: dt=0.0353,   7 negative triangles
841: dt=0.0353,   7 negative triangles
842: dt=0.0353,   7 negative triangles
843: dt=0.0353,   7 negative triangles
844: dt=0.0353,   7 negative triangles
845: dt=0.0353,   7 negative triangles
846: dt=0.0353,   7 negative triangles
847: dt=0.0353,   7 negative triangles
848: dt=0.0353,   7 negative triangles
849: dt=0.0335,   7 negative triangles
850: dt=0.0335,   7 negative triangles
851: dt=0.0335,   7 negative triangles
852: dt=0.0335,   7 negative triangles
853: dt=0.0335,   7 negative triangles
854: dt=0.0335,   7 negative triangles
855: dt=0.0335,   7 negative triangles
856: dt=0.0335,   7 negative triangles
857: dt=0.0335,   7 negative triangles
858: dt=0.0335,   7 negative triangles
859: dt=0.0319,   7 negative triangles
860: dt=0.0319,   7 negative triangles
861: dt=0.0319,   7 negative triangles
862: dt=0.0319,   7 negative triangles
863: dt=0.0319,   7 negative triangles
864: dt=0.0319,   7 negative triangles
865: dt=0.0319,   7 negative triangles
866: dt=0.0319,   7 negative triangles
867: dt=0.0319,   7 negative triangles
868: dt=0.0319,   7 negative triangles
869: dt=0.0303,   7 negative triangles
870: dt=0.0303,   7 negative triangles
871: dt=0.0303,   7 negative triangles
872: dt=0.0303,   7 negative triangles
873: dt=0.0303,   7 negative triangles
874: dt=0.0303,   7 negative triangles
875: dt=0.0303,   7 negative triangles
876: dt=0.0303,   7 negative triangles
877: dt=0.0303,   7 negative triangles
878: dt=0.0303,   7 negative triangles
879: dt=0.0287,   7 negative triangles
880: dt=0.0287,   7 negative triangles
881: dt=0.0287,   7 negative triangles
882: dt=0.0287,   7 negative triangles
883: dt=0.0287,   7 negative triangles
884: dt=0.0287,   7 negative triangles
885: dt=0.0287,   7 negative triangles
886: dt=0.0287,   7 negative triangles
887: dt=0.0287,   7 negative triangles
888: dt=0.0287,   7 negative triangles
889: dt=0.0273,   7 negative triangles
890: dt=0.0273,   7 negative triangles
891: dt=0.0273,   7 negative triangles
892: dt=0.0273,   7 negative triangles
893: dt=0.0273,   7 negative triangles
894: dt=0.0273,   7 negative triangles
895: dt=0.0273,   7 negative triangles
896: dt=0.0273,   7 negative triangles
897: dt=0.0273,   7 negative triangles
898: dt=0.0273,   7 negative triangles
899: dt=0.0259,   7 negative triangles
900: dt=0.0259,   7 negative triangles
901: dt=0.0259,   7 negative triangles
902: dt=0.0259,   7 negative triangles
903: dt=0.0259,   7 negative triangles
904: dt=0.0259,   7 negative triangles
905: dt=0.0259,   7 negative triangles
906: dt=0.0259,   7 negative triangles
907: dt=0.0259,   7 negative triangles
908: dt=0.0259,   7 negative triangles
909: dt=0.0246,   7 negative triangles
910: dt=0.0246,   7 negative triangles
911: dt=0.0246,   7 negative triangles
912: dt=0.0246,   7 negative triangles
913: dt=0.0246,   7 negative triangles
914: dt=0.0246,   7 negative triangles
915: dt=0.0246,   7 negative triangles
916: dt=0.0246,   7 negative triangles
917: dt=0.0246,   7 negative triangles
918: dt=0.0246,   7 negative triangles
919: dt=0.0234,   7 negative triangles
920: dt=0.0234,   7 negative triangles
921: dt=0.0234,   7 negative triangles
922: dt=0.0234,   7 negative triangles
923: dt=0.0234,   7 negative triangles
924: dt=0.0234,   7 negative triangles
925: dt=0.0234,   7 negative triangles
926: dt=0.0234,   7 negative triangles
927: dt=0.0234,   7 negative triangles
928: dt=0.0234,   7 negative triangles
929: dt=0.0222,   7 negative triangles
930: dt=0.0222,   7 negative triangles
931: dt=0.0222,   7 negative triangles
932: dt=0.0222,   7 negative triangles
933: dt=0.0222,   7 negative triangles
934: dt=0.0222,   7 negative triangles
935: dt=0.0222,   7 negative triangles
936: dt=0.0222,   7 negative triangles
937: dt=0.0222,   7 negative triangles
938: dt=0.0222,   7 negative triangles
939: dt=0.0211,   7 negative triangles
940: dt=0.0211,   7 negative triangles
941: dt=0.0211,   7 negative triangles
942: dt=0.0211,   7 negative triangles
943: dt=0.0211,   7 negative triangles
944: dt=0.0211,   7 negative triangles
945: dt=0.0211,   7 negative triangles
946: dt=0.0211,   7 negative triangles
947: dt=0.0211,   7 negative triangles
948: dt=0.0211,   7 negative triangles
949: dt=0.0201,   7 negative triangles
950: dt=0.0201,   7 negative triangles
951: dt=0.0201,   7 negative triangles
952: dt=0.0201,   7 negative triangles
953: dt=0.0201,   7 negative triangles
954: dt=0.0201,   7 negative triangles
955: dt=0.0201,   7 negative triangles
956: dt=0.0201,   7 negative triangles
957: dt=0.0201,   7 negative triangles
958: dt=0.0201,   7 negative triangles
959: dt=0.0191,   7 negative triangles
960: dt=0.0191,   7 negative triangles
961: dt=0.0191,   7 negative triangles
962: dt=0.0191,   7 negative triangles
963: dt=0.0191,   7 negative triangles
964: dt=0.0191,   7 negative triangles
965: dt=0.0191,   7 negative triangles
966: dt=0.0191,   7 negative triangles
967: dt=0.0191,   7 negative triangles
968: dt=0.0191,   7 negative triangles
969: dt=0.0181,   7 negative triangles
970: dt=0.0181,   7 negative triangles
971: dt=0.0181,   7 negative triangles
972: dt=0.0181,   7 negative triangles
973: dt=0.0181,   7 negative triangles
974: dt=0.0181,   7 negative triangles
975: dt=0.0181,   7 negative triangles
976: dt=0.0181,   7 negative triangles
977: dt=0.0181,   7 negative triangles
978: dt=0.0181,   7 negative triangles
979: dt=0.0172,   7 negative triangles
980: dt=0.0172,   7 negative triangles
981: dt=0.0172,   7 negative triangles
982: dt=0.0172,   7 negative triangles
983: dt=0.0172,   7 negative triangles
984: dt=0.0172,   7 negative triangles
985: dt=0.0172,   7 negative triangles
986: dt=0.0172,   7 negative triangles
987: dt=0.0172,   7 negative triangles
988: dt=0.0172,   7 negative triangles
989: dt=0.0164,   7 negative triangles
990: dt=0.0164,   7 negative triangles
991: dt=0.0164,   7 negative triangles
992: dt=0.0164,   7 negative triangles
993: dt=0.0164,   7 negative triangles
994: dt=0.0164,   7 negative triangles
995: dt=0.0164,   7 negative triangles
996: dt=0.0164,   7 negative triangles
997: dt=0.0164,   7 negative triangles
998: dt=0.0164,   7 negative triangles
999: dt=0.0155,   7 negative triangles
1000: dt=0.0155,   7 negative triangles
1001: dt=0.0155,   7 negative triangles
1002: dt=0.0155,   7 negative triangles
1003: dt=0.0155,   7 negative triangles
1004: dt=0.0155,   7 negative triangles
1005: dt=0.0155,   7 negative triangles
1006: dt=0.0155,   7 negative triangles
1007: dt=0.0155,   7 negative triangles
1008: dt=0.0155,   7 negative triangles
1009: dt=0.0148,   7 negative triangles
1010: dt=0.0148,   7 negative triangles
1011: dt=0.0148,   7 negative triangles
1012: dt=0.0148,   7 negative triangles
1013: dt=0.0148,   7 negative triangles
1014: dt=0.0148,   7 negative triangles
1015: dt=0.0148,   7 negative triangles
1016: dt=0.0148,   7 negative triangles
1017: dt=0.0148,   7 negative triangles
1018: dt=0.0148,   7 negative triangles
1019: dt=0.0140,   7 negative triangles
1020: dt=0.0140,   7 negative triangles
1021: dt=0.0140,   7 negative triangles
1022: dt=0.0140,   7 negative triangles
1023: dt=0.0140,   7 negative triangles
1024: dt=0.0140,   7 negative triangles
1025: dt=0.0140,   7 negative triangles
1026: dt=0.0140,   7 negative triangles
1027: dt=0.0140,   7 negative triangles
1028: dt=0.0140,   7 negative triangles
1029: dt=0.0133,   7 negative triangles
1030: dt=0.0133,   7 negative triangles
1031: dt=0.0133,   7 negative triangles
1032: dt=0.0133,   7 negative triangles
1033: dt=0.0133,   7 negative triangles
1034: dt=0.0133,   7 negative triangles
1035: dt=0.0133,   7 negative triangles
1036: dt=0.0133,   7 negative triangles
1037: dt=0.0133,   7 negative triangles
1038: dt=0.0133,   7 negative triangles
1039: dt=0.0127,   7 negative triangles
1040: dt=0.0127,   7 negative triangles
1041: dt=0.0127,   7 negative triangles
1042: dt=0.0127,   7 negative triangles
1043: dt=0.0127,   7 negative triangles
1044: dt=0.0127,   7 negative triangles
1045: dt=0.0127,   7 negative triangles
1046: dt=0.0127,   7 negative triangles
1047: dt=0.0127,   7 negative triangles
1048: dt=0.0127,   7 negative triangles
1049: dt=0.0120,   7 negative triangles
1050: dt=0.0120,   7 negative triangles
1051: dt=0.0120,   7 negative triangles
1052: dt=0.0120,   7 negative triangles
1053: dt=0.0120,   7 negative triangles
1054: dt=0.0120,   7 negative triangles
1055: dt=0.0120,   7 negative triangles
1056: dt=0.0120,   7 negative triangles
1057: dt=0.0120,   7 negative triangles
1058: dt=0.0120,   7 negative triangles
1059: dt=0.0114,   7 negative triangles
1060: dt=0.0114,   7 negative triangles
1061: dt=0.0114,   7 negative triangles
1062: dt=0.0114,   7 negative triangles
1063: dt=0.0114,   7 negative triangles
1064: dt=0.0114,   7 negative triangles
1065: dt=0.0114,   7 negative triangles
1066: dt=0.0114,   7 negative triangles
1067: dt=0.0114,   7 negative triangles
1068: dt=0.0114,   7 negative triangles
1069: dt=0.0108,   7 negative triangles
1070: dt=0.0108,   7 negative triangles
1071: dt=0.0108,   7 negative triangles
1072: dt=0.0108,   7 negative triangles
1073: dt=0.0108,   7 negative triangles
1074: dt=0.0108,   7 negative triangles
1075: dt=0.0108,   7 negative triangles
1076: dt=0.0108,   7 negative triangles
1077: dt=0.0108,   7 negative triangles
1078: dt=0.0108,   7 negative triangles
1079: dt=0.0103,   7 negative triangles
1080: dt=0.0103,   7 negative triangles
1081: dt=0.0103,   7 negative triangles
1082: dt=0.0103,   7 negative triangles
1083: dt=0.0103,   7 negative triangles
1084: dt=0.0103,   7 negative triangles
1085: dt=0.0103,   7 negative triangles
1086: dt=0.0103,   7 negative triangles
1087: dt=0.0103,   7 negative triangles
1088: dt=0.0103,   7 negative triangles
1089: dt=0.0098,   7 negative triangles
1090: dt=0.0098,   7 negative triangles
1091: 7 negative triangles
writing spherical brain to ../surf/lh.sphere
spherical transformation took 0.1089 hours
FSRUNTIME@ mris_sphere  0.1089 hours 16 threads
#VMPC# mris_sphere VmPeak  1625788
mris_sphere done
#--------------------------------------------
#@# Surf Reg lh Sun Mar  8 21:40:51 CET 2026
/out/sourcedata/freesurfer/sub-v1s14x0051585_ses-1/scripts

 mris_register -curv ../surf/lh.sphere /opt/freesurfer/average/lh.folding.atlas.acfb40.noaparc.i12.2016-08-02.tif ../surf/lh.sphere.reg 

using smoothwm curvature for final alignment

cwd /out/sourcedata/freesurfer/sub-v1s14x0051585_ses-1/scripts
cmdline mris_register -curv ../surf/lh.sphere /opt/freesurfer/average/lh.folding.atlas.acfb40.noaparc.i12.2016-08-02.tif ../surf/lh.sphere.reg 

0 inflated.H
1 sulc
2 smoothwm (computed)
7.3.2
  7.3.2
reading surface from ../surf/lh.sphere...
reading template parameterization from /opt/freesurfer/average/lh.folding.atlas.acfb40.noaparc.i12.2016-08-02.tif...
MRISregister() -------
max_passes = 4 
min_degrees = 0.500000 
max_degrees = 64.000000 
nangles = 8 
tol=5.0e-01, sigma=0.0, host=dna07, nav=1024, nbrs=1, l_extern=10000.000, l_parea=0.200, l_nlarea=1.000, l_corr=1.000, l_dist=5.000
using quadratic fit line minimization
complete_dist_mat 0
rms 0
smooth_averages 0
remove_neg 0
ico_order 0
which_surface 0
target_radius 0.000000
nfields 0
scale 0.000000
desired_rms_height -1.000000
momentum 0.950000
nbhd_size -10
max_nbrs 10
niterations 25
nsurfaces 0
SURFACES 3
flags 16 (10)
use curv 16
no sulc 0
no rigid align 0
mris->nsize 1
mris->hemisphere 0
randomSeed 0

tol=5.0e-01, sigma=0.0, host=dna07, nav=1024, nbrs=1, l_extern=10000.000, l_parea=0.200, l_nlarea=1.000, l_corr=1.000, l_dist=5.000
using quadratic fit line minimization
--------------------
1 Reading lh.sulc
tol=1.0e+00, sigma=0.5, host=dna07, nav=1024, nbrs=1, l_extern=10000.000, l_parea=0.200, l_nlarea=1.000, l_corr=0.050, l_spring=0.500, l_dist=5.000
using quadratic fit line minimization
curvature mean = -0.000, std = 5.521
curvature mean = 0.033, std = 0.817
curvature mean = 0.012, std = 0.848
Starting MRISrigidBodyAlignGlobal()
Starting new MRISrigidBodyAlignGlobal_findMinSSE()
  new MRISrigidBodyAlignGlobal_findMinSSE min @ (1.00, -3.50, 11.00) sse = 303195.8, elapsed since starting=0.0778 min
MRISrigidBodyAlignGlobal() done   0.08 min
curvature mean = 0.010, std = 0.834
curvature mean = 0.005, std = 0.941
curvature mean = 0.004, std = 0.840
curvature mean = 0.002, std = 0.977
curvature mean = 0.003, std = 0.840
curvature mean = 0.001, std = 0.991
2 Reading smoothwm
curvature mean = -0.019, std = 0.287
curvature mean = 0.041, std = 0.246
curvature mean = 0.048, std = 0.339
curvature mean = 0.039, std = 0.303
curvature mean = 0.028, std = 0.532
curvature mean = 0.039, std = 0.329
curvature mean = 0.016, std = 0.670
curvature mean = 0.038, std = 0.341
curvature mean = 0.006, std = 0.769
MRISregister() return, current seed 0
-01: dt=0.0000,  25 negative triangles  VmPeak 1623772
107: dt=0.9900,  25 negative triangles
108: dt=0.9900,  21 negative triangles
109: dt=0.9900,  20 negative triangles
110: dt=0.9900,  18 negative triangles
111: dt=0.9900,  16 negative triangles
112: dt=0.9900,  14 negative triangles
113: dt=0.9900,  13 negative triangles
114: dt=0.9900,  12 negative triangles
115: dt=0.9900,  13 negative triangles
116: dt=0.9900,  10 negative triangles
117: dt=0.9900,  12 negative triangles
118: dt=0.9900,  10 negative triangles
119: dt=0.9900,  14 negative triangles
120: dt=0.9900,  12 negative triangles
121: dt=0.9900,  13 negative triangles
122: dt=0.9900,  12 negative triangles
123: dt=0.9900,  12 negative triangles
124: dt=0.9900,  12 negative triangles
125: dt=0.9900,  12 negative triangles
126: dt=0.9405,  10 negative triangles
127: dt=0.9405,  14 negative triangles
128: dt=0.9405,  10 negative triangles
129: dt=0.9405,  10 negative triangles
130: dt=0.9405,   8 negative triangles
131: dt=0.9405,   9 negative triangles
132: dt=0.9405,   7 negative triangles
133: dt=0.9405,  10 negative triangles
134: dt=0.9405,   8 negative triangles
135: dt=0.9405,   9 negative triangles
136: dt=0.9405,  11 negative triangles
137: dt=0.9405,   9 negative triangles
138: dt=0.9405,   7 negative triangles
139: dt=0.9405,  12 negative triangles
140: dt=0.9405,   8 negative triangles
141: dt=0.9405,   8 negative triangles
142: dt=0.8935,  11 negative triangles
143: dt=0.8935,   9 negative triangles
144: dt=0.8935,   7 negative triangles
145: dt=0.8935,  11 negative triangles
146: dt=0.8935,   8 negative triangles
147: dt=0.8935,   7 negative triangles
148: dt=0.8935,  10 negative triangles
149: dt=0.8935,   8 negative triangles
150: dt=0.8935,   6 negative triangles
151: dt=0.8935,  11 negative triangles
152: dt=0.8935,   7 negative triangles
153: dt=0.8935,   7 negative triangles
154: dt=0.8935,  10 negative triangles
155: dt=0.8935,   8 negative triangles
156: dt=0.8935,   7 negative triangles
157: dt=0.8935,  10 negative triangles
158: dt=0.8935,   7 negative triangles
159: dt=0.8935,   7 negative triangles
160: dt=0.8488,  10 negative triangles
161: dt=0.8488,   8 negative triangles
162: dt=0.8488,   6 negative triangles
163: dt=0.8488,  11 negative triangles
164: dt=0.8488,   8 negative triangles
165: dt=0.8488,   7 negative triangles
166: dt=0.8488,  10 negative triangles
167: dt=0.8488,   8 negative triangles
168: dt=0.8488,   6 negative triangles
169: dt=0.8488,  11 negative triangles
170: dt=0.8064,   7 negative triangles
171: dt=0.8064,   8 negative triangles
172: dt=0.8064,   9 negative triangles
173: dt=0.8064,   8 negative triangles
174: dt=0.8064,   7 negative triangles
175: dt=0.8064,  10 negative triangles
176: dt=0.8064,   7 negative triangles
177: dt=0.8064,   5 negative triangles
178: dt=0.8064,   9 negative triangles
179: dt=0.8064,   7 negative triangles
180: dt=0.8064,   6 negative triangles
181: dt=0.8064,   8 negative triangles
182: dt=0.8064,   7 negative triangles
183: dt=0.8064,   5 negative triangles
184: dt=0.8064,   9 negative triangles
185: dt=0.8064,   7 negative triangles
186: dt=0.8064,   6 negative triangles
187: dt=0.7660,   8 negative triangles
188: dt=0.7660,   6 negative triangles
189: dt=0.7660,   7 negative triangles
190: dt=0.7660,   8 negative triangles
191: dt=0.7660,   6 negative triangles
192: dt=0.7660,   5 negative triangles
193: dt=0.7660,  10 negative triangles
194: dt=0.7660,   7 negative triangles
195: dt=0.7660,   6 negative triangles
196: dt=0.7660,   8 negative triangles
197: dt=0.7277,   8 negative triangles
198: dt=0.7277,   6 negative triangles
199: dt=0.7277,   8 negative triangles
200: dt=0.7277,   6 negative triangles
201: dt=0.7277,   6 negative triangles
202: dt=0.7277,   9 negative triangles
203: dt=0.7277,   6 negative triangles
204: dt=0.7277,   6 negative triangles
205: dt=0.7277,   9 negative triangles
206: dt=0.7277,   7 negative triangles
207: dt=0.6914,   6 negative triangles
208: dt=0.6914,   9 negative triangles
209: dt=0.6914,   6 negative triangles
210: dt=0.6914,   6 negative triangles
211: dt=0.6914,   8 negative triangles
212: dt=0.6914,   7 negative triangles
213: dt=0.6914,   6 negative triangles
214: dt=0.6914,   8 negative triangles
215: dt=0.6914,   8 negative triangles
216: dt=0.6914,   6 negative triangles
217: dt=0.6568,   8 negative triangles
218: dt=0.6568,   6 negative triangles
219: dt=0.6568,   6 negative triangles
220: dt=0.6568,   8 negative triangles
221: dt=0.6568,   6 negative triangles
222: dt=0.6568,   6 negative triangles
223: dt=0.6568,   8 negative triangles
224: dt=0.6568,   6 negative triangles
225: dt=0.6568,   8 negative triangles
226: dt=0.6568,   6 negative triangles
227: dt=0.6239,   8 negative triangles
expanding nbhd size to 1
228: dt=0.9900,   6 negative triangles
229: dt=0.9900,   5 negative triangles
230: dt=0.9900,   6 negative triangles
231: dt=0.9900,   5 negative triangles
232: dt=0.9900,   6 negative triangles
233: dt=0.9900,   6 negative triangles
234: dt=0.9900,   5 negative triangles
235: dt=0.9900,   6 negative triangles
236: dt=0.9900,   5 negative triangles
237: dt=0.9405,   6 negative triangles
238: dt=0.9405,   5 negative triangles
239: dt=0.9405,   5 negative triangles
240: dt=0.9405,   5 negative triangles
241: dt=0.9405,   5 negative triangles
242: dt=0.9405,   6 negative triangles
243: dt=0.9405,   6 negative triangles
244: dt=0.9405,   5 negative triangles
245: dt=0.9405,   5 negative triangles
246: dt=0.9405,   6 negative triangles
247: dt=0.8935,   6 negative triangles
248: dt=0.8935,   5 negative triangles
249: dt=0.8935,   6 negative triangles
250: dt=0.8935,   6 negative triangles
251: dt=0.8935,   5 negative triangles
252: dt=0.8935,   5 negative triangles
253: dt=0.8935,   6 negative triangles
254: dt=0.8935,   6 negative triangles
255: dt=0.8935,   5 negative triangles
256: dt=0.8935,   6 negative triangles
257: dt=0.8488,   5 negative triangles
258: dt=0.8488,   5 negative triangles
259: dt=0.8488,   5 negative triangles
260: dt=0.8488,   5 negative triangles
261: dt=0.8488,   5 negative triangles
262: dt=0.8488,   5 negative triangles
263: dt=0.8488,   5 negative triangles
264: dt=0.8488,   5 negative triangles
265: dt=0.8488,   5 negative triangles
266: dt=0.8488,   6 negative triangles
267: dt=0.8064,   5 negative triangles
268: dt=0.8064,   6 negative triangles
269: dt=0.8064,   5 negative triangles
270: dt=0.8064,   5 negative triangles
271: dt=0.8064,   5 negative triangles
272: dt=0.8064,   5 negative triangles
273: dt=0.8064,   5 negative triangles
274: dt=0.8064,   5 negative triangles
275: dt=0.8064,   4 negative triangles
276: dt=0.8064,   4 negative triangles
277: dt=0.8064,   5 negative triangles
278: dt=0.8064,   4 negative triangles
279: dt=0.8064,   5 negative triangles
280: dt=0.8064,   4 negative triangles
281: dt=0.8064,   4 negative triangles
282: dt=0.8064,   4 negative triangles
283: dt=0.8064,   4 negative triangles
284: dt=0.8064,   5 negative triangles
285: dt=0.7660,   5 negative triangles
286: dt=0.7660,   5 negative triangles
287: dt=0.7660,   4 negative triangles
288: dt=0.7660,   5 negative triangles
289: dt=0.7660,   5 negative triangles
290: dt=0.7660,   4 negative triangles
291: dt=0.7660,   4 negative triangles
292: dt=0.7660,   5 negative triangles
293: dt=0.7660,   4 negative triangles
294: dt=0.7660,   4 negative triangles
295: dt=0.7277,   4 negative triangles
296: dt=0.7277,   4 negative triangles
297: dt=0.7277,   5 negative triangles
298: dt=0.7277,   4 negative triangles
299: dt=0.7277,   4 negative triangles
300: dt=0.7277,   4 negative triangles
301: dt=0.7277,   4 negative triangles
302: dt=0.7277,   4 negative triangles
303: dt=0.7277,   4 negative triangles
304: dt=0.7277,   4 negative triangles
305: dt=0.6914,   4 negative triangles
306: dt=0.6914,   4 negative triangles
307: dt=0.6914,   4 negative triangles
308: dt=0.6914,   5 negative triangles
309: dt=0.6914,   4 negative triangles
310: dt=0.6914,   4 negative triangles
311: dt=0.6914,   4 negative triangles
312: dt=0.6914,   4 negative triangles
313: dt=0.6914,   4 negative triangles
314: dt=0.6914,   4 negative triangles
315: dt=0.6568,   4 negative triangles
316: dt=0.6568,   4 negative triangles
317: dt=0.6568,   5 negative triangles
318: dt=0.6568,   4 negative triangles
319: dt=0.6568,   4 negative triangles
320: dt=0.6568,   4 negative triangles
321: dt=0.6568,   4 negative triangles
322: dt=0.6568,   4 negative triangles
323: dt=0.6568,   4 negative triangles
324: dt=0.6568,   4 negative triangles
325: dt=0.6239,   4 negative triangles
326: dt=0.6239,   5 negative triangles
327: dt=0.6239,   4 negative triangles
328: dt=0.6239,   5 negative triangles
329: dt=0.6239,   4 negative triangles
330: dt=0.6239,   5 negative triangles
331: dt=0.6239,   4 negative triangles
332: dt=0.6239,   4 negative triangles
333: dt=0.6239,   4 negative triangles
334: dt=0.6239,   4 negative triangles
335: dt=0.5927,   4 negative triangles
336: dt=0.5927,   4 negative triangles
337: dt=0.5927,   4 negative triangles
338: dt=0.5927,   4 negative triangles
339: dt=0.5927,   4 negative triangles
340: dt=0.5927,   4 negative triangles
341: dt=0.5927,   4 negative triangles
342: dt=0.5927,   4 negative triangles
343: dt=0.5927,   4 negative triangles
344: dt=0.5927,   4 negative triangles
345: dt=0.5631,   4 negative triangles
346: dt=0.5631,   3 negative triangles
347: dt=0.5631,   3 negative triangles
348: dt=0.5631,   3 negative triangles
349: dt=0.5631,   3 negative triangles
350: dt=0.5631,   3 negative triangles
351: dt=0.5631,   3 negative triangles
352: dt=0.5631,   3 negative triangles
353: dt=0.5631,   3 negative triangles
354: dt=0.5631,   3 negative triangles
355: dt=0.5631,   3 negative triangles
356: dt=0.5350,   3 negative triangles
357: dt=0.5350,   3 negative triangles
358: dt=0.5350,   3 negative triangles
359: dt=0.5350,   2 negative triangles
360: dt=0.5350,   2 negative triangles
361: dt=0.5350,   2 negative triangles
362: dt=0.5350,   2 negative triangles
363: dt=0.5350,   2 negative triangles
364: dt=0.5350,   2 negative triangles
365: dt=0.5350,   2 negative triangles
366: dt=0.5350,   2 negative triangles
367: dt=0.5350,   2 negative triangles
368: dt=0.5350,   2 negative triangles
369: dt=0.5082,   2 negative triangles
370: dt=0.5082,   2 negative triangles
371: dt=0.5082,   2 negative triangles
372: dt=0.5082,   2 negative triangles
373: dt=0.5082,   2 negative triangles
374: dt=0.5082,   2 negative triangles
375: dt=0.5082,   2 negative triangles
376: dt=0.5082,   2 negative triangles
377: dt=0.5082,   2 negative triangles
378: dt=0.5082,   2 negative triangles
379: dt=0.4828,   2 negative triangles
380: dt=0.4828,   2 negative triangles
381: dt=0.4828,   2 negative triangles
382: dt=0.4828,   2 negative triangles
383: dt=0.4828,   2 negative triangles
384: dt=0.4828,   2 negative triangles
385: dt=0.4828,   2 negative triangles
386: dt=0.4828,   2 negative triangles
387: dt=0.4828,   2 negative triangles
388: dt=0.4828,   2 negative triangles
389: dt=0.4587,   2 negative triangles
390: dt=0.4587,   2 negative triangles
391: dt=0.4587,   2 negative triangles
392: dt=0.4587,   2 negative triangles
393: dt=0.4587,   2 negative triangles
394: dt=0.4587,   2 negative triangles
395: dt=0.4587,   2 negative triangles
396: dt=0.4587,   2 negative triangles
397: dt=0.4587,   2 negative triangles
398: dt=0.4587,   2 negative triangles
399: dt=0.4587,   1 negative triangles
400: dt=0.4587,   2 negative triangles
401: dt=0.4587,   2 negative triangles
402: dt=0.4587,   2 negative triangles
403: dt=0.4587,   1 negative triangles
404: dt=0.4587,   1 negative triangles
405: dt=0.4587,   1 negative triangles
406: dt=0.4587,   1 negative triangles
407: dt=0.4587,   1 negative triangles
408: dt=0.4587,   1 negative triangles
409: dt=0.4357,   1 negative triangles
410: dt=0.4357,   1 negative triangles
411: dt=0.4357,   1 negative triangles
412: dt=0.4357,   1 negative triangles
413: dt=0.4357,   2 negative triangles
414: dt=0.4357,   2 negative triangles
415: dt=0.4357,   1 negative triangles
416: dt=0.4357,   1 negative triangles
417: dt=0.4357,   1 negative triangles
418: dt=0.4357,   1 negative triangles
419: dt=0.4139,   1 negative triangles
writing registered surface to ../surf/lh.sphere.reg...
registration took 0.07 hours
#VMPC# mris_register VmPeak  1623772
FSRUNTIME@ mris_register  0.0651 hours 16 threads

 ln -sf lh.sphere.reg lh.fsaverage.sphere.reg 

#--------------------------------------------
#@# Jacobian white lh Sun Mar  8 21:44:46 CET 2026
/out/sourcedata/freesurfer/sub-v1s14x0051585_ses-1/scripts

 mris_jacobian ../surf/lh.white.preaparc ../surf/lh.sphere.reg ../surf/lh.jacobian_white 

reading surface from ../surf/lh.white.preaparc...
writing curvature file ../surf/lh.jacobian_white
#--------------------------------------------
#@# AvgCurv lh Sun Mar  8 21:44:46 CET 2026
/out/sourcedata/freesurfer/sub-v1s14x0051585_ses-1/scripts

 mrisp_paint -a 5 /opt/freesurfer/average/lh.folding.atlas.acfb40.noaparc.i12.2016-08-02.tif#6 ../surf/lh.sphere.reg ../surf/lh.avg_curv 

averaging curvature patterns 5 times...
reading surface from ../surf/lh.sphere.reg...
reading template parameterization from /opt/freesurfer/average/lh.folding.atlas.acfb40.noaparc.i12.2016-08-02.tif...
writing curvature file to ../surf/lh.avg_curv...
#-----------------------------------------
#@# Cortical Parc lh Sun Mar  8 21:44:47 CET 2026
/out/sourcedata/freesurfer/sub-v1s14x0051585_ses-1/scripts

 mris_ca_label -l ../label/lh.cortex.label -aseg ../mri/aseg.presurf.mgz -seed 1234 sub-v1s14x0051585_ses-1 lh ../surf/lh.sphere.reg /opt/freesurfer/average/lh.DKaparc.atlas.acfb40.noaparc.i12.2016-08-02.gcs ../label/lh.aparc.annot 

setting seed for random number generator to 1234
using ../mri/aseg.presurf.mgz aseg volume to correct midline
7.3.2
  7.3.2
reading atlas from /opt/freesurfer/average/lh.DKaparc.atlas.acfb40.noaparc.i12.2016-08-02.gcs...
reading color table from GCSA file....
average std = 0.8   using min determinant for regularization = 0.006
0 singular and 342 ill-conditioned covariance matrices regularized
input 0: MEAN CURVATURE, flags 0, avgs 5, name mean_curvature
labeling surface...
1115 labels changed using aseg
relabeling using gibbs priors...
000:   3453 changed, 153540 examined...
001:    801 changed, 14501 examined...
002:    211 changed, 4560 examined...
003:     84 changed, 1277 examined...
004:     39 changed, 519 examined...
005:     22 changed, 229 examined...
006:     13 changed, 132 examined...
007:      3 changed, 69 examined...
008:      2 changed, 18 examined...
009:      0 changed, 9 examined...
295 labels changed using aseg
000: 100 total segments, 53 labels (301 vertices) changed
001: 49 total segments, 7 labels (13 vertices) changed
002: 42 total segments, 0 labels (0 vertices) changed
10 filter iterations complete (10 requested, 2 changed)
rationalizing unknown annotations with cortex label
relabeling unknown label...
relabeling corpuscallosum label...
1869 vertices marked for relabeling...
1869 labels changed in reclassification.
writing output to ../label/lh.aparc.annot...
classification took 0 minutes and 8 seconds.
#--------------------------------------------
#@# WhiteSurfs lh Sun Mar  8 21:44:55 CET 2026
cd /out/sourcedata/freesurfer/sub-v1s14x0051585_ses-1/mri
mris_place_surface --adgws-in ../surf/autodet.gw.stats.lh.dat --seg aseg.presurf.mgz --threads 16 --wm wm.mgz --invol brain.finalsurfs.mgz --lh --i ../surf/lh.white.preaparc --o ../surf/lh.white --white --nsmooth 0 --rip-label ../label/lh.cortex.label --rip-bg --rip-surf ../surf/lh.white.preaparc --aparc ../label/lh.aparc.annot
7.3.2
7.3.2

cd /out/sourcedata/freesurfer/sub-v1s14x0051585_ses-1/mri
setenv SUBJECTS_DIR /out/sourcedata/freesurfer
mris_place_surface --adgws-in ../surf/autodet.gw.stats.lh.dat --seg aseg.presurf.mgz --threads 16 --wm wm.mgz --invol brain.finalsurfs.mgz --lh --i ../surf/lh.white.preaparc --o ../surf/lh.white --white --nsmooth 0 --rip-label ../label/lh.cortex.label --rip-bg --rip-surf ../surf/lh.white.preaparc --aparc ../label/lh.aparc.annot 

Reading in input surface ../surf/lh.white.preaparc
Not smoothing input surface
Area    307076  0.33095  0.10755 0.000301   2.5306
Corner  921228 60.00000 13.13543 0.040664 179.1302
Edge    460614  0.88400  0.18108 0.022375   3.6453
Hinge   460614  9.92623 11.57496 0.000011 179.9149
Reading in aparc ../label/lh.aparc.annot
Reading in input volume brain.finalsurfs.mgz
Reading in wm volume wm.mgz
MRIclipBrightWM(): nthresh=18251, wmmin=5, clip=110 
MRIfindBrightNonWM(): 1637 bright non-wm voxels segmented.
Masking bright non-wm for white surface
MRImask(): AllowDiffGeom = 1
MRImask(): AllowDiffGeom = 1
Reading in seg volume aseg.presurf.mgz
Ripping frozen voxels
Ripping vertices not in label ../label/lh.cortex.label
MRISripNotLabel() ripped 8982/153540 vertices (144558 unripped)
Reading in ripping surface ../surf/lh.white.preaparc
Reading in aparc ../label/lh.aparc.annot for ripsurf
Ripping BG
MRISripBasalGanglia(): 1 -2 2 0.5 ripped 400
Ripping segs (eg, WMSA, BG, frozen)
Starting MRISripSegs() d = (-2 2 0.5) segnos: 247 
MRISripSegs(): -2 2 0.5 ripped 0
vertex 76770: xyz = (0.0296909,2.59629,5.55955) oxyz = (0.0296909,2.59629,5.55955) wxzy = (0.0296909,2.59629,5.55955) pxyz = (0,0,0) 
CBVO Creating mask 153540
n_averages 4
Iteration 0 =========================================
n_averages=4, current_sigma=2
Computing target border values 
Entering MRIScomputeBorderValues_new(): 
  inside_hi   = 120.0000000;
  border_hi   = 110.9312520;
  border_low  =  69.0000000;
  outside_low =  57.9282990;
  outside_hi  = 110.9312520;
  sigma = 2;
  max_thickness = 10;
  step_size=0.5;
  STEP_SIZE=0.1;
  which = 1
  thresh = 0
  flags = 0
  CBVfindFirstPeakD1=0
  CBVfindFirstPeakD2=0
  nvertices=153540
  Gdiag_no=-1
  vno start=0, stop=153540
Replacing 255s with 0s
#SI# sigma=2 had to be increased for 223 vertices, nripped=9382
mean border=82.3, 273 (273) missing vertices, mean dist 0.3 [0.6 (%23.0)->0.5 (%77.0))]
%68 local maxima, %26 large gradients and % 0 min vals, 0 gradients ignored
nFirstPeakD1 0
MRIScomputeBorderValues_new() finished in 0.0124 min


Finding expansion regions
mean absolute distance = 0.54 +- 0.86
3284 vertices more than 2 sigmas from mean.
Averaging target values for 5 iterations...
Positioning Surface: tspring = 0.3, nspring = 0.3, spring = 0, niters = 100 l_repulse = 5, l_surf_repulse = 0, checktol = 0
Positioning pial surface
Entering MRISpositionSurface()
  max_mm = 0.3
  MAX_REDUCTIONS = 2, REDUCTION_PCT = 0.5
  parms->check_tol = 0, niterations = 100
tol=1.0e-04, sigma=2.0, host=dna07, nav=4, nbrs=2, l_repulse=5.000, l_tspring=0.300, l_nspring=0.300, l_intensity=0.200, l_curv=1.000
mom=0.00, dt=0.50
complete_dist_mat 0
rms 0
smooth_averages 0
remove_neg 0
ico_order 0
which_surface 0
target_radius 0.000000
nfields 0
scale 0.000000
desired_rms_height 0.000000
momentum 0.000000
nbhd_size 0
max_nbrs 0
niterations 100
nsurfaces 0
SURFACES 3
flags 0 (0)
use curv 0
no sulc 0
no rigid align 0
mris->nsize 2
mris->hemisphere 0
randomSeed 0

000: dt: 0.0000, sse=1425456.2, rms=6.458
001: dt: 0.5000, sse=641894.6, rms=3.840 (40.531%)
002: dt: 0.5000, sse=469615.7, rms=2.949 (23.197%)
003: dt: 0.5000, sse=443804.1, rms=2.812 (4.665%)
004: dt: 0.5000, sse=428809.3, rms=2.709 (3.663%)
rms = 2.7840/2.7088, sse=442182.7/428809.3, time step reduction 1 of 3 to 0.250  0 1 1
   RMS increased, rejecting step
005: dt: 0.2500, sse=312775.7, rms=1.808 (33.261%)
006: dt: 0.2500, sse=272643.1, rms=1.333 (26.258%)
007: dt: 0.2500, sse=263320.9, rms=1.194 (10.404%)
rms = 1.1489/1.1944, sse=258126.3/263320.9, time step reduction 2 of 3 to 0.125  0 0 1
008: dt: 0.2500, sse=258126.3, rms=1.149 (3.814%)
rms = 1.1050/1.1489, sse=255460.3/258126.3, time step reduction 3 of 3 to 0.062  0 0 1
009: dt: 0.1250, sse=255460.3, rms=1.105 (3.818%)
  maximum number of reductions reached, breaking from loop
positioning took 0.9 minutes
Iteration 1 =========================================
n_averages=2, current_sigma=1
Computing target border values 
Entering MRIScomputeBorderValues_new(): 
  inside_hi   = 120.0000000;
  border_hi   = 110.9312520;
  border_low  =  69.0000000;
  outside_low =  57.9282990;
  outside_hi  = 110.9312520;
  sigma = 1;
  max_thickness = 10;
  step_size=0.5;
  STEP_SIZE=0.1;
  which = 1
  thresh = 0
  flags = 0
  CBVfindFirstPeakD1=0
  CBVfindFirstPeakD2=0
  nvertices=153540
  Gdiag_no=-1
  vno start=0, stop=153540
Replacing 255s with 0s
#SI# sigma=1 had to be increased for 192 vertices, nripped=9382
mean border=84.4, 158 (81) missing vertices, mean dist -0.2 [0.4 (%66.0)->0.2 (%34.0))]
%74 local maxima, %20 large gradients and % 0 min vals, 0 gradients ignored
nFirstPeakD1 0
MRIScomputeBorderValues_new() finished in 0.0105 min


Finding expansion regions
mean absolute distance = 0.34 +- 0.63
3919 vertices more than 2 sigmas from mean.
Averaging target values for 5 iterations...
Positioning Surface: tspring = 0.3, nspring = 0.3, spring = 0, niters = 100 l_repulse = 5, l_surf_repulse = 0, checktol = 0
Positioning pial surface
Entering MRISpositionSurface()
  max_mm = 0.3
  MAX_REDUCTIONS = 2, REDUCTION_PCT = 0.5
  parms->check_tol = 0, niterations = 100
tol=1.0e-04, sigma=1.0, host=dna07, nav=2, nbrs=2, l_repulse=5.000, l_tspring=0.300, l_nspring=0.300, l_intensity=0.200, l_curv=1.000
mom=0.00, dt=0.50
000: dt: 0.0000, sse=650653.2, rms=3.804
010: dt: 0.5000, sse=401453.5, rms=2.412 (36.588%)
rms = 2.3879/2.4120, sse=401963.2/401453.5, time step reduction 1 of 3 to 0.250  0 1 1
011: dt: 0.5000, sse=401963.2, rms=2.388 (1.001%)
012: dt: 0.2500, sse=279761.8, rms=1.244 (47.894%)
013: dt: 0.2500, sse=269783.8, rms=1.032 (17.067%)
rms = 0.9709/1.0319, sse=272573.7/269783.8, time step reduction 2 of 3 to 0.125  0 1 0
014: dt: 0.2500, sse=272573.7, rms=0.971 (5.909%)
rms = 0.9232/0.9709, sse=262164.8/272573.7, time step reduction 3 of 3 to 0.062  0 0 1
015: dt: 0.1250, sse=262164.8, rms=0.923 (4.911%)
  maximum number of reductions reached, breaking from loop
positioning took 0.5 minutes
Iteration 2 =========================================
n_averages=1, current_sigma=0.5
Computing target border values 
Entering MRIScomputeBorderValues_new(): 
  inside_hi   = 120.0000000;
  border_hi   = 110.9312520;
  border_low  =  69.0000000;
  outside_low =  57.9282990;
  outside_hi  = 110.9312520;
  sigma = 0.5;
  max_thickness = 10;
  step_size=0.5;
  STEP_SIZE=0.1;
  which = 1
  thresh = 0
  flags = 0
  CBVfindFirstPeakD1=0
  CBVfindFirstPeakD2=0
  nvertices=153540
  Gdiag_no=-1
  vno start=0, stop=153540
Replacing 255s with 0s
#SI# sigma=0.5 had to be increased for 333 vertices, nripped=9382
mean border=85.9, 162 (53) missing vertices, mean dist -0.1 [0.3 (%66.3)->0.2 (%33.7))]
%79 local maxima, %14 large gradients and % 0 min vals, 0 gradients ignored
nFirstPeakD1 0
MRIScomputeBorderValues_new() finished in 0.0069 min


Finding expansion regions
mean absolute distance = 0.28 +- 0.50
4566 vertices more than 2 sigmas from mean.
Averaging target values for 5 iterations...
Positioning Surface: tspring = 0.3, nspring = 0.3, spring = 0, niters = 100 l_repulse = 5, l_surf_repulse = 0, checktol = 0
Positioning pial surface
Entering MRISpositionSurface()
  max_mm = 0.3
  MAX_REDUCTIONS = 2, REDUCTION_PCT = 0.5
  parms->check_tol = 0, niterations = 100
tol=1.0e-04, sigma=0.5, host=dna07, nav=1, nbrs=2, l_repulse=5.000, l_tspring=0.300, l_nspring=0.300, l_intensity=0.200, l_curv=1.000
mom=0.00, dt=0.50
000: dt: 0.0000, sse=425432.4, rms=2.600
016: dt: 0.5000, sse=357770.2, rms=2.057 (20.855%)
rms = 2.2539/2.0574, sse=380193.7/357770.2, time step reduction 1 of 3 to 0.250  0 1 1
   RMS increased, rejecting step
017: dt: 0.2500, sse=284439.1, rms=1.375 (33.162%)
018: dt: 0.2500, sse=260815.1, rms=1.008 (26.728%)
019: dt: 0.2500, sse=256681.2, rms=0.908 (9.928%)
rms = 0.8859/0.9076, sse=265895.7/256681.2, time step reduction 2 of 3 to 0.125  0 1 1
020: dt: 0.2500, sse=265895.7, rms=0.886 (2.386%)
rms = 0.8489/0.8859, sse=252174.5/265895.7, time step reduction 3 of 3 to 0.062  0 0 1
021: dt: 0.1250, sse=252174.5, rms=0.849 (4.179%)
  maximum number of reductions reached, breaking from loop
positioning took 0.5 minutes
Iteration 3 =========================================
n_averages=0, current_sigma=0.25
Computing target border values 
Entering MRIScomputeBorderValues_new(): 
  inside_hi   = 120.0000000;
  border_hi   = 110.9312520;
  border_low  =  69.0000000;
  outside_low =  57.9282990;
  outside_hi  = 110.9312520;
  sigma = 0.25;
  max_thickness = 10;
  step_size=0.5;
  STEP_SIZE=0.1;
  which = 1
  thresh = 0
  flags = 0
  CBVfindFirstPeakD1=0
  CBVfindFirstPeakD2=0
  nvertices=153540
  Gdiag_no=-1
  vno start=0, stop=153540
Replacing 255s with 0s
#SI# sigma=0.25 had to be increased for 346 vertices, nripped=9382
mean border=86.6, 204 (35) missing vertices, mean dist -0.1 [0.3 (%56.3)->0.2 (%43.7))]
%82 local maxima, %11 large gradients and % 0 min vals, 0 gradients ignored
nFirstPeakD1 0
MRIScomputeBorderValues_new() finished in 0.0047 min


Finding expansion regions
mean absolute distance = 0.25 +- 0.42
4221 vertices more than 2 sigmas from mean.
Averaging target values for 5 iterations...
Positioning Surface: tspring = 0.3, nspring = 0.3, spring = 0, niters = 100 l_repulse = 5, l_surf_repulse = 0, checktol = 0
Positioning pial surface
Entering MRISpositionSurface()
  max_mm = 0.3
  MAX_REDUCTIONS = 2, REDUCTION_PCT = 0.5
  parms->check_tol = 0, niterations = 100
tol=1.0e-04, sigma=0.2, host=dna07, nav=0, nbrs=2, l_repulse=5.000, l_tspring=0.300, l_nspring=0.300, l_intensity=0.200, l_curv=1.000
mom=0.00, dt=0.50
000: dt: 0.0000, sse=290666.8, rms=1.473
rms = 1.4057/1.4731, sse=291919.4/290666.7, time step reduction 1 of 3 to 0.250  0 1 0
022: dt: 0.5000, sse=291919.4, rms=1.406 (4.580%)
023: dt: 0.2500, sse=255002.5, rms=0.886 (37.003%)
024: dt: 0.2500, sse=249027.7, rms=0.779 (12.046%)
rms = 0.7999/0.7788, sse=248483.2/249027.7, time step reduction 2 of 3 to 0.125  0 0 1
   RMS increased, rejecting step
rms = 0.7330/0.7788, sse=245838.7/249027.7, time step reduction 3 of 3 to 0.062  0 0 1
025: dt: 0.1250, sse=245838.7, rms=0.733 (5.883%)
  maximum number of reductions reached, breaking from loop
positioning took 0.4 minutes


Writing output to ../surf/lh.white
#ET# mris_place_surface  2.42 minutes
#VMPC# mris_place_surfaces VmPeak  3144464
mris_place_surface done
#--------------------------------------------
#@# T1PialSurf lh Sun Mar  8 21:47:25 CET 2026
cd /out/sourcedata/freesurfer/sub-v1s14x0051585_ses-1/mri
mris_place_surface --adgws-in ../surf/autodet.gw.stats.lh.dat --seg aseg.presurf.mgz --threads 16 --wm wm.mgz --invol brain.finalsurfs.mgz --lh --i ../surf/lh.white --o ../surf/lh.pial.T1 --pial --nsmooth 0 --rip-label ../label/lh.cortex+hipamyg.label --pin-medial-wall ../label/lh.cortex.label --aparc ../label/lh.aparc.annot --repulse-surf ../surf/lh.white --white-surf ../surf/lh.white
7.3.2
7.3.2

cd /out/sourcedata/freesurfer/sub-v1s14x0051585_ses-1/mri
setenv SUBJECTS_DIR /out/sourcedata/freesurfer
mris_place_surface --adgws-in ../surf/autodet.gw.stats.lh.dat --seg aseg.presurf.mgz --threads 16 --wm wm.mgz --invol brain.finalsurfs.mgz --lh --i ../surf/lh.white --o ../surf/lh.pial.T1 --pial --nsmooth 0 --rip-label ../label/lh.cortex+hipamyg.label --pin-medial-wall ../label/lh.cortex.label --aparc ../label/lh.aparc.annot --repulse-surf ../surf/lh.white --white-surf ../surf/lh.white 

Reading in input surface ../surf/lh.white
Not smoothing input surface
Area    307076  0.33261  0.12052 0.000757   3.7658
Corner  921228 60.00000 14.50984 0.299754 178.3650
Edge    460614  0.88770  0.20004 0.020697   4.6528
Hinge   460614 10.02883 11.45582 0.000059 179.7702
Reading white surface coordinates from ../surf/lh.white
Reading repulsion surface coordinates from ../surf/lh.white
Reading in aparc ../label/lh.aparc.annot
Reading in input volume brain.finalsurfs.mgz
Reading in wm volume wm.mgz
MRIclipBrightWM(): nthresh=18251, wmmin=5, clip=110 
MRIfindBrightNonWM(): 1637 bright non-wm voxels segmented.
Masking bright non-wm for pial surface mid_gray = 65.4268
MRImask(): AllowDiffGeom = 1
MRImask(): AllowDiffGeom = 1
MRImask(): AllowDiffGeom = 1
Reading in seg volume aseg.presurf.mgz
Ripping frozen voxels
Ripping vertices not in label ../label/lh.cortex+hipamyg.label
MRISripNotLabel() ripped 6946/153540 vertices (146594 unripped)
INFO: rip surface needed but not specified, so using input surface
Ripping segs (eg, WMSA, BG, frozen)
Starting MRISripSegs() d = (-2 2 0.5) segnos: 247 
MRISripSegs(): -2 2 0.5 ripped 0
vertex 76770: xyz = (0.0296909,2.59629,5.55955) oxyz = (0.0296909,2.59629,5.55955) wxzy = (0.0296909,2.59629,5.55955) pxyz = (0.0296909,2.59629,5.55955) 
CBVO Creating mask 153540
n_averages 16
Iteration 0 =========================================
n_averages=16, current_sigma=2
Computing target border values 
Entering MRIScomputeBorderValues_new(): 
  inside_hi   =  95.0687480;
  border_hi   =  57.9282990;
  border_low  =  35.7849010;
  outside_low =  10.0000000;
  outside_hi  =  52.3924480;
  sigma = 2;
  max_thickness = 10;
  step_size=0.5;
  STEP_SIZE=0.1;
  which = 2
  thresh = 0
  flags = 0
  CBVfindFirstPeakD1=0
  CBVfindFirstPeakD2=0
  nvertices=153540
  Gdiag_no=-1
  vno start=0, stop=153540
Replacing 255s with 0s
#SI# sigma=2 had to be increased for 302 vertices, nripped=6946
mean border=57.0, 304 (304) missing vertices, mean dist 1.3 [0.0 (%0.0)->2.8 (%100.0))]
%10 local maxima, %34 large gradients and %51 min vals, 0 gradients ignored
nFirstPeakD1 0
MRIScomputeBorderValues_new() finished in 0.0105 min


Averaging target values for 5 iterations...
Positioning Surface: tspring = 0.3, nspring = 0.3, spring = 0, niters = 100 l_repulse = 0, l_surf_repulse = 5, checktol = 0
Positioning pial surface
Entering MRISpositionSurface()
  max_mm = 0.3
  MAX_REDUCTIONS = 2, REDUCTION_PCT = 0.5
  parms->check_tol = 0, niterations = 100
tol=1.0e-04, sigma=2.0, host=dna07, nav=16, nbrs=2, l_surf_repulse=5.000, l_tspring=0.300, l_nspring=0.300, l_intensity=0.200, l_curv=1.000
mom=0.00, dt=0.50
complete_dist_mat 0
rms 0
smooth_averages 0
remove_neg 0
ico_order 0
which_surface 0
target_radius 0.000000
nfields 0
scale 0.000000
desired_rms_height 0.000000
momentum 0.000000
nbhd_size 0
max_nbrs 0
niterations 100
nsurfaces 0
SURFACES 3
flags 0 (0)
use curv 0
no sulc 0
no rigid align 0
mris->nsize 2
mris->hemisphere 0
randomSeed 0

000: dt: 0.0000, sse=27270242.0, rms=30.409
001: dt: 0.5000, sse=19227732.0, rms=25.491 (16.172%)
002: dt: 0.5000, sse=13280178.0, rms=21.130 (17.109%)
003: dt: 0.5000, sse=9315886.0, rms=17.632 (16.554%)
004: dt: 0.5000, sse=6941921.0, rms=15.154 (14.055%)
005: dt: 0.5000, sse=5529354.0, rms=13.463 (11.158%)
006: dt: 0.5000, sse=4556671.0, rms=12.161 (9.669%)
007: dt: 0.5000, sse=3840501.5, rms=11.104 (8.692%)
008: dt: 0.5000, sse=3233571.0, rms=10.121 (8.851%)
009: dt: 0.5000, sse=2740875.0, rms=9.247 (8.643%)
010: dt: 0.5000, sse=2275263.0, rms=8.335 (9.854%)
011: dt: 0.5000, sse=1894513.4, rms=7.508 (9.922%)
012: dt: 0.5000, sse=1574938.8, rms=6.736 (10.289%)
013: dt: 0.5000, sse=1360114.0, rms=6.161 (8.529%)
014: dt: 0.5000, sse=1194196.4, rms=5.677 (7.866%)
015: dt: 0.5000, sse=1109965.8, rms=5.412 (4.658%)
016: dt: 0.5000, sse=1036897.8, rms=5.172 (4.447%)
017: dt: 0.5000, sse=1011599.0, rms=5.083 (1.717%)
018: dt: 0.5000, sse=976086.8, rms=4.958 (2.460%)
rms = 4.9324/4.9578, sse=969903.8/976086.8, time step reduction 1 of 3 to 0.250  0 0 1
019: dt: 0.5000, sse=969903.8, rms=4.932 (0.511%)
020: dt: 0.2500, sse=799294.9, rms=4.282 (13.181%)
021: dt: 0.2500, sse=768109.7, rms=4.153 (3.018%)
rms = 4.1613/4.1531, sse=770608.4/768109.7, time step reduction 2 of 3 to 0.125  0 1 1
   RMS increased, rejecting step
022: dt: 0.1250, sse=749135.2, rms=4.073 (1.936%)
023: dt: 0.1250, sse=723945.4, rms=3.962 (2.715%)
rms = 3.9341/3.9621, sse=717794.7/723945.4, time step reduction 3 of 3 to 0.062  0 0 1
024: dt: 0.1250, sse=717794.7, rms=3.934 (0.708%)
  maximum number of reductions reached, breaking from loop
positioning took 1.9 minutes
Iteration 1 =========================================
n_averages=8, current_sigma=1
Computing target border values 
Entering MRIScomputeBorderValues_new(): 
  inside_hi   =  95.0687480;
  border_hi   =  57.9282990;
  border_low  =  35.7849010;
  outside_low =  10.0000000;
  outside_hi  =  52.3924480;
  sigma = 1;
  max_thickness = 10;
  step_size=0.5;
  STEP_SIZE=0.1;
  which = 2
  thresh = 0
  flags = 0
  CBVfindFirstPeakD1=0
  CBVfindFirstPeakD2=0
  nvertices=153540
  Gdiag_no=-1
  vno start=0, stop=153540
Replacing 255s with 0s
#SI# sigma=1 had to be increased for 16649 vertices, nripped=6946
mean border=56.5, 3131 (93) missing vertices, mean dist 0.1 [0.1 (%54.3)->0.6 (%45.7))]
%15 local maxima, %32 large gradients and %46 min vals, 0 gradients ignored
nFirstPeakD1 0
MRIScomputeBorderValues_new() finished in 0.0032 min


Averaging target values for 5 iterations...
Positioning Surface: tspring = 0.3, nspring = 0.3, spring = 0, niters = 100 l_repulse = 0, l_surf_repulse = 5, checktol = 0
Positioning pial surface
Entering MRISpositionSurface()
  max_mm = 0.3
  MAX_REDUCTIONS = 2, REDUCTION_PCT = 0.5
  parms->check_tol = 0, niterations = 100
tol=1.0e-04, sigma=1.0, host=dna07, nav=8, nbrs=2, l_surf_repulse=5.000, l_tspring=0.300, l_nspring=0.300, l_intensity=0.200, l_curv=1.000
mom=0.00, dt=0.50
000: dt: 0.0000, sse=826461.1, rms=4.141
rms = 4.4840/4.1411, sse=912677.7/826461.0, time step reduction 1 of 3 to 0.250  0 1 1
   RMS increased, rejecting step
025: dt: 0.2500, sse=780963.7, rms=3.946 (4.701%)
026: dt: 0.2500, sse=768426.9, rms=3.890 (1.423%)
rms = 3.9462/3.8902, sse=781117.8/768426.9, time step reduction 2 of 3 to 0.125  0 1 1
   RMS increased, rejecting step
rms = 3.8458/3.8902, sse=758611.8/768426.9, time step reduction 3 of 3 to 0.062  0 0 1
027: dt: 0.1250, sse=758611.8, rms=3.846 (1.142%)
  maximum number of reductions reached, breaking from loop
positioning took 0.3 minutes
Iteration 2 =========================================
n_averages=4, current_sigma=0.5
Computing target border values 
Entering MRIScomputeBorderValues_new(): 
  inside_hi   =  95.0687480;
  border_hi   =  57.9282990;
  border_low  =  35.7849010;
  outside_low =  10.0000000;
  outside_hi  =  52.3924480;
  sigma = 0.5;
  max_thickness = 10;
  step_size=0.5;
  STEP_SIZE=0.1;
  which = 2
  thresh = 0
  flags = 0
  CBVfindFirstPeakD1=0
  CBVfindFirstPeakD2=0
  nvertices=153540
  Gdiag_no=-1
  vno start=0, stop=153540
Replacing 255s with 0s
#SI# sigma=0.5 had to be increased for 17579 vertices, nripped=6946
mean border=56.3, 3370 (78) missing vertices, mean dist 0.1 [0.1 (%52.9)->0.5 (%47.1))]
%22 local maxima, %25 large gradients and %46 min vals, 0 gradients ignored
nFirstPeakD1 0
MRIScomputeBorderValues_new() finished in 0.0023 min


Averaging target values for 5 iterations...
Positioning Surface: tspring = 0.3, nspring = 0.3, spring = 0, niters = 100 l_repulse = 0, l_surf_repulse = 5, checktol = 0
Positioning pial surface
Entering MRISpositionSurface()
  max_mm = 0.3
  MAX_REDUCTIONS = 2, REDUCTION_PCT = 0.5
  parms->check_tol = 0, niterations = 100
tol=1.0e-04, sigma=0.5, host=dna07, nav=4, nbrs=2, l_surf_repulse=5.000, l_tspring=0.300, l_nspring=0.300, l_intensity=0.200, l_curv=1.000
mom=0.00, dt=0.50
000: dt: 0.0000, sse=792469.2, rms=3.990
rms = 4.5200/3.9901, sse=921646.3/792469.2, time step reduction 1 of 3 to 0.250  0 1 1
   RMS increased, rejecting step
028: dt: 0.2500, sse=754066.4, rms=3.821 (4.225%)
rms = 3.8255/3.8215, sse=754403.3/754066.4, time step reduction 2 of 3 to 0.125  0 1 1
   RMS increased, rejecting step
rms = 3.7957/3.8215, sse=748402.4/754066.4, time step reduction 3 of 3 to 0.062  0 0 1
029: dt: 0.1250, sse=748402.4, rms=3.796 (0.675%)
  maximum number of reductions reached, breaking from loop
positioning took 0.3 minutes
Iteration 3 =========================================
n_averages=2, current_sigma=0.25
Computing target border values 
Entering MRIScomputeBorderValues_new(): 
  inside_hi   =  95.0687480;
  border_hi   =  57.9282990;
  border_low  =  35.7849010;
  outside_low =  10.0000000;
  outside_hi  =  52.3924480;
  sigma = 0.25;
  max_thickness = 10;
  step_size=0.5;
  STEP_SIZE=0.1;
  which = 2
  thresh = 0
  flags = 0
  CBVfindFirstPeakD1=0
  CBVfindFirstPeakD2=0
  nvertices=153540
  Gdiag_no=-1
  vno start=0, stop=153540
Replacing 255s with 0s
#SI# sigma=0.25 had to be increased for 14541 vertices, nripped=6946
mean border=55.8, 7159 (70) missing vertices, mean dist 0.1 [0.1 (%48.6)->0.4 (%51.4))]
%27 local maxima, %20 large gradients and %44 min vals, 0 gradients ignored
nFirstPeakD1 0
MRIScomputeBorderValues_new() finished in 0.0016 min


Averaging target values for 5 iterations...
Positioning Surface: tspring = 0.3, nspring = 0.3, spring = 0, niters = 100 l_repulse = 0, l_surf_repulse = 5, checktol = 0
Positioning pial surface
Entering MRISpositionSurface()
  max_mm = 0.3
  MAX_REDUCTIONS = 2, REDUCTION_PCT = 0.5
  parms->check_tol = 0, niterations = 100
tol=1.0e-04, sigma=0.2, host=dna07, nav=2, nbrs=2, l_surf_repulse=5.000, l_tspring=0.300, l_nspring=0.300, l_intensity=0.200, l_curv=1.000
mom=0.00, dt=0.50
000: dt: 0.0000, sse=788182.5, rms=3.972
rms = 4.1553/3.9722, sse=828135.8/788182.5, time step reduction 1 of 3 to 0.250  0 1 1
   RMS increased, rejecting step
030: dt: 0.2500, sse=751497.9, rms=3.812 (4.036%)
031: dt: 0.2500, sse=724443.4, rms=3.695 (3.057%)
rms = 3.6736/3.6953, sse=718853.3/724443.4, time step reduction 2 of 3 to 0.125  0 0 1
032: dt: 0.2500, sse=718853.4, rms=3.674 (0.589%)
033: dt: 0.1250, sse=689740.6, rms=3.534 (3.812%)
rms = 3.4904/3.5335, sse=680592.8/689740.7, time step reduction 3 of 3 to 0.062  0 0 1
034: dt: 0.1250, sse=680592.8, rms=3.490 (1.220%)
  maximum number of reductions reached, breaking from loop
positioning took 0.4 minutes
Pinning medial wall to white surface
removing intersecting faces
000: 9 intersecting
001: 6 intersecting
terminating search with 0 intersecting


Writing output to ../surf/lh.pial.T1
#ET# mris_place_surface  3.03 minutes
#VMPC# mris_place_surfaces VmPeak  2462944
mris_place_surface done
#@# white curv lh Sun Mar  8 21:50:32 CET 2026
cd /out/sourcedata/freesurfer/sub-v1s14x0051585_ses-1/mri
mris_place_surface --curv-map ../surf/lh.white 2 10 ../surf/lh.curv
insurf  ../surf/lh.white, nbrs 2, curvature_avgs 10
writing curvature file ../surf/lh.curv
#@# white area lh Sun Mar  8 21:50:33 CET 2026
cd /out/sourcedata/freesurfer/sub-v1s14x0051585_ses-1/mri
mris_place_surface --area-map ../surf/lh.white ../surf/lh.area
writing curvature file ../surf/lh.area
#@# pial curv lh Sun Mar  8 21:50:34 CET 2026
cd /out/sourcedata/freesurfer/sub-v1s14x0051585_ses-1/mri
mris_place_surface --curv-map ../surf/lh.pial 2 10 ../surf/lh.curv.pial
insurf  ../surf/lh.pial, nbrs 2, curvature_avgs 10
writing curvature file ../surf/lh.curv.pial
#@# pial area lh Sun Mar  8 21:50:35 CET 2026
cd /out/sourcedata/freesurfer/sub-v1s14x0051585_ses-1/mri
mris_place_surface --area-map ../surf/lh.pial ../surf/lh.area.pial
writing curvature file ../surf/lh.area.pial
#@# thickness lh Sun Mar  8 21:50:36 CET 2026
cd /out/sourcedata/freesurfer/sub-v1s14x0051585_ses-1/mri
mris_place_surface --thickness ../surf/lh.white ../surf/lh.pial 20 5 ../surf/lh.thickness
0 of 153540 vertices processed
25000 of 153540 vertices processed
50000 of 153540 vertices processed
75000 of 153540 vertices processed
100000 of 153540 vertices processed
125000 of 153540 vertices processed
150000 of 153540 vertices processed
0 of 153540 vertices processed
25000 of 153540 vertices processed
50000 of 153540 vertices processed
75000 of 153540 vertices processed
100000 of 153540 vertices processed
125000 of 153540 vertices processed
150000 of 153540 vertices processed
thickness calculation complete, 91:1178 truncations.
74408 vertices at 0 distance
130541 vertices at 1 distance
64934 vertices at 2 distance
24147 vertices at 3 distance
8260 vertices at 4 distance
2832 vertices at 5 distance
952 vertices at 6 distance
360 vertices at 7 distance
166 vertices at 8 distance
98 vertices at 9 distance
58 vertices at 10 distance
58 vertices at 11 distance
51 vertices at 12 distance
43 vertices at 13 distance
41 vertices at 14 distance
30 vertices at 15 distance
17 vertices at 16 distance
26 vertices at 17 distance
21 vertices at 18 distance
18 vertices at 19 distance
19 vertices at 20 distance
writing curvature file ../surf/lh.thickness
#@# area and vertex vol lh Sun Mar  8 21:50:59 CET 2026
cd /out/sourcedata/freesurfer/sub-v1s14x0051585_ses-1/mri
mris_place_surface --thickness ../surf/lh.white ../surf/lh.pial 20 5 ../surf/lh.thickness
/out/sourcedata/freesurfer/sub-v1s14x0051585_ses-1/surf
mris_calc -o lh.area.mid lh.area add lh.area.pial
Saving result to 'lh.area.mid' (type = MRI_CURV_FILE)                       [ ok ]
mris_calc -o lh.area.mid lh.area.mid div 2
Saving result to 'lh.area.mid' (type = MRI_CURV_FILE)                       [ ok ]
mris_convert --volume sub-v1s14x0051585_ses-1 lh /out/sourcedata/freesurfer/sub-v1s14x0051585_ses-1/surf/lh.volume
masking with /out/sourcedata/freesurfer/sub-v1s14x0051585_ses-1/label/lh.cortex.label
Total face volume 257551
Total vertex volume 257358 (mask=0)
#@# sub-v1s14x0051585_ses-1 lh 257358
 
vertexvol Done

#-----------------------------------------
#@# Curvature Stats lh Sun Mar  8 21:51:00 CET 2026
/out/sourcedata/freesurfer/sub-v1s14x0051585_ses-1/surf

 mris_curvature_stats -m --writeCurvatureFiles -G -o ../stats/lh.curv.stats -F smoothwm sub-v1s14x0051585_ses-1 lh curv sulc 

             Toggling save flag on curvature files                       [ ok ]
                 Outputting results using filestem   [ ../stats/lh.curv.stats ]
             Toggling save flag on curvature files                       [ ok ]
                                   Setting surface [ sub-v1s14x0051585_ses-1/lh.smoothwm ]
                                Reading surface...                       [ ok ]
                                   Setting texture                     [ curv ]
                                Reading texture...                       [ ok ]
                                   Setting texture                     [ sulc ]
                                Reading texture...Gb_filter = 0
                       [ ok ]
      Calculating Discrete Principal Curvatures...
      Determining geometric order for vno faces... [####################] [ ok ]
                      Determining KH curvatures... [####################] [ ok ]
                    Determining k1k2 curvatures... [####################] [ ok ]
                                   deltaViolations                      [ 269 ]
Gb_filter = 0
#-----------------------------------------
#@# Cortical Parc 2 lh Sun Mar  8 21:51:02 CET 2026
/out/sourcedata/freesurfer/sub-v1s14x0051585_ses-1/scripts

 mris_ca_label -l ../label/lh.cortex.label -aseg ../mri/aseg.presurf.mgz -seed 1234 sub-v1s14x0051585_ses-1 lh ../surf/lh.sphere.reg /opt/freesurfer/average/lh.CDaparc.atlas.acfb40.noaparc.i12.2016-08-02.gcs ../label/lh.aparc.a2009s.annot 

setting seed for random number generator to 1234
using ../mri/aseg.presurf.mgz aseg volume to correct midline
7.3.2
  7.3.2
reading atlas from /opt/freesurfer/average/lh.CDaparc.atlas.acfb40.noaparc.i12.2016-08-02.gcs...
reading color table from GCSA file....
average std = 3.0   using min determinant for regularization = 0.088
0 singular and 0 ill-conditioned covariance matrices regularized
input 0: MEAN CURVATURE, flags 0, avgs 5, name mean_curvature
labeling surface...
186 labels changed using aseg
relabeling using gibbs priors...
000:  10527 changed, 153540 examined...
001:   2477 changed, 40340 examined...
002:    732 changed, 13150 examined...
003:    295 changed, 4136 examined...
004:    146 changed, 1728 examined...
005:     73 changed, 832 examined...
006:     39 changed, 419 examined...
007:     17 changed, 234 examined...
008:     14 changed, 108 examined...
009:      4 changed, 73 examined...
010:      4 changed, 27 examined...
011:      3 changed, 19 examined...
012:      4 changed, 12 examined...
013:      3 changed, 15 examined...
014:      1 changed, 14 examined...
015:      0 changed, 6 examined...
91 labels changed using aseg
000: 299 total segments, 213 labels (2721 vertices) changed
001: 98 total segments, 14 labels (28 vertices) changed
002: 84 total segments, 0 labels (0 vertices) changed
10 filter iterations complete (10 requested, 51 changed)
rationalizing unknown annotations with cortex label
relabeling Medial_wall label...
1257 vertices marked for relabeling...
1257 labels changed in reclassification.
writing output to ../label/lh.aparc.a2009s.annot...
classification took 0 minutes and 12 seconds.
#-----------------------------------------
#@# Cortical Parc 3 lh Sun Mar  8 21:51:14 CET 2026
/out/sourcedata/freesurfer/sub-v1s14x0051585_ses-1/scripts

 mris_ca_label -l ../label/lh.cortex.label -aseg ../mri/aseg.presurf.mgz -seed 1234 sub-v1s14x0051585_ses-1 lh ../surf/lh.sphere.reg /opt/freesurfer/average/lh.DKTaparc.atlas.acfb40.noaparc.i12.2016-08-02.gcs ../label/lh.aparc.DKTatlas.annot 

setting seed for random number generator to 1234
using ../mri/aseg.presurf.mgz aseg volume to correct midline
7.3.2
  7.3.2
reading atlas from /opt/freesurfer/average/lh.DKTaparc.atlas.acfb40.noaparc.i12.2016-08-02.gcs...
reading color table from GCSA file....
average std = 1.4   using min determinant for regularization = 0.020
0 singular and 383 ill-conditioned covariance matrices regularized
input 0: MEAN CURVATURE, flags 0, avgs 5, name mean_curvature
labeling surface...
1832 labels changed using aseg
relabeling using gibbs priors...
000:   2246 changed, 153540 examined...
001:    525 changed, 10370 examined...
002:    156 changed, 2880 examined...
003:     69 changed, 934 examined...
004:     35 changed, 392 examined...
005:     26 changed, 186 examined...
006:     17 changed, 147 examined...
007:     15 changed, 95 examined...
008:     18 changed, 80 examined...
009:     11 changed, 94 examined...
010:      8 changed, 49 examined...
011:      5 changed, 36 examined...
012:      4 changed, 29 examined...
013:      6 changed, 25 examined...
014:      2 changed, 30 examined...
015:      3 changed, 16 examined...
016:      3 changed, 19 examined...
017:      0 changed, 13 examined...
427 labels changed using aseg
000: 58 total segments, 25 labels (270 vertices) changed
001: 34 total segments, 1 labels (1 vertices) changed
002: 33 total segments, 0 labels (0 vertices) changed
7 filter iterations complete (10 requested, 0 changed)
rationalizing unknown annotations with cortex label
relabeling unknown label...
relabeling corpuscallosum label...
808 vertices marked for relabeling...
808 labels changed in reclassification.
writing output to ../label/lh.aparc.DKTatlas.annot...
classification took 0 minutes and 8 seconds.
#-----------------------------------------
#@# WM/GM Contrast lh Sun Mar  8 21:51:22 CET 2026
/out/sourcedata/freesurfer/sub-v1s14x0051585_ses-1/scripts

 pctsurfcon --s sub-v1s14x0051585_ses-1 --lh-only 

Log file is /out/sourcedata/freesurfer/sub-v1s14x0051585_ses-1/scripts/pctsurfcon.log
Sun Mar  8 21:51:22 CET 2026
setenv SUBJECTS_DIR /out/sourcedata/freesurfer
cd /out/sourcedata/freesurfer/sub-v1s14x0051585_ses-1/scripts
/opt/freesurfer/bin/pctsurfcon
pctsurfcon 7.3.2
Linux dna071 5.14.0-427.37.1.el9_4.x86_64 #1 SMP PREEMPT_DYNAMIC Fri Sep 13 12:41:50 EDT 2024 x86_64 x86_64 x86_64 GNU/Linux
FREESURFER_HOME /opt/freesurfer
mri_vol2surf --mov /out/sourcedata/freesurfer/sub-v1s14x0051585_ses-1/mri/rawavg.mgz --hemi lh --noreshape --interp trilinear --projdist -1 --o /out/sourcedata/freesurfer/sub-v1s14x0051585_ses-1/surf/tmp.pctsurfcon.3056652/lh.wm.mgh --regheader sub-v1s14x0051585_ses-1 --cortex
srcvol = /out/sourcedata/freesurfer/sub-v1s14x0051585_ses-1/mri/rawavg.mgz
srcreg unspecified
srcregold = 0
srcwarp unspecified
surf = white
hemi = lh
ProjDist = -1
reshape = 0
interp = trilinear
float2int = round
GetProjMax = 0
INFO: float2int code = 0
Done loading volume
Computing registration from header.
  Using /out/sourcedata/freesurfer/sub-v1s14x0051585_ses-1/mri/orig.mgz as target reference.
-------- original matrix -----------
-0.99964   0.01872   0.01910  -0.00001;
 0.02110   0.11314   0.99335   0.00000;
-0.01644  -0.99340   0.11350  -0.00002;
 0.00000   0.00000   0.00000   1.00000;
-------- original matrix -----------
Loading label /out/sourcedata/freesurfer/sub-v1s14x0051585_ses-1/label/lh.cortex.label
Reading surface /out/sourcedata/freesurfer/sub-v1s14x0051585_ses-1/surf/lh.white
Done reading source surface
Mapping Source Volume onto Source Subject Surface
Projecting -1 -1 1
 1 -1 -1 -1
using old
Done mapping volume to surface
Number of source voxels hit = 88905
Masking with /out/sourcedata/freesurfer/sub-v1s14x0051585_ses-1/label/lh.cortex.label
Writing to /out/sourcedata/freesurfer/sub-v1s14x0051585_ses-1/surf/tmp.pctsurfcon.3056652/lh.wm.mgh
Dim: 153540 1 1
mri_vol2surf --mov /out/sourcedata/freesurfer/sub-v1s14x0051585_ses-1/mri/rawavg.mgz --hemi lh --noreshape --interp trilinear --o /out/sourcedata/freesurfer/sub-v1s14x0051585_ses-1/surf/tmp.pctsurfcon.3056652/lh.gm.mgh --projfrac 0.3 --regheader sub-v1s14x0051585_ses-1 --cortex
srcvol = /out/sourcedata/freesurfer/sub-v1s14x0051585_ses-1/mri/rawavg.mgz
srcreg unspecified
srcregold = 0
srcwarp unspecified
surf = white
hemi = lh
ProjFrac = 0.3
thickness = thickness
reshape = 0
interp = trilinear
float2int = round
GetProjMax = 0
INFO: float2int code = 0
Done loading volume
Computing registration from header.
  Using /out/sourcedata/freesurfer/sub-v1s14x0051585_ses-1/mri/orig.mgz as target reference.
-------- original matrix -----------
-0.99964   0.01872   0.01910  -0.00001;
 0.02110   0.11314   0.99335   0.00000;
-0.01644  -0.99340   0.11350  -0.00002;
 0.00000   0.00000   0.00000   1.00000;
-------- original matrix -----------
Loading label /out/sourcedata/freesurfer/sub-v1s14x0051585_ses-1/label/lh.cortex.label
Reading surface /out/sourcedata/freesurfer/sub-v1s14x0051585_ses-1/surf/lh.white
Done reading source surface
Reading thickness /out/sourcedata/freesurfer/sub-v1s14x0051585_ses-1/surf/lh.thickness
Done
Mapping Source Volume onto Source Subject Surface
Projecting 0.3 0.3 1
 1 0.3 0.3 0.3
using old
Done mapping volume to surface
Number of source voxels hit = 102610
Masking with /out/sourcedata/freesurfer/sub-v1s14x0051585_ses-1/label/lh.cortex.label
Writing to /out/sourcedata/freesurfer/sub-v1s14x0051585_ses-1/surf/tmp.pctsurfcon.3056652/lh.gm.mgh
Dim: 153540 1 1
mri_concat /out/sourcedata/freesurfer/sub-v1s14x0051585_ses-1/surf/tmp.pctsurfcon.3056652/lh.wm.mgh /out/sourcedata/freesurfer/sub-v1s14x0051585_ses-1/surf/tmp.pctsurfcon.3056652/lh.gm.mgh --paired-diff-norm --mul 100 --o /out/sourcedata/freesurfer/sub-v1s14x0051585_ses-1/surf/lh.w-g.pct.mgh
ninputs = 2
Checking inputs
nframestot = 2
Allocing output
Done allocing
Combining pairs
nframes = 1
Multiplying by 100.000000
Writing to /out/sourcedata/freesurfer/sub-v1s14x0051585_ses-1/surf/lh.w-g.pct.mgh
mri_segstats --in /out/sourcedata/freesurfer/sub-v1s14x0051585_ses-1/surf/lh.w-g.pct.mgh --annot sub-v1s14x0051585_ses-1 lh aparc --sum /out/sourcedata/freesurfer/sub-v1s14x0051585_ses-1/stats/lh.w-g.pct.stats --snr

7.3.2
cwd 
cmdline mri_segstats --in /out/sourcedata/freesurfer/sub-v1s14x0051585_ses-1/surf/lh.w-g.pct.mgh --annot sub-v1s14x0051585_ses-1 lh aparc --sum /out/sourcedata/freesurfer/sub-v1s14x0051585_ses-1/stats/lh.w-g.pct.stats --snr 
sysname  Linux
hostname dna071
machine  x86_64
user     oesteban
whitesurfname  white
UseRobust  0
Constructing seg from annotation

Reading annotation /out/sourcedata/freesurfer/sub-v1s14x0051585_ses-1/label/lh.aparc.annot
Seg base 1000
Loading /out/sourcedata/freesurfer/sub-v1s14x0051585_ses-1/surf/lh.w-g.pct.mgh
Vertex Area is 0.665219 mm^3
Generating list of segmentation ids
Found  36 segmentations
Computing statistics for each segmentation

Reporting on  35 segmentations
Using PrintSegStat
mri_segstats done
Cleaning up

Started at Sun Mar 8 21:21:50 CET 2026 
Ended   at Sun Mar 8 21:51:25 CET 2026
#@#%# recon-all-run-time-hours 0.493
recon-all -s sub-v1s14x0051585_ses-1 finished without error at Sun Mar  8 21:51:25 CET 2026



#New# invocation of recon-all 




Sun Mar  8 22:26:09 CET 2026
cd /out/sourcedata/freesurfer/sub-v1s14x0051585_ses-1
setenv SUBJECTS_DIR /out/sourcedata/freesurfer
/opt/freesurfer/bin/recon-all -autorecon-hemi lh -nohyporelabel -lh-only -openmp 16 -subjid sub-v1s14x0051585_ses-1 -sd /out/sourcedata/freesurfer -notessellate -nosmooth1 -noinflate1 -noqsphere -nofix -nowhite -nosmooth2 -noinflate2 -nocurvHK -nocurvstats -nosphere -nosurfreg -nojacobian_white -noavgcurv -nocortparc -nopial -nocortparc2 -nocortparc3 -nopctsurfcon

subjid sub-v1s14x0051585_ses-1
setenv SUBJECTS_DIR /out/sourcedata/freesurfer
FREESURFER_HOME /opt/freesurfer
Actual FREESURFER_HOME /opt/freesurfer
build-stamp.txt: freesurfer-linux-ubuntu22_x86_64-7.3.2-20220804-6354275
Linux dna071 5.14.0-427.37.1.el9_4.x86_64 #1 SMP PREEMPT_DYNAMIC Fri Sep 13 12:41:50 EDT 2024 x86_64 x86_64 x86_64 GNU/Linux
cputime      unlimited
filesize     unlimited
datasize     unlimited
stacksize    8192 kbytes
coredumpsize 0 kbytes
memoryuse    67108864 kbytes
vmemoryuse   unlimited
descriptors  1024 
memorylocked unlimited
maxproc      2061970 
maxlocks     unlimited
maxsignal    2062029 
maxmessage   819200 
maxnice      0 
maxrtprio    0 
maxrttime    unlimited

               total        used        free      shared  buff/cache   available
Mem:           503Gi        48Gi       426Gi       9.4Gi        28Gi       442Gi
Swap:             0B          0B          0B

########################################
program versions used
7.3.2 (freesurfer-linux-ubuntu22_x86_64-7.3.2-20220804-6354275)
7.3.2

ProgramName: lta_convert  ProgramArguments: lta_convert -all-info  ProgramVersion: 7.3.2  TimeStamp: 2026/03/08-21:26:09-GMT  BuildTime: Aug  4 2022 06:17:15  BuildStamp: freesurfer-linux-ubuntu22_x86_64-7.3.2-20220804-6354275  User: oesteban  Machine: dna071  Platform: Linux  PlatformVersion: 5.14.0-427.37.1.el9_4.x86_64  CompilerName: GCC  CompilerVersion: 8.4.0
ProgramName: mri_and  ProgramArguments: mri_and -all-info  ProgramVersion: 7.3.2  TimeStamp: 2026/03/08-21:26:09-GMT  BuildTime: Aug  4 2022 06:17:15  BuildStamp: freesurfer-linux-ubuntu22_x86_64-7.3.2-20220804-6354275  User: oesteban  Machine: dna071  Platform: Linux  PlatformVersion: 5.14.0-427.37.1.el9_4.x86_64  CompilerName: GCC  CompilerVersion: 8.4.0
ProgramName: mri_annotation2label  ProgramArguments: mri_annotation2label -all-info  ProgramVersion: 7.3.2  TimeStamp: 2026/03/08-21:26:09-GMT  BuildTime: Aug  4 2022 06:17:15  BuildStamp: freesurfer-linux-ubuntu22_x86_64-7.3.2-20220804-6354275  User: oesteban  Machine: dna071  Platform: Linux  PlatformVersion: 5.14.0-427.37.1.el9_4.x86_64  CompilerName: GCC  CompilerVersion: 8.4.0
ProgramName: mri_aparc2aseg  ProgramArguments: mri_aparc2aseg -all-info  ProgramVersion: 7.3.2  TimeStamp: 2026/03/08-21:26:09-GMT  BuildTime: Aug  4 2022 06:17:15  BuildStamp: freesurfer-linux-ubuntu22_x86_64-7.3.2-20220804-6354275  User: oesteban  Machine: dna071  Platform: Linux  PlatformVersion: 5.14.0-427.37.1.el9_4.x86_64  CompilerName: GCC  CompilerVersion: 8.4.0
ProgramName: mri_surf2volseg  ProgramArguments: mri_surf2volseg -all-info  ProgramVersion: 7.3.2  TimeStamp: 2026/03/08-21:26:09-GMT  BuildTime: Aug  4 2022 06:17:15  BuildStamp: freesurfer-linux-ubuntu22_x86_64-7.3.2-20220804-6354275  User: oesteban  Machine: dna071  Platform: Linux  PlatformVersion: 5.14.0-427.37.1.el9_4.x86_64  CompilerName: GCC  CompilerVersion: 8.4.0
ProgramName: mri_binarize  ProgramArguments: mri_binarize -all-info  ProgramVersion: 7.3.2  TimeStamp: 2026/03/08-21:26:09-GMT  BuildTime: Aug  4 2022 06:17:15  BuildStamp: freesurfer-linux-ubuntu22_x86_64-7.3.2-20220804-6354275  User: oesteban  Machine: dna071  Platform: Linux  PlatformVersion: 5.14.0-427.37.1.el9_4.x86_64  CompilerName: GCC  CompilerVersion: 8.4.0
ProgramName: mri_ca_label  ProgramArguments: mri_ca_label -all-info  ProgramVersion: 7.3.2  TimeStamp: 2026/03/08-21:26:09-GMT  BuildTime: Aug  4 2022 06:17:15  BuildStamp: freesurfer-linux-ubuntu22_x86_64-7.3.2-20220804-6354275  User: oesteban  Machine: dna071  Platform: Linux  PlatformVersion: 5.14.0-427.37.1.el9_4.x86_64  CompilerName: GCC  CompilerVersion: 8.4.0
ProgramName: mri_ca_normalize  ProgramArguments: mri_ca_normalize -all-info  ProgramVersion: 7.3.2  TimeStamp: 2026/03/08-21:26:09-GMT  BuildTime: Aug  4 2022 06:17:15  BuildStamp: freesurfer-linux-ubuntu22_x86_64-7.3.2-20220804-6354275  User: oesteban  Machine: dna071  Platform: Linux  PlatformVersion: 5.14.0-427.37.1.el9_4.x86_64  CompilerName: GCC  CompilerVersion: 8.4.0
ProgramName: mri_ca_register  ProgramArguments: mri_ca_register -all-info  ProgramVersion: 7.3.2  TimeStamp: 2026/03/08-21:26:09-GMT  BuildTime: Aug  4 2022 06:17:15  BuildStamp: freesurfer-linux-ubuntu22_x86_64-7.3.2-20220804-6354275  User: oesteban  Machine: dna071  Platform: Linux  PlatformVersion: 5.14.0-427.37.1.el9_4.x86_64  CompilerName: GCC  CompilerVersion: 8.4.0
ProgramName: mri_cc  ProgramArguments: mri_cc -all-info  ProgramVersion: 7.3.2  TimeStamp: 2026/03/08-21:26:09-GMT  BuildTime: Aug  4 2022 06:17:15  BuildStamp: freesurfer-linux-ubuntu22_x86_64-7.3.2-20220804-6354275  User: oesteban  Machine: dna071  Platform: Linux  PlatformVersion: 5.14.0-427.37.1.el9_4.x86_64  CompilerName: GCC  CompilerVersion: 8.4.0
ProgramName: mri_compute_overlap  ProgramArguments: mri_compute_overlap -all-info  ProgramVersion: 7.3.2  TimeStamp: 2026/03/08-21:26:09-GMT  BuildTime: Aug  4 2022 06:17:15  BuildStamp: freesurfer-linux-ubuntu22_x86_64-7.3.2-20220804-6354275  User: oesteban  Machine: dna071  Platform: Linux  PlatformVersion: 5.14.0-427.37.1.el9_4.x86_64  CompilerName: GCC  CompilerVersion: 8.4.0
ProgramName: mri_compute_seg_overlap  ProgramArguments: mri_compute_seg_overlap -all-info  ProgramVersion: 7.3.2  TimeStamp: 2026/03/08-21:26:09-GMT  BuildTime: Aug  4 2022 06:17:15  BuildStamp: freesurfer-linux-ubuntu22_x86_64-7.3.2-20220804-6354275  User: oesteban  Machine: dna071  Platform: Linux  PlatformVersion: 5.14.0-427.37.1.el9_4.x86_64  CompilerName: GCC  CompilerVersion: 8.4.0
ProgramName: mri_concat  ProgramArguments: mri_concat -all-info  ProgramVersion: 7.3.2  TimeStamp: 2026/03/08-21:26:09-GMT  BuildTime: Aug  4 2022 06:17:15  BuildStamp: freesurfer-linux-ubuntu22_x86_64-7.3.2-20220804-6354275  User: oesteban  Machine: dna071  Platform: Linux  PlatformVersion: 5.14.0-427.37.1.el9_4.x86_64  CompilerName: GCC  CompilerVersion: 8.4.0
ProgramName: mri_concatenate_lta  ProgramArguments: mri_concatenate_lta -all-info  ProgramVersion: 7.3.2  TimeStamp: 2026/03/08-21:26:09-GMT  BuildTime: Aug  4 2022 06:17:15  BuildStamp: freesurfer-linux-ubuntu22_x86_64-7.3.2-20220804-6354275  User: oesteban  Machine: dna071  Platform: Linux  PlatformVersion: 5.14.0-427.37.1.el9_4.x86_64  CompilerName: GCC  CompilerVersion: 8.4.0
mri_convert -all-info 
ProgramName: mri_convert  ProgramArguments: mri_convert -all-info  ProgramVersion: 7.3.2  TimeStamp: 2026/03/08-21:26:09-GMT  BuildTime: Aug  4 2022 06:17:15  BuildStamp: freesurfer-linux-ubuntu22_x86_64-7.3.2-20220804-6354275  User: oesteban  Machine: dna071  Platform: Linux  PlatformVersion: 5.14.0-427.37.1.el9_4.x86_64  CompilerName: GCC  CompilerVersion: 8.4.0
ProgramName: mri_diff  ProgramArguments: mri_diff -all-info  ProgramVersion: 7.3.2  TimeStamp: 2026/03/08-21:26:09-GMT  BuildTime: Aug  4 2022 06:17:15  BuildStamp: freesurfer-linux-ubuntu22_x86_64-7.3.2-20220804-6354275  User: oesteban  Machine: dna071  Platform: Linux  PlatformVersion: 5.14.0-427.37.1.el9_4.x86_64  CompilerName: GCC  CompilerVersion: 8.4.0
ProgramName: mri_edit_wm_with_aseg  ProgramArguments: mri_edit_wm_with_aseg -all-info  ProgramVersion: 7.3.2  TimeStamp: 2026/03/08-21:26:09-GMT  BuildTime: Aug  4 2022 06:17:15  BuildStamp: freesurfer-linux-ubuntu22_x86_64-7.3.2-20220804-6354275  User: oesteban  Machine: dna071  Platform: Linux  PlatformVersion: 5.14.0-427.37.1.el9_4.x86_64  CompilerName: GCC  CompilerVersion: 8.4.0
ProgramName: mri_em_register  ProgramArguments: mri_em_register -all-info  ProgramVersion: 7.3.2  TimeStamp: 2026/03/08-21:26:09-GMT  BuildTime: Aug  4 2022 06:17:15  BuildStamp: freesurfer-linux-ubuntu22_x86_64-7.3.2-20220804-6354275  User: oesteban  Machine: dna071  Platform: Linux  PlatformVersion: 5.14.0-427.37.1.el9_4.x86_64  CompilerName: GCC  CompilerVersion: 8.4.0
ProgramName: mri_fill  ProgramArguments: mri_fill -all-info  ProgramVersion: 7.3.2  TimeStamp: 2026/03/08-21:26:09-GMT  BuildTime: Aug  4 2022 06:17:15  BuildStamp: freesurfer-linux-ubuntu22_x86_64-7.3.2-20220804-6354275  User: oesteban  Machine: dna071  Platform: Linux  PlatformVersion: 5.14.0-427.37.1.el9_4.x86_64  CompilerName: GCC  CompilerVersion: 8.4.0
ProgramName: mri_fuse_segmentations  ProgramArguments: mri_fuse_segmentations -all-info  ProgramVersion: 7.3.2  TimeStamp: 2026/03/08-21:26:09-GMT  BuildTime: Aug  4 2022 06:17:15  BuildStamp: freesurfer-linux-ubuntu22_x86_64-7.3.2-20220804-6354275  User: oesteban  Machine: dna071  Platform: Linux  PlatformVersion: 5.14.0-427.37.1.el9_4.x86_64  CompilerName: GCC  CompilerVersion: 8.4.0
ProgramName: mri_fwhm  ProgramArguments: mri_fwhm -all-info  ProgramVersion: 7.3.2  TimeStamp: 2026/03/08-21:26:09-GMT  BuildTime: Aug  4 2022 06:17:15  BuildStamp: freesurfer-linux-ubuntu22_x86_64-7.3.2-20220804-6354275  User: oesteban  Machine: dna071  Platform: Linux  PlatformVersion: 5.14.0-427.37.1.el9_4.x86_64  CompilerName: GCC  CompilerVersion: 8.4.0
ProgramName: mri_gcut  ProgramArguments: mri_gcut -all-info  ProgramVersion: 7.3.2  TimeStamp: 2026/03/08-21:26:09-GMT  BuildTime: Aug  4 2022 06:17:15  BuildStamp: freesurfer-linux-ubuntu22_x86_64-7.3.2-20220804-6354275  User: oesteban  Machine: dna071  Platform: Linux  PlatformVersion: 5.14.0-427.37.1.el9_4.x86_64  CompilerName: GCC  CompilerVersion: 8.4.0
ProgramName: mri_info  ProgramArguments: mri_info -all-info  ProgramVersion: 7.3.2  TimeStamp: 2026/03/08-21:26:09-GMT  BuildTime: Aug  4 2022 06:17:15  BuildStamp: freesurfer-linux-ubuntu22_x86_64-7.3.2-20220804-6354275  User: oesteban  Machine: dna071  Platform: Linux  PlatformVersion: 5.14.0-427.37.1.el9_4.x86_64  CompilerName: GCC  CompilerVersion: 8.4.0
ProgramName: mri_label2label  ProgramArguments: mri_label2label -all-info  ProgramVersion: 7.3.2  TimeStamp: 2026/03/08-21:26:09-GMT  BuildTime: Aug  4 2022 06:17:15  BuildStamp: freesurfer-linux-ubuntu22_x86_64-7.3.2-20220804-6354275  User: oesteban  Machine: dna071  Platform: Linux  PlatformVersion: 5.14.0-427.37.1.el9_4.x86_64  CompilerName: GCC  CompilerVersion: 8.4.0
ProgramName: mri_label2vol  ProgramArguments: mri_label2vol -all-info  ProgramVersion: 7.3.2  TimeStamp: 2026/03/08-21:26:09-GMT  BuildTime: Aug  4 2022 06:17:15  BuildStamp: freesurfer-linux-ubuntu22_x86_64-7.3.2-20220804-6354275  User: oesteban  Machine: dna071  Platform: Linux  PlatformVersion: 5.14.0-427.37.1.el9_4.x86_64  CompilerName: GCC  CompilerVersion: 8.4.0
ProgramName: mri_log_likelihood  ProgramArguments: mri_log_likelihood -all-info  ProgramVersion: 7.3.2  TimeStamp: 2026/03/08-21:26:09-GMT  BuildTime: Aug  4 2022 06:17:15  BuildStamp: freesurfer-linux-ubuntu22_x86_64-7.3.2-20220804-6354275  User: oesteban  Machine: dna071  Platform: Linux  PlatformVersion: 5.14.0-427.37.1.el9_4.x86_64  CompilerName: GCC  CompilerVersion: 8.4.0
ProgramName: mri_mask  ProgramArguments: mri_mask -all-info  ProgramVersion: 7.3.2  TimeStamp: 2026/03/08-21:26:09-GMT  BuildTime: Aug  4 2022 06:17:15  BuildStamp: freesurfer-linux-ubuntu22_x86_64-7.3.2-20220804-6354275  User: oesteban  Machine: dna071  Platform: Linux  PlatformVersion: 5.14.0-427.37.1.el9_4.x86_64  CompilerName: GCC  CompilerVersion: 8.4.0
ProgramName: mri_matrix_multiply  ProgramArguments: mri_matrix_multiply -all-info  ProgramVersion: 7.3.2  TimeStamp: 2026/03/08-21:26:09-GMT  BuildTime: Aug  4 2022 06:17:15  BuildStamp: freesurfer-linux-ubuntu22_x86_64-7.3.2-20220804-6354275  User: oesteban  Machine: dna071  Platform: Linux  PlatformVersion: 5.14.0-427.37.1.el9_4.x86_64  CompilerName: GCC  CompilerVersion: 8.4.0
ProgramName: mri_normalize  ProgramArguments: mri_normalize -all-info  ProgramVersion: 7.3.2  TimeStamp: 2026/03/08-21:26:09-GMT  BuildTime: Aug  4 2022 06:17:15  BuildStamp: freesurfer-linux-ubuntu22_x86_64-7.3.2-20220804-6354275  User: oesteban  Machine: dna071  Platform: Linux  PlatformVersion: 5.14.0-427.37.1.el9_4.x86_64  CompilerName: GCC  CompilerVersion: 8.4.0
ProgramName: mri_normalize_tp2  ProgramArguments: mri_normalize_tp2 -all-info  ProgramVersion: 7.3.2  TimeStamp: 2026/03/08-21:26:09-GMT  BuildTime: Aug  4 2022 06:17:15  BuildStamp: freesurfer-linux-ubuntu22_x86_64-7.3.2-20220804-6354275  User: oesteban  Machine: dna071  Platform: Linux  PlatformVersion: 5.14.0-427.37.1.el9_4.x86_64  CompilerName: GCC  CompilerVersion: 8.4.0
ProgramName: mri_or  ProgramArguments: mri_or -all-info  ProgramVersion: 7.3.2  TimeStamp: 2026/03/08-21:26:09-GMT  BuildTime: Aug  4 2022 06:17:15  BuildStamp: freesurfer-linux-ubuntu22_x86_64-7.3.2-20220804-6354275  User: oesteban  Machine: dna071  Platform: Linux  PlatformVersion: 5.14.0-427.37.1.el9_4.x86_64  CompilerName: GCC  CompilerVersion: 8.4.0
ProgramName: mri_relabel_hypointensities  ProgramArguments: mri_relabel_hypointensities -all-info  ProgramVersion: 7.3.2  TimeStamp: 2026/03/08-21:26:09-GMT  BuildTime: Aug  4 2022 06:17:15  BuildStamp: freesurfer-linux-ubuntu22_x86_64-7.3.2-20220804-6354275  User: oesteban  Machine: dna071  Platform: Linux  PlatformVersion: 5.14.0-427.37.1.el9_4.x86_64  CompilerName: GCC  CompilerVersion: 8.4.0
ProgramName: mri_relabel_nonwm_hypos  ProgramArguments: mri_relabel_nonwm_hypos -all-info  ProgramVersion: 7.3.2  TimeStamp: 2026/03/08-21:26:09-GMT  BuildTime: Aug  4 2022 06:17:15  BuildStamp: freesurfer-linux-ubuntu22_x86_64-7.3.2-20220804-6354275  User: oesteban  Machine: dna071  Platform: Linux  PlatformVersion: 5.14.0-427.37.1.el9_4.x86_64  CompilerName: GCC  CompilerVersion: 8.4.0
ProgramName: mri_remove_neck  ProgramArguments: mri_remove_neck -all-info  ProgramVersion: 7.3.2  TimeStamp: 2026/03/08-21:26:09-GMT  BuildTime: Aug  4 2022 06:17:15  BuildStamp: freesurfer-linux-ubuntu22_x86_64-7.3.2-20220804-6354275  User: oesteban  Machine: dna071  Platform: Linux  PlatformVersion: 5.14.0-427.37.1.el9_4.x86_64  CompilerName: GCC  CompilerVersion: 8.4.0
7.3.2

ProgramName: mri_robust_register  ProgramArguments: mri_robust_register -all-info  ProgramVersion: 7.3.2  TimeStamp: 2026/03/08-21:26:09-GMT  BuildTime: Aug  4 2022 06:17:15  BuildStamp: freesurfer-linux-ubuntu22_x86_64-7.3.2-20220804-6354275  User: oesteban  Machine: dna071  Platform: Linux  PlatformVersion: 5.14.0-427.37.1.el9_4.x86_64  CompilerName: GCC  CompilerVersion: 8.4.0
7.3.2

ProgramName: mri_robust_template  ProgramArguments: mri_robust_template -all-info  ProgramVersion: 7.3.2  TimeStamp: 2026/03/08-21:26:09-GMT  BuildTime: Aug  4 2022 06:17:15  BuildStamp: freesurfer-linux-ubuntu22_x86_64-7.3.2-20220804-6354275  User: oesteban  Machine: dna071  Platform: Linux  PlatformVersion: 5.14.0-427.37.1.el9_4.x86_64  CompilerName: GCC  CompilerVersion: 8.4.0
ProgramName: mris_anatomical_stats  ProgramArguments: mris_anatomical_stats -all-info  ProgramVersion: 7.3.2  TimeStamp: 2026/03/08-21:26:09-GMT  BuildTime: Aug  4 2022 06:17:15  BuildStamp: freesurfer-linux-ubuntu22_x86_64-7.3.2-20220804-6354275  User: oesteban  Machine: dna071  Platform: Linux  PlatformVersion: 5.14.0-427.37.1.el9_4.x86_64  CompilerName: GCC  CompilerVersion: 8.4.0
ProgramName: mris_ca_label  ProgramArguments: mris_ca_label -all-info  ProgramVersion: 7.3.2  TimeStamp: 2026/03/08-21:26:09-GMT  BuildTime: Aug  4 2022 06:17:15  BuildStamp: freesurfer-linux-ubuntu22_x86_64-7.3.2-20220804-6354275  User: oesteban  Machine: dna071  Platform: Linux  PlatformVersion: 5.14.0-427.37.1.el9_4.x86_64  CompilerName: GCC  CompilerVersion: 8.4.0
ProgramName: mris_calc  ProgramArguments: mris_calc -all-info  ProgramVersion: 7.3.2  TimeStamp: 2026/03/08-21:26:09-GMT  BuildTime: Aug  4 2022 06:17:15  BuildStamp: freesurfer-linux-ubuntu22_x86_64-7.3.2-20220804-6354275  User: oesteban  Machine: dna071  Platform: Linux  PlatformVersion: 5.14.0-427.37.1.el9_4.x86_64  CompilerName: GCC  CompilerVersion: 8.4.0
ProgramName: mris_convert  ProgramArguments: mris_convert -all-info  ProgramVersion: 7.3.2  TimeStamp: 2026/03/08-21:26:09-GMT  BuildTime: Aug  4 2022 06:17:15  BuildStamp: freesurfer-linux-ubuntu22_x86_64-7.3.2-20220804-6354275  User: oesteban  Machine: dna071  Platform: Linux  PlatformVersion: 5.14.0-427.37.1.el9_4.x86_64  CompilerName: GCC  CompilerVersion: 8.4.0
ProgramName: mris_curvature  ProgramArguments: mris_curvature -all-info  ProgramVersion: 7.3.2  TimeStamp: 2026/03/08-21:26:09-GMT  BuildTime: Aug  4 2022 06:17:15  BuildStamp: freesurfer-linux-ubuntu22_x86_64-7.3.2-20220804-6354275  User: oesteban  Machine: dna071  Platform: Linux  PlatformVersion: 5.14.0-427.37.1.el9_4.x86_64  CompilerName: GCC  CompilerVersion: 8.4.0
ProgramName: mris_curvature_stats  ProgramArguments: mris_curvature_stats -all-info  ProgramVersion: 7.3.2  TimeStamp: 2026/03/08-21:26:09-GMT  BuildTime: Aug  4 2022 06:17:15  BuildStamp: freesurfer-linux-ubuntu22_x86_64-7.3.2-20220804-6354275  User: oesteban  Machine: dna071  Platform: Linux  PlatformVersion: 5.14.0-427.37.1.el9_4.x86_64  CompilerName: GCC  CompilerVersion: 8.4.0
ProgramName: mris_diff  ProgramArguments: mris_diff -all-info  ProgramVersion: 7.3.2  TimeStamp: 2026/03/08-21:26:09-GMT  BuildTime: Aug  4 2022 06:17:15  BuildStamp: freesurfer-linux-ubuntu22_x86_64-7.3.2-20220804-6354275  User: oesteban  Machine: dna071  Platform: Linux  PlatformVersion: 5.14.0-427.37.1.el9_4.x86_64  CompilerName: GCC  CompilerVersion: 8.4.0
ProgramName: mris_divide_parcellation  ProgramArguments: mris_divide_parcellation -all-info  ProgramVersion: 7.3.2  TimeStamp: 2026/03/08-21:26:09-GMT  BuildTime: Aug  4 2022 06:17:15  BuildStamp: freesurfer-linux-ubuntu22_x86_64-7.3.2-20220804-6354275  User: oesteban  Machine: dna071  Platform: Linux  PlatformVersion: 5.14.0-427.37.1.el9_4.x86_64  CompilerName: GCC  CompilerVersion: 8.4.0
ProgramName: mri_segment  ProgramArguments: mri_segment -all-info  ProgramVersion: 7.3.2  TimeStamp: 2026/03/08-21:26:09-GMT  BuildTime: Aug  4 2022 06:17:15  BuildStamp: freesurfer-linux-ubuntu22_x86_64-7.3.2-20220804-6354275  User: oesteban  Machine: dna071  Platform: Linux  PlatformVersion: 5.14.0-427.37.1.el9_4.x86_64  CompilerName: GCC  CompilerVersion: 8.4.0
ProgramName: mri_segstats  ProgramArguments: mri_segstats -all-info  ProgramVersion: 7.3.2  TimeStamp: 2026/03/08-21:26:09-GMT  BuildTime: Aug  4 2022 06:17:15  BuildStamp: freesurfer-linux-ubuntu22_x86_64-7.3.2-20220804-6354275  User: oesteban  Machine: dna071  Platform: Linux  PlatformVersion: 5.14.0-427.37.1.el9_4.x86_64  CompilerName: GCC  CompilerVersion: 8.4.0
ProgramName: mris_euler_number  ProgramArguments: mris_euler_number -all-info  ProgramVersion: 7.3.2  TimeStamp: 2026/03/08-21:26:09-GMT  BuildTime: Aug  4 2022 06:17:15  BuildStamp: freesurfer-linux-ubuntu22_x86_64-7.3.2-20220804-6354275  User: oesteban  Machine: dna071  Platform: Linux  PlatformVersion: 5.14.0-427.37.1.el9_4.x86_64  CompilerName: GCC  CompilerVersion: 8.4.0
ProgramName: mris_fix_topology  ProgramArguments: mris_fix_topology -all-info  ProgramVersion: 7.3.2  TimeStamp: 2026/03/08-21:26:09-GMT  BuildTime: Aug  4 2022 06:17:15  BuildStamp: freesurfer-linux-ubuntu22_x86_64-7.3.2-20220804-6354275  User: oesteban  Machine: dna071  Platform: Linux  PlatformVersion: 5.14.0-427.37.1.el9_4.x86_64  CompilerName: GCC  CompilerVersion: 8.4.0
ProgramName: mris_topo_fixer  ProgramArguments: mris_topo_fixer -all-info  ProgramVersion: 7.3.2  TimeStamp: 2026/03/08-21:26:09-GMT  BuildTime: Aug  4 2022 06:17:15  BuildStamp: freesurfer-linux-ubuntu22_x86_64-7.3.2-20220804-6354275  User: oesteban  Machine: dna071  Platform: Linux  PlatformVersion: 5.14.0-427.37.1.el9_4.x86_64  CompilerName: GCC  CompilerVersion: 8.4.0
ProgramName: mris_jacobian  ProgramArguments: mris_jacobian -all-info  ProgramVersion: 7.3.2  TimeStamp: 2026/03/08-21:26:09-GMT  BuildTime: Aug  4 2022 06:17:15  BuildStamp: freesurfer-linux-ubuntu22_x86_64-7.3.2-20220804-6354275  User: oesteban  Machine: dna071  Platform: Linux  PlatformVersion: 5.14.0-427.37.1.el9_4.x86_64  CompilerName: GCC  CompilerVersion: 8.4.0
ProgramName: mris_label2annot  ProgramArguments: mris_label2annot -all-info  ProgramVersion: 7.3.2  TimeStamp: 2026/03/08-21:26:09-GMT  BuildTime: Aug  4 2022 06:17:15  BuildStamp: freesurfer-linux-ubuntu22_x86_64-7.3.2-20220804-6354275  User: oesteban  Machine: dna071  Platform: Linux  PlatformVersion: 5.14.0-427.37.1.el9_4.x86_64  CompilerName: GCC  CompilerVersion: 8.4.0
ProgramName: mris_left_right_register  ProgramArguments: mris_left_right_register -all-info  ProgramVersion: 7.3.2  TimeStamp: 2026/03/08-21:26:09-GMT  BuildTime: Aug  4 2022 06:17:15  BuildStamp: freesurfer-linux-ubuntu22_x86_64-7.3.2-20220804-6354275  User: oesteban  Machine: dna071  Platform: Linux  PlatformVersion: 5.14.0-427.37.1.el9_4.x86_64  CompilerName: GCC  CompilerVersion: 8.4.0
ProgramName: mris_place_surface  ProgramArguments: mris_place_surface -all-info  ProgramVersion: 7.3.2  TimeStamp: 2026/03/08-21:26:09-GMT  BuildTime: Aug  4 2022 06:17:15  BuildStamp: freesurfer-linux-ubuntu22_x86_64-7.3.2-20220804-6354275  User: oesteban  Machine: dna071  Platform: Linux  PlatformVersion: 5.14.0-427.37.1.el9_4.x86_64  CompilerName: GCC  CompilerVersion: 8.4.0
ProgramName: mrisp_paint  ProgramArguments: mrisp_paint -all-info  ProgramVersion: 7.3.2  TimeStamp: 2026/03/08-21:26:09-GMT  BuildTime: Aug  4 2022 06:17:15  BuildStamp: freesurfer-linux-ubuntu22_x86_64-7.3.2-20220804-6354275  User: oesteban  Machine: dna071  Platform: Linux  PlatformVersion: 5.14.0-427.37.1.el9_4.x86_64  CompilerName: GCC  CompilerVersion: 8.4.0
ProgramName: mris_register  ProgramArguments: mris_register -all-info  ProgramVersion: 7.3.2  TimeStamp: 2026/03/08-21:26:09-GMT  BuildTime: Aug  4 2022 06:17:15  BuildStamp: freesurfer-linux-ubuntu22_x86_64-7.3.2-20220804-6354275  User: oesteban  Machine: dna071  Platform: Linux  PlatformVersion: 5.14.0-427.37.1.el9_4.x86_64  CompilerName: GCC  CompilerVersion: 8.4.0
ProgramName: mris_smooth  ProgramArguments: mris_smooth -all-info  ProgramVersion: 7.3.2  TimeStamp: 2026/03/08-21:26:09-GMT  BuildTime: Aug  4 2022 06:17:15  BuildStamp: freesurfer-linux-ubuntu22_x86_64-7.3.2-20220804-6354275  User: oesteban  Machine: dna071  Platform: Linux  PlatformVersion: 5.14.0-427.37.1.el9_4.x86_64  CompilerName: GCC  CompilerVersion: 8.4.0
ProgramName: mris_sphere  ProgramArguments: mris_sphere -all-info  ProgramVersion: 7.3.2  TimeStamp: 2026/03/08-21:26:09-GMT  BuildTime: Aug  4 2022 06:17:15  BuildStamp: freesurfer-linux-ubuntu22_x86_64-7.3.2-20220804-6354275  User: oesteban  Machine: dna071  Platform: Linux  PlatformVersion: 5.14.0-427.37.1.el9_4.x86_64  CompilerName: GCC  CompilerVersion: 8.4.0
ProgramName: mris_surface_stats  ProgramArguments: mris_surface_stats -all-info  ProgramVersion: 7.3.2  TimeStamp: 2026/03/08-21:26:09-GMT  BuildTime: Aug  4 2022 06:17:15  BuildStamp: freesurfer-linux-ubuntu22_x86_64-7.3.2-20220804-6354275  User: oesteban  Machine: dna071  Platform: Linux  PlatformVersion: 5.14.0-427.37.1.el9_4.x86_64  CompilerName: GCC  CompilerVersion: 8.4.0
ProgramName: mri_stats2seg  ProgramArguments: mri_stats2seg -all-info  ProgramVersion: 7.3.2  TimeStamp: 2026/03/08-21:26:09-GMT  BuildTime: Aug  4 2022 06:17:15  BuildStamp: freesurfer-linux-ubuntu22_x86_64-7.3.2-20220804-6354275  User: oesteban  Machine: dna071  Platform: Linux  PlatformVersion: 5.14.0-427.37.1.el9_4.x86_64  CompilerName: GCC  CompilerVersion: 8.4.0
ProgramName: mris_thickness  ProgramArguments: mris_thickness -all-info  ProgramVersion: 7.3.2  TimeStamp: 2026/03/08-21:26:09-GMT  BuildTime: Aug  4 2022 06:17:15  BuildStamp: freesurfer-linux-ubuntu22_x86_64-7.3.2-20220804-6354275  User: oesteban  Machine: dna071  Platform: Linux  PlatformVersion: 5.14.0-427.37.1.el9_4.x86_64  CompilerName: GCC  CompilerVersion: 8.4.0
ProgramName: mris_thickness_diff  ProgramArguments: mris_thickness_diff -all-info  ProgramVersion: 7.3.2  TimeStamp: 2026/03/08-21:26:09-GMT  BuildTime: Aug  4 2022 06:17:15  BuildStamp: freesurfer-linux-ubuntu22_x86_64-7.3.2-20220804-6354275  User: oesteban  Machine: dna071  Platform: Linux  PlatformVersion: 5.14.0-427.37.1.el9_4.x86_64  CompilerName: GCC  CompilerVersion: 8.4.0
ProgramName: mris_topo_fixer  ProgramArguments: mris_topo_fixer -all-info  ProgramVersion: 7.3.2  TimeStamp: 2026/03/08-21:26:09-GMT  BuildTime: Aug  4 2022 06:17:15  BuildStamp: freesurfer-linux-ubuntu22_x86_64-7.3.2-20220804-6354275  User: oesteban  Machine: dna071  Platform: Linux  PlatformVersion: 5.14.0-427.37.1.el9_4.x86_64  CompilerName: GCC  CompilerVersion: 8.4.0
ProgramName: mri_surf2surf  ProgramArguments: mri_surf2surf -all-info  ProgramVersion: 7.3.2  TimeStamp: 2026/03/08-21:26:09-GMT  BuildTime: Aug  4 2022 06:17:15  BuildStamp: freesurfer-linux-ubuntu22_x86_64-7.3.2-20220804-6354275  User: oesteban  Machine: dna071  Platform: Linux  PlatformVersion: 5.14.0-427.37.1.el9_4.x86_64  CompilerName: GCC  CompilerVersion: 8.4.0
ProgramName: mri_surf2vol  ProgramArguments: mri_surf2vol -all-info  ProgramVersion: 7.3.2  TimeStamp: 2026/03/08-21:26:09-GMT  BuildTime: Aug  4 2022 06:17:15  BuildStamp: freesurfer-linux-ubuntu22_x86_64-7.3.2-20220804-6354275  User: oesteban  Machine: dna071  Platform: Linux  PlatformVersion: 5.14.0-427.37.1.el9_4.x86_64  CompilerName: GCC  CompilerVersion: 8.4.0
ProgramName: mri_surfcluster  ProgramArguments: mri_surfcluster -all-info  ProgramVersion: 7.3.2  TimeStamp: 2026/03/08-21:26:09-GMT  BuildTime: Aug  4 2022 06:17:15  BuildStamp: freesurfer-linux-ubuntu22_x86_64-7.3.2-20220804-6354275  User: oesteban  Machine: dna071  Platform: Linux  PlatformVersion: 5.14.0-427.37.1.el9_4.x86_64  CompilerName: GCC  CompilerVersion: 8.4.0
ProgramName: mris_volmask  ProgramArguments: mris_volmask -all-info  ProgramVersion: 7.3.2  TimeStamp: 2026/03/08-21:26:09-GMT  BuildTime: Aug  4 2022 06:17:15  BuildStamp: freesurfer-linux-ubuntu22_x86_64-7.3.2-20220804-6354275  User: oesteban  Machine: dna071  Platform: Linux  PlatformVersion: 5.14.0-427.37.1.el9_4.x86_64  CompilerName: GCC  CompilerVersion: 8.4.0
ProgramName: mri_tessellate  ProgramArguments: mri_tessellate -all-info  ProgramVersion: 7.3.2  TimeStamp: 2026/03/08-21:26:09-GMT  BuildTime: Aug  4 2022 06:17:15  BuildStamp: freesurfer-linux-ubuntu22_x86_64-7.3.2-20220804-6354275  User: oesteban  Machine: dna071  Platform: Linux  PlatformVersion: 5.14.0-427.37.1.el9_4.x86_64  CompilerName: GCC  CompilerVersion: 8.4.0
ProgramName: mri_vol2surf  ProgramArguments: mri_vol2surf -all-info  ProgramVersion: 7.3.2  TimeStamp: 2026/03/08-21:26:09-GMT  BuildTime: Aug  4 2022 06:17:15  BuildStamp: freesurfer-linux-ubuntu22_x86_64-7.3.2-20220804-6354275  User: oesteban  Machine: dna071  Platform: Linux  PlatformVersion: 5.14.0-427.37.1.el9_4.x86_64  CompilerName: GCC  CompilerVersion: 8.4.0
ProgramName: mri_vol2vol  ProgramArguments: mri_vol2vol -all-info  ProgramVersion: 7.3.2  TimeStamp: 2026/03/08-21:26:09-GMT  BuildTime: Aug  4 2022 06:17:15  BuildStamp: freesurfer-linux-ubuntu22_x86_64-7.3.2-20220804-6354275  User: oesteban  Machine: dna071  Platform: Linux  PlatformVersion: 5.14.0-427.37.1.el9_4.x86_64  CompilerName: GCC  CompilerVersion: 8.4.0
ProgramName: mri_voldiff  ProgramArguments: mri_voldiff -all-info  ProgramVersion: 7.3.2  TimeStamp: 2026/03/08-21:26:09-GMT  BuildTime: Aug  4 2022 06:17:15  BuildStamp: freesurfer-linux-ubuntu22_x86_64-7.3.2-20220804-6354275  User: oesteban  Machine: dna071  Platform: Linux  PlatformVersion: 5.14.0-427.37.1.el9_4.x86_64  CompilerName: GCC  CompilerVersion: 8.4.0
ProgramName: mri_watershed  ProgramArguments: mri_watershed -all-info  ProgramVersion: 7.3.2  TimeStamp: 2026/03/08-21:26:09-GMT  BuildTime: Aug  4 2022 06:17:15  BuildStamp: freesurfer-linux-ubuntu22_x86_64-7.3.2-20220804-6354275  User: oesteban  Machine: dna071  Platform: Linux  PlatformVersion: 5.14.0-427.37.1.el9_4.x86_64  CompilerName: GCC  CompilerVersion: 8.4.0
ProgramName: tkregister2  ProgramArguments: tkregister2_cmdl -all-info  ProgramVersion: 7.3.2  TimeStamp: 2026/03/08-21:26:09-GMT  BuildTime: Aug  4 2022 06:17:15  BuildStamp: freesurfer-linux-ubuntu22_x86_64-7.3.2-20220804-6354275  User: oesteban  Machine: dna071  Platform: Linux  PlatformVersion: 5.14.0-427.37.1.el9_4.x86_64  CompilerName: GCC  CompilerVersion: 8.4.0
mri_motion_correct.fsl 7.3.2
mri_convert -all-info 
ProgramName: mri_convert  ProgramArguments: mri_convert -all-info  ProgramVersion: 7.3.2  TimeStamp: 2026/03/08-21:26:09-GMT  BuildTime: Aug  4 2022 06:17:15  BuildStamp: freesurfer-linux-ubuntu22_x86_64-7.3.2-20220804-6354275  User: oesteban  Machine: dna071  Platform: Linux  PlatformVersion: 5.14.0-427.37.1.el9_4.x86_64  CompilerName: GCC  CompilerVersion: 8.4.0
Program nu_correct, built from:
Package MNI N3, version 1.12.0, compiled by nicks@terrier (x86_64-unknown-linux-gnu) on 2015-06-19 at 01:25:34
#######################################
GCADIR /opt/freesurfer/average
GCA RB_all_2020-01-02.gca
GCASkull RB_all_withskull_2020_01_02.gca
AvgCurvTif folding.atlas.acfb40.noaparc.i12.2016-08-02.tif
GCSDIR /opt/freesurfer/average
GCS DKaparc.atlas.acfb40.noaparc.i12.2016-08-02.gcs
#######################################
#--------------------------------------------
#@# AutoDetGWStats lh Sun Mar  8 22:26:09 CET 2026
cd /out/sourcedata/freesurfer/sub-v1s14x0051585_ses-1/mri
mris_autodet_gwstats --o ../surf/autodet.gw.stats.lh.dat --i brain.finalsurfs.mgz --wm wm.mgz --surf ../surf/lh.orig.premesh
  Update not needed
#--------------------------------------------
#@# WhitePreAparc lh Sun Mar  8 22:26:09 CET 2026
cd /out/sourcedata/freesurfer/sub-v1s14x0051585_ses-1/mri
mris_place_surface --adgws-in ../surf/autodet.gw.stats.lh.dat --wm wm.mgz --threads 16 --invol brain.finalsurfs.mgz --lh --i ../surf/lh.orig --o ../surf/lh.white.preaparc --white --seg aseg.presurf.mgz --nsmooth 5
   Update not needed
#--------------------------------------------
#@# CortexLabel lh Sun Mar  8 22:26:09 CET 2026
cd /out/sourcedata/freesurfer/sub-v1s14x0051585_ses-1/mri
mri_label2label --label-cortex ../surf/lh.white.preaparc aseg.presurf.mgz 0 ../label/lh.cortex.label
   Update not needed
#--------------------------------------------
#@# CortexLabel+HipAmyg lh Sun Mar  8 22:26:09 CET 2026
cd /out/sourcedata/freesurfer/sub-v1s14x0051585_ses-1/mri
mri_label2label --label-cortex ../surf/lh.white.preaparc aseg.presurf.mgz 1 ../label/lh.cortex+hipamyg.label
   Update not needed
#@# white curv lh Sun Mar  8 22:26:09 CET 2026
cd /out/sourcedata/freesurfer/sub-v1s14x0051585_ses-1/mri
mris_place_surface --curv-map ../surf/lh.white 2 10 ../surf/lh.curv
   Update not needed
#@# white area lh Sun Mar  8 22:26:09 CET 2026
cd /out/sourcedata/freesurfer/sub-v1s14x0051585_ses-1/mri
mris_place_surface --area-map ../surf/lh.white ../surf/lh.area
   Update not needed
#@# pial curv lh Sun Mar  8 22:26:09 CET 2026
cd /out/sourcedata/freesurfer/sub-v1s14x0051585_ses-1/mri
mris_place_surface --curv-map ../surf/lh.pial 2 10 ../surf/lh.curv.pial
   Update not needed
#@# pial area lh Sun Mar  8 22:26:09 CET 2026
cd /out/sourcedata/freesurfer/sub-v1s14x0051585_ses-1/mri
mris_place_surface --area-map ../surf/lh.pial ../surf/lh.area.pial
   Update not needed
#@# thickness lh Sun Mar  8 22:26:09 CET 2026
cd /out/sourcedata/freesurfer/sub-v1s14x0051585_ses-1/mri
mris_place_surface --thickness ../surf/lh.white ../surf/lh.pial 20 5 ../surf/lh.thickness
   Update not needed
#@# area and vertex vol lh Sun Mar  8 22:26:09 CET 2026
cd /out/sourcedata/freesurfer/sub-v1s14x0051585_ses-1/mri
mris_place_surface --thickness ../surf/lh.white ../surf/lh.pial 20 5 ../surf/lh.thickness
   Update not needed
#-----------------------------------------
#@# Parcellation Stats lh Sun Mar  8 22:26:09 CET 2026
/out/sourcedata/freesurfer/sub-v1s14x0051585_ses-1/scripts

 mris_anatomical_stats -th3 -mgz -noglobal -cortex ../label/lh.cortex.label -f ../stats/lh.aparc.stats -b -a ../label/lh.aparc.annot -c ../label/aparc.annot.ctab sub-v1s14x0051585_ses-1 lh white 

computing statistics for each annotation in ../label/lh.aparc.annot.
reading volume /out/sourcedata/freesurfer/sub-v1s14x0051585_ses-1/mri/wm.mgz...
reading input surface /out/sourcedata/freesurfer/sub-v1s14x0051585_ses-1/surf/lh.white...
reading input pial surface /out/sourcedata/freesurfer/sub-v1s14x0051585_ses-1/surf/lh.pial...
reading input white surface /out/sourcedata/freesurfer/sub-v1s14x0051585_ses-1/surf/lh.white...
INFO: using TH3 volume calc
INFO: assuming MGZ format for volumes.
INFO: not computing global stats
INFO: using ../label/lh.cortex.label as mask to calc cortex NumVert, SurfArea and MeanThickness.
Using TH3 vertex volume calc
Total face volume 257551
Total vertex volume 257358 (mask=0)
Saving annotation colortable ../label/aparc.annot.ctab

table columns are:
    number of vertices
    total surface area (mm^2)
    total gray matter volume (mm^3)
    average cortical thickness +- standard deviation (mm)
    integrated rectified mean curvature
    integrated rectified Gaussian curvature
    folding index
    intrinsic curvature index
    structure name

 1466    946   2267  2.459 0.503     0.080     0.011        6     0.7  bankssts
  784    527   1172  2.127 0.492     0.121     0.013       10     0.5  caudalanteriorcingulate
 3375   2267   6772  2.554 0.680     0.112     0.020       30     3.0  caudalmiddlefrontal
 2312   1583   2164  1.383 0.312     0.143     0.032       30     3.2  cuneus
  645    425   1764  3.179 0.756     0.111     0.026        6     0.6  entorhinal
 5855   4004  10019  2.359 0.709     0.126     0.028       67     6.8  fusiform
 6629   4452  11268  2.247 0.663     0.122     0.027       95     8.0  inferiorparietal
 5803   3936  12304  2.636 0.791     0.121     0.027       67     6.8  inferiortemporal
 1647   1150   2858  2.326 0.809     0.136     0.029       23     2.1  isthmuscingulate
 8925   5767  11243  1.769 0.632     0.138     0.034      119    13.0  lateraloccipital
 5429   3625  10309  2.614 0.810     0.127     0.035       69     7.7  lateralorbitofrontal
 4538   3057   5373  1.677 0.648     0.126     0.027       48     5.1  lingual
 3134   2176   6035  2.469 0.789     0.124     0.034       45     4.4  medialorbitofrontal
 5054   3616  13202  2.857 0.802     0.121     0.023       58     5.2  middletemporal
 1369    878   2142  2.284 0.776     0.118     0.032       22     2.0  parahippocampal
 2071   1311   3094  2.173 0.553     0.112     0.023       16     1.9  paracentral
 2389   1668   4810  2.510 0.542     0.121     0.023       25     2.3  parsopercularis
 1331    933   3724  3.010 0.816     0.128     0.025       18     1.4  parsorbitalis
 2053   1456   4072  2.552 0.635     0.122     0.021       22     1.8  parstriangularis
 1924   1290   1429  1.284 0.277     0.128     0.026       21     2.3  pericalcarine
 7452   4816  11054  2.040 0.698     0.115     0.024       72     7.4  postcentral
 1922   1327   3277  2.255 0.703     0.121     0.022       21     1.9  posteriorcingulate
 8235   5142  13670  2.364 0.711     0.112     0.026       76     8.7  precentral
 6587   4517  10056  2.108 0.654     0.128     0.026       72     7.2  precuneus
 1285    819   1987  2.433 0.675     0.109     0.019       14     1.1  rostralanteriorcingulate
 9207   6457  19060  2.403 0.707     0.131     0.028      110    11.0  rostralmiddlefrontal
11726   7771  25960  2.778 0.717     0.114     0.021      103    10.3  superiorfrontal
10620   6885  15126  2.018 0.645     0.122     0.031      118    13.8  superiorparietal
 6884   4515  14716  2.728 0.790     0.104     0.020       64     6.0  superiortemporal
 8147   5555  15384  2.447 0.632     0.116     0.023       81     7.6  supramarginal
  493    334   1210  2.512 0.910     0.176     0.051       12     1.1  frontalpole
  870    570   2905  3.439 0.795     0.120     0.029       11     1.1  temporalpole
  815    525    884  1.608 0.418     0.118     0.028        7     1.0  transversetemporal
 3582   2388   6049  2.634 0.696     0.124     0.033       90     5.0  insula

 mris_anatomical_stats -th3 -mgz -noglobal -cortex ../label/lh.cortex.label -f ../stats/lh.aparc.pial.stats -b -a ../label/lh.aparc.annot -c ../label/aparc.annot.ctab sub-v1s14x0051585_ses-1 lh pial 

computing statistics for each annotation in ../label/lh.aparc.annot.
reading volume /out/sourcedata/freesurfer/sub-v1s14x0051585_ses-1/mri/wm.mgz...
reading input surface /out/sourcedata/freesurfer/sub-v1s14x0051585_ses-1/surf/lh.pial...
reading input pial surface /out/sourcedata/freesurfer/sub-v1s14x0051585_ses-1/surf/lh.pial...
reading input white surface /out/sourcedata/freesurfer/sub-v1s14x0051585_ses-1/surf/lh.white...
INFO: using TH3 volume calc
INFO: assuming MGZ format for volumes.
INFO: not computing global stats
INFO: using ../label/lh.cortex.label as mask to calc cortex NumVert, SurfArea and MeanThickness.
Using TH3 vertex volume calc
Total face volume 257551
Total vertex volume 257358 (mask=0)
Saving annotation colortable ../label/aparc.annot.ctab

table columns are:
    number of vertices
    total surface area (mm^2)
    total gray matter volume (mm^3)
    average cortical thickness +- standard deviation (mm)
    integrated rectified mean curvature
    integrated rectified Gaussian curvature
    folding index
    intrinsic curvature index
    structure name

 1466    915   2267  2.459 0.503     0.111     0.030       20     1.8  bankssts
  784    649   1172  2.127 0.492     0.140     0.036       26     1.2  caudalanteriorcingulate
 3375   2831   6772  2.554 0.680     0.129     0.030       61     4.3  caudalmiddlefrontal
 2312   1810   2164  1.383 0.312     0.142     0.038       79     3.6  cuneus
  645    745   1764  3.179 0.756     0.277     0.093       21     3.0  entorhinal
 5855   4650  10019  2.359 0.709     0.140     0.037      141     8.9  fusiform
 6629   5457  11268  2.247 0.663     0.133     0.031      104     9.3  inferiorparietal
 5803   5162  12304  2.636 0.791     0.150     0.037      113     9.4  inferiortemporal
 1647   1426   2858  2.326 0.809     0.188     0.060      164     3.8  isthmuscingulate
 8925   6841  11243  1.769 0.632     0.126     0.032      160    11.4  lateraloccipital
 5429   4340  10309  2.614 0.810     0.153     0.044      113    10.4  lateralorbitofrontal
 4538   3604   5373  1.677 0.648     0.138     0.036      168     7.1  lingual
 3134   2840   6035  2.469 0.789     0.172     0.051      113     7.0  medialorbitofrontal
 5054   5226  13202  2.857 0.802     0.162     0.036       95     8.1  middletemporal
 1369   1004   2142  2.284 0.776     0.145     0.041       30     2.5  parahippocampal
 2071   1574   3094  2.173 0.553     0.123     0.031       30     2.6  paracentral
 2389   2205   4810  2.510 0.542     0.170     0.041       84     4.6  parsopercularis
 1331   1477   3724  3.010 0.816     0.171     0.034       42     2.0  parsorbitalis
 2053   1695   4072  2.552 0.635     0.146     0.039       50     2.9  parstriangularis
 1924   1102   1429  1.284 0.277     0.101     0.029       33     2.1  pericalcarine
 7452   6065  11054  2.040 0.698     0.126     0.026       86     8.6  postcentral
 1922   1619   3277  2.255 0.703     0.168     0.056     1315     3.4  posteriorcingulate
 8235   6200  13670  2.364 0.711     0.120     0.030      130     9.8  precentral
 6587   4993  10056  2.108 0.654     0.145     0.050      286    11.3  precuneus
 1285    923   1987  2.433 0.675     0.140     0.044       24     2.1  rostralanteriorcingulate
 9207   8868  19060  2.403 0.707     0.160     0.036      147    15.1  rostralmiddlefrontal
11726  10256  25960  2.778 0.717     0.142     0.036      236    17.7  superiorfrontal
10620   8059  15126  2.018 0.645     0.126     0.031      237    13.3  superiorparietal
 6884   5913  14716  2.728 0.790     0.148     0.040      173    11.4  superiortemporal
 8147   6861  15384  2.447 0.632     0.153     0.035    34203    11.9  supramarginal
  493    595   1210  2.512 0.910     0.166     0.035        4     0.6  frontalpole
  870   1108   2905  3.439 0.795     0.224     0.050       17     2.3  temporalpole
  815    646    884  1.608 0.418     0.137     0.036        7     1.4  transversetemporal
 3582   2263   6049  2.634 0.696     0.149     0.049      106     7.1  insula
#-----------------------------------------
#@# Parcellation Stats 2 lh Sun Mar  8 22:26:26 CET 2026
/out/sourcedata/freesurfer/sub-v1s14x0051585_ses-1/scripts

 mris_anatomical_stats -th3 -mgz -noglobal -cortex ../label/lh.cortex.label -f ../stats/lh.aparc.a2009s.stats -b -a ../label/lh.aparc.a2009s.annot -c ../label/aparc.annot.a2009s.ctab sub-v1s14x0051585_ses-1 lh white 

computing statistics for each annotation in ../label/lh.aparc.a2009s.annot.
reading volume /out/sourcedata/freesurfer/sub-v1s14x0051585_ses-1/mri/wm.mgz...
reading input surface /out/sourcedata/freesurfer/sub-v1s14x0051585_ses-1/surf/lh.white...
reading input pial surface /out/sourcedata/freesurfer/sub-v1s14x0051585_ses-1/surf/lh.pial...
reading input white surface /out/sourcedata/freesurfer/sub-v1s14x0051585_ses-1/surf/lh.white...
INFO: using TH3 volume calc
INFO: assuming MGZ format for volumes.
INFO: not computing global stats
INFO: using ../label/lh.cortex.label as mask to calc cortex NumVert, SurfArea and MeanThickness.
Using TH3 vertex volume calc
Total face volume 257551
Total vertex volume 257358 (mask=0)
Saving annotation colortable ../label/aparc.annot.a2009s.ctab

table columns are:
    number of vertices
    total surface area (mm^2)
    total gray matter volume (mm^3)
    average cortical thickness +- standard deviation (mm)
    integrated rectified mean curvature
    integrated rectified Gaussian curvature
    folding index
    intrinsic curvature index
    structure name

 1316    943   2423  2.288 0.693     0.137     0.036       15     2.1  G_and_S_frontomargin
 2127   1432   3592  2.063 0.754     0.141     0.035       28     3.1  G_and_S_occipital_inf
 1642   1002   2707  2.227 0.722     0.114     0.032       15     2.2  G_and_S_paracentral
 1498    979   2922  2.519 0.542     0.118     0.024       14     1.4  G_and_S_subcentral
  933    639   2271  2.655 0.822     0.160     0.046       17     1.8  G_and_S_transv_frontopol
 2562   1708   4588  2.617 0.571     0.114     0.019       25     2.2  G_and_S_cingul-Ant
 1168    792   1793  2.305 0.399     0.108     0.016        9     0.8  G_and_S_cingul-Mid-Ant
 1438    982   2309  2.297 0.527     0.116     0.024       13     1.3  G_and_S_cingul-Mid-Post
  813    593   2033  2.799 0.655     0.159     0.040       13     1.4  G_cingul-Post-dorsal
  378    250    766  2.685 0.748     0.138     0.028        6     0.4  G_cingul-Post-ventral
 2172   1445   2202  1.452 0.505     0.147     0.036       33     3.2  G_cuneus
 1378    973   3287  2.618 0.537     0.124     0.024       18     1.2  G_front_inf-Opercular
  553    393   1563  2.897 0.694     0.151     0.031        9     0.7  G_front_inf-Orbital
 1244    906   3430  2.803 0.599     0.136     0.025       18     1.3  G_front_inf-Triangul
 4793   3448  13134  2.728 0.775     0.141     0.029       71     5.9  G_front_middle
 7894   5216  20073  2.930 0.748     0.119     0.023       79     7.5  G_front_sup
  728    472   1223  2.621 0.728     0.128     0.032        7     0.9  G_Ins_lg_and_S_cent_ins
  907    609   2165  2.896 0.722     0.147     0.054       69     2.3  G_insular_short
 2676   1600   4114  2.059 0.726     0.130     0.040       62     5.0  G_occipital_middle
 1901   1170   2299  1.916 0.644     0.146     0.048       33     4.1  G_occipital_sup
 2502   1773   4298  2.280 0.678     0.142     0.033       34     3.6  G_oc-temp_lat-fusifor
 3236   2171   3980  1.601 0.649     0.135     0.031       41     4.2  G_oc-temp_med-Lingual
 1727   1090   3645  2.697 0.878     0.125     0.035       30     2.4  G_oc-temp_med-Parahip
 3275   2219   8260  2.717 0.959     0.138     0.041       57     5.3  G_orbital
 2302   1567   5251  2.525 0.741     0.129     0.027       32     2.6  G_pariet_inf-Angular
 3824   2715   9210  2.663 0.724     0.132     0.028       52     4.5  G_pariet_inf-Supramar
 3734   2513   7180  2.226 0.750     0.132     0.037       48     5.8  G_parietal_sup
 3125   1953   5353  2.196 0.699     0.126     0.030       40     3.8  G_postcentral
 3126   1850   6831  2.704 0.779     0.115     0.030       35     4.0  G_precentral
 2953   2025   6117  2.385 0.686     0.129     0.028       40     3.5  G_precuneus
 1147    798   2754  2.492 0.841     0.137     0.041       23     2.1  G_rectus
  912    580   1099  1.912 0.826     0.136     0.056       16     1.8  G_subcallosal
  734    467    817  1.544 0.375     0.136     0.036        9     1.2  G_temp_sup-G_T_transv
 2084   1403   6748  3.203 0.781     0.120     0.022       26     1.9  G_temp_sup-Lateral
  925    616   2154  2.948 0.896     0.078     0.013        3     0.5  G_temp_sup-Plan_polar
 1212    784   2273  2.601 0.630     0.088     0.025       13     1.0  G_temp_sup-Plan_tempo
 3157   2191   8307  2.765 0.904     0.139     0.036       51     4.8  G_temporal_inf
 2435   1876   8676  3.189 0.783     0.138     0.029       41     3.1  G_temporal_middle
  340    248    474  2.275 0.522     0.137     0.022        4     0.4  Lat_Fis-ant-Horizont
  378    269    514  2.167 0.439     0.112     0.013        3     0.3  Lat_Fis-ant-Vertical
 1332    900   1550  2.247 0.441     0.119     0.025       10     1.3  Lat_Fis-post
 2226   1396   2035  1.447 0.471     0.140     0.034       29     3.4  Pole_occipital
 1919   1297   6508  3.294 0.804     0.123     0.027       23     2.2  Pole_temporal
 2316   1573   2184  1.653 0.685     0.122     0.026       23     2.6  S_calcarine
 3398   2253   3079  1.568 0.411     0.111     0.022       24     3.2  S_central
 1165    753   1420  2.175 0.411     0.095     0.014        6     0.7  S_cingul-Marginalis
  706    469   1105  2.835 0.475     0.103     0.018        3     0.6  S_circular_insula_ant
 1422    927   1785  2.386 0.729     0.088     0.015        8     0.9  S_circular_insula_inf
 1987   1294   2667  2.597 0.563     0.102     0.017       10     1.6  S_circular_insula_sup
 1287    809   1857  2.638 0.396     0.076     0.009        5     0.4  S_collat_transv_ant
  673    477    656  1.609 0.284     0.166     0.042        9     1.2  S_collat_transv_post
 1934   1311   2594  2.121 0.428     0.111     0.020       13     1.6  S_front_inf
 1701   1143   2095  2.054 0.422     0.112     0.023       12     1.7  S_front_middle
 3403   2280   5896  2.432 0.533     0.100     0.017       24     2.3  S_front_sup
  496    345    697  2.125 0.431     0.120     0.023        4     0.6  S_interm_prim-Jensen
 4301   2801   4636  1.877 0.406     0.104     0.018       30     3.3  S_intrapariet_and_P_trans
 1177    782   1099  1.670 0.361     0.124     0.026       10     1.3  S_oc_middle_and_Lunatus
 1319    838   1218  1.592 0.372     0.121     0.024       13     1.3  S_oc_sup_and_transversal
  872    621   1334  2.142 0.377     0.131     0.024        9     0.8  S_occipital_ant
 1091    710   1694  2.347 0.574     0.106     0.020        9     0.8  S_oc-temp_lat
 2626   1771   3062  1.968 0.603     0.111     0.022       23     2.7  S_oc-temp_med_and_Lingual
  625    411    639  1.719 0.353     0.097     0.013        3     0.4  S_orbital_lateral
  946    626   1125  2.089 0.511     0.094     0.017        7     0.6  S_orbital_med-olfact
 1925   1307   3566  2.815 0.639     0.129     0.033       22     2.6  S_orbital-H_Shaped
 2998   2066   2987  1.608 0.455     0.131     0.024       30     3.2  S_parieto_occipital
 1017    657    765  1.510 0.435     0.122     0.018       17     0.8  S_pericallosal
 4336   2796   5620  2.110 0.516     0.100     0.016       30     2.9  S_postcentral
 1679   1086   2266  2.348 0.369     0.100     0.016       11     1.1  S_precentral-inf-part
 1598   1029   2030  2.256 0.448     0.100     0.018        9     1.2  S_precentral-sup-part
  689    505   1433  2.971 0.660     0.137     0.021        8     0.9  S_suborbital
 1180    812   1594  2.099 0.503     0.123     0.026        9     1.2  S_subparietal
 2092   1381   2606  2.302 0.519     0.105     0.017       13     1.8  S_temporal_inf
 6321   4239  10113  2.451 0.537     0.101     0.017       41     4.8  S_temporal_sup
  552    365    607  2.002 0.390     0.109     0.016        4     0.4  S_temporal_transverse
#-----------------------------------------
#@# Parcellation Stats 3 lh Sun Mar  8 22:26:35 CET 2026
/out/sourcedata/freesurfer/sub-v1s14x0051585_ses-1/scripts

 mris_anatomical_stats -th3 -mgz -noglobal -cortex ../label/lh.cortex.label -f ../stats/lh.aparc.DKTatlas.stats -b -a ../label/lh.aparc.DKTatlas.annot -c ../label/aparc.annot.DKTatlas.ctab sub-v1s14x0051585_ses-1 lh white 

computing statistics for each annotation in ../label/lh.aparc.DKTatlas.annot.
reading volume /out/sourcedata/freesurfer/sub-v1s14x0051585_ses-1/mri/wm.mgz...
reading input surface /out/sourcedata/freesurfer/sub-v1s14x0051585_ses-1/surf/lh.white...
reading input pial surface /out/sourcedata/freesurfer/sub-v1s14x0051585_ses-1/surf/lh.pial...
reading input white surface /out/sourcedata/freesurfer/sub-v1s14x0051585_ses-1/surf/lh.white...
INFO: using TH3 volume calc
INFO: assuming MGZ format for volumes.
INFO: not computing global stats
INFO: using ../label/lh.cortex.label as mask to calc cortex NumVert, SurfArea and MeanThickness.
Using TH3 vertex volume calc
Total face volume 257551
Total vertex volume 257358 (mask=0)
Saving annotation colortable ../label/aparc.annot.DKTatlas.ctab

table columns are:
    number of vertices
    total surface area (mm^2)
    total gray matter volume (mm^3)
    average cortical thickness +- standard deviation (mm)
    integrated rectified mean curvature
    integrated rectified Gaussian curvature
    folding index
    intrinsic curvature index
    structure name

 1583   1041   2557  2.342 0.566     0.118     0.018       19     1.2  caudalanteriorcingulate
 3573   2406   7217  2.561 0.680     0.112     0.020       32     3.1  caudalmiddlefrontal
 3443   2342   3481  1.492 0.460     0.137     0.031       44     4.4  cuneus
  631    414   1625  3.065 0.779     0.111     0.029        6     0.7  entorhinal
 5454   3727   8465  2.268 0.656     0.126     0.029       61     6.3  fusiform
 6836   4606  11620  2.233 0.663     0.124     0.028       98     8.5  inferiorparietal
 5761   3900  12917  2.704 0.815     0.120     0.027       68     6.8  inferiortemporal
 1607   1125   2789  2.346 0.815     0.138     0.030       23     2.1  isthmuscingulate
 8808   5703  11010  1.762 0.635     0.140     0.035      121    13.2  lateraloccipital
 5727   3902  11112  2.521 0.859     0.135     0.041       87     9.5  lateralorbitofrontal
 4671   3145   5553  1.681 0.650     0.128     0.027       51     5.4  lingual
 2663   1861   5448  2.493 0.811     0.125     0.033       39     3.8  medialorbitofrontal
 6541   4598  15706  2.767 0.767     0.117     0.022       69     6.2  middletemporal
 1466    951   2301  2.294 0.767     0.125     0.032       24     2.2  parahippocampal
 2536   1600   3920  2.211 0.572     0.111     0.023       19     2.3  paracentral
 2266   1574   4386  2.493 0.522     0.122     0.023       24     2.2  parsopercularis
 1370    952   3243  2.806 0.625     0.131     0.022       17     1.3  parsorbitalis
 2489   1731   4814  2.502 0.645     0.117     0.022       24     2.1  parstriangularis
 1922   1290   1427  1.290 0.293     0.129     0.026       21     2.3  pericalcarine
 8398   5406  12347  2.057 0.693     0.117     0.026       84     9.5  postcentral
 2169   1488   3546  2.219 0.685     0.122     0.023       24     2.3  posteriorcingulate
 8175   5108  13560  2.368 0.706     0.113     0.026       76     8.6  precentral
 6362   4362  10003  2.134 0.654     0.127     0.026       70     6.9  precuneus
 2085   1340   3600  2.523 0.700     0.117     0.023       25     2.0  rostralanteriorcingulate
 6543   4565  13645  2.423 0.758     0.130     0.027       78     7.6  rostralmiddlefrontal
12544   8443  28440  2.766 0.735     0.117     0.023      120    12.1  superiorfrontal
 8641   5582  12525  2.042 0.635     0.117     0.028       86    10.0  superiorparietal
 8853   5790  19371  2.764 0.801     0.104     0.021       79     7.7  superiortemporal
 7551   5174  14367  2.451 0.638     0.116     0.023       76     7.1  supramarginal
  823    529    882  1.612 0.427     0.117     0.028        7     1.0  transversetemporal
 3067   2033   5482  2.774 0.608     0.114     0.027       77     3.6  insula
/out/sourcedata/freesurfer/sub-v1s14x0051585_ses-1/label
#--------------------------------------------
#@# BA_exvivo Labels lh Sun Mar  8 22:26:43 CET 2026

 mri_label2label --srcsubject fsaverage --srclabel /out/sourcedata/freesurfer/fsaverage/label/lh.BA1_exvivo.label --trgsubject sub-v1s14x0051585_ses-1 --trglabel ./lh.BA1_exvivo.label --hemi lh --regmethod surface 


srclabel = /out/sourcedata/freesurfer/fsaverage/label/lh.BA1_exvivo.label
srcsubject = fsaverage
trgsubject = sub-v1s14x0051585_ses-1
trglabel = ./lh.BA1_exvivo.label
regmethod = surface

srchemi = lh
trghemi = lh
trgsurface = white
srcsurfreg = sphere.reg
trgsurfreg = sphere.reg
usehash = 1
Use ProjAbs  = 0, 0
Use ProjFrac = 0, 0
DoPaint 0

SUBJECTS_DIR    /out/sourcedata/freesurfer
FREESURFER_HOME /opt/freesurfer
Loading source label.
Found 4129 points in source label.
Starting surface-based mapping
Reading source registration 
 /out/sourcedata/freesurfer/fsaverage/surf/lh.sphere.reg
Rescaling ...  original radius = 100
Reading target surface 
 /out/sourcedata/freesurfer/sub-v1s14x0051585_ses-1/surf/lh.white
Reading target registration 
 /out/sourcedata/freesurfer/sub-v1s14x0051585_ses-1/surf/lh.sphere.reg
Rescaling ...  original radius = 100
Building target registration hash (res=16).
Building source registration hash (res=16).
INFO: found  4129 nlabel points
Performing mapping from target back to the source label 153540
Number of reverse mapping hits = 408
Checking for and removing duplicates
Writing label file ./lh.BA1_exvivo.label 4537
mri_label2label: Done


 mri_label2label --srcsubject fsaverage --srclabel /out/sourcedata/freesurfer/fsaverage/label/lh.BA2_exvivo.label --trgsubject sub-v1s14x0051585_ses-1 --trglabel ./lh.BA2_exvivo.label --hemi lh --regmethod surface 


srclabel = /out/sourcedata/freesurfer/fsaverage/label/lh.BA2_exvivo.label
srcsubject = fsaverage
trgsubject = sub-v1s14x0051585_ses-1
trglabel = ./lh.BA2_exvivo.label
regmethod = surface

srchemi = lh
trghemi = lh
trgsurface = white
srcsurfreg = sphere.reg
trgsurfreg = sphere.reg
usehash = 1
Use ProjAbs  = 0, 0
Use ProjFrac = 0, 0
DoPaint 0

SUBJECTS_DIR    /out/sourcedata/freesurfer
FREESURFER_HOME /opt/freesurfer
Loading source label.
Found 7909 points in source label.
Starting surface-based mapping
Reading source registration 
 /out/sourcedata/freesurfer/fsaverage/surf/lh.sphere.reg
Rescaling ...  original radius = 100
Reading target surface 
 /out/sourcedata/freesurfer/sub-v1s14x0051585_ses-1/surf/lh.white
Reading target registration 
 /out/sourcedata/freesurfer/sub-v1s14x0051585_ses-1/surf/lh.sphere.reg
Rescaling ...  original radius = 100
Building target registration hash (res=16).
Building source registration hash (res=16).
INFO: found  7909 nlabel points
Performing mapping from target back to the source label 153540
Number of reverse mapping hits = 994
Checking for and removing duplicates
Writing label file ./lh.BA2_exvivo.label 8903
mri_label2label: Done


 mri_label2label --srcsubject fsaverage --srclabel /out/sourcedata/freesurfer/fsaverage/label/lh.BA3a_exvivo.label --trgsubject sub-v1s14x0051585_ses-1 --trglabel ./lh.BA3a_exvivo.label --hemi lh --regmethod surface 


srclabel = /out/sourcedata/freesurfer/fsaverage/label/lh.BA3a_exvivo.label
srcsubject = fsaverage
trgsubject = sub-v1s14x0051585_ses-1
trglabel = ./lh.BA3a_exvivo.label
regmethod = surface

srchemi = lh
trghemi = lh
trgsurface = white
srcsurfreg = sphere.reg
trgsurfreg = sphere.reg
usehash = 1
Use ProjAbs  = 0, 0
Use ProjFrac = 0, 0
DoPaint 0

SUBJECTS_DIR    /out/sourcedata/freesurfer
FREESURFER_HOME /opt/freesurfer
Loading source label.
Found 4077 points in source label.
Starting surface-based mapping
Reading source registration 
 /out/sourcedata/freesurfer/fsaverage/surf/lh.sphere.reg
Rescaling ...  original radius = 100
Reading target surface 
 /out/sourcedata/freesurfer/sub-v1s14x0051585_ses-1/surf/lh.white
Reading target registration 
 /out/sourcedata/freesurfer/sub-v1s14x0051585_ses-1/surf/lh.sphere.reg
Rescaling ...  original radius = 100
Building target registration hash (res=16).
Building source registration hash (res=16).
INFO: found  4077 nlabel points
Performing mapping from target back to the source label 153540
Number of reverse mapping hits = 55
Checking for and removing duplicates
Writing label file ./lh.BA3a_exvivo.label 4132
mri_label2label: Done


 mri_label2label --srcsubject fsaverage --srclabel /out/sourcedata/freesurfer/fsaverage/label/lh.BA3b_exvivo.label --trgsubject sub-v1s14x0051585_ses-1 --trglabel ./lh.BA3b_exvivo.label --hemi lh --regmethod surface 


srclabel = /out/sourcedata/freesurfer/fsaverage/label/lh.BA3b_exvivo.label
srcsubject = fsaverage
trgsubject = sub-v1s14x0051585_ses-1
trglabel = ./lh.BA3b_exvivo.label
regmethod = surface

srchemi = lh
trghemi = lh
trgsurface = white
srcsurfreg = sphere.reg
trgsurfreg = sphere.reg
usehash = 1
Use ProjAbs  = 0, 0
Use ProjFrac = 0, 0
DoPaint 0

SUBJECTS_DIR    /out/sourcedata/freesurfer
FREESURFER_HOME /opt/freesurfer
Loading source label.
Found 5983 points in source label.
Starting surface-based mapping
Reading source registration 
 /out/sourcedata/freesurfer/fsaverage/surf/lh.sphere.reg
Rescaling ...  original radius = 100
Reading target surface 
 /out/sourcedata/freesurfer/sub-v1s14x0051585_ses-1/surf/lh.white
Reading target registration 
 /out/sourcedata/freesurfer/sub-v1s14x0051585_ses-1/surf/lh.sphere.reg
Rescaling ...  original radius = 100
Building target registration hash (res=16).
Building source registration hash (res=16).
INFO: found  5983 nlabel points
Performing mapping from target back to the source label 153540
Number of reverse mapping hits = 324
Checking for and removing duplicates
Writing label file ./lh.BA3b_exvivo.label 6307
mri_label2label: Done


 mri_label2label --srcsubject fsaverage --srclabel /out/sourcedata/freesurfer/fsaverage/label/lh.BA4a_exvivo.label --trgsubject sub-v1s14x0051585_ses-1 --trglabel ./lh.BA4a_exvivo.label --hemi lh --regmethod surface 


srclabel = /out/sourcedata/freesurfer/fsaverage/label/lh.BA4a_exvivo.label
srcsubject = fsaverage
trgsubject = sub-v1s14x0051585_ses-1
trglabel = ./lh.BA4a_exvivo.label
regmethod = surface

srchemi = lh
trghemi = lh
trgsurface = white
srcsurfreg = sphere.reg
trgsurfreg = sphere.reg
usehash = 1
Use ProjAbs  = 0, 0
Use ProjFrac = 0, 0
DoPaint 0

SUBJECTS_DIR    /out/sourcedata/freesurfer
FREESURFER_HOME /opt/freesurfer
Loading source label.
Found 5784 points in source label.
Starting surface-based mapping
Reading source registration 
 /out/sourcedata/freesurfer/fsaverage/surf/lh.sphere.reg
Rescaling ...  original radius = 100
Reading target surface 
 /out/sourcedata/freesurfer/sub-v1s14x0051585_ses-1/surf/lh.white
Reading target registration 
 /out/sourcedata/freesurfer/sub-v1s14x0051585_ses-1/surf/lh.sphere.reg
Rescaling ...  original radius = 100
Building target registration hash (res=16).
Building source registration hash (res=16).
INFO: found  5784 nlabel points
Performing mapping from target back to the source label 153540
Number of reverse mapping hits = 358
Checking for and removing duplicates
Writing label file ./lh.BA4a_exvivo.label 6142
mri_label2label: Done


 mri_label2label --srcsubject fsaverage --srclabel /out/sourcedata/freesurfer/fsaverage/label/lh.BA4p_exvivo.label --trgsubject sub-v1s14x0051585_ses-1 --trglabel ./lh.BA4p_exvivo.label --hemi lh --regmethod surface 


srclabel = /out/sourcedata/freesurfer/fsaverage/label/lh.BA4p_exvivo.label
srcsubject = fsaverage
trgsubject = sub-v1s14x0051585_ses-1
trglabel = ./lh.BA4p_exvivo.label
regmethod = surface

srchemi = lh
trghemi = lh
trgsurface = white
srcsurfreg = sphere.reg
trgsurfreg = sphere.reg
usehash = 1
Use ProjAbs  = 0, 0
Use ProjFrac = 0, 0
DoPaint 0

SUBJECTS_DIR    /out/sourcedata/freesurfer
FREESURFER_HOME /opt/freesurfer
Loading source label.
Found 4070 points in source label.
Starting surface-based mapping
Reading source registration 
 /out/sourcedata/freesurfer/fsaverage/surf/lh.sphere.reg
Rescaling ...  original radius = 100
Reading target surface 
 /out/sourcedata/freesurfer/sub-v1s14x0051585_ses-1/surf/lh.white
Reading target registration 
 /out/sourcedata/freesurfer/sub-v1s14x0051585_ses-1/surf/lh.sphere.reg
Rescaling ...  original radius = 100
Building target registration hash (res=16).
Building source registration hash (res=16).
INFO: found  4070 nlabel points
Performing mapping from target back to the source label 153540
Number of reverse mapping hits = 138
Checking for and removing duplicates
Writing label file ./lh.BA4p_exvivo.label 4208
mri_label2label: Done


 mri_label2label --srcsubject fsaverage --srclabel /out/sourcedata/freesurfer/fsaverage/label/lh.BA6_exvivo.label --trgsubject sub-v1s14x0051585_ses-1 --trglabel ./lh.BA6_exvivo.label --hemi lh --regmethod surface 


srclabel = /out/sourcedata/freesurfer/fsaverage/label/lh.BA6_exvivo.label
srcsubject = fsaverage
trgsubject = sub-v1s14x0051585_ses-1
trglabel = ./lh.BA6_exvivo.label
regmethod = surface

srchemi = lh
trghemi = lh
trgsurface = white
srcsurfreg = sphere.reg
trgsurfreg = sphere.reg
usehash = 1
Use ProjAbs  = 0, 0
Use ProjFrac = 0, 0
DoPaint 0

SUBJECTS_DIR    /out/sourcedata/freesurfer
FREESURFER_HOME /opt/freesurfer
Loading source label.
Found 13589 points in source label.
Starting surface-based mapping
Reading source registration 
 /out/sourcedata/freesurfer/fsaverage/surf/lh.sphere.reg
Rescaling ...  original radius = 100
Reading target surface 
 /out/sourcedata/freesurfer/sub-v1s14x0051585_ses-1/surf/lh.white
Reading target registration 
 /out/sourcedata/freesurfer/sub-v1s14x0051585_ses-1/surf/lh.sphere.reg
Rescaling ...  original radius = 100
Building target registration hash (res=16).
Building source registration hash (res=16).
INFO: found  13589 nlabel points
Performing mapping from target back to the source label 153540
Number of reverse mapping hits = 711
Checking for and removing duplicates
Writing label file ./lh.BA6_exvivo.label 14300
mri_label2label: Done


 mri_label2label --srcsubject fsaverage --srclabel /out/sourcedata/freesurfer/fsaverage/label/lh.BA44_exvivo.label --trgsubject sub-v1s14x0051585_ses-1 --trglabel ./lh.BA44_exvivo.label --hemi lh --regmethod surface 


srclabel = /out/sourcedata/freesurfer/fsaverage/label/lh.BA44_exvivo.label
srcsubject = fsaverage
trgsubject = sub-v1s14x0051585_ses-1
trglabel = ./lh.BA44_exvivo.label
regmethod = surface

srchemi = lh
trghemi = lh
trgsurface = white
srcsurfreg = sphere.reg
trgsurfreg = sphere.reg
usehash = 1
Use ProjAbs  = 0, 0
Use ProjFrac = 0, 0
DoPaint 0

SUBJECTS_DIR    /out/sourcedata/freesurfer
FREESURFER_HOME /opt/freesurfer
Loading source label.
Found 4181 points in source label.
Starting surface-based mapping
Reading source registration 
 /out/sourcedata/freesurfer/fsaverage/surf/lh.sphere.reg
Rescaling ...  original radius = 100
Reading target surface 
 /out/sourcedata/freesurfer/sub-v1s14x0051585_ses-1/surf/lh.white
Reading target registration 
 /out/sourcedata/freesurfer/sub-v1s14x0051585_ses-1/surf/lh.sphere.reg
Rescaling ...  original radius = 100
Building target registration hash (res=16).
Building source registration hash (res=16).
INFO: found  4181 nlabel points
Performing mapping from target back to the source label 153540
Number of reverse mapping hits = 207
Checking for and removing duplicates
Writing label file ./lh.BA44_exvivo.label 4388
mri_label2label: Done


 mri_label2label --srcsubject fsaverage --srclabel /out/sourcedata/freesurfer/fsaverage/label/lh.BA45_exvivo.label --trgsubject sub-v1s14x0051585_ses-1 --trglabel ./lh.BA45_exvivo.label --hemi lh --regmethod surface 


srclabel = /out/sourcedata/freesurfer/fsaverage/label/lh.BA45_exvivo.label
srcsubject = fsaverage
trgsubject = sub-v1s14x0051585_ses-1
trglabel = ./lh.BA45_exvivo.label
regmethod = surface

srchemi = lh
trghemi = lh
trgsurface = white
srcsurfreg = sphere.reg
trgsurfreg = sphere.reg
usehash = 1
Use ProjAbs  = 0, 0
Use ProjFrac = 0, 0
DoPaint 0

SUBJECTS_DIR    /out/sourcedata/freesurfer
FREESURFER_HOME /opt/freesurfer
Loading source label.
Found 3422 points in source label.
Starting surface-based mapping
Reading source registration 
 /out/sourcedata/freesurfer/fsaverage/surf/lh.sphere.reg
Rescaling ...  original radius = 100
Reading target surface 
 /out/sourcedata/freesurfer/sub-v1s14x0051585_ses-1/surf/lh.white
Reading target registration 
 /out/sourcedata/freesurfer/sub-v1s14x0051585_ses-1/surf/lh.sphere.reg
Rescaling ...  original radius = 100
Building target registration hash (res=16).
Building source registration hash (res=16).
INFO: found  3422 nlabel points
Performing mapping from target back to the source label 153540
Number of reverse mapping hits = 515
Checking for and removing duplicates
Writing label file ./lh.BA45_exvivo.label 3937
mri_label2label: Done


 mri_label2label --srcsubject fsaverage --srclabel /out/sourcedata/freesurfer/fsaverage/label/lh.V1_exvivo.label --trgsubject sub-v1s14x0051585_ses-1 --trglabel ./lh.V1_exvivo.label --hemi lh --regmethod surface 


srclabel = /out/sourcedata/freesurfer/fsaverage/label/lh.V1_exvivo.label
srcsubject = fsaverage
trgsubject = sub-v1s14x0051585_ses-1
trglabel = ./lh.V1_exvivo.label
regmethod = surface

srchemi = lh
trghemi = lh
trgsurface = white
srcsurfreg = sphere.reg
trgsurfreg = sphere.reg
usehash = 1
Use ProjAbs  = 0, 0
Use ProjFrac = 0, 0
DoPaint 0

SUBJECTS_DIR    /out/sourcedata/freesurfer
FREESURFER_HOME /opt/freesurfer
Loading source label.
Found 4641 points in source label.
Starting surface-based mapping
Reading source registration 
 /out/sourcedata/freesurfer/fsaverage/surf/lh.sphere.reg
Rescaling ...  original radius = 100
Reading target surface 
 /out/sourcedata/freesurfer/sub-v1s14x0051585_ses-1/surf/lh.white
Reading target registration 
 /out/sourcedata/freesurfer/sub-v1s14x0051585_ses-1/surf/lh.sphere.reg
Rescaling ...  original radius = 100
Building target registration hash (res=16).
Building source registration hash (res=16).
INFO: found  4641 nlabel points
Performing mapping from target back to the source label 153540
Number of reverse mapping hits = 1032
Checking for and removing duplicates
Writing label file ./lh.V1_exvivo.label 5673
mri_label2label: Done


 mri_label2label --srcsubject fsaverage --srclabel /out/sourcedata/freesurfer/fsaverage/label/lh.V2_exvivo.label --trgsubject sub-v1s14x0051585_ses-1 --trglabel ./lh.V2_exvivo.label --hemi lh --regmethod surface 


srclabel = /out/sourcedata/freesurfer/fsaverage/label/lh.V2_exvivo.label
srcsubject = fsaverage
trgsubject = sub-v1s14x0051585_ses-1
trglabel = ./lh.V2_exvivo.label
regmethod = surface

srchemi = lh
trghemi = lh
trgsurface = white
srcsurfreg = sphere.reg
trgsurfreg = sphere.reg
usehash = 1
Use ProjAbs  = 0, 0
Use ProjFrac = 0, 0
DoPaint 0

SUBJECTS_DIR    /out/sourcedata/freesurfer
FREESURFER_HOME /opt/freesurfer
Loading source label.
Found 8114 points in source label.
Starting surface-based mapping
Reading source registration 
 /out/sourcedata/freesurfer/fsaverage/surf/lh.sphere.reg
Rescaling ...  original radius = 100
Reading target surface 
 /out/sourcedata/freesurfer/sub-v1s14x0051585_ses-1/surf/lh.white
Reading target registration 
 /out/sourcedata/freesurfer/sub-v1s14x0051585_ses-1/surf/lh.sphere.reg
Rescaling ...  original radius = 100
Building target registration hash (res=16).
Building source registration hash (res=16).
INFO: found  8114 nlabel points
Performing mapping from target back to the source label 153540
Number of reverse mapping hits = 2770
Checking for and removing duplicates
Writing label file ./lh.V2_exvivo.label 10884
mri_label2label: Done


 mri_label2label --srcsubject fsaverage --srclabel /out/sourcedata/freesurfer/fsaverage/label/lh.MT_exvivo.label --trgsubject sub-v1s14x0051585_ses-1 --trglabel ./lh.MT_exvivo.label --hemi lh --regmethod surface 


srclabel = /out/sourcedata/freesurfer/fsaverage/label/lh.MT_exvivo.label
srcsubject = fsaverage
trgsubject = sub-v1s14x0051585_ses-1
trglabel = ./lh.MT_exvivo.label
regmethod = surface

srchemi = lh
trghemi = lh
trgsurface = white
srcsurfreg = sphere.reg
trgsurfreg = sphere.reg
usehash = 1
Use ProjAbs  = 0, 0
Use ProjFrac = 0, 0
DoPaint 0

SUBJECTS_DIR    /out/sourcedata/freesurfer
FREESURFER_HOME /opt/freesurfer
Loading source label.
Found 2018 points in source label.
Starting surface-based mapping
Reading source registration 
 /out/sourcedata/freesurfer/fsaverage/surf/lh.sphere.reg
Rescaling ...  original radius = 100
Reading target surface 
 /out/sourcedata/freesurfer/sub-v1s14x0051585_ses-1/surf/lh.white
Reading target registration 
 /out/sourcedata/freesurfer/sub-v1s14x0051585_ses-1/surf/lh.sphere.reg
Rescaling ...  original radius = 100
Building target registration hash (res=16).
Building source registration hash (res=16).
INFO: found  2018 nlabel points
Performing mapping from target back to the source label 153540
Number of reverse mapping hits = 501
Checking for and removing duplicates
Writing label file ./lh.MT_exvivo.label 2519
mri_label2label: Done


 mri_label2label --srcsubject fsaverage --srclabel /out/sourcedata/freesurfer/fsaverage/label/lh.entorhinal_exvivo.label --trgsubject sub-v1s14x0051585_ses-1 --trglabel ./lh.entorhinal_exvivo.label --hemi lh --regmethod surface 


srclabel = /out/sourcedata/freesurfer/fsaverage/label/lh.entorhinal_exvivo.label
srcsubject = fsaverage
trgsubject = sub-v1s14x0051585_ses-1
trglabel = ./lh.entorhinal_exvivo.label
regmethod = surface

srchemi = lh
trghemi = lh
trgsurface = white
srcsurfreg = sphere.reg
trgsurfreg = sphere.reg
usehash = 1
Use ProjAbs  = 0, 0
Use ProjFrac = 0, 0
DoPaint 0

SUBJECTS_DIR    /out/sourcedata/freesurfer
FREESURFER_HOME /opt/freesurfer
Loading source label.
Found 1290 points in source label.
Starting surface-based mapping
Reading source registration 
 /out/sourcedata/freesurfer/fsaverage/surf/lh.sphere.reg
Rescaling ...  original radius = 100
Reading target surface 
 /out/sourcedata/freesurfer/sub-v1s14x0051585_ses-1/surf/lh.white
Reading target registration 
 /out/sourcedata/freesurfer/sub-v1s14x0051585_ses-1/surf/lh.sphere.reg
Rescaling ...  original radius = 100
Building target registration hash (res=16).
Building source registration hash (res=16).
INFO: found  1290 nlabel points
Performing mapping from target back to the source label 153540
Number of reverse mapping hits = 192
Checking for and removing duplicates
Writing label file ./lh.entorhinal_exvivo.label 1482
mri_label2label: Done


 mri_label2label --srcsubject fsaverage --srclabel /out/sourcedata/freesurfer/fsaverage/label/lh.perirhinal_exvivo.label --trgsubject sub-v1s14x0051585_ses-1 --trglabel ./lh.perirhinal_exvivo.label --hemi lh --regmethod surface 


srclabel = /out/sourcedata/freesurfer/fsaverage/label/lh.perirhinal_exvivo.label
srcsubject = fsaverage
trgsubject = sub-v1s14x0051585_ses-1
trglabel = ./lh.perirhinal_exvivo.label
regmethod = surface

srchemi = lh
trghemi = lh
trgsurface = white
srcsurfreg = sphere.reg
trgsurfreg = sphere.reg
usehash = 1
Use ProjAbs  = 0, 0
Use ProjFrac = 0, 0
DoPaint 0

SUBJECTS_DIR    /out/sourcedata/freesurfer
FREESURFER_HOME /opt/freesurfer
Loading source label.
Found 1199 points in source label.
Starting surface-based mapping
Reading source registration 
 /out/sourcedata/freesurfer/fsaverage/surf/lh.sphere.reg
Rescaling ...  original radius = 100
Reading target surface 
 /out/sourcedata/freesurfer/sub-v1s14x0051585_ses-1/surf/lh.white
Reading target registration 
 /out/sourcedata/freesurfer/sub-v1s14x0051585_ses-1/surf/lh.sphere.reg
Rescaling ...  original radius = 100
Building target registration hash (res=16).
Building source registration hash (res=16).
INFO: found  1199 nlabel points
Performing mapping from target back to the source label 153540
Number of reverse mapping hits = 270
Checking for and removing duplicates
Writing label file ./lh.perirhinal_exvivo.label 1469
mri_label2label: Done


 mri_label2label --srcsubject fsaverage --srclabel /out/sourcedata/freesurfer/fsaverage/label/lh.FG1.mpm.vpnl.label --trgsubject sub-v1s14x0051585_ses-1 --trglabel ./lh.FG1.mpm.vpnl.label --hemi lh --regmethod surface 


srclabel = /out/sourcedata/freesurfer/fsaverage/label/lh.FG1.mpm.vpnl.label
srcsubject = fsaverage
trgsubject = sub-v1s14x0051585_ses-1
trglabel = ./lh.FG1.mpm.vpnl.label
regmethod = surface

srchemi = lh
trghemi = lh
trgsurface = white
srcsurfreg = sphere.reg
trgsurfreg = sphere.reg
usehash = 1
Use ProjAbs  = 0, 0
Use ProjFrac = 0, 0
DoPaint 0

SUBJECTS_DIR    /out/sourcedata/freesurfer
FREESURFER_HOME /opt/freesurfer
Loading source label.
Found 414 points in source label.
Starting surface-based mapping
Reading source registration 
 /out/sourcedata/freesurfer/fsaverage/surf/lh.sphere.reg
Rescaling ...  original radius = 100
Reading target surface 
 /out/sourcedata/freesurfer/sub-v1s14x0051585_ses-1/surf/lh.white
Reading target registration 
 /out/sourcedata/freesurfer/sub-v1s14x0051585_ses-1/surf/lh.sphere.reg
Rescaling ...  original radius = 100
Building target registration hash (res=16).
Building source registration hash (res=16).
INFO: found  414 nlabel points
Performing mapping from target back to the source label 153540
Number of reverse mapping hits = 203
Checking for and removing duplicates
Writing label file ./lh.FG1.mpm.vpnl.label 617
mri_label2label: Done


 mri_label2label --srcsubject fsaverage --srclabel /out/sourcedata/freesurfer/fsaverage/label/lh.FG2.mpm.vpnl.label --trgsubject sub-v1s14x0051585_ses-1 --trglabel ./lh.FG2.mpm.vpnl.label --hemi lh --regmethod surface 


srclabel = /out/sourcedata/freesurfer/fsaverage/label/lh.FG2.mpm.vpnl.label
srcsubject = fsaverage
trgsubject = sub-v1s14x0051585_ses-1
trglabel = ./lh.FG2.mpm.vpnl.label
regmethod = surface

srchemi = lh
trghemi = lh
trgsurface = white
srcsurfreg = sphere.reg
trgsurfreg = sphere.reg
usehash = 1
Use ProjAbs  = 0, 0
Use ProjFrac = 0, 0
DoPaint 0

SUBJECTS_DIR    /out/sourcedata/freesurfer
FREESURFER_HOME /opt/freesurfer
Loading source label.
Found 703 points in source label.
Starting surface-based mapping
Reading source registration 
 /out/sourcedata/freesurfer/fsaverage/surf/lh.sphere.reg
Rescaling ...  original radius = 100
Reading target surface 
 /out/sourcedata/freesurfer/sub-v1s14x0051585_ses-1/surf/lh.white
Reading target registration 
 /out/sourcedata/freesurfer/sub-v1s14x0051585_ses-1/surf/lh.sphere.reg
Rescaling ...  original radius = 100
Building target registration hash (res=16).
Building source registration hash (res=16).
INFO: found  703 nlabel points
Performing mapping from target back to the source label 153540
Number of reverse mapping hits = 334
Checking for and removing duplicates
Writing label file ./lh.FG2.mpm.vpnl.label 1037
mri_label2label: Done


 mri_label2label --srcsubject fsaverage --srclabel /out/sourcedata/freesurfer/fsaverage/label/lh.FG3.mpm.vpnl.label --trgsubject sub-v1s14x0051585_ses-1 --trglabel ./lh.FG3.mpm.vpnl.label --hemi lh --regmethod surface 


srclabel = /out/sourcedata/freesurfer/fsaverage/label/lh.FG3.mpm.vpnl.label
srcsubject = fsaverage
trgsubject = sub-v1s14x0051585_ses-1
trglabel = ./lh.FG3.mpm.vpnl.label
regmethod = surface

srchemi = lh
trghemi = lh
trgsurface = white
srcsurfreg = sphere.reg
trgsurfreg = sphere.reg
usehash = 1
Use ProjAbs  = 0, 0
Use ProjFrac = 0, 0
DoPaint 0

SUBJECTS_DIR    /out/sourcedata/freesurfer
FREESURFER_HOME /opt/freesurfer
Loading source label.
Found 1873 points in source label.
Starting surface-based mapping
Reading source registration 
 /out/sourcedata/freesurfer/fsaverage/surf/lh.sphere.reg
Rescaling ...  original radius = 100
Reading target surface 
 /out/sourcedata/freesurfer/sub-v1s14x0051585_ses-1/surf/lh.white
Reading target registration 
 /out/sourcedata/freesurfer/sub-v1s14x0051585_ses-1/surf/lh.sphere.reg
Rescaling ...  original radius = 100
Building target registration hash (res=16).
Building source registration hash (res=16).
INFO: found  1873 nlabel points
Performing mapping from target back to the source label 153540
Number of reverse mapping hits = 373
Checking for and removing duplicates
Writing label file ./lh.FG3.mpm.vpnl.label 2246
mri_label2label: Done


 mri_label2label --srcsubject fsaverage --srclabel /out/sourcedata/freesurfer/fsaverage/label/lh.FG4.mpm.vpnl.label --trgsubject sub-v1s14x0051585_ses-1 --trglabel ./lh.FG4.mpm.vpnl.label --hemi lh --regmethod surface 


srclabel = /out/sourcedata/freesurfer/fsaverage/label/lh.FG4.mpm.vpnl.label
srcsubject = fsaverage
trgsubject = sub-v1s14x0051585_ses-1
trglabel = ./lh.FG4.mpm.vpnl.label
regmethod = surface

srchemi = lh
trghemi = lh
trgsurface = white
srcsurfreg = sphere.reg
trgsurfreg = sphere.reg
usehash = 1
Use ProjAbs  = 0, 0
Use ProjFrac = 0, 0
DoPaint 0

SUBJECTS_DIR    /out/sourcedata/freesurfer
FREESURFER_HOME /opt/freesurfer
Loading source label.
Found 2101 points in source label.
Starting surface-based mapping
Reading source registration 
 /out/sourcedata/freesurfer/fsaverage/surf/lh.sphere.reg
Rescaling ...  original radius = 100
Reading target surface 
 /out/sourcedata/freesurfer/sub-v1s14x0051585_ses-1/surf/lh.white
Reading target registration 
 /out/sourcedata/freesurfer/sub-v1s14x0051585_ses-1/surf/lh.sphere.reg
Rescaling ...  original radius = 100
Building target registration hash (res=16).
Building source registration hash (res=16).
INFO: found  2101 nlabel points
Performing mapping from target back to the source label 153540
Number of reverse mapping hits = 728
Checking for and removing duplicates
Writing label file ./lh.FG4.mpm.vpnl.label 2829
mri_label2label: Done


 mri_label2label --srcsubject fsaverage --srclabel /out/sourcedata/freesurfer/fsaverage/label/lh.hOc1.mpm.vpnl.label --trgsubject sub-v1s14x0051585_ses-1 --trglabel ./lh.hOc1.mpm.vpnl.label --hemi lh --regmethod surface 


srclabel = /out/sourcedata/freesurfer/fsaverage/label/lh.hOc1.mpm.vpnl.label
srcsubject = fsaverage
trgsubject = sub-v1s14x0051585_ses-1
trglabel = ./lh.hOc1.mpm.vpnl.label
regmethod = surface

srchemi = lh
trghemi = lh
trgsurface = white
srcsurfreg = sphere.reg
trgsurfreg = sphere.reg
usehash = 1
Use ProjAbs  = 0, 0
Use ProjFrac = 0, 0
DoPaint 0

SUBJECTS_DIR    /out/sourcedata/freesurfer
FREESURFER_HOME /opt/freesurfer
Loading source label.
Found 3877 points in source label.
Starting surface-based mapping
Reading source registration 
 /out/sourcedata/freesurfer/fsaverage/surf/lh.sphere.reg
Rescaling ...  original radius = 100
Reading target surface 
 /out/sourcedata/freesurfer/sub-v1s14x0051585_ses-1/surf/lh.white
Reading target registration 
 /out/sourcedata/freesurfer/sub-v1s14x0051585_ses-1/surf/lh.sphere.reg
Rescaling ...  original radius = 100
Building target registration hash (res=16).
Building source registration hash (res=16).
INFO: found  3877 nlabel points
Performing mapping from target back to the source label 153540
Number of reverse mapping hits = 713
Checking for and removing duplicates
Writing label file ./lh.hOc1.mpm.vpnl.label 4590
mri_label2label: Done


 mri_label2label --srcsubject fsaverage --srclabel /out/sourcedata/freesurfer/fsaverage/label/lh.hOc2.mpm.vpnl.label --trgsubject sub-v1s14x0051585_ses-1 --trglabel ./lh.hOc2.mpm.vpnl.label --hemi lh --regmethod surface 


srclabel = /out/sourcedata/freesurfer/fsaverage/label/lh.hOc2.mpm.vpnl.label
srcsubject = fsaverage
trgsubject = sub-v1s14x0051585_ses-1
trglabel = ./lh.hOc2.mpm.vpnl.label
regmethod = surface

srchemi = lh
trghemi = lh
trgsurface = white
srcsurfreg = sphere.reg
trgsurfreg = sphere.reg
usehash = 1
Use ProjAbs  = 0, 0
Use ProjFrac = 0, 0
DoPaint 0

SUBJECTS_DIR    /out/sourcedata/freesurfer
FREESURFER_HOME /opt/freesurfer
Loading source label.
Found 2919 points in source label.
Starting surface-based mapping
Reading source registration 
 /out/sourcedata/freesurfer/fsaverage/surf/lh.sphere.reg
Rescaling ...  original radius = 100
Reading target surface 
 /out/sourcedata/freesurfer/sub-v1s14x0051585_ses-1/surf/lh.white
Reading target registration 
 /out/sourcedata/freesurfer/sub-v1s14x0051585_ses-1/surf/lh.sphere.reg
Rescaling ...  original radius = 100
Building target registration hash (res=16).
Building source registration hash (res=16).
INFO: found  2919 nlabel points
Performing mapping from target back to the source label 153540
Number of reverse mapping hits = 1081
Checking for and removing duplicates
Writing label file ./lh.hOc2.mpm.vpnl.label 4000
mri_label2label: Done


 mri_label2label --srcsubject fsaverage --srclabel /out/sourcedata/freesurfer/fsaverage/label/lh.hOc3v.mpm.vpnl.label --trgsubject sub-v1s14x0051585_ses-1 --trglabel ./lh.hOc3v.mpm.vpnl.label --hemi lh --regmethod surface 


srclabel = /out/sourcedata/freesurfer/fsaverage/label/lh.hOc3v.mpm.vpnl.label
srcsubject = fsaverage
trgsubject = sub-v1s14x0051585_ses-1
trglabel = ./lh.hOc3v.mpm.vpnl.label
regmethod = surface

srchemi = lh
trghemi = lh
trgsurface = white
srcsurfreg = sphere.reg
trgsurfreg = sphere.reg
usehash = 1
Use ProjAbs  = 0, 0
Use ProjFrac = 0, 0
DoPaint 0

SUBJECTS_DIR    /out/sourcedata/freesurfer
FREESURFER_HOME /opt/freesurfer
Loading source label.
Found 1286 points in source label.
Starting surface-based mapping
Reading source registration 
 /out/sourcedata/freesurfer/fsaverage/surf/lh.sphere.reg
Rescaling ...  original radius = 100
Reading target surface 
 /out/sourcedata/freesurfer/sub-v1s14x0051585_ses-1/surf/lh.white
Reading target registration 
 /out/sourcedata/freesurfer/sub-v1s14x0051585_ses-1/surf/lh.sphere.reg
Rescaling ...  original radius = 100
Building target registration hash (res=16).
Building source registration hash (res=16).
INFO: found  1286 nlabel points
Performing mapping from target back to the source label 153540
Number of reverse mapping hits = 691
Checking for and removing duplicates
Writing label file ./lh.hOc3v.mpm.vpnl.label 1977
mri_label2label: Done


 mri_label2label --srcsubject fsaverage --srclabel /out/sourcedata/freesurfer/fsaverage/label/lh.hOc4v.mpm.vpnl.label --trgsubject sub-v1s14x0051585_ses-1 --trglabel ./lh.hOc4v.mpm.vpnl.label --hemi lh --regmethod surface 


srclabel = /out/sourcedata/freesurfer/fsaverage/label/lh.hOc4v.mpm.vpnl.label
srcsubject = fsaverage
trgsubject = sub-v1s14x0051585_ses-1
trglabel = ./lh.hOc4v.mpm.vpnl.label
regmethod = surface

srchemi = lh
trghemi = lh
trgsurface = white
srcsurfreg = sphere.reg
trgsurfreg = sphere.reg
usehash = 1
Use ProjAbs  = 0, 0
Use ProjFrac = 0, 0
DoPaint 0

SUBJECTS_DIR    /out/sourcedata/freesurfer
FREESURFER_HOME /opt/freesurfer
Loading source label.
Found 1006 points in source label.
Starting surface-based mapping
Reading source registration 
 /out/sourcedata/freesurfer/fsaverage/surf/lh.sphere.reg
Rescaling ...  original radius = 100
Reading target surface 
 /out/sourcedata/freesurfer/sub-v1s14x0051585_ses-1/surf/lh.white
Reading target registration 
 /out/sourcedata/freesurfer/sub-v1s14x0051585_ses-1/surf/lh.sphere.reg
Rescaling ...  original radius = 100
Building target registration hash (res=16).
Building source registration hash (res=16).
INFO: found  1006 nlabel points
Performing mapping from target back to the source label 153540
Number of reverse mapping hits = 675
Checking for and removing duplicates
Writing label file ./lh.hOc4v.mpm.vpnl.label 1681
mri_label2label: Done


 mris_label2annot --s sub-v1s14x0051585_ses-1 --ctab /opt/freesurfer/average/colortable_vpnl.txt --hemi lh --a mpm.vpnl --maxstatwinner --noverbose --l lh.FG1.mpm.vpnl.label --l lh.FG2.mpm.vpnl.label --l lh.FG3.mpm.vpnl.label --l lh.FG4.mpm.vpnl.label --l lh.hOc1.mpm.vpnl.label --l lh.hOc2.mpm.vpnl.label --l lh.hOc3v.mpm.vpnl.label --l lh.hOc4v.mpm.vpnl.label 

Reading ctab /opt/freesurfer/average/colortable_vpnl.txt
Number of ctab entries 9

7.3.2
cwd /out/sourcedata/freesurfer/sub-v1s14x0051585_ses-1/label
cmdline mris_label2annot --s sub-v1s14x0051585_ses-1 --ctab /opt/freesurfer/average/colortable_vpnl.txt --hemi lh --a mpm.vpnl --maxstatwinner --noverbose --l lh.FG1.mpm.vpnl.label --l lh.FG2.mpm.vpnl.label --l lh.FG3.mpm.vpnl.label --l lh.FG4.mpm.vpnl.label --l lh.hOc1.mpm.vpnl.label --l lh.hOc2.mpm.vpnl.label --l lh.hOc3v.mpm.vpnl.label --l lh.hOc4v.mpm.vpnl.label 
sysname  Linux
hostname dna071
machine  x86_64
user     oesteban

subject sub-v1s14x0051585_ses-1
hemi    lh
SUBJECTS_DIR /out/sourcedata/freesurfer
ColorTable /opt/freesurfer/average/colortable_vpnl.txt
AnnotName  mpm.vpnl
nlables 8
LabelThresh 0 0.000000
Loading /out/sourcedata/freesurfer/sub-v1s14x0051585_ses-1/surf/lh.orig
 1 1376057 FG1
 2 16711935 FG2
 3 16711680 FG3
 4 1705837 FG4
 5 25600 hOc1
 6 255 hOc2
 7 16776960 hOc3v
 8 65535 hOc4v
Mapping unhit to unknown
Found 135644 unhit vertices
Writing annot to /out/sourcedata/freesurfer/sub-v1s14x0051585_ses-1/label/lh.mpm.vpnl.annot

 mri_label2label --srcsubject fsaverage --srclabel /out/sourcedata/freesurfer/fsaverage/label/lh.BA1_exvivo.thresh.label --trgsubject sub-v1s14x0051585_ses-1 --trglabel ./lh.BA1_exvivo.thresh.label --hemi lh --regmethod surface 


srclabel = /out/sourcedata/freesurfer/fsaverage/label/lh.BA1_exvivo.thresh.label
srcsubject = fsaverage
trgsubject = sub-v1s14x0051585_ses-1
trglabel = ./lh.BA1_exvivo.thresh.label
regmethod = surface

srchemi = lh
trghemi = lh
trgsurface = white
srcsurfreg = sphere.reg
trgsurfreg = sphere.reg
usehash = 1
Use ProjAbs  = 0, 0
Use ProjFrac = 0, 0
DoPaint 0

SUBJECTS_DIR    /out/sourcedata/freesurfer
FREESURFER_HOME /opt/freesurfer
Loading source label.
Found 1014 points in source label.
Starting surface-based mapping
Reading source registration 
 /out/sourcedata/freesurfer/fsaverage/surf/lh.sphere.reg
Rescaling ...  original radius = 100
Reading target surface 
 /out/sourcedata/freesurfer/sub-v1s14x0051585_ses-1/surf/lh.white
Reading target registration 
 /out/sourcedata/freesurfer/sub-v1s14x0051585_ses-1/surf/lh.sphere.reg
Rescaling ...  original radius = 100
Building target registration hash (res=16).
Building source registration hash (res=16).
INFO: found  1014 nlabel points
Performing mapping from target back to the source label 153540
Number of reverse mapping hits = 163
Checking for and removing duplicates
Writing label file ./lh.BA1_exvivo.thresh.label 1177
mri_label2label: Done


 mri_label2label --srcsubject fsaverage --srclabel /out/sourcedata/freesurfer/fsaverage/label/lh.BA2_exvivo.thresh.label --trgsubject sub-v1s14x0051585_ses-1 --trglabel ./lh.BA2_exvivo.thresh.label --hemi lh --regmethod surface 


srclabel = /out/sourcedata/freesurfer/fsaverage/label/lh.BA2_exvivo.thresh.label
srcsubject = fsaverage
trgsubject = sub-v1s14x0051585_ses-1
trglabel = ./lh.BA2_exvivo.thresh.label
regmethod = surface

srchemi = lh
trghemi = lh
trgsurface = white
srcsurfreg = sphere.reg
trgsurfreg = sphere.reg
usehash = 1
Use ProjAbs  = 0, 0
Use ProjFrac = 0, 0
DoPaint 0

SUBJECTS_DIR    /out/sourcedata/freesurfer
FREESURFER_HOME /opt/freesurfer
Loading source label.
Found 2092 points in source label.
Starting surface-based mapping
Reading source registration 
 /out/sourcedata/freesurfer/fsaverage/surf/lh.sphere.reg
Rescaling ...  original radius = 100
Reading target surface 
 /out/sourcedata/freesurfer/sub-v1s14x0051585_ses-1/surf/lh.white
Reading target registration 
 /out/sourcedata/freesurfer/sub-v1s14x0051585_ses-1/surf/lh.sphere.reg
Rescaling ...  original radius = 100
Building target registration hash (res=16).
Building source registration hash (res=16).
INFO: found  2092 nlabel points
Performing mapping from target back to the source label 153540
Number of reverse mapping hits = 238
Checking for and removing duplicates
Writing label file ./lh.BA2_exvivo.thresh.label 2330
mri_label2label: Done


 mri_label2label --srcsubject fsaverage --srclabel /out/sourcedata/freesurfer/fsaverage/label/lh.BA3a_exvivo.thresh.label --trgsubject sub-v1s14x0051585_ses-1 --trglabel ./lh.BA3a_exvivo.thresh.label --hemi lh --regmethod surface 


srclabel = /out/sourcedata/freesurfer/fsaverage/label/lh.BA3a_exvivo.thresh.label
srcsubject = fsaverage
trgsubject = sub-v1s14x0051585_ses-1
trglabel = ./lh.BA3a_exvivo.thresh.label
regmethod = surface

srchemi = lh
trghemi = lh
trgsurface = white
srcsurfreg = sphere.reg
trgsurfreg = sphere.reg
usehash = 1
Use ProjAbs  = 0, 0
Use ProjFrac = 0, 0
DoPaint 0

SUBJECTS_DIR    /out/sourcedata/freesurfer
FREESURFER_HOME /opt/freesurfer
Loading source label.
Found 1504 points in source label.
Starting surface-based mapping
Reading source registration 
 /out/sourcedata/freesurfer/fsaverage/surf/lh.sphere.reg
Rescaling ...  original radius = 100
Reading target surface 
 /out/sourcedata/freesurfer/sub-v1s14x0051585_ses-1/surf/lh.white
Reading target registration 
 /out/sourcedata/freesurfer/sub-v1s14x0051585_ses-1/surf/lh.sphere.reg
Rescaling ...  original radius = 100
Building target registration hash (res=16).
Building source registration hash (res=16).
INFO: found  1504 nlabel points
Performing mapping from target back to the source label 153540
Number of reverse mapping hits = 10
Checking for and removing duplicates
Writing label file ./lh.BA3a_exvivo.thresh.label 1514
mri_label2label: Done


 mri_label2label --srcsubject fsaverage --srclabel /out/sourcedata/freesurfer/fsaverage/label/lh.BA3b_exvivo.thresh.label --trgsubject sub-v1s14x0051585_ses-1 --trglabel ./lh.BA3b_exvivo.thresh.label --hemi lh --regmethod surface 


srclabel = /out/sourcedata/freesurfer/fsaverage/label/lh.BA3b_exvivo.thresh.label
srcsubject = fsaverage
trgsubject = sub-v1s14x0051585_ses-1
trglabel = ./lh.BA3b_exvivo.thresh.label
regmethod = surface

srchemi = lh
trghemi = lh
trgsurface = white
srcsurfreg = sphere.reg
trgsurfreg = sphere.reg
usehash = 1
Use ProjAbs  = 0, 0
Use ProjFrac = 0, 0
DoPaint 0

SUBJECTS_DIR    /out/sourcedata/freesurfer
FREESURFER_HOME /opt/freesurfer
Loading source label.
Found 1996 points in source label.
Starting surface-based mapping
Reading source registration 
 /out/sourcedata/freesurfer/fsaverage/surf/lh.sphere.reg
Rescaling ...  original radius = 100
Reading target surface 
 /out/sourcedata/freesurfer/sub-v1s14x0051585_ses-1/surf/lh.white
Reading target registration 
 /out/sourcedata/freesurfer/sub-v1s14x0051585_ses-1/surf/lh.sphere.reg
Rescaling ...  original radius = 100
Building target registration hash (res=16).
Building source registration hash (res=16).
INFO: found  1996 nlabel points
Performing mapping from target back to the source label 153540
Number of reverse mapping hits = 145
Checking for and removing duplicates
Writing label file ./lh.BA3b_exvivo.thresh.label 2141
mri_label2label: Done


 mri_label2label --srcsubject fsaverage --srclabel /out/sourcedata/freesurfer/fsaverage/label/lh.BA4a_exvivo.thresh.label --trgsubject sub-v1s14x0051585_ses-1 --trglabel ./lh.BA4a_exvivo.thresh.label --hemi lh --regmethod surface 


srclabel = /out/sourcedata/freesurfer/fsaverage/label/lh.BA4a_exvivo.thresh.label
srcsubject = fsaverage
trgsubject = sub-v1s14x0051585_ses-1
trglabel = ./lh.BA4a_exvivo.thresh.label
regmethod = surface

srchemi = lh
trghemi = lh
trgsurface = white
srcsurfreg = sphere.reg
trgsurfreg = sphere.reg
usehash = 1
Use ProjAbs  = 0, 0
Use ProjFrac = 0, 0
DoPaint 0

SUBJECTS_DIR    /out/sourcedata/freesurfer
FREESURFER_HOME /opt/freesurfer
Loading source label.
Found 2319 points in source label.
Starting surface-based mapping
Reading source registration 
 /out/sourcedata/freesurfer/fsaverage/surf/lh.sphere.reg
Rescaling ...  original radius = 100
Reading target surface 
 /out/sourcedata/freesurfer/sub-v1s14x0051585_ses-1/surf/lh.white
Reading target registration 
 /out/sourcedata/freesurfer/sub-v1s14x0051585_ses-1/surf/lh.sphere.reg
Rescaling ...  original radius = 100
Building target registration hash (res=16).
Building source registration hash (res=16).
INFO: found  2319 nlabel points
Performing mapping from target back to the source label 153540
Number of reverse mapping hits = 100
Checking for and removing duplicates
Writing label file ./lh.BA4a_exvivo.thresh.label 2419
mri_label2label: Done


 mri_label2label --srcsubject fsaverage --srclabel /out/sourcedata/freesurfer/fsaverage/label/lh.BA4p_exvivo.thresh.label --trgsubject sub-v1s14x0051585_ses-1 --trglabel ./lh.BA4p_exvivo.thresh.label --hemi lh --regmethod surface 


srclabel = /out/sourcedata/freesurfer/fsaverage/label/lh.BA4p_exvivo.thresh.label
srcsubject = fsaverage
trgsubject = sub-v1s14x0051585_ses-1
trglabel = ./lh.BA4p_exvivo.thresh.label
regmethod = surface

srchemi = lh
trghemi = lh
trgsurface = white
srcsurfreg = sphere.reg
trgsurfreg = sphere.reg
usehash = 1
Use ProjAbs  = 0, 0
Use ProjFrac = 0, 0
DoPaint 0

SUBJECTS_DIR    /out/sourcedata/freesurfer
FREESURFER_HOME /opt/freesurfer
Loading source label.
Found 1549 points in source label.
Starting surface-based mapping
Reading source registration 
 /out/sourcedata/freesurfer/fsaverage/surf/lh.sphere.reg
Rescaling ...  original radius = 100
Reading target surface 
 /out/sourcedata/freesurfer/sub-v1s14x0051585_ses-1/surf/lh.white
Reading target registration 
 /out/sourcedata/freesurfer/sub-v1s14x0051585_ses-1/surf/lh.sphere.reg
Rescaling ...  original radius = 100
Building target registration hash (res=16).
Building source registration hash (res=16).
INFO: found  1549 nlabel points
Performing mapping from target back to the source label 153540
Number of reverse mapping hits = 25
Checking for and removing duplicates
Writing label file ./lh.BA4p_exvivo.thresh.label 1574
mri_label2label: Done


 mri_label2label --srcsubject fsaverage --srclabel /out/sourcedata/freesurfer/fsaverage/label/lh.BA6_exvivo.thresh.label --trgsubject sub-v1s14x0051585_ses-1 --trglabel ./lh.BA6_exvivo.thresh.label --hemi lh --regmethod surface 


srclabel = /out/sourcedata/freesurfer/fsaverage/label/lh.BA6_exvivo.thresh.label
srcsubject = fsaverage
trgsubject = sub-v1s14x0051585_ses-1
trglabel = ./lh.BA6_exvivo.thresh.label
regmethod = surface

srchemi = lh
trghemi = lh
trgsurface = white
srcsurfreg = sphere.reg
trgsurfreg = sphere.reg
usehash = 1
Use ProjAbs  = 0, 0
Use ProjFrac = 0, 0
DoPaint 0

SUBJECTS_DIR    /out/sourcedata/freesurfer
FREESURFER_HOME /opt/freesurfer
Loading source label.
Found 7035 points in source label.
Starting surface-based mapping
Reading source registration 
 /out/sourcedata/freesurfer/fsaverage/surf/lh.sphere.reg
Rescaling ...  original radius = 100
Reading target surface 
 /out/sourcedata/freesurfer/sub-v1s14x0051585_ses-1/surf/lh.white
Reading target registration 
 /out/sourcedata/freesurfer/sub-v1s14x0051585_ses-1/surf/lh.sphere.reg
Rescaling ...  original radius = 100
Building target registration hash (res=16).
Building source registration hash (res=16).
INFO: found  7035 nlabel points
Performing mapping from target back to the source label 153540
Number of reverse mapping hits = 379
Checking for and removing duplicates
Writing label file ./lh.BA6_exvivo.thresh.label 7414
mri_label2label: Done


 mri_label2label --srcsubject fsaverage --srclabel /out/sourcedata/freesurfer/fsaverage/label/lh.BA44_exvivo.thresh.label --trgsubject sub-v1s14x0051585_ses-1 --trglabel ./lh.BA44_exvivo.thresh.label --hemi lh --regmethod surface 


srclabel = /out/sourcedata/freesurfer/fsaverage/label/lh.BA44_exvivo.thresh.label
srcsubject = fsaverage
trgsubject = sub-v1s14x0051585_ses-1
trglabel = ./lh.BA44_exvivo.thresh.label
regmethod = surface

srchemi = lh
trghemi = lh
trgsurface = white
srcsurfreg = sphere.reg
trgsurfreg = sphere.reg
usehash = 1
Use ProjAbs  = 0, 0
Use ProjFrac = 0, 0
DoPaint 0

SUBJECTS_DIR    /out/sourcedata/freesurfer
FREESURFER_HOME /opt/freesurfer
Loading source label.
Found 1912 points in source label.
Starting surface-based mapping
Reading source registration 
 /out/sourcedata/freesurfer/fsaverage/surf/lh.sphere.reg
Rescaling ...  original radius = 100
Reading target surface 
 /out/sourcedata/freesurfer/sub-v1s14x0051585_ses-1/surf/lh.white
Reading target registration 
 /out/sourcedata/freesurfer/sub-v1s14x0051585_ses-1/surf/lh.sphere.reg
Rescaling ...  original radius = 100
Building target registration hash (res=16).
Building source registration hash (res=16).
INFO: found  1912 nlabel points
Performing mapping from target back to the source label 153540
Number of reverse mapping hits = 62
Checking for and removing duplicates
Writing label file ./lh.BA44_exvivo.thresh.label 1974
mri_label2label: Done


 mri_label2label --srcsubject fsaverage --srclabel /out/sourcedata/freesurfer/fsaverage/label/lh.BA45_exvivo.thresh.label --trgsubject sub-v1s14x0051585_ses-1 --trglabel ./lh.BA45_exvivo.thresh.label --hemi lh --regmethod surface 


srclabel = /out/sourcedata/freesurfer/fsaverage/label/lh.BA45_exvivo.thresh.label
srcsubject = fsaverage
trgsubject = sub-v1s14x0051585_ses-1
trglabel = ./lh.BA45_exvivo.thresh.label
regmethod = surface

srchemi = lh
trghemi = lh
trgsurface = white
srcsurfreg = sphere.reg
trgsurfreg = sphere.reg
usehash = 1
Use ProjAbs  = 0, 0
Use ProjFrac = 0, 0
DoPaint 0

SUBJECTS_DIR    /out/sourcedata/freesurfer
FREESURFER_HOME /opt/freesurfer
Loading source label.
Found 1151 points in source label.
Starting surface-based mapping
Reading source registration 
 /out/sourcedata/freesurfer/fsaverage/surf/lh.sphere.reg
Rescaling ...  original radius = 100
Reading target surface 
 /out/sourcedata/freesurfer/sub-v1s14x0051585_ses-1/surf/lh.white
Reading target registration 
 /out/sourcedata/freesurfer/sub-v1s14x0051585_ses-1/surf/lh.sphere.reg
Rescaling ...  original radius = 100
Building target registration hash (res=16).
Building source registration hash (res=16).
INFO: found  1151 nlabel points
Performing mapping from target back to the source label 153540
Number of reverse mapping hits = 179
Checking for and removing duplicates
Writing label file ./lh.BA45_exvivo.thresh.label 1330
mri_label2label: Done


 mri_label2label --srcsubject fsaverage --srclabel /out/sourcedata/freesurfer/fsaverage/label/lh.V1_exvivo.thresh.label --trgsubject sub-v1s14x0051585_ses-1 --trglabel ./lh.V1_exvivo.thresh.label --hemi lh --regmethod surface 


srclabel = /out/sourcedata/freesurfer/fsaverage/label/lh.V1_exvivo.thresh.label
srcsubject = fsaverage
trgsubject = sub-v1s14x0051585_ses-1
trglabel = ./lh.V1_exvivo.thresh.label
regmethod = surface

srchemi = lh
trghemi = lh
trgsurface = white
srcsurfreg = sphere.reg
trgsurfreg = sphere.reg
usehash = 1
Use ProjAbs  = 0, 0
Use ProjFrac = 0, 0
DoPaint 0

SUBJECTS_DIR    /out/sourcedata/freesurfer
FREESURFER_HOME /opt/freesurfer
Loading source label.
Found 3405 points in source label.
Starting surface-based mapping
Reading source registration 
 /out/sourcedata/freesurfer/fsaverage/surf/lh.sphere.reg
Rescaling ...  original radius = 100
Reading target surface 
 /out/sourcedata/freesurfer/sub-v1s14x0051585_ses-1/surf/lh.white
Reading target registration 
 /out/sourcedata/freesurfer/sub-v1s14x0051585_ses-1/surf/lh.sphere.reg
Rescaling ...  original radius = 100
Building target registration hash (res=16).
Building source registration hash (res=16).
INFO: found  3405 nlabel points
Performing mapping from target back to the source label 153540
Number of reverse mapping hits = 681
Checking for and removing duplicates
Writing label file ./lh.V1_exvivo.thresh.label 4086
mri_label2label: Done


 mri_label2label --srcsubject fsaverage --srclabel /out/sourcedata/freesurfer/fsaverage/label/lh.V2_exvivo.thresh.label --trgsubject sub-v1s14x0051585_ses-1 --trglabel ./lh.V2_exvivo.thresh.label --hemi lh --regmethod surface 


srclabel = /out/sourcedata/freesurfer/fsaverage/label/lh.V2_exvivo.thresh.label
srcsubject = fsaverage
trgsubject = sub-v1s14x0051585_ses-1
trglabel = ./lh.V2_exvivo.thresh.label
regmethod = surface

srchemi = lh
trghemi = lh
trgsurface = white
srcsurfreg = sphere.reg
trgsurfreg = sphere.reg
usehash = 1
Use ProjAbs  = 0, 0
Use ProjFrac = 0, 0
DoPaint 0

SUBJECTS_DIR    /out/sourcedata/freesurfer
FREESURFER_HOME /opt/freesurfer
Loading source label.
Found 3334 points in source label.
Starting surface-based mapping
Reading source registration 
 /out/sourcedata/freesurfer/fsaverage/surf/lh.sphere.reg
Rescaling ...  original radius = 100
Reading target surface 
 /out/sourcedata/freesurfer/sub-v1s14x0051585_ses-1/surf/lh.white
Reading target registration 
 /out/sourcedata/freesurfer/sub-v1s14x0051585_ses-1/surf/lh.sphere.reg
Rescaling ...  original radius = 100
Building target registration hash (res=16).
Building source registration hash (res=16).
INFO: found  3334 nlabel points
Performing mapping from target back to the source label 153540
Number of reverse mapping hits = 1140
Checking for and removing duplicates
Writing label file ./lh.V2_exvivo.thresh.label 4474
mri_label2label: Done


 mri_label2label --srcsubject fsaverage --srclabel /out/sourcedata/freesurfer/fsaverage/label/lh.MT_exvivo.thresh.label --trgsubject sub-v1s14x0051585_ses-1 --trglabel ./lh.MT_exvivo.thresh.label --hemi lh --regmethod surface 


srclabel = /out/sourcedata/freesurfer/fsaverage/label/lh.MT_exvivo.thresh.label
srcsubject = fsaverage
trgsubject = sub-v1s14x0051585_ses-1
trglabel = ./lh.MT_exvivo.thresh.label
regmethod = surface

srchemi = lh
trghemi = lh
trgsurface = white
srcsurfreg = sphere.reg
trgsurfreg = sphere.reg
usehash = 1
Use ProjAbs  = 0, 0
Use ProjFrac = 0, 0
DoPaint 0

SUBJECTS_DIR    /out/sourcedata/freesurfer
FREESURFER_HOME /opt/freesurfer
Loading source label.
Found 513 points in source label.
Starting surface-based mapping
Reading source registration 
 /out/sourcedata/freesurfer/fsaverage/surf/lh.sphere.reg
Rescaling ...  original radius = 100
Reading target surface 
 /out/sourcedata/freesurfer/sub-v1s14x0051585_ses-1/surf/lh.white
Reading target registration 
 /out/sourcedata/freesurfer/sub-v1s14x0051585_ses-1/surf/lh.sphere.reg
Rescaling ...  original radius = 100
Building target registration hash (res=16).
Building source registration hash (res=16).
INFO: found  513 nlabel points
Performing mapping from target back to the source label 153540
Number of reverse mapping hits = 137
Checking for and removing duplicates
Writing label file ./lh.MT_exvivo.thresh.label 650
mri_label2label: Done


 mri_label2label --srcsubject fsaverage --srclabel /out/sourcedata/freesurfer/fsaverage/label/lh.entorhinal_exvivo.thresh.label --trgsubject sub-v1s14x0051585_ses-1 --trglabel ./lh.entorhinal_exvivo.thresh.label --hemi lh --regmethod surface 


srclabel = /out/sourcedata/freesurfer/fsaverage/label/lh.entorhinal_exvivo.thresh.label
srcsubject = fsaverage
trgsubject = sub-v1s14x0051585_ses-1
trglabel = ./lh.entorhinal_exvivo.thresh.label
regmethod = surface

srchemi = lh
trghemi = lh
trgsurface = white
srcsurfreg = sphere.reg
trgsurfreg = sphere.reg
usehash = 1
Use ProjAbs  = 0, 0
Use ProjFrac = 0, 0
DoPaint 0

SUBJECTS_DIR    /out/sourcedata/freesurfer
FREESURFER_HOME /opt/freesurfer
Loading source label.
Found 470 points in source label.
Starting surface-based mapping
Reading source registration 
 /out/sourcedata/freesurfer/fsaverage/surf/lh.sphere.reg
Rescaling ...  original radius = 100
Reading target surface 
 /out/sourcedata/freesurfer/sub-v1s14x0051585_ses-1/surf/lh.white
Reading target registration 
 /out/sourcedata/freesurfer/sub-v1s14x0051585_ses-1/surf/lh.sphere.reg
Rescaling ...  original radius = 100
Building target registration hash (res=16).
Building source registration hash (res=16).
INFO: found  470 nlabel points
Performing mapping from target back to the source label 153540
Number of reverse mapping hits = 91
Checking for and removing duplicates
Writing label file ./lh.entorhinal_exvivo.thresh.label 561
mri_label2label: Done


 mri_label2label --srcsubject fsaverage --srclabel /out/sourcedata/freesurfer/fsaverage/label/lh.perirhinal_exvivo.thresh.label --trgsubject sub-v1s14x0051585_ses-1 --trglabel ./lh.perirhinal_exvivo.thresh.label --hemi lh --regmethod surface 


srclabel = /out/sourcedata/freesurfer/fsaverage/label/lh.perirhinal_exvivo.thresh.label
srcsubject = fsaverage
trgsubject = sub-v1s14x0051585_ses-1
trglabel = ./lh.perirhinal_exvivo.thresh.label
regmethod = surface

srchemi = lh
trghemi = lh
trgsurface = white
srcsurfreg = sphere.reg
trgsurfreg = sphere.reg
usehash = 1
Use ProjAbs  = 0, 0
Use ProjFrac = 0, 0
DoPaint 0

SUBJECTS_DIR    /out/sourcedata/freesurfer
FREESURFER_HOME /opt/freesurfer
Loading source label.
Found 450 points in source label.
Starting surface-based mapping
Reading source registration 
 /out/sourcedata/freesurfer/fsaverage/surf/lh.sphere.reg
Rescaling ...  original radius = 100
Reading target surface 
 /out/sourcedata/freesurfer/sub-v1s14x0051585_ses-1/surf/lh.white
Reading target registration 
 /out/sourcedata/freesurfer/sub-v1s14x0051585_ses-1/surf/lh.sphere.reg
Rescaling ...  original radius = 100
Building target registration hash (res=16).
Building source registration hash (res=16).
INFO: found  450 nlabel points
Performing mapping from target back to the source label 153540
Number of reverse mapping hits = 117
Checking for and removing duplicates
Writing label file ./lh.perirhinal_exvivo.thresh.label 567
mri_label2label: Done


 mris_label2annot --s sub-v1s14x0051585_ses-1 --hemi lh --ctab /opt/freesurfer/average/colortable_BA.txt --l lh.BA1_exvivo.label --l lh.BA2_exvivo.label --l lh.BA3a_exvivo.label --l lh.BA3b_exvivo.label --l lh.BA4a_exvivo.label --l lh.BA4p_exvivo.label --l lh.BA6_exvivo.label --l lh.BA44_exvivo.label --l lh.BA45_exvivo.label --l lh.V1_exvivo.label --l lh.V2_exvivo.label --l lh.MT_exvivo.label --l lh.perirhinal_exvivo.label --l lh.entorhinal_exvivo.label --a BA_exvivo --maxstatwinner --noverbose 

Reading ctab /opt/freesurfer/average/colortable_BA.txt
Number of ctab entries 15

7.3.2
cwd /out/sourcedata/freesurfer/sub-v1s14x0051585_ses-1/label
cmdline mris_label2annot --s sub-v1s14x0051585_ses-1 --hemi lh --ctab /opt/freesurfer/average/colortable_BA.txt --l lh.BA1_exvivo.label --l lh.BA2_exvivo.label --l lh.BA3a_exvivo.label --l lh.BA3b_exvivo.label --l lh.BA4a_exvivo.label --l lh.BA4p_exvivo.label --l lh.BA6_exvivo.label --l lh.BA44_exvivo.label --l lh.BA45_exvivo.label --l lh.V1_exvivo.label --l lh.V2_exvivo.label --l lh.MT_exvivo.label --l lh.perirhinal_exvivo.label --l lh.entorhinal_exvivo.label --a BA_exvivo --maxstatwinner --noverbose 
sysname  Linux
hostname dna071
machine  x86_64
user     oesteban

subject sub-v1s14x0051585_ses-1
hemi    lh
SUBJECTS_DIR /out/sourcedata/freesurfer
ColorTable /opt/freesurfer/average/colortable_BA.txt
AnnotName  BA_exvivo
nlables 14
LabelThresh 0 0.000000
Loading /out/sourcedata/freesurfer/sub-v1s14x0051585_ses-1/surf/lh.orig
 1 1530880 BA1_exvivo
 2 16749699 BA2_exvivo
 3 16711680 BA3a_exvivo
 4 3368703 BA3b_exvivo
 5 1376196 BA4a_exvivo
 6 13382655 BA4p_exvivo
 7 10036737 BA6_exvivo
 8 2490521 BA44_exvivo
 9 39283 BA45_exvivo
10 3993 V1_exvivo
11 8508928 V2_exvivo
12 10027163 MT_exvivo
13 16422433 perirhinal_exvivo
14 16392598 entorhinal_exvivo
Mapping unhit to unknown
Found 108615 unhit vertices
Writing annot to /out/sourcedata/freesurfer/sub-v1s14x0051585_ses-1/label/lh.BA_exvivo.annot

 mris_label2annot --s sub-v1s14x0051585_ses-1 --hemi lh --ctab /opt/freesurfer/average/colortable_BA.txt --l lh.BA1_exvivo.thresh.label --l lh.BA2_exvivo.thresh.label --l lh.BA3a_exvivo.thresh.label --l lh.BA3b_exvivo.thresh.label --l lh.BA4a_exvivo.thresh.label --l lh.BA4p_exvivo.thresh.label --l lh.BA6_exvivo.thresh.label --l lh.BA44_exvivo.thresh.label --l lh.BA45_exvivo.thresh.label --l lh.V1_exvivo.thresh.label --l lh.V2_exvivo.thresh.label --l lh.MT_exvivo.thresh.label --l lh.perirhinal_exvivo.thresh.label --l lh.entorhinal_exvivo.thresh.label --a BA_exvivo.thresh --maxstatwinner --noverbose 

Reading ctab /opt/freesurfer/average/colortable_BA.txt
Number of ctab entries 15

7.3.2
cwd /out/sourcedata/freesurfer/sub-v1s14x0051585_ses-1/label
cmdline mris_label2annot --s sub-v1s14x0051585_ses-1 --hemi lh --ctab /opt/freesurfer/average/colortable_BA.txt --l lh.BA1_exvivo.thresh.label --l lh.BA2_exvivo.thresh.label --l lh.BA3a_exvivo.thresh.label --l lh.BA3b_exvivo.thresh.label --l lh.BA4a_exvivo.thresh.label --l lh.BA4p_exvivo.thresh.label --l lh.BA6_exvivo.thresh.label --l lh.BA44_exvivo.thresh.label --l lh.BA45_exvivo.thresh.label --l lh.V1_exvivo.thresh.label --l lh.V2_exvivo.thresh.label --l lh.MT_exvivo.thresh.label --l lh.perirhinal_exvivo.thresh.label --l lh.entorhinal_exvivo.thresh.label --a BA_exvivo.thresh --maxstatwinner --noverbose 
sysname  Linux
hostname dna071
machine  x86_64
user     oesteban

subject sub-v1s14x0051585_ses-1
hemi    lh
SUBJECTS_DIR /out/sourcedata/freesurfer
ColorTable /opt/freesurfer/average/colortable_BA.txt
AnnotName  BA_exvivo.thresh
nlables 14
LabelThresh 0 0.000000
Loading /out/sourcedata/freesurfer/sub-v1s14x0051585_ses-1/surf/lh.orig
 1 1530880 BA1_exvivo
 2 16749699 BA2_exvivo
 3 16711680 BA3a_exvivo
 4 3368703 BA3b_exvivo
 5 1376196 BA4a_exvivo
 6 13382655 BA4p_exvivo
 7 10036737 BA6_exvivo
 8 2490521 BA44_exvivo
 9 39283 BA45_exvivo
10 3993 V1_exvivo
11 8508928 V2_exvivo
12 10027163 MT_exvivo
13 16422433 perirhinal_exvivo
14 16392598 entorhinal_exvivo
Mapping unhit to unknown
Found 127698 unhit vertices
Writing annot to /out/sourcedata/freesurfer/sub-v1s14x0051585_ses-1/label/lh.BA_exvivo.thresh.annot

 mris_anatomical_stats -th3 -mgz -noglobal -f ../stats/lh.BA_exvivo.stats -b -a ./lh.BA_exvivo.annot -c ./BA_exvivo.ctab sub-v1s14x0051585_ses-1 lh white 

computing statistics for each annotation in ./lh.BA_exvivo.annot.
reading volume /out/sourcedata/freesurfer/sub-v1s14x0051585_ses-1/mri/wm.mgz...
reading input surface /out/sourcedata/freesurfer/sub-v1s14x0051585_ses-1/surf/lh.white...
reading input pial surface /out/sourcedata/freesurfer/sub-v1s14x0051585_ses-1/surf/lh.pial...
reading input white surface /out/sourcedata/freesurfer/sub-v1s14x0051585_ses-1/surf/lh.white...
INFO: using TH3 volume calc
INFO: assuming MGZ format for volumes.
INFO: not computing global stats
Using TH3 vertex volume calc
Total face volume 257551
Total vertex volume 257358 (mask=0)
Saving annotation colortable ./BA_exvivo.ctab

table columns are:
    number of vertices
    total surface area (mm^2)
    total gray matter volume (mm^3)
    average cortical thickness +- standard deviation (mm)
    integrated rectified mean curvature
    integrated rectified Gaussian curvature
    folding index
    intrinsic curvature index
    structure name

 1441    911   2530  2.204 0.654     0.130     0.035       21     2.0  BA1_exvivo
 5330   3447   8185  2.226 0.605     0.109     0.020       48     4.3  BA2_exvivo
 1043    679    785  1.485 0.254     0.136     0.033       10     1.3  BA3a_exvivo
 2631   1763   3526  1.797 0.705     0.119     0.023       26     2.6  BA3b_exvivo
 1837   1092   2887  2.308 0.723     0.115     0.034       18     2.6  BA4a_exvivo
 1346    862   1546  1.905 0.541     0.100     0.025        8     1.4  BA4p_exvivo
 9658   6173  20949  2.709 0.708     0.110     0.021       85     8.2  BA6_exvivo
 2231   1520   4194  2.471 0.452     0.119     0.023       23     2.1  BA44_exvivo
 3108   2216   6323  2.426 0.634     0.119     0.021       30     2.8  BA45_exvivo
 3491   2291   2899  1.329 0.377     0.127     0.027       38     4.3  V1_exvivo
 8776   5796   9187  1.566 0.557     0.143     0.035      118    13.3  V2_exvivo
 2272   1580   4245  2.272 0.650     0.134     0.026       25     2.4  MT_exvivo
  972    631   2000  2.418 1.040     0.136     0.045       18     2.0  perirhinal_exvivo
  789    515   1862  2.938 0.918     0.115     0.030       10     0.9  entorhinal_exvivo

 mris_anatomical_stats -th3 -mgz -f ../stats/lh.BA_exvivo.thresh.stats -noglobal -b -a ./lh.BA_exvivo.thresh.annot -c ./BA_exvivo.thresh.ctab sub-v1s14x0051585_ses-1 lh white 

computing statistics for each annotation in ./lh.BA_exvivo.thresh.annot.
reading volume /out/sourcedata/freesurfer/sub-v1s14x0051585_ses-1/mri/wm.mgz...
reading input surface /out/sourcedata/freesurfer/sub-v1s14x0051585_ses-1/surf/lh.white...
reading input pial surface /out/sourcedata/freesurfer/sub-v1s14x0051585_ses-1/surf/lh.pial...
reading input white surface /out/sourcedata/freesurfer/sub-v1s14x0051585_ses-1/surf/lh.white...
INFO: using TH3 volume calc
INFO: assuming MGZ format for volumes.
INFO: not computing global stats
Using TH3 vertex volume calc
Total face volume 257551
Total vertex volume 257358 (mask=0)
Saving annotation colortable ./BA_exvivo.thresh.ctab

table columns are:
    number of vertices
    total surface area (mm^2)
    total gray matter volume (mm^3)
    average cortical thickness +- standard deviation (mm)
    integrated rectified mean curvature
    integrated rectified Gaussian curvature
    folding index
    intrinsic curvature index
    structure name

  972    594   1642  2.248 0.662     0.138     0.038       16     1.5  BA1_exvivo
 1932   1239   3270  2.254 0.608     0.107     0.021       17     1.6  BA2_exvivo
  896    577    635  1.477 0.218     0.139     0.033        9     1.2  BA3a_exvivo
 1706   1122   1695  1.491 0.479     0.108     0.018       13     1.4  BA3b_exvivo
 1756   1079   2727  2.230 0.720     0.111     0.031       14     2.6  BA4a_exvivo
 1082    681   1211  1.869 0.537     0.094     0.021        6     0.8  BA4p_exvivo
 5477   3372  10768  2.591 0.687     0.111     0.024       53     5.1  BA6_exvivo
 1403    968   2571  2.393 0.457     0.122     0.024       16     1.4  BA44_exvivo
 1210    914   3310  2.725 0.631     0.136     0.025       16     1.3  BA45_exvivo
 3680   2434   3161  1.338 0.390     0.123     0.026       37     4.3  V1_exvivo
 4197   2757   4484  1.549 0.567     0.145     0.035       59     6.2  V2_exvivo
  606    422   1263  2.412 0.831     0.144     0.030        7     0.9  MT_exvivo
  420    274    829  2.483 1.013     0.148     0.052       10     1.0  perirhinal_exvivo
  505    339   1074  2.910 0.722     0.120     0.026        5     0.5  entorhinal_exvivo

Started at Sun Mar 8 22:26:09 CET 2026 
Ended   at Sun Mar 8 22:28:51 CET 2026
#@#%# recon-all-run-time-hours 0.045
recon-all -s sub-v1s14x0051585_ses-1 finished without error at Sun Mar  8 22:28:51 CET 2026
