
Sun Mar  8 21:18:58 CET 2026
cd /out/sourcedata/freesurfer/sub-v1s14x0051576_ses-1
setenv SUBJECTS_DIR /out/sourcedata/freesurfer
/opt/freesurfer/bin/recon-all -autorecon-hemi rh -noparcstats -noparcstats2 -noparcstats3 -nohyporelabel -nobalabels -rh-only -openmp 16 -subjid sub-v1s14x0051576_ses-1 -sd /out/sourcedata/freesurfer

subjid sub-v1s14x0051576_ses-1
setenv SUBJECTS_DIR /out/sourcedata/freesurfer
FREESURFER_HOME /opt/freesurfer
Actual FREESURFER_HOME /opt/freesurfer
build-stamp.txt: freesurfer-linux-ubuntu22_x86_64-7.3.2-20220804-6354275
Linux dna010 5.14.0-427.37.1.el9_4.x86_64 #1 SMP PREEMPT_DYNAMIC Fri Sep 13 12:41:50 EDT 2024 x86_64 x86_64 x86_64 GNU/Linux
cputime      unlimited
filesize     unlimited
datasize     unlimited
stacksize    8192 kbytes
coredumpsize 0 kbytes
memoryuse    67108864 kbytes
vmemoryuse   unlimited
descriptors  1024 
memorylocked unlimited
maxproc      2061970 
maxlocks     unlimited
maxsignal    2061970 
maxmessage   819200 
maxnice      0 
maxrtprio    0 
maxrttime    unlimited

               total        used        free      shared  buff/cache   available
Mem:           503Gi        43Gi       425Gi       9.4Gi        33Gi       447Gi
Swap:             0B          0B          0B

########################################
program versions used
7.3.2 (freesurfer-linux-ubuntu22_x86_64-7.3.2-20220804-6354275)
7.3.2

ProgramName: lta_convert  ProgramArguments: lta_convert -all-info  ProgramVersion: 7.3.2  TimeStamp: 2026/03/08-20:18:58-GMT  BuildTime: Aug  4 2022 06:17:15  BuildStamp: freesurfer-linux-ubuntu22_x86_64-7.3.2-20220804-6354275  User: oesteban  Machine: dna010  Platform: Linux  PlatformVersion: 5.14.0-427.37.1.el9_4.x86_64  CompilerName: GCC  CompilerVersion: 8.4.0
ProgramName: mri_and  ProgramArguments: mri_and -all-info  ProgramVersion: 7.3.2  TimeStamp: 2026/03/08-20:18:58-GMT  BuildTime: Aug  4 2022 06:17:15  BuildStamp: freesurfer-linux-ubuntu22_x86_64-7.3.2-20220804-6354275  User: oesteban  Machine: dna010  Platform: Linux  PlatformVersion: 5.14.0-427.37.1.el9_4.x86_64  CompilerName: GCC  CompilerVersion: 8.4.0
ProgramName: mri_annotation2label  ProgramArguments: mri_annotation2label -all-info  ProgramVersion: 7.3.2  TimeStamp: 2026/03/08-20:18:58-GMT  BuildTime: Aug  4 2022 06:17:15  BuildStamp: freesurfer-linux-ubuntu22_x86_64-7.3.2-20220804-6354275  User: oesteban  Machine: dna010  Platform: Linux  PlatformVersion: 5.14.0-427.37.1.el9_4.x86_64  CompilerName: GCC  CompilerVersion: 8.4.0
ProgramName: mri_aparc2aseg  ProgramArguments: mri_aparc2aseg -all-info  ProgramVersion: 7.3.2  TimeStamp: 2026/03/08-20:18:58-GMT  BuildTime: Aug  4 2022 06:17:15  BuildStamp: freesurfer-linux-ubuntu22_x86_64-7.3.2-20220804-6354275  User: oesteban  Machine: dna010  Platform: Linux  PlatformVersion: 5.14.0-427.37.1.el9_4.x86_64  CompilerName: GCC  CompilerVersion: 8.4.0
ProgramName: mri_surf2volseg  ProgramArguments: mri_surf2volseg -all-info  ProgramVersion: 7.3.2  TimeStamp: 2026/03/08-20:18:58-GMT  BuildTime: Aug  4 2022 06:17:15  BuildStamp: freesurfer-linux-ubuntu22_x86_64-7.3.2-20220804-6354275  User: oesteban  Machine: dna010  Platform: Linux  PlatformVersion: 5.14.0-427.37.1.el9_4.x86_64  CompilerName: GCC  CompilerVersion: 8.4.0
ProgramName: mri_binarize  ProgramArguments: mri_binarize -all-info  ProgramVersion: 7.3.2  TimeStamp: 2026/03/08-20:18:58-GMT  BuildTime: Aug  4 2022 06:17:15  BuildStamp: freesurfer-linux-ubuntu22_x86_64-7.3.2-20220804-6354275  User: oesteban  Machine: dna010  Platform: Linux  PlatformVersion: 5.14.0-427.37.1.el9_4.x86_64  CompilerName: GCC  CompilerVersion: 8.4.0
ProgramName: mri_ca_label  ProgramArguments: mri_ca_label -all-info  ProgramVersion: 7.3.2  TimeStamp: 2026/03/08-20:18:58-GMT  BuildTime: Aug  4 2022 06:17:15  BuildStamp: freesurfer-linux-ubuntu22_x86_64-7.3.2-20220804-6354275  User: oesteban  Machine: dna010  Platform: Linux  PlatformVersion: 5.14.0-427.37.1.el9_4.x86_64  CompilerName: GCC  CompilerVersion: 8.4.0
ProgramName: mri_ca_normalize  ProgramArguments: mri_ca_normalize -all-info  ProgramVersion: 7.3.2  TimeStamp: 2026/03/08-20:18:58-GMT  BuildTime: Aug  4 2022 06:17:15  BuildStamp: freesurfer-linux-ubuntu22_x86_64-7.3.2-20220804-6354275  User: oesteban  Machine: dna010  Platform: Linux  PlatformVersion: 5.14.0-427.37.1.el9_4.x86_64  CompilerName: GCC  CompilerVersion: 8.4.0
ProgramName: mri_ca_register  ProgramArguments: mri_ca_register -all-info  ProgramVersion: 7.3.2  TimeStamp: 2026/03/08-20:18:58-GMT  BuildTime: Aug  4 2022 06:17:15  BuildStamp: freesurfer-linux-ubuntu22_x86_64-7.3.2-20220804-6354275  User: oesteban  Machine: dna010  Platform: Linux  PlatformVersion: 5.14.0-427.37.1.el9_4.x86_64  CompilerName: GCC  CompilerVersion: 8.4.0
ProgramName: mri_cc  ProgramArguments: mri_cc -all-info  ProgramVersion: 7.3.2  TimeStamp: 2026/03/08-20:18:58-GMT  BuildTime: Aug  4 2022 06:17:15  BuildStamp: freesurfer-linux-ubuntu22_x86_64-7.3.2-20220804-6354275  User: oesteban  Machine: dna010  Platform: Linux  PlatformVersion: 5.14.0-427.37.1.el9_4.x86_64  CompilerName: GCC  CompilerVersion: 8.4.0
ProgramName: mri_compute_overlap  ProgramArguments: mri_compute_overlap -all-info  ProgramVersion: 7.3.2  TimeStamp: 2026/03/08-20:18:58-GMT  BuildTime: Aug  4 2022 06:17:15  BuildStamp: freesurfer-linux-ubuntu22_x86_64-7.3.2-20220804-6354275  User: oesteban  Machine: dna010  Platform: Linux  PlatformVersion: 5.14.0-427.37.1.el9_4.x86_64  CompilerName: GCC  CompilerVersion: 8.4.0
ProgramName: mri_compute_seg_overlap  ProgramArguments: mri_compute_seg_overlap -all-info  ProgramVersion: 7.3.2  TimeStamp: 2026/03/08-20:18:58-GMT  BuildTime: Aug  4 2022 06:17:15  BuildStamp: freesurfer-linux-ubuntu22_x86_64-7.3.2-20220804-6354275  User: oesteban  Machine: dna010  Platform: Linux  PlatformVersion: 5.14.0-427.37.1.el9_4.x86_64  CompilerName: GCC  CompilerVersion: 8.4.0
ProgramName: mri_concat  ProgramArguments: mri_concat -all-info  ProgramVersion: 7.3.2  TimeStamp: 2026/03/08-20:18:58-GMT  BuildTime: Aug  4 2022 06:17:15  BuildStamp: freesurfer-linux-ubuntu22_x86_64-7.3.2-20220804-6354275  User: oesteban  Machine: dna010  Platform: Linux  PlatformVersion: 5.14.0-427.37.1.el9_4.x86_64  CompilerName: GCC  CompilerVersion: 8.4.0
ProgramName: mri_concatenate_lta  ProgramArguments: mri_concatenate_lta -all-info  ProgramVersion: 7.3.2  TimeStamp: 2026/03/08-20:18:58-GMT  BuildTime: Aug  4 2022 06:17:15  BuildStamp: freesurfer-linux-ubuntu22_x86_64-7.3.2-20220804-6354275  User: oesteban  Machine: dna010  Platform: Linux  PlatformVersion: 5.14.0-427.37.1.el9_4.x86_64  CompilerName: GCC  CompilerVersion: 8.4.0
mri_convert -all-info 
ProgramName: mri_convert  ProgramArguments: mri_convert -all-info  ProgramVersion: 7.3.2  TimeStamp: 2026/03/08-20:18:58-GMT  BuildTime: Aug  4 2022 06:17:15  BuildStamp: freesurfer-linux-ubuntu22_x86_64-7.3.2-20220804-6354275  User: oesteban  Machine: dna010  Platform: Linux  PlatformVersion: 5.14.0-427.37.1.el9_4.x86_64  CompilerName: GCC  CompilerVersion: 8.4.0
ProgramName: mri_diff  ProgramArguments: mri_diff -all-info  ProgramVersion: 7.3.2  TimeStamp: 2026/03/08-20:18:58-GMT  BuildTime: Aug  4 2022 06:17:15  BuildStamp: freesurfer-linux-ubuntu22_x86_64-7.3.2-20220804-6354275  User: oesteban  Machine: dna010  Platform: Linux  PlatformVersion: 5.14.0-427.37.1.el9_4.x86_64  CompilerName: GCC  CompilerVersion: 8.4.0
ProgramName: mri_edit_wm_with_aseg  ProgramArguments: mri_edit_wm_with_aseg -all-info  ProgramVersion: 7.3.2  TimeStamp: 2026/03/08-20:18:58-GMT  BuildTime: Aug  4 2022 06:17:15  BuildStamp: freesurfer-linux-ubuntu22_x86_64-7.3.2-20220804-6354275  User: oesteban  Machine: dna010  Platform: Linux  PlatformVersion: 5.14.0-427.37.1.el9_4.x86_64  CompilerName: GCC  CompilerVersion: 8.4.0
ProgramName: mri_em_register  ProgramArguments: mri_em_register -all-info  ProgramVersion: 7.3.2  TimeStamp: 2026/03/08-20:18:58-GMT  BuildTime: Aug  4 2022 06:17:15  BuildStamp: freesurfer-linux-ubuntu22_x86_64-7.3.2-20220804-6354275  User: oesteban  Machine: dna010  Platform: Linux  PlatformVersion: 5.14.0-427.37.1.el9_4.x86_64  CompilerName: GCC  CompilerVersion: 8.4.0
ProgramName: mri_fill  ProgramArguments: mri_fill -all-info  ProgramVersion: 7.3.2  TimeStamp: 2026/03/08-20:18:58-GMT  BuildTime: Aug  4 2022 06:17:15  BuildStamp: freesurfer-linux-ubuntu22_x86_64-7.3.2-20220804-6354275  User: oesteban  Machine: dna010  Platform: Linux  PlatformVersion: 5.14.0-427.37.1.el9_4.x86_64  CompilerName: GCC  CompilerVersion: 8.4.0
ProgramName: mri_fuse_segmentations  ProgramArguments: mri_fuse_segmentations -all-info  ProgramVersion: 7.3.2  TimeStamp: 2026/03/08-20:18:58-GMT  BuildTime: Aug  4 2022 06:17:15  BuildStamp: freesurfer-linux-ubuntu22_x86_64-7.3.2-20220804-6354275  User: oesteban  Machine: dna010  Platform: Linux  PlatformVersion: 5.14.0-427.37.1.el9_4.x86_64  CompilerName: GCC  CompilerVersion: 8.4.0
ProgramName: mri_fwhm  ProgramArguments: mri_fwhm -all-info  ProgramVersion: 7.3.2  TimeStamp: 2026/03/08-20:18:58-GMT  BuildTime: Aug  4 2022 06:17:15  BuildStamp: freesurfer-linux-ubuntu22_x86_64-7.3.2-20220804-6354275  User: oesteban  Machine: dna010  Platform: Linux  PlatformVersion: 5.14.0-427.37.1.el9_4.x86_64  CompilerName: GCC  CompilerVersion: 8.4.0
ProgramName: mri_gcut  ProgramArguments: mri_gcut -all-info  ProgramVersion: 7.3.2  TimeStamp: 2026/03/08-20:18:58-GMT  BuildTime: Aug  4 2022 06:17:15  BuildStamp: freesurfer-linux-ubuntu22_x86_64-7.3.2-20220804-6354275  User: oesteban  Machine: dna010  Platform: Linux  PlatformVersion: 5.14.0-427.37.1.el9_4.x86_64  CompilerName: GCC  CompilerVersion: 8.4.0
ProgramName: mri_info  ProgramArguments: mri_info -all-info  ProgramVersion: 7.3.2  TimeStamp: 2026/03/08-20:18:58-GMT  BuildTime: Aug  4 2022 06:17:15  BuildStamp: freesurfer-linux-ubuntu22_x86_64-7.3.2-20220804-6354275  User: oesteban  Machine: dna010  Platform: Linux  PlatformVersion: 5.14.0-427.37.1.el9_4.x86_64  CompilerName: GCC  CompilerVersion: 8.4.0
ProgramName: mri_label2label  ProgramArguments: mri_label2label -all-info  ProgramVersion: 7.3.2  TimeStamp: 2026/03/08-20:18:58-GMT  BuildTime: Aug  4 2022 06:17:15  BuildStamp: freesurfer-linux-ubuntu22_x86_64-7.3.2-20220804-6354275  User: oesteban  Machine: dna010  Platform: Linux  PlatformVersion: 5.14.0-427.37.1.el9_4.x86_64  CompilerName: GCC  CompilerVersion: 8.4.0
ProgramName: mri_label2vol  ProgramArguments: mri_label2vol -all-info  ProgramVersion: 7.3.2  TimeStamp: 2026/03/08-20:18:58-GMT  BuildTime: Aug  4 2022 06:17:15  BuildStamp: freesurfer-linux-ubuntu22_x86_64-7.3.2-20220804-6354275  User: oesteban  Machine: dna010  Platform: Linux  PlatformVersion: 5.14.0-427.37.1.el9_4.x86_64  CompilerName: GCC  CompilerVersion: 8.4.0
ProgramName: mri_log_likelihood  ProgramArguments: mri_log_likelihood -all-info  ProgramVersion: 7.3.2  TimeStamp: 2026/03/08-20:18:58-GMT  BuildTime: Aug  4 2022 06:17:15  BuildStamp: freesurfer-linux-ubuntu22_x86_64-7.3.2-20220804-6354275  User: oesteban  Machine: dna010  Platform: Linux  PlatformVersion: 5.14.0-427.37.1.el9_4.x86_64  CompilerName: GCC  CompilerVersion: 8.4.0
ProgramName: mri_mask  ProgramArguments: mri_mask -all-info  ProgramVersion: 7.3.2  TimeStamp: 2026/03/08-20:18:58-GMT  BuildTime: Aug  4 2022 06:17:15  BuildStamp: freesurfer-linux-ubuntu22_x86_64-7.3.2-20220804-6354275  User: oesteban  Machine: dna010  Platform: Linux  PlatformVersion: 5.14.0-427.37.1.el9_4.x86_64  CompilerName: GCC  CompilerVersion: 8.4.0
ProgramName: mri_matrix_multiply  ProgramArguments: mri_matrix_multiply -all-info  ProgramVersion: 7.3.2  TimeStamp: 2026/03/08-20:18:58-GMT  BuildTime: Aug  4 2022 06:17:15  BuildStamp: freesurfer-linux-ubuntu22_x86_64-7.3.2-20220804-6354275  User: oesteban  Machine: dna010  Platform: Linux  PlatformVersion: 5.14.0-427.37.1.el9_4.x86_64  CompilerName: GCC  CompilerVersion: 8.4.0
ProgramName: mri_normalize  ProgramArguments: mri_normalize -all-info  ProgramVersion: 7.3.2  TimeStamp: 2026/03/08-20:18:58-GMT  BuildTime: Aug  4 2022 06:17:15  BuildStamp: freesurfer-linux-ubuntu22_x86_64-7.3.2-20220804-6354275  User: oesteban  Machine: dna010  Platform: Linux  PlatformVersion: 5.14.0-427.37.1.el9_4.x86_64  CompilerName: GCC  CompilerVersion: 8.4.0
ProgramName: mri_normalize_tp2  ProgramArguments: mri_normalize_tp2 -all-info  ProgramVersion: 7.3.2  TimeStamp: 2026/03/08-20:18:58-GMT  BuildTime: Aug  4 2022 06:17:15  BuildStamp: freesurfer-linux-ubuntu22_x86_64-7.3.2-20220804-6354275  User: oesteban  Machine: dna010  Platform: Linux  PlatformVersion: 5.14.0-427.37.1.el9_4.x86_64  CompilerName: GCC  CompilerVersion: 8.4.0
ProgramName: mri_or  ProgramArguments: mri_or -all-info  ProgramVersion: 7.3.2  TimeStamp: 2026/03/08-20:18:58-GMT  BuildTime: Aug  4 2022 06:17:15  BuildStamp: freesurfer-linux-ubuntu22_x86_64-7.3.2-20220804-6354275  User: oesteban  Machine: dna010  Platform: Linux  PlatformVersion: 5.14.0-427.37.1.el9_4.x86_64  CompilerName: GCC  CompilerVersion: 8.4.0
ProgramName: mri_relabel_hypointensities  ProgramArguments: mri_relabel_hypointensities -all-info  ProgramVersion: 7.3.2  TimeStamp: 2026/03/08-20:18:58-GMT  BuildTime: Aug  4 2022 06:17:15  BuildStamp: freesurfer-linux-ubuntu22_x86_64-7.3.2-20220804-6354275  User: oesteban  Machine: dna010  Platform: Linux  PlatformVersion: 5.14.0-427.37.1.el9_4.x86_64  CompilerName: GCC  CompilerVersion: 8.4.0
ProgramName: mri_relabel_nonwm_hypos  ProgramArguments: mri_relabel_nonwm_hypos -all-info  ProgramVersion: 7.3.2  TimeStamp: 2026/03/08-20:18:58-GMT  BuildTime: Aug  4 2022 06:17:15  BuildStamp: freesurfer-linux-ubuntu22_x86_64-7.3.2-20220804-6354275  User: oesteban  Machine: dna010  Platform: Linux  PlatformVersion: 5.14.0-427.37.1.el9_4.x86_64  CompilerName: GCC  CompilerVersion: 8.4.0
ProgramName: mri_remove_neck  ProgramArguments: mri_remove_neck -all-info  ProgramVersion: 7.3.2  TimeStamp: 2026/03/08-20:18:58-GMT  BuildTime: Aug  4 2022 06:17:15  BuildStamp: freesurfer-linux-ubuntu22_x86_64-7.3.2-20220804-6354275  User: oesteban  Machine: dna010  Platform: Linux  PlatformVersion: 5.14.0-427.37.1.el9_4.x86_64  CompilerName: GCC  CompilerVersion: 8.4.0
7.3.2

ProgramName: mri_robust_register  ProgramArguments: mri_robust_register -all-info  ProgramVersion: 7.3.2  TimeStamp: 2026/03/08-20:18:58-GMT  BuildTime: Aug  4 2022 06:17:15  BuildStamp: freesurfer-linux-ubuntu22_x86_64-7.3.2-20220804-6354275  User: oesteban  Machine: dna010  Platform: Linux  PlatformVersion: 5.14.0-427.37.1.el9_4.x86_64  CompilerName: GCC  CompilerVersion: 8.4.0
7.3.2

ProgramName: mri_robust_template  ProgramArguments: mri_robust_template -all-info  ProgramVersion: 7.3.2  TimeStamp: 2026/03/08-20:18:58-GMT  BuildTime: Aug  4 2022 06:17:15  BuildStamp: freesurfer-linux-ubuntu22_x86_64-7.3.2-20220804-6354275  User: oesteban  Machine: dna010  Platform: Linux  PlatformVersion: 5.14.0-427.37.1.el9_4.x86_64  CompilerName: GCC  CompilerVersion: 8.4.0
ProgramName: mris_anatomical_stats  ProgramArguments: mris_anatomical_stats -all-info  ProgramVersion: 7.3.2  TimeStamp: 2026/03/08-20:18:58-GMT  BuildTime: Aug  4 2022 06:17:15  BuildStamp: freesurfer-linux-ubuntu22_x86_64-7.3.2-20220804-6354275  User: oesteban  Machine: dna010  Platform: Linux  PlatformVersion: 5.14.0-427.37.1.el9_4.x86_64  CompilerName: GCC  CompilerVersion: 8.4.0
ProgramName: mris_ca_label  ProgramArguments: mris_ca_label -all-info  ProgramVersion: 7.3.2  TimeStamp: 2026/03/08-20:18:58-GMT  BuildTime: Aug  4 2022 06:17:15  BuildStamp: freesurfer-linux-ubuntu22_x86_64-7.3.2-20220804-6354275  User: oesteban  Machine: dna010  Platform: Linux  PlatformVersion: 5.14.0-427.37.1.el9_4.x86_64  CompilerName: GCC  CompilerVersion: 8.4.0
ProgramName: mris_calc  ProgramArguments: mris_calc -all-info  ProgramVersion: 7.3.2  TimeStamp: 2026/03/08-20:18:58-GMT  BuildTime: Aug  4 2022 06:17:15  BuildStamp: freesurfer-linux-ubuntu22_x86_64-7.3.2-20220804-6354275  User: oesteban  Machine: dna010  Platform: Linux  PlatformVersion: 5.14.0-427.37.1.el9_4.x86_64  CompilerName: GCC  CompilerVersion: 8.4.0
ProgramName: mris_convert  ProgramArguments: mris_convert -all-info  ProgramVersion: 7.3.2  TimeStamp: 2026/03/08-20:18:58-GMT  BuildTime: Aug  4 2022 06:17:15  BuildStamp: freesurfer-linux-ubuntu22_x86_64-7.3.2-20220804-6354275  User: oesteban  Machine: dna010  Platform: Linux  PlatformVersion: 5.14.0-427.37.1.el9_4.x86_64  CompilerName: GCC  CompilerVersion: 8.4.0
ProgramName: mris_curvature  ProgramArguments: mris_curvature -all-info  ProgramVersion: 7.3.2  TimeStamp: 2026/03/08-20:18:58-GMT  BuildTime: Aug  4 2022 06:17:15  BuildStamp: freesurfer-linux-ubuntu22_x86_64-7.3.2-20220804-6354275  User: oesteban  Machine: dna010  Platform: Linux  PlatformVersion: 5.14.0-427.37.1.el9_4.x86_64  CompilerName: GCC  CompilerVersion: 8.4.0
ProgramName: mris_curvature_stats  ProgramArguments: mris_curvature_stats -all-info  ProgramVersion: 7.3.2  TimeStamp: 2026/03/08-20:18:58-GMT  BuildTime: Aug  4 2022 06:17:15  BuildStamp: freesurfer-linux-ubuntu22_x86_64-7.3.2-20220804-6354275  User: oesteban  Machine: dna010  Platform: Linux  PlatformVersion: 5.14.0-427.37.1.el9_4.x86_64  CompilerName: GCC  CompilerVersion: 8.4.0
ProgramName: mris_diff  ProgramArguments: mris_diff -all-info  ProgramVersion: 7.3.2  TimeStamp: 2026/03/08-20:18:58-GMT  BuildTime: Aug  4 2022 06:17:15  BuildStamp: freesurfer-linux-ubuntu22_x86_64-7.3.2-20220804-6354275  User: oesteban  Machine: dna010  Platform: Linux  PlatformVersion: 5.14.0-427.37.1.el9_4.x86_64  CompilerName: GCC  CompilerVersion: 8.4.0
ProgramName: mris_divide_parcellation  ProgramArguments: mris_divide_parcellation -all-info  ProgramVersion: 7.3.2  TimeStamp: 2026/03/08-20:18:58-GMT  BuildTime: Aug  4 2022 06:17:15  BuildStamp: freesurfer-linux-ubuntu22_x86_64-7.3.2-20220804-6354275  User: oesteban  Machine: dna010  Platform: Linux  PlatformVersion: 5.14.0-427.37.1.el9_4.x86_64  CompilerName: GCC  CompilerVersion: 8.4.0
ProgramName: mri_segment  ProgramArguments: mri_segment -all-info  ProgramVersion: 7.3.2  TimeStamp: 2026/03/08-20:18:58-GMT  BuildTime: Aug  4 2022 06:17:15  BuildStamp: freesurfer-linux-ubuntu22_x86_64-7.3.2-20220804-6354275  User: oesteban  Machine: dna010  Platform: Linux  PlatformVersion: 5.14.0-427.37.1.el9_4.x86_64  CompilerName: GCC  CompilerVersion: 8.4.0
ProgramName: mri_segstats  ProgramArguments: mri_segstats -all-info  ProgramVersion: 7.3.2  TimeStamp: 2026/03/08-20:18:58-GMT  BuildTime: Aug  4 2022 06:17:15  BuildStamp: freesurfer-linux-ubuntu22_x86_64-7.3.2-20220804-6354275  User: oesteban  Machine: dna010  Platform: Linux  PlatformVersion: 5.14.0-427.37.1.el9_4.x86_64  CompilerName: GCC  CompilerVersion: 8.4.0
ProgramName: mris_euler_number  ProgramArguments: mris_euler_number -all-info  ProgramVersion: 7.3.2  TimeStamp: 2026/03/08-20:18:58-GMT  BuildTime: Aug  4 2022 06:17:15  BuildStamp: freesurfer-linux-ubuntu22_x86_64-7.3.2-20220804-6354275  User: oesteban  Machine: dna010  Platform: Linux  PlatformVersion: 5.14.0-427.37.1.el9_4.x86_64  CompilerName: GCC  CompilerVersion: 8.4.0
ProgramName: mris_fix_topology  ProgramArguments: mris_fix_topology -all-info  ProgramVersion: 7.3.2  TimeStamp: 2026/03/08-20:18:58-GMT  BuildTime: Aug  4 2022 06:17:15  BuildStamp: freesurfer-linux-ubuntu22_x86_64-7.3.2-20220804-6354275  User: oesteban  Machine: dna010  Platform: Linux  PlatformVersion: 5.14.0-427.37.1.el9_4.x86_64  CompilerName: GCC  CompilerVersion: 8.4.0
ProgramName: mris_topo_fixer  ProgramArguments: mris_topo_fixer -all-info  ProgramVersion: 7.3.2  TimeStamp: 2026/03/08-20:18:58-GMT  BuildTime: Aug  4 2022 06:17:15  BuildStamp: freesurfer-linux-ubuntu22_x86_64-7.3.2-20220804-6354275  User: oesteban  Machine: dna010  Platform: Linux  PlatformVersion: 5.14.0-427.37.1.el9_4.x86_64  CompilerName: GCC  CompilerVersion: 8.4.0
ProgramName: mris_jacobian  ProgramArguments: mris_jacobian -all-info  ProgramVersion: 7.3.2  TimeStamp: 2026/03/08-20:18:58-GMT  BuildTime: Aug  4 2022 06:17:15  BuildStamp: freesurfer-linux-ubuntu22_x86_64-7.3.2-20220804-6354275  User: oesteban  Machine: dna010  Platform: Linux  PlatformVersion: 5.14.0-427.37.1.el9_4.x86_64  CompilerName: GCC  CompilerVersion: 8.4.0
ProgramName: mris_label2annot  ProgramArguments: mris_label2annot -all-info  ProgramVersion: 7.3.2  TimeStamp: 2026/03/08-20:18:58-GMT  BuildTime: Aug  4 2022 06:17:15  BuildStamp: freesurfer-linux-ubuntu22_x86_64-7.3.2-20220804-6354275  User: oesteban  Machine: dna010  Platform: Linux  PlatformVersion: 5.14.0-427.37.1.el9_4.x86_64  CompilerName: GCC  CompilerVersion: 8.4.0
ProgramName: mris_left_right_register  ProgramArguments: mris_left_right_register -all-info  ProgramVersion: 7.3.2  TimeStamp: 2026/03/08-20:18:58-GMT  BuildTime: Aug  4 2022 06:17:15  BuildStamp: freesurfer-linux-ubuntu22_x86_64-7.3.2-20220804-6354275  User: oesteban  Machine: dna010  Platform: Linux  PlatformVersion: 5.14.0-427.37.1.el9_4.x86_64  CompilerName: GCC  CompilerVersion: 8.4.0
ProgramName: mris_place_surface  ProgramArguments: mris_place_surface -all-info  ProgramVersion: 7.3.2  TimeStamp: 2026/03/08-20:18:58-GMT  BuildTime: Aug  4 2022 06:17:15  BuildStamp: freesurfer-linux-ubuntu22_x86_64-7.3.2-20220804-6354275  User: oesteban  Machine: dna010  Platform: Linux  PlatformVersion: 5.14.0-427.37.1.el9_4.x86_64  CompilerName: GCC  CompilerVersion: 8.4.0
ProgramName: mrisp_paint  ProgramArguments: mrisp_paint -all-info  ProgramVersion: 7.3.2  TimeStamp: 2026/03/08-20:18:58-GMT  BuildTime: Aug  4 2022 06:17:15  BuildStamp: freesurfer-linux-ubuntu22_x86_64-7.3.2-20220804-6354275  User: oesteban  Machine: dna010  Platform: Linux  PlatformVersion: 5.14.0-427.37.1.el9_4.x86_64  CompilerName: GCC  CompilerVersion: 8.4.0
ProgramName: mris_register  ProgramArguments: mris_register -all-info  ProgramVersion: 7.3.2  TimeStamp: 2026/03/08-20:18:58-GMT  BuildTime: Aug  4 2022 06:17:15  BuildStamp: freesurfer-linux-ubuntu22_x86_64-7.3.2-20220804-6354275  User: oesteban  Machine: dna010  Platform: Linux  PlatformVersion: 5.14.0-427.37.1.el9_4.x86_64  CompilerName: GCC  CompilerVersion: 8.4.0
ProgramName: mris_smooth  ProgramArguments: mris_smooth -all-info  ProgramVersion: 7.3.2  TimeStamp: 2026/03/08-20:18:58-GMT  BuildTime: Aug  4 2022 06:17:15  BuildStamp: freesurfer-linux-ubuntu22_x86_64-7.3.2-20220804-6354275  User: oesteban  Machine: dna010  Platform: Linux  PlatformVersion: 5.14.0-427.37.1.el9_4.x86_64  CompilerName: GCC  CompilerVersion: 8.4.0
ProgramName: mris_sphere  ProgramArguments: mris_sphere -all-info  ProgramVersion: 7.3.2  TimeStamp: 2026/03/08-20:18:58-GMT  BuildTime: Aug  4 2022 06:17:15  BuildStamp: freesurfer-linux-ubuntu22_x86_64-7.3.2-20220804-6354275  User: oesteban  Machine: dna010  Platform: Linux  PlatformVersion: 5.14.0-427.37.1.el9_4.x86_64  CompilerName: GCC  CompilerVersion: 8.4.0
ProgramName: mris_surface_stats  ProgramArguments: mris_surface_stats -all-info  ProgramVersion: 7.3.2  TimeStamp: 2026/03/08-20:18:58-GMT  BuildTime: Aug  4 2022 06:17:15  BuildStamp: freesurfer-linux-ubuntu22_x86_64-7.3.2-20220804-6354275  User: oesteban  Machine: dna010  Platform: Linux  PlatformVersion: 5.14.0-427.37.1.el9_4.x86_64  CompilerName: GCC  CompilerVersion: 8.4.0
ProgramName: mri_stats2seg  ProgramArguments: mri_stats2seg -all-info  ProgramVersion: 7.3.2  TimeStamp: 2026/03/08-20:18:58-GMT  BuildTime: Aug  4 2022 06:17:15  BuildStamp: freesurfer-linux-ubuntu22_x86_64-7.3.2-20220804-6354275  User: oesteban  Machine: dna010  Platform: Linux  PlatformVersion: 5.14.0-427.37.1.el9_4.x86_64  CompilerName: GCC  CompilerVersion: 8.4.0
ProgramName: mris_thickness  ProgramArguments: mris_thickness -all-info  ProgramVersion: 7.3.2  TimeStamp: 2026/03/08-20:18:58-GMT  BuildTime: Aug  4 2022 06:17:15  BuildStamp: freesurfer-linux-ubuntu22_x86_64-7.3.2-20220804-6354275  User: oesteban  Machine: dna010  Platform: Linux  PlatformVersion: 5.14.0-427.37.1.el9_4.x86_64  CompilerName: GCC  CompilerVersion: 8.4.0
ProgramName: mris_thickness_diff  ProgramArguments: mris_thickness_diff -all-info  ProgramVersion: 7.3.2  TimeStamp: 2026/03/08-20:18:58-GMT  BuildTime: Aug  4 2022 06:17:15  BuildStamp: freesurfer-linux-ubuntu22_x86_64-7.3.2-20220804-6354275  User: oesteban  Machine: dna010  Platform: Linux  PlatformVersion: 5.14.0-427.37.1.el9_4.x86_64  CompilerName: GCC  CompilerVersion: 8.4.0
ProgramName: mris_topo_fixer  ProgramArguments: mris_topo_fixer -all-info  ProgramVersion: 7.3.2  TimeStamp: 2026/03/08-20:18:58-GMT  BuildTime: Aug  4 2022 06:17:15  BuildStamp: freesurfer-linux-ubuntu22_x86_64-7.3.2-20220804-6354275  User: oesteban  Machine: dna010  Platform: Linux  PlatformVersion: 5.14.0-427.37.1.el9_4.x86_64  CompilerName: GCC  CompilerVersion: 8.4.0
ProgramName: mri_surf2surf  ProgramArguments: mri_surf2surf -all-info  ProgramVersion: 7.3.2  TimeStamp: 2026/03/08-20:18:58-GMT  BuildTime: Aug  4 2022 06:17:15  BuildStamp: freesurfer-linux-ubuntu22_x86_64-7.3.2-20220804-6354275  User: oesteban  Machine: dna010  Platform: Linux  PlatformVersion: 5.14.0-427.37.1.el9_4.x86_64  CompilerName: GCC  CompilerVersion: 8.4.0
ProgramName: mri_surf2vol  ProgramArguments: mri_surf2vol -all-info  ProgramVersion: 7.3.2  TimeStamp: 2026/03/08-20:18:58-GMT  BuildTime: Aug  4 2022 06:17:15  BuildStamp: freesurfer-linux-ubuntu22_x86_64-7.3.2-20220804-6354275  User: oesteban  Machine: dna010  Platform: Linux  PlatformVersion: 5.14.0-427.37.1.el9_4.x86_64  CompilerName: GCC  CompilerVersion: 8.4.0
ProgramName: mri_surfcluster  ProgramArguments: mri_surfcluster -all-info  ProgramVersion: 7.3.2  TimeStamp: 2026/03/08-20:18:58-GMT  BuildTime: Aug  4 2022 06:17:15  BuildStamp: freesurfer-linux-ubuntu22_x86_64-7.3.2-20220804-6354275  User: oesteban  Machine: dna010  Platform: Linux  PlatformVersion: 5.14.0-427.37.1.el9_4.x86_64  CompilerName: GCC  CompilerVersion: 8.4.0
ProgramName: mris_volmask  ProgramArguments: mris_volmask -all-info  ProgramVersion: 7.3.2  TimeStamp: 2026/03/08-20:18:58-GMT  BuildTime: Aug  4 2022 06:17:15  BuildStamp: freesurfer-linux-ubuntu22_x86_64-7.3.2-20220804-6354275  User: oesteban  Machine: dna010  Platform: Linux  PlatformVersion: 5.14.0-427.37.1.el9_4.x86_64  CompilerName: GCC  CompilerVersion: 8.4.0
ProgramName: mri_tessellate  ProgramArguments: mri_tessellate -all-info  ProgramVersion: 7.3.2  TimeStamp: 2026/03/08-20:18:58-GMT  BuildTime: Aug  4 2022 06:17:15  BuildStamp: freesurfer-linux-ubuntu22_x86_64-7.3.2-20220804-6354275  User: oesteban  Machine: dna010  Platform: Linux  PlatformVersion: 5.14.0-427.37.1.el9_4.x86_64  CompilerName: GCC  CompilerVersion: 8.4.0
ProgramName: mri_vol2surf  ProgramArguments: mri_vol2surf -all-info  ProgramVersion: 7.3.2  TimeStamp: 2026/03/08-20:18:58-GMT  BuildTime: Aug  4 2022 06:17:15  BuildStamp: freesurfer-linux-ubuntu22_x86_64-7.3.2-20220804-6354275  User: oesteban  Machine: dna010  Platform: Linux  PlatformVersion: 5.14.0-427.37.1.el9_4.x86_64  CompilerName: GCC  CompilerVersion: 8.4.0
ProgramName: mri_vol2vol  ProgramArguments: mri_vol2vol -all-info  ProgramVersion: 7.3.2  TimeStamp: 2026/03/08-20:18:58-GMT  BuildTime: Aug  4 2022 06:17:15  BuildStamp: freesurfer-linux-ubuntu22_x86_64-7.3.2-20220804-6354275  User: oesteban  Machine: dna010  Platform: Linux  PlatformVersion: 5.14.0-427.37.1.el9_4.x86_64  CompilerName: GCC  CompilerVersion: 8.4.0
ProgramName: mri_voldiff  ProgramArguments: mri_voldiff -all-info  ProgramVersion: 7.3.2  TimeStamp: 2026/03/08-20:18:58-GMT  BuildTime: Aug  4 2022 06:17:15  BuildStamp: freesurfer-linux-ubuntu22_x86_64-7.3.2-20220804-6354275  User: oesteban  Machine: dna010  Platform: Linux  PlatformVersion: 5.14.0-427.37.1.el9_4.x86_64  CompilerName: GCC  CompilerVersion: 8.4.0
ProgramName: mri_watershed  ProgramArguments: mri_watershed -all-info  ProgramVersion: 7.3.2  TimeStamp: 2026/03/08-20:18:58-GMT  BuildTime: Aug  4 2022 06:17:15  BuildStamp: freesurfer-linux-ubuntu22_x86_64-7.3.2-20220804-6354275  User: oesteban  Machine: dna010  Platform: Linux  PlatformVersion: 5.14.0-427.37.1.el9_4.x86_64  CompilerName: GCC  CompilerVersion: 8.4.0
ProgramName: tkregister2  ProgramArguments: tkregister2_cmdl -all-info  ProgramVersion: 7.3.2  TimeStamp: 2026/03/08-20:18:58-GMT  BuildTime: Aug  4 2022 06:17:15  BuildStamp: freesurfer-linux-ubuntu22_x86_64-7.3.2-20220804-6354275  User: oesteban  Machine: dna010  Platform: Linux  PlatformVersion: 5.14.0-427.37.1.el9_4.x86_64  CompilerName: GCC  CompilerVersion: 8.4.0
mri_motion_correct.fsl 7.3.2
mri_convert -all-info 
ProgramName: mri_convert  ProgramArguments: mri_convert -all-info  ProgramVersion: 7.3.2  TimeStamp: 2026/03/08-20:18:58-GMT  BuildTime: Aug  4 2022 06:17:15  BuildStamp: freesurfer-linux-ubuntu22_x86_64-7.3.2-20220804-6354275  User: oesteban  Machine: dna010  Platform: Linux  PlatformVersion: 5.14.0-427.37.1.el9_4.x86_64  CompilerName: GCC  CompilerVersion: 8.4.0
Program nu_correct, built from:
Package MNI N3, version 1.12.0, compiled by nicks@terrier (x86_64-unknown-linux-gnu) on 2015-06-19 at 01:25:34
#######################################
GCADIR /opt/freesurfer/average
GCA RB_all_2020-01-02.gca
GCASkull RB_all_withskull_2020_01_02.gca
AvgCurvTif folding.atlas.acfb40.noaparc.i12.2016-08-02.tif
GCSDIR /opt/freesurfer/average
GCS DKaparc.atlas.acfb40.noaparc.i12.2016-08-02.gcs
#######################################
#--------------------------------------------
#@# Tessellate rh Sun Mar  8 21:18:58 CET 2026
/out/sourcedata/freesurfer/sub-v1s14x0051576_ses-1/scripts

 mri_pretess ../mri/filled.mgz 127 ../mri/norm.mgz ../mri/filled-pretess127.mgz 


Iteration Number : 1
pass   1 (xy+):   2 found -   2 modified     |    TOTAL:   2
pass   2 (xy+):   0 found -   2 modified     |    TOTAL:   2
pass   1 (xy-):   1 found -   1 modified     |    TOTAL:   3
pass   2 (xy-):   0 found -   1 modified     |    TOTAL:   3
pass   1 (yz+):  10 found -  10 modified     |    TOTAL:  13
pass   2 (yz+):   0 found -  10 modified     |    TOTAL:  13
pass   1 (yz-):  10 found -  10 modified     |    TOTAL:  23
pass   2 (yz-):   0 found -  10 modified     |    TOTAL:  23
pass   1 (xz+):   0 found -   0 modified     |    TOTAL:  23
pass   1 (xz-):   5 found -   5 modified     |    TOTAL:  28
pass   2 (xz-):   0 found -   5 modified     |    TOTAL:  28
Iteration Number : 1
pass   1 (+++):   0 found -   0 modified     |    TOTAL:   0
pass   1 (+++):   0 found -   0 modified     |    TOTAL:   0
pass   1 (+++):   0 found -   0 modified     |    TOTAL:   0
pass   1 (+++):   0 found -   0 modified     |    TOTAL:   0
Iteration Number : 1
pass   1 (++):   0 found -   0 modified     |    TOTAL:   0
pass   1 (+-):   0 found -   0 modified     |    TOTAL:   0
pass   1 (--):   1 found -   1 modified     |    TOTAL:   1
pass   2 (--):   0 found -   1 modified     |    TOTAL:   1
pass   1 (-+):   0 found -   0 modified     |    TOTAL:   1
Iteration Number : 2
pass   1 (xy+):   0 found -   0 modified     |    TOTAL:   0
pass   1 (xy-):   0 found -   0 modified     |    TOTAL:   0
pass   1 (yz+):   1 found -   1 modified     |    TOTAL:   1
pass   2 (yz+):   0 found -   1 modified     |    TOTAL:   1
pass   1 (yz-):   0 found -   0 modified     |    TOTAL:   1
pass   1 (xz+):   0 found -   0 modified     |    TOTAL:   1
pass   1 (xz-):   0 found -   0 modified     |    TOTAL:   1
Iteration Number : 2
pass   1 (+++):   0 found -   0 modified     |    TOTAL:   0
pass   1 (+++):   0 found -   0 modified     |    TOTAL:   0
pass   1 (+++):   0 found -   0 modified     |    TOTAL:   0
pass   1 (+++):   0 found -   0 modified     |    TOTAL:   0
Iteration Number : 2
pass   1 (++):   0 found -   0 modified     |    TOTAL:   0
pass   1 (+-):   0 found -   0 modified     |    TOTAL:   0
pass   1 (--):   0 found -   0 modified     |    TOTAL:   0
pass   1 (-+):   0 found -   0 modified     |    TOTAL:   0
Iteration Number : 3
pass   1 (xy+):   0 found -   0 modified     |    TOTAL:   0
pass   1 (xy-):   0 found -   0 modified     |    TOTAL:   0
pass   1 (yz+):   0 found -   0 modified     |    TOTAL:   0
pass   1 (yz-):   0 found -   0 modified     |    TOTAL:   0
pass   1 (xz+):   0 found -   0 modified     |    TOTAL:   0
pass   1 (xz-):   0 found -   0 modified     |    TOTAL:   0
Iteration Number : 3
pass   1 (+++):   0 found -   0 modified     |    TOTAL:   0
pass   1 (+++):   0 found -   0 modified     |    TOTAL:   0
pass   1 (+++):   0 found -   0 modified     |    TOTAL:   0
pass   1 (+++):   0 found -   0 modified     |    TOTAL:   0
Iteration Number : 3
pass   1 (++):   0 found -   0 modified     |    TOTAL:   0
pass   1 (+-):   0 found -   0 modified     |    TOTAL:   0
pass   1 (--):   0 found -   0 modified     |    TOTAL:   0
pass   1 (-+):   0 found -   0 modified     |    TOTAL:   0

Total Number of Modified Voxels = 30 (out of 319746: 0.009382)
Ambiguous edge configurations... 

mri_pretess done


 mri_tessellate ../mri/filled-pretess127.mgz 127 ../surf/rh.orig.nofix 

7.3.2
  7.3.2
slice 40: 224 vertices, 255 faces
slice 50: 3911 vertices, 4090 faces
slice 60: 10601 vertices, 10871 faces
slice 70: 19463 vertices, 19798 faces
slice 80: 30068 vertices, 30486 faces
slice 90: 41437 vertices, 41837 faces
slice 100: 52784 vertices, 53163 faces
slice 110: 64852 vertices, 65281 faces
slice 120: 77370 vertices, 77804 faces
slice 130: 90058 vertices, 90500 faces
slice 140: 101731 vertices, 102158 faces
slice 150: 112156 vertices, 112539 faces
slice 160: 121450 vertices, 121789 faces
slice 170: 129158 vertices, 129466 faces
slice 180: 135639 vertices, 135910 faces
slice 190: 141998 vertices, 142272 faces
slice 200: 147144 vertices, 147346 faces
slice 210: 149392 vertices, 149462 faces
slice 220: 149406 vertices, 149468 faces
slice 230: 149406 vertices, 149468 faces
slice 240: 149406 vertices, 149468 faces
slice 250: 149406 vertices, 149468 faces
using the conformed surface RAS to save vertex points...
writing ../surf/rh.orig.nofix
using vox2ras matrix:
-1.00000   0.00000   0.00000   128.00000;
 0.00000   0.00000   1.00000  -128.00000;
 0.00000  -1.00000   0.00000   128.00000;
 0.00000   0.00000   0.00000   1.00000;

 rm -f ../mri/filled-pretess127.mgz 


 mris_extract_main_component ../surf/rh.orig.nofix ../surf/rh.orig.nofix 


counting number of connected components...
   149406 voxel in cpt #1: X=-62 [v=149406,e=448404,f=298936] located at (27.650890, -9.691806, -10.263309)
For the whole surface: X=-62 [v=149406,e=448404,f=298936]
One single component has been found
nothing to do
done

#--------------------------------------------
#@# Smooth1 rh Sun Mar  8 21:19:03 CET 2026
/out/sourcedata/freesurfer/sub-v1s14x0051576_ses-1/scripts

 mris_smooth -nw -seed 1234 ../surf/rh.orig.nofix ../surf/rh.smoothwm.nofix 

setting seed for random number generator to 1234
smoothing surface tessellation for 10 iterations...
smoothing complete - recomputing first and second fundamental forms...
#--------------------------------------------
#@# Inflation1 rh Sun Mar  8 21:19:06 CET 2026
/out/sourcedata/freesurfer/sub-v1s14x0051576_ses-1/scripts

 mris_inflate -no-save-sulc ../surf/rh.smoothwm.nofix ../surf/rh.inflated.nofix 

Not saving sulc
Reading ../surf/rh.smoothwm.nofix
avg radius = 48.2 mm, total surface area = 80414 mm^2
step 000: RMS=0.150 (target=0.015)   step 005: RMS=0.114 (target=0.015)   step 010: RMS=0.084 (target=0.015)   step 015: RMS=0.071 (target=0.015)   step 020: RMS=0.061 (target=0.015)   step 025: RMS=0.054 (target=0.015)   step 030: RMS=0.049 (target=0.015)   step 035: RMS=0.045 (target=0.015)   step 040: RMS=0.043 (target=0.015)   step 045: RMS=0.041 (target=0.015)   step 050: RMS=0.040 (target=0.015)   step 055: RMS=0.038 (target=0.015)   step 060: RMS=0.038 (target=0.015)   writing inflated surface to ../surf/rh.inflated.nofix
inflation took 0.3 minutes

inflation complete.
Not saving sulc
mris_inflate utimesec    61.005748
mris_inflate stimesec    2.393386
mris_inflate ru_maxrss   238496
mris_inflate ru_ixrss    0
mris_inflate ru_idrss    0
mris_inflate ru_isrss    0
mris_inflate ru_minflt   569471
mris_inflate ru_majflt   13
mris_inflate ru_nswap    0
mris_inflate ru_inblock  0
mris_inflate ru_oublock  10512
mris_inflate ru_msgsnd   0
mris_inflate ru_msgrcv   0
mris_inflate ru_nsignals 0
mris_inflate ru_nvcsw    9222
mris_inflate ru_nivcsw   320
#--------------------------------------------
#@# QSphere rh Sun Mar  8 21:19:22 CET 2026
/out/sourcedata/freesurfer/sub-v1s14x0051576_ses-1/scripts

 mris_sphere -q -p 6 -a 128 -seed 1234 ../surf/rh.inflated.nofix ../surf/rh.qsphere.nofix 

doing quick spherical unfolding.
limitting unfolding to 6 passes
using n_averages = 128
setting seed for random number genererator to 1234
version: 7.3.2
available threads: 16
scaling brain by 0.293...
inflating...
projecting onto sphere...
surface projected - minimizing metric distortion...
vertex spacing 0.96 +- 0.55 (0.00-->5.96) (max @ vno 54830 --> 54831)
face area 0.02 +- 0.03 (-0.11-->0.62)
Entering MRISinflateToSphere()
inflating to sphere (rms error < 2.00)
000: dt: 0.0000, rms radial error=177.175, avgs=0
005/300: dt: 0.9000, rms radial error=176.914, avgs=0
010/300: dt: 0.9000, rms radial error=176.355, avgs=0
015/300: dt: 0.9000, rms radial error=175.621, avgs=0
020/300: dt: 0.9000, rms radial error=174.784, avgs=0
025/300: dt: 0.9000, rms radial error=173.889, avgs=0
030/300: dt: 0.9000, rms radial error=172.962, avgs=0
035/300: dt: 0.9000, rms radial error=172.018, avgs=0
040/300: dt: 0.9000, rms radial error=171.067, avgs=0
045/300: dt: 0.9000, rms radial error=170.114, avgs=0
050/300: dt: 0.9000, rms radial error=169.163, avgs=0
055/300: dt: 0.9000, rms radial error=168.214, avgs=0
060/300: dt: 0.9000, rms radial error=167.268, avgs=0
065/300: dt: 0.9000, rms radial error=166.328, avgs=0
070/300: dt: 0.9000, rms radial error=165.391, avgs=0
075/300: dt: 0.9000, rms radial error=164.460, avgs=0
080/300: dt: 0.9000, rms radial error=163.533, avgs=0
085/300: dt: 0.9000, rms radial error=162.612, avgs=0
090/300: dt: 0.9000, rms radial error=161.696, avgs=0
095/300: dt: 0.9000, rms radial error=160.784, avgs=0
100/300: dt: 0.9000, rms radial error=159.878, avgs=0
105/300: dt: 0.9000, rms radial error=158.976, avgs=0
110/300: dt: 0.9000, rms radial error=158.079, avgs=0
115/300: dt: 0.9000, rms radial error=157.188, avgs=0
120/300: dt: 0.9000, rms radial error=156.301, avgs=0
125/300: dt: 0.9000, rms radial error=155.419, avgs=0
130/300: dt: 0.9000, rms radial error=154.543, avgs=0
135/300: dt: 0.9000, rms radial error=153.670, avgs=0
140/300: dt: 0.9000, rms radial error=152.803, avgs=0
145/300: dt: 0.9000, rms radial error=151.941, avgs=0
150/300: dt: 0.9000, rms radial error=151.084, avgs=0
155/300: dt: 0.9000, rms radial error=150.231, avgs=0
160/300: dt: 0.9000, rms radial error=149.384, avgs=0
165/300: dt: 0.9000, rms radial error=148.541, avgs=0
170/300: dt: 0.9000, rms radial error=147.702, avgs=0
175/300: dt: 0.9000, rms radial error=146.869, avgs=0
180/300: dt: 0.9000, rms radial error=146.040, avgs=0
185/300: dt: 0.9000, rms radial error=145.216, avgs=0
190/300: dt: 0.9000, rms radial error=144.396, avgs=0
195/300: dt: 0.9000, rms radial error=143.580, avgs=0
200/300: dt: 0.9000, rms radial error=142.770, avgs=0
205/300: dt: 0.9000, rms radial error=141.965, avgs=0
210/300: dt: 0.9000, rms radial error=141.164, avgs=0
215/300: dt: 0.9000, rms radial error=140.367, avgs=0
220/300: dt: 0.9000, rms radial error=139.575, avgs=0
225/300: dt: 0.9000, rms radial error=138.787, avgs=0
230/300: dt: 0.9000, rms radial error=138.004, avgs=0
235/300: dt: 0.9000, rms radial error=137.225, avgs=0
240/300: dt: 0.9000, rms radial error=136.450, avgs=0
245/300: dt: 0.9000, rms radial error=135.680, avgs=0
250/300: dt: 0.9000, rms radial error=134.914, avgs=0
255/300: dt: 0.9000, rms radial error=134.153, avgs=0
260/300: dt: 0.9000, rms radial error=133.395, avgs=0
265/300: dt: 0.9000, rms radial error=132.642, avgs=0
270/300: dt: 0.9000, rms radial error=131.894, avgs=0
275/300: dt: 0.9000, rms radial error=131.149, avgs=0
280/300: dt: 0.9000, rms radial error=130.408, avgs=0
285/300: dt: 0.9000, rms radial error=129.672, avgs=0
290/300: dt: 0.9000, rms radial error=128.940, avgs=0
295/300: dt: 0.9000, rms radial error=128.212, avgs=0
300/300: dt: 0.9000, rms radial error=127.488, avgs=0

spherical inflation complete.
epoch 1 (K=10.0), pass 1, starting sse = 17727.77
taking momentum steps...
taking momentum steps...
taking momentum steps...
taking momentum steps...
pass 1 complete, delta sse/iter = 0.00/13 = 0.00026
epoch 2 (K=40.0), pass 1, starting sse = 2973.21
taking momentum steps...
taking momentum steps...
taking momentum steps...
taking momentum steps...
pass 1 complete, delta sse/iter = 0.00/13 = 0.00003
epoch 3 (K=160.0), pass 1, starting sse = 301.56
taking momentum steps...
taking momentum steps...
taking momentum steps...
taking momentum steps...
pass 1 complete, delta sse/iter = 0.07/14 = 0.00511
epoch 4 (K=640.0), pass 1, starting sse = 20.86
taking momentum steps...
taking momentum steps...
taking momentum steps...
taking momentum steps...
pass 1 complete, delta sse/iter = 0.19/25 = 0.00746
final distance error %100000.00
writing spherical brain to ../surf/rh.qsphere.nofix
spherical transformation took 0.0253 hours
FSRUNTIME@ mris_sphere  0.0253 hours 16 threads
#VMPC# mris_sphere VmPeak  1573992
mris_sphere done
#@# Fix Topology rh Sun Mar  8 21:20:53 CET 2026

 mris_fix_topology -mgz -sphere qsphere.nofix -inflated inflated.nofix -orig orig.nofix -out orig.premesh -ga -seed 1234 sub-v1s14x0051576_ses-1 rh 

reading spherical homeomorphism from 'qsphere.nofix'
reading inflated coordinates from 'inflated.nofix'
reading original coordinates from 'orig.nofix'
using genetic algorithm with optimized parameters
setting seed for random number genererator to 1234

*************************************************************
Topology Correction Parameters
retessellation mode:           genetic search
number of patches/generation : 10
number of generations :        10
surface mri loglikelihood coefficient :         1.0
volume mri loglikelihood coefficient :          10.0
normal dot loglikelihood coefficient :          1.0
quadratic curvature loglikelihood coefficient : 1.0
volume resolution :                             2
eliminate vertices during search :              1
initial patch selection :                       1
select all defect vertices :                    0
ordering dependant retessellation:              0
use precomputed edge table :                    0
smooth retessellated patch :                    2
match retessellated patch :                     1
verbose mode :                                  0

*************************************************************
INFO: assuming .mgz format
writing corrected surface to 'orig.premesh'
7.3.2
  7.3.2
before topology correction, eno=-62 (nv=149406, nf=298936, ne=448404, g=32)
using quasi-homeomorphic spherical map to tessellate cortical surface...

Correction of the Topology
Finding true center and radius of Spherical Surface...done
Surface centered at (0,0,0) with radius 100.0 in 9 iterations
marking ambiguous vertices...
6122 ambiguous faces found in tessellation
segmenting defects...
31 defects found, arbitrating ambiguous regions...
analyzing neighboring defects...
      -merging segment 2 into 1
      -merging segment 9 into 8
      -merging segment 14 into 10
      -merging segment 24 into 25
      -merging segment 29 into 27
      -merging segment 28 into 27
25 defects to be corrected 
0 vertices coincident
reading input surface /out/sourcedata/freesurfer/sub-v1s14x0051576_ses-1/surf/rh.qsphere.nofix...
reading brain volume from brain...
reading wm segmentation from wm...
Reading original properties of orig.nofix
Reading vertex positions of inflated.nofix
Computing Initial Surface Statistics
      -face       loglikelihood: -9.3207  (-4.6603)
      -vertex     loglikelihood: -6.3152  (-3.1576)
      -normal dot loglikelihood: -3.6019  (-3.6019)
      -quad curv  loglikelihood: -6.1388  (-3.0694)
      Total Loglikelihood : -25.3766
CORRECTING DEFECT 0 (vertices=34, convex hull=68, v0=310)
After retessellation of defect 0 (v0=310), euler #=-25 (145647,435493,289821) : difference with theory (-22) = 3 
CORRECTING DEFECT 1 (vertices=68, convex hull=93, v0=1670)
After retessellation of defect 1 (v0=1670), euler #=-23 (145656,435561,289882) : difference with theory (-21) = 2 
CORRECTING DEFECT 2 (vertices=35, convex hull=31, v0=5062)
After retessellation of defect 2 (v0=5062), euler #=-22 (145659,435582,289901) : difference with theory (-20) = 2 
CORRECTING DEFECT 3 (vertices=163, convex hull=152, v0=8696)
After retessellation of defect 3 (v0=8696), euler #=-21 (145710,435805,290074) : difference with theory (-19) = 2 
CORRECTING DEFECT 4 (vertices=8, convex hull=25, v0=52443)
After retessellation of defect 4 (v0=52443), euler #=-20 (145713,435824,290091) : difference with theory (-18) = 2 
CORRECTING DEFECT 5 (vertices=334, convex hull=278, v0=57698)
After retessellation of defect 5 (v0=57698), euler #=-19 (145808,436251,290424) : difference with theory (-17) = 2 
CORRECTING DEFECT 6 (vertices=307, convex hull=305, v0=67063)
After retessellation of defect 6 (v0=67063), euler #=-18 (146008,437003,290977) : difference with theory (-16) = 2 
CORRECTING DEFECT 7 (vertices=365, convex hull=245, v0=71508)
After retessellation of defect 7 (v0=71508), euler #=-16 (146115,437440,291309) : difference with theory (-15) = 1 
CORRECTING DEFECT 8 (vertices=678, convex hull=413, v0=77130)
After retessellation of defect 8 (v0=77130), euler #=-15 (146302,438212,291895) : difference with theory (-14) = 1 
CORRECTING DEFECT 9 (vertices=16, convex hull=29, v0=79877)
After retessellation of defect 9 (v0=79877), euler #=-14 (146303,438228,291911) : difference with theory (-13) = 1 
CORRECTING DEFECT 10 (vertices=107, convex hull=145, v0=81126)
After retessellation of defect 10 (v0=81126), euler #=-13 (146358,438453,292082) : difference with theory (-12) = 1 
CORRECTING DEFECT 11 (vertices=28, convex hull=82, v0=81151)
After retessellation of defect 11 (v0=81151), euler #=-12 (146374,438532,292146) : difference with theory (-11) = 1 
CORRECTING DEFECT 12 (vertices=221, convex hull=168, v0=95388)
After retessellation of defect 12 (v0=95388), euler #=-11 (146411,438724,292302) : difference with theory (-10) = 1 
CORRECTING DEFECT 13 (vertices=18, convex hull=38, v0=98830)
After retessellation of defect 13 (v0=98830), euler #=-10 (146425,438779,292344) : difference with theory (-9) = 1 
CORRECTING DEFECT 14 (vertices=18, convex hull=21, v0=100336)
After retessellation of defect 14 (v0=100336), euler #=-9 (146427,438790,292354) : difference with theory (-8) = 1 
CORRECTING DEFECT 15 (vertices=17, convex hull=22, v0=101151)
After retessellation of defect 15 (v0=101151), euler #=-8 (146429,438806,292369) : difference with theory (-7) = 1 
CORRECTING DEFECT 16 (vertices=19, convex hull=38, v0=101284)
After retessellation of defect 16 (v0=101284), euler #=-7 (146438,438846,292401) : difference with theory (-6) = 1 
CORRECTING DEFECT 17 (vertices=25, convex hull=55, v0=103502)
After retessellation of defect 17 (v0=103502), euler #=-6 (146454,438913,292453) : difference with theory (-5) = 1 
CORRECTING DEFECT 18 (vertices=404, convex hull=255, v0=104566)
After retessellation of defect 18 (v0=104566), euler #=-6 (146592,439455,292857) : difference with theory (-4) = 2 
CORRECTING DEFECT 19 (vertices=39, convex hull=64, v0=111779)
After retessellation of defect 19 (v0=111779), euler #=-5 (146609,439531,292917) : difference with theory (-3) = 2 
CORRECTING DEFECT 20 (vertices=93, convex hull=61, v0=119651)
After retessellation of defect 20 (v0=119651), euler #=-4 (146632,439627,292991) : difference with theory (-2) = 2 
CORRECTING DEFECT 21 (vertices=310, convex hull=240, v0=126179)
After retessellation of defect 21 (v0=126179), euler #=-2 (146713,439985,293270) : difference with theory (-1) = 1 
CORRECTING DEFECT 22 (vertices=35, convex hull=55, v0=136319)
After retessellation of defect 22 (v0=136319), euler #=-1 (146723,440037,293313) : difference with theory (0) = 1 
CORRECTING DEFECT 23 (vertices=397, convex hull=222, v0=136321)
After retessellation of defect 23 (v0=136321), euler #=1 (146839,440500,293662) : difference with theory (1) = 0 
CORRECTING DEFECT 24 (vertices=22, convex hull=39, v0=147947)
After retessellation of defect 24 (v0=147947), euler #=2 (146840,440514,293676) : difference with theory (2) = 0 
computing original vertex metric properties...
storing new metric properties...
computing tessellation statistics...
vertex spacing 0.89 +- 0.23 (0.03-->9.81) (max @ vno 125370 --> 131040)
face area -nan +- -nan (1000.00-->-1.00)
performing soap bubble on retessellated vertices for 0 iterations...
vertex spacing 0.89 +- 0.23 (0.03-->9.81) (max @ vno 125370 --> 131040)
face area -nan +- -nan (1000.00-->-1.00)
tessellation finished, orienting corrected surface...
96 mutations (36.0%), 171 crossovers (64.0%), 188 vertices were eliminated
building final representation...
2566 vertices and 0 faces have been removed from triangulation
after topology correction, eno=2 (nv=146840, nf=293676, ne=440514, g=0)
writing corrected surface to /out/sourcedata/freesurfer/sub-v1s14x0051576_ses-1/surf/rh.orig.premesh...

0.000 % of the vertices (0 vertices) exhibit an orientation change
removing intersecting faces
000: 338 intersecting
001: 21 intersecting
002: 4 intersecting
terminating search with 0 intersecting
topology fixing took 2.6 minutes
FSRUNTIME@ mris_fix_topology rh  0.0432 hours 16 threads
#VMPC# mris_fix_topology VmPeak  1865500

 mris_euler_number ../surf/rh.orig.premesh 

euler # = v-e+f = 2g-2: 146840 - 440514 + 293676 = 2 --> 0 holes
      F =2V-4:          293676 = 293680-4 (0)
      2E=3F:            881028 = 881028 (0)

total defect index = 0
Sun Mar  8 21:23:29 CET 2026

setenv SUBJECTS_DIR /out/sourcedata/freesurfer
cd /out/sourcedata/freesurfer/sub-v1s14x0051576_ses-1/scripts
/opt/freesurfer/bin/defect2seg --s sub-v1s14x0051576_ses-1 --rh-only --cortex

freesurfer-linux-ubuntu22_x86_64-7.3.2-20220804-6354275
defect2seg 7.3.2
Linux dna010 5.14.0-427.37.1.el9_4.x86_64 #1 SMP PREEMPT_DYNAMIC Fri Sep 13 12:41:50 EDT 2024 x86_64 x86_64 x86_64 GNU/Linux
pid 2744757
mri_label2label --label-cortex /out/sourcedata/freesurfer/sub-v1s14x0051576_ses-1/surf/rh.orig.nofix /out/sourcedata/freesurfer/sub-v1s14x0051576_ses-1/mri/aseg.presurf.mgz 0 /out/sourcedata/freesurfer/sub-v1s14x0051576_ses-1/label/rh.nofix.cortex.label

 Generating cortex label... RemoveHipAmgy=0
 NucAccIsMedialWall=0
 mris->useRealRAS=0
12 non-cortical segments detected
only using segment with 8378 vertices
erasing segment 1 (vno[0] = 54773)
erasing segment 2 (vno[0] = 59573)
erasing segment 3 (vno[0] = 87954)
erasing segment 4 (vno[0] = 90473)
erasing segment 5 (vno[0] = 91717)
erasing segment 6 (vno[0] = 92866)
erasing segment 7 (vno[0] = 106810)
erasing segment 8 (vno[0] = 106838)
erasing segment 9 (vno[0] = 107985)
erasing segment 10 (vno[0] = 109859)
erasing segment 11 (vno[0] = 109882)
mri_label2vol --defects /out/sourcedata/freesurfer/sub-v1s14x0051576_ses-1/surf/rh.orig.nofix /out/sourcedata/freesurfer/sub-v1s14x0051576_ses-1/surf/rh.defect_labels /out/sourcedata/freesurfer/sub-v1s14x0051576_ses-1/mri/orig.mgz 2000 0 /out/sourcedata/freesurfer/sub-v1s14x0051576_ses-1/mri/rh.surface.defects.mgz /out/sourcedata/freesurfer/sub-v1s14x0051576_ses-1/label/rh.nofix.cortex.label
mri_label2vol supposed to be reproducible but seed not set
Contraining to label /out/sourcedata/freesurfer/sub-v1s14x0051576_ses-1/label/rh.nofix.cortex.label
Changing input type 0 to MRI_INT
Converting defects to volume: offset=2000, merge=0
Writing to /out/sourcedata/freesurfer/sub-v1s14x0051576_ses-1/mri/rh.surface.defects.mgz
mris_defects_pointset -s /out/sourcedata/freesurfer/sub-v1s14x0051576_ses-1/surf/rh.orig.nofix -d /out/sourcedata/freesurfer/sub-v1s14x0051576_ses-1/surf/rh.defect_labels -o /out/sourcedata/freesurfer/sub-v1s14x0051576_ses-1/surf/rh.defects.pointset --label /out/sourcedata/freesurfer/sub-v1s14x0051576_ses-1/label/rh.nofix.cortex.label
Reading in surface /out/sourcedata/freesurfer/sub-v1s14x0051576_ses-1/surf/rh.orig.nofix
Reading in defect segmentation /out/sourcedata/freesurfer/sub-v1s14x0051576_ses-1/surf/rh.defect_labels
Reading in label /out/sourcedata/freesurfer/sub-v1s14x0051576_ses-1/label/rh.nofix.cortex.label
#VMPC# mris_defects_pointset 1376788
mris_defects_pointset done
 
Started at Sun Mar 8 21:23:29 CET 2026 
Ended   at Sun Mar  8 21:23:48 CET 2026
Defect2seg-Run-Time-Sec 19
Defect2seg-Run-Time-Min 0.38
Defect2seg-Run-Time-Hours 0.01
 
tkmeditfv sub-v1s14x0051576_ses-1 brain.finalsurfs.mgz -defect
defect2seg Done

 mris_remesh --remesh --iters 3 --input /out/sourcedata/freesurfer/sub-v1s14x0051576_ses-1/surf/rh.orig.premesh --output /out/sourcedata/freesurfer/sub-v1s14x0051576_ses-1/surf/rh.orig 

iters = 3
standard remeshing without target
   adjusted l: 0.711901
remeshing to edge length 0.711901 with 3 iterations

avg qual before   : 0.891001  after: 0.971514

Removing intersections
Remeshed surface quality stats nv0 = 146840  nv = 153265  1.04376
Area    306526  0.30362  0.03348 0.082604   0.4802
Corner  919578 60.00000  8.74559 16.899043 145.9677
Edge    459789  0.84527  0.08199 0.463528   1.2561
Hinge   459789  9.50013  9.71860 0.000021 166.6454
mris_remesh done
/out/sourcedata/freesurfer/sub-v1s14x0051576_ses-1/scripts

 mris_remove_intersection ../surf/rh.orig ../surf/rh.orig 

intersection removal took 0.00 hours
writing corrected surface to ../surf/rh.orig

 rm -f ../surf/rh.inflated 

#--------------------------------------------
#@# AutoDetGWStats rh Sun Mar  8 21:24:36 CET 2026
cd /out/sourcedata/freesurfer/sub-v1s14x0051576_ses-1/mri
mris_autodet_gwstats --o ../surf/autodet.gw.stats.rh.dat --i brain.finalsurfs.mgz --wm wm.mgz --surf ../surf/rh.orig.premesh
7.3.2

cd /out/sourcedata/freesurfer/sub-v1s14x0051576_ses-1/mri
setenv SUBJECTS_DIR /out/sourcedata/freesurfer
mris_autodet_gwstats --o ../surf/autodet.gw.stats.rh.dat --i brain.finalsurfs.mgz --wm wm.mgz --surf ../surf/rh.orig.premesh 

border white:    287184 voxels (1.71%)
border gray      312926 voxels (1.87%)
Reading in intensity volume brain.finalsurfs.mgz
Reading in wm volume wm.mgz
Reading in surf ../surf/rh.orig.premesh
Auto detecting stats
MRIclipBrightWM(): nthresh=20195, wmmin=5, clip=110 
Binarizing thresholding at 5
computing class statistics... low=30, hi=110.000000
CCS WM (99.0): 99.1 +- 7.8 [70.0 --> 110.0]
CCS GM (74.0) : 72.8 +- 11.4 [30.0 --> 110.0]
white_mean = 99.1327 +/- 7.76323, gray_mean = 72.8273 +/- 11.427
using class modes intead of means, discounting robust sigmas....
MRIScomputeClassModes(): min=0 max=228 nbins=229
intensity peaks found at WM=103+-4.3,    GM=67+-10.4
white_mode = 103, gray_mode = 67
std_scale = 1
Applying sanity checks, max_scale_down = 0.2
setting MIN_GRAY_AT_WHITE_BORDER to 55.6 (was 70.000000)
setting MAX_BORDER_WHITE to 110.8 (was 105.000000)
setting MIN_BORDER_WHITE to 67.0 (was 85.000000)
setting MAX_CSF to 44.1 (was 40.000000)
setting MAX_GRAY to 95.2 (was 95.000000)
setting MAX_GRAY_AT_CSF_BORDER to 55.6 (was 75.000000)
setting MIN_GRAY_AT_CSF_BORDER to 32.7 (was 40.000000)
When placing the white surface
  white_border_hi   = 110.763;
  white_border_low  = 67;
  white_outside_low = 55.573;
  white_inside_hi   = 120;
  white_outside_hi  = 110.763;
When placing the pial surface
  pial_border_hi   = 55.573;
  pial_border_low  = 32.7191;
  pial_outside_low = 10;
  pial_inside_hi   = 95.2368;
  pial_outside_hi  = 49.8595;
#VMPC# mris_autodet_gwstats VmPeak  1351148
mris_autodet_gwstats done
#--------------------------------------------
#@# WhitePreAparc rh Sun Mar  8 21:24:39 CET 2026
cd /out/sourcedata/freesurfer/sub-v1s14x0051576_ses-1/mri
mris_place_surface --adgws-in ../surf/autodet.gw.stats.rh.dat --wm wm.mgz --threads 16 --invol brain.finalsurfs.mgz --rh --i ../surf/rh.orig --o ../surf/rh.white.preaparc --white --seg aseg.presurf.mgz --nsmooth 5
7.3.2
7.3.2

cd /out/sourcedata/freesurfer/sub-v1s14x0051576_ses-1/mri
setenv SUBJECTS_DIR /out/sourcedata/freesurfer
mris_place_surface --adgws-in ../surf/autodet.gw.stats.rh.dat --wm wm.mgz --threads 16 --invol brain.finalsurfs.mgz --rh --i ../surf/rh.orig --o ../surf/rh.white.preaparc --white --seg aseg.presurf.mgz --nsmooth 5 

Reading in input surface ../surf/rh.orig
Smoothing surface before ripping with 5 iterations
Area    306526  0.26901  0.06151 0.004023   0.5880
Corner  919578 60.00000  9.20359 14.819482 136.9908
Edge    459789  0.79189  0.11157 0.086377   1.3705
Hinge   459789  6.43285  6.23260 0.000002 150.9822
Not reading in aparc
Reading in input volume brain.finalsurfs.mgz
Reading in wm volume wm.mgz
MRIclipBrightWM(): nthresh=20195, wmmin=5, clip=110 
MRIfindBrightNonWM(): 1495 bright non-wm voxels segmented.
Masking bright non-wm for white surface
MRImask(): AllowDiffGeom = 1
MRImask(): AllowDiffGeom = 1
Reading in seg volume aseg.presurf.mgz
Ripping frozen voxels
INFO: rip surface needed but not specified, so using input surface
Freezing midline and others
Entering: MRISripMidline(): inhibiting deformation at non-cortical midline structures...
  which=1, fix_mtl=0, using annot = 0
#FML0# MRISripMidline(): nripped=0
removing 2 vertices from ripped group in thread:0
#FML# MRISripMidline(): nmarked=6372, nmarked2=21, nripped=6372
Ripping segs (eg, WMSA, BG, frozen)
Starting MRISripSegs() d = (-2 2 0.5) segnos: 247 
MRISripSegs(): -2 2 0.5 ripped 0
vertex 76633: xyz = (57.6074,1.37933,-43.281) oxyz = (57.6074,1.37933,-43.281) wxzy = (57.6074,1.37933,-43.281) pxyz = (0,0,0) 
CBVO Creating mask 153265
n_averages 4
Iteration 0 =========================================
n_averages=4, current_sigma=2
Freezing midline and others
Ripping frozen voxels
INFO: rip surface needed but not specified, so using input surface
Freezing midline and others
Entering: MRISripMidline(): inhibiting deformation at non-cortical midline structures...
  which=1, fix_mtl=0, using annot = 0
#FML0# MRISripMidline(): nripped=6372
removing 2 vertices from ripped group in thread:0
#FML# MRISripMidline(): nmarked=6372, nmarked2=21, nripped=6372
Ripping segs (eg, WMSA, BG, frozen)
Starting MRISripSegs() d = (-2 2 0.5) segnos: 247 247 
MRISripSegs(): -2 2 0.5 ripped 0
Computing target border values 
Entering MRIScomputeBorderValues_new(): 
  inside_hi   = 120.0000000;
  border_hi   = 110.7632290;
  border_low  =  67.0000000;
  outside_low =  55.5730210;
  outside_hi  = 110.7632290;
  sigma = 2;
  max_thickness = 10;
  step_size=0.5;
  STEP_SIZE=0.1;
  which = 1
  thresh = 0
  flags = 0
  CBVfindFirstPeakD1=0
  CBVfindFirstPeakD2=0
  nvertices=153265
  Gdiag_no=-1
  vno start=0, stop=153265
Replacing 255s with 0s
#SI# sigma=2 had to be increased for 108 vertices, nripped=6372
mean border=82.1, 68 (68) missing vertices, mean dist 0.2 [0.6 (%40.5)->0.8 (%59.5))]
%67 local maxima, %28 large gradients and % 0 min vals, 0 gradients ignored
nFirstPeakD1 0
MRIScomputeBorderValues_new() finished in 0.0234 min


Finding expansion regions
mean absolute distance = 0.75 +- 1.00
5492 vertices more than 2 sigmas from mean.
Averaging target values for 5 iterations...
Positioning Surface: tspring = 0.3, nspring = 0.3, spring = 0, niters = 100 l_repulse = 5, l_surf_repulse = 0, checktol = 0
Positioning pial surface
Entering MRISpositionSurface()
  max_mm = 0.3
  MAX_REDUCTIONS = 2, REDUCTION_PCT = 0.5
  parms->check_tol = 0, niterations = 100
tol=1.0e-04, sigma=2.0, host=dna01, nav=4, nbrs=2, l_repulse=5.000, l_tspring=0.300, l_nspring=0.300, l_intensity=0.200, l_curv=1.000
mom=0.00, dt=0.50
complete_dist_mat 0
rms 0
smooth_averages 0
remove_neg 0
ico_order 0
which_surface 0
target_radius 0.000000
nfields 0
scale 0.000000
desired_rms_height 0.000000
momentum 0.000000
nbhd_size 0
max_nbrs 0
niterations 100
nsurfaces 0
SURFACES 3
flags 0 (0)
use curv 0
no sulc 0
no rigid align 0
mris->nsize 2
mris->hemisphere 1
randomSeed 0

000: dt: 0.0000, sse=3641870.5, rms=10.875
001: dt: 0.5000, sse=1967166.8, rms=7.831 (27.985%)
002: dt: 0.5000, sse=1216350.4, rms=5.979 (23.651%)
003: dt: 0.5000, sse=846953.6, rms=4.805 (19.631%)
004: dt: 0.5000, sse=648375.8, rms=4.022 (16.309%)
005: dt: 0.5000, sse=549486.2, rms=3.564 (11.392%)
006: dt: 0.5000, sse=500638.7, rms=3.329 (6.592%)
007: dt: 0.5000, sse=487349.7, rms=3.246 (2.497%)
008: dt: 0.5000, sse=471487.0, rms=3.155 (2.800%)
rms = 3.1063/3.1547, sse=458495.1/471487.0, time step reduction 1 of 3 to 0.250  0 0 1
009: dt: 0.5000, sse=458495.1, rms=3.106 (1.533%)
010: dt: 0.2500, sse=268872.1, rms=1.756 (43.475%)
011: dt: 0.2500, sse=248011.5, rms=1.443 (17.804%)
012: dt: 0.2500, sse=237466.9, rms=1.351 (6.366%)
013: dt: 0.2500, sse=233395.1, rms=1.297 (4.010%)
rms = 1.2844/1.2972, sse=230444.1/233395.1, time step reduction 2 of 3 to 0.125  0 0 1
014: dt: 0.2500, sse=230444.2, rms=1.284 (0.984%)
015: dt: 0.1250, sse=226467.0, rms=1.234 (3.939%)
rms = 1.2173/1.2338, sse=226531.2/226467.0, time step reduction 3 of 3 to 0.062  0 1 1
016: dt: 0.1250, sse=226531.2, rms=1.217 (1.338%)
  maximum number of reductions reached, breaking from loop
positioning took 1.6 minutes
Iteration 1 =========================================
n_averages=2, current_sigma=1
Freezing midline and others
Ripping frozen voxels
INFO: rip surface needed but not specified, so using input surface
Freezing midline and others
Entering: MRISripMidline(): inhibiting deformation at non-cortical midline structures...
  which=1, fix_mtl=0, using annot = 0
#FML0# MRISripMidline(): nripped=6372
removing 2 vertices from ripped group in thread:0
removing 2 vertices from ripped group in thread:0
removing 2 vertices from ripped group in thread:0
removing 2 vertices from ripped group in thread:0
removing 3 vertices from ripped group in thread:0
removing 4 vertices from ripped group in thread:0
removing 3 vertices from ripped group in thread:0
#FML# MRISripMidline(): nmarked=6501, nmarked2=21, nripped=6501
Ripping segs (eg, WMSA, BG, frozen)
Starting MRISripSegs() d = (-2 2 0.5) segnos: 247 247 247 
MRISripSegs(): -2 2 0.5 ripped 0
Computing target border values 
Entering MRIScomputeBorderValues_new(): 
  inside_hi   = 120.0000000;
  border_hi   = 110.7632290;
  border_low  =  67.0000000;
  outside_low =  55.5730210;
  outside_hi  = 110.7632290;
  sigma = 1;
  max_thickness = 10;
  step_size=0.5;
  STEP_SIZE=0.1;
  which = 1
  thresh = 0
  flags = 0
  CBVfindFirstPeakD1=0
  CBVfindFirstPeakD2=0
  nvertices=153265
  Gdiag_no=-1
  vno start=0, stop=153265
Replacing 255s with 0s
#SI# sigma=1 had to be increased for 92 vertices, nripped=6501
mean border=84.4, 62 (15) missing vertices, mean dist -0.2 [0.5 (%66.8)->0.2 (%33.2))]
%73 local maxima, %23 large gradients and % 0 min vals, 0 gradients ignored
nFirstPeakD1 0
MRIScomputeBorderValues_new() finished in 0.0125 min


Finding expansion regions
mean absolute distance = 0.41 +- 0.74
5735 vertices more than 2 sigmas from mean.
Averaging target values for 5 iterations...
Positioning Surface: tspring = 0.3, nspring = 0.3, spring = 0, niters = 100 l_repulse = 5, l_surf_repulse = 0, checktol = 0
Positioning pial surface
Entering MRISpositionSurface()
  max_mm = 0.3
  MAX_REDUCTIONS = 2, REDUCTION_PCT = 0.5
  parms->check_tol = 0, niterations = 100
tol=1.0e-04, sigma=1.0, host=dna01, nav=2, nbrs=2, l_repulse=5.000, l_tspring=0.300, l_nspring=0.300, l_intensity=0.200, l_curv=1.000
mom=0.00, dt=0.50
000: dt: 0.0000, sse=817710.3, rms=4.459
017: dt: 0.5000, sse=494506.3, rms=3.013 (32.432%)
018: dt: 0.5000, sse=463539.6, rms=2.817 (6.493%)
rms = 2.7903/2.8174, sse=458190.5/463539.6, time step reduction 1 of 3 to 0.250  0 0 1
019: dt: 0.5000, sse=458190.5, rms=2.790 (0.963%)
020: dt: 0.2500, sse=316056.4, rms=1.686 (39.572%)
021: dt: 0.2500, sse=286949.5, rms=1.388 (17.683%)
022: dt: 0.2500, sse=285007.7, rms=1.313 (5.386%)
023: dt: 0.2500, sse=278421.8, rms=1.201 (8.528%)
024: dt: 0.2500, sse=274967.8, rms=1.146 (4.600%)
025: dt: 0.2500, sse=272039.5, rms=1.077 (6.019%)
rms = 1.0676/1.0770, sse=271471.8/272039.5, time step reduction 2 of 3 to 0.125  0 0 1
026: dt: 0.2500, sse=271471.8, rms=1.068 (0.870%)
027: dt: 0.1250, sse=265554.7, rms=1.000 (6.329%)
rms = 0.9791/1.0000, sse=268938.7/265554.7, time step reduction 3 of 3 to 0.062  0 1 1
028: dt: 0.1250, sse=268938.7, rms=0.979 (2.099%)
  maximum number of reductions reached, breaking from loop
positioning took 1.2 minutes
Iteration 2 =========================================
n_averages=1, current_sigma=0.5
Freezing midline and others
Ripping frozen voxels
INFO: rip surface needed but not specified, so using input surface
Freezing midline and others
Entering: MRISripMidline(): inhibiting deformation at non-cortical midline structures...
  which=1, fix_mtl=0, using annot = 0
#FML0# MRISripMidline(): nripped=6501
removing 2 vertices from ripped group in thread:0
removing 3 vertices from ripped group in thread:0
removing 3 vertices from ripped group in thread:0
#FML# MRISripMidline(): nmarked=6510, nmarked2=21, nripped=6510
Ripping segs (eg, WMSA, BG, frozen)
Starting MRISripSegs() d = (-2 2 0.5) segnos: 247 247 247 247 
MRISripSegs(): -2 2 0.5 ripped 0
Computing target border values 
Entering MRIScomputeBorderValues_new(): 
  inside_hi   = 120.0000000;
  border_hi   = 110.7632290;
  border_low  =  67.0000000;
  outside_low =  55.5730210;
  outside_hi  = 110.7632290;
  sigma = 0.5;
  max_thickness = 10;
  step_size=0.5;
  STEP_SIZE=0.1;
  which = 1
  thresh = 0
  flags = 0
  CBVfindFirstPeakD1=0
  CBVfindFirstPeakD2=0
  nvertices=153265
  Gdiag_no=-1
  vno start=0, stop=153265
Replacing 255s with 0s
#SI# sigma=0.5 had to be increased for 298 vertices, nripped=6510
mean border=86.4, 92 (13) missing vertices, mean dist -0.2 [0.3 (%68.8)->0.2 (%31.2))]
%82 local maxima, %14 large gradients and % 0 min vals, 0 gradients ignored
nFirstPeakD1 0
MRIScomputeBorderValues_new() finished in 0.0072 min


Finding expansion regions
mean absolute distance = 0.30 +- 0.49
4582 vertices more than 2 sigmas from mean.
Averaging target values for 5 iterations...
Positioning Surface: tspring = 0.3, nspring = 0.3, spring = 0, niters = 100 l_repulse = 5, l_surf_repulse = 0, checktol = 0
Positioning pial surface
Entering MRISpositionSurface()
  max_mm = 0.3
  MAX_REDUCTIONS = 2, REDUCTION_PCT = 0.5
  parms->check_tol = 0, niterations = 100
tol=1.0e-04, sigma=0.5, host=dna01, nav=1, nbrs=2, l_repulse=5.000, l_tspring=0.300, l_nspring=0.300, l_intensity=0.200, l_curv=1.000
mom=0.00, dt=0.50
000: dt: 0.0000, sse=542957.2, rms=3.251
029: dt: 0.5000, sse=389640.1, rms=2.307 (29.044%)
rms = 2.3841/2.3067, sse=402971.5/389640.1, time step reduction 1 of 3 to 0.250  0 1 1
   RMS increased, rejecting step
030: dt: 0.2500, sse=310122.8, rms=1.624 (29.583%)
031: dt: 0.2500, sse=277769.2, rms=1.144 (29.573%)
032: dt: 0.2500, sse=266697.0, rms=0.982 (14.184%)
rms = 0.9319/0.9817, sse=269774.4/266697.0, time step reduction 2 of 3 to 0.125  0 1 1
033: dt: 0.2500, sse=269774.3, rms=0.932 (5.072%)
034: dt: 0.1250, sse=257996.3, rms=0.862 (7.472%)
rms = 0.8485/0.8623, sse=256727.6/257996.3, time step reduction 3 of 3 to 0.062  0 0 1
035: dt: 0.1250, sse=256727.6, rms=0.848 (1.599%)
  maximum number of reductions reached, breaking from loop
positioning took 0.7 minutes
Iteration 3 =========================================
n_averages=0, current_sigma=0.25
Freezing midline and others
Ripping frozen voxels
INFO: rip surface needed but not specified, so using input surface
Freezing midline and others
Entering: MRISripMidline(): inhibiting deformation at non-cortical midline structures...
  which=1, fix_mtl=0, using annot = 0
#FML0# MRISripMidline(): nripped=6510
removing 2 vertices from ripped group in thread:0
removing 4 vertices from ripped group in thread:0
removing 3 vertices from ripped group in thread:0
#FML# MRISripMidline(): nmarked=6518, nmarked2=21, nripped=6518
Ripping segs (eg, WMSA, BG, frozen)
Starting MRISripSegs() d = (-2 2 0.5) segnos: 247 247 247 247 247 
MRISripSegs(): -2 2 0.5 ripped 0
Computing target border values 
Entering MRIScomputeBorderValues_new(): 
  inside_hi   = 120.0000000;
  border_hi   = 110.7632290;
  border_low  =  67.0000000;
  outside_low =  55.5730210;
  outside_hi  = 110.7632290;
  sigma = 0.25;
  max_thickness = 10;
  step_size=0.5;
  STEP_SIZE=0.1;
  which = 1
  thresh = 0
  flags = 0
  CBVfindFirstPeakD1=0
  CBVfindFirstPeakD2=0
  nvertices=153265
  Gdiag_no=-1
  vno start=0, stop=153265
Replacing 255s with 0s
#SI# sigma=0.25 had to be increased for 301 vertices, nripped=6518
mean border=87.0, 133 (11) missing vertices, mean dist -0.1 [0.3 (%57.2)->0.2 (%42.8))]
%85 local maxima, %10 large gradients and % 0 min vals, 0 gradients ignored
nFirstPeakD1 0
MRIScomputeBorderValues_new() finished in 0.0044 min


Finding expansion regions
mean absolute distance = 0.24 +- 0.39
4594 vertices more than 2 sigmas from mean.
Averaging target values for 5 iterations...
Positioning Surface: tspring = 0.3, nspring = 0.3, spring = 0, niters = 100 l_repulse = 5, l_surf_repulse = 0, checktol = 0
Positioning pial surface
Entering MRISpositionSurface()
  max_mm = 0.3
  MAX_REDUCTIONS = 2, REDUCTION_PCT = 0.5
  parms->check_tol = 0, niterations = 100
tol=1.0e-04, sigma=0.2, host=dna01, nav=0, nbrs=2, l_repulse=5.000, l_tspring=0.300, l_nspring=0.300, l_intensity=0.200, l_curv=1.000
mom=0.00, dt=0.50
000: dt: 0.0000, sse=306244.4, rms=1.592
036: dt: 0.5000, sse=300068.1, rms=1.491 (6.349%)
rms = 1.8398/1.4908, sse=331857.4/300068.1, time step reduction 1 of 3 to 0.250  0 1 1
   RMS increased, rejecting step
037: dt: 0.2500, sse=257745.7, rms=0.949 (36.329%)
038: dt: 0.2500, sse=251124.2, rms=0.833 (12.282%)
039: dt: 0.2500, sse=250624.0, rms=0.769 (7.583%)
rms = 0.8066/0.7695, sse=257559.7/250624.0, time step reduction 2 of 3 to 0.125  0 1 1
   RMS increased, rejecting step
rms = 0.7242/0.7695, sse=247213.8/250624.0, time step reduction 3 of 3 to 0.062  0 0 1
040: dt: 0.1250, sse=247213.8, rms=0.724 (5.877%)
  maximum number of reductions reached, breaking from loop
positioning took 0.6 minutes


Writing output to ../surf/rh.white.preaparc
#ET# mris_place_surface  4.31 minutes
#VMPC# mris_place_surfaces VmPeak  3414996
mris_place_surface done
#--------------------------------------------
#@# CortexLabel rh Sun Mar  8 21:29:05 CET 2026
cd /out/sourcedata/freesurfer/sub-v1s14x0051576_ses-1/mri
mri_label2label --label-cortex ../surf/rh.white.preaparc aseg.presurf.mgz 0 ../label/rh.cortex.label

 Generating cortex label... RemoveHipAmgy=0
 NucAccIsMedialWall=0
 mris->useRealRAS=0
9 non-cortical segments detected
only using segment with 8685 vertices
erasing segment 1 (vno[0] = 51050)
erasing segment 2 (vno[0] = 52905)
erasing segment 3 (vno[0] = 75167)
erasing segment 4 (vno[0] = 79023)
erasing segment 5 (vno[0] = 91755)
erasing segment 6 (vno[0] = 93751)
erasing segment 7 (vno[0] = 127420)
erasing segment 8 (vno[0] = 129096)
#--------------------------------------------
#@# CortexLabel+HipAmyg rh Sun Mar  8 21:29:23 CET 2026
cd /out/sourcedata/freesurfer/sub-v1s14x0051576_ses-1/mri
mri_label2label --label-cortex ../surf/rh.white.preaparc aseg.presurf.mgz 1 ../label/rh.cortex+hipamyg.label

 Generating cortex label... RemoveHipAmgy=1
 NucAccIsMedialWall=0
 mris->useRealRAS=0
15 non-cortical segments detected
only using segment with 5978 vertices
erasing segment 1 (vno[0] = 51050)
erasing segment 2 (vno[0] = 52141)
erasing segment 3 (vno[0] = 52905)
erasing segment 4 (vno[0] = 53218)
erasing segment 5 (vno[0] = 56272)
erasing segment 6 (vno[0] = 61354)
erasing segment 7 (vno[0] = 75167)
erasing segment 8 (vno[0] = 75543)
erasing segment 9 (vno[0] = 79023)
erasing segment 10 (vno[0] = 83405)
erasing segment 11 (vno[0] = 88891)
erasing segment 12 (vno[0] = 93751)
erasing segment 13 (vno[0] = 129096)
erasing segment 14 (vno[0] = 145337)
#--------------------------------------------
#@# Smooth2 rh Sun Mar  8 21:29:40 CET 2026
/out/sourcedata/freesurfer/sub-v1s14x0051576_ses-1/scripts

 mris_smooth -n 3 -nw -seed 1234 ../surf/rh.white.preaparc ../surf/rh.smoothwm 

smoothing for 3 iterations
setting seed for random number generator to 1234
smoothing surface tessellation for 3 iterations...
smoothing complete - recomputing first and second fundamental forms...
#--------------------------------------------
#@# Inflation2 rh Sun Mar  8 21:29:44 CET 2026
/out/sourcedata/freesurfer/sub-v1s14x0051576_ses-1/scripts

 mris_inflate ../surf/rh.smoothwm ../surf/rh.inflated 

Reading ../surf/rh.smoothwm
avg radius = 48.2 mm, total surface area = 92045 mm^2
step 000: RMS=0.165 (target=0.015)   step 005: RMS=0.113 (target=0.015)   step 010: RMS=0.083 (target=0.015)   step 015: RMS=0.069 (target=0.015)   step 020: RMS=0.057 (target=0.015)   step 025: RMS=0.047 (target=0.015)   step 030: RMS=0.040 (target=0.015)   step 035: RMS=0.034 (target=0.015)   step 040: RMS=0.029 (target=0.015)   step 045: RMS=0.025 (target=0.015)   step 050: RMS=0.022 (target=0.015)   step 055: RMS=0.021 (target=0.015)   step 060: RMS=0.020 (target=0.015)   writing inflated surface to ../surf/rh.inflated
writing sulcal depths to ../surf/rh.sulc

inflation complete.
inflation took 0.3 minutes
mris_inflate utimesec    67.776479
mris_inflate stimesec    1.068470
mris_inflate ru_maxrss   241120
mris_inflate ru_ixrss    0
mris_inflate ru_idrss    0
mris_inflate ru_isrss    0
mris_inflate ru_minflt   234258
mris_inflate ru_majflt   12
mris_inflate ru_nswap    0
mris_inflate ru_inblock  0
mris_inflate ru_oublock  11984
mris_inflate ru_msgsnd   0
mris_inflate ru_msgrcv   0
mris_inflate ru_nsignals 0
mris_inflate ru_nvcsw    11571
mris_inflate ru_nivcsw   250
#--------------------------------------------
#@# Curv .H and .K rh Sun Mar  8 21:30:01 CET 2026
/out/sourcedata/freesurfer/sub-v1s14x0051576_ses-1/surf

 mris_curvature -w -seed 1234 rh.white.preaparc 

setting seed for random number generator to 1234
total integrated curvature = 17.845*4pi (224.241) --> -17 handles
ICI = 153.2, FI = 1515.3, variation=23910.526
writing Gaussian curvature to ./rh.white.preaparc.K...done.
writing mean curvature to ./rh.white.preaparc.H...done.
rm -f rh.white.H
ln -s rh.white.preaparc.H rh.white.H
rm -f rh.white.K
ln -s rh.white.preaparc.K rh.white.K

 mris_curvature -seed 1234 -thresh .999 -n -a 5 -w -distances 10 10 rh.inflated 

setting seed for random number generator to 1234
normalizing curvature values.
averaging curvature patterns 5 times.
sampling 10 neighbors out to a distance of 10 mm
195 vertices thresholded to be in k1 ~ [-0.37 0.98], k2 ~ [-0.14 0.12]
total integrated curvature = 0.645*4pi (8.099) --> 0 handles
ICI = 1.7, FI = 11.0, variation=184.762
151 vertices thresholded to be in [-0.04 0.02]
writing Gaussian curvature to ./rh.inflated.K...thresholding curvature at 99.90% level
curvature mean = 0.000, std = 0.001
142 vertices thresholded to be in [-0.13 0.39]
done.
writing mean curvature to ./rh.inflated.H...curvature mean = -0.014, std = 0.026
done.
#--------------------------------------------
#@# Sphere rh Sun Mar  8 21:30:53 CET 2026
/out/sourcedata/freesurfer/sub-v1s14x0051576_ses-1/scripts

 mris_sphere -seed 1234 ../surf/rh.inflated ../surf/rh.sphere 

setting seed for random number genererator to 1234
version: 7.3.2
available threads: 16
reading original vertex positions...
projecting onto sphere...
surface projected - minimizing metric distortion...
scaling brain by 0.272...
MRISunfold() max_passes = 1 -------
tol=5.0e-01, sigma=0.0, host=dna01, nav=1024, nbrs=2, l_area=1.000, l_dist=1.000
using quadratic fit line minimization
complete_dist_mat 0
rms 0
smooth_averages 0
remove_neg 0
ico_order 0
which_surface 0
target_radius 0.000000
nfields 0
scale 1.000000
desired_rms_height -1.000000
momentum 0.900000
nbhd_size 7
max_nbrs 8
niterations 25
nsurfaces 0
SURFACES 3
flags 0 (0)
use curv 0
no sulc 0
no rigid align 0
mris->nsize 2
mris->hemisphere 1
randomSeed 1234

singular matrix in quadratic form
singular matrix in quadratic form
singular matrix in quadratic form
--------------------
  mrisRemoveNegativeArea()
pass 1: epoch 1 of 3 starting distance error %20.56
pass 1: epoch 2 of 3 starting distance error %20.56
unfolding complete - removing small folds...
starting distance error %20.49
removing remaining folds...
final distance error %20.53
MRISunfold() return, current seed 1234
-01: dt=0.0000,  52 negative triangles  VmPeak 1625284
170: dt=0.9900,  52 negative triangles
171: dt=0.9900,  43 negative triangles
172: dt=0.9900,  38 negative triangles
173: dt=0.9900,  38 negative triangles
174: dt=0.9900,  34 negative triangles
175: dt=0.9900,  29 negative triangles
176: dt=0.9900,  29 negative triangles
177: dt=0.9900,  29 negative triangles
178: dt=0.9900,  24 negative triangles
179: dt=0.9900,  26 negative triangles
180: dt=0.9900,  22 negative triangles
181: dt=0.9900,  17 negative triangles
182: dt=0.9900,  23 negative triangles
183: dt=0.9900,  17 negative triangles
184: dt=0.9900,  18 negative triangles
185: dt=0.9900,  16 negative triangles
186: dt=0.9900,  22 negative triangles
187: dt=0.9900,  19 negative triangles
188: dt=0.9900,  17 negative triangles
189: dt=0.9900,  15 negative triangles
190: dt=0.9900,  22 negative triangles
191: dt=0.9900,  16 negative triangles
192: dt=0.9900,  19 negative triangles
193: dt=0.9900,  18 negative triangles
194: dt=0.9900,  20 negative triangles
195: dt=0.9900,  15 negative triangles
196: dt=0.9900,  20 negative triangles
197: dt=0.9900,  16 negative triangles
198: dt=0.9900,  17 negative triangles
199: dt=0.9405,  15 negative triangles
200: dt=0.9405,  16 negative triangles
201: dt=0.9405,  14 negative triangles
202: dt=0.9405,  16 negative triangles
203: dt=0.9405,  15 negative triangles
204: dt=0.9405,  18 negative triangles
205: dt=0.9405,  15 negative triangles
206: dt=0.9405,  14 negative triangles
207: dt=0.9405,  11 negative triangles
208: dt=0.9405,  15 negative triangles
209: dt=0.9405,  11 negative triangles
210: dt=0.9405,  13 negative triangles
211: dt=0.9405,   9 negative triangles
212: dt=0.9405,  10 negative triangles
213: dt=0.9405,  10 negative triangles
214: dt=0.9405,  10 negative triangles
215: dt=0.9405,   7 negative triangles
216: dt=0.9405,  13 negative triangles
217: dt=0.9405,   8 negative triangles
218: dt=0.9405,   5 negative triangles
219: dt=0.9405,   8 negative triangles
220: dt=0.9405,   4 negative triangles
221: dt=0.9405,   4 negative triangles
222: dt=0.9405,  10 negative triangles
223: dt=0.9405,   5 negative triangles
224: dt=0.9405,   4 negative triangles
225: dt=0.9405,   2 negative triangles
226: dt=0.9405,   3 negative triangles
227: dt=0.9405,   2 negative triangles
writing spherical brain to ../surf/rh.sphere
spherical transformation took 0.0679 hours
FSRUNTIME@ mris_sphere  0.0679 hours 16 threads
#VMPC# mris_sphere VmPeak  1625284
mris_sphere done
#--------------------------------------------
#@# Surf Reg rh Sun Mar  8 21:34:58 CET 2026
/out/sourcedata/freesurfer/sub-v1s14x0051576_ses-1/scripts

 mris_register -curv ../surf/rh.sphere /opt/freesurfer/average/rh.folding.atlas.acfb40.noaparc.i12.2016-08-02.tif ../surf/rh.sphere.reg 

using smoothwm curvature for final alignment

cwd /out/sourcedata/freesurfer/sub-v1s14x0051576_ses-1/scripts
cmdline mris_register -curv ../surf/rh.sphere /opt/freesurfer/average/rh.folding.atlas.acfb40.noaparc.i12.2016-08-02.tif ../surf/rh.sphere.reg 

0 inflated.H
1 sulc
2 smoothwm (computed)
7.3.2
  7.3.2
reading surface from ../surf/rh.sphere...
reading template parameterization from /opt/freesurfer/average/rh.folding.atlas.acfb40.noaparc.i12.2016-08-02.tif...
MRISregister() -------
max_passes = 4 
min_degrees = 0.500000 
max_degrees = 64.000000 
nangles = 8 
tol=5.0e-01, sigma=0.0, host=dna01, nav=1024, nbrs=1, l_extern=10000.000, l_parea=0.200, l_nlarea=1.000, l_corr=1.000, l_dist=5.000
using quadratic fit line minimization
complete_dist_mat 0
rms 0
smooth_averages 0
remove_neg 0
ico_order 0
which_surface 0
target_radius 0.000000
nfields 0
scale 0.000000
desired_rms_height -1.000000
momentum 0.950000
nbhd_size -10
max_nbrs 10
niterations 25
nsurfaces 0
SURFACES 3
flags 16 (10)
use curv 16
no sulc 0
no rigid align 0
mris->nsize 1
mris->hemisphere 1
randomSeed 0

tol=5.0e-01, sigma=0.0, host=dna01, nav=1024, nbrs=1, l_extern=10000.000, l_parea=0.200, l_nlarea=1.000, l_corr=1.000, l_dist=5.000
using quadratic fit line minimization
--------------------
1 Reading rh.sulc
tol=1.0e+00, sigma=0.5, host=dna01, nav=1024, nbrs=1, l_extern=10000.000, l_parea=0.200, l_nlarea=1.000, l_corr=0.050, l_spring=0.500, l_dist=5.000
using quadratic fit line minimization
curvature mean = -0.000, std = 5.478
curvature mean = 0.037, std = 0.813
curvature mean = 0.011, std = 0.848
Starting MRISrigidBodyAlignGlobal()
Starting new MRISrigidBodyAlignGlobal_findMinSSE()
  new MRISrigidBodyAlignGlobal_findMinSSE min @ (10.00, -6.00, 5.00) sse = 295273.3, elapsed since starting=0.1452 min
MRISrigidBodyAlignGlobal() done   0.15 min
curvature mean = 0.012, std = 0.819
curvature mean = 0.003, std = 0.944
curvature mean = 0.006, std = 0.825
curvature mean = 0.001, std = 0.978
curvature mean = 0.003, std = 0.825
curvature mean = 0.000, std = 0.991
2 Reading smoothwm
curvature mean = -0.017, std = 0.264
curvature mean = 0.038, std = 0.242
curvature mean = 0.036, std = 0.372
curvature mean = 0.035, std = 0.298
curvature mean = 0.023, std = 0.567
curvature mean = 0.035, std = 0.325
curvature mean = 0.013, std = 0.709
curvature mean = 0.034, std = 0.337
curvature mean = 0.004, std = 0.816
MRISregister() return, current seed 0
-01: dt=0.0000,  44 negative triangles  VmPeak 2077240
111: dt=0.9900,  44 negative triangles
112: dt=0.9900,  40 negative triangles
113: dt=0.9900,  34 negative triangles
114: dt=0.9900,  38 negative triangles
115: dt=0.9900,  34 negative triangles
116: dt=0.9900,  31 negative triangles
117: dt=0.9900,  34 negative triangles
118: dt=0.9900,  34 negative triangles
119: dt=0.9900,  33 negative triangles
120: dt=0.9900,  34 negative triangles
121: dt=0.9900,  32 negative triangles
122: dt=0.9900,  35 negative triangles
123: dt=0.9900,  33 negative triangles
124: dt=0.9900,  31 negative triangles
125: dt=0.9900,  32 negative triangles
126: dt=0.9405,  31 negative triangles
127: dt=0.9405,  33 negative triangles
128: dt=0.9405,  30 negative triangles
129: dt=0.9405,  35 negative triangles
130: dt=0.9405,  32 negative triangles
131: dt=0.9405,  31 negative triangles
132: dt=0.9405,  34 negative triangles
133: dt=0.9405,  32 negative triangles
134: dt=0.9405,  31 negative triangles
135: dt=0.9405,  32 negative triangles
136: dt=0.9405,  38 negative triangles
137: dt=0.9405,  35 negative triangles
138: dt=0.8935,  32 negative triangles
139: dt=0.8935,  34 negative triangles
140: dt=0.8935,  32 negative triangles
141: dt=0.8935,  33 negative triangles
142: dt=0.8935,  35 negative triangles
143: dt=0.8935,  32 negative triangles
144: dt=0.8935,  31 negative triangles
145: dt=0.8935,  33 negative triangles
146: dt=0.8935,  33 negative triangles
147: dt=0.8935,  31 negative triangles
148: dt=0.8488,  36 negative triangles
149: dt=0.8488,  33 negative triangles
150: dt=0.8488,  29 negative triangles
151: dt=0.8488,  36 negative triangles
152: dt=0.8488,  31 negative triangles
153: dt=0.8488,  38 negative triangles
154: dt=0.8488,  34 negative triangles
155: dt=0.8488,  30 negative triangles
156: dt=0.8488,  33 negative triangles
157: dt=0.8488,  32 negative triangles
158: dt=0.8488,  32 negative triangles
159: dt=0.8488,  30 negative triangles
160: dt=0.8064,  33 negative triangles
161: dt=0.8064,  28 negative triangles
162: dt=0.8064,  33 negative triangles
163: dt=0.8064,  30 negative triangles
164: dt=0.8064,  31 negative triangles
165: dt=0.8064,  35 negative triangles
166: dt=0.8064,  32 negative triangles
167: dt=0.8064,  33 negative triangles
168: dt=0.8064,  31 negative triangles
169: dt=0.8064,  31 negative triangles
170: dt=0.8064,  29 negative triangles
171: dt=0.7660,  31 negative triangles
172: dt=0.7660,  31 negative triangles
173: dt=0.7660,  26 negative triangles
174: dt=0.7660,  32 negative triangles
175: dt=0.7660,  35 negative triangles
176: dt=0.7660,  32 negative triangles
177: dt=0.7660,  26 negative triangles
178: dt=0.7660,  31 negative triangles
179: dt=0.7660,  28 negative triangles
180: dt=0.7660,  28 negative triangles
181: dt=0.7660,  25 negative triangles
182: dt=0.7660,  29 negative triangles
183: dt=0.7660,  28 negative triangles
184: dt=0.7660,  30 negative triangles
185: dt=0.7660,  26 negative triangles
186: dt=0.7660,  29 negative triangles
187: dt=0.7660,  28 negative triangles
188: dt=0.7660,  27 negative triangles
189: dt=0.7660,  24 negative triangles
190: dt=0.7660,  27 negative triangles
191: dt=0.7660,  28 negative triangles
192: dt=0.7660,  29 negative triangles
193: dt=0.7660,  26 negative triangles
194: dt=0.7660,  29 negative triangles
195: dt=0.7660,  26 negative triangles
196: dt=0.7660,  25 negative triangles
197: dt=0.7660,  27 negative triangles
198: dt=0.7660,  30 negative triangles
199: dt=0.7277,  27 negative triangles
200: dt=0.7277,  31 negative triangles
201: dt=0.7277,  28 negative triangles
202: dt=0.7277,  25 negative triangles
203: dt=0.7277,  28 negative triangles
204: dt=0.7277,  25 negative triangles
205: dt=0.7277,  29 negative triangles
206: dt=0.7277,  26 negative triangles
207: dt=0.7277,  25 negative triangles
208: dt=0.7277,  27 negative triangles
209: dt=0.6914,  29 negative triangles
210: dt=0.6914,  28 negative triangles
211: dt=0.6914,  24 negative triangles
212: dt=0.6914,  27 negative triangles
213: dt=0.6914,  29 negative triangles
214: dt=0.6914,  27 negative triangles
215: dt=0.6914,  25 negative triangles
216: dt=0.6914,  25 negative triangles
217: dt=0.6914,  26 negative triangles
218: dt=0.6914,  23 negative triangles
219: dt=0.6914,  25 negative triangles
220: dt=0.6914,  25 negative triangles
221: dt=0.6914,  27 negative triangles
222: dt=0.6914,  24 negative triangles
223: dt=0.6914,  26 negative triangles
224: dt=0.6914,  23 negative triangles
225: dt=0.6914,  24 negative triangles
226: dt=0.6914,  23 negative triangles
227: dt=0.6914,  24 negative triangles
228: dt=0.6914,  20 negative triangles
229: dt=0.6914,  21 negative triangles
230: dt=0.6914,  23 negative triangles
231: dt=0.6914,  19 negative triangles
232: dt=0.6914,  18 negative triangles
233: dt=0.6914,  21 negative triangles
234: dt=0.6914,  18 negative triangles
235: dt=0.6914,  18 negative triangles
236: dt=0.6914,  19 negative triangles
237: dt=0.6914,  16 negative triangles
238: dt=0.6914,  16 negative triangles
239: dt=0.6914,  15 negative triangles
240: dt=0.6914,  16 negative triangles
241: dt=0.6914,  15 negative triangles
242: dt=0.6914,  18 negative triangles
243: dt=0.6914,  14 negative triangles
244: dt=0.6914,  17 negative triangles
245: dt=0.6914,  18 negative triangles
246: dt=0.6914,  14 negative triangles
247: dt=0.6914,  15 negative triangles
248: dt=0.6914,  16 negative triangles
249: dt=0.6914,  18 negative triangles
250: dt=0.6914,  15 negative triangles
251: dt=0.6914,  14 negative triangles
252: dt=0.6914,  13 negative triangles
253: dt=0.6914,  14 negative triangles
254: dt=0.6914,  12 negative triangles
255: dt=0.6914,  11 negative triangles
256: dt=0.6914,  11 negative triangles
257: dt=0.6914,  13 negative triangles
258: dt=0.6914,  12 negative triangles
259: dt=0.6914,   9 negative triangles
260: dt=0.6914,   9 negative triangles
261: dt=0.6914,   9 negative triangles
262: dt=0.6914,   8 negative triangles
263: dt=0.6914,   7 negative triangles
264: dt=0.6914,   7 negative triangles
265: dt=0.6914,   6 negative triangles
266: dt=0.6914,   5 negative triangles
267: dt=0.6914,   5 negative triangles
268: dt=0.6914,   4 negative triangles
269: dt=0.6914,   2 negative triangles
270: dt=0.6914,   4 negative triangles
271: dt=0.6914,   4 negative triangles
272: dt=0.6914,   2 negative triangles
273: dt=0.6914,   1 negative triangles
274: dt=0.6914,   1 negative triangles
275: dt=0.6914,   3 negative triangles
276: dt=0.6914,   1 negative triangles
writing registered surface to ../surf/rh.sphere.reg...
registration took 0.08 hours
#VMPC# mris_register VmPeak  2077240
FSRUNTIME@ mris_register  0.0814 hours 16 threads

 ln -sf rh.sphere.reg rh.fsaverage.sphere.reg 

#--------------------------------------------
#@# Jacobian white rh Sun Mar  8 21:39:51 CET 2026
/out/sourcedata/freesurfer/sub-v1s14x0051576_ses-1/scripts

 mris_jacobian ../surf/rh.white.preaparc ../surf/rh.sphere.reg ../surf/rh.jacobian_white 

reading surface from ../surf/rh.white.preaparc...
writing curvature file ../surf/rh.jacobian_white
#--------------------------------------------
#@# AvgCurv rh Sun Mar  8 21:39:52 CET 2026
/out/sourcedata/freesurfer/sub-v1s14x0051576_ses-1/scripts

 mrisp_paint -a 5 /opt/freesurfer/average/rh.folding.atlas.acfb40.noaparc.i12.2016-08-02.tif#6 ../surf/rh.sphere.reg ../surf/rh.avg_curv 

averaging curvature patterns 5 times...
reading surface from ../surf/rh.sphere.reg...
reading template parameterization from /opt/freesurfer/average/rh.folding.atlas.acfb40.noaparc.i12.2016-08-02.tif...
writing curvature file to ../surf/rh.avg_curv...
#-----------------------------------------
#@# Cortical Parc rh Sun Mar  8 21:39:53 CET 2026
/out/sourcedata/freesurfer/sub-v1s14x0051576_ses-1/scripts

 mris_ca_label -l ../label/rh.cortex.label -aseg ../mri/aseg.presurf.mgz -seed 1234 sub-v1s14x0051576_ses-1 rh ../surf/rh.sphere.reg /opt/freesurfer/average/rh.DKaparc.atlas.acfb40.noaparc.i12.2016-08-02.gcs ../label/rh.aparc.annot 

setting seed for random number generator to 1234
using ../mri/aseg.presurf.mgz aseg volume to correct midline
7.3.2
  7.3.2
reading atlas from /opt/freesurfer/average/rh.DKaparc.atlas.acfb40.noaparc.i12.2016-08-02.gcs...
reading color table from GCSA file....
average std = 0.7   using min determinant for regularization = 0.004
0 singular and 309 ill-conditioned covariance matrices regularized
input 0: MEAN CURVATURE, flags 0, avgs 5, name mean_curvature
labeling surface...
1137 labels changed using aseg
relabeling using gibbs priors...
000:   2978 changed, 153265 examined...
001:    657 changed, 12839 examined...
002:    134 changed, 3793 examined...
003:     46 changed, 834 examined...
004:     13 changed, 284 examined...
005:      3 changed, 84 examined...
006:      0 changed, 21 examined...
155 labels changed using aseg
000: 92 total segments, 55 labels (183 vertices) changed
001: 38 total segments, 1 labels (3 vertices) changed
002: 37 total segments, 0 labels (0 vertices) changed
10 filter iterations complete (10 requested, 5 changed)
rationalizing unknown annotations with cortex label
relabeling unknown label...
relabeling corpuscallosum label...
1636 vertices marked for relabeling...
1636 labels changed in reclassification.
writing output to ../label/rh.aparc.annot...
classification took 0 minutes and 11 seconds.
#--------------------------------------------
#@# WhiteSurfs rh Sun Mar  8 21:40:04 CET 2026
cd /out/sourcedata/freesurfer/sub-v1s14x0051576_ses-1/mri
mris_place_surface --adgws-in ../surf/autodet.gw.stats.rh.dat --seg aseg.presurf.mgz --threads 16 --wm wm.mgz --invol brain.finalsurfs.mgz --rh --i ../surf/rh.white.preaparc --o ../surf/rh.white --white --nsmooth 0 --rip-label ../label/rh.cortex.label --rip-bg --rip-surf ../surf/rh.white.preaparc --aparc ../label/rh.aparc.annot
7.3.2
7.3.2

cd /out/sourcedata/freesurfer/sub-v1s14x0051576_ses-1/mri
setenv SUBJECTS_DIR /out/sourcedata/freesurfer
mris_place_surface --adgws-in ../surf/autodet.gw.stats.rh.dat --seg aseg.presurf.mgz --threads 16 --wm wm.mgz --invol brain.finalsurfs.mgz --rh --i ../surf/rh.white.preaparc --o ../surf/rh.white --white --nsmooth 0 --rip-label ../label/rh.cortex.label --rip-bg --rip-surf ../surf/rh.white.preaparc --aparc ../label/rh.aparc.annot 

Reading in input surface ../surf/rh.white.preaparc
Not smoothing input surface
Area    306526  0.32728  0.11011 0.001047   1.9097
Corner  919578 60.00000 13.54137 0.408948 178.4261
Edge    459789  0.87918  0.18419 0.015400   2.9473
Hinge   459789  9.43322 10.82759 0.000004 179.9828
Reading in aparc ../label/rh.aparc.annot
Reading in input volume brain.finalsurfs.mgz
Reading in wm volume wm.mgz
MRIclipBrightWM(): nthresh=20195, wmmin=5, clip=110 
MRIfindBrightNonWM(): 1495 bright non-wm voxels segmented.
Masking bright non-wm for white surface
MRImask(): AllowDiffGeom = 1
MRImask(): AllowDiffGeom = 1
Reading in seg volume aseg.presurf.mgz
Ripping frozen voxels
Ripping vertices not in label ../label/rh.cortex.label
MRISripNotLabel() ripped 9088/153265 vertices (144177 unripped)
Reading in ripping surface ../surf/rh.white.preaparc
Reading in aparc ../label/rh.aparc.annot for ripsurf
Ripping BG
MRISripBasalGanglia(): 1 -2 2 0.5 ripped 324
Ripping segs (eg, WMSA, BG, frozen)
Starting MRISripSegs() d = (-2 2 0.5) segnos: 247 
MRISripSegs(): -2 2 0.5 ripped 0
vertex 76633: xyz = (57.6972,1.43686,-43.9757) oxyz = (57.6972,1.43686,-43.9757) wxzy = (57.6972,1.43686,-43.9757) pxyz = (0,0,0) 
CBVO Creating mask 153265
n_averages 4
Iteration 0 =========================================
n_averages=4, current_sigma=2
Computing target border values 
Entering MRIScomputeBorderValues_new(): 
  inside_hi   = 120.0000000;
  border_hi   = 110.7632290;
  border_low  =  67.0000000;
  outside_low =  55.5730210;
  outside_hi  = 110.7632290;
  sigma = 2;
  max_thickness = 10;
  step_size=0.5;
  STEP_SIZE=0.1;
  which = 1
  thresh = 0
  flags = 0
  CBVfindFirstPeakD1=0
  CBVfindFirstPeakD2=0
  nvertices=153265
  Gdiag_no=-1
  vno start=0, stop=153265
Replacing 255s with 0s
#SI# sigma=2 had to be increased for 136 vertices, nripped=9412
mean border=81.8, 107 (107) missing vertices, mean dist 0.3 [0.8 (%21.3)->0.7 (%78.7))]
%63 local maxima, %31 large gradients and % 0 min vals, 0 gradients ignored
nFirstPeakD1 0
MRIScomputeBorderValues_new() finished in 0.0166 min


Finding expansion regions
mean absolute distance = 0.68 +- 1.02
3332 vertices more than 2 sigmas from mean.
Averaging target values for 5 iterations...
Positioning Surface: tspring = 0.3, nspring = 0.3, spring = 0, niters = 100 l_repulse = 5, l_surf_repulse = 0, checktol = 0
Positioning pial surface
Entering MRISpositionSurface()
  max_mm = 0.3
  MAX_REDUCTIONS = 2, REDUCTION_PCT = 0.5
  parms->check_tol = 0, niterations = 100
tol=1.0e-04, sigma=2.0, host=dna01, nav=4, nbrs=2, l_repulse=5.000, l_tspring=0.300, l_nspring=0.300, l_intensity=0.200, l_curv=1.000
mom=0.00, dt=0.50
complete_dist_mat 0
rms 0
smooth_averages 0
remove_neg 0
ico_order 0
which_surface 0
target_radius 0.000000
nfields 0
scale 0.000000
desired_rms_height 0.000000
momentum 0.000000
nbhd_size 0
max_nbrs 0
niterations 100
nsurfaces 0
SURFACES 3
flags 0 (0)
use curv 0
no sulc 0
no rigid align 0
mris->nsize 2
mris->hemisphere 1
randomSeed 0

000: dt: 0.0000, sse=1858797.0, rms=7.535
001: dt: 0.5000, sse=836592.2, rms=4.649 (38.301%)
002: dt: 0.5000, sse=541013.9, rms=3.375 (27.405%)
003: dt: 0.5000, sse=465482.8, rms=2.965 (12.139%)
004: dt: 0.5000, sse=431345.0, rms=2.767 (6.679%)
rms = 2.7887/2.7672, sse=438634.9/431345.0, time step reduction 1 of 3 to 0.250  0 1 1
   RMS increased, rejecting step
005: dt: 0.2500, sse=313821.2, rms=1.878 (32.141%)
006: dt: 0.2500, sse=269188.9, rms=1.374 (26.807%)
007: dt: 0.2500, sse=257133.7, rms=1.228 (10.677%)
008: dt: 0.2500, sse=253119.0, rms=1.154 (6.020%)
rms = 1.1221/1.1538, sse=253825.0/253119.0, time step reduction 2 of 3 to 0.125  0 1 1
009: dt: 0.2500, sse=253825.0, rms=1.122 (2.745%)
rms = 1.0781/1.1221, sse=249119.3/253825.0, time step reduction 3 of 3 to 0.062  0 0 1
010: dt: 0.1250, sse=249119.2, rms=1.078 (3.919%)
  maximum number of reductions reached, breaking from loop
positioning took 1.1 minutes
Iteration 1 =========================================
n_averages=2, current_sigma=1
Computing target border values 
Entering MRIScomputeBorderValues_new(): 
  inside_hi   = 120.0000000;
  border_hi   = 110.7632290;
  border_low  =  67.0000000;
  outside_low =  55.5730210;
  outside_hi  = 110.7632290;
  sigma = 1;
  max_thickness = 10;
  step_size=0.5;
  STEP_SIZE=0.1;
  which = 1
  thresh = 0
  flags = 0
  CBVfindFirstPeakD1=0
  CBVfindFirstPeakD2=0
  nvertices=153265
  Gdiag_no=-1
  vno start=0, stop=153265
Replacing 255s with 0s
#SI# sigma=1 had to be increased for 129 vertices, nripped=9412
mean border=84.3, 77 (29) missing vertices, mean dist -0.3 [0.5 (%65.9)->0.2 (%34.1))]
%71 local maxima, %23 large gradients and % 0 min vals, 0 gradients ignored
nFirstPeakD1 0
MRIScomputeBorderValues_new() finished in 0.0141 min


Finding expansion regions
mean absolute distance = 0.41 +- 0.71
4696 vertices more than 2 sigmas from mean.
Averaging target values for 5 iterations...
Positioning Surface: tspring = 0.3, nspring = 0.3, spring = 0, niters = 100 l_repulse = 5, l_surf_repulse = 0, checktol = 0
Positioning pial surface
Entering MRISpositionSurface()
  max_mm = 0.3
  MAX_REDUCTIONS = 2, REDUCTION_PCT = 0.5
  parms->check_tol = 0, niterations = 100
tol=1.0e-04, sigma=1.0, host=dna01, nav=2, nbrs=2, l_repulse=5.000, l_tspring=0.300, l_nspring=0.300, l_intensity=0.200, l_curv=1.000
mom=0.00, dt=0.50
000: dt: 0.0000, sse=794412.4, rms=4.420
011: dt: 0.5000, sse=513887.4, rms=2.987 (32.427%)
012: dt: 0.5000, sse=451875.7, rms=2.684 (10.139%)
rms = 2.6422/2.6842, sse=431644.6/451875.7, time step reduction 1 of 3 to 0.250  0 0 1
013: dt: 0.5000, sse=431644.6, rms=2.642 (1.563%)
014: dt: 0.2500, sse=290449.9, rms=1.400 (47.021%)
015: dt: 0.2500, sse=266951.1, rms=1.090 (22.146%)
016: dt: 0.2500, sse=266211.0, rms=1.005 (7.801%)
rms = 0.9617/1.0048, sse=259042.1/266211.0, time step reduction 2 of 3 to 0.125  0 0 1
017: dt: 0.2500, sse=259042.1, rms=0.962 (4.292%)
018: dt: 0.1250, sse=256984.8, rms=0.909 (5.450%)
rms = 0.8990/0.9093, sse=256516.2/256984.8, time step reduction 3 of 3 to 0.062  0 0 1
019: dt: 0.1250, sse=256516.2, rms=0.899 (1.126%)
  maximum number of reductions reached, breaking from loop
positioning took 0.9 minutes
Iteration 2 =========================================
n_averages=1, current_sigma=0.5
Computing target border values 
Entering MRIScomputeBorderValues_new(): 
  inside_hi   = 120.0000000;
  border_hi   = 110.7632290;
  border_low  =  67.0000000;
  outside_low =  55.5730210;
  outside_hi  = 110.7632290;
  sigma = 0.5;
  max_thickness = 10;
  step_size=0.5;
  STEP_SIZE=0.1;
  which = 1
  thresh = 0
  flags = 0
  CBVfindFirstPeakD1=0
  CBVfindFirstPeakD2=0
  nvertices=153265
  Gdiag_no=-1
  vno start=0, stop=153265
Replacing 255s with 0s
#SI# sigma=0.5 had to be increased for 190 vertices, nripped=9412
mean border=86.3, 90 (14) missing vertices, mean dist -0.2 [0.3 (%69.3)->0.2 (%30.7))]
%80 local maxima, %14 large gradients and % 0 min vals, 0 gradients ignored
nFirstPeakD1 0
MRIScomputeBorderValues_new() finished in 0.0069 min


Finding expansion regions
mean absolute distance = 0.30 +- 0.50
4578 vertices more than 2 sigmas from mean.
Averaging target values for 5 iterations...
Positioning Surface: tspring = 0.3, nspring = 0.3, spring = 0, niters = 100 l_repulse = 5, l_surf_repulse = 0, checktol = 0
Positioning pial surface
Entering MRISpositionSurface()
  max_mm = 0.3
  MAX_REDUCTIONS = 2, REDUCTION_PCT = 0.5
  parms->check_tol = 0, niterations = 100
tol=1.0e-04, sigma=0.5, host=dna01, nav=1, nbrs=2, l_repulse=5.000, l_tspring=0.300, l_nspring=0.300, l_intensity=0.200, l_curv=1.000
mom=0.00, dt=0.50
000: dt: 0.0000, sse=537875.2, rms=3.308
020: dt: 0.5000, sse=385270.4, rms=2.327 (29.658%)
rms = 2.3647/2.3271, sse=386997.8/385270.4, time step reduction 1 of 3 to 0.250  0 1 1
   RMS increased, rejecting step
021: dt: 0.2500, sse=304243.8, rms=1.638 (29.615%)
022: dt: 0.2500, sse=264542.6, rms=1.139 (30.442%)
023: dt: 0.2500, sse=255303.9, rms=0.972 (14.722%)
024: dt: 0.2500, sse=251710.2, rms=0.914 (5.890%)
rms = 0.8930/0.9144, sse=249328.9/251710.2, time step reduction 2 of 3 to 0.125  0 0 1
025: dt: 0.2500, sse=249328.9, rms=0.893 (2.337%)
026: dt: 0.1250, sse=247415.1, rms=0.838 (6.149%)
rms = 0.8349/0.8381, sse=247164.0/247415.1, time step reduction 3 of 3 to 0.062  0 0 1
027: dt: 0.1250, sse=247164.0, rms=0.835 (0.382%)
  maximum number of reductions reached, breaking from loop
positioning took 0.8 minutes
Iteration 3 =========================================
n_averages=0, current_sigma=0.25
Computing target border values 
Entering MRIScomputeBorderValues_new(): 
  inside_hi   = 120.0000000;
  border_hi   = 110.7632290;
  border_low  =  67.0000000;
  outside_low =  55.5730210;
  outside_hi  = 110.7632290;
  sigma = 0.25;
  max_thickness = 10;
  step_size=0.5;
  STEP_SIZE=0.1;
  which = 1
  thresh = 0
  flags = 0
  CBVfindFirstPeakD1=0
  CBVfindFirstPeakD2=0
  nvertices=153265
  Gdiag_no=-1
  vno start=0, stop=153265
Replacing 255s with 0s
#SI# sigma=0.25 had to be increased for 188 vertices, nripped=9412
mean border=87.0, 121 (9) missing vertices, mean dist -0.1 [0.3 (%57.2)->0.2 (%42.8))]
%84 local maxima, %10 large gradients and % 0 min vals, 0 gradients ignored
nFirstPeakD1 0
MRIScomputeBorderValues_new() finished in 0.0045 min


Finding expansion regions
mean absolute distance = 0.24 +- 0.39
4368 vertices more than 2 sigmas from mean.
Averaging target values for 5 iterations...
Positioning Surface: tspring = 0.3, nspring = 0.3, spring = 0, niters = 100 l_repulse = 5, l_surf_repulse = 0, checktol = 0
Positioning pial surface
Entering MRISpositionSurface()
  max_mm = 0.3
  MAX_REDUCTIONS = 2, REDUCTION_PCT = 0.5
  parms->check_tol = 0, niterations = 100
tol=1.0e-04, sigma=0.2, host=dna01, nav=0, nbrs=2, l_repulse=5.000, l_tspring=0.300, l_nspring=0.300, l_intensity=0.200, l_curv=1.000
mom=0.00, dt=0.50
000: dt: 0.0000, sse=294144.1, rms=1.570
rms = 1.4972/1.5701, sse=298312.1/294144.1, time step reduction 1 of 3 to 0.250  0 1 0
028: dt: 0.5000, sse=298312.1, rms=1.497 (4.644%)
029: dt: 0.2500, sse=257015.1, rms=0.913 (39.025%)
030: dt: 0.2500, sse=245625.0, rms=0.820 (10.197%)
rms = 0.8444/0.8198, sse=248380.1/245625.0, time step reduction 2 of 3 to 0.125  0 1 1
   RMS increased, rejecting step
031: dt: 0.1250, sse=242312.6, rms=0.749 (8.591%)
032: dt: 0.1250, sse=239291.1, rms=0.662 (11.642%)
rms = 0.6462/0.6621, sse=237643.0/239291.1, time step reduction 3 of 3 to 0.062  0 0 1
033: dt: 0.1250, sse=237643.0, rms=0.646 (2.404%)
  maximum number of reductions reached, breaking from loop
positioning took 0.7 minutes


Writing output to ../surf/rh.white
#ET# mris_place_surface  3.60 minutes
#VMPC# mris_place_surfaces VmPeak  3274032
mris_place_surface done
#--------------------------------------------
#@# T1PialSurf rh Sun Mar  8 21:43:48 CET 2026
cd /out/sourcedata/freesurfer/sub-v1s14x0051576_ses-1/mri
mris_place_surface --adgws-in ../surf/autodet.gw.stats.rh.dat --seg aseg.presurf.mgz --threads 16 --wm wm.mgz --invol brain.finalsurfs.mgz --rh --i ../surf/rh.white --o ../surf/rh.pial.T1 --pial --nsmooth 0 --rip-label ../label/rh.cortex+hipamyg.label --pin-medial-wall ../label/rh.cortex.label --aparc ../label/rh.aparc.annot --repulse-surf ../surf/rh.white --white-surf ../surf/rh.white
7.3.2
7.3.2

cd /out/sourcedata/freesurfer/sub-v1s14x0051576_ses-1/mri
setenv SUBJECTS_DIR /out/sourcedata/freesurfer
mris_place_surface --adgws-in ../surf/autodet.gw.stats.rh.dat --seg aseg.presurf.mgz --threads 16 --wm wm.mgz --invol brain.finalsurfs.mgz --rh --i ../surf/rh.white --o ../surf/rh.pial.T1 --pial --nsmooth 0 --rip-label ../label/rh.cortex+hipamyg.label --pin-medial-wall ../label/rh.cortex.label --aparc ../label/rh.aparc.annot --repulse-surf ../surf/rh.white --white-surf ../surf/rh.white 

Reading in input surface ../surf/rh.white
Not smoothing input surface
Area    306526  0.32801  0.11905 0.001047   3.1781
Corner  919578 60.00000 14.43964 0.366826 178.6426
Edge    459789  0.88100  0.19737 0.010931   5.3913
Hinge   459789  9.36025 10.61843 0.000006 179.9828
Reading white surface coordinates from ../surf/rh.white
Reading repulsion surface coordinates from ../surf/rh.white
Reading in aparc ../label/rh.aparc.annot
Reading in input volume brain.finalsurfs.mgz
Reading in wm volume wm.mgz
MRIclipBrightWM(): nthresh=20195, wmmin=5, clip=110 
MRIfindBrightNonWM(): 1495 bright non-wm voxels segmented.
Masking bright non-wm for pial surface mid_gray = 63.9779
MRImask(): AllowDiffGeom = 1
MRImask(): AllowDiffGeom = 1
MRImask(): AllowDiffGeom = 1
Reading in seg volume aseg.presurf.mgz
Ripping frozen voxels
Ripping vertices not in label ../label/rh.cortex+hipamyg.label
MRISripNotLabel() ripped 6315/153265 vertices (146950 unripped)
INFO: rip surface needed but not specified, so using input surface
Ripping segs (eg, WMSA, BG, frozen)
Starting MRISripSegs() d = (-2 2 0.5) segnos: 247 
MRISripSegs(): -2 2 0.5 ripped 0
vertex 76633: xyz = (57.6942,1.48177,-44.3142) oxyz = (57.6942,1.48177,-44.3142) wxzy = (57.6942,1.48177,-44.3142) pxyz = (57.6942,1.48177,-44.3142) 
CBVO Creating mask 153265
n_averages 16
Iteration 0 =========================================
n_averages=16, current_sigma=2
Computing target border values 
Entering MRIScomputeBorderValues_new(): 
  inside_hi   =  95.2367710;
  border_hi   =  55.5730210;
  border_low  =  32.7190550;
  outside_low =  10.0000000;
  outside_hi  =  49.8595280;
  sigma = 2;
  max_thickness = 10;
  step_size=0.5;
  STEP_SIZE=0.1;
  which = 2
  thresh = 0
  flags = 0
  CBVfindFirstPeakD1=0
  CBVfindFirstPeakD2=0
  nvertices=153265
  Gdiag_no=-1
  vno start=0, stop=153265
Replacing 255s with 0s
#SI# sigma=2 had to be increased for 164 vertices, nripped=6315
mean border=54.7, 155 (155) missing vertices, mean dist 1.5 [0.0 (%0.0)->2.7 (%100.0))]
%10 local maxima, %42 large gradients and %43 min vals, 0 gradients ignored
nFirstPeakD1 0
MRIScomputeBorderValues_new() finished in 0.0137 min


Averaging target values for 5 iterations...
Positioning Surface: tspring = 0.3, nspring = 0.3, spring = 0, niters = 100 l_repulse = 0, l_surf_repulse = 5, checktol = 0
Positioning pial surface
Entering MRISpositionSurface()
  max_mm = 0.3
  MAX_REDUCTIONS = 2, REDUCTION_PCT = 0.5
  parms->check_tol = 0, niterations = 100
tol=1.0e-04, sigma=2.0, host=dna01, nav=16, nbrs=2, l_surf_repulse=5.000, l_tspring=0.300, l_nspring=0.300, l_intensity=0.200, l_curv=1.000
mom=0.00, dt=0.50
complete_dist_mat 0
rms 0
smooth_averages 0
remove_neg 0
ico_order 0
which_surface 0
target_radius 0.000000
nfields 0
scale 0.000000
desired_rms_height 0.000000
momentum 0.000000
nbhd_size 0
max_nbrs 0
niterations 100
nsurfaces 0
SURFACES 3
flags 0 (0)
use curv 0
no sulc 0
no rigid align 0
mris->nsize 2
mris->hemisphere 1
randomSeed 0

000: dt: 0.0000, sse=32586324.0, rms=33.206
001: dt: 0.5000, sse=23766444.0, rms=28.324 (14.704%)
002: dt: 0.5000, sse=17111106.0, rms=23.990 (15.302%)
003: dt: 0.5000, sse=12551282.0, rms=20.497 (14.560%)
004: dt: 0.5000, sse=9694968.0, rms=17.965 (12.353%)
005: dt: 0.5000, sse=7891897.0, rms=16.162 (10.033%)
006: dt: 0.5000, sse=6525168.0, rms=14.648 (9.370%)
007: dt: 0.5000, sse=5414197.5, rms=13.290 (9.274%)
008: dt: 0.5000, sse=4364417.0, rms=11.864 (10.729%)
009: dt: 0.5000, sse=3418698.2, rms=10.413 (12.226%)
010: dt: 0.5000, sse=2547965.5, rms=8.870 (14.816%)
011: dt: 0.5000, sse=1924063.2, rms=7.573 (14.621%)
012: dt: 0.5000, sse=1491101.5, rms=6.522 (13.878%)
013: dt: 0.5000, sse=1285158.0, rms=5.956 (8.677%)
014: dt: 0.5000, sse=1153464.8, rms=5.563 (6.601%)
015: dt: 0.5000, sse=1121271.8, rms=5.460 (1.855%)
016: dt: 0.5000, sse=1071640.2, rms=5.300 (2.938%)
rms = 5.3073/5.2996, sse=1075050.1/1071640.3, time step reduction 1 of 3 to 0.250  0 1 1
   RMS increased, rejecting step
017: dt: 0.2500, sse=832411.7, rms=4.452 (15.995%)
018: dt: 0.2500, sse=768633.6, rms=4.194 (5.793%)
rms = 4.1806/4.1940, sse=765946.0/768633.6, time step reduction 2 of 3 to 0.125  0 0 1
019: dt: 0.2500, sse=765946.0, rms=4.181 (0.321%)
020: dt: 0.1250, sse=679425.6, rms=3.806 (8.949%)
021: dt: 0.1250, sse=667421.4, rms=3.751 (1.449%)
rms = 3.7376/3.7513, sse=664602.6/667421.5, time step reduction 3 of 3 to 0.062  0 0 1
022: dt: 0.1250, sse=664602.6, rms=3.738 (0.364%)
  maximum number of reductions reached, breaking from loop
positioning took 2.0 minutes
Iteration 1 =========================================
n_averages=8, current_sigma=1
Computing target border values 
Entering MRIScomputeBorderValues_new(): 
  inside_hi   =  95.2367710;
  border_hi   =  55.5730210;
  border_low  =  32.7190550;
  outside_low =  10.0000000;
  outside_hi  =  49.8595280;
  sigma = 1;
  max_thickness = 10;
  step_size=0.5;
  STEP_SIZE=0.1;
  which = 2
  thresh = 0
  flags = 0
  CBVfindFirstPeakD1=0
  CBVfindFirstPeakD2=0
  nvertices=153265
  Gdiag_no=-1
  vno start=0, stop=153265
Replacing 255s with 0s
#SI# sigma=1 had to be increased for 12663 vertices, nripped=6315
mean border=53.9, 2502 (47) missing vertices, mean dist 0.1 [0.1 (%54.0)->0.5 (%46.0))]
%18 local maxima, %38 large gradients and %39 min vals, 0 gradients ignored
nFirstPeakD1 0
MRIScomputeBorderValues_new() finished in 0.0038 min


Averaging target values for 5 iterations...
Positioning Surface: tspring = 0.3, nspring = 0.3, spring = 0, niters = 100 l_repulse = 0, l_surf_repulse = 5, checktol = 0
Positioning pial surface
Entering MRISpositionSurface()
  max_mm = 0.3
  MAX_REDUCTIONS = 2, REDUCTION_PCT = 0.5
  parms->check_tol = 0, niterations = 100
tol=1.0e-04, sigma=1.0, host=dna01, nav=8, nbrs=2, l_surf_repulse=5.000, l_tspring=0.300, l_nspring=0.300, l_intensity=0.200, l_curv=1.000
mom=0.00, dt=0.50
000: dt: 0.0000, sse=806472.6, rms=4.114
rms = 4.6891/4.1140, sse=955500.8/806472.6, time step reduction 1 of 3 to 0.250  0 1 1
   RMS increased, rejecting step
023: dt: 0.2500, sse=738257.7, rms=3.818 (7.192%)
024: dt: 0.2500, sse=725713.8, rms=3.760 (1.530%)
rms = 3.8157/3.7597, sse=738077.0/725713.8, time step reduction 2 of 3 to 0.125  0 1 1
   RMS increased, rejecting step
025: dt: 0.1250, sse=713048.7, rms=3.701 (1.565%)
026: dt: 0.1250, sse=698503.6, rms=3.632 (1.873%)
rms = 3.6037/3.6315, sse=692710.3/698503.6, time step reduction 3 of 3 to 0.062  0 0 1
027: dt: 0.1250, sse=692710.4, rms=3.604 (0.765%)
  maximum number of reductions reached, breaking from loop
positioning took 0.5 minutes
Iteration 2 =========================================
n_averages=4, current_sigma=0.5
Computing target border values 
Entering MRIScomputeBorderValues_new(): 
  inside_hi   =  95.2367710;
  border_hi   =  55.5730210;
  border_low  =  32.7190550;
  outside_low =  10.0000000;
  outside_hi  =  49.8595280;
  sigma = 0.5;
  max_thickness = 10;
  step_size=0.5;
  STEP_SIZE=0.1;
  which = 2
  thresh = 0
  flags = 0
  CBVfindFirstPeakD1=0
  CBVfindFirstPeakD2=0
  nvertices=153265
  Gdiag_no=-1
  vno start=0, stop=153265
Replacing 255s with 0s
#SI# sigma=0.5 had to be increased for 13585 vertices, nripped=6315
mean border=53.2, 2798 (44) missing vertices, mean dist 0.1 [0.1 (%49.3)->0.4 (%50.7))]
%29 local maxima, %26 large gradients and %39 min vals, 0 gradients ignored
nFirstPeakD1 0
MRIScomputeBorderValues_new() finished in 0.0025 min


Averaging target values for 5 iterations...
Positioning Surface: tspring = 0.3, nspring = 0.3, spring = 0, niters = 100 l_repulse = 0, l_surf_repulse = 5, checktol = 0
Positioning pial surface
Entering MRISpositionSurface()
  max_mm = 0.3
  MAX_REDUCTIONS = 2, REDUCTION_PCT = 0.5
  parms->check_tol = 0, niterations = 100
tol=1.0e-04, sigma=0.5, host=dna01, nav=4, nbrs=2, l_surf_repulse=5.000, l_tspring=0.300, l_nspring=0.300, l_intensity=0.200, l_curv=1.000
mom=0.00, dt=0.50
000: dt: 0.0000, sse=761047.4, rms=3.909
rms = 4.6790/3.9087, sse=954360.2/761047.4, time step reduction 1 of 3 to 0.250  0 1 1
   RMS increased, rejecting step
028: dt: 0.2500, sse=710710.9, rms=3.681 (5.814%)
rms = 3.7011/3.6814, sse=714703.9/710710.9, time step reduction 2 of 3 to 0.125  0 1 1
   RMS increased, rejecting step
rms = 3.6525/3.6814, sse=704567.3/710710.9, time step reduction 3 of 3 to 0.062  0 0 1
029: dt: 0.1250, sse=704567.3, rms=3.652 (0.786%)
  maximum number of reductions reached, breaking from loop
positioning took 0.3 minutes
Iteration 3 =========================================
n_averages=2, current_sigma=0.25
Computing target border values 
Entering MRIScomputeBorderValues_new(): 
  inside_hi   =  95.2367710;
  border_hi   =  55.5730210;
  border_low  =  32.7190550;
  outside_low =  10.0000000;
  outside_hi  =  49.8595280;
  sigma = 0.25;
  max_thickness = 10;
  step_size=0.5;
  STEP_SIZE=0.1;
  which = 2
  thresh = 0
  flags = 0
  CBVfindFirstPeakD1=0
  CBVfindFirstPeakD2=0
  nvertices=153265
  Gdiag_no=-1
  vno start=0, stop=153265
Replacing 255s with 0s
#SI# sigma=0.25 had to be increased for 11307 vertices, nripped=6315
mean border=52.5, 5712 (42) missing vertices, mean dist 0.1 [0.1 (%47.1)->0.3 (%52.9))]
%34 local maxima, %21 large gradients and %37 min vals, 0 gradients ignored
nFirstPeakD1 0
MRIScomputeBorderValues_new() finished in 0.0016 min


Averaging target values for 5 iterations...
Positioning Surface: tspring = 0.3, nspring = 0.3, spring = 0, niters = 100 l_repulse = 0, l_surf_repulse = 5, checktol = 0
Positioning pial surface
Entering MRISpositionSurface()
  max_mm = 0.3
  MAX_REDUCTIONS = 2, REDUCTION_PCT = 0.5
  parms->check_tol = 0, niterations = 100
tol=1.0e-04, sigma=0.2, host=dna01, nav=2, nbrs=2, l_surf_repulse=5.000, l_tspring=0.300, l_nspring=0.300, l_intensity=0.200, l_curv=1.000
mom=0.00, dt=0.50
000: dt: 0.0000, sse=766617.8, rms=3.932
rms = 4.4442/3.9320, sse=891020.3/766617.7, time step reduction 1 of 3 to 0.250  0 1 1
   RMS increased, rejecting step
030: dt: 0.2500, sse=711382.1, rms=3.684 (6.302%)
031: dt: 0.2500, sse=681407.1, rms=3.547 (3.720%)
rms = 3.5212/3.5472, sse=675357.2/681407.1, time step reduction 2 of 3 to 0.125  0 0 1
032: dt: 0.2500, sse=675357.1, rms=3.521 (0.733%)
033: dt: 0.1250, sse=640753.4, rms=3.348 (4.926%)
034: dt: 0.1250, sse=628778.3, rms=3.287 (1.811%)
rms = 3.2655/3.2871, sse=624482.6/628778.3, time step reduction 3 of 3 to 0.062  0 0 1
035: dt: 0.1250, sse=624482.6, rms=3.265 (0.658%)
  maximum number of reductions reached, breaking from loop
positioning took 0.5 minutes
Pinning medial wall to white surface
removing intersecting faces
000: 2 intersecting
terminating search with 0 intersecting


Writing output to ../surf/rh.pial.T1
#ET# mris_place_surface  3.43 minutes
#VMPC# mris_place_surfaces VmPeak  2467216
mris_place_surface done
#@# white curv rh Sun Mar  8 21:47:21 CET 2026
cd /out/sourcedata/freesurfer/sub-v1s14x0051576_ses-1/mri
mris_place_surface --curv-map ../surf/rh.white 2 10 ../surf/rh.curv
insurf  ../surf/rh.white, nbrs 2, curvature_avgs 10
writing curvature file ../surf/rh.curv
#@# white area rh Sun Mar  8 21:47:23 CET 2026
cd /out/sourcedata/freesurfer/sub-v1s14x0051576_ses-1/mri
mris_place_surface --area-map ../surf/rh.white ../surf/rh.area
writing curvature file ../surf/rh.area
#@# pial curv rh Sun Mar  8 21:47:24 CET 2026
cd /out/sourcedata/freesurfer/sub-v1s14x0051576_ses-1/mri
mris_place_surface --curv-map ../surf/rh.pial 2 10 ../surf/rh.curv.pial
insurf  ../surf/rh.pial, nbrs 2, curvature_avgs 10
writing curvature file ../surf/rh.curv.pial
#@# pial area rh Sun Mar  8 21:47:26 CET 2026
cd /out/sourcedata/freesurfer/sub-v1s14x0051576_ses-1/mri
mris_place_surface --area-map ../surf/rh.pial ../surf/rh.area.pial
writing curvature file ../surf/rh.area.pial
#@# thickness rh Sun Mar  8 21:47:27 CET 2026
cd /out/sourcedata/freesurfer/sub-v1s14x0051576_ses-1/mri
mris_place_surface --thickness ../surf/rh.white ../surf/rh.pial 20 5 ../surf/rh.thickness
0 of 153265 vertices processed
25000 of 153265 vertices processed
50000 of 153265 vertices processed
75000 of 153265 vertices processed
100000 of 153265 vertices processed
125000 of 153265 vertices processed
150000 of 153265 vertices processed
0 of 153265 vertices processed
25000 of 153265 vertices processed
50000 of 153265 vertices processed
75000 of 153265 vertices processed
100000 of 153265 vertices processed
125000 of 153265 vertices processed
150000 of 153265 vertices processed
thickness calculation complete, 139:719 truncations.
77660 vertices at 0 distance
134755 vertices at 1 distance
61255 vertices at 2 distance
21671 vertices at 3 distance
7309 vertices at 4 distance
2382 vertices at 5 distance
788 vertices at 6 distance
281 vertices at 7 distance
122 vertices at 8 distance
66 vertices at 9 distance
43 vertices at 10 distance
28 vertices at 11 distance
18 vertices at 12 distance
26 vertices at 13 distance
22 vertices at 14 distance
13 vertices at 15 distance
19 vertices at 16 distance
18 vertices at 17 distance
8 vertices at 18 distance
18 vertices at 19 distance
28 vertices at 20 distance
writing curvature file ../surf/rh.thickness
#@# area and vertex vol rh Sun Mar  8 21:48:03 CET 2026
cd /out/sourcedata/freesurfer/sub-v1s14x0051576_ses-1/mri
mris_place_surface --thickness ../surf/rh.white ../surf/rh.pial 20 5 ../surf/rh.thickness
/out/sourcedata/freesurfer/sub-v1s14x0051576_ses-1/surf
mris_calc -o rh.area.mid rh.area add rh.area.pial
Saving result to 'rh.area.mid' (type = MRI_CURV_FILE)                       [ ok ]
mris_calc -o rh.area.mid rh.area.mid div 2
Saving result to 'rh.area.mid' (type = MRI_CURV_FILE)                       [ ok ]
mris_convert --volume sub-v1s14x0051576_ses-1 rh /out/sourcedata/freesurfer/sub-v1s14x0051576_ses-1/surf/rh.volume
masking with /out/sourcedata/freesurfer/sub-v1s14x0051576_ses-1/label/rh.cortex.label
Total face volume 256145
Total vertex volume 255939 (mask=0)
#@# sub-v1s14x0051576_ses-1 rh 255939
 
vertexvol Done

#-----------------------------------------
#@# Curvature Stats rh Sun Mar  8 21:48:05 CET 2026
/out/sourcedata/freesurfer/sub-v1s14x0051576_ses-1/surf

 mris_curvature_stats -m --writeCurvatureFiles -G -o ../stats/rh.curv.stats -F smoothwm sub-v1s14x0051576_ses-1 rh curv sulc 

             Toggling save flag on curvature files                       [ ok ]
                 Outputting results using filestem   [ ../stats/rh.curv.stats ]
             Toggling save flag on curvature files                       [ ok ]
                                   Setting surface [ sub-v1s14x0051576_ses-1/rh.smoothwm ]
                                Reading surface...                       [ ok ]
                                   Setting texture                     [ curv ]
                                Reading texture...                       [ ok ]
                                   Setting texture                     [ sulc ]
                                Reading texture...Gb_filter = 0
                       [ ok ]
      Calculating Discrete Principal Curvatures...
      Determining geometric order for vno faces... [####################] [ ok ]
                      Determining KH curvatures... [####################] [ ok ]
                    Determining k1k2 curvatures... [####################] [ ok ]
                                   deltaViolations                      [ 248 ]
Gb_filter = 0

WARN:    S lookup   min:                          -0.004761
WARN:    S explicit min:                          0.000000	vertex = 81
#-----------------------------------------
#@# Cortical Parc 2 rh Sun Mar  8 21:48:08 CET 2026
/out/sourcedata/freesurfer/sub-v1s14x0051576_ses-1/scripts

 mris_ca_label -l ../label/rh.cortex.label -aseg ../mri/aseg.presurf.mgz -seed 1234 sub-v1s14x0051576_ses-1 rh ../surf/rh.sphere.reg /opt/freesurfer/average/rh.CDaparc.atlas.acfb40.noaparc.i12.2016-08-02.gcs ../label/rh.aparc.a2009s.annot 

setting seed for random number generator to 1234
using ../mri/aseg.presurf.mgz aseg volume to correct midline
7.3.2
  7.3.2
reading atlas from /opt/freesurfer/average/rh.CDaparc.atlas.acfb40.noaparc.i12.2016-08-02.gcs...
reading color table from GCSA file....
average std = 1.4   using min determinant for regularization = 0.021
0 singular and 0 ill-conditioned covariance matrices regularized
input 0: MEAN CURVATURE, flags 0, avgs 5, name mean_curvature
labeling surface...
13 labels changed using aseg
relabeling using gibbs priors...
000:   9706 changed, 153265 examined...
001:   2178 changed, 38338 examined...
002:    632 changed, 11679 examined...
003:    264 changed, 3681 examined...
004:    136 changed, 1539 examined...
005:     72 changed, 772 examined...
006:     44 changed, 405 examined...
007:     22 changed, 250 examined...
008:     10 changed, 126 examined...
009:      8 changed, 62 examined...
010:      4 changed, 39 examined...
011:      2 changed, 25 examined...
012:      1 changed, 11 examined...
013:      0 changed, 7 examined...
1 labels changed using aseg
000: 245 total segments, 157 labels (2373 vertices) changed
001: 96 total segments, 9 labels (75 vertices) changed
002: 87 total segments, 0 labels (0 vertices) changed
10 filter iterations complete (10 requested, 45 changed)
rationalizing unknown annotations with cortex label
relabeling Medial_wall label...
1075 vertices marked for relabeling...
1075 labels changed in reclassification.
writing output to ../label/rh.aparc.a2009s.annot...
classification took 0 minutes and 15 seconds.
#-----------------------------------------
#@# Cortical Parc 3 rh Sun Mar  8 21:48:24 CET 2026
/out/sourcedata/freesurfer/sub-v1s14x0051576_ses-1/scripts

 mris_ca_label -l ../label/rh.cortex.label -aseg ../mri/aseg.presurf.mgz -seed 1234 sub-v1s14x0051576_ses-1 rh ../surf/rh.sphere.reg /opt/freesurfer/average/rh.DKTaparc.atlas.acfb40.noaparc.i12.2016-08-02.gcs ../label/rh.aparc.DKTatlas.annot 

setting seed for random number generator to 1234
using ../mri/aseg.presurf.mgz aseg volume to correct midline
7.3.2
  7.3.2
reading atlas from /opt/freesurfer/average/rh.DKTaparc.atlas.acfb40.noaparc.i12.2016-08-02.gcs...
reading color table from GCSA file....
average std = 0.9   using min determinant for regularization = 0.009
0 singular and 325 ill-conditioned covariance matrices regularized
input 0: MEAN CURVATURE, flags 0, avgs 5, name mean_curvature
labeling surface...
1663 labels changed using aseg
relabeling using gibbs priors...
000:   2038 changed, 153265 examined...
001:    470 changed, 9671 examined...
002:    130 changed, 2714 examined...
003:     48 changed, 762 examined...
004:     24 changed, 312 examined...
005:     19 changed, 138 examined...
006:     13 changed, 99 examined...
007:      8 changed, 69 examined...
008:      8 changed, 42 examined...
009:      6 changed, 44 examined...
010:      4 changed, 37 examined...
011:      4 changed, 27 examined...
012:      4 changed, 24 examined...
013:      3 changed, 28 examined...
014:      2 changed, 23 examined...
015:      3 changed, 14 examined...
016:      2 changed, 19 examined...
017:      3 changed, 13 examined...
018:      4 changed, 15 examined...
019:      1 changed, 17 examined...
020:      0 changed, 6 examined...
251 labels changed using aseg
000: 46 total segments, 13 labels (113 vertices) changed
001: 33 total segments, 0 labels (0 vertices) changed
10 filter iterations complete (10 requested, 6 changed)
rationalizing unknown annotations with cortex label
relabeling unknown label...
relabeling corpuscallosum label...
848 vertices marked for relabeling...
848 labels changed in reclassification.
writing output to ../label/rh.aparc.DKTatlas.annot...
classification took 0 minutes and 11 seconds.
#-----------------------------------------
#@# WM/GM Contrast rh Sun Mar  8 21:48:34 CET 2026
/out/sourcedata/freesurfer/sub-v1s14x0051576_ses-1/scripts

 pctsurfcon --s sub-v1s14x0051576_ses-1 --rh-only 

Log file is /out/sourcedata/freesurfer/sub-v1s14x0051576_ses-1/scripts/pctsurfcon.log
Sun Mar  8 21:48:34 CET 2026
setenv SUBJECTS_DIR /out/sourcedata/freesurfer
cd /out/sourcedata/freesurfer/sub-v1s14x0051576_ses-1/scripts
/opt/freesurfer/bin/pctsurfcon
pctsurfcon 7.3.2
Linux dna010 5.14.0-427.37.1.el9_4.x86_64 #1 SMP PREEMPT_DYNAMIC Fri Sep 13 12:41:50 EDT 2024 x86_64 x86_64 x86_64 GNU/Linux
FREESURFER_HOME /opt/freesurfer
mri_vol2surf --mov /out/sourcedata/freesurfer/sub-v1s14x0051576_ses-1/mri/rawavg.mgz --hemi rh --noreshape --interp trilinear --projdist -1 --o /out/sourcedata/freesurfer/sub-v1s14x0051576_ses-1/surf/tmp.pctsurfcon.2750782/rh.wm.mgh --regheader sub-v1s14x0051576_ses-1 --cortex
srcvol = /out/sourcedata/freesurfer/sub-v1s14x0051576_ses-1/mri/rawavg.mgz
srcreg unspecified
srcregold = 0
srcwarp unspecified
surf = white
hemi = rh
ProjDist = -1
reshape = 0
interp = trilinear
float2int = round
GetProjMax = 0
INFO: float2int code = 0
Done loading volume
Computing registration from header.
  Using /out/sourcedata/freesurfer/sub-v1s14x0051576_ses-1/mri/orig.mgz as target reference.
-------- original matrix -----------
-0.99951   0.02645   0.01669  -0.00005;
 0.01157  -0.18313   0.98302   0.00002;
-0.02905  -0.98273  -0.18274   0.00003;
 0.00000   0.00000   0.00000   1.00000;
-------- original matrix -----------
Loading label /out/sourcedata/freesurfer/sub-v1s14x0051576_ses-1/label/rh.cortex.label
Reading surface /out/sourcedata/freesurfer/sub-v1s14x0051576_ses-1/surf/rh.white
Done reading source surface
Mapping Source Volume onto Source Subject Surface
Projecting -1 -1 1
 1 -1 -1 -1
using old
Done mapping volume to surface
Number of source voxels hit = 89911
Masking with /out/sourcedata/freesurfer/sub-v1s14x0051576_ses-1/label/rh.cortex.label
Writing to /out/sourcedata/freesurfer/sub-v1s14x0051576_ses-1/surf/tmp.pctsurfcon.2750782/rh.wm.mgh
Dim: 153265 1 1
mri_vol2surf --mov /out/sourcedata/freesurfer/sub-v1s14x0051576_ses-1/mri/rawavg.mgz --hemi rh --noreshape --interp trilinear --o /out/sourcedata/freesurfer/sub-v1s14x0051576_ses-1/surf/tmp.pctsurfcon.2750782/rh.gm.mgh --projfrac 0.3 --regheader sub-v1s14x0051576_ses-1 --cortex
srcvol = /out/sourcedata/freesurfer/sub-v1s14x0051576_ses-1/mri/rawavg.mgz
srcreg unspecified
srcregold = 0
srcwarp unspecified
surf = white
hemi = rh
ProjFrac = 0.3
thickness = thickness
reshape = 0
interp = trilinear
float2int = round
GetProjMax = 0
INFO: float2int code = 0
Done loading volume
Computing registration from header.
  Using /out/sourcedata/freesurfer/sub-v1s14x0051576_ses-1/mri/orig.mgz as target reference.
-------- original matrix -----------
-0.99951   0.02645   0.01669  -0.00005;
 0.01157  -0.18313   0.98302   0.00002;
-0.02905  -0.98273  -0.18274   0.00003;
 0.00000   0.00000   0.00000   1.00000;
-------- original matrix -----------
Loading label /out/sourcedata/freesurfer/sub-v1s14x0051576_ses-1/label/rh.cortex.label
Reading surface /out/sourcedata/freesurfer/sub-v1s14x0051576_ses-1/surf/rh.white
Done reading source surface
Reading thickness /out/sourcedata/freesurfer/sub-v1s14x0051576_ses-1/surf/rh.thickness
Done
Mapping Source Volume onto Source Subject Surface
Projecting 0.3 0.3 1
 1 0.3 0.3 0.3
using old
Done mapping volume to surface
Number of source voxels hit = 102186
Masking with /out/sourcedata/freesurfer/sub-v1s14x0051576_ses-1/label/rh.cortex.label
Writing to /out/sourcedata/freesurfer/sub-v1s14x0051576_ses-1/surf/tmp.pctsurfcon.2750782/rh.gm.mgh
Dim: 153265 1 1
mri_concat /out/sourcedata/freesurfer/sub-v1s14x0051576_ses-1/surf/tmp.pctsurfcon.2750782/rh.wm.mgh /out/sourcedata/freesurfer/sub-v1s14x0051576_ses-1/surf/tmp.pctsurfcon.2750782/rh.gm.mgh --paired-diff-norm --mul 100 --o /out/sourcedata/freesurfer/sub-v1s14x0051576_ses-1/surf/rh.w-g.pct.mgh
ninputs = 2
Checking inputs
nframestot = 2
Allocing output
Done allocing
Combining pairs
nframes = 1
Multiplying by 100.000000
Writing to /out/sourcedata/freesurfer/sub-v1s14x0051576_ses-1/surf/rh.w-g.pct.mgh
mri_segstats --in /out/sourcedata/freesurfer/sub-v1s14x0051576_ses-1/surf/rh.w-g.pct.mgh --annot sub-v1s14x0051576_ses-1 rh aparc --sum /out/sourcedata/freesurfer/sub-v1s14x0051576_ses-1/stats/rh.w-g.pct.stats --snr

7.3.2
cwd 
cmdline mri_segstats --in /out/sourcedata/freesurfer/sub-v1s14x0051576_ses-1/surf/rh.w-g.pct.mgh --annot sub-v1s14x0051576_ses-1 rh aparc --sum /out/sourcedata/freesurfer/sub-v1s14x0051576_ses-1/stats/rh.w-g.pct.stats --snr 
sysname  Linux
hostname dna010
machine  x86_64
user     oesteban
whitesurfname  white
UseRobust  0
Constructing seg from annotation

Reading annotation /out/sourcedata/freesurfer/sub-v1s14x0051576_ses-1/label/rh.aparc.annot
Seg base 2000
Loading /out/sourcedata/freesurfer/sub-v1s14x0051576_ses-1/surf/rh.w-g.pct.mgh
Vertex Area is 0.656006 mm^3
Generating list of segmentation ids
Found  36 segmentations
Computing statistics for each segmentation

Reporting on  35 segmentations
Using PrintSegStat
mri_segstats done
Cleaning up

Started at Sun Mar 8 21:18:58 CET 2026 
Ended   at Sun Mar 8 21:48:40 CET 2026
#@#%# recon-all-run-time-hours 0.495
recon-all -s sub-v1s14x0051576_ses-1 finished without error at Sun Mar  8 21:48:40 CET 2026



#New# invocation of recon-all 




Sun Mar  8 22:00:42 CET 2026
cd /out/sourcedata/freesurfer/sub-v1s14x0051576_ses-1
setenv SUBJECTS_DIR /out/sourcedata/freesurfer
/opt/freesurfer/bin/recon-all -autorecon-hemi rh -nohyporelabel -rh-only -openmp 16 -subjid sub-v1s14x0051576_ses-1 -sd /out/sourcedata/freesurfer -notessellate -nosmooth1 -noinflate1 -noqsphere -nofix -nowhite -nosmooth2 -noinflate2 -nocurvHK -nocurvstats -nosphere -nosurfreg -nojacobian_white -noavgcurv -nocortparc -nopial -nocortparc2 -nocortparc3 -nopctsurfcon

subjid sub-v1s14x0051576_ses-1
setenv SUBJECTS_DIR /out/sourcedata/freesurfer
FREESURFER_HOME /opt/freesurfer
Actual FREESURFER_HOME /opt/freesurfer
build-stamp.txt: freesurfer-linux-ubuntu22_x86_64-7.3.2-20220804-6354275
Linux dna010 5.14.0-427.37.1.el9_4.x86_64 #1 SMP PREEMPT_DYNAMIC Fri Sep 13 12:41:50 EDT 2024 x86_64 x86_64 x86_64 GNU/Linux
cputime      unlimited
filesize     unlimited
datasize     unlimited
stacksize    8192 kbytes
coredumpsize 0 kbytes
memoryuse    67108864 kbytes
vmemoryuse   unlimited
descriptors  1024 
memorylocked unlimited
maxproc      2061970 
maxlocks     unlimited
maxsignal    2061970 
maxmessage   819200 
maxnice      0 
maxrtprio    0 
maxrttime    unlimited

               total        used        free      shared  buff/cache   available
Mem:           503Gi        40Gi       430Gi       9.4Gi        32Gi       450Gi
Swap:             0B          0B          0B

########################################
program versions used
7.3.2 (freesurfer-linux-ubuntu22_x86_64-7.3.2-20220804-6354275)
7.3.2

ProgramName: lta_convert  ProgramArguments: lta_convert -all-info  ProgramVersion: 7.3.2  TimeStamp: 2026/03/08-21:00:42-GMT  BuildTime: Aug  4 2022 06:17:15  BuildStamp: freesurfer-linux-ubuntu22_x86_64-7.3.2-20220804-6354275  User: oesteban  Machine: dna010  Platform: Linux  PlatformVersion: 5.14.0-427.37.1.el9_4.x86_64  CompilerName: GCC  CompilerVersion: 8.4.0
ProgramName: mri_and  ProgramArguments: mri_and -all-info  ProgramVersion: 7.3.2  TimeStamp: 2026/03/08-21:00:42-GMT  BuildTime: Aug  4 2022 06:17:15  BuildStamp: freesurfer-linux-ubuntu22_x86_64-7.3.2-20220804-6354275  User: oesteban  Machine: dna010  Platform: Linux  PlatformVersion: 5.14.0-427.37.1.el9_4.x86_64  CompilerName: GCC  CompilerVersion: 8.4.0
ProgramName: mri_annotation2label  ProgramArguments: mri_annotation2label -all-info  ProgramVersion: 7.3.2  TimeStamp: 2026/03/08-21:00:42-GMT  BuildTime: Aug  4 2022 06:17:15  BuildStamp: freesurfer-linux-ubuntu22_x86_64-7.3.2-20220804-6354275  User: oesteban  Machine: dna010  Platform: Linux  PlatformVersion: 5.14.0-427.37.1.el9_4.x86_64  CompilerName: GCC  CompilerVersion: 8.4.0
ProgramName: mri_aparc2aseg  ProgramArguments: mri_aparc2aseg -all-info  ProgramVersion: 7.3.2  TimeStamp: 2026/03/08-21:00:42-GMT  BuildTime: Aug  4 2022 06:17:15  BuildStamp: freesurfer-linux-ubuntu22_x86_64-7.3.2-20220804-6354275  User: oesteban  Machine: dna010  Platform: Linux  PlatformVersion: 5.14.0-427.37.1.el9_4.x86_64  CompilerName: GCC  CompilerVersion: 8.4.0
ProgramName: mri_surf2volseg  ProgramArguments: mri_surf2volseg -all-info  ProgramVersion: 7.3.2  TimeStamp: 2026/03/08-21:00:42-GMT  BuildTime: Aug  4 2022 06:17:15  BuildStamp: freesurfer-linux-ubuntu22_x86_64-7.3.2-20220804-6354275  User: oesteban  Machine: dna010  Platform: Linux  PlatformVersion: 5.14.0-427.37.1.el9_4.x86_64  CompilerName: GCC  CompilerVersion: 8.4.0
ProgramName: mri_binarize  ProgramArguments: mri_binarize -all-info  ProgramVersion: 7.3.2  TimeStamp: 2026/03/08-21:00:42-GMT  BuildTime: Aug  4 2022 06:17:15  BuildStamp: freesurfer-linux-ubuntu22_x86_64-7.3.2-20220804-6354275  User: oesteban  Machine: dna010  Platform: Linux  PlatformVersion: 5.14.0-427.37.1.el9_4.x86_64  CompilerName: GCC  CompilerVersion: 8.4.0
ProgramName: mri_ca_label  ProgramArguments: mri_ca_label -all-info  ProgramVersion: 7.3.2  TimeStamp: 2026/03/08-21:00:42-GMT  BuildTime: Aug  4 2022 06:17:15  BuildStamp: freesurfer-linux-ubuntu22_x86_64-7.3.2-20220804-6354275  User: oesteban  Machine: dna010  Platform: Linux  PlatformVersion: 5.14.0-427.37.1.el9_4.x86_64  CompilerName: GCC  CompilerVersion: 8.4.0
ProgramName: mri_ca_normalize  ProgramArguments: mri_ca_normalize -all-info  ProgramVersion: 7.3.2  TimeStamp: 2026/03/08-21:00:42-GMT  BuildTime: Aug  4 2022 06:17:15  BuildStamp: freesurfer-linux-ubuntu22_x86_64-7.3.2-20220804-6354275  User: oesteban  Machine: dna010  Platform: Linux  PlatformVersion: 5.14.0-427.37.1.el9_4.x86_64  CompilerName: GCC  CompilerVersion: 8.4.0
ProgramName: mri_ca_register  ProgramArguments: mri_ca_register -all-info  ProgramVersion: 7.3.2  TimeStamp: 2026/03/08-21:00:42-GMT  BuildTime: Aug  4 2022 06:17:15  BuildStamp: freesurfer-linux-ubuntu22_x86_64-7.3.2-20220804-6354275  User: oesteban  Machine: dna010  Platform: Linux  PlatformVersion: 5.14.0-427.37.1.el9_4.x86_64  CompilerName: GCC  CompilerVersion: 8.4.0
ProgramName: mri_cc  ProgramArguments: mri_cc -all-info  ProgramVersion: 7.3.2  TimeStamp: 2026/03/08-21:00:42-GMT  BuildTime: Aug  4 2022 06:17:15  BuildStamp: freesurfer-linux-ubuntu22_x86_64-7.3.2-20220804-6354275  User: oesteban  Machine: dna010  Platform: Linux  PlatformVersion: 5.14.0-427.37.1.el9_4.x86_64  CompilerName: GCC  CompilerVersion: 8.4.0
ProgramName: mri_compute_overlap  ProgramArguments: mri_compute_overlap -all-info  ProgramVersion: 7.3.2  TimeStamp: 2026/03/08-21:00:42-GMT  BuildTime: Aug  4 2022 06:17:15  BuildStamp: freesurfer-linux-ubuntu22_x86_64-7.3.2-20220804-6354275  User: oesteban  Machine: dna010  Platform: Linux  PlatformVersion: 5.14.0-427.37.1.el9_4.x86_64  CompilerName: GCC  CompilerVersion: 8.4.0
ProgramName: mri_compute_seg_overlap  ProgramArguments: mri_compute_seg_overlap -all-info  ProgramVersion: 7.3.2  TimeStamp: 2026/03/08-21:00:42-GMT  BuildTime: Aug  4 2022 06:17:15  BuildStamp: freesurfer-linux-ubuntu22_x86_64-7.3.2-20220804-6354275  User: oesteban  Machine: dna010  Platform: Linux  PlatformVersion: 5.14.0-427.37.1.el9_4.x86_64  CompilerName: GCC  CompilerVersion: 8.4.0
ProgramName: mri_concat  ProgramArguments: mri_concat -all-info  ProgramVersion: 7.3.2  TimeStamp: 2026/03/08-21:00:42-GMT  BuildTime: Aug  4 2022 06:17:15  BuildStamp: freesurfer-linux-ubuntu22_x86_64-7.3.2-20220804-6354275  User: oesteban  Machine: dna010  Platform: Linux  PlatformVersion: 5.14.0-427.37.1.el9_4.x86_64  CompilerName: GCC  CompilerVersion: 8.4.0
ProgramName: mri_concatenate_lta  ProgramArguments: mri_concatenate_lta -all-info  ProgramVersion: 7.3.2  TimeStamp: 2026/03/08-21:00:42-GMT  BuildTime: Aug  4 2022 06:17:15  BuildStamp: freesurfer-linux-ubuntu22_x86_64-7.3.2-20220804-6354275  User: oesteban  Machine: dna010  Platform: Linux  PlatformVersion: 5.14.0-427.37.1.el9_4.x86_64  CompilerName: GCC  CompilerVersion: 8.4.0
mri_convert -all-info 
ProgramName: mri_convert  ProgramArguments: mri_convert -all-info  ProgramVersion: 7.3.2  TimeStamp: 2026/03/08-21:00:42-GMT  BuildTime: Aug  4 2022 06:17:15  BuildStamp: freesurfer-linux-ubuntu22_x86_64-7.3.2-20220804-6354275  User: oesteban  Machine: dna010  Platform: Linux  PlatformVersion: 5.14.0-427.37.1.el9_4.x86_64  CompilerName: GCC  CompilerVersion: 8.4.0
ProgramName: mri_diff  ProgramArguments: mri_diff -all-info  ProgramVersion: 7.3.2  TimeStamp: 2026/03/08-21:00:42-GMT  BuildTime: Aug  4 2022 06:17:15  BuildStamp: freesurfer-linux-ubuntu22_x86_64-7.3.2-20220804-6354275  User: oesteban  Machine: dna010  Platform: Linux  PlatformVersion: 5.14.0-427.37.1.el9_4.x86_64  CompilerName: GCC  CompilerVersion: 8.4.0
ProgramName: mri_edit_wm_with_aseg  ProgramArguments: mri_edit_wm_with_aseg -all-info  ProgramVersion: 7.3.2  TimeStamp: 2026/03/08-21:00:42-GMT  BuildTime: Aug  4 2022 06:17:15  BuildStamp: freesurfer-linux-ubuntu22_x86_64-7.3.2-20220804-6354275  User: oesteban  Machine: dna010  Platform: Linux  PlatformVersion: 5.14.0-427.37.1.el9_4.x86_64  CompilerName: GCC  CompilerVersion: 8.4.0
ProgramName: mri_em_register  ProgramArguments: mri_em_register -all-info  ProgramVersion: 7.3.2  TimeStamp: 2026/03/08-21:00:42-GMT  BuildTime: Aug  4 2022 06:17:15  BuildStamp: freesurfer-linux-ubuntu22_x86_64-7.3.2-20220804-6354275  User: oesteban  Machine: dna010  Platform: Linux  PlatformVersion: 5.14.0-427.37.1.el9_4.x86_64  CompilerName: GCC  CompilerVersion: 8.4.0
ProgramName: mri_fill  ProgramArguments: mri_fill -all-info  ProgramVersion: 7.3.2  TimeStamp: 2026/03/08-21:00:42-GMT  BuildTime: Aug  4 2022 06:17:15  BuildStamp: freesurfer-linux-ubuntu22_x86_64-7.3.2-20220804-6354275  User: oesteban  Machine: dna010  Platform: Linux  PlatformVersion: 5.14.0-427.37.1.el9_4.x86_64  CompilerName: GCC  CompilerVersion: 8.4.0
ProgramName: mri_fuse_segmentations  ProgramArguments: mri_fuse_segmentations -all-info  ProgramVersion: 7.3.2  TimeStamp: 2026/03/08-21:00:42-GMT  BuildTime: Aug  4 2022 06:17:15  BuildStamp: freesurfer-linux-ubuntu22_x86_64-7.3.2-20220804-6354275  User: oesteban  Machine: dna010  Platform: Linux  PlatformVersion: 5.14.0-427.37.1.el9_4.x86_64  CompilerName: GCC  CompilerVersion: 8.4.0
ProgramName: mri_fwhm  ProgramArguments: mri_fwhm -all-info  ProgramVersion: 7.3.2  TimeStamp: 2026/03/08-21:00:42-GMT  BuildTime: Aug  4 2022 06:17:15  BuildStamp: freesurfer-linux-ubuntu22_x86_64-7.3.2-20220804-6354275  User: oesteban  Machine: dna010  Platform: Linux  PlatformVersion: 5.14.0-427.37.1.el9_4.x86_64  CompilerName: GCC  CompilerVersion: 8.4.0
ProgramName: mri_gcut  ProgramArguments: mri_gcut -all-info  ProgramVersion: 7.3.2  TimeStamp: 2026/03/08-21:00:42-GMT  BuildTime: Aug  4 2022 06:17:15  BuildStamp: freesurfer-linux-ubuntu22_x86_64-7.3.2-20220804-6354275  User: oesteban  Machine: dna010  Platform: Linux  PlatformVersion: 5.14.0-427.37.1.el9_4.x86_64  CompilerName: GCC  CompilerVersion: 8.4.0
ProgramName: mri_info  ProgramArguments: mri_info -all-info  ProgramVersion: 7.3.2  TimeStamp: 2026/03/08-21:00:42-GMT  BuildTime: Aug  4 2022 06:17:15  BuildStamp: freesurfer-linux-ubuntu22_x86_64-7.3.2-20220804-6354275  User: oesteban  Machine: dna010  Platform: Linux  PlatformVersion: 5.14.0-427.37.1.el9_4.x86_64  CompilerName: GCC  CompilerVersion: 8.4.0
ProgramName: mri_label2label  ProgramArguments: mri_label2label -all-info  ProgramVersion: 7.3.2  TimeStamp: 2026/03/08-21:00:42-GMT  BuildTime: Aug  4 2022 06:17:15  BuildStamp: freesurfer-linux-ubuntu22_x86_64-7.3.2-20220804-6354275  User: oesteban  Machine: dna010  Platform: Linux  PlatformVersion: 5.14.0-427.37.1.el9_4.x86_64  CompilerName: GCC  CompilerVersion: 8.4.0
ProgramName: mri_label2vol  ProgramArguments: mri_label2vol -all-info  ProgramVersion: 7.3.2  TimeStamp: 2026/03/08-21:00:42-GMT  BuildTime: Aug  4 2022 06:17:15  BuildStamp: freesurfer-linux-ubuntu22_x86_64-7.3.2-20220804-6354275  User: oesteban  Machine: dna010  Platform: Linux  PlatformVersion: 5.14.0-427.37.1.el9_4.x86_64  CompilerName: GCC  CompilerVersion: 8.4.0
ProgramName: mri_log_likelihood  ProgramArguments: mri_log_likelihood -all-info  ProgramVersion: 7.3.2  TimeStamp: 2026/03/08-21:00:42-GMT  BuildTime: Aug  4 2022 06:17:15  BuildStamp: freesurfer-linux-ubuntu22_x86_64-7.3.2-20220804-6354275  User: oesteban  Machine: dna010  Platform: Linux  PlatformVersion: 5.14.0-427.37.1.el9_4.x86_64  CompilerName: GCC  CompilerVersion: 8.4.0
ProgramName: mri_mask  ProgramArguments: mri_mask -all-info  ProgramVersion: 7.3.2  TimeStamp: 2026/03/08-21:00:42-GMT  BuildTime: Aug  4 2022 06:17:15  BuildStamp: freesurfer-linux-ubuntu22_x86_64-7.3.2-20220804-6354275  User: oesteban  Machine: dna010  Platform: Linux  PlatformVersion: 5.14.0-427.37.1.el9_4.x86_64  CompilerName: GCC  CompilerVersion: 8.4.0
ProgramName: mri_matrix_multiply  ProgramArguments: mri_matrix_multiply -all-info  ProgramVersion: 7.3.2  TimeStamp: 2026/03/08-21:00:42-GMT  BuildTime: Aug  4 2022 06:17:15  BuildStamp: freesurfer-linux-ubuntu22_x86_64-7.3.2-20220804-6354275  User: oesteban  Machine: dna010  Platform: Linux  PlatformVersion: 5.14.0-427.37.1.el9_4.x86_64  CompilerName: GCC  CompilerVersion: 8.4.0
ProgramName: mri_normalize  ProgramArguments: mri_normalize -all-info  ProgramVersion: 7.3.2  TimeStamp: 2026/03/08-21:00:42-GMT  BuildTime: Aug  4 2022 06:17:15  BuildStamp: freesurfer-linux-ubuntu22_x86_64-7.3.2-20220804-6354275  User: oesteban  Machine: dna010  Platform: Linux  PlatformVersion: 5.14.0-427.37.1.el9_4.x86_64  CompilerName: GCC  CompilerVersion: 8.4.0
ProgramName: mri_normalize_tp2  ProgramArguments: mri_normalize_tp2 -all-info  ProgramVersion: 7.3.2  TimeStamp: 2026/03/08-21:00:42-GMT  BuildTime: Aug  4 2022 06:17:15  BuildStamp: freesurfer-linux-ubuntu22_x86_64-7.3.2-20220804-6354275  User: oesteban  Machine: dna010  Platform: Linux  PlatformVersion: 5.14.0-427.37.1.el9_4.x86_64  CompilerName: GCC  CompilerVersion: 8.4.0
ProgramName: mri_or  ProgramArguments: mri_or -all-info  ProgramVersion: 7.3.2  TimeStamp: 2026/03/08-21:00:42-GMT  BuildTime: Aug  4 2022 06:17:15  BuildStamp: freesurfer-linux-ubuntu22_x86_64-7.3.2-20220804-6354275  User: oesteban  Machine: dna010  Platform: Linux  PlatformVersion: 5.14.0-427.37.1.el9_4.x86_64  CompilerName: GCC  CompilerVersion: 8.4.0
ProgramName: mri_relabel_hypointensities  ProgramArguments: mri_relabel_hypointensities -all-info  ProgramVersion: 7.3.2  TimeStamp: 2026/03/08-21:00:42-GMT  BuildTime: Aug  4 2022 06:17:15  BuildStamp: freesurfer-linux-ubuntu22_x86_64-7.3.2-20220804-6354275  User: oesteban  Machine: dna010  Platform: Linux  PlatformVersion: 5.14.0-427.37.1.el9_4.x86_64  CompilerName: GCC  CompilerVersion: 8.4.0
ProgramName: mri_relabel_nonwm_hypos  ProgramArguments: mri_relabel_nonwm_hypos -all-info  ProgramVersion: 7.3.2  TimeStamp: 2026/03/08-21:00:42-GMT  BuildTime: Aug  4 2022 06:17:15  BuildStamp: freesurfer-linux-ubuntu22_x86_64-7.3.2-20220804-6354275  User: oesteban  Machine: dna010  Platform: Linux  PlatformVersion: 5.14.0-427.37.1.el9_4.x86_64  CompilerName: GCC  CompilerVersion: 8.4.0
ProgramName: mri_remove_neck  ProgramArguments: mri_remove_neck -all-info  ProgramVersion: 7.3.2  TimeStamp: 2026/03/08-21:00:42-GMT  BuildTime: Aug  4 2022 06:17:15  BuildStamp: freesurfer-linux-ubuntu22_x86_64-7.3.2-20220804-6354275  User: oesteban  Machine: dna010  Platform: Linux  PlatformVersion: 5.14.0-427.37.1.el9_4.x86_64  CompilerName: GCC  CompilerVersion: 8.4.0
7.3.2

ProgramName: mri_robust_register  ProgramArguments: mri_robust_register -all-info  ProgramVersion: 7.3.2  TimeStamp: 2026/03/08-21:00:42-GMT  BuildTime: Aug  4 2022 06:17:15  BuildStamp: freesurfer-linux-ubuntu22_x86_64-7.3.2-20220804-6354275  User: oesteban  Machine: dna010  Platform: Linux  PlatformVersion: 5.14.0-427.37.1.el9_4.x86_64  CompilerName: GCC  CompilerVersion: 8.4.0
7.3.2

ProgramName: mri_robust_template  ProgramArguments: mri_robust_template -all-info  ProgramVersion: 7.3.2  TimeStamp: 2026/03/08-21:00:42-GMT  BuildTime: Aug  4 2022 06:17:15  BuildStamp: freesurfer-linux-ubuntu22_x86_64-7.3.2-20220804-6354275  User: oesteban  Machine: dna010  Platform: Linux  PlatformVersion: 5.14.0-427.37.1.el9_4.x86_64  CompilerName: GCC  CompilerVersion: 8.4.0
ProgramName: mris_anatomical_stats  ProgramArguments: mris_anatomical_stats -all-info  ProgramVersion: 7.3.2  TimeStamp: 2026/03/08-21:00:42-GMT  BuildTime: Aug  4 2022 06:17:15  BuildStamp: freesurfer-linux-ubuntu22_x86_64-7.3.2-20220804-6354275  User: oesteban  Machine: dna010  Platform: Linux  PlatformVersion: 5.14.0-427.37.1.el9_4.x86_64  CompilerName: GCC  CompilerVersion: 8.4.0
ProgramName: mris_ca_label  ProgramArguments: mris_ca_label -all-info  ProgramVersion: 7.3.2  TimeStamp: 2026/03/08-21:00:42-GMT  BuildTime: Aug  4 2022 06:17:15  BuildStamp: freesurfer-linux-ubuntu22_x86_64-7.3.2-20220804-6354275  User: oesteban  Machine: dna010  Platform: Linux  PlatformVersion: 5.14.0-427.37.1.el9_4.x86_64  CompilerName: GCC  CompilerVersion: 8.4.0
ProgramName: mris_calc  ProgramArguments: mris_calc -all-info  ProgramVersion: 7.3.2  TimeStamp: 2026/03/08-21:00:42-GMT  BuildTime: Aug  4 2022 06:17:15  BuildStamp: freesurfer-linux-ubuntu22_x86_64-7.3.2-20220804-6354275  User: oesteban  Machine: dna010  Platform: Linux  PlatformVersion: 5.14.0-427.37.1.el9_4.x86_64  CompilerName: GCC  CompilerVersion: 8.4.0
ProgramName: mris_convert  ProgramArguments: mris_convert -all-info  ProgramVersion: 7.3.2  TimeStamp: 2026/03/08-21:00:42-GMT  BuildTime: Aug  4 2022 06:17:15  BuildStamp: freesurfer-linux-ubuntu22_x86_64-7.3.2-20220804-6354275  User: oesteban  Machine: dna010  Platform: Linux  PlatformVersion: 5.14.0-427.37.1.el9_4.x86_64  CompilerName: GCC  CompilerVersion: 8.4.0
ProgramName: mris_curvature  ProgramArguments: mris_curvature -all-info  ProgramVersion: 7.3.2  TimeStamp: 2026/03/08-21:00:42-GMT  BuildTime: Aug  4 2022 06:17:15  BuildStamp: freesurfer-linux-ubuntu22_x86_64-7.3.2-20220804-6354275  User: oesteban  Machine: dna010  Platform: Linux  PlatformVersion: 5.14.0-427.37.1.el9_4.x86_64  CompilerName: GCC  CompilerVersion: 8.4.0
ProgramName: mris_curvature_stats  ProgramArguments: mris_curvature_stats -all-info  ProgramVersion: 7.3.2  TimeStamp: 2026/03/08-21:00:42-GMT  BuildTime: Aug  4 2022 06:17:15  BuildStamp: freesurfer-linux-ubuntu22_x86_64-7.3.2-20220804-6354275  User: oesteban  Machine: dna010  Platform: Linux  PlatformVersion: 5.14.0-427.37.1.el9_4.x86_64  CompilerName: GCC  CompilerVersion: 8.4.0
ProgramName: mris_diff  ProgramArguments: mris_diff -all-info  ProgramVersion: 7.3.2  TimeStamp: 2026/03/08-21:00:42-GMT  BuildTime: Aug  4 2022 06:17:15  BuildStamp: freesurfer-linux-ubuntu22_x86_64-7.3.2-20220804-6354275  User: oesteban  Machine: dna010  Platform: Linux  PlatformVersion: 5.14.0-427.37.1.el9_4.x86_64  CompilerName: GCC  CompilerVersion: 8.4.0
ProgramName: mris_divide_parcellation  ProgramArguments: mris_divide_parcellation -all-info  ProgramVersion: 7.3.2  TimeStamp: 2026/03/08-21:00:42-GMT  BuildTime: Aug  4 2022 06:17:15  BuildStamp: freesurfer-linux-ubuntu22_x86_64-7.3.2-20220804-6354275  User: oesteban  Machine: dna010  Platform: Linux  PlatformVersion: 5.14.0-427.37.1.el9_4.x86_64  CompilerName: GCC  CompilerVersion: 8.4.0
ProgramName: mri_segment  ProgramArguments: mri_segment -all-info  ProgramVersion: 7.3.2  TimeStamp: 2026/03/08-21:00:42-GMT  BuildTime: Aug  4 2022 06:17:15  BuildStamp: freesurfer-linux-ubuntu22_x86_64-7.3.2-20220804-6354275  User: oesteban  Machine: dna010  Platform: Linux  PlatformVersion: 5.14.0-427.37.1.el9_4.x86_64  CompilerName: GCC  CompilerVersion: 8.4.0
ProgramName: mri_segstats  ProgramArguments: mri_segstats -all-info  ProgramVersion: 7.3.2  TimeStamp: 2026/03/08-21:00:42-GMT  BuildTime: Aug  4 2022 06:17:15  BuildStamp: freesurfer-linux-ubuntu22_x86_64-7.3.2-20220804-6354275  User: oesteban  Machine: dna010  Platform: Linux  PlatformVersion: 5.14.0-427.37.1.el9_4.x86_64  CompilerName: GCC  CompilerVersion: 8.4.0
ProgramName: mris_euler_number  ProgramArguments: mris_euler_number -all-info  ProgramVersion: 7.3.2  TimeStamp: 2026/03/08-21:00:42-GMT  BuildTime: Aug  4 2022 06:17:15  BuildStamp: freesurfer-linux-ubuntu22_x86_64-7.3.2-20220804-6354275  User: oesteban  Machine: dna010  Platform: Linux  PlatformVersion: 5.14.0-427.37.1.el9_4.x86_64  CompilerName: GCC  CompilerVersion: 8.4.0
ProgramName: mris_fix_topology  ProgramArguments: mris_fix_topology -all-info  ProgramVersion: 7.3.2  TimeStamp: 2026/03/08-21:00:42-GMT  BuildTime: Aug  4 2022 06:17:15  BuildStamp: freesurfer-linux-ubuntu22_x86_64-7.3.2-20220804-6354275  User: oesteban  Machine: dna010  Platform: Linux  PlatformVersion: 5.14.0-427.37.1.el9_4.x86_64  CompilerName: GCC  CompilerVersion: 8.4.0
ProgramName: mris_topo_fixer  ProgramArguments: mris_topo_fixer -all-info  ProgramVersion: 7.3.2  TimeStamp: 2026/03/08-21:00:42-GMT  BuildTime: Aug  4 2022 06:17:15  BuildStamp: freesurfer-linux-ubuntu22_x86_64-7.3.2-20220804-6354275  User: oesteban  Machine: dna010  Platform: Linux  PlatformVersion: 5.14.0-427.37.1.el9_4.x86_64  CompilerName: GCC  CompilerVersion: 8.4.0
ProgramName: mris_jacobian  ProgramArguments: mris_jacobian -all-info  ProgramVersion: 7.3.2  TimeStamp: 2026/03/08-21:00:42-GMT  BuildTime: Aug  4 2022 06:17:15  BuildStamp: freesurfer-linux-ubuntu22_x86_64-7.3.2-20220804-6354275  User: oesteban  Machine: dna010  Platform: Linux  PlatformVersion: 5.14.0-427.37.1.el9_4.x86_64  CompilerName: GCC  CompilerVersion: 8.4.0
ProgramName: mris_label2annot  ProgramArguments: mris_label2annot -all-info  ProgramVersion: 7.3.2  TimeStamp: 2026/03/08-21:00:42-GMT  BuildTime: Aug  4 2022 06:17:15  BuildStamp: freesurfer-linux-ubuntu22_x86_64-7.3.2-20220804-6354275  User: oesteban  Machine: dna010  Platform: Linux  PlatformVersion: 5.14.0-427.37.1.el9_4.x86_64  CompilerName: GCC  CompilerVersion: 8.4.0
ProgramName: mris_left_right_register  ProgramArguments: mris_left_right_register -all-info  ProgramVersion: 7.3.2  TimeStamp: 2026/03/08-21:00:42-GMT  BuildTime: Aug  4 2022 06:17:15  BuildStamp: freesurfer-linux-ubuntu22_x86_64-7.3.2-20220804-6354275  User: oesteban  Machine: dna010  Platform: Linux  PlatformVersion: 5.14.0-427.37.1.el9_4.x86_64  CompilerName: GCC  CompilerVersion: 8.4.0
ProgramName: mris_place_surface  ProgramArguments: mris_place_surface -all-info  ProgramVersion: 7.3.2  TimeStamp: 2026/03/08-21:00:42-GMT  BuildTime: Aug  4 2022 06:17:15  BuildStamp: freesurfer-linux-ubuntu22_x86_64-7.3.2-20220804-6354275  User: oesteban  Machine: dna010  Platform: Linux  PlatformVersion: 5.14.0-427.37.1.el9_4.x86_64  CompilerName: GCC  CompilerVersion: 8.4.0
ProgramName: mrisp_paint  ProgramArguments: mrisp_paint -all-info  ProgramVersion: 7.3.2  TimeStamp: 2026/03/08-21:00:42-GMT  BuildTime: Aug  4 2022 06:17:15  BuildStamp: freesurfer-linux-ubuntu22_x86_64-7.3.2-20220804-6354275  User: oesteban  Machine: dna010  Platform: Linux  PlatformVersion: 5.14.0-427.37.1.el9_4.x86_64  CompilerName: GCC  CompilerVersion: 8.4.0
ProgramName: mris_register  ProgramArguments: mris_register -all-info  ProgramVersion: 7.3.2  TimeStamp: 2026/03/08-21:00:42-GMT  BuildTime: Aug  4 2022 06:17:15  BuildStamp: freesurfer-linux-ubuntu22_x86_64-7.3.2-20220804-6354275  User: oesteban  Machine: dna010  Platform: Linux  PlatformVersion: 5.14.0-427.37.1.el9_4.x86_64  CompilerName: GCC  CompilerVersion: 8.4.0
ProgramName: mris_smooth  ProgramArguments: mris_smooth -all-info  ProgramVersion: 7.3.2  TimeStamp: 2026/03/08-21:00:42-GMT  BuildTime: Aug  4 2022 06:17:15  BuildStamp: freesurfer-linux-ubuntu22_x86_64-7.3.2-20220804-6354275  User: oesteban  Machine: dna010  Platform: Linux  PlatformVersion: 5.14.0-427.37.1.el9_4.x86_64  CompilerName: GCC  CompilerVersion: 8.4.0
ProgramName: mris_sphere  ProgramArguments: mris_sphere -all-info  ProgramVersion: 7.3.2  TimeStamp: 2026/03/08-21:00:42-GMT  BuildTime: Aug  4 2022 06:17:15  BuildStamp: freesurfer-linux-ubuntu22_x86_64-7.3.2-20220804-6354275  User: oesteban  Machine: dna010  Platform: Linux  PlatformVersion: 5.14.0-427.37.1.el9_4.x86_64  CompilerName: GCC  CompilerVersion: 8.4.0
ProgramName: mris_surface_stats  ProgramArguments: mris_surface_stats -all-info  ProgramVersion: 7.3.2  TimeStamp: 2026/03/08-21:00:42-GMT  BuildTime: Aug  4 2022 06:17:15  BuildStamp: freesurfer-linux-ubuntu22_x86_64-7.3.2-20220804-6354275  User: oesteban  Machine: dna010  Platform: Linux  PlatformVersion: 5.14.0-427.37.1.el9_4.x86_64  CompilerName: GCC  CompilerVersion: 8.4.0
ProgramName: mri_stats2seg  ProgramArguments: mri_stats2seg -all-info  ProgramVersion: 7.3.2  TimeStamp: 2026/03/08-21:00:42-GMT  BuildTime: Aug  4 2022 06:17:15  BuildStamp: freesurfer-linux-ubuntu22_x86_64-7.3.2-20220804-6354275  User: oesteban  Machine: dna010  Platform: Linux  PlatformVersion: 5.14.0-427.37.1.el9_4.x86_64  CompilerName: GCC  CompilerVersion: 8.4.0
ProgramName: mris_thickness  ProgramArguments: mris_thickness -all-info  ProgramVersion: 7.3.2  TimeStamp: 2026/03/08-21:00:42-GMT  BuildTime: Aug  4 2022 06:17:15  BuildStamp: freesurfer-linux-ubuntu22_x86_64-7.3.2-20220804-6354275  User: oesteban  Machine: dna010  Platform: Linux  PlatformVersion: 5.14.0-427.37.1.el9_4.x86_64  CompilerName: GCC  CompilerVersion: 8.4.0
ProgramName: mris_thickness_diff  ProgramArguments: mris_thickness_diff -all-info  ProgramVersion: 7.3.2  TimeStamp: 2026/03/08-21:00:42-GMT  BuildTime: Aug  4 2022 06:17:15  BuildStamp: freesurfer-linux-ubuntu22_x86_64-7.3.2-20220804-6354275  User: oesteban  Machine: dna010  Platform: Linux  PlatformVersion: 5.14.0-427.37.1.el9_4.x86_64  CompilerName: GCC  CompilerVersion: 8.4.0
ProgramName: mris_topo_fixer  ProgramArguments: mris_topo_fixer -all-info  ProgramVersion: 7.3.2  TimeStamp: 2026/03/08-21:00:42-GMT  BuildTime: Aug  4 2022 06:17:15  BuildStamp: freesurfer-linux-ubuntu22_x86_64-7.3.2-20220804-6354275  User: oesteban  Machine: dna010  Platform: Linux  PlatformVersion: 5.14.0-427.37.1.el9_4.x86_64  CompilerName: GCC  CompilerVersion: 8.4.0
ProgramName: mri_surf2surf  ProgramArguments: mri_surf2surf -all-info  ProgramVersion: 7.3.2  TimeStamp: 2026/03/08-21:00:42-GMT  BuildTime: Aug  4 2022 06:17:15  BuildStamp: freesurfer-linux-ubuntu22_x86_64-7.3.2-20220804-6354275  User: oesteban  Machine: dna010  Platform: Linux  PlatformVersion: 5.14.0-427.37.1.el9_4.x86_64  CompilerName: GCC  CompilerVersion: 8.4.0
ProgramName: mri_surf2vol  ProgramArguments: mri_surf2vol -all-info  ProgramVersion: 7.3.2  TimeStamp: 2026/03/08-21:00:42-GMT  BuildTime: Aug  4 2022 06:17:15  BuildStamp: freesurfer-linux-ubuntu22_x86_64-7.3.2-20220804-6354275  User: oesteban  Machine: dna010  Platform: Linux  PlatformVersion: 5.14.0-427.37.1.el9_4.x86_64  CompilerName: GCC  CompilerVersion: 8.4.0
ProgramName: mri_surfcluster  ProgramArguments: mri_surfcluster -all-info  ProgramVersion: 7.3.2  TimeStamp: 2026/03/08-21:00:42-GMT  BuildTime: Aug  4 2022 06:17:15  BuildStamp: freesurfer-linux-ubuntu22_x86_64-7.3.2-20220804-6354275  User: oesteban  Machine: dna010  Platform: Linux  PlatformVersion: 5.14.0-427.37.1.el9_4.x86_64  CompilerName: GCC  CompilerVersion: 8.4.0
ProgramName: mris_volmask  ProgramArguments: mris_volmask -all-info  ProgramVersion: 7.3.2  TimeStamp: 2026/03/08-21:00:42-GMT  BuildTime: Aug  4 2022 06:17:15  BuildStamp: freesurfer-linux-ubuntu22_x86_64-7.3.2-20220804-6354275  User: oesteban  Machine: dna010  Platform: Linux  PlatformVersion: 5.14.0-427.37.1.el9_4.x86_64  CompilerName: GCC  CompilerVersion: 8.4.0
ProgramName: mri_tessellate  ProgramArguments: mri_tessellate -all-info  ProgramVersion: 7.3.2  TimeStamp: 2026/03/08-21:00:42-GMT  BuildTime: Aug  4 2022 06:17:15  BuildStamp: freesurfer-linux-ubuntu22_x86_64-7.3.2-20220804-6354275  User: oesteban  Machine: dna010  Platform: Linux  PlatformVersion: 5.14.0-427.37.1.el9_4.x86_64  CompilerName: GCC  CompilerVersion: 8.4.0
ProgramName: mri_vol2surf  ProgramArguments: mri_vol2surf -all-info  ProgramVersion: 7.3.2  TimeStamp: 2026/03/08-21:00:42-GMT  BuildTime: Aug  4 2022 06:17:15  BuildStamp: freesurfer-linux-ubuntu22_x86_64-7.3.2-20220804-6354275  User: oesteban  Machine: dna010  Platform: Linux  PlatformVersion: 5.14.0-427.37.1.el9_4.x86_64  CompilerName: GCC  CompilerVersion: 8.4.0
ProgramName: mri_vol2vol  ProgramArguments: mri_vol2vol -all-info  ProgramVersion: 7.3.2  TimeStamp: 2026/03/08-21:00:42-GMT  BuildTime: Aug  4 2022 06:17:15  BuildStamp: freesurfer-linux-ubuntu22_x86_64-7.3.2-20220804-6354275  User: oesteban  Machine: dna010  Platform: Linux  PlatformVersion: 5.14.0-427.37.1.el9_4.x86_64  CompilerName: GCC  CompilerVersion: 8.4.0
ProgramName: mri_voldiff  ProgramArguments: mri_voldiff -all-info  ProgramVersion: 7.3.2  TimeStamp: 2026/03/08-21:00:42-GMT  BuildTime: Aug  4 2022 06:17:15  BuildStamp: freesurfer-linux-ubuntu22_x86_64-7.3.2-20220804-6354275  User: oesteban  Machine: dna010  Platform: Linux  PlatformVersion: 5.14.0-427.37.1.el9_4.x86_64  CompilerName: GCC  CompilerVersion: 8.4.0
ProgramName: mri_watershed  ProgramArguments: mri_watershed -all-info  ProgramVersion: 7.3.2  TimeStamp: 2026/03/08-21:00:42-GMT  BuildTime: Aug  4 2022 06:17:15  BuildStamp: freesurfer-linux-ubuntu22_x86_64-7.3.2-20220804-6354275  User: oesteban  Machine: dna010  Platform: Linux  PlatformVersion: 5.14.0-427.37.1.el9_4.x86_64  CompilerName: GCC  CompilerVersion: 8.4.0
ProgramName: tkregister2  ProgramArguments: tkregister2_cmdl -all-info  ProgramVersion: 7.3.2  TimeStamp: 2026/03/08-21:00:42-GMT  BuildTime: Aug  4 2022 06:17:15  BuildStamp: freesurfer-linux-ubuntu22_x86_64-7.3.2-20220804-6354275  User: oesteban  Machine: dna010  Platform: Linux  PlatformVersion: 5.14.0-427.37.1.el9_4.x86_64  CompilerName: GCC  CompilerVersion: 8.4.0
mri_motion_correct.fsl 7.3.2
mri_convert -all-info 
ProgramName: mri_convert  ProgramArguments: mri_convert -all-info  ProgramVersion: 7.3.2  TimeStamp: 2026/03/08-21:00:42-GMT  BuildTime: Aug  4 2022 06:17:15  BuildStamp: freesurfer-linux-ubuntu22_x86_64-7.3.2-20220804-6354275  User: oesteban  Machine: dna010  Platform: Linux  PlatformVersion: 5.14.0-427.37.1.el9_4.x86_64  CompilerName: GCC  CompilerVersion: 8.4.0
Program nu_correct, built from:
Package MNI N3, version 1.12.0, compiled by nicks@terrier (x86_64-unknown-linux-gnu) on 2015-06-19 at 01:25:34
#######################################
GCADIR /opt/freesurfer/average
GCA RB_all_2020-01-02.gca
GCASkull RB_all_withskull_2020_01_02.gca
AvgCurvTif folding.atlas.acfb40.noaparc.i12.2016-08-02.tif
GCSDIR /opt/freesurfer/average
GCS DKaparc.atlas.acfb40.noaparc.i12.2016-08-02.gcs
#######################################
#--------------------------------------------
#@# AutoDetGWStats rh Sun Mar  8 22:00:42 CET 2026
cd /out/sourcedata/freesurfer/sub-v1s14x0051576_ses-1/mri
mris_autodet_gwstats --o ../surf/autodet.gw.stats.rh.dat --i brain.finalsurfs.mgz --wm wm.mgz --surf ../surf/rh.orig.premesh
  Update not needed
#--------------------------------------------
#@# WhitePreAparc rh Sun Mar  8 22:00:42 CET 2026
cd /out/sourcedata/freesurfer/sub-v1s14x0051576_ses-1/mri
mris_place_surface --adgws-in ../surf/autodet.gw.stats.rh.dat --wm wm.mgz --threads 16 --invol brain.finalsurfs.mgz --rh --i ../surf/rh.orig --o ../surf/rh.white.preaparc --white --seg aseg.presurf.mgz --nsmooth 5
   Update not needed
#--------------------------------------------
#@# CortexLabel rh Sun Mar  8 22:00:42 CET 2026
cd /out/sourcedata/freesurfer/sub-v1s14x0051576_ses-1/mri
mri_label2label --label-cortex ../surf/rh.white.preaparc aseg.presurf.mgz 0 ../label/rh.cortex.label
   Update not needed
#--------------------------------------------
#@# CortexLabel+HipAmyg rh Sun Mar  8 22:00:42 CET 2026
cd /out/sourcedata/freesurfer/sub-v1s14x0051576_ses-1/mri
mri_label2label --label-cortex ../surf/rh.white.preaparc aseg.presurf.mgz 1 ../label/rh.cortex+hipamyg.label
   Update not needed
#@# white curv rh Sun Mar  8 22:00:42 CET 2026
cd /out/sourcedata/freesurfer/sub-v1s14x0051576_ses-1/mri
mris_place_surface --curv-map ../surf/rh.white 2 10 ../surf/rh.curv
   Update not needed
#@# white area rh Sun Mar  8 22:00:42 CET 2026
cd /out/sourcedata/freesurfer/sub-v1s14x0051576_ses-1/mri
mris_place_surface --area-map ../surf/rh.white ../surf/rh.area
   Update not needed
#@# pial curv rh Sun Mar  8 22:00:42 CET 2026
cd /out/sourcedata/freesurfer/sub-v1s14x0051576_ses-1/mri
mris_place_surface --curv-map ../surf/rh.pial 2 10 ../surf/rh.curv.pial
   Update not needed
#@# pial area rh Sun Mar  8 22:00:42 CET 2026
cd /out/sourcedata/freesurfer/sub-v1s14x0051576_ses-1/mri
mris_place_surface --area-map ../surf/rh.pial ../surf/rh.area.pial
   Update not needed
#@# thickness rh Sun Mar  8 22:00:42 CET 2026
cd /out/sourcedata/freesurfer/sub-v1s14x0051576_ses-1/mri
mris_place_surface --thickness ../surf/rh.white ../surf/rh.pial 20 5 ../surf/rh.thickness
   Update not needed
#@# area and vertex vol rh Sun Mar  8 22:00:42 CET 2026
cd /out/sourcedata/freesurfer/sub-v1s14x0051576_ses-1/mri
mris_place_surface --thickness ../surf/rh.white ../surf/rh.pial 20 5 ../surf/rh.thickness
   Update not needed
#-----------------------------------------
#@# Parcellation Stats rh Sun Mar  8 22:00:42 CET 2026
/out/sourcedata/freesurfer/sub-v1s14x0051576_ses-1/scripts

 mris_anatomical_stats -th3 -mgz -noglobal -cortex ../label/rh.cortex.label -f ../stats/rh.aparc.stats -b -a ../label/rh.aparc.annot -c ../label/aparc.annot.ctab sub-v1s14x0051576_ses-1 rh white 

computing statistics for each annotation in ../label/rh.aparc.annot.
reading volume /out/sourcedata/freesurfer/sub-v1s14x0051576_ses-1/mri/wm.mgz...
reading input surface /out/sourcedata/freesurfer/sub-v1s14x0051576_ses-1/surf/rh.white...
reading input pial surface /out/sourcedata/freesurfer/sub-v1s14x0051576_ses-1/surf/rh.pial...
reading input white surface /out/sourcedata/freesurfer/sub-v1s14x0051576_ses-1/surf/rh.white...
INFO: using TH3 volume calc
INFO: assuming MGZ format for volumes.
INFO: not computing global stats
INFO: using ../label/rh.cortex.label as mask to calc cortex NumVert, SurfArea and MeanThickness.
Using TH3 vertex volume calc
Total face volume 256145
Total vertex volume 255939 (mask=0)
Saving annotation colortable ../label/aparc.annot.ctab

table columns are:
    number of vertices
    total surface area (mm^2)
    total gray matter volume (mm^3)
    average cortical thickness +- standard deviation (mm)
    integrated rectified mean curvature
    integrated rectified Gaussian curvature
    folding index
    intrinsic curvature index
    structure name

 1365    886   2017  2.368 0.408     0.096     0.016        8     0.9  bankssts
 1030    665   1690  2.244 0.761     0.117     0.013       12     0.6  caudalanteriorcingulate
 2925   1881   5295  2.502 0.617     0.103     0.018       22     2.2  caudalmiddlefrontal
 2935   1939   3208  1.561 0.558     0.139     0.028       35     3.5  cuneus
  770    513   1863  3.070 0.830     0.106     0.021        5     0.8  entorhinal
 5512   3755  11715  2.685 0.697     0.121     0.026       56     5.8  fusiform
 8209   5638  15044  2.342 0.625     0.117     0.022       82     7.5  inferiorparietal
 5670   3818  11385  2.574 0.811     0.125     0.030       68     7.7  inferiortemporal
 1335    908   2375  2.224 0.846     0.121     0.030       15     1.3  isthmuscingulate
 9106   5906  13096  1.943 0.685     0.135     0.032      109    12.6  lateraloccipital
 4537   3048   8250  2.546 0.824     0.129     0.035       52     6.4  lateralorbitofrontal
 5168   3534   6482  1.756 0.631     0.131     0.029       58     6.4  lingual
 3585   2374   6257  2.269 0.657     0.109     0.025       50     3.8  medialorbitofrontal
 5653   4149  14548  2.810 0.678     0.123     0.022       64     5.1  middletemporal
 1031    675   1867  2.535 0.771     0.101     0.020        8     0.7  parahippocampal
 2990   1657   3952  2.323 0.711     0.098     0.020       22     2.7  paracentral
 2100   1376   4087  2.605 0.522     0.106     0.018       16     1.7  parsopercularis
 1513   1114   3738  2.594 0.773     0.140     0.029       21     1.8  parsorbitalis
 2601   1808   5204  2.493 0.603     0.121     0.023       26     2.6  parstriangularis
 2300   1552   1735  1.263 0.239     0.131     0.026       25     2.7  pericalcarine
 6975   4135   9320  2.011 0.721     0.090     0.016       52     4.6  postcentral
 2178   1440   3743  2.294 0.739     0.116     0.021       22     2.1  posteriorcingulate
 8024   4685  13868  2.724 0.740     0.092     0.020       52     6.7  precentral
 6974   4584  10762  2.216 0.602     0.115     0.021       60     6.1  precuneus
 1085    714   1806  2.354 0.489     0.112     0.021       12     0.9  rostralanteriorcingulate
10481   7319  19614  2.306 0.648     0.127     0.026      123    11.9  rostralmiddlefrontal
12132   7819  25595  2.822 0.602     0.103     0.017       89     8.8  superiorfrontal
 8550   5368  13295  2.178 0.627     0.115     0.021       82     7.3  superiorparietal
 6154   4031  12246  2.655 0.688     0.109     0.021       52     6.0  superiortemporal
 6054   4062  10618  2.332 0.639     0.113     0.019       55     5.0  supramarginal
  465    357   1413  2.951 0.602     0.155     0.033        8     0.8  frontalpole
  647    468   2776  4.025 0.670     0.132     0.028        7     0.8  temporalpole
  527    352    688  1.848 0.608     0.128     0.036        6     0.7  transversetemporal
 3596   2439   6386  2.678 0.699     0.119     0.025       33     3.6  insula

 mris_anatomical_stats -th3 -mgz -noglobal -cortex ../label/rh.cortex.label -f ../stats/rh.aparc.pial.stats -b -a ../label/rh.aparc.annot -c ../label/aparc.annot.ctab sub-v1s14x0051576_ses-1 rh pial 

computing statistics for each annotation in ../label/rh.aparc.annot.
reading volume /out/sourcedata/freesurfer/sub-v1s14x0051576_ses-1/mri/wm.mgz...
reading input surface /out/sourcedata/freesurfer/sub-v1s14x0051576_ses-1/surf/rh.pial...
reading input pial surface /out/sourcedata/freesurfer/sub-v1s14x0051576_ses-1/surf/rh.pial...
reading input white surface /out/sourcedata/freesurfer/sub-v1s14x0051576_ses-1/surf/rh.white...
INFO: using TH3 volume calc
INFO: assuming MGZ format for volumes.
INFO: not computing global stats
INFO: using ../label/rh.cortex.label as mask to calc cortex NumVert, SurfArea and MeanThickness.
Using TH3 vertex volume calc
Total face volume 256145
Total vertex volume 255939 (mask=0)
Saving annotation colortable ../label/aparc.annot.ctab

table columns are:
    number of vertices
    total surface area (mm^2)
    total gray matter volume (mm^3)
    average cortical thickness +- standard deviation (mm)
    integrated rectified mean curvature
    integrated rectified Gaussian curvature
    folding index
    intrinsic curvature index
    structure name

 1365    805   2017  2.368 0.408     0.102     0.027       46     1.4  bankssts
 1030    805   1690  2.244 0.761     0.142     0.042       57     1.9  caudalanteriorcingulate
 2925   2229   5295  2.502 0.617     0.114     0.022       81     2.8  caudalmiddlefrontal
 2935   2316   3208  1.561 0.558     0.142     0.037       60     4.7  cuneus
  770    744   1863  3.070 0.830     0.218     0.070       25     2.3  entorhinal
 5512   4939  11715  2.685 0.697     0.150     0.038      151     9.4  fusiform
 8209   6934  15044  2.342 0.625     0.137     0.029      111    10.1  inferiorparietal
 5670   4781  11385  2.574 0.811     0.147     0.038      153     9.3  inferiortemporal
 1335   1185   2375  2.224 0.846     0.165     0.043       27     2.5  isthmuscingulate
 9106   7357  13096  1.943 0.685     0.134     0.034      229    13.3  lateraloccipital
 4537   3483   8250  2.546 0.824     0.160     0.052      135     9.6  lateralorbitofrontal
 5168   4221   6482  1.756 0.631     0.143     0.041      149     8.4  lingual
 3585   3172   6257  2.269 0.657     0.160     0.043      125     6.3  medialorbitofrontal
 5653   5950  14548  2.810 0.678     0.162     0.051       94     8.4  middletemporal
 1031    850   1867  2.535 0.771     0.154     0.041       24     1.8  parahippocampal
 2990   1888   3952  2.323 0.711     0.094     0.019       32     2.4  paracentral
 2100   1708   4087  2.605 0.522     0.147     0.035       52     3.3  parsopercularis
 1513   1705   3738  2.594 0.773     0.191     0.039       27     2.8  parsorbitalis
 2601   2271   5204  2.493 0.603     0.137     0.031       37     3.1  parstriangularis
 2300   1376   1735  1.263 0.239     0.108     0.033       44     2.7  pericalcarine
 6975   5207   9320  2.011 0.721     0.105     0.020       56     6.0  postcentral
 2178   1745   3743  2.294 0.739     0.144     0.038       71     3.2  posteriorcingulate
 8024   5455  13868  2.724 0.740     0.096     0.032    12182     6.5  precentral
 6974   5018  10762  2.216 0.602     0.124     0.031      272     8.6  precuneus
 1085    862   1806  2.354 0.489     0.151     0.041       23     1.7  rostralanteriorcingulate
10481   9343  19614  2.306 0.648     0.148     0.032      174    14.3  rostralmiddlefrontal
12132   9935  25595  2.822 0.602     0.131     0.028     4160    13.8  superiorfrontal
 8550   6600  13295  2.178 0.627     0.122     0.024      138     8.1  superiorparietal
 6154   5007  12246  2.655 0.688     0.147     0.039      112    10.5  superiortemporal
 6054   4796  10618  2.332 0.639     0.133     0.030      106     7.5  supramarginal
  465    577   1413  2.951 0.602     0.212     0.054        6     1.0  frontalpole
  647    863   2776  4.025 0.670     0.183     0.035       19     1.1  temporalpole
  527    443    688  1.848 0.608     0.153     0.043        5     1.0  transversetemporal
 3596   2337   6386  2.678 0.699     0.157     0.050       91     8.1  insula
#-----------------------------------------
#@# Parcellation Stats 2 rh Sun Mar  8 22:01:06 CET 2026
/out/sourcedata/freesurfer/sub-v1s14x0051576_ses-1/scripts

 mris_anatomical_stats -th3 -mgz -noglobal -cortex ../label/rh.cortex.label -f ../stats/rh.aparc.a2009s.stats -b -a ../label/rh.aparc.a2009s.annot -c ../label/aparc.annot.a2009s.ctab sub-v1s14x0051576_ses-1 rh white 

computing statistics for each annotation in ../label/rh.aparc.a2009s.annot.
reading volume /out/sourcedata/freesurfer/sub-v1s14x0051576_ses-1/mri/wm.mgz...
reading input surface /out/sourcedata/freesurfer/sub-v1s14x0051576_ses-1/surf/rh.white...
reading input pial surface /out/sourcedata/freesurfer/sub-v1s14x0051576_ses-1/surf/rh.pial...
reading input white surface /out/sourcedata/freesurfer/sub-v1s14x0051576_ses-1/surf/rh.white...
INFO: using TH3 volume calc
INFO: assuming MGZ format for volumes.
INFO: not computing global stats
INFO: using ../label/rh.cortex.label as mask to calc cortex NumVert, SurfArea and MeanThickness.
Using TH3 vertex volume calc
Total face volume 256145
Total vertex volume 255939 (mask=0)
Saving annotation colortable ../label/aparc.annot.a2009s.ctab

table columns are:
    number of vertices
    total surface area (mm^2)
    total gray matter volume (mm^3)
    average cortical thickness +- standard deviation (mm)
    integrated rectified mean curvature
    integrated rectified Gaussian curvature
    folding index
    intrinsic curvature index
    structure name

 1077    792   2140  2.195 0.778     0.151     0.031       18     1.6  G_and_S_frontomargin
 1508   1038   3055  2.353 0.671     0.140     0.025       21     1.6  G_and_S_occipital_inf
 1754    921   2355  2.243 0.735     0.097     0.023       16     1.7  G_and_S_paracentral
 1721   1134   3256  2.574 0.523     0.115     0.020       16     1.4  G_and_S_subcentral
 1374   1005   3113  2.511 0.624     0.142     0.029       20     1.7  G_and_S_transv_frontopol
 3717   2474   6524  2.526 0.506     0.109     0.017       33     2.7  G_and_S_cingul-Ant
 1621   1061   2927  2.772 0.475     0.094     0.012        9     0.9  G_and_S_cingul-Mid-Ant
 1512   1010   2747  2.599 0.563     0.100     0.019       10     1.2  G_and_S_cingul-Mid-Post
  698    477   1713  2.827 0.607     0.147     0.034       10     1.0  G_cingul-Post-dorsal
  284    200    714  2.567 0.899     0.144     0.045        3     0.5  G_cingul-Post-ventral
 2637   1736   2934  1.552 0.566     0.139     0.031       31     3.4  G_cuneus
 1351    903   3479  2.787 0.526     0.107     0.019       13     1.1  G_front_inf-Opercular
  515    369   1399  2.672 0.602     0.140     0.028        8     0.6  G_front_inf-Orbital
 1132    810   2891  2.763 0.550     0.135     0.028       15     1.2  G_front_inf-Triangul
 4470   3111  11050  2.642 0.678     0.127     0.024       57     4.2  G_front_middle
 7962   4874  18716  2.968 0.632     0.105     0.019       66     6.4  G_front_sup
  668    447   1192  2.684 0.539     0.131     0.029        8     0.7  G_Ins_lg_and_S_cent_ins
  721    484   1855  2.780 0.977     0.126     0.031       10     1.0  G_insular_short
 2670   1781   6004  2.525 0.672     0.139     0.033       38     3.7  G_occipital_middle
 2184   1259   3448  2.213 0.730     0.117     0.029       23     2.6  G_occipital_sup
 2352   1559   5330  2.772 0.625     0.127     0.027       26     2.5  G_oc-temp_lat-fusifor
 3470   2391   4538  1.682 0.684     0.142     0.031       45     4.7  G_oc-temp_med-Lingual
 1596   1064   3819  2.853 0.974     0.121     0.033       19     2.1  G_oc-temp_med-Parahip
 3161   2238   7597  2.591 0.967     0.150     0.047       55     6.4  G_orbital
 2789   2003   7180  2.675 0.674     0.144     0.030       43     3.3  G_pariet_inf-Angular
 2692   1831   6008  2.551 0.716     0.120     0.021       28     2.5  G_pariet_inf-Supramar
 2388   1498   5149  2.502 0.628     0.113     0.020       25     1.8  G_parietal_sup
 2671   1381   3792  2.161 0.747     0.087     0.019       24     2.1  G_postcentral
 3471   1663   7180  3.129 0.626     0.084     0.023       26     3.3  G_precentral
 2878   1858   5894  2.440 0.631     0.123     0.026       34     3.0  G_precuneus
 1211    814   2728  2.361 0.785     0.133     0.044       32     2.5  G_rectus
  709    447    949  2.193 0.776     0.092     0.032        6     0.6  G_subcallosal
  561    347    771  1.909 0.633     0.151     0.058       12     1.3  G_temp_sup-G_T_transv
 1981   1318   5502  3.031 0.646     0.118     0.021       21     1.7  G_temp_sup-Lateral
  829    570   1846  3.129 0.897     0.092     0.018        4     0.7  G_temp_sup-Plan_polar
 1159    790   2284  2.474 0.592     0.098     0.016        7     0.7  G_temp_sup-Plan_tempo
 3004   2063   7346  2.605 0.927     0.144     0.042       50     5.5  G_temporal_inf
 3022   2369   9832  3.011 0.653     0.141     0.029       45     3.5  G_temporal_middle
  429    284    530  2.303 0.471     0.107     0.017        2     0.3  Lat_Fis-ant-Horizont
  238    161    311  2.229 0.259     0.105     0.016        1     0.2  Lat_Fis-ant-Vertical
 1572   1036   1874  2.214 0.506     0.117     0.023       12     1.6  Lat_Fis-post
 3944   2566   4315  1.586 0.589     0.141     0.036       51     6.5  Pole_occipital
 1920   1385   7105  3.382 0.862     0.135     0.026       23     2.2  Pole_temporal
 2317   1559   2093  1.578 0.567     0.122     0.024       21     2.6  S_calcarine
 3208   2185   3546  1.876 0.729     0.096     0.017       15     2.4  S_central
 1612   1045   1931  1.998 0.445     0.098     0.017       10     1.1  S_cingul-Marginalis
  703    465   1111  2.834 0.675     0.102     0.020        3     0.7  S_circular_insula_ant
 1312    863   1746  2.482 0.620     0.094     0.020        7     1.5  S_circular_insula_inf
 1664   1094   2425  2.684 0.485     0.103     0.016        9     1.3  S_circular_insula_sup
 1586   1056   2785  2.790 0.514     0.093     0.015        9     1.0  S_collat_transv_ant
  577    379    616  1.929 0.513     0.143     0.031        7     0.7  S_collat_transv_post
 2414   1596   3604  2.206 0.526     0.106     0.018       17     1.9  S_front_inf
 2648   1839   4001  2.209 0.562     0.114     0.021       22     2.3  S_front_middle
 2708   1771   3962  2.341 0.489     0.090     0.012       13     1.5  S_front_sup
  553    357    611  2.044 0.368     0.098     0.015        2     0.4  S_interm_prim-Jensen
 3607   2347   4233  1.970 0.441     0.104     0.014       26     2.4  S_intrapariet_and_P_trans
 1101    727   1080  1.769 0.436     0.115     0.025        9     1.1  S_oc_middle_and_Lunatus
 1816   1202   2009  1.937 0.453     0.123     0.027       15     2.1  S_oc_sup_and_transversal
  822    551   1266  2.209 0.491     0.113     0.022        6     0.7  S_occipital_ant
 1069    739   1664  2.342 0.602     0.112     0.028        9     1.1  S_oc-temp_lat
 2307   1554   3062  2.244 0.533     0.095     0.015       12     1.6  S_oc-temp_med_and_Lingual
  671    481    926  1.834 0.550     0.143     0.030        7     1.0  S_orbital_lateral
 1044    681   1243  2.167 0.512     0.098     0.014        6     0.6  S_orbital_med-olfact
 1682   1123   2825  2.537 0.683     0.118     0.026       14     1.8  S_orbital-H_Shaped
 3434   2257   3834  1.915 0.546     0.120     0.019       29     2.8  S_parieto_occipital
 1404    891   1184  1.553 0.547     0.112     0.019       18     0.9  S_pericallosal
 2740   1774   2915  1.763 0.461     0.098     0.014       20     1.6  S_postcentral
 1783   1149   2268  2.396 0.359     0.105     0.019       11     1.4  S_precentral-inf-part
 1223    793   1587  2.207 0.581     0.090     0.013        6     0.7  S_precentral-sup-part
  382    260    467  1.970 0.383     0.106     0.014        2     0.2  S_suborbital
 1287    861   1684  2.060 0.490     0.110     0.017       10     1.0  S_subparietal
 1827   1186   2265  2.349 0.475     0.108     0.016       12     1.4  S_temporal_inf
 6766   4467   9277  2.289 0.446     0.097     0.015       41     4.4  S_temporal_sup
  287    194    331  2.019 0.328     0.132     0.013        3     0.2  S_temporal_transverse
#-----------------------------------------
#@# Parcellation Stats 3 rh Sun Mar  8 22:01:18 CET 2026
/out/sourcedata/freesurfer/sub-v1s14x0051576_ses-1/scripts

 mris_anatomical_stats -th3 -mgz -noglobal -cortex ../label/rh.cortex.label -f ../stats/rh.aparc.DKTatlas.stats -b -a ../label/rh.aparc.DKTatlas.annot -c ../label/aparc.annot.DKTatlas.ctab sub-v1s14x0051576_ses-1 rh white 

computing statistics for each annotation in ../label/rh.aparc.DKTatlas.annot.
reading volume /out/sourcedata/freesurfer/sub-v1s14x0051576_ses-1/mri/wm.mgz...
reading input surface /out/sourcedata/freesurfer/sub-v1s14x0051576_ses-1/surf/rh.white...
reading input pial surface /out/sourcedata/freesurfer/sub-v1s14x0051576_ses-1/surf/rh.pial...
reading input white surface /out/sourcedata/freesurfer/sub-v1s14x0051576_ses-1/surf/rh.white...
INFO: using TH3 volume calc
INFO: assuming MGZ format for volumes.
INFO: not computing global stats
INFO: using ../label/rh.cortex.label as mask to calc cortex NumVert, SurfArea and MeanThickness.
Using TH3 vertex volume calc
Total face volume 256145
Total vertex volume 255939 (mask=0)
Saving annotation colortable ../label/aparc.annot.DKTatlas.ctab

table columns are:
    number of vertices
    total surface area (mm^2)
    total gray matter volume (mm^3)
    average cortical thickness +- standard deviation (mm)
    integrated rectified mean curvature
    integrated rectified Gaussian curvature
    folding index
    intrinsic curvature index
    structure name

 1111    716   1808  2.249 0.753     0.115     0.013       13     0.7  caudalanteriorcingulate
 3072   1970   5542  2.482 0.614     0.104     0.018       24     2.4  caudalmiddlefrontal
 3667   2409   4006  1.583 0.526     0.136     0.027       43     4.1  cuneus
  677    441   1706  3.171 0.806     0.093     0.017        3     0.5  entorhinal
 4989   3382  10194  2.662 0.665     0.119     0.025       51     5.0  fusiform
 8235   5664  15085  2.340 0.623     0.119     0.022       83     7.8  inferiorparietal
 6193   4205  13394  2.631 0.842     0.128     0.031       75     8.5  inferiortemporal
 1296    880   2318  2.236 0.843     0.120     0.030       14     1.3  isthmuscingulate
 9065   5876  12711  1.916 0.671     0.134     0.032      107    12.5  lateraloccipital
 4999   3445   9433  2.450 0.861     0.138     0.038       67     8.4  lateralorbitofrontal
 5086   3473   6401  1.761 0.632     0.131     0.029       58     6.4  lingual
 2722   1822   4798  2.222 0.686     0.117     0.032       45     3.5  medialorbitofrontal
 6842   4924  16374  2.744 0.661     0.119     0.021       71     5.9  middletemporal
 1161    767   2041  2.473 0.769     0.109     0.023       10     1.1  parahippocampal
 3159   1764   4201  2.328 0.706     0.100     0.020       24     2.9  paracentral
 2512   1651   4877  2.589 0.520     0.110     0.021       22     2.2  parsopercularis
 1265    885   2949  2.656 0.727     0.126     0.023       14     1.3  parsorbitalis
 2522   1770   4901  2.434 0.626     0.120     0.022       23     2.5  parstriangularis
 2290   1547   1731  1.265 0.239     0.129     0.026       24     2.6  pericalcarine
 7588   4521   9943  1.984 0.706     0.091     0.016       57     5.0  postcentral
 2285   1512   3858  2.292 0.725     0.118     0.021       24     2.2  posteriorcingulate
 7738   4527  13509  2.744 0.734     0.093     0.020       50     6.5  precentral
 7070   4640  11128  2.239 0.595     0.114     0.021       61     6.1  precuneus
 1532   1015   2713  2.407 0.547     0.111     0.019       18     1.2  rostralanteriorcingulate
 7373   5101  13323  2.290 0.633     0.125     0.025       82     7.5  rostralmiddlefrontal
15544  10221  32893  2.756 0.621     0.106     0.018      125    12.1  superiorfrontal
 6939   4359  11180  2.224 0.636     0.115     0.021       67     6.1  superiorparietal
 7585   5032  16049  2.746 0.766     0.112     0.023       66     7.4  superiortemporal
 5819   3891  10223  2.347 0.634     0.111     0.019       52     4.8  supramarginal
  540    357    705  1.884 0.607     0.129     0.036        7     0.8  transversetemporal
 3301   2201   5941  2.727 0.682     0.113     0.022       29     2.9  insula
/out/sourcedata/freesurfer/sub-v1s14x0051576_ses-1/label
#--------------------------------------------
#@# BA_exvivo Labels rh Sun Mar  8 22:01:29 CET 2026

 mri_label2label --srcsubject fsaverage --srclabel /out/sourcedata/freesurfer/fsaverage/label/rh.BA1_exvivo.label --trgsubject sub-v1s14x0051576_ses-1 --trglabel ./rh.BA1_exvivo.label --hemi rh --regmethod surface 


srclabel = /out/sourcedata/freesurfer/fsaverage/label/rh.BA1_exvivo.label
srcsubject = fsaverage
trgsubject = sub-v1s14x0051576_ses-1
trglabel = ./rh.BA1_exvivo.label
regmethod = surface

srchemi = rh
trghemi = rh
trgsurface = white
srcsurfreg = sphere.reg
trgsurfreg = sphere.reg
usehash = 1
Use ProjAbs  = 0, 0
Use ProjFrac = 0, 0
DoPaint 0

SUBJECTS_DIR    /out/sourcedata/freesurfer
FREESURFER_HOME /opt/freesurfer
Loading source label.
Found 3962 points in source label.
Starting surface-based mapping
Reading source registration 
 /out/sourcedata/freesurfer/fsaverage/surf/rh.sphere.reg
Rescaling ...  original radius = 100
Reading target surface 
 /out/sourcedata/freesurfer/sub-v1s14x0051576_ses-1/surf/rh.white
Reading target registration 
 /out/sourcedata/freesurfer/sub-v1s14x0051576_ses-1/surf/rh.sphere.reg
Rescaling ...  original radius = 100
Building target registration hash (res=16).
Building source registration hash (res=16).
INFO: found  3962 nlabel points
Performing mapping from target back to the source label 153265
Number of reverse mapping hits = 310
Checking for and removing duplicates
Writing label file ./rh.BA1_exvivo.label 4272
mri_label2label: Done


 mri_label2label --srcsubject fsaverage --srclabel /out/sourcedata/freesurfer/fsaverage/label/rh.BA2_exvivo.label --trgsubject sub-v1s14x0051576_ses-1 --trglabel ./rh.BA2_exvivo.label --hemi rh --regmethod surface 


srclabel = /out/sourcedata/freesurfer/fsaverage/label/rh.BA2_exvivo.label
srcsubject = fsaverage
trgsubject = sub-v1s14x0051576_ses-1
trglabel = ./rh.BA2_exvivo.label
regmethod = surface

srchemi = rh
trghemi = rh
trgsurface = white
srcsurfreg = sphere.reg
trgsurfreg = sphere.reg
usehash = 1
Use ProjAbs  = 0, 0
Use ProjFrac = 0, 0
DoPaint 0

SUBJECTS_DIR    /out/sourcedata/freesurfer
FREESURFER_HOME /opt/freesurfer
Loading source label.
Found 6687 points in source label.
Starting surface-based mapping
Reading source registration 
 /out/sourcedata/freesurfer/fsaverage/surf/rh.sphere.reg
Rescaling ...  original radius = 100
Reading target surface 
 /out/sourcedata/freesurfer/sub-v1s14x0051576_ses-1/surf/rh.white
Reading target registration 
 /out/sourcedata/freesurfer/sub-v1s14x0051576_ses-1/surf/rh.sphere.reg
Rescaling ...  original radius = 100
Building target registration hash (res=16).
Building source registration hash (res=16).
INFO: found  6687 nlabel points
Performing mapping from target back to the source label 153265
Number of reverse mapping hits = 337
Checking for and removing duplicates
Writing label file ./rh.BA2_exvivo.label 7024
mri_label2label: Done


 mri_label2label --srcsubject fsaverage --srclabel /out/sourcedata/freesurfer/fsaverage/label/rh.BA3a_exvivo.label --trgsubject sub-v1s14x0051576_ses-1 --trglabel ./rh.BA3a_exvivo.label --hemi rh --regmethod surface 


srclabel = /out/sourcedata/freesurfer/fsaverage/label/rh.BA3a_exvivo.label
srcsubject = fsaverage
trgsubject = sub-v1s14x0051576_ses-1
trglabel = ./rh.BA3a_exvivo.label
regmethod = surface

srchemi = rh
trghemi = rh
trgsurface = white
srcsurfreg = sphere.reg
trgsurfreg = sphere.reg
usehash = 1
Use ProjAbs  = 0, 0
Use ProjFrac = 0, 0
DoPaint 0

SUBJECTS_DIR    /out/sourcedata/freesurfer
FREESURFER_HOME /opt/freesurfer
Loading source label.
Found 3980 points in source label.
Starting surface-based mapping
Reading source registration 
 /out/sourcedata/freesurfer/fsaverage/surf/rh.sphere.reg
Rescaling ...  original radius = 100
Reading target surface 
 /out/sourcedata/freesurfer/sub-v1s14x0051576_ses-1/surf/rh.white
Reading target registration 
 /out/sourcedata/freesurfer/sub-v1s14x0051576_ses-1/surf/rh.sphere.reg
Rescaling ...  original radius = 100
Building target registration hash (res=16).
Building source registration hash (res=16).
INFO: found  3980 nlabel points
Performing mapping from target back to the source label 153265
Number of reverse mapping hits = 70
Checking for and removing duplicates
Writing label file ./rh.BA3a_exvivo.label 4050
mri_label2label: Done


 mri_label2label --srcsubject fsaverage --srclabel /out/sourcedata/freesurfer/fsaverage/label/rh.BA3b_exvivo.label --trgsubject sub-v1s14x0051576_ses-1 --trglabel ./rh.BA3b_exvivo.label --hemi rh --regmethod surface 


srclabel = /out/sourcedata/freesurfer/fsaverage/label/rh.BA3b_exvivo.label
srcsubject = fsaverage
trgsubject = sub-v1s14x0051576_ses-1
trglabel = ./rh.BA3b_exvivo.label
regmethod = surface

srchemi = rh
trghemi = rh
trgsurface = white
srcsurfreg = sphere.reg
trgsurfreg = sphere.reg
usehash = 1
Use ProjAbs  = 0, 0
Use ProjFrac = 0, 0
DoPaint 0

SUBJECTS_DIR    /out/sourcedata/freesurfer
FREESURFER_HOME /opt/freesurfer
Loading source label.
Found 4522 points in source label.
Starting surface-based mapping
Reading source registration 
 /out/sourcedata/freesurfer/fsaverage/surf/rh.sphere.reg
Rescaling ...  original radius = 100
Reading target surface 
 /out/sourcedata/freesurfer/sub-v1s14x0051576_ses-1/surf/rh.white
Reading target registration 
 /out/sourcedata/freesurfer/sub-v1s14x0051576_ses-1/surf/rh.sphere.reg
Rescaling ...  original radius = 100
Building target registration hash (res=16).
Building source registration hash (res=16).
INFO: found  4522 nlabel points
Performing mapping from target back to the source label 153265
Number of reverse mapping hits = 237
Checking for and removing duplicates
Writing label file ./rh.BA3b_exvivo.label 4759
mri_label2label: Done


 mri_label2label --srcsubject fsaverage --srclabel /out/sourcedata/freesurfer/fsaverage/label/rh.BA4a_exvivo.label --trgsubject sub-v1s14x0051576_ses-1 --trglabel ./rh.BA4a_exvivo.label --hemi rh --regmethod surface 


srclabel = /out/sourcedata/freesurfer/fsaverage/label/rh.BA4a_exvivo.label
srcsubject = fsaverage
trgsubject = sub-v1s14x0051576_ses-1
trglabel = ./rh.BA4a_exvivo.label
regmethod = surface

srchemi = rh
trghemi = rh
trgsurface = white
srcsurfreg = sphere.reg
trgsurfreg = sphere.reg
usehash = 1
Use ProjAbs  = 0, 0
Use ProjFrac = 0, 0
DoPaint 0

SUBJECTS_DIR    /out/sourcedata/freesurfer
FREESURFER_HOME /opt/freesurfer
Loading source label.
Found 5747 points in source label.
Starting surface-based mapping
Reading source registration 
 /out/sourcedata/freesurfer/fsaverage/surf/rh.sphere.reg
Rescaling ...  original radius = 100
Reading target surface 
 /out/sourcedata/freesurfer/sub-v1s14x0051576_ses-1/surf/rh.white
Reading target registration 
 /out/sourcedata/freesurfer/sub-v1s14x0051576_ses-1/surf/rh.sphere.reg
Rescaling ...  original radius = 100
Building target registration hash (res=16).
Building source registration hash (res=16).
INFO: found  5747 nlabel points
Performing mapping from target back to the source label 153265
Number of reverse mapping hits = 615
Checking for and removing duplicates
Writing label file ./rh.BA4a_exvivo.label 6362
mri_label2label: Done


 mri_label2label --srcsubject fsaverage --srclabel /out/sourcedata/freesurfer/fsaverage/label/rh.BA4p_exvivo.label --trgsubject sub-v1s14x0051576_ses-1 --trglabel ./rh.BA4p_exvivo.label --hemi rh --regmethod surface 


srclabel = /out/sourcedata/freesurfer/fsaverage/label/rh.BA4p_exvivo.label
srcsubject = fsaverage
trgsubject = sub-v1s14x0051576_ses-1
trglabel = ./rh.BA4p_exvivo.label
regmethod = surface

srchemi = rh
trghemi = rh
trgsurface = white
srcsurfreg = sphere.reg
trgsurfreg = sphere.reg
usehash = 1
Use ProjAbs  = 0, 0
Use ProjFrac = 0, 0
DoPaint 0

SUBJECTS_DIR    /out/sourcedata/freesurfer
FREESURFER_HOME /opt/freesurfer
Loading source label.
Found 4473 points in source label.
Starting surface-based mapping
Reading source registration 
 /out/sourcedata/freesurfer/fsaverage/surf/rh.sphere.reg
Rescaling ...  original radius = 100
Reading target surface 
 /out/sourcedata/freesurfer/sub-v1s14x0051576_ses-1/surf/rh.white
Reading target registration 
 /out/sourcedata/freesurfer/sub-v1s14x0051576_ses-1/surf/rh.sphere.reg
Rescaling ...  original radius = 100
Building target registration hash (res=16).
Building source registration hash (res=16).
INFO: found  4473 nlabel points
Performing mapping from target back to the source label 153265
Number of reverse mapping hits = 227
Checking for and removing duplicates
Writing label file ./rh.BA4p_exvivo.label 4700
mri_label2label: Done


 mri_label2label --srcsubject fsaverage --srclabel /out/sourcedata/freesurfer/fsaverage/label/rh.BA6_exvivo.label --trgsubject sub-v1s14x0051576_ses-1 --trglabel ./rh.BA6_exvivo.label --hemi rh --regmethod surface 


srclabel = /out/sourcedata/freesurfer/fsaverage/label/rh.BA6_exvivo.label
srcsubject = fsaverage
trgsubject = sub-v1s14x0051576_ses-1
trglabel = ./rh.BA6_exvivo.label
regmethod = surface

srchemi = rh
trghemi = rh
trgsurface = white
srcsurfreg = sphere.reg
trgsurfreg = sphere.reg
usehash = 1
Use ProjAbs  = 0, 0
Use ProjFrac = 0, 0
DoPaint 0

SUBJECTS_DIR    /out/sourcedata/freesurfer
FREESURFER_HOME /opt/freesurfer
Loading source label.
Found 12256 points in source label.
Starting surface-based mapping
Reading source registration 
 /out/sourcedata/freesurfer/fsaverage/surf/rh.sphere.reg
Rescaling ...  original radius = 100
Reading target surface 
 /out/sourcedata/freesurfer/sub-v1s14x0051576_ses-1/surf/rh.white
Reading target registration 
 /out/sourcedata/freesurfer/sub-v1s14x0051576_ses-1/surf/rh.sphere.reg
Rescaling ...  original radius = 100
Building target registration hash (res=16).
Building source registration hash (res=16).
INFO: found  12256 nlabel points
Performing mapping from target back to the source label 153265
Number of reverse mapping hits = 1140
Checking for and removing duplicates
Writing label file ./rh.BA6_exvivo.label 13396
mri_label2label: Done


 mri_label2label --srcsubject fsaverage --srclabel /out/sourcedata/freesurfer/fsaverage/label/rh.BA44_exvivo.label --trgsubject sub-v1s14x0051576_ses-1 --trglabel ./rh.BA44_exvivo.label --hemi rh --regmethod surface 


srclabel = /out/sourcedata/freesurfer/fsaverage/label/rh.BA44_exvivo.label
srcsubject = fsaverage
trgsubject = sub-v1s14x0051576_ses-1
trglabel = ./rh.BA44_exvivo.label
regmethod = surface

srchemi = rh
trghemi = rh
trgsurface = white
srcsurfreg = sphere.reg
trgsurfreg = sphere.reg
usehash = 1
Use ProjAbs  = 0, 0
Use ProjFrac = 0, 0
DoPaint 0

SUBJECTS_DIR    /out/sourcedata/freesurfer
FREESURFER_HOME /opt/freesurfer
Loading source label.
Found 6912 points in source label.
Starting surface-based mapping
Reading source registration 
 /out/sourcedata/freesurfer/fsaverage/surf/rh.sphere.reg
Rescaling ...  original radius = 100
Reading target surface 
 /out/sourcedata/freesurfer/sub-v1s14x0051576_ses-1/surf/rh.white
Reading target registration 
 /out/sourcedata/freesurfer/sub-v1s14x0051576_ses-1/surf/rh.sphere.reg
Rescaling ...  original radius = 100
Building target registration hash (res=16).
Building source registration hash (res=16).
INFO: found  6912 nlabel points
Performing mapping from target back to the source label 153265
Number of reverse mapping hits = 561
Checking for and removing duplicates
Writing label file ./rh.BA44_exvivo.label 7473
mri_label2label: Done


 mri_label2label --srcsubject fsaverage --srclabel /out/sourcedata/freesurfer/fsaverage/label/rh.BA45_exvivo.label --trgsubject sub-v1s14x0051576_ses-1 --trglabel ./rh.BA45_exvivo.label --hemi rh --regmethod surface 


srclabel = /out/sourcedata/freesurfer/fsaverage/label/rh.BA45_exvivo.label
srcsubject = fsaverage
trgsubject = sub-v1s14x0051576_ses-1
trglabel = ./rh.BA45_exvivo.label
regmethod = surface

srchemi = rh
trghemi = rh
trgsurface = white
srcsurfreg = sphere.reg
trgsurfreg = sphere.reg
usehash = 1
Use ProjAbs  = 0, 0
Use ProjFrac = 0, 0
DoPaint 0

SUBJECTS_DIR    /out/sourcedata/freesurfer
FREESURFER_HOME /opt/freesurfer
Loading source label.
Found 5355 points in source label.
Starting surface-based mapping
Reading source registration 
 /out/sourcedata/freesurfer/fsaverage/surf/rh.sphere.reg
Rescaling ...  original radius = 100
Reading target surface 
 /out/sourcedata/freesurfer/sub-v1s14x0051576_ses-1/surf/rh.white
Reading target registration 
 /out/sourcedata/freesurfer/sub-v1s14x0051576_ses-1/surf/rh.sphere.reg
Rescaling ...  original radius = 100
Building target registration hash (res=16).
Building source registration hash (res=16).
INFO: found  5355 nlabel points
Performing mapping from target back to the source label 153265
Number of reverse mapping hits = 1097
Checking for and removing duplicates
Writing label file ./rh.BA45_exvivo.label 6452
mri_label2label: Done


 mri_label2label --srcsubject fsaverage --srclabel /out/sourcedata/freesurfer/fsaverage/label/rh.V1_exvivo.label --trgsubject sub-v1s14x0051576_ses-1 --trglabel ./rh.V1_exvivo.label --hemi rh --regmethod surface 


srclabel = /out/sourcedata/freesurfer/fsaverage/label/rh.V1_exvivo.label
srcsubject = fsaverage
trgsubject = sub-v1s14x0051576_ses-1
trglabel = ./rh.V1_exvivo.label
regmethod = surface

srchemi = rh
trghemi = rh
trgsurface = white
srcsurfreg = sphere.reg
trgsurfreg = sphere.reg
usehash = 1
Use ProjAbs  = 0, 0
Use ProjFrac = 0, 0
DoPaint 0

SUBJECTS_DIR    /out/sourcedata/freesurfer
FREESURFER_HOME /opt/freesurfer
Loading source label.
Found 4727 points in source label.
Starting surface-based mapping
Reading source registration 
 /out/sourcedata/freesurfer/fsaverage/surf/rh.sphere.reg
Rescaling ...  original radius = 100
Reading target surface 
 /out/sourcedata/freesurfer/sub-v1s14x0051576_ses-1/surf/rh.white
Reading target registration 
 /out/sourcedata/freesurfer/sub-v1s14x0051576_ses-1/surf/rh.sphere.reg
Rescaling ...  original radius = 100
Building target registration hash (res=16).
Building source registration hash (res=16).
INFO: found  4727 nlabel points
Performing mapping from target back to the source label 153265
Number of reverse mapping hits = 1598
Checking for and removing duplicates
Writing label file ./rh.V1_exvivo.label 6325
mri_label2label: Done


 mri_label2label --srcsubject fsaverage --srclabel /out/sourcedata/freesurfer/fsaverage/label/rh.V2_exvivo.label --trgsubject sub-v1s14x0051576_ses-1 --trglabel ./rh.V2_exvivo.label --hemi rh --regmethod surface 


srclabel = /out/sourcedata/freesurfer/fsaverage/label/rh.V2_exvivo.label
srcsubject = fsaverage
trgsubject = sub-v1s14x0051576_ses-1
trglabel = ./rh.V2_exvivo.label
regmethod = surface

srchemi = rh
trghemi = rh
trgsurface = white
srcsurfreg = sphere.reg
trgsurfreg = sphere.reg
usehash = 1
Use ProjAbs  = 0, 0
Use ProjFrac = 0, 0
DoPaint 0

SUBJECTS_DIR    /out/sourcedata/freesurfer
FREESURFER_HOME /opt/freesurfer
Loading source label.
Found 8016 points in source label.
Starting surface-based mapping
Reading source registration 
 /out/sourcedata/freesurfer/fsaverage/surf/rh.sphere.reg
Rescaling ...  original radius = 100
Reading target surface 
 /out/sourcedata/freesurfer/sub-v1s14x0051576_ses-1/surf/rh.white
Reading target registration 
 /out/sourcedata/freesurfer/sub-v1s14x0051576_ses-1/surf/rh.sphere.reg
Rescaling ...  original radius = 100
Building target registration hash (res=16).
Building source registration hash (res=16).
INFO: found  8016 nlabel points
Performing mapping from target back to the source label 153265
Number of reverse mapping hits = 3641
Checking for and removing duplicates
Writing label file ./rh.V2_exvivo.label 11657
mri_label2label: Done


 mri_label2label --srcsubject fsaverage --srclabel /out/sourcedata/freesurfer/fsaverage/label/rh.MT_exvivo.label --trgsubject sub-v1s14x0051576_ses-1 --trglabel ./rh.MT_exvivo.label --hemi rh --regmethod surface 


srclabel = /out/sourcedata/freesurfer/fsaverage/label/rh.MT_exvivo.label
srcsubject = fsaverage
trgsubject = sub-v1s14x0051576_ses-1
trglabel = ./rh.MT_exvivo.label
regmethod = surface

srchemi = rh
trghemi = rh
trgsurface = white
srcsurfreg = sphere.reg
trgsurfreg = sphere.reg
usehash = 1
Use ProjAbs  = 0, 0
Use ProjFrac = 0, 0
DoPaint 0

SUBJECTS_DIR    /out/sourcedata/freesurfer
FREESURFER_HOME /opt/freesurfer
Loading source label.
Found 1932 points in source label.
Starting surface-based mapping
Reading source registration 
 /out/sourcedata/freesurfer/fsaverage/surf/rh.sphere.reg
Rescaling ...  original radius = 100
Reading target surface 
 /out/sourcedata/freesurfer/sub-v1s14x0051576_ses-1/surf/rh.white
Reading target registration 
 /out/sourcedata/freesurfer/sub-v1s14x0051576_ses-1/surf/rh.sphere.reg
Rescaling ...  original radius = 100
Building target registration hash (res=16).
Building source registration hash (res=16).
INFO: found  1932 nlabel points
Performing mapping from target back to the source label 153265
Number of reverse mapping hits = 557
Checking for and removing duplicates
Writing label file ./rh.MT_exvivo.label 2489
mri_label2label: Done


 mri_label2label --srcsubject fsaverage --srclabel /out/sourcedata/freesurfer/fsaverage/label/rh.entorhinal_exvivo.label --trgsubject sub-v1s14x0051576_ses-1 --trglabel ./rh.entorhinal_exvivo.label --hemi rh --regmethod surface 


srclabel = /out/sourcedata/freesurfer/fsaverage/label/rh.entorhinal_exvivo.label
srcsubject = fsaverage
trgsubject = sub-v1s14x0051576_ses-1
trglabel = ./rh.entorhinal_exvivo.label
regmethod = surface

srchemi = rh
trghemi = rh
trgsurface = white
srcsurfreg = sphere.reg
trgsurfreg = sphere.reg
usehash = 1
Use ProjAbs  = 0, 0
Use ProjFrac = 0, 0
DoPaint 0

SUBJECTS_DIR    /out/sourcedata/freesurfer
FREESURFER_HOME /opt/freesurfer
Loading source label.
Found 1038 points in source label.
Starting surface-based mapping
Reading source registration 
 /out/sourcedata/freesurfer/fsaverage/surf/rh.sphere.reg
Rescaling ...  original radius = 100
Reading target surface 
 /out/sourcedata/freesurfer/sub-v1s14x0051576_ses-1/surf/rh.white
Reading target registration 
 /out/sourcedata/freesurfer/sub-v1s14x0051576_ses-1/surf/rh.sphere.reg
Rescaling ...  original radius = 100
Building target registration hash (res=16).
Building source registration hash (res=16).
INFO: found  1038 nlabel points
Performing mapping from target back to the source label 153265
Number of reverse mapping hits = 311
Checking for and removing duplicates
Writing label file ./rh.entorhinal_exvivo.label 1349
mri_label2label: Done


 mri_label2label --srcsubject fsaverage --srclabel /out/sourcedata/freesurfer/fsaverage/label/rh.perirhinal_exvivo.label --trgsubject sub-v1s14x0051576_ses-1 --trglabel ./rh.perirhinal_exvivo.label --hemi rh --regmethod surface 


srclabel = /out/sourcedata/freesurfer/fsaverage/label/rh.perirhinal_exvivo.label
srcsubject = fsaverage
trgsubject = sub-v1s14x0051576_ses-1
trglabel = ./rh.perirhinal_exvivo.label
regmethod = surface

srchemi = rh
trghemi = rh
trgsurface = white
srcsurfreg = sphere.reg
trgsurfreg = sphere.reg
usehash = 1
Use ProjAbs  = 0, 0
Use ProjFrac = 0, 0
DoPaint 0

SUBJECTS_DIR    /out/sourcedata/freesurfer
FREESURFER_HOME /opt/freesurfer
Loading source label.
Found 752 points in source label.
Starting surface-based mapping
Reading source registration 
 /out/sourcedata/freesurfer/fsaverage/surf/rh.sphere.reg
Rescaling ...  original radius = 100
Reading target surface 
 /out/sourcedata/freesurfer/sub-v1s14x0051576_ses-1/surf/rh.white
Reading target registration 
 /out/sourcedata/freesurfer/sub-v1s14x0051576_ses-1/surf/rh.sphere.reg
Rescaling ...  original radius = 100
Building target registration hash (res=16).
Building source registration hash (res=16).
INFO: found  752 nlabel points
Performing mapping from target back to the source label 153265
Number of reverse mapping hits = 234
Checking for and removing duplicates
Writing label file ./rh.perirhinal_exvivo.label 986
mri_label2label: Done


 mri_label2label --srcsubject fsaverage --srclabel /out/sourcedata/freesurfer/fsaverage/label/rh.FG1.mpm.vpnl.label --trgsubject sub-v1s14x0051576_ses-1 --trglabel ./rh.FG1.mpm.vpnl.label --hemi rh --regmethod surface 


srclabel = /out/sourcedata/freesurfer/fsaverage/label/rh.FG1.mpm.vpnl.label
srcsubject = fsaverage
trgsubject = sub-v1s14x0051576_ses-1
trglabel = ./rh.FG1.mpm.vpnl.label
regmethod = surface

srchemi = rh
trghemi = rh
trgsurface = white
srcsurfreg = sphere.reg
trgsurfreg = sphere.reg
usehash = 1
Use ProjAbs  = 0, 0
Use ProjFrac = 0, 0
DoPaint 0

SUBJECTS_DIR    /out/sourcedata/freesurfer
FREESURFER_HOME /opt/freesurfer
Loading source label.
Found 541 points in source label.
Starting surface-based mapping
Reading source registration 
 /out/sourcedata/freesurfer/fsaverage/surf/rh.sphere.reg
Rescaling ...  original radius = 100
Reading target surface 
 /out/sourcedata/freesurfer/sub-v1s14x0051576_ses-1/surf/rh.white
Reading target registration 
 /out/sourcedata/freesurfer/sub-v1s14x0051576_ses-1/surf/rh.sphere.reg
Rescaling ...  original radius = 100
Building target registration hash (res=16).
Building source registration hash (res=16).
INFO: found  541 nlabel points
Performing mapping from target back to the source label 153265
Number of reverse mapping hits = 283
Checking for and removing duplicates
Writing label file ./rh.FG1.mpm.vpnl.label 824
mri_label2label: Done


 mri_label2label --srcsubject fsaverage --srclabel /out/sourcedata/freesurfer/fsaverage/label/rh.FG2.mpm.vpnl.label --trgsubject sub-v1s14x0051576_ses-1 --trglabel ./rh.FG2.mpm.vpnl.label --hemi rh --regmethod surface 


srclabel = /out/sourcedata/freesurfer/fsaverage/label/rh.FG2.mpm.vpnl.label
srcsubject = fsaverage
trgsubject = sub-v1s14x0051576_ses-1
trglabel = ./rh.FG2.mpm.vpnl.label
regmethod = surface

srchemi = rh
trghemi = rh
trgsurface = white
srcsurfreg = sphere.reg
trgsurfreg = sphere.reg
usehash = 1
Use ProjAbs  = 0, 0
Use ProjFrac = 0, 0
DoPaint 0

SUBJECTS_DIR    /out/sourcedata/freesurfer
FREESURFER_HOME /opt/freesurfer
Loading source label.
Found 721 points in source label.
Starting surface-based mapping
Reading source registration 
 /out/sourcedata/freesurfer/fsaverage/surf/rh.sphere.reg
Rescaling ...  original radius = 100
Reading target surface 
 /out/sourcedata/freesurfer/sub-v1s14x0051576_ses-1/surf/rh.white
Reading target registration 
 /out/sourcedata/freesurfer/sub-v1s14x0051576_ses-1/surf/rh.sphere.reg
Rescaling ...  original radius = 100
Building target registration hash (res=16).
Building source registration hash (res=16).
INFO: found  721 nlabel points
Performing mapping from target back to the source label 153265
Number of reverse mapping hits = 317
Checking for and removing duplicates
Writing label file ./rh.FG2.mpm.vpnl.label 1038
mri_label2label: Done


 mri_label2label --srcsubject fsaverage --srclabel /out/sourcedata/freesurfer/fsaverage/label/rh.FG3.mpm.vpnl.label --trgsubject sub-v1s14x0051576_ses-1 --trglabel ./rh.FG3.mpm.vpnl.label --hemi rh --regmethod surface 


srclabel = /out/sourcedata/freesurfer/fsaverage/label/rh.FG3.mpm.vpnl.label
srcsubject = fsaverage
trgsubject = sub-v1s14x0051576_ses-1
trglabel = ./rh.FG3.mpm.vpnl.label
regmethod = surface

srchemi = rh
trghemi = rh
trgsurface = white
srcsurfreg = sphere.reg
trgsurfreg = sphere.reg
usehash = 1
Use ProjAbs  = 0, 0
Use ProjFrac = 0, 0
DoPaint 0

SUBJECTS_DIR    /out/sourcedata/freesurfer
FREESURFER_HOME /opt/freesurfer
Loading source label.
Found 1523 points in source label.
Starting surface-based mapping
Reading source registration 
 /out/sourcedata/freesurfer/fsaverage/surf/rh.sphere.reg
Rescaling ...  original radius = 100
Reading target surface 
 /out/sourcedata/freesurfer/sub-v1s14x0051576_ses-1/surf/rh.white
Reading target registration 
 /out/sourcedata/freesurfer/sub-v1s14x0051576_ses-1/surf/rh.sphere.reg
Rescaling ...  original radius = 100
Building target registration hash (res=16).
Building source registration hash (res=16).
INFO: found  1523 nlabel points
Performing mapping from target back to the source label 153265
Number of reverse mapping hits = 333
Checking for and removing duplicates
Writing label file ./rh.FG3.mpm.vpnl.label 1856
mri_label2label: Done


 mri_label2label --srcsubject fsaverage --srclabel /out/sourcedata/freesurfer/fsaverage/label/rh.FG4.mpm.vpnl.label --trgsubject sub-v1s14x0051576_ses-1 --trglabel ./rh.FG4.mpm.vpnl.label --hemi rh --regmethod surface 


srclabel = /out/sourcedata/freesurfer/fsaverage/label/rh.FG4.mpm.vpnl.label
srcsubject = fsaverage
trgsubject = sub-v1s14x0051576_ses-1
trglabel = ./rh.FG4.mpm.vpnl.label
regmethod = surface

srchemi = rh
trghemi = rh
trgsurface = white
srcsurfreg = sphere.reg
trgsurfreg = sphere.reg
usehash = 1
Use ProjAbs  = 0, 0
Use ProjFrac = 0, 0
DoPaint 0

SUBJECTS_DIR    /out/sourcedata/freesurfer
FREESURFER_HOME /opt/freesurfer
Loading source label.
Found 1586 points in source label.
Starting surface-based mapping
Reading source registration 
 /out/sourcedata/freesurfer/fsaverage/surf/rh.sphere.reg
Rescaling ...  original radius = 100
Reading target surface 
 /out/sourcedata/freesurfer/sub-v1s14x0051576_ses-1/surf/rh.white
Reading target registration 
 /out/sourcedata/freesurfer/sub-v1s14x0051576_ses-1/surf/rh.sphere.reg
Rescaling ...  original radius = 100
Building target registration hash (res=16).
Building source registration hash (res=16).
INFO: found  1586 nlabel points
Performing mapping from target back to the source label 153265
Number of reverse mapping hits = 603
Checking for and removing duplicates
Writing label file ./rh.FG4.mpm.vpnl.label 2189
mri_label2label: Done


 mri_label2label --srcsubject fsaverage --srclabel /out/sourcedata/freesurfer/fsaverage/label/rh.hOc1.mpm.vpnl.label --trgsubject sub-v1s14x0051576_ses-1 --trglabel ./rh.hOc1.mpm.vpnl.label --hemi rh --regmethod surface 


srclabel = /out/sourcedata/freesurfer/fsaverage/label/rh.hOc1.mpm.vpnl.label
srcsubject = fsaverage
trgsubject = sub-v1s14x0051576_ses-1
trglabel = ./rh.hOc1.mpm.vpnl.label
regmethod = surface

srchemi = rh
trghemi = rh
trgsurface = white
srcsurfreg = sphere.reg
trgsurfreg = sphere.reg
usehash = 1
Use ProjAbs  = 0, 0
Use ProjFrac = 0, 0
DoPaint 0

SUBJECTS_DIR    /out/sourcedata/freesurfer
FREESURFER_HOME /opt/freesurfer
Loading source label.
Found 3667 points in source label.
Starting surface-based mapping
Reading source registration 
 /out/sourcedata/freesurfer/fsaverage/surf/rh.sphere.reg
Rescaling ...  original radius = 100
Reading target surface 
 /out/sourcedata/freesurfer/sub-v1s14x0051576_ses-1/surf/rh.white
Reading target registration 
 /out/sourcedata/freesurfer/sub-v1s14x0051576_ses-1/surf/rh.sphere.reg
Rescaling ...  original radius = 100
Building target registration hash (res=16).
Building source registration hash (res=16).
INFO: found  3667 nlabel points
Performing mapping from target back to the source label 153265
Number of reverse mapping hits = 1105
Checking for and removing duplicates
Writing label file ./rh.hOc1.mpm.vpnl.label 4772
mri_label2label: Done


 mri_label2label --srcsubject fsaverage --srclabel /out/sourcedata/freesurfer/fsaverage/label/rh.hOc2.mpm.vpnl.label --trgsubject sub-v1s14x0051576_ses-1 --trglabel ./rh.hOc2.mpm.vpnl.label --hemi rh --regmethod surface 


srclabel = /out/sourcedata/freesurfer/fsaverage/label/rh.hOc2.mpm.vpnl.label
srcsubject = fsaverage
trgsubject = sub-v1s14x0051576_ses-1
trglabel = ./rh.hOc2.mpm.vpnl.label
regmethod = surface

srchemi = rh
trghemi = rh
trgsurface = white
srcsurfreg = sphere.reg
trgsurfreg = sphere.reg
usehash = 1
Use ProjAbs  = 0, 0
Use ProjFrac = 0, 0
DoPaint 0

SUBJECTS_DIR    /out/sourcedata/freesurfer
FREESURFER_HOME /opt/freesurfer
Loading source label.
Found 2719 points in source label.
Starting surface-based mapping
Reading source registration 
 /out/sourcedata/freesurfer/fsaverage/surf/rh.sphere.reg
Rescaling ...  original radius = 100
Reading target surface 
 /out/sourcedata/freesurfer/sub-v1s14x0051576_ses-1/surf/rh.white
Reading target registration 
 /out/sourcedata/freesurfer/sub-v1s14x0051576_ses-1/surf/rh.sphere.reg
Rescaling ...  original radius = 100
Building target registration hash (res=16).
Building source registration hash (res=16).
INFO: found  2719 nlabel points
Performing mapping from target back to the source label 153265
Number of reverse mapping hits = 1261
Checking for and removing duplicates
Writing label file ./rh.hOc2.mpm.vpnl.label 3980
mri_label2label: Done


 mri_label2label --srcsubject fsaverage --srclabel /out/sourcedata/freesurfer/fsaverage/label/rh.hOc3v.mpm.vpnl.label --trgsubject sub-v1s14x0051576_ses-1 --trglabel ./rh.hOc3v.mpm.vpnl.label --hemi rh --regmethod surface 


srclabel = /out/sourcedata/freesurfer/fsaverage/label/rh.hOc3v.mpm.vpnl.label
srcsubject = fsaverage
trgsubject = sub-v1s14x0051576_ses-1
trglabel = ./rh.hOc3v.mpm.vpnl.label
regmethod = surface

srchemi = rh
trghemi = rh
trgsurface = white
srcsurfreg = sphere.reg
trgsurfreg = sphere.reg
usehash = 1
Use ProjAbs  = 0, 0
Use ProjFrac = 0, 0
DoPaint 0

SUBJECTS_DIR    /out/sourcedata/freesurfer
FREESURFER_HOME /opt/freesurfer
Loading source label.
Found 1228 points in source label.
Starting surface-based mapping
Reading source registration 
 /out/sourcedata/freesurfer/fsaverage/surf/rh.sphere.reg
Rescaling ...  original radius = 100
Reading target surface 
 /out/sourcedata/freesurfer/sub-v1s14x0051576_ses-1/surf/rh.white
Reading target registration 
 /out/sourcedata/freesurfer/sub-v1s14x0051576_ses-1/surf/rh.sphere.reg
Rescaling ...  original radius = 100
Building target registration hash (res=16).
Building source registration hash (res=16).
INFO: found  1228 nlabel points
Performing mapping from target back to the source label 153265
Number of reverse mapping hits = 769
Checking for and removing duplicates
Writing label file ./rh.hOc3v.mpm.vpnl.label 1997
mri_label2label: Done


 mri_label2label --srcsubject fsaverage --srclabel /out/sourcedata/freesurfer/fsaverage/label/rh.hOc4v.mpm.vpnl.label --trgsubject sub-v1s14x0051576_ses-1 --trglabel ./rh.hOc4v.mpm.vpnl.label --hemi rh --regmethod surface 


srclabel = /out/sourcedata/freesurfer/fsaverage/label/rh.hOc4v.mpm.vpnl.label
srcsubject = fsaverage
trgsubject = sub-v1s14x0051576_ses-1
trglabel = ./rh.hOc4v.mpm.vpnl.label
regmethod = surface

srchemi = rh
trghemi = rh
trgsurface = white
srcsurfreg = sphere.reg
trgsurfreg = sphere.reg
usehash = 1
Use ProjAbs  = 0, 0
Use ProjFrac = 0, 0
DoPaint 0

SUBJECTS_DIR    /out/sourcedata/freesurfer
FREESURFER_HOME /opt/freesurfer
Loading source label.
Found 1025 points in source label.
Starting surface-based mapping
Reading source registration 
 /out/sourcedata/freesurfer/fsaverage/surf/rh.sphere.reg
Rescaling ...  original radius = 100
Reading target surface 
 /out/sourcedata/freesurfer/sub-v1s14x0051576_ses-1/surf/rh.white
Reading target registration 
 /out/sourcedata/freesurfer/sub-v1s14x0051576_ses-1/surf/rh.sphere.reg
Rescaling ...  original radius = 100
Building target registration hash (res=16).
Building source registration hash (res=16).
INFO: found  1025 nlabel points
Performing mapping from target back to the source label 153265
Number of reverse mapping hits = 598
Checking for and removing duplicates
Writing label file ./rh.hOc4v.mpm.vpnl.label 1623
mri_label2label: Done


 mris_label2annot --s sub-v1s14x0051576_ses-1 --ctab /opt/freesurfer/average/colortable_vpnl.txt --hemi rh --a mpm.vpnl --maxstatwinner --noverbose --l rh.FG1.mpm.vpnl.label --l rh.FG2.mpm.vpnl.label --l rh.FG3.mpm.vpnl.label --l rh.FG4.mpm.vpnl.label --l rh.hOc1.mpm.vpnl.label --l rh.hOc2.mpm.vpnl.label --l rh.hOc3v.mpm.vpnl.label --l rh.hOc4v.mpm.vpnl.label 

Reading ctab /opt/freesurfer/average/colortable_vpnl.txt
Number of ctab entries 9

7.3.2
cwd /out/sourcedata/freesurfer/sub-v1s14x0051576_ses-1/label
cmdline mris_label2annot --s sub-v1s14x0051576_ses-1 --ctab /opt/freesurfer/average/colortable_vpnl.txt --hemi rh --a mpm.vpnl --maxstatwinner --noverbose --l rh.FG1.mpm.vpnl.label --l rh.FG2.mpm.vpnl.label --l rh.FG3.mpm.vpnl.label --l rh.FG4.mpm.vpnl.label --l rh.hOc1.mpm.vpnl.label --l rh.hOc2.mpm.vpnl.label --l rh.hOc3v.mpm.vpnl.label --l rh.hOc4v.mpm.vpnl.label 
sysname  Linux
hostname dna010
machine  x86_64
user     oesteban

subject sub-v1s14x0051576_ses-1
hemi    rh
SUBJECTS_DIR /out/sourcedata/freesurfer
ColorTable /opt/freesurfer/average/colortable_vpnl.txt
AnnotName  mpm.vpnl
nlables 8
LabelThresh 0 0.000000
Loading /out/sourcedata/freesurfer/sub-v1s14x0051576_ses-1/surf/rh.orig
 1 1376057 FG1
 2 16711935 FG2
 3 16711680 FG3
 4 1705837 FG4
 5 25600 hOc1
 6 255 hOc2
 7 16776960 hOc3v
 8 65535 hOc4v
Mapping unhit to unknown
Found 135873 unhit vertices
Writing annot to /out/sourcedata/freesurfer/sub-v1s14x0051576_ses-1/label/rh.mpm.vpnl.annot

 mri_label2label --srcsubject fsaverage --srclabel /out/sourcedata/freesurfer/fsaverage/label/rh.BA1_exvivo.thresh.label --trgsubject sub-v1s14x0051576_ses-1 --trglabel ./rh.BA1_exvivo.thresh.label --hemi rh --regmethod surface 


srclabel = /out/sourcedata/freesurfer/fsaverage/label/rh.BA1_exvivo.thresh.label
srcsubject = fsaverage
trgsubject = sub-v1s14x0051576_ses-1
trglabel = ./rh.BA1_exvivo.thresh.label
regmethod = surface

srchemi = rh
trghemi = rh
trgsurface = white
srcsurfreg = sphere.reg
trgsurfreg = sphere.reg
usehash = 1
Use ProjAbs  = 0, 0
Use ProjFrac = 0, 0
DoPaint 0

SUBJECTS_DIR    /out/sourcedata/freesurfer
FREESURFER_HOME /opt/freesurfer
Loading source label.
Found 876 points in source label.
Starting surface-based mapping
Reading source registration 
 /out/sourcedata/freesurfer/fsaverage/surf/rh.sphere.reg
Rescaling ...  original radius = 100
Reading target surface 
 /out/sourcedata/freesurfer/sub-v1s14x0051576_ses-1/surf/rh.white
Reading target registration 
 /out/sourcedata/freesurfer/sub-v1s14x0051576_ses-1/surf/rh.sphere.reg
Rescaling ...  original radius = 100
Building target registration hash (res=16).
Building source registration hash (res=16).
INFO: found  876 nlabel points
Performing mapping from target back to the source label 153265
Number of reverse mapping hits = 134
Checking for and removing duplicates
Writing label file ./rh.BA1_exvivo.thresh.label 1010
mri_label2label: Done


 mri_label2label --srcsubject fsaverage --srclabel /out/sourcedata/freesurfer/fsaverage/label/rh.BA2_exvivo.thresh.label --trgsubject sub-v1s14x0051576_ses-1 --trglabel ./rh.BA2_exvivo.thresh.label --hemi rh --regmethod surface 


srclabel = /out/sourcedata/freesurfer/fsaverage/label/rh.BA2_exvivo.thresh.label
srcsubject = fsaverage
trgsubject = sub-v1s14x0051576_ses-1
trglabel = ./rh.BA2_exvivo.thresh.label
regmethod = surface

srchemi = rh
trghemi = rh
trgsurface = white
srcsurfreg = sphere.reg
trgsurfreg = sphere.reg
usehash = 1
Use ProjAbs  = 0, 0
Use ProjFrac = 0, 0
DoPaint 0

SUBJECTS_DIR    /out/sourcedata/freesurfer
FREESURFER_HOME /opt/freesurfer
Loading source label.
Found 2688 points in source label.
Starting surface-based mapping
Reading source registration 
 /out/sourcedata/freesurfer/fsaverage/surf/rh.sphere.reg
Rescaling ...  original radius = 100
Reading target surface 
 /out/sourcedata/freesurfer/sub-v1s14x0051576_ses-1/surf/rh.white
Reading target registration 
 /out/sourcedata/freesurfer/sub-v1s14x0051576_ses-1/surf/rh.sphere.reg
Rescaling ...  original radius = 100
Building target registration hash (res=16).
Building source registration hash (res=16).
INFO: found  2688 nlabel points
Performing mapping from target back to the source label 153265
Number of reverse mapping hits = 74
Checking for and removing duplicates
Writing label file ./rh.BA2_exvivo.thresh.label 2762
mri_label2label: Done


 mri_label2label --srcsubject fsaverage --srclabel /out/sourcedata/freesurfer/fsaverage/label/rh.BA3a_exvivo.thresh.label --trgsubject sub-v1s14x0051576_ses-1 --trglabel ./rh.BA3a_exvivo.thresh.label --hemi rh --regmethod surface 


srclabel = /out/sourcedata/freesurfer/fsaverage/label/rh.BA3a_exvivo.thresh.label
srcsubject = fsaverage
trgsubject = sub-v1s14x0051576_ses-1
trglabel = ./rh.BA3a_exvivo.thresh.label
regmethod = surface

srchemi = rh
trghemi = rh
trgsurface = white
srcsurfreg = sphere.reg
trgsurfreg = sphere.reg
usehash = 1
Use ProjAbs  = 0, 0
Use ProjFrac = 0, 0
DoPaint 0

SUBJECTS_DIR    /out/sourcedata/freesurfer
FREESURFER_HOME /opt/freesurfer
Loading source label.
Found 1698 points in source label.
Starting surface-based mapping
Reading source registration 
 /out/sourcedata/freesurfer/fsaverage/surf/rh.sphere.reg
Rescaling ...  original radius = 100
Reading target surface 
 /out/sourcedata/freesurfer/sub-v1s14x0051576_ses-1/surf/rh.white
Reading target registration 
 /out/sourcedata/freesurfer/sub-v1s14x0051576_ses-1/surf/rh.sphere.reg
Rescaling ...  original radius = 100
Building target registration hash (res=16).
Building source registration hash (res=16).
INFO: found  1698 nlabel points
Performing mapping from target back to the source label 153265
Number of reverse mapping hits = 16
Checking for and removing duplicates
Writing label file ./rh.BA3a_exvivo.thresh.label 1714
mri_label2label: Done


 mri_label2label --srcsubject fsaverage --srclabel /out/sourcedata/freesurfer/fsaverage/label/rh.BA3b_exvivo.thresh.label --trgsubject sub-v1s14x0051576_ses-1 --trglabel ./rh.BA3b_exvivo.thresh.label --hemi rh --regmethod surface 


srclabel = /out/sourcedata/freesurfer/fsaverage/label/rh.BA3b_exvivo.thresh.label
srcsubject = fsaverage
trgsubject = sub-v1s14x0051576_ses-1
trglabel = ./rh.BA3b_exvivo.thresh.label
regmethod = surface

srchemi = rh
trghemi = rh
trgsurface = white
srcsurfreg = sphere.reg
trgsurfreg = sphere.reg
usehash = 1
Use ProjAbs  = 0, 0
Use ProjFrac = 0, 0
DoPaint 0

SUBJECTS_DIR    /out/sourcedata/freesurfer
FREESURFER_HOME /opt/freesurfer
Loading source label.
Found 2183 points in source label.
Starting surface-based mapping
Reading source registration 
 /out/sourcedata/freesurfer/fsaverage/surf/rh.sphere.reg
Rescaling ...  original radius = 100
Reading target surface 
 /out/sourcedata/freesurfer/sub-v1s14x0051576_ses-1/surf/rh.white
Reading target registration 
 /out/sourcedata/freesurfer/sub-v1s14x0051576_ses-1/surf/rh.sphere.reg
Rescaling ...  original radius = 100
Building target registration hash (res=16).
Building source registration hash (res=16).
INFO: found  2183 nlabel points
Performing mapping from target back to the source label 153265
Number of reverse mapping hits = 88
Checking for and removing duplicates
Writing label file ./rh.BA3b_exvivo.thresh.label 2271
mri_label2label: Done


 mri_label2label --srcsubject fsaverage --srclabel /out/sourcedata/freesurfer/fsaverage/label/rh.BA4a_exvivo.thresh.label --trgsubject sub-v1s14x0051576_ses-1 --trglabel ./rh.BA4a_exvivo.thresh.label --hemi rh --regmethod surface 


srclabel = /out/sourcedata/freesurfer/fsaverage/label/rh.BA4a_exvivo.thresh.label
srcsubject = fsaverage
trgsubject = sub-v1s14x0051576_ses-1
trglabel = ./rh.BA4a_exvivo.thresh.label
regmethod = surface

srchemi = rh
trghemi = rh
trgsurface = white
srcsurfreg = sphere.reg
trgsurfreg = sphere.reg
usehash = 1
Use ProjAbs  = 0, 0
Use ProjFrac = 0, 0
DoPaint 0

SUBJECTS_DIR    /out/sourcedata/freesurfer
FREESURFER_HOME /opt/freesurfer
Loading source label.
Found 1388 points in source label.
Starting surface-based mapping
Reading source registration 
 /out/sourcedata/freesurfer/fsaverage/surf/rh.sphere.reg
Rescaling ...  original radius = 100
Reading target surface 
 /out/sourcedata/freesurfer/sub-v1s14x0051576_ses-1/surf/rh.white
Reading target registration 
 /out/sourcedata/freesurfer/sub-v1s14x0051576_ses-1/surf/rh.sphere.reg
Rescaling ...  original radius = 100
Building target registration hash (res=16).
Building source registration hash (res=16).
INFO: found  1388 nlabel points
Performing mapping from target back to the source label 153265
Number of reverse mapping hits = 215
Checking for and removing duplicates
Writing label file ./rh.BA4a_exvivo.thresh.label 1603
mri_label2label: Done


 mri_label2label --srcsubject fsaverage --srclabel /out/sourcedata/freesurfer/fsaverage/label/rh.BA4p_exvivo.thresh.label --trgsubject sub-v1s14x0051576_ses-1 --trglabel ./rh.BA4p_exvivo.thresh.label --hemi rh --regmethod surface 


srclabel = /out/sourcedata/freesurfer/fsaverage/label/rh.BA4p_exvivo.thresh.label
srcsubject = fsaverage
trgsubject = sub-v1s14x0051576_ses-1
trglabel = ./rh.BA4p_exvivo.thresh.label
regmethod = surface

srchemi = rh
trghemi = rh
trgsurface = white
srcsurfreg = sphere.reg
trgsurfreg = sphere.reg
usehash = 1
Use ProjAbs  = 0, 0
Use ProjFrac = 0, 0
DoPaint 0

SUBJECTS_DIR    /out/sourcedata/freesurfer
FREESURFER_HOME /opt/freesurfer
Loading source label.
Found 1489 points in source label.
Starting surface-based mapping
Reading source registration 
 /out/sourcedata/freesurfer/fsaverage/surf/rh.sphere.reg
Rescaling ...  original radius = 100
Reading target surface 
 /out/sourcedata/freesurfer/sub-v1s14x0051576_ses-1/surf/rh.white
Reading target registration 
 /out/sourcedata/freesurfer/sub-v1s14x0051576_ses-1/surf/rh.sphere.reg
Rescaling ...  original radius = 100
Building target registration hash (res=16).
Building source registration hash (res=16).
INFO: found  1489 nlabel points
Performing mapping from target back to the source label 153265
Number of reverse mapping hits = 89
Checking for and removing duplicates
Writing label file ./rh.BA4p_exvivo.thresh.label 1578
mri_label2label: Done


 mri_label2label --srcsubject fsaverage --srclabel /out/sourcedata/freesurfer/fsaverage/label/rh.BA6_exvivo.thresh.label --trgsubject sub-v1s14x0051576_ses-1 --trglabel ./rh.BA6_exvivo.thresh.label --hemi rh --regmethod surface 


srclabel = /out/sourcedata/freesurfer/fsaverage/label/rh.BA6_exvivo.thresh.label
srcsubject = fsaverage
trgsubject = sub-v1s14x0051576_ses-1
trglabel = ./rh.BA6_exvivo.thresh.label
regmethod = surface

srchemi = rh
trghemi = rh
trgsurface = white
srcsurfreg = sphere.reg
trgsurfreg = sphere.reg
usehash = 1
Use ProjAbs  = 0, 0
Use ProjFrac = 0, 0
DoPaint 0

SUBJECTS_DIR    /out/sourcedata/freesurfer
FREESURFER_HOME /opt/freesurfer
Loading source label.
Found 6959 points in source label.
Starting surface-based mapping
Reading source registration 
 /out/sourcedata/freesurfer/fsaverage/surf/rh.sphere.reg
Rescaling ...  original radius = 100
Reading target surface 
 /out/sourcedata/freesurfer/sub-v1s14x0051576_ses-1/surf/rh.white
Reading target registration 
 /out/sourcedata/freesurfer/sub-v1s14x0051576_ses-1/surf/rh.sphere.reg
Rescaling ...  original radius = 100
Building target registration hash (res=16).
Building source registration hash (res=16).
INFO: found  6959 nlabel points
Performing mapping from target back to the source label 153265
Number of reverse mapping hits = 479
Checking for and removing duplicates
Writing label file ./rh.BA6_exvivo.thresh.label 7438
mri_label2label: Done


 mri_label2label --srcsubject fsaverage --srclabel /out/sourcedata/freesurfer/fsaverage/label/rh.BA44_exvivo.thresh.label --trgsubject sub-v1s14x0051576_ses-1 --trglabel ./rh.BA44_exvivo.thresh.label --hemi rh --regmethod surface 


srclabel = /out/sourcedata/freesurfer/fsaverage/label/rh.BA44_exvivo.thresh.label
srcsubject = fsaverage
trgsubject = sub-v1s14x0051576_ses-1
trglabel = ./rh.BA44_exvivo.thresh.label
regmethod = surface

srchemi = rh
trghemi = rh
trgsurface = white
srcsurfreg = sphere.reg
trgsurfreg = sphere.reg
usehash = 1
Use ProjAbs  = 0, 0
Use ProjFrac = 0, 0
DoPaint 0

SUBJECTS_DIR    /out/sourcedata/freesurfer
FREESURFER_HOME /opt/freesurfer
Loading source label.
Found 1012 points in source label.
Starting surface-based mapping
Reading source registration 
 /out/sourcedata/freesurfer/fsaverage/surf/rh.sphere.reg
Rescaling ...  original radius = 100
Reading target surface 
 /out/sourcedata/freesurfer/sub-v1s14x0051576_ses-1/surf/rh.white
Reading target registration 
 /out/sourcedata/freesurfer/sub-v1s14x0051576_ses-1/surf/rh.sphere.reg
Rescaling ...  original radius = 100
Building target registration hash (res=16).
Building source registration hash (res=16).
INFO: found  1012 nlabel points
Performing mapping from target back to the source label 153265
Number of reverse mapping hits = 73
Checking for and removing duplicates
Writing label file ./rh.BA44_exvivo.thresh.label 1085
mri_label2label: Done


 mri_label2label --srcsubject fsaverage --srclabel /out/sourcedata/freesurfer/fsaverage/label/rh.BA45_exvivo.thresh.label --trgsubject sub-v1s14x0051576_ses-1 --trglabel ./rh.BA45_exvivo.thresh.label --hemi rh --regmethod surface 


srclabel = /out/sourcedata/freesurfer/fsaverage/label/rh.BA45_exvivo.thresh.label
srcsubject = fsaverage
trgsubject = sub-v1s14x0051576_ses-1
trglabel = ./rh.BA45_exvivo.thresh.label
regmethod = surface

srchemi = rh
trghemi = rh
trgsurface = white
srcsurfreg = sphere.reg
trgsurfreg = sphere.reg
usehash = 1
Use ProjAbs  = 0, 0
Use ProjFrac = 0, 0
DoPaint 0

SUBJECTS_DIR    /out/sourcedata/freesurfer
FREESURFER_HOME /opt/freesurfer
Loading source label.
Found 1178 points in source label.
Starting surface-based mapping
Reading source registration 
 /out/sourcedata/freesurfer/fsaverage/surf/rh.sphere.reg
Rescaling ...  original radius = 100
Reading target surface 
 /out/sourcedata/freesurfer/sub-v1s14x0051576_ses-1/surf/rh.white
Reading target registration 
 /out/sourcedata/freesurfer/sub-v1s14x0051576_ses-1/surf/rh.sphere.reg
Rescaling ...  original radius = 100
Building target registration hash (res=16).
Building source registration hash (res=16).
INFO: found  1178 nlabel points
Performing mapping from target back to the source label 153265
Number of reverse mapping hits = 143
Checking for and removing duplicates
Writing label file ./rh.BA45_exvivo.thresh.label 1321
mri_label2label: Done


 mri_label2label --srcsubject fsaverage --srclabel /out/sourcedata/freesurfer/fsaverage/label/rh.V1_exvivo.thresh.label --trgsubject sub-v1s14x0051576_ses-1 --trglabel ./rh.V1_exvivo.thresh.label --hemi rh --regmethod surface 


srclabel = /out/sourcedata/freesurfer/fsaverage/label/rh.V1_exvivo.thresh.label
srcsubject = fsaverage
trgsubject = sub-v1s14x0051576_ses-1
trglabel = ./rh.V1_exvivo.thresh.label
regmethod = surface

srchemi = rh
trghemi = rh
trgsurface = white
srcsurfreg = sphere.reg
trgsurfreg = sphere.reg
usehash = 1
Use ProjAbs  = 0, 0
Use ProjFrac = 0, 0
DoPaint 0

SUBJECTS_DIR    /out/sourcedata/freesurfer
FREESURFER_HOME /opt/freesurfer
Loading source label.
Found 3232 points in source label.
Starting surface-based mapping
Reading source registration 
 /out/sourcedata/freesurfer/fsaverage/surf/rh.sphere.reg
Rescaling ...  original radius = 100
Reading target surface 
 /out/sourcedata/freesurfer/sub-v1s14x0051576_ses-1/surf/rh.white
Reading target registration 
 /out/sourcedata/freesurfer/sub-v1s14x0051576_ses-1/surf/rh.sphere.reg
Rescaling ...  original radius = 100
Building target registration hash (res=16).
Building source registration hash (res=16).
INFO: found  3232 nlabel points
Performing mapping from target back to the source label 153265
Number of reverse mapping hits = 962
Checking for and removing duplicates
Writing label file ./rh.V1_exvivo.thresh.label 4194
mri_label2label: Done


 mri_label2label --srcsubject fsaverage --srclabel /out/sourcedata/freesurfer/fsaverage/label/rh.V2_exvivo.thresh.label --trgsubject sub-v1s14x0051576_ses-1 --trglabel ./rh.V2_exvivo.thresh.label --hemi rh --regmethod surface 


srclabel = /out/sourcedata/freesurfer/fsaverage/label/rh.V2_exvivo.thresh.label
srcsubject = fsaverage
trgsubject = sub-v1s14x0051576_ses-1
trglabel = ./rh.V2_exvivo.thresh.label
regmethod = surface

srchemi = rh
trghemi = rh
trgsurface = white
srcsurfreg = sphere.reg
trgsurfreg = sphere.reg
usehash = 1
Use ProjAbs  = 0, 0
Use ProjFrac = 0, 0
DoPaint 0

SUBJECTS_DIR    /out/sourcedata/freesurfer
FREESURFER_HOME /opt/freesurfer
Loading source label.
Found 3437 points in source label.
Starting surface-based mapping
Reading source registration 
 /out/sourcedata/freesurfer/fsaverage/surf/rh.sphere.reg
Rescaling ...  original radius = 100
Reading target surface 
 /out/sourcedata/freesurfer/sub-v1s14x0051576_ses-1/surf/rh.white
Reading target registration 
 /out/sourcedata/freesurfer/sub-v1s14x0051576_ses-1/surf/rh.sphere.reg
Rescaling ...  original radius = 100
Building target registration hash (res=16).
Building source registration hash (res=16).
INFO: found  3437 nlabel points
Performing mapping from target back to the source label 153265
Number of reverse mapping hits = 1620
Checking for and removing duplicates
Writing label file ./rh.V2_exvivo.thresh.label 5057
mri_label2label: Done


 mri_label2label --srcsubject fsaverage --srclabel /out/sourcedata/freesurfer/fsaverage/label/rh.MT_exvivo.thresh.label --trgsubject sub-v1s14x0051576_ses-1 --trglabel ./rh.MT_exvivo.thresh.label --hemi rh --regmethod surface 


srclabel = /out/sourcedata/freesurfer/fsaverage/label/rh.MT_exvivo.thresh.label
srcsubject = fsaverage
trgsubject = sub-v1s14x0051576_ses-1
trglabel = ./rh.MT_exvivo.thresh.label
regmethod = surface

srchemi = rh
trghemi = rh
trgsurface = white
srcsurfreg = sphere.reg
trgsurfreg = sphere.reg
usehash = 1
Use ProjAbs  = 0, 0
Use ProjFrac = 0, 0
DoPaint 0

SUBJECTS_DIR    /out/sourcedata/freesurfer
FREESURFER_HOME /opt/freesurfer
Loading source label.
Found 268 points in source label.
Starting surface-based mapping
Reading source registration 
 /out/sourcedata/freesurfer/fsaverage/surf/rh.sphere.reg
Rescaling ...  original radius = 100
Reading target surface 
 /out/sourcedata/freesurfer/sub-v1s14x0051576_ses-1/surf/rh.white
Reading target registration 
 /out/sourcedata/freesurfer/sub-v1s14x0051576_ses-1/surf/rh.sphere.reg
Rescaling ...  original radius = 100
Building target registration hash (res=16).
Building source registration hash (res=16).
INFO: found  268 nlabel points
Performing mapping from target back to the source label 153265
Number of reverse mapping hits = 68
Checking for and removing duplicates
Writing label file ./rh.MT_exvivo.thresh.label 336
mri_label2label: Done


 mri_label2label --srcsubject fsaverage --srclabel /out/sourcedata/freesurfer/fsaverage/label/rh.entorhinal_exvivo.thresh.label --trgsubject sub-v1s14x0051576_ses-1 --trglabel ./rh.entorhinal_exvivo.thresh.label --hemi rh --regmethod surface 


srclabel = /out/sourcedata/freesurfer/fsaverage/label/rh.entorhinal_exvivo.thresh.label
srcsubject = fsaverage
trgsubject = sub-v1s14x0051576_ses-1
trglabel = ./rh.entorhinal_exvivo.thresh.label
regmethod = surface

srchemi = rh
trghemi = rh
trgsurface = white
srcsurfreg = sphere.reg
trgsurfreg = sphere.reg
usehash = 1
Use ProjAbs  = 0, 0
Use ProjFrac = 0, 0
DoPaint 0

SUBJECTS_DIR    /out/sourcedata/freesurfer
FREESURFER_HOME /opt/freesurfer
Loading source label.
Found 694 points in source label.
Starting surface-based mapping
Reading source registration 
 /out/sourcedata/freesurfer/fsaverage/surf/rh.sphere.reg
Rescaling ...  original radius = 100
Reading target surface 
 /out/sourcedata/freesurfer/sub-v1s14x0051576_ses-1/surf/rh.white
Reading target registration 
 /out/sourcedata/freesurfer/sub-v1s14x0051576_ses-1/surf/rh.sphere.reg
Rescaling ...  original radius = 100
Building target registration hash (res=16).
Building source registration hash (res=16).
INFO: found  694 nlabel points
Performing mapping from target back to the source label 153265
Number of reverse mapping hits = 245
Checking for and removing duplicates
Writing label file ./rh.entorhinal_exvivo.thresh.label 939
mri_label2label: Done


 mri_label2label --srcsubject fsaverage --srclabel /out/sourcedata/freesurfer/fsaverage/label/rh.perirhinal_exvivo.thresh.label --trgsubject sub-v1s14x0051576_ses-1 --trglabel ./rh.perirhinal_exvivo.thresh.label --hemi rh --regmethod surface 


srclabel = /out/sourcedata/freesurfer/fsaverage/label/rh.perirhinal_exvivo.thresh.label
srcsubject = fsaverage
trgsubject = sub-v1s14x0051576_ses-1
trglabel = ./rh.perirhinal_exvivo.thresh.label
regmethod = surface

srchemi = rh
trghemi = rh
trgsurface = white
srcsurfreg = sphere.reg
trgsurfreg = sphere.reg
usehash = 1
Use ProjAbs  = 0, 0
Use ProjFrac = 0, 0
DoPaint 0

SUBJECTS_DIR    /out/sourcedata/freesurfer
FREESURFER_HOME /opt/freesurfer
Loading source label.
Found 291 points in source label.
Starting surface-based mapping
Reading source registration 
 /out/sourcedata/freesurfer/fsaverage/surf/rh.sphere.reg
Rescaling ...  original radius = 100
Reading target surface 
 /out/sourcedata/freesurfer/sub-v1s14x0051576_ses-1/surf/rh.white
Reading target registration 
 /out/sourcedata/freesurfer/sub-v1s14x0051576_ses-1/surf/rh.sphere.reg
Rescaling ...  original radius = 100
Building target registration hash (res=16).
Building source registration hash (res=16).
INFO: found  291 nlabel points
Performing mapping from target back to the source label 153265
Number of reverse mapping hits = 136
Checking for and removing duplicates
Writing label file ./rh.perirhinal_exvivo.thresh.label 427
mri_label2label: Done


 mris_label2annot --s sub-v1s14x0051576_ses-1 --hemi rh --ctab /opt/freesurfer/average/colortable_BA.txt --l rh.BA1_exvivo.label --l rh.BA2_exvivo.label --l rh.BA3a_exvivo.label --l rh.BA3b_exvivo.label --l rh.BA4a_exvivo.label --l rh.BA4p_exvivo.label --l rh.BA6_exvivo.label --l rh.BA44_exvivo.label --l rh.BA45_exvivo.label --l rh.V1_exvivo.label --l rh.V2_exvivo.label --l rh.MT_exvivo.label --l rh.perirhinal_exvivo.label --l rh.entorhinal_exvivo.label --a BA_exvivo --maxstatwinner --noverbose 

Reading ctab /opt/freesurfer/average/colortable_BA.txt
Number of ctab entries 15

7.3.2
cwd /out/sourcedata/freesurfer/sub-v1s14x0051576_ses-1/label
cmdline mris_label2annot --s sub-v1s14x0051576_ses-1 --hemi rh --ctab /opt/freesurfer/average/colortable_BA.txt --l rh.BA1_exvivo.label --l rh.BA2_exvivo.label --l rh.BA3a_exvivo.label --l rh.BA3b_exvivo.label --l rh.BA4a_exvivo.label --l rh.BA4p_exvivo.label --l rh.BA6_exvivo.label --l rh.BA44_exvivo.label --l rh.BA45_exvivo.label --l rh.V1_exvivo.label --l rh.V2_exvivo.label --l rh.MT_exvivo.label --l rh.perirhinal_exvivo.label --l rh.entorhinal_exvivo.label --a BA_exvivo --maxstatwinner --noverbose 
sysname  Linux
hostname dna010
machine  x86_64
user     oesteban

subject sub-v1s14x0051576_ses-1
hemi    rh
SUBJECTS_DIR /out/sourcedata/freesurfer
ColorTable /opt/freesurfer/average/colortable_BA.txt
AnnotName  BA_exvivo
nlables 14
LabelThresh 0 0.000000
Loading /out/sourcedata/freesurfer/sub-v1s14x0051576_ses-1/surf/rh.orig
 1 1530880 BA1_exvivo
 2 16749699 BA2_exvivo
 3 16711680 BA3a_exvivo
 4 3368703 BA3b_exvivo
 5 1376196 BA4a_exvivo
 6 13382655 BA4p_exvivo
 7 10036737 BA6_exvivo
 8 2490521 BA44_exvivo
 9 39283 BA45_exvivo
10 3993 V1_exvivo
11 8508928 V2_exvivo
12 10027163 MT_exvivo
13 16422433 perirhinal_exvivo
14 16392598 entorhinal_exvivo
Mapping unhit to unknown
Found 107135 unhit vertices
Writing annot to /out/sourcedata/freesurfer/sub-v1s14x0051576_ses-1/label/rh.BA_exvivo.annot

 mris_label2annot --s sub-v1s14x0051576_ses-1 --hemi rh --ctab /opt/freesurfer/average/colortable_BA.txt --l rh.BA1_exvivo.thresh.label --l rh.BA2_exvivo.thresh.label --l rh.BA3a_exvivo.thresh.label --l rh.BA3b_exvivo.thresh.label --l rh.BA4a_exvivo.thresh.label --l rh.BA4p_exvivo.thresh.label --l rh.BA6_exvivo.thresh.label --l rh.BA44_exvivo.thresh.label --l rh.BA45_exvivo.thresh.label --l rh.V1_exvivo.thresh.label --l rh.V2_exvivo.thresh.label --l rh.MT_exvivo.thresh.label --l rh.perirhinal_exvivo.thresh.label --l rh.entorhinal_exvivo.thresh.label --a BA_exvivo.thresh --maxstatwinner --noverbose 

Reading ctab /opt/freesurfer/average/colortable_BA.txt
Number of ctab entries 15

7.3.2
cwd /out/sourcedata/freesurfer/sub-v1s14x0051576_ses-1/label
cmdline mris_label2annot --s sub-v1s14x0051576_ses-1 --hemi rh --ctab /opt/freesurfer/average/colortable_BA.txt --l rh.BA1_exvivo.thresh.label --l rh.BA2_exvivo.thresh.label --l rh.BA3a_exvivo.thresh.label --l rh.BA3b_exvivo.thresh.label --l rh.BA4a_exvivo.thresh.label --l rh.BA4p_exvivo.thresh.label --l rh.BA6_exvivo.thresh.label --l rh.BA44_exvivo.thresh.label --l rh.BA45_exvivo.thresh.label --l rh.V1_exvivo.thresh.label --l rh.V2_exvivo.thresh.label --l rh.MT_exvivo.thresh.label --l rh.perirhinal_exvivo.thresh.label --l rh.entorhinal_exvivo.thresh.label --a BA_exvivo.thresh --maxstatwinner --noverbose 
sysname  Linux
hostname dna010
machine  x86_64
user     oesteban

subject sub-v1s14x0051576_ses-1
hemi    rh
SUBJECTS_DIR /out/sourcedata/freesurfer
ColorTable /opt/freesurfer/average/colortable_BA.txt
AnnotName  BA_exvivo.thresh
nlables 14
LabelThresh 0 0.000000
Loading /out/sourcedata/freesurfer/sub-v1s14x0051576_ses-1/surf/rh.orig
 1 1530880 BA1_exvivo
 2 16749699 BA2_exvivo
 3 16711680 BA3a_exvivo
 4 3368703 BA3b_exvivo
 5 1376196 BA4a_exvivo
 6 13382655 BA4p_exvivo
 7 10036737 BA6_exvivo
 8 2490521 BA44_exvivo
 9 39283 BA45_exvivo
10 3993 V1_exvivo
11 8508928 V2_exvivo
12 10027163 MT_exvivo
13 16422433 perirhinal_exvivo
14 16392598 entorhinal_exvivo
Mapping unhit to unknown
Found 127690 unhit vertices
Writing annot to /out/sourcedata/freesurfer/sub-v1s14x0051576_ses-1/label/rh.BA_exvivo.thresh.annot

 mris_anatomical_stats -th3 -mgz -noglobal -f ../stats/rh.BA_exvivo.stats -b -a ./rh.BA_exvivo.annot -c ./BA_exvivo.ctab sub-v1s14x0051576_ses-1 rh white 

computing statistics for each annotation in ./rh.BA_exvivo.annot.
reading volume /out/sourcedata/freesurfer/sub-v1s14x0051576_ses-1/mri/wm.mgz...
reading input surface /out/sourcedata/freesurfer/sub-v1s14x0051576_ses-1/surf/rh.white...
reading input pial surface /out/sourcedata/freesurfer/sub-v1s14x0051576_ses-1/surf/rh.pial...
reading input white surface /out/sourcedata/freesurfer/sub-v1s14x0051576_ses-1/surf/rh.white...
INFO: using TH3 volume calc
INFO: assuming MGZ format for volumes.
INFO: not computing global stats
Using TH3 vertex volume calc
Total face volume 256145
Total vertex volume 255939 (mask=0)
Saving annotation colortable ./BA_exvivo.ctab

table columns are:
    number of vertices
    total surface area (mm^2)
    total gray matter volume (mm^3)
    average cortical thickness +- standard deviation (mm)
    integrated rectified mean curvature
    integrated rectified Gaussian curvature
    folding index
    intrinsic curvature index
    structure name

 1187    557   1752  2.323 0.706     0.093     0.021       13     1.1  BA1_exvivo
 3419   2049   4487  2.030 0.659     0.089     0.015       24     1.9  BA2_exvivo
 1130    790   1067  1.629 0.457     0.122     0.024        8     1.2  BA3a_exvivo
 2240   1395   2472  1.604 0.564     0.087     0.016       14     1.5  BA3b_exvivo
 1937    999   3150  2.871 0.825     0.088     0.022       15     1.9  BA4a_exvivo
 1309    833   2048  2.647 0.760     0.094     0.021        7     1.2  BA4p_exvivo
 9042   5295  17704  2.797 0.686     0.092     0.018       60     6.6  BA6_exvivo
 3772   2478   6762  2.533 0.510     0.105     0.020       28     3.0  BA44_exvivo
 4837   3364  10246  2.510 0.673     0.125     0.024       50     5.0  BA45_exvivo
 4087   2718   3766  1.364 0.424     0.127     0.027       41     4.9  V1_exvivo
 9406   6217  10866  1.674 0.604     0.142     0.034      119    14.5  V2_exvivo
 2396   1631   4181  2.262 0.584     0.119     0.023       21     2.4  MT_exvivo
  532    384   1039  2.586 0.991     0.139     0.034        7     0.8  perirhinal_exvivo
  836    580   1955  2.735 1.187     0.093     0.021        5     0.7  entorhinal_exvivo

 mris_anatomical_stats -th3 -mgz -f ../stats/rh.BA_exvivo.thresh.stats -noglobal -b -a ./rh.BA_exvivo.thresh.annot -c ./BA_exvivo.thresh.ctab sub-v1s14x0051576_ses-1 rh white 

computing statistics for each annotation in ./rh.BA_exvivo.thresh.annot.
reading volume /out/sourcedata/freesurfer/sub-v1s14x0051576_ses-1/mri/wm.mgz...
reading input surface /out/sourcedata/freesurfer/sub-v1s14x0051576_ses-1/surf/rh.white...
reading input pial surface /out/sourcedata/freesurfer/sub-v1s14x0051576_ses-1/surf/rh.pial...
reading input white surface /out/sourcedata/freesurfer/sub-v1s14x0051576_ses-1/surf/rh.white...
INFO: using TH3 volume calc
INFO: assuming MGZ format for volumes.
INFO: not computing global stats
Using TH3 vertex volume calc
Total face volume 256145
Total vertex volume 255939 (mask=0)
Saving annotation colortable ./BA_exvivo.thresh.ctab

table columns are:
    number of vertices
    total surface area (mm^2)
    total gray matter volume (mm^3)
    average cortical thickness +- standard deviation (mm)
    integrated rectified mean curvature
    integrated rectified Gaussian curvature
    folding index
    intrinsic curvature index
    structure name

  880    423   1116  2.009 0.645     0.102     0.028       12     1.0  BA1_exvivo
 1927   1113   2806  2.243 0.731     0.071     0.011       10     0.8  BA2_exvivo
  995    700    847  1.577 0.377     0.129     0.025        8     1.1  BA3a_exvivo
 1730   1107   1544  1.412 0.349     0.079     0.012        8     0.8  BA3b_exvivo
 1289    623   2060  2.830 0.879     0.096     0.029       13     1.5  BA4a_exvivo
 1103    683   1798  2.899 0.785     0.086     0.019        4     0.9  BA4p_exvivo
 5661   3260  10944  2.790 0.712     0.090     0.018       37     4.3  BA6_exvivo
  933    624   1907  2.588 0.534     0.101     0.016        8     0.7  BA44_exvivo
 1130    817   2758  2.682 0.565     0.137     0.027       14     1.3  BA45_exvivo
 3864   2560   3488  1.363 0.427     0.123     0.026       38     4.2  V1_exvivo
 4794   3203   5098  1.519 0.579     0.151     0.036       66     8.0  V2_exvivo
  322    223    650  2.275 0.653     0.129     0.021        3     0.4  MT_exvivo
   70     46     95  2.046 1.149     0.160     0.059        2     0.1  perirhinal_exvivo
  877    606   1938  2.817 0.989     0.110     0.025        7     0.9  entorhinal_exvivo

Started at Sun Mar 8 22:00:42 CET 2026 
Ended   at Sun Mar 8 22:04:39 CET 2026
#@#%# recon-all-run-time-hours 0.066
recon-all -s sub-v1s14x0051576_ses-1 finished without error at Sun Mar  8 22:04:39 CET 2026
