#!ascii label  , from subject sub-v1s14x0051574_ses-1 vox2ras=TkReg
11412
54737  -24.563  -35.695  42.363 1.0000000000
54756  -24.244  -35.262  41.547 1.0000000000
56760  -25.530  -33.984  41.813 1.0000000000
53738  -21.154  -36.392  41.165 1.0000000000
55761  -24.713  -34.392  41.241 1.0000000000
53747  -20.984  -35.836  40.806 1.0000000000
51798  -19.662  -38.310  43.659 1.0000000000
52739  -19.894  -37.867  43.076 1.0000000000
52751  -19.715  -37.399  42.978 1.0000000000
52752  -20.200  -37.291  42.446 1.0000000000
53737  -20.628  -36.121  41.321 1.0000000000
54753  -20.615  -35.132  40.931 1.0000000000
55775  -21.662  -34.694  39.927 1.0000000000
55786  -21.323  -33.885  39.745 1.0000000000
47610  -6.629  -42.762  48.900 0.3750000000
56713  -28.745  -34.189  46.705 1.0000000000
55702  -28.332  -34.779  47.188 0.8750000000
55713  -27.896  -34.292  45.645 1.0000000000
55701  -27.885  -34.958  46.845 1.0000000000
56733  -27.694  -33.997  44.797 1.0000000000
56732  -27.287  -33.991  44.209 1.0000000000
51774  -18.579  -38.766  45.494 1.0000000000
56742  -27.084  -33.441  43.509 1.0000000000
52738  -19.348  -37.731  43.577 1.0000000000
133972  -19.172  -38.216  44.038 1.0000000000
55749  -25.797  -34.534  42.575 1.0000000000
56752  -26.124  -33.736  42.364 1.0000000000
53727  -20.159  -36.485  41.998 1.0000000000
53726  -19.713  -36.758  42.682 1.0000000000
56759  -25.145  -33.219  41.048 1.0000000000
140366  -20.738  -33.533  40.236 1.0000000000
55774  -20.992  -34.567  40.238 1.0000000000
56780  -21.581  -33.145  39.490 1.0000000000
58841  -22.137  -31.820  39.363 1.0000000000
123845  -23.052  -32.156  39.427 1.0000000000
47620  -6.321  -42.739  48.420 0.5000000000
121312  -16.799  -41.110  51.848 1.0000000000
57734  -29.936  -33.908  47.865 1.0000000000
54657  -35.627  -35.397  47.121 0.7500000000
53668  -34.713  -36.499  47.255 0.6250000000
49771  -17.025  -40.780  50.559 1.0000000000
56701  -29.385  -34.043  47.365 1.0000000000
53675  -36.056  -36.095  46.578 0.6250000000
52688  -36.383  -36.739  46.181 0.6250000000
50778  -17.550  -39.850  48.153 1.0000000000
144069  -28.812  -33.718  46.094 1.0000000000
52696  -37.159  -36.532  45.913 0.7500000000
136593  -17.912  -38.079  47.097 1.0000000000
50790  -18.108  -39.169  46.766 1.0000000000
57768  -28.498  -33.113  44.961 1.0000000000
52711  -18.255  -37.810  46.240 1.0000000000
50799  -18.545  -39.368  46.024 1.0000000000
57780  -28.111  -32.967  44.397 1.0000000000
53711  -18.994  -37.029  44.204 1.0000000000
52727  -18.687  -37.486  44.889 1.0000000000
54719  -19.458  -36.117  43.280 1.0000000000
53716  -19.356  -36.950  43.373 1.0000000000
57799  -26.032  -32.863  41.873 1.0000000000
56753  -26.628  -33.138  42.695 1.0000000000
54734  -19.772  -35.871  42.552 1.0000000000
55747  -19.904  -34.915  42.613 1.0000000000
54735  -20.187  -35.554  41.808 1.0000000000
57807  -25.645  -32.151  41.277 1.0000000000
142475  -20.451  -34.433  41.217 1.0000000000
56758  -20.624  -34.144  40.710 1.0000000000
130729  -24.437  -32.930  40.252 1.0000000000
58824  -25.063  -32.065  40.659 1.0000000000
57813  -24.416  -32.030  40.145 1.0000000000
56779  -20.970  -32.997  39.802 1.0000000000
57812  -23.797  -32.597  39.707 1.0000000000
58833  -23.860  -31.535  39.811 1.0000000000
57820  -21.406  -32.421  39.524 1.0000000000
58842  -22.999  -31.024  39.465 1.0000000000
46585  -6.692  -43.219  48.922 0.3750000000
45587  -7.117  -43.501  49.173 0.3750000000
44580  -8.305  -43.828  49.677 0.3750000000
43613  -8.565  -44.125  49.465 0.3750000000
43615  -9.943  -44.508  50.057 0.3750000000
49778  -7.303  -41.366  48.530 0.3750000000
48695  -6.945  -41.847  48.955 0.3750000000
47611  -7.099  -42.441  49.313 0.5000000000
45577  -8.827  -43.560  50.129 0.3750000000
44581  -9.073  -43.922  49.976 0.3750000000
44571  -10.048  -43.948  50.905 0.3750000000
50767  -7.739  -41.048  48.435 0.2500000000
47601  -7.593  -42.653  49.684 0.3750000000
46576  -7.935  -43.007  49.895 0.3750000000
50796  -7.535  -41.135  46.326 0.2500000000
50815  -7.172  -41.034  44.601 0.2500000000
48666  -16.194  -40.944  54.048 0.8750000000
133959  -16.029  -41.807  54.139 0.8750000000
141093  -17.030  -39.955  52.894 0.8750000000
49744  -16.826  -40.113  53.334 1.0000000000
48669  -16.573  -41.055  53.211 1.0000000000
133897  -16.408  -42.462  53.493 1.0000000000
50745  -17.098  -39.490  52.582 1.0000000000
49755  -16.862  -40.361  52.314 1.0000000000
49747  -16.772  -40.646  52.758 1.0000000000
48671  -16.633  -41.442  52.857 1.0000000000
136783  -17.072  -39.239  51.531 1.0000000000
120114  -16.991  -39.881  51.074 1.0000000000
49763  -16.889  -40.536  51.486 1.0000000000
57735  -30.614  -33.235  47.668 1.0000000000
130046  -35.167  -34.724  47.574 0.7500000000
51730  -17.309  -38.451  50.634 1.0000000000
123763  -17.199  -39.087  50.088 1.0000000000
57757  -29.671  -32.811  45.968 1.0000000000
54658  -36.994  -35.001  46.547 0.7500000000
53676  -37.157  -35.861  46.214 0.7500000000
51756  -17.723  -38.955  47.669 1.0000000000
56723  -28.940  -33.166  45.558 1.0000000000
53677  -37.777  -35.060  46.310 0.7500000000
53683  -37.862  -35.689  46.065 0.7500000000
132297  -18.220  -37.035  46.892 1.0000000000
57769  -28.828  -32.587  44.831 1.0000000000
57781  -28.553  -32.338  44.337 1.0000000000
53704  -18.783  -36.672  45.054 1.0000000000
125391  -19.025  -36.074  44.659 1.0000000000
57800  -26.715  -32.137  42.357 1.0000000000
58808  -27.325  -31.659  42.706 1.0000000000
57791  -27.161  -32.558  43.051 1.0000000000
144073  -27.903  -32.549  43.923 1.0000000000
55734  -19.609  -35.223  43.301 1.0000000000
55735  -19.703  -34.402  43.368 1.0000000000
58817  -26.241  -31.606  41.679 1.0000000000
130650  -19.913  -34.052  42.810 1.0000000000
121489  -20.221  -34.507  41.883 1.0000000000
128284  -20.392  -33.286  40.995 1.0000000000
58825  -25.630  -31.010  41.047 1.0000000000
57811  -20.536  -32.712  40.408 1.0000000000
57819  -20.732  -32.087  39.922 1.0000000000
58834  -24.710  -30.962  40.436 1.0000000000
59882  -23.948  -30.393  39.943 1.0000000000
59898  -23.138  -29.898  39.529 1.0000000000
48678  -7.635  -42.237  49.693 0.5000000000
47602  -8.252  -42.309  50.131 0.5000000000
51773  -10.918  -38.851  45.326 0.5000000000
52717  -11.182  -38.755  46.262 0.5000000000
49769  -6.921  -41.401  49.001 0.3750000000
48686  -7.325  -41.847  49.369 0.5000000000
135933  -7.010  -42.848  49.266 0.5000000000
142727  -8.099  -42.649  50.032 0.3750000000
45562  -9.358  -43.122  50.822 0.3750000000
44572  -10.833  -44.029  51.051 0.5000000000
51764  -10.363  -39.100  46.127 0.5000000000
51762  -8.919  -39.843  46.519 0.5000000000
119702  -8.502  -40.214  47.127 0.3750000000
51743  -7.888  -40.962  47.991 0.2500000000
46565  -8.639  -43.149  50.254 0.3750000000
51771  -9.401  -39.491  45.880 0.3750000000
51770  -8.586  -39.945  45.634 0.3750000000
50798  -8.212  -40.349  46.326 0.2500000000
125139  -13.400  -42.037  54.055 0.7500000000
52719  -12.348  -37.611  45.304 0.5000000000
51779  -8.263  -39.938  44.649 0.2500000000
50808  -7.967  -40.431  45.510 0.2500000000
131682  -14.754  -40.957  54.668 0.8750000000
48655  -13.992  -41.835  54.368 0.8750000000
46549  -14.130  -43.199  54.395 0.6250000000
53702  -12.817  -36.894  44.772 0.6250000000
50829  -7.636  -40.023  43.830 0.2500000000
49739  -16.306  -39.669  54.289 0.8750000000
48658  -15.427  -41.309  54.598 0.8750000000
47581  -15.325  -42.183  54.629 0.8750000000
137540  -15.049  -43.565  54.847 0.8750000000
52737  -13.066  -36.977  43.079 0.6250000000
51808  -7.913  -39.687  42.832 0.2500000000
128320  -16.911  -39.360  53.659 0.8750000000
122097  -13.778  -35.965  42.376 0.6250000000
50740  -17.153  -39.213  53.221 1.0000000000
50754  -17.123  -39.000  52.147 1.0000000000
54733  -13.771  -35.728  41.594 0.5000000000
51721  -17.350  -38.447  52.302 1.0000000000
121948  -17.270  -38.543  51.563 1.0000000000
127790  -36.429  -34.362  46.893 0.7500000000
121865  -37.401  -34.105  46.566 0.7500000000
54752  -13.595  -35.522  40.821 0.5000000000
52674  -17.852  -37.064  50.836 1.0000000000
52682  -17.514  -37.759  50.256 1.0000000000
51738  -17.330  -38.531  49.698 1.0000000000
120986  -17.446  -38.745  48.694 1.0000000000
57747  -30.043  -33.295  46.988 1.0000000000
54659  -37.841  -34.367  46.405 0.7500000000
52683  -17.815  -37.065  49.815 1.0000000000
52693  -17.807  -37.102  48.816 1.0000000000
51747  -17.629  -37.951  48.210 1.0000000000
54660  -37.977  -34.476  46.352 0.7500000000
128423  -38.415  -35.305  46.019 0.7500000000
54692  -40.465  -34.728  45.498 0.6250000000
54702  -40.239  -35.018  45.176 0.3750000000
53680  -18.114  -36.509  48.438 1.0000000000
53696  -18.533  -36.130  46.641 1.0000000000
57770  -29.349  -32.343  45.085 1.0000000000
54688  -18.771  -35.276  46.504 1.0000000000
54699  -19.140  -35.233  45.054 1.0000000000
54709  -19.324  -35.452  44.089 1.0000000000
58809  -27.894  -31.328  42.990 1.0000000000
58799  -28.751  -31.490  43.851 1.0000000000
55711  -19.261  -34.465  45.479 1.0000000000
123561  -19.404  -34.628  44.576 1.0000000000
59836  -28.120  -30.586  42.529 1.0000000000
59837  -28.797  -30.480  42.755 1.0000000000
55722  -19.604  -34.079  44.076 1.0000000000
138251  -19.835  -33.425  43.010 1.0000000000
56751  -20.098  -33.629  42.358 1.0000000000
58818  -26.849  -31.097  42.072 1.0000000000
58819  -27.469  -30.771  42.329 1.0000000000
59852  -27.628  -30.174  41.892 1.0000000000
59853  -28.361  -30.174  42.124 1.0000000000
129731  -19.854  -32.359  43.175 1.0000000000
57798  -19.912  -32.978  42.770 1.0000000000
57806  -20.171  -32.334  41.308 1.0000000000
59851  -26.966  -30.255  41.692 1.0000000000
60970  -27.835  -29.907  41.575 1.0000000000
60988  -28.157  -29.811  41.346 1.0000000000
61007  -29.240  -30.115  41.361 1.0000000000
58816  -19.738  -31.457  41.891 1.0000000000
130084  -20.369  -32.012  40.549 1.0000000000
59866  -25.907  -29.913  40.991 1.0000000000
59867  -26.458  -29.804  41.156 1.0000000000
59868  -26.993  -29.799  41.311 1.0000000000
61005  -27.829  -29.646  40.745 1.0000000000
61006  -28.606  -29.883  41.065 1.0000000000
59885  -29.362  -30.388  40.570 0.8750000000
58832  -20.338  -31.482  40.274 1.0000000000
58839  -20.580  -31.204  39.776 1.0000000000
59883  -24.730  -29.812  40.414 1.0000000000
61004  -25.571  -29.068  40.472 1.0000000000
60986  -26.492  -29.508  40.840 1.0000000000
123364  -26.965  -29.434  40.392 1.0000000000
59895  -20.414  -30.401  39.445 1.0000000000
132902  -21.935  -30.933  39.276 1.0000000000
137189  -25.742  -28.919  40.109 1.0000000000
62058  -26.492  -29.239  39.798 1.0000000000
61025  -26.951  -29.386  39.648 1.0000000000
59896  -21.308  -30.371  39.064 1.0000000000
61023  -24.343  -28.613  39.907 1.0000000000
61024  -25.183  -28.645  40.022 1.0000000000
62057  -26.043  -28.911  39.576 1.0000000000
61039  -26.471  -29.121  39.012 1.0000000000
61020  -21.558  -29.668  38.787 1.0000000000
61021  -22.541  -29.236  39.064 1.0000000000
61037  -23.088  -28.504  38.939 1.0000000000
62077  -24.565  -27.941  38.475 1.0000000000
62078  -25.385  -28.192  38.598 1.0000000000
62079  -25.922  -28.594  38.772 1.0000000000
138544  -22.435  -28.743  38.609 1.0000000000
47603  -8.799  -41.801  50.426 0.5000000000
47592  -9.077  -42.241  50.687 0.5000000000
50768  -7.586  -41.011  48.713 0.3750000000
137774  -7.703  -40.972  49.136 0.5000000000
49761  -7.952  -41.237  49.505 0.5000000000
49752  -8.580  -41.425  50.125 0.5000000000
133709  -10.190  -42.715  51.417 0.3750000000
45551  -11.732  -43.294  52.267 0.6250000000
45558  -11.961  -43.728  52.283 0.6250000000
52718  -11.743  -38.355  45.736 0.5000000000
52709  -11.768  -38.268  46.783 0.5000000000
52708  -11.079  -38.969  47.084 0.5000000000
133913  -9.373  -39.734  47.369 0.5000000000
51753  -8.133  -40.649  47.645 0.2500000000
51744  -8.447  -40.523  48.380 0.3750000000
47587  -10.753  -42.238  51.681 0.5000000000
47588  -11.470  -42.296  52.227 0.7500000000
46560  -12.214  -43.064  53.057 0.6250000000
45552  -12.334  -43.582  52.905 0.6250000000
52710  -12.224  -37.566  46.328 0.5000000000
49729  -13.369  -40.307  53.798 0.8750000000
48661  -13.008  -41.301  53.657 0.7500000000
46555  -13.141  -43.492  53.656 0.6250000000
128025  -12.511  -36.998  46.752 0.6250000000
50724  -14.457  -39.196  54.454 0.8750000000
53710  -13.337  -36.263  44.184 0.6250000000
53694  -12.676  -36.730  45.867 0.6250000000
51699  -16.319  -37.714  54.560 0.8750000000
50729  -15.944  -38.429  54.601 0.8750000000
50726  -15.362  -39.888  54.653 0.8750000000
49732  -15.174  -40.768  54.691 0.8750000000
138272  -13.539  -36.280  43.243 0.6250000000
50732  -16.371  -38.705  54.352 0.8750000000
50737  -17.084  -38.486  53.756 0.8750000000
50736  -16.752  -39.053  54.033 0.8750000000
54718  -14.022  -35.326  42.945 0.6250000000
51707  -17.341  -38.310  53.287 1.0000000000
134608  -31.897  -32.270  47.467 1.0000000000
58740  -32.269  -32.317  47.751 1.0000000000
123353  -32.430  -31.613  46.980 1.0000000000
59803  -32.099  -30.912  46.105 1.0000000000
56681  -36.505  -33.161  47.056 0.7500000000
55759  -13.659  -34.863  41.453 0.6250000000
51713  -17.506  -38.090  52.778 1.0000000000
52650  -17.660  -37.516  52.667 1.0000000000
58755  -31.292  -32.517  47.370 1.0000000000
58777  -31.679  -31.406  46.321 1.0000000000
60940  -32.317  -30.679  45.664 1.0000000000
55666  -37.124  -33.559  46.716 0.8750000000
55758  -13.150  -34.502  41.144 0.6250000000
52673  -17.551  -37.776  51.257 1.0000000000
57758  -30.466  -32.405  46.359 1.0000000000
58764  -31.221  -32.055  46.695 1.0000000000
59802  -31.353  -31.043  45.459 1.0000000000
60939  -31.733  -30.695  45.043 1.0000000000
59816  -32.301  -30.566  45.020 1.0000000000
59830  -32.233  -30.547  44.410 1.0000000000
141246  -37.758  -33.814  46.484 0.7500000000
55667  -37.816  -33.440  46.478 1.0000000000
131771  -40.055  -33.513  45.706 1.0000000000
55693  -40.646  -33.694  45.518 1.0000000000
56715  -40.523  -32.995  45.083 0.8750000000
56724  -40.521  -33.043  44.647 0.8750000000
53672  -18.169  -36.276  49.354 1.0000000000
58775  -30.101  -31.979  45.439 1.0000000000
58776  -30.919  -31.639  45.874 1.0000000000
59815  -30.910  -30.712  44.526 1.0000000000
121529  -31.809  -30.568  44.476 1.0000000000
59831  -32.782  -30.585  44.305 1.0000000000
129811  -37.933  -34.022  46.405 0.7500000000
55679  -38.204  -34.102  46.301 0.7500000000
55680  -38.708  -34.299  46.055 0.7500000000
54671  -39.251  -34.720  45.789 0.8750000000
55691  -39.800  -34.191  45.671 0.8750000000
55703  -40.655  -34.212  45.713 0.7500000000
55714  -40.567  -34.362  45.493 0.7500000000
55726  -40.399  -33.503  44.382 0.7500000000
54665  -18.385  -35.834  48.574 1.0000000000
58788  -29.687  -31.505  44.598 1.0000000000
59814  -29.971  -30.745  43.931 1.0000000000
59828  -30.619  -30.531  43.858 1.0000000000
60959  -31.195  -30.453  43.319 1.0000000000
134744  -31.877  -30.562  43.149 1.0000000000
59841  -32.720  -30.713  43.162 1.0000000000
55738  -40.101  -34.447  44.153 0.7500000000
129478  -18.577  -35.462  47.984 1.0000000000
59827  -29.130  -30.810  43.443 1.0000000000
59839  -30.167  -30.428  43.341 1.0000000000
60958  -30.386  -30.367  43.066 1.0000000000
59856  -32.275  -30.755  42.531 1.0000000000
59857  -33.269  -30.762  42.390 1.0000000000
55699  -19.103  -34.435  46.601 1.0000000000
60957  -29.728  -30.323  42.742 1.0000000000
59870  -31.034  -30.585  41.850 1.0000000000
59871  -31.878  -30.837  41.854 0.8750000000
59872  -32.839  -30.855  41.673 0.8750000000
56730  -19.522  -33.862  44.914 1.0000000000
56731  -19.702  -33.293  44.306 1.0000000000
60972  -29.309  -30.162  42.175 1.0000000000
60990  -29.685  -30.203  41.918 1.0000000000
59887  -30.787  -30.754  41.151 1.0000000000
59888  -31.653  -30.904  41.100 0.8750000000
57790  -19.824  -32.863  43.620 1.0000000000
59886  -29.928  -30.443  41.248 1.0000000000
59902  -30.126  -30.883  39.649 0.8750000000
124227  -30.439  -30.797  40.439 0.8750000000
58823  -20.003  -31.429  40.931 1.0000000000
61002  -19.739  -29.840  39.934 1.0000000000
59901  -29.127  -30.553  39.577 0.8750000000
59900  -28.218  -30.097  39.351 1.0000000000
138675  -20.769  -29.881  38.941 1.0000000000
132361  -27.330  -29.610  38.994 1.0000000000
61040  -27.371  -29.853  38.053 0.8750000000
61047  -26.171  -28.819  38.062 1.0000000000
127851  -26.725  -29.362  38.362 0.8750000000
62075  -22.787  -28.376  38.180 0.8750000000
62094  -24.197  -27.923  37.589 1.0000000000
62095  -25.208  -28.089  37.581 1.0000000000
141413  -25.516  -28.287  37.154 1.0000000000
61055  -26.214  -28.980  37.180 0.8750000000
62105  -23.604  -27.936  36.745 0.8750000000
131217  -24.542  -27.983  36.767 0.8750000000
52699  -10.857  -39.265  48.047 0.5000000000
51745  -9.511  -39.962  48.448 0.5000000000
51736  -8.430  -40.623  48.825 0.3750000000
50752  -8.198  -40.909  49.325 0.5000000000
49762  -8.675  -40.957  49.814 0.5000000000
48667  -10.450  -41.659  51.510 0.7500000000
51755  -10.444  -39.339  47.597 0.5000000000
51746  -9.946  -39.650  48.029 0.5000000000
122417  -11.043  -41.310  51.804 0.7500000000
48668  -11.181  -41.742  51.976 0.7500000000
48664  -12.043  -41.682  52.840 0.7500000000
52701  -11.837  -38.188  47.565 0.5000000000
50728  -13.241  -39.508  53.516 0.8750000000
130316  -11.961  -41.199  52.607 0.7500000000
48665  -12.307  -41.197  52.954 0.7500000000
50723  -13.791  -39.195  54.020 0.8750000000
54708  -13.673  -35.600  44.477 0.6250000000
53703  -13.157  -36.111  45.088 0.6250000000
53695  -13.159  -35.904  45.988 0.6250000000
51695  -15.458  -38.316  54.595 0.8750000000
51693  -14.980  -38.282  54.572 0.8750000000
121163  -13.612  -35.351  46.022 0.6250000000
54687  -13.457  -35.682  46.861 0.6250000000
142539  -36.243  -32.344  47.238 1.0000000000
55746  -13.955  -34.600  42.333 0.7500000000
51704  -17.073  -37.679  54.065 1.0000000000
142734  -32.657  -31.156  46.733 1.0000000000
140306  -36.411  -32.796  47.143 1.0000000000
58743  -36.775  -32.544  46.981 1.0000000000
55745  -13.405  -34.064  41.967 0.7500000000
137205  -17.268  -37.800  53.723 1.0000000000
137220  -33.083  -31.241  46.942 1.0000000000
60930  -32.657  -30.774  46.276 1.0000000000
56682  -37.218  -33.031  46.743 1.0000000000
57724  -37.311  -32.685  46.719 1.0000000000
137037  -12.725  -34.053  41.579 0.6250000000
52651  -17.943  -37.031  52.013 1.0000000000
59817  -32.968  -30.524  44.917 1.0000000000
56683  -37.860  -32.880  46.483 1.0000000000
56693  -38.529  -33.357  46.195 1.0000000000
56694  -39.482  -33.034  45.683 1.0000000000
55682  -39.608  -33.608  45.693 1.0000000000
56703  -40.424  -32.853  45.281 1.0000000000
57759  -40.696  -32.205  44.976 0.8750000000
53653  -18.165  -36.333  51.248 1.0000000000
54653  -18.448  -35.649  50.131 1.0000000000
59832  -33.607  -30.642  44.449 1.0000000000
56684  -38.172  -33.272  46.353 0.8750000000
129521  -38.829  -33.729  45.997 0.8750000000
56734  -40.668  -32.541  44.133 0.7500000000
129177  -18.551  -35.410  49.366 1.0000000000
59842  -33.695  -30.711  43.077 0.8750000000
56745  -40.201  -32.898  43.725 0.7500000000
54678  -18.914  -34.718  47.775 1.0000000000
134574  -19.323  -33.955  47.505 1.0000000000
59889  -33.308  -30.502  40.625 0.8750000000
59858  -34.222  -30.484  42.254 0.8750000000
56755  -39.856  -33.178  43.288 0.7500000000
56756  -40.362  -32.325  43.269 0.7500000000
54677  -18.632  -35.446  47.269 1.0000000000
123917  -32.422  -30.876  41.100 0.8750000000
59873  -33.798  -30.499  41.504 0.8750000000
56721  -19.695  -33.044  45.261 1.0000000000
57779  -19.947  -32.331  44.679 1.0000000000
134164  -32.418  -30.734  40.303 0.8750000000
58807  -19.976  -31.941  43.883 1.0000000000
123869  -31.477  -30.910  40.296 0.8750000000
59905  -33.124  -30.253  39.637 0.8750000000
61008  -33.908  -29.807  39.831 0.8750000000
132797  -19.778  -31.452  43.055 1.0000000000
59850  -19.581  -30.470  42.373 1.0000000000
59903  -31.171  -30.921  39.533 0.8750000000
59904  -32.250  -30.587  39.340 0.8750000000
61028  -32.978  -30.048  38.884 0.8750000000
60984  -19.458  -29.552  41.357 1.0000000000
136610  -19.582  -30.008  40.647 1.0000000000
59911  -29.961  -30.970  38.716 0.8750000000
59912  -30.827  -30.944  38.880 0.8750000000
59913  -31.645  -30.615  38.639 0.8750000000
61041  -32.437  -30.101  38.359 0.8750000000
61049  -31.574  -30.051  37.377 0.8750000000
61019  -20.080  -29.535  39.208 1.0000000000
61035  -20.707  -29.159  38.615 1.0000000000
59919  -28.769  -30.626  37.871 0.8750000000
59920  -29.808  -30.739  37.569 0.8750000000
59921  -30.992  -30.663  37.978 0.8750000000
62091  -21.479  -28.202  37.547 1.0000000000
126600  -22.306  -28.213  37.487 1.0000000000
61048  -26.747  -29.466  37.615 0.8750000000
59918  -28.150  -30.413  37.568 0.8750000000
59928  -29.293  -30.569  36.304 0.8750000000
62107  -25.754  -28.582  36.820 0.8750000000
61056  -26.851  -29.731  36.696 0.8750000000
59935  -27.637  -30.348  36.204 0.8750000000
62092  -22.602  -27.949  36.793 0.8750000000
63069  -23.880  -27.815  35.903 0.8750000000
62117  -25.620  -28.684  35.969 0.8750000000
144458  -25.947  -29.163  35.323 0.8750000000
120808  -24.648  -28.047  36.090 0.8750000000
62116  -25.047  -28.306  35.658 0.8750000000
52700  -11.331  -38.782  47.818 0.5000000000
52689  -10.656  -39.460  48.474 0.5000000000
52679  -10.181  -39.794  48.837 0.5000000000
51729  -10.033  -40.133  49.646 0.6250000000
50753  -8.981  -40.713  49.667 0.6250000000
140661  -9.572  -40.710  50.237 0.7500000000
49754  -9.785  -40.943  50.677 0.7500000000
51719  -9.779  -40.405  49.976 0.6250000000
119887  -10.258  -40.333  50.441 0.7500000000
50738  -10.412  -40.499  50.865 0.7500000000
49746  -10.224  -40.947  51.058 0.7500000000
49741  -11.241  -40.848  51.874 0.7500000000
53678  -12.335  -37.529  47.762 0.6250000000
128819  -12.380  -37.539  48.197 0.7500000000
50731  -13.146  -39.084  53.273 0.8750000000
50734  -12.030  -40.105  52.299 0.7500000000
49736  -11.510  -41.183  52.227 0.7500000000
53687  -12.630  -36.944  47.379 0.6250000000
54663  -13.209  -36.321  48.206 0.7500000000
51690  -14.122  -37.718  54.030 0.8750000000
136780  -13.800  -38.595  53.921 0.8750000000
55733  -14.116  -34.976  43.919 0.6250000000
54686  -12.917  -36.424  46.756 0.6250000000
54676  -13.567  -35.686  47.772 0.7500000000
52624  -15.020  -37.466  54.554 0.8750000000
51691  -14.155  -38.143  54.148 0.8750000000
56750  -14.189  -34.435  43.148 0.7500000000
55709  -13.985  -34.901  45.461 0.6250000000
55697  -14.055  -34.898  46.447 0.7500000000
126320  -13.913  -35.197  47.290 0.6250000000
54664  -13.670  -35.701  48.578 0.7500000000
51698  -15.829  -37.566  54.729 0.8750000000
133184  -13.910  -33.819  42.680 0.8750000000
55687  -14.157  -34.930  48.051 0.7500000000
55673  -14.159  -35.168  49.039 0.7500000000
52635  -16.730  -37.043  54.533 1.0000000000
52639  -17.284  -37.075  54.092 1.0000000000
59762  -33.648  -31.887  47.654 1.0000000000
61969  -33.451  -31.082  46.802 1.0000000000
60902  -34.295  -31.292  46.984 1.0000000000
60890  -35.661  -31.568  47.195 1.0000000000
132886  -36.882  -32.102  46.926 1.0000000000
55744  -11.689  -33.992  41.773 0.8750000000
140601  -17.555  -36.812  53.637 1.0000000000
60931  -33.231  -30.691  46.236 1.0000000000
60932  -34.618  -30.680  45.829 1.0000000000
61964  -35.762  -31.055  46.724 1.0000000000
59766  -37.727  -31.782  46.582 1.0000000000
59779  -38.501  -31.314  46.385 1.0000000000
127863  -39.240  -31.278  46.126 1.0000000000
55756  -11.171  -34.294  41.364 0.8750000000
53641  -18.032  -36.350  52.695 1.0000000000
123230  -18.231  -36.015  52.063 1.0000000000
59804  -33.709  -30.611  45.539 1.0000000000
59805  -34.601  -30.648  45.345 1.0000000000
133189  -37.863  -32.512  46.501 1.0000000000
57736  -38.790  -32.414  46.155 1.0000000000
58756  -39.164  -31.804  46.064 1.0000000000
58758  -39.991  -31.747  45.539 1.0000000000
57750  -40.544  -32.078  45.143 1.0000000000
57771  -40.750  -32.239  44.625 0.8750000000
54731  -9.313  -34.713  42.053 0.8750000000
54645  -18.373  -35.797  50.797 1.0000000000
59843  -35.134  -30.490  43.597 1.0000000000
60976  -35.559  -30.094  42.796 1.0000000000
58767  -40.903  -31.427  44.967 1.0000000000
58778  -41.266  -31.110  44.479 1.0000000000
57772  -41.126  -31.529  44.223 1.0000000000
120226  -7.942  -35.148  41.667 0.8750000000
54768  -6.520  -35.021  41.078 0.8750000000
55675  -19.031  -34.498  48.737 1.0000000000
59859  -34.662  -30.491  42.947 0.8750000000
57783  -41.313  -31.372  43.595 1.0000000000
55770  -5.051  -33.934  40.578 0.8750000000
54767  -6.027  -34.726  41.038 0.8750000000
54666  -18.695  -35.103  48.640 1.0000000000
56700  -19.357  -33.938  48.400 1.0000000000
60993  -35.790  -29.515  41.998 0.8750000000
57801  -40.777  -31.907  42.666 0.7500000000
123630  -5.206  -33.750  40.140 0.7500000000
54786  -5.513  -33.906  40.017 0.7500000000
54765  -5.497  -34.245  40.505 0.6250000000
132919  -6.275  -34.598  40.291 0.6250000000
124242  -19.884  -32.804  47.059 1.0000000000
57756  -20.235  -32.260  46.680 1.0000000000
61010  -35.004  -29.358  40.816 0.8750000000
142354  -40.315  -32.344  42.874 0.7500000000
57808  -40.454  -32.209  42.019 0.7500000000
56711  -19.759  -32.914  46.224 1.0000000000
57767  -20.093  -32.269  45.737 1.0000000000
58797  -20.181  -31.487  44.600 1.0000000000
61009  -34.279  -29.962  40.665 0.8750000000
57814  -40.255  -32.444  41.075 0.7500000000
123116  -41.027  -32.006  40.851 0.7500000000
64020  -12.692  -26.426  34.398 0.1250000000
123171  -20.107  -30.996  44.059 1.0000000000
59835  -19.830  -30.364  43.400 1.0000000000
60969  -19.650  -29.770  42.874 1.0000000000
60968  -19.526  -29.582  42.197 1.0000000000
61042  -33.156  -29.363  38.246 0.8750000000
61029  -33.578  -29.591  39.040 0.8750000000
141458  -19.493  -30.042  41.816 1.0000000000
132746  -19.451  -28.750  41.071 1.0000000000
61001  -19.494  -29.248  40.490 1.0000000000
59922  -31.847  -30.209  37.923 0.8750000000
61050  -32.347  -29.455  37.420 0.8750000000
61034  -19.896  -28.697  38.966 1.0000000000
62073  -20.332  -28.317  38.343 0.7500000000
59929  -30.132  -30.420  36.559 0.8750000000
61058  -31.611  -29.659  36.697 0.8750000000
63055  -21.076  -27.698  37.222 0.8750000000
61057  -30.926  -29.829  36.038 0.8750000000
63056  -21.725  -27.863  36.946 0.8750000000
63067  -21.939  -27.536  36.250 0.8750000000
59936  -28.552  -30.542  35.767 0.8750000000
59937  -29.340  -30.412  35.471 0.8750000000
59938  -30.063  -30.204  35.693 0.8750000000
63068  -22.854  -27.736  36.033 0.8750000000
63079  -23.065  -27.498  35.299 0.8750000000
61076  -26.548  -29.570  35.033 0.8750000000
59946  -27.895  -30.345  35.201 0.8750000000
59947  -28.871  -30.336  34.808 0.8750000000
62115  -24.405  -27.972  35.328 0.8750000000
62125  -24.872  -28.258  34.719 0.8750000000
134699  -26.041  -29.177  34.454 0.8750000000
52690  -11.423  -38.787  48.217 0.6250000000
52681  -11.402  -38.915  48.765 0.6250000000
52671  -10.553  -39.726  49.383 0.6250000000
51720  -10.517  -40.002  50.289 0.7500000000
52691  -11.936  -38.145  47.998 0.5000000000
53669  -11.937  -38.207  48.469 0.6250000000
51712  -10.886  -39.944  50.894 0.7500000000
51700  -11.423  -40.107  51.659 0.7500000000
53671  -12.801  -36.926  48.531 0.7500000000
50735  -12.576  -39.383  52.625 0.8750000000
51701  -12.071  -39.589  52.083 0.8750000000
54651  -13.278  -36.336  48.952 0.7500000000
52627  -14.533  -37.101  54.227 0.8750000000
51697  -13.529  -38.168  53.400 0.8750000000
129079  -14.310  -34.089  43.894 0.8750000000
55721  -14.226  -34.466  44.691 0.6250000000
54652  -13.757  -35.769  49.421 0.7500000000
52629  -15.503  -36.987  54.741 0.8750000000
139731  -14.190  -33.709  43.285 0.8750000000
55710  -14.446  -34.137  45.593 0.7500000000
124138  -14.243  -34.681  47.189 0.7500000000
55660  -14.214  -35.204  49.852 0.7500000000
52634  -16.061  -36.719  54.980 0.8750000000
53629  -17.017  -36.247  54.705 1.0000000000
60885  -24.125  -29.302  49.761 1.0000000000
60886  -24.607  -28.805  49.359 1.0000000000
56748  -13.282  -33.282  42.529 0.8750000000
56747  -12.364  -33.529  42.169 0.8750000000
55688  -14.559  -34.167  47.433 0.7500000000
134202  -14.628  -34.189  48.129 0.8750000000
55674  -14.513  -34.501  48.802 0.7500000000
55661  -14.463  -34.726  49.490 0.8750000000
59759  -22.784  -30.388  49.922 1.0000000000
59760  -23.473  -29.806  49.305 1.0000000000
60899  -24.548  -28.843  48.714 0.8750000000
55732  -11.072  -33.663  42.474 0.8750000000
56674  -14.809  -34.092  49.452 0.7500000000
54627  -18.331  -35.522  52.821 1.0000000000
57704  -20.501  -32.577  50.342 1.0000000000
58738  -22.047  -30.911  49.729 1.0000000000
59775  -22.550  -30.405  49.133 1.0000000000
60898  -23.816  -29.372  48.567 1.0000000000
60915  -24.113  -28.849  48.025 1.0000000000
59806  -35.545  -30.653  45.375 1.0000000000
61987  -37.099  -30.469  45.768 1.0000000000
60917  -37.928  -30.631  46.290 1.0000000000
60919  -39.114  -30.145  46.072 1.0000000000
60908  -39.491  -30.766  46.055 1.0000000000
55742  -9.850  -34.319  42.236 0.8750000000
54635  -18.457  -35.555  51.449 1.0000000000
55651  -19.093  -34.391  50.961 1.0000000000
58737  -21.396  -31.506  49.428 1.0000000000
59774  -22.042  -30.522  48.345 1.0000000000
60914  -23.272  -29.356  47.909 1.0000000000
138793  -35.944  -30.577  44.723 1.0000000000
60951  -36.644  -30.183  44.093 1.0000000000
137859  -40.040  -30.626  45.728 1.0000000000
60921  -40.790  -30.156  45.223 1.0000000000
59807  -41.245  -30.609  44.726 1.0000000000
54654  -18.768  -34.927  50.136 1.0000000000
56690  -19.344  -33.974  49.468 1.0000000000
57733  -20.909  -31.827  48.734 1.0000000000
58753  -21.436  -31.221  48.578 1.0000000000
59789  -22.430  -29.864  47.770 1.0000000000
126998  -22.702  -29.327  47.351 1.0000000000
126577  -35.616  -30.504  44.194 1.0000000000
60960  -36.070  -30.105  43.439 1.0000000000
60934  -40.855  -29.655  45.145 1.0000000000
58790  -41.602  -30.858  43.806 1.0000000000
54748  -6.968  -35.129  41.887 0.8750000000
54747  -5.801  -34.764  41.774 0.8750000000
56691  -19.770  -33.241  49.001 1.0000000000
143026  -20.630  -32.038  48.261 1.0000000000
59788  -21.622  -30.495  47.432 1.0000000000
59801  -22.016  -29.744  47.056 1.0000000000
58801  -41.973  -30.819  43.112 1.0000000000
58811  -42.269  -30.597  42.649 0.8750000000
54726  -5.003  -34.083  41.552 0.8750000000
131317  -19.757  -33.156  47.884 1.0000000000
58762  -20.715  -31.656  47.134 1.0000000000
58773  -20.536  -31.585  46.281 1.0000000000
60992  -35.287  -29.556  41.488 0.8750000000
58820  -42.096  -31.070  42.170 0.8750000000
56766  -4.749  -33.654  40.764 0.8750000000
144267  -4.678  -33.143  41.028 0.8750000000
57804  -4.875  -32.763  41.462 0.8750000000
58786  -20.825  -30.830  45.976 1.0000000000
59812  -20.533  -30.602  45.034 1.0000000000
57815  -41.650  -31.524  41.087 0.7500000000
58827  -41.976  -31.284  41.643 0.8750000000
133442  -4.908  -33.244  40.298 0.8750000000
57818  -5.124  -32.535  39.984 0.8750000000
57810  -4.920  -32.663  40.811 0.8750000000
58821  -5.226  -32.221  41.228 0.8750000000
58785  -20.353  -31.517  45.390 1.0000000000
59826  -20.250  -29.964  44.262 1.0000000000
57823  -40.348  -32.350  40.145 0.6250000000
128919  -5.195  -32.880  39.400 0.7500000000
59877  -5.589  -31.342  39.841 0.8750000000
59878  -5.902  -30.796  40.167 0.8750000000
61014  -6.070  -29.806  39.448 0.8750000000
62087  -8.553  -27.847  37.604 0.8750000000
63052  -9.230  -27.591  37.325 0.3750000000
63064  -10.005  -27.159  36.210 0.2500000000
63077  -10.389  -27.145  35.221 0.2500000000
64005  -12.338  -26.385  35.197 0.1250000000
62017  -20.083  -28.551  43.471 1.0000000000
62024  -19.878  -28.165  42.694 0.8750000000
125275  -34.629  -29.217  40.009 0.8750000000
119696  -40.249  -31.940  39.123 0.6250000000
57824  -41.042  -31.805  39.759 0.6250000000
58838  -5.398  -31.835  39.462 0.8750000000
59893  -5.563  -31.160  38.805 0.8750000000
61032  -5.764  -30.230  38.426 0.8750000000
62048  -5.981  -29.287  38.838 0.8750000000
62066  -6.168  -28.868  38.002 0.8750000000
123366  -7.727  -28.121  37.792 0.8750000000
60954  -19.707  -29.015  42.796 1.0000000000
62033  -19.557  -28.679  41.916 1.0000000000
61043  -33.836  -28.992  38.585 0.8750000000
64971  -13.644  -25.640  34.739 0.2500000000
123334  -19.573  -28.041  41.209 0.8750000000
61051  -33.089  -28.792  37.559 0.8750000000
62080  -33.702  -28.585  37.963 0.8750000000
64972  -14.292  -25.060  34.207 0.1250000000
62042  -19.482  -28.310  40.337 0.8750000000
62054  -19.619  -28.128  39.453 0.8750000000
62097  -32.805  -28.509  36.852 0.8750000000
61018  -19.627  -28.971  39.708 0.8750000000
62072  -19.833  -27.947  38.793 0.8750000000
61069  -31.949  -28.718  35.684 0.8750000000
61059  -32.113  -28.940  36.467 0.8750000000
62090  -20.703  -27.948  37.721 0.7500000000
63054  -20.619  -27.221  37.392 0.7500000000
125345  -31.590  -29.262  36.047 0.8750000000
63066  -21.141  -27.203  36.684 0.8750000000
61079  -29.448  -30.027  34.238 0.8750000000
61067  -30.639  -29.716  35.048 0.8750000000
63078  -22.216  -27.217  35.545 0.8750000000
61088  -26.821  -29.462  34.061 0.8750000000
61089  -27.650  -29.649  33.736 0.8750000000
120857  -28.855  -30.055  34.044 0.8750000000
63090  -23.245  -27.222  34.524 0.8750000000
63092  -24.741  -28.112  33.953 0.8750000000
126593  -25.426  -28.599  33.938 0.8750000000
62136  -26.254  -29.026  33.483 0.8750000000
53660  -11.886  -38.305  49.202 0.6250000000
52672  -11.328  -39.102  49.540 0.6250000000
52660  -10.870  -39.606  50.013 0.6250000000
52647  -11.182  -39.519  50.674 0.7500000000
52661  -11.522  -39.019  50.416 0.7500000000
124612  -11.813  -38.929  51.087 0.8750000000
142740  -11.317  -39.773  51.267 0.7500000000
130487  -12.851  -36.986  49.316 0.7500000000
53661  -12.403  -37.685  49.705 0.7500000000
52636  -12.432  -38.960  52.153 0.8750000000
51706  -11.711  -39.560  51.577 0.7500000000
54642  -13.383  -36.424  49.817 0.8750000000
52631  -13.897  -37.408  53.557 0.8750000000
52630  -13.282  -38.205  52.992 0.8750000000
62961  -24.771  -27.793  49.672 1.0000000000
141957  -25.665  -26.999  49.561 0.8750000000
56739  -14.351  -33.214  43.767 0.8750000000
52633  -14.972  -36.433  54.406 0.8750000000
53627  -15.871  -35.757  55.172 0.8750000000
61955  -24.331  -28.445  50.018 1.0000000000
122532  -25.620  -27.268  49.465 0.8750000000
57797  -13.191  -32.696  42.911 0.8750000000
55698  -14.482  -34.158  46.601 0.8750000000
53628  -16.443  -36.046  55.063 0.8750000000
59750  -23.469  -29.799  50.192 1.0000000000
60879  -24.444  -28.801  49.872 1.0000000000
56738  -12.535  -32.855  42.778 0.8750000000
56698  -14.973  -33.458  47.711 1.0000000000
53633  -17.743  -35.722  54.160 1.0000000000
58725  -22.144  -30.860  50.494 1.0000000000
61960  -25.127  -28.306  49.020 1.0000000000
55731  -10.052  -33.981  42.886 0.8750000000
56675  -15.327  -33.184  49.282 0.8750000000
56664  -14.674  -34.577  50.274 0.8750000000
53637  -17.847  -36.156  53.463 1.0000000000
54628  -18.818  -34.672  52.455 1.0000000000
57705  -21.012  -32.037  50.852 1.0000000000
61967  -24.984  -28.263  48.227 0.8750000000
61961  -25.709  -27.690  48.839 0.8750000000
61988  -38.107  -29.976  45.560 1.0000000000
61975  -39.040  -29.720  45.688 1.0000000000
61976  -39.591  -29.692  45.633 1.0000000000
60920  -39.863  -30.153  45.774 1.0000000000
55730  -9.318  -34.407  42.827 0.8750000000
130384  -18.533  -35.295  52.101 1.0000000000
56666  -19.574  -33.656  51.409 1.0000000000
56667  -20.023  -33.173  50.931 1.0000000000
57694  -20.483  -32.595  51.289 1.0000000000
60929  -23.401  -28.765  47.310 1.0000000000
136120  -24.295  -28.389  47.546 0.8750000000
62011  -38.119  -29.391  43.997 1.0000000000
133884  -38.186  -29.604  44.677 1.0000000000
59791  -40.364  -30.096  45.487 1.0000000000
60933  -40.677  -29.611  45.160 1.0000000000
54716  -8.048  -34.968  43.110 0.8750000000
54713  -5.876  -34.715  43.347 0.8750000000
62018  -37.403  -29.591  43.667 1.0000000000
60961  -36.838  -29.614  43.270 1.0000000000
60935  -41.579  -29.638  44.567 1.0000000000
60944  -42.201  -29.799  43.691 1.0000000000
60952  -42.576  -29.618  43.170 1.0000000000
54728  -6.167  -34.970  42.545 0.8750000000
133187  -5.699  -34.673  42.490 0.8750000000
55741  -5.306  -34.067  42.895 0.8750000000
59800  -21.384  -30.273  46.582 1.0000000000
60927  -21.659  -29.599  46.459 1.0000000000
60977  -36.338  -29.540  42.675 0.8750000000
58812  -42.461  -30.319  42.601 0.8750000000
58829  -43.005  -30.193  41.630 0.8750000000
59874  -43.262  -30.166  40.860 0.8750000000
139518  -5.003  -33.424  42.122 0.8750000000
57796  -5.392  -32.589  42.412 0.8750000000
59813  -21.146  -29.981  45.834 1.0000000000
61997  -21.430  -28.414  45.466 1.0000000000
58828  -42.646  -30.743  41.462 0.8750000000
59891  -43.700  -29.698  40.253 0.8750000000
57805  -5.255  -32.387  41.844 0.8750000000
58813  -5.665  -32.031  42.144 0.8750000000
59863  -6.415  -30.680  41.392 0.8750000000
60979  -6.388  -30.120  40.904 0.8750000000
128753  -20.837  -28.479  44.789 0.8750000000
62009  -21.364  -27.671  44.813 0.8750000000
62034  -35.833  -28.911  41.087 0.8750000000
58844  -42.300  -31.045  39.946 0.8750000000
58845  -42.897  -30.659  39.461 0.8750000000
58822  -5.639  -31.802  41.558 0.8750000000
59862  -6.036  -31.114  41.120 0.8750000000
60996  -6.260  -29.919  40.198 0.8750000000
60997  -6.451  -29.546  40.387 0.8750000000
62050  -7.494  -28.566  39.175 0.8750000000
62008  -20.589  -28.085  44.134 0.8750000000
63933  -20.679  -26.945  43.105 0.8750000000
136110  -35.604  -28.248  39.664 0.8750000000
57825  -41.642  -31.475  40.309 0.7500000000
142717  -42.329  -30.902  39.188 0.8750000000
58846  -43.391  -30.308  38.884 0.8750000000
61015  -6.209  -29.358  39.638 0.8750000000
62067  -7.066  -28.474  38.366 0.8750000000
62088  -9.309  -27.871  38.193 0.6250000000
62089  -10.001  -27.608  37.868 0.5000000000
126579  -10.605  -27.189  37.292 0.2500000000
63993  -11.710  -26.617  36.526 0.2500000000
63001  -20.352  -27.711  43.331 0.8750000000
63011  -20.235  -27.417  42.555 0.8750000000
62059  -34.978  -28.513  39.320 0.8750000000
58848  -41.067  -31.294  38.914 0.6250000000
58850  -42.788  -30.619  38.459 0.7500000000
58855  -43.040  -30.402  37.461 0.6250000000
62049  -6.478  -28.850  39.020 0.8750000000
64004  -11.376  -26.701  35.394 0.2500000000
64942  -13.007  -25.967  36.139 0.1250000000
63021  -20.191  -27.200  41.926 0.8750000000
64912  -20.529  -25.998  40.890 0.8750000000
62082  -34.988  -28.101  38.706 0.8750000000
58853  -41.306  -30.748  38.107 0.6250000000
58854  -42.281  -30.546  37.771 0.7500000000
58857  -43.952  -30.022  36.712 0.5000000000
58861  -43.705  -30.156  36.241 0.5000000000
64955  -13.095  -25.953  35.183 0.2500000000
63028  -19.658  -27.493  40.584 0.8750000000
63961  -19.749  -26.956  39.993 0.8750000000
127137  -34.596  -27.236  37.003 0.8750000000
140617  -34.782  -27.955  38.184 0.8750000000
122101  -43.295  -30.224  36.821 0.5000000000
58860  -43.329  -30.173  36.261 0.5000000000
58867  -43.687  -30.271  35.352 0.5000000000
63036  -19.593  -27.613  39.895 0.8750000000
63044  -19.763  -27.249  39.171 0.8750000000
62109  -33.275  -27.779  36.421 0.8750000000
62098  -33.479  -28.144  37.244 0.8750000000
58859  -42.730  -30.280  36.848 0.5000000000
63045  -20.122  -27.371  38.195 0.7500000000
63983  -20.351  -26.506  37.702 0.7500000000
62108  -32.567  -28.203  36.004 0.8750000000
63995  -20.677  -26.618  37.023 0.7500000000
62119  -32.290  -28.238  35.304 0.8750000000
62120  -32.775  -27.787  35.353 0.8750000000
64006  -21.522  -26.871  35.946 0.8750000000
64007  -21.871  -26.472  35.241 0.8750000000
142434  -30.820  -29.196  33.891 0.7500000000
61093  -31.143  -28.811  33.679 0.8750000000
63089  -22.525  -27.007  34.950 0.8750000000
64022  -23.106  -26.753  33.901 0.8750000000
61090  -28.444  -29.697  33.535 0.7500000000
61105  -29.546  -29.068  32.803 0.7500000000
62137  -30.918  -28.616  33.003 0.7500000000
63105  -23.697  -27.234  33.761 0.7500000000
63107  -24.966  -28.129  33.197 0.7500000000
127816  -27.419  -28.871  32.339 0.7500000000
62152  -28.278  -28.779  32.058 0.7500000000
53650  -12.508  -37.781  50.652 0.7500000000
52662  -12.109  -38.440  50.931 0.8750000000
52640  -12.119  -39.019  51.661 0.8750000000
53662  -13.512  -36.538  50.721 0.8750000000
53638  -12.687  -37.889  51.490 0.8750000000
52642  -13.215  -37.825  52.526 0.8750000000
52638  -13.539  -37.600  53.001 0.8750000000
57778  -14.622  -32.728  44.395 0.8750000000
56729  -14.537  -33.663  44.582 0.8750000000
56719  -14.822  -33.203  45.254 0.8750000000
54643  -13.926  -35.840  50.393 0.8750000000
53631  -14.678  -36.212  53.905 0.8750000000
142222  -15.292  -36.101  54.633 0.8750000000
63886  -26.224  -26.754  49.399 0.8750000000
56749  -13.859  -32.985  43.069 0.8750000000
57754  -15.126  -32.750  46.014 1.0000000000
53626  -15.458  -35.600  54.731 0.8750000000
60878  -23.958  -29.124  50.438 1.0000000000
62962  -26.092  -27.170  49.198 0.8750000000
57787  -12.804  -32.278  43.262 0.8750000000
57786  -11.928  -32.460  43.369 0.8750000000
56708  -14.854  -33.487  46.801 1.0000000000
56699  -15.344  -32.684  47.682 1.0000000000
54644  -14.311  -35.616  51.303 0.8750000000
55648  -14.392  -35.230  50.611 1.0000000000
54614  -15.810  -35.017  55.149 0.8750000000
128223  -16.728  -35.456  55.207 0.8750000000
54620  -17.320  -35.528  54.820 1.0000000000
62963  -26.630  -26.565  49.054 0.8750000000
55719  -9.786  -33.728  43.782 0.8750000000
56689  -15.275  -32.979  48.366 0.8750000000
57702  -15.761  -32.793  50.217 1.0000000000
55650  -15.175  -34.118  51.069 1.0000000000
55649  -14.774  -34.884  51.374 1.0000000000
54617  -17.443  -34.842  55.077 1.0000000000
55635  -18.621  -34.792  53.173 1.0000000000
61968  -25.671  -27.587  48.063 0.8750000000
62965  -26.379  -27.073  48.713 0.8750000000
62984  -39.758  -28.818  44.482 1.0000000000
62002  -39.146  -29.262  44.773 1.0000000000
61990  -39.484  -29.307  45.043 1.0000000000
55717  -8.238  -34.279  44.178 0.8750000000
54706  -7.096  -34.555  44.688 0.8750000000
131128  -15.525  -33.409  50.893 1.0000000000
56656  -15.597  -33.569  51.768 1.0000000000
55642  -15.237  -34.295  52.030 1.0000000000
56651  -15.616  -33.742  52.912 1.0000000000
55630  -15.447  -34.308  53.533 1.0000000000
144125  -18.933  -34.398  52.869 1.0000000000
55643  -19.217  -34.143  51.895 1.0000000000
62020  -38.687  -28.862  43.534 1.0000000000
61991  -40.051  -29.189  44.967 1.0000000000
62976  -40.443  -28.953  44.728 1.0000000000
61993  -40.916  -29.093  44.891 1.0000000000
54714  -6.514  -34.952  43.454 0.8750000000
137957  -5.809  -34.559  43.995 0.8750000000
55716  -5.609  -34.212  44.433 0.8750000000
57692  -15.973  -32.789  51.273 1.0000000000
57689  -16.054  -32.839  52.397 1.0000000000
56647  -15.719  -33.577  53.988 1.0000000000
55636  -19.244  -33.985  52.613 1.0000000000
56658  -20.036  -33.099  51.713 1.0000000000
61981  -23.044  -28.381  46.682 0.8750000000
61982  -23.860  -28.126  46.946 0.8750000000
62974  -24.854  -27.192  46.768 0.8750000000
62967  -25.476  -27.294  47.377 0.8750000000
62025  -37.127  -29.090  42.614 1.0000000000
144303  -37.297  -29.336  43.168 1.0000000000
62988  -41.239  -28.602  44.329 1.0000000000
62005  -42.285  -29.306  43.762 1.0000000000
128693  -43.003  -29.324  42.627 1.0000000000
60963  -43.377  -29.087  42.063 1.0000000000
55728  -5.532  -34.289  43.490 0.8750000000
56735  -5.389  -33.663  43.436 0.8750000000
61998  -22.276  -28.355  46.157 0.8750000000
62972  -23.221  -27.738  46.271 0.8750000000
62983  -23.978  -27.028  46.087 0.8750000000
123311  -37.217  -28.578  41.816 0.8750000000
62035  -36.535  -28.995  41.845 1.0000000000
59844  -42.741  -29.821  42.622 1.0000000000
59861  -43.246  -29.621  41.672 0.8750000000
59876  -43.417  -29.500  41.262 0.8750000000
58814  -6.050  -31.693  42.345 0.8750000000
59846  -6.360  -31.009  41.951 0.8750000000
59864  -6.484  -30.423  41.511 0.8750000000
62981  -22.207  -27.702  45.605 0.8750000000
62982  -22.952  -27.095  45.590 0.8750000000
61012  -44.283  -28.793  39.139 0.7500000000
59845  -6.067  -31.392  41.794 0.8750000000
62993  -22.161  -27.123  45.103 0.8750000000
63029  -36.780  -27.819  39.992 0.8750000000
62045  -36.051  -28.242  40.251 0.8750000000
140397  -43.732  -30.037  39.128 0.7500000000
59915  -44.301  -29.338  38.718 0.7500000000
138065  -44.466  -29.154  38.246 0.8750000000
60998  -7.227  -29.176  40.566 0.8750000000
62052  -9.486  -28.296  39.477 0.7500000000
63041  -10.797  -27.629  38.319 0.6250000000
63002  -20.970  -27.268  43.925 0.8750000000
63927  -22.191  -26.099  43.982 0.8750000000
120275  -36.751  -27.502  39.003 0.8750000000
136621  -35.992  -27.739  38.809 0.8750000000
62061  -36.089  -27.916  39.490 0.8750000000
64961  -39.530  -25.427  35.475 0.8750000000
64993  -40.497  -25.342  33.793 0.8750000000
64978  -41.045  -25.433  34.448 0.8750000000
140778  -44.188  -29.643  38.366 0.7500000000
138413  -44.612  -29.099  37.341 0.7500000000
63065  -11.308  -26.867  37.130 0.2500000000
124239  -20.550  -26.757  42.293 0.8750000000
63058  -36.446  -26.807  37.514 0.8750000000
63047  -36.183  -27.323  38.186 0.8750000000
64976  -39.336  -25.400  34.628 0.8750000000
59914  -43.970  -29.909  37.576 0.6250000000
141608  -44.508  -29.362  37.026 0.7500000000
61052  -44.941  -29.070  36.335 0.8750000000
61060  -45.223  -29.031  35.567 0.8750000000
63942  -20.332  -26.688  41.515 0.8750000000
121019  -35.524  -27.107  37.440 0.8750000000
63046  -35.411  -27.741  38.295 0.8750000000
64992  -39.189  -25.409  33.725 0.8750000000
142563  -39.823  -25.370  34.047 0.8750000000
58851  -43.443  -30.287  37.971 0.6250000000
58856  -43.529  -30.203  37.089 0.6250000000
58862  -44.209  -30.016  35.979 0.5000000000
59931  -44.599  -29.725  35.816 0.5000000000
59932  -44.990  -29.374  35.552 0.6250000000
61070  -45.338  -29.181  34.877 0.6250000000
64956  -13.632  -25.367  35.680 0.2500000000
140727  -34.615  -26.886  36.289 0.8750000000
63057  -34.908  -27.597  37.680 0.8750000000
65008  -38.391  -25.314  32.507 0.8750000000
122584  -39.879  -25.320  33.252 0.8750000000
58869  -44.436  -30.068  35.025 0.5000000000
59939  -44.761  -29.773  35.096 0.6250000000
63962  -20.007  -26.378  39.461 0.7500000000
64922  -20.362  -25.642  39.023 0.7500000000
63070  -33.993  -27.224  36.332 0.8750000000
65009  -39.172  -25.284  32.711 0.8750000000
65026  -39.582  -24.942  31.899 0.8750000000
58868  -44.179  -30.408  34.616 0.5000000000
59940  -45.124  -29.634  34.653 0.6250000000
63971  -20.090  -26.446  38.586 0.7500000000
64935  -20.674  -25.793  37.119 0.7500000000
63109  -33.453  -27.133  34.036 0.8750000000
63093  -33.097  -27.434  34.743 0.8750000000
65985  -39.103  -24.618  31.348 0.8750000000
58870  -44.903  -30.078  34.366 0.5000000000
64944  -21.156  -25.614  36.286 0.7500000000
62139  -32.222  -27.824  33.524 0.8750000000
63108  -32.814  -27.518  34.042 0.8750000000
64021  -22.472  -26.453  34.413 0.8750000000
62138  -31.522  -28.285  33.261 0.8750000000
64038  -23.363  -26.647  33.159 0.7500000000
62154  -29.878  -28.633  32.150 0.7500000000
62156  -31.735  -27.631  32.050 0.7500000000
63121  -24.494  -27.583  32.669 0.7500000000
63122  -25.207  -28.006  32.287 0.7500000000
62151  -26.921  -28.466  31.796 0.7500000000
62164  -29.520  -28.395  31.590 0.7500000000
126740  -12.939  -37.075  50.250 0.7500000000
132088  -14.523  -31.925  44.396 0.8750000000
52649  -12.828  -37.988  51.960 0.8750000000
53639  -13.312  -37.370  52.181 0.8750000000
53635  -14.293  -36.417  53.298 0.8750000000
63894  -25.353  -26.426  49.440 0.8750000000
58796  -14.042  -31.466  44.260 0.8750000000
57765  -14.905  -32.262  45.080 0.8750000000
54622  -14.801  -35.752  53.662 0.8750000000
62955  -24.069  -28.123  50.145 1.0000000000
57788  -13.473  -32.350  43.286 0.8750000000
57766  -15.191  -31.735  45.753 1.0000000000
123724  -13.928  -36.150  51.197 0.8750000000
54618  -15.162  -35.569  54.233 0.8750000000
55626  -15.253  -35.031  54.017 0.8750000000
57777  -12.329  -31.838  43.844 0.8750000000
57776  -11.418  -32.140  44.157 0.8750000000
57755  -15.375  -32.100  46.470 1.0000000000
57744  -15.623  -31.922  47.257 1.0000000000
54634  -14.662  -35.352  52.159 0.8750000000
55633  -15.107  -34.994  53.015 1.0000000000
54615  -16.481  -34.884  55.450 0.8750000000
59749  -22.763  -30.296  50.643 1.0000000000
64853  -27.108  -26.029  48.925 0.8750000000
62996  -40.543  -28.236  43.835 1.0000000000
62985  -39.821  -28.515  44.081 1.0000000000
57775  -10.594  -32.604  44.616 0.8750000000
57730  -15.694  -32.229  48.132 1.0000000000
57717  -15.868  -32.352  49.408 1.0000000000
55641  -15.018  -34.821  52.277 1.0000000000
58716  -22.205  -30.715  51.068 1.0000000000
63904  -26.573  -26.387  47.678 0.8750000000
63004  -39.967  -28.085  43.396 1.0000000000
62995  -39.979  -28.201  43.958 1.0000000000
62003  -39.620  -29.068  44.644 1.0000000000
62987  -41.097  -28.427  44.137 1.0000000000
63005  -40.663  -27.967  43.560 1.0000000000
119374  -8.496  -33.854  44.583 0.8750000000
54697  -7.659  -34.351  44.603 0.8750000000
57703  -16.308  -32.025  50.675 1.0000000000
55634  -15.298  -34.471  52.780 1.0000000000
55628  -17.853  -34.404  54.910 1.0000000000
55632  -18.929  -34.232  53.238 1.0000000000
57695  -20.912  -32.085  51.582 1.0000000000
62968  -26.196  -27.037  47.829 0.8750000000
63003  -39.161  -28.258  43.100 1.0000000000
139294  -41.198  -28.081  43.532 1.0000000000
63921  -41.622  -27.855  43.093 1.0000000000
54705  -6.428  -34.610  44.722 0.8750000000
54693  -5.866  -34.405  44.963 0.8750000000
57693  -16.481  -31.922  51.740 1.0000000000
56657  -19.624  -33.535  52.105 1.0000000000
63903  -25.709  -26.655  46.990 0.8750000000
63023  -39.418  -27.514  41.801 1.0000000000
63012  -38.907  -27.949  42.323 1.0000000000
62027  -38.443  -28.456  42.738 1.0000000000
62019  -37.851  -29.069  43.132 1.0000000000
62999  -42.586  -28.495  42.957 1.0000000000
62028  -43.289  -28.558  41.881 1.0000000000
63017  -43.455  -28.359  41.154 1.0000000000
56725  -5.556  -33.741  45.068 0.8750000000
57680  -16.005  -32.797  54.472 1.0000000000
122499  -24.224  -26.293  45.606 0.8750000000
63022  -38.632  -27.719  41.570 1.0000000000
141287  -38.263  -28.076  42.099 1.0000000000
62026  -37.786  -28.533  42.303 1.0000000000
60978  -43.461  -29.286  41.521 0.8750000000
62037  -43.718  -28.496  40.446 1.0000000000
62047  -43.969  -28.650  39.796 1.0000000000
57785  -5.757  -32.482  43.485 0.8750000000
58815  -6.317  -31.384  42.546 0.8750000000
59847  -6.540  -30.739  42.140 0.8750000000
63908  -23.493  -26.567  45.439 0.8750000000
63032  -39.146  -27.258  41.008 0.8750000000
62036  -37.754  -27.992  41.460 1.0000000000
64947  -40.534  -25.578  36.501 0.8750000000
60994  -43.797  -28.988  40.478 0.8750000000
62062  -44.205  -28.389  39.209 1.0000000000
62063  -44.442  -28.496  38.559 0.8750000000
59865  -6.913  -30.082  41.775 0.8750000000
60981  -7.562  -29.470  41.303 0.8750000000
64890  -23.039  -25.674  44.281 0.8750000000
122099  -38.127  -27.336  40.100 0.8750000000
63031  -38.333  -27.508  40.798 0.8750000000
63030  -37.554  -27.727  40.488 0.8750000000
62046  -36.793  -28.274  40.998 0.8750000000
64946  -39.740  -25.540  36.306 0.8750000000
64962  -40.318  -25.455  35.716 0.8750000000
64963  -41.106  -25.616  35.944 0.8750000000
120759  -41.794  -25.823  35.746 0.8750000000
61031  -44.317  -29.102  39.000 0.7500000000
62083  -44.611  -28.678  37.725 0.8750000000
138633  -44.755  -28.826  36.917 0.8750000000
60980  -6.668  -29.797  41.080 0.8750000000
60999  -8.281  -28.942  40.703 0.8750000000
62053  -10.181  -28.259  39.690 0.7500000000
64899  -21.761  -25.784  43.185 0.8750000000
63038  -38.837  -27.088  40.200 0.8750000000
63037  -37.548  -27.422  39.622 0.8750000000
64945  -38.907  -25.571  36.100 0.8750000000
120758  -40.812  -25.459  35.230 0.8750000000
120210  -41.472  -25.622  35.146 0.8750000000
64964  -42.273  -25.923  35.073 1.0000000000
62070  -10.114  -27.962  38.874 0.7500000000
63053  -11.521  -27.163  37.992 0.3750000000
64906  -21.461  -25.580  42.349 0.8750000000
63059  -36.968  -26.961  38.193 0.8750000000
64960  -38.725  -25.500  35.261 0.8750000000
64977  -40.189  -25.372  34.782 0.8750000000
64979  -41.828  -25.603  34.285 0.8750000000
64980  -43.046  -26.150  34.482 1.0000000000
133547  -45.414  -29.027  35.004 0.8750000000
63042  -11.444  -27.585  38.970 0.7500000000
139771  -12.175  -26.781  38.062 0.2500000000
63994  -12.503  -26.320  36.878 0.2500000000
64919  -21.042  -25.227  40.457 0.8750000000
65908  -21.453  -24.474  39.358 0.7500000000
63998  -36.575  -26.107  36.201 0.8750000000
64975  -38.560  -25.511  34.379 0.8750000000
65010  -40.609  -25.184  32.806 0.8750000000
64994  -41.404  -25.324  33.361 0.8750000000
64995  -42.272  -25.522  33.444 1.0000000000
64996  -43.033  -25.795  33.456 1.0000000000
64943  -13.556  -25.213  36.675 0.2500000000
64024  -35.485  -26.219  34.946 0.8750000000
63072  -36.052  -26.538  36.793 0.8750000000
64991  -38.332  -25.477  33.389 0.8750000000
65027  -40.473  -24.834  31.906 0.8750000000
65011  -41.397  -24.919  32.214 0.8750000000
65987  -41.675  -24.296  31.622 0.8750000000
65970  -42.316  -24.775  32.071 1.0000000000
65012  -42.737  -25.275  32.709 1.0000000000
59941  -45.621  -29.469  34.118 0.6250000000
64936  -20.832  -25.083  37.691 0.7500000000
64023  -34.990  -26.335  34.368 0.8750000000
63083  -35.049  -26.578  35.869 0.8750000000
65024  -37.688  -25.011  31.309 0.7500000000
65025  -38.788  -25.076  31.888 0.8750000000
65986  -39.881  -24.447  31.406 0.8750000000
141716  -41.062  -24.574  31.727 0.8750000000
126477  -41.287  -23.558  31.366 0.8750000000
65988  -42.678  -24.205  31.708 1.0000000000
59948  -45.354  -30.003  33.842 0.6250000000
64040  -33.801  -26.778  33.141 0.8750000000
135799  -34.427  -26.634  34.833 0.8750000000
65984  -38.332  -24.814  31.288 0.8750000000
66006  -38.592  -24.281  30.911 0.8750000000
66976  -39.569  -23.549  31.013 0.8750000000
66959  -40.383  -23.390  31.232 0.8750000000
127712  -40.991  -22.943  31.441 0.8750000000
67935  -41.716  -22.905  31.496 1.0000000000
66961  -43.070  -23.542  31.604 1.0000000000
64957  -21.534  -25.657  35.520 0.7500000000
65951  -22.026  -24.953  34.605 0.8750000000
119769  -32.961  -27.294  33.302 0.7500000000
67932  -37.903  -22.616  31.247 0.7500000000
67950  -38.402  -23.087  30.892 0.8750000000
67951  -39.078  -23.138  30.986 0.8750000000
66958  -39.643  -22.937  31.233 0.7500000000
67934  -40.328  -22.619  31.592 0.7500000000
67915  -41.149  -22.458  31.777 0.7500000000
67936  -42.564  -22.877  31.598 1.0000000000
64958  -21.921  -25.709  34.807 0.8750000000
64973  -22.271  -25.610  34.115 0.7500000000
68945  -37.344  -22.225  31.738 0.6250000000
68946  -38.257  -22.254  31.850 0.6250000000
68947  -39.101  -22.249  31.976 0.7500000000
68948  -39.884  -22.208  32.049 0.7500000000
120984  -40.261  -21.929  32.638 0.7500000000
68935  -41.223  -21.964  32.484 0.7500000000
64037  -22.728  -26.174  33.663 0.7500000000
64053  -23.325  -26.254  32.456 0.7500000000
63131  -30.536  -27.514  30.882 0.7500000000
63132  -31.484  -27.301  31.209 0.7500000000
68932  -37.719  -21.986  32.514 0.6250000000
68914  -37.325  -21.841  33.190 0.7500000000
68933  -38.578  -22.014  32.593 0.7500000000
122583  -38.901  -21.866  33.376 0.7500000000
68915  -39.765  -21.809  33.400 0.7500000000
68916  -40.674  -21.729  33.376 0.7500000000
64069  -24.196  -26.685  31.241 0.7500000000
63130  -25.566  -27.714  31.421 0.7500000000
63139  -26.854  -27.644  30.664 0.7500000000
62174  -28.702  -28.014  30.778 0.7500000000
126673  -29.795  -27.311  30.403 0.7500000000
136665  -38.061  -21.839  33.302 0.7500000000
120088  -38.363  -21.766  34.115 0.7500000000
120091  -39.229  -21.774  34.197 0.7500000000
68894  -39.612  -21.698  35.021 0.7500000000
63138  -26.075  -27.393  30.657 0.7500000000
63140  -27.538  -27.566  30.408 0.7500000000
64082  -27.738  -26.925  29.924 0.6250000000
53651  -13.164  -37.153  51.285 0.8750000000
53652  -13.673  -36.560  51.483 0.8750000000
53640  -13.623  -36.782  52.006 0.8750000000
128793  -13.930  -36.646  52.661 0.8750000000
64852  -26.405  -25.216  49.358 0.7500000000
59825  -13.916  -30.890  44.820 0.8750000000
58783  -14.625  -31.300  45.009 0.8750000000
58784  -15.106  -30.870  45.848 1.0000000000
142055  -14.161  -36.104  52.111 0.8750000000
54625  -14.461  -35.920  53.003 0.8750000000
61954  -23.733  -28.571  50.503 1.0000000000
64837  -26.196  -26.079  49.425 0.7500000000
129595  -27.218  -25.307  49.269 0.7500000000
58795  -13.482  -31.239  44.376 0.8750000000
59799  -15.376  -30.607  46.691 1.0000000000
134616  -15.832  -31.023  47.267 1.0000000000
54626  -14.671  -35.536  52.718 0.8750000000
64838  -26.903  -26.023  49.181 0.7500000000
58781  -11.574  -31.165  45.538 0.8750000000
54623  -14.964  -35.351  53.456 0.8750000000
55629  -15.334  -34.733  53.842 0.8750000000
55627  -15.775  -34.150  54.687 1.0000000000
54613  -16.496  -34.352  55.502 1.0000000000
59741  -23.207  -29.683  50.888 1.0000000000
64839  -27.409  -25.524  49.008 0.7500000000
65801  -27.429  -24.781  49.151 0.7500000000
57763  -10.201  -32.275  45.413 0.8750000000
56717  -9.202  -33.095  45.295 0.8750000000
58752  -16.270  -31.040  48.548 1.0000000000
131120  -16.416  -31.068  49.330 1.0000000000
127613  -15.621  -34.141  54.232 1.0000000000
55621  -16.242  -33.970  55.327 1.0000000000
55624  -16.819  -34.162  55.592 1.0000000000
58715  -21.554  -31.398  51.245 1.0000000000
64854  -27.442  -25.515  48.767 0.7500000000
63919  -41.000  -27.917  43.483 1.0000000000
55708  -8.599  -33.474  45.225 0.8750000000
55695  -7.234  -33.758  46.013 0.8750000000
141590  -16.181  -31.746  49.495 1.0000000000
58723  -16.711  -31.021  51.004 1.0000000000
56644  -15.887  -33.519  54.613 1.0000000000
56640  -16.047  -33.653  55.029 1.0000000000
56639  -16.562  -33.840  55.520 1.0000000000
55625  -17.248  -34.240  55.449 1.0000000000
56653  -19.987  -33.039  52.271 1.0000000000
64880  -26.273  -25.926  46.934 0.8750000000
122357  -26.900  -25.699  47.633 0.7500000000
65818  -27.070  -25.158  47.588 0.7500000000
63013  -39.688  -27.796  42.593 1.0000000000
63014  -40.404  -27.666  42.724 1.0000000000
63928  -41.132  -27.677  43.082 1.0000000000
54685  -6.772  -34.197  45.607 0.8750000000
54683  -6.109  -34.306  45.769 0.8750000000
58714  -16.776  -30.936  52.270 1.0000000000
57690  -16.428  -31.901  52.969 1.0000000000
57685  -15.971  -32.829  53.577 1.0000000000
56641  -16.446  -33.268  55.408 1.0000000000
56642  -16.924  -33.627  55.665 1.0000000000
55631  -18.417  -34.576  53.981 1.0000000000
64881  -26.533  -25.184  46.901 0.7500000000
63024  -40.225  -27.395  42.088 1.0000000000
129466  -41.886  -27.580  42.412 1.0000000000
124238  -42.444  -28.141  42.774 1.0000000000
63015  -42.949  -27.801  41.529 1.0000000000
63025  -43.173  -27.786  40.972 1.0000000000
56716  -5.636  -33.821  45.755 0.8750000000
57686  -16.204  -31.932  54.146 1.0000000000
57675  -16.134  -32.902  54.995 1.0000000000
56643  -17.620  -33.545  55.417 1.0000000000
56645  -18.393  -33.874  54.577 1.0000000000
140151  -24.897  -25.966  45.750 0.8750000000
63944  -39.943  -27.078  41.292 1.0000000000
63039  -39.807  -26.850  40.369 0.8750000000
63974  -39.725  -26.353  38.640 0.8750000000
63975  -40.669  -26.122  38.796 0.8750000000
64929  -41.176  -25.902  38.091 0.8750000000
64938  -40.803  -25.720  37.251 0.8750000000
63950  -43.619  -28.107  40.406 1.0000000000
63959  -43.528  -27.612  39.721 1.0000000000
57773  -5.545  -33.055  44.793 0.8750000000
58791  -6.041  -32.177  43.861 0.8750000000
63964  -39.343  -26.765  39.479 0.8750000000
120211  -39.033  -26.411  38.225 0.8750000000
63988  -40.302  -25.928  37.942 0.8750000000
64939  -41.669  -25.905  37.348 0.8750000000
64948  -41.800  -25.914  36.499 0.8750000000
63969  -43.868  -27.600  38.995 1.0000000000
58805  -6.371  -31.660  43.377 0.8750000000
59848  -7.201  -30.449  42.562 0.8750000000
64891  -23.873  -25.245  44.466 0.8750000000
64001  -39.138  -25.757  36.937 0.8750000000
64937  -40.006  -25.709  37.104 0.8750000000
139987  -41.148  -25.709  36.686 0.8750000000
64949  -42.421  -26.096  36.020 1.0000000000
63051  -44.540  -28.173  37.997 1.0000000000
63061  -44.703  -28.464  37.127 0.8750000000
132839  -6.726  -31.064  42.952 0.8750000000
60982  -8.613  -29.226  41.516 0.8750000000
62038  -8.912  -28.577  40.065 0.8750000000
64901  -23.350  -24.995  43.752 0.8750000000
63049  -38.401  -26.990  39.370 0.8750000000
63986  -38.522  -26.213  37.600 0.8750000000
64000  -38.275  -25.849  36.709 0.8750000000
64965  -43.044  -26.312  35.500 1.0000000000
144094  -44.799  -28.328  36.652 0.8750000000
60965  -8.922  -29.481  42.478 0.8750000000
62039  -9.758  -28.493  40.230 0.8750000000
62071  -10.906  -28.080  39.581 0.7500000000
65870  -22.530  -24.574  42.242 0.8750000000
63972  -37.735  -26.670  37.953 0.8750000000
63985  -37.656  -26.244  37.205 0.8750000000
64012  -38.074  -25.667  35.872 0.8750000000
121654  -42.490  -25.831  34.164 1.0000000000
64981  -43.708  -26.648  34.913 1.0000000000
64027  -44.205  -27.056  34.953 1.0000000000
64044  -44.337  -26.750  34.146 1.0000000000
63074  -45.033  -28.454  36.016 0.8750000000
62111  -45.298  -28.880  35.483 0.8750000000
63043  -12.070  -27.024  38.676 0.5000000000
63981  -12.627  -26.320  37.746 0.2500000000
65895  -22.361  -24.154  40.681 0.8750000000
65894  -21.575  -24.583  40.106 0.8750000000
63984  -36.876  -26.355  36.949 0.8750000000
144487  -43.564  -25.860  33.076 1.0000000000
64997  -43.754  -26.242  33.682 1.0000000000
64059  -44.598  -26.302  33.174 1.0000000000
62121  -45.641  -28.920  34.745 0.8750000000
63970  -12.524  -26.396  38.509 0.2500000000
64934  -13.396  -24.999  37.608 0.2500000000
66837  -22.853  -23.527  40.135 0.8750000000
127388  -21.843  -23.981  38.807 0.7500000000
64010  -36.242  -26.026  35.227 0.8750000000
64026  -37.160  -25.781  34.736 0.8750000000
136635  -37.189  -25.730  34.029 0.8750000000
65013  -43.430  -25.408  32.653 1.0000000000
65972  -43.931  -24.867  32.170 1.0000000000
65014  -44.135  -25.673  32.690 1.0000000000
65924  -21.369  -24.374  37.815 0.7500000000
64043  -36.140  -25.900  33.735 0.8750000000
64989  -36.822  -25.707  33.392 0.8750000000
65007  -37.588  -25.469  32.703 0.8750000000
65989  -43.548  -24.194  31.825 1.0000000000
127576  -44.745  -25.001  32.193 1.0000000000
137854  -44.945  -25.668  32.561 1.0000000000
65925  -21.710  -24.079  36.991 0.7500000000
64075  -34.995  -25.855  31.810 0.8750000000
65041  -36.277  -25.017  30.952 0.7500000000
65042  -37.045  -25.004  31.114 0.7500000000
66974  -38.060  -23.725  30.681 0.7500000000
66962  -43.924  -23.554  31.804 1.0000000000
66948  -44.756  -23.614  32.055 1.0000000000
65973  -45.229  -24.396  32.160 1.0000000000
58896  -46.988  -29.808  32.147 0.7500000000
65943  -22.076  -24.264  35.283 0.7500000000
64073  -33.573  -26.130  31.223 0.7500000000
64055  -33.719  -26.533  32.122 0.7500000000
67930  -36.050  -22.596  30.934 0.7500000000
68943  -35.673  -22.237  31.414 0.6250000000
67949  -37.547  -23.031  30.780 0.7500000000
125019  -42.861  -22.387  32.107 1.0000000000
136722  -43.723  -22.424  32.326 1.0000000000
67918  -44.248  -22.924  32.025 1.0000000000
132427  -22.373  -24.171  33.182 0.8750000000
64987  -22.500  -25.522  33.481 0.7500000000
132934  -32.071  -25.424  30.384 0.7500000000
63133  -32.371  -27.042  31.645 0.7500000000
68890  -35.859  -21.854  34.020 0.6250000000
68931  -36.729  -21.934  32.518 0.6250000000
68917  -41.609  -21.715  33.422 0.7500000000
68936  -42.228  -21.983  32.686 0.7500000000
68919  -43.383  -21.765  33.737 0.7500000000
65003  -22.542  -25.058  32.855 0.7500000000
65969  -22.732  -24.959  32.022 0.7500000000
64054  -23.903  -26.895  32.267 0.7500000000
64085  -30.781  -26.231  30.333 0.7500000000
64071  -31.961  -26.666  30.834 0.7500000000
68891  -36.638  -21.812  34.477 0.6250000000
138864  -37.283  -21.763  34.833 0.7500000000
120679  -40.134  -21.717  34.216 0.7500000000
68895  -41.048  -21.688  34.251 0.7500000000
68897  -42.818  -21.613  34.449 0.7500000000
65030  -23.689  -25.213  30.501 0.6250000000
137705  -25.038  -26.286  29.969 0.7500000000
63142  -29.109  -27.044  30.076 0.7500000000
64084  -29.847  -26.452  30.179 0.7500000000
68866  -36.707  -21.911  35.432 0.7500000000
68892  -37.892  -21.730  34.707 0.6250000000
68893  -38.625  -21.708  35.041 0.7500000000
68868  -39.160  -21.644  35.843 0.7500000000
68869  -40.030  -21.620  35.804 0.7500000000
121306  -40.521  -21.679  35.041 0.7500000000
121305  -41.423  -21.642  35.110 0.7500000000
68896  -41.949  -21.630  34.326 0.7500000000
65995  -23.861  -24.635  29.936 0.6250000000
65031  -24.331  -25.578  30.044 0.6250000000
64097  -25.733  -26.029  29.622 0.6250000000
64081  -26.809  -27.045  30.034 0.6250000000
130108  -28.437  -26.780  29.930 0.7500000000
64083  -28.917  -26.244  29.938 0.7500000000
119644  -37.898  -21.688  36.442 0.6250000000
143444  -38.419  -21.644  35.912 0.7500000000
123954  -38.711  -21.609  36.705 0.7500000000
68854  -39.591  -21.579  36.563 0.7500000000
68870  -40.907  -21.603  35.849 0.7500000000
68840  -38.612  -21.692  37.743 0.6250000000
63885  -24.891  -27.167  49.651 1.0000000000
64851  -25.357  -25.522  49.108 0.8750000000
65800  -26.975  -24.521  49.475 0.7500000000
59810  -13.535  -30.519  45.493 0.8750000000
59798  -14.763  -30.344  46.319 1.0000000000
60926  -15.052  -30.050  47.113 1.0000000000
60870  -23.289  -29.043  50.992 1.0000000000
59797  -11.826  -30.564  46.357 1.0000000000
128516  -12.924  -30.195  46.391 1.0000000000
59786  -15.589  -30.351  47.500 1.0000000000
59787  -16.044  -30.686  48.011 1.0000000000
59740  -22.564  -30.202  51.293 1.0000000000
66756  -27.196  -23.842  49.445 0.7500000000
58770  -10.603  -31.584  45.900 1.0000000000
59772  -15.731  -30.095  48.197 1.0000000000
59739  -21.962  -30.734  51.667 1.0000000000
65802  -27.596  -24.956  48.896 0.7500000000
66757  -27.504  -24.143  49.103 0.7500000000
57753  -9.836  -31.959  46.183 0.8750000000
56706  -8.711  -32.893  45.919 0.8750000000
131887  -16.539  -30.803  50.132 1.0000000000
65808  -27.561  -24.923  48.514 0.7500000000
66761  -27.574  -24.297  48.757 0.7500000000
56696  -8.084  -32.732  46.961 1.0000000000
55685  -7.286  -33.390  46.715 0.8750000000
59738  -16.673  -30.111  51.722 1.0000000000
126144  -20.428  -32.570  51.948 1.0000000000
66767  -27.485  -24.227  48.188 0.7500000000
63935  -40.976  -27.699  43.120 1.0000000000
119576  -41.036  -27.378  42.407 1.0000000000
120956  -41.695  -27.204  41.697 1.0000000000
120434  -41.832  -26.902  40.815 1.0000000000
63956  -42.345  -27.133  40.671 1.0000000000
54684  -6.388  -34.216  45.809 0.8750000000
140077  -5.864  -33.677  46.618 0.8750000000
58707  -16.428  -31.097  54.615 1.0000000000
56648  -18.847  -33.981  53.776 1.0000000000
56649  -19.353  -33.619  53.186 1.0000000000
56652  -19.620  -33.437  52.567 1.0000000000
64884  -25.273  -25.247  45.621 0.7500000000
64886  -26.418  -24.542  46.550 0.7500000000
63937  -42.019  -27.371  41.749 1.0000000000
63948  -42.484  -27.428  41.192 1.0000000000
63949  -42.904  -27.504  40.714 1.0000000000
57761  -5.628  -33.101  45.837 0.8750000000
57681  -16.301  -32.009  54.893 1.0000000000
57676  -16.525  -32.412  55.318 1.0000000000
57677  -16.978  -32.775  55.737 1.0000000000
57682  -18.365  -33.077  55.065 1.0000000000
56646  -18.997  -33.391  54.103 1.0000000000
63945  -40.800  -27.095  41.540 1.0000000000
123375  -40.504  -26.853  40.846 1.0000000000
119494  -40.241  -26.491  39.505 0.8750000000
63976  -41.516  -26.094  38.914 0.8750000000
63958  -43.151  -27.382  39.914 1.0000000000
63968  -43.477  -27.253  39.003 1.0000000000
57762  -5.862  -32.586  45.393 0.8750000000
58792  -6.460  -31.725  44.431 0.8750000000
64892  -24.630  -24.785  44.725 0.7500000000
64930  -42.016  -26.030  38.238 0.8750000000
137751  -42.570  -26.203  36.831 0.8750000000
64941  -43.245  -26.508  37.324 1.0000000000
63979  -43.853  -27.330  38.436 1.0000000000
128000  -6.865  -31.163  43.960 0.8750000000
64950  -43.131  -26.418  36.423 1.0000000000
127039  -44.099  -27.339  37.795 0.8750000000
59834  -7.409  -30.658  43.489 0.8750000000
59849  -8.098  -30.154  43.012 0.8750000000
66827  -23.454  -23.493  41.761 0.8750000000
65871  -23.322  -24.044  42.513 0.8750000000
64966  -43.617  -26.737  35.932 1.0000000000
60967  -10.242  -28.601  41.766 1.0000000000
62031  -10.704  -28.363  41.082 1.0000000000
63085  -45.266  -28.525  35.201 0.8750000000
62030  -10.042  -28.628  40.987 1.0000000000
62041  -11.157  -28.097  40.487 1.0000000000
63035  -12.058  -27.089  39.483 0.5000000000
66838  -23.149  -23.539  40.962 0.8750000000
64028  -44.746  -27.300  34.519 1.0000000000
62129  -46.214  -28.938  34.003 0.8750000000
129834  -12.622  -24.979  38.950 0.3750000000
64926  -12.954  -24.710  38.257 0.2500000000
65909  -22.108  -24.020  39.747 0.7500000000
65039  -34.295  -25.011  30.594 0.6250000000
61083  -46.224  -29.270  33.657 0.8750000000
142806  -47.344  -28.424  33.282 1.0000000000
131306  -48.042  -28.318  33.061 1.0000000000
66864  -22.527  -23.227  38.806 0.7500000000
66002  -34.097  -24.175  30.436 0.6250000000
64060  -45.528  -26.158  32.770 1.0000000000
65974  -46.110  -24.591  32.369 1.0000000000
61094  -46.927  -29.140  32.872 0.8750000000
61095  -47.924  -28.897  32.448 0.8750000000
67807  -22.621  -22.820  38.095 0.7500000000
65022  -34.321  -25.688  31.151 0.7500000000
66003  -35.042  -24.449  30.520 0.6250000000
67928  -34.313  -22.340  31.239 0.6250000000
65015  -45.634  -25.255  32.356 1.0000000000
129152  -46.920  -24.740  32.560 1.0000000000
58895  -46.243  -30.086  32.535 0.7500000000
59955  -47.110  -29.553  32.321 0.7500000000
61107  -49.199  -28.736  31.815 0.8750000000
121833  -22.448  -22.992  36.454 0.7500000000
66900  -22.081  -23.784  36.238 0.7500000000
139664  -33.736  -25.472  30.721 0.7500000000
64074  -34.229  -26.148  31.754 0.7500000000
67947  -35.340  -22.949  30.628 0.7500000000
68911  -35.001  -21.899  32.581 0.6250000000
67919  -45.701  -22.894  32.949 1.0000000000
59962  -48.549  -29.369  31.400 0.7500000000
61113  -50.175  -28.834  31.520 1.0000000000
59973  -49.719  -29.494  30.931 0.8750000000
66914  -22.329  -23.590  34.759 0.6250000000
65038  -33.485  -24.825  30.452 0.6250000000
64087  -32.958  -25.623  30.552 0.6250000000
68889  -35.065  -21.921  33.545 0.5000000000
68920  -44.056  -21.850  33.936 0.8750000000
68921  -44.720  -22.050  33.794 1.0000000000
59989  -48.323  -30.183  30.397 0.5000000000
60007  -48.896  -30.047  30.017 0.7500000000
61133  -49.925  -29.024  29.978 0.8750000000
66932  -22.324  -23.326  33.336 0.6250000000
65968  -22.545  -24.294  32.350 0.7500000000
65036  -31.210  -25.423  30.352 0.7500000000
68865  -35.886  -22.037  34.937 0.5000000000
68898  -43.673  -21.682  34.608 0.7500000000
62186  -49.931  -28.122  29.895 0.8750000000
65979  -22.803  -24.393  31.477 0.6250000000
126762  -29.889  -25.056  30.417 0.7500000000
143599  -36.442  -22.083  36.208 0.5000000000
67848  -36.644  -22.091  36.909 0.5000000000
68871  -41.848  -21.566  36.005 0.7500000000
121261  -42.298  -21.591  35.171 0.7500000000
68872  -43.125  -21.571  35.281 0.7500000000
63152  -49.841  -27.281  30.029 0.8750000000
65994  -23.278  -24.543  30.652 0.6250000000
65052  -25.201  -25.476  29.585 0.6250000000
65053  -26.193  -25.250  29.461 0.6250000000
144014  -27.937  -25.419  29.757 0.6250000000
65033  -28.585  -25.341  29.973 0.7500000000
137316  -38.061  -21.711  37.159 0.6250000000
127148  -39.275  -21.570  37.246 0.7500000000
68855  -40.416  -21.563  36.550 0.7500000000
68856  -41.207  -21.542  36.634 0.7500000000
137668  -41.401  -21.478  37.302 0.7500000000
64111  -48.595  -26.315  29.150 0.8750000000
65051  -24.645  -24.831  29.613 0.6250000000
123567  -25.460  -24.654  29.474 0.6250000000
66019  -26.875  -24.583  29.708 0.6250000000
121310  -40.350  -21.485  37.990 0.7500000000
64112  -49.092  -25.941  29.581 0.8750000000
66027  -48.898  -24.513  29.226 0.6250000000
66977  -50.974  -23.492  30.948 1.0000000000
67938  -51.557  -22.623  31.941 1.0000000000
68950  -51.383  -22.137  31.516 1.0000000000
122608  -51.389  -21.342  31.856 0.8750000000
67002  -49.527  -24.061  29.544 0.8750000000
66987  -49.693  -23.322  29.538 0.8750000000
67960  -50.504  -22.230  30.366 0.8750000000
143734  -51.192  -21.601  31.373 0.8750000000
69892  -51.695  -20.871  32.440 0.7500000000
68949  -50.872  -21.134  31.378 0.7500000000
67969  -48.845  -23.158  29.040 0.6250000000
124256  -50.045  -22.572  29.849 0.7500000000
136930  -50.366  -21.482  30.730 0.8750000000
69891  -51.306  -20.441  32.123 0.7500000000
137404  -51.931  -19.731  32.760 0.8750000000
128063  -51.959  -19.006  32.872 0.6250000000
69890  -50.616  -20.419  31.702 0.6250000000
70885  -51.612  -19.478  32.579 0.6250000000
69900  -50.199  -20.767  31.134 0.6250000000
70884  -50.820  -19.675  32.143 0.6250000000
71815  -50.178  -18.930  32.110 0.6250000000
71816  -51.064  -18.733  32.486 0.6250000000
72839  -49.552  -18.099  31.792 0.5000000000
72840  -50.426  -17.873  32.270 0.6250000000
139373  -23.892  -27.139  49.607 0.8750000000
127760  -24.361  -25.762  48.731 0.8750000000
62954  -23.248  -28.066  50.404 1.0000000000
62960  -24.023  -27.657  49.954 1.0000000000
65806  -25.374  -24.584  48.863 0.7500000000
65807  -26.107  -24.155  49.342 0.6250000000
59771  -12.132  -29.668  48.561 1.0000000000
60911  -13.793  -29.675  47.700 1.0000000000
60895  -14.486  -29.545  48.523 1.0000000000
124593  -14.735  -29.413  49.450 1.0000000000
122280  -12.015  -29.997  47.147 1.0000000000
59785  -13.612  -29.909  46.868 1.0000000000
60913  -15.217  -29.845  47.917 1.0000000000
60896  -15.464  -29.728  48.877 1.0000000000
60883  -15.440  -29.485  49.929 1.0000000000
60869  -22.685  -29.529  51.406 1.0000000000
67702  -27.393  -23.175  49.571 0.6250000000
58761  -11.078  -30.534  47.230 1.0000000000
60884  -15.974  -29.825  49.515 1.0000000000
140255  -21.460  -31.334  52.018 1.0000000000
67719  -27.499  -23.521  48.553 0.7500000000
58749  -9.572  -31.306  47.694 1.0000000000
57752  -9.162  -32.301  46.440 0.8750000000
59758  -16.363  -30.262  49.761 1.0000000000
141012  -21.200  -31.737  51.777 1.0000000000
67718  -27.235  -23.393  47.801 0.7500000000
57728  -8.268  -31.986  48.421 1.0000000000
55686  -7.735  -33.214  46.472 0.8750000000
60868  -16.251  -29.527  51.366 1.0000000000
67743  -26.196  -23.232  46.129 0.7500000000
65832  -26.842  -24.646  47.217 0.7500000000
56686  -7.375  -32.681  48.109 1.0000000000
143757  -6.604  -33.451  47.215 1.0000000000
55684  -6.222  -33.790  46.625 0.8750000000
131038  -16.546  -30.107  54.153 1.0000000000
133009  -16.573  -30.445  54.807 1.0000000000
65843  -26.072  -24.003  45.893 0.7500000000
64885  -25.976  -24.772  46.045 0.7500000000
63946  -41.330  -26.837  40.821 1.0000000000
141891  -41.393  -26.536  40.109 1.0000000000
63955  -41.954  -26.753  40.350 1.0000000000
63957  -42.555  -27.181  40.250 1.0000000000
55670  -6.277  -33.466  47.303 0.8750000000
56704  -5.687  -33.311  46.563 0.8750000000
140658  -16.581  -31.773  55.251 1.0000000000
125706  -17.338  -32.076  55.695 1.0000000000
57678  -17.643  -32.729  55.584 1.0000000000
57687  -19.593  -32.950  53.539 1.0000000000
65850  -24.624  -24.003  44.126 0.7500000000
63954  -40.731  -26.595  40.200 1.0000000000
119978  -41.064  -26.307  39.552 1.0000000000
64924  -42.293  -26.317  38.979 0.8750000000
64925  -42.881  -26.625  38.858 1.0000000000
63967  -43.028  -27.042  39.393 1.0000000000
57751  -5.938  -32.250  46.481 0.8750000000
58780  -6.504  -31.503  45.607 0.8750000000
66813  -24.444  -23.408  43.573 0.7500000000
64931  -42.636  -26.299  38.372 0.8750000000
64932  -43.089  -26.515  38.122 1.0000000000
63978  -43.677  -27.049  38.072 1.0000000000
59795  -6.459  -29.895  46.951 1.0000000000
58769  -6.391  -30.930  46.679 0.8750000000
126918  -24.092  -23.110  42.852 0.7500000000
64951  -43.665  -26.784  36.741 1.0000000000
63990  -43.690  -26.874  37.408 1.0000000000
136488  -43.907  -27.091  37.440 1.0000000000
63060  -44.535  -27.874  37.369 0.8750000000
63073  -44.684  -27.911  36.570 0.8750000000
60923  -6.170  -28.882  47.287 1.0000000000
59796  -7.134  -29.923  46.233 0.8750000000
59822  -7.537  -30.490  44.593 0.8750000000
60953  -8.768  -29.683  43.546 0.8750000000
66828  -23.805  -22.856  41.931 0.7500000000
66821  -23.759  -23.434  42.452 0.7500000000
64013  -44.019  -27.087  36.226 1.0000000000
64003  -44.360  -27.461  36.380 0.8750000000
62970  -6.125  -27.491  47.003 1.0000000000
61995  -7.064  -28.409  46.198 1.0000000000
60936  -7.440  -29.231  45.954 1.0000000000
126467  -8.383  -29.622  44.591 0.8750000000
123138  -9.402  -29.214  43.151 0.8750000000
139100  -23.572  -23.058  41.214 0.8750000000
124314  -43.996  -27.009  35.558 1.0000000000
64014  -44.438  -27.420  35.522 1.0000000000
63084  -44.839  -27.970  35.814 1.0000000000
63096  -45.851  -28.353  34.226 1.0000000000
62006  -8.565  -28.616  44.879 0.8750000000
62023  -10.312  -28.210  42.635 1.0000000000
63026  -11.605  -27.381  40.894 1.0000000000
63952  -12.245  -26.256  39.933 0.5000000000
64921  -12.617  -25.821  39.158 0.3750000000
121743  -23.419  -22.988  40.488 0.8750000000
62140  -46.708  -28.419  33.534 1.0000000000
62978  -6.362  -27.059  46.328 1.0000000000
62990  -7.568  -27.131  45.077 1.0000000000
62991  -8.594  -27.522  44.577 1.0000000000
63000  -10.199  -27.497  43.037 1.0000000000
63019  -11.150  -27.451  41.710 1.0000000000
63951  -11.801  -26.453  40.768 0.7500000000
64920  -12.122  -25.159  39.782 0.5000000000
65907  -12.082  -24.549  39.232 0.3750000000
66863  -12.397  -23.791  37.997 0.3750000000
67787  -23.497  -22.320  40.144 0.8750000000
66846  -23.110  -22.938  39.589 0.8750000000
131322  -45.988  -26.914  33.198 1.0000000000
64046  -46.936  -26.925  32.989 1.0000000000
63113  -47.460  -27.782  33.247 1.0000000000
63114  -48.508  -27.500  33.173 1.0000000000
62142  -48.590  -28.343  32.687 1.0000000000
63906  -6.156  -26.298  46.016 1.0000000000
63907  -6.722  -26.723  45.521 1.0000000000
62992  -9.517  -27.473  43.729 1.0000000000
64905  -9.830  -25.842  42.286 0.8750000000
64910  -10.634  -25.628  41.593 0.8750000000
65893  -11.150  -24.842  40.404 0.5000000000
65916  -11.427  -24.041  38.926 0.3750000000
65917  -12.312  -24.244  38.590 0.3750000000
67808  -23.039  -22.143  38.564 0.7500000000
66971  -34.724  -23.518  30.481 0.6250000000
65016  -46.557  -25.417  32.508 1.0000000000
64063  -48.026  -26.006  32.962 1.0000000000
64048  -48.714  -26.669  33.334 1.0000000000
64049  -49.373  -27.224  33.421 1.0000000000
62143  -49.568  -27.833  32.740 1.0000000000
63912  -7.121  -26.446  44.716 1.0000000000
63922  -7.515  -26.241  44.060 0.8750000000
63924  -9.258  -26.518  43.401 0.8750000000
67822  -22.579  -22.565  37.246 0.7500000000
66001  -33.218  -23.999  30.444 0.6250000000
67944  -32.965  -22.735  31.049 0.6250000000
67927  -33.439  -22.331  31.557 0.6250000000
67901  -34.135  -21.971  33.117 0.5000000000
66950  -46.557  -24.021  32.614 1.0000000000
65975  -47.288  -24.206  32.949 1.0000000000
137063  -47.962  -24.478  33.356 1.0000000000
61097  -49.839  -28.195  32.326 1.0000000000
64889  -6.850  -25.863  44.210 0.8750000000
127729  -33.018  -23.262  30.678 0.6250000000
67925  -31.869  -22.784  31.953 0.5000000000
132916  -32.958  -22.390  33.982 0.5000000000
67888  -33.696  -22.196  33.986 0.5000000000
67904  -46.479  -22.936  33.624 1.0000000000
67891  -46.333  -22.445  34.440 1.0000000000
61098  -50.519  -28.095  32.345 1.0000000000
126236  -50.359  -29.016  31.148 1.0000000000
67864  -22.404  -22.699  34.950 0.6250000000
66969  -32.341  -23.871  30.527 0.6250000000
66968  -31.412  -23.840  30.699 0.6250000000
66947  -31.059  -23.247  32.477 0.6250000000
67887  -33.203  -22.499  34.692 0.5000000000
132408  -34.206  -22.344  34.845 0.5000000000
67845  -34.373  -22.624  36.580 0.3750000000
68899  -44.388  -21.816  34.508 0.8750000000
68874  -44.631  -21.743  35.249 0.8750000000
138586  -50.952  -28.088  32.364 1.0000000000
61114  -50.787  -28.591  31.567 1.0000000000
132465  -22.328  -22.992  34.114 0.5000000000
66955  -30.443  -23.899  31.016 0.6250000000
66946  -30.231  -23.691  31.998 0.6250000000
67868  -34.297  -22.550  35.816 0.5000000000
67846  -35.071  -22.537  36.689 0.5000000000
130790  -44.294  -21.630  35.941 0.7500000000
68859  -44.369  -21.598  36.705 0.7500000000
62177  -50.804  -27.901  30.662 0.8750000000
67909  -22.362  -22.904  32.610 0.5000000000
66943  -22.546  -23.498  31.846 0.5000000000
65983  -29.775  -24.472  30.761 0.6250000000
66935  -29.164  -24.300  32.718 0.6250000000
67847  -35.842  -22.341  36.660 0.5000000000
67827  -36.114  -22.318  37.542 0.3750000000
68843  -41.908  -21.483  36.913 0.7500000000
68857  -42.575  -21.513  36.556 0.7500000000
63153  -50.498  -27.050  30.419 0.8750000000
64101  -50.355  -26.146  30.453 1.0000000000
66952  -22.863  -23.675  30.802 0.6250000000
66015  -23.835  -23.805  29.747 0.6250000000
66984  -23.942  -23.024  29.633 0.6250000000
65996  -27.252  -23.983  30.304 0.6250000000
67828  -36.922  -22.113  37.704 0.3750000000
68839  -37.716  -21.905  37.801 0.5000000000
121309  -41.155  -21.422  37.969 0.7500000000
64100  -49.749  -26.432  30.100 0.8750000000
64088  -50.940  -25.890  30.948 1.0000000000
130962  -50.474  -24.654  30.544 1.0000000000
66016  -24.336  -24.237  29.618 0.6250000000
66985  -24.616  -23.571  29.555 0.6250000000
66018  -26.143  -24.381  29.550 0.6250000000
67815  -38.091  -22.007  38.583 0.5000000000
133356  -38.987  -21.768  38.699 0.3750000000
68815  -39.445  -21.850  39.700 0.6250000000
138758  -40.406  -21.538  39.592 0.6250000000
64113  -49.649  -25.527  30.030 1.0000000000
66029  -49.938  -24.932  30.175 1.0000000000
66008  -50.974  -24.295  31.090 1.0000000000
68803  -39.617  -22.164  40.746 0.5000000000
65065  -48.941  -25.185  29.379 0.8750000000
66020  -49.965  -24.294  30.011 1.0000000000
68951  -51.659  -21.816  32.235 0.8750000000
137031  -51.836  -21.182  32.671 0.8750000000
68922  -52.098  -21.122  33.033 0.8750000000
69882  -51.984  -20.400  32.806 0.8750000000
70859  -52.144  -19.600  33.029 0.7500000000
71799  -51.641  -18.466  32.778 0.7500000000
136067  -51.764  -17.619  32.834 0.6250000000
124278  -44.886  -17.033  33.231 0.3750000000
72829  -51.715  -16.883  32.667 0.6250000000
73860  -50.847  -16.760  32.197 0.7500000000
62958  -21.794  -27.449  49.689 1.0000000000
63883  -22.177  -26.999  48.967 1.0000000000
63884  -23.189  -26.755  49.025 1.0000000000
63893  -24.213  -26.530  49.194 0.8750000000
144007  -21.399  -27.690  50.303 1.0000000000
66755  -26.566  -23.580  49.637 0.6250000000
60893  -12.815  -29.498  49.039 1.0000000000
60894  -13.537  -29.526  48.625 1.0000000000
61947  -21.773  -28.541  51.595 1.0000000000
62944  -22.394  -28.307  50.936 1.0000000000
61953  -23.082  -28.554  50.867 1.0000000000
67701  -26.884  -22.970  50.041 0.6250000000
60875  -13.499  -29.089  50.212 1.0000000000
124295  -13.705  -29.363  49.492 1.0000000000
61936  -21.309  -28.885  52.267 1.0000000000
60857  -21.676  -29.663  52.375 1.0000000000
60858  -22.229  -29.420  51.848 1.0000000000
67710  -27.491  -22.705  49.076 0.6250000000
58750  -10.822  -30.343  48.244 1.0000000000
127152  -14.289  -28.802  51.016 1.0000000000
60882  -14.449  -29.190  50.280 1.0000000000
58709  -21.141  -31.201  52.678 1.0000000000
59731  -22.219  -30.046  51.911 1.0000000000
67709  -27.226  -22.603  48.252 0.7500000000
58736  -10.028  -30.466  49.314 1.0000000000
60876  -15.423  -29.149  51.068 1.0000000000
58708  -20.572  -31.845  52.885 1.0000000000
58711  -20.874  -31.953  52.201 1.0000000000
120837  -26.740  -22.466  47.455 0.7500000000
57716  -8.784  -31.339  49.065 1.0000000000
57715  -8.098  -31.772  49.297 1.0000000000
60867  -15.675  -28.921  52.218 1.0000000000
125266  -16.248  -29.379  52.495 1.0000000000
57688  -20.085  -32.444  53.131 1.0000000000
57691  -20.296  -32.513  52.497 1.0000000000
67729  -26.258  -22.372  46.579 0.7500000000
66793  -26.579  -24.003  46.697 0.7500000000
56673  -7.025  -32.575  48.664 1.0000000000
56672  -6.419  -32.761  48.429 1.0000000000
131075  -16.280  -29.086  53.700 1.0000000000
137481  -16.700  -30.091  54.752 1.0000000000
59723  -16.699  -30.653  55.074 1.0000000000
57683  -19.068  -32.491  54.535 1.0000000000
56650  -19.856  -33.041  52.808 1.0000000000
129419  -25.547  -23.184  45.218 0.7500000000
58718  -5.825  -31.018  49.858 1.0000000000
58732  -5.501  -31.009  49.032 1.0000000000
55657  -6.101  -33.117  48.069 1.0000000000
57726  -5.650  -32.327  48.088 1.0000000000
58704  -16.533  -31.215  55.028 1.0000000000
59720  -16.963  -30.713  55.368 1.0000000000
58702  -17.791  -31.502  55.575 1.0000000000
57679  -18.144  -32.241  55.435 1.0000000000
131955  -24.929  -23.255  44.296 0.7500000000
143626  -5.425  -29.028  49.001 1.0000000000
120901  -5.526  -30.220  48.663 1.0000000000
58747  -5.627  -31.686  47.989 1.0000000000
57739  -5.704  -32.480  47.435 1.0000000000
67767  -24.441  -22.747  43.425 0.7500000000
61959  -5.535  -28.165  48.652 1.0000000000
60909  -5.812  -29.756  47.895 1.0000000000
123700  -6.079  -31.229  47.185 1.0000000000
67772  -24.068  -22.400  42.566 0.7500000000
62966  -5.782  -27.484  47.827 1.0000000000
61978  -5.862  -28.065  47.767 1.0000000000
60922  -5.991  -29.356  47.576 1.0000000000
67779  -23.844  -22.112  41.768 0.7500000000
63896  -5.676  -26.938  47.876 1.0000000000
62969  -5.946  -27.410  47.433 1.0000000000
61979  -6.042  -28.083  47.423 1.0000000000
67778  -23.645  -22.416  41.048 0.8750000000
64855  -5.667  -25.989  47.134 1.0000000000
132105  -5.831  -26.882  47.411 1.0000000000
68814  -23.510  -21.518  39.845 0.8750000000
126776  -5.787  -26.312  46.983 1.0000000000
63902  -5.975  -26.725  46.866 1.0000000000
67795  -23.299  -22.190  39.338 0.8750000000
64872  -5.793  -25.717  46.605 0.8750000000
63905  -5.908  -26.002  46.385 1.0000000000
64898  -9.304  -26.017  42.817 0.8750000000
126882  -9.472  -25.360  41.637 0.8750000000
64916  -10.635  -25.069  40.979 0.7500000000
65905  -10.382  -24.326  39.800 0.5000000000
68837  -22.977  -21.467  38.144 0.7500000000
65964  -48.718  -24.904  33.768 1.0000000000
64999  -49.589  -26.459  33.881 1.0000000000
63115  -49.742  -27.406  33.239 1.0000000000
64883  -6.128  -25.659  45.551 0.8750000000
63923  -8.269  -26.356  43.712 0.8750000000
64897  -8.513  -25.968  43.065 0.8750000000
136953  -22.536  -22.247  36.587 0.7500000000
66849  -32.409  -23.521  39.373 0.3750000000
65897  -32.201  -23.603  40.761 0.3750000000
67892  -47.079  -22.980  34.536 1.0000000000
66940  -48.376  -24.132  34.031 1.0000000000
63097  -49.839  -26.890  33.645 1.0000000000
63098  -50.122  -27.016  33.477 1.0000000000
62144  -50.270  -27.752  32.695 1.0000000000
132187  -22.409  -21.783  35.155 0.6250000000
66925  -31.216  -23.405  34.583 0.3750000000
67843  -32.672  -22.916  36.184 0.3750000000
66886  -32.875  -23.133  37.918 0.3750000000
66850  -33.348  -23.307  39.557 0.3750000000
67870  -46.178  -22.193  35.164 1.0000000000
139725  -46.688  -22.553  35.053 1.0000000000
66919  -47.870  -23.345  35.195 1.0000000000
62130  -50.547  -27.371  33.134 1.0000000000
64888  -6.350  -25.427  44.555 0.8750000000
67882  -22.330  -22.065  34.243 0.5000000000
68909  -22.291  -21.385  33.419 0.5000000000
66924  -30.211  -23.887  34.235 0.6250000000
67867  -33.449  -22.626  35.543 0.3750000000
67844  -33.575  -22.725  36.389 0.3750000000
66887  -33.826  -22.831  38.055 0.3750000000
136303  -45.135  -21.775  36.174 0.8750000000
67871  -46.618  -22.484  35.739 1.0000000000
134002  -47.076  -22.909  36.260 1.0000000000
62146  -51.676  -27.440  32.939 1.0000000000
131043  -52.017  -27.529  32.411 1.0000000000
132522  -22.335  -22.004  32.541 0.5000000000
65962  -28.768  -24.562  33.717 0.6250000000
65953  -28.810  -24.554  34.443 0.6250000000
67826  -35.317  -22.500  37.416 0.3750000000
67797  -35.842  -22.719  39.115 0.3750000000
129991  -43.804  -21.461  37.103 0.7500000000
68845  -44.409  -21.515  37.630 0.7500000000
68846  -45.131  -21.800  37.267 0.7500000000
63135  -51.805  -27.264  31.686 1.0000000000
65018  -52.032  -25.477  32.599 1.0000000000
132858  -22.628  -23.007  31.195 0.5000000000
68953  -22.814  -21.654  30.622 0.5000000000
65982  -28.429  -24.347  32.365 0.6250000000
120561  -28.386  -24.562  33.233 0.6250000000
138501  -28.414  -24.627  33.908 0.6250000000
67813  -36.408  -22.385  38.391 0.3750000000
121307  -42.867  -21.282  37.914 0.7500000000
68831  -44.371  -21.328  38.654 0.7500000000
124628  -50.904  -26.546  30.772 1.0000000000
65028  -51.841  -25.560  32.041 1.0000000000
65991  -51.860  -24.893  32.334 1.0000000000
66965  -22.817  -22.932  30.631 0.5000000000
67941  -22.992  -22.402  30.294 0.5000000000
141948  -24.998  -22.421  29.705 0.6250000000
65981  -27.874  -24.036  31.936 0.6250000000
67799  -37.575  -22.403  39.300 0.3750000000
68817  -41.295  -21.305  39.640 0.7500000000
68818  -42.896  -20.998  40.505 0.7500000000
66009  -51.514  -24.777  31.690 1.0000000000
133340  -51.745  -24.112  32.125 1.0000000000
67957  -25.255  -23.027  29.636 0.6250000000
66967  -25.898  -23.163  29.806 0.6250000000
136974  -26.857  -23.389  30.496 0.6250000000
67924  -27.086  -23.021  31.752 0.6250000000
67791  -38.762  -22.391  40.353 0.3750000000
68804  -40.475  -21.921  41.209 0.6250000000
138136  -40.905  -21.523  40.459 0.6250000000
120209  -41.910  -21.284  40.702 0.7500000000
131554  -51.813  -23.433  32.505 1.0000000000
131097  -51.953  -22.646  32.869 1.0000000000
131734  -52.212  -21.953  33.327 0.8750000000
67783  -39.863  -22.478  41.680 0.3750000000
67784  -40.642  -22.240  42.189 0.6250000000
66963  -51.603  -23.311  31.996 1.0000000000
68937  -51.881  -21.868  32.723 1.0000000000
130411  -52.372  -21.109  33.575 0.8750000000
69857  -52.473  -20.319  33.895 0.7500000000
69869  -52.250  -20.349  33.255 0.8750000000
70855  -52.355  -19.476  33.571 0.8750000000
72790  -46.815  -17.402  36.523 0.3750000000
71792  -52.233  -18.531  33.347 0.7500000000
142881  -46.233  -17.436  35.842 0.3750000000
71800  -51.956  -18.032  33.020 0.7500000000
72804  -45.082  -17.531  34.845 0.3750000000
72805  -46.010  -17.329  34.855 0.3750000000
73810  -46.759  -16.884  34.525 0.3750000000
121765  -52.298  -17.537  33.344 0.7500000000
73824  -52.710  -16.272  33.276 0.7500000000
73809  -46.230  -16.857  33.848 0.3750000000
73822  -47.013  -16.329  33.895 0.3750000000
72830  -52.194  -17.021  33.043 0.7500000000
73843  -52.374  -16.233  32.778 0.6250000000
72816  -45.245  -17.294  33.956 0.3750000000
73821  -45.597  -16.696  33.198 0.3750000000
73861  -51.720  -16.081  32.352 0.6250000000
73820  -44.226  -16.946  32.768 0.2500000000
119531  -45.037  -16.660  32.744 0.3750000000
74789  -52.458  -15.534  32.544 0.6250000000
73842  -45.595  -16.102  32.550 0.2500000000
74797  -51.000  -15.767  31.766 0.7500000000
74798  -51.837  -15.332  32.025 0.7500000000
74786  -45.319  -15.624  31.901 0.2500000000
64865  -19.993  -25.865  47.170 0.8750000000
63899  -20.412  -26.163  47.708 0.8750000000
64866  -20.978  -25.690  47.237 0.8750000000
134741  -21.020  -26.194  47.883 0.8750000000
63900  -21.730  -25.911  47.736 0.8750000000
63892  -22.426  -26.281  48.333 0.8750000000
63890  -20.416  -26.609  48.417 0.8750000000
64850  -23.392  -25.991  48.424 0.8750000000
64864  -19.034  -25.936  47.310 0.8750000000
63898  -19.590  -26.325  47.895 0.8750000000
62957  -20.829  -27.448  49.796 1.0000000000
64868  -23.580  -25.244  47.950 0.8750000000
64869  -24.499  -24.963  48.357 0.7500000000
60881  -12.716  -29.366  49.671 1.0000000000
63889  -19.211  -26.629  48.817 0.8750000000
63871  -19.945  -27.368  50.124 1.0000000000
62952  -20.668  -27.646  50.571 1.0000000000
61946  -20.867  -28.346  51.778 1.0000000000
66760  -25.785  -23.370  49.465 0.6250000000
68699  -27.418  -22.297  49.771 0.6250000000
59757  -12.004  -29.582  49.226 1.0000000000
59747  -11.814  -29.502  49.655 1.0000000000
60874  -12.554  -29.210  50.055 1.0000000000
62951  -19.922  -27.555  50.822 1.0000000000
62935  -19.992  -28.024  52.108 1.0000000000
60850  -21.132  -30.290  52.960 1.0000000000
68707  -27.177  -21.907  48.666 0.6250000000
69723  -26.759  -20.951  48.652 0.6250000000
59756  -11.202  -29.817  49.338 1.0000000000
60873  -11.547  -29.420  50.005 1.0000000000
131813  -12.815  -28.512  50.544 1.0000000000
60865  -13.386  -28.680  50.605 1.0000000000
61928  -20.060  -28.942  53.384 1.0000000000
60849  -20.265  -29.956  53.643 1.0000000000
68717  -26.732  -21.657  47.998 0.6250000000
71678  -25.312  -18.860  47.660 0.6250000000
71684  -24.768  -18.583  46.864 0.6250000000
126693  -24.395  -18.288  46.187 0.6250000000
59755  -10.416  -30.133  49.586 1.0000000000
140220  -14.226  -27.570  51.860 1.0000000000
61927  -19.079  -28.552  53.637 1.0000000000
60848  -19.371  -29.290  54.034 1.0000000000
68728  -26.244  -21.383  47.114 0.6250000000
70757  -25.505  -19.997  46.791 0.6250000000
140555  -25.122  -19.587  46.293 0.6250000000
58721  -8.923  -30.608  50.200 1.0000000000
58734  -8.554  -31.172  49.847 1.0000000000
121424  -14.211  -28.182  51.599 1.0000000000
60866  -14.903  -28.481  52.010 1.0000000000
61945  -15.258  -28.185  52.792 1.0000000000
60844  -18.677  -29.540  54.598 1.0000000000
60845  -19.302  -30.104  54.419 1.0000000000
58706  -20.127  -31.702  53.583 1.0000000000
67742  -25.711  -22.357  45.755 0.7500000000
69747  -25.732  -20.746  46.694 0.6250000000
69762  -24.841  -19.683  45.622 0.6250000000
72647  -23.800  -17.799  45.748 0.6250000000
129568  -8.343  -30.850  50.427 1.0000000000
58733  -7.903  -31.474  50.009 1.0000000000
61932  -15.477  -27.700  53.278 1.0000000000
60855  -15.793  -28.486  53.177 1.0000000000
60847  -16.484  -28.709  54.008 1.0000000000
60839  -16.840  -30.036  55.008 1.0000000000
60840  -17.339  -30.031  55.223 1.0000000000
59724  -18.307  -30.194  55.137 1.0000000000
58705  -19.482  -31.642  54.354 1.0000000000
57684  -19.734  -32.293  53.789 1.0000000000
67757  -25.222  -22.272  44.970 0.6250000000
68753  -24.824  -21.438  44.726 0.6250000000
69774  -24.547  -19.870  44.818 0.6250000000
70763  -24.485  -19.011  45.162 0.6250000000
71690  -24.297  -18.397  45.461 0.6250000000
72654  -23.698  -17.855  44.868 0.6250000000
59742  -6.185  -30.555  50.734 1.0000000000
57700  -6.463  -31.773  49.767 1.0000000000
59721  -17.558  -30.806  55.460 1.0000000000
59722  -18.273  -30.973  55.370 1.0000000000
70769  -24.255  -19.273  44.272 0.6250000000
132903  -23.976  -18.745  43.683 0.6250000000
60871  -5.492  -29.296  50.250 1.0000000000
61949  -5.442  -28.418  50.275 1.0000000000
132340  -24.272  -21.848  43.221 0.7500000000
68767  -24.429  -21.215  43.939 0.6250000000
131665  -24.008  -19.591  43.362 0.6250000000
133563  -23.819  -18.977  42.770 0.6250000000
134422  -23.698  -18.397  43.012 0.6250000000
123951  -5.425  -28.832  49.465 1.0000000000
68780  -24.017  -20.708  43.019 0.7500000000
69812  -23.757  -20.657  41.854 0.6250000000
70795  -23.749  -19.082  42.028 0.6250000000
62956  -5.473  -27.641  48.936 1.0000000000
131088  -23.670  -19.620  41.565 0.6250000000
68801  -23.707  -21.801  41.223 0.7500000000
69819  -23.572  -20.854  40.402 0.8750000000
69820  -23.584  -20.257  41.005 0.6250000000
69764  -32.794  -20.645  45.559 0.3750000000
69749  -33.319  -21.230  46.491 0.3750000000
141536  -5.733  -26.510  47.392 1.0000000000
68800  -23.623  -21.702  40.620 0.8750000000
69827  -23.429  -20.487  39.540 0.8750000000
67768  -32.237  -22.703  42.841 0.3750000000
68755  -32.507  -21.007  44.792 0.3750000000
68741  -32.950  -21.636  45.594 0.3750000000
67773  -31.948  -23.129  41.936 0.3750000000
68769  -32.383  -22.315  43.828 0.3750000000
67758  -32.708  -23.230  43.669 0.3750000000
67744  -33.180  -22.646  45.502 0.3750000000
121105  -9.955  -24.664  40.532 0.8750000000
66861  -10.487  -23.660  38.491 0.5000000000
66862  -11.556  -23.630  38.263 0.3750000000
141286  -22.618  -20.883  36.805 0.7500000000
137309  -31.325  -23.212  40.351 0.3750000000
66839  -31.610  -23.469  40.249 0.3750000000
66829  -32.245  -23.523  41.598 0.3750000000
66814  -32.509  -23.426  42.518 0.3750000000
123163  -33.059  -23.686  43.954 0.3750000000
66807  -33.176  -23.372  44.781 0.3750000000
65955  -49.179  -24.608  34.672 1.0000000000
64982  -49.468  -25.530  34.244 1.0000000000
131737  -7.853  -25.646  42.657 0.8750000000
64904  -8.737  -25.623  42.278 0.8750000000
65880  -9.156  -24.924  40.979 0.8750000000
123345  -8.935  -24.580  40.374 0.7500000000
65914  -8.667  -24.059  39.028 0.7500000000
130753  -9.802  -23.406  37.667 0.5000000000
130679  -22.470  -20.530  36.119 0.7500000000
137566  -31.269  -23.620  38.604 0.3750000000
65896  -31.777  -23.554  40.132 0.3750000000
65885  -32.604  -23.691  41.353 0.3750000000
65886  -33.179  -23.912  41.617 0.3750000000
66816  -33.231  -23.979  43.641 0.3750000000
66928  -48.537  -23.879  34.869 1.0000000000
65947  -49.676  -24.620  35.612 1.0000000000
64983  -49.932  -25.791  34.386 1.0000000000
64882  -5.949  -25.417  45.915 0.8750000000
64902  -7.122  -25.281  42.690 0.8750000000
65892  -8.199  -24.734  40.705 0.8750000000
123519  -22.389  -20.908  35.346 0.6250000000
69867  -22.270  -20.415  33.869 0.5000000000
66903  -31.257  -23.752  36.414 0.3750000000
65927  -31.232  -23.695  38.135 0.3750000000
121052  -32.095  -23.516  38.556 0.3750000000
66851  -34.303  -23.227  39.704 0.3750000000
65899  -33.813  -23.870  41.129 0.3750000000
65874  -34.252  -24.502  42.802 0.3750000000
65946  -49.149  -24.270  36.371 1.0000000000
64967  -50.049  -25.111  34.997 1.0000000000
64030  -50.369  -26.326  33.870 1.0000000000
63100  -51.382  -26.511  33.594 1.0000000000
64895  -6.679  -25.308  43.567 0.8750000000
69879  -22.305  -20.508  32.963 0.5000000000
66916  -30.212  -23.945  35.239 0.3750000000
133239  -29.139  -24.289  35.180 0.6250000000
66869  -34.947  -22.821  39.015 0.3750000000
65900  -34.913  -24.060  41.349 0.3750000000
67850  -46.587  -22.507  36.602 0.8750000000
67851  -47.341  -23.144  37.234 0.8750000000
66920  -48.546  -23.836  35.864 1.0000000000
63117  -51.800  -26.740  33.240 1.0000000000
136777  -51.863  -26.158  33.538 1.0000000000
68940  -22.481  -21.626  31.557 0.5000000000
69895  -22.710  -20.993  31.008 0.5000000000
65954  -29.448  -24.285  34.827 0.6250000000
66853  -36.167  -23.085  39.876 0.3750000000
68832  -45.147  -21.723  38.325 0.8750000000
67816  -45.906  -22.114  38.001 0.8750000000
67830  -46.627  -22.577  37.653 0.8750000000
65000  -52.105  -25.223  33.028 1.0000000000
130896  -52.116  -24.854  33.455 1.0000000000
65965  -52.151  -24.159  33.612 0.8750000000
128869  -23.326  -20.906  30.462 0.5000000000
69896  -24.151  -20.500  30.383 0.5000000000
66934  -27.811  -24.327  33.650 0.6250000000
67789  -37.037  -22.867  39.981 0.3750000000
68819  -44.241  -21.116  39.947 0.8750000000
68820  -45.187  -21.600  39.431 0.8750000000
65977  -52.007  -24.405  32.822 1.0000000000
66941  -52.068  -23.427  33.130 1.0000000000
68959  -23.430  -21.792  30.048 0.5000000000
67956  -24.207  -22.183  29.682 0.5000000000
67942  -25.689  -22.498  29.951 0.6250000000
66944  -27.377  -23.616  32.291 0.6250000000
66933  -27.352  -23.645  33.184 0.6250000000
66832  -37.775  -23.549  41.495 0.3750000000
66843  -38.221  -22.945  40.938 0.3750000000
120506  -41.892  -21.488  42.623 0.6250000000
68806  -41.997  -21.370  41.835 0.7500000000
121638  -42.803  -21.095  41.469 0.7500000000
67893  -52.405  -22.568  33.990 0.8750000000
124315  -26.312  -22.925  30.264 0.6250000000
66953  -26.805  -22.833  30.962 0.6250000000
66823  -38.175  -23.843  42.351 0.3750000000
66834  -39.306  -23.021  42.158 0.3750000000
67775  -40.555  -22.511  42.942 0.6250000000
67776  -41.158  -22.042  42.931 0.6250000000
72721  -47.608  -17.844  39.151 0.3750000000
67906  -52.191  -22.741  33.393 0.8750000000
66824  -39.486  -23.330  43.158 0.5000000000
66819  -40.243  -22.702  43.922 0.6250000000
67770  -41.095  -21.922  43.588 0.6250000000
72741  -47.426  -17.623  38.754 0.3750000000
72742  -47.982  -17.573  38.429 0.3750000000
129774  -52.473  -21.801  34.105 0.8750000000
68877  -52.481  -21.062  34.365 0.7500000000
72681  -41.196  -18.252  40.805 0.3750000000
131796  -46.626  -17.480  37.362 0.3750000000
72774  -47.323  -17.380  37.169 0.3750000000
72791  -47.627  -17.147  36.469 0.3750000000
71788  -52.540  -18.497  34.078 0.7500000000
73792  -46.997  -17.128  35.496 0.3750000000
120660  -47.927  -16.684  35.593 0.3750000000
128022  -52.616  -17.517  33.857 0.7500000000
136996  -47.448  -16.544  34.711 0.3750000000
140626  -48.112  -16.160  34.845 0.3750000000
72817  -52.685  -16.760  33.583 0.7500000000
73825  -53.101  -15.927  33.847 0.7500000000
74763  -48.490  -15.429  34.475 0.3750000000
74773  -46.457  -15.994  33.125 0.3750000000
73823  -47.687  -15.810  34.140 0.3750000000
74777  -52.995  -15.540  33.245 0.6250000000
74788  -47.086  -15.069  32.926 0.2500000000
74775  -47.853  -14.994  33.556 0.5000000000
74776  -48.510  -14.706  33.890 0.5000000000
75710  -52.971  -14.951  32.848 0.6250000000
75709  -52.485  -14.906  32.277 0.7500000000
74787  -46.217  -15.217  32.362 0.2500000000
75696  -48.256  -14.371  33.378 0.3750000000
75697  -48.822  -14.195  33.693 0.5000000000
141309  -52.877  -14.521  32.530 0.7500000000
73859  -44.497  -15.915  31.551 0.2500000000
75707  -47.710  -14.271  32.841 0.2500000000
75708  -48.439  -13.871  33.061 0.3750000000
74808  -51.169  -14.981  31.406 0.6250000000
75716  -51.967  -14.634  31.710 0.6250000000
75726  -52.096  -13.906  31.403 0.8750000000
75705  -46.357  -14.550  31.949 0.2500000000
64867  -22.590  -25.515  47.608 0.7500000000
64875  -18.551  -25.377  46.829 0.8750000000
64876  -19.486  -25.302  46.692 0.8750000000
64878  -21.329  -25.042  46.652 0.7500000000
126003  -21.776  -25.418  47.166 0.8750000000
64879  -22.154  -24.918  46.900 0.7500000000
65815  -15.930  -25.296  47.467 0.8750000000
64873  -16.840  -25.366  47.245 0.8750000000
64874  -17.667  -25.408  47.012 0.8750000000
63897  -18.612  -26.284  48.103 0.8750000000
63888  -18.205  -26.444  48.898 0.8750000000
65816  -22.982  -24.764  47.305 0.6250000000
66766  -24.580  -24.022  48.221 0.7500000000
66759  -25.275  -23.624  48.855 0.6250000000
60864  -12.269  -28.996  50.295 1.0000000000
134802  -15.271  -25.464  48.203 0.8750000000
64848  -16.936  -25.902  48.679 0.8750000000
63878  -17.362  -26.247  49.167 0.8750000000
141037  -18.600  -26.648  49.329 0.8750000000
63870  -19.202  -27.267  50.678 1.0000000000
67708  -25.061  -22.738  49.192 0.6250000000
67700  -25.922  -22.791  49.995 0.6250000000
67693  -26.366  -22.405  50.404 0.6250000000
67694  -26.842  -22.345  50.419 0.6250000000
134131  -27.178  -21.205  50.407 0.6250000000
69712  -27.355  -21.611  49.924 0.6250000000
69711  -27.000  -20.766  49.584 0.6250000000
70718  -26.470  -20.003  48.885 0.6250000000
61941  -10.858  -28.831  50.363 1.0000000000
60863  -11.206  -29.169  50.236 1.0000000000
64846  -15.573  -25.639  48.897 0.8750000000
64834  -15.484  -25.824  49.719 0.8750000000
64836  -16.625  -26.044  49.517 0.8750000000
137829  -17.070  -26.287  49.937 0.8750000000
63858  -18.623  -27.198  51.281 1.0000000000
62934  -19.078  -27.735  52.430 1.0000000000
61934  -19.586  -28.285  52.904 1.0000000000
68698  -25.552  -21.953  50.433 0.6250000000
68690  -26.356  -21.820  50.805 0.6250000000
120695  -26.928  -20.160  50.187 0.6250000000
71677  -24.797  -18.393  47.438 0.6250000000
60872  -10.553  -29.587  50.100 1.0000000000
62950  -13.211  -27.497  50.864 1.0000000000
64824  -15.753  -26.056  50.480 0.8750000000
63868  -16.417  -26.375  51.397 1.0000000000
63856  -16.971  -26.661  51.943 1.0000000000
62941  -18.443  -27.302  52.027 1.0000000000
60861  -9.235  -29.363  50.691 1.0000000000
132662  -13.900  -27.263  51.529 1.0000000000
63852  -14.209  -26.756  51.555 1.0000000000
63854  -15.310  -26.512  52.089 1.0000000000
63855  -16.272  -26.568  52.273 1.0000000000
62933  -17.611  -27.505  53.357 1.0000000000
62927  -18.110  -28.154  53.887 1.0000000000
131399  -24.152  -17.988  46.175 0.6250000000
59735  -8.264  -29.941  51.224 1.0000000000
61944  -14.829  -27.575  52.534 1.0000000000
63845  -16.054  -26.803  52.987 1.0000000000
136442  -17.046  -27.082  53.082 1.0000000000
62920  -17.174  -27.909  53.966 1.0000000000
61922  -18.468  -28.871  54.299 1.0000000000
60860  -7.753  -29.580  51.769 1.0000000000
63843  -14.936  -26.902  52.627 1.0000000000
62932  -15.403  -27.211  53.154 1.0000000000
61926  -15.990  -27.655  53.693 1.0000000000
61919  -16.646  -28.571  54.101 1.0000000000
60843  -17.851  -29.373  54.844 1.0000000000
72662  -23.168  -17.526  44.444 0.6250000000
60859  -6.109  -29.555  51.912 1.0000000000
72664  -23.840  -18.118  44.023 0.6250000000
72663  -23.471  -17.764  43.829 0.6250000000
133540  -5.585  -29.084  51.247 1.0000000000
72670  -23.595  -18.166  42.316 0.6250000000
73713  -23.249  -17.681  42.857 0.6250000000
72677  -23.591  -18.232  41.648 0.6250000000
73724  -23.124  -17.294  40.863 0.6250000000
71685  -33.071  -19.342  46.273 0.3750000000
71686  -33.423  -18.757  47.060 0.3750000000
63872  -5.460  -26.986  49.470 1.0000000000
70809  -23.590  -19.364  40.833 0.6250000000
71717  -23.639  -18.768  41.365 0.6250000000
72689  -23.571  -18.199  40.917 0.6250000000
72688  -23.434  -17.740  40.506 0.6250000000
70758  -32.672  -19.712  45.487 0.3750000000
70746  -33.194  -20.286  46.399 0.3750000000
70747  -33.567  -20.001  47.412 0.3750000000
127602  -5.553  -26.549  48.233 1.0000000000
63887  -5.515  -27.063  48.570 1.0000000000
71750  -23.546  -18.655  39.909 0.7500000000
71733  -23.540  -18.137  40.174 0.6250000000
69750  -33.646  -20.882  47.396 0.3750000000
127487  -5.529  -25.748  48.400 1.0000000000
70822  -23.498  -19.407  39.711 0.7500000000
68768  -32.208  -21.296  44.023 0.3750000000
68729  -33.827  -21.708  47.483 0.3750000000
127224  -5.600  -25.562  47.528 1.0000000000
69834  -23.334  -19.659  38.903 0.6250000000
68781  -31.870  -21.523  43.036 0.3750000000
135934  -31.569  -20.538  42.705 0.3750000000
67731  -33.484  -22.144  46.539 0.3750000000
67732  -33.704  -22.879  46.536 0.3750000000
67720  -33.989  -22.401  47.387 0.3750000000
131198  -5.695  -25.274  46.860 0.8750000000
69842  -23.015  -19.819  37.990 0.7500000000
70838  -22.961  -19.064  37.436 0.6250000000
136617  -22.710  -19.177  36.647 0.6250000000
67780  -31.275  -22.542  40.826 0.3750000000
123886  -34.034  -23.398  46.363 0.3750000000
65913  -7.635  -24.014  38.989 0.8750000000
66860  -9.261  -23.763  38.323 0.6250000000
138618  -9.237  -23.306  37.029 0.5000000000
70844  -22.491  -19.678  35.990 0.6250000000
70849  -22.312  -19.678  35.215 0.5000000000
67788  -31.149  -23.369  39.782 0.3750000000
67796  -30.750  -23.264  39.313 0.3750000000
129659  -30.826  -22.507  39.929 0.3750000000
65844  -34.044  -24.229  45.116 0.3750000000
65868  -6.517  -24.694  42.770 0.8750000000
65879  -6.884  -24.405  41.164 0.8750000000
65903  -8.143  -24.340  39.846 0.8750000000
66877  -8.777  -23.639  37.498 0.5000000000
130472  -22.347  -20.226  35.477 0.6250000000
70853  -22.258  -19.482  34.350 0.5000000000
65918  -30.722  -23.613  38.234 0.3750000000
67810  -30.523  -23.402  38.635 0.3750000000
132573  -30.451  -22.711  39.038 0.3750000000
64968  -50.379  -25.140  35.031 1.0000000000
64017  -51.221  -25.705  34.375 1.0000000000
64969  -51.111  -25.278  35.045 1.0000000000
64887  -6.079  -25.121  44.975 0.8750000000
64894  -6.208  -24.903  43.898 0.8750000000
66875  -7.263  -23.699  37.389 0.7500000000
70857  -22.309  -19.624  33.216 0.5000000000
70868  -22.494  -19.382  32.287 0.5000000000
124023  -30.554  -23.810  37.166 0.3750000000
120391  -29.629  -23.996  35.889 0.5000000000
140569  -36.160  -24.700  42.830 0.3750000000
139335  -34.791  -24.432  42.130 0.3750000000
67818  -47.463  -23.022  39.108 0.8750000000
66889  -48.511  -23.908  37.753 1.0000000000
64032  -51.598  -25.945  33.979 1.0000000000
64970  -51.649  -25.361  34.377 1.0000000000
65948  -51.741  -24.714  34.961 1.0000000000
142680  -22.385  -20.003  32.521 0.5000000000
70878  -22.854  -19.406  31.567 0.5000000000
70879  -23.533  -19.529  31.067 0.5000000000
138303  -28.974  -24.163  35.519 0.6250000000
65889  -36.519  -24.329  41.989 0.3750000000
136536  -44.904  -21.183  40.884 0.7500000000
67801  -46.491  -22.344  39.718 0.8750000000
67817  -46.717  -22.619  38.870 0.8750000000
64984  -51.967  -25.492  33.654 1.0000000000
65957  -52.025  -24.827  34.105 1.0000000000
122624  -52.145  -24.064  34.380 0.8750000000
69887  -22.915  -20.213  31.110 0.5000000000
70888  -23.602  -20.171  30.707 0.5000000000
67884  -27.662  -23.441  34.893 0.6250000000
65952  -28.047  -24.356  34.517 0.6250000000
65890  -37.363  -24.100  42.123 0.3750000000
68794  -43.350  -20.929  41.897 0.6250000000
68808  -44.600  -21.189  40.856 0.7500000000
143070  -45.881  -21.998  39.914 0.8750000000
66929  -52.270  -23.339  33.826 0.8750000000
67853  -52.301  -22.472  34.925 0.6250000000
122691  -24.822  -20.869  30.279 0.5000000000
67943  -26.207  -22.002  30.631 0.6250000000
68942  -26.511  -21.307  31.408 0.6250000000
67910  -27.175  -22.745  32.535 0.6250000000
66923  -27.407  -23.627  34.057 0.6250000000
68776  -42.068  -21.159  43.358 0.5000000000
68783  -42.368  -21.182  42.913 0.6250000000
68807  -43.746  -21.039  41.035 0.8750000000
70815  -46.605  -18.939  40.693 0.5000000000
70816  -47.222  -19.361  40.363 0.5000000000
128638  -48.288  -19.329  39.459 0.5000000000
70826  -48.611  -19.036  39.005 0.5000000000
70871  -8.395  -19.109  31.846 0.1250000000
67923  -26.862  -22.251  31.566 0.6250000000
128840  -38.851  -23.531  42.524 0.3750000000
66817  -39.177  -23.511  44.094 0.5000000000
69781  -40.974  -21.200  43.971 0.3750000000
68775  -41.504  -21.450  43.567 0.5000000000
68782  -41.702  -21.522  43.184 0.6250000000
71743  -45.837  -18.156  40.535 0.5000000000
138891  -46.967  -18.444  40.131 0.3750000000
70824  -47.469  -18.415  39.744 0.3750000000
71763  -48.207  -17.803  38.700 0.3750000000
68876  -52.213  -21.076  35.235 0.5000000000
67763  -39.797  -22.437  44.504 0.3750000000
68761  -39.517  -22.162  44.649 0.3750000000
68762  -40.227  -21.795  44.327 0.5000000000
67765  -40.974  -21.630  43.926 0.5000000000
72682  -42.156  -18.122  41.019 0.5000000000
71727  -44.261  -18.535  41.808 0.6250000000
69852  -51.893  -20.322  35.680 0.5000000000
71803  -7.766  -18.417  31.428 0.1250000000
139348  -41.094  -18.615  41.592 0.3750000000
71724  -41.816  -18.480  41.682 0.5000000000
72760  -48.415  -17.307  37.706 0.3750000000
73772  -48.012  -17.261  37.338 0.3750000000
70850  -52.143  -19.459  35.355 0.3750000000
71783  -52.390  -18.513  35.017 0.7500000000
71723  -40.452  -18.518  41.066 0.3750000000
72775  -48.731  -16.966  37.008 0.3750000000
73793  -49.080  -16.444  36.217 0.3750000000
129274  -48.435  -16.825  36.426 0.3750000000
134051  -51.352  -17.718  36.200 0.3750000000
134029  -52.106  -17.578  35.564 0.3750000000
73811  -48.754  -16.184  35.481 0.3750000000
73795  -51.683  -15.979  35.838 0.3750000000
72792  -52.416  -16.449  35.362 0.5000000000
72806  -52.890  -16.459  34.400 0.7500000000
73743  -38.086  -17.132  38.056 0.1250000000
74751  -49.477  -15.861  35.707 0.3750000000
142529  -52.797  -15.323  35.026 0.5000000000
74752  -49.990  -15.544  35.762 0.3750000000
137307  -49.181  -15.493  35.092 0.3750000000
74755  -52.771  -14.885  35.021 0.5000000000
74764  -49.747  -15.166  35.282 0.3750000000
137902  -49.182  -14.751  34.497 0.3750000000
75688  -53.250  -14.339  34.179 0.5000000000
75698  -49.518  -13.997  34.138 0.3750000000
75699  -53.268  -14.703  33.555 0.6250000000
127604  -53.206  -14.304  33.048 0.7500000000
76638  -49.812  -13.391  33.787 0.5000000000
75717  -53.005  -13.954  32.442 0.8750000000
75706  -46.915  -14.468  32.370 0.2500000000
76644  -47.329  -13.776  32.155 0.2500000000
77589  -49.380  -13.064  33.062 0.3750000000
76656  -52.674  -13.582  31.760 0.7500000000
75715  -46.720  -14.055  31.857 0.2500000000
76655  -47.712  -13.114  31.888 0.3750000000
76666  -52.275  -13.106  31.061 0.6250000000
77625  -52.503  -12.289  30.644 0.6250000000
76654  -46.763  -13.329  31.278 0.2500000000
77633  -52.379  -11.858  29.835 0.6250000000
65827  -19.910  -24.661  46.109 0.8750000000
64877  -20.437  -25.190  46.626 0.7500000000
65828  -20.773  -24.537  46.168 0.7500000000
65830  -22.571  -24.214  46.787 0.6250000000
65838  -17.513  -24.254  45.677 0.8750000000
65825  -18.061  -24.837  46.292 0.8750000000
65840  -19.382  -24.140  45.585 0.7500000000
66775  -21.399  -23.491  46.027 0.7500000000
65829  -21.633  -24.297  46.345 0.7500000000
66776  -22.211  -23.511  46.503 0.6250000000
66777  -23.044  -23.445  47.012 0.6250000000
67717  -24.532  -23.134  48.394 0.6250000000
64845  -14.906  -25.666  49.044 0.8750000000
66788  -16.970  -23.617  45.060 0.8750000000
66805  -17.459  -22.871  44.572 0.7500000000
142750  -19.180  -23.068  44.901 0.7500000000
66792  -20.567  -23.316  45.533 0.7500000000
68739  -21.383  -22.138  46.199 0.6250000000
67727  -22.665  -22.718  46.891 0.6250000000
67728  -23.400  -22.675  47.523 0.6250000000
67715  -23.615  -21.893  48.318 0.6250000000
67707  -24.383  -21.867  49.287 0.6250000000
71671  -25.589  -18.799  48.495 0.6250000000
61951  -10.480  -28.395  50.419 1.0000000000
62949  -12.278  -27.686  50.461 1.0000000000
64833  -14.695  -25.894  49.903 0.8750000000
66806  -18.460  -22.996  44.687 0.7500000000
120621  -19.829  -22.008  45.034 0.7500000000
68738  -20.297  -21.477  45.581 0.7500000000
68726  -21.458  -21.361  46.667 0.6250000000
68727  -22.206  -21.902  46.952 0.6250000000
68705  -23.106  -21.097  48.661 0.6250000000
68683  -26.796  -21.286  51.000 0.6250000000
132411  -26.626  -19.835  49.501 0.6250000000
71670  -25.076  -18.390  48.093 0.6250000000
72639  -24.367  -18.141  46.878 0.6250000000
61940  -9.786  -28.905  50.571 1.0000000000
62947  -10.116  -27.780  50.329 1.0000000000
63864  -12.845  -27.028  50.472 0.8750000000
63851  -13.642  -26.879  50.985 0.8750000000
63865  -14.099  -26.465  50.818 0.8750000000
64823  -15.175  -26.073  50.557 0.8750000000
63867  -15.503  -26.235  51.217 1.0000000000
69760  -19.034  -21.016  45.227 0.7500000000
69745  -19.819  -20.788  45.809 0.7500000000
69732  -20.908  -20.223  47.368 0.6250000000
68715  -22.006  -21.073  47.452 0.6250000000
121525  -23.990  -21.228  49.805 0.6250000000
68681  -25.441  -21.388  51.043 0.6250000000
139629  -26.517  -20.778  51.388 0.6250000000
70682  -26.511  -20.109  51.497 0.6250000000
70705  -25.822  -18.704  49.189 0.6250000000
72653  -23.259  -17.555  45.282 0.6250000000
128734  -8.550  -28.527  51.320 1.0000000000
134553  -14.549  -26.455  51.291 1.0000000000
63866  -14.980  -26.309  51.323 1.0000000000
69719  -21.138  -19.925  48.365 0.6250000000
70715  -20.929  -19.641  49.210 0.6250000000
69700  -22.202  -19.977  50.356 0.6250000000
69692  -23.066  -20.209  51.601 0.5000000000
69686  -24.160  -20.238  52.407 0.5000000000
70667  -25.361  -19.698  52.657 0.5000000000
71653  -25.795  -19.125  52.332 0.5000000000
72625  -25.324  -18.414  48.724 0.6250000000
72631  -24.564  -18.080  47.728 0.6250000000
72638  -23.910  -17.803  46.490 0.5000000000
72646  -23.338  -17.528  46.075 0.5000000000
73699  -22.623  -17.246  44.851 0.5000000000
130837  -22.614  -17.219  44.130 0.5000000000
60854  -7.874  -29.166  51.842 1.0000000000
63853  -14.712  -26.617  51.934 1.0000000000
70704  -21.506  -19.741  49.835 0.6250000000
70692  -22.285  -19.881  51.265 0.5000000000
70680  -23.240  -20.064  52.370 0.5000000000
71652  -25.106  -19.051  53.050 0.5000000000
72605  -24.935  -17.545  51.867 0.5000000000
72623  -24.257  -17.575  49.096 0.5000000000
72624  -24.828  -18.019  48.637 0.5000000000
131757  -24.039  -17.800  47.294 0.5000000000
72637  -23.414  -17.514  46.891 0.5000000000
73692  -22.631  -17.201  45.641 0.5000000000
73706  -22.134  -16.928  43.346 0.5000000000
60853  -7.264  -29.153  52.419 1.0000000000
70663  -21.610  -19.510  52.431 0.5000000000
134474  -23.066  -19.812  52.897 0.5000000000
70652  -24.194  -19.425  53.361 0.5000000000
72595  -24.868  -17.913  52.982 0.5000000000
73665  -22.799  -16.880  48.424 0.5000000000
73666  -23.603  -17.310  48.724 0.5000000000
73676  -22.745  -17.091  47.383 0.5000000000
73682  -21.808  -16.642  46.022 0.5000000000
73691  -21.923  -16.808  45.141 0.5000000000
74697  -21.280  -16.402  42.757 0.5000000000
62929  -5.686  -27.986  52.601 1.0000000000
63841  -5.535  -26.956  52.434 1.0000000000
73658  -22.438  -16.348  49.299 0.3750000000
134782  -22.013  -16.572  47.901 0.3750000000
73675  -21.973  -16.637  46.968 0.5000000000
74677  -21.241  -16.430  44.581 0.3750000000
73707  -22.951  -17.415  43.548 0.6250000000
74709  -20.858  -15.795  41.150 0.1250000000
62936  -5.493  -27.500  51.714 1.0000000000
64816  -5.443  -25.651  51.520 1.0000000000
74633  -21.381  -15.819  48.473 0.3750000000
74644  -21.297  -16.109  47.516 0.3750000000
74652  -20.376  -15.513  46.372 0.3750000000
74663  -20.380  -15.720  45.550 0.3750000000
74676  -20.504  -15.917  44.781 0.3750000000
73712  -22.708  -17.252  42.562 0.6250000000
73717  -21.781  -16.450  41.239 0.5000000000
127492  -5.473  -27.603  50.745 1.0000000000
63848  -5.490  -26.680  51.225 1.0000000000
63859  -5.480  -26.614  50.282 1.0000000000
64819  -5.490  -25.308  50.713 1.0000000000
74643  -20.808  -15.501  47.929 0.3750000000
126743  -20.628  -15.559  47.188 0.3750000000
74662  -19.708  -14.911  45.826 0.2500000000
74675  -19.778  -15.286  44.957 0.2500000000
74686  -19.935  -15.458  44.181 0.2500000000
73719  -23.149  -17.522  41.886 0.6250000000
137439  -5.481  -26.172  49.927 1.0000000000
123828  -5.507  -25.515  49.553 1.0000000000
75562  -19.753  -14.165  47.352 0.3750000000
126155  -19.208  -14.083  45.775 0.2500000000
75577  -19.262  -14.428  45.090 0.2500000000
75583  -19.378  -14.723  44.302 0.2500000000
134292  -23.200  -17.304  40.069 0.6250000000
128479  -22.875  -16.813  39.749 0.5000000000
71691  -32.606  -18.842  45.440 0.3750000000
139929  -32.964  -18.570  46.112 0.3750000000
64826  -5.469  -26.392  48.974 1.0000000000
65797  -5.568  -24.679  49.120 1.0000000000
76519  -18.807  -13.435  45.218 0.2500000000
72705  -23.418  -17.655  39.744 0.6250000000
72725  -23.422  -17.518  38.962 0.5000000000
69777  -32.384  -20.088  44.740 0.3750000000
70765  -32.295  -19.210  44.671 0.3750000000
70764  -32.012  -18.764  43.917 0.3750000000
66762  -5.697  -24.170  48.266 1.0000000000
67703  -5.908  -23.316  48.838 1.0000000000
71749  -23.536  -18.104  39.458 0.6250000000
71761  -23.482  -18.100  38.654 0.6250000000
72750  -23.338  -17.335  37.994 0.5000000000
69785  -31.835  -20.511  43.469 0.3750000000
70778  -31.586  -19.755  42.902 0.3750000000
135681  -5.578  -25.005  48.091 0.8750000000
65803  -5.648  -24.828  47.451 0.8750000000
133211  -5.789  -24.189  47.367 0.8750000000
67711  -5.972  -23.531  47.920 1.0000000000
70830  -23.295  -18.915  38.344 0.6250000000
73748  -23.111  -16.557  37.633 0.5000000000
69799  -31.310  -20.034  42.008 0.3750000000
135693  -5.739  -24.676  46.922 0.8750000000
71774  -22.946  -18.394  36.851 0.5000000000
120581  -23.180  -17.530  37.099 0.2500000000
130812  -5.842  -25.162  46.211 0.8750000000
132647  -5.832  -24.718  46.345 0.8750000000
71779  -22.633  -18.795  35.965 0.2500000000
141714  -30.510  -21.824  39.305 0.5000000000
134833  -34.276  -23.879  45.808 0.3750000000
65833  -5.976  -24.834  45.443 0.8750000000
129770  -6.481  -24.329  41.810 0.8750000000
122901  -7.336  -24.376  40.425 0.8750000000
65902  -7.324  -24.096  39.659 0.8750000000
66894  -7.424  -23.507  36.577 0.3750000000
66910  -8.108  -23.185  35.979 0.3750000000
71785  -22.366  -18.404  34.494 0.5000000000
71790  -22.390  -18.204  33.633 0.3750000000
67823  -29.658  -23.201  37.545 0.5000000000
67809  -30.013  -22.950  38.320 0.3750000000
65853  -35.403  -24.627  44.767 0.3750000000
65921  -48.813  -23.817  37.900 0.8750000000
65937  -49.565  -24.205  36.828 1.0000000000
64953  -50.603  -24.755  35.771 1.0000000000
65848  -6.037  -24.557  44.365 0.8750000000
65856  -6.112  -24.317  43.285 0.8750000000
137686  -6.838  -24.066  40.565 0.8750000000
66845  -6.739  -23.512  39.377 0.8750000000
66858  -7.169  -23.754  38.235 0.8750000000
125229  -6.787  -23.434  36.886 0.7500000000
131574  -22.308  -18.879  33.701 0.5000000000
71796  -22.446  -18.643  32.856 0.5000000000
65863  -35.704  -24.819  43.814 0.3750000000
129773  -48.346  -23.576  38.443 0.8750000000
66870  -48.761  -23.522  38.380 0.8750000000
65922  -49.260  -23.678  37.978 0.8750000000
65930  -50.267  -24.008  37.005 0.8750000000
64954  -51.221  -24.739  35.633 0.8750000000
66820  -5.964  -23.648  42.707 0.8750000000
71809  -22.741  -18.672  31.954 0.3750000000
126556  -23.416  -18.768  31.450 0.5000000000
67841  -28.771  -22.813  36.259 0.6250000000
140428  -36.938  -24.482  42.748 0.3750000000
68796  -44.827  -21.033  41.104 0.7500000000
67785  -45.516  -21.433  40.600 0.8750000000
67802  -46.761  -22.326  39.921 0.7500000000
67803  -47.434  -22.671  39.564 0.8750000000
66855  -48.496  -23.238  38.851 0.7500000000
66871  -49.034  -23.315  38.603 0.7500000000
66872  -49.498  -23.325  38.214 0.7500000000
66891  -50.707  -23.654  36.918 0.8750000000
65940  -51.577  -24.168  35.656 0.8750000000
70889  -24.259  -19.802  30.741 0.5000000000
67883  -27.408  -22.648  34.316 0.6250000000
65876  -37.729  -24.314  43.162 0.3750000000
68785  -43.538  -20.784  42.021 0.6250000000
68786  -44.157  -20.753  41.607 0.6250000000
141235  -45.129  -20.988  41.195 0.6250000000
69815  -46.315  -21.296  40.895 0.6250000000
68811  -46.957  -21.749  40.453 0.7500000000
133622  -48.312  -22.294  39.572 0.7500000000
68822  -48.755  -21.773  39.301 0.6250000000
129893  -49.207  -22.220  38.881 0.7500000000
67832  -50.584  -23.034  37.352 0.7500000000
67833  -51.186  -22.995  36.607 0.7500000000
67852  -51.734  -22.775  35.829 0.6250000000
69897  -24.932  -20.211  30.601 0.5000000000
68941  -25.693  -20.873  30.731 0.6250000000
67898  -27.255  -22.795  33.511 0.6250000000
65866  -38.410  -23.930  44.247 0.3750000000
69793  -42.187  -20.719  43.411 0.5000000000
68777  -42.647  -20.860  43.058 0.5000000000
69794  -43.205  -20.606  42.668 0.6250000000
69807  -43.928  -20.429  42.257 0.6250000000
69808  -44.747  -20.594  41.587 0.6250000000
69814  -45.698  -20.699  41.312 0.6250000000
136174  -46.392  -20.550  41.093 0.6250000000
69822  -47.003  -20.731  40.697 0.6250000000
69830  -48.163  -20.077  39.764 0.6250000000
69831  -48.646  -20.358  39.264 0.6250000000
69838  -49.618  -20.869  38.235 0.5000000000
68860  -50.829  -21.315  36.784 0.6250000000
138909  -51.373  -21.791  36.274 0.6250000000
68861  -51.915  -21.892  35.611 0.6250000000
128942  -7.963  -19.669  32.340 0.1250000000
69872  -8.294  -20.305  32.774 0.1250000000
68928  -27.024  -21.680  32.212 0.6250000000
67762  -39.164  -22.649  44.718 0.3750000000
68774  -38.620  -21.526  44.467 0.3750000000
69791  -40.973  -20.750  43.852 0.5000000000
69792  -41.576  -20.703  43.674 0.3750000000
70773  -42.172  -20.151  43.471 0.5000000000
70787  -42.676  -19.540  43.075 0.5000000000
139729  -43.719  -19.715  42.800 0.6250000000
71714  -43.855  -19.139  42.543 0.7500000000
71715  -44.517  -19.132  42.197 0.7500000000
71729  -45.928  -18.718  41.030 0.5000000000
69837  -49.226  -19.852  38.549 0.5000000000
69844  -49.833  -20.073  37.806 0.5000000000
124671  -51.614  -21.135  36.004 0.3750000000
70862  -7.348  -19.134  32.032 0.1250000000
138142  -7.350  -19.623  32.386 0.1250000000
69789  -39.198  -20.875  43.945 0.3750000000
69806  -39.742  -20.332  43.428 0.5000000000
69790  -40.466  -20.508  43.686 0.3750000000
70772  -41.265  -20.101  43.462 0.3750000000
70786  -41.851  -19.484  42.993 0.5000000000
71713  -43.126  -18.930  42.591 0.6250000000
71764  -48.733  -17.821  38.344 0.3750000000
70841  -50.219  -19.299  37.346 0.3750000000
70846  -50.785  -19.592  36.739 0.3750000000
70783  -38.658  -19.715  42.296 0.5000000000
70784  -39.498  -19.760  42.650 0.5000000000
120948  -39.924  -19.366  42.160 0.3750000000
71710  -40.598  -19.069  42.045 0.5000000000
71711  -41.446  -18.937  42.307 0.5000000000
71712  -42.285  -18.888  42.479 0.5000000000
72743  -48.509  -17.475  38.073 0.3750000000
132667  -49.122  -17.410  37.777 0.3750000000
71776  -50.724  -18.471  36.747 0.3750000000
70847  -51.460  -19.479  36.151 0.3750000000
71782  -51.750  -18.543  35.857 0.3750000000
72833  -7.638  -17.561  31.074 0.1250000000
71720  -38.247  -18.679  40.655 0.3750000000
71721  -39.057  -18.754  40.975 0.3750000000
72761  -48.939  -17.154  37.498 0.3750000000
72762  -49.745  -16.981  37.091 0.3750000000
72776  -50.595  -17.248  36.646 0.3750000000
72693  -38.042  -17.818  39.400 0.1250000000
72694  -38.490  -17.988  39.713 0.1250000000
73758  -49.306  -16.854  36.994 0.3750000000
72777  -51.510  -16.830  36.026 0.3750000000
72710  -37.880  -17.559  38.995 0.1250000000
73773  -49.282  -16.678  36.701 0.3750000000
73774  -49.906  -16.340  36.443 0.3750000000
72731  -38.016  -17.361  38.549 0.1250000000
73794  -49.723  -16.129  36.140 0.3750000000
74736  -50.421  -15.597  35.888 0.3750000000
73796  -52.315  -15.417  35.429 0.3750000000
74754  -51.970  -14.785  35.452 0.3750000000
73753  -37.367  -16.783  37.486 0.1250000000
73767  -36.913  -16.422  36.797 0.1250000000
75670  -50.412  -14.957  35.480 0.3750000000
74753  -51.144  -14.830  35.585 0.3750000000
75672  -52.383  -14.318  35.116 0.6250000000
75687  -52.954  -14.327  34.690 0.5000000000
75686  -50.938  -14.226  35.176 0.3750000000
76609  -51.620  -13.911  35.089 0.5000000000
76630  -53.075  -13.750  34.406 0.5000000000
75685  -50.030  -14.466  34.873 0.3750000000
76626  -50.342  -13.793  34.505 0.3750000000
77580  -51.448  -13.006  34.446 0.5000000000
76640  -53.311  -13.992  33.770 0.6250000000
76647  -53.325  -13.484  33.141 0.6250000000
76639  -50.616  -13.191  34.142 0.5000000000
76646  -48.719  -13.300  32.749 0.3750000000
77590  -50.093  -12.819  33.441 0.3750000000
77591  -50.892  -12.598  33.812 0.5000000000
77614  -52.801  -12.751  31.437 0.7500000000
77626  -52.972  -11.837  30.941 0.8750000000
77600  -48.357  -12.928  32.214 0.3750000000
77602  -49.642  -12.483  32.736 0.3750000000
77634  -52.775  -11.639  30.202 0.7500000000
77612  -47.497  -12.533  31.310 0.2500000000
78539  -53.194  -11.142  30.073 0.6250000000
122387  -53.455  -10.569  29.295 0.3750000000
65821  -13.851  -24.309  46.116 0.8750000000
65835  -14.659  -24.064  45.728 0.8750000000
65836  -15.538  -24.016  45.634 0.8750000000
65813  -13.879  -24.979  46.974 0.8750000000
65823  -15.503  -24.720  46.373 0.8750000000
65837  -16.441  -24.325  45.819 0.8750000000
66787  -15.991  -23.534  45.160 0.8750000000
64859  -14.278  -25.449  48.136 0.8750000000
65814  -14.920  -25.137  47.257 0.8750000000
66804  -16.432  -22.932  44.652 0.7500000000
69696  -26.901  -20.532  50.930 0.6250000000
63874  -10.417  -26.502  49.553 1.0000000000
64831  -12.028  -26.220  49.175 1.0000000000
121690  -13.034  -26.219  49.552 0.8750000000
124923  -14.108  -25.768  49.195 0.8750000000
69773  -18.206  -20.992  44.900 0.7500000000
69744  -19.102  -20.133  46.064 0.7500000000
70693  -26.689  -19.648  50.743 0.6250000000
62946  -9.259  -27.603  50.662 1.0000000000
63861  -9.690  -26.936  50.131 1.0000000000
63877  -13.393  -26.515  50.304 0.8750000000
64832  -13.936  -26.088  49.995 0.8750000000
141861  -19.323  -19.777  46.718 0.6250000000
71666  -26.390  -18.937  50.516 0.6250000000
70706  -26.474  -19.210  49.834 0.6250000000
62931  -8.003  -28.287  51.856 1.0000000000
63860  -8.758  -26.889  50.767 1.0000000000
140553  -20.440  -19.589  48.623 0.6250000000
70703  -20.688  -19.457  50.071 0.6250000000
137130  -25.868  -18.570  51.624 0.5000000000
127291  -25.971  -18.470  50.786 0.6250000000
71665  -25.978  -18.524  49.915 0.6250000000
62930  -7.486  -28.093  52.514 1.0000000000
62937  -7.690  -27.372  52.201 1.0000000000
63849  -7.567  -26.477  52.288 1.0000000000
70691  -20.757  -19.389  51.564 0.5000000000
73642  -24.325  -16.918  51.576 0.5000000000
72613  -24.799  -17.451  50.697 0.5000000000
72618  -24.250  -17.287  50.020 0.5000000000
72620  -25.374  -18.229  49.330 0.6250000000
73698  -21.995  -16.861  44.323 0.5000000000
61923  -6.085  -28.101  53.143 1.0000000000
132207  -7.115  -27.412  52.940 1.0000000000
63842  -7.153  -26.623  52.898 1.0000000000
64813  -6.182  -24.859  53.505 1.0000000000
64812  -5.909  -25.597  53.374 1.0000000000
70649  -21.776  -19.209  53.565 0.5000000000
71645  -23.667  -18.875  53.834 0.5000000000
73624  -24.383  -17.222  53.186 0.5000000000
139256  -24.170  -16.949  50.804 0.5000000000
73650  -23.725  -16.722  50.515 0.5000000000
73660  -23.688  -17.076  49.642 0.5000000000
74688  -21.303  -16.460  43.726 0.5000000000
62921  -5.827  -27.263  53.166 1.0000000000
63838  -6.043  -26.559  53.434 1.0000000000
63837  -5.702  -26.287  53.069 1.0000000000
64814  -5.572  -25.392  52.953 1.0000000000
71636  -22.876  -18.662  54.085 0.5000000000
73623  -23.902  -16.884  53.589 0.5000000000
73630  -23.867  -16.302  52.338 0.5000000000
73641  -23.775  -16.429  51.378 0.3750000000
73649  -23.176  -16.479  50.246 0.3750000000
74696  -20.589  -15.958  43.164 0.5000000000
129475  -21.575  -16.049  40.338 0.3750000000
131081  -5.479  -26.015  52.298 1.0000000000
138843  -5.424  -25.248  52.301 1.0000000000
125350  -22.937  -15.346  51.673 0.3750000000
74613  -22.711  -15.696  50.764 0.3750000000
124323  -21.829  -15.809  49.295 0.3750000000
75595  -20.088  -15.556  43.524 0.2500000000
75606  -19.885  -15.283  42.732 0.2500000000
74713  -20.821  -15.453  40.226 0.1250000000
127226  -33.118  -17.235  46.311 0.3750000000
65792  -5.452  -24.452  51.113 1.0000000000
75527  -22.521  -14.971  51.400 0.3750000000
75526  -22.121  -15.046  50.742 0.3750000000
75549  -21.294  -15.231  49.246 0.3750000000
75548  -20.611  -14.742  48.669 0.3750000000
75594  -19.559  -14.984  43.535 0.2500000000
127928  -19.349  -14.536  42.915 0.2500000000
74714  -22.216  -16.184  39.469 0.2500000000
121183  -21.270  -15.512  39.518 0.2500000000
65795  -5.541  -24.635  50.262 1.0000000000
138124  -5.599  -24.007  50.048 1.0000000000
76485  -19.330  -13.471  46.958 0.2500000000
76525  -18.699  -13.333  44.202 0.2500000000
76534  -19.016  -14.111  43.613 0.2500000000
73728  -22.863  -16.514  38.946 0.3750000000
133976  -32.675  -17.932  45.570 0.3750000000
72640  -33.138  -18.021  46.416 0.3750000000
66758  -5.698  -23.716  49.391 1.0000000000
76472  -19.643  -13.370  47.885 0.2500000000
141497  -18.596  -13.033  42.562 0.2500000000
73735  -22.892  -16.202  38.095 0.3750000000
74719  -22.468  -15.998  38.609 0.3750000000
134533  -19.047  -12.959  46.580 0.2500000000
77455  -18.574  -12.739  44.638 0.2500000000
76533  -18.641  -13.212  43.297 0.2500000000
130504  -18.507  -12.582  42.030 0.2500000000
73764  -23.069  -16.384  36.899 0.3750000000
124346  -5.990  -23.585  47.067 1.0000000000
77443  -18.622  -12.490  45.293 0.2500000000
77467  -18.537  -12.524  43.872 0.2500000000
77481  -18.481  -12.318  42.918 0.2500000000
121704  -23.205  -16.865  37.248 0.3750000000
71780  -22.892  -17.749  36.121 0.2500000000
72766  -23.091  -16.910  36.576 0.3750000000
66779  -34.439  -23.170  46.928 0.3750000000
66770  -5.867  -24.207  46.673 0.8750000000
139289  -22.722  -16.945  34.907 0.2500000000
65845  -34.939  -24.248  45.583 0.3750000000
66795  -34.640  -23.617  46.367 0.3750000000
66780  -34.817  -23.228  46.993 0.3750000000
134528  -5.956  -24.431  45.679 0.8750000000
72781  -22.627  -17.606  35.134 0.3750000000
72796  -22.519  -17.430  34.107 0.3750000000
68838  -29.706  -22.171  37.847 0.5000000000
65846  -35.815  -24.291  45.228 0.3750000000
66812  -5.904  -23.865  43.754 0.8750000000
66826  -6.091  -23.534  41.694 0.8750000000
65878  -6.500  -23.905  41.129 0.8750000000
66836  -6.684  -23.636  40.254 0.8750000000
66856  -6.463  -23.089  38.811 0.8750000000
66874  -6.744  -23.434  37.551 0.8750000000
72819  -22.574  -17.710  33.067 0.3750000000
73846  -23.670  -16.739  31.997 0.3750000000
65864  -36.846  -24.637  43.766 0.3750000000
65854  -36.313  -24.575  44.644 0.3750000000
66797  -35.981  -23.885  45.439 0.3750000000
65867  -6.158  -24.140  42.291 0.8750000000
66873  -6.404  -23.080  37.821 0.8750000000
66892  -6.363  -23.087  36.851 0.7500000000
67855  -6.498  -22.957  35.459 0.5000000000
72820  -23.099  -17.266  32.334 0.3750000000
71811  -24.072  -18.132  31.454 0.5000000000
128507  -37.090  -24.352  44.582 0.3750000000
65855  -37.715  -23.851  44.706 0.3750000000
67873  -6.481  -22.656  34.705 0.5000000000
70880  -24.391  -18.989  31.110 0.5000000000
71813  -25.952  -18.429  31.578 0.5000000000
68887  -27.682  -21.603  34.349 0.6250000000
66798  -37.159  -23.635  44.984 0.3750000000
68879  -6.087  -22.113  33.998 0.3750000000
70881  -25.408  -19.083  31.239 0.5000000000
69888  -25.611  -19.903  31.078 0.5000000000
68927  -26.876  -20.772  32.075 0.6250000000
68910  -27.266  -21.860  33.039 0.6250000000
66799  -38.035  -23.316  44.818 0.3750000000
68902  -6.771  -21.559  33.568 0.2500000000
69870  -6.302  -20.120  32.771 0.1250000000
71795  -6.363  -18.975  32.228 0.1250000000
69788  -38.215  -20.811  43.691 0.3750000000
69804  -37.932  -20.252  42.757 0.3750000000
71801  -6.170  -18.234  32.064 0.1250000000
70799  -37.720  -19.214  41.207 0.3750000000
70800  -38.470  -19.222  41.453 0.3750000000
74790  -6.677  -15.670  31.602 0.1250000000
73845  -6.868  -17.078  31.402 0.1250000000
70814  -37.275  -18.869  40.676 0.3750000000
71740  -37.813  -18.285  39.959 0.1250000000
73863  -8.238  -16.449  30.495 0.1250000000
73742  -37.383  -17.104  38.093 0.1250000000
73752  -36.532  -16.562  37.308 0.1250000000
76629  -52.578  -13.849  34.875 0.5000000000
77581  -52.246  -12.907  34.545 0.5000000000
77582  -52.930  -13.049  34.310 0.5000000000
77592  -51.728  -12.382  34.150 0.5000000000
77594  -53.235  -12.588  33.611 0.6250000000
76657  -53.127  -13.209  32.242 0.7500000000
77603  -50.383  -12.250  33.082 0.5000000000
78496  -51.194  -11.997  33.473 0.5000000000
77604  -53.449  -12.083  32.760 0.7500000000
77615  -53.309  -12.324  31.941 0.8750000000
139720  -48.060  -12.566  31.758 0.3750000000
77613  -48.584  -12.340  31.890 0.3750000000
78505  -49.220  -12.119  32.092 0.3750000000
78506  -49.907  -11.882  32.376 0.3750000000
141021  -53.329  -11.719  31.405 0.7500000000
77623  -46.782  -12.376  30.560 0.2500000000
137755  -48.032  -11.905  31.328 0.2500000000
78529  -53.522  -11.150  30.834 0.8750000000
78547  -53.138  -10.583  28.677 0.3750000000
79414  -53.655  -9.957  28.080 0.3750000000
79429  -54.005  -9.475  27.530 0.2500000000
138238  -53.678  -9.510  26.855 0.1250000000
66773  -12.056  -23.601  46.033 1.0000000000
66774  -12.991  -23.839  45.804 0.8750000000
66785  -14.255  -23.407  45.113 0.8750000000
66802  -14.669  -22.944  44.761 0.8750000000
65811  -11.176  -24.427  47.323 1.0000000000
123902  -12.058  -24.683  47.181 1.0000000000
65820  -12.442  -24.243  46.480 1.0000000000
65805  -10.812  -24.896  47.995 1.0000000000
65812  -12.933  -24.839  47.083 0.8750000000
67750  -14.262  -22.395  44.633 0.8750000000
66803  -15.506  -22.930  44.731 0.7500000000
64841  -10.450  -25.366  48.595 1.0000000000
64842  -11.419  -25.593  48.582 1.0000000000
64843  -12.554  -25.789  48.711 0.8750000000
133707  -13.439  -25.948  49.247 0.8750000000
69771  -16.587  -20.941  44.645 0.7500000000
64828  -9.360  -25.365  49.378 1.0000000000
65798  -8.965  -24.519  49.462 1.0000000000
69758  -16.954  -20.322  45.227 0.7500000000
70743  -18.709  -19.593  46.885 0.7500000000
64827  -8.663  -25.225  50.078 1.0000000000
131881  -8.221  -24.975  50.797 1.0000000000
65794  -8.000  -24.262  51.137 1.0000000000
120194  -19.578  -19.446  48.414 0.6250000000
70702  -19.739  -19.340  50.243 0.6250000000
64820  -8.279  -25.861  50.941 1.0000000000
132703  -7.810  -25.031  51.548 1.0000000000
65793  -7.565  -24.223  52.038 1.0000000000
132702  -7.402  -25.003  52.453 1.0000000000
120128  -20.299  -19.326  50.954 0.5000000000
64818  -7.710  -25.820  51.924 1.0000000000
64817  -7.248  -25.786  52.785 1.0000000000
65789  -6.487  -24.279  53.429 1.0000000000
65788  -5.974  -23.915  53.618 1.0000000000
70662  -20.720  -19.349  52.786 0.5000000000
75615  -20.044  -15.184  41.655 0.2500000000
65787  -5.782  -24.690  53.306 1.0000000000
71635  -21.966  -18.809  54.106 0.5000000000
71637  -23.467  -17.853  54.026 0.5000000000
75624  -20.165  -15.040  40.628 0.1250000000
129635  -20.263  -14.539  38.867 0.1250000000
133000  -5.361  -23.863  52.499 1.0000000000
73619  -22.257  -16.846  54.434 0.5000000000
119777  -23.727  -16.067  53.148 0.5000000000
140450  -23.132  -15.143  52.343 0.5000000000
75605  -19.428  -14.526  42.111 0.2500000000
75623  -19.628  -14.344  40.147 0.1250000000
75633  -20.897  -15.021  38.819 0.2500000000
75644  -21.362  -14.576  37.367 0.2500000000
129198  -5.498  -23.869  50.890 1.0000000000
75519  -22.177  -14.263  51.412 0.3750000000
75537  -21.660  -15.155  49.979 0.3750000000
75614  -19.503  -14.472  41.135 0.2500000000
75631  -19.735  -14.207  39.236 0.1250000000
76592  -20.953  -13.620  36.873 0.1250000000
127044  -5.639  -23.198  50.487 1.0000000000
76464  -21.076  -13.612  50.345 0.3750000000
76467  -20.483  -13.757  49.378 0.3750000000
76473  -20.082  -13.786  48.567 0.3750000000
76557  -18.712  -13.243  41.993 0.2500000000
76575  -18.680  -13.024  40.190 0.1250000000
76576  -19.192  -13.619  39.689 0.1250000000
74718  -21.751  -15.538  38.716 0.2500000000
74723  -21.346  -15.041  38.154 0.2500000000
75651  -21.753  -14.184  36.419 0.2500000000
76597  -21.447  -13.177  36.144 0.2500000000
126196  -5.814  -23.027  49.683 1.0000000000
77412  -19.578  -12.451  48.073 0.2500000000
77418  -19.238  -12.626  47.288 0.2500000000
76567  -18.595  -13.023  41.193 0.1250000000
74724  -22.862  -15.892  37.138 0.2500000000
75645  -22.287  -15.089  36.819 0.2500000000
134222  -6.263  -22.929  47.539 1.0000000000
67704  -6.244  -22.835  48.473 1.0000000000
77427  -18.920  -12.341  46.530 0.2500000000
77426  -18.719  -12.216  45.907 0.2500000000
124337  -18.395  -12.131  41.331 0.1250000000
74731  -22.734  -15.471  36.282 0.2500000000
75652  -22.464  -14.694  35.987 0.2500000000
78332  -18.608  -11.712  45.467 0.2500000000
78344  -18.503  -11.909  44.574 0.2500000000
78362  -18.376  -11.763  42.145 0.2500000000
73782  -22.921  -16.347  36.182 0.2500000000
75665  -22.968  -14.937  34.823 0.2500000000
75664  -22.689  -14.348  35.251 0.2500000000
78358  -18.480  -11.688  43.625 0.2500000000
73800  -22.786  -16.507  34.270 0.2500000000
126361  -22.957  -15.728  34.580 0.2500000000
67722  -34.869  -22.745  47.562 0.3750000000
66781  -5.921  -24.175  46.066 0.8750000000
73813  -23.213  -15.909  33.456 0.2500000000
66796  -35.178  -23.702  46.197 0.3750000000
67733  -35.187  -23.170  46.841 0.3750000000
72808  -22.852  -16.843  33.289 0.3750000000
74780  -23.711  -15.773  32.652 0.2500000000
133087  -35.525  -23.432  45.998 0.3750000000
67777  -6.056  -22.658  41.278 0.8750000000
67786  -6.239  -22.461  40.292 0.8750000000
67794  -6.318  -22.538  39.251 0.8750000000
67806  -6.189  -22.549  38.247 0.8750000000
73828  -23.392  -16.419  32.593 0.3750000000
67749  -5.926  -23.336  44.220 0.8750000000
67766  -5.884  -23.043  43.181 0.8750000000
67771  -5.885  -22.821  42.203 0.8750000000
66835  -6.344  -23.246  40.742 0.8750000000
66844  -6.460  -23.123  39.785 0.8750000000
141450  -6.058  -22.782  36.628 0.7500000000
138285  -6.093  -22.702  35.230 0.5000000000
71812  -25.041  -18.266  31.343 0.5000000000
72837  -26.341  -17.729  31.944 0.5000000000
67747  -37.745  -23.072  45.019 0.3750000000
68835  -5.808  -21.841  37.761 0.8750000000
128812  -5.732  -22.298  36.596 0.6250000000
71798  -26.760  -18.613  32.240 0.5000000000
70869  -26.939  -19.478  32.293 0.5000000000
70858  -27.697  -19.937  33.552 0.6250000000
69855  -27.959  -20.563  34.298 0.6250000000
67748  -38.520  -22.855  44.864 0.3750000000
68849  -5.587  -21.534  36.021 0.7500000000
68863  -5.614  -21.660  34.921 0.6250000000
69880  -26.786  -20.033  32.006 0.6250000000
126881  -27.228  -21.090  32.699 0.6250000000
69868  -27.515  -21.006  33.489 0.6250000000
68759  -37.986  -22.181  44.853 0.3750000000
69858  -5.617  -20.718  33.671 0.2500000000
72795  -6.109  -16.908  34.530 0.2500000000
131800  -5.599  -16.900  33.901 0.2500000000
72807  -5.393  -17.732  33.424 0.2500000000
70861  -5.808  -19.571  32.728 0.1250000000
75657  -7.461  -14.356  34.755 0.1250000000
75656  -7.037  -15.035  34.719 0.2500000000
73798  -5.972  -16.036  34.101 0.2500000000
71794  -5.660  -18.734  32.579 0.1250000000
70782  -37.756  -19.702  41.897 0.3750000000
76601  -7.823  -13.875  34.738 0.1250000000
75674  -6.485  -14.839  34.336 0.1250000000
75689  -5.963  -14.829  33.829 0.1250000000
73826  -5.557  -16.234  33.104 0.1250000000
72831  -5.700  -16.852  32.501 0.1250000000
74778  -5.689  -15.543  32.923 0.1250000000
73844  -6.213  -16.450  31.856 0.1250000000
72709  -36.269  -17.643  38.951 0.1250000000
123408  -37.289  -17.428  38.663 0.1250000000
72730  -36.596  -17.119  38.253 0.1250000000
140635  -36.788  -16.849  37.764 0.1250000000
77593  -52.553  -12.369  34.147 0.5000000000
78497  -52.076  -11.802  33.778 0.5000000000
78499  -53.304  -11.796  33.310 0.7500000000
78507  -50.672  -11.640  32.719 0.5000000000
79351  -52.436  -11.240  33.290 0.5000000000
78509  -53.487  -11.331  32.747 0.7500000000
78520  -53.615  -11.482  31.918 0.7500000000
78525  -45.904  -11.908  29.859 0.2500000000
77624  -47.418  -11.940  30.769 0.2500000000
78517  -48.761  -11.686  31.517 0.3750000000
78519  -50.188  -11.234  31.983 0.5000000000
79352  -53.098  -11.206  33.205 0.6250000000
78526  -46.826  -11.470  30.139 0.2500000000
79361  -52.790  -10.556  32.849 0.6250000000
79362  -53.401  -10.608  32.669 0.7500000000
139858  -53.807  -10.795  31.373 0.8750000000
78540  -53.712  -10.553  29.818 0.6250000000
79375  -54.027  -10.064  31.386 0.8750000000
78530  -53.988  -10.394  30.494 0.8750000000
79404  -53.796  -9.991  28.663 0.3750000000
79415  -54.220  -9.473  28.082 0.2500000000
79451  -53.686  -9.488  25.283 0.1250000000
79443  -54.165  -9.265  26.239 0.2500000000
125549  -53.948  -9.467  24.487 0.1250000000
79453  -54.949  -8.958  25.256 0.2500000000
79457  -55.138  -9.167  23.633 0.2500000000
123926  -59.457  -5.371  20.942 0.2500000000
65834  -13.815  -23.767  45.526 0.8750000000
65819  -11.598  -23.986  46.653 0.8750000000
66783  -12.450  -23.151  45.500 0.8750000000
66801  -13.998  -22.936  44.777 0.8750000000
65810  -10.421  -24.144  47.594 1.0000000000
66771  -10.810  -22.974  46.811 0.8750000000
66782  -11.806  -23.073  45.854 0.8750000000
67737  -12.848  -22.497  45.213 0.8750000000
65809  -9.793  -23.801  48.116 1.0000000000
67736  -12.102  -22.544  45.679 0.8750000000
68748  -14.551  -21.755  44.603 0.8750000000
69757  -16.136  -20.391  45.171 0.7500000000
66754  -9.253  -23.773  48.963 1.0000000000
65796  -8.452  -24.371  50.257 1.0000000000
70753  -16.456  -19.822  45.924 0.7500000000
70728  -18.141  -19.418  47.700 0.6250000000
66751  -7.827  -23.414  51.580 1.0000000000
120196  -19.132  -19.321  49.497 0.6250000000
66750  -7.382  -23.444  52.576 1.0000000000
66748  -6.619  -23.472  53.386 1.0000000000
136301  -19.382  -19.320  51.049 0.5000000000
66746  -6.081  -23.085  53.642 1.0000000000
120451  -19.753  -19.380  52.595 0.5000000000
70648  -20.640  -19.254  53.434 0.5000000000
75632  -20.368  -14.885  39.620 0.1250000000
75643  -20.582  -14.432  38.179 0.1250000000
66747  -5.418  -23.138  52.954 1.0000000000
70642  -20.979  -19.017  54.097 0.5000000000
75638  -19.945  -14.105  38.586 0.1250000000
141487  -20.568  -13.906  37.548 0.1250000000
66749  -5.325  -23.147  52.286 1.0000000000
72583  -22.477  -17.917  54.328 0.5000000000
74594  -22.890  -15.830  54.091 0.5000000000
76583  -19.439  -13.485  38.735 0.1250000000
74595  -23.303  -15.307  53.370 0.5000000000
78458  -22.170  -11.989  35.756 0.2500000000
77559  -22.036  -12.689  35.625 0.2500000000
68693  -5.844  -22.385  50.357 1.0000000000
77525  -18.869  -12.862  39.301 0.1250000000
76598  -22.188  -13.659  35.617 0.2500000000
68700  -6.506  -22.081  49.046 1.0000000000
67696  -6.092  -22.576  49.417 1.0000000000
76465  -21.651  -13.750  51.036 0.3750000000
142613  -20.974  -12.925  50.447 0.3750000000
77413  -19.951  -12.951  48.825 0.3750000000
127591  -19.842  -12.157  48.652 0.2500000000
77512  -18.487  -12.427  40.615 0.1250000000
78396  -18.561  -11.424  39.659 0.1250000000
77560  -22.706  -12.510  35.171 0.2500000000
141065  -19.362  -12.072  47.667 0.2500000000
78321  -18.806  -11.612  46.268 0.2500000000
78384  -18.417  -11.615  40.551 0.1250000000
75680  -23.100  -13.980  34.571 0.2500000000
123130  -18.522  -11.158  44.174 0.2500000000
78370  -18.361  -11.301  41.407 0.1250000000
140330  -23.377  -14.417  34.105 0.2500000000
76632  -23.751  -13.603  33.856 0.2500000000
127638  -35.167  -22.618  47.526 0.3750000000
67723  -5.963  -23.599  46.242 1.0000000000
67735  -6.138  -22.827  45.656 1.0000000000
123890  -6.654  -22.107  45.047 1.0000000000
79265  -18.540  -10.766  43.380 0.2500000000
79275  -18.422  -10.808  42.223 0.1250000000
75690  -23.815  -14.437  33.398 0.2500000000
68743  -35.439  -22.326  46.386 0.3750000000
67734  -5.993  -23.648  45.340 0.8750000000
68745  -6.147  -22.709  44.654 0.8750000000
68764  -6.065  -22.459  43.632 0.8750000000
69782  -6.900  -21.147  42.671 0.8750000000
67745  -35.734  -23.095  46.011 0.3750000000
68765  -6.380  -21.697  43.112 0.8750000000
68787  -5.936  -22.013  41.800 0.8750000000
68799  -6.442  -21.317  40.625 0.8750000000
69817  -6.670  -20.803  40.121 0.8750000000
74781  -24.397  -15.366  32.353 0.2500000000
67760  -36.458  -22.727  45.424 0.3750000000
66800  -5.998  -24.148  44.810 0.8750000000
68778  -5.964  -22.204  42.672 0.8750000000
68813  -6.271  -21.865  39.616 0.8750000000
69832  -6.071  -21.140  38.534 0.8750000000
69833  -6.312  -20.374  38.369 0.8750000000
73848  -25.171  -16.768  31.622 0.3750000000
72836  -25.567  -17.585  31.583 0.5000000000
67761  -37.411  -22.748  45.150 0.3750000000
69839  -5.861  -20.861  37.829 0.8750000000
69840  -6.155  -20.136  37.724 0.7500000000
72823  -26.965  -17.759  32.536 0.5000000000
135809  -27.310  -18.348  32.848 0.5000000000
70870  -27.408  -19.171  32.936 0.6250000000
70854  -28.127  -19.578  34.238 0.6250000000
124400  -36.900  -22.059  44.828 0.3750000000
128764  -5.640  -21.294  37.063 0.7500000000
69845  -5.741  -20.615  36.601 0.6250000000
134342  -5.991  -19.443  35.353 0.6250000000
68773  -37.467  -21.451  44.207 0.3750000000
70781  -36.779  -19.582  41.444 0.3750000000
72779  -6.599  -17.411  35.303 0.3750000000
72794  -5.644  -17.737  34.153 0.2500000000
70852  -5.416  -19.394  33.764 0.3750000000
74742  -10.784  -15.377  35.472 0.2500000000
136240  -8.960  -15.001  35.301 0.2500000000
74740  -8.335  -15.375  35.488 0.2500000000
74738  -6.878  -15.852  34.874 0.2500000000
73776  -6.696  -16.601  35.049 0.2500000000
71793  -5.338  -18.538  33.019 0.2500000000
74741  -9.800  -15.165  35.320 0.1250000000
75658  -8.250  -14.553  35.023 0.1250000000
75659  -9.343  -14.395  34.970 0.1250000000
71739  -36.806  -18.469  40.060 0.1250000000
72708  -35.060  -17.603  39.111 0.1250000000
78527  -47.644  -11.333  30.580 0.2500000000
79370  -48.954  -11.025  31.090 0.3750000000
79371  -49.660  -10.671  31.243 0.5000000000
79372  -50.495  -10.519  31.658 0.5000000000
79360  -51.886  -10.705  32.707 0.5000000000
79383  -47.219  -10.854  30.084 0.2500000000
80271  -52.262  -9.933  32.321 0.6250000000
80272  -53.169  -9.767  32.359 0.6250000000
80273  -53.699  -10.114  32.198 0.6250000000
79397  -54.219  -9.926  29.418 0.6250000000
79405  -54.322  -9.580  28.633 0.5000000000
79416  -54.624  -9.037  27.412 0.3750000000
79430  -54.267  -9.211  27.014 0.2500000000
79431  -54.615  -8.933  26.771 0.2500000000
80334  -55.062  -8.634  26.839 0.2500000000
136847  -55.591  -8.482  26.245 0.2500000000
80362  -55.503  -8.576  25.480 0.2500000000
79452  -54.397  -9.240  25.354 0.1250000000
141255  -56.093  -8.263  25.623 0.2500000000
80378  -55.396  -8.791  24.558 0.2500000000
80363  -56.274  -8.286  24.621 0.2500000000
81259  -56.753  -7.922  25.103 0.2500000000
80380  -57.142  -8.642  23.657 0.2500000000
81260  -57.594  -7.762  24.478 0.2500000000
80365  -58.155  -8.211  23.698 0.2500000000
81262  -58.910  -7.916  23.171 0.2500000000
83846  -59.420  -5.971  23.282 0.2500000000
83852  -59.510  -5.872  22.403 0.2500000000
127205  -59.524  -4.917  21.949 0.2500000000
131493  -59.442  -4.742  21.160 0.2500000000
85512  -59.292  -3.414  21.173 0.2500000000
84682  -59.202  -4.139  20.896 0.2500000000
85533  -58.964  -3.428  20.802 0.2500000000
85532  -58.487  -3.302  20.607 0.2500000000
67712  -9.965  -23.022  47.889 1.0000000000
67713  -10.429  -22.651  47.460 1.0000000000
67714  -10.976  -22.233  47.003 1.0000000000
68723  -11.511  -21.779  46.590 1.0000000000
69729  -11.810  -20.965  46.938 1.0000000000
69741  -12.596  -20.736  46.409 0.8750000000
66763  -10.370  -23.376  47.446 1.0000000000
68733  -11.855  -22.041  45.999 0.8750000000
69755  -13.274  -21.052  45.605 0.8750000000
69742  -13.488  -20.257  46.249 0.7500000000
69743  -14.271  -20.028  46.104 0.7500000000
70739  -14.795  -19.638  46.769 0.7500000000
70726  -15.462  -19.436  47.971 0.7500000000
67705  -9.524  -22.873  48.667 1.0000000000
67725  -11.448  -22.602  46.256 1.0000000000
68735  -13.326  -21.807  45.090 0.8750000000
69756  -14.563  -20.560  45.398 0.7500000000
70752  -15.738  -19.963  45.756 0.7500000000
70741  -16.825  -19.466  46.936 0.7500000000
123150  -16.198  -19.431  47.637 0.7500000000
120199  -16.083  -19.576  49.834 0.7500000000
132274  -9.051  -23.075  49.387 1.0000000000
66752  -8.310  -23.494  50.632 1.0000000000
70742  -17.779  -19.547  46.841 0.7500000000
120195  -17.503  -19.368  48.640 0.6250000000
136187  -16.683  -19.420  49.021 0.7500000000
67691  -8.285  -22.497  51.159 1.0000000000
67689  -7.698  -22.636  52.150 1.0000000000
68679  -8.092  -21.831  51.966 1.0000000000
120201  -17.726  -19.477  50.897 0.5000000000
136534  -17.024  -19.597  51.086 0.5000000000
120198  -16.951  -19.474  49.807 0.5000000000
67688  -7.189  -22.698  53.072 1.0000000000
120204  -19.694  -19.341  51.825 0.5000000000
120113  -18.551  -19.505  52.506 0.5000000000
70678  -18.408  -19.446  51.577 0.5000000000
70647  -19.439  -19.353  53.559 0.5000000000
70646  -18.395  -19.478  53.560 0.5000000000
139958  -22.990  -11.484  36.142 0.2500000000
67685  -5.394  -22.381  52.737 1.0000000000
127360  -21.181  -18.500  54.521 0.5000000000
76596  -20.816  -12.658  36.669 0.1250000000
76591  -20.200  -13.080  37.396 0.1250000000
77552  -21.481  -12.269  36.167 0.1250000000
130167  -5.419  -22.015  52.227 1.0000000000
132700  -22.021  -16.060  54.449 0.5000000000
75512  -22.921  -14.711  53.748 0.5000000000
77545  -20.286  -12.132  37.185 0.1250000000
125156  -23.253  -14.633  52.865 0.5000000000
75517  -23.055  -13.813  52.721 0.2500000000
78427  -19.866  -11.476  37.615 0.1250000000
68694  -6.233  -21.661  50.083 1.0000000000
76461  -22.105  -13.378  51.557 0.3750000000
77536  -18.752  -12.011  39.051 0.1250000000
119997  -23.032  -11.784  35.514 0.2500000000
69713  -6.708  -21.230  49.510 1.0000000000
77406  -21.482  -12.971  51.003 0.3750000000
77405  -21.086  -12.332  50.446 0.3750000000
78413  -19.229  -11.593  38.304 0.1250000000
78459  -23.868  -11.789  35.084 0.2500000000
77573  -23.462  -12.248  34.805 0.2500000000
68701  -6.979  -21.521  48.577 1.0000000000
78304  -20.609  -11.890  49.781 0.3750000000
143981  -18.787  -11.253  38.962 0.1250000000
68712  -7.142  -21.625  47.550 1.0000000000
68711  -6.676  -22.288  48.056 1.0000000000
127785  -19.416  -10.889  47.367 0.2500000000
126445  -18.475  -10.841  40.185 0.1250000000
76633  -24.509  -13.051  33.680 0.2500000000
67724  -6.182  -22.889  46.607 1.0000000000
79236  -18.740  -10.925  45.779 0.2500000000
128914  -18.566  -11.034  44.955 0.2500000000
79285  -18.437  -10.621  41.343 0.1250000000
79294  -18.520  -10.254  40.651 0.1250000000
75691  -24.563  -13.867  33.050 0.2500000000
68721  -6.634  -22.256  47.052 1.0000000000
68731  -6.613  -22.169  46.048 1.0000000000
69766  -7.755  -20.988  43.916 0.8750000000
68722  -7.220  -21.606  46.512 1.0000000000
130010  -6.506  -21.894  44.073 0.8750000000
69796  -6.797  -21.010  41.887 0.8750000000
75702  -24.972  -14.613  32.460 0.2500000000
74782  -25.266  -15.352  32.066 0.2500000000
69825  -6.490  -20.703  39.222 0.8750000000
74783  -26.041  -15.545  32.187 0.2500000000
73831  -26.536  -16.319  32.336 0.3750000000
67759  -35.786  -22.410  45.565 0.3750000000
73830  -24.784  -16.019  31.820 0.2500000000
72821  -26.020  -16.917  31.834 0.5000000000
73832  -27.158  -16.990  32.777 0.3750000000
72809  -27.505  -17.705  33.180 0.3750000000
68758  -35.928  -21.923  44.757 0.3750000000
144337  -6.404  -19.596  37.463 0.6250000000
72822  -26.616  -17.143  32.271 0.5000000000
71791  -27.685  -18.489  33.448 0.5000000000
70843  -6.361  -19.288  36.884 0.6250000000
68772  -36.240  -21.336  43.821 0.3750000000
131962  -36.121  -20.690  42.843 0.3750000000
70842  -6.005  -19.784  36.294 0.6250000000
69803  -36.915  -20.236  42.337 0.3750000000
69813  -35.938  -20.162  42.061 0.3750000000
73763  -12.207  -16.113  36.838 0.6250000000
74728  -11.895  -15.838  36.225 0.5000000000
73762  -11.376  -16.414  36.664 0.3750000000
136998  -10.535  -16.346  36.311 0.3750000000
72780  -7.103  -17.148  35.695 0.3750000000
72778  -6.163  -17.911  34.896 0.3750000000
70848  -5.630  -19.894  34.473 0.5000000000
70798  -35.663  -19.617  41.388 0.2500000000
74743  -11.556  -15.482  35.734 0.3750000000
73781  -11.072  -15.955  35.964 0.2500000000
73779  -8.961  -16.010  35.945 0.2500000000
73778  -8.030  -16.162  35.825 0.2500000000
75661  -11.582  -14.849  35.283 0.2500000000
75660  -10.492  -14.660  35.038 0.1250000000
75676  -9.304  -13.598  34.740 0.1250000000
71753  -35.465  -18.125  39.632 0.1250000000
71752  -34.581  -17.982  39.876 0.1250000000
80289  -49.489  -9.790  30.501 0.3750000000
80278  -50.826  -9.760  31.299 0.6250000000
80279  -51.700  -9.400  31.585 0.6250000000
79384  -47.811  -10.667  30.324 0.2500000000
79385  -48.461  -10.548  30.542 0.2500000000
79386  -49.047  -10.427  30.689 0.3750000000
133071  -53.269  -8.926  31.799 0.8750000000
80281  -53.758  -9.329  31.769 0.8750000000
79394  -46.583  -10.692  29.702 0.2500000000
124251  -54.366  -9.156  31.012 0.8750000000
79387  -54.431  -9.699  30.272 0.7500000000
141393  -54.496  -9.517  28.877 0.5000000000
79406  -54.801  -9.110  27.958 0.5000000000
80324  -55.186  -8.670  27.357 0.2500000000
80335  -55.639  -8.394  26.791 0.2500000000
81230  -56.127  -8.156  26.752 0.2500000000
81240  -56.290  -8.098  26.091 0.2500000000
81241  -57.066  -7.665  25.418 0.2500000000
81242  -57.821  -7.471  24.765 0.2500000000
82105  -58.071  -7.084  25.110 0.2500000000
83838  -59.200  -5.884  24.132 0.2500000000
84659  -59.388  -5.092  23.448 0.2500000000
84663  -59.464  -4.308  22.568 0.2500000000
84673  -59.455  -4.134  21.536 0.2500000000
86404  -58.772  -2.524  20.685 0.2500000000
68713  -10.606  -21.797  47.767 1.0000000000
68714  -11.207  -21.363  47.370 1.0000000000
69731  -13.104  -19.838  47.130 0.7500000000
67706  -10.062  -22.267  48.195 1.0000000000
68703  -10.332  -21.352  48.637 1.0000000000
68704  -10.927  -20.912  48.234 1.0000000000
69730  -12.286  -20.168  47.447 1.0000000000
70711  -14.308  -19.505  48.847 0.7500000000
68702  -9.737  -21.822  49.067 1.0000000000
70701  -15.386  -19.617  50.140 0.7500000000
67697  -8.678  -22.781  50.137 1.0000000000
68695  -9.486  -21.369  49.992 1.0000000000
120202  -16.456  -19.642  50.765 0.5000000000
70677  -17.670  -19.612  52.241 0.5000000000
141007  -7.934  -21.372  52.607 1.0000000000
71643  -17.908  -19.226  54.077 0.5000000000
71632  -18.201  -18.680  54.844 0.5000000000
137999  -6.589  -20.607  53.544 1.0000000000
72581  -20.465  -17.855  55.095 0.5000000000
72580  -19.400  -18.259  55.304 0.5000000000
71633  -18.835  -18.683  54.997 0.5000000000
121967  -23.521  -11.443  36.683 0.2500000000
69681  -6.100  -20.557  53.484 1.0000000000
74590  -20.482  -15.911  55.007 0.5000000000
78432  -23.905  -11.647  37.689 0.2500000000
69683  -5.629  -20.689  52.716 1.0000000000
74592  -22.195  -15.171  54.264 0.5000000000
142832  -22.551  -14.508  54.058 0.3750000000
68684  -5.843  -21.558  51.039 1.0000000000
133327  -23.238  -13.816  53.124 0.3750000000
69704  -6.534  -20.839  50.237 1.0000000000
77402  -22.564  -12.839  52.059 0.2500000000
78460  -24.457  -11.677  35.390 0.2500000000
78446  -24.430  -11.518  36.105 0.2500000000
123176  -6.936  -20.407  49.893 1.0000000000
127803  -21.737  -12.091  51.148 0.2500000000
78305  -20.729  -11.054  49.540 0.3750000000
78480  -24.544  -11.968  34.781 0.2500000000
78481  -25.043  -11.887  35.084 0.2500000000
124415  -7.573  -20.888  48.108 1.0000000000
69714  -7.235  -20.686  49.080 1.0000000000
78308  -19.651  -11.500  48.088 0.2500000000
77574  -24.571  -12.451  34.240 0.2500000000
69739  -8.080  -21.061  45.982 1.0000000000
76634  -25.319  -13.299  33.408 0.2500000000
68732  -7.267  -21.569  45.479 1.0000000000
69752  -7.896  -21.076  44.880 0.8750000000
133203  -8.252  -20.569  43.432 0.8750000000
79230  -19.081  -10.867  46.615 0.2500000000
128131  -18.783  -9.591  40.726 0.1250000000
75692  -25.567  -14.023  32.851 0.2500000000
69783  -7.574  -20.833  43.060 0.8750000000
132496  -7.250  -20.658  41.611 0.8750000000
79247  -18.716  -10.360  44.375 0.2500000000
80161  -18.683  -9.970  42.734 0.2500000000
75703  -25.857  -14.823  32.448 0.2500000000
74768  -26.792  -15.395  32.789 0.2500000000
135977  -28.119  -16.353  34.439 0.2500000000
69810  -7.494  -20.394  41.026 0.8750000000
69818  -7.116  -20.452  40.403 0.8750000000
70818  -6.848  -19.957  38.862 0.8750000000
74769  -27.493  -15.814  33.515 0.2500000000
72797  -27.969  -17.842  33.922 0.3750000000
68757  -35.364  -21.669  44.994 0.3750000000
70819  -7.486  -19.653  39.315 0.7500000000
73801  -27.715  -16.785  33.654 0.3750000000
68771  -35.398  -21.236  44.005 0.3750000000
123106  -34.521  -20.170  43.932 0.3750000000
70827  -6.656  -19.603  38.059 0.7500000000
69786  -34.889  -20.582  43.325 0.3750000000
70836  -6.812  -18.974  37.374 0.7500000000
142367  -35.534  -20.853  43.281 0.3750000000
71773  -7.148  -18.309  36.859 0.3750000000
71772  -6.714  -18.606  36.551 0.3750000000
71771  -6.352  -18.985  36.061 0.5000000000
72744  -7.607  -18.087  36.995 0.5000000000
72764  -7.424  -17.670  36.420 0.3750000000
72763  -6.927  -17.882  36.101 0.3750000000
133738  -9.644  -16.512  36.374 0.2500000000
73760  -8.611  -16.729  36.358 0.2500000000
132893  -8.164  -17.540  36.809 0.2500000000
73759  -7.736  -16.944  36.093 0.3750000000
74729  -12.555  -15.500  36.625 0.6250000000
74744  -12.220  -15.219  35.898 0.5000000000
70813  -36.261  -19.068  40.725 0.1250000000
70812  -35.262  -19.112  40.820 0.1250000000
75679  -11.983  -14.185  35.069 0.3750000000
71738  -35.816  -18.584  40.181 0.1250000000
71737  -34.900  -18.564  40.319 0.1250000000
81201  -48.908  -9.064  29.891 0.3750000000
80290  -50.325  -9.318  30.606 0.5000000000
80288  -48.649  -9.880  30.235 0.3750000000
81183  -52.819  -8.429  31.537 0.6250000000
142448  -53.644  -8.732  31.654 0.8750000000
81185  -54.020  -8.521  31.410 0.8750000000
80304  -54.684  -9.441  29.282 0.6250000000
81215  -55.439  -8.672  28.440 0.5000000000
80314  -55.412  -8.690  27.782 0.3750000000
80325  -55.642  -8.407  27.203 0.2500000000
81231  -56.733  -7.755  26.212 0.2500000000
82086  -57.739  -7.064  25.819 0.2500000000
82104  -57.402  -7.410  25.630 0.2500000000
83015  -58.668  -6.565  24.620 0.2500000000
134234  -59.238  -4.145  23.578 0.2500000000
85502  -59.457  -3.337  21.989 0.2500000000
86358  -59.171  -2.247  22.432 0.2500000000
140989  -59.239  -1.995  21.747 0.2500000000
86384  -59.123  -2.661  20.949 0.2500000000
124296  -59.009  -1.767  20.727 0.2500000000
87277  -58.684  -0.576  19.715 0.3750000000
119618  -14.163  -19.384  50.228 0.6250000000
70689  -14.601  -19.277  50.737 0.6250000000
72602  -14.795  -18.425  51.199 0.6250000000
72611  -15.186  -17.499  50.888 0.5000000000
69717  -11.368  -20.129  48.742 1.0000000000
126357  -11.567  -20.515  47.842 1.0000000000
69718  -12.069  -19.802  48.398 0.8750000000
70723  -12.877  -19.614  48.157 0.8750000000
70700  -14.855  -19.566  50.203 0.7500000000
70673  -15.038  -19.159  51.202 0.5000000000
124373  -15.462  -18.116  51.441 0.5000000000
73648  -15.797  -16.781  50.344 0.5000000000
68696  -10.061  -20.893  49.485 1.0000000000
69716  -10.703  -20.488  49.092 1.0000000000
70708  -11.931  -19.564  49.206 1.0000000000
70709  -12.737  -19.476  49.041 0.8750000000
139480  -14.844  -19.566  49.566 0.7500000000
120100  -15.392  -19.555  50.672 0.6250000000
70674  -15.751  -19.430  51.449 0.5000000000
71659  -15.571  -18.962  51.749 0.5000000000
72612  -15.981  -17.344  51.115 0.5000000000
69698  -9.851  -20.514  50.255 1.0000000000
69699  -10.302  -19.877  50.472 1.0000000000
70696  -11.018  -19.552  50.103 1.0000000000
70697  -11.777  -19.380  49.818 0.8750000000
70687  -12.315  -19.138  50.056 0.8750000000
120203  -15.831  -19.652  50.733 0.6250000000
70690  -16.113  -19.636  51.253 0.5000000000
70657  -16.128  -19.337  51.980 0.5000000000
72603  -16.126  -18.085  51.936 0.5000000000
73639  -16.637  -17.126  51.458 0.5000000000
68687  -9.190  -20.950  50.928 1.0000000000
140193  -9.712  -20.223  50.858 1.0000000000
70685  -10.702  -19.334  50.750 1.0000000000
70686  -11.569  -19.049  50.456 1.0000000000
70660  -17.530  -19.643  52.776 0.5000000000
70659  -17.035  -19.603  52.803 0.5000000000
143034  -16.691  -19.347  52.769 0.5000000000
71650  -16.308  -19.075  52.427 0.5000000000
72604  -16.916  -17.427  52.133 0.5000000000
68686  -8.586  -21.593  51.296 1.0000000000
68680  -8.521  -20.962  51.982 1.0000000000
69690  -9.249  -20.233  51.607 1.0000000000
70671  -10.234  -18.980  51.593 1.0000000000
70672  -10.993  -18.843  51.066 1.0000000000
71656  -11.573  -18.267  51.206 0.8750000000
71642  -17.281  -19.074  53.673 0.5000000000
71651  -16.775  -18.917  53.145 0.5000000000
72594  -17.051  -17.871  52.992 0.5000000000
69684  -8.012  -20.763  52.935 1.0000000000
69685  -8.537  -20.026  52.727 1.0000000000
70670  -9.412  -19.467  52.123 1.0000000000
71655  -10.738  -18.441  51.591 1.0000000000
72597  -10.650  -17.774  51.986 0.8750000000
73616  -19.826  -16.869  55.487 0.5000000000
71630  -18.407  -18.129  55.511 0.5000000000
72579  -17.884  -17.990  55.373 0.5000000000
72578  -17.648  -17.686  55.002 0.5000000000
72587  -17.350  -18.184  53.921 0.5000000000
129780  -6.851  -19.769  53.585 1.0000000000
70654  -7.995  -19.411  53.379 1.0000000000
70655  -8.726  -19.069  53.058 1.0000000000
72593  -9.775  -17.465  52.564 1.0000000000
71649  -10.103  -18.230  52.202 1.0000000000
132209  -21.065  -15.094  54.547 0.3750000000
74588  -19.416  -15.896  55.636 0.5000000000
73615  -18.772  -16.552  56.055 0.3750000000
73613  -17.688  -16.670  56.050 0.5000000000
78416  -24.339  -12.035  38.538 0.2500000000
69680  -5.939  -20.077  53.185 1.0000000000
131590  -6.435  -19.904  53.485 1.0000000000
71639  -7.241  -18.657  53.485 1.0000000000
71641  -8.115  -17.925  53.381 1.0000000000
132651  -19.998  -15.136  55.094 0.5000000000
78433  -25.081  -11.994  37.563 0.2500000000
124881  -6.669  -19.975  50.689 1.0000000000
69689  -6.035  -19.817  51.965 1.0000000000
71647  -6.402  -18.601  52.731 1.0000000000
71638  -6.808  -18.653  53.358 1.0000000000
76457  -23.259  -13.055  53.005 0.3750000000
75513  -23.037  -13.854  53.484 0.3750000000
127348  -24.444  -11.618  36.861 0.2500000000
70694  -7.143  -19.207  50.281 1.0000000000
139168  -7.046  -19.844  50.130 1.0000000000
68685  -6.208  -20.850  50.849 1.0000000000
78447  -25.195  -11.787  36.505 0.2500000000
70695  -7.562  -18.999  49.691 1.0000000000
78462  -25.921  -12.026  36.024 0.2500000000
77553  -26.644  -12.470  36.350 0.2500000000
69705  -7.421  -19.769  49.558 1.0000000000
78309  -20.175  -11.603  48.997 0.2500000000
119420  -20.271  -10.767  48.721 0.2500000000
77576  -26.200  -12.615  34.708 0.2500000000
77562  -26.473  -12.468  35.513 0.2500000000
69715  -7.908  -20.058  48.637 1.0000000000
76621  -25.830  -12.914  33.984 0.2500000000
76605  -26.972  -12.996  35.045 0.2500000000
69728  -8.331  -20.277  47.648 1.0000000000
69727  -7.848  -21.028  47.072 1.0000000000
129410  -8.614  -20.480  46.703 1.0000000000
69753  -8.642  -20.698  45.234 0.8750000000
80110  -19.572  -9.997  46.981 0.2500000000
76635  -26.188  -13.609  33.517 0.2500000000
75681  -27.027  -14.012  33.860 0.3750000000
75682  -27.617  -14.566  34.440 0.2500000000
75666  -27.850  -14.270  35.257 0.2500000000
70767  -9.027  -20.319  43.799 0.8750000000
75693  -26.515  -14.416  33.108 0.2500000000
75694  -27.304  -14.911  33.603 0.3750000000
75667  -28.328  -14.752  35.773 0.2500000000
69798  -8.087  -20.444  42.584 0.8750000000
69811  -7.852  -20.353  41.776 0.8750000000
120583  -8.809  -19.692  41.173 0.7500000000
70805  -7.691  -19.933  40.244 0.8750000000
141167  -27.809  -16.119  33.979 0.2500000000
70806  -8.432  -19.546  40.488 0.7500000000
70829  -7.922  -19.172  38.899 0.7500000000
71745  -8.561  -18.958  39.226 0.7500000000
71757  -7.751  -18.901  38.192 0.7500000000
71767  -8.997  -18.205  38.253 0.7500000000
71758  -8.364  -18.715  38.534 0.7500000000
70837  -7.206  -19.092  37.921 0.6250000000
136882  -12.767  -15.851  37.526 0.7500000000
73734  -12.561  -16.481  38.256 0.7500000000
72746  -9.640  -17.653  37.780 0.6250000000
72745  -7.987  -18.122  37.358 0.6250000000
73747  -12.021  -16.608  37.469 0.6250000000
72747  -10.629  -17.294  37.667 0.6250000000
143808  -10.007  -17.236  37.331 0.5000000000
74730  -13.092  -15.042  37.100 0.6250000000
73761  -10.405  -16.850  36.922 0.5000000000
72765  -9.296  -17.193  37.004 0.3750000000
75678  -11.196  -14.104  34.842 0.1250000000
76616  -10.885  -13.334  34.583 0.2500000000
76615  -9.794  -12.937  34.589 0.2500000000
75649  -12.817  -14.780  36.324 0.6250000000
75662  -12.445  -14.495  35.582 0.5000000000
75677  -10.173  -13.858  34.751 0.1250000000
82044  -49.922  -7.599  29.811 0.5000000000
126956  -50.532  -8.250  30.315 0.5000000000
81193  -51.378  -7.753  30.536 0.6250000000
81182  -52.075  -8.349  31.177 0.6250000000
82035  -52.752  -7.651  31.191 0.6250000000
81184  -53.409  -8.160  31.450 0.8750000000
82037  -53.966  -7.602  31.263 0.7500000000
81194  -54.644  -8.190  30.735 0.7500000000
81195  -55.215  -8.366  29.797 0.6250000000
80292  -55.121  -8.941  29.107 0.6250000000
81222  -55.998  -8.265  27.307 0.3750000000
81223  -56.547  -7.837  26.873 0.2500000000
82071  -56.957  -7.305  27.211 0.3750000000
82079  -56.382  -7.865  27.540 0.3750000000
82085  -57.211  -7.380  26.413 0.3750000000
82996  -58.202  -6.346  25.495 0.2500000000
83837  -58.798  -5.820  24.865 0.2500000000
84646  -59.049  -4.909  24.431 0.2500000000
85480  -58.960  -3.271  23.831 0.3750000000
85496  -59.313  -3.302  22.961 0.2500000000
87226  -58.755  -1.234  22.669 0.2500000000
129169  -59.255  -1.886  21.262 0.2500000000
88165  -59.018  0.025  20.635 0.3750000000
87278  -58.896  0.063  19.795 0.3750000000
89066  -58.802  0.555  19.927 0.3750000000
88171  -58.774  0.157  19.136 0.2500000000
88184  -58.754  0.625  19.125 0.3750000000
88182  -58.623  0.106  18.004 0.2500000000
89083  -58.737  1.072  17.638 0.3750000000
87313  -59.049  -0.452  15.317 0.2500000000
87321  -59.181  -1.267  14.600 0.2500000000
71664  -13.556  -18.835  50.555 0.7500000000
71658  -14.235  -18.772  50.987 0.7500000000
72610  -14.378  -17.562  50.765 0.7500000000
70699  -13.433  -19.377  49.654 0.8750000000
72601  -14.040  -18.153  50.951 0.7500000000
70698  -12.571  -19.318  49.650 0.8750000000
70688  -13.124  -19.144  50.068 0.8750000000
73646  -13.981  -16.870  50.199 0.7500000000
73647  -14.912  -16.872  50.195 0.7500000000
71663  -12.479  -18.759  50.455 0.8750000000
71657  -12.632  -18.241  50.920 0.7500000000
72609  -13.472  -17.454  50.728 0.7500000000
73655  -14.521  -16.340  49.370 0.6250000000
73657  -16.359  -16.139  49.796 0.5000000000
74611  -16.693  -16.479  50.647 0.5000000000
143192  -12.691  -16.971  50.763 0.7500000000
125192  -13.106  -16.699  50.320 0.7500000000
74630  -14.439  -15.693  48.472 0.6250000000
74612  -17.329  -15.644  50.669 0.5000000000
73640  -17.217  -16.497  51.471 0.5000000000
72599  -12.041  -17.613  51.275 0.8750000000
73645  -12.228  -16.336  50.514 0.7500000000
73653  -12.759  -16.206  49.937 0.7500000000
74596  -17.582  -15.379  53.424 0.3750000000
139262  -17.705  -15.872  52.589 0.5000000000
73629  -17.480  -16.732  52.466 0.5000000000
72598  -11.227  -17.137  51.760 0.7500000000
74593  -17.435  -15.856  54.767 0.5000000000
128068  -17.599  -16.393  53.479 0.5000000000
125135  -10.526  -16.411  51.906 0.8750000000
74610  -11.520  -15.872  50.445 0.7500000000
74589  -17.395  -15.876  55.923 0.3750000000
77527  -24.258  -12.367  40.111 0.2500000000
73627  -8.380  -16.655  52.853 1.0000000000
73628  -9.305  -16.700  52.649 1.0000000000
75507  -18.485  -14.735  56.102 0.3750000000
135972  -25.281  -12.259  38.439 0.2500000000
77538  -24.806  -12.338  39.204 0.2500000000
70683  -6.375  -19.352  51.505 1.0000000000
72589  -6.686  -17.643  52.539 1.0000000000
72590  -7.188  -17.436  53.017 1.0000000000
76452  -21.189  -13.445  54.535 0.3750000000
122195  -25.823  -12.479  38.917 0.2500000000
71668  -7.730  -18.394  49.363 1.0000000000
70684  -6.781  -19.079  50.918 1.0000000000
72608  -6.641  -17.696  50.909 1.0000000000
76455  -23.196  -13.041  53.391 0.3750000000
77546  -26.150  -12.404  37.961 0.2500000000
78295  -22.543  -11.984  51.820 0.2500000000
78448  -26.013  -12.190  36.936 0.2500000000
77547  -26.869  -12.560  37.195 0.2500000000
78300  -21.341  -11.402  50.412 0.3750000000
77554  -27.120  -12.919  35.891 0.2500000000
70707  -7.965  -19.181  49.045 1.0000000000
76623  -27.320  -13.733  34.701 0.2500000000
70721  -8.591  -19.298  48.103 1.0000000000
69754  -9.342  -20.251  45.534 0.8750000000
69768  -9.226  -20.361  44.682 0.8750000000
138703  -9.585  -19.980  43.356 0.8750000000
131212  -8.862  -20.206  42.953 0.8750000000
70775  -9.619  -19.788  42.603 0.8750000000
70807  -9.232  -19.304  40.747 0.7500000000
73727  -12.769  -16.470  39.082 0.6250000000
72704  -12.440  -17.072  39.639 0.6250000000
71760  -10.589  -18.089  39.069 0.7500000000
71759  -9.722  -18.246  38.849 0.7500000000
140061  -8.965  -18.571  38.843 0.7500000000
125092  -12.990  -15.874  38.474 0.7500000000
72749  -12.062  -16.921  38.179 0.7500000000
72723  -11.196  -17.749  38.848 0.7500000000
72722  -10.380  -17.780  38.393 0.7500000000
139112  -9.666  -17.962  38.328 0.7500000000
74722  -13.193  -15.145  38.021 0.6250000000
120290  -11.112  -17.468  38.241 0.7500000000
76617  -11.848  -13.534  34.765 0.3750000000
141992  -10.638  -12.625  34.446 0.2500000000
82046  -51.527  -6.646  30.328 0.5000000000
141305  -52.158  -6.289  30.603 0.7500000000
82045  -50.745  -7.143  30.030 0.5000000000
82034  -52.138  -7.201  30.757 0.6250000000
82036  -53.291  -7.303  31.223 0.7500000000
82048  -53.613  -6.656  31.093 0.7500000000
122183  -54.415  -7.007  30.859 0.6250000000
82049  -55.104  -7.456  30.212 0.6250000000
82932  -54.829  -6.364  30.406 0.6250000000
82994  -50.130  -6.474  25.651 0.1250000000
143429  -55.794  -7.535  29.152 0.6250000000
142171  -55.474  -8.451  29.046 0.6250000000
81204  -55.835  -8.050  28.688 0.6250000000
82059  -56.110  -7.215  28.815 0.6250000000
80315  -55.928  -8.323  27.947 0.5000000000
132892  -56.227  -7.832  28.172 0.6250000000
82977  -57.657  -6.663  26.378 0.3750000000
83825  -58.484  -5.178  25.457 0.3750000000
84645  -58.620  -4.171  25.016 0.3750000000
86357  -58.710  -1.855  23.331 0.2500000000
88119  -58.268  -0.723  22.754 0.5000000000
89028  -58.473  0.099  21.769 0.3750000000
89057  -58.096  0.886  20.436 0.3750000000
89044  -58.726  0.484  20.613 0.3750000000
89866  -58.263  1.071  19.538 0.3750000000
89872  -58.401  1.175  18.683 0.3750000000
88193  -58.811  0.597  17.422 0.3750000000
89891  -58.557  1.252  17.279 0.3750000000
88204  -58.821  0.276  16.690 0.2500000000
88209  -58.945  0.320  15.935 0.3750000000
89102  -58.691  0.468  15.070 0.3750000000
88224  -58.245  -0.251  13.807 0.3750000000
87322  -59.258  -0.831  14.166 0.2500000000
87331  -58.790  -0.883  13.102 0.3750000000
87332  -59.275  -1.134  13.500 0.2500000000
74631  -15.411  -15.863  48.805 0.6250000000
138660  -16.906  -15.797  50.014 0.5000000000
74623  -17.130  -15.203  49.803 0.5000000000
144427  -15.328  -15.385  48.203 0.6250000000
75524  -17.452  -14.203  50.313 0.5000000000
74619  -12.944  -15.921  49.284 0.7500000000
75514  -17.246  -14.697  54.424 0.3750000000
126570  -17.729  -15.042  52.307 0.3750000000
75518  -17.635  -14.771  51.164 0.3750000000
74618  -12.054  -15.771  49.804 0.7500000000
75509  -17.156  -14.778  55.647 0.3750000000
74602  -10.270  -15.861  51.613 0.8750000000
132237  -17.919  -14.228  56.293 0.3750000000
127651  -17.318  -14.226  56.141 0.3750000000
74600  -8.544  -15.550  51.838 0.8750000000
74601  -9.424  -15.634  51.786 0.8750000000
77384  -18.855  -12.750  55.769 0.3750000000
131798  -6.518  -17.894  51.792 1.0000000000
120836  -6.591  -17.143  51.928 1.0000000000
73633  -7.267  -16.104  52.121 1.0000000000
76454  -22.974  -13.141  53.837 0.3750000000
77389  -21.771  -12.576  54.591 0.3750000000
77528  -25.390  -12.525  39.780 0.2500000000
71667  -7.256  -18.376  49.963 1.0000000000
72615  -6.596  -16.903  50.478 1.0000000000
77394  -23.431  -12.158  53.276 0.2500000000
77391  -23.270  -12.288  53.825 0.2500000000
77539  -26.640  -12.569  38.661 0.2500000000
77529  -26.530  -12.606  39.554 0.2500000000
72622  -7.786  -17.560  48.998 1.0000000000
72617  -7.357  -17.810  49.580 1.0000000000
126638  -23.094  -11.595  52.327 0.2500000000
78292  -23.434  -11.644  52.838 0.2500000000
129072  -27.173  -12.653  38.033 0.2500000000
78301  -22.123  -11.282  51.267 0.3750000000
72628  -8.413  -17.693  48.329 0.8750000000
72629  -8.865  -17.345  47.666 1.0000000000
70722  -9.235  -18.959  47.491 1.0000000000
79216  -21.335  -10.525  50.002 0.3750000000
71669  -8.287  -18.418  48.685 1.0000000000
71675  -8.872  -18.338  47.936 1.0000000000
69740  -9.291  -20.003  46.355 1.0000000000
70761  -9.954  -19.854  45.036 0.8750000000
70768  -10.412  -19.498  43.386 0.7500000000
71693  -11.130  -18.764  43.898 0.6250000000
70776  -10.425  -19.295  42.359 0.7500000000
71699  -11.117  -18.878  42.892 0.6250000000
70793  -9.621  -19.489  41.634 0.7500000000
70794  -10.935  -18.714  41.175 0.6250000000
71731  -10.671  -18.626  40.372 0.7500000000
73722  -12.667  -16.453  39.968 0.6250000000
72703  -11.982  -17.672  40.133 0.6250000000
71732  -11.476  -18.251  40.641 0.6250000000
71747  -10.234  -18.474  39.600 0.7500000000
131547  -12.920  -15.642  39.343 0.6250000000
140888  -13.069  -15.433  38.638 0.6250000000
75637  -13.088  -14.179  38.253 0.6250000000
75642  -13.268  -14.371  37.433 0.6250000000
75663  -13.118  -13.963  36.043 0.5000000000
76603  -12.579  -13.724  35.237 0.3750000000
124147  -11.542  -12.775  34.480 0.3750000000
75650  -13.195  -14.395  36.755 0.5000000000
82928  -50.921  -6.139  29.804 0.3750000000
82930  -53.285  -5.818  30.852 0.7500000000
82931  -54.049  -5.984  30.854 0.7500000000
82047  -52.815  -6.606  30.938 0.7500000000
83822  -50.684  -5.995  26.070 0.2500000000
82070  -56.601  -7.280  28.026 0.6250000000
82961  -57.330  -6.598  27.090 0.5000000000
83806  -57.201  -5.586  27.546 0.6250000000
130025  -57.572  -5.954  26.816 0.5000000000
83818  -57.948  -5.703  26.199 0.3750000000
85479  -58.587  -3.288  24.636 0.3750000000
139688  -58.278  -1.722  23.888 0.5000000000
87224  -57.801  -1.013  23.266 0.5000000000
88118  -57.840  -0.490  22.664 0.5000000000
132803  -58.244  -0.230  22.303 0.5000000000
88153  -57.119  0.210  21.083 0.3750000000
89056  -57.454  0.666  20.381 0.3750000000
89064  -57.747  1.024  19.720 0.3750000000
89870  -57.367  1.003  19.068 0.3750000000
89075  -57.087  1.045  18.499 0.3750000000
137106  -57.626  1.268  18.552 0.3750000000
134860  -56.822  1.055  17.336 0.3750000000
89900  -57.526  1.353  17.043 0.3750000000
89901  -58.285  1.352  16.681 0.3750000000
89907  -58.020  1.202  15.927 0.3750000000
89096  -58.389  0.887  15.534 0.3750000000
127006  -57.710  0.831  15.339 0.3750000000
88217  -58.511  0.126  14.434 0.3750000000
88223  -57.294  -0.200  13.891 0.3750000000
87330  -57.770  -0.695  13.164 0.3750000000
74642  -16.152  -14.498  47.857 0.5000000000
75534  -16.909  -14.815  49.050 0.5000000000
75535  -17.261  -14.517  49.628 0.5000000000
74639  -13.959  -15.302  47.901 0.7500000000
74640  -14.742  -15.124  47.759 0.6250000000
76463  -17.329  -13.387  50.343 0.3750000000
74629  -13.301  -15.559  48.467 0.7500000000
75559  -13.970  -14.750  47.280 0.7500000000
76458  -17.498  -13.971  52.156 0.3750000000
76460  -17.447  -13.733  51.110 0.3750000000
74628  -12.281  -15.479  48.917 0.7500000000
75516  -17.423  -14.432  53.216 0.3750000000
141430  -17.110  -13.667  53.143 0.3750000000
74616  -10.375  -15.298  50.327 0.8750000000
74627  -11.540  -15.386  49.330 0.7500000000
131874  -16.849  -14.040  55.074 0.3750000000
76450  -16.504  -13.230  54.886 0.3750000000
75523  -9.609  -15.074  50.450 0.8750000000
76447  -17.795  -13.313  56.214 0.3750000000
73632  -6.743  -16.439  51.681 1.0000000000
74599  -7.712  -15.545  51.703 0.8750000000
74606  -8.210  -15.184  51.176 0.8750000000
144228  -21.554  -11.484  54.980 0.2500000000
77388  -20.615  -12.762  54.910 0.3750000000
72616  -6.891  -17.563  50.086 1.0000000000
78285  -22.270  -11.676  54.715 0.2500000000
78286  -23.198  -11.578  54.281 0.2500000000
129071  -27.400  -12.720  38.925 0.2500000000
73662  -7.255  -16.723  48.926 0.8750000000
78289  -23.558  -11.426  53.772 0.2500000000
144449  -23.656  -11.319  53.318 0.2500000000
78296  -22.877  -11.102  51.892 0.2500000000
73663  -7.999  -16.933  48.313 0.8750000000
73673  -8.041  -16.519  47.528 0.8750000000
71676  -9.468  -18.249  47.261 1.0000000000
72635  -9.595  -17.461  46.871 0.8750000000
79211  -21.835  -10.723  50.740 0.3750000000
71682  -10.025  -18.225  46.554 0.8750000000
71683  -10.519  -18.254  45.835 0.6250000000
70750  -10.430  -19.055  45.421 0.7500000000
71688  -10.950  -18.375  44.944 0.6250000000
71700  -11.589  -18.185  43.314 0.6250000000
72668  -12.170  -17.172  42.241 0.6250000000
72674  -12.016  -17.741  41.899 0.6250000000
73716  -12.506  -16.454  40.860 0.6250000000
72675  -12.348  -17.059  41.479 0.6250000000
72686  -12.085  -17.764  41.027 0.6250000000
75622  -12.438  -14.999  40.021 0.6250000000
72687  -12.424  -17.127  40.521 0.6250000000
75636  -12.625  -14.233  39.025 0.6250000000
76581  -12.602  -13.512  38.702 0.6250000000
76582  -13.029  -13.317  38.168 0.6250000000
76604  -13.154  -13.114  35.513 0.3750000000
77557  -12.569  -12.860  34.781 0.3750000000
77572  -12.085  -12.126  34.353 0.3750000000
76595  -13.409  -13.161  36.372 0.3750000000
136688  -12.847  -12.067  34.636 0.3750000000
83771  -52.381  -5.013  30.330 0.5000000000
82929  -52.570  -5.678  30.616 0.7500000000
83772  -53.067  -5.083  30.582 0.7500000000
83773  -54.405  -5.247  30.442 0.6250000000
130842  -51.748  -5.642  30.229 0.5000000000
136327  -53.683  -5.275  30.689 0.7500000000
82940  -55.250  -5.776  29.970 0.6250000000
83782  -54.971  -4.829  29.919 0.6250000000
84614  -51.186  -4.731  28.330 0.3750000000
84615  -52.640  -4.238  28.357 0.3750000000
138403  -55.577  -6.923  29.674 0.6250000000
136881  -55.577  -5.311  29.569 0.6250000000
83805  -51.197  -5.130  27.406 0.2500000000
128799  -51.345  -5.530  26.400 0.2500000000
82941  -55.891  -6.183  29.316 0.6250000000
83791  -56.124  -5.443  29.046 0.6250000000
130397  -56.272  -4.763  28.779 0.6250000000
82953  -56.450  -6.402  28.585 0.6250000000
83792  -56.684  -5.575  28.363 0.6250000000
84607  -56.014  -3.834  28.653 0.6250000000
82954  -56.943  -6.518  27.818 0.6250000000
84608  -56.753  -4.651  28.194 0.6250000000
131806  -57.185  -4.578  27.565 0.6250000000
84628  -57.334  -3.920  27.154 0.6250000000
83817  -57.636  -4.989  26.871 0.5000000000
84629  -57.799  -4.131  26.451 0.6250000000
85462  -57.423  -3.198  26.556 0.5000000000
84634  -58.209  -4.231  25.766 0.5000000000
85470  -57.748  -2.874  25.809 0.6250000000
85471  -58.234  -3.418  25.416 0.5000000000
86333  -57.477  -2.297  25.396 0.6250000000
87206  -57.421  -1.792  24.591 0.5000000000
86334  -58.129  -2.603  25.056 0.5000000000
86340  -58.010  -1.933  24.582 0.5000000000
87211  -57.856  -1.486  23.924 0.5000000000
87223  -57.252  -0.972  23.082 0.6250000000
119850  -55.141  -1.398  20.622 0.3750000000
88152  -56.276  -0.315  20.712 0.3750000000
88117  -57.479  -0.426  22.433 0.3750000000
88163  -55.944  -0.212  19.884 0.3750000000
88169  -55.729  -0.102  19.105 0.3750000000
89062  -56.485  0.548  18.873 0.3750000000
88191  -55.124  -0.097  17.089 0.3750000000
122827  -56.011  0.560  17.232 0.3750000000
139019  -56.412  0.719  16.046 0.3750000000
88214  -55.978  -0.004  14.934 0.3750000000
89095  -56.218  0.456  15.608 0.3750000000
88215  -56.941  0.194  14.534 0.3750000000
88222  -56.295  -0.346  14.163 0.3750000000
87329  -56.711  -0.785  13.386 0.3750000000
75561  -15.729  -14.236  47.312 0.6250000000
75546  -17.109  -14.075  48.933 0.5000000000
75572  -15.249  -13.919  46.768 0.6250000000
76484  -16.313  -13.756  47.583 0.6250000000
77417  -16.462  -12.879  47.756 0.6250000000
77411  -17.037  -13.320  49.025 0.3750000000
75557  -11.251  -14.521  47.906 0.7500000000
75558  -11.870  -14.215  47.143 0.7500000000
75544  -13.298  -15.121  47.767 0.7500000000
134877  -17.168  -13.198  51.772 0.3750000000
75556  -10.479  -14.325  47.954 0.7500000000
119699  -11.991  -14.692  47.803 0.7500000000
75543  -12.508  -15.117  48.103 0.7500000000
137808  -16.271  -12.489  55.093 0.3750000000
77393  -16.626  -13.102  53.705 0.3750000000
75540  -7.880  -14.191  48.906 0.8750000000
75530  -8.320  -14.571  49.710 0.7500000000
75531  -9.284  -14.734  49.718 0.8750000000
76445  -16.553  -12.856  55.662 0.3750000000
134026  -6.686  -15.182  49.716 0.8750000000
75521  -7.797  -14.853  50.427 0.8750000000
75522  -8.718  -14.917  50.501 0.8750000000
78282  -19.701  -11.412  55.496 0.2500000000
77383  -18.175  -12.320  56.071 0.3750000000
73661  -6.699  -16.007  48.883 0.8750000000
132548  -6.601  -15.800  49.623 1.0000000000
74615  -6.687  -15.626  50.363 0.8750000000
77385  -19.956  -12.175  55.318 0.3750000000
72621  -7.174  -17.231  49.454 0.8750000000
73652  -6.756  -16.639  49.659 1.0000000000
124467  -22.931  -10.864  54.623 0.2500000000
79199  -23.920  -10.622  53.658 0.2500000000
78297  -23.423  -10.946  52.505 0.2500000000
79207  -23.351  -10.270  51.975 0.2500000000
79212  -22.524  -10.437  51.311 0.2500000000
141382  -8.905  -16.505  46.488 0.8750000000
72636  -10.251  -17.559  46.189 0.6250000000
139737  -10.365  -16.644  45.199 0.6250000000
71689  -11.110  -17.648  44.863 0.6250000000
71694  -11.426  -17.906  44.246 0.6250000000
73697  -11.324  -16.748  43.987 0.6250000000
72660  -11.691  -17.288  43.607 0.6250000000
72661  -12.034  -16.884  42.841 0.6250000000
74695  -11.948  -15.962  41.898 0.6250000000
73709  -11.752  -16.195  42.618 0.6250000000
74708  -12.027  -15.146  40.781 0.6250000000
74701  -12.243  -15.821  41.188 0.6250000000
142989  -12.279  -16.378  41.527 0.6250000000
131905  -12.578  -15.768  40.377 0.6250000000
75629  -12.132  -14.272  39.694 0.6250000000
76574  -12.021  -13.590  39.315 0.6250000000
77522  -11.380  -12.908  39.423 0.6250000000
77523  -12.086  -13.040  38.956 0.6250000000
77534  -12.639  -12.653  38.488 0.5000000000
77535  -13.015  -11.827  38.136 0.5000000000
76589  -13.279  -13.568  37.613 0.6250000000
78410  -12.739  -11.071  38.375 0.5000000000
78411  -13.193  -11.180  37.883 0.5000000000
131204  -13.433  -13.122  37.123 0.5000000000
77543  -13.514  -12.456  36.869 0.3750000000
78443  -13.617  -11.712  36.489 0.3750000000
79319  -14.016  -10.455  36.339 0.3750000000
77558  -13.198  -12.279  35.179 0.3750000000
84585  -52.893  -4.520  30.302 0.5000000000
84586  -53.675  -4.593  30.402 0.7500000000
83770  -51.747  -4.925  29.937 0.5000000000
84594  -52.671  -4.208  29.897 0.6250000000
83781  -54.337  -4.483  30.134 0.6250000000
84592  -51.193  -4.869  29.375 0.3750000000
84593  -51.974  -4.537  29.641 0.5000000000
84604  -52.429  -4.171  29.229 0.5000000000
85435  -53.227  -3.878  29.579 0.6250000000
84596  -54.020  -4.031  30.009 0.6250000000
84603  -51.499  -4.545  29.085 0.3750000000
124022  -51.895  -4.430  28.642 0.3750000000
85443  -53.857  -3.619  29.290 0.7500000000
84597  -54.730  -4.046  29.690 0.6250000000
85444  -54.494  -3.449  29.006 0.7500000000
83783  -55.566  -4.486  29.333 0.6250000000
85460  -54.304  -3.536  27.734 0.6250000000
85453  -55.398  -2.992  27.839 0.6250000000
84617  -56.729  -3.758  27.852 0.6250000000
86314  -55.884  -2.745  27.309 0.6250000000
86324  -56.100  -2.617  26.589 0.6250000000
85454  -56.849  -3.107  27.265 0.6250000000
86325  -56.784  -2.458  26.162 0.6250000000
86316  -56.950  -2.713  26.695 0.6250000000
86338  -56.558  -2.288  24.882 0.6250000000
86326  -57.269  -2.633  26.168 0.6250000000
86332  -56.943  -2.164  25.217 0.6250000000
86355  -56.346  -2.160  24.042 0.6250000000
86339  -56.924  -1.807  24.431 0.6250000000
86362  -55.583  -2.110  22.471 0.5000000000
87210  -57.349  -1.405  23.842 0.6250000000
86383  -55.180  -1.847  21.435 0.5000000000
87235  -56.113  -1.279  22.040 0.5000000000
87222  -56.454  -1.562  23.037 0.6250000000
87257  -55.784  -0.980  21.142 0.5000000000
87236  -56.872  -0.745  22.403 0.5000000000
78319  -15.434  -11.823  46.253 0.6250000000
78320  -15.782  -12.211  46.736 0.6250000000
76514  -11.455  -13.209  46.029 0.7500000000
76498  -12.146  -13.669  46.418 0.7500000000
76517  -14.485  -12.921  45.802 0.7500000000
126590  -14.822  -13.471  46.286 0.6250000000
77424  -15.488  -12.574  46.365 0.6250000000
78307  -16.385  -12.062  48.114 0.6250000000
134301  -16.855  -12.651  49.228 0.3750000000
76497  -10.716  -13.526  46.716 0.7500000000
133178  -11.429  -13.739  46.728 0.7500000000
138254  -12.654  -14.079  46.713 0.7500000000
75570  -13.496  -14.157  46.668 0.7500000000
76500  -14.004  -13.576  46.123 0.7500000000
75571  -14.443  -14.105  46.669 0.7500000000
77403  -16.723  -12.219  50.891 0.3750000000
77404  -17.046  -12.715  50.390 0.3750000000
76480  -9.162  -13.649  47.475 0.7500000000
76481  -10.141  -13.850  47.369 0.7500000000
138250  -10.168  -14.461  48.433 0.7500000000
125453  -12.797  -14.617  47.326 0.7500000000
77392  -16.262  -12.402  54.295 0.3750000000
78291  -16.057  -11.585  52.514 0.3750000000
76469  -8.505  -13.896  48.207 0.8750000000
75541  -8.920  -14.332  48.958 0.7500000000
122539  -9.825  -14.581  48.934 0.7500000000
75554  -6.367  -14.422  47.160 0.7500000000
75538  -6.625  -14.542  48.333 0.8750000000
75539  -7.057  -14.260  48.724 0.8750000000
142763  -6.439  -14.907  47.958 0.8750000000
74626  -6.582  -15.189  48.868 0.8750000000
78283  -20.799  -11.438  55.176 0.2500000000
73672  -6.618  -15.500  48.077 0.8750000000
79194  -21.755  -10.907  54.989 0.2500000000
120745  -23.617  -10.760  54.185 0.2500000000
127367  -7.207  -16.215  48.171 0.8750000000
79200  -24.167  -10.122  53.250 0.2500000000
73679  -6.942  -15.770  47.199 0.8750000000
80089  -22.602  -9.653  51.050 0.3750000000
73680  -8.074  -16.210  46.611 0.8750000000
73681  -9.607  -16.804  46.321 0.7500000000
73689  -9.675  -16.435  45.579 0.6250000000
73704  -10.843  -16.162  43.764 0.6250000000
74693  -10.345  -15.023  42.679 0.6250000000
74685  -11.081  -15.769  43.066 0.6250000000
74700  -11.642  -15.302  41.537 0.6250000000
75621  -11.641  -14.411  40.384 0.6250000000
75613  -11.236  -14.592  41.145 0.6250000000
76566  -11.226  -13.610  39.985 0.6250000000
143914  -11.365  -12.339  39.300 0.6250000000
77533  -11.882  -12.433  38.988 0.6250000000
78409  -11.913  -10.869  38.958 0.5000000000
122311  -12.314  -11.774  38.683 0.6250000000
79306  -12.590  -10.239  38.491 0.5000000000
79307  -13.133  -10.545  37.984 0.5000000000
78426  -13.422  -11.659  37.373 0.5000000000
120554  -13.718  -10.992  36.829 0.3750000000
129462  -13.451  -10.180  37.569 0.2500000000
80221  -13.113  -9.788  37.992 0.3750000000
126466  -13.799  -10.278  37.043 0.2500000000
80234  -13.660  -9.479  37.334 0.2500000000
77550  -13.471  -12.418  35.959 0.3750000000
78457  -13.575  -11.619  35.640 0.3750000000
79320  -14.290  -9.886  35.846 0.3750000000
81165  -14.352  -8.824  34.029 0.1250000000
78330  -14.496  -11.586  45.344 0.7500000000
79221  -15.475  -10.767  47.189 0.5000000000
79218  -15.573  -10.649  48.134 0.3750000000
77449  -9.469  -12.205  44.510 0.7500000000
77450  -10.482  -12.203  44.555 0.7500000000
77438  -10.970  -12.673  45.248 0.7500000000
77439  -11.948  -12.652  45.162 0.7500000000
77440  -12.873  -12.519  45.040 0.7500000000
131046  -13.572  -12.275  45.022 0.7500000000
76516  -13.554  -12.927  45.556 0.7500000000
77442  -14.959  -12.248  45.770 0.7500000000
78311  -15.913  -11.413  47.685 0.5000000000
79214  -15.593  -10.535  49.157 0.3750000000
77436  -8.840  -12.629  45.196 0.7500000000
76496  -9.789  -13.360  46.761 0.7500000000
76513  -10.412  -13.044  46.046 0.7500000000
76515  -12.508  -13.112  45.729 0.7500000000
76499  -13.055  -13.604  46.172 0.7500000000
78302  -16.145  -11.264  49.750 0.3750000000
76511  -8.209  -13.006  46.054 0.7500000000
76495  -8.728  -13.289  46.803 0.7500000000
78298  -15.958  -10.968  50.838 0.3750000000
129786  -7.126  -13.209  46.141 0.7500000000
76494  -7.566  -13.366  46.803 0.7500000000
76468  -7.446  -13.893  48.130 0.7500000000
76493  -6.568  -13.573  46.554 0.7500000000
76477  -6.361  -13.923  46.852 0.7500000000
76478  -6.991  -13.703  47.373 0.7500000000
75555  -6.764  -14.117  47.802 0.7500000000
125800  -5.941  -10.049  41.152 0.5000000000
78368  -5.740  -11.565  41.882 0.5000000000
142858  -6.023  -11.651  41.658 0.5000000000
74638  -6.302  -15.000  47.150 0.8750000000
77493  -5.850  -12.403  42.107 0.6250000000
79290  -6.384  -10.452  40.981 0.5000000000
74651  -7.024  -15.657  46.276 0.8750000000
78379  -6.377  -11.231  41.266 0.5000000000
74660  -7.804  -15.822  45.707 0.6250000000
74661  -8.789  -15.971  45.208 0.6250000000
73696  -9.774  -16.134  44.873 0.6250000000
74674  -9.976  -15.820  44.161 0.6250000000
122322  -7.569  -10.851  40.615 0.5000000000
74682  -8.063  -15.194  43.871 0.6250000000
74673  -8.923  -15.648  44.420 0.6250000000
78381  -7.922  -11.656  40.730 0.5000000000
74692  -9.485  -14.983  43.132 0.6250000000
75604  -10.005  -14.441  42.129 0.6250000000
75620  -10.720  -13.906  40.757 0.6250000000
75612  -10.292  -14.171  41.488 0.6250000000
76573  -10.656  -12.915  39.944 0.6250000000
77521  -10.686  -12.154  39.647 0.6250000000
76565  -10.242  -13.232  40.491 0.6250000000
78395  -10.969  -11.173  39.462 0.5000000000
80208  -11.104  -9.168  39.311 0.5000000000
81105  -10.481  -8.187  39.374 0.5000000000
79305  -11.901  -9.807  38.971 0.5000000000
81119  -11.378  -8.255  38.972 0.5000000000
80220  -12.498  -9.355  38.463 0.5000000000
80219  -11.876  -8.992  38.868 0.5000000000
136965  -13.062  -8.918  37.919 0.5000000000
130643  -12.267  -8.363  38.428 0.5000000000
81144  -14.129  -8.953  36.701 0.3750000000
81134  -13.614  -8.508  37.292 0.2500000000
81145  -14.443  -8.604  36.034 0.2500000000
80244  -14.357  -9.276  36.154 0.3750000000
81998  -14.498  -7.711  35.877 0.1250000000
81152  -14.649  -8.340  35.211 0.3750000000
119794  -14.811  -7.916  34.595 0.1250000000
82009  -15.034  -7.270  34.277 0.1250000000
119868  -14.730  -8.052  33.905 0.1250000000
78340  -10.926  -11.647  44.071 0.7500000000
78356  -11.294  -11.143  43.833 0.7500000000
78357  -11.961  -10.877  43.919 0.7500000000
79246  -14.188  -10.042  45.380 0.6250000000
79229  -15.229  -10.948  46.295 0.5000000000
79228  -15.003  -10.142  46.705 0.3750000000
77451  -11.425  -12.184  44.546 0.7500000000
126053  -11.764  -11.583  44.137 0.7500000000
78342  -13.371  -11.129  44.501 0.7500000000
80109  -14.453  -9.611  46.219 0.5000000000
79206  -15.288  -10.287  51.250 0.3750000000
79210  -15.475  -10.429  50.215 0.3750000000
80160  -5.281  -9.977  42.273 0.5000000000
134440  -5.429  -10.701  42.760 0.6250000000
81073  -5.388  -8.817  42.052 0.5000000000
81081  -5.959  -8.377  41.409 0.5000000000
79274  -5.533  -11.173  42.273 0.6250000000
80174  -5.625  -9.500  41.513 0.5000000000
78350  -5.331  -12.958  43.203 0.6250000000
79283  -5.618  -10.573  41.686 0.5000000000
78361  -5.623  -12.286  42.492 0.6250000000
74649  -5.945  -14.487  45.955 0.7500000000
76552  -5.764  -13.168  42.468 0.6250000000
77494  -6.337  -12.608  41.865 0.6250000000
78369  -6.365  -11.925  41.565 0.5000000000
124870  -6.819  -10.821  40.835 0.5000000000
74650  -6.232  -15.139  46.265 0.7500000000
74659  -6.506  -15.281  45.412 0.7500000000
78380  -6.953  -11.459  40.999 0.5000000000
79291  -7.145  -9.990  40.589 0.5000000000
74672  -7.624  -15.499  44.718 0.6250000000
77508  -7.038  -12.116  41.296 0.6250000000
79292  -8.177  -10.132  40.337 0.5000000000
142835  -7.328  -14.787  43.421 0.6250000000
75593  -8.355  -14.755  43.129 0.6250000000
77509  -7.793  -12.309  41.060 0.5000000000
79298  -9.145  -10.325  40.062 0.5000000000
80205  -8.811  -9.459  40.091 0.5000000000
75603  -9.241  -14.545  42.555 0.6250000000
75611  -9.132  -13.969  41.869 0.6250000000
76563  -8.166  -12.788  41.216 0.6250000000
78382  -8.891  -11.563  40.385 0.5000000000
76556  -9.722  -13.546  41.169 0.6250000000
76564  -9.246  -12.941  40.867 0.6250000000
77511  -9.883  -12.564  40.274 0.5000000000
78393  -9.438  -11.119  40.051 0.5000000000
80206  -9.692  -9.677  39.823 0.5000000000
78383  -9.655  -11.853  40.114 0.6250000000
78394  -10.196  -11.393  39.786 0.5000000000
79299  -10.164  -10.541  39.729 0.5000000000
126146  -10.118  -8.955  39.631 0.5000000000
80207  -10.462  -9.730  39.577 0.5000000000
81118  -10.773  -7.402  39.042 0.5000000000
81968  -12.301  -7.539  38.191 0.5000000000
81967  -11.597  -7.481  38.605 0.5000000000
82881  -14.019  -7.111  36.565 0.1250000000
81983  -13.488  -7.565  37.233 0.2500000000
81133  -12.927  -8.011  37.799 0.3750000000
81982  -12.723  -7.101  37.779 0.3750000000
82859  -11.868  -6.799  38.243 0.3750000000
81997  -14.115  -8.091  36.636 0.2500000000
83721  -13.852  -6.120  36.554 0.1250000000
82882  -14.529  -6.580  35.743 0.1250000000
82002  -14.836  -7.383  35.079 0.1250000000
78339  -9.992  -11.670  44.036 0.6250000000
78355  -10.480  -10.990  43.672 0.6250000000
79263  -11.252  -10.470  43.737 0.6250000000
123071  -11.724  -9.301  44.369 0.5000000000
79264  -11.967  -10.026  44.000 0.6250000000
78338  -8.980  -11.736  43.991 0.6250000000
80131  -12.691  -9.571  44.591 0.6250000000
139749  -13.472  -9.561  45.088 0.5000000000
80119  -13.780  -9.197  45.734 0.5000000000
80108  -13.907  -8.942  46.678 0.5000000000
80103  -14.538  -9.459  47.174 0.3750000000
79217  -15.079  -9.911  48.644 0.3750000000
127870  -8.331  -12.213  44.435 0.7500000000
79213  -14.939  -9.850  49.675 0.5000000000
143771  -5.503  -10.405  43.130 0.6250000000
80143  -5.371  -9.773  43.088 0.6250000000
125478  -5.241  -9.097  42.730 0.5000000000
79205  -14.618  -9.640  51.673 0.5000000000
77435  -7.397  -12.739  45.199 0.7500000000
79257  -5.493  -11.770  42.812 0.6250000000
81937  -5.672  -7.952  41.998 0.5000000000
76541  -5.185  -13.813  43.410 0.7500000000
80175  -6.130  -9.069  41.012 0.5000000000
138622  -5.998  -14.138  46.148 0.7500000000
77480  -5.470  -13.189  42.758 0.6250000000
132985  -6.612  -8.758  40.755 0.5000000000
81947  -6.952  -7.693  40.974 0.5000000000
80190  -7.079  -8.947  40.564 0.5000000000
81091  -7.042  -8.193  40.696 0.5000000000
76543  -5.750  -13.656  42.666 0.6250000000
81092  -7.717  -8.302  40.469 0.5000000000
74670  -5.607  -14.635  44.776 0.6250000000
76553  -6.430  -13.205  42.081 0.6250000000
80191  -7.891  -9.200  40.346 0.5000000000
74671  -6.396  -15.090  44.601 0.7500000000
74681  -6.885  -15.029  43.973 0.6250000000
76554  -7.477  -13.257  41.725 0.6250000000
81957  -8.355  -7.720  40.313 0.5000000000
75602  -8.080  -14.194  42.400 0.6250000000
130206  -7.991  -13.698  41.935 0.6250000000
81103  -8.608  -8.488  40.124 0.5000000000
76555  -8.612  -13.348  41.458 0.6250000000
132811  -9.341  -8.924  39.873 0.5000000000
81104  -9.481  -8.117  39.745 0.5000000000
81959  -9.941  -7.329  39.424 0.5000000000
138037  -10.304  -6.736  39.117 0.5000000000
123631  -10.997  -6.681  38.701 0.5000000000
82858  -11.327  -5.904  38.313 0.3750000000
82867  -13.247  -6.516  37.245 0.3750000000
82866  -12.300  -6.245  37.794 0.3750000000
83712  -13.256  -5.742  37.066 0.1250000000
142237  -12.716  -5.795  37.452 0.3750000000
127811  -13.541  -5.239  36.651 0.1250000000
83722  -14.257  -5.531  35.991 0.1250000000
123167  -14.586  -4.864  35.349 0.1250000000
82894  -15.046  -6.375  34.768 0.1250000000
78354  -9.472  -11.126  43.680 0.6250000000
80147  -9.614  -9.699  43.685 0.6250000000
81066  -9.755  -9.106  44.001 0.5000000000
81052  -10.310  -8.791  44.493 0.5000000000
81053  -11.252  -8.769  44.764 0.5000000000
81012  -13.064  -8.574  47.259 0.5000000000
80095  -13.692  -8.959  48.767 0.5000000000
80982  -12.678  -8.641  50.153 0.5000000000
80146  -8.086  -9.845  43.615 0.6250000000
81064  -8.359  -9.192  43.941 0.6250000000
81039  -11.522  -8.514  45.582 0.5000000000
81040  -12.405  -8.579  45.783 0.5000000000
81026  -12.538  -8.486  46.566 0.5000000000
81027  -13.189  -8.662  46.163 0.5000000000
80102  -13.844  -8.935  47.737 0.5000000000
80091  -13.500  -8.944  49.720 0.5000000000
134588  -13.395  -8.873  50.648 0.5000000000
130334  -13.506  -8.667  51.521 0.5000000000
79260  -8.818  -10.385  43.545 0.6250000000
79259  -7.081  -10.405  43.553 0.6250000000
80145  -7.061  -9.525  43.836 0.6250000000
81048  -6.450  -9.031  44.251 0.5000000000
80084  -14.067  -9.219  51.138 0.5000000000
80974  -13.209  -8.102  51.793 0.5000000000
78353  -8.625  -11.222  43.667 0.6250000000
79258  -5.769  -10.979  43.217 0.6250000000
120396  -5.873  -10.058  43.501 0.6250000000
80144  -5.719  -9.286  43.772 0.6250000000
132523  -5.593  -8.514  44.297 0.5000000000
81063  -5.418  -8.790  43.416 0.5000000000
80083  -14.211  -8.720  52.842 0.3750000000
78351  -5.627  -12.059  43.319 0.6250000000
81062  -5.395  -8.146  42.823 0.5000000000
81924  -5.582  -7.332  43.389 0.5000000000
81931  -5.929  -7.333  42.467 0.5000000000
76510  -6.217  -13.340  45.657 0.7500000000
77464  -5.316  -12.904  43.858 0.7500000000
142145  -4.979  -13.902  44.216 0.7500000000
81938  -6.235  -7.590  41.685 0.5000000000
82816  -6.323  -6.856  42.578 0.5000000000
76492  -5.859  -13.822  45.753 0.7500000000
81946  -6.503  -7.797  41.224 0.5000000000
82826  -6.508  -7.119  41.919 0.5000000000
76491  -5.343  -13.911  44.899 0.7500000000
75576  -5.260  -14.062  44.627 0.7500000000
82827  -7.005  -7.003  41.525 0.5000000000
74648  -5.511  -14.293  45.036 0.7500000000
74658  -5.752  -14.622  45.314 0.7500000000
75581  -5.145  -14.124  44.240 0.7500000000
75601  -5.845  -14.112  42.903 0.6250000000
81948  -7.652  -7.589  40.727 0.5000000000
75582  -5.765  -14.655  44.095 0.7500000000
76544  -6.840  -13.783  42.320 0.6250000000
119778  -7.053  -14.380  42.851 0.6250000000
82846  -8.428  -7.105  40.411 0.5000000000
81958  -9.079  -7.260  39.884 0.5000000000
82848  -9.732  -6.580  39.489 0.5000000000
122256  -10.350  -6.034  38.944 0.3750000000
87091  -12.140  -1.682  37.537 0.3750000000
85366  -12.409  -3.452  37.294 0.2500000000
84514  -12.303  -4.269  37.400 0.2500000000
133449  -11.954  -4.841  37.698 0.2500000000
83711  -12.020  -5.464  37.769 0.3750000000
86228  -12.288  -2.603  37.458 0.2500000000
143755  -12.713  -3.885  37.043 0.2500000000
84515  -12.707  -5.075  37.296 0.1250000000
87092  -12.500  -1.359  36.729 0.2500000000
87101  -12.978  -1.901  36.426 0.1250000000
85373  -13.127  -3.454  36.647 0.1250000000
84543  -14.131  -4.004  35.644 0.1250000000
86250  -13.882  -2.562  35.217 0.1250000000
81065  -9.164  -9.220  43.869 0.6250000000
81051  -9.224  -8.769  44.363 0.5000000000
81038  -10.636  -8.470  45.406 0.5000000000
81024  -10.876  -8.398  46.365 0.5000000000
134779  -12.409  -8.572  48.039 0.5000000000
81001  -13.030  -8.675  48.353 0.5000000000
130061  -8.830  -9.610  43.679 0.6250000000
81035  -7.684  -8.500  45.243 0.5000000000
81025  -11.750  -8.428  46.491 0.5000000000
120766  -6.512  -8.617  44.837 0.5000000000
80082  -13.754  -8.350  52.319 0.3750000000
123797  -7.879  -10.929  43.525 0.6250000000
81047  -5.361  -7.927  43.838 0.5000000000
81843  -14.710  -7.873  53.206 0.3750000000
80966  -14.093  -8.030  52.960 0.3750000000
77466  -7.773  -11.710  43.900 0.6250000000
78352  -6.701  -11.370  43.543 0.6250000000
125954  -7.177  -12.282  44.372 0.7500000000
77465  -6.334  -12.149  43.948 0.6250000000
82806  -5.744  -6.780  43.839 0.5000000000
82815  -5.926  -6.888  43.095 0.5000000000
77434  -5.913  -12.869  44.659 0.7500000000
76524  -5.117  -13.587  44.378 0.7500000000
82807  -6.230  -6.565  43.341 0.5000000000
136502  -6.631  -6.602  42.681 0.5000000000
76509  -5.412  -13.647  44.969 0.7500000000
76523  -5.093  -13.898  44.418 0.7500000000
76532  -4.972  -14.006  44.022 0.7500000000
75590  -5.054  -14.027  43.738 0.7500000000
83678  -7.115  -6.443  42.358 0.5000000000
75591  -5.297  -14.178  43.581 0.7500000000
83685  -7.318  -6.677  41.703 0.5000000000
75592  -6.271  -14.549  43.407 0.6250000000
82836  -7.304  -7.261  41.119 0.5000000000
82828  -7.601  -6.880  41.236 0.5000000000
83691  -8.193  -6.680  40.929 0.5000000000
83697  -8.616  -6.624  40.498 0.5000000000
82847  -9.118  -6.568  39.970 0.5000000000
83698  -9.299  -6.076  40.022 0.5000000000
82857  -9.737  -6.005  39.495 0.5000000000
83703  -10.165  -5.501  39.082 0.3750000000
83704  -10.699  -5.289  38.639 0.3750000000
87934  -10.953  -0.905  39.177 0.3750000000
132065  -11.336  -0.932  38.548 0.3750000000
86215  -11.384  -2.411  38.752 0.3750000000
129673  -11.725  -0.945  37.855 0.3750000000
87083  -11.628  -1.657  38.310 0.3750000000
86222  -11.792  -2.491  38.067 0.2500000000
85359  -11.389  -3.290  38.448 0.3750000000
84513  -11.593  -4.438  37.917 0.2500000000
83710  -11.358  -5.081  38.105 0.2500000000
87955  -11.490  -0.314  37.400 0.3750000000
87956  -12.015  -0.840  37.088 0.2500000000
87116  -13.362  -1.787  35.634 0.1250000000
87981  -12.461  -0.594  35.455 0.1250000000
138173  -9.300  -8.371  45.921 0.5000000000
81023  -10.022  -8.369  46.168 0.5000000000
140067  -10.380  -8.549  48.150 0.5000000000
81000  -12.208  -8.562  48.852 0.5000000000
80992  -12.837  -8.674  49.291 0.5000000000
81021  -7.371  -8.347  46.489 0.5000000000
121335  -9.643  -8.540  48.199 0.5000000000
127424  -11.113  -8.487  47.503 0.5000000000
80999  -11.395  -8.517  49.241 0.5000000000
80981  -11.882  -8.398  50.361 0.5000000000
81864  -12.297  -7.582  51.325 0.3750000000
124228  -12.704  -8.438  51.006 0.5000000000
125516  -6.520  -8.339  45.723 0.5000000000
82715  -13.849  -7.119  52.149 0.3750000000
81019  -5.458  -7.582  45.611 0.5000000000
81033  -5.383  -7.735  44.746 0.5000000000
81904  -5.298  -7.052  45.932 0.5000000000
81917  -5.437  -7.219  44.286 0.5000000000
122939  -5.605  -6.686  44.695 0.5000000000
82798  -5.968  -6.401  44.259 0.5000000000
83671  -6.409  -6.197  43.875 0.5000000000
83663  -6.351  -5.875  44.720 0.5000000000
83672  -6.903  -6.224  43.148 0.5000000000
83679  -7.655  -5.987  42.541 0.5000000000
123731  -7.645  -6.293  41.903 0.5000000000
83686  -8.084  -6.402  41.321 0.5000000000
83692  -8.856  -6.153  40.656 0.5000000000
84497  -9.627  -5.508  40.079 0.5000000000
83699  -9.904  -5.501  39.518 0.3750000000
84498  -10.094  -4.928  39.605 0.3750000000
88855  -9.974  0.347  39.273 0.2500000000
87933  -10.463  -0.422  39.640 0.3750000000
84505  -10.368  -4.821  39.001 0.3750000000
87944  -10.788  -0.224  38.707 0.3750000000
87075  -11.187  -1.589  39.023 0.3750000000
86214  -11.055  -2.299  39.509 0.3750000000
85358  -10.899  -4.018  38.737 0.3750000000
84506  -11.017  -4.614  38.438 0.3750000000
88865  -10.915  0.127  37.825 0.3750000000
87967  -12.268  -0.679  36.297 0.1250000000
87980  -11.782  -0.153  35.782 0.2500000000
87966  -11.658  -0.207  36.631 0.1250000000
87997  -13.254  -1.089  34.319 0.1250000000
121478  -11.866  -0.322  33.770 0.1250000000
127426  -9.260  -8.430  46.986 0.5000000000
80995  -7.474  -8.300  49.494 0.5000000000
81009  -7.552  -8.331  47.758 0.5000000000
126017  -6.474  -8.157  47.281 0.5000000000
80989  -9.777  -8.526  50.026 0.5000000000
120186  -10.590  -8.523  49.623 0.5000000000
80990  -11.177  -8.467  49.985 0.5000000000
80973  -11.893  -8.141  50.847 0.5000000000
81865  -13.115  -7.409  51.836 0.3750000000
119933  -6.915  -8.214  48.529 0.5000000000
143468  -6.493  -8.234  46.430 0.5000000000
82727  -13.498  -6.837  51.603 0.3750000000
81897  -5.272  -7.162  46.777 0.5000000000
82790  -5.486  -6.603  45.514 0.5000000000
83644  -5.474  -6.065  46.747 0.5000000000
83662  -5.775  -6.257  45.109 0.5000000000
131017  -6.424  -4.204  51.298 0.5000000000
85251  -6.375  -3.634  50.687 0.5000000000
84415  -6.320  -4.505  50.420 0.5000000000
139889  -6.373  -4.657  48.731 0.5000000000
83630  -5.849  -5.525  47.297 0.5000000000
84440  -6.344  -5.060  46.983 0.5000000000
83646  -6.446  -5.275  46.146 0.5000000000
83664  -6.989  -5.739  43.993 0.5000000000
86121  -6.380  -2.768  51.974 0.5000000000
86128  -6.347  -2.648  50.924 0.5000000000
85260  -6.469  -3.960  49.535 0.5000000000
85267  -6.760  -4.055  48.480 0.5000000000
84441  -7.123  -4.646  46.678 0.5000000000
84454  -7.236  -4.941  45.838 0.5000000000
131878  -7.313  -5.285  44.917 0.5000000000
83665  -7.744  -5.359  44.159 0.5000000000
138353  -6.548  -2.962  49.951 0.5000000000
85261  -6.841  -3.094  48.971 0.5000000000
84430  -7.006  -4.350  47.562 0.5000000000
85274  -7.801  -3.891  47.129 0.5000000000
84455  -8.149  -4.659  45.510 0.5000000000
83673  -7.683  -5.651  43.396 0.5000000000
84442  -8.036  -4.332  46.332 0.5000000000
84456  -8.864  -4.382  45.192 0.5000000000
84467  -9.192  -4.466  44.490 0.5000000000
84478  -8.531  -5.407  42.874 0.5000000000
84473  -9.485  -4.599  43.415 0.5000000000
84485  -8.435  -5.766  41.864 0.5000000000
84479  -9.348  -5.007  42.306 0.5000000000
84486  -9.344  -5.278  41.421 0.5000000000
84487  -9.859  -4.750  40.996 0.3750000000
84491  -10.099  -4.613  40.275 0.3750000000
88854  -9.026  0.789  39.741 0.2500000000
88845  -9.714  0.164  40.182 0.3750000000
87925  -10.221  -0.603  40.481 0.3750000000
128489  -10.810  -3.045  39.787 0.3750000000
85349  -10.525  -4.023  39.512 0.3750000000
87074  -10.795  -1.346  39.869 0.3750000000
85350  -11.044  -3.220  39.115 0.3750000000
88864  -10.152  0.512  38.331 0.2500000000
88872  -10.265  0.664  37.435 0.1250000000
88873  -11.043  0.293  37.014 0.1250000000
88881  -11.073  0.271  36.149 0.1250000000
88889  -10.211  0.605  35.606 0.1250000000
88890  -11.038  0.208  35.196 0.1250000000
80996  -8.325  -8.495  49.488 0.5000000000
80988  -8.864  -8.471  50.142 0.5000000000
119903  -9.327  -8.312  50.448 0.5000000000
80979  -10.157  -8.351  50.397 0.5000000000
142160  -11.268  -8.169  50.649 0.5000000000
82725  -11.741  -7.210  51.201 0.5000000000
82744  -12.394  -6.615  50.995 0.3750000000
81887  -6.525  -7.720  49.836 0.5000000000
80985  -6.630  -8.048  49.263 0.5000000000
81879  -10.023  -8.018  50.714 0.5000000000
82724  -10.947  -7.767  50.850 0.5000000000
82757  -13.446  -6.377  50.393 0.3750000000
82758  -14.151  -6.438  50.281 0.3750000000
81875  -6.378  -7.110  50.390 0.5000000000
81891  -5.456  -7.367  47.851 0.5000000000
82737  -6.112  -6.335  50.423 0.5000000000
132141  -5.361  -6.660  48.111 0.5000000000
131426  -5.271  -6.615  47.194 0.5000000000
84404  -6.671  -4.348  51.921 0.5000000000
84411  -6.453  -4.952  51.217 0.5000000000
83604  -6.141  -5.456  50.206 0.5000000000
83603  -5.787  -6.148  49.553 0.5000000000
131172  -5.916  -5.571  49.184 0.5000000000
85236  -6.696  -3.523  52.240 0.5000000000
128882  -6.220  -4.913  49.390 0.5000000000
83617  -5.937  -5.376  48.337 0.5000000000
86977  -6.588  -2.123  52.221 0.5000000000
86985  -6.420  -1.714  51.415 0.5000000000
86993  -6.533  -1.596  50.396 0.5000000000
86146  -7.378  -2.184  48.541 0.5000000000
86147  -7.967  -2.424  47.683 0.5000000000
85269  -8.134  -3.149  47.318 0.5000000000
85284  -8.779  -4.004  45.826 0.5000000000
87848  -6.731  -0.650  49.743 0.5000000000
87002  -7.044  -1.536  49.039 0.5000000000
87008  -7.783  -1.440  47.889 0.5000000000
85318  -9.973  -4.264  42.661 0.3750000000
85329  -10.015  -4.357  41.785 0.3750000000
85330  -10.359  -3.929  41.078 0.3750000000
87057  -10.446  -1.649  41.267 0.3750000000
86202  -10.582  -2.732  41.322 0.3750000000
85340  -10.562  -3.449  40.397 0.3750000000
87924  -9.518  -0.011  41.019 0.2500000000
87914  -10.074  -0.789  41.232 0.3750000000
86208  -10.757  -2.263  40.431 0.3750000000
88853  -8.123  1.181  40.101 0.2500000000
89673  -8.238  1.271  39.235 0.2500000000
88863  -9.205  0.933  38.830 0.1250000000
89681  -8.323  1.307  38.339 0.1250000000
89692  -8.402  1.327  37.458 0.1250000000
88871  -9.330  1.007  37.896 0.1250000000
89691  -7.455  1.593  37.850 0.1250000000
80987  -8.070  -8.366  50.160 0.5000000000
80978  -8.514  -8.217  50.465 0.5000000000
81878  -8.884  -7.912  50.745 0.5000000000
141856  -12.835  -6.373  50.530 0.3750000000
81876  -7.196  -7.607  50.486 0.5000000000
80986  -7.303  -8.096  50.050 0.5000000000
82740  -7.970  -7.117  50.754 0.5000000000
82755  -10.577  -6.718  50.556 0.5000000000
82743  -11.533  -6.730  50.821 0.5000000000
124636  -12.128  -6.311  50.362 0.5000000000
119953  -6.830  -6.976  50.886 0.5000000000
138786  -8.895  -7.134  50.771 0.5000000000
83606  -9.543  -6.449  50.269 0.5000000000
83607  -10.567  -6.047  49.730 0.5000000000
83608  -11.638  -5.967  49.616 0.5000000000
83609  -12.770  -6.044  49.598 0.3750000000
82768  -14.489  -6.328  49.407 0.3750000000
83590  -7.004  -5.654  51.589 0.5000000000
83591  -7.585  -6.094  51.133 0.5000000000
142217  -9.776  -5.711  49.629 0.5000000000
143701  -10.242  -5.411  49.209 0.5000000000
83597  -6.459  -5.835  51.073 0.5000000000
83589  -6.760  -5.287  51.598 0.5000000000
84405  -6.930  -4.737  52.025 0.5000000000
85244  -7.175  -4.129  52.228 0.5000000000
132339  -7.733  -4.099  51.768 0.5000000000
85245  -7.762  -3.411  52.130 0.5000000000
85252  -8.447  -3.454  51.228 0.5000000000
86116  -6.778  -2.738  52.517 0.5000000000
86122  -8.466  -2.487  51.766 0.5000000000
86129  -8.891  -2.574  50.935 0.5000000000
86971  -6.987  -1.874  52.625 0.5000000000
86972  -7.714  -1.556  52.583 0.5000000000
87828  -6.710  -1.269  52.144 0.5000000000
87832  -6.583  -0.637  51.293 0.5000000000
87841  -6.581  -0.758  50.541 0.5000000000
126328  -6.627  0.161  49.838 0.5000000000
87857  -6.965  -0.626  48.884 0.5000000000
129368  -10.428  -3.442  41.770 0.3750000000
89672  -7.419  1.502  39.542 0.2500000000
80977  -7.858  -8.093  50.419 0.5000000000
83610  -13.718  -6.174  49.536 0.3750000000
83598  -8.503  -6.368  50.592 0.5000000000
83619  -11.929  -5.582  48.834 0.3750000000
83621  -13.358  -5.817  48.729 0.3750000000
82739  -7.301  -7.102  50.870 0.5000000000
140458  -9.064  -5.654  50.016 0.5000000000
84423  -11.263  -4.932  48.300 0.3750000000
83631  -12.933  -5.421  47.946 0.3750000000
83632  -13.802  -5.600  47.787 0.3750000000
83605  -8.868  -4.821  50.091 0.5000000000
84422  -10.373  -4.724  48.697 0.5000000000
84431  -10.802  -4.218  48.089 0.3750000000
84433  -12.452  -4.770  47.278 0.3750000000
85255  -9.122  -3.156  50.205 0.5000000000
84421  -9.786  -4.200  48.998 0.5000000000
84432  -11.504  -4.273  47.515 0.3750000000
128295  -9.308  -2.291  50.424 0.5000000000
86135  -9.606  -2.477  49.740 0.5000000000
86148  -10.516  -2.670  48.214 0.5000000000
85270  -10.866  -3.471  47.735 0.3750000000
85277  -11.480  -3.317  46.995 0.3750000000
86978  -8.900  -1.555  51.804 0.5000000000
86986  -9.230  -1.743  51.044 0.5000000000
86136  -9.952  -1.919  49.508 0.5000000000
87003  -10.401  -1.753  48.868 0.5000000000
87830  -8.107  -0.651  52.561 0.5000000000
87831  -9.005  -0.450  52.321 0.5000000000
87829  -7.286  -0.953  52.519 0.5000000000
87833  -6.940  -0.295  51.921 0.5000000000
83622  -14.132  -6.024  48.650 0.3750000000
84434  -13.297  -5.114  47.165 0.3750000000
84444  -13.015  -4.467  46.534 0.3750000000
86149  -11.049  -2.566  47.506 0.3750000000
85286  -12.866  -3.063  45.622 0.3750000000
87842  -9.525  -1.008  51.339 0.5000000000
86996  -10.114  -1.252  49.815 0.5000000000
87010  -11.268  -1.674  47.549 0.5000000000
86164  -12.380  -2.386  45.915 0.3750000000
86174  -13.614  -2.420  44.848 0.3750000000
87863  -11.550  -0.737  47.694 0.5000000000
87017  -12.181  -1.554  46.222 0.3750000000
132829  -13.467  -0.872  44.944 0.3750000000
88758  -7.616  0.044  52.324 0.5000000000
88804  -12.929  0.655  45.757 0.3750000000
79284  -5.988  -10.957  41.430 0.5000000000
80189  -6.480  -9.535  40.783 0.5000000000
55748  -25.077  -34.939  42.021 1.0000000000
52761  -20.714  -36.836  41.738 1.0000000000
56722  -28.442  -33.828  45.756 1.0000000000
56712  -28.145  -34.507  46.396 1.0000000000
124619  -28.146  -33.651  45.099 1.0000000000
56743  -27.626  -33.136  43.991 1.0000000000
143742  -27.418  -32.831  43.519 1.0000000000
50817  -19.031  -39.149  44.888 1.0000000000
51784  -18.800  -38.345  44.699 1.0000000000
142088  -18.378  -38.281  45.873 1.0000000000
56741  -26.473  -34.068  43.053 1.0000000000
144285  -22.606  -30.485  39.322 1.0000000000
47621  -6.725  -42.257  48.906 0.5000000000
48680  -16.729  -41.398  52.379 1.0000000000
48688  -17.006  -41.598  51.048 1.0000000000
128374  -16.874  -41.830  51.774 1.0000000000
120094  -17.106  -39.960  50.029 1.0000000000
48704  -17.222  -41.105  49.547 1.0000000000
56714  -29.253  -33.578  46.440 1.0000000000
50770  -17.267  -39.425  49.240 1.0000000000
49780  -17.326  -40.461  48.884 1.0000000000
51765  -18.276  -38.580  46.252 1.0000000000
134204  -18.460  -37.959  45.481 1.0000000000
52720  -18.524  -36.986  45.844 1.0000000000
58798  -28.192  -31.960  43.746 1.0000000000
132357  -19.203  -36.339  43.894 1.0000000000
136239  -20.365  -33.849  41.520 1.0000000000
133986  -21.033  -30.940  39.339 1.0000000000
45588  -7.619  -43.716  49.404 0.3750000000
44582  -9.702  -44.189  50.389 0.3750000000
50759  -7.794  -40.900  48.951 0.5000000000
49760  -7.386  -41.318  49.171 0.5000000000
44570  -9.479  -43.792  50.557 0.3750000000
45564  -10.680  -43.658  51.241 0.5000000000
136522  -7.991  -40.831  48.250 0.3750000000
50797  -7.783  -40.765  46.328 0.2500000000
50816  -7.604  -40.465  44.634 0.2500000000
50828  -7.016  -40.499  43.781 0.2500000000
47589  -16.340  -41.597  53.641 0.8750000000
132680  -15.663  -41.745  54.441 0.8750000000
136344  -16.493  -40.712  53.605 0.8750000000
47590  -16.530  -42.100  53.123 1.0000000000
120729  -16.972  -39.720  51.896 1.0000000000
47594  -16.718  -42.258  52.646 1.0000000000
50761  -17.140  -39.177  50.821 1.0000000000
57748  -30.751  -32.676  47.086 1.0000000000
58787  -29.046  -31.908  44.409 1.0000000000
53705  -18.786  -35.880  45.657 1.0000000000
57792  -27.661  -32.259  43.438 1.0000000000
130151  -19.535  -34.726  43.884 1.0000000000
56740  -19.741  -33.669  43.507 1.0000000000
58826  -26.372  -30.525  41.445 1.0000000000
128294  -20.141  -33.079  41.923 1.0000000000
58835  -25.315  -30.153  40.719 1.0000000000
59899  -24.053  -29.366  40.063 1.0000000000
51772  -9.894  -39.128  45.226 0.5000000000
46567  -9.680  -43.095  51.087 0.5000000000
126860  -9.418  -42.642  50.937 0.3750000000
44565  -11.465  -43.809  51.541 0.5000000000
45557  -11.318  -43.378  51.685 0.5000000000
51763  -9.892  -39.424  46.799 0.5000000000
50788  -7.982  -40.659  46.943 0.2500000000
51754  -8.874  -40.044  47.899 0.3750000000
47578  -13.799  -42.642  54.278 0.8750000000
125207  -13.332  -43.147  53.905 0.7500000000
47584  -13.002  -42.339  53.781 0.6250000000
48656  -14.554  -41.710  54.593 0.8750000000
48657  -14.997  -41.564  54.754 0.8750000000
129077  -14.235  -41.017  54.468 0.8750000000
47579  -14.348  -42.465  54.525 0.8750000000
46550  -14.670  -43.155  54.707 0.8750000000
53709  -12.959  -36.949  43.827 0.5000000000
51794  -8.348  -39.696  43.699 0.2500000000
49735  -15.755  -40.388  54.535 0.8750000000
49743  -16.570  -40.025  53.895 0.8750000000
137812  -16.172  -40.430  54.249 0.8750000000
46554  -15.160  -42.987  54.788 0.8750000000
47580  -14.841  -42.338  54.741 0.8750000000
50838  -7.140  -40.114  43.148 0.2500000000
129345  -17.306  -38.760  52.758 1.0000000000
138999  -13.931  -35.268  42.097 0.6250000000
52663  -17.541  -37.897  52.122 1.0000000000
55773  -13.358  -34.934  40.693 0.5000000000
52692  -17.509  -37.831  49.245 1.0000000000
52702  -17.964  -37.132  47.849 1.0000000000
55725  -40.321  -34.327  44.768 0.6250000000
53688  -18.338  -36.222  47.661 1.0000000000
142031  -18.977  -35.018  45.854 1.0000000000
58810  -28.477  -31.033  43.218 1.0000000000
56720  -19.442  -33.689  45.871 1.0000000000
60956  -29.066  -30.232  42.409 1.0000000000
60971  -28.603  -30.014  41.851 1.0000000000
123237  -19.881  -32.331  42.380 1.0000000000
144463  -26.440  -29.613  41.015 1.0000000000
60987  -27.344  -29.668  41.069 1.0000000000
60989  -28.895  -29.973  41.650 1.0000000000
59880  -19.598  -30.547  41.324 1.0000000000
59884  -25.451  -29.458  40.622 1.0000000000
60985  -26.038  -29.441  40.817 1.0000000000
61026  -27.611  -29.608  39.951 1.0000000000
61027  -28.421  -29.973  40.281 0.8750000000
61003  -24.875  -29.068  40.347 1.0000000000
62043  -26.222  -29.222  40.278 1.0000000000
62056  -25.574  -28.495  39.438 1.0000000000
59897  -22.223  -30.107  39.127 1.0000000000
61038  -23.925  -28.198  39.229 1.0000000000
61022  -23.455  -28.888  39.601 1.0000000000
62055  -24.853  -28.198  39.347 1.0000000000
61036  -21.740  -29.048  38.510 1.0000000000
62074  -21.985  -28.570  38.058 1.0000000000
62076  -23.616  -28.052  38.372 1.0000000000
144027  -25.740  -28.361  38.066 1.0000000000
62093  -23.218  -28.084  37.523 1.0000000000
48670  -9.591  -41.747  50.976 0.6250000000
50760  -8.472  -40.703  49.158 0.5000000000
142592  -8.422  -41.217  49.844 0.5000000000
47593  -9.860  -42.215  51.287 0.3750000000
45556  -10.481  -43.206  51.377 0.5000000000
46563  -11.191  -42.826  51.798 0.5000000000
46559  -11.822  -42.905  52.560 0.7500000000
51737  -9.242  -40.220  48.824 0.6250000000
48663  -11.671  -41.752  52.472 0.7500000000
47586  -12.000  -42.354  52.890 0.7500000000
47582  -12.525  -42.869  53.383 0.6250000000
53686  -12.251  -37.553  47.184 0.6250000000
141258  -13.315  -39.828  53.674 0.8750000000
49733  -12.922  -40.374  53.399 0.8750000000
123421  -13.963  -40.163  54.255 0.8750000000
48660  -12.613  -41.174  53.291 0.7500000000
48654  -13.619  -41.109  54.105 0.7500000000
48659  -12.350  -41.956  53.246 0.7500000000
47583  -12.773  -42.648  53.596 0.7500000000
50725  -15.020  -39.309  54.654 0.8750000000
51692  -14.510  -38.215  54.370 0.8750000000
49730  -14.558  -40.180  54.560 0.8750000000
49731  -14.961  -40.261  54.714 0.8750000000
51703  -16.764  -38.088  54.189 0.8750000000
49734  -15.900  -39.367  54.550 0.8750000000
140678  -15.531  -39.051  54.591 0.8750000000
122591  -13.780  -35.692  43.732 0.6250000000
59790  -32.212  -31.329  46.650 1.0000000000
52643  -17.507  -37.520  53.336 1.0000000000
60941  -32.825  -30.588  45.661 1.0000000000
59840  -32.176  -30.560  43.771 1.0000000000
55668  -38.341  -33.785  46.265 0.7500000000
55692  -40.527  -34.150  45.722 0.8750000000
56702  -39.954  -32.996  45.475 1.0000000000
57749  -40.195  -32.291  45.339 1.0000000000
55715  -40.538  -33.926  44.861 0.7500000000
53663  -18.146  -36.381  50.359 1.0000000000
58789  -30.512  -31.193  44.935 1.0000000000
59829  -31.235  -30.533  44.187 1.0000000000
60950  -31.554  -30.490  43.954 1.0000000000
126877  -33.153  -30.696  43.800 1.0000000000
54670  -38.982  -34.799  45.869 0.8750000000
55681  -39.210  -34.168  45.812 0.8750000000
56744  -40.120  -33.511  43.791 0.7500000000
60949  -30.837  -30.459  43.591 1.0000000000
60974  -30.604  -30.373  42.811 1.0000000000
59838  -29.489  -30.442  43.062 1.0000000000
59855  -31.276  -30.523  42.610 1.0000000000
140974  -18.789  -34.944  47.036 1.0000000000
60973  -29.985  -30.283  42.529 1.0000000000
59854  -30.439  -30.361  42.303 1.0000000000
59869  -30.340  -30.428  41.755 0.8750000000
59910  -28.952  -30.643  38.610 0.8750000000
59909  -28.104  -30.223  38.428 0.8750000000
59926  -27.463  -30.131  37.164 0.8750000000
62096  -25.757  -28.444  37.482 0.8750000000
62106  -25.230  -28.229  36.627 0.8750000000
61064  -26.243  -29.269  36.134 0.8750000000
52680  -10.865  -39.448  48.992 0.6250000000
119460  -9.210  -40.386  49.173 0.6250000000
51728  -9.205  -40.515  49.493 0.6250000000
49745  -9.436  -41.307  50.638 0.6250000000
123703  -10.062  -41.322  51.158 0.7500000000
49740  -10.674  -41.095  51.497 0.7500000000
50727  -12.763  -40.065  53.137 0.8750000000
137384  -12.590  -40.676  53.101 0.7500000000
49738  -12.350  -40.666  52.814 0.7500000000
49737  -11.966  -40.694  52.456 0.7500000000
55720  -13.929  -35.070  44.740 0.6250000000
54698  -13.572  -35.474  45.287 0.6250000000
52625  -15.385  -37.636  54.622 0.8750000000
53636  -17.746  -36.922  52.989 1.0000000000
55757  -12.223  -34.405  41.016 0.7500000000
143750  -33.581  -30.561  44.979 1.0000000000
134397  -38.413  -32.891  46.277 1.0000000000
131007  -39.244  -33.554  45.786 1.0000000000
133435  -39.022  -32.999  45.946 1.0000000000
57737  -39.272  -32.428  45.863 1.0000000000
54646  -18.660  -35.163  50.849 1.0000000000
129215  -34.133  -30.698  43.739 1.0000000000
59833  -34.628  -30.644  44.326 1.0000000000
134210  -40.813  -31.875  43.512 0.8750000000
56710  -19.517  -33.491  46.850 1.0000000000
60991  -34.665  -30.031  41.443 0.8750000000
56754  -39.764  -32.842  42.879 0.7500000000
57793  -40.678  -31.937  43.212 0.8750000000
59930  -30.890  -30.281  37.003 0.8750000000
129566  -21.123  -28.600  38.079 0.8750000000
125298  -28.977  -30.669  37.146 0.8750000000
59927  -28.321  -30.566  36.698 0.8750000000
61065  -27.022  -29.993  35.646 0.8750000000
63080  -23.756  -27.677  35.086 0.8750000000
62126  -25.471  -28.729  35.010 0.8750000000
52670  -9.865  -40.066  49.179 0.6250000000
51705  -11.121  -40.067  51.310 0.7500000000
50739  -10.978  -40.559  51.460 0.7500000000
50733  -11.563  -40.311  51.930 0.7500000000
49742  -11.635  -40.652  52.168 0.7500000000
53679  -12.713  -36.910  47.943 0.7500000000
51694  -13.759  -38.182  53.747 0.8750000000
51696  -13.082  -38.752  53.013 0.8750000000
50730  -12.474  -40.048  52.755 0.8750000000
54675  -13.101  -36.355  47.524 0.6250000000
52623  -14.571  -37.463  54.305 0.8750000000
52626  -14.041  -37.490  53.827 0.8750000000
61970  -34.233  -30.998  46.701 1.0000000000
61963  -34.732  -31.113  46.850 1.0000000000
60905  -37.228  -31.190  46.595 1.0000000000
61986  -35.415  -30.695  46.015 1.0000000000
61972  -36.433  -30.782  46.288 1.0000000000
59778  -37.825  -31.168  46.502 1.0000000000
58745  -38.249  -32.177  46.410 1.0000000000
133835  -38.934  -31.559  46.219 1.0000000000
60906  -38.596  -30.669  46.276 1.0000000000
59781  -39.687  -31.286  45.866 1.0000000000
55743  -10.622  -34.087  42.009 0.8750000000
54732  -10.249  -34.563  41.406 0.8750000000
59819  -35.085  -30.644  44.852 1.0000000000
58766  -40.484  -31.562  45.296 1.0000000000
59793  -40.812  -30.792  45.204 1.0000000000
60975  -35.069  -30.075  42.147 0.8750000000
54730  -8.475  -35.002  42.272 0.8750000000
54729  -7.732  -35.119  42.354 0.8750000000
121643  -6.086  -34.982  41.755 0.8750000000
55662  -18.885  -34.708  49.409 1.0000000000
57794  -41.539  -31.267  43.013 1.0000000000
55755  -4.804  -33.895  41.103 0.8750000000
54766  -5.694  -34.454  40.747 0.7500000000
54746  -5.485  -34.493  41.328 0.8750000000
57802  -41.344  -31.477  42.727 0.7500000000
57809  -41.302  -31.697  41.756 0.7500000000
60955  -19.932  -29.436  43.534 1.0000000000
61030  -34.242  -29.062  39.207 0.8750000000
61068  -31.368  -29.227  35.346 0.8750000000
61077  -27.340  -29.911  34.640 0.8750000000
61066  -29.817  -30.118  34.864 0.8750000000
61078  -28.173  -30.073  34.296 0.7500000000
63091  -24.167  -27.727  34.415 0.8750000000
137852  -11.509  -39.481  51.216 0.8750000000
53670  -12.369  -37.592  48.848 0.7500000000
51702  -12.767  -38.859  52.624 0.8750000000
52628  -15.059  -36.860  54.544 0.8750000000
52632  -14.476  -36.833  54.085 0.8750000000
136490  -14.758  -33.555  46.050 0.7500000000
53632  -17.473  -36.290  54.194 1.0000000000
56737  -11.521  -33.103  42.878 0.8750000000
56688  -14.930  -33.774  48.618 0.8750000000
56736  -10.557  -33.470  43.352 0.8750000000
56665  -15.173  -33.716  50.189 1.0000000000
57718  -20.237  -32.745  49.507 1.0000000000
57719  -20.762  -32.192  49.476 1.0000000000
128463  -21.082  -31.987  50.104 1.0000000000
58754  -21.884  -30.891  49.043 1.0000000000
58724  -21.550  -31.468  50.322 1.0000000000
60897  -22.946  -29.866  48.497 1.0000000000
61999  -36.439  -30.562  45.593 1.0000000000
60942  -36.679  -30.438  44.937 1.0000000000
61974  -38.430  -30.024  45.817 1.0000000000
54636  -18.803  -34.833  51.634 1.0000000000
56676  -19.475  -33.779  50.518 1.0000000000
56677  -19.862  -33.240  49.993 1.0000000000
62000  -37.605  -30.115  45.186 1.0000000000
62010  -37.502  -29.911  44.453 1.0000000000
143782  -40.481  -30.534  45.442 1.0000000000
54717  -8.828  -34.737  42.821 0.8750000000
138759  -19.115  -34.360  50.113 1.0000000000
57732  -20.333  -32.487  48.654 1.0000000000
134724  -21.449  -31.008  47.952 1.0000000000
57746  -20.928  -31.582  47.975 1.0000000000
59820  -41.855  -30.264  43.917 1.0000000000
120227  -7.117  -35.092  42.825 0.8750000000
141465  -5.975  -34.907  41.920 0.8750000000
57745  -20.362  -32.289  47.663 1.0000000000
58763  -21.164  -31.162  47.450 1.0000000000
58774  -21.042  -31.006  46.792 1.0000000000
126506  -41.331  -31.643  41.933 0.7500000000
137926  -42.408  -30.589  42.376 0.8750000000
55740  -5.029  -33.937  41.963 0.8750000000
54727  -5.430  -34.461  42.107 0.8750000000
122526  -42.539  -30.622  42.112 0.8750000000
56757  -4.750  -33.404  41.521 0.8750000000
57795  -5.000  -32.908  42.002 0.8750000000
60948  -20.798  -29.349  45.133 1.0000000000
58836  -42.206  -31.124  40.836 0.8750000000
58830  -5.286  -32.042  40.430 0.8750000000
58831  -5.613  -31.566  40.793 0.8750000000
60947  -20.345  -28.977  44.260 1.0000000000
62044  -35.373  -28.714  40.168 0.8750000000
59894  -5.753  -30.717  39.129 0.8750000000
59879  -6.221  -30.451  40.674 0.8750000000
60995  -6.103  -30.243  39.992 0.8750000000
62068  -8.600  -28.096  38.408 0.7500000000
119692  -9.793  -27.309  37.041 0.3750000000
63992  -10.847  -26.861  36.284 0.2500000000
124021  -12.222  -26.408  36.021 0.2500000000
63010  -19.834  -27.788  41.952 0.8750000000
62081  -34.425  -28.408  38.500 0.8750000000
132545  -7.940  -28.313  38.603 0.8750000000
63020  -19.898  -27.326  41.328 0.8750000000
62118  -31.825  -28.618  34.889 0.8750000000
63996  -21.015  -26.397  36.437 0.7500000000
61081  -31.142  -29.128  34.415 0.8750000000
61080  -30.287  -29.610  34.064 0.8750000000
142485  -30.026  -29.279  33.344 0.7500000000
61091  -29.329  -29.632  33.531 0.7500000000
61102  -27.108  -29.233  33.151 0.7500000000
61103  -27.947  -29.303  32.913 0.7500000000
63106  -24.342  -27.678  33.516 0.7500000000
62135  -25.723  -28.521  32.893 0.7500000000
53649  -11.935  -38.399  50.091 0.7500000000
52641  -12.677  -38.446  52.155 0.8750000000
52637  -13.035  -38.308  52.614 0.8750000000
53624  -14.423  -36.743  53.960 0.8750000000
61957  -24.835  -28.285  49.555 1.0000000000
53625  -14.946  -36.130  54.273 0.8750000000
53623  -15.463  -36.242  54.794 0.8750000000
61958  -25.439  -27.730  49.326 0.8750000000
56728  -11.018  -32.858  43.754 0.8750000000
54624  -18.154  -35.343  53.687 1.0000000000
144391  -15.655  -32.525  48.787 1.0000000000
62001  -38.544  -29.564  45.047 1.0000000000
127736  -9.339  -34.103  43.375 0.8750000000
55729  -8.654  -34.483  43.476 0.8750000000
61983  -24.797  -27.812  47.346 0.8750000000
54715  -7.284  -34.994  43.560 0.8750000000
54707  -7.750  -34.710  44.033 0.8750000000
122898  -6.117  -34.741  44.118 0.8750000000
60928  -22.377  -29.007  46.715 1.0000000000
60943  -41.995  -29.700  44.067 1.0000000000
62014  -42.750  -29.018  43.139 1.0000000000
54712  -5.640  -34.488  43.228 0.8750000000
60938  -21.523  -29.073  46.021 1.0000000000
129868  -42.692  -30.306  42.138 0.8750000000
133006  -42.931  -29.920  42.075 1.0000000000
58837  -42.870  -30.674  40.433 0.8750000000
59892  -43.691  -29.359  40.543 0.8750000000
56746  -5.227  -33.155  42.606 0.8750000000
57784  -5.468  -32.875  43.237 0.8750000000
58803  -5.740  -32.288  42.736 0.8750000000
59890  -43.480  -30.175  39.784 0.8750000000
63915  -21.753  -26.820  44.421 0.8750000000
58843  -41.689  -31.235  39.449 0.7500000000
61016  -6.845  -28.935  39.837 0.8750000000
62051  -8.567  -28.379  39.211 0.8750000000
61017  -7.925  -28.711  39.929 0.8750000000
62060  -35.485  -28.016  39.075 0.8750000000
58849  -41.904  -30.866  38.635 0.7500000000
62069  -9.242  -28.116  38.845 0.7500000000
63941  -19.986  -26.781  40.755 0.8750000000
139060  -44.039  -30.177  35.427 0.5000000000
64918  -20.425  -25.745  39.927 0.7500000000
62099  -34.230  -27.888  37.652 0.8750000000
62110  -33.892  -27.617  36.950 0.8750000000
65949  -14.149  -24.762  35.206 0.2500000000
62128  -32.375  -27.950  34.568 0.8750000000
63081  -33.427  -27.352  35.593 0.8750000000
141978  -21.378  -26.234  35.852 0.7500000000
61106  -30.267  -28.857  32.852 0.7500000000
62127  -31.713  -28.439  34.057 0.8750000000
61104  -28.759  -29.232  32.823 0.7500000000
62153  -29.131  -28.761  32.111 0.7500000000
137340  -31.270  -28.109  32.505 0.7500000000
62155  -30.595  -28.389  32.265 0.7500000000
64039  -23.949  -27.230  33.076 0.7500000000
62150  -26.064  -28.277  32.015 0.7500000000
126482  -26.571  -28.772  32.589 0.7500000000
123672  -27.640  -28.520  31.689 0.7500000000
62163  -28.892  -28.404  31.411 0.7500000000
62162  -28.164  -28.322  31.256 0.7500000000
52648  -12.375  -38.490  51.594 0.8750000000
53634  -13.719  -37.111  52.843 0.8750000000
53630  -14.092  -36.902  53.483 0.8750000000
57789  -14.135  -32.246  43.702 0.8750000000
58806  -13.323  -31.722  43.748 0.8750000000
56709  -15.207  -32.740  46.983 1.0000000000
130502  -16.208  -35.267  55.368 0.8750000000
55623  -16.142  -34.602  55.371 0.8750000000
54621  -17.841  -35.108  54.475 1.0000000000
64870  -27.075  -26.035  48.434 0.8750000000
63901  -26.683  -26.627  48.357 0.8750000000
56727  -10.198  -33.248  44.215 0.8750000000
54616  -16.935  -34.798  55.414 1.0000000000
55718  -8.971  -33.946  43.967 0.8750000000
133503  -8.010  -34.124  44.573 0.8750000000
55706  -7.299  -33.968  45.506 0.8750000000
120131  -6.856  -34.846  44.148 0.8750000000
62973  -24.170  -27.599  46.677 0.8750000000
54704  -5.943  -34.514  44.707 0.8750000000
54703  -5.771  -34.459  44.211 0.8750000000
55705  -5.750  -34.268  45.306 0.8750000000
63909  -24.873  -26.545  46.236 0.8750000000
62989  -41.697  -28.411  43.825 1.0000000000
62013  -42.259  -28.731  43.621 1.0000000000
63007  -42.873  -28.249  42.292 1.0000000000
130560  -43.593  -29.245  40.998 1.0000000000
58804  -6.054  -32.003  42.989 0.8750000000
63916  -22.722  -26.459  44.855 0.8750000000
59906  -44.016  -29.338  39.616 0.7500000000
61011  -44.003  -29.058  39.780 0.8750000000
132895  -43.840  -29.979  38.533 0.7500000000
129273  -44.388  -29.434  37.712 0.6250000000
140996  -10.853  -27.878  38.919 0.7500000000
63926  -21.359  -26.513  43.581 0.8750000000
59924  -44.685  -29.369  36.450 0.5000000000
63980  -11.986  -26.684  37.413 0.2500000000
63943  -20.823  -26.068  41.887 0.8750000000
63934  -21.066  -26.256  42.746 0.8750000000
63071  -35.242  -26.745  36.583 0.8750000000
62100  -45.004  -28.755  36.260 0.8750000000
63982  -13.129  -25.795  37.263 0.2500000000
64913  -21.331  -25.312  41.424 0.8750000000
136286  -39.951  -25.145  32.488 0.8750000000
64923  -20.897  -25.051  39.573 0.7500000000
128596  -38.023  -25.206  31.880 0.8750000000
64928  -20.938  -24.838  38.607 0.7500000000
64927  -20.438  -25.680  38.098 0.7500000000
63082  -34.297  -26.826  35.579 0.8750000000
63094  -33.782  -26.969  34.824 0.8750000000
66975  -38.870  -23.661  30.809 0.8750000000
65933  -21.563  -24.753  36.026 0.7500000000
143824  -31.830  -27.867  32.789 0.7500000000
64988  -22.856  -25.902  32.960 0.7500000000
62165  -30.182  -28.152  31.526 0.7500000000
62166  -30.979  -27.859  31.699 0.7500000000
63129  -24.687  -27.392  31.724 0.7500000000
62161  -27.384  -28.105  31.083 0.7500000000
62175  -29.548  -27.961  30.938 0.7500000000
143414  -29.124  -27.605  30.453 0.7500000000
58772  -15.497  -31.337  46.489 1.0000000000
143529  -15.531  -34.560  54.336 0.8750000000
54619  -15.573  -34.857  54.647 0.8750000000
58794  -12.754  -31.324  44.346 0.8750000000
58793  -11.881  -31.531  44.621 0.8750000000
58751  -15.996  -31.437  47.977 1.0000000000
55622  -15.920  -34.340  55.066 1.0000000000
57764  -11.011  -31.870  45.038 0.8750000000
56707  -9.481  -32.588  45.714 0.8750000000
56718  -9.865  -32.949  45.001 0.8750000000
57731  -16.053  -31.775  48.798 1.0000000000
64871  -27.359  -25.384  48.185 0.7500000000
56726  -9.344  -33.486  44.593 0.8750000000
55707  -7.836  -33.932  45.051 0.8750000000
136509  -16.110  -32.072  49.952 1.0000000000
63930  -42.007  -27.722  42.643 1.0000000000
124788  -6.309  -34.344  45.521 0.8750000000
54694  -5.991  -34.408  45.328 0.8750000000
63910  -25.528  -25.991  46.291 0.8750000000
63006  -42.563  -27.799  42.076 1.0000000000
123027  -5.469  -33.424  44.175 0.8750000000
57774  -5.773  -32.594  44.364 0.8750000000
131509  -5.538  -32.852  43.989 0.8750000000
63917  -23.626  -25.969  44.981 0.8750000000
63040  -44.278  -28.007  38.818 1.0000000000
60964  -7.866  -29.782  42.117 0.8750000000
61000  -9.244  -28.815  40.865 1.0000000000
62040  -10.508  -28.347  40.344 0.8750000000
64907  -22.160  -25.140  42.748 0.8750000000
64900  -22.567  -25.388  43.508 0.8750000000
63048  -37.631  -27.044  38.784 0.8750000000
64914  -21.877  -24.996  42.066 0.8750000000
135816  -37.136  -26.609  37.551 0.8750000000
64959  -37.925  -25.629  35.020 0.8750000000
63960  -12.376  -26.564  39.156 0.5000000000
65881  -21.665  -24.743  40.832 0.8750000000
63997  -35.757  -26.348  36.038 0.8750000000
64974  -37.799  -25.638  34.184 0.8750000000
137358  -42.056  -25.178  32.731 0.8750000000
61082  -45.729  -29.172  34.402 0.8750000000
134300  -35.810  -26.055  34.369 0.8750000000
64008  -34.945  -26.458  35.195 0.8750000000
139495  -40.006  -24.008  31.107 0.8750000000
65971  -43.153  -24.771  32.128 1.0000000000
64042  -35.489  -26.097  33.615 0.8750000000
64041  -34.699  -26.385  33.424 0.8750000000
120966  -37.264  -25.318  31.792 0.8750000000
66005  -37.682  -24.495  30.846 0.7500000000
66960  -42.179  -23.567  31.463 1.0000000000
65932  -21.133  -24.916  36.949 0.7500000000
63110  -34.191  -26.709  34.114 0.8750000000
67937  -43.430  -22.881  31.774 1.0000000000
126458  -21.776  -25.065  35.216 0.8750000000
143052  -22.195  -24.298  34.505 0.6250000000
65960  -22.268  -24.792  33.819 0.7500000000
63124  -33.062  -26.970  32.420 0.7500000000
63123  -32.380  -27.465  32.615 0.7500000000
67931  -36.998  -22.568  31.110 0.7500000000
67933  -38.860  -22.669  31.345 0.7500000000
137872  -40.581  -22.176  32.054 0.7500000000
67916  -41.972  -22.398  31.942 0.7500000000
68944  -36.428  -22.209  31.576 0.6250000000
68934  -39.416  -21.993  32.653 0.7500000000
65004  -22.996  -25.616  32.210 0.7500000000
64068  -23.550  -26.142  31.701 0.7500000000
136887  -30.456  -26.916  30.385 0.7500000000
63143  -31.167  -26.834  30.575 0.7500000000
68913  -36.643  -21.802  33.558 0.6250000000
122715  -37.462  -21.744  34.033 0.7500000000
65021  -23.836  -25.934  30.811 0.6250000000
64070  -25.050  -27.039  30.707 0.7500000000
62173  -28.040  -27.961  30.699 0.7500000000
63141  -28.392  -27.466  30.274 0.7500000000
64080  -25.839  -26.717  30.051 0.7500000000
65055  -28.024  -26.096  29.740 0.6250000000
65054  -27.254  -25.516  29.599 0.6250000000
59811  -14.379  -30.631  45.540 1.0000000000
58782  -12.558  -30.690  45.568 0.8750000000
131083  -12.377  -31.087  44.962 0.8750000000
59773  -16.160  -30.307  48.836 1.0000000000
55696  -7.935  -33.472  45.798 0.8750000000
135671  -25.954  -25.433  46.346 0.7500000000
55694  -5.790  -34.058  45.977 0.8750000000
63987  -39.448  -26.015  37.756 0.8750000000
58779  -6.162  -32.196  44.922 0.8750000000
63918  -24.431  -25.570  45.183 0.8750000000
63963  -38.992  -26.668  38.827 0.8750000000
64940  -42.534  -26.182  37.632 0.8750000000
65849  -24.047  -24.518  43.939 0.7500000000
65857  -22.900  -24.703  43.038 0.8750000000
63973  -38.405  -26.719  38.446 0.8750000000
60983  -9.509  -28.959  41.668 1.0000000000
63034  -11.607  -27.636  39.930 0.7500000000
65883  -22.851  -24.061  41.593 0.8750000000
63999  -37.431  -25.946  36.446 0.8750000000
64933  -12.977  -25.585  38.278 0.2500000000
65882  -22.088  -24.608  41.480 0.8750000000
64011  -37.224  -25.813  35.605 0.8750000000
64045  -45.078  -26.882  33.585 1.0000000000
65923  -13.079  -24.193  37.688 0.2500000000
134193  -22.511  -23.513  39.415 0.7500000000
64025  -36.562  -25.866  34.257 0.8750000000
124143  -22.035  -23.583  37.950 0.7500000000
64057  -35.264  -26.058  32.759 0.8750000000
65005  -35.869  -25.723  32.151 0.8750000000
65006  -36.680  -25.587  32.432 0.8750000000
65023  -36.483  -25.376  31.597 0.8750000000
65990  -44.374  -24.256  31.980 1.0000000000
59949  -46.104  -29.726  33.213 0.7500000000
66882  -22.273  -23.301  37.160 0.7500000000
125263  -35.712  -25.402  31.368 0.8750000000
65040  -35.018  -25.313  30.965 0.7500000000
132799  -35.612  -24.983  30.817 0.7500000000
66004  -35.946  -24.438  30.616 0.6250000000
127294  -36.755  -24.481  30.702 0.7500000000
66973  -37.118  -23.712  30.580 0.7500000000
64072  -32.735  -26.406  31.009 0.7500000000
63134  -33.100  -26.630  31.675 0.7500000000
67948  -36.733  -22.975  30.694 0.7500000000
134419  -36.102  -23.143  30.579 0.7500000000
67929  -35.138  -22.457  31.017 0.7500000000
68929  -35.010  -22.078  31.680 0.7500000000
68930  -35.780  -21.950  32.102 0.6250000000
67917  -43.148  -21.980  32.859 0.8750000000
143985  -44.423  -22.531  32.513 1.0000000000
141282  -22.415  -23.631  32.679 0.6250000000
131059  -22.292  -23.870  33.973 0.6250000000
64086  -31.595  -26.119  30.438 0.7500000000
137297  -32.286  -26.082  30.562 0.7500000000
68912  -35.845  -21.853  33.059 0.6250000000
68918  -42.522  -21.719  33.563 0.7500000000
67902  -44.091  -22.068  33.103 1.0000000000
65035  -30.320  -25.575  30.314 0.7500000000
67889  -35.101  -22.091  34.465 0.5000000000
138941  -35.104  -22.340  35.437 0.5000000000
65980  -23.242  -25.272  31.324 0.6250000000
64079  -24.458  -26.342  30.508 0.7500000000
65034  -29.458  -25.611  30.156 0.7500000000
68852  -37.129  -21.859  36.266 0.6250000000
68867  -37.703  -21.721  35.513 0.6250000000
64098  -26.513  -26.194  29.617 0.6250000000
68853  -37.393  -21.859  37.056 0.3750000000
124803  -13.978  -30.152  46.176 1.0000000000
60912  -14.636  -29.765  47.587 1.0000000000
61948  -22.565  -28.874  51.459 1.0000000000
58760  -10.246  -31.269  46.843 1.0000000000
58771  -11.005  -30.984  46.356 1.0000000000
57743  -9.520  -31.752  46.851 0.8750000000
56697  -8.574  -32.508  46.714 1.0000000000
59748  -16.541  -30.132  50.683 1.0000000000
55672  -7.675  -32.963  47.065 1.0000000000
54661  -6.521  -33.683  46.713 0.8750000000
55671  -7.360  -32.993  47.468 0.8750000000
56695  -5.733  -33.099  47.433 0.8750000000
58710  -16.543  -30.960  53.555 1.0000000000
131420  -16.580  -30.042  52.930 1.0000000000
64893  -25.340  -24.187  45.102 0.7500000000
142345  -5.736  -32.617  46.783 0.8750000000
123685  -16.818  -31.935  55.598 1.0000000000
63965  -41.813  -26.411  39.636 1.0000000000
63977  -43.308  -26.880  38.550 1.0000000000
58768  -6.218  -31.873  46.097 0.8750000000
59821  -6.887  -31.073  45.079 0.8750000000
63989  -43.454  -26.776  37.903 1.0000000000
65858  -23.561  -24.399  43.293 0.7500000000
65859  -24.039  -23.843  43.219 0.7500000000
59823  -8.109  -30.230  43.862 0.8750000000
63018  -10.799  -28.103  41.818 1.0000000000
62032  -11.179  -27.984  41.207 1.0000000000
63095  -45.061  -27.944  34.879 1.0000000000
63027  -11.964  -26.993  40.228 0.5000000000
63111  -45.506  -27.564  33.962 1.0000000000
62141  -46.987  -28.808  33.227 1.0000000000
137863  -47.735  -28.756  32.834 1.0000000000
66865  -22.930  -22.650  38.905 0.7500000000
66970  -33.856  -23.379  30.555 0.6250000000
142251  -46.056  -25.736  32.525 1.0000000000
59956  -48.240  -29.140  31.932 0.8750000000
61096  -48.938  -28.467  32.299 0.8750000000
140055  -22.775  -22.147  37.864 0.7500000000
66972  -35.582  -23.672  30.480 0.6250000000
67914  -34.200  -21.997  32.057 0.7500000000
67945  -33.663  -22.755  30.863 0.6250000000
67913  -33.406  -22.124  32.415 0.7500000000
67946  -34.494  -22.835  30.722 0.7500000000
66949  -45.680  -23.684  32.391 1.0000000000
65017  -47.383  -25.390  32.725 1.0000000000
58914  -47.995  -29.825  31.124 0.7500000000
59963  -49.435  -29.094  31.368 0.6250000000
61108  -50.021  -28.543  31.958 1.0000000000
135946  -22.345  -23.326  35.600 0.7500000000
137294  -44.987  -22.953  32.403 1.0000000000
119689  -44.962  -22.407  33.016 1.0000000000
67920  -46.289  -23.392  32.884 1.0000000000
67903  -45.627  -22.316  33.801 1.0000000000
59972  -48.840  -29.679  30.981 0.6250000000
59990  -48.975  -29.930  30.546 0.6250000000
59991  -49.590  -29.707  30.325 0.8750000000
61122  -50.198  -29.188  30.621 0.8750000000
65037  -32.625  -24.707  30.384 0.6250000000
142744  -34.447  -22.076  33.993 0.5000000000
68900  -45.113  -21.970  34.533 0.8750000000
58931  -48.253  -30.023  30.742 0.5000000000
61123  -50.684  -28.596  30.966 0.8750000000
62185  -49.356  -28.515  29.596 0.8750000000
67897  -22.306  -22.439  33.386 0.5000000000
66000  -31.725  -24.621  30.423 0.6250000000
65999  -30.698  -24.669  30.502 0.6250000000
67869  -35.896  -22.207  35.794 0.5000000000
68873  -43.877  -21.640  35.379 0.7500000000
62196  -49.304  -27.594  29.646 0.8750000000
62187  -50.327  -27.770  30.250 0.8750000000
65998  -29.205  -24.849  30.425 0.7500000000
139425  -42.656  -21.567  35.847 0.7500000000
68858  -43.472  -21.549  36.237 0.7500000000
63164  -48.691  -27.054  29.249 0.8750000000
62206  -48.194  -27.329  28.774 0.8750000000
66966  -23.263  -23.204  30.080 0.5000000000
65032  -27.824  -24.724  29.985 0.6250000000
68841  -39.982  -21.533  37.256 0.6250000000
68842  -40.759  -21.510  37.265 0.7500000000
64124  -48.030  -26.133  28.508 0.6250000000
66986  -25.568  -23.798  29.556 0.6250000000
137895  -26.449  -23.723  29.875 0.6250000000
122631  -39.511  -21.571  37.954 0.6250000000
68826  -39.907  -21.580  38.773 0.6250000000
68827  -40.787  -21.406  38.769 0.7500000000
128743  -48.461  -25.638  28.946 0.5000000000
65064  -48.401  -25.016  28.729 0.6250000000
66028  -49.448  -24.736  29.721 0.8750000000
66989  -50.539  -23.927  30.390 1.0000000000
66988  -50.067  -23.747  29.868 1.0000000000
67961  -50.470  -23.132  30.181 0.8750000000
67952  -51.000  -22.647  30.885 1.0000000000
67953  -51.368  -23.032  31.486 1.0000000000
122975  -51.702  -22.631  32.364 1.0000000000
135754  -51.793  -20.149  32.585 0.8750000000
67959  -49.408  -22.481  29.519 0.7500000000
68962  -49.795  -21.811  30.102 0.7500000000
68956  -49.796  -21.143  30.651 0.6250000000
70883  -49.955  -19.925  31.620 0.6250000000
72841  -51.280  -17.718  32.639 0.6250000000
62959  -22.964  -27.451  49.737 1.0000000000
60910  -12.907  -29.640  48.214 1.0000000000
133414  -12.269  -29.765  47.856 1.0000000000
59783  -11.560  -29.963  47.980 1.0000000000
119751  -10.010  -30.711  48.579 1.0000000000
125935  -10.315  -30.793  47.725 1.0000000000
60877  -16.100  -29.676  50.354 1.0000000000
59730  -21.661  -30.574  52.326 1.0000000000
57742  -8.976  -31.951  47.195 1.0000000000
57729  -8.854  -31.652  48.094 1.0000000000
126187  -9.306  -31.149  48.557 1.0000000000
57741  -8.418  -32.233  47.522 1.0000000000
56687  -7.839  -32.553  47.753 1.0000000000
57713  -6.418  -32.322  49.125 1.0000000000
59727  -16.619  -29.603  54.410 1.0000000000
63966  -42.480  -26.806  39.746 1.0000000000
57740  -5.824  -31.864  47.357 1.0000000000
58700  -16.774  -31.299  55.329 1.0000000000
59809  -6.771  -30.697  46.118 0.8750000000
59794  -6.091  -30.249  47.415 1.0000000000
64002  -43.985  -27.081  36.892 1.0000000000
63991  -44.254  -27.413  37.074 0.8750000000
61980  -6.358  -28.272  46.912 1.0000000000
136911  -5.936  -28.616  47.641 1.0000000000
60924  -6.767  -29.133  46.672 1.0000000000
60945  -7.706  -29.852  45.447 0.8750000000
122481  -7.217  -30.466  45.563 0.8750000000
60946  -9.268  -28.957  44.042 0.8750000000
61996  -7.800  -28.644  45.574 0.8750000000
60937  -8.070  -29.211  45.341 0.8750000000
62022  -9.787  -28.620  43.241 1.0000000000
60966  -9.756  -28.916  42.472 1.0000000000
144480  -7.475  -28.171  45.715 1.0000000000
62979  -7.067  -27.590  45.809 1.0000000000
62980  -7.919  -27.945  45.318 1.0000000000
62007  -9.194  -28.201  44.264 1.0000000000
62015  -9.613  -28.243  43.766 1.0000000000
63932  -10.447  -26.947  42.701 1.0000000000
63008  -10.681  -27.524  42.379 1.0000000000
63940  -11.271  -26.591  41.574 1.0000000000
64917  -11.764  -25.632  40.569 0.5000000000
63112  -46.432  -27.696  33.499 1.0000000000
63914  -8.801  -26.868  44.003 1.0000000000
63913  -8.013  -26.712  44.379 1.0000000000
63931  -9.949  -26.407  42.827 1.0000000000
62016  -9.978  -28.002  43.348 1.0000000000
63925  -9.952  -26.950  43.195 0.8750000000
63009  -10.905  -26.973  42.177 1.0000000000
119724  -11.194  -25.396  40.979 0.6250000000
65906  -11.353  -24.428  39.605 0.6250000000
64047  -47.844  -26.809  33.056 1.0000000000
64061  -46.412  -26.195  32.709 1.0000000000
64062  -47.224  -26.107  32.741 1.0000000000
124078  -49.093  -27.834  33.021 1.0000000000
63911  -6.492  -26.027  45.111 0.8750000000
63939  -10.579  -26.386  42.243 0.8750000000
138916  -10.693  -24.018  39.220 0.5000000000
143636  -47.538  -24.799  32.868 1.0000000000
65976  -48.088  -25.224  33.126 1.0000000000
64896  -7.464  -25.853  43.383 0.8750000000
68836  -22.686  -21.657  37.203 0.7500000000
66957  -32.171  -23.095  31.014 0.6250000000
67926  -32.659  -22.553  31.632 0.6250000000
67912  -32.599  -22.400  32.520 0.5000000000
67900  -33.186  -22.191  33.259 0.5000000000
66938  -46.951  -23.559  33.185 1.0000000000
67905  -47.238  -23.293  33.806 1.0000000000
66939  -47.647  -23.802  33.569 1.0000000000
64998  -48.792  -25.827  33.524 1.0000000000
63116  -50.060  -27.495  33.072 1.0000000000
67840  -22.447  -22.431  35.819 0.6250000000
67911  -31.777  -22.781  32.951 0.6250000000
67886  -32.281  -22.774  34.447 0.3750000000
67866  -32.556  -22.832  35.334 0.3750000000
67899  -32.427  -22.533  33.495 0.5000000000
67890  -45.778  -22.109  34.621 1.0000000000
66956  -31.189  -23.351  31.441 0.6250000000
66936  -30.167  -23.801  33.152 0.6250000000
66937  -31.054  -23.338  33.534 0.6250000000
67824  -33.675  -22.780  37.222 0.3750000000
137300  -34.867  -22.533  36.124 0.5000000000
68875  -45.488  -21.932  35.276 0.8750000000
62158  -51.475  -27.898  32.477 1.0000000000
62145  -50.962  -27.719  32.747 1.0000000000
62167  -51.213  -27.997  31.438 1.0000000000
66945  -29.610  -24.084  31.519 0.6250000000
67825  -34.525  -22.629  37.332 0.3750000000
63144  -51.178  -27.210  30.971 1.0000000000
67922  -22.467  -22.562  31.791 0.5000000000
130688  -28.973  -24.375  31.425 0.6250000000
121308  -41.987  -21.336  37.820 0.7500000000
127481  -43.138  -21.430  37.144 0.7500000000
67955  -23.504  -22.517  29.869 0.5000000000
120276  -27.919  -24.121  30.909 0.6250000000
65997  -28.535  -24.508  30.629 0.7500000000
67814  -37.246  -22.222  38.497 0.3750000000
68828  -41.646  -21.249  38.743 0.7500000000
65043  -50.960  -25.118  31.105 1.0000000000
65044  -51.480  -25.698  31.451 1.0000000000
67800  -38.447  -22.164  39.446 0.3750000000
68816  -40.157  -21.749  40.334 0.6250000000
66978  -51.429  -23.845  31.559 1.0000000000
67782  -39.049  -22.698  41.262 0.3750000000
62953  -22.218  -27.832  50.372 1.0000000000
63882  -21.130  -27.116  49.011 1.0000000000
121979  -21.407  -27.998  51.003 1.0000000000
61937  -21.970  -29.031  51.998 1.0000000000
59770  -11.383  -29.893  48.771 1.0000000000
60856  -20.894  -29.376  52.940 1.0000000000
59769  -10.660  -30.241  49.011 1.0000000000
58722  -9.592  -30.435  49.845 1.0000000000
58735  -9.444  -30.811  49.230 1.0000000000
119806  -9.051  -30.866  49.700 1.0000000000
57727  -7.659  -32.316  48.656 1.0000000000
57701  -7.218  -31.602  50.108 1.0000000000
140085  -5.979  -32.435  48.825 1.0000000000
61933  -15.960  -28.012  53.768 1.0000000000
60841  -16.750  -29.414  54.448 1.0000000000
58703  -18.656  -31.608  55.129 1.0000000000
59754  -5.491  -30.213  49.321 1.0000000000
60880  -5.450  -29.476  49.456 1.0000000000
57712  -5.761  -31.864  49.176 1.0000000000
126562  -5.635  -30.085  50.119 1.0000000000
57711  -5.751  -32.301  48.598 1.0000000000
67756  -24.774  -22.256  44.145 0.7500000000
132883  -5.455  -28.604  48.933 1.0000000000
60892  -5.558  -28.810  48.545 1.0000000000
122081  -5.632  -29.538  48.341 1.0000000000
58748  -5.569  -30.954  48.390 1.0000000000
58759  -5.749  -31.044  47.842 1.0000000000
61966  -5.685  -28.138  48.173 1.0000000000
62964  -5.614  -27.582  48.305 1.0000000000
131789  -5.755  -28.862  47.989 1.0000000000
59782  -5.676  -30.290  48.148 1.0000000000
123756  -5.868  -30.474  47.739 1.0000000000
140004  -23.771  -21.484  41.640 0.7500000000
68824  -23.280  -21.421  39.001 0.7500000000
64915  -10.001  -25.045  41.199 0.8750000000
64909  -8.411  -25.186  41.437 0.8750000000
65904  -9.303  -24.301  39.794 0.7500000000
65915  -9.800  -23.972  39.134 0.5000000000
69841  -22.841  -20.741  37.603 0.7500000000
139840  -22.483  -21.490  36.151 0.7500000000
65912  -32.052  -23.662  39.970 0.3750000000
66867  -33.083  -23.195  38.746 0.3750000000
136962  -32.738  -23.530  40.080 0.3750000000
66927  -47.834  -23.508  34.282 1.0000000000
133694  -49.916  -26.497  33.774 1.0000000000
68886  -22.326  -21.141  34.461 0.5000000000
66917  -31.049  -23.655  35.609 0.3750000000
67885  -31.750  -22.909  33.806 0.5000000000
66926  -31.802  -23.159  35.180 0.3750000000
131004  -31.807  -23.399  36.814 0.3750000000
66904  -32.758  -23.034  37.045 0.3750000000
66918  -31.819  -23.275  35.938 0.3750000000
66885  -31.880  -23.479  37.693 0.3750000000
66868  -34.039  -22.963  38.892 0.3750000000
66840  -33.578  -23.538  40.346 0.3750000000
67872  -47.176  -22.932  35.505 1.0000000000
66905  -47.822  -23.382  36.323 1.0000000000
64015  -50.026  -25.802  34.264 1.0000000000
63099  -50.749  -26.775  33.537 1.0000000000
65963  -29.320  -24.335  33.920 0.6250000000
67811  -34.710  -22.658  38.161 0.3750000000
67849  -46.002  -22.097  35.961 1.0000000000
67829  -45.890  -22.115  36.914 1.0000000000
63125  -52.128  -26.890  32.779 1.0000000000
68926  -22.351  -21.123  32.418 0.5000000000
142073  -28.661  -24.385  34.981 0.6250000000
67812  -35.556  -22.522  38.273 0.3750000000
66852  -35.245  -23.206  39.797 0.3750000000
68844  -43.670  -21.334  37.856 0.8750000000
64064  -52.092  -26.216  32.415 1.0000000000
64076  -51.913  -26.360  31.772 1.0000000000
142483  -52.004  -25.004  32.693 1.0000000000
139906  -28.382  -24.230  31.509 0.6250000000
65961  -27.826  -24.191  32.843 0.6250000000
67798  -36.719  -22.587  39.203 0.3750000000
68829  -42.536  -21.132  38.729 0.7500000000
68830  -43.471  -21.112  38.770 0.7500000000
120207  -43.142  -20.952  39.647 0.7500000000
68955  -25.154  -21.673  30.024 0.5000000000
66954  -27.339  -23.564  31.245 0.6250000000
66842  -37.395  -23.222  40.719 0.3750000000
67790  -37.895  -22.646  40.114 0.3750000000
120208  -42.210  -21.090  39.649 0.7500000000
66833  -38.556  -23.274  41.765 0.3750000000
141783  -40.931  -21.889  41.740 0.6250000000
68805  -41.263  -21.616  41.349 0.8750000000
68792  -41.330  -21.792  42.154 0.7500000000
67774  -40.021  -22.762  42.587 0.3750000000
66825  -40.153  -22.837  43.378 0.6250000000
69853  -52.369  -20.302  34.828 0.7500000000
73841  -44.773  -16.336  32.198 0.2500000000
63891  -21.493  -26.535  48.362 0.8750000000
63881  -20.082  -27.049  49.292 1.0000000000
65817  -23.797  -24.437  47.719 0.6250000000
63880  -19.040  -26.903  49.811 1.0000000000
62943  -20.389  -27.845  51.313 1.0000000000
62942  -19.385  -27.562  51.521 1.0000000000
61935  -20.486  -28.612  52.586 1.0000000000
69736  -26.316  -20.673  47.784 0.6250000000
70732  -26.261  -20.108  48.241 0.6250000000
59746  -10.917  -29.755  49.750 1.0000000000
61943  -13.514  -27.994  51.157 1.0000000000
59728  -20.633  -30.981  53.365 1.0000000000
70745  -25.193  -19.200  46.889 0.6250000000
69735  -25.754  -19.771  47.575 0.6250000000
70756  -24.728  -18.887  46.083 0.6250000000
59745  -10.062  -30.024  50.054 1.0000000000
62940  -14.419  -27.056  52.156 1.0000000000
59726  -19.879  -30.863  54.065 1.0000000000
69748  -25.900  -20.483  47.203 0.6250000000
69763  -25.297  -20.482  46.059 0.6250000000
59736  -8.886  -29.789  50.758 1.0000000000
59744  -9.277  -30.135  50.357 1.0000000000
59743  -8.644  -30.269  50.685 1.0000000000
59725  -19.024  -30.874  54.834 1.0000000000
68754  -25.264  -21.450  45.498 0.6250000000
69775  -24.854  -20.596  45.234 0.6250000000
59734  -7.510  -30.128  51.536 1.0000000000
58720  -7.604  -31.087  50.566 1.0000000000
131321  -16.269  -28.084  53.860 1.0000000000
60842  -17.042  -29.186  54.710 1.0000000000
131840  -24.563  -20.675  44.548 0.6250000000
71695  -24.149  -18.521  44.617 0.6250000000
58712  -7.112  -30.654  51.040 1.0000000000
58719  -6.698  -31.193  50.425 1.0000000000
59732  -5.836  -29.851  51.030 1.0000000000
69784  -24.266  -20.220  43.998 0.6250000000
130154  -23.803  -19.753  42.422 0.6250000000
61956  -5.449  -28.229  49.267 1.0000000000
62945  -5.477  -27.117  50.243 1.0000000000
68789  -23.958  -21.563  42.325 0.7500000000
131614  -23.650  -21.147  41.114 0.7500000000
69828  -23.525  -19.906  40.301 0.8750000000
70823  -23.558  -19.157  40.267 0.6250000000
120370  -32.636  -21.979  44.719 0.3750000000
127690  -23.166  -20.608  38.540 0.7500000000
68791  -31.716  -22.185  42.146 0.3750000000
135850  -31.571  -22.672  41.478 0.3750000000
65884  -31.986  -23.550  40.839 0.3750000000
66815  -32.912  -23.690  43.099 0.3750000000
142300  -32.769  -22.795  44.529 0.3750000000
69846  -22.684  -19.981  36.951 0.7500000000
66848  -31.381  -23.506  39.541 0.3750000000
66830  -32.411  -23.605  41.425 0.3750000000
66822  -32.681  -23.700  42.188 0.3750000000
65860  -33.047  -23.924  42.747 0.3750000000
66808  -33.448  -23.918  44.533 0.3750000000
127640  -33.724  -23.725  45.425 0.3750000000
65956  -49.836  -25.199  34.871 1.0000000000
64903  -7.685  -25.308  41.990 0.8750000000
65869  -6.961  -24.829  41.913 0.8750000000
64908  -7.510  -24.842  41.242 0.8750000000
66859  -8.035  -23.866  38.074 0.7500000000
65920  -31.693  -23.602  38.984 0.3750000000
65910  -31.122  -23.616  38.766 0.3750000000
141387  -31.113  -23.785  37.496 0.3750000000
65898  -32.777  -23.687  40.812 0.3750000000
65873  -33.399  -24.115  42.383 0.3750000000
65887  -34.031  -24.209  41.884 0.3750000000
65861  -33.556  -24.254  43.280 0.3750000000
133678  -49.084  -24.242  35.484 1.0000000000
131514  -22.277  -20.308  34.785 0.5000000000
66884  -31.141  -23.820  37.151 0.3750000000
65945  -30.283  -23.932  36.125 0.3750000000
119878  -34.573  -23.608  40.501 0.3750000000
66906  -48.571  -23.969  36.908 1.0000000000
64031  -51.175  -26.154  33.963 1.0000000000
65934  -30.129  -23.930  36.416 0.5000000000
65944  -29.725  -24.079  35.637 0.5000000000
66902  -29.526  -23.892  36.226 0.5000000000
127658  -35.588  -23.627  40.543 0.3750000000
69886  -22.513  -20.731  31.688 0.5000000000
132386  -22.524  -20.019  31.874 0.5000000000
140407  -45.919  -22.056  39.076 0.8750000000
66921  -52.278  -23.280  34.613 0.8750000000
66841  -36.538  -23.478  40.590 0.3750000000
140914  -43.540  -20.977  40.337 0.8750000000
119532  -36.950  -23.834  41.302 0.3750000000
68793  -42.614  -21.124  42.322 0.6250000000
140741  -38.159  -24.202  43.749 0.3750000000
72720  -46.964  -17.751  39.298 0.3750000000
66818  -39.837  -23.087  43.975 0.5000000000
67764  -40.484  -22.288  44.136 0.6250000000
72759  -47.772  -17.453  38.147 0.3750000000
68862  -52.361  -21.667  34.833 0.6250000000
70851  -52.455  -19.447  34.424 0.7500000000
72793  -52.627  -17.484  34.690 0.6250000000
73812  -52.797  -15.765  34.987 0.7500000000
73797  -52.995  -15.518  34.560 0.6250000000
74774  -47.228  -15.610  33.487 0.3750000000
133763  -52.575  -14.297  32.007 0.7500000000
74796  -45.732  -14.869  31.645 0.2500000000
76645  -48.046  -13.527  32.499 0.3750000000
75725  -51.371  -14.242  31.063 0.6250000000
65826  -18.985  -24.758  46.171 0.8750000000
64863  -18.127  -25.833  47.561 0.8750000000
64861  -16.529  -25.605  48.132 0.8750000000
64847  -16.174  -25.747  49.050 0.8750000000
65824  -17.152  -24.936  46.418 0.8750000000
138087  -16.384  -25.008  46.626 0.8750000000
64862  -17.303  -25.710  47.840 0.8750000000
64849  -17.713  -26.107  48.345 0.8750000000
66765  -23.841  -23.470  47.673 0.6250000000
61942  -11.934  -28.699  50.392 1.0000000000
64835  -16.071  -25.937  49.861 0.8750000000
63879  -17.948  -26.568  49.785 0.8750000000
63869  -18.307  -26.879  50.657 1.0000000000
67699  -25.109  -22.193  49.842 0.6250000000
60862  -10.161  -29.283  50.340 1.0000000000
61952  -11.602  -28.315  50.410 1.0000000000
62939  -12.619  -28.146  50.624 1.0000000000
64825  -16.397  -26.181  50.442 1.0000000000
127835  -17.252  -26.511  50.822 0.8750000000
63857  -17.848  -26.885  51.574 1.0000000000
62928  -18.648  -27.916  53.198 1.0000000000
138655  -15.965  -26.185  51.069 0.8750000000
129067  -15.857  -26.377  51.767 1.0000000000
63847  -17.515  -27.057  52.568 1.0000000000
63846  -16.667  -26.841  52.802 1.0000000000
127699  -18.258  -27.471  52.735 1.0000000000
59737  -9.643  -29.716  50.367 1.0000000000
125388  -8.429  -29.399  51.273 1.0000000000
63844  -15.529  -26.865  52.902 1.0000000000
63840  -16.373  -27.025  53.328 1.0000000000
62919  -16.485  -27.829  53.862 1.0000000000
61921  -17.536  -28.621  54.382 1.0000000000
62924  -15.882  -27.144  53.454 1.0000000000
61925  -15.793  -27.452  53.531 1.0000000000
62925  -16.219  -27.367  53.619 1.0000000000
59729  -6.950  -29.692  52.083 1.0000000000
60852  -6.423  -29.136  52.496 1.0000000000
60851  -5.810  -28.836  52.216 1.0000000000
72676  -23.472  -17.897  42.217 0.6250000000
133295  -23.472  -17.844  41.393 0.6250000000
73718  -22.599  -16.984  41.520 0.6250000000
71734  -23.573  -18.665  40.566 0.6250000000
125532  -23.491  -18.768  39.194 0.6250000000
69776  -32.167  -20.482  44.186 0.3750000000
69800  -31.436  -21.106  42.141 0.3750000000
66794  -33.543  -23.247  45.749 0.3750000000
66768  -34.174  -22.853  47.148 0.3750000000
137998  -23.285  -18.197  37.748 0.6250000000
144187  -22.444  -19.297  35.577 0.6250000000
68790  -31.356  -21.764  41.456 0.3750000000
136648  -31.211  -20.800  41.473 0.3750000000
134835  -22.561  -18.299  35.382 0.3750000000
65862  -34.244  -24.595  43.779 0.3750000000
65852  -34.511  -24.549  44.659 0.3750000000
133388  -49.518  -24.348  36.452 1.0000000000
66876  -7.939  -23.744  37.230 0.6250000000
65926  -30.410  -23.729  37.479 0.3750000000
66866  -29.949  -23.506  37.997 0.5000000000
139412  -34.861  -24.734  43.464 0.3750000000
65875  -35.228  -24.698  42.812 0.3750000000
65936  -49.050  -24.136  37.189 1.0000000000
64952  -49.998  -24.616  35.919 1.0000000000
64016  -50.669  -25.704  34.393 1.0000000000
66857  -6.748  -23.456  38.462 0.8750000000
133126  -29.791  -23.956  36.800 0.5000000000
67842  -29.337  -23.438  36.692 0.5000000000
66883  -29.902  -23.799  37.115 0.5000000000
65888  -35.610  -24.460  42.010 0.3750000000
66888  -47.945  -23.643  38.088 1.0000000000
132749  -47.880  -23.398  38.704 0.8750000000
132891  -47.021  -22.680  39.546 0.8750000000
67831  -47.355  -23.144  38.357 0.8750000000
122078  -48.059  -23.707  37.332 0.8750000000
66915  -28.315  -24.014  35.273 0.6250000000
66901  -28.797  -23.728  35.910 0.6250000000
66831  -36.040  -24.062  41.231 0.3750000000
68809  -45.318  -21.516  40.395 0.8750000000
67792  -46.121  -21.950  40.214 0.8750000000
66908  -51.960  -23.380  35.411 0.8750000000
68795  -44.178  -20.920  41.343 0.7500000000
68784  -42.918  -20.888  42.496 0.6250000000
143276  -51.449  -22.344  36.213 0.6250000000
69889  -26.310  -20.370  31.479 0.6250000000
136858  -27.388  -21.958  33.762 0.6250000000
68763  -41.589  -21.129  43.682 0.3750000000
71744  -46.443  -18.195  40.234 0.5000000000
70804  -46.677  -19.867  40.844 0.6250000000
70817  -47.847  -19.225  39.838 0.3750000000
70825  -48.093  -18.416  39.293 0.3750000000
66809  -38.700  -23.288  44.685 0.3750000000
69780  -40.371  -21.137  44.129 0.5000000000
70834  -48.996  -18.574  38.506 0.3750000000
69779  -39.568  -21.546  44.462 0.3750000000
71725  -42.685  -18.426  41.832 0.5000000000
73757  -48.916  -17.007  37.230 0.3750000000
74737  -51.255  -15.454  35.799 0.3750000000
123634  -53.250  -15.024  34.205 0.6250000000
76637  -49.103  -13.630  33.383 0.3750000000
77622  -45.946  -12.819  30.353 0.2500000000
65841  -20.236  -24.047  45.673 0.7500000000
65839  -18.472  -24.202  45.598 0.8750000000
66789  -17.962  -23.610  45.026 0.8750000000
66790  -18.863  -23.591  45.118 0.7500000000
67726  -21.852  -22.780  46.361 0.6250000000
67741  -21.197  -22.829  45.834 0.6250000000
67716  -24.001  -22.671  48.054 0.6250000000
137938  -24.326  -22.414  48.656 0.6250000000
139501  -17.453  -22.145  44.380 0.7500000000
67740  -20.615  -22.313  45.510 0.7500000000
135892  -20.941  -21.603  46.014 0.6250000000
136128  -22.964  -22.089  47.474 0.6250000000
62948  -11.212  -27.823  50.230 1.0000000000
63862  -10.797  -27.225  49.888 1.0000000000
63863  -11.901  -27.232  50.000 1.0000000000
64822  -14.607  -26.213  50.644 0.8750000000
68752  -18.625  -21.660  44.648 0.7500000000
68725  -20.729  -20.835  46.412 0.6250000000
68716  -22.733  -21.434  47.867 0.6250000000
68706  -23.711  -21.350  49.105 0.6250000000
68689  -24.885  -21.387  50.685 0.6250000000
61950  -9.341  -28.353  50.782 1.0000000000
63876  -12.491  -26.631  49.839 1.0000000000
70744  -19.992  -20.038  46.708 0.6250000000
69720  -21.936  -20.297  48.678 0.6250000000
69721  -22.661  -20.552  49.038 0.6250000000
69709  -22.827  -20.398  49.890 0.6250000000
69710  -23.536  -20.693  50.255 0.6250000000
69702  -23.703  -20.580  51.053 0.6250000000
69703  -24.549  -20.893  51.243 0.6250000000
134827  -24.561  -20.556  51.898 0.6250000000
69694  -25.267  -20.869  51.656 0.6250000000
70681  -25.956  -19.892  52.169 0.6250000000
61938  -8.215  -28.898  51.593 1.0000000000
62938  -8.510  -27.745  51.320 1.0000000000
70731  -20.294  -19.717  47.778 0.6250000000
69708  -22.125  -20.152  49.476 0.6250000000
69701  -22.944  -20.299  50.767 0.6250000000
120122  -21.556  -19.568  51.770 0.5000000000
69693  -23.862  -20.429  51.798 0.6250000000
70679  -22.396  -19.815  52.050 0.5000000000
70665  -23.750  -19.906  52.909 0.5000000000
70666  -24.621  -19.876  52.890 0.5000000000
69687  -25.118  -20.321  52.297 0.5000000000
72596  -25.441  -18.316  52.248 0.5000000000
119770  -24.185  -17.719  48.172 0.5000000000
73683  -22.675  -17.154  46.478 0.5000000000
71646  -24.491  -18.659  53.488 0.5000000000
72606  -25.485  -17.965  51.208 0.5000000000
73631  -24.452  -17.042  52.510 0.5000000000
72630  -23.504  -17.435  47.784 0.5000000000
61930  -7.166  -28.525  52.749 1.0000000000
70664  -22.450  -19.687  52.660 0.5000000000
121637  -20.702  -19.396  52.205 0.5000000000
136445  -21.650  -19.395  52.997 0.5000000000
70650  -22.531  -19.525  53.183 0.5000000000
70651  -23.328  -19.565  53.337 0.5000000000
73664  -22.072  -16.349  48.675 0.3750000000
73659  -23.077  -16.761  49.373 0.5000000000
74664  -21.126  -16.324  45.353 0.5000000000
74653  -21.145  -16.171  46.669 0.3750000000
73711  -21.979  -16.709  42.218 0.6250000000
74703  -21.268  -16.263  41.889 0.2500000000
74625  -22.694  -16.267  49.972 0.3750000000
136026  -5.375  -24.690  51.831 1.0000000000
142097  -19.890  -14.902  46.427 0.3750000000
74687  -20.605  -15.998  44.012 0.2500000000
75547  -20.009  -14.176  48.053 0.3750000000
73723  -22.500  -16.715  40.472 0.5000000000
73729  -23.238  -17.086  39.326 0.5000000000
73736  -23.218  -16.849  38.498 0.5000000000
132698  -31.965  -19.647  43.859 0.3750000000
65891  -6.959  -23.923  39.894 0.8750000000
66909  -7.195  -23.162  35.721 0.3750000000
65928  -49.221  -23.952  37.463 0.8750000000
65938  -50.146  -24.333  36.561 0.8750000000
66893  -6.643  -23.199  36.225 0.7500000000
68851  -29.320  -22.460  37.011 0.5000000000
66854  -47.977  -23.178  39.033 0.8750000000
66890  -50.017  -23.602  37.646 0.7500000000
65939  -50.888  -24.277  36.346 0.8750000000
71810  -23.246  -18.017  31.817 0.3750000000
67865  -28.142  -23.148  35.599 0.6250000000
68797  -45.553  -21.275  40.871 0.6250000000
68810  -46.288  -21.808  40.368 0.6250000000
120632  -47.003  -22.268  40.087 0.8750000000
67804  -48.116  -22.818  39.368 0.7500000000
67793  -47.647  -22.196  39.962 0.7500000000
67805  -48.804  -22.777  39.124 0.7500000000
67819  -49.386  -22.864  38.601 0.7500000000
67820  -50.010  -22.948  38.084 0.6250000000
66907  -51.388  -23.591  36.189 0.8750000000
65865  -37.711  -24.304  44.148 0.3750000000
68821  -48.152  -21.269  39.852 0.6250000000
68812  -47.512  -21.357  40.320 0.6250000000
68833  -49.213  -21.217  38.778 0.6250000000
68834  -49.727  -21.980  38.305 0.6250000000
68847  -50.371  -22.157  37.517 0.7500000000
68848  -50.958  -22.283  36.781 0.6250000000
70882  -26.294  -19.402  31.652 0.5000000000
70774  -42.885  -20.285  43.168 0.5000000000
69795  -43.545  -20.125  42.845 0.6250000000
70789  -44.039  -19.771  42.576 0.6250000000
70790  -44.631  -19.862  42.106 0.7500000000
70803  -46.102  -19.712  41.256 0.6250000000
70802  -45.358  -19.920  41.660 0.6250000000
69823  -47.685  -20.347  40.196 0.6250000000
130669  -50.148  -21.127  37.647 0.5000000000
69871  -7.262  -20.144  32.701 0.2500000000
68760  -38.867  -22.269  44.806 0.3750000000
127085  -45.222  -19.063  41.709 0.6250000000
69847  -50.476  -20.298  37.115 0.3750000000
70840  -49.573  -19.002  37.990 0.3750000000
69848  -51.186  -20.371  36.410 0.3750000000
71802  -6.881  -18.543  31.795 0.1250000000
69805  -38.900  -20.248  43.160 0.5000000000
70785  -40.377  -19.762  42.943 0.5000000000
136972  -41.104  -19.441  42.790 0.5000000000
71769  -49.351  -18.031  37.999 0.3750000000
141319  -49.930  -18.416  37.547 0.3750000000
70801  -39.263  -19.294  41.799 0.5000000000
71722  -39.827  -18.876  41.396 0.3750000000
71770  -49.870  -17.613  37.399 0.3750000000
125338  -6.861  -17.891  31.526 0.1250000000
73862  -7.608  -16.754  30.952 0.1250000000
71817  -8.498  -17.969  30.818 0.1250000000
144103  -38.385  -18.287  40.117 0.1250000000
71754  -37.254  -17.905  39.332 0.1250000000
73775  -50.684  -16.321  36.246 0.3750000000
140886  -50.510  -15.877  36.072 0.3750000000
75671  -51.723  -14.305  35.314 0.3750000000
76610  -52.100  -13.958  35.109 0.5000000000
76627  -51.180  -13.596  34.752 0.5000000000
134681  -52.611  -13.404  34.650 0.5000000000
77583  -53.232  -13.375  33.920 0.6250000000
76628  -51.997  -13.474  34.895 0.5000000000
77601  -48.974  -12.713  32.447 0.3750000000
138380  -53.349  -12.790  32.771 0.7500000000
65822  -14.572  -24.690  46.452 0.8750000000
129409  -13.205  -24.458  46.447 0.8750000000
64844  -13.409  -25.629  48.528 0.8750000000
67753  -16.756  -22.263  44.410 0.7500000000
64830  -10.952  -26.027  49.090 1.0000000000
63875  -11.456  -26.680  49.539 1.0000000000
64829  -10.032  -25.788  49.112 1.0000000000
68751  -17.047  -21.581  44.409 0.7500000000
69759  -17.772  -20.358  45.358 0.7500000000
63873  -9.671  -26.155  49.656 1.0000000000
64821  -9.032  -26.100  50.139 1.0000000000
70729  -18.882  -19.461  47.765 0.6250000000
63850  -8.077  -26.727  51.579 1.0000000000
72614  -25.455  -18.002  50.190 0.5000000000
62922  -6.407  -27.501  53.255 1.0000000000
63839  -6.626  -26.790  53.241 1.0000000000
64815  -6.854  -24.992  53.204 1.0000000000
72588  -24.234  -17.885  53.635 0.5000000000
126206  -24.143  -16.620  52.997 0.5000000000
74614  -23.294  -16.047  51.098 0.5000000000
65790  -5.454  -24.611  52.745 1.0000000000
73620  -23.184  -16.860  54.083 0.5000000000
73622  -23.464  -16.138  53.655 0.5000000000
74597  -23.461  -15.495  52.718 0.5000000000
75520  -22.797  -14.557  52.140 0.3750000000
130899  -5.347  -23.844  51.714 1.0000000000
75525  -21.605  -14.399  50.581 0.3750000000
75536  -21.101  -14.504  49.734 0.3750000000
123402  -22.211  -15.483  37.821 0.2500000000
72782  -22.880  -16.946  35.732 0.2500000000
121107  -22.814  -16.330  35.262 0.2500000000
144318  -35.458  -24.067  45.638 0.3750000000
65847  -36.698  -24.141  44.957 0.3750000000
73829  -24.028  -16.146  32.119 0.3750000000
72834  -23.791  -17.352  31.716 0.3750000000
73847  -24.322  -16.715  31.723 0.3750000000
67821  -6.045  -22.663  37.263 0.8750000000
67835  -6.101  -22.867  36.015 0.6250000000
72835  -24.657  -17.457  31.512 0.3750000000
67854  -5.875  -22.305  34.675 0.6250000000
68880  -7.053  -22.298  34.069 0.3750000000
67874  -7.435  -22.641  34.687 0.5000000000
67746  -36.551  -23.288  45.333 0.3750000000
68878  -5.636  -21.615  34.083 0.5000000000
68901  -5.911  -21.258  33.556 0.3750000000
69881  -27.264  -20.202  32.700 0.6250000000
69860  -6.514  -20.760  33.120 0.2500000000
69859  -5.786  -20.410  33.133 0.2500000000
72832  -6.125  -17.398  31.924 0.1250000000
130014  -7.177  -14.939  31.385 0.1250000000
136300  -6.990  -16.365  31.356 0.1250000000
74799  -7.617  -15.840  30.998 0.1250000000
64856  -11.760  -25.148  47.950 1.0000000000
66764  -10.893  -23.661  46.978 1.0000000000
65804  -10.040  -24.683  48.204 1.0000000000
64857  -12.680  -25.291  47.863 0.8750000000
67738  -13.598  -22.472  44.854 0.8750000000
68749  -15.375  -21.669  44.492 0.7500000000
69769  -14.913  -21.107  44.806 0.7500000000
65799  -9.527  -24.569  48.750 1.0000000000
70714  -18.558  -19.350  48.636 0.6250000000
65791  -7.125  -24.238  52.983 1.0000000000
66745  -5.764  -23.134  53.404 1.0000000000
73618  -21.158  -16.734  54.827 0.5000000000
127427  -5.428  -23.150  51.505 1.0000000000
76462  -22.612  -13.672  52.130 0.3750000000
76568  -19.035  -13.735  40.648 0.2500000000
77524  -18.560  -12.248  39.871 0.1250000000
74732  -22.910  -15.984  36.482 0.2500000000
74745  -22.762  -15.089  35.614 0.2500000000
74746  -22.822  -15.709  35.657 0.2500000000
74758  -23.340  -15.090  33.900 0.2500000000
74766  -23.747  -15.172  33.027 0.2500000000
68798  -6.162  -21.910  40.965 0.8750000000
68823  -6.145  -21.888  38.754 0.8750000000
67834  -5.768  -22.370  35.514 0.6250000000
69849  -5.707  -20.572  35.417 0.7500000000
69854  -5.519  -20.860  34.299 0.6250000000
70856  -5.515  -19.797  33.292 0.3750000000
69787  -37.091  -20.809  43.253 0.3750000000
73799  -6.386  -16.130  34.541 0.2500000000
71789  -5.404  -18.535  33.647 0.2500000000
72818  -5.565  -17.803  32.634 0.1250000000
132608  -7.701  -14.964  35.065 0.1250000000
75675  -6.806  -14.219  34.458 0.1250000000
74757  -6.425  -15.485  34.427 0.1250000000
74756  -6.095  -15.173  34.081 0.1250000000
141981  -5.644  -16.328  33.658 0.1250000000
131486  -5.455  -16.967  33.220 0.1250000000
74765  -5.780  -15.574  33.661 0.1250000000
73827  -5.768  -16.145  32.491 0.1250000000
74779  -6.004  -15.581  32.193 0.1250000000
75701  -5.911  -14.847  32.646 0.1250000000
138384  -36.331  -18.156  39.596 0.1250000000
78498  -52.832  -11.808  33.671 0.5000000000
78508  -51.534  -11.401  33.072 0.5000000000
78518  -49.446  -11.464  31.705 0.3750000000
78528  -48.302  -11.196  30.906 0.2500000000
79359  -50.982  -10.967  32.367 0.5000000000
79374  -53.753  -10.750  32.118 0.7500000000
79396  -53.895  -10.095  29.130 0.3750000000
68736  -14.031  -21.258  45.035 0.8750000000
70751  -15.054  -19.944  45.948 0.7500000000
121195  -17.417  -19.418  47.607 0.7500000000
120197  -17.963  -19.390  49.799 0.6250000000
67686  -6.475  -22.556  53.511 1.0000000000
70641  -19.950  -19.139  54.157 0.5000000000
67683  -5.603  -22.541  53.216 1.0000000000
76584  -20.005  -13.704  38.053 0.1250000000
77537  -19.200  -12.575  38.500 0.1250000000
67690  -5.557  -22.309  51.405 1.0000000000
75515  -23.155  -14.459  53.288 0.5000000000
141478  -22.366  -13.036  35.282 0.2500000000
76618  -22.692  -13.428  35.017 0.2500000000
77401  -22.111  -12.661  51.539 0.2500000000
76619  -23.237  -13.033  34.532 0.2500000000
76620  -23.891  -12.692  34.194 0.2500000000
74767  -24.307  -14.669  32.802 0.2500000000
68766  -7.060  -21.319  43.526 0.8750000000
69797  -7.383  -20.719  42.269 0.8750000000
68779  -6.311  -21.530  42.249 0.8750000000
68788  -6.371  -21.412  41.428 0.8750000000
69809  -6.830  -20.842  41.017 0.8750000000
134330  -6.294  -21.743  40.293 0.8750000000
69816  -6.417  -21.265  39.854 0.8750000000
69826  -7.030  -20.232  39.680 0.8750000000
69824  -6.287  -21.353  39.188 0.8750000000
123306  -25.640  -16.106  31.861 0.3750000000
136431  -5.861  -20.559  37.321 0.7500000000
71778  -6.553  -18.216  35.708 0.3750000000
71784  -5.729  -18.772  34.513 0.2500000000
73780  -10.015  -15.879  35.805 0.2500000000
74739  -7.532  -15.608  35.259 0.2500000000
73777  -7.294  -16.379  35.456 0.2500000000
79373  -51.333  -10.233  32.001 0.5000000000
80349  -54.866  -8.805  26.096 0.2500000000
80364  -57.320  -8.103  24.162 0.2500000000
81261  -58.389  -7.761  23.799 0.2500000000
82131  -58.499  -7.209  24.243 0.2500000000
83016  -59.100  -6.711  23.842 0.2500000000
86363  -59.332  -2.615  21.524 0.2500000000
84681  -58.796  -4.265  20.584 0.2500000000
70738  -13.975  -19.653  46.942 0.7500000000
70740  -15.716  -19.570  46.748 0.7500000000
70725  -14.623  -19.476  47.759 0.7500000000
67698  -9.206  -22.288  49.603 1.0000000000
68678  -7.538  -21.970  52.755 1.0000000000
120206  -16.575  -19.610  51.538 0.5000000000
70676  -16.906  -19.616  52.265 0.5000000000
141025  -7.007  -22.038  53.354 1.0000000000
68674  -6.457  -21.663  53.530 1.0000000000
68673  -5.989  -21.296  53.555 1.0000000000
78445  -23.717  -11.525  35.757 0.2500000000
125558  -5.655  -21.822  53.245 1.0000000000
68675  -5.475  -21.519  52.769 1.0000000000
68677  -5.565  -21.322  51.978 1.0000000000
137374  -5.885  -20.866  51.481 1.0000000000
77544  -19.662  -12.325  37.774 0.1250000000
76459  -22.967  -13.021  52.605 0.2500000000
68746  -7.205  -21.482  44.466 0.8750000000
69767  -8.426  -20.665  44.316 0.8750000000
71777  -6.198  -18.640  35.315 0.3750000000
80277  -50.154  -10.073  31.024 0.5000000000
81192  -51.158  -8.862  30.846 0.6250000000
80280  -52.577  -9.139  31.837 0.6250000000
80291  -54.890  -9.058  30.064 0.7500000000
80313  -54.883  -9.156  28.510 0.5000000000
87270  -58.933  -0.797  20.352 0.2500000000
87269  -58.684  -1.524  20.307 0.2500000000
70724  -13.729  -19.504  47.956 0.7500000000
122419  -14.230  -19.502  49.674 0.8750000000
70710  -13.559  -19.489  48.973 0.7500000000
67692  -8.866  -21.877  50.504 1.0000000000
68676  -7.312  -21.232  53.319 1.0000000000
71631  -17.686  -18.527  54.497 0.5000000000
69682  -7.479  -20.124  53.428 1.0000000000
72577  -18.761  -17.425  55.898 0.5000000000
70668  -5.860  -19.921  52.571 1.0000000000
69688  -5.793  -20.447  52.038 1.0000000000
75511  -21.886  -14.248  54.301 0.3750000000
76453  -22.327  -13.293  54.250 0.3750000000
69697  -6.171  -20.211  51.436 1.0000000000
77397  -23.010  -12.259  52.451 0.2500000000
77575  -25.308  -12.316  34.509 0.2500000000
77561  -25.718  -12.091  35.219 0.2500000000
132923  -8.851  -20.578  45.973 0.8750000000
74747  -28.341  -15.827  35.044 0.2500000000
70791  -8.167  -19.995  41.104 0.8750000000
70828  -7.294  -19.390  38.525 0.7500000000
68770  -34.877  -20.964  44.309 0.3750000000
126805  -8.666  -17.866  37.514 0.5000000000
81191  -49.721  -8.724  30.077 0.5000000000
87237  -59.101  -1.208  21.843 0.2500000000
87259  -59.149  -0.933  21.050 0.2500000000
73656  -15.562  -16.339  49.558 0.6250000000
69707  -11.209  -19.806  49.488 1.0000000000
69706  -10.528  -20.145  49.842 1.0000000000
70675  -16.273  -19.519  51.737 0.5000000000
69691  -9.933  -19.674  51.160 1.0000000000
122675  -17.429  -17.276  53.425 0.5000000000
70656  -9.486  -18.664  52.524 1.0000000000
73617  -17.535  -16.775  55.493 0.3750000000
70644  -7.292  -19.250  53.552 1.0000000000
70643  -6.821  -19.241  53.518 1.0000000000
71640  -7.902  -18.625  53.466 1.0000000000
71648  -8.768  -18.251  53.177 1.0000000000
72592  -8.796  -17.431  53.076 1.0000000000
129876  -10.261  -16.885  52.285 0.8750000000
75510  -20.565  -14.324  54.685 0.3750000000
131453  -19.108  -15.192  55.760 0.3750000000
74586  -17.679  -15.875  56.222 0.3750000000
72584  -6.861  -18.076  53.098 1.0000000000
72591  -7.828  -17.444  53.243 1.0000000000
75508  -19.467  -14.445  55.400 0.3750000000
71654  -6.326  -18.700  51.939 1.0000000000
76622  -26.625  -13.279  34.267 0.2500000000
75683  -28.098  -15.052  35.061 0.2500000000
70792  -8.706  -20.013  41.972 0.8750000000
70820  -8.135  -19.353  39.715 0.7500000000
70821  -8.863  -19.097  39.994 0.7500000000
71746  -9.334  -18.708  39.450 0.7500000000
71766  -8.183  -18.405  37.890 0.6250000000
72724  -12.336  -17.009  38.820 0.7500000000
86341  -58.536  -2.404  24.125 0.3750000000
134214  -58.902  -3.963  24.291 0.3750000000
87225  -58.267  -1.285  23.319 0.5000000000
88136  -58.701  -0.474  22.172 0.3750000000
88155  -58.988  -0.131  21.443 0.3750000000
89043  -58.645  0.375  21.158 0.3750000000
88183  -58.726  0.585  18.333 0.3750000000
87289  -58.526  -0.302  18.879 0.2500000000
89882  -58.512  1.257  17.909 0.3750000000
88218  -58.976  -0.138  14.559 0.3750000000
72600  -12.699  -17.548  50.965 0.7500000000
74632  -16.210  -15.185  48.485 0.6250000000
73654  -13.518  -16.359  49.670 0.7500000000
74603  -17.627  -15.774  51.711 0.5000000000
73638  -11.924  -16.830  51.169 0.7500000000
73644  -11.494  -16.190  50.918 0.7500000000
73637  -11.039  -16.315  51.418 0.8750000000
73636  -9.798  -16.151  52.207 0.8750000000
74617  -11.097  -15.477  49.996 0.7500000000
75506  -17.740  -15.021  56.298 0.3750000000
73626  -7.598  -16.711  52.749 1.0000000000
73635  -8.899  -16.032  52.387 0.8750000000
76448  -18.809  -13.722  55.798 0.3750000000
73625  -6.941  -16.850  52.411 1.0000000000
77390  -22.769  -12.427  54.285 0.2500000000
71662  -6.913  -18.377  50.617 1.0000000000
70735  -9.026  -19.704  47.193 1.0000000000
70749  -9.869  -19.559  45.890 1.0000000000
122954  -9.857  -19.967  44.107 0.8750000000
70808  -10.124  -19.052  40.959 0.7500000000
71730  -9.739  -18.883  40.198 0.7500000000
124309  -11.868  -17.518  39.271 0.7500000000
71748  -11.216  -18.121  39.688 0.7500000000
82058  -50.094  -6.547  29.556 0.5000000000
81203  -55.552  -7.836  29.436 0.6250000000
89042  -58.175  0.509  21.270 0.3750000000
88135  -57.920  0.080  22.062 0.3750000000
89890  -58.211  1.437  17.502 0.3750000000
89091  -58.752  0.961  16.670 0.3750000000
138249  -58.530  1.113  16.106 0.3750000000
89101  -58.145  0.600  14.906 0.3750000000
76456  -16.941  -13.845  54.095 0.3750000000
74608  -9.940  -15.402  51.093 0.8750000000
76446  -16.978  -13.210  56.112 0.3750000000
76451  -16.804  -13.725  55.739 0.3750000000
74607  -9.076  -15.237  51.204 0.8750000000
127027  -19.620  -12.982  55.332 0.3750000000
72607  -6.553  -17.036  51.259 1.0000000000
73643  -6.601  -16.270  50.883 1.0000000000
79203  -23.800  -10.817  53.053 0.2500000000
70736  -9.680  -19.092  46.751 1.0000000000
70737  -10.181  -18.831  46.122 1.0000000000
70762  -10.555  -19.319  44.494 0.6250000000
71705  -11.602  -18.313  42.377 0.6250000000
137246  -10.452  -19.077  41.625 0.6250000000
71704  -11.063  -18.802  41.981 0.6250000000
88134  -57.324  -0.137  21.874 0.5000000000
88164  -56.691  0.261  20.233 0.3750000000
89063  -57.020  0.681  19.667 0.3750000000
88181  -55.459  -0.003  18.129 0.3750000000
89906  -57.556  1.254  16.365 0.3750000000
89100  -56.897  0.532  15.136 0.3750000000
77400  -17.120  -12.905  51.074 0.3750000000
77396  -16.904  -13.104  52.630 0.3750000000
75533  -10.921  -15.157  49.335 0.7500000000
75532  -10.198  -14.962  49.635 0.7500000000
75542  -11.574  -15.012  48.581 0.7500000000
74598  -6.949  -15.607  51.257 0.8750000000
72645  -10.741  -17.659  45.471 0.6250000000
72667  -11.928  -17.622  42.735 0.6250000000
78479  -13.323  -11.407  34.822 0.3750000000
87258  -56.595  -0.485  21.594 0.3750000000
88162  -55.221  -0.676  19.454 0.3750000000
88202  -55.755  0.383  16.329 0.3750000000
76483  -15.804  -13.641  46.990 0.6250000000
77425  -16.028  -12.945  46.958 0.6250000000
76482  -10.983  -14.036  47.278 0.7500000000
122051  -10.644  -14.729  48.680 0.7500000000
77399  -16.652  -12.415  51.921 0.3750000000
75529  -7.390  -14.523  49.585 0.8750000000
75528  -6.797  -14.664  49.298 0.8750000000
74605  -7.015  -14.996  50.304 0.8750000000
134495  -7.502  -15.211  51.018 0.8750000000
79191  -20.523  -10.728  55.253 0.2500000000
79195  -23.487  -10.110  54.483 0.2500000000
73688  -8.844  -16.278  45.995 0.6250000000
126853  -10.722  -16.545  44.543 0.6250000000
73705  -11.547  -16.502  43.349 0.6250000000
74694  -11.316  -15.491  42.297 0.6250000000
126807  -13.249  -12.648  37.719 0.5000000000
80243  -14.121  -9.729  36.599 0.3750000000
79324  -13.888  -10.686  35.407 0.3750000000
85436  -53.764  -3.828  29.733 0.7500000000
85438  -54.769  -3.590  29.259 0.6250000000
85445  -55.236  -3.328  28.652 0.6250000000
85452  -54.749  -3.231  28.305 0.6250000000
127574  -54.916  -3.126  27.591 0.6250000000
85446  -56.091  -2.992  27.906 0.6250000000
86315  -56.420  -2.671  27.030 0.6250000000
86331  -56.377  -2.508  25.675 0.6250000000
77441  -14.211  -12.293  45.322 0.7500000000
78306  -16.086  -11.293  48.614 0.5000000000
77407  -16.693  -12.208  49.928 0.3750000000
78299  -16.394  -11.625  50.565 0.3750000000
76512  -9.373  -12.960  46.034 0.7500000000
76470  -9.621  -14.160  48.185 0.7500000000
78288  -15.823  -11.516  53.771 0.3750000000
76479  -8.055  -13.584  47.501 0.7500000000
74684  -10.182  -15.477  43.446 0.6250000000
74699  -10.837  -14.802  41.894 0.6250000000
140754  -11.527  -11.797  39.162 0.5000000000
79300  -11.131  -10.222  39.374 0.5000000000
80248  -14.458  -9.168  35.527 0.3750000000
80252  -14.089  -9.542  34.398 0.1250000000
80253  -14.482  -9.039  34.795 0.1250000000
78343  -14.091  -10.919  44.951 0.7500000000
77437  -9.963  -12.629  45.244 0.7500000000
77452  -12.317  -12.093  44.528 0.7500000000
77453  -13.142  -11.891  44.602 0.7500000000
78341  -12.569  -11.387  44.250 0.7500000000
77454  -13.857  -11.693  44.887 0.7500000000
78293  -15.708  -10.886  51.866 0.3750000000
74683  -9.182  -15.304  43.701 0.6250000000
77510  -8.812  -12.225  40.686 0.5000000000
79293  -8.529  -10.952  40.340 0.5000000000
83743  -15.254  -5.602  34.185 0.1250000000
79245  -12.713  -10.524  44.250 0.7500000000
80132  -13.481  -10.262  44.706 0.7500000000
76542  -5.398  -13.660  42.946 0.6250000000
83734  -14.735  -5.772  35.336 0.1250000000
79262  -10.473  -10.085  43.624 0.6250000000
123653  -11.168  -9.681  43.904 0.6250000000
80129  -10.405  -9.366  43.930 0.5000000000
81054  -12.137  -8.831  44.983 0.5000000000
80118  -13.013  -8.950  45.301 0.5000000000
80096  -14.479  -9.413  48.184 0.5000000000
80092  -14.338  -9.372  49.189 0.5000000000
80087  -14.169  -9.319  50.185 0.5000000000
126541  -14.042  -9.026  52.059 0.5000000000
144214  -8.849  -7.870  40.009 0.5000000000
84525  -13.130  -4.346  36.804 0.1250000000
84542  -13.615  -3.942  36.238 0.1250000000
81037  -9.743  -8.459  45.238 0.5000000000
81050  -8.343  -8.722  44.531 0.5000000000
81049  -7.462  -8.890  44.346 0.5000000000
81034  -5.723  -8.153  45.248 0.5000000000
134475  -12.585  -2.029  37.023 0.1250000000
85365  -11.805  -3.316  37.843 0.2500000000
86229  -12.807  -2.665  36.846 0.1250000000
87115  -12.864  -1.167  35.979 0.2500000000
86237  -13.375  -2.590  36.151 0.1250000000
85387  -13.744  -3.312  35.882 0.1250000000
81036  -8.816  -8.469  45.169 0.5000000000
127425  -10.220  -8.463  47.205 0.5000000000
81010  -11.658  -8.534  48.294 0.5000000000
81844  -15.271  -7.867  53.330 0.3750000000
136742  -11.291  -0.445  38.065 0.3750000000
87982  -13.120  -1.069  35.149 0.1250000000
124279  -13.626  -1.683  34.770 0.1250000000
127464  -8.302  -8.401  47.114 0.5000000000
81022  -8.504  -8.363  46.127 0.5000000000
80997  -9.215  -8.594  49.336 0.5000000000
80998  -10.073  -8.584  49.083 0.5000000000
121334  -10.854  -8.545  48.684 0.5000000000
82726  -12.745  -6.962  51.416 0.3750000000
81020  -5.872  -7.976  46.263 0.5000000000
138073  -5.490  -7.481  46.341 0.5000000000
82782  -5.348  -6.574  46.320 0.5000000000
83656  -6.588  -5.455  45.438 0.5000000000
83687  -8.815  -5.878  41.147 0.5000000000
84490  -9.440  -5.435  40.704 0.5000000000
87996  -12.597  -0.604  34.556 0.1250000000
87995  -11.844  -0.165  34.836 0.1250000000
88018  -12.780  -0.733  33.730 0.1250000000
121336  -8.604  -8.473  48.269 0.5000000000
121362  -7.759  -8.387  48.758 0.5000000000
122927  -10.472  -8.437  50.167 0.5000000000
81008  -6.074  -7.936  48.215 0.5000000000
81007  -5.710  -7.726  47.131 0.5000000000
83645  -5.871  -5.646  46.411 0.5000000000
83655  -5.994  -5.778  45.596 0.5000000000
84429  -6.326  -4.854  47.890 0.5000000000
86133  -6.557  -2.196  50.069 0.5000000000
84466  -8.334  -4.878  44.717 0.5000000000
86134  -6.808  -2.245  49.377 0.5000000000
85268  -7.455  -3.306  47.985 0.5000000000
84472  -8.523  -5.114  43.844 0.5000000000
87065  -10.496  -1.327  40.679 0.3750000000
81886  -5.847  -7.308  49.506 0.5000000000
82741  -9.746  -7.355  50.807 0.5000000000
82738  -6.530  -6.537  50.909 0.5000000000
136746  -5.839  -6.769  49.840 0.5000000000
135921  -5.525  -7.223  48.675 0.5000000000
83629  -5.493  -6.029  47.645 0.5000000000
86994  -6.771  -1.478  49.625 0.5000000000
83618  -10.979  -5.517  48.970 0.3750000000
83620  -12.656  -5.638  48.652 0.3750000000
84406  -7.419  -4.987  51.640 0.5000000000
133352  -8.283  -5.457  50.732 0.5000000000
84412  -8.254  -4.493  51.014 0.5000000000
141864  -9.622  -4.972  49.393 0.5000000000
85237  -7.138  -3.369  52.512 0.5000000000
86118  -8.182  -2.044  52.350 0.5000000000
86973  -8.598  -1.239  52.335 0.5000000000
84424  -12.095  -5.160  48.048 0.3750000000
84416  -9.278  -4.106  49.638 0.5000000000
85263  -10.243  -3.633  48.496 0.3750000000
84443  -12.151  -3.983  46.688 0.3750000000
86141  -10.012  -2.622  48.957 0.5000000000
86995  -9.664  -1.708  50.208 0.5000000000
133914  -12.161  -3.152  46.235 0.3750000000
86987  -9.817  -1.071  50.629 0.5000000000
87004  -10.969  -1.198  48.385 0.5000000000
85279  -13.615  -4.159  45.896 0.3750000000
86156  -11.643  -2.294  46.705 0.5000000000
130115  -13.385  -2.951  45.187 0.3750000000
87016  -11.694  -1.365  46.941 0.5000000000
87024  -13.240  -1.690  45.128 0.3750000000
87877  -12.659  -0.125  45.975 0.3750000000
87878  -13.168  -0.146  45.375 0.3750000000
121550  -15.677  -45.221  49.433 0.3750000000
42675  -16.180  -45.380  48.883 0.3750000000
143673  -17.280  -45.987  48.780 0.3750000000
41769  -17.809  -46.231  48.580 0.5000000000
41790  -18.669  -46.299  47.498 0.3750000000
121344  -14.452  -44.705  49.315 0.3750000000
42663  -16.956  -45.944  49.158 0.3750000000
41792  -20.158  -46.641  46.842 0.5000000000
41793  -20.880  -46.793  46.272 0.5000000000
41794  -21.363  -47.528  46.321 0.5000000000
121218  -21.363  -47.513  46.331 0.5000000000
120874  -20.986  -47.082  46.092 0.5000000000
41820  -21.009  -47.105  46.227 0.5000000000
122673  -21.440  -46.810  46.321 0.5000000000
42716  -22.717  -46.137  46.596 0.5000000000
42687  -10.849  -45.589  47.230 0.1250000000
41749  -17.584  -46.312  49.214 0.5000000000
42688  -11.861  -45.333  47.501 0.1250000000
42673  -13.486  -44.580  48.407 0.3750000000
42662  -16.613  -45.809  49.618 0.3750000000
41770  -18.524  -46.418  48.307 0.3750000000
124458  -19.776  -46.631  47.551 0.3750000000
126030  -20.747  -47.461  46.481 0.5000000000
42694  -22.934  -46.043  47.519 0.5000000000
42695  -23.726  -45.473  47.829 0.5000000000
43644  -24.850  -44.551  47.925 0.5000000000
123887  -25.327  -43.951  48.902 0.5000000000
120686  -26.637  -42.611  49.182 0.5000000000
140329  -22.119  -46.554  46.443 0.5000000000
42717  -23.413  -45.478  47.194 0.5000000000
46594  -27.481  -41.636  49.075 0.5000000000
127394  -11.362  -44.676  47.851 0.1250000000
42672  -12.172  -44.555  48.773 0.3750000000
137156  -13.251  -44.545  49.267 0.3750000000
119964  -15.176  -45.167  50.083 0.3750000000
119655  -16.280  -45.679  50.176 0.3750000000
138650  -12.323  -44.689  47.954 0.3750000000
41751  -19.017  -46.581  48.742 0.3750000000
42696  -24.300  -45.107  48.261 0.5000000000
43640  -24.717  -44.655  48.500 0.5000000000
43641  -25.180  -44.159  48.344 0.5000000000
44598  -25.923  -43.353  48.847 0.5000000000
47608  -27.183  -41.846  49.982 0.5000000000
47616  -27.467  -41.571  49.474 0.5000000000
47609  -27.704  -41.057  49.788 0.6250000000
51783  -11.279  -38.625  44.365 0.3750000000
54774  -13.266  -35.411  40.035 0.3750000000
54793  -10.853  -35.202  39.104 0.3750000000
54809  -9.767  -35.386  38.503 0.6250000000
139142  -8.836  -35.295  39.924 0.7500000000
127465  -8.047  -35.252  40.248 0.7500000000
42671  -11.021  -44.524  48.552 0.2500000000
42647  -12.808  -44.519  49.966 0.3750000000
136576  -13.719  -44.792  49.998 0.3750000000
140301  -11.632  -44.529  49.263 0.3750000000
41737  -17.265  -46.305  49.871 0.5000000000
41771  -19.225  -46.527  47.951 0.5000000000
46584  -26.650  -42.375  50.000 0.5000000000
50744  -28.075  -39.248  50.400 0.6250000000
49758  -28.182  -40.158  50.073 0.6250000000
123224  -20.803  -46.555  45.460 0.3750000000
53692  -39.071  -35.128  45.782 0.6250000000
52725  -11.935  -38.257  44.766 0.3750000000
52726  -12.483  -37.663  44.321 0.3750000000
140596  -13.372  -36.634  42.591 0.3750000000
53725  -13.481  -36.533  41.919 0.3750000000
53736  -13.525  -36.368  41.145 0.3750000000
55772  -12.858  -34.816  40.400 0.3750000000
54772  -10.310  -34.958  40.468 0.5000000000
54750  -9.502  -34.997  41.028 0.6250000000
54771  -9.504  -35.194  40.160 0.6250000000
54769  -7.450  -35.150  41.028 0.7500000000
127439  -7.003  -35.100  40.328 0.7500000000
121662  -6.244  -34.876  41.098 0.7500000000
120462  -13.460  -44.775  50.623 0.3750000000
42648  -14.713  -45.127  50.690 0.3750000000
42649  -15.887  -45.640  50.773 0.3750000000
41736  -16.832  -46.158  50.243 0.3750000000
41750  -18.277  -46.505  49.038 0.5000000000
42678  -23.730  -45.517  48.540 0.5000000000
41752  -19.713  -46.641  48.148 0.5000000000
41772  -19.851  -47.299  47.261 0.5000000000
42679  -24.230  -45.093  48.714 0.5000000000
43633  -25.175  -44.093  49.129 0.5000000000
44593  -26.074  -43.187  49.186 0.5000000000
47600  -27.331  -41.393  50.117 0.6250000000
41795  -21.198  -46.918  46.724 0.5000000000
49757  -27.845  -40.306  50.302 0.6250000000
53644  -28.579  -36.803  50.283 0.7500000000
51711  -28.330  -38.435  50.378 0.6250000000
53693  -39.836  -34.729  45.576 0.7500000000
54751  -11.202  -34.640  40.721 0.7500000000
42635  -11.940  -44.425  50.293 0.3750000000
42625  -13.241  -44.669  51.399 0.3750000000
42636  -14.343  -45.055  51.243 0.5000000000
42637  -15.433  -45.503  51.336 0.5000000000
42650  -16.583  -46.206  50.826 0.5000000000
41726  -17.184  -46.604  50.713 0.5000000000
142362  -17.603  -46.595  50.331 0.5000000000
44549  -14.160  -44.989  54.589 0.5000000000
41738  -18.039  -46.588  49.932 0.5000000000
130055  -18.630  -46.666  49.452 0.6250000000
45543  -14.184  -44.718  54.838 0.5000000000
44552  -15.255  -44.138  54.657 0.6250000000
141409  -19.375  -46.646  48.761 0.3750000000
41777  -22.457  -46.426  47.965 0.5000000000
42677  -23.137  -45.973  48.281 0.5000000000
125638  -25.865  -43.276  49.515 0.5000000000
47599  -26.910  -41.587  50.323 0.6250000000
41773  -20.458  -46.703  47.049 0.5000000000
120528  -21.346  -47.444  46.586 0.5000000000
41775  -21.141  -46.792  47.075 0.5000000000
48677  -27.386  -40.924  50.308 0.6250000000
135874  -27.814  -39.842  50.419 0.7500000000
124071  -28.639  -37.469  50.382 0.7500000000
131843  -27.968  -37.088  50.185 0.7500000000
54648  -28.572  -35.828  49.472 0.7500000000
123250  -28.968  -35.368  49.227 0.7500000000
54681  -40.508  -34.568  45.562 0.7500000000
58729  -34.167  -32.193  48.100 0.8750000000
59763  -34.261  -31.850  47.720 0.8750000000
58730  -35.012  -32.348  47.760 0.7500000000
130030  -5.379  -32.759  38.272 0.6250000000
132002  -5.322  -32.154  38.057 0.6250000000
58847  -5.422  -31.650  38.402 0.6250000000
57845  -4.924  -32.104  36.237 0.6250000000
58852  -5.308  -31.643  37.249 0.6250000000
59945  -7.221  -30.453  35.200 0.3750000000
126272  -5.159  -31.485  36.389 0.5000000000
59925  -5.290  -31.179  36.111 0.5000000000
61071  -5.888  -30.655  35.824 0.5000000000
59943  -5.774  -31.196  35.403 0.5000000000
58871  -4.840  -31.980  35.089 0.5000000000
42626  -14.223  -44.944  51.834 0.5000000000
41713  -16.010  -46.039  51.790 0.5000000000
41720  -16.258  -46.160  51.491 0.5000000000
42613  -13.090  -44.544  51.734 0.3750000000
41727  -17.717  -46.918  50.732 0.5000000000
43608  -13.584  -44.535  52.577 0.5000000000
42605  -14.167  -44.767  52.844 0.5000000000
43593  -14.304  -44.814  53.913 0.5000000000
41728  -18.183  -47.039  50.581 0.5000000000
43600  -13.961  -44.683  52.994 0.5000000000
43585  -13.998  -44.905  53.925 0.5000000000
44556  -14.044  -44.523  54.323 0.5000000000
44551  -15.090  -44.518  54.567 0.6250000000
41729  -18.664  -46.903  50.104 0.5000000000
45544  -14.439  -43.739  54.646 0.6250000000
40799  -19.634  -46.810  48.938 0.6250000000
40800  -20.083  -46.817  48.871 0.5000000000
42664  -23.680  -45.522  48.857 0.5000000000
40801  -20.492  -46.781  48.882 0.5000000000
40821  -20.892  -46.686  47.920 0.5000000000
41776  -21.682  -46.694  47.710 0.5000000000
41755  -22.617  -46.314  48.643 0.5000000000
47585  -15.756  -42.296  54.373 0.7500000000
51710  -27.740  -38.829  50.462 0.7500000000
52655  -28.031  -37.539  50.336 0.7500000000
138773  -28.558  -35.630  49.144 0.7500000000
53666  -27.872  -36.402  49.509 0.7500000000
55678  -29.354  -34.745  48.687 0.7500000000
55644  -29.825  -35.197  50.000 0.7500000000
56662  -31.270  -34.122  49.465 0.8750000000
131736  -30.388  -33.743  48.216 0.8750000000
58739  -31.072  -33.111  48.006 0.8750000000
59751  -33.112  -32.230  47.891 0.8750000000
54722  -39.841  -35.287  43.861 0.5000000000
134179  -31.717  -32.696  48.049 0.8750000000
59776  -32.659  -31.892  47.335 0.8750000000
61074  -7.701  -29.609  35.560 0.2500000000
61085  -8.988  -29.733  34.675 0.2500000000
59954  -9.411  -30.301  34.084 0.1250000000
141630  -10.249  -30.000  33.789 0.1250000000
59957  -10.671  -30.690  33.296 0.1250000000
59907  -5.474  -31.042  37.778 0.6250000000
61061  -5.992  -30.164  36.167 0.6250000000
61073  -6.890  -29.953  35.752 0.5000000000
59917  -5.555  -30.546  37.308 0.6250000000
59934  -5.590  -30.789  35.918 0.5000000000
41705  -15.937  -46.264  52.626 0.6250000000
41714  -16.471  -46.707  52.186 0.6250000000
41721  -16.773  -46.729  51.444 0.6250000000
41722  -17.185  -47.254  51.280 0.6250000000
42615  -14.623  -45.080  52.622 0.5000000000
42616  -15.371  -45.709  52.791 0.5000000000
42599  -14.681  -45.110  53.616 0.5000000000
42600  -15.044  -45.461  53.428 0.6250000000
40784  -18.535  -47.484  50.615 0.6250000000
43587  -14.268  -44.850  54.064 0.5000000000
44557  -15.275  -45.170  54.216 0.6250000000
45549  -15.725  -44.302  54.432 0.6250000000
40785  -19.001  -47.258  50.066 0.6250000000
40790  -19.156  -46.817  49.467 0.6250000000
124846  -15.444  -43.659  54.631 0.6250000000
124406  -20.064  -47.054  49.507 0.6250000000
42665  -24.220  -45.047  48.964 0.5000000000
43632  -24.843  -44.464  48.884 0.5000000000
46583  -26.299  -42.497  50.171 0.6250000000
46557  -15.705  -43.071  54.434 0.7500000000
40793  -20.504  -46.951  49.632 0.6250000000
40803  -21.216  -46.724  48.800 0.5000000000
41740  -22.599  -46.269  49.198 0.5000000000
136234  -23.112  -45.978  49.077 0.5000000000
43620  -24.643  -44.473  49.570 0.5000000000
41731  -22.192  -46.372  49.664 0.5000000000
49751  -27.116  -40.157  50.475 0.6250000000
129087  -27.443  -39.583  50.478 0.6250000000
52654  -27.408  -37.760  50.273 0.7500000000
52645  -27.531  -38.322  50.414 0.7500000000
53656  -27.920  -36.698  49.868 0.7500000000
54647  -27.893  -36.100  49.076 0.7500000000
54668  -28.044  -35.597  48.390 0.7500000000
55676  -28.622  -35.280  48.614 0.7500000000
54701  -26.676  -35.441  45.579 0.8750000000
55712  -27.321  -34.826  45.560 0.8750000000
55700  -27.606  -34.903  46.274 0.8750000000
125090  -28.981  -35.069  48.731 0.7500000000
55724  -26.936  -34.806  44.812 0.8750000000
55737  -26.715  -34.426  43.929 0.8750000000
55750  -39.813  -34.147  43.219 0.3750000000
62122  -8.170  -28.845  35.875 0.5000000000
61075  -8.590  -29.275  35.316 0.2500000000
62132  -9.430  -28.907  34.988 0.2500000000
61087  -10.663  -28.986  33.974 0.2500000000
61099  -11.035  -29.863  33.408 0.1250000000
59908  -5.626  -30.620  38.171 0.7500000000
61053  -5.844  -30.066  36.433 0.6250000000
62101  -6.424  -29.227  36.533 0.6250000000
61045  -5.683  -30.084  37.035 0.6250000000
41715  -16.677  -47.464  52.429 0.7500000000
136254  -16.793  -47.294  51.852 0.7500000000
40774  -16.996  -47.924  51.786 0.6250000000
42617  -15.943  -46.382  52.948 0.7500000000
41706  -16.449  -46.819  52.828 0.7500000000
40778  -17.748  -47.703  51.048 0.6250000000
42607  -15.124  -45.841  52.961 0.6250000000
42601  -15.819  -46.020  53.466 0.7500000000
43589  -16.100  -45.626  53.914 0.7500000000
120602  -19.181  -47.678  50.764 0.6250000000
44558  -15.711  -44.919  54.309 0.7500000000
40787  -19.898  -47.464  50.467 0.6250000000
120463  -20.032  -47.261  50.026 0.6250000000
44584  -25.154  -43.794  49.816 0.5000000000
47598  -26.390  -41.559  50.459 0.6250000000
40789  -21.105  -47.000  49.837 0.5000000000
41724  -21.646  -46.549  50.141 0.6250000000
121368  -22.812  -45.936  49.734 0.5000000000
43626  -24.166  -44.933  49.609 0.5000000000
42638  -22.805  -45.802  49.991 0.6250000000
142033  -23.597  -45.233  50.001 0.5000000000
50743  -26.860  -40.073  50.517 0.7500000000
52644  -26.972  -38.542  50.402 0.7500000000
53655  -27.229  -37.005  49.678 0.7500000000
52653  -26.821  -38.026  50.212 0.7500000000
54655  -27.682  -36.037  48.673 0.7500000000
53665  -27.198  -36.742  49.331 0.7500000000
53698  -25.683  -36.537  46.161 0.7500000000
53699  -26.203  -36.363  46.632 0.7500000000
54679  -27.078  -35.952  47.471 0.7500000000
54667  -27.425  -35.993  48.136 0.7500000000
54700  -26.045  -36.014  45.553 0.8750000000
54689  -26.382  -35.973  46.154 0.8750000000
122215  -26.738  -35.927  46.779 0.7500000000
54691  -27.444  -35.438  46.954 0.7500000000
54680  -27.729  -35.549  47.746 0.7500000000
121939  -25.770  -35.942  44.848 0.8750000000
55723  -26.255  -35.276  44.363 0.8750000000
54710  -26.357  -35.521  45.066 0.8750000000
55736  -26.068  -34.962  43.438 0.8750000000
124681  -39.357  -33.722  42.651 0.5000000000
56761  -39.566  -32.845  41.871 0.5000000000
62113  -8.198  -28.450  36.028 0.5000000000
62123  -9.042  -28.593  35.547 0.2500000000
61033  -5.873  -29.806  38.629 0.7500000000
61046  -5.872  -29.598  36.894 0.6250000000
62112  -7.296  -29.247  36.018 0.5000000000
119927  -7.559  -28.715  36.219 0.5000000000
129468  -5.660  -30.234  37.693 0.7500000000
62064  -5.748  -29.783  37.683 0.7500000000
41700  -16.391  -46.849  52.955 0.7500000000
41707  -16.758  -47.422  52.966 0.7500000000
41716  -17.108  -48.078  52.649 0.7500000000
40779  -18.535  -47.956  51.262 0.7500000000
42608  -15.971  -46.349  53.264 0.7500000000
42598  -16.693  -46.274  53.438 0.7500000000
40780  -19.087  -47.986  51.366 0.6250000000
119425  -16.357  -45.467  53.874 0.7500000000
45550  -16.268  -44.874  54.094 0.7500000000
119973  -19.718  -47.710  50.943 0.6250000000
132457  -16.034  -44.038  54.282 0.7500000000
46562  -16.083  -42.724  54.097 0.8750000000
40782  -20.306  -47.262  50.883 0.6250000000
125672  -20.622  -46.873  50.824 0.6250000000
46582  -25.946  -42.862  50.165 0.5000000000
135931  -16.222  -42.316  53.876 0.8750000000
42621  -21.549  -45.968  50.667 0.6250000000
42629  -22.182  -46.118  50.250 0.6250000000
45583  -24.688  -44.111  50.126 0.6250000000
138608  -26.058  -41.922  50.491 0.6250000000
43625  -23.364  -45.268  50.184 0.6250000000
44578  -23.387  -44.329  50.441 0.7500000000
44579  -24.194  -43.805  50.390 0.6250000000
48675  -26.341  -41.087  50.519 0.6250000000
49750  -26.702  -40.653  50.490 0.6250000000
50742  -26.483  -39.977  50.505 0.7500000000
51708  -26.540  -39.273  50.427 0.7500000000
52665  -26.068  -38.246  49.755 0.7500000000
53654  -26.612  -37.432  49.555 0.7500000000
52652  -26.321  -38.426  50.112 0.7500000000
52695  -25.672  -37.397  48.028 0.7500000000
52685  -25.904  -37.575  48.744 0.7500000000
53664  -26.548  -37.155  49.116 0.7500000000
52704  -25.431  -37.302  47.257 0.7500000000
53681  -26.070  -36.860  47.628 0.7500000000
53682  -26.762  -36.414  47.901 0.7500000000
53673  -26.444  -36.884  48.428 0.7500000000
53697  -25.004  -37.040  45.814 0.8750000000
53707  -25.390  -36.517  45.361 0.7500000000
53719  -24.816  -36.406  43.904 0.8750000000
54721  -25.457  -35.801  43.906 0.8750000000
54738  -25.338  -35.384  42.888 0.8750000000
62086  -7.123  -28.188  36.903 0.6250000000
62103  -7.758  -28.178  36.325 0.5000000000
62065  -5.838  -29.375  38.077 0.7500000000
62085  -6.318  -28.767  36.962 0.7500000000
62102  -6.975  -28.647  36.503 0.6250000000
41709  -17.976  -47.464  52.960 0.7500000000
41699  -17.031  -47.017  53.074 0.7500000000
42603  -17.067  -46.682  53.198 0.7500000000
40773  -18.723  -47.993  52.396 0.7500000000
43590  -16.742  -45.812  53.582 0.7500000000
44559  -16.982  -45.629  53.534 0.7500000000
40776  -19.275  -48.044  51.935 0.6250000000
46558  -16.289  -43.730  53.950 0.7500000000
40777  -19.970  -47.343  51.625 0.6250000000
41712  -20.339  -46.887  51.215 0.6250000000
142420  -21.161  -45.908  50.922 0.6250000000
43611  -21.958  -45.557  50.562 0.6250000000
136017  -24.782  -43.448  50.315 0.6250000000
45574  -25.188  -42.962  50.349 0.5000000000
42630  -22.493  -45.754  50.285 0.6250000000
45573  -24.533  -43.183  50.403 0.6250000000
46573  -25.116  -42.634  50.432 0.7500000000
47597  -25.416  -41.925  50.496 0.6250000000
49748  -25.483  -40.595  50.370 0.7500000000
48674  -25.894  -41.040  50.538 0.6250000000
50756  -25.233  -39.907  49.842 0.7500000000
51722  -25.638  -39.516  50.118 0.7500000000
51714  -26.088  -39.197  50.293 0.7500000000
51739  -24.836  -39.340  48.856 0.7500000000
51740  -25.246  -38.857  49.044 0.7500000000
52675  -25.593  -38.600  49.387 0.7500000000
52676  -26.023  -37.856  49.315 0.7500000000
51723  -25.905  -38.875  50.082 0.7500000000
128091  -24.294  -38.964  47.603 0.7500000000
51749  -24.788  -38.474  47.964 0.7500000000
52684  -25.509  -38.231  48.880 0.7500000000
52713  -24.635  -37.594  46.154 0.7500000000
52712  -24.296  -38.186  46.485 0.7500000000
123751  -24.834  -37.703  46.896 0.7500000000
52703  -25.068  -37.851  47.629 0.7500000000
52722  -24.489  -37.449  45.501 0.8750000000
52714  -25.221  -37.167  46.532 0.7500000000
53712  -23.810  -37.206  43.877 0.8750000000
53713  -24.475  -36.888  44.294 0.8750000000
53714  -25.126  -36.462  44.577 0.8750000000
54736  -23.776  -35.991  41.888 0.8750000000
54720  -24.760  -36.077  43.204 0.8750000000
55760  -23.849  -34.806  40.773 0.8750000000
56768  -24.250  -33.917  40.471 0.8750000000
62104  -7.880  -27.876  37.008 0.6250000000
63075  -8.690  -27.996  35.851 0.3750000000
121984  -17.412  -47.199  53.088 0.7500000000
43596  -17.160  -46.597  53.232 0.7500000000
143106  -19.061  -47.062  52.359 0.7500000000
46564  -16.448  -43.292  53.583 0.8750000000
41710  -19.623  -47.330  52.339 0.6250000000
41711  -19.841  -46.779  51.929 0.6250000000
43610  -20.340  -45.950  51.457 0.6250000000
44576  -21.147  -45.435  50.906 0.6250000000
44577  -22.370  -44.863  50.570 0.7500000000
46571  -23.499  -43.336  50.406 0.7500000000
47595  -24.057  -42.823  50.416 0.6250000000
47596  -24.872  -42.101  50.459 0.7500000000
45571  -22.916  -44.078  50.503 0.7500000000
47606  -23.877  -42.522  50.261 0.7500000000
48672  -24.496  -42.035  50.331 0.7500000000
48682  -24.834  -41.288  50.314 0.7500000000
48690  -23.584  -42.277  49.975 0.7500000000
48691  -24.049  -41.816  49.985 0.7500000000
50746  -24.846  -40.644  50.072 0.7500000000
49772  -23.797  -41.284  49.284 0.7500000000
49773  -24.278  -40.852  49.505 0.7500000000
50755  -24.748  -40.359  49.660 0.7500000000
51731  -25.141  -39.459  49.368 0.7500000000
50792  -23.042  -40.029  46.957 0.7500000000
50771  -23.813  -40.371  48.378 0.7500000000
50772  -24.354  -39.862  48.608 0.7500000000
51748  -24.565  -39.147  48.280 0.7500000000
51767  -23.669  -38.701  46.137 0.7500000000
51757  -23.995  -38.803  46.883 0.7500000000
51788  -22.512  -38.705  44.746 0.8750000000
51777  -23.221  -38.662  45.433 0.7500000000
52721  -23.966  -38.015  45.647 0.7500000000
126601  -23.396  -37.679  44.241 0.8750000000
52731  -24.051  -37.496  44.790 0.8750000000
53740  -22.878  -36.214  41.514 0.8750000000
53729  -23.269  -36.560  42.282 0.8750000000
53717  -23.559  -36.892  43.071 0.8750000000
54777  -22.925  -35.117  40.429 0.8750000000
56782  -22.809  -33.949  39.594 0.8750000000
56767  -23.662  -33.527  39.819 0.8750000000
63062  -8.501  -27.746  36.677 0.3750000000
42604  -17.761  -46.715  52.927 0.7500000000
42610  -18.034  -46.878  52.985 0.7500000000
45559  -16.877  -44.483  53.412 0.7500000000
41703  -18.497  -47.254  52.608 0.7500000000
42618  -19.386  -46.882  52.079 0.6250000000
42619  -19.978  -46.708  51.629 0.7500000000
45582  -21.526  -44.482  50.755 0.7500000000
45570  -21.854  -44.673  50.677 0.7500000000
46580  -22.366  -43.709  50.484 0.7500000000
47605  -23.205  -42.975  50.261 0.7500000000
48689  -22.867  -42.688  49.888 0.7500000000
47615  -23.116  -42.844  50.148 0.7500000000
48707  -23.093  -41.541  48.790 0.7500000000
48697  -23.380  -42.010  49.561 0.7500000000
49800  -22.621  -40.683  47.436 0.7500000000
49782  -23.119  -41.008  48.189 0.7500000000
50812  -22.223  -39.629  45.681 0.8750000000
51766  -23.018  -39.267  45.870 0.7500000000
51776  -22.605  -39.132  45.362 0.7500000000
52762  -21.458  -36.966  41.688 0.8750000000
52740  -22.025  -38.023  43.355 0.8750000000
53739  -21.963  -36.429  41.200 0.8750000000
53728  -22.397  -36.836  41.903 0.8750000000
56781  -22.167  -33.549  39.413 0.8750000000
57831  -40.407  -31.227  38.387 0.5000000000
57840  -40.617  -30.697  37.635 0.3750000000
45555  -17.389  -45.396  53.223 0.7500000000
43597  -18.181  -46.268  52.799 0.7500000000
133098  -16.659  -43.141  53.162 0.8750000000
45565  -17.074  -44.205  53.097 0.7500000000
42611  -18.244  -47.111  52.704 0.7500000000
43602  -18.723  -46.169  52.528 0.7500000000
42612  -19.026  -46.863  52.189 0.7500000000
43609  -19.661  -46.277  51.899 0.7500000000
44574  -19.531  -45.839  52.013 0.7500000000
44575  -20.124  -45.753  51.611 0.7500000000
45569  -20.711  -45.156  51.131 0.7500000000
46591  -21.861  -43.731  50.566 0.7500000000
47625  -20.976  -43.301  50.183 0.7500000000
47614  -22.307  -43.152  50.168 0.7500000000
48726  -19.640  -41.633  47.454 0.8750000000
142120  -20.599  -42.099  48.198 0.7500000000
141004  -21.698  -42.252  48.762 0.7500000000
48706  -22.408  -42.344  49.298 0.7500000000
49798  -20.378  -41.192  46.986 0.8750000000
49799  -21.526  -41.124  47.290 0.7500000000
49781  -22.402  -41.758  48.497 0.7500000000
50811  -20.290  -39.948  45.211 0.8750000000
134001  -21.323  -39.889  45.407 0.8750000000
50791  -22.106  -40.421  46.751 0.7500000000
51787  -21.475  -38.961  44.296 0.8750000000
51775  -21.888  -39.362  45.024 0.8750000000
131907  -20.933  -37.462  42.217 0.8750000000
120399  -41.695  -30.393  37.265 0.5000000000
57847  -40.953  -30.323  36.801 0.3750000000
58866  -41.342  -30.156  35.850 0.3750000000
120422  -42.089  -30.193  36.344 0.3750000000
44569  -18.797  -45.779  52.705 0.7500000000
123768  -19.052  -46.017  52.504 0.7500000000
45581  -20.449  -44.932  51.309 0.7500000000
45580  -19.683  -45.244  51.911 0.7500000000
45568  -19.853  -45.517  51.797 0.7500000000
46579  -21.162  -44.301  50.837 0.7500000000
46589  -19.176  -44.236  51.239 0.7500000000
129640  -20.113  -44.370  51.327 0.7500000000
46590  -20.954  -44.135  50.975 0.7500000000
47632  -18.679  -42.903  49.283 0.7500000000
47624  -20.066  -43.358  50.012 0.7500000000
46600  -20.436  -43.811  50.721 0.7500000000
47613  -21.465  -43.571  50.493 0.7500000000
48725  -18.790  -41.512  47.466 0.8750000000
47639  -19.120  -42.491  48.492 0.7500000000
49807  -19.099  -40.556  46.320 0.8750000000
49816  -19.709  -40.258  45.765 0.8750000000
49808  -20.038  -40.738  46.351 0.8750000000
51786  -20.322  -38.891  43.988 0.8750000000
51799  -20.226  -38.299  43.348 0.8750000000
58875  -41.675  -30.252  34.886 0.3750000000
124791  -40.893  -30.342  33.801 0.2500000000
58890  -41.903  -30.482  33.983 0.3750000000
44568  -18.237  -45.900  52.835 0.7500000000
44564  -18.648  -46.060  52.972 0.7500000000
45561  -18.550  -45.716  52.652 0.7500000000
123473  -18.587  -44.928  52.318 0.7500000000
45567  -19.172  -45.860  52.338 0.7500000000
137893  -17.829  -43.949  51.993 0.7500000000
45578  -18.511  -44.484  51.892 0.7500000000
47622  -17.519  -42.557  50.239 0.8750000000
46597  -17.849  -43.336  50.784 0.7500000000
46598  -18.660  -43.691  50.603 0.7500000000
45579  -19.438  -44.850  51.914 0.7500000000
120291  -17.711  -41.534  48.542 0.8750000000
47638  -18.191  -42.392  48.780 0.8750000000
46606  -19.079  -43.416  49.892 0.7500000000
46599  -19.500  -43.781  50.579 0.7500000000
49795  -17.936  -40.597  47.577 0.8750000000
48714  -18.479  -41.924  48.100 0.8750000000
50789  -17.984  -39.921  47.237 0.8750000000
49788  -18.164  -41.271  47.745 0.8750000000
120453  -42.979  -30.221  35.849 0.3750000000
120212  -43.340  -30.405  34.904 0.3750000000
120896  -42.744  -30.479  34.471 0.3750000000
58908  -41.495  -30.278  33.139 0.2500000000
59960  -40.802  -30.035  32.279 0.1250000000
133701  -16.810  -42.968  52.810 0.8750000000
46568  -17.196  -43.867  52.808 0.7500000000
45560  -17.678  -45.187  52.960 0.7500000000
46577  -17.199  -43.324  52.417 0.7500000000
47604  -16.989  -42.451  52.097 0.8750000000
46569  -17.823  -44.356  52.412 0.7500000000
45566  -17.959  -44.944  52.647 0.7500000000
47612  -17.227  -42.592  51.260 0.8750000000
46587  -17.512  -43.329  51.662 0.7500000000
58891  -43.156  -30.749  33.658 0.3750000000
137226  -42.404  -30.540  33.339 0.2500000000
58909  -42.986  -30.765  32.899 0.2500000000
58923  -41.824  -30.131  32.232 0.1250000000
58876  -43.716  -30.747  34.147 0.3750000000
58877  -44.392  -30.762  33.869 0.3750000000
58892  -44.152  -30.994  33.565 0.3750000000
58910  -43.823  -31.053  33.035 0.3750000000
58878  -44.600  -30.475  34.090 0.3750000000
131085  -44.800  -30.771  33.405 0.3750000000
58893  -44.624  -30.970  33.335 0.3750000000
57873  -44.556  -31.143  33.042 0.3750000000
58925  -43.486  -30.902  32.291 0.2500000000
127130  -43.991  -30.927  31.699 0.3750000000
58943  -43.864  -30.486  31.069 0.3750000000
58879  -45.043  -30.462  33.601 0.5000000000
58894  -45.271  -30.660  33.001 0.3750000000
57874  -44.888  -31.073  32.897 0.3750000000
57875  -45.092  -30.889  32.838 0.3750000000
58926  -44.687  -31.098  31.918 0.3750000000
58880  -45.586  -30.310  33.136 0.6250000000
57893  -45.011  -31.177  32.424 0.3750000000
142451  -44.975  -31.048  31.523 0.3750000000
58944  -44.533  -30.840  31.139 0.3750000000
58959  -44.866  -30.362  30.463 0.3750000000
58958  -44.131  -30.161  30.555 0.3750000000
60002  -44.353  -29.721  30.014 0.3750000000
58912  -46.302  -30.349  32.048 0.5000000000
58911  -45.593  -30.630  32.460 0.3750000000
58928  -45.953  -30.844  31.614 0.3750000000
57894  -45.559  -30.760  32.256 0.3750000000
120319  -45.832  -30.841  31.545 0.3750000000
58945  -45.319  -30.889  31.104 0.3750000000
58960  -45.661  -30.398  30.388 0.3750000000
60003  -45.158  -29.542  29.637 0.3750000000
143727  -44.682  -28.759  28.794 0.3750000000
60043  -44.822  -28.563  28.082 0.2500000000
60067  -44.508  -28.460  27.209 0.1250000000
80093  -21.372  -9.669  49.641 0.2500000000
79215  -20.795  -10.243  49.243 0.2500000000
59961  -47.705  -29.633  31.672 0.6250000000
58930  -47.578  -30.044  31.094 0.6250000000
58946  -46.333  -30.695  30.908 0.3750000000
58961  -46.493  -30.344  30.376 0.3750000000
60004  -46.042  -29.999  29.859 0.3750000000
60021  -45.451  -28.828  28.758 0.3750000000
62217  -45.587  -27.923  26.609 0.1250000000
63184  -46.692  -27.100  26.461 0.1250000000
65089  -47.495  -25.673  27.260 0.3750000000
66054  -47.426  -24.968  27.386 0.3750000000
119795  -44.611  -28.321  26.469 0.1250000000
67001  -48.956  -23.935  29.125 0.3750000000
85254  -26.504  -3.639  50.990 0.2500000000
84414  -26.670  -4.342  50.453 0.2500000000
83596  -26.368  -5.115  51.087 0.2500000000
82754  -25.786  -6.146  51.235 0.2500000000
82766  -25.613  -5.849  50.317 0.2500000000
81890  -24.425  -7.009  50.515 0.2500000000
81889  -23.591  -7.329  50.047 0.2500000000
80094  -22.100  -9.246  50.283 0.2500000000
81885  -24.747  -7.381  51.357 0.2500000000
60005  -47.327  -30.172  30.077 0.3750000000
60045  -45.989  -28.795  28.634 0.3750000000
63174  -47.671  -26.742  28.132 0.3750000000
62203  -46.421  -28.185  27.939 0.2500000000
128473  -46.267  -27.703  27.108 0.1250000000
62219  -47.310  -26.983  27.558 0.3750000000
64123  -47.580  -26.149  27.677 0.3750000000
60068  -45.268  -28.255  27.055 0.1250000000
64132  -47.413  -26.263  27.007 0.2500000000
66039  -47.871  -25.006  28.056 0.3750000000
86127  -25.787  -2.985  51.334 0.2500000000
85250  -25.976  -3.983  51.699 0.2500000000
82753  -25.222  -6.620  50.983 0.2500000000
60006  -48.069  -30.089  29.857 0.3750000000
61142  -46.636  -29.309  29.138 0.3750000000
61154  -46.424  -28.610  28.437 0.2500000000
61155  -47.046  -28.556  28.469 0.3750000000
62204  -46.871  -27.917  27.868 0.3750000000
126727  -47.205  -27.528  27.860 0.3750000000
60024  -47.827  -29.619  29.357 0.3750000000
61144  -47.801  -28.925  29.047 0.5000000000
61145  -48.679  -28.839  29.286 0.5000000000
62205  -47.621  -27.488  28.255 0.3750000000
78546  -52.389  -11.379  28.977 0.3750000000
85461  -55.398  -2.909  26.970 0.5000000000
128237  -54.997  -3.568  24.372 0.5000000000
85495  -55.537  -2.935  23.823 0.5000000000
121477  -10.181  -44.499  49.153 0.3750000000
42669  -9.411  -45.226  47.394 0.1250000000
42686  -9.687  -45.782  46.906 0.1250000000
127695  -10.331  -44.749  47.586 0.1250000000
42707  -10.307  -46.218  46.524 0.1250000000
142910  -9.500  -46.251  46.342 0.1250000000
42670  -10.128  -44.477  48.273 0.1250000000
42659  -10.112  -44.479  48.680 0.2500000000
44567  -12.952  -44.273  52.949 0.5000000000
120899  -11.870  -44.478  49.706 0.3750000000
43618  -12.431  -44.440  51.303 0.3750000000
44561  -13.477  -44.158  53.704 0.5000000000
43599  -13.307  -44.423  52.801 0.5000000000
44554  -13.773  -44.795  54.500 0.5000000000
42633  -10.198  -44.530  49.439 0.3750000000
143880  -28.014  -40.620  49.604 0.6250000000
54639  -31.798  -35.818  49.899 0.7500000000
57699  -32.498  -33.368  48.915 0.8750000000
55646  -32.238  -35.154  49.369 0.8750000000
52656  -28.980  -38.026  50.323 0.7500000000
55639  -30.292  -35.420  50.261 0.7500000000
56663  -32.017  -34.244  49.372 0.8750000000
55645  -31.558  -35.103  49.834 0.8750000000
143005  -31.368  -35.489  50.143 0.7500000000
124981  -28.657  -38.877  50.209 0.7500000000
58727  -32.552  -32.470  48.131 0.8750000000
54629  -29.092  -36.019  50.155 0.7500000000
58728  -33.096  -32.369  48.104 0.8750000000
57707  -31.280  -33.405  48.721 0.8750000000
53730  -24.055  -36.334  42.715 0.8750000000
53718  -24.245  -36.643  43.510 0.8750000000
53748  -21.597  -35.874  40.712 0.8750000000
55690  -28.866  -34.600  47.708 0.8750000000
55689  -28.373  -35.137  47.975 0.7500000000
138034  -27.953  -35.173  47.367 0.7500000000
50809  -18.874  -39.426  45.465 0.8750000000
57821  -22.230  -32.730  39.327 0.8750000000
57720  -29.951  -34.241  48.595 0.7500000000
56679  -30.138  -34.271  48.952 0.8750000000
56692  -29.427  -34.445  48.204 0.8750000000
49806  -18.494  -40.024  46.477 0.8750000000
144370  -11.478  -38.583  45.061 0.3750000000
46553  -14.366  -43.689  54.490 0.6250000000
46551  -13.785  -43.785  54.158 0.5000000000
52736  -12.579  -37.586  43.384 0.3750000000
57722  -31.199  -33.277  48.423 0.8750000000
53746  -13.426  -36.242  40.346 0.3750000000
44566  -12.194  -44.096  52.176 0.5000000000
44573  -11.599  -44.126  51.350 0.3750000000
45553  -12.966  -44.022  53.316 0.5000000000
45546  -13.289  -43.837  53.679 0.5000000000
59777  -33.114  -31.649  47.231 0.8750000000
55751  -39.944  -34.369  43.672 0.3750000000
134297  -35.513  -32.225  47.540 0.8750000000
54749  -8.730  -35.063  41.452 0.7500000000
54770  -8.821  -35.191  40.616 0.7500000000
127440  -6.241  -34.831  40.472 0.6250000000
57829  -5.324  -32.337  38.988 0.6250000000
127549  -6.796  -28.399  37.557 0.7500000000
62084  -5.883  -29.205  37.319 0.7500000000
58913  -47.188  -30.027  31.488 0.5000000000
59988  -47.787  -30.250  30.354 0.5000000000
61131  -48.467  -29.604  29.521 0.6250000000
61132  -49.220  -29.399  29.732 0.5000000000
66040  -48.397  -24.456  28.619 0.5000000000
123674  -51.923  -12.616  30.274 0.3750000000
78538  -52.898  -11.164  29.515 0.3750000000
85469  -55.680  -2.890  25.996 0.5000000000
85478  -55.859  -2.858  24.886 0.5000000000
50810  -19.405  -39.707  45.281 0.8750000000
48696  -17.217  -41.660  50.135 0.8750000000
47631  -17.558  -42.087  49.373 0.8750000000
49787  -17.675  -40.809  48.090 0.8750000000
55771  -12.093  -34.765  40.253 0.3750000000
58948  -47.578  -30.224  30.804 0.3750000000
58947  -47.135  -30.339  30.649 0.5000000000
62194  -48.065  -28.133  28.864 0.5000000000
63186  -47.394  -26.551  27.342 0.3750000000
65076  -47.889  -25.540  28.213 0.3750000000
41774  -21.001  -46.879  47.182 0.5000000000
42661  -12.507  -44.492  49.600 0.3750000000
121746  -11.284  -34.968  39.780 0.3750000000
126631  -10.238  -35.198  39.646 0.5000000000
54794  -11.679  -35.271  38.863 0.3750000000
54792  -9.402  -35.321  39.322 0.6250000000
54791  -8.340  -35.309  39.306 0.6250000000
54790  -7.459  -35.193  39.681 0.7500000000
42660  -11.011  -44.544  49.101 0.3750000000
136801  -12.323  -44.460  50.398 0.3750000000
50749  -28.312  -39.660  50.145 0.6250000000
52750  -12.819  -37.325  42.344 0.3750000000
122830  -13.264  -44.730  51.097 0.5000000000
40820  -20.459  -46.646  47.923 0.5000000000
53645  -29.184  -36.570  50.368 0.7500000000
42624  -12.316  -44.435  50.976 0.3750000000
42623  -11.732  -44.457  50.232 0.3750000000
139143  -12.495  -44.507  50.766 0.3750000000
120842  -15.067  -45.344  51.763 0.5000000000
45547  -13.515  -44.676  54.229 0.5000000000
41754  -21.519  -46.671  48.537 0.5000000000
132227  -29.576  -35.201  49.743 0.7500000000
129949  -33.537  -32.408  48.261 0.8750000000
59916  -5.380  -31.058  36.888 0.6250000000
59944  -6.396  -30.797  35.370 0.5000000000
133526  -5.581  -30.568  36.546 0.6250000000
59942  -5.309  -31.558  35.344 0.2500000000
61072  -6.266  -30.292  35.848 0.5000000000
59950  -5.830  -31.617  34.904 0.5000000000
42614  -14.018  -44.852  51.922 0.5000000000
43591  -13.300  -44.383  53.116 0.5000000000
40786  -19.654  -47.494  50.363 0.6250000000
40792  -19.780  -47.402  49.876 0.6250000000
42651  -23.495  -45.569  49.317 0.5000000000
40802  -20.942  -46.762  48.875 0.5000000000
119938  -22.009  -46.566  48.913 0.5000000000
54656  -28.285  -35.643  48.808 0.7500000000
55677  -28.903  -34.922  48.399 0.7500000000
56668  -29.759  -34.730  49.266 0.7500000000
54631  -30.000  -35.817  50.410 0.7500000000
54630  -29.544  -35.848  50.257 0.7500000000
140063  -30.000  -34.943  49.839 0.7500000000
57708  -31.973  -32.911  48.652 0.8750000000
57706  -30.626  -33.915  48.924 0.8750000000
59953  -8.555  -30.678  34.378 0.2500000000
61086  -9.828  -29.361  34.370 0.2500000000
61054  -6.134  -29.613  36.538 0.6250000000
134041  -6.956  -29.053  36.312 0.5000000000
40783  -20.785  -46.998  50.448 0.6250000000
54690  -27.021  -35.426  46.218 0.8750000000
62114  -8.702  -28.399  35.826 0.3750000000
129648  -6.072  -29.244  36.809 0.6250000000
123020  -17.816  -48.173  51.955 0.7500000000
42628  -21.004  -46.519  50.858 0.6250000000
53674  -27.112  -36.531  48.851 0.7500000000
53689  -25.816  -36.786  46.898 0.7500000000
53690  -26.434  -36.404  47.215 0.7500000000
119359  -20.005  -47.402  52.143 0.6250000000
45572  -23.767  -43.528  50.434 0.6250000000
122201  -25.957  -40.553  50.508 0.7500000000
52694  -25.308  -38.020  48.332 0.7500000000
48673  -25.017  -41.470  50.419 0.6250000000
126885  -24.974  -40.833  50.264 0.7500000000
52664  -25.583  -39.071  49.758 0.7500000000
134070  -25.050  -38.675  48.581 0.7500000000
50763  -24.584  -40.077  49.170 0.7500000000
51758  -24.544  -38.310  47.244 0.7500000000
50780  -24.068  -39.670  47.963 0.7500000000
54755  -23.374  -35.557  41.135 0.8750000000
44563  -17.851  -45.861  52.956 0.7500000000
46570  -22.673  -44.021  50.550 0.7500000000
46581  -23.304  -43.165  50.351 0.7500000000
48681  -24.274  -41.917  50.196 0.7500000000
119855  -23.734  -42.417  50.151 0.7500000000
49756  -24.542  -41.255  50.123 0.7500000000
49764  -23.962  -41.596  49.768 0.7500000000
49765  -24.415  -41.104  49.911 0.7500000000
134691  -23.631  -40.963  48.760 0.7500000000
50762  -24.089  -40.565  48.982 0.7500000000
50779  -23.445  -40.208  47.688 0.7500000000
50793  -23.724  -39.480  47.279 0.7500000000
50803  -23.392  -39.354  46.560 0.7500000000
50802  -22.597  -39.810  46.309 0.7500000000
52730  -23.352  -38.124  44.846 0.7500000000
52729  -22.736  -38.114  44.101 0.8750000000
52741  -22.956  -37.515  43.402 0.8750000000
54754  -22.452  -35.793  40.807 0.8750000000
52754  -22.859  -37.063  42.625 0.8750000000
55776  -22.466  -34.652  39.887 0.8750000000
55777  -23.358  -34.367  40.090 0.8750000000
47626  -21.879  -43.017  49.963 0.7500000000
49789  -22.274  -41.325  47.854 0.7500000000
50801  -21.706  -40.168  46.080 0.7500000000
51801  -22.005  -38.514  43.964 0.8750000000
52753  -21.994  -37.456  42.515 0.8750000000
139483  -21.284  -37.904  42.809 0.8750000000
47634  -20.967  -42.755  49.382 0.7500000000
48715  -19.850  -42.063  48.063 0.8750000000
132967  -19.140  -41.950  47.907 0.8750000000
48727  -20.588  -41.676  47.647 0.7500000000
47640  -20.162  -42.470  48.654 0.7500000000
48716  -21.461  -41.839  48.079 0.7500000000
48705  -20.983  -42.298  48.616 0.7500000000
49809  -21.102  -40.666  46.548 0.8750000000
50818  -19.831  -39.387  44.661 0.8750000000
50819  -20.875  -39.489  44.718 0.8750000000
50800  -20.700  -40.322  45.874 0.8750000000
51800  -21.105  -38.443  43.443 0.8750000000
46578  -20.267  -44.712  51.393 0.7500000000
47633  -19.636  -42.900  49.292 0.7500000000
49796  -18.499  -40.787  47.048 0.8750000000
49797  -19.332  -41.141  46.871 0.8750000000
49815  -18.955  -39.958  45.823 0.8750000000
120213  -42.420  -30.244  35.364 0.3750000000
120523  -40.820  -30.313  34.505 0.2500000000
125281  -18.975  -45.357  52.274 0.7500000000
46588  -18.259  -43.900  51.353 0.7500000000
143785  -17.993  -42.714  49.473 0.8750000000
47623  -18.247  -43.215  49.979 0.8750000000
139583  -44.274  -30.864  33.855 0.3750000000
57892  -44.288  -31.146  32.483 0.3750000000
57906  -45.577  -31.072  31.810 0.3750000000
123484  -46.747  -30.606  30.901 0.3750000000
133492  -45.974  -30.679  30.912 0.3750000000
119360  -46.672  -29.887  29.684 0.3750000000
60022  -46.055  -29.440  29.286 0.3750000000
60044  -45.345  -28.475  27.897 0.1250000000
62218  -46.925  -27.269  27.238 0.2500000000
63185  -47.183  -26.657  26.830 0.1250000000
81883  -23.188  -8.087  50.482 0.2500000000
60023  -47.341  -29.761  29.490 0.3750000000
61143  -47.197  -29.191  29.023 0.3750000000
61153  -45.765  -28.365  27.894 0.2500000000
61156  -47.416  -28.143  28.415 0.3750000000
85468  -55.087  -3.300  26.252 0.5000000000
43606  -11.760  -44.258  51.050 0.3750000000
43598  -12.440  -44.282  51.974 0.5000000000
42646  -11.155  -44.531  49.644 0.3750000000
54640  -32.466  -35.971  49.306 0.7500000000
55647  -32.741  -34.533  48.957 0.8750000000
56670  -33.059  -33.758  48.772 0.8750000000
51716  -29.316  -38.468  50.054 0.6250000000
52657  -29.707  -37.680  50.303 0.7500000000
56655  -30.598  -34.899  49.987 0.8750000000
56660  -30.239  -34.717  49.689 0.7500000000
53647  -30.752  -36.575  50.452 0.7500000000
53646  -29.703  -36.337  50.422 0.7500000000
137499  -30.062  -36.888  50.465 0.7500000000
52668  -32.261  -37.108  49.355 0.6250000000
50751  -29.621  -38.704  49.403 0.6250000000
52658  -30.472  -37.409  50.329 0.6250000000
49774  -30.331  -39.986  48.072 0.1250000000
125828  -30.711  -38.613  48.727 0.3750000000
51725  -31.238  -38.075  49.092 0.5000000000
143956  -31.731  -38.040  48.477 0.5000000000
52669  -32.644  -37.196  48.891 0.5000000000
52677  -33.108  -37.243  48.273 0.3750000000
53667  -33.724  -36.564  48.036 0.2500000000
54650  -34.429  -35.714  47.821 0.3750000000
47627  -27.995  -40.931  48.688 0.5000000000
47618  -28.432  -39.884  48.967 0.5000000000
48685  -28.634  -39.588  49.108 0.5000000000
48693  -28.940  -39.755  48.460 0.3750000000
136917  -29.286  -39.211  48.544 0.5000000000
143049  -29.711  -38.850  48.955 0.3750000000
45602  -26.901  -41.856  47.731 0.1250000000
46603  -28.270  -40.982  48.275 0.2500000000
47628  -28.815  -40.424  48.072 0.2500000000
49767  -29.917  -39.195  48.468 0.2500000000
50757  -30.168  -38.837  48.777 0.2500000000
48699  -30.835  -40.756  49.042 0.1250000000
52667  -31.669  -37.334  49.761 0.5000000000
51726  -31.967  -37.569  48.968 0.5000000000
54649  -33.517  -35.941  48.426 0.3750000000
130270  -34.039  -35.040  48.214 0.6250000000
52697  -37.646  -36.502  45.708 0.6250000000
52698  -38.292  -35.830  45.789 0.6250000000
43623  -8.826  -44.362  49.138 0.2500000000
42632  -9.602  -44.549  48.842 0.2500000000
43622  -7.947  -44.368  49.002 0.2500000000
141243  -9.526  -44.428  49.273 0.2500000000
47617  -27.904  -40.883  49.190 0.5000000000
48692  -28.337  -40.140  49.067 0.5000000000
42645  -9.671  -44.484  48.714 0.2500000000
46602  -27.554  -41.721  49.078 0.3750000000
45598  -26.541  -42.608  48.353 0.2500000000
46607  -27.666  -41.485  48.456 0.3750000000
45600  -26.031  -43.037  47.710 0.2500000000
45599  -27.073  -42.031  48.520 0.2500000000
49759  -28.480  -39.644  49.696 0.5000000000
51724  -30.457  -38.402  49.353 0.3750000000
44615  -25.307  -43.262  46.878 0.2500000000
51717  -30.120  -38.168  50.009 0.3750000000
52659  -31.159  -37.201  50.283 0.5000000000
53659  -33.109  -36.670  48.672 0.6250000000
55654  -33.576  -34.348  48.485 0.6250000000
133042  -34.587  -33.035  48.072 0.6250000000
55665  -35.926  -33.769  47.253 0.6250000000
139983  -9.521  -44.412  49.396 0.2500000000
42634  -10.968  -44.558  49.811 0.2500000000
42691  -15.685  -44.868  48.068 0.2500000000
42711  -14.557  -44.628  47.202 0.1250000000
46601  -27.054  -42.191  49.056 0.3750000000
43654  -14.938  -44.511  46.734 0.1250000000
44607  -24.864  -43.939  46.950 0.2500000000
44605  -26.063  -43.186  48.027 0.3750000000
49766  -28.970  -39.081  49.183 0.5000000000
43689  -23.492  -44.644  45.138 0.2500000000
44613  -24.052  -44.122  45.783 0.2500000000
42793  -22.116  -45.180  42.104 0.2500000000
140722  -22.927  -45.069  44.557 0.2500000000
44624  -23.745  -43.918  44.867 0.2500000000
44614  -24.695  -43.665  46.377 0.2500000000
56680  -35.410  -33.192  47.569 0.6250000000
53684  -38.777  -35.221  45.839 0.6250000000
43624  -10.123  -44.541  49.687 0.2500000000
45592  -26.490  -42.764  49.057 0.3750000000
43645  -25.315  -43.986  47.955 0.3750000000
44601  -26.048  -43.228  48.499 0.3750000000
42712  -15.927  -44.696  47.467 0.1250000000
122114  -16.573  -45.232  47.973 0.1250000000
42676  -16.711  -45.529  48.555 0.1250000000
50750  -28.814  -39.044  49.699 0.5000000000
42732  -16.328  -44.582  46.866 0.1250000000
42738  -23.267  -45.431  46.331 0.2500000000
43656  -24.632  -44.487  47.365 0.3750000000
44600  -25.724  -43.548  48.155 0.3750000000
43667  -16.773  -44.436  46.133 0.1250000000
43668  -23.146  -45.294  45.439 0.2500000000
43669  -23.696  -44.790  46.047 0.2500000000
42774  -22.373  -45.375  43.966 0.2500000000
42757  -22.604  -45.668  44.904 0.2500000000
41843  -21.380  -45.708  42.420 0.2500000000
42773  -22.041  -45.875  44.387 0.2500000000
43754  -20.395  -45.438  40.462 0.1250000000
42622  -11.033  -44.539  50.101 0.2500000000
43616  -10.541  -44.486  50.288 0.2500000000
138022  -10.890  -44.382  50.541 0.2500000000
43605  -10.909  -44.246  50.823 0.2500000000
42713  -17.150  -45.308  47.475 0.1250000000
42714  -18.120  -45.785  47.072 0.1250000000
42733  -17.487  -45.128  46.632 0.1250000000
42734  -18.393  -45.582  46.294 0.1250000000
42735  -19.065  -45.917  45.957 0.1250000000
41818  -19.731  -46.185  45.373 0.1250000000
43643  -24.206  -45.065  47.639 0.3750000000
42753  -17.827  -44.984  45.851 0.1250000000
42754  -18.645  -45.415  45.540 0.1250000000
42755  -19.318  -45.673  45.216 0.1250000000
41819  -20.539  -46.341  45.070 0.2500000000
139017  -21.212  -46.589  45.149 0.2500000000
43703  -18.353  -44.580  44.229 0.1250000000
42770  -19.697  -45.415  44.439 0.1250000000
42771  -20.292  -45.586  43.978 0.1250000000
41832  -20.756  -46.024  44.070 0.2500000000
142998  -21.171  -46.325  44.733 0.2500000000
43720  -18.576  -44.406  43.273 0.1250000000
43721  -19.480  -44.771  42.850 0.1250000000
42806  -19.925  -45.055  42.290 0.1250000000
42772  -20.573  -45.748  43.479 0.1250000000
41842  -21.023  -46.135  42.746 0.2500000000
43737  -18.789  -44.327  42.258 0.1250000000
42789  -20.847  -45.838  42.485 0.1250000000
42790  -20.998  -45.979  42.031 0.1250000000
42807  -20.784  -45.735  41.987 0.1250000000
42809  -21.035  -45.800  41.205 0.1250000000
43752  -19.001  -44.280  41.231 0.1250000000
43753  -19.732  -44.922  40.778 0.1250000000
42822  -20.325  -45.337  41.385 0.1250000000
43604  -10.332  -44.326  50.613 0.2500000000
42715  -18.849  -46.144  46.706 0.2500000000
41805  -19.547  -46.378  46.399 0.2500000000
41830  -20.242  -45.813  44.426 0.2500000000
41831  -20.643  -46.011  44.227 0.2500000000
75552  -35.302  -14.233  48.512 0.1250000000
76488  -36.234  -13.938  48.049 0.1250000000
75551  -34.478  -14.672  48.639 0.1250000000
75553  -36.192  -14.927  48.302 0.1250000000
75566  -37.025  -14.707  47.772 0.1250000000
128862  -35.401  -15.091  48.651 0.2500000000
74645  -36.975  -15.653  47.937 0.1250000000
74637  -36.149  -15.980  48.522 0.1250000000
142869  -35.044  -15.682  48.804 0.2500000000
73671  -36.969  -16.659  47.969 0.1250000000
132691  -34.767  -16.282  48.788 0.2500000000
74636  -35.593  -16.604  48.796 0.2500000000
130208  -36.389  -16.937  48.466 0.1250000000
73678  -37.269  -16.627  47.297 0.1250000000
73667  -34.200  -16.537  48.477 0.2500000000
72626  -34.581  -17.901  48.665 0.2500000000
73668  -35.081  -17.143  48.937 0.2500000000
73669  -36.057  -17.480  48.720 0.2500000000
73670  -36.675  -17.483  48.135 0.2500000000
73677  -33.751  -17.217  48.030 0.2500000000
72627  -35.635  -18.099  48.888 0.2500000000
71674  -36.298  -18.185  48.460 0.2500000000
72634  -36.924  -17.334  47.537 0.2500000000
141213  -36.749  -17.781  47.498 0.2500000000
72641  -33.450  -17.682  47.164 0.2500000000
72632  -33.846  -18.330  48.035 0.2500000000
131595  -34.551  -19.085  48.605 0.2500000000
132354  -35.356  -18.920  48.944 0.2500000000
136705  -35.958  -18.773  48.656 0.2500000000
71681  -36.244  -18.762  48.299 0.2500000000
72633  -36.642  -18.049  47.985 0.2500000000
133592  -36.517  -18.434  47.730 0.2500000000
71680  -36.098  -19.459  48.098 0.2500000000
71672  -34.548  -19.986  48.611 0.2500000000
71673  -35.108  -19.872  48.929 0.2500000000
137975  -35.714  -19.587  48.613 0.2500000000
70748  -35.815  -20.368  48.048 0.2500000000
69751  -35.493  -20.838  47.013 0.2500000000
69724  -34.695  -21.171  48.641 0.2500000000
70719  -34.830  -20.696  48.798 0.2500000000
69726  -35.203  -21.101  48.740 0.2500000000
142252  -35.206  -21.587  48.523 0.2500000000
68730  -35.353  -21.865  47.657 0.2500000000
69737  -34.293  -21.262  48.200 0.2500000000
68719  -34.629  -21.935  48.298 0.2500000000
68710  -34.876  -21.533  48.641 0.2500000000
68720  -34.961  -22.166  48.191 0.2500000000
70777  -31.395  -19.138  42.326 0.2500000000
138722  -31.074  -20.074  41.047 0.2500000000
68802  -31.007  -21.309  40.711 0.2500000000
139869  -30.687  -21.165  39.854 0.3750000000
68825  -30.199  -21.928  38.622 0.3750000000
76475  -34.479  -13.636  48.500 0.1250000000
76476  -35.357  -13.271  48.236 0.1250000000
123266  -33.872  -13.883  48.375 0.1250000000
76489  -37.177  -13.782  47.550 0.1250000000
76487  -33.458  -13.848  48.020 0.1250000000
75550  -33.833  -14.707  48.314 0.1250000000
142446  -37.935  -13.745  47.178 0.1250000000
140275  -37.556  -15.328  47.459 0.1250000000
75565  -33.494  -14.807  47.835 0.1250000000
74634  -33.783  -15.580  48.193 0.1250000000
74635  -34.255  -15.550  48.570 0.1250000000
75568  -38.382  -14.779  46.707 0.1250000000
74646  -37.488  -16.002  47.383 0.1250000000
136241  -33.287  -14.995  47.125 0.1250000000
74655  -33.520  -15.684  47.606 0.1250000000
132752  -33.676  -16.322  47.971 0.2500000000
144481  -33.332  -15.780  46.911 0.1250000000
73685  -33.439  -16.600  47.189 0.2500000000
74656  -37.752  -15.824  46.825 0.1250000000
72657  -32.318  -17.543  44.659 0.1250000000
73693  -32.697  -16.912  45.440 0.1250000000
72642  -36.578  -17.862  46.904 0.1250000000
71687  -35.975  -18.764  46.704 0.2500000000
71697  -32.290  -18.389  44.681 0.1250000000
70760  -35.713  -19.841  46.960 0.2500000000
68742  -35.312  -21.434  46.353 0.2500000000
71696  -32.020  -18.042  43.921 0.1250000000
70759  -35.152  -20.131  45.964 0.2500000000
69765  -34.998  -20.691  45.640 0.2500000000
68756  -35.084  -21.262  45.325 0.2500000000
71701  -31.739  -18.411  43.343 0.1250000000
70770  -31.640  -18.996  43.152 0.1250000000
122852  -31.218  -19.271  41.544 0.1250000000
70810  -30.865  -19.719  40.359 0.2500000000
124452  -30.412  -20.851  39.058 0.3750000000
69829  -30.654  -20.221  39.754 0.3750000000
71735  -30.927  -18.996  40.378 0.2500000000
69836  -30.511  -19.930  39.182 0.3750000000
69835  -30.065  -21.058  38.141 0.3750000000
124149  -30.302  -20.076  38.484 0.3750000000
68850  -29.028  -21.732  36.378 0.3750000000
68888  -27.802  -22.349  35.053 0.5000000000
137094  -33.604  -13.450  48.236 0.1250000000
77422  -36.342  -12.878  47.601 0.1250000000
128707  -33.342  -12.964  48.089 0.1250000000
77431  -36.905  -12.128  46.981 0.1250000000
77423  -37.454  -12.972  47.168 0.1250000000
75564  -33.058  -14.079  47.386 0.1250000000
140830  -37.245  -11.580  46.494 0.1250000000
77432  -37.923  -12.247  46.629 0.1250000000
76505  -32.540  -13.317  46.816 0.1250000000
78328  -37.904  -11.343  46.102 0.1250000000
78335  -38.696  -11.117  45.662 0.1250000000
78329  -38.725  -11.897  46.187 0.1250000000
77433  -38.875  -12.797  46.439 0.1250000000
76490  -38.502  -14.139  46.802 0.1250000000
75575  -38.733  -14.397  46.259 0.1250000000
76520  -32.342  -13.635  45.915 0.1250000000
76528  -31.728  -13.061  45.180 0.1250000000
75585  -32.321  -14.095  45.000 0.1250000000
75578  -32.699  -14.709  45.649 0.1250000000
74654  -33.047  -15.324  46.312 0.1250000000
73684  -33.097  -16.286  46.246 0.1250000000
74657  -38.301  -15.056  46.386 0.1250000000
74667  -37.889  -15.529  46.303 0.1250000000
72644  -37.258  -16.837  46.993 0.1250000000
73686  -37.168  -16.507  46.398 0.1250000000
128258  -31.440  -13.128  44.307 0.1250000000
125819  -31.953  -13.720  44.444 0.1250000000
137813  -32.513  -15.112  44.781 0.1250000000
74665  -32.707  -15.839  45.362 0.1250000000
72643  -37.004  -17.271  46.969 0.1250000000
76536  -31.750  -13.925  43.732 0.1250000000
75584  -32.177  -14.559  44.197 0.1250000000
74678  -32.199  -15.644  44.066 0.1250000000
142220  -32.436  -15.810  44.669 0.1250000000
73701  -32.335  -16.556  44.528 0.1250000000
75596  -31.869  -14.933  43.446 0.1250000000
73700  -32.016  -16.495  43.780 0.1250000000
72656  -32.005  -17.268  43.863 0.1250000000
71692  -35.311  -18.486  45.527 0.2500000000
76548  -31.361  -14.212  42.855 0.1250000000
75608  -31.588  -15.309  42.811 0.1250000000
74689  -31.819  -15.929  43.291 0.1250000000
138330  -31.751  -16.871  43.188 0.1250000000
72665  -31.679  -17.784  43.112 0.1250000000
127175  -35.113  -19.309  45.629 0.2500000000
76547  -30.666  -13.142  42.795 0.1250000000
143790  -31.519  -16.279  42.514 0.1250000000
139124  -31.525  -17.248  42.585 0.1250000000
71708  -31.494  -18.481  42.652 0.1250000000
69778  -34.758  -20.602  44.766 0.2500000000
75607  -31.244  -15.185  42.096 0.1250000000
74705  -31.291  -16.167  41.805 0.1250000000
72679  -31.338  -17.119  41.871 0.1250000000
72671  -31.390  -17.928  42.278 0.1250000000
74704  -31.018  -15.591  41.346 0.1250000000
72678  -31.258  -18.009  41.521 0.1250000000
71707  -31.299  -18.597  41.908 0.1250000000
74711  -30.774  -15.877  40.610 0.1250000000
73720  -31.142  -16.531  41.189 0.1250000000
138103  -31.213  -17.379  41.131 0.1250000000
71718  -31.155  -18.704  41.099 0.1250000000
72690  -31.124  -18.023  40.679 0.1250000000
127764  -30.956  -18.446  40.221 0.2500000000
139709  -30.698  -19.447  39.703 0.2500000000
69843  -29.572  -21.229  37.157 0.3750000000
123525  -29.968  -20.204  37.618 0.3750000000
68864  -28.372  -22.047  35.729 0.5000000000
136906  -29.250  -20.846  36.377 0.3750000000
127301  -29.578  -20.189  36.730 0.3750000000
76474  -33.829  -13.023  48.371 0.1250000000
77416  -34.561  -12.750  48.347 0.1250000000
77421  -35.319  -12.373  47.902 0.1250000000
77430  -32.204  -12.364  47.123 0.1250000000
76486  -32.915  -13.104  47.579 0.1250000000
79234  -37.037  -10.956  46.088 0.1250000000
141851  -39.375  -12.478  46.068 0.1250000000
76521  -39.838  -13.260  45.368 0.1250000000
76504  -31.707  -12.516  46.255 0.1250000000
79253  -38.049  -10.168  44.763 0.1250000000
79241  -37.778  -10.592  45.431 0.1250000000
78336  -39.452  -11.782  45.768 0.1250000000
76507  -38.975  -13.694  46.361 0.1250000000
77446  -30.897  -12.161  45.613 0.1250000000
80141  -38.652  -9.996  44.283 0.1250000000
79242  -38.729  -10.469  45.040 0.1250000000
79243  -39.570  -11.001  45.329 0.1250000000
75580  -39.234  -13.874  45.731 0.1250000000
76530  -39.599  -13.614  45.098 0.1250000000
80155  -38.757  -9.599  43.512 0.1250000000
79254  -39.592  -10.373  44.642 0.1250000000
75579  -38.365  -14.872  45.848 0.1250000000
75588  -38.057  -14.532  45.218 0.1250000000
76527  -31.023  -12.542  44.884 0.1250000000
137839  -36.622  -16.441  45.796 0.1250000000
76535  -30.716  -12.557  44.280 0.1250000000
73694  -35.940  -16.798  45.427 0.1250000000
72650  -36.589  -17.094  46.267 0.1250000000
128350  -31.119  -13.193  43.545 0.1250000000
73702  -35.447  -16.411  44.571 0.1250000000
72659  -35.239  -17.255  44.782 0.1250000000
72673  -34.190  -17.344  43.132 0.1250000000
72666  -34.577  -17.864  44.027 0.1250000000
71698  -34.717  -18.707  44.694 0.1250000000
77502  -29.345  -12.797  41.444 0.1250000000
76559  -30.061  -12.920  42.090 0.1250000000
70779  -34.150  -19.245  42.578 0.1250000000
71703  -34.301  -18.749  43.704 0.1250000000
128054  -34.465  -19.413  44.209 0.2500000000
76570  -29.424  -13.260  40.573 0.1250000000
75616  -30.091  -13.536  41.269 0.1250000000
76560  -30.770  -13.967  41.936 0.1250000000
76578  -29.415  -13.673  39.730 0.1250000000
75625  -30.086  -14.197  40.438 0.1250000000
142780  -30.514  -14.300  41.207 0.1250000000
137497  -28.901  -13.376  39.228 0.1250000000
76586  -29.321  -13.926  38.940 0.1250000000
75626  -30.651  -14.976  40.859 0.1250000000
138529  -30.812  -17.780  39.748 0.2500000000
75634  -29.839  -14.496  39.492 0.1250000000
74715  -30.119  -15.360  39.213 0.1250000000
73725  -30.913  -16.953  40.391 0.2500000000
71751  -30.762  -18.686  39.634 0.2500000000
71762  -30.287  -18.510  38.110 0.3750000000
72727  -30.573  -18.156  38.877 0.3750000000
70831  -30.187  -19.351  37.959 0.3750000000
70839  -29.855  -19.399  37.109 0.3750000000
69851  -29.172  -20.138  35.921 0.3750000000
78316  -34.359  -11.569  48.173 0.1250000000
77415  -34.042  -12.183  48.367 0.1250000000
78318  -35.981  -11.890  47.301 0.1250000000
77414  -33.460  -12.193  48.201 0.1250000000
78327  -36.493  -11.372  46.691 0.1250000000
138676  -32.788  -12.068  47.767 0.1250000000
80128  -37.308  -9.943  44.996 0.1250000000
77447  -39.911  -12.610  45.647 0.1250000000
80154  -38.075  -9.648  43.937 0.1250000000
78337  -40.217  -11.849  45.317 0.1250000000
77448  -40.368  -12.654  45.075 0.1250000000
80169  -39.040  -9.362  42.739 0.1250000000
80156  -39.779  -9.565  43.142 0.1250000000
129725  -40.579  -9.811  43.543 0.1250000000
79270  -40.524  -10.313  44.286 0.1250000000
79271  -41.364  -10.321  43.853 0.1250000000
75589  -38.927  -14.156  45.349 0.1250000000
126410  -40.672  -9.531  42.744 0.1250000000
80157  -41.445  -9.800  43.152 0.1250000000
80171  -41.504  -9.563  42.392 0.1250000000
130662  -39.296  -13.639  44.701 0.1250000000
138270  -39.115  -9.111  41.968 0.1250000000
73703  -36.145  -16.030  45.166 0.1250000000
77474  -30.311  -12.523  43.633 0.1250000000
74691  -35.702  -15.602  44.384 0.1250000000
76546  -29.753  -12.458  43.022 0.1250000000
74690  -34.661  -15.682  43.097 0.1250000000
73708  -34.757  -16.878  43.897 0.1250000000
121259  -28.972  -12.372  42.427 0.1250000000
74698  -34.196  -15.879  42.375 0.1250000000
71702  -34.071  -18.187  43.102 0.1250000000
76569  -28.457  -12.678  40.811 0.1250000000
71709  -33.901  -18.501  42.328 0.1250000000
70796  -34.028  -19.015  41.928 0.1250000000
77540  -28.014  -12.955  38.247 0.1250000000
76577  -28.736  -12.998  39.864 0.1250000000
69801  -35.100  -20.021  41.967 0.1250000000
139429  -27.728  -13.034  37.281 0.1250000000
76585  -28.702  -13.443  38.537 0.1250000000
122164  -27.676  -13.352  36.376 0.1250000000
76593  -28.492  -13.552  37.714 0.1250000000
75639  -29.152  -14.073  38.121 0.1250000000
74720  -29.883  -15.580  38.396 0.2500000000
73730  -30.298  -16.251  38.996 0.2500000000
74725  -29.186  -15.106  36.985 0.1250000000
75647  -29.415  -14.903  37.828 0.2500000000
74733  -28.810  -15.295  36.191 0.1250000000
140121  -29.780  -16.569  37.369 0.2500000000
73737  -30.073  -16.539  38.145 0.2500000000
73738  -30.465  -17.179  38.898 0.2500000000
136484  -28.483  -15.388  35.562 0.1250000000
140471  -29.380  -16.056  36.626 0.3750000000
131539  -29.624  -16.867  36.777 0.3750000000
143908  -30.014  -16.963  37.724 0.2500000000
72726  -30.241  -17.524  38.063 0.2500000000
123594  -28.287  -17.223  34.506 0.2500000000
72783  -28.800  -17.549  35.242 0.3750000000
72784  -29.342  -17.935  35.909 0.3750000000
72751  -29.992  -18.029  37.376 0.2500000000
71768  -30.026  -18.766  37.460 0.3750000000
72798  -28.449  -18.131  34.637 0.3750000000
71781  -29.333  -18.706  35.902 0.3750000000
71775  -29.696  -18.536  36.656 0.3750000000
71786  -28.107  -18.704  34.111 0.3750000000
71787  -28.542  -19.036  34.799 0.3750000000
126609  -29.026  -19.299  35.525 0.3750000000
70845  -29.478  -19.375  36.282 0.3750000000
141058  -27.808  -19.169  33.659 0.5000000000
123801  -28.525  -20.111  35.086 0.5000000000
78317  -35.084  -11.469  47.684 0.1250000000
78326  -35.765  -11.185  47.015 0.1250000000
78315  -33.080  -11.366  48.174 0.1250000000
79233  -36.093  -10.578  46.400 0.1250000000
77429  -31.300  -11.714  46.878 0.1250000000
80140  -37.750  -9.767  44.408 0.1250000000
77428  -30.702  -11.626  46.306 0.1250000000
77462  -41.167  -12.340  44.127 0.1250000000
76522  -40.121  -13.143  44.788 0.1250000000
139604  -39.827  -13.347  44.613 0.1250000000
77445  -30.052  -11.483  45.805 0.1250000000
81072  -38.304  -9.244  43.039 0.1250000000
78360  -42.212  -11.366  43.317 0.1250000000
78349  -41.624  -11.671  44.054 0.1250000000
76539  -38.926  -13.417  44.153 0.1250000000
77475  -38.204  -13.281  43.689 0.1250000000
120817  -29.999  -12.116  44.356 0.1250000000
80158  -42.221  -9.932  42.752 0.1250000000
76529  -38.379  -13.849  44.543 0.1250000000
76538  -37.442  -13.687  43.904 0.1250000000
75587  -37.092  -14.872  44.962 0.1250000000
77473  -29.258  -12.008  43.962 0.1250000000
76537  -36.597  -13.673  43.296 0.1250000000
75598  -36.760  -14.222  44.098 0.1250000000
75586  -36.136  -14.858  44.265 0.1250000000
138475  -28.829  -12.135  43.332 0.1250000000
77472  -28.188  -11.789  43.810 0.1250000000
75597  -35.924  -14.287  43.436 0.1250000000
140850  -35.288  -15.103  43.497 0.1250000000
77501  -28.510  -12.495  41.692 0.1250000000
120414  -27.867  -12.296  42.366 0.1250000000
75610  -35.187  -14.397  42.682 0.1250000000
77500  -27.612  -12.457  41.571 0.1250000000
137478  -27.402  -12.569  40.830 0.1250000000
120744  -27.673  -12.668  39.925 0.1250000000
78310  -33.744  -11.480  48.323 0.1250000000
79227  -34.299  -10.656  48.001 0.1250000000
80107  -34.728  -9.705  47.477 0.1250000000
79232  -35.254  -10.569  47.201 0.1250000000
80116  -35.468  -9.781  46.634 0.1250000000
79226  -32.808  -10.463  48.162 0.1250000000
80117  -36.068  -9.845  45.947 0.1250000000
77419  -31.854  -11.509  47.407 0.1250000000
80127  -36.506  -9.504  45.389 0.1250000000
81046  -36.321  -8.636  45.320 0.1250000000
80139  -36.957  -9.278  44.725 0.1250000000
77479  -41.545  -12.025  43.509 0.1250000000
143402  -40.739  -12.666  44.103 0.1250000000
78324  -30.016  -11.110  46.264 0.1250000000
81071  -37.842  -9.263  43.532 0.1250000000
77478  -40.782  -12.517  43.671 0.1250000000
77477  -39.922  -12.803  43.589 0.1250000000
77476  -39.020  -12.966  43.574 0.1250000000
77459  -29.402  -11.640  44.777 0.1250000000
81080  -38.339  -8.995  42.406 0.1250000000
78366  -42.597  -11.284  42.376 0.1250000000
77491  -41.138  -12.107  42.971 0.1250000000
77490  -40.253  -12.322  42.962 0.1250000000
77471  -27.241  -11.768  43.422 0.1250000000
76551  -37.336  -13.197  43.076 0.1250000000
77486  -28.026  -12.080  43.159 0.1250000000
76550  -36.520  -13.205  42.503 0.1250000000
122574  -25.892  -12.602  40.284 0.1250000000
77499  -26.483  -12.514  41.482 0.1250000000
76549  -35.786  -13.712  42.594 0.1250000000
123591  -36.989  -12.471  41.555 0.1250000000
68903  -7.844  -21.635  33.685 0.1250000000
80106  -34.109  -9.600  48.062 0.1250000000
143341  -33.448  -10.819  48.285 0.1250000000
78314  -32.340  -11.035  47.840 0.1250000000
137493  -31.136  -11.117  47.145 0.1250000000
78325  -30.600  -11.123  46.732 0.1250000000
81079  -37.585  -8.732  42.937 0.1250000000
129678  -36.892  -8.163  43.180 0.1250000000
77444  -29.560  -11.373  45.363 0.1250000000
81085  -37.682  -8.524  42.018 0.1250000000
78347  -28.287  -11.126  44.570 0.1250000000
81098  -37.899  -8.456  41.192 0.1250000000
78364  -40.560  -11.961  42.380 0.1250000000
77489  -39.285  -12.465  42.863 0.1250000000
122908  -26.484  -12.002  43.006 0.1250000000
77505  -37.746  -12.384  41.775 0.1250000000
120457  -25.834  -12.581  40.936 0.1250000000
77515  -24.953  -12.530  40.750 0.1250000000
141839  -44.821  -18.591  41.608 0.5000000000
79225  -32.039  -10.106  47.738 0.1250000000
78313  -31.512  -10.682  47.439 0.1250000000
143299  -36.656  -8.072  44.132 0.1250000000
138224  -29.812  -10.778  46.014 0.1250000000
81078  -36.971  -8.080  42.424 0.1250000000
81936  -36.570  -7.391  42.940 0.1250000000
137066  -28.982  -11.162  45.054 0.1250000000
78334  -29.474  -11.026  45.658 0.1250000000
81945  -37.046  -7.939  41.412 0.1250000000
77458  -27.764  -11.450  43.943 0.1250000000
77484  -25.863  -12.270  42.435 0.1250000000
122987  -25.008  -12.118  42.434 0.1250000000
77497  -24.243  -12.060  42.076 0.1250000000
136071  -24.264  -12.306  41.468 0.1250000000
77514  -23.915  -12.284  40.927 0.1250000000
78399  -23.660  -12.065  39.517 0.1250000000
78415  -23.222  -11.666  38.790 0.1250000000
78431  -22.829  -11.363  37.862 0.1250000000
132813  -22.365  -11.349  36.962 0.1250000000
136608  -22.309  -11.626  36.189 0.1250000000
135952  -21.754  -11.461  36.773 0.1250000000
125588  -28.874  -10.876  45.046 0.1250000000
82835  -36.502  -7.067  41.123 0.1250000000
78444  -21.610  -11.768  36.397 0.1250000000
73731  -30.608  -16.845  39.568 0.2500000000
55655  -34.713  -34.062  47.942 0.6250000000
57723  -35.324  -32.676  47.635 0.6250000000
144092  -33.956  -20.719  47.941 0.2500000000
71728  -45.341  -18.355  41.089 0.5000000000
136503  -34.662  -22.368  47.905 0.2500000000
138972  -34.785  -20.162  42.557 0.2500000000
125933  -28.605  -16.644  35.158 0.2500000000
70780  -34.377  -19.966  42.919 0.2500000000
138148  -27.233  -12.858  36.621 0.1250000000
76607  -28.064  -14.025  36.052 0.1250000000
76606  -27.518  -13.536  35.543 0.1250000000
77516  -26.657  -12.594  40.480 0.1250000000
42674  -15.052  -44.759  48.594 0.2500000000
42692  -17.291  -45.708  48.247 0.1250000000
42693  -17.954  -46.011  47.874 0.1250000000
41791  -19.244  -46.392  46.919 0.2500000000
41806  -20.215  -46.549  46.107 0.2500000000
41807  -20.786  -46.663  45.779 0.2500000000
41821  -21.026  -46.646  45.666 0.2500000000
41808  -22.183  -46.481  46.014 0.2500000000
42736  -22.194  -46.230  45.302 0.2500000000
42737  -22.753  -45.962  45.728 0.2500000000
42690  -14.188  -44.678  47.620 0.1250000000
53657  -32.127  -36.599  49.684 0.6250000000
53648  -31.536  -36.583  50.218 0.6250000000
56671  -34.151  -33.497  48.257 0.6250000000
54641  -32.949  -36.152  48.885 0.6250000000
128996  -33.019  -35.321  48.763 0.7500000000
51718  -30.942  -37.862  49.967 0.5000000000
48694  -29.996  -39.882  47.954 0.3750000000
45601  -26.491  -42.510  47.947 0.1250000000
45595  -26.529  -42.691  48.743 0.3750000000
45604  -25.853  -42.862  47.253 0.2500000000
43666  -15.393  -44.271  46.179 0.1250000000
43670  -24.335  -44.314  46.627 0.2500000000
44603  -25.211  -44.017  47.675 0.3750000000
44608  -25.543  -43.456  47.468 0.3750000000
122708  -21.793  -45.557  43.063 0.2500000000
43655  -23.926  -44.928  46.904 0.2500000000
43687  -17.122  -44.452  45.287 0.1250000000
43686  -15.904  -44.002  45.401 0.1250000000
142481  -22.016  -45.380  41.986 0.1250000000
41833  -21.039  -46.076  43.814 0.2500000000
41834  -21.467  -45.933  43.911 0.2500000000
41817  -19.651  -46.180  45.618 0.1250000000
42756  -19.894  -45.839  44.846 0.1250000000
43688  -18.105  -44.821  45.065 0.1250000000
42769  -18.916  -45.183  44.754 0.1250000000
41822  -21.647  -46.325  44.990 0.2500000000
42787  -19.789  -45.057  43.538 0.1250000000
43704  -19.276  -44.854  43.902 0.1250000000
42788  -20.341  -45.483  43.031 0.1250000000
41841  -20.764  -45.878  43.084 0.1250000000
44656  -17.807  -44.123  42.693 0.1250000000
43738  -19.623  -44.817  41.780 0.1250000000
42808  -20.918  -45.940  41.762 0.1250000000
71679  -33.950  -19.460  48.102 0.2500000000
70734  -35.571  -20.408  48.522 0.2500000000
69738  -35.520  -21.070  48.323 0.2500000000
68709  -34.683  -21.482  48.557 0.2500000000
141787  -31.052  -19.328  40.898 0.2500000000
76506  -38.330  -13.265  46.813 0.1250000000
72649  -35.808  -17.730  45.808 0.1250000000
70766  -34.659  -19.965  44.965 0.2500000000
70832  -30.498  -19.169  38.858 0.2500000000
69850  -28.741  -21.008  35.763 0.3750000000
75574  -32.831  -14.342  46.566 0.1250000000
73695  -37.528  -15.868  46.191 0.1250000000
143560  -34.680  -19.340  44.841 0.2500000000
69856  -28.176  -21.261  35.051 0.5000000000
79240  -36.755  -10.268  45.619 0.1250000000
80142  -39.643  -9.874  43.922 0.1250000000
74680  -37.769  -15.298  45.730 0.1250000000
77460  -30.224  -11.948  45.046 0.1250000000
74666  -36.993  -15.771  45.624 0.1250000000
137532  -34.990  -15.994  43.780 0.1250000000
138695  -34.064  -18.841  42.995 0.1250000000
70771  -34.264  -19.437  43.344 0.1250000000
74710  -30.364  -15.154  40.058 0.1250000000
77530  -28.246  -12.977  39.123 0.1250000000
75640  -29.637  -14.706  38.657 0.1250000000
74716  -30.519  -16.059  39.810 0.1250000000
81061  -37.384  -9.214  44.123 0.1250000000
78348  -40.929  -11.929  44.687 0.1250000000
79272  -42.078  -10.462  43.380 0.1250000000
75599  -37.549  -14.204  44.574 0.1250000000
125699  -34.653  -15.106  42.662 0.1250000000
72672  -33.865  -17.766  42.480 0.1250000000
76599  -28.288  -13.759  36.861 0.1250000000
75646  -28.886  -14.294  37.324 0.1250000000
75653  -28.596  -14.530  36.526 0.1250000000
74734  -29.637  -15.781  37.564 0.2500000000
73783  -28.858  -16.007  35.729 0.2500000000
73749  -29.892  -17.253  37.331 0.2500000000
73784  -29.264  -16.926  35.963 0.3750000000
126608  -28.912  -18.437  35.320 0.3750000000
72767  -29.657  -17.583  36.655 0.3750000000
77488  -38.186  -12.718  42.759 0.1250000000
119484  -28.565  -11.484  44.423 0.1250000000
120187  -26.895  -12.319  42.356 0.1250000000
77485  -27.230  -12.120  42.971 0.1250000000
75609  -34.869  -14.127  41.983 0.1250000000
77457  -27.087  -11.481  43.470 0.1250000000
76562  -35.910  -13.208  42.003 0.1250000000
77498  -25.167  -12.445  41.728 0.1250000000
81956  -37.451  -8.072  40.665 0.1250000000
77470  -26.526  -11.691  43.089 0.1250000000
77483  -25.630  -11.836  42.822 0.1250000000
77469  -25.969  -11.569  42.996 0.1250000000
56771  -38.969  -33.253  41.290 0.3750000000
56785  -38.689  -33.127  39.928 0.3750000000
56770  -38.386  -33.455  40.790 0.3750000000
56769  -37.823  -33.533  40.186 0.3750000000
121917  -38.974  -32.872  39.020 0.3750000000
56786  -39.577  -32.696  39.683 0.3750000000
53808  -7.536  -36.752  34.259 0.3750000000
54808  -8.977  -35.372  38.687 0.5000000000
123148  -9.452  -35.534  37.059 0.3750000000
57830  -39.429  -32.315  38.741 0.3750000000
54807  -8.177  -35.310  38.262 0.3750000000
54824  -8.628  -35.451  37.477 0.3750000000
141049  -8.771  -36.005  35.691 0.3750000000
131784  -9.100  -36.810  34.572 0.2500000000
57838  -39.184  -32.067  38.008 0.2500000000
54806  -6.955  -34.733  38.684 0.3750000000
121731  -7.168  -35.034  37.987 0.3750000000
54838  -8.491  -35.592  36.584 0.3750000000
53795  -8.354  -36.396  34.893 0.3750000000
54822  -6.785  -34.842  37.171 0.3750000000
54836  -6.555  -35.107  36.441 0.3750000000
54837  -7.332  -35.404  36.585 0.3750000000
53794  -7.165  -36.156  35.052 0.3750000000
119598  -6.360  -35.006  36.044 0.3750000000
53780  -6.178  -35.399  35.532 0.3750000000
137107  -6.083  -35.296  35.297 0.3750000000
127738  -39.780  -31.766  38.422 0.3750000000
54789  -6.788  -34.955  39.628 0.3750000000
120851  -39.178  -31.566  37.472 0.2500000000
137722  -6.600  -34.699  39.789 0.5000000000
56801  -5.474  -32.933  37.007 0.5000000000
140108  -5.847  -33.245  37.403 0.5000000000
55795  -6.023  -33.544  38.200 0.3750000000
54803  -6.147  -33.830  39.048 0.3750000000
54788  -6.594  -34.407  39.338 0.3750000000
54835  -6.351  -34.933  35.717 0.3750000000
57846  -39.774  -30.874  37.127 0.2500000000
126332  -38.842  -31.537  36.838 0.2500000000
57852  -38.556  -31.494  35.929 0.1250000000
58864  -39.414  -30.613  35.724 0.2500000000
57837  -5.311  -32.419  37.206 0.5000000000
58942  -43.209  -30.365  31.426 0.2500000000
60001  -43.625  -29.505  29.947 0.2500000000
60020  -43.989  -28.958  29.220 0.2500000000
67985  -47.140  -22.963  28.092 0.2500000000
67968  -48.343  -22.592  28.921 0.2500000000
67967  -47.626  -22.368  28.709 0.3750000000
67958  -48.820  -22.305  29.199 0.3750000000
68961  -48.969  -21.734  29.732 0.5000000000
68983  -46.662  -21.982  28.443 0.2500000000
137014  -48.430  -20.991  29.965 0.5000000000
69904  -47.996  -20.241  30.112 0.5000000000
69903  -46.801  -20.374  29.412 0.3750000000
70895  -47.307  -19.788  29.920 0.5000000000
70896  -47.947  -19.282  30.409 0.5000000000
133925  -45.974  -19.803  29.133 0.1250000000
70901  -46.546  -19.145  29.528 0.5000000000
71828  -47.179  -18.597  29.921 0.3750000000
123489  -47.783  -18.092  30.278 0.5000000000
74828  -47.929  -15.008  28.506 0.1250000000
74829  -48.447  -14.750  28.979 0.2500000000
75741  -49.571  -13.754  28.998 0.2500000000
69899  -49.487  -20.486  30.939 0.5000000000
70892  -49.177  -19.706  31.205 0.5000000000
69898  -48.644  -20.196  30.640 0.5000000000
143669  -48.979  -19.156  31.322 0.5000000000
72847  -49.812  -17.086  31.695 0.5000000000
71823  -48.300  -18.559  30.726 0.5000000000
72845  -48.376  -17.681  30.653 0.5000000000
72846  -49.000  -17.378  31.180 0.5000000000
73875  -50.064  -16.153  31.406 0.3750000000
70900  -45.794  -18.428  28.897 0.1250000000
71831  -46.537  -17.892  29.296 0.1250000000
72852  -47.233  -17.460  29.625 0.3750000000
72854  -48.494  -16.748  30.440 0.3750000000
73874  -49.194  -16.443  30.924 0.3750000000
74806  -49.399  -15.638  30.592 0.3750000000
72858  -46.793  -16.908  28.807 0.2500000000
73886  -47.949  -16.221  29.743 0.3750000000
73887  -48.617  -15.908  30.153 0.3750000000
74820  -49.649  -14.901  30.220 0.3750000000
72861  -45.928  -16.866  27.477 0.1250000000
72862  -46.475  -16.523  27.873 0.1250000000
73897  -47.513  -15.893  29.063 0.2500000000
74818  -48.067  -15.448  29.275 0.2500000000
75732  -49.181  -14.489  29.398 0.2500000000
75733  -49.967  -14.171  29.836 0.2500000000
75734  -50.826  -13.816  30.280 0.3750000000
76665  -51.635  -13.449  30.692 0.3750000000
73905  -47.064  -16.098  28.330 0.2500000000
76672  -50.391  -13.417  29.440 0.2500000000
76673  -51.167  -12.985  29.900 0.2500000000
84605  -53.271  -3.780  28.916 0.5000000000
55785  -5.686  -33.665  39.332 0.3750000000
56792  -5.632  -33.256  38.540 0.5000000000
54787  -5.981  -34.217  39.903 0.5000000000
56772  -39.682  -32.777  40.709 0.5000000000
71814  -49.409  -19.068  31.653 0.5000000000
71824  -48.838  -18.428  31.251 0.5000000000
74807  -50.259  -15.323  31.043 0.3750000000
75724  -50.503  -14.577  30.662 0.3750000000
136473  -49.173  -21.091  30.358 0.5000000000
119951  -10.187  -35.305  38.989 0.5000000000
136518  -38.996  -33.563  41.978 0.3750000000
137665  -39.097  -33.076  40.476 0.5000000000
58865  -40.184  -30.382  36.276 0.2500000000
77632  -51.603  -12.185  29.298 0.2500000000
127438  -7.346  -35.113  38.943 0.5000000000
57839  -39.768  -31.312  37.874 0.2500000000
56796  -38.995  -32.631  38.342 0.2500000000
120942  -9.187  -35.442  37.958 0.5000000000
54825  -10.142  -35.477  37.650 0.5000000000
54839  -9.706  -35.888  36.017 0.3750000000
54823  -7.764  -35.321  37.381 0.3750000000
54851  -7.802  -35.861  35.802 0.3750000000
56817  -38.712  -32.173  37.345 0.2500000000
54805  -6.976  -34.528  37.935 0.3750000000
124793  -6.978  -35.100  37.186 0.3750000000
54821  -6.600  -34.773  36.732 0.3750000000
53781  -6.782  -35.586  35.808 0.3750000000
54804  -6.646  -34.134  38.574 0.3750000000
54819  -6.343  -33.763  37.768 0.3750000000
54820  -6.909  -34.398  37.011 0.3750000000
57853  -39.204  -30.841  36.475 0.2500000000
58874  -39.738  -30.482  34.883 0.2500000000
68967  -48.169  -21.737  29.294 0.3750000000
69908  -47.198  -21.414  29.076 0.3750000000
68960  -47.639  -20.807  29.659 0.5000000000
70891  -48.627  -19.249  30.950 0.5000000000
74819  -48.887  -15.199  29.751 0.3750000000
72853  -47.829  -17.067  30.047 0.3750000000
71836  -46.153  -17.277  28.413 0.1250000000
72859  -47.367  -16.558  29.287 0.2500000000
45597  -3.515  -44.467  47.679 0.1250000000
45593  -4.404  -44.136  47.744 0.1250000000
44596  -5.253  -44.937  47.591 0.1250000000
46615  -3.301  -43.715  46.438 0.1250000000
121173  -4.002  -43.485  46.564 0.1250000000
44590  -5.662  -44.242  48.050 0.1250000000
42640  -5.919  -45.577  47.506 0.1250000000
42642  -7.184  -45.382  47.850 0.1250000000
47663  -3.587  -43.419  45.111 0.1250000000
48737  -4.061  -43.369  44.669 0.1250000000
119590  -8.349  -45.249  47.805 0.1250000000
48745  -4.245  -43.304  43.738 0.1250000000
49827  -5.114  -42.383  43.249 0.1250000000
49819  -5.056  -42.785  44.166 0.1250000000
42658  -9.446  -44.681  48.067 0.1250000000
48757  -4.635  -42.785  42.843 0.1250000000
141055  -5.265  -41.631  42.138 0.1250000000
123344  -5.177  -41.541  41.763 0.1250000000
49844  -5.073  -41.722  41.193 0.1250000000
50850  -5.054  -40.530  40.521 0.1250000000
50842  -5.156  -40.572  41.301 0.1250000000
49854  -5.093  -41.596  40.544 0.1250000000
50849  -5.115  -41.043  40.226 0.1250000000
50860  -5.299  -40.522  39.714 0.1250000000
49872  -5.196  -42.179  39.578 0.1250000000
49873  -5.378  -41.450  39.210 0.1250000000
50870  -5.441  -40.805  39.247 0.1250000000
135748  -4.590  -43.455  46.765 0.1250000000
46609  -4.669  -43.743  47.437 0.1250000000
46605  -5.376  -43.619  47.876 0.1250000000
45590  -5.453  -43.880  48.002 0.1250000000
48733  -4.699  -43.332  45.730 0.1250000000
47637  -4.940  -43.422  47.120 0.1250000000
46604  -5.015  -43.921  47.724 0.1250000000
144380  -5.921  -44.547  48.040 0.1250000000
43629  -6.706  -45.065  48.006 0.1250000000
50834  -5.239  -41.045  41.989 0.1250000000
49828  -5.404  -42.178  43.344 0.1250000000
42644  -9.082  -44.721  48.304 0.1250000000
50843  -5.409  -40.234  41.380 0.1250000000
121619  -9.520  -44.705  47.883 0.1250000000
50851  -5.385  -40.081  40.084 0.1250000000
125420  -5.469  -40.013  40.638 0.1250000000
50861  -5.701  -40.202  39.446 0.1250000000
51837  -6.046  -39.959  39.528 0.1250000000
50871  -5.739  -40.387  39.059 0.1250000000
50872  -6.190  -40.129  38.850 0.1250000000
51847  -6.632  -39.790  38.980 0.1250000000
48818  -4.966  -42.796  39.288 0.1250000000
48819  -5.330  -42.200  38.918 0.1250000000
49874  -5.682  -40.883  38.701 0.1250000000
50881  -6.604  -40.167  38.034 0.1250000000
50873  -6.731  -39.887  38.459 0.1250000000
48829  -5.162  -42.744  38.725 0.1250000000
49882  -5.566  -41.586  38.410 0.1250000000
131349  -6.116  -40.423  38.432 0.1250000000
50880  -6.465  -40.553  37.756 0.1250000000
50882  -7.021  -39.666  37.978 0.1250000000
47758  -5.232  -43.014  38.222 0.1250000000
49891  -5.755  -41.787  37.586 0.1250000000
49883  -6.047  -41.057  37.837 0.1250000000
50894  -6.744  -40.544  37.002 0.1250000000
126529  -6.980  -40.094  37.210 0.1250000000
50893  -6.544  -40.917  36.799 0.1250000000
142294  -5.129  -43.283  46.821 0.1250000000
45591  -6.141  -43.660  48.424 0.1250000000
43621  -7.289  -44.474  48.636 0.1250000000
48722  -4.463  -43.454  46.110 0.1250000000
48723  -5.206  -43.178  46.263 0.1250000000
43631  -8.274  -44.651  48.646 0.1250000000
142898  -4.897  -43.188  45.523 0.1250000000
131026  -5.718  -42.781  45.761 0.1250000000
42631  -8.908  -44.470  48.902 0.1250000000
49820  -5.676  -42.398  44.385 0.1250000000
121624  -5.409  -40.731  42.006 0.1250000000
51826  -6.001  -39.866  40.161 0.1250000000
46694  -4.848  -43.513  38.505 0.1250000000
47769  -5.350  -43.332  37.661 0.1250000000
48830  -5.457  -42.340  38.086 0.1250000000
50895  -6.965  -40.497  36.044 0.1250000000
49892  -6.177  -41.464  36.750 0.1250000000
49902  -6.004  -41.622  35.626 0.1250000000
50905  -6.288  -41.139  35.567 0.1250000000
47645  -5.035  -43.298  46.615 0.1250000000
126071  -6.145  -42.638  47.577 0.1250000000
46596  -6.190  -43.122  48.465 0.1250000000
45586  -6.662  -43.658  48.756 0.1250000000
49793  -5.976  -42.738  46.400 0.1250000000
48724  -5.920  -42.777  46.810 0.1250000000
49814  -6.107  -42.491  45.426 0.1250000000
50836  -5.763  -40.935  42.769 0.1250000000
50826  -5.874  -41.691  43.524 0.1250000000
50844  -6.146  -40.105  41.843 0.1250000000
136409  -5.701  -40.492  42.156 0.1250000000
51817  -6.041  -39.913  40.930 0.1250000000
51838  -6.633  -39.644  39.637 0.1250000000
51827  -6.714  -39.602  40.382 0.1250000000
121180  -7.205  -39.260  38.973 0.1250000000
51848  -7.043  -39.520  38.456 0.1250000000
50883  -7.501  -39.561  37.289 0.1250000000
48840  -5.644  -42.689  37.078 0.1250000000
47770  -5.707  -43.232  36.610 0.1250000000
50906  -6.597  -40.784  35.511 0.1250000000
48850  -5.852  -42.757  35.768 0.1250000000
50907  -6.697  -40.305  34.755 0.1250000000
49912  -5.501  -41.623  34.567 0.1250000000
142773  -5.930  -40.736  34.560 0.1250000000
133005  -6.589  -42.256  48.284 0.1250000000
44587  -7.780  -44.097  49.217 0.1250000000
48702  -6.742  -42.166  47.816 0.1250000000
141683  -6.279  -42.557  47.266 0.1250000000
50785  -7.054  -41.889  46.928 0.1250000000
50806  -7.249  -41.357  45.464 0.1250000000
50896  -7.456  -39.989  36.298 0.1250000000
46708  -5.900  -43.638  36.062 0.1250000000
138379  -5.896  -43.151  35.682 0.1250000000
49901  -5.864  -42.214  35.738 0.1250000000
50776  -7.520  -41.375  47.799 0.1250000000
126596  -6.919  -41.809  46.052 0.1250000000
51795  -9.011  -39.460  44.090 0.1250000000
51809  -8.975  -39.259  43.025 0.1250000000
51819  -7.726  -39.491  41.705 0.1250000000
51818  -6.856  -39.730  41.291 0.1250000000
51807  -7.013  -39.957  42.287 0.1250000000
121474  -8.583  -39.112  42.045 0.1250000000
51828  -7.533  -39.260  40.714 0.1250000000
50758  -31.258  -38.571  48.337 0.2500000000
120467  -8.144  -38.873  40.127 0.1250000000
123144  -7.325  -39.194  39.849 0.1250000000
51727  -32.401  -37.726  48.372 0.1250000000
141866  -7.722  -38.931  38.758 0.1250000000
50765  -33.039  -38.678  47.373 0.1250000000
51858  -8.186  -39.121  37.257 0.1250000000
50908  -7.230  -40.134  35.300 0.1250000000
50777  -7.765  -41.141  47.975 0.1250000000
49777  -7.055  -41.876  47.910 0.1250000000
143530  -7.415  -41.404  46.900 0.1250000000
50827  -6.400  -41.059  43.686 0.1250000000
50837  -6.355  -40.435  42.834 0.1250000000
51782  -10.353  -38.907  44.475 0.2500000000
51781  -9.600  -39.165  44.491 0.1250000000
51796  -9.847  -38.942  43.625 0.1250000000
142602  -10.696  -38.748  43.759 0.2500000000
121216  -9.898  -38.626  41.763 0.1250000000
51829  -8.380  -38.951  41.075 0.1250000000
51797  -11.342  -38.480  43.399 0.2500000000
121217  -10.610  -38.663  42.999 0.1250000000
51820  -9.904  -38.506  40.940 0.1250000000
135794  -9.153  -38.625  40.389 0.1250000000
51840  -8.727  -38.660  39.447 0.1250000000
51733  -32.955  -37.908  47.705 0.1250000000
51821  -10.542  -38.345  41.316 0.1250000000
51830  -9.996  -38.407  40.172 0.1250000000
51841  -9.654  -38.476  39.479 0.1250000000
51849  -8.351  -38.767  38.680 0.1250000000
51857  -7.589  -39.002  38.106 0.1250000000
50766  -33.959  -38.613  46.941 0.1250000000
120232  -9.255  -38.583  38.692 0.1250000000
120473  -8.864  -38.809  37.766 0.1250000000
51850  -9.935  -38.586  37.947 0.1250000000
51867  -8.200  -39.516  36.400 0.1250000000
52678  -33.730  -37.268  47.583 0.1250000000
51812  -11.309  -38.322  42.513 0.2500000000
52686  -34.420  -37.396  47.062 0.1250000000
52687  -35.348  -37.089  46.641 0.1250000000
51822  -11.237  -38.163  41.663 0.1250000000
51842  -10.707  -38.296  39.414 0.1250000000
121283  -34.685  -38.040  46.597 0.1250000000
140053  -10.068  -38.472  38.760 0.1250000000
50775  -35.244  -38.310  46.085 0.1250000000
51851  -10.764  -38.377  38.247 0.1250000000
123437  -9.021  -39.039  36.608 0.1250000000
49792  -36.054  -38.721  45.417 0.1250000000
50782  -35.589  -38.453  45.704 0.1250000000
51859  -9.888  -38.695  36.917 0.1250000000
50897  -7.998  -39.630  35.280 0.1250000000
52735  -12.006  -38.225  43.860 0.2500000000
52749  -12.042  -38.056  42.909 0.2500000000
52758  -12.002  -37.928  41.987 0.2500000000
52759  -12.583  -37.438  41.374 0.2500000000
52766  -11.873  -37.826  41.117 0.1250000000
144363  -11.187  -38.094  40.101 0.1250000000
51741  -35.739  -37.533  46.168 0.2500000000
52767  -12.479  -37.469  40.509 0.2500000000
51750  -36.036  -37.721  45.778 0.1250000000
50783  -36.411  -37.865  45.360 0.2500000000
51869  -9.803  -38.699  35.845 0.1250000000
51868  -8.920  -39.134  35.595 0.1250000000
50927  -8.074  -39.174  34.447 0.1250000000
51898  -7.675  -38.755  33.842 0.1250000000
50925  -6.372  -39.656  33.766 0.1250000000
51897  -6.937  -39.015  33.536 0.1250000000
50942  -6.048  -38.678  33.194 0.1250000000
50941  -5.506  -39.612  33.309 0.1250000000
50940  -4.730  -39.584  32.877 0.1250000000
51909  -4.729  -38.734  32.444 0.1250000000
143710  -4.010  -39.647  32.035 0.1250000000
51908  -4.347  -39.237  32.244 0.1250000000
51751  -36.863  -37.117  45.614 0.5000000000
133452  -38.271  -36.598  45.237 0.3750000000
51759  -37.583  -37.237  44.971 0.5000000000
52760  -13.170  -36.985  41.509 0.2500000000
52781  -12.230  -37.633  38.844 0.2500000000
51852  -11.570  -38.067  38.551 0.1250000000
51768  -38.124  -37.496  44.296 0.2500000000
51752  -37.227  -37.166  45.328 0.1250000000
52768  -13.131  -36.981  40.778 0.2500000000
52774  -13.013  -36.914  39.842 0.2500000000
129432  -12.667  -37.161  39.147 0.2500000000
51861  -11.465  -38.110  37.563 0.1250000000
51870  -10.699  -38.264  36.211 0.1250000000
51881  -8.658  -39.058  34.857 0.1250000000
51899  -8.556  -38.486  34.219 0.1250000000
51910  -5.097  -38.689  32.871 0.1250000000
51922  -4.178  -38.820  31.986 0.1250000000
52844  -4.585  -38.143  31.796 0.1250000000
52705  -37.937  -36.567  45.479 0.5000000000
51761  -38.744  -36.583  45.030 0.3750000000
51769  -38.617  -37.009  44.394 0.2500000000
53758  -13.289  -36.122  39.640 0.2500000000
53757  -12.937  -36.428  38.973 0.2500000000
52792  -12.165  -37.575  37.862 0.2500000000
52804  -11.856  -37.564  36.838 0.3750000000
51871  -11.270  -38.088  36.777 0.1250000000
51883  -10.238  -38.074  35.370 0.1250000000
51778  -38.768  -37.228  44.087 0.2500000000
54796  -13.049  -35.662  39.278 0.2500000000
54795  -12.513  -35.643  38.594 0.2500000000
53783  -11.947  -36.622  36.685 0.2500000000
52816  -10.909  -37.579  35.751 0.1250000000
51882  -9.400  -38.517  34.905 0.1250000000
52817  -11.478  -37.158  36.130 0.1250000000
122165  -10.366  -37.323  35.231 0.1250000000
52815  -9.747  -37.710  34.751 0.1250000000
51900  -9.184  -37.974  34.325 0.1250000000
52828  -8.577  -37.695  33.997 0.1250000000
51912  -7.966  -38.081  33.720 0.1250000000
51911  -7.101  -38.126  33.471 0.1250000000
52837  -4.697  -38.198  32.161 0.1250000000
52838  -5.056  -37.792  32.591 0.1250000000
52850  -4.715  -37.210  31.791 0.2500000000
52707  -38.743  -36.139  45.425 0.5000000000
54811  -11.779  -35.548  38.003 0.2500000000
54827  -11.910  -35.884  37.240 0.2500000000
54826  -11.128  -35.572  37.372 0.3750000000
54841  -11.354  -35.967  36.594 0.2500000000
53797  -10.968  -36.900  35.665 0.2500000000
54810  -10.814  -35.380  38.333 0.2500000000
53796  -9.749  -37.000  34.785 0.1250000000
52829  -9.183  -37.340  34.366 0.1250000000
54852  -9.370  -36.420  35.181 0.2500000000
52827  -7.795  -37.467  33.831 0.1250000000
53809  -8.483  -37.006  34.187 0.2500000000
52826  -6.832  -37.223  33.730 0.1250000000
52840  -6.248  -37.717  33.345 0.1250000000
52839  -5.480  -37.679  33.028 0.1250000000
128394  -5.644  -36.370  33.607 0.2500000000
53817  -5.236  -37.088  32.733 0.2500000000
53816  -5.065  -36.236  32.922 0.2500000000
53685  -38.879  -35.042  46.068 0.5000000000
53700  -39.479  -35.355  45.518 0.5000000000
52723  -39.336  -36.483  44.637 0.3750000000
53807  -6.329  -36.382  34.378 0.2500000000
53806  -5.448  -36.103  34.140 0.2500000000
52825  -6.063  -37.040  33.677 0.2500000000
132277  -5.747  -35.876  34.343 0.2500000000
52824  -5.431  -36.726  33.251 0.2500000000
53804  -5.395  -35.791  33.639 0.2500000000
53805  -5.265  -36.062  34.095 0.2500000000
53803  -5.204  -35.713  33.306 0.2500000000
54863  -5.110  -35.072  33.712 0.2500000000
56832  -4.548  -33.824  34.050 0.2500000000
55831  -4.815  -34.508  33.782 0.2500000000
54875  -4.820  -35.170  33.084 0.2500000000
56843  -4.392  -33.657  33.921 0.2500000000
53701  -40.180  -35.160  45.208 0.5000000000
53715  -39.851  -35.746  44.510 0.2500000000
53793  -6.285  -35.882  35.227 0.2500000000
53792  -5.969  -36.067  35.090 0.2500000000
53791  -5.393  -36.118  35.001 0.2500000000
144175  -5.810  -35.618  34.648 0.2500000000
56823  -4.920  -33.620  35.348 0.2500000000
54849  -5.291  -34.581  34.774 0.2500000000
53790  -5.209  -34.996  34.358 0.2500000000
55821  -4.773  -34.129  34.390 0.2500000000
54848  -5.071  -34.637  34.313 0.2500000000
54864  -5.238  -35.079  33.959 0.2500000000
57859  -4.657  -32.351  34.864 0.2500000000
136024  -4.687  -32.749  34.343 0.2500000000
131766  -4.640  -33.172  33.826 0.2500000000
141130  -5.855  -35.527  34.985 0.2500000000
55802  -6.171  -33.588  36.875 0.2500000000
54850  -5.862  -35.388  34.895 0.2500000000
134769  -5.672  -33.499  36.326 0.2500000000
119486  -5.640  -34.616  35.187 0.2500000000
56812  -5.186  -33.358  35.958 0.2500000000
57858  -4.520  -32.735  35.015 0.2500000000
58863  -4.786  -31.938  35.303 0.3750000000
59951  -6.708  -31.330  34.803 0.3750000000
72773  -45.936  -17.534  36.607 0.2500000000
72740  -46.773  -17.587  38.914 0.2500000000
72739  -45.945  -17.596  38.911 0.2500000000
72757  -46.481  -17.525  38.226 0.2500000000
140952  -47.216  -17.516  38.444 0.2500000000
138237  -44.856  -17.590  37.536 0.2500000000
126372  -45.433  -17.571  38.219 0.2500000000
72755  -43.994  -17.641  37.183 0.2500000000
72756  -45.709  -17.559  37.460 0.2500000000
72771  -43.672  -17.632  36.298 0.2500000000
72772  -44.830  -17.640  36.603 0.2500000000
72789  -45.392  -17.579  35.689 0.2500000000
72788  -44.277  -17.624  35.372 0.2500000000
136584  -44.458  -17.515  34.420 0.2500000000
71726  -43.532  -18.462  41.906 0.3750000000
72685  -44.734  -18.195  41.119 0.3750000000
72701  -45.336  -17.969  40.513 0.3750000000
72700  -44.609  -17.900  40.614 0.2500000000
141533  -45.073  -17.803  40.308 0.2500000000
72702  -46.024  -17.895  40.069 0.3750000000
71756  -47.016  -17.992  39.698 0.2500000000
72718  -45.496  -17.757  40.004 0.2500000000
72719  -46.215  -17.720  39.511 0.2500000000
72717  -44.636  -17.684  40.015 0.2500000000
72738  -45.098  -17.613  38.816 0.2500000000
120312  -44.325  -17.579  38.144 0.2500000000
72787  -43.120  -17.627  35.430 0.2500000000
72803  -43.539  -17.551  34.347 0.2500000000
72815  -44.283  -17.336  33.646 0.2500000000
72813  -42.717  -17.490  33.706 0.2500000000
72814  -43.476  -17.297  33.292 0.2500000000
77641  -51.656  -11.651  28.347 0.2500000000
80303  -48.116  -9.297  29.716 0.2500000000
78556  -52.404  -10.912  28.140 0.2500000000
81202  -49.121  -8.012  29.625 0.3750000000
123939  -48.331  -8.367  29.401 0.2500000000
82056  -48.560  -7.320  29.115 0.3750000000
82057  -49.305  -6.942  29.356 0.3750000000
82936  -48.716  -6.374  28.869 0.3750000000
82939  -51.028  -5.364  29.619 0.2500000000
82937  -48.845  -5.832  28.610 0.3750000000
83779  -49.526  -5.570  28.828 0.3750000000
82938  -50.205  -5.734  29.333 0.3750000000
83789  -48.972  -5.615  28.366 0.3750000000
83780  -50.337  -5.234  29.058 0.2500000000
83790  -49.657  -5.353  28.388 0.2500000000
83804  -50.325  -5.039  27.982 0.2500000000
119602  -49.500  -5.445  27.650 0.2500000000
84624  -51.948  -4.673  27.812 0.2500000000
85276  -9.111  -3.295  45.888 0.3750000000
85298  -9.831  -3.730  44.212 0.3750000000
85310  -10.205  -3.656  43.324 0.3750000000
85319  -10.356  -3.524  42.473 0.2500000000
85451  -54.046  -3.510  28.617 0.2500000000
84616  -53.496  -3.942  27.992 0.3750000000
84626  -53.821  -4.163  26.819 0.2500000000
84627  -54.680  -3.459  26.897 0.2500000000
85477  -55.120  -3.476  25.386 0.3750000000
130386  -55.842  -2.334  23.273 0.3750000000
86361  -55.128  -2.852  22.950 0.3750000000
86154  -8.493  -2.507  46.977 0.3750000000
85275  -8.555  -3.425  46.572 0.3750000000
85285  -9.402  -3.683  45.161 0.3750000000
86173  -9.852  -2.804  44.677 0.3750000000
85299  -10.229  -2.861  43.866 0.3750000000
143327  -10.199  -2.295  43.567 0.2500000000
86189  -10.418  -2.655  43.081 0.2500000000
86195  -10.483  -2.660  42.220 0.2500000000
87862  -8.089  -0.840  47.210 0.3750000000
87015  -8.651  -1.511  46.566 0.3750000000
139594  -8.702  -0.909  45.880 0.2500000000
86155  -8.994  -2.537  46.248 0.3750000000
87022  -9.155  -1.696  45.756 0.3750000000
87876  -8.893  -0.839  45.142 0.2500000000
86163  -9.442  -2.656  45.487 0.3750000000
87027  -9.527  -1.732  44.928 0.2500000000
86188  -9.883  -1.872  44.020 0.3750000000
87039  -10.095  -1.786  43.254 0.2500000000
87038  -9.551  -1.184  43.456 0.2500000000
128287  -10.352  -1.813  42.002 0.2500000000
87007  -7.375  -1.198  48.504 0.3750000000
88781  -6.915  0.263  48.263 0.3750000000
87861  -7.407  -0.401  47.886 0.3750000000
87868  -7.534  0.032  46.879 0.3750000000
87869  -8.175  -0.454  46.347 0.3750000000
87875  -8.169  -0.248  45.459 0.2500000000
87883  -8.231  -0.162  44.606 0.2500000000
87884  -9.108  -0.798  44.171 0.2500000000
87892  -8.978  -0.492  43.259 0.2500000000
122776  -9.729  -1.081  42.621 0.2500000000
87904  -8.977  -0.229  42.623 0.2500000000
87056  -10.054  -1.084  41.823 0.2500000000
87850  -10.785  -0.163  49.689 0.3750000000
87859  -11.152  -0.342  48.769 0.3750000000
88768  -6.608  0.763  50.117 0.3750000000
87856  -6.671  0.307  48.994 0.3750000000
88787  -6.613  1.242  47.026 0.2500000000
88795  -6.667  1.231  46.117 0.3750000000
88802  -7.043  0.736  45.541 0.2500000000
88809  -7.661  0.393  44.217 0.2500000000
87891  -8.281  -0.035  43.761 0.2500000000
89636  -6.979  1.243  44.317 0.1250000000
88808  -7.306  0.895  43.849 0.2500000000
88816  -7.746  0.581  43.421 0.1250000000
87903  -8.351  0.196  43.008 0.2500000000
88826  -8.495  0.384  42.267 0.1250000000
88836  -8.684  0.530  41.460 0.1250000000
89590  -8.775  1.160  52.346 0.3750000000
88763  -9.366  0.370  52.238 0.3750000000
88770  -10.478  0.674  51.134 0.3750000000
88771  -10.824  0.824  50.581 0.3750000000
143912  -11.132  0.134  49.266 0.3750000000
89613  -11.656  1.314  48.981 0.3750000000
89592  -8.801  2.123  52.121 0.3750000000
88782  -11.500  0.484  48.709 0.3750000000
88790  -11.852  0.528  47.911 0.3750000000
88761  -7.174  0.684  51.550 0.3750000000
89591  -7.304  1.614  51.166 0.3750000000
87864  -11.970  0.075  47.355 0.3750000000
88803  -12.429  0.351  46.532 0.3750000000
88769  -6.830  1.196  50.612 0.3750000000
89598  -6.935  1.971  50.236 0.3750000000
89631  -13.406  1.209  45.177 0.3750000000
88775  -6.527  1.135  49.132 0.3750000000
89605  -6.574  1.799  49.007 0.3750000000
88780  -6.576  1.100  48.081 0.3750000000
90401  -6.591  2.333  47.956 0.2500000000
89618  -6.488  1.830  47.544 0.2500000000
90406  -6.567  2.387  47.200 0.3750000000
89622  -6.477  1.841  46.690 0.2500000000
90411  -6.579  2.485  46.380 0.2500000000
89628  -6.540  1.781  45.813 0.2500000000
90417  -6.591  2.362  45.439 0.2500000000
125238  -7.196  0.784  44.688 0.2500000000
89629  -6.817  1.209  45.229 0.2500000000
89650  -7.092  1.422  42.711 0.1250000000
133397  -7.822  0.785  42.662 0.1250000000
88825  -7.351  1.252  42.279 0.1250000000
89656  -7.266  1.442  41.318 0.1250000000
88843  -8.031  1.113  40.974 0.1250000000
88844  -8.850  0.652  40.607 0.1250000000
89594  -10.290  1.431  51.674 0.3750000000
89599  -10.842  1.640  50.986 0.3750000000
89600  -11.173  1.342  50.320 0.3750000000
90398  -11.743  2.447  49.661 0.3750000000
89614  -12.081  1.948  48.464 0.3750000000
90383  -7.481  2.355  50.740 0.3750000000
90396  -7.405  2.809  49.624 0.3750000000
90395  -7.013  2.556  49.127 0.3750000000
90407  -6.766  2.755  47.623 0.2500000000
139569  -6.724  2.801  46.976 0.2500000000
90418  -6.721  2.873  45.845 0.2500000000
91181  -6.836  2.906  45.042 0.1250000000
91182  -7.296  3.347  44.630 0.1250000000
90423  -6.686  2.314  44.441 0.1250000000
121968  -6.815  1.738  42.791 0.1250000000
89649  -6.933  1.599  42.017 0.1250000000
89655  -6.734  1.839  41.136 0.1250000000
89663  -6.931  1.704  40.553 0.1250000000
90451  -6.597  2.484  39.742 0.1250000000
89671  -6.917  1.724  39.815 0.1250000000
89679  -6.947  1.759  39.020 0.1250000000
89680  -7.468  1.549  38.715 0.1250000000
90390  -11.131  2.939  51.029 0.3750000000
90397  -11.368  2.161  50.359 0.3750000000
90386  -10.469  2.490  51.595 0.3750000000
91148  -12.035  3.124  49.523 0.3750000000
90403  -12.124  2.648  48.939 0.3750000000
131033  -9.894  3.335  51.868 0.3750000000
90384  -8.227  2.876  51.322 0.3750000000
91141  -8.267  3.493  50.745 0.3750000000
91153  -7.348  2.944  49.019 0.3750000000
139217  -7.570  3.580  47.022 0.1250000000
91168  -7.242  3.441  46.348 0.1250000000
91175  -7.833  3.731  45.370 0.1250000000
91174  -7.032  3.259  45.651 0.1250000000
91183  -8.039  3.743  44.197 0.1250000000
91190  -6.970  2.911  43.969 0.1250000000
91192  -8.315  3.740  43.348 0.1250000000
91191  -7.550  3.360  43.405 0.1250000000
90435  -6.715  2.319  42.376 0.1250000000
138677  -6.662  1.885  41.934 0.1250000000
91950  -9.082  3.961  42.816 0.1250000000
91201  -8.088  3.617  42.583 0.1250000000
91205  -7.346  3.343  41.440 0.1250000000
90438  -6.662  2.371  41.479 0.1250000000
90444  -6.632  2.417  40.611 0.1250000000
91202  -8.572  3.814  41.904 0.1250000000
125861  -7.848  3.567  41.850 0.1250000000
129230  -6.842  2.990  41.032 0.1250000000
121455  -9.643  4.127  41.890 0.1250000000
91207  -8.908  3.914  41.270 0.1250000000
91212  -8.755  3.852  40.537 0.1250000000
91210  -7.284  3.400  40.608 0.1250000000
91209  -6.776  3.048  40.181 0.1250000000
91216  -6.832  3.088  39.339 0.1250000000
89670  -6.659  1.990  39.336 0.1250000000
91213  -9.554  4.026  40.107 0.1250000000
91211  -7.888  3.642  40.177 0.1250000000
91217  -7.226  3.405  39.793 0.1250000000
90457  -6.648  2.528  38.911 0.1250000000
89678  -6.717  2.012  38.480 0.1250000000
91218  -8.627  3.794  39.598 0.1250000000
121513  -7.760  3.598  39.485 0.1250000000
91219  -9.589  3.997  39.318 0.1250000000
91147  -11.668  3.074  50.216 0.3750000000
91140  -10.959  4.069  51.382 0.3750000000
91905  -12.025  4.675  50.352 0.3750000000
91143  -12.091  3.831  49.893 0.3750000000
91138  -9.359  4.181  51.626 0.3750000000
91137  -8.709  3.669  51.374 0.3750000000
91902  -8.437  3.984  50.288 0.2500000000
131087  -7.943  3.396  49.467 0.2500000000
91154  -7.729  3.402  48.711 0.1250000000
91924  -8.157  3.868  46.380 0.1250000000
139305  -8.998  4.111  45.646 0.1250000000
91932  -8.864  4.052  44.701 0.1250000000
91942  -8.968  4.044  43.791 0.1250000000
91951  -9.905  4.217  43.476 0.1250000000
91960  -10.749  4.338  42.245 0.1250000000
91967  -10.586  4.272  41.341 0.1250000000
91966  -9.634  4.112  40.935 0.1250000000
91977  -10.462  4.217  40.464 0.1250000000
91987  -11.291  4.283  39.823 0.1250000000
127068  -10.273  4.153  39.758 0.1250000000
91986  -10.486  4.119  39.070 0.1250000000
133589  -11.038  6.449  51.416 0.2500000000
94094  -11.854  7.550  50.753 0.1250000000
93436  -10.210  6.610  51.545 0.1250000000
92655  -11.905  6.196  50.876 0.2500000000
93439  -12.237  6.950  50.580 0.2500000000
130614  -12.502  6.368  50.242 0.2500000000
92652  -10.507  5.981  51.575 0.3750000000
92654  -11.260  5.660  51.316 0.2500000000
139401  -11.852  5.381  50.770 0.2500000000
92651  -9.766  5.855  51.576 0.2500000000
91901  -9.764  4.973  51.660 0.3750000000
91904  -11.439  4.801  51.093 0.3750000000
92657  -12.432  5.532  50.088 0.3750000000
91900  -9.337  5.121  51.346 0.3750000000
92653  -9.376  5.923  51.153 0.2500000000
91903  -9.021  5.026  50.894 0.3750000000
92656  -9.216  5.851  50.642 0.1250000000
91907  -8.892  4.787  50.073 0.1250000000
91912  -9.009  4.606  49.024 0.1250000000
92670  -9.576  5.223  48.534 0.1250000000
91911  -8.419  3.960  48.413 0.1250000000
131278  -9.226  4.509  48.048 0.1250000000
91925  -9.289  4.268  46.546 0.1250000000
121431  -10.160  4.501  45.806 0.1250000000
91933  -9.734  4.234  45.045 0.1250000000
91944  -10.593  4.561  44.810 0.1250000000
91943  -9.791  4.246  44.294 0.1250000000
91945  -11.207  4.721  44.056 0.1250000000
122903  -10.067  4.205  42.737 0.1250000000
91968  -11.548  4.498  41.664 0.1250000000
91979  -12.222  4.725  41.059 0.1250000000
91978  -11.435  4.380  40.789 0.1250000000
119678  -12.120  4.527  40.323 0.1250000000
91998  -11.635  4.184  38.750 0.1250000000
91997  -10.439  4.000  38.097 0.1250000000
92013  -11.613  4.061  37.724 0.1250000000
94091  -10.654  7.718  51.254 0.1250000000
123268  -11.423  8.100  50.815 0.1250000000
94825  -9.999  7.909  51.237 0.1250000000
94828  -10.653  8.315  50.982 0.1250000000
93435  -9.569  6.752  51.290 0.1250000000
93440  -9.282  6.774  50.604 0.1250000000
139783  -9.360  6.217  49.989 0.1250000000
93444  -9.477  6.911  49.767 0.1250000000
92663  -9.744  6.132  48.954 0.1250000000
94099  -9.914  7.072  48.813 0.1250000000
91919  -9.909  5.025  47.634 0.1250000000
93450  -10.240  6.393  47.934 0.1250000000
92678  -10.482  5.628  47.100 0.1250000000
91926  -10.129  4.789  46.778 0.1250000000
92685  -10.784  5.150  46.173 0.1250000000
91934  -10.908  4.878  45.443 0.1250000000
92702  -11.786  5.293  44.096 0.1250000000
92694  -12.040  5.862  44.165 0.1250000000
91953  -11.802  4.892  43.357 0.1250000000
92703  -12.357  5.683  43.331 0.1250000000
91961  -11.655  4.641  42.538 0.1250000000
93484  -12.699  6.213  42.713 0.1250000000
91969  -12.242  4.910  41.920 0.1250000000
92717  -12.654  5.595  42.202 0.1250000000
120346  -11.369  8.808  50.572 0.1250000000
94829  -12.070  8.689  50.365 0.1250000000
94827  -9.944  8.516  50.867 0.1250000000
95588  -10.671  8.848  50.687 0.1250000000
94089  -9.561  7.491  51.128 0.1250000000
94826  -9.307  8.503  50.384 0.1250000000
95592  -9.526  9.371  50.024 0.1250000000
93437  -9.288  7.196  50.922 0.1250000000
94092  -9.314  7.792  50.705 0.1250000000
136457  -9.179  8.100  50.266 0.1250000000
94831  -8.790  9.195  48.956 0.1250000000
95598  -8.362  9.813  47.460 0.1250000000
94095  -9.258  7.571  50.361 0.1250000000
94098  -9.329  7.741  49.528 0.1250000000
94836  -8.974  8.616  49.094 0.1250000000
94835  -8.707  9.346  48.191 0.1250000000
94837  -8.483  9.400  47.257 0.1250000000
94103  -9.568  7.958  48.530 0.1250000000
131882  -8.975  8.827  48.062 0.1250000000
137511  -8.960  8.925  47.437 0.1250000000
94843  -8.234  9.427  46.197 0.1250000000
94838  -9.691  8.287  47.440 0.1250000000
94844  -9.056  8.920  46.768 0.1250000000
93456  -10.668  6.543  46.980 0.1250000000
94104  -10.216  7.273  47.783 0.1250000000
94845  -10.074  8.358  46.362 0.1250000000
94851  -9.261  8.865  45.716 0.1250000000
92679  -11.052  5.916  46.228 0.1250000000
92686  -11.261  5.453  45.493 0.1250000000
93461  -11.455  6.185  45.425 0.1250000000
91935  -11.318  5.027  44.807 0.1250000000
92693  -11.667  5.682  44.786 0.1250000000
93467  -12.194  6.403  43.872 0.1250000000
94133  -12.252  7.111  43.476 0.1250000000
140093  -12.343  7.541  42.703 0.1250000000
94142  -12.640  6.888  42.729 0.1250000000
140161  -12.705  7.253  42.130 0.1250000000
94891  -12.380  7.899  41.809 0.1250000000
94901  -12.038  8.405  41.028 0.1250000000
129195  -12.717  7.827  40.883 0.1250000000
92728  -12.697  5.316  41.268 0.1250000000
92718  -12.965  5.905  41.430 0.1250000000
94150  -12.903  7.231  41.403 0.1250000000
93490  -13.113  6.513  41.040 0.1250000000
94160  -12.960  7.786  40.074 0.1250000000
92729  -13.118  5.803  40.689 0.1250000000
93499  -13.350  6.484  40.202 0.1250000000
123157  -12.372  4.542  39.566 0.1250000000
92738  -12.775  5.099  40.289 0.1250000000
91999  -12.695  4.542  38.730 0.1250000000
125460  -12.329  4.273  38.128 0.1250000000
96348  -12.249  10.707  49.669 0.1250000000
96349  -12.952  10.591  49.645 0.1250000000
97065  -10.495  10.509  49.325 0.1250000000
96344  -11.899  10.000  49.931 0.1250000000
95589  -12.080  9.440  50.109 0.1250000000
96353  -13.347  10.325  49.388 0.1250000000
96351  -9.044  10.292  48.683 0.1250000000
97076  -8.535  10.591  47.338 0.1250000000
96357  -8.133  10.215  46.911 0.1250000000
95601  -8.007  9.851  46.517 0.1250000000
95606  -7.755  9.764  45.574 0.1250000000
95612  -7.495  9.723  44.138 0.1250000000
94858  -7.972  9.128  44.314 0.1250000000
94868  -7.790  8.934  43.493 0.1250000000
94111  -10.519  7.486  46.764 0.1250000000
94118  -10.831  7.653  45.855 0.1250000000
94852  -10.395  8.349  45.464 0.1250000000
140507  -7.654  8.835  42.835 0.1250000000
94112  -11.042  6.756  46.074 0.1250000000
94860  -10.009  8.661  44.958 0.1250000000
94869  -8.921  8.819  43.846 0.1250000000
138818  -11.074  7.837  45.200 0.1250000000
94861  -10.785  8.284  44.730 0.1250000000
94870  -10.220  8.613  44.125 0.1250000000
122281  -9.954  8.715  43.208 0.1250000000
94878  -8.248  8.764  42.331 0.1250000000
94119  -11.428  7.043  45.177 0.1250000000
131352  -11.427  7.638  44.590 0.1250000000
94871  -11.261  8.141  44.029 0.1250000000
121022  -11.045  8.439  43.304 0.1250000000
94880  -10.775  8.606  42.504 0.1250000000
94888  -9.010  8.893  41.705 0.1250000000
93466  -11.806  6.348  44.626 0.1250000000
134478  -11.759  7.529  43.959 0.1250000000
94132  -11.821  7.853  43.361 0.1250000000
94141  -11.745  8.195  42.594 0.1250000000
94890  -11.475  8.480  41.783 0.1250000000
119535  -9.703  8.984  41.006 0.1250000000
133330  -12.440  8.264  40.365 0.1250000000
94910  -12.432  8.387  39.613 0.1250000000
92739  -13.343  5.740  39.798 0.1250000000
93507  -13.586  6.431  39.319 0.1250000000
94176  -13.381  7.173  39.719 0.1250000000
91988  -13.115  5.104  39.305 0.1250000000
92014  -12.615  4.226  37.367 0.1250000000
97066  -11.398  11.071  49.255 0.1250000000
97067  -12.326  11.413  49.404 0.1250000000
97071  -10.384  10.989  48.729 0.1250000000
96350  -13.583  11.081  49.433 0.1250000000
97069  -13.992  11.880  49.447 0.1250000000
97070  -9.512  10.807  48.329 0.1250000000
96355  -8.874  10.566  47.976 0.1250000000
97081  -8.857  11.052  47.062 0.1250000000
97086  -8.079  10.633  45.758 0.1250000000
96359  -7.732  10.238  45.292 0.1250000000
95605  -7.571  9.929  45.047 0.1250000000
94867  -7.342  8.968  43.130 0.1250000000
94877  -7.218  8.933  42.224 0.1250000000
94887  -7.846  8.813  41.736 0.1250000000
94898  -8.295  8.932  41.084 0.1250000000
94900  -11.602  8.703  40.165 0.1250000000
94909  -11.582  8.837  39.226 0.1250000000
94921  -12.323  8.496  38.594 0.1250000000
94175  -13.091  7.848  39.201 0.1250000000
92000  -13.361  4.994  38.433 0.1250000000
94190  -13.571  7.140  38.830 0.1250000000
128641  -12.930  4.511  38.058 0.1250000000
97073  -11.989  11.713  48.969 0.1250000000
97072  -11.086  11.458  48.543 0.1250000000
97771  -12.548  12.290  48.777 0.1250000000
97078  -10.963  11.659  47.819 0.1250000000
124602  -10.212  11.451  47.456 0.1250000000
97087  -8.707  11.107  46.233 0.1250000000
97094  -8.622  11.114  45.274 0.1250000000
130087  -7.916  10.559  44.939 0.1250000000
96367  -7.668  10.388  44.067 0.1250000000
95639  -7.253  8.987  41.396 0.1250000000
120299  -7.619  9.143  40.480 0.1250000000
94899  -10.378  8.996  40.273 0.1250000000
95640  -9.016  9.102  40.316 0.1250000000
94908  -10.832  9.018  39.624 0.1250000000
139062  -11.393  8.959  38.484 0.1250000000
92749  -13.590  5.690  38.871 0.1250000000
92015  -13.413  4.690  37.582 0.1250000000
97770  -11.786  11.933  48.303 0.1250000000
98407  -13.089  12.964  48.407 0.1250000000
141291  -12.362  12.423  48.139 0.1250000000
97083  -10.856  11.771  46.970 0.1250000000
97089  -10.833  11.830  45.796 0.1250000000
97088  -9.644  11.457  45.600 0.1250000000
97783  -11.273  12.092  44.687 0.1250000000
97095  -9.658  11.465  44.478 0.1250000000
97093  -8.499  11.050  44.285 0.1250000000
97096  -10.447  11.718  44.943 0.1250000000
97107  -10.212  11.688  43.585 0.1250000000
97105  -8.235  10.917  43.335 0.1250000000
96376  -7.352  10.140  43.176 0.1250000000
97793  -11.541  12.420  43.732 0.1250000000
97106  -9.360  11.406  43.495 0.1250000000
96383  -7.187  9.531  42.823 0.1250000000
97792  -10.870  12.069  43.176 0.1250000000
97116  -9.106  11.415  42.603 0.1250000000
97115  -7.766  10.724  42.383 0.1250000000
96391  -6.973  10.075  41.915 0.1250000000
96390  -6.955  9.464  41.986 0.1250000000
120542  -6.902  9.407  41.183 0.1250000000
136969  -7.049  9.296  41.107 0.1250000000
95648  -9.784  9.210  39.591 0.1250000000
95656  -10.533  9.236  38.877 0.1250000000
94189  -13.142  7.800  38.258 0.1250000000
92760  -13.835  5.503  37.840 0.1250000000
93514  -13.797  6.379  38.381 0.1250000000
94206  -13.705  7.099  37.912 0.1250000000
97776  -11.616  12.171  46.361 0.1250000000
128455  -11.816  12.180  47.387 0.1250000000
97777  -12.399  12.625  46.411 0.1250000000
98416  -13.074  13.237  46.616 0.1250000000
98421  -12.858  13.166  45.582 0.1250000000
98422  -13.374  13.859  45.907 0.1250000000
99024  -14.110  14.874  47.010 0.1250000000
97780  -12.068  12.453  45.200 0.1250000000
127075  -13.685  14.472  46.213 0.1250000000
99655  -14.113  15.941  46.506 0.1250000000
98425  -12.685  13.292  44.601 0.1250000000
98426  -13.162  13.903  45.011 0.1250000000
99029  -13.495  14.666  45.388 0.1250000000
97794  -12.184  12.841  44.101 0.1250000000
99033  -12.872  14.108  44.256 0.1250000000
97801  -11.382  12.710  42.776 0.1250000000
97126  -9.880  11.886  42.060 0.1250000000
97125  -8.828  11.477  41.790 0.1250000000
97800  -10.680  12.321  42.381 0.1250000000
97124  -7.597  10.889  41.469 0.1250000000
97805  -10.363  12.555  41.666 0.1250000000
97123  -6.846  9.998  41.153 0.1250000000
96396  -6.850  9.754  40.433 0.1250000000
95638  -7.078  9.467  40.320 0.1250000000
95646  -7.678  9.423  39.584 0.1250000000
129064  -13.751  7.140  37.113 0.1250000000
93532  -13.992  6.807  36.472 0.1250000000
99025  -14.549  15.648  47.586 0.1250000000
129342  -13.825  15.090  46.064 0.1250000000
130107  -12.877  14.916  44.169 0.1250000000
98434  -12.004  13.122  43.231 0.1250000000
98435  -12.473  13.604  43.743 0.1250000000
98443  -11.081  13.754  41.936 0.1250000000
98442  -10.538  13.314  41.505 0.1250000000
97815  -9.922  12.870  41.042 0.1250000000
97804  -9.576  12.093  41.323 0.1250000000
97814  -9.138  12.479  40.742 0.1250000000
97813  -8.170  12.300  40.366 0.1250000000
97133  -8.549  11.684  41.014 0.1250000000
97812  -7.195  11.722  39.873 0.1250000000
120404  -7.393  11.111  40.624 0.1250000000
96401  -6.880  9.848  39.641 0.1250000000
97138  -6.830  11.210  39.377 0.1250000000
97132  -6.911  10.538  40.192 0.1250000000
96406  -6.825  10.503  39.138 0.1250000000
95645  -7.272  9.721  39.289 0.1250000000
96407  -7.044  10.193  38.831 0.1250000000
95653  -7.916  9.685  38.761 0.1250000000
125334  -8.395  9.488  39.024 0.1250000000
95655  -9.860  9.515  38.322 0.1250000000
94920  -11.618  8.877  37.778 0.1250000000
94205  -13.228  7.724  37.333 0.1250000000
94220  -13.388  7.611  36.399 0.1250000000
98440  -12.140  13.937  42.997 0.1250000000
98439  -11.591  13.455  42.526 0.1250000000
99042  -11.527  14.307  42.423 0.1250000000
99043  -11.946  14.829  43.033 0.1250000000
140313  -10.546  14.003  41.522 0.1250000000
98449  -9.878  13.795  41.046 0.1250000000
124154  -9.063  13.914  40.640 0.1250000000
99052  -8.424  14.435  40.516 0.1250000000
98446  -7.537  12.921  39.786 0.1250000000
98447  -8.426  13.408  40.291 0.1250000000
97822  -6.905  12.426  39.314 0.1250000000
97149  -6.689  11.540  38.286 0.1250000000
95662  -8.208  9.990  37.985 0.1250000000
129194  -10.709  9.293  38.021 0.1250000000
95673  -11.190  9.494  36.368 0.1250000000
94933  -12.476  8.345  37.583 0.1250000000
94932  -11.810  8.906  36.898 0.1250000000
94944  -12.617  8.287  36.661 0.1250000000
94954  -13.279  7.756  35.631 0.1250000000
99673  -11.094  15.305  42.538 0.1250000000
122672  -10.155  15.297  42.022 0.1250000000
123934  -10.030  14.607  41.489 0.1250000000
99045  -9.207  14.608  41.005 0.1250000000
99051  -7.610  14.152  39.962 0.1250000000
98457  -6.995  13.511  39.356 0.1250000000
96413  -7.788  10.437  37.656 0.1250000000
96414  -8.531  10.318  37.316 0.1250000000
137759  -8.927  9.979  37.625 0.1250000000
95663  -9.840  9.736  37.593 0.1250000000
95664  -10.912  9.376  37.203 0.1250000000
100362  -10.909  16.078  43.083 0.1250000000
144346  -9.380  15.822  42.125 0.1250000000
97821  -6.634  12.115  38.685 0.1250000000
97150  -6.913  11.420  37.750 0.1250000000
99062  -6.636  13.890  38.810 0.1250000000
47619  -5.784  -43.172  48.092 0.1250000000
51742  -36.416  -37.045  46.006 0.2500000000
44586  -7.056  -43.988  48.865 0.1250000000
48703  -6.884  -41.819  48.514 0.1250000000
50807  -7.639  -40.845  45.500 0.1250000000
50786  -7.510  -41.404  47.551 0.1250000000
51780  -9.088  -39.538  44.997 0.1250000000
54711  -39.980  -35.181  44.466 0.3750000000
72684  -43.996  -18.131  41.178 0.3750000000
78557  -53.082  -10.390  27.932 0.2500000000
84625  -52.838  -4.534  27.327 0.2500000000
84602  -50.649  -4.935  28.761 0.2500000000
88760  -6.719  0.305  51.024 0.3750000000
87834  -9.695  -0.338  51.651 0.3750000000
138779  -10.203  0.018  51.209 0.3750000000
88776  -10.543  0.086  50.546 0.3750000000
88762  -7.906  1.115  52.117 0.3750000000
50787  -7.710  -41.026  47.278 0.1250000000
125749  -38.973  -35.626  45.621 0.5000000000
54773  -12.475  -35.156  39.543 0.2500000000
57850  -4.666  -32.206  35.415 0.2500000000
52706  -38.390  -36.127  45.568 0.5000000000
134197  -8.936  -44.737  48.328 0.1250000000
121241  -10.478  -35.687  36.720 0.2500000000
123096  -5.102  -32.788  36.368 0.2500000000
56811  -4.679  -32.919  35.618 0.2500000000
54834  -6.336  -34.188  36.242 0.2500000000
141062  -3.927  -44.031  47.554 0.1250000000
45603  -2.852  -44.366  47.103 0.1250000000
46612  -3.518  -43.785  47.204 0.1250000000
46619  -3.151  -43.644  45.481 0.1250000000
47653  -3.773  -43.517  45.821 0.1250000000
45594  -4.957  -44.033  47.754 0.1250000000
44591  -6.533  -44.514  48.304 0.1250000000
42643  -8.058  -45.017  48.186 0.1250000000
48732  -4.093  -43.461  45.408 0.1250000000
48746  -4.613  -43.093  43.982 0.1250000000
48738  -4.579  -43.173  45.003 0.1250000000
48758  -4.719  -42.806  43.206 0.1250000000
48771  -5.092  -42.211  42.416 0.1250000000
48770  -4.804  -42.414  42.037 0.1250000000
49834  -5.333  -41.851  42.547 0.1250000000
125818  -5.066  -41.085  41.091 0.1250000000
128571  -5.131  -40.183  40.785 0.1250000000
49864  -5.199  -41.573  39.893 0.1250000000
48701  -5.549  -43.093  47.295 0.1250000000
130018  -5.297  -43.388  47.567 0.1250000000
49804  -5.419  -42.997  45.864 0.1250000000
44585  -6.313  -44.080  48.432 0.1250000000
49813  -5.256  -42.866  45.217 0.1250000000
129981  -5.856  -42.037  36.743 0.1250000000
49805  -6.375  -42.436  46.215 0.1250000000
50814  -6.567  -41.811  44.719 0.1250000000
47630  -5.917  -42.851  47.904 0.1250000000
49794  -6.541  -42.365  46.919 0.1250000000
48713  -6.715  -42.237  47.367 0.1250000000
51839  -7.890  -38.895  39.310 0.1250000000
120894  -9.308  -38.865  42.177 0.1250000000
141575  -32.131  -38.967  47.623 0.1250000000
51810  -9.857  -38.798  42.611 0.1250000000
51811  -10.568  -38.485  42.143 0.1250000000
120474  -9.227  -38.756  41.407 0.1250000000
51831  -10.574  -38.262  40.484 0.1250000000
51734  -33.779  -38.027  47.215 0.1250000000
139242  -11.181  -38.066  40.838 0.1250000000
51860  -10.710  -38.412  37.252 0.1250000000
51832  -11.793  -37.845  40.281 0.2500000000
51843  -11.676  -37.969  39.475 0.1250000000
52773  -12.352  -37.560  39.677 0.2500000000
52782  -12.579  -37.081  38.435 0.2500000000
53764  -12.640  -36.398  38.133 0.2500000000
52805  -12.309  -37.081  37.251 0.2500000000
53773  -12.344  -36.449  37.445 0.2500000000
52836  -4.933  -37.106  32.274 0.2500000000
54840  -10.764  -36.224  36.015 0.2500000000
54853  -10.239  -36.599  35.395 0.2500000000
57867  -4.538  -33.049  34.332 0.2500000000
56822  -4.638  -33.488  34.828 0.2500000000
55810  -5.371  -34.020  35.406 0.2500000000
55822  -4.982  -34.108  34.867 0.2500000000
139955  -5.866  -33.993  35.844 0.2500000000
123560  -45.327  -17.654  39.449 0.2500000000
130300  -49.408  -6.049  29.146 0.3750000000
88788  -6.966  0.568  47.415 0.3750000000
88796  -6.958  0.703  46.436 0.3750000000
87874  -7.501  0.224  45.908 0.3750000000
87882  -7.560  0.303  45.035 0.3750000000
87913  -9.374  -0.290  41.888 0.2500000000
129761  -11.160  0.662  49.767 0.3750000000
89597  -6.643  1.567  49.722 0.3750000000
89643  -7.069  1.340  43.424 0.1250000000
89642  -6.808  1.715  43.859 0.1250000000
88835  -7.905  0.970  41.846 0.1250000000
89593  -9.592  1.305  52.187 0.3750000000
88764  -10.027  0.505  51.707 0.3750000000
123346  -9.723  2.324  52.027 0.3750000000
90385  -9.103  3.147  51.826 0.3750000000
139227  -7.964  2.015  51.671 0.3750000000
88797  -12.267  0.971  47.230 0.3750000000
90389  -7.678  2.881  50.341 0.3750000000
89606  -6.785  2.161  49.409 0.3750000000
89612  -6.530  1.798  48.376 0.3750000000
90402  -6.873  2.658  48.391 0.3750000000
90412  -6.815  3.049  46.430 0.1250000000
91146  -7.829  3.193  49.904 0.3750000000
91161  -7.595  3.510  47.817 0.1250000000
91160  -7.091  3.054  48.107 0.2500000000
90430  -6.762  2.290  43.377 0.1250000000
91139  -10.157  4.228  51.740 0.3750000000
91199  -7.080  2.839  42.871 0.1250000000
91204  -6.943  2.919  41.904 0.1250000000
91206  -8.045  3.691  41.107 0.1250000000
133877  -10.530  5.125  51.601 0.3750000000
91906  -8.388  3.972  49.369 0.2500000000
91918  -8.529  3.990  47.369 0.1250000000
91952  -10.904  4.429  43.222 0.1250000000
94833  -12.125  8.094  50.470 0.1250000000
133254  -9.286  6.587  51.006 0.1250000000
92662  -9.308  5.441  49.583 0.1250000000
143265  -9.475  4.489  47.268 0.1250000000
93475  -12.501  6.477  43.244 0.1250000000
126915  -12.887  6.510  41.955 0.1250000000
96343  -11.176  9.495  50.289 0.1250000000
142210  -9.694  8.874  50.535 0.1250000000
96346  -10.400  9.853  49.925 0.1250000000
95591  -8.964  9.164  49.562 0.1250000000
120650  -9.671  10.109  49.393 0.1250000000
94832  -9.036  8.590  49.729 0.1250000000
95590  -8.786  9.684  48.762 0.1250000000
94850  -8.104  9.305  45.229 0.1250000000
96347  -11.305  10.286  49.764 0.1250000000
95593  -12.427  10.103  49.766 0.1250000000
120932  -10.086  11.254  48.035 0.1250000000
95621  -7.357  9.463  43.243 0.1250000000
140155  -14.574  12.124  49.270 0.1250000000
97082  -9.753  11.424  46.703 0.1250000000
140906  -11.818  12.446  44.396 0.1250000000
45607  -25.082  -43.057  46.138 0.1250000000
44625  -24.396  -43.430  45.529 0.1250000000
123368  -22.648  -44.866  43.591 0.1250000000
43705  -23.101  -44.367  44.231 0.1250000000
43723  -22.767  -44.206  43.110 0.1250000000
44640  -23.283  -43.613  43.892 0.1250000000
50805  -38.358  -37.711  43.932 0.1250000000
50820  -38.260  -38.864  43.323 0.1250000000
50821  -38.653  -37.985  43.533 0.1250000000
50830  -38.811  -38.817  42.807 0.1250000000
49850  -38.845  -39.231  41.961 0.1250000000
49860  -38.777  -39.225  41.175 0.1250000000
50856  -38.629  -38.798  41.099 0.1250000000
134575  -39.379  -37.101  44.085 0.1250000000
52724  -39.868  -35.755  44.695 0.1250000000
51802  -39.245  -38.171  42.903 0.1250000000
51814  -39.101  -38.124  42.467 0.1250000000
133842  -39.436  -37.672  42.974 0.1250000000
50846  -38.841  -38.675  41.809 0.1250000000
51834  -38.475  -38.502  41.086 0.1250000000
52732  -39.659  -36.426  44.112 0.1250000000
52742  -39.595  -37.096  43.700 0.1250000000
52743  -39.672  -36.558  43.883 0.1250000000
52755  -39.523  -37.176  43.024 0.1250000000
51823  -38.741  -38.232  41.869 0.1250000000
52770  -38.486  -37.935  41.417 0.1250000000
133789  -39.876  -37.145  43.305 0.1250000000
53720  -39.898  -35.719  43.991 0.1250000000
52756  -39.836  -36.475  43.354 0.1250000000
132317  -39.247  -37.662  42.570 0.1250000000
129329  -39.320  -37.220  42.694 0.1250000000
52763  -38.899  -37.550  42.206 0.1250000000
53742  -39.128  -36.815  42.397 0.1250000000
53751  -38.684  -37.164  41.705 0.1250000000
52769  -38.279  -37.531  40.881 0.1250000000
53732  -39.779  -35.790  43.488 0.1250000000
53731  -39.464  -36.521  43.069 0.1250000000
54739  -39.650  -35.399  43.299 0.2500000000
126453  -39.286  -35.945  42.635 0.1250000000
53750  -38.550  -36.704  41.295 0.1250000000
52775  -37.977  -37.963  39.974 0.1250000000
131868  -38.227  -36.968  40.736 0.1250000000
54758  -39.078  -35.419  42.148 0.1250000000
54780  -38.691  -35.791  41.541 0.1250000000
127079  -37.834  -35.718  40.590 0.1250000000
53749  -38.323  -36.203  40.926 0.1250000000
55763  -38.965  -34.376  42.214 0.1250000000
54757  -38.649  -34.857  41.757 0.1250000000
54779  -38.069  -34.980  41.217 0.1250000000
55779  -37.737  -34.018  40.864 0.1250000000
55762  -38.372  -33.950  41.590 0.1250000000
55778  -37.182  -34.056  40.158 0.1250000000
56784  -38.134  -33.188  39.370 0.2500000000
56795  -38.439  -33.007  38.467 0.2500000000
64131  -47.265  -26.120  26.430 0.1250000000
66052  -46.652  -24.312  26.170 0.1250000000
67024  -46.873  -24.144  27.041 0.1250000000
65088  -47.199  -25.427  26.539 0.2500000000
66053  -47.016  -24.726  26.759 0.1250000000
68001  -46.018  -23.070  26.982 0.1250000000
68982  -45.944  -21.817  28.058 0.1250000000
69907  -46.239  -20.972  28.871 0.1250000000
67025  -47.424  -24.372  27.511 0.1250000000
67014  -47.367  -23.754  27.753 0.1250000000
68002  -46.684  -23.422  27.364 0.1250000000
133520  -47.884  -24.456  28.046 0.2500000000
67015  -47.865  -24.006  28.055 0.1250000000
67986  -48.003  -23.301  28.442 0.1250000000
123455  -46.342  -22.610  27.741 0.1250000000
67000  -48.389  -23.916  28.529 0.2500000000
54759  -39.440  -34.930  42.757 0.2500000000
50813  -38.003  -38.531  43.713 0.1250000000
44641  -24.015  -43.169  44.575 0.1250000000
130331  -38.962  -38.105  43.174 0.1250000000
51789  -39.413  -37.612  43.758 0.1250000000
53741  -38.952  -36.350  41.949 0.1250000000
50987  -5.214  -38.980  30.217 0.1250000000
50988  -5.667  -39.292  29.912 0.1250000000
123014  -6.205  -39.550  29.656 0.1250000000
51945  -5.125  -38.290  30.335 0.1250000000
51946  -5.738  -38.427  29.750 0.1250000000
53839  -4.715  -37.078  31.433 0.1250000000
52857  -5.010  -37.566  30.519 0.1250000000
137626  -5.206  -36.849  30.076 0.1250000000
53841  -5.185  -36.133  30.439 0.1250000000
52864  -5.437  -37.626  29.896 0.1250000000
53823  -4.823  -36.330  32.187 0.1250000000
55842  -4.630  -34.289  33.267 0.1250000000
56844  -4.672  -33.692  33.264 0.1250000000
53830  -4.742  -36.424  31.742 0.1250000000
55857  -4.728  -34.524  32.570 0.1250000000
55874  -4.763  -35.101  31.935 0.1250000000
126266  -4.904  -36.078  31.003 0.1250000000
55875  -5.060  -34.807  31.612 0.1250000000
54908  -5.653  -35.535  30.318 0.1250000000
55894  -5.670  -34.817  30.926 0.1250000000
54909  -6.097  -35.069  30.337 0.1250000000
55858  -4.862  -34.455  32.234 0.1250000000
56865  -5.144  -33.996  32.204 0.1250000000
56855  -5.372  -33.509  32.709 0.1250000000
128306  -6.478  -33.900  31.693 0.1250000000
56854  -4.853  -33.824  32.802 0.1250000000
55876  -5.527  -34.297  31.604 0.1250000000
55877  -6.082  -34.235  31.359 0.1250000000
58872  -4.980  -32.060  34.883 0.1250000000
58881  -4.842  -32.367  34.638 0.1250000000
124125  -4.853  -32.850  33.976 0.1250000000
123842  -5.403  -33.098  33.236 0.1250000000
58883  -5.384  -32.288  34.362 0.1250000000
57869  -5.728  -32.717  33.653 0.1250000000
58899  -6.583  -32.635  33.496 0.1250000000
58884  -6.178  -32.151  34.260 0.1250000000
58885  -7.135  -31.932  34.167 0.1250000000
63063  -9.249  -27.507  36.345 0.1250000000
130543  -10.183  -27.544  35.069 0.1250000000
63101  -10.470  -27.870  34.864 0.1250000000
62133  -10.193  -28.513  34.646 0.1250000000
63088  -10.621  -27.478  34.830 0.1250000000
132203  -10.838  -28.108  34.378 0.1250000000
62134  -11.298  -28.383  33.805 0.1250000000
64033  -11.289  -27.322  34.400 0.1250000000
63102  -10.953  -27.599  34.616 0.1250000000
63118  -11.789  -27.970  33.568 0.1250000000
62148  -11.890  -28.801  33.113 0.1250000000
66881  -13.244  -23.752  37.089 0.1250000000
67862  -13.320  -22.750  35.952 0.1250000000
65941  -13.929  -24.476  36.112 0.1250000000
65950  -14.543  -24.118  34.783 0.1250000000
67838  -11.764  -22.445  36.456 0.1250000000
67860  -11.401  -21.999  35.818 0.1250000000
66898  -12.974  -23.186  36.744 0.1250000000
67839  -12.547  -22.681  36.442 0.1250000000
67861  -12.356  -22.227  35.931 0.1250000000
66880  -12.656  -23.505  37.379 0.1250000000
138132  -10.107  -22.920  36.883 0.2500000000
67836  -9.767  -22.473  36.017 0.1250000000
124685  -9.622  -22.132  35.447 0.1250000000
66878  -10.845  -23.216  37.695 0.2500000000
66896  -11.259  -22.801  37.029 0.2500000000
67837  -10.783  -22.368  36.336 0.1250000000
66879  -11.826  -23.266  37.591 0.1250000000
66897  -12.186  -22.944  36.976 0.1250000000
67856  -7.022  -22.952  35.105 0.2500000000
66911  -9.052  -22.986  36.351 0.2500000000
67857  -7.801  -22.882  35.261 0.2500000000
71742  -39.637  -18.293  40.422 0.2500000000
72696  -40.382  -18.086  40.236 0.2500000000
72683  -43.105  -18.112  41.134 0.2500000000
126664  -15.972  -11.784  54.842 0.2500000000
77387  -16.331  -12.050  55.492 0.2500000000
77381  -16.813  -12.351  55.984 0.2500000000
78280  -17.512  -11.705  56.022 0.2500000000
78294  -16.296  -11.584  51.429 0.2500000000
82055  -47.781  -7.658  28.851 0.2500000000
82069  -47.996  -6.697  28.594 0.2500000000
83815  -50.412  -5.540  27.066 0.1250000000
78284  -15.994  -11.195  55.277 0.2500000000
83824  -52.208  -5.363  25.733 0.1250000000
84631  -52.958  -4.853  26.209 0.1250000000
83014  -51.678  -5.993  24.311 0.1250000000
79202  -15.067  -10.173  52.279 0.2500000000
78290  -15.487  -10.796  52.946 0.2500000000
84632  -53.701  -4.480  25.562 0.1250000000
84633  -54.490  -3.871  25.961 0.1250000000
84642  -52.953  -5.135  24.106 0.1250000000
84643  -53.596  -4.643  24.508 0.1250000000
124355  -53.439  -4.691  23.720 0.1250000000
83851  -52.210  -5.390  22.839 0.1250000000
84656  -52.907  -4.936  23.148 0.1250000000
84671  -52.267  -4.453  21.575 0.1250000000
84644  -54.380  -4.108  24.911 0.1250000000
84658  -54.151  -4.189  23.856 0.1250000000
84662  -53.142  -4.335  22.446 0.1250000000
84657  -53.581  -4.360  23.117 0.1250000000
85501  -54.391  -3.406  22.672 0.1250000000
85509  -52.670  -3.774  21.292 0.1250000000
79201  -14.520  -9.441  52.618 0.2500000000
85494  -54.711  -3.491  23.462 0.1250000000
85511  -54.024  -3.410  22.042 0.1250000000
86382  -54.637  -2.727  22.024 0.2500000000
85530  -53.161  -3.135  20.948 0.1250000000
85547  -52.294  -2.906  19.838 0.1250000000
86401  -53.732  -2.419  20.539 0.2500000000
85557  -52.083  -2.646  19.043 0.1250000000
87274  -53.914  -1.486  19.337 0.2500000000
129263  -14.556  -9.129  53.324 0.2500000000
87267  -54.663  -1.308  19.858 0.2500000000
87285  -53.402  -1.335  18.121 0.2500000000
87341  -58.177  -1.203  12.400 0.2500000000
87352  -58.790  -1.848  11.278 0.2500000000
86470  -57.513  -1.566  11.791 0.2500000000
87358  -58.232  -1.730  10.685 0.2500000000
87370  -57.479  -1.677  9.840 0.2500000000
120612  -56.626  -1.450  8.924 0.1250000000
88275  -56.213  -0.842  7.942 0.1250000000
128663  -53.892  -1.222  18.649 0.2500000000
88168  -55.052  -0.528  18.780 0.2500000000
141543  -53.917  -1.067  18.213 0.2500000000
87286  -54.452  -0.740  18.312 0.2500000000
88190  -54.173  -0.640  16.945 0.1250000000
87357  -57.619  -1.683  10.909 0.2500000000
86502  -56.384  -1.755  9.580 0.2500000000
88274  -55.795  -0.817  8.168 0.1250000000
82716  -14.463  -7.154  52.168 0.2500000000
81854  -15.052  -7.483  52.748 0.2500000000
81845  -15.817  -7.798  53.062 0.2500000000
78478  -12.611  -11.456  34.265 0.2500000000
88201  -54.830  -0.256  16.278 0.1250000000
88208  -55.369  -0.032  15.628 0.2500000000
87320  -55.292  -0.607  14.441 0.2500000000
87339  -56.164  -1.441  12.851 0.2500000000
86479  -56.062  -2.263  11.236 0.2500000000
86469  -56.603  -1.816  12.014 0.2500000000
87340  -57.167  -1.259  12.608 0.2500000000
86501  -55.423  -1.928  9.492 0.2500000000
86491  -55.840  -2.213  10.252 0.2500000000
86480  -56.930  -1.875  11.276 0.2500000000
86492  -56.767  -1.908  10.494 0.2500000000
128832  -55.184  -0.937  8.407 0.1250000000
87369  -55.815  -1.406  8.894 0.1250000000
87380  -56.021  -1.126  8.509 0.1250000000
82728  -14.031  -6.843  51.772 0.2500000000
82729  -14.518  -6.897  51.591 0.2500000000
82730  -15.181  -7.028  51.378 0.2500000000
81867  -15.800  -7.334  51.724 0.2500000000
81868  -16.687  -7.594  51.894 0.2500000000
79336  -14.252  -9.795  35.092 0.2500000000
82747  -14.648  -6.705  50.905 0.2500000000
124369  -15.440  -6.914  50.703 0.2500000000
126200  -14.924  -6.188  48.520 0.2500000000
82759  -14.937  -6.604  50.088 0.2500000000
82760  -15.875  -6.777  49.901 0.2500000000
82761  -16.918  -6.805  49.721 0.2500000000
143740  -15.810  -7.195  51.166 0.2500000000
85287  -13.561  -3.533  45.460 0.2500000000
83625  -19.384  -4.838  49.173 0.2500000000
83635  -16.252  -5.825  47.470 0.2500000000
126051  -16.804  -6.200  48.150 0.2500000000
83637  -18.313  -5.204  47.881 0.2500000000
83634  -15.416  -5.981  47.779 0.2500000000
83647  -14.416  -5.432  46.988 0.2500000000
129951  -15.455  -5.548  46.920 0.2500000000
125103  -15.839  -6.303  48.331 0.2500000000
82770  -16.341  -6.606  49.003 0.2500000000
82771  -17.311  -6.440  48.868 0.2500000000
84447  -15.871  -4.965  46.013 0.2500000000
84446  -14.889  -5.014  46.174 0.2500000000
128636  -14.245  -3.672  45.200 0.2500000000
85289  -15.662  -3.908  45.148 0.2500000000
84459  -16.177  -4.287  45.459 0.2500000000
86166  -17.027  -2.945  45.248 0.2500000000
85301  -14.712  -3.183  44.719 0.2500000000
85302  -15.522  -3.306  44.768 0.2500000000
86176  -15.284  -2.479  44.348 0.2500000000
86177  -16.217  -2.743  44.659 0.2500000000
83636  -17.290  -5.487  47.321 0.2500000000
83648  -16.516  -5.285  46.638 0.2500000000
84448  -16.741  -4.672  45.967 0.2500000000
84435  -17.865  -4.707  46.944 0.2500000000
84460  -16.955  -3.916  45.535 0.2500000000
85280  -17.558  -3.438  45.996 0.2500000000
86157  -17.797  -1.902  46.438 0.2500000000
128878  -17.317  -1.973  45.546 0.2500000000
85300  -13.924  -3.107  44.875 0.2500000000
87030  -16.439  -1.241  44.413 0.2500000000
87031  -17.055  -1.075  45.079 0.2500000000
133614  -14.682  -1.854  44.157 0.2500000000
134333  -15.902  -1.222  44.033 0.2500000000
127964  -16.683  -0.593  44.510 0.2500000000
84436  -18.490  -4.174  47.500 0.2500000000
84425  -19.047  -4.314  48.415 0.2500000000
85281  -18.053  -3.836  46.705 0.2500000000
86150  -18.600  -2.421  47.813 0.2500000000
86158  -18.056  -2.773  46.764 0.2500000000
87025  -17.597  -1.131  46.036 0.2500000000
133756  -14.624  -0.953  43.995 0.2500000000
87894  -15.666  0.065  43.716 0.2500000000
87888  -17.060  -0.146  44.858 0.2500000000
87879  -17.453  -0.316  45.640 0.2500000000
88805  -17.419  0.489  45.240 0.2500000000
85264  -18.854  -3.306  48.063 0.2500000000
85271  -18.436  -3.320  47.354 0.2500000000
133229  -18.596  -1.606  48.081 0.2500000000
87018  -18.066  -1.091  46.987 0.2500000000
87871  -17.861  -0.358  46.589 0.2500000000
87893  -14.928  -0.035  43.724 0.2500000000
88798  -17.759  0.392  46.109 0.2500000000
88812  -16.536  0.731  44.023 0.2500000000
88813  -17.006  0.617  44.550 0.2500000000
131428  -18.759  -1.116  48.725 0.2500000000
87019  -18.406  -1.057  47.897 0.2500000000
87885  -13.718  -0.074  44.712 0.2500000000
88817  -14.569  0.772  43.861 0.2500000000
88818  -15.264  0.757  43.633 0.2500000000
89623  -12.599  1.742  46.741 0.2500000000
90419  -13.269  2.479  45.673 0.2500000000
89624  -12.974  1.658  45.883 0.2500000000
89619  -12.338  1.835  47.591 0.2500000000
90408  -12.479  2.770  47.966 0.2500000000
90414  -12.888  2.468  46.420 0.2500000000
91155  -12.442  3.618  48.887 0.2500000000
91162  -12.813  3.805  47.854 0.2500000000
91920  -13.184  4.644  47.688 0.2500000000
91908  -12.480  4.600  49.486 0.2500000000
92664  -12.864  5.366  49.079 0.2500000000
91913  -12.822  4.560  48.539 0.2500000000
92665  -13.292  6.052  48.508 0.2500000000
58887  -9.026  -31.297  33.843 0.1250000000
63086  -9.349  -28.117  35.520 0.1250000000
58900  -7.575  -32.444  33.419 0.1250000000
87266  -53.992  -1.806  19.977 0.2500000000
86402  -54.504  -1.879  20.571 0.2500000000
86422  -53.293  -1.649  18.948 0.2500000000
87275  -54.496  -1.006  19.038 0.2500000000
126264  -52.756  -2.264  19.366 0.1250000000
63076  -9.634  -27.606  35.444 0.1250000000
64018  -10.958  -27.104  34.696 0.1250000000
64019  -11.673  -26.861  34.549 0.1250000000
65931  -13.565  -24.365  36.983 0.1250000000
136875  -40.873  -17.926  40.081 0.2500000000
66895  -8.420  -23.463  36.766 0.2500000000
71741  -38.839  -18.273  40.239 0.1250000000
83823  -51.550  -5.812  25.361 0.1250000000
87342  -58.855  -1.490  12.217 0.2500000000
83816  -52.088  -5.080  26.805 0.1250000000
87268  -55.485  -0.803  20.276 0.2500000000
134714  -54.607  -0.484  17.651 0.1250000000
87328  -55.689  -0.982  13.676 0.2500000000
140889  -54.387  -2.409  21.170 0.2500000000
83633  -14.675  -5.830  47.792 0.2500000000
87886  -14.286  -0.037  44.143 0.2500000000
65942  -14.283  -23.970  35.554 0.1250000000
143879  -13.558  -10.783  34.746 0.1250000000
62124  -9.809  -28.252  35.166 0.1250000000
126603  -4.934  -35.839  32.678 0.1250000000
53815  -5.077  -36.317  32.653 0.1250000000
54886  -4.785  -35.606  32.489 0.1250000000
55856  -4.678  -35.048  32.668 0.1250000000
54887  -4.724  -35.560  32.145 0.1250000000
57882  -5.142  -33.138  33.014 0.1250000000
82952  -48.160  -6.030  28.373 0.2500000000
83814  -48.856  -5.708  27.399 0.1250000000
51939  -4.884  -38.204  30.858 0.1250000000
50989  -6.333  -38.959  29.415 0.1250000000
52856  -4.745  -37.683  31.124 0.1250000000
53840  -4.873  -36.800  30.849 0.1250000000
54916  -5.706  -36.221  29.846 0.1250000000
54907  -5.159  -35.489  30.916 0.1250000000
53831  -4.779  -36.315  31.354 0.1250000000
54897  -4.774  -35.800  31.693 0.1250000000
54898  -4.867  -35.624  31.435 0.1250000000
142685  -5.092  -33.646  32.727 0.1250000000
56866  -5.859  -33.779  32.032 0.1250000000
57868  -5.173  -32.752  33.829 0.1250000000
58882  -5.035  -32.344  34.458 0.1250000000
63087  -10.098  -27.772  35.202 0.1250000000
63103  -11.326  -27.721  34.159 0.1250000000
65958  -14.820  -24.174  33.944 0.1250000000
66899  -13.656  -23.633  36.436 0.1250000000
67859  -10.422  -21.999  35.639 0.1250000000
67858  -8.814  -22.608  35.519 0.1250000000
83836  -52.290  -5.511  24.686 0.1250000000
124987  -52.962  -5.051  25.102 0.1250000000
84672  -52.784  -4.215  21.882 0.1250000000
85493  -54.117  -3.909  23.110 0.1250000000
85500  -53.754  -3.882  22.515 0.1250000000
85510  -53.335  -3.698  21.781 0.1250000000
86381  -53.875  -3.000  21.393 0.2500000000
86408  -52.942  -2.629  20.175 0.1250000000
85529  -52.529  -3.311  20.561 0.1250000000
86409  -53.401  -2.013  19.715 0.1250000000
87351  -58.318  -1.570  11.529 0.2500000000
121515  -57.348  -1.588  8.925 0.1250000000
129422  -55.682  -2.097  12.230 0.2500000000
88272  -54.190  -0.521  8.225 0.1250000000
87379  -54.149  -1.043  8.600 0.1250000000
88273  -55.018  -0.488  7.990 0.1250000000
82772  -18.244  -5.958  48.853 0.2500000000
87029  -15.322  -1.572  44.001 0.2500000000
128986  -18.280  -1.791  47.337 0.2500000000
90413  -12.609  2.397  47.118 0.2500000000
46608  -28.929  -40.961  48.085 0.1250000000
47635  -29.507  -40.955  48.158 0.1250000000
56783  -37.312  -33.592  39.564 0.1250000000
144483  -37.650  -33.262  38.947 0.1250000000
56805  -38.701  -32.619  37.888 0.1250000000
119980  -40.520  -30.260  35.373 0.1250000000
57861  -38.726  -30.985  35.145 0.1250000000
58924  -42.705  -30.451  32.194 0.1250000000
59987  -43.406  -29.917  30.601 0.1250000000
60000  -42.850  -29.316  29.987 0.1250000000
136908  -43.167  -17.542  36.901 0.1250000000
72785  -40.788  -17.343  35.389 0.1250000000
123810  -42.168  -17.554  35.586 0.1250000000
72800  -40.713  -17.480  34.436 0.1250000000
72801  -41.579  -17.532  34.827 0.1250000000
72812  -41.358  -17.610  33.831 0.1250000000
72827  -41.952  -17.461  33.142 0.1250000000
73840  -43.432  -17.007  32.553 0.1250000000
72811  -40.592  -17.552  33.521 0.1250000000
128471  -41.182  -17.529  33.093 0.1250000000
73839  -42.163  -17.136  32.236 0.1250000000
120307  -42.941  -16.882  32.040 0.1250000000
121719  -43.844  -16.570  31.922 0.1250000000
72825  -40.587  -17.493  32.669 0.1250000000
72826  -41.369  -17.343  32.412 0.1250000000
73858  -43.132  -16.423  31.348 0.1250000000
72824  -39.840  -17.449  32.201 0.1250000000
72838  -40.716  -17.301  31.836 0.1250000000
73856  -41.555  -17.064  31.633 0.1250000000
73857  -42.343  -16.761  31.466 0.1250000000
139455  -43.808  -16.086  31.285 0.1250000000
73855  -39.928  -17.244  31.251 0.1250000000
119791  -40.923  -17.054  31.021 0.1250000000
73871  -41.737  -16.716  30.895 0.1250000000
73872  -42.535  -16.255  30.672 0.1250000000
74805  -42.986  -15.589  30.133 0.1250000000
143566  -39.630  -17.097  30.698 0.1250000000
120052  -41.191  -16.637  30.316 0.1250000000
139630  -41.851  -16.336  30.298 0.1250000000
74804  -42.243  -15.830  29.915 0.1250000000
73870  -40.251  -16.899  30.364 0.1250000000
73884  -40.763  -16.433  29.621 0.1250000000
73885  -41.532  -16.131  29.714 0.1250000000
72786  -41.425  -17.443  35.739 0.1250000000
72769  -41.755  -17.440  36.468 0.1250000000
73808  -40.017  -17.195  34.992 0.1250000000
72768  -40.888  -17.317  36.316 0.1250000000
72799  -39.895  -17.409  34.049 0.1250000000
73807  -39.226  -17.092  34.589 0.1250000000
73873  -43.391  -15.860  30.750 0.1250000000
74794  -44.159  -15.502  30.937 0.1250000000
75721  -43.719  -15.150  30.230 0.1250000000
75722  -44.545  -14.769  30.592 0.1250000000
74817  -43.250  -15.172  29.834 0.1250000000
75731  -44.158  -14.332  29.904 0.1250000000
73883  -39.917  -16.602  29.511 0.1250000000
73896  -40.370  -16.110  28.903 0.1250000000
74814  -41.141  -15.855  29.033 0.1250000000
74816  -42.748  -15.148  29.474 0.1250000000
133697  -43.456  -14.703  29.602 0.1250000000
72736  -41.786  -17.498  38.751 0.1250000000
120193  -42.864  -17.599  39.087 0.1250000000
121304  -43.372  -17.566  38.409 0.1250000000
72754  -42.303  -17.463  38.055 0.1250000000
73771  -40.196  -17.169  36.627 0.1250000000
121253  -40.739  -17.286  37.194 0.1250000000
142162  -41.235  -17.353  36.829 0.1250000000
72770  -42.427  -17.449  37.117 0.1250000000
73791  -40.097  -17.160  35.886 0.1250000000
75723  -45.331  -14.435  30.987 0.1250000000
76663  -44.896  -13.959  30.311 0.1250000000
73895  -39.551  -16.304  28.770 0.1250000000
74826  -40.699  -15.479  28.444 0.1250000000
75738  -42.274  -14.688  28.623 0.1250000000
76676  -43.014  -13.894  28.507 0.1250000000
75739  -43.047  -14.464  29.080 0.1250000000
74839  -40.335  -15.053  27.877 0.1250000000
142630  -40.951  -14.974  28.094 0.1250000000
75737  -41.516  -14.577  28.006 0.1250000000
128670  -40.841  -14.530  27.592 0.1250000000
76688  -43.066  -13.130  27.966 0.1250000000
75761  -40.066  -13.861  26.729 0.1250000000
76705  -41.041  -13.091  26.831 0.1250000000
76704  -40.403  -13.224  26.593 0.1250000000
72699  -43.658  -17.819  40.462 0.1250000000
72716  -43.680  -17.653  39.757 0.1250000000
72714  -41.908  -17.674  39.558 0.1250000000
72715  -42.917  -17.674  39.891 0.1250000000
72737  -44.207  -17.618  39.122 0.1250000000
73755  -39.054  -16.997  37.339 0.1250000000
73745  -39.603  -17.254  37.972 0.1250000000
72734  -40.230  -17.373  38.477 0.1250000000
72735  -40.976  -17.474  38.959 0.1250000000
73769  -38.478  -16.737  36.693 0.1250000000
73756  -39.879  -17.151  37.246 0.1250000000
73770  -39.372  -16.939  36.453 0.1250000000
73790  -39.303  -16.934  35.486 0.1250000000
76653  -46.110  -14.147  31.426 0.1250000000
76664  -45.706  -13.644  30.728 0.1250000000
76670  -44.514  -13.491  29.614 0.1250000000
76678  -44.207  -12.974  28.953 0.1250000000
76686  -41.582  -13.410  27.210 0.1250000000
76687  -42.317  -12.875  27.443 0.1250000000
77658  -41.541  -12.516  27.047 0.1250000000
126795  -18.854  -10.312  45.212 0.1250000000
80133  -19.174  -9.553  44.302 0.1250000000
124257  -40.935  -17.695  39.603 0.1250000000
72697  -41.580  -17.920  40.222 0.1250000000
72698  -42.543  -17.867  40.390 0.1250000000
73744  -38.829  -17.175  38.059 0.1250000000
72733  -39.432  -17.380  38.606 0.1250000000
72713  -40.113  -17.517  39.175 0.1250000000
142049  -45.368  -12.477  29.779 0.1250000000
77638  -44.454  -12.122  28.947 0.1250000000
77637  -43.724  -12.385  28.383 0.1250000000
134076  -44.822  -12.674  29.415 0.1250000000
77646  -42.951  -12.169  27.788 0.1250000000
77645  -42.156  -11.862  27.358 0.1250000000
133199  -40.060  -12.686  26.310 0.1250000000
77657  -40.759  -12.321  26.599 0.1250000000
77666  -39.434  -12.547  25.943 0.1250000000
79222  -19.874  -10.395  47.923 0.1250000000
79223  -20.194  -9.544  47.703 0.1250000000
138831  -19.771  -9.032  45.563 0.1250000000
80120  -19.643  -9.431  46.141 0.1250000000
81055  -19.706  -8.864  43.850 0.1250000000
80149  -19.170  -9.378  43.258 0.1250000000
80177  -19.122  -9.124  41.249 0.1250000000
81082  -19.680  -8.541  40.835 0.1250000000
80193  -19.184  -9.077  40.315 0.1250000000
120532  -39.801  -17.796  39.689 0.1250000000
72712  -39.271  -17.541  39.130 0.1250000000
133104  -40.390  -17.772  39.719 0.1250000000
77631  -45.087  -11.908  29.379 0.1250000000
78545  -44.112  -11.614  28.521 0.1250000000
78535  -44.748  -11.249  28.853 0.1250000000
78536  -45.435  -11.211  29.344 0.1250000000
79403  -45.226  -10.641  28.918 0.1250000000
78569  -41.421  -11.552  26.914 0.1250000000
78552  -42.030  -10.847  27.219 0.1250000000
78553  -42.784  -11.176  27.604 0.1250000000
77656  -40.054  -11.888  26.179 0.1250000000
78568  -40.714  -11.212  26.465 0.1250000000
79428  -41.325  -10.481  26.827 0.1250000000
78567  -39.967  -10.875  26.083 0.1250000000
81002  -20.709  -9.164  48.346 0.1250000000
80097  -20.847  -9.607  48.957 0.1250000000
139820  -20.652  -8.556  47.006 0.1250000000
81042  -20.317  -8.513  45.391 0.1250000000
80121  -20.048  -8.873  46.066 0.1250000000
81041  -19.719  -8.939  44.802 0.1250000000
81068  -20.292  -8.328  43.403 0.1250000000
81075  -20.242  -8.215  42.372 0.1250000000
81932  -20.812  -7.766  41.916 0.1250000000
81940  -20.764  -7.731  41.121 0.1250000000
81094  -20.384  -8.032  40.397 0.1250000000
78475  -9.155  -11.283  34.335 0.1250000000
79393  -45.846  -10.483  29.260 0.1250000000
79395  -47.168  -10.185  29.740 0.1250000000
79401  -43.993  -9.796  27.987 0.1250000000
79402  -44.709  -10.296  28.442 0.1250000000
79412  -42.630  -10.139  27.486 0.1250000000
79413  -43.385  -10.484  27.831 0.1250000000
78577  -38.521  -11.204  25.459 0.1250000000
79426  -39.781  -9.885  26.175 0.1250000000
79427  -40.550  -10.047  26.454 0.1250000000
79439  -37.750  -10.747  25.191 0.1250000000
79440  -38.395  -10.100  25.577 0.1250000000
79441  -39.174  -10.536  25.829 0.1250000000
79190  -19.221  -10.557  55.390 0.1250000000
80066  -17.703  -9.819  55.175 0.1250000000
79189  -18.202  -10.355  55.442 0.1250000000
78279  -16.642  -11.456  55.699 0.1250000000
81003  -21.262  -8.561  48.533 0.1250000000
80993  -21.641  -8.830  49.455 0.1250000000
81013  -20.573  -8.871  47.590 0.1250000000
78287  -15.636  -10.914  54.575 0.1250000000
81043  -20.950  -7.981  45.828 0.1250000000
81028  -20.515  -8.498  46.311 0.1250000000
144430  -15.429  -10.631  53.823 0.1250000000
81057  -20.935  -7.956  44.866 0.1250000000
81919  -21.587  -7.475  44.348 0.1250000000
81925  -20.859  -7.819  42.881 0.1250000000
81933  -21.456  -7.453  42.378 0.1250000000
81941  -21.418  -7.414  41.419 0.1250000000
81942  -22.197  -7.059  41.350 0.1250000000
82849  -23.633  -6.925  39.141 0.1250000000
77570  -9.961  -11.997  34.416 0.1250000000
81970  -23.481  -7.294  38.507 0.1250000000
78476  -10.316  -11.155  34.111 0.1250000000
80300  -46.042  -9.787  29.007 0.1250000000
80302  -47.462  -9.546  29.577 0.1250000000
80287  -47.945  -10.027  30.017 0.1250000000
80311  -44.620  -9.216  28.127 0.1250000000
122287  -45.371  -9.791  28.612 0.1250000000
126833  -42.449  -7.992  27.448 0.1250000000
80323  -43.217  -9.393  27.693 0.1250000000
80321  -41.748  -8.695  27.247 0.1250000000
79411  -41.892  -9.765  27.189 0.1250000000
80331  -39.718  -8.874  26.392 0.1250000000
144152  -40.140  -9.462  26.436 0.1250000000
80347  -38.260  -9.037  25.795 0.1250000000
80348  -39.034  -9.466  25.995 0.1250000000
79193  -21.264  -10.052  54.926 0.1250000000
80984  -23.667  -8.525  51.297 0.1250000000
80085  -23.924  -9.578  52.343 0.1250000000
130714  -20.243  -10.062  55.046 0.1250000000
80090  -23.370  -9.401  51.602 0.1250000000
80067  -18.700  -9.770  54.990 0.1250000000
80072  -18.129  -9.250  54.433 0.1250000000
81004  -21.958  -8.069  49.094 0.1250000000
80065  -16.869  -9.917  55.281 0.1250000000
80071  -17.123  -9.232  54.724 0.1250000000
81893  -21.693  -7.803  48.143 0.1250000000
79192  -15.747  -10.282  54.922 0.1250000000
81905  -21.559  -7.537  46.257 0.1250000000
81898  -21.602  -7.649  47.183 0.1250000000
79198  -15.325  -10.047  54.286 0.1250000000
81911  -21.573  -7.495  45.301 0.1250000000
81912  -22.222  -7.025  45.735 0.1250000000
81906  -22.206  -7.086  46.709 0.1250000000
81926  -21.546  -7.462  43.345 0.1250000000
81920  -22.287  -7.020  44.793 0.1250000000
81934  -22.173  -7.095  42.823 0.1250000000
81927  -22.293  -7.034  43.827 0.1250000000
82818  -22.813  -6.835  42.166 0.1250000000
81951  -22.414  -7.014  40.559 0.1250000000
82839  -23.887  -6.707  40.002 0.1250000000
82850  -24.799  -6.695  39.250 0.1250000000
78477  -11.564  -11.382  34.054 0.1250000000
80301  -46.692  -9.425  29.175 0.1250000000
138080  -45.142  -8.842  28.254 0.1250000000
80312  -45.860  -8.954  28.544 0.1250000000
81200  -47.415  -8.690  29.171 0.1250000000
82068  -47.181  -6.969  28.417 0.1250000000
81221  -43.288  -7.695  27.581 0.1250000000
80310  -43.795  -8.525  27.833 0.1250000000
82958  -44.825  -6.705  27.467 0.1250000000
143534  -45.399  -6.524  27.480 0.1250000000
82950  -46.441  -6.553  28.058 0.1250000000
83799  -45.243  -6.426  27.336 0.1250000000
82959  -45.640  -6.559  27.682 0.1250000000
80330  -38.909  -8.452  26.059 0.1250000000
138119  -43.060  -6.559  26.409 0.1250000000
144409  -37.620  -8.570  25.638 0.1250000000
81229  -40.321  -8.179  26.616 0.1250000000
83011  -42.662  -6.763  25.812 0.1250000000
81239  -38.155  -8.069  25.759 0.1250000000
80077  -23.952  -9.424  54.354 0.1250000000
79197  -24.254  -9.943  53.708 0.1250000000
80076  -23.033  -9.354  54.542 0.1250000000
79204  -24.327  -9.581  52.906 0.1250000000
80074  -20.539  -9.437  54.435 0.1250000000
80075  -21.831  -9.339  54.487 0.1250000000
81872  -24.409  -8.146  51.699 0.1250000000
80976  -24.635  -8.467  52.400 0.1250000000
80951  -20.205  -8.866  53.793 0.1250000000
81884  -24.010  -7.745  50.929 0.1250000000
80073  -19.301  -9.233  54.177 0.1250000000
81895  -23.214  -6.959  49.143 0.1250000000
82774  -23.765  -6.342  48.678 0.1250000000
82773  -22.941  -6.667  48.203 0.1250000000
82784  -23.622  -6.066  46.694 0.1250000000
82777  -23.623  -6.141  47.708 0.1250000000
80948  -16.522  -8.608  54.147 0.1250000000
82783  -22.878  -6.509  46.200 0.1250000000
82776  -22.862  -6.558  47.202 0.1250000000
124446  -14.951  -9.923  53.386 0.1250000000
80947  -15.587  -8.810  54.278 0.1250000000
133329  -23.730  -6.284  44.985 0.1250000000
82791  -22.958  -6.552  45.284 0.1250000000
82809  -23.949  -6.471  43.619 0.1250000000
82808  -23.025  -6.716  43.257 0.1250000000
133220  -23.615  -6.648  41.804 0.1250000000
82829  -23.009  -6.765  41.240 0.1250000000
82840  -25.009  -6.516  40.347 0.1250000000
132734  -26.021  -6.505  38.718 0.1250000000
81211  -44.532  -8.067  28.092 0.1250000000
81212  -45.221  -8.156  28.294 0.1250000000
81210  -43.945  -7.637  27.779 0.1250000000
82065  -44.343  -7.283  27.776 0.1250000000
81220  -41.641  -7.809  27.174 0.1250000000
82077  -42.353  -7.311  27.242 0.1250000000
82064  -43.789  -7.192  27.590 0.1250000000
76679  -49.271  -13.431  28.106 0.1250000000
76690  -49.771  -12.817  27.579 0.1250000000
81219  -40.962  -7.711  26.772 0.1250000000
82076  -41.622  -7.406  26.887 0.1250000000
131961  -43.801  -6.454  26.451 0.1250000000
83797  -43.936  -6.536  27.129 0.1250000000
78555  -51.655  -11.277  27.474 0.1250000000
78571  -52.468  -10.544  27.254 0.1250000000
121225  -37.999  -7.307  25.603 0.1250000000
81228  -39.557  -7.945  26.250 0.1250000000
82970  -43.491  -6.509  26.921 0.1250000000
81238  -37.348  -7.727  25.625 0.1250000000
78572  -53.337  -9.937  27.423 0.1250000000
79458  -55.837  -9.460  22.897 0.1250000000
81841  -23.935  -8.072  54.104 0.1250000000
80955  -24.272  -8.773  54.143 0.1250000000
81842  -24.547  -8.172  53.822 0.1250000000
80971  -24.677  -8.840  53.026 0.1250000000
81840  -23.079  -7.974  53.996 0.1250000000
81873  -24.954  -7.727  52.100 0.1250000000
80952  -21.184  -8.757  53.889 0.1250000000
80953  -22.364  -8.528  54.143 0.1250000000
82765  -24.854  -6.306  50.031 0.1250000000
80961  -20.489  -8.344  53.246 0.1250000000
134171  -19.476  -8.670  53.411 0.1250000000
82778  -24.392  -5.759  48.222 0.1250000000
83613  -25.188  -5.748  49.547 0.1250000000
80950  -18.505  -8.787  53.659 0.1250000000
82793  -24.529  -5.705  46.254 0.1250000000
133339  -17.138  -8.391  53.522 0.1250000000
82801  -24.738  -5.869  45.180 0.1250000000
80080  -14.940  -9.132  54.004 0.1250000000
80958  -16.511  -8.136  53.346 0.1250000000
80957  -15.772  -8.191  53.697 0.1250000000
82810  -24.970  -6.185  43.831 0.1250000000
122911  -24.585  -6.408  43.154 0.1250000000
82819  -23.860  -6.573  42.669 0.1250000000
82830  -24.030  -6.586  41.022 0.1250000000
82841  -26.126  -6.329  40.676 0.1250000000
82842  -27.012  -5.848  40.970 0.1250000000
82851  -26.033  -6.437  39.741 0.1250000000
140099  -27.439  -5.786  39.733 0.1250000000
82852  -26.981  -6.160  39.276 0.1250000000
82066  -44.979  -7.440  28.068 0.1250000000
119965  -45.838  -7.855  28.361 0.1250000000
81214  -46.983  -7.855  28.600 0.1250000000
120355  -45.606  -6.967  28.046 0.1250000000
82067  -46.395  -7.278  28.330 0.1250000000
76681  -50.807  -12.756  29.126 0.1250000000
77640  -50.917  -12.323  28.460 0.1250000000
120289  -42.874  -6.775  27.089 0.1250000000
82078  -43.128  -7.152  27.414 0.1250000000
82948  -44.189  -7.047  27.583 0.1250000000
76680  -50.169  -13.020  28.492 0.1250000000
82084  -40.937  -7.420  26.500 0.1250000000
82968  -41.656  -7.176  26.627 0.1250000000
77648  -50.938  -11.923  27.687 0.1250000000
82095  -38.688  -7.161  25.563 0.1250000000
82967  -40.174  -7.346  26.069 0.1250000000
125712  -40.949  -7.189  26.214 0.1250000000
82987  -42.524  -6.718  26.337 0.1250000000
82984  -37.989  -6.721  25.362 0.1250000000
124724  -38.757  -6.684  25.238 0.1250000000
80379  -56.089  -8.829  23.696 0.1250000000
80395  -56.924  -9.350  22.981 0.1250000000
81851  -24.920  -7.568  53.530 0.1250000000
81862  -25.280  -7.509  53.025 0.1250000000
81849  -22.667  -7.417  53.531 0.1250000000
80962  -21.563  -8.128  53.490 0.1250000000
82718  -21.880  -6.339  52.352 0.1250000000
82785  -24.401  -5.659  47.245 0.1250000000
83638  -25.132  -5.321  47.781 0.1250000000
83627  -25.754  -5.028  48.306 0.1250000000
80960  -18.804  -8.475  53.000 0.1250000000
83657  -25.534  -5.513  45.922 0.1250000000
83650  -25.301  -5.372  46.824 0.1250000000
80968  -18.256  -8.254  52.630 0.1250000000
83651  -26.172  -5.111  46.422 0.1250000000
80967  -17.315  -8.204  52.916 0.1250000000
83666  -25.814  -5.610  45.212 0.1250000000
83667  -26.529  -5.414  44.793 0.1250000000
81846  -16.604  -7.872  52.654 0.1250000000
144030  -24.881  -6.037  44.484 0.1250000000
82802  -25.677  -5.838  44.497 0.1250000000
82821  -25.545  -6.244  42.968 0.1250000000
82811  -26.111  -5.947  43.675 0.1250000000
138935  -26.570  -5.566  44.159 0.1250000000
82820  -24.746  -6.443  42.585 0.1250000000
120915  -26.421  -6.062  42.362 0.1250000000
83680  -27.058  -5.498  42.593 0.1250000000
122910  -24.467  -6.521  41.911 0.1250000000
120412  -25.434  -6.364  42.112 0.1250000000
82832  -26.283  -6.190  41.545 0.1250000000
82853  -27.455  -5.595  40.370 0.1250000000
83701  -27.606  -5.454  39.822 0.1250000000
83700  -27.452  -5.676  39.097 0.1250000000
83705  -27.249  -5.501  38.131 0.1250000000
83787  -47.627  -5.887  28.048 0.1250000000
82960  -46.732  -6.163  27.834 0.1250000000
83800  -46.760  -6.042  27.511 0.1250000000
83811  -45.973  -6.143  27.097 0.1250000000
82990  -46.498  -6.377  26.423 0.1250000000
80396  -57.986  -9.234  22.963 0.1250000000
80381  -58.483  -8.753  23.097 0.1250000000
80397  -58.543  -9.233  22.560 0.1250000000
82736  -25.718  -6.507  51.981 0.1250000000
84427  -26.637  -4.481  48.519 0.1250000000
81871  -20.578  -7.338  52.328 0.1250000000
83628  -26.340  -4.680  47.866 0.1250000000
81858  -19.743  -7.623  52.197 0.1250000000
80969  -19.229  -8.135  52.544 0.1250000000
81857  -18.786  -7.899  52.113 0.1250000000
83658  -26.410  -5.231  45.574 0.1250000000
81856  -17.648  -7.923  52.201 0.1250000000
83668  -27.012  -5.096  44.255 0.1250000000
83681  -27.231  -5.068  42.887 0.1250000000
140342  -27.378  -5.211  41.977 0.1250000000
83693  -27.613  -5.265  40.615 0.1250000000
84493  -27.721  -4.980  39.995 0.1250000000
83801  -47.314  -5.929  27.787 0.1250000000
83788  -48.340  -5.737  28.177 0.1250000000
83803  -48.691  -5.560  27.937 0.1250000000
82973  -46.976  -5.922  26.985 0.1250000000
81281  -58.692  -8.316  23.157 0.1250000000
80382  -58.845  -8.789  22.694 0.1250000000
80383  -59.032  -8.819  22.440 0.1250000000
81296  -59.242  -8.562  22.300 0.1250000000
133811  -59.435  -7.507  22.489 0.1250000000
83879  -58.768  -5.041  20.326 0.1250000000
83878  -57.737  -4.959  19.987 0.1250000000
82713  -24.615  -6.875  53.592 0.1250000000
140360  -24.620  -5.700  53.156 0.1250000000
82714  -25.309  -6.938  53.296 0.1250000000
143165  -23.373  -6.396  53.240 0.1250000000
83587  -25.850  -5.999  52.380 0.1250000000
82719  -22.716  -6.345  52.848 0.1250000000
83601  -26.096  -5.530  50.786 0.1250000000
82717  -21.022  -6.694  52.093 0.1250000000
83602  -26.378  -4.931  50.228 0.1250000000
84437  -26.864  -4.372  47.471 0.1250000000
84450  -27.048  -4.352  46.525 0.1250000000
81869  -18.443  -7.586  51.626 0.1250000000
85293  -27.220  -4.109  45.600 0.1250000000
81881  -17.145  -7.373  51.160 0.1250000000
81882  -18.120  -7.260  51.077 0.1250000000
85292  -27.052  -3.913  45.249 0.1250000000
85315  -26.980  -4.390  43.674 0.1250000000
83675  -27.140  -4.908  43.732 0.1250000000
84474  -27.076  -4.744  43.267 0.1250000000
84480  -27.298  -4.915  42.338 0.1250000000
85337  -27.346  -4.743  41.840 0.1250000000
83688  -27.515  -5.090  41.435 0.1250000000
131940  -27.599  -4.868  40.949 0.1250000000
83802  -47.910  -5.778  27.848 0.1250000000
82146  -59.243  -7.623  22.907 0.1250000000
83024  -59.394  -6.812  23.112 0.1250000000
81282  -59.035  -8.339  22.756 0.1250000000
83029  -59.521  -6.820  22.472 0.1250000000
82157  -59.244  -8.038  22.590 0.1250000000
83030  -59.625  -6.894  21.770 0.1250000000
83861  -59.522  -5.331  21.579 0.1250000000
84680  -58.037  -4.099  20.386 0.1250000000
84699  -57.043  -4.125  19.862 0.1250000000
141176  -54.724  -4.897  17.991 0.1250000000
83904  -53.986  -5.736  17.189 0.1250000000
84729  -54.588  -4.660  16.238 0.1250000000
83581  -24.086  -6.150  53.378 0.1250000000
84402  -24.702  -4.964  52.775 0.1250000000
84403  -25.768  -5.209  52.492 0.1250000000
83594  -22.307  -4.783  52.030 0.1250000000
84400  -23.019  -5.085  52.467 0.1250000000
84409  -26.116  -4.725  52.043 0.1250000000
83584  -22.504  -5.648  52.392 0.1250000000
82720  -23.246  -5.838  52.869 0.1250000000
82734  -21.352  -6.030  51.817 0.1250000000
137467  -26.958  -4.057  49.798 0.1250000000
82733  -20.699  -6.256  51.574 0.1250000000
86145  -27.022  -3.040  48.294 0.1250000000
85266  -27.200  -3.935  48.433 0.1250000000
138418  -20.245  -7.014  51.853 0.1250000000
85273  -27.186  -3.660  47.756 0.1250000000
82732  -19.902  -6.606  51.377 0.1250000000
82752  -20.373  -5.768  51.051 0.1250000000
83600  -20.721  -4.849  50.781 0.1250000000
85272  -27.175  -3.719  46.760 0.1250000000
85282  -27.162  -3.804  45.963 0.1250000000
84438  -27.226  -4.073  47.107 0.1250000000
82731  -19.049  -6.978  51.201 0.1250000000
82751  -19.585  -6.223  50.794 0.1250000000
86171  -26.657  -3.476  45.697 0.1250000000
81880  -16.365  -7.345  51.340 0.1250000000
140338  -17.764  -6.549  49.518 0.1250000000
82750  -18.727  -6.644  50.571 0.1250000000
83612  -19.527  -5.253  49.771 0.1250000000
85307  -26.975  -4.040  44.372 0.1250000000
83611  -18.998  -5.619  49.390 0.1250000000
85306  -26.537  -3.678  44.179 0.1250000000
85314  -26.832  -3.991  43.648 0.1250000000
139676  -26.301  -3.690  42.287 0.1250000000
85531  -57.633  -3.049  20.165 0.1250000000
85548  -56.888  -3.247  19.654 0.1250000000
85568  -56.104  -2.735  18.204 0.1250000000
85559  -56.440  -2.881  19.051 0.1250000000
83876  -56.031  -4.581  19.357 0.1250000000
134582  -55.937  -2.903  17.283 0.1250000000
84714  -55.488  -4.016  18.821 0.1250000000
124140  -55.632  -3.505  16.586 0.1250000000
85585  -56.844  -3.770  14.758 0.1250000000
84730  -55.331  -4.078  15.967 0.1250000000
84718  -54.484  -4.919  17.256 0.1250000000
84401  -23.553  -4.551  52.533 0.1250000000
85249  -25.089  -3.463  51.901 0.1250000000
85248  -21.985  -3.774  51.906 0.1250000000
85239  -22.692  -4.183  52.235 0.1250000000
85240  -23.072  -3.631  52.361 0.1250000000
84407  -21.193  -4.255  51.101 0.1250000000
83593  -21.835  -5.450  51.895 0.1250000000
83592  -21.164  -5.319  51.368 0.1250000000
87001  -26.516  -2.466  48.989 0.1250000000
137754  -20.810  -4.029  50.698 0.1250000000
86152  -26.116  -2.529  47.483 0.1250000000
87006  -25.827  -2.158  48.344 0.1250000000
84418  -20.399  -4.306  50.291 0.1250000000
86151  -25.598  -2.583  46.882 0.1250000000
83599  -20.004  -5.290  50.370 0.1250000000
86170  -25.870  -3.149  45.560 0.1250000000
86161  -26.161  -2.999  46.226 0.1250000000
84417  -19.877  -4.552  49.765 0.1250000000
85291  -26.469  -3.541  44.890 0.1250000000
120484  -25.586  -3.465  42.711 0.1250000000
85322  -24.807  -3.342  42.086 0.1250000000
86411  -58.384  -1.237  19.729 0.1250000000
87276  -58.028  -1.034  19.115 0.1250000000
139514  -57.806  -1.877  19.712 0.1250000000
86424  -57.486  -1.551  18.815 0.1250000000
86431  -56.639  -2.177  17.581 0.1250000000
87287  -57.332  -1.477  17.868 0.1250000000
86439  -56.667  -2.333  16.797 0.1250000000
86447  -57.865  -2.043  15.612 0.1250000000
86446  -56.937  -2.630  16.065 0.1250000000
85580  -57.331  -3.013  15.261 0.1250000000
136952  -24.252  -3.035  52.002 0.1250000000
86983  -24.444  -1.650  51.279 0.1250000000
86120  -23.412  -2.985  52.250 0.1250000000
86984  -25.385  -2.047  50.977 0.1250000000
86975  -22.119  -2.306  52.256 0.1250000000
87000  -25.727  -1.818  49.326 0.1250000000
86991  -25.643  -1.762  50.228 0.1250000000
86124  -21.571  -2.615  51.897 0.1250000000
85246  -20.943  -3.329  50.961 0.1250000000
87014  -25.169  -2.122  47.706 0.1250000000
85253  -20.523  -3.394  50.436 0.1250000000
86169  -24.865  -3.010  45.554 0.1250000000
86160  -25.201  -2.761  46.252 0.1250000000
85257  -20.105  -3.636  49.842 0.1250000000
86182  -24.574  -3.199  44.841 0.1250000000
85312  -24.983  -3.374  43.442 0.1250000000
85304  -25.314  -3.332  44.201 0.1250000000
88192  -58.606  -0.118  17.371 0.1250000000
87304  -58.013  -1.137  16.357 0.1250000000
87303  -57.251  -1.616  17.018 0.1250000000
86448  -58.751  -2.022  14.765 0.1250000000
123092  -58.171  -2.663  14.838 0.1250000000
86982  -23.490  -1.400  51.643 0.1250000000
86989  -23.980  -0.908  51.087 0.1250000000
86981  -22.609  -1.134  51.918 0.1250000000
86125  -23.851  -2.278  51.807 0.1250000000
87847  -24.203  -0.805  50.279 0.1250000000
139697  -22.140  -1.575  52.208 0.1250000000
136316  -21.557  -1.631  52.095 0.1250000000
87005  -24.936  -1.551  48.685 0.1250000000
86988  -20.342  -1.571  51.187 0.1250000000
86131  -20.495  -2.506  50.763 0.1250000000
87013  -24.440  -2.180  47.081 0.1250000000
85256  -19.730  -2.972  49.449 0.1250000000
84426  -19.644  -3.928  49.198 0.1250000000
85303  -24.283  -3.350  44.069 0.1250000000
86191  -23.275  -3.269  43.940 0.1250000000
85311  -23.888  -3.347  43.228 0.1250000000
87305  -58.829  -0.373  16.094 0.1250000000
87312  -58.749  -1.198  15.470 0.1250000000
86453  -59.204  -2.161  14.043 0.1250000000
87839  -22.297  -0.360  51.542 0.1250000000
87845  -22.380  0.037  50.914 0.1250000000
87854  -23.523  -0.477  49.610 0.1250000000
87838  -21.240  -0.102  51.778 0.1250000000
87855  -24.284  -0.982  49.251 0.1250000000
86980  -20.519  -0.985  51.656 0.1250000000
126405  -21.786  -0.897  52.083 0.1250000000
136618  -23.711  -0.903  48.511 0.1250000000
126366  -24.333  -1.546  48.002 0.1250000000
130633  -19.742  -1.043  50.739 0.1250000000
131851  -19.236  -1.671  49.153 0.1250000000
86168  -23.756  -2.821  45.498 0.1250000000
85265  -19.336  -3.207  48.782 0.1250000000
86142  -19.078  -2.417  48.569 0.1250000000
86180  -22.539  -2.799  44.441 0.1250000000
86179  -21.798  -2.545  43.848 0.1250000000
86198  -22.294  -3.077  43.154 0.1250000000
87371  -58.013  -1.726  9.457 0.1250000000
88779  -21.919  0.444  50.467 0.1250000000
88767  -21.665  0.346  51.286 0.1250000000
139537  -22.667  -0.036  50.018 0.1250000000
142920  -20.718  0.269  51.634 0.1250000000
88786  -22.094  0.351  49.424 0.1250000000
87853  -22.813  -0.244  48.794 0.1250000000
87837  -20.499  -0.225  51.671 0.1250000000
87867  -23.073  -0.758  47.937 0.1250000000
87843  -19.128  0.050  50.444 0.1250000000
87844  -19.540  -0.298  50.931 0.1250000000
136853  -22.351  -0.358  47.746 0.1250000000
126984  -23.366  -1.807  46.819 0.1250000000
88777  -18.719  0.286  49.777 0.1250000000
87851  -18.990  -0.345  49.880 0.1250000000
87011  -22.813  -1.093  47.279 0.1250000000
87860  -18.757  -0.416  49.245 0.1250000000
86997  -19.090  -0.910  49.558 0.1250000000
87026  -22.989  -2.153  46.089 0.1250000000
87020  -21.974  -1.530  45.717 0.1250000000
86167  -22.684  -2.470  45.273 0.1250000000
87034  -21.808  -2.079  44.796 0.1250000000
87043  -21.148  -2.076  43.490 0.1250000000
88213  -54.940  -0.421  15.095 0.1250000000
87338  -55.234  -1.719  13.104 0.1250000000
121522  -55.261  -2.581  10.797 0.1250000000
86490  -54.913  -2.507  10.110 0.1250000000
88778  -21.460  0.912  49.924 0.1250000000
88774  -21.261  0.932  50.872 0.1250000000
89595  -20.208  1.280  51.280 0.1250000000
88793  -21.568  0.357  47.778 0.1250000000
88772  -18.951  0.966  50.556 0.1250000000
87866  -21.819  -0.262  47.131 0.1250000000
128660  -18.610  1.089  49.878 0.1250000000
89609  -18.764  1.824  50.242 0.1250000000
87881  -21.340  -0.730  45.664 0.1250000000
143916  -18.532  0.102  48.972 0.1250000000
87872  -18.239  -0.360  47.539 0.1250000000
87890  -21.201  -1.103  44.979 0.1250000000
89604  -20.888  1.475  50.411 0.1250000000
89611  -21.058  1.401  49.394 0.1250000000
88785  -21.531  0.722  48.868 0.1250000000
89596  -20.681  1.325  51.042 0.1250000000
89617  -21.040  1.180  48.309 0.1250000000
89602  -19.814  1.896  51.029 0.1250000000
90391  -19.169  2.612  50.512 0.1250000000
88801  -21.292  0.159  46.805 0.1250000000
89615  -18.503  1.674  49.391 0.1250000000
90399  -18.719  2.656  49.764 0.1250000000
87873  -21.723  -0.656  46.404 0.1250000000
88807  -21.063  -0.076  45.993 0.1250000000
88784  -18.487  0.802  49.119 0.1250000000
131816  -18.456  2.332  48.713 0.1250000000
139312  -20.552  0.345  44.970 0.1250000000
88791  -18.341  0.422  48.153 0.1250000000
89620  -18.346  1.417  48.401 0.1250000000
88799  -18.081  0.369  47.065 0.1250000000
89626  -18.183  1.187  47.368 0.1250000000
89633  -18.112  1.858  46.368 0.1250000000
89610  -20.684  2.089  50.023 0.1250000000
89616  -20.730  1.969  48.933 0.1250000000
89621  -20.677  1.890  47.764 0.1250000000
90400  -20.312  2.803  50.488 0.1250000000
130382  -20.612  1.477  46.868 0.1250000000
90392  -19.601  2.509  50.786 0.1250000000
88800  -20.735  0.759  46.335 0.1250000000
89627  -20.496  1.647  46.162 0.1250000000
88806  -20.672  0.449  45.547 0.1250000000
89634  -20.391  1.751  45.425 0.1250000000
130600  -18.912  3.698  48.854 0.1250000000
128634  -18.301  2.108  47.610 0.1250000000
90415  -18.372  2.806  46.785 0.1250000000
89632  -17.771  1.170  45.667 0.1250000000
90405  -20.670  2.772  49.677 0.1250000000
90410  -20.748  2.724  48.570 0.1250000000
134390  -20.662  2.780  47.661 0.1250000000
91145  -20.119  3.455  50.527 0.1250000000
90416  -20.557  2.434  46.832 0.1250000000
91909  -20.098  4.091  50.329 0.1250000000
90422  -20.500  2.555  45.900 0.1250000000
91157  -20.053  4.818  50.030 0.1250000000
90429  -20.433  2.625  45.092 0.1250000000
91156  -19.388  4.304  49.614 0.1250000000
144378  -16.026  2.028  43.614 0.1250000000
91164  -18.870  3.791  48.013 0.1250000000
89639  -16.894  1.354  44.207 0.1250000000
91171  -18.677  3.604  47.114 0.1250000000
89640  -17.396  1.259  44.815 0.1250000000
90421  -18.227  2.738  45.677 0.1250000000
91165  -20.936  3.460  48.085 0.1250000000
91151  -20.515  4.042  50.169 0.1250000000
91166  -21.227  3.991  47.201 0.1250000000
91152  -21.072  4.443  49.742 0.1250000000
91172  -20.755  3.256  47.209 0.1250000000
91910  -20.675  4.860  49.976 0.1250000000
134420  -20.765  3.361  46.437 0.1250000000
88811  -13.910  0.819  44.482 0.1250000000
92666  -20.205  5.473  49.582 0.1250000000
92667  -20.634  6.056  49.383 0.1250000000
91179  -20.754  3.458  45.561 0.1250000000
90432  -15.412  2.202  43.592 0.1250000000
92673  -19.994  5.764  48.699 0.1250000000
92674  -20.557  6.491  48.631 0.1250000000
91921  -19.045  4.315  47.527 0.1250000000
91928  -18.861  4.218  46.465 0.1250000000
90427  -17.383  2.737  44.229 0.1250000000
91178  -18.557  3.487  46.054 0.1250000000
90428  -17.994  2.869  44.828 0.1250000000
91187  -18.318  3.449  45.110 0.1250000000
91158  -20.905  3.624  49.392 0.1250000000
91159  -21.439  4.316  48.631 0.1250000000
131086  -21.777  4.681  47.607 0.1250000000
92660  -21.306  5.667  49.609 0.1250000000
91930  -21.849  4.735  46.629 0.1250000000
93447  -21.831  6.769  49.202 0.1250000000
93443  -21.276  6.171  49.488 0.1250000000
91173  -21.268  4.135  46.086 0.1250000000
90431  -14.702  2.311  43.794 0.1250000000
135839  -20.968  7.043  48.549 0.1250000000
91180  -21.277  4.236  45.195 0.1250000000
91940  -21.966  4.809  45.670 0.1250000000
91194  -16.038  2.838  43.502 0.1250000000
91929  -19.214  4.940  46.899 0.1250000000
92682  -19.663  5.680  47.402 0.1250000000
91948  -22.020  4.832  44.807 0.1250000000
90433  -16.751  3.022  43.695 0.1250000000
91939  -18.999  4.817  45.978 0.1250000000
91186  -17.797  3.499  44.387 0.1250000000
91938  -18.646  4.243  45.378 0.1250000000
91917  -21.469  5.075  49.514 0.1250000000
90424  -13.638  2.452  44.967 0.1250000000
92668  -22.014  5.709  49.166 0.1250000000
91923  -21.963  5.110  48.453 0.1250000000
91931  -22.428  5.279  47.322 0.1250000000
91185  -14.511  3.101  44.068 0.1250000000
92669  -22.569  6.172  48.659 0.1250000000
92676  -22.961  5.895  47.679 0.1250000000
91193  -15.190  3.007  43.614 0.1250000000
94101  -21.559  7.257  48.782 0.1250000000
93455  -23.561  6.667  46.993 0.1250000000
92683  -23.102  5.727  46.697 0.1250000000
91941  -22.621  5.285  46.187 0.1250000000
91195  -16.435  3.676  43.533 0.1250000000
91947  -17.685  4.278  44.005 0.1250000000
92698  -18.477  5.587  44.387 0.1250000000
92689  -18.860  5.139  45.193 0.1250000000
93459  -19.953  6.386  46.865 0.1250000000
94107  -21.230  7.581  48.061 0.1250000000
92691  -23.174  5.723  45.824 0.1250000000
91949  -22.702  5.319  45.301 0.1250000000
91196  -17.171  3.625  43.784 0.1250000000
141251  -18.194  4.025  44.605 0.1250000000
91184  -13.935  3.139  44.743 0.1250000000
91177  -14.324  3.910  44.537 0.1250000000
91954  -14.953  3.821  43.831 0.1250000000
124549  -16.047  5.003  43.559 0.1250000000
94122  -19.727  7.508  45.449 0.1250000000
94856  -20.730  9.020  45.852 0.1250000000
137108  -21.926  9.674  46.169 0.1250000000
95610  -22.979  10.034  45.945 0.1250000000
96365  -23.393  10.082  45.402 0.1250000000
129343  -15.705  3.689  43.511 0.1250000000
91957  -16.844  4.527  43.568 0.1250000000
93477  -17.339  6.188  43.689 0.1250000000
94846  -21.284  8.679  46.681 0.1250000000
94847  -22.168  8.907  47.040 0.1250000000
95604  -23.429  8.786  46.507 0.1250000000
95620  -23.579  9.396  45.330 0.1250000000
92697  -17.674  5.267  43.806 0.1250000000
92699  -19.100  5.991  45.079 0.1250000000
93464  -19.661  6.567  45.805 0.1250000000
94116  -21.615  8.257  47.543 0.1250000000
94866  -23.633  8.479  45.135 0.1250000000
94873  -23.445  8.132  44.461 0.1250000000
91170  -13.258  3.319  46.196 0.1250000000
91936  -13.730  4.757  46.069 0.1250000000
92688  -14.319  5.563  45.431 0.1250000000
93462  -14.578  6.278  45.279 0.1250000000
130994  -20.132  10.033  44.661 0.1250000000
97100  -20.136  10.963  44.150 0.1250000000
97101  -21.237  11.441  44.508 0.1250000000
132169  -13.545  3.059  45.396 0.1250000000
91937  -14.205  4.812  45.182 0.1250000000
92695  -14.707  5.472  44.713 0.1250000000
93468  -15.205  6.106  44.385 0.1250000000
94128  -17.384  7.756  43.814 0.1250000000
130293  -18.111  8.342  44.020 0.1250000000
95618  -19.348  9.487  44.453 0.1250000000
96362  -21.724  10.288  45.441 0.1250000000
96373  -22.060  10.962  45.077 0.1250000000
97102  -22.337  11.826  44.678 0.1250000000
92696  -15.305  5.287  43.989 0.1250000000
93470  -16.299  7.027  43.884 0.1250000000
139683  -19.008  8.051  44.630 0.1250000000
94855  -19.908  8.466  45.345 0.1250000000
96364  -23.166  10.496  45.371 0.1250000000
93476  -16.474  6.393  43.731 0.1250000000
93471  -17.945  6.912  43.862 0.1250000000
143013  -19.190  7.392  44.831 0.1250000000
96374  -23.356  10.839  44.834 0.1250000000
97092  -23.030  11.164  45.029 0.1250000000
93472  -18.593  6.433  44.374 0.1250000000
95625  -23.468  9.320  44.665 0.1250000000
91927  -13.468  4.756  46.881 0.1250000000
92680  -13.726  5.420  46.571 0.1250000000
92681  -14.074  5.910  46.079 0.1250000000
93463  -15.159  6.949  44.705 0.1250000000
94863  -16.482  8.151  43.986 0.1250000000
97789  -22.528  12.881  44.360 0.1250000000
94864  -17.261  8.636  43.855 0.1250000000
96371  -19.288  10.285  44.065 0.1250000000
95616  -17.256  9.554  43.822 0.1250000000
95623  -17.695  10.256  43.722 0.1250000000
97103  -23.186  12.004  44.550 0.1250000000
97790  -23.224  12.783  44.228 0.1250000000
92672  -13.475  5.512  47.514 0.1250000000
133513  -23.469  11.245  44.274 0.1250000000
141731  -23.313  11.391  44.682 0.1250000000
129213  -13.584  6.334  47.705 0.1250000000
93457  -13.766  6.147  46.905 0.1250000000
96381  -23.403  10.443  44.394 0.1250000000
97104  -23.404  11.594  44.386 0.1250000000
93451  -13.792  7.011  47.283 0.1250000000
94113  -14.195  7.510  46.469 0.1250000000
93441  -12.801  6.950  49.949 0.1250000000
94105  -13.640  7.698  48.054 0.1250000000
130973  -14.167  8.458  46.654 0.1250000000
94853  -14.652  8.651  45.720 0.1250000000
94100  -13.406  7.634  48.876 0.1250000000
94840  -13.747  8.584  47.887 0.1250000000
137694  -14.949  10.028  45.011 0.1250000000
96368  -15.469  10.410  44.585 0.1250000000
95607  -14.357  9.364  46.245 0.1250000000
95608  -14.819  9.348  45.350 0.1250000000
95602  -13.981  9.391  47.302 0.1250000000
94862  -15.701  8.425  44.465 0.1250000000
97112  -20.444  11.970  43.984 0.1250000000
97788  -21.431  12.419  44.311 0.1250000000
93458  -14.157  6.672  46.274 0.1250000000
94121  -15.122  7.846  44.998 0.1250000000
95615  -16.370  9.008  44.092 0.1250000000
97111  -19.526  11.723  43.724 0.1250000000
97798  -20.642  12.781  44.027 0.1250000000
94120  -14.603  7.977  45.781 0.1250000000
97791  -23.453  12.362  44.074 0.1250000000
94854  -15.116  8.643  45.064 0.1250000000
97799  -23.506  12.775  43.502 0.1250000000
94096  -12.498  7.616  50.266 0.1250000000
94097  -13.031  7.654  49.628 0.1250000000
139268  -13.735  9.448  48.229 0.1250000000
96361  -14.897  10.779  45.232 0.1250000000
96370  -16.925  10.441  43.808 0.1250000000
96377  -17.500  10.936  43.694 0.1250000000
97109  -17.954  11.398  43.645 0.1250000000
97796  -18.892  12.385  43.700 0.1250000000
97797  -19.809  12.586  43.801 0.1250000000
96379  -19.219  11.005  43.784 0.1250000000
131526  -16.223  9.937  44.077 0.1250000000
96378  -18.392  10.712  43.705 0.1250000000
119595  -21.486  13.518  44.204 0.1250000000
95614  -15.474  9.397  44.613 0.1250000000
98433  -23.347  13.199  43.865 0.1250000000
98431  -20.277  13.428  44.058 0.1250000000
119912  -20.953  14.398  44.352 0.1250000000
130931  -16.813  11.161  43.893 0.1250000000
99038  -21.959  14.707  44.350 0.1250000000
142941  -23.087  13.457  44.148 0.1250000000
99039  -22.442  15.101  44.139 0.1250000000
98437  -23.003  14.200  43.795 0.1250000000
96369  -16.169  10.867  44.184 0.1250000000
97098  -16.343  11.838  44.308 0.1250000000
97786  -17.193  12.647  44.214 0.1250000000
99044  -23.074  14.536  43.209 0.1250000000
97099  -17.268  11.696  43.826 0.1250000000
97795  -18.007  12.129  43.727 0.1250000000
141582  -22.104  15.419  44.425 0.1250000000
98432  -22.522  13.999  44.186 0.1250000000
97787  -18.272  13.000  43.943 0.1250000000
99669  -22.292  15.809  43.999 0.1250000000
99670  -22.641  15.152  43.787 0.1250000000
98436  -19.269  13.224  43.923 0.1250000000
98430  -19.827  14.096  44.281 0.1250000000
99665  -21.585  15.513  44.708 0.1250000000
98429  -18.765  13.847  44.306 0.1250000000
99036  -19.398  14.701  44.780 0.1250000000
99664  -21.029  15.905  45.252 0.1250000000
136659  -21.428  16.381  45.097 0.1250000000
99666  -22.060  15.837  44.442 0.1250000000
100370  -21.718  16.225  43.887 0.1250000000
99661  -20.703  16.477  45.581 0.1250000000
73906  -47.528  -15.479  28.427 0.1250000000
75740  -48.798  -14.097  28.585 0.1250000000
82735  -25.339  -7.033  51.757 0.1250000000
81874  -25.358  -7.268  52.425 0.1250000000
133830  -26.045  -5.280  50.047 0.1250000000
83583  -25.535  -6.388  52.992 0.1250000000
82775  -24.543  -6.013  49.148 0.1250000000
81850  -23.491  -7.431  53.801 0.1250000000
81860  -22.266  -6.956  52.963 0.1250000000
80970  -20.219  -7.871  52.669 0.1250000000
74795  -44.956  -15.208  31.245 0.1250000000
78537  -46.057  -11.126  29.653 0.1250000000
82132  -58.979  -7.419  23.517 0.1250000000
84700  -58.432  -4.833  20.285 0.1250000000
80176  -18.638  -9.908  41.598 0.1250000000
80162  -19.135  -9.274  42.243 0.1250000000
87288  -58.052  -0.671  18.180 0.1250000000
77571  -11.019  -12.013  34.262 0.1250000000
88203  -58.527  -0.395  16.748 0.1250000000
87297  -57.909  -0.829  17.241 0.1250000000
136846  -59.448  -1.749  13.269 0.1250000000
78281  -18.613  -11.510  55.797 0.1250000000
79208  -23.859  -10.222  52.711 0.1250000000
123042  -22.466  -10.112  54.747 0.1250000000
80081  -24.419  -9.464  53.418 0.1250000000
80983  -22.857  -8.881  50.829 0.1250000000
86403  -58.296  -2.236  20.329 0.1250000000
140384  -42.324  -30.407  32.802 0.1250000000
80098  -21.125  -9.152  49.000 0.1250000000
86132  -26.281  -2.606  50.519 0.1250000000
82764  -24.048  -6.636  49.605 0.1250000000
80994  -22.384  -8.449  49.983 0.1250000000
47629  -30.565  -40.474  48.680 0.1250000000
127509  -43.249  -17.536  37.635 0.1250000000
129061  -42.691  -17.552  36.305 0.1250000000
72802  -42.525  -17.604  34.658 0.1250000000
126614  -42.044  -17.625  34.019 0.1250000000
72828  -42.774  -17.224  32.816 0.1250000000
90425  -14.125  2.388  44.332 0.1250000000
92658  -12.885  6.196  49.521 0.1250000000
79188  -17.293  -10.676  55.649 0.1250000000
87343  -59.295  -1.965  12.069 0.1250000000
82749  -17.682  -6.924  50.361 0.1250000000
91163  -13.196  3.963  47.010 0.1250000000
93442  -13.226  6.897  49.154 0.1250000000
74815  -41.894  -15.491  29.203 0.1250000000
74827  -41.413  -15.195  28.552 0.1250000000
72753  -41.102  -17.357  38.097 0.1250000000
127197  -41.575  -17.374  37.301 0.1250000000
74825  -39.950  -15.666  28.282 0.1250000000
75747  -42.237  -13.865  27.783 0.1250000000
138198  -43.723  -13.873  29.171 0.1250000000
76677  -43.586  -13.255  28.566 0.1250000000
75745  -40.041  -14.502  27.217 0.1250000000
76685  -40.790  -13.861  27.013 0.1250000000
72752  -40.304  -17.303  37.829 0.1250000000
76671  -45.192  -13.161  30.026 0.1250000000
78554  -43.522  -11.451  28.054 0.1250000000
78578  -39.308  -11.591  25.789 0.1250000000
81056  -20.319  -8.413  44.385 0.1250000000
81067  -19.665  -8.744  42.821 0.1250000000
81074  -19.642  -8.624  41.811 0.1250000000
81083  -20.236  -8.122  41.401 0.1250000000
78544  -44.094  -10.837  28.277 0.1250000000
81029  -21.035  -8.078  46.705 0.1250000000
81918  -20.904  -7.880  43.896 0.1250000000
125143  -46.440  -10.111  29.392 0.1250000000
80333  -41.170  -9.379  26.922 0.1250000000
132344  -37.504  -9.568  25.408 0.1250000000
134753  -21.981  -7.152  42.013 0.1250000000
126157  -43.041  -8.470  27.594 0.1250000000
80322  -42.479  -9.060  27.464 0.1250000000
80332  -40.468  -9.022  26.706 0.1250000000
81894  -22.423  -7.355  48.659 0.1250000000
81899  -22.253  -7.174  47.689 0.1250000000
82799  -23.182  -6.599  44.311 0.1250000000
82861  -24.943  -6.899  38.193 0.1250000000
81213  -46.551  -8.493  28.675 0.1250000000
141556  -42.800  -7.473  27.419 0.1250000000
82947  -43.670  -6.793  27.313 0.1250000000
80320  -41.025  -8.391  26.970 0.1250000000
126062  -43.028  -6.599  26.668 0.1250000000
81227  -38.792  -7.644  25.834 0.1250000000
123605  -40.259  -7.629  26.320 0.1250000000
80954  -23.532  -8.670  54.329 0.1250000000
82792  -23.696  -6.113  45.748 0.1250000000
82800  -24.215  -6.253  44.398 0.1250000000
82083  -39.471  -7.453  25.902 0.1250000000
80963  -22.311  -7.891  53.681 0.1250000000
83615  -26.297  -4.864  49.402 0.1250000000
82831  -25.208  -6.426  41.277 0.1250000000
123851  -26.980  -6.089  40.118 0.1250000000
82843  -27.444  -5.355  41.148 0.1250000000
82863  -26.951  -6.109  38.345 0.1250000000
82096  -39.407  -7.164  25.627 0.1250000000
83008  -39.498  -7.002  25.298 0.1250000000
126832  -57.520  -9.815  22.327 0.1250000000
81859  -21.372  -7.191  52.614 0.1250000000
83640  -26.589  -4.679  46.909 0.1250000000
83659  -26.957  -4.813  45.032 0.1250000000
82822  -26.527  -5.922  43.041 0.1250000000
82833  -27.123  -5.633  41.774 0.1250000000
79468  -58.610  -9.552  21.886 0.1250000000
84419  -26.740  -4.427  49.470 0.1250000000
83669  -27.061  -4.733  44.369 0.1250000000
85325  -27.013  -4.516  42.883 0.1250000000
84719  -54.978  -4.241  17.918 0.1250000000
141935  -55.349  -3.637  17.343 0.1250000000
85574  -54.966  -4.129  16.886 0.1250000000
86139  -27.042  -3.140  49.168 0.1250000000
86183  -25.563  -3.283  44.887 0.1250000000
86410  -57.154  -2.433  19.386 0.1250000000
86423  -56.819  -2.166  18.489 0.1250000000
85558  -55.870  -3.324  18.754 0.1250000000
85567  -55.510  -3.426  18.069 0.1250000000
120989  -56.241  -2.954  16.478 0.1250000000
85579  -56.261  -3.437  15.729 0.1250000000
85241  -24.182  -3.889  52.344 0.1250000000
85247  -21.420  -3.459  51.459 0.1250000000
127912  -24.628  -3.359  42.761 0.1250000000
86440  -57.314  -1.924  16.390 0.1250000000
86990  -24.811  -1.326  50.632 0.1250000000
86123  -20.923  -2.491  51.389 0.1250000000
86159  -24.077  -2.553  46.265 0.1250000000
86181  -23.498  -3.083  44.733 0.1250000000
86130  -19.986  -1.835  50.419 0.1250000000
86137  -19.677  -2.104  49.704 0.1250000000
86979  -20.022  -0.669  51.329 0.1250000000
137711  -20.305  0.524  51.518 0.1250000000
88794  -22.089  0.177  48.500 0.1250000000
88773  -19.432  0.483  51.022 0.1250000000
87021  -22.481  -1.343  46.563 0.1250000000
132054  -19.498  1.257  51.059 0.1250000000
88792  -20.886  0.904  47.312 0.1250000000
89601  -19.272  1.873  50.769 0.1250000000
90393  -19.957  2.710  50.799 0.1250000000
91144  -19.719  3.266  50.569 0.1250000000
128556  -19.004  3.539  49.701 0.1250000000
91915  -19.206  4.383  48.612 0.1250000000
91922  -19.415  5.053  48.106 0.1250000000
93453  -20.569  6.987  47.670 0.1250000000
92661  -21.916  6.275  49.294 0.1250000000
93448  -22.490  6.774  48.859 0.1250000000
92677  -23.349  6.162  47.113 0.1250000000
93449  -22.876  7.155  48.393 0.1250000000
94108  -21.903  7.856  48.281 0.1250000000
94109  -22.797  7.564  48.183 0.1250000000
92684  -23.446  6.155  46.356 0.1250000000
122473  -23.673  8.003  46.254 0.1250000000
94110  -23.307  7.372  47.645 0.1250000000
94114  -20.276  7.198  46.482 0.1250000000
94115  -20.908  7.819  47.114 0.1250000000
92700  -23.173  5.778  45.059 0.1250000000
92704  -15.891  5.850  43.805 0.1250000000
94123  -20.463  8.110  46.160 0.1250000000
95609  -20.919  9.812  45.386 0.1250000000
96363  -22.585  10.435  45.549 0.1250000000
95603  -22.838  9.363  46.543 0.1250000000
95611  -23.431  9.488  45.979 0.1250000000
126857  -23.507  10.082  44.974 0.1250000000
94134  -16.997  6.979  43.721 0.1250000000
94841  -22.320  8.303  47.701 0.1250000000
94857  -23.655  8.688  45.789 0.1250000000
94124  -23.685  7.793  45.570 0.1250000000
136973  -14.621  7.204  45.571 0.1250000000
95619  -20.058  9.278  45.118 0.1250000000
96372  -21.035  10.560  44.870 0.1250000000
94126  -15.836  7.520  44.231 0.1250000000
94129  -18.242  7.671  44.088 0.1250000000
94865  -18.702  8.898  44.285 0.1250000000
124533  -17.949  9.022  43.921 0.1250000000
128486  -19.421  8.834  44.773 0.1250000000
95617  -18.395  9.715  43.912 0.1250000000
94839  -13.508  8.266  48.649 0.1250000000
99037  -20.521  15.056  44.764 0.1250000000
40772  -17.984  -48.080  52.832 0.7500000000
40775  -18.675  -48.123  52.115 0.7500000000
40781  -20.108  -47.637  51.078 0.6250000000
40788  -20.471  -47.072  49.925 0.6250000000
40791  -19.598  -47.140  49.805 0.6250000000
40794  -20.894  -46.889  49.619 0.5000000000
40795  -21.246  -46.784  49.637 0.5000000000
40819  -19.929  -46.758  48.194 0.5000000000
41701  -16.954  -47.122  53.070 0.7500000000
41702  -17.944  -47.040  52.866 0.7500000000
41704  -19.033  -47.142  52.701 0.7500000000
41708  -16.974  -47.989  53.087 0.7500000000
41717  -19.757  -47.268  52.051 0.6250000000
41718  -20.070  -47.299  51.431 0.6250000000
41719  -21.380  -46.683  50.245 0.6250000000
41723  -21.031  -46.859  50.278 0.6250000000
41725  -22.142  -46.323  49.931 0.5000000000
41730  -21.447  -46.724  49.831 0.6250000000
41739  -21.797  -46.585  49.432 0.5000000000
41741  -23.212  -45.919  48.769 0.5000000000
41753  -21.210  -46.715  48.030 0.5000000000
41796  -22.107  -46.560  47.027 0.5000000000
42597  -16.027  -46.071  53.554 0.7500000000
42602  -16.487  -46.492  53.308 0.7500000000
42606  -14.930  -45.346  52.992 0.5000000000
42609  -17.455  -46.903  53.024 0.7500000000
42620  -20.700  -46.429  51.067 0.6250000000
42627  -15.222  -45.503  52.331 0.5000000000
42639  -23.515  -45.474  49.612 0.5000000000
42652  -24.171  -45.032  49.245 0.5000000000
43586  -14.022  -45.015  54.085 0.5000000000
43588  -15.743  -45.384  54.191 0.6250000000
43592  -13.881  -44.741  53.901 0.5000000000
43594  -14.769  -45.038  53.857 0.5000000000
43595  -15.243  -45.529  53.661 0.6250000000
43601  -14.336  -44.825  53.640 0.5000000000
43603  -19.196  -46.227  52.231 0.7500000000
43607  -13.057  -44.452  52.106 0.5000000000
43612  -22.978  -45.103  50.411 0.6250000000
43614  -8.966  -44.141  49.929 0.2500000000
43617  -11.743  -44.405  50.558 0.3750000000
43619  -24.086  -44.668  50.090 0.5000000000
43627  -25.059  -44.110  49.457 0.5000000000
43630  -7.598  -44.868  48.382 0.1250000000
43636  -24.612  -44.705  48.776 0.5000000000
43637  -25.025  -44.306  48.653 0.5000000000
44550  -14.526  -44.599  54.370 0.6250000000
44553  -13.518  -44.468  54.037 0.5000000000
44555  -13.829  -45.019  54.603 0.5000000000
44560  -12.708  -44.041  53.015 0.5000000000
44562  -13.790  -44.400  54.013 0.5000000000
44583  -23.857  -44.550  50.295 0.6250000000
44588  -25.524  -43.641  49.361 0.5000000000
44592  -25.434  -43.816  49.082 0.5000000000
44597  -25.509  -43.766  48.588 0.5000000000
44604  -25.663  -43.575  47.878 0.3750000000
45542  -13.524  -44.892  54.804 0.5000000000
45545  -14.788  -43.893  54.746 0.8750000000
45548  -13.618  -44.616  54.451 0.5000000000
45554  -16.626  -44.742  53.733 0.7500000000
45563  -9.892  -43.559  51.046 0.5000000000
45575  -7.562  -43.361  49.547 0.3750000000
45576  -8.099  -43.440  49.825 0.3750000000
45584  -25.314  -43.347  50.140 0.5000000000
45585  -26.025  -42.886  50.014 0.6250000000
45589  -26.389  -42.800  49.496 0.5000000000
45596  -27.031  -42.158  48.840 0.3750000000
46552  -14.011  -43.923  54.252 0.6250000000
46556  -13.569  -43.881  53.940 0.5000000000
46561  -12.756  -43.546  53.369 0.6250000000
46566  -9.131  -42.958  50.668 0.3750000000
46572  -24.229  -42.839  50.399 0.6250000000
46574  -25.626  -42.406  50.412 0.6250000000
46575  -26.306  -42.177  50.355 0.6250000000
46586  -7.256  -43.091  49.419 0.3750000000
46592  -22.627  -43.299  50.341 0.7500000000
46593  -27.016  -42.198  49.444 0.5000000000
46595  -5.770  -43.462  48.167 0.1250000000
47577  -13.420  -42.937  54.003 0.7500000000
47591  -8.641  -42.696  50.370 0.3750000000
47607  -26.807  -42.048  50.184 0.6250000000
47644  -4.273  -43.541  47.134 0.1250000000
48662  -15.867  -41.106  54.351 0.8750000000
48676  -26.829  -41.035  50.443 0.6250000000
48679  -8.153  -41.911  50.021 0.5000000000
48683  -27.825  -40.719  50.031 0.6250000000
48684  -28.270  -40.187  49.682 0.6250000000
48687  -7.915  -41.448  49.641 0.5000000000
48698  -29.088  -40.111  48.067 0.3750000000
48712  -5.685  -42.931  47.012 0.1250000000
49749  -26.353  -40.621  50.519 0.7500000000
49753  -9.069  -41.091  50.211 0.5000000000
49770  -7.398  -41.071  49.022 0.5000000000
49779  -7.349  -41.143  48.893 0.3750000000
49786  -7.185  -41.797  47.511 0.1250000000
50741  -26.062  -39.934  50.458 0.7500000000
50747  -25.336  -40.274  50.181 0.7500000000
50748  -25.760  -39.914  50.330 0.7500000000
50769  -7.973  -40.847  48.831 0.5000000000
50784  -36.858  -37.895  45.040 0.1250000000
50835  -5.494  -41.375  42.639 0.1250000000
50839  -38.988  -38.706  42.473 0.1250000000
50859  -5.259  -41.057  39.644 0.1250000000
51709  -27.070  -39.231  50.496 0.7500000000
51715  -26.531  -38.680  50.304 0.7500000000
51735  -7.996  -40.861  48.670 0.3750000000
51760  -38.154  -37.032  44.714 0.2500000000
51785  -19.396  -38.746  44.272 1.0000000000
51813  -20.532  -37.891  42.830 0.8750000000
52646  -28.048  -38.099  50.425 0.7500000000
52666  -26.680  -37.694  49.906 0.7500000000
52715  -39.146  -36.022  45.332 0.5000000000
52716  -39.791  -35.758  44.978 0.5000000000
52728  -18.927  -37.817  44.224 1.0000000000
52793  -12.508  -36.964  37.786 0.2500000000
52803  -11.302  -37.746  36.277 0.1250000000
53642  -27.295  -37.314  50.017 0.7500000000
53643  -28.549  -36.348  50.034 0.7500000000
53658  -32.627  -36.661  49.173 0.6250000000
53691  -38.785  -35.652  45.648 0.5000000000
53706  -24.759  -36.998  45.070 0.7500000000
53708  -40.139  -35.221  45.006 0.6250000000
53782  -11.364  -36.570  36.163 0.1250000000
54632  -30.680  -36.029  50.468 0.7500000000
54633  -31.207  -35.905  50.345 0.7500000000
54637  -28.355  -36.189  49.701 0.7500000000
54638  -28.887  -35.893  49.902 0.7500000000
54662  -6.915  -33.391  47.150 1.0000000000
54669  -38.570  -34.802  46.099 0.7500000000
54672  -6.010  -34.101  46.198 0.8750000000
54673  -6.291  -34.091  46.136 0.8750000000
54674  -6.724  -33.876  46.206 0.8750000000
54682  -5.924  -34.333  45.561 0.8750000000
54695  -6.629  -34.415  45.196 0.8750000000
54696  -7.178  -34.285  45.128 0.8750000000
54745  -5.231  -34.324  40.958 0.8750000000
54775  -21.279  -35.277  40.408 1.0000000000
54776  -22.036  -35.311  40.233 0.8750000000
54812  -12.334  -35.885  37.822 0.2500000000
55637  -29.391  -35.554  49.996 0.7500000000
55638  -29.937  -35.460  50.240 0.7500000000
55640  -31.046  -35.302  50.227 0.7500000000
55652  -29.189  -35.450  49.623 0.7500000000
55653  -29.485  -35.030  49.377 0.7500000000
55656  -5.961  -32.712  48.487 1.0000000000
55658  -6.557  -33.220  47.738 1.0000000000
55659  -6.957  -32.959  47.957 1.0000000000
55663  -28.839  -35.265  48.881 0.7500000000
55664  -29.197  -34.986  48.885 0.7500000000
55669  -5.930  -33.237  47.687 0.8750000000
55683  -5.972  -33.580  46.966 0.8750000000
55704  -40.694  -33.801  45.600 1.0000000000
55727  -5.229  -33.815  42.697 0.8750000000
55739  -40.266  -33.800  44.182 0.7500000000
55787  -22.070  -34.206  39.581 0.8750000000
56654  -30.077  -35.126  50.056 0.7500000000
56659  -29.813  -34.930  49.652 0.7500000000
56661  -30.682  -34.388  49.557 0.8750000000
56669  -30.152  -34.554  49.412 0.7500000000
56678  -29.699  -34.584  48.908 0.7500000000
56685  -5.800  -32.831  48.147 1.0000000000
56705  -8.208  -32.949  46.352 1.0000000000
56778  -5.338  -33.475  39.611 0.6250000000
57696  -30.592  -34.154  49.219 0.8750000000
57697  -31.214  -33.701  49.096 0.8750000000
57698  -32.009  -33.332  49.046 0.8750000000
57709  -33.587  -33.041  48.480 0.8750000000
57710  -34.376  -32.521  48.096 0.6250000000
57714  -7.277  -32.106  49.467 1.0000000000
57721  -30.571  -33.791  48.596 0.8750000000
57725  -38.295  -32.467  46.357 1.0000000000
57738  -39.742  -32.422  45.566 1.0000000000
57760  -40.965  -31.681  44.684 1.0000000000
57782  -40.771  -32.080  44.057 1.0000000000
57803  -42.074  -30.908  42.519 0.8750000000
57822  -23.014  -33.135  39.392 0.8750000000
57881  -4.775  -33.357  33.437 0.1250000000
57905  -44.883  -31.122  32.560 0.3750000000
58701  -17.122  -31.395  55.585 1.0000000000
58713  -8.002  -30.502  50.990 1.0000000000
58717  -32.716  -32.707  48.508 0.8750000000
58726  -31.939  -32.680  48.259 0.8750000000
58731  -5.596  -31.671  48.573 1.0000000000
58741  -32.565  -32.322  47.851 0.8750000000
58742  -35.922  -32.526  47.366 1.0000000000
58744  -37.608  -32.305  46.620 1.0000000000
58746  -38.729  -32.044  46.250 1.0000000000
58757  -39.605  -31.971  45.733 1.0000000000
58765  -31.889  -31.851  46.925 1.0000000000
58800  -29.292  -31.217  44.013 1.0000000000
58802  -42.211  -30.231  43.286 1.0000000000
58840  -21.232  -31.601  39.492 1.0000000000
58858  -4.922  -31.717  35.764 0.5000000000
58873  -5.252  -31.882  34.897 0.2500000000
58927  -45.275  -31.021  31.947 0.3750000000
58929  -46.789  -30.312  31.444 0.3750000000
59733  -6.595  -30.123  51.478 1.0000000000
59752  -33.876  -32.008  47.979 0.8750000000
59753  -34.725  -32.110  47.823 0.8750000000
59761  -32.858  -32.083  47.562 0.8750000000
59764  -35.099  -31.833  47.535 0.8750000000
59765  -36.038  -31.901  47.298 1.0000000000
59767  -38.210  -31.893  46.452 1.0000000000
59768  -38.621  -31.691  46.333 1.0000000000
59780  -38.919  -31.211  46.263 1.0000000000
59784  -12.917  -29.840  47.357 1.0000000000
59792  -40.279  -31.068  45.548 1.0000000000
59808  -41.659  -30.125  44.356 1.0000000000
59818  -34.166  -30.631  44.934 1.0000000000
59824  -13.150  -30.889  44.857 0.8750000000
59860  -43.142  -29.854  41.648 0.8750000000
59875  -43.405  -29.740  41.096 0.8750000000
59881  -19.947  -30.731  40.293 1.0000000000
59923  -44.349  -29.686  36.731 0.6250000000
59933  -5.079  -31.591  35.531 0.5000000000
60846  -6.574  -28.658  52.859 1.0000000000
60887  -33.564  -31.587  47.225 1.0000000000
60888  -34.070  -31.585  47.323 0.8750000000
60889  -34.679  -31.529  47.308 1.0000000000
60891  -36.843  -31.595  46.836 1.0000000000
60900  -33.452  -31.318  46.954 1.0000000000
60901  -33.902  -31.319  46.911 1.0000000000
60903  -35.158  -31.265  47.030 1.0000000000
60904  -36.243  -31.269  46.836 1.0000000000
60907  -39.065  -30.724  46.211 1.0000000000
60916  -32.961  -30.915  46.653 1.0000000000
60918  -38.654  -30.087  46.013 1.0000000000
60925  -14.358  -29.920  46.906 1.0000000000
60962  -43.186  -29.524  42.081 1.0000000000
61013  -5.935  -30.262  39.313 0.8750000000
61044  -44.497  -28.912  38.359 0.8750000000
61062  -6.223  -29.877  36.245 0.5000000000
61063  -6.642  -29.565  36.175 0.6250000000
61092  -30.588  -29.074  33.478 0.7500000000
61109  -50.634  -28.393  32.054 1.0000000000
61169  -45.881  -28.149  27.498 0.2500000000
61920  -16.908  -28.386  54.225 1.0000000000
61924  -6.640  -28.186  53.060 1.0000000000
61929  -6.049  -28.600  52.813 1.0000000000
61931  -7.683  -28.726  52.168 1.0000000000
61939  -8.873  -28.962  51.024 1.0000000000
61962  -33.980  -31.196  46.836 1.0000000000
61965  -36.883  -30.942  46.470 1.0000000000
61971  -35.268  -30.868  46.453 1.0000000000
61973  -37.526  -30.477  46.043 1.0000000000
61977  -40.182  -29.598  45.361 1.0000000000
61984  -33.636  -30.835  46.491 1.0000000000
61985  -34.547  -30.786  46.323 1.0000000000
61989  -38.935  -29.507  45.260 1.0000000000
61992  -40.605  -29.216  45.011 1.0000000000
61994  -41.140  -28.976  44.819 1.0000000000
62004  -41.865  -29.048  44.245 1.0000000000
62012  -38.895  -29.189  44.387 1.0000000000
62021  -43.064  -28.813  42.535 1.0000000000
62029  -43.525  -28.870  41.552 0.8750000000
62131  -51.196  -27.155  33.242 1.0000000000
62157  -51.186  -28.209  32.044 1.0000000000
62160  -26.473  -27.957  31.258 0.7500000000
62168  -51.716  -27.908  32.044 1.0000000000
62176  -50.360  -28.460  30.360 0.8750000000
62195  -48.731  -27.916  29.255 0.5000000000
62923  -7.012  -27.985  52.987 1.0000000000
62926  -16.722  -27.406  53.588 1.0000000000
62971  -6.539  -27.739  46.498 1.0000000000
62975  -39.946  -28.855  44.501 1.0000000000
62977  -41.009  -28.817  44.697 1.0000000000
62986  -40.379  -28.498  44.081 1.0000000000
62994  -39.458  -28.601  43.851 1.0000000000
62997  -40.897  -28.204  43.825 1.0000000000
62998  -42.003  -28.079  43.267 1.0000000000
63016  -43.075  -27.979  41.647 1.0000000000
63033  -43.918  -28.058  39.657 1.0000000000
63050  -44.239  -27.669  38.266 1.0000000000
63145  -51.449  -26.481  31.211 1.0000000000
63165  -49.190  -26.737  29.690 0.8750000000
63175  -48.225  -26.677  28.779 0.3750000000
63895  -26.821  -26.445  48.831 0.8750000000
63920  -41.016  -27.787  43.237 1.0000000000
63929  -41.483  -27.703  42.872 1.0000000000
63936  -41.584  -27.533  42.609 1.0000000000
63938  -42.376  -27.723  42.160 1.0000000000
63947  -42.208  -27.253  41.307 1.0000000000
63953  -20.092  -26.354  40.198 0.8750000000
64009  -35.488  -26.316  35.470 0.8750000000
64029  -49.712  -26.279  33.842 1.0000000000
64050  -52.066  -26.029  33.053 1.0000000000
64056  -34.464  -26.328  32.509 0.7500000000
64058  -36.039  -25.835  33.017 0.8750000000
64099  -27.267  -26.381  29.688 0.6250000000
64840  -9.824  -25.170  48.753 1.0000000000
64858  -13.429  -25.287  47.715 0.8750000000
64860  -15.920  -25.544  48.375 0.8750000000
64911  -11.422  -25.915  41.151 0.6250000000
64990  -37.555  -25.608  33.539 0.8750000000
65056  -50.396  -25.385  30.518 1.0000000000
65831  -23.277  -24.076  47.225 0.6250000000
65842  -20.932  -23.971  45.890 0.7500000000
65851  -33.747  -24.314  44.209 0.3750000000
65872  -32.814  -23.830  41.959 0.3750000000
65877  -38.620  -23.910  43.326 0.3750000000
65901  -7.033  -23.800  39.104 0.8750000000
65911  -31.541  -23.561  39.330 0.3750000000
65919  -30.890  -23.716  37.942 0.3750000000
65929  -49.713  -23.982  37.293 0.8750000000
65935  -30.478  -23.881  36.758 0.3750000000
66007  -39.364  -24.136  31.011 0.8750000000
66017  -24.919  -24.226  29.495 0.6250000000
66753  -8.736  -23.671  49.748 1.0000000000
66769  -34.543  -22.783  47.435 0.3750000000
66772  -11.363  -23.290  46.351 0.8750000000
66778  -27.089  -24.093  47.470 0.7500000000
66784  -13.387  -23.209  45.136 0.8750000000
66786  -15.092  -23.472  45.161 0.8750000000
66791  -19.678  -23.503  45.267 0.7500000000
66810  -39.512  -22.978  44.537 0.3750000000
66811  -39.994  -22.713  44.293 0.3750000000
66847  -30.969  -23.566  39.039 0.3750000000
67684  -5.915  -22.294  53.553 1.0000000000
67687  -5.352  -22.588  52.061 1.0000000000
67695  -27.248  -22.478  50.157 0.6250000000
67721  -34.380  -22.350  47.765 0.3750000000
67730  -26.695  -23.301  47.013 0.7500000000
67739  -19.829  -22.783  45.087 0.7500000000
67751  -15.027  -22.350  44.532 0.8750000000
67752  -15.894  -22.312  44.463 0.7500000000
67754  -18.159  -22.302  44.460 0.7500000000
67755  -19.078  -22.372  44.681 0.7500000000
67769  -40.620  -22.413  43.512 0.6250000000
67781  -31.702  -23.320  41.018 0.3750000000
67940  -22.612  -22.361  30.966 0.5000000000
68672  -5.748  -20.983  53.256 1.0000000000
68682  -26.089  -21.201  51.383 0.6250000000
68688  -24.232  -21.050  50.537 0.6250000000
68691  -27.068  -21.896  50.566 0.6250000000
68692  -27.352  -21.934  50.205 0.6250000000
68697  -24.691  -21.611  50.116 0.6250000000
68708  -27.291  -21.711  49.336 0.6250000000
68718  -34.354  -21.878  48.065 0.3750000000
68724  -12.028  -21.448  46.274 1.0000000000
68734  -12.513  -21.711  45.650 0.8750000000
68737  -19.269  -21.701  44.858 0.7500000000
68740  -25.736  -21.473  46.284 0.6250000000
68744  -38.188  -22.665  44.928 0.3750000000
68747  -13.902  -21.909  44.720 0.8750000000
68750  -16.239  -21.632  44.420 0.7500000000
68954  -24.130  -21.257  29.976 0.5000000000
68957  -50.941  -21.849  30.979 0.8750000000
69695  -25.951  -20.596  51.836 0.6250000000
69722  -23.343  -20.842  49.444 0.6250000000
69725  -34.883  -21.180  48.821 0.2500000000
69733  -21.663  -20.465  47.888 0.6250000000
69734  -22.386  -20.777  48.253 0.6250000000
69746  -21.390  -20.735  47.151 0.6250000000
69761  -19.658  -21.409  45.237 0.7500000000
69770  -15.754  -21.005  44.677 0.7500000000
69772  -17.406  -20.929  44.723 0.7500000000
69802  -35.326  -20.453  42.634 0.2500000000
69821  -30.845  -20.450  40.342 0.2500000000
70640  -18.846  -19.158  54.303 0.5000000000
70645  -16.907  -19.453  53.051 0.5000000000
70653  -6.022  -19.390  52.923 1.0000000000
70658  -16.630  -19.486  52.441 0.5000000000
70661  -18.992  -19.457  53.060 0.5000000000
70669  -6.120  -19.267  52.302 1.0000000000
70712  -15.455  -19.514  49.201 0.7500000000
70713  -16.113  -19.436  48.611 0.7500000000
70716  -21.539  -19.951  49.101 0.6250000000
70717  -26.171  -19.262  49.025 0.6250000000
70720  -35.257  -20.584  48.836 0.2500000000
70727  -16.802  -19.392  48.050 0.7500000000
70730  -19.469  -19.609  47.346 0.6250000000
70733  -34.284  -20.556  48.340 0.2500000000
70754  -17.339  -19.812  46.018 0.7500000000
70755  -18.209  -19.894  46.062 0.7500000000
70788  -43.371  -19.657  42.945 0.6250000000
70797  -34.489  -19.595  42.066 0.1250000000
70833  -48.494  -18.221  38.801 0.3750000000
70835  -6.066  -19.973  37.114 0.6250000000
70860  -5.427  -19.161  32.948 0.2500000000
70890  -24.940  -19.563  30.880 0.5000000000
71634  -20.263  -18.691  54.700 0.5000000000
71644  -22.705  -19.217  53.704 0.5000000000
71660  -26.309  -19.202  51.445 0.6250000000
71661  -6.601  -18.502  51.297 1.0000000000
71706  -23.677  -18.557  42.167 0.6250000000
71716  -11.581  -18.309  41.504 0.6250000000
71755  -46.563  -17.876  39.742 0.2500000000
71765  -7.505  -18.559  37.525 0.6250000000
71797  -22.753  -18.052  32.353 0.3750000000
72575  -17.737  -17.320  55.705 0.5000000000
72576  -17.953  -17.420  55.975 0.5000000000
72582  -21.570  -17.752  54.644 0.5000000000
72585  -7.267  -18.085  53.314 1.0000000000
72586  -7.623  -18.136  53.403 1.0000000000
72619  -24.853  -17.754  49.604 0.5000000000
72648  -24.090  -18.028  45.583 0.6250000000
72651  -10.851  -17.136  45.078 0.6250000000
72652  -11.275  -17.218  44.429 0.6250000000
72655  -24.017  -18.128  44.948 0.6250000000
72658  -35.071  -17.982  44.968 0.1250000000
72669  -23.566  -17.995  43.056 0.6250000000
72748  -11.488  -17.105  37.872 0.7500000000
72758  -47.298  -17.431  37.862 0.3750000000
73614  -18.049  -16.657  56.258 0.3750000000
73621  -17.533  -17.079  54.415 0.5000000000
73634  -8.033  -16.016  52.378 0.8750000000
73651  -6.567  -16.246  50.196 1.0000000000
73674  -8.925  -16.747  46.967 0.8750000000
73687  -37.504  -16.207  46.686 0.1250000000
73690  -10.380  -17.010  45.720 0.6250000000
73710  -12.133  -16.609  42.118 0.6250000000
73715  -34.391  -16.442  43.091 0.1250000000
73746  -11.213  -16.887  37.283 0.6250000000
73814  -27.222  -16.241  32.948 0.2500000000
74587  -18.336  -15.738  56.242 0.3750000000
74591  -21.404  -15.787  54.605 0.3750000000
74604  -23.401  -15.752  51.953 0.5000000000
74609  -10.825  -15.711  50.877 0.8750000000
74620  -13.744  -16.023  49.017 0.7500000000
74621  -16.113  -15.835  49.151 0.6250000000
74622  -16.658  -15.492  49.362 0.5000000000
74624  -22.228  -15.742  50.031 0.3750000000
74641  -15.576  -14.843  47.769 0.6250000000
74647  -38.034  -15.367  46.988 0.1250000000
74668  -38.743  -14.472  45.895 0.1250000000
74669  -5.393  -14.286  44.679 0.7500000000
74679  -36.409  -15.414  44.894 0.1250000000
74702  -20.612  -15.840  42.201 0.2500000000
74759  -27.856  -15.516  34.287 0.2500000000
75505  -17.450  -15.168  56.099 0.3750000000
75545  -16.654  -14.340  48.324 0.5000000000
75560  -14.987  -14.552  47.190 0.6250000000
75563  -20.298  -14.862  47.698 0.3750000000
75567  -37.918  -14.595  47.252 0.1250000000
75569  -5.572  -14.112  45.302 0.7500000000
75573  -20.051  -14.884  46.931 0.3750000000
75600  -5.278  -13.936  43.240 0.7500000000
75617  -30.865  -14.799  41.492 0.1250000000
75630  -12.696  -14.823  39.383 0.6250000000
75673  -6.232  -14.284  34.090 0.1250000000
75746  -41.411  -14.078  27.472 0.1250000000
76449  -20.005  -13.598  55.030 0.3750000000
76466  -17.302  -13.772  49.613 0.5000000000
76471  -16.770  -13.541  48.329 0.5000000000
76501  -15.460  -13.264  46.532 0.6250000000
76502  -18.838  -12.831  45.951 0.2500000000
76503  -19.098  -13.492  46.166 0.2500000000
76508  -39.545  -13.227  46.013 0.1250000000
76518  -15.092  -12.909  46.094 0.6250000000
76526  -18.977  -14.026  44.484 0.2500000000
76531  -40.284  -12.970  44.210 0.1250000000
76540  -39.601  -13.241  44.163 0.1250000000
76545  -18.912  -13.809  42.594 0.2500000000
76558  -18.979  -13.808  41.602 0.2500000000
76590  -19.625  -13.061  38.041 0.1250000000
77382  -17.363  -12.602  56.201 0.2500000000
77386  -21.200  -11.991  54.974 0.2500000000
77395  -16.395  -12.336  53.146 0.3750000000
77398  -23.278  -12.429  52.859 0.2500000000
77408  -17.143  -12.995  49.719 0.3750000000
77409  -20.537  -12.822  49.827 0.3750000000
77410  -16.720  -12.743  48.549 0.3750000000
77420  -34.664  -12.057  48.149 0.1250000000
77461  -40.613  -12.649  44.468 0.1250000000
77463  -5.060  -13.679  43.898 0.7500000000
77487  -37.182  -12.766  42.245 0.1250000000
77495  -7.149  -12.718  41.526 0.6250000000
77585  -25.121  -12.759  33.910 0.2500000000
78303  -16.538  -12.009  49.008 0.3750000000
78312  -16.098  -12.174  47.319 0.6250000000
78322  -19.139  -11.699  47.149 0.2500000000
78331  -15.016  -11.484  45.796 0.7500000000
78359  -25.817  -11.258  43.152 0.1250000000
78461  -25.143  -11.747  35.695 0.2500000000
79187  -16.366  -10.527  55.358 0.1250000000
79196  -24.072  -10.062  54.131 0.1250000000
79209  -14.780  -9.749  50.690 0.5000000000
79219  -20.429  -9.932  48.491 0.1250000000
79220  -15.099  -10.014  47.647 0.3750000000
79235  -14.682  -10.848  45.581 0.7500000000
79237  -19.157  -10.164  46.008 0.1250000000
79238  -28.790  -10.589  44.902 0.1250000000
79244  -40.460  -11.020  44.924 0.1250000000
79248  -19.296  -9.597  45.264 0.1250000000
79255  -41.273  -11.051  44.409 0.1250000000
79256  -41.845  -10.987  43.884 0.1250000000
79261  -9.783  -10.462  43.583 0.6250000000
79273  -42.595  -10.677  42.757 0.1250000000
79314  -13.465  -10.806  37.448 0.2500000000
80068  -19.607  -9.779  54.853 0.1250000000
80069  -15.534  -9.542  54.489 0.1250000000
80070  -16.155  -9.496  54.902 0.1250000000
80078  -24.342  -9.438  53.945 0.1250000000
80079  -14.563  -8.475  53.416 0.2500000000
80086  -24.385  -9.085  52.576 0.1250000000
80088  -21.936  -10.034  50.539 0.3750000000
80111  -20.163  -9.095  46.834 0.1250000000
80130  -10.995  -9.133  44.239 0.6250000000
80148  -18.773  -9.960  43.645 0.1250000000
80949  -17.541  -8.714  53.971 0.1250000000
80956  -15.087  -8.306  53.755 0.3750000000
80959  -17.896  -8.490  53.228 0.1250000000
80964  -24.530  -8.829  53.606 0.1250000000
80965  -24.859  -8.184  53.281 0.1250000000
80972  -10.769  -8.153  50.626 0.5000000000
80975  -24.123  -8.893  52.007 0.1250000000
80980  -11.032  -8.318  50.405 0.5000000000
80991  -11.997  -8.505  49.694 0.5000000000
81011  -12.108  -8.462  47.355 0.5000000000
81014  -21.083  -8.315  47.590 0.1250000000
81070  -37.055  -8.564  43.749 0.1250000000
81086  -38.389  -8.785  41.749 0.1250000000
81090  -6.519  -8.256  40.948 0.5000000000
81157  -14.627  -8.441  34.512 0.1250000000
81847  -21.077  -7.796  52.924 0.1250000000
81848  -21.879  -7.551  53.195 0.1250000000
81852  -13.685  -7.713  52.370 0.3750000000
81853  -14.306  -7.520  52.635 0.3750000000
81855  -15.817  -7.543  52.378 0.2500000000
81861  -25.013  -8.024  52.760 0.1250000000
81863  -11.488  -7.882  50.931 0.5000000000
81866  -15.110  -7.214  52.026 0.2500000000
81870  -19.386  -7.345  51.699 0.1250000000
81877  -7.966  -7.794  50.656 0.5000000000
81888  -22.739  -7.655  49.593 0.1250000000
81892  -5.889  -7.733  48.938 0.5000000000
81910  -5.362  -7.106  45.127 0.5000000000
81939  -6.766  -7.418  41.354 0.5000000000
82711  -23.038  -6.869  53.384 0.1250000000
82712  -23.825  -6.849  53.621 0.1250000000
82721  -25.537  -6.781  52.689 0.1250000000
82722  -6.850  -6.288  51.238 0.5000000000
82723  -7.220  -6.500  51.160 0.5000000000
82742  -10.748  -7.332  50.938 0.5000000000
82745  -13.175  -6.573  51.072 0.3750000000
82746  -13.909  -6.621  51.124 0.2500000000
82748  -16.440  -7.117  50.625 0.1250000000
82756  -11.311  -6.350  50.251 0.5000000000
82762  -18.485  -6.317  49.795 0.1250000000
82763  -19.255  -5.918  50.129 0.1250000000
82767  -5.527  -6.721  49.037 0.5000000000
82769  -15.354  -6.502  49.211 0.2500000000
82817  -6.778  -6.785  42.089 0.5000000000
82837  -7.936  -7.039  40.855 0.5000000000
82949  -44.853  -6.947  27.715 0.1250000000
82957  -42.156  -7.023  26.981 0.1250000000
82969  -42.385  -6.836  26.679 0.1250000000
82986  -41.767  -6.970  26.304 0.1250000000
83040  -59.543  -6.006  21.706 0.1250000000
83582  -24.997  -6.288  53.348 0.1250000000
83585  -23.844  -5.364  52.934 0.1250000000
83586  -25.373  -5.769  52.966 0.1250000000
83588  -26.203  -5.282  51.863 0.2500000000
83595  -26.068  -5.771  51.597 0.2500000000
83614  -25.757  -5.257  49.330 0.1250000000
83616  -5.569  -6.057  48.592 0.5000000000
83623  -17.626  -5.896  48.189 0.2500000000
83624  -18.850  -5.233  48.690 0.2500000000
83626  -25.114  -5.470  48.738 0.1250000000
83639  -25.921  -4.998  47.337 0.1250000000
83649  -17.225  -4.937  46.541 0.2500000000
83652  -26.789  -4.704  45.983 0.1250000000
83654  -5.578  -6.140  45.918 0.5000000000
83674  -26.944  -5.395  43.483 0.1250000000
83798  -44.476  -6.513  27.207 0.1250000000
83812  -47.481  -5.855  27.482 0.1250000000
84399  -6.894  -4.034  52.268 0.5000000000
84408  -21.688  -4.508  51.585 0.1250000000
84410  -26.388  -4.566  51.391 0.2500000000
84413  -8.773  -4.005  50.378 0.5000000000
84420  -26.978  -4.205  48.711 0.1250000000
84428  -27.055  -4.137  47.992 0.1250000000
84445  -13.900  -4.876  46.452 0.2500000000
84449  -17.461  -4.297  46.197 0.2500000000
84451  -27.270  -4.081  46.231 0.1250000000
84457  -14.401  -4.307  45.648 0.2500000000
84458  -15.327  -4.423  45.535 0.2500000000
84461  -27.085  -4.360  44.898 0.1250000000
84468  -27.064  -4.554  44.062 0.1250000000
84526  -13.908  -4.638  36.144 0.1250000000
84584  -52.323  -4.596  30.064 0.5000000000
84595  -53.370  -4.087  30.068 0.6250000000
84606  -55.253  -3.755  29.192 0.6250000000
84698  -56.227  -3.714  19.375 0.1250000000
85238  -7.775  -2.789  52.391 0.5000000000
85242  -25.392  -4.385  52.294 0.1250000000
85243  -6.403  -3.551  51.655 0.5000000000
85258  -26.883  -3.464  50.031 0.1250000000
85259  -27.121  -3.850  49.184 0.1250000000
85262  -9.646  -3.372  49.273 0.5000000000
85278  -12.892  -3.735  46.030 0.3750000000
85288  -14.972  -3.839  45.116 0.2500000000
85290  -16.299  -3.545  45.069 0.2500000000
85305  -26.049  -3.419  44.343 0.1250000000
85313  -26.064  -3.489  43.640 0.1250000000
85324  -26.557  -3.847  42.913 0.1250000000
85437  -54.268  -3.713  29.533 0.6250000000
85463  -57.892  -3.554  26.016 0.5000000000
86117  -7.391  -2.455  52.580 0.5000000000
86119  -22.306  -3.207  52.197 0.1250000000
86126  -24.844  -2.526  51.551 0.1250000000
86138  -20.130  -2.696  50.089 0.1250000000
86140  -27.168  -3.530  48.558 0.1250000000
86143  -19.430  -2.415  49.124 0.1250000000
86144  -26.541  -2.627  48.069 0.1250000000
86153  -26.871  -3.103  47.328 0.1250000000
86162  -26.811  -3.369  46.424 0.1250000000
86165  -13.029  -2.409  45.369 0.3750000000
86175  -14.352  -2.480  44.478 0.2500000000
86178  -16.709  -2.018  44.803 0.2500000000
86190  -22.540  -3.051  43.756 0.1250000000
86342  -59.010  -2.582  23.361 0.2500000000
86356  -56.882  -1.517  23.729 0.6250000000
86421  -52.600  -1.966  18.423 0.2500000000
86454  -59.370  -1.585  13.832 0.2500000000
86974  -9.238  -0.954  51.901 0.5000000000
86976  -22.861  -2.049  52.177 0.1250000000
86992  -26.239  -2.190  49.821 0.1250000000
86998  -19.490  -1.335  49.996 0.1250000000
86999  -24.993  -1.262  49.780 0.1250000000
87009  -10.778  -1.943  48.054 0.3750000000
87012  -23.588  -1.391  47.590 0.1250000000
87023  -12.691  -1.797  45.644 0.3750000000
87028  -13.950  -1.598  44.460 0.3750000000
87040  -15.412  -0.722  43.826 0.2500000000
87041  -16.171  -0.514  44.007 0.2500000000
87048  -10.332  -1.944  42.653 0.2500000000
87314  -59.144  -0.501  14.732 0.2500000000
87835  -10.051  -0.502  50.959 0.3750000000
87836  -19.863  0.103  51.398 0.1250000000
87840  -23.144  -0.780  51.432 0.1250000000
87846  -23.219  -0.414  50.790 0.1250000000
87849  -10.318  -0.606  50.211 0.5000000000
87852  -19.323  -0.643  50.278 0.1250000000
87858  -10.585  -0.843  49.309 0.5000000000
87865  -18.502  -0.419  48.445 0.2500000000
87870  -12.152  -0.603  46.613 0.5000000000
87880  -20.842  -0.272  45.211 0.1250000000
87887  -16.632  0.045  44.283 0.2500000000
87895  -16.227  0.210  43.880 0.2500000000
88154  -57.695  0.315  21.496 0.3750000000
88170  -56.361  0.251  19.560 0.3750000000
88210  -59.021  0.157  15.193 0.2500000000
88216  -57.786  0.247  14.371 0.3750000000
88225  -58.917  -0.485  13.918 0.2500000000
88759  -8.494  0.266  52.439 0.3750000000
88765  -19.822  0.857  51.336 0.1250000000
88766  -20.870  0.719  51.432 0.1250000000
88783  -11.941  1.177  48.145 0.3750000000
88789  -11.622  -0.024  48.109 0.3750000000
88810  -13.432  0.494  45.096 0.2500000000
88815  -7.356  1.069  43.062 0.1250000000
88819  -15.977  0.767  43.685 0.2500000000
89041  -57.753  0.604  20.990 0.3750000000
89058  -58.497  0.779  20.089 0.3750000000
89065  -58.599  0.901  19.273 0.3750000000
89076  -58.695  1.030  18.435 0.3750000000
89082  -56.526  0.788  17.998 0.3750000000
89090  -56.716  0.947  16.562 0.3750000000
89097  -58.747  0.735  15.758 0.3750000000
89603  -20.303  1.977  50.817 0.1250000000
89607  -11.498  1.639  49.708 0.3750000000
89608  -11.826  1.998  49.144 0.3750000000
89625  -17.978  0.997  46.504 0.1250000000
89630  -12.623  1.082  46.400 0.3750000000
89635  -6.670  1.714  44.864 0.1250000000
89637  -13.772  1.730  44.661 0.1250000000
89638  -14.305  1.596  44.059 0.1250000000
89644  -14.930  1.522  43.651 0.1250000000
89645  -15.651  1.453  43.611 0.1250000000
89646  -16.321  1.420  43.778 0.1250000000
89662  -6.653  1.938  40.178 0.1250000000
89664  -7.375  1.454  40.383 0.1250000000
89871  -57.979  1.260  18.984 0.3750000000
89881  -58.130  1.400  18.248 0.3750000000
89889  -57.438  1.312  17.893 0.3750000000
90387  -10.547  3.416  51.573 0.3750000000
90388  -7.170  2.476  49.865 0.3750000000
90394  -6.683  2.271  48.689 0.3750000000
90404  -18.654  3.072  49.033 0.1250000000
90409  -18.569  3.050  48.008 0.1250000000
90420  -17.835  2.047  45.080 0.1250000000
90426  -16.691  2.190  43.849 0.1250000000
91142  -11.586  3.903  50.690 0.3750000000
91149  -19.220  3.258  50.268 0.1250000000
91150  -19.592  3.948  50.235 0.1250000000
91167  -6.991  3.171  47.185 0.2500000000
91169  -12.825  3.142  47.064 0.1250000000
91176  -13.739  3.893  45.478 0.1250000000
91200  -7.437  3.288  42.308 0.1250000000
91225  -9.733  3.982  38.651 0.1250000000
91899  -8.816  4.303  51.103 0.3750000000
91914  -13.159  5.227  48.270 0.2500000000
91916  -19.660  5.060  49.315 0.1250000000
91946  -14.786  4.653  44.252 0.1250000000
91955  -15.475  4.465  43.688 0.1250000000
91956  -16.117  4.274  43.479 0.1250000000
91962  -12.237  5.083  42.698 0.1250000000
92659  -20.684  5.521  49.743 0.1250000000
92671  -10.031  5.672  48.014 0.1250000000
92675  -22.464  5.617  48.297 0.1250000000
92687  -13.980  5.317  45.884 0.1250000000
92690  -19.381  5.617  46.128 0.1250000000
92705  -16.720  5.542  43.594 0.1250000000
92706  -18.043  6.071  43.906 0.1250000000
93438  -11.546  6.979  51.116 0.1250000000
93445  -13.524  6.931  48.280 0.1250000000
93446  -21.134  6.676  49.161 0.1250000000
93452  -20.155  6.260  47.859 0.1250000000
93454  -23.136  6.592  47.978 0.1250000000
93469  -15.782  6.659  44.074 0.1250000000
93473  -19.212  6.829  44.942 0.1250000000
94090  -10.056  7.298  51.441 0.1250000000
94093  -11.252  7.506  51.137 0.1250000000
94102  -22.327  7.352  48.694 0.1250000000
94106  -13.867  7.837  47.256 0.1250000000
94117  -23.642  7.339  46.676 0.1250000000
94125  -11.857  6.995  44.296 0.1250000000
94127  -16.569  7.505  43.860 0.1250000000
94130  -18.704  7.224  44.412 0.1250000000
94161  -13.149  7.193  40.561 0.1250000000
94824  -9.565  8.007  50.918 0.1250000000
94834  -12.687  8.406  49.986 0.1250000000
94842  -22.906  8.044  47.730 0.1250000000
94848  -22.859  8.657  47.149 0.1250000000
94849  -23.422  8.086  47.047 0.1250000000
94859  -9.063  8.885  44.747 0.1250000000
94879  -9.576  8.778  42.419 0.1250000000
94889  -10.330  8.781  41.725 0.1250000000
94953  -12.762  8.214  35.848 0.1250000000
95595  -8.646  9.657  48.234 0.1250000000
95600  -7.803  10.188  45.955 0.1250000000
95613  -7.651  9.594  44.650 0.1250000000
95622  -7.507  9.382  43.759 0.1250000000
95628  -7.103  9.255  42.466 0.1250000000
95633  -6.942  9.214  41.733 0.1250000000
95647  -8.533  9.274  39.619 0.1250000000
95652  -7.520  10.063  38.420 0.1250000000
95654  -8.885  9.690  38.303 0.1250000000
95671  -9.369  10.136  37.034 0.1250000000
96342  -10.204  9.176  50.500 0.1250000000
96345  -9.110  9.734  49.300 0.1250000000
96352  -9.799  10.581  48.878 0.1250000000
96366  -7.510  10.065  44.588 0.1250000000
96375  -7.366  9.810  43.709 0.1250000000
96384  -7.018  10.058  42.299 0.1250000000
96400  -6.800  10.243  39.764 0.1250000000
96412  -7.197  10.607  38.035 0.1250000000
97077  -9.158  10.956  47.717 0.1250000000
97080  -8.253  10.619  46.550 0.1250000000
97108  -10.724  11.850  44.091 0.1250000000
97110  -18.653  11.550  43.652 0.1250000000
97117  -10.110  11.771  42.833 0.1250000000
97142  -6.730  11.212  38.776 0.1250000000
97143  -6.846  10.853  38.440 0.1250000000
97806  -11.041  12.990  42.051 0.1250000000
98448  -9.269  13.211  40.642 0.1250000000
98456  -6.676  13.039  38.889 0.1250000000
99041  -10.810  14.551  41.930 0.1250000000
99680  -22.606  15.201  43.245 0.1250000000
100358  -21.717  16.322  44.591 0.1250000000
119604  -25.354  -40.937  50.396 0.6250000000
119646  -57.069  0.952  15.793 0.3750000000
119669  -19.544  -48.271  51.489 0.6250000000
119813  -46.045  -30.573  31.999 0.3750000000
120001  -21.371  -19.540  50.846 0.6250000000
120133  -15.799  -19.586  51.168 0.5000000000
120200  -18.727  -19.347  50.524 0.6250000000
120205  -17.315  -19.609  51.670 0.5000000000
120357  -21.585  -46.613  45.879 0.2500000000
120714  -20.106  -19.433  49.335 0.6250000000
120740  -20.225  -47.273  50.483 0.6250000000
120875  -43.952  -30.625  34.395 0.3750000000
120990  -44.204  -6.711  27.340 0.1250000000
121470  -22.078  -46.587  48.392 0.5000000000
121563  -26.517  -3.816  41.733 0.1250000000
121871  -9.554  11.233  47.448 0.1250000000
121923  -19.260  -47.364  52.273 0.6250000000
122047  -52.108  -26.904  32.207 1.0000000000
122422  -10.520  4.442  43.979 0.1250000000
122548  -11.006  8.776  40.998 0.1250000000
122560  -14.935  -19.489  48.685 0.7500000000
122614  -40.698  -24.211  31.409 0.8750000000
122888  -3.268  -43.482  44.864 0.1250000000
122899  -6.205  -34.459  45.168 0.8750000000
122986  -17.510  -19.518  53.278 0.5000000000
123155  -43.659  -28.914  41.056 1.0000000000
123284  -39.571  -22.535  31.617 0.7500000000
123385  -15.347  -20.481  45.228 0.7500000000
123405  -20.923  -1.671  51.783 0.1250000000
124333  -19.903  -19.377  53.070 0.5000000000
124360  -18.450  -11.466  42.867 0.2500000000
124422  -12.665  -41.883  53.514 0.7500000000
124611  -9.321  9.406  38.943 0.1250000000
124980  -6.377  -19.301  53.280 1.0000000000
125435  -19.040  -12.033  55.725 0.3750000000
125472  -16.053  -1.929  44.251 0.2500000000
126128  -27.096  -4.349  45.685 0.1250000000
126333  -33.245  -31.979  47.578 1.0000000000
126369  -5.471  -29.518  48.856 1.0000000000
126395  -41.350  -30.036  44.773 1.0000000000
126543  -34.936  -24.737  44.125 0.3750000000
126791  -25.918  -41.490  50.528 0.6250000000
126905  -25.403  -41.505  50.479 0.6250000000
127028  -24.260  -7.495  53.807 0.1250000000
127064  -24.668  -44.557  49.260 0.5000000000
127078  -26.691  -2.712  49.761 0.1250000000
127095  -21.038  -0.883  51.996 0.1250000000
127163  -27.551  -23.612  49.052 0.7500000000
127269  -40.107  -35.162  45.111 0.5000000000
127544  -19.629  -8.309  52.925 0.1250000000
127614  -5.487  -26.079  50.720 1.0000000000
127703  -12.637  -7.983  51.415 0.3750000000
127791  -6.703  -19.590  32.453 0.1250000000
127915  -52.014  -23.948  35.049 0.8750000000
128009  -16.399  -31.466  50.070 1.0000000000
128026  -13.801  -11.090  36.168 0.3750000000
128139  -41.099  -30.249  45.004 1.0000000000
128735  -17.824  -21.604  44.482 0.7500000000
129153  -9.090  8.169  49.900 0.1250000000
129203  -5.594  -23.875  53.167 1.0000000000
129323  -33.938  -30.708  46.132 1.0000000000
129382  -24.594  -22.842  29.603 0.6250000000
129440  -29.363  -37.128  50.436 0.7500000000
129545  -20.513  1.090  45.706 0.1250000000
129576  -13.465  4.140  46.336 0.1250000000
129744  -8.666  8.776  43.038 0.1250000000
129800  -24.206  -29.294  49.131 1.0000000000
129984  -59.493  -5.236  22.714 0.2500000000
130044  -18.328  4.733  44.461 0.1250000000
130328  -45.905  -30.287  32.824 0.5000000000
130351  -17.271  1.915  44.394 0.1250000000
130538  -15.696  -11.543  46.886 0.6250000000
130768  -22.687  -2.836  52.315 0.1250000000
130863  -5.355  -19.097  33.275 0.3750000000
131005  -20.163  -12.277  49.217 0.3750000000
131015  -39.450  -30.281  46.011 1.0000000000
131132  -15.313  -19.509  50.968 0.6250000000
131152  -58.434  0.638  20.722 0.3750000000
131218  -36.113  -30.683  46.084 1.0000000000
131473  -11.372  -3.955  38.168 0.3750000000
131520  -5.461  -20.171  33.818 0.3750000000
131533  -27.106  -36.368  48.441 0.7500000000
131580  -22.714  -13.954  53.900 0.3750000000
131782  -38.193  -6.186  24.801 0.1250000000
131990  -24.060  -12.143  34.573 0.2500000000
132245  -20.956  -16.137  45.992 0.5000000000
132342  -26.926  -4.193  42.182 0.1250000000
132512  -46.435  -7.880  28.477 0.1250000000
132568  -31.258  -34.753  49.829 0.8750000000
132592  -59.290  -1.511  12.803 0.1250000000
132599  -13.376  -13.777  36.891 0.5000000000
132653  -6.500  -25.875  53.301 1.0000000000
132672  -29.051  -36.233  50.231 0.7500000000
132760  -13.399  1.906  45.252 0.1250000000
132830  -12.786  -0.965  45.707 0.3750000000
132992  -43.982  -29.698  39.233 0.7500000000
133078  -23.187  -6.774  40.506 0.1250000000
133082  -38.141  -35.085  46.205 0.7500000000
133163  -13.999  -0.705  44.398 0.3750000000
133204  -41.529  -30.589  44.269 1.0000000000
133296  -19.466  -18.851  54.728 0.5000000000
133382  -18.867  -1.804  48.480 0.1250000000
133502  -8.519  10.120  47.889 0.1250000000
133539  -22.372  -18.993  35.167 0.5000000000
133735  -13.761  -43.349  54.156 0.8750000000
133841  -27.368  -24.781  47.865 0.7500000000
133912  -39.468  -37.608  43.350 0.1250000000
133962  -43.444  -6.493  26.619 0.1250000000
134021  -20.497  3.399  50.182 0.1250000000
134036  -11.715  -17.311  38.529 0.7500000000
134092  -36.353  -23.812  30.509 0.7500000000
134172  -26.179  -4.826  48.702 0.1250000000
134238  -22.453  7.844  48.167 0.1250000000
134282  -33.505  -32.244  48.085 0.8750000000
134661  -25.910  -19.415  48.323 0.6250000000
135802  -17.173  -19.522  50.514 0.5000000000
135842  -16.567  -18.360  52.582 0.5000000000
136108  -39.904  -20.889  44.022 0.5000000000
136172  -13.426  -18.225  50.910 0.7500000000
136236  -18.399  -10.915  40.826 0.1250000000
136454  -16.646  -46.820  53.064 0.7500000000
136504  -19.957  -47.036  49.531 0.6250000000
136597  -13.018  -14.942  38.775 0.6250000000
136901  -19.826  1.357  51.230 0.1250000000
137002  -14.891  8.256  45.377 0.1250000000
137019  -44.132  -21.708  34.943 0.7500000000
137208  -35.367  -22.427  36.136 0.5000000000
137272  -5.514  -28.257  51.492 1.0000000000
137433  -42.482  -21.425  37.252 0.7500000000
137442  -45.953  -6.291  27.535 0.1250000000
137621  -8.792  12.846  40.456 0.1250000000
137635  -10.770  7.115  51.405 0.1250000000
137707  -22.247  -0.727  46.997 0.1250000000
137723  -18.123  -19.630  53.079 0.5000000000
137742  -17.477  -46.275  53.179 0.7500000000
138018  -20.625  -46.791  46.749 0.5000000000
138101  -5.623  -26.274  47.689 1.0000000000
138114  -14.839  -45.031  54.201 0.6250000000
138282  -18.579  -47.289  52.630 0.7500000000
138347  -8.213  -35.188  41.000 0.8750000000
138531  -15.785  -26.599  52.456 1.0000000000
138624  -7.013  1.758  38.362 0.1250000000
138787  -19.815  -44.021  51.040 0.7500000000
138962  -22.875  -46.014  49.452 0.5000000000
138968  -25.960  -29.229  40.566 1.0000000000
138987  -23.389  -23.988  30.177 0.6250000000
139286  -17.416  -14.892  50.270 0.5000000000
139290  -19.537  -14.271  46.507 0.2500000000
139341  -5.455  -27.677  49.756 1.0000000000
139399  -10.630  -15.234  49.826 0.8750000000
139589  -45.662  -19.313  41.464 0.6250000000
139663  -30.179  -36.237  50.484 0.7500000000
139669  -16.240  -45.912  53.686 0.7500000000
139719  -13.956  -3.921  45.532 0.2500000000
139815  -17.563  -2.632  45.949 0.2500000000
139876  -13.900  -20.619  45.620 0.7500000000
139904  -22.996  -3.274  43.353 0.1250000000
139914  -26.392  -2.877  46.810 0.1250000000
139938  -57.927  -8.644  23.580 0.1250000000
139966  -8.276  -1.760  47.301 0.3750000000
140092  -58.087  -4.870  26.186 0.5000000000
140200  -18.139  -10.972  55.737 0.1250000000
140256  -22.969  -17.038  40.271 0.6250000000
140327  -57.499  0.522  14.835 0.3750000000
140331  -14.942  -19.500  50.555 0.6250000000
140419  -22.397  -20.477  32.297 0.5000000000
140540  -22.377  15.564  44.122 0.1250000000
140562  -11.844  -3.899  37.710 0.2500000000
140726  -18.472  -20.465  45.481 0.7500000000
140940  -15.159  -19.507  47.285 0.7500000000
141026  -29.571  -30.606  36.888 0.8750000000
141106  -20.860  -34.058  40.167 1.0000000000
141108  -8.016  -10.359  43.533 0.6250000000
141188  -25.143  -22.773  44.627 0.6250000000
141268  -57.344  -7.080  26.777 0.3750000000
141472  -40.904  -33.759  45.766 1.0000000000
141522  -13.835  -5.298  47.079 0.2500000000
141682  -20.819  -7.559  52.616 0.1250000000
141844  -24.281  -1.249  48.597 0.1250000000
141874  -19.611  -17.633  55.505 0.5000000000
141907  -8.373  1.620  52.130 0.3750000000
142063  -18.950  -9.923  44.807 0.2500000000
142104  -32.979  -27.732  35.852 0.8750000000
142192  -32.867  -31.502  47.075 0.8750000000
142316  -9.207  -15.472  35.606 0.2500000000
142387  -31.062  -18.576  40.613 0.2500000000
142388  -42.461  -29.459  43.469 1.0000000000
142555  -25.559  -6.570  51.521 0.2500000000
142647  -42.030  -30.041  44.034 1.0000000000
142728  -43.250  -27.631  40.358 1.0000000000
142816  -6.620  -0.030  50.543 0.5000000000
142903  -58.906  0.286  21.019 0.3750000000
142948  -12.720  -24.233  38.159 0.3750000000
143143  -20.854  -8.700  48.034 0.1250000000
143194  -23.559  -18.035  41.871 0.6250000000
143211  -6.256  -24.013  41.708 0.8750000000
143225  -42.134  -26.071  37.069 0.8750000000
143279  -31.908  -33.723  49.244 0.8750000000
143325  -36.977  -17.110  47.748 0.1250000000
143396  -21.790  -18.338  54.420 0.5000000000
143404  -17.601  -7.602  51.602 0.1250000000
143573  -5.894  -24.819  45.945 0.8750000000
143583  -22.214  -45.207  43.042 0.2500000000
143731  -14.771  -10.282  45.990 0.5000000000
143800  -36.576  -23.380  30.569 0.7500000000
143865  -35.268  -13.934  42.261 0.1250000000
143886  -9.433  -17.976  52.791 1.0000000000
143993  -5.647  -42.248  37.422 0.1250000000
144049  -22.968  -9.953  51.512 0.1250000000
144098  -40.584  -32.084  43.518 0.8750000000
144158  -32.994  -22.263  32.011 0.6250000000
144178  -21.351  -47.336  45.999 0.5000000000
144209  -46.128  -21.500  28.443 0.1250000000
