#!ascii label  , from subject sub-v1s14x0051574_ses-1 vox2ras=TkReg
5073
128457  -11.766  -99.384  -12.744 0.6999999881
138  -12.322  -99.295  -13.456 0.6000000238
125220  -11.239  -99.457  -14.144 0.6000000238
150  -11.969  -99.453  -14.175 0.6999999881
2  -12.454  -99.733  -14.949 0.6000000238
3  -13.447  -99.292  -14.664 0.6000000238
153  -14.295  -98.841  -14.513 0.3000000119
162  -14.889  -99.198  -15.069 0.3000000119
164  -16.667  -99.167  -15.599 0.3000000119
8  -14.528  -99.541  -15.839 0.5000000000
163  -15.881  -99.046  -15.029 0.3000000119
172  -17.393  -99.111  -16.309 0.3000000119
9  -15.349  -99.325  -15.787 0.5000000000
141307  -17.225  -99.286  -19.731 0.4000000060
212  -17.306  -97.951  -20.453 0.4000000060
238  -17.724  -96.761  -21.284 0.6000000238
129293  -10.881  -99.415  -12.836 0.8000000119
136  -10.518  -99.372  -13.667 0.8000000119
148  -9.898  -99.259  -14.342 0.8000000119
149  -10.717  -99.421  -14.573 0.8000000119
0  -10.992  -99.569  -15.243 0.6999999881
5  -11.689  -99.906  -15.549 0.6999999881
11  -11.776  -100.007  -16.361 0.8000000119
6  -12.521  -100.041  -15.910 0.6000000238
4  -14.049  -99.462  -15.252 0.5000000000
12  -12.587  -100.013  -16.603 0.8000000119
138213  -13.258  -99.861  -15.477 0.6999999881
142040  -13.839  -99.902  -15.843 0.6000000238
120565  -14.067  -99.796  -16.556 0.5000000000
128176  -13.299  -99.931  -17.038 0.6000000238
138081  -13.952  -99.596  -17.388 0.6000000238
13  -14.985  -99.465  -16.548 0.5000000000
14  -15.787  -99.348  -16.549 0.3000000119
19  -12.601  -99.939  -17.433 0.8000000119
123568  -15.171  -99.302  -17.869 0.4000000060
16  -17.376  -99.045  -17.309 0.3000000119
20  -13.361  -99.646  -17.958 0.8000000119
27  -14.400  -99.373  -18.156 0.6000000238
142650  -16.425  -99.202  -18.325 0.4000000060
31  -17.643  -99.147  -18.462 0.3000000119
26  -12.493  -99.650  -18.215 0.8999999762
126191  -13.008  -99.648  -18.670 0.8000000119
28  -15.311  -99.243  -18.586 0.6000000238
120879  -13.704  -99.457  -18.823 0.8000000119
37  -14.571  -99.297  -19.228 0.6999999881
39  -16.243  -99.173  -19.725 0.6000000238
49  -16.783  -99.175  -20.082 0.6000000238
47  -14.291  -99.332  -19.967 0.8999999762
38  -15.491  -99.200  -19.431 0.6000000238
144023  -17.022  -97.243  -21.323 0.6999999881
48  -14.920  -99.247  -20.049 0.8000000119
210  -16.313  -99.097  -20.532 0.6999999881
56  -15.048  -99.266  -20.847 0.8999999762
120005  -16.099  -99.140  -21.753 0.8000000119
122210  -16.991  -97.267  -22.180 0.6999999881
121028  -16.302  -99.192  -22.608 0.8000000119
128147  -17.107  -98.727  -22.673 0.6999999881
593  -9.307  -98.066  -11.984 1.0000000000
357  -9.422  -98.712  -11.482 0.8000000119
592  -8.916  -98.121  -12.950 0.8999999762
362  -8.842  -98.624  -13.338 0.8999999762
134  -8.985  -99.015  -13.391 0.8000000119
367  -9.022  -98.345  -14.577 0.8999999762
159  -9.169  -98.859  -14.755 0.8000000119
160  -9.448  -99.034  -15.468 0.8999999762
161  -10.141  -99.296  -15.251 0.8999999762
10  -10.874  -99.540  -16.024 0.8999999762
133313  -10.059  -97.591  -16.160 1.0000000000
17  -11.179  -99.553  -17.023 0.8999999762
132876  -11.977  -100.010  -17.058 0.8000000119
191  -11.715  -99.405  -18.474 1.0000000000
25  -18.271  -97.878  -18.150 0.3000000119
200  -12.273  -99.332  -19.782 0.8999999762
45  -13.095  -99.414  -20.047 0.8000000119
55  -14.357  -99.336  -20.641 0.8999999762
222  -14.416  -99.353  -21.483 0.8999999762
126808  -15.178  -99.319  -21.704 0.8000000119
235  -14.429  -99.369  -22.503 0.8999999762
249  -15.596  -99.390  -23.495 0.8000000119
250  -16.530  -99.263  -23.690 0.8000000119
124478  -17.441  -99.023  -23.396 0.8000000119
130708  -18.379  -98.210  -24.310 0.6999999881
263  -15.708  -99.371  -24.271 0.8999999762
264  -17.190  -99.191  -24.403 0.8000000119
276  -17.847  -99.136  -24.896 0.8000000119
277  -18.591  -98.988  -25.256 0.8000000119
274  -15.248  -99.320  -25.017 0.8999999762
275  -16.225  -99.309  -24.798 0.8999999762
574  -11.279  -97.364  -9.515 1.0000000000
1460  -11.238  -94.336  -11.382 1.0000000000
585  -11.250  -96.658  -10.417 0.8999999762
594  -10.340  -97.135  -11.561 1.0000000000
1472  -11.865  -93.902  -11.949 1.0000000000
125465  -9.585  -97.399  -12.640 1.0000000000
878  -10.586  -96.415  -12.314 1.0000000000
604  -10.009  -96.919  -13.385 1.0000000000
895  -10.582  -96.768  -13.988 1.0000000000
603  -9.277  -97.695  -13.582 0.8999999762
615  -9.819  -97.403  -14.378 1.0000000000
896  -11.929  -96.376  -14.768 0.8999999762
625  -10.000  -97.495  -15.398 1.0000000000
140437  -10.863  -96.860  -14.853 1.0000000000
897  -12.920  -96.058  -14.789 1.0000000000
125817  -9.521  -98.002  -15.948 1.0000000000
626  -10.765  -97.010  -15.928 1.0000000000
368  -9.330  -98.542  -15.507 0.8999999762
906  -12.314  -96.394  -15.513 0.8999999762
139870  -10.386  -99.242  -16.695 0.8999999762
128817  -9.509  -98.945  -16.141 0.8999999762
635  -9.764  -97.924  -16.774 1.0000000000
915  -11.662  -96.645  -16.187 1.0000000000
637  -11.067  -96.894  -16.694 1.0000000000
182  -17.946  -97.772  -17.650 0.3000000119
374  -9.744  -98.721  -17.468 1.0000000000
180  -10.340  -99.155  -17.428 1.0000000000
181  -11.023  -99.321  -17.940 1.0000000000
189  -10.408  -98.929  -19.052 1.0000000000
190  -10.947  -99.252  -18.755 1.0000000000
199  -11.597  -99.289  -19.250 1.0000000000
208  -12.503  -99.248  -20.565 1.0000000000
139163  -13.156  -99.326  -20.678 0.8999999762
219  -11.932  -99.141  -21.229 1.0000000000
121122  -12.146  -99.176  -22.025 0.8999999762
221  -13.634  -99.326  -21.213 0.8999999762
122870  -13.060  -99.214  -22.030 0.8999999762
119761  -13.808  -99.324  -22.008 0.8999999762
135896  -14.069  -99.318  -23.323 0.8999999762
234  -13.434  -99.260  -22.836 0.8999999762
248  -14.760  -99.395  -23.386 0.8999999762
136560  -13.442  -99.214  -23.835 0.8999999762
128590  -21.188  -97.800  -26.404 0.5000000000
131993  -21.835  -96.133  -26.358 0.6000000238
447  -22.095  -95.390  -26.157 0.4000000060
121729  -14.402  -99.276  -24.755 0.8999999762
133712  -15.158  -99.236  -25.841 0.8999999762
283  -18.678  -98.987  -26.276 0.8000000119
284  -19.452  -98.527  -26.330 0.8000000119
130174  -15.874  -99.262  -25.693 0.8999999762
131519  -17.810  -99.127  -25.921 0.8999999762
290  -17.888  -99.000  -27.133 0.8000000119
291  -18.824  -98.643  -27.219 0.6000000238
282  -16.293  -99.200  -26.323 1.0000000000
123201  -17.010  -99.186  -26.600 1.0000000000
296  -17.550  -98.819  -28.157 1.0000000000
302  -18.021  -98.430  -28.792 0.6999999881
288  -15.583  -99.102  -27.550 1.0000000000
300  -16.346  -98.965  -28.689 1.0000000000
301  -17.105  -98.695  -29.000 0.8999999762
474  -17.677  -98.346  -29.604 0.6999999881
871  -11.273  -95.722  -10.494 0.8999999762
1128  -10.999  -95.299  -10.106 1.0000000000
1138  -11.213  -95.015  -10.890 1.0000000000
872  -11.250  -95.638  -11.514 0.8999999762
1952  -11.246  -93.455  -11.615 1.0000000000
1473  -12.519  -93.684  -12.504 1.0000000000
879  -11.282  -95.620  -12.367 1.0000000000
1148  -11.683  -94.818  -12.161 1.0000000000
1149  -12.321  -94.646  -12.616 1.0000000000
887  -11.812  -95.597  -13.123 0.8999999762
886  -10.902  -96.271  -13.234 0.8999999762
1154  -12.764  -95.225  -13.393 1.0000000000
1155  -13.388  -94.902  -13.560 1.0000000000
888  -12.426  -95.904  -14.004 1.0000000000
1162  -13.457  -95.463  -14.098 1.0000000000
1163  -14.317  -95.160  -14.470 1.0000000000
907  -13.216  -96.149  -15.602 1.0000000000
647  -9.690  -98.265  -17.288 0.8999999762
32  -19.165  -99.104  -18.325 0.3000000119
184  -19.329  -97.946  -17.959 0.3000000119
381  -10.076  -98.645  -18.298 1.0000000000
207  -11.728  -99.154  -20.514 1.0000000000
218  -11.113  -98.868  -21.191 1.0000000000
232  -11.024  -98.377  -21.953 1.0000000000
129325  -12.415  -99.054  -22.784 0.8999999762
247  -12.710  -99.038  -23.540 0.8999999762
130478  -21.811  -97.511  -26.778 0.6000000238
125201  -22.412  -97.498  -27.149 0.5000000000
140378  -13.797  -99.112  -25.265 0.8999999762
455  -20.771  -98.219  -27.182 0.6000000238
129950  -22.042  -97.990  -27.635 0.6000000238
280  -14.619  -99.162  -26.375 1.0000000000
298  -19.171  -98.371  -27.879 0.6000000238
465  -20.497  -98.202  -28.109 0.6999999881
478  -21.902  -97.701  -29.074 0.6999999881
480  -23.176  -97.513  -28.830 0.5000000000
287  -14.862  -99.028  -27.220 1.0000000000
293  -15.027  -98.949  -28.065 1.0000000000
476  -20.329  -98.056  -29.071 0.6999999881
131982  -21.006  -98.145  -28.543 0.6999999881
489  -21.619  -97.438  -29.847 0.6999999881
294  -15.701  -99.025  -28.370 1.0000000000
128610  -18.550  -98.221  -29.455 0.6999999881
129907  -19.413  -98.142  -29.295 0.6999999881
488  -20.700  -97.673  -29.795 0.6999999881
752  -21.727  -97.148  -30.782 0.5000000000
299  -15.804  -98.709  -28.995 0.8999999762
485  -18.183  -98.172  -30.285 0.6000000238
486  -19.149  -98.070  -30.158 0.6000000238
487  -20.190  -97.544  -30.349 0.6000000238
494  -20.357  -97.282  -31.017 0.6000000238
472  -15.436  -98.376  -29.503 0.8999999762
483  -16.458  -98.220  -30.375 0.8000000119
491  -17.774  -97.975  -31.028 0.6999999881
492  -18.674  -97.848  -30.918 0.6000000238
493  -19.558  -97.534  -30.798 0.6000000238
1451  -10.366  -94.882  -10.514 1.0000000000
1459  -10.547  -94.120  -11.220 1.0000000000
122670  -10.906  -94.771  -10.817 1.0000000000
2516  -10.577  -92.555  -12.053 1.0000000000
1469  -7.909  -94.726  -13.113 1.0000000000
1984  -9.005  -92.719  -13.368 1.0000000000
139610  -9.836  -92.742  -12.047 1.0000000000
2532  -11.839  -92.482  -12.579 1.0000000000
1936  -4.652  -93.687  -10.686 0.8999999762
1449  -5.621  -94.084  -10.722 1.0000000000
1455  -5.665  -94.150  -11.589 1.0000000000
1483  -7.380  -94.356  -13.456 1.0000000000
2530  -10.229  -92.301  -12.615 1.0000000000
1485  -12.978  -94.417  -13.055 1.0000000000
1448  -5.058  -93.911  -11.310 0.8999999762
122386  -6.063  -94.330  -12.316 1.0000000000
1474  -13.057  -93.569  -13.094 1.0000000000
1950  -4.331  -93.694  -11.463 0.8000000119
1466  -5.010  -94.030  -12.116 1.0000000000
128278  -6.469  -94.451  -13.072 1.0000000000
1498  -13.941  -94.777  -13.906 1.0000000000
1965  -4.029  -93.748  -12.231 0.8999999762
1467  -5.503  -94.237  -12.999 1.0000000000
1495  -6.348  -94.217  -14.502 1.0000000000
1487  -13.989  -94.026  -13.901 1.0000000000
122342  -4.516  -94.039  -12.940 1.0000000000
1480  -4.981  -94.198  -13.719 1.0000000000
898  -13.870  -95.763  -14.932 1.0000000000
133954  -12.834  -96.375  -16.964 1.0000000000
648  -10.059  -97.798  -17.431 1.0000000000
925  -11.843  -96.655  -17.197 1.0000000000
660  -9.896  -98.225  -17.940 1.0000000000
121909  -11.249  -96.960  -18.135 1.0000000000
661  -10.511  -97.672  -18.234 1.0000000000
670  -10.325  -97.981  -19.595 1.0000000000
125017  -10.534  -97.788  -19.040 1.0000000000
672  -11.375  -97.092  -19.677 1.0000000000
129221  -8.519  -89.768  -30.970 1.0000000000
5473  -8.827  -88.640  -31.259 1.0000000000
205  -10.489  -98.512  -20.010 1.0000000000
671  -10.772  -97.632  -19.717 1.0000000000
4768  -8.191  -89.332  -31.810 1.0000000000
5489  -8.599  -89.095  -32.169 0.8999999762
5474  -9.189  -88.349  -31.272 1.0000000000
6196  -10.400  -87.775  -30.737 1.0000000000
206  -10.975  -99.034  -20.286 1.0000000000
396  -10.219  -98.012  -20.930 1.0000000000
686  -10.574  -97.811  -21.362 1.0000000000
5490  -9.332  -89.030  -32.244 0.8000000119
5475  -9.788  -88.358  -31.402 1.0000000000
5458  -11.082  -88.061  -30.824 1.0000000000
405  -10.425  -98.135  -21.544 1.0000000000
410  -10.760  -97.894  -22.491 1.0000000000
4790  -9.810  -89.397  -33.237 0.8999999762
4769  -10.165  -89.208  -32.356 0.8999999762
4770  -11.736  -89.615  -31.921 0.6999999881
5476  -10.741  -88.863  -31.546 0.8999999762
4747  -11.628  -89.105  -31.145 0.8999999762
233  -11.492  -98.502  -22.617 0.8999999762
132492  -12.315  -89.786  -32.551 0.6999999881
136551  -12.561  -90.018  -31.860 0.6999999881
4748  -12.362  -89.434  -30.662 0.8999999762
246  -11.878  -98.460  -23.472 1.0000000000
4793  -13.071  -89.853  -32.463 0.6999999881
4749  -13.125  -90.295  -30.407 0.8000000119
272  -13.043  -98.910  -24.981 0.8999999762
4772  -13.261  -90.248  -31.784 0.6999999881
4044  -13.529  -90.612  -31.093 0.8000000119
4007  -13.501  -90.460  -29.621 1.0000000000
4710  -13.927  -89.677  -28.199 1.0000000000
432  -12.638  -98.216  -25.347 1.0000000000
273  -13.889  -98.998  -26.008 1.0000000000
4773  -14.043  -90.359  -31.776 0.8000000119
4024  -13.820  -90.954  -30.313 0.8000000119
3990  -13.687  -90.471  -28.873 1.0000000000
286  -14.110  -98.743  -26.860 1.0000000000
452  -13.674  -98.210  -27.308 1.0000000000
129013  -14.956  -90.216  -31.721 0.6000000238
4045  -14.368  -90.902  -31.087 0.6999999881
4008  -14.127  -91.154  -29.398 0.8999999762
3991  -14.041  -90.861  -28.376 1.0000000000
4025  -14.688  -91.250  -30.267 0.6999999881
138320  -14.592  -91.326  -28.734 0.8999999762
133888  -15.040  -91.416  -29.409 1.0000000000
3323  -15.165  -91.644  -28.410 1.0000000000
463  -15.221  -98.562  -28.806 1.0000000000
740  -15.887  -97.659  -30.935 0.8000000119
490  -16.901  -97.977  -31.085 0.6999999881
749  -19.095  -97.328  -31.463 0.5000000000
759  -20.536  -97.044  -31.836 0.6000000238
760  -21.627  -96.711  -31.652 0.5000000000
739  -15.015  -97.556  -30.456 0.8000000119
747  -16.500  -97.248  -31.501 0.6999999881
748  -17.392  -97.406  -31.537 0.6999999881
132819  -18.281  -97.435  -31.498 0.6000000238
756  -17.905  -97.033  -32.142 0.5000000000
757  -18.726  -97.040  -32.132 0.5000000000
1458  -9.738  -94.656  -11.036 1.0000000000
1951  -10.513  -93.130  -11.621 1.0000000000
1470  -8.419  -94.547  -12.445 1.0000000000
1145  -6.932  -94.870  -12.463 1.0000000000
1468  -7.243  -94.782  -13.038 1.0000000000
132953  -6.956  -94.244  -14.161 1.0000000000
2544  -11.669  -92.256  -13.124 1.0000000000
1982  -4.065  -93.953  -13.685 1.0000000000
1514  -14.828  -94.711  -14.783 1.0000000000
916  -12.557  -96.411  -16.309 1.0000000000
1171  -14.738  -95.342  -15.236 1.0000000000
1176  -14.062  -95.879  -16.492 1.0000000000
927  -13.579  -96.037  -17.213 1.0000000000
134464  -10.480  -89.456  -29.213 1.0000000000
5425  -10.799  -88.359  -28.928 1.0000000000
934  -11.687  -96.798  -18.857 1.0000000000
926  -12.706  -96.370  -17.719 1.0000000000
4022  -8.198  -90.753  -30.793 1.0000000000
4023  -9.022  -90.127  -30.484 1.0000000000
5441  -10.276  -87.671  -29.619 1.0000000000
4746  -8.946  -88.829  -30.607 1.0000000000
6166  -10.699  -87.263  -29.884 1.0000000000
942  -12.143  -96.630  -19.559 1.0000000000
949  -11.798  -96.901  -20.473 1.0000000000
4043  -7.912  -90.078  -31.449 1.0000000000
6165  -9.909  -87.612  -30.176 1.0000000000
143675  -11.424  -87.070  -29.500 1.0000000000
6167  -12.271  -87.129  -29.813 1.0000000000
679  -11.015  -97.477  -20.476 1.0000000000
950  -12.454  -96.659  -20.914 1.0000000000
4788  -7.758  -89.434  -32.566 0.8999999762
143019  -9.015  -89.344  -33.085 0.6999999881
6185  -11.216  -87.169  -30.090 1.0000000000
5459  -11.815  -87.984  -30.458 1.0000000000
122674  -11.864  -96.977  -21.307 1.0000000000
958  -12.697  -96.694  -21.663 1.0000000000
957  -11.864  -97.144  -22.004 1.0000000000
4767  -7.342  -89.847  -32.003 0.8999999762
4804  -10.360  -89.185  -33.847 0.6000000238
4805  -11.420  -89.162  -33.610 0.5000000000
6214  -11.796  -88.147  -34.184 0.4000000060
6168  -13.658  -87.626  -29.088 1.0000000000
125363  -10.922  -97.792  -22.210 1.0000000000
696  -11.605  -97.559  -22.784 0.8999999762
963  -12.431  -96.914  -22.514 1.0000000000
137961  -13.001  -96.723  -23.007 1.0000000000
4732  -12.594  -88.219  -29.994 0.8999999762
129137  -14.517  -88.354  -28.083 1.0000000000
415  -11.104  -97.927  -23.447 0.8999999762
700  -11.794  -97.648  -23.716 1.0000000000
969  -12.400  -97.097  -23.286 1.0000000000
127735  -13.235  -96.781  -23.604 1.0000000000
4787  -6.866  -89.619  -32.490 0.8000000119
5491  -13.758  -89.208  -32.969 0.5000000000
4733  -12.884  -89.594  -29.793 1.0000000000
414  -11.473  -97.872  -23.721 1.0000000000
706  -12.355  -97.600  -24.475 1.0000000000
975  -12.806  -96.987  -23.944 1.0000000000
142273  -13.147  -96.982  -24.606 1.0000000000
4711  -14.630  -89.198  -27.437 1.0000000000
431  -12.228  -98.054  -24.995 1.0000000000
441  -12.740  -98.059  -26.139 1.0000000000
711  -12.951  -97.497  -25.794 1.0000000000
4795  -14.564  -89.503  -32.439 0.5000000000
129541  -14.709  -90.021  -26.736 1.0000000000
3956  -14.974  -90.750  -26.153 1.0000000000
442  -13.472  -98.350  -26.461 1.0000000000
451  -13.130  -98.033  -26.974 1.0000000000
982  -13.497  -97.147  -25.745 1.0000000000
3972  -14.639  -91.007  -26.936 1.0000000000
720  -13.353  -97.454  -27.317 1.0000000000
719  -13.063  -97.568  -26.520 1.0000000000
3303  -14.536  -91.293  -27.860 1.0000000000
461  -13.784  -98.136  -28.177 1.0000000000
470  -13.873  -97.800  -29.035 1.0000000000
737  -13.432  -97.046  -29.660 1.0000000000
3304  -14.886  -91.864  -27.293 0.8999999762
730  -14.368  -97.568  -29.872 0.8999999762
738  -14.043  -96.685  -30.481 0.8999999762
1023  -19.239  -96.481  -32.603 0.5000000000
746  -15.039  -96.979  -31.104 0.6999999881
133140  -16.784  -96.162  -32.347 0.6000000238
1021  -17.546  -96.286  -32.476 0.6000000238
758  -19.602  -97.078  -32.103 0.5000000000
755  -17.039  -96.869  -32.091 0.6000000238
1471  -9.523  -93.808  -11.606 1.0000000000
1457  -8.792  -95.228  -11.722 1.0000000000
139722  -7.781  -94.964  -12.902 1.0000000000
1937  -4.964  -93.736  -9.842 0.6000000238
2002  -8.403  -93.176  -14.234 1.0000000000
2003  -9.430  -92.865  -14.114 1.0000000000
1935  -3.294  -93.151  -10.046 0.4000000060
129884  -4.079  -93.439  -9.937 0.5000000000
1494  -5.428  -94.208  -14.477 1.0000000000
1496  -6.951  -94.030  -14.947 1.0000000000
2542  -10.395  -92.655  -13.995 1.0000000000
2554  -11.382  -92.548  -13.842 1.0000000000
2533  -12.253  -92.480  -13.095 1.0000000000
1934  -2.844  -93.136  -10.896 0.6999999881
2019  -9.088  -93.621  -15.011 1.0000000000
2006  -12.785  -93.020  -14.280 1.0000000000
2007  -13.563  -93.406  -14.222 1.0000000000
1949  -3.453  -93.468  -11.607 0.6999999881
142831  -3.266  -93.551  -12.308 1.0000000000
2001  -4.528  -94.063  -14.457 1.0000000000
140659  -14.698  -93.544  -14.953 1.0000000000
1500  -14.912  -94.063  -14.783 1.0000000000
4722  -11.172  -89.635  -28.677 1.0000000000
1190  -14.223  -95.712  -17.792 1.0000000000
3343  -8.213  -91.491  -30.140 0.8999999762
4004  -8.972  -91.053  -30.316 1.0000000000
4006  -10.319  -90.493  -29.412 1.0000000000
131380  -10.902  -91.179  -29.060 1.0000000000
6143  -11.867  -87.392  -28.405 1.0000000000
124583  -13.310  -96.008  -18.851 1.0000000000
943  -12.956  -96.186  -19.437 1.0000000000
3344  -10.158  -91.467  -29.359 1.0000000000
6142  -11.160  -87.313  -29.144 1.0000000000
132416  -12.678  -96.424  -20.226 1.0000000000
3361  -7.376  -91.292  -30.516 0.8999999762
6144  -11.909  -86.851  -28.911 1.0000000000
6870  -13.292  -86.750  -28.531 1.0000000000
1195  -13.634  -95.878  -19.324 1.0000000000
5504  -10.863  -88.581  -34.222 0.4000000060
6145  -13.554  -87.009  -28.921 1.0000000000
1202  -14.236  -95.755  -20.510 1.0000000000
951  -13.342  -96.221  -20.897 1.0000000000
4803  -9.249  -89.139  -33.866 0.6999999881
138411  -12.331  -87.257  -34.198 0.3000000119
6127  -14.577  -87.386  -27.960 1.0000000000
139796  -14.160  -95.897  -21.207 1.0000000000
964  -13.316  -96.557  -22.389 1.0000000000
1212  -14.209  -96.119  -22.469 1.0000000000
4789  -8.338  -89.278  -33.259 0.6999999881
5517  -9.956  -88.587  -34.400 0.4000000060
5414  -15.172  -87.931  -27.458 1.0000000000
5401  -16.178  -88.167  -26.117 1.0000000000
1208  -14.612  -95.834  -21.794 1.0000000000
5516  -8.889  -88.523  -34.400 0.5000000000
4696  -15.370  -88.824  -26.653 1.0000000000
965  -13.778  -96.478  -23.093 1.0000000000
125333  -15.236  -89.861  -26.136 1.0000000000
3947  -15.560  -90.404  -25.511 1.0000000000
970  -14.078  -96.522  -23.877 1.0000000000
139521  -14.407  -96.707  -25.309 1.0000000000
3287  -15.384  -91.521  -25.522 1.0000000000
3294  -14.924  -91.591  -26.353 1.0000000000
122834  -14.945  -92.147  -26.590 0.8999999762
724  -12.392  -96.662  -28.733 1.0000000000
1003  -12.601  -96.648  -29.284 1.0000000000
1030  -18.835  -95.963  -33.174 0.5000000000
1012  -14.344  -96.086  -31.299 0.8000000119
1020  -15.523  -95.880  -32.070 0.6000000238
1029  -17.967  -95.785  -33.091 0.5000000000
1011  -13.156  -95.639  -31.015 0.8999999762
1019  -14.744  -95.583  -31.818 0.8000000119
1262  -16.160  -95.477  -32.450 0.6000000238
1682  -17.007  -93.611  -33.663 0.6000000238
1679  -14.528  -94.047  -33.156 0.5000000000
1681  -15.756  -93.537  -33.370 0.6000000238
2230  -15.020  -93.063  -33.416 0.4000000060
1136  -8.232  -95.814  -11.610 1.0000000000
1135  -7.862  -95.864  -11.433 1.0000000000
142430  -7.920  -95.628  -12.036 1.0000000000
2480  -3.239  -92.660  -8.672 0.3000000119
1511  -8.443  -94.195  -15.685 1.0000000000
134849  -9.926  -94.003  -15.409 1.0000000000
1925  -4.339  -93.430  -9.090 0.3000000119
1508  -5.841  -94.126  -15.234 1.0000000000
140467  -8.099  -93.592  -14.997 1.0000000000
131677  -10.100  -93.375  -14.772 1.0000000000
2004  -11.038  -93.210  -14.651 1.0000000000
2503  -2.280  -92.490  -10.558 0.5000000000
1507  -4.997  -94.066  -15.232 1.0000000000
2022  -12.510  -93.317  -15.083 1.0000000000
2515  -2.204  -92.868  -11.321 0.6999999881
1981  -3.130  -93.630  -13.647 1.0000000000
2023  -13.337  -93.236  -14.999 1.0000000000
2024  -14.136  -93.303  -14.894 1.0000000000
2529  -1.826  -92.765  -12.008 0.6999999881
1963  -1.961  -93.149  -12.790 0.8000000119
2025  -15.207  -93.569  -15.293 1.0000000000
1529  -15.853  -94.227  -16.261 1.0000000000
119781  -15.715  -93.658  -15.747 1.0000000000
1184  -14.976  -95.315  -17.417 1.0000000000
3969  -11.906  -89.961  -28.102 1.0000000000
4723  -11.549  -88.811  -28.290 1.0000000000
2054  -16.587  -93.036  -17.332 1.0000000000
2754  -9.229  -91.718  -29.672 0.8999999762
3360  -6.694  -91.406  -30.295 0.8999999762
3320  -9.852  -92.226  -28.977 1.0000000000
3321  -10.657  -91.991  -28.789 1.0000000000
3301  -11.977  -91.128  -28.043 1.0000000000
6104  -13.016  -87.312  -27.361 1.0000000000
6851  -13.108  -86.731  -28.176 1.0000000000
4042  -6.545  -90.747  -31.213 0.8999999762
6232  -11.598  -87.101  -34.320 0.4000000060
6871  -13.996  -86.829  -28.278 1.0000000000
6128  -15.117  -87.086  -27.135 1.0000000000
131269  -14.900  -95.517  -21.095 1.0000000000
5400  -15.695  -87.607  -26.657 1.0000000000
6108  -16.195  -87.363  -25.990 1.0000000000
1209  -15.432  -95.382  -21.825 1.0000000000
6230  -10.281  -87.735  -34.509 0.4000000060
5502  -7.315  -88.746  -33.651 0.4000000060
4684  -16.637  -88.610  -25.308 1.0000000000
3948  -16.246  -89.915  -24.985 1.0000000000
1216  -14.736  -96.015  -23.346 1.0000000000
6229  -9.402  -87.802  -34.600 0.3000000119
3288  -16.048  -91.052  -24.846 1.0000000000
3277  -16.970  -91.688  -24.601 1.0000000000
124086  -16.084  -92.086  -24.909 1.0000000000
2699  -16.324  -93.061  -25.125 1.0000000000
2698  -15.545  -92.510  -25.493 1.0000000000
989  -14.596  -96.599  -26.552 1.0000000000
988  -13.927  -96.886  -26.468 1.0000000000
992  -13.391  -97.140  -27.352 1.0000000000
126517  -13.768  -96.812  -27.254 1.0000000000
997  -12.921  -96.625  -28.353 1.0000000000
1243  -13.053  -95.858  -28.532 1.0000000000
1242  -12.070  -96.023  -28.440 1.0000000000
996  -11.671  -96.145  -28.704 1.0000000000
1645  -12.081  -94.893  -29.614 1.0000000000
1241  -11.362  -95.716  -28.773 1.0000000000
1007  -11.510  -95.647  -29.761 1.0000000000
126512  -13.167  -94.490  -29.927 1.0000000000
138259  -12.370  -94.498  -30.529 0.8000000119
1656  -11.688  -94.942  -30.129 1.0000000000
1252  -12.136  -95.165  -30.724 0.8000000119
1260  -14.237  -95.011  -32.246 0.6000000238
1687  -17.539  -93.181  -34.286 0.3000000119
2232  -16.551  -92.473  -34.514 0.5000000000
1657  -12.481  -94.381  -31.332 0.6000000238
1674  -14.036  -94.234  -32.683 0.5000000000
2776  -15.663  -92.708  -33.499 0.4000000060
2224  -14.229  -93.889  -33.138 0.5000000000
1537  -6.463  -94.457  -17.514 1.0000000000
123526  -7.765  -94.400  -16.202 1.0000000000
1513  -10.236  -94.376  -15.977 1.0000000000
2493  -2.464  -92.345  -9.782 0.4000000060
123632  -5.483  -94.041  -16.014 1.0000000000
1523  -6.009  -94.202  -16.749 1.0000000000
1510  -7.017  -94.136  -15.766 1.0000000000
2020  -10.675  -93.862  -15.394 1.0000000000
130933  -3.168  -93.516  -15.202 1.0000000000
2021  -11.597  -93.608  -15.396 1.0000000000
143116  -12.840  -93.288  -15.454 1.0000000000
126521  -1.789  -93.134  -14.121 0.8999999762
2000  -3.604  -93.744  -14.437 1.0000000000
2570  -14.702  -92.948  -15.442 1.0000000000
2569  -13.917  -93.004  -15.434 1.0000000000
1185  -15.571  -94.807  -16.919 1.0000000000
2584  -15.829  -92.276  -16.375 1.0000000000
141695  -12.281  -89.792  -27.610 1.0000000000
2039  -16.164  -93.202  -16.404 1.0000000000
5413  -12.413  -87.828  -27.595 1.0000000000
2053  -16.160  -94.026  -17.285 1.0000000000
2752  -7.138  -92.136  -29.023 0.8999999762
2737  -7.937  -92.570  -28.506 0.8999999762
3970  -12.333  -90.479  -27.530 1.0000000000
2718  -8.665  -93.004  -27.823 1.0000000000
2739  -10.229  -92.562  -28.234 1.0000000000
2720  -11.831  -92.203  -27.684 1.0000000000
3302  -12.352  -91.487  -27.333 1.0000000000
1191  -14.831  -95.325  -18.240 1.0000000000
2705  -10.514  -92.989  -27.424 1.0000000000
2721  -12.304  -92.356  -27.003 1.0000000000
3293  -12.718  -91.785  -26.575 1.0000000000
6106  -14.506  -86.964  -26.381 1.0000000000
6829  -14.827  -86.853  -26.742 1.0000000000
138526  -14.741  -95.299  -18.950 1.0000000000
1575  -15.126  -94.958  -19.480 1.0000000000
6107  -15.576  -86.944  -26.218 1.0000000000
4063  -6.417  -90.224  -31.825 0.8000000119
6920  -12.377  -86.212  -34.167 0.3000000119
1203  -14.987  -95.165  -20.298 1.0000000000
4801  -6.612  -89.216  -32.913 0.4000000060
4665  -17.101  -89.475  -24.586 1.0000000000
1601  -15.743  -94.849  -21.051 1.0000000000
1213  -15.128  -95.740  -22.510 1.0000000000
1605  -16.141  -94.804  -22.096 1.0000000000
5515  -7.944  -88.388  -34.371 0.4000000060
3935  -16.922  -90.618  -24.518 1.0000000000
2143  -17.798  -93.255  -24.409 1.0000000000
1606  -16.868  -94.322  -22.495 1.0000000000
135669  -16.455  -94.914  -23.152 1.0000000000
1217  -15.697  -95.564  -23.243 1.0000000000
2690  -17.118  -92.704  -24.745 1.0000000000
1218  -16.245  -95.382  -24.072 1.0000000000
126243  -15.512  -95.807  -23.966 1.0000000000
1221  -14.898  -96.174  -24.303 1.0000000000
2142  -17.132  -93.592  -24.825 1.0000000000
121997  -14.999  -96.356  -25.129 1.0000000000
984  -14.896  -96.579  -25.875 1.0000000000
135672  -15.159  -92.858  -25.929 1.0000000000
2157  -16.568  -93.842  -25.240 1.0000000000
2722  -14.943  -92.678  -26.526 1.0000000000
2156  -15.667  -93.498  -25.664 1.0000000000
993  -14.650  -96.000  -27.199 1.0000000000
2723  -15.408  -92.403  -27.515 0.8999999762
1239  -14.372  -95.286  -27.695 1.0000000000
1238  -13.972  -96.120  -27.826 1.0000000000
1248  -13.188  -95.118  -28.993 1.0000000000
1669  -14.160  -93.572  -31.959 0.6000000238
2792  -16.958  -92.367  -35.188 0.3000000119
122037  -14.391  -94.330  -30.085 0.8999999762
1658  -13.297  -94.029  -31.153 0.6999999881
2216  -13.921  -93.594  -32.793 0.5000000000
2217  -14.896  -93.130  -32.653 0.5000000000
2225  -14.758  -93.174  -33.298 0.4000000060
1539  -8.366  -95.050  -17.520 1.0000000000
1525  -8.712  -94.817  -16.590 1.0000000000
138093  -7.871  -94.805  -16.888 1.0000000000
1527  -10.525  -94.403  -16.711 1.0000000000
3065  -1.872  -91.748  -10.566 0.5000000000
1522  -5.065  -94.038  -16.938 1.0000000000
1538  -7.434  -94.770  -17.544 1.0000000000
2035  -11.012  -94.150  -16.034 1.0000000000
128613  -3.652  -93.580  -15.993 1.0000000000
2036  -11.646  -93.861  -16.143 1.0000000000
128290  -1.404  -91.954  -12.063 0.6000000238
136979  -2.303  -93.255  -15.210 1.0000000000
2034  -4.049  -93.748  -16.855 1.0000000000
2582  -13.946  -92.571  -16.123 1.0000000000
122576  -1.511  -92.473  -12.825 0.6999999881
2583  -14.995  -92.182  -16.168 1.0000000000
1543  -15.541  -94.818  -17.820 1.0000000000
134611  -6.564  -92.430  -28.329 0.8999999762
2717  -7.622  -93.031  -27.689 0.8999999762
3955  -12.687  -90.716  -26.790 1.0000000000
6105  -13.679  -87.243  -26.743 1.0000000000
2067  -16.492  -93.476  -18.172 1.0000000000
2608  -16.782  -92.645  -18.087 1.0000000000
2719  -9.645  -93.041  -27.563 1.0000000000
1576  -15.754  -94.417  -19.222 1.0000000000
1559  -15.946  -94.242  -18.367 1.0000000000
3367  -6.230  -91.036  -30.730 0.8999999762
2707  -12.511  -92.891  -26.188 1.0000000000
143556  -16.413  -93.557  -19.469 1.0000000000
4041  -5.936  -90.575  -31.255 0.8000000119
2167  -10.911  -93.450  -26.443 1.0000000000
6096  -16.771  -86.990  -24.871 1.0000000000
1577  -16.094  -93.960  -19.729 1.0000000000
4062  -5.657  -90.105  -31.704 0.5000000000
5394  -16.974  -87.637  -25.175 1.0000000000
131885  -17.432  -88.304  -24.708 1.0000000000
1589  -15.681  -94.596  -20.054 1.0000000000
1590  -16.234  -94.108  -20.541 1.0000000000
6932  -10.753  -86.962  -34.381 0.4000000060
4666  -17.879  -89.146  -24.160 1.0000000000
1602  -16.595  -94.188  -21.534 1.0000000000
140944  -17.010  -93.921  -22.112 1.0000000000
5501  -6.437  -88.707  -33.390 0.4000000060
3936  -17.757  -90.230  -24.194 1.0000000000
3279  -18.497  -90.839  -23.932 1.0000000000
6931  -9.882  -86.900  -34.410 0.3000000119
3278  -17.806  -91.262  -24.299 1.0000000000
2691  -18.000  -92.314  -24.349 1.0000000000
2130  -17.912  -93.584  -23.704 1.0000000000
1614  -16.949  -94.378  -24.859 1.0000000000
1222  -15.789  -95.804  -24.857 1.0000000000
1618  -16.316  -94.495  -25.425 1.0000000000
1617  -15.541  -94.396  -25.982 1.0000000000
1228  -15.460  -95.951  -25.735 1.0000000000
2169  -14.997  -93.514  -26.376 1.0000000000
131080  -14.769  -95.037  -26.987 1.0000000000
2180  -15.522  -92.744  -27.573 0.8999999762
1659  -14.882  -93.949  -30.927 0.8999999762
2226  -15.595  -92.625  -33.386 0.4000000060
2777  -16.132  -92.306  -33.859 0.4000000060
123796  -2.231  -91.496  -8.916 0.1000000015
127458  -8.816  -95.100  -18.417 1.0000000000
3046  -2.128  -91.710  -9.659 0.3000000119
1540  -9.262  -95.045  -17.486 1.0000000000
1554  -5.801  -94.432  -18.343 1.0000000000
1542  -10.850  -94.279  -17.469 1.0000000000
3734  -1.555  -91.233  -12.622 0.6000000238
2049  -4.361  -94.054  -17.759 1.0000000000
1528  -11.298  -94.095  -16.760 1.0000000000
2017  -2.676  -93.343  -15.935 1.0000000000
2033  -3.099  -93.444  -16.761 1.0000000000
2050  -11.649  -93.735  -17.611 1.0000000000
2051  -12.575  -93.138  -17.270 1.0000000000
2052  -13.166  -92.960  -16.602 1.0000000000
1979  -1.583  -92.887  -13.538 0.8000000119
2595  -13.447  -92.408  -17.165 1.0000000000
2596  -14.265  -92.074  -16.735 1.0000000000
4681  -13.049  -89.963  -26.273 1.0000000000
129172  -15.305  -91.083  -17.182 1.0000000000
3145  -16.066  -91.681  -16.768 1.0000000000
2751  -6.305  -91.916  -29.106 0.8999999762
2736  -5.876  -92.236  -28.326 0.8999999762
2716  -6.126  -92.760  -27.606 0.8999999762
4695  -12.995  -88.929  -26.488 1.0000000000
3167  -16.489  -91.523  -17.275 1.0000000000
2176  -8.033  -93.379  -26.816 1.0000000000
2178  -9.886  -93.468  -26.574 1.0000000000
3189  -17.206  -91.139  -18.479 1.0000000000
2750  -5.574  -91.777  -29.165 0.8000000119
2168  -11.734  -93.600  -25.838 1.0000000000
6094  -14.895  -87.026  -25.642 1.0000000000
2609  -16.978  -92.101  -18.597 1.0000000000
3340  -6.026  -91.481  -30.030 0.8000000119
3366  -5.495  -90.895  -30.757 0.6999999881
6805  -15.116  -86.832  -26.082 1.0000000000
6792  -16.220  -86.850  -24.948 1.0000000000
2621  -17.281  -91.944  -19.452 1.0000000000
6089  -17.309  -87.018  -24.053 1.0000000000
2636  -16.911  -92.777  -20.203 1.0000000000
4800  -5.849  -89.233  -32.683 0.3000000119
5382  -17.434  -87.418  -24.491 1.0000000000
5362  -18.886  -88.339  -23.514 1.0000000000
2100  -17.300  -92.849  -21.120 1.0000000000
4646  -19.082  -89.369  -23.484 1.0000000000
3263  -18.979  -91.346  -23.415 1.0000000000
3255  -18.870  -92.076  -22.875 1.0000000000
2654  -17.813  -92.974  -22.033 1.0000000000
3937  -18.487  -89.852  -23.855 1.0000000000
2676  -18.589  -92.269  -23.700 1.0000000000
2675  -18.298  -92.944  -23.960 1.0000000000
2124  -17.558  -93.709  -22.660 1.0000000000
2129  -17.298  -94.268  -23.448 1.0000000000
1610  -17.480  -94.039  -24.293 1.0000000000
1609  -16.930  -94.744  -24.167 1.0000000000
1223  -16.533  -95.137  -24.890 1.0000000000
1622  -15.010  -94.375  -26.539 1.0000000000
1235  -15.428  -95.252  -26.271 1.0000000000
1229  -16.003  -95.277  -25.580 1.0000000000
2179  -14.846  -93.275  -27.085 1.0000000000
1628  -14.693  -93.996  -27.061 1.0000000000
2186  -14.964  -93.366  -27.844 1.0000000000
1635  -14.667  -94.012  -28.463 1.0000000000
135925  -14.566  -94.514  -27.560 1.0000000000
131966  -14.881  -94.088  -29.311 0.8999999762
1646  -14.213  -94.666  -29.187 0.8999999762
2181  -17.026  -93.197  -27.793 0.8000000119
1647  -15.494  -94.004  -29.925 0.6999999881
2218  -16.227  -93.425  -32.286 0.5000000000
2227  -16.724  -93.045  -32.730 0.5000000000
4397  -2.430  -90.366  -9.873 0.2000000030
4398  -2.798  -89.657  -9.916 0.2000000030
4412  -2.652  -90.213  -10.716 0.3000000119
4413  -3.178  -89.308  -10.723 0.3000000119
127459  -7.890  -94.964  -18.387 1.0000000000
127467  -7.357  -94.695  -19.444 1.0000000000
127671  -9.130  -95.015  -19.628 1.0000000000
3075  -2.006  -90.985  -11.054 0.5000000000
128355  -6.281  -94.562  -19.309 1.0000000000
132623  -11.031  -94.131  -18.241 1.0000000000
1553  -4.707  -94.322  -18.751 1.0000000000
2048  -3.374  -93.653  -17.771 1.0000000000
2594  -12.875  -92.647  -17.940 1.0000000000
3750  -1.411  -91.433  -13.270 0.6999999881
3114  -0.999  -92.000  -14.540 0.8000000119
1998  -1.719  -93.039  -14.818 1.0000000000
124316  -1.708  -92.973  -15.764 1.0000000000
2032  -2.173  -93.166  -16.675 1.0000000000
2593  -1.872  -92.869  -17.533 1.0000000000
3126  -0.980  -91.867  -15.404 1.0000000000
3165  -14.680  -91.240  -17.456 1.0000000000
3818  -15.768  -90.585  -17.535 1.0000000000
2175  -7.151  -93.352  -26.877 1.0000000000
3819  -16.348  -90.738  -17.587 1.0000000000
2165  -8.350  -93.721  -25.807 1.0000000000
5392  -14.612  -87.675  -25.168 1.0000000000
137675  -16.785  -91.052  -17.812 1.0000000000
132023  -5.182  -91.403  -29.969 0.6999999881
127322  -10.116  -93.905  -25.540 1.0000000000
3857  -17.558  -90.147  -18.926 1.0000000000
2696  -13.006  -92.981  -25.473 1.0000000000
132622  -15.938  -86.920  -24.658 1.0000000000
3209  -17.927  -90.552  -19.704 1.0000000000
4784  -4.643  -89.504  -32.188 0.5000000000
6083  -18.506  -87.442  -23.460 1.0000000000
3224  -17.826  -91.402  -20.277 1.0000000000
3910  -19.701  -90.204  -22.274 1.0000000000
3240  -19.121  -90.796  -21.441 1.0000000000
2637  -17.440  -92.225  -20.482 1.0000000000
5342  -19.620  -88.110  -22.412 1.0000000000
3923  -19.599  -89.811  -23.014 1.0000000000
3256  -19.276  -91.201  -22.550 1.0000000000
2655  -18.433  -92.446  -22.262 1.0000000000
2668  -18.339  -92.926  -23.097 1.0000000000
1629  -14.706  -93.902  -27.664 1.0000000000
2187  -16.363  -93.325  -28.110 0.8999999762
1636  -15.652  -93.681  -28.841 0.8999999762
1571  -8.236  -94.743  -20.203 1.0000000000
4432  -3.605  -88.923  -11.429 0.4000000060
1569  -5.660  -94.478  -20.144 1.0000000000
131926  -7.347  -94.583  -20.479 1.0000000000
1555  -9.739  -94.821  -18.490 1.0000000000
3735  -2.131  -90.556  -12.480 0.5000000000
3725  -2.462  -90.421  -11.668 0.5000000000
1568  -4.732  -94.410  -19.907 1.0000000000
1572  -9.982  -94.619  -19.648 1.0000000000
1556  -10.472  -94.373  -18.817 1.0000000000
3765  -2.140  -90.428  -13.911 0.5000000000
2064  -3.825  -94.090  -18.565 1.0000000000
2079  -3.747  -94.236  -19.615 1.0000000000
1557  -11.053  -94.043  -18.950 1.0000000000
2047  -2.512  -93.324  -18.214 1.0000000000
2066  -12.231  -93.148  -18.249 1.0000000000
122524  -1.214  -92.287  -16.066 0.8999999762
121665  -1.249  -92.164  -17.173 1.0000000000
2080  -12.010  -93.147  -19.186 1.0000000000
2617  -12.763  -92.527  -18.897 1.0000000000
2607  -13.471  -92.080  -18.109 1.0000000000
3187  -14.241  -91.363  -18.211 1.0000000000
3164  -14.144  -91.782  -17.432 1.0000000000
3817  -15.035  -90.784  -17.801 1.0000000000
3946  -13.436  -90.263  -25.484 1.0000000000
4682  -13.438  -89.189  -25.781 1.0000000000
4562  -16.652  -89.683  -18.565 1.0000000000
3285  -13.125  -92.162  -25.836 1.0000000000
4563  -17.162  -89.644  -18.741 1.0000000000
2166  -9.239  -93.802  -25.684 1.0000000000
2153  -9.553  -94.004  -24.925 1.0000000000
123597  -11.688  -93.945  -25.015 1.0000000000
5381  -15.592  -87.320  -24.365 1.0000000000
3359  -4.655  -90.953  -30.581 0.5000000000
137232  -10.321  -94.034  -24.883 1.0000000000
6088  -16.604  -86.980  -24.335 1.0000000000
4601  -18.860  -88.505  -20.287 1.0000000000
3858  -18.270  -89.730  -19.742 1.0000000000
136482  -4.316  -90.110  -31.568 0.5000000000
6082  -17.912  -87.023  -23.320 1.0000000000
143233  -19.211  -87.347  -22.371 1.0000000000
5325  -19.734  -88.536  -21.631 1.0000000000
3876  -18.977  -89.894  -20.621 1.0000000000
4798  -4.806  -88.596  -33.025 0.4000000060
4615  -19.775  -89.414  -21.689 1.0000000000
3877  -19.530  -89.917  -21.339 1.0000000000
1585  -7.754  -94.460  -21.121 1.0000000000
123692  -3.969  -89.072  -12.974 0.4000000060
5192  -4.008  -88.329  -12.137 0.4000000060
1583  -5.984  -94.419  -20.957 1.0000000000
1586  -8.688  -94.587  -21.024 1.0000000000
130201  -9.477  -94.602  -20.641 1.0000000000
4479  -2.703  -89.954  -14.541 0.6000000238
4459  -2.650  -90.150  -13.205 0.5000000000
1567  -4.040  -94.257  -20.498 1.0000000000
125321  -1.571  -90.572  -16.312 0.8000000119
3795  -1.226  -90.793  -17.277 0.8999999762
4538  -1.588  -90.131  -17.852 1.0000000000
2092  -3.488  -93.823  -20.615 1.0000000000
1573  -10.679  -94.150  -19.613 1.0000000000
3780  -1.342  -91.116  -15.512 0.8999999762
3140  -1.033  -91.526  -16.470 0.8999999762
125899  -1.082  -91.509  -17.577 1.0000000000
3183  -1.370  -91.563  -18.420 1.0000000000
2605  -1.963  -92.670  -19.125 1.0000000000
2078  -2.917  -93.868  -19.906 1.0000000000
1574  -11.298  -93.574  -19.542 1.0000000000
129933  -1.753  -90.716  -14.693 0.6999999881
2592  -1.583  -92.273  -18.223 1.0000000000
132230  -13.150  -91.053  -26.082 1.0000000000
2081  -12.390  -92.696  -19.878 1.0000000000
3206  -13.563  -91.913  -19.016 1.0000000000
3934  -14.358  -90.474  -23.894 1.0000000000
3874  -14.864  -90.969  -19.696 1.0000000000
3933  -13.857  -90.618  -24.573 1.0000000000
4664  -14.357  -89.645  -24.282 1.0000000000
4644  -14.860  -89.915  -23.415 1.0000000000
3856  -15.460  -90.194  -19.086 1.0000000000
2735  -5.212  -92.049  -28.281 0.6999999881
2715  -5.505  -92.617  -27.519 0.8999999762
4663  -13.883  -89.450  -25.032 1.0000000000
4645  -15.388  -88.840  -23.227 1.0000000000
4561  -16.051  -89.778  -18.676 1.0000000000
2749  -4.813  -91.661  -29.105 0.6999999881
2151  -7.834  -93.725  -25.199 1.0000000000
5379  -14.432  -88.623  -24.725 1.0000000000
5360  -14.916  -88.803  -24.012 1.0000000000
5341  -16.030  -87.969  -23.103 1.0000000000
4629  -15.918  -88.812  -22.532 1.0000000000
2137  -8.194  -93.500  -24.831 1.0000000000
5361  -15.471  -87.895  -23.815 1.0000000000
6063  -16.646  -87.350  -22.967 1.0000000000
4630  -16.582  -88.093  -22.141 1.0000000000
4600  -16.820  -88.527  -21.055 1.0000000000
143813  -17.309  -88.485  -19.804 1.0000000000
4581  -16.992  -89.006  -19.119 1.0000000000
122759  -11.096  -93.757  -24.501 1.0000000000
6080  -16.220  -87.183  -23.828 1.0000000000
6081  -17.202  -87.046  -23.394 1.0000000000
6064  -17.292  -87.274  -22.359 1.0000000000
5324  -17.836  -87.539  -20.835 1.0000000000
138294  -18.292  -88.345  -19.984 1.0000000000
6211  -5.250  -87.928  -33.682 0.3000000119
6040  -17.918  -87.128  -21.674 1.0000000000
6023  -18.988  -87.424  -21.184 1.0000000000
5193  -4.294  -88.129  -13.084 0.4000000060
5204  -4.243  -88.737  -13.962 0.4000000060
1598  -7.223  -94.135  -21.499 1.0000000000
1599  -8.188  -94.152  -21.448 1.0000000000
4460  -3.440  -89.617  -13.740 0.5000000000
2108  -4.243  -93.711  -21.123 1.0000000000
2093  -4.962  -94.089  -21.191 1.0000000000
2110  -5.775  -93.934  -21.418 1.0000000000
1600  -9.176  -94.164  -21.255 1.0000000000
5227  -4.068  -88.434  -14.981 0.5000000000
4480  -3.622  -89.266  -14.729 0.6000000238
4500  -2.888  -89.522  -15.463 0.8000000119
4556  -1.804  -90.250  -18.557 1.0000000000
3202  -2.125  -91.606  -19.604 1.0000000000
132575  -3.802  -92.562  -20.571 1.0000000000
2630  -4.380  -93.002  -21.137 1.0000000000
140091  -2.470  -92.887  -20.095 1.0000000000
128253  -3.193  -92.658  -20.455 1.0000000000
1588  -10.876  -93.800  -20.232 1.0000000000
3217  -2.583  -92.262  -20.033 1.0000000000
3218  -3.245  -91.983  -20.070 1.0000000000
2618  -13.077  -92.159  -19.848 1.0000000000
2619  -13.752  -91.856  -19.813 1.0000000000
3286  -13.447  -91.429  -25.241 1.0000000000
3262  -14.542  -91.638  -23.075 1.0000000000
3909  -15.109  -90.924  -22.675 1.0000000000
3894  -16.036  -90.044  -20.939 1.0000000000
3875  -15.392  -90.367  -20.200 1.0000000000
2734  -4.482  -91.804  -28.218 0.6999999881
130348  -4.197  -91.975  -27.399 0.6999999881
2173  -5.766  -93.134  -27.012 1.0000000000
143799  -6.356  -93.674  -25.552 1.0000000000
134875  -6.457  -93.603  -24.978 1.0000000000
2697  -13.367  -92.549  -25.023 1.0000000000
2689  -13.449  -92.733  -24.203 1.0000000000
3275  -13.722  -91.903  -24.385 1.0000000000
123186  -15.490  -89.752  -22.548 1.0000000000
4614  -16.193  -89.366  -21.665 1.0000000000
3357  -2.908  -90.912  -30.154 0.5000000000
129651  -4.364  -91.320  -29.781 0.5000000000
2684  -8.580  -93.150  -24.528 1.0000000000
2139  -10.078  -93.553  -24.499 1.0000000000
2688  -13.118  -93.160  -24.859 1.0000000000
4599  -16.433  -89.153  -20.602 1.0000000000
4580  -16.184  -89.453  -19.560 1.0000000000
132479  -3.984  -90.509  -31.135 0.5000000000
2140  -12.059  -93.559  -24.392 1.0000000000
129362  -16.801  -88.662  -19.973 1.0000000000
142329  -16.454  -89.422  -18.930 1.0000000000
138706  -4.519  -89.022  -32.534 0.5000000000
6210  -4.326  -87.814  -33.386 0.3000000119
5924  -4.242  -87.277  -13.415 0.4000000060
5923  -3.669  -86.486  -13.154 0.4000000060
5915  -3.909  -87.235  -12.573 0.4000000060
5985  -2.418  -87.476  -18.043 0.6999999881
5282  -2.436  -88.476  -18.168 0.8000000119
5298  -2.923  -88.558  -18.844 0.8000000119
2646  -6.010  -93.328  -21.340 1.0000000000
2112  -7.618  -93.681  -21.475 1.0000000000
5254  -3.111  -88.389  -16.195 0.6000000238
5253  -2.511  -88.345  -17.035 0.8000000119
123966  -2.320  -88.021  -17.737 0.8000000119
4572  -2.256  -90.052  -18.736 1.0000000000
2631  -5.361  -92.782  -21.059 1.0000000000
4519  -2.158  -89.211  -16.948 0.8000000119
4539  -1.855  -89.469  -17.561 0.8000000119
125877  -2.628  -90.200  -18.970 1.0000000000
3220  -4.616  -92.447  -20.404 1.0000000000
2632  -6.245  -92.792  -21.123 1.0000000000
2647  -7.014  -92.970  -21.287 1.0000000000
2113  -8.718  -93.571  -21.291 1.0000000000
2094  -10.124  -94.010  -21.067 1.0000000000
3850  -2.669  -91.234  -19.482 1.0000000000
2648  -8.310  -92.534  -21.086 1.0000000000
2114  -9.871  -93.371  -21.069 1.0000000000
2095  -10.844  -93.470  -20.734 1.0000000000
142239  -11.822  -93.134  -19.890 1.0000000000
2651  -11.718  -92.101  -21.356 1.0000000000
143719  -11.456  -92.878  -21.002 1.0000000000
2097  -12.041  -92.813  -20.485 1.0000000000
2122  -12.470  -91.425  -21.998 1.0000000000
2118  -13.007  -91.594  -21.753 1.0000000000
2117  -12.177  -92.147  -21.052 1.0000000000
2098  -12.745  -92.077  -20.708 1.0000000000
143144  -13.092  -91.632  -22.696 1.0000000000
2652  -13.578  -91.601  -21.552 1.0000000000
2653  -14.229  -91.581  -21.247 1.0000000000
2635  -14.223  -91.525  -20.265 1.0000000000
140221  -3.580  -91.766  -27.300 0.6999999881
2161  -5.125  -93.132  -26.682 0.8999999762
2148  -5.097  -93.634  -25.703 1.0000000000
2135  -5.834  -93.398  -24.810 1.0000000000
2666  -13.678  -91.737  -22.717 1.0000000000
2667  -14.155  -91.951  -22.919 1.0000000000
3223  -14.822  -91.189  -20.776 1.0000000000
3319  -3.235  -91.362  -28.862 0.6999999881
2683  -6.488  -93.138  -24.644 1.0000000000
2136  -7.268  -93.460  -24.886 1.0000000000
2128  -13.138  -92.616  -23.871 1.0000000000
2674  -13.998  -92.129  -23.582 1.0000000000
126388  -15.617  -90.458  -21.864 1.0000000000
131678  -7.641  -92.924  -24.552 1.0000000000
2685  -9.353  -92.936  -24.319 1.0000000000
2141  -12.844  -93.210  -24.346 1.0000000000
2127  -12.531  -92.932  -23.701 1.0000000000
4059  -3.572  -89.995  -31.743 0.5000000000
119845  -10.268  -92.467  -24.098 1.0000000000
2686  -10.924  -93.087  -23.925 1.0000000000
2687  -11.762  -93.172  -23.785 1.0000000000
5946  -4.390  -87.308  -14.235 0.4000000060
123983  -2.668  -86.901  -18.444 0.8000000119
5242  -3.650  -88.010  -15.742 0.5000000000
5973  -2.989  -87.690  -16.479 0.6000000238
5972  -2.352  -87.286  -17.325 0.6999999881
5299  -3.478  -88.545  -19.091 1.0000000000
4575  -3.943  -89.443  -19.022 1.0000000000
3852  -3.905  -90.583  -19.156 1.0000000000
2616  -5.425  -92.352  -19.964 1.0000000000
3204  -6.158  -92.317  -19.309 1.0000000000
2633  -6.903  -92.365  -20.876 1.0000000000
3871  -3.469  -91.276  -19.494 1.0000000000
3219  -3.988  -91.921  -20.039 1.0000000000
3203  -4.741  -92.015  -19.446 1.0000000000
3232  -7.785  -92.073  -20.811 1.0000000000
3233  -8.587  -91.239  -21.071 1.0000000000
2650  -10.846  -91.932  -21.255 1.0000000000
2663  -11.502  -91.312  -22.198 1.0000000000
2712  -2.910  -91.549  -27.510 0.6999999881
2703  -3.642  -92.711  -26.077 0.6999999881
3270  -6.809  -92.382  -24.607 1.0000000000
2664  -12.285  -91.570  -22.340 1.0000000000
129023  -2.459  -91.101  -29.301 0.6000000238
3271  -7.540  -91.709  -24.891 1.0000000000
3272  -8.605  -92.315  -24.596 1.0000000000
2665  -12.612  -91.915  -23.194 1.0000000000
3252  -11.714  -91.460  -22.965 1.0000000000
4039  -3.091  -90.240  -31.305 0.5000000000
3273  -9.510  -91.476  -24.668 1.0000000000
2672  -12.235  -92.358  -23.213 1.0000000000
5487  -2.927  -88.727  -32.424 0.4000000060
6202  -2.611  -88.087  -32.443 0.3000000119
2671  -11.533  -92.226  -23.477 1.0000000000
7621  -4.661  -85.958  -33.577 0.2000000030
8415  -5.461  -85.113  -33.476 0.1000000015
7367  -3.376  -85.686  -13.280 0.3000000119
7450  -3.811  -85.477  -18.632 0.8999999762
120033  -4.920  -85.690  -18.551 0.8999999762
6001  -5.553  -87.558  -18.733 1.0000000000
6002  -6.271  -87.000  -18.399 1.0000000000
143394  -5.761  -88.901  -18.003 1.0000000000
6649  -4.230  -86.650  -13.935 0.4000000060
7417  -2.139  -85.383  -16.946 0.8000000119
6729  -3.186  -86.297  -18.827 0.8999999762
141563  -3.733  -86.912  -19.124 0.8999999762
6000  -4.621  -87.164  -19.063 0.8999999762
5283  -5.429  -88.462  -18.560 1.0000000000
4540  -5.409  -89.739  -17.378 1.0000000000
6680  -3.783  -86.608  -15.466 0.6000000238
6693  -2.219  -86.308  -17.113 0.6999999881
132434  -2.293  -86.642  -17.758 0.8000000119
5999  -3.074  -87.223  -19.042 0.8999999762
6011  -3.838  -87.737  -19.197 1.0000000000
4576  -4.805  -88.961  -18.994 1.0000000000
4558  -5.120  -89.332  -18.332 1.0000000000
5300  -4.231  -88.524  -19.105 1.0000000000
3830  -4.498  -90.068  -18.682 1.0000000000
138337  -5.049  -90.221  -18.026 1.0000000000
4521  -5.715  -90.424  -16.727 1.0000000000
3162  -6.334  -91.724  -17.526 1.0000000000
3186  -5.917  -92.049  -18.341 1.0000000000
3831  -4.939  -91.016  -18.137 1.0000000000
3161  -5.518  -91.578  -17.691 1.0000000000
3205  -6.918  -92.096  -19.401 1.0000000000
143843  -7.411  -91.911  -19.928 1.0000000000
3853  -7.890  -91.283  -20.112 1.0000000000
3184  -4.375  -91.250  -18.842 1.0000000000
2606  -5.531  -92.171  -19.026 1.0000000000
3235  -10.145  -91.070  -21.926 1.0000000000
3234  -9.121  -91.425  -21.203 1.0000000000
139596  -9.890  -90.404  -22.592 1.0000000000
2147  -3.867  -93.327  -25.223 1.0000000000
2681  -4.471  -93.089  -24.399 1.0000000000
2682  -5.408  -92.955  -24.387 1.0000000000
3269  -5.431  -91.809  -24.501 1.0000000000
3251  -10.874  -90.712  -22.896 1.0000000000
3356  -1.979  -90.721  -30.047 0.5000000000
3943  -7.840  -90.485  -25.741 1.0000000000
3283  -8.647  -91.069  -25.263 1.0000000000
4765  -2.162  -89.358  -31.859 0.5000000000
3944  -8.649  -90.150  -25.690 1.0000000000
3284  -9.151  -90.484  -25.265 1.0000000000
3274  -10.255  -91.177  -24.261 1.0000000000
127592  -10.850  -92.039  -23.795 1.0000000000
128546  -3.262  -86.904  -32.925 0.2000000030
134591  -9.964  -90.369  -24.243 1.0000000000
3261  -10.689  -90.973  -23.604 1.0000000000
3908  -9.980  -90.235  -23.256 1.0000000000
7609  -4.362  -85.011  -33.071 0.1000000015
9238  -6.117  -83.356  -32.538 0.1000000015
7452  -6.071  -85.946  -18.444 0.8999999762
6714  -6.859  -86.399  -18.154 1.0000000000
5986  -6.911  -87.299  -17.739 1.0000000000
5269  -6.094  -88.940  -17.234 1.0000000000
6668  -4.187  -86.627  -14.785 0.5000000000
7438  -2.411  -85.308  -17.801 0.8000000119
7395  -3.297  -85.884  -15.741 0.6000000238
4541  -5.884  -89.649  -16.667 1.0000000000
137212  -6.212  -90.843  -16.414 1.0000000000
136050  -6.823  -91.957  -18.448 1.0000000000
3163  -7.218  -91.578  -17.410 1.0000000000
129426  -7.538  -91.717  -19.277 1.0000000000
3832  -7.769  -91.419  -18.385 1.0000000000
122062  -8.042  -90.861  -19.479 1.0000000000
3873  -8.369  -90.501  -20.425 1.0000000000
3872  -8.101  -91.155  -20.679 1.0000000000
3892  -8.522  -90.616  -20.967 1.0000000000
2702  -2.434  -91.620  -26.841 0.6999999881
125848  -2.681  -92.256  -25.945 0.6999999881
3893  -8.903  -90.444  -21.565 1.0000000000
3250  -9.226  -90.710  -21.840 1.0000000000
2680  -3.625  -93.050  -24.481 1.0000000000
4610  -8.696  -90.118  -21.159 1.0000000000
3907  -9.432  -90.125  -22.444 1.0000000000
3317  -1.596  -91.068  -28.641 0.5000000000
133569  -4.652  -92.343  -24.186 1.0000000000
3930  -6.339  -91.411  -24.925 1.0000000000
4678  -7.192  -89.948  -25.797 1.0000000000
4611  -8.986  -89.862  -21.930 1.0000000000
4625  -9.590  -89.699  -22.599 1.0000000000
4018  -1.680  -90.175  -30.690 0.5000000000
3931  -9.671  -90.250  -24.827 1.0000000000
3932  -9.814  -89.505  -24.400 1.0000000000
3920  -9.902  -89.859  -23.803 1.0000000000
138503  -9.724  -89.912  -23.160 1.0000000000
4764  -1.459  -89.004  -31.997 0.5000000000
6910  -3.251  -86.134  -32.614 0.1000000015
8399  -4.819  -84.272  -32.768 0.1000000015
8398  -4.099  -84.322  -32.473 0.1000000015
8203  -4.487  -84.692  -18.358 0.8999999762
7451  -5.549  -85.156  -18.365 0.8999999762
143818  -6.730  -85.778  -18.235 0.8999999762
6715  -7.317  -86.636  -17.581 1.0000000000
5270  -6.737  -88.155  -17.044 1.0000000000
5256  -7.093  -88.214  -16.035 1.0000000000
7396  -3.956  -85.872  -15.185 0.6000000238
7449  -2.959  -85.394  -18.406 0.8999999762
8202  -3.351  -84.656  -18.361 0.8999999762
5255  -6.390  -89.078  -16.181 1.0000000000
5243  -6.946  -88.940  -15.346 1.0000000000
7394  -2.595  -85.062  -16.147 0.6999999881
8146  -2.455  -84.260  -16.309 0.6000000238
8201  -2.772  -84.727  -18.090 0.8999999762
8147  -3.040  -84.262  -15.758 0.6000000238
4522  -6.146  -90.091  -16.112 1.0000000000
3782  -7.405  -90.241  -15.313 1.0000000000
3797  -6.860  -90.690  -15.961 1.0000000000
3798  -7.501  -91.038  -16.563 1.0000000000
3833  -8.531  -90.639  -18.592 1.0000000000
3854  -8.629  -90.111  -19.611 1.0000000000
3259  -3.086  -91.383  -23.730 1.0000000000
3918  -3.920  -90.630  -23.872 1.0000000000
3928  -4.728  -91.213  -24.386 1.0000000000
121781  -9.134  -89.672  -21.254 1.0000000000
3300  -2.071  -91.309  -27.730 0.6000000238
3929  -5.584  -90.717  -24.874 1.0000000000
129975  -6.405  -90.284  -25.402 1.0000000000
4660  -7.525  -89.139  -25.434 1.0000000000
5376  -7.990  -88.474  -24.859 1.0000000000
5377  -8.867  -88.433  -24.855 1.0000000000
4662  -9.912  -88.731  -24.265 1.0000000000
4643  -11.080  -88.125  -23.062 1.0000000000
4626  -10.190  -89.272  -23.206 1.0000000000
128175  -9.688  -89.380  -21.795 1.0000000000
4679  -8.046  -89.654  -25.829 1.0000000000
4680  -8.733  -89.483  -25.593 1.0000000000
5378  -9.518  -88.603  -24.667 1.0000000000
4642  -10.256  -88.744  -23.597 1.0000000000
4003  -1.275  -90.376  -29.850 0.5000000000
3986  -0.698  -90.481  -28.941 0.5000000000
3945  -9.227  -89.746  -25.368 1.0000000000
4661  -9.617  -89.278  -24.927 1.0000000000
4763  -1.155  -89.189  -31.118 0.4000000060
6201  -2.051  -87.953  -32.069 0.3000000119
8382  -3.637  -83.883  -31.814 0.1000000015
5975  -8.149  -86.835  -16.358 1.0000000000
5960  -8.279  -87.102  -15.521 1.0000000000
5961  -8.797  -86.938  -14.843 1.0000000000
133918  -8.705  -87.614  -14.016 1.0000000000
8130  -5.210  -84.510  -14.402 0.4000000060
8191  -6.508  -84.176  -17.786 0.8999999762
7440  -7.283  -85.740  -17.871 0.8999999762
6694  -7.876  -86.358  -17.195 1.0000000000
5974  -7.436  -87.319  -16.829 1.0000000000
122077  -7.703  -87.561  -15.741 1.0000000000
139040  -8.275  -88.177  -14.124 1.0000000000
8148  -4.058  -84.562  -15.304 0.4000000060
136800  -4.645  -83.703  -18.082 0.8999999762
8190  -5.615  -84.369  -18.152 0.8999999762
5244  -7.434  -88.284  -15.131 1.0000000000
5206  -9.363  -88.546  -13.506 1.0000000000
8187  -2.388  -84.482  -17.374 0.8000000119
9033  -3.095  -83.276  -17.827 0.8999999762
4503  -7.326  -89.495  -14.996 1.0000000000
4461  -8.933  -89.010  -13.803 1.0000000000
3767  -8.703  -89.932  -14.828 1.0000000000
125191  -9.407  -89.870  -14.848 1.0000000000
3783  -8.197  -90.363  -15.386 1.0000000000
3784  -9.058  -90.197  -15.578 1.0000000000
4504  -9.924  -89.876  -15.366 1.0000000000
136461  -7.682  -90.661  -15.865 1.0000000000
3799  -8.391  -90.671  -16.251 1.0000000000
3800  -9.152  -90.327  -16.396 1.0000000000
128100  -8.205  -90.938  -17.385 1.0000000000
3834  -9.004  -90.205  -17.843 1.0000000000
2694  -1.962  -92.224  -25.342 0.8000000119
139614  -1.848  -91.326  -23.780 0.8999999762
3258  -2.275  -90.964  -23.557 1.0000000000
3917  -2.886  -90.388  -23.513 1.0000000000
130757  -4.426  -89.652  -23.768 1.0000000000
4559  -9.154  -89.860  -18.798 1.0000000000
122063  -9.761  -89.671  -18.145 1.0000000000
2679  -2.777  -92.630  -24.396 0.8999999762
4640  -5.328  -89.439  -24.118 1.0000000000
5354  -5.814  -88.760  -23.553 1.0000000000
139447  -9.854  -89.433  -18.929 1.0000000000
3292  -1.916  -91.750  -26.170 0.6999999881
3919  -4.983  -90.253  -24.386 1.0000000000
4641  -6.200  -89.141  -24.432 1.0000000000
5375  -7.082  -88.781  -24.678 1.0000000000
4595  -9.928  -89.259  -20.655 1.0000000000
4578  -10.420  -89.137  -19.570 1.0000000000
3299  -1.706  -91.260  -27.085 0.6999999881
4658  -5.806  -89.866  -24.925 1.0000000000
5357  -8.528  -88.065  -24.131 1.0000000000
131261  -9.907  -88.240  -24.091 1.0000000000
5359  -10.412  -88.172  -23.611 1.0000000000
4627  -11.063  -88.521  -22.729 1.0000000000
4596  -10.898  -88.889  -21.412 1.0000000000
4579  -11.256  -88.872  -20.381 1.0000000000
130704  -1.382  -91.040  -27.897 0.6000000238
4597  -11.944  -88.547  -21.076 1.0000000000
5285  -11.480  -88.866  -19.365 1.0000000000
4002  -0.835  -90.163  -29.551 0.4000000060
5472  -1.211  -88.819  -31.581 0.4000000060
6904  -2.648  -86.139  -31.858 0.1000000015
119659  -2.345  -86.159  -31.250 0.1000000015
8381  -3.122  -84.696  -31.567 0.1000000015
7397  -9.684  -85.431  -15.768 1.0000000000
143786  -9.893  -85.872  -15.238 1.0000000000
7385  -10.319  -85.448  -14.930 1.0000000000
136081  -8.534  -85.062  -16.964 1.0000000000
122157  -8.577  -85.952  -16.692 1.0000000000
6695  -8.769  -86.502  -15.883 1.0000000000
135971  -9.327  -86.568  -14.641 1.0000000000
6669  -9.887  -86.261  -14.534 1.0000000000
6670  -10.695  -86.066  -13.993 1.0000000000
6651  -11.093  -86.774  -13.065 1.0000000000
8192  -7.252  -84.755  -17.659 0.8999999762
7419  -7.975  -85.355  -17.350 1.0000000000
6650  -10.082  -86.850  -13.500 1.0000000000
132605  -9.468  -87.742  -13.409 1.0000000000
9009  -3.869  -83.875  -15.364 0.4000000060
9867  -3.466  -82.495  -17.476 0.8999999762
132432  -10.507  -87.664  -13.094 1.0000000000
5926  -11.194  -88.494  -13.162 1.0000000000
9008  -2.947  -83.381  -15.670 0.6000000238
9007  -2.466  -83.440  -16.133 0.6999999881
8189  -3.613  -83.855  -18.212 0.8999999762
5207  -10.098  -88.468  -13.275 1.0000000000
138113  -11.438  -89.176  -13.631 1.0000000000
4462  -9.676  -89.134  -13.656 1.0000000000
4463  -10.605  -89.178  -13.591 1.0000000000
4484  -10.110  -89.660  -14.392 1.0000000000
4485  -11.139  -89.506  -14.368 1.0000000000
4505  -10.795  -89.654  -15.283 1.0000000000
4524  -10.486  -89.693  -16.136 1.0000000000
133479  -10.220  -89.700  -16.812 1.0000000000
3265  -1.280  -91.408  -24.717 0.8000000119
4542  -9.581  -89.957  -17.137 1.0000000000
4543  -10.356  -89.455  -17.558 1.0000000000
3906  -2.682  -89.710  -23.092 0.8999999762
4639  -3.501  -89.720  -23.466 1.0000000000
4624  -4.951  -88.950  -23.289 1.0000000000
4560  -10.616  -89.128  -18.538 1.0000000000
3941  -1.095  -90.856  -25.531 0.6999999881
5355  -6.676  -88.499  -23.818 1.0000000000
3954  -0.824  -90.410  -26.451 0.6999999881
5337  -6.376  -88.253  -22.941 1.0000000000
5356  -7.570  -88.238  -23.989 1.0000000000
6077  -9.165  -87.671  -23.476 1.0000000000
133704  -11.308  -87.742  -22.403 1.0000000000
5340  -11.847  -88.020  -22.074 1.0000000000
4628  -11.665  -88.251  -22.138 1.0000000000
134373  -0.668  -90.297  -28.216 0.4000000060
5455  -0.986  -89.079  -30.986 0.3000000119
6903  -2.151  -86.974  -31.623 0.2000000030
6882  -2.294  -87.062  -30.353 0.2000000030
7420  -9.080  -85.254  -16.465 1.0000000000
8152  -10.132  -84.642  -15.566 1.0000000000
7386  -10.964  -85.232  -14.119 1.0000000000
9036  -7.196  -83.995  -17.422 0.8999999762
8173  -7.959  -84.361  -17.157 0.8999999762
7370  -11.383  -85.836  -13.357 1.0000000000
8985  -4.531  -83.539  -14.945 0.5000000000
9868  -4.625  -82.784  -17.681 0.8999999762
9034  -5.679  -83.518  -17.769 0.8999999762
5927  -12.084  -87.285  -12.861 1.0000000000
8984  -3.471  -83.007  -15.274 0.6000000238
9844  -2.664  -82.589  -15.704 0.8999999762
5208  -12.153  -88.892  -13.412 1.0000000000
4506  -11.701  -89.335  -15.301 1.0000000000
4525  -11.257  -89.306  -16.173 1.0000000000
3927  -1.038  -90.207  -23.923 0.8000000119
3915  -1.674  -90.557  -23.606 0.8000000119
5272  -11.601  -88.868  -17.053 1.0000000000
4544  -10.832  -89.311  -16.924 1.0000000000
3926  -0.966  -90.573  -24.640 0.8000000119
4623  -4.085  -89.087  -23.029 1.0000000000
5336  -5.483  -88.328  -22.787 1.0000000000
6057  -6.013  -87.844  -22.163 1.0000000000
120074  -11.998  -88.679  -17.990 1.0000000000
5271  -11.115  -88.969  -17.755 1.0000000000
6058  -7.066  -87.791  -22.301 1.0000000000
140116  -7.911  -87.567  -22.140 1.0000000000
134216  -10.089  -87.437  -22.098 1.0000000000
6037  -10.810  -87.416  -21.752 1.0000000000
6021  -12.069  -87.381  -20.908 1.0000000000
138291  -11.533  -88.842  -18.527 1.0000000000
4677  -0.678  -89.918  -25.528 0.6999999881
5338  -7.164  -88.144  -23.176 1.0000000000
6059  -8.768  -87.523  -22.500 1.0000000000
6061  -10.611  -87.622  -22.735 1.0000000000
6038  -11.652  -87.616  -21.669 1.0000000000
5313  -12.684  -88.153  -20.741 1.0000000000
5302  -12.271  -88.586  -20.107 1.0000000000
4694  -0.508  -89.584  -26.596 0.6000000238
4720  -0.627  -90.103  -29.146 0.3000000119
4721  -0.842  -89.461  -29.193 0.3000000119
6182  -1.726  -87.661  -30.629 0.2000000030
6160  -1.577  -88.289  -30.066 0.2000000030
8151  -9.486  -84.561  -16.226 1.0000000000
132039  -8.745  -84.433  -16.671 1.0000000000
8988  -10.845  -83.876  -14.476 1.0000000000
9022  -7.536  -83.378  -16.956 1.0000000000
119673  -8.310  -83.762  -16.718 1.0000000000
9829  -3.960  -82.615  -14.705 0.6999999881
9828  -2.941  -82.147  -15.026 0.6999999881
9856  -3.720  -81.514  -16.983 0.8999999762
9857  -4.877  -81.999  -17.310 0.8999999762
9869  -5.788  -82.706  -17.375 0.8999999762
9021  -6.754  -82.622  -16.982 1.0000000000
6652  -11.936  -86.454  -13.007 1.0000000000
10747  -2.767  -81.447  -16.154 0.8999999762
136156  -12.167  -88.179  -12.991 1.0000000000
5231  -12.062  -89.314  -14.303 1.0000000000
5245  -12.723  -88.916  -15.332 1.0000000000
5258  -12.791  -88.438  -16.361 1.0000000000
5257  -12.080  -88.850  -16.248 1.0000000000
5334  -3.600  -88.357  -22.642 1.0000000000
5335  -4.594  -88.369  -22.693 1.0000000000
6032  -5.469  -87.173  -21.613 1.0000000000
6033  -6.465  -87.281  -21.556 1.0000000000
6034  -7.386  -87.311  -21.448 1.0000000000
5273  -12.507  -88.408  -17.288 1.0000000000
4638  -1.436  -89.701  -23.375 0.8000000119
4620  -1.722  -89.315  -22.908 0.8000000119
5333  -2.594  -88.383  -22.630 1.0000000000
6036  -9.276  -87.422  -21.831 1.0000000000
6019  -9.848  -87.297  -21.230 1.0000000000
6022  -12.673  -87.543  -20.538 1.0000000000
5304  -13.177  -87.916  -19.417 1.0000000000
4657  -0.924  -89.146  -24.054 0.8000000119
6039  -12.240  -87.872  -21.433 1.0000000000
5286  -12.380  -88.603  -19.026 1.0000000000
5374  -0.680  -89.276  -25.048 0.8000000119
121595  -0.590  -89.519  -27.476 0.4000000060
5421  -1.204  -88.867  -28.737 0.2000000030
5422  -2.080  -88.304  -28.845 0.2000000030
8132  -10.669  -84.574  -14.776 1.0000000000
9012  -10.344  -83.711  -15.218 1.0000000000
8133  -11.109  -84.442  -13.972 1.0000000000
9010  -8.936  -82.735  -15.971 1.0000000000
9011  -9.638  -83.178  -15.722 1.0000000000
9848  -10.162  -82.746  -15.200 1.0000000000
8118  -11.533  -85.075  -13.344 1.0000000000
125568  -6.848  -81.845  -16.515 1.0000000000
9858  -7.556  -82.490  -16.500 1.0000000000
123458  -8.856  -82.008  -15.607 1.0000000000
7371  -12.361  -85.771  -13.005 1.0000000000
133805  -3.702  -81.417  -13.812 0.6999999881
9827  -2.670  -81.877  -15.434 0.8000000119
10748  -5.036  -81.270  -16.863 0.8999999762
10712  -2.934  -80.963  -14.170 0.8000000119
10738  -2.640  -81.515  -15.562 0.8999999762
11637  -3.264  -80.912  -16.240 0.8999999762
11626  -4.549  -80.002  -16.118 0.8999999762
5928  -13.100  -87.733  -12.968 1.0000000000
5210  -13.667  -88.223  -13.380 1.0000000000
5232  -12.964  -89.031  -14.114 1.0000000000
5246  -13.603  -88.597  -14.860 1.0000000000
5259  -13.466  -88.096  -15.948 1.0000000000
6056  -5.090  -87.841  -22.152 1.0000000000
6756  -9.502  -86.997  -20.188 1.0000000000
6757  -10.304  -86.859  -19.902 1.0000000000
6746  -12.615  -86.752  -19.318 1.0000000000
6747  -13.096  -86.921  -19.218 1.0000000000
126026  -13.163  -87.899  -17.018 1.0000000000
6018  -8.867  -87.236  -20.856 1.0000000000
6758  -11.290  -86.946  -20.190 1.0000000000
6759  -12.337  -86.984  -20.090 1.0000000000
5288  -13.254  -87.678  -18.783 1.0000000000
120567  -1.961  -87.701  -22.249 1.0000000000
6054  -2.959  -87.604  -22.052 1.0000000000
6055  -4.151  -87.802  -22.127 1.0000000000
120807  -1.219  -88.259  -23.569 0.8000000119
6053  -1.600  -87.841  -22.755 0.8000000119
6030  -2.914  -86.795  -21.649 1.0000000000
6092  -0.983  -87.605  -25.371 0.6000000238
5397  -0.388  -88.776  -26.902 0.4000000060
5408  -0.946  -88.564  -28.015 0.2000000030
6139  -1.665  -88.274  -28.315 0.2000000030
9834  -10.758  -83.002  -14.477 1.0000000000
8966  -11.163  -83.617  -13.736 1.0000000000
126773  -11.573  -84.316  -13.111 1.0000000000
9846  -8.277  -82.237  -16.075 1.0000000000
9847  -9.483  -82.385  -15.476 1.0000000000
8119  -12.293  -84.968  -12.884 1.0000000000
11639  -5.308  -80.586  -16.420 0.8999999762
10739  -6.977  -81.020  -16.085 1.0000000000
9845  -7.639  -81.697  -16.118 1.0000000000
6654  -13.630  -87.039  -12.998 1.0000000000
11613  -2.796  -80.569  -14.671 0.8000000119
11625  -3.480  -80.377  -15.833 0.8999999762
7372  -13.482  -86.228  -13.023 1.0000000000
5929  -14.153  -87.586  -13.352 1.0000000000
133931  -14.175  -88.132  -14.534 1.0000000000
5950  -14.619  -87.668  -14.163 1.0000000000
120819  -13.726  -87.446  -16.745 1.0000000000
127177  -14.075  -87.992  -15.316 1.0000000000
6771  -5.992  -86.664  -21.065 1.0000000000
6772  -6.828  -86.795  -20.838 1.0000000000
6773  -7.832  -86.954  -20.589 1.0000000000
142796  -8.578  -86.818  -20.140 1.0000000000
6743  -9.684  -86.498  -19.364 1.0000000000
6745  -11.684  -86.621  -19.343 1.0000000000
6734  -12.868  -86.593  -18.445 1.0000000000
6755  -7.132  -86.127  -20.178 1.0000000000
6031  -3.846  -87.140  -21.733 1.0000000000
6754  -6.267  -85.943  -20.573 1.0000000000
6791  -1.741  -86.856  -24.031 0.8000000119
6029  -2.050  -86.964  -21.827 1.0000000000
6100  -0.631  -87.948  -26.387 0.4000000060
6823  -0.991  -86.183  -27.027 0.4000000060
6101  -0.819  -87.106  -27.120 0.2000000030
6120  -1.192  -87.679  -27.634 0.2000000030
10741  -9.381  -81.594  -15.184 1.0000000000
9832  -9.956  -82.072  -15.107 1.0000000000
9833  -10.385  -82.287  -14.717 1.0000000000
9808  -10.826  -82.072  -14.165 1.0000000000
130592  -11.202  -82.720  -13.551 1.0000000000
134614  -11.702  -83.410  -12.820 1.0000000000
11629  -8.133  -80.742  -15.359 1.0000000000
10731  -8.810  -81.045  -15.215 1.0000000000
11604  -3.451  -80.806  -13.417 0.8000000119
128674  -5.702  -79.971  -15.999 1.0000000000
122842  -6.648  -80.239  -15.745 1.0000000000
8967  -12.286  -84.317  -12.504 1.0000000000
11603  -2.869  -80.264  -13.884 0.8000000119
12509  -4.958  -79.333  -15.642 0.8999999762
12492  -2.997  -79.746  -14.533 0.8000000119
12508  -3.718  -79.738  -15.410 0.8999999762
134654  -14.361  -86.679  -13.242 1.0000000000
5962  -14.701  -87.461  -15.169 1.0000000000
6741  -7.984  -86.262  -19.780 1.0000000000
144324  -10.478  -86.214  -18.593 1.0000000000
6718  -13.436  -86.569  -17.559 1.0000000000
6697  -14.058  -86.772  -16.788 1.0000000000
5976  -14.182  -87.403  -16.032 1.0000000000
6742  -8.844  -86.372  -19.558 1.0000000000
6732  -9.926  -86.141  -18.680 1.0000000000
6716  -11.774  -86.115  -17.805 1.0000000000
6717  -12.683  -86.122  -17.480 1.0000000000
6753  -5.596  -86.097  -20.821 1.0000000000
7462  -9.129  -85.949  -18.868 1.0000000000
6787  -1.615  -86.848  -22.781 0.8999999762
141720  -3.620  -86.534  -21.432 1.0000000000
132669  -4.537  -86.645  -21.385 1.0000000000
7473  -7.495  -85.245  -19.591 1.0000000000
6801  -1.480  -86.719  -25.306 0.8000000119
7500  -1.930  -86.157  -23.523 0.8000000119
6768  -1.747  -86.305  -21.866 0.8999999762
7472  -6.662  -85.182  -20.161 1.0000000000
129467  -1.219  -86.182  -26.334 0.4000000060
7483  -4.814  -85.830  -20.857 1.0000000000
7471  -5.561  -85.442  -20.659 1.0000000000
6845  -1.460  -86.556  -27.524 0.3000000119
10717  -11.219  -81.811  -13.377 1.0000000000
11586  -4.007  -80.694  -12.555 0.6999999881
9786  -11.653  -82.401  -12.796 1.0000000000
11585  -3.057  -80.117  -13.027 0.8000000119
142107  -12.914  -84.813  -12.589 1.0000000000
134306  -2.968  -79.134  -12.161 0.8000000119
7373  -14.357  -85.689  -13.134 1.0000000000
12470  -2.904  -79.299  -12.857 0.8000000119
13462  -3.036  -78.756  -13.414 0.8000000119
12493  -3.952  -78.991  -15.005 0.8000000119
13472  -4.301  -78.351  -14.517 0.8000000119
6655  -14.823  -87.012  -13.821 1.0000000000
6671  -14.970  -87.077  -14.537 1.0000000000
6698  -14.828  -86.721  -16.037 1.0000000000
134468  -10.429  -85.816  -18.134 1.0000000000
142321  -11.030  -85.995  -17.879 1.0000000000
129437  -13.914  -86.124  -16.919 1.0000000000
7423  -14.737  -85.921  -16.687 1.0000000000
7461  -8.365  -85.646  -19.214 1.0000000000
7443  -13.172  -85.794  -16.992 1.0000000000
7422  -13.910  -85.290  -16.919 1.0000000000
7398  -15.413  -86.020  -15.931 1.0000000000
8290  -2.827  -84.815  -24.019 0.8000000119
7501  -2.314  -85.476  -22.963 0.8999999762
130093  -1.727  -85.570  -21.995 0.8999999762
133747  -10.184  -84.909  -17.826 1.0000000000
7441  -11.077  -85.324  -17.567 1.0000000000
7442  -12.163  -85.370  -17.100 1.0000000000
7421  -12.969  -85.076  -16.878 1.0000000000
7482  -2.867  -85.312  -21.055 1.0000000000
142769  -9.143  -84.795  -18.449 1.0000000000
7518  -1.885  -86.064  -24.703 0.8000000119
7540  -2.003  -85.391  -25.231 0.6000000238
119533  -8.173  -84.770  -19.081 1.0000000000
8313  -1.628  -84.651  -27.004 0.2000000030
7565  -1.898  -85.655  -27.853 0.2000000030
11616  -9.463  -80.722  -14.638 1.0000000000
11617  -10.182  -80.787  -14.160 1.0000000000
10716  -10.713  -81.249  -13.863 1.0000000000
11615  -8.623  -80.297  -14.882 1.0000000000
11606  -10.535  -80.471  -13.562 1.0000000000
11614  -7.856  -80.004  -15.123 1.0000000000
11607  -11.143  -80.929  -13.162 1.0000000000
11591  -11.437  -80.682  -12.357 1.0000000000
9787  -12.136  -82.961  -12.107 1.0000000000
12437  -3.206  -78.944  -10.988 0.6999999881
12438  -4.015  -79.317  -10.672 0.6000000238
12510  -6.300  -79.409  -15.377 1.0000000000
10671  -11.976  -81.226  -11.846 1.0000000000
137517  -12.553  -83.768  -12.113 1.0000000000
8968  -13.200  -84.362  -12.341 1.0000000000
13434  -2.909  -78.545  -11.721 0.6999999881
12471  -3.555  -79.902  -12.074 0.6999999881
12494  -5.404  -78.615  -15.026 0.8999999762
10672  -12.321  -81.843  -11.245 1.0000000000
9772  -12.518  -82.609  -11.411 1.0000000000
8955  -13.647  -83.826  -12.057 1.0000000000
8120  -13.788  -84.881  -12.799 1.0000000000
128043  -15.034  -86.210  -13.676 1.0000000000
9788  -12.975  -83.306  -11.626 1.0000000000
8104  -14.308  -84.293  -12.580 1.0000000000
7374  -15.198  -85.471  -13.552 1.0000000000
8969  -15.343  -84.100  -13.120 1.0000000000
139603  -15.527  -85.687  -14.208 1.0000000000
6656  -15.279  -86.465  -14.399 1.0000000000
8122  -15.683  -84.742  -13.896 1.0000000000
7399  -15.782  -85.263  -15.677 1.0000000000
8174  -13.345  -84.439  -16.859 1.0000000000
131292  -14.714  -85.063  -16.822 1.0000000000
8194  -11.576  -84.408  -17.183 1.0000000000
8195  -12.456  -84.411  -16.929 1.0000000000
7481  -2.054  -85.649  -21.620 0.8999999762
132627  -3.751  -85.952  -20.979 1.0000000000
7470  -3.914  -85.006  -20.704 1.0000000000
7453  -8.816  -85.173  -18.710 1.0000000000
8193  -10.750  -84.275  -17.498 1.0000000000
8303  -2.417  -84.703  -25.270 0.6000000238
8213  -6.898  -84.339  -19.842 1.0000000000
8302  -1.781  -85.002  -26.118 0.3000000119
8326  -1.862  -84.977  -27.489 0.2000000030
12485  -9.500  -79.412  -13.589 0.8999999762
11605  -9.874  -80.120  -13.957 1.0000000000
12496  -7.323  -79.251  -14.795 1.0000000000
12497  -8.282  -79.536  -14.536 1.0000000000
12484  -8.732  -79.117  -13.884 1.0000000000
13402  -3.920  -78.350  -9.689 0.2000000030
12495  -6.505  -78.764  -14.811 1.0000000000
141424  -6.158  -78.245  -14.524 0.8999999762
13415  -2.904  -78.320  -10.866 0.6000000238
13463  -3.648  -78.196  -13.885 0.8000000119
14356  -4.476  -77.793  -14.175 0.8999999762
13452  -2.937  -78.598  -12.636 0.8000000119
14346  -3.294  -78.008  -13.157 0.8000000119
8943  -14.006  -83.374  -11.618 1.0000000000
8956  -14.896  -83.568  -12.299 1.0000000000
7387  -15.916  -85.107  -14.810 1.0000000000
9013  -15.927  -83.803  -15.616 1.0000000000
8177  -15.637  -84.479  -16.116 1.0000000000
9025  -13.712  -83.794  -16.794 1.0000000000
129775  -2.931  -83.981  -22.680 0.8999999762
9024  -12.915  -83.642  -16.848 1.0000000000
9118  -3.174  -84.122  -23.723 0.8000000119
8237  -2.356  -83.991  -21.493 1.0000000000
8224  -2.883  -84.439  -20.811 1.0000000000
8204  -8.730  -84.278  -18.625 1.0000000000
9132  -2.902  -84.059  -24.751 0.4000000060
123322  -5.523  -84.638  -20.553 1.0000000000
8227  -6.185  -84.393  -20.292 1.0000000000
8205  -9.524  -84.312  -18.197 1.0000000000
15845  -5.661  -75.653  -7.320 0.1000000015
15113  -5.108  -76.281  -7.684 0.1000000015
14287  -4.203  -77.232  -8.637 0.3000000119
14302  -3.137  -77.664  -9.661 0.5000000000
14326  -2.964  -77.654  -11.392 0.6999999881
14338  -3.620  -77.167  -12.872 0.8000000119
14337  -3.016  -77.864  -12.344 0.8000000119
9773  -13.573  -82.766  -11.113 1.0000000000
8957  -15.755  -83.406  -13.015 1.0000000000
8134  -16.108  -84.185  -14.791 1.0000000000
8970  -16.042  -83.577  -13.958 1.0000000000
9921  -3.796  -82.787  -22.876 0.8999999762
9913  -2.974  -82.471  -21.706 0.8999999762
9026  -14.484  -83.507  -16.634 1.0000000000
9027  -15.366  -83.620  -16.285 1.0000000000
9904  -2.530  -82.757  -21.109 0.8999999762
9073  -3.127  -83.278  -20.567 1.0000000000
9039  -12.048  -83.552  -17.021 1.0000000000
10811  -4.217  -82.172  -23.679 0.6999999881
9119  -3.555  -83.491  -23.352 0.8000000119
9106  -2.973  -83.236  -22.285 0.8999999762
8225  -3.595  -84.046  -20.619 1.0000000000
9075  -5.442  -83.667  -20.450 1.0000000000
9898  -5.847  -82.873  -20.065 1.0000000000
9037  -10.493  -83.409  -17.582 1.0000000000
9038  -11.238  -83.485  -17.305 1.0000000000
9145  -3.288  -82.836  -25.221 0.5000000000
8226  -4.670  -84.286  -20.638 1.0000000000
8214  -7.597  -84.199  -19.410 1.0000000000
137425  -2.934  -83.422  -25.248 0.4000000060
9158  -2.151  -83.374  -26.518 0.2000000030
16607  -6.145  -75.049  -6.964 0.1000000015
13466  -8.386  -78.446  -13.519 1.0000000000
13467  -9.136  -78.705  -13.239 1.0000000000
15134  -3.767  -76.635  -8.558 0.1000000015
15135  -4.652  -76.832  -8.162 0.1000000015
144118  -7.717  -78.236  -13.726 1.0000000000
12472  -9.867  -79.031  -12.895 1.0000000000
15133  -2.914  -76.459  -9.031 0.3000000119
13464  -5.186  -77.282  -13.971 0.8000000119
14348  -6.246  -77.652  -14.010 0.8999999762
12473  -10.588  -79.405  -12.526 1.0000000000
14347  -4.060  -77.493  -13.654 0.6999999881
12474  -11.222  -79.874  -12.075 1.0000000000
11569  -11.707  -80.455  -11.528 1.0000000000
14314  -2.635  -77.075  -9.920 0.5000000000
14325  -3.056  -77.015  -10.608 0.6000000238
11570  -12.185  -81.061  -10.958 1.0000000000
9763  -14.371  -82.384  -10.774 1.0000000000
9774  -14.859  -82.840  -11.487 1.0000000000
9789  -15.857  -82.760  -12.394 1.0000000000
9809  -16.165  -82.748  -13.399 1.0000000000
8989  -16.234  -83.189  -14.982 1.0000000000
8971  -16.261  -82.624  -14.260 1.0000000000
9835  -16.059  -82.297  -14.956 1.0000000000
9862  -14.951  -82.904  -16.295 1.0000000000
9851  -15.655  -82.799  -15.747 1.0000000000
10802  -3.452  -81.719  -21.440 0.8999999762
9887  -5.512  -82.021  -19.855 1.0000000000
9889  -7.327  -82.668  -19.330 1.0000000000
9890  -7.982  -82.840  -18.923 1.0000000000
9860  -12.569  -82.811  -16.859 1.0000000000
124506  -13.514  -83.027  -16.715 1.0000000000
9931  -3.894  -82.804  -24.183 0.6999999881
9074  -4.239  -83.401  -20.539 1.0000000000
9061  -7.765  -83.415  -19.210 1.0000000000
9048  -9.089  -83.410  -18.359 1.0000000000
142489  -4.012  -82.180  -24.431 0.5000000000
9076  -6.369  -83.592  -20.019 1.0000000000
9060  -7.106  -83.497  -19.624 1.0000000000
9047  -8.382  -83.404  -18.770 1.0000000000
9943  -2.775  -82.027  -25.960 0.2000000030
125913  -7.519  -77.158  -12.986 1.0000000000
14341  -8.327  -77.365  -12.604 1.0000000000
13453  -8.740  -78.037  -12.898 1.0000000000
13454  -9.483  -78.316  -12.552 1.0000000000
13455  -10.241  -78.652  -12.196 1.0000000000
123486  -5.269  -74.831  -7.363 0.1000000015
13436  -10.541  -78.377  -11.420 1.0000000000
15843  -3.789  -75.331  -8.019 0.2000000030
15844  -4.657  -75.474  -7.676 0.1000000015
15188  -5.634  -76.764  -13.495 0.8000000119
12454  -10.931  -79.093  -11.769 1.0000000000
15179  -4.210  -76.373  -12.767 0.8000000119
13465  -7.047  -78.367  -14.239 1.0000000000
12455  -11.422  -79.672  -11.216 1.0000000000
15178  -3.698  -76.607  -12.263 0.6000000238
11554  -11.955  -80.250  -10.652 1.0000000000
12444  -12.141  -80.060  -9.725 1.0000000000
11555  -12.577  -80.887  -10.025 1.0000000000
15148  -2.969  -76.087  -9.314 0.5000000000
15167  -3.393  -76.827  -11.515 0.6000000238
10657  -12.728  -81.649  -10.516 1.0000000000
138382  -13.235  -81.439  -9.992 1.0000000000
10673  -15.225  -82.092  -11.002 1.0000000000
131585  -15.735  -82.320  -11.640 1.0000000000
9790  -16.419  -82.106  -12.917 1.0000000000
10719  -16.417  -82.061  -13.689 1.0000000000
10734  -15.837  -81.601  -14.625 1.0000000000
126201  -4.302  -81.211  -22.360 0.8999999762
136381  -3.948  -81.006  -21.485 0.8999999762
10787  -3.293  -81.696  -20.437 0.8999999762
9886  -4.087  -81.696  -19.931 0.8999999762
9850  -14.784  -82.220  -15.957 1.0000000000
119998  -3.936  -81.992  -22.524 0.8000000119
9905  -2.816  -82.040  -20.931 0.8999999762
9897  -4.838  -82.666  -20.341 0.8999999762
142114  -6.156  -82.446  -19.819 1.0000000000
9861  -14.156  -82.587  -16.387 1.0000000000
125602  -4.512  -81.435  -23.522 0.6000000238
9878  -9.420  -82.611  -18.004 1.0000000000
9871  -10.898  -82.676  -17.376 1.0000000000
9872  -11.690  -82.730  -17.102 1.0000000000
140309  -3.341  -81.426  -25.612 0.4000000060
10833  -3.060  -81.126  -26.130 0.2000000030
17412  -6.334  -73.141  -6.621 0.1000000015
17425  -5.430  -73.344  -7.213 0.1000000015
14339  -6.567  -77.031  -13.391 1.0000000000
15894  -4.498  -75.702  -12.378 0.8999999762
15180  -5.172  -76.075  -13.036 0.8999999762
15864  -3.165  -75.407  -9.104 0.4000000060
136244  -4.017  -75.979  -12.268 0.6999999881
15155  -3.532  -76.288  -10.856 0.6000000238
127783  -3.807  -76.070  -11.741 0.8000000119
10648  -13.871  -81.526  -9.813 1.0000000000
9775  -16.300  -81.940  -12.124 1.0000000000
10718  -16.250  -81.384  -13.861 1.0000000000
11621  -15.597  -80.946  -14.225 1.0000000000
11680  -4.154  -80.328  -21.179 0.8999999762
10777  -3.742  -80.981  -19.900 0.8999999762
120787  -4.910  -80.691  -19.345 0.8999999762
10767  -6.881  -81.362  -18.988 1.0000000000
10769  -8.632  -81.123  -17.905 1.0000000000
11641  -10.143  -80.854  -17.026 1.0000000000
10757  -10.140  -81.445  -17.331 1.0000000000
10751  -12.386  -81.353  -16.252 1.0000000000
10742  -13.306  -81.416  -15.841 1.0000000000
10743  -14.320  -81.486  -15.436 1.0000000000
11694  -4.553  -80.318  -22.271 0.8000000119
9888  -6.564  -82.048  -19.526 1.0000000000
122504  -8.328  -81.705  -18.387 1.0000000000
9870  -9.802  -81.923  -17.651 1.0000000000
9859  -12.098  -82.034  -16.779 1.0000000000
10752  -13.153  -82.119  -16.477 1.0000000000
9849  -13.935  -81.963  -16.017 1.0000000000
11714  -4.613  -80.488  -23.475 0.6000000238
12650  -3.952  -79.823  -24.675 0.4000000060
10770  -9.049  -81.830  -17.989 1.0000000000
16605  -4.248  -74.554  -7.712 0.2000000030
15181  -6.162  -76.387  -13.101 0.8999999762
14340  -6.999  -76.474  -12.750 0.8999999762
121555  -7.899  -76.668  -12.326 0.8999999762
14327  -8.684  -76.968  -11.949 1.0000000000
14328  -9.353  -77.284  -11.613 1.0000000000
16635  -3.751  -74.896  -10.094 0.8000000119
137302  -3.978  -74.987  -10.802 0.8000000119
13421  -11.143  -78.796  -10.009 1.0000000000
12443  -11.544  -79.521  -10.283 1.0000000000
10660  -15.668  -81.454  -10.588 1.0000000000
10695  -16.518  -81.425  -12.609 1.0000000000
140506  -14.872  -80.715  -14.365 1.0000000000
125557  -3.918  -80.384  -20.410 0.8999999762
11662  -4.146  -80.298  -19.410 0.8999999762
11658  -4.840  -79.985  -18.825 1.0000000000
12540  -6.797  -80.004  -18.272 1.0000000000
12533  -7.524  -80.044  -17.910 1.0000000000
125183  -8.812  -80.443  -17.470 1.0000000000
11631  -13.466  -80.873  -15.182 1.0000000000
11620  -14.229  -80.846  -14.748 1.0000000000
12580  -4.102  -79.482  -20.865 0.8000000119
10778  -4.164  -80.980  -19.583 0.8999999762
11663  -5.637  -80.533  -18.955 0.8999999762
130798  -7.371  -80.727  -18.437 0.8999999762
10756  -9.452  -81.127  -17.504 1.0000000000
10750  -10.732  -81.394  -17.032 1.0000000000
11630  -12.607  -80.758  -15.561 1.0000000000
132428  -11.494  -81.345  -16.645 1.0000000000
10758  -11.258  -81.998  -17.115 1.0000000000
17424  -4.330  -73.534  -7.653 0.2000000030
17423  -3.586  -73.359  -7.982 0.3000000119
134114  -3.726  -74.027  -7.892 0.3000000119
15169  -9.052  -76.740  -11.326 0.8999999762
141027  -9.781  -77.482  -11.357 1.0000000000
14316  -9.696  -77.107  -10.897 0.8999999762
17422  -3.454  -73.984  -8.291 0.4000000060
140169  -3.510  -73.813  -9.371 0.5000000000
15895  -5.177  -75.319  -12.429 0.8999999762
14317  -10.287  -77.595  -10.272 1.0000000000
13406  -10.722  -78.176  -9.710 1.0000000000
15893  -4.180  -75.332  -11.850 0.8999999762
13420  -10.689  -78.238  -10.586 1.0000000000
13407  -11.112  -78.670  -9.246 1.0000000000
17464  -3.735  -74.021  -10.066 0.8999999762
11541  -13.451  -80.930  -9.400 1.0000000000
11540  -12.716  -80.458  -9.308 1.0000000000
13393  -11.391  -78.741  -8.483 1.0000000000
11610  -16.497  -80.980  -13.123 1.0000000000
11619  -13.583  -80.411  -14.638 1.0000000000
13549  -3.900  -78.731  -20.447 0.8000000119
12561  -3.911  -79.583  -20.002 0.8000000119
12538  -4.141  -79.514  -18.905 0.8999999762
119394  -5.908  -79.990  -18.549 1.0000000000
119802  -7.112  -79.322  -17.647 1.0000000000
11618  -12.868  -80.283  -14.858 1.0000000000
11640  -9.491  -80.373  -17.062 1.0000000000
122687  -10.830  -80.743  -16.556 1.0000000000
12605  -4.422  -79.393  -21.950 0.6999999881
11642  -11.638  -80.601  -15.970 1.0000000000
11695  -4.442  -79.380  -23.364 0.4000000060
18403  -5.040  -71.986  -7.468 0.2000000030
16670  -5.860  -74.878  -12.179 0.8999999762
15887  -6.874  -75.187  -11.839 0.8999999762
15182  -7.408  -75.920  -12.100 0.8999999762
15168  -8.341  -76.226  -11.513 0.8999999762
18421  -3.567  -72.644  -8.406 0.4000000060
16636  -3.966  -74.234  -10.857 0.8999999762
17488  -4.273  -73.762  -11.274 0.8999999762
15149  -10.099  -76.910  -8.893 1.0000000000
10659  -14.639  -81.746  -10.222 1.0000000000
12432  -13.287  -80.213  -8.804 1.0000000000
12500  -12.434  -79.640  -14.454 1.0000000000
11608  -15.175  -80.360  -13.831 1.0000000000
11571  -16.681  -80.457  -11.579 1.0000000000
11556  -15.272  -81.122  -10.006 1.0000000000
13497  -8.900  -78.673  -16.225 1.0000000000
13486  -10.158  -78.766  -15.372 1.0000000000
12499  -11.653  -79.362  -14.708 1.0000000000
12501  -13.233  -79.907  -14.223 1.0000000000
14419  -3.694  -77.847  -19.418 0.6000000238
125782  -3.812  -78.380  -18.844 0.8000000119
13503  -4.383  -78.405  -17.972 0.8999999762
13504  -5.378  -78.724  -17.816 1.0000000000
137283  -7.619  -78.878  -17.136 1.0000000000
12523  -8.881  -79.362  -16.712 1.0000000000
12512  -10.485  -79.537  -15.765 1.0000000000
12502  -14.182  -80.241  -14.100 1.0000000000
13532  -3.816  -78.784  -19.510 0.8000000119
12537  -3.909  -79.013  -18.883 0.8000000119
12539  -5.295  -79.387  -18.356 1.0000000000
125599  -6.339  -78.825  -17.559 1.0000000000
13506  -8.243  -78.796  -16.739 1.0000000000
13498  -9.629  -79.248  -16.145 1.0000000000
12525  -10.867  -80.157  -16.066 1.0000000000
12514  -12.057  -80.080  -15.160 1.0000000000
14430  -3.762  -78.087  -20.085 0.6000000238
14445  -3.927  -77.610  -21.718 0.4000000060
12524  -9.409  -79.817  -16.699 1.0000000000
138680  -10.117  -80.113  -16.486 1.0000000000
13564  -4.041  -78.522  -21.545 0.6999999881
18422  -4.117  -71.788  -7.991 0.3000000119
16662  -7.307  -74.748  -11.137 0.8999999762
15873  -8.003  -75.099  -10.685 0.8999999762
18436  -3.572  -72.417  -9.448 0.6000000238
16659  -4.609  -73.935  -11.641 0.8999999762
16669  -5.044  -74.621  -12.104 0.8999999762
16660  -5.461  -74.143  -11.877 0.8999999762
16661  -6.429  -74.420  -11.576 0.8999999762
15889  -8.368  -75.697  -10.879 0.8999999762
15156  -9.121  -76.240  -10.524 0.8999999762
126797  -9.630  -76.265  -9.432 0.8999999762
15138  -9.951  -76.187  -8.488 0.8999999762
14291  -10.468  -77.570  -8.334 1.0000000000
11526  -14.056  -80.449  -8.967 1.0000000000
12425  -12.113  -79.215  -8.340 1.0000000000
14369  -9.876  -78.063  -14.958 1.0000000000
119521  -10.554  -78.334  -14.668 1.0000000000
13476  -12.062  -78.990  -14.003 1.0000000000
12488  -13.698  -79.524  -13.616 1.0000000000
12477  -16.108  -79.541  -12.633 1.0000000000
11542  -14.524  -80.983  -9.512 1.0000000000
14385  -3.737  -77.361  -17.911 0.8000000119
14386  -4.057  -77.703  -17.648 0.8000000119
14388  -5.939  -78.105  -17.185 0.8999999762
14377  -6.929  -77.472  -16.317 0.8999999762
14378  -8.296  -78.122  -16.153 1.0000000000
13487  -10.902  -79.065  -15.032 1.0000000000
13469  -13.259  -78.894  -13.152 1.0000000000
12489  -14.656  -79.749  -13.431 1.0000000000
14403  -3.915  -78.176  -18.261 0.8000000119
14387  -4.802  -77.924  -17.458 0.8999999762
13495  -6.705  -77.961  -16.766 1.0000000000
13496  -7.499  -78.181  -16.601 1.0000000000
13440  -16.651  -78.919  -11.343 1.0000000000
15282  -3.735  -77.192  -20.280 0.4000000060
15296  -3.850  -77.152  -21.162 0.3000000119
18437  -3.751  -71.682  -8.847 0.4000000060
17490  -4.715  -72.976  -11.516 0.8999999762
17445  -3.662  -73.198  -9.893 0.6000000238
18455  -3.770  -72.366  -10.614 0.8000000119
16639  -8.262  -74.793  -9.987 0.8999999762
15865  -8.832  -75.174  -9.524 0.8999999762
15866  -9.408  -75.626  -9.007 0.8999999762
15139  -10.240  -76.888  -7.921 1.0000000000
15858  -10.204  -76.149  -7.520 1.0000000000
13484  -8.883  -78.109  -15.750 1.0000000000
13475  -11.304  -78.538  -14.234 1.0000000000
12478  -16.685  -79.972  -12.157 1.0000000000
11557  -16.020  -80.708  -10.272 1.0000000000
123462  -13.007  -79.567  -8.243 1.0000000000
14274  -10.781  -77.408  -7.458 1.0000000000
14375  -5.099  -77.372  -16.875 0.8999999762
14376  -6.109  -77.419  -16.608 0.8999999762
13474  -10.809  -77.932  -14.097 1.0000000000
12487  -12.833  -79.271  -13.789 1.0000000000
12427  -15.120  -79.283  -8.910 1.0000000000
13386  -12.390  -78.283  -7.392 1.0000000000
15100  -11.472  -76.302  -6.477 1.0000000000
14402  -3.674  -77.617  -18.648 0.6999999881
140052  -4.275  -77.323  -17.156 0.8000000119
138651  -7.695  -77.425  -15.854 0.8999999762
14368  -9.229  -77.762  -15.229 1.0000000000
14358  -10.261  -77.663  -14.360 1.0000000000
139005  -11.835  -78.405  -13.609 1.0000000000
12476  -15.132  -79.324  -12.835 1.0000000000
12435  -16.428  -79.432  -10.076 1.0000000000
13396  -14.556  -78.741  -8.316 1.0000000000
14277  -13.620  -77.594  -7.351 1.0000000000
15101  -13.006  -76.348  -6.536 1.0000000000
15273  -3.618  -76.942  -19.294 0.6000000238
15245  -3.638  -76.574  -17.617 0.6999999881
14367  -8.539  -77.564  -15.509 1.0000000000
13468  -12.472  -78.634  -13.377 1.0000000000
13457  -13.717  -78.494  -12.537 1.0000000000
13459  -15.639  -78.907  -12.327 1.0000000000
12445  -16.696  -79.176  -10.742 1.0000000000
14293  -14.924  -77.916  -8.187 1.0000000000
127904  -13.994  -76.977  -7.293 1.0000000000
15837  -14.298  -75.604  -6.648 1.0000000000
15222  -8.911  -77.117  -14.844 1.0000000000
15202  -9.992  -77.017  -14.025 1.0000000000
14352  -11.319  -77.792  -13.498 1.0000000000
13456  -12.839  -78.267  -12.702 1.0000000000
13437  -14.200  -78.163  -11.913 1.0000000000
134444  -16.439  -78.356  -11.337 1.0000000000
13409  -16.626  -78.522  -10.139 1.0000000000
14294  -15.814  -77.672  -8.591 1.0000000000
14279  -15.250  -77.149  -7.975 1.0000000000
15191  -10.939  -77.034  -13.054 1.0000000000
14343  -11.647  -77.343  -12.655 1.0000000000
14345  -13.268  -77.890  -11.992 1.0000000000
14331  -14.832  -77.756  -11.470 1.0000000000
14333  -16.455  -77.723  -10.994 1.0000000000
14318  -16.768  -77.708  -10.417 1.0000000000
14295  -16.637  -77.405  -9.105 1.0000000000
15140  -16.092  -76.893  -8.363 1.0000000000
15103  -14.837  -75.934  -7.079 1.0000000000
143521  -15.401  -74.936  -6.900 1.0000000000
14344  -12.426  -77.589  -12.262 1.0000000000
15172  -13.620  -76.897  -10.959 1.0000000000
15173  -14.467  -77.081  -10.951 1.0000000000
15174  -15.524  -77.347  -11.096 1.0000000000
14296  -17.284  -77.035  -9.642 1.0000000000
15124  -17.196  -76.183  -8.581 1.0000000000
15123  -16.415  -76.083  -8.026 1.0000000000
141562  -16.465  -74.110  -7.061 1.0000000000
18408  -16.864  -72.522  -7.108 1.0000000000
126922  -16.957  -76.994  -10.534 1.0000000000
15150  -17.797  -76.612  -10.012 1.0000000000
15142  -17.617  -76.496  -9.295 1.0000000000
15859  -17.813  -75.929  -8.760 1.0000000000
15852  -17.805  -75.168  -8.189 1.0000000000
16610  -17.781  -74.261  -7.667 1.0000000000
17430  -18.175  -73.481  -7.608 1.0000000000
18409  -17.817  -72.702  -7.343 1.0000000000
129620  -18.408  -72.056  -7.467 1.0000000000
19426  -20.128  -71.256  -7.810 1.0000000000
15161  -18.217  -76.082  -10.199 1.0000000000
15860  -18.564  -75.559  -9.040 1.0000000000
16611  -18.504  -74.793  -8.349 1.0000000000
137843  -18.524  -74.100  -7.999 1.0000000000
17431  -19.015  -73.471  -8.089 1.0000000000
18410  -18.514  -72.843  -7.620 1.0000000000
18411  -19.137  -72.462  -7.860 1.0000000000
18412  -19.884  -72.086  -8.118 1.0000000000
19427  -20.983  -71.188  -7.942 1.0000000000
20444  -21.345  -70.487  -7.888 1.0000000000
15881  -18.718  -75.397  -10.225 1.0000000000
15868  -19.163  -75.230  -9.679 1.0000000000
16617  -19.579  -74.650  -9.206 1.0000000000
17438  -19.773  -73.902  -8.729 1.0000000000
18425  -19.815  -72.990  -8.397 1.0000000000
18426  -20.415  -72.611  -8.521 1.0000000000
19440  -20.649  -71.917  -8.265 1.0000000000
19441  -21.444  -71.796  -8.434 1.0000000000
19428  -21.823  -71.166  -8.165 1.0000000000
18473  -4.031  -72.774  -11.216 0.8999999762
134693  -5.176  -73.500  -11.681 0.8999999762
137625  -5.996  -73.642  -11.449 0.8999999762
16637  -6.947  -73.865  -10.896 0.8999999762
16638  -7.641  -74.412  -10.414 0.8999999762
17467  -7.076  -73.121  -10.335 0.8999999762
16623  -7.980  -74.081  -9.754 0.8999999762
16624  -8.519  -74.500  -9.264 0.8999999762
17447  -8.212  -73.038  -8.987 0.8999999762
16625  -9.144  -74.902  -8.774 0.8999999762
15857  -9.760  -75.373  -8.048 1.0000000000
126382  -9.396  -74.609  -8.073 0.8999999762
15117  -10.560  -76.736  -7.207 1.0000000000
15118  -11.184  -76.908  -6.857 1.0000000000
15234  -5.410  -76.745  -16.344 0.8999999762
15235  -6.355  -76.877  -16.080 0.8999999762
15834  -11.294  -75.572  -6.334 1.0000000000
15835  -12.248  -75.852  -6.278 1.0000000000
15233  -4.315  -76.629  -16.675 0.8999999762
15220  -7.431  -76.620  -15.388 0.8999999762
15221  -8.187  -76.854  -15.158 0.8999999762
16598  -11.896  -74.972  -6.155 1.0000000000
131404  -12.714  -75.103  -6.198 1.0000000000
130854  -3.561  -76.121  -18.147 0.6999999881
15200  -8.606  -76.320  -14.419 1.0000000000
15190  -10.295  -76.696  -13.380 1.0000000000
16599  -13.489  -74.729  -6.251 1.0000000000
17417  -13.790  -73.371  -6.316 1.0000000000
15189  -9.672  -76.416  -13.651 1.0000000000
15183  -10.564  -76.336  -12.672 1.0000000000
15185  -11.953  -76.883  -11.879 1.0000000000
132926  -15.127  -74.450  -6.584 1.0000000000
17419  -15.772  -73.715  -6.679 1.0000000000
17418  -14.802  -73.577  -6.423 1.0000000000
135700  -14.547  -71.548  -7.019 1.0000000000
127514  -16.018  -71.924  -7.046 1.0000000000
143570  -16.037  -71.148  -7.191 1.0000000000
15184  -11.250  -76.637  -12.330 1.0000000000
131140  -13.101  -76.352  -10.763 1.0000000000
15158  -15.222  -76.464  -10.665 1.0000000000
15159  -16.279  -76.937  -10.821 1.0000000000
17428  -16.574  -73.428  -7.026 1.0000000000
130145  -15.974  -72.794  -6.770 1.0000000000
19422  -16.729  -71.489  -7.184 1.0000000000
125320  -18.051  -70.067  -7.509 0.8999999762
20441  -18.921  -70.363  -7.526 1.0000000000
21422  -19.596  -69.853  -7.825 1.0000000000
123332  -16.365  -76.308  -10.674 1.0000000000
122972  -17.205  -76.312  -10.574 1.0000000000
15160  -17.583  -76.469  -10.315 1.0000000000
17429  -17.380  -73.415  -7.280 1.0000000000
19424  -18.258  -71.087  -7.355 0.8999999762
20442  -19.650  -70.615  -7.608 1.0000000000
20443  -20.428  -70.396  -7.736 1.0000000000
21423  -20.931  -69.873  -7.917 1.0000000000
15879  -16.766  -75.733  -10.598 1.0000000000
15880  -17.897  -75.852  -10.481 1.0000000000
21424  -21.627  -69.767  -8.005 0.8999999762
139381  -18.326  -74.866  -10.532 1.0000000000
16646  -19.237  -74.697  -10.473 1.0000000000
16629  -19.859  -74.670  -9.841 1.0000000000
16618  -20.209  -74.185  -9.443 1.0000000000
130337  -20.502  -73.376  -9.008 1.0000000000
18427  -21.118  -72.599  -8.906 1.0000000000
16647  -20.005  -74.421  -10.343 1.0000000000
16630  -20.510  -74.284  -9.997 1.0000000000
17439  -20.826  -73.831  -9.695 1.0000000000
17440  -21.103  -73.269  -9.478 1.0000000000
140072  -22.151  -71.678  -8.592 1.0000000000
19442  -22.691  -71.210  -8.442 1.0000000000
19451  -3.751  -71.444  -10.025 0.8000000119
19466  -3.842  -71.414  -10.977 0.6999999881
19484  -4.111  -71.369  -11.245 0.8000000119
18475  -5.094  -72.200  -11.478 0.8999999762
18476  -5.989  -72.254  -11.194 0.8999999762
18457  -6.659  -72.362  -10.530 0.8999999762
18438  -7.304  -72.429  -9.876 0.8999999762
17446  -7.688  -73.259  -9.590 0.8999999762
17436  -8.748  -73.254  -8.336 0.8999999762
18423  -8.359  -72.479  -8.556 0.8999999762
17437  -9.260  -73.002  -7.592 1.0000000000
17426  -9.766  -73.184  -7.022 1.0000000000
130771  -10.073  -73.972  -6.957 1.0000000000
140788  -10.575  -74.118  -6.433 1.0000000000
15232  -3.737  -76.217  -16.912 0.8999999762
15217  -4.774  -75.981  -16.046 0.8999999762
15218  -5.808  -76.189  -15.784 0.8999999762
18406  -10.043  -72.607  -6.553 1.0000000000
124451  -11.148  -73.106  -6.180 1.0000000000
18389  -11.542  -72.477  -6.219 1.0000000000
15937  -3.735  -75.369  -16.689 0.8999999762
15928  -6.290  -75.654  -15.263 0.8999999762
15199  -7.822  -76.149  -14.779 0.8999999762
19406  -12.108  -71.747  -6.458 1.0000000000
19408  -13.831  -71.939  -6.780 1.0000000000
15927  -5.342  -75.385  -15.555 0.8999999762
133504  -8.130  -75.698  -14.257 0.8999999762
15904  -9.930  -76.054  -13.019 1.0000000000
20420  -11.564  -70.948  -6.594 1.0000000000
20422  -13.030  -70.654  -7.212 1.0000000000
19420  -13.816  -71.066  -7.139 1.0000000000
21417  -14.755  -69.884  -7.709 1.0000000000
20438  -15.587  -70.419  -7.375 1.0000000000
20439  -16.519  -70.576  -7.322 1.0000000000
139064  -9.601  -75.480  -12.816 1.0000000000
15898  -10.205  -75.524  -12.347 1.0000000000
15875  -12.116  -75.318  -10.663 1.0000000000
15157  -14.012  -76.368  -10.569 1.0000000000
21439  -14.505  -69.280  -8.350 1.0000000000
136717  -15.160  -69.402  -8.188 1.0000000000
21419  -16.216  -69.778  -7.665 0.8999999762
21420  -17.114  -69.867  -7.591 0.8999999762
129902  -17.754  -69.386  -8.497 0.8999999762
129901  -20.290  -69.605  -8.238 1.0000000000
21443  -20.983  -69.432  -8.593 0.8999999762
124526  -12.793  -75.118  -10.112 1.0000000000
15876  -13.422  -75.687  -10.274 1.0000000000
15877  -14.412  -75.615  -10.204 1.0000000000
16644  -15.543  -74.120  -9.888 1.0000000000
143385  -15.526  -74.826  -10.055 1.0000000000
16645  -17.321  -75.176  -10.552 1.0000000000
132767  -17.481  -74.290  -10.492 1.0000000000
17473  -17.972  -73.779  -10.623 1.0000000000
17474  -18.893  -74.039  -10.705 1.0000000000
20445  -22.248  -70.493  -8.072 1.0000000000
18465  -17.580  -72.846  -10.628 1.0000000000
18480  -18.441  -73.156  -10.817 1.0000000000
17475  -19.690  -74.040  -10.774 1.0000000000
16665  -20.295  -73.965  -10.783 1.0000000000
16648  -20.668  -74.025  -10.475 1.0000000000
17476  -21.262  -73.544  -10.573 1.0000000000
18442  -21.676  -72.918  -9.629 1.0000000000
18443  -22.416  -72.558  -9.854 1.0000000000
18428  -21.961  -72.269  -9.090 1.0000000000
20456  -23.303  -70.477  -8.325 0.8999999762
21445  -22.506  -69.644  -8.035 0.8000000119
17494  -19.275  -73.350  -10.998 1.0000000000
128450  -20.836  -73.216  -11.272 1.0000000000
17496  -20.814  -73.686  -10.981 1.0000000000
18466  -21.800  -72.984  -10.924 1.0000000000
19455  -22.813  -71.858  -9.231 1.0000000000
19443  -23.545  -71.229  -8.982 1.0000000000
19452  -3.905  -70.948  -9.254 0.3000000119
20467  -3.898  -70.508  -9.926 0.5000000000
19485  -4.757  -71.416  -11.444 0.8999999762
20479  -3.860  -70.762  -10.707 0.5000000000
18456  -6.371  -71.596  -10.846 0.8999999762
21476  -7.009  -70.166  -10.272 0.8999999762
19453  -7.559  -71.672  -9.436 0.8999999762
21457  -7.005  -69.220  -9.904 0.8999999762
18439  -7.886  -72.438  -9.222 0.8999999762
20469  -7.945  -70.828  -8.906 0.8999999762
19439  -8.863  -71.683  -7.529 1.0000000000
21435  -7.400  -69.262  -8.703 0.8999999762
20455  -8.184  -70.384  -7.847 1.0000000000
18405  -9.396  -72.291  -7.013 1.0000000000
17562  -3.820  -72.839  -16.532 0.4000000060
125789  -3.882  -73.149  -15.845 0.5000000000
21436  -8.030  -69.356  -7.736 1.0000000000
21413  -9.395  -69.706  -6.893 1.0000000000
20434  -10.050  -70.228  -6.550 1.0000000000
20419  -10.571  -70.934  -6.369 1.0000000000
17567  -3.650  -74.212  -17.217 0.5000000000
16695  -3.834  -74.119  -16.020 0.8999999762
140017  -4.186  -74.486  -15.816 0.8999999762
22430  -9.512  -68.883  -7.335 1.0000000000
20435  -11.063  -70.175  -6.805 1.0000000000
16715  -3.583  -74.939  -17.136 0.6999999881
15913  -6.753  -75.183  -14.666 0.8999999762
16676  -9.062  -75.132  -13.024 1.0000000000
21414  -11.569  -69.504  -7.393 1.0000000000
21415  -12.500  -69.541  -7.655 1.0000000000
120278  -12.971  -70.041  -7.498 1.0000000000
17588  -3.896  -73.832  -18.069 0.4000000060
15897  -9.569  -74.853  -12.442 1.0000000000
15890  -10.711  -75.320  -11.751 1.0000000000
21437  -12.865  -69.045  -8.175 1.0000000000
21438  -13.691  -69.145  -8.334 1.0000000000
22446  -14.166  -68.753  -9.161 0.8999999762
22465  -15.585  -68.914  -10.056 0.6999999881
21441  -16.676  -69.337  -8.452 0.8999999762
21442  -18.583  -69.409  -9.019 1.0000000000
140432  -19.457  -69.461  -8.943 1.0000000000
21463  -20.322  -69.328  -9.490 0.8000000119
16641  -12.908  -74.371  -9.837 1.0000000000
16642  -13.630  -74.860  -9.875 1.0000000000
16628  -14.652  -73.913  -9.772 1.0000000000
17589  -4.237  -73.472  -18.766 0.3000000119
125261  -16.615  -74.161  -10.220 1.0000000000
17471  -16.032  -73.168  -9.913 1.0000000000
17472  -17.046  -73.440  -10.348 1.0000000000
18479  -18.139  -72.314  -10.945 1.0000000000
137092  -18.823  -72.678  -11.070 1.0000000000
19493  -18.823  -72.008  -11.276 1.0000000000
18481  -19.509  -72.670  -11.292 1.0000000000
19494  -19.667  -71.914  -11.525 1.0000000000
18482  -20.361  -72.656  -11.455 1.0000000000
18484  -22.199  -72.371  -11.292 1.0000000000
18467  -22.567  -72.421  -10.629 1.0000000000
19475  -23.395  -71.694  -10.602 1.0000000000
20457  -24.075  -70.705  -8.926 0.8999999762
19474  -22.865  -71.966  -11.104 1.0000000000
20485  -23.955  -71.012  -10.978 1.0000000000
21456  -4.197  -69.695  -8.699 0.4000000060
20493  -4.015  -70.482  -11.111 0.6999999881
21455  -3.996  -69.733  -9.638 0.3000000119
21473  -3.909  -69.852  -10.680 0.5000000000
19486  -5.623  -71.497  -11.311 0.8999999762
20494  -4.546  -70.589  -11.372 0.8999999762
21487  -5.144  -69.731  -11.523 0.8999999762
21488  -5.958  -70.075  -11.293 0.8999999762
133806  -6.474  -70.346  -10.834 0.8999999762
21474  -5.921  -69.178  -11.322 0.8999999762
22483  -5.934  -68.184  -11.139 0.8999999762
22460  -6.562  -68.251  -10.118 0.8999999762
22461  -7.111  -68.310  -9.062 0.8999999762
23432  -7.660  -67.783  -8.550 0.8999999762
22440  -7.585  -68.607  -8.262 0.8999999762
133522  -8.202  -68.366  -7.902 1.0000000000
22442  -10.003  -68.277  -7.966 1.0000000000
22431  -10.382  -68.736  -7.609 1.0000000000
17543  -4.343  -73.821  -15.628 0.8999999762
16681  -5.626  -74.066  -14.821 0.8999999762
16682  -6.487  -74.391  -14.482 0.8999999762
16684  -7.934  -75.081  -13.850 1.0000000000
140836  -10.752  -68.394  -8.074 1.0000000000
141933  -11.360  -67.779  -8.874 0.8999999762
22462  -12.765  -68.111  -9.098 0.8999999762
22463  -13.446  -68.079  -9.459 0.8000000119
23452  -13.601  -67.315  -10.109 0.6999999881
16672  -10.267  -74.622  -11.778 1.0000000000
17469  -11.561  -73.891  -10.418 1.0000000000
22445  -13.226  -68.595  -8.755 1.0000000000
23453  -14.277  -68.053  -10.021 0.6999999881
23454  -15.119  -68.259  -10.248 0.6999999881
22466  -16.458  -69.063  -10.183 0.6999999881
22467  -17.394  -69.138  -10.212 0.8999999762
21462  -18.898  -69.346  -9.946 0.6999999881
143690  -19.664  -69.304  -10.043 0.8999999762
16664  -11.489  -74.731  -10.815 1.0000000000
16640  -12.182  -74.538  -10.209 1.0000000000
16626  -13.249  -73.641  -9.714 1.0000000000
136317  -13.409  -74.253  -9.784 1.0000000000
17450  -14.999  -73.269  -9.785 1.0000000000
22488  -18.627  -68.642  -10.379 0.6999999881
22469  -19.272  -69.129  -10.305 0.6999999881
21464  -20.942  -69.111  -9.732 0.6999999881
17448  -13.559  -72.736  -9.759 1.0000000000
22470  -20.383  -68.964  -10.351 0.8000000119
135831  -21.345  -68.671  -10.041 0.6999999881
21444  -21.728  -69.056  -8.859 0.8000000119
18463  -15.824  -72.211  -10.225 1.0000000000
18464  -16.688  -72.549  -10.398 1.0000000000
19492  -17.289  -71.983  -10.809 1.0000000000
21446  -23.418  -69.527  -8.130 0.8000000119
130555  -17.983  -71.362  -11.197 1.0000000000
20505  -18.948  -71.195  -11.490 1.0000000000
19495  -20.604  -71.888  -11.677 1.0000000000
18483  -21.312  -72.702  -11.424 1.0000000000
19496  -21.565  -71.813  -11.688 1.0000000000
19457  -24.110  -71.140  -10.268 1.0000000000
20470  -24.152  -70.984  -9.593 1.0000000000
129014  -24.180  -70.064  -8.497 0.8999999762
20527  -19.149  -70.373  -11.717 1.0000000000
20506  -19.859  -71.096  -11.711 1.0000000000
20507  -20.816  -71.033  -11.855 1.0000000000
20508  -21.768  -70.944  -11.895 1.0000000000
19497  -22.484  -71.616  -11.577 1.0000000000
20486  -24.546  -70.609  -10.629 1.0000000000
137318  -24.592  -70.750  -10.013 1.0000000000
20458  -24.706  -70.363  -9.369 0.8999999762
22499  -3.949  -68.657  -11.169 0.6999999881
22500  -4.435  -68.228  -11.368 0.8000000119
22501  -5.211  -68.673  -11.496 0.8999999762
23477  -4.315  -67.303  -11.233 0.8000000119
23478  -5.110  -67.716  -11.396 0.8999999762
138180  -4.187  -65.709  -10.303 0.6999999881
24469  -5.371  -66.195  -10.877 0.8000000119
24470  -6.047  -65.947  -10.410 0.8000000119
23467  -6.125  -66.776  -10.455 0.8999999762
24444  -6.709  -66.421  -9.896 0.8000000119
24445  -7.465  -65.874  -9.765 0.8999999762
23447  -8.039  -66.949  -9.071 0.8999999762
23448  -9.069  -66.958  -9.134 1.0000000000
23449  -10.137  -67.057  -9.271 1.0000000000
17526  -5.497  -73.165  -14.772 0.8000000119
17528  -6.989  -73.806  -13.899 0.8999999762
16674  -7.742  -74.300  -13.542 0.8999999762
23450  -11.216  -67.168  -9.399 1.0000000000
127629  -12.119  -66.841  -9.861 0.6999999881
24450  -13.050  -66.368  -10.276 0.6999999881
24452  -14.253  -67.231  -10.334 0.6999999881
16675  -8.423  -74.717  -13.291 1.0000000000
17506  -9.499  -73.994  -12.077 1.0000000000
17492  -10.217  -73.601  -11.443 1.0000000000
135996  -13.740  -65.604  -10.420 0.6999999881
24471  -14.444  -65.642  -10.373 0.6999999881
24472  -14.834  -66.611  -10.391 0.6999999881
22485  -15.934  -68.413  -10.328 0.6999999881
22486  -16.885  -68.534  -10.343 0.6999999881
23456  -17.970  -67.833  -10.191 0.6999999881
17468  -10.902  -73.265  -10.712 1.0000000000
18460  -12.634  -72.888  -9.763 1.0000000000
24453  -15.707  -66.408  -10.197 0.6999999881
23455  -17.126  -67.630  -10.209 0.6999999881
141648  -17.427  -68.200  -10.347 0.6000000238
22489  -19.585  -68.553  -10.378 0.6000000238
23458  -20.404  -68.277  -10.305 0.6000000238
18461  -13.924  -71.956  -10.046 1.0000000000
18440  -14.453  -72.597  -9.851 1.0000000000
24456  -18.362  -67.083  -9.469 0.6000000238
126224  -19.792  -67.572  -9.933 0.6000000238
119435  -21.242  -68.215  -10.329 0.6999999881
18462  -14.902  -71.871  -10.237 0.8999999762
19472  -15.624  -71.472  -10.715 1.0000000000
19473  -16.428  -71.722  -10.703 1.0000000000
23459  -21.971  -67.803  -10.287 0.6999999881
22447  -22.673  -68.798  -8.466 0.8000000119
19490  -15.463  -70.813  -11.233 1.0000000000
19491  -16.176  -71.025  -11.127 1.0000000000
123426  -16.985  -71.175  -11.114 1.0000000000
23460  -22.648  -67.544  -9.860 0.8000000119
22448  -23.157  -68.112  -8.869 0.8000000119
143677  -23.423  -68.762  -8.206 0.8999999762
20525  -16.954  -69.993  -12.043 1.0000000000
133893  -17.435  -70.548  -11.524 1.0000000000
143597  -18.522  -69.930  -11.961 1.0000000000
20528  -20.070  -70.215  -11.859 1.0000000000
21496  -21.033  -70.155  -12.042 1.0000000000
21497  -22.002  -70.076  -12.097 1.0000000000
21498  -22.991  -69.958  -12.001 1.0000000000
21499  -23.942  -69.854  -11.788 1.0000000000
140875  -25.211  -69.513  -11.133 1.0000000000
21465  -25.415  -69.638  -9.613 0.8999999762
21448  -25.460  -69.122  -8.874 0.8999999762
22449  -24.742  -68.648  -8.269 0.8000000119
128920  -24.149  -69.212  -8.234 0.8999999762
20509  -22.733  -70.811  -11.827 1.0000000000
20510  -23.615  -70.626  -11.608 1.0000000000
20471  -25.001  -70.229  -10.201 0.8999999762
22458  -3.745  -68.178  -9.782 0.4000000060
22482  -3.739  -68.228  -10.817 0.4000000060
23444  -3.679  -67.366  -10.393 0.5000000000
131343  -3.660  -66.478  -9.922 0.5000000000
25512  -8.296  -64.642  -7.364 0.1000000015
24443  -3.924  -66.724  -10.837 0.8000000119
26529  -7.932  -64.035  -8.025 0.2000000030
26530  -8.921  -64.050  -7.743 0.2000000030
25552  -4.879  -65.348  -10.562 0.6000000238
25536  -5.438  -64.557  -10.156 0.6000000238
25538  -7.210  -64.633  -10.032 0.6000000238
25539  -8.214  -64.834  -10.052 0.6999999881
25540  -9.201  -65.015  -10.095 0.6999999881
18513  -4.349  -72.345  -15.503 0.5000000000
18514  -4.902  -72.330  -14.924 0.5000000000
24447  -9.631  -66.093  -9.708 0.6999999881
24448  -10.690  -66.084  -9.898 0.6999999881
17525  -4.591  -73.079  -15.322 0.6999999881
17515  -7.183  -72.907  -13.638 0.6999999881
133468  -8.193  -73.269  -12.928 0.6999999881
17505  -8.817  -73.421  -12.506 0.8000000119
129869  -11.415  -65.475  -10.158 0.8000000119
142128  -12.512  -64.561  -10.190 0.6999999881
125504  -14.086  -64.654  -10.213 0.6000000238
26571  -14.995  -64.302  -9.601 0.6000000238
16671  -8.914  -74.344  -12.701 0.8999999762
25542  -14.859  -65.021  -10.200 0.6999999881
25544  -16.125  -65.781  -9.525 0.6999999881
18458  -11.001  -72.479  -10.493 1.0000000000
122260  -13.009  -72.105  -9.933 1.0000000000
19469  -12.462  -71.573  -10.354 0.8999999762
24455  -17.535  -66.948  -9.653 0.6000000238
20502  -14.654  -70.568  -11.389 1.0000000000
24431  -17.839  -66.674  -8.973 0.5000000000
125606  -19.951  -66.814  -9.161 0.5000000000
19471  -14.250  -71.294  -10.709 1.0000000000
20503  -15.433  -70.200  -11.788 1.0000000000
24434  -20.576  -66.420  -9.005 0.5000000000
24458  -20.713  -67.267  -9.949 0.5000000000
20524  -16.168  -70.036  -11.979 1.0000000000
126371  -21.577  -67.406  -10.182 0.5000000000
24460  -22.954  -66.905  -10.001 0.8000000119
22531  -16.804  -68.881  -12.873 1.0000000000
21520  -17.304  -69.433  -12.505 1.0000000000
21522  -19.207  -69.521  -12.198 1.0000000000
21523  -20.284  -69.404  -12.149 1.0000000000
21525  -22.233  -69.199  -12.180 1.0000000000
122245  -24.288  -69.206  -11.825 1.0000000000
21500  -24.696  -69.681  -11.446 1.0000000000
120504  -25.790  -69.167  -10.228 0.8999999762
22472  -25.924  -68.790  -9.447 0.8999999762
22450  -25.574  -68.401  -8.576 0.8999999762
23437  -23.978  -67.793  -8.384 0.8000000119
22533  -18.639  -68.768  -12.717 1.0000000000
22535  -20.540  -68.645  -12.362 1.0000000000
22536  -21.462  -68.485  -12.280 1.0000000000
22537  -22.422  -68.290  -12.229 1.0000000000
22538  -23.250  -68.089  -12.179 1.0000000000
22509  -25.082  -68.906  -11.601 1.0000000000
23485  -25.787  -68.273  -11.305 0.8999999762
22473  -26.413  -68.198  -9.529 0.8999999762
23439  -25.762  -67.627  -8.394 0.8999999762
23438  -24.913  -67.742  -8.200 0.8999999762
24436  -24.345  -66.982  -8.640 0.6999999881
23514  -20.732  -67.806  -12.506 1.0000000000
23515  -21.708  -67.640  -12.352 1.0000000000
23517  -23.722  -67.375  -12.092 1.0000000000
23486  -26.360  -67.649  -10.969 0.8999999762
23440  -26.574  -67.510  -8.922 0.8999999762
24430  -3.702  -65.689  -8.477 0.1000000015
25525  -5.026  -64.462  -8.515 0.3000000119
26527  -6.023  -64.288  -8.254 0.1000000015
26528  -6.967  -64.183  -8.121 0.1000000015
26546  -7.317  -63.719  -8.722 0.4000000060
25535  -4.630  -64.766  -10.049 0.6999999881
26562  -5.146  -64.251  -9.500 0.4000000060
26545  -6.466  -63.818  -8.821 0.5000000000
27529  -6.901  -63.764  -9.216 0.6000000238
26565  -7.935  -64.095  -9.840 0.6000000238
26566  -8.881  -64.214  -9.906 0.6999999881
26567  -9.878  -64.254  -9.960 0.6999999881
134596  -10.645  -63.885  -9.816 0.5000000000
26569  -12.517  -63.766  -9.324 0.4000000060
18502  -6.680  -72.211  -13.913 0.6000000238
18504  -7.827  -72.751  -13.153 0.6999999881
137916  -8.964  -72.641  -12.239 0.8000000119
18477  -9.514  -73.046  -11.844 0.8000000119
129528  -10.846  -64.717  -10.090 0.6999999881
121079  -12.201  -63.978  -9.815 0.6000000238
26551  -14.657  -63.837  -8.802 0.6000000238
18503  -7.421  -72.103  -13.453 0.6999999881
18493  -8.438  -72.679  -12.716 0.8000000119
18478  -10.284  -72.546  -11.117 0.8999999762
26572  -15.774  -64.827  -9.196 0.6999999881
19488  -10.199  -71.544  -11.070 0.8999999762
139545  -10.790  -71.875  -10.696 0.8999999762
20483  -12.818  -70.817  -10.887 0.8999999762
19470  -13.364  -71.418  -10.512 0.8999999762
25545  -16.946  -66.253  -9.027 0.6000000238
20501  -13.148  -70.124  -11.497 1.0000000000
20484  -13.710  -70.706  -11.139 0.8999999762
24425  -17.567  -66.522  -8.028 0.5000000000
21495  -14.796  -69.765  -12.080 1.0000000000
122264  -15.016  -68.931  -12.595 1.0000000000
21519  -16.462  -69.477  -12.450 1.0000000000
24435  -21.406  -66.583  -9.603 0.5000000000
23461  -23.427  -67.277  -9.253 0.6999999881
22532  -17.703  -68.836  -12.863 1.0000000000
24461  -23.550  -66.427  -9.554 0.6000000238
22549  -17.199  -68.258  -13.182 1.0000000000
24536  -18.261  -67.524  -13.109 1.0000000000
23512  -19.116  -67.883  -12.887 1.0000000000
23513  -19.949  -67.603  -12.666 1.0000000000
24437  -24.984  -66.323  -8.333 0.8000000119
139484  -19.610  -67.024  -12.725 1.0000000000
130269  -21.178  -67.012  -12.505 1.0000000000
130349  -21.878  -66.949  -12.384 1.0000000000
24491  -24.407  -66.753  -11.922 1.0000000000
24492  -25.418  -66.873  -11.747 1.0000000000
24474  -26.836  -66.828  -10.598 1.0000000000
24439  -26.942  -66.580  -8.877 0.8000000119
24438  -25.987  -66.693  -8.200 0.8000000119
24522  -21.562  -66.329  -12.434 1.0000000000
24429  -3.522  -66.410  -8.819 0.3000000119
137913  -4.152  -65.137  -9.684 0.3000000119
26547  -8.125  -63.631  -8.707 0.6000000238
27519  -9.804  -63.556  -8.221 0.2000000030
27530  -7.648  -63.730  -9.323 0.6000000238
27531  -8.624  -63.672  -9.378 0.6999999881
27532  -9.546  -63.401  -9.050 0.5000000000
27534  -11.302  -63.345  -8.876 0.4000000060
141551  -12.022  -63.510  -8.934 0.4000000060
19526  -6.152  -71.369  -14.174 0.4000000060
19506  -7.534  -71.216  -13.150 0.6999999881
27543  -10.142  -63.588  -9.474 0.5000000000
26549  -12.731  -63.847  -8.603 0.4000000060
19525  -5.211  -71.504  -14.754 0.5000000000
18515  -5.853  -72.258  -14.507 0.6000000238
137411  -6.946  -71.554  -13.675 0.6999999881
19516  -8.038  -72.001  -12.904 0.8000000119
19508  -8.949  -71.262  -11.995 0.8000000119
126847  -9.639  -71.092  -11.527 0.8999999762
136433  -10.221  -70.800  -11.122 0.8999999762
20499  -11.411  -70.248  -11.084 0.8999999762
19489  -10.923  -71.028  -10.775 0.8999999762
20482  -11.894  -70.939  -10.714 0.8999999762
120985  -13.987  -69.977  -11.728 1.0000000000
21494  -13.444  -69.497  -11.916 1.0000000000
21517  -14.125  -69.238  -12.244 1.0000000000
22548  -16.267  -68.189  -13.116 1.0000000000
23527  -16.771  -67.591  -13.304 1.0000000000
23528  -17.516  -67.612  -13.258 1.0000000000
24535  -17.828  -66.964  -13.178 1.0000000000
133113  -18.714  -66.845  -12.915 1.0000000000
25529  -25.600  -65.717  -8.161 0.8000000119
140483  -18.005  -66.326  -12.926 1.0000000000
143568  -20.069  -66.468  -12.542 1.0000000000
24521  -20.761  -66.348  -12.488 1.0000000000
126903  -22.072  -65.659  -12.409 1.0000000000
24523  -22.345  -66.486  -12.342 1.0000000000
25579  -23.861  -65.928  -11.981 1.0000000000
25580  -24.857  -66.034  -11.820 1.0000000000
133182  -25.820  -66.152  -11.641 1.0000000000
25556  -27.176  -65.990  -10.668 1.0000000000
139960  -27.685  -65.677  -9.621 0.8000000119
25530  -26.664  -65.767  -8.291 0.8000000119
20544  -6.060  -70.559  -14.057 0.5000000000
19515  -6.751  -70.842  -13.655 0.5000000000
20521  -7.901  -70.450  -12.592 0.6000000238
19507  -8.317  -71.239  -12.572 0.8000000119
126392  -5.440  -70.650  -14.626 0.4000000060
20523  -9.191  -70.633  -11.755 0.8999999762
20500  -12.281  -70.205  -11.261 1.0000000000
134018  -11.810  -69.617  -11.508 1.0000000000
21493  -12.613  -69.433  -11.765 1.0000000000
130110  -14.928  -68.070  -12.823 1.0000000000
129338  -14.887  -67.179  -12.869 1.0000000000
23526  -16.150  -67.441  -13.230 1.0000000000
24533  -15.718  -66.821  -13.109 1.0000000000
143331  -17.142  -67.078  -13.317 1.0000000000
24519  -17.182  -66.353  -13.099 1.0000000000
25518  -25.983  -65.032  -7.957 0.6000000238
25599  -17.744  -65.631  -12.700 1.0000000000
127945  -18.607  -65.873  -12.655 1.0000000000
24520  -19.425  -66.217  -12.594 1.0000000000
25601  -20.197  -65.687  -12.397 1.0000000000
127407  -21.139  -65.624  -12.413 1.0000000000
128216  -21.550  -64.918  -12.425 1.0000000000
25602  -23.211  -65.152  -12.203 1.0000000000
131282  -25.344  -65.341  -11.712 1.0000000000
25581  -26.198  -65.522  -11.562 0.8999999762
131341  -26.972  -65.236  -11.208 0.8999999762
128688  -19.328  -64.574  -12.088 0.8999999762
133960  -19.944  -64.936  -12.201 1.0000000000
132946  -22.369  -64.940  -12.403 1.0000000000
26630  -23.671  -64.411  -12.053 1.0000000000
127680  -25.332  -63.856  -11.746 1.0000000000
26612  -26.898  -64.269  -11.523 0.8999999762
26613  -27.588  -64.461  -10.958 0.8999999762
26583  -28.090  -64.421  -10.148 0.8999999762
26628  -21.965  -64.217  -12.505 1.0000000000
121071  -5.134  -69.974  -14.960 0.4000000060
21516  -9.067  -69.957  -11.718 0.8999999762
20498  -10.530  -70.109  -11.205 0.8999999762
21492  -11.135  -69.644  -11.370 1.0000000000
20552  -4.778  -70.833  -15.268 0.3000000119
22506  -12.275  -68.618  -11.873 1.0000000000
22529  -14.233  -68.441  -12.546 1.0000000000
23511  -14.360  -67.737  -12.682 1.0000000000
24518  -16.282  -66.146  -13.044 1.0000000000
25598  -16.850  -65.512  -12.763 1.0000000000
26626  -17.419  -64.868  -12.334 0.8999999762
26627  -18.732  -64.212  -11.960 0.8999999762
27587  -26.774  -63.442  -11.654 0.8999999762
124226  -20.130  -64.170  -12.125 0.8999999762
27600  -21.545  -63.443  -12.511 0.8999999762
27601  -22.438  -63.509  -12.449 1.0000000000
27602  -23.321  -63.621  -12.204 1.0000000000
124684  -24.820  -63.061  -11.775 0.8999999762
27586  -25.864  -63.190  -11.760 0.8999999762
20536  -6.408  -70.047  -13.668 0.5000000000
20537  -7.156  -70.281  -13.103 0.5000000000
20535  -5.719  -69.867  -14.320 0.3000000119
21515  -8.262  -69.697  -12.097 0.6000000238
21542  -5.617  -69.361  -14.672 0.3000000119
127379  -10.082  -68.760  -11.508 0.8000000119
131391  -11.437  -68.992  -11.645 1.0000000000
137788  -5.760  -69.323  -14.252 0.3000000119
22504  -10.716  -68.475  -11.564 0.8000000119
143086  -12.178  -68.023  -11.876 0.8999999762
23509  -12.770  -67.859  -12.096 1.0000000000
23510  -13.662  -67.847  -12.458 1.0000000000
24515  -13.654  -66.409  -12.435 0.8000000119
125534  -13.266  -67.138  -12.325 1.0000000000
25595  -14.083  -65.692  -12.445 0.6999999881
24516  -14.469  -66.404  -12.679 0.8000000119
24517  -15.135  -66.415  -12.860 1.0000000000
25596  -14.986  -65.642  -12.649 0.8999999762
25597  -15.937  -65.323  -12.676 0.8000000119
26608  -17.939  -64.206  -11.934 0.8000000119
27597  -19.311  -63.804  -11.958 0.8999999762
27598  -19.864  -63.399  -12.114 0.8999999762
121347  -21.092  -62.636  -12.533 1.0000000000
121675  -22.945  -62.782  -12.317 1.0000000000
28546  -24.387  -62.285  -11.901 0.8999999762
28548  -26.545  -62.520  -11.748 0.8999999762
121622  -22.565  -61.866  -12.400 0.8999999762
21535  -6.723  -69.362  -13.095 0.4000000060
21514  -7.526  -69.665  -12.573 0.4000000060
21490  -9.779  -69.450  -11.509 0.6999999881
21534  -5.979  -69.341  -13.777 0.3000000119
21489  -8.923  -69.144  -11.723 0.6000000238
121588  -9.503  -68.708  -11.603 0.6999999881
22503  -9.895  -67.963  -11.565 0.6999999881
131776  -10.802  -67.795  -11.571 0.8000000119
23483  -12.087  -67.501  -11.818 0.6999999881
126535  -12.599  -67.120  -12.031 0.6999999881
24489  -12.023  -66.621  -11.724 0.6999999881
24514  -12.864  -66.475  -12.115 0.6999999881
26622  -13.747  -65.113  -12.163 0.6999999881
26623  -14.430  -64.961  -12.267 0.8000000119
26624  -15.244  -64.740  -12.315 0.8000000119
26607  -16.925  -64.127  -11.922 0.8000000119
27584  -18.533  -63.529  -11.878 0.8000000119
125762  -19.200  -63.018  -11.996 0.8999999762
28557  -20.037  -62.592  -12.333 0.8999999762
121346  -20.622  -61.806  -12.567 0.8999999762
121358  -21.626  -61.822  -12.539 0.8999999762
143877  -22.115  -61.454  -12.485 0.8000000119
29567  -23.289  -61.280  -12.278 0.6999999881
128403  -22.420  -60.942  -12.460 0.8000000119
143377  -7.805  -69.267  -12.246 0.3000000119
22527  -8.133  -68.823  -11.965 0.5000000000
22526  -7.325  -68.840  -12.468 0.3000000119
22502  -8.850  -68.290  -11.717 0.6999999881
23481  -10.488  -67.145  -11.494 0.6999999881
23506  -6.788  -67.125  -12.564 0.3000000119
126256  -7.702  -68.176  -12.115 0.4000000060
23480  -9.718  -67.093  -11.518 0.6999999881
23482  -11.345  -67.269  -11.606 0.6999999881
25577  -12.447  -65.917  -11.854 0.6999999881
25594  -13.199  -65.656  -12.159 0.6999999881
121039  -12.456  -65.198  -11.780 0.6999999881
25578  -13.150  -64.834  -11.924 0.6999999881
133664  -13.831  -64.384  -11.860 0.6999999881
136391  -13.128  -64.192  -11.695 0.6000000238
134425  -14.151  -63.657  -11.630 0.6999999881
27580  -14.808  -63.324  -11.624 0.6999999881
26606  -15.443  -63.929  -11.844 0.8000000119
27581  -15.719  -63.048  -11.642 0.6999999881
28544  -17.219  -62.572  -11.807 0.6999999881
28545  -18.273  -62.626  -11.918 0.8000000119
120700  -18.415  -61.872  -12.146 0.6999999881
121930  -19.736  -61.683  -12.462 0.6999999881
29564  -20.160  -60.992  -12.660 0.6999999881
29565  -21.101  -61.105  -12.659 0.8000000119
30544  -21.627  -60.512  -12.625 0.8000000119
129442  -21.352  -59.701  -12.786 0.6999999881
132057  -22.334  -59.885  -12.641 0.6999999881
23507  -7.497  -67.417  -12.193 0.3000000119
23508  -8.259  -67.738  -11.875 0.6000000238
24487  -10.089  -66.269  -11.433 0.6999999881
24486  -9.139  -66.577  -11.559 0.6000000238
25576  -11.618  -65.631  -11.572 0.6999999881
125886  -9.374  -65.819  -11.467 0.5000000000
26602  -10.905  -64.938  -11.455 0.4000000060
26604  -12.499  -64.426  -11.659 0.6000000238
27578  -12.634  -63.659  -11.512 0.5000000000
27579  -13.454  -63.592  -11.554 0.6000000238
131935  -13.947  -62.805  -11.484 0.6000000238
28543  -16.333  -62.466  -11.733 0.6000000238
28555  -17.661  -61.913  -11.997 0.6999999881
29563  -18.957  -61.323  -12.358 0.6999999881
142044  -19.554  -61.168  -12.521 0.6999999881
30541  -18.460  -60.499  -12.670 0.5000000000
30543  -20.774  -60.327  -12.775 0.6999999881
31509  -19.666  -59.636  -13.239 0.5000000000
31510  -20.456  -59.492  -13.067 0.6000000238
31536  -21.109  -59.030  -12.979 0.5000000000
24485  -8.188  -66.841  -11.864 0.5000000000
24513  -7.242  -66.612  -12.280 0.1000000015
25593  -7.672  -66.105  -11.978 0.4000000060
25574  -8.476  -65.888  -11.672 0.6000000238
25573  -7.616  -65.376  -11.863 0.3000000119
26601  -9.433  -64.422  -11.382 0.4000000060
26581  -10.274  -64.277  -11.401 0.4000000060
26600  -8.587  -64.484  -11.441 0.2000000030
27556  -10.553  -63.481  -11.364 0.3000000119
27557  -11.242  -63.452  -11.378 0.5000000000
27576  -8.139  -63.758  -11.424 0.1000000015
28514  -10.964  -62.805  -11.237 0.2000000030
130791  -12.943  -62.868  -11.398 0.4000000060
28541  -14.885  -62.380  -11.628 0.6000000238
29523  -9.036  -62.063  -11.395 0.1000000015
28538  -11.434  -62.141  -11.194 0.3000000119
121971  -14.013  -61.892  -11.640 0.5000000000
29547  -16.760  -61.872  -11.878 0.5000000000
29559  -15.340  -61.211  -11.999 0.5000000000
30539  -16.564  -60.634  -12.569 0.5000000000
29561  -17.118  -61.266  -12.217 0.5000000000
31506  -16.903  -59.957  -12.935 0.5000000000
31507  -17.739  -59.896  -12.994 0.5000000000
30542  -19.940  -60.195  -12.905 0.6000000238
31533  -17.940  -59.364  -13.688 0.5000000000
31534  -18.969  -59.414  -13.604 0.5000000000
31535  -19.779  -59.057  -13.606 0.4000000060
32537  -20.588  -58.570  -13.465 0.3000000119
137361  -21.370  -58.501  -13.187 0.5000000000
32538  -22.171  -58.247  -13.214 0.2000000030
32557  -17.726  -58.753  -14.391 0.3000000119
32534  -18.464  -58.926  -14.141 0.4000000060
32536  -19.816  -58.360  -14.033 0.3000000119
33547  -20.382  -57.874  -13.926 0.2000000030
30517  -10.012  -60.405  -11.472 0.1000000015
124263  -10.761  -60.485  -11.522 0.1000000015
30518  -11.579  -60.707  -11.595 0.2000000030
141886  -10.463  -60.881  -11.345 0.2000000030
134331  -11.915  -61.469  -11.410 0.3000000119
30520  -13.871  -61.097  -11.904 0.4000000060
30537  -14.857  -60.556  -12.466 0.4000000060
31505  -16.006  -59.957  -12.911 0.4000000060
31532  -17.194  -59.565  -13.449 0.3000000119
136259  -17.072  -59.037  -13.907 0.4000000060
32558  -18.534  -58.424  -14.833 0.2000000030
129729  -19.095  -57.776  -15.295 0.2000000030
31489  -10.249  -59.711  -11.687 0.1000000015
31490  -11.139  -59.890  -11.870 0.2000000030
140043  -12.306  -60.949  -11.657 0.2000000030
30534  -12.229  -60.185  -12.139 0.2000000030
132335  -12.884  -59.820  -12.562 0.3000000119
31503  -14.335  -59.918  -12.802 0.4000000060
31530  -15.414  -59.378  -13.349 0.3000000119
31531  -16.359  -59.376  -13.510 0.3000000119
32532  -15.638  -58.776  -13.829 0.3000000119
32556  -16.853  -58.490  -14.478 0.3000000119
33560  -17.501  -58.073  -15.053 0.3000000119
33571  -16.817  -57.479  -15.465 0.2000000030
33572  -17.668  -57.456  -15.799 0.2000000030
33561  -18.276  -57.882  -15.457 0.2000000030
34581  -17.894  -56.840  -16.397 0.2000000030
33558  -15.892  -57.384  -15.040 0.2000000030
124853  -16.271  -56.935  -15.639 0.2000000030
131262  -17.994  -56.120  -16.811 0.2000000030
34598  -16.104  -56.274  -16.125 0.2000000030
34599  -16.758  -56.004  -16.729 0.2000000030
139724  -17.397  -56.339  -16.662 0.2000000030
127608  -15.809  -55.352  -16.801 0.1000000015
35687  -16.816  -55.305  -17.195 0.2000000030
35671  -15.141  -55.834  -15.966 0.2000000030
35686  -14.519  -54.973  -16.489 0.1000000015
136537  -14.995  -54.520  -17.002 0.1000000015
173  -17.927  -97.961  -16.788 0.3000000119
15  -16.576  -99.256  -16.506 0.3000000119
21485  -4.002  -69.466  -11.116 0.6999999881
31487  -8.461  -59.880  -11.583 0.1000000015
30515  -8.192  -60.668  -11.538 0.1000000015
151  -12.859  -99.203  -14.114 0.5000000000
40  -16.949  -99.290  -19.224 0.6000000238
135897  -17.685  -99.389  -19.322 0.3000000119
21  -14.679  -99.443  -17.289 0.5000000000
22  -15.478  -99.334  -17.270 0.4000000060
131221  -15.949  -99.206  -18.034 0.4000000060
23  -16.762  -99.143  -17.978 0.3000000119
24  -17.566  -98.345  -18.063 0.3000000119
29  -16.184  -99.210  -18.806 0.6000000238
209  -15.634  -99.145  -20.266 0.6000000238
237  -16.529  -97.831  -21.827 0.8000000119
265  -17.821  -98.670  -23.865 0.8000000119
131214  -16.869  -99.232  -25.555 0.8999999762
220  -12.766  -99.233  -21.306 0.8999999762
443  -20.336  -98.191  -26.354 0.6000000238
281  -15.501  -99.182  -26.677 0.8999999762
292  -19.518  -98.489  -27.155 0.6000000238
297  -18.371  -98.522  -27.981 0.6000000238
289  -16.893  -99.079  -27.528 1.0000000000
475  -18.871  -98.270  -28.640 0.6000000238
484  -17.301  -98.241  -30.378 0.6999999881
1170  -14.056  -95.877  -15.776 1.0000000000
422  -12.476  -98.345  -24.642 1.0000000000
456  -21.323  -98.136  -27.524 0.6999999881
462  -14.508  -98.317  -28.520 1.0000000000
471  -14.693  -98.162  -29.336 1.0000000000
126869  -11.997  -96.630  -18.117 1.0000000000
139733  -10.358  -97.929  -20.583 1.0000000000
4791  -10.743  -89.513  -33.107 0.6999999881
142323  -12.272  -89.743  -31.366 0.8000000119
4771  -12.810  -90.169  -31.204 0.6999999881
4794  -13.728  -89.909  -32.311 0.6000000238
4724  -13.428  -89.604  -29.034 1.0000000000
3971  -14.307  -90.388  -27.534 1.0000000000
126215  -15.765  -97.014  -31.453 0.6000000238
1022  -18.370  -96.420  -32.581 0.5000000000
121462  -13.506  -95.966  -20.015 1.0000000000
133086  -13.088  -87.365  -29.469 1.0000000000
959  -13.728  -96.229  -21.728 1.0000000000
5442  -13.275  -88.427  -29.403 1.0000000000
710  -12.481  -97.756  -25.166 1.0000000000
440  -12.677  -97.797  -25.969 1.0000000000
139392  -13.489  -97.589  -28.400 1.0000000000
1013  -15.304  -96.346  -31.578 0.8000000119
1263  -17.099  -95.553  -32.826 0.6000000238
2708  -15.094  -92.208  -25.967 0.8999999762
1257  -13.653  -95.197  -31.744 0.8000000119
1261  -15.255  -95.178  -32.316 0.5000000000
1269  -17.503  -94.865  -33.341 0.5000000000
1268  -16.526  -94.592  -33.109 0.6000000238
1267  -15.655  -94.473  -32.844 0.5000000000
2597  -16.673  -92.295  -17.480 1.0000000000
1634  -14.350  -94.753  -28.299 1.0000000000
1667  -13.419  -94.312  -32.149 0.6999999881
1668  -13.291  -93.881  -32.250 0.6000000238
1670  -15.564  -93.680  -31.647 0.6000000238
2620  -16.699  -92.962  -19.129 1.0000000000
2099  -16.764  -93.488  -20.862 1.0000000000
4040  -5.381  -90.388  -31.318 0.6000000238
2164  -7.493  -93.681  -25.961 1.0000000000
3208  -17.607  -91.012  -19.292 1.0000000000
3264  -19.452  -90.614  -23.008 1.0000000000
131846  -18.785  -91.762  -21.924 1.0000000000
4582  -17.662  -89.299  -19.270 1.0000000000
4443  -3.563  -89.345  -12.198 0.4000000060
3781  -2.049  -90.246  -15.439 0.8000000119
5281  -1.975  -89.398  -18.152 0.8999999762
3236  -14.854  -91.496  -21.737 1.0000000000
6209  -3.401  -87.743  -32.867 0.2000000030
4574  -3.070  -89.352  -19.030 1.0000000000
2649  -9.542  -92.273  -21.056 1.0000000000
2115  -10.875  -93.088  -20.961 1.0000000000
2123  -13.245  -92.015  -23.425 1.0000000000
127212  -14.256  -91.649  -22.183 1.0000000000
6679  -2.718  -86.823  -16.568 0.6000000238
2695  -3.020  -93.022  -25.207 0.8000000119
5301  -4.823  -88.060  -19.104 1.0000000000
4577  -9.460  -89.578  -19.659 1.0000000000
9032  -2.583  -83.595  -17.320 0.8999999762
5339  -11.501  -88.146  -22.499 1.0000000000
4612  -10.519  -88.994  -22.372 1.0000000000
5947  -8.058  -87.698  -14.759 1.0000000000
4481  -7.813  -89.194  -14.497 1.0000000000
9866  -2.658  -82.848  -17.121 0.8999999762
6076  -8.046  -87.848  -23.081 1.0000000000
6078  -10.147  -87.796  -23.548 1.0000000000
6060  -9.748  -87.514  -22.796 1.0000000000
5287  -12.992  -88.186  -18.942 1.0000000000
6035  -8.318  -87.395  -21.516 1.0000000000
5387  -0.490  -88.968  -25.966 0.5000000000
9023  -8.277  -83.041  -16.433 1.0000000000
11638  -4.192  -80.686  -16.519 0.8999999762
120541  -5.956  -81.919  -16.995 1.0000000000
5274  -13.126  -88.028  -18.064 1.0000000000
6760  -13.007  -87.090  -19.848 1.0000000000
123046  -0.976  -88.208  -24.466 0.8000000119
11627  -6.183  -80.591  -16.186 1.0000000000
6744  -10.606  -86.532  -19.186 1.0000000000
5987  -13.438  -87.320  -17.703 1.0000000000
6780  -1.682  -86.960  -22.137 0.8999999762
136001  -2.205  -86.352  -21.649 1.0000000000
11628  -7.424  -80.507  -15.554 1.0000000000
7490  -1.724  -86.120  -22.538 0.8999999762
7424  -15.320  -85.210  -16.458 1.0000000000
8238  -2.309  -84.714  -21.486 1.0000000000
8215  -8.120  -84.003  -19.017 1.0000000000
125856  -1.934  -84.166  -26.400 0.3000000119
8176  -15.048  -84.379  -16.672 1.0000000000
9088  -2.436  -83.418  -21.249 1.0000000000
125279  -2.826  -83.793  -20.724 1.0000000000
9896  -3.587  -82.518  -20.407 0.8999999762
10744  -15.386  -81.900  -15.338 1.0000000000
136685  -4.936  -81.293  -19.673 0.8999999762
10780  -7.261  -81.958  -19.090 1.0000000000
9877  -8.606  -82.554  -18.490 1.0000000000
11734  -4.299  -80.778  -24.461 0.4000000060
138595  -3.345  -75.650  -9.482 0.6000000238
10793  -3.557  -81.313  -20.745 0.8999999762
16668  -4.528  -74.893  -12.004 0.8999999762
10675  -16.570  -81.206  -11.848 1.0000000000
10661  -16.419  -80.962  -11.028 1.0000000000
11609  -15.997  -80.611  -13.565 1.0000000000
11672  -3.942  -80.361  -19.881 0.8000000119
10779  -5.906  -81.216  -19.377 0.8999999762
11659  -6.456  -80.643  -18.773 0.8999999762
10768  -7.625  -81.509  -18.665 1.0000000000
11651  -8.097  -80.516  -17.883 0.8999999762
12546  -3.988  -79.616  -19.370 0.8999999762
125022  -4.569  -79.324  -18.587 0.8999999762
12532  -6.183  -79.373  -18.047 1.0000000000
12534  -8.181  -79.638  -17.358 1.0000000000
143557  -8.958  -79.926  -17.067 1.0000000000
13581  -4.252  -78.574  -22.665 0.4000000060
14292  -11.110  -78.095  -7.929 1.0000000000
13385  -11.830  -78.572  -7.766 1.0000000000
11592  -16.385  -80.273  -12.881 1.0000000000
12490  -15.621  -79.945  -13.225 1.0000000000
14444  -3.856  -77.881  -20.863 0.6999999881
11558  -16.626  -80.082  -10.692 1.0000000000
11543  -15.488  -80.482  -9.651 1.0000000000
13485  -9.446  -78.436  -15.611 1.0000000000
12513  -11.262  -79.804  -15.455 1.0000000000
12426  -14.078  -79.694  -8.486 1.0000000000
12433  -14.838  -80.114  -9.130 1.0000000000
13394  -12.659  -78.849  -7.810 1.0000000000
12456  -16.481  -79.223  -11.984 1.0000000000
15246  -3.837  -77.020  -17.235 0.8000000119
15236  -7.030  -76.980  -15.839 0.8999999762
12475  -14.150  -79.148  -12.955 1.0000000000
12457  -16.748  -79.662  -11.390 1.0000000000
13422  -16.667  -78.403  -10.831 1.0000000000
15847  -9.865  -74.667  -7.425 1.0000000000
15848  -10.241  -75.413  -7.116 1.0000000000
11544  -16.176  -80.090  -9.989 1.0000000000
13387  -13.155  -78.289  -7.487 1.0000000000
14275  -11.693  -77.773  -7.178 1.0000000000
14351  -10.601  -77.358  -13.736 1.0000000000
133536  -15.478  -78.466  -8.756 1.0000000000
13408  -15.991  -78.933  -9.449 1.0000000000
15119  -12.192  -76.897  -6.644 1.0000000000
14353  -12.070  -78.025  -12.998 1.0000000000
13458  -14.660  -78.712  -12.434 1.0000000000
13388  -14.046  -78.132  -7.822 1.0000000000
15120  -13.260  -76.966  -6.983 1.0000000000
15836  -13.452  -75.578  -6.387 1.0000000000
13438  -15.191  -78.361  -11.929 1.0000000000
14278  -14.429  -77.412  -7.648 1.0000000000
15121  -14.682  -76.697  -7.398 1.0000000000
16601  -14.898  -75.176  -6.707 1.0000000000
132454  -14.207  -75.027  -6.410 1.0000000000
14330  -13.849  -77.480  -11.439 1.0000000000
14332  -15.820  -78.029  -11.510 1.0000000000
13397  -16.294  -78.132  -9.336 1.0000000000
14306  -16.882  -77.668  -9.871 1.0000000000
15122  -15.508  -76.384  -7.648 1.0000000000
14329  -12.874  -77.063  -11.450 1.0000000000
15141  -16.948  -76.746  -8.804 1.0000000000
15849  -15.637  -75.497  -7.263 1.0000000000
15850  -16.413  -75.311  -7.567 1.0000000000
16609  -15.957  -74.664  -7.078 1.0000000000
14307  -17.307  -77.093  -10.197 1.0000000000
15851  -17.097  -75.568  -8.083 1.0000000000
124352  -16.943  -74.729  -7.505 1.0000000000
130856  -17.036  -73.999  -7.257 1.0000000000
19423  -17.570  -71.795  -7.264 0.8999999762
140429  -16.768  -76.652  -10.640 1.0000000000
15143  -18.205  -76.151  -9.622 1.0000000000
19425  -19.193  -71.399  -7.590 0.8999999762
15867  -18.643  -75.766  -9.864 1.0000000000
16616  -19.065  -75.028  -8.931 1.0000000000
133573  -19.119  -74.391  -8.512 1.0000000000
15882  -19.439  -74.944  -10.134 1.0000000000
18424  -8.963  -72.401  -7.967 0.8999999762
15833  -10.699  -75.324  -6.578 1.0000000000
15219  -6.691  -76.381  -15.570 0.8999999762
132945  -11.713  -74.219  -6.145 1.0000000000
15938  -3.994  -75.730  -16.310 0.8999999762
15929  -7.095  -75.913  -15.016 0.8999999762
128213  -12.615  -74.279  -6.171 1.0000000000
15903  -9.343  -75.792  -13.348 1.0000000000
16600  -14.248  -74.288  -6.330 1.0000000000
17416  -12.966  -73.585  -6.216 1.0000000000
18391  -13.596  -72.602  -6.450 1.0000000000
18392  -14.443  -72.662  -6.522 1.0000000000
15899  -10.896  -75.966  -11.990 1.0000000000
15170  -11.523  -76.254  -11.724 1.0000000000
15171  -12.201  -76.197  -11.144 1.0000000000
18407  -15.172  -72.180  -6.790 1.0000000000
19421  -15.336  -71.320  -7.120 1.0000000000
20437  -14.649  -70.716  -7.286 1.0000000000
139122  -12.710  -75.735  -10.563 1.0000000000
20440  -17.376  -70.826  -7.309 1.0000000000
21421  -18.744  -69.581  -8.024 1.0000000000
15878  -15.610  -75.528  -10.359 1.0000000000
120530  -16.254  -74.934  -10.298 1.0000000000
17451  -21.363  -73.555  -9.995 1.0000000000
19438  -8.350  -71.241  -8.037 1.0000000000
17427  -10.450  -73.339  -6.412 1.0000000000
15926  -4.407  -75.157  -15.853 0.8999999762
19404  -9.293  -71.321  -6.781 1.0000000000
18387  -10.048  -71.756  -6.359 1.0000000000
18388  -10.694  -72.489  -6.260 1.0000000000
17415  -12.005  -73.372  -6.161 1.0000000000
19405  -11.057  -71.713  -6.273 1.0000000000
15925  -3.881  -74.910  -16.144 0.8999999762
15912  -5.898  -74.881  -14.974 0.8999999762
15914  -7.501  -75.457  -14.433 0.8999999762
20421  -12.375  -71.018  -6.903 1.0000000000
136190  -12.314  -72.522  -6.280 1.0000000000
19407  -13.012  -71.442  -6.885 1.0000000000
16696  -4.937  -74.484  -15.419 0.8999999762
126278  -12.161  -70.256  -7.173 1.0000000000
20436  -13.807  -70.211  -7.504 1.0000000000
128456  -14.021  -69.627  -7.923 1.0000000000
21418  -15.517  -69.713  -7.767 1.0000000000
15891  -11.397  -75.528  -11.345 1.0000000000
21440  -15.169  -69.104  -9.162 0.8999999762
120905  -15.812  -69.329  -8.358 1.0000000000
16643  -14.738  -74.719  -9.897 1.0000000000
17495  -20.150  -73.427  -11.163 1.0000000000
17452  -21.855  -73.024  -10.311 1.0000000000
18444  -23.025  -72.100  -10.031 1.0000000000
17497  -21.271  -73.325  -11.094 1.0000000000
19456  -23.631  -71.582  -9.804 1.0000000000
21475  -6.485  -69.650  -10.762 0.8999999762
21458  -7.383  -70.060  -9.333 0.8999999762
23445  -6.703  -67.455  -9.654 0.8999999762
20454  -7.741  -69.990  -8.472 1.0000000000
19419  -8.698  -70.863  -7.261 1.0000000000
21412  -8.781  -69.352  -7.212 1.0000000000
125107  -10.446  -69.412  -7.129 1.0000000000
16734  -3.696  -74.770  -17.993 0.6000000238
17544  -4.939  -73.723  -15.160 0.8999999762
22432  -11.121  -68.887  -7.787 1.0000000000
16683  -7.245  -74.701  -14.123 0.8999999762
22433  -12.001  -68.962  -8.011 1.0000000000
21416  -13.322  -69.590  -7.827 1.0000000000
22444  -12.412  -68.440  -8.546 1.0000000000
22464  -14.864  -68.686  -9.829 0.6999999881
21459  -16.113  -69.199  -9.484 0.8000000119
21460  -17.043  -69.277  -9.668 0.8999999762
21461  -17.999  -69.328  -9.842 1.0000000000
18441  -15.244  -72.596  -9.924 1.0000000000
19498  -23.278  -71.370  -11.340 1.0000000000
143186  -4.362  -69.870  -11.285 0.8000000119
23446  -7.298  -67.076  -9.248 0.8000000119
23433  -8.547  -67.668  -8.393 1.0000000000
23434  -9.566  -67.655  -8.472 1.0000000000
23435  -10.664  -67.798  -8.607 1.0000000000
131291  -6.243  -73.694  -14.446 0.8999999762
23436  -12.019  -67.774  -9.123 0.8999999762
23451  -12.810  -67.457  -9.661 0.8000000119
24451  -13.979  -66.466  -10.390 0.6999999881
17470  -12.327  -73.715  -9.876 1.0000000000
23468  -14.781  -67.522  -10.357 0.6999999881
23469  -15.442  -67.469  -10.369 0.6999999881
22487  -17.756  -68.720  -10.394 0.6999999881
22468  -18.329  -69.160  -10.239 0.8000000119
23457  -18.923  -67.742  -9.997 0.6000000238
22471  -22.160  -68.292  -9.702 0.6999999881
142568  -21.701  -68.266  -10.215 0.6999999881
20526  -18.300  -70.521  -11.578 1.0000000000
21447  -24.909  -69.604  -8.767 0.8999999762
21477  -24.930  -70.041  -10.911 1.0000000000
24468  -4.558  -66.317  -10.992 0.6999999881
25537  -6.469  -65.256  -10.212 0.6999999881
24446  -8.582  -65.954  -9.690 0.8000000119
17527  -6.439  -73.014  -14.195 0.6999999881
17516  -7.698  -73.503  -13.344 0.6999999881
17517  -8.258  -73.939  -13.000 0.8999999762
24449  -11.532  -66.288  -9.961 0.8000000119
128761  -12.216  -65.591  -10.263 0.6999999881
131272  -13.131  -65.071  -10.352 0.6000000238
25555  -15.093  -65.743  -10.280 0.6999999881
25543  -15.504  -65.220  -9.977 0.6999999881
24473  -16.277  -67.545  -10.297 0.6999999881
120633  -11.673  -72.913  -10.057 1.0000000000
24454  -16.666  -66.683  -9.949 0.6999999881
24457  -19.157  -67.024  -9.292 0.6000000238
127637  -15.963  -70.504  -11.538 1.0000000000
134755  -17.777  -69.957  -12.016 1.0000000000
21521  -18.178  -69.411  -12.435 1.0000000000
21524  -21.249  -69.323  -12.178 1.0000000000
20511  -24.354  -70.348  -11.278 1.0000000000
21478  -25.401  -69.658  -10.534 0.8999999762
22510  -25.660  -69.042  -10.928 0.8999999762
137268  -23.838  -68.446  -8.210 0.8000000119
134789  -9.415  -63.784  -9.574 0.6000000238
19524  -4.649  -71.706  -15.200 0.3000000119
131403  -10.063  -65.230  -10.020 0.6999999881
128825  -13.131  -64.146  -9.844 0.6000000238
26570  -14.035  -63.914  -9.475 0.6000000238
26552  -15.440  -64.155  -8.695 0.5000000000
26553  -15.749  -65.000  -8.248 0.6000000238
25526  -16.099  -65.648  -8.648 0.6999999881
19468  -11.536  -71.865  -10.344 1.0000000000
24432  -18.516  -66.789  -8.585 0.5000000000
24459  -22.227  -66.992  -10.140 0.5000000000
122381  -15.947  -68.914  -12.737 1.0000000000
22534  -19.618  -68.722  -12.508 1.0000000000
22507  -23.333  -69.020  -12.091 1.0000000000
22508  -24.149  -68.414  -11.986 1.0000000000
22490  -26.211  -68.467  -10.430 0.8999999762
22451  -26.123  -68.168  -8.912 0.8999999762
22550  -18.077  -68.185  -13.092 1.0000000000
130795  -19.982  -68.145  -12.621 1.0000000000
23484  -25.005  -67.764  -11.851 1.0000000000
125684  -25.842  -67.525  -11.500 1.0000000000
130355  -26.734  -67.692  -10.071 0.8999999762
132862  -25.156  -67.060  -8.224 0.6999999881
24462  -24.252  -66.065  -9.161 0.6999999881
23516  -22.615  -67.353  -12.263 1.0000000000
24463  -26.953  -67.001  -9.615 0.8999999762
27545  -11.724  -63.596  -9.345 0.4000000060
18494  -8.721  -71.975  -12.418 0.8000000119
19487  -9.474  -72.021  -11.770 0.8999999762
121153  -13.254  -63.836  -9.227 0.4000000060
139524  -16.644  -66.136  -8.120 0.5000000000
142432  -23.036  -66.735  -12.220 1.0000000000
24490  -23.585  -66.546  -12.081 1.0000000000
25582  -26.613  -66.132  -11.252 1.0000000000
24493  -26.236  -66.900  -11.378 1.0000000000
24464  -27.419  -66.266  -9.800 0.8999999762
24440  -27.483  -65.849  -9.023 0.8000000119
27520  -10.846  -63.521  -8.189 0.4000000060
20522  -8.610  -70.539  -12.125 0.8000000119
22528  -13.301  -68.721  -12.189 1.0000000000
123769  -22.953  -65.979  -12.247 1.0000000000
122310  -24.269  -65.125  -11.846 1.0000000000
25557  -27.700  -65.368  -10.318 0.8999999762
128984  -14.053  -67.120  -12.606 0.8999999762
128694  -18.466  -64.954  -12.258 0.8999999762
25600  -19.339  -65.370  -12.360 1.0000000000
128217  -20.680  -64.910  -12.313 1.0000000000
142283  -24.251  -64.472  -11.836 1.0000000000
26610  -24.895  -64.545  -11.750 1.0000000000
124914  -21.084  -64.179  -12.421 1.0000000000
26629  -22.823  -64.304  -12.355 1.0000000000
26609  -24.280  -63.831  -11.852 1.0000000000
132617  -26.198  -63.888  -11.717 0.8999999762
134163  -16.625  -64.845  -12.397 0.8000000119
27599  -20.633  -63.407  -12.360 0.8999999762
27585  -23.851  -62.935  -12.015 0.8999999762
28547  -25.424  -62.348  -11.820 0.8999999762
121620  -22.037  -62.683  -12.513 1.0000000000
132071  -23.504  -62.109  -12.161 0.8000000119
29568  -24.116  -61.551  -12.063 0.8000000119
24488  -11.060  -66.418  -11.482 0.6999999881
26605  -14.654  -64.186  -11.906 0.8000000119
131562  -16.163  -63.750  -11.811 0.8000000119
27583  -17.617  -63.376  -11.815 0.8000000119
28556  -19.107  -62.187  -12.184 0.8000000119
29566  -21.788  -61.170  -12.539 0.8000000119
30545  -23.201  -60.449  -12.474 0.6999999881
23479  -9.004  -67.428  -11.641 0.6999999881
27582  -16.663  -63.227  -11.741 0.6999999881
136175  -19.374  -60.690  -12.647 0.6000000238
31537  -21.828  -59.038  -12.879 0.6000000238
134260  -10.743  -65.684  -11.441 0.6999999881
25554  -10.001  -65.222  -11.405 0.4000000060
25575  -9.039  -65.171  -11.429 0.5000000000
26582  -11.068  -64.115  -11.467 0.3000000119
28515  -11.898  -62.994  -11.282 0.6000000238
29546  -15.950  -61.810  -11.818 0.5000000000
29562  -18.024  -61.256  -12.324 0.5000000000
31508  -19.152  -60.010  -12.960 0.5000000000
124371  -8.269  -65.120  -11.591 0.2000000030
26599  -7.626  -64.471  -11.644 0.1000000015
27575  -7.180  -63.574  -11.594 0.1000000015
139606  -8.924  -63.881  -11.364 0.2000000030
27555  -9.640  -63.527  -11.342 0.1000000015
28535  -7.757  -62.881  -11.479 0.1000000015
135790  -9.318  -62.683  -11.330 0.2000000030
28513  -8.528  -62.444  -11.433 0.1000000015
28537  -10.547  -62.052  -11.173 0.2000000030
124770  -10.136  -62.761  -11.281 0.2000000030
28539  -12.378  -62.172  -11.340 0.4000000060
28540  -13.249  -62.106  -11.482 0.4000000060
29539  -9.098  -61.389  -11.410 0.1000000015
28536  -9.712  -62.044  -11.283 0.2000000030
29522  -8.389  -61.663  -11.489 0.1000000015
29542  -12.719  -61.515  -11.551 0.4000000060
29541  -10.975  -61.287  -11.240 0.2000000030
29558  -14.579  -60.978  -12.046 0.5000000000
29545  -15.306  -61.844  -11.759 0.5000000000
29543  -13.379  -61.501  -11.671 0.4000000060
29560  -16.240  -61.249  -12.116 0.5000000000
30538  -15.686  -60.620  -12.514 0.5000000000
30540  -17.476  -60.587  -12.617 0.5000000000
137585  -18.463  -59.818  -13.135 0.5000000000
33548  -21.233  -57.781  -13.594 0.3000000119
32559  -19.310  -58.272  -14.660 0.3000000119
30519  -12.978  -60.937  -11.816 0.3000000119
30535  -13.271  -60.421  -12.258 0.3000000119
30536  -14.080  -60.498  -12.387 0.4000000060
31504  -15.143  -59.952  -12.873 0.4000000060
32533  -16.363  -58.760  -14.010 0.3000000119
32555  -15.903  -58.174  -14.425 0.3000000119
33559  -16.593  -57.922  -14.881 0.2000000030
129270  -16.995  -56.798  -16.154 0.2000000030
36781  -13.721  -54.000  -16.825 0.1000000015
130081  -14.747  -53.904  -17.223 0.1000000015
29521  -7.572  -61.272  -11.581 0.1000000015
124032  -7.781  -62.057  -11.532 0.1000000015
255  -20.853  -96.621  -22.851 0.3000000119
123254  -19.660  -97.210  -21.923 0.4000000060
254  -19.876  -96.228  -22.579 0.5000000000
253  -18.720  -95.994  -22.643 0.5000000000
269  -19.835  -95.603  -23.574 0.4000000060
136554  -20.803  -95.230  -23.341 0.4000000060
122769  -19.035  -96.019  -23.475 0.5000000000
102  -10.026  -99.004  -9.930 0.6999999881
113  -10.487  -99.239  -10.891 0.8000000119
584  -10.053  -97.899  -10.840 0.8000000119
354  -9.963  -98.593  -10.341 0.8000000119
112  -9.647  -99.032  -11.060 0.6999999881
124  -9.411  -99.067  -12.027 0.6999999881
136302  -10.471  -99.350  -12.344 0.6999999881
125  -9.916  -99.274  -12.703 0.6999999881
58  -18.828  -99.303  -21.068 0.3000000119
424  -20.930  -94.708  -24.350 0.4000000060
251  -17.313  -97.310  -22.887 0.6000000238
252  -17.878  -96.491  -22.762 0.6000000238
423  -20.144  -95.343  -24.529 0.5000000000
266  -17.917  -96.976  -23.526 0.6000000238
92  -10.621  -98.787  -8.988 0.6999999881
93  -10.625  -99.053  -9.402 0.6999999881
103  -10.607  -99.140  -10.075 0.6000000238
278  -19.260  -96.843  -24.761 0.6999999881
268  -19.361  -95.905  -24.259 0.5000000000
434  -20.736  -95.114  -25.114 0.6000000238
279  -19.765  -96.158  -24.902 0.6000000238
444  -20.397  -96.152  -25.482 0.6000000238
127359  -10.835  -98.292  -8.363 0.6999999881
565  -11.177  -97.441  -8.429 0.6999999881
352  -10.620  -98.477  -9.228 0.6999999881
132134  -19.242  -98.383  -25.446 0.6999999881
285  -19.964  -97.714  -25.402 0.6000000238
566  -11.289  -96.634  -8.769 0.6999999881
575  -11.304  -96.133  -9.549 0.6999999881
559  -10.723  -96.396  -8.582 0.6999999881
856  -9.638  -96.707  -8.353 0.6000000238
862  -10.164  -96.040  -8.934 0.8999999762
861  -9.025  -96.288  -9.691 0.8999999762
132818  -9.177  -96.503  -9.026 0.8000000119
123984  -6.629  -94.698  -9.502 0.6999999881
1119  -7.359  -95.569  -9.451 0.8999999762
860  -8.056  -96.325  -9.840 0.8999999762
1137  -9.122  -95.651  -10.845 0.8999999762
1450  -6.541  -94.575  -10.455 0.8999999762
1126  -7.698  -95.905  -10.549 0.8999999762
124822  -7.236  -95.273  -11.074 0.8999999762
1444  -5.822  -94.173  -9.678 0.6999999881
3345  -16.047  -91.595  -29.162 0.6000000238
3324  -15.948  -91.908  -27.985 0.6999999881
3325  -16.962  -91.848  -28.635 0.5000000000
3305  -16.881  -92.236  -27.895 0.6999999881
2724  -17.042  -92.734  -27.676 0.6000000238
1637  -17.204  -93.799  -28.756 0.8000000119
15261  -3.561  -76.805  -18.402 0.6000000238
15979  -3.653  -75.959  -19.011 0.4000000060
15969  -3.644  -75.508  -18.316 0.6000000238
16743  -3.837  -74.996  -18.960 0.4000000060
15980  -3.953  -75.247  -19.871 0.4000000060
16735  -3.982  -74.173  -18.837 0.3000000119
27521  -11.780  -63.684  -8.306 0.2000000030
26532  -12.339  -64.207  -7.560 0.1000000015
26509  -12.791  -64.436  -6.762 0.1000000015
133471  -13.613  -64.266  -6.874 0.1000000015
26533  -13.247  -64.171  -7.750 0.1000000015
26510  -14.455  -64.088  -6.940 0.1000000015
27501  -14.767  -63.764  -6.070 0.1000000015
26511  -15.305  -64.149  -7.001 0.2000000030
26535  -15.630  -64.474  -7.748 0.3000000119
26531  -11.375  -64.091  -7.440 0.2000000030
27502  -15.647  -63.700  -6.244 0.1000000015
26536  -16.016  -64.960  -7.490 0.3000000119
25514  -16.235  -65.565  -7.730 0.4000000060
25515  -17.015  -65.891  -7.372 0.4000000060
25516  -17.948  -66.054  -7.152 0.3000000119
24426  -18.618  -66.624  -7.597 0.4000000060
24427  -19.567  -66.464  -7.402 0.3000000119
24433  -19.340  -66.744  -8.316 0.4000000060
24420  -20.410  -66.166  -7.349 0.3000000119
124106  -20.110  -66.475  -8.124 0.4000000060
26491  -17.333  -63.809  -6.095 0.1000000015
26513  -17.690  -64.611  -6.505 0.1000000015
139852  -19.437  -64.961  -5.876 0.1000000015
25495  -17.535  -65.356  -6.901 0.4000000060
25497  -19.232  -65.523  -6.311 0.2000000030
25496  -18.306  -65.441  -6.612 0.3000000119
25477  -20.256  -65.360  -6.001 0.2000000030
24419  -19.872  -65.984  -6.693 0.2000000030
25498  -20.758  -65.700  -6.640 0.2000000030
140377  -20.657  -66.183  -8.063 0.3000000119
25527  -21.075  -66.010  -8.700 0.4000000060
144059  -21.978  -66.377  -9.779 0.4000000060
26495  -21.598  -64.555  -5.873 0.1000000015
25478  -21.083  -65.250  -6.018 0.2000000030
25499  -21.396  -65.233  -6.616 0.2000000030
25517  -21.154  -65.726  -7.591 0.2000000030
140016  -21.826  -65.912  -9.238 0.3000000119
131932  -22.640  -66.212  -9.845 0.4000000060
27503  -21.823  -64.549  -6.858 0.2000000030
26538  -21.642  -65.160  -7.362 0.2000000030
26554  -21.743  -65.205  -8.132 0.3000000119
26573  -21.972  -65.085  -8.808 0.3000000119
25547  -23.280  -65.690  -9.689 0.4000000060
138359  -23.774  -65.889  -9.568 0.5000000000
27522  -21.887  -64.448  -7.894 0.2000000030
134067  -21.649  -63.266  -8.763 0.2000000030
126029  -22.113  -64.179  -8.689 0.2000000030
26574  -22.490  -64.576  -9.144 0.2000000030
28498  -20.958  -62.726  -8.993 0.1000000015
27546  -22.275  -63.772  -9.010 0.2000000030
27547  -23.127  -64.115  -9.343 0.2000000030
27548  -23.896  -63.599  -9.223 0.1000000015
26576  -24.149  -64.534  -9.338 0.4000000060
26555  -25.015  -64.603  -8.902 0.3000000119
27536  -24.808  -63.878  -8.977 0.4000000060
129384  -25.381  -65.032  -8.318 0.5000000000
26556  -25.467  -64.279  -8.190 0.4000000060
26539  -26.278  -64.280  -7.839 0.4000000060
25520  -27.434  -64.612  -8.250 0.6000000238
25549  -27.857  -65.094  -9.369 0.6999999881
26577  -28.260  -64.267  -9.252 0.6999999881
27588  -27.442  -63.759  -11.331 0.8000000119
28549  -27.475  -62.976  -11.419 0.8000000119
28505  -21.901  -63.023  -9.105 0.2000000030
125759  -22.888  -63.333  -9.194 0.2000000030
28506  -22.651  -62.582  -9.179 0.1000000015
125986  -24.507  -63.073  -8.787 0.1000000015
27537  -25.249  -63.391  -8.191 0.3000000119
27524  -26.583  -63.502  -7.680 0.4000000060
22546  -6.134  -68.695  -13.404 0.2000000030
124877  -6.218  -68.099  -13.080 0.1000000015
23524  -6.062  -67.223  -13.189 0.1000000015
26557  -27.973  -63.971  -8.374 0.5000000000
27549  -28.479  -63.671  -9.909 0.5000000000
26558  -28.573  -63.523  -9.043 0.5000000000
27558  -27.987  -63.544  -10.732 0.6999999881
27559  -28.466  -63.056  -10.320 0.6999999881
28500  -25.058  -62.530  -7.997 0.2000000030
28493  -27.771  -62.422  -7.893 0.4000000060
28501  -28.454  -62.361  -8.567 0.4000000060
28517  -28.625  -62.484  -10.131 0.6999999881
142196  -24.839  -61.777  -11.903 0.8000000119
142013  -26.050  -62.006  -11.854 0.8000000119
122010  -27.322  -61.223  -11.665 0.6000000238
29569  -24.844  -61.119  -12.041 0.6000000238
30459  -26.567  -61.051  -7.769 0.3000000119
29483  -27.104  -61.756  -7.698 0.2000000030
30480  -27.761  -60.724  -8.540 0.4000000060
29484  -27.973  -61.578  -8.273 0.3000000119
31477  -27.888  -59.587  -9.707 0.3000000119
31472  -27.495  -59.946  -8.841 0.3000000119
29501  -28.595  -61.787  -9.053 0.4000000060
30523  -27.588  -60.512  -11.622 0.5000000000
29551  -27.976  -61.342  -11.192 0.5000000000
29510  -28.542  -61.283  -9.696 0.4000000060
132425  -23.906  -60.125  -12.506 0.6000000238
30547  -24.875  -60.234  -12.439 0.6000000238
30521  -25.808  -60.845  -12.141 0.4000000060
30522  -26.796  -60.639  -11.988 0.5000000000
30546  -24.018  -60.791  -12.274 0.6000000238
31491  -27.184  -59.787  -12.098 0.3000000119
31511  -23.300  -59.645  -12.680 0.6000000238
32516  -22.694  -59.008  -12.868 0.5000000000
57  -17.943  -97.714  -20.724 0.5000000000
10689  -4.640  -81.446  -13.210 0.6000000238
122813  -17.301  -96.796  -22.123 0.6000000238
267  -18.645  -96.572  -24.015 0.6000000238
1120  -10.783  -95.680  -9.364 0.8000000119
1127  -10.059  -95.419  -9.831 0.8999999762
4807  -12.837  -89.388  -33.107 0.5000000000
4009  -15.621  -91.329  -30.104 0.6999999881
122497  -8.323  -96.125  -10.703 0.8999999762
124198  -15.010  -64.065  -7.902 0.3000000119
25528  -24.800  -65.397  -8.838 0.5000000000
128747  -27.852  -64.646  -8.742 0.6000000238
25519  -26.833  -64.880  -8.079 0.5000000000
29549  -26.546  -61.557  -11.862 0.6000000238
23525  -6.821  -67.933  -12.572 0.2000000030
26550  -13.733  -63.855  -8.692 0.2000000030
26537  -16.806  -64.971  -7.042 0.4000000060
270  -21.574  -97.882  -24.126 0.3000000119
239  -18.951  -97.873  -21.271 0.5000000000
126219  -10.020  -99.287  -11.812 0.6999999881
855  -8.498  -96.917  -8.035 0.6000000238
26534  -14.151  -64.022  -7.854 0.1000000015
26512  -16.167  -64.315  -6.949 0.3000000119
124796  -16.958  -64.212  -6.635 0.1000000015
24418  -18.902  -66.173  -6.841 0.3000000119
126997  -21.461  -65.634  -8.507 0.3000000119
25546  -22.534  -65.385  -9.403 0.4000000060
26575  -23.235  -64.928  -9.534 0.4000000060
25548  -23.941  -65.410  -9.493 0.4000000060
27535  -22.008  -64.229  -8.484 0.2000000030
119949  -21.577  -63.259  -8.525 0.2000000030
28504  -21.039  -62.677  -9.133 0.2000000030
28499  -23.607  -62.804  -9.059 0.1000000015
27523  -25.838  -63.684  -7.836 0.4000000060
26540  -27.135  -64.146  -7.842 0.4000000060
27538  -28.257  -63.086  -8.343 0.4000000060
28516  -28.138  -62.479  -10.873 0.6999999881
125067  -21.744  -62.349  -9.284 0.1000000015
136934  -22.547  -61.972  -9.228 0.1000000015
137885  -23.333  -62.069  -8.975 0.1000000015
28491  -25.912  -62.935  -7.717 0.3000000119
27525  -27.486  -63.290  -7.773 0.3000000119
28507  -28.716  -62.441  -9.339 0.5000000000
28492  -26.870  -62.609  -7.603 0.3000000119
29524  -28.475  -61.762  -10.428 0.5000000000
29550  -27.424  -62.031  -11.549 0.6000000238
140686  -28.691  -61.967  -9.759 0.4000000060
29548  -25.585  -61.605  -11.928 0.6999999881
29500  -27.311  -61.068  -7.971 0.4000000060
30481  -28.323  -61.123  -8.944 0.4000000060
30479  -26.929  -60.372  -8.124 0.4000000060
31481  -28.116  -59.398  -10.560 0.3000000119
30498  -28.231  -60.443  -9.456 0.4000000060
31478  -28.301  -60.006  -10.248 0.4000000060
31482  -28.270  -60.023  -10.853 0.4000000060
131394  -27.953  -59.531  -11.476 0.2000000030
30510  -28.377  -60.777  -10.509 0.5000000000
31512  -24.217  -59.501  -12.709 0.6000000238
30548  -26.136  -59.862  -12.435 0.4000000060
31514  -26.786  -59.165  -12.415 0.4000000060
32517  -23.582  -58.921  -12.922 0.5000000000
114  -11.575  -99.320  -11.105 0.5000000000
121963  -12.129  -99.344  -11.922 0.5000000000
84  -10.756  -99.016  -8.494 0.3000000119
126  -12.680  -99.218  -12.683 0.4000000060
121021  -13.541  -99.011  -12.648 0.4000000060
137365  -7.815  -96.289  -9.075 0.6000000238
1103  -6.876  -94.460  -6.337 0.4000000060
1108  -6.814  -94.823  -7.330 0.4000000060
1115  -7.444  -95.658  -8.167 0.3000000119
1896  -6.419  -93.455  -6.349 0.3000000119
2452  -5.883  -92.812  -6.893 0.3000000119
1895  -5.789  -93.260  -6.869 0.2000000030
1431  -5.784  -93.730  -7.058 0.4000000060
128317  -6.146  -94.274  -7.648 0.4000000060
1114  -6.742  -94.855  -8.474 0.5000000000
2465  -4.427  -92.171  -8.066 0.1000000015
1894  -5.219  -92.345  -7.946 0.1000000015
1915  -5.383  -93.753  -7.892 0.2000000030
4026  -15.413  -90.846  -30.957 0.5000000000
1908  -5.012  -93.123  -7.592 0.1000000015
1926  -5.155  -93.800  -8.874 0.3000000119
1438  -5.980  -94.250  -8.665 0.6000000238
5477  -15.494  -89.201  -32.132 0.5000000000
141198  -16.125  -90.986  -30.529 0.4000000060
3346  -16.920  -91.472  -29.396 0.4000000060
4010  -16.462  -91.279  -29.968 0.4000000060
3024  -2.433  -91.677  -8.327 0.2000000030
128635  -3.609  -92.532  -8.212 0.1000000015
5492  -14.628  -88.486  -33.050 0.2000000030
5493  -15.206  -88.653  -32.635 0.4000000060
5478  -16.218  -88.626  -31.708 0.4000000060
5494  -15.814  -88.139  -32.333 0.3000000119
4774  -15.907  -89.752  -31.512 0.5000000000
5460  -16.643  -89.071  -31.078 0.4000000060
4750  -16.383  -90.181  -30.914 0.4000000060
6216  -13.695  -87.573  -33.768 0.2000000030
6203  -15.346  -87.751  -32.947 0.2000000030
6922  -14.156  -86.511  -33.902 0.2000000030
6218  -15.479  -86.819  -33.274 0.2000000030
6921  -13.161  -86.855  -34.071 0.2000000030
137008  -4.016  -77.968  -22.317 0.3000000119
126500  -4.067  -77.787  -23.088 0.3000000119
13565  -3.995  -77.252  -22.553 0.3000000119
23431  -3.564  -67.300  -9.268 0.3000000119
5506  -13.258  -88.547  -33.487 0.2000000030
1914  -4.638  -93.293  -8.263 0.2000000030
133286  -17.673  -91.909  -28.253 0.4000000060
2451  -4.266  -91.458  -8.015 0.1000000015
83  -10.782  -98.556  -8.106 0.2000000030
347  -9.914  -98.230  -5.874 0.2000000030
435  -21.330  -94.945  -25.148 0.4000000060
1648  -16.646  -93.858  -29.669 0.5000000000
538  -8.632  -97.337  -5.170 0.2000000030
349  -9.758  -97.925  -7.025 0.3000000119
445  -21.201  -95.767  -25.828 0.5000000000
2188  -17.753  -93.733  -28.055 0.4000000060
831  -8.614  -96.506  -4.917 0.1000000015
1104  -7.812  -95.675  -5.807 0.1000000015
544  -8.752  -97.733  -5.755 0.2000000030
850  -8.383  -97.033  -7.023 0.3000000119
557  -9.407  -97.356  -7.552 0.5000000000
446  -21.775  -95.023  -25.754 0.3000000119
3306  -17.910  -92.339  -27.840 0.3000000119
124659  -17.984  -93.412  -27.698 0.4000000060
1638  -18.489  -94.332  -28.561 0.4000000060
849  -7.868  -96.390  -7.491 0.2000000030
854  -7.944  -96.520  -8.448 0.3000000119
459  -23.499  -95.776  -26.611 0.3000000119
721  -24.038  -95.205  -26.461 0.3000000119
458  -23.013  -96.527  -26.684 0.3000000119
741  -20.941  -97.324  -30.478 0.5000000000
4011  -17.278  -90.926  -29.750 0.3000000119
4012  -18.001  -90.448  -29.268 0.3000000119
3992  -17.742  -91.373  -29.005 0.3000000119
3326  -18.377  -91.675  -28.219 0.3000000119
133850  -18.178  -92.896  -27.578 0.3000000119
2725  -18.884  -93.429  -27.594 0.3000000119
2182  -18.706  -94.067  -27.857 0.4000000060
141038  -7.407  -94.941  -5.941 0.1000000015
1109  -7.454  -95.444  -6.723 0.1000000015
469  -24.711  -97.071  -27.025 0.3000000119
479  -22.467  -97.465  -29.383 0.5000000000
3327  -19.195  -91.491  -27.869 0.3000000119
132380  -23.163  -97.468  -27.559 0.3000000119
4751  -17.080  -89.503  -30.479 0.3000000119
4028  -17.522  -89.968  -29.901 0.3000000119
4734  -18.128  -89.410  -29.298 0.3000000119
5443  -17.671  -88.918  -29.907 0.3000000119
5461  -17.268  -88.433  -30.530 0.3000000119
6632  -2.631  -85.790  -12.139 0.2000000030
6212  -6.138  -88.088  -33.929 0.2000000030
7366  -2.873  -85.077  -12.934 0.2000000030
8100  -4.365  -84.308  -13.156 0.2000000030
125738  -8.079  -87.091  -34.609 0.2000000030
6929  -7.379  -86.791  -34.504 0.2000000030
6226  -6.734  -87.443  -34.425 0.2000000030
6225  -5.809  -87.205  -34.251 0.2000000030
8087  -2.525  -84.641  -11.839 0.2000000030
8949  -3.734  -83.622  -12.424 0.2000000030
8115  -4.794  -84.788  -13.767 0.2000000030
8938  -3.153  -83.104  -11.505 0.1000000015
8950  -5.096  -83.890  -12.591 0.1000000015
8101  -5.679  -84.454  -13.329 0.1000000015
139853  -5.969  -84.347  -12.843 0.1000000015
7384  -4.190  -85.840  -14.510 0.3000000119
8103  -7.086  -84.052  -13.134 0.1000000015
8116  -5.569  -84.578  -13.930 0.2000000030
8117  -6.323  -84.258  -13.648 0.2000000030
8131  -5.889  -84.368  -14.127 0.3000000119
8964  -6.772  -83.739  -13.672 0.2000000030
8986  -5.543  -84.055  -14.529 0.3000000119
9830  -5.166  -83.129  -14.556 0.2000000030
9831  -6.124  -83.553  -14.231 0.2000000030
9785  -8.470  -83.057  -12.243 0.1000000015
9784  -7.885  -83.024  -12.832 0.1000000015
9807  -7.284  -83.025  -13.419 0.1000000015
10715  -7.541  -82.286  -12.920 0.1000000015
9804  -4.590  -82.177  -14.063 0.3000000119
9805  -5.733  -82.781  -14.182 0.2000000030
10691  -6.936  -81.667  -12.828 0.1000000015
138730  -7.872  -80.898  -11.552 0.1000000015
11588  -6.512  -81.065  -12.335 0.2000000030
11568  -7.087  -80.581  -11.723 0.1000000015
10690  -6.038  -81.557  -13.012 0.3000000119
12450  -4.391  -79.852  -11.152 0.4000000060
11566  -4.766  -80.447  -11.702 0.3000000119
9960  -2.411  -82.602  -26.587 0.1000000015
11755  -3.562  -80.635  -25.460 0.1000000015
9169  -2.274  -83.272  -27.076 0.1000000015
8327  -2.319  -84.209  -27.494 0.1000000015
15305  -4.205  -76.354  -22.837 0.1000000015
119963  -3.938  -77.484  -23.972 0.1000000015
13592  -4.010  -78.332  -23.715 0.2000000030
13606  -3.539  -77.936  -24.691 0.1000000015
13620  -3.932  -77.722  -25.597 0.1000000015
124483  -3.444  -78.410  -25.437 0.1000000015
120962  -4.095  -76.044  -22.026 0.2000000030
16018  -4.487  -75.496  -22.667 0.1000000015
18526  -3.919  -72.247  -16.024 0.2000000030
19535  -4.424  -71.587  -15.705 0.2000000030
20551  -4.726  -70.811  -16.090 0.2000000030
144320  -26.217  -60.485  -7.884 0.2000000030
139171  -26.231  -59.979  -8.046 0.1000000015
31471  -26.655  -59.582  -8.438 0.1000000015
32490  -25.595  -58.497  -8.269 0.1000000015
32491  -26.362  -58.795  -8.680 0.1000000015
32498  -27.576  -58.847  -10.041 0.1000000015
32496  -26.079  -58.045  -9.018 0.1000000015
33534  -27.249  -57.201  -11.816 0.1000000015
33531  -27.530  -58.001  -11.334 0.1000000015
32520  -26.877  -58.328  -12.577 0.1000000015
31515  -27.418  -58.921  -12.117 0.1000000015
32507  -27.764  -58.617  -11.630 0.1000000015
33525  -26.524  -57.710  -9.895 0.1000000015
33530  -27.040  -57.421  -10.840 0.1000000015
33539  -27.085  -57.440  -12.563 0.1000000015
32518  -24.491  -58.759  -12.974 0.3000000119
31513  -25.201  -59.304  -12.718 0.3000000119
32542  -26.497  -57.650  -12.990 0.2000000030
32519  -25.396  -58.529  -12.978 0.3000000119
33552  -26.728  -57.041  -13.040 0.1000000015
32540  -24.780  -58.052  -13.326 0.2000000030
11587  -5.302  -80.992  -12.364 0.3000000119
11567  -6.014  -80.482  -11.710 0.2000000030
16005  -4.272  -75.351  -21.685 0.2000000030
12629  -3.807  -78.820  -24.555 0.1000000015
127185  -3.948  -76.780  -21.894 0.2000000030
15283  -3.914  -76.284  -21.115 0.2000000030
15990  -3.785  -76.157  -20.059 0.3000000119
18547  -4.137  -72.151  -16.690 0.3000000119
104  -12.029  -99.276  -10.405 0.4000000060
351  -10.498  -97.781  -7.754 0.3000000119
558  -10.699  -96.943  -8.113 0.4000000060
31476  -27.145  -59.159  -9.165 0.2000000030
32539  -23.818  -58.222  -13.267 0.2000000030
31470  -25.798  -59.335  -8.026 0.1000000015
32504  -27.878  -58.679  -10.913 0.1000000015
1897  -7.078  -93.676  -5.978 0.2000000030
350  -10.159  -98.203  -6.649 0.2000000030
342  -9.203  -98.037  -5.470 0.2000000030
550  -8.863  -97.641  -6.627 0.3000000119
840  -7.933  -96.414  -6.364 0.2000000030
716  -23.920  -93.904  -25.787 0.3000000119
8929  -2.864  -83.267  -10.545 0.1000000015
15991  -4.064  -75.431  -20.763 0.2000000030
34545  -26.906  -56.468  -11.887 0.1000000015
32521  -27.531  -58.042  -12.102 0.1000000015
32503  -27.290  -58.150  -10.423 0.1000000015
121565  -26.098  -58.913  -12.695 0.3000000119
33529  -26.170  -57.052  -10.293 0.1000000015
32541  -25.695  -57.843  -13.245 0.2000000030
33551  -26.089  -57.135  -13.359 0.1000000015
1004  -26.689  -96.338  -29.081 0.3000000119
745  -26.032  -96.282  -29.756 0.3000000119
143602  -23.746  -97.321  -29.283 0.3000000119
732  -22.470  -97.212  -30.271 0.4000000060
733  -23.193  -97.279  -29.756 0.3000000119
736  -25.926  -97.032  -29.075 0.3000000119
735  -25.188  -97.242  -29.070 0.3000000119
727  -25.630  -97.274  -27.956 0.3000000119
743  -24.020  -97.139  -30.039 0.3000000119
753  -22.604  -96.946  -31.130 0.3000000119
1250  -28.360  -95.380  -28.995 0.3000000119
1249  -27.336  -95.287  -29.594 0.3000000119
744  -25.371  -96.764  -29.777 0.3000000119
1032  -20.638  -96.089  -33.046 0.4000000060
134583  -21.292  -96.051  -32.931 0.4000000060
1272  -20.429  -95.482  -33.386 0.3000000119
1008  -24.690  -96.539  -30.391 0.3000000119
754  -23.827  -96.697  -30.878 0.3000000119
1025  -21.002  -96.370  -32.342 0.4000000060
124761  -21.830  -96.128  -32.418 0.4000000060
1009  -25.353  -96.208  -30.257 0.3000000119
1015  -23.210  -96.451  -31.382 0.3000000119
1026  -22.530  -96.310  -31.859 0.3000000119
1273  -21.621  -95.082  -33.635 0.3000000119
1255  -28.070  -94.795  -29.851 0.2000000030
143040  -17.890  -93.911  -34.132 0.4000000060
2233  -18.608  -93.457  -34.348 0.3000000119
1688  -19.412  -94.094  -34.289 0.3000000119
128245  -19.274  -94.874  -33.990 0.4000000060
1277  -20.014  -94.608  -34.153 0.3000000119
1660  -16.199  -93.908  -30.640 0.4000000060
140973  -29.116  -95.012  -28.713 0.2000000030
2774  -18.242  -92.275  -31.831 0.2000000030
2779  -17.816  -92.333  -32.990 0.1000000015
2778  -16.946  -92.205  -33.618 0.3000000119
2786  -16.426  -92.380  -34.085 0.3000000119
2788  -17.332  -92.128  -33.910 0.1000000015
119151  -17.282  -91.825  -34.919 0.1000000015
1033  -21.819  -95.614  -33.052 0.3000000119
31529  -14.580  -59.347  -13.237 0.2000000030
32531  -14.816  -58.788  -13.659 0.2000000030
32553  -14.280  -58.269  -13.878 0.2000000030
32554  -14.982  -58.222  -14.111 0.2000000030
33546  -13.338  -57.837  -13.784 0.2000000030
1271  -19.938  -95.212  -33.725 0.4000000060
1270  -18.492  -95.089  -33.508 0.4000000060
127954  -17.359  -93.954  -30.346 0.3000000119
95  -12.414  -99.231  -9.645 0.2000000030
105  -12.938  -99.213  -10.377 0.2000000030
97  -14.357  -99.124  -9.780 0.2000000030
127090  -14.950  -99.079  -9.151 0.2000000030
140261  -12.530  -99.267  -11.089 0.2000000030
106  -13.829  -99.147  -10.507 0.2000000030
133040  -15.153  -99.076  -10.947 0.2000000030
109  -17.008  -99.075  -10.557 0.2000000030
127  -14.010  -99.063  -11.979 0.2000000030
108  -15.959  -99.093  -10.683 0.2000000030
129  -15.770  -98.648  -12.128 0.2000000030
141077  -13.831  -98.504  -13.259 0.2000000030
120102  -15.882  -98.160  -12.886 0.2000000030
130  -16.659  -98.542  -12.430 0.2000000030
152  -13.681  -98.705  -13.929 0.3000000119
154  -15.166  -98.261  -14.481 0.2000000030
141  -15.514  -97.907  -13.651 0.2000000030
120310  -16.140  -98.110  -14.391 0.2000000030
121962  -17.083  -98.244  -14.166 0.2000000030
156  -17.830  -98.941  -14.776 0.2000000030
146  -20.287  -98.271  -14.059 0.1000000015
165  -17.366  -99.068  -15.479 0.2000000030
119  -16.394  -98.984  -11.470 0.2000000030
166  -18.773  -99.025  -15.097 0.2000000030
616  -21.323  -97.716  -15.090 0.1000000015
127023  -18.148  -99.075  -15.863 0.2000000030
366  -21.181  -98.061  -14.882 0.1000000015
130805  -18.928  -99.027  -15.863 0.2000000030
167  -19.572  -98.985  -15.381 0.2000000030
909  -21.226  -97.169  -15.471 0.1000000015
1179  -20.507  -95.456  -16.252 0.1000000015
174  -19.394  -98.763  -16.514 0.2000000030
627  -21.812  -97.544  -15.977 0.1000000015
183  -18.630  -97.579  -17.344 0.2000000030
2042  -20.139  -94.004  -16.880 0.1000000015
1186  -20.923  -95.098  -17.145 0.1000000015
131522  -20.096  -99.019  -16.558 0.2000000030
372  -21.715  -98.361  -16.362 0.1000000015
1180  -21.284  -95.940  -16.760 0.1000000015
370  -22.291  -97.873  -16.523 0.1000000015
139105  -21.866  -96.461  -17.336 0.1000000015
373  -22.362  -98.312  -17.221 0.1000000015
1560  -20.876  -93.753  -18.309 0.1000000015
185  -20.214  -99.096  -17.588 0.2000000030
177  -21.678  -98.837  -16.967 0.2000000030
193  -19.930  -99.154  -18.149 0.2000000030
186  -21.443  -99.137  -17.696 0.2000000030
51  -18.105  -99.226  -20.603 0.2000000030
128221  -22.156  -99.071  -18.601 0.2000000030
375  -22.549  -98.179  -18.384 0.1000000015
123658  -19.209  -99.780  -19.209 0.2000000030
34  -21.295  -99.372  -19.229 0.2000000030
928  -22.032  -96.683  -18.415 0.1000000015
937  -21.811  -96.303  -19.279 0.1000000015
33  -20.229  -99.619  -18.933 0.2000000030
196  -22.370  -98.872  -19.494 0.2000000030
59  -20.395  -99.534  -21.128 0.3000000119
53  -20.653  -99.684  -20.449 0.2000000030
1192  -21.681  -95.304  -19.326 0.1000000015
382  -22.020  -97.547  -19.453 0.1000000015
188  -21.821  -97.406  -19.814 0.1000000015
187  -22.309  -98.375  -19.216 0.2000000030
201  -22.236  -98.584  -20.562 0.2000000030
129407  -21.823  -99.186  -21.231 0.3000000119
132096  -21.651  -99.087  -22.526 0.3000000119
938  -21.779  -96.888  -19.950 0.1000000015
1197  -21.905  -95.397  -20.248 0.1000000015
663  -22.080  -96.896  -20.323 0.1000000015
1630  -19.596  -93.912  -27.743 0.3000000119
1650  -18.718  -94.471  -29.471 0.3000000119
121237  -21.877  -63.670  -7.549 0.1000000015
28475  -21.792  -62.914  -7.222 0.1000000015
136603  -21.342  -62.900  -8.125 0.1000000015
29480  -20.985  -62.300  -7.955 0.1000000015
140  -14.473  -98.072  -13.646 0.2000000030
155  -16.844  -98.821  -14.886 0.2000000030
175  -19.504  -98.186  -17.232 0.2000000030
42  -20.020  -99.980  -19.836 0.2000000030
142711  -20.279  -98.391  -22.981 0.3000000119
225  -19.916  -99.252  -21.893 0.3000000119
26514  -18.631  -64.822  -6.130 0.1000000015
119940  -22.037  -63.596  -6.334 0.1000000015
28490  -20.717  -62.446  -8.778 0.1000000015
115  -13.261  -99.207  -11.012 0.2000000030
120103  -13.137  -99.215  -11.809 0.2000000030
116  -14.375  -99.117  -11.209 0.2000000030
99  -16.306  -99.043  -9.853 0.2000000030
117  -14.899  -98.931  -11.909 0.2000000030
128  -14.288  -98.450  -12.714 0.2000000030
128281  -15.106  -98.173  -12.798 0.2000000030
169  -21.069  -98.379  -15.613 0.2000000030
650  -22.300  -97.205  -17.470 0.1000000015
43  -21.006  -99.591  -19.765 0.2000000030
213  -22.168  -98.696  -21.114 0.2000000030
226  -21.116  -99.269  -21.642 0.3000000119
133639  -11.194  -99.155  -8.974 0.2000000030
142791  -11.757  -99.223  -9.324 0.2000000030
141576  -11.404  -99.147  -7.533 0.2000000030
76  -10.893  -99.034  -7.677 0.2000000030
69  -11.758  -99.164  -6.095 0.2000000030
139818  -10.687  -98.629  -7.092 0.2000000030
2453  -6.601  -93.143  -6.286 0.1000000015
1649  -17.844  -94.236  -29.502 0.2000000030
2207  -18.716  -93.862  -30.496 0.2000000030
1661  -18.343  -94.217  -30.117 0.2000000030
2219  -17.284  -93.457  -31.773 0.2000000030
2773  -17.559  -92.928  -32.412 0.2000000030
8386  -15.980  -84.774  -31.380 0.1000000015
7601  -16.790  -85.091  -31.729 0.2000000030
6899  -17.549  -86.145  -30.896 0.2000000030
6187  -17.446  -87.328  -30.630 0.2000000030
6169  -17.808  -87.890  -29.909 0.2000000030
4725  -18.726  -89.896  -28.537 0.2000000030
3994  -19.301  -90.632  -27.926 0.2000000030
3308  -20.010  -92.143  -27.437 0.2000000030
2726  -19.797  -93.101  -27.505 0.2000000030
2727  -20.645  -92.665  -27.543 0.2000000030
1651  -19.448  -94.612  -29.129 0.2000000030
2197  -20.042  -94.243  -29.588 0.2000000030
1662  -19.198  -94.320  -29.884 0.1000000015
2208  -19.549  -93.746  -30.212 0.1000000015
2765  -19.662  -92.693  -30.483 0.1000000015
2220  -18.186  -93.260  -31.259 0.1000000015
3369  -18.581  -91.318  -31.752 0.1000000015
3379  -18.395  -91.625  -32.472 0.1000000015
6170  -18.316  -87.569  -29.269 0.2000000030
6186  -16.815  -87.971  -31.169 0.2000000030
6122  -2.918  -87.751  -27.895 0.1000000015
6847  -3.292  -87.127  -27.667 0.1000000015
5409  -2.652  -88.144  -28.300 0.1000000015
5411  -4.486  -88.183  -27.931 0.1000000015
5437  -2.370  -88.153  -29.228 0.1000000015
5423  -3.197  -88.255  -28.678 0.1000000015
6846  -2.204  -86.644  -28.028 0.1000000015
6121  -1.855  -87.519  -28.054 0.1000000015
6161  -2.533  -87.723  -29.651 0.1000000015
6162  -3.737  -87.741  -29.316 0.1000000015
6883  -3.061  -86.852  -29.863 0.1000000015
19555  -4.399  -71.574  -16.419 0.1000000015
18554  -4.304  -72.446  -17.492 0.1000000015
19588  -4.735  -71.809  -17.973 0.1000000015
19573  -4.598  -71.694  -17.264 0.1000000015
19556  -4.923  -70.978  -17.075 0.1000000015
19574  -5.040  -71.201  -17.970 0.1000000015
20585  -5.417  -70.573  -17.870 0.1000000015
20597  -5.536  -70.616  -19.005 0.1000000015
21584  -5.517  -70.014  -16.970 0.1000000015
21596  -5.820  -69.852  -18.501 0.1000000015
21613  -5.951  -69.584  -19.848 0.1000000015
20570  -5.093  -70.070  -15.606 0.1000000015
19437  -4.284  -70.919  -8.427 0.1000000015
20431  -4.839  -70.173  -7.140 0.1000000015
20453  -4.499  -70.170  -8.063 0.1000000015
21411  -4.335  -69.441  -7.589 0.1000000015
21434  -4.102  -69.173  -8.302 0.1000000015
22427  -3.536  -67.806  -7.272 0.1000000015
22459  -3.952  -69.015  -9.194 0.1000000015
22439  -3.725  -68.214  -8.507 0.1000000015
23426  -3.485  -67.167  -8.111 0.1000000015
33549  -24.125  -57.461  -13.592 0.1000000015
32515  -12.460  -58.610  -13.039 0.1000000015
123034  -23.014  -57.646  -13.512 0.1000000015
31527  -13.043  -59.281  -12.933 0.1000000015
124070  -22.085  -57.482  -13.590 0.1000000015
33564  -22.506  -56.867  -13.885 0.1000000015
34565  -22.989  -56.179  -14.345 0.1000000015
32530  -14.005  -58.728  -13.533 0.1000000015
35656  -23.481  -55.560  -14.678 0.1000000015
34564  -21.203  -56.447  -14.463 0.1000000015
127231  -21.999  -56.243  -14.313 0.1000000015
32529  -13.223  -58.673  -13.327 0.1000000015
33562  -20.613  -57.130  -14.338 0.1000000015
143946  -12.620  -58.068  -13.385 0.1000000015
33556  -14.226  -57.671  -14.240 0.1000000015
140561  -22.462  -55.422  -14.796 0.1000000015
34585  -21.401  -55.751  -14.849 0.1000000015
33574  -19.149  -57.070  -15.739 0.1000000015
34584  -20.482  -56.281  -15.137 0.1000000015
35673  -20.760  -55.387  -15.472 0.1000000015
34579  -14.598  -56.268  -15.284 0.1000000015
34562  -15.063  -56.935  -14.973 0.1000000015
33573  -18.482  -57.314  -15.899 0.1000000015
34582  -18.763  -56.498  -16.318 0.1000000015
36771  -21.734  -54.133  -15.682 0.1000000015
36770  -20.820  -54.512  -15.753 0.1000000015
35674  -21.606  -54.951  -15.292 0.1000000015
35670  -14.035  -55.437  -15.732 0.1000000015
35689  -18.702  -55.514  -16.722 0.1000000015
35672  -20.002  -55.723  -15.821 0.1000000015
34600  -19.343  -55.896  -16.235 0.1000000015
18570  -4.972  -71.855  -19.371 0.1000000015
130818  -4.252  -73.010  -18.228 0.2000000030
19589  -5.038  -71.477  -18.705 0.1000000015
1671  -16.839  -93.771  -31.258 0.3000000119
126295  -23.039  -58.408  -13.148 0.1000000015
32560  -19.834  -57.758  -14.571 0.1000000015
33563  -21.584  -56.953  -13.949 0.1000000015
34563  -19.777  -57.066  -15.132 0.1000000015
33557  -15.039  -57.564  -14.593 0.1000000015
34580  -15.513  -56.645  -15.500 0.1000000015
3307  -18.987  -92.442  -27.697 0.2000000030
5428  -18.625  -88.875  -28.664 0.2000000030
3370  -18.954  -91.913  -31.141 0.1000000015
2206  -17.830  -93.770  -30.818 0.2000000030
2189  -20.179  -94.149  -28.129 0.1000000015
132467  -19.394  -89.912  -27.766 0.2000000030
2190  -20.724  -93.776  -28.400 0.1000000015
2209  -20.323  -93.413  -29.829 0.1000000015
2775  -18.790  -92.696  -31.075 0.1000000015
3362  -19.679  -91.619  -30.638 0.1000000015
34552  -23.523  -56.817  -13.919 0.1000000015
34561  -14.167  -56.809  -14.676 0.1000000015
35675  -22.532  -54.542  -15.353 0.1000000015
34583  -19.602  -56.450  -15.783 0.1000000015
35690  -19.587  -55.239  -16.291 0.1000000015
123589  -24.960  -96.894  -19.571 0.1000000015
385  -24.883  -97.938  -19.547 0.1000000015
394  -26.586  -97.912  -19.214 0.1000000015
393  -25.941  -98.170  -19.626 0.1000000015
392  -25.065  -98.191  -19.902 0.1000000015
1689  -20.187  -93.817  -34.387 0.1000000015
2235  -20.166  -93.081  -34.729 0.1000000015
2245  -21.290  -92.745  -35.037 0.1000000015
128505  -20.990  -92.259  -34.888 0.1000000015
395  -27.107  -96.990  -20.142 0.2000000030
386  -25.841  -97.983  -18.880 0.1000000015
400  -27.378  -97.915  -20.785 0.2000000030
398  -25.674  -98.270  -20.364 0.2000000030
1690  -20.956  -94.095  -34.309 0.1000000015
1279  -21.475  -94.622  -34.073 0.2000000030
1280  -22.209  -94.631  -33.945 0.1000000015
1274  -22.405  -95.121  -33.299 0.2000000030
1692  -23.686  -94.005  -34.091 0.1000000015
2238  -24.070  -93.309  -34.296 0.1000000015
139397  -22.727  -91.714  -35.433 0.1000000015
401  -27.719  -96.862  -20.742 0.2000000030
413  -27.855  -97.206  -22.480 0.2000000030
697  -28.558  -97.036  -23.172 0.2000000030
406  -26.637  -98.163  -22.043 0.2000000030
412  -27.110  -97.697  -23.056 0.2000000030
128898  -23.935  -95.783  -32.033 0.2000000030
133392  -23.103  -95.216  -33.026 0.2000000030
1275  -23.805  -95.031  -33.018 0.1000000015
1693  -24.444  -93.791  -33.752 0.1000000015
119182  -24.028  -91.729  -34.679 0.1000000015
117981  -24.434  -92.341  -34.576 0.1000000015
703  -28.946  -96.413  -23.677 0.2000000030
124299  -22.387  -97.159  -22.133 0.2000000030
215  -23.314  -97.031  -22.050 0.2000000030
202  -23.041  -97.352  -22.048 0.2000000030
391  -24.069  -97.827  -20.545 0.2000000030
971  -29.243  -95.536  -24.145 0.1000000015
134552  -22.672  -97.381  -22.432 0.2000000030
229  -23.452  -97.619  -22.327 0.2000000030
216  -24.212  -98.115  -21.524 0.2000000030
399  -26.430  -98.215  -21.083 0.2000000030
126606  -28.217  -96.612  -24.027 0.2000000030
709  -27.920  -95.048  -24.144 0.2000000030
978  -28.211  -93.447  -24.054 0.1000000015
987  -29.165  -93.194  -24.525 0.1000000015
1230  -28.992  -92.597  -25.024 0.1000000015
1623  -30.340  -92.869  -26.217 0.1000000015
1017  -25.052  -96.054  -30.917 0.2000000030
1028  -24.516  -95.647  -31.528 0.2000000030
1264  -24.201  -95.187  -32.237 0.2000000030
1265  -25.000  -95.064  -32.020 0.1000000015
121668  -24.661  -94.125  -33.167 0.1000000015
117970  -25.154  -93.138  -33.630 0.1000000015
979  -29.814  -94.591  -24.221 0.1000000015
129502  -30.736  -93.412  -24.866 0.1000000015
143203  -21.861  -99.155  -21.759 0.2000000030
243  -23.320  -98.386  -22.775 0.2000000030
411  -26.161  -98.187  -22.798 0.2000000030
702  -27.339  -96.103  -24.248 0.2000000030
1246  -29.844  -93.407  -26.872 0.1000000015
1641  -30.535  -94.078  -27.883 0.1000000015
129543  -30.521  -94.112  -28.767 0.1000000015
481  -23.895  -97.449  -28.416 0.2000000030
1259  -25.208  -95.014  -29.927 0.1000000015
1258  -24.972  -95.395  -30.891 0.1000000015
1224  -30.358  -93.905  -24.404 0.1000000015
257  -24.656  -98.343  -23.391 0.2000000030
245  -25.152  -98.386  -22.610 0.2000000030
258  -25.560  -98.152  -23.687 0.2000000030
1237  -31.154  -93.051  -25.555 0.1000000015
129296  -23.184  -98.341  -23.561 0.2000000030
419  -26.942  -96.967  -24.453 0.2000000030
1624  -31.274  -92.962  -26.451 0.1000000015
256  -22.322  -98.475  -23.756 0.2000000030
122613  -23.911  -98.297  -24.265 0.2000000030
271  -22.669  -97.890  -24.686 0.2000000030
2195  -32.318  -93.074  -28.294 0.1000000015
143270  -21.832  -95.741  -23.553 0.2000000030
426  -22.580  -95.677  -23.855 0.2000000030
438  -23.188  -93.888  -25.278 0.2000000030
985  -26.855  -92.555  -23.953 0.2000000030
991  -28.172  -92.522  -25.273 0.2000000030
448  -22.273  -94.659  -25.817 0.2000000030
722  -24.761  -94.465  -26.217 0.2000000030
143507  -30.493  -93.953  -29.327 0.1000000015
120639  -25.245  -96.602  -26.830 0.2000000030
728  -26.100  -96.560  -27.194 0.2000000030
1000  -28.076  -95.910  -27.546 0.2000000030
1654  -29.968  -94.195  -29.352 0.1000000015
1254  -26.315  -95.160  -29.736 0.2000000030
141047  -26.058  -94.738  -29.824 0.1000000015
1672  -25.548  -94.854  -30.774 0.1000000015
1677  -25.081  -94.231  -31.590 0.1000000015
1686  -25.214  -93.832  -32.442 0.1000000015
417  -24.881  -98.032  -24.633 0.2000000030
708  -26.279  -93.917  -23.548 0.2000000030
1632  -31.744  -93.131  -27.199 0.1000000015
418  -26.413  -97.773  -24.034 0.2000000030
135698  -26.812  -93.130  -23.590 0.2000000030
1631  -30.858  -93.376  -27.119 0.1000000015
1643  -31.829  -93.370  -27.954 0.1000000015
139556  -23.962  -97.344  -24.792 0.2000000030
128615  -25.515  -97.423  -24.592 0.2000000030
429  -24.767  -96.106  -24.344 0.2000000030
416  -23.146  -97.626  -24.911 0.2000000030
439  -23.378  -94.691  -23.711 0.3000000119
712  -23.188  -93.304  -24.755 0.2000000030
713  -24.225  -92.720  -23.817 0.2000000030
123943  -24.829  -92.346  -24.443 0.2000000030
1240  -29.250  -92.663  -25.843 0.1000000015
126411  -24.094  -92.802  -25.131 0.2000000030
994  -27.321  -94.529  -26.604 0.2000000030
136761  -29.376  -94.137  -27.271 0.1000000015
2762  -30.662  -92.671  -29.896 0.1000000015
1245  -29.045  -95.201  -27.971 0.2000000030
1251  -29.792  -94.511  -28.341 0.1000000015
1665  -29.515  -94.053  -29.863 0.1000000015
139500  -27.074  -94.862  -29.920 0.1000000015
430  -25.863  -96.566  -24.468 0.2000000030
701  -25.913  -95.199  -23.967 0.2000000030
136320  -25.049  -93.463  -23.413 0.2000000030
1655  -31.042  -93.641  -29.132 0.1000000015
2204  -31.819  -93.057  -29.142 0.1000000015
3355  -31.863  -92.368  -29.234 0.1000000015
714  -25.548  -92.674  -23.638 0.2000000030
718  -26.047  -92.376  -24.504 0.2000000030
990  -27.334  -92.830  -25.609 0.2000000030
3354  -31.219  -92.140  -29.454 0.1000000015
1236  -28.753  -92.984  -26.289 0.2000000030
995  -28.463  -94.515  -26.969 0.2000000030
6918  -5.602  -86.212  -34.048 0.1000000015
122477  -4.852  -86.985  -33.927 0.1000000015
142629  -3.882  -86.748  -33.356 0.1000000015
29481  -24.830  -61.484  -7.848 0.1000000015
29482  -25.997  -61.903  -7.685 0.1000000015
241  -21.662  -98.711  -23.441 0.2000000030
133402  -25.677  -60.920  -7.753 0.1000000015
437  -22.548  -94.934  -25.277 0.2000000030
127065  -23.891  -96.154  -31.525 0.2000000030
242  -22.461  -98.621  -22.995 0.2000000030
204  -24.878  -98.307  -20.720 0.2000000030
228  -22.668  -97.973  -22.664 0.2000000030
230  -24.569  -98.384  -21.922 0.2000000030
123068  -22.780  -94.876  -23.976 0.2000000030
723  -26.689  -95.562  -26.795 0.2000000030
2763  -31.391  -92.764  -29.521 0.1000000015
2771  -30.069  -93.117  -30.116 0.1000000015
428  -24.420  -96.830  -24.624 0.2000000030
707  -24.346  -94.323  -23.625 0.2000000030
717  -25.556  -93.074  -25.553 0.2000000030
6913  -16.485  -86.006  -32.605 0.1000000015
6898  -17.083  -86.887  -31.443 0.1000000015
6197  -16.447  -87.555  -31.883 0.1000000015
7610  -16.089  -85.389  -32.918 0.1000000015
7611  -16.474  -85.439  -32.304 0.1000000015
6923  -15.085  -86.097  -33.684 0.1000000015
6888  -18.016  -86.662  -29.917 0.1000000015
133658  -14.476  -85.650  -33.887 0.1000000015
8405  -16.124  -84.979  -32.348 0.1000000015
7629  -14.324  -85.073  -33.814 0.1000000015
7585  -17.897  -85.429  -30.204 0.1000000015
6889  -18.399  -85.703  -29.388 0.1000000015
8403  -14.630  -84.548  -32.839 0.1000000015
6147  -18.748  -87.509  -28.587 0.1000000015
129890  -13.447  -84.726  -33.880 0.1000000015
7644  -11.307  -86.160  -34.216 0.1000000015
16744  -4.177  -74.393  -19.708 0.1000000015
16754  -4.327  -74.580  -20.718 0.1000000015
125186  -4.374  -73.584  -19.500 0.1000000015
120869  -4.530  -73.696  -20.433 0.1000000015
16766  -4.567  -74.536  -21.661 0.1000000015
17622  -4.827  -73.672  -21.511 0.1000000015
18589  -4.598  -72.755  -19.209 0.1000000015
17623  -4.946  -72.954  -21.080 0.1000000015
18569  -4.658  -72.228  -18.480 0.1000000015
3973  -19.998  -90.329  -27.230 0.1000000015
117942  -13.276  -97.303  -5.227 0.1000000015
532  -12.447  -97.759  -4.675 0.1000000015
138920  -12.311  -98.544  -4.761 0.1000000015
64  -11.172  -98.820  -5.150 0.1000000015
68  -11.086  -99.024  -5.847 0.1000000015
117947  -14.731  -95.880  -9.674 0.1000000015
135126  -15.553  -96.768  -9.086 0.1000000015
118686  -16.634  -97.452  -8.727 0.1000000015
135584  -17.399  -97.750  -8.605 0.1000000015
117950  -14.674  -96.217  -8.741 0.1000000015
135008  -16.097  -97.511  -7.959 0.1000000015
135624  -16.935  -97.895  -8.017 0.1000000015
118684  -17.359  -98.003  -8.263 0.1000000015
121814  -17.107  -99.046  -8.915 0.1000000015
353  -18.598  -98.168  -9.591 0.1000000015
119049  -14.695  -96.582  -7.762 0.1000000015
135585  -15.945  -97.911  -7.005 0.1000000015
126490  -17.744  -99.007  -10.040 0.1000000015
135002  -16.867  -98.470  -7.844 0.1000000015
119120  -16.872  -99.051  -8.169 0.1000000015
122359  -16.624  -99.101  -9.200 0.1000000015
120  -17.298  -98.989  -11.506 0.1000000015
66  -12.200  -99.141  -5.471 0.1000000015
118987  -15.584  -96.158  -10.259 0.1000000015
118899  -16.318  -96.975  -9.547 0.1000000015
135311  -17.795  -97.938  -8.627 0.1000000015
355  -18.406  -98.578  -10.047 0.1000000015
135127  -17.915  -97.243  -9.854 0.1000000015
121  -18.197  -98.784  -11.568 0.1000000015
119181  -15.741  -98.915  -6.769 0.1000000015
81  -15.767  -99.069  -7.639 0.1000000015
121104  -15.823  -99.129  -9.201 0.1000000015
89  -15.557  -99.133  -8.401 0.1000000015
131  -17.432  -98.425  -13.175 0.1000000015
121900  -11.680  -97.265  -4.674 0.1000000015
531  -10.741  -97.853  -4.437 0.1000000015
340  -10.562  -98.229  -4.815 0.1000000015
133409  -28.771  -97.052  -22.027 0.1000000015
121103  -14.218  -99.172  -7.986 0.1000000015
143  -17.978  -98.503  -13.902 0.1000000015
158  -19.480  -98.629  -14.378 0.1000000015
137676  -12.918  -99.206  -7.705 0.1000000015
128567  -14.284  -99.138  -6.942 0.1000000015
143498  -12.753  -99.213  -8.373 0.1000000015
117955  -14.194  -96.410  -6.028 0.1000000015
127188  -12.140  -99.205  -7.001 0.1000000015
343  -9.778  -98.145  -5.059 0.1000000015
127282  -21.855  -96.990  -21.129 0.1000000015
5892  -3.634  -88.108  -9.125 0.1000000015
122707  -3.069  -88.836  -8.171 0.1000000015
120647  -3.784  -88.027  -10.173 0.1000000015
4383  -2.312  -90.103  -9.118 0.1000000015
6609  -3.623  -85.661  -10.307 0.1000000015
5904  -4.154  -87.165  -10.310 0.1000000015
5183  -3.869  -88.129  -11.391 0.1000000015
7322  -3.138  -84.638  -10.115 0.1000000015
131611  -3.174  -85.998  -11.009 0.1000000015
6633  -3.052  -86.298  -11.693 0.1000000015
7347  -2.692  -85.549  -11.507 0.1000000015
12440  -6.319  -79.435  -10.511 0.1000000015
12451  -5.582  -79.963  -11.079 0.1000000015
13418  -5.879  -78.916  -9.884 0.1000000015
13417  -4.584  -78.973  -9.957 0.1000000015
142751  -13.714  -96.578  -5.622 0.1000000015
119199  -13.204  -98.303  -4.859 0.1000000015
62  -12.529  -99.014  -5.093 0.1000000015
119041  -15.203  -98.848  -6.360 0.1000000015
119625  -2.829  -89.190  -9.071 0.1000000015
5172  -3.586  -88.500  -10.765 0.1000000015
13403  -5.208  -78.335  -9.235 0.1000000015
87  -13.067  -99.200  -8.987 0.1000000015
96  -13.457  -99.188  -9.714 0.1000000015
88  -14.763  -99.123  -8.450 0.1000000015
134173  -17.545  -98.732  -12.260 0.1000000015
117933  -13.996  -97.976  -5.223 0.1000000015
117932  -15.286  -97.804  -6.425 0.1000000015
70  -12.718  -99.215  -6.123 0.1000000015
73  -15.281  -99.057  -6.895 0.1000000015
80  -14.975  -99.142  -7.708 0.1000000015
72  -14.519  -99.047  -6.229 0.1000000015
119116  -13.865  -98.990  -5.546 0.1000000015
1  -11.517  -99.599  -14.785 0.6999999881
7  -13.165  -99.991  -16.250 0.6999999881
18  -11.834  -99.625  -17.710 0.8000000119
30  -16.901  -99.203  -18.433 0.4000000060
35  -13.058  -99.535  -19.324 0.8000000119
36  -13.765  -99.420  -19.617 0.8999999762
41  -18.323  -99.581  -19.688 0.3000000119
44  -22.125  -99.093  -19.899 0.2000000030
46  -13.728  -99.382  -20.351 0.8999999762
50  -17.417  -99.231  -20.208 0.4000000060
52  -19.785  -99.829  -20.688 0.3000000119
54  -21.531  -99.318  -20.499 0.3000000119
60  -21.117  -99.416  -20.939 0.2000000030
61  -11.839  -98.971  -4.987 0.1000000015
63  -13.116  -98.898  -5.051 0.1000000015
65  -11.563  -99.015  -5.511 0.1000000015
67  -13.003  -99.051  -5.494 0.1000000015
71  -13.683  -99.116  -6.104 0.1000000015
74  -15.930  -99.056  -7.146 0.1000000015
75  -10.511  -98.247  -7.282 0.2000000030
77  -11.119  -99.122  -6.790 0.2000000030
78  -12.053  -99.197  -7.940 0.2000000030
79  -13.654  -99.184  -7.553 0.1000000015
82  -16.424  -98.833  -7.582 0.1000000015
85  -11.268  -99.137  -8.240 0.2000000030
86  -12.038  -99.218  -8.768 0.2000000030
90  -16.458  -99.101  -8.552 0.1000000015
91  -17.474  -98.482  -8.566 0.1000000015
94  -11.370  -99.230  -9.762 0.6000000238
98  -15.285  -99.075  -9.995 0.2000000030
100  -17.180  -99.068  -9.567 0.1000000015
101  -17.912  -98.692  -9.340 0.1000000015
107  -14.590  -99.125  -10.430 0.2000000030
110  -17.954  -98.987  -10.714 0.1000000015
118  -15.628  -99.025  -11.372 0.2000000030
123  -8.963  -98.783  -12.551 0.8000000119
135  -9.543  -99.179  -13.516 0.8000000119
137  -11.464  -99.422  -13.513 0.6000000238
139  -13.180  -99.038  -13.370 0.4000000060
142  -16.438  -98.093  -13.507 0.2000000030
144  -18.855  -98.549  -13.654 0.1000000015
147  -9.228  -99.042  -14.138 0.8000000119
157  -18.569  -98.722  -14.344 0.2000000030
168  -20.295  -98.807  -15.818 0.2000000030
170  -9.724  -99.028  -16.926 1.0000000000
171  -9.910  -99.196  -16.072 0.8999999762
176  -20.637  -99.023  -17.011 0.2000000030
178  -22.348  -98.791  -17.919 0.2000000030
179  -9.871  -98.992  -17.692 1.0000000000
192  -12.372  -99.480  -18.959 0.8999999762
194  -21.061  -99.272  -18.469 0.2000000030
195  -21.993  -99.182  -19.062 0.2000000030
197  -21.713  -97.576  -20.414 0.2000000030
198  -10.924  -99.058  -19.652 1.0000000000
203  -24.121  -97.578  -21.138 0.2000000030
211  -16.709  -98.086  -20.516 0.6000000238
214  -22.200  -97.540  -22.229 0.2000000030
217  -25.221  -98.402  -21.140 0.2000000030
223  -15.775  -99.133  -21.003 0.8000000119
224  -16.356  -98.095  -21.086 0.6999999881
227  -22.370  -99.013  -22.034 0.2000000030
231  -25.710  -98.363  -21.860 0.2000000030
236  -15.382  -99.369  -22.604 0.8000000119
240  -20.713  -98.665  -23.245 0.3000000119
244  -24.153  -98.413  -22.601 0.2000000030
259  -12.319  -98.517  -24.057 0.8999999762
260  -12.962  -99.046  -24.226 0.8999999762
261  -13.634  -99.199  -24.492 0.8999999762
262  -14.208  -99.305  -24.010 0.8999999762
295  -16.876  -98.973  -28.332 1.0000000000
344  -10.540  -98.447  -5.499 0.1000000015
348  -10.579  -98.573  -6.310 0.2000000030
365  -8.915  -98.776  -14.000 0.8000000119
369  -21.715  -97.984  -15.645 0.1000000015
371  -9.543  -98.549  -16.609 0.8999999762
377  -25.736  -96.684  -18.943 0.1000000015
389  -10.303  -98.265  -19.288 1.0000000000
390  -22.822  -97.632  -20.874 0.2000000030
397  -10.616  -98.462  -20.814 1.0000000000
402  -9.913  -97.865  -21.192 1.0000000000
403  -9.470  -97.931  -21.296 1.0000000000
404  -9.811  -97.939  -21.502 1.0000000000
407  -27.389  -97.995  -21.713 0.2000000030
408  -27.824  -97.058  -21.477 0.2000000030
409  -9.700  -97.936  -21.436 1.0000000000
420  -27.755  -97.129  -23.723 0.2000000030
421  -11.687  -97.978  -24.180 1.0000000000
425  -22.023  -95.307  -23.981 0.2000000030
427  -22.952  -96.113  -24.161 0.2000000030
433  -13.243  -98.547  -25.690 1.0000000000
436  -21.860  -94.178  -24.979 0.2000000030
449  -22.993  -94.282  -25.825 0.3000000119
450  -12.858  -97.887  -26.591 1.0000000000
453  -14.353  -98.504  -27.678 1.0000000000
454  -19.966  -98.335  -27.538 0.6000000238
457  -22.599  -96.842  -26.618 0.5000000000
460  -13.394  -97.793  -27.741 1.0000000000
464  -19.690  -98.208  -28.466 0.6999999881
466  -21.661  -98.013  -28.405 0.6999999881
467  -22.463  -97.775  -28.335 0.6000000238
468  -23.944  -97.229  -27.312 0.3000000119
473  -16.248  -98.528  -29.524 0.8999999762
477  -21.198  -97.911  -29.144 0.6999999881
482  -15.629  -98.173  -30.220 0.8999999762
529  -9.137  -97.841  -4.891 0.1000000015
530  -9.841  -97.847  -4.565 0.1000000015
545  -9.350  -98.052  -6.256 0.2000000030
602  -8.877  -98.233  -13.811 0.8999999762
614  -9.095  -97.915  -14.318 0.8999999762
624  -9.297  -97.946  -15.040 1.0000000000
636  -10.434  -97.427  -16.730 1.0000000000
638  -22.313  -97.523  -16.755 0.1000000015
649  -10.829  -97.195  -17.414 1.0000000000
651  -22.625  -97.811  -17.652 0.1000000015
662  -11.000  -97.273  -18.956 1.0000000000
685  -9.850  -97.936  -21.421 1.0000000000
687  -11.370  -97.515  -21.666 1.0000000000
693  -9.674  -97.890  -21.575 1.0000000000
694  -10.253  -97.899  -21.629 1.0000000000
695  -10.864  -97.928  -23.059 0.8999999762
705  -11.834  -97.910  -24.418 1.0000000000
715  -13.545  -97.158  -26.383 1.0000000000
725  -13.158  -97.139  -28.211 1.0000000000
726  -24.688  -97.399  -28.214 0.2000000030
729  -13.123  -97.183  -28.892 1.0000000000
731  -14.976  -98.053  -29.958 0.8999999762
734  -24.408  -97.259  -29.195 0.3000000119
742  -23.249  -97.083  -30.567 0.3000000119
750  -19.813  -97.223  -31.454 0.6000000238
751  -21.063  -97.148  -31.179 0.6000000238
841  -8.344  -97.159  -6.000 0.2000000030
863  -11.071  -96.042  -8.952 0.6999999881
905  -11.507  -96.636  -15.451 1.0000000000
917  -13.400  -96.160  -16.387 1.0000000000
918  -20.863  -96.318  -15.878 0.1000000015
919  -21.661  -96.909  -16.460 0.1000000015
929  -22.150  -97.325  -18.794 0.1000000015
935  -12.590  -96.389  -18.671 1.0000000000
936  -13.401  -96.022  -18.160 1.0000000000
976  -13.643  -96.901  -25.079 1.0000000000
977  -14.267  -96.617  -24.651 1.0000000000
983  -14.130  -96.844  -25.847 1.0000000000
986  -27.988  -92.598  -24.487 0.2000000030
998  -13.235  -96.540  -28.113 1.0000000000
999  -27.093  -96.554  -27.991 0.3000000119
1001  -10.965  -95.998  -29.017 1.0000000000
1002  -11.681  -96.272  -29.183 1.0000000000
1005  -27.511  -96.040  -28.945 0.3000000119
1006  -11.358  -95.505  -29.318 1.0000000000
1010  -26.729  -95.829  -29.636 0.2000000030
1014  -16.132  -96.504  -31.979 0.6000000238
1016  -24.435  -96.192  -31.081 0.2000000030
1018  -25.520  -95.872  -30.370 0.3000000119
1024  -20.128  -96.474  -32.485 0.5000000000
1027  -23.309  -96.054  -32.054 0.2000000030
1031  -19.786  -95.950  -33.198 0.4000000060
1034  -22.626  -95.666  -32.570 0.3000000119
1035  -23.454  -95.392  -32.414 0.2000000030
1125  -7.096  -95.195  -10.230 0.8999999762
1134  -7.426  -95.304  -11.907 1.0000000000
1139  -11.380  -95.014  -11.634 1.0000000000
1146  -7.661  -95.174  -12.475 1.0000000000
1147  -8.100  -95.301  -12.369 1.0000000000
1172  -15.361  -94.485  -15.398 1.0000000000
1177  -14.754  -95.525  -16.134 1.0000000000
1178  -15.368  -94.958  -16.162 1.0000000000
1183  -14.468  -95.685  -16.964 1.0000000000
1187  -21.657  -95.715  -17.994 0.1000000015
1196  -14.348  -95.569  -19.611 1.0000000000
1231  -29.961  -92.854  -25.441 0.1000000015
1234  -15.075  -95.978  -26.496 1.0000000000
1244  -13.869  -95.441  -28.366 1.0000000000
1247  -11.941  -95.455  -28.811 1.0000000000
1253  -26.068  -95.748  -30.004 0.2000000030
1256  -12.790  -94.856  -31.512 0.6999999881
1266  -25.140  -94.983  -31.082 0.1000000015
1276  -24.466  -94.604  -32.691 0.1000000015
1278  -20.746  -94.991  -34.034 0.3000000119
1281  -23.122  -94.601  -33.581 0.2000000030
1423  -6.322  -93.794  -6.462 0.3000000119
1424  -7.271  -94.336  -5.920 0.1000000015
1432  -6.343  -94.213  -6.845 0.4000000060
1456  -6.556  -94.575  -11.530 0.8999999762
1481  -5.925  -94.331  -13.757 1.0000000000
1482  -6.790  -94.399  -13.653 1.0000000000
1484  -7.689  -93.853  -13.797 1.0000000000
1486  -13.504  -94.257  -13.493 1.0000000000
1497  -7.354  -93.835  -14.453 1.0000000000
1499  -14.427  -94.434  -14.355 1.0000000000
1509  -6.489  -94.103  -15.280 1.0000000000
1512  -9.389  -94.389  -15.876 1.0000000000
1524  -6.981  -94.415  -16.664 1.0000000000
1526  -9.714  -94.693  -16.662 1.0000000000
1535  -5.137  -94.225  -17.828 1.0000000000
1536  -5.704  -94.261  -17.457 1.0000000000
1541  -10.085  -94.643  -17.471 1.0000000000
1544  -20.600  -94.273  -17.422 0.1000000015
1558  -15.343  -94.865  -18.685 1.0000000000
1561  -21.402  -94.141  -19.101 0.1000000015
1570  -6.575  -94.537  -20.291 1.0000000000
1582  -4.975  -94.358  -20.853 1.0000000000
1584  -6.856  -94.423  -21.107 1.0000000000
1587  -10.332  -94.179  -20.436 1.0000000000
1596  -5.600  -94.203  -21.204 1.0000000000
1597  -6.351  -94.153  -21.378 1.0000000000
1639  -19.493  -94.425  -28.275 0.3000000119
1640  -20.253  -94.396  -28.796 0.2000000030
1642  -31.220  -93.769  -28.155 0.1000000015
1644  -11.518  -95.274  -29.267 1.0000000000
1653  -29.068  -94.585  -29.420 0.2000000030
1666  -30.286  -93.558  -29.732 0.1000000015
1675  -15.097  -94.563  -32.670 0.5000000000
1676  -25.097  -94.477  -32.096 0.1000000015
1678  -14.232  -94.085  -33.064 0.5000000000
1680  -15.133  -93.711  -33.321 0.4000000060
1683  -18.569  -94.366  -34.058 0.3000000119
1684  -24.008  -94.309  -33.340 0.1000000015
1685  -24.961  -94.234  -32.597 0.1000000015
1695  -20.709  -93.250  -34.693 0.1000000015
1696  -21.327  -93.434  -34.627 0.1000000015
1907  -4.130  -92.787  -8.156 0.1000000015
1913  -3.869  -93.028  -8.527 0.2000000030
1924  -3.579  -93.134  -9.250 0.3000000119
1948  -2.556  -93.247  -11.947 0.6999999881
1964  -2.729  -93.469  -12.868 1.0000000000
1966  -9.025  -93.153  -12.501 1.0000000000
1967  -11.941  -93.067  -12.091 1.0000000000
1968  -12.507  -92.840  -12.754 1.0000000000
1980  -2.212  -93.332  -13.561 0.8000000119
1983  -8.282  -93.582  -13.246 1.0000000000
1985  -12.881  -92.944  -13.507 1.0000000000
1986  -13.428  -93.610  -13.625 1.0000000000
1999  -2.520  -93.390  -14.420 0.8999999762
2005  -11.976  -93.001  -14.496 1.0000000000
2008  -14.346  -93.764  -14.458 1.0000000000
2018  -4.105  -93.836  -15.221 1.0000000000
2037  -12.330  -93.495  -15.881 1.0000000000
2038  -13.183  -93.162  -15.856 1.0000000000
2040  -16.395  -92.317  -16.849 1.0000000000
2062  -2.412  -93.325  -19.138 1.0000000000
2063  -3.078  -93.824  -18.909 1.0000000000
2065  -11.524  -93.609  -18.606 1.0000000000
2077  -2.335  -93.145  -19.801 1.0000000000
2091  -2.780  -93.431  -20.230 1.0000000000
2096  -11.334  -93.251  -20.322 1.0000000000
2109  -4.279  -94.168  -20.959 1.0000000000
2111  -6.648  -93.776  -21.536 1.0000000000
2116  -11.939  -92.182  -21.234 1.0000000000
2119  -17.176  -93.544  -21.715 1.0000000000
2133  -4.281  -93.383  -24.791 1.0000000000
2134  -5.032  -93.479  -24.851 1.0000000000
2138  -9.086  -93.580  -24.729 1.0000000000
2149  -5.768  -93.660  -25.294 1.0000000000
2150  -7.018  -93.694  -25.352 1.0000000000
2152  -8.696  -93.875  -25.054 1.0000000000
2154  -10.970  -93.944  -25.317 1.0000000000
2155  -12.446  -93.537  -25.139 1.0000000000
2160  -4.442  -93.223  -25.975 0.8999999762
2162  -5.854  -93.533  -26.209 1.0000000000
2163  -6.688  -93.617  -26.128 1.0000000000
2174  -6.363  -93.275  -26.939 1.0000000000
2177  -8.966  -93.425  -26.724 1.0000000000
2183  -20.399  -93.519  -27.807 0.1000000015
2184  -32.381  -93.031  -27.488 0.1000000015
2191  -21.067  -93.064  -27.987 0.1000000015
2194  -31.617  -93.375  -28.579 0.1000000015
2198  -20.754  -93.824  -29.177 0.2000000030
2203  -31.066  -93.173  -29.562 0.1000000015
2215  -13.805  -93.950  -32.814 0.5000000000
2221  -18.980  -93.299  -30.680 0.1000000015
2228  -25.382  -93.844  -32.083 0.1000000015
2229  -14.566  -93.720  -33.234 0.5000000000
2231  -15.736  -92.833  -33.730 0.4000000060
2239  -24.796  -93.249  -34.020 0.1000000015
2240  -17.047  -93.083  -34.931 0.3000000119
2244  -20.537  -92.672  -34.841 0.1000000015
2464  -3.717  -92.146  -7.915 0.1000000015
2479  -2.569  -92.184  -8.913 0.4000000060
2494  -2.951  -92.755  -9.433 0.4000000060
2504  -2.754  -92.801  -10.118 0.5000000000
2514  -1.803  -92.292  -11.291 0.6999999881
2517  -11.248  -92.726  -11.941 1.0000000000
2531  -11.085  -92.269  -12.543 1.0000000000
2543  -10.760  -92.220  -13.246 1.0000000000
2553  -1.386  -92.606  -14.296 1.0000000000
2555  -12.221  -92.589  -13.646 1.0000000000
2568  -1.274  -92.438  -15.140 1.0000000000
2571  -15.510  -92.917  -15.815 1.0000000000
2581  -1.615  -92.638  -16.604 1.0000000000
2604  -1.663  -92.043  -19.015 1.0000000000
2615  -1.993  -92.297  -19.709 1.0000000000
2628  -2.950  -93.093  -20.498 1.0000000000
2629  -3.581  -93.179  -20.943 1.0000000000
2634  -13.589  -91.853  -20.601 1.0000000000
2645  -5.104  -93.495  -21.316 1.0000000000
2673  -13.629  -92.262  -23.486 1.0000000000
2678  -2.090  -92.328  -24.524 0.8000000119
2692  -18.488  -91.670  -24.029 1.0000000000
2704  -4.399  -92.635  -26.706 0.6999999881
2706  -11.874  -93.044  -26.882 1.0000000000
2713  -3.860  -92.156  -26.805 0.6999999881
2714  -4.874  -92.367  -27.426 0.6999999881
2733  -3.589  -91.559  -28.110 0.6999999881
2738  -9.487  -92.660  -28.310 1.0000000000
2740  -11.028  -92.427  -28.063 1.0000000000
2748  -4.005  -91.489  -28.959 0.6999999881
2753  -8.118  -92.066  -29.374 0.8999999762
2764  -32.170  -92.627  -29.030 0.1000000015
2772  -30.731  -93.037  -29.878 0.1000000015
2787  -16.755  -91.971  -34.362 0.1000000015
2793  -17.358  -91.865  -34.340 0.1000000015
2798  -16.862  -91.926  -35.695 0.3000000119
2799  -17.118  -92.139  -35.608 0.3000000119
2807  -17.177  -92.182  -35.860 0.3000000119
3025  -2.968  -92.132  -8.016 0.2000000030
3074  -1.670  -91.593  -11.360 0.6000000238
3103  -1.230  -92.101  -13.617 0.8000000119
3141  -5.880  -91.285  -16.928 1.0000000000
3142  -6.675  -91.305  -16.764 1.0000000000
3143  -14.813  -91.556  -16.849 1.0000000000
3144  -15.538  -91.614  -16.697 1.0000000000
3166  -15.976  -91.101  -17.044 1.0000000000
3185  -5.152  -91.794  -18.509 1.0000000000
3188  -16.851  -91.800  -17.928 1.0000000000
3201  -1.747  -91.517  -19.190 1.0000000000
3207  -14.209  -91.380  -19.246 1.0000000000
3221  -6.813  -92.223  -20.140 1.0000000000
3222  -7.657  -91.968  -20.388 1.0000000000
3225  -18.467  -90.653  -20.429 1.0000000000
3237  -15.322  -90.833  -21.297 1.0000000000
3238  -17.935  -92.135  -21.346 1.0000000000
3239  -18.421  -91.378  -21.090 1.0000000000
3253  -14.755  -91.616  -22.444 1.0000000000
3254  -15.188  -91.209  -22.026 1.0000000000
3260  -3.924  -91.828  -23.911 1.0000000000
3266  -1.664  -91.809  -24.114 0.8999999762
3267  -2.414  -91.890  -23.861 0.8999999762
3268  -3.296  -92.304  -23.921 1.0000000000
3276  -14.202  -91.353  -23.798 1.0000000000
3282  -1.458  -91.679  -25.491 0.6999999881
3291  -1.360  -91.126  -26.368 0.6999999881
3298  -0.912  -90.714  -28.456 0.6000000238
3318  -2.633  -91.318  -28.359 0.6999999881
3322  -11.306  -91.646  -28.389 1.0000000000
3338  -1.540  -90.808  -29.407 0.5000000000
3339  -3.483  -91.198  -29.563 0.6999999881
3341  -6.672  -91.708  -29.694 0.8999999762
3342  -7.336  -91.704  -29.854 0.8999999762
3358  -3.807  -90.957  -30.362 0.5000000000
3365  -4.833  -90.461  -31.205 0.5000000000
3368  -6.760  -91.108  -30.774 0.8999999762
3388  -17.085  -92.848  -35.022 0.3000000119
3395  -17.017  -92.039  -35.524 0.3000000119
3694  -2.155  -90.913  -9.347 0.1000000015
3711  -2.130  -90.966  -10.189 0.3000000119
3724  -1.759  -91.086  -11.860 0.6000000238
3751  -1.813  -90.777  -13.241 0.5000000000
3764  -1.414  -91.257  -14.006 0.8000000119
3766  -7.928  -89.867  -14.772 1.0000000000
3796  -2.208  -89.727  -16.212 0.8000000119
3814  -1.285  -90.867  -18.153 1.0000000000
3815  -5.286  -90.767  -17.359 1.0000000000
3816  -8.886  -90.491  -16.958 1.0000000000
3829  -1.547  -90.964  -18.767 1.0000000000
3835  -15.552  -90.300  -18.222 1.0000000000
3836  -16.228  -90.138  -18.027 1.0000000000
3837  -16.863  -90.325  -18.241 1.0000000000
3849  -2.009  -90.820  -19.155 1.0000000000
3851  -3.261  -90.313  -19.152 1.0000000000
3855  -14.878  -90.791  -18.654 1.0000000000
3916  -2.036  -90.074  -23.002 0.8000000119
3921  -14.625  -90.910  -23.355 1.0000000000
3922  -19.124  -90.368  -23.478 1.0000000000
3942  -7.020  -90.666  -25.554 1.0000000000
3968  -1.023  -90.752  -27.438 0.6999999881
3987  -0.950  -90.628  -29.136 0.5000000000
3988  -10.909  -90.355  -29.042 1.0000000000
3989  -11.367  -90.679  -28.556 1.0000000000
3993  -18.549  -90.914  -28.564 0.3000000119
4005  -9.671  -90.798  -29.989 1.0000000000
4017  -1.097  -89.759  -30.455 0.4000000060
4019  -2.523  -90.455  -30.715 0.5000000000
4020  -3.293  -90.648  -30.756 0.5000000000
4021  -7.276  -90.834  -31.102 0.8999999762
4027  -16.820  -90.521  -30.321 0.3000000119
4037  -1.530  -89.502  -31.315 0.5000000000
4038  -2.212  -90.012  -31.421 0.5000000000
4060  -4.086  -89.706  -31.960 0.5000000000
4061  -4.902  -89.977  -31.685 0.6000000238
4431  -3.105  -89.722  -11.525 0.5000000000
4442  -2.912  -89.999  -12.339 0.4000000060
4482  -8.444  -89.414  -14.309 1.0000000000
4483  -9.197  -89.577  -14.220 1.0000000000
4501  -3.470  -88.814  -15.583 0.5000000000
4502  -6.686  -89.772  -15.502 1.0000000000
4518  -1.724  -89.966  -17.020 0.8999999762
4520  -2.805  -89.038  -16.256 0.8000000119
4523  -9.740  -89.976  -16.229 1.0000000000
4557  -2.330  -89.399  -18.441 1.0000000000
4573  -2.685  -89.378  -18.655 1.0000000000
4583  -18.330  -88.890  -19.727 1.0000000000
4594  -8.908  -89.787  -20.482 1.0000000000
4598  -12.063  -88.211  -21.584 1.0000000000
4602  -19.468  -89.043  -20.833 1.0000000000
4613  -11.493  -88.556  -21.923 1.0000000000
4621  -2.248  -89.217  -22.830 0.8000000119
4622  -3.121  -89.099  -22.928 1.0000000000
4631  -19.793  -89.169  -22.403 1.0000000000
4647  -19.486  -88.744  -23.032 1.0000000000
4656  -0.794  -89.834  -24.587 0.8000000119
4659  -6.638  -89.500  -25.275 1.0000000000
4667  -18.512  -88.950  -23.819 1.0000000000
4683  -15.823  -89.283  -25.733 1.0000000000
4708  -0.666  -90.127  -27.249 0.4000000060
4709  -12.180  -88.974  -27.669 1.0000000000
4730  -0.786  -89.581  -30.182 0.4000000060
4731  -9.656  -89.396  -29.872 1.0000000000
4745  -8.533  -89.205  -31.265 1.0000000000
4766  -2.798  -89.806  -31.768 0.5000000000
4783  -2.127  -88.974  -32.218 0.5000000000
4785  -5.358  -89.662  -32.144 0.5000000000
4786  -6.065  -89.705  -32.255 0.5000000000
4792  -11.559  -89.600  -32.779 0.6999999881
4799  -5.132  -89.163  -32.582 0.5000000000
4802  -7.478  -89.182  -33.181 0.8000000119
4806  -12.112  -89.477  -33.169 0.6999999881
5157  -3.243  -88.778  -9.962 0.2000000030
5205  -4.445  -87.890  -13.798 0.4000000060
5209  -13.003  -88.580  -13.286 1.0000000000
5228  -4.395  -87.984  -14.439 0.4000000060
5229  -7.812  -88.509  -14.484 1.0000000000
5230  -8.319  -88.803  -14.093 1.0000000000
5233  -13.676  -88.595  -13.940 1.0000000000
5268  -2.108  -88.779  -17.684 0.8000000119
5284  -6.263  -88.093  -18.056 1.0000000000
5303  -12.877  -88.233  -19.746 1.0000000000
5305  -17.762  -88.635  -19.584 1.0000000000
5314  -13.099  -87.744  -20.014 1.0000000000
5315  -17.315  -88.130  -20.492 1.0000000000
5316  -17.811  -88.049  -20.117 1.0000000000
5317  -18.582  -87.767  -20.527 1.0000000000
5318  -19.339  -88.030  -20.910 1.0000000000
5323  -17.289  -87.705  -21.394 1.0000000000
5332  -1.806  -88.549  -22.726 0.8000000119
5353  -1.333  -88.854  -23.077 0.8000000119
5358  -9.409  -88.050  -24.201 1.0000000000
5363  -19.193  -87.721  -23.007 1.0000000000
5380  -15.024  -87.856  -24.498 1.0000000000
5383  -18.166  -88.026  -24.080 1.0000000000
5388  -0.764  -88.518  -25.212 0.8000000119
5389  -8.397  -88.927  -25.434 1.0000000000
5390  -9.172  -89.002  -25.299 1.0000000000
5391  -13.985  -88.396  -25.433 1.0000000000
5393  -16.569  -87.760  -25.673 1.0000000000
5398  -13.020  -87.961  -26.862 1.0000000000
5399  -13.530  -88.157  -26.162 1.0000000000
5407  -0.665  -88.875  -27.576 0.4000000060
5410  -3.600  -88.224  -28.080 0.1000000015
5412  -11.869  -88.128  -28.064 1.0000000000
5420  -0.785  -89.486  -28.326 0.2000000030
5424  -4.069  -88.200  -28.492 0.1000000015
5426  -11.390  -87.898  -28.512 1.0000000000
5427  -13.915  -88.400  -28.711 1.0000000000
5436  -1.261  -88.815  -29.555 0.3000000119
5438  -3.501  -88.157  -29.079 0.1000000015
5440  -9.497  -88.101  -29.985 1.0000000000
5444  -18.195  -88.458  -29.315 0.2000000030
5456  -1.239  -88.457  -30.973 0.3000000119
5457  -9.259  -88.013  -30.606 1.0000000000
5485  -1.564  -88.654  -31.987 0.4000000060
5486  -1.970  -88.735  -32.254 0.5000000000
5488  -3.879  -89.170  -32.318 0.5000000000
5499  -3.991  -88.564  -32.785 0.3000000119
5500  -5.608  -88.675  -33.193 0.3000000119
5503  -8.241  -88.888  -33.878 0.5000000000
5505  -12.377  -88.822  -33.596 0.5000000000
5507  -14.028  -88.251  -33.400 0.2000000030
5903  -3.875  -87.663  -10.980 0.1000000015
5910  -3.700  -87.203  -11.774 0.1000000015
5925  -8.803  -88.325  -13.737 1.0000000000
5948  -9.322  -86.974  -14.028 1.0000000000
5949  -14.118  -88.132  -13.826 1.0000000000
5958  -3.439  -87.205  -15.892 0.6000000238
5959  -4.130  -87.464  -15.144 0.5000000000
6003  -13.384  -87.005  -18.633 1.0000000000
6010  -3.099  -87.923  -19.065 0.8999999762
6012  -13.254  -87.368  -19.385 1.0000000000
6020  -10.524  -87.150  -20.720 1.0000000000
6041  -18.689  -87.075  -21.892 1.0000000000
6042  -19.415  -87.575  -21.685 1.0000000000
6062  -11.468  -87.950  -22.560 1.0000000000
6065  -17.985  -86.962  -22.556 1.0000000000
6066  -18.617  -87.093  -22.757 1.0000000000
6075  -1.468  -87.517  -23.395 0.8000000119
6079  -10.977  -87.889  -23.097 1.0000000000
6086  -1.378  -87.546  -24.355 0.8000000119
6087  -15.277  -87.178  -24.953 1.0000000000
6090  -17.870  -87.263  -23.873 1.0000000000
6093  -14.200  -87.465  -25.903 1.0000000000
6095  -16.531  -87.276  -25.446 1.0000000000
6119  -0.696  -88.112  -27.302 0.2000000030
6125  -12.613  -87.004  -28.133 1.0000000000
6126  -13.388  -86.911  -27.592 1.0000000000
6146  -14.079  -87.428  -28.600 1.0000000000
6183  -9.752  -87.800  -30.647 1.0000000000
6184  -10.360  -87.464  -30.273 1.0000000000
6195  -1.657  -87.946  -31.495 0.4000000060
6204  -16.110  -86.995  -32.696 0.2000000030
6213  -7.040  -88.230  -34.136 0.4000000060
6215  -12.764  -87.878  -33.944 0.3000000119
6217  -14.679  -87.346  -33.511 0.2000000030
6227  -7.607  -87.680  -34.570 0.2000000030
6228  -8.460  -87.806  -34.660 0.3000000119
6231  -11.004  -87.809  -34.422 0.4000000060
6624  -3.907  -86.410  -10.543 0.1000000015
6640  -2.842  -85.810  -12.758 0.2000000030
6641  -3.176  -86.406  -12.359 0.2000000030
6653  -12.785  -86.758  -12.880 1.0000000000
6681  -9.380  -86.193  -15.334 1.0000000000
6682  -15.261  -86.672  -15.212 1.0000000000
6683  -15.713  -85.949  -15.037 1.0000000000
6696  -9.186  -85.912  -16.135 1.0000000000
6713  -2.219  -85.945  -17.522 0.8000000119
6728  -2.517  -86.066  -18.172 0.8000000119
6730  -4.254  -86.316  -18.905 0.8999999762
6731  -5.319  -86.589  -18.707 1.0000000000
6733  -11.098  -86.288  -18.458 1.0000000000
6769  -2.863  -86.090  -21.376 1.0000000000
6770  -5.303  -86.501  -21.144 1.0000000000
6806  -15.630  -86.905  -25.433 1.0000000000
6807  -16.186  -86.926  -25.491 1.0000000000
6828  -14.102  -86.826  -27.148 1.0000000000
6852  -13.700  -86.740  -27.867 1.0000000000
6853  -14.377  -86.872  -27.512 1.0000000000
6869  -12.602  -86.754  -28.741 1.0000000000
6887  -12.826  -86.788  -29.198 1.0000000000
6897  -1.905  -86.893  -31.075 0.2000000030
6905  -17.097  -85.823  -31.852 0.1000000015
6909  -2.705  -87.086  -32.402 0.2000000030
6911  -3.887  -85.753  -33.099 0.1000000015
6912  -15.950  -86.087  -33.250 0.1000000015
6919  -6.532  -86.495  -34.334 0.2000000030
6930  -8.891  -86.830  -34.462 0.3000000119
7334  -2.554  -84.751  -11.395 0.1000000015
7335  -2.849  -85.123  -10.839 0.1000000015
7345  -2.499  -84.880  -12.120 0.2000000030
7346  -2.477  -85.171  -11.898 0.2000000030
7356  -2.597  -85.209  -12.374 0.2000000030
7368  -4.008  -85.711  -13.882 0.2000000030
7369  -4.666  -84.965  -14.212 0.3000000119
7418  -2.565  -85.986  -16.425 0.6000000238
7439  -6.486  -85.097  -18.178 0.8999999762
7491  -2.198  -84.536  -22.080 1.0000000000
7519  -2.373  -85.486  -24.303 0.8000000119
7539  -1.648  -85.805  -25.756 0.6000000238
7555  -1.395  -85.513  -26.679 0.3000000119
7564  -1.544  -85.539  -27.278 0.2000000030
7591  -2.737  -85.536  -30.764 0.1000000015
7594  -17.311  -85.277  -30.991 0.2000000030
7599  -2.743  -85.416  -31.387 0.1000000015
7600  -2.979  -85.435  -32.010 0.1000000015
7628  -12.757  -85.210  -34.069 0.1000000015
7630  -14.858  -85.344  -33.682 0.1000000015
7631  -15.414  -85.421  -33.353 0.1000000015
8077  -2.672  -84.159  -10.751 0.1000000015
8088  -2.685  -83.957  -11.508 0.2000000030
8098  -2.713  -84.524  -12.271 0.2000000030
8099  -3.278  -84.324  -12.783 0.2000000030
8102  -6.481  -84.295  -13.015 0.1000000015
8114  -3.735  -84.969  -13.438 0.2000000030
8121  -14.852  -84.864  -13.124 1.0000000000
8129  -4.447  -85.060  -14.931 0.4000000060
8149  -4.724  -84.316  -14.934 0.3000000119
8150  -9.041  -83.645  -16.292 1.0000000000
8153  -15.954  -84.576  -15.422 1.0000000000
8172  -2.285  -84.620  -16.631 0.6000000238
8175  -14.232  -84.414  -16.832 1.0000000000
8188  -2.853  -84.005  -18.052 0.8999999762
8206  -10.133  -84.065  -17.784 1.0000000000
8223  -2.447  -83.907  -20.997 1.0000000000
8273  -2.870  -84.672  -23.067 0.8000000119
8314  -1.878  -83.856  -26.953 0.3000000119
8397  -3.606  -85.017  -32.367 0.1000000015
8400  -5.815  -84.149  -32.945 0.1000000015
8404  -15.501  -84.923  -32.960 0.1000000015
8424  -14.864  -84.929  -33.454 0.1000000015
8951  -6.170  -84.040  -12.372 0.1000000015
8953  -7.804  -83.608  -12.531 0.1000000015
8965  -7.402  -83.544  -13.140 0.1000000015
8987  -6.224  -84.130  -14.092 0.3000000119
9020  -2.370  -83.944  -16.653 0.8000000119
9035  -6.609  -83.403  -17.387 1.0000000000
9049  -9.796  -83.397  -17.913 1.0000000000
9072  -2.582  -83.276  -20.848 1.0000000000
9105  -2.493  -83.675  -21.831 0.8999999762
9133  -3.430  -83.509  -24.437 0.4000000060
9144  -2.464  -83.763  -25.748 0.4000000060
9770  -3.836  -82.605  -11.156 0.1000000015
9806  -6.529  -82.936  -13.877 0.1000000015
9854  -2.473  -82.699  -16.347 0.8999999762
9855  -2.770  -82.109  -16.714 0.8999999762
9876  -7.846  -82.208  -18.800 1.0000000000
9879  -10.155  -82.642  -17.643 1.0000000000
9895  -2.777  -82.545  -20.721 1.0000000000
9942  -2.543  -82.944  -25.932 0.2000000030
10658  -13.596  -82.046  -10.398 1.0000000000
10674  -16.052  -81.687  -11.357 1.0000000000
10693  -11.582  -81.528  -12.608 1.0000000000
10694  -12.036  -82.085  -12.046 1.0000000000
10713  -5.774  -82.187  -13.661 0.3000000119
10714  -6.757  -82.258  -13.354 0.1000000015
10729  -2.702  -81.339  -14.937 0.8000000119
10730  -3.364  -81.718  -14.441 0.6999999881
10732  -10.145  -81.526  -14.575 1.0000000000
10733  -15.059  -81.252  -14.802 1.0000000000
10735  -16.256  -81.972  -14.312 1.0000000000
10737  -2.501  -81.995  -15.961 0.8000000119
10740  -8.321  -81.492  -15.636 1.0000000000
10749  -6.084  -81.214  -16.512 1.0000000000
10820  -4.036  -81.544  -24.684 0.5000000000
11589  -7.622  -81.411  -12.288 0.1000000015
11590  -10.910  -80.146  -12.860 1.0000000000
11593  -16.625  -80.736  -12.366 1.0000000000
11624  -2.748  -80.912  -15.458 0.8999999762
12424  -11.644  -79.328  -9.234 1.0000000000
12431  -12.437  -79.876  -8.873 1.0000000000
12434  -15.749  -79.736  -9.474 1.0000000000
12439  -5.127  -79.473  -10.486 0.1000000015
12442  -11.132  -78.886  -10.924 1.0000000000
12449  -3.427  -79.331  -11.448 0.6999999881
12482  -2.907  -79.516  -13.644 0.8000000119
12483  -7.937  -78.808  -14.136 1.0000000000
12486  -10.244  -79.732  -13.260 1.0000000000
12498  -9.108  -79.831  -14.288 1.0000000000
12507  -2.921  -80.256  -15.139 0.8999999762
12511  -7.142  -79.870  -15.336 1.0000000000
13392  -10.797  -78.182  -8.798 1.0000000000
13395  -13.596  -78.874  -8.022 1.0000000000
13401  -3.112  -78.205  -10.191 0.6000000238
13416  -3.562  -78.738  -10.368 0.4000000060
13419  -10.202  -77.720  -11.089 1.0000000000
13435  -9.835  -77.890  -11.807 1.0000000000
13439  -16.122  -78.600  -11.821 1.0000000000
13471  -3.333  -78.921  -14.164 0.8000000119
13473  -5.325  -77.936  -14.440 0.8999999762
13505  -6.910  -78.537  -17.168 1.0000000000
13513  -4.177  -78.847  -18.521 0.8999999762
13514  -4.710  -78.939  -18.254 0.8999999762
14276  -12.699  -77.681  -7.107 1.0000000000
14285  -2.757  -77.004  -9.441 0.5000000000
14286  -3.375  -77.189  -8.995 0.5000000000
14304  -9.988  -76.868  -9.937 1.0000000000
14305  -10.343  -77.582  -9.294 1.0000000000
14315  -2.825  -77.662  -10.459 0.6000000238
14342  -9.083  -77.620  -12.254 1.0000000000
14349  -7.205  -77.698  -13.598 1.0000000000
14350  -8.008  -77.794  -13.244 1.0000000000
14357  -9.610  -77.391  -14.604 1.0000000000
15099  -10.723  -76.105  -6.745 1.0000000000
15102  -13.948  -76.289  -6.909 1.0000000000
15112  -4.170  -76.107  -8.025 0.1000000015
15154  -3.045  -76.438  -9.849 0.5000000000
15187  -4.587  -76.818  -13.381 0.8000000119
15201  -9.345  -76.717  -14.260 1.0000000000
15842  -3.537  -74.615  -8.144 0.3000000119
15855  -3.333  -75.257  -8.628 0.4000000060
15856  -3.439  -75.923  -8.535 0.1000000015
15872  -3.685  -75.681  -10.310 0.8000000119
15874  -8.609  -75.468  -10.235 0.8999999762
15886  -3.934  -75.495  -11.222 0.8000000119
15888  -7.738  -75.477  -11.365 0.8999999762
15896  -6.267  -75.711  -12.571 0.8999999762
15902  -8.655  -75.556  -13.707 0.8999999762
15948  -3.567  -75.672  -17.492 0.8999999762
16597  -11.047  -74.689  -6.284 1.0000000000
16606  -6.048  -74.145  -6.930 0.1000000015
16608  -10.376  -74.710  -6.731 1.0000000000
16614  -3.333  -74.621  -8.732 0.4000000060
16615  -8.876  -74.167  -8.531 0.8999999762
16622  -3.455  -74.656  -9.316 0.5000000000
16627  -13.946  -74.127  -9.766 1.0000000000
16631  -20.969  -73.911  -10.129 1.0000000000
16658  -4.263  -74.698  -11.337 0.8999999762
16663  -10.918  -74.886  -11.336 1.0000000000
16706  -3.712  -74.571  -16.544 0.6999999881
17414  -11.123  -73.814  -6.185 1.0000000000
17434  -3.330  -73.935  -8.822 0.4000000060
17435  -3.415  -73.426  -8.454 0.4000000060
17449  -14.128  -73.367  -9.731 1.0000000000
17465  -3.870  -73.349  -10.800 0.8999999762
17466  -6.377  -73.033  -10.978 0.8999999762
17489  -4.347  -73.127  -11.334 0.8999999762
17491  -5.523  -72.934  -11.408 0.8999999762
17493  -10.854  -74.180  -11.043 1.0000000000
17561  -3.716  -73.722  -16.482 0.5000000000
17568  -3.832  -73.343  -17.323 0.4000000060
18390  -12.942  -72.919  -6.269 1.0000000000
18393  -15.268  -72.981  -6.541 1.0000000000
18402  -4.102  -72.666  -7.798 0.3000000119
18420  -3.411  -73.198  -9.040 0.6000000238
18459  -12.209  -72.262  -9.960 1.0000000000
18474  -4.312  -72.253  -11.356 0.8000000119
18590  -5.011  -72.185  -20.103 0.1000000015
19454  -8.151  -71.743  -8.764 0.8999999762
19467  -7.039  -71.647  -10.211 0.8999999762
20432  -8.622  -70.028  -7.146 1.0000000000
20433  -9.267  -70.496  -6.750 1.0000000000
20468  -4.137  -70.305  -9.001 0.4000000060
20480  -6.711  -70.924  -10.516 0.8999999762
20481  -7.308  -70.879  -9.797 0.8999999762
20495  -5.364  -70.693  -11.421 0.8999999762
20496  -6.135  -70.851  -11.140 0.8999999762
20497  -9.745  -70.322  -11.441 0.8999999762
20504  -16.612  -70.523  -11.537 1.0000000000
21486  -4.442  -69.105  -11.385 0.8000000119
21491  -10.594  -69.240  -11.467 1.0000000000
21518  -15.628  -69.565  -12.325 1.0000000000
22428  -3.898  -68.716  -7.727 0.1000000015
22429  -8.679  -68.793  -7.467 1.0000000000
22441  -9.074  -68.246  -7.848 1.0000000000
22443  -11.499  -68.271  -8.400 0.8999999762
22484  -6.409  -68.889  -10.700 0.8999999762
22505  -11.549  -68.100  -11.720 0.8999999762
22530  -15.541  -68.364  -12.882 1.0000000000
22547  -6.595  -68.593  -12.878 0.2000000030
23465  -3.801  -67.496  -11.026 0.8000000119
23466  -5.626  -67.196  -11.085 0.8000000119
23476  -3.918  -67.968  -11.192 0.6999999881
24484  -4.983  -66.892  -11.292 0.6999999881
24534  -16.517  -66.898  -13.271 1.0000000000
25524  -3.758  -65.693  -9.408 0.5000000000
25531  -27.420  -65.215  -8.532 0.8000000119
25541  -11.783  -64.600  -10.183 0.6000000238
25553  -5.642  -65.285  -10.442 0.8000000119
26490  -13.913  -64.102  -5.811 0.1000000015
26544  -4.441  -64.703  -9.276 0.3000000119
26548  -8.892  -63.561  -8.568 0.2000000030
26563  -6.113  -63.995  -9.516 0.5000000000
26564  -7.017  -64.005  -9.720 0.6000000238
26568  -11.378  -63.898  -9.841 0.4000000060
26603  -11.716  -64.703  -11.553 0.4000000060
26611  -26.006  -64.677  -11.693 0.8999999762
26625  -16.049  -64.440  -12.180 0.8000000119
27533  -10.433  -63.283  -8.889 0.4000000060
27539  -28.686  -62.912  -8.936 0.4000000060
27544  -10.944  -63.496  -9.382 0.4000000060
27550  -28.675  -63.031  -9.636 0.5000000000
27554  -8.733  -63.205  -11.355 0.2000000030
27577  -11.821  -63.894  -11.490 0.5000000000
28512  -7.182  -62.269  -11.575 0.1000000015
28542  -15.648  -62.299  -11.693 0.5000000000
29540  -10.006  -61.253  -11.289 0.2000000030
29544  -14.675  -61.559  -11.820 0.5000000000
30478  -25.621  -60.131  -7.816 0.2000000030
30516  -9.161  -60.537  -11.469 0.1000000015
30524  -28.084  -60.461  -11.204 0.4000000060
31488  -9.239  -59.602  -11.597 0.1000000015
31502  -13.570  -59.874  -12.689 0.3000000119
31528  -13.793  -59.307  -13.110 0.1000000015
32497  -26.820  -58.419  -9.509 0.1000000015
32535  -19.161  -58.773  -14.198 0.4000000060
117975  -24.719  -92.345  -34.097 0.1000000015
117980  -24.337  -92.720  -34.506 0.1000000015
117988  -22.765  -91.487  -35.463 0.1000000015
117993  -17.314  -92.027  -35.932 0.3000000119
118744  -17.214  -97.384  -9.296 0.1000000015
118964  -18.228  -97.962  -9.109 0.1000000015
119133  -13.136  -96.301  -5.407 0.1000000015
119207  -23.320  -91.720  -35.335 0.1000000015
119314  -24.886  -92.775  -34.137 0.1000000015
119323  -14.078  -97.267  -5.677 0.1000000015
119436  -25.263  -92.867  -33.635 0.1000000015
119506  -13.666  -98.603  -5.209 0.1000000015
119957  -12.015  -93.627  -16.705 1.0000000000
120376  -19.056  -99.869  -20.209 0.3000000119
120527  -27.211  -92.415  -24.664 0.2000000030
120890  -10.521  -81.980  -17.405 1.0000000000
121102  -13.466  -99.172  -8.300 0.1000000015
121388  -9.387  -73.857  -7.672 1.0000000000
121443  -11.612  -92.895  -20.874 1.0000000000
121450  -2.989  -75.804  -8.985 0.3000000119
121514  -14.065  -95.690  -18.704 1.0000000000
121520  -3.699  -86.785  -11.131 0.1000000015
121661  -11.357  -98.433  -4.744 0.1000000015
121700  -0.892  -86.894  -26.423 0.4000000060
121786  -1.568  -92.055  -24.797 0.8000000119
121949  -2.959  -83.790  -12.142 0.2000000030
122300  -23.022  -92.193  -35.291 0.1000000015
122374  -10.319  -99.027  -18.211 1.0000000000
122403  -11.611  -97.961  -4.467 0.1000000015
122430  -18.264  -96.155  -21.761 0.5000000000
122441  -10.314  -98.069  -20.105 1.0000000000
122671  -26.612  -98.113  -20.109 0.2000000030
122979  -13.565  -85.691  -34.049 0.1000000015
123097  -10.201  -98.075  -18.727 1.0000000000
123166  -11.737  -87.841  -22.062 1.0000000000
123350  -20.945  -98.795  -16.331 0.2000000030
123410  -3.764  -93.432  -10.780 0.8000000119
123503  -11.041  -99.395  -11.966 0.6999999881
123586  -16.273  -99.121  -27.847 1.0000000000
123705  -3.666  -85.155  -15.520 0.6000000238
123713  -11.333  -97.394  -21.053 1.0000000000
123804  -4.587  -93.845  -16.030 1.0000000000
124041  -11.127  -96.256  -11.204 0.8999999762
124160  -1.203  -91.489  -14.828 0.6999999881
124363  -16.508  -93.468  -20.001 1.0000000000
124485  -13.264  -99.201  -6.872 0.1000000015
124563  -16.303  -99.259  -17.297 0.3000000119
124965  -3.194  -83.930  -31.155 0.1000000015
124966  -2.572  -93.303  -17.387 1.0000000000
125236  -5.029  -74.085  -7.412 0.1000000015
125416  -15.571  -67.684  -13.048 1.0000000000
125573  -6.810  -92.944  -27.640 0.8999999762
125579  -8.307  -73.738  -9.074 0.8999999762
125906  -3.951  -87.841  -27.739 0.1000000015
126021  -7.456  -73.763  -10.177 0.8999999762
126084  -2.532  -86.339  -30.595 0.2000000030
126282  -3.636  -82.150  -25.095 0.4000000060
126438  -3.210  -91.974  -26.731 0.6999999881
126480  -16.220  -99.082  -8.057 0.1000000015
126534  -1.326  -91.847  -12.873 0.6999999881
126698  -1.333  -91.061  -23.997 0.8000000119
126803  -12.480  -96.171  -30.080 1.0000000000
126823  -26.418  -96.952  -28.371 0.3000000119
126861  -16.684  -86.623  -32.107 0.1000000015
127340  -14.054  -99.143  -8.937 0.1000000015
127344  -19.915  -98.014  -29.836 0.6999999881
127466  -8.320  -94.969  -19.186 1.0000000000
127724  -6.079  -92.403  -24.516 1.0000000000
127769  -6.865  -94.652  -18.404 1.0000000000
127931  -12.573  -89.651  -27.045 1.0000000000
127946  -3.863  -69.003  -10.257 0.5000000000
128109  -8.480  -96.571  -8.985 0.8000000119
128130  -13.456  -74.053  -6.230 1.0000000000
128229  -12.660  -88.372  -18.302 1.0000000000
128277  -2.439  -83.281  -16.639 0.8999999762
128415  -2.005  -92.931  -18.473 1.0000000000
128813  -6.311  -94.116  -15.956 1.0000000000
128963  -2.781  -87.837  -18.580 0.8000000119
129225  -12.052  -86.460  -18.685 1.0000000000
129261  -14.963  -99.390  -24.187 0.8999999762
129451  -16.251  -99.145  -27.183 1.0000000000
129553  -6.197  -67.559  -10.531 0.8999999762
129736  -6.334  -64.437  -10.017 0.6999999881
129757  -5.434  -94.474  -19.286 1.0000000000
129866  -6.587  -82.850  -19.750 1.0000000000
129910  -9.770  -83.938  -15.884 1.0000000000
129999  -3.051  -89.375  -32.095 0.5000000000
130013  -11.316  -87.292  -21.087 1.0000000000
130403  -17.311  -91.857  -35.612 0.3000000119
130563  -4.118  -77.807  -9.034 0.3000000119
130623  -17.885  -94.404  -33.756 0.4000000060
130664  -2.313  -85.035  -27.882 0.2000000030
130725  -15.605  -66.058  -12.911 1.0000000000
131328  -11.420  -96.339  -14.008 0.8999999762
131442  -13.511  -96.831  -24.300 1.0000000000
131475  -20.378  -67.051  -12.592 1.0000000000
131510  -4.020  -91.418  -19.480 1.0000000000
131726  -3.620  -93.755  -12.942 1.0000000000
131740  -7.600  -93.969  -15.416 1.0000000000
131974  -12.614  -88.656  -27.094 1.0000000000
132048  -12.965  -72.190  -6.513 1.0000000000
132093  -1.048  -88.903  -30.437 0.3000000119
132191  -10.997  -89.435  -32.379 0.8999999762
132360  -8.916  -92.395  -28.802 1.0000000000
132482  -4.663  -87.334  -21.804 1.0000000000
132510  -5.691  -63.973  -8.942 0.5000000000
132560  -3.833  -69.026  -10.930 0.6999999881
132569  -3.879  -86.583  -27.486 0.1000000015
132816  -26.131  -58.257  -12.919 0.2000000030
132976  -3.806  -83.162  -17.966 0.8999999762
133003  -12.632  -93.285  -16.485 1.0000000000
133012  -3.330  -89.653  -12.895 0.5000000000
133025  -6.739  -93.892  -6.114 0.2000000030
133053  -22.066  -94.589  -25.665 0.2000000030
133085  -24.735  -97.067  -29.777 0.3000000119
133130  -13.208  -85.400  -12.871 1.0000000000
133248  -14.482  -99.167  -25.535 1.0000000000
133441  -9.569  -85.342  -18.379 1.0000000000
133615  -6.113  -92.519  -20.535 1.0000000000
133851  -8.519  -71.901  -8.167 0.8999999762
133946  -16.946  -98.446  -29.791 0.6999999881
133951  -10.429  -94.452  -18.081 1.0000000000
134108  -4.382  -74.533  -11.544 0.8999999762
134265  -18.330  -96.337  -23.346 0.6000000238
134348  -18.818  -89.174  -20.179 1.0000000000
134443  -15.060  -95.293  -16.716 1.0000000000
134506  -21.076  -95.508  -33.292 0.3000000119
134535  -4.908  -72.779  -7.458 0.2000000030
134561  -9.226  -99.073  -12.819 0.6999999881
134687  -3.500  -79.149  -25.289 0.1000000015
134961  -16.564  -98.102  -7.479 0.1000000015
135001  -17.946  -97.679  -9.062 0.1000000015
135583  -16.191  -98.585  -7.165 0.1000000015
135665  -12.912  -97.280  -24.985 1.0000000000
135788  -18.607  -97.996  -16.523 0.2000000030
135859  -3.972  -78.621  -18.622 0.8000000119
136078  -14.250  -96.554  -27.124 1.0000000000
136084  -22.324  -94.056  -25.309 0.2000000030
136157  -22.639  -65.423  -12.345 1.0000000000
136326  -3.663  -81.055  -20.248 0.8999999762
136562  -18.979  -97.990  -24.678 0.6999999881
136931  -15.136  -98.424  -6.142 0.1000000015
137007  -4.529  -93.535  -25.259 1.0000000000
137062  -7.705  -81.108  -15.731 1.0000000000
137085  -6.063  -85.100  -20.466 1.0000000000
137112  -3.948  -72.020  -11.181 0.6999999881
137127  -23.872  -98.461  -23.196 0.2000000030
137150  -20.514  -99.104  -22.636 0.3000000119
137362  -23.235  -96.901  -31.027 0.3000000119
137551  -2.120  -92.089  -10.111 0.5000000000
137631  -4.942  -85.033  -20.701 1.0000000000
137703  -12.020  -86.835  -29.385 1.0000000000
137974  -15.640  -98.464  -6.592 0.1000000015
138008  -16.046  -99.291  -15.871 0.3000000119
138215  -20.411  -98.428  -14.894 0.1000000015
138326  -17.346  -55.834  -16.946 0.2000000030
138461  -2.621  -83.091  -21.583 0.8999999762
138550  -9.797  -70.914  -6.432 1.0000000000
138563  -11.267  -92.852  -27.356 1.0000000000
138587  -4.026  -87.626  -9.768 0.1000000015
138709  -11.526  -98.942  -21.812 1.0000000000
138770  -12.448  -97.937  -25.556 1.0000000000
138789  -18.393  -99.294  -18.735 0.3000000119
138851  -20.469  -94.427  -34.177 0.3000000119
138957  -9.832  -92.386  -13.339 1.0000000000
139014  -3.995  -92.615  -24.050 1.0000000000
139026  -2.450  -92.599  -25.108 0.8000000119
139066  -1.622  -86.349  -22.119 0.8999999762
139151  -9.139  -75.735  -9.781 0.8999999762
139216  -9.500  -99.104  -14.819 0.8999999762
139430  -3.265  -77.226  -12.112 0.6000000238
139515  -7.388  -88.893  -14.800 1.0000000000
139548  -16.233  -93.762  -19.018 1.0000000000
139864  -9.125  -76.167  -13.877 1.0000000000
139953  -4.279  -74.985  -21.185 0.1000000015
140310  -11.379  -99.175  -19.864 1.0000000000
140623  -2.782  -76.621  -9.545 0.3000000119
140772  -7.076  -90.454  -31.603 0.8999999762
140814  -16.463  -81.600  -13.244 1.0000000000
140852  -8.247  -68.250  -11.893 0.4000000060
141015  -14.285  -95.496  -9.155 0.1000000015
141052  -8.714  -95.787  -4.941 0.1000000015
141209  -15.117  -95.131  -15.706 1.0000000000
141303  -11.401  -87.719  -12.942 1.0000000000
141347  -5.925  -64.804  -10.257 0.6000000238
141362  -5.938  -77.172  -13.725 0.8999999762
141462  -8.958  -94.853  -20.483 1.0000000000
141508  -19.073  -97.740  -16.906 0.2000000030
141538  -12.796  -92.393  -23.614 1.0000000000
141658  -22.148  -94.110  -25.493 0.2000000030
141667  -1.199  -91.890  -17.830 1.0000000000
141696  -19.686  -97.812  -30.276 0.6000000238
141707  -29.827  -93.078  -24.863 0.1000000015
141730  -3.104  -86.520  -15.963 0.6000000238
141742  -11.189  -99.272  -10.438 0.4000000060
141818  -4.341  -69.649  -8.156 0.1000000015
141870  -18.426  -87.300  -21.190 1.0000000000
141920  -7.199  -92.629  -28.248 0.8999999762
141972  -9.021  -96.045  -10.328 0.8999999762
142103  -15.795  -95.287  -22.546 1.0000000000
142116  -14.495  -72.073  -6.769 1.0000000000
142131  -11.194  -97.598  -4.471 0.1000000015
142241  -2.770  -90.036  -13.850 0.6000000238
142269  -10.099  -95.718  -9.377 0.8999999762
142291  -14.373  -87.835  -28.395 1.0000000000
142348  -22.861  -97.733  -22.649 0.2000000030
142554  -7.172  -67.686  -9.050 0.8999999762
142746  -22.754  -97.337  -24.635 0.2000000030
142779  -2.697  -88.700  -18.482 0.8000000119
142894  -19.278  -95.397  -33.442 0.4000000060
142895  -17.384  -75.858  -10.617 1.0000000000
142930  -3.472  -94.123  -20.242 1.0000000000
142931  -12.895  -82.230  -10.897 1.0000000000
143009  -15.241  -96.909  -8.243 0.1000000015
143289  -13.760  -99.157  -11.331 0.2000000030
143307  -14.974  -71.195  -10.846 1.0000000000
143317  -4.130  -82.124  -17.455 0.8999999762
143333  -10.775  -98.745  -7.763 0.3000000119
143384  -3.951  -65.192  -9.068 0.3000000119
143406  -11.486  -97.542  -22.129 1.0000000000
143630  -26.298  -96.612  -29.147 0.3000000119
143704  -14.640  -74.740  -6.471 1.0000000000
143793  -10.555  -88.220  -34.450 0.4000000060
143829  -8.863  -97.761  -5.264 0.2000000030
143928  -9.533  -92.500  -12.737 1.0000000000
143944  -32.385  -92.181  -28.899 0.1000000015
144035  -8.840  -81.534  -15.413 1.0000000000
144085  -12.031  -69.171  -11.731 1.0000000000
144147  -8.453  -63.756  -8.252 0.2000000030
144164  -8.020  -81.107  -18.272 1.0000000000
144250  -10.071  -88.463  -29.502 1.0000000000
144292  -19.575  -99.377  -21.310 0.3000000119
144457  -7.787  -93.558  -14.425 1.0000000000
