#!ascii label  , from subject sub-v1s14x0051564_ses-1 vox2ras=TkReg
6533
95038  50.893  8.460  32.162 0.2000000030
94149  49.829  7.491  32.258 0.3000000119
94155  50.740  7.581  31.989 0.2000000030
95050  51.130  8.132  31.504 0.2000000030
94158  48.707  6.511  31.204 0.2000000030
94166  51.023  6.301  30.950 0.3000000119
94165  51.143  7.097  31.280 0.2000000030
95060  51.210  7.998  30.922 0.3000000119
93264  49.814  5.815  30.321 0.3000000119
146340  50.519  5.939  30.510 0.3000000119
95061  51.149  7.075  30.711 0.4000000060
95067  51.015  8.275  30.395 0.2000000030
157109  48.864  5.630  28.461 0.4000000060
92289  49.062  5.652  29.169 0.3000000119
94172  49.936  6.171  29.343 0.4000000060
94171  50.637  6.408  30.146 0.3000000119
95068  50.481  7.665  29.931 0.4000000060
95997  49.576  8.446  29.246 0.3000000119
92301  48.840  5.564  27.753 0.5000000000
93284  49.206  5.890  28.344 0.5000000000
146714  49.576  6.011  28.723 0.5000000000
94181  49.289  6.625  28.696 0.5000000000
95069  49.623  7.367  29.246 0.4000000060
92326  49.152  5.665  26.192 0.4000000060
93296  49.308  5.773  27.339 0.5000000000
94196  49.217  6.190  27.940 0.5000000000
95076  48.669  7.713  28.540 0.5000000000
138265  48.897  8.303  28.803 0.5000000000
93322  49.421  6.382  25.088 0.4000000060
93312  49.112  5.879  25.529 0.4000000060
94206  49.329  6.190  27.033 0.5000000000
94182  48.579  7.132  28.162 0.5000000000
96004  48.857  9.060  28.698 0.4000000060
93326  48.711  6.445  24.106 0.4000000060
93311  49.428  6.345  25.934 0.5000000000
94207  48.665  6.874  26.731 0.5000000000
94197  48.312  7.149  27.456 0.5000000000
95077  47.929  7.937  27.939 0.5000000000
96005  48.244  8.613  28.300 0.5000000000
94231  50.189  7.577  23.930 0.5000000000
155269  49.723  6.828  24.653 0.4000000060
94216  49.428  6.912  25.938 0.5000000000
95091  47.404  8.140  27.200 0.5000000000
96017  47.446  8.969  27.632 0.5000000000
96098  49.423  10.091  17.866 0.8000000119
96096  48.774  9.565  19.304 0.8999999762
96090  49.717  9.165  20.751 0.8000000119
141946  48.972  8.200  21.809 0.6000000238
95134  50.794  8.116  23.710 0.6000000238
94228  49.959  7.428  24.518 0.5000000000
95115  49.597  7.414  25.310 0.5000000000
95116  48.349  7.776  25.683 0.5000000000
95092  47.067  8.292  26.528 0.5000000000
96016  48.194  9.521  28.139 0.4000000060
96102  49.342  10.165  16.949 0.8000000119
134830  49.588  10.009  18.831 0.8999999762
135603  49.431  9.546  20.102 0.8000000119
95148  51.847  9.088  22.211 0.8000000119
153994  51.081  8.201  22.977 0.6999999881
95127  50.348  7.865  24.213 0.5000000000
95129  48.905  8.143  25.087 0.5000000000
95104  47.037  8.316  25.829 0.5000000000
96036  46.279  9.093  26.103 0.5000000000
96018  46.740  8.932  26.908 0.5000000000
96942  47.610  9.998  27.599 0.5000000000
149656  49.446  10.282  15.198 0.6999999881
96106  49.327  10.247  16.091 0.8000000119
96089  50.537  9.630  20.507 0.8000000119
95138  51.581  8.780  22.768 0.6999999881
96067  49.993  9.191  24.093 0.6000000238
96059  49.472  8.606  24.530 0.5000000000
95130  47.399  8.545  25.172 0.5000000000
145515  46.355  9.687  26.649 0.5000000000
97023  50.081  10.716  16.622 0.8000000119
97018  50.390  10.567  18.507 0.8999999762
96094  50.918  10.177  20.182 0.8999999762
96083  52.054  9.939  21.766 0.8000000119
96989  51.283  10.058  22.904 0.6999999881
96068  48.547  9.395  24.014 0.5000000000
96061  46.629  9.198  24.550 0.5000000000
96050  46.296  9.007  25.274 0.5000000000
97027  50.472  10.835  15.285 0.6999999881
97017  51.335  11.110  19.215 0.8999999762
96088  51.667  10.030  20.951 0.8000000119
97000  50.762  10.815  22.400 0.8999999762
96075  50.536  9.652  23.505 0.5000000000
157624  50.967  10.957  14.667 0.6999999881
149377  49.998  10.681  15.864 0.8000000119
97019  51.092  11.292  18.220 0.8999999762
96998  52.091  10.724  21.478 0.8000000119
140868  49.671  10.514  22.821 0.5000000000
96983  49.152  9.935  23.490 0.6000000238
96069  47.122  9.539  23.878 0.5000000000
96051  45.615  9.712  25.457 0.5000000000
149774  50.940  9.752  8.972 0.6000000238
96144  51.482  10.118  10.515 0.6999999881
96132  50.611  10.046  12.294 0.6999999881
137309  50.963  10.686  13.852 0.6999999881
97022  50.936  11.348  17.219 0.8999999762
97983  51.691  11.796  18.814 0.8999999762
97969  51.811  11.611  20.678 0.8999999762
97955  50.937  11.358  21.731 0.8999999762
96984  47.804  10.052  23.321 0.5000000000
96062  45.668  9.586  24.695 0.5000000000
96151  51.610  10.158  9.682 0.6999999881
96138  51.523  10.226  11.341 0.6999999881
97052  51.377  10.526  12.955 0.6999999881
97026  50.918  11.297  16.174 0.8000000119
97985  51.715  11.937  17.868 0.8000000119
97016  51.753  11.527  19.766 0.8999999762
97956  49.340  11.278  21.847 0.8999999762
97001  48.272  10.905  22.274 0.6000000238
96070  45.989  9.745  23.891 0.5000000000
97101  51.753  10.253  8.783 0.6999999881
97075  52.383  10.438  11.060 0.6999999881
97064  51.565  10.373  12.154 0.6999999881
97040  52.244  11.190  13.599 0.6999999881
97991  52.477  12.067  15.108 0.6999999881
149534  51.725  11.967  16.917 0.8999999762
98910  51.673  12.140  20.002 0.8999999762
97970  51.088  11.889  21.013 0.8999999762
96990  47.424  10.563  22.619 0.5000000000
146938  52.539  10.590  11.900 0.6999999881
97051  52.711  10.964  12.815 0.6999999881
97031  51.856  11.382  14.437 0.6999999881
97987  51.961  11.977  16.035 0.8000000119
157274  52.222  12.474  16.627 0.8999999762
97984  51.894  12.452  18.289 0.8000000119
98911  51.378  12.166  20.336 0.8999999762
97972  48.421  11.735  20.946 0.8000000119
97002  47.194  10.991  21.935 0.6000000238
97087  52.705  10.628  9.646 0.6999999881
97088  52.240  10.411  10.325 0.6999999881
97039  53.427  11.589  13.418 0.6999999881
98003  52.947  11.850  14.106 0.6999999881
142541  52.518  12.591  15.942 0.8000000119
98945  52.198  12.991  17.696 0.8000000119
99879  51.709  12.900  18.813 0.8000000119
99875  50.454  13.327  18.745 0.8999999762
98912  50.141  12.336  20.211 0.8999999762
97074  53.206  10.656  10.669 0.6999999881
97063  53.484  10.792  11.568 0.6999999881
98002  53.153  12.437  14.493 0.6000000238
98944  52.273  13.203  16.850 0.8000000119
97062  54.662  11.546  12.108 0.6999999881
133936  53.667  11.131  12.397 0.6999999881
98001  53.814  12.166  13.634 0.6000000238
98974  53.510  12.680  14.137 0.6000000238
98951  52.743  12.996  15.868 0.8000000119
99900  52.448  13.238  16.191 0.8000000119
135342  51.876  13.419  17.435 0.8000000119
136140  55.191  11.851  11.612 0.6999999881
98040  55.205  12.297  12.077 0.6000000238
98027  54.427  12.052  13.057 0.6000000238
98973  53.906  12.660  13.672 0.6000000238
98959  53.169  12.883  14.994 0.6000000238
99911  52.810  13.206  15.410 0.8000000119
99901  51.773  13.612  16.547 0.8000000119
99003  54.655  12.681  12.798 0.6000000238
99950  54.043  12.972  13.446 0.6000000238
99926  53.710  12.853  13.906 0.6999999881
99928  52.475  13.498  14.942 0.8000000119
99014  55.177  12.718  12.146 0.6000000238
99004  53.695  13.182  12.824 0.6000000238
99016  52.748  13.165  12.005 0.6000000238
96879  50.539  10.118  32.904 0.2000000030
95970  51.149  9.948  32.216 0.2000000030
96888  51.626  10.311  31.413 0.2000000030
95049  51.475  8.734  31.059 0.2000000030
95996  50.502  8.743  29.664 0.2000000030
96003  49.767  9.347  29.020 0.3000000119
96103  48.634  9.680  17.259 0.8000000119
96111  48.807  9.870  15.641 0.6999999881
96943  46.919  9.769  27.144 0.5000000000
97041  49.952  10.218  13.780 0.6999999881
96964  46.591  10.514  26.735 0.5000000000
96159  50.503  9.241  8.361 0.5000000000
96152  49.960  9.243  9.984 0.6000000238
96165  50.731  9.223  7.734 0.5000000000
96145  50.595  9.698  10.818 0.6999999881
96158  51.096  9.751  8.145 0.6000000238
148953  50.767  9.691  9.840 0.6999999881
96139  50.837  9.992  11.635 0.6999999881
96124  50.291  10.130  13.088 0.6999999881
96978  45.009  10.184  24.997 0.5000000000
97112  51.759  10.233  7.812 0.6999999881
97120  51.752  10.065  7.056 0.6999999881
96991  46.585  10.687  22.349 0.5000000000
96985  46.504  10.229  23.107 0.5000000000
98913  48.747  12.157  20.186 0.8999999762
134063  54.381  11.134  11.178 0.6999999881
98924  50.186  12.852  19.436 0.8999999762
97073  54.059  10.989  10.193 0.6999999881
99891  51.268  13.620  17.861 0.8000000119
99881  50.608  13.640  18.163 0.8000000119
98053  55.183  11.790  10.733 0.6999999881
98039  55.455  12.594  11.439 0.6999999881
99942  52.767  13.391  14.152 0.6999999881
99929  50.566  13.687  15.294 0.8000000119
99025  55.034  13.143  11.219 0.6000000238
99015  54.251  13.210  12.024 0.6000000238
98990  50.720  13.137  13.518 0.6999999881
99944  50.442  13.411  14.436 0.8000000119
99005  52.328  13.207  12.710 0.6999999881
99017  51.390  12.851  11.930 0.6999999881
158206  52.878  13.166  11.344 0.6000000238
151433  51.714  12.865  11.214 0.6999999881
134396  50.590  12.515  11.184 0.6999999881
97839  50.410  11.323  32.437 0.2000000030
98808  49.858  12.135  32.249 0.2000000030
143976  50.931  10.692  32.274 0.2000000030
95988  51.804  9.542  30.808 0.2000000030
95989  51.453  8.958  30.515 0.2000000030
95994  51.984  9.720  30.033 0.2000000030
95995  51.415  9.212  29.885 0.2000000030
96921  50.242  10.126  28.561 0.3000000119
96940  49.591  10.641  27.950 0.3000000119
96963  47.233  10.450  27.172 0.5000000000
142016  46.833  11.274  26.545 0.5000000000
97930  46.111  11.112  26.288 0.5000000000
94360  51.527  7.603  6.160 0.6000000238
141615  51.194  8.933  6.709 0.5000000000
97935  45.386  11.024  25.798 0.5000000000
96965  45.771  10.186  26.192 0.5000000000
94375  52.055  7.938  5.547 0.6000000238
95241  51.609  8.649  6.088 0.6000000238
96992  45.711  10.669  22.464 0.5000000000
96979  44.527  10.717  24.538 0.6000000238
149267  52.160  8.770  5.476 0.6000000238
96170  51.605  9.496  6.553 0.6000000238
97974  46.763  11.810  20.435 0.6999999881
97958  46.894  11.408  21.235 0.6999999881
97100  52.732  10.811  8.491 0.6999999881
98926  47.897  12.464  19.406 0.8999999762
97111  52.473  10.670  7.252 0.6000000238
99882  48.665  13.500  17.979 0.8999999762
98935  49.336  13.172  18.698 0.8999999762
97099  53.453  11.315  7.864 0.6000000238
155772  53.767  11.324  8.744 0.6000000238
97086  53.586  11.061  9.338 0.6999999881
99892  50.127  13.822  17.481 0.8000000119
149600  49.695  13.637  18.093 0.8000000119
158498  49.215  13.720  15.588 0.8000000119
159524  50.851  13.855  16.418 0.8000000119
98065  54.696  11.586  9.537 0.6999999881
98077  55.570  12.726  9.698 0.5000000000
98063  55.617  12.757  10.301 0.6000000238
99024  55.533  12.972  10.698 0.6000000238
99007  49.962  12.659  12.798 0.6999999881
98078  55.295  12.348  9.052 0.5000000000
99032  55.522  13.067  9.967 0.5000000000
99961  55.180  13.267  10.273 0.5000000000
99033  54.141  13.402  10.246 0.5000000000
99026  53.571  13.282  10.921 0.6000000238
99018  50.261  12.503  11.992 0.6999999881
99977  55.129  13.538  8.613 0.5000000000
99969  55.153  13.358  9.510 0.5000000000
99034  52.671  13.185  9.910 0.5000000000
99027  52.114  12.981  10.564 0.6000000238
99028  50.955  12.599  10.439 0.6000000238
133562  53.555  13.606  8.218 0.5000000000
99979  53.341  13.400  9.165 0.5000000000
99046  51.939  13.053  8.922 0.5000000000
99036  50.401  12.403  9.047 0.6000000238
99037  49.741  12.102  9.466 0.6999999881
99047  51.281  12.957  7.953 0.5000000000
99048  50.371  12.541  8.195 0.5000000000
97840  50.109  12.061  32.834 0.2000000030
98793  49.938  12.757  32.716 0.2000000030
97848  50.304  11.644  31.986 0.2000000030
96889  51.170  11.178  31.588 0.2000000030
148019  49.243  12.159  30.998 0.2000000030
97863  50.731  11.661  31.187 0.2000000030
97847  51.874  10.955  30.884 0.2000000030
98826  51.117  11.987  30.431 0.2000000030
96906  52.248  10.400  29.547 0.2000000030
97861  52.177  11.198  30.254 0.2000000030
96905  52.390  10.926  29.685 0.2000000030
96919  52.181  10.573  28.876 0.2000000030
96002  50.908  9.623  29.221 0.2000000030
96918  52.387  10.860  29.174 0.2000000030
97892  52.354  11.310  28.629 0.2000000030
97893  51.881  10.995  28.176 0.3000000119
96939  50.847  10.747  27.970 0.3000000119
97907  52.293  11.797  27.636 0.3000000119
142297  51.332  11.390  27.414 0.3000000119
97908  50.066  11.247  27.395 0.3000000119
97909  48.920  11.103  27.406 0.4000000060
97926  50.445  11.837  26.815 0.3000000119
97928  48.242  11.445  26.893 0.4000000060
98876  48.502  12.079  26.358 0.3000000119
98877  47.541  11.719  26.456 0.5000000000
98878  46.723  11.819  26.141 0.4000000060
97934  45.880  11.738  25.797 0.5000000000
94374  52.689  7.437  5.210 0.5000000000
98894  44.556  12.208  24.651 0.6000000238
98889  45.064  11.738  25.298 0.6000000238
94373  53.337  7.004  4.950 0.5000000000
98897  44.022  12.569  23.975 0.6000000238
97940  44.065  11.227  24.066 0.6000000238
94381  55.019  7.110  3.860 0.5000000000
94382  54.034  7.124  4.310 0.5000000000
94383  53.277  7.783  4.576 0.6000000238
97950  43.500  11.723  22.820 0.6000000238
96993  44.663  10.864  22.646 0.6000000238
152307  54.624  7.669  3.642 0.6000000238
95264  52.637  8.359  5.004 0.6000000238
96169  52.102  9.564  5.840 0.6999999881
97960  44.268  11.324  21.822 0.6000000238
97004  45.205  11.093  21.746 0.5000000000
97003  46.229  11.037  21.748 0.5000000000
96179  52.643  9.340  5.070 0.6000000238
159184  52.340  10.149  5.995 0.6000000238
97959  45.847  11.507  20.913 0.5000000000
98927  46.791  12.356  19.498 0.8999999762
96188  53.319  8.901  4.385 0.5000000000
97126  52.730  10.286  5.424 0.5000000000
152461  46.343  12.806  18.648 0.8999999762
98937  47.225  12.850  18.629 0.8000000119
96178  53.294  10.019  4.449 0.6000000238
99883  47.641  13.310  17.911 0.8999999762
149637  49.123  13.730  17.526 0.8000000119
97110  53.305  11.315  6.830 0.6000000238
99914  48.471  13.728  15.726 0.8999999762
97136  53.808  10.716  3.737 0.5000000000
97125  53.390  10.967  4.762 0.6000000238
97118  53.277  11.199  5.803 0.6000000238
98095  54.246  11.885  7.448 0.6000000238
99930  49.649  13.548  14.954 0.8000000119
98121  53.829  11.819  5.226 0.6000000238
98109  54.137  12.038  6.362 0.6000000238
152534  49.187  12.446  12.934 0.6999999881
98120  54.518  12.611  5.568 0.6000000238
99057  55.318  12.835  7.613 0.5000000000
99044  55.512  12.913  8.937 0.5000000000
99029  49.915  12.200  10.399 0.6999999881
99019  49.222  12.204  12.132 0.6999999881
99087  55.044  13.507  5.732 0.6000000238
99985  55.314  13.529  7.625 0.5000000000
98067  48.328  11.632  9.649 0.8000000119
159381  55.145  13.994  5.527 0.5000000000
99997  55.256  14.001  6.835 0.5000000000
137419  54.600  13.831  7.999 0.5000000000
99049  49.632  12.180  8.589 0.6000000238
98081  48.144  11.703  8.802 0.8000000119
99101  54.802  13.783  4.932 0.5000000000
100813  54.933  14.466  5.943 0.5000000000
100804  54.522  14.502  6.238 0.5000000000
152862  53.830  13.909  7.507 0.5000000000
99989  51.917  13.333  7.297 0.5000000000
99058  50.438  12.816  7.333 0.5000000000
99071  49.823  12.844  6.838 0.5000000000
99060  48.471  12.303  7.406 0.6000000238
100814  54.366  14.753  5.444 0.5000000000
100805  53.709  14.760  5.611 0.5000000000
100008  52.482  14.301  5.809 0.5000000000
100010  50.216  14.009  5.385 0.5000000000
100000  50.567  13.319  6.411 0.5000000000
100816  51.954  15.049  4.834 0.5000000000
100009  51.273  14.110  5.600 0.5000000000
98149  53.610  11.535  2.587 0.4000000060
143094  52.950  12.119  2.610 0.4000000060
101451  48.047  15.092  31.529 0.2000000030
98809  49.093  12.599  31.822 0.2000000030
103170  48.328  17.046  30.282 0.1000000015
102294  47.772  16.437  30.685 0.1000000015
99775  48.488  13.476  31.764 0.2000000030
98827  49.854  11.958  31.544 0.2000000030
103171  46.649  16.420  30.423 0.1000000015
101457  46.569  15.005  30.805 0.1000000015
98828  48.520  12.498  30.809 0.2000000030
154489  46.943  13.814  30.489 0.2000000030
145938  50.064  12.066  30.711 0.2000000030
99801  47.705  13.143  29.593 0.2000000030
98845  48.296  12.654  30.033 0.2000000030
98825  51.894  11.788  30.054 0.2000000030
98842  51.566  12.342  29.724 0.2000000030
99813  47.227  13.593  28.958 0.2000000030
99799  49.773  12.892  29.317 0.2000000030
99810  50.316  13.460  28.656 0.2000000030
99798  51.206  12.987  29.180 0.2000000030
100663  50.902  14.096  28.138 0.2000000030
98856  52.373  12.530  28.753 0.2000000030
101468  52.467  14.752  26.525 0.2000000030
144778  52.579  13.980  27.192 0.3000000119
99817  52.471  13.720  27.755 0.3000000119
99808  52.595  13.043  28.082 0.3000000119
99826  52.452  13.440  26.204 0.3000000119
97906  52.527  12.694  27.520 0.3000000119
99844  52.020  14.035  25.143 0.3000000119
99836  52.168  13.530  25.757 0.3000000119
98873  51.880  12.851  26.189 0.3000000119
97925  51.638  12.085  26.851 0.3000000119
99846  49.733  13.818  24.837 0.3000000119
99838  50.261  13.377  25.324 0.3000000119
99837  51.378  13.410  25.483 0.3000000119
98874  50.707  12.470  26.270 0.3000000119
100696  49.102  14.193  24.384 0.4000000060
99847  48.552  13.716  24.742 0.3000000119
99839  49.191  13.344  25.197 0.3000000119
98886  48.811  12.705  25.767 0.3000000119
98875  49.578  12.285  26.302 0.3000000119
100697  48.137  14.188  24.242 0.4000000060
99848  47.675  13.631  24.678 0.4000000060
99840  48.170  13.169  25.229 0.4000000060
98887  47.638  12.451  25.825 0.4000000060
99850  45.792  13.301  24.514 0.6000000238
98892  46.225  12.891  25.055 0.5000000000
139384  45.775  12.288  25.371 0.5000000000
99851  44.821  13.011  24.385 0.6000000238
98893  45.324  12.580  24.922 0.6000000238
99859  43.878  13.890  23.028 0.6000000238
133896  43.434  12.437  23.199 0.6000000238
99855  44.392  13.433  23.730 0.6000000238
98900  42.997  12.336  22.288 0.6000000238
97976  43.787  11.682  21.104 0.6000000238
98918  42.619  12.563  20.753 0.6999999881
98917  43.280  12.150  20.479 0.6000000238
98916  44.270  11.986  20.180 0.8000000119
98931  42.715  12.625  19.927 0.6999999881
98929  44.500  12.550  19.229 0.8999999762
98938  45.664  12.829  18.640 0.8999999762
135578  43.816  12.839  18.698 0.8000000119
98939  44.970  13.005  18.319 0.8999999762
99885  45.903  13.114  18.099 0.8999999762
99893  48.162  13.693  17.251 0.8999999762
95278  54.174  9.570  3.496 0.5000000000
133249  44.005  13.106  17.827 0.6999999881
99895  46.241  13.376  17.484 0.8999999762
99906  46.512  13.573  16.829 0.8999999762
99905  47.379  13.717  16.639 0.8999999762
98953  45.106  13.091  16.553 0.8999999762
98960  46.192  13.088  15.491 0.8999999762
99933  46.980  13.314  15.266 0.8999999762
99931  48.706  13.473  14.977 0.8000000119
97148  54.403  10.394  2.734 0.5000000000
98130  53.848  11.601  4.230 0.6000000238
98979  45.666  12.529  14.904 0.8999999762
98993  47.598  12.387  13.671 0.8999999762
98992  48.585  12.549  13.465 0.8999999762
97135  53.936  11.267  3.256 0.6000000238
142758  54.146  12.294  4.762 0.6000000238
98994  46.713  12.279  13.911 0.8999999762
99009  47.897  12.057  12.817 0.8999999762
98029  47.370  11.614  12.128 0.8999999762
96215  54.961  10.076  2.062 0.5000000000
135307  54.532  12.975  4.864 0.6000000238
98068  47.670  11.444  10.180 0.8999999762
97147  54.243  10.732  2.397 0.5000000000
138740  54.069  10.983  2.417 0.6000000238
98137  53.867  11.785  3.224 0.6000000238
137997  54.288  12.969  4.141 0.6000000238
98082  47.331  11.590  8.613 0.8000000119
99132  53.951  12.900  3.637 0.5000000000
100836  54.071  15.077  4.254 0.5000000000
99072  49.012  12.747  6.781 0.5000000000
99074  47.162  12.514  6.446 0.8000000119
100012  46.958  13.446  4.941 0.6000000238
99117  53.880  14.065  3.669 0.5000000000
100041  53.204  13.954  3.300 0.5000000000
101654  53.624  15.484  3.951 0.5000000000
101648  52.220  15.994  3.706 0.5000000000
100001  49.557  13.287  6.114 0.5000000000
154207  47.487  13.373  5.323 0.5000000000
99133  53.574  12.828  3.300 0.5000000000
99134  53.101  12.875  2.976 0.5000000000
99135  52.384  12.848  3.047 0.4000000060
100847  52.570  15.051  3.163 0.5000000000
100848  51.619  15.753  2.972 0.5000000000
101649  51.286  16.027  3.272 0.5000000000
100817  50.923  14.960  4.636 0.5000000000
100819  49.089  14.956  4.094 0.5000000000
100831  47.678  14.759  3.645 0.5000000000
104026  46.959  18.155  29.472 0.1000000015
100656  46.403  14.325  30.222 0.1000000015
100659  46.316  14.075  29.291 0.1000000015
99812  48.092  13.423  28.806 0.2000000030
101469  51.970  15.096  26.914 0.2000000030
100673  51.471  14.598  27.534 0.2000000030
101472  48.539  15.036  27.116 0.2000000030
102313  51.798  16.007  25.829 0.3000000119
143280  51.329  15.622  26.450 0.2000000030
101471  49.607  15.104  27.090 0.2000000030
158543  52.089  16.434  24.519 0.3000000119
103209  51.720  16.770  24.766 0.3000000119
101499  52.307  15.594  25.491 0.3000000119
144330  52.555  15.014  25.824 0.3000000119
102347  52.146  16.524  24.062 0.3000000119
101507  52.172  15.965  24.148 0.3000000119
146108  52.111  14.712  24.756 0.3000000119
101508  52.027  15.724  23.847 0.3000000119
101510  50.145  15.291  23.374 0.3000000119
100695  50.165  14.342  24.425 0.4000000060
100704  49.604  14.773  23.869 0.4000000060
100705  48.614  14.714  23.782 0.4000000060
100698  47.243  14.102  24.137 0.4000000060
101511  49.098  15.270  23.318 0.4000000060
100706  47.710  14.637  23.653 0.4000000060
100707  46.830  14.522  23.532 0.4000000060
100712  46.419  14.934  22.901 0.4000000060
99854  45.350  13.730  23.933 0.6000000238
101524  45.104  15.146  22.112 0.6000000238
144117  43.748  14.407  22.373 0.6000000238
100715  43.209  13.900  22.364 0.6000000238
99863  42.459  13.507  21.472 0.6000000238
98901  42.603  12.741  21.515 0.6000000238
98942  41.771  13.453  17.885 0.6999999881
98940  43.029  12.993  18.187 0.6999999881
132750  41.721  13.284  17.069 0.6999999881
132798  44.046  12.923  16.847 0.8999999762
98963  43.492  12.418  16.042 0.8999999762
98962  44.484  12.589  15.922 0.8999999762
98004  45.194  11.971  14.341 0.8999999762
97993  43.945  11.962  15.296 0.8000000119
98005  44.370  11.696  14.509 0.8999999762
158604  45.509  11.758  13.744 0.8999999762
98030  46.482  11.444  12.243 0.8999999762
136335  47.079  11.304  10.638 0.8999999762
98056  46.365  11.163  10.666 0.8999999762
156493  47.030  11.403  9.105 0.8999999762
98098  46.165  11.776  7.156 0.8000000119
99075  46.365  12.162  6.516 0.8000000119
99090  45.459  12.479  5.237 0.6999999881
102315  49.576  16.162  26.100 0.3000000119
100676  48.011  14.423  27.655 0.2000000030
104081  52.487  17.921  23.066 0.2000000030
103241  52.202  17.281  23.459 0.3000000119
103242  52.120  17.608  23.729 0.3000000119
103210  50.701  17.068  25.022 0.3000000119
102314  50.719  16.161  26.018 0.3000000119
102336  48.096  16.601  25.618 0.3000000119
102318  46.769  15.985  26.049 0.2000000030
103256  52.770  17.922  22.278 0.3000000119
104097  52.763  18.311  22.458 0.3000000119
103251  52.526  17.788  22.848 0.3000000119
101517  51.720  16.048  23.150 0.3000000119
103211  49.565  17.147  25.122 0.3000000119
103212  48.547  17.124  25.131 0.3000000119
102337  47.214  16.515  25.589 0.2000000030
101500  45.157  16.178  25.751 0.1000000015
103264  51.887  17.736  21.080 0.3000000119
103258  51.300  17.280  21.457 0.3000000119
103252  52.334  17.383  22.531 0.3000000119
139202  51.262  16.375  22.486 0.3000000119
102361  50.204  16.260  22.298 0.3000000119
103259  50.247  17.256  21.270 0.3000000119
101519  49.630  15.761  22.806 0.3000000119
101521  47.754  15.599  22.562 0.5000000000
101513  47.293  15.072  23.030 0.4000000060
102374  46.276  16.085  21.254 0.5000000000
101525  46.345  15.653  21.818 0.5000000000
140897  45.006  16.319  20.261 0.6000000238
101527  44.688  15.489  21.310 0.6000000238
100713  45.505  14.764  22.787 0.5000000000
102389  43.419  16.362  19.151 0.5000000000
102382  43.694  16.085  19.767 0.6000000238
101528  43.707  15.245  21.217 0.6000000238
100718  44.125  14.963  21.941 0.6000000238
101548  41.924  15.679  18.869 0.6000000238
101534  42.478  15.312  20.216 0.6000000238
100724  42.102  14.566  20.537 0.6000000238
100720  42.521  14.268  21.297 0.6000000238
101549  41.583  15.393  18.335 0.6000000238
100733  41.377  14.629  18.371 0.6000000238
100725  41.631  14.393  19.816 0.6999999881
99876  42.122  13.165  20.277 0.6000000238
102402  41.647  15.665  17.534 0.5000000000
133958  41.442  13.917  18.194 0.6999999881
99886  42.187  13.094  19.391 0.6999999881
101554  41.302  15.208  16.950 0.5000000000
100736  41.268  14.317  17.576 0.6000000238
98941  42.281  13.169  18.502 0.6999999881
149629  40.674  13.946  15.437 0.6000000238
98957  40.975  13.059  15.846 0.6000000238
98956  41.341  13.206  16.472 0.6000000238
100755  40.708  14.135  14.877 0.6000000238
98966  40.741  12.914  15.136 0.6999999881
97994  42.834  11.890  15.375 0.6999999881
98021  41.313  11.486  13.473 0.6999999881
98019  43.135  11.079  13.930 0.6999999881
139692  44.728  11.443  13.662 0.8000000119
137603  45.485  11.469  13.116 0.8999999762
98022  40.649  11.852  13.175 0.6999999881
98033  41.144  11.373  12.714 0.6999999881
97054  43.583  10.654  12.498 0.8000000119
98031  45.657  11.274  12.369 0.8999999762
97056  41.754  10.896  12.147 0.8000000119
97067  43.261  10.478  11.669 0.8000000119
137634  44.679  10.682  11.010 0.8000000119
98057  45.796  10.994  10.089 0.8999999762
98084  45.693  11.222  8.562 0.8999999762
98123  43.043  11.902  5.797 0.8999999762
97068  42.330  10.592  11.390 0.8000000119
97077  44.241  10.560  10.341 0.8000000119
97076  45.005  10.802  10.269 0.8000000119
98085  45.192  11.206  8.066 0.8999999762
134441  44.596  11.655  6.592 0.8999999762
97079  42.532  10.578  10.450 0.8000000119
97078  43.443  10.490  10.242 0.8000000119
97090  44.477  10.697  9.616 0.8000000119
97103  44.148  10.782  8.825 0.8000000119
97091  43.685  10.621  9.471 0.8000000119
104082  52.128  18.155  23.366 0.2000000030
104074  50.641  18.036  24.011 0.2000000030
103228  51.366  17.432  24.341 0.3000000119
155709  52.081  19.239  18.641 0.2000000030
104983  52.327  19.105  22.430 0.2000000030
103230  49.030  17.614  24.609 0.2000000030
103214  46.639  16.957  25.098 0.2000000030
102338  45.853  16.562  25.400 0.2000000030
105022  50.111  19.394  18.017 0.2000000030
104124  49.860  18.762  19.460 0.2000000030
104116  51.486  18.184  20.386 0.2000000030
103265  50.874  17.719  20.832 0.3000000119
104085  49.001  18.548  23.528 0.2000000030
104077  47.595  18.080  24.059 0.2000000030
103243  45.827  17.953  23.972 0.2000000030
103234  45.382  17.377  24.476 0.2000000030
149623  49.701  19.156  18.714 0.2000000030
104118  49.350  18.270  20.105 0.2000000030
102371  49.679  16.750  21.740 0.3000000119
104126  47.883  18.607  19.310 0.4000000060
103261  48.191  17.553  20.751 0.3000000119
103260  49.093  17.276  21.150 0.3000000119
102372  48.681  16.695  21.703 0.3000000119
103268  46.541  17.219  20.285 0.4000000060
102378  47.370  17.045  20.965 0.4000000060
141083  47.046  16.330  21.376 0.5000000000
136580  45.524  17.818  18.772 0.4000000060
102387  45.420  16.904  19.829 0.6000000238
157306  45.960  17.048  20.032 0.5000000000
143969  44.149  17.798  16.913 0.5000000000
102396  43.879  16.827  18.724 0.5000000000
103274  45.198  17.277  19.229 0.5000000000
102388  44.427  16.640  19.462 0.5000000000
137511  43.469  17.351  16.490 0.4000000060
103283  43.870  17.188  18.147 0.6000000238
102397  43.106  16.655  18.331 0.6000000238
103398  43.518  17.900  4.297 0.6000000238
105193  43.253  19.160  4.476 0.6000000238
103302  42.923  16.877  16.024 0.4000000060
103287  43.460  17.208  17.447 0.6000000238
102398  42.159  16.114  18.155 0.6000000238
102501  44.645  16.455  7.455 0.6999999881
103388  44.938  17.684  5.256 0.6000000238
103389  43.987  17.398  5.047 0.6000000238
104272  42.803  18.422  4.114 0.6000000238
103301  43.566  17.345  15.608 0.4000000060
103291  42.830  16.792  16.868 0.5000000000
102401  42.172  16.264  17.236 0.6000000238
102502  43.736  16.322  7.085 0.6000000238
102512  44.372  16.883  6.207 0.6000000238
102513  43.414  16.752  5.935 0.6000000238
102514  42.421  16.724  5.565 0.6000000238
102523  42.088  17.162  4.578 0.6000000238
103312  43.743  17.227  14.751 0.4000000060
102415  42.433  16.371  15.603 0.5000000000
102406  41.725  15.830  16.721 0.5000000000
102489  43.924  16.049  8.103 0.6999999881
101618  43.422  15.854  8.609 0.6000000238
102490  43.166  16.046  7.871 0.6000000238
102503  42.807  16.407  6.850 0.6000000238
102425  43.261  16.666  14.292 0.4000000060
102426  42.576  16.313  14.752 0.5000000000
101561  41.865  15.777  15.229 0.5000000000
101610  43.237  15.671  9.287 0.6000000238
101619  42.723  15.808  8.655 0.6000000238
102491  42.253  16.197  7.789 0.6000000238
158822  42.193  15.819  14.408 0.6000000238
100754  41.047  14.446  14.213 0.6000000238
100761  40.576  13.604  14.043 0.6000000238
101611  42.313  15.483  9.548 0.6000000238
101602  41.568  15.045  10.244 0.6000000238
101612  41.187  15.351  9.313 0.6000000238
101613  40.393  15.038  8.971 0.6000000238
100779  39.872  14.031  10.067 0.6000000238
99971  39.558  13.636  9.226 0.6999999881
99945  40.406  12.960  13.376 0.6999999881
98996  40.379  12.412  12.818 0.6999999881
99957  40.005  13.067  11.450 0.6999999881
153546  39.766  12.924  10.789 0.6999999881
99038  40.013  11.989  9.584 0.8000000119
99051  40.016  12.094  8.914 0.8000000119
98058  40.981  11.339  11.158 0.6999999881
98047  40.410  11.775  11.595 0.6999999881
153933  40.959  11.407  10.480 0.6999999881
137883  41.317  11.520  8.978 0.8000000119
98088  41.754  11.481  8.335 0.8000000119
98102  42.449  11.494  7.549 0.8000000119
98113  41.845  11.788  6.797 0.8999999762
97080  41.654  10.901  10.647 0.8000000119
155312  41.319  11.321  9.768 0.8000000119
98071  42.070  11.110  9.108 0.8000000119
132528  43.161  11.213  7.989 0.8000000119
97093  42.045  10.817  9.889 0.8000000119
97092  42.802  10.713  9.535 0.8000000119
157668  52.247  19.420  17.230 0.2000000030
134563  52.095  19.402  17.979 0.2000000030
105046  53.158  19.285  16.646 0.2000000030
105033  51.146  19.483  17.382 0.2000000030
105047  51.774  19.464  16.494 0.2000000030
105023  48.951  19.284  18.178 0.3000000119
104139  48.334  19.008  18.760 0.4000000060
104141  46.718  18.665  18.440 0.4000000060
103281  46.301  18.144  18.976 0.4000000060
105036  47.237  19.225  17.390 0.3000000119
104148  46.451  18.911  17.629 0.3000000119
104142  45.934  18.391  18.232 0.3000000119
103273  45.947  17.502  19.553 0.4000000060
104156  46.006  18.931  16.988 0.3000000119
103285  45.147  18.033  18.008 0.4000000060
138751  46.136  18.641  15.448 0.4000000060
104158  44.767  18.229  16.428 0.5000000000
103397  44.442  18.139  4.469 0.6999999881
104270  44.764  18.675  4.538 0.6999999881
103290  44.135  17.799  16.049 0.4000000060
102511  45.384  17.134  6.471 0.6000000238
104269  45.628  18.698  4.897 0.5000000000
103310  45.378  17.844  14.261 0.4000000060
102487  45.306  16.255  8.189 0.5000000000
156552  45.283  16.627  7.402 0.5000000000
103311  44.498  17.518  14.433 0.4000000060
102476  44.018  15.884  9.060 0.6999999881
157882  43.742  15.721  9.769 0.5000000000
102424  44.024  16.995  13.877 0.4000000060
138882  43.161  15.553  10.077 0.6000000238
102434  43.490  16.407  13.281 0.4000000060
102435  42.706  16.159  13.899 0.5000000000
101574  41.639  14.847  13.543 0.6000000238
101592  41.849  14.879  11.067 0.6999999881
140409  42.171  15.256  13.012 0.5000000000
100760  41.027  14.136  13.329 0.6000000238
100772  41.322  14.425  11.705 0.6999999881
141393  40.609  13.479  13.143 0.6999999881
99952  40.337  13.161  12.394 0.6999999881
100767  40.886  13.919  12.443 0.6999999881
105078  52.963  18.993  14.856 0.2000000030
105064  52.405  19.286  15.671 0.2000000030
105079  51.688  19.194  14.850 0.2000000030
136477  50.064  19.532  17.134 0.2000000030
105048  50.552  19.549  16.451 0.2000000030
105034  49.219  19.453  17.325 0.2000000030
105035  48.457  19.379  17.476 0.2000000030
105049  49.469  19.479  16.488 0.3000000119
145950  47.884  19.360  17.232 0.3000000119
105051  47.492  19.265  16.621 0.3000000119
105052  46.669  19.132  16.784 0.3000000119
105069  46.936  19.008  15.869 0.3000000119
152235  48.702  18.243  13.679 0.3000000119
104184  47.653  18.597  14.577 0.3000000119
103319  48.212  17.770  13.193 0.3000000119
104185  46.142  18.300  14.599 0.3000000119
102500  45.922  16.700  7.318 0.5000000000
103396  46.012  18.075  5.244 0.5000000000
103321  46.562  17.590  13.367 0.3000000119
103309  46.152  17.895  13.914 0.3000000119
102486  46.746  16.117  8.592 0.5000000000
154867  46.146  16.259  8.139 0.5000000000
103322  45.759  17.410  13.427 0.4000000060
102465  45.943  15.841  10.231 0.5000000000
102473  46.654  15.880  9.590 0.5000000000
102466  45.184  15.820  10.060 0.5000000000
101609  44.406  15.798  9.909 0.5000000000
103337  46.164  17.033  12.741 0.4000000060
102432  45.309  16.860  12.780 0.4000000060
102442  44.881  16.248  12.166 0.5000000000
101589  44.776  15.963  11.402 0.5000000000
101599  44.642  15.805  10.711 0.5000000000
101600  43.260  15.565  10.882 0.5000000000
101601  42.459  15.317  10.525 0.6000000238
102443  44.052  16.305  12.501 0.5000000000
101580  44.124  16.016  11.833 0.5000000000
101591  42.559  15.342  11.338 0.5000000000
101581  43.367  15.983  12.401 0.6000000238
100766  41.662  14.698  12.570 0.6000000238
104179  53.414  18.685  14.172 0.2000000030
104180  52.306  18.756  14.147 0.2000000030
155827  52.279  17.847  12.882 0.2000000030
105065  51.109  19.462  15.628 0.2000000030
104193  51.684  18.362  13.494 0.2000000030
104181  51.049  18.912  14.114 0.2000000030
105066  49.906  19.434  15.633 0.2000000030
104194  50.521  18.349  13.525 0.2000000030
104182  49.949  18.838  14.121 0.2000000030
105067  48.845  19.257  15.749 0.3000000119
103331  52.176  17.223  12.120 0.2000000030
103332  50.799  17.241  12.327 0.2000000030
104195  49.541  18.266  13.576 0.3000000119
105081  49.255  19.058  14.813 0.3000000119
104207  50.060  17.700  12.924 0.2000000030
104183  48.463  18.654  14.331 0.3000000119
104167  48.261  18.947  15.091 0.3000000119
103318  49.069  17.756  13.049 0.3000000119
103334  48.514  17.200  12.449 0.3000000119
103387  47.062  18.192  5.602 0.5000000000
152450  47.745  17.385  12.783 0.3000000119
103335  47.621  16.897  12.205 0.3000000119
103379  46.558  17.436  6.265 0.5000000000
103386  47.888  18.308  5.900 0.3000000119
102454  46.744  16.143  11.234 0.4000000060
102464  46.706  15.899  10.454 0.5000000000
136233  45.750  16.469  12.157 0.4000000060
101588  45.471  16.105  11.539 0.5000000000
102455  46.033  15.960  11.009 0.5000000000
104192  53.114  18.272  13.371 0.2000000030
104205  53.389  17.622  12.399 0.2000000030
149587  54.108  17.667  11.812 0.2000000030
103330  53.603  17.166  11.421 0.2000000030
103356  53.347  16.822  9.383 0.2000000030
103345  52.825  16.702  10.824 0.2000000030
103347  50.228  16.775  11.847 0.2000000030
103333  49.500  17.227  12.438 0.3000000119
102451  50.000  16.287  10.973 0.2000000030
102460  51.000  16.249  9.993 0.2000000030
103349  48.311  16.542  11.664 0.3000000119
102499  46.970  16.704  7.333 0.5000000000
103378  47.636  17.611  6.206 0.5000000000
104261  47.875  18.828  6.043 0.3000000119
102453  47.485  16.356  11.492 0.4000000060
132607  48.111  16.065  10.999 0.3000000119
133553  47.454  15.824  9.836 0.4000000060
136166  48.262  15.990  8.840 0.5000000000
102485  47.648  16.309  8.071 0.5000000000
102498  48.107  16.952  6.892 0.3000000119
104213  54.237  17.804  11.277 0.2000000030
105105  53.911  18.953  11.513 0.2000000030
149702  52.670  19.305  10.881 0.2000000030
105107  51.725  19.572  10.875 0.2000000030
106710  50.744  21.702  10.235 0.2000000030
103329  54.088  17.386  11.028 0.2000000030
103343  54.041  17.498  10.421 0.2000000030
105126  52.543  18.726  10.161 0.2000000030
136505  50.056  21.510  10.671 0.2000000030
106698  49.559  21.057  11.182 0.2000000030
106711  49.225  21.779  10.744 0.2000000030
103361  53.396  17.435  9.082 0.2000000030
104223  52.396  18.225  9.054 0.2000000030
105108  50.661  19.626  10.822 0.2000000030
105109  49.678  19.591  10.743 0.2000000030
106712  48.394  21.901  10.941 0.2000000030
107496  47.980  22.547  10.461 0.2000000030
107508  47.547  23.113  10.007 0.2000000030
102468  52.219  16.580  8.956 0.2000000030
103362  52.708  17.167  8.310 0.2000000030
148446  48.902  19.594  10.668 0.2000000030
106699  48.747  21.182  11.266 0.2000000030
141534  47.176  21.281  11.402 0.2000000030
102449  51.994  16.426  10.233 0.2000000030
102481  51.995  16.834  8.079 0.2000000030
102469  51.145  16.381  8.791 0.2000000030
102470  50.398  16.296  8.499 0.2000000030
103370  50.316  17.568  6.679 0.2000000030
104242  50.730  17.989  6.850 0.2000000030
104243  49.697  18.422  6.868 0.3000000119
104233  48.903  18.871  7.881 0.3000000119
153932  47.189  19.206  8.490 0.3000000119
105147  46.877  19.235  9.451 0.2000000030
102452  48.986  16.154  10.823 0.2000000030
102461  49.952  16.137  9.783 0.2000000030
102471  49.365  15.985  8.941 0.2000000030
102483  50.321  16.671  7.410 0.2000000030
103376  49.562  17.666  6.320 0.3000000119
104254  48.463  18.923  6.383 0.3000000119
105160  48.054  19.152  7.395 0.3000000119
105161  46.911  19.394  7.526 0.3000000119
156670  49.136  15.938  9.967 0.2000000030
153337  49.217  16.350  7.925 0.3000000119
107516  50.023  22.562  8.999 0.2000000030
107506  49.115  22.822  9.486 0.2000000030
108333  48.560  23.252  9.121 0.2000000030
108334  47.790  23.501  9.227 0.2000000030
107494  49.821  22.233  10.036 0.2000000030
107507  48.305  22.991  9.777 0.2000000030
107495  48.811  22.444  10.256 0.2000000030
105127  51.451  18.905  10.113 0.2000000030
104224  51.276  18.418  9.067 0.2000000030
142471  50.396  19.002  10.036 0.2000000030
107498  46.416  22.692  10.779 0.2000000030
105128  49.401  19.046  9.813 0.2000000030
105110  48.137  19.933  10.976 0.2000000030
104230  52.082  17.916  8.017 0.2000000030
154711  50.351  18.597  9.095 0.2000000030
105956  47.573  20.592  11.328 0.2000000030
107486  45.209  22.130  11.360 0.2000000030
104240  52.173  17.444  7.949 0.2000000030
102482  51.316  16.755  7.668 0.2000000030
104241  51.589  17.622  7.438 0.2000000030
104232  49.859  18.572  8.228 0.2000000030
105146  47.848  19.095  8.851 0.2000000030
105131  46.571  19.550  10.415 0.2000000030
106702  45.571  21.398  11.513 0.2000000030
104231  51.127  18.182  7.859 0.2000000030
108332  49.226  23.157  8.553 0.2000000030
108359  48.648  23.798  7.671 0.2000000030
108345  48.382  23.637  8.462 0.2000000030
133289  49.406  23.354  7.657 0.2000000030
109124  48.171  24.174  6.963 0.2000000030
106701  46.359  21.328  11.463 0.2000000030
107499  45.626  22.775  10.909 0.2000000030
105145  48.631  19.004  9.261 0.2000000030
105129  48.478  19.331  10.209 0.2000000030
105111  47.136  19.967  11.011 0.2000000030
107485  46.004  22.079  11.291 0.2000000030
105130  47.616  19.351  10.100 0.2000000030
105112  46.230  20.080  11.087 0.2000000030
94156  50.579  6.705  31.629 0.2000000030
93258  50.038  6.064  31.113 0.2000000030
93270  50.187  5.896  29.864 0.3000000119
136439  48.198  5.515  28.709 0.3000000119
92327  48.170  5.294  26.452 0.4000000060
142752  49.452  6.319  26.386 0.5000000000
93321  49.618  6.948  23.996 0.5000000000
94229  49.800  7.022  25.197 0.5000000000
94198  47.725  7.624  26.851 0.5000000000
94237  49.347  7.266  23.274 0.6000000238
95140  49.150  7.613  22.520 0.6000000238
95128  50.018  7.758  24.739 0.4000000060
94208  47.907  7.595  26.288 0.5000000000
96099  48.656  9.624  18.214 0.8000000119
96095  49.937  9.886  19.723 0.8999999762
95150  50.085  8.579  21.595 0.8000000119
96084  51.273  9.170  21.460 0.8000000119
95149  51.192  8.557  22.263 0.6999999881
133551  50.160  8.099  22.391 0.6000000238
96066  50.938  8.795  23.787 0.6000000238
97020  50.186  10.670  17.548 0.8000000119
97014  50.675  10.401  19.450 0.8999999762
96073  51.885  9.529  22.548 0.6999999881
96074  51.486  9.188  23.249 0.6999999881
96060  47.915  8.890  24.560 0.5000000000
97032  50.121  10.496  14.490 0.6999999881
97013  51.657  10.772  20.271 0.8999999762
96999  51.897  10.542  22.104 0.8000000119
147899  48.412  10.431  22.892 0.5000000000
97992  51.456  11.413  15.289 0.8999999762
147405  52.108  12.563  17.397 0.8000000119
97982  51.745  12.149  19.174 0.8999999762
97971  49.736  11.807  20.995 0.8999999762
146849  45.366  10.340  23.302 0.5000000000
156157  50.870  12.606  19.912 0.8999999762
98922  51.640  12.401  19.337 0.8999999762
97973  47.495  11.667  20.868 0.8000000119
97957  47.898  11.370  21.531 0.6999999881
97050  53.906  11.543  13.027 0.6999999881
97049  54.510  11.719  12.700 0.6000000238
99951  53.146  13.281  13.464 0.6999999881
140593  51.445  13.648  15.126 0.8000000119
99913  51.186  13.786  15.878 0.8000000119
99943  51.629  13.473  14.274 0.8000000119
98989  51.929  13.329  13.448 0.6999999881
96164  51.227  9.529  7.300 0.6000000238
97936  44.779  10.902  25.269 0.6000000238
155110  44.419  11.444  24.749 0.6000000238
98914  47.645  12.012  20.212 0.8000000119
98936  48.251  12.961  18.624 0.8999999762
98064  55.485  12.276  10.048 0.6000000238
99006  51.040  12.936  12.696 0.6999999881
98991  49.626  12.909  13.652 0.8000000119
96987  44.517  10.648  23.648 0.6000000238
97980  45.940  12.032  19.999 0.8000000119
149755  52.647  10.632  6.288 0.6000000238
138409  49.210  13.840  16.230 0.8000000119
143933  49.150  13.829  16.902 0.8000000119
98079  54.489  11.787  8.451 0.6000000238
98108  54.852  12.448  7.226 0.6000000238
99970  54.533  13.449  9.678 0.5000000000
98041  49.625  12.171  11.279 0.6999999881
99986  55.113  13.846  7.609 0.5000000000
99035  51.308  12.737  9.614 0.6000000238
99980  52.412  13.336  8.170 0.5000000000
150623  51.027  12.700  8.733 0.5000000000
98066  49.105  11.859  9.978 0.6999999881
98080  48.966  11.864  9.104 0.6999999881
99990  51.134  13.146  7.095 0.5000000000
99059  49.506  12.456  7.611 0.6000000238
98843  50.462  12.405  29.914 0.2000000030
99797  52.041  12.690  29.167 0.2000000030
97927  49.275  11.685  26.858 0.3000000119
99841  47.172  13.052  25.182 0.4000000060
99856  43.704  13.114  23.401 0.6000000238
97947  43.713  11.796  23.651 0.6000000238
95263  53.989  8.200  3.844 0.6000000238
97961  43.514  11.641  21.957 0.6000000238
135411  44.715  11.520  21.007 0.6000000238
97975  45.169  11.823  20.336 0.6999999881
98928  45.860  12.499  19.231 0.8999999762
99884  46.715  13.155  17.960 0.8999999762
99894  47.081  13.523  17.340 0.8999999762
99915  47.589  13.703  15.868 0.8999999762
96203  55.013  9.588  2.431 0.5000000000
98976  48.172  12.946  14.333 0.8000000119
99070  55.095  12.919  6.600 0.5000000000
99008  48.624  12.193  12.660 0.8999999762
99069  55.365  13.363  7.231 0.5000000000
98028  48.288  11.851  12.039 0.8999999762
98055  48.487  11.663  10.510 0.8000000119
153131  47.545  11.476  9.346 0.8999999762
100019  54.501  14.481  4.618 0.5000000000
99987  54.592  14.195  7.141 0.5000000000
99050  48.777  12.015  8.225 0.6999999881
98096  47.865  11.882  7.980 0.6999999881
99998  53.505  14.171  6.646 0.5000000000
135567  52.436  13.727  6.717 0.5000000000
99999  51.609  13.560  6.474 0.5000000000
99073  48.086  12.643  6.641 0.8000000119
101647  53.080  15.752  4.223 0.5000000000
100815  52.981  15.235  4.858 0.5000000000
100650  47.944  14.296  31.586 0.2000000030
101456  47.174  15.622  30.969 0.1000000015
98810  48.151  12.964  31.312 0.2000000030
100651  47.025  14.347  31.008 0.2000000030
99800  48.649  12.933  29.388 0.2000000030
99809  52.215  13.265  28.529 0.2000000030
100662  52.046  14.013  28.043 0.2000000030
98872  52.534  13.092  26.780 0.3000000119
100691  52.516  14.678  25.365 0.3000000119
100694  51.301  14.465  24.523 0.4000000060
98885  49.866  12.855  25.761 0.3000000119
99853  46.325  13.948  24.037 0.5000000000
100708  44.913  14.176  23.313 0.6000000238
155632  42.299  13.094  20.998 0.6000000238
98930  43.541  12.455  19.598 0.8000000119
132733  42.866  12.807  19.074 0.6999999881
99896  45.567  13.251  17.672 0.8999999762
98947  43.257  12.983  17.419 0.6999999881
98946  44.929  13.192  17.399 0.8999999762
99917  45.957  13.334  16.302 0.8999999762
99916  46.748  13.566  16.064 0.8999999762
98961  45.381  12.847  15.702 0.8999999762
98977  47.278  12.843  14.494 0.8999999762
99932  47.841  13.414  15.092 0.8999999762
98995  45.944  12.167  14.177 0.8999999762
98017  46.921  11.806  13.028 0.8999999762
98018  46.130  11.807  13.469 0.8999999762
98043  47.795  11.535  11.183 0.8999999762
98069  46.735  11.233  9.752 0.8999999762
98097  46.886  11.754  7.782 0.8000000119
99061  47.552  12.172  7.200 0.8000000119
100002  48.610  13.178  6.001 0.5000000000
100011  47.755  13.020  5.920 0.6000000238
99088  47.032  12.939  5.665 0.6000000238
99062  46.837  12.033  7.002 0.8000000119
100022  46.354  13.546  4.288 0.6000000238
99089  46.306  12.806  5.232 0.6999999881
100021  47.603  13.941  4.666 0.5000000000
100839  52.358  15.806  3.457 0.5000000000
100818  49.927  14.897  4.354 0.5000000000
139862  49.122  14.004  5.113 0.5000000000
100020  48.359  14.467  4.402 0.5000000000
100829  49.623  15.657  3.279 0.5000000000
100841  47.440  15.144  2.564 0.5000000000
101470  50.804  15.164  27.059 0.2000000030
101483  48.075  15.540  26.587 0.2000000030
102333  51.215  16.496  25.392 0.3000000119
101482  49.060  15.605  26.586 0.3000000119
102331  52.225  15.856  24.731 0.3000000119
100702  51.745  15.050  24.157 0.4000000060
101518  50.728  15.788  22.883 0.3000000119
101520  48.644  15.720  22.734 0.5000000000
101522  46.877  15.468  22.301 0.5000000000
138950  45.905  14.371  23.434 0.5000000000
101523  46.013  15.256  22.247 0.6000000238
100719  43.210  14.573  21.768 0.6000000238
98954  42.930  12.766  16.722 0.6999999881
155660  42.621  12.448  16.057 0.6000000238
98980  44.843  12.286  15.087 0.8999999762
133393  43.913  11.293  14.011 0.8000000119
98007  42.489  11.474  14.505 0.6999999881
132614  45.976  11.200  11.644 0.8999999762
98045  45.602  10.973  10.941 0.8000000119
98083  46.496  11.377  8.712 0.8999999762
137828  45.962  11.471  7.911 0.8000000119
98099  45.341  11.524  7.290 0.8999999762
99076  45.884  12.279  5.891 0.6999999881
98110  45.570  11.856  6.519 0.8000000119
99077  45.082  12.025  5.844 0.8000000119
102335  49.047  16.645  25.622 0.3000000119
102316  48.566  16.114  26.105 0.2000000030
104075  49.526  18.079  24.062 0.2000000030
103213  47.612  17.071  25.115 0.2000000030
104982  52.883  18.755  22.263 0.2000000030
103231  48.059  17.605  24.618 0.3000000119
103232  47.144  17.554  24.578 0.2000000030
102370  50.747  16.795  21.861 0.3000000119
102362  49.150  16.258  22.267 0.3000000119
102364  47.412  15.978  21.938 0.5000000000
102379  46.619  16.651  20.884 0.4000000060
102375  45.413  15.972  20.924 0.6000000238
102376  44.706  15.863  20.671 0.6000000238
102381  44.240  16.013  20.209 0.6000000238
102390  42.574  16.052  18.954 0.6000000238
101533  43.423  15.600  20.406 0.6000000238
101542  42.146  15.537  19.508 0.6999999881
100730  41.462  14.151  19.041 0.6999999881
101562  41.366  15.327  16.056 0.5000000000
100746  40.787  14.034  16.076 0.6000000238
99908  40.991  13.582  16.329 0.6000000238
100745  40.918  14.553  15.610 0.5000000000
99934  40.604  13.477  14.911 0.6999999881
97995  41.805  11.998  14.991 0.6000000238
140184  41.435  12.797  15.989 0.6000000238
142789  41.295  15.145  15.272 0.6000000238
98008  41.535  11.685  14.233 0.6999999881
98020  42.225  11.211  13.729 0.6999999881
98009  40.772  12.019  13.911 0.6999999881
98032  41.986  11.030  12.949 0.8000000119
97042  43.828  10.959  13.336 0.8000000119
97043  42.900  10.763  13.179 0.8000000119
97053  44.675  11.023  12.637 0.8000000119
98034  40.524  11.804  12.412 0.6999999881
97055  42.629  10.624  12.322 0.8000000119
145527  44.202  10.638  11.765 0.8000000119
97065  45.141  10.947  11.727 0.8000000119
98070  45.825  11.095  9.275 0.8999999762
97102  45.020  10.955  8.886 0.8999999762
98112  42.823  11.695  6.566 0.8999999762
98100  44.528  11.299  7.574 0.8999999762
98101  43.595  11.449  7.198 0.8999999762
98122  44.346  11.968  5.800 0.8000000119
97104  43.277  10.879  8.738 0.8000000119
104084  50.046  18.519  23.510 0.2000000030
104137  50.596  19.110  18.929 0.2000000030
105021  51.259  19.302  18.347 0.2000000030
104076  48.519  18.090  24.076 0.2000000030
104125  48.785  18.664  19.447 0.2000000030
104117  50.419  18.243  20.215 0.2000000030
103266  49.823  17.753  20.688 0.3000000119
148767  48.927  17.800  20.554 0.3000000119
103271  48.261  18.192  20.073 0.2000000030
132453  46.756  17.885  19.663 0.4000000060
103267  47.398  17.703  20.264 0.3000000119
102373  47.800  16.554  21.592 0.4000000060
103286  44.345  17.683  17.723 0.5000000000
104150  44.879  18.213  17.234 0.5000000000
144180  42.673  17.711  4.360 0.6000000238
105194  42.370  19.010  4.522 0.6000000238
102405  42.316  16.365  16.410 0.5000000000
104273  41.840  18.386  4.369 0.6000000238
103300  44.769  18.136  15.603 0.4000000060
102504  41.712  16.410  6.548 0.6000000238
135883  41.766  15.803  8.607 0.6000000238
145718  40.811  15.668  8.191 0.6000000238
100784  40.579  14.668  9.946 0.6000000238
100790  39.938  14.482  9.302 0.6000000238
100791  39.667  14.388  8.551 0.6999999881
100778  40.329  14.108  10.631 0.6000000238
99963  39.661  13.211  10.134 0.6999999881
99039  39.693  12.605  9.458 0.8000000119
99052  39.590  12.752  8.606 0.6999999881
99010  40.188  12.424  11.987 0.6999999881
99020  39.965  12.343  11.165 0.6999999881
99030  39.855  12.293  10.283 0.6999999881
98072  40.616  11.745  9.283 0.8000000119
98087  42.573  11.191  8.430 0.8000000119
98103  41.365  11.770  7.595 0.8000000119
105024  47.901  19.255  17.976 0.3000000119
104157  45.426  18.602  16.737 0.5000000000
133309  46.887  18.619  14.957 0.3000000119
104170  45.405  18.515  15.933 0.4000000060
102474  45.834  15.929  9.163 0.5000000000
102475  44.881  15.939  9.165 0.5000000000
103323  44.885  17.284  13.571 0.4000000060
102433  44.443  16.679  13.003 0.4000000060
105080  50.453  19.256  14.822 0.2000000030
104197  46.940  18.194  14.052 0.3000000119
102472  47.332  15.970  9.038 0.5000000000
136080  44.056  15.795  11.196 0.5000000000
101582  42.526  15.446  12.231 0.6000000238
104206  51.181  17.815  12.901 0.2000000030
102450  50.877  16.419  10.984 0.2000000030
103348  49.221  16.684  11.758 0.3000000119
103377  48.686  17.812  6.092 0.3000000119
102463  47.469  15.952  10.710 0.4000000060
102496  49.612  16.943  6.816 0.3000000119
105125  53.503  18.526  10.495 0.2000000030
104222  53.372  17.981  9.258 0.2000000030
106696  51.955  20.956  11.022 0.2000000030
105953  51.084  20.463  11.193 0.2000000030
154069  50.322  20.994  11.129 0.2000000030
107505  50.819  22.055  9.471 0.2000000030
105957  46.727  20.601  11.361 0.2000000030
104244  48.974  18.877  6.768 0.3000000119
107500  44.813  22.871  11.018 0.2000000030
146549  51.639  4.071  13.758 0.3000000119
90627  50.404  3.701  13.651 0.3000000119
90628  49.691  3.495  13.173 0.3000000119
88874  55.722  1.688  17.273 0.2000000030
88860  55.506  1.927  18.214 0.2000000030
91513  52.054  3.976  12.973 0.3000000119
90626  51.142  3.808  13.272 0.3000000119
90642  50.478  3.589  12.761 0.3000000119
90657  49.793  3.401  12.198 0.3000000119
90643  48.806  3.252  12.536 0.3000000119
89730  56.763  2.480  17.065 0.2000000030
90641  51.246  3.711  12.388 0.3000000119
148581  49.202  3.350  11.473 0.3000000119
89729  57.096  2.572  16.545 0.2000000030
148967  57.544  3.325  15.779 0.3000000119
92416  57.477  4.953  14.981 0.3000000119
92425  57.204  6.156  14.571 0.3000000119
91522  52.948  4.246  12.242 0.3000000119
91523  51.964  3.883  11.899 0.3000000119
90655  51.233  3.694  11.576 0.3000000119
90658  48.155  3.244  11.468 0.3000000119
91533  52.520  4.172  11.337 0.3000000119
91534  51.711  3.946  10.880 0.3000000119
90669  50.646  3.618  10.899 0.3000000119
90670  49.696  3.545  10.744 0.3000000119
91547  48.614  4.046  10.155 0.3000000119
92466  56.744  6.319  10.523 0.3000000119
90683  50.191  3.898  10.055 0.3000000119
91546  49.358  3.897  10.136 0.3000000119
141167  49.081  4.327  9.717 0.3000000119
134484  57.729  6.592  9.066 0.3000000119
93456  57.548  6.590  8.348 0.3000000119
93478  58.074  6.560  6.291 0.3000000119
144542  58.119  6.674  6.983 0.3000000119
92529  58.242  6.255  5.952 0.3000000119
137747  52.202  4.539  15.223 0.3000000119
91507  51.024  3.963  14.110 0.3000000119
90618  50.360  3.786  14.475 0.3000000119
140106  49.728  3.590  14.090 0.3000000119
136089  48.954  3.366  13.729 0.3000000119
90620  48.261  3.088  14.506 0.3000000119
88861  54.699  1.435  18.531 0.2000000030
88862  54.003  0.855  18.626 0.2000000030
91505  52.587  4.612  14.680 0.3000000119
90629  48.101  2.990  13.356 0.3000000119
155176  47.411  2.751  13.084 0.3000000119
89731  56.250  2.269  17.656 0.2000000030
92428  55.250  6.339  14.664 0.3000000119
92429  54.316  5.646  14.739 0.3000000119
155150  53.044  4.643  14.120 0.3000000119
91512  53.015  4.422  13.330 0.3000000119
90644  47.776  2.930  12.430 0.3000000119
90645  46.957  2.802  12.535 0.3000000119
92434  54.825  5.713  13.908 0.3000000119
91521  53.783  4.667  12.828 0.3000000119
90646  46.281  3.201  12.135 0.2000000030
149691  57.305  3.333  16.920 0.3000000119
92399  57.260  4.863  16.828 0.3000000119
92417  56.994  5.921  15.452 0.3000000119
92426  56.586  6.588  14.980 0.3000000119
92427  55.798  6.387  13.774 0.3000000119
92445  55.109  5.533  12.560 0.3000000119
141394  53.776  4.598  12.031 0.3000000119
91532  53.394  4.517  11.232 0.3000000119
90672  48.004  3.707  10.657 0.3000000119
91535  46.052  4.468  11.403 0.2000000030
92407  57.295  4.926  15.958 0.3000000119
93387  56.446  6.561  15.800 0.3000000119
92456  55.584  5.672  11.351 0.3000000119
91531  54.279  4.892  11.513 0.3000000119
153230  51.861  4.230  10.059 0.3000000119
91545  51.097  4.000  10.045 0.3000000119
91548  47.898  4.502  10.210 0.4000000060
91549  46.701  4.595  10.938 0.3000000119
92478  56.514  6.141  9.957 0.3000000119
92468  54.883  5.361  10.201 0.3000000119
92469  54.028  5.055  9.910 0.3000000119
91556  53.192  4.770  9.724 0.3000000119
91560  49.729  4.351  9.489 0.3000000119
91561  48.585  4.695  9.727 0.4000000060
92470  47.563  5.460  10.252 0.4000000060
93448  56.748  6.320  9.129 0.3000000119
92479  55.718  5.791  9.670 0.3000000119
92480  54.727  5.463  9.364 0.3000000119
91572  52.022  4.765  8.833 0.3000000119
91559  50.642  4.415  9.235 0.3000000119
92483  49.200  4.835  9.253 0.4000000060
91562  48.133  5.170  9.810 0.4000000060
93457  56.464  6.335  8.161 0.3000000119
91573  51.598  5.073  8.226 0.3000000119
91574  50.823  4.949  8.445 0.3000000119
92498  49.267  5.550  8.796 0.3000000119
92484  48.644  5.402  9.374 0.4000000060
93480  56.565  6.492  6.571 0.4000000060
140484  57.460  6.407  4.912 0.4000000060
93491  57.429  6.571  5.769 0.4000000060
93501  57.326  6.202  4.088 0.3000000119
92536  57.811  6.171  5.029 0.3000000119
92554  56.835  5.988  2.831 0.5000000000
93511  56.875  6.413  3.090 0.4000000060
94379  56.587  6.952  2.972 0.5000000000
93517  56.550  6.333  2.312 0.5000000000
94395  56.527  7.079  2.239 0.5000000000
90609  49.564  3.448  15.443 0.3000000119
90610  48.784  3.156  15.452 0.3000000119
89753  47.980  2.799  15.534 0.3000000119
88848  54.570  1.238  19.327 0.2000000030
91497  51.593  4.314  15.483 0.3000000119
90608  50.276  3.747  15.279 0.3000000119
90619  49.172  3.427  14.677 0.3000000119
90630  47.382  2.725  13.920 0.3000000119
89764  46.658  2.569  13.876 0.3000000119
88847  55.382  1.982  19.246 0.2000000030
91495  53.766  5.624  15.672 0.3000000119
89772  46.797  2.645  13.251 0.3000000119
89773  46.053  2.599  13.447 0.3000000119
92409  54.396  6.357  16.328 0.3000000119
91504  53.417  5.038  14.771 0.3000000119
89783  45.713  2.938  12.795 0.2000000030
90592  57.028  3.130  17.427 0.3000000119
93397  55.610  6.794  15.402 0.3000000119
90647  45.388  3.612  12.304 0.2000000030
90648  44.750  3.800  12.660 0.2000000030
90585  57.266  3.898  17.666 0.3000000119
92408  56.858  5.802  16.350 0.3000000119
93388  55.952  7.012  16.037 0.3000000119
91536  45.437  4.419  11.903 0.2000000030
159471  57.385  4.095  17.122 0.3000000119
93429  45.937  5.913  11.596 0.2000000030
93428  46.568  6.204  11.188 0.4000000060
93439  47.151  6.067  10.649 0.4000000060
94323  46.692  7.111  11.499 0.4000000060
92492  55.577  5.900  8.778 0.3000000119
92493  54.483  5.565  8.521 0.3000000119
92494  53.471  5.359  8.342 0.3000000119
92495  52.504  5.197  8.203 0.3000000119
93438  47.633  6.382  10.295 0.4000000060
94322  47.374  7.515  11.180 0.4000000060
92508  55.265  5.974  7.829 0.4000000060
92513  50.541  5.872  7.641 0.4000000060
93437  48.165  6.762  9.851 0.4000000060
94321  48.036  7.889  10.817 0.4000000060
93469  56.203  6.367  7.416 0.4000000060
151109  54.643  5.961  7.210 0.4000000060
92521  53.797  5.924  6.839 0.4000000060
92522  52.729  5.882  6.764 0.4000000060
92512  51.254  5.935  7.110 0.4000000060
93471  49.986  6.470  7.824 0.4000000060
94342  49.040  7.175  8.870 0.4000000060
95214  48.662  8.238  10.413 0.4000000060
95206  48.541  8.523  11.245 0.5000000000
93502  56.829  6.645  3.931 0.4000000060
92546  57.072  5.816  3.447 0.3000000119
93492  56.245  6.557  5.501 0.4000000060
93481  55.346  6.339  6.199 0.4000000060
92523  51.953  5.983  6.721 0.4000000060
94350  50.092  7.243  7.636 0.4000000060
94341  49.589  7.203  8.202 0.4000000060
95223  48.937  7.935  9.525 0.4000000060
93493  54.971  6.468  5.299 0.4000000060
94387  56.165  7.611  2.387 0.5000000000
87064  55.773  -0.251  21.164 0.2000000030
152348  55.419  -1.007  20.527 0.1000000015
90603  49.283  3.114  16.159 0.3000000119
89743  48.514  2.744  16.230 0.3000000119
134941  55.733  2.185  20.090 0.2000000030
132827  55.166  1.523  20.095 0.2000000030
87951  54.643  0.700  20.043 0.2000000030
87077  54.383  -0.136  19.942 0.1000000015
91488  52.453  4.676  16.740 0.3000000119
90600  50.996  3.735  16.784 0.3000000119
132618  50.158  3.473  16.177 0.3000000119
90611  47.518  2.754  14.820 0.3000000119
135654  46.015  2.358  15.161 0.3000000119
92419  53.052  5.128  16.261 0.3000000119
133313  52.299  4.618  15.919 0.3000000119
91490  50.914  3.960  15.841 0.3000000119
141893  46.820  2.578  14.590 0.3000000119
89765  46.216  2.488  14.226 0.3000000119
89721  56.582  3.210  19.052 0.3000000119
89713  56.138  2.659  19.603 0.3000000119
93381  54.218  6.349  17.023 0.3000000119
92410  53.697  5.821  16.647 0.3000000119
91496  52.890  4.906  15.435 0.3000000119
89766  45.530  2.475  14.114 0.2000000030
139019  56.645  2.931  18.022 0.3000000119
90631  45.003  3.190  12.912 0.2000000030
154911  44.670  2.953  13.403 0.2000000030
93389  55.217  6.819  16.179 0.3000000119
91524  44.889  4.387  12.386 0.2000000030
91525  44.396  4.385  12.855 0.2000000030
91514  43.888  4.400  13.348 0.2000000030
93378  56.360  6.579  16.673 0.3000000119
93417  44.666  5.811  12.786 0.3000000119
157249  45.737  7.094  12.606 0.4000000060
93415  46.004  6.655  11.916 0.4000000060
94305  46.135  7.703  13.068 0.6000000238
95199  46.782  8.038  12.710 0.5000000000
95198  47.389  8.279  12.436 0.5000000000
138164  48.526  8.756  12.007 0.5000000000
95213  49.055  8.777  10.851 0.6000000238
93503  55.825  6.790  4.449 0.4000000060
149313  54.278  6.252  6.042 0.4000000060
93482  53.308  6.255  6.088 0.4000000060
137711  51.514  6.668  6.479 0.4000000060
94361  50.993  7.356  6.656 0.4000000060
95227  49.951  8.635  8.502 0.4000000060
96146  49.670  9.204  10.834 0.6000000238
96133  49.725  9.612  12.431 0.6000000238
147015  53.884  6.538  5.220 0.4000000060
93494  52.107  7.052  5.765 0.4000000060
95232  50.773  8.751  7.189 0.4000000060
95233  50.350  8.633  7.807 0.4000000060
95221  50.230  9.241  9.133 0.5000000000
93504  54.667  6.735  4.609 0.4000000060
94380  56.096  7.147  3.388 0.4000000060
94388  55.425  7.771  3.025 0.5000000000
88831  56.254  1.527  21.835 0.2000000030
87931  55.983  0.762  21.512 0.2000000030
156165  55.973  -1.036  21.024 0.2000000030
91476  52.127  4.135  18.100 0.3000000119
91483  51.864  4.188  17.202 0.3000000119
90593  51.341  3.659  17.718 0.3000000119
155378  50.724  3.349  17.402 0.3000000119
90602  49.736  2.995  16.821 0.3000000119
89742  49.033  2.598  16.801 0.3000000119
148761  48.376  2.358  16.842 0.3000000119
89744  47.653  2.412  16.455 0.3000000119
89704  56.210  2.616  20.506 0.3000000119
88841  55.878  1.721  20.903 0.2000000030
87938  55.346  0.776  20.741 0.2000000030
92394  53.559  5.386  18.725 0.3000000119
92402  53.362  5.368  17.984 0.3000000119
91482  52.657  4.710  17.605 0.3000000119
89754  47.109  2.567  15.529 0.3000000119
92401  53.811  5.947  17.489 0.3000000119
92411  53.156  5.287  17.116 0.3000000119
89755  45.151  2.202  15.486 0.3000000119
89712  56.527  3.287  20.042 0.3000000119
93371  54.528  6.437  17.700 0.3000000119
151803  44.734  2.608  13.919 0.2000000030
89767  44.113  2.531  14.457 0.3000000119
90586  57.002  3.754  18.462 0.3000000119
93370  55.403  6.688  17.827 0.3000000119
93380  54.880  6.724  16.979 0.3000000119
89774  44.020  3.017  13.756 0.2000000030
91473  57.192  4.647  18.325 0.3000000119
92400  56.825  5.745  17.350 0.3000000119
93369  56.212  6.552  17.571 0.3000000119
93379  55.693  6.920  16.880 0.3000000119
91508  42.979  3.997  14.156 0.2000000030
89768  43.427  2.863  14.349 0.2000000030
93404  45.194  6.597  12.764 0.5000000000
93406  44.116  5.926  13.566 0.3000000119
94297  46.025  7.922  13.920 0.6000000238
95192  46.673  8.251  13.547 0.6000000238
139521  47.346  8.499  13.166 0.6000000238
96127  48.111  9.206  14.147 0.6000000238
95190  47.884  8.887  13.511 0.6000000238
96134  48.883  9.218  12.592 0.6000000238
149682  50.091  9.591  11.609 0.6000000238
87930  56.386  0.605  22.256 0.2000000030
87922  56.511  0.365  22.857 0.2000000030
87058  56.290  -0.063  21.848 0.2000000030
87057  56.585  -0.271  22.470 0.2000000030
145871  56.424  3.150  20.943 0.3000000119
88840  56.231  2.383  21.342 0.2000000030
91475  52.911  4.744  18.551 0.3000000119
90587  52.372  4.118  18.850 0.3000000119
90594  50.765  3.097  18.113 0.3000000119
89732  50.052  2.534  18.120 0.3000000119
89733  49.499  2.496  17.456 0.3000000119
89734  48.763  2.103  17.413 0.3000000119
89735  47.962  1.919  17.298 0.3000000119
89736  47.083  1.856  17.183 0.3000000119
92393  54.040  5.604  19.451 0.3000000119
91474  53.372  5.067  19.220 0.3000000119
89745  46.614  2.251  16.327 0.3000000119
92392  54.139  5.996  18.450 0.3000000119
89746  45.656  2.103  16.229 0.3000000119
89747  44.757  1.965  16.104 0.3000000119
90579  56.825  3.954  19.566 0.3000000119
140851  54.873  6.453  18.435 0.3000000119
89756  44.352  2.214  15.258 0.2000000030
89748  43.878  1.981  15.946 0.2000000030
157028  43.559  1.801  16.649 0.2000000030
144259  56.994  4.681  19.151 0.3000000119
92385  56.279  6.152  19.093 0.3000000119
93362  55.524  6.483  18.802 0.3000000119
89757  43.400  2.366  15.090 0.2000000030
89758  42.475  2.579  15.414 0.2000000030
140464  42.246  2.211  16.288 0.2000000030
137141  56.872  5.450  18.783 0.3000000119
92391  56.564  6.015  18.233 0.3000000119
93399  43.680  6.115  14.320 0.3000000119
152527  43.553  5.194  13.841 0.2000000030
91509  42.552  4.097  14.611 0.2000000030
90613  41.878  3.261  15.494 0.2000000030
89759  41.823  2.700  15.920 0.2000000030
89749  41.455  2.547  16.697 0.2000000030
91480  57.268  4.760  17.601 0.3000000119
95184  46.027  8.068  14.656 0.5000000000
93390  44.100  6.879  14.880 0.4000000060
93391  43.381  6.351  15.137 0.3000000119
158388  47.064  8.758  15.446 0.5000000000
96116  47.650  9.106  15.015 0.6000000238
149463  48.765  9.531  14.005 0.6000000238
96115  49.333  9.963  14.274 0.6000000238
96125  49.340  9.680  13.360 0.6000000238
86141  56.087  -1.044  23.584 0.2000000030
87041  56.532  -0.338  23.127 0.2000000030
88818  56.301  1.298  22.777 0.2000000030
153684  56.281  2.916  21.654 0.3000000119
89686  56.253  2.270  22.143 0.2000000030
91469  52.878  4.532  19.399 0.3000000119
90580  52.242  3.832  19.559 0.3000000119
159550  51.704  3.437  19.375 0.3000000119
90589  50.952  3.013  18.811 0.3000000119
89723  50.514  2.681  18.631 0.3000000119
89724  49.293  1.922  18.255 0.3000000119
88877  48.398  1.551  18.026 0.3000000119
134407  47.531  1.323  17.962 0.3000000119
91468  53.496  5.012  19.967 0.3000000119
88878  46.598  1.247  17.884 0.3000000119
88889  46.150  1.779  17.096 0.3000000119
88879  45.665  1.299  17.764 0.3000000119
90573  56.554  4.039  20.609 0.3000000119
92386  54.660  5.879  19.983 0.3000000119
92381  54.219  5.444  20.392 0.3000000119
88890  45.220  1.759  16.997 0.3000000119
88880  44.746  1.407  17.672 0.3000000119
91467  56.669  4.759  20.004 0.3000000119
93363  54.833  6.248  19.301 0.3000000119
88891  44.315  1.747  16.841 0.2000000030
88881  43.730  1.552  17.545 0.2000000030
88868  43.464  1.214  18.371 0.2000000030
151231  56.614  5.487  19.582 0.3000000119
88892  42.883  1.802  16.893 0.2000000030
88883  42.097  1.660  17.938 0.2000000030
89738  41.343  2.090  17.726 0.2000000030
89725  40.776  1.837  18.525 0.2000000030
93392  42.734  5.948  15.479 0.3000000119
92422  41.779  4.794  15.718 0.2000000030
91500  41.508  3.995  15.794 0.2000000030
89750  40.821  2.708  17.276 0.2000000030
89739  40.503  2.530  17.894 0.2000000030
89726  40.097  2.393  18.391 0.2000000030
95178  47.435  9.044  15.987 0.6000000238
94292  45.164  7.843  16.138 0.5000000000
94294  43.694  6.898  15.598 0.4000000060
93382  43.138  6.633  15.911 0.3000000119
92412  42.098  5.589  15.902 0.3000000119
92414  40.894  4.800  16.624 0.2000000030
91492  40.526  4.112  16.969 0.2000000030
90590  39.911  3.045  18.070 0.2000000030
89727  39.396  2.773  18.607 0.2000000030
96112  48.167  9.462  15.748 0.6000000238
93384  41.776  6.044  16.618 0.3000000119
92404  40.457  4.964  17.196 0.2000000030
91484  40.107  4.299  17.550 0.2000000030
91485  39.633  4.487  18.024 0.2000000030
87025  56.218  -0.299  23.498 0.2000000030
85257  55.922  -1.896  23.436 0.2000000030
87908  56.264  0.425  23.247 0.2000000030
89687  55.856  2.302  22.800 0.2000000030
90567  56.238  3.679  21.531 0.3000000119
90554  55.921  3.190  22.348 0.2000000030
91456  52.820  4.264  21.152 0.3000000119
90574  52.295  3.810  20.485 0.3000000119
90575  51.728  3.340  20.835 0.3000000119
89714  51.069  2.745  20.249 0.3000000119
89707  50.167  1.959  20.049 0.3000000119
90568  55.660  4.172  22.154 0.2000000030
91455  54.724  4.895  21.876 0.3000000119
148603  53.412  4.425  21.865 0.3000000119
90581  51.729  3.352  19.954 0.3000000119
90582  51.282  3.099  19.373 0.3000000119
89715  50.688  2.601  19.308 0.3000000119
88849  49.388  1.548  19.341 0.3000000119
88863  48.744  1.385  18.761 0.3000000119
88864  48.016  1.077  18.790 0.3000000119
88865  47.050  0.753  18.864 0.3000000119
91453  56.098  4.560  21.371 0.3000000119
91462  53.629  4.853  20.968 0.3000000119
155348  56.348  4.870  20.701 0.3000000119
92374  55.164  5.400  21.192 0.3000000119
92380  54.893  5.760  20.600 0.3000000119
88866  46.050  0.791  18.518 0.3000000119
133326  45.195  0.902  18.356 0.2000000030
153064  45.541  0.533  18.941 0.3000000119
151276  56.146  5.990  19.889 0.3000000119
93349  55.127  6.125  20.047 0.3000000119
88867  44.336  1.081  18.320 0.2000000030
87966  44.044  0.678  18.848 0.2000000030
87967  43.178  0.795  18.905 0.2000000030
148598  42.802  0.362  19.370 0.2000000030
141846  41.830  0.520  19.482 0.2000000030
93355  55.621  6.271  19.651 0.3000000119
88869  42.596  1.304  18.453 0.2000000030
88870  41.716  1.491  18.469 0.2000000030
88855  40.494  1.308  19.211 0.2000000030
87958  40.181  0.702  19.633 0.2000000030
88856  39.650  1.358  19.354 0.2000000030
88871  39.932  1.921  18.864 0.2000000030
88857  38.752  1.431  19.532 0.2000000030
149024  46.358  8.431  16.830 0.5000000000
94289  43.663  7.196  16.319 0.4000000060
93372  42.993  6.962  16.736 0.4000000060
90591  39.463  3.703  18.307 0.2000000030
89728  38.820  3.749  18.759 0.2000000030
147510  38.272  2.159  19.387 0.2000000030
154337  37.584  2.214  19.651 0.3000000119
96104  47.889  9.240  17.587 0.6999999881
95171  46.555  8.536  17.630 0.6000000238
94283  45.287  8.238  18.030 0.5000000000
94284  43.654  7.462  17.235 0.4000000060
93373  42.269  6.701  17.073 0.3000000119
93374  41.542  6.451  17.384 0.3000000119
92396  39.442  5.473  18.337 0.3000000119
91477  39.083  4.573  18.490 0.4000000060
95172  45.851  8.312  17.441 0.6000000238
94276  44.813  8.226  18.563 0.5000000000
94278  43.630  7.686  18.051 0.4000000060
94279  42.285  7.336  18.417 0.3000000119
94280  41.759  7.339  19.036 0.3000000119
159310  55.684  -1.252  23.514 0.2000000030
88804  55.953  1.103  23.327 0.2000000030
87909  55.787  0.549  23.478 0.2000000030
83500  47.944  -4.560  21.791 0.1000000015
83501  46.969  -4.571  22.034 0.1000000015
88819  55.801  1.729  23.205 0.2000000030
85296  48.947  -2.733  21.806 0.1000000015
85297  48.101  -2.835  21.896 0.1000000015
84404  46.629  -3.877  22.117 0.1000000015
83502  46.189  -4.548  22.214 0.1000000015
154078  44.688  -4.952  22.328 0.1000000015
147599  43.601  -5.717  22.449 0.1000000015
81728  42.769  -5.842  22.559 0.1000000015
81730  41.064  -6.091  22.796 0.1000000015
81701  40.351  -6.438  23.022 0.2000000030
85273  48.457  -1.962  22.157 0.1000000015
85274  47.441  -1.936  22.385 0.1000000015
84381  47.186  -3.110  22.072 0.1000000015
84382  46.274  -3.051  22.304 0.1000000015
142797  45.085  -3.733  22.381 0.1000000015
83482  44.371  -4.129  22.391 0.1000000015
83483  43.369  -4.156  22.486 0.1000000015
83484  42.477  -4.233  22.545 0.1000000015
82596  40.645  -5.344  22.692 0.1000000015
151243  39.929  -5.645  22.826 0.1000000015
82577  39.006  -5.715  22.969 0.2000000030
155136  55.399  2.983  22.949 0.2000000030
90569  52.608  3.984  21.940 0.3000000119
139096  52.251  3.789  21.248 0.3000000119
86160  47.950  -1.091  22.640 0.1000000015
146617  46.549  -1.350  22.756 0.1000000015
85275  45.962  -2.113  22.577 0.1000000015
85276  45.224  -1.888  22.668 0.1000000015
84385  43.665  -3.280  22.527 0.1000000015
84386  42.789  -3.383  22.534 0.1000000015
83485  41.629  -4.357  22.562 0.1000000015
142786  40.867  -4.555  22.584 0.1000000015
83486  39.743  -4.168  22.530 0.1000000015
82598  38.558  -4.959  22.848 0.2000000030
90555  55.186  3.725  22.826 0.2000000030
91443  54.916  4.431  22.489 0.3000000119
91444  54.108  4.361  22.487 0.3000000119
90558  52.341  3.461  22.694 0.3000000119
90570  51.861  3.468  21.781 0.3000000119
89705  51.207  2.865  21.351 0.3000000119
89706  50.493  2.293  21.065 0.3000000119
151131  49.809  1.820  21.046 0.3000000119
151725  46.206  -0.739  22.744 0.1000000015
86162  45.713  -0.772  22.581 0.1000000015
143938  45.251  -1.260  22.580 0.1000000015
86164  43.626  -1.884  22.311 0.1000000015
85278  43.152  -2.595  22.424 0.1000000015
85280  41.511  -2.993  22.237 0.1000000015
151398  41.018  -3.703  22.439 0.1000000015
83488  38.063  -4.337  22.586 0.1000000015
88851  47.756  0.794  19.802 0.3000000119
87051  44.981  -0.948  22.408 0.1000000015
87060  43.803  -0.972  21.465 0.1000000015
139051  43.313  -1.558  21.788 0.1000000015
86173  41.600  -2.118  21.016 0.1000000015
85299  41.170  -2.613  21.649 0.1000000015
85301  39.069  -2.476  21.518 0.1000000015
144987  38.884  -3.088  21.955 0.1000000015
84391  36.566  -3.532  22.343 0.1000000015
87954  45.413  0.343  19.663 0.3000000119
136382  44.785  0.105  19.972 0.2000000030
87066  44.400  -0.502  21.056 0.1000000015
86183  42.915  -1.225  20.959 0.1000000015
86185  41.067  -1.480  20.498 0.1000000015
86186  40.170  -1.487  20.692 0.1000000015
149660  39.101  -1.898  21.138 0.1000000015
85302  37.757  -2.522  21.600 0.1000000015
85284  37.241  -3.054  21.915 0.1000000015
87955  44.590  0.335  19.310 0.2000000030
87943  43.403  -0.146  19.733 0.2000000030
149175  42.712  -0.246  19.767 0.2000000030
87069  41.408  -0.594  20.087 0.2000000030
87070  40.449  -0.685  20.270 0.2000000030
87071  39.484  -0.790  20.471 0.1000000015
86188  37.884  -1.273  20.862 0.1000000015
86178  36.587  -1.624  21.227 0.2000000030
85304  35.877  -2.201  21.640 0.2000000030
87945  40.707  0.075  19.879 0.2000000030
87947  38.808  -0.057  20.193 0.2000000030
148618  37.794  0.081  20.263 0.1000000015
87074  36.427  -0.739  20.818 0.1000000015
87061  35.461  -0.454  21.182 0.2000000030
87961  37.220  0.905  20.076 0.1000000015
88844  36.310  1.499  20.368 0.2000000030
87936  35.229  0.452  21.238 0.2000000030
87062  34.585  -0.122  21.858 0.2000000030
90583  37.936  3.941  19.339 0.2000000030
89708  37.001  2.651  19.894 0.3000000119
146826  36.500  2.267  20.249 0.3000000119
93366  40.603  6.574  18.458 0.3000000119
92387  38.974  6.061  19.022 0.4000000060
91478  38.465  4.683  19.020 0.3000000119
90576  36.963  3.672  19.987 0.4000000060
89709  36.355  2.992  20.410 0.4000000060
144740  46.627  8.627  18.361 0.6000000238
95168  45.479  8.431  18.828 0.5000000000
95163  44.847  8.329  19.305 0.4000000060
133384  43.125  7.691  18.621 0.3000000119
93356  41.089  7.037  18.920 0.3000000119
84320  41.908  -3.275  29.089 0.1000000015
84321  40.598  -3.843  29.302 0.1000000015
84306  39.930  -4.116  29.670 0.1000000015
84336  41.167  -3.672  28.964 0.1000000015
154794  40.632  -4.014  28.925 0.1000000015
83413  39.212  -4.496  29.359 0.1000000015
83402  37.949  -4.656  30.103 0.1000000015
81668  41.559  -6.226  27.774 0.1000000015
82550  41.102  -5.269  28.064 0.1000000015
83448  39.862  -4.828  28.525 0.1000000015
83426  38.716  -4.817  28.968 0.1000000015
156483  37.264  -4.643  30.351 0.1000000015
83403  36.551  -4.585  30.204 0.1000000015
80725  44.308  -8.038  26.991 0.1000000015
80712  43.475  -7.774  27.200 0.1000000015
81670  39.946  -6.125  28.004 0.1000000015
82552  39.480  -5.518  28.249 0.1000000015
82532  38.257  -5.182  28.648 0.1000000015
83416  36.676  -4.822  29.459 0.1000000015
79729  42.937  -8.155  27.038 0.1000000015
80714  41.818  -7.649  27.308 0.1000000015
80715  40.156  -6.954  27.697 0.1000000015
147896  39.224  -6.539  27.847 0.1000000015
82554  37.786  -5.735  28.221 0.1000000015
82533  37.426  -5.309  28.658 0.1000000015
146483  54.807  -5.615  22.488 0.2000000030
78854  45.223  -9.142  25.154 0.1000000015
79744  42.852  -8.554  26.470 0.1000000015
79730  42.155  -8.251  26.905 0.2000000030
158515  39.885  -8.172  26.842 0.2000000030
80717  38.658  -7.416  27.336 0.2000000030
81671  38.197  -6.515  27.808 0.1000000015
149538  36.925  -5.826  28.179 0.1000000015
83496  51.547  -4.501  21.625 0.2000000030
82605  51.178  -5.390  21.691 0.2000000030
79777  44.353  -9.006  24.695 0.1000000015
79778  43.466  -8.918  24.835 0.1000000015
134157  41.955  -8.781  25.270 0.2000000030
79746  40.629  -8.442  26.502 0.2000000030
80726  39.133  -8.110  26.758 0.2000000030
80718  37.723  -7.357  27.229 0.1000000015
81672  37.289  -6.521  27.721 0.1000000015
87026  55.630  -0.090  23.562 0.2000000030
86142  55.317  -0.669  23.488 0.2000000030
85267  55.005  -2.357  22.963 0.2000000030
84399  51.209  -3.585  21.667 0.2000000030
83497  50.765  -4.215  21.553 0.2000000030
148539  50.774  -4.824  21.579 0.2000000030
147598  50.031  -4.550  21.542 0.2000000030
80757  45.372  -8.205  23.317 0.1000000015
80758  44.602  -7.836  23.082 0.1000000015
79780  41.713  -8.550  24.458 0.2000000030
134635  41.085  -8.689  25.075 0.2000000030
79748  38.839  -8.452  26.006 0.2000000030
80728  37.329  -7.886  26.460 0.2000000030
80719  36.821  -7.314  27.072 0.2000000030
85293  51.721  -2.816  21.917 0.2000000030
85294  50.801  -2.767  21.838 0.2000000030
84400  50.260  -3.570  21.605 0.2000000030
83499  49.060  -4.555  21.581 0.2000000030
82608  48.635  -5.294  21.792 0.1000000015
82609  47.808  -5.516  22.024 0.1000000015
82593  46.900  -5.866  22.253 0.1000000015
81725  46.133  -6.517  22.479 0.1000000015
80784  44.492  -7.134  22.714 0.1000000015
156893  44.100  -7.583  22.950 0.1000000015
80761  41.791  -7.511  23.278 0.2000000030
79802  40.543  -8.075  23.943 0.2000000030
79783  38.017  -8.154  24.734 0.2000000030
80732  37.189  -8.046  25.089 0.2000000030
85270  51.265  -1.968  22.184 0.2000000030
85295  49.976  -2.715  21.838 0.2000000030
84401  49.489  -3.220  21.681 0.1000000015
83498  49.512  -3.916  21.529 0.1000000015
82610  46.519  -5.178  22.187 0.1000000015
82594  45.246  -5.398  22.325 0.1000000015
147597  44.463  -5.635  22.367 0.1000000015
81727  44.105  -6.419  22.523 0.1000000015
80787  41.663  -6.693  22.904 0.2000000030
81700  41.000  -6.976  23.176 0.2000000030
80741  38.219  -7.788  24.072 0.2000000030
80742  37.468  -7.697  24.301 0.2000000030
86157  50.804  -0.982  22.555 0.2000000030
86158  49.820  -1.125  22.452 0.2000000030
81702  38.521  -6.563  23.310 0.2000000030
148700  36.031  -7.058  24.277 0.2000000030
89674  55.275  2.373  23.277 0.2000000030
89688  54.759  3.123  23.263 0.2000000030
89689  53.972  3.101  23.489 0.2000000030
89676  53.226  2.686  23.572 0.2000000030
89677  52.407  2.357  23.523 0.2000000030
89691  51.796  2.649  23.101 0.2000000030
89692  51.103  2.343  22.609 0.2000000030
86159  48.885  -1.143  22.476 0.2000000030
151496  47.187  -0.985  22.832 0.1000000015
144350  36.937  -5.336  23.150 0.2000000030
82579  36.254  -5.817  23.472 0.2000000030
90556  54.429  3.787  23.004 0.3000000119
148390  53.727  3.714  23.104 0.3000000119
158266  53.082  3.566  23.132 0.3000000119
89690  52.691  3.056  23.340 0.3000000119
89700  51.464  2.917  22.305 0.3000000119
89701  50.723  2.407  21.975 0.3000000119
147743  49.151  1.397  20.580 0.3000000119
88850  48.579  1.103  19.651 0.3000000119
87048  47.056  0.187  22.562 0.1000000015
83489  37.012  -4.439  22.717 0.2000000030
83469  36.186  -4.953  23.177 0.2000000030
88834  48.516  1.204  21.541 0.3000000119
133365  48.222  1.021  20.697 0.3000000119
88842  47.560  0.789  20.742 0.3000000119
133699  46.991  0.599  20.080 0.3000000119
87925  46.615  0.249  22.362 0.1000000015
87049  46.306  -0.251  22.557 0.1000000015
84367  34.348  -3.600  23.138 0.2000000030
83470  35.353  -4.653  23.293 0.2000000030
88836  47.021  0.644  21.265 0.3000000119
87939  46.369  0.445  21.333 0.2000000030
87935  45.336  -0.160  21.641 0.1000000015
87050  45.562  -0.456  22.313 0.1000000015
85286  35.219  -2.639  22.160 0.2000000030
159258  35.382  -1.636  21.555 0.2000000030
86165  34.950  -1.890  21.837 0.2000000030
85287  34.379  -2.311  22.476 0.2000000030
87052  33.984  -0.243  22.756 0.2000000030
87053  33.649  -0.999  23.067 0.2000000030
88845  35.622  1.593  20.860 0.3000000119
88838  34.695  0.900  21.815 0.2000000030
141069  35.846  3.151  20.960 0.3000000119
89695  35.010  2.084  22.050 0.3000000119
88825  34.715  1.403  22.353 0.3000000119
93357  40.455  6.893  19.354 0.3000000119
93358  39.503  6.595  19.560 0.4000000060
92383  37.253  5.385  20.588 0.3000000119
91464  36.723  4.536  20.605 0.4000000060
89702  35.447  2.800  21.603 0.3000000119
89694  35.379  2.614  22.433 0.3000000119
95166  47.111  8.855  18.839 0.6000000238
95162  45.685  8.518  19.763 0.5000000000
94269  44.173  8.202  19.793 0.4000000060
94265  42.751  7.883  20.070 0.4000000060
94266  41.439  7.448  20.414 0.3000000119
94267  40.792  7.246  20.832 0.4000000060
94260  40.002  7.022  21.106 0.4000000060
96091  48.588  9.285  20.161 0.6999999881
83378  40.759  -4.089  32.229 0.1000000015
84278  40.218  -4.050  32.681 0.1000000015
84293  41.674  -3.416  30.781 0.1000000015
83391  40.738  -3.903  31.013 0.1000000015
84279  39.384  -4.140  32.572 0.1000000015
84350  43.526  -3.559  28.104 0.1000000015
84305  40.549  -3.697  29.964 0.1000000015
83400  39.922  -4.186  30.576 0.1000000015
83401  39.222  -4.366  30.147 0.1000000015
83381  38.054  -4.436  31.709 0.1000000015
150992  55.804  -8.633  23.969 0.1000000015
150416  45.633  -4.586  27.503 0.1000000015
83443  44.766  -4.583  27.624 0.1000000015
83444  43.210  -4.253  27.854 0.1000000015
83445  42.424  -4.312  28.001 0.1000000015
83393  38.517  -4.642  30.822 0.1000000015
83394  37.627  -4.619  30.971 0.1000000015
79789  55.327  -8.354  23.600 0.1000000015
80748  56.102  -7.784  23.254 0.1000000015
81665  44.177  -6.380  27.451 0.1000000015
141235  43.374  -6.016  27.584 0.1000000015
82549  42.005  -5.247  27.887 0.1000000015
83395  36.832  -4.421  31.000 0.1000000015
80711  44.752  -7.201  27.193 0.1000000015
135232  44.028  -7.326  27.303 0.1000000015
140982  35.782  -4.301  30.390 0.1000000015
83495  52.615  -4.457  21.820 0.2000000030
78841  46.498  -8.891  26.177 0.1000000015
79742  44.901  -8.562  26.426 0.1000000015
147731  36.245  -4.939  29.114 0.1000000015
82604  52.124  -5.305  21.770 0.2000000030
81737  51.618  -6.106  21.944 0.2000000030
81720  50.984  -6.721  22.321 0.2000000030
157044  47.579  -8.808  24.102 0.1000000015
139452  46.849  -8.865  24.186 0.1000000015
78868  45.832  -9.144  24.799 0.1000000015
83429  35.642  -5.163  28.788 0.1000000015
83430  34.723  -4.991  28.900 0.1000000015
83481  54.482  -4.365  22.420 0.2000000030
81738  50.670  -6.070  21.886 0.2000000030
80779  49.403  -7.148  22.678 0.2000000030
80753  49.631  -7.744  23.223 0.2000000030
80754  48.713  -7.756  23.117 0.2000000030
79797  46.267  -8.461  23.612 0.1000000015
79775  46.156  -8.928  24.296 0.1000000015
149662  35.729  -5.564  28.396 0.1000000015
84398  52.158  -3.643  21.781 0.2000000030
82606  50.325  -5.372  21.679 0.2000000030
81722  49.242  -6.497  22.266 0.2000000030
80780  48.418  -7.024  22.577 0.1000000015
80756  46.854  -7.826  23.082 0.1000000015
151182  46.079  -7.844  23.040 0.1000000015
81674  35.541  -6.616  27.440 0.2000000030
82556  35.248  -6.040  27.962 0.1000000015
146222  55.159  -3.914  22.671 0.2000000030
85269  52.197  -2.039  22.319 0.2000000030
82607  49.494  -5.293  21.691 0.2000000030
81740  49.047  -5.892  21.956 0.2000000030
81724  47.779  -6.357  22.288 0.1000000015
137995  46.922  -6.629  22.466 0.1000000015
80783  45.462  -7.315  22.768 0.1000000015
80730  35.650  -7.511  25.929 0.2000000030
81675  34.721  -6.483  27.246 0.1000000015
88805  55.258  1.518  23.438 0.2000000030
87910  55.036  0.811  23.526 0.2000000030
86156  51.737  -1.127  22.572 0.2000000030
81690  34.821  -7.034  25.556 0.2000000030
81686  35.061  -7.072  26.589 0.2000000030
87044  51.398  -0.326  22.822 0.2000000030
80734  35.713  -7.408  25.055 0.2000000030
89675  54.525  2.389  23.493 0.2000000030
89678  51.752  2.023  23.403 0.2000000030
88820  51.192  1.938  23.018 0.2000000030
149580  50.820  -0.162  22.798 0.2000000030
87031  50.488  0.347  22.834 0.2000000030
87046  49.279  -0.382  22.692 0.2000000030
146959  48.379  -0.350  22.719 0.1000000015
82573  34.891  -5.995  24.158 0.2000000030
88821  50.387  1.795  22.444 0.3000000119
88832  49.989  1.914  21.772 0.3000000119
88833  49.232  1.525  21.616 0.3000000119
140435  49.411  1.463  22.177 0.3000000119
87914  50.071  0.840  22.763 0.2000000030
87923  48.985  0.723  22.557 0.2000000030
87047  47.997  0.350  22.560 0.2000000030
86161  46.738  -0.489  22.766 0.1000000015
82574  34.125  -5.607  24.344 0.2000000030
88823  47.987  0.990  21.977 0.3000000119
87924  47.586  0.561  22.358 0.2000000030
84368  33.652  -3.187  23.326 0.2000000030
83471  34.543  -4.351  23.437 0.2000000030
87933  46.772  0.545  22.032 0.1000000015
85288  33.684  -2.438  23.035 0.2000000030
86144  33.302  -1.704  23.480 0.3000000119
154352  33.780  -0.406  23.481 0.2000000030
87916  34.228  0.294  23.604 0.3000000119
89682  35.576  2.248  23.224 0.3000000119
88814  34.639  1.139  23.174 0.3000000119
93346  39.198  6.660  21.458 0.4000000060
93347  38.248  6.294  21.483 0.4000000060
92367  37.183  5.178  22.033 0.3000000119
91457  36.318  4.408  21.945 0.3000000119
154801  47.776  9.002  20.206 0.6000000238
94263  44.346  8.147  20.741 0.4000000060
138723  42.930  7.972  20.852 0.3000000119
94258  41.609  7.407  21.434 0.2000000030
94259  40.757  7.080  21.638 0.4000000060
93340  39.809  6.374  22.261 0.3000000119
93341  38.939  6.156  22.164 0.4000000060
84264  39.007  -3.528  33.076 0.1000000015
84280  38.402  -3.940  32.547 0.1000000015
84281  37.631  -3.883  32.215 0.1000000015
79767  56.478  -8.811  24.370 0.1000000015
79788  56.353  -8.362  23.757 0.1000000015
138965  47.728  -5.695  26.731 0.1000000015
82545  46.205  -5.159  27.266 0.1000000015
82546  45.401  -5.396  27.400 0.1000000015
84295  36.475  -3.724  31.553 0.1000000015
80774  54.660  -7.046  22.767 0.1000000015
152089  48.003  -6.549  26.601 0.2000000030
81682  47.287  -6.651  26.687 0.2000000030
81664  45.098  -6.292  27.308 0.1000000015
84307  36.047  -4.108  30.969 0.1000000015
81717  54.204  -6.417  22.558 0.1000000015
80723  47.851  -7.408  26.594 0.2000000030
79739  47.635  -8.384  26.464 0.2000000030
144337  45.256  -7.910  26.864 0.1000000015
84308  35.373  -3.786  30.754 0.1000000015
79741  45.816  -8.574  26.393 0.1000000015
83404  35.138  -4.239  30.085 0.1000000015
82603  53.149  -5.197  22.009 0.2000000030
82591  53.684  -5.826  22.319 0.2000000030
81719  52.052  -6.843  22.482 0.2000000030
79795  48.998  -8.393  23.709 0.2000000030
139219  48.339  -8.987  24.437 0.2000000030
83418  34.496  -4.447  29.522 0.1000000015
80751  51.205  -7.798  23.424 0.2000000030
80752  50.487  -7.743  23.331 0.2000000030
79794  49.887  -8.287  23.825 0.2000000030
79774  49.319  -8.865  24.441 0.2000000030
84324  33.552  -3.984  29.672 0.1000000015
84379  54.195  -3.739  22.371 0.2000000030
82536  33.973  -5.359  28.301 0.1000000015
86153  54.931  -1.398  23.233 0.2000000030
143430  53.903  -2.850  22.461 0.2000000030
81687  34.310  -6.629  26.381 0.2000000030
82558  33.277  -5.747  26.983 0.2000000030
82537  33.066  -5.297  27.674 0.2000000030
87027  54.734  0.213  23.470 0.2000000030
87043  52.154  -0.386  22.896 0.2000000030
87030  51.209  0.335  22.948 0.2000000030
81688  33.523  -6.076  26.174 0.2000000030
82559  32.730  -5.301  26.931 0.2000000030
88806  54.375  1.617  23.541 0.2000000030
148977  53.754  2.259  23.625 0.2000000030
147635  53.565  1.452  23.562 0.2000000030
88807  52.955  1.947  23.627 0.2000000030
88808  52.139  1.624  23.530 0.2000000030
82567  33.037  -5.546  25.636 0.2000000030
83459  31.923  -4.283  25.821 0.2000000030
88809  51.403  1.432  23.244 0.2000000030
88811  49.682  1.199  22.526 0.2000000030
88822  48.777  1.049  22.315 0.2000000030
83457  32.949  -5.109  24.971 0.2000000030
88810  50.641  1.327  22.848 0.2000000030
153876  48.747  1.258  22.045 0.2000000030
84363  33.000  -3.444  23.921 0.2000000030
157005  32.723  -3.868  24.392 0.2000000030
85246  32.044  -2.498  24.931 0.2000000030
155844  31.574  -2.784  25.588 0.2000000030
87023  33.505  -0.712  24.746 0.3000000119
85253  32.853  -1.988  23.971 0.2000000030
87015  33.543  -0.425  25.475 0.3000000119
87906  34.623  0.094  24.649 0.3000000119
87034  33.901  -0.297  24.277 0.3000000119
87905  35.871  0.727  24.922 0.3000000119
87915  35.046  0.736  24.197 0.3000000119
90559  37.223  3.958  22.927 0.3000000119
89681  36.404  2.395  23.603 0.3000000119
88812  36.027  1.708  24.006 0.3000000119
95154  48.548  8.799  20.937 0.6999999881
95155  47.240  8.663  20.627 0.6000000238
95157  45.603  8.367  20.536 0.5000000000
94255  44.677  7.842  21.656 0.4000000060
94256  43.643  7.881  21.451 0.3000000119
94244  42.216  7.106  22.401 0.4000000060
93345  40.735  6.593  22.371 0.3000000119
92365  39.598  5.688  22.748 0.4000000060
91445  38.379  5.016  22.797 0.3000000119
85174  37.737  -2.109  32.980 0.1000000015
79768  55.209  -8.933  24.284 0.1000000015
80749  55.057  -7.689  23.097 0.1000000015
81681  48.571  -6.030  26.615 0.1000000015
78825  51.690  -8.910  27.274 0.1000000015
79727  51.112  -8.370  27.335 0.1000000015
79728  50.267  -7.932  27.196 0.1000000015
80722  48.639  -6.971  26.637 0.1000000015
147619  54.185  -5.025  22.310 0.2000000030
79736  50.369  -8.668  27.001 0.1000000015
79738  48.641  -8.144  26.635 0.1000000015
85203  34.385  -2.984  30.925 0.1000000015
83494  53.611  -4.406  22.125 0.2000000030
78838  49.092  -8.967  26.400 0.2000000030
149687  48.317  -8.837  26.353 0.2000000030
81718  53.139  -6.592  22.510 0.2000000030
80776  52.760  -7.212  22.825 0.2000000030
79791  52.571  -8.300  23.807 0.2000000030
79771  51.905  -8.700  24.369 0.2000000030
78864  49.680  -9.163  25.115 0.2000000030
78865  48.893  -9.237  25.290 0.2000000030
152230  53.077  -7.722  23.227 0.1000000015
151833  52.050  -7.635  23.193 0.2000000030
79792  51.584  -8.203  23.829 0.2000000030
79793  50.728  -8.234  23.863 0.2000000030
79773  50.188  -8.750  24.456 0.2000000030
134192  33.770  -4.702  28.978 0.1000000015
83431  33.180  -4.923  28.415 0.1000000015
155461  54.163  -1.989  22.797 0.2000000030
83432  32.001  -4.211  28.343 0.1000000015
86154  53.741  -1.215  22.865 0.2000000030
85268  53.203  -2.053  22.515 0.2000000030
86155  52.668  -1.177  22.681 0.2000000030
83450  31.779  -4.288  27.597 0.1000000015
138208  32.463  -4.713  28.059 0.1000000015
87911  54.238  0.962  23.480 0.2000000030
87042  53.119  -0.354  23.008 0.2000000030
149751  51.763  0.196  23.062 0.2000000030
84355  31.282  -3.615  27.170 0.2000000030
87028  53.552  0.510  23.361 0.2000000030
87029  52.453  0.349  23.237 0.2000000030
87912  52.689  1.151  23.514 0.2000000030
149430  51.763  0.851  23.306 0.2000000030
141798  30.999  -2.832  26.885 0.2000000030
87913  50.947  0.860  23.014 0.2000000030
84357  31.860  -3.478  25.283 0.2000000030
84358  31.429  -3.443  26.203 0.2000000030
86127  30.811  -1.530  26.838 0.2000000030
86130  32.340  -1.462  25.287 0.2000000030
87016  31.981  -1.167  25.917 0.2000000030
155249  32.878  -0.091  26.224 0.2000000030
145773  32.838  -0.646  25.767 0.2000000030
87892  34.005  0.395  26.399 0.3000000119
87010  33.509  -0.092  26.084 0.3000000119
87890  35.654  0.487  26.068 0.3000000119
88787  35.329  0.844  26.638 0.3000000119
95141  48.084  7.891  22.123 0.5000000000
94253  46.483  7.760  22.081 0.4000000060
94241  45.129  7.423  22.464 0.4000000060
93337  43.903  6.847  23.057 0.4000000060
89680  37.361  2.421  23.942 0.3000000119
88796  37.291  1.271  25.198 0.3000000119
87897  36.556  0.874  25.384 0.3000000119
156765  47.910  8.394  21.440 0.6000000238
95152  46.001  8.178  21.257 0.4000000060
94243  43.247  7.350  22.365 0.4000000060
92363  41.142  6.035  22.996 0.4000000060
91437  39.671  4.299  23.778 0.4000000060
90548  38.645  3.225  23.975 0.3000000119
78860  55.984  -9.251  25.056 0.1000000015
157288  54.782  -9.330  25.134 0.1000000015
78861  53.873  -9.397  25.313 0.1000000015
150716  54.447  -8.619  23.837 0.1000000015
79769  53.829  -9.043  24.394 0.1000000015
78848  53.413  -9.492  26.047 0.1000000015
78835  51.925  -9.311  26.922 0.1000000015
78836  50.970  -9.091  26.895 0.1000000015
151081  54.478  -8.159  23.422 0.1000000015
78862  53.031  -9.328  25.135 0.1000000015
140872  52.299  -9.442  26.000 0.1000000015
78837  50.012  -9.059  26.574 0.1000000015
80750  54.068  -7.696  23.106 0.1000000015
79790  53.626  -8.347  23.658 0.1000000015
157956  53.161  -8.662  24.042 0.1000000015
79770  52.745  -8.889  24.409 0.1000000015
141547  51.376  -9.317  25.600 0.1000000015
139220  50.539  -9.197  25.244 0.1000000015
80775  53.639  -7.132  22.791 0.2000000030
139221  51.392  -9.066  24.890 0.1000000015
79772  51.053  -8.698  24.399 0.2000000030
147414  30.549  0.054  27.295 0.1000000015
86122  30.524  -1.334  27.409 0.1000000015
87895  30.917  0.758  26.911 0.1000000015
87012  31.387  -0.924  26.459 0.2000000030
88791  31.595  1.677  26.630 0.2000000030
87894  31.692  0.845  26.643 0.2000000030
146833  32.267  2.070  26.528 0.2000000030
148920  32.356  0.324  26.455 0.2000000030
88789  33.591  1.047  26.725 0.3000000119
87893  33.193  0.448  26.440 0.3000000119
148212  34.431  2.551  26.881 0.2000000030
88778  35.790  1.469  26.987 0.3000000119
94252  47.338  7.663  22.265 0.4000000060
94240  46.017  7.335  22.600 0.4000000060
93336  44.794  6.988  23.085 0.4000000060
93338  42.999  6.643  23.024 0.4000000060
88800  38.162  1.618  25.379 0.3000000119
88795  37.714  1.315  25.811 0.3000000119
88777  36.695  1.477  26.850 0.3000000119
93332  41.852  5.762  23.411 0.4000000060
91436  40.936  4.623  24.081 0.4000000060
90546  40.339  3.832  24.411 0.4000000060
89670  39.561  2.403  25.486 0.4000000060
96026  32.488  9.926  26.916 0.2000000030
93307  31.572  6.570  25.993 0.2000000030
92336  30.914  5.083  26.229 0.2000000030
89661  31.081  2.526  26.587 0.2000000030
158120  31.214  1.224  26.754 0.2000000030
96024  34.228  9.629  26.897 0.2000000030
94212  32.812  7.686  25.729 0.2000000030
93317  32.683  6.473  25.303 0.2000000030
147788  32.276  3.422  26.101 0.2000000030
158506  31.694  2.261  26.510 0.2000000030
152185  33.380  8.103  25.766 0.2000000030
152955  33.460  6.524  25.025 0.3000000119
91423  33.325  4.902  25.450 0.2000000030
90529  33.386  3.318  26.275 0.2000000030
91422  34.261  4.796  25.461 0.2000000030
90528  34.366  3.399  26.474 0.2000000030
156385  33.945  2.975  26.629 0.2000000030
90527  35.249  3.604  26.552 0.2000000030
94238  48.179  7.242  22.766 0.4000000060
94234  46.421  6.745  23.291 0.3000000119
93329  44.532  6.414  23.636 0.4000000060
92356  43.355  5.491  24.102 0.4000000060
88784  38.542  1.868  26.401 0.3000000119
89647  37.184  2.222  27.037 0.3000000119
90516  36.577  3.052  27.002 0.2000000030
92355  44.243  5.810  24.156 0.4000000060
91435  41.767  4.513  24.420 0.4000000060
90541  41.372  3.499  25.281 0.4000000060
89669  40.232  2.777  25.573 0.4000000060
89655  39.536  2.336  26.147 0.4000000060
95109  34.453  8.672  25.912 0.3000000119
143128  34.344  7.161  24.894 0.3000000119
93315  35.234  6.264  24.815 0.3000000119
92344  34.698  5.468  25.101 0.2000000030
92334  36.006  4.868  25.693 0.2000000030
91410  36.510  4.366  26.275 0.2000000030
94233  47.678  6.742  23.312 0.3000000119
93328  45.433  6.575  23.550 0.3000000119
89656  39.005  2.149  26.373 0.4000000060
90514  38.203  3.204  26.776 0.3000000119
91409  37.372  4.563  26.430 0.3000000119
92354  45.159  6.138  24.125 0.3000000119
89644  39.369  2.656  26.436 0.4000000060
90513  39.047  3.293  26.642 0.3000000119
92343  36.201  5.697  25.242 0.3000000119
92333  36.918  5.087  25.857 0.2000000030
92321  38.935  4.860  26.598 0.3000000119
91408  38.155  4.725  26.542 0.3000000119
81716  55.295  -6.293  22.618 0.1000000015
84397  53.171  -3.658  22.054 0.2000000030
84380  52.703  -2.850  22.114 0.2000000030
84378  55.012  -3.204  22.734 0.2000000030
152614  48.581  9.643  14.855 0.6000000238
96107  48.682  9.768  16.380 0.6000000238
96108  47.976  9.328  16.647 0.6000000238
141271  49.586  8.647  9.300 0.4000000060
95242  51.068  8.181  6.644 0.4000000060
145590  52.918  6.681  5.529 0.4000000060
91506  51.733  4.281  14.580 0.3000000119
135415  52.321  4.329  13.900 0.3000000119
90656  50.572  3.526  11.865 0.3000000119
155487  49.988  3.420  11.413 0.3000000119
91487  57.445  3.870  16.393 0.3000000119
90671  48.826  3.557  10.731 0.3000000119
151869  47.428  3.524  11.147 0.3000000119
91544  52.632  4.389  10.448 0.3000000119
90673  47.301  4.079  10.765 0.3000000119
93447  57.398  6.481  9.886 0.3000000119
92467  55.841  5.784  10.579 0.3000000119
92455  56.463  6.257  11.338 0.3000000119
93490  57.927  6.413  5.616 0.4000000060
93479  57.685  6.652  6.601 0.4000000060
93468  57.350  6.601  7.410 0.3000000119
91498  50.949  4.064  14.953 0.3000000119
155528  49.809  3.625  14.796 0.3000000119
87952  54.036  0.468  19.367 0.2000000030
89722  56.098  2.534  18.653 0.2000000030
92418  54.749  6.347  15.495 0.3000000119
91511  54.533  5.233  13.124 0.3000000119
92435  53.876  4.978  13.856 0.3000000119
90659  47.183  3.138  11.777 0.2000000030
89782  46.343  2.777  12.792 0.2000000030
148457  56.128  6.756  14.615 0.3000000119
135577  55.226  5.771  13.250 0.3000000119
91520  54.409  4.990  12.310 0.3000000119
90661  45.891  3.819  11.719 0.2000000030
90660  46.639  3.763  11.330 0.2000000030
151388  56.148  6.907  15.360 0.3000000119
92444  55.863  6.114  12.855 0.3000000119
134456  55.757  5.874  12.032 0.3000000119
92458  45.640  5.228  11.699 0.2000000030
92457  46.279  5.306  11.230 0.2000000030
142759  54.983  5.359  11.796 0.3000000119
151240  54.936  5.304  11.021 0.3000000119
91542  54.166  4.926  10.700 0.3000000119
91543  53.472  4.698  10.392 0.3000000119
92471  46.892  5.411  10.755 0.3000000119
91557  52.352  4.553  9.559 0.3000000119
91558  51.536  4.417  9.409 0.3000000119
92481  53.792  5.198  9.135 0.3000000119
92482  52.892  4.966  8.956 0.3000000119
143396  51.309  4.695  8.809 0.3000000119
91575  49.970  4.927  8.700 0.3000000119
92485  48.108  5.920  9.754 0.4000000060
92497  50.460  5.346  8.131 0.3000000119
93449  48.700  6.338  9.177 0.4000000060
93470  55.422  6.247  7.011 0.4000000060
151334  56.919  6.648  4.874 0.4000000060
91489  51.659  4.263  16.333 0.3000000119
134054  45.271  2.737  13.400 0.2000000030
90632  44.330  3.606  13.171 0.2000000030
92446  45.063  5.166  12.236 0.2000000030
93416  45.386  6.021  12.142 0.3000000119
93427  47.167  6.772  10.856 0.4000000060
94313  47.031  7.794  11.935 0.4000000060
94314  46.364  7.423  12.259 0.5000000000
92509  54.113  5.674  7.696 0.4000000060
94329  47.746  7.165  10.477 0.4000000060
92510  53.080  5.555  7.516 0.4000000060
92496  51.084  5.399  7.766 0.4000000060
92511  51.999  5.494  7.410 0.4000000060
142369  49.915  5.701  8.209 0.4000000060
93458  49.383  6.388  8.475 0.4000000060
94328  48.348  7.523  10.080 0.4000000060
94335  48.587  7.165  9.459 0.4000000060
95207  47.821  8.242  11.738 0.5000000000
156747  54.674  6.135  6.675 0.4000000060
93484  50.638  6.707  7.143 0.4000000060
94334  49.445  7.936  8.685 0.4000000060
93483  52.394  6.363  6.182 0.4000000060
94340  49.924  7.946  7.961 0.4000000060
95222  49.277  8.702  10.132 0.5000000000
158595  54.813  -0.582  20.233 0.1000000015
87065  54.991  -0.056  20.502 0.2000000030
90601  50.356  3.303  16.916 0.3000000119
90633  43.754  3.733  13.543 0.2000000030
92447  44.591  5.000  12.649 0.2000000030
92430  42.979  4.697  14.349 0.2000000030
93405  44.676  6.588  13.446 0.3000000119
92436  44.184  5.146  13.168 0.3000000119
94306  45.390  7.296  13.475 0.5000000000
95183  46.571  8.366  14.381 0.5000000000
95197  48.065  8.739  12.702 0.6000000238
95205  49.202  9.118  11.654 0.6000000238
94349  50.504  7.833  7.247 0.4000000060
90588  51.593  3.531  18.720 0.3000000119
90595  50.200  2.943  17.467 0.3000000119
151275  44.968  2.360  14.706 0.3000000119
90622  42.911  3.395  14.404 0.2000000030
93361  56.042  6.459  18.327 0.3000000119
90612  42.397  3.305  14.901 0.2000000030
89769  42.880  2.798  14.751 0.2000000030
94299  44.741  7.148  14.212 0.4000000060
93398  44.225  6.556  14.065 0.3000000119
94298  45.447  7.667  14.436 0.5000000000
95191  47.331  8.721  14.095 0.6000000238
96126  48.501  9.233  13.386 0.6000000238
132514  43.030  2.044  15.982 0.2000000030
89737  42.095  1.916  17.194 0.2000000030
92420  43.103  5.566  14.693 0.3000000119
91499  42.043  4.098  15.223 0.2000000030
90604  41.377  3.251  16.127 0.2000000030
90605  40.826  3.272  16.769 0.2000000030
95180  45.663  7.959  15.278 0.5000000000
95176  46.020  8.242  16.069 0.5000000000
95179  46.434  8.398  15.251 0.5000000000
94293  44.282  7.372  15.781 0.4000000060
132700  44.871  7.521  15.105 0.5000000000
95175  46.747  8.619  16.098 0.5000000000
91463  52.888  4.409  20.264 0.3000000119
89716  50.052  2.160  18.914 0.3000000119
91461  54.477  5.268  21.191 0.3000000119
88882  42.803  1.577  17.763 0.2000000030
92421  42.423  5.010  15.099 0.2000000030
93383  42.482  6.342  16.268 0.3000000119
155959  41.332  4.591  16.163 0.2000000030
92413  41.468  5.275  16.319 0.2000000030
91491  41.019  3.998  16.383 0.2000000030
90596  40.312  3.350  17.478 0.2000000030
95174  47.186  8.792  16.966 0.6000000238
94287  45.152  8.013  17.167 0.5000000000
149375  45.713  8.181  16.740 0.5000000000
90597  39.881  3.748  17.904 0.2000000030
89717  39.121  2.061  19.111 0.2000000030
92403  41.001  5.668  17.001 0.3000000119
92405  40.002  5.159  17.724 0.2000000030
158863  40.475  5.591  17.516 0.2000000030
91454  55.384  4.868  21.755 0.3000000119
159462  54.108  4.800  21.732 0.3000000119
91460  55.835  5.287  21.032 0.3000000119
92378  56.272  5.485  20.339 0.3000000119
92379  55.610  5.859  20.437 0.3000000119
87965  44.847  0.551  18.875 0.2000000030
88853  42.260  0.986  19.013 0.2000000030
159577  42.320  0.154  19.596 0.2000000030
87944  41.966  -0.118  19.788 0.2000000030
87957  40.997  0.695  19.555 0.2000000030
88854  41.341  1.178  19.098 0.2000000030
87959  39.260  0.709  19.761 0.2000000030
87960  38.286  0.771  19.909 0.1000000015
88858  37.866  1.544  19.719 0.3000000119
94288  44.392  7.634  16.754 0.4000000060
94285  42.847  7.288  17.695 0.3000000119
89718  38.545  2.916  19.061 0.3000000119
89719  37.708  2.927  19.500 0.4000000060
88843  37.073  1.829  19.929 0.2000000030
95170  47.211  8.811  17.972 0.6999999881
96100  47.866  9.207  18.544 0.6999999881
138049  46.011  8.455  18.244 0.6000000238
155883  44.437  7.902  17.828 0.4000000060
93364  42.064  6.967  17.755 0.3000000119
93375  40.832  6.222  17.726 0.3000000119
93365  41.437  6.887  18.222 0.3000000119
92397  38.809  5.365  18.823 0.4000000060
93367  39.783  6.331  18.709 0.3000000119
92388  38.294  5.587  19.460 0.4000000060
94277  44.047  8.057  18.803 0.4000000060
84403  47.306  -3.977  21.902 0.1000000015
84402  48.702  -3.643  21.636 0.1000000015
146815  47.221  -5.147  22.049 0.1000000015
85272  49.426  -2.040  22.039 0.2000000030
149661  49.475  -2.694  21.834 0.1000000015
84405  45.825  -3.805  22.299 0.1000000015
140123  45.336  -4.556  22.307 0.1000000015
154175  45.853  -5.103  22.265 0.1000000015
143123  43.933  -4.944  22.371 0.1000000015
143778  43.048  -4.998  22.485 0.1000000015
143777  42.197  -5.101  22.546 0.1000000015
81729  41.932  -5.967  22.668 0.1000000015
157631  40.497  -5.890  22.792 0.1000000015
80763  38.946  -7.455  23.676 0.2000000030
143561  39.477  -6.559  23.186 0.1000000015
142463  46.683  -2.321  22.428 0.1000000015
84383  45.348  -2.870  22.483 0.1000000015
84384  44.496  -3.121  22.512 0.1000000015
141989  40.161  -4.758  22.638 0.1000000015
82597  39.396  -4.883  22.737 0.1000000015
82578  37.477  -5.755  23.197 0.2000000030
90557  53.213  4.010  22.637 0.3000000119
143616  45.808  -1.298  22.705 0.1000000015
86163  44.521  -1.640  22.510 0.1000000015
85277  43.970  -2.418  22.538 0.1000000015
85279  42.335  -2.804  22.345 0.1000000015
153104  40.392  -4.118  22.514 0.1000000015
83487  38.946  -4.246  22.554 0.1000000015
83468  37.713  -5.054  22.966 0.1000000015
86171  44.143  -1.232  22.175 0.1000000015
151071  42.807  -2.178  22.084 0.1000000015
85281  40.691  -3.089  22.065 0.1000000015
85298  41.995  -2.461  21.831 0.1000000015
143842  40.172  -3.586  22.319 0.1000000015
84388  39.351  -3.599  22.292 0.1000000015
84390  37.588  -3.694  22.304 0.1000000015
88852  46.224  0.506  19.390 0.3000000119
87059  44.697  -0.679  21.960 0.1000000015
86172  42.479  -1.891  21.347 0.1000000015
86174  40.730  -2.147  21.045 0.1000000015
85300  40.443  -2.631  21.577 0.1000000015
155306  38.438  -2.652  21.657 0.1000000015
86175  39.821  -2.191  21.227 0.1000000015
85282  39.784  -2.970  21.868 0.1000000015
85283  38.078  -3.135  21.946 0.1000000015
83490  35.993  -4.174  22.803 0.2000000030
84392  35.653  -3.493  22.540 0.2000000030
87953  46.278  0.440  20.425 0.3000000119
87940  45.590  0.228  20.810 0.2000000030
87942  44.143  -0.214  20.135 0.2000000030
87941  44.869  -0.089  20.714 0.2000000030
87067  43.399  -0.646  20.408 0.1000000015
86184  42.003  -1.449  20.536 0.1000000015
87068  42.390  -0.757  20.174 0.1000000015
149659  39.475  -1.535  20.846 0.1000000015
86176  38.361  -1.995  21.268 0.1000000015
86187  38.767  -1.268  20.783 0.1000000015
86177  37.449  -1.840  21.258 0.1000000015
85303  36.908  -2.374  21.571 0.1000000015
142756  35.881  -2.982  22.164 0.2000000030
155245  35.413  -3.088  22.375 0.2000000030
87956  43.862  0.236  19.391 0.2000000030
87946  39.828  0.005  20.020 0.2000000030
87072  38.238  -0.620  20.515 0.1000000015
86189  37.130  -1.238  20.899 0.1000000015
87073  37.377  -0.616  20.595 0.1000000015
86179  35.766  -1.316  21.273 0.2000000030
87948  36.852  0.077  20.444 0.2000000030
87075  35.977  0.150  20.730 0.2000000030
86180  35.003  -1.117  21.585 0.2000000030
153394  36.405  0.702  20.436 0.2000000030
87949  35.743  0.928  20.750 0.3000000119
88837  35.200  1.234  21.271 0.3000000119
91471  37.359  4.656  19.961 0.3000000119
89710  35.818  2.351  20.772 0.3000000119
93359  38.623  6.328  19.848 0.4000000060
92389  37.688  5.366  19.939 0.3000000119
90577  36.257  3.767  20.768 0.4000000060
95167  46.319  8.648  19.090 0.5000000000
95158  44.960  8.315  20.171 0.4000000060
94271  42.545  7.660  19.242 0.3000000119
94270  43.358  7.981  19.469 0.4000000060
133419  41.990  7.581  19.833 0.3000000119
94273  40.821  7.211  20.090 0.3000000119
133086  41.179  -3.438  29.499 0.1000000015
149482  41.131  -3.384  30.131 0.1000000015
137696  43.160  -3.315  28.418 0.1000000015
84322  40.057  -4.248  29.110 0.1000000015
84352  42.199  -3.772  28.359 0.1000000015
84351  42.806  -3.645  28.213 0.1000000015
83446  41.569  -4.330  28.274 0.1000000015
83447  40.665  -4.619  28.423 0.1000000015
83425  39.542  -4.608  28.890 0.1000000015
81667  42.538  -6.331  27.636 0.1000000015
138405  41.932  -7.029  27.577 0.1000000015
82551  40.268  -5.354  28.186 0.1000000015
82531  39.072  -5.036  28.614 0.1000000015
83427  37.882  -4.944  28.993 0.1000000015
80713  42.611  -7.504  27.364 0.1000000015
140266  41.118  -7.190  27.543 0.1000000015
82553  38.649  -5.666  28.242 0.1000000015
79743  43.533  -8.328  26.771 0.1000000015
79752  44.603  -8.977  25.698 0.1000000015
79731  41.272  -8.048  27.051 0.1000000015
80716  39.574  -7.552  27.330 0.1000000015
82534  36.491  -5.360  28.619 0.1000000015
79776  45.373  -8.886  24.162 0.1000000015
79753  43.810  -8.914  25.547 0.1000000015
78853  45.985  -9.133  25.600 0.1000000015
135933  42.099  -8.722  26.117 0.2000000030
79754  42.899  -8.838  25.554 0.1000000015
79745  41.485  -8.487  26.496 0.2000000030
82555  36.074  -5.945  28.069 0.1000000015
79799  43.610  -8.722  24.051 0.1000000015
79779  42.687  -8.728  24.486 0.1000000015
79755  41.270  -8.731  25.860 0.2000000030
79756  40.399  -8.668  25.651 0.2000000030
79747  39.719  -8.510  26.231 0.2000000030
80727  38.232  -8.013  26.614 0.2000000030
81673  36.408  -6.581  27.606 0.1000000015
79800  43.001  -8.397  23.699 0.1000000015
80759  43.735  -8.073  23.306 0.1000000015
79801  41.363  -8.125  23.839 0.2000000030
139218  42.215  -8.257  23.763 0.2000000030
79781  40.217  -8.477  24.715 0.2000000030
79757  39.533  -8.555  25.422 0.2000000030
79782  39.373  -8.391  24.694 0.2000000030
79759  37.875  -8.256  25.692 0.2000000030
80729  36.479  -7.745  26.262 0.2000000030
81685  35.923  -7.261  26.858 0.2000000030
81741  48.390  -5.879  22.039 0.1000000015
142552  45.958  -5.733  22.321 0.1000000015
81726  45.123  -6.324  22.440 0.1000000015
80785  43.586  -7.196  22.838 0.1000000015
80760  42.810  -7.749  23.242 0.1000000015
139545  40.971  -7.639  23.551 0.2000000030
80762  40.131  -7.363  23.510 0.2000000030
79803  39.651  -8.070  24.058 0.2000000030
80743  36.589  -7.592  24.637 0.2000000030
85271  50.355  -1.938  22.109 0.2000000030
80786  42.549  -6.794  22.825 0.1000000015
80764  37.944  -7.224  23.714 0.2000000030
81704  36.928  -6.186  23.441 0.2000000030
81706  35.674  -6.341  23.931 0.2000000030
81697  35.188  -6.818  24.623 0.2000000030
146296  47.470  -0.315  22.756 0.1000000015
82580  35.493  -5.485  23.594 0.2000000030
87932  47.092  0.458  22.357 0.1000000015
82581  34.697  -5.170  23.730 0.2000000030
152347  46.020  -0.003  22.276 0.1000000015
87934  46.122  0.290  21.844 0.1000000015
84366  35.148  -3.900  22.995 0.2000000030
83472  33.737  -3.986  23.609 0.2000000030
84394  34.149  -2.976  22.862 0.2000000030
88835  47.801  0.894  21.530 0.3000000119
86166  34.262  -1.191  22.296 0.2000000030
86167  33.760  -1.712  22.820 0.2000000030
87035  33.421  -0.873  23.870 0.2000000030
135833  35.269  1.961  21.374 0.3000000119
87926  34.378  0.611  22.586 0.2000000030
88824  35.006  1.867  22.757 0.3000000119
93350  40.134  6.980  20.247 0.4000000060
93352  38.368  6.448  20.692 0.4000000060
93351  39.262  6.748  20.475 0.4000000060
92384  36.753  4.995  21.087 0.4000000060
92376  37.205  5.487  21.347 0.4000000060
93353  37.652  6.058  20.937 0.3000000119
92382  37.894  5.984  20.246 0.4000000060
91465  36.321  4.349  21.362 0.4000000060
90561  35.684  3.410  22.139 0.3000000119
89693  35.930  3.019  22.868 0.3000000119
96097  47.806  9.145  19.460 0.6999999881
95161  46.470  8.700  19.946 0.6000000238
95156  46.301  8.479  20.597 0.5000000000
94264  43.523  8.085  20.386 0.4000000060
137340  42.208  7.718  20.699 0.3000000119
150838  40.076  6.818  21.778 0.4000000060
83379  39.903  -4.381  31.753 0.1000000015
83380  38.942  -4.518  31.780 0.1000000015
85173  38.369  -2.878  33.119 0.1000000015
84349  44.476  -3.449  27.978 0.1000000015
142853  43.952  -4.171  27.811 0.1000000015
84294  37.236  -4.160  31.648 0.1000000015
82547  43.863  -5.169  27.628 0.1000000015
151283  44.667  -5.581  27.489 0.1000000015
82548  42.895  -5.200  27.723 0.1000000015
81684  45.619  -7.028  27.074 0.1000000015
78852  46.849  -9.197  25.625 0.1000000015
78867  46.498  -9.194  24.858 0.1000000015
83417  35.387  -4.750  29.361 0.1000000015
82592  52.634  -6.015  22.120 0.2000000030
80777  51.180  -7.326  22.895 0.2000000030
79796  48.099  -8.380  23.630 0.2000000030
139456  47.231  -8.371  23.588 0.1000000015
78866  47.401  -9.223  24.864 0.1000000015
81721  50.076  -6.608  22.289 0.2000000030
80778  50.298  -7.209  22.771 0.2000000030
80755  47.772  -7.767  23.082 0.2000000030
81739  49.818  -5.984  21.901 0.2000000030
81723  48.597  -6.334  22.219 0.1000000015
80781  47.363  -7.156  22.671 0.1000000015
80782  46.461  -7.224  22.727 0.1000000015
81676  33.951  -6.202  27.084 0.2000000030
86143  54.265  -0.459  23.235 0.2000000030
87045  50.156  -0.309  22.741 0.2000000030
87032  49.638  0.309  22.763 0.2000000030
81698  34.362  -6.400  24.885 0.2000000030
82566  33.567  -5.861  25.125 0.2000000030
87033  48.996  0.032  22.767 0.2000000030
136627  48.203  0.718  22.343 0.2000000030
83465  33.930  -4.809  23.911 0.2000000030
155089  47.384  0.681  22.101 0.2000000030
85254  32.617  -2.611  24.213 0.2000000030
86137  33.039  -1.339  24.270 0.3000000119
87022  34.133  -0.217  25.158 0.3000000119
88813  35.263  1.502  23.605 0.3000000119
92375  37.703  5.916  21.523 0.4000000060
91447  36.817  4.561  22.281 0.3000000119
91446  37.566  4.717  22.609 0.3000000119
92366  38.147  5.791  22.151 0.3000000119
92368  36.721  4.863  21.652 0.4000000060
90560  36.302  3.853  22.468 0.3000000119
94262  45.178  8.158  21.020 0.4000000060
94257  42.619  7.671  21.580 0.4000000060
94245  41.364  7.029  22.171 0.3000000119
142916  38.862  5.559  22.595 0.3000000119
82563  46.779  -5.878  26.919 0.1000000015
81663  45.941  -6.099  27.157 0.1000000015
137338  46.989  -7.593  26.641 0.2000000030
81683  46.455  -6.825  26.873 0.1000000015
78839  47.838  -9.005  26.242 0.2000000030
80724  46.131  -7.755  26.770 0.1000000015
79740  46.694  -8.377  26.465 0.1000000015
78851  47.633  -9.246  25.797 0.2000000030
150962  48.133  -9.292  25.322 0.2000000030
83454  32.292  -4.898  26.424 0.2000000030
83458  32.517  -4.971  25.657 0.2000000030
83466  33.150  -4.399  24.272 0.2000000030
85247  31.274  -2.504  26.185 0.2000000030
86126  31.308  -1.707  26.249 0.2000000030
86129  33.014  -1.050  25.074 0.2000000030
86138  32.572  -1.803  24.582 0.2000000030
87009  34.211  -0.017  25.860 0.3000000119
87891  34.818  0.366  26.252 0.3000000119
87899  34.994  0.174  25.534 0.3000000119
87898  35.860  0.544  25.480 0.3000000119
88801  36.459  1.164  24.753 0.3000000119
90549  37.769  3.203  23.616 0.3000000119
91439  38.237  4.054  23.289 0.3000000119
90550  36.795  3.182  23.260 0.3000000119
89672  36.931  1.717  24.361 0.3000000119
95151  47.016  8.188  21.520 0.6000000238
92359  39.276  5.014  23.125 0.3000000119
92358  40.203  5.063  23.469 0.4000000060
92364  40.452  5.869  22.900 0.4000000060
91438  38.930  4.439  23.336 0.3000000119
79737  49.619  -8.460  26.806 0.1000000015
134534  49.500  -7.363  26.883 0.1000000015
154868  49.576  -9.334  25.948 0.1000000015
78850  48.470  -9.254  26.017 0.2000000030
84353  31.421  -3.690  28.083 0.1000000015
85240  30.887  -2.960  27.719 0.1000000015
85244  30.910  -2.176  26.689 0.2000000030
87011  32.181  -0.414  26.235 0.2000000030
140261  31.403  -0.017  26.679 0.2000000030
88788  34.464  0.905  26.758 0.3000000119
145084  34.020  1.731  26.899 0.3000000119
88786  36.222  0.940  26.432 0.3000000119
94239  47.005  7.239  22.723 0.3000000119
94254  45.574  7.804  21.871 0.4000000060
94242  44.223  7.438  22.379 0.4000000060
93335  45.556  7.020  23.036 0.4000000060
89679  38.230  2.476  24.302 0.3000000119
87888  37.051  1.016  25.722 0.3000000119
144669  42.277  6.385  23.052 0.4000000060
93339  41.592  6.504  22.737 0.4000000060
138974  41.626  5.094  23.919 0.4000000060
92357  41.051  5.411  23.468 0.4000000060
157228  40.296  4.461  23.967 0.4000000060
90547  39.469  3.444  24.279 0.4000000060
90544  39.076  2.560  24.749 0.4000000060
150434  51.403  -9.363  26.352 0.1000000015
78863  52.112  -9.174  25.013 0.1000000015
78849  50.602  -9.326  26.194 0.1000000015
89659  32.760  2.671  26.442 0.2000000030
146221  33.142  1.872  26.678 0.2000000030
89660  31.881  2.730  26.353 0.2000000030
88790  32.571  1.173  26.610 0.2000000030
89658  33.613  2.538  26.683 0.2000000030
88779  34.888  1.595  26.989 0.3000000119
89657  34.992  3.045  26.880 0.2000000030
89649  35.319  2.340  27.079 0.3000000119
89648  36.216  2.239  27.148 0.3000000119
93331  42.771  5.894  23.555 0.4000000060
93330  43.636  6.152  23.612 0.4000000060
89664  38.874  1.959  25.450 0.3000000119
88794  38.562  1.654  25.964 0.3000000119
134434  37.909  1.557  26.322 0.3000000119
143265  37.395  1.592  26.686 0.3000000119
146900  42.432  5.154  24.111 0.4000000060
91433  41.196  3.895  24.685 0.4000000060
90543  39.936  2.982  24.944 0.4000000060
90542  40.692  3.280  25.116 0.4000000060
88783  38.991  1.954  26.154 0.4000000060
95112  32.082  8.644  26.527 0.2000000030
95111  32.946  8.492  26.212 0.2000000030
96025  33.404  9.782  26.863 0.2000000030
145792  31.243  5.907  26.086 0.2000000030
92347  32.044  6.016  25.543 0.2000000030
152697  31.483  7.255  26.314 0.2000000030
93306  32.177  7.026  25.660 0.2000000030
90530  31.312  3.433  26.313 0.2000000030
91415  31.678  4.361  25.973 0.2000000030
92335  31.645  5.285  25.865 0.2000000030
96045  33.602  9.149  26.530 0.2000000030
94213  32.135  7.888  26.162 0.2000000030
94223  32.894  7.050  25.349 0.2000000030
94222  33.468  7.445  25.341 0.2000000030
92346  32.920  5.756  25.218 0.2000000030
91424  32.394  5.087  25.599 0.2000000030
91414  32.805  4.162  25.795 0.2000000030
95123  34.012  8.048  25.501 0.3000000119
92345  33.800  5.586  25.067 0.2000000030
93316  34.288  6.191  24.831 0.2000000030
91413  33.822  4.086  25.837 0.2000000030
91412  34.755  4.103  25.960 0.2000000030
90526  36.086  3.724  26.654 0.2000000030
91411  35.636  4.211  26.117 0.2000000030
93327  47.241  6.296  23.943 0.3000000119
155792  43.898  5.109  24.643 0.4000000060
92352  43.109  4.909  24.492 0.4000000060
89646  37.876  2.539  26.876 0.2000000030
90515  37.414  3.145  26.893 0.2000000030
90525  36.930  3.851  26.700 0.2000000030
91431  42.485  4.376  24.759 0.4000000060
89654  40.197  2.684  26.058 0.4000000060
94221  35.392  7.360  24.844 0.3000000119
148895  35.469  5.374  25.242 0.2000000030
91421  35.145  4.773  25.575 0.2000000030
91401  37.754  3.976  26.680 0.3000000119
91400  38.572  4.060  26.647 0.3000000119
132416  52.983  4.942  2.685 0.2000000030
91645  51.489  5.121  2.314 0.3000000119
91638  50.206  4.249  2.055 0.2000000030
92313  49.080  5.521  26.910 0.4000000060
93527  55.736  7.008  1.490 0.4000000060
94403  55.940  7.358  1.557 0.4000000060
93528  54.970  6.498  1.566 0.4000000060
92557  55.589  5.428  2.203 0.4000000060
92570  54.345  5.845  1.987 0.4000000060
92558  54.713  5.361  2.258 0.2000000030
92556  56.083  5.586  2.213 0.3000000119
91644  52.566  5.320  2.475 0.3000000119
92573  51.018  5.491  2.110 0.2000000030
140440  49.637  4.513  1.699 0.2000000030
138769  50.139  5.297  1.840 0.2000000030
90760  48.282  3.687  1.399 0.1000000015
91647  48.196  4.291  1.402 0.1000000015
91639  47.226  4.594  2.100 0.1000000015
91627  47.179  4.676  2.987 0.1000000015
95966  47.860  9.522  32.996 0.2000000030
95051  48.713  7.769  32.102 0.2000000030
95980  47.364  9.079  31.912 0.2000000030
94232  48.693  6.844  23.422 0.3000000119
95285  55.915  8.152  1.858 0.4000000060
95293  55.538  8.290  1.584 0.4000000060
156081  56.281  7.635  1.930 0.4000000060
94405  55.033  7.500  1.416 0.4000000060
92571  53.221  5.862  2.224 0.3000000119
92574  49.235  5.251  1.661 0.2000000030
92562  47.861  4.838  1.772 0.1000000015
92575  48.508  4.907  1.584 0.1000000015
92561  48.473  5.435  2.214 0.1000000015
159591  47.606  5.105  3.416 0.1000000015
92549  48.184  5.518  3.295 0.1000000015
93506  48.747  6.577  4.831 0.2000000030
93507  48.197  6.038  5.001 0.2000000030
135638  47.580  9.030  5.716 0.2000000030
96181  47.153  9.594  5.509 0.2000000030
95277  54.856  8.562  3.068 0.4000000060
95276  55.616  8.702  2.213 0.4000000060
158820  55.493  8.937  1.831 0.4000000060
94404  55.521  7.950  1.496 0.4000000060
142303  54.131  8.006  1.480 0.4000000060
94406  53.049  7.946  1.759 0.3000000119
93530  52.811  6.445  2.128 0.3000000119
93519  52.389  7.135  2.161 0.3000000119
92572  52.044  5.785  2.294 0.3000000119
140979  51.405  6.027  2.170 0.3000000119
93520  51.384  6.681  2.356 0.3000000119
133295  50.468  6.523  2.486 0.3000000119
93532  50.701  5.945  2.099 0.2000000030
93521  49.877  5.883  2.033 0.2000000030
92560  49.203  5.853  2.250 0.1000000015
93513  48.949  6.091  3.146 0.1000000015
139111  49.135  6.448  4.144 0.1000000015
94352  43.840  7.277  7.299 0.1000000015
93505  49.346  7.250  4.623 0.2000000030
95267  48.972  8.156  5.209 0.2000000030
94351  44.763  7.242  7.268 0.1000000015
146395  48.427  8.978  5.448 0.2000000030
95245  44.647  8.272  6.290 0.1000000015
96182  46.423  9.713  5.190 0.2000000030
96202  55.223  9.523  1.828 0.4000000060
96226  55.130  9.268  1.601 0.4000000060
95295  54.679  9.049  1.402 0.4000000060
96228  54.131  9.847  1.500 0.4000000060
95296  53.625  8.876  1.541 0.4000000060
95286  52.655  8.685  1.943 0.4000000060
94396  52.340  7.925  2.130 0.3000000119
94397  51.677  7.607  2.434 0.3000000119
94399  50.259  7.052  3.233 0.2000000030
94390  49.958  7.449  3.991 0.2000000030
94384  48.605  7.317  5.322 0.2000000030
95256  45.217  8.704  5.986 0.2000000030
144880  45.787  9.231  5.531 0.2000000030
97180  54.127  10.531  1.703 0.5000000000
97181  53.593  10.511  1.783 0.4000000060
96217  52.050  9.377  2.415 0.4000000060
95287  51.878  8.421  2.406 0.3000000119
94389  50.471  8.031  3.568 0.2000000030
96193  45.510  9.705  4.522 0.2000000030
96183  44.894  9.193  5.105 0.2000000030
96192  46.285  10.241  4.386 0.2000000030
95257  44.328  8.679  5.542 0.2000000030
95268  44.100  9.069  4.698 0.2000000030
98151  52.143  11.829  2.978 0.3000000119
141880  50.196  12.037  3.886 0.3000000119
98131  49.852  11.279  4.283 0.3000000119
96190  49.355  9.777  4.819 0.2000000030
96191  48.675  9.748  5.198 0.2000000030
142348  51.839  13.698  3.038 0.3000000119
99119  50.616  12.857  3.377 0.3000000119
97137  49.586  10.509  4.569 0.3000000119
97127  48.084  10.398  5.027 0.2000000030
98139  49.328  12.012  3.951 0.2000000030
98140  48.396  11.831  3.812 0.2000000030
98133  48.294  11.031  4.504 0.2000000030
97128  47.163  10.249  5.008 0.2000000030
138617  47.761  11.351  4.013 0.2000000030
96194  44.595  9.497  4.193 0.2000000030
100031  51.032  13.862  2.895 0.3000000119
100043  51.541  14.842  2.774 0.4000000060
100032  50.124  13.802  2.785 0.4000000060
99121  48.878  12.727  3.190 0.2000000030
99120  49.735  12.814  3.364 0.3000000119
97151  47.062  11.173  3.703 0.2000000030
95247  42.919  8.175  5.877 0.1000000015
95259  42.533  8.584  5.112 0.2000000030
144377  46.847  10.664  4.226 0.2000000030
95260  41.634  8.702  5.132 0.2000000030
101664  50.965  16.050  2.993 0.4000000060
95258  43.434  8.658  5.137 0.1000000015
95270  42.922  8.908  4.508 0.1000000015
97114  36.942  11.169  7.732 0.3000000119
100044  50.453  14.867  2.538 0.4000000060
100045  49.508  14.679  2.421 0.4000000060
99122  47.966  12.627  2.745 0.2000000030
95269  43.473  9.157  4.282 0.2000000030
99136  49.256  13.683  2.628 0.3000000119
96206  44.978  9.957  3.546 0.2000000030
138682  43.950  9.401  3.994 0.2000000030
98141  47.475  11.826  3.233 0.2000000030
98142  46.626  11.554  2.715 0.3000000119
95261  40.916  8.988  4.915 0.3000000119
96184  40.274  9.152  5.304 0.2000000030
96197  39.696  9.699  4.541 0.3000000119
101657  50.432  15.982  3.007 0.4000000060
101658  49.753  15.754  2.867 0.4000000060
98104  36.880  11.433  6.776 0.4000000060
97113  37.449  10.687  7.090 0.3000000119
137734  48.729  14.429  2.294 0.3000000119
151320  42.210  9.108  4.274 0.2000000030
99137  48.386  13.594  2.354 0.3000000119
97152  46.222  10.777  3.422 0.2000000030
97153  45.365  10.539  2.947 0.2000000030
95271  40.494  9.411  4.412 0.3000000119
96186  38.750  9.971  5.482 0.3000000119
153913  36.534  11.803  7.405 0.3000000119
101650  48.940  15.559  2.809 0.4000000060
100046  47.937  14.417  2.004 0.4000000060
144580  48.792  14.938  2.325 0.4000000060
98114  37.211  11.102  6.021 0.3000000119
98152  47.035  12.427  2.178 0.3000000119
97130  37.485  10.897  5.374 0.3000000119
96198  38.830  10.173  4.634 0.3000000119
97129  38.108  10.489  5.189 0.3000000119
100840  48.070  15.299  3.069 0.4000000060
101659  48.219  15.257  2.614 0.4000000060
136451  47.034  15.105  1.945 0.4000000060
99146  46.549  13.653  1.284 0.4000000060
97154  44.587  10.377  2.696 0.3000000119
136007  36.477  12.209  6.628 0.4000000060
100053  47.609  14.823  1.988 0.4000000060
100054  47.126  14.370  1.564 0.4000000060
99139  46.581  12.948  1.410 0.4000000060
98143  45.772  11.220  2.303 0.3000000119
97167  45.045  10.918  2.083 0.3000000119
98115  36.724  11.841  5.803 0.4000000060
99082  36.407  12.756  5.626 0.4000000060
100004  36.394  13.638  6.158 0.4000000060
147796  36.215  12.911  6.620 0.4000000060
99138  47.370  13.478  1.781 0.4000000060
151771  41.283  9.220  4.331 0.3000000119
97143  37.461  11.113  4.555 0.3000000119
98124  37.045  11.484  5.068 0.4000000060
98125  36.598  12.189  4.786 0.4000000060
137644  40.827  9.658  3.735 0.3000000119
152796  39.298  10.237  3.905 0.3000000119
100033  46.687  14.517  3.298 0.4000000060
100842  46.573  14.916  2.203 0.4000000060
100853  45.946  14.192  1.336 0.4000000060
96207  44.150  9.841  3.342 0.2000000030
96195  43.559  9.580  3.611 0.2000000030
96196  42.980  9.336  3.862 0.3000000119
140099  36.817  14.287  6.191 0.4000000060
100799  36.291  14.114  7.271 0.4000000060
101630  37.720  15.286  7.179 0.4000000060
100798  37.187  14.688  6.706 0.4000000060
96208  41.622  9.559  3.650 0.3000000119
149395  36.936  11.758  4.120 0.4000000060
99098  36.442  12.891  4.596 0.4000000060
100015  36.571  13.581  4.973 0.5000000000
97141  38.654  10.581  3.898 0.3000000119
97142  38.085  10.784  4.207 0.3000000119
96209  40.476  10.165  3.189 0.3000000119
96210  40.049  9.881  3.799 0.3000000119
97156  38.966  10.745  3.385 0.3000000119
97157  38.264  11.077  3.521 0.3000000119
134974  36.989  15.983  10.896 0.4000000060
157963  37.551  16.704  10.698 0.4000000060
101603  37.307  15.771  10.248 0.6000000238
137489  47.025  14.091  4.221 0.4000000060
102478  37.892  16.307  9.792 0.6000000238
102493  38.104  16.036  8.846 0.6000000238
100843  45.921  14.465  1.805 0.4000000060
100056  45.299  13.673  1.020 0.4000000060
101623  37.585  15.328  8.370 0.6000000238
100792  37.005  14.697  7.822 0.4000000060
97168  44.389  10.813  2.051 0.3000000119
96219  43.448  10.280  2.641 0.3000000119
141220  43.164  9.831  3.235 0.3000000119
141025  42.446  9.642  3.448 0.3000000119
100808  37.381  14.669  5.637 0.4000000060
96221  41.846  10.031  3.014 0.3000000119
147060  41.157  9.938  3.226 0.3000000119
97158  37.547  11.398  3.736 0.5000000000
99112  36.653  12.513  3.915 0.5000000000
96222  41.089  10.386  2.703 0.3000000119
97155  39.703  10.445  3.282 0.3000000119
97174  38.736  11.349  3.021 0.3000000119
104215  37.792  18.404  11.349 0.3000000119
103350  37.418  17.528  11.385 0.2000000030
103358  37.954  17.749  10.733 0.4000000060
103363  38.741  17.682  9.571 0.5000000000
103364  38.205  17.180  10.072 0.6000000238
100034  45.865  14.174  2.766 0.4000000060
102477  38.498  16.832  9.245 0.5000000000
100047  45.261  13.913  1.431 0.4000000060
100057  44.704  13.588  1.172 0.4000000060
103381  39.069  17.038  7.504 0.6000000238
102492  38.617  16.604  8.243 0.6000000238
98166  43.685  11.762  1.170 0.4000000060
98167  42.977  11.592  1.372 0.4000000060
101629  38.351  15.915  6.399 0.6000000238
97169  43.060  10.593  2.162 0.3000000119
96220  42.708  10.162  2.805 0.3000000119
101637  37.798  15.255  5.972 0.6000000238
97170  42.029  10.596  2.320 0.3000000119
97171  41.062  10.960  2.152 0.4000000060
100026  36.868  13.401  4.115 0.5000000000
100809  36.907  14.197  5.265 0.5000000000
99111  37.251  12.116  3.429 0.5000000000
100025  37.555  13.453  3.751 0.5000000000
100014  37.031  13.982  4.591 0.5000000000
97172  40.185  10.785  2.639 0.3000000119
98158  39.488  11.516  2.629 0.4000000060
97173  39.385  10.932  2.958 0.3000000119
98145  37.968  11.748  3.154 0.5000000000
99129  37.935  12.412  3.125 0.5000000000
141921  37.308  12.854  3.496 0.6000000238
135906  38.891  18.424  9.981 0.3000000119
104225  38.440  18.590  10.745 0.3000000119
156053  46.133  13.861  3.560 0.5000000000
103357  38.439  17.946  10.222 0.4000000060
138700  45.121  13.623  3.065 0.5000000000
100048  44.285  13.642  1.715 0.4000000060
103372  39.094  17.442  8.623 0.6000000238
99151  43.060  12.347  1.202 0.4000000060
97184  42.569  11.088  1.701 0.4000000060
99141  42.523  12.886  1.724 0.4000000060
98168  42.129  11.953  1.460 0.4000000060
97185  41.780  11.231  1.830 0.4000000060
98156  41.208  11.711  1.806 0.4000000060
100822  37.650  14.342  4.860 0.6000000238
98157  40.398  11.482  2.183 0.5000000000
147634  40.736  12.190  2.145 0.5000000000
100832  37.549  13.841  4.263 0.6999999881
99143  39.996  12.050  2.459 0.5000000000
99128  39.272  12.122  2.694 0.5000000000
133549  38.723  12.482  2.969 0.5000000000
99110  38.160  13.102  3.330 0.5000000000
99109  39.165  12.914  3.606 0.5000000000
99102  45.768  12.924  4.645 0.5000000000
99103  45.075  12.764  4.535 0.6000000238
100036  43.479  13.389  2.513 0.5000000000
100049  43.377  13.302  1.735 0.4000000060
100037  42.711  13.290  2.271 0.5000000000
101643  37.975  14.990  5.231 0.6999999881
99125  41.934  13.083  2.434 0.5000000000
132539  41.097  12.743  2.569 0.5000000000
99126  41.646  12.830  3.404 0.6000000238
100013  38.285  13.600  4.026 0.6999999881
133267  40.711  12.708  3.315 0.6000000238
99127  39.723  12.556  2.911 0.6000000238
99097  38.897  13.178  4.175 0.6000000238
99107  41.206  12.552  4.294 0.6000000238
99108  40.174  12.717  4.079 0.6000000238
99096  39.630  12.724  4.976 0.6000000238
99091  44.637  12.349  5.210 0.6000000238
99104  44.170  12.722  4.477 0.5000000000
99123  43.745  13.110  3.547 0.6000000238
99092  43.693  12.232  5.283 0.6999999881
99124  42.693  13.041  3.251 0.6000000238
99106  42.228  12.542  4.291 0.6000000238
98111  43.690  11.782  6.183 0.6999999881
99094  41.708  12.214  5.192 0.6000000238
99095  40.663  12.422  5.179 0.6999999881
99079  41.155  12.112  6.133 0.6999999881
99078  42.225  11.913  5.936 0.6000000238
95041  48.039  8.771  32.418 0.2000000030
95040  49.024  8.376  32.682 0.2000000030
95288  51.201  8.183  2.876 0.3000000119
96204  51.255  9.537  3.127 0.3000000119
96205  50.579  9.642  3.758 0.2000000030
145577  49.705  9.152  4.580 0.2000000030
98163  53.863  10.882  1.929 0.5000000000
97165  52.611  10.322  2.246 0.4000000060
148071  52.173  10.923  2.680 0.3000000119
96227  54.884  9.633  1.580 0.4000000060
146540  54.619  10.176  1.723 0.4000000060
99093  42.714  12.213  5.147 0.6000000238
92555  56.402  5.798  2.354 0.4000000060
94394  56.316  6.841  1.759 0.4000000060
92568  56.095  5.972  1.922 0.4000000060
138108  52.011  4.834  2.643 0.2000000030
93526  56.074  6.563  1.672 0.4000000060
92569  55.354  5.785  1.878 0.4000000060
143635  54.983  8.246  1.402 0.4000000060
140226  54.242  7.106  1.532 0.4000000060
137691  49.698  6.367  2.728 0.1000000015
92539  48.556  5.951  4.161 0.2000000030
97139  47.556  10.808  4.457 0.2000000030
138638  53.373  7.166  1.759 0.4000000060
94398  50.927  7.348  2.813 0.3000000119
146028  49.194  9.024  5.043 0.2000000030
95265  50.255  8.943  4.072 0.2000000030
95279  51.428  8.871  2.826 0.3000000119
97166  51.696  10.235  2.837 0.3000000119
95280  50.859  8.860  3.373 0.3000000119
99118  51.561  12.807  3.285 0.3000000119
147805  51.437  11.044  3.271 0.3000000119
144620  50.637  11.171  3.853 0.3000000119
97150  50.293  10.448  4.139 0.3000000119
96189  49.997  9.744  4.393 0.3000000119
97138  48.858  10.484  4.855 0.2000000030
101665  50.154  15.843  2.873 0.4000000060
101666  49.364  15.559  2.716 0.4000000060
100852  46.533  14.717  1.687 0.4000000060
98153  46.137  12.106  1.615 0.3000000119
99147  46.016  12.932  1.063 0.4000000060
98155  44.875  11.364  1.556 0.3000000119
98154  45.398  11.584  1.594 0.3000000119
101614  37.465  15.517  9.392 0.6000000238
98165  44.938  11.981  1.098 0.4000000060
98171  44.692  12.554  0.908 0.4000000060
101622  38.210  15.903  7.752 0.6000000238
138935  43.795  10.686  2.084 0.3000000119
97182  44.254  11.312  1.489 0.3000000119
158082  38.607  16.452  7.234 0.6000000238
98144  38.624  11.996  2.824 0.4000000060
104216  37.333  18.190  11.844 0.2000000030
133499  45.109  13.972  2.130 0.5000000000
100058  44.062  13.328  1.240 0.4000000060
101636  38.430  15.542  5.337 0.6000000238
104235  39.328  18.200  9.235 0.5000000000
100035  44.378  13.520  2.778 0.5000000000
99142  41.535  12.510  1.916 0.5000000000
99105  43.221  12.645  4.348 0.6000000238
97149  50.964  10.330  3.508 0.3000000119
91399  39.433  4.214  26.639 0.2000000030
158861  38.547  5.266  26.481 0.2000000030
96007  44.213  9.344  28.101 0.2000000030
95093  43.566  8.806  27.673 0.2000000030
95094  42.773  8.186  27.554 0.2000000030
95095  41.079  7.566  27.294 0.2000000030
94201  40.531  7.154  27.207 0.2000000030
94186  42.751  7.072  27.973 0.2000000030
93297  41.393  6.135  27.636 0.2000000030
93298  40.581  6.298  27.377 0.2000000030
93304  39.252  6.283  26.647 0.2000000030
92332  37.886  5.335  26.193 0.2000000030
93287  42.214  6.116  27.846 0.2000000030
92319  40.626  5.426  27.197 0.2000000030
159297  40.168  5.452  26.980 0.2000000030
146355  41.086  4.638  27.025 0.3000000119
90512  39.931  3.456  26.521 0.2000000030
96006  44.907  8.661  28.616 0.2000000030
96020  42.068  8.742  27.094 0.2000000030
94209  39.964  7.584  26.689 0.2000000030
95080  43.484  7.610  28.067 0.2000000030
93286  42.907  6.331  28.190 0.2000000030
147904  42.707  9.412  27.203 0.2000000030
146989  40.721  8.925  26.453 0.2000000030
94210  39.319  7.201  26.401 0.2000000030
147983  41.777  5.502  27.517 0.2000000030
94211  38.549  6.779  25.998 0.2000000030
92342  37.165  6.124  25.504 0.2000000030
95974  46.931  9.811  32.208 0.1000000015
95982  46.209  9.924  31.240 0.1000000015
95991  46.088  9.508  30.482 0.1000000015
96908  45.442  10.034  30.120 0.2000000030
95981  46.782  9.455  31.562 0.1000000015
95998  45.892  8.976  29.678 0.1000000015
95999  45.272  9.482  29.294 0.2000000030
96909  44.706  10.403  29.767 0.2000000030
96019  43.430  9.928  27.673 0.2000000030
96037  42.022  10.059  26.884 0.2000000030
151184  44.065  7.122  28.508 0.2000000030
94184  44.069  6.372  28.668 0.2000000030
96038  41.495  9.423  26.677 0.2000000030
94217  38.766  7.985  25.741 0.2000000030
93313  37.737  6.767  25.590 0.2000000030
92307  42.798  5.859  28.043 0.3000000119
91390  42.464  5.372  27.567 0.2000000030
91397  41.905  4.738  27.180 0.3000000119
89653  40.772  3.002  25.975 0.3000000119
101441  31.523  15.390  32.422 0.1000000015
100642  31.334  14.526  31.991 0.1000000015
95965  48.571  9.591  33.470 0.1000000015
96881  46.631  10.464  32.523 0.1000000015
151093  48.487  9.082  32.922 0.1000000015
96891  45.713  10.655  31.574 0.1000000015
96900  45.533  10.423  30.925 0.1000000015
92322  30.115  4.949  26.802 0.1000000015
90531  30.457  3.358  26.709 0.1000000015
95064  46.368  8.404  30.120 0.1000000015
96924  43.780  10.389  28.529 0.2000000030
95071  45.825  7.667  29.439 0.2000000030
94174  45.219  6.699  29.134 0.2000000030
96944  42.553  10.452  27.432 0.2000000030
94173  45.940  6.773  29.541 0.2000000030
92306  43.547  5.799  28.412 0.3000000119
96945  41.618  10.938  27.266 0.2000000030
94218  37.906  7.594  25.471 0.2000000030
92305  44.079  5.618  28.527 0.3000000119
91389  43.102  5.422  27.902 0.3000000119
94219  36.988  7.307  25.178 0.2000000030
92318  43.707  5.300  28.145 0.3000000119
90522  42.226  4.215  26.782 0.2000000030
90523  41.210  3.318  26.180 0.3000000119
90534  41.495  3.348  25.804 0.3000000119
103153  32.973  17.067  32.697 0.1000000015
153220  32.349  17.552  33.067 0.1000000015
103967  32.425  18.702  34.242 0.1000000015
102275  32.662  16.171  32.584 0.1000000015
101440  32.387  15.113  32.518 0.1000000015
141042  31.873  14.726  32.221 0.1000000015
151633  32.162  14.287  32.073 0.1000000015
99768  31.778  14.139  31.742 0.1000000015
133373  30.551  13.783  31.208 0.1000000015
99782  32.054  13.831  31.309 0.1000000015
99793  31.151  13.604  30.781 0.1000000015
97888  30.280  12.114  29.119 0.1000000015
96874  50.411  10.931  33.116 0.1000000015
95081  29.973  8.758  27.967 0.1000000015
96880  47.255  10.061  32.843 0.1000000015
93308  30.465  5.828  26.664 0.1000000015
95964  49.909  10.283  33.825 0.1000000015
95972  49.242  9.078  33.160 0.1000000015
91416  30.665  4.205  26.431 0.1000000015
95039  50.136  8.436  32.729 0.1000000015
95052  47.800  8.147  31.756 0.1000000015
96901  44.682  10.848  30.606 0.1000000015
95062  47.522  7.594  31.137 0.1000000015
95063  46.870  7.805  30.561 0.1000000015
96925  42.893  10.849  28.288 0.2000000030
157410  47.876  6.910  31.087 0.1000000015
94168  46.593  6.864  30.128 0.2000000030
93274  45.493  6.248  29.275 0.2000000030
96040  40.012  9.548  26.011 0.2000000030
95118  38.572  8.978  25.460 0.2000000030
93266  47.093  6.366  30.207 0.2000000030
138351  44.085  5.975  28.706 0.2000000030
93314  36.204  6.702  24.922 0.2000000030
93272  46.987  5.943  29.818 0.2000000030
92303  46.213  5.600  28.969 0.2000000030
91395  43.240  5.045  27.413 0.3000000119
91394  43.919  5.036  27.353 0.3000000119
90521  42.755  3.932  26.356 0.2000000030
90533  42.421  3.680  25.826 0.3000000119
91419  43.434  4.175  25.782 0.4000000060
91420  42.754  4.047  25.329 0.3000000119
90540  42.075  3.761  25.318 0.3000000119
91430  43.299  4.467  24.969 0.3000000119
104842  33.161  19.751  35.829 0.1000000015
104834  33.299  19.551  36.560 0.1000000015
104850  32.736  19.262  34.579 0.1000000015
105673  34.674  20.438  37.265 0.1000000015
103135  33.181  18.032  32.902 0.1000000015
105698  33.797  20.339  34.688 0.1000000015
159185  34.179  20.636  35.834 0.1000000015
102274  33.528  16.405  32.643 0.1000000015
103152  33.832  17.333  32.660 0.1000000015
103982  33.707  18.718  33.044 0.1000000015
104866  33.356  19.754  34.191 0.1000000015
106461  35.380  21.343  34.899 0.1000000015
101439  33.199  15.347  32.765 0.1000000015
147191  33.833  19.454  33.404 0.1000000015
105716  34.128  20.220  33.866 0.1000000015
105697  34.652  20.756  34.400 0.1000000015
100641  32.770  14.199  32.519 0.1000000015
99766  33.272  13.844  32.625 0.1000000015
99767  32.579  13.973  32.102 0.1000000015
99794  30.320  13.349  30.587 0.1000000015
99781  33.041  13.696  31.847 0.1000000015
99792  32.604  13.608  30.829 0.1000000015
99805  31.828  13.417  30.196 0.1000000015
98835  30.134  12.898  30.050 0.1000000015
98853  29.567  12.254  29.787 0.1000000015
99804  32.811  13.398  29.945 0.1000000015
98851  31.283  12.848  29.467 0.1000000015
98861  30.870  12.413  29.068 0.1000000015
96933  30.620  11.178  28.196 0.1000000015
144691  30.136  10.425  28.318 0.1000000015
96008  30.044  9.649  28.148 0.1000000015
96955  31.346  10.920  27.604 0.1000000015
96027  31.450  9.930  27.200 0.1000000015
135158  30.593  9.304  27.514 0.1000000015
96047  32.002  9.338  26.772 0.1000000015
95097  30.518  8.256  27.329 0.1000000015
94214  30.738  7.364  26.909 0.1000000015
97832  50.033  11.266  33.869 0.1000000015
96875  48.915  10.123  34.149 0.1000000015
96867  49.385  10.919  34.490 0.1000000015
96876  47.877  10.241  33.666 0.1000000015
96877  47.042  10.720  33.240 0.1000000015
100674  50.218  14.572  27.583 0.1000000015
100664  49.649  13.977  28.137 0.1000000015
96882  45.987  10.831  32.170 0.1000000015
96902  44.070  10.965  30.209 0.2000000030
96910  43.941  10.739  29.486 0.2000000030
96926  42.151  11.149  28.021 0.2000000030
94220  36.147  7.559  24.911 0.2000000030
92283  47.905  5.996  30.187 0.2000000030
96052  39.078  9.685  25.639 0.2000000030
95119  37.807  9.096  25.308 0.2000000030
92282  48.920  5.665  29.995 0.2000000030
132646  47.054  5.620  29.306 0.2000000030
92316  45.460  5.400  28.468 0.3000000119
152751  46.709  5.366  28.166 0.3000000119
148476  45.276  5.117  27.680 0.3000000119
92302  47.888  5.410  27.933 0.3000000119
92315  47.421  5.247  27.255 0.3000000119
91404  45.058  4.726  26.069 0.3000000119
92314  48.438  5.326  27.215 0.3000000119
92328  46.796  5.138  26.504 0.3000000119
91418  44.378  4.630  25.592 0.4000000060
92340  45.154  4.988  25.365 0.3000000119
91429  43.904  4.636  25.174 0.3000000119
92338  48.228  5.545  25.615 0.3000000119
92339  47.118  5.278  25.715 0.3000000119
92351  47.243  5.579  25.115 0.2000000030
157304  45.787  5.876  24.483 0.2000000030
159331  34.473  19.295  38.202 0.1000000015
104825  34.219  19.666  37.637 0.1000000015
101438  34.053  15.626  32.970 0.1000000015
103996  34.172  18.153  32.740 0.1000000015
103981  34.506  18.953  32.903 0.1000000015
105696  35.770  21.202  34.124 0.1000000015
106473  37.322  21.416  33.784 0.1000000015
101431  33.710  14.504  33.205 0.1000000015
147956  33.113  14.431  32.817 0.1000000015
100633  34.272  13.988  33.444 0.1000000015
100640  33.504  13.933  32.997 0.1000000015
138105  33.599  13.724  32.569 0.1000000015
99791  33.392  13.536  30.779 0.1000000015
99780  33.947  13.594  31.675 0.1000000015
99803  33.732  13.297  29.803 0.1000000015
98849  33.078  12.955  29.142 0.1000000015
98850  32.134  12.936  29.335 0.1000000015
98860  31.542  12.400  28.759 0.1000000015
98848  34.016  12.786  29.010 0.1000000015
98859  32.415  12.488  28.648 0.1000000015
97900  32.502  11.962  28.003 0.1000000015
96954  32.191  10.701  27.259 0.1000000015
97824  49.669  11.797  34.474 0.1000000015
96869  47.543  11.089  34.035 0.1000000015
100665  48.540  13.920  28.187 0.1000000015
97841  46.378  11.093  32.795 0.1000000015
97849  45.323  11.220  31.818 0.1000000015
158575  44.326  11.232  30.824 0.1000000015
97878  43.348  11.296  30.071 0.2000000030
95122  34.805  8.072  25.265 0.2000000030
96967  40.396  10.415  26.362 0.2000000030
96968  39.417  10.558  26.121 0.2000000030
143790  36.491  8.094  25.069 0.2000000030
95120  37.258  8.381  25.227 0.2000000030
93323  48.132  5.916  24.782 0.2000000030
100780  35.013  14.402  10.279 0.2000000030
145053  34.437  14.103  11.201 0.3000000119
136208  34.769  13.949  10.004 0.2000000030
100786  35.677  14.262  8.903 0.3000000119
136063  35.153  14.203  9.620 0.2000000030
99972  35.163  13.763  9.290 0.2000000030
100794  35.778  14.087  8.125 0.3000000119
99982  35.482  13.682  8.512 0.3000000119
99040  35.416  12.936  8.989 0.3000000119
98091  35.810  12.466  8.381 0.3000000119
99066  36.093  12.529  7.515 0.3000000119
102273  34.406  16.676  32.762 0.1000000015
101430  34.471  14.829  33.621 0.1000000015
99747  33.853  13.780  33.040 0.1000000015
99765  34.250  13.647  32.686 0.1000000015
156135  34.512  13.589  31.882 0.1000000015
99790  34.164  13.459  30.565 0.1000000015
98857  34.190  12.101  28.361 0.1000000015
98858  33.286  12.384  28.469 0.1000000015
97915  32.860  11.255  27.535 0.1000000015
96953  33.138  10.505  27.184 0.1000000015
99754  49.523  13.406  32.449 0.1000000015
98784  50.111  12.065  33.677 0.1000000015
132912  49.967  12.639  34.219 0.1000000015
97825  48.814  11.623  35.073 0.1000000015
96868  48.444  10.896  34.443 0.1000000015
97842  45.679  11.423  32.390 0.1000000015
95108  35.097  8.704  25.687 0.2000000030
97894  42.045  11.444  29.027 0.2000000030
96946  40.744  10.968  26.827 0.2000000030
96053  38.257  9.740  25.493 0.2000000030
152894  37.117  9.172  25.338 0.2000000030
95121  35.692  8.316  25.180 0.2000000030
100781  34.643  14.156  10.626 0.3000000119
100774  34.890  14.680  11.151 0.3000000119
101605  35.737  14.985  10.792 0.3000000119
100785  36.022  14.647  9.885 0.3000000119
100793  36.180  14.385  8.200 0.3000000119
138728  36.705  14.814  8.947 0.4000000060
99993  35.776  13.706  7.859 0.3000000119
99053  35.635  13.138  8.048 0.3000000119
99992  36.019  13.352  7.250 0.3000000119
100821  38.289  14.014  4.583 0.6000000238
102261  34.978  16.079  33.326 0.1000000015
100632  35.033  13.938  33.697 0.1000000015
99746  34.520  13.794  33.344 0.1000000015
99764  35.028  13.645  33.062 0.1000000015
99779  35.074  13.590  32.024 0.1000000015
99788  35.942  13.399  31.048 0.1000000015
98834  34.731  13.101  29.762 0.1000000015
97887  34.900  12.367  28.924 0.1000000015
98847  35.484  12.537  29.445 0.1000000015
143030  34.250  11.486  27.907 0.1000000015
97899  33.491  11.749  27.912 0.1000000015
97898  35.077  11.531  28.286 0.1000000015
96932  34.624  10.842  27.709 0.1000000015
97914  33.753  11.029  27.560 0.1000000015
96931  35.535  10.709  27.958 0.1000000015
96951  34.973  10.061  27.372 0.1000000015
99753  50.240  13.508  33.133 0.1000000015
96023  35.539  9.659  26.940 0.2000000030
143858  34.803  9.486  26.869 0.1000000015
98776  49.299  12.392  35.072 0.1000000015
97826  47.998  11.538  34.857 0.1000000015
96043  34.957  9.127  26.370 0.2000000030
96044  34.311  9.131  26.486 0.1000000015
97827  47.252  11.755  34.433 0.1000000015
97834  46.109  11.735  33.058 0.1000000015
96056  35.740  9.258  25.824 0.2000000030
97865  43.844  11.406  30.677 0.2000000030
96975  37.885  10.382  25.901 0.2000000030
147241  36.446  8.852  25.294 0.2000000030
96974  38.622  10.310  25.795 0.2000000030
101484  47.124  15.488  26.593 0.1000000015
105185  42.520  19.493  5.467 0.5000000000
149428  41.541  19.062  5.207 0.5000000000
105186  40.949  19.134  6.330 0.5000000000
101594  35.532  15.361  11.587 0.3000000119
140745  40.400  18.516  6.179 0.5000000000
104255  40.517  18.802  7.256 0.5000000000
101593  36.362  15.678  11.281 0.3000000119
103399  41.955  17.748  4.347 0.5000000000
104263  40.839  18.730  5.461 0.5000000000
101615  36.869  15.169  9.842 0.4000000060
156922  40.922  16.801  4.641 0.5000000000
137816  41.080  18.309  4.679 0.5000000000
101620  41.421  16.139  7.709 0.5000000000
102505  40.913  16.322  5.783 0.6000000238
102515  41.355  16.719  5.019 0.5000000000
101626  40.872  16.099  6.954 0.6000000238
100820  38.878  14.748  4.917 0.6000000238
148736  39.330  12.912  6.472 0.6000000238
100003  39.013  13.145  5.184 0.6000000238
99063  41.029  12.013  6.961 0.6000000238
99081  39.692  12.615  6.101 0.6000000238
139773  40.268  12.385  5.889 0.6000000238
100620  35.037  14.417  33.942 0.1000000015
101429  35.179  15.213  33.954 0.1000000015
102246  35.788  15.997  33.997 0.1000000015
99731  35.637  14.021  34.015 0.1000000015
99744  35.915  13.877  33.926 0.1000000015
99763  35.843  13.721  33.305 0.1000000015
99778  36.096  13.611  32.190 0.1000000015
98819  36.969  13.122  31.111 0.1000000015
98846  36.272  12.267  29.602 0.1000000015
97885  36.665  11.540  29.172 0.1000000015
97897  36.094  11.154  28.553 0.1000000015
100639  49.101  14.093  32.250 0.1000000015
96930  36.300  10.664  28.180 0.2000000030
96950  35.901  10.261  27.648 0.2000000030
96022  36.225  10.091  27.339 0.2000000030
96042  36.302  9.840  26.519 0.2000000030
97820  48.197  12.005  35.462 0.1000000015
149603  39.776  11.431  28.498 0.2000000030
96969  38.463  10.814  26.441 0.2000000030
96041  37.077  10.218  26.168 0.2000000030
98785  46.568  12.098  33.890 0.1000000015
97850  44.694  11.514  31.556 0.1000000015
97911  41.362  11.428  28.329 0.2000000030
156613  40.495  11.495  28.749 0.2000000030
139311  39.130  11.274  26.966 0.2000000030
100677  47.027  14.412  27.752 0.1000000015
99814  46.733  13.775  29.088 0.1000000015
97879  42.408  11.554  29.903 0.2000000030
153000  40.329  11.273  27.085 0.2000000030
101474  46.544  14.960  27.197 0.1000000015
100678  46.085  14.524  27.879 0.1000000015
101485  46.160  15.489  26.569 0.1000000015
105184  43.626  19.608  5.366 0.5000000000
105176  41.659  19.408  6.417 0.5000000000
156822  41.802  19.440  7.223 0.5000000000
105177  41.191  19.222  7.611 0.5000000000
104245  40.510  18.801  8.279 0.4000000060
104246  40.042  18.420  7.984 0.4000000060
103371  39.561  17.756  7.767 0.5000000000
139649  39.901  18.608  8.849 0.4000000060
103391  39.896  17.717  5.914 0.5000000000
104256  40.014  18.108  7.012 0.5000000000
102528  40.893  17.312  4.366 0.5000000000
103390  40.447  17.934  5.096 0.6000000238
103380  39.467  17.407  6.712 0.5000000000
102516  40.512  16.454  4.956 0.6000000238
101634  39.873  16.459  4.932 0.6000000238
138701  40.362  15.552  7.171 0.6000000238
101627  40.261  15.784  5.742 0.6000000238
151543  39.860  15.976  5.023 0.6000000238
99981  39.398  13.614  8.127 0.6000000238
99991  39.242  13.606  6.962 0.6000000238
101642  38.542  14.970  4.935 0.6000000238
99065  39.573  12.729  7.586 0.6000000238
100807  38.913  13.631  5.680 0.6000000238
99064  40.373  12.174  7.502 0.6000000238
141826  39.816  12.516  6.908 0.6000000238
139323  36.188  14.498  34.537 0.1000000015
101419  35.746  15.008  34.488 0.1000000015
99730  36.320  14.170  34.305 0.1000000015
102245  36.492  16.018  34.662 0.1000000015
154133  36.559  13.893  33.973 0.1000000015
99743  37.379  13.896  33.668 0.1000000015
150588  36.669  13.650  32.775 0.1000000015
99777  37.251  13.472  31.925 0.1000000015
98818  37.887  12.823  31.162 0.2000000030
98831  37.577  12.351  30.463 0.2000000030
97872  37.165  11.932  29.811 0.2000000030
97871  37.999  11.735  29.985 0.2000000030
137401  37.567  11.401  29.356 0.2000000030
96913  37.914  11.111  29.006 0.2000000030
101437  50.022  14.960  32.382 0.1000000015
100626  50.235  14.275  33.431 0.1000000015
96929  37.464  10.868  28.496 0.2000000030
134855  36.735  10.493  28.009 0.2000000030
99723  49.562  13.237  34.690 0.1000000015
96927  39.098  11.246  29.037 0.2000000030
96949  37.486  10.649  27.897 0.2000000030
99724  49.039  13.770  35.125 0.1000000015
98768  48.522  12.372  35.647 0.1000000015
98777  47.665  12.121  35.306 0.1000000015
97880  41.389  11.624  29.861 0.2000000030
97896  39.919  11.473  29.381 0.2000000030
96947  38.992  11.278  28.093 0.2000000030
98794  45.330  12.039  32.599 0.1000000015
98811  44.050  11.925  31.542 0.2000000030
105192  44.234  19.160  4.638 0.5000000000
154811  43.146  19.689  6.305 0.5000000000
105167  40.849  18.958  8.666 0.3000000119
104234  40.293  18.801  9.169 0.4000000060
105138  39.627  18.926  10.653 0.2000000030
102506  39.459  17.072  5.732 0.6000000238
102517  39.350  16.483  5.237 0.6000000238
102507  38.970  16.661  6.254 0.6000000238
101621  40.048  15.031  8.045 0.6000000238
101628  39.796  15.115  6.639 0.6000000238
102518  39.017  15.891  4.915 0.6000000238
143568  38.784  16.120  5.404 0.6000000238
100797  39.530  14.432  7.477 0.6000000238
100806  39.317  14.477  6.075 0.6000000238
101635  39.529  15.354  5.217 0.6000000238
101641  39.265  15.637  4.929 0.6000000238
135664  39.981  12.245  8.215 0.6999999881
98089  40.752  11.846  8.406 0.6999999881
101418  36.541  15.215  34.957 0.1000000015
100618  36.898  14.531  34.795 0.1000000015
102237  37.010  15.825  35.155 0.1000000015
99729  37.210  14.233  34.478 0.1000000015
99742  38.100  14.183  34.062 0.1000000015
99762  37.438  13.665  32.771 0.1000000015
99761  38.413  13.750  32.837 0.2000000030
98802  38.111  13.301  31.908 0.2000000030
98830  38.464  12.155  30.555 0.2000000030
98817  38.638  12.717  31.221 0.2000000030
143012  38.660  11.696  30.031 0.2000000030
152765  49.150  14.274  34.734 0.1000000015
97883  39.115  11.553  29.793 0.2000000030
97884  38.370  11.437  29.541 0.2000000030
100607  49.765  14.158  34.261 0.1000000015
100590  48.271  13.737  36.051 0.1000000015
99715  47.651  13.681  36.451 0.1000000015
96912  38.688  11.291  29.248 0.2000000030
134102  48.159  13.004  36.125 0.1000000015
98770  47.414  12.786  35.766 0.1000000015
98786  45.781  12.428  33.356 0.1000000015
98787  44.890  12.737  32.883 0.2000000030
98795  44.441  12.259  32.194 0.2000000030
97853  41.003  12.036  30.471 0.2000000030
97882  39.786  11.575  29.828 0.2000000030
96928  38.221  11.058  28.581 0.2000000030
98778  46.974  12.413  34.881 0.1000000015
97866  41.858  11.887  30.357 0.2000000030
97881  40.489  11.598  29.856 0.2000000030
97843  45.004  11.771  32.118 0.2000000030
97852  42.633  12.034  30.757 0.2000000030
105190  45.973  19.205  5.243 0.4000000060
105191  45.153  19.141  4.940 0.4000000060
105174  44.012  19.839  6.370 0.5000000000
153126  42.402  19.545  6.826 0.5000000000
140088  42.174  19.384  7.987 0.3000000119
105166  41.489  19.091  8.792 0.3000000119
101408  37.868  15.416  35.699 0.1000000015
147677  38.007  14.984  35.590 0.1000000015
99728  38.037  14.476  34.822 0.1000000015
133912  38.831  14.136  33.659 0.2000000030
99760  39.430  13.889  32.869 0.2000000030
98816  39.312  12.769  31.323 0.2000000030
155095  39.049  12.263  30.815 0.2000000030
97855  39.582  12.189  30.684 0.2000000030
97870  39.122  11.867  30.344 0.2000000030
98815  40.074  12.623  31.117 0.2000000030
97869  39.694  11.778  30.207 0.2000000030
98779  46.233  12.824  34.281 0.1000000015
99736  45.390  13.214  33.727 0.2000000030
99755  43.930  12.961  32.452 0.2000000030
98814  40.899  12.518  30.962 0.2000000030
97868  40.328  11.755  30.162 0.2000000030
99737  44.348  13.681  33.360 0.2000000030
98796  43.537  12.479  31.786 0.2000000030
98813  41.949  12.339  30.913 0.2000000030
100616  38.588  14.873  35.432 0.1000000015
100615  39.521  14.926  35.355 0.1000000015
100630  39.752  14.644  34.540 0.2000000030
100597  40.298  15.289  35.862 0.1000000015
99741  39.376  14.319  33.855 0.2000000030
98800  39.828  13.292  31.834 0.2000000030
99740  40.065  14.340  33.530 0.2000000030
99759  40.360  13.820  32.462 0.2000000030
99757  42.309  13.444  32.046 0.2000000030
98799  40.663  13.160  31.593 0.2000000030
152211  43.159  13.816  32.756 0.2000000030
98798  41.609  12.969  31.482 0.2000000030
99756  43.106  13.047  32.079 0.2000000030
99727  45.050  13.913  34.177 0.2000000030
98797  42.608  12.713  31.531 0.2000000030
100598  39.482  15.319  35.931 0.1000000015
100584  39.444  15.666  36.333 0.1000000015
149346  40.681  15.107  35.356 0.2000000030
149655  40.624  14.749  34.413 0.2000000030
99739  40.969  14.329  33.160 0.2000000030
100628  42.650  14.584  33.616 0.2000000030
100629  41.612  14.713  33.940 0.2000000030
99738  42.012  14.227  32.813 0.2000000030
100627  43.578  14.386  33.606 0.2000000030
101407  40.876  15.591  36.420 0.1000000015
101394  39.803  15.966  36.727 0.1000000015
100612  42.184  15.017  34.689 0.2000000030
93265  47.898  6.434  30.687 0.2000000030
93259  48.885  6.039  30.612 0.2000000030
159740  47.199  5.478  28.659 0.3000000119
100667  46.648  14.043  28.522 0.1000000015
147489  30.943  6.599  26.499 0.1000000015
95113  31.350  8.048  26.672 0.1000000015
96952  34.042  10.280  27.272 0.1000000015
90535  40.813  3.085  25.672 0.3000000119
136356  46.094  6.273  23.976 0.2000000030
142560  44.950  5.504  24.719 0.2000000030
90524  40.600  3.188  26.315 0.3000000119
92331  39.203  5.537  26.654 0.2000000030
92320  39.829  5.137  26.782 0.2000000030
92341  44.457  4.943  25.062 0.2000000030
95053  47.181  8.533  31.266 0.1000000015
99080  40.366  12.282  6.641 0.6000000238
91398  40.270  4.481  26.762 0.2000000030
146270  38.613  5.829  26.379 0.2000000030
95079  44.198  8.178  28.221 0.2000000030
94199  41.869  7.588  27.539 0.2000000030
94200  41.207  6.864  27.599 0.2000000030
94187  42.066  6.620  27.819 0.2000000030
94202  39.914  6.684  26.969 0.2000000030
94185  43.456  6.670  28.398 0.2000000030
93299  39.946  5.810  27.001 0.2000000030
93305  38.030  6.122  25.918 0.2000000030
144664  40.658  3.886  26.648 0.3000000119
154602  45.473  8.456  29.142 0.2000000030
95078  45.138  7.581  28.944 0.2000000030
95107  40.027  8.488  26.302 0.2000000030
90511  41.357  3.872  26.636 0.3000000119
95990  46.654  8.982  30.836 0.1000000015
96039  40.791  9.754  26.344 0.2000000030
95117  39.331  8.820  25.820 0.2000000030
93275  44.709  6.170  28.899 0.2000000030
91396  42.612  4.958  27.289 0.2000000030
95070  46.343  7.425  29.930 0.2000000030
93273  46.304  6.324  29.679 0.2000000030
138815  44.622  5.739  28.713 0.3000000119
92317  44.488  5.214  28.198 0.3000000119
140884  41.918  3.607  26.255 0.2000000030
103983  33.009  18.946  33.624 0.1000000015
99806  30.861  13.179  30.060 0.1000000015
98852  30.488  12.631  29.561 0.1000000015
94167  47.266  6.963  30.642 0.1000000015
92304  45.294  5.890  29.026 0.2000000030
92291  46.092  5.959  29.405 0.2000000030
91405  44.161  4.682  26.344 0.3000000119
92330  44.736  5.106  27.041 0.3000000119
105682  33.701  20.195  36.197 0.1000000015
105689  33.662  20.301  35.477 0.1000000015
104849  33.159  19.845  35.047 0.1000000015
105688  34.371  20.785  35.189 0.1000000015
97901  31.521  11.785  28.075 0.1000000015
96028  30.631  10.259  27.755 0.1000000015
97916  32.053  11.384  27.614 0.1000000015
95096  31.285  8.918  26.945 0.1000000015
134807  46.196  5.224  27.462 0.3000000119
92329  45.659  5.095  26.714 0.3000000119
132573  46.002  5.010  25.820 0.3000000119
132626  46.121  5.426  25.092 0.2000000030
93324  46.721  5.897  24.539 0.2000000030
99789  34.890  13.503  30.964 0.1000000015
97864  44.214  11.540  31.156 0.2000000030
137778  35.005  13.229  9.886 0.2000000030
136554  35.530  12.310  9.881 0.2000000030
101604  36.595  15.340  10.517 0.4000000060
98833  35.692  13.010  30.109 0.1000000015
97886  35.753  11.878  28.982 0.1000000015
139424  42.906  11.724  30.479 0.2000000030
96970  37.622  10.629  26.802 0.2000000030
102525  40.615  16.937  4.577 0.6000000238
103401  40.463  17.258  4.571 0.6000000238
98832  36.643  12.667  30.319 0.2000000030
96914  37.005  10.946  28.713 0.2000000030
97895  40.910  11.547  29.324 0.2000000030
101486  45.182  15.653  26.450 0.1000000015
105153  40.893  18.855  9.592 0.2000000030
151661  39.613  18.681  9.777 0.2000000030
100631  38.867  14.505  34.601 0.1000000015
154748  39.162  13.388  32.088 0.2000000030
97854  40.240  12.105  30.555 0.2000000030
85397  59.193  -1.915  5.043 0.1000000015
85378  57.396  -2.465  7.358 0.1000000015
85387  57.604  -2.757  6.308 0.1000000015
85386  58.760  -1.844  5.969 0.1000000015
86274  58.390  -1.928  6.855 0.1000000015
86280  59.184  -1.310  5.303 0.1000000015
86261  56.726  -2.214  9.125 0.1000000015
138804  56.011  -1.776  10.262 0.1000000015
132915  57.532  -1.811  9.169 0.1000000015
86267  58.277  -1.766  7.765 0.1000000015
86273  58.777  -1.108  7.030 0.1000000015
137821  59.028  -1.004  6.055 0.1000000015
86238  56.999  -1.195  10.454 0.1000000015
86227  56.024  -1.208  10.961 0.1000000015
86260  58.171  -1.514  8.581 0.1000000015
87199  58.768  -0.556  4.652 0.1000000015
156491  58.859  -0.647  5.778 0.1000000015
87213  58.729  -0.732  4.121 0.1000000015
87214  58.034  -0.317  3.822 0.1000000015
87225  57.288  -0.387  3.531 0.1000000015
87129  56.679  -0.636  11.227 0.1000000015
86247  57.681  -1.299  9.712 0.1000000015
87148  58.175  -0.822  9.417 0.1000000015
134510  58.114  -1.247  9.152 0.1000000015
86259  58.454  -0.946  8.776 0.1000000015
87153  58.405  -0.654  8.302 0.1000000015
87185  58.741  -0.415  5.458 0.1000000015
87160  58.597  -0.627  7.375 0.1000000015
88037  58.253  -0.324  7.854 0.1000000015
87200  58.258  -0.214  4.296 0.1000000015
88088  57.636  0.050  4.020 0.1000000015
88079  56.227  0.090  3.902 0.1000000015
136889  46.518  -2.578  1.282 0.1000000015
84544  46.382  -3.621  0.752 0.1000000015
84550  46.096  -4.104  0.438 0.1000000015
86329  46.222  -2.013  0.290 0.1000000015
87128  57.465  -0.415  10.795 0.1000000015
87141  57.835  -0.714  10.073 0.1000000015
88016  57.894  -0.190  10.362 0.1000000015
87147  58.265  -0.509  9.119 0.1000000015
88027  58.242  -0.120  8.851 0.1000000015
88077  57.901  0.079  4.491 0.1000000015
88052  58.096  0.052  6.388 0.1000000015
88051  58.411  -0.273  6.840 0.1000000015
88078  57.089  0.238  4.371 0.1000000015
88066  56.011  0.180  4.627 0.1000000015
87201  55.284  0.081  3.984 0.1000000015
84540  50.180  -3.640  2.635 0.1000000015
83656  49.782  -4.438  2.470 0.1000000015
82791  49.820  -5.805  2.913 0.1000000015
81910  49.155  -6.088  2.674 0.1000000015
84541  49.281  -3.839  2.510 0.1000000015
83657  48.695  -4.619  2.155 0.1000000015
82792  48.504  -5.533  2.177 0.1000000015
82801  47.687  -5.090  1.726 0.1000000015
83658  47.478  -4.466  1.835 0.1000000015
155636  46.846  -4.799  1.328 0.1000000015
82802  46.732  -5.384  1.238 0.1000000015
86308  46.804  -1.314  3.145 0.1000000015
144078  46.548  -4.270  1.063 0.1000000015
88011  57.803  0.310  11.099 0.1000000015
88015  58.119  0.244  10.295 0.1000000015
88020  58.212  0.100  9.626 0.1000000015
87140  58.111  -0.345  9.785 0.1000000015
88028  57.993  0.250  8.650 0.1000000015
88053  57.090  0.254  6.427 0.1000000015
88065  56.766  0.231  5.318 0.1000000015
88054  55.741  0.019  5.928 0.1000000015
87187  54.339  -0.236  4.974 0.1000000015
87218  53.587  -0.657  3.557 0.1000000015
87219  52.747  -0.865  3.646 0.1000000015
136129  52.315  -1.297  3.363 0.1000000015
86304  51.517  -1.646  3.513 0.1000000015
85416  51.019  -2.177  3.139 0.1000000015
85417  50.198  -2.560  3.303 0.1000000015
88055  54.718  -0.100  6.535 0.1000000015
87174  54.093  -0.364  5.960 0.1000000015
87175  53.283  -0.486  6.249 0.1000000015
87204  52.445  -0.828  4.573 0.1000000015
87220  51.944  -1.122  3.876 0.1000000015
86290  51.124  -1.479  4.222 0.1000000015
86305  50.565  -1.964  3.775 0.1000000015
85439  49.736  -3.174  2.924 0.1000000015
87161  53.854  -0.168  6.912 0.1000000015
140571  52.783  -0.697  5.523 0.1000000015
139164  51.734  -0.509  6.412 0.1000000015
87190  51.233  -0.879  5.876 0.1000000015
86281  50.738  -1.302  5.190 0.1000000015
86292  49.756  -1.928  4.451 0.1000000015
86306  49.769  -2.348  3.852 0.1000000015
84525  48.756  -3.380  2.962 0.1000000015
84542  48.220  -3.984  2.385 0.1000000015
84526  47.648  -3.368  2.781 0.1000000015
88043  52.854  0.399  7.475 0.1000000015
87163  52.103  -0.050  7.032 0.1000000015
87177  51.049  -0.208  6.555 0.1000000015
87178  50.029  -0.110  6.413 0.1000000015
86283  48.921  -1.235  5.396 0.1000000015
85409  47.896  -2.156  4.192 0.1000000015
84543  47.059  -3.855  1.841 0.1000000015
88044  52.182  0.748  7.418 0.1000000015
88056  51.426  0.564  7.019 0.1000000015
88058  49.811  0.619  6.376 0.1000000015
87179  49.214  0.054  6.179 0.1000000015
87194  47.896  -0.628  5.125 0.1000000015
86294  47.684  -1.280  4.612 0.1000000015
85421  46.833  -2.191  2.661 0.1000000015
84527  46.808  -3.116  2.016 0.1000000015
88950  51.756  1.359  7.163 0.1000000015
89828  51.577  2.043  6.646 0.1000000015
88959  51.048  1.284  6.724 0.1000000015
88960  50.290  1.223  6.418 0.1000000015
88970  49.378  1.435  5.671 0.1000000015
88080  48.096  0.699  5.084 0.1000000015
86295  47.104  -1.060  4.013 0.1000000015
88978  48.070  1.420  4.251 0.1000000015
88081  47.475  0.572  4.433 0.1000000015
87207  46.875  -0.504  3.595 0.1000000015
88979  47.501  1.541  3.049 0.1000000015
88914  57.871  1.233  12.678 0.1000000015
140445  58.239  0.878  10.890 0.1000000015
146277  58.279  0.824  10.195 0.1000000015
88029  57.286  0.736  8.611 0.1000000015
154017  56.087  0.282  6.966 0.1000000015
152243  55.314  0.157  6.994 0.1000000015
88031  54.962  0.895  8.302 0.1000000015
88041  54.550  0.352  7.518 0.1000000015
88941  53.788  1.501  8.248 0.1000000015
88948  53.132  1.621  7.823 0.1000000015
89820  52.926  2.266  7.394 0.1000000015
88949  52.460  1.505  7.457 0.1000000015
89821  52.185  1.933  7.115 0.1000000015
89837  51.955  2.745  6.146 0.1000000015
89839  50.488  2.291  5.578 0.1000000015
89846  51.008  2.945  5.027 0.1000000015
89840  49.751  2.057  5.254 0.1000000015
88977  48.996  1.786  4.816 0.1000000015
89848  49.475  2.442  4.301 0.1000000015
89849  48.709  2.203  3.798 0.1000000015
157770  48.095  2.030  3.252 0.1000000015
88001  58.045  1.019  11.748 0.1000000015
88921  58.406  1.527  11.414 0.1000000015
88931  58.262  1.620  10.171 0.1000000015
88021  58.134  0.703  9.564 0.1000000015
88932  57.660  1.758  9.693 0.1000000015
88030  55.983  1.089  8.679 0.1000000015
88939  55.864  1.829  9.160 0.1000000015
89810  56.062  2.579  9.125 0.1000000015
147497  55.223  1.482  8.749 0.1000000015
89812  54.200  2.011  8.514 0.1000000015
89818  54.403  2.587  8.255 0.1000000015
90700  53.801  2.912  7.409 0.1000000015
144324  53.640  3.334  6.407 0.1000000015
89826  53.074  2.867  6.819 0.1000000015
90708  52.755  3.192  6.018 0.1000000015
90720  51.963  3.232  5.263 0.1000000015
90730  51.529  3.484  4.310 0.1000000015
89847  50.238  2.659  4.714 0.1000000015
90731  50.744  3.221  4.119 0.1000000015
89858  49.999  3.015  3.763 0.1000000015
90739  50.573  3.476  3.216 0.1000000015
89859  49.277  2.771  3.282 0.1000000015
89868  49.114  3.036  2.276 0.1000000015
89869  48.382  2.760  1.851 0.1000000015
90759  48.910  3.971  1.508 0.1000000015
88894  57.171  1.705  14.911 0.1000000015
88904  58.061  1.671  13.151 0.1000000015
88905  57.648  1.405  13.505 0.1000000015
88913  58.265  1.587  12.269 0.1000000015
89798  58.604  2.238  11.147 0.1000000015
89789  58.585  2.116  11.873 0.1000000015
88927  58.415  1.569  10.704 0.1000000015
89803  58.348  2.651  10.500 0.1000000015
90668  58.598  3.223  10.930 0.1000000015
89805  57.141  2.690  9.569 0.1000000015
88933  56.619  2.070  9.452 0.1000000015
133911  56.136  3.307  8.605 0.1000000015
150568  54.820  3.294  7.674 0.2000000030
90706  55.626  3.864  6.675 0.2000000030
90717  55.154  3.885  5.912 0.2000000030
91604  55.252  4.096  5.031 0.2000000030
90718  54.398  3.732  5.743 0.1000000015
159683  53.737  3.879  4.668 0.1000000015
144323  52.961  3.628  4.982 0.1000000015
90728  53.386  4.037  4.108 0.1000000015
91614  54.319  4.180  4.014 0.2000000030
90729  52.426  3.800  4.281 0.1000000015
149072  51.183  3.637  3.581 0.1000000015
90747  51.151  3.944  2.942 0.1000000015
91637  51.033  4.486  2.459 0.1000000015
90749  49.585  3.695  1.931 0.1000000015
88896  56.172  1.377  15.599 0.1000000015
88897  55.477  1.041  15.556 0.1000000015
87978  54.505  0.597  15.460 0.1000000015
132554  55.193  0.784  14.778 0.1000000015
89752  57.028  1.896  15.650 0.1000000015
88895  56.643  1.541  15.206 0.1000000015
89763  57.506  2.083  15.099 0.1000000015
141578  57.256  2.317  15.857 0.1000000015
89762  57.918  2.049  14.368 0.1000000015
89771  58.187  2.091  13.615 0.2000000030
90616  58.159  2.475  14.032 0.2000000030
90624  58.433  2.879  13.219 0.2000000030
146378  58.644  2.811  12.210 0.2000000030
146735  58.665  2.735  11.522 0.1000000015
154733  58.423  4.010  10.115 0.1000000015
90681  58.189  3.648  9.817 0.2000000030
90691  56.914  3.447  9.029 0.1000000015
90697  57.822  4.194  8.527 0.1000000015
91583  58.126  4.742  7.433 0.2000000030
90698  56.984  4.012  7.920 0.2000000030
153586  56.501  4.087  7.041 0.2000000030
91603  56.031  4.249  5.468 0.2000000030
91602  57.103  4.808  5.035 0.2000000030
145245  56.994  5.104  4.052 0.2000000030
91613  55.235  4.307  4.097 0.2000000030
91612  56.553  5.126  3.265 0.2000000030
145015  55.896  4.701  3.397 0.2000000030
91624  55.100  4.555  3.254 0.1000000015
91636  53.944  4.929  2.647 0.1000000015
159458  53.243  4.623  2.969 0.1000000015
91625  52.442  4.539  2.978 0.1000000015
91626  51.703  4.402  2.864 0.1000000015
87969  53.490  0.503  17.813 0.1000000015
87973  53.414  0.414  16.775 0.1000000015
88888  54.265  0.887  17.111 0.1000000015
87972  54.099  0.619  16.300 0.1000000015
156108  57.042  2.179  16.082 0.1000000015
90607  57.554  2.698  15.466 0.1000000015
90625  58.154  3.249  14.100 0.2000000030
91503  57.730  3.546  14.996 0.2000000030
148968  58.290  4.151  13.282 0.2000000030
91510  57.912  4.395  14.167 0.2000000030
90640  58.578  3.799  12.393 0.2000000030
91519  58.402  4.785  12.535 0.2000000030
93426  56.574  6.495  12.303 0.2000000030
146519  58.668  3.603  11.538 0.2000000030
93425  57.283  6.661  11.748 0.2000000030
145556  58.584  4.454  10.653 0.2000000030
93436  57.361  6.554  10.841 0.2000000030
157292  58.534  4.660  10.047 0.2000000030
158391  58.380  4.424  9.382 0.2000000030
146287  58.604  5.606  9.068 0.2000000030
93445  58.467  6.244  8.790 0.2000000030
90690  58.237  4.295  8.940 0.2000000030
92491  58.663  5.838  8.217 0.2000000030
93454  58.420  6.362  7.953 0.2000000030
93455  58.144  6.570  8.536 0.2000000030
91571  58.392  4.730  8.217 0.2000000030
91582  58.599  5.336  7.759 0.2000000030
92507  58.679  6.042  7.430 0.2000000030
93467  58.118  6.640  7.734 0.2000000030
91590  58.524  5.516  6.920 0.2000000030
92519  58.537  6.149  6.699 0.2000000030
93477  58.294  6.448  6.663 0.2000000030
137307  57.564  4.827  5.867 0.2000000030
91593  56.709  4.412  6.112 0.2000000030
92530  57.964  5.774  5.199 0.2000000030
92537  57.454  5.776  4.306 0.2000000030
92538  57.039  5.454  3.709 0.2000000030
91634  55.784  5.038  2.686 0.1000000015
91635  54.932  4.914  2.612 0.2000000030
88875  54.883  1.383  17.703 0.1000000015
88876  54.222  1.029  17.966 0.1000000015
141888  55.128  1.221  16.947 0.1000000015
88873  56.440  1.926  16.731 0.1000000015
88886  55.848  1.368  16.326 0.1000000015
148868  57.999  5.039  13.546 0.2000000030
93396  56.845  6.744  14.192 0.2000000030
92432  58.201  5.191  13.011 0.2000000030
92433  57.996  5.932  13.308 0.2000000030
93402  57.080  6.839  13.423 0.2000000030
93414  56.580  6.652  13.164 0.2000000030
92443  58.252  5.876  12.439 0.2000000030
93412  57.830  6.565  12.066 0.2000000030
93413  57.225  6.777  12.622 0.2000000030
91530  58.554  4.917  11.641 0.2000000030
92454  58.307  6.089  11.435 0.2000000030
92465  58.528  5.593  10.645 0.2000000030
93424  57.901  6.549  11.177 0.2000000030
91555  58.573  5.243  9.885 0.2000000030
92477  58.498  6.105  9.782 0.2000000030
93446  58.129  6.521  9.383 0.2000000030
93435  58.018  6.523  10.289 0.2000000030
91601  57.449  5.388  4.561 0.2000000030
92547  56.709  5.536  2.978 0.2000000030
142381  56.518  -1.100  21.669 0.1000000015
86170  57.152  -1.900  22.114 0.1000000015
85265  56.982  -2.574  22.911 0.1000000015
84376  56.898  -3.434  22.782 0.1000000015
84377  56.305  -3.345  22.947 0.1000000015
83479  56.438  -4.666  22.627 0.1000000015
82590  55.875  -5.472  22.592 0.1000000015
86152  57.019  -1.842  22.907 0.1000000015
136670  56.488  -2.654  23.162 0.1000000015
143734  56.002  -3.949  22.800 0.1000000015
83480  55.318  -4.707  22.586 0.1000000015
94355  41.390  7.391  7.283 0.1000000015
94368  41.772  7.742  6.567 0.1000000015
141142  56.847  -1.104  22.712 0.1000000015
85266  56.594  -1.860  23.344 0.1000000015
86140  56.572  -1.109  23.293 0.1000000015
94369  41.047  8.047  6.796 0.1000000015
94356  40.683  7.750  7.561 0.1000000015
94344  40.327  7.454  8.364 0.1000000015
94345  39.614  7.869  8.724 0.1000000015
140933  41.377  8.344  6.032 0.1000000015
141844  55.835  -2.830  23.115 0.1000000015
159678  55.742  -3.446  22.899 0.1000000015
153744  39.082  8.244  8.991 0.1000000015
95234  40.305  8.440  6.991 0.1000000015
94337  38.666  8.290  9.405 0.1000000015
96147  37.372  9.219  10.064 0.1000000015
95209  36.632  8.792  11.168 0.1000000015
96140  36.208  9.534  11.363 0.1000000015
136741  40.969  8.733  5.532 0.1000000015
94357  39.926  8.271  7.899 0.1000000015
96153  38.073  9.378  8.915 0.1000000015
96154  37.592  9.607  9.326 0.1000000015
95228  39.247  8.542  8.389 0.1000000015
95224  38.599  8.864  8.798 0.1000000015
96155  36.981  10.008  9.811 0.1000000015
96141  35.676  9.523  12.111 0.1000000015
95250  39.867  9.039  6.213 0.1000000015
95235  39.581  8.912  7.090 0.1000000015
95229  38.806  9.196  8.010 0.1000000015
96160  38.255  9.550  8.264 0.1000000015
97094  37.251  10.275  8.991 0.1000000015
97095  36.804  10.613  9.350 0.1000000015
96171  39.065  9.581  6.305 0.1000000015
95236  38.950  9.406  7.249 0.1000000015
96161  37.738  9.902  8.559 0.1000000015
97106  36.851  10.903  8.639 0.1000000015
147451  38.439  10.085  5.971 0.2000000030
96173  38.004  10.186  7.057 0.1000000015
96167  37.878  10.102  7.771 0.1000000015
97105  37.385  10.517  8.138 0.1000000015
145502  36.037  11.483  9.918 0.1000000015
97081  36.494  10.691  10.016 0.1000000015
97121  37.850  10.457  6.192 0.2000000030
98090  36.354  11.714  8.300 0.2000000030
98073  36.421  11.228  9.243 0.1000000015
98074  35.870  11.988  9.111 0.2000000030
99021  35.202  12.538  10.710 0.1000000015
101595  34.849  15.118  11.870 0.2000000030
100768  34.306  14.497  11.915 0.2000000030
100769  33.963  14.647  12.803 0.2000000030
102445  35.574  16.494  12.692 0.1000000015
102457  36.067  16.059  12.045 0.1000000015
102444  36.329  16.916  12.383 0.1000000015
102456  36.846  16.604  11.565 0.3000000119
140692  44.396  19.645  7.409 0.3000000119
104262  47.231  18.746  5.718 0.3000000119
105172  45.981  19.688  6.085 0.3000000119
105173  44.972  19.853  6.314 0.3000000119
147301  46.221  19.666  7.022 0.2000000030
105170  47.638  19.228  6.479 0.2000000030
105181  46.703  19.242  5.618 0.2000000030
105148  45.431  19.257  9.190 0.2000000030
138408  45.994  19.306  9.798 0.2000000030
141591  46.330  19.240  8.822 0.2000000030
88885  56.573  1.679  15.975 0.1000000015
88887  54.910  0.910  16.277 0.1000000015
89741  56.852  2.099  16.312 0.1000000015
105162  45.847  19.393  8.116 0.2000000030
90599  57.402  2.918  16.199 0.2000000030
91494  57.508  4.071  15.645 0.2000000030
138219  57.675  5.534  14.044 0.2000000030
92520  58.319  5.699  6.084 0.2000000030
93403  56.550  6.723  13.865 0.2000000030
93466  58.372  6.440  7.233 0.2000000030
95249  40.645  8.625  6.183 0.1000000015
96185  39.395  9.587  5.394 0.2000000030
154394  58.800  -1.417  6.503 0.1000000015
86248  56.844  -1.840  9.748 0.1000000015
143013  59.075  -0.852  5.083 0.1000000015
86266  58.632  -1.050  8.007 0.1000000015
87172  58.741  -0.521  6.364 0.1000000015
86314  58.049  -0.809  3.440 0.1000000015
88089  57.010  0.075  3.836 0.1000000015
87215  56.530  -0.198  3.634 0.1000000015
86315  57.125  -0.978  3.210 0.1000000015
88063  58.473  -0.166  5.896 0.1000000015
88076  58.409  -0.118  4.979 0.1000000015
155992  46.470  -3.147  0.937 0.1000000015
86321  46.562  -1.640  1.783 0.1000000015
84554  45.985  -3.613  0.290 0.1000000015
83663  46.140  -4.805  0.569 0.1000000015
87112  57.151  0.047  11.573 0.1000000015
88002  57.489  0.721  12.188 0.1000000015
88064  57.805  0.158  5.373 0.1000000015
88038  57.853  0.148  7.471 0.1000000015
87186  55.103  0.047  4.816 0.1000000015
87202  54.619  -0.050  4.186 0.1000000015
85438  50.586  -2.871  2.852 0.1000000015
137844  49.423  -5.280  2.462 0.1000000015
82793  47.572  -5.857  1.810 0.1000000015
88937  57.725  1.003  9.243 0.1000000015
88039  56.703  0.507  7.684 0.1000000015
87173  54.785  -0.159  5.666 0.1000000015
87203  53.955  -0.318  4.145 0.1000000015
87188  53.526  -0.513  5.124 0.1000000015
152038  53.189  -0.577  4.180 0.1000000015
158102  52.989  -0.667  4.845 0.1000000015
87162  53.000  -0.182  7.076 0.1000000015
87189  52.029  -0.826  5.669 0.1000000015
87176  52.459  -0.502  6.436 0.1000000015
87205  51.590  -1.142  4.880 0.1000000015
86291  50.393  -1.662  4.576 0.1000000015
85418  49.264  -2.806  3.505 0.1000000015
88042  53.637  0.313  7.513 0.1000000015
86282  49.802  -1.405  5.280 0.1000000015
87191  50.349  -0.782  5.972 0.1000000015
142890  49.154  -1.745  4.911 0.1000000015
85419  48.228  -2.855  3.615 0.1000000015
85420  47.380  -2.589  3.270 0.1000000015
149622  53.371  0.898  7.883 0.1000000015
88057  50.590  0.567  6.637 0.1000000015
87192  49.454  -0.679  5.904 0.1000000015
86284  48.269  -1.080  5.201 0.1000000015
87193  48.562  -0.467  5.629 0.1000000015
86293  48.462  -1.659  4.820 0.1000000015
86307  47.239  -1.766  3.738 0.1000000015
88067  49.185  0.801  6.021 0.1000000015
88068  48.565  0.373  5.681 0.1000000015
88069  47.862  0.041  5.244 0.1000000015
87206  47.328  -0.391  4.527 0.1000000015
89827  52.385  2.511  6.720 0.1000000015
89829  50.757  1.852  6.269 0.1000000015
88969  50.030  1.684  5.988 0.1000000015
155475  49.707  1.173  6.180 0.1000000015
88971  48.670  1.113  5.353 0.1000000015
88082  46.997  0.162  3.907 0.1000000015
157383  47.478  1.117  3.870 0.1000000015
88090  47.120  0.805  3.506 0.1000000015
88938  56.807  1.492  9.271 0.1000000015
88040  55.530  0.566  7.802 0.1000000015
88032  54.125  0.807  8.087 0.1000000015
89819  53.653  2.213  8.054 0.1000000015
89838  51.264  2.547  5.870 0.1000000015
88986  47.962  2.200  2.206 0.1000000015
89804  58.036  2.630  9.976 0.1000000015
89811  54.989  2.123  8.832 0.1000000015
88940  54.513  1.435  8.532 0.1000000015
90692  55.286  2.930  8.516 0.1000000015
90707  54.516  3.525  6.690 0.1000000015
90719  53.620  3.624  5.463 0.1000000015
90740  49.844  3.295  2.769 0.1000000015
89781  58.405  2.143  12.734 0.1000000015
90682  57.741  3.539  9.446 0.1000000015
90699  55.826  3.585  7.821 0.2000000030
135579  56.246  4.581  4.265 0.2000000030
90727  54.422  3.959  4.824 0.1000000015
90737  52.882  4.282  3.515 0.1000000015
90738  51.884  4.075  3.508 0.1000000015
90617  57.872  2.585  14.705 0.2000000030
91592  57.412  4.532  6.748 0.2000000030
90736  53.988  4.471  3.259 0.1000000015
143952  58.538  4.843  9.457 0.2000000030
93423  58.292  6.244  10.642 0.2000000030
91570  58.584  5.041  8.651 0.2000000030
91591  58.098  5.109  6.362 0.2000000030
143098  57.850  5.298  5.466 0.2000000030
93401  57.661  6.541  12.924 0.2000000030
95215  38.072  8.825  9.589 0.1000000015
95217  37.102  8.835  10.627 0.1000000015
97069  36.267  10.315  10.813 0.1000000015
96148  36.721  9.531  10.575 0.1000000015
95210  36.063  8.761  11.853 0.1000000015
141661  39.318  8.846  7.754 0.1000000015
156582  36.618  10.124  10.301 0.1000000015
96166  38.381  9.734  7.512 0.1000000015
96172  38.435  9.909  6.714 0.2000000030
101583  35.229  15.721  12.316 0.1000000015
101584  34.463  15.269  12.504 0.1000000015
99953  33.970  13.989  12.468 0.2000000030
141300  45.391  19.690  7.224 0.2000000030
100596  41.061  15.342  35.863 0.1000000015
149605  41.353  15.798  36.833 0.1000000015
101406  41.555  15.552  36.393 0.1000000015
100613  41.293  15.075  35.040 0.1000000015
100595  41.809  15.289  35.652 0.1000000015
151930  43.075  15.430  35.920 0.1000000015
149529  43.652  15.167  35.216 0.1000000015
101393  42.108  15.831  36.948 0.1000000015
101405  42.322  15.486  36.210 0.1000000015
100593  44.683  14.989  35.476 0.1000000015
101404  43.975  15.522  36.167 0.1000000015
100610  44.318  14.595  34.345 0.1000000015
101392  43.715  15.880  36.881 0.1000000015
99958  34.331  13.530  11.856 0.1000000015
104123  51.044  18.641  19.667 0.1000000015
104122  52.191  18.592  19.864 0.1000000015
105020  52.762  19.338  18.478 0.1000000015
105032  52.949  19.382  17.670 0.1000000015
137755  53.616  19.332  17.376 0.1000000015
102418  32.427  16.323  15.576 0.1000000015
102407  31.890  16.866  16.241 0.1000000015
103304  33.494  17.628  15.278 0.1000000015
103293  32.266  17.766  16.393 0.1000000015
103294  31.474  17.536  16.747 0.1000000015
103295  30.649  17.399  17.000 0.1000000015
103326  34.753  17.354  13.932 0.1000000015
104115  52.447  18.178  20.693 0.1000000015
104121  53.005  18.839  19.807 0.1000000015
105014  53.144  19.349  19.136 0.1000000015
105019  53.498  19.572  18.198 0.1000000015
106640  52.742  21.839  19.123 0.1000000015
148921  54.028  19.884  18.233 0.1000000015
106639  53.360  21.349  18.790 0.1000000015
105031  54.066  19.497  17.502 0.1000000015
107404  53.341  21.689  18.065 0.1000000015
105045  53.947  19.222  16.820 0.1000000015
106645  54.031  21.135  17.397 0.1000000015
106660  53.818  21.424  16.515 0.1000000015
105063  53.573  19.082  15.593 0.1000000015
105918  54.475  19.813  16.634 0.1000000015
105044  54.204  19.368  16.175 0.1000000015
102417  33.119  16.816  15.110 0.1000000015
103292  33.049  18.064  16.002 0.1000000015
104161  31.793  18.252  16.940 0.1000000015
104162  31.032  18.086  17.191 0.1000000015
103296  29.746  17.350  17.046 0.1000000015
102410  29.308  16.603  16.685 0.1000000015
102437  34.540  16.723  13.622 0.1000000015
102427  34.097  16.943  14.149 0.1000000015
104174  33.793  18.265  15.711 0.1000000015
104160  32.619  18.637  16.706 0.1000000015
104153  29.904  18.868  17.393 0.1000000015
103339  35.876  17.263  13.030 0.1000000015
103325  35.487  17.633  13.661 0.1000000015
104189  34.982  18.214  15.050 0.1000000015
103351  36.878  17.580  12.036 0.1000000015
104110  53.303  18.782  21.426 0.1000000015
104113  53.330  18.749  20.552 0.1000000015
105011  53.461  19.248  20.879 0.1000000015
106608  53.223  20.316  20.366 0.1000000015
149118  53.440  19.299  19.927 0.1000000015
105899  53.688  20.392  18.940 0.1000000015
106623  53.206  20.978  19.599 0.1000000015
107405  52.309  22.311  18.732 0.1000000015
155268  52.765  22.099  18.530 0.1000000015
107419  52.110  22.696  17.507 0.1000000015
107418  53.056  22.067  17.230 0.1000000015
106668  54.302  20.760  15.813 0.1000000015
106669  53.538  21.711  15.535 0.1000000015
106676  54.170  20.921  15.056 0.1000000015
105061  54.390  19.431  15.291 0.1000000015
105088  54.425  18.998  13.765 0.1000000015
133793  54.296  18.622  12.962 0.1000000015
104204  54.034  18.150  12.690 0.1000000015
158696  34.025  20.695  17.155 0.1000000015
105907  33.365  20.713  17.340 0.1000000015
105908  32.600  20.723  17.502 0.1000000015
105909  31.796  20.697  17.603 0.1000000015
138759  34.532  20.222  16.881 0.1000000015
105037  32.938  20.042  17.266 0.1000000015
105038  32.201  20.043  17.446 0.1000000015
146246  31.450  19.955  17.528 0.1000000015
105920  35.488  20.601  16.672 0.1000000015
105054  35.137  19.513  16.439 0.1000000015
105055  34.100  19.423  16.626 0.1000000015
105056  33.229  19.375  16.860 0.1000000015
155100  31.890  19.499  17.385 0.1000000015
105040  30.563  19.649  17.507 0.1000000015
105163  44.880  19.356  8.409 0.1000000015
105164  43.899  19.317  8.531 0.1000000015
105085  36.946  19.380  15.171 0.1000000015
104171  36.113  19.134  15.395 0.1000000015
104172  35.274  18.764  15.720 0.1000000015
104173  34.461  18.285  15.417 0.1000000015
148145  31.369  18.634  17.271 0.1000000015
105165  43.025  19.273  8.570 0.2000000030
104198  37.198  18.811  13.249 0.1000000015
105093  37.073  19.073  14.221 0.1000000015
104199  36.552  18.559  13.737 0.1000000015
104200  35.896  18.241  14.095 0.1000000015
104188  35.649  18.498  14.892 0.1000000015
105175  43.280  19.544  7.467 0.1000000015
104208  38.208  19.264  12.152 0.1000000015
158142  37.450  18.792  12.659 0.1000000015
104209  37.058  18.366  12.492 0.1000000015
104099  46.667  18.951  22.905 0.1000000015
104088  45.405  18.372  23.400 0.1000000015
144902  46.898  19.479  22.352 0.1000000015
104989  45.531  19.332  22.419 0.1000000015
104101  45.005  18.819  22.861 0.1000000015
105864  53.009  19.638  21.517 0.1000000015
105857  51.784  19.760  21.837 0.1000000015
104985  50.051  19.471  22.412 0.1000000015
105860  48.557  19.821  21.908 0.1000000015
104987  47.703  19.675  22.118 0.1000000015
105003  46.171  19.793  21.970 0.1000000015
105005  44.300  19.822  21.819 0.1000000015
104991  43.650  19.259  22.276 0.1000000015
104103  43.027  18.634  22.731 0.1000000015
105882  52.895  20.322  20.893 0.1000000015
105866  51.296  20.423  21.233 0.1000000015
105884  49.519  20.761  20.853 0.1000000015
105869  47.949  20.314  21.419 0.1000000015
143994  47.088  20.577  21.157 0.1000000015
105004  45.235  19.822  21.894 0.1000000015
105006  43.301  19.792  21.738 0.1000000015
105007  42.276  19.790  21.696 0.1000000015
105875  41.965  20.391  21.182 0.1000000015
106610  51.498  21.280  20.317 0.1000000015
106600  50.958  20.982  20.677 0.1000000015
106612  49.256  21.361  20.289 0.1000000015
105886  47.759  20.855  20.768 0.1000000015
106614  46.088  21.189  20.385 0.1000000015
105888  45.496  20.778  20.875 0.1000000015
105890  43.652  20.901  20.758 0.1000000015
105891  42.676  20.932  20.690 0.1000000015
105893  40.584  20.960  20.771 0.1000000015
134436  52.058  21.483  19.936 0.1000000015
107392  49.635  22.586  19.018 0.1000000015
106628  48.166  22.086  19.511 0.1000000015
106629  47.354  21.889  19.637 0.1000000015
106631  44.968  21.834  19.776 0.1000000015
106616  44.313  21.393  20.269 0.1000000015
106618  42.421  21.501  20.199 0.1000000015
105892  41.630  21.009  20.615 0.1000000015
106635  40.992  21.917  19.934 0.1000000015
107421  51.064  22.924  18.105 0.1000000015
147372  50.444  22.798  18.541 0.1000000015
158658  47.107  22.417  19.100 0.1000000015
107395  46.503  22.081  19.406 0.1000000015
107397  44.757  22.393  19.229 0.1000000015
106632  43.960  22.006  19.659 0.1000000015
106633  42.965  21.976  19.737 0.1000000015
149380  41.625  21.971  19.817 0.1000000015
107435  51.682  22.929  16.743 0.1000000015
107434  52.382  22.572  16.604 0.1000000015
107399  42.527  22.444  19.324 0.1000000015
107433  53.079  22.098  16.332 0.1000000015
107450  52.965  22.378  14.810 0.1000000015
106677  53.653  21.609  14.505 0.1000000015
105942  54.270  19.786  12.903 0.1000000015
105937  54.475  19.646  13.672 0.1000000015
105095  54.323  18.874  12.359 0.1000000015
154058  54.471  19.080  13.145 0.1000000015
148190  54.313  18.163  12.115 0.1000000015
157069  44.301  22.109  11.512 0.1000000015
106688  43.435  21.657  11.876 0.1000000015
107478  42.947  22.300  11.945 0.1000000015
105113  45.352  20.157  11.195 0.1000000015
105959  45.082  20.792  11.527 0.1000000015
138492  44.227  21.019  11.723 0.1000000015
107479  42.326  22.503  12.416 0.1000000015
147648  35.335  22.402  16.614 0.1000000015
106662  34.493  21.978  17.005 0.1000000015
106646  33.851  21.345  17.251 0.1000000015
106647  33.036  21.404  17.424 0.1000000015
106648  32.217  21.418  17.542 0.1000000015
106649  31.365  21.417  17.627 0.1000000015
106650  30.478  21.349  17.603 0.1000000015
106651  29.616  21.208  17.393 0.1000000015
105133  44.715  19.632  10.722 0.1000000015
105944  42.834  21.029  12.223 0.1000000015
106690  42.137  21.487  12.708 0.1000000015
107480  41.723  22.250  12.969 0.1000000015
108297  40.686  23.352  13.457 0.1000000015
107470  40.373  22.733  14.056 0.1000000015
108299  39.103  23.779  14.476 0.1000000015
107473  38.303  23.162  14.475 0.1000000015
107464  37.686  22.752  14.753 0.1000000015
107454  37.120  21.896  15.022 0.1000000015
107436  36.169  22.007  16.497 0.1000000015
107456  35.974  22.873  16.221 0.1000000015
106661  35.423  21.595  16.835 0.1000000015
105921  34.668  21.108  17.071 0.1000000015
105911  30.063  20.481  17.559 0.1000000015
105114  44.017  19.778  11.166 0.1000000015
105960  43.760  20.272  11.593 0.1000000015
148280  42.921  20.193  11.889 0.1000000015
105938  41.597  20.904  13.068 0.1000000015
106683  41.391  21.622  13.302 0.1000000015
106684  40.679  21.835  13.857 0.1000000015
106679  39.431  21.469  14.736 0.1000000015
107462  39.289  22.366  14.971 0.1000000015
106670  38.951  21.930  15.241 0.1000000015
157271  37.558  21.163  15.631 0.1000000015
105927  36.909  20.734  15.903 0.1000000015
154920  36.019  21.244  16.551 0.1000000015
105041  29.600  19.672  17.412 0.1000000015
105149  44.461  19.241  9.610 0.1000000015
105134  43.693  19.269  10.515 0.1000000015
138406  42.928  18.976  10.085 0.1000000015
105116  42.620  19.462  11.504 0.1000000015
105097  41.488  19.585  12.265 0.1000000015
105939  40.938  20.942  13.533 0.1000000015
106678  40.195  21.149  14.116 0.1000000015
105932  39.616  20.497  14.217 0.1000000015
105933  38.628  20.379  14.851 0.1000000015
105934  38.114  20.081  15.047 0.1000000015
105070  37.485  20.190  15.501 0.1000000015
105071  36.560  19.871  15.889 0.1000000015
105053  35.908  19.968  16.296 0.1000000015
105923  28.593  20.330  16.823 0.1000000015
105152  41.699  18.897  9.683 0.2000000030
105136  41.519  18.833  10.586 0.1000000015
105117  41.889  19.211  11.509 0.1000000015
156737  40.736  19.215  12.043 0.1000000015
105099  39.826  19.516  12.908 0.1000000015
105100  38.889  19.349  12.792 0.1000000015
105091  38.595  19.468  13.706 0.1000000015
105083  38.342  19.709  14.479 0.1000000015
105084  37.670  19.542  14.802 0.1000000015
105154  40.134  18.820  9.925 0.1000000015
105137  40.548  18.822  10.585 0.1000000015
105119  39.426  19.174  11.535 0.1000000015
154007  39.376  19.337  12.231 0.1000000015
105120  38.760  19.298  11.832 0.1000000015
142708  37.651  18.875  12.085 0.1000000015
105092  37.821  19.230  13.911 0.1000000015
104214  38.225  19.061  11.501 0.1000000015
104975  51.773  18.741  22.951 0.1000000015
104976  50.621  18.928  22.952 0.1000000015
104087  47.145  18.541  23.465 0.1000000015
104102  44.038  18.734  22.795 0.1000000015
104986  49.055  19.449  22.437 0.1000000015
104978  48.555  18.990  22.955 0.1000000015
104086  48.051  18.567  23.505 0.1000000015
104993  41.571  19.255  22.266 0.1000000015
105008  41.241  19.838  21.703 0.1000000015
106620  40.266  21.512  20.377 0.1000000015
105894  39.600  21.159  21.043 0.1000000015
140864  49.777  22.958  18.337 0.1000000015
107407  49.050  22.934  18.454 0.1000000015
141585  39.745  22.594  19.656 0.1000000015
159710  50.877  23.167  17.189 0.1000000015
108222  49.427  23.223  17.945 0.1000000015
108224  47.799  23.305  18.070 0.1000000015
107410  46.407  22.734  18.798 0.1000000015
107411  45.376  22.817  18.736 0.1000000015
148815  44.462  22.885  18.655 0.1000000015
107412  43.639  22.923  18.676 0.1000000015
108230  41.791  23.502  18.547 0.1000000015
107415  41.240  23.002  19.088 0.1000000015
108216  40.123  23.171  19.200 0.1000000015
108265  51.441  23.133  16.000 0.1000000015
140807  49.078  23.582  17.060 0.1000000015
150817  49.073  23.418  17.583 0.1000000015
108235  47.294  23.695  17.516 0.1000000015
148771  45.926  23.288  18.183 0.1000000015
108226  45.002  23.316  18.148 0.1000000015
108229  42.494  23.431  18.412 0.1000000015
107452  52.026  22.859  15.891 0.1000000015
152325  52.335  22.727  15.145 0.1000000015
108248  46.686  24.027  16.887 0.1000000015
108250  44.812  24.081  16.971 0.1000000015
108238  44.056  23.883  17.346 0.1000000015
108240  42.778  23.845  17.911 0.1000000015
108982  41.510  24.039  18.219 0.1000000015
153809  40.929  24.246  18.284 0.1000000015
107459  53.199  22.473  13.633 0.1000000015
143901  53.504  22.184  12.210 0.1000000015
105950  53.869  19.913  12.232 0.1000000015
107487  44.014  23.105  11.137 0.1000000015
108313  43.266  23.480  11.306 0.1000000015
107489  42.790  23.025  11.820 0.1000000015
108314  42.552  23.830  11.544 0.1000000015
108306  42.145  23.470  12.166 0.1000000015
109052  41.506  24.025  12.295 0.1000000015
109054  39.517  24.749  13.093 0.1000000015
109055  38.516  25.020  12.889 0.1000000015
143029  38.911  24.556  13.903 0.1000000015
109040  38.045  24.844  13.776 0.1000000015
149258  34.549  22.644  16.560 0.1000000015
107422  33.497  22.000  17.184 0.1000000015
107423  32.651  22.054  17.319 0.1000000015
107439  32.235  22.695  16.991 0.1000000015
150460  40.921  24.007  12.849 0.1000000015
109053  40.345  24.646  12.613 0.1000000015
108285  38.419  24.293  14.485 0.1000000015
109026  37.739  24.558  14.411 0.1000000015
108287  37.173  23.709  15.167 0.1000000015
108270  36.464  23.373  15.603 0.1000000015
108271  35.710  23.482  15.781 0.1000000015
107426  29.985  22.046  17.361 0.1000000015
109041  36.958  24.979  13.488 0.1000000015
109028  35.905  24.517  14.543 0.1000000015
152735  36.600  24.091  15.189 0.1000000015
108289  35.016  23.884  15.424 0.1000000015
107442  29.509  22.569  16.870 0.1000000015
106663  29.188  21.822  17.015 0.1000000015
105139  38.849  19.120  11.069 0.1000000015
156136  39.042  18.844  10.427 0.1000000015
103244  44.918  17.791  23.903 0.1000000015
103246  42.953  17.597  23.832 0.1000000015
103237  42.520  17.230  24.435 0.1000000015
104092  41.576  18.209  23.461 0.1000000015
104105  40.951  18.801  22.960 0.1000000015
105877  39.543  20.613  21.891 0.1000000015
155756  38.938  22.086  20.552 0.1000000015
107402  38.415  23.077  20.257 0.1000000015
108244  50.487  23.304  16.877 0.1000000015
108217  39.030  23.053  19.623 0.1000000015
108243  51.089  23.176  16.774 0.1000000015
108247  47.585  23.951  16.799 0.1000000015
109006  47.091  24.409  15.306 0.1000000015
108978  40.071  24.096  18.642 0.1000000015
108209  39.116  23.751  19.171 0.1000000015
132879  51.174  23.291  15.259 0.1000000015
108281  51.516  23.211  14.448 0.1000000015
109007  46.275  24.560  15.423 0.1000000015
108991  46.054  24.321  16.202 0.1000000015
108985  44.051  24.281  16.841 0.1000000015
108986  43.385  24.321  17.201 0.1000000015
108241  42.119  24.010  18.044 0.1000000015
109706  40.344  25.363  17.955 0.1000000015
108282  50.819  23.482  14.372 0.1000000015
142731  51.726  23.401  13.443 0.1000000015
109721  44.990  25.361  15.090 0.1000000015
109722  44.268  25.631  15.448 0.1000000015
158008  52.981  23.020  12.773 0.1000000015
107483  53.436  22.639  11.153 0.1000000015
107477  53.290  22.766  12.564 0.1000000015
106694  53.412  21.323  11.860 0.1000000015
105106  53.205  19.443  11.228 0.1000000015
108321  46.040  23.314  10.328 0.1000000015
108323  43.702  23.929  10.719 0.1000000015
109080  42.366  24.976  10.394 0.1000000015
109065  42.136  24.564  11.196 0.1000000015
156162  39.110  25.036  12.498 0.1000000015
109081  41.460  25.207  10.690 0.1000000015
109082  40.478  25.237  10.430 0.1000000015
152163  40.817  25.219  11.205 0.1000000015
133102  39.227  24.968  11.173 0.1000000015
150752  37.794  24.824  11.971 0.1000000015
109056  37.427  24.958  12.645 0.1000000015
109010  34.268  24.319  14.943 0.1000000015
109084  38.392  24.484  10.626 0.1000000015
108325  37.450  23.947  10.079 0.1000000015
152158  36.989  24.520  11.547 0.1000000015
109070  36.420  24.565  11.141 0.1000000015
109058  36.002  25.105  12.595 0.1000000015
109029  35.078  24.471  14.721 0.1000000015
103235  44.407  17.211  24.487 0.1000000015
102349  43.860  16.613  25.156 0.1000000015
103236  43.410  17.156  24.457 0.1000000015
102320  42.999  16.308  26.302 0.1000000015
102350  42.882  16.773  25.013 0.1000000015
103238  41.540  17.403  24.877 0.1000000015
103239  41.326  17.856  24.188 0.1000000015
104093  40.945  18.396  23.674 0.1000000015
104980  40.001  19.738  23.104 0.1000000015
105861  39.550  20.543  22.670 0.1000000015
106602  39.001  21.387  21.641 0.1000000015
106603  38.598  22.113  21.482 0.1000000015
108976  37.747  24.479  20.257 0.1000000015
108975  38.288  24.364  19.414 0.1000000015
110350  37.649  25.872  19.704 0.1000000015
108267  49.605  23.629  15.729 0.1000000015
134585  49.081  23.670  16.371 0.1000000015
109005  47.794  24.244  15.180 0.1000000015
108974  39.092  24.389  18.827 0.1000000015
152523  37.995  25.572  19.191 0.1000000015
110355  37.632  26.528  19.527 0.1000000015
108266  50.450  23.467  15.429 0.1000000015
108283  49.861  23.686  14.721 0.1000000015
108284  49.061  23.902  14.929 0.1000000015
109037  47.681  24.733  13.616 0.1000000015
109024  46.514  24.835  14.621 0.1000000015
109025  45.733  25.078  14.810 0.1000000015
109714  43.305  25.386  16.360 0.1000000015
109715  42.660  25.633  16.682 0.1000000015
153603  42.173  25.216  17.198 0.1000000015
109710  40.888  25.600  17.597 0.1000000015
132634  40.162  26.072  17.706 0.1000000015
110359  39.401  25.847  18.142 0.1000000015
111075  38.137  27.560  18.486 0.1000000015
111851  37.699  27.925  18.984 0.1000000015
108295  50.040  23.822  13.752 0.1000000015
109737  45.382  25.845  14.419 0.1000000015
110373  43.923  26.424  15.344 0.1000000015
145365  42.384  27.117  16.339 0.1000000015
110371  41.718  26.714  16.814 0.1000000015
150965  40.181  28.303  17.109 0.1000000015
111079  39.378  27.414  17.679 0.1000000015
111080  38.732  27.243  18.079 0.1000000015
111850  38.086  28.421  18.485 0.1000000015
108304  51.135  23.891  12.670 0.1000000015
107476  53.376  23.011  11.876 0.1000000015
108302  53.146  23.268  12.067 0.1000000015
153962  53.845  22.998  9.642 0.1000000015
106695  52.998  21.020  11.335 0.1000000015
136967  53.283  22.049  9.954 0.1000000015
108336  45.630  23.868  9.791 0.1000000015
108337  44.806  24.063  9.967 0.1000000015
109078  44.102  24.214  10.191 0.1000000015
132948  43.263  25.086  9.331 0.1000000015
109098  42.570  25.263  9.606 0.1000000015
109099  41.777  25.411  9.821 0.1000000015
133108  41.003  25.346  9.890 0.1000000015
109083  39.354  24.717  10.191 0.1000000015
108349  39.557  23.989  8.370 0.1000000015
108338  38.997  24.073  9.059 0.1000000015
108339  38.231  23.950  9.595 0.1000000015
108326  36.806  23.939  9.761 0.1000000015
133270  36.523  24.357  10.079 0.1000000015
109768  35.856  25.296  10.865 0.1000000015
135990  38.096  23.611  8.679 0.1000000015
108340  37.410  23.688  9.155 0.1000000015
109101  36.936  23.882  8.835 0.1000000015
109102  36.586  24.324  9.410 0.1000000015
109777  36.103  25.641  10.203 0.1000000015
103204  42.352  17.435  26.680 0.1000000015
103216  41.438  17.665  25.423 0.1000000015
104061  41.193  18.425  25.374 0.1000000015
104968  40.546  18.977  24.273 0.1000000015
104950  42.503  19.060  26.625 0.1000000015
104951  41.725  18.771  26.051 0.1000000015
104958  40.888  19.090  24.996 0.1000000015
144358  40.249  19.596  23.778 0.1000000015
106596  38.762  21.759  22.087 0.1000000015
107381  38.530  22.558  21.965 0.1000000015
108206  38.005  23.653  21.183 0.1000000015
140245  37.671  26.537  20.218 0.1000000015
111847  37.758  28.158  19.639 0.1000000015
109035  49.328  24.269  13.048 0.1000000015
109745  47.155  25.486  13.090 0.1000000015
109746  46.494  25.820  13.445 0.1000000015
111844  38.163  28.890  19.914 0.1000000015
108305  50.243  24.058  12.863 0.1000000015
109050  48.643  24.848  12.400 0.1000000015
109051  47.850  25.146  12.711 0.1000000015
111110  45.703  27.371  13.801 0.1000000015
111099  44.739  27.462  14.565 0.1000000015
140137  43.605  28.058  15.529 0.1000000015
111082  42.281  27.946  16.297 0.1000000015
111860  40.826  27.929  16.903 0.1000000015
111854  39.817  28.999  17.168 0.1000000015
157094  39.227  28.908  17.489 0.1000000015
153958  38.632  28.907  17.872 0.1000000015
113351  38.348  30.244  18.713 0.1000000015
112575  38.237  29.616  19.355 0.1000000015
108312  52.464  23.846  11.548 0.1000000015
110384  45.207  26.803  14.195 0.1000000015
157375  42.067  29.182  16.348 0.1000000015
112589  41.453  29.180  16.499 0.1000000015
113366  40.618  30.488  16.720 0.1000000015
145307  39.094  30.246  17.479 0.1000000015
113355  38.524  29.849  17.968 0.1000000015
114069  39.062  31.371  19.526 0.1000000015
108317  53.581  23.138  10.293 0.1000000015
108318  53.405  23.412  10.584 0.1000000015
106715  54.039  22.110  9.011 0.1000000015
106716  51.507  21.765  9.869 0.1000000015
108347  46.946  23.931  8.963 0.1000000015
109096  45.128  24.429  9.134 0.1000000015
109097  44.108  24.650  9.454 0.1000000015
109115  42.671  25.328  8.856 0.1000000015
109774  41.969  25.433  9.079 0.1000000015
147686  41.776  24.799  7.921 0.1000000015
155974  41.039  24.425  7.966 0.1000000015
108393  39.519  23.480  5.153 0.1000000015
108363  38.368  23.631  7.095 0.1000000015
138637  38.174  23.591  7.916 0.1000000015
109156  39.455  24.041  4.892 0.1000000015
109131  37.508  24.306  7.413 0.1000000015
109785  37.028  24.718  8.028 0.1000000015
110431  37.306  25.735  8.407 0.1000000015
110423  36.952  26.118  9.204 0.1000000015
109804  40.654  25.273  4.993 0.1000000015
104949  43.380  19.588  26.961 0.1000000015
105831  42.847  20.006  26.360 0.1000000015
105838  42.326  20.440  25.736 0.1000000015
105845  41.013  20.551  24.674 0.1000000015
106591  40.116  20.890  23.780 0.1000000015
106595  39.171  21.427  22.629 0.1000000015
108204  38.363  23.447  21.776 0.1000000015
107370  39.568  22.084  23.204 0.1000000015
108192  39.367  22.787  22.876 0.1000000015
108971  38.135  24.338  21.472 0.1000000015
109695  38.086  25.249  21.254 0.1000000015
111056  38.255  26.963  20.733 0.1000000015
150643  37.893  28.120  20.101 0.1000000015
144380  38.842  29.164  20.333 0.1000000015
109093  51.769  24.465  9.069 0.1000000015
109094  51.047  24.674  9.751 0.1000000015
109077  49.780  25.058  10.734 0.1000000015
109754  46.867  26.222  12.825 0.1000000015
113349  38.648  30.550  19.449 0.1000000015
113339  39.318  30.820  20.043 0.1000000015
109076  50.691  24.601  10.765 0.1000000015
109063  49.457  24.970  11.358 0.1000000015
109752  48.121  25.578  11.952 0.1000000015
111876  45.657  28.724  14.696 0.1000000015
111864  44.296  28.651  15.327 0.1000000015
112587  43.389  29.393  16.035 0.1000000015
113364  43.700  30.784  16.584 0.1000000015
109092  52.860  24.064  9.028 0.1000000015
133904  52.349  24.181  9.920 0.1000000015
112588  42.606  29.225  16.235 0.1000000015
135290  42.935  30.066  16.370 0.1000000015
113365  41.173  30.897  16.621 0.1000000015
145468  40.290  31.355  16.938 0.1000000015
114088  39.615  31.771  17.402 0.1000000015
114788  39.049  31.939  18.967 0.1000000015
107504  54.061  22.649  9.056 0.1000000015
109074  53.364  23.679  9.885 0.1000000015
106723  52.950  21.708  8.112 0.1000000015
107515  51.044  22.212  8.526 0.1000000015
109110  47.156  24.231  8.118 0.1000000015
109111  46.372  24.345  8.349 0.1000000015
109113  44.432  24.869  8.662 0.1000000015
109128  43.242  24.932  7.452 0.1000000015
109141  41.840  23.654  6.491 0.1000000015
148424  40.234  23.345  6.804 0.1000000015
108409  39.921  23.587  4.650 0.1000000015
108377  39.944  23.050  6.061 0.1000000015
109154  40.780  24.393  4.254 0.1000000015
108391  40.563  22.857  5.539 0.1000000015
106561  43.997  21.213  26.329 0.1000000015
105830  43.695  20.431  26.682 0.1000000015
106573  42.702  21.243  25.423 0.1000000015
106574  41.819  20.895  25.138 0.1000000015
155602  41.022  21.716  24.245 0.1000000015
137922  41.717  22.040  24.390 0.1000000015
107358  41.150  22.331  23.971 0.1000000015
159260  39.277  23.812  22.469 0.1000000015
110336  38.996  25.878  21.523 0.1000000015
111055  39.269  26.959  21.091 0.1000000015
111069  38.877  27.749  20.718 0.1000000015
159648  39.771  28.804  20.555 0.1000000015
132920  39.779  30.284  20.404 0.1000000015
109765  50.154  25.083  10.049 0.1000000015
109767  48.983  26.381  10.562 0.1000000015
114059  40.637  31.834  20.608 0.1000000015
110406  48.404  26.762  11.146 0.1000000015
111118  47.399  27.391  12.297 0.1000000015
155298  44.763  30.151  16.068 0.1000000015
112586  43.939  30.117  16.232 0.1000000015
114781  40.057  32.474  19.967 0.1000000015
108343  54.412  22.701  8.534 0.1000000015
111891  47.606  28.561  13.319 0.1000000015
111892  46.763  28.307  13.600 0.1000000015
113361  46.404  30.703  16.316 0.1000000015
114817  42.378  31.761  16.691 0.1000000015
114099  41.814  31.339  16.610 0.1000000015
114810  41.019  33.005  17.062 0.1000000015
115479  39.938  33.095  18.024 0.1000000015
114780  40.955  32.614  20.567 0.1000000015
153501  41.683  32.626  21.042 0.1000000015
106729  54.236  21.848  7.202 0.1000000015
113362  45.422  30.650  16.347 0.1000000015
114807  44.737  32.271  17.055 0.1000000015
114808  43.269  32.739  16.925 0.1000000015
115486  41.823  33.197  16.908 0.1000000015
116116  40.978  34.204  17.962 0.1000000015
115451  41.059  34.007  19.654 0.1000000015
115447  40.584  33.264  19.905 0.1000000015
146600  51.432  22.174  7.625 0.1000000015
115476  42.228  33.995  17.124 0.1000000015
116135  41.708  34.529  17.632 0.1000000015
107522  50.340  22.777  7.891 0.1000000015
109126  46.568  24.474  7.431 0.1000000015
149652  45.004  24.881  7.328 0.1000000015
133401  44.227  25.052  7.803 0.1000000015
109140  42.864  24.237  6.572 0.1000000015
108376  40.838  23.189  6.328 0.1000000015
109803  41.658  25.303  4.502 0.1000000015
110450  42.389  26.301  5.246 0.1000000015
109811  41.386  24.234  3.792 0.1000000015
108178  44.929  23.113  25.158 0.1000000015
107337  44.881  22.133  26.048 0.1000000015
106571  44.261  21.876  25.900 0.1000000015
107352  43.045  21.952  25.062 0.1000000015
107357  42.537  22.342  24.522 0.1000000015
108184  41.993  22.718  24.046 0.1000000015
108945  40.693  23.366  23.184 0.1000000015
108970  38.862  24.911  21.845 0.1000000015
108944  41.612  23.779  23.111 0.1000000015
108960  40.828  24.180  22.659 0.1000000015
109694  39.914  25.411  21.858 0.1000000015
143928  39.961  27.878  20.709 0.1000000015
108959  41.789  24.480  22.567 0.1000000015
109679  40.762  24.959  22.151 0.1000000015
113337  41.144  30.619  20.856 0.1000000015
109108  52.014  24.447  8.037 0.1000000015
109109  50.962  24.958  8.593 0.1000000015
109772  50.179  25.533  9.156 0.1000000015
110415  49.112  27.157  10.500 0.1000000015
113338  40.338  31.023  20.569 0.1000000015
109782  50.575  25.698  8.264 0.1000000015
110414  49.554  26.589  9.796 0.1000000015
111127  48.526  27.440  11.232 0.1000000015
111909  47.822  28.203  12.561 0.1000000015
114056  42.061  31.457  21.817 0.1000000015
108357  53.925  23.178  7.271 0.1000000015
109122  53.005  23.647  6.515 0.1000000015
110421  50.178  26.636  8.986 0.1000000015
111143  49.941  27.282  9.746 0.1000000015
111917  49.082  28.214  11.582 0.1000000015
111873  48.392  29.103  13.871 0.1000000015
142602  47.560  29.526  14.914 0.1000000015
112584  46.481  30.128  15.766 0.1000000015
114053  42.370  31.690  22.479 0.1000000015
108369  54.359  22.414  7.042 0.1000000015
107528  53.281  22.012  6.110 0.1000000015
111889  49.905  29.107  13.262 0.1000000015
112608  48.716  29.551  14.619 0.1000000015
141412  48.431  30.009  15.323 0.1000000015
140043  47.246  30.995  16.464 0.1000000015
114086  45.376  31.654  16.893 0.1000000015
115474  44.922  33.189  17.193 0.1000000015
115475  43.189  33.724  17.080 0.1000000015
116103  40.906  34.275  18.808 0.1000000015
115445  42.343  33.624  21.078 0.1000000015
115446  41.459  33.370  20.579 0.1000000015
115442  42.141  32.947  21.276 0.1000000015
107520  53.019  21.743  6.477 0.1000000015
107530  51.470  22.209  6.158 0.1000000015
114095  47.756  31.482  16.718 0.1000000015
114084  47.359  31.960  17.031 0.1000000015
114085  46.361  31.788  16.945 0.1000000015
116132  44.230  34.730  17.404 0.1000000015
116133  43.326  34.655  17.378 0.1000000015
116807  42.641  35.580  18.528 0.1000000015
116102  41.626  34.782  19.303 0.1000000015
116091  41.786  34.273  20.280 0.1000000015
115440  43.671  33.451  22.529 0.1000000015
156506  51.067  22.383  7.044 0.1000000015
108372  49.753  23.321  5.830 0.1000000015
109136  47.151  24.372  6.597 0.1000000015
109137  46.328  24.515  6.621 0.1000000015
109138  45.665  24.440  6.024 0.1000000015
148148  43.333  23.921  5.944 0.1000000015
108375  42.409  23.233  5.688 0.1000000015
132799  41.398  22.919  5.723 0.1000000015
109162  40.970  23.409  3.883 0.1000000015
151901  40.842  22.909  4.408 0.1000000015
111211  44.154  27.371  4.581 0.1000000015
110449  43.305  26.721  5.055 0.1000000015
112713  44.460  29.362  3.724 0.1000000015
111192  43.539  27.672  5.397 0.1000000015
108180  46.175  24.194  24.669 0.1000000015
108181  45.267  23.783  24.700 0.1000000015
107356  43.358  22.624  24.696 0.1000000015
108937  44.804  24.084  24.180 0.1000000015
137735  43.680  23.289  24.306 0.1000000015
108190  42.286  23.398  23.595 0.1000000015
108188  44.098  24.016  23.800 0.1000000015
108189  43.194  23.660  23.673 0.1000000015
108943  42.637  24.178  23.013 0.1000000015
110335  40.245  26.426  21.335 0.1000000015
112565  40.400  29.759  20.543 0.1000000015
112564  41.293  29.984  20.814 0.1000000015
146736  52.304  24.127  5.522 0.1000000015
109123  51.962  24.610  6.906 0.1000000015
110428  50.624  26.255  8.202 0.1000000015
111142  50.938  27.503  9.233 0.1000000015
114764  41.125  32.052  23.820 0.1000000015
109148  52.497  23.442  5.274 0.1000000015
109134  52.830  23.398  5.817 0.1000000015
111134  50.899  27.960  10.089 0.1000000015
111907  50.310  28.760  12.340 0.1000000015
114762  42.753  32.500  23.495 0.1000000015
108397  52.423  22.833  5.152 0.1000000015
152552  51.794  22.563  4.843 0.1000000015
112607  49.967  29.791  14.625 0.1000000015
113359  48.977  30.831  16.266 0.1000000015
115436  43.799  33.480  23.351 0.1000000015
115437  43.419  32.780  23.059 0.1000000015
113358  49.870  30.736  15.948 0.1000000015
114804  47.940  32.668  17.349 0.1000000015
115473  46.027  33.442  17.355 0.1000000015
116806  43.521  35.979  18.380 0.1000000015
116792  43.277  35.885  19.863 0.1000000015
116089  43.448  34.697  21.245 0.1000000015
116082  44.019  34.194  22.141 0.1000000015
108385  48.783  23.541  5.189 0.1000000015
109151  46.160  24.061  5.180 0.1000000015
109152  45.205  23.976  5.125 0.1000000015
108388  44.301  23.589  5.063 0.1000000015
108406  41.951  22.486  4.260 0.1000000015
109161  41.709  23.441  3.348 0.1000000015
108417  41.617  22.847  3.622 0.1000000015
111227  45.241  28.181  3.035 0.1000000015
110459  43.660  26.316  4.284 0.1000000015
109810  43.207  25.401  3.647 0.1000000015
109822  42.228  24.620  3.550 0.1000000015
108935  46.427  24.996  23.883 0.1000000015
108936  45.507  24.447  24.076 0.1000000015
108942  43.536  24.252  23.209 0.1000000015
108958  42.625  24.918  22.231 0.1000000015
109678  41.758  25.215  21.933 0.1000000015
109693  41.064  25.857  21.548 0.1000000015
111054  40.718  27.457  20.760 0.1000000015
110434  51.647  26.473  6.754 0.1000000015
111068  41.009  28.411  20.506 0.1000000015
113330  41.712  30.392  22.183 0.1000000015
113321  41.342  30.612  23.162 0.1000000015
114043  40.921  31.303  23.541 0.1000000015
114765  39.945  31.859  23.711 0.1000000015
109795  51.712  25.525  6.243 0.1000000015
109790  51.004  25.893  7.480 0.1000000015
110427  51.460  26.715  7.584 0.1000000015
114042  41.718  31.479  23.364 0.1000000015
114755  39.269  32.763  24.303 0.1000000015
111133  51.883  28.075  9.804 0.1000000015
111924  51.830  28.389  10.681 0.1000000015
114763  42.060  32.213  23.736 0.1000000015
114753  41.413  32.926  24.280 0.1000000015
114754  40.341  32.809  24.287 0.1000000015
109159  52.104  23.606  4.590 0.1000000015
107542  51.284  22.643  4.115 0.1000000015
111923  52.099  28.698  11.043 0.1000000015
111916  51.143  28.600  11.840 0.1000000015
112619  50.474  29.499  13.889 0.1000000015
133505  42.540  34.233  24.816 0.1000000015
115417  41.620  33.952  24.941 0.1000000015
115418  40.627  33.725  24.993 0.1000000015
107544  49.850  22.525  3.615 0.1000000015
107546  47.684  22.306  3.380 0.1000000015
112631  51.266  29.307  13.118 0.1000000015
112618  50.991  29.550  13.643 0.1000000015
114816  49.415  32.258  16.899 0.1000000015
141883  47.934  34.222  17.611 0.1000000015
158303  45.786  34.452  17.451 0.1000000015
116805  44.348  36.031  18.014 0.1000000015
117438  44.306  36.757  19.434 0.1000000015
116780  44.709  35.916  21.407 0.1000000015
116081  44.754  34.685  22.734 0.1000000015
116075  44.336  33.954  23.112 0.1000000015
115426  43.389  34.667  24.786 0.1000000015
116061  42.724  35.126  25.613 0.1000000015
115407  40.876  34.627  25.828 0.1000000015
115408  39.926  34.426  25.819 0.1000000015
108401  48.217  23.080  4.207 0.1000000015
108402  47.246  23.170  4.207 0.1000000015
109160  45.591  23.454  4.534 0.1000000015
114815  50.025  32.718  16.641 0.1000000015
116129  48.957  34.471  17.655 0.1000000015
116130  48.370  35.136  17.792 0.1000000015
116825  46.178  36.012  17.884 0.1000000015
117452  44.514  36.671  18.685 0.1000000015
117428  44.160  36.445  20.255 0.1000000015
116772  45.171  35.443  22.395 0.1000000015
116074  44.669  34.797  23.743 0.1000000015
116059  44.167  35.315  24.872 0.1000000015
116060  43.336  35.650  25.835 0.1000000015
155061  45.455  22.429  3.571 0.1000000015
108404  44.756  23.050  4.332 0.1000000015
107547  44.235  22.207  3.410 0.1000000015
108405  43.748  22.618  4.221 0.1000000015
107550  42.141  22.485  3.644 0.1000000015
136392  42.383  22.634  4.791 0.1000000015
145133  42.276  22.693  2.990 0.1000000015
112012  46.416  29.272  2.271 0.1000000015
110458  44.438  26.691  3.884 0.1000000015
135117  47.281  24.700  24.502 0.1000000015
108930  46.976  23.940  25.223 0.1000000015
108941  44.910  24.589  23.496 0.1000000015
135369  44.285  24.730  22.922 0.1000000015
108957  43.505  24.820  22.502 0.1000000015
109677  42.638  25.569  21.576 0.1000000015
109692  42.257  26.274  20.998 0.1000000015
138197  41.493  26.925  20.789 0.1000000015
111053  41.998  28.001  20.214 0.1000000015
111843  42.003  28.757  20.424 0.1000000015
133500  41.992  29.386  21.283 0.1000000015
112541  41.388  29.783  22.720 0.1000000015
113323  40.079  30.713  23.415 0.1000000015
138084  51.841  25.058  5.637 0.1000000015
114766  38.754  32.075  23.773 0.1000000015
109149  52.065  24.483  5.091 0.1000000015
111159  52.040  27.410  7.232 0.1000000015
149747  37.459  32.869  24.554 0.1000000015
115420  38.637  33.458  25.073 0.1000000015
154702  52.228  28.223  9.499 0.1000000015
115410  37.946  34.052  25.734 0.1000000015
153159  50.521  22.698  3.609 0.1000000015
107545  49.064  22.353  3.269 0.1000000015
146079  52.365  28.728  10.294 0.1000000015
111915  52.279  29.043  11.451 0.1000000015
113385  51.316  30.182  13.729 0.1000000015
114104  50.353  31.350  16.021 0.1000000015
151321  50.087  31.958  16.471 0.1000000015
116062  41.822  35.045  25.949 0.1000000015
116052  39.431  34.955  26.294 0.1000000015
115419  39.603  33.570  25.032 0.1000000015
142215  48.050  22.035  2.983 0.1000000015
151995  51.464  30.562  12.223 0.1000000015
114119  51.284  30.639  13.515 0.1000000015
114108  50.958  31.131  14.502 0.1000000015
114092  50.368  32.094  16.078 0.1000000015
116142  49.780  34.444  17.110 0.1000000015
116823  49.128  35.444  17.790 0.1000000015
117466  47.335  36.497  18.313 0.1000000015
117451  45.736  37.092  18.747 0.1000000015
117981  45.866  37.365  20.582 0.1000000015
117418  45.661  36.194  22.060 0.1000000015
116763  45.270  35.355  23.370 0.1000000015
116739  44.430  36.217  25.370 0.1000000015
116051  40.336  35.114  26.394 0.1000000015
116842  49.463  35.940  16.843 0.1000000015
116804  49.109  36.399  17.948 0.1000000015
153457  48.900  36.901  18.357 0.1000000015
117999  48.051  37.665  19.243 0.1000000015
117980  46.854  37.689  21.101 0.1000000015
117417  46.024  36.623  22.555 0.1000000015
117953  45.105  37.635  24.134 0.1000000015
116738  44.911  36.474  24.696 0.1000000015
116727  43.071  36.443  26.385 0.1000000015
116050  41.534  35.791  26.564 0.1000000015
116045  40.787  35.614  26.515 0.1000000015
108436  45.238  22.872  1.610 0.1000000015
107570  44.501  22.051  2.066 0.1000000015
148842  46.647  37.582  21.751 0.1000000015
117972  46.425  37.266  22.355 0.1000000015
135627  45.736  37.316  23.519 0.1000000015
109830  45.656  25.393  2.098 0.1000000015
151849  44.168  23.368  1.919 0.1000000015
107559  42.844  22.321  3.221 0.1000000015
107548  43.378  22.211  3.462 0.1000000015
135315  46.034  26.317  2.156 0.1000000015
109167  43.629  24.177  2.430 0.1000000015
109168  43.072  23.165  2.464 0.1000000015
111226  45.913  28.055  2.337 0.1000000015
134529  43.768  25.145  3.002 0.1000000015
133926  42.346  23.531  2.935 0.1000000015
108929  48.185  24.241  24.975 0.1000000015
108940  45.747  25.148  23.242 0.1000000015
109670  45.212  25.315  22.538 0.1000000015
108956  44.538  25.576  21.792 0.1000000015
109690  44.197  26.216  20.877 0.1000000015
109691  43.258  26.159  20.910 0.1000000015
110348  42.544  27.429  20.291 0.1000000015
135973  42.854  28.373  20.151 0.1000000015
156642  42.005  28.886  22.002 0.1000000015
110333  43.901  26.766  20.320 0.1000000015
138941  43.387  27.956  19.876 0.1000000015
111833  42.331  28.835  20.633 0.1000000015
114044  39.041  31.204  23.464 0.1000000015
114767  37.821  32.188  23.900 0.1000000015
134062  51.682  26.172  5.740 0.1000000015
114758  35.914  33.042  24.448 0.1000000015
115421  37.249  33.570  25.244 0.1000000015
114768  36.820  32.338  23.974 0.1000000015
109809  51.670  25.022  4.511 0.1000000015
111170  51.892  27.268  6.503 0.1000000015
111150  52.336  28.159  7.866 0.1000000015
111939  52.395  28.532  8.613 0.1000000015
116054  37.744  34.789  25.869 0.1000000015
108421  51.101  23.670  3.299 0.1000000015
107554  50.179  22.731  3.042 0.1000000015
112655  51.997  29.878  9.287 0.1000000015
115409  38.944  34.288  25.748 0.1000000015
116732  38.112  35.471  25.811 0.1000000015
109172  50.491  24.184  2.672 0.1000000015
135818  48.685  22.296  2.837 0.1000000015
113421  52.078  29.890  10.186 0.1000000015
113398  51.228  30.980  12.905 0.1000000015
114120  50.911  31.272  13.719 0.1000000015
114109  50.479  31.874  14.567 0.1000000015
114821  50.155  32.956  16.200 0.1000000015
118014  49.069  37.153  18.051 0.1000000015
117377  39.074  35.950  25.917 0.1000000015
108424  49.005  23.148  1.965 0.1000000015
107568  47.614  22.190  2.247 0.1000000015
116845  49.589  35.228  16.595 0.1000000015
117998  48.637  37.496  18.575 0.1000000015
152245  47.449  38.078  20.211 0.1000000015
117386  44.693  37.148  24.799 0.1000000015
117940  44.048  37.272  25.456 0.1000000015
117931  43.116  37.116  26.106 0.1000000015
117374  41.496  36.456  26.318 0.1000000015
117376  39.914  36.053  26.216 0.1000000015
116741  38.953  36.307  25.278 0.1000000015
109179  47.652  24.369  1.431 0.1000000015
147777  46.064  21.859  1.789 0.1000000015
119069  48.115  38.787  18.776 0.1000000015
118497  47.142  38.779  20.793 0.1000000015
118483  45.836  38.716  22.827 0.1000000015
118475  44.839  38.214  23.901 0.1000000015
117965  43.933  37.948  23.977 0.1000000015
117388  42.643  37.146  25.444 0.1000000015
117400  41.731  36.910  24.491 0.1000000015
117390  40.672  36.596  25.823 0.1000000015
117402  39.828  36.606  25.076 0.1000000015
109837  47.629  25.769  1.437 0.1000000015
119071  46.722  40.200  18.383 0.1000000015
119062  47.072  39.647  19.936 0.1000000015
119039  45.608  39.473  22.248 0.1000000015
118485  44.490  38.477  23.408 0.1000000015
117973  43.838  38.184  23.131 0.1000000015
117399  42.585  37.172  23.972 0.1000000015
117410  41.812  36.743  23.090 0.1000000015
116751  40.074  36.344  23.821 0.1000000015
119625  46.009  40.996  18.777 0.1000000015
119619  45.039  41.460  19.954 0.1000000015
119052  45.402  40.168  21.459 0.1000000015
119041  44.492  39.556  21.776 0.1000000015
159251  43.995  38.671  22.274 0.1000000015
117409  42.554  37.211  22.673 0.1000000015
117419  41.779  36.772  21.891 0.1000000015
117411  40.967  36.488  23.484 0.1000000015
119634  45.017  40.700  17.636 0.1000000015
119626  45.182  41.477  18.486 0.1000000015
134002  44.395  41.663  20.007 0.1000000015
151798  44.112  40.189  20.759 0.1000000015
118498  43.654  39.069  21.104 0.1000000015
117983  42.156  37.750  20.692 0.1000000015
120166  44.548  42.276  18.546 0.1000000015
120679  44.522  42.349  19.451 0.1000000015
119620  44.001  41.296  20.172 0.1000000015
119063  43.129  39.516  20.200 0.1000000015
117993  41.734  38.173  19.868 0.1000000015
146031  42.327  41.095  19.352 0.1000000015
119064  42.429  39.821  19.527 0.1000000015
108939  46.674  25.779  22.824 0.1000000015
109669  46.069  25.805  22.256 0.1000000015
109675  45.731  26.261  21.507 0.1000000015
109689  45.171  26.663  20.782 0.1000000015
111832  44.218  28.316  20.277 0.1000000015
111842  43.631  28.378  19.983 0.1000000015
111827  42.468  28.886  21.267 0.1000000015
156461  35.449  33.616  24.369 0.1000000015
110448  51.495  26.819  5.185 0.1000000015
142157  51.638  27.818  6.109 0.1000000015
154663  52.085  28.019  6.889 0.1000000015
115422  36.531  33.793  25.160 0.1000000015
115411  37.176  34.328  25.641 0.1000000015
109166  50.870  24.894  3.253 0.1000000015
111204  51.153  27.355  4.619 0.1000000015
111952  52.286  28.838  8.107 0.1000000015
152711  37.455  35.703  25.343 0.1000000015
113437  51.588  30.312  9.831 0.1000000015
114146  50.838  31.058  12.036 0.1000000015
114834  49.416  32.357  14.093 0.1000000015
135675  49.881  32.683  14.973 0.1000000015
115489  48.927  34.125  15.438 0.1000000015
116742  38.101  35.998  25.369 0.1000000015
115488  49.867  33.832  16.081 0.1000000015
116147  48.534  34.902  15.579 0.1000000015
117483  48.901  36.686  16.663 0.1000000015
116752  39.145  36.239  24.184 0.1000000015
116153  46.679  34.277  14.889 0.1000000015
116848  47.191  35.818  15.492 0.1000000015
117484  47.974  37.144  16.327 0.1000000015
118033  48.720  37.483  17.242 0.1000000015
116765  39.470  35.638  22.868 0.1000000015
116150  45.224  35.148  15.017 0.1000000015
142177  46.197  36.804  15.719 0.1000000015
118035  46.403  38.055  16.364 0.1000000015
154971  47.687  38.933  17.420 0.1000000015
116850  44.772  35.941  15.240 0.1000000015
117492  45.324  36.701  15.604 0.1000000015
118036  45.277  38.374  16.379 0.1000000015
118529  46.931  39.283  17.168 0.1000000015
117420  41.074  36.308  22.276 0.1000000015
116764  40.335  35.977  22.645 0.1000000015
159463  44.328  37.919  16.013 0.1000000015
118544  45.790  39.345  16.978 0.1000000015
117429  41.588  37.035  20.929 0.1000000015
118510  41.685  39.010  19.330 0.1000000015
117994  40.870  37.465  19.649 0.1000000015
119073  40.812  39.944  18.638 0.1000000015
118511  40.977  38.254  19.182 0.1000000015
152418  45.459  27.753  20.593 0.1000000015
111050  45.322  27.999  20.141 0.1000000015
111044  42.893  28.338  21.675 0.1000000015
133981  35.909  31.972  23.727 0.1000000015
139752  32.748  34.130  23.607 0.1000000015
115431  33.404  33.574  23.540 0.1000000015
114769  35.317  32.401  23.812 0.1000000015
137971  34.987  33.144  23.964 0.1000000015
115430  34.291  33.852  23.711 0.1000000015
115423  35.801  34.235  24.739 0.1000000015
116744  36.818  35.592  25.033 0.1000000015
113438  50.813  30.403  9.605 0.1000000015
114147  49.628  31.178  11.824 0.1000000015
114132  49.203  31.625  12.638 0.1000000015
114825  48.806  32.917  14.503 0.1000000015
116067  36.113  35.292  24.646 0.1000000015
116755  36.598  35.791  24.202 0.1000000015
116754  37.358  35.953  24.669 0.1000000015
114123  47.823  32.037  13.200 0.1000000015
116753  38.233  36.142  24.574 0.1000000015
143493  48.061  31.665  12.628 0.1000000015
136513  46.997  32.340  13.491 0.1000000015
136777  48.256  33.546  14.783 0.1000000015
115494  46.003  33.582  14.443 0.1000000015
116076  39.307  35.107  21.876 0.1000000015
155721  38.797  35.152  22.462 0.1000000015
114849  45.216  31.881  12.877 0.1000000015
115501  45.381  32.939  13.980 0.1000000015
116154  45.610  34.325  14.784 0.1000000015
116783  40.227  35.914  20.724 0.1000000015
117440  40.100  36.826  19.468 0.1000000015
133621  40.991  36.398  21.217 0.1000000015
118001  40.225  37.602  19.056 0.1000000015
153693  40.368  39.307  18.540 0.1000000015
118518  39.358  38.405  18.256 0.1000000015
137563  43.712  28.253  21.267 0.1000000015
115433  32.107  33.760  23.874 0.1000000015
113424  50.098  30.570  10.276 0.1000000015
137588  50.563  30.015  8.840 0.1000000015
113410  49.339  30.733  10.913 0.1000000015
114148  48.393  31.256  11.949 0.1000000015
116078  37.184  35.038  22.409 0.1000000015
132497  49.547  29.552  8.668 0.1000000015
113439  49.805  30.148  9.473 0.1000000015
141769  48.290  30.506  10.741 0.1000000015
116077  38.009  35.087  22.665 0.1000000015
112657  48.743  29.720  9.404 0.1000000015
114133  47.114  31.757  12.786 0.1000000015
116093  38.272  34.481  20.882 0.1000000015
113412  46.714  30.723  11.297 0.1000000015
114134  46.458  31.503  12.366 0.1000000015
116092  39.069  34.881  21.025 0.1000000015
114135  45.644  31.470  12.312 0.1000000015
116795  39.061  35.575  19.735 0.1000000015
116775  39.759  35.386  21.248 0.1000000015
117454  38.772  36.552  18.685 0.1000000015
117431  39.834  36.087  19.946 0.1000000015
118002  39.503  37.054  18.871 0.1000000015
118530  38.965  39.152  17.866 0.1000000015
135813  34.548  32.177  23.620 0.1000000015
114770  34.017  32.889  23.613 0.1000000015
116070  33.627  34.677  23.562 0.1000000015
154472  47.881  29.361  9.288 0.1000000015
112646  47.860  29.867  10.008 0.1000000015
113411  47.741  30.830  11.345 0.1000000015
113426  47.258  30.306  10.712 0.1000000015
159254  42.504  27.837  22.653 0.1000000015
133598  41.447  28.381  22.964 0.1000000015
111043  44.501  28.209  20.954 0.1000000015
104984  51.220  19.382  22.403 0.1000000015
104078  46.707  18.033  24.011 0.1000000015
105062  54.082  19.109  15.431 0.1000000015
104178  54.070  18.650  13.746 0.1000000015
105951  53.372  20.152  11.688 0.1000000015
105952  52.403  20.205  11.252 0.1000000015
108320  46.803  23.189  10.187 0.1000000015
106703  44.885  21.475  11.562 0.1000000015
105132  45.678  19.663  10.610 0.1000000015
108373  48.739  23.816  6.208 0.1000000015
108358  50.308  23.015  6.771 0.1000000015
108374  47.952  24.127  5.965 0.1000000015
144276  52.448  21.746  9.923 0.1000000015
106708  52.716  21.495  10.718 0.1000000015
148348  52.005  21.803  9.021 0.1000000015
103338  36.491  17.728  12.729 0.1000000015
138407  45.246  19.357  10.046 0.1000000015
103305  32.693  17.267  15.736 0.1000000015
139998  31.133  16.909  16.644 0.1000000015
103288  30.211  18.085  17.292 0.1000000015
103313  35.157  17.959  14.363 0.1000000015
106624  52.574  21.524  19.622 0.1000000015
156126  33.969  18.007  15.230 0.1000000015
141667  33.535  18.740  16.342 0.1000000015
104151  31.940  18.915  17.219 0.1000000015
104152  30.719  18.751  17.379 0.1000000015
104163  29.387  18.189  17.169 0.1000000015
103303  34.289  17.718  14.720 0.1000000015
104159  34.423  18.779  16.113 0.1000000015
105057  32.483  19.402  17.178 0.1000000015
103324  36.169  17.940  13.389 0.1000000015
106609  52.753  20.950  20.203 0.1000000015
107391  51.216  22.556  18.862 0.1000000015
107420  51.684  22.817  17.985 0.1000000015
105075  54.514  19.509  14.475 0.1000000015
105076  54.241  19.048  14.581 0.1000000015
149517  53.751  21.449  13.755 0.1000000015
105922  33.698  20.071  17.048 0.1000000015
107424  31.824  22.111  17.421 0.1000000015
105910  30.951  20.595  17.643 0.1000000015
105039  31.326  19.228  17.413 0.1000000015
105072  35.842  19.438  16.002 0.1000000015
105150  43.406  19.112  9.458 0.1000000015
104187  36.376  18.819  14.584 0.1000000015
105151  42.411  19.071  9.272 0.1000000015
136750  36.667  18.317  13.088 0.1000000015
105101  37.967  19.105  12.941 0.1000000015
105002  47.039  20.020  21.745 0.1000000015
105865  52.312  20.178  21.279 0.1000000015
105858  50.569  19.996  21.702 0.1000000015
105859  49.496  19.901  21.824 0.1000000015
105871  45.777  20.282  21.415 0.1000000015
105873  43.977  20.360  21.297 0.1000000015
105889  44.613  20.850  20.820 0.1000000015
104090  43.475  18.151  23.296 0.1000000015
105867  50.371  20.622  21.030 0.1000000015
105885  48.578  20.828  20.790 0.1000000015
156730  47.056  21.193  20.434 0.1000000015
106611  50.778  21.482  20.196 0.1000000015
106601  50.157  21.188  20.467 0.1000000015
106627  48.955  21.986  19.622 0.1000000015
106630  45.836  21.683  19.837 0.1000000015
140299  40.124  20.586  21.327 0.1000000015
149127  50.547  22.422  19.177 0.1000000015
107394  47.811  22.486  19.092 0.1000000015
158779  44.024  22.523  19.089 0.1000000015
108232  50.643  23.156  17.515 0.1000000015
107409  47.380  22.869  18.634 0.1000000015
107413  42.885  22.927  18.799 0.1000000015
107460  52.456  22.790  14.338 0.1000000015
107468  53.626  21.816  13.016 0.1000000015
107488  43.466  22.603  11.586 0.1000000015
106689  42.744  21.787  12.223 0.1000000015
144662  44.531  20.251  11.377 0.1000000015
105943  43.455  20.799  11.898 0.1000000015
108307  41.525  23.172  12.841 0.1000000015
108251  35.003  23.191  16.116 0.1000000015
105945  42.104  20.428  12.515 0.1000000015
107469  41.105  22.493  13.466 0.1000000015
109039  40.211  24.150  13.378 0.1000000015
107461  39.967  22.117  14.489 0.1000000015
108298  39.933  23.553  14.041 0.1000000015
107471  39.580  22.920  14.521 0.1000000015
107472  38.735  23.006  14.730 0.1000000015
151940  39.576  24.223  13.843 0.1000000015
107463  38.341  22.653  14.651 0.1000000015
108286  37.850  24.038  14.934 0.1000000015
107453  38.232  21.721  15.284 0.1000000015
107465  36.933  22.660  15.029 0.1000000015
106673  36.933  21.510  15.729 0.1000000015
107455  36.614  22.357  15.800 0.1000000015
149625  36.514  21.319  16.224 0.1000000015
148166  42.859  19.105  10.814 0.1000000015
105096  42.258  19.751  12.031 0.1000000015
105946  41.250  20.241  13.024 0.1000000015
106671  38.809  21.213  15.136 0.1000000015
139468  39.126  20.688  14.679 0.1000000015
106672  38.212  20.801  15.396 0.1000000015
105919  36.261  20.603  16.282 0.1000000015
105042  28.882  19.691  17.144 0.1000000015
105912  29.231  20.406  17.304 0.1000000015
105135  42.277  18.895  10.247 0.1000000015
157588  42.246  18.985  10.989 0.1000000015
142794  41.092  18.971  11.440 0.1000000015
105098  40.674  19.625  12.729 0.1000000015
105089  40.330  20.195  13.533 0.1000000015
105090  39.409  19.774  13.628 0.1000000015
105082  38.986  20.009  14.299 0.1000000015
106664  28.431  21.632  16.455 0.1000000015
142301  40.050  19.258  12.165 0.1000000015
105118  40.235  18.995  11.420 0.1000000015
104994  40.640  19.496  22.351 0.1000000015
108223  48.669  23.264  18.000 0.1000000015
108234  48.293  23.601  17.407 0.1000000015
108236  46.358  23.707  17.558 0.1000000015
108239  43.392  23.795  17.718 0.1000000015
108246  48.405  23.814  16.582 0.1000000015
108249  45.776  24.039  16.913 0.1000000015
108992  45.185  24.414  16.272 0.1000000015
108993  44.373  24.571  16.364 0.1000000015
142750  43.010  24.095  17.590 0.1000000015
109709  41.497  25.550  17.359 0.1000000015
108293  52.545  23.012  13.454 0.1000000015
108322  44.465  23.621  10.590 0.1000000015
108324  42.912  24.276  10.901 0.1000000015
109066  41.368  24.717  11.649 0.1000000015
157974  40.969  24.527  12.281 0.1000000015
109068  39.680  25.085  12.076 0.1000000015
107437  33.824  22.542  16.738 0.1000000015
109067  40.567  25.008  11.865 0.1000000015
109027  37.019  24.525  14.731 0.1000000015
109042  36.009  24.981  13.666 0.1000000015
108288  35.828  23.993  15.251 0.1000000015
108272  34.141  23.690  15.592 0.1000000015
153558  28.870  22.298  16.632 0.1000000015
109023  47.326  24.578  14.482 0.1000000015
109702  39.512  24.989  18.408 0.1000000015
109713  43.940  25.148  16.003 0.1000000015
110366  40.139  26.834  17.488 0.1000000015
109738  44.644  26.168  14.835 0.1000000015
108303  52.110  23.670  12.375 0.1000000015
153153  52.847  23.522  12.044 0.1000000015
106707  53.361  21.952  10.872 0.1000000015
109095  46.050  24.156  9.102 0.1000000015
109079  43.316  24.670  10.111 0.1000000015
109069  38.611  24.926  11.754 0.1000000015
109100  40.175  24.781  9.369 0.1000000015
133422  40.046  25.203  11.184 0.1000000015
132556  37.621  24.431  11.069 0.1000000015
109057  36.529  24.827  12.104 0.1000000015
109085  37.122  24.097  10.721 0.1000000015
109086  36.584  24.304  10.422 0.1000000015
109087  36.230  24.715  10.742 0.1000000015
109071  35.967  24.956  11.453 0.1000000015
136338  36.008  24.914  11.776 0.1000000015
133937  35.507  25.276  12.200 0.1000000015
101501  43.830  16.091  25.973 0.1000000015
102321  42.269  16.841  26.197 0.1000000015
103217  41.063  17.958  24.784 0.1000000015
105855  39.882  20.283  23.403 0.1000000015
108972  37.757  24.756  20.892 0.1000000015
110349  38.584  25.664  18.619 0.1000000015
156499  48.332  24.379  13.816 0.1000000015
109747  45.884  26.215  13.778 0.1000000015
110374  43.155  26.646  15.916 0.1000000015
110370  42.491  26.341  16.488 0.1000000015
110365  41.038  26.255  17.290 0.1000000015
111078  40.145  27.640  17.278 0.1000000015
111087  44.187  27.739  15.000 0.1000000015
111089  43.017  27.572  15.919 0.1000000015
111859  41.504  28.327  16.576 0.1000000015
134135  40.691  28.715  16.797 0.1000000015
109048  50.483  24.226  12.172 0.1000000015
109047  51.291  24.154  11.709 0.1000000015
108311  53.121  23.516  11.435 0.1000000015
108330  53.868  23.162  9.567 0.1000000015
149353  53.275  21.810  9.014 0.1000000015
109114  43.518  25.167  8.513 0.1000000015
109116  41.445  25.034  8.512 0.1000000015
146150  40.596  24.548  8.504 0.1000000015
108350  38.695  23.645  8.278 0.1000000015
109776  36.400  25.163  9.349 0.1000000015
108351  37.527  23.700  8.342 0.1000000015
109117  37.076  23.980  8.044 0.1000000015
109118  36.722  24.410  8.661 0.1000000015
110424  36.433  26.092  9.781 0.1000000015
110416  36.231  26.586  10.434 0.1000000015
104058  42.033  18.166  26.447 0.1000000015
104956  42.001  19.590  25.993 0.1000000015
105839  41.410  19.932  25.275 0.1000000015
105854  40.352  20.339  24.097 0.1000000015
109753  47.465  25.899  12.363 0.1000000015
110393  46.383  26.434  13.270 0.1000000015
109049  49.561  24.539  12.109 0.1000000015
109064  48.838  25.245  11.621 0.1000000015
111893  45.968  28.116  13.915 0.1000000015
111863  45.005  28.930  15.151 0.1000000015
158766  44.228  29.152  15.614 0.1000000015
113367  39.895  30.441  17.012 0.1000000015
109075  51.819  24.205  10.773 0.1000000015
134815  42.006  30.496  16.477 0.1000000015
114100  41.086  31.629  16.741 0.1000000015
114079  39.021  31.711  18.099 0.1000000015
106721  54.727  22.022  7.754 0.1000000015
106722  54.109  21.822  8.056 0.1000000015
133123  45.068  24.834  8.234 0.1000000015
133338  42.590  25.174  8.059 0.1000000015
108361  41.186  23.898  7.245 0.1000000015
109129  42.261  24.504  7.296 0.1000000015
108348  40.114  23.758  7.614 0.1000000015
133654  38.954  23.514  7.612 0.1000000015
134420  39.234  23.282  5.797 0.1000000015
108364  37.705  23.791  7.575 0.1000000015
109784  37.637  25.316  7.612 0.1000000015
110430  38.184  26.421  8.328 0.1000000015
110422  37.657  26.530  8.931 0.1000000015
111146  37.579  27.098  9.587 0.1000000015
108191  39.932  22.892  23.211 0.1000000015
111119  46.985  27.814  12.903 0.1000000015
110407  47.842  27.078  11.680 0.1000000015
111875  46.640  28.845  14.397 0.1000000015
112596  45.679  29.519  15.427 0.1000000015
112585  45.590  30.169  15.922 0.1000000015
146761  43.297  31.731  16.810 0.1000000015
114098  44.429  31.422  16.813 0.1000000015
108331  53.852  23.413  8.960 0.1000000015
114811  40.302  32.751  17.400 0.1000000015
114786  40.018  33.087  19.399 0.1000000015
107521  52.494  21.770  7.335 0.1000000015
106730  53.504  21.657  7.167 0.1000000015
135584  45.740  24.656  6.969 0.1000000015
109139  44.055  24.619  6.629 0.1000000015
106572  43.514  21.570  25.677 0.1000000015
108202  39.800  23.541  22.791 0.1000000015
136359  41.518  31.981  21.149 0.1000000015
111117  48.115  27.826  11.844 0.1000000015
113363  44.610  30.660  16.455 0.1000000015
111874  47.580  28.990  14.124 0.1000000015
114097  45.944  31.152  16.642 0.1000000015
155918  42.481  32.508  16.799 0.1000000015
114775  42.813  32.189  22.673 0.1000000015
108370  53.640  22.629  6.335 0.1000000015
148836  43.967  32.203  16.950 0.1000000015
114806  45.698  32.421  17.151 0.1000000015
139800  44.107  33.930  17.184 0.1000000015
116794  42.013  35.215  18.700 0.1000000015
144222  52.050  21.954  6.660 0.1000000015
116826  42.882  35.392  17.840 0.1000000015
132969  44.718  24.287  5.850 0.1000000015
110460  42.761  25.808  4.418 0.1000000015
107355  44.119  22.896  24.934 0.1000000015
113332  41.614  30.502  21.337 0.1000000015
114054  42.037  31.118  22.649 0.1000000015
109781  51.212  25.187  7.666 0.1000000015
109783  50.107  26.044  8.681 0.1000000015
111126  49.234  27.825  10.937 0.1000000015
154800  52.927  23.967  7.318 0.1000000015
111908  48.915  28.581  12.418 0.1000000015
114776  42.357  31.780  23.181 0.1000000015
109135  52.255  24.374  6.021 0.1000000015
111925  51.052  28.358  11.015 0.1000000015
112620  49.445  29.336  14.004 0.1000000015
113374  47.291  30.559  16.104 0.1000000015
107534  52.441  22.399  5.430 0.1000000015
108382  52.891  22.637  5.695 0.1000000015
111888  50.898  29.170  13.155 0.1000000015
113372  49.167  30.364  15.665 0.1000000015
139363  44.993  34.193  17.315 0.1000000015
108383  50.610  22.678  5.017 0.1000000015
114083  48.380  32.119  17.055 0.1000000015
114805  46.820  32.513  17.263 0.1000000015
142235  45.058  35.342  17.586 0.1000000015
158845  43.145  36.017  19.071 0.1000000015
116782  42.868  35.231  20.367 0.1000000015
116066  44.009  34.210  23.937 0.1000000015
108384  49.787  23.109  4.872 0.1000000015
109150  47.049  24.171  5.616 0.1000000015
108389  43.287  23.130  5.100 0.1000000015
141962  41.740  29.354  20.768 0.1000000015
111141  51.956  27.789  8.959 0.1000000015
136251  51.154  22.524  4.445 0.1000000015
156872  50.440  30.201  14.834 0.1000000015
114093  49.618  31.402  16.441 0.1000000015
108399  50.297  22.612  4.179 0.1000000015
114803  48.948  32.912  17.318 0.1000000015
140690  46.759  34.212  17.518 0.1000000015
116773  44.356  35.015  21.759 0.1000000015
108386  47.680  23.758  5.024 0.1000000015
108387  46.883  23.804  4.866 0.1000000015
112004  45.822  28.879  2.378 0.1000000015
139779  45.261  27.057  3.143 0.1000000015
110470  43.928  25.926  3.645 0.1000000015
133729  42.976  24.350  2.915 0.1000000015
110441  51.742  26.550  6.228 0.1000000015
114756  38.317  32.764  24.400 0.1000000015
149693  52.090  27.547  8.092 0.1000000015
111905  51.969  28.838  11.976 0.1000000015
109165  51.568  24.277  3.837 0.1000000015
108413  51.616  23.142  3.957 0.1000000015
108400  49.280  22.771  4.068 0.1000000015
107555  49.719  22.546  3.303 0.1000000015
108415  46.651  22.322  3.386 0.1000000015
112630  51.652  29.309  12.712 0.1000000015
113378  50.872  30.471  14.661 0.1000000015
115470  49.320  33.815  17.422 0.1000000015
116824  47.362  35.647  17.880 0.1000000015
117467  45.227  36.413  18.121 0.1000000015
117427  45.235  36.743  21.008 0.1000000015
116049  42.436  35.818  26.416 0.1000000015
108403  46.336  23.280  4.310 0.1000000015
116128  49.495  34.724  17.419 0.1000000015
117465  48.595  36.207  18.158 0.1000000015
117992  45.403  37.314  19.493 0.1000000015
116749  45.466  36.082  23.803 0.1000000015
117408  45.825  36.557  23.297 0.1000000015
107558  43.766  22.188  2.763 0.1000000015
110469  44.565  25.965  3.176 0.1000000015
114103  50.633  31.389  15.279 0.1000000015
133079  47.139  21.896  2.653 0.1000000015
113408  51.280  30.708  11.351 0.1000000015
115491  50.064  33.071  15.652 0.1000000015
117449  48.347  37.056  18.642 0.1000000015
118000  46.860  37.522  19.494 0.1000000015
117426  46.258  37.032  21.718 0.1000000015
107556  46.003  21.810  2.470 0.1000000015
117489  48.897  36.104  16.273 0.1000000015
117990  48.211  38.037  19.209 0.1000000015
117979  46.980  38.043  21.312 0.1000000015
117373  42.510  36.803  26.269 0.1000000015
117375  40.599  36.217  26.287 0.1000000015
109174  45.254  24.187  1.747 0.1000000015
109180  46.278  24.962  1.682 0.1000000015
107577  45.737  22.147  1.589 0.1000000015
108425  44.498  22.474  1.831 0.1000000015
155473  46.861  23.685  1.450 0.1000000015
108435  46.284  22.804  1.526 0.1000000015
108426  43.786  22.481  2.222 0.1000000015
118490  46.779  38.538  21.610 0.1000000015
118484  45.075  38.885  23.361 0.1000000015
109829  46.501  26.011  1.758 0.1000000015
110468  45.369  26.094  2.632 0.1000000015
109821  44.558  24.894  2.356 0.1000000015
149337  45.978  27.105  2.251 0.1000000015
109818  51.162  25.588  3.843 0.1000000015
107566  49.310  22.633  2.645 0.1000000015
107567  48.171  22.734  1.874 0.1000000015
114131  50.377  31.451  12.768 0.1000000015
118528  48.259  38.669  17.976 0.1000000015
108432  48.556  23.519  1.685 0.1000000015
107575  47.490  22.550  1.720 0.1000000015
118508  47.690  38.726  19.695 0.1000000015
117956  43.347  37.434  24.591 0.1000000015
117401  40.781  36.740  24.846 0.1000000015
109835  48.792  25.241  1.817 0.1000000015
109836  48.291  25.456  1.605 0.1000000015
119070  47.462  39.623  19.003 0.1000000015
119081  47.492  39.429  17.984 0.1000000015
119038  46.355  39.336  21.570 0.1000000015
118492  44.794  39.235  22.735 0.1000000015
117966  43.301  37.611  23.425 0.1000000015
119083  45.910  40.592  18.034 0.1000000015
119617  46.668  40.407  19.225 0.1000000015
119612  45.577  40.686  20.447 0.1000000015
117974  43.265  37.816  22.332 0.1000000015
120153  45.274  41.697  19.216 0.1000000015
119613  44.734  40.885  20.710 0.1000000015
118499  42.703  38.569  20.461 0.1000000015
117984  41.409  37.395  20.246 0.1000000015
141086  44.613  41.534  17.988 0.1000000015
118545  44.792  39.071  16.688 0.1000000015
119644  44.302  40.187  17.182 0.1000000015
119621  43.269  41.623  19.712 0.1000000015
147110  43.290  40.614  19.870 0.1000000015
120167  44.043  42.123  17.903 0.1000000015
110464  50.852  26.471  3.740 0.1000000015
113423  51.054  30.628  10.461 0.1000000015
114122  48.781  32.024  13.290 0.1000000015
116152  47.795  34.238  15.059 0.1000000015
116847  48.271  35.664  15.752 0.1000000015
115493  47.084  33.554  14.565 0.1000000015
116149  46.334  35.103  15.108 0.1000000015
117491  47.054  36.615  15.746 0.1000000015
118034  47.660  37.934  16.598 0.1000000015
159788  45.600  37.816  16.128 0.1000000015
147243  46.353  38.775  16.737 0.1000000015
114826  47.582  32.943  14.193 0.1000000015
114836  45.817  32.402  13.444 0.1000000015
111940  49.039  28.872  8.035 0.1000000015
152269  45.193  3.677  7.689 0.1000000015
145311  45.191  5.034  7.847 0.1000000015
90709  45.452  3.553  6.909 0.1000000015
91584  45.419  4.306  7.437 0.1000000015
91594  46.232  4.887  6.403 0.1000000015
92540  47.789  5.433  4.300 0.1000000015
92514  45.476  5.626  7.504 0.1000000015
93486  46.059  6.769  6.971 0.1000000015
92524  46.688  5.515  6.196 0.1000000015
92525  46.109  5.797  6.982 0.1000000015
93497  47.233  5.991  5.994 0.1000000015
140312  46.656  6.334  6.513 0.1000000015
93496  47.767  6.390  5.653 0.1000000015
94363  46.057  7.577  6.742 0.1000000015
95244  45.730  8.242  6.484 0.1000000015
94377  47.273  7.779  6.130 0.1000000015
94362  46.704  7.536  6.429 0.1000000015
95253  48.005  8.145  5.668 0.1000000015
95254  47.231  8.493  6.018 0.1000000015
149475  46.014  8.744  6.157 0.1000000015
95255  46.692  9.063  5.883 0.1000000015
144282  45.744  4.988  7.170 0.1000000015
147028  45.507  7.192  7.102 0.1000000015
93485  47.170  6.896  6.185 0.1000000015
149284  46.528  7.050  6.594 0.1000000015
78840  47.186  -8.891  26.223 0.1000000015
79732  40.435  -7.801  27.211 0.1000000015
79751  45.293  -8.997  25.912 0.1000000015
79758  38.718  -8.418  25.138 0.2000000030
79798  44.495  -8.543  23.694 0.1000000015
80733  36.411  -7.784  25.444 0.2000000030
80740  38.801  -8.133  24.317 0.2000000030
80765  36.963  -7.035  23.865 0.2000000030
81666  43.383  -6.927  27.466 0.1000000015
81669  40.678  -6.195  27.880 0.1000000015
81691  34.082  -6.451  25.616 0.2000000030
81703  37.653  -6.453  23.406 0.2000000030
81705  36.353  -6.536  23.765 0.2000000030
82535  34.978  -5.525  28.402 0.1000000015
82557  34.433  -5.922  27.799 0.1000000015
82564  32.864  -5.470  26.307 0.2000000030
82575  33.510  -5.186  24.488 0.2000000030
82595  41.383  -5.230  22.616 0.1000000015
83390  41.322  -3.850  31.743 0.1000000015
83392  39.286  -4.521  31.053 0.1000000015
83414  38.306  -4.709  29.381 0.1000000015
83415  37.406  -4.788  29.569 0.1000000015
83419  32.715  -4.350  28.903 0.1000000015
83423  41.001  -4.052  28.657 0.1000000015
83424  40.301  -4.368  28.774 0.1000000015
83428  37.063  -5.064  29.030 0.1000000015
83449  32.301  -4.847  27.231 0.1000000015
83455  31.712  -4.296  26.701 0.2000000030
83467  32.439  -4.244  24.952 0.2000000030
84297  35.012  -3.254  31.019 0.1000000015
84304  41.732  -3.165  29.772 0.1000000015
84309  34.696  -3.598  30.554 0.1000000015
84334  42.541  -3.369  28.634 0.1000000015
84335  41.724  -3.679  28.640 0.1000000015
84364  32.391  -3.368  24.557 0.2000000030
84387  41.932  -3.520  22.493 0.1000000015
84389  38.499  -3.671  22.288 0.1000000015
84393  34.876  -3.176  22.610 0.2000000030
85184  37.634  -3.119  32.649 0.1000000015
85258  33.147  -2.567  23.617 0.2000000030
85285  36.501  -2.850  21.908 0.2000000030
85408  48.901  -2.274  4.267 0.1000000015
86131  31.672  -1.996  25.622 0.2000000030
87013  30.735  -0.748  27.021 0.1000000015
87217  54.550  -0.335  3.651 0.1000000015
87889  36.457  0.746  25.886 0.3000000119
88776  37.945  1.927  26.760 0.2000000030
88785  37.109  1.151  26.235 0.3000000119
88802  35.730  1.143  24.342 0.3000000119
88901  57.837  1.726  13.944 0.1000000015
89643  39.968  2.773  26.273 0.4000000060
89645  38.590  2.425  26.654 0.3000000119
89663  39.233  2.035  25.920 0.4000000060
89671  38.466  2.008  24.888 0.3000000119
89860  48.592  2.516  2.730 0.1000000015
90517  35.713  3.049  26.997 0.2000000030
90571  35.852  3.629  21.483 0.4000000060
90621  43.381  3.517  13.954 0.2000000030
90748  50.403  3.831  2.474 0.1000000015
91406  43.392  4.583  26.669 0.2000000030
91407  42.829  4.562  26.904 0.2000000030
91432  41.806  3.967  24.897 0.3000000119
91458  35.965  4.000  21.905 0.3000000119
91470  37.916  4.870  19.514 0.3000000119
91481  57.046  5.363  18.092 0.3000000119
91515  43.369  4.269  13.807 0.2000000030
91640  46.672  4.287  2.445 0.1000000015
91646  50.548  4.843  2.007 0.2000000030
92281  49.644  5.743  29.723 0.3000000119
92290  48.001  5.655  29.596 0.2000000030
92395  40.140  5.934  18.013 0.2000000030
92548  56.359  5.436  2.627 0.2000000030
92550  47.720  5.072  2.580 0.1000000015
92559  53.656  5.373  2.404 0.4000000060
93271  49.721  5.898  29.229 0.3000000119
93285  43.565  6.169  28.512 0.2000000030
93303  49.464  5.936  26.628 0.5000000000
93395  57.425  6.423  13.728 0.2000000030
93472  45.336  6.470  7.443 0.1000000015
93495  48.283  6.687  5.370 0.2000000030
93512  49.642  6.735  3.691 0.2000000030
93518  56.247  6.237  1.918 0.4000000060
93529  53.817  6.469  1.818 0.4000000060
93531  51.998  6.376  2.250 0.3000000119
94157  49.397  6.818  31.761 0.2000000030
94183  44.601  6.760  28.809 0.2000000030
94272  41.256  7.282  19.600 0.3000000119
94376  47.877  7.202  5.758 0.1000000015
95105  41.304  8.350  26.977 0.2000000030
95106  40.595  8.000  26.844 0.2000000030
95110  33.778  8.639  26.098 0.2000000030
95133  51.257  8.540  23.296 0.6999999881
95135  50.436  8.341  24.235 0.5000000000
95139  50.163  7.775  23.164 0.6000000238
95160  47.062  8.857  19.686 0.6000000238
95182  47.010  8.664  14.839 0.5000000000
95243  46.536  8.241  6.341 0.1000000015
95266  49.724  8.282  4.478 0.2000000030
95284  56.138  7.566  1.722 0.4000000060
95294  55.207  8.841  1.486 0.4000000060
95971  50.745  9.250  32.566 0.2000000030
95973  47.452  9.483  32.460 0.2000000030
95979  51.362  9.187  31.695 0.2000000030
96021  36.846  10.301  27.175 0.2000000030
96046  32.766  9.222  26.608 0.2000000030
96054  37.453  9.763  25.556 0.2000000030
96055  36.658  9.592  25.682 0.2000000030
96082  52.103  10.654  21.114 0.8000000119
96180  47.870  9.711  5.418 0.2000000030
96216  53.100  9.637  1.780 0.4000000060
96218  43.979  10.308  2.580 0.2000000030
96890  46.367  10.223  31.890 0.1000000015
96892  44.923  11.109  31.241 0.1000000015
96899  52.153  10.447  30.357 0.2000000030
96907  51.838  9.955  29.350 0.2000000030
96911  43.083  11.145  29.252 0.2000000030
96920  51.431  10.319  28.666 0.3000000119
96922  49.100  9.922  28.451 0.3000000119
96923  44.597  9.932  28.866 0.2000000030
96941  48.526  10.396  27.828 0.4000000060
96948  38.262  11.011  27.510 0.2000000030
96966  41.226  10.314  26.613 0.2000000030
96973  45.246  10.400  25.572 0.5000000000
96986  45.084  10.116  24.160 0.6000000238
97012  51.964  11.223  20.587 0.8999999762
97066  43.815  10.474  11.007 0.8000000119
97089  45.222  10.901  9.631 0.8000000119
97119  52.069  10.131  6.465 0.6000000238
97140  45.650  10.232  3.770 0.2000000030
97163  54.839  9.878  1.719 0.4000000060
97164  54.581  10.362  1.884 0.5000000000
97183  43.431  11.078  1.638 0.4000000060
97831  50.201  11.574  33.174 0.1000000015
97833  46.811  11.409  33.559 0.1000000015
97851  43.443  11.828  30.976 0.2000000030
97862  51.581  11.472  30.750 0.2000000030
97867  40.960  11.747  30.150 0.2000000030
97876  52.427  11.231  29.202 0.2000000030
97877  52.291  11.500  29.600 0.2000000030
97902  30.818  11.975  28.597 0.1000000015
97903  30.271  11.593  28.748 0.1000000015
97910  47.953  10.793  27.325 0.4000000060
97912  40.628  11.420  27.695 0.2000000030
97913  39.811  11.387  27.455 0.2000000030
97929  47.365  11.075  26.898 0.5000000000
97931  39.999  11.074  26.698 0.2000000030
97941  44.064  11.862  24.291 0.6000000238
97946  43.960  11.180  23.228 0.6000000238
97949  43.929  11.294  22.485 0.6000000238
97954  51.887  11.315  21.307 0.8000000119
97979  51.778  11.833  19.958 0.8999999762
97990  52.882  12.650  15.286 0.8000000119
98006  43.465  11.485  14.626 0.8000000119
98042  48.768  11.840  11.310 0.8999999762
98044  46.761  11.330  11.391 0.8999999762
98046  41.013  11.337  11.953 0.6999999881
98052  55.558  12.573  10.705 0.6000000238
98054  49.178  11.904  10.700 0.6999999881
98059  40.339  11.740  10.792 0.6999999881
98086  43.877  11.037  8.078 0.8999999762
98094  55.053  12.377  8.050 0.6000000238
98129  54.076  12.228  4.028 0.6000000238
98132  49.041  11.252  4.455 0.2000000030
98138  51.115  11.936  3.593 0.3000000119
98150  53.074  11.232  2.232 0.4000000060
98162  54.309  10.657  1.924 0.5000000000
98164  45.496  12.227  1.184 0.3000000119
98172  44.352  11.996  1.017 0.3000000119
98769  47.973  12.485  35.925 0.1000000015
98801  38.759  13.210  31.810 0.2000000030
98812  43.047  12.230  31.199 0.2000000030
98829  47.800  12.939  30.538 0.2000000030
98840  52.426  11.787  28.982 0.2000000030
98841  52.188  12.129  29.407 0.2000000030
98844  49.197  12.398  30.130 0.2000000030
98855  52.482  12.179  28.274 0.3000000119
98884  50.821  12.953  25.762 0.3000000119
98888  46.564  12.401  25.581 0.4000000060
98903  43.034  12.047  21.331 0.6000000238
98915  45.158  12.241  19.649 0.8999999762
98923  51.313  12.754  19.441 0.8999999762
98925  49.025  12.628  19.410 0.8999999762
98934  51.831  12.746  18.587 0.8000000119
98948  42.363  13.099  17.462 0.6999999881
98952  52.435  12.948  16.701 0.8000000119
98955  41.984  12.801  16.508 0.6000000238
98964  41.952  12.380  15.720 0.6000000238
98965  41.233  12.547  15.398 0.6000000238
98975  49.047  13.104  14.270 0.8000000119
98978  46.447  12.718  14.704 0.8999999762
98981  40.976  12.280  14.671 0.6999999881
98982  40.545  12.780  14.243 0.6999999881
98988  54.166  12.563  13.361 0.6000000238
99045  55.400  12.727  8.368 0.5000000000
99056  55.478  13.100  8.032 0.5000000000
99086  55.291  13.639  6.519 0.5000000000
99116  54.367  13.856  4.142 0.5000000000
99140  43.396  12.993  1.354 0.4000000060
99148  45.336  12.906  0.881 0.4000000060
99149  44.667  13.238  0.899 0.4000000060
99150  43.967  12.670  0.976 0.4000000060
99714  48.812  13.023  35.567 0.1000000015
99735  50.161  13.472  33.842 0.1000000015
99745  35.215  13.839  33.638 0.1000000015
99758  41.312  13.707  32.163 0.2000000030
99776  47.541  13.587  31.122 0.2000000030
99783  31.311  13.928  31.357 0.1000000015
99787  47.284  13.369  30.293 0.2000000030
99802  46.891  13.650  29.671 0.2000000030
99811  49.115  13.373  28.701 0.2000000030
99816  52.571  13.469  27.369 0.3000000119
99825  52.599  13.846  26.634 0.3000000119
99835  52.585  13.965  25.827 0.3000000119
99845  50.797  13.892  24.928 0.4000000060
99849  46.751  13.507  24.601 0.5000000000
99860  43.245  13.168  22.786 0.6000000238
99861  42.770  13.275  22.120 0.6000000238
99868  42.113  13.724  20.854 0.6000000238
99869  41.771  13.869  20.283 0.6000000238
99877  41.720  13.633  19.628 0.6999999881
99880  51.338  13.306  18.555 0.8000000119
99887  41.746  13.504  18.800 0.6999999881
99890  51.858  13.212  18.206 0.8000000119
99897  41.362  13.713  17.173 0.6000000238
99898  41.048  14.124  16.793 0.6000000238
99902  51.057  13.799  17.076 0.8000000119
99903  50.076  13.906  16.655 0.8000000119
99904  48.319  13.818  16.441 0.8999999762
99907  45.729  13.398  17.061 0.8999999762
99912  52.128  13.558  15.740 0.8000000119
99918  40.761  13.488  15.631 0.6000000238
99927  53.273  13.121  14.547 0.6999999881
99940  53.950  12.809  13.641 0.6000000238
99941  53.630  13.088  13.923 0.6999999881
99962  39.974  13.547  10.769 0.6999999881
99968  55.421  13.182  9.213 0.5000000000
99976  55.380  13.364  8.361 0.5000000000
99978  54.466  13.561  8.897 0.5000000000
99988  52.885  13.652  7.433 0.5000000000
100006  55.266  14.104  6.008 0.5000000000
100007  54.908  14.334  5.387 0.5000000000
100023  45.579  13.405  3.854 0.5000000000
100024  44.677  13.172  3.750 0.6000000238
100030  54.212  14.574  4.051 0.5000000000
100042  52.492  13.917  3.110 0.4000000060
100055  45.951  13.655  1.082 0.4000000060
100583  40.149  15.611  36.395 0.1000000015
100594  42.673  15.233  35.365 0.1000000015
100599  37.381  14.899  35.321 0.1000000015
100600  36.864  14.933  35.123 0.1000000015
100611  43.190  14.871  34.431 0.1000000015
100614  40.167  14.954  35.182 0.2000000030
100617  37.644  14.663  35.111 0.1000000015
100619  35.536  14.234  34.128 0.1000000015
100638  50.111  14.214  32.836 0.1000000015
100666  47.555  13.939  28.291 0.1000000015
100671  52.575  14.286  26.778 0.3000000119
100672  52.371  14.348  27.255 0.2000000030
100675  49.059  14.478  27.596 0.1000000015
100682  52.595  14.431  26.170 0.3000000119
100693  52.276  15.309  24.621 0.3000000119
100703  50.713  14.843  23.930 0.4000000060
100714  44.540  14.587  22.625 0.6000000238
100716  42.764  13.950  21.869 0.6000000238
100739  41.034  14.640  16.456 0.5000000000
100773  40.518  13.792  11.470 0.6999999881
100777  41.009  14.474  10.868 0.6999999881
100803  55.027  14.258  6.729 0.5000000000
100825  54.364  14.914  4.970 0.5000000000
100826  52.414  15.796  4.252 0.5000000000
100827  51.604  15.878  4.000 0.5000000000
100828  50.656  15.749  3.589 0.5000000000
100830  48.624  15.290  3.433 0.4000000060
100837  53.819  14.996  3.792 0.5000000000
100838  53.191  15.428  3.610 0.5000000000
100846  53.393  14.775  3.479 0.5000000000
100849  50.727  15.625  2.741 0.4000000060
100850  49.788  15.429  2.592 0.4000000060
100851  47.760  15.007  2.257 0.4000000060
100858  47.026  14.869  1.732 0.4000000060
100859  46.512  14.303  1.410 0.4000000060
101395  39.024  15.963  36.495 0.1000000015
101409  37.190  15.346  35.352 0.1000000015
101452  47.253  14.863  31.224 0.2000000030
101458  46.007  15.045  30.291 0.1000000015
101473  47.543  14.973  27.148 0.1000000015
101480  52.239  15.398  26.200 0.3000000119
101481  50.150  15.647  26.551 0.2000000030
101488  43.663  15.916  26.652 0.1000000015
101509  51.260  15.417  23.513 0.3000000119
101512  48.168  15.180  23.190 0.4000000060
101526  45.667  15.600  21.608 0.5000000000
101529  42.838  14.994  20.966 0.6000000238
101532  44.157  15.634  20.749 0.6000000238
101535  41.865  15.043  19.935 0.6000000238
101541  42.941  15.835  19.669 0.6000000238
101543  41.571  15.038  19.192 0.6999999881
101552  41.281  14.995  17.682 0.5000000000
101568  41.578  15.207  14.478 0.6000000238
101572  42.723  15.836  13.073 0.5000000000
101573  42.184  15.523  13.722 0.6000000238
101590  43.321  15.711  11.641 0.5000000000
101598  45.333  15.883  10.863 0.5000000000
101640  53.770  15.224  4.824 0.5000000000
101646  53.684  15.452  4.302 0.5000000000
101655  53.085  15.857  3.867 0.5000000000
101656  51.646  16.019  3.257 0.5000000000
101667  48.618  15.302  2.622 0.4000000060
102236  37.672  16.046  35.566 0.1000000015
102311  42.743  16.731  26.920 0.1000000015
102317  47.643  16.033  26.072 0.2000000030
102319  45.938  16.043  25.971 0.2000000030
102322  41.844  17.060  25.517 0.1000000015
102332  52.039  16.212  25.118 0.3000000119
102334  50.108  16.635  25.569 0.3000000119
102340  42.509  16.698  25.596 0.1000000015
102348  44.999  16.742  25.100 0.1000000015
102351  42.118  16.971  24.954 0.1000000015
102354  52.095  16.529  23.512 0.3000000119
102359  52.250  17.207  23.071 0.3000000119
102360  52.010  16.737  22.823 0.3000000119
102363  48.217  16.153  22.153 0.5000000000
102365  46.805  15.884  21.720 0.5000000000
102369  51.708  16.975  22.144 0.3000000119
102380  45.899  16.612  20.514 0.5000000000
102400  42.710  16.610  17.621 0.6000000238
102414  43.083  16.815  15.168 0.4000000060
102416  41.901  15.965  16.011 0.5000000000
102441  46.683  16.616  12.040 0.3000000119
102462  48.381  15.834  10.073 0.2000000030
102484  48.626  16.536  7.511 0.5000000000
102488  44.547  16.092  8.423 0.5000000000
102497  49.021  17.172  6.552 0.3000000119
102522  43.030  17.202  4.847 0.6000000238
102524  41.236  17.156  4.408 0.5000000000
103184  47.615  17.592  29.877 0.1000000015
103205  41.791  17.450  26.067 0.1000000015
103215  45.837  17.038  24.915 0.2000000030
103229  50.124  17.602  24.572 0.3000000119
103233  46.260  17.509  24.518 0.2000000030
103245  43.932  17.692  23.887 0.1000000015
103247  42.079  17.654  23.900 0.1000000015
103257  52.223  17.465  21.812 0.3000000119
103263  52.728  17.948  21.498 0.3000000119
103272  47.458  18.202  19.703 0.4000000060
103282  44.622  17.400  18.585 0.5000000000
103320  47.383  17.749  13.330 0.3000000119
103336  47.010  17.242  12.735 0.4000000060
103344  53.858  17.042  10.357 0.2000000030
103346  51.426  16.728  11.466 0.2000000030
103355  53.784  17.275  9.715 0.2000000030
103368  51.915  17.218  7.638 0.2000000030
103369  51.218  17.396  7.049 0.2000000030
103385  48.455  18.464  6.161 0.3000000119
103400  41.266  17.692  4.305 0.5000000000
103402  39.889  17.089  4.947 0.6000000238
103984  32.390  18.245  33.613 0.1000000015
104059  41.551  18.066  25.917 0.1000000015
104062  40.834  18.519  24.710 0.1000000015
104073  51.608  17.942  23.851 0.2000000030
104079  40.810  18.416  24.200 0.1000000015
104083  51.180  18.406  23.470 0.2000000030
104089  44.473  18.267  23.354 0.1000000015
104091  42.491  18.104  23.300 0.1000000015
104096  53.059  18.773  22.068 0.2000000030
104098  52.551  18.432  22.724 0.2000000030
104100  45.856  18.882  22.919 0.1000000015
104104  41.986  18.630  22.775 0.1000000015
104111  53.038  18.367  21.887 0.1000000015
104114  53.108  18.336  21.061 0.1000000015
104127  47.069  18.441  19.138 0.4000000060
104135  52.518  19.070  19.191 0.2000000030
104136  51.632  19.013  19.126 0.2000000030
104138  49.109  19.026  18.929 0.4000000060
104140  47.492  18.875  18.618 0.4000000060
104147  47.140  19.066  18.029 0.3000000119
104149  45.619  18.540  17.481 0.3000000119
104168  47.521  18.878  15.268 0.3000000119
104169  46.075  18.873  16.281 0.5000000000
104186  45.410  18.300  15.110 0.4000000060
104196  47.877  18.242  13.839 0.3000000119
104220  54.131  18.060  10.786 0.2000000030
104221  53.808  17.694  9.808 0.2000000030
104229  52.780  17.628  8.475 0.2000000030
104247  39.602  18.121  8.522 0.4000000060
104252  49.967  18.003  6.504 0.2000000030
104253  49.185  18.341  6.345 0.3000000119
104268  46.478  18.705  5.278 0.4000000060
104271  43.888  18.638  4.164 0.6000000238
104274  40.801  17.678  4.456 0.5000000000
104939  43.133  18.866  27.186 0.1000000015
104957  41.417  19.176  25.575 0.1000000015
104977  49.516  18.979  22.967 0.1000000015
104979  47.603  19.080  22.823 0.1000000015
104988  46.225  19.297  22.513 0.1000000015
104990  44.636  19.312  22.346 0.1000000015
104992  42.629  19.221  22.231 0.1000000015
104995  39.953  19.930  22.478 0.1000000015
104999  53.260  19.203  21.594 0.1000000015
105000  53.087  19.092  21.973 0.1000000015
105001  52.708  19.390  21.923 0.1000000015
105009  40.303  20.071  21.813 0.1000000015
105013  53.603  19.671  19.032 0.1000000015
105030  54.267  19.504  16.921 0.1000000015
105050  48.441  19.390  16.668 0.3000000119
105068  47.897  19.169  15.861 0.3000000119
105077  53.911  18.853  14.752 0.1000000015
105115  43.343  19.635  11.337 0.1000000015
105171  46.827  19.470  6.341 0.2000000030
105180  47.306  19.162  5.930 0.2000000030
105182  45.371  19.571  5.546 0.3000000119
105183  44.589  19.623  5.460 0.3000000119
105681  34.403  20.639  36.464 0.1000000015
105829  44.618  20.816  26.957 0.1000000015
105840  40.665  19.718  24.530 0.1000000015
105868  48.951  20.352  21.379 0.1000000015
105870  46.478  20.282  21.459 0.1000000015
105872  44.912  20.331  21.359 0.1000000015
105874  42.978  20.357  21.214 0.1000000015
105876  40.951  20.434  21.206 0.1000000015
105881  53.292  19.753  21.025 0.1000000015
105883  52.221  20.821  20.559 0.1000000015
105887  46.329  20.710  20.957 0.1000000015
105896  53.524  20.042  19.738 0.1000000015
105906  54.392  20.086  17.412 0.1000000015
105926  54.542  19.935  15.952 0.1000000015
105930  54.559  20.115  15.147 0.1000000015
105931  54.305  20.528  14.285 0.1000000015
105954  50.031  20.368  11.118 0.2000000030
105955  49.032  20.341  11.177 0.2000000030
105958  45.886  20.676  11.440 0.2000000030
106562  43.184  20.836  26.052 0.1000000015
106578  42.207  21.658  24.860 0.1000000015
106579  41.398  21.343  24.610 0.1000000015
106580  40.663  21.098  24.238 0.1000000015
106592  39.625  21.093  23.276 0.1000000015
106599  51.672  20.734  20.792 0.1000000015
106613  48.152  21.478  20.163 0.1000000015
106615  45.226  21.287  20.332 0.1000000015
106617  43.341  21.464  20.234 0.1000000015
106619  41.045  21.396  20.347 0.1000000015
106621  38.917  21.763  20.976 0.1000000015
106625  51.193  21.928  19.632 0.1000000015
106626  50.080  21.848  19.759 0.1000000015
106634  42.153  21.970  19.763 0.1000000015
106636  40.000  22.065  19.941 0.1000000015
106637  39.089  22.403  20.117 0.1000000015
106652  28.861  21.051  16.982 0.1000000015
106659  54.398  20.521  16.640 0.1000000015
106682  54.062  20.678  13.370 0.1000000015
106687  53.753  20.936  12.643 0.1000000015
106697  50.918  21.193  10.832 0.2000000030
106700  47.971  21.262  11.353 0.2000000030
106709  51.700  21.443  10.456 0.1000000015
106713  47.597  21.963  11.092 0.2000000030
106737  53.678  21.797  6.605 0.1000000015
107350  44.553  22.483  25.528 0.1000000015
107351  43.810  22.251  25.306 0.1000000015
107359  40.329  21.682  23.782 0.1000000015
107369  40.496  22.587  23.551 0.1000000015
107380  38.917  22.262  22.562 0.1000000015
107383  38.279  22.902  21.351 0.1000000015
107387  38.524  22.469  20.781 0.1000000015
107390  52.050  22.152  19.225 0.1000000015
107393  48.621  22.546  19.056 0.1000000015
107396  45.643  22.255  19.297 0.1000000015
107398  43.333  22.474  19.227 0.1000000015
107400  41.630  22.384  19.486 0.1000000015
107401  40.632  22.502  19.555 0.1000000015
107406  51.769  22.583  18.502 0.1000000015
107408  48.219  22.913  18.550 0.1000000015
107414  42.115  22.931  18.929 0.1000000015
107451  51.832  23.006  15.028 0.1000000015
107484  46.796  22.018  11.195 0.2000000030
107493  53.607  22.609  9.901 0.1000000015
107497  47.192  22.609  10.622 0.2000000030
107513  54.773  22.211  7.931 0.1000000015
107514  54.502  22.248  8.294 0.1000000015
107519  54.629  22.128  7.408 0.1000000015
107527  54.101  22.041  6.697 0.1000000015
107529  52.459  22.105  5.990 0.1000000015
107535  51.656  22.388  5.338 0.1000000015
107536  41.066  22.699  5.109 0.1000000015
107537  40.545  22.874  4.860 0.1000000015
107543  50.514  22.605  3.836 0.1000000015
107549  42.737  22.313  4.035 0.1000000015
107551  41.258  22.740  4.483 0.1000000015
107557  44.813  21.912  2.583 0.1000000015
107560  41.604  22.655  3.980 0.1000000015
107569  45.306  21.862  1.897 0.1000000015
107576  46.692  22.175  1.657 0.1000000015
107578  45.026  22.164  1.726 0.1000000015
108182  44.461  23.527  24.531 0.1000000015
108183  42.857  23.012  24.142 0.1000000015
108203  38.887  23.202  22.442 0.1000000015
108210  38.300  23.715  19.828 0.1000000015
108211  37.951  23.743  20.573 0.1000000015
108215  40.972  23.656  18.653 0.1000000015
108221  50.233  23.113  17.952 0.1000000015
108225  46.870  23.310  18.158 0.1000000015
108227  44.040  23.377  18.033 0.1000000015
108228  43.191  23.374  18.257 0.1000000015
108233  49.827  23.337  17.406 0.1000000015
108237  45.448  23.694  17.562 0.1000000015
108245  49.747  23.493  16.650 0.1000000015
108268  48.569  23.925  15.628 0.1000000015
108269  47.747  24.101  15.969 0.1000000015
108280  52.009  23.044  14.122 0.1000000015
108294  50.829  23.707  13.444 0.1000000015
108296  49.048  24.092  13.999 0.1000000015
108310  53.346  23.257  11.285 0.1000000015
108319  52.913  23.847  10.762 0.1000000015
108335  46.441  23.688  9.685 0.1000000015
108344  54.229  23.135  8.162 0.1000000015
108346  47.642  23.903  8.541 0.2000000030
108356  54.587  22.556  7.729 0.1000000015
108360  47.923  24.100  7.869 0.1000000015
108371  50.777  22.558  5.774 0.1000000015
108390  41.725  22.638  5.020 0.1000000015
108392  39.924  22.979  5.364 0.1000000015
108398  52.001  22.738  4.705 0.1000000015
108407  41.074  22.899  4.051 0.1000000015
108408  40.504  23.154  4.401 0.1000000015
108414  50.929  22.877  3.491 0.1000000015
108416  43.097  22.480  2.708 0.1000000015
108422  50.555  23.252  2.947 0.1000000015
108423  49.842  23.423  2.382 0.1000000015
108433  47.924  23.362  1.585 0.1000000015
108434  47.156  23.020  1.525 0.1000000015
108961  38.786  24.049  22.153 0.1000000015
108983  41.420  24.793  17.780 0.1000000015
108987  42.552  24.463  17.516 0.1000000015
108990  46.919  24.241  16.126 0.1000000015
108994  43.657  24.760  16.578 0.1000000015
108995  42.962  24.961  16.901 0.1000000015
109008  45.456  24.726  15.552 0.1000000015
109009  44.668  24.920  15.736 0.1000000015
109022  48.244  24.240  14.513 0.1000000015
109036  48.440  24.533  13.224 0.1000000015
109038  46.818  25.124  13.835 0.1000000015
109062  50.177  24.561  11.473 0.1000000015
109088  35.887  25.090  11.271 0.1000000015
109103  36.182  25.165  9.928 0.1000000015
109107  53.406  23.752  8.134 0.1000000015
109112  45.685  24.478  8.542 0.1000000015
109125  47.408  24.318  7.414 0.1000000015
109127  45.756  24.642  7.821 0.1000000015
109153  43.961  24.011  5.717 0.1000000015
109155  40.023  24.292  4.599 0.1000000015
109178  48.440  24.419  1.574 0.1000000015
109676  43.450  25.493  21.675 0.1000000015
109680  39.721  24.419  22.328 0.1000000015
109697  38.475  24.968  18.932 0.1000000015
109698  37.779  25.095  19.664 0.1000000015
109699  37.682  25.426  20.431 0.1000000015
109716  41.933  25.950  16.986 0.1000000015
109723  43.574  25.854  15.842 0.1000000015
109736  46.093  25.476  14.109 0.1000000015
109758  49.102  25.602  10.882 0.1000000015
109759  48.460  26.012  11.240 0.1000000015
109760  47.881  26.363  11.734 0.1000000015
109766  49.506  25.793  9.978 0.1000000015
109773  49.782  26.120  9.238 0.1000000015
109775  36.775  25.207  8.655 0.1000000015
109789  51.441  25.475  6.921 0.1000000015
109802  51.652  25.701  5.145 0.1000000015
109805  39.673  24.774  5.175 0.1000000015
109838  46.994  25.684  1.408 0.1000000015
110331  45.310  27.550  20.328 0.1000000015
110332  44.700  27.097  20.142 0.1000000015
110334  43.238  27.045  20.228 0.1000000015
110337  38.150  26.156  20.934 0.1000000015
110346  44.860  27.869  19.886 0.1000000015
110347  44.104  27.574  19.889 0.1000000015
110351  37.561  27.071  19.759 0.1000000015
110354  37.976  26.226  18.959 0.1000000015
110360  38.661  26.234  18.400 0.1000000015
110361  38.354  26.792  18.454 0.1000000015
110362  37.711  27.060  19.016 0.1000000015
110367  39.238  26.608  17.955 0.1000000015
110369  43.028  25.964  16.223 0.1000000015
110394  46.001  26.864  13.516 0.1000000015
110400  47.334  26.674  12.267 0.1000000015
110401  46.684  26.976  12.843 0.1000000015
110456  51.285  26.405  4.407 0.1000000015
111035  43.160  27.758  22.435 0.1000000015
111045  42.239  28.388  22.310 0.1000000015
111051  45.020  28.158  20.360 0.1000000015
111052  43.179  28.514  20.605 0.1000000015
111066  44.839  28.159  19.946 0.1000000015
111067  44.245  28.098  19.872 0.1000000015
111070  37.914  27.503  20.353 0.1000000015
111071  37.650  27.603  19.961 0.1000000015
111072  37.624  27.555  19.462 0.1000000015
111083  41.595  27.518  16.669 0.1000000015
111084  40.924  27.145  17.108 0.1000000015
111088  43.678  27.217  15.371 0.1000000015
111098  45.272  27.791  14.230 0.1000000015
111109  46.294  27.523  13.378 0.1000000015
111140  52.326  28.110  8.784 0.1000000015
111151  51.146  27.051  8.408 0.1000000015
111187  51.342  27.627  5.343 0.1000000015
111210  44.727  27.492  3.772 0.1000000015
111240  46.513  28.655  2.100 0.1000000015
111846  37.829  28.776  19.200 0.1000000015
111855  38.669  27.967  17.963 0.1000000015
111858  42.972  28.511  16.011 0.1000000015
111865  43.749  28.875  15.715 0.1000000015
111877  44.800  28.239  14.765 0.1000000015
111890  48.657  28.871  13.237 0.1000000015
111906  51.445  28.933  12.485 0.1000000015
111931  52.390  28.560  9.478 0.1000000015
111932  52.179  28.449  10.195 0.1000000015
111953  51.998  28.812  7.373 0.1000000015
112550  41.715  29.748  21.927 0.1000000015
112553  41.695  29.923  21.342 0.1000000015
112566  39.483  29.604  20.406 0.1000000015
112567  38.809  29.881  20.015 0.1000000015
112577  38.129  29.333  18.565 0.1000000015
112581  39.084  29.464  17.512 0.1000000015
112590  40.481  29.658  16.771 0.1000000015
112591  39.653  29.751  17.160 0.1000000015
112593  49.942  30.266  15.284 0.1000000015
112594  49.317  29.981  15.138 0.1000000015
112595  47.419  30.058  15.560 0.1000000015
112597  44.820  29.487  15.634 0.1000000015
112598  44.128  29.552  15.852 0.1000000015
112605  51.068  29.927  13.992 0.1000000015
112606  50.688  29.877  14.256 0.1000000015
112609  46.564  29.493  15.177 0.1000000015
112617  51.297  29.606  13.427 0.1000000015
112639  52.060  29.468  11.944 0.1000000015
112645  52.368  29.206  10.681 0.1000000015
112654  52.369  29.293  9.773 0.1000000015
112656  51.416  30.142  8.992 0.1000000015
112667  52.303  29.228  8.774 0.1000000015
112680  52.040  29.283  8.023 0.1000000015
113360  48.033  30.954  16.393 0.1000000015
113371  50.470  30.697  15.391 0.1000000015
113373  48.228  30.468  15.911 0.1000000015
113397  51.566  30.134  13.053 0.1000000015
113406  52.129  29.743  11.112 0.1000000015
113407  51.783  30.198  11.612 0.1000000015
113409  50.439  30.849  11.152 0.1000000015
113422  51.696  30.346  10.722 0.1000000015
113425  49.010  30.286  10.131 0.1000000015
114060  39.750  31.611  20.124 0.1000000015
114080  38.642  31.138  18.818 0.1000000015
114087  40.077  32.125  17.223 0.1000000015
114089  38.651  30.754  18.042 0.1000000015
114094  48.709  31.496  16.669 0.1000000015
114096  46.840  31.329  16.688 0.1000000015
114107  51.176  30.577  14.071 0.1000000015
114121  49.964  31.880  13.495 0.1000000015
114149  47.220  31.279  12.010 0.1000000015
114150  46.151  31.098  11.814 0.1000000015
114757  36.757  33.121  24.746 0.1000000015
114787  39.544  32.597  19.220 0.1000000015
114796  39.435  32.526  18.461 0.1000000015
114802  49.648  33.252  17.137 0.1000000015
114809  42.589  33.264  16.925 0.1000000015
114812  39.653  32.385  17.709 0.1000000015
114818  41.582  32.269  16.767 0.1000000015
114819  40.704  32.212  16.979 0.1000000015
114824  50.343  32.315  15.530 0.1000000015
114835  48.220  32.468  13.780 0.1000000015
114837  44.795  32.387  13.430 0.1000000015
114848  46.195  31.886  12.888 0.1000000015
115427  43.252  33.483  23.911 0.1000000015
115428  42.359  33.102  24.174 0.1000000015
115429  35.100  34.122  24.134 0.1000000015
115432  32.643  33.242  23.587 0.1000000015
115441  42.962  32.887  21.952 0.1000000015
115452  40.383  33.663  19.157 0.1000000015
115453  39.868  33.179  18.773 0.1000000015
115460  40.403  33.696  18.399 0.1000000015
115469  49.709  34.015  17.239 0.1000000015
115471  48.513  33.523  17.510 0.1000000015
115472  47.347  33.377  17.483 0.1000000015
115477  41.348  33.796  17.327 0.1000000015
115478  40.607  33.484  17.631 0.1000000015
115485  49.882  33.712  16.792 0.1000000015
115492  49.370  33.380  15.249 0.1000000015
115495  44.972  33.601  14.389 0.1000000015
115500  46.444  32.924  14.047 0.1000000015
116046  39.984  35.427  26.399 0.1000000015
116053  38.493  34.858  26.055 0.1000000015
116063  36.538  34.762  25.269 0.1000000015
116083  43.220  33.811  21.613 0.1000000015
116084  38.562  34.731  21.752 0.1000000015
116090  42.601  34.442  20.786 0.1000000015
116094  37.416  34.336  20.767 0.1000000015
116101  42.201  34.901  20.022 0.1000000015
116115  41.496  34.765  18.377 0.1000000015
116131  46.351  35.095  17.605 0.1000000015
116134  42.466  34.732  17.503 0.1000000015
116145  49.829  34.563  16.676 0.1000000015
116146  49.427  34.750  16.085 0.1000000015
116148  47.437  34.991  15.307 0.1000000015
116717  39.113  35.390  26.170 0.1000000015
116726  43.853  36.687  26.100 0.1000000015
116728  42.033  36.286  26.507 0.1000000015
116729  41.183  36.029  26.567 0.1000000015
116730  40.404  35.830  26.423 0.1000000015
116731  39.707  35.734  26.263 0.1000000015
116740  43.882  36.101  25.932 0.1000000015
116743  37.260  35.182  25.595 0.1000000015
116750  44.934  35.682  24.336 0.1000000015
116762  45.731  35.934  22.939 0.1000000015
116766  38.583  35.644  23.358 0.1000000015
116767  37.236  35.655  23.488 0.1000000015
116774  40.417  35.863  21.635 0.1000000015
116781  43.733  35.583  20.811 0.1000000015
116784  39.458  35.420  20.451 0.1000000015
116793  42.465  35.450  19.385 0.1000000015
116808  42.126  35.157  18.008 0.1000000015
116822  49.343  35.704  17.453 0.1000000015
116841  49.679  35.122  17.089 0.1000000015
116846  49.134  35.503  16.175 0.1000000015
116849  46.001  36.042  15.334 0.1000000015
117371  43.846  37.044  26.059 0.1000000015
117372  43.334  36.937  26.248 0.1000000015
117387  44.299  36.854  25.549 0.1000000015
117389  41.635  36.872  25.765 0.1000000015
117391  39.808  36.339  25.850 0.1000000015
117398  45.337  36.859  24.065 0.1000000015
117430  40.729  36.699  20.265 0.1000000015
117439  43.663  36.327  19.479 0.1000000015
117441  39.326  36.295  19.278 0.1000000015
117450  47.102  37.169  18.817 0.1000000015
117453  43.761  36.421  18.943 0.1000000015
117464  49.245  36.619  17.415 0.1000000015
117490  48.116  36.386  15.998 0.1000000015
117941  43.444  37.272  25.524 0.1000000015
117954  44.456  37.609  24.517 0.1000000015
117955  43.944  37.607  24.772 0.1000000015
117964  46.168  37.745  22.945 0.1000000015
117971  46.626  38.047  22.167 0.1000000015
117975  42.428  37.413  21.586 0.1000000015
117982  43.096  38.134  21.340 0.1000000015
117991  46.678  37.637  20.237 0.1000000015
118015  48.744  37.945  17.985 0.1000000015
118045  46.853  37.336  16.063 0.1000000015
118046  45.861  37.361  15.945 0.1000000015
118474  45.460  38.181  23.541 0.1000000015
118491  46.341  38.836  22.123 0.1000000015
118509  42.353  38.984  19.822 0.1000000015
118515  48.507  38.159  18.522 0.1000000015
118516  40.948  39.124  18.875 0.1000000015
118517  40.189  38.487  18.673 0.1000000015
118542  48.173  38.355  17.332 0.1000000015
118543  47.271  38.650  16.878 0.1000000015
119034  45.168  39.361  22.787 0.1000000015
119040  45.010  39.823  22.213 0.1000000015
119051  46.382  39.894  20.751 0.1000000015
119053  44.773  40.192  21.442 0.1000000015
119072  41.612  39.947  19.002 0.1000000015
119082  46.489  39.902  17.588 0.1000000015
119099  44.909  39.768  17.113 0.1000000015
119611  46.352  40.387  19.992 0.1000000015
119618  45.836  41.025  19.589 0.1000000015
120154  43.765  42.396  19.620 0.1000000015
120159  44.846  42.270  18.996 0.1000000015
120696  44.097  42.975  18.590 0.1000000015
132415  41.199  29.261  20.570 0.1000000015
132755  41.157  25.219  9.179 0.1000000015
132787  49.144  18.669  14.076 0.3000000119
133360  45.045  24.633  6.559 0.1000000015
133674  46.144  11.548  12.846 0.8999999762
133787  49.155  23.651  6.868 0.1000000015
133940  38.468  28.389  20.386 0.1000000015
133949  39.874  2.454  25.904 0.4000000060
134383  42.704  30.994  16.606 0.1000000015
134760  51.683  27.103  5.855 0.1000000015
134800  41.869  30.911  21.840 0.1000000015
134976  38.120  23.180  20.849 0.1000000015
135107  44.111  -8.635  26.332 0.1000000015
135327  44.678  23.678  17.601 0.1000000015
135450  50.149  12.800  33.404 0.1000000015
135757  35.969  -4.613  29.750 0.1000000015
136261  43.448  -8.714  26.180 0.1000000015
136947  41.402  31.202  21.085 0.1000000015
136980  43.833  35.423  17.696 0.1000000015
137091  40.681  30.360  20.646 0.1000000015
137363  36.621  13.760  33.493 0.1000000015
137393  54.951  12.214  12.537 0.6000000238
137651  37.807  1.832  24.668 0.3000000119
137674  37.549  5.590  21.869 0.3000000119
137919  44.035  33.001  17.055 0.1000000015
138066  46.967  24.752  1.414 0.1000000015
138243  52.659  23.309  12.650 0.1000000015
138270  51.775  28.649  11.607 0.1000000015
138379  41.289  30.063  16.509 0.1000000015
138537  37.726  5.317  22.310 0.3000000119
138562  39.744  39.193  18.249 0.1000000015
138570  41.978  14.975  11.763 0.6999999881
138630  53.975  20.728  18.191 0.1000000015
138866  39.127  21.118  22.170 0.1000000015
138877  40.508  19.008  23.547 0.1000000015
139087  50.434  12.383  9.776 0.6000000238
139432  33.255  32.789  23.520 0.1000000015
139585  39.485  8.031  26.156 0.2000000030
139586  48.159  13.619  5.272 0.5000000000
139615  38.626  -4.536  29.865 0.1000000015
139693  48.286  7.235  31.571 0.1000000015
139744  40.531  12.382  13.510 0.6999999881
139851  50.037  9.411  33.293 0.1000000015
139984  38.152  -5.754  23.096 0.2000000030
140337  45.180  11.779  1.318 0.4000000060
140373  39.031  3.875  23.745 0.3000000119
140429  40.202  16.935  4.648 0.6000000238
141345  49.660  13.238  14.307 0.8000000119
141379  41.961  24.134  11.806 0.1000000015
141650  44.669  -2.353  22.615 0.1000000015
141896  52.300  12.456  26.965 0.3000000119
142076  43.971  10.519  9.913 0.8000000119
142127  41.164  14.648  17.099 0.5000000000
142746  50.834  23.334  16.128 0.1000000015
142868  47.708  13.086  36.228 0.1000000015
142932  39.440  32.017  19.579 0.1000000015
143135  47.112  23.503  9.621 0.1000000015
143197  50.090  28.339  11.315 0.1000000015
143201  40.452  11.700  10.030 0.6999999881
143211  46.270  18.470  23.445 0.1000000015
143655  53.896  19.160  16.147 0.1000000015
143696  48.273  19.405  22.465 0.1000000015
143813  46.156  37.024  22.952 0.1000000015
144113  39.631  37.768  18.629 0.1000000015
144598  57.327  -0.092  3.779 0.1000000015
144846  41.288  24.697  22.349 0.1000000015
145108  47.254  4.782  10.539 0.4000000060
145290  33.736  -5.737  27.594 0.2000000030
145726  46.556  12.534  5.984 0.6999999881
145876  52.670  22.459  15.727 0.1000000015
146417  45.240  23.436  10.444 0.1000000015
146450  52.103  16.975  24.153 0.3000000119
146870  46.125  23.827  1.544 0.1000000015
147075  43.063  10.426  10.965 0.8000000119
147207  38.067  8.418  25.381 0.2000000030
147433  39.434  21.799  20.467 0.1000000015
147442  51.278  23.014  17.441 0.1000000015
147499  55.826  6.201  1.715 0.4000000060
147618  44.231  17.701  15.221 0.4000000060
147717  41.391  23.050  23.584 0.1000000015
148039  48.891  4.570  1.503 0.1000000015
148216  54.250  18.287  11.615 0.2000000030
148324  44.349  26.949  14.821 0.1000000015
148538  52.201  22.536  18.232 0.1000000015
148575  43.895  15.712  10.454 0.5000000000
148661  41.880  17.391  24.469 0.1000000015
148685  42.996  15.683  36.635 0.1000000015
149086  46.473  24.387  6.007 0.1000000015
149125  48.653  30.912  11.347 0.1000000015
149261  41.663  21.628  20.112 0.1000000015
149296  49.778  20.359  21.363 0.1000000015
149398  48.284  20.659  11.321 0.2000000030
149479  41.049  14.717  14.910 0.6000000238
149513  49.927  27.851  10.496 0.1000000015
149654  49.117  13.766  24.785 0.3000000119
149716  50.103  17.218  12.429 0.3000000119
149717  43.190  16.444  25.596 0.1000000015
149739  45.201  8.260  6.421 0.2000000030
149773  44.554  11.014  8.275 0.8999999762
150535  44.352  37.961  24.117 0.1000000015
150634  41.543  10.949  11.460 0.6999999881
150651  42.104  25.272  8.487 0.1000000015
150703  40.502  24.694  18.210 0.1000000015
150866  52.501  13.096  16.423 0.8000000119
150972  52.754  1.032  7.681 0.1000000015
150998  39.337  31.083  17.400 0.1000000015
151043  39.422  28.297  17.479 0.1000000015
151164  40.984  -8.405  24.390 0.2000000030
151461  40.324  19.371  22.906 0.1000000015
151479  50.252  23.439  16.195 0.1000000015
151740  52.078  11.100  21.112 0.8000000119
151780  45.173  18.325  4.773 0.5000000000
151964  39.302  11.446  29.486 0.2000000030
152265  49.337  9.648  33.680 0.1000000015
152351  42.158  28.712  16.331 0.1000000015
152360  43.321  -6.405  22.616 0.1000000015
152410  42.061  29.687  16.371 0.1000000015
152833  48.508  22.524  2.338 0.1000000015
153004  53.379  3.256  23.404 0.3000000119
153219  43.561  37.128  26.029 0.1000000015
153537  55.896  5.777  1.955 0.4000000060
153675  39.998  23.052  4.841 0.1000000015
153827  46.686  21.877  2.041 0.1000000015
154134  43.667  10.000  3.070 0.2000000030
154360  46.185  36.716  18.349 0.1000000015
154876  53.428  19.715  20.410 0.1000000015
155106  37.792  24.230  20.922 0.1000000015
155146  42.296  32.198  21.738 0.1000000015
155187  45.575  6.598  12.350 0.4000000060
155333  37.856  35.767  23.742 0.1000000015
155474  37.892  33.333  25.046 0.1000000015
155483  46.585  21.593  19.928 0.1000000015
155572  34.892  1.555  21.770 0.2000000030
155951  37.030  -8.024  25.777 0.2000000030
155964  40.375  2.752  25.873 0.3000000119
155976  35.338  0.329  24.986 0.3000000119
156118  44.855  37.105  20.067 0.1000000015
156139  42.682  10.946  8.939 0.8000000119
156175  45.662  40.083  17.439 0.1000000015
156562  42.752  28.040  19.972 0.1000000015
156664  41.056  35.337  26.424 0.1000000015
156707  45.183  31.042  16.630 0.1000000015
156789  42.792  34.310  17.246 0.1000000015
156834  44.609  7.604  28.618 0.2000000030
156935  46.179  11.188  11.166 0.8999999762
156938  47.335  34.848  17.653 0.1000000015
156975  31.977  12.200  28.329 0.1000000015
157020  51.948  21.906  8.140 0.1000000015
157151  55.576  12.979  9.516 0.5000000000
157185  46.494  16.413  25.611 0.2000000030
157519  46.114  16.239  11.608 0.5000000000
157685  45.231  12.656  19.014 0.8999999762
158001  44.823  17.967  14.908 0.4000000060
158053  47.852  -3.638  21.796 0.1000000015
158091  51.441  13.600  28.544 0.2000000030
158125  54.002  11.806  13.311 0.6000000238
158242  38.818  -0.661  20.487 0.1000000015
158308  40.364  23.708  4.300 0.1000000015
158363  37.613  27.169  20.084 0.1000000015
158646  50.101  13.866  15.879 0.8000000119
158760  43.250  6.071  28.366 0.3000000119
158827  48.903  23.518  8.111 0.2000000030
158878  48.211  17.086  21.289 0.3000000119
158933  52.430  15.237  25.218 0.3000000119
158953  40.427  12.448  2.581 0.5000000000
159293  42.087  9.450  26.930 0.2000000030
159311  52.883  18.492  20.363 0.1000000015
159377  52.679  22.315  17.967 0.1000000015
159380  53.812  11.909  3.041 0.6000000238
159395  39.898  35.514  22.027 0.1000000015
159432  51.681  11.734  20.872 0.8999999762
159538  51.791  29.928  12.356 0.1000000015
159565  41.361  0.152  19.757 0.2000000030
159590  39.993  14.758  8.762 0.6000000238
159706  36.576  21.816  16.116 0.1000000015
159755  48.530  22.379  3.458 0.1000000015
