
Sun Mar  8 17:18:04 CET 2026
cd /out/sourcedata/freesurfer/sub-v1s14x0051561_ses-1
setenv SUBJECTS_DIR /out/sourcedata/freesurfer
/opt/freesurfer/bin/recon-all -autorecon1 -i /work/fmriprep_25_2_wf/sub_v1s14x0051561_ses_1_wf/anat_fit_wf/anat_validate/sub-v1s14x0051561_ses-1_T1w_noise_corrected_ras_valid.nii.gz -noskullstrip -noT2pial -noFLAIRpial -openmp 16 -subjid sub-v1s14x0051561_ses-1 -sd /out/sourcedata/freesurfer

subjid sub-v1s14x0051561_ses-1
setenv SUBJECTS_DIR /out/sourcedata/freesurfer
FREESURFER_HOME /opt/freesurfer
Actual FREESURFER_HOME /opt/freesurfer
build-stamp.txt: freesurfer-linux-ubuntu22_x86_64-7.3.2-20220804-6354275
Linux dna013 5.14.0-427.37.1.el9_4.x86_64 #1 SMP PREEMPT_DYNAMIC Fri Sep 13 12:41:50 EDT 2024 x86_64 x86_64 x86_64 GNU/Linux
cputime      unlimited
filesize     unlimited
datasize     unlimited
stacksize    8192 kbytes
coredumpsize 0 kbytes
memoryuse    67108864 kbytes
vmemoryuse   unlimited
descriptors  1024 
memorylocked unlimited
maxproc      2061970 
maxlocks     unlimited
maxsignal    2061970 
maxmessage   819200 
maxnice      0 
maxrtprio    0 
maxrttime    unlimited

               total        used        free      shared  buff/cache   available
Mem:           503Gi        47Gi       431Gi       7.5Gi        24Gi       445Gi
Swap:             0B          0B          0B

########################################
program versions used
7.3.2 (freesurfer-linux-ubuntu22_x86_64-7.3.2-20220804-6354275)
7.3.2

ProgramName: lta_convert  ProgramArguments: lta_convert -all-info  ProgramVersion: 7.3.2  TimeStamp: 2026/03/08-16:18:04-GMT  BuildTime: Aug  4 2022 06:17:15  BuildStamp: freesurfer-linux-ubuntu22_x86_64-7.3.2-20220804-6354275  User: oesteban  Machine: dna013  Platform: Linux  PlatformVersion: 5.14.0-427.37.1.el9_4.x86_64  CompilerName: GCC  CompilerVersion: 8.4.0
ProgramName: mri_and  ProgramArguments: mri_and -all-info  ProgramVersion: 7.3.2  TimeStamp: 2026/03/08-16:18:04-GMT  BuildTime: Aug  4 2022 06:17:15  BuildStamp: freesurfer-linux-ubuntu22_x86_64-7.3.2-20220804-6354275  User: oesteban  Machine: dna013  Platform: Linux  PlatformVersion: 5.14.0-427.37.1.el9_4.x86_64  CompilerName: GCC  CompilerVersion: 8.4.0
ProgramName: mri_annotation2label  ProgramArguments: mri_annotation2label -all-info  ProgramVersion: 7.3.2  TimeStamp: 2026/03/08-16:18:04-GMT  BuildTime: Aug  4 2022 06:17:15  BuildStamp: freesurfer-linux-ubuntu22_x86_64-7.3.2-20220804-6354275  User: oesteban  Machine: dna013  Platform: Linux  PlatformVersion: 5.14.0-427.37.1.el9_4.x86_64  CompilerName: GCC  CompilerVersion: 8.4.0
ProgramName: mri_aparc2aseg  ProgramArguments: mri_aparc2aseg -all-info  ProgramVersion: 7.3.2  TimeStamp: 2026/03/08-16:18:04-GMT  BuildTime: Aug  4 2022 06:17:15  BuildStamp: freesurfer-linux-ubuntu22_x86_64-7.3.2-20220804-6354275  User: oesteban  Machine: dna013  Platform: Linux  PlatformVersion: 5.14.0-427.37.1.el9_4.x86_64  CompilerName: GCC  CompilerVersion: 8.4.0
ProgramName: mri_surf2volseg  ProgramArguments: mri_surf2volseg -all-info  ProgramVersion: 7.3.2  TimeStamp: 2026/03/08-16:18:04-GMT  BuildTime: Aug  4 2022 06:17:15  BuildStamp: freesurfer-linux-ubuntu22_x86_64-7.3.2-20220804-6354275  User: oesteban  Machine: dna013  Platform: Linux  PlatformVersion: 5.14.0-427.37.1.el9_4.x86_64  CompilerName: GCC  CompilerVersion: 8.4.0
ProgramName: mri_binarize  ProgramArguments: mri_binarize -all-info  ProgramVersion: 7.3.2  TimeStamp: 2026/03/08-16:18:04-GMT  BuildTime: Aug  4 2022 06:17:15  BuildStamp: freesurfer-linux-ubuntu22_x86_64-7.3.2-20220804-6354275  User: oesteban  Machine: dna013  Platform: Linux  PlatformVersion: 5.14.0-427.37.1.el9_4.x86_64  CompilerName: GCC  CompilerVersion: 8.4.0
ProgramName: mri_ca_label  ProgramArguments: mri_ca_label -all-info  ProgramVersion: 7.3.2  TimeStamp: 2026/03/08-16:18:04-GMT  BuildTime: Aug  4 2022 06:17:15  BuildStamp: freesurfer-linux-ubuntu22_x86_64-7.3.2-20220804-6354275  User: oesteban  Machine: dna013  Platform: Linux  PlatformVersion: 5.14.0-427.37.1.el9_4.x86_64  CompilerName: GCC  CompilerVersion: 8.4.0
ProgramName: mri_ca_normalize  ProgramArguments: mri_ca_normalize -all-info  ProgramVersion: 7.3.2  TimeStamp: 2026/03/08-16:18:04-GMT  BuildTime: Aug  4 2022 06:17:15  BuildStamp: freesurfer-linux-ubuntu22_x86_64-7.3.2-20220804-6354275  User: oesteban  Machine: dna013  Platform: Linux  PlatformVersion: 5.14.0-427.37.1.el9_4.x86_64  CompilerName: GCC  CompilerVersion: 8.4.0
ProgramName: mri_ca_register  ProgramArguments: mri_ca_register -all-info  ProgramVersion: 7.3.2  TimeStamp: 2026/03/08-16:18:04-GMT  BuildTime: Aug  4 2022 06:17:15  BuildStamp: freesurfer-linux-ubuntu22_x86_64-7.3.2-20220804-6354275  User: oesteban  Machine: dna013  Platform: Linux  PlatformVersion: 5.14.0-427.37.1.el9_4.x86_64  CompilerName: GCC  CompilerVersion: 8.4.0
ProgramName: mri_cc  ProgramArguments: mri_cc -all-info  ProgramVersion: 7.3.2  TimeStamp: 2026/03/08-16:18:04-GMT  BuildTime: Aug  4 2022 06:17:15  BuildStamp: freesurfer-linux-ubuntu22_x86_64-7.3.2-20220804-6354275  User: oesteban  Machine: dna013  Platform: Linux  PlatformVersion: 5.14.0-427.37.1.el9_4.x86_64  CompilerName: GCC  CompilerVersion: 8.4.0
ProgramName: mri_compute_overlap  ProgramArguments: mri_compute_overlap -all-info  ProgramVersion: 7.3.2  TimeStamp: 2026/03/08-16:18:04-GMT  BuildTime: Aug  4 2022 06:17:15  BuildStamp: freesurfer-linux-ubuntu22_x86_64-7.3.2-20220804-6354275  User: oesteban  Machine: dna013  Platform: Linux  PlatformVersion: 5.14.0-427.37.1.el9_4.x86_64  CompilerName: GCC  CompilerVersion: 8.4.0
ProgramName: mri_compute_seg_overlap  ProgramArguments: mri_compute_seg_overlap -all-info  ProgramVersion: 7.3.2  TimeStamp: 2026/03/08-16:18:04-GMT  BuildTime: Aug  4 2022 06:17:15  BuildStamp: freesurfer-linux-ubuntu22_x86_64-7.3.2-20220804-6354275  User: oesteban  Machine: dna013  Platform: Linux  PlatformVersion: 5.14.0-427.37.1.el9_4.x86_64  CompilerName: GCC  CompilerVersion: 8.4.0
ProgramName: mri_concat  ProgramArguments: mri_concat -all-info  ProgramVersion: 7.3.2  TimeStamp: 2026/03/08-16:18:04-GMT  BuildTime: Aug  4 2022 06:17:15  BuildStamp: freesurfer-linux-ubuntu22_x86_64-7.3.2-20220804-6354275  User: oesteban  Machine: dna013  Platform: Linux  PlatformVersion: 5.14.0-427.37.1.el9_4.x86_64  CompilerName: GCC  CompilerVersion: 8.4.0
ProgramName: mri_concatenate_lta  ProgramArguments: mri_concatenate_lta -all-info  ProgramVersion: 7.3.2  TimeStamp: 2026/03/08-16:18:04-GMT  BuildTime: Aug  4 2022 06:17:15  BuildStamp: freesurfer-linux-ubuntu22_x86_64-7.3.2-20220804-6354275  User: oesteban  Machine: dna013  Platform: Linux  PlatformVersion: 5.14.0-427.37.1.el9_4.x86_64  CompilerName: GCC  CompilerVersion: 8.4.0
mri_convert -all-info 
ProgramName: mri_convert  ProgramArguments: mri_convert -all-info  ProgramVersion: 7.3.2  TimeStamp: 2026/03/08-16:18:04-GMT  BuildTime: Aug  4 2022 06:17:15  BuildStamp: freesurfer-linux-ubuntu22_x86_64-7.3.2-20220804-6354275  User: oesteban  Machine: dna013  Platform: Linux  PlatformVersion: 5.14.0-427.37.1.el9_4.x86_64  CompilerName: GCC  CompilerVersion: 8.4.0
ProgramName: mri_diff  ProgramArguments: mri_diff -all-info  ProgramVersion: 7.3.2  TimeStamp: 2026/03/08-16:18:04-GMT  BuildTime: Aug  4 2022 06:17:15  BuildStamp: freesurfer-linux-ubuntu22_x86_64-7.3.2-20220804-6354275  User: oesteban  Machine: dna013  Platform: Linux  PlatformVersion: 5.14.0-427.37.1.el9_4.x86_64  CompilerName: GCC  CompilerVersion: 8.4.0
ProgramName: mri_edit_wm_with_aseg  ProgramArguments: mri_edit_wm_with_aseg -all-info  ProgramVersion: 7.3.2  TimeStamp: 2026/03/08-16:18:04-GMT  BuildTime: Aug  4 2022 06:17:15  BuildStamp: freesurfer-linux-ubuntu22_x86_64-7.3.2-20220804-6354275  User: oesteban  Machine: dna013  Platform: Linux  PlatformVersion: 5.14.0-427.37.1.el9_4.x86_64  CompilerName: GCC  CompilerVersion: 8.4.0
ProgramName: mri_em_register  ProgramArguments: mri_em_register -all-info  ProgramVersion: 7.3.2  TimeStamp: 2026/03/08-16:18:04-GMT  BuildTime: Aug  4 2022 06:17:15  BuildStamp: freesurfer-linux-ubuntu22_x86_64-7.3.2-20220804-6354275  User: oesteban  Machine: dna013  Platform: Linux  PlatformVersion: 5.14.0-427.37.1.el9_4.x86_64  CompilerName: GCC  CompilerVersion: 8.4.0
ProgramName: mri_fill  ProgramArguments: mri_fill -all-info  ProgramVersion: 7.3.2  TimeStamp: 2026/03/08-16:18:04-GMT  BuildTime: Aug  4 2022 06:17:15  BuildStamp: freesurfer-linux-ubuntu22_x86_64-7.3.2-20220804-6354275  User: oesteban  Machine: dna013  Platform: Linux  PlatformVersion: 5.14.0-427.37.1.el9_4.x86_64  CompilerName: GCC  CompilerVersion: 8.4.0
ProgramName: mri_fuse_segmentations  ProgramArguments: mri_fuse_segmentations -all-info  ProgramVersion: 7.3.2  TimeStamp: 2026/03/08-16:18:04-GMT  BuildTime: Aug  4 2022 06:17:15  BuildStamp: freesurfer-linux-ubuntu22_x86_64-7.3.2-20220804-6354275  User: oesteban  Machine: dna013  Platform: Linux  PlatformVersion: 5.14.0-427.37.1.el9_4.x86_64  CompilerName: GCC  CompilerVersion: 8.4.0
ProgramName: mri_fwhm  ProgramArguments: mri_fwhm -all-info  ProgramVersion: 7.3.2  TimeStamp: 2026/03/08-16:18:04-GMT  BuildTime: Aug  4 2022 06:17:15  BuildStamp: freesurfer-linux-ubuntu22_x86_64-7.3.2-20220804-6354275  User: oesteban  Machine: dna013  Platform: Linux  PlatformVersion: 5.14.0-427.37.1.el9_4.x86_64  CompilerName: GCC  CompilerVersion: 8.4.0
ProgramName: mri_gcut  ProgramArguments: mri_gcut -all-info  ProgramVersion: 7.3.2  TimeStamp: 2026/03/08-16:18:04-GMT  BuildTime: Aug  4 2022 06:17:15  BuildStamp: freesurfer-linux-ubuntu22_x86_64-7.3.2-20220804-6354275  User: oesteban  Machine: dna013  Platform: Linux  PlatformVersion: 5.14.0-427.37.1.el9_4.x86_64  CompilerName: GCC  CompilerVersion: 8.4.0
ProgramName: mri_info  ProgramArguments: mri_info -all-info  ProgramVersion: 7.3.2  TimeStamp: 2026/03/08-16:18:04-GMT  BuildTime: Aug  4 2022 06:17:15  BuildStamp: freesurfer-linux-ubuntu22_x86_64-7.3.2-20220804-6354275  User: oesteban  Machine: dna013  Platform: Linux  PlatformVersion: 5.14.0-427.37.1.el9_4.x86_64  CompilerName: GCC  CompilerVersion: 8.4.0
ProgramName: mri_label2label  ProgramArguments: mri_label2label -all-info  ProgramVersion: 7.3.2  TimeStamp: 2026/03/08-16:18:04-GMT  BuildTime: Aug  4 2022 06:17:15  BuildStamp: freesurfer-linux-ubuntu22_x86_64-7.3.2-20220804-6354275  User: oesteban  Machine: dna013  Platform: Linux  PlatformVersion: 5.14.0-427.37.1.el9_4.x86_64  CompilerName: GCC  CompilerVersion: 8.4.0
ProgramName: mri_label2vol  ProgramArguments: mri_label2vol -all-info  ProgramVersion: 7.3.2  TimeStamp: 2026/03/08-16:18:04-GMT  BuildTime: Aug  4 2022 06:17:15  BuildStamp: freesurfer-linux-ubuntu22_x86_64-7.3.2-20220804-6354275  User: oesteban  Machine: dna013  Platform: Linux  PlatformVersion: 5.14.0-427.37.1.el9_4.x86_64  CompilerName: GCC  CompilerVersion: 8.4.0
ProgramName: mri_log_likelihood  ProgramArguments: mri_log_likelihood -all-info  ProgramVersion: 7.3.2  TimeStamp: 2026/03/08-16:18:04-GMT  BuildTime: Aug  4 2022 06:17:15  BuildStamp: freesurfer-linux-ubuntu22_x86_64-7.3.2-20220804-6354275  User: oesteban  Machine: dna013  Platform: Linux  PlatformVersion: 5.14.0-427.37.1.el9_4.x86_64  CompilerName: GCC  CompilerVersion: 8.4.0
ProgramName: mri_mask  ProgramArguments: mri_mask -all-info  ProgramVersion: 7.3.2  TimeStamp: 2026/03/08-16:18:04-GMT  BuildTime: Aug  4 2022 06:17:15  BuildStamp: freesurfer-linux-ubuntu22_x86_64-7.3.2-20220804-6354275  User: oesteban  Machine: dna013  Platform: Linux  PlatformVersion: 5.14.0-427.37.1.el9_4.x86_64  CompilerName: GCC  CompilerVersion: 8.4.0
ProgramName: mri_matrix_multiply  ProgramArguments: mri_matrix_multiply -all-info  ProgramVersion: 7.3.2  TimeStamp: 2026/03/08-16:18:04-GMT  BuildTime: Aug  4 2022 06:17:15  BuildStamp: freesurfer-linux-ubuntu22_x86_64-7.3.2-20220804-6354275  User: oesteban  Machine: dna013  Platform: Linux  PlatformVersion: 5.14.0-427.37.1.el9_4.x86_64  CompilerName: GCC  CompilerVersion: 8.4.0
ProgramName: mri_normalize  ProgramArguments: mri_normalize -all-info  ProgramVersion: 7.3.2  TimeStamp: 2026/03/08-16:18:04-GMT  BuildTime: Aug  4 2022 06:17:15  BuildStamp: freesurfer-linux-ubuntu22_x86_64-7.3.2-20220804-6354275  User: oesteban  Machine: dna013  Platform: Linux  PlatformVersion: 5.14.0-427.37.1.el9_4.x86_64  CompilerName: GCC  CompilerVersion: 8.4.0
ProgramName: mri_normalize_tp2  ProgramArguments: mri_normalize_tp2 -all-info  ProgramVersion: 7.3.2  TimeStamp: 2026/03/08-16:18:04-GMT  BuildTime: Aug  4 2022 06:17:15  BuildStamp: freesurfer-linux-ubuntu22_x86_64-7.3.2-20220804-6354275  User: oesteban  Machine: dna013  Platform: Linux  PlatformVersion: 5.14.0-427.37.1.el9_4.x86_64  CompilerName: GCC  CompilerVersion: 8.4.0
ProgramName: mri_or  ProgramArguments: mri_or -all-info  ProgramVersion: 7.3.2  TimeStamp: 2026/03/08-16:18:04-GMT  BuildTime: Aug  4 2022 06:17:15  BuildStamp: freesurfer-linux-ubuntu22_x86_64-7.3.2-20220804-6354275  User: oesteban  Machine: dna013  Platform: Linux  PlatformVersion: 5.14.0-427.37.1.el9_4.x86_64  CompilerName: GCC  CompilerVersion: 8.4.0
ProgramName: mri_relabel_hypointensities  ProgramArguments: mri_relabel_hypointensities -all-info  ProgramVersion: 7.3.2  TimeStamp: 2026/03/08-16:18:04-GMT  BuildTime: Aug  4 2022 06:17:15  BuildStamp: freesurfer-linux-ubuntu22_x86_64-7.3.2-20220804-6354275  User: oesteban  Machine: dna013  Platform: Linux  PlatformVersion: 5.14.0-427.37.1.el9_4.x86_64  CompilerName: GCC  CompilerVersion: 8.4.0
ProgramName: mri_relabel_nonwm_hypos  ProgramArguments: mri_relabel_nonwm_hypos -all-info  ProgramVersion: 7.3.2  TimeStamp: 2026/03/08-16:18:04-GMT  BuildTime: Aug  4 2022 06:17:15  BuildStamp: freesurfer-linux-ubuntu22_x86_64-7.3.2-20220804-6354275  User: oesteban  Machine: dna013  Platform: Linux  PlatformVersion: 5.14.0-427.37.1.el9_4.x86_64  CompilerName: GCC  CompilerVersion: 8.4.0
ProgramName: mri_remove_neck  ProgramArguments: mri_remove_neck -all-info  ProgramVersion: 7.3.2  TimeStamp: 2026/03/08-16:18:04-GMT  BuildTime: Aug  4 2022 06:17:15  BuildStamp: freesurfer-linux-ubuntu22_x86_64-7.3.2-20220804-6354275  User: oesteban  Machine: dna013  Platform: Linux  PlatformVersion: 5.14.0-427.37.1.el9_4.x86_64  CompilerName: GCC  CompilerVersion: 8.4.0
7.3.2

ProgramName: mri_robust_register  ProgramArguments: mri_robust_register -all-info  ProgramVersion: 7.3.2  TimeStamp: 2026/03/08-16:18:04-GMT  BuildTime: Aug  4 2022 06:17:15  BuildStamp: freesurfer-linux-ubuntu22_x86_64-7.3.2-20220804-6354275  User: oesteban  Machine: dna013  Platform: Linux  PlatformVersion: 5.14.0-427.37.1.el9_4.x86_64  CompilerName: GCC  CompilerVersion: 8.4.0
7.3.2

ProgramName: mri_robust_template  ProgramArguments: mri_robust_template -all-info  ProgramVersion: 7.3.2  TimeStamp: 2026/03/08-16:18:04-GMT  BuildTime: Aug  4 2022 06:17:15  BuildStamp: freesurfer-linux-ubuntu22_x86_64-7.3.2-20220804-6354275  User: oesteban  Machine: dna013  Platform: Linux  PlatformVersion: 5.14.0-427.37.1.el9_4.x86_64  CompilerName: GCC  CompilerVersion: 8.4.0
ProgramName: mris_anatomical_stats  ProgramArguments: mris_anatomical_stats -all-info  ProgramVersion: 7.3.2  TimeStamp: 2026/03/08-16:18:04-GMT  BuildTime: Aug  4 2022 06:17:15  BuildStamp: freesurfer-linux-ubuntu22_x86_64-7.3.2-20220804-6354275  User: oesteban  Machine: dna013  Platform: Linux  PlatformVersion: 5.14.0-427.37.1.el9_4.x86_64  CompilerName: GCC  CompilerVersion: 8.4.0
ProgramName: mris_ca_label  ProgramArguments: mris_ca_label -all-info  ProgramVersion: 7.3.2  TimeStamp: 2026/03/08-16:18:04-GMT  BuildTime: Aug  4 2022 06:17:15  BuildStamp: freesurfer-linux-ubuntu22_x86_64-7.3.2-20220804-6354275  User: oesteban  Machine: dna013  Platform: Linux  PlatformVersion: 5.14.0-427.37.1.el9_4.x86_64  CompilerName: GCC  CompilerVersion: 8.4.0
ProgramName: mris_calc  ProgramArguments: mris_calc -all-info  ProgramVersion: 7.3.2  TimeStamp: 2026/03/08-16:18:04-GMT  BuildTime: Aug  4 2022 06:17:15  BuildStamp: freesurfer-linux-ubuntu22_x86_64-7.3.2-20220804-6354275  User: oesteban  Machine: dna013  Platform: Linux  PlatformVersion: 5.14.0-427.37.1.el9_4.x86_64  CompilerName: GCC  CompilerVersion: 8.4.0
ProgramName: mris_convert  ProgramArguments: mris_convert -all-info  ProgramVersion: 7.3.2  TimeStamp: 2026/03/08-16:18:04-GMT  BuildTime: Aug  4 2022 06:17:15  BuildStamp: freesurfer-linux-ubuntu22_x86_64-7.3.2-20220804-6354275  User: oesteban  Machine: dna013  Platform: Linux  PlatformVersion: 5.14.0-427.37.1.el9_4.x86_64  CompilerName: GCC  CompilerVersion: 8.4.0
ProgramName: mris_curvature  ProgramArguments: mris_curvature -all-info  ProgramVersion: 7.3.2  TimeStamp: 2026/03/08-16:18:04-GMT  BuildTime: Aug  4 2022 06:17:15  BuildStamp: freesurfer-linux-ubuntu22_x86_64-7.3.2-20220804-6354275  User: oesteban  Machine: dna013  Platform: Linux  PlatformVersion: 5.14.0-427.37.1.el9_4.x86_64  CompilerName: GCC  CompilerVersion: 8.4.0
ProgramName: mris_curvature_stats  ProgramArguments: mris_curvature_stats -all-info  ProgramVersion: 7.3.2  TimeStamp: 2026/03/08-16:18:04-GMT  BuildTime: Aug  4 2022 06:17:15  BuildStamp: freesurfer-linux-ubuntu22_x86_64-7.3.2-20220804-6354275  User: oesteban  Machine: dna013  Platform: Linux  PlatformVersion: 5.14.0-427.37.1.el9_4.x86_64  CompilerName: GCC  CompilerVersion: 8.4.0
ProgramName: mris_diff  ProgramArguments: mris_diff -all-info  ProgramVersion: 7.3.2  TimeStamp: 2026/03/08-16:18:04-GMT  BuildTime: Aug  4 2022 06:17:15  BuildStamp: freesurfer-linux-ubuntu22_x86_64-7.3.2-20220804-6354275  User: oesteban  Machine: dna013  Platform: Linux  PlatformVersion: 5.14.0-427.37.1.el9_4.x86_64  CompilerName: GCC  CompilerVersion: 8.4.0
ProgramName: mris_divide_parcellation  ProgramArguments: mris_divide_parcellation -all-info  ProgramVersion: 7.3.2  TimeStamp: 2026/03/08-16:18:04-GMT  BuildTime: Aug  4 2022 06:17:15  BuildStamp: freesurfer-linux-ubuntu22_x86_64-7.3.2-20220804-6354275  User: oesteban  Machine: dna013  Platform: Linux  PlatformVersion: 5.14.0-427.37.1.el9_4.x86_64  CompilerName: GCC  CompilerVersion: 8.4.0
ProgramName: mri_segment  ProgramArguments: mri_segment -all-info  ProgramVersion: 7.3.2  TimeStamp: 2026/03/08-16:18:04-GMT  BuildTime: Aug  4 2022 06:17:15  BuildStamp: freesurfer-linux-ubuntu22_x86_64-7.3.2-20220804-6354275  User: oesteban  Machine: dna013  Platform: Linux  PlatformVersion: 5.14.0-427.37.1.el9_4.x86_64  CompilerName: GCC  CompilerVersion: 8.4.0
ProgramName: mri_segstats  ProgramArguments: mri_segstats -all-info  ProgramVersion: 7.3.2  TimeStamp: 2026/03/08-16:18:04-GMT  BuildTime: Aug  4 2022 06:17:15  BuildStamp: freesurfer-linux-ubuntu22_x86_64-7.3.2-20220804-6354275  User: oesteban  Machine: dna013  Platform: Linux  PlatformVersion: 5.14.0-427.37.1.el9_4.x86_64  CompilerName: GCC  CompilerVersion: 8.4.0
ProgramName: mris_euler_number  ProgramArguments: mris_euler_number -all-info  ProgramVersion: 7.3.2  TimeStamp: 2026/03/08-16:18:04-GMT  BuildTime: Aug  4 2022 06:17:15  BuildStamp: freesurfer-linux-ubuntu22_x86_64-7.3.2-20220804-6354275  User: oesteban  Machine: dna013  Platform: Linux  PlatformVersion: 5.14.0-427.37.1.el9_4.x86_64  CompilerName: GCC  CompilerVersion: 8.4.0
ProgramName: mris_fix_topology  ProgramArguments: mris_fix_topology -all-info  ProgramVersion: 7.3.2  TimeStamp: 2026/03/08-16:18:04-GMT  BuildTime: Aug  4 2022 06:17:15  BuildStamp: freesurfer-linux-ubuntu22_x86_64-7.3.2-20220804-6354275  User: oesteban  Machine: dna013  Platform: Linux  PlatformVersion: 5.14.0-427.37.1.el9_4.x86_64  CompilerName: GCC  CompilerVersion: 8.4.0
ProgramName: mris_topo_fixer  ProgramArguments: mris_topo_fixer -all-info  ProgramVersion: 7.3.2  TimeStamp: 2026/03/08-16:18:04-GMT  BuildTime: Aug  4 2022 06:17:15  BuildStamp: freesurfer-linux-ubuntu22_x86_64-7.3.2-20220804-6354275  User: oesteban  Machine: dna013  Platform: Linux  PlatformVersion: 5.14.0-427.37.1.el9_4.x86_64  CompilerName: GCC  CompilerVersion: 8.4.0
ProgramName: mris_jacobian  ProgramArguments: mris_jacobian -all-info  ProgramVersion: 7.3.2  TimeStamp: 2026/03/08-16:18:04-GMT  BuildTime: Aug  4 2022 06:17:15  BuildStamp: freesurfer-linux-ubuntu22_x86_64-7.3.2-20220804-6354275  User: oesteban  Machine: dna013  Platform: Linux  PlatformVersion: 5.14.0-427.37.1.el9_4.x86_64  CompilerName: GCC  CompilerVersion: 8.4.0
ProgramName: mris_label2annot  ProgramArguments: mris_label2annot -all-info  ProgramVersion: 7.3.2  TimeStamp: 2026/03/08-16:18:04-GMT  BuildTime: Aug  4 2022 06:17:15  BuildStamp: freesurfer-linux-ubuntu22_x86_64-7.3.2-20220804-6354275  User: oesteban  Machine: dna013  Platform: Linux  PlatformVersion: 5.14.0-427.37.1.el9_4.x86_64  CompilerName: GCC  CompilerVersion: 8.4.0
ProgramName: mris_left_right_register  ProgramArguments: mris_left_right_register -all-info  ProgramVersion: 7.3.2  TimeStamp: 2026/03/08-16:18:04-GMT  BuildTime: Aug  4 2022 06:17:15  BuildStamp: freesurfer-linux-ubuntu22_x86_64-7.3.2-20220804-6354275  User: oesteban  Machine: dna013  Platform: Linux  PlatformVersion: 5.14.0-427.37.1.el9_4.x86_64  CompilerName: GCC  CompilerVersion: 8.4.0
ProgramName: mris_place_surface  ProgramArguments: mris_place_surface -all-info  ProgramVersion: 7.3.2  TimeStamp: 2026/03/08-16:18:04-GMT  BuildTime: Aug  4 2022 06:17:15  BuildStamp: freesurfer-linux-ubuntu22_x86_64-7.3.2-20220804-6354275  User: oesteban  Machine: dna013  Platform: Linux  PlatformVersion: 5.14.0-427.37.1.el9_4.x86_64  CompilerName: GCC  CompilerVersion: 8.4.0
ProgramName: mrisp_paint  ProgramArguments: mrisp_paint -all-info  ProgramVersion: 7.3.2  TimeStamp: 2026/03/08-16:18:04-GMT  BuildTime: Aug  4 2022 06:17:15  BuildStamp: freesurfer-linux-ubuntu22_x86_64-7.3.2-20220804-6354275  User: oesteban  Machine: dna013  Platform: Linux  PlatformVersion: 5.14.0-427.37.1.el9_4.x86_64  CompilerName: GCC  CompilerVersion: 8.4.0
ProgramName: mris_register  ProgramArguments: mris_register -all-info  ProgramVersion: 7.3.2  TimeStamp: 2026/03/08-16:18:04-GMT  BuildTime: Aug  4 2022 06:17:15  BuildStamp: freesurfer-linux-ubuntu22_x86_64-7.3.2-20220804-6354275  User: oesteban  Machine: dna013  Platform: Linux  PlatformVersion: 5.14.0-427.37.1.el9_4.x86_64  CompilerName: GCC  CompilerVersion: 8.4.0
ProgramName: mris_smooth  ProgramArguments: mris_smooth -all-info  ProgramVersion: 7.3.2  TimeStamp: 2026/03/08-16:18:04-GMT  BuildTime: Aug  4 2022 06:17:15  BuildStamp: freesurfer-linux-ubuntu22_x86_64-7.3.2-20220804-6354275  User: oesteban  Machine: dna013  Platform: Linux  PlatformVersion: 5.14.0-427.37.1.el9_4.x86_64  CompilerName: GCC  CompilerVersion: 8.4.0
ProgramName: mris_sphere  ProgramArguments: mris_sphere -all-info  ProgramVersion: 7.3.2  TimeStamp: 2026/03/08-16:18:04-GMT  BuildTime: Aug  4 2022 06:17:15  BuildStamp: freesurfer-linux-ubuntu22_x86_64-7.3.2-20220804-6354275  User: oesteban  Machine: dna013  Platform: Linux  PlatformVersion: 5.14.0-427.37.1.el9_4.x86_64  CompilerName: GCC  CompilerVersion: 8.4.0
ProgramName: mris_surface_stats  ProgramArguments: mris_surface_stats -all-info  ProgramVersion: 7.3.2  TimeStamp: 2026/03/08-16:18:04-GMT  BuildTime: Aug  4 2022 06:17:15  BuildStamp: freesurfer-linux-ubuntu22_x86_64-7.3.2-20220804-6354275  User: oesteban  Machine: dna013  Platform: Linux  PlatformVersion: 5.14.0-427.37.1.el9_4.x86_64  CompilerName: GCC  CompilerVersion: 8.4.0
ProgramName: mri_stats2seg  ProgramArguments: mri_stats2seg -all-info  ProgramVersion: 7.3.2  TimeStamp: 2026/03/08-16:18:04-GMT  BuildTime: Aug  4 2022 06:17:15  BuildStamp: freesurfer-linux-ubuntu22_x86_64-7.3.2-20220804-6354275  User: oesteban  Machine: dna013  Platform: Linux  PlatformVersion: 5.14.0-427.37.1.el9_4.x86_64  CompilerName: GCC  CompilerVersion: 8.4.0
ProgramName: mris_thickness  ProgramArguments: mris_thickness -all-info  ProgramVersion: 7.3.2  TimeStamp: 2026/03/08-16:18:04-GMT  BuildTime: Aug  4 2022 06:17:15  BuildStamp: freesurfer-linux-ubuntu22_x86_64-7.3.2-20220804-6354275  User: oesteban  Machine: dna013  Platform: Linux  PlatformVersion: 5.14.0-427.37.1.el9_4.x86_64  CompilerName: GCC  CompilerVersion: 8.4.0
ProgramName: mris_thickness_diff  ProgramArguments: mris_thickness_diff -all-info  ProgramVersion: 7.3.2  TimeStamp: 2026/03/08-16:18:04-GMT  BuildTime: Aug  4 2022 06:17:15  BuildStamp: freesurfer-linux-ubuntu22_x86_64-7.3.2-20220804-6354275  User: oesteban  Machine: dna013  Platform: Linux  PlatformVersion: 5.14.0-427.37.1.el9_4.x86_64  CompilerName: GCC  CompilerVersion: 8.4.0
ProgramName: mris_topo_fixer  ProgramArguments: mris_topo_fixer -all-info  ProgramVersion: 7.3.2  TimeStamp: 2026/03/08-16:18:04-GMT  BuildTime: Aug  4 2022 06:17:15  BuildStamp: freesurfer-linux-ubuntu22_x86_64-7.3.2-20220804-6354275  User: oesteban  Machine: dna013  Platform: Linux  PlatformVersion: 5.14.0-427.37.1.el9_4.x86_64  CompilerName: GCC  CompilerVersion: 8.4.0
ProgramName: mri_surf2surf  ProgramArguments: mri_surf2surf -all-info  ProgramVersion: 7.3.2  TimeStamp: 2026/03/08-16:18:04-GMT  BuildTime: Aug  4 2022 06:17:15  BuildStamp: freesurfer-linux-ubuntu22_x86_64-7.3.2-20220804-6354275  User: oesteban  Machine: dna013  Platform: Linux  PlatformVersion: 5.14.0-427.37.1.el9_4.x86_64  CompilerName: GCC  CompilerVersion: 8.4.0
ProgramName: mri_surf2vol  ProgramArguments: mri_surf2vol -all-info  ProgramVersion: 7.3.2  TimeStamp: 2026/03/08-16:18:04-GMT  BuildTime: Aug  4 2022 06:17:15  BuildStamp: freesurfer-linux-ubuntu22_x86_64-7.3.2-20220804-6354275  User: oesteban  Machine: dna013  Platform: Linux  PlatformVersion: 5.14.0-427.37.1.el9_4.x86_64  CompilerName: GCC  CompilerVersion: 8.4.0
ProgramName: mri_surfcluster  ProgramArguments: mri_surfcluster -all-info  ProgramVersion: 7.3.2  TimeStamp: 2026/03/08-16:18:04-GMT  BuildTime: Aug  4 2022 06:17:15  BuildStamp: freesurfer-linux-ubuntu22_x86_64-7.3.2-20220804-6354275  User: oesteban  Machine: dna013  Platform: Linux  PlatformVersion: 5.14.0-427.37.1.el9_4.x86_64  CompilerName: GCC  CompilerVersion: 8.4.0
ProgramName: mris_volmask  ProgramArguments: mris_volmask -all-info  ProgramVersion: 7.3.2  TimeStamp: 2026/03/08-16:18:04-GMT  BuildTime: Aug  4 2022 06:17:15  BuildStamp: freesurfer-linux-ubuntu22_x86_64-7.3.2-20220804-6354275  User: oesteban  Machine: dna013  Platform: Linux  PlatformVersion: 5.14.0-427.37.1.el9_4.x86_64  CompilerName: GCC  CompilerVersion: 8.4.0
ProgramName: mri_tessellate  ProgramArguments: mri_tessellate -all-info  ProgramVersion: 7.3.2  TimeStamp: 2026/03/08-16:18:05-GMT  BuildTime: Aug  4 2022 06:17:15  BuildStamp: freesurfer-linux-ubuntu22_x86_64-7.3.2-20220804-6354275  User: oesteban  Machine: dna013  Platform: Linux  PlatformVersion: 5.14.0-427.37.1.el9_4.x86_64  CompilerName: GCC  CompilerVersion: 8.4.0
ProgramName: mri_vol2surf  ProgramArguments: mri_vol2surf -all-info  ProgramVersion: 7.3.2  TimeStamp: 2026/03/08-16:18:05-GMT  BuildTime: Aug  4 2022 06:17:15  BuildStamp: freesurfer-linux-ubuntu22_x86_64-7.3.2-20220804-6354275  User: oesteban  Machine: dna013  Platform: Linux  PlatformVersion: 5.14.0-427.37.1.el9_4.x86_64  CompilerName: GCC  CompilerVersion: 8.4.0
ProgramName: mri_vol2vol  ProgramArguments: mri_vol2vol -all-info  ProgramVersion: 7.3.2  TimeStamp: 2026/03/08-16:18:05-GMT  BuildTime: Aug  4 2022 06:17:15  BuildStamp: freesurfer-linux-ubuntu22_x86_64-7.3.2-20220804-6354275  User: oesteban  Machine: dna013  Platform: Linux  PlatformVersion: 5.14.0-427.37.1.el9_4.x86_64  CompilerName: GCC  CompilerVersion: 8.4.0
ProgramName: mri_voldiff  ProgramArguments: mri_voldiff -all-info  ProgramVersion: 7.3.2  TimeStamp: 2026/03/08-16:18:05-GMT  BuildTime: Aug  4 2022 06:17:15  BuildStamp: freesurfer-linux-ubuntu22_x86_64-7.3.2-20220804-6354275  User: oesteban  Machine: dna013  Platform: Linux  PlatformVersion: 5.14.0-427.37.1.el9_4.x86_64  CompilerName: GCC  CompilerVersion: 8.4.0
ProgramName: mri_watershed  ProgramArguments: mri_watershed -all-info  ProgramVersion: 7.3.2  TimeStamp: 2026/03/08-16:18:05-GMT  BuildTime: Aug  4 2022 06:17:15  BuildStamp: freesurfer-linux-ubuntu22_x86_64-7.3.2-20220804-6354275  User: oesteban  Machine: dna013  Platform: Linux  PlatformVersion: 5.14.0-427.37.1.el9_4.x86_64  CompilerName: GCC  CompilerVersion: 8.4.0
ProgramName: tkregister2  ProgramArguments: tkregister2_cmdl -all-info  ProgramVersion: 7.3.2  TimeStamp: 2026/03/08-16:18:05-GMT  BuildTime: Aug  4 2022 06:17:15  BuildStamp: freesurfer-linux-ubuntu22_x86_64-7.3.2-20220804-6354275  User: oesteban  Machine: dna013  Platform: Linux  PlatformVersion: 5.14.0-427.37.1.el9_4.x86_64  CompilerName: GCC  CompilerVersion: 8.4.0
mri_motion_correct.fsl 7.3.2
mri_convert -all-info 
ProgramName: mri_convert  ProgramArguments: mri_convert -all-info  ProgramVersion: 7.3.2  TimeStamp: 2026/03/08-16:18:05-GMT  BuildTime: Aug  4 2022 06:17:15  BuildStamp: freesurfer-linux-ubuntu22_x86_64-7.3.2-20220804-6354275  User: oesteban  Machine: dna013  Platform: Linux  PlatformVersion: 5.14.0-427.37.1.el9_4.x86_64  CompilerName: GCC  CompilerVersion: 8.4.0
Program nu_correct, built from:
Package MNI N3, version 1.12.0, compiled by nicks@terrier (x86_64-unknown-linux-gnu) on 2015-06-19 at 01:25:34
#######################################
GCADIR /opt/freesurfer/average
GCA RB_all_2020-01-02.gca
GCASkull RB_all_withskull_2020_01_02.gca
AvgCurvTif folding.atlas.acfb40.noaparc.i12.2016-08-02.tif
GCSDIR /opt/freesurfer/average
GCS DKaparc.atlas.acfb40.noaparc.i12.2016-08-02.gcs
#######################################
/out/sourcedata/freesurfer/sub-v1s14x0051561_ses-1

 mri_convert /work/fmriprep_25_2_wf/sub_v1s14x0051561_ses_1_wf/anat_fit_wf/anat_validate/sub-v1s14x0051561_ses-1_T1w_noise_corrected_ras_valid.nii.gz /out/sourcedata/freesurfer/sub-v1s14x0051561_ses-1/mri/orig/001.mgz 

mri_convert /work/fmriprep_25_2_wf/sub_v1s14x0051561_ses_1_wf/anat_fit_wf/anat_validate/sub-v1s14x0051561_ses-1_T1w_noise_corrected_ras_valid.nii.gz /out/sourcedata/freesurfer/sub-v1s14x0051561_ses-1/mri/orig/001.mgz 
reading from /work/fmriprep_25_2_wf/sub_v1s14x0051561_ses_1_wf/anat_fit_wf/anat_validate/sub-v1s14x0051561_ses-1_T1w_noise_corrected_ras_valid.nii.gz...
TR=0.00, TE=0.00, TI=0.00, flip angle=0.00
i_ras = (0.999655, -0.0191731, -0.0179747)
j_ras = (0.0214634, 0.990288, 0.137367)
k_ras = (0.0151663, -0.137705, 0.990357)
writing to /out/sourcedata/freesurfer/sub-v1s14x0051561_ses-1/mri/orig/001.mgz...
#--------------------------------------------
#@# MotionCor Sun Mar  8 17:18:06 CET 2026
Found 1 runs
/out/sourcedata/freesurfer/sub-v1s14x0051561_ses-1/mri/orig/001.mgz
Checking for (invalid) multi-frame inputs...
Only one run found so motion
correction will not be performed. I'll
copy the run to rawavg and continue.

 cp /out/sourcedata/freesurfer/sub-v1s14x0051561_ses-1/mri/orig/001.mgz /out/sourcedata/freesurfer/sub-v1s14x0051561_ses-1/mri/rawavg.mgz 


 mri_info /out/sourcedata/freesurfer/sub-v1s14x0051561_ses-1/mri/rawavg.mgz 

rawavg.mgz ========================================
Volume information for /out/sourcedata/freesurfer/sub-v1s14x0051561_ses-1/mri/rawavg.mgz
          type: MGH
    dimensions: 256 x 256 x 170
   voxel sizes: 1.000000, 1.000000, 1.000000
          type: FLOAT (3)
           fov: 256.000
           dof: 1
        xstart: -128.0, xend: 128.0
        ystart: -128.0, yend: 128.0
        zstart: -85.0, zend: 85.0
            TR: 0.00 msec, TE: 0.00 msec, TI: 0.00 msec, flip angle: 0.00 degrees
       nframes: 1
       PhEncDir: UNKNOWN
       FieldStrength: 0.000000
ras xform present
    xform info: x_r =   0.9997, y_r =   0.0215, z_r =   0.0152, c_r =    -0.3121
              : x_a =  -0.0192, y_a =   0.9903, z_a =  -0.1377, c_a =    18.0769
              : x_s =  -0.0180, y_s =   0.1374, z_s =   0.9904, c_s =    10.9096

talairach xfm : 
Orientation   : RAS
Primary Slice Direction: axial

voxel to ras transform:
                0.9997   0.0215   0.0152  -132.3044
               -0.0192   0.9903  -0.1377   -94.5209
               -0.0180   0.1374   0.9904   -88.5530
                0.0000   0.0000   0.0000     1.0000

voxel-to-ras determinant 1

ras to voxel transform:
                0.9997  -0.0192  -0.0180   128.8547
                0.0215   0.9903   0.1374   108.6068
                0.0152  -0.1377   0.9904    76.6896
                0.0000   0.0000   0.0000     1.0000
/out/sourcedata/freesurfer/sub-v1s14x0051561_ses-1

 mri_convert /out/sourcedata/freesurfer/sub-v1s14x0051561_ses-1/mri/rawavg.mgz /out/sourcedata/freesurfer/sub-v1s14x0051561_ses-1/mri/orig.mgz --conform 

mri_convert /out/sourcedata/freesurfer/sub-v1s14x0051561_ses-1/mri/rawavg.mgz /out/sourcedata/freesurfer/sub-v1s14x0051561_ses-1/mri/orig.mgz --conform 
reading from /out/sourcedata/freesurfer/sub-v1s14x0051561_ses-1/mri/rawavg.mgz...
TR=0.00, TE=0.00, TI=0.00, flip angle=0.00
i_ras = (0.999655, -0.0191731, -0.0179747)
j_ras = (0.0214634, 0.990288, 0.137367)
k_ras = (0.0151663, -0.137705, 0.990357)
changing data type from float to uchar (noscale = 0)...
MRIchangeType: Building histogram -0.00100708 1103.03 1000, flo=0, fhi=0.999, dest_type=0
Reslicing using trilinear interpolation 
writing to /out/sourcedata/freesurfer/sub-v1s14x0051561_ses-1/mri/orig.mgz...

 mri_add_xform_to_header -c /out/sourcedata/freesurfer/sub-v1s14x0051561_ses-1/mri/transforms/talairach.xfm /out/sourcedata/freesurfer/sub-v1s14x0051561_ses-1/mri/orig.mgz /out/sourcedata/freesurfer/sub-v1s14x0051561_ses-1/mri/orig.mgz 

INFO: extension is mgz

 mri_info /out/sourcedata/freesurfer/sub-v1s14x0051561_ses-1/mri/orig.mgz 

orig.mgz ========================================
Volume information for /out/sourcedata/freesurfer/sub-v1s14x0051561_ses-1/mri/orig.mgz
          type: MGH
    dimensions: 256 x 256 x 256
   voxel sizes: 1.000000, 1.000000, 1.000000
          type: UCHAR (0)
           fov: 256.000
           dof: 1
        xstart: -128.0, xend: 128.0
        ystart: -128.0, yend: 128.0
        zstart: -128.0, zend: 128.0
            TR: 0.00 msec, TE: 0.00 msec, TI: 0.00 msec, flip angle: 0.00 degrees
       nframes: 1
       PhEncDir: UNKNOWN
       FieldStrength: 0.000000
ras xform present
    xform info: x_r =  -1.0000, y_r =   0.0000, z_r =  -0.0000, c_r =    -0.3121
              : x_a =  -0.0000, y_a =   0.0000, z_a =   1.0000, c_a =    18.0769
              : x_s =   0.0000, y_s =  -1.0000, z_s =   0.0000, c_s =    10.9095

talairach xfm : /out/sourcedata/freesurfer/sub-v1s14x0051561_ses-1/mri/transforms/talairach.xfm
Orientation   : LIA
Primary Slice Direction: coronal

voxel to ras transform:
               -1.0000   0.0000  -0.0000   127.6879
               -0.0000   0.0000   1.0000  -109.9231
                0.0000  -1.0000   0.0000   138.9095
                0.0000   0.0000   0.0000     1.0000

voxel-to-ras determinant -1

ras to voxel transform:
               -1.0000  -0.0000  -0.0000   127.6879
               -0.0000  -0.0000  -1.0000   138.9095
               -0.0000   1.0000  -0.0000   109.9231
               -0.0000  -0.0000  -0.0000     1.0000
#--------------------------------------------
#@# Talairach Sun Mar  8 17:18:17 CET 2026
/out/sourcedata/freesurfer/sub-v1s14x0051561_ses-1/mri

 mri_nu_correct.mni --no-rescale --i orig.mgz --o orig_nu.mgz --ants-n4 --n 1 --proto-iters 1000 --distance 50 

/usr/bin/bc
/out/sourcedata/freesurfer/sub-v1s14x0051561_ses-1/mri
/opt/freesurfer/bin/mri_nu_correct.mni
--no-rescale --i orig.mgz --o orig_nu.mgz --ants-n4 --n 1 --proto-iters 1000 --distance 50
nIters 1
mri_nu_correct.mni 7.3.2
Linux dna013 5.14.0-427.37.1.el9_4.x86_64 #1 SMP PREEMPT_DYNAMIC Fri Sep 13 12:41:50 EDT 2024 x86_64 x86_64 x86_64 GNU/Linux
Sun Mar  8 17:18:17 CET 2026
tmpdir is ./tmp.mri_nu_correct.mni.980532
cd /out/sourcedata/freesurfer/sub-v1s14x0051561_ses-1/mri
AntsN4BiasFieldCorrectionFs -i orig.mgz -o ./tmp.mri_nu_correct.mni.980532/nu0.mgz --dtype uchar
AntsN4BiasFieldCorrectionFs done
mri_convert ./tmp.mri_nu_correct.mni.980532/nu0.mgz orig_nu.mgz --like orig.mgz --conform
mri_convert ./tmp.mri_nu_correct.mni.980532/nu0.mgz orig_nu.mgz --like orig.mgz --conform 
reading from ./tmp.mri_nu_correct.mni.980532/nu0.mgz...
TR=0.00, TE=0.00, TI=0.00, flip angle=0.00
i_ras = (-1, -1.16415e-09, 0)
j_ras = (9.31323e-10, 0, -1)
k_ras = (-4.65661e-10, 1, 0)
INFO: transform src into the like-volume: orig.mgz
writing to orig_nu.mgz...
 
 
Sun Mar  8 17:21:11 CET 2026
mri_nu_correct.mni done

 talairach_avi --i orig_nu.mgz --xfm transforms/talairach.auto.xfm 

talairach_avi log file is transforms/talairach_avi.log...
mv -f /out/sourcedata/freesurfer/sub-v1s14x0051561_ses-1/mri/talsrcimg_to_711-2C_as_mni_average_305_t4_vox2vox.txt /out/sourcedata/freesurfer/sub-v1s14x0051561_ses-1/mri/transforms/talsrcimg_to_711-2C_as_mni_average_305_t4_vox2vox.txt
Started at Sun Mar 8 17:21:11 CET 2026
Ended   at Sun Mar  8 17:22:40 CET 2026
talairach_avi done

 cp transforms/talairach.auto.xfm transforms/talairach.xfm 

lta_convert --src orig.mgz --trg /opt/freesurfer/average/mni305.cor.mgz --inxfm transforms/talairach.xfm --outlta transforms/talairach.xfm.lta --subject fsaverage --ltavox2vox
7.3.2

--src: orig.mgz src image (geometry).
--trg: /opt/freesurfer/average/mni305.cor.mgz trg image (geometry).
--inmni: transforms/talairach.xfm input MNI/XFM transform.
--outlta: transforms/talairach.xfm.lta output LTA.
--s: fsaverage subject name
--ltavox2vox: output LTA as VOX_TO_VOX transform.
 LTA read, type : 1
 1.03507   0.06391  -0.00246   1.86588;
-0.03783   0.93963   0.25672  -22.44148;
 0.00255  -0.24415   1.03914   2.55766;
 0.00000   0.00000   0.00000   1.00000;
setting subject to fsaverage
Writing  LTA to file transforms/talairach.xfm.lta...
lta_convert successful.
#--------------------------------------------
#@# Talairach Failure Detection Sun Mar  8 17:22:42 CET 2026
/out/sourcedata/freesurfer/sub-v1s14x0051561_ses-1/mri

 talairach_afd -T 0.005 -xfm transforms/talairach.xfm 

talairach_afd: Talairach Transform: transforms/talairach.xfm OK (p=0.6819, pval=0.4932 >= threshold=0.0050)

 awk -f /opt/freesurfer/bin/extract_talairach_avi_QA.awk /out/sourcedata/freesurfer/sub-v1s14x0051561_ses-1/mri/transforms/talairach_avi.log 


 tal_QC_AZS /out/sourcedata/freesurfer/sub-v1s14x0051561_ses-1/mri/transforms/talairach_avi.log 

TalAviQA: 0.97263
z-score: -1
#--------------------------------------------
#@# Nu Intensity Correction Sun Mar  8 17:22:42 CET 2026

 mri_nu_correct.mni --i orig.mgz --o nu.mgz --uchar transforms/talairach.xfm --n 2 --ants-n4 

/usr/bin/bc
/out/sourcedata/freesurfer/sub-v1s14x0051561_ses-1/mri
/opt/freesurfer/bin/mri_nu_correct.mni
--i orig.mgz --o nu.mgz --uchar transforms/talairach.xfm --n 2 --ants-n4
nIters 2
mri_nu_correct.mni 7.3.2
Linux dna013 5.14.0-427.37.1.el9_4.x86_64 #1 SMP PREEMPT_DYNAMIC Fri Sep 13 12:41:50 EDT 2024 x86_64 x86_64 x86_64 GNU/Linux
Sun Mar  8 17:22:42 CET 2026
tmpdir is ./tmp.mri_nu_correct.mni.981176
cd /out/sourcedata/freesurfer/sub-v1s14x0051561_ses-1/mri
AntsN4BiasFieldCorrectionFs -i orig.mgz -o ./tmp.mri_nu_correct.mni.981176/nu0.mgz --dtype uchar
AntsN4BiasFieldCorrectionFs done
mri_binarize --i ./tmp.mri_nu_correct.mni.981176/nu0.mgz --min -1 --o ./tmp.mri_nu_correct.mni.981176/ones.mgz

7.3.2
cwd /out/sourcedata/freesurfer/sub-v1s14x0051561_ses-1/mri
cmdline mri_binarize --i ./tmp.mri_nu_correct.mni.981176/nu0.mgz --min -1 --o ./tmp.mri_nu_correct.mni.981176/ones.mgz 
sysname  Linux
hostname dna013
machine  x86_64
user     oesteban

input      ./tmp.mri_nu_correct.mni.981176/nu0.mgz
frame      0
nErode3d   0
nErode2d   0
output     ./tmp.mri_nu_correct.mni.981176/ones.mgz
Binarizing based on threshold
min        -1
max        +infinity
binval        1
binvalnot     0
fstart = 0, fend = 0, nframes = 1
Starting parallel 1
Found 16777216 values in range
Counting number of voxels in first frame
Found 16777215 voxels in final mask
Writing output to ./tmp.mri_nu_correct.mni.981176/ones.mgz
Count: 16777215 16777215.000000 16777216 99.999994
mri_binarize done
mri_segstats --id 1 --seg ./tmp.mri_nu_correct.mni.981176/ones.mgz --i orig.mgz --sum ./tmp.mri_nu_correct.mni.981176/sum.junk --avgwf ./tmp.mri_nu_correct.mni.981176/input.mean.dat

7.3.2
cwd 
cmdline mri_segstats --id 1 --seg ./tmp.mri_nu_correct.mni.981176/ones.mgz --i orig.mgz --sum ./tmp.mri_nu_correct.mni.981176/sum.junk --avgwf ./tmp.mri_nu_correct.mni.981176/input.mean.dat 
sysname  Linux
hostname dna013
machine  x86_64
user     oesteban
whitesurfname  white
UseRobust  0
Loading ./tmp.mri_nu_correct.mni.981176/ones.mgz
Loading orig.mgz
Voxel Volume is 1 mm^3
Generating list of segmentation ids
Found   1 segmentations
Computing statistics for each segmentation

Reporting on   1 segmentations
Using PrintSegStat
Computing spatial average of each frame

Writing to ./tmp.mri_nu_correct.mni.981176/input.mean.dat
mri_segstats done
mri_segstats --id 1 --seg ./tmp.mri_nu_correct.mni.981176/ones.mgz --i ./tmp.mri_nu_correct.mni.981176/nu0.mgz --sum ./tmp.mri_nu_correct.mni.981176/sum.junk --avgwf ./tmp.mri_nu_correct.mni.981176/output.mean.dat

7.3.2
cwd 
cmdline mri_segstats --id 1 --seg ./tmp.mri_nu_correct.mni.981176/ones.mgz --i ./tmp.mri_nu_correct.mni.981176/nu0.mgz --sum ./tmp.mri_nu_correct.mni.981176/sum.junk --avgwf ./tmp.mri_nu_correct.mni.981176/output.mean.dat 
sysname  Linux
hostname dna013
machine  x86_64
user     oesteban
whitesurfname  white
UseRobust  0
Loading ./tmp.mri_nu_correct.mni.981176/ones.mgz
Loading ./tmp.mri_nu_correct.mni.981176/nu0.mgz
Voxel Volume is 1 mm^3
Generating list of segmentation ids
Found   1 segmentations
Computing statistics for each segmentation

Reporting on   1 segmentations
Using PrintSegStat
Computing spatial average of each frame

Writing to ./tmp.mri_nu_correct.mni.981176/output.mean.dat
mri_segstats done
mris_calc -o ./tmp.mri_nu_correct.mni.981176/nu0.mgz ./tmp.mri_nu_correct.mni.981176/nu0.mgz mul 1.11906509248898475585
Saving result to './tmp.mri_nu_correct.mni.981176/nu0.mgz' (type = MGH )                       [ ok ]
mri_convert ./tmp.mri_nu_correct.mni.981176/nu0.mgz nu.mgz --like orig.mgz
mri_convert ./tmp.mri_nu_correct.mni.981176/nu0.mgz nu.mgz --like orig.mgz 
reading from ./tmp.mri_nu_correct.mni.981176/nu0.mgz...
TR=0.00, TE=0.00, TI=0.00, flip angle=0.00
i_ras = (-1, -1.16415e-09, 0)
j_ras = (9.31323e-10, 0, -1)
k_ras = (-4.65661e-10, 1, 0)
INFO: transform src into the like-volume: orig.mgz
writing to nu.mgz...
mri_make_uchar nu.mgz transforms/talairach.xfm nu.mgz
type change took 0 minutes and 6 seconds.
FIRST_PERCENTILE 0.010000
WM_PERCENTILE    0.900000
MAX_R 50.000000
i1 = 2, i2 = 57
#mri_make_uchar# mapping  5 147 to  3 110  :  b -1.35727 m 0.758471 : thresh 1.78949 maxsat 337.992 : nzero 13406203 nsat 0
 
 
Sun Mar  8 17:25:56 CET 2026
mri_nu_correct.mni done

 mri_add_xform_to_header -c /out/sourcedata/freesurfer/sub-v1s14x0051561_ses-1/mri/transforms/talairach.xfm nu.mgz nu.mgz 

INFO: extension is mgz
#--------------------------------------------
#@# Intensity Normalization Sun Mar  8 17:25:57 CET 2026
/out/sourcedata/freesurfer/sub-v1s14x0051561_ses-1/mri

 mri_normalize -g 1 -seed 1234 -mprage nu.mgz T1.mgz 

using max gradient = 1.000
setting seed for random number genererator to 1234
assuming input volume is MGH (Van der Kouwe) MP-RAGE
reading mri_src from nu.mgz...
normalizing image...
NOT doing gentle normalization with control points/label
talairach transform
 1.03507   0.06391  -0.00246   1.86588;
-0.03783   0.93963   0.25672  -22.44148;
 0.00255  -0.24415   1.03914   2.55766;
 0.00000   0.00000   0.00000   1.00000;
processing without aseg, no1d=0
MRInormInit(): 
INFO: Modifying talairach volume c_(r,a,s) based on average_305
MRInormalize(): 
MRIsplineNormalize(): npeaks = 19
Starting OpenSpline(): npoints = 19
building Voronoi diagram...
performing soap bubble smoothing, sigma = 8...

Iterating 2 times
---------------------------------
3d normalization pass 1 of 2
white matter peak found at 110
white matter peak found at 110
gm peak at 72 (72), valley at 61 (61)
csf peak at 23, setting threshold to 55
building Voronoi diagram...
performing soap bubble smoothing, sigma = 8...
---------------------------------
3d normalization pass 2 of 2
white matter peak found at 110
white matter peak found at 110
gm peak at 73 (73), valley at 62 (62)
csf peak at 24, setting threshold to 56
building Voronoi diagram...
performing soap bubble smoothing, sigma = 8...
Done iterating ---------------------------------
writing output to T1.mgz
3D bias adjustment took 1 minutes and 33 seconds.

Started at Sun Mar 8 17:18:04 CET 2026 
Ended   at Sun Mar 8 17:27:31 CET 2026
#@#%# recon-all-run-time-hours 0.157
recon-all -s sub-v1s14x0051561_ses-1 finished without error at Sun Mar  8 17:27:31 CET 2026



#New# invocation of recon-all 




Sun Mar  8 17:35:25 CET 2026
cd /out/sourcedata/freesurfer/sub-v1s14x0051561_ses-1
setenv SUBJECTS_DIR /out/sourcedata/freesurfer
/opt/freesurfer/bin/recon-all -openmp 16 -subjid sub-v1s14x0051561_ses-1 -sd /out/sourcedata/freesurfer -gcareg

subjid sub-v1s14x0051561_ses-1
setenv SUBJECTS_DIR /out/sourcedata/freesurfer
FREESURFER_HOME /opt/freesurfer
Actual FREESURFER_HOME /opt/freesurfer
build-stamp.txt: freesurfer-linux-ubuntu22_x86_64-7.3.2-20220804-6354275
Linux dna013 5.14.0-427.37.1.el9_4.x86_64 #1 SMP PREEMPT_DYNAMIC Fri Sep 13 12:41:50 EDT 2024 x86_64 x86_64 x86_64 GNU/Linux
cputime      unlimited
filesize     unlimited
datasize     unlimited
stacksize    8192 kbytes
coredumpsize 0 kbytes
memoryuse    67108864 kbytes
vmemoryuse   unlimited
descriptors  1024 
memorylocked unlimited
maxproc      2061970 
maxlocks     unlimited
maxsignal    2061970 
maxmessage   819200 
maxnice      0 
maxrtprio    0 
maxrttime    unlimited

               total        used        free      shared  buff/cache   available
Mem:           503Gi        47Gi       430Gi       7.6Gi        25Gi       445Gi
Swap:             0B          0B          0B

########################################
program versions used
7.3.2 (freesurfer-linux-ubuntu22_x86_64-7.3.2-20220804-6354275)
7.3.2

ProgramName: lta_convert  ProgramArguments: lta_convert -all-info  ProgramVersion: 7.3.2  TimeStamp: 2026/03/08-16:35:25-GMT  BuildTime: Aug  4 2022 06:17:15  BuildStamp: freesurfer-linux-ubuntu22_x86_64-7.3.2-20220804-6354275  User: oesteban  Machine: dna013  Platform: Linux  PlatformVersion: 5.14.0-427.37.1.el9_4.x86_64  CompilerName: GCC  CompilerVersion: 8.4.0
ProgramName: mri_and  ProgramArguments: mri_and -all-info  ProgramVersion: 7.3.2  TimeStamp: 2026/03/08-16:35:25-GMT  BuildTime: Aug  4 2022 06:17:15  BuildStamp: freesurfer-linux-ubuntu22_x86_64-7.3.2-20220804-6354275  User: oesteban  Machine: dna013  Platform: Linux  PlatformVersion: 5.14.0-427.37.1.el9_4.x86_64  CompilerName: GCC  CompilerVersion: 8.4.0
ProgramName: mri_annotation2label  ProgramArguments: mri_annotation2label -all-info  ProgramVersion: 7.3.2  TimeStamp: 2026/03/08-16:35:25-GMT  BuildTime: Aug  4 2022 06:17:15  BuildStamp: freesurfer-linux-ubuntu22_x86_64-7.3.2-20220804-6354275  User: oesteban  Machine: dna013  Platform: Linux  PlatformVersion: 5.14.0-427.37.1.el9_4.x86_64  CompilerName: GCC  CompilerVersion: 8.4.0
ProgramName: mri_aparc2aseg  ProgramArguments: mri_aparc2aseg -all-info  ProgramVersion: 7.3.2  TimeStamp: 2026/03/08-16:35:25-GMT  BuildTime: Aug  4 2022 06:17:15  BuildStamp: freesurfer-linux-ubuntu22_x86_64-7.3.2-20220804-6354275  User: oesteban  Machine: dna013  Platform: Linux  PlatformVersion: 5.14.0-427.37.1.el9_4.x86_64  CompilerName: GCC  CompilerVersion: 8.4.0
ProgramName: mri_surf2volseg  ProgramArguments: mri_surf2volseg -all-info  ProgramVersion: 7.3.2  TimeStamp: 2026/03/08-16:35:25-GMT  BuildTime: Aug  4 2022 06:17:15  BuildStamp: freesurfer-linux-ubuntu22_x86_64-7.3.2-20220804-6354275  User: oesteban  Machine: dna013  Platform: Linux  PlatformVersion: 5.14.0-427.37.1.el9_4.x86_64  CompilerName: GCC  CompilerVersion: 8.4.0
ProgramName: mri_binarize  ProgramArguments: mri_binarize -all-info  ProgramVersion: 7.3.2  TimeStamp: 2026/03/08-16:35:25-GMT  BuildTime: Aug  4 2022 06:17:15  BuildStamp: freesurfer-linux-ubuntu22_x86_64-7.3.2-20220804-6354275  User: oesteban  Machine: dna013  Platform: Linux  PlatformVersion: 5.14.0-427.37.1.el9_4.x86_64  CompilerName: GCC  CompilerVersion: 8.4.0
ProgramName: mri_ca_label  ProgramArguments: mri_ca_label -all-info  ProgramVersion: 7.3.2  TimeStamp: 2026/03/08-16:35:25-GMT  BuildTime: Aug  4 2022 06:17:15  BuildStamp: freesurfer-linux-ubuntu22_x86_64-7.3.2-20220804-6354275  User: oesteban  Machine: dna013  Platform: Linux  PlatformVersion: 5.14.0-427.37.1.el9_4.x86_64  CompilerName: GCC  CompilerVersion: 8.4.0
ProgramName: mri_ca_normalize  ProgramArguments: mri_ca_normalize -all-info  ProgramVersion: 7.3.2  TimeStamp: 2026/03/08-16:35:25-GMT  BuildTime: Aug  4 2022 06:17:15  BuildStamp: freesurfer-linux-ubuntu22_x86_64-7.3.2-20220804-6354275  User: oesteban  Machine: dna013  Platform: Linux  PlatformVersion: 5.14.0-427.37.1.el9_4.x86_64  CompilerName: GCC  CompilerVersion: 8.4.0
ProgramName: mri_ca_register  ProgramArguments: mri_ca_register -all-info  ProgramVersion: 7.3.2  TimeStamp: 2026/03/08-16:35:25-GMT  BuildTime: Aug  4 2022 06:17:15  BuildStamp: freesurfer-linux-ubuntu22_x86_64-7.3.2-20220804-6354275  User: oesteban  Machine: dna013  Platform: Linux  PlatformVersion: 5.14.0-427.37.1.el9_4.x86_64  CompilerName: GCC  CompilerVersion: 8.4.0
ProgramName: mri_cc  ProgramArguments: mri_cc -all-info  ProgramVersion: 7.3.2  TimeStamp: 2026/03/08-16:35:25-GMT  BuildTime: Aug  4 2022 06:17:15  BuildStamp: freesurfer-linux-ubuntu22_x86_64-7.3.2-20220804-6354275  User: oesteban  Machine: dna013  Platform: Linux  PlatformVersion: 5.14.0-427.37.1.el9_4.x86_64  CompilerName: GCC  CompilerVersion: 8.4.0
ProgramName: mri_compute_overlap  ProgramArguments: mri_compute_overlap -all-info  ProgramVersion: 7.3.2  TimeStamp: 2026/03/08-16:35:25-GMT  BuildTime: Aug  4 2022 06:17:15  BuildStamp: freesurfer-linux-ubuntu22_x86_64-7.3.2-20220804-6354275  User: oesteban  Machine: dna013  Platform: Linux  PlatformVersion: 5.14.0-427.37.1.el9_4.x86_64  CompilerName: GCC  CompilerVersion: 8.4.0
ProgramName: mri_compute_seg_overlap  ProgramArguments: mri_compute_seg_overlap -all-info  ProgramVersion: 7.3.2  TimeStamp: 2026/03/08-16:35:25-GMT  BuildTime: Aug  4 2022 06:17:15  BuildStamp: freesurfer-linux-ubuntu22_x86_64-7.3.2-20220804-6354275  User: oesteban  Machine: dna013  Platform: Linux  PlatformVersion: 5.14.0-427.37.1.el9_4.x86_64  CompilerName: GCC  CompilerVersion: 8.4.0
ProgramName: mri_concat  ProgramArguments: mri_concat -all-info  ProgramVersion: 7.3.2  TimeStamp: 2026/03/08-16:35:25-GMT  BuildTime: Aug  4 2022 06:17:15  BuildStamp: freesurfer-linux-ubuntu22_x86_64-7.3.2-20220804-6354275  User: oesteban  Machine: dna013  Platform: Linux  PlatformVersion: 5.14.0-427.37.1.el9_4.x86_64  CompilerName: GCC  CompilerVersion: 8.4.0
ProgramName: mri_concatenate_lta  ProgramArguments: mri_concatenate_lta -all-info  ProgramVersion: 7.3.2  TimeStamp: 2026/03/08-16:35:25-GMT  BuildTime: Aug  4 2022 06:17:15  BuildStamp: freesurfer-linux-ubuntu22_x86_64-7.3.2-20220804-6354275  User: oesteban  Machine: dna013  Platform: Linux  PlatformVersion: 5.14.0-427.37.1.el9_4.x86_64  CompilerName: GCC  CompilerVersion: 8.4.0
mri_convert -all-info 
ProgramName: mri_convert  ProgramArguments: mri_convert -all-info  ProgramVersion: 7.3.2  TimeStamp: 2026/03/08-16:35:25-GMT  BuildTime: Aug  4 2022 06:17:15  BuildStamp: freesurfer-linux-ubuntu22_x86_64-7.3.2-20220804-6354275  User: oesteban  Machine: dna013  Platform: Linux  PlatformVersion: 5.14.0-427.37.1.el9_4.x86_64  CompilerName: GCC  CompilerVersion: 8.4.0
ProgramName: mri_diff  ProgramArguments: mri_diff -all-info  ProgramVersion: 7.3.2  TimeStamp: 2026/03/08-16:35:25-GMT  BuildTime: Aug  4 2022 06:17:15  BuildStamp: freesurfer-linux-ubuntu22_x86_64-7.3.2-20220804-6354275  User: oesteban  Machine: dna013  Platform: Linux  PlatformVersion: 5.14.0-427.37.1.el9_4.x86_64  CompilerName: GCC  CompilerVersion: 8.4.0
ProgramName: mri_edit_wm_with_aseg  ProgramArguments: mri_edit_wm_with_aseg -all-info  ProgramVersion: 7.3.2  TimeStamp: 2026/03/08-16:35:25-GMT  BuildTime: Aug  4 2022 06:17:15  BuildStamp: freesurfer-linux-ubuntu22_x86_64-7.3.2-20220804-6354275  User: oesteban  Machine: dna013  Platform: Linux  PlatformVersion: 5.14.0-427.37.1.el9_4.x86_64  CompilerName: GCC  CompilerVersion: 8.4.0
ProgramName: mri_em_register  ProgramArguments: mri_em_register -all-info  ProgramVersion: 7.3.2  TimeStamp: 2026/03/08-16:35:25-GMT  BuildTime: Aug  4 2022 06:17:15  BuildStamp: freesurfer-linux-ubuntu22_x86_64-7.3.2-20220804-6354275  User: oesteban  Machine: dna013  Platform: Linux  PlatformVersion: 5.14.0-427.37.1.el9_4.x86_64  CompilerName: GCC  CompilerVersion: 8.4.0
ProgramName: mri_fill  ProgramArguments: mri_fill -all-info  ProgramVersion: 7.3.2  TimeStamp: 2026/03/08-16:35:25-GMT  BuildTime: Aug  4 2022 06:17:15  BuildStamp: freesurfer-linux-ubuntu22_x86_64-7.3.2-20220804-6354275  User: oesteban  Machine: dna013  Platform: Linux  PlatformVersion: 5.14.0-427.37.1.el9_4.x86_64  CompilerName: GCC  CompilerVersion: 8.4.0
ProgramName: mri_fuse_segmentations  ProgramArguments: mri_fuse_segmentations -all-info  ProgramVersion: 7.3.2  TimeStamp: 2026/03/08-16:35:25-GMT  BuildTime: Aug  4 2022 06:17:15  BuildStamp: freesurfer-linux-ubuntu22_x86_64-7.3.2-20220804-6354275  User: oesteban  Machine: dna013  Platform: Linux  PlatformVersion: 5.14.0-427.37.1.el9_4.x86_64  CompilerName: GCC  CompilerVersion: 8.4.0
ProgramName: mri_fwhm  ProgramArguments: mri_fwhm -all-info  ProgramVersion: 7.3.2  TimeStamp: 2026/03/08-16:35:25-GMT  BuildTime: Aug  4 2022 06:17:15  BuildStamp: freesurfer-linux-ubuntu22_x86_64-7.3.2-20220804-6354275  User: oesteban  Machine: dna013  Platform: Linux  PlatformVersion: 5.14.0-427.37.1.el9_4.x86_64  CompilerName: GCC  CompilerVersion: 8.4.0
ProgramName: mri_gcut  ProgramArguments: mri_gcut -all-info  ProgramVersion: 7.3.2  TimeStamp: 2026/03/08-16:35:25-GMT  BuildTime: Aug  4 2022 06:17:15  BuildStamp: freesurfer-linux-ubuntu22_x86_64-7.3.2-20220804-6354275  User: oesteban  Machine: dna013  Platform: Linux  PlatformVersion: 5.14.0-427.37.1.el9_4.x86_64  CompilerName: GCC  CompilerVersion: 8.4.0
ProgramName: mri_info  ProgramArguments: mri_info -all-info  ProgramVersion: 7.3.2  TimeStamp: 2026/03/08-16:35:25-GMT  BuildTime: Aug  4 2022 06:17:15  BuildStamp: freesurfer-linux-ubuntu22_x86_64-7.3.2-20220804-6354275  User: oesteban  Machine: dna013  Platform: Linux  PlatformVersion: 5.14.0-427.37.1.el9_4.x86_64  CompilerName: GCC  CompilerVersion: 8.4.0
ProgramName: mri_label2label  ProgramArguments: mri_label2label -all-info  ProgramVersion: 7.3.2  TimeStamp: 2026/03/08-16:35:25-GMT  BuildTime: Aug  4 2022 06:17:15  BuildStamp: freesurfer-linux-ubuntu22_x86_64-7.3.2-20220804-6354275  User: oesteban  Machine: dna013  Platform: Linux  PlatformVersion: 5.14.0-427.37.1.el9_4.x86_64  CompilerName: GCC  CompilerVersion: 8.4.0
ProgramName: mri_label2vol  ProgramArguments: mri_label2vol -all-info  ProgramVersion: 7.3.2  TimeStamp: 2026/03/08-16:35:25-GMT  BuildTime: Aug  4 2022 06:17:15  BuildStamp: freesurfer-linux-ubuntu22_x86_64-7.3.2-20220804-6354275  User: oesteban  Machine: dna013  Platform: Linux  PlatformVersion: 5.14.0-427.37.1.el9_4.x86_64  CompilerName: GCC  CompilerVersion: 8.4.0
ProgramName: mri_log_likelihood  ProgramArguments: mri_log_likelihood -all-info  ProgramVersion: 7.3.2  TimeStamp: 2026/03/08-16:35:25-GMT  BuildTime: Aug  4 2022 06:17:15  BuildStamp: freesurfer-linux-ubuntu22_x86_64-7.3.2-20220804-6354275  User: oesteban  Machine: dna013  Platform: Linux  PlatformVersion: 5.14.0-427.37.1.el9_4.x86_64  CompilerName: GCC  CompilerVersion: 8.4.0
ProgramName: mri_mask  ProgramArguments: mri_mask -all-info  ProgramVersion: 7.3.2  TimeStamp: 2026/03/08-16:35:25-GMT  BuildTime: Aug  4 2022 06:17:15  BuildStamp: freesurfer-linux-ubuntu22_x86_64-7.3.2-20220804-6354275  User: oesteban  Machine: dna013  Platform: Linux  PlatformVersion: 5.14.0-427.37.1.el9_4.x86_64  CompilerName: GCC  CompilerVersion: 8.4.0
ProgramName: mri_matrix_multiply  ProgramArguments: mri_matrix_multiply -all-info  ProgramVersion: 7.3.2  TimeStamp: 2026/03/08-16:35:25-GMT  BuildTime: Aug  4 2022 06:17:15  BuildStamp: freesurfer-linux-ubuntu22_x86_64-7.3.2-20220804-6354275  User: oesteban  Machine: dna013  Platform: Linux  PlatformVersion: 5.14.0-427.37.1.el9_4.x86_64  CompilerName: GCC  CompilerVersion: 8.4.0
ProgramName: mri_normalize  ProgramArguments: mri_normalize -all-info  ProgramVersion: 7.3.2  TimeStamp: 2026/03/08-16:35:25-GMT  BuildTime: Aug  4 2022 06:17:15  BuildStamp: freesurfer-linux-ubuntu22_x86_64-7.3.2-20220804-6354275  User: oesteban  Machine: dna013  Platform: Linux  PlatformVersion: 5.14.0-427.37.1.el9_4.x86_64  CompilerName: GCC  CompilerVersion: 8.4.0
ProgramName: mri_normalize_tp2  ProgramArguments: mri_normalize_tp2 -all-info  ProgramVersion: 7.3.2  TimeStamp: 2026/03/08-16:35:25-GMT  BuildTime: Aug  4 2022 06:17:15  BuildStamp: freesurfer-linux-ubuntu22_x86_64-7.3.2-20220804-6354275  User: oesteban  Machine: dna013  Platform: Linux  PlatformVersion: 5.14.0-427.37.1.el9_4.x86_64  CompilerName: GCC  CompilerVersion: 8.4.0
ProgramName: mri_or  ProgramArguments: mri_or -all-info  ProgramVersion: 7.3.2  TimeStamp: 2026/03/08-16:35:25-GMT  BuildTime: Aug  4 2022 06:17:15  BuildStamp: freesurfer-linux-ubuntu22_x86_64-7.3.2-20220804-6354275  User: oesteban  Machine: dna013  Platform: Linux  PlatformVersion: 5.14.0-427.37.1.el9_4.x86_64  CompilerName: GCC  CompilerVersion: 8.4.0
ProgramName: mri_relabel_hypointensities  ProgramArguments: mri_relabel_hypointensities -all-info  ProgramVersion: 7.3.2  TimeStamp: 2026/03/08-16:35:25-GMT  BuildTime: Aug  4 2022 06:17:15  BuildStamp: freesurfer-linux-ubuntu22_x86_64-7.3.2-20220804-6354275  User: oesteban  Machine: dna013  Platform: Linux  PlatformVersion: 5.14.0-427.37.1.el9_4.x86_64  CompilerName: GCC  CompilerVersion: 8.4.0
ProgramName: mri_relabel_nonwm_hypos  ProgramArguments: mri_relabel_nonwm_hypos -all-info  ProgramVersion: 7.3.2  TimeStamp: 2026/03/08-16:35:25-GMT  BuildTime: Aug  4 2022 06:17:15  BuildStamp: freesurfer-linux-ubuntu22_x86_64-7.3.2-20220804-6354275  User: oesteban  Machine: dna013  Platform: Linux  PlatformVersion: 5.14.0-427.37.1.el9_4.x86_64  CompilerName: GCC  CompilerVersion: 8.4.0
ProgramName: mri_remove_neck  ProgramArguments: mri_remove_neck -all-info  ProgramVersion: 7.3.2  TimeStamp: 2026/03/08-16:35:25-GMT  BuildTime: Aug  4 2022 06:17:15  BuildStamp: freesurfer-linux-ubuntu22_x86_64-7.3.2-20220804-6354275  User: oesteban  Machine: dna013  Platform: Linux  PlatformVersion: 5.14.0-427.37.1.el9_4.x86_64  CompilerName: GCC  CompilerVersion: 8.4.0
7.3.2

ProgramName: mri_robust_register  ProgramArguments: mri_robust_register -all-info  ProgramVersion: 7.3.2  TimeStamp: 2026/03/08-16:35:25-GMT  BuildTime: Aug  4 2022 06:17:15  BuildStamp: freesurfer-linux-ubuntu22_x86_64-7.3.2-20220804-6354275  User: oesteban  Machine: dna013  Platform: Linux  PlatformVersion: 5.14.0-427.37.1.el9_4.x86_64  CompilerName: GCC  CompilerVersion: 8.4.0
7.3.2

ProgramName: mri_robust_template  ProgramArguments: mri_robust_template -all-info  ProgramVersion: 7.3.2  TimeStamp: 2026/03/08-16:35:25-GMT  BuildTime: Aug  4 2022 06:17:15  BuildStamp: freesurfer-linux-ubuntu22_x86_64-7.3.2-20220804-6354275  User: oesteban  Machine: dna013  Platform: Linux  PlatformVersion: 5.14.0-427.37.1.el9_4.x86_64  CompilerName: GCC  CompilerVersion: 8.4.0
ProgramName: mris_anatomical_stats  ProgramArguments: mris_anatomical_stats -all-info  ProgramVersion: 7.3.2  TimeStamp: 2026/03/08-16:35:25-GMT  BuildTime: Aug  4 2022 06:17:15  BuildStamp: freesurfer-linux-ubuntu22_x86_64-7.3.2-20220804-6354275  User: oesteban  Machine: dna013  Platform: Linux  PlatformVersion: 5.14.0-427.37.1.el9_4.x86_64  CompilerName: GCC  CompilerVersion: 8.4.0
ProgramName: mris_ca_label  ProgramArguments: mris_ca_label -all-info  ProgramVersion: 7.3.2  TimeStamp: 2026/03/08-16:35:25-GMT  BuildTime: Aug  4 2022 06:17:15  BuildStamp: freesurfer-linux-ubuntu22_x86_64-7.3.2-20220804-6354275  User: oesteban  Machine: dna013  Platform: Linux  PlatformVersion: 5.14.0-427.37.1.el9_4.x86_64  CompilerName: GCC  CompilerVersion: 8.4.0
ProgramName: mris_calc  ProgramArguments: mris_calc -all-info  ProgramVersion: 7.3.2  TimeStamp: 2026/03/08-16:35:25-GMT  BuildTime: Aug  4 2022 06:17:15  BuildStamp: freesurfer-linux-ubuntu22_x86_64-7.3.2-20220804-6354275  User: oesteban  Machine: dna013  Platform: Linux  PlatformVersion: 5.14.0-427.37.1.el9_4.x86_64  CompilerName: GCC  CompilerVersion: 8.4.0
ProgramName: mris_convert  ProgramArguments: mris_convert -all-info  ProgramVersion: 7.3.2  TimeStamp: 2026/03/08-16:35:25-GMT  BuildTime: Aug  4 2022 06:17:15  BuildStamp: freesurfer-linux-ubuntu22_x86_64-7.3.2-20220804-6354275  User: oesteban  Machine: dna013  Platform: Linux  PlatformVersion: 5.14.0-427.37.1.el9_4.x86_64  CompilerName: GCC  CompilerVersion: 8.4.0
ProgramName: mris_curvature  ProgramArguments: mris_curvature -all-info  ProgramVersion: 7.3.2  TimeStamp: 2026/03/08-16:35:25-GMT  BuildTime: Aug  4 2022 06:17:15  BuildStamp: freesurfer-linux-ubuntu22_x86_64-7.3.2-20220804-6354275  User: oesteban  Machine: dna013  Platform: Linux  PlatformVersion: 5.14.0-427.37.1.el9_4.x86_64  CompilerName: GCC  CompilerVersion: 8.4.0
ProgramName: mris_curvature_stats  ProgramArguments: mris_curvature_stats -all-info  ProgramVersion: 7.3.2  TimeStamp: 2026/03/08-16:35:25-GMT  BuildTime: Aug  4 2022 06:17:15  BuildStamp: freesurfer-linux-ubuntu22_x86_64-7.3.2-20220804-6354275  User: oesteban  Machine: dna013  Platform: Linux  PlatformVersion: 5.14.0-427.37.1.el9_4.x86_64  CompilerName: GCC  CompilerVersion: 8.4.0
ProgramName: mris_diff  ProgramArguments: mris_diff -all-info  ProgramVersion: 7.3.2  TimeStamp: 2026/03/08-16:35:25-GMT  BuildTime: Aug  4 2022 06:17:15  BuildStamp: freesurfer-linux-ubuntu22_x86_64-7.3.2-20220804-6354275  User: oesteban  Machine: dna013  Platform: Linux  PlatformVersion: 5.14.0-427.37.1.el9_4.x86_64  CompilerName: GCC  CompilerVersion: 8.4.0
ProgramName: mris_divide_parcellation  ProgramArguments: mris_divide_parcellation -all-info  ProgramVersion: 7.3.2  TimeStamp: 2026/03/08-16:35:25-GMT  BuildTime: Aug  4 2022 06:17:15  BuildStamp: freesurfer-linux-ubuntu22_x86_64-7.3.2-20220804-6354275  User: oesteban  Machine: dna013  Platform: Linux  PlatformVersion: 5.14.0-427.37.1.el9_4.x86_64  CompilerName: GCC  CompilerVersion: 8.4.0
ProgramName: mri_segment  ProgramArguments: mri_segment -all-info  ProgramVersion: 7.3.2  TimeStamp: 2026/03/08-16:35:25-GMT  BuildTime: Aug  4 2022 06:17:15  BuildStamp: freesurfer-linux-ubuntu22_x86_64-7.3.2-20220804-6354275  User: oesteban  Machine: dna013  Platform: Linux  PlatformVersion: 5.14.0-427.37.1.el9_4.x86_64  CompilerName: GCC  CompilerVersion: 8.4.0
ProgramName: mri_segstats  ProgramArguments: mri_segstats -all-info  ProgramVersion: 7.3.2  TimeStamp: 2026/03/08-16:35:25-GMT  BuildTime: Aug  4 2022 06:17:15  BuildStamp: freesurfer-linux-ubuntu22_x86_64-7.3.2-20220804-6354275  User: oesteban  Machine: dna013  Platform: Linux  PlatformVersion: 5.14.0-427.37.1.el9_4.x86_64  CompilerName: GCC  CompilerVersion: 8.4.0
ProgramName: mris_euler_number  ProgramArguments: mris_euler_number -all-info  ProgramVersion: 7.3.2  TimeStamp: 2026/03/08-16:35:25-GMT  BuildTime: Aug  4 2022 06:17:15  BuildStamp: freesurfer-linux-ubuntu22_x86_64-7.3.2-20220804-6354275  User: oesteban  Machine: dna013  Platform: Linux  PlatformVersion: 5.14.0-427.37.1.el9_4.x86_64  CompilerName: GCC  CompilerVersion: 8.4.0
ProgramName: mris_fix_topology  ProgramArguments: mris_fix_topology -all-info  ProgramVersion: 7.3.2  TimeStamp: 2026/03/08-16:35:25-GMT  BuildTime: Aug  4 2022 06:17:15  BuildStamp: freesurfer-linux-ubuntu22_x86_64-7.3.2-20220804-6354275  User: oesteban  Machine: dna013  Platform: Linux  PlatformVersion: 5.14.0-427.37.1.el9_4.x86_64  CompilerName: GCC  CompilerVersion: 8.4.0
ProgramName: mris_topo_fixer  ProgramArguments: mris_topo_fixer -all-info  ProgramVersion: 7.3.2  TimeStamp: 2026/03/08-16:35:25-GMT  BuildTime: Aug  4 2022 06:17:15  BuildStamp: freesurfer-linux-ubuntu22_x86_64-7.3.2-20220804-6354275  User: oesteban  Machine: dna013  Platform: Linux  PlatformVersion: 5.14.0-427.37.1.el9_4.x86_64  CompilerName: GCC  CompilerVersion: 8.4.0
ProgramName: mris_jacobian  ProgramArguments: mris_jacobian -all-info  ProgramVersion: 7.3.2  TimeStamp: 2026/03/08-16:35:25-GMT  BuildTime: Aug  4 2022 06:17:15  BuildStamp: freesurfer-linux-ubuntu22_x86_64-7.3.2-20220804-6354275  User: oesteban  Machine: dna013  Platform: Linux  PlatformVersion: 5.14.0-427.37.1.el9_4.x86_64  CompilerName: GCC  CompilerVersion: 8.4.0
ProgramName: mris_label2annot  ProgramArguments: mris_label2annot -all-info  ProgramVersion: 7.3.2  TimeStamp: 2026/03/08-16:35:25-GMT  BuildTime: Aug  4 2022 06:17:15  BuildStamp: freesurfer-linux-ubuntu22_x86_64-7.3.2-20220804-6354275  User: oesteban  Machine: dna013  Platform: Linux  PlatformVersion: 5.14.0-427.37.1.el9_4.x86_64  CompilerName: GCC  CompilerVersion: 8.4.0
ProgramName: mris_left_right_register  ProgramArguments: mris_left_right_register -all-info  ProgramVersion: 7.3.2  TimeStamp: 2026/03/08-16:35:25-GMT  BuildTime: Aug  4 2022 06:17:15  BuildStamp: freesurfer-linux-ubuntu22_x86_64-7.3.2-20220804-6354275  User: oesteban  Machine: dna013  Platform: Linux  PlatformVersion: 5.14.0-427.37.1.el9_4.x86_64  CompilerName: GCC  CompilerVersion: 8.4.0
ProgramName: mris_place_surface  ProgramArguments: mris_place_surface -all-info  ProgramVersion: 7.3.2  TimeStamp: 2026/03/08-16:35:25-GMT  BuildTime: Aug  4 2022 06:17:15  BuildStamp: freesurfer-linux-ubuntu22_x86_64-7.3.2-20220804-6354275  User: oesteban  Machine: dna013  Platform: Linux  PlatformVersion: 5.14.0-427.37.1.el9_4.x86_64  CompilerName: GCC  CompilerVersion: 8.4.0
ProgramName: mrisp_paint  ProgramArguments: mrisp_paint -all-info  ProgramVersion: 7.3.2  TimeStamp: 2026/03/08-16:35:25-GMT  BuildTime: Aug  4 2022 06:17:15  BuildStamp: freesurfer-linux-ubuntu22_x86_64-7.3.2-20220804-6354275  User: oesteban  Machine: dna013  Platform: Linux  PlatformVersion: 5.14.0-427.37.1.el9_4.x86_64  CompilerName: GCC  CompilerVersion: 8.4.0
ProgramName: mris_register  ProgramArguments: mris_register -all-info  ProgramVersion: 7.3.2  TimeStamp: 2026/03/08-16:35:25-GMT  BuildTime: Aug  4 2022 06:17:15  BuildStamp: freesurfer-linux-ubuntu22_x86_64-7.3.2-20220804-6354275  User: oesteban  Machine: dna013  Platform: Linux  PlatformVersion: 5.14.0-427.37.1.el9_4.x86_64  CompilerName: GCC  CompilerVersion: 8.4.0
ProgramName: mris_smooth  ProgramArguments: mris_smooth -all-info  ProgramVersion: 7.3.2  TimeStamp: 2026/03/08-16:35:25-GMT  BuildTime: Aug  4 2022 06:17:15  BuildStamp: freesurfer-linux-ubuntu22_x86_64-7.3.2-20220804-6354275  User: oesteban  Machine: dna013  Platform: Linux  PlatformVersion: 5.14.0-427.37.1.el9_4.x86_64  CompilerName: GCC  CompilerVersion: 8.4.0
ProgramName: mris_sphere  ProgramArguments: mris_sphere -all-info  ProgramVersion: 7.3.2  TimeStamp: 2026/03/08-16:35:25-GMT  BuildTime: Aug  4 2022 06:17:15  BuildStamp: freesurfer-linux-ubuntu22_x86_64-7.3.2-20220804-6354275  User: oesteban  Machine: dna013  Platform: Linux  PlatformVersion: 5.14.0-427.37.1.el9_4.x86_64  CompilerName: GCC  CompilerVersion: 8.4.0
ProgramName: mris_surface_stats  ProgramArguments: mris_surface_stats -all-info  ProgramVersion: 7.3.2  TimeStamp: 2026/03/08-16:35:25-GMT  BuildTime: Aug  4 2022 06:17:15  BuildStamp: freesurfer-linux-ubuntu22_x86_64-7.3.2-20220804-6354275  User: oesteban  Machine: dna013  Platform: Linux  PlatformVersion: 5.14.0-427.37.1.el9_4.x86_64  CompilerName: GCC  CompilerVersion: 8.4.0
ProgramName: mri_stats2seg  ProgramArguments: mri_stats2seg -all-info  ProgramVersion: 7.3.2  TimeStamp: 2026/03/08-16:35:25-GMT  BuildTime: Aug  4 2022 06:17:15  BuildStamp: freesurfer-linux-ubuntu22_x86_64-7.3.2-20220804-6354275  User: oesteban  Machine: dna013  Platform: Linux  PlatformVersion: 5.14.0-427.37.1.el9_4.x86_64  CompilerName: GCC  CompilerVersion: 8.4.0
ProgramName: mris_thickness  ProgramArguments: mris_thickness -all-info  ProgramVersion: 7.3.2  TimeStamp: 2026/03/08-16:35:25-GMT  BuildTime: Aug  4 2022 06:17:15  BuildStamp: freesurfer-linux-ubuntu22_x86_64-7.3.2-20220804-6354275  User: oesteban  Machine: dna013  Platform: Linux  PlatformVersion: 5.14.0-427.37.1.el9_4.x86_64  CompilerName: GCC  CompilerVersion: 8.4.0
ProgramName: mris_thickness_diff  ProgramArguments: mris_thickness_diff -all-info  ProgramVersion: 7.3.2  TimeStamp: 2026/03/08-16:35:25-GMT  BuildTime: Aug  4 2022 06:17:15  BuildStamp: freesurfer-linux-ubuntu22_x86_64-7.3.2-20220804-6354275  User: oesteban  Machine: dna013  Platform: Linux  PlatformVersion: 5.14.0-427.37.1.el9_4.x86_64  CompilerName: GCC  CompilerVersion: 8.4.0
ProgramName: mris_topo_fixer  ProgramArguments: mris_topo_fixer -all-info  ProgramVersion: 7.3.2  TimeStamp: 2026/03/08-16:35:25-GMT  BuildTime: Aug  4 2022 06:17:15  BuildStamp: freesurfer-linux-ubuntu22_x86_64-7.3.2-20220804-6354275  User: oesteban  Machine: dna013  Platform: Linux  PlatformVersion: 5.14.0-427.37.1.el9_4.x86_64  CompilerName: GCC  CompilerVersion: 8.4.0
ProgramName: mri_surf2surf  ProgramArguments: mri_surf2surf -all-info  ProgramVersion: 7.3.2  TimeStamp: 2026/03/08-16:35:25-GMT  BuildTime: Aug  4 2022 06:17:15  BuildStamp: freesurfer-linux-ubuntu22_x86_64-7.3.2-20220804-6354275  User: oesteban  Machine: dna013  Platform: Linux  PlatformVersion: 5.14.0-427.37.1.el9_4.x86_64  CompilerName: GCC  CompilerVersion: 8.4.0
ProgramName: mri_surf2vol  ProgramArguments: mri_surf2vol -all-info  ProgramVersion: 7.3.2  TimeStamp: 2026/03/08-16:35:25-GMT  BuildTime: Aug  4 2022 06:17:15  BuildStamp: freesurfer-linux-ubuntu22_x86_64-7.3.2-20220804-6354275  User: oesteban  Machine: dna013  Platform: Linux  PlatformVersion: 5.14.0-427.37.1.el9_4.x86_64  CompilerName: GCC  CompilerVersion: 8.4.0
ProgramName: mri_surfcluster  ProgramArguments: mri_surfcluster -all-info  ProgramVersion: 7.3.2  TimeStamp: 2026/03/08-16:35:25-GMT  BuildTime: Aug  4 2022 06:17:15  BuildStamp: freesurfer-linux-ubuntu22_x86_64-7.3.2-20220804-6354275  User: oesteban  Machine: dna013  Platform: Linux  PlatformVersion: 5.14.0-427.37.1.el9_4.x86_64  CompilerName: GCC  CompilerVersion: 8.4.0
ProgramName: mris_volmask  ProgramArguments: mris_volmask -all-info  ProgramVersion: 7.3.2  TimeStamp: 2026/03/08-16:35:25-GMT  BuildTime: Aug  4 2022 06:17:15  BuildStamp: freesurfer-linux-ubuntu22_x86_64-7.3.2-20220804-6354275  User: oesteban  Machine: dna013  Platform: Linux  PlatformVersion: 5.14.0-427.37.1.el9_4.x86_64  CompilerName: GCC  CompilerVersion: 8.4.0
ProgramName: mri_tessellate  ProgramArguments: mri_tessellate -all-info  ProgramVersion: 7.3.2  TimeStamp: 2026/03/08-16:35:25-GMT  BuildTime: Aug  4 2022 06:17:15  BuildStamp: freesurfer-linux-ubuntu22_x86_64-7.3.2-20220804-6354275  User: oesteban  Machine: dna013  Platform: Linux  PlatformVersion: 5.14.0-427.37.1.el9_4.x86_64  CompilerName: GCC  CompilerVersion: 8.4.0
ProgramName: mri_vol2surf  ProgramArguments: mri_vol2surf -all-info  ProgramVersion: 7.3.2  TimeStamp: 2026/03/08-16:35:25-GMT  BuildTime: Aug  4 2022 06:17:15  BuildStamp: freesurfer-linux-ubuntu22_x86_64-7.3.2-20220804-6354275  User: oesteban  Machine: dna013  Platform: Linux  PlatformVersion: 5.14.0-427.37.1.el9_4.x86_64  CompilerName: GCC  CompilerVersion: 8.4.0
ProgramName: mri_vol2vol  ProgramArguments: mri_vol2vol -all-info  ProgramVersion: 7.3.2  TimeStamp: 2026/03/08-16:35:25-GMT  BuildTime: Aug  4 2022 06:17:15  BuildStamp: freesurfer-linux-ubuntu22_x86_64-7.3.2-20220804-6354275  User: oesteban  Machine: dna013  Platform: Linux  PlatformVersion: 5.14.0-427.37.1.el9_4.x86_64  CompilerName: GCC  CompilerVersion: 8.4.0
ProgramName: mri_voldiff  ProgramArguments: mri_voldiff -all-info  ProgramVersion: 7.3.2  TimeStamp: 2026/03/08-16:35:25-GMT  BuildTime: Aug  4 2022 06:17:15  BuildStamp: freesurfer-linux-ubuntu22_x86_64-7.3.2-20220804-6354275  User: oesteban  Machine: dna013  Platform: Linux  PlatformVersion: 5.14.0-427.37.1.el9_4.x86_64  CompilerName: GCC  CompilerVersion: 8.4.0
ProgramName: mri_watershed  ProgramArguments: mri_watershed -all-info  ProgramVersion: 7.3.2  TimeStamp: 2026/03/08-16:35:25-GMT  BuildTime: Aug  4 2022 06:17:15  BuildStamp: freesurfer-linux-ubuntu22_x86_64-7.3.2-20220804-6354275  User: oesteban  Machine: dna013  Platform: Linux  PlatformVersion: 5.14.0-427.37.1.el9_4.x86_64  CompilerName: GCC  CompilerVersion: 8.4.0
ProgramName: tkregister2  ProgramArguments: tkregister2_cmdl -all-info  ProgramVersion: 7.3.2  TimeStamp: 2026/03/08-16:35:25-GMT  BuildTime: Aug  4 2022 06:17:15  BuildStamp: freesurfer-linux-ubuntu22_x86_64-7.3.2-20220804-6354275  User: oesteban  Machine: dna013  Platform: Linux  PlatformVersion: 5.14.0-427.37.1.el9_4.x86_64  CompilerName: GCC  CompilerVersion: 8.4.0
mri_motion_correct.fsl 7.3.2
mri_convert -all-info 
ProgramName: mri_convert  ProgramArguments: mri_convert -all-info  ProgramVersion: 7.3.2  TimeStamp: 2026/03/08-16:35:25-GMT  BuildTime: Aug  4 2022 06:17:15  BuildStamp: freesurfer-linux-ubuntu22_x86_64-7.3.2-20220804-6354275  User: oesteban  Machine: dna013  Platform: Linux  PlatformVersion: 5.14.0-427.37.1.el9_4.x86_64  CompilerName: GCC  CompilerVersion: 8.4.0
Program nu_correct, built from:
Package MNI N3, version 1.12.0, compiled by nicks@terrier (x86_64-unknown-linux-gnu) on 2015-06-19 at 01:25:34
#######################################
GCADIR /opt/freesurfer/average
GCA RB_all_2020-01-02.gca
GCASkull RB_all_withskull_2020_01_02.gca
AvgCurvTif folding.atlas.acfb40.noaparc.i12.2016-08-02.tif
GCSDIR /opt/freesurfer/average
GCS DKaparc.atlas.acfb40.noaparc.i12.2016-08-02.gcs
#######################################
#-------------------------------------
#@# EM Registration Sun Mar  8 17:35:26 CET 2026
/out/sourcedata/freesurfer/sub-v1s14x0051561_ses-1/mri

 mri_em_register -uns 3 -mask brainmask.mgz nu.mgz /opt/freesurfer/average/RB_all_2020-01-02.gca transforms/talairach.lta 

setting unknown_nbr_spacing = 3
using MR volume brainmask.mgz to mask input volume...

== Number of threads available to mri_em_register for OpenMP = 16 == 
reading 1 input volumes...
logging results to talairach.log
reading '/opt/freesurfer/average/RB_all_2020-01-02.gca'...
GCAread took 0 minutes and 1 seconds.
average std = 7.2   using min determinant for regularization = 5.2
0 singular and 884 ill-conditioned covariance matrices regularized
reading 'nu.mgz'...
MRImask(): AllowDiffGeom = 1
MRImask(): AllowDiffGeom = 1
MRImask(): AllowDiffGeom = 1
MRImask(): AllowDiffGeom = 1
MRImask(): AllowDiffGeom = 1
freeing gibbs priors...done.
accounting for voxel sizes in initial transform
bounding unknown intensity as < 5.9 or > 519.0 
total sample mean = 79.1 (1017 zeros)
************************************************
spacing=8, using 2841 sample points, tol=1.00e-05...
************************************************
register_mri: find_optimal_transform
find_optimal_transform: nsamples 2841, passno 0, spacing 8
resetting wm mean[0]: 98 --> 107
resetting gm mean[0]: 61 --> 61
input volume #1 is the most T1-like
using real data threshold=18.9
skull bounding box = (60, 71, 30) --> (197, 207, 206)
finding center of left hemi white matter
using (106, 116, 118) as brain centroid of Right_Cerebral_White_Matter...
MRImask(): AllowDiffGeom = 1
mean wm in atlas = 107, using box (89,99,96) --> (122, 132,139) to find MRI wm
before smoothing, mri peak at 106
robust fit to distribution - 108 +- 3.9
after smoothing, mri peak at 108, scaling input intensities by 0.991
scaling channel 0 by 0.990741
initial log_p = -4.209
************************************************
First Search limited to translation only.
************************************************
max log p =    -3.985865 @ (-10.526, -10.526, -10.526)
max log p =    -3.654423 @ (5.263, -5.263, 5.263)
max log p =    -3.640508 @ (2.632, -2.632, -2.632)
max log p =    -3.618121 @ (-1.316, 3.947, 1.316)
max log p =    -3.592192 @ (0.658, -1.974, 0.658)
max log p =    -3.592192 @ (0.000, 0.000, 0.000)
max log p =    -3.592192 @ (0.000, 0.000, 0.000)
max log p =    -3.592192 @ (0.000, 0.000, 0.000)
Found translation: (-3.3, -16.4, -5.9): log p = -3.592
****************************************
Nine parameter search.  iteration 0 nscales = 0 ...
****************************************
Result so far: scale 1.000: max_log_p=-3.432, old_max_log_p =-3.592 (thresh=-3.6)
 1.00000   0.00000   0.00000  -3.28948;
 0.00000   1.03837   0.27823  -52.63439;
 0.00000  -0.23941   0.89348   38.43555;
 0.00000   0.00000   0.00000   1.00000;
iteration took 0 minutes and 14 seconds.
****************************************
Nine parameter search.  iteration 1 nscales = 0 ...
****************************************
Result so far: scale 1.000: max_log_p=-3.427, old_max_log_p =-3.432 (thresh=-3.4)
 1.00000   0.00000   0.00000  -3.28948;
 0.00000   1.06074   0.15923  -42.42021;
 0.00000  -0.10182   0.92215   16.56795;
 0.00000   0.00000   0.00000   1.00000;
iteration took 0 minutes and 14 seconds.
****************************************
Nine parameter search.  iteration 2 nscales = 0 ...
****************************************
Result so far: scale 1.000: max_log_p=-3.427, old_max_log_p =-3.427 (thresh=-3.4)
 1.00000   0.00000   0.00000  -3.28948;
 0.00000   1.06074   0.15923  -42.42021;
 0.00000  -0.10182   0.92215   16.56795;
 0.00000   0.00000   0.00000   1.00000;
reducing scale to 0.2500
iteration took 0 minutes and 14 seconds.
****************************************
Nine parameter search.  iteration 3 nscales = 1 ...
****************************************
Result so far: scale 0.250: max_log_p=-3.284, old_max_log_p =-3.427 (thresh=-3.4)
 1.03528   0.01160  -0.06173  -2.58033;
 0.00000   1.05181   0.21920  -47.88524;
 0.06786  -0.17701   0.94186   17.62732;
 0.00000   0.00000   0.00000   1.00000;
iteration took 0 minutes and 13 seconds.
****************************************
Nine parameter search.  iteration 4 nscales = 1 ...
****************************************
Result so far: scale 0.250: max_log_p=-3.284, old_max_log_p =-3.284 (thresh=-3.3)
 1.03528   0.01160  -0.06173  -2.58033;
 0.00000   1.05181   0.21920  -47.88524;
 0.06786  -0.17701   0.94186   17.62732;
 0.00000   0.00000   0.00000   1.00000;
reducing scale to 0.0625
iteration took 0 minutes and 14 seconds.
****************************************
Nine parameter search.  iteration 5 nscales = 2 ...
****************************************
Result so far: scale 0.062: max_log_p=-3.263, old_max_log_p =-3.284 (thresh=-3.3)
 1.03645   0.00314  -0.06367  -1.35319;
 0.00890   1.05408   0.22719  -49.76416;
 0.06789  -0.18583   0.94114   18.43416;
 0.00000   0.00000   0.00000   1.00000;
iteration took 0 minutes and 12 seconds.
****************************************
Nine parameter search.  iteration 6 nscales = 2 ...
****************************************
Result so far: scale 0.062: max_log_p=-3.255, old_max_log_p =-3.263 (thresh=-3.3)
 1.03766   0.00314  -0.06375  -1.50302;
 0.00893   1.05779   0.22799  -50.35895;
 0.06781  -0.18561   0.94003   18.53610;
 0.00000   0.00000   0.00000   1.00000;
iteration took 0 minutes and 12 seconds.
****************************************
Nine parameter search.  iteration 7 nscales = 2 ...
****************************************
Result so far: scale 0.062: max_log_p=-3.255, old_max_log_p =-3.255 (thresh=-3.3)
 1.03766   0.00314  -0.06375  -1.50302;
 0.00893   1.05779   0.22799  -50.35895;
 0.06781  -0.18561   0.94003   18.53610;
 0.00000   0.00000   0.00000   1.00000;
min search scale 0.025000 reached
***********************************************
Computing MAP estimate using 2841 samples...
***********************************************
dt = 5.00e-06, momentum=0.80, tol=1.00e-05
l_intensity = 1.0000
Aligning input volume to GCA...
Transform matrix
 1.03766   0.00314  -0.06375  -1.50302;
 0.00893   1.05779   0.22799  -50.35895;
 0.06781  -0.18561   0.94003   18.53610;
 0.00000   0.00000   0.00000   1.00000;
nsamples 2841
Quasinewton: input matrix
 1.03766   0.00314  -0.06375  -1.50302;
 0.00893   1.05779   0.22799  -50.35895;
 0.06781  -0.18561   0.94003   18.53610;
 0.00000   0.00000   0.00000   1.00000;
 IFLAG= -1  LINE SEARCH FAILED. SEE DOCUMENTATION OF ROUTINE MCSRCH ERROR RETURN OF LINE SEARCH: INFO= 3 POSSIBLE CAUSES: FUNCTION OR GRADIENT ARE INCORRECT OR INCORRECT TOLERANCESoutof QuasiNewtonEMA: 010: -log(p) =   -0.0  tol 0.000010
Resulting transform:
 1.03766   0.00314  -0.06375  -1.50302;
 0.00893   1.05779   0.22799  -50.35895;
 0.06781  -0.18561   0.94003   18.53610;
 0.00000   0.00000   0.00000   1.00000;

pass 1, spacing 8: log(p) = -3.255 (old=-4.209)
transform before final EM align:
 1.03766   0.00314  -0.06375  -1.50302;
 0.00893   1.05779   0.22799  -50.35895;
 0.06781  -0.18561   0.94003   18.53610;
 0.00000   0.00000   0.00000   1.00000;

**************************************************
 EM alignment process ...
 Computing final MAP estimate using 315638 samples. 
**************************************************
dt = 5.00e-06, momentum=0.80, tol=1.00e-07
l_intensity = 1.0000
Aligning input volume to GCA...
Transform matrix
 1.03766   0.00314  -0.06375  -1.50302;
 0.00893   1.05779   0.22799  -50.35895;
 0.06781  -0.18561   0.94003   18.53610;
 0.00000   0.00000   0.00000   1.00000;
nsamples 315638
Quasinewton: input matrix
 1.03766   0.00314  -0.06375  -1.50302;
 0.00893   1.05779   0.22799  -50.35895;
 0.06781  -0.18561   0.94003   18.53610;
 0.00000   0.00000   0.00000   1.00000;
 IFLAG= -1  LINE SEARCH FAILED. SEE DOCUMENTATION OF ROUTINE MCSRCH ERROR RETURN OF LINE SEARCH: INFO= 6 POSSIBLE CAUSES: FUNCTION OR GRADIENT ARE INCORRECT OR INCORRECT TOLERANCESoutof QuasiNewtonEMA: 012: -log(p) =    3.9  tol 0.000000
final transform:
 1.03766   0.00314  -0.06375  -1.50302;
 0.00893   1.05779   0.22799  -50.35895;
 0.06781  -0.18561   0.94003   18.53610;
 0.00000   0.00000   0.00000   1.00000;

writing output transformation to transforms/talairach.lta...
#VMPC# mri_em_register VmPeak  891288
FSRUNTIME@ mri_em_register  0.0514 hours 16 threads
registration took 3 minutes and 5 seconds.

Started at Sun Mar 8 17:35:25 CET 2026 
Ended   at Sun Mar 8 17:38:31 CET 2026
#@#%# recon-all-run-time-hours 0.052
recon-all -s sub-v1s14x0051561_ses-1 finished without error at Sun Mar  8 17:38:31 CET 2026



#New# invocation of recon-all 




Sun Mar  8 17:38:31 CET 2026
cd /out/sourcedata/freesurfer/sub-v1s14x0051561_ses-1
setenv SUBJECTS_DIR /out/sourcedata/freesurfer
/opt/freesurfer/bin/recon-all -autorecon2-volonly -openmp 16 -subjid sub-v1s14x0051561_ses-1 -sd /out/sourcedata/freesurfer -nogcareg

subjid sub-v1s14x0051561_ses-1
setenv SUBJECTS_DIR /out/sourcedata/freesurfer
FREESURFER_HOME /opt/freesurfer
Actual FREESURFER_HOME /opt/freesurfer
build-stamp.txt: freesurfer-linux-ubuntu22_x86_64-7.3.2-20220804-6354275
Linux dna013 5.14.0-427.37.1.el9_4.x86_64 #1 SMP PREEMPT_DYNAMIC Fri Sep 13 12:41:50 EDT 2024 x86_64 x86_64 x86_64 GNU/Linux
cputime      unlimited
filesize     unlimited
datasize     unlimited
stacksize    8192 kbytes
coredumpsize 0 kbytes
memoryuse    67108864 kbytes
vmemoryuse   unlimited
descriptors  1024 
memorylocked unlimited
maxproc      2061970 
maxlocks     unlimited
maxsignal    2061970 
maxmessage   819200 
maxnice      0 
maxrtprio    0 
maxrttime    unlimited

               total        used        free      shared  buff/cache   available
Mem:           503Gi        46Gi       431Gi       7.6Gi        25Gi       446Gi
Swap:             0B          0B          0B

########################################
program versions used
7.3.2 (freesurfer-linux-ubuntu22_x86_64-7.3.2-20220804-6354275)
7.3.2

ProgramName: lta_convert  ProgramArguments: lta_convert -all-info  ProgramVersion: 7.3.2  TimeStamp: 2026/03/08-16:38:31-GMT  BuildTime: Aug  4 2022 06:17:15  BuildStamp: freesurfer-linux-ubuntu22_x86_64-7.3.2-20220804-6354275  User: oesteban  Machine: dna013  Platform: Linux  PlatformVersion: 5.14.0-427.37.1.el9_4.x86_64  CompilerName: GCC  CompilerVersion: 8.4.0
ProgramName: mri_and  ProgramArguments: mri_and -all-info  ProgramVersion: 7.3.2  TimeStamp: 2026/03/08-16:38:31-GMT  BuildTime: Aug  4 2022 06:17:15  BuildStamp: freesurfer-linux-ubuntu22_x86_64-7.3.2-20220804-6354275  User: oesteban  Machine: dna013  Platform: Linux  PlatformVersion: 5.14.0-427.37.1.el9_4.x86_64  CompilerName: GCC  CompilerVersion: 8.4.0
ProgramName: mri_annotation2label  ProgramArguments: mri_annotation2label -all-info  ProgramVersion: 7.3.2  TimeStamp: 2026/03/08-16:38:31-GMT  BuildTime: Aug  4 2022 06:17:15  BuildStamp: freesurfer-linux-ubuntu22_x86_64-7.3.2-20220804-6354275  User: oesteban  Machine: dna013  Platform: Linux  PlatformVersion: 5.14.0-427.37.1.el9_4.x86_64  CompilerName: GCC  CompilerVersion: 8.4.0
ProgramName: mri_aparc2aseg  ProgramArguments: mri_aparc2aseg -all-info  ProgramVersion: 7.3.2  TimeStamp: 2026/03/08-16:38:31-GMT  BuildTime: Aug  4 2022 06:17:15  BuildStamp: freesurfer-linux-ubuntu22_x86_64-7.3.2-20220804-6354275  User: oesteban  Machine: dna013  Platform: Linux  PlatformVersion: 5.14.0-427.37.1.el9_4.x86_64  CompilerName: GCC  CompilerVersion: 8.4.0
ProgramName: mri_surf2volseg  ProgramArguments: mri_surf2volseg -all-info  ProgramVersion: 7.3.2  TimeStamp: 2026/03/08-16:38:31-GMT  BuildTime: Aug  4 2022 06:17:15  BuildStamp: freesurfer-linux-ubuntu22_x86_64-7.3.2-20220804-6354275  User: oesteban  Machine: dna013  Platform: Linux  PlatformVersion: 5.14.0-427.37.1.el9_4.x86_64  CompilerName: GCC  CompilerVersion: 8.4.0
ProgramName: mri_binarize  ProgramArguments: mri_binarize -all-info  ProgramVersion: 7.3.2  TimeStamp: 2026/03/08-16:38:31-GMT  BuildTime: Aug  4 2022 06:17:15  BuildStamp: freesurfer-linux-ubuntu22_x86_64-7.3.2-20220804-6354275  User: oesteban  Machine: dna013  Platform: Linux  PlatformVersion: 5.14.0-427.37.1.el9_4.x86_64  CompilerName: GCC  CompilerVersion: 8.4.0
ProgramName: mri_ca_label  ProgramArguments: mri_ca_label -all-info  ProgramVersion: 7.3.2  TimeStamp: 2026/03/08-16:38:31-GMT  BuildTime: Aug  4 2022 06:17:15  BuildStamp: freesurfer-linux-ubuntu22_x86_64-7.3.2-20220804-6354275  User: oesteban  Machine: dna013  Platform: Linux  PlatformVersion: 5.14.0-427.37.1.el9_4.x86_64  CompilerName: GCC  CompilerVersion: 8.4.0
ProgramName: mri_ca_normalize  ProgramArguments: mri_ca_normalize -all-info  ProgramVersion: 7.3.2  TimeStamp: 2026/03/08-16:38:31-GMT  BuildTime: Aug  4 2022 06:17:15  BuildStamp: freesurfer-linux-ubuntu22_x86_64-7.3.2-20220804-6354275  User: oesteban  Machine: dna013  Platform: Linux  PlatformVersion: 5.14.0-427.37.1.el9_4.x86_64  CompilerName: GCC  CompilerVersion: 8.4.0
ProgramName: mri_ca_register  ProgramArguments: mri_ca_register -all-info  ProgramVersion: 7.3.2  TimeStamp: 2026/03/08-16:38:31-GMT  BuildTime: Aug  4 2022 06:17:15  BuildStamp: freesurfer-linux-ubuntu22_x86_64-7.3.2-20220804-6354275  User: oesteban  Machine: dna013  Platform: Linux  PlatformVersion: 5.14.0-427.37.1.el9_4.x86_64  CompilerName: GCC  CompilerVersion: 8.4.0
ProgramName: mri_cc  ProgramArguments: mri_cc -all-info  ProgramVersion: 7.3.2  TimeStamp: 2026/03/08-16:38:31-GMT  BuildTime: Aug  4 2022 06:17:15  BuildStamp: freesurfer-linux-ubuntu22_x86_64-7.3.2-20220804-6354275  User: oesteban  Machine: dna013  Platform: Linux  PlatformVersion: 5.14.0-427.37.1.el9_4.x86_64  CompilerName: GCC  CompilerVersion: 8.4.0
ProgramName: mri_compute_overlap  ProgramArguments: mri_compute_overlap -all-info  ProgramVersion: 7.3.2  TimeStamp: 2026/03/08-16:38:31-GMT  BuildTime: Aug  4 2022 06:17:15  BuildStamp: freesurfer-linux-ubuntu22_x86_64-7.3.2-20220804-6354275  User: oesteban  Machine: dna013  Platform: Linux  PlatformVersion: 5.14.0-427.37.1.el9_4.x86_64  CompilerName: GCC  CompilerVersion: 8.4.0
ProgramName: mri_compute_seg_overlap  ProgramArguments: mri_compute_seg_overlap -all-info  ProgramVersion: 7.3.2  TimeStamp: 2026/03/08-16:38:31-GMT  BuildTime: Aug  4 2022 06:17:15  BuildStamp: freesurfer-linux-ubuntu22_x86_64-7.3.2-20220804-6354275  User: oesteban  Machine: dna013  Platform: Linux  PlatformVersion: 5.14.0-427.37.1.el9_4.x86_64  CompilerName: GCC  CompilerVersion: 8.4.0
ProgramName: mri_concat  ProgramArguments: mri_concat -all-info  ProgramVersion: 7.3.2  TimeStamp: 2026/03/08-16:38:31-GMT  BuildTime: Aug  4 2022 06:17:15  BuildStamp: freesurfer-linux-ubuntu22_x86_64-7.3.2-20220804-6354275  User: oesteban  Machine: dna013  Platform: Linux  PlatformVersion: 5.14.0-427.37.1.el9_4.x86_64  CompilerName: GCC  CompilerVersion: 8.4.0
ProgramName: mri_concatenate_lta  ProgramArguments: mri_concatenate_lta -all-info  ProgramVersion: 7.3.2  TimeStamp: 2026/03/08-16:38:31-GMT  BuildTime: Aug  4 2022 06:17:15  BuildStamp: freesurfer-linux-ubuntu22_x86_64-7.3.2-20220804-6354275  User: oesteban  Machine: dna013  Platform: Linux  PlatformVersion: 5.14.0-427.37.1.el9_4.x86_64  CompilerName: GCC  CompilerVersion: 8.4.0
mri_convert -all-info 
ProgramName: mri_convert  ProgramArguments: mri_convert -all-info  ProgramVersion: 7.3.2  TimeStamp: 2026/03/08-16:38:31-GMT  BuildTime: Aug  4 2022 06:17:15  BuildStamp: freesurfer-linux-ubuntu22_x86_64-7.3.2-20220804-6354275  User: oesteban  Machine: dna013  Platform: Linux  PlatformVersion: 5.14.0-427.37.1.el9_4.x86_64  CompilerName: GCC  CompilerVersion: 8.4.0
ProgramName: mri_diff  ProgramArguments: mri_diff -all-info  ProgramVersion: 7.3.2  TimeStamp: 2026/03/08-16:38:31-GMT  BuildTime: Aug  4 2022 06:17:15  BuildStamp: freesurfer-linux-ubuntu22_x86_64-7.3.2-20220804-6354275  User: oesteban  Machine: dna013  Platform: Linux  PlatformVersion: 5.14.0-427.37.1.el9_4.x86_64  CompilerName: GCC  CompilerVersion: 8.4.0
ProgramName: mri_edit_wm_with_aseg  ProgramArguments: mri_edit_wm_with_aseg -all-info  ProgramVersion: 7.3.2  TimeStamp: 2026/03/08-16:38:31-GMT  BuildTime: Aug  4 2022 06:17:15  BuildStamp: freesurfer-linux-ubuntu22_x86_64-7.3.2-20220804-6354275  User: oesteban  Machine: dna013  Platform: Linux  PlatformVersion: 5.14.0-427.37.1.el9_4.x86_64  CompilerName: GCC  CompilerVersion: 8.4.0
ProgramName: mri_em_register  ProgramArguments: mri_em_register -all-info  ProgramVersion: 7.3.2  TimeStamp: 2026/03/08-16:38:31-GMT  BuildTime: Aug  4 2022 06:17:15  BuildStamp: freesurfer-linux-ubuntu22_x86_64-7.3.2-20220804-6354275  User: oesteban  Machine: dna013  Platform: Linux  PlatformVersion: 5.14.0-427.37.1.el9_4.x86_64  CompilerName: GCC  CompilerVersion: 8.4.0
ProgramName: mri_fill  ProgramArguments: mri_fill -all-info  ProgramVersion: 7.3.2  TimeStamp: 2026/03/08-16:38:31-GMT  BuildTime: Aug  4 2022 06:17:15  BuildStamp: freesurfer-linux-ubuntu22_x86_64-7.3.2-20220804-6354275  User: oesteban  Machine: dna013  Platform: Linux  PlatformVersion: 5.14.0-427.37.1.el9_4.x86_64  CompilerName: GCC  CompilerVersion: 8.4.0
ProgramName: mri_fuse_segmentations  ProgramArguments: mri_fuse_segmentations -all-info  ProgramVersion: 7.3.2  TimeStamp: 2026/03/08-16:38:31-GMT  BuildTime: Aug  4 2022 06:17:15  BuildStamp: freesurfer-linux-ubuntu22_x86_64-7.3.2-20220804-6354275  User: oesteban  Machine: dna013  Platform: Linux  PlatformVersion: 5.14.0-427.37.1.el9_4.x86_64  CompilerName: GCC  CompilerVersion: 8.4.0
ProgramName: mri_fwhm  ProgramArguments: mri_fwhm -all-info  ProgramVersion: 7.3.2  TimeStamp: 2026/03/08-16:38:31-GMT  BuildTime: Aug  4 2022 06:17:15  BuildStamp: freesurfer-linux-ubuntu22_x86_64-7.3.2-20220804-6354275  User: oesteban  Machine: dna013  Platform: Linux  PlatformVersion: 5.14.0-427.37.1.el9_4.x86_64  CompilerName: GCC  CompilerVersion: 8.4.0
ProgramName: mri_gcut  ProgramArguments: mri_gcut -all-info  ProgramVersion: 7.3.2  TimeStamp: 2026/03/08-16:38:31-GMT  BuildTime: Aug  4 2022 06:17:15  BuildStamp: freesurfer-linux-ubuntu22_x86_64-7.3.2-20220804-6354275  User: oesteban  Machine: dna013  Platform: Linux  PlatformVersion: 5.14.0-427.37.1.el9_4.x86_64  CompilerName: GCC  CompilerVersion: 8.4.0
ProgramName: mri_info  ProgramArguments: mri_info -all-info  ProgramVersion: 7.3.2  TimeStamp: 2026/03/08-16:38:31-GMT  BuildTime: Aug  4 2022 06:17:15  BuildStamp: freesurfer-linux-ubuntu22_x86_64-7.3.2-20220804-6354275  User: oesteban  Machine: dna013  Platform: Linux  PlatformVersion: 5.14.0-427.37.1.el9_4.x86_64  CompilerName: GCC  CompilerVersion: 8.4.0
ProgramName: mri_label2label  ProgramArguments: mri_label2label -all-info  ProgramVersion: 7.3.2  TimeStamp: 2026/03/08-16:38:31-GMT  BuildTime: Aug  4 2022 06:17:15  BuildStamp: freesurfer-linux-ubuntu22_x86_64-7.3.2-20220804-6354275  User: oesteban  Machine: dna013  Platform: Linux  PlatformVersion: 5.14.0-427.37.1.el9_4.x86_64  CompilerName: GCC  CompilerVersion: 8.4.0
ProgramName: mri_label2vol  ProgramArguments: mri_label2vol -all-info  ProgramVersion: 7.3.2  TimeStamp: 2026/03/08-16:38:31-GMT  BuildTime: Aug  4 2022 06:17:15  BuildStamp: freesurfer-linux-ubuntu22_x86_64-7.3.2-20220804-6354275  User: oesteban  Machine: dna013  Platform: Linux  PlatformVersion: 5.14.0-427.37.1.el9_4.x86_64  CompilerName: GCC  CompilerVersion: 8.4.0
ProgramName: mri_log_likelihood  ProgramArguments: mri_log_likelihood -all-info  ProgramVersion: 7.3.2  TimeStamp: 2026/03/08-16:38:31-GMT  BuildTime: Aug  4 2022 06:17:15  BuildStamp: freesurfer-linux-ubuntu22_x86_64-7.3.2-20220804-6354275  User: oesteban  Machine: dna013  Platform: Linux  PlatformVersion: 5.14.0-427.37.1.el9_4.x86_64  CompilerName: GCC  CompilerVersion: 8.4.0
ProgramName: mri_mask  ProgramArguments: mri_mask -all-info  ProgramVersion: 7.3.2  TimeStamp: 2026/03/08-16:38:31-GMT  BuildTime: Aug  4 2022 06:17:15  BuildStamp: freesurfer-linux-ubuntu22_x86_64-7.3.2-20220804-6354275  User: oesteban  Machine: dna013  Platform: Linux  PlatformVersion: 5.14.0-427.37.1.el9_4.x86_64  CompilerName: GCC  CompilerVersion: 8.4.0
ProgramName: mri_matrix_multiply  ProgramArguments: mri_matrix_multiply -all-info  ProgramVersion: 7.3.2  TimeStamp: 2026/03/08-16:38:31-GMT  BuildTime: Aug  4 2022 06:17:15  BuildStamp: freesurfer-linux-ubuntu22_x86_64-7.3.2-20220804-6354275  User: oesteban  Machine: dna013  Platform: Linux  PlatformVersion: 5.14.0-427.37.1.el9_4.x86_64  CompilerName: GCC  CompilerVersion: 8.4.0
ProgramName: mri_normalize  ProgramArguments: mri_normalize -all-info  ProgramVersion: 7.3.2  TimeStamp: 2026/03/08-16:38:31-GMT  BuildTime: Aug  4 2022 06:17:15  BuildStamp: freesurfer-linux-ubuntu22_x86_64-7.3.2-20220804-6354275  User: oesteban  Machine: dna013  Platform: Linux  PlatformVersion: 5.14.0-427.37.1.el9_4.x86_64  CompilerName: GCC  CompilerVersion: 8.4.0
ProgramName: mri_normalize_tp2  ProgramArguments: mri_normalize_tp2 -all-info  ProgramVersion: 7.3.2  TimeStamp: 2026/03/08-16:38:31-GMT  BuildTime: Aug  4 2022 06:17:15  BuildStamp: freesurfer-linux-ubuntu22_x86_64-7.3.2-20220804-6354275  User: oesteban  Machine: dna013  Platform: Linux  PlatformVersion: 5.14.0-427.37.1.el9_4.x86_64  CompilerName: GCC  CompilerVersion: 8.4.0
ProgramName: mri_or  ProgramArguments: mri_or -all-info  ProgramVersion: 7.3.2  TimeStamp: 2026/03/08-16:38:31-GMT  BuildTime: Aug  4 2022 06:17:15  BuildStamp: freesurfer-linux-ubuntu22_x86_64-7.3.2-20220804-6354275  User: oesteban  Machine: dna013  Platform: Linux  PlatformVersion: 5.14.0-427.37.1.el9_4.x86_64  CompilerName: GCC  CompilerVersion: 8.4.0
ProgramName: mri_relabel_hypointensities  ProgramArguments: mri_relabel_hypointensities -all-info  ProgramVersion: 7.3.2  TimeStamp: 2026/03/08-16:38:31-GMT  BuildTime: Aug  4 2022 06:17:15  BuildStamp: freesurfer-linux-ubuntu22_x86_64-7.3.2-20220804-6354275  User: oesteban  Machine: dna013  Platform: Linux  PlatformVersion: 5.14.0-427.37.1.el9_4.x86_64  CompilerName: GCC  CompilerVersion: 8.4.0
ProgramName: mri_relabel_nonwm_hypos  ProgramArguments: mri_relabel_nonwm_hypos -all-info  ProgramVersion: 7.3.2  TimeStamp: 2026/03/08-16:38:31-GMT  BuildTime: Aug  4 2022 06:17:15  BuildStamp: freesurfer-linux-ubuntu22_x86_64-7.3.2-20220804-6354275  User: oesteban  Machine: dna013  Platform: Linux  PlatformVersion: 5.14.0-427.37.1.el9_4.x86_64  CompilerName: GCC  CompilerVersion: 8.4.0
ProgramName: mri_remove_neck  ProgramArguments: mri_remove_neck -all-info  ProgramVersion: 7.3.2  TimeStamp: 2026/03/08-16:38:31-GMT  BuildTime: Aug  4 2022 06:17:15  BuildStamp: freesurfer-linux-ubuntu22_x86_64-7.3.2-20220804-6354275  User: oesteban  Machine: dna013  Platform: Linux  PlatformVersion: 5.14.0-427.37.1.el9_4.x86_64  CompilerName: GCC  CompilerVersion: 8.4.0
7.3.2

ProgramName: mri_robust_register  ProgramArguments: mri_robust_register -all-info  ProgramVersion: 7.3.2  TimeStamp: 2026/03/08-16:38:31-GMT  BuildTime: Aug  4 2022 06:17:15  BuildStamp: freesurfer-linux-ubuntu22_x86_64-7.3.2-20220804-6354275  User: oesteban  Machine: dna013  Platform: Linux  PlatformVersion: 5.14.0-427.37.1.el9_4.x86_64  CompilerName: GCC  CompilerVersion: 8.4.0
7.3.2

ProgramName: mri_robust_template  ProgramArguments: mri_robust_template -all-info  ProgramVersion: 7.3.2  TimeStamp: 2026/03/08-16:38:31-GMT  BuildTime: Aug  4 2022 06:17:15  BuildStamp: freesurfer-linux-ubuntu22_x86_64-7.3.2-20220804-6354275  User: oesteban  Machine: dna013  Platform: Linux  PlatformVersion: 5.14.0-427.37.1.el9_4.x86_64  CompilerName: GCC  CompilerVersion: 8.4.0
ProgramName: mris_anatomical_stats  ProgramArguments: mris_anatomical_stats -all-info  ProgramVersion: 7.3.2  TimeStamp: 2026/03/08-16:38:31-GMT  BuildTime: Aug  4 2022 06:17:15  BuildStamp: freesurfer-linux-ubuntu22_x86_64-7.3.2-20220804-6354275  User: oesteban  Machine: dna013  Platform: Linux  PlatformVersion: 5.14.0-427.37.1.el9_4.x86_64  CompilerName: GCC  CompilerVersion: 8.4.0
ProgramName: mris_ca_label  ProgramArguments: mris_ca_label -all-info  ProgramVersion: 7.3.2  TimeStamp: 2026/03/08-16:38:31-GMT  BuildTime: Aug  4 2022 06:17:15  BuildStamp: freesurfer-linux-ubuntu22_x86_64-7.3.2-20220804-6354275  User: oesteban  Machine: dna013  Platform: Linux  PlatformVersion: 5.14.0-427.37.1.el9_4.x86_64  CompilerName: GCC  CompilerVersion: 8.4.0
ProgramName: mris_calc  ProgramArguments: mris_calc -all-info  ProgramVersion: 7.3.2  TimeStamp: 2026/03/08-16:38:31-GMT  BuildTime: Aug  4 2022 06:17:15  BuildStamp: freesurfer-linux-ubuntu22_x86_64-7.3.2-20220804-6354275  User: oesteban  Machine: dna013  Platform: Linux  PlatformVersion: 5.14.0-427.37.1.el9_4.x86_64  CompilerName: GCC  CompilerVersion: 8.4.0
ProgramName: mris_convert  ProgramArguments: mris_convert -all-info  ProgramVersion: 7.3.2  TimeStamp: 2026/03/08-16:38:31-GMT  BuildTime: Aug  4 2022 06:17:15  BuildStamp: freesurfer-linux-ubuntu22_x86_64-7.3.2-20220804-6354275  User: oesteban  Machine: dna013  Platform: Linux  PlatformVersion: 5.14.0-427.37.1.el9_4.x86_64  CompilerName: GCC  CompilerVersion: 8.4.0
ProgramName: mris_curvature  ProgramArguments: mris_curvature -all-info  ProgramVersion: 7.3.2  TimeStamp: 2026/03/08-16:38:31-GMT  BuildTime: Aug  4 2022 06:17:15  BuildStamp: freesurfer-linux-ubuntu22_x86_64-7.3.2-20220804-6354275  User: oesteban  Machine: dna013  Platform: Linux  PlatformVersion: 5.14.0-427.37.1.el9_4.x86_64  CompilerName: GCC  CompilerVersion: 8.4.0
ProgramName: mris_curvature_stats  ProgramArguments: mris_curvature_stats -all-info  ProgramVersion: 7.3.2  TimeStamp: 2026/03/08-16:38:31-GMT  BuildTime: Aug  4 2022 06:17:15  BuildStamp: freesurfer-linux-ubuntu22_x86_64-7.3.2-20220804-6354275  User: oesteban  Machine: dna013  Platform: Linux  PlatformVersion: 5.14.0-427.37.1.el9_4.x86_64  CompilerName: GCC  CompilerVersion: 8.4.0
ProgramName: mris_diff  ProgramArguments: mris_diff -all-info  ProgramVersion: 7.3.2  TimeStamp: 2026/03/08-16:38:31-GMT  BuildTime: Aug  4 2022 06:17:15  BuildStamp: freesurfer-linux-ubuntu22_x86_64-7.3.2-20220804-6354275  User: oesteban  Machine: dna013  Platform: Linux  PlatformVersion: 5.14.0-427.37.1.el9_4.x86_64  CompilerName: GCC  CompilerVersion: 8.4.0
ProgramName: mris_divide_parcellation  ProgramArguments: mris_divide_parcellation -all-info  ProgramVersion: 7.3.2  TimeStamp: 2026/03/08-16:38:31-GMT  BuildTime: Aug  4 2022 06:17:15  BuildStamp: freesurfer-linux-ubuntu22_x86_64-7.3.2-20220804-6354275  User: oesteban  Machine: dna013  Platform: Linux  PlatformVersion: 5.14.0-427.37.1.el9_4.x86_64  CompilerName: GCC  CompilerVersion: 8.4.0
ProgramName: mri_segment  ProgramArguments: mri_segment -all-info  ProgramVersion: 7.3.2  TimeStamp: 2026/03/08-16:38:31-GMT  BuildTime: Aug  4 2022 06:17:15  BuildStamp: freesurfer-linux-ubuntu22_x86_64-7.3.2-20220804-6354275  User: oesteban  Machine: dna013  Platform: Linux  PlatformVersion: 5.14.0-427.37.1.el9_4.x86_64  CompilerName: GCC  CompilerVersion: 8.4.0
ProgramName: mri_segstats  ProgramArguments: mri_segstats -all-info  ProgramVersion: 7.3.2  TimeStamp: 2026/03/08-16:38:31-GMT  BuildTime: Aug  4 2022 06:17:15  BuildStamp: freesurfer-linux-ubuntu22_x86_64-7.3.2-20220804-6354275  User: oesteban  Machine: dna013  Platform: Linux  PlatformVersion: 5.14.0-427.37.1.el9_4.x86_64  CompilerName: GCC  CompilerVersion: 8.4.0
ProgramName: mris_euler_number  ProgramArguments: mris_euler_number -all-info  ProgramVersion: 7.3.2  TimeStamp: 2026/03/08-16:38:31-GMT  BuildTime: Aug  4 2022 06:17:15  BuildStamp: freesurfer-linux-ubuntu22_x86_64-7.3.2-20220804-6354275  User: oesteban  Machine: dna013  Platform: Linux  PlatformVersion: 5.14.0-427.37.1.el9_4.x86_64  CompilerName: GCC  CompilerVersion: 8.4.0
ProgramName: mris_fix_topology  ProgramArguments: mris_fix_topology -all-info  ProgramVersion: 7.3.2  TimeStamp: 2026/03/08-16:38:31-GMT  BuildTime: Aug  4 2022 06:17:15  BuildStamp: freesurfer-linux-ubuntu22_x86_64-7.3.2-20220804-6354275  User: oesteban  Machine: dna013  Platform: Linux  PlatformVersion: 5.14.0-427.37.1.el9_4.x86_64  CompilerName: GCC  CompilerVersion: 8.4.0
ProgramName: mris_topo_fixer  ProgramArguments: mris_topo_fixer -all-info  ProgramVersion: 7.3.2  TimeStamp: 2026/03/08-16:38:31-GMT  BuildTime: Aug  4 2022 06:17:15  BuildStamp: freesurfer-linux-ubuntu22_x86_64-7.3.2-20220804-6354275  User: oesteban  Machine: dna013  Platform: Linux  PlatformVersion: 5.14.0-427.37.1.el9_4.x86_64  CompilerName: GCC  CompilerVersion: 8.4.0
ProgramName: mris_jacobian  ProgramArguments: mris_jacobian -all-info  ProgramVersion: 7.3.2  TimeStamp: 2026/03/08-16:38:31-GMT  BuildTime: Aug  4 2022 06:17:15  BuildStamp: freesurfer-linux-ubuntu22_x86_64-7.3.2-20220804-6354275  User: oesteban  Machine: dna013  Platform: Linux  PlatformVersion: 5.14.0-427.37.1.el9_4.x86_64  CompilerName: GCC  CompilerVersion: 8.4.0
ProgramName: mris_label2annot  ProgramArguments: mris_label2annot -all-info  ProgramVersion: 7.3.2  TimeStamp: 2026/03/08-16:38:31-GMT  BuildTime: Aug  4 2022 06:17:15  BuildStamp: freesurfer-linux-ubuntu22_x86_64-7.3.2-20220804-6354275  User: oesteban  Machine: dna013  Platform: Linux  PlatformVersion: 5.14.0-427.37.1.el9_4.x86_64  CompilerName: GCC  CompilerVersion: 8.4.0
ProgramName: mris_left_right_register  ProgramArguments: mris_left_right_register -all-info  ProgramVersion: 7.3.2  TimeStamp: 2026/03/08-16:38:31-GMT  BuildTime: Aug  4 2022 06:17:15  BuildStamp: freesurfer-linux-ubuntu22_x86_64-7.3.2-20220804-6354275  User: oesteban  Machine: dna013  Platform: Linux  PlatformVersion: 5.14.0-427.37.1.el9_4.x86_64  CompilerName: GCC  CompilerVersion: 8.4.0
ProgramName: mris_place_surface  ProgramArguments: mris_place_surface -all-info  ProgramVersion: 7.3.2  TimeStamp: 2026/03/08-16:38:31-GMT  BuildTime: Aug  4 2022 06:17:15  BuildStamp: freesurfer-linux-ubuntu22_x86_64-7.3.2-20220804-6354275  User: oesteban  Machine: dna013  Platform: Linux  PlatformVersion: 5.14.0-427.37.1.el9_4.x86_64  CompilerName: GCC  CompilerVersion: 8.4.0
ProgramName: mrisp_paint  ProgramArguments: mrisp_paint -all-info  ProgramVersion: 7.3.2  TimeStamp: 2026/03/08-16:38:31-GMT  BuildTime: Aug  4 2022 06:17:15  BuildStamp: freesurfer-linux-ubuntu22_x86_64-7.3.2-20220804-6354275  User: oesteban  Machine: dna013  Platform: Linux  PlatformVersion: 5.14.0-427.37.1.el9_4.x86_64  CompilerName: GCC  CompilerVersion: 8.4.0
ProgramName: mris_register  ProgramArguments: mris_register -all-info  ProgramVersion: 7.3.2  TimeStamp: 2026/03/08-16:38:31-GMT  BuildTime: Aug  4 2022 06:17:15  BuildStamp: freesurfer-linux-ubuntu22_x86_64-7.3.2-20220804-6354275  User: oesteban  Machine: dna013  Platform: Linux  PlatformVersion: 5.14.0-427.37.1.el9_4.x86_64  CompilerName: GCC  CompilerVersion: 8.4.0
ProgramName: mris_smooth  ProgramArguments: mris_smooth -all-info  ProgramVersion: 7.3.2  TimeStamp: 2026/03/08-16:38:31-GMT  BuildTime: Aug  4 2022 06:17:15  BuildStamp: freesurfer-linux-ubuntu22_x86_64-7.3.2-20220804-6354275  User: oesteban  Machine: dna013  Platform: Linux  PlatformVersion: 5.14.0-427.37.1.el9_4.x86_64  CompilerName: GCC  CompilerVersion: 8.4.0
ProgramName: mris_sphere  ProgramArguments: mris_sphere -all-info  ProgramVersion: 7.3.2  TimeStamp: 2026/03/08-16:38:31-GMT  BuildTime: Aug  4 2022 06:17:15  BuildStamp: freesurfer-linux-ubuntu22_x86_64-7.3.2-20220804-6354275  User: oesteban  Machine: dna013  Platform: Linux  PlatformVersion: 5.14.0-427.37.1.el9_4.x86_64  CompilerName: GCC  CompilerVersion: 8.4.0
ProgramName: mris_surface_stats  ProgramArguments: mris_surface_stats -all-info  ProgramVersion: 7.3.2  TimeStamp: 2026/03/08-16:38:31-GMT  BuildTime: Aug  4 2022 06:17:15  BuildStamp: freesurfer-linux-ubuntu22_x86_64-7.3.2-20220804-6354275  User: oesteban  Machine: dna013  Platform: Linux  PlatformVersion: 5.14.0-427.37.1.el9_4.x86_64  CompilerName: GCC  CompilerVersion: 8.4.0
ProgramName: mri_stats2seg  ProgramArguments: mri_stats2seg -all-info  ProgramVersion: 7.3.2  TimeStamp: 2026/03/08-16:38:31-GMT  BuildTime: Aug  4 2022 06:17:15  BuildStamp: freesurfer-linux-ubuntu22_x86_64-7.3.2-20220804-6354275  User: oesteban  Machine: dna013  Platform: Linux  PlatformVersion: 5.14.0-427.37.1.el9_4.x86_64  CompilerName: GCC  CompilerVersion: 8.4.0
ProgramName: mris_thickness  ProgramArguments: mris_thickness -all-info  ProgramVersion: 7.3.2  TimeStamp: 2026/03/08-16:38:31-GMT  BuildTime: Aug  4 2022 06:17:15  BuildStamp: freesurfer-linux-ubuntu22_x86_64-7.3.2-20220804-6354275  User: oesteban  Machine: dna013  Platform: Linux  PlatformVersion: 5.14.0-427.37.1.el9_4.x86_64  CompilerName: GCC  CompilerVersion: 8.4.0
ProgramName: mris_thickness_diff  ProgramArguments: mris_thickness_diff -all-info  ProgramVersion: 7.3.2  TimeStamp: 2026/03/08-16:38:31-GMT  BuildTime: Aug  4 2022 06:17:15  BuildStamp: freesurfer-linux-ubuntu22_x86_64-7.3.2-20220804-6354275  User: oesteban  Machine: dna013  Platform: Linux  PlatformVersion: 5.14.0-427.37.1.el9_4.x86_64  CompilerName: GCC  CompilerVersion: 8.4.0
ProgramName: mris_topo_fixer  ProgramArguments: mris_topo_fixer -all-info  ProgramVersion: 7.3.2  TimeStamp: 2026/03/08-16:38:31-GMT  BuildTime: Aug  4 2022 06:17:15  BuildStamp: freesurfer-linux-ubuntu22_x86_64-7.3.2-20220804-6354275  User: oesteban  Machine: dna013  Platform: Linux  PlatformVersion: 5.14.0-427.37.1.el9_4.x86_64  CompilerName: GCC  CompilerVersion: 8.4.0
ProgramName: mri_surf2surf  ProgramArguments: mri_surf2surf -all-info  ProgramVersion: 7.3.2  TimeStamp: 2026/03/08-16:38:31-GMT  BuildTime: Aug  4 2022 06:17:15  BuildStamp: freesurfer-linux-ubuntu22_x86_64-7.3.2-20220804-6354275  User: oesteban  Machine: dna013  Platform: Linux  PlatformVersion: 5.14.0-427.37.1.el9_4.x86_64  CompilerName: GCC  CompilerVersion: 8.4.0
ProgramName: mri_surf2vol  ProgramArguments: mri_surf2vol -all-info  ProgramVersion: 7.3.2  TimeStamp: 2026/03/08-16:38:31-GMT  BuildTime: Aug  4 2022 06:17:15  BuildStamp: freesurfer-linux-ubuntu22_x86_64-7.3.2-20220804-6354275  User: oesteban  Machine: dna013  Platform: Linux  PlatformVersion: 5.14.0-427.37.1.el9_4.x86_64  CompilerName: GCC  CompilerVersion: 8.4.0
ProgramName: mri_surfcluster  ProgramArguments: mri_surfcluster -all-info  ProgramVersion: 7.3.2  TimeStamp: 2026/03/08-16:38:31-GMT  BuildTime: Aug  4 2022 06:17:15  BuildStamp: freesurfer-linux-ubuntu22_x86_64-7.3.2-20220804-6354275  User: oesteban  Machine: dna013  Platform: Linux  PlatformVersion: 5.14.0-427.37.1.el9_4.x86_64  CompilerName: GCC  CompilerVersion: 8.4.0
ProgramName: mris_volmask  ProgramArguments: mris_volmask -all-info  ProgramVersion: 7.3.2  TimeStamp: 2026/03/08-16:38:31-GMT  BuildTime: Aug  4 2022 06:17:15  BuildStamp: freesurfer-linux-ubuntu22_x86_64-7.3.2-20220804-6354275  User: oesteban  Machine: dna013  Platform: Linux  PlatformVersion: 5.14.0-427.37.1.el9_4.x86_64  CompilerName: GCC  CompilerVersion: 8.4.0
ProgramName: mri_tessellate  ProgramArguments: mri_tessellate -all-info  ProgramVersion: 7.3.2  TimeStamp: 2026/03/08-16:38:31-GMT  BuildTime: Aug  4 2022 06:17:15  BuildStamp: freesurfer-linux-ubuntu22_x86_64-7.3.2-20220804-6354275  User: oesteban  Machine: dna013  Platform: Linux  PlatformVersion: 5.14.0-427.37.1.el9_4.x86_64  CompilerName: GCC  CompilerVersion: 8.4.0
ProgramName: mri_vol2surf  ProgramArguments: mri_vol2surf -all-info  ProgramVersion: 7.3.2  TimeStamp: 2026/03/08-16:38:31-GMT  BuildTime: Aug  4 2022 06:17:15  BuildStamp: freesurfer-linux-ubuntu22_x86_64-7.3.2-20220804-6354275  User: oesteban  Machine: dna013  Platform: Linux  PlatformVersion: 5.14.0-427.37.1.el9_4.x86_64  CompilerName: GCC  CompilerVersion: 8.4.0
ProgramName: mri_vol2vol  ProgramArguments: mri_vol2vol -all-info  ProgramVersion: 7.3.2  TimeStamp: 2026/03/08-16:38:31-GMT  BuildTime: Aug  4 2022 06:17:15  BuildStamp: freesurfer-linux-ubuntu22_x86_64-7.3.2-20220804-6354275  User: oesteban  Machine: dna013  Platform: Linux  PlatformVersion: 5.14.0-427.37.1.el9_4.x86_64  CompilerName: GCC  CompilerVersion: 8.4.0
ProgramName: mri_voldiff  ProgramArguments: mri_voldiff -all-info  ProgramVersion: 7.3.2  TimeStamp: 2026/03/08-16:38:31-GMT  BuildTime: Aug  4 2022 06:17:15  BuildStamp: freesurfer-linux-ubuntu22_x86_64-7.3.2-20220804-6354275  User: oesteban  Machine: dna013  Platform: Linux  PlatformVersion: 5.14.0-427.37.1.el9_4.x86_64  CompilerName: GCC  CompilerVersion: 8.4.0
ProgramName: mri_watershed  ProgramArguments: mri_watershed -all-info  ProgramVersion: 7.3.2  TimeStamp: 2026/03/08-16:38:31-GMT  BuildTime: Aug  4 2022 06:17:15  BuildStamp: freesurfer-linux-ubuntu22_x86_64-7.3.2-20220804-6354275  User: oesteban  Machine: dna013  Platform: Linux  PlatformVersion: 5.14.0-427.37.1.el9_4.x86_64  CompilerName: GCC  CompilerVersion: 8.4.0
ProgramName: tkregister2  ProgramArguments: tkregister2_cmdl -all-info  ProgramVersion: 7.3.2  TimeStamp: 2026/03/08-16:38:31-GMT  BuildTime: Aug  4 2022 06:17:15  BuildStamp: freesurfer-linux-ubuntu22_x86_64-7.3.2-20220804-6354275  User: oesteban  Machine: dna013  Platform: Linux  PlatformVersion: 5.14.0-427.37.1.el9_4.x86_64  CompilerName: GCC  CompilerVersion: 8.4.0
mri_motion_correct.fsl 7.3.2
mri_convert -all-info 
ProgramName: mri_convert  ProgramArguments: mri_convert -all-info  ProgramVersion: 7.3.2  TimeStamp: 2026/03/08-16:38:31-GMT  BuildTime: Aug  4 2022 06:17:15  BuildStamp: freesurfer-linux-ubuntu22_x86_64-7.3.2-20220804-6354275  User: oesteban  Machine: dna013  Platform: Linux  PlatformVersion: 5.14.0-427.37.1.el9_4.x86_64  CompilerName: GCC  CompilerVersion: 8.4.0
Program nu_correct, built from:
Package MNI N3, version 1.12.0, compiled by nicks@terrier (x86_64-unknown-linux-gnu) on 2015-06-19 at 01:25:34
#######################################
GCADIR /opt/freesurfer/average
GCA RB_all_2020-01-02.gca
GCASkull RB_all_withskull_2020_01_02.gca
AvgCurvTif folding.atlas.acfb40.noaparc.i12.2016-08-02.tif
GCSDIR /opt/freesurfer/average
GCS DKaparc.atlas.acfb40.noaparc.i12.2016-08-02.gcs
#######################################
#--------------------------------------
#@# CA Normalize Sun Mar  8 17:38:32 CET 2026
/out/sourcedata/freesurfer/sub-v1s14x0051561_ses-1/mri

 mri_ca_normalize -c ctrl_pts.mgz -mask brainmask.mgz nu.mgz /opt/freesurfer/average/RB_all_2020-01-02.gca transforms/talairach.lta norm.mgz 

writing control point volume to ctrl_pts.mgz
using MR volume brainmask.mgz to mask input volume...
reading 1 input volume
reading atlas from '/opt/freesurfer/average/RB_all_2020-01-02.gca'...
reading transform from 'transforms/talairach.lta'...
reading input volume from nu.mgz...
resetting wm mean[0]: 98 --> 107
resetting gm mean[0]: 61 --> 61
input volume #1 is the most T1-like
using real data threshold=18.9
skull bounding box = (60, 71, 30) --> (197, 207, 206)
finding center of left hemi white matter
using (106, 116, 118) as brain centroid of Right_Cerebral_White_Matter...
mean wm in atlas = 107, using box (89,99,96) --> (122, 132,139) to find MRI wm
before smoothing, mri peak at 106
robust fit to distribution - 108 +- 3.9
after smoothing, mri peak at 108, scaling input intensities by 0.991
scaling channel 0 by 0.990741
using 246437 sample points...
INFO: compute sample coordinates transform
 1.03766   0.00314  -0.06375  -1.50302;
 0.00893   1.05779   0.22799  -50.35895;
 0.06781  -0.18561   0.94003   18.53610;
 0.00000   0.00000   0.00000   1.00000;
INFO: transform used
finding control points in Left_Cerebral_White_Matter....
found 40230 control points for structure...
bounding box (124, 73, 29) --> (193, 182, 201)
Left_Cerebral_White_Matter: limiting intensities to 94.0 --> 132.0
1 of 8587 (0.0%) samples deleted
finding control points in Right_Cerebral_White_Matter....
found 39478 control points for structure...
bounding box (67, 74, 30) --> (133, 180, 204)
Right_Cerebral_White_Matter: limiting intensities to 94.0 --> 132.0
17 of 7412 (0.2%) samples deleted
finding control points in Left_Cerebellum_White_Matter....
found 3105 control points for structure...
bounding box (129, 155, 57) --> (176, 200, 114)
Left_Cerebellum_White_Matter: limiting intensities to 93.0 --> 132.0
0 of 685 (0.0%) samples deleted
finding control points in Right_Cerebellum_White_Matter....
found 2710 control points for structure...
bounding box (85, 155, 57) --> (128, 197, 117)
Right_Cerebellum_White_Matter: limiting intensities to 99.0 --> 132.0
0 of 475 (0.0%) samples deleted
finding control points in Brain_Stem....
found 3475 control points for structure...
bounding box (114, 146, 96) --> (147, 211, 127)
Brain_Stem: limiting intensities to 89.0 --> 132.0
1 of 877 (0.1%) samples deleted
using 18036 total control points for intensity normalization...
bias field = 0.973 +- 0.073
13 of 18017 control points discarded
finding control points in Left_Cerebral_White_Matter....
found 40230 control points for structure...
bounding box (124, 73, 29) --> (193, 182, 201)
Left_Cerebral_White_Matter: limiting intensities to 90.0 --> 132.0
7 of 8692 (0.1%) samples deleted
finding control points in Right_Cerebral_White_Matter....
found 39478 control points for structure...
bounding box (67, 74, 30) --> (133, 180, 204)
Right_Cerebral_White_Matter: limiting intensities to 89.0 --> 132.0
19 of 7569 (0.3%) samples deleted
finding control points in Left_Cerebellum_White_Matter....
found 3105 control points for structure...
bounding box (129, 155, 57) --> (176, 200, 114)
Left_Cerebellum_White_Matter: limiting intensities to 88.0 --> 132.0
15 of 714 (2.1%) samples deleted
finding control points in Right_Cerebellum_White_Matter....
found 2710 control points for structure...
bounding box (85, 155, 57) --> (128, 197, 117)
Right_Cerebellum_White_Matter: limiting intensities to 88.0 --> 132.0
1 of 503 (0.2%) samples deleted
finding control points in Brain_Stem....
found 3475 control points for structure...
bounding box (114, 146, 96) --> (147, 211, 127)
Brain_Stem: limiting intensities to 88.0 --> 132.0
110 of 965 (11.4%) samples deleted
using 18443 total control points for intensity normalization...
bias field = 1.017 +- 0.054
40 of 18211 control points discarded
finding control points in Left_Cerebral_White_Matter....
found 40230 control points for structure...
bounding box (124, 73, 29) --> (193, 182, 201)
Left_Cerebral_White_Matter: limiting intensities to 91.0 --> 132.0
19 of 8663 (0.2%) samples deleted
finding control points in Right_Cerebral_White_Matter....
found 39478 control points for structure...
bounding box (67, 74, 30) --> (133, 180, 204)
Right_Cerebral_White_Matter: limiting intensities to 90.0 --> 132.0
18 of 7535 (0.2%) samples deleted
finding control points in Left_Cerebellum_White_Matter....
found 3105 control points for structure...
bounding box (129, 155, 57) --> (176, 200, 114)
Left_Cerebellum_White_Matter: limiting intensities to 88.0 --> 132.0
79 of 739 (10.7%) samples deleted
finding control points in Right_Cerebellum_White_Matter....
found 2710 control points for structure...
bounding box (85, 155, 57) --> (128, 197, 117)
Right_Cerebellum_White_Matter: limiting intensities to 88.0 --> 132.0
91 of 520 (17.5%) samples deleted
finding control points in Brain_Stem....
found 3475 control points for structure...
bounding box (114, 146, 96) --> (147, 211, 127)
Brain_Stem: limiting intensities to 88.0 --> 132.0
365 of 1012 (36.1%) samples deleted
using 18469 total control points for intensity normalization...
bias field = 1.016 +- 0.042
58 of 17774 control points discarded
writing normalized volume to norm.mgz...
writing control points to ctrl_pts.mgz
freeing GCA...done.
normalization took 1 minutes and 21 seconds.
#--------------------------------------
#@# CA Reg Sun Mar  8 17:39:53 CET 2026
/out/sourcedata/freesurfer/sub-v1s14x0051561_ses-1/mri

 mri_ca_register -nobigventricles -T transforms/talairach.lta -align-after -mask brainmask.mgz norm.mgz /opt/freesurfer/average/RB_all_2020-01-02.gca transforms/talairach.m3z 

not handling expanded ventricles...
using previously computed transform transforms/talairach.lta
renormalizing sequences with structure alignment, equivalent to:
	-renormalize
	-regularize_mean 0.500
	-regularize 0.500
using MR volume brainmask.mgz to mask input volume...

== Number of threads available to mri_ca_register for OpenMP = 16 == 
reading 1 input volumes...
logging results to talairach.log
reading input volume 'norm.mgz'...
reading GCA '/opt/freesurfer/average/RB_all_2020-01-02.gca'...
label assignment complete, 0 changed (0.00%)
freeing gibbs priors...done.
average std[0] = 5.0
Starting GCAMregister()
label assignment complete, 0 changed (0.00%)
npasses = 1, nlevels = 6
#pass# 1 of 1 ************************
enabling zero nodes
setting smoothness cost coefficient to 0.156

#GCAMreg# pass 0 level1 5 level2 0 tsec 0 sigma 2
l_jacobian=1.00 l_label=1.00 l_log_likelihood=0.20 l_smoothness=0.16 
tol=2.50e-01, dt=5.00e-02, exp_k=20.0, momentum=0.90, levels=6, niter=500, lbl_dist=10.00, avgs=256, sigma=2.0,type=2, relabel=0, neg=no

blurring input image with Gaussian with sigma=2.000...
GCAMRegisterLevel(): init RMS 0.875236
#FOTS# QuadFit found better minimum quadopt=(dt=264.905,rms=0.79892) vs oldopt=(dt=92.48,rms=0.827416)
#GCMRL#    0 dt 264.905199 rms  0.799  8.719% neg 0  invalid 762 tFOTS 4.1170 tGradient 3.6380 tsec 8.0510
#FOTS# QuadFit found better minimum quadopt=(dt=147.857,rms=0.780079) vs oldopt=(dt=92.48,rms=0.782897)
#GCMRL#    1 dt 147.857143 rms  0.780  2.358% neg 0  invalid 762 tFOTS 4.6070 tGradient 2.9820 tsec 7.9340
#FOTS# QuadFit found better minimum quadopt=(dt=443.904,rms=0.768106) vs oldopt=(dt=369.92,rms=0.76873)
#GCMRL#    2 dt 443.904000 rms  0.768  1.535% neg 0  invalid 762 tFOTS 4.5340 tGradient 3.3620 tsec 8.2040
#FOTS# QuadFit found better minimum quadopt=(dt=129.472,rms=0.764439) vs oldopt=(dt=92.48,rms=0.764628)
#GCMRL#    3 dt 129.472000 rms  0.764  0.477% neg 0  invalid 762 tFOTS 4.3110 tGradient 3.2190 tsec 7.8400
#FOTS# QuadFit found better minimum quadopt=(dt=517.888,rms=0.761132) vs oldopt=(dt=369.92,rms=0.76167)
#GCMRL#    4 dt 517.888000 rms  0.761  0.433% neg 0  invalid 762 tFOTS 4.0360 tGradient 3.1760 tsec 7.5220
#FOTS# QuadFit found better minimum quadopt=(dt=129.472,rms=0.75866) vs oldopt=(dt=92.48,rms=0.75915)
#GCMRL#    5 dt 129.472000 rms  0.759  0.325% neg 0  invalid 762 tFOTS 4.0320 tGradient 2.9600 tsec 7.3000
#GCMRL#    6 dt 1479.680000 rms  0.749  1.280% neg 0  invalid 762 tFOTS 4.0460 tGradient 3.2260 tsec 7.6240
#FOTS# QuadFit found better minimum quadopt=(dt=110.976,rms=0.744715) vs oldopt=(dt=92.48,rms=0.744806)
#GCMRL#    7 dt 110.976000 rms  0.745  0.565% neg 0  invalid 762 tFOTS 4.1870 tGradient 3.0300 tsec 7.5340
#FOTS# QuadFit found better minimum quadopt=(dt=517.888,rms=0.743332) vs oldopt=(dt=369.92,rms=0.743478)
#GCMRL#    8 dt 517.888000 rms  0.743  0.000% neg 0  invalid 762 tFOTS 3.9400 tGradient 3.1400 tsec 7.4110
#GCMRL#    9 dt 517.888000 rms  0.742  0.157% neg 0  invalid 762 tFOTS 0.0000 tGradient 3.1290 tsec 3.4300
#GCMRL#   10 dt 517.888000 rms  0.738  0.524% neg 0  invalid 762 tFOTS 0.0000 tGradient 3.1630 tsec 3.4540
#GCMRL#   11 dt 517.888000 rms  0.738 -0.763% neg 0  invalid 762 tFOTS 0.0000 tGradient 2.9810 tsec 3.5080
#FOTS# QuadFit found better minimum quadopt=(dt=32.368,rms=0.738182) vs oldopt=(dt=23.12,rms=0.738222)
#GCMRL#   12 dt  32.368000 rms  0.738  0.026% neg 0  invalid 762 tFOTS 4.2880 tGradient 3.0430 tsec 7.6340
#FOTS# QuadFit found better minimum quadopt=(dt=27.744,rms=0.738108) vs oldopt=(dt=23.12,rms=0.73811)

#GCAMreg# pass 0 level1 5 level2 1 tsec 104.646 sigma 0.5
l_jacobian=1.00 l_label=1.00 l_log_likelihood=0.20 l_smoothness=0.16 
tol=2.50e-01, dt=5.00e-02, exp_k=20.0, momentum=0.90, levels=6, niter=500, lbl_dist=10.00, avgs=256, sigma=0.5,type=2, relabel=0, neg=no

blurring input image with Gaussian with sigma=0.500...
GCAMRegisterLevel(): init RMS 0.7385
#GCMRL#   14 dt  92.480000 rms  0.738  0.110% neg 0  invalid 762 tFOTS 4.0330 tGradient 3.1240 tsec 7.4630
#FOTS# QuadFit found better minimum quadopt=(dt=32.368,rms=0.737637) vs oldopt=(dt=23.12,rms=0.737642)
#GCMRL#   15 dt  32.368000 rms  0.738  0.000% neg 0  invalid 762 tFOTS 4.2710 tGradient 3.2120 tsec 7.8020
setting smoothness cost coefficient to 0.615

#GCAMreg# pass 0 level1 4 level2 0 tsec 0 sigma 2
l_jacobian=1.00 l_label=1.00 l_log_likelihood=0.20 l_smoothness=0.62 
tol=2.50e-01, dt=5.00e-02, exp_k=20.0, momentum=0.90, levels=6, niter=500, lbl_dist=10.00, avgs=64, sigma=2.0,type=2, relabel=0, neg=no

blurring input image with Gaussian with sigma=2.000...
GCAMRegisterLevel(): init RMS 0.745042
#FOTS# QuadFit found better minimum quadopt=(dt=119.488,rms=0.739169) vs oldopt=(dt=103.68,rms=0.739249)
#GCMRL#   17 dt 119.488491 rms  0.739  0.788% neg 0  invalid 762 tFOTS 4.2360 tGradient 2.3700 tsec 6.9210
#FOTS# QuadFit found better minimum quadopt=(dt=300.036,rms=0.721871) vs oldopt=(dt=414.72,rms=0.723915)
#GCMRL#   18 dt 300.035562 rms  0.722  2.340% neg 0  invalid 762 tFOTS 4.7820 tGradient 2.4260 tsec 7.5660
#FOTS# QuadFit found better minimum quadopt=(dt=36.288,rms=0.719075) vs oldopt=(dt=25.92,rms=0.71935)
#GCMRL#   19 dt  36.288000 rms  0.719  0.387% neg 0  invalid 762 tFOTS 4.6070 tGradient 2.7110 tsec 7.6750
#FOTS# QuadFit found better minimum quadopt=(dt=7.776,rms=0.718963) vs oldopt=(dt=6.48,rms=0.718964)
#GCMRL#   20 dt   7.776000 rms  0.719  0.000% neg 0  invalid 762 tFOTS 4.4420 tGradient 2.6280 tsec 7.3900
#GCMRL#   21 dt   7.776000 rms  0.719  0.001% neg 0  invalid 762 tFOTS 0.0000 tGradient 2.7080 tsec 3.0510

#GCAMreg# pass 0 level1 4 level2 1 tsec 45.124 sigma 0.5
l_jacobian=1.00 l_label=1.00 l_log_likelihood=0.20 l_smoothness=0.62 
tol=2.50e-01, dt=5.00e-02, exp_k=20.0, momentum=0.90, levels=6, niter=500, lbl_dist=10.00, avgs=64, sigma=0.5,type=2, relabel=0, neg=no

blurring input image with Gaussian with sigma=0.500...
GCAMRegisterLevel(): init RMS 0.71942
#GCMRL#   23 dt   0.000000 rms  0.719  0.066% neg 0  invalid 762 tFOTS 4.2640 tGradient 2.8210 tsec 7.3930
setting smoothness cost coefficient to 2.353

#GCAMreg# pass 0 level1 3 level2 0 tsec 0 sigma 2
l_jacobian=1.00 l_label=1.00 l_log_likelihood=0.20 l_smoothness=2.35 
tol=2.50e-01, dt=5.00e-02, exp_k=20.0, momentum=0.90, levels=6, niter=500, lbl_dist=10.00, avgs=16, sigma=2.0,type=2, relabel=0, neg=no

blurring input image with Gaussian with sigma=2.000...
GCAMRegisterLevel(): init RMS 0.741815
#FOTS# QuadFit found better minimum quadopt=(dt=2.8,rms=0.740829) vs oldopt=(dt=2,rms=0.740909)
#GCMRL#   25 dt   2.800000 rms  0.741  0.133% neg 0  invalid 762 tFOTS 3.8840 tGradient 2.0090 tsec 6.2340
#FOTS# QuadFit found better minimum quadopt=(dt=1.6,rms=0.740749) vs oldopt=(dt=2,rms=0.740753)
#GCMRL#   26 dt   1.600000 rms  0.741  0.000% neg 0  invalid 762 tFOTS 4.2090 tGradient 2.3410 tsec 6.9210

#GCAMreg# pass 0 level1 3 level2 1 tsec 25.626 sigma 0.5
l_jacobian=1.00 l_label=1.00 l_log_likelihood=0.20 l_smoothness=2.35 
tol=2.50e-01, dt=5.00e-02, exp_k=20.0, momentum=0.90, levels=6, niter=500, lbl_dist=10.00, avgs=16, sigma=0.5,type=2, relabel=0, neg=no

blurring input image with Gaussian with sigma=0.500...
GCAMRegisterLevel(): init RMS 0.741216
#GCMRL#   28 dt   0.000000 rms  0.741  0.062% neg 0  invalid 762 tFOTS 3.7720 tGradient 2.1810 tsec 6.3110
setting smoothness cost coefficient to 8.000

#GCAMreg# pass 0 level1 2 level2 0 tsec 0 sigma 2
l_jacobian=1.00 l_label=1.00 l_log_likelihood=0.20 l_smoothness=8.00 
tol=2.50e-01, dt=5.00e-02, exp_k=20.0, momentum=0.90, levels=6, niter=500, lbl_dist=10.00, avgs=4, sigma=2.0,type=2, relabel=0, neg=no

blurring input image with Gaussian with sigma=2.000...
GCAMRegisterLevel(): init RMS 0.800863
#FOTS# QuadFit found better minimum quadopt=(dt=2.925,rms=0.7872) vs oldopt=(dt=2.88,rms=0.787202)
#GCMRL#   30 dt   2.925000 rms  0.787  1.706% neg 0  invalid 762 tFOTS 3.9060 tGradient 1.9100 tsec 6.1250
#FOTS# QuadFit found better minimum quadopt=(dt=1.008,rms=0.786807) vs oldopt=(dt=0.72,rms=0.786845)
#GCMRL#   31 dt   1.008000 rms  0.787  0.000% neg 0  invalid 762 tFOTS 4.0970 tGradient 1.7910 tsec 6.2630
#GCMRL#   32 dt   1.008000 rms  0.786  0.048% neg 0  invalid 762 tFOTS 0.0000 tGradient 2.0140 tsec 2.3620

#GCAMreg# pass 0 level1 2 level2 1 tsec 26.829 sigma 0.5
l_jacobian=1.00 l_label=1.00 l_log_likelihood=0.20 l_smoothness=8.00 
tol=2.50e-01, dt=5.00e-02, exp_k=20.0, momentum=0.90, levels=6, niter=500, lbl_dist=10.00, avgs=4, sigma=0.5,type=2, relabel=0, neg=no

blurring input image with Gaussian with sigma=0.500...
GCAMRegisterLevel(): init RMS 0.786884
#FOTS# QuadFit found better minimum quadopt=(dt=0.063,rms=0.786423) vs oldopt=(dt=0.045,rms=0.786423)
#GCMRL#   34 dt   0.063000 rms  0.786  0.059% neg 0  invalid 762 tFOTS 4.2900 tGradient 1.9080 tsec 6.5330
#FOTS# QuadFit found better minimum quadopt=(dt=0.054,rms=0.78642) vs oldopt=(dt=0.045,rms=0.78642)
#GCMRL#   35 dt   0.054000 rms  0.786  0.000% neg 0  invalid 762 tFOTS 3.8390 tGradient 1.9380 tsec 6.1110
#GCMRL#   36 dt   0.054000 rms  0.786  0.000% neg 0  invalid 762 tFOTS 0.0000 tGradient 1.8950 tsec 2.1990
setting smoothness cost coefficient to 20.000

#GCAMreg# pass 0 level1 1 level2 0 tsec 0 sigma 2
l_jacobian=1.00 l_label=1.00 l_log_likelihood=0.20 l_smoothness=20.00 
tol=2.50e-01, dt=5.00e-02, exp_k=20.0, momentum=0.90, levels=6, niter=500, lbl_dist=10.00, avgs=1, sigma=2.0,type=2, relabel=0, neg=no

blurring input image with Gaussian with sigma=2.000...
GCAMRegisterLevel(): init RMS 0.850585
#GCMRL#   38 dt   0.320000 rms  0.849  0.160% neg 0  invalid 762 tFOTS 4.0860 tGradient 1.5450 tsec 5.9830
#GCMRL#   39 dt   1.280000 rms  0.842  0.793% neg 0  invalid 762 tFOTS 4.0320 tGradient 1.5990 tsec 5.9870
#FOTS# QuadFit found better minimum quadopt=(dt=0.193069,rms=0.840756) vs oldopt=(dt=0.32,rms=0.841068)
#GCMRL#   40 dt   0.193069 rms  0.841  0.000% neg 0  invalid 762 tFOTS 4.0210 tGradient 1.5370 tsec 5.8890
#GCMRL#   41 dt   0.193069 rms  0.840  0.095% neg 0  invalid 762 tFOTS 0.0000 tGradient 1.4580 tsec 1.7550
#GCMRL#   42 dt   0.193069 rms  0.839  0.134% neg 0  invalid 762 tFOTS 0.0000 tGradient 1.5360 tsec 1.8440
#GCMRL#   43 dt   0.193069 rms  0.837  0.265% neg 0  invalid 762 tFOTS 0.0000 tGradient 1.5830 tsec 1.8870
#GCMRL#   44 dt   0.193069 rms  0.834  0.343% neg 0  invalid 762 tFOTS 0.0000 tGradient 1.5140 tsec 1.8110
#GCMRL#   45 dt   0.193069 rms  0.832  0.267% neg 0  invalid 762 tFOTS 0.0000 tGradient 1.4510 tsec 1.7500
#GCMRL#   46 dt   0.193069 rms  0.830  0.154% neg 0  invalid 762 tFOTS 0.0000 tGradient 1.5360 tsec 1.8340
#GCMRL#   47 dt   0.193069 rms  0.830  0.072% neg 0  invalid 762 tFOTS 0.0000 tGradient 1.4610 tsec 1.7570
#GCMRL#   48 dt   0.193069 rms  0.829  0.042% neg 0  invalid 762 tFOTS 0.0000 tGradient 1.4490 tsec 1.7730
#FOTS# QuadFit found better minimum quadopt=(dt=0.815574,rms=0.826449) vs oldopt=(dt=1.28,rms=0.827001)
#GCMRL#   49 dt   0.815574 rms  0.826  0.343% neg 0  invalid 762 tFOTS 4.1620 tGradient 1.5730 tsec 6.0780
#FOTS# QuadFit found better minimum quadopt=(dt=0.112,rms=0.826112) vs oldopt=(dt=0.08,rms=0.826163)
#GCMRL#   50 dt   0.112000 rms  0.826  0.000% neg 0  invalid 762 tFOTS 4.4820 tGradient 1.6640 tsec 6.5130
#GCMRL#   51 dt   0.112000 rms  0.826  0.006% neg 0  invalid 762 tFOTS 0.0000 tGradient 1.9730 tsec 2.3670

#GCAMreg# pass 0 level1 1 level2 1 tsec 59.082 sigma 0.5
l_jacobian=1.00 l_label=1.00 l_log_likelihood=0.20 l_smoothness=20.00 
tol=2.50e-01, dt=5.00e-02, exp_k=20.0, momentum=0.90, levels=6, niter=500, lbl_dist=10.00, avgs=1, sigma=0.5,type=2, relabel=0, neg=no

blurring input image with Gaussian with sigma=0.500...
GCAMRegisterLevel(): init RMS 0.826597
#FOTS# QuadFit found better minimum quadopt=(dt=0.112,rms=0.825975) vs oldopt=(dt=0.08,rms=0.825991)
#GCMRL#   53 dt   0.112000 rms  0.826  0.075% neg 0  invalid 762 tFOTS 4.1950 tGradient 1.9770 tsec 6.5000
#FOTS# QuadFit found better minimum quadopt=(dt=0.256,rms=0.825849) vs oldopt=(dt=0.32,rms=0.825853)
#GCMRL#   54 dt   0.256000 rms  0.826  0.000% neg 0  invalid 762 tFOTS 3.9600 tGradient 1.7750 tsec 6.0850
#GCMRL#   55 dt   0.256000 rms  0.826  0.037% neg 0  invalid 762 tFOTS 0.0000 tGradient 1.7510 tsec 2.0680
#GCMRL#   56 dt   0.256000 rms  0.825  0.050% neg 0  invalid 762 tFOTS 0.0000 tGradient 1.7450 tsec 2.1150
#GCMRL#   57 dt   0.256000 rms  0.825  0.056% neg 0  invalid 762 tFOTS 0.0000 tGradient 1.7410 tsec 2.1190
#GCMRL#   58 dt   0.256000 rms  0.824  0.058% neg 0  invalid 762 tFOTS 0.0000 tGradient 1.7120 tsec 2.0360
#GCMRL#   59 dt   0.256000 rms  0.824  0.062% neg 0  invalid 762 tFOTS 0.0000 tGradient 1.7130 tsec 2.0370
#GCMRL#   60 dt   0.256000 rms  0.823  0.063% neg 0  invalid 762 tFOTS 0.0000 tGradient 1.8730 tsec 2.1970
#GCMRL#   61 dt   0.256000 rms  0.823  0.047% neg 0  invalid 762 tFOTS 0.0000 tGradient 1.7600 tsec 2.0880
resetting metric properties...
setting smoothness cost coefficient to 40.000

#GCAMreg# pass 0 level1 0 level2 0 tsec 0 sigma 2
l_jacobian=1.00 l_label=1.00 l_log_likelihood=0.20 l_smoothness=40.00 
tol=2.50e-01, dt=5.00e-02, exp_k=20.0, momentum=0.90, levels=6, niter=500, lbl_dist=10.00, avgs=0, sigma=2.0,type=2, relabel=0, neg=no

blurring input image with Gaussian with sigma=2.000...
GCAMRegisterLevel(): init RMS 0.798113
#FOTS# QuadFit found better minimum quadopt=(dt=0.230818,rms=0.792081) vs oldopt=(dt=0.32,rms=0.792675)
#GCMRL#   63 dt   0.230818 rms  0.792  0.756% neg 0  invalid 762 tFOTS 4.4800 tGradient 1.1930 tsec 6.0240
#GCMRL#   64 dt   0.020000 rms  0.792  0.000% neg 0  invalid 762 tFOTS 4.4190 tGradient 1.2020 tsec 5.9830

#GCAMreg# pass 0 level1 0 level2 1 tsec 22.968 sigma 0.5
l_jacobian=1.00 l_label=1.00 l_log_likelihood=0.20 l_smoothness=40.00 
tol=2.50e-01, dt=5.00e-02, exp_k=20.0, momentum=0.90, levels=6, niter=500, lbl_dist=10.00, avgs=0, sigma=0.5,type=2, relabel=0, neg=no

blurring input image with Gaussian with sigma=0.500...
GCAMRegisterLevel(): init RMS 0.792425
#FOTS# QuadFit found better minimum quadopt=(dt=0.007,rms=0.791891) vs oldopt=(dt=0.005,rms=0.791896)
#GCMRL#   66 dt   0.007000 rms  0.792  0.067% neg 0  invalid 762 tFOTS 4.4670 tGradient 1.1440 tsec 5.9310
#FOTS# QuadFit found better minimum quadopt=(dt=0.00175,rms=0.791862) vs oldopt=(dt=0.00125,rms=0.791863)
#GCMRL#   67 dt   0.001750 rms  0.792  0.000% neg 0  invalid 762 tFOTS 3.8920 tGradient 1.1030 tsec 5.3220
#GCMRL#   68 dt   0.001750 rms  0.792  0.000% neg 0  invalid 762 tFOTS 0.0000 tGradient 1.1640 tsec 1.5130
GCAMregister done in 6.66215 min
Starting GCAmapRenormalizeWithAlignment() without scales
renormalizing by structure alignment....
renormalizing input #0
gca peak = 0.10253 (16)
mri peak = 0.19315 (21)
Left_Lateral_Ventricle (4): linear fit = 1.10 x + 0.0 (1739 voxels, overlap=0.649)
Left_Lateral_Ventricle (4): linear fit = 1.10 x + 0.0 (1739 voxels, peak = 18), gca=17.5
gca peak = 0.17690 (16)
mri peak = 0.17183 (27)
Right_Lateral_Ventricle (43): linear fit = 1.60 x + 0.0 (1218 voxels, overlap=0.538)
Right_Lateral_Ventricle (43): linear fit = 1.50 x + 0.0 (1218 voxels, peak = 26), gca=24.0
gca peak = 0.28275 (96)
mri peak = 0.10360 (100)
Right_Pallidum (52): linear fit = 1.05 x + 0.0 (1112 voxels, overlap=1.004)
Right_Pallidum (52): linear fit = 1.05 x + 0.0 (1112 voxels, peak = 101), gca=101.3
gca peak = 0.18948 (93)
mri peak = 0.07971 (101)
Left_Pallidum (13): linear fit = 1.05 x + 0.0 (962 voxels, overlap=0.873)
Left_Pallidum (13): linear fit = 1.05 x + 0.0 (962 voxels, peak = 98), gca=98.1
gca peak = 0.20755 (55)
mri peak = 0.08328 (69)
Right_Hippocampus (53): linear fit = 1.22 x + 0.0 (956 voxels, overlap=0.019)
Right_Hippocampus (53): linear fit = 1.22 x + 0.0 (956 voxels, peak = 67), gca=66.8
gca peak = 0.31831 (58)
mri peak = 0.13806 (70)
Left_Hippocampus (17): linear fit = 1.22 x + 0.0 (1124 voxels, overlap=0.007)
Left_Hippocampus (17): linear fit = 1.22 x + 0.0 (1124 voxels, peak = 70), gca=70.5
gca peak = 0.11957 (102)
mri peak = 0.17050 (105)
Right_Cerebral_White_Matter (41): linear fit = 1.02 x + 0.0 (65617 voxels, overlap=0.576)
Right_Cerebral_White_Matter (41): linear fit = 1.02 x + 0.0 (65617 voxels, peak = 105), gca=104.5
gca peak = 0.11429 (102)
mri peak = 0.17242 (106)
Left_Cerebral_White_Matter (2): linear fit = 1.03 x + 0.0 (72337 voxels, overlap=0.521)
Left_Cerebral_White_Matter (2): linear fit = 1.03 x + 0.0 (72337 voxels, peak = 106), gca=105.6
gca peak = 0.14521 (59)
mri peak = 0.03541 (70)
Left_Cerebral_Cortex (3): linear fit = 1.17 x + 0.0 (27197 voxels, overlap=0.013)
Left_Cerebral_Cortex (3): linear fit = 1.17 x + 0.0 (27197 voxels, peak = 69), gca=69.3
gca peak = 0.14336 (58)
mri peak = 0.03064 (68)
Right_Cerebral_Cortex (42): linear fit = 1.20 x + 0.0 (25210 voxels, overlap=0.010)
Right_Cerebral_Cortex (42): linear fit = 1.20 x + 0.0 (25210 voxels, peak = 69), gca=69.3
gca peak = 0.13305 (70)
mri peak = 0.08254 (75)
Right_Caudate (50): linear fit = 1.14 x + 0.0 (538 voxels, overlap=0.139)
Right_Caudate (50): linear fit = 1.14 x + 0.0 (538 voxels, peak = 80), gca=80.2
gca peak = 0.15761 (71)
mri peak = 0.10850 (81)
Left_Caudate (11): linear fit = 1.08 x + 0.0 (1034 voxels, overlap=0.643)
Left_Caudate (11): linear fit = 1.08 x + 0.0 (1034 voxels, peak = 76), gca=76.3
gca peak = 0.13537 (57)
mri peak = 0.03126 (56)
Left_Cerebellum_Cortex (8): linear fit = 1.04 x + 0.0 (30938 voxels, overlap=0.801)
Left_Cerebellum_Cortex (8): linear fit = 1.04 x + 0.0 (30938 voxels, peak = 60), gca=59.6
gca peak = 0.13487 (56)
mri peak = 0.03617 (53)
Right_Cerebellum_Cortex (47): linear fit = 1.04 x + 0.0 (32099 voxels, overlap=0.947)
Right_Cerebellum_Cortex (47): linear fit = 1.04 x + 0.0 (32099 voxels, peak = 59), gca=58.5
gca peak = 0.19040 (84)
mri peak = 0.10323 (89)
Left_Cerebellum_White_Matter (7): linear fit = 1.09 x + 0.0 (10640 voxels, overlap=0.306)
Left_Cerebellum_White_Matter (7): linear fit = 1.09 x + 0.0 (10640 voxels, peak = 91), gca=91.1
gca peak = 0.18871 (83)
mri peak = 0.13909 (88)
Right_Cerebellum_White_Matter (46): linear fit = 1.08 x + 0.0 (8973 voxels, overlap=0.193)
Right_Cerebellum_White_Matter (46): linear fit = 1.08 x + 0.0 (8973 voxels, peak = 89), gca=89.2
gca peak = 0.24248 (57)
mri peak = 0.14079 (76)
Left_Amygdala (18): linear fit = 1.32 x + 0.0 (531 voxels, overlap=0.049)
Left_Amygdala (18): linear fit = 1.32 x + 0.0 (531 voxels, peak = 75), gca=75.0
gca peak = 0.35833 (56)
mri peak = 0.10375 (70)
Right_Amygdala (54): linear fit = 1.23 x + 0.0 (623 voxels, overlap=0.036)
Right_Amygdala (54): linear fit = 1.23 x + 0.0 (623 voxels, peak = 69), gca=68.6
gca peak = 0.12897 (85)
mri peak = 0.09447 (95)
Left_Thalamus (10): linear fit = 1.11 x + 0.0 (6136 voxels, overlap=0.429)
Left_Thalamus (10): linear fit = 1.11 x + 0.0 (6136 voxels, peak = 94), gca=93.9
gca peak = 0.13127 (83)
mri peak = 0.08165 (90)
Right_Thalamus (49): linear fit = 1.12 x + 0.0 (4825 voxels, overlap=0.543)
Right_Thalamus (49): linear fit = 1.12 x + 0.0 (4825 voxels, peak = 93), gca=92.5
gca peak = 0.12974 (78)
mri peak = 0.07378 (91)
Left_Putamen (12): linear fit = 1.15 x + 0.0 (2669 voxels, overlap=0.296)
Left_Putamen (12): linear fit = 1.15 x + 0.0 (2669 voxels, peak = 90), gca=90.1
gca peak = 0.17796 (79)
mri peak = 0.09822 (90)
Right_Putamen (51): linear fit = 1.12 x + 0.0 (2556 voxels, overlap=0.381)
Right_Putamen (51): linear fit = 1.12 x + 0.0 (2556 voxels, peak = 89), gca=88.9
gca peak = 0.10999 (80)
mri peak = 0.10540 (88)
Brain_Stem (16): linear fit = 1.12 x + 0.0 (12912 voxels, overlap=0.209)
Brain_Stem (16): linear fit = 1.12 x + 0.0 (12912 voxels, peak = 90), gca=90.0
gca peak = 0.13215 (88)
mri peak = 0.12038 (96)
Right_VentralDC (60): linear fit = 1.09 x + 0.0 (1074 voxels, overlap=0.260)
Right_VentralDC (60): linear fit = 1.09 x + 0.0 (1074 voxels, peak = 95), gca=95.5
gca peak = 0.11941 (89)
mri peak = 0.10761 (96)
Left_VentralDC (28): linear fit = 1.09 x + 0.0 (1317 voxels, overlap=0.280)
Left_VentralDC (28): linear fit = 1.09 x + 0.0 (1317 voxels, peak = 97), gca=96.6
gca peak = 0.20775 (25)
mri peak = 0.16667 (21)
gca peak = 0.13297 (21)
mri peak = 0.12834 (22)
Fourth_Ventricle (15): linear fit = 0.93 x + 0.0 (418 voxels, overlap=0.724)
Fourth_Ventricle (15): linear fit = 0.93 x + 0.0 (418 voxels, peak = 19), gca=19.4
gca peak Unknown = 0.94777 ( 0)
gca peak Left_Inf_Lat_Vent = 0.19087 (28)
gca peak Third_Ventricle = 0.20775 (25)
gca peak CSF = 0.16821 (33)
gca peak Left_Accumbens_area = 0.32850 (63)
gca peak Left_undetermined = 0.98480 (28)
gca peak Left_vessel = 0.40887 (53)
gca peak Left_choroid_plexus = 0.10898 (46)
gca peak Right_Inf_Lat_Vent = 0.17798 (26)
gca peak Right_Accumbens_area = 0.30137 (64)
gca peak Right_vessel = 0.47828 (52)
gca peak Right_choroid_plexus = 0.11612 (45)
gca peak Fifth_Ventricle = 0.59466 (35)
gca peak WM_hypointensities = 0.10053 (78)
gca peak non_WM_hypointensities = 0.07253 (60)
gca peak Optic_Chiasm = 0.25330 (73)
not using caudate to estimate GM means
estimating mean gm scale to be 1.22 x + 0.0
estimating mean wm scale to be 1.03 x + 0.0
estimating mean csf scale to be 1.17 x + 0.0
saving intensity scales to talairach.label_intensities.txt
GCAmapRenormalizeWithAlignment() took 3.42143 min
noneg pre
Starting GCAMregister()
label assignment complete, 0 changed (0.00%)
npasses = 1, nlevels = 6
#pass# 1 of 1 ************************
enabling zero nodes
setting smoothness cost coefficient to 0.008

#GCAMreg# pass 0 level1 5 level2 0 tsec 0 sigma 2
l_jacobian=1.00 l_label=1.00 l_log_likelihood=0.20 l_smoothness=0.01 
tol=5.00e-02, dt=5.00e-02, exp_k=20.0, momentum=0.90, levels=6, niter=500, lbl_dist=10.00, avgs=256, sigma=2.0,type=2, relabel=0, neg=no

blurring input image with Gaussian with sigma=2.000...
GCAMRegisterLevel(): init RMS 0.795308
#FOTS# QuadFit found better minimum quadopt=(dt=169.681,rms=0.767815) vs oldopt=(dt=92.48,rms=0.773781)
#GCMRL#   70 dt 169.680672 rms  0.768  3.457% neg 0  invalid 762 tFOTS 4.0320 tGradient 2.3760 tsec 6.7230
#FOTS# QuadFit found better minimum quadopt=(dt=295.936,rms=0.755962) vs oldopt=(dt=369.92,rms=0.756104)
#GCMRL#   71 dt 295.936000 rms  0.756  1.544% neg 0  invalid 762 tFOTS 3.9520 tGradient 2.2960 tsec 6.5570
#FOTS# QuadFit found better minimum quadopt=(dt=161.488,rms=0.7509) vs oldopt=(dt=92.48,rms=0.752107)
#GCMRL#   72 dt 161.488372 rms  0.751  0.670% neg 0  invalid 762 tFOTS 4.1690 tGradient 2.3650 tsec 6.8510
#GCMRL#   73 dt 369.920000 rms  0.746  0.655% neg 0  invalid 762 tFOTS 4.3040 tGradient 2.3020 tsec 6.9430
#FOTS# QuadFit found better minimum quadopt=(dt=138.894,rms=0.742012) vs oldopt=(dt=92.48,rms=0.742674)
#GCMRL#   74 dt 138.893617 rms  0.742  0.532% neg 0  invalid 762 tFOTS 4.8960 tGradient 2.5420 tsec 7.7760
#FOTS# QuadFit found better minimum quadopt=(dt=517.888,rms=0.737972) vs oldopt=(dt=369.92,rms=0.738272)
#GCMRL#   75 dt 517.888000 rms  0.738  0.544% neg 0  invalid 762 tFOTS 4.6050 tGradient 2.5020 tsec 7.4450
#FOTS# QuadFit found better minimum quadopt=(dt=129.472,rms=0.735186) vs oldopt=(dt=92.48,rms=0.735371)
#GCMRL#   76 dt 129.472000 rms  0.735  0.378% neg 0  invalid 762 tFOTS 4.8580 tGradient 2.5470 tsec 7.7460
#FOTS# QuadFit found better minimum quadopt=(dt=517.888,rms=0.732507) vs oldopt=(dt=369.92,rms=0.732777)
#GCMRL#   77 dt 517.888000 rms  0.733  0.364% neg 0  invalid 762 tFOTS 4.5980 tGradient 2.6440 tsec 7.5830
#FOTS# QuadFit found better minimum quadopt=(dt=110.976,rms=0.730803) vs oldopt=(dt=92.48,rms=0.73086)
#GCMRL#   78 dt 110.976000 rms  0.731  0.233% neg 0  invalid 762 tFOTS 5.3860 tGradient 2.2970 tsec 8.0820
#FOTS# QuadFit found better minimum quadopt=(dt=2071.55,rms=0.721499) vs oldopt=(dt=1479.68,rms=0.723391)
#GCMRL#   79 dt 2071.552000 rms  0.721  1.273% neg 0  invalid 762 tFOTS 4.6790 tGradient 2.5990 tsec 7.6010
#FOTS# QuadFit found better minimum quadopt=(dt=110.976,rms=0.719951) vs oldopt=(dt=92.48,rms=0.719961)
#GCMRL#   80 dt 110.976000 rms  0.720  0.215% neg 0  invalid 762 tFOTS 4.6760 tGradient 2.8410 tsec 7.8270
#FOTS# QuadFit found better minimum quadopt=(dt=1775.62,rms=0.715892) vs oldopt=(dt=1479.68,rms=0.715907)
#GCMRL#   81 dt 1775.616000 rms  0.716  0.564% neg 0  invalid 762 tFOTS 4.4230 tGradient 2.4360 tsec 7.1790
#FOTS# QuadFit found better minimum quadopt=(dt=110.976,rms=0.713387) vs oldopt=(dt=92.48,rms=0.713424)
#GCMRL#   82 dt 110.976000 rms  0.713  0.350% neg 0  invalid 762 tFOTS 4.2860 tGradient 2.1810 tsec 6.7640
#GCMRL#   83 dt 369.920000 rms  0.712  0.157% neg 0  invalid 762 tFOTS 4.3250 tGradient 2.2780 tsec 6.9040
#FOTS# QuadFit found better minimum quadopt=(dt=129.472,rms=0.711854) vs oldopt=(dt=92.48,rms=0.711939)
#GCMRL#   84 dt 129.472000 rms  0.712  0.059% neg 0  invalid 762 tFOTS 4.1190 tGradient 2.2490 tsec 6.6740
#FOTS# QuadFit found better minimum quadopt=(dt=2071.55,rms=0.70897) vs oldopt=(dt=1479.68,rms=0.709205)
#GCMRL#   85 dt 2071.552000 rms  0.709  0.405% neg 0  invalid 762 tFOTS 4.3500 tGradient 2.2500 tsec 6.9040
#FOTS# QuadFit found better minimum quadopt=(dt=129.472,rms=0.70649) vs oldopt=(dt=92.48,rms=0.706635)
#GCMRL#   86 dt 129.472000 rms  0.706  0.350% neg 0  invalid 762 tFOTS 4.3140 tGradient 2.3350 tsec 6.9570
#FOTS# QuadFit found better minimum quadopt=(dt=221.952,rms=0.705807) vs oldopt=(dt=369.92,rms=0.705971)
#GCMRL#   87 dt 221.952000 rms  0.706  0.097% neg 0  invalid 762 tFOTS 4.1690 tGradient 2.2780 tsec 6.7490
#FOTS# QuadFit found better minimum quadopt=(dt=129.472,rms=0.70551) vs oldopt=(dt=92.48,rms=0.705545)
#GCMRL#   88 dt 129.472000 rms  0.706  0.000% neg 0  invalid 762 tFOTS 4.6670 tGradient 2.3130 tsec 7.3240
#GCMRL#   89 dt 129.472000 rms  0.705  0.045% neg 0  invalid 762 tFOTS 0.0000 tGradient 2.4470 tsec 2.7390
#GCMRL#   90 dt 129.472000 rms  0.705  0.075% neg 0  invalid 762 tFOTS 0.0000 tGradient 2.4640 tsec 2.8370
#GCMRL#   91 dt 129.472000 rms  0.704  0.098% neg 0  invalid 762 tFOTS 0.0000 tGradient 2.6940 tsec 3.0790
#GCMRL#   92 dt 129.472000 rms  0.703  0.118% neg 0  invalid 762 tFOTS 0.0000 tGradient 2.8340 tsec 3.1800
#GCMRL#   93 dt 129.472000 rms  0.702  0.139% neg 0  invalid 762 tFOTS 0.0000 tGradient 2.7010 tsec 3.0480
#GCMRL#   94 dt 129.472000 rms  0.701  0.154% neg 0  invalid 762 tFOTS 0.0000 tGradient 2.7020 tsec 3.0750
#GCMRL#   95 dt 129.472000 rms  0.700  0.165% neg 0  invalid 762 tFOTS 0.0000 tGradient 2.6460 tsec 3.0220
#GCMRL#   96 dt 129.472000 rms  0.699  0.180% neg 0  invalid 762 tFOTS 0.0000 tGradient 2.6310 tsec 2.9960
#GCMRL#   97 dt 129.472000 rms  0.697  0.189% neg 0  invalid 762 tFOTS 0.0000 tGradient 2.9770 tsec 3.3890
#GCMRL#   98 dt 129.472000 rms  0.696  0.189% neg 0  invalid 762 tFOTS 0.0000 tGradient 2.9460 tsec 3.3260
#GCMRL#   99 dt 129.472000 rms  0.695  0.186% neg 0  invalid 762 tFOTS 0.0000 tGradient 2.7090 tsec 3.0870
#GCMRL#  100 dt 129.472000 rms  0.694  0.175% neg 0  invalid 762 tFOTS 0.0000 tGradient 2.5680 tsec 2.9500
#GCMRL#  101 dt 129.472000 rms  0.692  0.161% neg 0  invalid 762 tFOTS 0.0000 tGradient 2.5560 tsec 2.9410
#GCMRL#  102 dt 129.472000 rms  0.691  0.159% neg 0  invalid 762 tFOTS 0.0000 tGradient 2.5630 tsec 2.9430
#GCMRL#  103 dt 129.472000 rms  0.690  0.152% neg 0  invalid 762 tFOTS 0.0000 tGradient 2.6240 tsec 2.9970
#GCMRL#  104 dt 129.472000 rms  0.689  0.142% neg 0  invalid 762 tFOTS 0.0000 tGradient 2.5170 tsec 2.8990
#GCMRL#  105 dt 129.472000 rms  0.688  0.141% neg 0  invalid 762 tFOTS 0.0000 tGradient 2.6560 tsec 3.0450
#GCMRL#  106 dt 129.472000 rms  0.687  0.126% neg 0  invalid 762 tFOTS 0.0000 tGradient 2.6290 tsec 2.9890
#GCMRL#  107 dt 129.472000 rms  0.687  0.125% neg 0  invalid 762 tFOTS 0.0000 tGradient 2.4750 tsec 2.8010
#GCMRL#  108 dt 129.472000 rms  0.686  0.119% neg 0  invalid 762 tFOTS 0.0000 tGradient 2.6640 tsec 2.9970
#GCMRL#  109 dt 129.472000 rms  0.685  0.102% neg 0  invalid 762 tFOTS 0.0000 tGradient 2.7000 tsec 3.0770
#GCMRL#  110 dt 129.472000 rms  0.684  0.093% neg 0  invalid 762 tFOTS 0.0000 tGradient 2.6010 tsec 2.9240
#GCMRL#  111 dt 129.472000 rms  0.684  0.090% neg 0  invalid 762 tFOTS 0.0000 tGradient 2.3950 tsec 2.7230
#GCMRL#  112 dt 129.472000 rms  0.683  0.093% neg 0  invalid 762 tFOTS 0.0000 tGradient 2.4090 tsec 2.7340
#GCMRL#  113 dt 129.472000 rms  0.683  0.085% neg 0  invalid 762 tFOTS 0.0000 tGradient 2.4440 tsec 2.7680
#GCMRL#  114 dt 129.472000 rms  0.682  0.071% neg 0  invalid 762 tFOTS 0.0000 tGradient 2.6670 tsec 3.0630
#GCMRL#  115 dt 129.472000 rms  0.682  0.065% neg 0  invalid 762 tFOTS 0.0000 tGradient 2.6570 tsec 3.0250
#GCMRL#  116 dt 129.472000 rms  0.681  0.066% neg 0  invalid 762 tFOTS 0.0000 tGradient 2.5140 tsec 2.8490
#GCMRL#  117 dt 129.472000 rms  0.681  0.065% neg 0  invalid 762 tFOTS 0.0000 tGradient 2.3090 tsec 2.6350
#GCMRL#  118 dt 129.472000 rms  0.680  0.064% neg 0  invalid 762 tFOTS 0.0000 tGradient 2.4210 tsec 2.7530
#GCMRL#  119 dt 129.472000 rms  0.680  0.056% neg 0  invalid 762 tFOTS 0.0000 tGradient 2.4830 tsec 2.8100
#GCMRL#  120 dt 129.472000 rms  0.680  0.049% neg 0  invalid 762 tFOTS 0.0000 tGradient 2.5060 tsec 2.8500
#GCMRL#  121 dt 129.472000 rms  0.679  0.044% neg 0  invalid 762 tFOTS 0.0000 tGradient 2.3960 tsec 2.7160
#GCMRL#  122 dt 129.472000 rms  0.679  0.045% neg 0  invalid 762 tFOTS 0.0000 tGradient 2.7050 tsec 3.0690
#GCMRL#  123 dt 129.472000 rms  0.679  0.041% neg 0  invalid 762 tFOTS 0.0000 tGradient 2.5230 tsec 2.8400
#GCMRL#  124 dt 129.472000 rms  0.678  0.046% neg 0  invalid 762 tFOTS 0.0000 tGradient 2.3950 tsec 2.7170
#GCMRL#  125 dt 129.472000 rms  0.678  0.046% neg 0  invalid 762 tFOTS 0.0000 tGradient 2.4840 tsec 2.7930
#GCMRL#  126 dt 129.472000 rms  0.678  0.045% neg 0  invalid 762 tFOTS 0.0000 tGradient 2.3540 tsec 2.6520
#GCMRL#  127 dt 129.472000 rms  0.678  0.039% neg 0  invalid 762 tFOTS 0.0000 tGradient 2.4020 tsec 2.7000
#GCMRL#  128 dt 129.472000 rms  0.677  0.033% neg 0  invalid 762 tFOTS 0.0000 tGradient 2.3440 tsec 2.6400
#GCMRL#  129 dt 129.472000 rms  0.677  0.036% neg 0  invalid 762 tFOTS 0.0000 tGradient 2.2940 tsec 2.5920
#GCMRL#  130 dt 129.472000 rms  0.677  0.037% neg 0  invalid 762 tFOTS 0.0000 tGradient 2.3430 tsec 2.6400
#GCMRL#  131 dt 129.472000 rms  0.677  0.041% neg 0  invalid 762 tFOTS 0.0000 tGradient 2.2080 tsec 2.4970
#GCMRL#  132 dt 129.472000 rms  0.676  0.042% neg 0  invalid 762 tFOTS 0.0000 tGradient 2.2100 tsec 2.5020
#GCMRL#  133 dt 129.472000 rms  0.676  0.037% neg 0  invalid 762 tFOTS 0.0000 tGradient 2.1880 tsec 2.4820
#GCMRL#  134 dt 129.472000 rms  0.676  0.034% neg 0  invalid 762 tFOTS 0.0000 tGradient 2.2210 tsec 2.5080
#GCMRL#  135 dt 129.472000 rms  0.676  0.035% neg 0  invalid 762 tFOTS 0.0000 tGradient 2.2390 tsec 2.5280
#GCMRL#  136 dt 129.472000 rms  0.675  0.037% neg 0  invalid 762 tFOTS 0.0000 tGradient 2.2450 tsec 2.5410
#GCMRL#  137 dt 129.472000 rms  0.675  0.037% neg 0  invalid 762 tFOTS 0.0000 tGradient 2.2650 tsec 2.5530
#GCMRL#  138 dt 129.472000 rms  0.675  0.036% neg 0  invalid 762 tFOTS 0.0000 tGradient 2.2660 tsec 2.5640
#GCMRL#  139 dt 129.472000 rms  0.675  0.028% neg 0  invalid 762 tFOTS 0.0000 tGradient 2.1770 tsec 2.4670
#GCMRL#  140 dt 129.472000 rms  0.674  0.027% neg 0  invalid 762 tFOTS 0.0000 tGradient 2.2190 tsec 2.5100
#GCMRL#  141 dt 129.472000 rms  0.674  0.027% neg 0  invalid 762 tFOTS 0.0000 tGradient 2.2460 tsec 2.5380
#GCMRL#  142 dt 129.472000 rms  0.674  0.037% neg 0  invalid 762 tFOTS 0.0000 tGradient 2.1880 tsec 2.4840
#GCMRL#  143 dt 129.472000 rms  0.674  0.037% neg 0  invalid 762 tFOTS 0.0000 tGradient 2.1780 tsec 2.4700
#GCMRL#  144 dt 129.472000 rms  0.674  0.030% neg 0  invalid 762 tFOTS 0.0000 tGradient 2.2090 tsec 2.5060
#GCMRL#  145 dt 129.472000 rms  0.673  0.029% neg 0  invalid 762 tFOTS 0.0000 tGradient 2.2390 tsec 2.5300
#GCMRL#  146 dt 129.472000 rms  0.673  0.028% neg 0  invalid 762 tFOTS 0.0000 tGradient 2.1700 tsec 2.4530
#GCMRL#  147 dt 129.472000 rms  0.673  0.030% neg 0  invalid 762 tFOTS 0.0000 tGradient 2.1920 tsec 2.4830
#GCMRL#  148 dt 129.472000 rms  0.673  0.030% neg 0  invalid 762 tFOTS 0.0000 tGradient 2.2140 tsec 2.5030
#GCMRL#  149 dt 129.472000 rms  0.673  0.025% neg 0  invalid 762 tFOTS 0.0000 tGradient 2.1660 tsec 2.4530
#GCMRL#  150 dt 129.472000 rms  0.672  0.026% neg 0  invalid 762 tFOTS 0.0000 tGradient 2.2050 tsec 2.4970
#GCMRL#  151 dt 129.472000 rms  0.672  0.022% neg 0  invalid 762 tFOTS 0.0000 tGradient 2.1860 tsec 2.4750
#GCMRL#  152 dt 129.472000 rms  0.672  0.021% neg 0  invalid 762 tFOTS 0.0000 tGradient 2.2570 tsec 2.5730
#FOTS# QuadFit found better minimum quadopt=(dt=3551.23,rms=0.671725) vs oldopt=(dt=5918.72,rms=0.671843)
#GCMRL#  153 dt 3551.232000 rms  0.672  0.063% neg 0  invalid 762 tFOTS 4.3100 tGradient 2.2240 tsec 6.8350
#GCMRL#  154 dt  92.480000 rms  0.672  0.000% neg 0  invalid 762 tFOTS 4.6460 tGradient 2.1730 tsec 7.1670
#GCMRL#  155 dt  92.480000 rms  0.672  0.001% neg 0  invalid 762 tFOTS 0.0000 tGradient 2.2400 tsec 2.5370

#GCAMreg# pass 0 level1 5 level2 1 tsec 342.305 sigma 0.5
l_jacobian=1.00 l_label=1.00 l_log_likelihood=0.20 l_smoothness=0.01 
tol=5.00e-02, dt=5.00e-02, exp_k=20.0, momentum=0.90, levels=6, niter=500, lbl_dist=10.00, avgs=256, sigma=0.5,type=2, relabel=0, neg=no

blurring input image with Gaussian with sigma=0.500...
GCAMRegisterLevel(): init RMS 0.671913
#FOTS# QuadFit found better minimum quadopt=(dt=129.472,rms=0.670972) vs oldopt=(dt=92.48,rms=0.671082)
#GCMRL#  157 dt 129.472000 rms  0.671  0.140% neg 0  invalid 762 tFOTS 4.2770 tGradient 2.2780 tsec 6.8520
#GCMRL#  158 dt 369.920000 rms  0.670  0.084% neg 0  invalid 762 tFOTS 4.2310 tGradient 2.2540 tsec 6.7820
#GCMRL#  159 dt 369.920000 rms  0.670  0.000% neg 0  invalid 762 tFOTS 4.4490 tGradient 2.2490 tsec 7.0180
setting smoothness cost coefficient to 0.031

#GCAMreg# pass 0 level1 4 level2 0 tsec 0 sigma 2
l_jacobian=1.00 l_label=1.00 l_log_likelihood=0.20 l_smoothness=0.03 
tol=5.00e-02, dt=5.00e-02, exp_k=20.0, momentum=0.90, levels=6, niter=500, lbl_dist=10.00, avgs=64, sigma=2.0,type=2, relabel=0, neg=no

blurring input image with Gaussian with sigma=2.000...
GCAMRegisterLevel(): init RMS 0.672378
#FOTS# QuadFit found better minimum quadopt=(dt=202.884,rms=0.666532) vs oldopt=(dt=103.68,rms=0.66756)
#GCMRL#  161 dt 202.884354 rms  0.667  0.869% neg 0  invalid 762 tFOTS 4.3790 tGradient 2.1090 tsec 6.8020
#FOTS# QuadFit found better minimum quadopt=(dt=183.728,rms=0.65731) vs oldopt=(dt=103.68,rms=0.659028)
#GCMRL#  162 dt 183.727891 rms  0.657  1.384% neg 0  invalid 762 tFOTS 4.5150 tGradient 2.1160 tsec 6.9480
#FOTS# QuadFit found better minimum quadopt=(dt=76.0059,rms=0.653572) vs oldopt=(dt=103.68,rms=0.654052)
#GCMRL#  163 dt  76.005908 rms  0.654  0.569% neg 0  invalid 762 tFOTS 4.1000 tGradient 2.0560 tsec 6.4630
#FOTS# QuadFit found better minimum quadopt=(dt=331.776,rms=0.64866) vs oldopt=(dt=414.72,rms=0.648732)
#GCMRL#  164 dt 331.776000 rms  0.649  0.752% neg 0  invalid 762 tFOTS 4.2660 tGradient 1.8900 tsec 6.4450
#FOTS# QuadFit found better minimum quadopt=(dt=78.6307,rms=0.643727) vs oldopt=(dt=103.68,rms=0.644214)
#GCMRL#  165 dt  78.630715 rms  0.644  0.760% neg 0  invalid 762 tFOTS 4.1920 tGradient 1.9210 tsec 6.3930
#FOTS# QuadFit found better minimum quadopt=(dt=145.152,rms=0.641567) vs oldopt=(dt=103.68,rms=0.641734)
#GCMRL#  166 dt 145.152000 rms  0.642  0.336% neg 0  invalid 762 tFOTS 4.2390 tGradient 1.7860 tsec 6.3270
#FOTS# QuadFit found better minimum quadopt=(dt=86.5882,rms=0.63928) vs oldopt=(dt=103.68,rms=0.63936)
#GCMRL#  167 dt  86.588235 rms  0.639  0.356% neg 0  invalid 762 tFOTS 4.1130 tGradient 1.8910 tsec 6.3060
#FOTS# QuadFit found better minimum quadopt=(dt=124.416,rms=0.637785) vs oldopt=(dt=103.68,rms=0.637818)
#GCMRL#  168 dt 124.416000 rms  0.638  0.234% neg 0  invalid 762 tFOTS 3.9110 tGradient 1.8380 tsec 6.0550
#FOTS# QuadFit found better minimum quadopt=(dt=103.619,rms=0.635855) vs oldopt=(dt=103.68,rms=0.635855)
#GCMRL#  169 dt 103.619048 rms  0.636  0.303% neg 0  invalid 762 tFOTS 3.8790 tGradient 1.8480 tsec 6.0570
#FOTS# QuadFit found better minimum quadopt=(dt=95.7762,rms=0.634597) vs oldopt=(dt=103.68,rms=0.634611)
#GCMRL#  170 dt  95.776224 rms  0.635  0.198% neg 0  invalid 762 tFOTS 4.1150 tGradient 1.8900 tsec 6.3120
#FOTS# QuadFit found better minimum quadopt=(dt=124.416,rms=0.632953) vs oldopt=(dt=103.68,rms=0.633013)
#GCMRL#  171 dt 124.416000 rms  0.633  0.259% neg 0  invalid 762 tFOTS 4.3750 tGradient 1.8820 tsec 6.6010
#FOTS# QuadFit found better minimum quadopt=(dt=90.4968,rms=0.631777) vs oldopt=(dt=103.68,rms=0.63181)
#GCMRL#  172 dt  90.496815 rms  0.632  0.186% neg 0  invalid 762 tFOTS 4.3240 tGradient 1.8640 tsec 6.5010
#FOTS# QuadFit found better minimum quadopt=(dt=145.152,rms=0.630332) vs oldopt=(dt=103.68,rms=0.630434)
#GCMRL#  173 dt 145.152000 rms  0.630  0.229% neg 0  invalid 762 tFOTS 4.1860 tGradient 2.0190 tsec 6.5180
#FOTS# QuadFit found better minimum quadopt=(dt=82.8599,rms=0.629101) vs oldopt=(dt=103.68,rms=0.629198)
#GCMRL#  174 dt  82.859903 rms  0.629  0.195% neg 0  invalid 762 tFOTS 4.2190 tGradient 1.8070 tsec 6.3360
#FOTS# QuadFit found better minimum quadopt=(dt=124.416,rms=0.627927) vs oldopt=(dt=103.68,rms=0.627974)
#GCMRL#  175 dt 124.416000 rms  0.628  0.187% neg 0  invalid 762 tFOTS 4.4160 tGradient 2.2940 tsec 7.0370
#FOTS# QuadFit found better minimum quadopt=(dt=95.7557,rms=0.626862) vs oldopt=(dt=103.68,rms=0.626877)
#GCMRL#  176 dt  95.755725 rms  0.627  0.170% neg 0  invalid 762 tFOTS 4.4880 tGradient 1.8380 tsec 6.6320
#GCMRL#  177 dt 103.680000 rms  0.626  0.144% neg 0  invalid 762 tFOTS 3.9140 tGradient 1.8200 tsec 6.0370
#FOTS# QuadFit found better minimum quadopt=(dt=87.6308,rms=0.625067) vs oldopt=(dt=103.68,rms=0.625109)
#GCMRL#  178 dt  87.630769 rms  0.625  0.142% neg 0  invalid 762 tFOTS 4.1870 tGradient 1.7870 tsec 6.2800
#FOTS# QuadFit found better minimum quadopt=(dt=124.416,rms=0.624109) vs oldopt=(dt=103.68,rms=0.624134)
#GCMRL#  179 dt 124.416000 rms  0.624  0.153% neg 0  invalid 762 tFOTS 4.1360 tGradient 1.7510 tsec 6.1910
#FOTS# QuadFit found better minimum quadopt=(dt=87.3178,rms=0.623259) vs oldopt=(dt=103.68,rms=0.623294)
#GCMRL#  180 dt  87.317829 rms  0.623  0.136% neg 0  invalid 762 tFOTS 4.4270 tGradient 1.8700 tsec 6.6030
#GCMRL#  181 dt 103.680000 rms  0.622  0.141% neg 0  invalid 762 tFOTS 4.1680 tGradient 1.7950 tsec 6.3120
#GCMRL#  182 dt 103.680000 rms  0.622  0.108% neg 0  invalid 762 tFOTS 4.0620 tGradient 1.8480 tsec 6.2070
#FOTS# QuadFit found better minimum quadopt=(dt=82.944,rms=0.620965) vs oldopt=(dt=103.68,rms=0.621007)
#GCMRL#  183 dt  82.944000 rms  0.621  0.119% neg 0  invalid 762 tFOTS 4.0480 tGradient 1.9240 tsec 6.3080
#GCMRL#  184 dt 103.680000 rms  0.620  0.101% neg 0  invalid 762 tFOTS 4.6090 tGradient 2.1280 tsec 7.0730
#FOTS# QuadFit found better minimum quadopt=(dt=82.944,rms=0.619615) vs oldopt=(dt=103.68,rms=0.619615)
#GCMRL#  185 dt  82.944000 rms  0.620  0.117% neg 0  invalid 762 tFOTS 4.3170 tGradient 2.2020 tsec 6.8620
#FOTS# QuadFit found better minimum quadopt=(dt=124.416,rms=0.618932) vs oldopt=(dt=103.68,rms=0.618939)
#GCMRL#  186 dt 124.416000 rms  0.619  0.110% neg 0  invalid 762 tFOTS 4.5690 tGradient 2.1580 tsec 7.0620
#FOTS# QuadFit found better minimum quadopt=(dt=82.944,rms=0.618235) vs oldopt=(dt=103.68,rms=0.618317)
#GCMRL#  187 dt  82.944000 rms  0.618  0.113% neg 0  invalid 762 tFOTS 3.8760 tGradient 2.1540 tsec 6.3260
#FOTS# QuadFit found better minimum quadopt=(dt=82.944,rms=0.617681) vs oldopt=(dt=103.68,rms=0.617694)
#GCMRL#  188 dt  82.944000 rms  0.618  0.090% neg 0  invalid 762 tFOTS 4.1070 tGradient 1.9450 tsec 6.3500
#FOTS# QuadFit found better minimum quadopt=(dt=145.152,rms=0.616954) vs oldopt=(dt=103.68,rms=0.617006)
#GCMRL#  189 dt 145.152000 rms  0.617  0.118% neg 0  invalid 762 tFOTS 4.4460 tGradient 2.1070 tsec 6.8820
#FOTS# QuadFit found better minimum quadopt=(dt=62.208,rms=0.616346) vs oldopt=(dt=103.68,rms=0.616495)
#GCMRL#  190 dt  62.208000 rms  0.616  0.099% neg 0  invalid 762 tFOTS 4.0600 tGradient 2.1840 tsec 6.5400
#FOTS# QuadFit found better minimum quadopt=(dt=331.776,rms=0.615217) vs oldopt=(dt=414.72,rms=0.615299)
#GCMRL#  191 dt 331.776000 rms  0.615  0.183% neg 0  invalid 762 tFOTS 4.0760 tGradient 1.9460 tsec 6.3270
#FOTS# QuadFit found better minimum quadopt=(dt=36.288,rms=0.614324) vs oldopt=(dt=25.92,rms=0.614511)
#GCMRL#  192 dt  36.288000 rms  0.614  0.145% neg 0  invalid 762 tFOTS 4.1060 tGradient 1.8920 tsec 6.3000
#FOTS# QuadFit found better minimum quadopt=(dt=82.944,rms=0.613883) vs oldopt=(dt=103.68,rms=0.613929)
#GCMRL#  193 dt  82.944000 rms  0.614  0.072% neg 0  invalid 762 tFOTS 3.9590 tGradient 1.7650 tsec 6.0320
#FOTS# QuadFit found better minimum quadopt=(dt=124.416,rms=0.613186) vs oldopt=(dt=103.68,rms=0.613203)
#GCMRL#  194 dt 124.416000 rms  0.613  0.114% neg 0  invalid 762 tFOTS 4.1310 tGradient 1.7970 tsec 6.2280
#FOTS# QuadFit found better minimum quadopt=(dt=36.288,rms=0.612903) vs oldopt=(dt=25.92,rms=0.61297)
#GCMRL#  195 dt  36.288000 rms  0.613  0.000% neg 0  invalid 762 tFOTS 4.0930 tGradient 1.7540 tsec 6.1710
#GCMRL#  196 dt  36.288000 rms  0.613  0.034% neg 0  invalid 762 tFOTS 0.0000 tGradient 1.8030 tsec 2.0960
#GCMRL#  197 dt  36.288000 rms  0.612  0.045% neg 0  invalid 762 tFOTS 0.0000 tGradient 1.8000 tsec 2.0970
#GCMRL#  198 dt  36.288000 rms  0.612  0.073% neg 0  invalid 762 tFOTS 0.0000 tGradient 1.8010 tsec 2.0960
#GCMRL#  199 dt  36.288000 rms  0.611  0.098% neg 0  invalid 762 tFOTS 0.0000 tGradient 1.8620 tsec 2.1570
#GCMRL#  200 dt  36.288000 rms  0.611  0.113% neg 0  invalid 762 tFOTS 0.0000 tGradient 1.7810 tsec 2.0760
#GCMRL#  201 dt  36.288000 rms  0.610  0.126% neg 0  invalid 762 tFOTS 0.0000 tGradient 1.8040 tsec 2.0990
#GCMRL#  202 dt  36.288000 rms  0.609  0.137% neg 0  invalid 762 tFOTS 0.0000 tGradient 1.8040 tsec 2.1030
#GCMRL#  203 dt  36.288000 rms  0.608  0.146% neg 0  invalid 762 tFOTS 0.0000 tGradient 1.8110 tsec 2.1050
#GCMRL#  204 dt  36.288000 rms  0.607  0.150% neg 0  invalid 762 tFOTS 0.0000 tGradient 1.7850 tsec 2.0790
#GCMRL#  205 dt  36.288000 rms  0.606  0.156% neg 0  invalid 762 tFOTS 0.0000 tGradient 1.7660 tsec 2.0660
#GCMRL#  206 dt  36.288000 rms  0.605  0.159% neg 0  invalid 762 tFOTS 0.0000 tGradient 1.7540 tsec 2.0490
#GCMRL#  207 dt  36.288000 rms  0.604  0.155% neg 0  invalid 762 tFOTS 0.0000 tGradient 1.7500 tsec 2.0470
#GCMRL#  208 dt  36.288000 rms  0.604  0.147% neg 0  invalid 762 tFOTS 0.0000 tGradient 1.7680 tsec 2.0610
#GCMRL#  209 dt  36.288000 rms  0.603  0.148% neg 0  invalid 762 tFOTS 0.0000 tGradient 1.7680 tsec 2.0630
#GCMRL#  210 dt  36.288000 rms  0.602  0.145% neg 0  invalid 762 tFOTS 0.0000 tGradient 1.7190 tsec 2.0090
#GCMRL#  211 dt  36.288000 rms  0.601  0.137% neg 0  invalid 762 tFOTS 0.0000 tGradient 1.7530 tsec 2.0490
#GCMRL#  212 dt  36.288000 rms  0.600  0.128% neg 0  invalid 762 tFOTS 0.0000 tGradient 1.7660 tsec 2.0590
#GCMRL#  213 dt  36.288000 rms  0.599  0.123% neg 0  invalid 762 tFOTS 0.0000 tGradient 1.7680 tsec 2.0640
#GCMRL#  214 dt  36.288000 rms  0.599  0.114% neg 0  invalid 762 tFOTS 0.0000 tGradient 1.7770 tsec 2.0700
#GCMRL#  215 dt  36.288000 rms  0.598  0.098% neg 0  invalid 762 tFOTS 0.0000 tGradient 1.7410 tsec 2.0370
#GCMRL#  216 dt  36.288000 rms  0.598  0.100% neg 0  invalid 762 tFOTS 0.0000 tGradient 1.7450 tsec 2.0460
#GCMRL#  217 dt  36.288000 rms  0.597  0.093% neg 0  invalid 762 tFOTS 0.0000 tGradient 1.7590 tsec 2.0500
#GCMRL#  218 dt  36.288000 rms  0.596  0.095% neg 0  invalid 762 tFOTS 0.0000 tGradient 1.7630 tsec 2.0520
#GCMRL#  219 dt  36.288000 rms  0.596  0.091% neg 0  invalid 762 tFOTS 0.0000 tGradient 1.7310 tsec 2.0260
#GCMRL#  220 dt  36.288000 rms  0.595  0.089% neg 0  invalid 762 tFOTS 0.0000 tGradient 1.7810 tsec 2.0760
#GCMRL#  221 dt  36.288000 rms  0.595  0.091% neg 0  invalid 762 tFOTS 0.0000 tGradient 1.7760 tsec 2.0710
#GCMRL#  222 dt  36.288000 rms  0.594  0.084% neg 0  invalid 762 tFOTS 0.0000 tGradient 1.7780 tsec 2.0770
#GCMRL#  223 dt  36.288000 rms  0.594  0.080% neg 0  invalid 762 tFOTS 0.0000 tGradient 1.7630 tsec 2.0570
#GCMRL#  224 dt  36.288000 rms  0.593  0.072% neg 0  invalid 762 tFOTS 0.0000 tGradient 1.7560 tsec 2.0500
#GCMRL#  225 dt  36.288000 rms  0.593  0.076% neg 0  invalid 762 tFOTS 0.0000 tGradient 1.8030 tsec 2.0990
#GCMRL#  226 dt  36.288000 rms  0.593  0.080% neg 0  invalid 762 tFOTS 0.0000 tGradient 1.7900 tsec 2.0870
#GCMRL#  227 dt  36.288000 rms  0.592  0.078% neg 0  invalid 762 tFOTS 0.0000 tGradient 1.7290 tsec 2.0260
#GCMRL#  228 dt  36.288000 rms  0.592  0.077% neg 0  invalid 762 tFOTS 0.0000 tGradient 1.7480 tsec 2.0450
#GCMRL#  229 dt  36.288000 rms  0.591  0.075% neg 0  invalid 762 tFOTS 0.0000 tGradient 1.8480 tsec 2.1420
#GCMRL#  230 dt  36.288000 rms  0.591  0.066% neg 0  invalid 762 tFOTS 0.0000 tGradient 1.7860 tsec 2.0740
#GCMRL#  231 dt  36.288000 rms  0.590  0.063% neg 0  invalid 762 tFOTS 0.0000 tGradient 1.7590 tsec 2.0570
#GCMRL#  232 dt  36.288000 rms  0.590  0.066% neg 0  invalid 762 tFOTS 0.0000 tGradient 1.7480 tsec 2.0480
#GCMRL#  233 dt  36.288000 rms  0.590  0.065% neg 0  invalid 762 tFOTS 0.0000 tGradient 1.7290 tsec 2.0220
#GCMRL#  234 dt  36.288000 rms  0.589  0.064% neg 0  invalid 762 tFOTS 0.0000 tGradient 1.9500 tsec 2.2800
#GCMRL#  235 dt  36.288000 rms  0.589  0.065% neg 0  invalid 762 tFOTS 0.0000 tGradient 1.9500 tsec 2.2790
#GCMRL#  236 dt  36.288000 rms  0.588  0.066% neg 0  invalid 762 tFOTS 0.0000 tGradient 1.9930 tsec 2.3360
#GCMRL#  237 dt  36.288000 rms  0.588  0.065% neg 0  invalid 762 tFOTS 0.0000 tGradient 1.9290 tsec 2.2440
#GCMRL#  238 dt  36.288000 rms  0.588  0.063% neg 0  invalid 762 tFOTS 0.0000 tGradient 1.7850 tsec 2.0830
#GCMRL#  239 dt  36.288000 rms  0.587  0.059% neg 0  invalid 762 tFOTS 0.0000 tGradient 1.9360 tsec 2.2480
#GCMRL#  240 dt  36.288000 rms  0.587  0.056% neg 0  invalid 762 tFOTS 0.0000 tGradient 1.7500 tsec 2.0520
#GCMRL#  241 dt  36.288000 rms  0.587  0.056% neg 0  invalid 762 tFOTS 0.0000 tGradient 1.7650 tsec 2.0730
#GCMRL#  242 dt  36.288000 rms  0.586  0.052% neg 0  invalid 762 tFOTS 0.0000 tGradient 1.7060 tsec 2.0110
#GCMRL#  243 dt  36.288000 rms  0.586  0.059% neg 0  invalid 762 tFOTS 0.0000 tGradient 1.7790 tsec 2.0900
#GCMRL#  244 dt  36.288000 rms  0.586  0.061% neg 0  invalid 762 tFOTS 0.0000 tGradient 1.7330 tsec 2.0410
#GCMRL#  245 dt  36.288000 rms  0.585  0.059% neg 0  invalid 762 tFOTS 0.0000 tGradient 1.8150 tsec 2.1220
#GCMRL#  246 dt  36.288000 rms  0.585  0.055% neg 0  invalid 762 tFOTS 0.0000 tGradient 1.7680 tsec 2.0800
#GCMRL#  247 dt  36.288000 rms  0.585  0.046% neg 0  invalid 762 tFOTS 0.0000 tGradient 1.7060 tsec 2.0170
#GCMRL#  248 dt  36.288000 rms  0.584  0.048% neg 0  invalid 762 tFOTS 0.0000 tGradient 1.8380 tsec 2.1440
#GCMRL#  249 dt  36.288000 rms  0.584  0.046% neg 0  invalid 762 tFOTS 0.0000 tGradient 1.7120 tsec 2.0200
#GCMRL#  250 dt  36.288000 rms  0.584  0.053% neg 0  invalid 762 tFOTS 0.0000 tGradient 1.8130 tsec 2.1270
#GCMRL#  251 dt  36.288000 rms  0.584  0.051% neg 0  invalid 762 tFOTS 0.0000 tGradient 1.9390 tsec 2.2710
#GCMRL#  252 dt  36.288000 rms  0.583  0.053% neg 0  invalid 762 tFOTS 0.0000 tGradient 1.8890 tsec 2.1930
#GCMRL#  253 dt  36.288000 rms  0.583  0.051% neg 0  invalid 762 tFOTS 0.0000 tGradient 1.7200 tsec 2.0260
#GCMRL#  254 dt  36.288000 rms  0.583  0.046% neg 0  invalid 762 tFOTS 0.0000 tGradient 1.7690 tsec 2.0660
#GCMRL#  255 dt  36.288000 rms  0.583  0.037% neg 0  invalid 762 tFOTS 0.0000 tGradient 1.8390 tsec 2.1410
#GCMRL#  256 dt  36.288000 rms  0.582  0.039% neg 0  invalid 762 tFOTS 0.0000 tGradient 1.7690 tsec 2.0660
#GCMRL#  257 dt  36.288000 rms  0.582  0.041% neg 0  invalid 762 tFOTS 0.0000 tGradient 1.7460 tsec 2.0560
#GCMRL#  258 dt  36.288000 rms  0.582  0.044% neg 0  invalid 762 tFOTS 0.0000 tGradient 1.8110 tsec 2.1080
#GCMRL#  259 dt  36.288000 rms  0.582  0.037% neg 0  invalid 762 tFOTS 0.0000 tGradient 1.7390 tsec 2.0380
#GCMRL#  260 dt  36.288000 rms  0.581  0.043% neg 0  invalid 762 tFOTS 0.0000 tGradient 1.7240 tsec 2.0230
#GCMRL#  261 dt  36.288000 rms  0.581  0.040% neg 0  invalid 762 tFOTS 0.0000 tGradient 1.7100 tsec 2.0090
#GCMRL#  262 dt  36.288000 rms  0.581  0.040% neg 0  invalid 762 tFOTS 0.0000 tGradient 1.9420 tsec 2.2670
#GCMRL#  263 dt  36.288000 rms  0.581  0.041% neg 0  invalid 762 tFOTS 0.0000 tGradient 2.0240 tsec 2.3470
#GCMRL#  264 dt  36.288000 rms  0.580  0.032% neg 0  invalid 762 tFOTS 0.0000 tGradient 1.9800 tsec 2.3120
#GCMRL#  265 dt  36.288000 rms  0.580  0.040% neg 0  invalid 762 tFOTS 0.0000 tGradient 2.0440 tsec 2.3890
#GCMRL#  266 dt  36.288000 rms  0.580  0.043% neg 0  invalid 762 tFOTS 0.0000 tGradient 2.1260 tsec 2.4690
#GCMRL#  267 dt  36.288000 rms  0.580  0.037% neg 0  invalid 762 tFOTS 0.0000 tGradient 2.0250 tsec 2.3680
#GCMRL#  268 dt  36.288000 rms  0.580  0.040% neg 0  invalid 762 tFOTS 0.0000 tGradient 1.9100 tsec 2.2510
#GCMRL#  269 dt  36.288000 rms  0.579  0.038% neg 0  invalid 762 tFOTS 0.0000 tGradient 2.0090 tsec 2.3500
#GCMRL#  270 dt  36.288000 rms  0.579  0.035% neg 0  invalid 762 tFOTS 0.0000 tGradient 2.0670 tsec 2.4010
#GCMRL#  271 dt  36.288000 rms  0.579  0.032% neg 0  invalid 762 tFOTS 0.0000 tGradient 2.0490 tsec 2.3930
#GCMRL#  272 dt  36.288000 rms  0.579  0.031% neg 0  invalid 762 tFOTS 0.0000 tGradient 2.0210 tsec 2.3810
#GCMRL#  273 dt  36.288000 rms  0.579  0.036% neg 0  invalid 762 tFOTS 0.0000 tGradient 2.0630 tsec 2.4130
#GCMRL#  274 dt  36.288000 rms  0.578  0.026% neg 0  invalid 762 tFOTS 0.0000 tGradient 2.0350 tsec 2.3760
#GCMRL#  275 dt  36.288000 rms  0.578  0.028% neg 0  invalid 762 tFOTS 0.0000 tGradient 2.0000 tsec 2.3350
#GCMRL#  276 dt  36.288000 rms  0.578  0.026% neg 0  invalid 762 tFOTS 0.0000 tGradient 2.0050 tsec 2.3430
#GCMRL#  277 dt  36.288000 rms  0.578  0.030% neg 0  invalid 762 tFOTS 0.0000 tGradient 2.1140 tsec 2.4540
#GCMRL#  278 dt  36.288000 rms  0.578  0.031% neg 0  invalid 762 tFOTS 0.0000 tGradient 1.9050 tsec 2.2200
#GCMRL#  279 dt  36.288000 rms  0.578  0.031% neg 0  invalid 762 tFOTS 0.0000 tGradient 1.7350 tsec 2.0340
#GCMRL#  280 dt  36.288000 rms  0.577  0.019% neg 0  invalid 762 tFOTS 0.0000 tGradient 1.6940 tsec 1.9980
#GCMRL#  281 dt  36.288000 rms  0.577  0.020% neg 0  invalid 762 tFOTS 0.0000 tGradient 1.7850 tsec 2.0840
#GCMRL#  282 dt  36.288000 rms  0.577  0.021% neg 0  invalid 762 tFOTS 0.0000 tGradient 1.7420 tsec 2.0410
#GCMRL#  283 dt  36.288000 rms  0.577  0.028% neg 0  invalid 762 tFOTS 0.0000 tGradient 1.7440 tsec 2.0430
#GCMRL#  284 dt  36.288000 rms  0.577  0.028% neg 0  invalid 762 tFOTS 0.0000 tGradient 1.7580 tsec 2.0610
#GCMRL#  285 dt  36.288000 rms  0.577  0.025% neg 0  invalid 762 tFOTS 0.0000 tGradient 1.7270 tsec 2.0280
#GCMRL#  286 dt  36.288000 rms  0.577  0.027% neg 0  invalid 762 tFOTS 0.0000 tGradient 1.7590 tsec 2.0640
#GCMRL#  287 dt  36.288000 rms  0.576  0.028% neg 0  invalid 762 tFOTS 0.0000 tGradient 1.8550 tsec 2.1780
#GCMRL#  288 dt  36.288000 rms  0.576  0.025% neg 0  invalid 762 tFOTS 0.0000 tGradient 1.8170 tsec 2.1600
#GCMRL#  289 dt  36.288000 rms  0.576  0.019% neg 0  invalid 762 tFOTS 0.0000 tGradient 1.8230 tsec 2.1280
#GCMRL#  290 dt  36.288000 rms  0.576  0.019% neg 0  invalid 762 tFOTS 0.0000 tGradient 1.7550 tsec 2.0620
#GCMRL#  291 dt  36.288000 rms  0.576  0.023% neg 0  invalid 762 tFOTS 0.0000 tGradient 1.7320 tsec 2.0390
#GCMRL#  292 dt  36.288000 rms  0.576  0.021% neg 0  invalid 762 tFOTS 0.0000 tGradient 1.7650 tsec 2.0960
#FOTS# QuadFit found better minimum quadopt=(dt=145.152,rms=0.575731) vs oldopt=(dt=103.68,rms=0.575738)
#GCMRL#  293 dt 145.152000 rms  0.576  0.000% neg 0  invalid 762 tFOTS 4.2720 tGradient 1.9550 tsec 6.5520

#GCAMreg# pass 0 level1 4 level2 1 tsec 450.997 sigma 0.5
l_jacobian=1.00 l_label=1.00 l_log_likelihood=0.20 l_smoothness=0.03 
tol=5.00e-02, dt=5.00e-02, exp_k=20.0, momentum=0.90, levels=6, niter=500, lbl_dist=10.00, avgs=64, sigma=0.5,type=2, relabel=0, neg=no

blurring input image with Gaussian with sigma=0.500...
GCAMRegisterLevel(): init RMS 0.576145
#FOTS# QuadFit found better minimum quadopt=(dt=120.268,rms=0.573611) vs oldopt=(dt=103.68,rms=0.573631)
#GCMRL#  295 dt 120.268456 rms  0.574  0.440% neg 0  invalid 762 tFOTS 4.4590 tGradient 1.7470 tsec 6.5090
#GCMRL#  296 dt 103.680000 rms  0.573  0.143% neg 0  invalid 762 tFOTS 4.2130 tGradient 1.7410 tsec 6.2630
#FOTS# QuadFit found better minimum quadopt=(dt=82.944,rms=0.572529) vs oldopt=(dt=103.68,rms=0.572564)
#GCMRL#  297 dt  82.944000 rms  0.573  0.000% neg 0  invalid 762 tFOTS 3.9910 tGradient 1.7280 tsec 6.0460
#GCMRL#  298 dt  82.944000 rms  0.572  0.051% neg 0  invalid 762 tFOTS 0.0000 tGradient 1.7100 tsec 2.0170
#GCMRL#  299 dt  82.944000 rms  0.572  0.060% neg 0  invalid 762 tFOTS 0.0000 tGradient 1.7860 tsec 2.0910
#GCMRL#  300 dt  82.944000 rms  0.572  0.053% neg 0  invalid 762 tFOTS 0.0000 tGradient 1.7130 tsec 2.0230
#GCMRL#  301 dt  82.944000 rms  0.571  0.046% neg 0  invalid 762 tFOTS 0.0000 tGradient 1.6630 tsec 1.9730
#GCMRL#  302 dt  82.944000 rms  0.571  0.066% neg 0  invalid 762 tFOTS 0.0000 tGradient 1.9430 tsec 2.2880
#GCMRL#  303 dt  82.944000 rms  0.571  0.065% neg 0  invalid 762 tFOTS 0.0000 tGradient 2.0410 tsec 2.3810
#GCMRL#  304 dt  82.944000 rms  0.570  0.057% neg 0  invalid 762 tFOTS 0.0000 tGradient 2.0230 tsec 2.3640
#GCMRL#  305 dt  82.944000 rms  0.570  0.060% neg 0  invalid 762 tFOTS 0.0000 tGradient 2.0800 tsec 2.4180
#GCMRL#  306 dt  82.944000 rms  0.570  0.071% neg 0  invalid 762 tFOTS 0.0000 tGradient 2.0290 tsec 2.3260
#GCMRL#  307 dt  82.944000 rms  0.569  0.058% neg 0  invalid 762 tFOTS 0.0000 tGradient 1.7060 tsec 2.0060
#GCMRL#  308 dt  82.944000 rms  0.569  0.059% neg 0  invalid 762 tFOTS 0.0000 tGradient 1.7450 tsec 2.0490
#GCMRL#  309 dt  82.944000 rms  0.568  0.062% neg 0  invalid 762 tFOTS 0.0000 tGradient 1.7050 tsec 1.9990
#GCMRL#  310 dt  82.944000 rms  0.568  0.049% neg 0  invalid 762 tFOTS 0.0000 tGradient 1.7350 tsec 2.0320
#GCMRL#  311 dt  82.944000 rms  0.568  0.060% neg 0  invalid 762 tFOTS 0.0000 tGradient 1.7310 tsec 2.0270
#GCMRL#  312 dt  82.944000 rms  0.568  0.059% neg 0  invalid 762 tFOTS 0.0000 tGradient 1.7390 tsec 2.0390
#GCMRL#  313 dt  82.944000 rms  0.567  0.067% neg 0  invalid 762 tFOTS 0.0000 tGradient 1.8060 tsec 2.1060
#GCMRL#  314 dt  82.944000 rms  0.567  0.052% neg 0  invalid 762 tFOTS 0.0000 tGradient 1.7510 tsec 2.0510
#GCMRL#  315 dt  82.944000 rms  0.567  0.056% neg 0  invalid 762 tFOTS 0.0000 tGradient 1.7480 tsec 2.0380
#GCMRL#  316 dt  82.944000 rms  0.566  0.048% neg 0  invalid 762 tFOTS 0.0000 tGradient 1.7300 tsec 2.0290
#GCMRL#  317 dt  82.944000 rms  0.566  0.061% neg 0  invalid 762 tFOTS 0.0000 tGradient 1.7860 tsec 2.0870
#GCMRL#  318 dt  82.944000 rms  0.566  0.061% neg 0  invalid 762 tFOTS 0.0000 tGradient 1.7260 tsec 2.0200
#GCMRL#  319 dt  82.944000 rms  0.565  0.047% neg 0  invalid 762 tFOTS 0.0000 tGradient 1.7510 tsec 2.0490
#GCMRL#  320 dt  82.944000 rms  0.565  0.041% neg 0  invalid 762 tFOTS 0.0000 tGradient 1.8940 tsec 2.1900
#GCMRL#  321 dt  82.944000 rms  0.565  0.061% neg 0  invalid 762 tFOTS 0.0000 tGradient 1.7310 tsec 2.0260
#GCMRL#  322 dt  82.944000 rms  0.564  0.060% neg 0  invalid 762 tFOTS 0.0000 tGradient 1.7590 tsec 2.0570
#GCMRL#  323 dt  82.944000 rms  0.564  0.043% neg 0  invalid 762 tFOTS 0.0000 tGradient 1.6860 tsec 1.9830
#GCMRL#  324 dt  82.944000 rms  0.564  0.030% neg 0  invalid 762 tFOTS 0.0000 tGradient 1.8030 tsec 2.0980
#GCMRL#  325 dt  82.944000 rms  0.564  0.035% neg 0  invalid 762 tFOTS 0.0000 tGradient 1.7690 tsec 2.0700
#GCMRL#  326 dt  82.944000 rms  0.563  0.056% neg 0  invalid 762 tFOTS 0.0000 tGradient 1.7830 tsec 2.0850
#GCMRL#  327 dt  82.944000 rms  0.563  0.033% neg 0  invalid 762 tFOTS 0.0000 tGradient 1.7720 tsec 2.0730
#GCMRL#  328 dt  82.944000 rms  0.563  0.025% neg 0  invalid 762 tFOTS 0.0000 tGradient 1.7830 tsec 2.0870
#GCMRL#  329 dt  82.944000 rms  0.563  0.020% neg 0  invalid 762 tFOTS 0.0000 tGradient 1.7710 tsec 2.0960
#FOTS# QuadFit found better minimum quadopt=(dt=62.208,rms=0.562867) vs oldopt=(dt=103.68,rms=0.562909)
#GCMRL#  330 dt  62.208000 rms  0.563  0.031% neg 0  invalid 762 tFOTS 4.6170 tGradient 1.9610 tsec 6.9440
#FOTS# QuadFit found better minimum quadopt=(dt=36.288,rms=0.562874) vs oldopt=(dt=25.92,rms=0.562875)
setting smoothness cost coefficient to 0.118

#GCAMreg# pass 0 level1 3 level2 0 tsec 0 sigma 2
l_jacobian=1.00 l_label=1.00 l_log_likelihood=0.20 l_smoothness=0.12 
tol=5.00e-02, dt=5.00e-02, exp_k=20.0, momentum=0.90, levels=6, niter=500, lbl_dist=10.00, avgs=16, sigma=2.0,type=2, relabel=0, neg=no

blurring input image with Gaussian with sigma=2.000...
GCAMRegisterLevel(): init RMS 0.575851
#FOTS# QuadFit found better minimum quadopt=(dt=11.2,rms=0.575098) vs oldopt=(dt=8,rms=0.575148)
#GCMRL#  332 dt  11.200000 rms  0.575  0.131% neg 0  invalid 762 tFOTS 4.4650 tGradient 1.8420 tsec 6.6860
#FOTS# QuadFit found better minimum quadopt=(dt=11.2,rms=0.574904) vs oldopt=(dt=8,rms=0.57492)
#GCMRL#  333 dt  11.200000 rms  0.575  0.000% neg 0  invalid 762 tFOTS 4.2840 tGradient 1.7950 tsec 6.4590
#GCMRL#  334 dt  11.200000 rms  0.575  0.034% neg 0  invalid 762 tFOTS 0.0000 tGradient 1.6350 tsec 1.9420
#GCMRL#  335 dt  11.200000 rms  0.575  0.018% neg 0  invalid 762 tFOTS 0.0000 tGradient 1.6310 tsec 1.9730
#GCMRL#  336 dt  11.200000 rms  0.575 -0.023% neg 0  invalid 762 tFOTS 0.0000 tGradient 1.6550 tsec 2.2400
#FOTS# QuadFit found better minimum quadopt=(dt=44.8,rms=0.573105) vs oldopt=(dt=32,rms=0.573425)
#GCMRL#  337 dt  44.800000 rms  0.573  0.258% neg 0  invalid 762 tFOTS 3.8440 tGradient 1.6500 tsec 5.8210
#FOTS# QuadFit found better minimum quadopt=(dt=44.8,rms=0.570859) vs oldopt=(dt=32,rms=0.571471)
#GCMRL#  338 dt  44.800000 rms  0.571  0.392% neg 0  invalid 762 tFOTS 3.6790 tGradient 1.6100 tsec 5.6120
#FOTS# QuadFit found better minimum quadopt=(dt=44.8,rms=0.568506) vs oldopt=(dt=32,rms=0.569116)
#GCMRL#  339 dt  44.800000 rms  0.569  0.412% neg 0  invalid 762 tFOTS 3.7710 tGradient 1.6590 tsec 5.7440
#GCMRL#  340 dt 128.000000 rms  0.565  0.640% neg 0  invalid 762 tFOTS 3.9320 tGradient 1.6250 tsec 5.8830
#FOTS# QuadFit found better minimum quadopt=(dt=38.4,rms=0.561953) vs oldopt=(dt=32,rms=0.562048)
#GCMRL#  341 dt  38.400000 rms  0.562  0.516% neg 0  invalid 762 tFOTS 4.1810 tGradient 1.7390 tsec 6.2410
#FOTS# QuadFit found better minimum quadopt=(dt=44.8,rms=0.560603) vs oldopt=(dt=32,rms=0.56069)
#GCMRL#  342 dt  44.800000 rms  0.561  0.240% neg 0  invalid 762 tFOTS 4.1730 tGradient 1.6600 tsec 6.1560
#FOTS# QuadFit found better minimum quadopt=(dt=44.8,rms=0.558911) vs oldopt=(dt=32,rms=0.559101)
#GCMRL#  343 dt  44.800000 rms  0.559  0.302% neg 0  invalid 762 tFOTS 4.1890 tGradient 1.7360 tsec 6.2490
#FOTS# QuadFit found better minimum quadopt=(dt=38.4,rms=0.557907) vs oldopt=(dt=32,rms=0.557909)
#GCMRL#  344 dt  38.400000 rms  0.558  0.180% neg 0  invalid 762 tFOTS 4.1890 tGradient 1.5910 tsec 6.1080
#FOTS# QuadFit found better minimum quadopt=(dt=44.8,rms=0.556568) vs oldopt=(dt=32,rms=0.556734)
#GCMRL#  345 dt  44.800000 rms  0.557  0.240% neg 0  invalid 762 tFOTS 4.1950 tGradient 1.6320 tsec 6.1480
#FOTS# QuadFit found better minimum quadopt=(dt=38.4,rms=0.555654) vs oldopt=(dt=32,rms=0.555686)
#GCMRL#  346 dt  38.400000 rms  0.556  0.164% neg 0  invalid 762 tFOTS 4.1990 tGradient 1.5460 tsec 6.0670
#FOTS# QuadFit found better minimum quadopt=(dt=44.8,rms=0.554637) vs oldopt=(dt=32,rms=0.554729)
#GCMRL#  347 dt  44.800000 rms  0.555  0.183% neg 0  invalid 762 tFOTS 4.2210 tGradient 1.6700 tsec 6.2080
#FOTS# QuadFit found better minimum quadopt=(dt=38.4,rms=0.553898) vs oldopt=(dt=32,rms=0.553899)
#GCMRL#  348 dt  38.400000 rms  0.554  0.133% neg 0  invalid 762 tFOTS 4.1250 tGradient 1.6600 tsec 6.0890
#GCMRL#  349 dt  32.000000 rms  0.553  0.136% neg 0  invalid 762 tFOTS 4.1180 tGradient 1.6520 tsec 6.0720
#FOTS# QuadFit found better minimum quadopt=(dt=44.8,rms=0.552398) vs oldopt=(dt=32,rms=0.55249)
#GCMRL#  350 dt  44.800000 rms  0.552  0.135% neg 0  invalid 762 tFOTS 4.1220 tGradient 1.6400 tsec 6.0700
#GCMRL#  351 dt  32.000000 rms  0.552  0.114% neg 0  invalid 762 tFOTS 4.1190 tGradient 1.6470 tsec 6.0720
#FOTS# QuadFit found better minimum quadopt=(dt=44.8,rms=0.550975) vs oldopt=(dt=32,rms=0.551075)
#GCMRL#  352 dt  44.800000 rms  0.551  0.144% neg 0  invalid 762 tFOTS 4.1080 tGradient 1.6970 tsec 6.1090
#FOTS# QuadFit found better minimum quadopt=(dt=25.6,rms=0.550488) vs oldopt=(dt=32,rms=0.550509)
#GCMRL#  353 dt  25.600000 rms  0.550  0.088% neg 0  invalid 762 tFOTS 4.1280 tGradient 1.7210 tsec 6.1520
#FOTS# QuadFit found better minimum quadopt=(dt=44.8,rms=0.549863) vs oldopt=(dt=32,rms=0.549978)
#GCMRL#  354 dt  44.800000 rms  0.550  0.114% neg 0  invalid 762 tFOTS 3.8680 tGradient 1.5640 tsec 5.7390
#GCMRL#  355 dt  32.000000 rms  0.549  0.085% neg 0  invalid 762 tFOTS 4.0740 tGradient 1.5820 tsec 5.9630
#FOTS# QuadFit found better minimum quadopt=(dt=38.4,rms=0.548968) vs oldopt=(dt=32,rms=0.54897)
#GCMRL#  356 dt  38.400000 rms  0.549  0.078% neg 0  invalid 762 tFOTS 4.0260 tGradient 1.6030 tsec 5.9340
#GCMRL#  357 dt  32.000000 rms  0.549  0.083% neg 0  invalid 762 tFOTS 4.0160 tGradient 1.5290 tsec 5.8520
#FOTS# QuadFit found better minimum quadopt=(dt=44.8,rms=0.547869) vs oldopt=(dt=32,rms=0.547939)
#GCMRL#  358 dt  44.800000 rms  0.548  0.118% neg 0  invalid 762 tFOTS 3.9980 tGradient 1.4810 tsec 5.7830
#FOTS# QuadFit found better minimum quadopt=(dt=19.2,rms=0.547593) vs oldopt=(dt=32,rms=0.547663)
#GCMRL#  359 dt  19.200000 rms  0.548  0.050% neg 0  invalid 762 tFOTS 4.0320 tGradient 1.5580 tsec 5.9050
#FOTS# QuadFit found better minimum quadopt=(dt=179.2,rms=0.54629) vs oldopt=(dt=128,rms=0.546499)
#GCMRL#  360 dt 179.200000 rms  0.546  0.238% neg 0  invalid 762 tFOTS 3.7420 tGradient 1.5480 tsec 5.5900
#FOTS# QuadFit found better minimum quadopt=(dt=25.6,rms=0.545607) vs oldopt=(dt=32,rms=0.545647)
#GCMRL#  361 dt  25.600000 rms  0.546  0.125% neg 0  invalid 762 tFOTS 4.0280 tGradient 1.6070 tsec 5.9380
#FOTS# QuadFit found better minimum quadopt=(dt=44.8,rms=0.544785) vs oldopt=(dt=32,rms=0.544928)
#GCMRL#  362 dt  44.800000 rms  0.545  0.151% neg 0  invalid 762 tFOTS 3.7570 tGradient 1.5610 tsec 5.6220
#FOTS# QuadFit found better minimum quadopt=(dt=9.6,rms=0.544723) vs oldopt=(dt=8,rms=0.544725)
#GCMRL#  363 dt   9.600000 rms  0.545  0.000% neg 0  invalid 762 tFOTS 3.9440 tGradient 1.5820 tsec 5.8510
#GCMRL#  364 dt   9.600000 rms  0.545  0.012% neg 0  invalid 762 tFOTS 0.0000 tGradient 1.5270 tsec 1.8180
#GCMRL#  365 dt   9.600000 rms  0.545  0.014% neg 0  invalid 762 tFOTS 0.0000 tGradient 1.5600 tsec 1.8520
#GCMRL#  366 dt   9.600000 rms  0.544  0.026% neg 0  invalid 762 tFOTS 0.0000 tGradient 1.5370 tsec 1.8370
#GCMRL#  367 dt   9.600000 rms  0.544  0.045% neg 0  invalid 762 tFOTS 0.0000 tGradient 1.5540 tsec 1.8510
#GCMRL#  368 dt   9.600000 rms  0.544  0.071% neg 0  invalid 762 tFOTS 0.0000 tGradient 1.5440 tsec 1.8330
#GCMRL#  369 dt   9.600000 rms  0.543  0.086% neg 0  invalid 762 tFOTS 0.0000 tGradient 1.5440 tsec 1.8370
#GCMRL#  370 dt   9.600000 rms  0.543  0.091% neg 0  invalid 762 tFOTS 0.0000 tGradient 1.5540 tsec 1.8500
#GCMRL#  371 dt   9.600000 rms  0.542  0.082% neg 0  invalid 762 tFOTS 0.0000 tGradient 1.5420 tsec 1.8390
#GCMRL#  372 dt   9.600000 rms  0.542  0.079% neg 0  invalid 762 tFOTS 0.0000 tGradient 1.5510 tsec 1.8420
#GCMRL#  373 dt   9.600000 rms  0.542  0.075% neg 0  invalid 762 tFOTS 0.0000 tGradient 1.5640 tsec 1.8650
#GCMRL#  374 dt   9.600000 rms  0.541  0.081% neg 0  invalid 762 tFOTS 0.0000 tGradient 1.5640 tsec 1.8580
#GCMRL#  375 dt   9.600000 rms  0.541  0.089% neg 0  invalid 762 tFOTS 0.0000 tGradient 1.5740 tsec 1.8710
#GCMRL#  376 dt   9.600000 rms  0.540  0.097% neg 0  invalid 762 tFOTS 0.0000 tGradient 1.5220 tsec 1.8220
#GCMRL#  377 dt   9.600000 rms  0.540  0.103% neg 0  invalid 762 tFOTS 0.0000 tGradient 1.5850 tsec 1.8860
#GCMRL#  378 dt   9.600000 rms  0.539  0.093% neg 0  invalid 762 tFOTS 0.0000 tGradient 1.5920 tsec 1.8860
#GCMRL#  379 dt   9.600000 rms  0.539  0.082% neg 0  invalid 762 tFOTS 0.0000 tGradient 1.5620 tsec 1.8670
#GCMRL#  380 dt   9.600000 rms  0.538  0.080% neg 0  invalid 762 tFOTS 0.0000 tGradient 1.5150 tsec 1.8470
#GCMRL#  381 dt   9.600000 rms  0.538  0.082% neg 0  invalid 762 tFOTS 0.0000 tGradient 1.5860 tsec 1.8930
#GCMRL#  382 dt   9.600000 rms  0.537  0.075% neg 0  invalid 762 tFOTS 0.0000 tGradient 1.5380 tsec 1.8430
#GCMRL#  383 dt   9.600000 rms  0.537  0.076% neg 0  invalid 762 tFOTS 0.0000 tGradient 1.5780 tsec 1.8820
#GCMRL#  384 dt   9.600000 rms  0.537  0.077% neg 0  invalid 762 tFOTS 0.0000 tGradient 1.5670 tsec 1.8760
#GCMRL#  385 dt   9.600000 rms  0.536  0.079% neg 0  invalid 762 tFOTS 0.0000 tGradient 1.6110 tsec 1.9170
#GCMRL#  386 dt   9.600000 rms  0.536  0.074% neg 0  invalid 762 tFOTS 0.0000 tGradient 1.5630 tsec 1.8730
#GCMRL#  387 dt   9.600000 rms  0.535  0.061% neg 0  invalid 762 tFOTS 0.0000 tGradient 1.6130 tsec 1.9220
#GCMRL#  388 dt   9.600000 rms  0.535  0.060% neg 0  invalid 762 tFOTS 0.0000 tGradient 1.5780 tsec 1.8800
#GCMRL#  389 dt   9.600000 rms  0.535  0.051% neg 0  invalid 762 tFOTS 0.0000 tGradient 1.6810 tsec 1.9810
#GCMRL#  390 dt   9.600000 rms  0.535  0.052% neg 0  invalid 762 tFOTS 0.0000 tGradient 1.5710 tsec 1.8720
#GCMRL#  391 dt   9.600000 rms  0.534  0.056% neg 0  invalid 762 tFOTS 0.0000 tGradient 1.7240 tsec 2.0590
#GCMRL#  392 dt   9.600000 rms  0.534  0.057% neg 0  invalid 762 tFOTS 0.0000 tGradient 1.7560 tsec 2.0790
#GCMRL#  393 dt   9.600000 rms  0.534  0.061% neg 0  invalid 762 tFOTS 0.0000 tGradient 1.6190 tsec 1.9220
#GCMRL#  394 dt   9.600000 rms  0.533  0.051% neg 0  invalid 762 tFOTS 0.0000 tGradient 1.4890 tsec 1.7960
#GCMRL#  395 dt   9.600000 rms  0.533  0.047% neg 0  invalid 762 tFOTS 0.0000 tGradient 1.5530 tsec 1.8570
#GCMRL#  396 dt   9.600000 rms  0.533  0.047% neg 0  invalid 762 tFOTS 0.0000 tGradient 1.5670 tsec 1.8700
#GCMRL#  397 dt   9.600000 rms  0.533  0.036% neg 0  invalid 762 tFOTS 0.0000 tGradient 1.5460 tsec 1.8560
#GCMRL#  398 dt   9.600000 rms  0.532  0.029% neg 0  invalid 762 tFOTS 0.0000 tGradient 1.5860 tsec 1.9000
#GCMRL#  399 dt   9.600000 rms  0.532  0.032% neg 0  invalid 762 tFOTS 0.0000 tGradient 1.6040 tsec 1.9190
#GCMRL#  400 dt   9.600000 rms  0.532  0.032% neg 0  invalid 762 tFOTS 0.0000 tGradient 1.5830 tsec 1.9040
#GCMRL#  401 dt   9.600000 rms  0.532  0.042% neg 0  invalid 762 tFOTS 0.0000 tGradient 1.6030 tsec 1.9160
#GCMRL#  402 dt   9.600000 rms  0.532  0.038% neg 0  invalid 762 tFOTS 0.0000 tGradient 1.6280 tsec 1.9470
#GCMRL#  403 dt   9.600000 rms  0.532  0.036% neg 0  invalid 762 tFOTS 0.0000 tGradient 1.6370 tsec 1.9520
#GCMRL#  404 dt   9.600000 rms  0.531  0.030% neg 0  invalid 762 tFOTS 0.0000 tGradient 1.6070 tsec 1.9220
#GCMRL#  405 dt   9.600000 rms  0.531  0.030% neg 0  invalid 762 tFOTS 0.0000 tGradient 1.5990 tsec 1.9150
#GCMRL#  406 dt   9.600000 rms  0.531  0.029% neg 0  invalid 762 tFOTS 0.0000 tGradient 1.6560 tsec 1.9700
#GCMRL#  407 dt   9.600000 rms  0.531  0.023% neg 0  invalid 762 tFOTS 0.0000 tGradient 1.5770 tsec 1.8980
#GCMRL#  408 dt   9.600000 rms  0.531  0.021% neg 0  invalid 762 tFOTS 0.0000 tGradient 1.6190 tsec 1.9590
#FOTS# QuadFit found better minimum quadopt=(dt=25.6,rms=0.530743) vs oldopt=(dt=32,rms=0.530744)
#GCMRL#  409 dt  25.600000 rms  0.531  0.000% neg 0  invalid 762 tFOTS 3.8770 tGradient 1.5880 tsec 5.8010
#GCMRL#  410 dt  25.600000 rms  0.531  0.007% neg 0  invalid 762 tFOTS 0.0000 tGradient 1.5760 tsec 1.8830

#GCAMreg# pass 0 level1 3 level2 1 tsec 284.429 sigma 0.5
l_jacobian=1.00 l_label=1.00 l_log_likelihood=0.20 l_smoothness=0.12 
tol=5.00e-02, dt=5.00e-02, exp_k=20.0, momentum=0.90, levels=6, niter=500, lbl_dist=10.00, avgs=16, sigma=0.5,type=2, relabel=0, neg=no

blurring input image with Gaussian with sigma=0.500...
GCAMRegisterLevel(): init RMS 0.531086
#FOTS# QuadFit found better minimum quadopt=(dt=44.8,rms=0.528533) vs oldopt=(dt=32,rms=0.528646)
#GCMRL#  412 dt  44.800000 rms  0.529  0.481% neg 0  invalid 762 tFOTS 4.4480 tGradient 1.5570 tsec 6.3530
#GCMRL#  413 dt  32.000000 rms  0.528  0.103% neg 0  invalid 762 tFOTS 4.4750 tGradient 1.8150 tsec 6.6290
#GCMRL#  414 dt  32.000000 rms  0.528  0.000% neg 0  invalid 762 tFOTS 4.2280 tGradient 1.9000 tsec 6.4520
#GCMRL#  415 dt  32.000000 rms  0.528  0.057% neg 0  invalid 762 tFOTS 0.0000 tGradient 1.5040 tsec 1.7970
#GCMRL#  416 dt  32.000000 rms  0.527  0.036% neg 0  invalid 762 tFOTS 0.0000 tGradient 1.5450 tsec 1.8600
#GCMRL#  417 dt  32.000000 rms  0.527  0.043% neg 0  invalid 762 tFOTS 0.0000 tGradient 1.6970 tsec 2.0240
#GCMRL#  418 dt  32.000000 rms  0.527  0.045% neg 0  invalid 762 tFOTS 0.0000 tGradient 1.6490 tsec 1.9440
#GCMRL#  419 dt  32.000000 rms  0.526  0.069% neg 0  invalid 762 tFOTS 0.0000 tGradient 1.8170 tsec 2.1560
#GCMRL#  420 dt  32.000000 rms  0.526  0.064% neg 0  invalid 762 tFOTS 0.0000 tGradient 1.7160 tsec 2.0090
#GCMRL#  421 dt  32.000000 rms  0.526  0.060% neg 0  invalid 762 tFOTS 0.0000 tGradient 1.7610 tsec 2.0850
#GCMRL#  422 dt  32.000000 rms  0.526  0.059% neg 0  invalid 762 tFOTS 0.0000 tGradient 1.8040 tsec 2.1510
#GCMRL#  423 dt  32.000000 rms  0.525  0.086% neg 0  invalid 762 tFOTS 0.0000 tGradient 1.5670 tsec 1.8620
#GCMRL#  424 dt  32.000000 rms  0.524  0.124% neg 0  invalid 762 tFOTS 0.0000 tGradient 1.6450 tsec 1.9430
#GCMRL#  425 dt  32.000000 rms  0.524  0.116% neg 0  invalid 762 tFOTS 0.0000 tGradient 1.6860 tsec 1.9820
#GCMRL#  426 dt  32.000000 rms  0.523  0.064% neg 0  invalid 762 tFOTS 0.0000 tGradient 1.5560 tsec 1.8530
#GCMRL#  427 dt  32.000000 rms  0.523  0.080% neg 0  invalid 762 tFOTS 0.0000 tGradient 1.5940 tsec 1.8960
#GCMRL#  428 dt  32.000000 rms  0.523  0.097% neg 0  invalid 762 tFOTS 0.0000 tGradient 1.5970 tsec 1.8970
#GCMRL#  429 dt  32.000000 rms  0.522  0.104% neg 0  invalid 762 tFOTS 0.0000 tGradient 1.5410 tsec 1.8760
#GCMRL#  430 dt  32.000000 rms  0.522  0.064% neg 0  invalid 762 tFOTS 0.0000 tGradient 1.8620 tsec 2.1780
#GCMRL#  431 dt  32.000000 rms  0.521  0.048% neg 0  invalid 762 tFOTS 0.0000 tGradient 1.7520 tsec 2.0890
#GCMRL#  432 dt  32.000000 rms  0.521  0.047% neg 0  invalid 762 tFOTS 0.0000 tGradient 1.8410 tsec 2.1770
#GCMRL#  433 dt  32.000000 rms  0.521  0.059% neg 0  invalid 762 tFOTS 0.0000 tGradient 1.6980 tsec 2.0070
#GCMRL#  434 dt  32.000000 rms  0.521  0.035% neg 0  invalid 762 tFOTS 0.0000 tGradient 1.5650 tsec 1.8660
#GCMRL#  435 dt  32.000000 rms  0.520  0.062% neg 0  invalid 762 tFOTS 0.0000 tGradient 1.6720 tsec 1.9620
#GCMRL#  436 dt  32.000000 rms  0.520  0.054% neg 0  invalid 762 tFOTS 0.0000 tGradient 1.6810 tsec 1.9800
#GCMRL#  437 dt  32.000000 rms  0.520  0.057% neg 0  invalid 762 tFOTS 0.0000 tGradient 1.6620 tsec 1.9650
#GCMRL#  438 dt  32.000000 rms  0.520  0.037% neg 0  invalid 762 tFOTS 0.0000 tGradient 1.6060 tsec 1.9040
#GCMRL#  439 dt  32.000000 rms  0.519  0.052% neg 0  invalid 762 tFOTS 0.0000 tGradient 1.6300 tsec 1.9280
#GCMRL#  440 dt  32.000000 rms  0.519  0.118% neg 0  invalid 762 tFOTS 0.0000 tGradient 1.5740 tsec 1.8770
#GCMRL#  441 dt  32.000000 rms  0.518  0.073% neg 0  invalid 762 tFOTS 0.0000 tGradient 1.5270 tsec 1.8300
#GCMRL#  442 dt  32.000000 rms  0.518  0.046% neg 0  invalid 762 tFOTS 0.0000 tGradient 1.6110 tsec 1.9130
#GCMRL#  443 dt  32.000000 rms  0.518  0.042% neg 0  invalid 762 tFOTS 0.0000 tGradient 1.5810 tsec 1.8790
#GCMRL#  444 dt  32.000000 rms  0.518  0.031% neg 0  invalid 762 tFOTS 0.0000 tGradient 1.5930 tsec 1.8930
#GCMRL#  445 dt  32.000000 rms  0.517  0.069% neg 0  invalid 762 tFOTS 0.0000 tGradient 1.6430 tsec 1.9500
#GCMRL#  446 dt  32.000000 rms  0.517  0.070% neg 0  invalid 762 tFOTS 0.0000 tGradient 1.6440 tsec 1.9410
#GCMRL#  447 dt  32.000000 rms  0.517  0.036% neg 0  invalid 762 tFOTS 0.0000 tGradient 1.6600 tsec 1.9540
#GCMRL#  448 dt  32.000000 rms  0.517  0.026% neg 0  invalid 762 tFOTS 0.0000 tGradient 1.5320 tsec 1.8290
#GCMRL#  449 dt  32.000000 rms  0.517  0.030% neg 0  invalid 762 tFOTS 0.0000 tGradient 1.5210 tsec 1.8180
#GCMRL#  450 dt  32.000000 rms  0.516  0.015% neg 0  invalid 762 tFOTS 0.0000 tGradient 1.5560 tsec 1.8570
#GCMRL#  451 dt  32.000000 rms  0.516  0.004% neg 0  invalid 762 tFOTS 0.0000 tGradient 1.5320 tsec 1.8440
#FOTS# QuadFit found better minimum quadopt=(dt=38.4,rms=0.516082) vs oldopt=(dt=32,rms=0.516094)
#GCMRL#  452 dt  38.400000 rms  0.516  0.065% neg 0  invalid 762 tFOTS 3.9190 tGradient 1.7010 tsec 5.9240
#GCMRL#  453 dt   8.000000 rms  0.516  0.000% neg 0  invalid 762 tFOTS 4.0740 tGradient 1.5650 tsec 5.9650
setting smoothness cost coefficient to 0.400

#GCAMreg# pass 0 level1 2 level2 0 tsec 0 sigma 2
l_jacobian=1.00 l_label=1.00 l_log_likelihood=0.20 l_smoothness=0.40 
tol=5.00e-02, dt=5.00e-02, exp_k=20.0, momentum=0.90, levels=6, niter=500, lbl_dist=10.00, avgs=4, sigma=2.0,type=2, relabel=0, neg=no

blurring input image with Gaussian with sigma=2.000...
GCAMRegisterLevel(): init RMS 0.542534
#GCMRL#  455 dt   0.000000 rms  0.542  0.056% neg 0  invalid 762 tFOTS 3.8630 tGradient 1.4730 tsec 5.6460
#GCMRL#  456 dt   0.150000 rms  0.542  0.000% neg 0  invalid 762 tFOTS 3.8760 tGradient 1.4530 tsec 5.9540

#GCAMreg# pass 0 level1 2 level2 1 tsec 22.79 sigma 0.5
l_jacobian=1.00 l_label=1.00 l_log_likelihood=0.20 l_smoothness=0.40 
tol=5.00e-02, dt=5.00e-02, exp_k=20.0, momentum=0.90, levels=6, niter=500, lbl_dist=10.00, avgs=4, sigma=0.5,type=2, relabel=0, neg=no

blurring input image with Gaussian with sigma=0.500...
GCAMRegisterLevel(): init RMS 0.542534
#GCMRL#  458 dt   0.000000 rms  0.542  0.056% neg 0  invalid 762 tFOTS 3.7360 tGradient 1.4430 tsec 5.4850
#GCMRL#  459 dt   0.150000 rms  0.542  0.000% neg 0  invalid 762 tFOTS 3.7500 tGradient 1.4760 tsec 5.7680
setting smoothness cost coefficient to 1.000

#GCAMreg# pass 0 level1 1 level2 0 tsec 0 sigma 2
l_jacobian=1.00 l_label=1.00 l_log_likelihood=0.20 l_smoothness=1.00 
tol=5.00e-02, dt=5.00e-02, exp_k=20.0, momentum=0.90, levels=6, niter=500, lbl_dist=10.00, avgs=1, sigma=2.0,type=2, relabel=0, neg=no

blurring input image with Gaussian with sigma=2.000...
GCAMRegisterLevel(): init RMS 0.59432
#FOTS# QuadFit found better minimum quadopt=(dt=0.448,rms=0.592957) vs oldopt=(dt=0.32,rms=0.593159)
#GCMRL#  461 dt   0.448000 rms  0.593  0.229% neg 0  invalid 762 tFOTS 3.7550 tGradient 1.3200 tsec 5.3780
#GCMRL#  462 dt   0.320000 rms  0.593  0.000% neg 0  invalid 762 tFOTS 3.7780 tGradient 1.3170 tsec 5.4210

#GCAMreg# pass 0 level1 1 level2 1 tsec 21.922 sigma 0.5
l_jacobian=1.00 l_label=1.00 l_log_likelihood=0.20 l_smoothness=1.00 
tol=5.00e-02, dt=5.00e-02, exp_k=20.0, momentum=0.90, levels=6, niter=500, lbl_dist=10.00, avgs=1, sigma=0.5,type=2, relabel=0, neg=no

blurring input image with Gaussian with sigma=0.500...
GCAMRegisterLevel(): init RMS 0.59304
#FOTS# QuadFit found better minimum quadopt=(dt=0.256,rms=0.59261) vs oldopt=(dt=0.32,rms=0.592611)
#GCMRL#  464 dt   0.256000 rms  0.593  0.072% neg 0  invalid 762 tFOTS 3.7930 tGradient 1.3340 tsec 5.4340
#FOTS# QuadFit found better minimum quadopt=(dt=0.064,rms=0.5926) vs oldopt=(dt=0.08,rms=0.5926)
#GCMRL#  465 dt   0.064000 rms  0.593  0.000% neg 0  invalid 762 tFOTS 3.7650 tGradient 1.3180 tsec 5.4010
resetting metric properties...
setting smoothness cost coefficient to 2.000

#GCAMreg# pass 0 level1 0 level2 0 tsec 0 sigma 2
l_jacobian=1.00 l_label=1.00 l_log_likelihood=0.20 l_smoothness=2.00 
tol=5.00e-02, dt=5.00e-02, exp_k=20.0, momentum=0.90, levels=6, niter=500, lbl_dist=10.00, avgs=0, sigma=2.0,type=2, relabel=0, neg=no

blurring input image with Gaussian with sigma=2.000...
GCAMRegisterLevel(): init RMS 0.518674
#FOTS# QuadFit found better minimum quadopt=(dt=0.448,rms=0.502995) vs oldopt=(dt=0.32,rms=0.507222)
#GCMRL#  467 dt   0.448000 rms  0.503  3.023% neg 0  invalid 762 tFOTS 3.5030 tGradient 0.8990 tsec 4.7020
#FOTS# QuadFit found better minimum quadopt=(dt=0.448,rms=0.499758) vs oldopt=(dt=0.32,rms=0.500669)
#GCMRL#  468 dt   0.448000 rms  0.500  0.643% neg 0  invalid 762 tFOTS 3.7270 tGradient 0.8530 tsec 4.9190
#FOTS# QuadFit found better minimum quadopt=(dt=0.448,rms=0.497973) vs oldopt=(dt=0.32,rms=0.498475)
#GCMRL#  469 dt   0.448000 rms  0.498  0.357% neg 0  invalid 762 tFOTS 3.9160 tGradient 0.8730 tsec 5.1370
#FOTS# QuadFit found better minimum quadopt=(dt=0.448,rms=0.496943) vs oldopt=(dt=0.32,rms=0.497237)
#GCMRL#  470 dt   0.448000 rms  0.497  0.207% neg 0  invalid 762 tFOTS 4.0170 tGradient 0.9480 tsec 5.3070
#FOTS# QuadFit found better minimum quadopt=(dt=0.466667,rms=0.496154) vs oldopt=(dt=0.32,rms=0.496398)
#GCMRL#  471 dt   0.466667 rms  0.496  0.159% neg 0  invalid 762 tFOTS 3.8160 tGradient 0.9990 tsec 5.1240
#FOTS# QuadFit found better minimum quadopt=(dt=0.448,rms=0.495574) vs oldopt=(dt=0.32,rms=0.495723)
#GCMRL#  472 dt   0.448000 rms  0.496  0.117% neg 0  invalid 762 tFOTS 3.9310 tGradient 0.8500 tsec 5.1280
#FOTS# QuadFit found better minimum quadopt=(dt=0.448,rms=0.495113) vs oldopt=(dt=0.32,rms=0.495232)
#GCMRL#  473 dt   0.448000 rms  0.495  0.093% neg 0  invalid 762 tFOTS 3.8530 tGradient 0.8910 tsec 5.1120
#FOTS# QuadFit found better minimum quadopt=(dt=0.448,rms=0.494816) vs oldopt=(dt=0.32,rms=0.494902)
#GCMRL#  474 dt   0.448000 rms  0.495  0.060% neg 0  invalid 762 tFOTS 3.9160 tGradient 0.9270 tsec 5.1680
#FOTS# QuadFit found better minimum quadopt=(dt=0.448,rms=0.494505) vs oldopt=(dt=0.32,rms=0.494581)
#GCMRL#  475 dt   0.448000 rms  0.495  0.063% neg 0  invalid 762 tFOTS 3.8340 tGradient 0.8380 tsec 4.9830
#FOTS# QuadFit found better minimum quadopt=(dt=0.448,rms=0.494298) vs oldopt=(dt=0.32,rms=0.494351)
#GCMRL#  476 dt   0.448000 rms  0.494  0.000% neg 0  invalid 762 tFOTS 3.6780 tGradient 1.0190 tsec 5.0390
#GCMRL#  477 dt   0.448000 rms  0.494  0.046% neg 0  invalid 762 tFOTS 0.0000 tGradient 0.8180 tsec 1.1470
#GCMRL#  478 dt   0.448000 rms  0.494  0.065% neg 0  invalid 762 tFOTS 0.0000 tGradient 0.8900 tsec 1.1900
#GCMRL#  479 dt   0.224000 rms  0.494  0.014% neg 0  invalid 762 tFOTS 0.0000 tGradient 0.8130 tsec 1.4000
#GCMRL#  480 dt   0.224000 rms  0.494  0.024% neg 0  invalid 762 tFOTS 0.0000 tGradient 0.8140 tsec 1.1270
#GCMRL#  481 dt   0.224000 rms  0.493  0.030% neg 0  invalid 762 tFOTS 0.0000 tGradient 0.8850 tsec 1.1800
#GCMRL#  482 dt   0.224000 rms  0.493  0.011% neg 0  invalid 762 tFOTS 0.0000 tGradient 0.8500 tsec 1.3090
#GCMRL#  483 dt   0.224000 rms  0.493  0.015% neg 0  invalid 762 tFOTS 0.0000 tGradient 0.8470 tsec 1.1960
#GCMRL#  484 dt   0.224000 rms  0.493  0.016% neg 0  invalid 762 tFOTS 0.0000 tGradient 0.8500 tsec 1.1490
#GCMRL#  485 dt   0.224000 rms  0.493  0.026% neg 0  invalid 762 tFOTS 0.0000 tGradient 0.9550 tsec 1.3090
#GCMRL#  486 dt   0.224000 rms  0.493  0.025% neg 0  invalid 762 tFOTS 0.0000 tGradient 0.9040 tsec 1.2050
#GCMRL#  487 dt   0.224000 rms  0.493  0.020% neg 0  invalid 762 tFOTS 0.0000 tGradient 0.9390 tsec 1.3140
#FOTS# QuadFit found better minimum quadopt=(dt=0.112,rms=0.49283) vs oldopt=(dt=0.08,rms=0.492832)
#GCMRL#  488 dt   0.112000 rms  0.493  0.000% neg 0  invalid 762 tFOTS 3.5520 tGradient 0.9160 tsec 4.7900
#GCMRL#  489 dt   0.112000 rms  0.493  0.002% neg 0  invalid 762 tFOTS 0.0000 tGradient 0.8320 tsec 1.1300
#GCMRL#  490 dt   0.112000 rms  0.493  0.002% neg 0  invalid 762 tFOTS 0.0000 tGradient 0.9010 tsec 1.2040
#GCMRL#  491 dt   0.112000 rms  0.493  0.004% neg 0  invalid 762 tFOTS 0.0000 tGradient 0.8430 tsec 1.1370
#GCMRL#  492 dt   0.112000 rms  0.493  0.005% neg 0  invalid 762 tFOTS 0.0000 tGradient 0.8330 tsec 1.1310

#GCAMreg# pass 0 level1 0 level2 1 tsec 83.956 sigma 0.5
l_jacobian=1.00 l_label=1.00 l_log_likelihood=0.20 l_smoothness=2.00 
tol=5.00e-02, dt=5.00e-02, exp_k=20.0, momentum=0.90, levels=6, niter=500, lbl_dist=10.00, avgs=0, sigma=0.5,type=2, relabel=0, neg=no

blurring input image with Gaussian with sigma=0.500...
GCAMRegisterLevel(): init RMS 0.493121
#FOTS# QuadFit found better minimum quadopt=(dt=0.448,rms=0.487622) vs oldopt=(dt=0.32,rms=0.489023)
#GCMRL#  494 dt   0.448000 rms  0.488  1.115% neg 0  invalid 762 tFOTS 3.4890 tGradient 0.8880 tsec 4.6810
#FOTS# QuadFit found better minimum quadopt=(dt=0.448,rms=0.486922) vs oldopt=(dt=0.32,rms=0.487106)
#GCMRL#  495 dt   0.448000 rms  0.487  0.143% neg 0  invalid 762 tFOTS 3.4790 tGradient 0.8520 tsec 4.6380
#FOTS# QuadFit found better minimum quadopt=(dt=0.384,rms=0.486722) vs oldopt=(dt=0.32,rms=0.486758)
#GCMRL#  496 dt   0.384000 rms  0.487  0.000% neg 0  invalid 762 tFOTS 3.5200 tGradient 0.8330 tsec 4.6770
#GCMRL#  497 dt   0.384000 rms  0.487  0.027% neg 0  invalid 762 tFOTS 0.0000 tGradient 0.8220 tsec 1.1240
#GCMRL#  498 dt   0.384000 rms  0.486  0.027% neg 0  invalid 762 tFOTS 0.0000 tGradient 0.8470 tsec 1.1470
#GCMRL#  499 dt   0.384000 rms  0.486 -0.004% neg 0  invalid 762 tFOTS 0.0000 tGradient 0.9820 tsec 1.6620
#FOTS# QuadFit found better minimum quadopt=(dt=4.6875e-05,rms=0.48645) vs oldopt=(dt=7.8125e-05,rms=0.48645)
#GCMRL#  500 dt   0.000047 rms  0.486  0.000% neg 0  invalid 762 tFOTS 3.5730 tGradient 0.9610 tsec 4.8340
GCAMregister done in 24.9523 min
********************* ALLOWING NEGATIVE NODES IN DEFORMATION********************************
noneg post
Starting GCAMregister()
label assignment complete, 0 changed (0.00%)
npasses = 1, nlevels = 6
#pass# 1 of 1 ************************
enabling zero nodes
setting smoothness cost coefficient to 0.008

#GCAMreg# pass 0 level1 5 level2 0 tsec 0 sigma 2
l_jacobian=1.00 l_label=1.00 l_log_likelihood=0.20 l_smoothness=0.01 
tol=2.50e-01, dt=5.00e-02, exp_k=20.0, momentum=0.90, levels=6, niter=500, lbl_dist=10.00, avgs=256, sigma=2.0,type=2, relabel=0, neg=yes

blurring input image with Gaussian with sigma=2.000...
GCAMRegisterLevel(): init RMS 0.484694
#GCMRL#  502 dt   0.000000 rms  0.484  0.076% neg 0  invalid 762 tFOTS 4.2380 tGradient 2.2280 tsec 6.7640

#GCAMreg# pass 0 level1 5 level2 1 tsec 23.126 sigma 0.5
l_jacobian=1.00 l_label=1.00 l_log_likelihood=0.20 l_smoothness=0.01 
tol=2.50e-01, dt=5.00e-02, exp_k=20.0, momentum=0.90, levels=6, niter=500, lbl_dist=10.00, avgs=256, sigma=0.5,type=2, relabel=0, neg=yes

blurring input image with Gaussian with sigma=0.500...
GCAMRegisterLevel(): init RMS 0.484694
#FOTS# QuadFit found better minimum quadopt=(dt=129.472,rms=0.484027) vs oldopt=(dt=92.48,rms=0.484072)
#GCMRL#  504 dt 129.472000 rms  0.484  0.138% neg 0  invalid 762 tFOTS 4.1100 tGradient 2.2350 tsec 6.6400
#GCMRL#  505 dt  92.480000 rms  0.484  0.000% neg 0  invalid 762 tFOTS 4.0850 tGradient 2.0220 tsec 6.4190
#GCMRL#  506 dt  92.480000 rms  0.484  0.020% neg 0  invalid 762 tFOTS 0.0000 tGradient 2.2550 tsec 2.5370
#GCMRL#  507 dt  92.480000 rms  0.484  0.022% neg 0  invalid 762 tFOTS 0.0000 tGradient 2.1090 tsec 2.3960
#GCMRL#  508 dt  92.480000 rms  0.484  0.023% neg 0  invalid 762 tFOTS 0.0000 tGradient 2.0440 tsec 2.3370
#GCMRL#  509 dt  92.480000 rms  0.484  0.013% neg 0  invalid 762 tFOTS 0.0000 tGradient 1.9940 tsec 2.2810
#GCMRL#  510 dt  92.480000 rms  0.483  0.033% neg 0  invalid 762 tFOTS 0.0000 tGradient 2.2170 tsec 2.5040
setting smoothness cost coefficient to 0.031

#GCAMreg# pass 0 level1 4 level2 0 tsec 0 sigma 2
l_jacobian=1.00 l_label=1.00 l_log_likelihood=0.20 l_smoothness=0.03 
tol=2.50e-01, dt=5.00e-02, exp_k=20.0, momentum=0.90, levels=6, niter=500, lbl_dist=10.00, avgs=64, sigma=2.0,type=2, relabel=0, neg=yes

blurring input image with Gaussian with sigma=2.000...
GCAMRegisterLevel(): init RMS 0.483702
#FOTS# QuadFit found better minimum quadopt=(dt=2.268,rms=0.48331) vs oldopt=(dt=1.62,rms=0.483311)
#GCMRL#  512 dt   2.268000 rms  0.483  0.081% neg 0  invalid 762 tFOTS 4.5090 tGradient 1.6610 tsec 6.4600
#GCMRL#  513 dt   1.620000 rms  0.483  0.000% neg 0  invalid 762 tFOTS 4.5730 tGradient 1.6900 tsec 6.5820
#GCMRL#  514 dt   1.620000 rms  0.483  0.003% neg 0  invalid 762 tFOTS 0.0000 tGradient 1.7080 tsec 1.9920

#GCAMreg# pass 0 level1 4 level2 1 tsec 26.559 sigma 0.5
l_jacobian=1.00 l_label=1.00 l_log_likelihood=0.20 l_smoothness=0.03 
tol=2.50e-01, dt=5.00e-02, exp_k=20.0, momentum=0.90, levels=6, niter=500, lbl_dist=10.00, avgs=64, sigma=0.5,type=2, relabel=0, neg=yes

blurring input image with Gaussian with sigma=0.500...
GCAMRegisterLevel(): init RMS 0.483692
#FOTS# QuadFit found better minimum quadopt=(dt=145.152,rms=0.481535) vs oldopt=(dt=103.68,rms=0.481862)
#GCMRL#  516 dt 145.152000 rms  0.482  0.446% neg 0  invalid 762 tFOTS 4.3200 tGradient 1.7570 tsec 6.3690
#FOTS# QuadFit found better minimum quadopt=(dt=36.288,rms=0.481254) vs oldopt=(dt=25.92,rms=0.481307)
#GCMRL#  517 dt  36.288000 rms  0.481  0.000% neg 0  invalid 762 tFOTS 4.3470 tGradient 1.6880 tsec 6.3520
#GCMRL#  518 dt  36.288000 rms  0.481  0.042% neg 0  invalid 762 tFOTS 0.0000 tGradient 1.7540 tsec 2.0420
#GCMRL#  519 dt  36.288000 rms  0.481  0.064% neg 0  invalid 762 tFOTS 0.0000 tGradient 1.7090 tsec 1.9990
#GCMRL#  520 dt  36.288000 rms  0.480  0.083% neg 0  invalid 762 tFOTS 0.0000 tGradient 1.6920 tsec 1.9830
#GCMRL#  521 dt  36.288000 rms  0.480  0.093% neg 0  invalid 762 tFOTS 0.0000 tGradient 1.7180 tsec 2.0060
#GCMRL#  522 dt  36.288000 rms  0.479  0.092% neg 0  invalid 762 tFOTS 0.0000 tGradient 1.7650 tsec 2.0590
#GCMRL#  523 dt  36.288000 rms  0.479  0.083% neg 0  invalid 762 tFOTS 0.0000 tGradient 1.7530 tsec 2.0470
#FOTS# QuadFit found better minimum quadopt=(dt=82.944,rms=0.478989) vs oldopt=(dt=103.68,rms=0.478992)
setting smoothness cost coefficient to 0.118

#GCAMreg# pass 0 level1 3 level2 0 tsec 0 sigma 2
l_jacobian=1.00 l_label=1.00 l_log_likelihood=0.20 l_smoothness=0.12 
tol=2.50e-01, dt=5.00e-02, exp_k=20.0, momentum=0.90, levels=6, niter=500, lbl_dist=10.00, avgs=16, sigma=2.0,type=2, relabel=0, neg=yes

blurring input image with Gaussian with sigma=2.000...
GCAMRegisterLevel(): init RMS 0.479582
#FOTS# QuadFit found better minimum quadopt=(dt=20.898,rms=0.478025) vs oldopt=(dt=32,rms=0.478423)
#GCMRL#  525 dt  20.897959 rms  0.478  0.325% neg 0  invalid 762 tFOTS 4.4700 tGradient 1.5350 tsec 6.3080
#FOTS# QuadFit found better minimum quadopt=(dt=38.4,rms=0.477001) vs oldopt=(dt=32,rms=0.47702)
iter 0, gcam->neg = 4
after 2 iterations, nbhd size=0, neg = 0
#GCMRL#  526 dt  38.400000 rms  0.477  0.000% neg 0  invalid 762 tFOTS 4.5230 tGradient 1.5980 tsec 7.9320
iter 0, gcam->neg = 3
after 2 iterations, nbhd size=0, neg = 0
#GCMRL#  527 dt  38.400000 rms  0.476  0.289% neg 0  invalid 762 tFOTS 0.0000 tGradient 1.5640 tsec 3.2460
iter 0, gcam->neg = 10
after 11 iterations, nbhd size=1, neg = 0
#GCMRL#  528 dt  38.400000 rms  0.474  0.274% neg 0  invalid 762 tFOTS 0.0000 tGradient 1.6620 tsec 6.4270
iter 0, gcam->neg = 18
after 3 iterations, nbhd size=0, neg = 0
#GCMRL#  529 dt  38.400000 rms  0.474  0.131% neg 0  invalid 762 tFOTS 0.0000 tGradient 1.5170 tsec 3.6160
iter 0, gcam->neg = 31
after 14 iterations, nbhd size=1, neg = 0
#GCMRL#  530 dt  38.400000 rms  0.474  0.013% neg 0  invalid 762 tFOTS 0.0000 tGradient 1.7720 tsec 7.7260
iter 0, gcam->neg = 16
after 6 iterations, nbhd size=0, neg = 0
#GCMRL#  531 dt  38.400000 rms  0.474  0.025% neg 0  invalid 762 tFOTS 0.0000 tGradient 1.7790 tsec 4.9420
iter 0, gcam->neg = 19
after 12 iterations, nbhd size=1, neg = 0
#GCMRL#  532 dt  38.400000 rms  0.473  0.037% neg 0  invalid 762 tFOTS 0.0000 tGradient 1.8070 tsec 7.1170
iter 0, gcam->neg = 10
after 11 iterations, nbhd size=1, neg = 0
#GCMRL#  533 dt  38.400000 rms  0.472  0.246% neg 0  invalid 762 tFOTS 0.0000 tGradient 1.7120 tsec 6.5760
iter 0, gcam->neg = 15
after 2 iterations, nbhd size=0, neg = 0
#GCMRL#  534 dt  38.400000 rms  0.472  0.139% neg 0  invalid 762 tFOTS 0.0000 tGradient 1.5660 tsec 3.3520
iter 0, gcam->neg = 6
after 7 iterations, nbhd size=0, neg = 0
#GCMRL#  535 dt  38.400000 rms  0.471  0.108% neg 0  invalid 762 tFOTS 0.0000 tGradient 1.9500 tsec 5.4350
iter 0, gcam->neg = 20
after 11 iterations, nbhd size=1, neg = 0
#GCMRL#  536 dt  38.400000 rms  0.471  0.033% neg 0  invalid 762 tFOTS 0.0000 tGradient 1.5670 tsec 6.4360
iter 0, gcam->neg = 2
after 0 iterations, nbhd size=0, neg = 0
#GCMRL#  537 dt  32.000000 rms  0.470  0.232% neg 0  invalid 762 tFOTS 4.4510 tGradient 1.5640 tsec 7.0430
#FOTS# QuadFit found better minimum quadopt=(dt=25.6,rms=0.469443) vs oldopt=(dt=32,rms=0.46949)
#GCMRL#  538 dt  25.600000 rms  0.469  0.000% neg 0  invalid 762 tFOTS 4.5440 tGradient 1.7610 tsec 6.6300
#GCMRL#  539 dt  25.600000 rms  0.469  0.080% neg 0  invalid 762 tFOTS 0.0000 tGradient 1.5380 tsec 1.8320
iter 0, gcam->neg = 1
after 0 iterations, nbhd size=0, neg = 0
#GCMRL#  540 dt  25.600000 rms  0.469  0.049% neg 0  invalid 762 tFOTS 0.0000 tGradient 1.5560 tsec 2.5850
#GCMRL#  541 dt  25.600000 rms  0.469  0.058% neg 0  invalid 762 tFOTS 0.0000 tGradient 1.5020 tsec 1.7960
iter 0, gcam->neg = 2
after 1 iterations, nbhd size=0, neg = 0

#GCAMreg# pass 0 level1 3 level2 1 tsec 101.369 sigma 0.5
l_jacobian=1.00 l_label=1.00 l_log_likelihood=0.20 l_smoothness=0.12 
tol=2.50e-01, dt=5.00e-02, exp_k=20.0, momentum=0.90, levels=6, niter=500, lbl_dist=10.00, avgs=16, sigma=0.5,type=2, relabel=0, neg=yes

blurring input image with Gaussian with sigma=0.500...
GCAMRegisterLevel(): init RMS 0.468779
#FOTS# QuadFit found better minimum quadopt=(dt=56.2051,rms=0.463292) vs oldopt=(dt=32,rms=0.464032)
#GCMRL#  543 dt  56.205128 rms  0.463  1.171% neg 0  invalid 762 tFOTS 4.5020 tGradient 1.5040 tsec 6.3090
#FOTS# QuadFit found better minimum quadopt=(dt=21.8864,rms=0.461884) vs oldopt=(dt=32,rms=0.462262)
#GCMRL#  544 dt  21.886420 rms  0.462  0.304% neg 0  invalid 762 tFOTS 4.7470 tGradient 1.7020 tsec 6.7540
#FOTS# QuadFit found better minimum quadopt=(dt=44.8,rms=0.460816) vs oldopt=(dt=32,rms=0.46091)
iter 0, gcam->neg = 1
after 1 iterations, nbhd size=0, neg = 0
#GCMRL#  545 dt  44.800000 rms  0.461  0.000% neg 0  invalid 762 tFOTS 4.5920 tGradient 1.5080 tsec 7.4740
setting smoothness cost coefficient to 0.400

#GCAMreg# pass 0 level1 2 level2 0 tsec 0 sigma 2
l_jacobian=1.00 l_label=1.00 l_log_likelihood=0.20 l_smoothness=0.40 
tol=2.50e-01, dt=5.00e-02, exp_k=20.0, momentum=0.90, levels=6, niter=500, lbl_dist=10.00, avgs=4, sigma=2.0,type=2, relabel=0, neg=yes

blurring input image with Gaussian with sigma=2.000...
GCAMRegisterLevel(): init RMS 0.468437
#FOTS# QuadFit found better minimum quadopt=(dt=5.57576,rms=0.467183) vs oldopt=(dt=2.88,rms=0.467397)
#GCMRL#  547 dt   5.575758 rms  0.467  0.268% neg 0  invalid 762 tFOTS 4.4850 tGradient 1.4980 tsec 6.2820
#FOTS# QuadFit found better minimum quadopt=(dt=4.92308,rms=0.466898) vs oldopt=(dt=2.88,rms=0.466933)
#GCMRL#  548 dt   4.923077 rms  0.467  0.000% neg 0  invalid 762 tFOTS 4.4500 tGradient 1.4530 tsec 6.2280
#GCMRL#  549 dt   4.923077 rms  0.467  0.037% neg 0  invalid 762 tFOTS 0.0000 tGradient 1.4180 tsec 1.7150
iter 0, gcam->neg = 2
after 3 iterations, nbhd size=0, neg = 0

#GCAMreg# pass 0 level1 2 level2 1 tsec 27.242 sigma 0.5
l_jacobian=1.00 l_label=1.00 l_log_likelihood=0.20 l_smoothness=0.40 
tol=2.50e-01, dt=5.00e-02, exp_k=20.0, momentum=0.90, levels=6, niter=500, lbl_dist=10.00, avgs=4, sigma=0.5,type=2, relabel=0, neg=yes

blurring input image with Gaussian with sigma=0.500...
GCAMRegisterLevel(): init RMS 0.46711
#FOTS# QuadFit found better minimum quadopt=(dt=15.8195,rms=0.462903) vs oldopt=(dt=11.52,rms=0.463196)
iter 0, gcam->neg = 2
after 3 iterations, nbhd size=0, neg = 0
#GCMRL#  551 dt  15.819549 rms  0.463  0.899% neg 0  invalid 762 tFOTS 4.4550 tGradient 1.3960 tsec 7.8940
#FOTS# QuadFit found better minimum quadopt=(dt=21.7011,rms=0.460445) vs oldopt=(dt=11.52,rms=0.460989)
iter 0, gcam->neg = 7
after 8 iterations, nbhd size=1, neg = 0
#GCMRL#  552 dt  21.701149 rms  0.460  0.533% neg 0  invalid 762 tFOTS 4.6990 tGradient 1.4250 tsec 9.9080
#FOTS# QuadFit found better minimum quadopt=(dt=12,rms=0.459214) vs oldopt=(dt=11.52,rms=0.459216)
#GCMRL#  553 dt  12.000000 rms  0.459  0.267% neg 0  invalid 762 tFOTS 4.6420 tGradient 1.4710 tsec 6.4140
#FOTS# QuadFit found better minimum quadopt=(dt=18.623,rms=0.458007) vs oldopt=(dt=11.52,rms=0.458175)
iter 0, gcam->neg = 4
after 10 iterations, nbhd size=1, neg = 0
#GCMRL#  554 dt  18.622951 rms  0.458  0.256% neg 0  invalid 762 tFOTS 4.4900 tGradient 1.4430 tsec 10.6460
#FOTS# QuadFit found better minimum quadopt=(dt=8.90226,rms=0.457553) vs oldopt=(dt=11.52,rms=0.457612)
iter 0, gcam->neg = 1
after 2 iterations, nbhd size=0, neg = 0
#GCMRL#  555 dt   8.902256 rms  0.458  0.000% neg 0  invalid 762 tFOTS 4.6170 tGradient 1.3850 tsec 7.7760
iter 0, gcam->neg = 1
after 1 iterations, nbhd size=0, neg = 0
#GCMRL#  556 dt   8.902256 rms  0.457  0.159% neg 0  invalid 762 tFOTS 0.0000 tGradient 1.4630 tsec 2.8480
iter 0, gcam->neg = 1
after 0 iterations, nbhd size=0, neg = 0
#GCMRL#  557 dt   8.902256 rms  0.456  0.161% neg 0  invalid 762 tFOTS 0.0000 tGradient 1.4380 tsec 2.4700
iter 0, gcam->neg = 1
after 1 iterations, nbhd size=0, neg = 0
#GCMRL#  558 dt   8.902256 rms  0.455  0.188% neg 0  invalid 762 tFOTS 0.0000 tGradient 1.4870 tsec 2.8690
iter 0, gcam->neg = 1
after 3 iterations, nbhd size=0, neg = 0
#GCMRL#  559 dt   8.902256 rms  0.454  0.213% neg 0  invalid 762 tFOTS 0.0000 tGradient 1.4390 tsec 3.5410
iter 0, gcam->neg = 1
after 0 iterations, nbhd size=0, neg = 0
#GCMRL#  560 dt   8.902256 rms  0.453  0.229% neg 0  invalid 762 tFOTS 0.0000 tGradient 1.4160 tsec 2.4720
iter 0, gcam->neg = 4
after 6 iterations, nbhd size=0, neg = 0
#GCMRL#  561 dt   8.902256 rms  0.452  0.228% neg 0  invalid 762 tFOTS 0.0000 tGradient 1.4290 tsec 4.5670
iter 0, gcam->neg = 2
after 4 iterations, nbhd size=0, neg = 0
#GCMRL#  562 dt   8.902256 rms  0.451  0.185% neg 0  invalid 762 tFOTS 0.0000 tGradient 1.4780 tsec 3.9900
iter 0, gcam->neg = 6
after 4 iterations, nbhd size=0, neg = 0
#GCMRL#  563 dt   8.902256 rms  0.451  0.168% neg 0  invalid 762 tFOTS 0.0000 tGradient 1.6350 tsec 4.1430
iter 0, gcam->neg = 12
after 3 iterations, nbhd size=0, neg = 0
#GCMRL#  564 dt   8.902256 rms  0.450  0.130% neg 0  invalid 762 tFOTS 0.0000 tGradient 1.4400 tsec 3.5150
iter 0, gcam->neg = 9
after 11 iterations, nbhd size=1, neg = 0
#GCMRL#  565 dt   8.902256 rms  0.449  0.113% neg 0  invalid 762 tFOTS 0.0000 tGradient 1.6420 tsec 6.5660
iter 0, gcam->neg = 18
after 13 iterations, nbhd size=1, neg = 0
#GCMRL#  566 dt   8.902256 rms  0.449  0.079% neg 0  invalid 762 tFOTS 0.0000 tGradient 1.4800 tsec 7.1360
#FOTS# QuadFit found better minimum quadopt=(dt=4.032,rms=0.449098) vs oldopt=(dt=2.88,rms=0.449103)
iter 0, gcam->neg = 1
after 0 iterations, nbhd size=0, neg = 0
#GCMRL#  567 dt   4.032000 rms  0.449  0.000% neg 0  invalid 762 tFOTS 4.7240 tGradient 1.4700 tsec 7.3010
iter 0, gcam->neg = 1
after 2 iterations, nbhd size=0, neg = 0
#GCMRL#  568 dt   4.032000 rms  0.449  0.008% neg 0  invalid 762 tFOTS 0.0000 tGradient 1.4500 tsec 3.1700
iter 0, gcam->neg = 5
after 2 iterations, nbhd size=0, neg = 0
setting smoothness cost coefficient to 1.000

#GCAMreg# pass 0 level1 1 level2 0 tsec 0 sigma 2
l_jacobian=1.00 l_label=1.00 l_log_likelihood=0.20 l_smoothness=1.00 
tol=2.50e-01, dt=5.00e-02, exp_k=20.0, momentum=0.90, levels=6, niter=500, lbl_dist=10.00, avgs=1, sigma=2.0,type=2, relabel=0, neg=yes

blurring input image with Gaussian with sigma=2.000...
GCAMRegisterLevel(): init RMS 0.454381
#GCMRL#  570 dt   0.000000 rms  0.454  0.084% neg 0  invalid 762 tFOTS 4.6440 tGradient 1.3820 tsec 6.3660

#GCAMreg# pass 0 level1 1 level2 1 tsec 22.579 sigma 0.5
l_jacobian=1.00 l_label=1.00 l_log_likelihood=0.20 l_smoothness=1.00 
tol=2.50e-01, dt=5.00e-02, exp_k=20.0, momentum=0.90, levels=6, niter=500, lbl_dist=10.00, avgs=1, sigma=0.5,type=2, relabel=0, neg=yes

blurring input image with Gaussian with sigma=0.500...
GCAMRegisterLevel(): init RMS 0.454381
#GCMRL#  572 dt   0.000000 rms  0.454  0.084% neg 0  invalid 762 tFOTS 4.4910 tGradient 1.3400 tsec 6.1540
resetting metric properties...
setting smoothness cost coefficient to 2.000

#GCAMreg# pass 0 level1 0 level2 0 tsec 0 sigma 2
l_jacobian=1.00 l_label=1.00 l_log_likelihood=0.20 l_smoothness=2.00 
tol=2.50e-01, dt=5.00e-02, exp_k=20.0, momentum=0.90, levels=6, niter=500, lbl_dist=10.00, avgs=0, sigma=2.0,type=2, relabel=0, neg=yes

blurring input image with Gaussian with sigma=2.000...
GCAMRegisterLevel(): init RMS 0.446154
#FOTS# QuadFit found better minimum quadopt=(dt=2.06928,rms=0.414844) vs oldopt=(dt=1.28,rms=0.419589)
iter 0, gcam->neg = 711
after 14 iterations, nbhd size=1, neg = 0
#GCMRL#  574 dt   2.069282 rms  0.417  6.559% neg 0  invalid 762 tFOTS 5.0960 tGradient 0.8740 tsec 12.0900
#FOTS# QuadFit found better minimum quadopt=(dt=0.028,rms=0.416844) vs oldopt=(dt=0.02,rms=0.416848)
#GCMRL#  575 dt   0.028000 rms  0.417  0.000% neg 0  invalid 762 tFOTS 5.0310 tGradient 0.9370 tsec 6.2910

#GCAMreg# pass 0 level1 0 level2 1 tsec 28.963 sigma 0.5
l_jacobian=1.00 l_label=1.00 l_log_likelihood=0.20 l_smoothness=2.00 
tol=2.50e-01, dt=5.00e-02, exp_k=20.0, momentum=0.90, levels=6, niter=500, lbl_dist=10.00, avgs=0, sigma=0.5,type=2, relabel=0, neg=yes

blurring input image with Gaussian with sigma=0.500...
GCAMRegisterLevel(): init RMS 0.417331
#GCMRL#  577 dt   0.080000 rms  0.417  0.170% neg 0  invalid 762 tFOTS 4.8260 tGradient 0.9150 tsec 6.0430
#GCMRL#  578 dt   0.050000 rms  0.417  0.000% neg 0  invalid 762 tFOTS 4.4520 tGradient 0.8950 tsec 5.6890
label assignment complete, 0 changed (0.00%)
GCAMregister done in 7.42152 min
Starting GCAMcomputeMaxPriorLabels()
Morphing with label term set to 0 *******************************
Starting GCAMregister()
label assignment complete, 0 changed (0.00%)
npasses = 1, nlevels = 6
#pass# 1 of 1 ************************
enabling zero nodes
setting smoothness cost coefficient to 0.008

#GCAMreg# pass 0 level1 5 level2 0 tsec 0 sigma 2
l_jacobian=1.00 l_log_likelihood=0.20 l_smoothness=0.01 
tol=2.50e-01, dt=5.00e-02, exp_k=20.0, momentum=0.90, levels=6, niter=500, lbl_dist=10.00, avgs=256, sigma=2.0,type=2, relabel=0, neg=yes

blurring input image with Gaussian with sigma=2.000...
GCAMRegisterLevel(): init RMS 0.402938

#GCAMreg# pass 0 level1 5 level2 1 tsec 16.092 sigma 0.5
l_jacobian=1.00 l_log_likelihood=0.20 l_smoothness=0.01 
tol=2.50e-01, dt=5.00e-02, exp_k=20.0, momentum=0.90, levels=6, niter=500, lbl_dist=10.00, avgs=256, sigma=0.5,type=2, relabel=0, neg=yes

blurring input image with Gaussian with sigma=0.500...
GCAMRegisterLevel(): init RMS 0.402938
#FOTS# QuadFit found better minimum quadopt=(dt=4.624,rms=0.402938) vs oldopt=(dt=5.78,rms=0.402938)
#GCMRL#  581 dt   4.624000 rms  0.403  0.000% neg 0  invalid 762 tFOTS 4.0520 tGradient 1.6440 tsec 5.9740
setting smoothness cost coefficient to 0.031

#GCAMreg# pass 0 level1 4 level2 0 tsec 0 sigma 2
l_jacobian=1.00 l_log_likelihood=0.20 l_smoothness=0.03 
tol=2.50e-01, dt=5.00e-02, exp_k=20.0, momentum=0.90, levels=6, niter=500, lbl_dist=10.00, avgs=64, sigma=2.0,type=2, relabel=0, neg=yes

blurring input image with Gaussian with sigma=2.000...
GCAMRegisterLevel(): init RMS 0.403104

#GCAMreg# pass 0 level1 4 level2 1 tsec 15.119 sigma 0.5
l_jacobian=1.00 l_log_likelihood=0.20 l_smoothness=0.03 
tol=2.50e-01, dt=5.00e-02, exp_k=20.0, momentum=0.90, levels=6, niter=500, lbl_dist=10.00, avgs=64, sigma=0.5,type=2, relabel=0, neg=yes

blurring input image with Gaussian with sigma=0.500...
GCAMRegisterLevel(): init RMS 0.403104
#FOTS# QuadFit found better minimum quadopt=(dt=20.736,rms=0.40307) vs oldopt=(dt=25.92,rms=0.403075)
#GCMRL#  584 dt  20.736000 rms  0.403  0.008% neg 0  invalid 762 tFOTS 3.9010 tGradient 1.2750 tsec 5.4560
#FOTS# QuadFit found better minimum quadopt=(dt=9.072,rms=0.403067) vs oldopt=(dt=6.48,rms=0.403067)
#GCMRL#  585 dt   9.072000 rms  0.403  0.000% neg 0  invalid 762 tFOTS 4.1330 tGradient 1.3180 tsec 5.7570
#GCMRL#  586 dt   9.072000 rms  0.403  0.000% neg 0  invalid 762 tFOTS 0.0000 tGradient 1.2380 tsec 1.5130
setting smoothness cost coefficient to 0.118

#GCAMreg# pass 0 level1 3 level2 0 tsec 0 sigma 2
l_jacobian=1.00 l_log_likelihood=0.20 l_smoothness=0.12 
tol=2.50e-01, dt=5.00e-02, exp_k=20.0, momentum=0.90, levels=6, niter=500, lbl_dist=10.00, avgs=16, sigma=2.0,type=2, relabel=0, neg=yes

blurring input image with Gaussian with sigma=2.000...
GCAMRegisterLevel(): init RMS 0.403695
#FOTS# QuadFit found better minimum quadopt=(dt=2.8,rms=0.403626) vs oldopt=(dt=2,rms=0.40364)
#GCMRL#  588 dt   2.800000 rms  0.404  0.017% neg 0  invalid 762 tFOTS 4.1280 tGradient 1.0270 tsec 5.4350
#FOTS# QuadFit found better minimum quadopt=(dt=2.8,rms=0.403601) vs oldopt=(dt=2,rms=0.403604)
#GCMRL#  589 dt   2.800000 rms  0.404  0.000% neg 0  invalid 762 tFOTS 4.1310 tGradient 1.0340 tsec 5.4710

#GCAMreg# pass 0 level1 3 level2 1 tsec 21.793 sigma 0.5
l_jacobian=1.00 l_log_likelihood=0.20 l_smoothness=0.12 
tol=2.50e-01, dt=5.00e-02, exp_k=20.0, momentum=0.90, levels=6, niter=500, lbl_dist=10.00, avgs=16, sigma=0.5,type=2, relabel=0, neg=yes

blurring input image with Gaussian with sigma=0.500...
GCAMRegisterLevel(): init RMS 0.403601
#FOTS# QuadFit found better minimum quadopt=(dt=44.8,rms=0.402184) vs oldopt=(dt=32,rms=0.40236)
#GCMRL#  591 dt  44.800000 rms  0.402  0.351% neg 0  invalid 762 tFOTS 4.1250 tGradient 1.0260 tsec 5.4330
#FOTS# QuadFit found better minimum quadopt=(dt=38.4,rms=0.401526) vs oldopt=(dt=32,rms=0.401557)
#GCMRL#  592 dt  38.400000 rms  0.402  0.000% neg 0  invalid 762 tFOTS 4.1490 tGradient 1.0310 tsec 5.4870
#GCMRL#  593 dt  38.400000 rms  0.401  0.095% neg 0  invalid 762 tFOTS 0.0000 tGradient 1.0230 tsec 1.3040
iter 0, gcam->neg = 3
after 7 iterations, nbhd size=1, neg = 0
#GCMRL#  594 dt  38.400000 rms  0.400  0.191% neg 0  invalid 762 tFOTS 0.0000 tGradient 1.0310 tsec 5.1070
iter 0, gcam->neg = 3
after 1 iterations, nbhd size=0, neg = 0
#GCMRL#  595 dt  38.400000 rms  0.400  0.105% neg 0  invalid 762 tFOTS 0.0000 tGradient 1.0290 tsec 2.6320
iter 0, gcam->neg = 10
after 5 iterations, nbhd size=0, neg = 0
#GCMRL#  596 dt  38.400000 rms  0.399  0.171% neg 0  invalid 762 tFOTS 0.0000 tGradient 1.0260 tsec 4.2510
iter 0, gcam->neg = 14
after 10 iterations, nbhd size=1, neg = 0
#GCMRL#  597 dt  38.400000 rms  0.399  0.096% neg 0  invalid 762 tFOTS 0.0000 tGradient 1.0190 tsec 6.3080
iter 0, gcam->neg = 9
after 16 iterations, nbhd size=1, neg = 0
#GCMRL#  598 dt  38.400000 rms  0.398  0.109% neg 0  invalid 762 tFOTS 0.0000 tGradient 1.0340 tsec 8.7930
iter 0, gcam->neg = 15
after 3 iterations, nbhd size=0, neg = 0
#GCMRL#  599 dt  38.400000 rms  0.398  0.124% neg 0  invalid 762 tFOTS 0.0000 tGradient 1.0280 tsec 3.4490
iter 0, gcam->neg = 5
after 0 iterations, nbhd size=0, neg = 0
#GCMRL#  600 dt  38.400000 rms  0.398  0.096% neg 0  invalid 762 tFOTS 0.0000 tGradient 1.1030 tsec 2.3090
#FOTS# QuadFit found better minimum quadopt=(dt=19.2,rms=0.397431) vs oldopt=(dt=32,rms=0.397484)
#GCMRL#  601 dt  19.200000 rms  0.397  0.000% neg 0  invalid 762 tFOTS 4.1730 tGradient 1.0190 tsec 5.4930
#GCMRL#  602 dt  19.200000 rms  0.397  0.012% neg 0  invalid 762 tFOTS 0.0000 tGradient 1.0140 tsec 1.2890
#GCMRL#  603 dt  19.200000 rms  0.397  0.016% neg 0  invalid 762 tFOTS 0.0000 tGradient 1.0290 tsec 1.3090
#GCMRL#  604 dt  19.200000 rms  0.397  0.018% neg 0  invalid 762 tFOTS 0.0000 tGradient 1.0560 tsec 1.3320
#GCMRL#  605 dt  19.200000 rms  0.397  0.013% neg 0  invalid 762 tFOTS 0.0000 tGradient 1.0230 tsec 1.2990
setting smoothness cost coefficient to 0.400

#GCAMreg# pass 0 level1 2 level2 0 tsec 0 sigma 2
l_jacobian=1.00 l_log_likelihood=0.20 l_smoothness=0.40 
tol=2.50e-01, dt=5.00e-02, exp_k=20.0, momentum=0.90, levels=6, niter=500, lbl_dist=10.00, avgs=4, sigma=2.0,type=2, relabel=0, neg=yes

blurring input image with Gaussian with sigma=2.000...
GCAMRegisterLevel(): init RMS 0.400681
#FOTS# QuadFit found better minimum quadopt=(dt=1.008,rms=0.400649) vs oldopt=(dt=0.72,rms=0.400654)
#GCMRL#  607 dt   1.008000 rms  0.401  0.008% neg 0  invalid 762 tFOTS 3.9630 tGradient 0.9400 tsec 5.1920
#FOTS# QuadFit found better minimum quadopt=(dt=0.432,rms=0.400646) vs oldopt=(dt=0.72,rms=0.400647)
#GCMRL#  608 dt   0.432000 rms  0.401  0.000% neg 0  invalid 762 tFOTS 3.9620 tGradient 0.9450 tsec 5.2210

#GCAMreg# pass 0 level1 2 level2 1 tsec 21.139 sigma 0.5
l_jacobian=1.00 l_log_likelihood=0.20 l_smoothness=0.40 
tol=2.50e-01, dt=5.00e-02, exp_k=20.0, momentum=0.90, levels=6, niter=500, lbl_dist=10.00, avgs=4, sigma=0.5,type=2, relabel=0, neg=yes

blurring input image with Gaussian with sigma=0.500...
GCAMRegisterLevel(): init RMS 0.400646
#FOTS# QuadFit found better minimum quadopt=(dt=7.90698,rms=0.400356) vs oldopt=(dt=11.52,rms=0.400428)
#GCMRL#  610 dt   7.906977 rms  0.400  0.072% neg 0  invalid 762 tFOTS 4.1910 tGradient 0.9410 tsec 5.4200
#FOTS# QuadFit found better minimum quadopt=(dt=13.0667,rms=0.400088) vs oldopt=(dt=11.52,rms=0.400091)
iter 0, gcam->neg = 2
after 3 iterations, nbhd size=0, neg = 0
#GCMRL#  611 dt  13.066667 rms  0.400  0.000% neg 0  invalid 762 tFOTS 4.2490 tGradient 0.9550 tsec 7.5430
iter 0, gcam->neg = 1
after 0 iterations, nbhd size=0, neg = 0
#GCMRL#  612 dt  13.066667 rms  0.400  0.085% neg 0  invalid 762 tFOTS 0.0000 tGradient 0.9490 tsec 2.0950
iter 0, gcam->neg = 6
after 4 iterations, nbhd size=0, neg = 0
#GCMRL#  613 dt  13.066667 rms  0.399  0.113% neg 0  invalid 762 tFOTS 0.0000 tGradient 0.9430 tsec 3.6600
iter 0, gcam->neg = 8
after 11 iterations, nbhd size=1, neg = 0
#GCMRL#  614 dt  13.066667 rms  0.399  0.113% neg 0  invalid 762 tFOTS 0.0000 tGradient 0.9550 tsec 6.5170
iter 0, gcam->neg = 11
after 8 iterations, nbhd size=0, neg = 0
#GCMRL#  615 dt  13.066667 rms  0.398  0.137% neg 0  invalid 762 tFOTS 0.0000 tGradient 0.9670 tsec 5.2680
iter 0, gcam->neg = 30
after 5 iterations, nbhd size=0, neg = 0
#GCMRL#  616 dt  13.066667 rms  0.398  0.177% neg 0  invalid 762 tFOTS 0.0000 tGradient 0.9480 tsec 4.0540
iter 0, gcam->neg = 34
after 7 iterations, nbhd size=0, neg = 0
#GCMRL#  617 dt  13.066667 rms  0.397  0.133% neg 0  invalid 762 tFOTS 0.0000 tGradient 0.9550 tsec 4.8340
iter 0, gcam->neg = 56
after 6 iterations, nbhd size=0, neg = 0
#GCMRL#  618 dt  13.066667 rms  0.397  0.044% neg 0  invalid 762 tFOTS 0.0000 tGradient 0.9430 tsec 4.3600
iter 0, gcam->neg = 58
after 7 iterations, nbhd size=0, neg = 0
#GCMRL#  619 dt  13.066667 rms  0.397 -0.026% neg 0  invalid 762 tFOTS 0.0000 tGradient 0.9560 tsec 5.0260
#FOTS# QuadFit found better minimum quadopt=(dt=3.456,rms=0.39689) vs oldopt=(dt=2.88,rms=0.39689)
iter 0, gcam->neg = 2
after 0 iterations, nbhd size=0, neg = 0
#GCMRL#  620 dt   3.456000 rms  0.397  0.002% neg 0  invalid 762 tFOTS 4.4660 tGradient 0.9180 tsec 6.3830
#FOTS# QuadFit found better minimum quadopt=(dt=0.432,rms=0.39689) vs oldopt=(dt=0.72,rms=0.39689)
setting smoothness cost coefficient to 1.000

#GCAMreg# pass 0 level1 1 level2 0 tsec 0 sigma 2
l_jacobian=1.00 l_log_likelihood=0.20 l_smoothness=1.00 
tol=2.50e-01, dt=5.00e-02, exp_k=20.0, momentum=0.90, levels=6, niter=500, lbl_dist=10.00, avgs=1, sigma=2.0,type=2, relabel=0, neg=yes

blurring input image with Gaussian with sigma=2.000...
GCAMRegisterLevel(): init RMS 0.402637

#GCAMreg# pass 0 level1 1 level2 1 tsec 14.568 sigma 0.5
l_jacobian=1.00 l_log_likelihood=0.20 l_smoothness=1.00 
tol=2.50e-01, dt=5.00e-02, exp_k=20.0, momentum=0.90, levels=6, niter=500, lbl_dist=10.00, avgs=1, sigma=0.5,type=2, relabel=0, neg=yes

blurring input image with Gaussian with sigma=0.500...
GCAMRegisterLevel(): init RMS 0.402637
resetting metric properties...
setting smoothness cost coefficient to 2.000

#GCAMreg# pass 0 level1 0 level2 0 tsec 0 sigma 2
l_jacobian=1.00 l_log_likelihood=0.20 l_smoothness=2.00 
tol=2.50e-01, dt=5.00e-02, exp_k=20.0, momentum=0.90, levels=6, niter=500, lbl_dist=10.00, avgs=0, sigma=2.0,type=2, relabel=0, neg=yes

blurring input image with Gaussian with sigma=2.000...
GCAMRegisterLevel(): init RMS 0.393013
#FOTS# QuadFit found better minimum quadopt=(dt=1.21748,rms=0.382772) vs oldopt=(dt=1.28,rms=0.38278)
iter 0, gcam->neg = 594
after 13 iterations, nbhd size=1, neg = 0
#GCMRL#  624 dt   1.217476 rms  0.384  2.408% neg 0  invalid 762 tFOTS 4.2560 tGradient 0.3400 tsec 10.1270
#FOTS# QuadFit found better minimum quadopt=(dt=2.34375e-05,rms=0.383549) vs oldopt=(dt=1.95313e-05,rms=0.383549)
#GCMRL#  625 dt   0.000023 rms  0.384  0.000% neg 0  invalid 762 tFOTS 5.3600 tGradient 0.3400 tsec 6.0080

#GCAMreg# pass 0 level1 0 level2 1 tsec 26.248 sigma 0.5
l_jacobian=1.00 l_log_likelihood=0.20 l_smoothness=2.00 
tol=2.50e-01, dt=5.00e-02, exp_k=20.0, momentum=0.90, levels=6, niter=500, lbl_dist=10.00, avgs=0, sigma=0.5,type=2, relabel=0, neg=yes

blurring input image with Gaussian with sigma=0.500...
GCAMRegisterLevel(): init RMS 0.383549
#GCMRL#  627 dt   0.080000 rms  0.383  0.035% neg 0  invalid 762 tFOTS 4.1740 tGradient 0.3430 tsec 4.8030
#FOTS# QuadFit found better minimum quadopt=(dt=0.028,rms=0.38339) vs oldopt=(dt=0.02,rms=0.383394)
#GCMRL#  628 dt   0.028000 rms  0.383  0.000% neg 0  invalid 762 tFOTS 4.2370 tGradient 0.3450 tsec 4.8940
#GCMRL#  629 dt   0.028000 rms  0.383  0.004% neg 0  invalid 762 tFOTS 0.0000 tGradient 0.3420 tsec 0.6340
GCAMregister done in 4.71235 min
writing output transformation to transforms/talairach.m3z...
GCAMwrite
Calls to gcamLogLikelihoodEnergy 4536 tmin = 1.98222
Calls to gcamLabelEnergy         4005 tmin = 1.1747
Calls to gcamJacobianEnergy      4536 tmin = 0.925233
Calls to gcamSmoothnessEnergy    4536 tmin = 5.5589
Calls to gcamLogLikelihoodTerm 631 tmin = 0.8352
Calls to gcamLabelTerm         580 tmin = 5.6616
Calls to gcamJacobianTerm      631 tmin = 1.17698
Calls to gcamSmoothnessTerm    631 tmin = 0.502283
Calls to gcamComputeGradient    631 tmin = 18.4272
Calls to gcamComputeMetricProperties    6468 tmin = 2.36123
mri_ca_register took 0 hours, 47 minutes and 23 seconds.
#VMPC# mri_ca_register VmPeak  3121992
FSRUNTIME@ mri_ca_register  0.7898 hours 16 threads
#--------------------------------------
#@# SubCort Seg Sun Mar  8 18:27:16 CET 2026

 mri_ca_label -relabel_unlikely 9 .3 -prior 0.5 -align norm.mgz transforms/talairach.m3z /opt/freesurfer/average/RB_all_2020-01-02.gca aseg.auto_noCCseg.mgz 

sysname  Linux
hostname dna013
machine  x86_64

setenv SUBJECTS_DIR /out/sourcedata/freesurfer
cd /out/sourcedata/freesurfer/sub-v1s14x0051561_ses-1/mri
mri_ca_label -relabel_unlikely 9 .3 -prior 0.5 -align norm.mgz transforms/talairach.m3z /opt/freesurfer/average/RB_all_2020-01-02.gca aseg.auto_noCCseg.mgz 

relabeling unlikely voxels with window_size = 9 and prior threshold 0.30
using Gibbs prior factor = 0.500
renormalizing sequences with structure alignment, equivalent to:
	-renormalize
	-renormalize_mean 0.500
	-regularize 0.500

== Number of threads available to for OpenMP = 16 == 
reading 1 input volumes
reading classifier array from /opt/freesurfer/average/RB_all_2020-01-02.gca
reading input volume from norm.mgz
average std[0] = 7.2
reading transform from transforms/talairach.m3z
setting orig areas to linear transform determinant scaled 7.40
Atlas used for the 3D morph was /opt/freesurfer/average/RB_all_2020-01-02.gca
average std = 7.2   using min determinant for regularization = 5.2
0 singular and 0 ill-conditioned covariance matrices regularized
labeling volume...
renormalizing by structure alignment....
renormalizing input #0
gca peak = 0.15521 (20)
mri peak = 0.17574 (21)
Left_Lateral_Ventricle (4): linear fit = 1.16 x + 0.0 (6261 voxels, overlap=0.838)
Left_Lateral_Ventricle (4): linear fit = 1.16 x + 0.0 (6261 voxels, peak = 23), gca=23.3
gca peak = 0.20380 (13)
mri peak = 0.14063 (21)
Right_Lateral_Ventricle (43): linear fit = 1.57 x + 0.0 (6037 voxels, overlap=0.530)
Right_Lateral_Ventricle (43): linear fit = 1.50 x + 0.0 (6037 voxels, peak = 20), gca=19.5
gca peak = 0.26283 (96)
mri peak = 0.17634 (101)
Right_Pallidum (52): linear fit = 1.05 x + 0.0 (929 voxels, overlap=0.576)
Right_Pallidum (52): linear fit = 1.05 x + 0.0 (929 voxels, peak = 101), gca=101.3
gca peak = 0.15814 (97)
mri peak = 0.14372 (103)
Left_Pallidum (13): linear fit = 1.07 x + 0.0 (825 voxels, overlap=0.625)
Left_Pallidum (13): linear fit = 1.07 x + 0.0 (825 voxels, peak = 103), gca=103.3
gca peak = 0.27624 (56)
mri peak = 0.09272 (69)
Right_Hippocampus (53): linear fit = 1.21 x + 0.0 (1153 voxels, overlap=0.019)
Right_Hippocampus (53): linear fit = 1.21 x + 0.0 (1153 voxels, peak = 67), gca=67.5
gca peak = 0.28723 (59)
mri peak = 0.15077 (70)
Left_Hippocampus (17): linear fit = 1.23 x + 0.0 (1239 voxels, overlap=0.021)
Left_Hippocampus (17): linear fit = 1.23 x + 0.0 (1239 voxels, peak = 72), gca=72.3
gca peak = 0.07623 (103)
mri peak = 0.19165 (105)
Right_Cerebral_White_Matter (41): linear fit = 1.00 x + 0.0 (48467 voxels, overlap=0.554)
Right_Cerebral_White_Matter (41): linear fit = 1.00 x + 0.0 (48467 voxels, peak = 104), gca=103.5
gca peak = 0.07837 (105)
mri peak = 0.20337 (106)
Left_Cerebral_White_Matter (2): linear fit = 1.00 x + 0.0 (51113 voxels, overlap=0.471)
Left_Cerebral_White_Matter (2): linear fit = 1.00 x + 0.0 (51113 voxels, peak = 106), gca=105.5
gca peak = 0.10165 (58)
mri peak = 0.04273 (70)
Left_Cerebral_Cortex (3): linear fit = 1.22 x + 0.0 (34528 voxels, overlap=0.204)
Left_Cerebral_Cortex (3): linear fit = 1.22 x + 0.0 (34528 voxels, peak = 70), gca=70.5
gca peak = 0.11113 (58)
mri peak = 0.03862 (65)
Right_Cerebral_Cortex (42): linear fit = 1.16 x + 0.0 (33696 voxels, overlap=0.572)
Right_Cerebral_Cortex (42): linear fit = 1.16 x + 0.0 (33696 voxels, peak = 68), gca=67.6
gca peak = 0.27796 (67)
mri peak = 0.14925 (81)
Right_Caudate (50): linear fit = 1.17 x + 0.0 (1171 voxels, overlap=0.023)
Right_Caudate (50): linear fit = 1.17 x + 0.0 (1171 voxels, peak = 79), gca=78.7
gca peak = 0.14473 (69)
mri peak = 0.11078 (81)
Left_Caudate (11): linear fit = 1.05 x + 0.0 (1021 voxels, overlap=0.571)
Left_Caudate (11): linear fit = 1.05 x + 0.0 (1021 voxels, peak = 73), gca=72.8
gca peak = 0.14301 (56)
mri peak = 0.04088 (56)
Left_Cerebellum_Cortex (8): linear fit = 1.04 x + 0.0 (28120 voxels, overlap=0.981)
Left_Cerebellum_Cortex (8): linear fit = 1.04 x + 0.0 (28120 voxels, peak = 59), gca=58.5
gca peak = 0.14610 (55)
mri peak = 0.04069 (57)
Right_Cerebellum_Cortex (47): linear fit = 1.04 x + 0.0 (29397 voxels, overlap=0.990)
Right_Cerebellum_Cortex (47): linear fit = 1.04 x + 0.0 (29397 voxels, peak = 57), gca=57.5
gca peak = 0.16309 (85)
mri peak = 0.10298 (91)
Left_Cerebellum_White_Matter (7): linear fit = 1.09 x + 0.0 (11349 voxels, overlap=0.284)
Left_Cerebellum_White_Matter (7): linear fit = 1.09 x + 0.0 (11349 voxels, peak = 92), gca=92.2
gca peak = 0.15172 (84)
mri peak = 0.12105 (88)
Right_Cerebellum_White_Matter (46): linear fit = 1.07 x + 0.0 (11062 voxels, overlap=0.214)
Right_Cerebellum_White_Matter (46): linear fit = 1.07 x + 0.0 (11062 voxels, peak = 89), gca=89.5
gca peak = 0.30461 (58)
mri peak = 0.18227 (76)
Left_Amygdala (18): linear fit = 1.28 x + 0.0 (596 voxels, overlap=0.049)
Left_Amygdala (18): linear fit = 1.28 x + 0.0 (596 voxels, peak = 75), gca=74.5
gca peak = 0.32293 (57)
mri peak = 0.10926 (70)
Right_Amygdala (54): linear fit = 1.24 x + 0.0 (540 voxels, overlap=0.050)
Right_Amygdala (54): linear fit = 1.24 x + 0.0 (540 voxels, peak = 70), gca=70.4
gca peak = 0.11083 (90)
mri peak = 0.09885 (95)
Left_Thalamus (10): linear fit = 1.09 x + 0.0 (5727 voxels, overlap=0.736)
Left_Thalamus (10): linear fit = 1.09 x + 0.0 (5727 voxels, peak = 98), gca=97.7
gca peak = 0.11393 (83)
mri peak = 0.09282 (90)
Right_Thalamus (49): linear fit = 1.10 x + 0.0 (5168 voxels, overlap=0.519)
Right_Thalamus (49): linear fit = 1.10 x + 0.0 (5168 voxels, peak = 91), gca=90.9
gca peak = 0.08575 (81)
mri peak = 0.09362 (85)
Left_Putamen (12): linear fit = 1.13 x + 0.0 (2553 voxels, overlap=0.442)
Left_Putamen (12): linear fit = 1.13 x + 0.0 (2553 voxels, peak = 92), gca=91.9
gca peak = 0.08618 (78)
mri peak = 0.10309 (90)
Right_Putamen (51): linear fit = 1.13 x + 0.0 (2558 voxels, overlap=0.318)
Right_Putamen (51): linear fit = 1.13 x + 0.0 (2558 voxels, peak = 89), gca=88.5
gca peak = 0.08005 (78)
mri peak = 0.09895 (88)
Brain_Stem (16): linear fit = 1.11 x + 0.0 (15519 voxels, overlap=0.429)
Brain_Stem (16): linear fit = 1.11 x + 0.0 (15519 voxels, peak = 86), gca=86.2
gca peak = 0.12854 (88)
mri peak = 0.12872 (98)
Right_VentralDC (60): linear fit = 1.09 x + 0.0 (1793 voxels, overlap=0.341)
Right_VentralDC (60): linear fit = 1.09 x + 0.0 (1793 voxels, peak = 95), gca=95.5
gca peak = 0.15703 (87)
mri peak = 0.11088 (97)
Left_VentralDC (28): linear fit = 1.11 x + 0.0 (1952 voxels, overlap=0.246)
Left_VentralDC (28): linear fit = 1.11 x + 0.0 (1952 voxels, peak = 96), gca=96.1
gca peak = 0.17522 (25)
mri peak = 0.17757 (26)
Third_Ventricle (14): linear fit = 0.96 x + 0.0 (211 voxels, overlap=1.005)
Third_Ventricle (14): linear fit = 0.96 x + 0.0 (211 voxels, peak = 24), gca=24.1
gca peak = 0.17113 (14)
mri peak = 0.12360 (18)
Fourth_Ventricle (15): linear fit = 1.15 x + 0.0 (438 voxels, overlap=0.815)
Fourth_Ventricle (15): linear fit = 1.15 x + 0.0 (438 voxels, peak = 16), gca=16.2
gca peak Unknown = 0.94777 ( 0)
gca peak Left_Inf_Lat_Vent = 0.16627 (28)
gca peak CSF = 0.20346 (36)
gca peak Left_Accumbens_area = 0.70646 (62)
gca peak Left_undetermined = 1.00000 (28)
gca peak Left_vessel = 0.89917 (53)
gca peak Left_choroid_plexus = 0.11689 (35)
gca peak Right_Inf_Lat_Vent = 0.25504 (23)
gca peak Right_Accumbens_area = 0.31650 (65)
gca peak Right_vessel = 0.77268 (52)
gca peak Right_choroid_plexus = 0.13275 (38)
gca peak Fifth_Ventricle = 0.60973 (33)
gca peak WM_hypointensities = 0.11013 (77)
gca peak non_WM_hypointensities = 0.11354 (41)
gca peak Optic_Chiasm = 0.51646 (76)
not using caudate to estimate GM means
estimating mean gm scale to be 1.22 x + 0.0
estimating mean wm scale to be 1.00 x + 0.0
estimating mean csf scale to be 1.20 x + 0.0
Left_Pallidum too bright - rescaling by 0.981 (from 1.065) to 101.4 (was 103.3)
Right_Pallidum too bright - rescaling by 1.001 (from 1.055) to 101.4 (was 101.3)
saving intensity scales to aseg.auto_noCCseg.label_intensities.txt
renormalizing by structure alignment....
renormalizing input #0
gca peak = 0.14720 (24)
mri peak = 0.17574 (21)
Left_Lateral_Ventricle (4): linear fit = 0.98 x + 0.0 (6261 voxels, overlap=0.808)
Left_Lateral_Ventricle (4): linear fit = 0.98 x + 0.0 (6261 voxels, peak = 23), gca=23.4
gca peak = 0.16336 (19)
mri peak = 0.14063 (21)
Right_Lateral_Ventricle (43): linear fit = 1.08 x + 0.0 (6037 voxels, overlap=0.620)
Right_Lateral_Ventricle (43): linear fit = 1.08 x + 0.0 (6037 voxels, peak = 20), gca=20.4
gca peak = 0.22348 (98)
mri peak = 0.17634 (101)
Right_Pallidum (52): linear fit = 1.00 x + 0.0 (929 voxels, overlap=1.000)
Right_Pallidum (52): linear fit = 1.00 x + 0.0 (929 voxels, peak = 98), gca=97.5
gca peak = 0.17595 (99)
mri peak = 0.14372 (103)
Left_Pallidum (13): linear fit = 1.01 x + 0.0 (825 voxels, overlap=0.997)
Left_Pallidum (13): linear fit = 1.01 x + 0.0 (825 voxels, peak = 100), gca=100.5
gca peak = 0.27314 (67)
mri peak = 0.09272 (69)
Right_Hippocampus (53): linear fit = 0.98 x + 0.0 (1153 voxels, overlap=1.003)
Right_Hippocampus (53): linear fit = 0.98 x + 0.0 (1153 voxels, peak = 65), gca=65.3
gca peak = 0.31097 (69)
mri peak = 0.15077 (70)
Left_Hippocampus (17): linear fit = 1.00 x + 0.0 (1239 voxels, overlap=1.004)
Left_Hippocampus (17): linear fit = 1.00 x + 0.0 (1239 voxels, peak = 69), gca=69.0
gca peak = 0.07896 (104)
mri peak = 0.19165 (105)
Right_Cerebral_White_Matter (41): linear fit = 1.00 x + 0.0 (48467 voxels, overlap=0.564)
Right_Cerebral_White_Matter (41): linear fit = 1.00 x + 0.0 (48467 voxels, peak = 104), gca=104.0
gca peak = 0.07990 (105)
mri peak = 0.20337 (106)
Left_Cerebral_White_Matter (2): linear fit = 1.00 x + 0.0 (51113 voxels, overlap=0.490)
Left_Cerebral_White_Matter (2): linear fit = 1.00 x + 0.0 (51113 voxels, peak = 105), gca=105.0
gca peak = 0.07992 (69)
mri peak = 0.04273 (70)
Left_Cerebral_Cortex (3): linear fit = 0.99 x + 0.0 (34528 voxels, overlap=0.916)
Left_Cerebral_Cortex (3): linear fit = 0.99 x + 0.0 (34528 voxels, peak = 68), gca=68.0
gca peak = 0.09963 (68)
mri peak = 0.03862 (65)
Right_Cerebral_Cortex (42): linear fit = 0.99 x + 0.0 (33696 voxels, overlap=0.963)
Right_Cerebral_Cortex (42): linear fit = 0.99 x + 0.0 (33696 voxels, peak = 67), gca=67.0
gca peak = 0.22348 (78)
mri peak = 0.14925 (81)
Right_Caudate (50): linear fit = 1.01 x + 0.0 (1171 voxels, overlap=1.003)
Right_Caudate (50): linear fit = 1.01 x + 0.0 (1171 voxels, peak = 79), gca=79.2
gca peak = 0.14711 (82)
mri peak = 0.11078 (81)
Left_Caudate (11): linear fit = 1.02 x + 0.0 (1021 voxels, overlap=0.852)
Left_Caudate (11): linear fit = 1.02 x + 0.0 (1021 voxels, peak = 84), gca=84.0
gca peak = 0.13218 (58)
mri peak = 0.04088 (56)
Left_Cerebellum_Cortex (8): linear fit = 1.02 x + 0.0 (28120 voxels, overlap=1.000)
Left_Cerebellum_Cortex (8): linear fit = 1.02 x + 0.0 (28120 voxels, peak = 59), gca=59.4
gca peak = 0.15398 (58)
mri peak = 0.04069 (57)
Right_Cerebellum_Cortex (47): linear fit = 0.96 x + 0.0 (29397 voxels, overlap=0.995)
Right_Cerebellum_Cortex (47): linear fit = 0.96 x + 0.0 (29397 voxels, peak = 56), gca=56.0
gca peak = 0.14916 (92)
mri peak = 0.10298 (91)
Left_Cerebellum_White_Matter (7): linear fit = 1.00 x + 0.0 (11349 voxels, overlap=0.897)
Left_Cerebellum_White_Matter (7): linear fit = 1.00 x + 0.0 (11349 voxels, peak = 92), gca=91.5
gca peak = 0.16847 (90)
mri peak = 0.12105 (88)
Right_Cerebellum_White_Matter (46): linear fit = 1.01 x + 0.0 (11062 voxels, overlap=0.774)
Right_Cerebellum_White_Matter (46): linear fit = 1.01 x + 0.0 (11062 voxels, peak = 91), gca=91.3
gca peak = 0.26391 (73)
mri peak = 0.18227 (76)
Left_Amygdala (18): linear fit = 1.00 x + 0.0 (596 voxels, overlap=1.011)
Left_Amygdala (18): linear fit = 1.00 x + 0.0 (596 voxels, peak = 73), gca=73.0
gca peak = 0.30121 (71)
mri peak = 0.10926 (70)
Right_Amygdala (54): linear fit = 1.03 x + 0.0 (540 voxels, overlap=1.014)
Right_Amygdala (54): linear fit = 1.03 x + 0.0 (540 voxels, peak = 73), gca=73.5
gca peak = 0.10772 (96)
mri peak = 0.09885 (95)
Left_Thalamus (10): linear fit = 0.99 x + 0.0 (5727 voxels, overlap=0.978)
Left_Thalamus (10): linear fit = 0.99 x + 0.0 (5727 voxels, peak = 95), gca=94.6
gca peak = 0.10387 (91)
mri peak = 0.09282 (90)
Right_Thalamus (49): linear fit = 0.99 x + 0.0 (5168 voxels, overlap=0.917)
Right_Thalamus (49): linear fit = 0.99 x + 0.0 (5168 voxels, peak = 90), gca=89.6
gca peak = 0.08074 (92)
mri peak = 0.09362 (85)
Left_Putamen (12): linear fit = 0.99 x + 0.0 (2553 voxels, overlap=0.876)
Left_Putamen (12): linear fit = 0.99 x + 0.0 (2553 voxels, peak = 91), gca=90.6
gca peak = 0.08413 (86)
mri peak = 0.10309 (90)
Right_Putamen (51): linear fit = 1.00 x + 0.0 (2558 voxels, overlap=0.890)
Right_Putamen (51): linear fit = 1.00 x + 0.0 (2558 voxels, peak = 86), gca=85.6
gca peak = 0.07882 (90)
mri peak = 0.09895 (88)
Brain_Stem (16): linear fit = 1.00 x + 0.0 (15519 voxels, overlap=0.755)
Brain_Stem (16): linear fit = 1.00 x + 0.0 (15519 voxels, peak = 90), gca=89.6
gca peak = 0.11739 (97)
mri peak = 0.12872 (98)
Right_VentralDC (60): linear fit = 1.00 x + 0.0 (1793 voxels, overlap=0.787)
Right_VentralDC (60): linear fit = 1.00 x + 0.0 (1793 voxels, peak = 97), gca=96.5
gca peak = 0.16252 (96)
mri peak = 0.11088 (97)
Left_VentralDC (28): linear fit = 1.00 x + 0.0 (1952 voxels, overlap=0.883)
Left_VentralDC (28): linear fit = 1.00 x + 0.0 (1952 voxels, peak = 96), gca=96.5
gca peak = 0.18846 (24)
mri peak = 0.17757 (26)
Third_Ventricle (14): linear fit = 1.02 x + 0.0 (211 voxels, overlap=1.004)
Third_Ventricle (14): linear fit = 1.02 x + 0.0 (211 voxels, peak = 25), gca=24.6
gca peak = 0.17407 (17)
mri peak = 0.12360 (18)
Fourth_Ventricle (15): linear fit = 1.00 x + 0.0 (438 voxels, overlap=0.762)
Fourth_Ventricle (15): linear fit = 1.00 x + 0.0 (438 voxels, peak = 17), gca=17.0
gca peak Unknown = 0.94777 ( 0)
gca peak Left_Inf_Lat_Vent = 0.17357 (34)
gca peak CSF = 0.20126 (43)
gca peak Left_Accumbens_area = 0.56708 (66)
gca peak Left_undetermined = 1.00000 (28)
gca peak Left_vessel = 0.89837 (53)
gca peak Left_choroid_plexus = 0.10623 (35)
gca peak Right_Inf_Lat_Vent = 0.26261 (28)
gca peak Right_Accumbens_area = 0.31718 (76)
gca peak Right_vessel = 0.77268 (52)
gca peak Right_choroid_plexus = 0.13304 (38)
gca peak Fifth_Ventricle = 0.59705 (39)
gca peak WM_hypointensities = 0.11225 (77)
gca peak non_WM_hypointensities = 0.14722 (41)
gca peak Optic_Chiasm = 0.51646 (76)
not using caudate to estimate GM means
estimating mean gm scale to be 1.00 x + 0.0
estimating mean wm scale to be 1.00 x + 0.0
estimating mean csf scale to be 1.02 x + 0.0
saving intensity scales to aseg.auto_noCCseg.label_intensities.txt
saving sequentially combined intensity scales to aseg.auto_noCCseg.label_intensities.txt
83888 voxels changed in iteration 0 of unlikely voxel relabeling
377 voxels changed in iteration 1 of unlikely voxel relabeling
17 voxels changed in iteration 2 of unlikely voxel relabeling
0 voxels changed in iteration 3 of unlikely voxel relabeling
61634 gm and wm labels changed (%20 to gray, %80 to white out of all changed labels)
402 hippocampal voxels changed.
0 amygdala voxels changed.
Reclassifying using Gibbs Priors
pass 1: 83776 changed. image ll: -2.136, PF=0.500
pass 2: 24868 changed. image ll: -2.136, PF=0.500
pass 3: 7500 changed.
pass 4: 2626 changed.
72173 voxels changed in iteration 0 of unlikely voxel relabeling
469 voxels changed in iteration 1 of unlikely voxel relabeling
21 voxels changed in iteration 2 of unlikely voxel relabeling
3 voxels changed in iteration 3 of unlikely voxel relabeling
0 voxels changed in iteration 4 of unlikely voxel relabeling
9739 voxels changed in iteration 0 of unlikely voxel relabeling
86 voxels changed in iteration 1 of unlikely voxel relabeling
0 voxels changed in iteration 2 of unlikely voxel relabeling
7538 voxels changed in iteration 0 of unlikely voxel relabeling
85 voxels changed in iteration 1 of unlikely voxel relabeling
1 voxels changed in iteration 2 of unlikely voxel relabeling
0 voxels changed in iteration 3 of unlikely voxel relabeling
5819 voxels changed in iteration 0 of unlikely voxel relabeling
31 voxels changed in iteration 1 of unlikely voxel relabeling
0 voxels changed in iteration 2 of unlikely voxel relabeling
 !!!!!!!!! ventricle segment 1 with volume 17245 above threshold 100 - not erasing !!!!!!!!!!
 !!!!!!!!! ventricle segment 0 with volume 376 above threshold 100 - not erasing !!!!!!!!!!
 !!!!!!!!! ventricle segment 2 with volume 17250 above threshold 100 - not erasing !!!!!!!!!!
 !!!!!!!!! ventricle segment 0 with volume 140 above threshold 100 - not erasing !!!!!!!!!!
 !!!!!!!!! ventricle segment 3 with volume 146 above threshold 100 - not erasing !!!!!!!!!!
writing labeled volume to aseg.auto_noCCseg.mgz
mri_ca_label utimesec    2189.944015
mri_ca_label stimesec    2.413470
mri_ca_label ru_maxrss   2096252
mri_ca_label ru_ixrss    0
mri_ca_label ru_idrss    0
mri_ca_label ru_isrss    0
mri_ca_label ru_minflt   3004576
mri_ca_label ru_majflt   8
mri_ca_label ru_nswap    0
mri_ca_label ru_inblock  1142
mri_ca_label ru_oublock  760
mri_ca_label ru_msgsnd   0
mri_ca_label ru_msgrcv   0
mri_ca_label ru_nsignals 0
mri_ca_label ru_nvcsw    2422
mri_ca_label ru_nivcsw   1709
auto-labeling took 35 minutes and 22 seconds.
#--------------------------------------
#@# CC Seg Sun Mar  8 19:02:38 CET 2026

 mri_cc -aseg aseg.auto_noCCseg.mgz -o aseg.auto.mgz -lta /out/sourcedata/freesurfer/sub-v1s14x0051561_ses-1/mri/transforms/cc_up.lta sub-v1s14x0051561_ses-1 

will read input aseg from aseg.auto_noCCseg.mgz
writing aseg with cc labels to aseg.auto.mgz
will write lta as /out/sourcedata/freesurfer/sub-v1s14x0051561_ses-1/mri/transforms/cc_up.lta
reading aseg from /out/sourcedata/freesurfer/sub-v1s14x0051561_ses-1/mri/aseg.auto_noCCseg.mgz
reading norm from /out/sourcedata/freesurfer/sub-v1s14x0051561_ses-1/mri/norm.mgz
39890 voxels in left wm, 73865 in right wm, xrange [122, 134]
searching rotation angles z=[-8  6], y=[-10  4]
searching scale 1 Z rot -8.1  searching scale 1 Z rot -7.8  searching scale 1 Z rot -7.6  searching scale 1 Z rot -7.3  searching scale 1 Z rot -7.1  searching scale 1 Z rot -6.8  searching scale 1 Z rot -6.6  searching scale 1 Z rot -6.3  searching scale 1 Z rot -6.1  searching scale 1 Z rot -5.8  searching scale 1 Z rot -5.6  searching scale 1 Z rot -5.3  searching scale 1 Z rot -5.1  searching scale 1 Z rot -4.8  searching scale 1 Z rot -4.6  searching scale 1 Z rot -4.3  searching scale 1 Z rot -4.1  searching scale 1 Z rot -3.8  searching scale 1 Z rot -3.6  searching scale 1 Z rot -3.3  searching scale 1 Z rot -3.1  searching scale 1 Z rot -2.8  searching scale 1 Z rot -2.6  searching scale 1 Z rot -2.3  searching scale 1 Z rot -2.1  searching scale 1 Z rot -1.8  searching scale 1 Z rot -1.6  searching scale 1 Z rot -1.3  searching scale 1 Z rot -1.1  searching scale 1 Z rot -0.8  searching scale 1 Z rot -0.6  searching scale 1 Z rot -0.3  searching scale 1 Z rot -0.1  searching scale 1 Z rot 0.2  searching scale 1 Z rot 0.4  searching scale 1 Z rot 0.7  searching scale 1 Z rot 0.9  searching scale 1 Z rot 1.2  searching scale 1 Z rot 1.4  searching scale 1 Z rot 1.7  searching scale 1 Z rot 1.9  searching scale 1 Z rot 2.2  searching scale 1 Z rot 2.4  searching scale 1 Z rot 2.7  searching scale 1 Z rot 2.9  searching scale 1 Z rot 3.2  searching scale 1 Z rot 3.4  searching scale 1 Z rot 3.7  searching scale 1 Z rot 3.9  searching scale 1 Z rot 4.2  searching scale 1 Z rot 4.4  searching scale 1 Z rot 4.7  searching scale 1 Z rot 4.9  searching scale 1 Z rot 5.2  searching scale 1 Z rot 5.4  global minimum found at slice 129.0, rotations (-2.88, -1.30)
final transformation (x=129.0, yr=-2.882, zr=-1.302):
 0.99848   0.02272  -0.05027   2.02214;
-0.02269   0.99974   0.00114   11.83237;
 0.05028   0.00000   0.99874   11.65284;
 0.00000   0.00000   0.00000   1.00000;
updating x range to be [126, 131] in xformed coordinates
best xformed slice 128
min_x_fornix = 121
min_x_fornix = 125
min_x_fornix = 128
min_x_fornix = 131
min_x_fornix = 129
cc center is found at 128 119 110
eigenvectors:
-0.00075   0.00303   1.00000;
-0.12037  -0.99273   0.00292;
 0.99273  -0.12036   0.00111;
error in mid anterior detected - correcting...
writing aseg with callosum to /out/sourcedata/freesurfer/sub-v1s14x0051561_ses-1/mri/aseg.auto.mgz...
corpus callosum segmentation took 0.6 minutes
#VMPC# mri_cc VmPeak  554576
mri_cc done
#--------------------------------------
#@# Merge ASeg Sun Mar  8 19:03:16 CET 2026

 cp aseg.auto.mgz aseg.presurf.mgz 

#--------------------------------------------
#@# Intensity Normalization2 Sun Mar  8 19:03:16 CET 2026
/out/sourcedata/freesurfer/sub-v1s14x0051561_ses-1/mri

 mri_normalize -seed 1234 -mprage -aseg aseg.presurf.mgz -mask brainmask.mgz norm.mgz brain.mgz 

setting seed for random number genererator to 1234
assuming input volume is MGH (Van der Kouwe) MP-RAGE
using segmentation for initial intensity normalization
using MR volume brainmask.mgz to mask input volume...
reading mri_src from norm.mgz...
Reading aseg aseg.presurf.mgz
normalizing image...
NOT doing gentle normalization with control points/label
processing with aseg
removing outliers in the aseg WM...
434 control points removed
Building bias image
building Voronoi diagram...
performing soap bubble smoothing, sigma = 0...
Smoothing with sigma 8
Applying bias correction
building Voronoi diagram...
performing soap bubble smoothing, sigma = 8...

Iterating 2 times
---------------------------------
3d normalization pass 1 of 2
white matter peak found at 110
white matter peak found at 110
gm peak at 74 (74), valley at 26 (26)
csf peak at 38, setting threshold to 62
building Voronoi diagram...
performing soap bubble smoothing, sigma = 8...
---------------------------------
3d normalization pass 2 of 2
white matter peak found at 110
white matter peak found at 110
gm peak at 77 (77), valley at 29 (29)
csf peak at 39, setting threshold to 64
building Voronoi diagram...
performing soap bubble smoothing, sigma = 8...
Done iterating ---------------------------------
writing output to brain.mgz
3D bias adjustment took 2 minutes and 17 seconds.
#--------------------------------------------
#@# Mask BFS Sun Mar  8 19:05:34 CET 2026
/out/sourcedata/freesurfer/sub-v1s14x0051561_ses-1/mri

 mri_mask -T 5 brain.mgz brainmask.mgz brain.finalsurfs.mgz 

threshold mask volume at 5
DoAbs = 0
Found 1695233 voxels in mask (pct= 10.10)
Writing masked volume to brain.finalsurfs.mgz...done.
#--------------------------------------------
#@# WM Segmentation Sun Mar  8 19:05:35 CET 2026

 AntsDenoiseImageFs -i brain.mgz -o antsdn.brain.mgz 


 mri_segment -wsizemm 13 -mprage antsdn.brain.mgz wm.seg.mgz 

wsizemm = 13, voxres = 1, wsize = 13
Widening wm low from 89 to 79
assuming input volume is MGH (Van der Kouwe) MP-RAGE
wm mean:  110
wsize:    13
wm low:   79
wm hi:    125
gray low: 30
gray hi:  99
Doing initial trinary intensity segmentation 
Using local statistics to label ambiguous voxels
Autodetecting stats
Computing class statistics for intensity windows...
CCS WM (102.0): 102.2 +- 6.1 [79.0 --> 125.0]
CCS GM (74.0) : 72.0 +- 11.3 [30.0 --> 95.0]
 white_mean 102.208
 white_sigma 6.11262
 gray_mean 72.0338
 gray_sigma 11.2805
setting bottom of white matter range wm_low to 83.3
setting top of gray matter range gray_hi to 94.6
 wm_low 83.3143
 wm_hi  125
 gray_low 30
 gray_hi  94.5948
Redoing initial intensity segmentation...
Recomputing local statistics to label ambiguous voxels...
 wm_low 83.3143
 wm_hi  125
 gray_low 30
 gray_hi  94.5948
using local geometry to label remaining ambiguous voxels...
polvwsize = 5, polvlen = 3, gray_hi = 94.5948, wm_low = 83.3143
MRIcpolvMedianCurveSegment(): wsize=5, len=3, gmhi=94.5948, wmlow=83.3143
    177562 voxels processed (1.06%)
     83477 voxels white (0.50%)
     94085 voxels non-white (0.56%)

Reclassifying voxels using Gaussian border classifier niter=1
MRIreclassify(): wm_low=78.3143, gray_hi=94.5948, wsize=13
    316199 voxels tested (1.88%)
     68992 voxels changed (0.41%)
     62080 multi-scale searches  (0.37%)
Recovering bright white
MRIrecoverBrightWhite()
 wm_low 83.3143
 wm_hi 125
 slack 6.11262
 pct_thresh 0.33
 intensity_thresh 131.113
 nvox_thresh 8.58
      302 voxels tested (0.00%)
      198 voxels changed (0.00%)

removing voxels with positive offset direction...
MRIremoveWrongDirection() wsize=3, lowthr=78.3143, hithr=94.5948
  smoothing input volume with sigma = 0.250
   138893 voxels tested (0.83%)
    23465 voxels changed (0.14%)
thicken = 1
removing 1-dimensional structures...
MRIremove1dStructures(): max_iter=10000, thresh=2, WM_MIN_VAL=5
 3818 sparsely connected voxels removed in 1 iterations
thickening thin strands....
thickness 4
nsegments 20
wm_hi 125
1924 diagonally connected voxels added...
MRIthickenThinWMStrands(): thickness=4, nsegments=20
  20 segments, 3291 filled
MRIfindBrightNonWM(): 833 bright non-wm voxels segmented.
MRIfilterMorphology() WM_MIN_VAL=5, DIAGONAL_FILL=230
white matter segmentation took 1.1 minutes
writing output to wm.seg.mgz...

 mri_edit_wm_with_aseg -keep-in wm.seg.mgz brain.mgz aseg.presurf.mgz wm.asegedit.mgz 

preserving editing changes in input volume...
auto filling took 0.42 minutes
reading wm segmentation from wm.seg.mgz...
0 voxels added to wm to prevent paths from MTL structures to cortex
3057 additional wm voxels added
0 additional wm voxels added
SEG EDIT: 70059 voxels turned on, 61699 voxels turned off.
propagating editing to output volume from wm.seg.mgz
writing edited volume to wm.asegedit.mgz....

 mri_pretess wm.asegedit.mgz wm norm.mgz wm.mgz 


Iteration Number : 1
pass   1 (xy+):  24 found -  24 modified     |    TOTAL:  24
pass   2 (xy+):   0 found -  24 modified     |    TOTAL:  24
pass   1 (xy-):  10 found -  10 modified     |    TOTAL:  34
pass   2 (xy-):   0 found -  10 modified     |    TOTAL:  34
pass   1 (yz+):  17 found -  17 modified     |    TOTAL:  51
pass   2 (yz+):   0 found -  17 modified     |    TOTAL:  51
pass   1 (yz-):  21 found -  21 modified     |    TOTAL:  72
pass   2 (yz-):   0 found -  21 modified     |    TOTAL:  72
pass   1 (xz+):  19 found -  19 modified     |    TOTAL:  91
pass   2 (xz+):   0 found -  19 modified     |    TOTAL:  91
pass   1 (xz-):  28 found -  28 modified     |    TOTAL: 119
pass   2 (xz-):   0 found -  28 modified     |    TOTAL: 119
Iteration Number : 1
pass   1 (+++):  16 found -  16 modified     |    TOTAL:  16
pass   2 (+++):   0 found -  16 modified     |    TOTAL:  16
pass   1 (+++):  24 found -  24 modified     |    TOTAL:  40
pass   2 (+++):   0 found -  24 modified     |    TOTAL:  40
pass   1 (+++):  22 found -  22 modified     |    TOTAL:  62
pass   2 (+++):   0 found -  22 modified     |    TOTAL:  62
pass   1 (+++):  20 found -  20 modified     |    TOTAL:  82
pass   2 (+++):   0 found -  20 modified     |    TOTAL:  82
Iteration Number : 1
pass   1 (++):  67 found -  67 modified     |    TOTAL:  67
pass   2 (++):   0 found -  67 modified     |    TOTAL:  67
pass   1 (+-):  38 found -  38 modified     |    TOTAL: 105
pass   2 (+-):   0 found -  38 modified     |    TOTAL: 105
pass   1 (--):  45 found -  45 modified     |    TOTAL: 150
pass   2 (--):   0 found -  45 modified     |    TOTAL: 150
pass   1 (-+):  40 found -  40 modified     |    TOTAL: 190
pass   2 (-+):   0 found -  40 modified     |    TOTAL: 190
Iteration Number : 2
pass   1 (xy+):   2 found -   2 modified     |    TOTAL:   2
pass   2 (xy+):   0 found -   2 modified     |    TOTAL:   2
pass   1 (xy-):   1 found -   1 modified     |    TOTAL:   3
pass   2 (xy-):   0 found -   1 modified     |    TOTAL:   3
pass   1 (yz+):   2 found -   2 modified     |    TOTAL:   5
pass   2 (yz+):   0 found -   2 modified     |    TOTAL:   5
pass   1 (yz-):   7 found -   7 modified     |    TOTAL:  12
pass   2 (yz-):   0 found -   7 modified     |    TOTAL:  12
pass   1 (xz+):   4 found -   4 modified     |    TOTAL:  16
pass   2 (xz+):   0 found -   4 modified     |    TOTAL:  16
pass   1 (xz-):   3 found -   3 modified     |    TOTAL:  19
pass   2 (xz-):   0 found -   3 modified     |    TOTAL:  19
Iteration Number : 2
pass   1 (+++):   4 found -   4 modified     |    TOTAL:   4
pass   2 (+++):   0 found -   4 modified     |    TOTAL:   4
pass   1 (+++):   0 found -   0 modified     |    TOTAL:   4
pass   1 (+++):   2 found -   2 modified     |    TOTAL:   6
pass   2 (+++):   0 found -   2 modified     |    TOTAL:   6
pass   1 (+++):   4 found -   4 modified     |    TOTAL:  10
pass   2 (+++):   0 found -   4 modified     |    TOTAL:  10
Iteration Number : 2
pass   1 (++):   4 found -   4 modified     |    TOTAL:   4
pass   2 (++):   0 found -   4 modified     |    TOTAL:   4
pass   1 (+-):   0 found -   0 modified     |    TOTAL:   4
pass   1 (--):   1 found -   1 modified     |    TOTAL:   5
pass   2 (--):   0 found -   1 modified     |    TOTAL:   5
pass   1 (-+):   0 found -   0 modified     |    TOTAL:   5
Iteration Number : 3
pass   1 (xy+):   1 found -   1 modified     |    TOTAL:   1
pass   2 (xy+):   0 found -   1 modified     |    TOTAL:   1
pass   1 (xy-):   1 found -   1 modified     |    TOTAL:   2
pass   2 (xy-):   0 found -   1 modified     |    TOTAL:   2
pass   1 (yz+):   1 found -   1 modified     |    TOTAL:   3
pass   2 (yz+):   0 found -   1 modified     |    TOTAL:   3
pass   1 (yz-):   0 found -   0 modified     |    TOTAL:   3
pass   1 (xz+):   0 found -   0 modified     |    TOTAL:   3
pass   1 (xz-):   0 found -   0 modified     |    TOTAL:   3
Iteration Number : 3
pass   1 (+++):   0 found -   0 modified     |    TOTAL:   0
pass   1 (+++):   0 found -   0 modified     |    TOTAL:   0
pass   1 (+++):   0 found -   0 modified     |    TOTAL:   0
pass   1 (+++):   0 found -   0 modified     |    TOTAL:   0
Iteration Number : 3
pass   1 (++):   0 found -   0 modified     |    TOTAL:   0
pass   1 (+-):   0 found -   0 modified     |    TOTAL:   0
pass   1 (--):   0 found -   0 modified     |    TOTAL:   0
pass   1 (-+):   0 found -   0 modified     |    TOTAL:   0
Iteration Number : 4
pass   1 (xy+):   0 found -   0 modified     |    TOTAL:   0
pass   1 (xy-):   0 found -   0 modified     |    TOTAL:   0
pass   1 (yz+):   0 found -   0 modified     |    TOTAL:   0
pass   1 (yz-):   0 found -   0 modified     |    TOTAL:   0
pass   1 (xz+):   0 found -   0 modified     |    TOTAL:   0
pass   1 (xz-):   0 found -   0 modified     |    TOTAL:   0
Iteration Number : 4
pass   1 (+++):   0 found -   0 modified     |    TOTAL:   0
pass   1 (+++):   0 found -   0 modified     |    TOTAL:   0
pass   1 (+++):   0 found -   0 modified     |    TOTAL:   0
pass   1 (+++):   0 found -   0 modified     |    TOTAL:   0
Iteration Number : 4
pass   1 (++):   0 found -   0 modified     |    TOTAL:   0
pass   1 (+-):   0 found -   0 modified     |    TOTAL:   0
pass   1 (--):   0 found -   0 modified     |    TOTAL:   0
pass   1 (-+):   0 found -   0 modified     |    TOTAL:   0

Total Number of Modified Voxels = 428 (out of 717203: 0.059676)
binarizing input wm segmentation...
Ambiguous edge configurations... 

mri_pretess done

#--------------------------------------------
#@# Fill Sun Mar  8 19:07:45 CET 2026
/out/sourcedata/freesurfer/sub-v1s14x0051561_ses-1/mri

 mri_fill -a ../scripts/ponscc.cut.log -xform transforms/talairach.lta -segmentation aseg.presurf.mgz -ctab /opt/freesurfer/SubCorticalMassLUT.txt wm.mgz filled.mgz 

logging cutting plane coordinates to ../scripts/ponscc.cut.log...
INFO: Using transforms/talairach.lta and its offset for Talairach volume ...
using segmentation aseg.presurf.mgz...
reading input volume...done.
searching for cutting planes...voxel to talairach voxel transform
 1.03766   0.00314  -0.06375  -1.50301;
 0.00893   1.05779   0.22799  -50.35896;
 0.06781  -0.18561   0.94003   18.53610;
 0.00000   0.00000   0.00000   1.00000;
voxel to talairach voxel transform
 1.03766   0.00314  -0.06375  -1.50301;
 0.00893   1.05779   0.22799  -50.35896;
 0.06781  -0.18561   0.94003   18.53610;
 0.00000   0.00000   0.00000   1.00000;
reading segmented volume aseg.presurf.mgz
removing CC from segmentation
Looking for area (min, max) = (350, 1400)
area[0] = 1491 (min = 350, max = 1400), aspect = 0.50 (min = 0.10, max = 0.75)
need search nearby
using seed (125, 117, 154), TAL = (3.0, 26.0, 11.0)
talairach voxel to voxel transform
 0.95951   0.00822   0.06307   0.68674;
 0.00654   0.90684  -0.21949   49.74575;
-0.06793   0.17846   1.01590  -9.94568;
 0.00000   0.00000   0.00000   1.00000;
segmentation indicates cc at (125,  117,  154) --> (3.0, 26.0, 11.0)
done.
filling took 1.0 minutes
talairach cc position changed to (3.00, 26.00, 11.00)
Erasing brainstem...done.
seed_search_size = 9, min_neighbors = 5
search rh wm seed point around talairach space:(21.00, 26.00, 11.00) SRC: (114.03, 122.74, 160.12)
search lh wm seed point around talairach space (-15.00, 26.00, 11.00), SRC: (148.57, 122.98, 157.67)
compute mri_fill using aseg
Erasing Brain Stem and Cerebellum ...
Define left and right masks using aseg:
Building Voronoi diagram ...
Using the Voronoi diagram for separating WM into two hemispheres ...
Find the largest connected component for each hemisphere ...
Embedding colortable
mri_fill done, writing output to filled.mgz...
 cp filled.mgz filled.auto.mgz

Started at Sun Mar 8 17:38:31 CET 2026 
Ended   at Sun Mar 8 19:08:48 CET 2026
#@#%# recon-all-run-time-hours 1.505
recon-all -s sub-v1s14x0051561_ses-1 finished without error at Sun Mar  8 19:08:48 CET 2026



#New# invocation of recon-all 




Sun Mar  8 20:11:40 CET 2026
cd /out/sourcedata/freesurfer/sub-v1s14x0051561_ses-1
setenv SUBJECTS_DIR /out/sourcedata/freesurfer
/opt/freesurfer/bin/recon-all -parallel -subjid sub-v1s14x0051561_ses-1 -sd /out/sourcedata/freesurfer -cortribbon

subjid sub-v1s14x0051561_ses-1
setenv SUBJECTS_DIR /out/sourcedata/freesurfer
FREESURFER_HOME /opt/freesurfer
Actual FREESURFER_HOME /opt/freesurfer
build-stamp.txt: freesurfer-linux-ubuntu22_x86_64-7.3.2-20220804-6354275
Linux dna013 5.14.0-427.37.1.el9_4.x86_64 #1 SMP PREEMPT_DYNAMIC Fri Sep 13 12:41:50 EDT 2024 x86_64 x86_64 x86_64 GNU/Linux
cputime      unlimited
filesize     unlimited
datasize     unlimited
stacksize    8192 kbytes
coredumpsize 0 kbytes
memoryuse    67108864 kbytes
vmemoryuse   unlimited
descriptors  1024 
memorylocked unlimited
maxproc      2061970 
maxlocks     unlimited
maxsignal    2061970 
maxmessage   819200 
maxnice      0 
maxrtprio    0 
maxrttime    unlimited

               total        used        free      shared  buff/cache   available
Mem:           503Gi        47Gi       429Gi       7.6Gi        25Gi       444Gi
Swap:             0B          0B          0B

########################################
program versions used
7.3.2 (freesurfer-linux-ubuntu22_x86_64-7.3.2-20220804-6354275)
7.3.2

ProgramName: lta_convert  ProgramArguments: lta_convert -all-info  ProgramVersion: 7.3.2  TimeStamp: 2026/03/08-19:11:40-GMT  BuildTime: Aug  4 2022 06:17:15  BuildStamp: freesurfer-linux-ubuntu22_x86_64-7.3.2-20220804-6354275  User: oesteban  Machine: dna013  Platform: Linux  PlatformVersion: 5.14.0-427.37.1.el9_4.x86_64  CompilerName: GCC  CompilerVersion: 8.4.0
ProgramName: mri_and  ProgramArguments: mri_and -all-info  ProgramVersion: 7.3.2  TimeStamp: 2026/03/08-19:11:40-GMT  BuildTime: Aug  4 2022 06:17:15  BuildStamp: freesurfer-linux-ubuntu22_x86_64-7.3.2-20220804-6354275  User: oesteban  Machine: dna013  Platform: Linux  PlatformVersion: 5.14.0-427.37.1.el9_4.x86_64  CompilerName: GCC  CompilerVersion: 8.4.0
ProgramName: mri_annotation2label  ProgramArguments: mri_annotation2label -all-info  ProgramVersion: 7.3.2  TimeStamp: 2026/03/08-19:11:40-GMT  BuildTime: Aug  4 2022 06:17:15  BuildStamp: freesurfer-linux-ubuntu22_x86_64-7.3.2-20220804-6354275  User: oesteban  Machine: dna013  Platform: Linux  PlatformVersion: 5.14.0-427.37.1.el9_4.x86_64  CompilerName: GCC  CompilerVersion: 8.4.0
ProgramName: mri_aparc2aseg  ProgramArguments: mri_aparc2aseg -all-info  ProgramVersion: 7.3.2  TimeStamp: 2026/03/08-19:11:40-GMT  BuildTime: Aug  4 2022 06:17:15  BuildStamp: freesurfer-linux-ubuntu22_x86_64-7.3.2-20220804-6354275  User: oesteban  Machine: dna013  Platform: Linux  PlatformVersion: 5.14.0-427.37.1.el9_4.x86_64  CompilerName: GCC  CompilerVersion: 8.4.0
ProgramName: mri_surf2volseg  ProgramArguments: mri_surf2volseg -all-info  ProgramVersion: 7.3.2  TimeStamp: 2026/03/08-19:11:40-GMT  BuildTime: Aug  4 2022 06:17:15  BuildStamp: freesurfer-linux-ubuntu22_x86_64-7.3.2-20220804-6354275  User: oesteban  Machine: dna013  Platform: Linux  PlatformVersion: 5.14.0-427.37.1.el9_4.x86_64  CompilerName: GCC  CompilerVersion: 8.4.0
ProgramName: mri_binarize  ProgramArguments: mri_binarize -all-info  ProgramVersion: 7.3.2  TimeStamp: 2026/03/08-19:11:40-GMT  BuildTime: Aug  4 2022 06:17:15  BuildStamp: freesurfer-linux-ubuntu22_x86_64-7.3.2-20220804-6354275  User: oesteban  Machine: dna013  Platform: Linux  PlatformVersion: 5.14.0-427.37.1.el9_4.x86_64  CompilerName: GCC  CompilerVersion: 8.4.0
ProgramName: mri_ca_label  ProgramArguments: mri_ca_label -all-info  ProgramVersion: 7.3.2  TimeStamp: 2026/03/08-19:11:40-GMT  BuildTime: Aug  4 2022 06:17:15  BuildStamp: freesurfer-linux-ubuntu22_x86_64-7.3.2-20220804-6354275  User: oesteban  Machine: dna013  Platform: Linux  PlatformVersion: 5.14.0-427.37.1.el9_4.x86_64  CompilerName: GCC  CompilerVersion: 8.4.0
ProgramName: mri_ca_normalize  ProgramArguments: mri_ca_normalize -all-info  ProgramVersion: 7.3.2  TimeStamp: 2026/03/08-19:11:40-GMT  BuildTime: Aug  4 2022 06:17:15  BuildStamp: freesurfer-linux-ubuntu22_x86_64-7.3.2-20220804-6354275  User: oesteban  Machine: dna013  Platform: Linux  PlatformVersion: 5.14.0-427.37.1.el9_4.x86_64  CompilerName: GCC  CompilerVersion: 8.4.0
ProgramName: mri_ca_register  ProgramArguments: mri_ca_register -all-info  ProgramVersion: 7.3.2  TimeStamp: 2026/03/08-19:11:40-GMT  BuildTime: Aug  4 2022 06:17:15  BuildStamp: freesurfer-linux-ubuntu22_x86_64-7.3.2-20220804-6354275  User: oesteban  Machine: dna013  Platform: Linux  PlatformVersion: 5.14.0-427.37.1.el9_4.x86_64  CompilerName: GCC  CompilerVersion: 8.4.0
ProgramName: mri_cc  ProgramArguments: mri_cc -all-info  ProgramVersion: 7.3.2  TimeStamp: 2026/03/08-19:11:40-GMT  BuildTime: Aug  4 2022 06:17:15  BuildStamp: freesurfer-linux-ubuntu22_x86_64-7.3.2-20220804-6354275  User: oesteban  Machine: dna013  Platform: Linux  PlatformVersion: 5.14.0-427.37.1.el9_4.x86_64  CompilerName: GCC  CompilerVersion: 8.4.0
ProgramName: mri_compute_overlap  ProgramArguments: mri_compute_overlap -all-info  ProgramVersion: 7.3.2  TimeStamp: 2026/03/08-19:11:40-GMT  BuildTime: Aug  4 2022 06:17:15  BuildStamp: freesurfer-linux-ubuntu22_x86_64-7.3.2-20220804-6354275  User: oesteban  Machine: dna013  Platform: Linux  PlatformVersion: 5.14.0-427.37.1.el9_4.x86_64  CompilerName: GCC  CompilerVersion: 8.4.0
ProgramName: mri_compute_seg_overlap  ProgramArguments: mri_compute_seg_overlap -all-info  ProgramVersion: 7.3.2  TimeStamp: 2026/03/08-19:11:40-GMT  BuildTime: Aug  4 2022 06:17:15  BuildStamp: freesurfer-linux-ubuntu22_x86_64-7.3.2-20220804-6354275  User: oesteban  Machine: dna013  Platform: Linux  PlatformVersion: 5.14.0-427.37.1.el9_4.x86_64  CompilerName: GCC  CompilerVersion: 8.4.0
ProgramName: mri_concat  ProgramArguments: mri_concat -all-info  ProgramVersion: 7.3.2  TimeStamp: 2026/03/08-19:11:40-GMT  BuildTime: Aug  4 2022 06:17:15  BuildStamp: freesurfer-linux-ubuntu22_x86_64-7.3.2-20220804-6354275  User: oesteban  Machine: dna013  Platform: Linux  PlatformVersion: 5.14.0-427.37.1.el9_4.x86_64  CompilerName: GCC  CompilerVersion: 8.4.0
ProgramName: mri_concatenate_lta  ProgramArguments: mri_concatenate_lta -all-info  ProgramVersion: 7.3.2  TimeStamp: 2026/03/08-19:11:40-GMT  BuildTime: Aug  4 2022 06:17:15  BuildStamp: freesurfer-linux-ubuntu22_x86_64-7.3.2-20220804-6354275  User: oesteban  Machine: dna013  Platform: Linux  PlatformVersion: 5.14.0-427.37.1.el9_4.x86_64  CompilerName: GCC  CompilerVersion: 8.4.0
mri_convert -all-info 
ProgramName: mri_convert  ProgramArguments: mri_convert -all-info  ProgramVersion: 7.3.2  TimeStamp: 2026/03/08-19:11:40-GMT  BuildTime: Aug  4 2022 06:17:15  BuildStamp: freesurfer-linux-ubuntu22_x86_64-7.3.2-20220804-6354275  User: oesteban  Machine: dna013  Platform: Linux  PlatformVersion: 5.14.0-427.37.1.el9_4.x86_64  CompilerName: GCC  CompilerVersion: 8.4.0
ProgramName: mri_diff  ProgramArguments: mri_diff -all-info  ProgramVersion: 7.3.2  TimeStamp: 2026/03/08-19:11:40-GMT  BuildTime: Aug  4 2022 06:17:15  BuildStamp: freesurfer-linux-ubuntu22_x86_64-7.3.2-20220804-6354275  User: oesteban  Machine: dna013  Platform: Linux  PlatformVersion: 5.14.0-427.37.1.el9_4.x86_64  CompilerName: GCC  CompilerVersion: 8.4.0
ProgramName: mri_edit_wm_with_aseg  ProgramArguments: mri_edit_wm_with_aseg -all-info  ProgramVersion: 7.3.2  TimeStamp: 2026/03/08-19:11:40-GMT  BuildTime: Aug  4 2022 06:17:15  BuildStamp: freesurfer-linux-ubuntu22_x86_64-7.3.2-20220804-6354275  User: oesteban  Machine: dna013  Platform: Linux  PlatformVersion: 5.14.0-427.37.1.el9_4.x86_64  CompilerName: GCC  CompilerVersion: 8.4.0
ProgramName: mri_em_register  ProgramArguments: mri_em_register -all-info  ProgramVersion: 7.3.2  TimeStamp: 2026/03/08-19:11:40-GMT  BuildTime: Aug  4 2022 06:17:15  BuildStamp: freesurfer-linux-ubuntu22_x86_64-7.3.2-20220804-6354275  User: oesteban  Machine: dna013  Platform: Linux  PlatformVersion: 5.14.0-427.37.1.el9_4.x86_64  CompilerName: GCC  CompilerVersion: 8.4.0
ProgramName: mri_fill  ProgramArguments: mri_fill -all-info  ProgramVersion: 7.3.2  TimeStamp: 2026/03/08-19:11:40-GMT  BuildTime: Aug  4 2022 06:17:15  BuildStamp: freesurfer-linux-ubuntu22_x86_64-7.3.2-20220804-6354275  User: oesteban  Machine: dna013  Platform: Linux  PlatformVersion: 5.14.0-427.37.1.el9_4.x86_64  CompilerName: GCC  CompilerVersion: 8.4.0
ProgramName: mri_fuse_segmentations  ProgramArguments: mri_fuse_segmentations -all-info  ProgramVersion: 7.3.2  TimeStamp: 2026/03/08-19:11:40-GMT  BuildTime: Aug  4 2022 06:17:15  BuildStamp: freesurfer-linux-ubuntu22_x86_64-7.3.2-20220804-6354275  User: oesteban  Machine: dna013  Platform: Linux  PlatformVersion: 5.14.0-427.37.1.el9_4.x86_64  CompilerName: GCC  CompilerVersion: 8.4.0
ProgramName: mri_fwhm  ProgramArguments: mri_fwhm -all-info  ProgramVersion: 7.3.2  TimeStamp: 2026/03/08-19:11:40-GMT  BuildTime: Aug  4 2022 06:17:15  BuildStamp: freesurfer-linux-ubuntu22_x86_64-7.3.2-20220804-6354275  User: oesteban  Machine: dna013  Platform: Linux  PlatformVersion: 5.14.0-427.37.1.el9_4.x86_64  CompilerName: GCC  CompilerVersion: 8.4.0
ProgramName: mri_gcut  ProgramArguments: mri_gcut -all-info  ProgramVersion: 7.3.2  TimeStamp: 2026/03/08-19:11:40-GMT  BuildTime: Aug  4 2022 06:17:15  BuildStamp: freesurfer-linux-ubuntu22_x86_64-7.3.2-20220804-6354275  User: oesteban  Machine: dna013  Platform: Linux  PlatformVersion: 5.14.0-427.37.1.el9_4.x86_64  CompilerName: GCC  CompilerVersion: 8.4.0
ProgramName: mri_info  ProgramArguments: mri_info -all-info  ProgramVersion: 7.3.2  TimeStamp: 2026/03/08-19:11:40-GMT  BuildTime: Aug  4 2022 06:17:15  BuildStamp: freesurfer-linux-ubuntu22_x86_64-7.3.2-20220804-6354275  User: oesteban  Machine: dna013  Platform: Linux  PlatformVersion: 5.14.0-427.37.1.el9_4.x86_64  CompilerName: GCC  CompilerVersion: 8.4.0
ProgramName: mri_label2label  ProgramArguments: mri_label2label -all-info  ProgramVersion: 7.3.2  TimeStamp: 2026/03/08-19:11:40-GMT  BuildTime: Aug  4 2022 06:17:15  BuildStamp: freesurfer-linux-ubuntu22_x86_64-7.3.2-20220804-6354275  User: oesteban  Machine: dna013  Platform: Linux  PlatformVersion: 5.14.0-427.37.1.el9_4.x86_64  CompilerName: GCC  CompilerVersion: 8.4.0
ProgramName: mri_label2vol  ProgramArguments: mri_label2vol -all-info  ProgramVersion: 7.3.2  TimeStamp: 2026/03/08-19:11:40-GMT  BuildTime: Aug  4 2022 06:17:15  BuildStamp: freesurfer-linux-ubuntu22_x86_64-7.3.2-20220804-6354275  User: oesteban  Machine: dna013  Platform: Linux  PlatformVersion: 5.14.0-427.37.1.el9_4.x86_64  CompilerName: GCC  CompilerVersion: 8.4.0
ProgramName: mri_log_likelihood  ProgramArguments: mri_log_likelihood -all-info  ProgramVersion: 7.3.2  TimeStamp: 2026/03/08-19:11:40-GMT  BuildTime: Aug  4 2022 06:17:15  BuildStamp: freesurfer-linux-ubuntu22_x86_64-7.3.2-20220804-6354275  User: oesteban  Machine: dna013  Platform: Linux  PlatformVersion: 5.14.0-427.37.1.el9_4.x86_64  CompilerName: GCC  CompilerVersion: 8.4.0
ProgramName: mri_mask  ProgramArguments: mri_mask -all-info  ProgramVersion: 7.3.2  TimeStamp: 2026/03/08-19:11:40-GMT  BuildTime: Aug  4 2022 06:17:15  BuildStamp: freesurfer-linux-ubuntu22_x86_64-7.3.2-20220804-6354275  User: oesteban  Machine: dna013  Platform: Linux  PlatformVersion: 5.14.0-427.37.1.el9_4.x86_64  CompilerName: GCC  CompilerVersion: 8.4.0
ProgramName: mri_matrix_multiply  ProgramArguments: mri_matrix_multiply -all-info  ProgramVersion: 7.3.2  TimeStamp: 2026/03/08-19:11:40-GMT  BuildTime: Aug  4 2022 06:17:15  BuildStamp: freesurfer-linux-ubuntu22_x86_64-7.3.2-20220804-6354275  User: oesteban  Machine: dna013  Platform: Linux  PlatformVersion: 5.14.0-427.37.1.el9_4.x86_64  CompilerName: GCC  CompilerVersion: 8.4.0
ProgramName: mri_normalize  ProgramArguments: mri_normalize -all-info  ProgramVersion: 7.3.2  TimeStamp: 2026/03/08-19:11:40-GMT  BuildTime: Aug  4 2022 06:17:15  BuildStamp: freesurfer-linux-ubuntu22_x86_64-7.3.2-20220804-6354275  User: oesteban  Machine: dna013  Platform: Linux  PlatformVersion: 5.14.0-427.37.1.el9_4.x86_64  CompilerName: GCC  CompilerVersion: 8.4.0
ProgramName: mri_normalize_tp2  ProgramArguments: mri_normalize_tp2 -all-info  ProgramVersion: 7.3.2  TimeStamp: 2026/03/08-19:11:40-GMT  BuildTime: Aug  4 2022 06:17:15  BuildStamp: freesurfer-linux-ubuntu22_x86_64-7.3.2-20220804-6354275  User: oesteban  Machine: dna013  Platform: Linux  PlatformVersion: 5.14.0-427.37.1.el9_4.x86_64  CompilerName: GCC  CompilerVersion: 8.4.0
ProgramName: mri_or  ProgramArguments: mri_or -all-info  ProgramVersion: 7.3.2  TimeStamp: 2026/03/08-19:11:40-GMT  BuildTime: Aug  4 2022 06:17:15  BuildStamp: freesurfer-linux-ubuntu22_x86_64-7.3.2-20220804-6354275  User: oesteban  Machine: dna013  Platform: Linux  PlatformVersion: 5.14.0-427.37.1.el9_4.x86_64  CompilerName: GCC  CompilerVersion: 8.4.0
ProgramName: mri_relabel_hypointensities  ProgramArguments: mri_relabel_hypointensities -all-info  ProgramVersion: 7.3.2  TimeStamp: 2026/03/08-19:11:40-GMT  BuildTime: Aug  4 2022 06:17:15  BuildStamp: freesurfer-linux-ubuntu22_x86_64-7.3.2-20220804-6354275  User: oesteban  Machine: dna013  Platform: Linux  PlatformVersion: 5.14.0-427.37.1.el9_4.x86_64  CompilerName: GCC  CompilerVersion: 8.4.0
ProgramName: mri_relabel_nonwm_hypos  ProgramArguments: mri_relabel_nonwm_hypos -all-info  ProgramVersion: 7.3.2  TimeStamp: 2026/03/08-19:11:40-GMT  BuildTime: Aug  4 2022 06:17:15  BuildStamp: freesurfer-linux-ubuntu22_x86_64-7.3.2-20220804-6354275  User: oesteban  Machine: dna013  Platform: Linux  PlatformVersion: 5.14.0-427.37.1.el9_4.x86_64  CompilerName: GCC  CompilerVersion: 8.4.0
ProgramName: mri_remove_neck  ProgramArguments: mri_remove_neck -all-info  ProgramVersion: 7.3.2  TimeStamp: 2026/03/08-19:11:40-GMT  BuildTime: Aug  4 2022 06:17:15  BuildStamp: freesurfer-linux-ubuntu22_x86_64-7.3.2-20220804-6354275  User: oesteban  Machine: dna013  Platform: Linux  PlatformVersion: 5.14.0-427.37.1.el9_4.x86_64  CompilerName: GCC  CompilerVersion: 8.4.0
7.3.2

ProgramName: mri_robust_register  ProgramArguments: mri_robust_register -all-info  ProgramVersion: 7.3.2  TimeStamp: 2026/03/08-19:11:40-GMT  BuildTime: Aug  4 2022 06:17:15  BuildStamp: freesurfer-linux-ubuntu22_x86_64-7.3.2-20220804-6354275  User: oesteban  Machine: dna013  Platform: Linux  PlatformVersion: 5.14.0-427.37.1.el9_4.x86_64  CompilerName: GCC  CompilerVersion: 8.4.0
7.3.2

ProgramName: mri_robust_template  ProgramArguments: mri_robust_template -all-info  ProgramVersion: 7.3.2  TimeStamp: 2026/03/08-19:11:40-GMT  BuildTime: Aug  4 2022 06:17:15  BuildStamp: freesurfer-linux-ubuntu22_x86_64-7.3.2-20220804-6354275  User: oesteban  Machine: dna013  Platform: Linux  PlatformVersion: 5.14.0-427.37.1.el9_4.x86_64  CompilerName: GCC  CompilerVersion: 8.4.0
ProgramName: mris_anatomical_stats  ProgramArguments: mris_anatomical_stats -all-info  ProgramVersion: 7.3.2  TimeStamp: 2026/03/08-19:11:40-GMT  BuildTime: Aug  4 2022 06:17:15  BuildStamp: freesurfer-linux-ubuntu22_x86_64-7.3.2-20220804-6354275  User: oesteban  Machine: dna013  Platform: Linux  PlatformVersion: 5.14.0-427.37.1.el9_4.x86_64  CompilerName: GCC  CompilerVersion: 8.4.0
ProgramName: mris_ca_label  ProgramArguments: mris_ca_label -all-info  ProgramVersion: 7.3.2  TimeStamp: 2026/03/08-19:11:40-GMT  BuildTime: Aug  4 2022 06:17:15  BuildStamp: freesurfer-linux-ubuntu22_x86_64-7.3.2-20220804-6354275  User: oesteban  Machine: dna013  Platform: Linux  PlatformVersion: 5.14.0-427.37.1.el9_4.x86_64  CompilerName: GCC  CompilerVersion: 8.4.0
ProgramName: mris_calc  ProgramArguments: mris_calc -all-info  ProgramVersion: 7.3.2  TimeStamp: 2026/03/08-19:11:40-GMT  BuildTime: Aug  4 2022 06:17:15  BuildStamp: freesurfer-linux-ubuntu22_x86_64-7.3.2-20220804-6354275  User: oesteban  Machine: dna013  Platform: Linux  PlatformVersion: 5.14.0-427.37.1.el9_4.x86_64  CompilerName: GCC  CompilerVersion: 8.4.0
ProgramName: mris_convert  ProgramArguments: mris_convert -all-info  ProgramVersion: 7.3.2  TimeStamp: 2026/03/08-19:11:40-GMT  BuildTime: Aug  4 2022 06:17:15  BuildStamp: freesurfer-linux-ubuntu22_x86_64-7.3.2-20220804-6354275  User: oesteban  Machine: dna013  Platform: Linux  PlatformVersion: 5.14.0-427.37.1.el9_4.x86_64  CompilerName: GCC  CompilerVersion: 8.4.0
ProgramName: mris_curvature  ProgramArguments: mris_curvature -all-info  ProgramVersion: 7.3.2  TimeStamp: 2026/03/08-19:11:40-GMT  BuildTime: Aug  4 2022 06:17:15  BuildStamp: freesurfer-linux-ubuntu22_x86_64-7.3.2-20220804-6354275  User: oesteban  Machine: dna013  Platform: Linux  PlatformVersion: 5.14.0-427.37.1.el9_4.x86_64  CompilerName: GCC  CompilerVersion: 8.4.0
ProgramName: mris_curvature_stats  ProgramArguments: mris_curvature_stats -all-info  ProgramVersion: 7.3.2  TimeStamp: 2026/03/08-19:11:40-GMT  BuildTime: Aug  4 2022 06:17:15  BuildStamp: freesurfer-linux-ubuntu22_x86_64-7.3.2-20220804-6354275  User: oesteban  Machine: dna013  Platform: Linux  PlatformVersion: 5.14.0-427.37.1.el9_4.x86_64  CompilerName: GCC  CompilerVersion: 8.4.0
ProgramName: mris_diff  ProgramArguments: mris_diff -all-info  ProgramVersion: 7.3.2  TimeStamp: 2026/03/08-19:11:40-GMT  BuildTime: Aug  4 2022 06:17:15  BuildStamp: freesurfer-linux-ubuntu22_x86_64-7.3.2-20220804-6354275  User: oesteban  Machine: dna013  Platform: Linux  PlatformVersion: 5.14.0-427.37.1.el9_4.x86_64  CompilerName: GCC  CompilerVersion: 8.4.0
ProgramName: mris_divide_parcellation  ProgramArguments: mris_divide_parcellation -all-info  ProgramVersion: 7.3.2  TimeStamp: 2026/03/08-19:11:40-GMT  BuildTime: Aug  4 2022 06:17:15  BuildStamp: freesurfer-linux-ubuntu22_x86_64-7.3.2-20220804-6354275  User: oesteban  Machine: dna013  Platform: Linux  PlatformVersion: 5.14.0-427.37.1.el9_4.x86_64  CompilerName: GCC  CompilerVersion: 8.4.0
ProgramName: mri_segment  ProgramArguments: mri_segment -all-info  ProgramVersion: 7.3.2  TimeStamp: 2026/03/08-19:11:40-GMT  BuildTime: Aug  4 2022 06:17:15  BuildStamp: freesurfer-linux-ubuntu22_x86_64-7.3.2-20220804-6354275  User: oesteban  Machine: dna013  Platform: Linux  PlatformVersion: 5.14.0-427.37.1.el9_4.x86_64  CompilerName: GCC  CompilerVersion: 8.4.0
ProgramName: mri_segstats  ProgramArguments: mri_segstats -all-info  ProgramVersion: 7.3.2  TimeStamp: 2026/03/08-19:11:40-GMT  BuildTime: Aug  4 2022 06:17:15  BuildStamp: freesurfer-linux-ubuntu22_x86_64-7.3.2-20220804-6354275  User: oesteban  Machine: dna013  Platform: Linux  PlatformVersion: 5.14.0-427.37.1.el9_4.x86_64  CompilerName: GCC  CompilerVersion: 8.4.0
ProgramName: mris_euler_number  ProgramArguments: mris_euler_number -all-info  ProgramVersion: 7.3.2  TimeStamp: 2026/03/08-19:11:40-GMT  BuildTime: Aug  4 2022 06:17:15  BuildStamp: freesurfer-linux-ubuntu22_x86_64-7.3.2-20220804-6354275  User: oesteban  Machine: dna013  Platform: Linux  PlatformVersion: 5.14.0-427.37.1.el9_4.x86_64  CompilerName: GCC  CompilerVersion: 8.4.0
ProgramName: mris_fix_topology  ProgramArguments: mris_fix_topology -all-info  ProgramVersion: 7.3.2  TimeStamp: 2026/03/08-19:11:40-GMT  BuildTime: Aug  4 2022 06:17:15  BuildStamp: freesurfer-linux-ubuntu22_x86_64-7.3.2-20220804-6354275  User: oesteban  Machine: dna013  Platform: Linux  PlatformVersion: 5.14.0-427.37.1.el9_4.x86_64  CompilerName: GCC  CompilerVersion: 8.4.0
ProgramName: mris_topo_fixer  ProgramArguments: mris_topo_fixer -all-info  ProgramVersion: 7.3.2  TimeStamp: 2026/03/08-19:11:40-GMT  BuildTime: Aug  4 2022 06:17:15  BuildStamp: freesurfer-linux-ubuntu22_x86_64-7.3.2-20220804-6354275  User: oesteban  Machine: dna013  Platform: Linux  PlatformVersion: 5.14.0-427.37.1.el9_4.x86_64  CompilerName: GCC  CompilerVersion: 8.4.0
ProgramName: mris_jacobian  ProgramArguments: mris_jacobian -all-info  ProgramVersion: 7.3.2  TimeStamp: 2026/03/08-19:11:40-GMT  BuildTime: Aug  4 2022 06:17:15  BuildStamp: freesurfer-linux-ubuntu22_x86_64-7.3.2-20220804-6354275  User: oesteban  Machine: dna013  Platform: Linux  PlatformVersion: 5.14.0-427.37.1.el9_4.x86_64  CompilerName: GCC  CompilerVersion: 8.4.0
ProgramName: mris_label2annot  ProgramArguments: mris_label2annot -all-info  ProgramVersion: 7.3.2  TimeStamp: 2026/03/08-19:11:40-GMT  BuildTime: Aug  4 2022 06:17:15  BuildStamp: freesurfer-linux-ubuntu22_x86_64-7.3.2-20220804-6354275  User: oesteban  Machine: dna013  Platform: Linux  PlatformVersion: 5.14.0-427.37.1.el9_4.x86_64  CompilerName: GCC  CompilerVersion: 8.4.0
ProgramName: mris_left_right_register  ProgramArguments: mris_left_right_register -all-info  ProgramVersion: 7.3.2  TimeStamp: 2026/03/08-19:11:40-GMT  BuildTime: Aug  4 2022 06:17:15  BuildStamp: freesurfer-linux-ubuntu22_x86_64-7.3.2-20220804-6354275  User: oesteban  Machine: dna013  Platform: Linux  PlatformVersion: 5.14.0-427.37.1.el9_4.x86_64  CompilerName: GCC  CompilerVersion: 8.4.0
ProgramName: mris_place_surface  ProgramArguments: mris_place_surface -all-info  ProgramVersion: 7.3.2  TimeStamp: 2026/03/08-19:11:40-GMT  BuildTime: Aug  4 2022 06:17:15  BuildStamp: freesurfer-linux-ubuntu22_x86_64-7.3.2-20220804-6354275  User: oesteban  Machine: dna013  Platform: Linux  PlatformVersion: 5.14.0-427.37.1.el9_4.x86_64  CompilerName: GCC  CompilerVersion: 8.4.0
ProgramName: mrisp_paint  ProgramArguments: mrisp_paint -all-info  ProgramVersion: 7.3.2  TimeStamp: 2026/03/08-19:11:40-GMT  BuildTime: Aug  4 2022 06:17:15  BuildStamp: freesurfer-linux-ubuntu22_x86_64-7.3.2-20220804-6354275  User: oesteban  Machine: dna013  Platform: Linux  PlatformVersion: 5.14.0-427.37.1.el9_4.x86_64  CompilerName: GCC  CompilerVersion: 8.4.0
ProgramName: mris_register  ProgramArguments: mris_register -all-info  ProgramVersion: 7.3.2  TimeStamp: 2026/03/08-19:11:40-GMT  BuildTime: Aug  4 2022 06:17:15  BuildStamp: freesurfer-linux-ubuntu22_x86_64-7.3.2-20220804-6354275  User: oesteban  Machine: dna013  Platform: Linux  PlatformVersion: 5.14.0-427.37.1.el9_4.x86_64  CompilerName: GCC  CompilerVersion: 8.4.0
ProgramName: mris_smooth  ProgramArguments: mris_smooth -all-info  ProgramVersion: 7.3.2  TimeStamp: 2026/03/08-19:11:40-GMT  BuildTime: Aug  4 2022 06:17:15  BuildStamp: freesurfer-linux-ubuntu22_x86_64-7.3.2-20220804-6354275  User: oesteban  Machine: dna013  Platform: Linux  PlatformVersion: 5.14.0-427.37.1.el9_4.x86_64  CompilerName: GCC  CompilerVersion: 8.4.0
ProgramName: mris_sphere  ProgramArguments: mris_sphere -all-info  ProgramVersion: 7.3.2  TimeStamp: 2026/03/08-19:11:40-GMT  BuildTime: Aug  4 2022 06:17:15  BuildStamp: freesurfer-linux-ubuntu22_x86_64-7.3.2-20220804-6354275  User: oesteban  Machine: dna013  Platform: Linux  PlatformVersion: 5.14.0-427.37.1.el9_4.x86_64  CompilerName: GCC  CompilerVersion: 8.4.0
ProgramName: mris_surface_stats  ProgramArguments: mris_surface_stats -all-info  ProgramVersion: 7.3.2  TimeStamp: 2026/03/08-19:11:40-GMT  BuildTime: Aug  4 2022 06:17:15  BuildStamp: freesurfer-linux-ubuntu22_x86_64-7.3.2-20220804-6354275  User: oesteban  Machine: dna013  Platform: Linux  PlatformVersion: 5.14.0-427.37.1.el9_4.x86_64  CompilerName: GCC  CompilerVersion: 8.4.0
ProgramName: mri_stats2seg  ProgramArguments: mri_stats2seg -all-info  ProgramVersion: 7.3.2  TimeStamp: 2026/03/08-19:11:40-GMT  BuildTime: Aug  4 2022 06:17:15  BuildStamp: freesurfer-linux-ubuntu22_x86_64-7.3.2-20220804-6354275  User: oesteban  Machine: dna013  Platform: Linux  PlatformVersion: 5.14.0-427.37.1.el9_4.x86_64  CompilerName: GCC  CompilerVersion: 8.4.0
ProgramName: mris_thickness  ProgramArguments: mris_thickness -all-info  ProgramVersion: 7.3.2  TimeStamp: 2026/03/08-19:11:40-GMT  BuildTime: Aug  4 2022 06:17:15  BuildStamp: freesurfer-linux-ubuntu22_x86_64-7.3.2-20220804-6354275  User: oesteban  Machine: dna013  Platform: Linux  PlatformVersion: 5.14.0-427.37.1.el9_4.x86_64  CompilerName: GCC  CompilerVersion: 8.4.0
ProgramName: mris_thickness_diff  ProgramArguments: mris_thickness_diff -all-info  ProgramVersion: 7.3.2  TimeStamp: 2026/03/08-19:11:40-GMT  BuildTime: Aug  4 2022 06:17:15  BuildStamp: freesurfer-linux-ubuntu22_x86_64-7.3.2-20220804-6354275  User: oesteban  Machine: dna013  Platform: Linux  PlatformVersion: 5.14.0-427.37.1.el9_4.x86_64  CompilerName: GCC  CompilerVersion: 8.4.0
ProgramName: mris_topo_fixer  ProgramArguments: mris_topo_fixer -all-info  ProgramVersion: 7.3.2  TimeStamp: 2026/03/08-19:11:40-GMT  BuildTime: Aug  4 2022 06:17:15  BuildStamp: freesurfer-linux-ubuntu22_x86_64-7.3.2-20220804-6354275  User: oesteban  Machine: dna013  Platform: Linux  PlatformVersion: 5.14.0-427.37.1.el9_4.x86_64  CompilerName: GCC  CompilerVersion: 8.4.0
ProgramName: mri_surf2surf  ProgramArguments: mri_surf2surf -all-info  ProgramVersion: 7.3.2  TimeStamp: 2026/03/08-19:11:40-GMT  BuildTime: Aug  4 2022 06:17:15  BuildStamp: freesurfer-linux-ubuntu22_x86_64-7.3.2-20220804-6354275  User: oesteban  Machine: dna013  Platform: Linux  PlatformVersion: 5.14.0-427.37.1.el9_4.x86_64  CompilerName: GCC  CompilerVersion: 8.4.0
ProgramName: mri_surf2vol  ProgramArguments: mri_surf2vol -all-info  ProgramVersion: 7.3.2  TimeStamp: 2026/03/08-19:11:40-GMT  BuildTime: Aug  4 2022 06:17:15  BuildStamp: freesurfer-linux-ubuntu22_x86_64-7.3.2-20220804-6354275  User: oesteban  Machine: dna013  Platform: Linux  PlatformVersion: 5.14.0-427.37.1.el9_4.x86_64  CompilerName: GCC  CompilerVersion: 8.4.0
ProgramName: mri_surfcluster  ProgramArguments: mri_surfcluster -all-info  ProgramVersion: 7.3.2  TimeStamp: 2026/03/08-19:11:40-GMT  BuildTime: Aug  4 2022 06:17:15  BuildStamp: freesurfer-linux-ubuntu22_x86_64-7.3.2-20220804-6354275  User: oesteban  Machine: dna013  Platform: Linux  PlatformVersion: 5.14.0-427.37.1.el9_4.x86_64  CompilerName: GCC  CompilerVersion: 8.4.0
ProgramName: mris_volmask  ProgramArguments: mris_volmask -all-info  ProgramVersion: 7.3.2  TimeStamp: 2026/03/08-19:11:40-GMT  BuildTime: Aug  4 2022 06:17:15  BuildStamp: freesurfer-linux-ubuntu22_x86_64-7.3.2-20220804-6354275  User: oesteban  Machine: dna013  Platform: Linux  PlatformVersion: 5.14.0-427.37.1.el9_4.x86_64  CompilerName: GCC  CompilerVersion: 8.4.0
ProgramName: mri_tessellate  ProgramArguments: mri_tessellate -all-info  ProgramVersion: 7.3.2  TimeStamp: 2026/03/08-19:11:40-GMT  BuildTime: Aug  4 2022 06:17:15  BuildStamp: freesurfer-linux-ubuntu22_x86_64-7.3.2-20220804-6354275  User: oesteban  Machine: dna013  Platform: Linux  PlatformVersion: 5.14.0-427.37.1.el9_4.x86_64  CompilerName: GCC  CompilerVersion: 8.4.0
ProgramName: mri_vol2surf  ProgramArguments: mri_vol2surf -all-info  ProgramVersion: 7.3.2  TimeStamp: 2026/03/08-19:11:40-GMT  BuildTime: Aug  4 2022 06:17:15  BuildStamp: freesurfer-linux-ubuntu22_x86_64-7.3.2-20220804-6354275  User: oesteban  Machine: dna013  Platform: Linux  PlatformVersion: 5.14.0-427.37.1.el9_4.x86_64  CompilerName: GCC  CompilerVersion: 8.4.0
ProgramName: mri_vol2vol  ProgramArguments: mri_vol2vol -all-info  ProgramVersion: 7.3.2  TimeStamp: 2026/03/08-19:11:40-GMT  BuildTime: Aug  4 2022 06:17:15  BuildStamp: freesurfer-linux-ubuntu22_x86_64-7.3.2-20220804-6354275  User: oesteban  Machine: dna013  Platform: Linux  PlatformVersion: 5.14.0-427.37.1.el9_4.x86_64  CompilerName: GCC  CompilerVersion: 8.4.0
ProgramName: mri_voldiff  ProgramArguments: mri_voldiff -all-info  ProgramVersion: 7.3.2  TimeStamp: 2026/03/08-19:11:40-GMT  BuildTime: Aug  4 2022 06:17:15  BuildStamp: freesurfer-linux-ubuntu22_x86_64-7.3.2-20220804-6354275  User: oesteban  Machine: dna013  Platform: Linux  PlatformVersion: 5.14.0-427.37.1.el9_4.x86_64  CompilerName: GCC  CompilerVersion: 8.4.0
ProgramName: mri_watershed  ProgramArguments: mri_watershed -all-info  ProgramVersion: 7.3.2  TimeStamp: 2026/03/08-19:11:40-GMT  BuildTime: Aug  4 2022 06:17:15  BuildStamp: freesurfer-linux-ubuntu22_x86_64-7.3.2-20220804-6354275  User: oesteban  Machine: dna013  Platform: Linux  PlatformVersion: 5.14.0-427.37.1.el9_4.x86_64  CompilerName: GCC  CompilerVersion: 8.4.0
ProgramName: tkregister2  ProgramArguments: tkregister2_cmdl -all-info  ProgramVersion: 7.3.2  TimeStamp: 2026/03/08-19:11:40-GMT  BuildTime: Aug  4 2022 06:17:15  BuildStamp: freesurfer-linux-ubuntu22_x86_64-7.3.2-20220804-6354275  User: oesteban  Machine: dna013  Platform: Linux  PlatformVersion: 5.14.0-427.37.1.el9_4.x86_64  CompilerName: GCC  CompilerVersion: 8.4.0
mri_motion_correct.fsl 7.3.2
mri_convert -all-info 
ProgramName: mri_convert  ProgramArguments: mri_convert -all-info  ProgramVersion: 7.3.2  TimeStamp: 2026/03/08-19:11:40-GMT  BuildTime: Aug  4 2022 06:17:15  BuildStamp: freesurfer-linux-ubuntu22_x86_64-7.3.2-20220804-6354275  User: oesteban  Machine: dna013  Platform: Linux  PlatformVersion: 5.14.0-427.37.1.el9_4.x86_64  CompilerName: GCC  CompilerVersion: 8.4.0
Program nu_correct, built from:
Package MNI N3, version 1.12.0, compiled by nicks@terrier (x86_64-unknown-linux-gnu) on 2015-06-19 at 01:25:34
#######################################
GCADIR /opt/freesurfer/average
GCA RB_all_2020-01-02.gca
GCASkull RB_all_withskull_2020_01_02.gca
AvgCurvTif folding.atlas.acfb40.noaparc.i12.2016-08-02.tif
GCSDIR /opt/freesurfer/average
GCS DKaparc.atlas.acfb40.noaparc.i12.2016-08-02.gcs
#######################################
#@# white curv lh Sun Mar  8 20:11:40 CET 2026
cd /out/sourcedata/freesurfer/sub-v1s14x0051561_ses-1/mri
mris_place_surface --curv-map ../surf/lh.white 2 10 ../surf/lh.curv
   Update not needed
#@# white area lh Sun Mar  8 20:11:40 CET 2026
cd /out/sourcedata/freesurfer/sub-v1s14x0051561_ses-1/mri
mris_place_surface --area-map ../surf/lh.white ../surf/lh.area
   Update not needed
#@# pial curv lh Sun Mar  8 20:11:40 CET 2026
cd /out/sourcedata/freesurfer/sub-v1s14x0051561_ses-1/mri
mris_place_surface --curv-map ../surf/lh.pial 2 10 ../surf/lh.curv.pial
   Update not needed
#@# pial area lh Sun Mar  8 20:11:40 CET 2026
cd /out/sourcedata/freesurfer/sub-v1s14x0051561_ses-1/mri
mris_place_surface --area-map ../surf/lh.pial ../surf/lh.area.pial
   Update not needed
#@# thickness lh Sun Mar  8 20:11:40 CET 2026
cd /out/sourcedata/freesurfer/sub-v1s14x0051561_ses-1/mri
mris_place_surface --thickness ../surf/lh.white ../surf/lh.pial 20 5 ../surf/lh.thickness
   Update not needed
#@# area and vertex vol lh Sun Mar  8 20:11:40 CET 2026
cd /out/sourcedata/freesurfer/sub-v1s14x0051561_ses-1/mri
mris_place_surface --thickness ../surf/lh.white ../surf/lh.pial 20 5 ../surf/lh.thickness
   Update not needed
#@# white curv rh Sun Mar  8 20:11:40 CET 2026
cd /out/sourcedata/freesurfer/sub-v1s14x0051561_ses-1/mri
mris_place_surface --curv-map ../surf/rh.white 2 10 ../surf/rh.curv
   Update not needed
#@# white area rh Sun Mar  8 20:11:40 CET 2026
cd /out/sourcedata/freesurfer/sub-v1s14x0051561_ses-1/mri
mris_place_surface --area-map ../surf/rh.white ../surf/rh.area
   Update not needed
#@# pial curv rh Sun Mar  8 20:11:40 CET 2026
cd /out/sourcedata/freesurfer/sub-v1s14x0051561_ses-1/mri
mris_place_surface --curv-map ../surf/rh.pial 2 10 ../surf/rh.curv.pial
   Update not needed
#@# pial area rh Sun Mar  8 20:11:40 CET 2026
cd /out/sourcedata/freesurfer/sub-v1s14x0051561_ses-1/mri
mris_place_surface --area-map ../surf/rh.pial ../surf/rh.area.pial
   Update not needed
#@# thickness rh Sun Mar  8 20:11:40 CET 2026
cd /out/sourcedata/freesurfer/sub-v1s14x0051561_ses-1/mri
mris_place_surface --thickness ../surf/rh.white ../surf/rh.pial 20 5 ../surf/rh.thickness
   Update not needed
#@# area and vertex vol rh Sun Mar  8 20:11:40 CET 2026
cd /out/sourcedata/freesurfer/sub-v1s14x0051561_ses-1/mri
mris_place_surface --thickness ../surf/rh.white ../surf/rh.pial 20 5 ../surf/rh.thickness
   Update not needed
#--------------------------------------------
#@# Cortical ribbon mask Sun Mar  8 20:11:40 CET 2026
/out/sourcedata/freesurfer/sub-v1s14x0051561_ses-1/mri

 mris_volmask --aseg_name aseg.presurf --label_left_white 2 --label_left_ribbon 3 --label_right_white 41 --label_right_ribbon 42 --save_ribbon sub-v1s14x0051561_ses-1 

SUBJECTS_DIR is /out/sourcedata/freesurfer
loading input data...
Running hemis serially
Processing left hemi
computing distance to left white surface 
computing distance to left pial surface 
Processing right hemi
computing distance to right white surface 
computing distance to right pial surface 
 hemi masks overlap voxels = 530
writing volume /out/sourcedata/freesurfer/sub-v1s14x0051561_ses-1/mri/ribbon.mgz
mris_volmask took 8.84 minutes
 writing ribbon files

Started at Sun Mar 8 20:11:40 CET 2026 
Ended   at Sun Mar 8 20:20:31 CET 2026
#@#%# recon-all-run-time-hours 0.147
recon-all -s sub-v1s14x0051561_ses-1 finished without error at Sun Mar  8 20:20:31 CET 2026



#New# invocation of recon-all 




Sun Mar  8 20:28:32 CET 2026
cd /out/sourcedata/freesurfer/sub-v1s14x0051561_ses-1
setenv SUBJECTS_DIR /out/sourcedata/freesurfer
/opt/freesurfer/bin/recon-all -autorecon3 -openmp 16 -subjid sub-v1s14x0051561_ses-1 -sd /out/sourcedata/freesurfer -nosphere -nosurfreg -nojacobian_white -noavgcurv -nocortparc -nopial -noparcstats -nocortparc2 -noparcstats2 -nocortparc3 -noparcstats3 -nopctsurfcon -nocortribbon -nobalabels

subjid sub-v1s14x0051561_ses-1
setenv SUBJECTS_DIR /out/sourcedata/freesurfer
FREESURFER_HOME /opt/freesurfer
Actual FREESURFER_HOME /opt/freesurfer
build-stamp.txt: freesurfer-linux-ubuntu22_x86_64-7.3.2-20220804-6354275
Linux dna013 5.14.0-427.37.1.el9_4.x86_64 #1 SMP PREEMPT_DYNAMIC Fri Sep 13 12:41:50 EDT 2024 x86_64 x86_64 x86_64 GNU/Linux
cputime      unlimited
filesize     unlimited
datasize     unlimited
stacksize    8192 kbytes
coredumpsize 0 kbytes
memoryuse    67108864 kbytes
vmemoryuse   unlimited
descriptors  1024 
memorylocked unlimited
maxproc      2061970 
maxlocks     unlimited
maxsignal    2061970 
maxmessage   819200 
maxnice      0 
maxrtprio    0 
maxrttime    unlimited

               total        used        free      shared  buff/cache   available
Mem:           503Gi        47Gi       430Gi       7.6Gi        25Gi       445Gi
Swap:             0B          0B          0B

########################################
program versions used
7.3.2 (freesurfer-linux-ubuntu22_x86_64-7.3.2-20220804-6354275)
7.3.2

ProgramName: lta_convert  ProgramArguments: lta_convert -all-info  ProgramVersion: 7.3.2  TimeStamp: 2026/03/08-19:28:32-GMT  BuildTime: Aug  4 2022 06:17:15  BuildStamp: freesurfer-linux-ubuntu22_x86_64-7.3.2-20220804-6354275  User: oesteban  Machine: dna013  Platform: Linux  PlatformVersion: 5.14.0-427.37.1.el9_4.x86_64  CompilerName: GCC  CompilerVersion: 8.4.0
ProgramName: mri_and  ProgramArguments: mri_and -all-info  ProgramVersion: 7.3.2  TimeStamp: 2026/03/08-19:28:32-GMT  BuildTime: Aug  4 2022 06:17:15  BuildStamp: freesurfer-linux-ubuntu22_x86_64-7.3.2-20220804-6354275  User: oesteban  Machine: dna013  Platform: Linux  PlatformVersion: 5.14.0-427.37.1.el9_4.x86_64  CompilerName: GCC  CompilerVersion: 8.4.0
ProgramName: mri_annotation2label  ProgramArguments: mri_annotation2label -all-info  ProgramVersion: 7.3.2  TimeStamp: 2026/03/08-19:28:32-GMT  BuildTime: Aug  4 2022 06:17:15  BuildStamp: freesurfer-linux-ubuntu22_x86_64-7.3.2-20220804-6354275  User: oesteban  Machine: dna013  Platform: Linux  PlatformVersion: 5.14.0-427.37.1.el9_4.x86_64  CompilerName: GCC  CompilerVersion: 8.4.0
ProgramName: mri_aparc2aseg  ProgramArguments: mri_aparc2aseg -all-info  ProgramVersion: 7.3.2  TimeStamp: 2026/03/08-19:28:32-GMT  BuildTime: Aug  4 2022 06:17:15  BuildStamp: freesurfer-linux-ubuntu22_x86_64-7.3.2-20220804-6354275  User: oesteban  Machine: dna013  Platform: Linux  PlatformVersion: 5.14.0-427.37.1.el9_4.x86_64  CompilerName: GCC  CompilerVersion: 8.4.0
ProgramName: mri_surf2volseg  ProgramArguments: mri_surf2volseg -all-info  ProgramVersion: 7.3.2  TimeStamp: 2026/03/08-19:28:32-GMT  BuildTime: Aug  4 2022 06:17:15  BuildStamp: freesurfer-linux-ubuntu22_x86_64-7.3.2-20220804-6354275  User: oesteban  Machine: dna013  Platform: Linux  PlatformVersion: 5.14.0-427.37.1.el9_4.x86_64  CompilerName: GCC  CompilerVersion: 8.4.0
ProgramName: mri_binarize  ProgramArguments: mri_binarize -all-info  ProgramVersion: 7.3.2  TimeStamp: 2026/03/08-19:28:32-GMT  BuildTime: Aug  4 2022 06:17:15  BuildStamp: freesurfer-linux-ubuntu22_x86_64-7.3.2-20220804-6354275  User: oesteban  Machine: dna013  Platform: Linux  PlatformVersion: 5.14.0-427.37.1.el9_4.x86_64  CompilerName: GCC  CompilerVersion: 8.4.0
ProgramName: mri_ca_label  ProgramArguments: mri_ca_label -all-info  ProgramVersion: 7.3.2  TimeStamp: 2026/03/08-19:28:32-GMT  BuildTime: Aug  4 2022 06:17:15  BuildStamp: freesurfer-linux-ubuntu22_x86_64-7.3.2-20220804-6354275  User: oesteban  Machine: dna013  Platform: Linux  PlatformVersion: 5.14.0-427.37.1.el9_4.x86_64  CompilerName: GCC  CompilerVersion: 8.4.0
ProgramName: mri_ca_normalize  ProgramArguments: mri_ca_normalize -all-info  ProgramVersion: 7.3.2  TimeStamp: 2026/03/08-19:28:32-GMT  BuildTime: Aug  4 2022 06:17:15  BuildStamp: freesurfer-linux-ubuntu22_x86_64-7.3.2-20220804-6354275  User: oesteban  Machine: dna013  Platform: Linux  PlatformVersion: 5.14.0-427.37.1.el9_4.x86_64  CompilerName: GCC  CompilerVersion: 8.4.0
ProgramName: mri_ca_register  ProgramArguments: mri_ca_register -all-info  ProgramVersion: 7.3.2  TimeStamp: 2026/03/08-19:28:32-GMT  BuildTime: Aug  4 2022 06:17:15  BuildStamp: freesurfer-linux-ubuntu22_x86_64-7.3.2-20220804-6354275  User: oesteban  Machine: dna013  Platform: Linux  PlatformVersion: 5.14.0-427.37.1.el9_4.x86_64  CompilerName: GCC  CompilerVersion: 8.4.0
ProgramName: mri_cc  ProgramArguments: mri_cc -all-info  ProgramVersion: 7.3.2  TimeStamp: 2026/03/08-19:28:32-GMT  BuildTime: Aug  4 2022 06:17:15  BuildStamp: freesurfer-linux-ubuntu22_x86_64-7.3.2-20220804-6354275  User: oesteban  Machine: dna013  Platform: Linux  PlatformVersion: 5.14.0-427.37.1.el9_4.x86_64  CompilerName: GCC  CompilerVersion: 8.4.0
ProgramName: mri_compute_overlap  ProgramArguments: mri_compute_overlap -all-info  ProgramVersion: 7.3.2  TimeStamp: 2026/03/08-19:28:32-GMT  BuildTime: Aug  4 2022 06:17:15  BuildStamp: freesurfer-linux-ubuntu22_x86_64-7.3.2-20220804-6354275  User: oesteban  Machine: dna013  Platform: Linux  PlatformVersion: 5.14.0-427.37.1.el9_4.x86_64  CompilerName: GCC  CompilerVersion: 8.4.0
ProgramName: mri_compute_seg_overlap  ProgramArguments: mri_compute_seg_overlap -all-info  ProgramVersion: 7.3.2  TimeStamp: 2026/03/08-19:28:32-GMT  BuildTime: Aug  4 2022 06:17:15  BuildStamp: freesurfer-linux-ubuntu22_x86_64-7.3.2-20220804-6354275  User: oesteban  Machine: dna013  Platform: Linux  PlatformVersion: 5.14.0-427.37.1.el9_4.x86_64  CompilerName: GCC  CompilerVersion: 8.4.0
ProgramName: mri_concat  ProgramArguments: mri_concat -all-info  ProgramVersion: 7.3.2  TimeStamp: 2026/03/08-19:28:32-GMT  BuildTime: Aug  4 2022 06:17:15  BuildStamp: freesurfer-linux-ubuntu22_x86_64-7.3.2-20220804-6354275  User: oesteban  Machine: dna013  Platform: Linux  PlatformVersion: 5.14.0-427.37.1.el9_4.x86_64  CompilerName: GCC  CompilerVersion: 8.4.0
ProgramName: mri_concatenate_lta  ProgramArguments: mri_concatenate_lta -all-info  ProgramVersion: 7.3.2  TimeStamp: 2026/03/08-19:28:32-GMT  BuildTime: Aug  4 2022 06:17:15  BuildStamp: freesurfer-linux-ubuntu22_x86_64-7.3.2-20220804-6354275  User: oesteban  Machine: dna013  Platform: Linux  PlatformVersion: 5.14.0-427.37.1.el9_4.x86_64  CompilerName: GCC  CompilerVersion: 8.4.0
mri_convert -all-info 
ProgramName: mri_convert  ProgramArguments: mri_convert -all-info  ProgramVersion: 7.3.2  TimeStamp: 2026/03/08-19:28:32-GMT  BuildTime: Aug  4 2022 06:17:15  BuildStamp: freesurfer-linux-ubuntu22_x86_64-7.3.2-20220804-6354275  User: oesteban  Machine: dna013  Platform: Linux  PlatformVersion: 5.14.0-427.37.1.el9_4.x86_64  CompilerName: GCC  CompilerVersion: 8.4.0
ProgramName: mri_diff  ProgramArguments: mri_diff -all-info  ProgramVersion: 7.3.2  TimeStamp: 2026/03/08-19:28:32-GMT  BuildTime: Aug  4 2022 06:17:15  BuildStamp: freesurfer-linux-ubuntu22_x86_64-7.3.2-20220804-6354275  User: oesteban  Machine: dna013  Platform: Linux  PlatformVersion: 5.14.0-427.37.1.el9_4.x86_64  CompilerName: GCC  CompilerVersion: 8.4.0
ProgramName: mri_edit_wm_with_aseg  ProgramArguments: mri_edit_wm_with_aseg -all-info  ProgramVersion: 7.3.2  TimeStamp: 2026/03/08-19:28:32-GMT  BuildTime: Aug  4 2022 06:17:15  BuildStamp: freesurfer-linux-ubuntu22_x86_64-7.3.2-20220804-6354275  User: oesteban  Machine: dna013  Platform: Linux  PlatformVersion: 5.14.0-427.37.1.el9_4.x86_64  CompilerName: GCC  CompilerVersion: 8.4.0
ProgramName: mri_em_register  ProgramArguments: mri_em_register -all-info  ProgramVersion: 7.3.2  TimeStamp: 2026/03/08-19:28:32-GMT  BuildTime: Aug  4 2022 06:17:15  BuildStamp: freesurfer-linux-ubuntu22_x86_64-7.3.2-20220804-6354275  User: oesteban  Machine: dna013  Platform: Linux  PlatformVersion: 5.14.0-427.37.1.el9_4.x86_64  CompilerName: GCC  CompilerVersion: 8.4.0
ProgramName: mri_fill  ProgramArguments: mri_fill -all-info  ProgramVersion: 7.3.2  TimeStamp: 2026/03/08-19:28:32-GMT  BuildTime: Aug  4 2022 06:17:15  BuildStamp: freesurfer-linux-ubuntu22_x86_64-7.3.2-20220804-6354275  User: oesteban  Machine: dna013  Platform: Linux  PlatformVersion: 5.14.0-427.37.1.el9_4.x86_64  CompilerName: GCC  CompilerVersion: 8.4.0
ProgramName: mri_fuse_segmentations  ProgramArguments: mri_fuse_segmentations -all-info  ProgramVersion: 7.3.2  TimeStamp: 2026/03/08-19:28:32-GMT  BuildTime: Aug  4 2022 06:17:15  BuildStamp: freesurfer-linux-ubuntu22_x86_64-7.3.2-20220804-6354275  User: oesteban  Machine: dna013  Platform: Linux  PlatformVersion: 5.14.0-427.37.1.el9_4.x86_64  CompilerName: GCC  CompilerVersion: 8.4.0
ProgramName: mri_fwhm  ProgramArguments: mri_fwhm -all-info  ProgramVersion: 7.3.2  TimeStamp: 2026/03/08-19:28:32-GMT  BuildTime: Aug  4 2022 06:17:15  BuildStamp: freesurfer-linux-ubuntu22_x86_64-7.3.2-20220804-6354275  User: oesteban  Machine: dna013  Platform: Linux  PlatformVersion: 5.14.0-427.37.1.el9_4.x86_64  CompilerName: GCC  CompilerVersion: 8.4.0
ProgramName: mri_gcut  ProgramArguments: mri_gcut -all-info  ProgramVersion: 7.3.2  TimeStamp: 2026/03/08-19:28:32-GMT  BuildTime: Aug  4 2022 06:17:15  BuildStamp: freesurfer-linux-ubuntu22_x86_64-7.3.2-20220804-6354275  User: oesteban  Machine: dna013  Platform: Linux  PlatformVersion: 5.14.0-427.37.1.el9_4.x86_64  CompilerName: GCC  CompilerVersion: 8.4.0
ProgramName: mri_info  ProgramArguments: mri_info -all-info  ProgramVersion: 7.3.2  TimeStamp: 2026/03/08-19:28:32-GMT  BuildTime: Aug  4 2022 06:17:15  BuildStamp: freesurfer-linux-ubuntu22_x86_64-7.3.2-20220804-6354275  User: oesteban  Machine: dna013  Platform: Linux  PlatformVersion: 5.14.0-427.37.1.el9_4.x86_64  CompilerName: GCC  CompilerVersion: 8.4.0
ProgramName: mri_label2label  ProgramArguments: mri_label2label -all-info  ProgramVersion: 7.3.2  TimeStamp: 2026/03/08-19:28:32-GMT  BuildTime: Aug  4 2022 06:17:15  BuildStamp: freesurfer-linux-ubuntu22_x86_64-7.3.2-20220804-6354275  User: oesteban  Machine: dna013  Platform: Linux  PlatformVersion: 5.14.0-427.37.1.el9_4.x86_64  CompilerName: GCC  CompilerVersion: 8.4.0
ProgramName: mri_label2vol  ProgramArguments: mri_label2vol -all-info  ProgramVersion: 7.3.2  TimeStamp: 2026/03/08-19:28:32-GMT  BuildTime: Aug  4 2022 06:17:15  BuildStamp: freesurfer-linux-ubuntu22_x86_64-7.3.2-20220804-6354275  User: oesteban  Machine: dna013  Platform: Linux  PlatformVersion: 5.14.0-427.37.1.el9_4.x86_64  CompilerName: GCC  CompilerVersion: 8.4.0
ProgramName: mri_log_likelihood  ProgramArguments: mri_log_likelihood -all-info  ProgramVersion: 7.3.2  TimeStamp: 2026/03/08-19:28:32-GMT  BuildTime: Aug  4 2022 06:17:15  BuildStamp: freesurfer-linux-ubuntu22_x86_64-7.3.2-20220804-6354275  User: oesteban  Machine: dna013  Platform: Linux  PlatformVersion: 5.14.0-427.37.1.el9_4.x86_64  CompilerName: GCC  CompilerVersion: 8.4.0
ProgramName: mri_mask  ProgramArguments: mri_mask -all-info  ProgramVersion: 7.3.2  TimeStamp: 2026/03/08-19:28:32-GMT  BuildTime: Aug  4 2022 06:17:15  BuildStamp: freesurfer-linux-ubuntu22_x86_64-7.3.2-20220804-6354275  User: oesteban  Machine: dna013  Platform: Linux  PlatformVersion: 5.14.0-427.37.1.el9_4.x86_64  CompilerName: GCC  CompilerVersion: 8.4.0
ProgramName: mri_matrix_multiply  ProgramArguments: mri_matrix_multiply -all-info  ProgramVersion: 7.3.2  TimeStamp: 2026/03/08-19:28:32-GMT  BuildTime: Aug  4 2022 06:17:15  BuildStamp: freesurfer-linux-ubuntu22_x86_64-7.3.2-20220804-6354275  User: oesteban  Machine: dna013  Platform: Linux  PlatformVersion: 5.14.0-427.37.1.el9_4.x86_64  CompilerName: GCC  CompilerVersion: 8.4.0
ProgramName: mri_normalize  ProgramArguments: mri_normalize -all-info  ProgramVersion: 7.3.2  TimeStamp: 2026/03/08-19:28:32-GMT  BuildTime: Aug  4 2022 06:17:15  BuildStamp: freesurfer-linux-ubuntu22_x86_64-7.3.2-20220804-6354275  User: oesteban  Machine: dna013  Platform: Linux  PlatformVersion: 5.14.0-427.37.1.el9_4.x86_64  CompilerName: GCC  CompilerVersion: 8.4.0
ProgramName: mri_normalize_tp2  ProgramArguments: mri_normalize_tp2 -all-info  ProgramVersion: 7.3.2  TimeStamp: 2026/03/08-19:28:32-GMT  BuildTime: Aug  4 2022 06:17:15  BuildStamp: freesurfer-linux-ubuntu22_x86_64-7.3.2-20220804-6354275  User: oesteban  Machine: dna013  Platform: Linux  PlatformVersion: 5.14.0-427.37.1.el9_4.x86_64  CompilerName: GCC  CompilerVersion: 8.4.0
ProgramName: mri_or  ProgramArguments: mri_or -all-info  ProgramVersion: 7.3.2  TimeStamp: 2026/03/08-19:28:32-GMT  BuildTime: Aug  4 2022 06:17:15  BuildStamp: freesurfer-linux-ubuntu22_x86_64-7.3.2-20220804-6354275  User: oesteban  Machine: dna013  Platform: Linux  PlatformVersion: 5.14.0-427.37.1.el9_4.x86_64  CompilerName: GCC  CompilerVersion: 8.4.0
ProgramName: mri_relabel_hypointensities  ProgramArguments: mri_relabel_hypointensities -all-info  ProgramVersion: 7.3.2  TimeStamp: 2026/03/08-19:28:32-GMT  BuildTime: Aug  4 2022 06:17:15  BuildStamp: freesurfer-linux-ubuntu22_x86_64-7.3.2-20220804-6354275  User: oesteban  Machine: dna013  Platform: Linux  PlatformVersion: 5.14.0-427.37.1.el9_4.x86_64  CompilerName: GCC  CompilerVersion: 8.4.0
ProgramName: mri_relabel_nonwm_hypos  ProgramArguments: mri_relabel_nonwm_hypos -all-info  ProgramVersion: 7.3.2  TimeStamp: 2026/03/08-19:28:32-GMT  BuildTime: Aug  4 2022 06:17:15  BuildStamp: freesurfer-linux-ubuntu22_x86_64-7.3.2-20220804-6354275  User: oesteban  Machine: dna013  Platform: Linux  PlatformVersion: 5.14.0-427.37.1.el9_4.x86_64  CompilerName: GCC  CompilerVersion: 8.4.0
ProgramName: mri_remove_neck  ProgramArguments: mri_remove_neck -all-info  ProgramVersion: 7.3.2  TimeStamp: 2026/03/08-19:28:32-GMT  BuildTime: Aug  4 2022 06:17:15  BuildStamp: freesurfer-linux-ubuntu22_x86_64-7.3.2-20220804-6354275  User: oesteban  Machine: dna013  Platform: Linux  PlatformVersion: 5.14.0-427.37.1.el9_4.x86_64  CompilerName: GCC  CompilerVersion: 8.4.0
7.3.2

ProgramName: mri_robust_register  ProgramArguments: mri_robust_register -all-info  ProgramVersion: 7.3.2  TimeStamp: 2026/03/08-19:28:32-GMT  BuildTime: Aug  4 2022 06:17:15  BuildStamp: freesurfer-linux-ubuntu22_x86_64-7.3.2-20220804-6354275  User: oesteban  Machine: dna013  Platform: Linux  PlatformVersion: 5.14.0-427.37.1.el9_4.x86_64  CompilerName: GCC  CompilerVersion: 8.4.0
7.3.2

ProgramName: mri_robust_template  ProgramArguments: mri_robust_template -all-info  ProgramVersion: 7.3.2  TimeStamp: 2026/03/08-19:28:32-GMT  BuildTime: Aug  4 2022 06:17:15  BuildStamp: freesurfer-linux-ubuntu22_x86_64-7.3.2-20220804-6354275  User: oesteban  Machine: dna013  Platform: Linux  PlatformVersion: 5.14.0-427.37.1.el9_4.x86_64  CompilerName: GCC  CompilerVersion: 8.4.0
ProgramName: mris_anatomical_stats  ProgramArguments: mris_anatomical_stats -all-info  ProgramVersion: 7.3.2  TimeStamp: 2026/03/08-19:28:32-GMT  BuildTime: Aug  4 2022 06:17:15  BuildStamp: freesurfer-linux-ubuntu22_x86_64-7.3.2-20220804-6354275  User: oesteban  Machine: dna013  Platform: Linux  PlatformVersion: 5.14.0-427.37.1.el9_4.x86_64  CompilerName: GCC  CompilerVersion: 8.4.0
ProgramName: mris_ca_label  ProgramArguments: mris_ca_label -all-info  ProgramVersion: 7.3.2  TimeStamp: 2026/03/08-19:28:32-GMT  BuildTime: Aug  4 2022 06:17:15  BuildStamp: freesurfer-linux-ubuntu22_x86_64-7.3.2-20220804-6354275  User: oesteban  Machine: dna013  Platform: Linux  PlatformVersion: 5.14.0-427.37.1.el9_4.x86_64  CompilerName: GCC  CompilerVersion: 8.4.0
ProgramName: mris_calc  ProgramArguments: mris_calc -all-info  ProgramVersion: 7.3.2  TimeStamp: 2026/03/08-19:28:32-GMT  BuildTime: Aug  4 2022 06:17:15  BuildStamp: freesurfer-linux-ubuntu22_x86_64-7.3.2-20220804-6354275  User: oesteban  Machine: dna013  Platform: Linux  PlatformVersion: 5.14.0-427.37.1.el9_4.x86_64  CompilerName: GCC  CompilerVersion: 8.4.0
ProgramName: mris_convert  ProgramArguments: mris_convert -all-info  ProgramVersion: 7.3.2  TimeStamp: 2026/03/08-19:28:32-GMT  BuildTime: Aug  4 2022 06:17:15  BuildStamp: freesurfer-linux-ubuntu22_x86_64-7.3.2-20220804-6354275  User: oesteban  Machine: dna013  Platform: Linux  PlatformVersion: 5.14.0-427.37.1.el9_4.x86_64  CompilerName: GCC  CompilerVersion: 8.4.0
ProgramName: mris_curvature  ProgramArguments: mris_curvature -all-info  ProgramVersion: 7.3.2  TimeStamp: 2026/03/08-19:28:32-GMT  BuildTime: Aug  4 2022 06:17:15  BuildStamp: freesurfer-linux-ubuntu22_x86_64-7.3.2-20220804-6354275  User: oesteban  Machine: dna013  Platform: Linux  PlatformVersion: 5.14.0-427.37.1.el9_4.x86_64  CompilerName: GCC  CompilerVersion: 8.4.0
ProgramName: mris_curvature_stats  ProgramArguments: mris_curvature_stats -all-info  ProgramVersion: 7.3.2  TimeStamp: 2026/03/08-19:28:32-GMT  BuildTime: Aug  4 2022 06:17:15  BuildStamp: freesurfer-linux-ubuntu22_x86_64-7.3.2-20220804-6354275  User: oesteban  Machine: dna013  Platform: Linux  PlatformVersion: 5.14.0-427.37.1.el9_4.x86_64  CompilerName: GCC  CompilerVersion: 8.4.0
ProgramName: mris_diff  ProgramArguments: mris_diff -all-info  ProgramVersion: 7.3.2  TimeStamp: 2026/03/08-19:28:32-GMT  BuildTime: Aug  4 2022 06:17:15  BuildStamp: freesurfer-linux-ubuntu22_x86_64-7.3.2-20220804-6354275  User: oesteban  Machine: dna013  Platform: Linux  PlatformVersion: 5.14.0-427.37.1.el9_4.x86_64  CompilerName: GCC  CompilerVersion: 8.4.0
ProgramName: mris_divide_parcellation  ProgramArguments: mris_divide_parcellation -all-info  ProgramVersion: 7.3.2  TimeStamp: 2026/03/08-19:28:32-GMT  BuildTime: Aug  4 2022 06:17:15  BuildStamp: freesurfer-linux-ubuntu22_x86_64-7.3.2-20220804-6354275  User: oesteban  Machine: dna013  Platform: Linux  PlatformVersion: 5.14.0-427.37.1.el9_4.x86_64  CompilerName: GCC  CompilerVersion: 8.4.0
ProgramName: mri_segment  ProgramArguments: mri_segment -all-info  ProgramVersion: 7.3.2  TimeStamp: 2026/03/08-19:28:32-GMT  BuildTime: Aug  4 2022 06:17:15  BuildStamp: freesurfer-linux-ubuntu22_x86_64-7.3.2-20220804-6354275  User: oesteban  Machine: dna013  Platform: Linux  PlatformVersion: 5.14.0-427.37.1.el9_4.x86_64  CompilerName: GCC  CompilerVersion: 8.4.0
ProgramName: mri_segstats  ProgramArguments: mri_segstats -all-info  ProgramVersion: 7.3.2  TimeStamp: 2026/03/08-19:28:32-GMT  BuildTime: Aug  4 2022 06:17:15  BuildStamp: freesurfer-linux-ubuntu22_x86_64-7.3.2-20220804-6354275  User: oesteban  Machine: dna013  Platform: Linux  PlatformVersion: 5.14.0-427.37.1.el9_4.x86_64  CompilerName: GCC  CompilerVersion: 8.4.0
ProgramName: mris_euler_number  ProgramArguments: mris_euler_number -all-info  ProgramVersion: 7.3.2  TimeStamp: 2026/03/08-19:28:32-GMT  BuildTime: Aug  4 2022 06:17:15  BuildStamp: freesurfer-linux-ubuntu22_x86_64-7.3.2-20220804-6354275  User: oesteban  Machine: dna013  Platform: Linux  PlatformVersion: 5.14.0-427.37.1.el9_4.x86_64  CompilerName: GCC  CompilerVersion: 8.4.0
ProgramName: mris_fix_topology  ProgramArguments: mris_fix_topology -all-info  ProgramVersion: 7.3.2  TimeStamp: 2026/03/08-19:28:32-GMT  BuildTime: Aug  4 2022 06:17:15  BuildStamp: freesurfer-linux-ubuntu22_x86_64-7.3.2-20220804-6354275  User: oesteban  Machine: dna013  Platform: Linux  PlatformVersion: 5.14.0-427.37.1.el9_4.x86_64  CompilerName: GCC  CompilerVersion: 8.4.0
ProgramName: mris_topo_fixer  ProgramArguments: mris_topo_fixer -all-info  ProgramVersion: 7.3.2  TimeStamp: 2026/03/08-19:28:32-GMT  BuildTime: Aug  4 2022 06:17:15  BuildStamp: freesurfer-linux-ubuntu22_x86_64-7.3.2-20220804-6354275  User: oesteban  Machine: dna013  Platform: Linux  PlatformVersion: 5.14.0-427.37.1.el9_4.x86_64  CompilerName: GCC  CompilerVersion: 8.4.0
ProgramName: mris_jacobian  ProgramArguments: mris_jacobian -all-info  ProgramVersion: 7.3.2  TimeStamp: 2026/03/08-19:28:32-GMT  BuildTime: Aug  4 2022 06:17:15  BuildStamp: freesurfer-linux-ubuntu22_x86_64-7.3.2-20220804-6354275  User: oesteban  Machine: dna013  Platform: Linux  PlatformVersion: 5.14.0-427.37.1.el9_4.x86_64  CompilerName: GCC  CompilerVersion: 8.4.0
ProgramName: mris_label2annot  ProgramArguments: mris_label2annot -all-info  ProgramVersion: 7.3.2  TimeStamp: 2026/03/08-19:28:32-GMT  BuildTime: Aug  4 2022 06:17:15  BuildStamp: freesurfer-linux-ubuntu22_x86_64-7.3.2-20220804-6354275  User: oesteban  Machine: dna013  Platform: Linux  PlatformVersion: 5.14.0-427.37.1.el9_4.x86_64  CompilerName: GCC  CompilerVersion: 8.4.0
ProgramName: mris_left_right_register  ProgramArguments: mris_left_right_register -all-info  ProgramVersion: 7.3.2  TimeStamp: 2026/03/08-19:28:32-GMT  BuildTime: Aug  4 2022 06:17:15  BuildStamp: freesurfer-linux-ubuntu22_x86_64-7.3.2-20220804-6354275  User: oesteban  Machine: dna013  Platform: Linux  PlatformVersion: 5.14.0-427.37.1.el9_4.x86_64  CompilerName: GCC  CompilerVersion: 8.4.0
ProgramName: mris_place_surface  ProgramArguments: mris_place_surface -all-info  ProgramVersion: 7.3.2  TimeStamp: 2026/03/08-19:28:32-GMT  BuildTime: Aug  4 2022 06:17:15  BuildStamp: freesurfer-linux-ubuntu22_x86_64-7.3.2-20220804-6354275  User: oesteban  Machine: dna013  Platform: Linux  PlatformVersion: 5.14.0-427.37.1.el9_4.x86_64  CompilerName: GCC  CompilerVersion: 8.4.0
ProgramName: mrisp_paint  ProgramArguments: mrisp_paint -all-info  ProgramVersion: 7.3.2  TimeStamp: 2026/03/08-19:28:32-GMT  BuildTime: Aug  4 2022 06:17:15  BuildStamp: freesurfer-linux-ubuntu22_x86_64-7.3.2-20220804-6354275  User: oesteban  Machine: dna013  Platform: Linux  PlatformVersion: 5.14.0-427.37.1.el9_4.x86_64  CompilerName: GCC  CompilerVersion: 8.4.0
ProgramName: mris_register  ProgramArguments: mris_register -all-info  ProgramVersion: 7.3.2  TimeStamp: 2026/03/08-19:28:32-GMT  BuildTime: Aug  4 2022 06:17:15  BuildStamp: freesurfer-linux-ubuntu22_x86_64-7.3.2-20220804-6354275  User: oesteban  Machine: dna013  Platform: Linux  PlatformVersion: 5.14.0-427.37.1.el9_4.x86_64  CompilerName: GCC  CompilerVersion: 8.4.0
ProgramName: mris_smooth  ProgramArguments: mris_smooth -all-info  ProgramVersion: 7.3.2  TimeStamp: 2026/03/08-19:28:32-GMT  BuildTime: Aug  4 2022 06:17:15  BuildStamp: freesurfer-linux-ubuntu22_x86_64-7.3.2-20220804-6354275  User: oesteban  Machine: dna013  Platform: Linux  PlatformVersion: 5.14.0-427.37.1.el9_4.x86_64  CompilerName: GCC  CompilerVersion: 8.4.0
ProgramName: mris_sphere  ProgramArguments: mris_sphere -all-info  ProgramVersion: 7.3.2  TimeStamp: 2026/03/08-19:28:32-GMT  BuildTime: Aug  4 2022 06:17:15  BuildStamp: freesurfer-linux-ubuntu22_x86_64-7.3.2-20220804-6354275  User: oesteban  Machine: dna013  Platform: Linux  PlatformVersion: 5.14.0-427.37.1.el9_4.x86_64  CompilerName: GCC  CompilerVersion: 8.4.0
ProgramName: mris_surface_stats  ProgramArguments: mris_surface_stats -all-info  ProgramVersion: 7.3.2  TimeStamp: 2026/03/08-19:28:32-GMT  BuildTime: Aug  4 2022 06:17:15  BuildStamp: freesurfer-linux-ubuntu22_x86_64-7.3.2-20220804-6354275  User: oesteban  Machine: dna013  Platform: Linux  PlatformVersion: 5.14.0-427.37.1.el9_4.x86_64  CompilerName: GCC  CompilerVersion: 8.4.0
ProgramName: mri_stats2seg  ProgramArguments: mri_stats2seg -all-info  ProgramVersion: 7.3.2  TimeStamp: 2026/03/08-19:28:32-GMT  BuildTime: Aug  4 2022 06:17:15  BuildStamp: freesurfer-linux-ubuntu22_x86_64-7.3.2-20220804-6354275  User: oesteban  Machine: dna013  Platform: Linux  PlatformVersion: 5.14.0-427.37.1.el9_4.x86_64  CompilerName: GCC  CompilerVersion: 8.4.0
ProgramName: mris_thickness  ProgramArguments: mris_thickness -all-info  ProgramVersion: 7.3.2  TimeStamp: 2026/03/08-19:28:32-GMT  BuildTime: Aug  4 2022 06:17:15  BuildStamp: freesurfer-linux-ubuntu22_x86_64-7.3.2-20220804-6354275  User: oesteban  Machine: dna013  Platform: Linux  PlatformVersion: 5.14.0-427.37.1.el9_4.x86_64  CompilerName: GCC  CompilerVersion: 8.4.0
ProgramName: mris_thickness_diff  ProgramArguments: mris_thickness_diff -all-info  ProgramVersion: 7.3.2  TimeStamp: 2026/03/08-19:28:32-GMT  BuildTime: Aug  4 2022 06:17:15  BuildStamp: freesurfer-linux-ubuntu22_x86_64-7.3.2-20220804-6354275  User: oesteban  Machine: dna013  Platform: Linux  PlatformVersion: 5.14.0-427.37.1.el9_4.x86_64  CompilerName: GCC  CompilerVersion: 8.4.0
ProgramName: mris_topo_fixer  ProgramArguments: mris_topo_fixer -all-info  ProgramVersion: 7.3.2  TimeStamp: 2026/03/08-19:28:32-GMT  BuildTime: Aug  4 2022 06:17:15  BuildStamp: freesurfer-linux-ubuntu22_x86_64-7.3.2-20220804-6354275  User: oesteban  Machine: dna013  Platform: Linux  PlatformVersion: 5.14.0-427.37.1.el9_4.x86_64  CompilerName: GCC  CompilerVersion: 8.4.0
ProgramName: mri_surf2surf  ProgramArguments: mri_surf2surf -all-info  ProgramVersion: 7.3.2  TimeStamp: 2026/03/08-19:28:32-GMT  BuildTime: Aug  4 2022 06:17:15  BuildStamp: freesurfer-linux-ubuntu22_x86_64-7.3.2-20220804-6354275  User: oesteban  Machine: dna013  Platform: Linux  PlatformVersion: 5.14.0-427.37.1.el9_4.x86_64  CompilerName: GCC  CompilerVersion: 8.4.0
ProgramName: mri_surf2vol  ProgramArguments: mri_surf2vol -all-info  ProgramVersion: 7.3.2  TimeStamp: 2026/03/08-19:28:32-GMT  BuildTime: Aug  4 2022 06:17:15  BuildStamp: freesurfer-linux-ubuntu22_x86_64-7.3.2-20220804-6354275  User: oesteban  Machine: dna013  Platform: Linux  PlatformVersion: 5.14.0-427.37.1.el9_4.x86_64  CompilerName: GCC  CompilerVersion: 8.4.0
ProgramName: mri_surfcluster  ProgramArguments: mri_surfcluster -all-info  ProgramVersion: 7.3.2  TimeStamp: 2026/03/08-19:28:32-GMT  BuildTime: Aug  4 2022 06:17:15  BuildStamp: freesurfer-linux-ubuntu22_x86_64-7.3.2-20220804-6354275  User: oesteban  Machine: dna013  Platform: Linux  PlatformVersion: 5.14.0-427.37.1.el9_4.x86_64  CompilerName: GCC  CompilerVersion: 8.4.0
ProgramName: mris_volmask  ProgramArguments: mris_volmask -all-info  ProgramVersion: 7.3.2  TimeStamp: 2026/03/08-19:28:32-GMT  BuildTime: Aug  4 2022 06:17:15  BuildStamp: freesurfer-linux-ubuntu22_x86_64-7.3.2-20220804-6354275  User: oesteban  Machine: dna013  Platform: Linux  PlatformVersion: 5.14.0-427.37.1.el9_4.x86_64  CompilerName: GCC  CompilerVersion: 8.4.0
ProgramName: mri_tessellate  ProgramArguments: mri_tessellate -all-info  ProgramVersion: 7.3.2  TimeStamp: 2026/03/08-19:28:32-GMT  BuildTime: Aug  4 2022 06:17:15  BuildStamp: freesurfer-linux-ubuntu22_x86_64-7.3.2-20220804-6354275  User: oesteban  Machine: dna013  Platform: Linux  PlatformVersion: 5.14.0-427.37.1.el9_4.x86_64  CompilerName: GCC  CompilerVersion: 8.4.0
ProgramName: mri_vol2surf  ProgramArguments: mri_vol2surf -all-info  ProgramVersion: 7.3.2  TimeStamp: 2026/03/08-19:28:32-GMT  BuildTime: Aug  4 2022 06:17:15  BuildStamp: freesurfer-linux-ubuntu22_x86_64-7.3.2-20220804-6354275  User: oesteban  Machine: dna013  Platform: Linux  PlatformVersion: 5.14.0-427.37.1.el9_4.x86_64  CompilerName: GCC  CompilerVersion: 8.4.0
ProgramName: mri_vol2vol  ProgramArguments: mri_vol2vol -all-info  ProgramVersion: 7.3.2  TimeStamp: 2026/03/08-19:28:32-GMT  BuildTime: Aug  4 2022 06:17:15  BuildStamp: freesurfer-linux-ubuntu22_x86_64-7.3.2-20220804-6354275  User: oesteban  Machine: dna013  Platform: Linux  PlatformVersion: 5.14.0-427.37.1.el9_4.x86_64  CompilerName: GCC  CompilerVersion: 8.4.0
ProgramName: mri_voldiff  ProgramArguments: mri_voldiff -all-info  ProgramVersion: 7.3.2  TimeStamp: 2026/03/08-19:28:32-GMT  BuildTime: Aug  4 2022 06:17:15  BuildStamp: freesurfer-linux-ubuntu22_x86_64-7.3.2-20220804-6354275  User: oesteban  Machine: dna013  Platform: Linux  PlatformVersion: 5.14.0-427.37.1.el9_4.x86_64  CompilerName: GCC  CompilerVersion: 8.4.0
ProgramName: mri_watershed  ProgramArguments: mri_watershed -all-info  ProgramVersion: 7.3.2  TimeStamp: 2026/03/08-19:28:32-GMT  BuildTime: Aug  4 2022 06:17:15  BuildStamp: freesurfer-linux-ubuntu22_x86_64-7.3.2-20220804-6354275  User: oesteban  Machine: dna013  Platform: Linux  PlatformVersion: 5.14.0-427.37.1.el9_4.x86_64  CompilerName: GCC  CompilerVersion: 8.4.0
ProgramName: tkregister2  ProgramArguments: tkregister2_cmdl -all-info  ProgramVersion: 7.3.2  TimeStamp: 2026/03/08-19:28:32-GMT  BuildTime: Aug  4 2022 06:17:15  BuildStamp: freesurfer-linux-ubuntu22_x86_64-7.3.2-20220804-6354275  User: oesteban  Machine: dna013  Platform: Linux  PlatformVersion: 5.14.0-427.37.1.el9_4.x86_64  CompilerName: GCC  CompilerVersion: 8.4.0
mri_motion_correct.fsl 7.3.2
mri_convert -all-info 
ProgramName: mri_convert  ProgramArguments: mri_convert -all-info  ProgramVersion: 7.3.2  TimeStamp: 2026/03/08-19:28:32-GMT  BuildTime: Aug  4 2022 06:17:15  BuildStamp: freesurfer-linux-ubuntu22_x86_64-7.3.2-20220804-6354275  User: oesteban  Machine: dna013  Platform: Linux  PlatformVersion: 5.14.0-427.37.1.el9_4.x86_64  CompilerName: GCC  CompilerVersion: 8.4.0
Program nu_correct, built from:
Package MNI N3, version 1.12.0, compiled by nicks@terrier (x86_64-unknown-linux-gnu) on 2015-06-19 at 01:25:34
#######################################
GCADIR /opt/freesurfer/average
GCA RB_all_2020-01-02.gca
GCASkull RB_all_withskull_2020_01_02.gca
AvgCurvTif folding.atlas.acfb40.noaparc.i12.2016-08-02.tif
GCSDIR /opt/freesurfer/average
GCS DKaparc.atlas.acfb40.noaparc.i12.2016-08-02.gcs
#######################################
#--------------------------------------------
#@# WhiteSurfs lh Sun Mar  8 20:28:32 CET 2026
cd /out/sourcedata/freesurfer/sub-v1s14x0051561_ses-1/mri
mris_place_surface --adgws-in ../surf/autodet.gw.stats.lh.dat --seg aseg.presurf.mgz --threads 16 --wm wm.mgz --invol brain.finalsurfs.mgz --lh --i ../surf/lh.white.preaparc --o ../surf/lh.white --white --nsmooth 0 --rip-label ../label/lh.cortex.label --rip-bg --rip-surf ../surf/lh.white.preaparc --aparc ../label/lh.aparc.annot
   Update not needed
#--------------------------------------------
#@# WhiteSurfs rh Sun Mar  8 20:28:32 CET 2026
cd /out/sourcedata/freesurfer/sub-v1s14x0051561_ses-1/mri
mris_place_surface --adgws-in ../surf/autodet.gw.stats.rh.dat --seg aseg.presurf.mgz --threads 16 --wm wm.mgz --invol brain.finalsurfs.mgz --rh --i ../surf/rh.white.preaparc --o ../surf/rh.white --white --nsmooth 0 --rip-label ../label/rh.cortex.label --rip-bg --rip-surf ../surf/rh.white.preaparc --aparc ../label/rh.aparc.annot
   Update not needed
#@# white curv lh Sun Mar  8 20:28:32 CET 2026
cd /out/sourcedata/freesurfer/sub-v1s14x0051561_ses-1/mri
mris_place_surface --curv-map ../surf/lh.white 2 10 ../surf/lh.curv
   Update not needed
#@# white area lh Sun Mar  8 20:28:32 CET 2026
cd /out/sourcedata/freesurfer/sub-v1s14x0051561_ses-1/mri
mris_place_surface --area-map ../surf/lh.white ../surf/lh.area
   Update not needed
#@# pial curv lh Sun Mar  8 20:28:32 CET 2026
cd /out/sourcedata/freesurfer/sub-v1s14x0051561_ses-1/mri
mris_place_surface --curv-map ../surf/lh.pial 2 10 ../surf/lh.curv.pial
   Update not needed
#@# pial area lh Sun Mar  8 20:28:32 CET 2026
cd /out/sourcedata/freesurfer/sub-v1s14x0051561_ses-1/mri
mris_place_surface --area-map ../surf/lh.pial ../surf/lh.area.pial
   Update not needed
#@# thickness lh Sun Mar  8 20:28:32 CET 2026
cd /out/sourcedata/freesurfer/sub-v1s14x0051561_ses-1/mri
mris_place_surface --thickness ../surf/lh.white ../surf/lh.pial 20 5 ../surf/lh.thickness
   Update not needed
#@# area and vertex vol lh Sun Mar  8 20:28:32 CET 2026
cd /out/sourcedata/freesurfer/sub-v1s14x0051561_ses-1/mri
mris_place_surface --thickness ../surf/lh.white ../surf/lh.pial 20 5 ../surf/lh.thickness
   Update not needed
#@# white curv rh Sun Mar  8 20:28:32 CET 2026
cd /out/sourcedata/freesurfer/sub-v1s14x0051561_ses-1/mri
mris_place_surface --curv-map ../surf/rh.white 2 10 ../surf/rh.curv
   Update not needed
#@# white area rh Sun Mar  8 20:28:32 CET 2026
cd /out/sourcedata/freesurfer/sub-v1s14x0051561_ses-1/mri
mris_place_surface --area-map ../surf/rh.white ../surf/rh.area
   Update not needed
#@# pial curv rh Sun Mar  8 20:28:32 CET 2026
cd /out/sourcedata/freesurfer/sub-v1s14x0051561_ses-1/mri
mris_place_surface --curv-map ../surf/rh.pial 2 10 ../surf/rh.curv.pial
   Update not needed
#@# pial area rh Sun Mar  8 20:28:32 CET 2026
cd /out/sourcedata/freesurfer/sub-v1s14x0051561_ses-1/mri
mris_place_surface --area-map ../surf/rh.pial ../surf/rh.area.pial
   Update not needed
#@# thickness rh Sun Mar  8 20:28:32 CET 2026
cd /out/sourcedata/freesurfer/sub-v1s14x0051561_ses-1/mri
mris_place_surface --thickness ../surf/rh.white ../surf/rh.pial 20 5 ../surf/rh.thickness
   Update not needed
#@# area and vertex vol rh Sun Mar  8 20:28:32 CET 2026
cd /out/sourcedata/freesurfer/sub-v1s14x0051561_ses-1/mri
mris_place_surface --thickness ../surf/rh.white ../surf/rh.pial 20 5 ../surf/rh.thickness
   Update not needed

#-----------------------------------------
#@# Curvature Stats lh Sun Mar  8 20:28:32 CET 2026
/out/sourcedata/freesurfer/sub-v1s14x0051561_ses-1/surf

 mris_curvature_stats -m --writeCurvatureFiles -G -o ../stats/lh.curv.stats -F smoothwm sub-v1s14x0051561_ses-1 lh curv sulc 

             Toggling save flag on curvature files                       [ ok ]
                 Outputting results using filestem   [ ../stats/lh.curv.stats ]
             Toggling save flag on curvature files                       [ ok ]
                                   Setting surface [ sub-v1s14x0051561_ses-1/lh.smoothwm ]
                                Reading surface...                       [ ok ]
                                   Setting texture                     [ curv ]
                                Reading texture...                       [ ok ]
                                   Setting texture                     [ sulc ]
                                Reading texture...Gb_filter = 0
                       [ ok ]
      Calculating Discrete Principal Curvatures...
      Determining geometric order for vno faces... [####################] [ ok ]
                      Determining KH curvatures... [####################] [ ok ]
                    Determining k1k2 curvatures... [####################] [ ok ]
                                   deltaViolations                      [ 281 ]
Gb_filter = 0

WARN:    S lookup   min:                          -0.101789
WARN:    S explicit min:                          0.000000	vertex = 85

#-----------------------------------------
#@# Curvature Stats rh Sun Mar  8 20:28:35 CET 2026
/out/sourcedata/freesurfer/sub-v1s14x0051561_ses-1/surf

 mris_curvature_stats -m --writeCurvatureFiles -G -o ../stats/rh.curv.stats -F smoothwm sub-v1s14x0051561_ses-1 rh curv sulc 

             Toggling save flag on curvature files                       [ ok ]
                 Outputting results using filestem   [ ../stats/rh.curv.stats ]
             Toggling save flag on curvature files                       [ ok ]
                                   Setting surface [ sub-v1s14x0051561_ses-1/rh.smoothwm ]
                                Reading surface...                       [ ok ]
                                   Setting texture                     [ curv ]
                                Reading texture...                       [ ok ]
                                   Setting texture                     [ sulc ]
                                Reading texture...Gb_filter = 0
                       [ ok ]
      Calculating Discrete Principal Curvatures...
      Determining geometric order for vno faces... [####################] [ ok ]
                      Determining KH curvatures... [####################] [ ok ]
                    Determining k1k2 curvatures... [####################] [ ok ]
                                   deltaViolations                      [ 289 ]
Gb_filter = 0
#-----------------------------------------
#@# Relabel Hypointensities Sun Mar  8 20:28:38 CET 2026
/out/sourcedata/freesurfer/sub-v1s14x0051561_ses-1/mri

 mri_relabel_hypointensities aseg.presurf.mgz ../surf aseg.presurf.hypos.mgz 

reading input surface ../surf/lh.white...
relabeling lh hypointensities...
7616 voxels changed to hypointensity...
reading input surface ../surf/rh.white...
relabeling rh hypointensities...
6825 voxels changed to hypointensity...
14423 hypointense voxels neighboring cortex changed
#-----------------------------------------
#@# APas-to-ASeg Sun Mar  8 20:28:54 CET 2026
/out/sourcedata/freesurfer/sub-v1s14x0051561_ses-1/mri

 mri_surf2volseg --o aseg.mgz --i aseg.presurf.hypos.mgz --fix-presurf-with-ribbon /out/sourcedata/freesurfer/sub-v1s14x0051561_ses-1/mri/ribbon.mgz --threads 16 --lh-cortex-mask /out/sourcedata/freesurfer/sub-v1s14x0051561_ses-1/label/lh.cortex.label --lh-white /out/sourcedata/freesurfer/sub-v1s14x0051561_ses-1/surf/lh.white --lh-pial /out/sourcedata/freesurfer/sub-v1s14x0051561_ses-1/surf/lh.pial --rh-cortex-mask /out/sourcedata/freesurfer/sub-v1s14x0051561_ses-1/label/rh.cortex.label --rh-white /out/sourcedata/freesurfer/sub-v1s14x0051561_ses-1/surf/rh.white --rh-pial /out/sourcedata/freesurfer/sub-v1s14x0051561_ses-1/surf/rh.pial 

SUBJECTS_DIR /out/sourcedata/freesurfer
outvol aseg.mgz
16 avail.processors, using 16
Loading aseg.presurf.hypos.mgz
Loading /out/sourcedata/freesurfer/sub-v1s14x0051561_ses-1/mri/ribbon.mgz
Loading /out/sourcedata/freesurfer/sub-v1s14x0051561_ses-1/surf/lh.white
Loading /out/sourcedata/freesurfer/sub-v1s14x0051561_ses-1/surf/lh.pial
Loading /out/sourcedata/freesurfer/sub-v1s14x0051561_ses-1/label/lh.cortex.label
Loading /out/sourcedata/freesurfer/sub-v1s14x0051561_ses-1/surf/rh.white
Loading /out/sourcedata/freesurfer/sub-v1s14x0051561_ses-1/surf/rh.pial
Loading /out/sourcedata/freesurfer/sub-v1s14x0051561_ses-1/label/rh.cortex.label
Done loading
  0 240 112 176  48 224  16 208  80  64  32 144 192 128 160  96 241  17  49 209 225   1  33 242  18  50  34   2 210 226 243  19 
 35   3  51 211 227  65  97 193 244  36   4  20  52 212 228 113  81 245 177 161  21   5  37 213 229  53 246  22  38   6 214 230  54  66 247  23  39 
  7 194  98 215 231 145  55  24   8  40 248 129 216 232  56  41   9 249  67 162  82 217 233  57 178  25  10  42 250 195  58 218 234  99 
 26  11  43 251 219 
235  59 
 44  12 252  68 220 236  60 146  13  45 253 196 163 221 237  27  14 254 100  83  61 179 238 222 
 46 255  15 197  69 114 130 223 239 
 28 198 147  62  47  29 199 
164 101  30  84  70 200  31 201 180 148  63 202  71 102  85 203 115 165 204 149 205  72 181 103  86 206 131 207 166 116 150 104  87 182  73 151 117 167 105  88 152 183  74 106 118  89 168 132 153 184 107  90  75 119 
154 169 185 108  91 155  76 120 186 170 109  92 156 133 187 121  77 110 171 157 188  93 122 111  78 189 158  94 134 172 190 123 159 
 79 
 95 191 173 135 124 174 136 125 175 126 137 127 138 139 
140 141 142 143 
nrelabeled = 181923
ndotcheck = 0
Starting Surf2VolSeg free
free done
#VMPC# mri_surf2volseg VmPeak  2070628
mri_surf2volseg done

 mri_brainvol_stats sub-v1s14x0051561_ses-1 

ComputeBrainVolumeStats2 VoxelVol=1, KeepCSF=1
  #CBVS2 MaskVol              1700485.0
  #CBVS2 BrainSegVol          1408228.0
  #CBVS2 BrainSegVolNotVent   1366138.0
  #CBVS2 SupraTentVol         1225682.0
  #CBVS2 SupraTentVolNotVent  1183592.0
  #CBVS2 lhCtxGM               261317.6
  #CBVS2 rhCtxGM               269254.9
  #CBVS2 lhCerebralWM          300626.0
  #CBVS2 rhCerebralWM          291324.0
  #CBVS2 SubCortGMVol           63641.0
  #CBVS2 CerebellumVol         182546.0
  #CBVS2 CerebellumGMVol       134063.0
  #CBVS2 VentChorVol            36998.0
  #CBVS2 3rd4th5thCSF            5092.0
  #CBVS2 AllCSF                 42090.0
  #CBVS2 CCVol                   4330.0
#-----------------------------------------
#@# AParc-to-ASeg aparc Sun Mar  8 20:29:03 CET 2026
/out/sourcedata/freesurfer/sub-v1s14x0051561_ses-1/mri

 mri_surf2volseg --o aparc+aseg.mgz --label-cortex --i aseg.mgz --threads 16 --lh-annot /out/sourcedata/freesurfer/sub-v1s14x0051561_ses-1/label/lh.aparc.annot 1000 --lh-cortex-mask /out/sourcedata/freesurfer/sub-v1s14x0051561_ses-1/label/lh.cortex.label --lh-white /out/sourcedata/freesurfer/sub-v1s14x0051561_ses-1/surf/lh.white --lh-pial /out/sourcedata/freesurfer/sub-v1s14x0051561_ses-1/surf/lh.pial --rh-annot /out/sourcedata/freesurfer/sub-v1s14x0051561_ses-1/label/rh.aparc.annot 2000 --rh-cortex-mask /out/sourcedata/freesurfer/sub-v1s14x0051561_ses-1/label/rh.cortex.label --rh-white /out/sourcedata/freesurfer/sub-v1s14x0051561_ses-1/surf/rh.white --rh-pial /out/sourcedata/freesurfer/sub-v1s14x0051561_ses-1/surf/rh.pial 

SUBJECTS_DIR /out/sourcedata/freesurfer
outvol aparc+aseg.mgz
16 avail.processors, using 16
Loading aseg.mgz
Loading /out/sourcedata/freesurfer/sub-v1s14x0051561_ses-1/surf/lh.white
Loading /out/sourcedata/freesurfer/sub-v1s14x0051561_ses-1/surf/lh.pial
Loading /out/sourcedata/freesurfer/sub-v1s14x0051561_ses-1/label/lh.cortex.label
Ripping lh vertices labeled not in lh.cortex.label
  ripped 9759 vertices from lh hemi
Loading /out/sourcedata/freesurfer/sub-v1s14x0051561_ses-1/label/lh.aparc.annot
Loading /out/sourcedata/freesurfer/sub-v1s14x0051561_ses-1/surf/rh.white
Loading /out/sourcedata/freesurfer/sub-v1s14x0051561_ses-1/surf/rh.pial
Loading /out/sourcedata/freesurfer/sub-v1s14x0051561_ses-1/label/rh.cortex.label
Ripping rh vertices labeled not in rh.cortex.label
  ripped 9812 vertices from rh hemi
Loading /out/sourcedata/freesurfer/sub-v1s14x0051561_ses-1/label/rh.aparc.annot
Done loading
 16  64 112 128  48   0  32  96 144 192 224 240 176 160 208  80 225 209 241  49  33  17   1 226 210 242  50  34  18   2 227 211 243  51  35  19 
  3 228 212 244  52  36  20   4 229 213 245  53  37  21   5 230 214  38  54  22 246   6 231 215  55  39 
 23   7 247 232 216  56  40  24   8 248 233 217  57  41  25   9 249 234 218  58  42  26  10 250 235 219 
 59 
 43  27  11 251 236 220  60  44  28  12 237 252 221  45 238  29 253  13 222  46  61 239 
 30 254  14 223  47  31 255  15  62  65  63 193  66 194 195 196 197 198 199 
200 201 202 203 204 205 206 207  67 113  81  68 145 177  97 114 161  69 129  70 146  82 115 178  71  98 130 162 116  72 147  83 117  99 
179 
 73 131 148 163  84 118  74 180 100 149  75  85 119 
132 164  76 150 181 101  86 120  77 133 151  87 182 165 121  78 102  88 134  79 
152 122 183 166 103  89 123 153 135 184 104 167 124  90 154 185 105 136  91 168 125 186 155 106 187  92 107 126 188 169 156 137 189  93 108 127 190 157 191  94 109 138 170 110 158  95 139 
171 111 159 
140 172 141 173 142 143 174 175 
nrelabeled = 527969
ndotcheck = 31240
Starting Surf2VolSeg free
free done
#VMPC# mri_surf2volseg VmPeak  2055116
mri_surf2volseg done
#-----------------------------------------
#@# AParc-to-ASeg aparc.a2009s Sun Mar  8 20:29:45 CET 2026
/out/sourcedata/freesurfer/sub-v1s14x0051561_ses-1/mri

 mri_surf2volseg --o aparc.a2009s+aseg.mgz --label-cortex --i aseg.mgz --threads 16 --lh-annot /out/sourcedata/freesurfer/sub-v1s14x0051561_ses-1/label/lh.aparc.a2009s.annot 11100 --lh-cortex-mask /out/sourcedata/freesurfer/sub-v1s14x0051561_ses-1/label/lh.cortex.label --lh-white /out/sourcedata/freesurfer/sub-v1s14x0051561_ses-1/surf/lh.white --lh-pial /out/sourcedata/freesurfer/sub-v1s14x0051561_ses-1/surf/lh.pial --rh-annot /out/sourcedata/freesurfer/sub-v1s14x0051561_ses-1/label/rh.aparc.a2009s.annot 12100 --rh-cortex-mask /out/sourcedata/freesurfer/sub-v1s14x0051561_ses-1/label/rh.cortex.label --rh-white /out/sourcedata/freesurfer/sub-v1s14x0051561_ses-1/surf/rh.white --rh-pial /out/sourcedata/freesurfer/sub-v1s14x0051561_ses-1/surf/rh.pial 

SUBJECTS_DIR /out/sourcedata/freesurfer
outvol aparc.a2009s+aseg.mgz
16 avail.processors, using 16
Loading aseg.mgz
Loading /out/sourcedata/freesurfer/sub-v1s14x0051561_ses-1/surf/lh.white
Loading /out/sourcedata/freesurfer/sub-v1s14x0051561_ses-1/surf/lh.pial
Loading /out/sourcedata/freesurfer/sub-v1s14x0051561_ses-1/label/lh.cortex.label
Ripping lh vertices labeled not in lh.cortex.label
  ripped 9759 vertices from lh hemi
Loading /out/sourcedata/freesurfer/sub-v1s14x0051561_ses-1/label/lh.aparc.a2009s.annot
Loading /out/sourcedata/freesurfer/sub-v1s14x0051561_ses-1/surf/rh.white
Loading /out/sourcedata/freesurfer/sub-v1s14x0051561_ses-1/surf/rh.pial
Loading /out/sourcedata/freesurfer/sub-v1s14x0051561_ses-1/label/rh.cortex.label
Ripping rh vertices labeled not in rh.cortex.label
  ripped 9812 vertices from rh hemi
Loading /out/sourcedata/freesurfer/sub-v1s14x0051561_ses-1/label/rh.aparc.a2009s.annot
Done loading
 32 128  96 224  16 176  64  80 208 192 112 240   0  48 160 144   1 225  17  33 209 241  49   2 226 210  18  34  50   3 227 211  35 242 228  19 
  4 212  51 243 229 213   5  20 230  52  36 214   6 231 215  21 244   7  53 232 216 245  22   8 233  37 217  54 234 218  23   9 246 235  55 219 
 10  38  24 236 220  56  11 247 237 221  25  12 238  39 
 57 222 239 
 13  26  40 248 223  58  14 249  27  59 
 15  41  28  60  42  29 250 251  30  43  61 252  31  44 253  45 254  46 255  47  62  65  63 193 194  66 195 196 197 198 199 
200 201 202 203 204 205 206 207 145  67 113 177 161  81  68  97 146 114  69 129 178 147  70 162  82 115  98  71 148 179 
116 163 130  72  83 149 180 117  99 
 73 164 150 131  84 118 181  74 100 151  85 119 
182  75 165 132  86 152 101  76 120 183 166  77  87 133 153 121 102 184  78  88 122 167 134 154 185  79 
103  89 123 155 186 168 104 135  90 124 187 156 188 105  91 169 125 189 136 106 190 157  92 191 126 107 170 137  93 158 127 108  94 171 159 
138 109  95 110 139 
172 111 140 173 141 174 142 175 143 
nrelabeled = 527969
ndotcheck = 31240
Starting Surf2VolSeg free
free done
#VMPC# mri_surf2volseg VmPeak  2055196
mri_surf2volseg done
#-----------------------------------------
#@# AParc-to-ASeg aparc.DKTatlas Sun Mar  8 20:30:25 CET 2026
/out/sourcedata/freesurfer/sub-v1s14x0051561_ses-1/mri

 mri_surf2volseg --o aparc.DKTatlas+aseg.mgz --label-cortex --i aseg.mgz --threads 16 --lh-annot /out/sourcedata/freesurfer/sub-v1s14x0051561_ses-1/label/lh.aparc.DKTatlas.annot 1000 --lh-cortex-mask /out/sourcedata/freesurfer/sub-v1s14x0051561_ses-1/label/lh.cortex.label --lh-white /out/sourcedata/freesurfer/sub-v1s14x0051561_ses-1/surf/lh.white --lh-pial /out/sourcedata/freesurfer/sub-v1s14x0051561_ses-1/surf/lh.pial --rh-annot /out/sourcedata/freesurfer/sub-v1s14x0051561_ses-1/label/rh.aparc.DKTatlas.annot 2000 --rh-cortex-mask /out/sourcedata/freesurfer/sub-v1s14x0051561_ses-1/label/rh.cortex.label --rh-white /out/sourcedata/freesurfer/sub-v1s14x0051561_ses-1/surf/rh.white --rh-pial /out/sourcedata/freesurfer/sub-v1s14x0051561_ses-1/surf/rh.pial 

SUBJECTS_DIR /out/sourcedata/freesurfer
outvol aparc.DKTatlas+aseg.mgz
16 avail.processors, using 16
Loading aseg.mgz
Loading /out/sourcedata/freesurfer/sub-v1s14x0051561_ses-1/surf/lh.white
Loading /out/sourcedata/freesurfer/sub-v1s14x0051561_ses-1/surf/lh.pial
Loading /out/sourcedata/freesurfer/sub-v1s14x0051561_ses-1/label/lh.cortex.label
Ripping lh vertices labeled not in lh.cortex.label
  ripped 9759 vertices from lh hemi
Loading /out/sourcedata/freesurfer/sub-v1s14x0051561_ses-1/label/lh.aparc.DKTatlas.annot
Loading /out/sourcedata/freesurfer/sub-v1s14x0051561_ses-1/surf/rh.white
Loading /out/sourcedata/freesurfer/sub-v1s14x0051561_ses-1/surf/rh.pial
Loading /out/sourcedata/freesurfer/sub-v1s14x0051561_ses-1/label/rh.cortex.label
Ripping rh vertices labeled not in rh.cortex.label
  ripped 9812 vertices from rh hemi
Loading /out/sourcedata/freesurfer/sub-v1s14x0051561_ses-1/label/rh.aparc.DKTatlas.annot
Done loading
  0  32  80 240 144  96 160  48 128 208 192 112 224 176   1  49  33  16 241 209  64  17  50  34   2 242 225  18  51   3 210 226  35  19 
  4  52  36 243 211 227  20   5  53 244  21   6  54 212  22 245  37   7  55 228  23 246  38   8  56  24  39 
  9 247  57 213 229  25  40  10 248  58  26 214  41  11  59 
249  27 230  42  12  60 215 250  28  43  13 231  29 216  44  14  30 232  45  15  61 217  31  46 233 251 218  47 252 234 219 
253 235 254 220 255 236 221 237 222  62 238 223 239 
 63  65 193 194 195  66 196 197 198 199 
200 201 202 203 204 205 206 207 145  67 177 161 113  81 146  68  97 129 178 147  69 114 162  82  70 148 179 
130  98 163 115  71 149 180 131  83 150 164 116  72 181  99 
151 132 117 182  73 165  84 152 133 183 100  74 118 166 153  85 184 134  75 154 167 119 
101 185  76  86 135 155 186 168 120  77 187 102  87 156 188 136  78 169 189 121 190  88 157 191 137 103  79 
170 122 158  89 138 104 171 159 
123 139 
 90 105 172 140 124 106  91 141 173 125 142 107 174  92 143 108 126 175  93 109 127  94 110  95 111 
nrelabeled = 527969
ndotcheck = 31240
Starting Surf2VolSeg free
free done
#VMPC# mri_surf2volseg VmPeak  2055092
mri_surf2volseg done
#-----------------------------------------
#@# WMParc Sun Mar  8 20:31:06 CET 2026
/out/sourcedata/freesurfer/sub-v1s14x0051561_ses-1/mri

 mri_surf2volseg --o wmparc.mgz --label-wm --i aparc+aseg.mgz --threads 16 --lh-annot /out/sourcedata/freesurfer/sub-v1s14x0051561_ses-1/label/lh.aparc.annot 3000 --lh-cortex-mask /out/sourcedata/freesurfer/sub-v1s14x0051561_ses-1/label/lh.cortex.label --lh-white /out/sourcedata/freesurfer/sub-v1s14x0051561_ses-1/surf/lh.white --lh-pial /out/sourcedata/freesurfer/sub-v1s14x0051561_ses-1/surf/lh.pial --rh-annot /out/sourcedata/freesurfer/sub-v1s14x0051561_ses-1/label/rh.aparc.annot 4000 --rh-cortex-mask /out/sourcedata/freesurfer/sub-v1s14x0051561_ses-1/label/rh.cortex.label --rh-white /out/sourcedata/freesurfer/sub-v1s14x0051561_ses-1/surf/rh.white --rh-pial /out/sourcedata/freesurfer/sub-v1s14x0051561_ses-1/surf/rh.pial 

SUBJECTS_DIR /out/sourcedata/freesurfer
outvol wmparc.mgz
16 avail.processors, using 16
Loading aparc+aseg.mgz
Loading /out/sourcedata/freesurfer/sub-v1s14x0051561_ses-1/surf/lh.white
Loading /out/sourcedata/freesurfer/sub-v1s14x0051561_ses-1/surf/lh.pial
Loading /out/sourcedata/freesurfer/sub-v1s14x0051561_ses-1/label/lh.cortex.label
Ripping lh vertices labeled not in lh.cortex.label
  ripped 9759 vertices from lh hemi
Loading /out/sourcedata/freesurfer/sub-v1s14x0051561_ses-1/label/lh.aparc.annot
Loading /out/sourcedata/freesurfer/sub-v1s14x0051561_ses-1/surf/rh.white
Loading /out/sourcedata/freesurfer/sub-v1s14x0051561_ses-1/surf/rh.pial
Loading /out/sourcedata/freesurfer/sub-v1s14x0051561_ses-1/label/rh.cortex.label
Ripping rh vertices labeled not in rh.cortex.label
  ripped 9812 vertices from rh hemi
Loading /out/sourcedata/freesurfer/sub-v1s14x0051561_ses-1/label/rh.aparc.annot
Done loading
  0 176  32  16  80 112 240  96 128  48 144  64 208 160 224 192  17 225  33 209  49 241 193  18  65   1 226  34 210  50 242 194  19 
  2 227  35 211  51 243  20 195   3 228 212  36  52  66 244  21 196   4 229 213  37  53 245 197   5 230 214 246  38  22  54 198   6 231 215 247  39 
 23  55 199 
  7 232 216 248  40  24  56 200   8 233 217 249  41  25  57 201   9 234 218  67 250  42  26  58 202  10 235 219 
251  43  27  59 
203  11 236 220 252  44  28  60 204  12 237 253 221  45  29  61 205  13 238 254  68 222  46  30  62 206  14 255 239 
223  63  47  31 207  15 129  69  81  70  71 177 130  82  97 161  72 145 131 113  83 178  73 132  74 179 
 98  84 162 133  75 114 180  85 134 146  76 163  99 
181  86  77 182 135  78 115 164  87 147 183 100  79 
 88 184 165 116 185 136 186 101  89 148 187 166 117 188 189 190 191  90 137 167 102 149 118  91 168 103 138 119 
169  92 150 170 139 
120 104  93 151 171 121 140  94 105 172  95 122 152 106 173 141 174 123 142 153 107 175 124 154 143 108 125 155 126 109 156 127 157 110 158 159 
111 
nrelabeled = 587620
ndotcheck = 4680
Starting Surf2VolSeg free
free done
#VMPC# mri_surf2volseg VmPeak  2055116
mri_surf2volseg done

 mri_segstats --seed 1234 --seg mri/wmparc.mgz --sum stats/wmparc.stats --pv mri/norm.mgz --excludeid 0 --brainmask mri/brainmask.mgz --in mri/norm.mgz --in-intensity-name norm --in-intensity-units MR --subject sub-v1s14x0051561_ses-1 --surf-wm-vol --ctab /opt/freesurfer/WMParcStatsLUT.txt --etiv 

setting seed for random number genererator to 1234

7.3.2
cwd 
cmdline mri_segstats --seed 1234 --seg mri/wmparc.mgz --sum stats/wmparc.stats --pv mri/norm.mgz --excludeid 0 --brainmask mri/brainmask.mgz --in mri/norm.mgz --in-intensity-name norm --in-intensity-units MR --subject sub-v1s14x0051561_ses-1 --surf-wm-vol --ctab /opt/freesurfer/WMParcStatsLUT.txt --etiv 
sysname  Linux
hostname dna013
machine  x86_64
user     oesteban
whitesurfname  white
UseRobust  0
atlas_icv (eTIV) = 1807028 mm^3    (det: 1.078071 )
Loading mri/wmparc.mgz
Getting Brain Volume Statistics
Loading mri/norm.mgz
Loading mri/norm.mgz
Voxel Volume is 1 mm^3
Generating list of segmentation ids
Found 390 segmentations
Computing statistics for each segmentation

Reporting on  70 segmentations
Using PrintSegStat
mri_segstats done
#--------------------------------------------
#@# ASeg Stats Sun Mar  8 20:34:40 CET 2026
/out/sourcedata/freesurfer/sub-v1s14x0051561_ses-1

 mri_segstats --seed 1234 --seg mri/aseg.mgz --sum stats/aseg.stats --pv mri/norm.mgz --empty --brainmask mri/brainmask.mgz --brain-vol-from-seg --excludeid 0 --excl-ctxgmwm --supratent --subcortgray --in mri/norm.mgz --in-intensity-name norm --in-intensity-units MR --etiv --surf-wm-vol --surf-ctx-vol --totalgray --euler --ctab /opt/freesurfer/ASegStatsLUT.txt --subject sub-v1s14x0051561_ses-1 

setting seed for random number genererator to 1234

7.3.2
cwd 
cmdline mri_segstats --seed 1234 --seg mri/aseg.mgz --sum stats/aseg.stats --pv mri/norm.mgz --empty --brainmask mri/brainmask.mgz --brain-vol-from-seg --excludeid 0 --excl-ctxgmwm --supratent --subcortgray --in mri/norm.mgz --in-intensity-name norm --in-intensity-units MR --etiv --surf-wm-vol --surf-ctx-vol --totalgray --euler --ctab /opt/freesurfer/ASegStatsLUT.txt --subject sub-v1s14x0051561_ses-1 
sysname  Linux
hostname dna013
machine  x86_64
user     oesteban
whitesurfname  white
UseRobust  0
atlas_icv (eTIV) = 1807028 mm^3    (det: 1.078071 )
Computing euler number
orig.nofix lheno =  -60, rheno = -80
orig.nofix lhholes =   31, rhholes = 41
Loading mri/aseg.mgz
Getting Brain Volume Statistics
Loading mri/norm.mgz
Loading mri/norm.mgz
Voxel Volume is 1 mm^3
Generating list of segmentation ids
Found  50 segmentations
Computing statistics for each segmentation

Reporting on  45 segmentations
Using PrintSegStat
mri_segstats done

Started at Sun Mar 8 20:28:32 CET 2026 
Ended   at Sun Mar 8 20:35:22 CET 2026
#@#%# recon-all-run-time-hours 0.114
recon-all -s sub-v1s14x0051561_ses-1 finished without error at Sun Mar  8 20:35:22 CET 2026
