#!ascii label  , from subject sub-v1s14x0051563_ses-1 vox2ras=TkReg
3820
41093  12.387  -46.720  50.084 0.2222220004
42085  12.761  -46.392  49.079 0.2222220004
41092  13.444  -46.815  50.026 0.2222220004
143563  11.935  -46.711  49.186 0.2222220004
41078  15.147  -46.941  50.152 0.1111110002
41070  14.037  -46.934  51.131 0.2222220004
41079  14.232  -47.034  50.549 0.2222220004
162456  12.524  -46.706  50.632 0.2222220004
41104  12.105  -46.700  48.379 0.2222220004
42061  14.364  -46.513  51.353 0.2222220004
41069  14.754  -46.880  50.887 0.1111110002
42057  13.097  -45.873  51.588 0.1111110002
42063  12.585  -46.278  51.206 0.1111110002
42062  13.446  -46.515  51.294 0.2222220004
41080  13.242  -46.857  50.750 0.2222220004
43032  11.673  -45.584  51.093 0.1111110002
43033  10.348  -45.517  50.604 0.2222220004
158534  11.756  -46.131  51.032 0.1111110002
41072  11.171  -46.357  50.705 0.2222220004
41071  12.621  -46.615  50.872 0.2222220004
41081  11.749  -46.648  50.425 0.2222220004
41082  10.958  -46.666  50.489 0.2222220004
41094  11.435  -47.005  49.627 0.2222220004
41095  10.771  -47.248  49.888 0.2222220004
163095  15.499  -45.440  50.865 0.1111110002
43030  15.374  -45.920  51.109 0.1111110002
43031  13.897  -45.978  51.676 0.1111110002
43023  13.422  -45.202  51.479 0.1111110002
43025  12.081  -45.053  51.194 0.1111110002
44019  10.019  -44.245  50.486 0.3333329856
43026  11.170  -44.928  50.877 0.2222220004
43034  9.658  -45.129  50.409 0.3333329856
147169  10.292  -46.119  50.514 0.3333329856
42071  9.371  -46.366  50.240 0.4444440007
41073  10.471  -46.503  50.501 0.3333329856
141121  8.546  -46.447  50.017 0.4444440007
40082  8.640  -47.742  49.677 0.4444440007
40081  9.498  -47.612  49.874 0.4444440007
41105  11.346  -47.446  48.629 0.2222220004
40091  8.218  -48.354  49.251 0.4444440007
140752  9.755  -48.300  49.345 0.3333329856
40089  10.395  -48.043  49.236 0.2222220004
39139  10.096  -48.793  48.824 0.2222220004
40099  10.711  -48.451  48.512 0.2222220004
39147  10.725  -49.046  47.791 0.2222220004
44021  15.241  -44.698  50.609 0.1111110002
45040  13.164  -43.810  50.662 0.1111110002
44022  14.518  -44.715  50.854 0.1111110002
148606  12.642  -44.121  50.768 0.1111110002
44016  12.524  -44.619  51.043 0.1111110002
146931  12.050  -43.996  50.738 0.1111110002
157981  11.856  -44.498  50.904 0.1111110002
45049  9.678  -43.694  50.636 0.3333329856
45058  8.622  -43.981  49.880 0.4444440007
163783  8.133  -44.991  50.015 0.3333329856
44029  7.773  -44.999  49.326 0.4444440007
42073  7.582  -46.183  49.584 0.4444440007
42078  7.317  -46.694  49.334 0.4444440007
39141  8.487  -49.072  48.994 0.4444440007
40092  7.472  -48.112  49.021 0.4444440007
162956  9.847  -49.189  48.560 0.2222220004
38205  9.871  -49.705  47.608 0.2222220004
45039  14.051  -43.835  50.529 0.1111110002
52793  19.182  -36.869  50.523 0.4444440007
154304  19.657  -36.992  51.172 0.3333329856
46145  12.777  -42.759  50.792 0.1111110002
155648  19.452  -37.912  51.686 0.2222220004
51640  19.168  -38.214  51.843 0.2222220004
45041  12.326  -43.440  50.750 0.2222220004
46146  11.193  -42.593  51.158 0.2222220004
45043  10.923  -43.358  50.832 0.2222220004
46167  9.313  -43.463  49.711 0.3333329856
147698  10.003  -43.240  50.943 0.3333329856
44043  9.228  -45.111  47.151 0.6666669846
44038  8.924  -44.760  47.927 0.5555559993
43069  8.174  -46.163  47.285 0.6666669846
42094  7.614  -46.587  47.798 0.6666669846
43051  7.057  -46.222  48.965 0.4444440007
149351  7.438  -47.469  47.458 0.5555559993
42095  7.052  -46.959  48.388 0.4444440007
39142  7.895  -48.926  48.884 0.4444440007
39140  9.368  -49.054  48.901 0.3333329856
38207  8.476  -49.796  47.831 0.4444440007
37210  8.687  -50.490  46.510 0.2222220004
37223  10.766  -50.585  44.733 0.2222220004
51650  16.726  -37.918  51.480 0.3333329856
45048  14.750  -43.820  50.331 0.1111110002
51642  17.684  -38.246  52.022 0.2222220004
149395  16.784  -38.232  52.077 0.2222220004
46144  13.650  -42.880  50.599 0.1111110002
46143  14.484  -42.730  50.379 0.1111110002
52781  18.847  -37.085  51.181 0.3333329856
50564  17.350  -39.033  52.152 0.2222220004
147643  12.561  -41.954  51.229 0.1111110002
51648  18.396  -37.633  51.589 0.2222220004
49513  17.960  -39.374  51.982 0.2222220004
49514  17.105  -39.911  52.092 0.1111110002
48383  11.173  -41.290  52.077 0.2222220004
47238  11.968  -42.176  51.311 0.1111110002
52805  18.540  -36.966  49.807 0.4444440007
52806  17.947  -37.269  50.338 0.3333329856
48378  18.785  -39.798  50.964 0.2222220004
47248  10.122  -41.971  50.700 0.2222220004
46166  9.996  -42.933  49.230 0.5555559993
45063  9.677  -43.634  48.797 0.5555559993
45069  9.989  -43.842  47.888 0.6666669846
45070  9.307  -44.168  48.297 0.5555559993
43068  8.842  -45.819  46.820 0.5555559993
42109  8.870  -47.112  45.628 0.5555559993
41124  7.559  -48.229  46.844 0.5555559993
40113  7.728  -48.950  46.363 0.4444440007
38216  8.218  -50.000  47.186 0.4444440007
38222  8.001  -50.308  46.433 0.3333329856
46150  15.363  -42.371  50.061 0.1111110002
46142  14.994  -41.929  50.521 0.1111110002
157926  14.118  -42.137  50.765 0.1111110002
50565  16.698  -38.816  52.304 0.2222220004
50560  16.044  -39.537  52.419 0.2222220004
47236  14.150  -41.462  51.167 0.1111110002
51649  17.528  -37.770  51.624 0.3333329856
51660  15.991  -38.368  50.478 0.4444440007
47234  15.784  -40.929  51.137 0.1111110002
49517  12.562  -40.481  52.080 0.3333329856
48398  11.139  -41.007  50.895 0.4444440007
141341  19.417  -36.781  49.646 0.4444440007
52818  18.202  -37.274  48.863 0.5555559993
51679  17.662  -37.771  48.315 0.4444440007
150587  17.479  -37.727  49.123 0.4444440007
51671  16.245  -38.642  49.070 0.4444440007
47256  11.341  -41.960  49.123 0.3333329856
52827  18.756  -36.969  47.514 0.5555559993
51688  17.806  -37.769  47.631 0.4444440007
51689  17.186  -38.224  47.743 0.4444440007
50606  16.587  -38.870  47.508 0.4444440007
46171  11.144  -42.940  47.873 0.5555559993
162276  19.290  -36.766  47.905 0.5555559993
52838  18.883  -36.927  46.726 0.6666669846
51697  17.806  -37.930  46.243 0.4444440007
51705  17.166  -38.687  45.976 0.5555559993
49568  16.660  -39.413  45.814 0.5555559993
146643  16.632  -39.689  45.104 0.5555559993
46175  11.448  -43.275  47.066 0.5555559993
45074  10.975  -43.840  46.655 0.6666669846
156237  18.533  -37.323  46.148 0.6666669846
50630  17.217  -39.038  44.116 0.6666669846
50623  17.074  -38.981  44.982 0.5555559993
49585  16.631  -39.859  43.501 0.5555559993
49586  16.228  -40.249  43.107 0.6666669846
44041  10.568  -44.483  46.318 0.5555559993
49594  16.787  -39.711  42.705 0.6666669846
43078  9.003  -46.115  45.921 0.5555559993
41142  9.067  -47.874  44.843 0.5555559993
41133  8.579  -48.081  45.587 0.6666669846
41134  7.981  -48.290  46.120 0.5555559993
39167  7.739  -50.069  45.753 0.5555559993
145658  7.746  -49.732  46.600 0.4444440007
38223  7.826  -50.408  45.720 0.5555559993
50578  15.497  -38.646  50.940 0.2222220004
50571  15.453  -38.772  52.094 0.3333329856
50579  14.818  -38.977  50.685 0.2222220004
49511  15.027  -39.908  52.317 0.2222220004
49516  14.236  -39.628  52.180 0.2222220004
49522  12.681  -39.975  51.909 0.4444440007
47251  11.960  -41.366  49.505 0.5555559993
138684  15.567  -39.155  49.115 0.3333329856
50588  14.873  -39.444  49.656 0.4444440007
49537  13.083  -40.137  50.286 0.4444440007
48387  12.419  -40.494  50.773 0.4444440007
46164  11.691  -42.428  48.308 0.5555559993
138296  15.890  -39.141  48.237 0.5555559993
49549  15.374  -39.843  47.886 0.4444440007
49560  16.073  -39.771  46.455 0.5555559993
52848  19.124  -36.845  45.885 0.6666669846
51711  18.167  -37.856  44.515 0.5555559993
50622  17.731  -38.269  45.246 0.5555559993
49569  16.173  -40.153  44.766 0.5555559993
49576  16.223  -40.249  43.935 0.5555559993
44046  10.682  -44.707  45.488 0.5555559993
51719  18.067  -38.062  43.653 0.5555559993
50636  17.618  -38.779  43.505 0.5555559993
137307  10.020  -44.994  45.882 0.5555559993
43077  9.730  -45.761  45.553 0.5555559993
42108  9.499  -46.549  45.209 0.5555559993
42119  9.396  -47.245  44.865 0.5555559993
40121  8.211  -48.884  45.550 0.6666669846
50573  14.212  -39.360  51.066 0.2222220004
50568  14.073  -39.314  51.961 0.2222220004
49542  15.202  -39.654  48.721 0.4444440007
49536  13.939  -39.896  49.730 0.4444440007
47255  12.223  -41.803  48.631 0.5555559993
48430  15.583  -40.453  46.189 0.4444440007
49561  15.483  -40.156  47.054 0.5555559993
140088  14.721  -40.122  48.349 0.4444440007
49535  14.564  -39.896  49.045 0.4444440007
49543  14.060  -40.335  48.828 0.4444440007
52837  19.605  -36.684  46.537 0.5555559993
52847  19.912  -36.607  45.853 0.5555559993
138965  16.078  -39.968  45.597 0.4444440007
49551  14.262  -40.662  48.088 0.4444440007
52857  18.947  -36.871  45.050 0.6666669846
48447  15.655  -40.643  45.287 0.4444440007
48448  14.978  -40.964  45.790 0.4444440007
153899  11.730  -43.578  46.161 0.5555559993
45078  11.106  -44.101  45.841 0.5555559993
51718  18.655  -37.518  43.880 0.5555559993
50637  17.049  -39.333  43.469 0.6666669846
51727  17.998  -38.347  42.659 0.6666669846
50643  17.624  -38.891  41.932 0.6666669846
148104  17.145  -39.347  42.107 0.6666669846
48461  15.692  -40.748  44.388 0.5555559993
48462  15.055  -41.130  44.879 0.5555559993
50644  17.375  -39.072  42.729 0.6666669846
48488  15.720  -40.697  42.693 0.6666669846
143701  15.274  -41.045  43.099 0.6666669846
53983  21.890  -36.251  46.692 0.4444440007
48407  12.733  -41.090  48.920 0.5555559993
47260  12.381  -42.147  47.827 0.5555559993
159992  20.956  -36.449  46.724 0.5555559993
143967  21.414  -36.312  45.952 0.5555559993
47254  13.033  -41.560  48.049 0.4444440007
46170  11.923  -42.737  47.500 0.4444440007
138039  20.653  -36.470  45.896 0.5555559993
48431  14.867  -40.819  46.777 0.4444440007
48406  13.546  -40.897  48.487 0.4444440007
52863  19.082  -36.922  44.158 0.7777780294
142689  13.124  -42.103  46.758 0.4444440007
152436  12.113  -42.932  46.685 0.4444440007
52871  19.098  -37.045  43.289 0.5555559993
48432  14.119  -41.271  46.993 0.4444440007
46169  12.571  -42.474  47.119 0.4444440007
143261  18.633  -37.699  43.035 0.5555559993
48476  15.086  -41.277  43.876 0.5555559993
47266  13.782  -41.799  46.527 0.4444440007
50653  17.720  -38.831  41.083 0.6666669846
47279  13.875  -42.076  45.090 0.5555559993
162426  12.890  -42.728  45.732 0.4444440007
44047  10.243  -45.316  45.071 0.5555559993
49602  16.693  -39.744  41.779 0.6666669846
49595  16.174  -40.171  42.247 0.6666669846
42118  9.806  -46.909  44.397 0.5555559993
41141  9.558  -47.713  44.149 0.5555559993
50664  17.220  -39.203  40.565 0.6666669846
49613  16.664  -39.701  40.880 0.6666669846
48501  15.601  -40.684  41.816 0.6666669846
53982  22.750  -36.049  46.656 0.4444440007
53996  21.039  -36.383  45.353 0.5555559993
52856  19.676  -36.693  44.566 0.6666669846
157960  19.038  -37.235  42.563 0.5555559993
47278  14.534  -41.595  45.416 0.5555559993
51737  18.176  -38.327  41.611 0.6666669846
47291  14.539  -41.727  44.550 0.5555559993
50663  17.781  -38.806  40.272 0.6666669846
46182  13.242  -42.624  45.168 0.5555559993
49603  16.072  -40.124  41.342 0.6666669846
47318  14.789  -41.518  42.982 0.6666669846
159451  17.306  -39.072  39.880 0.6666669846
48519  15.464  -40.662  40.856 0.6666669846
49621  16.649  -39.550  39.857 0.6666669846
49614  15.953  -40.044  40.377 0.6666669846
145341  22.225  -36.038  45.942 0.5555559993
53995  21.745  -36.215  45.158 0.6666669846
54010  21.734  -36.257  44.309 0.6666669846
54011  21.059  -36.364  44.673 0.6666669846
158991  20.558  -36.462  43.519 0.6666669846
52870  19.676  -36.835  42.538 0.5555559993
51726  18.676  -37.779  42.140 0.6666669846
52880  19.227  -37.170  41.814 0.5555559993
51736  18.810  -37.756  41.119 0.6666669846
51745  18.241  -38.366  40.718 0.6666669846
52893  19.129  -37.512  40.243 0.6666669846
47292  13.980  -42.065  44.269 0.5555559993
51744  18.645  -38.000  40.319 0.6666669846
47306  14.389  -41.849  43.677 0.5555559993
48502  14.886  -41.179  41.419 0.6666669846
47329  14.583  -41.581  42.115 0.6666669846
51752  18.295  -38.435  39.899 0.6666669846
50672  17.059  -39.031  39.163 0.6666669846
164889  14.472  -41.612  41.506 0.6666669846
50671  17.774  -38.776  39.477 0.6666669846
54041  20.299  -36.506  42.099 0.5555559993
154300  19.899  -36.720  41.566 0.5555559993
52879  19.469  -37.080  40.923 0.6666669846
52892  19.709  -36.959  40.041 0.6666669846
51760  18.348  -38.429  39.022 0.6666669846
49622  15.754  -39.934  39.375 0.6666669846
51759  18.953  -37.877  38.679 0.6666669846
50680  17.655  -38.747  38.584 0.6666669846
50673  16.300  -39.451  38.803 0.5555559993
50681  16.785  -38.964  38.237 0.5555559993
54039  21.672  -36.147  42.507 0.7777780294
54056  20.672  -36.300  41.321 0.5555559993
54057  20.120  -36.593  40.675 0.5555559993
52905  19.361  -37.389  39.374 0.6666669846
141724  18.345  -38.366  37.929 0.5555559993
50682  15.914  -39.202  37.843 0.5555559993
51769  17.860  -38.350  37.096 0.4444440007
137008  22.453  -36.089  42.757 0.7777780294
137007  22.287  -36.013  41.919 0.6666669846
54023  23.274  -36.054  43.058 0.7777780294
54072  20.728  -36.193  40.326 0.6666669846
54073  20.279  -36.468  39.767 0.6666669846
52904  19.882  -36.784  39.134 0.5555559993
149296  19.156  -37.692  37.676 0.5555559993
51770  17.017  -38.351  36.790 0.4444440007
51768  18.585  -38.024  36.930 0.4444440007
137182  23.063  -36.036  42.202 0.6666669846
137006  22.144  -35.928  41.018 0.6666669846
137005  21.966  -35.827  39.950 0.6666669846
54071  21.346  -35.970  40.704 0.6666669846
54088  21.299  -35.774  39.166 0.7777780294
54090  20.350  -36.290  38.855 0.6666669846
52917  19.559  -37.200  38.424 0.5555559993
160592  19.753  -36.974  37.395 0.4444440007
151263  17.754  -37.940  36.255 0.4444440007
54054  23.568  -36.138  41.733 0.6666669846
54070  22.866  -35.932  40.507 0.6666669846
54110  21.102  -35.534  38.179 0.7777780294
54111  20.760  -35.877  38.596 0.6666669846
157236  20.686  -35.719  37.733 0.6666669846
54138  20.141  -36.419  36.990 0.5555559993
51778  18.663  -37.636  36.177 0.3333329856
54163  19.884  -36.594  35.809 0.5555559993
55130  33.171  -35.278  41.889 0.5555559993
139814  32.248  -34.989  40.199 0.7777780294
55140  32.205  -34.954  41.799 0.8888890147
156528  32.202  -35.069  39.333 0.7777780294
55157  31.441  -35.338  39.597 0.8888890147
55141  31.237  -35.310  41.232 0.8888890147
54081  31.003  -35.586  38.904 0.8888890147
162545  31.545  -35.236  40.439 0.8888890147
136394  30.002  -35.843  40.030 0.7777780294
54048  29.711  -35.665  41.765 0.7777780294
54082  30.553  -35.710  39.471 0.8888890147
54083  29.780  -36.006  39.272 0.7777780294
54064  29.501  -35.906  40.453 0.7777780294
54049  28.928  -35.787  41.819 0.7777780294
137217  29.290  -36.146  39.820 0.7777780294
142456  28.656  -36.409  39.773 0.7777780294
153268  27.572  -36.400  41.195 0.7777780294
52877  26.679  -36.555  41.270 0.7777780294
54037  24.635  -36.195  42.636 0.7777780294
52888  28.013  -36.517  40.276 0.7777780294
54067  25.055  -36.528  41.264 0.7777780294
54053  24.355  -36.340  41.681 0.7777780294
52890  26.143  -36.703  40.516 0.7777780294
54068  24.450  -36.433  40.668 0.6666669846
150515  23.640  -36.151  40.144 0.6666669846
54069  23.616  -36.159  41.016 0.6666669846
54087  22.880  -35.858  39.530 0.7777780294
54109  21.987  -35.667  38.721 0.7777780294
54136  20.721  -35.600  37.118 0.7777780294
54137  20.468  -35.929  36.888 0.5555559993
55154  34.540  -35.224  39.861 0.5555559993
155078  34.147  -35.265  40.376 0.5555559993
55138  33.454  -35.293  41.185 0.6666669846
55162  33.509  -35.003  38.980 0.5555559993
55156  32.910  -34.952  39.611 0.6666669846
55163  32.678  -35.104  38.736 0.7777780294
54102  31.764  -35.370  38.597 0.8888890147
54101  32.452  -35.429  37.881 0.8888890147
153062  31.680  -35.637  37.676 0.8888890147
145324  30.916  -35.729  38.127 0.8888890147
54104  29.643  -36.171  38.539 0.7777780294
54130  31.085  -35.825  37.284 0.8888890147
54131  30.345  -35.968  37.527 0.7777780294
54132  29.661  -36.231  37.809 0.7777780294
54157  30.484  -36.065  36.663 0.7777780294
54105  29.007  -36.450  38.176 0.6666669846
52899  28.129  -36.601  39.329 0.7777780294
52889  27.030  -36.670  40.427 0.7777780294
54178  30.951  -36.181  35.924 0.7777780294
52938  30.202  -36.374  35.751 0.7777780294
54158  29.817  -36.221  37.155 0.7777780294
52926  29.055  -36.491  37.292 0.7777780294
52900  27.306  -36.699  39.576 0.7777780294
54085  24.303  -36.400  39.912 0.6666669846
137156  29.961  -36.608  34.843 0.7777780294
52939  29.588  -36.380  36.493 0.7777780294
159087  28.424  -36.583  37.811 0.6666669846
52913  27.496  -36.683  38.740 0.6666669846
137600  26.029  -36.709  39.129 0.8888890147
160182  24.879  -36.561  40.077 0.7777780294
52955  29.318  -36.532  35.651 0.8888890147
52941  27.807  -36.642  36.324 0.7777780294
52927  27.643  -36.659  37.889 0.7777780294
148507  26.922  -36.699  38.198 0.7777780294
52914  26.711  -36.719  38.945 0.7777780294
52902  25.558  -36.678  39.765 0.8888890147
52903  24.727  -36.498  39.413 0.7777780294
140103  30.361  -36.826  32.643 0.7777780294
52986  29.600  -36.767  33.370 0.7777780294
137011  29.061  -36.635  34.793 0.7777780294
52956  28.424  -36.620  35.546 0.7777780294
145461  27.194  -36.654  37.106 0.7777780294
164323  27.075  -36.681  37.700 0.7777780294
54108  22.966  -35.782  38.571 0.7777780294
53002  29.411  -36.807  32.445 0.6666669846
137009  28.226  -36.707  33.734 0.6666669846
52958  26.496  -36.586  35.173 0.6666669846
139143  21.381  -35.408  37.585 0.7777780294
142943  22.253  -35.599  37.911 0.7777780294
52987  28.753  -36.758  33.146 0.5555559993
137913  27.261  -36.619  34.659 0.6666669846
53003  28.580  -36.797  32.289 0.5555559993
55146  35.200  -35.480  39.887 0.4444440007
54099  35.596  -35.579  38.788 0.4444440007
163503  34.599  -35.282  38.811 0.5555559993
55161  34.266  -35.117  39.216 0.5555559993
54100  35.008  -35.509  38.365 0.4444440007
55171  34.165  -35.317  38.385 0.5555559993
55172  33.299  -35.299  38.105 0.5555559993
147074  33.114  -35.668  37.229 0.7777780294
54129  32.211  -35.760  37.008 0.7777780294
162532  31.616  -35.784  37.141 0.8888890147
54177  31.689  -36.262  35.700 0.8888890147
54156  31.456  -35.936  36.561 0.8888890147
158435  31.003  -36.514  34.979 0.8888890147
52971  31.632  -36.789  34.017 0.8888890147
157387  29.622  -36.691  34.151 0.8888890147
52972  30.557  -36.763  33.767 0.7777780294
54222  30.828  -36.710  31.842 0.8888890147
53013  30.087  -36.769  31.626 0.7777780294
52974  26.656  -36.577  34.196 0.6666669846
54236  30.859  -36.198  31.067 0.8888890147
54237  29.892  -36.432  30.736 0.8888890147
53014  29.211  -36.762  31.531 0.5555559993
164370  28.501  -36.778  31.536 0.5555559993
52988  27.833  -36.761  32.998 0.5555559993
52989  26.898  -36.617  33.345 0.5555559993
144532  29.543  -35.895  29.959 0.5555559993
53015  28.005  -36.686  31.122 0.5555559993
53004  27.084  -36.691  32.494 0.5555559993
147745  28.324  -36.281  30.113 0.4444440007
54250  27.437  -36.301  29.910 0.4444440007
54060  36.967  -36.205  40.442 0.2222220004
137839  35.843  -35.680  38.064 0.4444440007
54151  36.522  -35.952  36.192 0.5555559993
54125  36.158  -35.844  37.169 0.4444440007
54126  35.293  -35.753  37.457 0.4444440007
146008  34.631  -35.843  36.958 0.5555559993
54172  36.786  -35.890  35.170 0.5555559993
54152  35.516  -35.981  36.419 0.5555559993
54153  34.674  -36.107  36.115 0.6666669846
54128  33.935  -35.625  37.500 0.6666669846
156980  36.051  -36.033  35.562 0.5555559993
54173  35.352  -36.268  35.462 0.6666669846
54174  34.660  -36.427  35.427 0.7777780294
54154  33.847  -35.933  36.567 0.6666669846
54155  32.977  -35.961  36.293 0.7777780294
54192  34.962  -36.394  34.568 0.7777780294
54175  34.057  -36.277  35.800 0.7777780294
158319  33.570  -36.092  36.033 0.7777780294
52952  34.153  -36.572  35.077 0.7777780294
154281  33.408  -36.401  35.509 0.8888890147
54176  32.538  -36.326  35.590 0.8888890147
149581  32.171  -35.982  36.220 0.8888890147
52968  34.116  -36.548  34.260 0.8888890147
52970  32.564  -36.785  34.067 0.8888890147
52984  33.107  -36.678  33.288 0.7777780294
52954  32.054  -36.584  34.878 0.8888890147
52999  32.795  -36.482  32.442 0.7777780294
54220  32.344  -36.112  31.762 0.7777780294
52985  32.251  -36.812  33.204 0.8888890147
54235  31.782  -35.744  31.175 0.7777780294
54221  31.517  -36.430  31.722 0.8888890147
55249  31.952  -34.781  30.964 0.8888890147
53001  31.172  -36.778  32.431 0.7777780294
55259  31.573  -34.284  30.483 0.8888890147
55260  30.857  -34.734  30.105 0.7777780294
56187  31.203  -33.670  30.063 0.6666669846
54248  30.494  -35.699  30.244 0.7777780294
56193  30.777  -33.523  29.300 0.4444440007
56188  30.484  -34.357  29.545 0.6666669846
55261  29.748  -35.030  29.373 0.5555559993
54249  28.901  -35.589  29.363 0.4444440007
57237  31.145  -32.763  29.058 0.3333329856
56194  29.800  -34.063  29.019 0.4444440007
55268  29.167  -34.828  29.019 0.4444440007
54259  27.937  -35.855  29.314 0.4444440007
52885  37.809  -36.843  40.325 0.2222220004
54079  36.658  -35.799  39.739 0.3333329856
54077  37.962  -36.206  39.183 0.3333329856
54098  36.388  -35.754  38.783 0.4444440007
138928  37.409  -35.919  37.829 0.3333329856
145474  37.436  -35.829  35.834 0.6666669846
144503  37.140  -35.902  36.955 0.4444440007
54191  36.026  -35.996  34.601 0.6666669846
54207  34.640  -36.183  33.569 0.7777780294
152575  34.128  -35.545  32.169 0.7777780294
52983  33.859  -36.430  33.451 0.8888890147
55241  33.870  -34.996  31.611 0.7777780294
159626  34.237  -35.950  32.901 0.7777780294
55247  33.826  -33.924  31.436 0.8888890147
54219  33.270  -35.684  31.811 0.7777780294
56180  32.413  -33.081  31.120 0.8888890147
57212  32.237  -32.472  30.967 0.8888890147
159355  32.066  -33.892  30.913 0.8888890147
156784  32.253  -32.337  30.484 0.8888890147
57224  31.886  -32.858  30.260 0.8888890147
58416  32.541  -31.659  29.346 0.8888890147
58406  32.008  -32.426  29.667 0.7777780294
57225  31.403  -33.064  29.684 0.6666669846
58417  31.700  -31.919  28.705 0.4444440007
54096  38.332  -36.316  38.440 0.2222220004
137365  38.123  -36.073  37.847 0.5555559993
54097  37.705  -36.001  38.514 0.3333329856
54124  37.811  -35.900  37.234 0.4444440007
54171  37.679  -35.476  34.737 0.7777780294
56160  37.227  -33.733  32.884 0.6666669846
55212  37.295  -35.081  33.831 0.7777780294
56170  37.063  -32.895  32.593 0.8888890147
55230  36.811  -34.581  33.058 0.7777780294
54205  36.476  -35.513  33.660 0.8888890147
57175  36.499  -32.096  32.610 0.8888890147
56171  36.656  -33.707  32.521 0.8888890147
55238  36.231  -34.362  32.500 0.7777780294
54218  35.006  -35.527  32.653 0.8888890147
57195  34.784  -32.304  32.228 0.8888890147
56172  35.955  -33.604  32.163 0.8888890147
150759  34.960  -33.442  31.798 0.8888890147
55240  34.610  -34.723  31.847 0.7777780294
57211  32.826  -32.314  31.450 0.8888890147
58392  32.836  -31.941  31.257 0.8888890147
58393  32.533  -32.070  30.789 0.8888890147
59568  33.125  -31.519  30.720 0.8888890147
58405  32.626  -31.948  30.192 0.8888890147
59576  33.178  -31.235  29.825 0.8888890147
59581  33.132  -30.818  28.994 0.6666669846
59582  32.469  -31.244  28.644 0.5555559993
52911  39.001  -36.631  38.328 0.2222220004
54148  39.700  -35.436  36.047 0.3333329856
161504  39.170  -35.923  36.767 0.4444440007
54123  38.468  -35.925  37.056 0.5555559993
54170  39.054  -35.086  35.466 0.4444440007
139299  38.278  -35.510  35.555 0.6666669846
55210  38.814  -34.105  34.263 0.6666669846
55211  38.093  -34.639  34.050 0.7777780294
55228  38.344  -33.721  33.631 0.6666669846
55229  37.660  -34.205  33.338 0.6666669846
57177  34.517  -31.893  33.250 0.8888890147
58372  33.824  -31.357  33.404 0.8888890147
57178  33.982  -31.764  33.262 0.8888890147
57196  33.577  -32.106  32.259 0.8888890147
59559  33.857  -30.945  31.776 0.8888890147
57179  33.622  -31.749  32.500 0.8888890147
56173  34.049  -32.685  31.806 0.8888890147
57197  33.198  -32.127  31.998 0.8888890147
59567  33.816  -30.868  30.991 0.8888890147
155492  33.355  -31.414  31.561 0.8888890147
60674  33.992  -29.729  30.574 0.8888890147
59575  33.622  -30.572  30.207 0.8888890147
61629  33.487  -28.673  30.288 0.8888890147
60681  33.472  -30.208  29.496 0.7777780294
61635  33.005  -28.026  30.106 0.7777780294
61630  33.263  -28.754  29.494 0.7777780294
150131  39.737  -34.723  35.389 0.3333329856
55209  39.512  -33.547  34.531 0.5555559993
56147  38.964  -33.202  33.948 0.7777780294
57174  37.415  -32.147  32.938 0.8888890147
57159  35.119  -31.700  33.993 0.8888890147
59547  33.796  -30.752  33.371 0.8888890147
57161  34.094  -31.389  34.219 0.8888890147
60647  34.164  -29.942  33.265 0.8888890147
59558  33.990  -30.489  32.385 0.8888890147
61618  34.575  -28.870  31.895 0.8888890147
61619  34.296  -29.323  31.271 0.8888890147
60666  34.181  -30.253  31.477 0.8888890147
62539  34.268  -28.066  31.943 0.8888890147
61624  34.087  -28.503  31.255 0.8888890147
61625  33.900  -28.801  30.715 0.8888890147
62543  33.893  -27.810  31.212 0.8888890147
62544  33.416  -28.177  30.773 0.8888890147
142119  33.442  -27.644  30.596 0.8888890147
54147  40.654  -35.442  36.399 0.3333329856
55194  40.027  -33.975  35.141 0.3333329856
58345  37.489  -31.306  35.015 0.7777780294
58360  37.674  -31.409  33.954 0.8888890147
59538  34.288  -30.457  34.642 1.0000000000
58348  34.813  -30.972  35.593 1.0000000000
58361  36.012  -31.550  34.236 0.8888890147
58349  34.255  -31.036  34.913 0.8888890147
60646  34.474  -29.855  34.127 1.0000000000
152101  33.853  -30.397  34.051 0.8888890147
61615  34.812  -29.269  32.733 0.8888890147
62538  34.527  -27.380  31.727 1.0000000000
63517  33.991  -27.195  30.950 0.8888890147
63516  34.755  -26.785  31.081 0.8888890147
63526  34.285  -26.780  30.358 0.8888890147
63527  33.663  -27.144  30.370 0.8888890147
58343  39.082  -31.767  34.469 0.5555559993
56134  40.131  -33.048  34.978 0.3333329856
58346  36.288  -31.365  35.240 0.7777780294
143388  38.326  -31.399  34.404 0.7777780294
60635  34.808  -29.819  34.923 0.7777780294
61606  35.163  -29.220  34.214 1.0000000000
138918  35.694  -28.459  33.638 1.0000000000
157786  35.199  -28.233  32.984 1.0000000000
62532  34.888  -28.496  32.486 1.0000000000
63509  35.225  -26.838  31.838 1.0000000000
63525  35.174  -26.536  30.266 1.0000000000
63534  34.644  -26.681  29.571 0.8888890147
63524  36.133  -26.416  30.168 1.0000000000
57142  39.882  -32.159  35.048 0.3333329856
55193  40.849  -33.600  35.707 0.3333329856
58344  38.547  -31.240  35.166 0.5555559993
58329  36.295  -31.096  36.168 0.6666669846
162988  36.938  -31.212  35.870 0.7777780294
61605  36.058  -28.925  34.484 0.8888890147
61599  35.487  -29.465  35.135 0.6666669846
141632  36.189  -27.851  33.601 1.0000000000
62531  35.572  -27.708  32.985 1.0000000000
62537  35.151  -27.312  32.341 1.0000000000
63508  35.809  -26.944  32.550 1.0000000000
143992  35.915  -26.636  31.845 1.0000000000
63515  35.714  -26.523  31.069 1.0000000000
157598  36.514  -26.363  30.781 1.0000000000
63531  37.068  -26.321  30.191 1.0000000000
63532  36.734  -26.446  29.413 1.0000000000
57141  40.675  -32.539  35.607 0.3333329856
58328  37.776  -31.140  35.947 0.5555559993
60624  35.601  -30.025  36.314 0.6666669846
58311  36.386  -30.878  36.786 0.6666669846
61598  36.413  -29.058  35.287 0.6666669846
63498  36.247  -27.204  33.304 1.0000000000
63507  36.524  -26.559  32.235 1.0000000000
63513  37.232  -26.233  31.851 1.0000000000
63523  37.251  -26.235  31.012 1.0000000000
64467  38.061  -26.002  30.338 1.0000000000
64472  38.341  -25.645  29.437 1.0000000000
152469  37.953  -25.810  28.846 1.0000000000
160536  40.967  -31.980  36.259 0.3333329856
57129  40.248  -31.676  35.878 0.3333329856
58309  38.659  -30.766  36.911 0.4444440007
136859  39.423  -31.414  35.428 0.3333329856
59506  36.218  -30.441  37.074 0.5555559993
157934  37.977  -30.947  36.597 0.5555559993
58327  38.695  -31.075  36.113 0.3333329856
62507  37.068  -28.427  35.453 0.6666669846
63488  36.807  -27.455  34.085 0.8888890147
62514  37.046  -27.964  34.800 0.7777780294
62524  36.424  -28.210  34.219 0.7777780294
63497  36.988  -26.785  33.530 0.8888890147
63506  37.261  -26.369  32.727 0.8888890147
139566  37.834  -26.026  32.203 1.0000000000
64459  38.132  -25.982  31.425 1.0000000000
143228  38.767  -25.698  30.849 1.0000000000
64466  38.906  -25.266  30.099 1.0000000000
160156  38.712  -24.979  29.320 1.0000000000
65508  39.034  -24.297  29.619 1.0000000000
66522  38.457  -23.528  28.289 1.0000000000
145668  39.374  -30.763  37.128 0.4444440007
58297  38.947  -30.470  37.527 0.4444440007
141714  38.535  -30.311  38.033 0.2222220004
60606  37.415  -29.868  38.258 0.3333329856
58310  37.763  -30.637  37.006 0.4444440007
61580  37.122  -28.911  37.243 0.4444440007
59494  36.863  -30.097  37.662 0.5555559993
141935  37.444  -28.194  36.086 0.6666669846
63487  37.541  -26.735  34.362 0.8888890147
142031  37.349  -27.362  34.828 0.7777780294
63496  37.805  -26.193  33.580 0.8888890147
64452  38.026  -25.988  32.785 0.8888890147
64451  38.684  -25.834  32.222 0.8888890147
65498  39.506  -24.437  30.400 1.0000000000
66514  38.867  -23.263  29.136 1.0000000000
67462  38.809  -22.296  29.120 1.0000000000
67474  38.521  -22.505  28.404 0.8888890147
63472  38.076  -26.986  36.054 0.5555559993
62501  37.547  -28.297  36.768 0.6666669846
63480  37.862  -26.907  35.256 0.7777780294
63473  37.834  -27.615  36.385 0.6666669846
64450  39.421  -25.499  32.492 0.8888890147
64457  39.702  -25.203  31.804 0.8888890147
64458  39.059  -25.652  31.525 0.8888890147
64465  39.393  -25.206  30.956 0.8888890147
68524  38.578  -21.613  28.855 1.0000000000
68525  38.166  -21.562  28.207 0.8888890147
151375  37.557  -20.925  27.261 1.0000000000
64432  38.367  -26.366  35.753 0.6666669846
148414  38.442  -25.837  34.140 0.8888890147
160284  39.592  -25.338  33.166 0.8888890147
65497  39.853  -24.487  31.236 0.8888890147
66507  39.832  -23.623  30.803 0.8888890147
67457  39.112  -22.516  29.766 1.0000000000
68509  38.860  -21.663  29.537 1.0000000000
69543  38.265  -20.877  28.744 1.0000000000
69544  37.799  -20.713  27.996 1.0000000000
69553  37.323  -20.301  27.362 1.0000000000
69554  36.913  -20.075  26.790 0.8888890147
65449  39.173  -25.269  35.796 0.7777780294
65469  40.023  -24.849  33.619 0.8888890147
65487  40.110  -24.513  31.943 0.8888890147
66502  40.175  -23.713  31.633 0.8888890147
67456  39.646  -22.670  30.483 0.8888890147
68494  39.296  -21.733  30.241 0.8888890147
156848  38.645  -21.046  29.254 1.0000000000
70570  37.530  -19.255  28.654 1.0000000000
69535  37.959  -20.026  28.781 1.0000000000
70579  37.437  -19.807  28.029 1.0000000000
70580  36.974  -19.588  27.401 1.0000000000
70600  36.497  -19.803  26.146 1.0000000000
70602  35.335  -18.657  24.963 0.7777780294
65457  40.369  -24.222  34.185 0.7777780294
151976  40.367  -23.187  32.181 0.8888890147
158669  40.205  -23.095  31.711 0.8888890147
68493  39.795  -21.916  31.112 0.8888890147
139511  38.854  -20.934  29.916 1.0000000000
148164  38.271  -19.779  29.443 1.0000000000
71661  37.708  -18.766  29.183 1.0000000000
73879  36.346  -16.700  27.443 1.0000000000
71672  37.174  -18.498  28.653 1.0000000000
72800  35.992  -17.278  27.410 1.0000000000
72799  36.512  -17.658  27.967 1.0000000000
71688  36.477  -18.204  27.524 1.0000000000
73888  35.974  -17.005  26.114 1.0000000000
71689  35.923  -17.811  26.936 1.0000000000
162663  36.690  -18.957  27.329 1.0000000000
74914  36.487  -16.726  25.158 1.0000000000
72811  35.839  -17.367  26.560 1.0000000000
71702  36.268  -18.572  26.853 1.0000000000
70589  36.604  -19.346  26.802 1.0000000000
162625  36.308  -16.767  24.558 1.0000000000
161946  35.957  -17.523  25.353 1.0000000000
71703  35.779  -18.050  26.175 1.0000000000
153456  35.968  -17.132  24.680 0.8888890147
72819  35.555  -17.746  25.007 0.8888890147
139908  35.697  -18.554  25.576 1.0000000000
70590  36.063  -18.971  26.174 1.0000000000
155992  36.112  -16.854  23.486 0.7777780294
73917  35.564  -17.132  23.505 0.7777780294
71712  35.470  -18.002  25.341 0.8888890147
67439  40.547  -22.624  33.500 0.8888890147
67443  40.365  -22.374  32.616 0.8888890147
68481  40.027  -21.738  31.993 0.8888890147
147278  39.822  -21.152  31.485 0.8888890147
69517  39.420  -20.856  30.740 0.8888890147
69518  38.780  -19.972  30.186 0.8888890147
70564  37.926  -19.410  29.179 1.0000000000
72785  36.861  -17.623  28.564 1.0000000000
73872  36.459  -16.995  28.081 1.0000000000
74898  36.498  -16.618  25.925 1.0000000000
74897  36.928  -15.956  26.491 1.0000000000
74913  36.850  -16.086  25.520 1.0000000000
137863  36.628  -16.616  23.987 1.0000000000
74943  37.272  -16.325  24.366 1.0000000000
73931  36.839  -16.865  22.991 0.7777780294
143756  39.992  -20.963  32.201 0.7777780294
70541  39.626  -19.489  31.547 0.7777780294
70542  39.057  -19.496  30.866 0.7777780294
69503  39.760  -20.403  31.513 0.8888890147
70552  38.752  -19.148  30.416 0.8888890147
71650  38.504  -18.415  30.358 0.8888890147
71651  37.903  -18.201  29.736 1.0000000000
72771  37.600  -17.311  29.604 1.0000000000
146476  37.400  -17.972  29.139 1.0000000000
147619  37.922  -15.635  26.622 1.0000000000
74885  37.343  -15.850  28.070 1.0000000000
74896  38.160  -15.262  27.257 1.0000000000
74874  36.847  -16.390  28.228 1.0000000000
74895  38.733  -15.027  26.808 1.0000000000
138616  37.547  -15.770  27.293 1.0000000000
74886  36.801  -16.177  27.388 1.0000000000
148257  38.488  -15.563  26.000 1.0000000000
74912  37.614  -15.843  25.822 1.0000000000
136827  39.072  -15.679  25.425 1.0000000000
74927  38.256  -15.826  25.220 1.0000000000
74928  37.433  -15.977  24.970 1.0000000000
155948  38.840  -15.909  24.749 1.0000000000
74942  38.140  -16.209  24.367 1.0000000000
73916  37.543  -16.597  23.678 1.0000000000
153999  38.494  -16.616  23.513 1.0000000000
73930  37.924  -16.897  22.821 0.7777780294
73929  38.893  -16.894  22.697 1.0000000000
69489  40.001  -20.072  32.480 0.7777780294
71635  39.037  -18.741  31.128 0.7777780294
72755  38.802  -17.774  30.983 0.8888890147
72756  38.105  -17.418  30.370 1.0000000000
75958  39.196  -14.617  28.347 0.8888890147
75959  38.420  -14.953  28.548 1.0000000000
75960  37.882  -15.545  28.635 1.0000000000
74873  37.240  -15.986  28.859 1.0000000000
73862  37.289  -16.693  29.287 1.0000000000
73863  36.893  -16.815  28.712 1.0000000000
75970  38.608  -14.913  27.718 1.0000000000
75971  37.969  -15.319  27.890 1.0000000000
74862  37.024  -16.290  28.989 1.0000000000
75980  39.674  -14.850  26.720 1.0000000000
75991  39.983  -14.952  26.106 1.0000000000
74910  39.925  -15.431  25.501 1.0000000000
74941  39.226  -16.227  24.052 1.0000000000
73915  39.303  -16.616  23.288 1.0000000000
73928  39.751  -16.685  22.645 1.0000000000
70529  39.918  -19.082  32.448 0.5555559993
70513  40.121  -18.705  33.278 0.4444440007
71634  39.615  -18.674  31.825 0.6666669846
71619  39.835  -18.099  32.466 0.5555559993
71620  39.325  -17.965  31.663 0.7777780294
72735  38.661  -17.017  30.896 1.0000000000
76995  39.143  -14.492  30.341 0.8888890147
139866  38.827  -15.031  30.834 0.7777780294
74851  37.929  -16.084  30.332 1.0000000000
73834  38.184  -16.504  30.646 1.0000000000
77007  38.972  -14.619  29.348 0.8888890147
75937  37.983  -15.591  29.863 0.8888890147
74861  37.603  -16.197  29.474 1.0000000000
77006  39.646  -13.977  29.816 0.8888890147
77015  39.727  -14.092  28.921 0.8888890147
144321  40.497  -13.816  28.608 0.8888890147
77027  40.667  -13.970  27.816 0.8888890147
75969  39.406  -14.722  27.486 1.0000000000
163195  41.365  -13.816  27.644 0.8888890147
77028  39.930  -14.236  28.057 1.0000000000
77043  40.958  -14.196  27.108 1.0000000000
75990  40.672  -14.928  25.795 1.0000000000
74909  40.564  -15.360  25.206 1.0000000000
74925  40.875  -15.521  24.579 1.0000000000
73914  40.100  -16.337  23.385 1.0000000000
73927  40.450  -16.333  22.574 1.0000000000
72884  37.887  -18.392  19.746 0.5555559993
71812  37.316  -18.881  18.047 0.3333329856
71588  40.351  -18.333  34.213 0.5555559993
71605  40.111  -17.797  33.377 0.5555559993
72734  39.030  -17.209  31.488 0.6666669846
162513  38.885  -15.571  31.022 0.6666669846
144992  39.118  -16.732  31.917 0.5555559993
75928  38.997  -15.117  31.721 0.6666669846
74850  38.412  -15.598  30.512 0.8888890147
73833  38.931  -16.436  31.244 0.8888890147
76994  39.741  -13.943  30.723 0.7777780294
77005  40.326  -13.577  30.216 0.7777780294
136710  40.352  -13.696  29.408 0.7777780294
78049  41.048  -13.396  29.120 0.7777780294
78061  41.789  -13.059  28.834 0.7777780294
77026  42.041  -13.389  27.923 0.8888890147
77042  41.840  -13.908  26.991 0.8888890147
75978  41.287  -14.549  26.410 1.0000000000
75989  41.554  -14.786  25.622 1.0000000000
74939  41.472  -15.454  23.915 1.0000000000
73913  40.737  -15.995  23.057 1.0000000000
74954  41.045  -15.821  22.489 1.0000000000
136522  40.191  -16.617  21.243 1.0000000000
148116  39.556  -17.101  20.818 0.7777780294
73977  40.926  -15.954  19.885 0.7777780294
157327  40.247  -16.616  20.198 0.7777780294
72873  39.496  -17.241  19.920 0.5555559993
72882  39.259  -17.483  18.914 0.5555559993
73979  39.980  -16.832  19.213 0.5555559993
72888  39.376  -17.578  17.791 0.5555559993
72889  38.629  -17.914  18.241 0.4444440007
137205  38.014  -18.175  16.698 0.3333329856
71821  36.481  -18.765  16.575 0.1111110002
71822  35.573  -18.696  16.383 0.1111110002
72909  34.376  -17.667  16.355 0.1111110002
72910  33.470  -17.644  16.729 0.1111110002
140004  33.929  -16.807  16.871 0.1111110002
72715  39.907  -17.207  32.751 0.5555559993
147553  40.624  -16.903  34.530 0.5555559993
73797  40.140  -16.466  32.900 0.5555559993
152138  40.654  -15.784  33.975 0.5555559993
74811  39.838  -15.451  32.337 0.5555559993
73816  39.104  -16.159  32.022 0.5555559993
75898  40.268  -15.099  32.832 0.5555559993
76984  39.329  -14.527  31.221 0.7777780294
78035  40.928  -13.079  30.436 0.5555559993
78034  41.603  -12.722  30.708 0.4444440007
78048  41.538  -12.909  29.779 0.5555559993
79038  43.525  -11.638  31.329 0.4444440007
79051  42.874  -11.961  30.775 0.5555559993
79037  44.279  -11.389  31.083 0.3333329856
79050  43.644  -11.763  30.446 0.5555559993
79067  43.745  -11.900  29.594 0.4444440007
78060  42.607  -12.830  28.563 0.6666669846
163283  42.883  -13.028  27.786 0.6666669846
77025  42.547  -13.535  27.291 0.7777780294
78094  43.194  -13.306  27.060 0.6666669846
77052  42.104  -14.333  26.140 0.8888890147
75988  42.338  -14.616  25.310 0.8888890147
136345  41.299  -15.672  23.157 1.0000000000
147026  41.372  -15.613  21.909 1.0000000000
74965  41.980  -15.166  21.555 1.0000000000
74966  41.359  -15.645  21.212 1.0000000000
74967  40.753  -16.085  21.753 1.0000000000
138642  42.232  -15.388  19.971 1.0000000000
158611  41.895  -15.338  20.780 1.0000000000
73963  40.802  -16.068  20.787 0.8888890147
75000  42.839  -15.604  19.323 1.0000000000
160024  41.605  -15.765  19.667 1.0000000000
75015  42.992  -16.062  18.416 1.0000000000
73987  42.137  -16.433  18.199 0.7777780294
136656  41.288  -16.146  18.962 0.6666669846
73978  40.644  -16.450  19.401 0.5555559993
73999  42.761  -16.478  17.508 0.6666669846
74000  42.042  -16.832  17.274 0.6666669846
141144  41.315  -16.720  17.960 0.5555559993
74002  40.183  -17.427  17.268 0.5555559993
72897  38.707  -17.918  17.241 0.3333329856
74009  42.540  -16.579  16.863 0.6666669846
72895  40.344  -17.482  16.329 0.3333329856
72896  39.521  -17.727  16.736 0.3333329856
156101  38.054  -17.886  15.912 0.3333329856
141637  37.193  -18.160  16.064 0.1111110002
72904  40.267  -17.285  15.690 0.3333329856
72905  39.576  -17.635  15.884 0.3333329856
72915  38.675  -17.505  15.512 0.3333329856
147556  40.848  -17.006  35.269 0.4444440007
143729  41.269  -16.394  36.625 0.2222220004
73776  41.119  -16.369  35.676 0.4444440007
73777  40.848  -16.206  34.674 0.5555559993
73786  40.446  -16.475  33.846 0.5555559993
74781  41.365  -15.703  36.075 0.3333329856
74790  41.144  -15.621  35.122 0.5555559993
75915  40.169  -14.652  32.667 0.5555559993
76973  40.098  -13.954  32.458 0.4444440007
76972  40.556  -13.407  32.376 0.5555559993
149687  41.016  -12.907  31.127 0.4444440007
79052  42.213  -12.319  31.144 0.4444440007
79028  43.441  -11.517  32.174 0.4444440007
80064  45.754  -10.597  32.959 0.1111110002
138058  47.184  -10.367  32.783 0.1111110002
80080  45.573  -10.811  31.601 0.1111110002
80097  45.027  -11.041  30.909 0.1111110002
79049  44.503  -11.529  30.126 0.2222220004
79082  43.895  -12.057  28.804 0.4444440007
79066  45.027  -11.520  29.378 0.2222220004
78058  44.157  -12.320  28.069 0.4444440007
79081  44.757  -11.845  28.575 0.4444440007
78076  44.397  -12.619  27.351 0.5555559993
78093  43.915  -13.035  26.835 0.5555559993
77051  42.843  -14.099  25.772 0.8888890147
77041  44.225  -13.324  26.232 0.7777780294
77063  43.059  -14.357  25.001 0.8888890147
77061  44.311  -13.877  24.701 0.8888890147
77062  43.720  -14.063  24.796 1.0000000000
76017  42.810  -14.686  23.619 1.0000000000
77077  44.064  -14.096  23.991 1.0000000000
76016  43.521  -14.416  23.377 1.0000000000
76032  42.325  -14.938  23.039 1.0000000000
76030  43.704  -14.381  22.540 1.0000000000
76031  42.985  -14.607  22.795 1.0000000000
74953  41.760  -15.344  22.526 1.0000000000
76045  43.948  -14.398  21.729 1.0000000000
164872  42.704  -14.765  21.485 1.0000000000
76064  44.187  -14.856  20.242 1.0000000000
74980  42.557  -14.963  20.754 1.0000000000
74978  44.479  -15.633  18.831 1.0000000000
155398  44.143  -15.327  19.539 1.0000000000
74979  43.259  -15.059  19.932 1.0000000000
75014  44.600  -15.651  18.047 1.0000000000
74999  43.628  -15.682  19.066 1.0000000000
75027  43.876  -15.783  17.311 0.8888890147
75028  43.122  -16.236  16.961 0.6666669846
75036  42.585  -16.280  16.486 0.5555559993
75037  42.000  -16.201  15.985 0.6666669846
74011  41.031  -17.104  16.047 0.4444440007
76114  42.188  -15.354  16.016 0.4444440007
74791  40.872  -15.413  34.401 0.5555559993
75860  41.255  -14.932  35.527 0.3333329856
75861  41.038  -15.099  34.703 0.5555559993
76947  40.867  -14.262  33.964 0.5555559993
76962  40.461  -14.165  33.235 0.4444440007
146366  40.859  -13.800  33.604 0.4444440007
76961  40.655  -13.605  32.981 0.4444440007
78025  40.823  -12.969  31.863 0.4444440007
79030  41.990  -12.017  32.817 0.4444440007
79018  43.350  -11.405  33.016 0.3333329856
80066  44.082  -10.973  32.782 0.3333329856
139806  45.397  -10.603  33.535 0.1111110002
80079  46.841  -10.378  32.213 0.1111110002
157102  48.454  -11.701  33.120 0.1111110002
80096  45.796  -10.840  30.826 0.1111110002
80117  46.172  -10.917  30.027 0.2222220004
79065  45.649  -11.276  29.469 0.2222220004
79080  45.545  -11.531  28.806 0.3333329856
78092  44.625  -12.894  26.637 0.5555559993
78075  45.087  -12.459  27.080 0.5555559993
77049  44.835  -13.257  25.906 0.6666669846
78091  45.353  -12.804  26.382 0.6666669846
77050  44.168  -13.708  25.497 0.7777780294
155182  45.376  -13.767  24.161 0.7777780294
146981  45.000  -13.605  25.004 0.7777780294
77074  46.704  -13.781  23.245 0.7777780294
162138  44.690  -13.871  24.279 0.8888890147
138341  47.518  -14.043  21.469 0.8888890147
144004  46.229  -13.942  22.438 0.7777780294
77093  44.908  -13.981  22.744 0.8888890147
76015  44.217  -14.165  23.079 1.0000000000
164572  47.661  -13.988  20.794 0.8888890147
76041  47.081  -14.334  20.915 0.8888890147
77109  46.685  -14.190  21.666 0.8888890147
77110  45.818  -14.162  21.790 1.0000000000
158039  44.599  -14.319  21.637 1.0000000000
76029  44.392  -14.206  22.283 1.0000000000
76042  46.259  -14.496  21.015 1.0000000000
76043  45.265  -14.468  21.172 1.0000000000
142543  44.936  -14.773  20.453 1.0000000000
76080  44.978  -15.174  19.599 1.0000000000
74998  45.192  -15.337  18.665 1.0000000000
75026  44.592  -15.322  17.560 0.8888890147
75035  43.215  -15.749  16.591 0.6666669846
76929  41.274  -14.120  35.381 0.3333329856
75876  41.097  -14.610  34.671 0.5555559993
77976  41.412  -13.457  35.134 0.4444440007
77992  41.744  -12.821  34.802 0.3333329856
77993  41.142  -13.446  34.268 0.4444440007
157515  43.270  -11.381  33.780 0.3333329856
80054  44.687  -10.698  33.612 0.3333329856
80043  45.346  -10.733  34.365 0.2222220004
155359  46.314  -10.674  31.529 0.1111110002
80078  47.702  -10.138  31.962 0.1111110002
161636  46.475  -10.718  30.827 0.1111110002
79047  51.006  -11.335  30.522 0.1111110002
80075  50.338  -11.121  31.181 0.1111110002
80077  49.210  -10.492  31.860 0.1111110002
80094  47.693  -10.373  31.073 0.1111110002
79064  46.183  -11.192  29.123 0.2222220004
144003  46.204  -11.839  27.497 0.5555559993
78090  46.193  -12.707  26.144 0.6666669846
79120  45.803  -12.340  26.897 0.6666669846
78124  47.611  -13.112  24.522 0.6666669846
78108  47.378  -12.795  25.417 0.7777780294
78125  46.772  -13.066  24.967 0.7777780294
159051  46.736  -12.828  25.633 0.6666669846
77048  45.599  -13.143  25.612 0.6666669846
158115  48.177  -13.287  23.837 0.7777780294
77073  47.545  -13.557  23.642 0.7777780294
77059  46.782  -13.495  24.196 0.7777780294
136495  46.092  -13.699  23.953 0.7777780294
151288  47.572  -13.777  22.876 0.7777780294
153288  47.943  -13.488  20.311 0.8888890147
77125  47.375  -14.090  20.212 1.0000000000
76062  46.691  -14.534  20.268 1.0000000000
76061  46.943  -14.188  19.557 1.0000000000
76079  45.799  -14.940  19.236 1.0000000000
76092  46.399  -14.349  18.877 1.0000000000
76093  45.715  -14.764  18.456 1.0000000000
76101  45.486  -14.374  17.868 1.0000000000
76102  44.872  -14.610  17.466 1.0000000000
76103  44.129  -14.874  17.053 0.7777780294
77157  45.087  -13.733  17.492 1.0000000000
77158  44.370  -13.879  17.153 1.0000000000
76112  43.403  -14.790  16.495 0.6666669846
76928  41.642  -13.541  35.911 0.3333329856
156065  42.278  -12.305  35.256 0.3333329856
79020  41.984  -11.988  33.685 0.4444440007
78995  42.963  -11.783  35.233 0.3333329856
139026  43.664  -11.117  34.620 0.2222220004
139688  51.022  -10.194  29.230 0.1111110002
145971  50.258  -10.063  29.364 0.1111110002
80130  51.357  -10.276  28.315 0.1111110002
80112  51.205  -10.709  29.751 0.1111110002
144571  49.950  -10.127  30.164 0.1111110002
144696  49.065  -10.142  30.338 0.1111110002
144522  48.079  -10.429  30.324 0.1111110002
152643  51.383  -11.495  29.673 0.1111110002
146035  47.670  -11.330  27.703 0.3333329856
79078  47.504  -11.008  28.422 0.3333329856
155611  46.827  -11.108  28.747 0.1111110002
79118  47.892  -11.961  26.488 0.5555559993
79119  47.149  -11.787  27.079 0.5555559993
79099  46.912  -11.429  27.955 0.4444440007
78152  51.295  -12.029  22.945 0.3333329856
78153  50.287  -12.216  22.515 0.3333329856
78121  50.360  -12.412  23.869 0.5555559993
78122  49.393  -12.735  24.102 0.5555559993
78107  48.195  -12.690  25.208 0.6666669846
79140  48.693  -12.070  25.872 0.5555559993
79141  47.859  -12.448  25.869 0.5555559993
78089  47.096  -12.421  26.208 0.5555559993
161758  46.484  -12.209  26.767 0.5555559993
79173  51.261  -11.651  22.616 0.2222220004
78167  49.709  -12.560  22.068 0.5555559993
77072  49.123  -13.209  22.827 0.5555559993
78138  48.860  -13.108  23.573 0.5555559993
78123  48.542  -12.905  24.372 0.5555559993
80217  50.240  -10.662  22.003 0.4444440007
152114  49.608  -12.158  21.581 0.5555559993
77107  49.273  -13.054  22.146 0.5555559993
77090  48.789  -13.465  22.307 0.6666669846
140790  48.354  -13.568  23.040 0.7777780294
80218  49.591  -10.618  21.439 0.5555559993
79183  49.335  -11.506  21.198 0.5555559993
79193  48.819  -11.706  20.658 0.6666669846
77108  48.858  -13.228  21.519 0.6666669846
80226  48.408  -10.929  20.319 0.6666669846
78178  48.579  -12.788  20.577 0.8888890147
77124  48.238  -13.699  21.062 0.8888890147
79194  48.275  -11.839  20.111 0.8888890147
78179  47.960  -12.652  19.898 0.8888890147
78188  47.567  -12.486  19.363 1.0000000000
77137  47.494  -13.387  19.540 0.8888890147
78189  47.011  -12.685  18.979 1.0000000000
77138  46.878  -13.587  18.979 1.0000000000
157549  46.724  -13.096  18.654 1.0000000000
77149  46.350  -13.469  18.410 1.0000000000
159509  45.968  -14.139  18.282 1.0000000000
78199  45.813  -12.694  18.076 1.0000000000
78206  45.224  -12.871  17.619 1.0000000000
78207  44.592  -12.985  17.241 1.0000000000
77159  43.764  -14.049  16.828 0.7777780294
150120  42.658  -13.358  16.011 0.4444440007
78208  43.816  -13.074  16.805 0.6666669846
77165  43.229  -13.713  16.394 0.5555559993
77176  41.998  -13.464  15.490 0.3333329856
78228  42.534  -12.621  15.696 0.3333329856
78229  41.873  -12.502  15.161 0.3333329856
80141  50.959  -10.259  27.780 0.2222220004
80142  49.994  -10.568  27.742 0.2222220004
80113  49.426  -10.225  29.514 0.1111110002
80156  50.761  -10.620  27.070 0.2222220004
79098  49.126  -10.964  27.369 0.2222220004
136593  48.415  -11.173  27.517 0.3333329856
80114  48.497  -10.489  29.527 0.1111110002
78120  51.459  -12.063  24.133 0.2222220004
79138  51.028  -11.509  25.630 0.4444440007
79139  49.852  -11.865  25.489 0.4444440007
137239  50.378  -11.204  26.286 0.4444440007
79116  49.697  -11.032  26.902 0.3333329856
79117  48.722  -11.513  26.808 0.4444440007
157456  47.950  -11.568  27.116 0.5555559993
79155  49.854  -12.334  24.642 0.4444440007
80207  52.187  -11.107  22.470 0.2222220004
81217  51.578  -9.259  22.505 0.2222220004
81227  50.891  -9.913  22.279 0.4444440007
82243  51.719  -8.502  22.433 0.3333329856
81228  49.938  -9.617  21.877 0.4444440007
81229  49.155  -9.839  21.209 0.4444440007
80219  48.919  -10.753  20.931 0.5555559993
81240  49.435  -9.046  21.367 0.4444440007
143268  48.538  -9.992  20.577 0.6666669846
80227  47.906  -11.119  19.897 0.8888890147
79203  47.769  -11.798  19.581 0.8888890147
80240  46.854  -11.074  18.947 0.8888890147
79215  46.674  -11.772  18.658 1.0000000000
80252  45.723  -10.666  17.955 1.0000000000
80251  46.364  -10.861  18.457 1.0000000000
78198  46.466  -12.572  18.447 1.0000000000
139102  45.726  -8.182  17.047 1.0000000000
82293  45.318  -8.869  17.110 1.0000000000
81281  45.519  -9.738  17.593 1.0000000000
82309  45.232  -8.122  15.551 0.8888890147
82294  44.746  -8.942  16.544 1.0000000000
80265  44.517  -10.533  16.950 1.0000000000
79224  44.775  -11.441  17.277 1.0000000000
149817  44.831  -12.282  17.360 1.0000000000
82326  45.590  -8.321  14.803 0.8888890147
82310  44.468  -8.523  15.331 0.8888890147
136465  44.738  -8.469  15.969 0.8888890147
81288  44.333  -9.741  16.533 1.0000000000
80277  44.025  -10.431  16.521 1.0000000000
79239  44.019  -11.259  16.705 0.7777780294
140586  43.619  -12.108  16.471 0.8888890147
140798  44.861  -8.352  14.895 0.8888890147
82311  43.756  -8.796  15.120 0.7777780294
80286  43.210  -10.299  15.734 0.5555559993
79240  42.974  -11.130  15.923 0.5555559993
79241  43.007  -11.947  16.022 0.7777780294
79257  42.394  -11.695  15.398 0.3333329856
160863  44.366  -8.852  13.823 0.7777780294
82327  44.156  -8.651  14.515 0.7777780294
79258  41.600  -11.807  14.859 0.3333329856
82242  52.401  -8.393  22.102 0.3333329856
82254  50.942  -7.942  22.118 0.4444440007
82255  50.046  -8.565  21.784 0.4444440007
82269  48.578  -8.210  20.277 0.5555559993
81241  48.820  -9.061  20.822 0.6666669846
81254  48.203  -9.189  20.196 0.6666669846
80238  47.881  -10.177  19.940 0.7777780294
80239  47.412  -10.854  19.376 0.8888890147
82292  46.283  -7.883  17.280 1.0000000000
81269  46.131  -9.851  18.200 1.0000000000
154207  47.049  -7.613  16.167 1.0000000000
156692  45.982  -7.858  16.637 1.0000000000
81280  45.985  -8.721  17.683 1.0000000000
83326  46.412  -7.756  16.089 1.0000000000
82308  46.083  -8.001  15.438 0.8888890147
153265  47.072  -8.010  15.418 1.0000000000
82325  46.524  -8.420  14.661 0.8888890147
82342  45.889  -8.659  13.990 0.7777780294
137059  44.986  -8.580  14.233 0.7777780294
82340  47.518  -8.729  13.467 0.8888890147
82341  46.790  -8.707  13.807 0.8888890147
81330  47.420  -8.996  12.729 0.6666669846
81316  45.113  -9.035  13.370 0.6666669846
81331  46.650  -9.433  12.519 0.5555559993
81351  46.040  -10.084  11.939 0.5555559993
83265  51.603  -7.422  21.625 0.4444440007
147152  50.701  -7.371  21.305 0.4444440007
83277  51.375  -6.825  20.877 0.5555559993
83278  50.437  -6.944  20.660 0.4444440007
83279  49.203  -7.498  20.334 0.4444440007
83280  48.707  -7.465  19.836 0.5555559993
159774  47.986  -8.511  19.779 0.7777780294
81255  47.646  -9.203  19.604 0.8888890147
145914  47.361  -9.915  19.376 0.8888890147
82278  48.164  -7.737  19.540 0.7777780294
82279  47.501  -8.237  19.169 0.7777780294
80250  46.804  -10.114  18.869 0.8888890147
84266  48.803  -6.876  17.069 1.0000000000
83301  47.974  -6.910  17.384 1.0000000000
147830  47.639  -7.048  18.043 1.0000000000
82284  47.243  -7.660  18.362 1.0000000000
81267  47.119  -9.155  19.049 1.0000000000
83311  48.293  -7.287  16.548 1.0000000000
83312  47.428  -7.318  16.710 1.0000000000
82285  46.602  -8.043  18.025 1.0000000000
81268  46.580  -9.022  18.439 1.0000000000
83324  48.660  -7.721  15.770 1.0000000000
83313  46.669  -7.611  16.752 1.0000000000
83325  47.759  -7.662  15.962 1.0000000000
82323  48.408  -8.351  14.576 1.0000000000
82307  48.084  -8.126  15.208 1.0000000000
82339  48.374  -8.553  13.762 1.0000000000
82324  47.559  -8.505  14.442 0.8888890147
82364  48.012  -8.735  12.986 0.7777780294
142042  48.095  -9.033  12.238 0.5555559993
156667  47.352  -9.413  12.194 0.6666669846
153494  47.702  -9.771  11.645 0.4444440007
80320  47.193  -10.523  11.083 0.3333329856
84230  52.509  -5.974  19.406 0.3333329856
84240  52.435  -5.933  18.437 0.7777780294
84241  51.493  -5.989  18.796 0.6666669846
137643  50.857  -6.233  19.352 0.5555559993
84223  49.766  -6.840  20.086 0.4444440007
83287  49.088  -7.025  19.769 0.5555559993
84253  50.934  -6.236  17.872 0.7777780294
84242  50.462  -6.175  18.627 0.7777780294
84232  49.329  -6.671  19.286 0.6666669846
84243  48.962  -6.595  18.689 0.7777780294
83308  51.183  -6.982  16.235 1.0000000000
84265  49.643  -6.820  16.996 1.0000000000
159727  49.612  -6.375  18.626 0.7777780294
149449  49.077  -6.444  18.088 0.8888890147
83295  47.854  -7.298  18.790 0.7777780294
83309  50.165  -7.230  16.293 1.0000000000
84255  48.671  -6.711  17.657 1.0000000000
146015  51.084  -7.512  14.856 0.8888890147
83322  50.614  -7.445  15.548 1.0000000000
83323  49.635  -7.700  15.530 1.0000000000
83310  49.219  -7.335  16.378 1.0000000000
83338  50.254  -7.762  14.814 1.0000000000
83339  49.530  -7.981  14.781 1.0000000000
82306  48.906  -8.088  15.046 1.0000000000
82321  49.828  -7.995  14.116 0.7777780294
82322  49.055  -8.269  14.332 1.0000000000
82338  49.270  -8.300  13.497 0.8888890147
82337  50.139  -8.000  13.235 0.6666669846
82363  48.705  -8.576  12.817 0.7777780294
82362  49.568  -8.435  12.650 0.5555559993
81329  49.022  -8.834  12.019 0.6666669846
81349  48.583  -9.579  11.530 0.5555559993
80319  48.131  -10.163  10.949 0.4444440007
83285  55.903  -7.395  19.045 0.3333329856
84237  55.522  -6.645  18.848 0.3333329856
84238  54.935  -6.313  19.056 0.3333329856
84239  53.357  -5.929  18.145 0.4444440007
84250  53.875  -6.103  17.384 0.7777780294
84251  52.479  -6.210  17.410 0.6666669846
144591  51.749  -6.092  17.902 0.7777780294
84262  53.132  -6.424  16.663 0.7777780294
84263  52.138  -6.647  16.498 0.7777780294
84252  51.508  -6.485  17.142 0.7777780294
84275  52.659  -6.756  15.937 1.0000000000
83321  51.954  -6.989  15.721 1.0000000000
83336  52.503  -7.293  14.402 0.7777780294
162931  51.334  -7.264  15.479 1.0000000000
83337  51.671  -7.496  14.237 0.7777780294
83349  51.548  -7.681  13.529 0.7777780294
82320  50.784  -7.715  13.957 0.8888890147
82360  51.423  -8.560  12.386 0.7777780294
82361  50.471  -8.427  12.518 0.5555559993
81328  49.953  -8.909  11.933 0.5555559993
81348  49.490  -9.492  11.383 0.5555559993
80318  48.966  -9.922  10.846 0.4444440007
145820  49.189  -9.966  10.214 0.4444440007
81370  49.176  -9.744  9.590 0.2222220004
83293  56.209  -7.623  18.417 0.2222220004
84236  55.975  -6.957  18.612 0.4444440007
84248  55.747  -6.550  18.057 0.5555559993
84249  55.030  -6.249  17.487 0.6666669846
84261  54.246  -6.379  16.568 0.7777780294
83319  53.576  -6.715  15.635 0.8888890147
83320  52.634  -6.979  15.201 1.0000000000
83348  52.315  -7.627  13.613 0.7777780294
82334  53.005  -8.033  12.860 0.7777780294
82335  51.946  -7.984  12.904 0.7777780294
82359  52.373  -8.651  12.257 0.6666669846
81327  50.884  -9.026  11.834 0.5555559993
81360  50.604  -9.463  10.645 0.4444440007
81361  49.783  -9.709  10.722 0.5555559993
83392  51.118  -7.101  9.079 0.4444440007
83383  51.604  -7.644  9.569 0.4444440007
83384  50.833  -7.888  9.331 0.3333329856
82397  50.591  -8.703  9.630 0.3333329856
81369  49.857  -9.635  10.079 0.4444440007
84351  50.746  -6.098  8.020 0.4444440007
161565  50.752  -6.742  8.510 0.2222220004
83393  50.370  -7.346  8.720 0.3333329856
82409  50.006  -8.139  9.054 0.3333329856
82398  49.758  -9.105  9.399 0.3333329856
85316  50.291  -5.634  7.263 0.2222220004
84352  50.078  -6.759  8.131 0.2222220004
84358  49.936  -6.227  7.612 0.2222220004
83300  56.533  -7.862  17.485 0.3333329856
84260  55.231  -6.459  16.595 0.6666669846
84285  54.390  -6.940  14.883 0.8888890147
136733  54.161  -7.264  13.996 0.6666669846
83347  53.225  -7.488  13.768 0.7777780294
82333  53.847  -8.295  12.468 0.7777780294
82358  53.253  -8.613  12.074 0.6666669846
82381  52.574  -8.833  11.518 0.6666669846
81326  51.757  -9.033  11.704 0.6666669846
81358  51.909  -9.142  11.062 0.6666669846
84342  51.860  -6.843  9.296 0.5555559993
82389  51.739  -8.891  10.539 0.6666669846
81346  51.209  -9.376  11.194 0.5555559993
84350  51.401  -6.433  8.669 0.5555559993
82396  51.336  -8.440  9.890 0.4444440007
85309  51.177  -5.366  7.510 0.4444440007
138443  49.829  -5.045  6.636 0.3333329856
86316  50.684  -4.999  6.996 0.3333329856
85317  48.957  -5.318  6.607 0.2222220004
84247  56.260  -7.030  17.754 0.2222220004
149994  55.972  -6.621  17.025 0.5555559993
152194  56.871  -8.028  15.577 0.2222220004
138253  56.339  -7.181  15.405 0.5555559993
137313  55.503  -6.870  15.149 0.5555559993
84274  54.822  -6.632  15.790 0.6666669846
83334  55.183  -7.238  14.314 0.6666669846
83346  54.960  -7.760  13.492 0.6666669846
83357  54.701  -8.103  12.519 0.6666669846
82357  54.049  -8.399  11.874 0.6666669846
82380  53.348  -8.497  11.363 0.6666669846
83371  53.578  -7.517  10.410 0.6666669846
82388  52.607  -8.662  10.794 0.6666669846
84341  52.637  -6.629  9.524 0.6666669846
83381  52.962  -7.158  10.039 0.6666669846
83373  52.089  -8.198  10.143 0.6666669846
83382  52.321  -7.378  9.807 0.6666669846
84349  52.170  -6.096  8.961 0.5555559993
85308  52.062  -4.993  7.765 0.4444440007
85304  51.694  -5.735  8.227 0.5555559993
137669  49.850  -4.188  6.257 0.2222220004
86324  49.020  -4.680  6.321 0.1111110002
83307  56.475  -7.311  16.706 0.2222220004
83306  56.700  -8.013  16.487 0.3333329856
83318  56.637  -7.668  15.953 0.3333329856
136579  56.284  -7.036  16.259 0.3333329856
84273  55.800  -6.748  16.070 0.5555559993
83333  57.196  -7.891  14.681 0.2222220004
84271  56.708  -7.611  15.086 0.2222220004
84284  56.900  -7.224  14.272 0.4444440007
84292  56.151  -7.210  14.545 0.5555559993
84291  56.731  -6.936  13.907 0.5555559993
83344  56.420  -7.107  13.059 0.6666669846
83362  55.967  -7.374  12.156 0.6666669846
160324  55.613  -7.761  12.861 0.6666669846
163130  55.374  -7.880  12.124 0.6666669846
85282  54.925  -6.207  10.265 0.5555559993
83369  55.262  -6.933  10.864 0.6666669846
82378  54.854  -7.581  11.072 0.6666669846
83370  54.406  -7.043  10.453 0.6666669846
82379  54.115  -8.006  11.067 0.7777780294
82387  53.345  -8.186  10.800 0.6666669846
158563  53.534  -6.568  9.867 0.6666669846
85303  52.584  -5.432  8.461 0.4444440007
86315  51.496  -4.596  7.021 0.4444440007
86323  50.680  -4.424  6.527 0.4444440007
87276  50.748  -3.543  6.298 0.4444440007
87277  49.017  -3.893  6.119 0.1111110002
84283  57.307  -7.299  14.116 0.2222220004
162210  57.360  -6.533  13.672 0.3333329856
84282  57.992  -6.967  13.648 0.2222220004
84304  58.147  -6.333  13.101 0.2222220004
84305  57.025  -5.954  13.076 0.6666669846
84316  56.435  -6.494  12.329 0.6666669846
84317  55.893  -6.791  11.469 0.6666669846
85293  54.585  -5.559  9.628 0.5555559993
84340  54.275  -6.204  9.926 0.5555559993
85301  54.261  -5.072  8.928 0.5555559993
85294  53.882  -5.734  9.368 0.5555559993
85302  53.479  -5.222  8.671 0.4444440007
151538  52.450  -4.366  7.240 0.4444440007
161311  53.608  -4.337  7.714 0.4444440007
86309  53.064  -4.704  7.913 0.4444440007
87269  51.985  -4.004  6.808 0.4444440007
86322  51.377  -4.001  6.549 0.4444440007
88202  51.204  -2.708  6.309 0.4444440007
88203  50.407  -2.584  6.127 0.4444440007
137603  49.775  -3.330  6.140 0.4444440007
84290  57.470  -6.547  13.571 0.3333329856
85231  57.755  -5.827  13.319 0.3333329856
85232  57.595  -5.770  13.243 0.3333329856
158710  58.583  -6.963  12.662 0.2222220004
153376  58.041  -5.382  12.843 0.2222220004
84315  58.573  -6.312  12.358 0.2222220004
85267  56.160  -5.886  11.607 0.6666669846
85281  55.595  -6.108  10.814 0.6666669846
86299  55.233  -4.493  9.742 0.6666669846
85292  55.205  -5.295  10.137 0.5555559993
141425  53.995  -4.570  8.166 0.4444440007
86314  53.962  -3.930  7.615 0.6666669846
87274  52.661  -3.661  6.943 0.5555559993
87268  53.540  -3.274  7.192 0.5555559993
88199  52.726  -2.817  6.816 0.5555559993
87275  51.841  -3.303  6.521 0.4444440007
153714  51.927  -2.166  6.533 0.4444440007
89044  51.001  -1.805  6.215 0.4444440007
89046  49.112  -1.559  5.727 0.4444440007
137517  45.864  -1.488  6.202 0.1111110002
151473  58.216  -4.814  12.371 0.2222220004
85251  57.578  -5.114  13.115 0.4444440007
85280  56.287  -4.868  11.879 0.4444440007
86281  58.628  -4.789  11.527 0.2222220004
86290  58.812  -4.502  10.799 0.3333329856
86291  55.914  -4.462  11.298 0.6666669846
150010  55.985  -3.799  11.076 0.6666669846
86297  58.916  -4.662  10.009 0.3333329856
86292  55.566  -4.508  10.510 0.6666669846
86307  55.089  -4.027  8.996 0.5555559993
87248  55.591  -3.694  10.000 0.6666669846
86308  54.583  -3.938  8.170 0.5555559993
147455  54.984  -3.186  8.481 0.5555559993
87263  54.360  -3.134  7.696 0.5555559993
163145  53.919  -2.773  7.377 0.5555559993
88198  53.422  -2.296  7.217 0.5555559993
152605  52.688  -2.006  6.923 0.5555559993
89038  52.992  -1.344  7.190 0.5555559993
89043  51.604  -1.103  6.360 0.4444440007
89050  45.014  -0.879  6.839 0.1111110002
89045  50.112  -1.617  5.965 0.4444440007
89056  46.722  -1.259  5.558 0.1111110002
89048  47.500  -1.674  5.806 0.1111110002
146536  46.671  -2.004  6.227 0.1111110002
89971  49.968  -0.964  5.563 0.4444440007
89054  48.289  -1.315  5.497 0.1111110002
89055  47.607  -1.214  5.385 0.1111110002
85250  57.715  -5.124  13.023 0.3333329856
87234  57.958  -3.938  12.336 0.3333329856
86282  58.135  -4.170  12.130 0.2222220004
86274  57.812  -4.479  12.820 0.3333329856
152959  57.047  -4.465  12.655 0.4444440007
87239  58.509  -3.865  11.282 0.3333329856
87235  57.503  -3.714  12.290 0.3333329856
87242  56.780  -3.299  11.646 0.4444440007
87256  56.239  -3.013  10.796 0.5555559993
146215  58.761  -3.980  10.526 0.3333329856
88175  56.686  -2.191  10.597 0.5555559993
150318  55.871  -2.705  9.906 0.5555559993
88182  56.243  -1.787  9.870 0.5555559993
156085  55.399  -3.213  9.226 0.5555559993
88191  54.797  -2.305  8.199 0.5555559993
88197  54.145  -2.255  7.645 0.5555559993
89037  53.729  -1.386  7.550 0.5555559993
89956  53.268  -0.470  7.322 0.5555559993
89039  52.325  -1.279  6.794 0.5555559993
90914  52.813  0.106  6.679 0.5555559993
89962  52.153  -0.486  6.531 0.5555559993
89958  45.127  -0.309  7.758 0.1111110002
90907  45.178  0.399  7.476 0.1111110002
89963  51.514  -0.364  6.067 0.4444440007
89965  45.293  -0.882  6.248 0.1111110002
89970  50.855  -0.461  5.429 0.4444440007
89964  50.794  -0.931  6.014 0.4444440007
89982  49.848  -0.654  5.059 0.4444440007
89972  49.041  -0.917  5.320 0.4444440007
89983  48.903  -0.741  4.748 0.3333329856
89973  48.192  -0.887  5.100 0.3333329856
87240  58.161  -3.467  11.802 0.3333329856
87241  58.019  -3.121  12.037 0.3333329856
88165  58.402  -3.137  11.168 0.3333329856
88166  58.255  -2.710  11.255 0.3333329856
88168  57.184  -2.607  11.316 0.4444440007
87254  58.806  -3.621  9.870 0.3333329856
88173  58.454  -2.095  10.687 0.4444440007
88174  57.702  -1.890  11.028 0.5555559993
88190  58.523  -2.086  8.857 0.3333329856
88181  58.786  -1.757  9.769 0.3333329856
89014  57.264  -1.371  10.423 0.5555559993
87267  58.042  -3.475  7.852 0.2222220004
89020  55.893  -1.280  9.300 0.4444440007
87272  57.790  -3.733  7.239 0.2222220004
89950  54.874  -0.411  8.246 0.4444440007
89955  54.094  -0.434  7.739 0.4444440007
90906  53.793  0.428  7.193 0.5555559993
90913  53.444  0.646  6.501 0.5555559993
91864  53.935  1.046  6.166 0.5555559993
90924  53.195  0.641  5.856 0.5555559993
90925  52.536  0.267  6.049 0.5555559993
90915  52.089  -0.002  6.238 0.5555559993
150121  52.491  0.296  5.366 0.5555559993
90926  51.723  0.035  5.654 0.4444440007
162494  51.175  -0.060  5.066 0.4444440007
163068  50.541  -0.350  4.745 0.4444440007
156422  49.669  -0.610  4.353 0.4444440007
90935  52.554  0.184  4.498 0.4444440007
90936  51.795  0.087  4.867 0.4444440007
89981  51.157  -0.133  4.439 0.4444440007
89980  51.847  0.031  3.997 0.4444440007
90007  51.944  -0.718  3.230 0.4444440007
89017  58.913  -1.018  9.989 0.3333329856
149228  58.700  -2.811  9.417 0.3333329856
89012  58.487  -1.499  10.359 0.4444440007
88196  58.117  -2.455  7.953 0.3333329856
89013  58.158  -1.252  10.576 0.4444440007
89939  56.351  -0.471  9.298 0.4444440007
89948  56.809  0.392  9.049 0.4444440007
137953  57.766  -2.737  6.992 0.3333329856
89949  55.724  -0.194  8.773 0.4444440007
87273  57.576  -3.514  6.357 0.1111110002
90905  54.675  0.423  7.759 0.4444440007
90895  55.342  0.402  8.244 0.4444440007
142420  54.672  0.997  7.213 0.4444440007
90912  54.060  0.992  6.771 0.5555559993
91863  54.873  1.219  6.507 0.5555559993
155463  53.844  0.908  5.523 0.5555559993
147406  54.425  0.763  4.872 0.5555559993
90934  53.335  0.523  4.957 0.5555559993
90933  55.369  0.535  4.509 0.5555559993
90942  54.809  0.178  4.113 0.5555559993
89993  53.979  -0.264  3.629 0.5555559993
89994  52.784  -0.286  3.614 0.4444440007
90006  53.536  -1.227  2.925 0.5555559993
89992  55.194  -0.384  3.464 0.5555559993
89936  58.421  -0.462  9.425 0.3333329856
89937  58.172  -0.101  9.589 0.3333329856
89028  58.587  -0.939  9.123 0.3333329856
89938  57.409  -0.081  9.570 0.4444440007
151385  58.246  -1.427  8.145 0.3333329856
89947  58.347  -0.074  8.736 0.4444440007
90884  57.797  0.570  9.098 0.4444440007
147096  57.913  -1.712  7.242 0.3333329856
89036  58.241  -0.476  8.156 0.4444440007
90892  58.006  1.024  8.445 0.4444440007
90893  57.234  1.026  8.538 0.4444440007
141802  57.682  -1.733  6.292 0.3333329856
89961  57.879  -0.169  7.196 0.4444440007
90902  58.040  0.782  7.853 0.4444440007
87283  57.466  -3.003  5.455 0.3333329856
90910  57.612  0.329  6.708 0.4444440007
91853  57.139  1.338  7.404 0.4444440007
90903  56.667  1.284  7.938 0.4444440007
89969  57.560  -0.262  6.112 0.4444440007
90911  57.408  0.609  6.476 0.4444440007
91855  55.472  1.284  7.082 0.4444440007
91870  56.610  1.192  6.005 0.4444440007
91875  55.465  1.033  5.036 0.5555559993
90932  56.199  0.631  4.517 0.5555559993
90941  55.863  0.161  3.846 0.4444440007
89991  56.480  -0.065  3.121 0.4444440007
90005  54.668  -1.006  2.892 0.5555559993
88211  57.566  -2.472  5.909 0.3333329856
88210  57.595  -1.664  5.325 0.3333329856
89042  57.766  -0.936  6.642 0.4444440007
88214  57.531  -2.341  4.974 0.3333329856
88217  57.582  -2.361  4.179 0.3333329856
90920  57.386  0.216  5.945 0.4444440007
90922  56.853  0.796  5.488 0.4444440007
90930  57.059  0.248  4.921 0.4444440007
90931  56.803  0.496  4.665 0.4444440007
90940  56.669  0.193  3.911 0.4444440007
139776  56.544  -0.200  2.396 0.4444440007
148853  55.732  -0.502  2.757 0.4444440007
148206  57.462  -0.566  5.337 0.4444440007
89059  57.590  -1.051  4.856 0.4444440007
90929  57.218  0.013  5.195 0.4444440007
88213  57.602  -1.706  4.408 0.3333329856
88216  57.750  -1.968  3.396 0.3333329856
89978  57.353  -0.548  4.674 0.4444440007
89979  57.128  -0.240  4.326 0.4444440007
87288  58.136  -2.917  1.969 0.2222220004
89988  57.378  -0.748  3.645 0.4444440007
90003  57.120  -0.380  2.543 0.4444440007
89063  57.673  -1.316  2.973 0.4444440007
89061  57.543  -1.190  3.944 0.4444440007
90002  57.450  -0.779  2.729 0.4444440007
90019  57.400  -0.666  1.885 0.4444440007
36272  10.026  -51.382  44.471 0.2222220004
40114  7.263  -48.848  47.151 0.4444440007
37215  10.183  -50.581  45.407 0.2222220004
42110  8.088  -47.489  46.434 0.6666669846
42101  8.508  -46.604  46.539 0.6666669846
38217  7.690  -49.530  47.237 0.4444440007
42060  15.087  -46.423  51.075 0.1111110002
42066  8.999  -45.714  50.159 0.4444440007
40080  10.228  -47.102  50.221 0.4444440007
144262  14.953  -45.410  51.127 0.1111110002
42059  15.786  -46.283  50.594 0.1111110002
145611  14.708  -45.988  51.473 0.1111110002
43022  14.243  -45.350  51.400 0.1111110002
45044  10.334  -43.544  50.744 0.3333329856
44023  9.320  -44.380  50.420 0.3333329856
43041  7.831  -45.609  49.696 0.4444440007
40083  8.002  -47.729  49.422 0.4444440007
45065  8.312  -44.436  49.227 0.4444440007
43050  7.573  -45.670  48.828 0.5555559993
43058  7.826  -45.815  48.050 0.6666669846
44034  8.144  -45.023  48.500 0.6666669846
39152  7.023  -48.800  48.076 0.4444440007
40100  6.957  -48.110  48.093 0.4444440007
142435  9.588  -49.495  48.266 0.3333329856
38206  9.226  -49.830  47.756 0.3333329856
52782  18.108  -37.299  51.104 0.3333329856
49512  18.834  -38.883  51.751 0.2222220004
50563  18.305  -38.524  52.015 0.2222220004
46153  9.975  -42.686  51.234 0.3333329856
46152  10.685  -42.337  51.475 0.2222220004
46160  9.799  -42.821  50.196 0.5555559993
44037  9.675  -44.522  47.546 0.6666669846
43067  9.504  -45.454  46.376 0.5555559993
41125  7.122  -48.249  47.477 0.4444440007
39150  8.095  -49.379  48.389 0.4444440007
38209  7.377  -49.187  47.733 0.4444440007
38215  8.942  -50.101  47.168 0.3333329856
37217  9.161  -50.947  45.759 0.2222220004
37218  8.365  -50.998  45.865 0.4444440007
36264  10.099  -51.111  44.848 0.2222220004
51659  16.616  -37.953  50.484 0.4444440007
47237  13.298  -41.328  51.544 0.1111110002
48376  11.844  -40.945  52.179 0.2222220004
154285  17.897  -37.374  49.602 0.4444440007
47247  10.719  -41.601  51.139 0.3333329856
52817  18.776  -36.934  48.307 0.5555559993
51669  17.349  -37.669  49.960 0.2222220004
46159  10.557  -42.377  49.741 0.5555559993
45068  10.757  -43.602  47.510 0.5555559993
39166  7.789  -49.743  45.549 0.5555559993
39158  7.351  -49.170  47.430 0.4444440007
46149  15.656  -42.317  49.925 0.1111110002
50572  14.827  -38.841  51.705 0.2222220004
47242  15.615  -41.448  50.592 0.1111110002
48374  15.031  -41.063  51.379 0.2222220004
146720  14.155  -40.884  51.761 0.2222220004
50587  15.600  -38.797  49.956 0.3333329856
48369  14.974  -40.511  52.037 0.2222220004
48388  11.739  -40.686  51.364 0.4444440007
138162  13.403  -39.895  52.095 0.3333329856
52816  19.567  -36.708  48.660 0.5555559993
52828  18.259  -37.386  47.944 0.4444440007
51680  16.952  -38.132  48.641 0.4444440007
51670  16.783  -38.049  49.498 0.4444440007
50597  16.605  -38.653  48.245 0.4444440007
52839  18.246  -37.477  47.046 0.6666669846
51698  17.172  -38.481  46.871 0.4444440007
138553  17.622  -37.957  47.096 0.4444440007
50614  16.616  -39.129  46.662 0.4444440007
50607  15.998  -39.484  47.306 0.5555559993
51710  18.661  -37.362  44.597 0.5555559993
50629  17.701  -38.544  44.351 0.5555559993
49521  13.475  -39.737  51.631 0.3333329856
48395  13.346  -40.560  49.349 0.4444440007
49528  13.652  -39.761  50.761 0.3333329856
48475  15.727  -40.742  43.525 0.6666669846
40120  8.699  -48.641  44.793 0.5555559993
158857  8.558  -49.009  44.084 0.4444440007
48416  13.804  -41.148  47.721 0.4444440007
153781  19.586  -36.705  45.294 0.5555559993
50654  17.182  -39.288  41.391 0.6666669846
48489  15.116  -41.075  42.367 0.6666669846
53997  20.329  -36.508  45.121 0.5555559993
46191  13.516  -42.545  44.410 0.5555559993
54012  20.421  -36.495  44.225 0.6666669846
52862  19.821  -36.706  43.587 0.6666669846
53994  22.569  -36.023  45.253 0.6666669846
140390  21.112  -36.339  43.874 0.5555559993
51751  18.792  -37.953  39.596 0.6666669846
54040  20.912  -36.276  42.237 0.5555559993
50690  17.383  -38.656  37.646 0.5555559993
54055  21.483  -36.047  41.618 0.5555559993
52916  19.973  -36.490  38.156 0.5555559993
52930  19.292  -37.398  36.685 0.4444440007
138309  22.930  -35.980  41.393 0.6666669846
139598  21.203  -35.924  39.939 0.6666669846
54089  20.754  -36.049  39.464 0.6666669846
54139  19.789  -36.761  36.349 0.4444440007
52945  18.243  -37.388  35.496 0.3333329856
54112  20.343  -36.029  37.911 0.6666669846
55131  32.597  -35.035  42.373 0.6666669846
137944  32.566  -34.957  41.012 0.7777780294
55139  33.050  -34.963  41.479 0.6666669846
55148  33.069  -34.940  40.532 0.6666669846
162252  31.984  -35.006  40.933 0.8888890147
136421  31.413  -35.088  42.313 0.7777780294
55149  30.814  -35.518  40.284 0.8888890147
153632  30.166  -35.966  38.147 0.8888890147
54063  30.145  -35.653  40.958 0.6666669846
54065  28.859  -36.166  40.405 0.7777780294
54066  28.455  -36.097  41.133 0.7777780294
54084  28.982  -36.407  39.064 0.7777780294
52878  25.805  -36.596  41.312 0.7777780294
54052  25.354  -36.395  42.098 0.7777780294
52891  25.319  -36.616  40.599 0.7777780294
55155  33.756  -34.981  39.933 0.6666669846
52912  28.284  -36.601  38.505 0.6666669846
52901  26.461  -36.732  39.724 0.8888890147
52940  28.722  -36.573  36.422 0.6666669846
54086  23.812  -36.087  39.216 0.7777780294
146869  23.716  -35.953  38.328 0.7777780294
162185  30.872  -36.844  32.988 0.7777780294
137184  28.901  -36.701  33.971 0.6666669846
137010  28.129  -36.653  34.581 0.7777780294
52942  26.874  -36.622  36.166 0.6666669846
52957  27.503  -36.631  35.421 0.6666669846
52973  27.501  -36.651  33.923 0.5555559993
54080  35.780  -35.630  39.481 0.3333329856
153153  31.408  -36.839  33.119 0.8888890147
54238  28.925  -36.581  30.752 0.4444440007
150811  27.846  -36.788  32.023 0.5555559993
54239  27.296  -36.604  30.707 0.4444440007
54223  27.156  -36.703  31.632 0.5555559993
160617  36.651  -35.834  37.863 0.4444440007
54190  36.874  -35.657  34.368 0.6666669846
52969  33.383  -36.698  34.107 0.7777780294
54208  33.599  -36.186  32.627 0.7777780294
55250  31.292  -35.296  30.584 0.8888890147
54234  32.596  -35.269  31.271 0.7777780294
139849  30.241  -35.148  29.783 0.6666669846
54078  37.548  -36.144  39.869 0.3333329856
163718  37.068  -35.900  38.429 0.3333329856
54150  37.981  -35.798  36.469 0.5555559993
54206  35.554  -35.882  33.617 0.8888890147
54233  33.276  -34.825  31.387 0.7777780294
55248  32.750  -34.098  31.103 0.8888890147
136477  38.964  -36.270  37.633 0.3333329856
56159  37.818  -33.111  33.080 0.7777780294
57194  35.728  -32.617  32.128 0.8888890147
55239  35.960  -35.121  32.916 0.7777780294
146683  35.520  -34.534  32.191 0.7777780294
57158  36.052  -31.648  33.216 0.8888890147
56174  33.165  -32.785  31.513 0.8888890147
55195  39.322  -34.412  34.867 0.4444440007
55196  38.553  -34.897  34.796 0.5555559993
58373  33.620  -31.261  32.439 0.8888890147
60680  33.588  -29.520  29.904 0.8888890147
55185  40.423  -34.655  35.722 0.4444440007
57173  38.147  -32.270  33.370 0.7777780294
58370  37.742  -31.740  33.423 0.7777780294
58363  34.728  -31.394  34.822 0.8888890147
57156  39.481  -32.637  34.392 0.6666669846
57157  38.797  -32.360  33.864 0.7777780294
138148  36.881  -31.390  34.338 0.7777780294
61614  35.156  -28.855  33.261 1.0000000000
63535  33.786  -26.921  29.766 0.8888890147
59519  35.029  -30.529  36.066 0.6666669846
143691  37.632  -26.179  29.473 1.0000000000
61589  36.059  -29.645  36.620 0.5555559993
58326  39.606  -31.107  36.480 0.3333329856
61588  36.832  -29.036  36.297 0.5555559993
64439  38.188  -26.144  34.902 0.8888890147
64444  38.764  -25.762  33.180 0.8888890147
62500  38.083  -27.635  37.090 0.3333329856
64423  38.552  -26.383  36.484 0.4444440007
65479  40.061  -24.875  32.659 0.8888890147
64431  38.880  -25.862  36.165 0.5555559993
140663  38.722  -25.848  35.515 0.7777780294
64443  39.272  -25.339  33.920 0.7777780294
65468  40.418  -24.179  33.271 0.8888890147
70571  36.976  -18.957  27.996 1.0000000000
66494  40.526  -23.323  32.956 0.8888890147
70563  38.245  -19.122  29.778 1.0000000000
69504  39.346  -20.042  30.949 0.8888890147
74911  39.299  -15.224  26.090 1.0000000000
75947  38.231  -15.188  29.297 0.8888890147
75968  40.192  -14.499  27.311 1.0000000000
138223  40.118  -15.911  24.217 1.0000000000
74839  38.467  -16.011  30.846 0.7777780294
76005  41.074  -15.081  25.193 1.0000000000
74940  40.776  -15.828  23.702 1.0000000000
72890  37.962  -18.471  18.659 0.3333329856
150600  38.510  -17.999  19.076 0.5555559993
72898  38.011  -18.362  17.653 0.3333329856
71820  37.328  -18.725  17.038 0.2222220004
72701  40.201  -17.051  33.412 0.5555559993
75916  39.565  -15.124  32.223 0.5555559993
75927  39.648  -14.628  32.009 0.5555559993
76983  39.864  -13.963  31.594 0.6666669846
76993  40.437  -13.438  31.122 0.6666669846
78047  42.407  -12.641  29.413 0.4444440007
76004  41.706  -14.981  24.704 1.0000000000
73989  39.920  -16.995  18.254 0.5555559993
72907  36.151  -18.073  15.937 0.1111110002
74796  40.600  -15.202  33.695 0.5555559993
78033  42.294  -12.475  30.286 0.5555559993
79029  42.705  -11.781  32.475 0.4444440007
79039  42.773  -11.857  31.639 0.5555559993
79068  43.012  -12.150  29.918 0.5555559993
164909  44.453  -10.967  32.307 0.3333329856
80065  44.953  -10.753  32.763 0.2222220004
78046  43.164  -12.337  29.096 0.5555559993
78059  43.398  -12.585  28.336 0.5555559993
144041  42.679  -13.825  26.580 0.8888890147
78077  43.657  -12.810  27.587 0.5555559993
136487  43.516  -13.652  26.228 0.8888890147
76003  42.580  -14.713  24.452 1.0000000000
76018  42.120  -14.982  23.832 1.0000000000
143951  41.818  -15.301  23.291 1.0000000000
160338  42.467  -14.847  22.225 1.0000000000
75001  42.150  -15.819  19.091 0.8888890147
73986  43.400  -16.188  17.601 0.8888890147
73988  40.642  -16.715  18.639 0.5555559993
143575  40.575  -16.928  17.810 0.5555559993
74001  41.133  -17.174  16.945 0.4444440007
74010  41.880  -16.769  16.441 0.5555559993
72906  38.766  -17.862  16.256 0.3333329856
74018  40.793  -16.777  15.504 0.3333329856
72914  39.540  -17.297  15.483 0.3333329856
78024  41.510  -12.597  32.339 0.4444440007
79040  42.115  -12.182  31.986 0.5555559993
80053  46.037  -10.603  33.662 0.1111110002
80063  46.483  -10.480  32.976 0.1111110002
137945  45.436  -10.757  32.290 0.1111110002
80052  46.759  -10.679  33.543 0.1111110002
136961  46.103  -10.647  32.295 0.1111110002
79017  47.353  -11.064  33.640 0.1111110002
155474  47.452  -10.618  33.215 0.1111110002
79048  45.354  -11.173  30.117 0.2222220004
142606  44.380  -11.761  29.294 0.3333329856
79101  44.886  -12.134  27.754 0.4444440007
76002  43.315  -14.439  24.213 1.0000000000
76046  43.202  -14.565  21.957 1.0000000000
76065  43.450  -14.626  20.979 1.0000000000
137684  43.892  -15.942  18.194 1.0000000000
161030  43.707  -15.360  16.801 0.7777780294
75041  41.289  -16.168  15.469 0.3333329856
76113  42.823  -15.255  16.255 0.5555559993
77167  41.667  -14.622  15.521 0.2222220004
78014  41.513  -12.581  33.156 0.4444440007
78003  41.571  -12.673  33.991 0.4444440007
79019  42.686  -11.725  33.317 0.4444440007
80055  43.858  -10.936  33.709 0.3333329856
80095  47.030  -10.498  31.354 0.1111110002
79016  48.124  -10.964  33.178 0.1111110002
151768  47.929  -10.339  32.672 0.1111110002
79027  49.313  -11.352  32.327 0.1111110002
79015  49.044  -12.115  32.807 0.1111110002
80116  47.100  -10.674  30.360 0.1111110002
79079  46.188  -11.476  28.349 0.3333329856
163050  45.487  -12.075  27.456 0.4444440007
77060  45.985  -13.437  24.781 0.7777780294
157209  47.131  -13.950  22.306 0.8888890147
77075  45.643  -13.869  23.222 0.7777780294
77091  48.122  -13.824  22.085 0.7777780294
77092  45.508  -13.969  22.426 0.8888890147
76028  45.054  -14.080  21.987 0.8888890147
76063  45.799  -14.813  20.214 1.0000000000
78994  44.555  -10.915  35.012 0.2222220004
161279  48.460  -10.200  32.073 0.1111110002
80091  50.368  -10.666  30.615 0.1111110002
159494  50.690  -10.332  30.017 0.1111110002
158400  50.663  -11.563  30.974 0.1111110002
152005  50.871  -12.699  30.174 0.1111110002
80076  50.016  -11.236  31.765 0.1111110002
80092  49.683  -10.403  31.030 0.1111110002
80093  48.594  -10.148  31.271 0.1111110002
80115  47.529  -10.755  29.352 0.1111110002
153953  46.384  -14.655  19.624 1.0000000000
77166  42.538  -14.345  16.065 0.5555559993
80143  49.004  -10.721  28.007 0.2222220004
80144  48.208  -10.893  28.176 0.2222220004
152476  51.153  -12.153  23.429 0.2222220004
79181  50.430  -11.552  22.163 0.2222220004
78166  49.981  -12.037  21.984 0.5555559993
78136  50.373  -12.474  23.055 0.3333329856
78154  49.697  -12.770  22.630 0.5555559993
78137  49.619  -12.831  23.302 0.5555559993
78106  49.069  -12.450  24.960 0.5555559993
80208  51.138  -10.933  22.299 0.3333329856
141580  49.330  -12.723  21.671 0.5555559993
79182  49.862  -11.418  21.693 0.5555559993
78168  49.113  -12.383  21.167 0.7777780294
79223  45.319  -12.030  17.706 1.0000000000
78216  43.153  -12.778  16.209 0.3333329856
79154  50.681  -11.958  24.771 0.3333329856
138091  49.459  -11.582  26.294 0.5555559993
78135  52.273  -12.075  23.426 0.2222220004
153355  51.918  -10.127  22.423 0.2222220004
82244  50.803  -8.903  22.320 0.3333329856
81216  52.381  -9.212  22.364 0.3333329856
79216  45.934  -11.689  18.184 1.0000000000
80264  45.133  -10.565  17.432 1.0000000000
82301  45.325  -8.254  16.423 0.8888890147
82300  45.776  -7.885  16.048 0.8888890147
81282  44.870  -9.713  17.097 1.0000000000
145859  45.390  -11.278  17.694 1.0000000000
81296  44.075  -8.970  15.982 0.8888890147
81289  43.742  -9.907  16.124 0.8888890147
78215  44.239  -12.174  17.033 0.8888890147
81297  43.496  -9.447  15.508 0.7777780294
80278  43.551  -10.742  16.235 0.6666669846
162683  43.430  -11.442  16.267 0.7777780294
80288  41.902  -10.992  14.946 0.3333329856
83264  52.382  -7.653  21.496 0.3333329856
82253  51.829  -7.893  22.184 0.3333329856
82268  49.371  -8.200  21.047 0.4444440007
83266  50.132  -7.866  21.476 0.4444440007
82291  47.073  -7.391  17.508 1.0000000000
81314  46.919  -8.916  13.111 0.8888890147
81315  46.186  -9.008  13.191 0.7777780294
81332  45.643  -9.634  12.626 0.6666669846
81350  46.895  -9.958  11.826 0.3333329856
147203  49.886  -7.403  20.847 0.4444440007
84222  50.675  -6.562  20.059 0.5555559993
84231  51.716  -6.279  19.960 0.5555559993
84221  52.251  -6.687  20.717 0.3333329856
154029  49.215  -6.651  17.527 0.8888890147
83294  48.351  -6.769  18.267 0.8888890147
141281  50.084  -6.419  19.342 0.5555559993
84254  49.910  -6.398  17.804 0.7777780294
84264  50.563  -6.679  17.039 0.7777780294
148560  51.855  -7.277  14.999 0.8888890147
82336  51.027  -7.859  12.993 0.7777780294
152420  55.204  -6.303  18.386 0.5555559993
144523  54.448  -6.017  18.296 0.6666669846
141638  54.081  -5.990  19.238 0.3333329856
162246  53.180  -6.133  17.358 0.7777780294
81347  50.388  -9.454  11.276 0.5555559993
81384  48.848  -9.236  8.952 0.2222220004
83335  53.393  -6.984  14.577 0.8888890147
146792  50.407  -9.288  9.990 0.3333329856
82390  51.028  -9.083  10.257 0.4444440007
146605  54.010  -7.878  13.191 0.6666669846
83345  55.896  -7.451  13.781 0.6666669846
82356  54.795  -8.024  11.688 0.6666669846
83372  52.840  -7.897  10.339 0.6666669846
85295  53.012  -5.874  9.212 0.6666669846
83363  55.422  -7.519  11.518 0.6666669846
85266  56.765  -5.431  12.585 0.5555559993
88204  49.509  -2.416  6.020 0.4444440007
85265  58.588  -5.526  11.996 0.2222220004
146469  55.735  -5.202  11.012 0.6666669846
86300  54.846  -4.844  9.292 0.5555559993
156887  54.601  -4.513  8.651 0.5555559993
86283  56.463  -4.029  11.924 0.5555559993
154060  59.103  -6.052  10.526 0.2222220004
85279  58.960  -5.205  10.649 0.2222220004
88180  58.742  -2.587  10.177 0.3333329856
88183  55.457  -2.286  9.044 0.5555559993
89029  55.243  -1.294  8.642 0.5555559993
89030  54.477  -1.392  8.006 0.4444440007
88167  57.909  -2.559  11.458 0.3333329856
89008  58.231  -1.956  10.927 0.4444440007
163293  58.016  -0.930  7.470 0.4444440007
90904  55.562  1.063  7.761 0.4444440007
91871  55.689  1.261  5.799 0.5555559993
91862  56.019  1.403  6.567 0.4444440007
152619  53.916  0.365  4.312 0.5555559993
90883  58.194  0.267  8.962 0.3333329856
137507  57.868  0.453  7.395 0.4444440007
91860  57.378  1.046  6.953 0.4444440007
89990  56.881  -0.155  3.236 0.4444440007
87286  57.893  -2.606  2.708 0.2222220004
89073  57.761  -1.246  2.082 0.4444440007
37227  7.700  -51.033  45.041 0.2222220004
38228  7.613  -50.707  44.878 0.4444440007
39183  6.735  -50.330  43.563 0.3333329856
39191  7.064  -49.697  43.433 0.1111110002
151377  6.470  -48.975  43.149 0.1111110002
39175  7.546  -50.441  44.650 0.4444440007
39182  7.539  -50.007  44.219 0.2222220004
40134  7.506  -49.045  43.063 0.2222220004
40146  7.113  -48.343  42.710 0.1111110002
39181  7.965  -49.448  43.733 0.2222220004
40133  8.417  -48.906  43.314 0.2222220004
40145  8.026  -48.520  42.516 0.2222220004
41160  6.824  -47.471  42.654 0.1111110002
41166  8.355  -47.342  41.607 0.1111110002
41159  7.722  -47.795  42.172 0.2222220004
41150  9.088  -48.462  43.929 0.3333329856
41157  9.406  -47.869  42.524 0.2222220004
41158  8.619  -47.962  42.154 0.2222220004
40132  8.943  -48.444  42.866 0.2222220004
41165  9.223  -47.472  41.726 0.1111110002
42149  9.021  -46.818  41.077 0.1111110002
42127  9.927  -47.349  43.354 0.3333329856
42138  9.917  -47.261  42.223 0.3333329856
41149  9.461  -48.050  43.343 0.2222220004
42126  10.424  -46.705  42.909 0.3333329856
42137  10.425  -46.653  41.969 0.2222220004
42148  9.752  -46.854  41.414 0.1111110002
43114  10.590  -45.794  40.747 0.1111110002
42159  9.712  -46.245  40.640 0.1111110002
42160  8.968  -46.122  40.561 0.1111110002
44091  10.683  -45.189  40.006 0.1111110002
43129  10.087  -45.682  40.118 0.1111110002
44098  11.020  -44.540  39.552 0.1111110002
43142  10.025  -45.298  39.669 0.1111110002
43143  9.415  -45.459  40.056 0.1111110002
45156  10.400  -43.730  38.650 0.1111110002
44107  9.898  -44.240  38.923 0.1111110002
43093  10.207  -46.439  43.859 0.4444440007
141191  10.757  -45.960  42.709 0.5555559993
44057  11.105  -45.208  42.512 0.4444440007
43103  10.795  -45.924  41.757 0.1111110002
44069  11.605  -44.563  42.175 0.4444440007
44070  11.204  -45.236  41.514 0.3333329856
44090  11.389  -44.644  40.286 0.2222220004
150168  11.579  -44.138  39.829 0.1111110002
45155  10.949  -43.312  38.492 0.1111110002
46262  10.186  -42.890  38.359 0.1111110002
43086  10.461  -45.643  44.224 0.4444440007
139883  10.878  -45.188  43.557 0.5555559993
161540  10.586  -45.989  43.465 0.4444440007
146478  11.453  -44.529  43.176 0.5555559993
45122  11.992  -43.801  41.765 0.4444440007
44081  11.600  -44.582  41.179 0.4444440007
45131  11.874  -43.972  40.664 0.4444440007
46226  12.460  -43.408  40.964 0.4444440007
46236  12.818  -42.863  40.280 0.4444440007
46249  11.696  -43.126  38.762 0.1111110002
46248  12.532  -42.745  39.230 0.2222220004
46260  12.001  -42.386  38.381 0.1111110002
149746  10.477  -42.122  38.153 0.1111110002
45100  11.276  -44.425  44.142 0.5555559993
45085  11.728  -43.897  44.682 0.4444440007
45099  11.836  -43.918  43.757 0.5555559993
45113  11.892  -43.911  42.798 0.4444440007
160524  12.379  -43.523  42.502 0.4444440007
46218  12.643  -43.238  41.886 0.4444440007
47353  13.151  -42.266  39.766 0.4444440007
141354  12.832  -42.040  38.807 0.3333329856
47365  12.317  -41.716  37.941 0.1111110002
48556  12.827  -40.286  37.228 0.1111110002
45077  11.588  -43.890  45.418 0.4444440007
45086  11.194  -44.316  45.040 0.5555559993
46193  12.416  -43.403  44.370 0.4444440007
46216  13.436  -42.631  42.815 0.4444440007
46192  12.939  -42.865  44.565 0.5555559993
46217  13.146  -42.750  42.038 0.4444440007
153550  13.819  -42.147  40.946 0.5555559993
47331  13.529  -42.464  41.431 0.4444440007
48503  14.327  -41.679  40.827 0.4444440007
48532  14.623  -40.980  39.323 0.3333329856
47352  13.616  -41.826  39.260 0.4444440007
48545  13.483  -40.898  37.885 0.3333329856
49630  15.440  -39.768  38.364 0.4444440007
49631  14.568  -39.975  37.931 0.3333329856
49632  13.753  -40.212  37.479 0.2222220004
50683  15.011  -39.425  37.418 0.3333329856
49638  14.068  -39.546  37.057 0.2222220004
49639  13.068  -39.512  36.886 0.1111110002
50692  15.461  -38.833  36.949 0.3333329856
50693  14.473  -38.864  36.684 0.3333329856
50694  13.452  -38.771  36.584 0.1111110002
46184  12.095  -43.484  45.302 0.4444440007
46205  13.014  -42.888  43.689 0.4444440007
47307  13.754  -42.361  43.608 0.5555559993
47330  14.020  -41.940  41.681 0.5555559993
48520  14.789  -41.125  40.353 0.5555559993
49615  15.310  -40.578  39.842 0.5555559993
49623  14.995  -40.317  38.874 0.4444440007
50691  16.436  -38.762  37.294 0.3333329856
50702  14.953  -38.248  36.293 0.3333329856
50703  13.935  -38.114  36.299 0.2222220004
50701  16.001  -38.318  36.484 0.3333329856
51781  14.368  -37.397  36.087 0.2222220004
51780  15.502  -37.561  35.918 0.2222220004
51779  16.607  -37.861  36.051 0.3333329856
51787  17.154  -37.444  35.473 0.2222220004
53005  26.290  -36.569  32.799 0.4444440007
53006  25.424  -36.473  32.998 0.3333329856
52962  16.519  -36.778  35.114 0.2222220004
51788  16.265  -37.314  35.545 0.2222220004
54165  15.008  -35.954  35.753 0.1111110002
54224  26.515  -36.615  32.084 0.4444440007
153283  24.857  -36.399  32.356 0.3333329856
54241  25.156  -36.477  31.500 0.3333329856
54226  24.214  -36.401  31.709 0.3333329856
54240  26.260  -36.583  31.272 0.3333329856
54242  24.469  -36.504  30.943 0.3333329856
143854  23.429  -36.454  30.944 0.2222220004
54251  26.536  -36.517  30.178 0.3333329856
54252  25.339  -36.566  30.434 0.3333329856
54253  24.072  -36.549  30.019 0.3333329856
52943  25.930  -36.547  36.001 0.5555559993
146220  26.260  -36.594  36.835 0.5555559993
52959  25.462  -36.495  35.241 0.4444440007
54159  24.637  -36.323  35.340 0.4444440007
54179  24.831  -36.401  34.581 0.4444440007
54180  23.906  -36.136  34.693 0.4444440007
54193  25.105  -36.441  33.786 0.3333329856
52990  26.022  -36.528  33.606 0.4444440007
54194  24.111  -36.268  33.874 0.3333329856
54210  23.255  -36.249  32.980 0.3333329856
54211  22.040  -36.227  33.162 0.2222220004
52961  17.609  -36.883  34.920 0.2222220004
159123  24.007  -36.321  32.438 0.3333329856
54228  22.114  -36.400  32.199 0.2222220004
54227  23.266  -36.328  31.956 0.2222220004
141388  25.870  -36.459  29.407 0.3333329856
157441  24.915  -36.554  29.518 0.3333329856
54260  26.944  -36.185  29.243 0.3333329856
54262  24.080  -36.328  28.942 0.2222220004
54271  26.177  -35.929  28.345 0.3333329856
54273  24.177  -35.758  28.038 0.2222220004
52928  26.545  -36.654  37.607 0.6666669846
147765  26.057  -36.665  38.321 0.6666669846
54106  25.103  -36.504  38.024 0.5555559993
52929  25.704  -36.567  37.453 0.6666669846
54133  24.935  -36.368  37.295 0.4444440007
162342  25.165  -36.430  35.859 0.4444440007
163877  23.914  -35.866  36.218 0.4444440007
145789  23.555  -35.825  36.802 0.4444440007
157192  24.565  -36.210  36.061 0.4444440007
153297  22.568  -35.651  36.631 0.4444440007
54160  23.852  -35.983  35.510 0.4444440007
54182  21.678  -35.663  34.914 0.4444440007
54161  22.915  -35.745  35.851 0.4444440007
54181  22.901  -35.864  34.830 0.4444440007
55197  21.050  -35.891  34.787 0.3333329856
54195  23.002  -36.070  33.927 0.2222220004
54196  21.872  -35.889  34.015 0.2222220004
55213  20.953  -36.079  34.152 0.2222220004
52960  18.778  -36.784  34.977 0.2222220004
52976  16.866  -36.132  34.476 0.2222220004
163818  21.348  -36.373  32.630 0.2222220004
143612  21.149  -36.319  33.292 0.2222220004
55242  21.078  -36.035  31.975 0.2222220004
55243  20.629  -35.171  32.092 0.2222220004
52915  25.327  -36.608  38.877 0.7777780294
54107  24.464  -36.327  38.577 0.6666669846
141538  24.215  -36.016  37.633 0.6666669846
54134  23.039  -35.740  37.575 0.6666669846
54162  21.526  -35.516  35.814 0.3333329856
54135  21.784  -35.441  36.892 0.4444440007
55173  20.802  -35.668  35.713 0.3333329856
55174  20.424  -35.934  35.981 0.3333329856
55186  20.508  -36.109  35.135 0.2222220004
54164  19.517  -36.672  35.347 0.2222220004
55198  20.590  -36.354  34.349 0.2222220004
54183  18.982  -36.160  34.507 0.2222220004
54198  17.768  -35.590  34.034 0.2222220004
55215  19.903  -36.278  33.585 0.2222220004
55218  17.876  -34.759  33.633 0.2222220004
55232  20.298  -35.424  32.577 0.2222220004
56153  19.825  -35.719  33.156 0.2222220004
56154  19.476  -35.014  33.464 0.1111110002
56163  19.991  -34.661  33.015 0.2222220004
158272  20.802  -35.466  36.521 0.4444440007
55175  20.106  -36.358  36.146 0.3333329856
55187  20.194  -36.300  35.149 0.2222220004
55188  19.967  -36.472  35.124 0.3333329856
55189  19.548  -36.510  34.788 0.2222220004
55199  20.034  -36.478  34.397 0.2222220004
55200  19.538  -36.320  34.327 0.1111110002
55201  19.383  -35.796  34.133 0.1111110002
54197  18.868  -35.252  33.954 0.1111110002
56139  19.429  -35.951  33.824 0.1111110002
55216  19.404  -35.348  34.239 0.1111110002
55217  18.902  -34.574  33.670 0.2222220004
56155  19.330  -34.720  33.598 0.1111110002
56164  19.742  -33.960  33.303 0.2222220004
60687  33.226  -29.578  28.807 0.4444440007
139692  34.104  -26.886  28.923 0.5555559993
62549  33.286  -27.447  29.942 0.7777780294
63543  34.507  -26.886  28.090 0.5555559993
62554  32.948  -27.811  29.286 0.7777780294
142177  32.960  -28.162  29.211 0.4444440007
62555  32.857  -28.592  28.578 0.4444440007
62553  33.329  -27.256  29.144 0.5555559993
63544  33.539  -27.029  28.116 0.4444440007
63545  32.799  -27.604  28.459 0.3333329856
156231  33.490  -27.066  27.133 0.3333329856
63555  32.838  -27.396  27.518 0.3333329856
63533  35.694  -26.587  29.307 0.6666669846
155580  34.978  -26.758  28.728 0.5555559993
63552  35.866  -26.845  27.507 0.4444440007
63553  35.066  -26.844  27.324 0.4444440007
63554  34.227  -26.952  27.265 0.5555559993
64489  35.865  -26.705  26.456 0.3333329856
63564  34.792  -26.796  26.460 0.3333329856
63565  33.908  -26.947  26.360 0.2222220004
63574  34.295  -26.575  25.442 0.3333329856
63575  33.475  -26.877  25.639 0.2222220004
63542  35.767  -26.747  28.364 0.5555559993
63551  36.451  -26.733  27.866 0.5555559993
63573  35.261  -26.549  25.780 0.3333329856
64506  35.122  -26.031  25.173 0.2222220004
64473  37.359  -26.277  28.669 0.6666669846
63541  36.524  -26.600  28.598 0.5555559993
64481  37.160  -26.316  27.837 0.5555559993
143663  36.792  -26.395  26.980 0.5555559993
148960  37.191  -25.545  26.567 0.4444440007
64498  36.744  -25.891  26.070 0.4444440007
65549  36.620  -25.166  25.437 0.2222220004
64499  36.005  -26.061  25.569 0.2222220004
143622  35.822  -25.359  24.990 0.2222220004
64480  37.823  -25.520  28.022 0.6666669846
64488  37.458  -25.607  27.122 0.5555559993
65534  37.800  -24.665  27.222 0.4444440007
65535  37.465  -25.004  26.691 0.5555559993
65548  37.188  -24.868  26.155 0.1111110002
65521  38.167  -24.482  28.117 0.7777780294
66523  38.014  -23.714  27.630 0.6666669846
144091  37.905  -23.014  27.272 0.6666669846
66532  37.720  -23.806  26.886 0.5555559993
66544  37.419  -23.927  26.236 0.3333329856
65520  38.637  -24.299  28.842 0.7777780294
160199  38.224  -22.987  27.849 0.6666669846
66543  37.620  -23.088  26.530 0.5555559993
67475  38.059  -22.274  27.733 0.7777780294
67488  37.745  -22.300  26.991 0.6666669846
67501  37.461  -22.271  26.247 0.3333329856
68551  37.133  -21.393  26.174 0.5555559993
68561  36.752  -21.175  25.520 0.4444440007
69562  36.834  -20.598  26.156 0.4444440007
68574  36.573  -21.667  24.961 0.3333329856
68589  35.631  -21.759  23.565 0.1111110002
68550  37.540  -21.482  26.789 0.6666669846
69561  37.217  -20.768  26.755 0.5555559993
69572  36.369  -20.341  25.445 0.3333329856
69573  35.872  -20.171  24.752 0.2222220004
144008  35.764  -20.892  24.145 0.2222220004
156336  39.018  -17.565  20.485 0.6666669846
72855  38.792  -17.524  21.232 0.7777780294
72875  37.412  -18.157  20.688 0.7777780294
72876  36.510  -18.216  20.798 0.4444440007
71780  35.982  -18.696  20.159 0.3333329856
71794  35.347  -19.092  19.481 0.2222220004
70614  35.506  -19.406  24.640 0.3333329856
70601  35.885  -19.412  25.373 0.6666669846
69584  35.347  -19.989  24.062 0.3333329856
73918  35.386  -17.608  23.384 0.7777780294
72834  34.658  -18.432  23.017 0.5555559993
71749  33.279  -18.851  22.146 0.2222220004
73944  39.416  -16.987  21.814 0.8888890147
73932  35.404  -17.404  22.927 0.5555559993
72860  34.457  -17.924  21.884 0.5555559993
156144  33.922  -18.084  22.024 0.2222220004
72856  37.881  -17.728  21.390 0.6666669846
73946  37.410  -17.307  22.155 0.6666669846
73947  36.460  -17.306  22.211 0.6666669846
72859  35.214  -17.813  21.700 0.5555559993
71781  35.034  -18.626  20.363 0.2222220004
70615  34.974  -18.972  24.142 0.6666669846
73897  35.766  -17.524  24.757 0.7777780294
71713  35.209  -18.180  24.627 0.7777780294
70616  34.484  -19.253  23.348 0.4444440007
81306  43.148  -9.037  14.956 0.5555559993
81298  42.875  -9.753  15.145 0.4444440007
82328  43.315  -8.887  14.373 0.4444440007
82329  42.716  -8.974  13.724 0.4444440007
81318  41.599  -9.258  13.338 0.2222220004
82344  43.466  -8.928  13.680 0.5555559993
148156  42.683  -9.034  13.206 0.3333329856
82346  41.029  -9.051  12.639 0.2222220004
82368  40.296  -8.616  11.977 0.2222220004
82366  42.148  -9.138  12.550 0.3333329856
82367  41.217  -8.953  12.028 0.2222220004
82384  39.589  -8.088  11.940 0.2222220004
83358  38.481  -7.515  12.240 0.1111110002
85210  41.439  -5.372  16.579 0.1111110002
82343  44.006  -9.171  13.201 0.5555559993
85216  39.431  -5.355  15.319 0.1111110002
81333  44.619  -9.754  12.601 0.5555559993
81334  43.568  -9.765  12.394 0.4444440007
81335  42.580  -9.639  12.001 0.2222220004
82383  40.087  -7.761  11.320 0.2222220004
85244  38.588  -5.737  12.915 0.1111110002
86229  43.605  -4.583  17.280 0.1111110002
85213  41.839  -4.429  16.075 0.1111110002
85209  42.205  -4.994  16.757 0.1111110002
85214  41.070  -4.847  15.838 0.1111110002
86254  41.510  -4.078  14.124 0.1111110002
85242  39.753  -4.766  13.865 0.1111110002
86264  39.922  -4.674  13.141 0.1111110002
81352  45.133  -10.316  11.936 0.4444440007
81355  41.783  -9.298  11.536 0.2222220004
82392  40.905  -7.934  10.604 0.2222220004
84326  39.247  -6.429  11.517 0.1111110002
85276  40.547  -4.966  11.501 0.1111110002
80323  43.833  -10.681  10.897 0.2222220004
144457  42.386  -9.871  10.840 0.2222220004
82391  41.591  -8.615  10.210 0.2222220004
84337  40.700  -6.374  10.543 0.1111110002
85288  41.089  -5.819  10.571 0.1111110002
138729  40.492  -5.606  10.949 0.1111110002
80334  45.368  -10.968  10.395 0.2222220004
81362  42.863  -9.933  10.040 0.2222220004
82403  41.576  -7.836  9.895 0.2222220004
84336  41.417  -6.434  10.211 0.2222220004
80346  45.616  -10.739  9.536 0.2222220004
80347  44.264  -10.362  9.581 0.2222220004
81374  42.749  -9.308  9.646 0.2222220004
82402  42.279  -8.497  9.625 0.2222220004
80332  47.767  -10.586  10.335 0.2222220004
83389  41.757  -7.124  9.770 0.1111110002
158117  8.205  -49.387  44.670 0.4444440007
44050  10.756  -44.896  44.591 0.5555559993
43087  9.943  -46.067  44.703 0.4444440007
47319  14.035  -41.976  42.735 0.5555559993
52944  19.200  -37.089  35.762 0.2222220004
72824  35.440  -17.869  24.362 0.7777780294
141936  35.910  -16.991  22.851 0.6666669846
73945  38.405  -17.294  22.037 0.6666669846
73943  40.147  -16.608  22.023 0.8888890147
80321  45.638  -10.747  11.354 0.2222220004
154277  46.398  -10.521  11.429 0.2222220004
153139  46.932  -10.896  10.197 0.2222220004
80331  48.520  -10.270  10.310 0.2222220004
42139  7.460  -46.865  42.034 0.1111110002
42147  10.287  -46.416  41.198 0.1111110002
44082  11.147  -45.133  40.711 0.1111110002
44099  10.310  -44.784  39.377 0.1111110002
45145  10.580  -44.271  39.051 0.1111110002
44100  9.579  -44.769  39.426 0.1111110002
44092  8.813  -44.537  39.866 0.1111110002
45144  11.249  -43.867  39.058 0.1111110002
46237  12.062  -43.458  39.814 0.1111110002
47366  11.233  -41.794  37.861 0.1111110002
46206  12.415  -43.486  43.319 0.5555559993
46225  12.986  -42.834  41.228 0.4444440007
146235  12.809  -43.066  42.711 0.5555559993
47341  13.380  -42.478  40.641 0.4444440007
47364  13.198  -41.494  38.340 0.1111110002
47379  12.595  -41.016  37.599 0.1111110002
48557  11.882  -40.299  37.259 0.1111110002
47320  13.639  -42.371  42.131 0.5555559993
47340  13.813  -42.057  40.184 0.4444440007
48521  14.231  -41.525  39.790 0.4444440007
48544  14.299  -40.680  38.340 0.3333329856
48533  13.923  -41.247  38.830 0.3333329856
52946  14.673  -36.593  35.913 0.1111110002
52963  15.604  -36.747  35.489 0.2222220004
54225  25.760  -36.504  32.193 0.3333329856
54209  24.470  -36.354  33.102 0.3333329856
54263  23.147  -36.113  29.194 0.2222220004
138950  25.266  -36.439  36.614 0.4444440007
52975  25.758  -36.512  34.440 0.4444440007
54261  25.091  -36.314  28.677 0.2222220004
140324  24.433  -36.072  36.776 0.4444440007
55214  20.388  -36.404  33.276 0.2222220004
54184  18.052  -36.379  34.422 0.2222220004
162818  16.800  -35.471  34.169 0.1111110002
55231  20.721  -36.076  32.566 0.2222220004
56152  20.136  -35.815  32.838 0.2222220004
56176  20.155  -33.396  32.642 0.2222220004
143707  19.219  -35.048  33.989 0.1111110002
57187  19.446  -32.995  32.837 0.1111110002
68562  36.291  -20.968  24.843 0.2222220004
69599  35.093  -20.885  23.296 0.2222220004
72857  36.967  -17.772  21.477 0.6666669846
72858  36.058  -17.773  21.558 0.4444440007
72877  35.571  -18.120  20.916 0.3333329856
71793  36.296  -19.040  19.272 0.2222220004
150165  35.061  -17.800  22.899 0.5555559993
150065  35.085  -17.762  23.066 0.5555559993
72833  35.263  -18.022  23.631 0.6666669846
71734  34.999  -18.488  23.655 0.5555559993
71735  34.083  -18.855  22.830 0.4444440007
72844  33.971  -18.466  22.394 0.3333329856
73948  35.632  -17.469  22.301 0.5555559993
71782  33.799  -18.212  21.355 0.2222220004
72878  34.659  -17.997  21.094 0.3333329856
71763  33.455  -18.477  21.768 0.2222220004
140822  34.226  -18.495  20.624 0.1111110002
82345  41.939  -8.989  13.089 0.3333329856
81308  41.903  -9.504  14.045 0.3333329856
82365  43.060  -9.201  12.880 0.5555559993
81336  40.222  -9.032  12.598 0.2222220004
81337  39.391  -8.774  12.429 0.1111110002
140526  40.665  -8.450  11.334 0.2222220004
83365  39.202  -7.356  11.735 0.2222220004
82369  38.866  -8.112  12.234 0.2222220004
148036  37.907  -7.275  12.737 0.1111110002
84311  38.201  -6.427  12.718 0.1111110002
83366  38.549  -6.771  12.107 0.1111110002
84267  41.919  -5.839  17.156 0.1111110002
145098  39.820  -5.856  15.976 0.1111110002
85215  40.259  -5.120  15.605 0.1111110002
85226  40.802  -4.397  14.926 0.1111110002
85227  39.960  -4.749  14.701 0.1111110002
81353  44.149  -10.373  11.751 0.4444440007
83364  39.750  -6.973  11.203 0.2222220004
85243  39.224  -5.122  13.311 0.1111110002
85262  39.261  -5.308  12.413 0.1111110002
84310  38.816  -5.962  12.096 0.1111110002
85208  42.918  -4.796  17.015 0.1111110002
86244  41.637  -4.042  15.137 0.1111110002
84276  40.582  -5.851  16.382 0.1111110002
86255  40.542  -4.394  13.834 0.1111110002
85229  38.479  -5.549  13.891 0.1111110002
80322  44.732  -10.843  11.174 0.2222220004
81354  43.199  -10.209  11.425 0.2222220004
81356  41.775  -9.221  10.681 0.2222220004
82382  41.214  -8.817  10.987 0.2222220004
83378  40.371  -7.070  10.733 0.2222220004
85277  39.648  -5.492  11.553 0.1111110002
84325  40.001  -6.291  11.025 0.2222220004
153101  43.151  -10.298  10.602 0.2222220004
80336  43.607  -10.464  10.054 0.2222220004
80335  44.409  -10.804  10.262 0.2222220004
81363  42.209  -9.302  10.093 0.2222220004
83377  41.062  -7.139  10.191 0.2222220004
140917  44.885  -10.737  9.703 0.2222220004
80333  46.289  -10.881  10.771 0.2222220004
80348  43.532  -9.718  9.463 0.2222220004
156032  42.134  -7.731  9.565 0.1111110002
79309  46.160  -11.022  10.027 0.2222220004
82401  43.189  -8.707  9.302 0.2222220004
52855  30.193  -36.432  45.110 0.4444440007
51717  29.867  -37.656  43.896 0.4444440007
51723  32.368  -36.560  42.479 0.3333329856
51708  30.634  -36.918  44.379 0.4444440007
50634  29.218  -38.544  43.333 0.3333329856
50635  28.545  -38.825  43.756 0.2222220004
55124  32.193  -35.075  43.102 0.6666669846
54002  31.532  -35.840  44.135 0.6666669846
55137  34.060  -35.363  40.836 0.4444440007
54047  30.551  -35.491  41.902 0.7777780294
145975  29.340  -36.584  45.291 0.4444440007
50627  29.008  -37.988  44.155 0.3333329856
54003  30.809  -35.659  44.546 0.4444440007
50628  28.100  -38.647  44.305 0.3333329856
55133  30.745  -35.322  42.651 0.4444440007
49582  28.105  -39.780  43.996 0.2222220004
51703  28.456  -36.604  45.461 0.3333329856
52843  30.329  -35.842  45.213 0.5555559993
154047  28.687  -35.453  45.035 0.5555559993
54017  29.510  -35.526  43.308 0.5555559993
140249  28.308  -35.572  44.245 0.5555559993
54034  28.716  -35.704  42.674 0.5555559993
52835  25.585  -36.376  46.537 0.3333329856
52836  24.897  -36.282  46.904 0.3333329856
52824  24.447  -36.844  47.533 0.3333329856
52825  23.794  -36.639  47.881 0.3333329856
52813  22.789  -36.770  48.955 0.3333329856
52802  22.430  -36.957  49.703 0.3333329856
52803  21.694  -36.806  49.960 0.3333329856
52792  20.100  -36.824  50.446 0.3333329856
52833  27.317  -36.224  45.961 0.4444440007
53977  26.877  -36.064  46.028 0.4444440007
53978  26.148  -35.958  46.170 0.3333329856
53979  25.345  -35.952  46.318 0.3333329856
52846  28.172  -36.086  45.816 0.4444440007
53990  26.607  -35.820  45.641 0.4444440007
153194  26.034  -35.767  44.849 0.4444440007
53992  24.844  -35.818  45.649 0.4444440007
54019  27.385  -35.682  44.107 0.5555559993
54006  27.024  -35.642  44.994 0.5555559993
54035  27.862  -35.779  43.085 0.6666669846
142687  26.477  -35.787  44.052 0.5555559993
54050  28.102  -35.938  42.000 0.6666669846
53968  24.133  -36.279  47.133 0.3333329856
53969  23.327  -36.267  47.315 0.3333329856
53959  23.064  -36.567  48.118 0.3333329856
52814  21.988  -36.696  49.136 0.3333329856
52804  20.916  -36.777  50.122 0.3333329856
53980  24.522  -35.973  46.468 0.4444440007
53981  23.635  -35.990  46.595 0.3333329856
53970  22.472  -36.332  47.422 0.3333329856
53960  22.224  -36.556  48.256 0.3333329856
53954  21.132  -36.672  49.271 0.3333329856
54007  25.325  -35.788  45.058 0.4444440007
152122  23.949  -35.858  45.861 0.4444440007
151073  23.072  -35.895  45.934 0.3333329856
53971  21.593  -36.433  47.502 0.3333329856
53972  20.739  -36.506  47.651 0.4444440007
53962  20.485  -36.588  48.526 0.3333329856
162357  38.605  -36.636  39.097 0.2222220004
149363  24.576  -35.869  44.593 0.5555559993
53993  23.388  -35.889  45.225 0.5555559993
53984  20.258  -36.535  46.412 0.4444440007
53963  19.943  -36.596  47.835 0.3333329856
54020  26.733  -35.922  43.024 0.6666669846
136375  27.209  -36.161  42.111 0.6666669846
54021  25.672  -35.855  43.888 0.6666669846
54008  23.622  -35.948  44.467 0.6666669846
137066  25.295  -35.832  44.409 0.6666669846
137674  26.039  -35.954  43.317 0.6666669846
138029  23.886  -35.941  43.748 0.6666669846
54009  22.861  -35.975  44.560 0.6666669846
142968  25.954  -36.181  42.702 0.6666669846
54036  25.394  -36.038  43.022 0.6666669846
54022  24.793  -35.974  43.611 0.6666669846
138028  23.089  -36.014  43.861 0.6666669846
158820  22.245  -36.124  44.663 0.5555559993
54051  26.296  -36.368  42.082 0.6666669846
138027  22.392  -36.143  44.042 0.6666669846
54025  21.858  -36.208  43.432 0.6666669846
137183  24.082  -36.044  43.077 0.6666669846
54024  22.598  -36.100  43.430 0.6666669846
54038  23.838  -36.144  42.395 0.6666669846
54026  21.076  -36.307  43.068 0.5555559993
54027  20.383  -36.510  42.839 0.5555559993
55170  42.632  -34.787  37.307 0.1111110002
54120  41.445  -36.070  37.808 0.2222220004
54094  40.528  -36.479  38.099 0.3333329856
54121  40.709  -36.047  37.234 0.2222220004
54122  39.877  -36.075  36.887 0.3333329856
54146  41.573  -35.326  36.998 0.1111110002
55184  41.269  -34.620  36.211 0.2222220004
55182  43.396  -33.942  37.081 0.1111110002
55183  42.468  -33.871  36.865 0.1111110002
162822  41.933  -34.465  36.833 0.1111110002
56120  41.789  -33.769  36.318 0.2222220004
57116  41.418  -31.683  36.477 0.2222220004
61575  37.371  -28.836  38.031 0.3333329856
68462  40.696  -21.593  34.734 0.6666669846
148345  40.432  -20.270  34.282 0.5555559993
68473  40.418  -21.746  33.301 0.7777780294
156598  40.276  -20.914  33.001 0.6666669846
140709  37.130  -23.145  25.909 0.1111110002
67502  36.930  -22.189  25.501 0.1111110002
72874  38.289  -17.901  20.573 0.5555559993
71805  36.564  -19.249  18.383 0.2222220004
74020  38.973  -16.836  15.178 0.2222220004
76121  41.676  -15.588  15.605 0.1111110002
75042  40.394  -15.936  15.167 0.2222220004
76129  39.585  -15.047  14.969 0.1111110002
80287  42.605  -10.684  15.337 0.3333329856
77178  39.960  -14.130  14.693 0.1111110002
80294  42.222  -10.053  14.718 0.3333329856
52780  20.339  -36.991  51.097 0.2222220004
52815  20.269  -36.687  49.444 0.3333329856
54033  30.051  -35.528  42.555 0.5555559993
159374  29.371  -35.644  42.391 0.5555559993
54062  34.829  -35.584  40.453 0.4444440007
71804  37.183  -18.869  19.064 0.4444440007
71813  36.624  -19.120  17.484 0.1111110002
72883  38.756  -17.809  19.803 0.5555559993
76122  41.068  -15.304  15.301 0.2222220004
74019  39.941  -16.821  15.275 0.2222220004
158053  41.299  -13.810  15.121 0.2222220004
52860  32.442  -36.071  43.130 0.5555559993
55125  31.612  -35.085  43.404 0.6666669846
71779  36.929  -18.714  20.014 0.4444440007
51709  29.716  -37.215  44.765 0.4444440007
50633  29.999  -38.081  43.037 0.3333329856
52861  31.914  -36.521  43.348 0.3333329856
52854  30.887  -36.186  44.722 0.4444440007
52853  31.459  -36.446  44.097 0.5555559993
51715  31.236  -37.078  43.536 0.4444440007
49592  29.217  -39.543  42.871 0.2222220004
49581  28.704  -39.617  43.419 0.2222220004
54015  32.160  -35.730  43.417 0.6666669846
55120  31.297  -35.270  44.031 0.5555559993
144099  31.096  -35.072  43.740 0.6666669846
52852  32.007  -36.129  43.730 0.4444440007
52844  29.696  -36.089  45.409 0.5555559993
54004  30.188  -35.470  44.784 0.5555559993
55126  30.509  -35.274  43.426 0.4444440007
52845  28.971  -36.031  45.699 0.5555559993
158274  29.293  -35.451  44.401 0.5555559993
53988  29.436  -35.716  45.298 0.5555559993
53989  28.488  -35.789  45.524 0.5555559993
54018  28.718  -35.607  43.538 0.5555559993
52812  23.473  -36.955  48.673 0.3333329856
159492  20.745  -36.931  50.734 0.3333329856
154405  27.565  -35.862  45.704 0.4444440007
53991  25.754  -35.807  45.677 0.4444440007
53961  21.353  -36.555  48.378 0.3333329856
68468  40.478  -21.069  33.964 0.6666669846
151364  40.848  -14.393  15.045 0.1111110002
76123  40.387  -14.943  15.044 0.2222220004
75043  39.308  -15.985  15.046 0.1111110002
75048  38.624  -15.220  14.592 0.1111110002
36257  9.348  -51.424  45.133 0.2222220004
38214  9.546  -49.961  47.024 0.2222220004
62562  32.479  -28.066  28.388 0.2222220004
61641  32.098  -28.548  27.844 0.2222220004
60692  32.531  -29.348  28.043 0.2222220004
59589  31.937  -31.000  27.992 0.2222220004
144059  32.128  -27.809  27.786 0.2222220004
61647  31.652  -28.107  27.440 0.2222220004
60693  31.729  -29.334  27.488 0.2222220004
160136  31.702  -27.813  27.106 0.2222220004
65458  39.804  -24.816  34.534 0.6666669846
66486  40.564  -23.466  33.806 0.6666669846
69585  34.749  -19.746  23.385 0.1111110002
90037  55.780  -0.342  0.900 0.3333329856
89995  51.275  -0.402  3.739 0.3333329856
152047  50.455  -0.515  3.837 0.3333329856
89065  54.237  -1.594  2.318 0.3333329856
89064  55.023  -1.112  2.193 0.3333329856
89066  52.566  -1.519  2.561 0.2222220004
154022  51.829  -1.680  1.878 0.2222220004
90022  55.068  -0.970  1.489 0.3333329856
89085  54.280  -1.394  1.240 0.2222220004
89075  53.862  -1.804  1.799 0.3333329856
150767  49.539  -0.806  3.403 0.3333329856
90039  53.879  -1.016  0.488 0.2222220004
89086  53.358  -1.607  1.105 0.2222220004
89087  52.383  -1.597  1.101 0.2222220004
48368  15.628  -40.565  51.761 0.1111110002
57250  30.684  -32.349  28.314 0.3333329856
59588  32.722  -30.377  28.251 0.3333329856
65448  39.599  -24.777  35.447 0.5555559993
67434  40.630  -22.824  34.234 0.6666669846
162489  52.675  -0.928  3.078 0.2222220004
37226  8.071  -51.254  45.121 0.2222220004
67526  36.492  -22.370  24.674 0.1111110002
70628  34.034  -19.564  22.856 0.2222220004
36267  8.151  -51.939  44.784 0.2222220004
149215  32.183  -30.123  27.639 0.2222220004
66469  40.444  -23.413  35.704 0.6666669846
69601  33.548  -20.339  22.254 0.1111110002
90038  54.814  -0.686  0.739 0.3333329856
154278  53.472  -1.743  2.301 0.3333329856
52925  42.237  -36.298  38.085 0.1111110002
51756  42.136  -37.152  38.420 0.1111110002
52908  41.156  -36.850  38.420 0.1111110002
57238  30.296  -33.171  28.664 0.3333329856
66478  40.226  -24.192  35.080 0.5555559993
67428  40.763  -22.505  35.032 0.5555559993
68454  40.917  -21.653  35.647 0.5555559993
69472  40.633  -20.828  34.913 0.4444440007
144083  40.467  -19.033  34.792 0.4444440007
69479  40.299  -20.195  33.471 0.4444440007
54031  33.310  -35.799  41.800 0.4444440007
52867  34.235  -36.087  41.233 0.4444440007
54095  39.806  -36.401  37.768 0.2222220004
70498  40.342  -19.413  34.024 0.4444440007
77975  41.944  -12.853  35.602 0.1111110002
164086  40.079  -24.247  35.850 0.5555559993
51767  42.056  -38.246  38.350 0.1111110002
67429  40.737  -22.585  35.948 0.4444440007
40105  17.276  -48.095  47.880 0.1111110002
41113  16.054  -46.897  48.456 0.1111110002
41101  16.591  -47.093  48.307 0.1111110002
42090  15.601  -46.468  48.258 0.1111110002
41112  16.868  -47.486  48.041 0.1111110002
154092  15.596  -45.955  47.690 0.1111110002
41121  16.860  -47.385  47.825 0.1111110002
42083  15.316  -46.764  48.823 0.1111110002
41090  15.481  -46.886  49.508 0.1111110002
42091  14.936  -45.997  48.004 0.1111110002
43066  14.131  -45.585  47.157 0.1111110002
43056  14.630  -45.613  47.407 0.1111110002
42099  13.546  -45.896  46.685 0.1111110002
43075  14.887  -45.436  45.838 0.1111110002
42077  13.671  -46.463  49.270 0.1111110002
41091  14.517  -46.922  49.794 0.1111110002
42076  14.387  -46.353  48.841 0.1111110002
42093  12.806  -46.226  48.036 0.1111110002
42100  12.906  -46.308  47.105 0.1111110002
41115  11.700  -47.539  47.682 0.1111110002
41123  12.483  -47.139  46.592 0.1111110002
36274  7.652  -51.979  44.120 0.1111110002
36273  9.501  -51.797  44.424 0.1111110002
40107  11.614  -48.518  46.876 0.1111110002
41131  13.271  -47.005  45.231 0.1111110002
163051  10.898  -49.485  46.439 0.1111110002
146523  10.680  -50.830  43.077 0.1111110002
36295  9.874  -51.568  43.323 0.1111110002
160576  8.616  -52.113  43.225 0.1111110002
36286  7.843  -52.030  43.349 0.1111110002
40119  12.654  -48.466  44.990 0.1111110002
162685  7.920  -52.232  42.827 0.1111110002
38233  7.123  -50.772  43.847 0.2222220004
37236  7.685  -51.587  44.521 0.1111110002
37237  6.575  -50.944  43.291 0.2222220004
37245  6.552  -51.436  42.905 0.1111110002
161833  6.015  -50.973  42.791 0.1111110002
38227  11.548  -49.509  45.563 0.1111110002
37214  10.651  -50.334  45.293 0.1111110002
37243  10.762  -50.835  43.658 0.1111110002
36284  9.980  -51.571  43.981 0.1111110002
36287  6.553  -51.692  42.409 0.1111110002
141162  12.981  -48.292  44.125 0.1111110002
39190  12.107  -49.248  43.218 0.1111110002
38237  11.512  -49.888  43.544 0.1111110002
40153  12.732  -48.111  42.151 0.1111110002
39205  12.210  -48.654  41.914 0.1111110002
38246  11.286  -49.777  42.363 0.1111110002
38238  5.242  -50.134  43.032 0.1111110002
37246  5.764  -50.653  42.430 0.1111110002
38239  5.417  -50.319  42.623 0.1111110002
39179  12.376  -49.042  44.433 0.1111110002
39189  12.518  -48.890  43.665 0.1111110002
36289  5.968  -50.996  41.994 0.1111110002
41147  13.917  -47.082  43.071 0.1111110002
40144  12.857  -48.174  42.688 0.1111110002
41164  13.666  -47.144  41.875 0.1111110002
40152  13.180  -47.547  41.739 0.1111110002
150673  4.950  -49.868  42.885 0.1111110002
51771  12.802  -36.842  36.746 0.1111110002
51782  13.477  -37.290  36.335 0.1111110002
56207  29.410  -33.552  28.301 0.1111110002
54045  34.581  -35.783  41.001 0.2222220004
58425  30.931  -31.419  27.949 0.1111110002
57251  29.729  -32.692  28.023 0.1111110002
57270  29.101  -32.237  27.302 0.1111110002
56208  28.523  -33.773  28.001 0.1111110002
55280  28.137  -34.608  28.186 0.1111110002
50652  31.122  -38.645  41.177 0.2222220004
50641  30.071  -38.534  42.225 0.2222220004
155565  32.062  -37.299  41.737 0.2222220004
51724  31.265  -37.767  41.741 0.2222220004
52869  32.987  -36.126  42.386 0.2222220004
58441  30.202  -31.018  27.281 0.1111110002
55270  27.442  -35.448  28.448 0.2222220004
55281  27.438  -34.723  27.809 0.1111110002
56165  18.877  -33.723  33.224 0.1111110002
56167  17.066  -33.388  33.534 0.1111110002
57188  18.389  -32.585  32.861 0.1111110002
56166  17.759  -33.109  33.181 0.1111110002
57168  17.024  -32.045  33.794 0.1111110002
51725  30.718  -37.689  42.589 0.2222220004
152091  31.617  -37.147  42.595 0.3333329856
59597  31.114  -30.327  27.503 0.1111110002
59598  30.145  -30.147  26.956 0.1111110002
62569  30.834  -28.129  26.771 0.1111110002
61661  30.143  -28.107  26.286 0.1111110002
55304  26.060  -34.456  27.064 0.1111110002
62593  30.409  -27.684  25.808 0.1111110002
55283  24.533  -35.080  27.352 0.1111110002
54254  23.041  -36.305  30.013 0.1111110002
54243  21.564  -36.156  31.297 0.1111110002
55253  20.929  -35.266  31.387 0.1111110002
139946  20.734  -34.223  31.655 0.1111110002
56175  20.438  -34.262  32.391 0.1111110002
55271  23.200  -35.480  28.306 0.1111110002
58428  26.484  -31.133  28.419 0.1111110002
63566  32.965  -27.237  26.372 0.1111110002
62581  31.107  -27.821  26.628 0.1111110002
58445  25.496  -31.852  26.981 0.1111110002
55306  24.184  -33.992  27.143 0.1111110002
55284  23.477  -34.380  27.593 0.1111110002
55262  22.291  -35.629  29.405 0.1111110002
55263  21.470  -35.006  29.764 0.1111110002
55252  21.249  -35.505  30.632 0.1111110002
157078  20.989  -34.306  30.615 0.1111110002
56181  20.912  -33.404  31.141 0.1111110002
57253  24.847  -31.462  28.361 0.1111110002
57273  24.660  -32.026  27.381 0.1111110002
150677  23.876  -32.828  27.568 0.1111110002
56196  22.783  -32.678  28.544 0.1111110002
56197  22.289  -32.411  29.161 0.1111110002
152697  21.496  -33.483  29.628 0.1111110002
63577  31.641  -27.035  25.084 0.1111110002
63589  32.156  -26.401  24.647 0.1111110002
143900  31.936  -25.909  24.495 0.1111110002
64507  34.432  -25.983  24.749 0.1111110002
63457  38.541  -26.962  37.503 0.3333329856
64414  38.737  -26.336  37.166 0.3333329856
64406  38.914  -26.328  37.989 0.1111110002
64422  39.008  -25.778  36.835 0.3333329856
153798  39.350  -25.128  37.071 0.1111110002
65433  39.612  -24.813  37.532 0.1111110002
157243  39.613  -24.670  36.252 0.1111110002
65432  40.121  -24.141  37.565 0.2222220004
157480  40.204  -23.994  36.498 0.1111110002
66453  40.519  -23.408  37.635 0.2222220004
66461  40.328  -23.689  37.136 0.2222220004
67413  40.731  -22.905  37.244 0.2222220004
67423  40.984  -22.320  36.545 0.2222220004
69454  41.086  -20.542  36.479 0.2222220004
69463  40.873  -20.642  35.789 0.3333329856
70488  40.554  -19.874  35.068 0.3333329856
70481  40.864  -19.808  36.134 0.3333329856
71564  40.963  -18.630  36.760 0.1111110002
70487  40.644  -19.122  35.542 0.3333329856
155821  41.419  -16.368  37.071 0.1111110002
73754  41.242  -17.024  37.055 0.1111110002
72655  41.119  -17.847  36.961 0.3333329856
72679  40.773  -17.781  35.637 0.2222220004
72692  40.361  -17.351  34.060 0.3333329856
80140  51.789  -10.468  27.402 0.1111110002
73764  40.974  -17.186  36.310 0.3333329856
79115  51.486  -10.838  26.449 0.1111110002
79137  52.119  -11.297  25.832 0.1111110002
79153  51.751  -11.805  25.010 0.1111110002
79152  52.743  -11.830  25.285 0.1111110002
147151  52.518  -12.054  24.387 0.1111110002
84220  52.910  -6.968  20.931 0.2222220004
84213  52.181  -7.035  21.283 0.3333329856
82266  53.820  -7.406  20.542 0.2222220004
136748  52.808  -6.413  20.245 0.2222220004
82264  55.357  -7.684  19.940 0.1111110002
84218  54.552  -6.739  20.022 0.2222220004
84229  53.439  -6.114  19.769 0.2222220004
83274  55.100  -7.088  20.041 0.2222220004
139596  53.157  -5.855  19.043 0.2222220004
38234  6.060  -50.475  43.240 0.2222220004
42084  13.521  -46.101  48.456 0.1111110002
140296  11.158  -48.447  47.763 0.1111110002
39157  10.408  -49.463  47.354 0.1111110002
37208  9.889  -50.202  46.252 0.1111110002
38232  11.283  -50.181  44.295 0.1111110002
143283  11.152  -50.063  45.090 0.1111110002
37235  10.787  -50.763  44.201 0.1111110002
56195  28.944  -34.345  28.551 0.2222220004
55269  28.444  -35.142  28.809 0.2222220004
65440  39.299  -25.175  36.505 0.4444440007
72680  40.589  -17.620  34.811 0.3333329856
79172  52.557  -11.755  22.787 0.1111110002
80206  52.967  -10.279  22.313 0.1111110002
82252  52.730  -8.206  21.407 0.2222220004
81226  53.014  -9.154  22.025 0.2222220004
83286  55.625  -7.458  19.586 0.2222220004
84227  55.303  -6.820  19.533 0.2222220004
84228  54.699  -6.498  19.638 0.2222220004
36266  9.015  -51.845  44.822 0.1111110002
37207  10.382  -50.015  46.007 0.1111110002
138076  53.062  -11.291  22.373 0.1111110002
82251  53.050  -7.470  20.911 0.2222220004
55251  22.179  -36.134  30.439 0.1111110002
158737  22.541  -36.396  31.389 0.1111110002
146346  26.667  -35.064  27.692 0.1111110002
54272  25.153  -35.833  27.904 0.1111110002
55233  17.899  -33.984  33.373 0.1111110002
62568  32.255  -27.597  26.999 0.1111110002
63587  33.709  -26.135  24.664 0.1111110002
63576  32.658  -26.891  25.257 0.1111110002
51716  30.511  -37.468  43.510 0.3333329856
50642  29.566  -38.780  42.668 0.2222220004
49591  29.685  -39.523  42.241 0.2222220004
145083  10.580  -49.623  46.595 0.1111110002
61642  31.299  -28.613  27.255 0.1111110002
60700  30.809  -29.343  27.130 0.1111110002
61648  30.474  -28.601  26.710 0.1111110002
58426  29.976  -31.863  27.695 0.1111110002
142785  7.224  -51.465  43.676 0.1111110002
41103  15.151  -46.944  49.370 0.1111110002
40087  16.118  -46.922  48.869 0.1111110002
43054  16.079  -45.685  47.053 0.1111110002
42098  16.795  -46.473  47.227 0.1111110002
42092  13.512  -45.878  47.600 0.1111110002
43065  14.745  -45.464  46.721 0.1111110002
41122  13.065  -46.652  46.154 0.1111110002
42107  13.678  -46.153  45.726 0.1111110002
43076  14.207  -45.621  46.254 0.1111110002
41114  12.289  -46.794  47.474 0.1111110002
40112  12.174  -48.073  46.290 0.1111110002
39164  11.891  -48.906  46.012 0.1111110002
138297  10.919  -49.168  47.011 0.1111110002
142003  12.335  -48.471  45.641 0.1111110002
41140  13.484  -47.415  44.367 0.1111110002
37250  11.145  -50.322  43.101 0.1111110002
39174  12.135  -49.066  45.244 0.1111110002
148026  11.755  -49.609  44.764 0.1111110002
37234  11.101  -50.467  43.764 0.1111110002
41139  14.016  -46.902  43.887 0.1111110002
41148  13.474  -47.657  43.525 0.1111110002
137847  12.567  -48.696  43.081 0.1111110002
40131  12.967  -48.265  43.265 0.1111110002
163152  11.982  -49.226  42.744 0.1111110002
39180  11.932  -49.490  43.965 0.1111110002
39199  12.318  -48.768  42.578 0.1111110002
40143  13.272  -47.630  42.273 0.1111110002
38244  11.796  -49.227  42.246 0.1111110002
38251  11.428  -49.414  41.809 0.1111110002
38258  11.722  -49.050  41.585 0.1111110002
40130  13.381  -47.687  42.821 0.1111110002
57252  28.842  -32.975  27.650 0.1111110002
56209  27.713  -33.985  27.694 0.1111110002
50640  30.623  -38.305  41.754 0.2222220004
49601  30.330  -39.356  41.496 0.2222220004
55303  26.950  -34.280  27.340 0.1111110002
56226  27.268  -33.521  27.036 0.1111110002
57169  16.633  -32.754  33.936 0.1111110002
57189  17.579  -32.217  33.211 0.1111110002
60709  29.874  -29.335  26.574 0.1111110002
61662  29.515  -28.508  26.051 0.1111110002
55282  25.646  -35.282  27.446 0.1111110002
57204  20.613  -33.221  31.805 0.1111110002
55305  25.074  -34.348  26.958 0.1111110002
55272  22.522  -35.172  28.688 0.1111110002
57205  20.289  -32.540  31.944 0.1111110002
55285  22.692  -34.125  28.190 0.1111110002
58429  25.479  -31.505  27.796 0.1111110002
58444  26.299  -31.269  27.252 0.1111110002
62592  31.143  -27.493  25.629 0.1111110002
62580  31.919  -27.535  26.093 0.1111110002
56241  25.270  -32.675  26.792 0.1111110002
56229  24.661  -33.236  26.985 0.1111110002
56210  23.257  -33.103  28.051 0.1111110002
55273  22.036  -34.067  28.869 0.1111110002
56189  21.254  -32.944  30.369 0.1111110002
57254  24.131  -31.693  28.021 0.1111110002
57255  23.545  -31.941  28.325 0.1111110002
57231  21.841  -32.154  29.785 0.1111110002
63590  31.340  -26.409  24.744 0.1111110002
63588  32.936  -26.301  24.624 0.1111110002
154236  32.532  -25.935  24.461 0.1111110002
65425  39.522  -25.174  38.082 0.1111110002
159823  39.882  -24.577  38.241 0.1111110002
152102  40.825  -19.079  36.244 0.2222220004
71574  40.584  -18.401  35.148 0.2222220004
84219  53.740  -6.686  20.294 0.2222220004
83276  53.602  -7.066  20.617 0.2222220004
83275  54.330  -7.034  20.369 0.2222220004
82267  53.240  -7.984  20.787 0.2222220004
56228  25.542  -33.616  26.762 0.1111110002
79268  40.891  -11.934  14.374 0.1111110002
159608  40.943  -10.642  14.032 0.2222220004
81307  42.632  -9.236  14.355 0.2222220004
81309  41.194  -9.889  13.715 0.2222220004
89067  51.648  -1.346  2.556 0.2222220004
90008  51.053  -0.846  3.049 0.2222220004
87287  57.594  -3.001  3.546 0.2222220004
140453  57.016  -0.316  1.750 0.3333329856
154350  57.386  -3.787  5.380 0.1111110002
87285  57.435  -3.058  4.642 0.2222220004
86298  58.766  -4.422  9.201 0.2222220004
87255  58.686  -3.662  9.082 0.2222220004
78244  41.261  -12.409  14.730 0.1111110002
153544  41.269  -11.231  14.393 0.2222220004
90004  56.866  -0.190  2.457 0.3333329856
80295  41.588  -10.396  14.305 0.2222220004
71795  34.244  -18.970  19.686 0.1111110002
81317  42.182  -9.102  13.710 0.2222220004
80296  40.489  -11.280  14.021 0.1111110002
48510  34.249  -40.018  40.359 0.1111110002
49611  33.425  -39.397  40.430 0.1111110002
151471  33.439  -41.331  40.498 0.1111110002
146851  32.748  -41.279  40.696 0.1111110002
45117  33.211  -43.837  41.622 0.1111110002
49612  32.479  -39.635  40.532 0.1111110002
48512  32.245  -40.545  40.644 0.1111110002
48493  32.107  -41.249  40.958 0.1111110002
45107  32.436  -43.491  42.393 0.1111110002
43135  30.844  -44.975  39.305 0.1111110002
43157  30.428  -44.840  37.059 0.1111110002
44122  30.019  -44.221  36.469 0.1111110002
48494  31.460  -40.705  41.031 0.1111110002
43098  31.593  -44.930  41.870 0.1111110002
44087  29.779  -44.422  40.610 0.1111110002
159558  30.204  -44.362  38.134 0.1111110002
44095  29.800  -44.286  39.768 0.1111110002
50670  38.881  -38.750  38.792 0.1111110002
51742  38.387  -38.316  40.074 0.1111110002
51743  37.596  -37.956  40.636 0.1111110002
50647  36.771  -38.326  40.741 0.1111110002
52897  39.241  -37.142  39.073 0.1111110002
158635  38.801  -37.432  39.421 0.1111110002
52884  38.526  -37.551  39.999 0.1111110002
152906  37.974  -37.584  40.448 0.1111110002
51731  36.753  -37.512  41.026 0.1111110002
47271  27.922  -40.778  44.896 0.1111110002
52875  35.976  -36.635  41.200 0.1111110002
46177  28.395  -41.611  44.952 0.1111110002
45082  27.940  -41.948  44.920 0.1111110002
52887  36.317  -36.252  40.919 0.1111110002
160341  35.120  -36.158  41.165 0.1111110002
45081  28.821  -42.277  44.765 0.1111110002
50650  33.354  -37.731  41.042 0.1111110002
48467  29.903  -41.098  43.449 0.1111110002
45080  29.589  -42.695  44.232 0.1111110002
47313  30.666  -41.591  42.964 0.1111110002
45094  30.207  -43.247  43.581 0.1111110002
45109  28.635  -43.644  42.763 0.1111110002
46199  31.188  -42.881  43.181 0.1111110002
156983  30.555  -44.169  42.678 0.1111110002
45127  28.495  -43.573  40.754 0.1111110002
45140  27.930  -43.054  40.315 0.1111110002
44079  29.127  -44.058  41.165 0.1111110002
52909  40.234  -37.030  38.626 0.1111110002
52910  39.711  -36.780  38.473 0.1111110002
48439  28.065  -40.605  44.748 0.2222220004
46178  27.646  -41.070  44.745 0.1111110002
51722  32.943  -36.854  41.595 0.1111110002
48385  19.111  -39.736  50.345 0.1111110002
49527  19.708  -39.326  50.792 0.1111110002
49566  27.139  -39.719  45.255 0.2222220004
149858  26.925  -39.690  45.624 0.2222220004
48440  27.323  -40.014  45.026 0.2222220004
49519  19.283  -39.173  51.260 0.1111110002
49518  20.154  -38.876  51.140 0.1111110002
50620  27.412  -38.573  44.953 0.2222220004
49573  28.028  -39.803  44.461 0.2222220004
57128  41.532  -32.699  36.147 0.1111110002
50569  20.448  -38.227  51.292 0.1111110002
50621  27.075  -37.813  45.595 0.2222220004
50577  20.837  -38.680  50.915 0.1111110002
158004  26.850  -38.882  45.884 0.2222220004
50612  26.426  -38.157  46.154 0.2222220004
49541  23.044  -39.217  48.684 0.1111110002
144104  26.060  -38.868  46.401 0.1111110002
48423  25.824  -39.019  45.752 0.1111110002
48408  25.044  -38.861  46.481 0.1111110002
140737  24.429  -39.257  46.714 0.1111110002
143464  23.418  -39.943  46.431 0.1111110002
152620  28.563  -37.498  44.842 0.2222220004
58308  40.104  -30.858  37.159 0.1111110002
58325  40.581  -31.343  36.628 0.1111110002
59481  39.040  -30.101  38.627 0.1111110002
60594  37.801  -29.621  38.845 0.2222220004
51647  19.234  -37.545  51.495 0.1111110002
51657  21.449  -37.545  50.750 0.1111110002
51645  20.878  -37.699  51.127 0.1111110002
51656  22.115  -37.892  50.454 0.1111110002
49525  21.411  -38.923  50.517 0.1111110002
141576  27.809  -37.381  45.244 0.2222220004
49531  23.062  -38.950  49.286 0.1111110002
49532  22.349  -39.195  49.470 0.1111110002
51704  27.607  -36.687  45.672 0.2222220004
51694  26.786  -37.050  46.007 0.2222220004
50604  25.569  -38.553  46.926 0.1111110002
50605  24.915  -38.581  47.207 0.2222220004
50595  24.409  -38.667  47.671 0.2222220004
48399  23.936  -39.182  47.479 0.1111110002
52822  25.780  -36.981  46.691 0.2222220004
52823  25.177  -37.100  47.151 0.2222220004
51687  24.614  -37.663  47.841 0.2222220004
58296  39.682  -30.456  37.608 0.1111110002
149669  38.330  -29.176  39.147 0.1111110002
61574  37.985  -28.289  38.273 0.2222220004
52790  21.990  -37.203  50.320 0.1111110002
51668  22.640  -37.540  49.972 0.1111110002
50574  22.729  -38.241  50.011 0.1111110002
51667  23.179  -37.886  49.456 0.1111110002
50585  23.227  -38.542  49.239 0.1111110002
50584  23.690  -38.177  49.002 0.1111110002
49539  24.045  -38.968  47.997 0.1111110002
139522  24.072  -37.248  48.301 0.2222220004
62489  38.401  -27.639  38.704 0.1111110002
61567  38.410  -28.485  39.121 0.1111110002
51678  23.638  -37.573  48.948 0.2222220004
52801  23.063  -37.247  49.347 0.1111110002
72917  36.662  -17.513  15.387 0.1111110002
74021  37.961  -16.875  15.083 0.1111110002
74022  37.009  -16.885  14.976 0.1111110002
74023  35.740  -16.334  14.938 0.1111110002
74026  38.276  -16.088  14.812 0.1111110002
74027  37.278  -16.196  14.606 0.1111110002
158430  36.283  -16.826  15.042 0.1111110002
75049  37.605  -15.369  14.400 0.1111110002
75051  35.852  -15.535  14.570 0.1111110002
81319  40.698  -9.457  13.090 0.1111110002
74028  36.384  -16.231  14.642 0.1111110002
81373  44.332  -9.737  9.188 0.1111110002
142337  48.492  -9.893  9.246 0.1111110002
80345  47.419  -10.594  9.564 0.1111110002
154936  46.525  -10.628  9.370 0.1111110002
81372  45.025  -10.166  9.170 0.1111110002
80355  47.115  -10.225  9.004 0.1111110002
80356  46.526  -9.882  8.781 0.1111110002
81388  44.879  -9.275  8.949 0.1111110002
82400  44.082  -8.943  9.098 0.1111110002
163361  46.030  -9.763  8.779 0.1111110002
158247  45.572  -9.596  8.837 0.1111110002
82411  48.326  -8.598  8.428 0.1111110002
81386  47.270  -9.604  8.662 0.1111110002
160133  46.736  -9.191  8.533 0.1111110002
81385  48.041  -9.405  8.672 0.1111110002
83395  48.657  -7.889  8.266 0.1111110002
82410  49.187  -8.439  8.676 0.1111110002
81387  46.135  -9.280  8.667 0.1111110002
137274  46.996  -7.873  8.350 0.1111110002
84359  49.288  -6.690  7.685 0.1111110002
83401  48.549  -7.177  7.907 0.1111110002
83396  47.799  -7.735  8.124 0.1111110002
85310  49.303  -5.884  7.112 0.1111110002
84360  48.467  -6.416  7.378 0.1111110002
83402  47.757  -6.822  7.722 0.1111110002
85311  48.381  -5.701  6.920 0.1111110002
84361  47.623  -6.002  7.311 0.1111110002
154356  58.220  -2.531  1.514 0.2222220004
89984  47.986  -0.924  4.317 0.1111110002
88220  58.107  -1.769  1.336 0.2222220004
90009  50.222  -0.940  2.812 0.1111110002
89997  47.844  -0.896  3.249 0.1111110002
89084  57.726  -0.959  1.286 0.2222220004
89068  50.949  -1.319  2.268 0.1111110002
90010  49.508  -0.983  2.575 0.1111110002
89996  48.750  -0.795  3.856 0.1111110002
163527  57.934  -1.258  0.764 0.2222220004
142725  57.243  -0.435  1.028 0.2222220004
90957  56.558  -0.118  0.935 0.2222220004
138184  58.445  -2.775  0.058 0.2222220004
89095  57.915  -1.182  0.144 0.2222220004
90956  56.841  -0.228  0.985 0.2222220004
88239  58.286  -1.910  -0.251 0.2222220004
89077  50.936  -1.313  1.463 0.1111110002
89069  50.021  -1.177  1.908 0.1111110002
89998  47.065  -0.699  3.168 0.1111110002
90041  51.942  -1.112  0.430 0.1111110002
90023  50.220  -1.003  0.977 0.1111110002
136838  49.043  -1.048  2.022 0.1111110002
138068  48.189  -0.908  2.260 0.1111110002
90036  57.231  -0.302  0.328 0.2222220004
90967  56.218  0.182  0.113 0.2222220004
90043  49.690  -0.610  0.475 0.1111110002
90025  48.515  -0.762  1.398 0.1111110002
90051  57.525  -0.521  -0.131 0.2222220004
90977  56.580  0.323  -0.458 0.1111110002
90968  55.440  0.423  -0.294 0.1111110002
90052  54.474  -0.144  -0.030 0.1111110002
90054  52.383  -0.565  -0.215 0.1111110002
90055  51.481  -0.523  -0.153 0.1111110002
90057  50.058  -0.174  -0.213 0.1111110002
90969  49.319  -0.168  0.055 0.1111110002
90062  57.570  -0.322  -1.046 0.2222220004
91903  56.401  0.612  -1.148 0.1111110002
91905  55.324  0.907  -0.988 0.1111110002
139527  53.805  0.221  -0.674 0.1111110002
90980  51.928  0.033  -0.780 0.1111110002
90981  50.927  0.068  -0.696 0.1111110002
91915  56.142  0.898  -1.764 0.1111110002
163106  53.811  1.126  -1.565 0.1111110002
90989  53.348  0.657  -1.237 0.1111110002
90992  50.626  0.652  -1.403 0.1111110002
90982  49.305  0.360  -0.623 0.1111110002
92795  55.037  1.649  -2.229 0.1111110002
155573  53.160  1.608  -2.257 0.1111110002
91920  51.169  1.122  -1.922 0.1111110002
90991  51.526  0.553  -1.388 0.1111110002
92809  55.302  1.864  -2.959 0.1111110002
146687  54.399  2.180  -2.717 0.1111110002
92854  56.430  1.985  -6.103 0.1111110002
90993  49.762  0.849  -1.358 0.1111110002
90983  48.485  0.778  -0.462 0.1111110002
91919  52.052  1.090  -1.893 0.1111110002
91906  48.942  1.130  -1.138 0.1111110002
92807  56.237  1.228  -2.871 0.1111110002
92810  53.256  2.072  -2.665 0.1111110002
91933  51.682  1.556  -2.450 0.1111110002
91921  50.309  1.255  -1.934 0.1111110002
91922  49.430  1.651  -1.840 0.1111110002
92806  56.425  1.505  -3.532 0.1111110002
93754  55.458  2.214  -3.642 0.1111110002
92825  53.794  2.725  -3.171 0.1111110002
92826  52.787  2.613  -3.228 0.1111110002
92812  51.312  2.168  -2.871 0.1111110002
92813  50.407  2.320  -2.801 0.1111110002
91935  50.055  1.820  -2.385 0.1111110002
93765  55.526  2.671  -4.340 0.1111110002
93767  54.056  3.272  -3.843 0.1111110002
93768  52.395  3.153  -3.692 0.1111110002
92827  51.852  2.636  -3.340 0.1111110002
93781  55.628  3.184  -5.004 0.1111110002
93790  55.892  3.221  -6.066 0.1111110002
94743  55.727  3.823  -6.472 0.1111110002
91923  48.605  1.954  -1.401 0.1111110002
92797  48.962  2.380  -1.860 0.1111110002
152913  53.204  3.082  -3.583 0.1111110002
93769  51.468  3.357  -3.700 0.1111110002
93770  50.550  3.623  -3.570 0.1111110002
93756  50.022  3.064  -3.063 0.1111110002
92814  49.541  2.478  -2.455 0.1111110002
94715  53.716  3.871  -4.324 0.1111110002
94716  52.097  3.835  -4.120 0.1111110002
94717  51.161  4.140  -4.013 0.1111110002
142239  53.970  4.311  -4.840 0.1111110002
95684  52.321  5.106  -4.967 0.1111110002
94727  51.770  4.559  -4.529 0.1111110002
94737  55.207  4.637  -5.696 0.1111110002
95682  54.356  4.860  -5.384 0.1111110002
94736  55.605  4.243  -6.109 0.1111110002
95694  54.744  5.341  -6.035 0.1111110002
95693  55.473  5.007  -6.426 0.1111110002
94707  48.989  4.220  -2.798 0.1111110002
95685  51.386  5.324  -4.835 0.1111110002
95697  51.863  5.801  -5.335 0.1111110002
95706  54.290  6.028  -6.389 0.1111110002
95695  53.792  5.507  -5.748 0.1111110002
95705  55.061  5.690  -6.792 0.1111110002
94718  49.313  4.692  -3.360 0.1111110002
94730  49.532  5.318  -3.833 0.1111110002
94729  50.214  5.220  -4.225 0.1111110002
50651  32.711  -38.560  40.725 0.1111110002
50661  34.940  -38.729  40.624 0.1111110002
50660  36.202  -39.022  40.574 0.1111110002
50648  35.505  -38.151  40.953 0.1111110002
48482  30.094  -40.602  42.166 0.1111110002
48483  29.496  -40.303  42.713 0.1111110002
51732  35.855  -37.467  41.204 0.1111110002
51733  34.799  -37.302  41.099 0.1111110002
49599  31.803  -39.051  40.738 0.1111110002
51735  31.876  -38.122  41.159 0.1111110002
48468  29.156  -40.426  43.349 0.1111110002
48455  28.393  -40.745  44.698 0.1111110002
48454  29.107  -41.239  44.660 0.1111110002
46186  29.886  -42.228  44.225 0.1111110002
51646  20.095  -37.548  51.330 0.1111110002
50570  19.642  -38.509  51.511 0.1111110002
54044  35.528  -35.965  41.026 0.1111110002
52886  37.165  -36.989  40.855 0.1111110002
52898  38.243  -36.746  39.742 0.1111110002
72916  37.602  -17.543  15.408 0.1111110002
88218  58.001  -2.022  2.282 0.2222220004
83394  49.443  -7.504  8.310 0.1111110002
48469  28.767  -40.606  43.994 0.1111110002
52834  26.361  -36.478  46.241 0.2222220004
51686  25.103  -38.090  47.361 0.2222220004
158605  29.419  -40.978  44.106 0.1111110002
90021  56.048  -0.500  1.797 0.2222220004
156708  55.392  -0.047  0.314 0.1111110002
89088  51.609  -1.431  1.085 0.1111110002
90040  52.868  -1.153  0.400 0.1111110002
90053  53.371  -0.479  -0.182 0.1111110002
52868  33.542  -36.306  41.453 0.1111110002
158224  34.296  -36.623  41.170 0.1111110002
49600  31.167  -39.671  40.976 0.1111110002
51734  32.539  -37.674  41.208 0.1111110002
48495  30.703  -40.384  41.373 0.1111110002
49610  34.323  -39.236  40.422 0.1111110002
48511  33.193  -40.449  40.448 0.1111110002
47323  32.596  -42.005  41.281 0.1111110002
46232  33.352  -42.847  41.187 0.1111110002
46220  32.860  -42.844  42.034 0.1111110002
44077  32.327  -44.952  41.664 0.1111110002
44076  33.124  -44.804  41.253 0.1111110002
48513  31.782  -39.912  40.667 0.1111110002
47324  31.752  -41.606  41.572 0.1111110002
44063  31.840  -44.431  42.406 0.1111110002
47311  32.141  -42.307  42.183 0.1111110002
45091  31.811  -43.185  42.864 0.1111110002
44103  30.580  -44.827  38.564 0.1111110002
44111  30.528  -44.845  37.777 0.1111110002
137279  31.302  -45.022  41.070 0.1111110002
43122  30.394  -44.715  39.992 0.1111110002
48481  30.922  -41.235  41.841 0.1111110002
43108  30.511  -44.788  40.903 0.1111110002
147803  31.982  -45.074  41.117 0.1111110002
45092  31.380  -43.360  42.987 0.1111110002
44064  31.157  -44.337  42.534 0.1111110002
44078  29.873  -44.452  41.571 0.1111110002
44104  29.930  -44.116  38.870 0.1111110002
45138  29.237  -43.763  39.505 0.1111110002
51741  38.843  -38.216  39.324 0.1111110002
46176  28.977  -41.855  44.948 0.1111110002
47285  29.248  -41.785  44.701 0.1111110002
137694  33.846  -37.063  41.157 0.1111110002
50662  33.836  -38.566  40.607 0.1111110002
47299  30.404  -41.915  43.799 0.1111110002
47300  29.688  -41.595  44.258 0.1111110002
161601  29.046  -43.640  43.319 0.1111110002
47298  31.060  -42.273  43.315 0.1111110002
46200  30.585  -42.536  43.589 0.1111110002
45093  30.813  -43.186  43.306 0.1111110002
44053  30.102  -43.818  43.172 0.1111110002
44054  29.392  -43.907  43.015 0.1111110002
45118  28.480  -43.677  41.690 0.1111110002
45128  27.850  -43.171  41.205 0.1111110002
44051  31.309  -43.811  42.877 0.1111110002
47312  31.443  -41.955  42.573 0.1111110002
44066  29.213  -44.056  42.124 0.1111110002
46244  27.703  -42.258  39.018 0.1111110002
49526  20.588  -39.106  50.691 0.1111110002
51695  26.148  -37.433  46.469 0.2222220004
50613  26.045  -38.231  46.685 0.2222220004
48390  22.222  -39.452  48.805 0.1111110002
48400  23.369  -39.341  47.798 0.1111110002
48422  26.401  -39.366  45.757 0.1111110002
49547  25.477  -38.772  46.765 0.1111110002
49558  26.001  -38.687  46.189 0.1111110002
161640  24.815  -38.594  47.013 0.1111110002
49548  24.340  -38.825  47.193 0.1111110002
48409  23.824  -39.613  47.045 0.1111110002
49524  22.094  -39.019  50.153 0.1111110002
49540  23.516  -38.902  48.659 0.1111110002
159618  23.641  -39.104  48.129 0.1111110002
51685  25.677  -37.778  46.943 0.2222220004
51676  24.533  -38.404  47.874 0.2222220004
50596  23.918  -38.602  48.389 0.1111110002
51677  24.117  -37.991  48.456 0.2222220004
72918  35.768  -17.236  15.492 0.1111110002
82412  47.361  -8.704  8.404 0.1111110002
82413  46.386  -8.468  8.582 0.1111110002
141304  58.348  -2.679  0.806 0.2222220004
90011  48.769  -0.935  2.873 0.1111110002
88228  58.231  -1.900  0.475 0.2222220004
90035  57.583  -0.715  0.576 0.2222220004
90965  56.995  -0.122  0.451 0.2222220004
87323  58.529  -2.757  -0.669 0.2222220004
89104  57.955  -1.115  -0.608 0.2222220004
89089  51.036  -0.959  0.572 0.1111110002
90042  50.340  -0.663  0.344 0.1111110002
90966  56.728  0.023  0.255 0.2222220004
90978  56.100  0.575  -0.685 0.1111110002
91904  56.026  0.836  -1.257 0.1111110002
147092  57.047  0.065  -0.322 0.1111110002
90979  54.647  0.482  -0.601 0.1111110002
149062  52.865  0.065  -0.766 0.1111110002
91902  56.727  0.421  -0.970 0.1111110002
90063  57.060  0.342  -1.273 0.1111110002
90988  54.250  0.834  -1.076 0.1111110002
90990  52.454  0.568  -1.365 0.1111110002
92794  55.772  1.324  -2.370 0.1111110002
91918  53.022  1.171  -1.844 0.1111110002
91917  54.663  1.280  -1.579 0.1111110002
92796  53.905  1.664  -2.074 0.1111110002
91932  52.559  1.563  -2.369 0.1111110002
91934  50.816  1.656  -2.452 0.1111110002
92808  55.842  1.499  -3.050 0.1111110002
92811  52.240  2.078  -2.843 0.1111110002
92824  55.869  1.897  -3.769 0.1111110002
93755  54.790  2.634  -3.367 0.1111110002
91942  57.086  1.194  -3.578 0.1111110002
92828  50.912  2.852  -3.254 0.1111110002
93766  54.981  3.017  -4.054 0.1111110002
94724  55.309  3.508  -4.683 0.1111110002
94714  54.604  3.778  -4.405 0.1111110002
94725  54.943  4.238  -5.004 0.1111110002
146309  55.483  3.897  -5.381 0.1111110002
94723  55.695  3.569  -5.733 0.1111110002
93771  49.713  3.890  -3.275 0.1111110002
94726  52.878  4.291  -4.599 0.1111110002
148940  53.032  3.611  -4.012 0.1111110002
149948  50.190  4.521  -3.840 0.1111110002
94728  50.881  4.878  -4.371 0.1111110002
95683  53.345  4.965  -5.144 0.1111110002
50649  34.378  -37.919  40.926 0.1111110002
70641  33.330  -19.435  22.294 0.1111110002
63447  41.854  -26.459  38.628 0.1111110002
63456  41.618  -26.225  37.476 0.1111110002
146419  41.590  -26.352  37.867 0.1111110002
147176  40.323  -24.825  39.315 0.1111110002
63464  41.695  -26.135  36.930 0.1111110002
81239  52.894  -8.680  21.165 0.1111110002
81252  53.080  -8.742  20.027 0.1111110002
64385  41.385  -25.753  39.607 0.1111110002
65414  42.105  -24.235  38.099 0.1111110002
64394  41.919  -24.782  38.662 0.1111110002
65416  40.928  -24.452  39.252 0.1111110002
66442  40.866  -23.370  38.281 0.1111110002
66431  40.354  -24.109  38.892 0.1111110002
82277  54.053  -8.018  20.348 0.1111110002
67392  41.316  -23.144  38.287 0.1111110002
159015  41.514  -23.529  38.395 0.1111110002
65415  41.541  -24.182  38.748 0.1111110002
68435  41.234  -22.016  36.862 0.1111110002
67404  40.952  -22.742  37.691 0.1111110002
68445  41.158  -21.333  36.447 0.1111110002
81251  54.424  -8.649  19.797 0.1111110002
67391  41.860  -22.723  37.939 0.1111110002
163018  41.399  -21.819  37.468 0.1111110002
69444  41.512  -20.503  37.080 0.1111110002
69445  41.384  -21.018  36.924 0.1111110002
82265  54.693  -7.482  20.251 0.1111110002
82283  55.886  -8.767  18.945 0.1111110002
80317  59.629  -11.592  11.141 0.1111110002
80339  59.066  -11.306  9.267 0.1111110002
161911  58.810  -12.233  10.402 0.1111110002
79297  59.285  -12.296  10.709 0.1111110002
78281  58.526  -12.838  11.004 0.1111110002
153712  56.239  -8.591  18.215 0.1111110002
81295  56.936  -10.149  15.608 0.1111110002
79263  56.903  -11.841  14.728 0.1111110002
78235  57.270  -12.665  14.129 0.1111110002
79262  57.449  -11.727  14.390 0.1111110002
79277  57.993  -12.384  13.587 0.1111110002
79261  58.560  -12.060  13.142 0.1111110002
84329  59.332  -6.839  10.444 0.1111110002
149547  59.476  -10.710  11.991 0.1111110002
79305  59.745  -11.193  9.321 0.1111110002
80351  59.652  -10.937  8.642 0.1111110002
82299  56.849  -8.654  16.093 0.1111110002
144061  57.038  -9.362  15.665 0.1111110002
81305  57.590  -9.911  14.763 0.1111110002
152846  57.502  -9.056  14.893 0.1111110002
157747  58.061  -11.492  13.925 0.1111110002
80304  58.641  -11.124  13.402 0.1111110002
81313  58.932  -10.312  13.015 0.1111110002
83361  59.048  -7.415  11.855 0.1111110002
81365  60.083  -10.564  8.768 0.1111110002
156209  59.973  -9.216  8.290 0.1111110002
82395  60.190  -9.629  9.057 0.1111110002
83380  59.839  -8.474  9.074 0.1111110002
82305  57.159  -8.534  15.225 0.1111110002
80292  58.048  -10.701  14.183 0.1111110002
81304  58.315  -10.091  13.852 0.1111110002
83391  59.655  -8.084  8.430 0.1111110002
86313  58.416  -5.080  7.984 0.1111110002
153068  58.083  -4.389  7.699 0.1111110002
87262  58.447  -3.146  8.591 0.1111110002
87289  57.824  -3.354  2.516 0.1111110002
86347  58.516  -4.697  0.152 0.1111110002
86355  58.728  -4.625  -0.374 0.1111110002
87308  58.622  -3.612  -0.401 0.1111110002
85397  60.030  -5.975  -4.382 0.1111110002
86394  59.862  -4.862  -4.413 0.1111110002
86409  59.661  -4.787  -4.894 0.1111110002
87291  58.311  -3.322  1.154 0.1111110002
87297  58.471  -3.739  0.312 0.1111110002
160814  58.744  -3.456  -1.038 0.1111110002
88250  58.688  -2.879  -1.633 0.1111110002
138462  58.084  -1.184  -1.507 0.1111110002
90069  57.853  -0.555  -2.121 0.1111110002
154933  59.126  -3.434  -2.708 0.1111110002
163573  58.783  -2.745  -2.531 0.1111110002
88264  59.080  -3.107  -3.459 0.1111110002
88276  59.285  -3.576  -4.350 0.1111110002
87342  58.793  -3.098  -4.786 0.1111110002
86410  59.048  -4.306  -5.082 0.1111110002
88251  58.382  -1.936  -1.049 0.1111110002
88265  58.657  -2.282  -3.034 0.1111110002
89125  58.505  -1.744  -3.713 0.1111110002
138949  52.693  -9.408  20.509 0.1111110002
80216  53.134  -9.614  21.623 0.1111110002
84356  59.365  -7.387  7.851 0.1111110002
84348  59.001  -6.413  8.363 0.1111110002
146788  58.007  -9.149  14.215 0.1111110002
143885  58.645  -5.784  8.173 0.1111110002
83400  59.741  -8.647  7.732 0.1111110002
82319  57.638  -8.371  14.447 0.1111110002
82318  58.192  -8.282  13.725 0.1111110002
85300  58.658  -5.080  8.620 0.1111110002
85264  58.896  -5.600  11.205 0.1111110002
86306  58.435  -4.210  8.440 0.1111110002
157088  59.549  -7.560  9.121 0.1111110002
84314  59.028  -6.453  11.335 0.1111110002
84339  59.313  -6.659  9.657 0.1111110002
85291  58.880  -5.261  9.252 0.1111110002
80338  59.910  -11.081  9.359 0.1111110002
80326  59.796  -11.346  10.226 0.1111110002
82274  55.978  -8.046  19.066 0.1111110002
82290  56.604  -8.804  17.118 0.1111110002
83332  57.737  -7.576  13.962 0.1111110002
83343  58.321  -7.335  13.280 0.1111110002
82355  58.773  -7.652  12.559 0.1111110002
82332  58.697  -8.350  12.927 0.1111110002
85290  59.063  -5.639  9.862 0.1111110002
39184  5.739  -50.021  43.235 0.1111110002
71764  32.656  -18.797  21.513 0.1111110002
63446  41.912  -25.682  37.938 0.1111110002
62493  41.231  -27.035  37.303 0.1111110002
79292  59.153  -12.517  11.202 0.1111110002
141147  59.919  -10.686  10.853 0.1111110002
79296  59.621  -11.600  10.033 0.1111110002
79306  59.358  -11.781  9.942 0.1111110002
138380  59.584  -7.596  9.850 0.1111110002
83368  59.447  -7.567  10.773 0.1111110002
157217  59.884  -8.561  9.979 0.1111110002
141557  59.616  -9.615  11.546 0.1111110002
81325  59.114  -9.429  12.517 0.1111110002
153692  56.695  -9.297  16.489 0.1111110002
82354  59.178  -8.476  12.091 0.1111110002
82377  59.650  -8.673  11.023 0.1111110002
84347  59.356  -7.010  8.721 0.1111110002
86339  58.339  -4.237  0.807 0.1111110002
87307  58.957  -4.181  -0.986 0.1111110002
141907  59.495  -4.275  -2.962 0.1111110002
87333  59.569  -3.878  -3.871 0.1111110002
156731  59.606  -4.251  -4.590 0.1111110002
87341  59.269  -3.984  -4.815 0.1111110002
87322  59.058  -3.803  -1.805 0.1111110002
136764  58.470  -2.050  -1.997 0.1111110002
89114  58.306  -1.403  -2.561 0.1111110002
88277  58.844  -2.681  -4.075 0.1111110002
87360  58.090  -3.678  -5.249 0.1111110002
85299  59.050  -6.098  9.091 0.1111110002
149802  60.103  -9.445  10.086 0.1111110002
157839  60.148  -10.489  9.764 0.1111110002
137268  58.551  -9.254  13.384 0.1111110002
81345  60.014  -9.799  10.663 0.1111110002
35365  6.858  -52.009  42.471 0.1111110002
36256  9.721  -51.088  45.248 0.2222220004
36263  10.395  -50.996  44.541 0.2222220004
36265  9.646  -51.503  44.833 0.2222220004
36275  7.115  -51.886  43.057 0.1111110002
36283  10.359  -51.147  44.113 0.1111110002
36285  9.414  -51.957  43.696 0.1111110002
36288  6.162  -51.225  42.327 0.1111110002
37209  9.312  -50.395  46.449 0.2222220004
37216  9.691  -50.610  45.790 0.1111110002
37224  10.440  -50.767  44.908 0.1111110002
37225  8.743  -51.362  45.209 0.2222220004
37244  10.310  -51.189  43.586 0.1111110002
37253  5.569  -50.495  42.274 0.1111110002
38208  7.753  -49.515  47.765 0.4444440007
38213  10.109  -49.797  46.822 0.1111110002
38221  10.901  -49.764  45.873 0.1111110002
38245  11.647  -49.626  42.870 0.1111110002
39143  7.345  -48.580  48.513 0.4444440007
39148  10.239  -49.244  48.160 0.2222220004
39149  8.852  -49.520  48.411 0.3333329856
39151  7.518  -49.079  48.211 0.4444440007
39165  11.309  -49.277  46.298 0.1111110002
39194  4.930  -49.452  43.029 0.1111110002
40088  10.906  -47.667  49.194 0.2222220004
40090  8.985  -48.397  49.377 0.4444440007
40093  7.099  -48.148  48.576 0.4444440007
40098  16.921  -47.215  48.277 0.1111110002
40106  12.053  -47.617  46.993 0.1111110002
40108  7.006  -48.567  47.746 0.4444440007
40118  13.056  -47.804  44.870 0.1111110002
41074  9.971  -46.372  50.387 0.3333329856
41083  9.769  -46.808  50.275 0.4444440007
41084  8.993  -47.041  50.046 0.4444440007
41085  7.597  -47.255  49.369 0.4444440007
41096  7.110  -47.441  49.030 0.4444440007
41102  15.851  -46.997  49.043 0.1111110002
41106  6.992  -47.564  48.541 0.4444440007
41116  6.944  -47.840  47.969 0.4444440007
41132  12.728  -47.675  45.674 0.1111110002
41156  13.782  -47.151  42.415 0.1111110002
42058  12.362  -45.701  51.363 0.1111110002
42064  10.960  -45.979  50.814 0.1111110002
42065  9.769  -45.898  50.401 0.4444440007
42072  8.134  -45.956  49.905 0.4444440007
42089  16.236  -46.654  47.908 0.1111110002
42102  7.890  -46.823  47.051 0.6666669846
43024  12.759  -45.204  51.434 0.1111110002
43027  10.390  -44.775  50.625 0.2222220004
43029  15.976  -45.721  50.709 0.1111110002
43035  9.069  -45.024  50.181 0.3333329856
43036  8.474  -45.299  49.993 0.3333329856
43045  7.530  -45.662  49.414 0.5555559993
43046  7.310  -46.197  49.327 0.4444440007
43049  14.168  -45.744  47.953 0.1111110002
43055  15.251  -45.573  47.218 0.1111110002
43057  8.575  -45.481  47.644 0.6666669846
43059  7.375  -46.273  48.472 0.4444440007
43106  32.547  -45.095  40.782 0.1111110002
43107  30.736  -44.709  41.939 0.1111110002
43121  31.046  -45.015  40.145 0.1111110002
44014  13.754  -44.654  51.002 0.1111110002
44015  13.098  -44.588  51.029 0.1111110002
44017  11.366  -43.997  50.801 0.1111110002
44018  10.704  -44.103  50.709 0.3333329856
44024  8.801  -44.572  50.150 0.3333329856
44026  7.862  -45.024  49.762 0.3333329856
44033  8.745  -44.487  48.645 0.5555559993
44042  9.901  -44.786  46.733 0.5555559993
44052  30.728  -43.772  43.102 0.1111110002
44062  32.540  -44.321  42.124 0.1111110002
44065  29.987  -44.235  42.468 0.1111110002
44088  29.130  -43.968  40.283 0.1111110002
45042  11.587  -43.300  50.838 0.2222220004
45050  9.125  -43.901  50.558 0.3333329856
45053  8.903  -43.908  50.337 0.3333329856
45054  8.344  -44.501  49.961 0.3333329856
45059  8.068  -44.554  49.739 0.4444440007
45064  8.866  -43.906  49.103 0.4444440007
45075  10.291  -44.136  47.085 0.6666669846
45079  30.245  -42.755  43.778 0.1111110002
45108  31.894  -43.799  42.723 0.1111110002
45119  27.849  -43.244  42.191 0.1111110002
46147  10.633  -43.070  50.989 0.2222220004
46154  9.337  -43.213  50.808 0.3333329856
46156  9.759  -42.697  50.833 0.5555559993
46161  9.464  -43.556  50.413 0.3333329856
46165  10.880  -42.683  48.777 0.5555559993
46172  10.431  -43.299  48.355 0.5555559993
46183  12.632  -42.993  45.180 0.4444440007
46187  29.300  -42.151  44.633 0.1111110002
46211  31.649  -42.610  42.842 0.1111110002
47235  15.326  -41.366  50.823 0.2222220004
47239  11.196  -42.056  51.700 0.2222220004
47243  10.753  -41.690  51.653 0.2222220004
47244  10.153  -42.035  51.269 0.2222220004
47252  11.091  -41.624  50.221 0.3333329856
47258  13.505  -41.705  47.275 0.4444440007
47259  12.903  -41.969  47.394 0.4444440007
47267  13.412  -42.296  45.947 0.4444440007
47270  28.653  -41.303  44.913 0.1111110002
48370  14.083  -40.192  52.249 0.2222220004
48375  13.209  -40.523  52.148 0.3333329856
48377  11.653  -41.533  52.080 0.2222220004
48382  11.479  -40.789  52.003 0.2222220004
48389  11.054  -40.938  51.626 0.4444440007
48396  12.554  -40.765  49.844 0.4444440007
48397  11.764  -40.930  50.397 0.5555559993
48415  14.410  -40.880  47.447 0.4444440007
48449  14.430  -41.437  46.242 0.5555559993
49510  15.557  -40.104  52.253 0.2222220004
49520  18.401  -39.626  51.458 0.2222220004
49523  12.035  -40.419  51.984 0.4444440007
49529  12.844  -39.882  51.234 0.4444440007
49530  12.348  -40.270  51.526 0.4444440007
49550  14.877  -40.431  47.612 0.4444440007
50561  15.444  -39.331  52.374 0.2222220004
50562  19.808  -38.046  51.656 0.1111110002
50566  16.083  -38.757  52.271 0.3333329856
50567  14.762  -39.169  52.179 0.2222220004
50575  22.118  -38.508  50.330 0.1111110002
50576  21.380  -38.222  50.832 0.1111110002
50580  14.315  -39.528  50.384 0.2222220004
50586  22.647  -38.744  49.822 0.1111110002
51641  18.757  -37.969  51.940 0.2222220004
51643  16.098  -38.292  51.921 0.2222220004
51651  16.061  -38.189  51.203 0.2222220004
51658  17.379  -37.615  50.851 0.3333329856
51696  18.392  -37.559  45.353 0.5555559993
51757  41.172  -37.844  38.751 0.1111110002
52779  20.844  -37.169  51.023 0.2222220004
52791  21.327  -36.981  50.589 0.3333329856
52794  18.510  -36.993  50.646 0.4444440007
52826  19.422  -36.722  47.262 0.5555559993
52876  35.048  -36.681  41.121 0.1111110002
52953  32.928  -36.607  34.842 0.8888890147
53000  31.941  -36.679  32.395 0.8888890147
53973  20.150  -36.543  47.064 0.5555559993
54005  27.934  -35.547  45.067 0.5555559993
54016  31.768  -35.337  43.630 0.6666669846
54032  32.673  -35.582  42.644 0.6666669846
54046  33.738  -35.614  41.254 0.4444440007
54061  35.903  -35.777  40.364 0.1111110002
54103  30.332  -35.868  38.745 0.8888890147
54127  34.602  -35.614  37.733 0.4444440007
54149  38.771  -35.668  36.206 0.5555559993
55121  30.083  -35.334  44.118 0.5555559993
55132  31.973  -34.871  42.765 0.6666669846
55147  33.616  -35.073  40.766 0.6666669846
55153  34.996  -35.344  39.233 0.5555559993
56158  38.475  -32.911  33.486 0.7777780294
56186  31.894  -33.336  30.664 0.8888890147
57160  34.434  -31.663  34.008 0.8888890147
57176  35.459  -31.937  32.778 0.8888890147
57190  17.145  -32.685  33.508 0.1111110002
57193  36.426  -32.943  32.302 0.8888890147
58298  38.292  -30.436  37.410 0.4444440007
58330  35.867  -30.890  36.442 0.6666669846
58331  35.251  -30.875  36.127 0.7777780294
58347  35.440  -31.192  35.691 0.7777780294
58359  38.364  -31.746  33.838 0.7777780294
58362  35.438  -31.544  34.870 0.8888890147
58371  36.961  -31.539  33.341 0.7777780294
58383  33.071  -31.776  31.991 0.8888890147
59480  39.777  -29.570  38.279 0.1111110002
59482  38.137  -30.096  38.540 0.2222220004
59493  37.679  -30.272  37.757 0.3333329856
59505  36.949  -30.537  37.164 0.5555559993
59518  35.720  -30.482  36.450 0.6666669846
59528  34.723  -30.489  35.339 1.0000000000
59539  33.817  -30.931  34.253 0.8888890147
60593  38.662  -29.652  39.115 0.1111110002
60595  37.383  -29.349  38.365 0.2222220004
60607  36.863  -29.485  37.835 0.4444440007
60614  35.867  -30.009  37.040 0.5555559993
60625  35.052  -29.892  35.773 0.6666669846
60665  34.443  -29.729  32.126 0.8888890147
61568  37.762  -28.940  38.722 0.1111110002
61581  36.436  -29.509  37.119 0.5555559993
61590  36.011  -29.619  35.826 0.6666669846
61607  34.823  -29.473  33.511 1.0000000000
62486  41.331  -27.094  38.135 0.1111110002
62494  38.305  -27.641  37.846 0.2222220004
62515  36.632  -28.513  34.838 0.7777780294
63436  41.955  -25.558  38.973 0.1111110002
63437  41.757  -26.342  39.452 0.1111110002
63450  38.636  -26.975  38.358 0.1111110002
63465  38.311  -26.966  36.777 0.3333329856
63481  37.536  -27.624  35.565 0.7777780294
63514  36.503  -26.416  31.462 1.0000000000
64395  40.875  -25.252  39.555 0.1111110002
64405  39.151  -25.639  38.401 0.1111110002
64413  39.215  -25.601  37.568 0.1111110002
65407  41.501  -25.013  39.270 0.1111110002
65417  39.707  -24.858  39.030 0.1111110002
65418  39.471  -25.137  38.619 0.1111110002
65509  38.338  -25.170  28.731 1.0000000000
66429  41.831  -22.984  37.981 0.1111110002
66430  41.037  -23.754  38.831 0.1111110002
66443  40.453  -23.716  38.057 0.2222220004
66462  39.729  -24.504  36.949 0.1111110002
66477  40.531  -23.462  34.684 0.6666669846
66495  40.395  -24.014  32.424 0.8888890147
66508  39.375  -23.469  30.013 0.8888890147
66533  37.560  -24.466  26.579 0.5555559993
67403  41.242  -22.559  37.899 0.1111110002
67444  40.140  -22.533  31.810 0.8888890147
67450  39.973  -22.925  31.257 0.8888890147
68467  40.605  -22.042  34.123 0.7777780294
68474  40.230  -21.535  32.629 0.7777780294
68539  37.824  -21.521  27.505 0.6666669846
68575  36.147  -21.664  24.363 0.3333329856
69534  38.481  -20.409  29.364 1.0000000000
71573  40.756  -18.507  35.944 0.2222220004
71673  36.834  -18.209  28.138 1.0000000000
72666  40.900  -17.997  36.352 0.1111110002
72716  39.421  -17.295  32.117 0.6666669846
72772  37.028  -17.250  29.153 1.0000000000
72818  35.819  -17.573  25.714 0.8888890147
72842  34.998  -17.756  22.416 0.5555559993
72843  34.492  -18.043  22.562 0.5555559993
73798  39.656  -15.940  32.363 0.5555559993
73815  39.493  -16.580  32.319 0.5555559993
73849  37.721  -16.657  29.981 1.0000000000
73880  35.885  -16.880  26.907 1.0000000000
73887  36.322  -16.530  26.727 1.0000000000
73904  35.872  -16.922  24.087 1.0000000000
73905  35.550  -17.430  24.104 0.7777780294
74017  41.442  -16.690  15.844 0.5555559993
74810  40.344  -15.761  33.094 0.5555559993
74827  39.224  -15.548  32.091 0.5555559993
74838  38.976  -15.785  31.489 0.7777780294
74926  39.561  -15.804  24.813 1.0000000000
74929  36.802  -16.380  24.781 1.0000000000
75013  45.162  -15.136  17.963 1.0000000000
75877  40.841  -14.845  34.155 0.5555559993
75897  40.560  -14.604  33.460 0.5555559993
75936  38.522  -15.031  30.062 0.8888890147
75979  40.475  -14.705  26.613 1.0000000000
76044  44.389  -14.522  21.025 1.0000000000
76982  40.336  -13.547  31.889 0.5555559993
77014  41.252  -13.598  28.336 0.8888890147
77076  44.793  -13.942  23.570 0.7777780294
77150  45.683  -13.564  17.938 1.0000000000
77959  42.242  -12.996  36.344 0.1111110002
78004  40.973  -13.070  33.476 0.4444440007
78015  40.939  -12.979  32.702 0.4444440007
78109  46.252  -13.006  25.407 0.6666669846
78280  59.006  -12.763  11.280 0.1111110002
79007  42.789  -11.694  34.205 0.3333329856
79008  42.124  -12.074  34.550 0.3333329856
79077  51.566  -10.694  29.006 0.1111110002
79100  45.497  -11.776  28.053 0.4444440007
79204  47.226  -11.777  19.137 1.0000000000
80044  44.426  -10.789  34.328 0.3333329856
80062  48.680  -10.649  32.526 0.1111110002
80081  44.799  -10.928  31.804 0.2222220004
80082  44.094  -11.227  31.894 0.3333329856
80131  49.694  -10.318  28.667 0.1111110002
80132  48.809  -10.603  28.789 0.1111110002
80344  48.174  -10.382  9.695 0.1111110002
80350  59.909  -10.851  8.792 0.1111110002
80357  45.866  -10.198  9.005 0.1111110002
81359  51.333  -9.292  10.794 0.4444440007
81371  47.784  -10.088  9.054 0.1111110002
83288  48.573  -6.960  19.205 0.7777780294
84217  54.962  -6.793  19.809 0.2222220004
84272  56.493  -7.405  15.912 0.3333329856
85228  39.196  -5.116  14.345 0.1111110002
86265  39.600  -4.952  12.767 0.1111110002
86273  57.897  -4.586  12.721 0.2222220004
87247  58.638  -3.238  10.665 0.3333329856
87359  58.606  -3.385  -5.210 0.1111110002
88172  58.512  -2.554  10.715 0.4444440007
89011  58.656  -1.864  10.298 0.3333329856
89018  57.867  -0.599  10.146 0.4444440007
89019  56.798  -0.866  9.864 0.4444440007
89053  57.617  -0.978  5.717 0.4444440007
89074  54.506  -1.505  1.840 0.3333329856
89076  52.893  -1.827  1.817 0.3333329856
89932  58.490  -0.763  10.060 0.4444440007
89954  58.126  0.224  7.975 0.4444440007
89957  52.648  -0.638  7.011 0.5555559993
89959  44.962  -0.339  7.148 0.1111110002
89989  57.129  -0.376  3.404 0.4444440007
90020  56.773  -0.220  1.729 0.2222220004
90056  50.763  -0.451  -0.040 0.1111110002
90891  58.145  0.467  8.416 0.4444440007
90894  56.193  0.788  8.438 0.4444440007
90899  45.429  0.134  8.215 0.1111110002
90921  57.220  0.449  5.735 0.4444440007
90923  54.651  1.096  5.649 0.5555559993
90939  56.890  -0.027  4.092 0.4444440007
90943  53.258  0.193  4.166 0.5555559993
91851  57.680  0.748  7.187 0.4444440007
91852  57.698  1.106  7.651 0.4444440007
91854  56.314  1.411  7.244 0.4444440007
91861  56.869  1.320  6.727 0.4444440007
91869  57.113  0.896  6.255 0.4444440007
91874  56.379  1.017  5.186 0.4444440007
91916  55.596  1.168  -1.702 0.1111110002
136481  37.105  -31.050  36.605 0.5555559993
137483  29.259  -35.841  41.081 0.7777780294
137803  37.225  -35.910  39.125 0.3333329856
137829  31.290  -35.017  43.133 0.6666669846
138284  53.266  -4.083  7.351 0.4444440007
139396  41.451  -15.671  20.395 1.0000000000
139526  50.120  0.326  -0.895 0.1111110002
139986  7.373  -51.154  44.234 0.1111110002
141758  50.592  -10.138  28.530 0.1111110002
141906  41.572  -12.633  31.521 0.4444440007
142428  28.138  -36.626  37.152 0.6666669846
142537  8.588  -52.059  44.161 0.1111110002
142663  59.421  -11.984  10.727 0.1111110002
142830  41.163  -14.013  34.672 0.4444440007
143526  57.387  -0.281  5.444 0.4444440007
143540  11.976  -42.637  50.993 0.1111110002
143789  16.767  -39.650  44.282 0.5555559993
144029  5.697  -50.568  42.834 0.1111110002
144830  34.900  -27.870  32.429 1.0000000000
145745  13.989  -41.818  45.844 0.5555559993
145806  30.346  -44.605  39.298 0.1111110002
146076  7.834  -46.594  49.713 0.4444440007
146127  8.204  -47.144  49.785 0.4444440007
146241  57.431  1.273  8.013 0.4444440007
146576  36.174  -17.132  25.328 1.0000000000
147690  12.392  -41.247  52.061 0.2222220004
148307  40.529  -23.113  36.575 0.4444440007
148730  37.754  -28.305  37.502 0.3333329856
149849  15.790  -41.583  50.384 0.1111110002
149945  12.367  -43.051  45.917 0.4444440007
150037  13.387  -42.029  50.981 0.1111110002
150278  29.480  -43.392  43.697 0.1111110002
150709  7.601  -49.455  46.613 0.4444440007
151090  14.757  -41.709  50.755 0.1111110002
151168  40.221  -15.652  24.877 1.0000000000
151560  6.966  -46.809  49.025 0.4444440007
151731  38.634  -28.660  38.380 0.1111110002
151910  46.984  -8.399  18.633 1.0000000000
153221  42.608  -15.866  16.226 0.5555559993
153698  16.252  -38.379  49.878 0.4444440007
154080  11.814  -46.420  50.767 0.2222220004
155314  24.109  -35.890  45.165 0.6666669846
155643  46.750  -10.902  29.486 0.1111110002
156045  39.351  -30.207  38.085 0.2222220004
156190  12.779  -42.644  46.386 0.4444440007
156399  41.904  -25.689  37.628 0.1111110002
157108  7.923  -50.830  45.667 0.4444440007
157834  58.814  -5.723  8.710 0.1111110002
158054  41.939  -23.536  38.056 0.1111110002
158076  48.080  -10.741  28.820 0.1111110002
158297  33.603  -36.616  34.771 0.7777780294
158370  33.421  -26.588  25.074 0.1111110002
158418  38.972  -25.405  34.902 0.7777780294
158662  30.713  -35.298  44.191 0.4444440007
158675  54.131  -6.374  19.846 0.2222220004
159305  57.604  -2.958  11.903 0.4444440007
159375  37.929  -26.184  34.262 0.8888890147
159516  36.538  -26.791  32.890 1.0000000000
159780  15.622  -38.584  51.615 0.3333329856
160109  48.862  -11.283  32.932 0.1111110002
160164  36.355  -29.920  37.432 0.5555559993
160469  32.201  -42.877  42.509 0.1111110002
160481  7.352  -52.150  42.676 0.1111110002
160528  55.737  -7.021  19.204 0.3333329856
161186  40.842  -13.323  29.783 0.7777780294
161498  40.156  -19.490  33.136 0.4444440007
161923  35.218  -26.818  28.026 0.4444440007
162169  37.822  -15.742  29.215 0.8888890147
162344  55.857  -0.155  3.280 0.4444440007
162681  34.077  -32.108  32.554 0.8888890147
163101  21.030  -35.419  36.151 0.3333329856
163202  52.987  0.445  6.275 0.5555559993
163371  18.862  -36.874  49.040 0.5555559993
163421  18.745  -37.112  45.609 0.6666669846
163545  8.663  -46.383  40.959 0.1111110002
163608  10.137  -47.707  49.762 0.4444440007
163829  43.449  -13.960  25.448 0.8888890147
163909  33.429  -29.455  29.404 0.8888890147
163979  39.292  -25.602  31.992 0.8888890147
164314  12.974  -44.874  51.321 0.1111110002
164728  55.742  -0.843  9.007 0.4444440007
164764  48.744  -10.142  9.801 0.2222220004
