#!ascii label  , from subject sub-v1s14x0051563_ses-1 vox2ras=TkReg
8572
523  16.556  -99.522  -38.659 0.8000000119
1254  18.188  -97.852  -38.327 0.8999999762
143957  11.495  -99.696  -35.825 0.6000000238
317  11.899  -100.914  -35.180 0.5000000000
503  12.191  -100.327  -36.472 0.8000000119
160059  14.757  -99.334  -38.823 0.8999999762
517  15.589  -100.069  -38.248 0.8000000119
334  16.911  -100.432  -37.717 0.8000000119
737  17.667  -98.979  -39.140 0.8999999762
998  17.155  -98.793  -39.053 0.8999999762
725  10.991  -98.587  -37.130 0.8000000119
721  11.152  -99.137  -36.287 0.6999999881
512  12.051  -100.031  -37.316 0.8999999762
519  12.658  -100.099  -37.870 0.8999999762
509  14.184  -100.199  -38.031 0.8999999762
741  13.457  -99.207  -38.817 0.8999999762
1001  14.535  -98.655  -39.041 0.8999999762
739  15.982  -98.998  -39.087 0.8000000119
508  17.825  -100.547  -37.511 0.8000000119
733  21.055  -98.655  -38.771 0.6999999881
137875  20.696  -98.286  -39.215 0.8000000119
1592  22.373  -96.355  -40.573 0.6999999881
1280  20.667  -97.339  -40.080 0.8000000119
1978  22.087  -95.286  -40.238 0.8000000119
991  11.300  -98.200  -38.463 0.8000000119
1520  10.618  -96.753  -33.101 0.8000000119
724  11.646  -99.262  -37.389 0.8999999762
1971  13.077  -95.753  -38.934 0.8999999762
730  12.780  -99.375  -38.345 0.8999999762
1257  15.143  -98.063  -38.103 0.8999999762
1258  14.417  -97.755  -38.498 0.8999999762
1246  17.876  -97.768  -37.595 0.8999999762
990  15.591  -98.575  -38.638 0.8999999762
988  17.025  -98.502  -38.370 0.8999999762
2378  20.938  -94.630  -37.223 0.8999999762
1956  21.059  -94.762  -38.177 0.8999999762
1957  20.370  -95.270  -37.985 0.8999999762
1268  19.794  -97.374  -39.422 0.8999999762
1269  18.460  -98.041  -39.030 0.8999999762
1581  20.513  -96.439  -39.741 0.8999999762
1006  20.265  -97.625  -39.681 0.8999999762
161174  22.185  -94.150  -38.675 0.8999999762
1979  21.430  -95.381  -39.769 0.8999999762
1990  21.814  -95.936  -40.474 0.8999999762
150299  23.430  -93.423  -39.041 0.8999999762
2842  24.068  -92.887  -38.871 0.8999999762
2397  23.142  -94.332  -40.335 0.8999999762
4558  26.911  -90.981  -40.433 0.8999999762
3391  27.505  -92.155  -42.598 0.8999999762
3949  26.834  -91.475  -42.040 0.8999999762
4571  26.882  -91.020  -41.388 1.0000000000
3948  27.708  -91.371  -42.924 1.0000000000
1260  10.954  -97.389  -38.589 0.8000000119
152857  11.863  -96.328  -39.321 0.8999999762
145373  11.705  -97.553  -39.218 0.8999999762
1273  13.149  -97.787  -39.211 0.8999999762
1961  14.013  -94.971  -37.929 0.8999999762
1574  13.436  -96.516  -38.942 0.8999999762
1959  15.220  -95.717  -37.315 0.8999999762
1970  13.924  -95.860  -38.366 0.8999999762
1002  13.481  -98.585  -39.136 0.8999999762
1564  15.336  -96.873  -37.315 0.8999999762
1573  14.181  -96.847  -38.428 0.8999999762
1449  8.000  -96.748  -27.589 0.8999999762
1572  14.915  -97.271  -37.956 0.8999999762
1154  7.418  -97.272  -26.722 0.8999999762
1546  17.310  -96.840  -35.197 1.0000000000
1236  16.552  -97.445  -36.203 0.8999999762
1554  19.192  -96.426  -36.012 0.8999999762
1234  17.723  -97.489  -35.708 0.8999999762
1256  16.510  -98.241  -37.672 0.8999999762
1947  19.805  -95.623  -36.324 0.8999999762
153191  19.296  -96.061  -36.824 0.8999999762
1561  19.231  -96.263  -37.583 0.8999999762
144923  20.194  -95.108  -37.042 0.8999999762
2829  23.193  -93.222  -37.363 0.8999999762
2830  22.394  -93.691  -37.381 0.8999999762
146995  24.404  -92.685  -38.036 0.8999999762
3869  25.542  -91.999  -37.197 0.8999999762
155289  25.800  -91.905  -37.895 0.8999999762
143639  26.895  -91.299  -37.870 0.8999999762
4528  26.908  -91.179  -38.652 0.8999999762
4543  26.915  -91.053  -39.538 0.8999999762
3390  28.355  -92.549  -42.323 0.8999999762
139786  27.611  -90.582  -40.903 1.0000000000
3947  29.714  -91.814  -42.317 0.8999999762
3953  29.317  -91.392  -43.065 1.0000000000
4589  27.746  -90.539  -42.887 1.0000000000
141880  27.965  -89.841  -41.411 1.0000000000
4602  30.448  -90.569  -43.128 1.0000000000
4605  28.177  -90.653  -43.349 1.0000000000
5259  27.916  -89.789  -43.095 1.0000000000
5233  28.353  -89.074  -42.033 1.0000000000
4610  29.259  -90.288  -44.025 1.0000000000
5274  28.337  -89.751  -44.083 1.0000000000
5283  29.601  -89.136  -44.962 1.0000000000
1575  10.859  -96.541  -38.913 0.8000000119
962  9.667  -98.557  -33.116 0.8000000119
153124  10.044  -95.126  -38.708 0.8000000119
2389  11.307  -94.603  -39.002 0.8999999762
1227  9.033  -97.368  -34.569 0.8000000119
1983  11.388  -95.565  -39.223 0.8999999762
2850  11.859  -93.978  -38.321 1.0000000000
164478  12.847  -94.732  -38.295 0.8999999762
2380  13.969  -94.281  -37.341 0.8999999762
1490  6.889  -96.576  -29.595 0.8000000119
2369  15.342  -94.782  -36.847 1.0000000000
1479  8.265  -96.774  -28.380 0.8000000119
1504  5.760  -95.822  -29.861 0.8999999762
159440  6.692  -96.369  -28.963 0.8999999762
1948  16.290  -95.950  -36.116 1.0000000000
1480  6.804  -96.377  -28.279 0.8999999762
1464  6.248  -96.057  -27.677 1.0000000000
1544  18.930  -96.661  -35.156 1.0000000000
2356  21.420  -94.234  -35.363 1.0000000000
1932  20.139  -95.351  -35.423 1.0000000000
2367  21.184  -94.383  -36.238 0.8999999762
3300  23.996  -92.730  -35.542 0.8999999762
2818  22.519  -93.581  -35.858 0.8999999762
3320  23.580  -92.953  -36.487 0.8999999762
3855  26.027  -91.830  -36.405 0.8999999762
3856  25.179  -92.157  -36.375 0.8999999762
4487  27.244  -91.029  -35.923 0.8999999762
4508  27.239  -91.075  -37.022 0.8999999762
4507  27.973  -90.595  -37.170 1.0000000000
5203  28.369  -90.266  -37.759 0.8999999762
4542  27.607  -90.774  -38.987 0.8999999762
5856  29.350  -89.023  -36.889 1.0000000000
5202  29.107  -89.576  -37.670 1.0000000000
141164  28.388  -89.938  -39.875 0.8999999762
4587  31.099  -90.210  -41.700 1.0000000000
3946  30.293  -91.399  -41.719 1.0000000000
5887  29.482  -88.756  -39.392 1.0000000000
5225  28.912  -89.185  -40.215 1.0000000000
5243  31.439  -89.583  -42.275 1.0000000000
4588  30.703  -90.799  -42.268 1.0000000000
5226  28.196  -89.906  -40.604 1.0000000000
5924  32.023  -88.061  -43.015 0.8999999762
5257  31.247  -89.470  -43.235 1.0000000000
5925  31.542  -88.601  -43.500 1.0000000000
5927  28.082  -89.294  -43.642 1.0000000000
5913  28.700  -87.973  -42.558 1.0000000000
5939  31.729  -87.790  -43.761 1.0000000000
5271  31.015  -89.149  -44.129 1.0000000000
5285  28.555  -89.233  -44.394 1.0000000000
5955  30.897  -88.087  -45.100 0.8999999762
5956  29.958  -88.362  -45.320 0.8999999762
5958  28.501  -88.529  -45.142 0.8999999762
151922  8.706  -96.819  -35.142 0.8000000119
2851  10.980  -93.860  -38.481 0.8999999762
1954  8.158  -95.209  -36.345 0.8999999762
2821  12.990  -93.236  -36.873 1.0000000000
2820  13.852  -93.610  -36.784 1.0000000000
1940  7.668  -95.194  -35.573 0.8999999762
1229  7.818  -96.960  -34.259 0.8000000119
1925  7.344  -95.511  -34.893 0.8000000119
1510  7.328  -97.262  -32.055 0.6999999881
1511  6.831  -96.414  -32.256 0.8000000119
153713  7.437  -97.411  -31.218 0.6999999881
1132  10.493  -97.200  -24.943 0.6000000238
142575  6.859  -96.604  -31.395 0.6999999881
1502  7.020  -96.782  -30.466 0.8000000119
877  10.339  -98.098  -24.508 0.6999999881
2819  15.436  -94.024  -36.343 1.0000000000
887  8.934  -98.163  -25.861 0.8000000119
624  9.604  -99.641  -24.881 0.6999999881
1892  5.128  -94.795  -31.137 1.0000000000
2334  5.759  -94.399  -32.352 0.8999999762
151078  6.405  -96.283  -30.013 0.8999999762
888  8.307  -98.629  -25.823 0.8000000119
2359  16.237  -94.072  -35.854 1.0000000000
2358  16.790  -95.103  -35.592 1.0000000000
162121  7.814  -99.023  -25.108 0.8999999762
1934  17.291  -95.917  -34.894 1.0000000000
1862  4.952  -95.192  -28.803 1.0000000000
2339  20.141  -94.986  -33.600 1.0000000000
1918  19.163  -96.134  -34.424 1.0000000000
1849  4.895  -95.080  -27.920 1.0000000000
2348  20.386  -95.128  -34.476 1.0000000000
3302  22.706  -93.331  -34.977 1.0000000000
4488  26.511  -91.470  -35.595 1.0000000000
3840  24.820  -92.303  -35.495 0.8999999762
5172  27.836  -90.372  -35.289 1.0000000000
158097  28.440  -89.948  -35.738 1.0000000000
5841  29.333  -88.150  -36.448 1.0000000000
3935  31.136  -90.267  -39.766 0.6999999881
6450  29.141  -86.714  -37.127 1.0000000000
6449  29.645  -86.882  -37.666 1.0000000000
5869  29.835  -88.161  -38.576 1.0000000000
7091  29.100  -85.792  -38.944 1.0000000000
5886  29.857  -87.937  -39.458 1.0000000000
5899  29.625  -88.252  -40.194 1.0000000000
5912  32.028  -88.152  -42.059 0.6999999881
7800  28.840  -85.652  -40.609 1.0000000000
7120  29.247  -85.952  -40.883 1.0000000000
6499  29.193  -87.219  -41.687 1.0000000000
7119  32.628  -86.515  -41.131 0.6000000238
148451  32.382  -86.687  -42.877 0.8000000119
7132  28.586  -86.004  -42.508 0.8999999762
6511  28.837  -86.827  -42.502 1.0000000000
163208  28.577  -87.406  -43.236 0.8999999762
7143  32.277  -86.282  -43.596 0.8999999762
6518  32.079  -87.217  -43.320 0.8999999762
138956  28.510  -86.579  -43.265 0.8999999762
5926  28.400  -88.361  -43.549 1.0000000000
148881  33.020  -84.900  -43.719 0.8999999762
7151  31.856  -86.182  -44.462 0.8999999762
6541  31.549  -86.845  -44.725 0.8999999762
6519  28.343  -87.421  -44.151 0.8999999762
8571  33.988  -83.699  -44.221 0.6999999881
137446  33.345  -84.007  -44.516 0.8000000119
6542  31.124  -87.224  -45.241 0.8999999762
5965  29.450  -87.915  -46.037 0.8999999762
2838  8.943  -94.276  -37.627 0.8999999762
2835  11.541  -93.383  -37.717 1.0000000000
2836  10.648  -93.300  -37.890 0.8999999762
2823  8.686  -93.647  -37.024 1.0000000000
3342  11.243  -92.785  -37.170 1.0000000000
3328  9.375  -92.884  -36.788 1.0000000000
2824  7.984  -93.872  -36.415 1.0000000000
3325  12.683  -92.666  -36.307 1.0000000000
930  8.365  -98.655  -29.795 0.6999999881
909  9.680  -98.465  -28.126 0.5000000000
3305  14.165  -92.615  -35.636 1.0000000000
2812  7.589  -93.880  -35.134 1.0000000000
1189  8.083  -97.701  -29.792 0.6999999881
1168  9.697  -97.191  -27.889 0.6000000238
1121  11.570  -97.620  -23.462 0.4000000060
2810  14.613  -93.319  -36.192 1.0000000000
2344  6.524  -94.657  -33.495 0.8999999762
1180  8.216  -97.087  -29.055 0.6999999881
164299  9.932  -96.623  -26.798 0.6000000238
3282  7.492  -93.072  -33.480 0.8999999762
2794  6.103  -93.790  -33.142 0.8999999762
1905  6.039  -94.820  -32.841 0.8999999762
1447  9.506  -96.623  -26.812 0.6999999881
1503  6.177  -96.030  -30.726 0.8000000119
423  9.370  -100.197  -24.368 0.8000000119
2774  4.720  -93.911  -31.216 1.0000000000
1143  7.209  -97.882  -26.031 0.8999999762
2350  17.404  -94.995  -34.730 1.0000000000
1886  4.747  -94.616  -30.242 1.0000000000
880  6.705  -97.797  -24.265 1.0000000000
868  7.396  -98.643  -23.730 1.0000000000
2341  18.903  -94.682  -33.381 1.0000000000
2305  4.240  -94.186  -29.571 1.0000000000
1155  6.510  -96.265  -26.842 1.0000000000
847  7.240  -98.272  -21.439 1.0000000000
1909  18.939  -95.538  -33.747 1.0000000000
2798  21.560  -94.000  -34.388 1.0000000000
1836  5.015  -95.049  -26.921 1.0000000000
1156  6.431  -96.485  -26.020 1.0000000000
3287  22.651  -93.103  -34.049 1.0000000000
3301  23.462  -92.828  -34.607 1.0000000000
4476  25.163  -91.880  -34.591 1.0000000000
150243  27.648  -89.893  -34.310 1.0000000000
4475  26.168  -91.326  -34.446 1.0000000000
5241  1.604  -89.468  -41.609 0.8999999762
5923  1.104  -88.079  -42.237 0.8999999762
6517  0.147  -87.152  -41.759 0.8000000119
6508  0.111  -87.858  -41.219 0.8999999762
7833  0.455  -86.030  -41.334 0.8999999762
5253  2.785  -89.286  -42.458 0.8999999762
8517  1.021  -84.987  -40.708 0.8000000119
7113  0.236  -87.008  -40.892 0.8999999762
156400  27.739  -88.716  -34.142 1.0000000000
5155  28.283  -89.196  -34.872 1.0000000000
5269  2.302  -88.599  -42.557 0.8999999762
7150  0.860  -86.011  -42.990 0.6999999881
9229  1.722  -83.548  -40.697 0.6999999881
6438  28.127  -86.580  -36.083 1.0000000000
6525  1.571  -87.115  -42.912 0.8999999762
8568  0.930  -84.790  -43.031 0.6000000238
7067  27.958  -85.981  -37.573 1.0000000000
145592  2.531  -86.681  -42.973 0.6000000238
6540  1.469  -85.964  -43.185 0.5000000000
151931  28.334  -85.996  -38.425 1.0000000000
7093  26.943  -86.161  -39.540 1.0000000000
7821  27.914  -85.534  -41.744 0.8999999762
7850  27.975  -85.912  -43.581 0.8999999762
7152  28.007  -86.598  -44.744 0.8999999762
7877  32.314  -84.758  -44.815 0.8000000119
144597  31.884  -85.430  -45.049 0.8999999762
7164  31.408  -86.286  -45.395 0.8999999762
6559  29.516  -87.173  -46.515 0.8999999762
6544  28.297  -87.590  -45.805 0.8999999762
9298  33.917  -83.017  -45.456 0.8000000119
153412  33.105  -83.407  -45.718 0.8000000119
8588  32.070  -84.723  -45.652 0.8999999762
3843  13.826  -91.934  -35.155 1.0000000000
3327  10.938  -92.400  -36.469 1.0000000000
3329  8.573  -93.109  -36.236 1.0000000000
3307  12.336  -92.098  -35.754 1.0000000000
3844  12.887  -91.789  -35.134 1.0000000000
3309  10.583  -92.117  -35.766 1.0000000000
3829  12.503  -91.467  -34.320 1.0000000000
3845  11.977  -91.759  -35.106 1.0000000000
3847  10.170  -91.931  -35.014 1.0000000000
3311  8.648  -92.775  -35.253 1.0000000000
3830  11.554  -91.622  -34.352 1.0000000000
2793  6.971  -93.640  -33.716 0.8999999762
3304  15.605  -92.736  -35.316 1.0000000000
3272  6.915  -92.987  -32.061 1.0000000000
3271  7.604  -92.967  -32.706 1.0000000000
2801  17.035  -93.163  -34.905 1.0000000000
3256  6.711  -92.843  -31.163 1.0000000000
2785  5.985  -93.423  -32.432 1.0000000000
1807  6.118  -95.796  -24.090 1.0000000000
144010  17.591  -94.079  -34.528 1.0000000000
2768  4.496  -93.264  -30.030 1.0000000000
1421  5.913  -96.259  -24.203 1.0000000000
1123  5.972  -96.793  -24.567 1.0000000000
1113  5.988  -96.668  -22.409 1.0000000000
3238  4.171  -92.980  -29.210 1.0000000000
2747  3.933  -93.895  -28.882 1.0000000000
140280  5.863  -95.149  -26.249 1.0000000000
2788  21.243  -93.892  -33.442 1.0000000000
3824  23.859  -92.250  -33.960 1.0000000000
147749  25.285  -91.224  -33.678 1.0000000000
4582  3.452  -90.219  -41.390 0.8999999762
4584  1.617  -90.104  -41.163 0.8999999762
5242  0.918  -89.487  -41.205 0.8999999762
161525  0.666  -88.215  -41.672 0.8999999762
146525  26.060  -90.500  -33.446 1.0000000000
5137  27.211  -89.101  -33.613 1.0000000000
5252  3.571  -89.687  -42.644 0.8999999762
7797  1.291  -86.006  -39.899 0.8999999762
8487  0.853  -84.749  -38.396 0.8999999762
8477  0.783  -84.494  -37.606 0.8000000119
152449  27.953  -87.070  -35.326 1.0000000000
9210  1.403  -84.354  -40.173 0.8000000119
5823  28.517  -88.078  -35.224 1.0000000000
154178  5.026  -90.056  -42.650 0.8999999762
5268  3.333  -89.143  -43.172 0.8999999762
138617  1.567  -83.529  -39.682 0.6000000238
9209  1.346  -83.474  -38.793 0.8000000119
5267  4.050  -89.448  -43.284 0.8999999762
5936  2.621  -88.084  -42.909 0.8000000119
7081  27.264  -86.128  -38.484 1.0000000000
5282  3.824  -88.851  -43.721 0.8000000119
7891  2.322  -84.568  -43.716 0.4000000060
6537  3.810  -87.385  -43.376 0.6999999881
9274  2.435  -83.094  -44.253 0.4000000060
7107  26.662  -86.155  -40.422 1.0000000000
7178  3.262  -85.512  -43.353 0.5000000000
7133  26.577  -86.060  -42.566 1.0000000000
151401  26.428  -86.170  -43.892 1.0000000000
7851  27.497  -85.804  -43.483 0.8999999762
7865  26.954  -85.842  -44.078 0.8999999762
7153  27.430  -86.183  -45.038 0.8999999762
7166  27.258  -86.197  -45.788 1.0000000000
7893  31.250  -85.566  -46.916 0.8999999762
7195  30.548  -85.797  -47.223 0.8999999762
7165  27.911  -86.626  -46.312 0.8999999762
157304  36.589  -82.388  -44.619 0.6000000238
10108  35.305  -82.380  -46.011 0.6999999881
9297  34.808  -82.742  -45.291 0.6999999881
8599  32.364  -83.971  -46.173 0.8000000119
7908  31.801  -84.830  -46.924 0.8999999762
7182  29.195  -86.702  -47.112 0.8999999762
7198  27.805  -85.774  -47.708 1.0000000000
9310  34.296  -82.554  -46.295 0.6999999881
9312  32.827  -83.238  -46.759 0.6999999881
8611  32.053  -83.814  -47.235 0.8999999762
8612  31.267  -84.166  -47.779 0.8999999762
7910  30.073  -85.227  -48.033 0.8999999762
7197  28.743  -85.853  -47.663 0.8999999762
156029  12.582  -91.230  -33.496 1.0000000000
3794  12.361  -91.415  -32.649 1.0000000000
3814  11.109  -91.630  -33.576 1.0000000000
150253  9.444  -100.576  -22.428 0.8000000119
159664  10.286  -92.295  -32.518 1.0000000000
3279  9.971  -92.101  -33.175 1.0000000000
3254  8.569  -92.985  -31.505 1.0000000000
3270  8.597  -92.874  -32.454 1.0000000000
1797  7.267  -95.530  -22.670 1.0000000000
1786  7.182  -95.110  -21.572 1.0000000000
1787  6.489  -95.630  -21.772 1.0000000000
3289  17.432  -92.606  -34.345 1.0000000000
3245  7.463  -92.734  -30.492 1.0000000000
3246  6.430  -92.667  -30.414 1.0000000000
146610  6.362  -95.583  -24.283 1.0000000000
2241  6.789  -94.533  -25.431 1.0000000000
1817  6.242  -95.308  -24.933 1.0000000000
2340  19.664  -94.603  -33.190 1.0000000000
2254  5.266  -94.399  -25.840 1.0000000000
140961  6.129  -95.430  -25.587 1.0000000000
2735  3.878  -93.773  -27.211 1.0000000000
3274  23.112  -92.446  -33.592 1.0000000000
3804  23.675  -91.666  -33.204 1.0000000000
3944  3.811  -90.514  -40.743 0.8999999762
3933  2.706  -91.018  -40.179 0.8999999762
5230  0.428  -89.213  -40.567 0.8999999762
3943  4.596  -90.669  -40.755 0.8999999762
6495  0.515  -87.548  -40.486 0.8999999762
149080  1.234  -86.890  -40.061 0.8999999762
3941  6.336  -91.042  -40.810 1.0000000000
4581  4.225  -90.321  -41.418 0.8999999762
7784  1.555  -85.895  -39.249 0.8999999762
5800  27.082  -87.694  -34.069 1.0000000000
4596  5.498  -90.289  -42.113 0.8999999762
6418  27.383  -86.307  -35.729 1.0000000000
4595  7.330  -90.231  -42.126 0.8999999762
141242  2.010  -82.004  -38.115 0.5000000000
9966  1.644  -82.833  -37.603 0.8000000119
7068  27.075  -86.170  -37.605 1.0000000000
145842  5.860  -89.912  -42.916 0.8999999762
6462  26.182  -86.395  -38.146 1.0000000000
5249  7.781  -89.706  -42.686 0.8999999762
150822  5.718  -89.400  -43.640 0.8999999762
6471  26.068  -86.520  -38.994 1.0000000000
5280  5.139  -89.075  -44.094 0.6999999881
5963  4.742  -87.804  -44.728 0.6999999881
140436  25.913  -86.640  -39.900 1.0000000000
6555  4.359  -87.191  -44.198 0.5000000000
6500  26.075  -86.488  -41.781 1.0000000000
7134  25.939  -86.650  -42.685 1.0000000000
7889  3.661  -85.011  -43.558 0.4000000060
10078  37.293  -82.100  -44.793 0.5000000000
9296  35.821  -82.487  -45.093 0.6999999881
7199  27.098  -85.911  -47.749 1.0000000000
143624  27.016  -86.231  -46.613 1.0000000000
10831  37.611  -80.898  -45.677 0.5000000000
10106  36.833  -81.492  -46.009 0.6000000238
164608  36.257  -81.620  -46.313 0.6999999881
10842  35.746  -81.809  -46.565 0.6999999881
10116  34.158  -82.126  -47.322 0.6999999881
9325  32.938  -82.782  -47.377 0.8000000119
7915  30.468  -84.432  -48.379 0.8999999762
7916  29.559  -84.552  -48.701 0.8999999762
7912  28.207  -85.361  -48.426 0.8999999762
4426  13.995  -91.057  -31.929 1.0000000000
2208  7.748  -94.580  -20.288 1.0000000000
3811  14.780  -91.013  -34.005 1.0000000000
3826  15.251  -91.617  -34.463 1.0000000000
3251  11.500  -92.396  -31.166 1.0000000000
3782  11.837  -91.874  -31.900 1.0000000000
146418  9.055  -95.284  -21.581 1.0000000000
156234  7.229  -94.819  -20.858 1.0000000000
3291  15.803  -92.156  -34.884 1.0000000000
139607  9.854  -92.901  -31.129 1.0000000000
3252  10.136  -92.646  -31.859 1.0000000000
2232  9.749  -94.663  -24.175 1.0000000000
1795  10.132  -95.420  -22.585 1.0000000000
1785  8.219  -95.343  -21.978 1.0000000000
2210  6.376  -94.919  -20.195 1.0000000000
139561  8.919  -94.596  -24.690 1.0000000000
1815  8.114  -95.116  -24.569 1.0000000000
2791  18.920  -93.622  -33.267 1.0000000000
2252  7.379  -93.981  -25.401 1.0000000000
2268  5.047  -94.619  -26.295 1.0000000000
2783  20.925  -93.510  -32.820 1.0000000000
5123  25.885  -89.389  -32.876 1.0000000000
155594  24.948  -90.875  -33.211 1.0000000000
142807  7.750  -91.491  -39.144 1.0000000000
3913  6.251  -91.563  -39.396 1.0000000000
3930  5.878  -91.256  -40.114 1.0000000000
3915  4.467  -91.352  -39.458 0.8999999762
3916  3.423  -91.242  -39.603 0.8999999762
3934  1.752  -91.005  -40.065 0.8999999762
4568  0.381  -89.654  -39.886 0.8999999762
140069  0.400  -89.244  -39.538 0.8999999762
3929  6.745  -91.396  -40.098 1.0000000000
5801  26.541  -88.427  -33.297 1.0000000000
3911  9.117  -91.045  -39.684 1.0000000000
4564  8.132  -90.962  -40.688 1.0000000000
5881  0.747  -88.740  -39.316 0.8999999762
139737  1.019  -85.329  -38.117 0.8999999762
6419  27.266  -86.887  -34.896 1.0000000000
4578  7.721  -90.577  -41.402 1.0000000000
8469  0.782  -84.652  -36.565 1.0000000000
6451  26.315  -86.186  -37.314 1.0000000000
4563  8.920  -90.697  -40.334 1.0000000000
4577  8.573  -90.290  -41.149 1.0000000000
137793  2.447  -81.155  -36.824 0.6999999881
9947  1.694  -82.828  -36.635 0.8000000119
161633  9.037  -89.173  -42.271 0.8999999762
4594  8.172  -90.021  -41.972 0.8999999762
5922  9.063  -88.835  -42.824 0.8999999762
6463  25.190  -86.699  -38.583 1.0000000000
5932  8.713  -88.619  -43.686 0.8999999762
5934  7.065  -89.028  -44.177 0.8999999762
6536  6.943  -87.817  -45.354 0.6000000238
5949  6.128  -88.223  -45.064 0.6000000238
6554  4.987  -87.123  -44.983 0.6000000238
8598  2.870  -84.136  -44.169 0.5000000000
6501  25.325  -87.160  -41.377 1.0000000000
147197  25.045  -88.151  -43.090 1.0000000000
5928  25.144  -88.330  -43.989 1.0000000000
149647  5.181  -86.477  -44.971 0.6000000238
7155  26.103  -86.619  -44.459 1.0000000000
6545  26.281  -86.660  -45.700 1.0000000000
138874  25.596  -87.851  -45.304 1.0000000000
137336  32.395  -82.186  -48.086 0.8999999762
8618  30.833  -83.747  -48.399 0.8999999762
8619  30.036  -83.941  -48.615 0.8999999762
8621  28.272  -84.662  -48.752 0.8999999762
7919  27.308  -85.155  -48.419 0.8999999762
7207  26.473  -85.513  -48.168 0.8999999762
7185  26.670  -86.241  -47.311 1.0000000000
158627  25.862  -87.520  -46.023 1.0000000000
10840  37.100  -80.604  -46.571 0.6999999881
10841  36.346  -81.132  -46.910 0.6999999881
143137  35.027  -82.084  -47.010 0.6999999881
4445  13.829  -90.940  -32.701 1.0000000000
4460  14.361  -90.873  -33.317 1.0000000000
3780  13.787  -91.397  -31.150 1.0000000000
1770  10.566  -95.410  -20.939 1.0000000000
3809  16.548  -91.008  -33.894 1.0000000000
3234  8.996  -92.717  -29.859 1.0000000000
1794  10.803  -95.146  -22.765 1.0000000000
3278  17.055  -91.767  -34.204 1.0000000000
3218  6.741  -92.036  -28.995 1.0000000000
3219  4.785  -92.426  -28.656 1.0000000000
3235  7.132  -92.448  -29.763 1.0000000000
153186  10.243  -93.858  -23.638 1.0000000000
3209  4.556  -92.234  -27.662 1.0000000000
2688  9.531  -93.773  -24.187 1.0000000000
3265  19.566  -92.966  -32.767 1.0000000000
3276  18.697  -92.530  -33.329 1.0000000000
137650  3.819  -93.149  -26.809 1.0000000000
3220  3.943  -92.857  -28.326 1.0000000000
2697  7.911  -93.747  -25.137 1.0000000000
3789  22.107  -91.297  -32.241 1.0000000000
3264  20.480  -92.912  -32.501 1.0000000000
4435  23.321  -90.275  -32.179 1.0000000000
3805  22.680  -91.933  -32.786 1.0000000000
2724  4.074  -93.155  -26.107 1.0000000000
2699  5.478  -93.162  -25.084 1.0000000000
4456  23.894  -90.814  -32.714 1.0000000000
3899  6.723  -91.604  -38.697 1.0000000000
155734  6.197  -91.583  -38.080 1.0000000000
3357  4.219  -92.093  -38.216 1.0000000000
147042  2.340  -91.994  -38.229 1.0000000000
3901  1.442  -91.513  -38.075 1.0000000000
5784  25.282  -88.593  -32.582 1.0000000000
5124  24.956  -89.727  -32.636 1.0000000000
3897  8.399  -91.295  -38.511 1.0000000000
3369  4.790  -91.798  -38.790 1.0000000000
3917  2.343  -91.285  -39.508 0.8999999762
4552  0.802  -90.919  -38.735 0.8999999762
4537  0.555  -90.303  -38.272 0.8999999762
5866  0.966  -89.281  -38.378 0.8999999762
5783  25.986  -88.073  -32.931 1.0000000000
5880  1.645  -88.577  -38.826 1.0000000000
6467  1.517  -87.771  -39.564 1.0000000000
7077  1.656  -85.775  -38.651 1.0000000000
143890  9.675  -90.797  -38.507 1.0000000000
155732  26.125  -85.914  -35.118 1.0000000000
6399  26.185  -87.028  -33.658 1.0000000000
161010  9.933  -90.276  -39.523 1.0000000000
4535  10.513  -90.237  -38.731 1.0000000000
9165  1.225  -84.040  -35.076 1.0000000000
7057  25.037  -86.004  -36.163 1.0000000000
7056  26.783  -86.076  -36.065 1.0000000000
4561  11.510  -89.310  -39.757 1.0000000000
4562  10.317  -89.781  -39.942 1.0000000000
10703  2.348  -81.442  -36.037 0.8000000119
6439  25.485  -86.216  -36.919 1.0000000000
152746  11.225  -88.985  -41.124 1.0000000000
5247  10.613  -88.853  -41.616 0.8999999762
5921  9.847  -88.394  -42.725 0.8999999762
6472  25.131  -86.983  -39.410 1.0000000000
5931  9.539  -88.214  -43.376 0.8999999762
6533  9.617  -87.376  -44.558 0.6999999881
5906  24.793  -87.871  -41.136 1.0000000000
6552  6.543  -86.948  -45.930 0.6000000238
5907  24.489  -88.557  -41.675 1.0000000000
5916  24.607  -88.721  -42.563 1.0000000000
5261  24.373  -89.649  -43.922 1.0000000000
7174  6.195  -86.214  -46.022 0.5000000000
5275  24.854  -89.049  -45.188 1.0000000000
5287  24.140  -89.385  -45.228 1.0000000000
7208  25.822  -86.124  -48.061 0.8999999762
5959  25.263  -88.371  -45.664 1.0000000000
10123  31.657  -82.613  -48.215 0.8999999762
9332  30.501  -83.463  -48.441 0.8999999762
147410  27.829  -84.281  -48.517 0.8999999762
161354  26.442  -84.998  -48.258 0.8999999762
7201  25.385  -86.757  -47.787 1.0000000000
5967  25.196  -88.066  -46.450 1.0000000000
10847  35.514  -81.312  -47.472 0.6999999881
10115  34.754  -81.351  -47.892 0.6999999881
10121  34.059  -81.324  -47.986 0.8000000119
4424  15.199  -90.487  -31.565 1.0000000000
3776  13.529  -91.675  -30.264 1.0000000000
2661  12.707  -93.771  -20.279 1.0000000000
1760  11.730  -95.094  -20.255 1.0000000000
2197  9.761  -94.456  -19.516 1.0000000000
2655  6.905  -93.866  -19.127 1.0000000000
4443  15.503  -90.397  -32.515 1.0000000000
3241  11.175  -92.626  -30.291 1.0000000000
1782  11.671  -95.019  -21.543 1.0000000000
2207  8.932  -94.624  -20.143 1.0000000000
2200  6.694  -94.486  -19.634 1.0000000000
4458  16.004  -90.581  -33.318 1.0000000000
3753  7.462  -91.738  -28.447 1.0000000000
3769  7.733  -92.136  -29.171 1.0000000000
2670  11.178  -93.430  -22.162 1.0000000000
2679  11.267  -93.989  -22.591 1.0000000000
3808  17.549  -91.160  -33.576 1.0000000000
3730  4.615  -91.992  -26.712 1.0000000000
3157  10.293  -93.075  -22.347 1.0000000000
146697  18.933  -91.226  -32.878 1.0000000000
3807  18.446  -91.639  -33.292 1.0000000000
2682  8.993  -93.115  -23.405 1.0000000000
4438  20.494  -90.726  -32.019 1.0000000000
3266  19.219  -91.981  -32.957 1.0000000000
3714  4.706  -92.008  -25.899 1.0000000000
3166  7.305  -92.532  -23.607 1.0000000000
3160  7.705  -92.245  -23.030 1.0000000000
5109  22.361  -90.377  -32.028 1.0000000000
153669  21.140  -91.418  -32.131 1.0000000000
3174  5.434  -92.328  -24.803 1.0000000000
3173  5.965  -91.831  -24.096 1.0000000000
149659  6.700  -91.432  -23.943 1.0000000000
5108  22.868  -89.730  -31.846 1.0000000000
4519  7.485  -90.743  -37.160 1.0000000000
3344  4.530  -92.073  -37.581 1.0000000000
156207  3.252  -92.308  -37.056 1.0000000000
146542  2.498  -92.243  -36.875 1.0000000000
5106  24.507  -89.087  -32.197 1.0000000000
4517  10.130  -90.296  -37.909 1.0000000000
4521  0.869  -90.865  -37.159 1.0000000000
147602  24.973  -86.305  -33.022 1.0000000000
5773  24.804  -87.912  -32.177 1.0000000000
155547  0.973  -89.910  -37.174 1.0000000000
6466  2.321  -87.784  -38.960 1.0000000000
7020  25.733  -85.885  -34.429 1.0000000000
5879  2.642  -88.384  -38.423 1.0000000000
7062  1.782  -85.904  -37.476 1.0000000000
7021  24.895  -85.420  -34.710 1.0000000000
4548  12.601  -89.773  -39.308 1.0000000000
8456  0.861  -84.895  -35.667 1.0000000000
3926  13.340  -90.213  -40.473 1.0000000000
152956  2.427  -78.998  -34.867 0.4000000060
11437  2.484  -80.635  -35.651 0.6000000238
9936  2.118  -82.167  -35.410 0.8999999762
3368  13.840  -91.522  -40.251 1.0000000000
3387  13.271  -91.561  -41.722 1.0000000000
5872  23.662  -87.817  -38.699 1.0000000000
4574  12.771  -90.056  -41.970 1.0000000000
4593  12.145  -89.821  -42.370 0.8999999762
5889  23.861  -88.070  -39.442 1.0000000000
5214  23.839  -88.925  -39.841 1.0000000000
6532  10.731  -87.516  -44.031 0.8999999762
7172  9.539  -86.172  -45.594 0.6999999881
7886  9.057  -85.449  -46.131 0.5000000000
5900  24.121  -88.291  -40.168 1.0000000000
5235  23.917  -90.077  -41.182 1.0000000000
3950  23.720  -91.398  -42.846 1.0000000000
7192  7.645  -86.042  -46.272 0.5000000000
7906  7.258  -85.322  -46.336 0.6000000238
4572  24.067  -89.911  -41.932 1.0000000000
3958  23.861  -91.093  -44.095 1.0000000000
4606  24.167  -90.248  -43.472 1.0000000000
4613  24.066  -90.365  -44.192 1.0000000000
10856  31.963  -81.738  -48.236 0.8000000119
10124  31.190  -82.002  -48.296 0.8000000119
155074  29.601  -82.751  -48.363 0.8000000119
9335  27.042  -83.954  -48.343 0.6999999881
6566  24.615  -87.217  -47.854 1.0000000000
5972  24.400  -87.785  -47.339 1.0000000000
159807  23.583  -88.972  -46.246 1.0000000000
5286  24.710  -88.746  -45.808 1.0000000000
10867  35.537  -81.076  -49.711 0.6999999881
154028  35.120  -81.170  -49.502 0.6999999881
7921  24.439  -86.109  -48.193 1.0000000000
6570  23.874  -87.269  -48.098 0.8999999762
5973  23.605  -88.121  -47.360 1.0000000000
5296  22.716  -89.139  -46.982 1.0000000000
4425  14.475  -90.941  -31.312 1.0000000000
2183  12.300  -94.473  -18.938 1.0000000000
2198  8.163  -94.153  -19.629 1.0000000000
2184  11.340  -94.439  -18.878 1.0000000000
5093  17.263  -89.485  -31.618 1.0000000000
3233  10.434  -92.521  -29.547 1.0000000000
3131  12.813  -92.911  -20.238 1.0000000000
3662  9.595  -91.399  -20.584 1.0000000000
138491  11.080  -92.194  -20.899 1.0000000000
5113  17.500  -89.877  -32.376 1.0000000000
3738  7.309  -91.349  -27.679 1.0000000000
3133  10.082  -92.043  -20.977 1.0000000000
4441  17.607  -90.388  -33.011 1.0000000000
163986  5.876  -91.248  -26.752 1.0000000000
164310  6.018  -91.539  -27.736 1.0000000000
3664  8.076  -90.984  -20.801 1.0000000000
3673  9.228  -91.835  -21.083 1.0000000000
4956  6.972  -89.955  -21.189 1.0000000000
5111  19.949  -90.164  -31.686 1.0000000000
4440  18.353  -90.305  -32.493 1.0000000000
3713  5.892  -91.212  -25.448 1.0000000000
3712  6.773  -90.812  -25.279 1.0000000000
3159  8.494  -92.328  -22.608 1.0000000000
5089  21.381  -89.616  -31.253 1.0000000000
4340  8.508  -90.108  -23.179 1.0000000000
6369  22.258  -87.861  -30.569 1.0000000000
5775  22.992  -88.947  -31.427 1.0000000000
158251  21.663  -90.123  -31.672 1.0000000000
3690  7.408  -91.351  -23.332 1.0000000000
3146  8.193  -91.745  -22.369 1.0000000000
6367  23.509  -87.905  -31.283 1.0000000000
146635  7.418  -89.271  -36.586 1.0000000000
4500  7.041  -90.009  -36.769 1.0000000000
4502  5.462  -90.815  -36.328 1.0000000000
3863  5.461  -91.262  -36.906 1.0000000000
6983  23.658  -85.617  -31.692 1.0000000000
5774  23.930  -88.491  -31.781 1.0000000000
5194  12.245  -89.364  -37.422 1.0000000000
5196  10.620  -89.971  -37.161 1.0000000000
5197  9.785  -90.188  -37.103 1.0000000000
4499  7.878  -90.089  -36.982 1.0000000000
3879  6.144  -91.235  -37.367 1.0000000000
3864  4.342  -91.803  -36.140 1.0000000000
3315  2.121  -91.889  -35.231 1.0000000000
149292  1.560  -90.262  -35.194 1.0000000000
157052  1.795  -89.826  -35.359 1.0000000000
6378  24.189  -87.388  -31.811 1.0000000000
4516  11.002  -89.958  -37.945 1.0000000000
4518  9.377  -90.686  -37.740 1.0000000000
136693  1.123  -91.105  -36.565 1.0000000000
163219  1.284  -90.177  -36.214 1.0000000000
5853  1.802  -89.583  -36.785 1.0000000000
5851  3.383  -88.390  -37.128 1.0000000000
141701  3.884  -87.841  -36.372 1.0000000000
7689  23.743  -85.172  -32.580 1.0000000000
6992  24.463  -85.797  -32.672 1.0000000000
145754  13.860  -90.032  -37.975 1.0000000000
4533  12.592  -89.854  -38.661 1.0000000000
5865  1.839  -89.039  -38.110 1.0000000000
6458  3.860  -87.334  -37.915 1.0000000000
7074  3.361  -86.711  -38.248 1.0000000000
7735  23.534  -85.323  -34.077 1.0000000000
7712  25.049  -85.537  -34.080 1.0000000000
7768  2.108  -85.979  -36.670 1.0000000000
140866  24.078  -85.491  -34.774 1.0000000000
3892  15.501  -91.654  -38.585 1.0000000000
4531  14.250  -90.608  -38.467 1.0000000000
3910  13.395  -90.487  -39.957 1.0000000000
13064  2.386  -78.004  -33.796 0.4000000060
140502  1.412  -85.302  -34.839 1.0000000000
9152  1.497  -83.615  -34.368 1.0000000000
6400  23.481  -86.332  -35.522 1.0000000000
6420  24.073  -86.570  -36.196 1.0000000000
3341  16.158  -92.018  -38.305 1.0000000000
3909  14.312  -91.622  -39.585 1.0000000000
10693  2.410  -81.370  -35.152 0.8000000119
10688  2.362  -81.783  -33.892 0.8999999762
9915  1.831  -82.767  -33.956 1.0000000000
6421  23.008  -87.207  -36.300 1.0000000000
6440  24.402  -86.562  -36.868 1.0000000000
3353  16.649  -92.546  -38.443 1.0000000000
2849  15.836  -93.026  -39.454 1.0000000000
2876  14.112  -92.609  -40.942 1.0000000000
6453  24.438  -86.740  -37.592 1.0000000000
5204  23.568  -88.784  -39.059 1.0000000000
2865  14.835  -93.026  -40.458 1.0000000000
156226  13.798  -92.416  -41.515 1.0000000000
154224  12.875  -92.002  -42.459 1.0000000000
5191  22.917  -88.996  -37.897 1.0000000000
4529  23.183  -89.490  -38.657 1.0000000000
4544  23.138  -90.326  -39.341 1.0000000000
4559  23.509  -90.640  -40.759 1.0000000000
2891  13.531  -93.172  -42.317 1.0000000000
4615  12.210  -90.462  -44.197 1.0000000000
140896  11.326  -87.436  -44.507 0.8000000119
7885  9.999  -85.435  -45.955 0.6999999881
4510  22.227  -90.580  -37.928 1.0000000000
4573  23.780  -90.624  -41.634 1.0000000000
156292  12.553  -87.944  -45.616 0.8000000119
7901  12.614  -85.033  -46.466 0.6999999881
158200  9.978  -84.208  -46.467 0.4000000060
4545  22.768  -91.015  -39.206 1.0000000000
3925  22.727  -91.804  -40.335 1.0000000000
2882  22.381  -93.335  -42.020 1.0000000000
3394  23.073  -92.788  -42.594 1.0000000000
3398  23.372  -92.555  -43.478 1.0000000000
2893  23.191  -93.104  -43.959 1.0000000000
3959  23.507  -91.465  -44.311 1.0000000000
3406  21.864  -92.707  -45.744 1.0000000000
3405  22.543  -92.322  -45.197 1.0000000000
4614  23.677  -90.677  -44.467 1.0000000000
12386  34.542  -80.049  -48.074 0.6000000238
11591  33.874  -80.583  -48.173 0.6000000238
11592  32.034  -80.678  -48.266 0.6999999881
9334  28.276  -83.617  -48.468 0.8000000119
3966  22.084  -91.357  -46.169 1.0000000000
4620  23.414  -89.556  -45.652 1.0000000000
11590  35.004  -80.782  -49.201 0.6999999881
150485  24.548  -85.235  -48.200 0.6999999881
7210  23.692  -86.500  -48.219 0.8999999762
5977  22.143  -88.326  -48.018 1.0000000000
5297  22.192  -89.163  -47.225 1.0000000000
4621  22.680  -90.058  -46.053 1.0000000000
3775  14.302  -91.281  -30.362 1.0000000000
141318  9.902  -93.494  -18.435 1.0000000000
4416  14.727  -90.917  -29.561 1.0000000000
3125  13.339  -92.492  -19.579 1.0000000000
2638  12.677  -93.806  -18.226 1.0000000000
2640  10.867  -93.772  -18.329 1.0000000000
2641  8.985  -93.254  -18.549 1.0000000000
3231  11.897  -92.317  -29.885 1.0000000000
3650  12.033  -91.169  -20.096 1.0000000000
2651  13.183  -93.701  -18.908 1.0000000000
5094  16.535  -89.639  -31.047 1.0000000000
5073  16.155  -89.812  -29.821 1.0000000000
156289  9.497  -92.350  -29.321 1.0000000000
3766  11.794  -92.070  -29.398 1.0000000000
4291  10.405  -90.414  -19.983 1.0000000000
3126  12.604  -91.958  -20.180 1.0000000000
162049  7.985  -91.443  -27.991 1.0000000000
4307  9.997  -90.961  -20.161 1.0000000000
5763  17.801  -89.113  -31.180 1.0000000000
4309  8.454  -90.606  -20.252 1.0000000000
5760  20.123  -88.972  -30.789 1.0000000000
149621  18.083  -89.622  -31.889 1.0000000000
137459  7.206  -90.887  -26.841 1.0000000000
4381  8.043  -90.663  -26.357 1.0000000000
4360  7.995  -90.576  -25.198 1.0000000000
4948  6.793  -89.536  -20.793 1.0000000000
5615  6.527  -88.861  -20.766 1.0000000000
4969  6.441  -89.437  -21.800 1.0000000000
5090  20.485  -89.637  -31.201 1.0000000000
6286  5.539  -87.987  -21.752 1.0000000000
5649  6.823  -88.778  -23.676 1.0000000000
5667  5.913  -88.999  -24.398 1.0000000000
6358  21.513  -87.414  -30.095 1.0000000000
5759  21.026  -88.950  -30.859 1.0000000000
4349  8.960  -90.016  -23.913 1.0000000000
5648  7.741  -88.944  -23.208 1.0000000000
4975  9.400  -88.999  -23.874 1.0000000000
4976  8.552  -89.432  -23.230 1.0000000000
6984  23.166  -86.144  -30.903 1.0000000000
161336  9.404  -88.844  -36.750 1.0000000000
159585  4.657  -91.398  -35.644 1.0000000000
3296  3.343  -92.166  -34.746 1.0000000000
5183  10.064  -89.275  -36.877 1.0000000000
4471  1.677  -90.325  -34.384 1.0000000000
5149  1.763  -89.864  -34.816 1.0000000000
7673  22.949  -85.239  -31.187 1.0000000000
149738  3.188  -88.481  -36.262 1.0000000000
5180  12.708  -89.064  -36.844 1.0000000000
7776  3.768  -85.873  -37.683 1.0000000000
7714  22.785  -85.091  -33.425 1.0000000000
4513  14.636  -90.285  -37.778 1.0000000000
7755  2.684  -85.789  -36.032 1.0000000000
7024  22.032  -86.570  -34.268 1.0000000000
3874  16.686  -91.246  -37.232 1.0000000000
13903  2.370  -76.765  -32.227 0.3000000119
7756  1.690  -85.726  -35.657 1.0000000000
8431  1.477  -84.721  -33.541 1.0000000000
7022  23.283  -85.866  -34.731 1.0000000000
9140  1.727  -83.240  -33.085 1.0000000000
5824  22.236  -87.797  -36.032 1.0000000000
5173  22.651  -88.571  -37.262 1.0000000000
2832  17.874  -93.005  -37.941 1.0000000000
2862  17.075  -93.848  -39.156 1.0000000000
2404  15.953  -93.946  -40.123 1.0000000000
2435  13.725  -93.860  -42.787 1.0000000000
160593  22.302  -90.030  -37.406 1.0000000000
2895  13.436  -93.342  -43.361 1.0000000000
162972  12.953  -90.912  -44.858 1.0000000000
3908  21.800  -92.168  -39.094 1.0000000000
6563  13.770  -87.227  -46.372 0.6999999881
7189  13.517  -86.288  -46.391 0.6000000238
143003  22.044  -92.394  -39.969 1.0000000000
2883  21.730  -93.759  -41.587 1.0000000000
2432  22.008  -94.129  -42.398 1.0000000000
2441  21.532  -94.582  -44.341 1.0000000000
2902  20.665  -93.960  -46.107 1.0000000000
2901  21.493  -93.554  -45.507 1.0000000000
156549  32.853  -80.319  -48.177 0.6000000238
10857  31.444  -81.247  -48.333 0.6999999881
10859  29.448  -81.857  -48.371 0.8000000119
147082  26.614  -83.164  -48.268 0.6999999881
9336  25.322  -83.934  -48.185 0.8000000119
2905  20.182  -93.397  -46.556 1.0000000000
3420  20.724  -91.685  -47.173 1.0000000000
3411  21.393  -92.073  -46.417 1.0000000000
143251  31.205  -80.467  -48.316 0.6999999881
142160  29.768  -80.929  -48.358 0.6999999881
10128  27.136  -82.214  -48.284 0.6999999881
147758  25.649  -83.098  -48.182 0.6999999881
148701  24.588  -84.273  -48.187 0.6999999881
5978  21.302  -88.799  -48.130 0.8999999762
3973  20.901  -90.825  -47.323 0.8999999762
4628  21.559  -90.333  -47.076 0.8999999762
12389  31.514  -79.207  -48.146 0.6000000238
8624  23.809  -84.622  -48.216 0.6999999881
6571  22.361  -87.474  -48.213 0.8000000119
5979  20.570  -88.590  -48.280 0.6999999881
136635  29.669  -79.820  -48.182 0.6000000238
3648  13.721  -92.093  -18.979 1.0000000000
2637  13.206  -93.504  -18.297 1.0000000000
5055  15.715  -89.798  -28.749 1.0000000000
4404  15.021  -90.461  -28.793 1.0000000000
3746  13.729  -91.169  -28.967 1.0000000000
3747  13.032  -91.258  -28.945 1.0000000000
5600  10.034  -89.037  -19.911 1.0000000000
163898  18.236  -88.357  -30.106 1.0000000000
3751  9.617  -91.106  -28.293 1.0000000000
3767  10.079  -91.697  -28.897 1.0000000000
6274  8.336  -88.285  -20.280 1.0000000000
141982  8.096  -90.926  -27.329 1.0000000000
6276  6.557  -88.186  -20.906 1.0000000000
5743  19.805  -88.350  -30.259 1.0000000000
4373  8.991  -90.318  -25.741 1.0000000000
4359  9.050  -90.157  -24.737 1.0000000000
5650  4.895  -88.795  -22.660 1.0000000000
4999  10.083  -89.188  -24.860 1.0000000000
4980  4.288  -88.986  -23.871 1.0000000000
6345  20.977  -86.572  -29.563 1.0000000000
6359  20.414  -87.545  -29.907 1.0000000000
6973  22.548  -85.614  -30.456 1.0000000000
5647  8.750  -88.847  -23.654 1.0000000000
5849  9.611  -88.119  -36.567 1.0000000000
5166  6.863  -88.907  -35.400 1.0000000000
147563  5.671  -90.210  -35.266 1.0000000000
3834  4.011  -91.905  -34.330 1.0000000000
8374  22.059  -84.523  -31.355 1.0000000000
5181  11.863  -89.143  -36.872 1.0000000000
3816  5.053  -91.109  -33.587 1.0000000000
3818  3.324  -92.074  -33.634 1.0000000000
5130  1.783  -89.768  -33.761 1.0000000000
5813  2.688  -88.750  -34.678 1.0000000000
8407  21.394  -84.775  -32.215 1.0000000000
8406  22.509  -84.647  -32.014 1.0000000000
5178  14.569  -89.343  -36.728 1.0000000000
152617  2.505  -88.871  -33.749 1.0000000000
6430  3.954  -87.656  -35.321 1.0000000000
162595  22.130  -85.217  -33.136 1.0000000000
161217  4.609  -86.356  -37.196 1.0000000000
140430  15.962  -90.077  -36.729 1.0000000000
7775  4.702  -85.040  -36.914 1.0000000000
7742  2.394  -85.747  -34.884 1.0000000000
141244  16.695  -90.540  -36.611 1.0000000000
7743  1.871  -85.359  -34.028 1.0000000000
158215  17.989  -92.143  -37.103 1.0000000000
5802  22.065  -87.697  -35.301 1.0000000000
10678  2.461  -81.892  -32.414 1.0000000000
5157  21.541  -88.804  -35.761 1.0000000000
5175  21.598  -89.395  -36.177 1.0000000000
153750  17.882  -94.074  -39.102 1.0000000000
2402  17.481  -94.372  -39.718 1.0000000000
2005  15.977  -95.373  -41.896 1.0000000000
2438  14.197  -94.538  -43.258 1.0000000000
3870  21.609  -91.232  -37.766 1.0000000000
159670  21.001  -92.632  -38.822 1.0000000000
3377  20.902  -93.142  -39.496 1.0000000000
2027  15.033  -95.172  -44.250 1.0000000000
3419  13.866  -91.336  -44.600 1.0000000000
5288  14.324  -90.057  -45.902 0.8000000119
2884  21.037  -94.088  -41.169 1.0000000000
3971  14.659  -90.572  -45.476 0.8999999762
153096  14.408  -87.752  -46.521 0.6999999881
155588  14.282  -86.476  -46.522 0.6000000238
2872  21.512  -93.428  -40.792 1.0000000000
2424  21.308  -94.452  -42.019 1.0000000000
152561  15.211  -87.793  -46.698 0.6000000238
163560  13.136  -84.694  -46.629 0.4000000060
2014  19.064  -95.527  -43.559 1.0000000000
157180  14.228  -84.855  -46.759 0.5000000000
9318  12.838  -83.211  -47.060 0.3000000119
2906  19.242  -93.459  -46.498 1.0000000000
2460  18.175  -94.017  -45.917 1.0000000000
2452  18.041  -94.274  -45.149 1.0000000000
10104  9.945  -82.292  -45.920 0.2000000030
3413  18.877  -92.837  -46.651 1.0000000000
3414  18.331  -93.152  -46.075 0.8999999762
3407  16.967  -93.030  -45.053 0.8000000119
8594  7.269  -83.889  -45.752 0.3000000119
11595  29.056  -80.197  -48.263 0.6000000238
156790  26.473  -81.217  -48.204 0.6999999881
5980  19.666  -88.337  -48.191 0.6000000238
5303  20.382  -89.797  -47.957 0.8999999762
3422  19.259  -92.114  -47.079 0.8000000119
3962  18.542  -92.682  -45.727 0.6999999881
7859  5.789  -85.401  -44.135 0.3000000119
10130  25.015  -82.066  -48.079 0.6999999881
158068  22.703  -84.279  -48.215 0.6000000238
6572  21.386  -87.843  -48.285 0.6999999881
12391  28.933  -79.622  -48.046 0.6000000238
141943  13.850  -91.303  -17.716 1.0000000000
3623  13.602  -92.047  -17.377 1.0000000000
3100  11.734  -92.584  -17.193 1.0000000000
3102  9.973  -92.246  -17.508 1.0000000000
5599  11.756  -89.002  -20.060 1.0000000000
4289  12.736  -90.530  -19.860 1.0000000000
3099  12.770  -92.730  -17.202 1.0000000000
2627  11.343  -93.294  -17.737 1.0000000000
151151  16.786  -87.143  -28.572 1.0000000000
6336  15.574  -88.282  -28.481 1.0000000000
5721  16.512  -88.404  -28.518 1.0000000000
5041  14.155  -90.113  -28.599 1.0000000000
5042  13.527  -90.009  -28.811 1.0000000000
6272  10.910  -87.944  -20.596 1.0000000000
5612  10.390  -88.410  -20.299 1.0000000000
154369  17.642  -86.820  -28.666 1.0000000000
5720  17.198  -88.177  -28.741 1.0000000000
6951  18.878  -85.612  -28.554 1.0000000000
141781  11.014  -90.140  -28.637 1.0000000000
6899  9.932  -87.032  -20.947 1.0000000000
140209  9.117  -87.638  -20.613 1.0000000000
6347  18.627  -87.036  -29.113 1.0000000000
6360  19.379  -87.579  -29.724 1.0000000000
5732  17.727  -88.246  -29.425 1.0000000000
4371  10.279  -89.776  -27.304 1.0000000000
5013  10.236  -89.317  -25.502 1.0000000000
6283  8.156  -87.531  -20.741 1.0000000000
7630  19.995  -84.478  -28.890 1.0000000000
6963  19.386  -86.289  -28.923 1.0000000000
5682  9.520  -88.508  -24.873 1.0000000000
6919  6.152  -86.739  -22.666 1.0000000000
6299  4.176  -87.869  -23.348 1.0000000000
6962  20.390  -85.895  -29.156 1.0000000000
6346  20.016  -86.839  -29.389 1.0000000000
6285  6.402  -87.589  -21.532 1.0000000000
6933  4.329  -87.085  -24.754 1.0000000000
8363  20.732  -84.176  -29.910 1.0000000000
7658  21.852  -85.103  -30.095 1.0000000000
147998  8.048  -88.469  -25.113 1.0000000000
6305  3.578  -88.227  -24.668 1.0000000000
8390  21.268  -84.389  -31.355 1.0000000000
5831  11.766  -87.340  -36.183 1.0000000000
6442  10.936  -87.579  -36.451 1.0000000000
6428  9.413  -87.217  -35.420 1.0000000000
5147  7.377  -88.719  -34.659 1.0000000000
4469  6.006  -90.088  -34.597 1.0000000000
7674  20.498  -84.838  -31.929 1.0000000000
3797  3.618  -91.717  -32.660 1.0000000000
3798  2.925  -91.679  -32.245 1.0000000000
4449  1.894  -90.483  -32.242 1.0000000000
5164  14.849  -89.082  -36.066 1.0000000000
5846  12.321  -88.412  -36.503 1.0000000000
5780  1.968  -89.211  -32.529 1.0000000000
5794  3.167  -88.165  -33.996 1.0000000000
6411  4.452  -87.031  -35.079 1.0000000000
7692  20.683  -85.427  -32.626 1.0000000000
6429  4.795  -86.614  -35.958 1.0000000000
7060  5.119  -85.345  -36.714 1.0000000000
8455  3.557  -85.151  -35.683 1.0000000000
140271  2.673  -85.620  -33.884 1.0000000000
7683  1.957  -85.134  -31.709 1.0000000000
6386  21.251  -86.907  -33.920 1.0000000000
4479  19.461  -90.398  -35.539 1.0000000000
162859  18.188  -89.832  -35.208 1.0000000000
8417  1.626  -84.993  -32.771 1.0000000000
10662  2.844  -81.244  -30.329 0.8999999762
9890  2.297  -82.456  -31.650 0.8000000119
9111  1.869  -84.135  -31.090 1.0000000000
6402  21.698  -87.364  -34.696 1.0000000000
5141  20.527  -89.110  -34.896 1.0000000000
4478  20.309  -90.286  -35.649 1.0000000000
3860  18.907  -91.650  -36.486 1.0000000000
11405  2.913  -80.603  -29.943 0.6999999881
10672  2.632  -81.500  -31.654 0.8000000119
4477  21.028  -90.027  -35.824 1.0000000000
4491  20.661  -90.827  -36.257 1.0000000000
148252  20.242  -92.841  -38.404 1.0000000000
2401  18.309  -94.424  -39.699 1.0000000000
1993  17.409  -95.222  -40.847 1.0000000000
142505  2.347  -79.006  -29.977 0.5000000000
3857  21.202  -91.077  -36.957 1.0000000000
2860  20.248  -93.558  -39.453 1.0000000000
1992  18.230  -95.230  -40.880 1.0000000000
156086  14.103  -92.692  -44.660 1.0000000000
142973  15.247  -90.107  -46.361 0.8999999762
2873  20.761  -93.682  -40.249 1.0000000000
161867  19.739  -95.598  -41.925 1.0000000000
1609  16.417  -95.460  -43.774 1.0000000000
5293  14.887  -89.354  -46.487 0.8000000119
2016  17.659  -95.480  -43.423 1.0000000000
2026  16.624  -94.954  -44.408 1.0000000000
142633  15.547  -92.245  -45.365 1.0000000000
3969  15.630  -91.155  -46.000 0.8999999762
135977  16.441  -91.392  -45.613 0.8000000119
135949  16.127  -90.079  -46.553 0.8000000119
153868  16.467  -86.956  -46.573 0.6000000238
7188  15.167  -86.064  -46.597 0.5000000000
9316  14.169  -83.402  -46.873 0.3000000119
9319  11.039  -82.985  -47.043 0.2000000030
154426  17.803  -92.997  -44.028 0.6000000238
154493  16.999  -92.718  -44.923 0.6000000238
10101  13.224  -82.360  -46.124 0.2000000030
10861  27.753  -80.654  -48.246 0.5000000000
5299  19.498  -89.791  -47.865 0.8000000119
136206  18.652  -90.255  -46.496 0.6000000238
135959  19.104  -92.527  -44.636 0.6000000238
135932  18.577  -92.974  -43.836 0.5000000000
154239  11.386  -82.379  -46.526 0.2000000030
11597  27.473  -80.029  -48.019 0.6000000238
10864  24.510  -81.379  -47.994 0.5000000000
10131  24.059  -82.097  -48.026 0.5000000000
150657  21.894  -84.712  -48.271 0.4000000060
159940  20.504  -86.048  -48.253 0.6000000238
7924  20.583  -85.212  -48.223 0.4000000060
5975  18.800  -87.951  -47.783 0.6000000238
143504  13.692  -91.298  -17.084 1.0000000000
4932  13.111  -89.750  -19.724 1.0000000000
5597  13.460  -89.010  -19.612 1.0000000000
3103  9.035  -92.040  -17.830 1.0000000000
5598  12.778  -88.707  -20.107 1.0000000000
6349  16.025  -87.350  -28.695 1.0000000000
5734  14.871  -88.661  -28.634 1.0000000000
6909  10.619  -86.636  -21.564 1.0000000000
7561  10.318  -86.039  -22.066 1.0000000000
6350  15.271  -87.839  -28.988 1.0000000000
5056  13.663  -89.653  -29.045 1.0000000000
5058  11.664  -89.162  -29.737 1.0000000000
5043  11.925  -89.973  -29.096 1.0000000000
7633  17.692  -85.399  -28.714 1.0000000000
7634  16.994  -85.539  -29.088 1.0000000000
5075  12.399  -89.284  -30.253 1.0000000000
5044  11.411  -89.434  -29.083 1.0000000000
6911  8.098  -86.884  -21.350 1.0000000000
6917  8.130  -86.407  -22.170 1.0000000000
5025  10.774  -89.018  -27.551 1.0000000000
153423  10.397  -88.579  -26.048 1.0000000000
7578  7.715  -85.764  -23.785 1.0000000000
7587  7.529  -85.628  -24.582 1.0000000000
8353  18.513  -84.291  -28.807 1.0000000000
7646  17.351  -84.655  -29.226 1.0000000000
5683  8.866  -88.300  -25.410 1.0000000000
6930  6.808  -85.917  -23.934 1.0000000000
6937  5.954  -86.131  -25.111 1.0000000000
7609  6.667  -85.690  -26.703 1.0000000000
9097  19.583  -83.661  -29.988 1.0000000000
9099  17.968  -83.710  -29.895 1.0000000000
5000  5.076  -89.254  -25.086 1.0000000000
6938  5.082  -86.483  -25.379 1.0000000000
6943  5.066  -86.497  -26.322 1.0000000000
5793  8.841  -88.676  -34.105 1.0000000000
161515  5.494  -90.721  -32.150 1.0000000000
4430  4.066  -91.203  -31.383 1.0000000000
6939  4.269  -86.974  -25.654 1.0000000000
143529  20.241  -84.313  -31.235 1.0000000000
7027  13.283  -85.522  -34.468 1.0000000000
6425  11.630  -86.424  -35.581 1.0000000000
7044  9.784  -86.842  -35.110 1.0000000000
5810  8.139  -88.078  -34.776 1.0000000000
152432  7.421  -89.418  -33.836 1.0000000000
5129  6.918  -89.996  -33.555 1.0000000000
3796  4.589  -91.277  -32.753 1.0000000000
4420  2.875  -90.734  -30.247 1.0000000000
7675  19.561  -84.856  -31.740 1.0000000000
6407  13.787  -86.424  -34.845 1.0000000000
6426  10.807  -86.732  -35.863 1.0000000000
5148  6.652  -89.408  -34.464 1.0000000000
3783  3.425  -91.461  -31.763 1.0000000000
4432  2.212  -90.627  -31.595 1.0000000000
6391  15.850  -86.729  -33.810 1.0000000000
6405  15.517  -87.195  -34.374 1.0000000000
6424  13.365  -87.020  -35.429 1.0000000000
5768  1.867  -89.446  -31.697 1.0000000000
7693  19.786  -85.472  -32.395 1.0000000000
6995  18.290  -86.070  -32.620 1.0000000000
6390  16.608  -87.092  -33.774 1.0000000000
5827  15.711  -88.480  -35.361 1.0000000000
5828  14.790  -88.382  -35.598 1.0000000000
5795  2.919  -88.461  -33.182 1.0000000000
6395  4.252  -87.344  -33.469 1.0000000000
7032  5.030  -86.355  -34.978 1.0000000000
6388  18.974  -87.471  -33.567 1.0000000000
141622  18.025  -87.328  -33.586 1.0000000000
5788  17.646  -88.084  -34.170 1.0000000000
7753  5.876  -84.268  -35.531 1.0000000000
9172  4.977  -83.880  -36.430 1.0000000000
8441  4.152  -84.542  -34.416 1.0000000000
141567  20.356  -86.852  -33.479 1.0000000000
5787  18.538  -88.117  -33.927 1.0000000000
5826  16.498  -88.740  -35.200 1.0000000000
144236  16.106  -89.127  -35.775 1.0000000000
159971  3.626  -85.183  -33.766 1.0000000000
8416  3.837  -85.093  -32.869 1.0000000000
5786  19.431  -88.134  -33.925 1.0000000000
5143  18.385  -89.297  -34.717 1.0000000000
4481  17.013  -90.160  -35.968 1.0000000000
137697  2.321  -84.236  -29.998 1.0000000000
5785  20.304  -88.054  -34.037 1.0000000000
5142  19.739  -89.164  -34.632 1.0000000000
12170  3.012  -79.688  -28.369 0.5000000000
2032  15.148  -94.724  -45.202 1.0000000000
163583  14.623  -91.583  -44.893 0.8999999762
12997  2.696  -78.748  -28.245 0.4000000060
6562  16.136  -87.863  -46.774 0.6999999881
135538  16.842  -88.026  -44.481 0.3000000119
136706  17.260  -87.836  -45.975 0.3000000119
162054  16.927  -90.798  -44.754 0.3000000119
136224  17.601  -89.034  -45.371 0.4000000060
10133  22.280  -82.421  -47.787 0.4000000060
154499  19.255  -92.817  -42.987 0.3000000119
154478  17.597  -92.802  -42.834 0.2000000030
154769  16.856  -92.253  -44.163 0.4000000060
135540  18.065  -89.409  -46.097 0.3000000119
136270  18.668  -90.009  -45.717 0.4000000060
10865  23.737  -81.738  -47.715 0.4000000060
143173  18.594  -88.724  -47.454 0.6000000238
4270  13.950  -90.451  -18.182 1.0000000000
4234  12.798  -90.511  -16.036 1.0000000000
144425  11.358  -91.111  -16.397 1.0000000000
139678  9.073  -90.703  -17.302 1.0000000000
6270  12.902  -87.991  -20.457 1.0000000000
4920  13.971  -89.775  -17.708 1.0000000000
4255  6.434  -90.205  -18.298 1.0000000000
6271  11.769  -87.906  -20.699 1.0000000000
7560  11.163  -86.101  -21.993 1.0000000000
6965  16.067  -86.444  -29.511 1.0000000000
5745  14.668  -88.324  -29.620 1.0000000000
8311  10.649  -84.910  -24.892 1.0000000000
7576  9.732  -85.517  -23.689 1.0000000000
6362  15.137  -87.362  -30.298 1.0000000000
5764  14.547  -88.024  -30.990 1.0000000000
5059  11.003  -88.696  -29.354 1.0000000000
8334  10.239  -84.471  -26.596 1.0000000000
8324  9.434  -84.774  -25.928 1.0000000000
8380  16.595  -84.665  -29.785 1.0000000000
5748  10.714  -88.460  -30.181 1.0000000000
6351  10.159  -87.866  -28.893 1.0000000000
6327  10.304  -87.960  -27.643 1.0000000000
6319  9.711  -88.010  -26.480 1.0000000000
7607  8.216  -84.963  -26.500 1.0000000000
7598  6.864  -85.674  -25.767 1.0000000000
161725  16.781  -84.188  -30.405 1.0000000000
6329  9.057  -88.002  -27.077 1.0000000000
140862  8.110  -88.365  -26.004 1.0000000000
153660  7.196  -88.557  -25.735 1.0000000000
7619  7.922  -84.920  -27.347 1.0000000000
159094  7.209  -85.381  -27.234 1.0000000000
7636  6.811  -85.452  -28.381 1.0000000000
158950  5.864  -86.176  -27.714 1.0000000000
5699  6.461  -88.922  -26.374 1.0000000000
7648  7.336  -84.837  -29.621 1.0000000000
6967  5.792  -86.072  -29.125 1.0000000000
8397  6.911  -84.474  -31.915 1.0000000000
9912  6.746  -82.650  -33.187 1.0000000000
8392  18.592  -84.191  -30.988 1.0000000000
6948  5.047  -86.551  -27.311 1.0000000000
9904  6.441  -82.454  -33.124 1.0000000000
7012  15.489  -85.749  -33.452 1.0000000000
7736  13.675  -85.034  -33.773 1.0000000000
7737  12.822  -85.105  -33.906 1.0000000000
7030  10.646  -86.420  -34.454 1.0000000000
137479  7.574  -89.883  -33.037 1.0000000000
4428  6.383  -90.261  -31.671 1.0000000000
4418  5.037  -90.556  -30.608 1.0000000000
6949  4.181  -87.001  -27.268 1.0000000000
7025  15.050  -86.264  -34.020 1.0000000000
4407  3.324  -90.529  -29.609 1.0000000000
6996  17.440  -85.991  -32.661 1.0000000000
5752  2.040  -89.106  -30.122 1.0000000000
5766  2.794  -88.447  -31.611 1.0000000000
6382  4.083  -87.510  -32.703 1.0000000000
7031  5.336  -86.088  -34.069 1.0000000000
7741  5.761  -85.279  -34.411 1.0000000000
148163  4.884  -83.267  -35.262 1.0000000000
8430  4.355  -84.239  -33.740 1.0000000000
9865  2.471  -83.103  -29.398 0.8999999762
8399  2.984  -85.202  -31.011 1.0000000000
9864  2.823  -82.205  -29.014 0.8999999762
10652  2.994  -81.282  -29.506 0.8999999762
12155  3.111  -79.649  -27.050 0.6000000238
4895  13.641  -89.089  -16.075 1.0000000000
4896  13.084  -89.469  -15.737 1.0000000000
147286  13.550  -90.024  -16.270 1.0000000000
4235  11.717  -90.481  -16.092 1.0000000000
3611  9.949  -90.835  -16.951 1.0000000000
6269  13.866  -87.704  -20.031 1.0000000000
5586  14.182  -88.495  -18.769 1.0000000000
7574  11.563  -85.516  -23.089 1.0000000000
148902  12.028  -86.061  -21.980 1.0000000000
8310  11.603  -84.807  -24.743 1.0000000000
8322  11.287  -84.640  -25.625 1.0000000000
6370  14.738  -87.167  -31.196 1.0000000000
5747  13.335  -89.018  -31.496 1.0000000000
9082  10.984  -83.366  -28.069 1.0000000000
8344  10.223  -84.070  -27.487 1.0000000000
7660  15.277  -85.524  -30.815 1.0000000000
5725  9.728  -88.050  -29.340 1.0000000000
159575  8.528  -88.201  -28.246 1.0000000000
8346  8.658  -84.468  -27.958 1.0000000000
161194  8.548  -83.957  -29.640 1.0000000000
139040  8.653  -83.440  -30.445 1.0000000000
8381  16.098  -84.426  -30.717 1.0000000000
5698  7.368  -88.545  -26.639 1.0000000000
8368  7.968  -84.476  -29.179 1.0000000000
8367  7.961  -84.232  -29.999 1.0000000000
9114  7.779  -83.064  -31.783 1.0000000000
9887  7.693  -82.197  -31.828 1.0000000000
5001  4.183  -89.174  -25.236 1.0000000000
6313  3.415  -88.071  -25.475 1.0000000000
137433  7.665  -83.739  -31.523 1.0000000000
8413  7.359  -83.549  -32.274 1.0000000000
8393  17.715  -84.291  -31.158 1.0000000000
7663  6.143  -85.654  -30.725 1.0000000000
7681  5.904  -85.678  -31.580 1.0000000000
8429  6.646  -83.819  -33.555 1.0000000000
7697  15.704  -84.714  -32.382 1.0000000000
8427  14.503  -84.594  -32.608 1.0000000000
7719  13.429  -84.851  -33.242 1.0000000000
6998  12.054  -86.327  -33.284 1.0000000000
5791  10.355  -88.116  -33.971 1.0000000000
5119  8.290  -89.642  -32.740 1.0000000000
5102  6.819  -89.977  -31.067 1.0000000000
5081  5.523  -90.125  -29.953 1.0000000000
6956  5.421  -86.387  -28.262 1.0000000000
7695  17.773  -85.226  -31.940 1.0000000000
7696  16.639  -85.130  -32.275 1.0000000000
162367  2.431  -89.497  -29.318 1.0000000000
156240  16.726  -85.974  -32.836 1.0000000000
6354  2.581  -88.494  -29.732 1.0000000000
5751  2.627  -88.506  -30.628 1.0000000000
6372  4.123  -87.376  -31.073 1.0000000000
144910  4.684  -86.825  -33.019 1.0000000000
8452  6.170  -83.611  -35.058 1.0000000000
9139  5.097  -83.129  -33.748 1.0000000000
8398  4.082  -85.078  -31.291 1.0000000000
9104  2.324  -84.013  -29.087 1.0000000000
8371  2.704  -84.566  -29.473 1.0000000000
10625  3.381  -81.388  -27.718 1.0000000000
11378  3.438  -80.547  -27.329 0.6999999881
12953  2.730  -78.599  -25.843 0.5000000000
5574  14.119  -88.444  -16.653 1.0000000000
5562  12.561  -88.653  -15.664 1.0000000000
140127  11.449  -88.858  -15.802 1.0000000000
6906  14.467  -86.452  -20.792 1.0000000000
149887  14.140  -88.958  -17.716 1.0000000000
4237  10.160  -90.171  -16.505 1.0000000000
6907  13.398  -86.699  -21.393 1.0000000000
6260  14.343  -87.742  -19.289 1.0000000000
4910  8.694  -89.743  -17.290 1.0000000000
8294  12.897  -84.812  -23.883 1.0000000000
7567  12.468  -85.675  -22.672 1.0000000000
4921  5.798  -89.533  -18.371 0.8999999762
8309  12.560  -84.611  -24.690 1.0000000000
9064  11.856  -84.148  -26.293 1.0000000000
5765  13.996  -88.399  -31.739 1.0000000000
158985  12.771  -89.111  -32.046 1.0000000000
156780  11.588  -83.785  -27.054 1.0000000000
9090  10.592  -82.782  -29.095 1.0000000000
5097  11.381  -89.184  -31.542 1.0000000000
9871  9.842  -82.009  -30.253 1.0000000000
9107  8.820  -82.665  -30.953 1.0000000000
5700  5.479  -89.295  -26.065 1.0000000000
10650  8.360  -81.551  -30.240 1.0000000000
9886  8.379  -81.885  -31.263 1.0000000000
10661  7.455  -81.811  -30.970 1.0000000000
9888  6.799  -82.099  -31.936 1.0000000000
8395  15.643  -84.467  -31.553 1.0000000000
7678  14.591  -85.147  -31.443 1.0000000000
9873  6.692  -82.276  -30.987 1.0000000000
9874  5.892  -83.195  -30.526 1.0000000000
145606  5.780  -83.749  -28.104 1.0000000000
8394  16.616  -84.280  -31.116 1.0000000000
6381  12.400  -87.465  -33.235 1.0000000000
156899  11.037  -89.295  -33.144 1.0000000000
5099  9.622  -89.410  -31.815 1.0000000000
9889  6.089  -82.635  -31.548 1.0000000000
5126  10.442  -89.082  -33.587 1.0000000000
5100  8.501  -89.572  -31.836 1.0000000000
148869  7.261  -89.577  -30.727 1.0000000000
6957  4.529  -86.804  -27.998 1.0000000000
148413  5.440  -86.314  -30.028 1.0000000000
4406  4.405  -90.458  -29.749 1.0000000000
5065  2.808  -90.127  -28.926 1.0000000000
149102  6.400  -84.629  -33.086 1.0000000000
6364  3.281  -87.880  -30.331 1.0000000000
9923  5.928  -82.776  -34.632 1.0000000000
9905  5.756  -82.564  -33.123 1.0000000000
9108  5.394  -83.676  -31.109 1.0000000000
9116  4.864  -84.107  -31.668 1.0000000000
9109  4.474  -84.599  -30.689 1.0000000000
9819  2.584  -83.357  -26.973 1.0000000000
8350  2.761  -84.533  -27.691 1.0000000000
8384  3.464  -85.090  -30.415 1.0000000000
150298  3.535  -81.873  -25.251 0.8999999762
156068  3.613  -81.021  -25.331 0.8999999762
11371  3.459  -80.459  -26.505 0.6999999881
6895  15.009  -86.078  -19.825 1.0000000000
6879  14.880  -86.220  -18.195 1.0000000000
5563  11.697  -87.983  -16.053 1.0000000000
8265  15.691  -84.117  -20.727 1.0000000000
143375  15.257  -85.150  -19.696 1.0000000000
6248  14.758  -87.115  -17.905 1.0000000000
162086  10.598  -89.006  -16.116 1.0000000000
5576  9.200  -88.364  -17.021 1.0000000000
8266  15.388  -85.036  -20.562 1.0000000000
7558  14.030  -86.027  -21.654 1.0000000000
4909  9.257  -89.238  -16.944 1.0000000000
9029  15.923  -83.450  -22.190 1.0000000000
8292  14.756  -84.448  -23.206 1.0000000000
8282  13.188  -85.127  -23.121 1.0000000000
147913  8.414  -88.888  -17.371 1.0000000000
5589  5.578  -88.160  -18.348 1.0000000000
9053  13.061  -84.045  -25.340 1.0000000000
8308  13.458  -84.368  -24.452 1.0000000000
5579  4.663  -88.205  -17.864 0.8999999762
4238  4.813  -89.958  -16.350 0.8999999762
9080  13.116  -82.745  -27.387 1.0000000000
137708  5.887  -89.852  -14.939 0.6999999881
5750  9.348  -88.524  -30.183 1.0000000000
9833  12.099  -82.169  -28.220 1.0000000000
10647  10.349  -81.784  -29.507 1.0000000000
5738  8.230  -88.433  -28.811 1.0000000000
5711  6.743  -88.905  -27.250 1.0000000000
10639  9.322  -81.550  -29.309 1.0000000000
9850  7.871  -82.207  -28.542 1.0000000000
6986  13.704  -86.334  -32.154 1.0000000000
6380  13.012  -88.080  -33.060 1.0000000000
9851  7.087  -82.605  -28.644 1.0000000000
9862  7.011  -82.400  -29.551 1.0000000000
5777  12.554  -88.824  -32.688 1.0000000000
5098  10.566  -89.279  -31.735 1.0000000000
5078  8.394  -88.922  -30.134 1.0000000000
9092  6.266  -83.214  -28.885 1.0000000000
7698  14.072  -84.819  -32.081 1.0000000000
6997  12.837  -86.494  -32.766 1.0000000000
146554  8.048  -89.386  -30.871 1.0000000000
5062  7.014  -89.256  -29.425 1.0000000000
5048  5.575  -89.642  -28.464 1.0000000000
5049  4.332  -89.897  -28.051 1.0000000000
9085  5.723  -83.926  -27.346 1.0000000000
5080  6.575  -89.674  -30.212 1.0000000000
152554  4.918  -90.022  -29.062 1.0000000000
5701  3.000  -88.748  -26.866 1.0000000000
6330  3.713  -87.443  -27.679 1.0000000000
6342  2.628  -88.500  -28.858 1.0000000000
6341  3.187  -87.859  -28.384 1.0000000000
6977  5.480  -86.249  -31.038 1.0000000000
9138  6.580  -83.020  -33.876 1.0000000000
6978  4.781  -86.794  -30.595 1.0000000000
6999  5.657  -85.804  -32.325 1.0000000000
7722  6.209  -84.687  -33.852 1.0000000000
6988  4.893  -86.686  -31.470 1.0000000000
7723  5.718  -85.525  -33.662 1.0000000000
140643  3.678  -85.013  -28.851 1.0000000000
9068  2.568  -83.747  -25.732 1.0000000000
8358  3.227  -85.015  -28.159 1.0000000000
9804  2.873  -82.914  -25.430 1.0000000000
11331  3.401  -80.187  -23.944 0.8999999762
12098  3.065  -79.327  -23.660 0.6000000238
7531  14.730  -85.373  -18.126 1.0000000000
147409  13.899  -86.281  -17.136 1.0000000000
6228  12.627  -87.669  -16.065 1.0000000000
5564  10.759  -88.275  -16.216 1.0000000000
6857  12.734  -86.863  -16.609 1.0000000000
9751  15.958  -82.657  -21.385 1.0000000000
9011  15.757  -83.098  -20.466 1.0000000000
146936  8.532  -88.061  -17.317 1.0000000000
6242  7.432  -87.499  -18.010 0.8999999762
9040  15.857  -83.251  -23.319 1.0000000000
9041  15.214  -83.859  -23.530 1.0000000000
6251  6.155  -87.472  -18.321 1.0000000000
137935  15.896  -81.889  -25.329 1.0000000000
155564  15.308  -83.336  -24.299 1.0000000000
6882  4.927  -87.010  -18.005 1.0000000000
4888  4.705  -89.102  -16.581 1.0000000000
11367  15.145  -80.908  -26.490 1.0000000000
9813  14.861  -81.725  -26.600 1.0000000000
5553  5.781  -88.580  -15.321 0.8000000119
4879  6.065  -89.031  -14.830 0.6000000238
10619  12.600  -81.534  -27.602 1.0000000000
10621  10.895  -81.491  -27.855 1.0000000000
10623  8.862  -82.038  -27.717 1.0000000000
9835  8.076  -82.364  -27.700 1.0000000000
9816  8.009  -82.730  -26.115 1.0000000000
9817  7.549  -82.794  -26.880 1.0000000000
9075  6.595  -83.385  -26.910 1.0000000000
5046  7.432  -88.834  -28.775 1.0000000000
6322  3.258  -88.189  -26.369 1.0000000000
9084  6.484  -83.257  -27.924 1.0000000000
5026  6.191  -89.292  -27.875 1.0000000000
163836  4.850  -89.473  -26.532 1.0000000000
5015  3.859  -89.167  -25.934 1.0000000000
9067  5.520  -84.364  -25.621 1.0000000000
141776  4.607  -84.809  -25.991 1.0000000000
8347  4.970  -84.454  -27.809 1.0000000000
142511  5.056  -84.216  -30.106 1.0000000000
161903  4.634  -86.858  -29.793 1.0000000000
8327  3.266  -84.862  -25.036 1.0000000000
8339  3.024  -84.853  -26.549 1.0000000000
8348  3.895  -84.972  -27.552 1.0000000000
9047  2.802  -83.843  -23.872 1.0000000000
9790  3.117  -82.810  -24.401 0.8999999762
7532  13.979  -84.979  -17.888 1.0000000000
137781  12.635  -85.591  -17.294 1.0000000000
6229  11.835  -87.131  -16.567 1.0000000000
6230  10.921  -87.395  -16.547 1.0000000000
6869  9.294  -86.290  -17.392 1.0000000000
145771  15.231  -83.652  -19.114 1.0000000000
8258  15.110  -84.392  -18.859 1.0000000000
140304  11.721  -85.521  -17.277 1.0000000000
6870  8.552  -86.687  -17.514 1.0000000000
11293  15.324  -80.691  -18.308 1.0000000000
11300  15.678  -80.774  -19.703 1.0000000000
9752  15.810  -82.251  -20.231 1.0000000000
9002  15.299  -82.995  -18.909 1.0000000000
155578  15.150  -83.601  -18.468 1.0000000000
6871  7.775  -86.694  -17.912 1.0000000000
7535  6.458  -85.974  -18.158 1.0000000000
12868  14.614  -78.762  -18.976 1.0000000000
11299  15.597  -80.023  -20.401 1.0000000000
11307  15.955  -80.885  -21.731 1.0000000000
10558  16.410  -80.987  -22.712 1.0000000000
9771  16.193  -82.384  -23.481 1.0000000000
7536  5.787  -86.087  -18.112 1.0000000000
12867  14.902  -78.597  -19.839 1.0000000000
12065  15.285  -79.331  -20.119 1.0000000000
11317  16.290  -80.046  -22.458 1.0000000000
151165  16.702  -80.381  -24.014 1.0000000000
9770  16.464  -81.733  -24.035 1.0000000000
12064  15.693  -78.911  -21.207 1.0000000000
12904  16.111  -78.338  -22.974 1.0000000000
12128  16.290  -79.727  -24.988 1.0000000000
11355  15.494  -80.238  -25.801 1.0000000000
141873  5.216  -87.639  -16.072 0.8999999762
5545  6.261  -88.051  -14.708 0.8000000119
13744  15.199  -77.380  -21.146 1.0000000000
12891  15.884  -78.007  -22.148 1.0000000000
12919  15.715  -78.330  -23.464 1.0000000000
12113  14.524  -79.593  -24.579 1.0000000000
11369  13.596  -80.710  -26.588 1.0000000000
10608  11.530  -81.372  -27.193 1.0000000000
11329  12.559  -80.409  -23.801 1.0000000000
11342  12.782  -80.630  -24.883 1.0000000000
10598  10.053  -81.966  -25.920 1.0000000000
9802  8.491  -82.545  -25.301 1.0000000000
9789  7.866  -82.952  -24.569 1.0000000000
9065  7.128  -83.378  -24.975 1.0000000000
8299  5.058  -84.707  -23.095 1.0000000000
9056  5.517  -84.442  -24.753 1.0000000000
8313  4.614  -84.908  -24.010 1.0000000000
157569  3.720  -85.051  -25.629 1.0000000000
10546  4.453  -81.480  -21.298 0.8999999762
150167  3.571  -80.138  -22.371 0.8000000119
8982  13.509  -83.907  -16.741 1.0000000000
8983  12.144  -84.340  -16.761 1.0000000000
8235  11.654  -84.810  -17.153 1.0000000000
8984  11.021  -84.495  -16.756 1.0000000000
6868  10.092  -85.853  -17.362 1.0000000000
10526  15.180  -81.668  -17.993 1.0000000000
141877  15.304  -82.416  -18.360 1.0000000000
9712  14.325  -82.999  -16.883 1.0000000000
8997  12.943  -84.559  -17.004 1.0000000000
8238  8.727  -84.909  -17.860 1.0000000000
7523  7.830  -85.105  -18.090 1.0000000000
12034  14.640  -79.826  -17.208 1.0000000000
10536  15.454  -81.538  -18.664 1.0000000000
9733  15.325  -82.945  -18.623 1.0000000000
8996  14.513  -83.552  -17.348 1.0000000000
12842  14.342  -79.021  -17.624 1.0000000000
12049  15.054  -79.825  -17.892 1.0000000000
8252  6.869  -85.212  -18.125 1.0000000000
147934  12.693  -77.787  -17.730 1.0000000000
12852  14.042  -78.502  -18.384 1.0000000000
8242  5.384  -85.169  -16.791 0.8999999762
7526  5.259  -85.896  -16.953 0.8999999762
161817  5.559  -86.501  -14.422 0.8000000119
13727  13.914  -77.718  -19.226 1.0000000000
13786  15.137  -77.759  -23.226 1.0000000000
12921  14.782  -78.207  -23.464 1.0000000000
12094  13.898  -79.462  -23.742 1.0000000000
11330  11.787  -80.633  -23.386 1.0000000000
14532  14.078  -76.242  -20.606 1.0000000000
13761  14.978  -76.740  -21.568 1.0000000000
14558  14.454  -76.425  -22.292 1.0000000000
10583  11.426  -81.274  -24.804 1.0000000000
10569  10.472  -81.433  -23.745 1.0000000000
10570  9.795  -81.799  -23.324 1.0000000000
9773  9.054  -82.267  -23.806 1.0000000000
9763  9.153  -82.108  -22.826 1.0000000000
9043  7.896  -82.884  -23.030 1.0000000000
9044  7.132  -83.341  -23.296 1.0000000000
9055  6.382  -83.884  -24.458 1.0000000000
9032  6.517  -83.690  -22.681 1.0000000000
8301  3.236  -84.383  -23.581 1.0000000000
8967  11.405  -84.166  -16.199 1.0000000000
8985  10.123  -84.251  -17.101 1.0000000000
154003  9.308  -83.928  -17.329 1.0000000000
144087  14.308  -81.661  -16.211 1.0000000000
9697  13.453  -83.304  -16.327 1.0000000000
8966  12.504  -83.944  -16.271 1.0000000000
144365  11.877  -83.949  -15.603 1.0000000000
8955  11.084  -83.910  -15.354 1.0000000000
144985  9.759  -83.660  -16.727 1.0000000000
8986  8.429  -83.792  -17.369 1.0000000000
12016  13.354  -79.658  -15.847 1.0000000000
11256  14.088  -80.591  -15.915 1.0000000000
154928  13.206  -81.588  -14.858 1.0000000000
8969  8.872  -83.307  -17.036 1.0000000000
142678  13.011  -78.958  -16.581 1.0000000000
142115  14.100  -79.107  -16.954 1.0000000000
8987  7.562  -83.772  -17.401 1.0000000000
8988  6.698  -83.890  -17.317 1.0000000000
7524  6.044  -85.313  -18.115 1.0000000000
144839  4.961  -85.747  -14.624 0.8000000119
13707  12.052  -77.218  -17.404 1.0000000000
13713  13.154  -77.482  -18.568 1.0000000000
14507  13.497  -76.591  -19.589 1.0000000000
13774  14.328  -77.705  -22.976 1.0000000000
12082  13.298  -79.239  -23.069 1.0000000000
12095  13.049  -79.961  -23.361 1.0000000000
12084  11.823  -79.913  -22.301 1.0000000000
10559  10.653  -80.893  -22.306 1.0000000000
14508  12.622  -76.414  -18.870 1.0000000000
14531  14.480  -76.210  -21.477 1.0000000000
12892  12.747  -78.350  -22.282 1.0000000000
12073  12.146  -79.185  -22.063 1.0000000000
15381  13.453  -75.594  -20.434 1.0000000000
15398  13.881  -75.532  -21.378 1.0000000000
14559  13.786  -75.787  -22.334 1.0000000000
11309  11.098  -80.205  -21.954 1.0000000000
139213  10.083  -81.057  -21.724 1.0000000000
9022  7.053  -83.205  -21.523 1.0000000000
9021  7.788  -82.820  -21.984 1.0000000000
8267  4.959  -83.892  -20.998 1.0000000000
9643  12.595  -82.666  -12.583 1.0000000000
9644  12.146  -82.845  -12.419 1.0000000000
11996  11.867  -79.373  -14.281 1.0000000000
145156  12.583  -80.345  -12.872 1.0000000000
11216  12.762  -80.959  -13.177 1.0000000000
10465  12.992  -82.366  -14.162 1.0000000000
8942  12.358  -83.503  -13.699 1.0000000000
8934  11.525  -83.408  -13.565 1.0000000000
9669  10.441  -83.273  -14.971 1.0000000000
9683  9.657  -82.560  -15.779 1.0000000000
12809  11.702  -78.504  -14.067 1.0000000000
155724  13.227  -80.513  -15.154 1.0000000000
9700  8.344  -82.776  -16.516 1.0000000000
13666  11.708  -77.747  -13.803 1.0000000000
12823  12.390  -78.893  -15.760 1.0000000000
14474  12.060  -76.363  -14.082 1.0000000000
14458  12.465  -76.984  -13.480 1.0000000000
12824  11.698  -78.074  -15.457 1.0000000000
8971  7.116  -83.294  -16.837 1.0000000000
144109  11.355  -76.550  -15.806 1.0000000000
13701  11.602  -77.486  -16.050 1.0000000000
160501  6.067  -82.878  -15.985 0.8999999762
8973  5.736  -83.885  -16.411 0.8999999762
7514  5.302  -85.578  -16.023 0.8999999762
15355  11.405  -75.620  -15.504 1.0000000000
8974  5.201  -84.018  -15.982 0.8999999762
14495  11.297  -76.031  -16.543 1.0000000000
14516  12.855  -75.851  -19.614 1.0000000000
164766  13.242  -76.842  -22.379 1.0000000000
12893  12.084  -78.332  -21.663 1.0000000000
12074  11.351  -79.590  -21.749 1.0000000000
15369  11.938  -76.027  -18.198 1.0000000000
15382  12.628  -74.981  -20.081 1.0000000000
15425  13.464  -75.101  -22.110 1.0000000000
14561  12.585  -75.765  -22.215 1.0000000000
13762  12.687  -77.523  -22.037 1.0000000000
140407  12.269  -75.561  -19.016 1.0000000000
15399  13.255  -74.784  -21.304 1.0000000000
16276  12.262  -74.344  -22.169 1.0000000000
14550  11.866  -75.609  -21.871 1.0000000000
157156  12.093  -76.361  -21.731 1.0000000000
13748  11.334  -77.468  -20.649 1.0000000000
12067  10.438  -79.636  -20.585 1.0000000000
11302  10.151  -80.251  -20.841 1.0000000000
14551  11.274  -75.477  -21.393 1.0000000000
12880  11.357  -78.373  -20.930 1.0000000000
10552  9.489  -81.442  -21.483 1.0000000000
9754  8.305  -82.339  -21.528 1.0000000000
10427  12.087  -81.774  -11.321 1.0000000000
10439  11.325  -81.834  -12.124 1.0000000000
151838  12.658  -80.842  -11.580 1.0000000000
10419  11.834  -81.349  -10.797 1.0000000000
11203  10.714  -80.870  -12.277 1.0000000000
10466  10.298  -82.169  -14.551 1.0000000000
12799  12.472  -79.145  -12.363 1.0000000000
11947  12.763  -79.909  -11.339 1.0000000000
11182  12.245  -80.848  -10.337 1.0000000000
11183  11.943  -80.910  -10.154 1.0000000000
11195  11.210  -80.984  -11.352 1.0000000000
158330  10.309  -80.161  -12.891 1.0000000000
10467  9.841  -81.412  -14.781 1.0000000000
9684  8.704  -82.262  -16.016 1.0000000000
151477  13.792  -77.702  -12.283 1.0000000000
12783  12.473  -78.442  -12.689 1.0000000000
12749  13.193  -78.704  -9.993 1.0000000000
11933  12.734  -79.610  -9.714 1.0000000000
11217  9.813  -80.326  -13.448 1.0000000000
145736  8.993  -81.173  -14.706 1.0000000000
10486  7.908  -81.820  -15.525 1.0000000000
15315  12.837  -76.246  -13.816 1.0000000000
11236  7.515  -81.055  -14.364 1.0000000000
10487  6.919  -81.865  -15.259 1.0000000000
15337  12.289  -75.707  -14.435 1.0000000000
9687  5.633  -82.795  -15.257 0.8999999762
15354  11.821  -75.107  -14.888 1.0000000000
16213  11.392  -74.260  -16.383 1.0000000000
17100  12.362  -73.648  -15.639 1.0000000000
8945  4.732  -83.622  -14.769 0.8999999762
15361  11.296  -75.117  -16.403 1.0000000000
17126  11.378  -73.854  -17.181 1.0000000000
17133  11.453  -73.257  -17.990 1.0000000000
17140  11.344  -72.469  -18.912 1.0000000000
16233  11.640  -73.520  -19.302 1.0000000000
8935  4.515  -83.459  -14.010 0.8999999762
16222  11.400  -74.708  -17.290 1.0000000000
16226  11.559  -74.242  -18.326 1.0000000000
17139  11.990  -73.531  -20.560 1.0000000000
16263  11.771  -73.851  -22.031 1.0000000000
16232  12.081  -74.181  -19.930 1.0000000000
139912  12.606  -74.146  -20.912 1.0000000000
15416  11.632  -74.655  -21.982 1.0000000000
9745  7.294  -82.695  -20.338 1.0000000000
10544  8.672  -81.785  -20.174 1.0000000000
10542  9.690  -80.743  -20.389 1.0000000000
10545  4.868  -81.782  -20.708 0.8999999762
9723  6.446  -82.241  -18.838 1.0000000000
154188  8.193  -81.746  -19.419 1.0000000000
9725  5.370  -81.999  -19.232 1.0000000000
11919  12.285  -79.671  -9.138 1.0000000000
11172  11.610  -80.287  -9.616 1.0000000000
11934  10.781  -79.787  -9.919 1.0000000000
11948  10.552  -79.918  -10.905 1.0000000000
11949  9.689  -79.472  -11.292 1.0000000000
14417  14.023  -76.686  -10.428 1.0000000000
153777  13.713  -78.036  -10.260 1.0000000000
12734  12.779  -78.858  -9.222 1.0000000000
11905  11.900  -79.260  -8.622 1.0000000000
12718  10.679  -78.508  -8.084 1.0000000000
148767  9.935  -79.214  -10.460 1.0000000000
164547  14.817  -76.134  -12.688 1.0000000000
13641  14.287  -77.316  -11.816 1.0000000000
11950  8.763  -79.475  -11.424 1.0000000000
11218  8.687  -80.478  -13.541 1.0000000000
15335  14.802  -75.376  -14.650 1.0000000000
146854  14.189  -75.755  -14.232 1.0000000000
11985  6.949  -80.467  -13.181 1.0000000000
10470  6.616  -81.513  -14.458 1.0000000000
9670  6.066  -82.080  -14.944 0.8999999762
15353  15.457  -75.050  -14.972 1.0000000000
142390  14.203  -74.773  -14.930 1.0000000000
16201  12.091  -74.375  -15.191 1.0000000000
10452  6.021  -81.230  -13.802 0.8999999762
9671  5.500  -82.418  -14.561 0.8999999762
16212  15.277  -74.357  -15.803 1.0000000000
17099  13.346  -73.537  -15.716 1.0000000000
158586  11.784  -73.023  -16.151 1.0000000000
10453  5.329  -81.574  -13.577 0.8999999762
9659  4.733  -82.628  -13.790 0.8999999762
17112  15.587  -73.998  -16.462 1.0000000000
17113  14.535  -73.500  -16.104 1.0000000000
18033  12.540  -72.831  -15.939 1.0000000000
18058  11.389  -72.447  -17.600 1.0000000000
18076  11.099  -72.161  -20.154 1.0000000000
160723  4.678  -81.753  -12.844 0.8999999762
18098  11.273  -72.999  -21.364 1.0000000000
16264  11.022  -74.029  -21.727 1.0000000000
13728  10.931  -76.973  -19.996 1.0000000000
143678  10.981  -78.044  -19.904 1.0000000000
12060  10.263  -79.445  -19.761 1.0000000000
12051  9.828  -79.520  -18.464 1.0000000000
10512  7.110  -81.098  -17.466 1.0000000000
161273  7.802  -81.119  -17.938 1.0000000000
10527  8.854  -80.867  -18.829 1.0000000000
10530  5.912  -81.915  -18.217 1.0000000000
11288  8.019  -80.519  -17.453 1.0000000000
11271  9.283  -79.630  -17.748 1.0000000000
144855  4.886  -80.555  -17.493 0.8999999762
145220  3.899  -79.249  -15.822 0.8000000119
15271  13.167  -75.783  -10.228 1.0000000000
13622  13.084  -77.448  -9.531 1.0000000000
163964  12.035  -78.123  -8.407 1.0000000000
13572  10.010  -77.240  -7.179 1.0000000000
12719  9.701  -78.352  -8.052 1.0000000000
12764  8.957  -79.166  -10.716 1.0000000000
16139  14.675  -75.165  -11.979 1.0000000000
15282  14.343  -75.609  -11.342 1.0000000000
15261  12.400  -76.110  -9.498 1.0000000000
14392  11.344  -76.918  -7.938 1.0000000000
14377  10.508  -76.455  -7.394 1.0000000000
13573  9.108  -77.156  -7.265 1.0000000000
155057  8.967  -78.252  -8.511 1.0000000000
12751  8.339  -78.630  -10.244 1.0000000000
12784  7.949  -79.300  -11.736 1.0000000000
11984  7.845  -80.176  -13.029 1.0000000000
15333  16.070  -74.880  -14.700 1.0000000000
15312  15.401  -75.406  -13.645 1.0000000000
13588  8.242  -76.998  -7.854 1.0000000000
13603  8.352  -77.752  -8.652 1.0000000000
17111  17.629  -73.903  -16.874 1.0000000000
16209  17.255  -74.204  -16.243 1.0000000000
16210  16.561  -74.452  -16.059 1.0000000000
13644  7.741  -78.080  -10.815 1.0000000000
159767  7.011  -79.152  -12.139 1.0000000000
153645  6.304  -79.550  -12.427 1.0000000000
11221  5.565  -80.846  -13.223 0.8999999762
11206  5.159  -80.248  -12.715 0.8999999762
17132  17.447  -73.594  -17.983 1.0000000000
17124  16.757  -73.831  -17.446 1.0000000000
18044  15.162  -73.333  -16.767 1.0000000000
17114  13.513  -72.775  -16.253 1.0000000000
18047  12.086  -72.333  -16.439 1.0000000000
138438  11.489  -71.889  -17.292 1.0000000000
18056  16.108  -73.264  -17.639 1.0000000000
147227  13.822  -71.440  -17.391 1.0000000000
18923  13.526  -71.985  -16.831 1.0000000000
18937  12.165  -71.140  -17.241 1.0000000000
18938  11.638  -71.287  -17.582 1.0000000000
18090  10.939  -72.469  -20.925 1.0000000000
18947  14.508  -71.261  -17.880 1.0000000000
150558  12.609  -70.562  -17.692 1.0000000000
17156  9.881  -72.954  -20.953 1.0000000000
15400  10.338  -75.029  -20.537 1.0000000000
14517  10.497  -76.329  -19.588 1.0000000000
13715  10.490  -77.133  -19.082 1.0000000000
142563  10.540  -78.033  -19.113 1.0000000000
12854  10.229  -78.762  -18.534 1.0000000000
12855  9.868  -79.121  -17.857 1.0000000000
12827  4.994  -79.037  -14.936 1.0000000000
12020  5.113  -80.149  -15.990 1.0000000000
11257  7.070  -79.962  -16.315 1.0000000000
12017  8.683  -79.329  -16.742 1.0000000000
12006  4.574  -79.419  -15.595 0.8999999762
17053  13.928  -73.258  -12.039 1.0000000000
16141  13.043  -74.260  -11.054 1.0000000000
16142  12.423  -73.820  -10.652 1.0000000000
16127  12.042  -74.203  -10.065 1.0000000000
15262  10.970  -74.989  -8.478 1.0000000000
18011  16.841  -72.504  -14.562 1.0000000000
17988  16.401  -73.056  -14.140 1.0000000000
17051  15.425  -74.226  -13.056 1.0000000000
16140  13.958  -74.676  -11.386 1.0000000000
15283  13.510  -75.172  -10.882 1.0000000000
16126  12.664  -74.691  -10.478 1.0000000000
156201  11.724  -75.514  -8.980 1.0000000000
15234  9.933  -75.745  -7.240 1.0000000000
15236  8.471  -75.361  -7.378 1.0000000000
158692  17.632  -73.767  -16.316 1.0000000000
156963  16.849  -73.305  -14.715 1.0000000000
17062  16.578  -73.887  -14.432 1.0000000000
16164  15.762  -74.723  -13.647 1.0000000000
14393  7.704  -76.186  -8.468 1.0000000000
13605  7.481  -76.912  -9.909 1.0000000000
17122  18.029  -73.674  -17.658 1.0000000000
17097  17.378  -73.907  -15.716 1.0000000000
13623  7.373  -77.242  -10.656 1.0000000000
13645  7.082  -77.653  -11.423 1.0000000000
11969  5.461  -79.470  -12.508 0.8999999762
11207  4.697  -80.511  -12.287 0.8999999762
17131  17.967  -73.549  -18.318 1.0000000000
18065  16.710  -73.168  -18.270 1.0000000000
18934  15.012  -72.037  -17.798 1.0000000000
18961  10.831  -71.221  -19.716 1.0000000000
18980  10.477  -71.648  -20.374 1.0000000000
18075  17.100  -72.635  -19.091 1.0000000000
18945  16.130  -72.137  -18.669 1.0000000000
19783  13.581  -70.776  -17.742 1.0000000000
19786  11.811  -70.503  -17.858 1.0000000000
156668  10.192  -70.749  -20.284 1.0000000000
19785  12.216  -69.867  -18.281 1.0000000000
19800  11.586  -69.923  -18.685 1.0000000000
18077  9.552  -71.983  -20.307 1.0000000000
152160  9.572  -72.591  -20.484 1.0000000000
15384  9.864  -74.600  -20.082 1.0000000000
17141  9.475  -73.248  -20.233 1.0000000000
164688  9.869  -74.981  -19.450 1.0000000000
15377  10.235  -76.219  -18.779 1.0000000000
150468  10.192  -76.830  -17.143 1.0000000000
13709  9.764  -78.164  -16.939 1.0000000000
13693  8.651  -77.708  -15.413 1.0000000000
13702  9.096  -78.049  -15.873 1.0000000000
12019  6.193  -79.837  -15.893 1.0000000000
12003  7.425  -78.839  -15.600 1.0000000000
13694  7.802  -78.105  -15.211 1.0000000000
12825  8.371  -78.519  -15.851 1.0000000000
12828  3.941  -78.819  -14.985 0.8999999762
13678  5.627  -77.774  -14.295 0.8999999762
13677  7.267  -77.637  -14.701 1.0000000000
12814  3.461  -77.662  -14.752 0.8000000119
14481  4.520  -76.765  -13.900 0.8000000119
14482  3.682  -76.387  -14.294 0.6999999881
17064  15.212  -73.216  -13.039 1.0000000000
158559  14.170  -71.886  -12.503 1.0000000000
17054  13.239  -72.879  -11.656 1.0000000000
17029  11.900  -73.298  -10.142 1.0000000000
16128  11.355  -73.660  -9.516 1.0000000000
18874  15.531  -71.634  -13.364 1.0000000000
17030  11.055  -72.860  -9.762 1.0000000000
17018  10.517  -73.209  -9.048 1.0000000000
160336  10.265  -74.483  -7.951 1.0000000000
16105  9.439  -74.158  -7.690 1.0000000000
156015  8.839  -74.043  -7.650 1.0000000000
18910  17.769  -72.045  -15.491 1.0000000000
18031  17.369  -73.071  -15.296 1.0000000000
15251  7.800  -75.212  -8.119 1.0000000000
14406  7.410  -76.214  -9.511 1.0000000000
18042  18.521  -72.694  -16.854 1.0000000000
156306  6.680  -76.118  -11.294 1.0000000000
13646  6.067  -77.351  -11.796 1.0000000000
13647  5.042  -76.985  -12.232 1.0000000000
18063  18.939  -72.997  -18.540 1.0000000000
11970  4.672  -79.539  -12.258 0.8999999762
11951  4.129  -79.387  -11.696 0.8000000119
18073  18.700  -72.908  -19.440 1.0000000000
18958  17.466  -72.307  -19.935 1.0000000000
19799  14.253  -70.296  -18.417 1.0000000000
19784  13.157  -69.929  -18.167 1.0000000000
20641  11.910  -69.252  -19.182 1.0000000000
19825  10.557  -70.034  -20.093 1.0000000000
141310  9.813  -70.534  -20.227 1.0000000000
19801  9.260  -70.058  -19.053 1.0000000000
144021  9.304  -71.783  -19.578 1.0000000000
150417  9.303  -70.839  -18.302 1.0000000000
18049  9.397  -72.415  -16.981 1.0000000000
17115  9.457  -73.225  -16.253 1.0000000000
136909  9.521  -74.131  -15.783 1.0000000000
17086  9.216  -73.839  -14.403 1.0000000000
16165  8.968  -74.184  -13.956 1.0000000000
18068  9.282  -72.646  -19.702 1.0000000000
17127  9.287  -73.149  -18.555 1.0000000000
16223  9.573  -74.514  -17.636 1.0000000000
137392  9.521  -74.092  -16.866 1.0000000000
16214  9.697  -74.868  -16.145 1.0000000000
16203  9.509  -74.864  -15.172 1.0000000000
149513  9.606  -74.512  -19.209 1.0000000000
136815  9.715  -74.907  -18.294 1.0000000000
136800  10.096  -76.105  -17.259 1.0000000000
15356  9.619  -75.631  -15.527 1.0000000000
14476  9.242  -75.540  -14.574 1.0000000000
15339  8.883  -75.224  -13.843 1.0000000000
14478  7.678  -76.780  -14.357 1.0000000000
15340  8.054  -75.903  -13.929 0.8999999762
14462  5.336  -76.224  -13.574 0.8000000119
14463  4.441  -75.930  -13.760 0.6999999881
16168  4.290  -74.244  -13.633 0.6999999881
17087  3.307  -73.167  -14.307 0.6999999881
156141  14.769  -71.230  -12.948 1.0000000000
18864  13.647  -71.495  -12.105 1.0000000000
17966  12.771  -72.482  -11.173 1.0000000000
17967  12.119  -72.086  -10.768 1.0000000000
19774  17.960  -70.333  -14.777 1.0000000000
19762  17.191  -70.020  -14.336 1.0000000000
19742  16.699  -70.531  -14.096 1.0000000000
18875  14.096  -71.086  -12.548 1.0000000000
18856  11.827  -71.287  -10.956 1.0000000000
17019  9.613  -72.891  -8.746 1.0000000000
19782  19.687  -70.124  -16.048 1.0000000000
19773  18.895  -70.565  -15.446 1.0000000000
18922  18.184  -71.306  -15.495 1.0000000000
17933  10.189  -72.508  -9.446 1.0000000000
17916  8.826  -72.607  -8.701 1.0000000000
17003  7.742  -73.412  -8.703 1.0000000000
155096  7.454  -74.665  -8.791 1.0000000000
139666  19.497  -71.169  -16.626 1.0000000000
18933  18.853  -71.694  -16.296 1.0000000000
15273  7.211  -75.416  -10.126 1.0000000000
14434  5.890  -76.513  -11.646 1.0000000000
19797  19.992  -70.806  -17.238 1.0000000000
18944  19.665  -71.611  -17.659 1.0000000000
13648  4.333  -77.169  -11.689 0.8000000119
13624  3.807  -77.571  -10.617 0.8000000119
18943  19.883  -71.605  -18.567 1.0000000000
18957  19.656  -72.007  -19.866 1.0000000000
18072  19.114  -72.527  -20.126 1.0000000000
160675  19.292  -71.990  -20.825 1.0000000000
18978  17.837  -72.026  -20.690 1.0000000000
20672  10.572  -69.082  -20.208 1.0000000000
20673  10.226  -68.396  -20.258 1.0000000000
18959  16.428  -71.612  -19.561 1.0000000000
19798  15.050  -70.375  -19.007 1.0000000000
142140  13.794  -69.472  -18.997 1.0000000000
20640  12.789  -69.314  -19.008 1.0000000000
20657  11.488  -68.680  -20.089 1.0000000000
19827  9.752  -69.620  -20.148 1.0000000000
20658  9.436  -69.357  -19.665 1.0000000000
20655  13.463  -68.703  -19.804 1.0000000000
18939  9.447  -70.840  -17.155 1.0000000000
136715  9.454  -72.413  -16.098 1.0000000000
148624  9.367  -72.758  -15.426 1.0000000000
18012  9.049  -72.376  -14.214 1.0000000000
17991  9.014  -73.341  -14.019 1.0000000000
153797  7.956  -72.429  -13.452 1.0000000000
17065  8.505  -73.646  -13.735 1.0000000000
17993  7.200  -72.560  -13.221 1.0000000000
15316  7.454  -74.772  -13.658 1.0000000000
15317  6.087  -75.616  -13.518 0.8000000119
16166  5.932  -74.876  -13.380 0.6999999881
144662  6.731  -74.368  -13.481 1.0000000000
17068  5.013  -73.769  -13.239 0.8000000119
18035  2.969  -72.315  -14.988 0.6999999881
18014  3.030  -72.449  -14.385 0.8000000119
19720  12.665  -70.180  -11.855 1.0000000000
18866  12.277  -70.832  -11.428 1.0000000000
21543  17.616  -68.304  -14.575 1.0000000000
20610  16.912  -69.228  -14.126 1.0000000000
20611  16.466  -69.601  -13.950 1.0000000000
19744  14.971  -69.755  -13.242 1.0000000000
18876  13.486  -70.645  -12.166 1.0000000000
18865  13.018  -71.141  -11.712 1.0000000000
18857  10.922  -71.058  -10.875 1.0000000000
18844  9.481  -71.174  -10.135 1.0000000000
21549  19.600  -68.116  -15.814 1.0000000000
21550  18.960  -68.420  -15.196 1.0000000000
160693  18.326  -69.650  -14.820 1.0000000000
17935  8.183  -72.324  -9.039 1.0000000000
20629  19.680  -69.046  -15.805 1.0000000000
16129  7.247  -74.635  -9.623 1.0000000000
17031  6.332  -73.193  -10.494 0.8999999762
16143  6.069  -74.845  -11.250 0.8999999762
15285  4.925  -75.193  -11.550 0.8999999762
14437  3.953  -76.490  -11.231 0.8000000119
149175  3.641  -76.218  -10.267 0.6999999881
20638  20.150  -69.793  -16.845 1.0000000000
14436  4.560  -76.523  -11.694 0.8999999762
19796  20.311  -70.533  -18.076 1.0000000000
19811  20.116  -71.047  -19.288 1.0000000000
18976  19.867  -71.349  -20.524 1.0000000000
18990  18.818  -71.714  -21.479 1.0000000000
18979  17.068  -71.379  -20.326 1.0000000000
19834  18.130  -71.207  -21.756 1.0000000000
19824  16.646  -70.457  -20.774 1.0000000000
20652  15.770  -69.843  -20.444 1.0000000000
20639  14.605  -69.658  -19.263 1.0000000000
21575  9.542  -68.483  -19.422 1.0000000000
136825  15.237  -68.956  -20.431 1.0000000000
20654  14.288  -68.922  -19.751 1.0000000000
21572  11.903  -67.869  -20.335 1.0000000000
22481  10.624  -67.605  -20.204 1.0000000000
21559  9.740  -68.490  -18.392 1.0000000000
151603  9.641  -69.212  -17.876 1.0000000000
21552  10.219  -68.805  -17.062 1.0000000000
21545  10.038  -68.679  -16.303 1.0000000000
20612  9.540  -69.339  -15.912 1.0000000000
19746  8.604  -70.156  -14.614 1.0000000000
19730  8.494  -70.887  -14.031 1.0000000000
161922  7.882  -71.282  -13.527 1.0000000000
19776  9.837  -70.174  -16.608 1.0000000000
20622  10.028  -69.483  -16.324 1.0000000000
19763  9.651  -70.253  -15.802 1.0000000000
18034  9.346  -72.024  -15.555 1.0000000000
18893  8.904  -71.552  -14.323 1.0000000000
18013  8.413  -71.877  -13.767 1.0000000000
17994  6.179  -72.677  -13.103 1.0000000000
147886  5.761  -73.366  -13.184 0.8999999762
163461  3.638  -73.083  -13.879 0.8000000119
18894  3.018  -71.737  -13.953 0.8000000119
18912  3.010  -71.690  -15.663 0.6999999881
158304  17.641  -67.666  -14.760 1.0000000000
21531  16.928  -68.515  -14.228 1.0000000000
149180  16.324  -68.781  -14.010 1.0000000000
21519  14.973  -68.278  -13.702 1.0000000000
20594  14.264  -69.060  -13.033 1.0000000000
20575  12.976  -69.031  -12.622 1.0000000000
144444  11.822  -69.608  -11.910 1.0000000000
20552  10.441  -69.582  -11.444 0.8999999762
18858  10.027  -70.766  -10.734 1.0000000000
22445  18.940  -67.675  -15.327 1.0000000000
21542  18.253  -67.990  -14.918 1.0000000000
19714  9.032  -69.704  -10.942 0.8999999762
18829  7.585  -71.894  -9.407 0.8999999762
17020  7.150  -73.065  -9.592 0.8999999762
21558  20.194  -68.768  -16.564 1.0000000000
19698  7.935  -70.407  -10.085 0.8999999762
17954  6.494  -72.414  -10.183 0.8999999762
17032  5.359  -73.431  -11.096 0.8999999762
157755  4.098  -75.240  -11.252 0.8000000119
16146  3.765  -74.918  -10.790 0.6000000238
137940  3.424  -74.181  -9.750 0.5000000000
20637  20.531  -69.542  -17.898 1.0000000000
136915  3.560  -74.137  -8.789 0.4000000060
15237  3.937  -75.380  -7.664 0.3000000119
20651  20.740  -69.671  -19.285 1.0000000000
20669  20.312  -70.514  -19.923 1.0000000000
20668  20.558  -70.039  -20.468 1.0000000000
148520  20.027  -70.675  -21.286 1.0000000000
19833  18.904  -71.159  -22.089 1.0000000000
19838  19.103  -70.470  -22.597 1.0000000000
20680  18.215  -70.509  -22.336 1.0000000000
20670  17.201  -70.274  -21.644 1.0000000000
149225  15.574  -68.867  -20.917 1.0000000000
20671  16.148  -69.319  -21.250 1.0000000000
21586  15.717  -68.196  -21.314 1.0000000000
21568  15.326  -67.982  -20.877 1.0000000000
152010  14.505  -67.364  -20.191 1.0000000000
144303  12.937  -66.822  -19.760 1.0000000000
22468  12.031  -67.103  -20.186 1.0000000000
22470  10.554  -67.294  -19.623 1.0000000000
22458  10.898  -67.346  -18.399 1.0000000000
21551  10.541  -68.016  -17.705 1.0000000000
21534  10.190  -67.948  -16.277 1.0000000000
21535  9.551  -68.620  -15.998 1.0000000000
146892  9.066  -68.522  -15.732 1.0000000000
20597  8.707  -69.569  -14.934 1.0000000000
20598  8.033  -69.538  -14.490 1.0000000000
19731  7.581  -70.614  -13.619 1.0000000000
154248  6.621  -70.468  -13.334 1.0000000000
22455  13.741  -66.383  -19.123 1.0000000000
22456  13.081  -66.491  -18.748 1.0000000000
22457  11.501  -66.926  -19.104 1.0000000000
22446  12.555  -66.678  -17.883 1.0000000000
22448  11.184  -67.554  -17.092 1.0000000000
22441  10.968  -67.380  -16.354 1.0000000000
22429  10.226  -67.338  -16.084 1.0000000000
23397  9.311  -67.340  -15.959 1.0000000000
23434  13.688  -66.209  -18.096 1.0000000000
23424  13.226  -66.223  -17.575 1.0000000000
23425  12.138  -66.789  -16.912 1.0000000000
147306  3.521  -67.537  -14.242 0.8000000119
20579  4.929  -69.787  -13.415 0.8000000119
19732  5.625  -70.489  -13.160 1.0000000000
148391  6.672  -71.887  -13.023 1.0000000000
21527  2.768  -68.737  -14.191 0.6999999881
19734  3.491  -70.251  -13.598 0.8000000119
18878  6.159  -71.184  -13.018 1.0000000000
20582  2.781  -69.494  -14.004 0.8000000119
147647  4.683  -71.922  -13.058 0.8999999762
146174  3.948  -70.837  -13.344 0.8000000119
18895  2.896  -70.950  -14.138 0.6999999881
18930  3.418  -71.312  -16.613 0.5000000000
22439  17.289  -67.110  -14.885 1.0000000000
23393  16.518  -66.855  -15.008 1.0000000000
157468  15.168  -67.123  -14.844 1.0000000000
22427  14.506  -67.143  -14.670 1.0000000000
164664  13.515  -67.802  -14.066 1.0000000000
22405  12.379  -67.773  -13.508 1.0000000000
138536  11.926  -68.273  -13.016 1.0000000000
19721  11.202  -69.945  -11.599 1.0000000000
20461  4.894  -69.949  -5.810 0.1000000015
19645  4.282  -70.404  -5.771 0.1000000015
23405  19.051  -66.340  -15.708 1.0000000000
23406  18.143  -66.363  -15.536 1.0000000000
22438  18.107  -67.168  -15.095 1.0000000000
21505  11.089  -68.057  -12.660 0.8999999762
21491  10.865  -68.630  -12.195 0.8999999762
20553  9.556  -69.149  -11.333 0.8999999762
20478  4.279  -69.506  -6.179 0.2000000030
141846  3.564  -70.631  -6.701 0.2000000030
22452  20.612  -67.519  -17.223 1.0000000000
22443  20.130  -67.276  -16.429 1.0000000000
19699  6.843  -70.573  -10.108 0.8999999762
163416  6.789  -71.591  -9.941 0.8999999762
17955  5.557  -72.630  -10.788 0.8999999762
142264  4.832  -72.077  -10.896 0.8000000119
17045  3.825  -74.030  -10.778 0.6999999881
17034  3.510  -73.472  -10.212 0.4000000060
17021  3.428  -73.413  -9.285 0.4000000060
138638  3.595  -73.404  -8.065 0.3000000119
17906  3.754  -73.079  -6.973 0.3000000119
22451  21.064  -67.356  -18.205 1.0000000000
21557  20.604  -68.498  -17.427 1.0000000000
17044  4.385  -73.722  -11.158 0.8999999762
22477  21.372  -68.036  -20.016 1.0000000000
21566  21.103  -68.681  -19.392 1.0000000000
21584  21.437  -68.180  -20.966 1.0000000000
20678  20.477  -69.817  -21.477 1.0000000000
20685  20.253  -69.399  -22.417 1.0000000000
20687  18.400  -69.648  -22.898 1.0000000000
20681  17.407  -69.579  -22.306 1.0000000000
21595  16.819  -68.623  -22.129 1.0000000000
22499  17.198  -68.091  -22.653 1.0000000000
147603  16.318  -67.663  -21.983 1.0000000000
22479  15.493  -67.323  -21.242 1.0000000000
22466  14.626  -66.834  -20.282 1.0000000000
21521  8.480  -69.113  -14.947 1.0000000000
160770  7.171  -69.153  -14.318 1.0000000000
20578  6.043  -69.737  -13.555 1.0000000000
23453  15.722  -67.057  -21.577 1.0000000000
22465  15.073  -66.772  -20.652 1.0000000000
161166  14.555  -65.792  -19.150 1.0000000000
23411  9.876  -66.790  -16.265 1.0000000000
24414  8.041  -66.182  -17.132 1.0000000000
23399  6.755  -66.815  -16.230 1.0000000000
21537  7.922  -68.179  -15.304 1.0000000000
22418  6.994  -68.001  -15.099 0.8999999762
20599  6.393  -69.079  -13.963 0.8999999762
149542  14.911  -65.452  -19.507 1.0000000000
24444  14.489  -65.395  -18.688 1.0000000000
24426  13.186  -65.906  -17.056 1.0000000000
25374  12.613  -65.621  -16.915 1.0000000000
25375  11.632  -65.232  -17.021 1.0000000000
24411  11.175  -66.367  -16.478 1.0000000000
24429  9.909  -65.545  -17.109 1.0000000000
24430  8.780  -65.639  -17.616 1.0000000000
22420  4.518  -67.459  -14.459 0.8999999762
21507  4.454  -68.928  -13.675 0.8000000119
24445  13.966  -65.337  -17.901 1.0000000000
148365  16.351  -64.736  -16.469 1.0000000000
24409  16.518  -65.515  -16.060 1.0000000000
23408  16.108  -66.138  -15.559 1.0000000000
139658  14.039  -65.770  -15.424 1.0000000000
23396  13.777  -66.547  -15.019 1.0000000000
23386  12.976  -66.521  -14.635 1.0000000000
22417  12.754  -67.288  -14.141 1.0000000000
22406  11.466  -67.365  -13.248 1.0000000000
21427  5.042  -68.027  -7.072 0.1000000015
158007  19.107  -65.698  -15.890 1.0000000000
24408  17.491  -65.713  -15.941 1.0000000000
23407  17.173  -66.370  -15.403 1.0000000000
22407  10.544  -67.343  -12.810 0.8999999762
164842  10.219  -68.065  -12.221 0.8999999762
21481  8.917  -68.502  -11.498 0.8999999762
20535  8.322  -69.749  -10.532 0.8999999762
19655  3.357  -70.166  -7.504 0.2000000030
18807  3.518  -71.600  -7.150 0.3000000119
23432  20.742  -66.759  -17.447 1.0000000000
23420  20.276  -66.785  -16.688 1.0000000000
160906  6.099  -71.122  -10.298 0.8999999762
158928  5.199  -71.240  -10.674 0.6999999881
17956  3.984  -72.331  -10.858 0.6000000238
18830  3.036  -71.854  -9.978 0.5000000000
145077  3.246  -72.083  -9.239 0.3000000119
141863  3.370  -71.872  -8.287 0.3000000119
22462  21.673  -67.504  -19.705 1.0000000000
18848  4.183  -71.498  -10.842 0.6999999881
21593  21.222  -68.130  -21.983 1.0000000000
21603  20.637  -68.596  -22.515 1.0000000000
22511  19.512  -68.165  -23.368 1.0000000000
21619  19.072  -68.745  -23.418 1.0000000000
22512  18.773  -67.912  -23.455 1.0000000000
138975  17.011  -67.242  -22.599 1.0000000000
23442  15.218  -66.054  -20.711 1.0000000000
24431  7.738  -65.561  -17.949 0.8999999762
24415  6.530  -65.666  -17.120 0.8000000119
23414  6.210  -66.167  -16.520 0.8999999762
22432  6.352  -67.364  -15.565 0.8999999762
22419  5.815  -67.886  -14.748 0.8999999762
21506  5.469  -69.025  -13.763 0.8999999762
25393  12.214  -64.670  -17.582 1.0000000000
25395  10.008  -64.434  -18.222 1.0000000000
25377  9.400  -64.986  -17.872 1.0000000000
25359  3.434  -64.405  -16.290 0.6000000238
23416  4.602  -65.707  -15.559 0.6999999881
22434  4.452  -66.668  -14.831 0.6999999881
21524  5.011  -68.321  -14.097 0.8000000119
24457  14.873  -64.857  -19.055 1.0000000000
161772  12.834  -64.573  -17.810 1.0000000000
25372  16.742  -64.299  -16.783 0.8999999762
25373  15.720  -64.206  -16.892 0.8999999762
25354  14.933  -64.507  -16.529 1.0000000000
24394  14.296  -64.928  -15.961 1.0000000000
24396  12.672  -65.202  -14.928 1.0000000000
162384  12.595  -65.883  -14.665 1.0000000000
157423  11.998  -67.101  -13.857 1.0000000000
23375  10.794  -66.629  -13.312 0.8999999762
140796  3.178  -68.767  -7.823 0.2000000030
25369  20.027  -64.592  -16.733 1.0000000000
24425  19.565  -65.281  -16.246 1.0000000000
25371  17.670  -64.426  -16.464 0.8999999762
24395  13.399  -65.017  -15.403 1.0000000000
24364  10.968  -65.943  -13.783 0.8999999762
23376  9.286  -66.767  -12.731 0.8999999762
22391  8.914  -67.314  -12.259 0.8999999762
20555  7.129  -69.118  -10.803 0.8999999762
19668  3.148  -70.562  -8.740 0.2000000030
24441  22.204  -65.410  -18.478 0.8999999762
24443  20.657  -65.295  -17.174 0.8999999762
24424  20.290  -65.918  -16.882 1.0000000000
19682  2.903  -70.985  -9.906 0.4000000060
24455  22.114  -66.280  -19.247 0.8999999762
19702  3.481  -70.956  -10.498 0.5000000000
155420  22.401  -66.889  -20.470 0.8999999762
22476  21.936  -67.504  -20.515 1.0000000000
22484  21.829  -67.611  -21.565 0.8999999762
23465  22.063  -67.017  -21.947 1.0000000000
22496  20.864  -67.923  -22.632 1.0000000000
146211  20.599  -67.347  -22.975 1.0000000000
23479  19.544  -67.330  -23.329 1.0000000000
23480  18.442  -67.063  -23.327 1.0000000000
23481  16.948  -66.511  -22.727 1.0000000000
24477  16.130  -66.067  -22.257 1.0000000000
24468  15.406  -65.610  -20.798 1.0000000000
163607  15.190  -65.031  -19.685 1.0000000000
25408  13.784  -63.972  -18.837 1.0000000000
26409  13.988  -63.633  -19.458 1.0000000000
162913  13.152  -63.794  -18.755 1.0000000000
26393  11.509  -63.856  -18.399 1.0000000000
26394  10.507  -63.879  -18.689 1.0000000000
25396  9.005  -64.559  -18.710 1.0000000000
158013  7.399  -64.129  -18.756 1.0000000000
161877  4.928  -64.149  -16.556 0.6999999881
26373  17.315  -63.724  -17.176 0.8999999762
26375  15.464  -63.439  -17.394 0.8999999762
25355  14.191  -64.042  -16.337 1.0000000000
26371  19.312  -63.504  -16.990 0.8999999762
26372  18.360  -63.777  -16.898 0.8999999762
26390  17.778  -62.951  -17.738 0.8000000119
26360  14.000  -63.250  -16.775 0.8999999762
26345  13.001  -63.719  -15.824 1.0000000000
25342  12.723  -64.388  -15.308 1.0000000000
24379  12.046  -64.782  -14.743 1.0000000000
24380  11.290  -65.198  -14.200 1.0000000000
24381  10.470  -65.382  -13.822 0.8999999762
158690  9.759  -65.550  -13.492 0.8999999762
22392  8.043  -67.328  -12.173 0.8999999762
22384  7.503  -67.902  -11.718 0.8999999762
24442  21.260  -65.364  -17.777 0.8999999762
25368  20.950  -64.379  -17.132 0.8999999762
25405  23.191  -65.011  -18.874 0.8999999762
24454  22.931  -65.820  -19.445 0.8999999762
22475  22.342  -67.001  -21.210 0.8999999762
23476  22.742  -66.468  -21.835 0.8999999762
23477  21.953  -66.642  -22.499 0.8999999762
24482  22.549  -65.848  -22.549 0.8999999762
23478  21.127  -66.736  -22.878 1.0000000000
136705  20.122  -66.564  -23.080 1.0000000000
24483  20.710  -65.931  -22.927 1.0000000000
138046  19.025  -66.402  -23.262 1.0000000000
148788  17.932  -66.338  -23.136 1.0000000000
24485  18.527  -65.602  -23.035 1.0000000000
24486  17.232  -65.649  -23.006 1.0000000000
140416  15.899  -65.275  -22.217 1.0000000000
155382  16.443  -64.694  -22.725 1.0000000000
162438  15.338  -64.639  -20.927 1.0000000000
24469  15.391  -64.949  -20.323 1.0000000000
25406  15.034  -64.520  -19.786 1.0000000000
26411  11.853  -63.319  -19.124 1.0000000000
26412  10.923  -63.333  -19.240 1.0000000000
150218  10.034  -63.470  -19.488 1.0000000000
153424  7.896  -63.840  -19.219 1.0000000000
26376  6.292  -62.914  -17.598 0.8000000119
27294  3.078  -62.073  -16.304 0.6000000238
26430  14.854  -63.392  -21.025 1.0000000000
26421  13.766  -63.171  -19.986 1.0000000000
26410  12.681  -63.359  -19.215 1.0000000000
27355  12.189  -62.810  -19.855 1.0000000000
27357  10.393  -62.889  -19.959 1.0000000000
156757  9.650  -63.015  -19.968 1.0000000000
144332  8.985  -62.786  -20.089 1.0000000000
27295  2.588  -62.342  -16.876 0.6000000238
27372  14.224  -62.929  -20.705 1.0000000000
26422  13.012  -62.930  -19.889 1.0000000000
27375  11.719  -62.299  -20.516 1.0000000000
27377  9.744  -62.370  -20.418 1.0000000000
27306  16.302  -62.453  -18.261 0.8000000119
27331  14.723  -62.175  -18.071 0.6999999881
26388  19.553  -62.575  -17.708 0.8000000119
26389  18.683  -62.786  -17.714 0.8000000119
142910  14.728  -62.983  -17.412 0.6000000238
27287  13.378  -62.601  -17.023 0.6000000238
27288  12.668  -62.582  -16.676 0.6999999881
26362  12.500  -63.157  -16.041 0.8000000119
156424  21.725  -64.668  -17.751 0.8999999762
26370  20.191  -63.394  -17.078 0.8000000119
27275  11.145  -62.524  -16.055 0.6999999881
25389  23.501  -64.152  -18.184 0.8999999762
25404  24.276  -64.812  -19.210 0.8999999762
25403  25.439  -64.563  -19.625 0.8999999762
152880  24.130  -65.580  -20.793 0.8999999762
24465  24.745  -64.994  -21.280 0.8999999762
23464  23.312  -65.841  -21.926 0.8999999762
25425  22.598  -64.841  -22.680 0.8999999762
25426  21.469  -65.228  -22.829 0.8999999762
24484  19.659  -65.732  -22.996 0.8999999762
145503  19.853  -64.411  -22.794 0.8999999762
25428  19.232  -64.913  -22.887 1.0000000000
25430  17.138  -64.871  -22.923 1.0000000000
156048  15.475  -64.004  -21.635 1.0000000000
27359  7.755  -62.284  -19.452 1.0000000000
27333  6.844  -62.647  -18.295 0.8999999762
28290  6.893  -61.793  -18.360 0.8999999762
27312  4.792  -62.715  -16.557 0.6999999881
27388  15.232  -62.922  -21.756 1.0000000000
28317  8.291  -61.715  -19.902 1.0000000000
27332  7.242  -62.305  -18.823 0.8999999762
27390  13.979  -62.313  -21.330 1.0000000000
27373  13.447  -62.602  -20.617 1.0000000000
27376  10.729  -62.231  -20.549 1.0000000000
27378  8.929  -62.049  -20.363 1.0000000000
28330  12.178  -61.820  -21.094 1.0000000000
139140  11.820  -61.304  -21.451 1.0000000000
28285  16.602  -61.581  -18.758 0.6000000238
27330  15.595  -61.859  -18.581 0.6999999881
27325  21.530  -62.184  -18.313 0.8999999762
27327  19.979  -61.853  -18.170 0.8000000119
27328  19.024  -61.962  -18.243 0.8000000119
140144  17.218  -62.219  -18.296 0.6999999881
28269  13.954  -61.695  -18.124 0.6000000238
29271  13.018  -60.794  -18.060 0.6000000238
28271  12.383  -61.170  -17.605 0.6000000238
149273  23.019  -63.032  -17.678 0.8999999762
155177  22.216  -62.393  -18.006 0.8999999762
26386  21.228  -62.740  -17.705 0.8999999762
26385  23.947  -63.474  -18.030 0.8999999762
26408  24.709  -64.074  -18.654 0.8999999762
26420  26.266  -64.168  -20.230 0.8999999762
25419  25.199  -64.439  -21.714 0.8999999762
25420  24.290  -64.954  -21.929 0.8999999762
26436  23.085  -64.057  -22.604 0.8999999762
145505  21.590  -64.362  -22.756 0.8999999762
26438  21.105  -63.658  -22.639 0.8999999762
26440  19.090  -63.951  -22.744 0.8999999762
161160  18.232  -63.993  -22.777 1.0000000000
26439  20.180  -63.662  -22.666 0.8999999762
140368  18.400  -63.240  -22.721 1.0000000000
143860  17.360  -63.973  -22.775 1.0000000000
26442  15.950  -63.120  -22.300 1.0000000000
142756  7.058  -61.145  -18.474 0.8999999762
29274  5.453  -60.509  -17.174 0.8000000119
28262  3.094  -61.171  -15.969 0.6000000238
136591  16.807  -63.136  -22.629 1.0000000000
27407  15.586  -62.295  -22.290 1.0000000000
28334  8.817  -61.196  -20.343 1.0000000000
29297  7.542  -60.811  -18.945 0.8999999762
28346  14.714  -62.064  -21.943 1.0000000000
27391  13.082  -61.921  -21.331 1.0000000000
28332  10.531  -61.409  -20.964 1.0000000000
29333  10.083  -60.715  -20.953 1.0000000000
30365  8.514  -60.004  -19.687 1.0000000000
30366  8.328  -59.633  -19.132 1.0000000000
28350  10.661  -60.719  -21.216 1.0000000000
29347  10.502  -60.204  -21.133 1.0000000000
149070  15.263  -60.623  -18.846 0.5000000000
27349  21.865  -61.821  -18.774 0.8000000119
28313  20.362  -61.229  -18.206 0.6000000238
28314  18.624  -61.091  -17.867 0.6000000238
29294  17.109  -60.637  -18.152 0.6999999881
30310  15.437  -59.465  -17.771 0.4000000060
139727  13.033  -59.685  -17.601 0.6000000238
155381  23.774  -62.455  -17.893 0.8999999762
27324  22.696  -62.085  -18.190 0.8999999762
29272  12.554  -60.244  -17.662 0.6000000238
26384  24.917  -63.284  -18.201 0.8999999762
30288  11.805  -59.143  -16.928 0.4000000060
27348  26.066  -63.129  -18.424 0.8999999762
26428  26.711  -63.559  -20.978 0.8999999762
26429  26.025  -64.023  -21.416 0.8999999762
26434  25.376  -63.780  -21.988 0.8999999762
25423  24.299  -64.224  -22.367 0.8999999762
26435  23.524  -63.290  -22.511 0.8999999762
26437  22.024  -63.819  -22.652 0.8999999762
141797  3.568  -59.131  -16.125 0.6000000238
27401  21.958  -62.225  -22.478 0.8999999762
141598  20.603  -62.875  -22.576 1.0000000000
141597  19.553  -62.878  -22.667 1.0000000000
153941  17.575  -63.038  -22.682 1.0000000000
30315  6.250  -60.069  -17.747 0.8999999762
30292  3.880  -59.955  -16.050 0.6000000238
30294  2.641  -59.848  -16.566 0.5000000000
27404  18.837  -62.443  -22.751 1.0000000000
27405  17.206  -62.390  -22.689 1.0000000000
31310  9.207  -58.898  -19.116 1.0000000000
140980  16.746  -61.663  -22.753 1.0000000000
27406  16.371  -62.379  -22.565 1.0000000000
156900  15.201  -61.631  -22.482 1.0000000000
28347  13.824  -61.597  -21.937 1.0000000000
29335  8.792  -60.446  -20.146 1.0000000000
30380  9.244  -59.798  -20.155 1.0000000000
28348  12.463  -61.295  -21.701 1.0000000000
29345  11.920  -60.574  -21.760 1.0000000000
29346  11.101  -60.265  -21.440 1.0000000000
30378  10.864  -59.530  -20.977 1.0000000000
30363  10.084  -59.258  -20.241 1.0000000000
28311  21.617  -61.152  -18.995 0.8000000119
29320  21.366  -60.636  -18.844 0.5000000000
144540  19.647  -60.601  -17.944 0.5000000000
31292  18.104  -59.689  -17.809 0.5000000000
31271  17.312  -59.459  -17.483 0.3000000119
153410  23.893  -61.584  -18.117 0.8999999762
28310  22.350  -61.385  -18.790 0.6999999881
27322  25.940  -62.176  -18.190 0.8999999762
27323  24.869  -62.333  -18.033 0.8999999762
28309  27.108  -62.040  -18.463 0.8000000119
27347  27.031  -62.873  -18.948 0.8999999762
27371  27.242  -63.041  -20.412 0.8999999762
27370  27.401  -62.344  -21.214 0.8999999762
27386  26.882  -62.856  -21.623 0.8999999762
27398  25.226  -62.901  -22.210 0.8999999762
27399  24.037  -62.575  -22.446 0.8999999762
31255  4.157  -58.397  -16.443 0.6000000238
27402  21.060  -62.156  -22.550 1.0000000000
27403  20.169  -62.126  -22.633 1.0000000000
143225  8.839  -58.351  -18.493 1.0000000000
31294  7.874  -58.495  -18.142 1.0000000000
31276  6.165  -58.994  -17.540 0.8999999762
30317  4.548  -59.134  -16.505 0.6000000238
31256  3.362  -58.358  -16.583 0.6000000238
28358  20.622  -61.424  -22.648 1.0000000000
28360  18.719  -61.636  -22.834 1.0000000000
28361  17.662  -61.616  -22.805 1.0000000000
30408  13.310  -59.951  -22.510 1.0000000000
30389  12.969  -59.370  -22.100 1.0000000000
31337  13.229  -58.704  -21.571 1.0000000000
31322  10.656  -58.644  -19.819 1.0000000000
31309  10.297  -58.366  -19.067 1.0000000000
30345  8.499  -59.086  -18.811 1.0000000000
145719  17.123  -60.902  -22.946 1.0000000000
28363  15.395  -60.965  -22.813 1.0000000000
28364  14.486  -61.126  -22.535 1.0000000000
29365  12.796  -60.620  -22.129 1.0000000000
30409  12.483  -59.874  -22.076 1.0000000000
30390  12.397  -59.226  -21.672 1.0000000000
30391  11.732  -59.128  -21.180 1.0000000000
32301  12.137  -58.487  -20.310 1.0000000000
162111  10.709  -59.031  -20.436 1.0000000000
30364  9.430  -59.218  -19.728 1.0000000000
29319  23.478  -60.239  -18.645 0.5000000000
157906  22.228  -60.628  -19.036 0.6999999881
30358  21.136  -59.920  -18.585 0.4000000060
31290  19.810  -59.165  -17.721 0.2000000030
138612  18.211  -59.043  -17.205 0.3000000119
151678  23.941  -60.929  -18.324 0.6999999881
28284  23.073  -60.911  -18.745 0.6999999881
32227  19.220  -57.089  -16.273 0.1000000015
28282  25.808  -61.267  -18.092 0.8000000119
28283  24.768  -61.433  -18.069 0.8000000119
28308  27.868  -61.559  -19.300 0.8000000119
144741  27.890  -61.699  -20.792 0.8000000119
28345  26.802  -62.041  -21.893 0.8999999762
28354  24.787  -61.833  -22.364 0.8999999762
29354  24.041  -60.895  -22.462 0.8999999762
28356  22.440  -61.498  -22.507 0.8999999762
28357  21.516  -61.438  -22.563 0.8999999762
31295  6.895  -58.261  -17.625 0.8999999762
153622  5.140  -58.177  -16.816 0.6999999881
144648  21.080  -60.687  -22.665 1.0000000000
144647  20.172  -60.708  -22.769 1.0000000000
144645  18.125  -60.715  -22.973 1.0000000000
32286  10.933  -58.123  -18.961 1.0000000000
31293  9.662  -58.324  -18.760 1.0000000000
32271  9.338  -57.589  -18.082 1.0000000000
32273  7.465  -57.487  -17.539 0.8999999762
32250  7.967  -56.597  -17.404 0.8000000119
29361  17.345  -60.145  -23.205 1.0000000000
29362  16.620  -60.337  -23.156 1.0000000000
153659  14.812  -60.252  -22.909 1.0000000000
30407  14.196  -59.492  -22.679 1.0000000000
31358  14.091  -58.716  -22.139 1.0000000000
31319  14.181  -58.300  -21.328 1.0000000000
136651  12.932  -58.410  -20.614 1.0000000000
31308  11.500  -58.362  -19.634 1.0000000000
161791  11.106  -57.410  -18.274 1.0000000000
146054  15.851  -59.242  -22.990 1.0000000000
31357  15.423  -58.652  -22.628 1.0000000000
158875  22.327  -59.753  -18.962 0.4000000060
31307  21.910  -59.263  -18.672 0.4000000060
144194  20.630  -58.839  -17.857 0.3000000119
31269  20.204  -58.509  -17.315 0.2000000030
30337  23.944  -59.639  -18.579 0.5000000000
32226  20.147  -57.085  -16.488 0.1000000015
29293  24.601  -60.497  -18.148 0.5000000000
29292  25.758  -60.378  -18.034 0.5000000000
29317  27.882  -60.650  -18.708 0.8000000119
29332  28.211  -60.762  -20.385 0.6999999881
29344  26.671  -61.052  -22.020 0.8000000119
158331  24.938  -61.020  -22.398 0.8999999762
144615  22.964  -60.753  -22.545 0.8999999762
151244  24.688  -60.204  -22.456 0.8999999762
144614  22.000  -60.681  -22.591 0.8999999762
159829  6.523  -57.325  -17.245 0.8000000119
32253  5.631  -57.265  -16.969 0.6000000238
32240  3.947  -57.790  -16.633 0.5000000000
29357  21.546  -59.903  -22.667 0.8999999762
29359  19.730  -59.969  -22.903 1.0000000000
157499  18.030  -59.930  -23.156 1.0000000000
33239  9.887  -56.762  -17.515 1.0000000000
33240  8.924  -56.711  -17.487 1.0000000000
33218  7.494  -55.668  -17.245 0.8000000119
32252  6.094  -56.529  -17.120 0.6999999881
32254  4.054  -56.842  -17.304 0.4000000060
31277  2.991  -57.914  -17.461 0.4000000060
30402  19.315  -59.168  -22.900 1.0000000000
30405  16.654  -59.514  -23.155 1.0000000000
31320  13.636  -58.302  -20.758 1.0000000000
161054  12.799  -58.243  -19.842 1.0000000000
145993  13.059  -57.862  -19.100 1.0000000000
141014  11.704  -57.798  -18.683 1.0000000000
139935  17.147  -58.820  -22.927 1.0000000000
31356  16.376  -58.528  -22.719 1.0000000000
138391  14.925  -58.268  -21.940 1.0000000000
32319  15.001  -57.965  -20.897 1.0000000000
30355  23.536  -58.922  -18.829 0.3000000119
145500  22.516  -58.907  -18.902 0.3000000119
32265  21.921  -57.543  -18.235 0.3000000119
32266  21.383  -57.596  -17.867 0.1000000015
33213  20.793  -56.797  -16.973 0.1000000015
33233  21.709  -56.705  -18.245 0.1000000015
33234  21.211  -56.867  -17.729 0.1000000015
33192  20.936  -55.979  -16.802 0.1000000015
147175  24.968  -59.695  -18.067 0.5000000000
34170  21.087  -55.619  -17.714 0.1000000015
35067  21.378  -54.326  -16.816 0.1000000015
36921  21.509  -52.079  -15.935 0.1000000015
156830  26.736  -60.288  -18.089 0.5000000000
37923  21.595  -51.715  -16.485 0.1000000015
145170  21.537  -48.949  -15.121 0.1000000015
30335  27.436  -59.773  -18.215 0.5000000000
39808  21.448  -49.356  -15.981 0.1000000015
29316  28.306  -59.870  -19.545 0.6000000238
30377  28.099  -60.044  -21.685 0.8000000119
143820  25.870  -59.992  -22.252 0.8000000119
156397  24.962  -59.433  -22.472 0.8000000119
30401  24.095  -59.368  -22.563 0.8000000119
29356  22.540  -59.819  -22.619 0.8999999762
147871  22.707  -58.902  -22.608 0.8999999762
29358  20.642  -59.945  -22.750 1.0000000000
147880  20.231  -59.206  -22.781 1.0000000000
34172  7.980  -54.963  -17.301 0.8000000119
34173  7.136  -55.230  -17.504 0.6999999881
34175  5.553  -55.882  -17.851 0.5000000000
33242  3.711  -56.739  -17.966 0.4000000060
32274  3.162  -57.241  -18.198 0.2000000030
164749  19.912  -58.610  -22.702 1.0000000000
146407  18.735  -58.719  -22.827 1.0000000000
32300  13.579  -58.120  -19.801 1.0000000000
32268  12.519  -57.336  -18.441 1.0000000000
33238  10.814  -56.698  -17.610 1.0000000000
33216  9.396  -55.755  -17.278 0.8999999762
31311  3.055  -58.098  -18.588 0.1000000015
32332  17.272  -58.131  -22.483 1.0000000000
31335  16.671  -57.723  -21.977 1.0000000000
164074  15.498  -57.824  -21.429 1.0000000000
32299  14.350  -58.051  -20.287 1.0000000000
157392  13.729  -57.603  -18.943 1.0000000000
32298  15.689  -57.403  -20.720 1.0000000000
31305  22.914  -58.223  -18.980 0.3000000119
32282  22.835  -57.482  -18.944 0.2000000030
33255  22.077  -56.703  -18.734 0.1000000015
34206  21.685  -56.054  -18.916 0.1000000015
140626  24.355  -59.008  -18.338 0.5000000000
32280  23.749  -57.665  -18.822 0.3000000119
32281  23.342  -57.509  -19.039 0.4000000060
147147  21.288  -56.016  -18.260 0.1000000015
161403  20.950  -55.472  -18.385 0.1000000015
35095  20.628  -54.848  -18.376 0.1000000015
156925  25.232  -59.056  -18.021 0.4000000060
35078  21.170  -54.790  -17.419 0.1000000015
37941  21.434  -52.026  -17.181 0.1000000015
31285  26.980  -58.956  -17.960 0.4000000060
38864  21.430  -51.031  -16.871 0.1000000015
31284  28.024  -59.154  -18.711 0.4000000060
30376  28.398  -59.386  -20.832 0.6999999881
30387  28.008  -59.193  -22.013 0.6999999881
30388  26.889  -59.328  -22.196 0.8000000119
31333  27.364  -58.508  -22.248 0.6999999881
30400  25.629  -59.000  -22.373 0.8000000119
31349  24.633  -58.621  -22.509 0.8000000119
31351  22.240  -58.344  -22.571 0.8000000119
35083  6.784  -54.925  -17.939 0.6999999881
34176  4.792  -56.107  -18.098 0.3000000119
33241  4.180  -56.407  -18.462 0.3000000119
32287  3.259  -57.276  -19.041 0.1000000015
32328  21.889  -57.695  -22.506 0.8000000119
31353  20.662  -58.358  -22.605 1.0000000000
33237  12.815  -56.264  -17.722 1.0000000000
34192  10.843  -54.829  -17.581 0.8999999762
149843  9.796  -54.840  -17.434 0.8999999762
35081  7.994  -54.546  -17.680 0.8000000119
31323  3.484  -57.911  -19.869 0.1000000015
139949  17.980  -57.915  -22.344 1.0000000000
32317  17.621  -57.372  -21.822 1.0000000000
139830  16.123  -57.458  -21.382 1.0000000000
32284  14.359  -57.568  -19.272 1.0000000000
33236  13.685  -56.084  -17.928 1.0000000000
34191  12.021  -55.283  -17.573 1.0000000000
31340  3.734  -58.249  -20.986 0.1000000015
33292  17.711  -56.650  -21.214 1.0000000000
32297  16.323  -57.029  -20.696 1.0000000000
33275  15.189  -57.380  -19.813 1.0000000000
33256  15.601  -56.353  -19.236 1.0000000000
33257  14.916  -56.712  -18.752 1.0000000000
162746  14.569  -55.245  -18.422 1.0000000000
33254  22.640  -56.734  -19.059 0.2000000030
34188  21.005  -55.392  -19.052 0.1000000015
32264  24.330  -57.894  -18.241 0.3000000119
33252  23.678  -56.823  -19.033 0.3000000119
33253  23.291  -56.700  -19.179 0.3000000119
144896  23.109  -56.039  -19.517 0.2000000030
35971  20.363  -54.167  -18.040 0.1000000015
32263  25.425  -57.723  -17.884 0.3000000119
33232  24.314  -57.131  -18.268 0.3000000119
37942  20.538  -51.610  -17.503 0.1000000015
38865  20.597  -50.801  -17.281 0.1000000015
32262  26.744  -58.080  -17.822 0.4000000060
31302  28.534  -59.165  -19.747 0.5000000000
31318  28.654  -58.774  -20.520 0.6000000238
31332  28.361  -58.644  -21.657 0.6000000238
32313  28.108  -57.871  -22.316 0.5000000000
31334  26.198  -58.387  -22.234 0.8000000119
31348  25.375  -58.300  -22.386 0.8000000119
32325  24.070  -57.813  -22.544 0.8000000119
32326  23.253  -57.736  -22.531 0.8000000119
34194  5.477  -55.802  -18.534 0.5000000000
34216  4.961  -55.991  -19.562 0.1000000015
158767  3.990  -56.166  -20.382 0.1000000015
32327  22.563  -57.708  -22.513 0.8000000119
32330  19.966  -57.937  -22.465 0.8000000119
163701  10.020  -54.138  -17.899 0.8999999762
150336  19.251  -57.651  -22.280 1.0000000000
32331  18.494  -57.457  -22.027 1.0000000000
32316  18.354  -56.754  -21.512 0.8999999762
34190  13.082  -55.285  -17.915 1.0000000000
35098  12.398  -54.497  -18.531 1.0000000000
35124  7.753  -54.598  -18.630 0.6999999881
33272  17.368  -56.132  -20.713 1.0000000000
33273  16.660  -56.363  -20.411 1.0000000000
34209  15.111  -55.715  -18.619 1.0000000000
160485  14.950  -54.853  -18.884 1.0000000000
140174  24.188  -56.353  -18.787 0.2000000030
34204  23.470  -55.372  -20.091 0.1000000015
35114  21.435  -54.676  -19.863 0.1000000015
35983  19.959  -53.972  -18.636 0.1000000015
34203  24.396  -55.606  -19.125 0.2000000030
35994  22.205  -53.832  -20.352 0.1000000015
35996  20.013  -53.457  -19.400 0.1000000015
35997  19.589  -53.260  -18.700 0.1000000015
37943  19.386  -52.160  -17.865 0.1000000015
33230  26.722  -57.048  -17.903 0.3000000119
146295  26.120  -56.270  -17.945 0.3000000119
34202  25.065  -55.113  -18.452 0.3000000119
36968  19.538  -52.821  -19.113 0.1000000015
37960  19.020  -52.182  -18.178 0.1000000015
141699  28.130  -56.927  -18.377 0.3000000119
140657  28.707  -58.480  -19.320 0.3000000119
138334  29.040  -57.340  -19.632 0.3000000119
151164  28.825  -57.150  -21.592 0.5000000000
32314  26.715  -57.684  -22.207 0.8000000119
163269  25.344  -56.975  -22.301 0.8000000119
33299  24.653  -57.110  -22.425 0.8000000119
33300  23.274  -56.325  -22.421 0.8000000119
144610  22.265  -57.154  -22.453 0.8000000119
33302  21.529  -56.848  -22.317 0.8000000119
146670  19.904  -57.176  -22.070 0.8000000119
164481  12.251  -54.363  -19.343 0.8999999762
35120  11.587  -54.409  -19.338 0.8999999762
35079  10.774  -54.225  -17.976 0.8999999762
35122  9.589  -54.319  -18.700 0.8000000119
33303  20.569  -56.597  -22.035 0.8000000119
33304  19.757  -56.352  -21.731 1.0000000000
33290  18.984  -56.161  -21.378 0.8000000119
155765  18.193  -55.937  -20.967 0.8999999762
35097  13.344  -54.634  -18.667 1.0000000000
34238  8.042  -55.054  -19.737 0.8000000119
34230  17.628  -55.409  -20.634 0.8999999762
34231  16.910  -55.374  -20.252 1.0000000000
34232  16.263  -55.898  -19.706 1.0000000000
34207  16.214  -54.919  -19.741 1.0000000000
35096  14.155  -54.698  -18.796 1.0000000000
148033  24.100  -52.983  -20.094 0.1000000015
156423  26.842  -56.363  -18.037 0.3000000119
35094  25.033  -54.199  -18.561 0.1000000015
158379  20.790  -53.131  -20.012 0.1000000015
37974  19.203  -52.199  -18.745 0.1000000015
33229  27.595  -56.326  -18.198 0.3000000119
162458  26.589  -54.879  -18.084 0.3000000119
33271  28.912  -56.271  -20.625 0.3000000119
33251  28.665  -56.277  -19.057 0.3000000119
32296  28.783  -58.105  -20.927 0.4000000060
34228  28.605  -55.474  -19.876 0.2000000030
33287  28.316  -56.103  -21.997 0.4000000060
152198  27.510  -56.928  -22.250 0.4000000060
33289  26.075  -56.796  -22.080 0.5000000000
152317  25.783  -55.756  -21.992 0.6000000238
149097  24.174  -56.256  -22.394 0.6999999881
34270  23.641  -55.381  -22.341 0.6999999881
34271  22.802  -55.746  -22.337 0.6999999881
34272  21.949  -55.684  -22.206 0.8000000119
143767  21.135  -55.990  -21.995 0.8000000119
34256  19.571  -55.409  -21.397 0.8000000119
34257  18.829  -55.474  -21.071 0.8000000119
34234  11.261  -55.151  -20.656 0.8000000119
34235  10.422  -55.293  -20.920 0.8000000119
35134  17.380  -54.705  -20.544 0.8999999762
35135  16.660  -54.473  -20.307 1.0000000000
35136  15.964  -54.146  -20.111 0.8999999762
163704  15.261  -54.046  -20.423 0.8999999762
35117  14.380  -54.376  -19.689 1.0000000000
35118  13.549  -54.432  -19.704 0.8999999762
34241  5.173  -55.395  -20.655 0.1000000015
146994  26.665  -54.096  -18.093 0.2000000030
35110  28.028  -54.740  -19.380 0.2000000030
35152  27.627  -54.756  -21.306 0.3000000119
34254  26.619  -55.033  -21.738 0.4000000060
34269  24.770  -55.398  -22.218 0.6000000238
34233  11.860  -55.240  -21.240 0.8999999762
34236  9.515  -55.173  -20.774 0.8000000119
34237  8.518  -55.033  -20.674 0.6000000238
34213  7.129  -55.059  -19.566 0.6000000238
35177  21.856  -54.787  -22.204 0.6999999881
34273  21.131  -55.077  -21.939 0.6999999881
36029  20.217  -54.011  -21.717 0.8000000119
36010  15.674  -53.744  -20.853 0.8999999762
35137  14.571  -54.287  -20.588 0.8999999762
35139  12.820  -55.197  -20.981 0.8999999762
163034  10.598  -55.198  -21.204 0.8000000119
148929  9.817  -54.435  -21.343 0.6999999881
35163  8.088  -54.397  -21.097 0.4000000060
35142  6.159  -54.469  -20.741 0.4000000060
35155  19.573  -54.359  -21.367 0.8000000119
35156  18.719  -54.156  -20.945 0.8000000119
35157  17.793  -54.062  -20.706 0.8000000119
36033  16.086  -53.320  -21.240 0.8999999762
35138  13.768  -54.720  -20.892 0.8999999762
35160  11.671  -55.060  -21.493 0.8000000119
36038  11.416  -54.439  -21.530 0.6999999881
36039  10.547  -53.934  -21.332 0.6000000238
36999  9.669  -53.506  -21.091 0.5000000000
36014  6.919  -53.926  -20.851 0.3000000119
140900  11.291  -53.256  -21.126 0.5000000000
36998  10.433  -52.914  -20.844 0.5000000000
156347  27.585  -53.462  -19.538 0.1000000015
36961  27.255  -52.783  -19.620 0.1000000015
36007  26.901  -53.383  -20.925 0.2000000030
36977  26.123  -52.167  -20.893 0.2000000030
36990  25.421  -52.379  -21.441 0.2000000030
35154  25.809  -54.173  -21.727 0.2000000030
36027  25.570  -53.275  -21.600 0.3000000119
36051  24.172  -53.023  -22.090 0.4000000060
35173  25.012  -54.575  -22.014 0.6000000238
143798  23.850  -53.796  -22.278 0.4000000060
36052  23.329  -53.047  -22.369 0.4000000060
35175  23.502  -54.506  -22.330 0.4000000060
144344  22.989  -53.904  -22.396 0.4000000060
146858  22.150  -54.080  -22.351 0.6000000238
149152  21.514  -52.915  -22.412 0.6000000238
36055  20.813  -53.427  -22.111 0.6999999881
36035  14.735  -54.654  -22.582 0.8999999762
35158  14.244  -55.083  -21.912 0.8999999762
35162  9.136  -54.736  -21.121 0.6999999881
163576  19.768  -53.790  -21.559 0.8000000119
36031  18.178  -53.299  -21.017 0.8000000119
36032  17.088  -53.375  -20.953 0.8000000119
36994  16.559  -52.792  -21.576 0.8000000119
146777  13.416  -55.354  -22.005 0.8999999762
36036  13.139  -55.131  -22.427 0.6999999881
36037  12.262  -54.933  -22.044 0.6999999881
36012  8.742  -52.911  -20.708 0.5000000000
36013  7.803  -53.538  -20.903 0.3000000119
150692  12.845  -54.321  -22.362 0.5000000000
141366  12.073  -53.788  -21.637 0.5000000000
36979  9.683  -52.648  -20.641 0.4000000060
141329  6.632  -52.898  -20.532 0.2000000030
36978  11.089  -52.198  -20.638 0.3000000119
139284  10.195  -51.994  -20.404 0.4000000060
37983  26.331  -51.554  -20.169 0.2000000030
38906  25.790  -50.736  -20.404 0.2000000030
38936  24.418  -50.727  -21.646 0.2000000030
37998  24.879  -51.546  -21.545 0.2000000030
38010  24.095  -51.506  -21.980 0.2000000030
37009  23.730  -52.256  -22.227 0.3000000119
37010  22.860  -52.215  -22.465 0.4000000060
146173  23.040  -50.805  -22.377 0.2000000030
38011  23.338  -51.469  -22.324 0.3000000119
38012  22.542  -51.337  -22.499 0.3000000119
37011  21.851  -52.070  -22.528 0.5000000000
37012  20.912  -52.388  -22.345 0.6000000238
38013  20.998  -51.458  -22.478 0.5000000000
37014  19.283  -51.941  -21.786 0.6000000238
36992  18.581  -52.463  -21.426 0.6999999881
37016  16.858  -52.113  -21.925 0.8000000119
149661  16.204  -52.593  -22.311 0.8000000119
36057  15.302  -54.002  -23.016 0.6999999881
36058  14.548  -54.387  -23.309 0.8000000119
36996  13.401  -53.356  -22.549 0.6999999881
37027  15.619  -52.980  -23.158 0.8000000119
36066  15.152  -53.696  -23.480 0.6000000238
37018  14.012  -53.751  -23.298 0.6999999881
36997  12.756  -52.849  -21.614 0.4000000060
38001  12.051  -52.353  -20.941 0.3000000119
142244  8.349  -51.953  -20.066 0.5000000000
36980  7.556  -52.463  -20.338 0.2000000030
38908  12.140  -50.991  -20.633 0.3000000119
38909  11.347  -50.684  -20.294 0.3000000119
147792  9.284  -51.951  -20.211 0.3000000119
38910  10.454  -50.503  -19.980 0.3000000119
38925  24.793  -50.088  -21.264 0.2000000030
161165  23.662  -50.719  -22.075 0.2000000030
38940  21.003  -50.547  -22.533 0.3000000119
38014  20.203  -50.880  -22.285 0.5000000000
161179  18.533  -51.756  -21.631 0.5000000000
38018  17.025  -51.486  -22.485 0.5000000000
38028  14.767  -52.166  -23.644 0.5000000000
38019  13.976  -52.490  -22.934 0.4000000060
37999  13.241  -52.105  -21.826 0.4000000060
38000  12.727  -51.649  -20.987 0.3000000119
38928  12.713  -50.566  -20.912 0.3000000119
39871  10.072  -49.725  -19.869 0.3000000119
38912  8.509  -50.085  -19.699 0.2000000030
39869  11.942  -50.149  -20.487 0.3000000119
138640  11.048  -49.885  -20.146 0.3000000119
39868  24.873  -49.290  -20.856 0.2000000030
38926  23.921  -49.682  -21.653 0.2000000030
38937  23.144  -50.098  -22.237 0.2000000030
38938  22.399  -50.418  -22.491 0.2000000030
145907  22.402  -49.040  -22.393 0.3000000119
164548  12.288  -49.084  -20.871 0.3000000119
39870  11.677  -49.247  -20.535 0.3000000119
857  7.035  -98.254  -22.543 1.0000000000
1396  6.094  -96.423  -19.539 1.0000000000
1106  6.523  -97.326  -21.067 1.0000000000
837  7.751  -98.653  -20.770 1.0000000000
139520  6.002  -96.576  -21.652 1.0000000000
603  8.376  -99.810  -23.007 0.8999999762
161238  6.265  -95.488  -21.183 1.0000000000
1097  7.191  -98.031  -20.313 1.0000000000
2643  7.172  -93.212  -18.591 1.0000000000
3115  8.572  -92.584  -18.246 1.0000000000
3117  6.658  -92.593  -18.212 1.0000000000
137583  5.422  -91.215  -17.546 0.8999999762
1739  6.357  -95.312  -16.401 0.8999999762
4256  5.126  -90.461  -17.684 0.8999999762
4911  7.914  -89.621  -17.698 1.0000000000
157492  6.406  -89.404  -18.404 1.0000000000
12884  3.255  -77.995  -20.445 0.6000000238
9033  4.007  -84.138  -21.935 1.0000000000
164392  3.391  -83.388  -22.864 1.0000000000
11311  4.015  -80.894  -21.669 0.8999999762
9746  6.428  -83.014  -20.053 1.0000000000
143222  3.749  -79.952  -21.307 0.8000000119
10532  5.302  -81.496  -18.807 0.8999999762
35125  6.948  -54.880  -18.527 0.5000000000
146952  4.561  -55.902  -20.407 0.1000000015
32303  3.668  -57.386  -20.767 0.1000000015
34215  5.678  -55.682  -19.562 0.3000000119
33276  4.319  -55.785  -21.021 0.1000000015
34260  4.709  -55.193  -21.060 0.1000000015
33259  4.154  -56.290  -19.462 0.1000000015
34239  6.532  -55.115  -20.256 0.3000000119
34240  5.806  -55.250  -20.492 0.3000000119
32302  3.970  -56.553  -21.136 0.1000000015
35143  5.171  -54.156  -20.923 0.1000000015
1570  19.414  -96.586  -38.506 0.8999999762
521  18.123  -99.520  -38.664 0.8999999762
158422  18.883  -98.401  -39.188 0.8999999762
1250  10.779  -97.211  -37.853 0.8000000119
1266  21.556  -97.708  -39.830 0.6999999881
2399  22.071  -94.679  -39.544 0.8999999762
743  11.891  -98.641  -38.874 0.8999999762
146506  10.628  -97.588  -32.660 0.8000000119
1248  16.480  -97.816  -36.839 0.8999999762
1241  17.982  -97.600  -36.656 0.8999999762
162263  22.264  -93.713  -36.568 0.8999999762
1967  20.873  -95.272  -38.913 0.8999999762
1968  20.156  -95.915  -38.951 0.8999999762
2844  22.830  -93.614  -38.290 0.8999999762
2857  23.995  -93.282  -39.838 0.8999999762
143866  25.548  -91.988  -38.755 0.8999999762
3905  25.660  -91.909  -39.717 0.8999999762
4603  29.689  -90.731  -43.408 1.0000000000
3335  24.768  -92.421  -37.218 0.8999999762
141036  30.673  -89.705  -43.898 1.0000000000
5232  28.678  -89.191  -41.163 1.0000000000
155325  8.868  -96.216  -35.873 0.8000000119
148175  28.696  -89.926  -38.511 1.0000000000
143717  29.782  -87.800  -37.704 1.0000000000
4569  31.290  -89.689  -40.697 0.8999999762
1538  8.036  -96.700  -34.921 0.8000000119
1521  7.340  -97.008  -32.901 0.8000000119
1214  7.776  -97.846  -32.683 0.6999999881
964  8.391  -98.253  -33.150 0.8000000119
1926  6.898  -95.318  -34.168 0.8999999762
1150  11.014  -96.948  -26.038 0.6000000238
889  6.992  -98.024  -25.221 1.0000000000
6461  29.869  -87.306  -38.266 1.0000000000
7105  29.598  -86.209  -40.245 1.0000000000
7106  27.597  -85.742  -40.235 1.0000000000
6498  29.546  -86.678  -40.934 1.0000000000
7131  32.479  -86.554  -42.037 0.6999999881
7122  27.357  -85.788  -41.068 1.0000000000
7142  32.752  -85.929  -42.742 0.8000000119
149900  32.353  -85.344  -44.156 0.8999999762
8586  34.344  -83.165  -44.645 0.6999999881
6557  30.821  -86.991  -46.104 0.8999999762
2802  7.327  -93.745  -34.467 1.0000000000
3293  8.882  -92.497  -34.373 1.0000000000
3832  9.778  -92.022  -34.111 1.0000000000
869  6.577  -97.659  -23.295 1.0000000000
155866  8.113  -99.419  -22.220 1.0000000000
2790  19.674  -93.902  -32.883 1.0000000000
7847  0.559  -85.473  -42.586 0.6999999881
7154  26.610  -86.149  -44.629 1.0000000000
7183  28.357  -86.550  -47.153 1.0000000000
7909  30.919  -85.050  -47.606 0.8999999762
9326  32.247  -83.071  -47.622 0.8999999762
1814  9.131  -95.181  -24.070 1.0000000000
6452  25.329  -86.498  -37.819 1.0000000000
154172  6.758  -88.516  -44.733 0.6999999881
146259  25.506  -87.073  -42.153 1.0000000000
156574  25.390  -87.605  -43.586 1.0000000000
1389  5.861  -95.899  -19.202 1.0000000000
7063  1.218  -85.518  -37.378 1.0000000000
5239  9.777  -89.210  -41.288 1.0000000000
5948  7.507  -88.435  -44.666 0.6999999881
6550  8.391  -87.173  -45.462 0.6000000238
5915  25.043  -87.872  -42.104 1.0000000000
10855  32.942  -81.289  -48.170 0.6999999881
163785  29.232  -83.908  -48.618 0.8999999762
1761  11.080  -95.201  -20.198 1.0000000000
139345  12.519  -89.349  -40.786 1.0000000000
5930  11.262  -88.397  -42.964 0.8999999762
164630  10.270  -87.260  -44.412 0.6999999881
150628  25.562  -84.914  -48.200 0.8000000119
3142  11.635  -92.992  -21.384 1.0000000000
1781  12.042  -94.471  -21.266 1.0000000000
3118  5.997  -92.837  -18.080 1.0000000000
147977  6.031  -94.260  -18.933 1.0000000000
3144  9.758  -92.388  -21.688 1.0000000000
3314  2.826  -92.235  -35.466 1.0000000000
7769  1.341  -85.625  -36.428 1.0000000000
12213  2.474  -79.705  -34.470 0.5000000000
5190  23.321  -88.511  -38.382 1.0000000000
4592  12.433  -90.750  -42.906 1.0000000000
5262  11.961  -89.522  -43.878 0.8999999762
5946  11.756  -88.077  -44.452 0.8000000119
7171  10.423  -86.175  -45.445 0.6999999881
3383  23.328  -91.883  -42.062 1.0000000000
149733  28.820  -82.277  -48.378 0.8000000119
143227  23.079  -87.007  -48.200 0.8999999762
4334  7.772  -90.667  -21.589 1.0000000000
160017  8.499  -91.712  -21.906 1.0000000000
164039  6.220  -89.708  -36.153 1.0000000000
5833  7.812  -88.538  -36.301 1.0000000000
3835  2.276  -91.659  -34.424 1.0000000000
4512  15.885  -90.641  -37.328 1.0000000000
3366  15.218  -92.662  -39.734 1.0000000000
5859  23.116  -88.077  -37.746 1.0000000000
2875  14.513  -93.391  -41.245 1.0000000000
2427  14.817  -94.199  -41.610 1.0000000000
3400  12.822  -92.260  -43.272 1.0000000000
3939  23.017  -91.899  -41.109 1.0000000000
140241  12.659  -90.336  -44.933 0.8999999762
3960  12.614  -91.551  -44.155 1.0000000000
5277  12.023  -88.915  -44.521 0.8000000119
6530  11.948  -87.543  -45.234 0.8000000119
6549  12.004  -86.672  -45.791 0.6999999881
154005  11.224  -84.821  -46.369 0.6999999881
5289  13.320  -89.718  -45.553 0.8000000119
7169  12.870  -86.916  -46.148 0.6999999881
3375  22.449  -92.429  -40.782 1.0000000000
2894  22.713  -93.729  -43.608 1.0000000000
2897  22.596  -93.529  -44.294 1.0000000000
3961  22.676  -91.419  -45.385 1.0000000000
2904  21.053  -93.181  -46.342 1.0000000000
7211  22.853  -86.174  -48.260 0.8999999762
5302  21.103  -89.377  -47.864 0.8999999762
2628  10.401  -93.007  -17.958 1.0000000000
3116  7.576  -92.398  -18.259 1.0000000000
4934  10.883  -89.613  -20.006 1.0000000000
5601  9.133  -89.345  -19.854 1.0000000000
5614  7.722  -89.001  -20.106 1.0000000000
4380  9.458  -90.553  -27.440 1.0000000000
4970  5.540  -89.039  -22.285 1.0000000000
6293  5.053  -87.805  -22.223 1.0000000000
4463  1.990  -90.987  -32.982 1.0000000000
5165  14.108  -88.878  -36.113 1.0000000000
3862  17.254  -91.181  -36.733 1.0000000000
9129  1.708  -83.762  -32.358 1.0000000000
3323  18.631  -92.188  -36.980 1.0000000000
2846  18.693  -93.120  -37.980 1.0000000000
2426  15.617  -94.667  -41.351 1.0000000000
2006  15.126  -95.023  -42.089 1.0000000000
2899  13.397  -92.421  -44.169 1.0000000000
2012  21.119  -95.305  -43.140 1.0000000000
2442  20.780  -94.983  -44.914 1.0000000000
152145  20.424  -95.175  -43.456 1.0000000000
151811  19.570  -94.365  -45.553 1.0000000000
10860  28.730  -81.090  -48.351 0.6999999881
4629  19.865  -90.543  -47.737 0.8999999762
9338  23.688  -83.700  -48.147 0.6999999881
7212  22.046  -86.057  -48.303 0.6999999881
6573  20.321  -87.620  -48.268 0.6000000238
3750  10.837  -91.179  -28.730 1.0000000000
4462  5.730  -90.474  -33.790 1.0000000000
4493  18.439  -91.133  -36.146 1.0000000000
138627  18.698  -94.024  -39.127 1.0000000000
1598  17.337  -95.896  -42.179 1.0000000000
2019  14.542  -95.038  -43.688 1.0000000000
1605  16.151  -95.964  -43.259 1.0000000000
2028  14.311  -94.558  -44.285 1.0000000000
164650  20.384  -92.153  -37.603 1.0000000000
1991  19.014  -95.194  -41.037 1.0000000000
2008  20.315  -95.788  -42.838 1.0000000000
2030  19.171  -94.788  -44.425 1.0000000000
2024  18.138  -95.099  -44.126 1.0000000000
2009  19.610  -96.051  -42.410 1.0000000000
146244  15.366  -84.398  -46.567 0.2000000030
3415  16.413  -92.990  -45.211 1.0000000000
154051  16.441  -94.136  -45.231 1.0000000000
3968  18.903  -91.522  -46.346 0.6000000238
4630  18.920  -90.878  -47.040 0.6000000238
9339  22.845  -83.019  -48.084 0.4000000060
3089  12.439  -92.003  -16.759 1.0000000000
6910  9.713  -86.543  -21.622 1.0000000000
6912  7.315  -86.877  -21.738 1.0000000000
6931  5.931  -86.254  -24.170 1.0000000000
6923  6.960  -86.252  -23.043 1.0000000000
7040  12.911  -86.092  -35.092 1.0000000000
5161  17.626  -89.431  -35.088 1.0000000000
136775  2.077  -83.194  -30.937 0.8999999762
3322  19.421  -92.162  -36.978 1.0000000000
2400  19.118  -94.347  -39.787 1.0000000000
2002  18.513  -95.609  -41.591 1.0000000000
1603  17.783  -96.180  -42.602 1.0000000000
2909  15.019  -92.329  -45.263 1.0000000000
154584  16.750  -90.483  -46.124 0.8000000119
156654  16.808  -90.999  -45.341 0.6999999881
154669  16.924  -87.919  -46.541 0.6999999881
136191  17.776  -89.074  -45.869 0.6999999881
135543  16.875  -85.825  -46.082 0.5000000000
9303  14.686  -83.244  -46.198 0.2000000030
136231  19.062  -90.880  -45.792 0.6000000238
3627  7.804  -90.873  -17.953 1.0000000000
3638  7.675  -91.527  -18.098 1.0000000000
140259  8.986  -85.894  -22.751 1.0000000000
7568  10.909  -85.789  -22.632 1.0000000000
5736  11.046  -88.560  -29.898 1.0000000000
7586  8.359  -85.482  -24.490 1.0000000000
155124  8.097  -85.346  -25.196 1.0000000000
5127  9.547  -89.192  -33.463 1.0000000000
6394  9.703  -87.453  -34.365 1.0000000000
7752  11.859  -85.703  -34.668 1.0000000000
5807  16.111  -88.007  -34.675 1.0000000000
137664  17.353  -86.991  -45.575 0.3000000119
6897  12.406  -87.229  -21.084 1.0000000000
152218  6.317  -91.048  -18.156 1.0000000000
8296  10.582  -85.216  -24.113 1.0000000000
7585  9.217  -85.316  -24.452 1.0000000000
8333  11.046  -84.372  -26.417 1.0000000000
8336  8.759  -84.652  -27.122 1.0000000000
163272  6.650  -85.172  -30.872 1.0000000000
7014  11.492  -86.149  -33.662 1.0000000000
9852  2.936  -82.279  -28.123 1.0000000000
9081  11.852  -83.082  -27.844 1.0000000000
9091  9.686  -83.652  -28.831 1.0000000000
9101  9.356  -83.397  -29.704 1.0000000000
6392  11.534  -87.252  -33.523 1.0000000000
138338  3.533  -81.334  -26.809 0.8999999762
9837  3.066  -82.383  -27.121 1.0000000000
12117  3.092  -79.509  -24.498 0.6000000238
6237  14.090  -87.039  -16.753 1.0000000000
6259  14.810  -87.042  -18.786 1.0000000000
4900  4.660  -89.780  -17.370 0.8999999762
9071  13.296  -83.400  -26.619 1.0000000000
9849  11.012  -82.067  -29.150 1.0000000000
10658  9.514  -81.788  -30.324 1.0000000000
5050  3.103  -89.731  -28.108 1.0000000000
5713  2.740  -88.864  -27.678 1.0000000000
10585  3.595  -81.806  -24.481 0.8999999762
8280  15.086  -84.765  -22.382 1.0000000000
7565  14.589  -85.436  -22.052 1.0000000000
9042  14.441  -83.963  -24.134 1.0000000000
5578  6.774  -88.851  -18.318 0.8999999762
9061  14.460  -83.203  -25.668 1.0000000000
158988  4.876  -87.336  -16.773 1.0000000000
163304  4.755  -90.447  -17.022 0.8999999762
149154  5.634  -91.060  -15.404 0.8999999762
9800  14.036  -82.950  -26.425 1.0000000000
9079  13.602  -82.108  -27.487 1.0000000000
10637  10.825  -81.693  -28.784 1.0000000000
145922  10.200  -81.594  -28.323 1.0000000000
10561  3.859  -81.234  -22.533 0.8999999762
10549  16.082  -81.787  -22.085 1.0000000000
9784  15.956  -82.444  -24.400 1.0000000000
10596  16.071  -80.937  -25.625 1.0000000000
9785  15.297  -82.697  -25.322 1.0000000000
10606  13.735  -81.084  -27.093 1.0000000000
10607  12.369  -81.270  -27.264 1.0000000000
10622  10.029  -81.732  -27.344 1.0000000000
10611  9.225  -82.100  -27.029 1.0000000000
9801  9.363  -82.207  -25.620 1.0000000000
9803  7.739  -82.990  -25.400 1.0000000000
9765  3.725  -82.482  -22.711 0.8999999762
140856  14.702  -84.106  -17.735 1.0000000000
136778  10.965  -86.123  -17.215 1.0000000000
160137  15.513  -80.093  -19.586 1.0000000000
10541  15.806  -81.495  -19.943 1.0000000000
9732  15.455  -82.304  -18.952 1.0000000000
12072  16.132  -79.019  -22.273 1.0000000000
12081  16.436  -79.242  -23.229 1.0000000000
12940  16.132  -78.821  -24.080 1.0000000000
12130  15.054  -79.786  -25.387 1.0000000000
11357  13.661  -80.359  -25.595 1.0000000000
6849  5.435  -86.215  -15.420 0.8000000119
12093  14.832  -78.913  -23.939 1.0000000000
11358  12.836  -80.749  -26.008 1.0000000000
145233  11.325  -81.360  -25.586 1.0000000000
10584  10.676  -81.545  -24.788 1.0000000000
9772  9.893  -81.979  -24.272 1.0000000000
8285  4.343  -84.512  -22.434 1.0000000000
8275  5.971  -84.099  -21.937 1.0000000000
9757  4.100  -82.889  -21.837 0.8999999762
11303  4.876  -81.171  -20.082 0.8999999762
8968  10.653  -84.049  -16.379 1.0000000000
10499  13.671  -82.612  -15.830 1.0000000000
9668  12.754  -83.337  -14.372 1.0000000000
9658  10.853  -83.127  -14.009 1.0000000000
8212  4.568  -84.269  -14.465 0.8999999762
9744  8.110  -82.305  -20.662 1.0000000000
9003  5.599  -83.033  -20.005 1.0000000000
9016  4.958  -83.208  -20.902 0.8999999762
10438  12.662  -82.033  -12.084 1.0000000000
13691  11.458  -77.134  -15.111 1.0000000000
14450  14.083  -77.147  -12.630 1.0000000000
12869  10.461  -78.767  -19.440 1.0000000000
12782  12.948  -78.713  -11.653 1.0000000000
13643  13.748  -78.012  -11.610 1.0000000000
14457  14.472  -76.475  -13.143 1.0000000000
16187  13.685  -75.195  -14.609 1.0000000000
11287  8.479  -80.703  -18.199 1.0000000000
10514  5.437  -81.450  -17.896 0.8999999762
14403  12.541  -77.016  -9.138 1.0000000000
12704  10.997  -78.085  -7.766 1.0000000000
15300  15.073  -75.541  -12.749 1.0000000000
16186  16.571  -74.394  -14.869 1.0000000000
11274  6.368  -81.018  -17.061 1.0000000000
12018  7.897  -79.306  -16.179 1.0000000000
12836  9.098  -78.605  -16.416 1.0000000000
12038  4.534  -80.071  -17.017 0.8000000119
18045  14.416  -72.694  -16.768 1.0000000000
138142  14.927  -70.917  -18.470 1.0000000000
160391  10.352  -77.043  -18.318 1.0000000000
13708  10.213  -77.474  -17.546 1.0000000000
12811  5.755  -78.460  -14.703 1.0000000000
18890  16.041  -71.087  -13.821 1.0000000000
19775  17.458  -71.068  -14.785 1.0000000000
17063  15.953  -73.777  -13.692 1.0000000000
139611  19.064  -72.212  -17.512 1.0000000000
15362  9.902  -75.667  -16.509 1.0000000000
139617  9.727  -76.328  -15.838 1.0000000000
14490  9.336  -76.409  -15.061 1.0000000000
14477  8.681  -76.272  -14.433 1.0000000000
14480  5.510  -77.025  -13.843 0.8999999762
156770  7.186  -76.390  -13.933 0.8999999762
15320  3.692  -74.772  -14.089 0.6999999881
18891  15.314  -70.687  -13.280 1.0000000000
18062  19.351  -72.530  -19.256 1.0000000000
18960  15.544  -71.180  -18.912 1.0000000000
18059  9.322  -72.388  -18.056 1.0000000000
139967  9.405  -73.186  -17.431 1.0000000000
138451  9.708  -74.883  -16.931 1.0000000000
140082  6.678  -75.050  -13.570 0.8000000119
15318  5.199  -75.422  -13.427 0.6999999881
19726  14.569  -70.455  -12.888 1.0000000000
19743  15.832  -70.139  -13.664 1.0000000000
20574  13.698  -69.402  -12.664 1.0000000000
18845  8.524  -71.045  -9.874 0.8999999762
138999  16.274  -70.799  -20.169 1.0000000000
152427  9.715  -70.811  -16.218 1.0000000000
17996  4.068  -72.574  -13.454 0.8999999762
20592  15.595  -69.124  -13.672 1.0000000000
23422  18.986  -66.996  -15.490 1.0000000000
140262  20.429  -70.262  -18.849 1.0000000000
157311  14.599  -68.285  -20.102 1.0000000000
21571  12.992  -67.616  -20.219 1.0000000000
18882  3.210  -70.963  -13.732 0.8000000119
22426  15.888  -67.288  -14.660 1.0000000000
21533  15.282  -67.593  -14.254 1.0000000000
20595  13.503  -68.594  -13.080 1.0000000000
23421  19.718  -66.868  -16.037 1.0000000000
21567  20.866  -68.987  -18.431 1.0000000000
21585  20.892  -69.311  -20.389 1.0000000000
23412  8.771  -66.799  -16.467 1.0000000000
153137  8.416  -67.269  -15.987 1.0000000000
21508  3.480  -68.887  -13.766 0.8000000119
22421  3.605  -66.794  -14.565 0.6999999881
22436  2.551  -66.896  -15.001 0.6000000238
146363  4.726  -70.632  -13.113 0.8000000119
23394  15.586  -66.664  -15.154 1.0000000000
24407  18.337  -65.701  -15.843 1.0000000000
156544  3.560  -68.580  -7.149 0.2000000030
22463  21.273  -67.800  -19.147 1.0000000000
23441  21.477  -66.946  -19.035 1.0000000000
21594  20.886  -68.891  -21.475 1.0000000000
21606  17.553  -68.917  -22.682 1.0000000000
22498  17.834  -67.615  -23.150 1.0000000000
23466  16.145  -66.859  -22.065 1.0000000000
24412  10.395  -66.214  -16.553 1.0000000000
23413  6.995  -66.334  -16.937 1.0000000000
151827  7.503  -67.536  -15.820 0.8999999762
25376  10.513  -64.997  -17.413 1.0000000000
25378  8.384  -65.066  -18.333 1.0000000000
22433  5.369  -67.040  -15.143 0.8999999762
24393  15.064  -65.836  -15.694 1.0000000000
25370  18.587  -64.882  -16.137 0.8999999762
23430  21.485  -66.143  -18.475 0.8999999762
23440  22.057  -66.943  -19.830 0.8999999762
25380  6.470  -64.345  -17.659 0.8999999762
25356  6.159  -64.912  -17.108 0.8000000119
24416  5.783  -65.443  -16.575 0.8000000119
23400  5.870  -66.602  -15.836 0.8000000119
152916  3.920  -64.869  -15.972 0.6000000238
25358  4.427  -64.532  -16.311 0.6000000238
24418  3.216  -65.075  -15.871 0.5000000000
24417  4.789  -65.198  -16.066 0.6999999881
23401  3.853  -66.014  -14.993 0.6999999881
26374  16.037  -63.105  -17.740 0.6999999881
26359  14.810  -63.759  -16.925 1.0000000000
163567  13.589  -63.696  -16.199 0.8999999762
153473  19.179  -64.361  -16.428 0.8999999762
24467  23.362  -66.007  -20.341 0.8999999762
25416  15.145  -64.230  -20.611 1.0000000000
26396  8.625  -63.959  -19.283 1.0000000000
26398  6.801  -63.648  -18.192 1.0000000000
160554  6.239  -63.637  -17.444 0.8000000119
26377  5.640  -63.198  -16.948 0.8000000119
27308  13.450  -62.051  -17.650 0.6000000238
25367  21.640  -63.773  -17.381 0.8999999762
163054  22.796  -63.715  -17.754 0.8999999762
24453  23.846  -65.481  -19.806 0.8999999762
23451  23.474  -66.023  -21.285 0.8999999762
139829  21.609  -66.142  -22.824 0.8999999762
24481  23.474  -65.371  -22.230 0.8999999762
26414  8.257  -63.186  -19.635 1.0000000000
27311  5.577  -62.352  -17.060 0.8000000119
153711  3.665  -61.669  -16.184 0.6000000238
28287  14.818  -61.234  -18.654 0.5000000000
140746  12.066  -61.954  -17.056 0.6000000238
159701  22.132  -63.090  -17.581 0.8999999762
25414  25.593  -64.606  -20.858 0.8999999762
25424  23.616  -64.807  -22.409 0.8999999762
28273  6.355  -61.065  -17.906 0.8000000119
28274  5.572  -61.455  -17.199 0.8000000119
28318  7.777  -61.428  -19.424 1.0000000000
29295  15.866  -60.391  -18.711 0.5000000000
28316  16.913  -60.952  -18.576 0.6999999881
27350  21.230  -61.587  -18.768 0.6000000238
27326  20.749  -62.020  -18.423 0.8000000119
162287  20.122  -61.489  -18.172 0.8000000119
27354  17.506  -61.386  -18.421 0.6999999881
27353  18.407  -61.384  -18.080 0.6999999881
30312  13.356  -60.233  -18.080 0.6000000238
30344  14.183  -60.096  -18.360 0.5000000000
26406  26.737  -63.573  -19.543 0.8999999762
141599  21.514  -62.945  -22.523 0.8999999762
29298  6.997  -60.493  -18.259 0.8000000119
29275  4.655  -60.464  -16.455 0.6000000238
30316  5.447  -59.595  -17.174 0.6999999881
30347  7.026  -59.713  -18.089 1.0000000000
30343  15.109  -60.039  -18.591 0.4000000060
30359  20.144  -60.148  -18.156 0.5000000000
29323  17.899  -60.687  -17.892 0.6000000238
30360  19.074  -60.317  -17.921 0.5000000000
30341  17.510  -59.978  -17.978 0.3000000119
30342  16.649  -60.302  -18.280 0.5000000000
30309  16.328  -59.461  -17.607 0.3000000119
31272  15.759  -58.727  -17.037 0.1000000015
147268  13.704  -59.547  -17.719 0.4000000060
156331  23.114  -61.631  -18.274 0.6999999881
27397  26.092  -62.466  -21.938 0.8999999762
141600  22.455  -63.088  -22.497 0.8999999762
27400  22.923  -62.362  -22.462 0.8999999762
153245  7.186  -59.024  -17.981 1.0000000000
30357  21.691  -60.066  -18.865 0.4000000060
30339  19.486  -59.832  -18.000 0.4000000060
31291  18.878  -59.494  -17.685 0.2000000030
29318  26.944  -61.104  -18.191 0.6999999881
147038  22.936  -58.920  -18.974 0.3000000119
155366  21.424  -59.176  -18.341 0.3000000119
30338  20.632  -59.433  -18.114 0.3000000119
31270  19.148  -58.668  -16.987 0.2000000030
32248  19.743  -57.901  -16.622 0.2000000030
32249  18.914  -57.844  -16.413 0.2000000030
156250  18.624  -56.197  -16.284 0.1000000015
161211  28.325  -60.036  -20.625 0.8999999762
29343  27.708  -60.955  -21.685 0.8999999762
28353  25.850  -61.572  -22.089 0.8999999762
144646  19.218  -60.748  -22.897 1.0000000000
33217  8.434  -55.705  -17.252 0.8999999762
32269  11.796  -56.701  -17.725 1.0000000000
31288  21.935  -58.410  -18.373 0.3000000119
31268  20.918  -58.268  -17.691 0.2000000030
31289  21.374  -58.538  -18.031 0.3000000119
154965  20.434  -56.413  -16.492 0.1000000015
30336  26.065  -59.529  -17.903 0.4000000060
29355  23.538  -60.056  -22.569 0.8999999762
33203  4.615  -56.834  -17.030 0.5000000000
30404  17.575  -59.401  -23.101 1.0000000000
33215  10.373  -55.745  -17.289 1.0000000000
138333  5.786  -56.156  -17.408 0.6999999881
33221  4.900  -56.424  -17.496 0.4000000060
31306  22.427  -58.312  -18.732 0.3000000119
152094  21.095  -56.345  -17.506 0.1000000015
34154  21.205  -55.154  -16.855 0.1000000015
162672  21.518  -53.304  -17.187 0.1000000015
36928  21.697  -52.629  -16.790 0.1000000015
35959  21.553  -53.494  -16.795 0.1000000015
31286  25.860  -58.625  -17.817 0.4000000060
138510  21.444  -50.241  -16.107 0.1000000015
164629  23.241  -59.337  -22.593 0.8000000119
147870  21.936  -59.092  -22.638 0.8999999762
35080  9.137  -54.326  -17.727 0.8000000119
33214  11.225  -55.798  -17.327 1.0000000000
35970  21.373  -54.000  -17.273 0.1000000015
146702  20.659  -53.469  -17.738 0.1000000015
163814  20.531  -52.337  -17.623 0.1000000015
32261  27.982  -57.749  -18.245 0.5000000000
32324  24.857  -57.897  -22.453 0.8000000119
34195  4.681  -56.152  -18.774 0.2000000030
33277  3.594  -56.807  -19.932 0.1000000015
35101  8.388  -54.175  -18.012 0.8000000119
156853  22.316  -56.164  -19.197 0.1000000015
147137  23.779  -55.975  -19.588 0.2000000030
34205  22.188  -55.484  -19.693 0.1000000015
35972  19.937  -52.863  -17.839 0.1000000015
162726  24.630  -56.590  -18.170 0.3000000119
146266  23.703  -57.043  -22.479 0.8000000119
34210  10.730  -54.983  -20.073 0.8000000119
160450  24.083  -55.303  -19.963 0.2000000030
35113  22.813  -54.629  -20.307 0.1000000015
34187  25.034  -56.039  -18.172 0.3000000119
35112  24.002  -54.594  -20.304 0.1000000015
35111  24.507  -54.767  -19.418 0.1000000015
141594  21.796  -53.062  -20.291 0.1000000015
36952  19.322  -52.732  -18.417 0.1000000015
34186  25.924  -55.461  -18.019 0.3000000119
144015  25.094  -56.351  -22.294 0.6999999881
34274  20.409  -55.720  -21.759 0.8000000119
34229  18.267  -54.953  -20.750 0.8000000119
141707  23.099  -52.931  -20.358 0.1000000015
34185  26.984  -55.674  -18.098 0.2000000030
37973  19.799  -52.130  -19.439 0.1000000015
35092  27.493  -54.689  -18.415 0.2000000030
34252  28.424  -55.414  -21.111 0.4000000060
34253  27.682  -55.457  -21.767 0.4000000060
34268  25.562  -54.979  -21.929 0.6000000238
35176  22.701  -54.873  -22.278 0.6999999881
36008  17.044  -54.049  -20.608 0.8999999762
36949  27.402  -53.213  -18.860 0.2000000030
140310  27.873  -54.003  -19.904 0.2000000030
35133  27.534  -54.038  -20.742 0.2000000030
35153  26.873  -54.123  -21.384 0.3000000119
35174  24.262  -54.568  -22.237 0.5000000000
35159  12.537  -55.227  -21.874 0.8999999762
35141  7.324  -54.783  -20.509 0.5000000000
160192  20.783  -54.307  -21.898 0.6999999881
36995  15.740  -53.136  -22.134 0.8000000119
36015  5.678  -53.270  -20.758 0.2000000030
36991  19.450  -52.770  -21.665 0.8000000119
37969  26.526  -51.473  -19.107 0.1000000015
36976  26.773  -52.586  -20.429 0.2000000030
36026  26.301  -53.537  -21.394 0.2000000030
36989  26.223  -52.855  -21.160 0.2000000030
36050  24.770  -53.770  -21.947 0.3000000119
36028  24.876  -52.961  -21.763 0.3000000119
37997  25.658  -51.521  -21.014 0.2000000030
152889  24.522  -52.294  -21.841 0.2000000030
36053  22.337  -53.114  -22.456 0.5000000000
37013  20.105  -52.622  -22.008 0.6999999881
36059  13.664  -54.575  -22.961 0.8000000119
36993  17.493  -52.566  -21.377 0.8000000119
141826  25.180  -50.769  -21.145 0.2000000030
38939  21.742  -51.029  -22.561 0.4000000060
146585  20.180  -51.760  -22.177 0.5000000000
38015  19.494  -51.203  -22.051 0.5000000000
37015  17.789  -51.672  -21.701 0.6999999881
37987  8.679  -51.061  -19.814 0.3000000119
38911  9.502  -50.362  -19.799 0.3000000119
40841  25.308  -48.885  -20.015 0.2000000030
40847  24.135  -48.600  -21.164 0.2000000030
38941  19.224  -50.340  -22.198 0.5000000000
38017  17.718  -50.878  -22.264 0.5000000000
139139  10.607  -49.069  -20.155 0.2000000030
40843  11.172  -48.407  -20.510 0.2000000030
1090  7.042  -97.635  -19.503 1.0000000000
1388  6.270  -96.385  -18.559 1.0000000000
3104  5.704  -92.480  -17.510 0.8999999762
3612  5.357  -91.472  -16.212 0.8999999762
505  21.158  -99.417  -37.281 0.5000000000
155837  20.832  -99.491  -37.764 0.6000000238
728  19.774  -99.281  -38.575 0.6000000238
722  21.569  -97.903  -37.517 0.6000000238
993  22.470  -98.102  -38.970 0.6000000238
1262  25.103  -97.241  -38.849 0.5000000000
1253  24.292  -97.560  -38.434 0.6000000238
1263  23.872  -97.384  -39.250 0.6000000238
1277  22.716  -97.072  -40.276 0.6000000238
1577  25.965  -96.282  -39.561 0.6999999881
151428  24.568  -97.200  -39.208 0.6000000238
1579  24.285  -96.926  -40.000 0.6000000238
1987  24.485  -95.738  -40.982 0.6999999881
1595  23.785  -95.502  -41.147 0.6999999881
1591  23.079  -96.487  -40.553 0.6999999881
1989  22.612  -95.567  -40.811 0.6999999881
2419  27.662  -94.030  -41.282 0.8000000119
1997  26.551  -94.818  -41.130 0.8000000119
1986  25.043  -95.248  -41.203 0.8000000119
2408  24.128  -94.216  -41.246 0.8000000119
2409  23.515  -94.606  -41.103 0.8000000119
2871  23.698  -93.928  -40.605 0.8000000119
2431  25.860  -93.429  -42.088 0.8000000119
3381  26.372  -92.203  -42.070 0.8000000119
3937  26.326  -91.803  -41.401 0.8000000119
501  21.198  -100.150  -36.766 0.4000000060
502  20.193  -100.428  -36.651 0.5000000000
735  19.436  -98.734  -39.177 0.6000000238
1559  27.465  -94.771  -36.250 0.5000000000
147568  26.389  -96.190  -36.409 0.5000000000
162294  26.329  -97.045  -37.041 0.5000000000
1245  25.555  -97.522  -37.104 0.5000000000
1560  26.722  -95.472  -36.702 0.5000000000
1568  26.842  -95.771  -37.769 0.6000000238
1569  26.479  -96.442  -38.234 0.6000000238
1976  28.536  -94.178  -38.723 0.6000000238
1966  27.456  -95.320  -38.476 0.6000000238
156924  27.738  -95.123  -39.986 0.6999999881
1588  26.228  -95.848  -40.147 0.6999999881
2417  28.718  -93.151  -40.646 0.8000000119
2418  28.284  -93.952  -40.628 0.8000000119
3389  29.327  -92.480  -41.958 0.8000000119
2886  28.169  -93.214  -42.006 0.8000000119
143105  27.515  -92.869  -42.268 0.8000000119
323  15.166  -101.320  -36.540 0.5000000000
331  14.240  -100.640  -37.313 0.6999999881
159  17.031  -101.501  -35.504 0.2000000030
160  15.522  -101.870  -35.977 0.4000000060
311  20.419  -101.083  -35.161 0.4000000060
138724  19.931  -101.141  -36.035 0.4000000060
164456  18.000  -101.317  -36.079 0.2000000030
322  16.694  -101.296  -36.363 0.4000000060
329  16.423  -101.126  -37.196 0.5000000000
335  15.989  -100.449  -37.653 0.6999999881
326  18.683  -100.781  -37.186 0.5000000000
1945  28.306  -94.197  -36.106 0.5000000000
1552  28.127  -94.965  -35.430 0.5000000000
1964  28.705  -94.169  -38.058 0.5000000000
1955  27.939  -94.317  -37.076 0.5000000000
2394  29.491  -93.095  -38.536 0.6000000238
2395  28.832  -93.502  -38.901 0.8000000119
2867  29.448  -92.310  -39.724 0.8000000119
2868  28.948  -92.740  -39.991 0.8999999762
2406  28.555  -93.440  -39.726 0.8000000119
3380  29.857  -91.744  -40.417 0.8999999762
160975  30.106  -91.587  -41.094 0.8999999762
3379  30.343  -91.254  -40.789 0.8999999762
332  13.454  -101.010  -36.976 0.8000000119
162  13.954  -101.551  -35.862 0.4000000060
140493  15.539  -102.268  -34.114 0.2000000030
149  14.907  -102.278  -34.763 0.3000000119
154  17.379  -101.172  -34.414 0.2000000030
152  18.633  -101.129  -34.543 0.3000000119
2365  29.225  -93.667  -36.502 0.5000000000
2856  29.711  -92.487  -38.763 0.6999999881
3362  30.584  -91.560  -38.723 0.6000000238
3372  30.426  -91.264  -39.734 0.8000000119
3936  30.706  -90.817  -40.333 0.8000000119
3921  30.882  -90.828  -39.532 0.6000000238
4586  31.629  -88.996  -41.559 0.6000000238
5904  31.908  -88.067  -40.959 0.6000000238
158  13.526  -101.762  -35.243 0.4000000060
150  14.045  -102.223  -34.636 0.4000000060
157  14.371  -102.129  -35.341 0.4000000060
2384  30.593  -92.809  -37.794 0.5000000000
2385  29.905  -93.231  -38.159 0.5000000000
2841  30.792  -92.165  -37.954 0.5000000000
2840  31.272  -91.820  -37.671 0.4000000060
2826  32.724  -92.022  -36.583 0.3000000119
3348  31.490  -91.488  -37.745 0.5000000000
3347  32.354  -91.085  -37.456 0.4000000060
3334  33.168  -91.511  -36.883 0.3000000119
3903  32.261  -90.288  -38.407 0.5000000000
3888  32.650  -90.499  -37.874 0.5000000000
158252  33.280  -90.802  -37.429 0.5000000000
3920  31.424  -90.684  -38.838 0.5000000000
4540  33.736  -89.517  -38.627 0.5000000000
7114  37.259  -85.255  -39.971 0.5000000000
4556  31.777  -89.442  -39.574 0.5000000000
4555  32.534  -89.642  -39.010 0.5000000000
7814  37.246  -84.729  -40.469 0.5000000000
7815  36.700  -84.686  -40.766 0.5000000000
5231  31.713  -88.799  -40.350 0.5000000000
5223  32.949  -89.117  -39.241 0.5000000000
8534  37.768  -83.742  -41.566 0.5000000000
7835  36.546  -84.350  -41.360 0.5000000000
6484  32.419  -87.297  -40.654 0.5000000000
8554  36.846  -83.325  -42.553 0.5000000000
159591  33.242  -85.415  -42.292 0.6000000238
9277  37.136  -82.560  -43.975 0.5000000000
9257  36.507  -82.989  -43.330 0.5000000000
7838  34.362  -84.893  -41.949 0.5000000000
8569  35.646  -83.182  -43.586 0.6000000238
9279  35.239  -82.942  -44.409 0.6000000238
11575  37.632  -80.105  -46.318 0.5000000000
160793  37.127  -79.937  -48.297 0.6000000238
12376  36.638  -79.272  -47.780 0.4000000060
12384  36.449  -79.646  -48.834 0.6000000238
12393  36.383  -79.835  -49.515 0.6000000238
12377  35.887  -79.680  -48.275 0.6000000238
315  13.127  -101.293  -35.788 0.4000000060
3317  35.120  -92.050  -36.096 0.2000000030
2804  34.797  -92.806  -35.140 0.2000000030
4505  36.780  -89.781  -37.524 0.2000000030
4524  35.782  -90.095  -37.676 0.2000000030
3886  35.013  -90.633  -37.478 0.3000000119
158303  34.951  -91.705  -36.733 0.2000000030
3318  34.188  -91.961  -36.403 0.2000000030
3333  34.259  -91.180  -37.093 0.3000000119
4526  33.927  -89.871  -38.056 0.5000000000
5224  32.214  -88.729  -39.687 0.5000000000
6483  32.949  -87.404  -40.102 0.5000000000
6482  34.067  -87.757  -40.113 0.5000000000
8536  36.322  -83.897  -42.011 0.5000000000
7118  33.374  -85.970  -40.965 0.5000000000
7836  36.059  -84.629  -41.633 0.5000000000
7117  34.516  -86.154  -40.912 0.5000000000
8555  36.029  -83.507  -42.808 0.5000000000
137800  35.287  -83.739  -43.102 0.6000000238
8538  34.217  -84.531  -42.683 0.5000000000
5868  37.149  -88.202  -38.457 0.2000000030
5201  36.151  -89.317  -38.045 0.2000000030
4525  34.789  -89.962  -37.844 0.4000000060
4538  35.367  -89.534  -38.100 0.4000000060
5210  35.433  -88.886  -38.566 0.5000000000
5221  34.476  -88.615  -39.341 0.5000000000
152892  36.084  -86.978  -39.682 0.5000000000
5895  35.616  -87.693  -39.721 0.5000000000
5896  33.982  -88.602  -39.599 0.5000000000
7102  36.160  -86.227  -39.941 0.5000000000
6480  35.803  -86.906  -40.265 0.5000000000
137244  34.812  -88.162  -39.803 0.5000000000
160484  35.998  -86.078  -40.854 0.5000000000
6496  35.401  -86.750  -40.808 0.5000000000
7848  35.695  -84.270  -42.191 0.5000000000
7116  35.459  -86.016  -41.173 0.5000000000
7817  34.947  -85.398  -41.445 0.5000000000
8537  34.890  -84.343  -42.539 0.5000000000
136766  11.070  -99.015  -35.253 0.6000000238
1509  11.129  -97.003  -32.237 0.4000000060
938  10.862  -99.222  -31.195 0.5000000000
954  9.267  -99.063  -32.766 0.6999999881
693  10.407  -99.231  -32.038 0.5000000000
701  8.920  -99.377  -32.171 0.6000000238
694  9.459  -99.785  -31.710 0.6000000238
948  8.372  -99.001  -31.938 0.6000000238
462  8.851  -100.451  -30.055 0.6000000238
676  8.886  -100.243  -29.250 0.5000000000
650  9.933  -99.768  -27.697 0.4000000060
5884  35.833  -88.072  -38.898 0.4000000060
1226  11.812  -97.438  -35.155 0.6000000238
1536  12.818  -95.685  -34.567 0.3000000119
975  11.197  -98.292  -35.583 0.6000000238
1237  11.938  -96.413  -35.629 0.6000000238
1923  11.851  -94.960  -34.462 0.5000000000
1902  11.712  -95.311  -33.014 0.6000000238
1557  10.988  -96.040  -36.707 0.6999999881
1549  11.557  -95.795  -35.881 0.6000000238
1903  11.021  -95.649  -33.431 0.6000000238
1519  11.300  -96.092  -32.562 0.4000000060
1951  10.309  -95.983  -37.052 0.6999999881
138134  10.802  -95.327  -35.542 0.6999999881
1924  9.677  -95.897  -35.993 0.6999999881
1537  10.125  -95.845  -35.040 0.6999999881
1953  8.801  -95.266  -37.022 0.6999999881
1220  8.727  -97.989  -33.953 0.6999999881
675  10.442  -100.546  -30.153 0.3000000119
280  9.715  -101.133  -29.104 0.2000000030
445  9.742  -100.764  -28.023 0.2000000030
137529  8.317  -99.185  -30.384 0.6000000238
1901  12.430  -95.003  -32.621 0.4000000060
1962  10.027  -95.760  -37.776 0.6999999881
152062  11.558  -97.746  -30.904 0.3000000119
2390  9.979  -94.630  -38.661 0.6999999881
937  11.468  -98.582  -30.721 0.3000000119
1963  9.395  -95.225  -37.757 0.6999999881
661  12.188  -100.258  -28.814 0.2000000030
684  11.080  -99.649  -30.516 0.3000000119
443  12.257  -101.117  -28.097 0.2000000030
267  11.719  -101.622  -27.271 0.2000000030
275  10.654  -101.391  -28.199 0.2000000030
269  10.392  -101.252  -27.653 0.1000000015
663  8.766  -99.046  -28.993 0.5000000000
592  12.626  -99.106  -20.856 0.2000000030
399  11.835  -100.305  -22.237 0.2000000030
867  10.944  -98.080  -23.670 0.5000000000
612  11.470  -99.267  -22.683 0.3000000119
623  10.378  -99.525  -24.304 0.5000000000
212  13.794  -99.377  -20.542 0.1000000015
213  11.554  -101.584  -21.994 0.3000000119
422  10.042  -100.217  -24.225 0.6000000238
58  11.548  -102.087  -21.343 0.3000000119
214  10.841  -102.037  -21.855 0.3000000119
400  11.057  -101.071  -22.894 0.3000000119
215  10.041  -101.154  -21.940 0.4000000060
197  10.196  -101.815  -18.842 0.3000000119
200  10.422  -102.052  -19.926 0.3000000119
152437  9.777  -101.092  -20.293 0.3000000119
147713  9.472  -99.931  -19.241 0.3000000119
379  9.596  -100.731  -20.936 0.5000000000
584  8.369  -99.229  -20.549 0.6999999881
164818  8.644  -100.017  -22.185 0.6999999881
362  9.775  -100.456  -17.896 0.3000000119
811  9.753  -98.867  -17.856 0.3000000119
821  8.642  -98.649  -18.802 0.4000000060
822  8.012  -98.133  -18.322 0.6000000238
836  7.883  -98.621  -20.107 0.6999999881
1085  7.295  -97.635  -18.731 0.8000000119
194  9.842  -101.419  -17.213 0.2000000030
564  9.818  -99.570  -17.575 0.2000000030
812  9.104  -98.380  -17.940 0.3000000119
558  9.868  -99.837  -16.710 0.3000000119
1074  10.267  -97.961  -16.889 0.3000000119
1066  10.010  -97.376  -16.639 0.3000000119
138606  5.840  -94.808  -18.831 0.8999999762
1067  8.783  -97.314  -16.669 0.4000000060
1077  7.365  -97.140  -17.425 0.8000000119
1058  11.281  -97.313  -15.640 0.3000000119
145144  8.398  -96.854  -16.015 0.6000000238
1068  7.839  -97.107  -16.798 0.5000000000
1752  6.085  -95.897  -17.930 0.8999999762
1365  11.311  -96.490  -15.541 0.5000000000
1366  10.044  -96.338  -15.804 0.4000000060
1722  8.912  -95.209  -14.766 0.6000000238
1740  5.920  -95.006  -17.063 0.8000000119
1378  6.873  -96.096  -16.447 0.6999999881
1377  7.672  -96.584  -16.244 0.6000000238
1723  7.870  -95.157  -14.614 0.6000000238
1734  6.847  -95.424  -15.604 0.6000000238
2630  5.709  -93.229  -17.458 0.8000000119
154138  10.000  -95.243  -15.001 0.5000000000
2158  7.437  -94.360  -14.163 0.6000000238
2166  5.936  -94.248  -15.669 0.8000000119
2165  6.451  -94.678  -15.162 0.6999999881
2157  8.541  -94.522  -14.295 0.6000000238
2607  6.042  -93.175  -14.700 0.6999999881
143442  5.626  -92.942  -16.000 0.8000000119
2605  7.474  -93.554  -13.920 0.6000000238
2606  6.809  -93.658  -13.957 0.6000000238
3079  5.782  -92.550  -15.254 0.8000000119
3063  6.601  -92.179  -14.063 0.6999999881
2598  7.115  -92.786  -13.839 0.6000000238
3585  6.080  -91.040  -14.765 0.6000000238
6838  4.844  -85.911  -13.723 0.6999999881
139187  4.590  -85.128  -14.078 0.6999999881
6836  6.294  -86.798  -13.358 0.6000000238
6837  5.481  -86.442  -13.480 0.6000000238
7487  6.456  -85.791  -12.140 0.5000000000
7489  4.710  -85.314  -12.376 0.6000000238
7479  4.999  -85.149  -11.677 0.5000000000
142541  4.504  -84.035  -12.117 0.8000000119
8188  4.771  -84.505  -11.415 0.6000000238
7477  7.216  -85.173  -11.630 0.5000000000
162270  4.467  -83.306  -12.721 0.8000000119
150360  4.001  -79.746  -20.388 0.8000000119
12076  3.245  -79.139  -21.783 0.6000000238
148765  4.613  -82.746  -11.308 0.8000000119
8173  5.741  -84.303  -10.548 0.6000000238
157716  4.698  -79.576  -18.820 0.6999999881
9646  4.579  -82.168  -12.173 0.8000000119
8904  4.776  -83.283  -10.420 0.6000000238
136808  4.190  -79.453  -16.612 0.8000000119
12846  4.384  -78.769  -17.477 0.4000000060
159761  4.650  -82.381  -10.663 0.6999999881
13704  3.368  -77.999  -15.538 0.6000000238
11936  3.917  -79.110  -10.324 0.6999999881
148654  4.262  -80.625  -10.984 0.6999999881
11185  4.340  -80.639  -10.208 0.6000000238
20537  6.469  -69.740  -10.492 0.6999999881
20538  5.435  -69.692  -10.826 0.6000000238
23377  8.225  -66.293  -13.005 0.8000000119
22385  6.602  -67.841  -11.748 0.8000000119
21483  6.899  -68.447  -11.255 0.6999999881
24366  8.873  -65.749  -13.310 0.8000000119
23360  6.850  -66.700  -12.584 0.8000000119
155480  3.499  -73.763  -15.218 0.5000000000
23361  5.963  -66.623  -12.609 0.6999999881
22394  6.295  -67.249  -12.202 0.6999999881
21484  5.977  -68.354  -11.386 0.6999999881
25326  11.395  -64.347  -14.662 0.8000000119
25327  10.511  -64.563  -14.259 0.8000000119
26334  9.922  -63.871  -14.679 0.6000000238
25328  9.581  -64.492  -14.198 0.8000000119
143133  7.741  -64.696  -14.167 0.8000000119
24368  7.170  -65.615  -13.422 0.8000000119
26348  10.162  -63.213  -15.244 0.6999999881
26336  8.178  -64.039  -14.646 0.6999999881
163521  7.396  -64.088  -14.620 0.6000000238
25330  6.711  -64.541  -14.274 0.6000000238
26346  11.773  -63.115  -15.710 0.8000000119
27291  9.723  -62.042  -16.205 0.5000000000
27277  9.512  -62.658  -15.657 0.6000000238
139328  8.516  -62.759  -15.550 0.6000000238
26351  7.629  -63.387  -15.128 0.6000000238
27290  10.516  -61.951  -16.403 0.4000000060
164308  9.592  -60.771  -16.543 0.4000000060
139980  10.718  -61.290  -16.846 0.4000000060
157038  10.243  -60.683  -16.754 0.4000000060
140488  9.925  -58.186  -16.447 0.2000000030
30290  9.060  -59.355  -16.449 0.2000000030
26352  6.605  -62.945  -15.252 0.5000000000
26337  6.699  -63.743  -14.809 0.5000000000
29265  8.946  -60.335  -16.435 0.4000000060
142758  7.280  -61.626  -15.770 0.4000000060
30314  11.313  -59.905  -17.086 0.3000000119
28249  6.393  -61.159  -15.487 0.4000000060
29273  11.789  -60.515  -17.337 0.5000000000
138661  10.019  -59.101  -16.564 0.2000000030
30291  8.087  -59.549  -16.245 0.3000000119
28248  7.144  -60.711  -15.807 0.4000000060
157371  3.239  -63.675  -16.555 0.5000000000
25360  2.778  -64.145  -16.690 0.5000000000
26378  4.872  -63.516  -16.597 0.6000000238
26364  2.950  -62.966  -16.648 0.5000000000
30311  14.537  -59.487  -17.819 0.2000000030
163990  2.050  -63.739  -18.521 0.3000000119
26365  2.493  -63.079  -17.140 0.3000000119
27293  3.953  -62.280  -16.343 0.5000000000
26379  2.119  -63.299  -17.967 0.3000000119
142750  2.049  -62.026  -17.878 0.4000000060
29276  2.418  -60.749  -16.824 0.4000000060
28263  2.742  -61.317  -16.447 0.5000000000
29268  2.811  -60.536  -16.128 0.5000000000
148712  20.209  -49.967  -22.388 0.4000000060
39891  19.354  -49.352  -22.415 0.4000000060
37026  16.302  -52.141  -22.897 0.6000000238
38943  17.671  -50.276  -22.890 0.4000000060
38025  17.136  -50.867  -23.105 0.4000000060
161464  15.304  -52.282  -23.900 0.5000000000
40860  19.629  -48.561  -22.522 0.4000000060
39893  18.046  -49.669  -22.779 0.3000000119
38952  16.669  -50.817  -23.999 0.3000000119
38033  16.055  -51.366  -24.208 0.4000000060
38944  14.135  -51.261  -23.029 0.3000000119
151187  13.089  -51.242  -21.394 0.3000000119
2429  26.961  -93.803  -41.766 0.8000000119
2421  25.398  -93.948  -41.774 0.8000000119
151248  28.156  -94.980  -39.231 0.6999999881
3374  24.707  -92.787  -40.312 0.8000000119
3363  25.054  -92.360  -39.520 0.8000000119
2855  30.428  -92.113  -38.254 0.6000000238
1238  11.387  -96.398  -36.295 0.6999999881
141793  18.623  -100.261  -38.110 0.6999999881
723  21.486  -99.052  -38.042 0.6000000238
140058  21.879  -98.055  -39.233 0.6000000238
3923  25.762  -91.936  -40.666 0.8000000119
1558  10.579  -96.376  -37.544 0.6999999881
1527  9.643  -97.012  -34.577 0.6999999881
8557  33.670  -84.596  -43.213 0.6000000238
8556  34.389  -84.072  -43.405 0.6000000238
11583  36.932  -80.190  -48.878 0.6000000238
138787  4.841  -80.260  -18.974 0.8000000119
26347  10.992  -63.116  -15.419 0.6000000238
38026  16.466  -51.521  -23.533 0.4000000060
38034  15.364  -51.675  -23.997 0.3000000119
12062  3.791  -78.790  -19.999 0.5000000000
38942  18.248  -50.267  -22.272 0.3000000119
507  19.541  -100.279  -37.407 0.5000000000
1251  26.256  -97.179  -37.886 0.5000000000
1589  25.348  -95.920  -40.402 0.6999999881
1977  27.338  -95.436  -39.385 0.6000000238
160847  25.936  -95.302  -40.739 0.8000000119
1996  27.506  -94.595  -40.647 0.8000000119
2881  24.764  -93.701  -41.449 0.8000000119
3382  25.699  -92.523  -41.482 0.8000000119
319  19.378  -100.971  -36.641 0.4000000060
1567  27.269  -94.960  -37.400 0.6000000238
313  18.484  -101.186  -35.430 0.3000000119
3361  31.159  -91.381  -38.269 0.5000000000
2827  31.919  -92.042  -36.937 0.4000000060
2813  34.603  -92.518  -35.723 0.2000000030
5883  36.543  -87.915  -38.732 0.5000000000
448  11.244  -101.149  -28.766 0.2000000030
577  9.004  -99.594  -19.857 0.4000000060
802  10.516  -98.281  -16.354 0.3000000119
6829  5.775  -86.257  -12.745 0.6000000238
26350  8.536  -63.500  -15.040 0.6000000238
27292  8.984  -62.166  -16.058 0.4000000060
28247  8.095  -60.762  -16.198 0.4000000060
29264  9.735  -60.059  -16.591 0.4000000060
39892  18.518  -49.156  -22.735 0.3000000119
38951  17.254  -50.357  -23.632 0.3000000119
40861  18.939  -48.690  -22.619 0.2000000030
148261  23.846  -96.228  -33.919 0.3000000119
718  22.363  -97.208  -35.946 0.4000000060
156219  22.069  -97.528  -36.795 0.5000000000
977  24.142  -96.966  -35.460 0.4000000060
983  22.657  -97.222  -36.688 0.4000000060
986  24.431  -97.679  -37.435 0.4000000060
712  24.924  -97.345  -34.371 0.3000000119
161050  25.045  -97.647  -35.094 0.4000000060
157151  26.172  -97.517  -36.413 0.4000000060
980  25.062  -97.704  -36.267 0.4000000060
159517  25.464  -97.295  -33.331 0.3000000119
973  25.762  -98.261  -35.248 0.3000000119
968  26.076  -98.489  -34.554 0.3000000119
976  26.356  -97.914  -35.921 0.4000000060
703  26.171  -98.817  -32.993 0.3000000119
971  27.700  -97.830  -35.085 0.4000000060
1231  28.866  -97.059  -35.328 0.4000000060
1543  27.822  -95.956  -35.154 0.4000000060
1931  29.278  -95.356  -35.311 0.4000000060
1240  26.843  -96.597  -35.934 0.4000000060
1944  29.270  -94.274  -35.557 0.4000000060
957  28.916  -98.001  -33.541 0.4000000060
1223  28.375  -97.539  -34.919 0.4000000060
950  28.949  -98.033  -32.865 0.2000000030
1216  29.460  -97.382  -33.461 0.3000000119
1532  30.511  -96.547  -34.344 0.3000000119
1230  29.759  -97.106  -34.627 0.4000000060
1541  30.030  -96.432  -35.238 0.4000000060
1930  30.402  -95.500  -35.366 0.4000000060
2373  31.717  -92.649  -36.478 0.4000000060
2364  30.063  -93.417  -35.954 0.4000000060
1524  30.790  -96.516  -33.565 0.2000000030
2363  30.829  -93.426  -35.791 0.4000000060
154571  16.478  -90.024  -43.491 0.1000000015
135892  16.997  -92.092  -43.023 0.1000000015
135522  19.130  -92.628  -41.968 0.1000000015
154477  16.824  -91.494  -41.995 0.1000000015
135524  20.184  -91.732  -43.331 0.1000000015
136367  20.058  -90.009  -44.173 0.3000000119
7214  19.786  -85.662  -48.095 0.4000000060
154779  16.045  -90.037  -42.764 0.1000000015
135968  16.012  -89.293  -43.070 0.1000000015
138719  18.049  -92.081  -41.150 0.1000000015
143180  20.548  -91.049  -42.603 0.2000000030
135541  18.380  -89.492  -45.092 0.2000000030
135534  19.970  -89.572  -43.430 0.2000000030
7203  18.403  -86.350  -47.351 0.4000000060
136048  18.231  -87.945  -47.259 0.3000000119
154428  16.456  -90.740  -41.258 0.1000000015
154440  15.679  -89.511  -42.302 0.1000000015
154670  16.792  -87.717  -44.071 0.2000000030
154572  15.604  -88.632  -42.207 0.1000000015
7897  16.289  -85.560  -46.368 0.3000000119
7902  11.925  -84.468  -46.607 0.4000000060
7905  8.751  -84.657  -46.328 0.4000000060
9240  1.289  -84.133  -42.229 0.6000000238
8532  0.948  -84.843  -41.624 0.6000000238
2156  9.947  -94.527  -14.505 0.5000000000
2595  10.693  -92.954  -13.443 0.4000000060
3061  8.953  -92.356  -13.621 0.5000000000
4202  9.268  -90.751  -13.109 0.5000000000
5534  8.135  -88.665  -13.488 0.4000000060
3573  8.019  -91.115  -13.584 0.5000000000
4204  7.529  -90.481  -13.624 0.5000000000
4870  6.504  -89.589  -14.437 0.5000000000
4869  7.016  -89.233  -13.934 0.5000000000
5533  9.153  -88.626  -12.637 0.4000000060
6201  7.490  -86.950  -13.290 0.5000000000
162510  6.473  -87.774  -14.354 0.5000000000
6199  9.155  -87.429  -12.297 0.3000000119
7485  8.747  -85.991  -11.927 0.4000000060
8186  8.849  -84.951  -11.019 0.4000000060
6200  8.591  -87.143  -12.899 0.4000000060
6828  6.980  -86.319  -12.766 0.4000000060
8171  8.003  -84.465  -10.926 0.3000000119
8172  6.452  -84.755  -11.022 0.4000000060
13767  2.915  -77.476  -21.599 0.3000000119
13753  3.358  -77.312  -20.435 0.3000000119
11922  4.074  -79.949  -9.808 0.6000000238
141131  4.346  -80.013  -8.982 0.4000000060
12871  3.808  -77.891  -19.715 0.4000000060
12707  4.134  -78.014  -8.325 0.3000000119
12737  3.932  -78.354  -9.918 0.6000000238
14498  3.550  -76.981  -15.826 0.4000000060
14492  3.274  -76.422  -15.052 0.5000000000
15357  3.541  -75.346  -15.250 0.4000000060
18051  4.307  -72.760  -16.305 0.4000000060
20539  4.333  -69.542  -11.098 0.5000000000
20540  3.359  -69.182  -11.009 0.4000000060
20519  2.812  -69.516  -10.196 0.3000000119
154095  5.045  -68.222  -11.580 0.5000000000
147519  3.846  -72.081  -16.475 0.3000000119
18940  4.393  -71.425  -16.943 0.3000000119
20504  2.862  -69.185  -8.995 0.3000000119
20558  4.189  -68.691  -11.363 0.4000000060
22396  4.099  -67.126  -12.251 0.3000000119
19764  2.770  -70.815  -16.011 0.4000000060
139685  2.509  -69.321  -15.579 0.6000000238
22373  2.707  -66.618  -10.936 0.3000000119
21486  3.251  -68.260  -11.177 0.3000000119
23350  3.068  -66.617  -11.803 0.4000000060
155163  4.898  -67.677  -11.965 0.3000000119
139656  4.976  -66.555  -12.648 0.4000000060
150575  4.134  -66.421  -12.650 0.3000000119
24370  5.062  -65.285  -13.572 0.5000000000
25318  5.633  -64.635  -14.127 0.4000000060
23362  2.924  -65.904  -12.159 0.3000000119
24371  3.711  -65.102  -13.333 0.4000000060
26338  5.781  -63.307  -14.819 0.4000000060
25331  5.089  -63.834  -14.442 0.4000000060
140332  3.433  -64.120  -13.691 0.5000000000
25320  2.776  -64.433  -13.084 0.4000000060
27264  5.596  -62.411  -15.098 0.4000000060
27265  4.644  -61.758  -14.774 0.4000000060
154689  19.532  -91.548  -44.960 0.3000000119
15263  3.760  -76.358  -9.420 0.5000000000
159104  2.569  -68.720  -14.853 0.6000000238
19748  2.730  -70.169  -14.425 0.6000000238
500  21.594  -99.481  -36.798 0.5000000000
984  22.167  -97.582  -37.752 0.4000000060
978  23.184  -96.768  -35.728 0.4000000060
2596  9.440  -93.101  -13.742 0.4000000060
3574  6.720  -91.342  -14.063 0.5000000000
13710  4.325  -77.612  -17.264 0.4000000060
24369  6.286  -65.337  -13.631 0.6000000238
717  22.668  -96.711  -34.889 0.4000000060
959  27.484  -98.468  -33.734 0.3000000119
1929  31.446  -95.190  -35.295 0.2000000030
154663  19.655  -92.017  -41.572 0.1000000015
12720  4.001  -78.235  -9.000 0.5000000000
969  12.169  -97.756  -34.236 0.4000000060
699  12.827  -98.875  -31.992 0.2000000030
489  11.744  -100.444  -33.981 0.3000000119
692  12.600  -99.858  -31.933 0.2000000030
691  13.039  -99.381  -31.344 0.2000000030
295  11.990  -100.767  -33.249 0.3000000119
307  12.342  -101.226  -34.284 0.3000000119
142  12.937  -102.045  -33.665 0.3000000119
10076  2.345  -82.350  -44.007 0.3000000119
10796  2.718  -81.398  -42.655 0.2000000030
11553  3.857  -80.036  -43.985 0.2000000030
10056  2.242  -82.093  -43.073 0.2000000030
11509  2.822  -80.701  -39.979 0.3000000119
150681  2.284  -81.605  -38.855 0.4000000060
13120  2.963  -78.495  -39.452 0.2000000030
12293  2.962  -80.140  -39.602 0.2000000030
13109  2.661  -78.439  -38.731 0.3000000119
11495  2.680  -80.815  -39.070 0.3000000119
137717  2.486  -81.248  -38.217 0.4000000060
13077  2.403  -77.950  -34.745 0.3000000119
158157  2.468  -79.745  -36.841 0.4000000060
150310  2.447  -79.127  -37.303 0.3000000119
137854  2.301  -76.590  -31.246 0.2000000030
13022  2.255  -78.377  -30.523 0.3000000119
12189  2.592  -79.820  -31.458 0.3000000119
153099  2.439  -79.331  -32.118 0.3000000119
11421  2.710  -81.020  -32.390 0.6000000238
13934  2.423  -76.869  -34.150 0.2000000030
13053  2.364  -78.783  -32.684 0.2000000030
151573  2.582  -80.458  -33.184 0.4000000060
13879  2.186  -77.170  -30.397 0.2000000030
14665  2.320  -76.007  -30.316 0.2000000030
13013  2.197  -77.921  -29.610 0.2000000030
13854  2.473  -77.668  -28.094 0.2000000030
14497  4.248  -76.842  -16.810 0.3000000119
15366  3.755  -75.928  -15.775 0.3000000119
158873  3.903  -73.991  -15.849 0.3000000119
16216  5.138  -74.701  -16.420 0.3000000119
20645  3.065  -69.812  -18.408 0.3000000119
22442  2.590  -68.106  -16.419 0.3000000119
21553  2.569  -68.748  -17.411 0.3000000119
157900  2.525  -67.597  -15.468 0.5000000000
156017  2.632  -68.372  -18.005 0.3000000119
23417  2.494  -67.004  -16.128 0.5000000000
22449  2.612  -67.748  -17.228 0.4000000060
23426  2.500  -66.841  -17.209 0.4000000060
143142  2.716  -64.807  -16.391 0.4000000060
28291  2.132  -61.602  -18.248 0.3000000119
30319  2.569  -59.559  -17.660 0.3000000119
1200  11.813  -96.987  -30.830 0.3000000119
1889  12.368  -95.503  -31.711 0.3000000119
13717  4.616  -77.845  -18.159 0.3000000119
493  11.497  -100.019  -34.699 0.4000000060
10020  1.839  -82.596  -40.199 0.4000000060
10042  1.884  -82.779  -41.465 0.5000000000
10057  1.812  -82.866  -43.249 0.3000000119
8584  1.861  -84.224  -43.513 0.3000000119
12232  2.417  -79.098  -36.364 0.3000000119
13889  2.278  -77.740  -31.748 0.2000000030
20623  2.570  -70.128  -17.141 0.3000000119
23402  2.606  -66.149  -15.500 0.5000000000
139412  2.363  -66.075  -16.433 0.4000000060
27334  1.986  -62.424  -18.511 0.3000000119
145155  1.945  -82.578  -42.452 0.4000000060
15365  4.572  -75.548  -16.369 0.3000000119
706  12.059  -99.222  -33.176 0.3000000119
162945  12.453  -99.323  -32.481 0.2000000030
10767  2.045  -81.918  -40.946 0.2000000030
11554  3.279  -80.678  -43.368 0.2000000030
11526  2.999  -80.615  -40.931 0.2000000030
11525  3.896  -79.939  -41.335 0.2000000030
142134  4.433  -79.569  -42.190 0.2000000030
14721  2.501  -75.874  -34.558 0.2000000030
110  14.997  -102.076  -30.191 0.1000000015
120  15.826  -102.008  -31.628 0.1000000015
121  15.108  -102.130  -31.846 0.1000000015
132  14.515  -102.215  -32.450 0.1000000015
148690  14.567  -102.283  -34.039 0.2000000030
140  15.103  -102.242  -33.318 0.1000000015
155047  16.977  -101.659  -33.542 0.1000000015
138  17.254  -101.502  -33.091 0.1000000015
140549  17.324  -101.765  -30.062 0.1000000015
156788  16.339  -102.117  -29.173 0.1000000015
149646  16.581  -102.043  -29.910 0.1000000015
98  15.295  -101.954  -28.948 0.1000000015
112  13.820  -102.013  -31.163 0.1000000015
123  12.936  -102.016  -32.082 0.1000000015
155129  13.422  -102.196  -33.313 0.2000000030
288  23.713  -101.015  -31.227 0.1000000015
306  19.565  -101.162  -34.457 0.1000000015
163969  17.544  -100.803  -34.052 0.1000000015
281  23.594  -100.636  -30.248 0.1000000015
138768  23.182  -100.551  -29.828 0.1000000015
454  24.471  -98.540  -29.619 0.1000000015
466  24.220  -99.122  -30.143 0.1000000015
655  24.723  -98.185  -28.906 0.1000000015
666  26.172  -98.357  -29.314 0.1000000015
152623  17.441  -102.211  -28.446 0.1000000015
149430  16.806  -102.186  -27.816 0.1000000015
111  14.374  -102.021  -30.725 0.1000000015
294  12.467  -101.263  -32.515 0.2000000030
278  14.431  -101.459  -29.613 0.1000000015
293  23.135  -101.173  -32.189 0.1000000015
156776  21.735  -101.435  -33.082 0.2000000030
483  23.745  -97.971  -31.755 0.1000000015
296  23.442  -100.410  -32.909 0.2000000030
302  23.009  -100.469  -33.851 0.3000000119
303  22.327  -100.705  -34.492 0.3000000119
141250  24.119  -99.066  -31.054 0.1000000015
153721  24.832  -97.814  -30.291 0.1000000015
464  26.394  -97.799  -30.895 0.1000000015
140446  24.834  -96.708  -31.605 0.1000000015
453  25.476  -97.949  -29.824 0.1000000015
451  26.796  -99.723  -30.410 0.1000000015
665  26.817  -99.558  -29.581 0.1000000015
146746  12.859  -100.519  -31.364 0.1000000015
458  14.507  -100.757  -29.251 0.1000000015
279  13.874  -101.408  -30.124 0.1000000015
264  16.221  -101.349  -27.098 0.1000000015
272  15.590  -101.747  -28.358 0.1000000015
487  23.236  -99.235  -33.068 0.3000000119
486  23.418  -97.478  -32.451 0.2000000030
492  23.058  -100.051  -34.891 0.3000000119
496  22.387  -99.568  -35.487 0.3000000119
160191  24.396  -96.673  -32.021 0.2000000030
497  21.800  -100.210  -36.143 0.3000000119
481  26.508  -98.630  -32.141 0.2000000030
145011  27.770  -99.304  -29.880 0.1000000015
678  27.658  -99.329  -30.636 0.1000000015
651  27.735  -99.162  -28.370 0.1000000015
683  13.322  -99.993  -30.709 0.1000000015
672  14.809  -98.840  -28.913 0.1000000015
441  15.841  -100.362  -27.433 0.1000000015
273  14.899  -101.553  -28.872 0.1000000015
494  22.654  -97.363  -33.698 0.2000000030
147398  25.366  -96.778  -32.418 0.2000000030
705  23.744  -96.558  -32.739 0.2000000030
495  22.412  -98.442  -34.541 0.3000000119
688  27.080  -99.252  -31.839 0.1000000015
144541  21.536  -98.929  -36.025 0.3000000119
899  28.109  -98.565  -27.882 0.1000000015
953  12.631  -98.510  -32.697 0.2000000030
136416  14.129  -98.307  -30.247 0.1000000015
659  15.079  -99.590  -28.453 0.1000000015
673  14.349  -99.068  -29.562 0.1000000015
710  23.367  -96.538  -33.328 0.2000000030
159322  30.143  -97.216  -28.395 0.1000000015
160838  29.763  -98.064  -29.198 0.1000000015
923  29.113  -98.355  -29.665 0.1000000015
911  29.017  -98.296  -28.641 0.1000000015
931  29.056  -98.310  -30.542 0.1000000015
945  13.871  -97.899  -31.093 0.1000000015
922  30.011  -97.964  -29.985 0.1000000015
163160  28.327  -99.121  -31.102 0.1000000015
142544  27.582  -99.082  -31.911 0.1000000015
697  26.929  -99.183  -32.504 0.2000000030
2362  32.153  -93.436  -35.610 0.3000000119
1206  13.788  -97.592  -31.900 0.1000000015
960  12.412  -98.152  -33.428 0.2000000030
1224  13.159  -96.282  -34.092 0.2000000030
1191  29.881  -97.524  -30.131 0.1000000015
1494  28.678  -96.336  -31.392 0.1000000015
1864  32.085  -95.349  -29.105 0.1000000015
1483  30.476  -96.058  -29.664 0.1000000015
141230  28.756  -97.736  -31.057 0.1000000015
159838  28.388  -98.012  -31.163 0.1000000015
958  28.085  -98.351  -33.180 0.2000000030
951  28.116  -98.276  -32.329 0.1000000015
1518  14.010  -96.327  -33.004 0.1000000015
1197  14.943  -96.802  -30.337 0.1000000015
1876  29.694  -95.367  -30.337 0.1000000015
2294  32.431  -94.640  -29.227 0.1000000015
1865  31.296  -95.479  -29.479 0.1000000015
2307  29.374  -94.787  -30.801 0.1000000015
1202  28.589  -97.142  -31.927 0.1000000015
1210  29.173  -97.353  -32.737 0.1000000015
1525  13.674  -95.879  -33.640 0.1000000015
2752  31.532  -94.078  -29.633 0.1000000015
1866  30.471  -95.217  -29.972 0.1000000015
1877  28.966  -95.489  -30.991 0.1000000015
147536  30.543  -93.725  -30.355 0.1000000015
1887  28.773  -95.642  -31.832 0.1000000015
1209  29.839  -96.668  -32.882 0.1000000015
6478  37.391  -86.470  -39.248 0.3000000119
6479  36.637  -86.698  -39.397 0.4000000060
2328  29.513  -94.700  -32.412 0.1000000015
1897  30.061  -95.477  -32.758 0.1000000015
152373  29.920  -96.996  -33.088 0.1000000015
8606  11.151  -83.931  -46.750 0.2000000030
7785  39.710  -84.638  -38.651 0.2000000030
164221  38.609  -84.757  -39.938 0.2000000030
8519  37.878  -84.233  -40.822 0.3000000119
9196  39.991  -83.202  -39.594 0.2000000030
8553  37.676  -83.318  -42.369 0.4000000060
9184  39.941  -83.311  -38.705 0.2000000030
2321  13.241  -94.775  -31.999 0.1000000015
7888  4.664  -85.914  -44.004 0.3000000119
7907  6.574  -85.133  -46.096 0.3000000119
8610  7.350  -84.409  -46.185 0.2000000030
9271  7.799  -83.507  -44.461 0.2000000030
9320  10.051  -83.129  -46.656 0.2000000030
8503  39.204  -84.378  -39.980 0.2000000030
160305  39.052  -83.600  -41.018 0.3000000119
9242  38.362  -83.279  -42.059 0.3000000119
9255  38.308  -82.801  -42.858 0.4000000060
9231  39.661  -83.069  -40.995 0.3000000119
9241  39.116  -83.101  -41.673 0.3000000119
9276  37.895  -82.504  -43.528 0.4000000060
10077  38.010  -81.976  -44.226 0.4000000060
9307  3.803  -83.985  -44.724 0.2000000030
137672  4.345  -84.031  -44.613 0.1000000015
7873  5.279  -85.625  -44.683 0.2000000030
7861  4.730  -86.408  -42.950 0.1000000015
8595  6.667  -84.585  -45.569 0.2000000030
7149  4.481  -86.661  -42.378 0.1000000015
7813  4.490  -86.003  -41.154 0.1000000015
10089  10.271  -82.222  -45.145 0.1000000015
10058  39.057  -82.074  -42.720 0.3000000119
10797  39.048  -81.394  -43.397 0.3000000119
10813  38.958  -80.844  -44.016 0.3000000119
11563  38.053  -80.264  -45.539 0.4000000060
9294  3.174  -83.041  -44.909 0.2000000030
10829  3.422  -81.311  -44.880 0.1000000015
9292  4.914  -82.969  -44.689 0.2000000030
10075  5.621  -82.246  -44.147 0.2000000030
10039  6.233  -82.825  -41.545 0.1000000015
8530  5.454  -84.423  -41.356 0.1000000015
12314  38.345  -79.952  -43.240 0.2000000030
12350  38.239  -79.773  -44.534 0.2000000030
11574  37.910  -79.780  -46.055 0.3000000119
13229  36.917  -79.292  -47.578 0.5000000000
10827  4.664  -81.311  -45.018 0.1000000015
10810  5.384  -81.126  -44.473 0.1000000015
13173  6.153  -78.796  -42.524 0.1000000015
11524  7.539  -80.249  -42.147 0.1000000015
12291  7.480  -79.416  -40.724 0.1000000015
13117  7.292  -78.548  -39.336 0.1000000015
12378  34.950  -79.537  -47.939 0.4000000060
12312  5.011  -79.100  -42.399 0.1000000015
13234  32.112  -78.885  -46.395 0.3000000119
147400  32.665  -78.517  -46.935 0.3000000119
13251  31.018  -78.904  -48.037 0.4000000060
138678  29.661  -79.326  -48.037 0.5000000000
12355  31.551  -79.569  -45.806 0.3000000119
12369  31.264  -78.920  -46.707 0.3000000119
14001  2.944  -77.689  -39.913 0.1000000015
143929  3.845  -79.233  -40.556 0.1000000015
14832  3.534  -76.820  -41.017 0.1000000015
13134  3.971  -78.352  -41.035 0.1000000015
11598  26.112  -80.530  -48.051 0.4000000060
155362  2.389  -76.536  -36.535 0.2000000030
13990  2.541  -77.581  -38.503 0.1000000015
14814  2.639  -76.871  -39.368 0.1000000015
136620  2.408  -78.255  -37.032 0.2000000030
138508  2.332  -77.173  -36.224 0.2000000030
908  10.437  -98.346  -27.321 0.3000000119
896  11.033  -97.897  -26.517 0.2000000030
12983  2.719  -78.412  -27.300 0.2000000030
35  11.480  -102.432  -18.768 0.1000000015
158191  2.603  -77.821  -25.295 0.2000000030
14605  2.994  -76.581  -25.059 0.1000000015
13807  2.642  -76.957  -24.261 0.1000000015
142707  2.789  -78.589  -24.163 0.3000000119
13780  2.785  -76.910  -22.761 0.1000000015
12926  2.844  -78.420  -23.381 0.2000000030
1051  11.292  -97.705  -14.895 0.2000000030
2154  11.708  -94.910  -14.222 0.3000000119
2155  11.149  -94.334  -14.212 0.3000000119
142174  11.381  -93.897  -12.498 0.3000000119
164879  4.331  -77.319  -19.508 0.2000000030
14512  5.039  -77.000  -18.043 0.2000000030
16215  6.160  -74.569  -16.568 0.2000000030
15373  6.106  -75.943  -16.946 0.2000000030
138796  6.158  -72.695  -16.410 0.2000000030
18050  5.566  -72.733  -16.278 0.2000000030
137775  3.646  -69.644  -18.967 0.2000000030
21560  2.769  -69.331  -19.246 0.2000000030
21598  4.594  -68.583  -21.581 0.1000000015
20661  3.388  -69.340  -19.756 0.2000000030
21588  5.244  -68.847  -20.634 0.2000000030
21599  3.484  -68.582  -21.674 0.1000000015
21578  2.830  -69.151  -20.185 0.2000000030
22472  2.630  -67.679  -19.182 0.2000000030
24447  2.304  -65.156  -17.709 0.3000000119
21600  2.805  -68.357  -21.602 0.1000000015
22482  2.588  -67.785  -20.163 0.2000000030
149562  2.420  -65.735  -18.327 0.2000000030
150601  2.780  -65.919  -20.096 0.1000000015
23435  2.612  -66.608  -18.551 0.2000000030
23455  2.679  -66.833  -20.574 0.1000000015
148697  2.317  -65.012  -18.682 0.2000000030
24458  2.593  -65.825  -19.165 0.2000000030
141127  2.401  -64.591  -17.091 0.2000000030
143675  2.073  -64.113  -19.130 0.2000000030
26339  4.595  -62.805  -14.640 0.3000000119
28320  2.436  -61.822  -19.245 0.1000000015
29326  2.569  -60.893  -18.838 0.1000000015
28319  3.251  -61.315  -19.983 0.1000000015
29299  2.458  -60.311  -18.072 0.1000000015
148335  3.312  -60.370  -19.621 0.1000000015
30367  2.821  -59.987  -18.726 0.1000000015
31249  12.490  -58.779  -16.895 0.2000000030
36981  5.963  -52.317  -20.528 0.1000000015
1523  31.206  -96.199  -33.191 0.1000000015
3060  10.045  -92.142  -13.314 0.3000000119
143311  5.282  -85.950  -44.977 0.4000000060
9322  8.545  -83.484  -46.157 0.2000000030
13252  32.636  -78.989  -48.093 0.5000000000
13248  33.311  -78.919  -47.923 0.3000000119
9290  8.984  -82.663  -44.606 0.1000000015
9305  8.466  -83.001  -45.802 0.1000000015
7858  6.651  -84.860  -43.714 0.1000000015
19791  3.321  -70.353  -17.653 0.2000000030
36016  5.016  -53.165  -21.086 0.1000000015
304  21.429  -101.081  -34.578 0.3000000119
144  18.979  -101.568  -33.858 0.1000000015
7798  37.963  -84.897  -40.135 0.2000000030
13247  34.197  -78.895  -47.593 0.3000000119
141197  10.094  -101.894  -17.744 0.2000000030
26399  1.968  -63.261  -18.955 0.2000000030
1942  31.413  -93.941  -35.452 0.3000000119
18929  5.128  -72.036  -16.449 0.2000000030
10811  3.321  -80.822  -44.341 0.1000000015
11552  4.255  -80.243  -44.344 0.1000000015
12348  5.561  -79.898  -43.594 0.1000000015
20646  2.591  -69.224  -18.329 0.2000000030
22459  2.647  -67.503  -18.138 0.2000000030
139  16.715  -101.870  -32.994 0.1000000015
479  13.320  -101.218  -30.822 0.1000000015
299  21.155  -101.406  -33.582 0.1000000015
145023  14.161  -100.062  -29.606 0.1000000015
1181  30.234  -97.229  -29.509 0.1000000015
1466  31.219  -96.278  -28.746 0.1000000015
136642  4.457  -85.561  -43.808 0.2000000030
10059  38.497  -82.027  -43.446 0.3000000119
8550  4.552  -84.946  -43.001 0.2000000030
9272  5.491  -83.306  -43.688 0.1000000015
7832  4.324  -85.551  -42.066 0.1000000015
9228  6.052  -83.846  -40.773 0.1000000015
11544  38.704  -80.249  -43.835 0.3000000119
12359  38.127  -79.824  -45.360 0.3000000119
10055  6.064  -82.643  -43.190 0.1000000015
10794  6.688  -81.098  -43.107 0.1000000015
9251  5.675  -83.552  -42.732 0.1000000015
10054  6.519  -82.007  -42.501 0.1000000015
12347  6.307  -79.906  -43.277 0.1000000015
12311  7.522  -79.405  -41.824 0.1000000015
13249  32.471  -78.726  -47.692 0.3000000119
21579  2.570  -68.710  -19.774 0.2000000030
21589  3.914  -68.922  -20.934 0.2000000030
22485  2.630  -67.748  -21.095 0.1000000015
6504  16.419  -87.224  -42.113 0.1000000015
143787  16.670  -86.045  -43.046 0.1000000015
135940  16.672  -86.387  -43.626 0.1000000015
7857  16.313  -85.463  -43.726 0.1000000015
8593  15.806  -84.299  -46.007 0.2000000030
159380  16.792  -85.687  -45.638 0.2000000030
12372  28.856  -79.567  -47.363 0.3000000119
9341  20.941  -83.529  -47.922 0.3000000119
11584  27.346  -79.895  -47.830 0.3000000119
11585  26.023  -80.442  -47.761 0.3000000119
6475  16.320  -87.360  -39.247 0.1000000015
6491  15.992  -87.480  -40.643 0.1000000015
155863  17.038  -88.439  -38.566 0.1000000015
5892  16.046  -88.846  -39.703 0.1000000015
6492  15.610  -88.381  -40.648 0.1000000015
7125  16.529  -86.920  -41.411 0.1000000015
9287  14.694  -83.342  -45.049 0.1000000015
147486  27.465  -80.130  -47.000 0.1000000015
10848  24.889  -80.921  -47.882 0.3000000119
146439  24.017  -81.089  -47.156 0.3000000119
10844  22.636  -81.765  -47.038 0.3000000119
11570  25.793  -80.552  -46.932 0.2000000030
6465  16.877  -87.572  -38.448 0.1000000015
7072  17.877  -86.510  -37.513 0.1000000015
7804  16.622  -85.599  -40.481 0.1000000015
7824  16.859  -85.884  -41.370 0.1000000015
7842  16.420  -85.229  -42.825 0.1000000015
9301  21.430  -83.954  -46.315 0.1000000015
9314  19.623  -84.302  -47.100 0.1000000015
155999  26.164  -80.947  -45.978 0.1000000015
10822  24.256  -81.831  -44.948 0.1000000015
10837  22.824  -81.891  -46.497 0.2000000030
10109  21.976  -82.033  -46.815 0.2000000030
9313  20.797  -83.256  -46.844 0.1000000015
10843  24.727  -80.849  -46.813 0.3000000119
7781  16.842  -85.797  -38.767 0.1000000015
7096  16.491  -86.370  -39.601 0.1000000015
4192  9.450  -89.984  -12.716 0.3000000119
4203  8.467  -90.195  -13.321 0.3000000119
8886  8.458  -83.256  -8.143 0.1000000015
9602  7.953  -82.391  -8.283 0.1000000015
10384  6.350  -81.056  -7.499 0.1000000015
8158  8.830  -84.268  -9.577 0.1000000015
8892  6.998  -83.308  -9.630 0.1000000015
9604  5.856  -82.228  -8.534 0.2000000030
9616  6.415  -82.781  -9.025 0.2000000030
8902  6.268  -83.886  -10.014 0.2000000030
11162  4.677  -80.537  -8.381 0.3000000119
9605  4.993  -82.202  -8.688 0.3000000119
160846  4.728  -82.510  -9.869 0.4000000060
39890  20.284  -49.110  -22.481 0.2000000030
7186  18.155  -85.926  -46.956 0.2000000030
7913  19.162  -85.318  -47.688 0.3000000119
9328  20.203  -83.834  -47.429 0.3000000119
10134  21.492  -82.754  -47.523 0.3000000119
154512  16.683  -85.797  -44.717 0.2000000030
8894  4.974  -83.138  -9.600 0.3000000119
11173  4.471  -80.813  -9.247 0.4000000060
40859  20.325  -48.427  -22.518 0.2000000030
8901  8.438  -83.892  -10.111 0.2000000030
8578  15.918  -84.562  -45.150 0.1000000015
137788  24.014  -81.240  -46.532 0.1000000015
146891  25.374  -81.092  -45.944 0.2000000030
8600  20.392  -84.379  -46.540 0.1000000015
7896  19.077  -85.362  -46.357 0.1000000015
8891  8.484  -83.451  -9.367 0.1000000015
9603  7.133  -82.147  -8.473 0.1000000015
13574  4.447  -77.295  -7.181 0.2000000030
14380  4.448  -76.559  -6.743 0.1000000015
159785  3.948  -76.686  -8.494 0.1000000015
15220  4.584  -75.045  -6.022 0.1000000015
15221  4.209  -75.172  -6.779 0.2000000030
17893  4.067  -72.888  -6.354 0.1000000015
21428  4.042  -68.117  -7.067 0.1000000015
23303  3.300  -66.545  -8.603 0.1000000015
147128  2.551  -66.920  -9.258 0.1000000015
22357  2.616  -67.909  -9.394 0.2000000030
140101  6.537  -59.604  -15.492 0.1000000015
29262  5.492  -60.571  -15.165 0.1000000015
156407  4.310  -64.558  -10.083 0.1000000015
30270  5.974  -58.372  -14.192 0.1000000015
29257  4.909  -60.081  -14.602 0.1000000015
27267  3.428  -62.236  -13.872 0.1000000015
27237  3.681  -62.642  -12.290 0.1000000015
24328  2.835  -65.125  -10.524 0.1000000015
26322  2.868  -63.624  -13.363 0.1000000015
25310  2.701  -64.530  -12.301 0.2000000030
23351  2.778  -65.951  -11.439 0.1000000015
30281  5.602  -59.737  -15.067 0.1000000015
29255  4.479  -60.423  -13.896 0.1000000015
30279  7.160  -59.083  -15.765 0.1000000015
147845  13.489  -51.330  -22.194 0.2000000030
38963  16.185  -50.470  -24.485 0.2000000030
38964  15.453  -50.808  -24.216 0.2000000030
38954  14.122  -50.267  -23.299 0.2000000030
38927  13.151  -50.527  -21.619 0.2000000030
142460  18.302  -47.891  -23.489 0.1000000015
137678  17.549  -49.162  -24.191 0.1000000015
150496  15.473  -48.794  -24.648 0.1000000015
155268  14.332  -49.778  -23.681 0.2000000030
39880  13.237  -49.755  -21.934 0.2000000030
40872  14.085  -48.676  -23.673 0.1000000015
40863  13.085  -48.244  -22.195 0.1000000015
26277  3.476  -63.742  -11.249 0.1000000015
28231  3.972  -61.414  -13.222 0.1000000015
28236  3.964  -61.020  -13.851 0.1000000015
145125  7.140  -57.636  -13.514 0.1000000015
146205  6.460  -58.707  -15.286 0.1000000015
14381  4.148  -76.668  -7.520 0.1000000015
18796  3.731  -71.400  -6.180 0.1000000015
21440  2.883  -68.287  -8.543 0.2000000030
21429  3.366  -68.017  -7.629 0.1000000015
162897  21.655  -50.263  -22.559 0.2000000030
40849  12.826  -48.990  -21.389 0.2000000030
146866  9.374  -48.873  -19.858 0.1000000015
40858  21.690  -48.941  -22.522 0.2000000030
40850  12.462  -47.995  -21.476 0.1000000015
39881  12.073  -48.546  -20.875 0.1000000015
13246  35.914  -79.013  -47.380 0.3000000119
41844  19.883  -47.859  -22.577 0.1000000015
40869  18.418  -48.536  -23.110 0.2000000030
39899  17.973  -49.105  -23.346 0.2000000030
38962  17.009  -49.949  -24.314 0.2000000030
39901  14.791  -50.182  -23.929 0.2000000030
38945  13.578  -50.486  -22.490 0.2000000030
41845  18.984  -47.977  -22.774 0.1000000015
28241  4.044  -61.199  -14.304 0.1000000015
24306  3.250  -65.417  -9.677 0.1000000015
26276  4.447  -63.656  -10.994 0.1000000015
25283  3.107  -64.355  -10.893 0.1000000015
160238  5.540  -58.900  -14.133 0.1000000015
27255  3.189  -62.528  -13.281 0.1000000015
26314  2.807  -63.499  -12.422 0.1000000015
26301  5.083  -63.186  -11.432 0.1000000015
25299  2.770  -64.640  -11.503 0.1000000015
39909  16.296  -49.524  -24.739 0.1000000015
157372  17.026  -49.160  -24.742 0.1000000015
39910  15.464  -49.880  -24.451 0.1000000015
39894  13.597  -49.794  -22.729 0.2000000030
39902  14.657  -49.276  -24.026 0.1000000015
156861  16.448  -48.583  -24.966 0.1000000015
147125  13.550  -48.491  -23.035 0.1000000015
41858  13.887  -47.964  -23.577 0.1000000015
13212  37.125  -79.111  -46.559 0.3000000119
13214  35.765  -78.702  -45.529 0.1000000015
13213  36.515  -78.944  -46.040 0.3000000119
13198  34.281  -78.801  -44.798 0.1000000015
13215  34.326  -78.623  -45.833 0.1000000015
13231  35.794  -78.808  -46.540 0.2000000030
12340  32.994  -80.155  -43.786 0.1000000015
144227  30.871  -82.565  -40.922 0.1000000015
10786  31.366  -81.881  -42.340 0.1000000015
10799  31.741  -81.383  -43.048 0.1000000015
9197  30.136  -83.014  -39.863 0.1000000015
12361  33.022  -79.297  -45.136 0.1000000015
9185  30.223  -82.992  -38.980 0.1000000015
10000  31.382  -82.429  -40.163 0.1000000015
9186  28.943  -83.169  -38.390 0.1000000015
151615  30.183  -82.519  -38.250 0.1000000015
11576  29.996  -79.749  -46.312 0.2000000030
10832  29.035  -81.419  -45.063 0.2000000030
11558  30.485  -80.885  -44.944 0.1000000015
162787  34.577  -78.646  -46.458 0.2000000030
11545  32.397  -80.783  -43.388 0.1000000015
9970  30.755  -82.544  -38.803 0.1000000015
140515  31.948  -81.850  -39.711 0.1000000015
10771  31.787  -81.918  -41.504 0.1000000015
11565  30.407  -80.303  -45.625 0.2000000030
11578  28.372  -80.055  -46.743 0.2000000030
11556  32.290  -80.455  -44.102 0.1000000015
12370  30.399  -78.943  -47.018 0.2000000030
12371  29.598  -79.237  -47.226 0.2000000030
139322  31.125  -80.785  -44.620 0.1000000015
10816  30.774  -81.381  -44.113 0.1000000015
10801  30.213  -81.809  -43.771 0.1000000015
10800  30.838  -81.792  -43.220 0.1000000015
13233  34.036  -78.587  -46.796 0.2000000030
150101  33.668  -78.630  -46.167 0.2000000030
11557  31.783  -80.231  -44.821 0.1000000015
1704  11.553  -95.362  -13.006 0.2000000030
3058  11.361  -93.076  -13.006 0.2000000030
3570  10.549  -91.766  -12.717 0.2000000030
3046  9.512  -92.477  -11.153 0.2000000030
3044  10.811  -92.398  -11.750 0.2000000030
4179  10.375  -90.666  -11.909 0.2000000030
3560  10.053  -90.600  -12.489 0.2000000030
4166  9.065  -90.139  -10.849 0.2000000030
6819  8.991  -86.469  -11.349 0.2000000030
4849  9.760  -89.490  -11.721 0.2000000030
141673  4.634  -78.936  -7.621 0.1000000015
14676  2.515  -75.741  -31.944 0.1000000015
139870  2.241  -76.912  -28.850 0.1000000015
13827  2.715  -76.682  -26.693 0.1000000015
35093  25.809  -54.567  -18.059 0.1000000015
35981  25.747  -53.605  -17.944 0.1000000015
35967  25.983  -52.871  -17.774 0.1000000015
39889  21.125  -49.608  -22.548 0.1000000015
40857  22.111  -48.309  -22.403 0.1000000015
161136  21.469  -48.294  -22.506 0.1000000015
7204  17.993  -86.286  -46.924 0.2000000030
35979  27.342  -53.790  -18.455 0.1000000015
12362  32.346  -79.473  -45.459 0.1000000015
2575  10.593  -93.222  -11.630 0.2000000030
158412  20.807  -47.865  -22.536 0.1000000015
2361  32.840  -93.334  -35.472 0.2000000030
5882  37.097  -87.355  -38.853 0.2000000030
12351  37.748  -79.419  -45.111 0.2000000030
5236  20.562  -90.050  -41.028 0.1000000015
5917  19.564  -88.833  -41.974 0.1000000015
136150  19.105  -89.068  -42.740 0.1000000015
154591  18.093  -88.430  -43.807 0.1000000015
7844  6.975  -85.062  -42.851 0.1000000015
5205  20.188  -89.120  -38.779 0.1000000015
5908  20.509  -89.293  -40.692 0.1000000015
5229  20.427  -89.793  -40.232 0.1000000015
5910  19.173  -88.122  -41.476 0.1000000015
5918  18.777  -88.295  -42.270 0.1000000015
135537  18.389  -89.171  -44.240 0.1000000015
136207  17.206  -86.753  -44.876 0.1000000015
135542  17.790  -87.799  -45.105 0.1000000015
136293  17.515  -88.724  -45.507 0.1000000015
7126  6.574  -86.840  -40.567 0.1000000015
152703  7.183  -85.576  -41.983 0.1000000015
17157  4.859  -73.790  -19.873 0.1000000015
17142  5.261  -73.437  -19.010 0.1000000015
160611  6.431  -74.209  -17.680 0.1000000015
15372  6.435  -75.539  -17.263 0.1000000015
18093  4.590  -72.650  -19.992 0.1000000015
18927  6.335  -71.855  -16.658 0.1000000015
18069  6.268  -72.811  -17.635 0.1000000015
17135  6.449  -73.613  -17.225 0.1000000015
18950  6.534  -71.101  -18.044 0.1000000015
19788  6.213  -70.600  -17.197 0.1000000015
18078  6.155  -72.103  -18.393 0.1000000015
18963  6.403  -71.133  -19.035 0.1000000015
143187  6.392  -69.627  -19.348 0.1000000015
20643  5.738  -69.629  -18.236 0.1000000015
162376  5.083  -70.960  -16.969 0.1000000015
20644  4.839  -69.625  -18.598 0.1000000015
19803  4.018  -70.140  -18.242 0.1000000015
140468  6.570  -51.865  -20.152 0.1000000015
150291  39.189  -80.873  -42.545 0.1000000015
155981  9.207  -49.659  -19.741 0.1000000015
39857  7.535  -49.680  -19.743 0.1000000015
38897  6.691  -49.605  -20.173 0.1000000015
147987  9.070  -47.991  -19.998 0.1000000015
37975  7.543  -50.511  -19.758 0.1000000015
135533  20.540  -90.325  -41.924 0.1000000015
11510  39.501  -81.313  -41.916 0.2000000030
14503  6.334  -76.291  -17.586 0.1000000015
18928  6.028  -71.877  -16.280 0.1000000015
20675  4.257  -69.135  -20.166 0.1000000015
20659  5.635  -69.308  -18.997 0.1000000015
135956  18.196  -87.475  -43.546 0.1000000015
150073  6.224  -69.685  -18.490 0.1000000015
9999  40.056  -82.528  -40.101 0.1000000015
10749  39.851  -81.797  -40.510 0.1000000015
10022  39.717  -82.398  -41.471 0.1000000015
9984  39.851  -82.335  -39.312 0.1000000015
1199  12.279  -96.746  -30.113 0.1000000015
1188  11.927  -97.719  -30.165 0.1000000015
928  12.299  -99.173  -29.276 0.1000000015
907  12.790  -99.268  -28.548 0.1000000015
259  11.496  -101.638  -26.639 0.1000000015
438  10.658  -100.816  -26.778 0.1000000015
876  11.862  -97.569  -24.695 0.1000000015
7099  39.015  -84.972  -39.472 0.1000000015
8479  39.930  -84.098  -38.204 0.1000000015
163549  13.116  -94.866  -33.831 0.1000000015
144995  12.707  -98.178  -28.785 0.1000000015
138750  13.359  -99.326  -27.800 0.1000000015
641  13.813  -99.858  -27.054 0.1000000015
436  13.414  -100.840  -26.772 0.1000000015
642  11.376  -98.727  -26.064 0.1000000015
1112  12.174  -97.766  -22.680 0.1000000015
866  11.629  -98.198  -22.735 0.1000000015
144123  38.872  -85.711  -38.890 0.1000000015
6469  37.875  -86.961  -38.703 0.1000000015
159571  38.367  -85.367  -39.553 0.1000000015
7078  39.535  -85.402  -38.216 0.1000000015
142394  39.822  -84.755  -37.933 0.1000000015
410  12.922  -99.836  -23.505 0.1000000015
622  12.439  -99.187  -24.351 0.1000000015
409  13.422  -98.900  -22.699 0.1000000015
875  12.319  -97.783  -23.944 0.1000000015
601  13.478  -98.370  -21.872 0.1000000015
5867  37.852  -87.863  -38.456 0.1000000015
3866  36.082  -90.978  -36.667 0.1000000015
6460  38.392  -87.386  -38.123 0.1000000015
7065  39.183  -86.402  -37.222 0.1000000015
140816  12.551  -102.406  -19.366 0.1000000015
138941  10.323  -99.516  -14.730 0.1000000015
1045  10.883  -97.610  -13.999 0.1000000015
136430  10.396  -98.820  -15.570 0.1000000015
1350  11.483  -96.718  -13.724 0.1000000015
1364  11.918  -96.349  -14.776 0.1000000015
1705  10.588  -95.450  -12.516 0.1000000015
2132  8.308  -94.727  -11.466 0.1000000015
142844  9.086  -94.122  -11.565 0.1000000015
2577  8.318  -93.873  -11.348 0.1000000015
2576  9.513  -93.311  -11.364 0.1000000015
3035  7.663  -92.225  -10.608 0.1000000015
3539  9.570  -90.970  -10.927 0.1000000015
3036  6.710  -92.507  -10.162 0.1000000015
3540  8.229  -91.137  -10.642 0.1000000015
3541  6.948  -91.593  -10.318 0.1000000015
161661  7.890  -90.355  -10.653 0.1000000015
5516  9.502  -88.805  -11.900 0.1000000015
4158  5.568  -90.011  -9.864 0.1000000015
138726  6.871  -90.101  -10.482 0.1000000015
5509  6.206  -88.858  -10.333 0.1000000015
5508  7.494  -88.291  -10.599 0.1000000015
6184  8.873  -87.120  -10.988 0.1000000015
6185  8.011  -87.389  -10.414 0.1000000015
6186  6.725  -87.947  -10.133 0.1000000015
6812  8.709  -86.538  -10.526 0.1000000015
6804  8.242  -86.358  -9.809 0.1000000015
7468  9.016  -85.273  -10.569 0.1000000015
7457  8.540  -85.535  -9.414 0.1000000015
31273  14.906  -58.751  -17.135 0.1000000015
31275  13.187  -58.934  -17.084 0.1000000015
31245  17.465  -58.563  -16.738 0.1000000015
5187  37.892  -88.869  -37.397 0.1000000015
4485  37.286  -89.906  -36.577 0.1000000015
3286  35.163  -92.589  -34.511 0.1000000015
2354  33.232  -93.896  -34.881 0.1000000015
144024  16.645  -58.721  -16.935 0.1000000015
31244  18.247  -58.206  -16.535 0.1000000015
2814  33.876  -92.559  -35.880 0.1000000015
3852  36.307  -91.121  -35.818 0.1000000015
160018  33.831  -93.437  -34.862 0.1000000015
3851  36.802  -90.550  -36.155 0.1000000015
643  10.675  -99.548  -26.846 0.1000000015
1916  31.665  -95.645  -34.553 0.1000000015
1928  32.198  -95.101  -35.035 0.1000000015
2129  10.974  -93.912  -11.963 0.1000000015
4850  9.204  -89.243  -11.251 0.1000000015
153996  17.436  -57.552  -16.425 0.1000000015
157354  16.837  -57.927  -16.541 0.1000000015
36  10.638  -102.246  -18.237 0.1000000015
43  11.954  -102.378  -19.827 0.1000000015
44  10.853  -102.265  -19.296 0.3000000119
49  13.139  -99.903  -20.181 0.1000000015
51  11.239  -102.278  -20.374 0.3000000119
92  16.431  -101.944  -27.392 0.1000000015
93  16.159  -102.051  -28.032 0.1000000015
96  16.588  -102.144  -28.546 0.1000000015
97  15.857  -102.063  -28.715 0.1000000015
101  17.025  -102.077  -29.258 0.1000000015
102  15.634  -102.079  -29.540 0.1000000015
103  14.862  -101.927  -29.493 0.1000000015
122  13.656  -102.080  -31.860 0.1000000015
131  15.479  -102.123  -32.495 0.1000000015
133  13.544  -102.194  -32.646 0.1000000015
134  12.851  -101.898  -32.852 0.2000000030
141  14.170  -102.247  -33.331 0.2000000030
145  17.976  -100.890  -33.863 0.1000000015
146  17.326  -101.018  -33.776 0.1000000015
147  16.631  -102.036  -34.271 0.1000000015
148  15.801  -102.256  -35.081 0.3000000119
151  13.113  -101.911  -34.494 0.4000000060
153  17.848  -100.968  -34.413 0.1000000015
155  16.933  -101.905  -35.075 0.2000000030
156  15.091  -102.193  -35.394 0.3000000119
161  14.718  -101.762  -36.009 0.4000000060
195  9.824  -101.286  -18.213 0.3000000119
198  9.810  -101.228  -18.967 0.3000000119
201  9.929  -101.556  -19.650 0.3000000119
203  10.690  -102.137  -20.949 0.3000000119
204  10.152  -101.657  -21.167 0.3000000119
223  10.792  -101.500  -22.399 0.3000000119
257  12.879  -101.593  -26.306 0.1000000015
260  10.898  -101.420  -26.881 0.1000000015
265  15.969  -101.744  -27.692 0.1000000015
266  12.560  -101.394  -27.121 0.1000000015
268  11.017  -101.575  -27.405 0.2000000030
274  11.346  -101.447  -27.939 0.2000000030
276  9.988  -101.166  -28.450 0.2000000030
285  14.354  -101.872  -30.102 0.1000000015
286  13.781  -101.707  -30.694 0.1000000015
287  23.884  -100.121  -32.048 0.1000000015
291  13.312  -101.813  -31.384 0.1000000015
292  12.813  -101.450  -31.662 0.1000000015
297  22.560  -101.158  -33.069 0.1000000015
300  12.400  -101.261  -33.346 0.3000000119
301  11.946  -100.848  -33.834 0.3000000119
305  20.398  -101.273  -34.114 0.1000000015
308  11.796  -100.607  -34.515 0.5000000000
309  22.100  -100.415  -35.182 0.3000000119
310  21.292  -100.693  -35.400 0.4000000060
312  19.359  -101.113  -35.263 0.3000000119
314  17.669  -101.293  -35.336 0.2000000030
316  12.682  -101.333  -35.134 0.4000000060
318  20.826  -100.661  -36.025 0.4000000060
320  18.633  -101.118  -36.384 0.4000000060
321  17.421  -101.290  -36.218 0.2000000030
324  14.296  -101.230  -36.590 0.4000000060
325  12.238  -101.017  -35.860 0.4000000060
327  17.938  -101.202  -36.838 0.5000000000
328  17.234  -101.143  -37.087 0.4000000060
330  15.577  -101.010  -37.165 0.5000000000
333  12.814  -100.970  -36.465 0.8000000119
336  15.058  -100.403  -37.649 0.6999999881
358  9.981  -100.961  -16.453 0.2000000030
361  9.805  -100.450  -17.174 0.3000000119
365  9.686  -100.497  -18.703 0.3000000119
372  9.653  -100.734  -19.488 0.3000000119
387  13.867  -98.706  -20.706 0.1000000015
388  13.948  -98.810  -20.561 0.1000000015
389  13.243  -98.957  -20.401 0.1000000015
390  12.757  -100.128  -20.760 0.2000000030
391  9.188  -100.366  -21.570 0.5000000000
401  10.183  -100.867  -22.836 0.4000000060
402  8.996  -100.347  -23.033 0.8000000119
411  11.149  -100.260  -23.289 0.3000000119
412  10.445  -100.552  -23.502 0.6000000238
413  9.626  -100.447  -23.602 0.6000000238
428  13.671  -101.111  -25.974 0.1000000015
437  11.112  -100.181  -26.181 0.1000000015
442  15.375  -100.404  -28.079 0.1000000015
444  10.265  -100.655  -27.347 0.1000000015
447  14.895  -100.569  -28.627 0.1000000015
449  10.185  -101.219  -28.890 0.2000000030
450  9.453  -100.748  -28.795 0.2000000030
452  26.335  -98.184  -30.180 0.1000000015
459  10.646  -101.023  -29.474 0.3000000119
460  9.846  -101.025  -29.693 0.2000000030
461  9.332  -100.777  -29.532 0.6000000238
463  26.968  -99.662  -30.955 0.1000000015
465  25.633  -97.303  -30.674 0.1000000015
467  23.645  -100.211  -29.941 0.1000000015
472  13.721  -100.568  -30.132 0.1000000015
473  9.695  -100.656  -30.377 0.6000000238
474  9.338  -100.688  -30.098 0.6000000238
475  26.404  -97.702  -31.401 0.1000000015
476  25.591  -96.952  -31.368 0.1000000015
477  24.670  -97.364  -30.999 0.1000000015
480  12.509  -100.753  -31.986 0.2000000030
482  25.574  -96.852  -31.722 0.2000000030
484  23.508  -99.229  -32.476 0.2000000030
485  12.216  -100.249  -32.659 0.2000000030
488  11.869  -100.142  -33.412 0.3000000119
490  23.031  -97.444  -33.026 0.2000000030
491  22.850  -99.076  -33.782 0.3000000119
498  11.621  -100.151  -35.213 0.5000000000
499  22.159  -97.856  -35.412 0.3000000119
504  21.260  -98.673  -37.250 0.5000000000
506  20.583  -100.070  -37.396 0.5000000000
510  13.485  -100.280  -37.526 0.8999999762
511  12.784  -100.374  -37.063 0.8999999762
513  20.195  -99.882  -38.047 0.6000000238
514  19.455  -99.936  -38.202 0.6999999881
515  17.647  -100.101  -38.236 0.8000000119
516  16.327  -100.079  -38.254 0.8000000119
518  13.433  -99.824  -38.236 0.8999999762
520  12.081  -99.580  -37.998 0.8999999762
522  17.302  -99.505  -38.714 0.8999999762
524  15.374  -99.466  -38.653 0.8999999762
525  14.167  -99.513  -38.499 0.8999999762
554  10.119  -99.639  -15.442 0.1000000015
565  9.621  -99.570  -18.407 0.3000000119
570  9.124  -99.237  -19.065 0.4000000060
578  8.464  -98.926  -19.623 0.4000000060
591  13.032  -98.618  -20.653 0.2000000030
593  8.572  -99.701  -21.364 0.6999999881
594  7.970  -99.135  -21.447 1.0000000000
602  12.039  -98.730  -21.816 0.1000000015
604  7.660  -98.847  -22.094 1.0000000000
610  13.160  -98.140  -22.517 0.1000000015
611  12.921  -98.420  -23.297 0.1000000015
613  10.981  -99.171  -23.428 0.5000000000
614  8.788  -100.207  -23.870 0.8999999762
615  8.133  -99.591  -23.873 0.8999999762
625  8.695  -99.812  -24.774 0.8000000119
626  7.988  -99.238  -24.647 0.8999999762
632  12.143  -98.236  -24.776 0.1000000015
633  11.715  -99.427  -25.344 0.1000000015
634  8.836  -99.157  -25.421 0.8000000119
635  7.740  -98.535  -25.527 0.8999999762
644  27.525  -98.875  -27.885 0.1000000015
648  13.097  -100.512  -27.583 0.1000000015
649  12.836  -100.170  -28.265 0.1000000015
653  26.609  -98.856  -28.699 0.1000000015
654  25.779  -98.157  -28.753 0.1000000015
660  14.626  -99.780  -29.061 0.1000000015
662  9.291  -99.978  -28.469 0.5000000000
664  27.299  -99.343  -29.293 0.1000000015
667  25.096  -98.238  -29.159 0.1000000015
668  24.140  -98.798  -29.215 0.1000000015
674  11.422  -100.179  -29.623 0.2000000030
677  8.532  -99.678  -29.847 0.5000000000
682  13.816  -99.433  -30.125 0.1000000015
685  10.183  -100.072  -31.071 0.5000000000
686  9.171  -100.377  -30.835 0.6000000238
687  8.592  -99.838  -30.596 0.6000000238
695  8.676  -99.645  -31.362 0.6000000238
696  27.511  -98.992  -32.658 0.2000000030
698  26.312  -98.232  -32.474 0.2000000030
700  9.826  -99.038  -32.668 0.8000000119
702  27.072  -99.057  -33.140 0.3000000119
704  24.539  -96.363  -32.647 0.2000000030
707  11.610  -99.532  -34.054 0.4000000060
708  26.501  -98.820  -33.759 0.3000000119
709  24.246  -96.274  -33.194 0.3000000119
711  11.269  -99.394  -34.836 0.4000000060
713  23.481  -96.402  -34.644 0.4000000060
714  22.486  -97.206  -34.379 0.3000000119
715  11.257  -99.517  -35.424 0.6000000238
716  11.015  -98.926  -35.780 0.6000000238
719  21.711  -98.053  -36.514 0.5000000000
720  11.619  -99.657  -36.547 0.8999999762
726  21.595  -98.221  -38.607 0.6000000238
727  20.599  -99.187  -38.364 0.6000000238
729  18.968  -99.419  -38.630 0.6000000238
731  11.634  -98.939  -38.171 0.8999999762
732  11.237  -98.655  -37.641 0.8999999762
734  20.302  -98.842  -39.098 0.8000000119
736  18.498  -98.925  -39.167 0.8999999762
738  16.813  -99.017  -39.085 0.8999999762
740  15.072  -98.998  -39.123 0.8999999762
742  12.637  -99.003  -39.057 0.8999999762
785  10.344  -98.940  -13.882 0.1000000015
790  10.575  -98.608  -14.837 0.1000000015
795  10.921  -98.020  -15.635 0.2000000030
810  10.143  -98.748  -17.088 0.3000000119
820  9.328  -98.884  -18.452 0.3000000119
829  7.756  -98.256  -19.332 0.6999999881
835  13.162  -98.563  -20.681 0.1000000015
845  13.148  -98.429  -20.907 0.1000000015
846  12.722  -98.357  -21.318 0.2000000030
848  6.478  -97.393  -21.932 1.0000000000
854  13.033  -97.943  -22.124 0.1000000015
855  12.703  -97.946  -22.058 0.1000000015
856  12.280  -98.096  -22.053 0.1000000015
865  12.627  -97.885  -22.767 0.1000000015
878  9.598  -98.211  -25.266 0.6999999881
879  7.460  -98.583  -24.728 1.0000000000
886  11.739  -97.977  -25.344 0.1000000015
895  11.374  -97.587  -25.831 0.2000000030
897  7.830  -98.051  -26.266 0.8999999762
910  30.083  -97.535  -29.067 0.1000000015
912  28.355  -98.506  -28.348 0.1000000015
924  28.343  -99.048  -29.131 0.1000000015
927  14.582  -98.126  -29.485 0.1000000015
929  11.832  -98.907  -30.011 0.1000000015
932  28.544  -99.094  -30.222 0.1000000015
936  13.573  -98.870  -30.828 0.2000000030
939  8.025  -98.407  -30.456 0.6999999881
940  8.165  -99.015  -31.092 0.6000000238
941  28.352  -97.634  -32.046 0.1000000015
946  13.383  -98.424  -31.562 0.2000000030
947  11.123  -98.327  -31.418 0.3000000119
949  7.865  -98.185  -31.803 0.6999999881
952  13.005  -97.640  -33.015 0.2000000030
955  8.661  -98.809  -32.647 0.6000000238
956  8.185  -98.437  -32.455 0.8000000119
961  11.860  -98.637  -33.838 0.4000000060
963  9.036  -98.499  -33.254 0.6999999881
965  28.974  -97.555  -34.342 0.4000000060
966  28.232  -98.150  -34.258 0.4000000060
967  27.179  -98.322  -34.447 0.3000000119
970  11.492  -98.586  -34.655 0.6000000238
972  26.725  -98.235  -35.235 0.4000000060
974  25.234  -97.694  -35.697 0.4000000060
979  10.969  -98.266  -36.491 0.6000000238
981  24.272  -97.320  -36.440 0.4000000060
982  23.468  -97.232  -36.776 0.4000000060
985  10.918  -98.081  -37.885 0.8000000119
987  23.224  -97.407  -37.612 0.4000000060
989  16.369  -98.579  -38.456 0.8999999762
992  23.265  -97.853  -38.662 0.6000000238
994  21.252  -98.149  -39.245 0.6999999881
995  20.184  -98.182  -39.358 0.8000000119
996  19.625  -98.026  -39.370 0.8999999762
997  18.075  -98.602  -39.122 0.8999999762
999  16.236  -98.846  -39.008 0.8000000119
1000  15.402  -98.727  -38.997 0.8999999762
1003  12.378  -98.177  -39.211 0.8999999762
1004  11.610  -98.093  -39.050 0.8999999762
1005  20.806  -97.829  -39.787 0.8000000119
1044  11.773  -96.901  -14.466 0.2000000030
1065  10.707  -97.606  -16.276 0.3000000119
1075  9.491  -97.870  -17.180 0.3000000119
1076  8.236  -97.716  -17.459 0.5000000000
1078  6.887  -97.111  -18.177 0.8000000119
1091  6.621  -97.095  -19.078 1.0000000000
1098  6.430  -97.072  -20.126 1.0000000000
1120  12.068  -97.611  -23.408 0.1000000015
1122  5.991  -97.007  -23.790 1.0000000000
1130  11.550  -97.452  -24.272 0.4000000060
1131  11.016  -97.383  -24.225 0.4000000060
1139  11.341  -97.126  -25.179 0.1000000015
1140  10.616  -96.912  -25.591 0.6000000238
1141  9.826  -97.011  -25.600 0.6999999881
1142  8.434  -97.764  -26.281 0.8000000119
1144  6.196  -96.683  -25.251 1.0000000000
1151  10.358  -96.789  -26.423 0.6000000238
1152  9.057  -96.773  -26.604 0.6999999881
1153  8.204  -97.104  -26.858 0.8999999762
1167  10.118  -96.809  -27.153 0.6000000238
1169  6.961  -96.660  -27.386 1.0000000000
1170  30.876  -96.736  -29.300 0.1000000015
1172  29.554  -97.670  -28.395 0.1000000015
1178  9.189  -97.755  -28.578 0.5000000000
1179  8.626  -97.761  -29.153 0.6999999881
1190  7.576  -97.045  -29.725 0.8000000119
1192  28.882  -97.294  -30.781 0.1000000015
1198  14.435  -97.359  -30.732 0.1000000015
1201  7.694  -97.546  -30.470 0.6999999881
1207  11.386  -97.367  -31.501 0.3000000119
1208  10.849  -97.965  -32.078 0.4000000060
1211  14.240  -96.758  -32.298 0.1000000015
1212  13.636  -97.218  -32.657 0.1000000015
1213  10.258  -98.474  -32.714 0.8000000119
1215  30.485  -96.537  -33.088 0.1000000015
1217  12.795  -97.190  -33.799 0.2000000030
1218  10.161  -97.946  -33.363 0.8000000119
1219  9.431  -98.045  -33.998 0.8000000119
1221  7.957  -97.515  -33.623 0.8000000119
1222  30.325  -97.017  -33.620 0.3000000119
1225  12.537  -96.576  -34.753 0.3000000119
1228  8.429  -97.271  -34.422 0.8000000119
1232  28.006  -97.150  -35.469 0.4000000060
1233  27.216  -97.308  -35.612 0.4000000060
1235  17.017  -97.419  -35.743 0.8999999762
1239  27.320  -96.329  -35.373 0.4000000060
1242  17.138  -97.763  -36.279 0.8999999762
1243  10.928  -97.054  -36.999 0.6999999881
1244  26.302  -96.183  -37.288 0.5000000000
1247  17.184  -97.966  -37.139 0.8999999762
1249  15.682  -97.795  -37.429 0.8999999762
1252  25.304  -97.362  -38.111 0.5000000000
1255  17.393  -98.096  -38.003 0.8999999762
1259  11.259  -97.726  -38.947 0.8000000119
1261  26.005  -97.036  -38.839 0.5000000000
1264  23.069  -97.522  -39.467 0.6000000238
1265  22.292  -97.618  -39.720 0.6000000238
1267  20.301  -97.082  -39.870 0.8999999762
1270  17.753  -98.362  -38.755 0.8999999762
1271  14.840  -98.385  -38.815 0.8999999762
1272  14.040  -98.084  -39.022 0.8999999762
1274  12.435  -97.511  -39.303 0.8999999762
1275  11.187  -97.179  -39.063 0.8000000119
1276  23.529  -96.980  -40.089 0.6000000238
1278  21.917  -97.145  -40.363 0.6999999881
1279  21.199  -97.245  -40.188 0.8000000119
1345  11.752  -95.966  -13.493 0.1000000015
1357  11.771  -96.993  -15.106 0.1000000015
1367  8.848  -96.366  -15.653 0.6000000238
1368  7.992  -96.264  -15.621 0.6000000238
1369  7.356  -96.043  -15.778 0.6000000238
1375  10.594  -96.950  -16.153 0.3000000119
1376  9.413  -96.903  -16.143 0.4000000060
1382  7.286  -96.677  -16.854 0.6000000238
1383  6.713  -96.442  -17.498 0.6999999881
1397  5.858  -95.693  -19.902 1.0000000000
1403  5.927  -96.160  -20.427 1.0000000000
1408  5.937  -95.899  -21.308 1.0000000000
1414  5.951  -95.994  -22.222 1.0000000000
1420  5.946  -96.270  -23.210 1.0000000000
1427  5.943  -96.195  -24.994 1.0000000000
1436  9.828  -96.704  -26.255 0.6999999881
1437  6.106  -96.013  -25.756 1.0000000000
1448  8.907  -96.612  -27.185 0.6999999881
1462  9.501  -96.737  -27.388 0.6000000238
1463  8.834  -96.657  -27.820 0.8000000119
1465  31.939  -95.895  -28.968 0.1000000015
1478  8.992  -96.990  -28.350 0.6999999881
1481  6.114  -96.099  -28.571 0.8999999762
1482  31.489  -96.096  -29.166 0.1000000015
1491  6.191  -96.172  -29.347 0.8999999762
1492  5.581  -95.706  -29.038 0.8999999762
1493  29.355  -96.376  -30.336 0.1000000015
1501  12.258  -96.159  -30.872 0.3000000119
1508  11.702  -96.376  -31.672 0.3000000119
1513  30.735  -96.132  -32.863 0.1000000015
1514  29.665  -96.121  -32.737 0.1000000015
1515  28.947  -96.382  -32.350 0.1000000015
1522  6.862  -96.201  -33.088 0.8000000119
1526  10.334  -96.134  -34.034 0.6999999881
1528  7.401  -96.646  -33.686 0.8000000119
1529  6.978  -95.979  -33.760 0.8000000119
1531  31.211  -96.190  -34.063 0.2000000030
1533  18.554  -96.507  -34.664 1.0000000000
1534  17.894  -96.423  -34.606 1.0000000000
1535  13.262  -95.580  -34.075 0.1000000015
1539  7.445  -96.192  -34.438 0.8000000119
1540  31.034  -96.204  -35.090 0.2000000030
1542  28.931  -96.165  -35.363 0.4000000060
1545  18.211  -97.037  -35.051 1.0000000000
1547  16.625  -96.886  -35.749 1.0000000000
1548  12.269  -95.706  -35.257 0.6000000238
1550  8.337  -96.222  -35.542 0.8000000119
1551  7.751  -96.006  -35.262 0.8999999762
1553  27.144  -95.594  -35.684 0.4000000060
1555  18.518  -97.106  -35.837 0.8999999762
1556  15.810  -96.375  -36.778 0.8999999762
1562  18.603  -97.118  -37.761 0.8999999762
1563  15.962  -97.331  -36.732 0.8999999762
1565  14.750  -96.313  -37.939 0.8999999762
1566  10.559  -96.326  -38.306 0.6999999881
1571  18.851  -97.397  -38.679 0.8999999762
1576  27.101  -96.131  -38.762 0.6000000238
1578  25.119  -96.614  -39.583 0.6000000238
1580  21.122  -96.208  -40.166 0.8999999762
1582  19.384  -97.096  -39.084 0.8999999762
1583  13.700  -97.342  -38.952 0.8999999762
1584  12.914  -97.076  -39.231 0.8999999762
1585  12.159  -96.977  -39.344 0.8999999762
1586  11.227  -96.455  -39.222 0.8000000119
1587  26.771  -96.040  -39.542 0.6999999881
1590  23.846  -96.258  -40.639 0.6999999881
1593  21.529  -96.653  -40.366 0.8999999762
1594  20.864  -96.870  -40.216 0.8000000119
1596  23.111  -95.969  -41.101 0.6999999881
1597  18.050  -96.047  -42.069 1.0000000000
1599  16.506  -96.007  -42.542 1.0000000000
1600  19.745  -96.165  -42.704 1.0000000000
1601  19.111  -95.964  -42.856 1.0000000000
1602  18.694  -96.055  -42.410 1.0000000000
1604  17.023  -96.100  -42.873 1.0000000000
1606  18.305  -95.931  -42.822 1.0000000000
1607  17.471  -96.117  -42.941 1.0000000000
1608  16.928  -95.854  -43.246 1.0000000000
1712  11.834  -95.349  -13.653 0.2000000030
1720  11.908  -95.599  -14.466 0.3000000119
1721  11.118  -95.108  -14.795 0.5000000000
1724  7.038  -95.039  -14.699 0.6000000238
1730  10.645  -95.761  -15.353 0.5000000000
1731  9.366  -95.829  -15.246 0.6000000238
1732  8.333  -95.849  -15.057 0.6000000238
1733  7.559  -95.634  -15.201 0.6000000238
1746  6.286  -95.668  -17.201 0.8999999762
1747  5.865  -95.072  -17.924 0.8000000119
1753  5.876  -95.575  -18.630 1.0000000000
1759  12.019  -94.942  -20.728 1.0000000000
1762  10.134  -94.972  -20.197 1.0000000000
1763  5.851  -95.262  -19.383 0.8999999762
1769  11.406  -95.297  -20.905 1.0000000000
1771  9.504  -95.169  -20.919 1.0000000000
1772  8.223  -94.947  -21.045 1.0000000000
1773  6.565  -95.077  -20.976 1.0000000000
1774  6.055  -95.359  -20.657 1.0000000000
1775  5.977  -95.109  -20.008 1.0000000000
1783  10.921  -95.401  -21.838 1.0000000000
1784  9.974  -95.482  -21.704 1.0000000000
1793  11.086  -94.548  -22.755 1.0000000000
1796  8.440  -95.502  -22.788 1.0000000000
1798  6.327  -95.858  -23.136 1.0000000000
1803  10.092  -95.165  -23.483 1.0000000000
1804  9.282  -95.414  -23.238 1.0000000000
1805  8.219  -95.476  -23.684 1.0000000000
1806  7.071  -95.537  -24.011 1.0000000000
1816  7.065  -95.114  -24.914 1.0000000000
1818  6.043  -95.638  -24.870 1.0000000000
1826  5.720  -94.825  -25.985 1.0000000000
1848  5.725  -95.439  -27.399 1.0000000000
1861  5.607  -95.554  -28.226 1.0000000000
1863  32.483  -94.506  -29.007 0.1000000015
1874  5.102  -95.280  -29.632 0.8999999762
1875  4.663  -94.720  -29.384 1.0000000000
1884  6.335  -95.792  -31.651 0.8000000119
1885  5.393  -95.312  -30.464 0.8999999762
1890  11.877  -95.635  -32.284 0.6000000238
1891  5.743  -94.981  -31.936 0.8999999762
1898  29.150  -95.500  -32.375 0.1000000015
1904  6.455  -95.545  -32.501 0.6999999881
1908  19.670  -95.545  -33.973 1.0000000000
1911  13.517  -95.128  -33.628 0.1000000015
1912  11.574  -95.081  -33.819 0.6000000238
1913  10.996  -95.210  -34.469 0.6999999881
1914  6.637  -95.403  -33.289 0.8999999762
1917  19.804  -95.699  -34.668 1.0000000000
1919  18.425  -95.959  -34.247 1.0000000000
1920  17.806  -95.719  -34.417 1.0000000000
1921  12.985  -95.136  -34.195 0.1000000015
1922  12.387  -95.230  -34.680 0.5000000000
1933  19.545  -96.039  -35.302 1.0000000000
1935  16.822  -96.156  -35.457 1.0000000000
1936  11.630  -95.318  -35.278 0.6000000238
1937  10.160  -95.785  -36.516 0.6999999881
1938  9.131  -95.801  -36.640 0.8000000119
1939  8.545  -95.706  -36.217 0.6999999881
1941  7.102  -94.826  -34.893 0.8000000119
1943  30.503  -94.100  -35.447 0.4000000060
1946  20.484  -94.931  -36.297 0.8999999762
1949  15.786  -95.471  -36.716 0.8999999762
1950  10.971  -95.542  -36.157 0.6999999881
1952  9.528  -95.583  -37.255 0.6999999881
1958  19.782  -95.667  -37.320 0.8999999762
1960  14.531  -95.529  -37.803 0.8999999762
1965  28.038  -94.739  -38.219 0.6000000238
1969  19.754  -95.876  -38.114 0.8999999762
1972  11.961  -95.088  -39.113 0.8999999762
1973  10.552  -95.112  -39.070 0.8000000119
1974  10.494  -95.688  -38.788 0.8000000119
1975  10.016  -95.417  -38.314 0.8000000119
1980  20.778  -95.821  -39.578 0.8999999762
1981  12.631  -96.374  -39.225 0.8999999762
1982  12.265  -95.697  -39.165 0.8999999762
1984  10.832  -95.868  -39.109 0.8000000119
1985  26.846  -95.268  -40.219 0.6999999881
1988  23.341  -95.267  -41.108 0.8000000119
1994  16.745  -95.081  -40.838 1.0000000000
1995  16.269  -95.088  -41.185 1.0000000000
1998  25.609  -94.637  -41.332 0.8000000119
1999  24.356  -95.160  -41.364 0.6999999881
2000  20.190  -95.465  -42.124 1.0000000000
2001  19.808  -95.102  -41.379 1.0000000000
2003  17.727  -95.588  -41.520 1.0000000000
2004  16.848  -95.485  -41.585 1.0000000000
2007  20.902  -95.180  -42.435 1.0000000000
2010  15.640  -95.577  -42.724 1.0000000000
2011  14.811  -95.146  -42.935 1.0000000000
2013  19.796  -95.609  -43.078 1.0000000000
2015  18.508  -95.575  -43.515 1.0000000000
2017  16.937  -95.332  -43.755 1.0000000000
2018  15.313  -95.571  -43.496 1.0000000000
2020  14.092  -94.452  -43.910 1.0000000000
2021  20.956  -94.982  -43.884 1.0000000000
2022  19.595  -95.274  -44.056 1.0000000000
2023  18.841  -95.174  -44.071 1.0000000000
2025  17.354  -95.003  -44.192 1.0000000000
2029  19.934  -95.049  -44.996 1.0000000000
2031  15.960  -94.534  -45.250 1.0000000000
2033  14.509  -94.539  -44.775 1.0000000000
2130  10.056  -93.993  -11.666 0.1000000015
2131  9.202  -94.778  -11.866 0.1000000015
2133  7.580  -94.472  -11.050 0.1000000015
2139  11.226  -94.610  -12.482 0.1000000015
2140  10.330  -94.696  -12.077 0.1000000015
2146  11.263  -93.702  -13.543 0.3000000119
2147  8.323  -93.800  -13.921 0.6000000238
2159  6.671  -94.236  -14.526 0.6000000238
2160  6.125  -93.948  -14.897 0.6999999881
2170  6.252  -94.919  -15.806 0.8999999762
2171  5.898  -94.586  -16.457 0.8000000119
2176  5.786  -94.179  -17.430 0.8000000119
2182  12.868  -93.992  -18.739 1.0000000000
2185  10.349  -94.151  -18.933 1.0000000000
2186  9.424  -93.844  -18.997 1.0000000000
2187  5.860  -94.236  -18.357 1.0000000000
2194  12.763  -94.170  -19.508 1.0000000000
2195  11.631  -94.866  -19.602 1.0000000000
2196  10.745  -94.762  -19.524 1.0000000000
2199  7.299  -94.232  -19.716 1.0000000000
2201  6.170  -94.681  -19.477 0.8999999762
2206  12.402  -94.397  -20.457 1.0000000000
2209  6.907  -94.662  -20.301 1.0000000000
2218  11.576  -94.479  -22.047 1.0000000000
2225  10.649  -94.727  -23.266 1.0000000000
2230  10.648  -94.165  -23.342 1.0000000000
2231  10.304  -94.555  -23.713 1.0000000000
2239  10.063  -94.145  -24.008 1.0000000000
2240  7.945  -94.386  -25.192 1.0000000000
2242  6.013  -94.856  -25.617 1.0000000000
2251  8.055  -94.005  -25.280 1.0000000000
2253  6.153  -93.997  -25.550 1.0000000000
2255  4.588  -93.836  -26.152 1.0000000000
2269  4.442  -94.179  -26.804 1.0000000000
2279  4.394  -94.386  -27.599 1.0000000000
2291  4.402  -94.457  -28.620 1.0000000000
2293  33.026  -94.192  -29.070 0.1000000015
2295  31.706  -94.888  -29.439 0.1000000015
2296  30.892  -94.637  -29.869 0.1000000015
2306  30.021  -94.570  -30.369 0.1000000015
2313  4.383  -93.944  -30.399 1.0000000000
2317  29.014  -94.791  -31.601 0.1000000015
2322  5.222  -94.290  -31.656 1.0000000000
2323  4.757  -94.316  -30.953 1.0000000000
2332  13.011  -94.658  -32.999 0.1000000015
2333  12.316  -94.856  -33.557 0.4000000060
2338  20.835  -94.528  -33.882 1.0000000000
2343  13.401  -94.803  -33.315 0.1000000015
2345  5.849  -94.142  -33.125 0.8999999762
2347  20.986  -94.501  -34.718 1.0000000000
2349  18.171  -95.046  -34.033 1.0000000000
2351  16.953  -94.084  -35.237 1.0000000000
2352  12.641  -94.905  -34.099 0.4000000060
2353  6.819  -94.484  -34.191 0.8999999762
2355  32.474  -94.170  -35.109 0.1000000015
2357  20.790  -94.765  -35.437 1.0000000000
2360  7.530  -94.424  -35.372 0.8000000119
2366  21.839  -93.920  -36.052 0.8999999762
2368  16.039  -94.841  -36.308 1.0000000000
2370  14.678  -94.079  -36.860 1.0000000000
2371  8.387  -94.598  -36.945 1.0000000000
2372  7.861  -94.565  -36.125 0.8999999762
2374  30.914  -93.018  -36.681 0.4000000060
2375  30.054  -93.223  -37.177 0.5000000000
2376  29.355  -93.673  -37.680 0.5000000000
2377  21.719  -94.228  -37.902 0.8999999762
2379  14.641  -94.862  -37.357 1.0000000000
2381  13.347  -94.534  -37.853 0.8999999762
2382  12.664  -94.178  -38.021 1.0000000000
2383  8.976  -94.825  -37.635 0.6999999881
2386  29.175  -93.635  -38.428 0.6000000238
2387  13.315  -95.165  -38.358 0.8999999762
2388  12.205  -94.629  -38.587 0.8999999762
2391  9.529  -94.850  -38.210 0.6999999881
2392  9.185  -94.571  -37.955 0.8999999762
2393  30.159  -92.726  -38.187 0.6000000238
2396  28.337  -94.035  -39.161 0.6999999881
2398  22.556  -94.760  -40.255 0.8000000119
2403  16.675  -94.201  -39.886 1.0000000000
2405  29.127  -92.901  -39.191 0.8000000119
2407  28.146  -94.318  -39.858 0.6999999881
2410  23.009  -94.918  -40.818 0.8000000119
2411  20.278  -94.406  -40.810 1.0000000000
2412  19.480  -94.667  -40.533 1.0000000000
2413  18.683  -94.793  -40.338 1.0000000000
2414  17.874  -94.854  -40.244 1.0000000000
2415  17.060  -94.776  -40.302 1.0000000000
2416  16.241  -94.503  -40.628 1.0000000000
2420  26.205  -94.071  -41.743 0.8000000119
2422  24.702  -94.519  -41.394 0.8000000119
2423  23.926  -94.877  -41.343 0.6999999881
2425  20.592  -94.766  -41.646 1.0000000000
2428  14.003  -93.793  -41.927 1.0000000000
2430  26.384  -93.483  -42.052 0.8000000119
2433  21.607  -94.836  -42.794 1.0000000000
2434  14.441  -94.429  -42.432 1.0000000000
2436  22.198  -94.344  -43.208 1.0000000000
2437  21.686  -94.837  -43.550 1.0000000000
2439  13.764  -93.969  -43.658 1.0000000000
2440  22.246  -94.286  -44.003 1.0000000000
2443  18.505  -94.572  -44.579 1.0000000000
2444  17.708  -94.494  -44.567 1.0000000000
2445  16.944  -94.441  -44.657 1.0000000000
2446  14.011  -94.116  -44.751 1.0000000000
2447  13.841  -93.951  -44.364 1.0000000000
2448  22.046  -94.044  -44.797 1.0000000000
2449  21.151  -94.276  -45.177 1.0000000000
2450  20.280  -94.463  -45.532 1.0000000000
2451  19.003  -94.176  -44.978 1.0000000000
2453  17.150  -94.318  -44.902 1.0000000000
2454  15.607  -93.239  -45.616 1.0000000000
2455  14.959  -93.589  -45.609 1.0000000000
2456  14.259  -93.726  -45.179 1.0000000000
2457  13.873  -93.371  -44.611 1.0000000000
2458  19.800  -94.085  -46.179 1.0000000000
2459  18.731  -94.007  -45.927 1.0000000000
2461  17.543  -94.017  -45.370 1.0000000000
2462  14.951  -92.565  -45.252 1.0000000000
2463  14.449  -92.552  -44.859 0.8999999762
2574  11.187  -93.230  -12.028 0.2000000030
2587  11.346  -93.354  -12.567 0.2000000030
2594  11.590  -93.835  -13.030 0.3000000119
2597  8.150  -92.947  -13.820 0.6000000238
2603  10.386  -93.715  -13.938 0.5000000000
2604  9.300  -93.947  -14.028 0.4000000060
2612  5.809  -93.446  -15.459 0.6999999881
2618  5.710  -93.633  -16.482 0.8000000119
2625  13.098  -93.246  -17.683 1.0000000000
2626  12.346  -93.380  -17.615 1.0000000000
2629  9.480  -92.753  -18.101 1.0000000000
2639  11.864  -93.956  -18.235 1.0000000000
2642  8.052  -93.137  -18.614 1.0000000000
2644  6.547  -93.485  -18.460 1.0000000000
2645  6.143  -93.792  -18.475 1.0000000000
2652  13.151  -93.412  -19.517 1.0000000000
2653  8.538  -93.695  -19.052 1.0000000000
2654  7.638  -93.716  -19.118 1.0000000000
2656  6.363  -94.141  -19.024 1.0000000000
2662  12.322  -93.378  -20.908 1.0000000000
2668  12.371  -93.987  -20.978 1.0000000000
2669  11.858  -93.832  -21.684 1.0000000000
2680  10.681  -93.697  -22.973 1.0000000000
2681  9.920  -93.393  -23.226 1.0000000000
2689  8.511  -93.482  -24.438 1.0000000000
2690  7.449  -93.105  -24.248 1.0000000000
2696  9.439  -94.185  -24.469 1.0000000000
2698  6.733  -93.401  -24.992 1.0000000000
2700  4.986  -92.645  -25.235 1.0000000000
2712  4.776  -93.199  -25.661 1.0000000000
2736  3.785  -93.300  -27.701 1.0000000000
2748  3.964  -93.332  -28.898 1.0000000000
2762  4.047  -93.637  -29.559 1.0000000000
2765  29.588  -94.001  -30.965 0.1000000015
2767  4.820  -93.447  -30.873 1.0000000000
2772  6.012  -93.044  -31.773 1.0000000000
2773  5.348  -93.640  -31.674 1.0000000000
2782  21.557  -93.325  -33.069 1.0000000000
2784  20.268  -93.568  -32.696 1.0000000000
2786  5.686  -93.936  -32.413 0.8999999762
2789  20.457  -94.238  -33.120 1.0000000000
2792  18.210  -92.985  -33.931 1.0000000000
2796  34.431  -93.140  -34.449 0.2000000030
2797  22.206  -93.531  -34.465 1.0000000000
2799  18.249  -93.959  -33.889 1.0000000000
2800  17.714  -93.341  -34.350 1.0000000000
2803  7.003  -94.171  -34.831 0.8999999762
2805  34.171  -92.921  -35.260 0.1000000015
2806  33.487  -93.096  -35.356 0.1000000015
2807  22.057  -93.771  -35.203 1.0000000000
2808  16.278  -93.338  -35.374 1.0000000000
2809  15.525  -93.359  -35.790 1.0000000000
2811  7.966  -93.417  -35.595 1.0000000000
2815  33.136  -92.549  -35.929 0.1000000015
2816  32.446  -92.550  -36.151 0.3000000119
2817  22.850  -93.360  -36.569 0.8999999762
2822  12.132  -92.933  -37.021 1.0000000000
2825  33.426  -92.124  -36.337 0.2000000030
2828  31.223  -92.364  -37.364 0.4000000060
2831  21.670  -94.000  -36.914 0.8999999762
2833  13.220  -93.881  -37.368 1.0000000000
2834  12.394  -93.607  -37.510 1.0000000000
2837  9.394  -93.479  -37.542 0.8999999762
2839  32.092  -91.625  -37.159 0.4000000060
2843  23.621  -93.068  -38.150 0.8999999762
2845  19.095  -93.501  -38.645 1.0000000000
2847  18.189  -93.537  -38.574 1.0000000000
2848  16.482  -93.147  -38.987 1.0000000000
2852  10.163  -93.911  -38.503 0.8999999762
2853  9.506  -94.185  -38.158 0.8999999762
2854  31.063  -91.910  -37.934 0.5000000000
2858  23.371  -93.762  -39.840 0.8999999762
2859  22.762  -94.042  -39.416 0.8999999762
2861  19.505  -93.839  -39.281 1.0000000000
2863  16.285  -93.568  -39.618 1.0000000000
2864  15.541  -93.346  -40.013 1.0000000000
2866  29.965  -91.832  -39.220 0.8000000119
2869  24.906  -92.967  -41.230 0.8000000119
2870  24.334  -93.487  -40.841 0.8000000119
2874  19.915  -94.111  -39.992 1.0000000000
2877  29.341  -92.509  -40.823 0.8999999762
2878  28.249  -93.498  -41.308 0.8000000119
2879  27.567  -93.479  -41.853 0.8000000119
2880  25.433  -93.249  -41.737 0.8000000119
2885  13.864  -92.976  -41.659 1.0000000000
2887  26.869  -93.192  -42.153 0.8000000119
2888  26.315  -93.083  -42.156 0.8000000119
2889  25.963  -92.887  -42.203 0.8000000119
2890  22.621  -93.642  -42.845 1.0000000000
2892  13.057  -92.908  -43.137 1.0000000000
2896  13.242  -92.684  -43.688 1.0000000000
2898  13.646  -93.241  -44.055 1.0000000000
2900  22.308  -93.212  -45.037 1.0000000000
2903  13.660  -91.935  -44.385 1.0000000000
2907  18.378  -93.745  -46.131 0.8999999762
2908  15.786  -92.777  -45.443 1.0000000000
2910  14.645  -92.075  -44.841 0.8999999762
2911  13.792  -92.333  -44.372 1.0000000000
2912  19.579  -92.757  -47.043 1.0000000000
3034  9.003  -91.893  -10.844 0.2000000030
3045  10.117  -91.773  -11.258 0.2000000030
3051  11.162  -92.702  -12.381 0.2000000030
3052  10.892  -91.939  -12.259 0.2000000030
3059  10.923  -92.372  -12.869 0.2000000030
3062  7.986  -92.091  -13.739 0.5000000000
3064  6.399  -91.610  -14.519 0.6000000238
3071  6.446  -92.974  -14.186 0.6999999881
3072  6.190  -92.377  -14.552 0.6999999881
3088  13.144  -92.135  -16.915 1.0000000000
3090  5.560  -92.743  -16.812 0.8999999762
3098  13.278  -92.641  -17.377 1.0000000000
3101  10.823  -92.666  -17.453 1.0000000000
3114  13.520  -92.848  -17.868 1.0000000000
3124  13.558  -92.980  -18.706 1.0000000000
3132  12.086  -92.439  -20.754 1.0000000000
3143  10.733  -92.658  -21.615 1.0000000000
3145  8.926  -92.108  -21.773 1.0000000000
3158  9.392  -92.730  -22.487 1.0000000000
3161  7.100  -92.167  -23.391 1.0000000000
3165  8.015  -92.825  -23.507 1.0000000000
3167  6.614  -92.499  -23.934 1.0000000000
3187  4.637  -92.610  -25.787 1.0000000000
3200  4.194  -92.595  -26.340 1.0000000000
3210  3.906  -92.762  -27.475 1.0000000000
3232  11.284  -92.375  -29.621 1.0000000000
3236  6.090  -92.414  -29.680 1.0000000000
3237  5.036  -92.629  -29.507 1.0000000000
3242  10.242  -92.839  -30.399 1.0000000000
3243  9.430  -92.914  -30.490 1.0000000000
3244  8.511  -92.895  -30.625 1.0000000000
3247  5.349  -92.822  -30.317 1.0000000000
3250  11.907  -92.331  -30.493 1.0000000000
3253  9.348  -92.877  -31.752 1.0000000000
3255  7.710  -92.900  -31.288 1.0000000000
3257  5.695  -92.984  -31.080 1.0000000000
3263  21.330  -92.850  -32.610 1.0000000000
3267  10.940  -92.186  -32.044 1.0000000000
3268  10.682  -91.856  -32.935 1.0000000000
3269  9.597  -92.591  -32.528 1.0000000000
3275  22.200  -92.783  -33.115 1.0000000000
3277  17.949  -92.076  -33.886 1.0000000000
3280  9.050  -92.504  -33.391 1.0000000000
3281  8.172  -92.817  -33.901 0.8999999762
3283  6.829  -93.406  -32.928 0.8999999762
3284  2.804  -92.154  -34.151 1.0000000000
3288  21.931  -93.446  -33.731 1.0000000000
3290  16.625  -92.326  -34.656 1.0000000000
3292  14.849  -92.152  -35.128 1.0000000000
3294  8.133  -92.910  -34.643 1.0000000000
3295  7.628  -93.260  -34.185 1.0000000000
3297  2.631  -92.118  -34.774 1.0000000000
3298  35.942  -92.012  -34.614 0.1000000015
3299  35.271  -92.341  -35.309 0.2000000030
3303  16.283  -92.699  -35.082 1.0000000000
3306  13.236  -92.340  -35.687 1.0000000000
3308  11.462  -92.005  -35.793 1.0000000000
3310  9.570  -92.474  -35.778 1.0000000000
3312  7.812  -93.411  -34.837 1.0000000000
3313  3.629  -92.125  -35.800 1.0000000000
3316  35.924  -91.835  -35.552 0.1000000015
3319  24.414  -92.596  -36.383 0.8999999762
3321  23.175  -93.098  -35.677 0.8999999762
3324  13.606  -92.938  -36.250 1.0000000000
3326  11.808  -92.465  -36.402 1.0000000000
3330  3.950  -92.167  -36.786 1.0000000000
3331  3.111  -92.310  -36.327 1.0000000000
3332  2.238  -92.150  -36.038 1.0000000000
3336  23.976  -92.802  -37.282 0.8999999762
3337  19.909  -92.452  -37.702 1.0000000000
3338  18.332  -92.563  -37.518 1.0000000000
3339  17.605  -92.325  -37.592 1.0000000000
3340  16.817  -91.992  -37.781 1.0000000000
3343  10.225  -92.841  -37.238 1.0000000000
3345  3.706  -92.228  -37.590 1.0000000000
3346  2.828  -92.242  -37.610 1.0000000000
3349  25.113  -92.204  -37.978 0.8999999762
3350  20.656  -92.340  -38.056 1.0000000000
3351  19.485  -93.042  -38.119 1.0000000000
3352  17.247  -92.644  -38.019 1.0000000000
3354  15.820  -92.435  -38.956 1.0000000000
3355  14.945  -92.014  -39.293 1.0000000000
3356  4.936  -91.979  -38.193 1.0000000000
3358  3.319  -92.098  -38.255 1.0000000000
3359  2.873  -91.653  -38.884 0.8999999762
3360  31.830  -90.851  -38.052 0.5000000000
3364  20.479  -93.149  -38.965 1.0000000000
3365  19.858  -93.349  -38.792 1.0000000000
3367  14.424  -92.249  -40.110 1.0000000000
3370  3.892  -91.757  -38.876 1.0000000000
3371  30.871  -91.091  -39.010 0.6000000238
3373  25.267  -92.528  -40.794 0.8000000119
3376  21.429  -93.033  -40.085 1.0000000000
3378  13.571  -91.030  -40.871 1.0000000000
3384  22.744  -92.562  -41.606 1.0000000000
3385  22.144  -93.088  -41.194 1.0000000000
3386  13.361  -92.418  -41.958 1.0000000000
3388  29.901  -92.013  -41.421 0.8000000119
3392  26.749  -92.587  -42.259 0.8000000119
3393  23.476  -92.069  -42.971 1.0000000000
3395  13.061  -92.727  -42.650 1.0000000000
3396  28.916  -92.024  -42.748 1.0000000000
3397  28.129  -91.961  -42.927 0.8999999762
3399  23.066  -93.214  -43.317 1.0000000000
3401  23.387  -92.278  -44.156 1.0000000000
3402  22.941  -92.752  -44.569 1.0000000000
3403  12.868  -92.068  -43.960 1.0000000000
3404  23.161  -91.940  -44.751 1.0000000000
3408  16.178  -92.366  -45.323 0.8000000119
3409  13.079  -91.766  -44.285 1.0000000000
3410  22.191  -92.012  -45.855 1.0000000000
3412  20.476  -92.571  -46.901 1.0000000000
3416  15.455  -91.532  -45.569 0.8999999762
3417  15.018  -91.795  -45.190 1.0000000000
3418  14.319  -91.195  -44.862 0.8999999762
3421  19.930  -91.998  -47.361 0.8000000119
3423  18.953  -91.609  -46.945 0.6000000238
3550  10.560  -91.462  -11.765 0.2000000030
3559  10.504  -91.251  -12.304 0.2000000030
3571  10.020  -91.298  -12.925 0.2000000030
3572  9.088  -91.596  -13.414 0.5000000000
3575  6.524  -90.952  -14.463 0.6000000238
3595  5.914  -91.736  -14.900 0.8000000119
3607  13.390  -91.612  -16.823 1.0000000000
3608  12.963  -91.471  -16.445 1.0000000000
3609  12.180  -91.254  -16.321 1.0000000000
3610  10.726  -91.330  -16.760 1.0000000000
3624  10.811  -92.009  -17.146 1.0000000000
3625  9.418  -91.464  -17.367 1.0000000000
3626  8.513  -91.276  -17.736 1.0000000000
3628  5.762  -91.843  -17.786 0.8999999762
3636  13.813  -92.153  -18.180 1.0000000000
3637  8.287  -91.954  -18.075 1.0000000000
3639  6.845  -91.728  -18.157 1.0000000000
3640  6.133  -91.819  -18.100 1.0000000000
3649  13.250  -91.442  -19.692 1.0000000000
3651  10.912  -91.025  -20.202 1.0000000000
3660  11.528  -91.600  -20.493 1.0000000000
3661  10.505  -91.473  -20.558 1.0000000000
3663  8.802  -91.220  -20.659 1.0000000000
3674  8.602  -91.478  -21.285 1.0000000000
3675  8.227  -91.167  -21.493 1.0000000000
3685  7.620  -91.769  -22.941 1.0000000000
3691  6.783  -91.888  -23.504 1.0000000000
3699  7.338  -90.851  -24.229 1.0000000000
3700  6.311  -91.281  -24.620 1.0000000000
3701  4.960  -92.108  -25.227 1.0000000000
3727  7.219  -90.698  -25.999 1.0000000000
3728  6.342  -90.925  -26.258 1.0000000000
3729  5.395  -91.436  -26.246 1.0000000000
3737  8.726  -91.152  -28.001 1.0000000000
3739  6.405  -91.267  -27.251 1.0000000000
3740  4.033  -92.509  -26.966 1.0000000000
3748  12.414  -91.620  -29.201 1.0000000000
3749  11.558  -91.462  -29.007 1.0000000000
3752  8.282  -91.782  -28.580 1.0000000000
3754  5.594  -91.801  -28.196 1.0000000000
3763  14.027  -91.362  -29.546 1.0000000000
3764  13.161  -91.672  -29.502 1.0000000000
3765  12.414  -92.020  -29.621 1.0000000000
3768  8.613  -92.251  -29.248 1.0000000000
3777  12.640  -92.093  -30.216 1.0000000000
3781  12.262  -92.076  -31.073 1.0000000000
3784  2.749  -91.300  -31.523 1.0000000000
3790  20.804  -92.173  -32.328 1.0000000000
3791  19.933  -92.190  -32.479 1.0000000000
3792  18.302  -90.875  -33.070 1.0000000000
3793  13.231  -91.303  -32.043 1.0000000000
3795  11.452  -91.659  -32.762 1.0000000000
3806  21.742  -92.114  -32.449 1.0000000000
3810  15.661  -90.989  -34.000 1.0000000000
3812  13.698  -90.965  -33.410 1.0000000000
3813  11.902  -91.424  -33.535 1.0000000000
3815  10.432  -91.820  -33.600 1.0000000000
3817  4.176  -91.600  -33.504 1.0000000000
3819  2.554  -91.687  -33.520 1.0000000000
3820  1.863  -91.051  -33.930 1.0000000000
3823  24.511  -91.802  -33.866 1.0000000000
3825  16.149  -91.637  -34.367 1.0000000000
3827  14.343  -91.589  -34.515 1.0000000000
3828  13.450  -91.523  -34.500 1.0000000000
3831  10.670  -91.787  -34.308 1.0000000000
3833  4.655  -91.314  -34.924 1.0000000000
3836  1.638  -90.992  -34.973 1.0000000000
3839  25.672  -91.911  -35.473 0.8999999762
3841  24.341  -92.339  -34.657 1.0000000000
3842  19.193  -91.088  -35.942 1.0000000000
3846  11.078  -91.796  -35.095 1.0000000000
3848  4.991  -91.333  -36.265 1.0000000000
3849  4.096  -91.830  -35.256 1.0000000000
3850  1.611  -91.428  -35.882 1.0000000000
3853  35.633  -91.510  -36.359 0.1000000015
3854  26.701  -91.437  -36.461 0.8999999762
3858  20.546  -91.432  -36.893 1.0000000000
3859  19.829  -91.465  -36.502 1.0000000000
3861  18.025  -91.551  -36.664 1.0000000000
3865  1.698  -91.817  -36.682 1.0000000000
3867  35.274  -91.157  -36.996 0.1000000015
3868  26.399  -91.659  -37.308 0.8999999762
3871  20.846  -91.758  -37.538 1.0000000000
3872  20.159  -92.009  -37.133 1.0000000000
3873  17.388  -91.738  -37.171 1.0000000000
3875  16.057  -91.404  -37.871 1.0000000000
3876  15.101  -90.990  -38.024 1.0000000000
3877  8.679  -90.992  -37.677 1.0000000000
3878  7.915  -91.128  -37.757 1.0000000000
3880  5.398  -91.703  -37.721 1.0000000000
3881  4.795  -91.815  -36.927 1.0000000000
3882  1.951  -92.039  -37.492 1.0000000000
3883  1.229  -91.426  -37.293 1.0000000000
3884  0.805  -90.941  -37.837 1.0000000000
3885  35.726  -90.686  -37.230 0.1000000015
3887  34.097  -90.445  -37.626 0.3000000119
3889  26.329  -91.635  -38.274 0.8999999762
3890  22.166  -91.337  -38.631 1.0000000000
3891  21.376  -91.960  -38.308 1.0000000000
3893  14.635  -91.325  -38.887 1.0000000000
3894  13.792  -90.972  -39.277 1.0000000000
3895  9.752  -90.678  -39.185 1.0000000000
3896  9.144  -91.158  -38.938 1.0000000000
3898  7.532  -91.416  -38.482 1.0000000000
3900  5.680  -91.737  -38.626 1.0000000000
3902  33.111  -90.036  -38.254 0.5000000000
3904  26.362  -91.531  -40.028 0.8999999762
3906  23.081  -91.058  -39.970 1.0000000000
3907  22.449  -91.651  -39.535 1.0000000000
3912  8.455  -91.308  -39.428 1.0000000000
3914  5.373  -91.486  -39.399 1.0000000000
3918  1.439  -91.114  -39.390 0.8999999762
3919  31.925  -90.037  -38.972 0.5000000000
3922  26.473  -91.498  -40.781 0.8999999762
3924  23.181  -91.355  -40.689 1.0000000000
3927  8.502  -91.183  -40.062 1.0000000000
3928  7.708  -91.412  -39.991 1.0000000000
3931  5.008  -91.103  -40.119 0.8999999762
3932  4.109  -90.990  -40.170 0.8999999762
3938  23.424  -91.271  -41.363 1.0000000000
3940  13.255  -90.346  -41.283 1.0000000000
3942  5.474  -90.878  -40.803 0.8999999762
3945  30.717  -90.843  -41.312 0.8999999762
3951  12.854  -91.118  -42.306 1.0000000000
3952  30.115  -91.225  -42.750 1.0000000000
3954  28.483  -91.371  -43.140 1.0000000000
3955  24.008  -90.973  -43.508 1.0000000000
3956  23.699  -91.730  -43.673 1.0000000000
3957  12.603  -91.522  -43.148 1.0000000000
3963  16.104  -91.712  -45.700 0.8000000119
3964  13.497  -91.338  -44.579 1.0000000000
3965  22.525  -90.794  -45.882 1.0000000000
3967  21.461  -91.177  -46.840 1.0000000000
3970  15.201  -90.887  -45.795 0.8999999762
3972  14.000  -90.951  -44.979 1.0000000000
3974  20.213  -91.156  -47.498 0.8999999762
3975  19.442  -91.288  -47.385 0.8000000119
4157  5.789  -90.944  -9.821 0.1000000015
4167  8.112  -89.599  -10.807 0.1000000015
4168  6.333  -90.945  -10.189 0.1000000015
4180  9.923  -90.226  -11.412 0.2000000030
4191  9.990  -89.962  -12.116 0.2000000030
4205  6.809  -90.363  -13.960 0.5000000000
4206  6.314  -90.383  -14.596 0.5000000000
4223  5.440  -90.240  -15.575 0.8999999762
4233  13.443  -90.949  -16.535 1.0000000000
4236  10.768  -90.634  -16.399 1.0000000000
4251  13.867  -90.481  -17.120 1.0000000000
4252  9.396  -90.069  -16.932 1.0000000000
4253  8.327  -90.385  -17.590 1.0000000000
4254  7.435  -90.264  -18.016 1.0000000000
4271  7.065  -90.940  -18.159 1.0000000000
4272  5.711  -91.025  -18.052 0.8999999762
4288  13.801  -91.229  -18.771 1.0000000000
4290  11.407  -90.451  -19.957 1.0000000000
4292  9.669  -90.476  -19.990 1.0000000000
4308  9.211  -90.864  -20.108 1.0000000000
4310  7.729  -90.299  -20.548 1.0000000000
4323  7.622  -90.534  -21.015 1.0000000000
4333  7.860  -90.294  -22.411 1.0000000000
4339  9.215  -89.440  -23.876 1.0000000000
4341  7.904  -90.972  -22.505 1.0000000000
4348  9.568  -89.541  -24.447 1.0000000000
4350  8.169  -90.598  -23.423 1.0000000000
4358  9.761  -89.738  -25.178 1.0000000000
4372  9.849  -89.875  -26.265 1.0000000000
4390  14.521  -90.359  -28.647 1.0000000000
4391  14.053  -90.636  -28.704 1.0000000000
4392  13.375  -90.634  -28.768 1.0000000000
4393  12.323  -90.929  -28.775 1.0000000000
4394  11.396  -90.497  -28.804 1.0000000000
4395  10.385  -90.865  -28.391 1.0000000000
4396  10.013  -90.428  -28.013 1.0000000000
4405  14.398  -90.885  -28.954 1.0000000000
4408  2.602  -90.230  -29.607 1.0000000000
4409  2.209  -89.992  -30.273 1.0000000000
4415  15.451  -90.414  -29.588 1.0000000000
4417  6.002  -90.252  -30.830 1.0000000000
4419  3.948  -90.885  -30.502 1.0000000000
4423  15.916  -89.976  -31.824 1.0000000000
4427  7.061  -90.018  -31.785 1.0000000000
4429  5.521  -90.582  -31.534 1.0000000000
4431  3.226  -91.301  -30.941 1.0000000000
4433  1.811  -90.034  -31.616 1.0000000000
4436  23.027  -91.093  -32.474 1.0000000000
4437  21.444  -90.637  -31.998 1.0000000000
4439  19.354  -90.759  -32.269 1.0000000000
4442  16.264  -90.107  -32.673 1.0000000000
4444  14.627  -90.714  -32.373 1.0000000000
4446  6.829  -90.048  -32.564 1.0000000000
4447  4.909  -91.059  -31.956 1.0000000000
4448  2.364  -91.120  -32.201 1.0000000000
4455  24.503  -91.173  -33.254 1.0000000000
4457  16.812  -90.513  -33.242 1.0000000000
4459  15.171  -90.717  -33.282 1.0000000000
4461  6.251  -90.317  -33.196 1.0000000000
4468  26.917  -90.383  -33.824 1.0000000000
4470  5.296  -90.733  -34.568 1.0000000000
4474  27.110  -90.874  -34.864 1.0000000000
4480  18.479  -90.456  -35.654 1.0000000000
4482  5.790  -90.160  -36.069 1.0000000000
4483  5.240  -90.842  -35.577 1.0000000000
4484  1.524  -90.072  -35.718 1.0000000000
4486  27.920  -90.556  -36.308 0.8999999762
4489  22.002  -89.768  -36.854 1.0000000000
4490  21.373  -90.243  -36.533 1.0000000000
4492  19.934  -90.918  -35.872 1.0000000000
4494  17.614  -90.746  -36.160 1.0000000000
4495  15.104  -90.044  -37.087 1.0000000000
4496  14.223  -89.738  -37.359 1.0000000000
4497  13.520  -89.557  -37.571 1.0000000000
4498  8.827  -90.376  -37.064 1.0000000000
4501  5.988  -90.711  -36.697 1.0000000000
4503  0.980  -90.329  -36.677 1.0000000000
4504  1.302  -89.941  -36.516 1.0000000000
4506  36.440  -90.381  -37.027 0.1000000015
4509  22.721  -89.869  -37.932 1.0000000000
4511  21.781  -90.496  -37.231 1.0000000000
4514  12.930  -89.652  -38.001 1.0000000000
4515  11.909  -89.631  -38.000 1.0000000000
4520  6.704  -90.745  -36.970 1.0000000000
4522  0.745  -90.346  -37.480 1.0000000000
4523  37.127  -88.999  -37.943 0.2000000030
4527  27.594  -90.845  -38.010 0.8999999762
4530  22.729  -90.450  -38.609 1.0000000000
4532  13.437  -90.184  -38.657 1.0000000000
4534  11.635  -89.846  -38.675 1.0000000000
4536  9.105  -91.108  -38.248 1.0000000000
4539  34.635  -89.436  -38.354 0.4000000060
4541  32.802  -89.823  -38.671 0.5000000000
4549  11.695  -89.606  -39.302 1.0000000000
4550  10.545  -90.011  -39.333 1.0000000000
4551  9.557  -90.479  -39.844 1.0000000000
4553  0.396  -90.071  -39.097 0.8999999762
4554  33.223  -89.473  -38.949 0.5000000000
4557  27.779  -90.630  -39.951 0.8999999762
4560  12.733  -89.492  -40.203 1.0000000000
4565  7.230  -91.094  -40.768 1.0000000000
4566  3.055  -90.529  -40.724 0.8999999762
4567  2.214  -90.592  -40.666 0.8999999762
4570  27.618  -90.523  -41.604 1.0000000000
4575  11.376  -89.062  -40.420 1.0000000000
4576  9.483  -89.861  -40.648 1.0000000000
4579  6.809  -90.655  -41.447 1.0000000000
4580  5.072  -90.465  -41.425 0.8999999762
4583  2.627  -90.182  -41.312 0.8999999762
4585  0.749  -90.045  -40.566 0.8999999762
4590  27.395  -90.818  -42.124 1.0000000000
4591  24.016  -90.585  -42.612 1.0000000000
4597  4.643  -90.221  -42.089 0.8999999762
4598  3.857  -90.113  -42.094 0.8999999762
4599  3.064  -89.984  -42.032 0.8999999762
4600  2.270  -89.760  -41.818 0.8999999762
4601  31.082  -90.204  -42.727 1.0000000000
4604  28.879  -90.756  -43.486 1.0000000000
4607  12.073  -90.266  -43.361 1.0000000000
4608  11.799  -89.139  -42.840 0.8999999762
4609  30.084  -90.188  -43.972 1.0000000000
4611  28.496  -90.221  -43.918 1.0000000000
4612  27.973  -89.993  -43.695 1.0000000000
4616  24.000  -90.055  -44.717 1.0000000000
4617  23.053  -90.487  -45.290 1.0000000000
4618  13.491  -90.487  -45.288 1.0000000000
4619  12.938  -91.297  -44.532 1.0000000000
4622  22.073  -90.560  -46.454 1.0000000000
4623  16.088  -90.987  -46.181 0.8000000119
4624  15.509  -90.692  -46.226 0.8999999762
4625  14.937  -90.513  -45.911 0.8999999762
4626  14.181  -90.453  -45.456 0.8000000119
4627  22.256  -89.746  -46.804 1.0000000000
4631  20.975  -90.028  -47.522 0.8999999762
4840  7.114  -89.177  -10.643 0.1000000015
4841  6.269  -89.571  -10.384 0.1000000015
4851  8.381  -88.732  -10.961 0.1000000015
4860  9.520  -89.317  -12.307 0.3000000119
4867  8.819  -89.353  -13.052 0.4000000060
4868  7.718  -89.702  -13.602 0.5000000000
4886  13.224  -88.861  -15.748 1.0000000000
4887  5.388  -89.331  -15.626 0.8000000119
4897  12.142  -89.622  -15.717 1.0000000000
4898  10.966  -89.738  -16.098 1.0000000000
4899  10.009  -89.497  -16.464 1.0000000000
4908  13.935  -89.456  -16.820 1.0000000000
4912  7.087  -89.545  -18.184 1.0000000000
4922  5.032  -89.519  -18.130 0.8999999762
4931  13.877  -89.550  -18.770 1.0000000000
4933  12.063  -89.733  -19.956 1.0000000000
4935  9.840  -89.838  -19.834 1.0000000000
4936  9.034  -90.173  -19.893 1.0000000000
4946  8.208  -89.723  -19.954 1.0000000000
4947  7.359  -89.648  -20.391 1.0000000000
4957  6.316  -89.243  -21.269 1.0000000000
4958  5.773  -89.020  -21.703 1.0000000000
4968  7.310  -90.036  -21.711 1.0000000000
4977  7.390  -89.616  -22.408 1.0000000000
4978  6.276  -89.223  -22.699 1.0000000000
4979  4.995  -89.128  -23.127 1.0000000000
4986  10.110  -88.951  -24.791 1.0000000000
4987  9.799  -89.077  -24.361 1.0000000000
4988  5.635  -89.119  -23.506 1.0000000000
4989  4.944  -89.207  -24.056 1.0000000000
4990  4.412  -89.130  -24.549 1.0000000000
4991  3.842  -88.844  -24.629 1.0000000000
4998  10.352  -88.968  -25.360 1.0000000000
5002  3.708  -88.951  -25.454 1.0000000000
5012  10.590  -89.119  -26.324 1.0000000000
5014  4.553  -89.321  -25.899 1.0000000000
5016  3.386  -89.076  -26.537 1.0000000000
5027  4.595  -89.624  -27.174 1.0000000000
5028  3.617  -89.494  -27.274 1.0000000000
5029  2.913  -89.242  -27.333 1.0000000000
5030  2.748  -89.265  -28.026 1.0000000000
5039  16.194  -89.121  -28.539 1.0000000000
5040  14.939  -89.757  -28.437 1.0000000000
5045  10.937  -89.001  -28.672 1.0000000000
5047  6.579  -89.257  -28.664 1.0000000000
5051  2.682  -89.544  -28.561 1.0000000000
5054  16.435  -89.420  -29.079 1.0000000000
5057  12.665  -89.774  -29.372 1.0000000000
5060  8.751  -88.389  -29.446 1.0000000000
5061  7.875  -88.836  -29.447 1.0000000000
5063  6.048  -89.644  -29.315 1.0000000000
5064  3.695  -90.226  -28.877 1.0000000000
5071  17.176  -89.167  -30.908 1.0000000000
5072  16.846  -89.220  -30.047 1.0000000000
5074  13.318  -89.410  -29.798 1.0000000000
5076  10.687  -88.758  -30.844 1.0000000000
5077  9.927  -88.901  -30.932 1.0000000000
5079  7.502  -89.257  -30.122 1.0000000000
5082  1.922  -89.580  -30.966 1.0000000000
5088  22.208  -89.642  -31.488 1.0000000000
5091  19.557  -89.562  -31.243 1.0000000000
5092  18.648  -89.340  -31.293 1.0000000000
5095  15.718  -90.183  -30.743 1.0000000000
5096  12.028  -89.164  -32.217 1.0000000000
5101  7.574  -89.726  -31.443 1.0000000000
5103  2.048  -90.184  -31.068 1.0000000000
5107  23.615  -89.443  -31.972 1.0000000000
5110  20.907  -90.198  -31.592 1.0000000000
5112  18.983  -89.908  -31.909 1.0000000000
5114  16.706  -89.793  -32.081 1.0000000000
5115  11.757  -89.143  -32.988 1.0000000000
5116  11.212  -89.305  -32.473 1.0000000000
5117  10.289  -89.399  -32.756 1.0000000000
5118  9.185  -89.517  -32.689 1.0000000000
5120  7.668  -89.878  -32.257 1.0000000000
5121  1.777  -89.841  -32.296 1.0000000000
5125  24.162  -90.012  -32.410 1.0000000000
5128  8.676  -89.297  -33.414 1.0000000000
5138  26.558  -89.630  -33.258 1.0000000000
5139  25.327  -90.440  -33.066 1.0000000000
5140  21.405  -88.445  -35.028 1.0000000000
5144  17.660  -88.812  -34.669 1.0000000000
5145  17.105  -89.015  -34.983 1.0000000000
5146  8.096  -88.993  -34.099 1.0000000000
5156  21.907  -88.575  -36.204 1.0000000000
5158  20.611  -89.729  -35.344 1.0000000000
5159  19.897  -89.819  -34.982 1.0000000000
5160  18.935  -89.934  -35.038 1.0000000000
5162  16.903  -89.475  -35.552 1.0000000000
5163  15.424  -88.934  -35.809 1.0000000000
5167  6.198  -89.586  -35.474 1.0000000000
5168  1.910  -89.616  -35.930 1.0000000000
5171  28.909  -89.001  -35.876 1.0000000000
5174  22.115  -88.945  -36.788 1.0000000000
5176  16.367  -89.828  -36.141 1.0000000000
5177  15.530  -89.448  -36.378 1.0000000000
5179  13.616  -89.229  -36.901 1.0000000000
5182  11.011  -89.256  -36.912 1.0000000000
5184  8.273  -89.325  -36.767 1.0000000000
5185  6.655  -89.333  -36.260 1.0000000000
5186  6.361  -90.032  -36.552 1.0000000000
5188  37.431  -89.383  -37.219 0.1000000015
5189  28.715  -89.990  -36.725 1.0000000000
5192  22.458  -89.368  -37.361 1.0000000000
5193  12.994  -89.326  -37.397 1.0000000000
5195  11.385  -89.592  -37.320 1.0000000000
5198  1.299  -89.651  -37.453 1.0000000000
5199  0.784  -89.818  -37.878 1.0000000000
5200  37.711  -88.456  -38.045 0.1000000015
5208  0.532  -89.604  -38.717 0.8999999762
5209  36.401  -88.586  -38.468 0.2000000030
5211  34.526  -88.931  -38.843 0.5000000000
5212  28.881  -89.593  -39.313 1.0000000000
5213  28.205  -90.197  -39.201 1.0000000000
5215  23.518  -89.562  -39.566 1.0000000000
5216  20.292  -89.455  -39.472 0.1000000015
5222  33.842  -89.028  -39.092 0.5000000000
5227  24.060  -88.948  -40.512 1.0000000000
5228  23.800  -89.706  -40.454 1.0000000000
5234  24.125  -89.262  -41.246 1.0000000000
5237  20.412  -89.446  -41.554 0.1000000015
5238  10.411  -89.229  -40.754 1.0000000000
5240  8.989  -89.515  -41.679 0.8999999762
5244  27.842  -89.943  -42.281 1.0000000000
5245  24.283  -89.207  -42.067 1.0000000000
5246  11.623  -89.080  -41.873 0.8999999762
5248  9.652  -88.898  -42.097 0.8999999762
5250  6.911  -89.849  -42.828 0.8999999762
5251  4.330  -89.945  -42.732 0.8999999762
5254  1.963  -89.113  -42.109 0.8999999762
5255  1.140  -88.859  -41.810 0.8999999762
5256  31.816  -88.874  -42.656 0.8999999762
5258  30.727  -90.058  -43.430 1.0000000000
5260  24.812  -89.078  -44.423 1.0000000000
5263  8.248  -89.194  -43.205 0.8999999762
5264  7.424  -89.370  -43.412 0.8999999762
5265  6.529  -89.421  -43.545 0.8999999762
5266  4.934  -89.599  -43.319 0.8999999762
5270  1.686  -88.473  -42.228 0.8999999762
5272  30.204  -89.389  -44.317 1.0000000000
5273  28.827  -89.723  -44.269 1.0000000000
5276  24.332  -89.556  -44.609 1.0000000000
5278  11.701  -88.600  -43.670 0.8999999762
5279  6.103  -88.942  -44.343 0.6999999881
5281  4.447  -89.137  -43.798 0.8999999762
5284  28.961  -89.245  -44.866 1.0000000000
5290  12.540  -89.326  -45.157 0.8999999762
5291  24.080  -89.034  -45.891 1.0000000000
5292  22.937  -89.326  -46.406 1.0000000000
5294  13.961  -89.123  -46.145 0.6999999881
5295  23.298  -88.755  -46.859 1.0000000000
5298  21.609  -89.558  -47.331 1.0000000000
5300  18.862  -89.397  -47.573 0.8000000119
5301  21.785  -88.925  -47.698 1.0000000000
5304  19.965  -89.170  -48.256 0.6000000238
5507  8.670  -87.851  -10.999 0.1000000015
5517  9.137  -88.347  -11.537 0.1000000015
5524  9.319  -88.055  -12.086 0.1000000015
5525  8.840  -87.902  -12.883 0.4000000060
5535  7.176  -88.380  -13.926 0.5000000000
5536  6.662  -88.548  -14.370 0.5000000000
5554  5.174  -88.455  -15.950 1.0000000000
5560  13.926  -87.714  -16.429 1.0000000000
5561  13.429  -88.238  -15.973 1.0000000000
5565  9.918  -88.704  -16.497 1.0000000000
5566  4.697  -88.160  -16.878 1.0000000000
5573  14.298  -87.665  -16.859 1.0000000000
5575  10.014  -87.772  -16.711 1.0000000000
5577  7.873  -88.172  -17.691 1.0000000000
5585  14.495  -87.959  -17.609 1.0000000000
5587  7.150  -88.207  -18.123 0.8999999762
5588  6.417  -88.195  -18.371 0.8999999762
5590  4.936  -88.593  -18.176 0.8999999762
5610  12.091  -88.478  -20.401 1.0000000000
5611  11.271  -88.461  -20.393 1.0000000000
5613  8.504  -88.921  -19.918 1.0000000000
5625  5.930  -88.558  -21.360 1.0000000000
5637  5.270  -88.527  -22.056 1.0000000000
5638  4.689  -88.224  -22.713 1.0000000000
5651  4.429  -88.618  -23.267 1.0000000000
5664  9.778  -88.836  -24.517 1.0000000000
5665  9.188  -88.697  -24.218 1.0000000000
5666  8.129  -88.602  -24.113 1.0000000000
5668  6.200  -88.952  -25.412 1.0000000000
5669  3.880  -88.433  -23.928 1.0000000000
5670  3.595  -88.547  -25.207 1.0000000000
5681  10.106  -88.678  -25.231 1.0000000000
5684  7.052  -88.585  -24.726 1.0000000000
5685  3.452  -88.636  -25.984 1.0000000000
5696  10.563  -88.451  -26.990 1.0000000000
5697  8.224  -88.297  -26.847 1.0000000000
5708  10.620  -88.367  -28.020 1.0000000000
5709  8.387  -88.219  -27.628 1.0000000000
5710  7.585  -88.518  -27.451 1.0000000000
5712  5.685  -89.354  -27.010 1.0000000000
5714  2.451  -88.978  -28.514 1.0000000000
5722  15.833  -88.673  -28.379 1.0000000000
5723  15.193  -88.998  -28.357 1.0000000000
5724  14.449  -89.493  -28.651 1.0000000000
5726  9.053  -88.071  -28.678 1.0000000000
5727  7.852  -88.484  -28.178 1.0000000000
5728  7.067  -88.865  -28.047 1.0000000000
5731  18.456  -87.837  -29.632 1.0000000000
5733  16.960  -88.800  -29.100 1.0000000000
5735  14.163  -89.095  -29.224 1.0000000000
5737  10.502  -88.153  -29.418 1.0000000000
5742  20.747  -88.346  -30.330 1.0000000000
5744  17.624  -88.788  -30.238 1.0000000000
5746  13.984  -88.886  -30.598 1.0000000000
5749  10.147  -88.320  -30.156 1.0000000000
5758  22.004  -88.799  -31.029 1.0000000000
5761  19.229  -88.894  -30.794 1.0000000000
5762  18.409  -88.788  -30.693 1.0000000000
5767  1.950  -88.934  -31.086 1.0000000000
5776  13.271  -88.546  -32.290 1.0000000000
5778  3.285  -88.015  -32.513 1.0000000000
5779  2.586  -88.714  -32.442 1.0000000000
5789  12.162  -88.393  -33.250 1.0000000000
5790  11.199  -88.609  -33.506 1.0000000000
5792  9.629  -88.449  -34.040 1.0000000000
5796  2.044  -89.275  -33.390 1.0000000000
5803  20.676  -88.408  -34.568 1.0000000000
5804  19.951  -88.633  -34.368 1.0000000000
5805  19.037  -88.787  -34.343 1.0000000000
5806  16.985  -88.387  -34.696 1.0000000000
5808  15.139  -87.825  -34.841 1.0000000000
5809  8.976  -87.727  -34.569 1.0000000000
5811  7.563  -88.401  -35.441 1.0000000000
5812  3.412  -88.006  -34.744 1.0000000000
5814  2.077  -89.343  -34.217 1.0000000000
5822  28.519  -87.306  -35.698 1.0000000000
5825  21.776  -88.249  -35.707 1.0000000000
5829  13.757  -88.058  -35.717 1.0000000000
5830  12.804  -87.731  -35.906 1.0000000000
5832  8.248  -87.956  -35.638 1.0000000000
5834  3.315  -88.251  -35.491 1.0000000000
5835  2.554  -88.920  -35.646 1.0000000000
5840  29.462  -87.450  -37.043 1.0000000000
5842  23.611  -87.166  -37.437 1.0000000000
5843  22.921  -87.633  -37.080 1.0000000000
5844  22.447  -88.123  -36.639 1.0000000000
5845  13.212  -88.610  -36.289 1.0000000000
5847  11.428  -88.385  -36.652 1.0000000000
5848  10.538  -88.351  -36.688 1.0000000000
5850  8.736  -88.455  -36.517 1.0000000000
5852  2.473  -88.979  -36.685 1.0000000000
5855  29.605  -88.263  -37.136 1.0000000000
5857  24.318  -86.950  -38.265 1.0000000000
5858  23.638  -87.522  -38.042 1.0000000000
5863  3.397  -88.124  -37.950 1.0000000000
5864  2.727  -88.740  -37.730 1.0000000000
5870  29.611  -88.703  -37.723 1.0000000000
5871  24.339  -87.263  -39.022 1.0000000000
5877  16.365  -88.216  -39.079 0.1000000015
5878  3.155  -87.645  -38.473 1.0000000000
5885  35.096  -88.355  -39.225 0.5000000000
5888  24.458  -87.581  -39.811 1.0000000000
5890  20.504  -88.693  -39.117 0.1000000015
5893  0.393  -88.416  -40.012 0.8999999762
5894  36.295  -87.448  -39.209 0.5000000000
5897  33.001  -88.264  -39.638 0.5000000000
5898  32.257  -88.032  -40.141 0.5000000000
5901  20.559  -89.026  -39.864 0.1000000015
5902  20.406  -88.476  -40.373 0.1000000015
5903  0.171  -88.128  -40.567 0.8999999762
5905  28.963  -88.222  -41.561 1.0000000000
5909  20.127  -88.672  -41.206 0.1000000015
5911  0.504  -88.710  -41.176 0.8999999762
5914  28.127  -89.085  -42.867 1.0000000000
5919  11.287  -88.704  -42.265 0.8999999762
5920  10.536  -88.470  -42.434 0.8999999762
5929  24.689  -88.949  -43.509 1.0000000000
5933  7.911  -88.924  -43.995 0.8999999762
5935  3.260  -88.473  -43.340 0.8000000119
5937  1.817  -87.830  -42.645 0.8999999762
5938  1.089  -87.346  -42.657 0.8999999762
5940  31.197  -88.303  -44.275 1.0000000000
5941  30.474  -88.746  -44.711 0.8999999762
5942  28.276  -88.702  -44.352 1.0000000000
5943  28.181  -89.431  -44.046 1.0000000000
5944  25.252  -88.458  -44.897 1.0000000000
5945  12.292  -88.394  -45.162 0.8000000119
5947  8.360  -88.307  -44.459 0.6999999881
5950  5.317  -88.402  -44.694 0.6000000238
5951  4.447  -88.480  -44.245 0.8000000119
5952  3.745  -88.165  -43.811 0.8000000119
5953  3.099  -87.612  -43.082 0.8000000119
5954  2.257  -87.269  -42.892 0.8999999762
5957  29.140  -88.550  -45.310 0.8999999762
5960  13.005  -88.664  -45.792 0.8000000119
5961  6.160  -87.515  -45.474 0.6000000238
5962  5.482  -87.657  -45.169 0.6000000238
5964  4.201  -87.858  -44.250 0.6999999881
5966  28.753  -88.091  -45.865 0.8999999762
5968  24.223  -88.403  -46.572 1.0000000000
5969  15.528  -88.641  -46.758 0.6999999881
5970  14.615  -88.481  -46.541 0.6999999881
5971  13.763  -88.183  -46.281 0.6999999881
5974  22.659  -88.565  -47.434 1.0000000000
5976  23.141  -87.833  -47.963 0.8999999762
6176  7.214  -87.050  -9.774 0.1000000015
6192  9.116  -87.419  -11.663 0.1000000015
6207  7.886  -87.740  -13.531 0.5000000000
6208  6.762  -87.605  -13.922 0.5000000000
6209  6.041  -87.222  -14.026 0.6000000238
6214  5.956  -87.327  -14.743 0.8000000119
6215  5.711  -87.058  -15.377 0.8999999762
6221  5.770  -87.877  -15.385 0.8999999762
6227  13.429  -87.359  -16.337 1.0000000000
6231  5.321  -86.845  -16.193 0.8000000119
6238  11.170  -86.749  -16.996 1.0000000000
6239  10.212  -86.777  -17.105 1.0000000000
6240  9.135  -87.341  -17.190 1.0000000000
6241  8.187  -87.416  -17.557 1.0000000000
6243  4.764  -87.500  -17.535 1.0000000000
6249  14.582  -87.650  -18.435 1.0000000000
6250  6.783  -87.640  -18.236 0.8999999762
6252  5.455  -87.298  -18.186 1.0000000000
6253  4.951  -87.770  -18.148 1.0000000000
6261  13.649  -88.323  -19.769 1.0000000000
6268  14.578  -87.032  -19.847 1.0000000000
6273  10.098  -87.775  -20.601 1.0000000000
6275  7.297  -88.345  -20.510 1.0000000000
6284  7.274  -87.513  -21.054 1.0000000000
6292  5.809  -87.311  -22.139 1.0000000000
6298  4.776  -87.621  -22.854 1.0000000000
6304  3.798  -87.790  -24.186 1.0000000000
6310  10.080  -88.276  -25.981 1.0000000000
6311  9.644  -88.264  -25.646 1.0000000000
6312  3.671  -87.585  -25.949 1.0000000000
6318  10.210  -88.097  -26.746 1.0000000000
6320  8.945  -88.173  -26.231 1.0000000000
6321  3.605  -87.588  -26.825 1.0000000000
6328  9.797  -87.833  -27.356 1.0000000000
6331  2.956  -88.224  -27.339 1.0000000000
6332  2.715  -88.544  -28.114 1.0000000000
6334  16.937  -87.677  -28.539 1.0000000000
6335  16.252  -87.944  -28.417 1.0000000000
6337  10.374  -87.967  -28.520 1.0000000000
6338  9.881  -87.781  -28.331 1.0000000000
6339  9.153  -87.929  -27.885 1.0000000000
6340  4.030  -87.163  -28.441 1.0000000000
6348  17.745  -87.617  -28.945 1.0000000000
6352  3.990  -87.265  -29.181 1.0000000000
6353  3.223  -87.870  -29.418 1.0000000000
6357  22.503  -86.738  -30.356 1.0000000000
6361  15.608  -87.086  -29.505 1.0000000000
6363  4.023  -87.334  -30.080 1.0000000000
6368  23.013  -87.289  -30.882 1.0000000000
6371  14.238  -87.443  -31.759 1.0000000000
6373  3.716  -87.708  -31.838 1.0000000000
6377  24.775  -86.775  -32.373 1.0000000000
6379  13.619  -87.681  -32.396 1.0000000000
6385  25.441  -87.207  -32.892 1.0000000000
6387  19.852  -87.479  -33.689 1.0000000000
6389  17.267  -87.407  -33.836 1.0000000000
6393  10.316  -87.026  -34.123 1.0000000000
6396  3.640  -87.800  -33.350 1.0000000000
6398  26.570  -86.506  -34.543 1.0000000000
6401  22.577  -86.731  -34.916 1.0000000000
6403  21.020  -87.810  -34.347 1.0000000000
6404  16.822  -87.723  -34.266 1.0000000000
6406  14.669  -86.846  -34.587 1.0000000000
6408  9.993  -86.833  -34.651 1.0000000000
6409  9.424  -87.199  -34.837 1.0000000000
6410  8.783  -87.534  -35.109 1.0000000000
6412  4.001  -87.570  -34.278 1.0000000000
6422  22.634  -87.168  -35.655 1.0000000000
6423  14.272  -87.447  -35.163 1.0000000000
6427  9.968  -86.908  -35.701 1.0000000000
6437  28.929  -87.089  -36.368 1.0000000000
6441  23.530  -86.934  -36.805 1.0000000000
6443  10.209  -87.423  -36.329 1.0000000000
6444  8.968  -87.617  -35.962 1.0000000000
6445  4.472  -87.042  -36.967 1.0000000000
6446  3.882  -87.761  -37.309 1.0000000000
6448  38.655  -87.534  -37.396 0.1000000015
6459  38.807  -86.888  -37.710 0.1000000015
6468  38.563  -86.600  -38.510 0.1000000015
6470  29.935  -87.249  -39.035 1.0000000000
6476  15.881  -88.026  -39.860 0.1000000015
6477  0.874  -87.821  -39.922 0.8999999762
6481  35.159  -87.474  -40.269 0.5000000000
6485  29.888  -87.180  -40.068 1.0000000000
6486  29.530  -87.640  -40.917 1.0000000000
6487  25.868  -86.645  -40.800 1.0000000000
6488  25.095  -87.240  -40.384 1.0000000000
6497  34.609  -87.005  -40.511 0.5000000000
6505  15.765  -87.878  -41.562 0.1000000015
6509  0.025  -87.121  -41.343 0.8999999762
6510  32.220  -87.356  -42.503 0.8000000119
6512  25.399  -87.319  -42.870 1.0000000000
6513  18.511  -87.464  -42.719 0.1000000015
6514  16.089  -87.772  -42.521 0.1000000015
6516  0.569  -86.750  -42.442 0.8000000119
6520  25.587  -87.510  -44.435 1.0000000000
6521  11.287  -87.938  -43.732 0.8999999762
6522  10.500  -88.060  -43.263 0.8999999762
6523  10.002  -87.659  -43.871 0.8999999762
6524  9.196  -88.041  -44.171 0.6999999881
6526  1.143  -86.681  -43.073 0.6999999881
6527  31.850  -86.990  -44.067 0.8999999762
6528  31.375  -87.508  -44.479 1.0000000000
6529  27.874  -86.644  -45.556 0.8999999762
6531  11.423  -86.935  -45.148 0.8000000119
6534  8.812  -87.692  -44.904 0.6999999881
6535  7.943  -87.795  -45.182 0.6000000238
6538  3.182  -86.935  -43.113 0.6999999881
6539  1.777  -86.569  -43.071 0.8999999762
6543  30.389  -87.624  -45.645 0.8999999762
6546  25.944  -87.062  -45.195 1.0000000000
6547  13.030  -87.746  -46.064 0.6999999881
6548  12.465  -87.379  -45.803 0.6999999881
6551  7.542  -86.937  -45.886 0.5000000000
6553  5.713  -86.843  -45.566 0.6000000238
6556  3.324  -86.726  -43.451 0.5000000000
6558  30.094  -87.279  -46.222 0.8999999762
6560  28.791  -87.279  -46.480 0.8999999762
6561  26.396  -86.677  -46.538 1.0000000000
6564  25.980  -86.756  -47.416 1.0000000000
6565  25.155  -87.449  -47.263 1.0000000000
6567  23.932  -87.615  -47.758 0.8999999762
6568  18.783  -86.974  -47.725 0.4000000060
6569  18.325  -87.126  -47.315 0.4000000060
6574  19.368  -87.267  -48.088 0.6000000238
6803  8.906  -85.732  -10.170 0.1000000015
6826  9.041  -86.774  -12.150 0.3000000119
6827  8.232  -86.413  -12.633 0.4000000060
6856  13.494  -86.721  -16.739 1.0000000000
6858  5.326  -86.227  -16.315 0.8000000119
6865  14.349  -85.760  -17.617 1.0000000000
6866  13.009  -86.227  -17.144 1.0000000000
6867  11.978  -86.335  -17.115 1.0000000000
6872  5.282  -86.333  -17.718 1.0000000000
6873  4.959  -86.665  -17.215 0.8999999762
6880  6.826  -86.839  -18.190 1.0000000000
6881  5.994  -86.713  -18.244 1.0000000000
6889  14.983  -86.368  -19.087 1.0000000000
6896  13.691  -87.280  -20.683 1.0000000000
6898  11.035  -87.249  -20.954 1.0000000000
6900  8.968  -86.919  -21.058 1.0000000000
6908  11.608  -86.696  -21.592 1.0000000000
6913  6.646  -86.791  -22.219 1.0000000000
6916  8.903  -86.437  -21.833 1.0000000000
6918  7.426  -86.461  -22.446 1.0000000000
6920  5.384  -87.084  -22.724 1.0000000000
6924  6.027  -86.485  -23.311 1.0000000000
6925  4.954  -86.909  -23.444 1.0000000000
6926  4.407  -87.250  -23.987 1.0000000000
6932  5.065  -86.579  -24.442 1.0000000000
6942  5.952  -86.128  -26.047 1.0000000000
6944  4.248  -86.952  -26.554 1.0000000000
6947  5.897  -86.161  -26.960 1.0000000000
6952  18.053  -85.938  -28.528 1.0000000000
6953  17.320  -86.276  -28.677 1.0000000000
6954  16.622  -86.451  -28.885 1.0000000000
6955  6.200  -85.877  -28.391 1.0000000000
6961  21.228  -85.500  -29.515 1.0000000000
6964  18.485  -86.303  -28.672 1.0000000000
6966  6.142  -85.729  -29.859 1.0000000000
6968  4.861  -86.691  -28.979 1.0000000000
6974  21.869  -86.130  -29.902 1.0000000000
6975  15.530  -86.396  -30.252 1.0000000000
6976  15.061  -86.368  -31.031 1.0000000000
6985  14.347  -86.238  -31.534 1.0000000000
6987  5.452  -86.208  -31.744 1.0000000000
6993  20.062  -86.199  -32.900 1.0000000000
6994  19.174  -86.172  -32.722 1.0000000000
7000  5.119  -86.475  -32.285 1.0000000000
7004  25.447  -86.131  -33.566 1.0000000000
7005  24.759  -85.637  -33.465 1.0000000000
7006  21.918  -85.822  -33.623 1.0000000000
7007  20.964  -86.131  -33.216 1.0000000000
7008  19.486  -86.859  -33.226 1.0000000000
7009  18.634  -86.797  -33.107 1.0000000000
7010  17.918  -86.636  -33.024 1.0000000000
7011  16.338  -86.294  -33.358 1.0000000000
7013  14.570  -85.249  -33.617 1.0000000000
7015  10.930  -86.616  -33.869 1.0000000000
7016  5.354  -86.088  -33.108 1.0000000000
7019  26.693  -86.151  -35.388 1.0000000000
7023  22.686  -85.822  -34.214 1.0000000000
7026  14.184  -85.770  -34.295 1.0000000000
7028  12.476  -85.574  -34.599 1.0000000000
7029  11.190  -85.971  -34.161 1.0000000000
7038  26.031  -85.832  -35.948 1.0000000000
7039  24.528  -85.726  -35.532 1.0000000000
7041  12.061  -85.940  -35.163 1.0000000000
7042  11.195  -85.999  -34.975 1.0000000000
7043  10.326  -86.507  -35.118 1.0000000000
7045  5.280  -85.765  -35.872 1.0000000000
7054  28.439  -86.318  -36.904 1.0000000000
7055  27.374  -86.125  -36.693 1.0000000000
7061  4.927  -86.181  -36.736 1.0000000000
7066  28.994  -86.211  -37.817 1.0000000000
7073  4.212  -86.474  -37.655 1.0000000000
7075  2.374  -86.343  -38.410 1.0000000000
7076  1.774  -85.868  -38.244 1.0000000000
7079  39.182  -86.220  -38.041 0.1000000015
7080  29.691  -86.521  -38.465 1.0000000000
7083  17.158  -86.648  -38.149 0.1000000015
7084  16.653  -86.765  -38.791 0.1000000015
7086  2.688  -87.076  -38.749 1.0000000000
7087  2.040  -86.660  -39.112 1.0000000000
7088  1.712  -86.669  -39.635 1.0000000000
7089  38.115  -86.153  -39.140 0.1000000015
7090  29.744  -86.386  -39.401 1.0000000000
7092  28.105  -85.713  -39.332 1.0000000000
7100  37.646  -85.655  -39.596 0.3000000119
7101  36.900  -85.890  -39.672 0.5000000000
7103  33.669  -86.769  -40.444 0.5000000000
7104  32.927  -86.718  -40.564 0.5000000000
7115  36.550  -85.327  -40.284 0.5000000000
7121  29.072  -86.322  -41.659 1.0000000000
7123  26.544  -86.162  -41.140 1.0000000000
7129  0.168  -86.584  -41.428 0.8999999762
7130  32.938  -85.866  -41.713 0.6000000238
7136  16.820  -86.253  -42.263 0.1000000015
7138  4.907  -87.069  -42.167 0.1000000015
7140  0.426  -86.001  -42.492 0.6999999881
7141  0.157  -86.580  -41.894 0.8000000119
7144  28.172  -86.343  -43.900 0.8999999762
7145  25.852  -86.834  -43.591 1.0000000000
7148  4.955  -86.567  -42.821 0.1000000015
7159  10.781  -86.912  -44.826 0.8000000119
7160  10.003  -86.769  -44.952 0.6999999881
7161  9.176  -86.959  -45.279 0.6000000238
7162  2.779  -86.178  -43.156 0.5000000000
7163  1.894  -85.252  -43.389 0.5000000000
7167  26.761  -86.213  -45.510 1.0000000000
7168  26.327  -86.421  -45.072 1.0000000000
7170  11.203  -86.257  -45.505 0.6999999881
7173  8.488  -86.332  -45.952 0.5000000000
7175  5.705  -86.177  -45.578 0.5000000000
7176  4.704  -86.514  -43.660 0.6000000238
7177  3.512  -86.272  -43.734 0.4000000060
7179  2.488  -85.260  -43.557 0.4000000060
7180  31.035  -86.195  -46.468 0.8999999762
7181  30.166  -86.563  -46.687 0.8999999762
7184  27.487  -86.377  -46.992 1.0000000000
7187  15.692  -86.971  -46.661 0.6000000238
7190  12.669  -85.988  -46.243 0.6999999881
7191  8.144  -85.401  -46.340 0.4000000060
7193  6.594  -85.687  -46.151 0.6000000238
7194  6.030  -85.728  -45.862 0.3000000119
7196  29.678  -85.941  -47.515 0.8999999762
7200  26.420  -86.015  -47.915 0.8999999762
7202  19.071  -86.217  -47.892 0.4000000060
7205  27.415  -85.384  -48.322 0.8999999762
7206  26.937  -85.392  -48.222 0.8999999762
7209  25.056  -86.566  -48.115 1.0000000000
7213  21.238  -86.038  -48.315 0.6000000238
7444  8.766  -84.710  -9.065 0.1000000015
7456  9.028  -84.983  -9.873 0.1000000015
7475  8.969  -85.620  -11.201 0.2000000030
7476  8.372  -85.281  -11.532 0.4000000060
7478  5.863  -85.285  -11.561 0.5000000000
7486  7.769  -85.754  -12.210 0.5000000000
7488  5.349  -85.681  -12.180 0.6000000238
7497  4.858  -85.990  -12.854 0.6000000238
7509  5.049  -85.528  -15.301 0.8999999762
7520  13.508  -85.551  -17.422 1.0000000000
7521  10.792  -85.354  -17.302 1.0000000000
7522  9.358  -85.421  -17.555 1.0000000000
7525  5.626  -85.596  -17.598 1.0000000000
7533  12.564  -84.994  -17.303 1.0000000000
7534  7.363  -85.926  -18.121 1.0000000000
7542  15.063  -85.449  -18.832 1.0000000000
7550  15.035  -85.725  -20.449 1.0000000000
7557  14.885  -85.687  -21.219 1.0000000000
7559  12.987  -86.087  -21.949 1.0000000000
7566  13.598  -85.638  -22.435 1.0000000000
7569  10.037  -85.766  -22.780 1.0000000000
7570  7.973  -85.985  -22.968 1.0000000000
7575  10.709  -85.513  -23.384 1.0000000000
7577  8.661  -85.633  -23.698 1.0000000000
7588  6.753  -85.793  -24.800 1.0000000000
7596  8.887  -85.091  -25.151 1.0000000000
7597  8.542  -85.005  -25.823 1.0000000000
7608  7.467  -85.340  -26.571 1.0000000000
7620  7.307  -85.200  -27.932 1.0000000000
7621  6.577  -85.689  -27.619 1.0000000000
7631  19.165  -84.734  -28.565 1.0000000000
7632  18.380  -85.112  -28.556 1.0000000000
7635  7.329  -85.015  -28.767 1.0000000000
7643  21.144  -84.694  -29.710 1.0000000000
7644  20.613  -84.991  -29.129 1.0000000000
7645  19.804  -85.319  -28.730 1.0000000000
7647  16.443  -85.702  -29.472 1.0000000000
7649  6.621  -85.457  -29.196 1.0000000000
7657  22.340  -84.819  -30.795 1.0000000000
7659  15.945  -85.403  -30.274 1.0000000000
7661  7.145  -84.594  -31.098 1.0000000000
7662  6.781  -85.173  -30.247 1.0000000000
7664  2.177  -85.046  -31.048 1.0000000000
7665  1.893  -84.789  -31.351 1.0000000000
7672  23.132  -84.848  -31.965 1.0000000000
7676  18.631  -84.708  -31.535 1.0000000000
7677  15.322  -84.758  -31.082 1.0000000000
7679  13.939  -85.320  -31.926 1.0000000000
7680  6.519  -85.148  -31.408 1.0000000000
7682  2.495  -85.244  -31.543 1.0000000000
7688  24.194  -85.284  -33.261 1.0000000000
7690  23.018  -84.825  -32.690 1.0000000000
7691  22.237  -84.842  -32.573 1.0000000000
7694  18.862  -85.450  -32.159 1.0000000000
7699  13.301  -85.135  -32.611 1.0000000000
7700  12.491  -85.572  -33.181 1.0000000000
7701  11.992  -85.749  -33.534 1.0000000000
7702  6.310  -85.067  -32.287 1.0000000000
7703  5.914  -85.316  -33.027 1.0000000000
7704  3.504  -85.224  -31.877 1.0000000000
7705  2.572  -85.380  -32.354 1.0000000000
7706  1.927  -85.200  -32.362 1.0000000000
7713  23.590  -85.129  -33.365 1.0000000000
7715  21.544  -85.338  -32.901 1.0000000000
7716  15.983  -85.426  -32.850 1.0000000000
7717  15.092  -84.853  -32.932 1.0000000000
7718  14.138  -84.662  -33.149 1.0000000000
7720  12.326  -85.382  -33.692 1.0000000000
7721  11.723  -85.642  -33.908 1.0000000000
7724  2.974  -85.519  -33.170 1.0000000000
7725  2.119  -85.354  -33.061 1.0000000000
7726  1.666  -85.091  -33.488 1.0000000000
7734  24.329  -85.308  -34.000 1.0000000000
7738  12.104  -85.446  -34.194 1.0000000000
7739  11.606  -85.738  -34.386 1.0000000000
7740  6.120  -84.433  -34.786 1.0000000000
7744  1.364  -85.040  -34.166 1.0000000000
7754  5.739  -85.099  -35.304 1.0000000000
7757  1.022  -85.320  -35.571 1.0000000000
7767  3.224  -85.663  -37.104 1.0000000000
7770  0.897  -85.262  -36.370 1.0000000000
7771  39.722  -85.203  -37.325 0.1000000015
7777  2.773  -86.087  -37.762 1.0000000000
7786  39.387  -85.074  -38.962 0.1000000015
7787  29.332  -85.834  -39.719 1.0000000000
7788  28.895  -85.595  -39.829 1.0000000000
7789  28.369  -85.575  -40.189 1.0000000000
7799  29.244  -85.761  -40.272 1.0000000000
7801  28.183  -85.554  -40.919 1.0000000000
7816  36.122  -85.034  -41.004 0.5000000000
7818  34.108  -85.460  -41.316 0.5000000000
7819  33.602  -85.372  -41.700 0.5000000000
7820  28.612  -85.761  -41.516 0.8999999762
7822  27.488  -85.720  -42.610 0.8999999762
7825  16.735  -85.286  -42.052 0.1000000015
7834  37.202  -84.222  -41.107 0.5000000000
7837  35.179  -84.782  -41.929 0.5000000000
7839  33.716  -84.926  -42.442 0.6000000238
7840  28.102  -85.781  -42.969 0.8999999762
7846  4.262  -85.964  -42.567 0.1000000015
7849  33.178  -85.179  -43.010 0.8000000119
7852  26.847  -85.891  -43.324 1.0000000000
7860  5.069  -85.994  -43.756 0.3000000119
7862  0.827  -85.351  -42.898 0.6000000238
7863  32.869  -84.534  -44.356 0.8000000119
7864  27.578  -86.009  -44.249 0.8999999762
7872  6.001  -85.119  -45.016 0.2000000030
7874  4.830  -85.849  -44.112 0.2000000030
7875  1.774  -84.790  -43.387 0.3000000119
7876  1.331  -85.323  -43.164 0.5000000000
7878  27.055  -85.964  -44.881 0.8999999762
7883  11.766  -85.559  -46.137 0.6999999881
7884  10.846  -85.497  -45.966 0.6999999881
7887  6.005  -85.407  -45.477 0.3000000119
7890  2.908  -84.747  -43.907 0.5000000000
7892  31.637  -85.524  -46.073 0.8999999762
7898  15.720  -85.297  -46.571 0.5000000000
7899  14.947  -85.009  -46.735 0.5000000000
7900  13.430  -85.292  -46.539 0.6000000238
7903  10.450  -84.607  -46.361 0.6999999881
7904  9.613  -84.700  -46.293 0.4000000060
7911  29.161  -85.324  -48.300 0.8999999762
7914  18.828  -85.081  -47.173 0.2000000030
7917  28.573  -84.690  -48.723 0.8999999762
7918  27.848  -85.153  -48.635 0.8999999762
7920  26.849  -85.072  -48.299 0.8999999762
7922  22.425  -85.357  -48.288 0.6000000238
7923  21.560  -85.324  -48.301 0.4000000060
7925  19.771  -84.863  -47.962 0.3000000119
8141  8.366  -83.722  -7.847 0.1000000015
8150  8.687  -83.833  -8.693 0.1000000015
8170  8.859  -84.620  -10.367 0.2000000030
8174  4.914  -84.149  -10.706 0.6000000238
8187  5.349  -84.754  -11.097 0.6000000238
8195  4.486  -84.645  -12.678 0.8000000119
8203  4.439  -84.424  -13.571 0.6999999881
8221  4.845  -84.273  -15.321 0.8999999762
8230  5.580  -84.494  -16.588 0.8999999762
8231  5.201  -84.772  -16.070 0.8999999762
8236  10.512  -84.773  -17.241 1.0000000000
8237  9.525  -84.676  -17.393 1.0000000000
8239  7.232  -84.459  -17.822 1.0000000000
8240  6.386  -84.610  -17.748 1.0000000000
8241  5.820  -84.842  -17.454 1.0000000000
8249  14.817  -84.827  -18.296 1.0000000000
8250  14.712  -84.435  -17.998 1.0000000000
8251  13.700  -84.869  -17.455 1.0000000000
8273  15.700  -84.237  -21.832 1.0000000000
8274  15.326  -84.956  -21.494 1.0000000000
8276  5.345  -84.110  -21.359 1.0000000000
8277  4.659  -84.146  -21.637 1.0000000000
8281  14.192  -85.031  -22.814 1.0000000000
8283  12.273  -85.197  -23.450 1.0000000000
8284  5.204  -84.448  -22.154 1.0000000000
8286  3.662  -84.282  -22.746 1.0000000000
8293  13.844  -84.684  -23.616 1.0000000000
8295  11.410  -85.112  -23.884 1.0000000000
8297  9.962  -85.188  -24.481 1.0000000000
8298  5.832  -84.242  -22.698 1.0000000000
8300  3.945  -84.888  -23.248 1.0000000000
8312  9.733  -84.931  -25.092 1.0000000000
8314  3.575  -84.909  -24.162 1.0000000000
8315  2.883  -84.419  -24.413 1.0000000000
8321  12.161  -84.438  -25.494 1.0000000000
8323  10.396  -84.743  -25.762 1.0000000000
8325  8.876  -84.778  -26.417 1.0000000000
8326  4.393  -84.983  -25.021 1.0000000000
8328  2.737  -84.378  -25.300 1.0000000000
8329  2.684  -84.400  -26.134 1.0000000000
8335  9.487  -84.535  -26.872 1.0000000000
8337  4.610  -84.704  -26.907 1.0000000000
8338  3.683  -85.036  -26.293 1.0000000000
8340  2.717  -84.454  -26.906 1.0000000000
8345  9.461  -84.213  -27.850 1.0000000000
8349  3.087  -84.905  -27.275 1.0000000000
8352  19.291  -83.985  -28.938 1.0000000000
8354  17.923  -84.645  -28.821 1.0000000000
8355  8.770  -84.146  -28.857 1.0000000000
8356  7.963  -84.682  -28.306 1.0000000000
8357  4.239  -84.795  -28.344 1.0000000000
8359  2.741  -84.544  -28.562 1.0000000000
8364  19.991  -83.930  -29.480 1.0000000000
8365  18.578  -83.769  -29.354 1.0000000000
8366  17.889  -84.065  -29.310 1.0000000000
8369  3.855  -85.005  -29.671 1.0000000000
8370  3.091  -85.028  -29.037 1.0000000000
8375  21.499  -84.490  -30.510 1.0000000000
8376  20.698  -84.171  -30.544 1.0000000000
8377  19.063  -83.875  -30.543 1.0000000000
8378  18.231  -83.874  -30.476 1.0000000000
8379  17.416  -84.014  -30.431 1.0000000000
8382  8.298  -83.179  -31.252 1.0000000000
8383  7.862  -83.979  -30.785 1.0000000000
8385  2.591  -84.844  -30.328 1.0000000000
8386  2.103  -84.587  -30.698 1.0000000000
8389  22.595  -84.767  -31.477 1.0000000000
8391  19.330  -84.288  -31.139 1.0000000000
8396  14.795  -84.554  -31.789 1.0000000000
8400  1.722  -84.946  -32.006 1.0000000000
8408  16.899  -84.590  -31.625 1.0000000000
8409  16.018  -84.436  -31.879 1.0000000000
8410  15.118  -84.430  -32.178 1.0000000000
8411  14.451  -84.583  -32.288 1.0000000000
8412  13.963  -84.652  -32.645 1.0000000000
8414  6.820  -84.117  -32.733 1.0000000000
8415  4.391  -84.590  -32.221 1.0000000000
8428  6.996  -83.144  -33.111 1.0000000000
8440  6.428  -83.687  -34.353 1.0000000000
8442  3.501  -85.248  -34.646 1.0000000000
8443  1.312  -84.503  -34.269 1.0000000000
8453  5.492  -84.081  -36.081 1.0000000000
8454  4.404  -84.319  -36.175 1.0000000000
8466  5.093  -84.566  -36.598 1.0000000000
8467  4.572  -84.666  -36.630 1.0000000000
8468  3.793  -85.052  -36.581 1.0000000000
8476  4.112  -85.202  -37.138 1.0000000000
8478  0.804  -85.145  -37.140 1.0000000000
8486  0.842  -84.078  -38.348 0.8999999762
8488  39.546  -84.499  -39.362 0.2000000030
8500  1.024  -84.372  -39.154 0.8999999762
8501  1.183  -85.192  -39.875 0.8999999762
8502  39.726  -83.833  -39.825 0.2000000030
8515  5.409  -85.122  -40.585 0.1000000015
8516  4.760  -85.141  -41.468 0.1000000015
8518  38.663  -84.225  -40.554 0.3000000119
8529  7.708  -84.893  -42.308 0.1000000015
8531  5.016  -84.512  -42.224 0.1000000015
8533  38.461  -83.714  -41.295 0.3000000119
8535  37.054  -83.716  -41.792 0.5000000000
8551  1.127  -84.326  -42.976 0.6000000238
8552  0.841  -84.840  -42.472 0.6999999881
8565  7.282  -84.233  -43.971 0.2000000030
8566  4.451  -84.857  -43.865 0.2000000030
8567  1.479  -84.085  -43.330 0.6000000238
8570  34.813  -83.431  -43.886 0.6000000238
8572  33.530  -84.278  -43.934 0.6999999881
8577  16.231  -84.859  -45.824 0.2000000030
8580  7.099  -83.884  -45.037 0.3000000119
8581  6.534  -84.625  -44.661 0.1000000015
8582  4.225  -84.973  -43.916 0.3000000119
8583  2.385  -83.841  -43.957 0.4000000060
8585  1.332  -84.697  -43.161 0.6000000238
8587  32.762  -84.083  -45.124 0.8000000119
8592  16.088  -84.913  -46.267 0.3000000119
8596  3.744  -84.601  -44.181 0.2000000030
8597  3.279  -84.392  -44.184 0.5000000000
8601  19.550  -84.614  -46.794 0.1000000015
8602  19.022  -84.796  -46.952 0.1000000015
8603  14.521  -84.154  -46.889 0.3000000119
8604  13.711  -84.325  -46.846 0.4000000060
8605  12.822  -84.073  -46.866 0.4000000060
8607  10.357  -83.689  -46.659 0.2000000030
8608  9.511  -83.906  -46.454 0.4000000060
8609  8.619  -83.989  -46.294 0.2000000030
8613  19.798  -84.337  -47.622 0.3000000119
8614  19.318  -84.728  -47.403 0.3000000119
8615  14.020  -83.802  -46.969 0.3000000119
8616  13.530  -83.582  -46.998 0.3000000119
8617  31.506  -83.458  -47.946 0.8999999762
8620  29.167  -84.210  -48.684 0.8999999762
8622  27.575  -85.031  -48.595 0.8999999762
8623  27.037  -84.686  -48.365 0.8999999762
8625  21.672  -84.024  -48.188 0.4000000060
8626  20.334  -84.270  -48.014 0.4000000060
8893  5.760  -83.328  -9.530 0.2000000030
8903  5.251  -83.776  -10.064 0.3000000119
8914  4.535  -83.066  -12.083 0.8000000119
8923  12.349  -83.219  -13.003 1.0000000000
8924  11.831  -83.264  -12.917 1.0000000000
8925  4.436  -83.813  -13.077 0.8000000119
8933  12.028  -83.537  -13.338 1.0000000000
8943  11.877  -83.708  -13.838 1.0000000000
8944  11.281  -83.630  -14.341 1.0000000000
8954  12.023  -83.871  -14.616 1.0000000000
8956  5.668  -83.434  -15.884 0.8999999762
8957  5.110  -83.493  -15.296 0.8999999762
8970  7.965  -83.169  -17.041 1.0000000000
8972  6.252  -83.422  -16.563 0.8999999762
8989  5.996  -84.096  -17.149 0.8999999762
9004  5.229  -82.840  -20.225 0.8999999762
9012  15.436  -83.405  -19.745 1.0000000000
9013  6.771  -83.142  -20.770 1.0000000000
9014  5.925  -83.336  -20.594 1.0000000000
9015  5.307  -83.293  -20.658 1.0000000000
9020  15.850  -83.548  -21.323 1.0000000000
9023  6.138  -83.671  -21.214 1.0000000000
9024  5.452  -83.704  -20.921 1.0000000000
9025  4.580  -83.620  -21.488 1.0000000000
9026  3.672  -83.614  -22.350 1.0000000000
9030  15.487  -84.062  -22.742 1.0000000000
9031  7.209  -83.234  -22.396 1.0000000000
9034  3.162  -83.891  -23.098 1.0000000000
9045  6.288  -83.985  -23.508 1.0000000000
9046  5.598  -84.425  -23.977 1.0000000000
9052  13.951  -83.772  -25.062 1.0000000000
9054  7.099  -83.393  -24.119 1.0000000000
9057  2.665  -83.751  -24.815 1.0000000000
9062  13.687  -83.599  -25.893 1.0000000000
9063  12.651  -83.901  -26.134 1.0000000000
9066  6.362  -83.816  -25.324 1.0000000000
9072  12.453  -83.479  -27.066 1.0000000000
9073  10.890  -83.942  -27.184 1.0000000000
9074  7.117  -83.267  -25.965 1.0000000000
9076  5.615  -84.161  -26.478 1.0000000000
9077  2.486  -83.863  -26.539 1.0000000000
9083  10.228  -83.649  -28.309 1.0000000000
9086  2.451  -84.011  -27.301 1.0000000000
9089  11.394  -82.421  -28.594 1.0000000000
9093  5.297  -84.111  -28.631 1.0000000000
9094  2.449  -84.034  -28.108 1.0000000000
9098  18.745  -83.582  -29.945 1.0000000000
9100  10.001  -82.585  -29.828 1.0000000000
9102  5.618  -83.652  -29.523 1.0000000000
9103  4.632  -84.537  -29.168 1.0000000000
9106  9.380  -82.612  -30.437 1.0000000000
9110  1.983  -83.933  -30.380 1.0000000000
9115  5.599  -83.021  -32.125 1.0000000000
9117  1.894  -83.437  -31.680 1.0000000000
9118  1.750  -84.361  -31.765 1.0000000000
9127  7.294  -82.627  -32.521 1.0000000000
9128  5.070  -83.481  -32.684 1.0000000000
9130  1.569  -84.253  -32.949 1.0000000000
9141  1.517  -83.851  -33.692 1.0000000000
9149  6.201  -83.015  -34.561 1.0000000000
9150  4.660  -83.525  -34.572 1.0000000000
9151  4.331  -84.171  -35.317 1.0000000000
9163  5.332  -83.421  -35.705 1.0000000000
9164  4.782  -83.675  -35.871 1.0000000000
9173  1.145  -83.884  -36.066 1.0000000000
9183  1.111  -83.707  -37.023 0.8000000119
9195  1.230  -83.536  -37.957 0.8000000119
9211  39.933  -83.136  -40.329 0.3000000119
9212  39.417  -83.738  -40.478 0.3000000119
9230  1.389  -84.275  -41.153 0.6000000238
9238  5.858  -83.687  -41.832 0.1000000015
9239  1.691  -83.626  -41.573 0.5000000000
9252  5.172  -84.114  -43.155 0.2000000030
9253  1.500  -83.711  -43.131 0.3000000119
9254  38.828  -82.785  -42.322 0.4000000060
9256  37.398  -82.899  -43.083 0.5000000000
9273  4.918  -84.099  -43.999 0.1000000015
9275  1.826  -83.313  -43.731 0.3000000119
9278  36.127  -82.718  -44.135 0.6000000238
9286  15.348  -83.816  -45.586 0.2000000030
9291  8.324  -82.885  -44.968 0.2000000030
9293  3.944  -83.090  -45.159 0.2000000030
9295  1.941  -83.638  -43.696 0.3000000119
9302  15.264  -83.822  -46.257 0.2000000030
9306  7.806  -83.441  -45.425 0.3000000119
9308  3.327  -83.864  -44.596 0.5000000000
9309  2.848  -83.571  -44.418 0.4000000060
9311  33.518  -82.965  -46.229 0.6999999881
9315  14.832  -83.737  -46.677 0.2000000030
9317  13.515  -83.057  -47.010 0.3000000119
9321  9.221  -83.341  -46.335 0.2000000030
9323  7.928  -83.704  -46.016 0.3000000119
9324  33.536  -82.717  -46.979 0.6999999881
9327  20.765  -83.201  -47.165 0.3000000119
9329  32.618  -82.445  -47.789 0.8999999762
9330  31.733  -83.031  -48.096 0.8999999762
9331  31.174  -83.226  -48.266 0.8999999762
9333  29.735  -83.606  -48.533 0.8999999762
9337  24.559  -83.116  -48.113 0.6999999881
9340  21.896  -83.227  -48.090 0.4000000060
9601  8.329  -82.771  -8.026 0.1000000015
9614  8.422  -83.025  -8.628 0.1000000015
9615  7.743  -82.805  -9.096 0.1000000015
9617  5.300  -82.788  -9.035 0.3000000119
9618  4.879  -82.563  -9.250 0.3000000119
9631  12.302  -82.283  -11.957 1.0000000000
9632  11.931  -82.335  -11.856 1.0000000000
9645  11.629  -82.703  -12.489 1.0000000000
9657  12.799  -83.008  -13.376 1.0000000000
9672  4.905  -82.868  -14.608 0.8999999762
9682  12.759  -83.512  -15.522 1.0000000000
9685  7.918  -82.333  -16.099 1.0000000000
9686  6.411  -82.449  -15.578 0.8999999762
9698  10.184  -83.411  -16.013 1.0000000000
9699  9.258  -82.969  -16.396 1.0000000000
9701  7.531  -82.756  -16.447 1.0000000000
9702  6.750  -82.822  -16.242 0.8999999762
9721  15.121  -83.268  -18.079 1.0000000000
9722  14.879  -82.635  -17.666 1.0000000000
9724  5.645  -82.188  -18.939 1.0000000000
9734  7.825  -82.236  -19.854 1.0000000000
9735  6.005  -82.652  -19.454 1.0000000000
9736  5.493  -82.431  -19.656 1.0000000000
9737  5.344  -82.377  -19.878 1.0000000000
9742  15.496  -82.636  -19.579 1.0000000000
9743  8.943  -82.018  -21.023 1.0000000000
9747  5.033  -82.595  -20.500 0.8999999762
9753  9.065  -82.005  -21.916 1.0000000000
9755  7.594  -82.800  -21.111 1.0000000000
9756  4.655  -82.959  -21.363 0.8999999762
9761  16.377  -81.781  -23.091 1.0000000000
9762  16.135  -82.594  -22.584 1.0000000000
9764  8.439  -82.375  -22.421 1.0000000000
9774  8.227  -82.629  -23.848 1.0000000000
9775  7.668  -83.056  -23.802 1.0000000000
9776  3.184  -83.201  -23.395 1.0000000000
9783  16.303  -81.595  -24.873 1.0000000000
9786  9.983  -82.012  -25.183 1.0000000000
9787  9.209  -82.274  -24.775 1.0000000000
9788  8.526  -82.490  -24.477 1.0000000000
9798  15.432  -81.747  -26.040 1.0000000000
9799  14.786  -82.449  -26.232 1.0000000000
9814  14.268  -82.169  -27.001 1.0000000000
9815  8.850  -82.355  -26.209 1.0000000000
9818  2.708  -83.063  -26.311 1.0000000000
9831  13.885  -81.625  -27.283 1.0000000000
9832  12.844  -81.955  -27.867 1.0000000000
9834  8.394  -82.406  -26.924 1.0000000000
9836  7.263  -82.753  -27.743 1.0000000000
9838  2.600  -83.256  -27.684 1.0000000000
9847  12.140  -81.847  -28.055 1.0000000000
9848  11.399  -81.908  -28.620 1.0000000000
9853  2.570  -83.208  -28.549 1.0000000000
9859  10.841  -81.911  -29.220 1.0000000000
9860  10.466  -82.028  -29.653 1.0000000000
9861  7.727  -81.968  -29.423 1.0000000000
9863  6.421  -82.799  -29.947 1.0000000000
9870  10.042  -81.820  -29.967 1.0000000000
9872  9.093  -82.023  -30.860 1.0000000000
9875  2.300  -83.071  -30.177 0.8999999762
9903  7.037  -82.277  -32.534 1.0000000000
9906  1.986  -82.789  -32.389 0.8000000119
9913  6.263  -82.677  -33.972 1.0000000000
9914  5.878  -82.562  -33.991 1.0000000000
9922  5.890  -83.130  -35.122 1.0000000000
9924  5.350  -82.933  -34.597 1.0000000000
9925  2.240  -82.055  -34.630 0.8999999762
9926  1.694  -82.905  -34.846 1.0000000000
9935  5.505  -83.013  -35.086 1.0000000000
9937  1.618  -83.003  -35.675 0.8000000119
9946  2.204  -81.894  -36.735 0.8000000119
9965  1.986  -82.190  -37.347 0.8000000119
9971  29.338  -82.666  -37.981 0.1000000015
9972  28.482  -82.674  -37.820 0.1000000015
9982  1.661  -82.768  -38.413 0.5000000000
9983  39.964  -82.641  -39.433 0.2000000030
9985  31.381  -82.277  -39.152 0.1000000015
9986  30.786  -82.703  -39.523 0.1000000015
9997  1.957  -81.971  -39.436 0.4000000060
9998  1.700  -82.730  -39.203 0.6000000238
10001  30.678  -82.729  -40.261 0.1000000015
10002  30.131  -82.799  -40.759 0.1000000015
10019  2.145  -81.812  -40.074 0.4000000060
10021  40.038  -82.451  -40.788 0.1000000015
10023  31.073  -82.282  -41.647 0.1000000015
10040  6.118  -82.946  -42.348 0.1000000015
10041  2.160  -81.986  -42.014 0.4000000060
10043  39.274  -82.417  -42.053 0.3000000119
10079  36.667  -82.085  -45.299 0.6000000238
10090  9.477  -82.429  -45.260 0.1000000015
10091  5.054  -81.888  -44.828 0.1000000015
10092  4.373  -82.040  -45.208 0.1000000015
10093  3.588  -82.076  -45.176 0.2000000030
10094  2.944  -82.193  -44.723 0.1000000015
10095  37.883  -81.472  -45.016 0.4000000060
10096  37.253  -81.591  -45.337 0.5000000000
10099  21.645  -82.844  -46.559 0.2000000030
10100  13.821  -82.790  -46.570 0.2000000030
10102  12.338  -82.274  -46.429 0.2000000030
10103  10.806  -81.924  -45.886 0.2000000030
10105  9.198  -82.660  -45.874 0.1000000015
10107  36.183  -82.110  -45.944 0.6999999881
10110  12.986  -82.729  -46.807 0.2000000030
10111  12.060  -82.834  -46.957 0.3000000119
10112  10.471  -82.580  -46.422 0.2000000030
10113  9.637  -82.822  -46.246 0.2000000030
10114  8.976  -83.005  -46.118 0.1000000015
10117  33.371  -82.196  -47.557 0.8000000119
10118  21.965  -82.072  -47.185 0.3000000119
10119  21.430  -82.620  -47.025 0.3000000119
10120  34.976  -80.931  -49.138 0.6999999881
10122  33.194  -81.699  -48.019 0.8000000119
10125  30.242  -83.048  -48.359 0.8999999762
10126  28.962  -83.341  -48.447 0.8000000119
10127  28.139  -82.775  -48.374 0.8000000119
10129  26.049  -82.106  -48.198 0.6999999881
10132  23.169  -82.228  -47.948 0.5000000000
10383  7.386  -81.698  -7.646 0.1000000015
10398  6.518  -81.666  -8.053 0.1000000015
10399  5.432  -81.621  -8.161 0.2000000030
10400  4.840  -81.426  -8.519 0.3000000119
10410  4.661  -81.831  -9.303 0.4000000060
10418  12.301  -81.383  -11.077 1.0000000000
10420  4.547  -81.495  -10.464 0.6999999881
10426  12.380  -81.807  -11.596 1.0000000000
10428  11.765  -81.760  -11.410 1.0000000000
10429  4.590  -81.831  -11.418 0.8000000119
10440  4.620  -81.342  -12.275 0.8999999762
10450  10.611  -81.202  -13.086 1.0000000000
10451  10.299  -81.107  -14.125 1.0000000000
10454  4.847  -81.930  -13.413 0.8999999762
10468  8.200  -81.309  -14.863 1.0000000000
10469  7.421  -81.491  -14.891 1.0000000000
10471  5.720  -81.831  -14.237 0.8999999762
10472  5.085  -82.194  -14.056 0.8999999762
10483  13.126  -82.558  -15.142 1.0000000000
10484  10.076  -82.043  -15.321 1.0000000000
10485  9.062  -81.757  -15.304 1.0000000000
10510  15.005  -80.766  -17.600 1.0000000000
10511  14.657  -81.875  -17.117 1.0000000000
10513  6.162  -81.465  -17.600 1.0000000000
10515  5.250  -81.293  -18.226 0.8999999762
10528  8.106  -81.348  -18.694 1.0000000000
10529  7.011  -81.663  -18.185 1.0000000000
10531  5.436  -81.684  -18.557 0.8999999762
10535  15.612  -81.480  -19.212 1.0000000000
10537  8.757  -81.253  -19.434 1.0000000000
10538  7.464  -82.027  -19.037 1.0000000000
10539  5.136  -81.873  -19.719 0.8999999762
10543  9.299  -81.316  -20.714 1.0000000000
10550  15.857  -81.653  -20.938 1.0000000000
10551  9.925  -80.934  -21.077 1.0000000000
10553  4.586  -82.265  -21.413 0.8999999762
10554  4.124  -81.879  -21.873 0.8999999762
10557  16.624  -81.028  -23.623 1.0000000000
10560  9.794  -81.498  -22.353 1.0000000000
10568  11.110  -81.060  -23.190 1.0000000000
10571  3.735  -81.493  -23.286 0.8999999762
10581  16.572  -80.875  -24.607 1.0000000000
10582  12.075  -81.061  -25.323 1.0000000000
10595  16.396  -80.313  -25.117 1.0000000000
10597  10.615  -81.646  -25.759 1.0000000000
10605  14.401  -81.342  -26.935 1.0000000000
10609  10.576  -81.614  -26.703 1.0000000000
10610  9.687  -82.043  -26.436 1.0000000000
10618  13.301  -81.513  -27.456 1.0000000000
10620  11.704  -81.598  -27.967 1.0000000000
10624  8.657  -81.864  -28.503 1.0000000000
10638  10.069  -81.558  -29.173 1.0000000000
10640  8.516  -81.669  -29.371 1.0000000000
10641  3.199  -81.324  -28.634 0.8999999762
10648  9.808  -81.628  -29.827 1.0000000000
10649  9.148  -81.520  -30.108 1.0000000000
10651  7.622  -81.800  -30.265 1.0000000000
10653  2.700  -82.140  -29.875 0.8999999762
10659  8.751  -81.714  -30.792 1.0000000000
10660  8.124  -81.589  -30.938 1.0000000000
10663  2.771  -81.140  -31.035 0.8000000119
10670  7.870  -81.827  -31.449 1.0000000000
10671  7.212  -81.979  -31.430 1.0000000000
10677  7.291  -82.058  -32.026 1.0000000000
10681  2.550  -81.394  -33.172 0.8999999762
10719  2.336  -81.563  -37.477 0.6999999881
10733  40.035  -82.159  -39.952 0.1000000015
10734  39.651  -81.885  -39.803 0.1000000015
10748  2.466  -81.413  -39.599 0.3000000119
10766  2.541  -81.330  -40.455 0.3000000119
10768  40.069  -82.080  -40.503 0.1000000015
10769  39.886  -81.821  -41.204 0.1000000015
10784  2.627  -81.353  -41.501 0.2000000030
10785  32.169  -81.499  -42.140 0.1000000015
10795  6.198  -81.585  -43.631 0.1000000015
10798  38.694  -81.443  -43.952 0.3000000119
10809  6.115  -80.543  -43.730 0.1000000015
10812  2.756  -81.439  -43.773 0.2000000030
10814  38.381  -81.141  -44.498 0.3000000119
10815  31.601  -80.938  -43.941 0.1000000015
10828  4.010  -81.219  -45.127 0.1000000015
10830  2.921  -81.563  -44.444 0.1000000015
10835  24.510  -81.367  -45.834 0.1000000015
10845  36.776  -80.279  -47.643 0.6000000238
10846  36.137  -80.649  -48.071 0.6999999881
10849  24.242  -81.236  -47.626 0.3000000119
10850  23.487  -81.557  -47.290 0.3000000119
10851  22.830  -81.949  -47.493 0.4000000060
10852  36.264  -80.628  -49.007 0.6999999881
10853  35.469  -81.093  -48.725 0.6999999881
10854  34.392  -81.164  -48.467 0.6999999881
10858  30.732  -81.179  -48.348 0.6999999881
10862  26.954  -80.521  -48.081 0.4000000060
10863  25.461  -81.136  -48.087 0.5000000000
10866  36.040  -80.540  -50.005 0.6999999881
10868  35.611  -81.065  -50.100 0.6999999881
10869  36.069  -80.992  -49.986 0.6999999881
10870  35.837  -81.090  -50.045 0.6999999881
10871  36.107  -80.921  -50.370 0.6999999881
10872  36.004  -81.152  -50.331 0.6999999881
11171  12.070  -80.414  -9.615 1.0000000000
11184  11.414  -80.670  -10.349 1.0000000000
11194  12.553  -80.914  -10.952 1.0000000000
11196  4.445  -80.985  -11.568 0.6999999881
11202  12.732  -81.230  -12.283 1.0000000000
11204  9.683  -79.834  -12.647 1.0000000000
11205  6.062  -80.173  -12.890 0.8999999762
11219  7.712  -80.648  -13.659 1.0000000000
11220  6.837  -80.909  -13.831 1.0000000000
11222  4.900  -81.135  -12.974 0.8999999762
11233  12.870  -81.085  -14.100 1.0000000000
11234  9.514  -80.797  -14.203 1.0000000000
11235  8.436  -80.844  -14.250 1.0000000000
11258  5.989  -80.531  -16.529 1.0000000000
11259  4.909  -80.559  -16.858 0.8999999762
11270  14.592  -80.736  -16.754 1.0000000000
11272  8.774  -80.212  -17.810 1.0000000000
11273  7.124  -80.560  -16.874 1.0000000000
11275  5.537  -81.095  -17.221 0.8999999762
11276  5.061  -81.041  -17.626 0.8999999762
11285  9.915  -79.944  -19.196 1.0000000000
11286  9.243  -80.209  -18.528 1.0000000000
11289  4.966  -80.931  -18.250 0.8999999762
11292  15.514  -80.585  -18.961 1.0000000000
11294  10.046  -80.161  -20.017 1.0000000000
11295  4.981  -81.061  -19.260 0.8999999762
11296  4.656  -80.369  -19.915 0.8000000119
11301  10.768  -79.905  -21.281 1.0000000000
11304  4.400  -80.727  -20.784 0.8999999762
11308  15.752  -80.811  -20.633 1.0000000000
11310  10.374  -80.456  -21.569 1.0000000000
11316  16.586  -80.231  -23.326 1.0000000000
11318  12.211  -80.187  -22.968 1.0000000000
11327  16.613  -79.705  -23.917 1.0000000000
11328  13.593  -80.144  -24.370 1.0000000000
11341  16.602  -80.044  -24.550 1.0000000000
11343  11.950  -80.996  -24.242 1.0000000000
11344  3.470  -80.442  -24.835 0.8999999762
11354  16.101  -80.126  -25.456 1.0000000000
11356  14.563  -80.349  -26.093 1.0000000000
11359  12.051  -81.168  -26.411 1.0000000000
11360  3.447  -80.393  -25.699 0.6999999881
11368  14.286  -80.813  -26.715 1.0000000000
11370  12.823  -80.959  -26.777 1.0000000000
11377  13.080  -81.102  -27.167 1.0000000000
11391  3.304  -80.534  -28.165 0.6999999881
11399  3.050  -80.338  -29.124 0.5000000000
11406  2.776  -80.385  -30.725 0.6999999881
11414  2.726  -80.662  -31.592 0.8000000119
11431  2.502  -80.572  -34.715 0.8000000119
11449  2.500  -80.418  -36.869 0.4000000060
11477  2.624  -80.387  -38.291 0.3000000119
11527  39.117  -80.836  -43.286 0.3000000119
11528  38.806  -80.430  -43.021 0.1000000015
11529  38.238  -80.016  -42.604 0.2000000030
11541  6.896  -80.386  -42.956 0.1000000015
11542  3.874  -80.040  -42.767 0.2000000030
11543  3.244  -80.692  -42.093 0.2000000030
11551  5.043  -80.305  -44.212 0.1000000015
11555  38.450  -80.363  -44.683 0.3000000119
11561  4.480  -80.689  -44.752 0.1000000015
11562  3.850  -80.599  -44.656 0.1000000015
11564  31.029  -80.296  -45.328 0.3000000119
11566  29.695  -80.724  -45.533 0.2000000030
11569  26.724  -80.640  -46.554 0.1000000015
11577  29.195  -79.957  -46.473 0.2000000030
11579  26.631  -80.180  -47.577 0.2000000030
11580  25.248  -80.682  -47.534 0.3000000119
11581  24.605  -80.889  -47.481 0.3000000119
11582  37.259  -79.936  -47.333 0.5000000000
11586  25.538  -80.716  -47.882 0.3000000119
11587  37.043  -79.773  -49.169 0.6000000238
11588  36.902  -80.101  -49.571 0.6000000238
11589  35.854  -80.211  -49.672 0.6999999881
11593  31.587  -79.884  -48.242 0.6999999881
11594  30.413  -80.152  -48.313 0.6000000238
11596  28.287  -80.031  -48.201 0.6000000238
11599  36.705  -79.739  -49.386 0.6000000238
11600  36.602  -79.967  -49.904 0.6000000238
11601  35.942  -80.392  -49.974 0.6999999881
11602  35.415  -80.979  -50.534 0.6999999881
11603  35.907  -80.972  -50.791 0.6999999881
11906  11.255  -79.071  -8.636 1.0000000000
11907  10.364  -78.844  -8.679 1.0000000000
11908  4.535  -79.591  -8.223 0.1000000015
11909  4.271  -78.686  -8.320 0.3000000119
11920  11.773  -79.773  -9.068 1.0000000000
11921  11.036  -79.505  -9.179 1.0000000000
11923  4.074  -79.153  -9.187 0.6000000238
11935  3.930  -79.839  -10.900 0.6999999881
11952  3.926  -78.854  -11.326 0.8000000119
11963  12.604  -80.146  -12.233 1.0000000000
11964  10.308  -79.938  -12.026 1.0000000000
11965  9.425  -79.636  -11.937 1.0000000000
11966  8.737  -79.733  -12.112 1.0000000000
11967  7.883  -79.781  -12.349 1.0000000000
11968  7.024  -79.918  -12.616 1.0000000000
11981  12.250  -79.489  -12.974 1.0000000000
11982  11.879  -79.107  -13.606 1.0000000000
11983  8.802  -79.971  -12.880 1.0000000000
11995  12.434  -80.002  -13.641 1.0000000000
12001  12.590  -79.495  -15.148 1.0000000000
12002  11.809  -78.710  -14.927 1.0000000000
12004  6.513  -79.176  -15.477 1.0000000000
12005  5.518  -79.461  -15.472 1.0000000000
12021  4.396  -79.889  -16.300 0.8999999762
12035  14.136  -79.745  -16.500 1.0000000000
12036  8.647  -79.866  -17.275 1.0000000000
12037  7.948  -79.953  -16.770 1.0000000000
12050  10.143  -79.319  -19.078 1.0000000000
12052  4.762  -80.073  -17.972 0.8000000119
12058  15.246  -79.542  -19.226 1.0000000000
12059  15.194  -79.749  -18.548 1.0000000000
12061  4.436  -79.548  -19.614 0.8000000119
12066  11.076  -79.308  -21.033 1.0000000000
12068  3.483  -78.975  -20.845 0.6000000238
12083  12.491  -79.636  -22.739 1.0000000000
12085  3.052  -79.098  -22.750 0.6000000238
12092  16.396  -79.120  -23.875 1.0000000000
12110  16.377  -79.401  -24.374 1.0000000000
12111  16.006  -79.188  -24.657 1.0000000000
12112  15.371  -79.321  -24.678 1.0000000000
12129  15.765  -79.669  -25.236 1.0000000000
12134  3.099  -79.586  -25.344 0.6000000238
12147  3.125  -79.639  -26.173 0.5000000000
12171  2.636  -79.129  -29.153 0.5000000000
12178  2.766  -79.836  -29.951 0.5000000000
12182  2.520  -79.417  -30.680 0.3000000119
12196  2.457  -79.591  -32.883 0.4000000060
12203  2.464  -79.668  -33.681 0.5000000000
12221  2.471  -79.682  -35.406 0.4000000060
12272  7.255  -79.268  -39.679 0.1000000015
12273  3.182  -79.365  -39.739 0.2000000030
12274  2.846  -79.861  -39.011 0.3000000119
12292  3.337  -80.012  -40.297 0.2000000030
12313  4.412  -79.090  -41.472 0.2000000030
12332  6.800  -79.501  -42.633 0.1000000015
12333  5.994  -79.357  -43.129 0.1000000015
12334  5.244  -79.544  -43.138 0.1000000015
12335  4.523  -79.701  -43.108 0.2000000030
12349  4.662  -79.916  -43.817 0.1000000015
12353  33.543  -79.438  -44.432 0.1000000015
12354  32.660  -79.891  -44.600 0.1000000015
12360  37.674  -79.434  -45.967 0.2000000030
12363  30.776  -79.610  -46.130 0.2000000030
12368  37.318  -79.535  -46.849 0.5000000000
12373  28.099  -79.782  -47.591 0.3000000119
12375  36.993  -79.543  -48.070 0.5000000000
12379  33.987  -79.225  -47.952 0.3000000119
12380  30.137  -78.944  -47.808 0.5000000000
12381  29.315  -79.325  -47.809 0.5000000000
12382  28.663  -79.563  -47.857 0.3000000119
12383  36.368  -79.689  -48.817 0.6000000238
12385  35.609  -80.146  -48.810 0.4000000060
12387  33.311  -79.514  -48.049 0.6000000238
12388  32.242  -79.575  -48.185 0.6000000238
12390  30.257  -79.306  -48.090 0.5000000000
12392  28.070  -79.778  -48.016 0.6000000238
12705  10.312  -77.941  -7.562 1.0000000000
12706  9.584  -77.746  -7.491 1.0000000000
12716  12.268  -78.803  -8.635 1.0000000000
12717  11.534  -78.519  -8.286 1.0000000000
12733  13.262  -78.084  -9.622 1.0000000000
12735  9.469  -78.679  -8.934 1.0000000000
12736  8.623  -78.418  -9.297 1.0000000000
12750  9.196  -78.886  -9.854 1.0000000000
12752  3.856  -78.340  -10.805 0.8000000119
12763  13.594  -78.403  -10.791 1.0000000000
12765  8.163  -78.861  -11.085 1.0000000000
12766  7.381  -78.539  -11.502 1.0000000000
12767  6.450  -78.211  -11.951 1.0000000000
12768  5.394  -77.928  -12.297 1.0000000000
12769  4.660  -77.867  -12.124 1.0000000000
12770  3.986  -77.933  -11.532 0.8000000119
12785  5.875  -78.839  -12.229 1.0000000000
12786  4.956  -78.662  -12.455 0.8999999762
12787  4.303  -78.677  -12.015 0.8999999762
12800  11.857  -78.499  -13.133 1.0000000000
12810  6.776  -78.478  -15.008 1.0000000000
12812  4.729  -78.341  -14.560 0.8999999762
12813  3.866  -78.043  -14.586 0.8999999762
12826  5.921  -78.969  -15.073 1.0000000000
12829  3.359  -78.202  -14.963 0.8000000119
12835  12.223  -77.968  -16.927 1.0000000000
12837  3.759  -78.603  -16.315 0.8000000119
12838  3.583  -78.607  -15.410 0.8000000119
12843  13.313  -78.606  -17.323 1.0000000000
12844  10.069  -78.439  -17.683 1.0000000000
12845  9.467  -79.010  -17.182 1.0000000000
12853  13.488  -78.340  -17.917 1.0000000000
12856  4.474  -78.389  -18.656 0.4000000060
12870  4.384  -78.849  -19.198 0.5000000000
12878  15.597  -77.859  -21.440 1.0000000000
12879  15.274  -78.312  -20.641 1.0000000000
12881  10.749  -78.916  -20.267 1.0000000000
12885  3.063  -77.493  -20.910 0.3000000119
12897  3.068  -78.227  -21.262 0.6000000238
12903  16.182  -78.709  -23.572 1.0000000000
12905  14.110  -78.659  -23.337 1.0000000000
12906  13.446  -78.418  -22.807 1.0000000000
12910  2.942  -78.268  -22.093 0.3000000119
12911  2.863  -77.444  -22.364 0.3000000119
12920  15.267  -78.360  -23.618 1.0000000000
12927  2.746  -77.512  -23.108 0.2000000030
12941  15.641  -78.784  -24.100 1.0000000000
12945  2.693  -77.643  -23.844 0.1000000015
12954  2.623  -77.734  -24.606 0.1000000015
12968  2.682  -78.156  -26.504 0.2000000030
12969  2.629  -77.362  -25.986 0.2000000030
12998  2.373  -78.094  -28.777 0.2000000030
13033  2.329  -78.770  -31.379 0.3000000119
13043  2.331  -78.554  -32.084 0.2000000030
13090  2.381  -78.030  -36.258 0.3000000119
13097  2.455  -78.354  -37.905 0.3000000119
13119  3.491  -78.493  -40.151 0.1000000015
13151  7.324  -78.705  -41.391 0.1000000015
13153  5.522  -78.401  -42.268 0.1000000015
13172  6.823  -78.651  -42.077 0.1000000015
13174  5.624  -79.049  -42.728 0.1000000015
13194  37.223  -79.032  -45.582 0.3000000119
13216  33.648  -78.876  -45.372 0.1000000015
13217  32.967  -78.793  -46.023 0.2000000030
13230  36.601  -78.970  -47.021 0.2000000030
13232  34.933  -78.711  -47.002 0.3000000119
13235  31.048  -78.827  -47.482 0.4000000060
13245  36.562  -79.507  -48.305 0.6000000238
13250  31.648  -78.773  -47.745 0.3000000119
13253  31.883  -78.900  -48.014 0.5000000000
13571  10.791  -77.414  -7.564 1.0000000000
13575  4.138  -77.405  -7.970 0.3000000119
13586  11.453  -77.766  -8.027 1.0000000000
13587  8.907  -77.799  -7.863 1.0000000000
13589  3.981  -77.514  -8.771 0.5000000000
13602  12.658  -77.980  -8.892 1.0000000000
13604  7.984  -77.709  -9.822 1.0000000000
13606  3.874  -77.609  -9.607 0.6000000238
13621  13.770  -77.450  -10.046 1.0000000000
13642  14.135  -77.524  -10.867 1.0000000000
13649  3.900  -77.175  -11.206 0.8000000119
13656  13.079  -78.130  -12.425 1.0000000000
13665  12.001  -77.711  -13.034 1.0000000000
13675  11.608  -77.277  -14.379 1.0000000000
13676  8.205  -77.265  -14.847 1.0000000000
13679  4.645  -77.558  -14.213 0.8000000119
13680  3.829  -77.274  -14.362 0.8000000119
13681  3.386  -77.067  -14.741 0.8000000119
13692  9.446  -77.211  -15.784 1.0000000000
13695  3.227  -77.452  -15.103 0.8000000119
13700  11.562  -76.955  -16.729 1.0000000000
13703  3.744  -77.670  -16.346 0.4000000060
13714  12.303  -76.881  -18.071 1.0000000000
13718  4.426  -77.698  -19.196 0.2000000030
13726  14.517  -77.800  -19.794 1.0000000000
13732  3.786  -77.166  -19.892 0.2000000030
13745  14.689  -76.971  -20.674 1.0000000000
13746  14.064  -77.078  -20.012 1.0000000000
13747  11.972  -77.337  -21.392 1.0000000000
13760  15.434  -77.111  -22.017 1.0000000000
13766  3.070  -77.035  -21.082 0.3000000119
13772  15.467  -77.577  -22.763 1.0000000000
13773  14.819  -77.114  -22.731 1.0000000000
13775  13.424  -77.557  -22.549 1.0000000000
13779  3.338  -76.807  -22.489 0.1000000015
13791  2.800  -76.935  -23.548 0.1000000015
13817  2.673  -76.948  -25.059 0.1000000015
13839  2.596  -77.133  -27.399 0.2000000030
13868  2.207  -76.695  -29.678 0.2000000030
13919  2.447  -77.046  -33.182 0.2000000030
13950  2.342  -76.599  -35.069 0.2000000030
13974  2.430  -77.412  -37.640 0.1000000015
14002  2.698  -77.824  -39.205 0.2000000030
14012  3.490  -77.598  -40.625 0.1000000015
14025  4.088  -77.518  -41.231 0.1000000015
14366  4.550  -75.796  -6.186 0.1000000015
14367  4.177  -75.952  -7.091 0.1000000015
14378  9.584  -76.417  -7.131 1.0000000000
14379  8.704  -76.290  -7.213 1.0000000000
14391  11.976  -77.399  -8.503 1.0000000000
14404  11.848  -76.484  -8.693 1.0000000000
14405  7.796  -76.997  -9.003 1.0000000000
14407  3.735  -76.924  -10.014 0.6000000238
14418  13.174  -76.722  -9.809 1.0000000000
14419  7.204  -76.273  -10.633 1.0000000000
14420  3.693  -76.744  -10.766 0.6999999881
14432  14.436  -76.578  -11.348 1.0000000000
14433  6.870  -76.789  -11.379 1.0000000000
14435  5.053  -76.132  -11.836 0.8999999762
14449  14.545  -76.638  -12.282 1.0000000000
14451  13.185  -77.512  -12.907 1.0000000000
14456  14.956  -75.945  -13.262 1.0000000000
14459  11.813  -77.090  -13.845 1.0000000000
14460  7.135  -75.612  -13.747 0.8000000119
14461  6.301  -76.363  -13.747 0.8999999762
14464  3.790  -75.573  -14.002 0.6999999881
14475  11.621  -76.670  -14.528 1.0000000000
14479  6.591  -77.159  -14.174 1.0000000000
14489  11.416  -76.326  -15.092 1.0000000000
14491  9.049  -77.079  -14.877 1.0000000000
14496  9.991  -76.598  -16.502 1.0000000000
14500  11.676  -76.447  -17.425 1.0000000000
14501  11.456  -75.588  -17.365 1.0000000000
14502  10.209  -76.566  -17.860 1.0000000000
14504  5.419  -76.556  -17.438 0.2000000030
14509  9.956  -75.741  -18.101 1.0000000000
14511  6.134  -76.904  -17.955 0.1000000015
14513  4.787  -77.407  -18.777 0.2000000030
14533  11.427  -76.452  -21.085 1.0000000000
14534  10.744  -75.822  -20.526 1.0000000000
14539  3.568  -76.958  -20.528 0.3000000119
14547  15.033  -76.909  -22.392 1.0000000000
14548  14.810  -76.470  -22.035 1.0000000000
14549  12.647  -76.633  -22.080 1.0000000000
14560  13.283  -76.076  -22.394 1.0000000000
14590  2.934  -76.748  -24.581 0.1000000015
14636  2.524  -76.119  -28.536 0.1000000015
14653  2.377  -76.049  -29.356 0.1000000015
14692  2.539  -75.881  -32.822 0.1000000015
14705  2.509  -75.909  -33.682 0.2000000030
14847  4.245  -76.931  -41.268 0.1000000015
15235  9.231  -75.555  -7.141 1.0000000000
15249  11.152  -75.959  -8.157 1.0000000000
15250  10.470  -75.404  -7.653 1.0000000000
15252  7.392  -75.409  -9.063 1.0000000000
15253  3.786  -75.671  -8.686 0.1000000015
15270  14.035  -75.948  -10.771 1.0000000000
15272  12.194  -75.162  -9.868 1.0000000000
15274  6.873  -75.435  -11.039 0.8999999762
15281  14.750  -75.978  -12.025 1.0000000000
15284  5.905  -75.699  -11.466 1.0000000000
15286  4.375  -75.880  -11.426 0.8999999762
15287  3.816  -75.704  -11.027 0.8000000119
15311  15.789  -74.999  -14.158 1.0000000000
15313  14.844  -75.864  -13.911 1.0000000000
15314  13.916  -76.226  -13.759 1.0000000000
15319  4.382  -75.104  -13.678 0.6999999881
15334  15.493  -75.251  -14.458 1.0000000000
15336  13.224  -75.701  -14.208 1.0000000000
15338  11.675  -75.900  -14.700 1.0000000000
15341  3.503  -74.846  -14.707 0.4000000060
15352  15.885  -75.009  -15.018 1.0000000000
15363  6.447  -74.581  -16.981 0.1000000015
15364  6.299  -75.240  -16.827 0.2000000030
15370  11.669  -75.180  -18.248 1.0000000000
15371  9.825  -75.299  -17.460 1.0000000000
15374  4.995  -76.031  -16.924 0.3000000119
15378  9.905  -75.311  -18.908 1.0000000000
15383  10.183  -75.479  -19.677 1.0000000000
15414  14.131  -75.701  -22.021 1.0000000000
15415  13.587  -75.092  -21.842 1.0000000000
15417  10.845  -74.857  -21.300 1.0000000000
15426  13.096  -75.290  -22.338 1.0000000000
15427  12.395  -74.980  -22.251 1.0000000000
15500  2.747  -75.695  -29.861 0.2000000030
15538  2.829  -75.273  -32.573 0.1000000015
15550  2.785  -75.555  -34.049 0.2000000030
16075  4.678  -74.557  -6.070 0.1000000015
16087  9.005  -74.680  -7.289 1.0000000000
16088  8.335  -74.498  -7.696 1.0000000000
16089  3.929  -74.621  -7.377 0.3000000119
16106  7.761  -74.205  -8.312 1.0000000000
16107  3.728  -74.806  -8.297 0.3000000119
16117  11.587  -74.551  -9.261 1.0000000000
16118  10.792  -74.045  -8.730 1.0000000000
16119  7.359  -73.937  -9.109 0.8999999762
16120  7.004  -73.877  -10.126 0.8999999762
16121  3.551  -74.875  -9.284 0.4000000060
16130  6.916  -74.672  -10.578 0.8999999762
16131  6.235  -74.005  -10.915 0.8999999762
16132  3.508  -74.898  -10.148 0.5000000000
16144  5.165  -74.261  -11.358 0.8999999762
16145  4.245  -74.556  -11.233 0.8000000119
16152  15.458  -74.989  -13.098 1.0000000000
16153  15.054  -74.698  -12.526 1.0000000000
16154  14.322  -74.238  -12.005 1.0000000000
16163  16.133  -74.500  -14.261 1.0000000000
16167  5.093  -74.608  -13.339 0.6999999881
16169  3.612  -73.808  -13.979 0.6999999881
16188  12.577  -75.021  -14.696 1.0000000000
16189  9.238  -74.664  -14.293 1.0000000000
16190  3.448  -73.993  -14.570 0.6999999881
16197  16.903  -74.334  -15.568 1.0000000000
16198  15.861  -74.787  -15.508 1.0000000000
16199  15.045  -74.860  -15.244 1.0000000000
16200  13.135  -74.318  -15.055 1.0000000000
16202  11.589  -74.667  -15.613 1.0000000000
16204  3.637  -74.466  -15.283 0.4000000060
16211  15.999  -74.493  -16.135 1.0000000000
16217  3.989  -74.863  -16.014 0.3000000119
16220  17.063  -74.158  -16.783 1.0000000000
16221  16.412  -74.162  -16.639 1.0000000000
16225  11.939  -74.766  -19.146 1.0000000000
16227  9.441  -74.089  -18.470 1.0000000000
16228  6.590  -74.972  -17.729 0.1000000015
16229  6.206  -74.232  -18.437 0.1000000015
16234  9.544  -73.961  -19.920 1.0000000000
16247  13.132  -74.571  -21.965 1.0000000000
16248  12.744  -74.241  -21.615 1.0000000000
16249  10.314  -74.278  -21.029 1.0000000000
16250  9.843  -73.745  -20.649 1.0000000000
16262  12.437  -74.057  -21.980 1.0000000000
16275  12.851  -74.634  -22.223 1.0000000000
16978  4.076  -73.560  -6.624 0.1000000015
16991  3.876  -73.862  -7.195 0.3000000119
17000  9.943  -73.643  -8.302 1.0000000000
17001  9.012  -73.355  -8.080 1.0000000000
17002  8.342  -73.726  -8.078 1.0000000000
17004  3.735  -74.166  -7.949 0.3000000119
17033  3.874  -73.179  -10.786 0.6999999881
17040  13.500  -73.732  -11.538 1.0000000000
17041  12.850  -73.340  -11.109 1.0000000000
17042  12.310  -72.967  -10.686 1.0000000000
17043  11.650  -72.464  -10.276 1.0000000000
17052  14.772  -73.721  -12.486 1.0000000000
17066  7.634  -73.969  -13.555 1.0000000000
17067  6.751  -73.447  -13.318 1.0000000000
17069  4.241  -73.387  -13.529 0.8000000119
17070  3.341  -72.467  -13.940 0.8000000119
17085  16.983  -73.883  -15.116 1.0000000000
17098  14.272  -74.230  -15.461 1.0000000000
17101  11.718  -73.850  -15.786 1.0000000000
17102  9.412  -73.524  -15.216 1.0000000000
17103  3.128  -73.119  -14.883 0.6999999881
17110  18.130  -73.513  -16.949 1.0000000000
17116  6.259  -73.650  -16.644 0.1000000015
17117  5.750  -73.687  -16.297 0.2000000030
17118  4.603  -73.466  -16.225 0.2000000030
17119  3.669  -73.298  -15.723 0.4000000060
17123  17.438  -73.829  -17.339 1.0000000000
17125  15.916  -73.601  -17.052 1.0000000000
17130  18.370  -73.416  -18.239 1.0000000000
17134  9.366  -73.605  -19.358 1.0000000000
17136  6.151  -73.554  -18.107 0.1000000015
17138  18.286  -73.275  -18.814 1.0000000000
17143  4.459  -73.130  -19.845 0.1000000015
17154  12.269  -73.663  -21.420 1.0000000000
17155  11.636  -72.948  -20.995 1.0000000000
17165  11.781  -73.486  -21.648 1.0000000000
17166  11.191  -73.348  -21.642 1.0000000000
17167  10.456  -73.447  -21.308 1.0000000000
17917  8.287  -72.994  -8.543 1.0000000000
17918  3.409  -72.648  -8.726 0.4000000060
17934  9.344  -72.227  -9.194 1.0000000000
17936  7.677  -72.634  -9.109 0.8999999762
17937  7.148  -72.277  -9.612 0.8999999762
17938  3.280  -72.665  -9.742 0.4000000060
17952  10.764  -72.117  -10.042 1.0000000000
17953  9.839  -71.880  -9.852 1.0000000000
17957  3.539  -72.550  -10.331 0.5000000000
17968  11.284  -71.726  -10.547 1.0000000000
17977  14.441  -72.723  -12.517 1.0000000000
17978  13.720  -72.340  -12.059 1.0000000000
17979  13.158  -72.031  -11.685 1.0000000000
17980  12.595  -71.632  -11.276 1.0000000000
17989  16.235  -72.078  -13.960 1.0000000000
17990  14.853  -72.139  -12.962 1.0000000000
17992  8.537  -72.790  -13.760 1.0000000000
17995  5.033  -72.834  -13.053 0.8999999762
18015  2.952  -71.674  -14.620 0.8000000119
18032  17.214  -72.033  -14.950 1.0000000000
18043  17.873  -73.001  -16.153 1.0000000000
18046  12.798  -72.333  -16.426 1.0000000000
18048  11.586  -72.401  -16.813 1.0000000000
18052  3.412  -72.572  -15.675 0.6999999881
18055  18.565  -73.262  -17.696 1.0000000000
18057  15.247  -72.771  -17.349 1.0000000000
18060  6.422  -72.744  -16.857 0.1000000015
18064  17.615  -73.272  -18.680 1.0000000000
18066  15.766  -72.458  -17.978 1.0000000000
18067  11.045  -71.630  -19.105 1.0000000000
18070  5.651  -72.954  -18.481 0.1000000015
18074  17.928  -72.969  -19.425 1.0000000000
18079  4.978  -72.774  -19.079 0.1000000015
18089  18.316  -72.569  -20.133 1.0000000000
18091  10.352  -72.176  -20.819 1.0000000000
18092  9.943  -72.288  -20.849 1.0000000000
18099  10.576  -72.746  -21.249 1.0000000000
18818  3.198  -71.397  -9.067 0.3000000119
18827  9.003  -71.626  -9.544 0.8999999762
18828  8.205  -71.646  -9.369 1.0000000000
18843  10.420  -71.429  -10.361 1.0000000000
18846  7.589  -71.143  -9.699 0.8999999762
18847  5.836  -71.838  -10.493 0.8999999762
18849  3.529  -71.766  -10.454 0.6000000238
18867  11.495  -70.580  -11.246 1.0000000000
18877  7.588  -71.858  -13.282 1.0000000000
18879  5.207  -71.230  -12.913 0.8000000119
18880  4.466  -71.256  -13.093 0.8000000119
18881  3.782  -71.680  -13.538 0.8000000119
18889  16.798  -71.501  -14.343 1.0000000000
18892  9.171  -71.733  -14.924 1.0000000000
18911  9.410  -71.208  -15.641 1.0000000000
18913  2.726  -70.907  -15.000 0.6999999881
18924  12.504  -71.762  -16.780 1.0000000000
18925  11.782  -71.721  -16.858 1.0000000000
18926  9.484  -71.628  -16.427 1.0000000000
18935  14.440  -71.986  -17.322 1.0000000000
18936  12.999  -71.203  -17.160 1.0000000000
18941  3.713  -70.966  -17.250 0.3000000119
18946  15.270  -71.656  -18.315 1.0000000000
18948  11.267  -70.814  -18.544 1.0000000000
18949  9.320  -70.952  -19.326 1.0000000000
18962  9.574  -71.171  -20.036 1.0000000000
18964  5.452  -72.031  -19.386 0.1000000015
18977  18.647  -72.167  -20.813 1.0000000000
18981  9.959  -71.517  -20.515 1.0000000000
18989  19.400  -71.442  -21.529 1.0000000000
18991  18.177  -71.741  -21.242 1.0000000000
19635  4.071  -71.201  -5.720 0.1000000015
19646  3.800  -70.670  -5.987 0.1000000015
19697  9.040  -70.382  -10.437 0.8999999762
19700  5.773  -70.446  -10.479 0.8999999762
19701  4.534  -70.516  -10.843 0.6999999881
19712  10.662  -70.321  -11.148 0.8999999762
19713  9.784  -70.011  -11.038 1.0000000000
19727  13.876  -70.227  -12.535 1.0000000000
19728  13.199  -69.812  -12.304 1.0000000000
19729  12.478  -69.327  -12.292 1.0000000000
19733  4.201  -70.214  -13.332 0.8000000119
19735  2.978  -70.220  -13.927 0.8000000119
19745  14.328  -69.786  -12.852 1.0000000000
19747  8.087  -70.149  -14.026 1.0000000000
19765  2.583  -70.113  -15.341 0.6000000238
19777  6.187  -71.123  -16.678 0.1000000015
19778  5.638  -71.268  -16.597 0.1000000015
19779  3.023  -70.638  -16.885 0.5000000000
19787  9.412  -69.970  -17.861 1.0000000000
19789  5.726  -70.564  -17.050 0.1000000015
19790  4.451  -70.676  -17.481 0.1000000015
19802  6.387  -70.409  -17.822 0.1000000015
19812  15.689  -70.599  -19.623 1.0000000000
19813  11.223  -69.495  -19.745 1.0000000000
19814  9.489  -70.251  -19.845 1.0000000000
19815  6.488  -70.344  -18.770 0.1000000015
19823  17.476  -71.252  -21.125 1.0000000000
19826  10.098  -69.849  -20.298 1.0000000000
19832  19.404  -70.904  -22.064 1.0000000000
20477  5.265  -69.292  -6.141 0.1000000015
20492  3.461  -69.355  -6.976 0.2000000030
20536  7.404  -69.764  -10.370 0.8999999762
20554  8.581  -69.144  -11.058 0.8999999762
20556  6.211  -69.060  -11.000 0.6999999881
20557  5.215  -68.914  -11.203 0.6000000238
20565  11.695  -68.829  -12.371 1.0000000000
20566  11.013  -69.297  -11.976 0.8999999762
20567  10.262  -68.880  -11.871 0.8999999762
20576  12.334  -68.785  -12.690 1.0000000000
20577  7.151  -69.774  -13.850 1.0000000000
20580  3.912  -69.595  -13.543 0.8000000119
20581  3.125  -69.572  -13.762 0.8000000119
20593  14.764  -68.909  -13.358 1.0000000000
20596  9.114  -69.893  -15.323 1.0000000000
20613  8.996  -69.124  -15.475 1.0000000000
20614  2.628  -69.400  -14.672 0.6000000238
20620  18.272  -68.785  -14.798 1.0000000000
20621  17.595  -69.253  -14.474 1.0000000000
20624  2.500  -70.086  -16.326 0.6000000238
20630  19.027  -69.396  -15.162 1.0000000000
20631  9.973  -69.579  -17.049 1.0000000000
20632  6.053  -69.983  -17.625 0.1000000015
20633  5.233  -70.018  -17.818 0.1000000015
20634  2.580  -69.707  -17.679 0.3000000119
20642  9.344  -69.199  -18.773 1.0000000000
20653  15.235  -69.750  -19.739 1.0000000000
20656  12.473  -68.570  -19.990 1.0000000000
20660  4.506  -69.353  -19.376 0.1000000015
20674  9.753  -68.757  -20.089 1.0000000000
20676  3.338  -69.154  -20.423 0.2000000030
20679  19.820  -70.222  -22.262 1.0000000000
20686  19.355  -69.583  -22.988 1.0000000000
20696  18.786  -69.175  -23.273 1.0000000000
21412  4.679  -68.755  -6.641 0.1000000015
21413  3.915  -68.932  -6.679 0.2000000030
21454  2.697  -68.726  -9.545 0.3000000119
21470  2.767  -68.571  -10.391 0.3000000119
21482  7.905  -68.575  -11.218 0.8999999762
21485  4.096  -67.952  -11.737 0.4000000060
21492  9.659  -68.499  -11.813 0.8999999762
21493  9.313  -67.945  -12.035 0.8999999762
21504  12.745  -68.383  -13.062 1.0000000000
21509  2.951  -68.978  -13.888 0.8000000119
21520  14.017  -68.320  -13.560 1.0000000000
21522  7.720  -68.753  -14.859 1.0000000000
21523  5.854  -68.587  -14.256 0.8999999762
21525  3.933  -68.162  -13.894 0.8000000119
21526  2.993  -68.154  -14.022 0.8000000119
21532  16.185  -67.974  -14.200 1.0000000000
21536  8.514  -68.627  -15.320 1.0000000000
21538  2.526  -68.447  -15.594 0.5000000000
21544  10.642  -68.048  -16.641 1.0000000000
21546  2.502  -69.223  -16.628 0.6000000238
21561  2.575  -68.588  -18.831 0.2000000030
21569  14.886  -67.909  -20.422 1.0000000000
21570  14.077  -67.989  -20.101 1.0000000000
21573  11.016  -68.146  -20.308 1.0000000000
21574  9.888  -67.853  -19.938 1.0000000000
21576  5.993  -69.100  -19.769 0.2000000030
21577  5.247  -69.084  -19.766 0.1000000015
21590  2.970  -69.032  -20.964 0.2000000030
21591  2.693  -68.643  -20.675 0.1000000015
21604  19.864  -68.785  -23.049 1.0000000000
21605  18.220  -68.589  -23.187 1.0000000000
22317  4.496  -67.514  -7.530 0.1000000015
22318  3.743  -67.575  -7.659 0.1000000015
22339  3.067  -67.366  -8.282 0.2000000030
22372  2.631  -67.460  -10.390 0.3000000119
22383  8.422  -67.954  -11.848 0.8999999762
22386  5.729  -67.764  -11.847 0.6999999881
22387  3.154  -67.396  -11.456 0.4000000060
22393  7.165  -67.303  -12.169 0.8000000119
22395  5.364  -67.190  -12.270 0.3000000119
22408  9.730  -67.312  -12.474 0.8999999762
22416  14.337  -67.709  -14.106 1.0000000000
22422  2.979  -67.236  -14.516 0.6000000238
22423  2.693  -67.901  -14.680 0.6999999881
22425  16.875  -67.645  -14.532 1.0000000000
22428  13.648  -67.195  -14.452 1.0000000000
22430  9.572  -67.985  -15.967 1.0000000000
22431  8.643  -67.974  -15.721 1.0000000000
22435  2.961  -66.388  -14.871 0.5000000000
22440  11.513  -67.157  -16.802 1.0000000000
22444  19.624  -67.453  -15.873 1.0000000000
22447  11.805  -67.145  -17.517 1.0000000000
22453  20.154  -67.885  -16.503 1.0000000000
22454  14.311  -66.320  -19.649 1.0000000000
22464  20.984  -68.173  -18.273 1.0000000000
22467  13.847  -66.933  -20.027 1.0000000000
22469  11.275  -66.969  -20.028 1.0000000000
22471  9.925  -67.672  -19.037 1.0000000000
22478  15.818  -67.658  -21.602 1.0000000000
22480  11.352  -67.490  -20.291 1.0000000000
22495  21.465  -67.405  -22.468 1.0000000000
22497  20.216  -68.032  -23.058 1.0000000000
23321  2.554  -66.422  -10.046 0.1000000015
23337  2.726  -65.754  -9.987 0.1000000015
23338  2.702  -65.868  -10.656 0.1000000015
23358  8.527  -66.781  -12.584 0.8000000119
23359  7.702  -66.754  -12.565 0.8999999762
23363  2.724  -65.264  -11.887 0.1000000015
23374  11.490  -66.522  -13.742 0.8999999762
23378  7.406  -66.224  -13.035 0.8000000119
23379  6.552  -66.108  -13.083 0.6000000238
23380  5.590  -66.009  -13.120 0.5000000000
23387  12.174  -66.393  -14.225 1.0000000000
23395  14.708  -66.558  -15.152 1.0000000000
23398  7.714  -66.856  -16.480 1.0000000000
23409  11.441  -66.786  -16.514 1.0000000000
23410  10.759  -66.809  -16.259 1.0000000000
23415  5.425  -65.896  -15.991 0.8000000119
23423  13.561  -65.873  -17.625 1.0000000000
23431  21.123  -66.703  -18.185 1.0000000000
23433  14.134  -65.924  -18.416 1.0000000000
23439  22.676  -66.455  -19.994 0.8999999762
23443  14.931  -65.818  -20.257 1.0000000000
23444  14.663  -66.036  -19.982 1.0000000000
23445  2.707  -66.756  -19.608 0.2000000030
23452  22.917  -66.546  -20.847 0.8999999762
23454  15.597  -66.335  -21.361 1.0000000000
23467  2.639  -66.869  -21.495 0.1000000015
24305  4.293  -65.121  -9.501 0.1000000015
24329  2.759  -65.370  -11.193 0.1000000015
24351  4.514  -65.929  -13.066 0.3000000119
24352  3.575  -65.854  -12.710 0.3000000119
24353  2.909  -65.199  -12.606 0.3000000119
24365  10.278  -66.042  -13.389 0.8999999762
24367  7.956  -65.713  -13.354 0.8000000119
24378  13.195  -65.815  -15.068 1.0000000000
24382  9.224  -65.081  -13.779 0.8000000119
24383  8.369  -65.174  -13.743 0.8000000119
24384  7.677  -65.259  -13.701 0.8000000119
24385  7.124  -65.128  -13.888 0.6000000238
24397  3.866  -65.369  -15.577 0.6000000238
24398  3.118  -65.700  -15.375 0.5000000000
24410  15.082  -65.141  -16.225 1.0000000000
24413  9.303  -66.166  -16.822 1.0000000000
24419  2.638  -65.455  -15.957 0.5000000000
24427  11.942  -66.172  -16.644 1.0000000000
24428  10.995  -65.713  -16.753 1.0000000000
24432  6.845  -65.178  -17.867 0.8999999762
24433  2.383  -65.337  -16.793 0.4000000060
24446  13.196  -65.287  -17.384 1.0000000000
24456  15.164  -65.447  -20.180 1.0000000000
24466  24.771  -65.048  -20.306 0.8999999762
24476  23.971  -65.471  -21.611 0.8999999762
24487  16.503  -65.343  -22.748 1.0000000000
25255  3.520  -64.741  -10.155 0.1000000015
25282  4.865  -64.173  -10.480 0.1000000015
25298  2.860  -63.931  -11.601 0.1000000015
25319  4.479  -64.470  -13.962 0.4000000060
25329  8.700  -64.559  -14.175 0.6999999881
25332  3.994  -63.592  -14.232 0.5000000000
25341  13.538  -64.267  -15.807 1.0000000000
25343  12.301  -63.691  -15.475 1.0000000000
25351  17.814  -65.114  -16.092 1.0000000000
25352  17.118  -64.953  -16.252 1.0000000000
25353  15.669  -64.904  -16.400 1.0000000000
25357  5.342  -64.726  -16.577 0.6999999881
25379  7.510  -64.883  -18.460 1.0000000000
25381  5.729  -64.064  -16.902 0.6999999881
25382  4.107  -63.898  -16.502 0.6000000238
25383  2.227  -64.252  -18.032 0.3000000119
25390  22.497  -64.332  -17.916 0.8999999762
25391  14.240  -64.694  -18.513 1.0000000000
25392  13.390  -64.502  -18.168 1.0000000000
25394  11.070  -64.444  -17.816 1.0000000000
25397  8.099  -64.481  -18.908 1.0000000000
25398  6.967  -64.480  -18.266 0.8999999762
25407  14.439  -64.196  -19.224 1.0000000000
25415  15.582  -64.982  -21.270 1.0000000000
25417  14.534  -63.674  -20.088 1.0000000000
25421  15.859  -64.603  -22.182 1.0000000000
25427  20.261  -65.093  -22.887 0.8999999762
25429  18.110  -64.708  -22.891 1.0000000000
26302  4.009  -63.142  -11.596 0.1000000015
26303  3.090  -63.307  -11.946 0.1000000015
26304  2.666  -64.014  -12.094 0.1000000015
26315  2.679  -63.857  -12.708 0.2000000030
26323  2.768  -63.164  -13.037 0.1000000015
26333  10.784  -63.791  -14.868 0.6999999881
26335  9.046  -63.948  -14.622 0.6000000238
26340  3.588  -62.801  -14.207 0.1000000015
26341  3.042  -62.909  -13.648 0.1000000015
26349  9.295  -63.329  -15.137 0.6000000238
26361  13.206  -63.183  -16.383 0.8999999762
26363  3.818  -63.033  -16.499 0.5000000000
26387  20.404  -62.541  -17.742 0.8000000119
26391  16.822  -63.052  -17.779 0.8000000119
26392  12.514  -63.958  -18.392 1.0000000000
26395  9.548  -63.962  -19.025 1.0000000000
26397  7.410  -63.178  -18.985 0.8999999762
26407  25.898  -63.952  -18.923 0.8999999762
26413  9.152  -63.478  -19.712 1.0000000000
26441  16.266  -63.944  -22.515 1.0000000000
27236  4.687  -62.579  -11.946 0.1000000015
27238  3.036  -62.831  -12.667 0.1000000015
27251  4.255  -61.962  -12.569 0.1000000015
27252  3.491  -62.133  -12.931 0.1000000015
27266  3.849  -61.999  -14.385 0.1000000015
27274  11.923  -62.553  -16.351 0.8000000119
27276  10.352  -62.566  -15.822 0.5000000000
27278  7.475  -62.451  -15.565 0.4000000060
27279  6.491  -62.056  -15.469 0.4000000060
27286  14.039  -62.476  -17.484 0.6000000238
27289  11.287  -61.914  -16.695 0.6999999881
27307  15.437  -62.696  -17.906 0.6999999881
27309  12.814  -61.987  -17.418 0.6000000238
27310  6.288  -62.028  -17.755 0.8000000119
27313  2.207  -62.466  -17.577 0.3000000119
27329  18.114  -62.023  -18.230 0.8000000119
27351  20.514  -61.523  -18.381 0.8000000119
27352  19.584  -61.425  -18.064 0.8000000119
27356  11.293  -62.800  -19.884 1.0000000000
27358  8.438  -62.432  -19.913 1.0000000000
27374  12.596  -62.404  -20.562 1.0000000000
27387  26.180  -63.278  -21.785 0.8999999762
27389  14.602  -62.710  -21.351 1.0000000000
28230  4.874  -61.288  -12.821 0.1000000015
28232  3.652  -61.831  -13.556 0.1000000015
28240  4.757  -60.901  -14.744 0.1000000015
28242  3.710  -61.611  -14.000 0.1000000015
28250  5.517  -61.476  -15.220 0.1000000015
28258  11.504  -61.247  -17.187 0.5000000000
28259  9.974  -61.353  -16.515 0.4000000060
28260  9.075  -61.357  -16.326 0.4000000060
28261  3.983  -60.945  -16.101 0.6000000238
28270  13.186  -61.427  -17.993 0.6000000238
28272  10.986  -60.622  -17.080 0.4000000060
28275  4.680  -61.798  -16.466 0.6000000238
28276  2.280  -61.645  -17.245 0.4000000060
28286  15.924  -61.027  -19.016 0.6000000238
28288  13.843  -60.857  -18.403 0.6000000238
28289  7.358  -61.613  -18.929 0.8999999762
28312  21.057  -61.190  -18.669 0.6000000238
28315  17.715  -61.101  -18.082 0.6999999881
28329  27.593  -62.368  -19.858 0.8999999762
28331  11.365  -61.685  -21.009 1.0000000000
28333  9.633  -61.488  -20.699 1.0000000000
28349  11.205  -61.013  -21.387 1.0000000000
28355  23.478  -61.631  -22.466 0.8999999762
28359  19.725  -61.450  -22.747 1.0000000000
28362  15.913  -61.657  -22.650 1.0000000000
28365  13.578  -60.829  -22.373 1.0000000000
29254  4.840  -59.970  -13.694 0.1000000015
29258  4.418  -60.545  -14.200 0.1000000015
29261  6.253  -60.362  -15.418 0.1000000015
29266  7.424  -59.971  -15.983 0.4000000060
29267  3.208  -60.469  -15.914 0.6000000238
29296  14.645  -60.564  -18.625 0.5000000000
29300  2.247  -60.895  -17.750 0.4000000060
29321  20.572  -60.678  -18.350 0.5000000000
29322  18.787  -60.701  -17.799 0.6000000238
29324  8.196  -60.801  -19.702 1.0000000000
29325  7.991  -60.154  -19.095 0.8999999762
29334  9.374  -60.575  -20.602 1.0000000000
29353  25.546  -60.740  -22.284 0.8999999762
29360  18.801  -59.986  -23.042 1.0000000000
29363  15.784  -60.110  -23.139 1.0000000000
29364  14.055  -60.331  -22.691 1.0000000000
30262  5.217  -59.375  -13.912 0.1000000015
30263  4.731  -59.869  -14.061 0.1000000015
30271  5.251  -59.434  -14.386 0.1000000015
30278  7.597  -58.596  -15.925 0.1000000015
30280  5.820  -58.875  -14.774 0.1000000015
30289  10.534  -59.963  -16.798 0.3000000119
30293  2.994  -59.804  -15.904 0.5000000000
30313  12.499  -59.444  -17.267 0.2000000030
30318  2.751  -58.887  -16.954 0.3000000119
30340  18.500  -60.001  -18.084 0.5000000000
30346  7.770  -59.471  -18.583 1.0000000000
30356  23.105  -59.575  -18.932 0.5000000000
30361  18.144  -60.387  -17.935 0.6000000238
30362  17.407  -60.418  -18.021 0.6999999881
30379  9.977  -59.962  -20.763 1.0000000000
30403  18.398  -59.321  -22.997 1.0000000000
30406  15.101  -59.412  -22.917 1.0000000000
31234  6.850  -58.090  -15.372 0.1000000015
31235  6.261  -58.262  -14.799 0.1000000015
31252  9.200  -58.387  -16.404 0.2000000030
31254  4.433  -57.735  -16.698 0.5000000000
31287  24.861  -58.446  -18.079 0.3000000119
31303  23.982  -58.360  -18.655 0.3000000119
31304  23.381  -58.251  -18.958 0.3000000119
31321  11.327  -58.804  -20.515 1.0000000000
31336  15.818  -58.055  -22.055 1.0000000000
31338  12.350  -58.728  -21.104 1.0000000000
31350  23.518  -58.569  -22.580 0.8000000119
31352  21.510  -58.398  -22.594 1.0000000000
31354  19.317  -58.362  -22.650 1.0000000000
31355  17.955  -58.616  -22.797 1.0000000000
31359  13.535  -59.210  -22.280 1.0000000000
32238  4.862  -57.285  -16.825 0.5000000000
32239  4.209  -57.280  -16.840 0.5000000000
32247  20.719  -57.642  -17.208 0.2000000030
32251  7.017  -56.511  -17.218 0.8000000119
32255  3.595  -57.465  -16.962 0.4000000060
32267  13.332  -57.006  -18.376 1.0000000000
32270  10.297  -57.640  -18.333 1.0000000000
32272  8.420  -57.591  -17.819 1.0000000000
32283  22.325  -57.468  -18.622 0.1000000015
32285  12.299  -58.136  -19.317 1.0000000000
32315  25.584  -57.602  -22.289 0.8000000119
32318  16.958  -57.024  -21.117 1.0000000000
32329  20.659  -57.450  -22.360 0.8000000119
33219  6.625  -55.861  -17.340 0.6999999881
33220  5.269  -56.666  -17.054 0.5000000000
33231  25.354  -56.831  -17.948 0.3000000119
33235  14.459  -55.978  -18.236 1.0000000000
33258  14.125  -56.854  -18.482 1.0000000000
33260  3.597  -56.732  -18.821 0.3000000119
33274  16.064  -56.824  -19.957 1.0000000000
33288  26.955  -56.052  -21.903 0.4000000060
33291  19.133  -56.939  -21.798 1.0000000000
33293  4.516  -55.938  -21.764 0.1000000015
33301  22.451  -56.469  -22.378 0.6999999881
34171  8.864  -54.926  -17.300 0.8000000119
34174  6.346  -55.573  -17.739 0.5000000000
34184  28.011  -55.563  -18.736 0.3000000119
34189  13.920  -55.282  -18.196 1.0000000000
34193  6.238  -55.338  -18.497 0.5000000000
34208  15.662  -55.372  -19.202 1.0000000000
34211  9.935  -55.062  -19.985 0.8000000119
34212  9.016  -55.044  -19.877 0.8000000119
34214  6.365  -55.349  -19.475 0.3000000119
34255  20.301  -54.817  -21.636 0.8000000119
34258  11.064  -55.212  -21.221 0.8000000119
34259  10.048  -55.085  -21.186 0.6999999881
35082  7.516  -54.801  -17.668 0.8000000119
35099  11.440  -54.375  -18.147 0.8999999762
35100  9.175  -54.049  -18.101 0.8000000119
35102  7.568  -54.505  -18.012 0.6999999881
35115  20.468  -54.506  -19.206 0.1000000015
35116  15.280  -54.448  -19.693 0.8999999762
35119  12.766  -54.442  -19.531 0.8999999762
35121  10.615  -54.266  -18.769 0.8999999762
35123  8.652  -54.431  -18.691 0.8000000119
35140  12.118  -54.741  -20.191 0.8999999762
35161  10.734  -54.906  -21.384 0.8000000119
35178  21.392  -54.207  -22.159 0.6999999881
35179  13.995  -55.111  -22.644 0.8000000119
35968  25.270  -52.843  -17.818 0.1000000015
35984  19.746  -53.243  -18.216 0.1000000015
35991  27.745  -53.959  -19.029 0.2000000030
35992  24.476  -53.757  -19.582 0.1000000015
35993  23.591  -53.750  -20.384 0.1000000015
35995  20.823  -53.873  -19.922 0.1000000015
36006  27.401  -53.358  -20.251 0.2000000030
36009  16.429  -53.815  -20.641 0.8999999762
36011  14.939  -54.143  -21.287 0.8999999762
36030  19.213  -53.444  -21.369 0.8000000119
36034  15.386  -53.797  -21.901 0.8000000119
36040  8.834  -54.010  -21.240 0.6999999881
36054  21.633  -53.557  -22.346 0.6000000238
36056  19.943  -53.354  -21.767 0.8000000119
36940  21.205  -52.788  -17.432 0.1000000015
36941  19.359  -52.611  -18.105 0.1000000015
36962  26.808  -52.132  -19.664 0.1000000015
36967  20.331  -52.679  -19.736 0.1000000015
37017  14.651  -53.358  -23.594 0.6999999881
37028  15.268  -52.904  -23.783 0.6000000238
37984  11.634  -51.481  -20.552 0.3000000119
37985  10.769  -51.294  -20.257 0.3000000119
37986  9.843  -51.172  -19.991 0.3000000119
37988  7.471  -51.426  -19.885 0.1000000015
38016  18.577  -51.098  -21.873 0.5000000000
38027  15.813  -52.198  -23.753 0.5000000000
38896  6.857  -50.003  -19.931 0.1000000015
38924  25.340  -50.052  -20.660 0.2000000030
38953  14.757  -51.044  -23.720 0.2000000030
39858  6.935  -49.419  -19.918 0.1000000015
39888  21.992  -49.666  -22.532 0.3000000119
39900  17.635  -49.768  -23.562 0.3000000119
39903  13.899  -49.353  -23.321 0.2000000030
40862  13.337  -49.074  -22.421 0.1000000015
40870  17.931  -48.478  -23.868 0.1000000015
135521  18.334  -91.710  -40.590 0.1000000015
135525  17.517  -92.066  -41.590 0.1000000015
135526  18.319  -92.867  -42.438 0.1000000015
135527  18.983  -92.183  -45.450 0.6000000238
135529  17.405  -89.871  -45.513 0.6999999881
135530  17.559  -87.929  -46.259 0.3000000119
135531  19.521  -90.199  -45.041 0.4000000060
135532  20.199  -89.483  -42.450 0.1000000015
135535  17.259  -85.998  -45.802 0.3000000119
135536  18.398  -89.355  -46.962 0.6000000238
135539  16.872  -89.631  -46.414 0.8000000119
135544  18.535  -85.525  -46.704 0.2000000030
135891  16.480  -90.893  -42.854 0.1000000015
135897  16.740  -91.043  -43.823 0.3000000119
135923  17.598  -92.924  -43.466 0.5000000000
135997  17.668  -87.304  -43.975 0.1000000015
136034  16.561  -86.906  -42.813 0.1000000015
136036  17.924  -88.013  -47.033 0.1000000015
136038  16.519  -87.361  -43.369 0.1000000015
136051  16.852  -86.791  -46.385 0.5000000000
136068  20.457  -90.488  -43.486 0.3000000119
136069  19.642  -92.279  -44.070 0.3000000119
136089  16.106  -88.393  -43.099 0.1000000015
136112  16.590  -85.435  -46.014 0.3000000119
136137  20.162  -91.026  -44.297 0.3000000119
136149  18.219  -92.501  -41.695 0.1000000015
136159  17.521  -88.846  -44.527 0.1000000015
136161  17.343  -91.500  -41.012 0.1000000015
136185  17.751  -87.005  -46.297 0.2000000030
136210  16.447  -88.921  -46.702 0.8000000119
136243  16.413  -85.260  -45.316 0.2000000030
136254  17.407  -86.815  -45.983 0.3000000119
136287  19.367  -89.537  -44.301 0.2000000030
136301  18.966  -92.167  -41.109 0.1000000015
136325  18.885  -90.053  -47.275 0.8000000119
136360  14.953  -92.815  -35.625 1.0000000000
136415  13.959  -91.050  -34.001 1.0000000000
136471  5.645  -90.230  -18.191 0.8999999762
136494  17.359  -88.961  -46.405 0.6999999881
136528  8.446  -85.820  -17.871 1.0000000000
136559  39.903  -83.942  -39.080 0.2000000030
136574  6.058  -96.583  -20.944 1.0000000000
136629  2.347  -77.485  -35.620 0.2000000030
136637  3.137  -69.671  -8.262 0.2000000030
136644  11.312  -71.707  -18.099 1.0000000000
136661  6.454  -71.916  -17.377 0.1000000015
136703  3.729  -72.230  -6.586 0.1000000015
136750  5.012  -91.065  -17.050 0.8999999762
136822  19.774  -66.208  -16.202 1.0000000000
136883  9.234  -73.037  -14.652 1.0000000000
137045  11.359  -73.073  -16.944 1.0000000000
137073  5.552  -92.242  -16.127 0.8999999762
137085  8.163  -61.828  -16.047 0.4000000060
137111  24.631  -90.530  -32.873 1.0000000000
137129  11.115  -82.229  -12.883 1.0000000000
137237  12.635  -80.269  -10.328 1.0000000000
137304  9.351  -88.455  -20.148 1.0000000000
137444  12.442  -49.636  -20.850 0.3000000119
137500  25.278  -92.319  -40.196 0.8000000119
137503  15.885  -79.948  -21.452 1.0000000000
137632  3.583  -75.594  -9.756 0.5000000000
137660  2.526  -90.728  -30.919 1.0000000000
137723  7.231  -82.337  -15.840 1.0000000000
137728  12.034  -96.162  -14.075 0.1000000015
137735  11.176  -81.209  -24.037 1.0000000000
137749  10.193  -90.979  -11.404 0.2000000030
137869  35.046  -78.646  -46.104 0.2000000030
137942  11.219  -81.429  -26.346 1.0000000000
138048  4.552  -85.295  -13.166 0.6999999881
138052  13.121  -91.061  -33.046 1.0000000000
138120  26.308  -91.589  -39.151 0.8999999762
138222  4.643  -83.700  -11.274 0.8000000119
138279  5.748  -75.407  -16.594 0.2000000030
138305  6.033  -96.934  -23.012 1.0000000000
138353  7.457  -60.124  -18.623 1.0000000000
138355  2.975  -92.080  -32.892 1.0000000000
138405  14.990  -90.740  -30.512 1.0000000000
138555  14.223  -82.530  -16.407 1.0000000000
138580  27.769  -58.524  -18.174 0.4000000060
138586  22.058  -101.166  -33.831 0.2000000030
138605  7.474  -96.658  -28.919 0.8999999762
138653  14.490  -86.577  -17.402 1.0000000000
138723  9.881  -58.779  -19.482 1.0000000000
138748  19.903  -96.714  -39.302 0.8999999762
138751  1.716  -83.279  -42.374 0.6000000238
138804  5.417  -88.951  -18.338 0.8999999762
138825  13.100  -68.085  -13.696 1.0000000000
138842  8.397  -82.357  -31.397 1.0000000000
138848  9.900  -77.379  -16.689 1.0000000000
138857  14.267  -99.031  -39.080 0.8999999762
138943  20.960  -48.716  -22.536 0.1000000015
138973  13.538  -76.818  -13.285 1.0000000000
138991  5.401  -91.876  -17.075 0.8999999762
139070  12.260  -98.215  -29.502 0.1000000015
139105  20.666  -89.192  -48.166 0.6999999881
139132  19.137  -88.955  -48.057 0.6000000238
139150  15.322  -93.880  -40.749 1.0000000000
139256  23.409  -90.275  -40.034 1.0000000000
139312  10.175  -99.195  -16.218 0.3000000119
139445  3.504  -75.569  -14.536 0.6999999881
139497  19.395  -62.091  -22.738 1.0000000000
139503  3.227  -79.960  -27.727 0.6000000238
139540  4.970  -66.308  -15.381 0.8000000119
139551  1.175  -85.300  -39.054 0.8999999762
139606  9.170  -92.997  -31.096 1.0000000000
139616  10.039  -85.164  -17.405 1.0000000000
139689  3.524  -70.056  -10.730 0.4000000060
139722  9.143  -91.767  -28.711 1.0000000000
139729  3.448  -58.906  -19.518 0.1000000015
139739  4.755  -84.974  -14.896 0.8999999762
139740  5.507  -84.850  -36.124 1.0000000000
139815  7.972  -84.603  -46.347 0.4000000060
139861  3.619  -82.130  -23.737 0.8999999762
139869  1.295  -90.502  -35.884 1.0000000000
139872  8.990  -89.162  -30.957 1.0000000000
139896  12.134  -84.881  -24.109 1.0000000000
139991  31.443  -93.176  -35.940 0.4000000060
140036  13.677  -91.939  -41.167 1.0000000000
140050  0.843  -86.714  -40.541 0.8999999762
140153  4.948  -61.033  -16.588 0.6000000238
140268  4.538  -82.498  -12.979 0.8000000119
140275  5.578  -91.695  -24.889 1.0000000000
140327  13.836  -81.587  -15.386 1.0000000000
140363  26.157  -85.538  -48.195 0.8999999762
140428  9.235  -95.469  -22.316 1.0000000000
140429  1.843  -89.574  -33.011 1.0000000000
140471  12.440  -86.673  -35.606 1.0000000000
140537  12.923  -82.041  -13.025 1.0000000000
140582  12.047  -65.553  -14.463 1.0000000000
140591  23.378  -81.465  -46.807 0.3000000119
140615  31.857  -78.652  -47.201 0.3000000119
140634  10.174  -79.005  -9.518 1.0000000000
140647  3.662  -81.126  -24.083 0.8999999762
140680  6.444  -71.115  -17.211 0.1000000015
140711  8.254  -91.255  -22.145 1.0000000000
140714  27.493  -99.239  -31.306 0.1000000015
140732  8.801  -88.405  -24.689 1.0000000000
140800  6.008  -64.052  -14.537 0.4000000060
140813  11.682  -94.424  -13.644 0.3000000119
140826  17.556  -93.750  -45.421 0.8000000119
140940  3.367  -82.118  -26.163 1.0000000000
140991  17.457  -92.400  -42.245 0.1000000015
141001  18.777  -96.755  -36.787 0.8999999762
141070  3.976  -76.069  -7.875 0.1000000015
141084  12.380  -91.154  -43.785 1.0000000000
141094  8.390  -90.451  -24.222 1.0000000000
141178  3.594  -81.193  -25.971 0.8999999762
141198  2.863  -70.082  -9.541 0.4000000060
141231  3.859  -64.163  -10.588 0.1000000015
141360  12.240  -94.783  -19.905 1.0000000000
141385  19.617  -61.004  -17.930 0.5000000000
141472  15.851  -84.725  -44.135 0.1000000015
141480  18.244  -88.624  -34.364 1.0000000000
141509  0.052  -87.546  -40.877 0.8999999762
141510  28.847  -93.052  -41.593 0.8000000119
141524  8.044  -84.010  -46.252 0.2000000030
141560  3.623  -74.307  -10.358 0.6000000238
141588  16.001  -102.028  -30.648 0.1000000015
141661  2.600  -80.172  -32.266 0.6000000238
141733  10.050  -97.335  -33.917 0.8000000119
141754  8.983  -100.010  -20.697 0.4000000060
141783  2.654  -77.513  -26.775 0.1000000015
141795  3.989  -93.587  -26.554 1.0000000000
141844  13.019  -91.749  -31.055 1.0000000000
141890  1.753  -90.225  -32.915 1.0000000000
141931  3.880  -93.931  -28.055 1.0000000000
141974  10.220  -92.612  -11.386 0.2000000030
141993  12.052  -89.293  -41.391 1.0000000000
142044  10.139  -91.584  -17.137 1.0000000000
142069  6.990  -91.261  -37.769 1.0000000000
142105  7.193  -93.192  -10.548 0.1000000015
142224  21.789  -60.484  -19.002 0.6999999881
142330  3.632  -75.570  -10.530 0.6000000238
142345  8.089  -92.592  -29.847 1.0000000000
142366  18.619  -58.112  -22.520 1.0000000000
142395  2.855  -66.073  -9.319 0.1000000015
142416  0.281  -86.066  -41.986 0.8999999762
142418  14.760  -87.052  -46.580 0.6000000238
142465  2.538  -80.838  -37.544 0.4000000060
142474  4.835  -59.921  -16.626 0.6999999881
142487  10.673  -92.698  -31.157 1.0000000000
142504  19.916  -92.048  -42.348 0.1000000015
142509  28.308  -86.037  -43.235 0.8999999762
142547  2.922  -79.330  -27.739 0.6000000238
142560  22.963  -96.453  -33.996 0.3000000119
142698  16.327  -74.685  -15.301 1.0000000000
142740  15.558  -89.234  -28.432 1.0000000000
142813  0.554  -87.575  -42.031 0.8000000119
142935  24.311  -88.456  -40.888 1.0000000000
142962  23.671  -91.156  -42.083 1.0000000000
142991  10.985  -91.980  -29.185 1.0000000000
143055  39.881  -82.781  -38.858 0.2000000030
143090  6.573  -83.542  -21.948 1.0000000000
143160  15.151  -102.079  -31.049 0.1000000015
143313  10.569  -97.211  -26.812 0.2000000030
143378  23.287  -91.116  -44.789 1.0000000000
143397  7.134  -91.784  -13.804 0.6000000238
143413  13.387  -63.451  -19.342 1.0000000000
143440  23.745  -86.755  -31.337 1.0000000000
143446  18.913  -88.321  -30.237 1.0000000000
143447  14.826  -68.995  -19.981 1.0000000000
143457  11.568  -78.969  -21.508 1.0000000000
143487  14.882  -101.042  -37.162 0.6999999881
143505  10.633  -82.214  -13.603 1.0000000000
143558  6.933  -86.184  -46.227 0.6000000238
143602  1.837  -91.481  -38.830 0.8999999762
143608  5.740  -92.124  -28.976 1.0000000000
143660  9.410  -92.223  -34.914 1.0000000000
143710  4.961  -85.029  -15.565 0.8999999762
143711  9.922  -102.024  -16.898 0.2000000030
143760  19.892  -83.996  -30.564 1.0000000000
143770  33.325  -78.642  -47.359 0.3000000119
143797  12.610  -91.694  -43.765 1.0000000000
143807  11.383  -97.260  -36.104 0.6000000238
143871  12.380  -89.137  -31.280 1.0000000000
143878  6.565  -91.633  -28.159 1.0000000000
143924  19.165  -97.729  -39.188 0.8999999762
143966  11.967  -59.857  -17.318 0.4000000060
144040  4.601  -84.829  -11.957 0.6000000238
144107  38.160  -80.865  -45.126 0.4000000060
144144  13.616  -90.376  -19.250 1.0000000000
144260  13.085  -98.146  -21.582 0.1000000015
144404  27.877  -87.891  -34.630 1.0000000000
144427  37.268  -90.080  -35.680 0.1000000015
144436  27.166  -99.684  -30.155 0.1000000015
144498  11.566  -65.927  -14.093 1.0000000000
144574  11.251  -82.918  -13.202 1.0000000000
144587  28.690  -84.097  -48.616 0.8999999762
144611  22.912  -57.069  -22.482 0.8000000119
144661  5.871  -74.080  -13.294 0.6999999881
144753  26.972  -91.806  -42.536 0.8999999762
144759  2.951  -70.353  -10.195 0.5000000000
144768  9.450  -81.661  -28.491 1.0000000000
144814  4.241  -86.338  -41.918 0.1000000015
144877  14.489  -87.268  -17.262 1.0000000000
144898  8.530  -89.409  -42.445 0.8999999762
144918  19.455  -72.262  -18.378 1.0000000000
144987  6.323  -82.375  -32.458 1.0000000000
145047  29.324  -89.164  -38.539 1.0000000000
145049  2.565  -75.702  -31.179 0.2000000030
145101  12.518  -82.666  -27.743 1.0000000000
145112  20.852  -66.072  -17.736 0.8999999762
145119  10.358  -81.303  -22.951 1.0000000000
145139  16.055  -86.077  -46.589 0.6000000238
145179  13.207  -91.103  -33.863 1.0000000000
145196  13.429  -96.778  -33.395 0.1000000015
145232  3.538  -72.472  -7.602 0.3000000119
145285  13.134  -61.276  -21.947 1.0000000000
145290  2.206  -83.791  -29.787 0.8999999762
145401  2.729  -78.672  -24.965 0.3000000119
145453  7.886  -92.984  -31.979 1.0000000000
145490  2.407  -78.903  -34.165 0.4000000060
145491  2.378  -78.892  -33.393 0.2000000030
145504  20.760  -64.373  -22.765 0.8999999762
145589  7.182  -90.840  -10.439 0.1000000015
145594  6.049  -88.856  -18.493 1.0000000000
145663  5.156  -93.760  -25.639 1.0000000000
145682  14.843  -99.877  -38.347 0.8000000119
145713  15.625  -82.034  -19.504 1.0000000000
145772  6.437  -77.922  -14.561 1.0000000000
145777  11.972  -83.477  -46.989 0.4000000060
145839  3.345  -71.031  -7.898 0.2000000030
145852  9.219  -81.174  -20.041 1.0000000000
145875  5.934  -90.589  -41.445 0.8999999762
145913  4.630  -86.783  -34.044 1.0000000000
145923  15.669  -65.728  -21.490 1.0000000000
145995  30.882  -82.838  -48.328 0.8999999762
146005  12.153  -66.775  -19.530 1.0000000000
146116  2.502  -80.061  -36.239 0.4000000060
146120  4.721  -90.874  -31.181 1.0000000000
146276  26.310  -86.246  -43.215 1.0000000000
146311  3.441  -57.182  -17.533 0.4000000060
146315  24.161  -86.296  -32.038 1.0000000000
146404  26.726  -80.120  -47.966 0.3000000119
146448  18.613  -85.690  -47.318 0.2000000030
146458  8.339  -74.483  -13.747 1.0000000000
146460  12.636  -89.217  -19.956 1.0000000000
146505  9.923  -93.448  -37.975 0.8999999762
146516  4.638  -79.210  -18.230 0.6999999881
146519  27.251  -81.252  -48.286 0.5000000000
146598  10.889  -97.900  -37.322 0.8000000119
146613  14.272  -85.674  -46.593 0.5000000000
146625  12.834  -85.108  -33.338 1.0000000000
146627  2.548  -82.080  -30.808 0.8999999762
146794  6.060  -58.010  -17.278 0.8000000119
146818  19.964  -86.572  -48.204 0.4000000060
146852  8.531  -82.397  -23.204 1.0000000000
146870  3.681  -76.134  -10.836 0.8000000119
146961  25.337  -85.854  -48.165 1.0000000000
147052  33.550  -83.516  -44.916 0.8000000119
147072  4.028  -89.407  -26.533 1.0000000000
147091  17.288  -56.640  -16.426 0.1000000015
147120  0.932  -85.022  -34.868 1.0000000000
147193  7.075  -91.572  -39.412 1.0000000000
147199  2.351  -77.877  -32.511 0.3000000119
147239  4.467  -87.114  -32.059 1.0000000000
147494  2.405  -78.582  -35.540 0.4000000060
147507  7.808  -73.138  -13.486 1.0000000000
147534  7.030  -82.179  -30.330 1.0000000000
147666  9.419  -73.811  -17.798 1.0000000000
147693  6.527  -94.059  -33.590 0.8999999762
147838  10.865  -87.531  -33.833 1.0000000000
147869  21.090  -59.155  -22.691 0.8999999762
147885  5.644  -71.956  -12.935 0.8999999762
147897  27.531  -83.362  -48.366 0.8000000119
147929  21.132  -89.281  -35.506 1.0000000000
147938  2.329  -76.424  -35.883 0.2000000030
147964  15.938  -101.345  -36.485 0.4000000060
147970  30.233  -96.835  -29.769 0.1000000015
147976  22.746  -88.193  -31.021 1.0000000000
148049  10.947  -70.323  -19.532 1.0000000000
148135  29.505  -97.903  -30.455 0.1000000015
148155  7.764  -99.139  -22.890 1.0000000000
148225  10.638  -89.905  -28.199 1.0000000000
148262  5.734  -95.350  -31.194 0.8999999762
148272  11.532  -91.736  -16.716 1.0000000000
148312  4.259  -74.353  -6.585 0.2000000030
148399  4.288  -80.150  -11.648 0.8999999762
148427  2.367  -66.063  -17.530 0.3000000119
148456  11.599  -77.873  -14.627 1.0000000000
148534  29.190  -88.524  -40.845 1.0000000000
148548  16.472  -86.562  -40.555 0.1000000015
148589  16.189  -102.130  -33.610 0.1000000015
148601  19.201  -101.223  -35.998 0.4000000060
148607  0.814  -90.523  -39.727 0.8999999762
148631  9.104  -70.825  -14.935 1.0000000000
148667  9.259  -71.651  -18.673 1.0000000000
148702  21.741  -86.790  -48.299 0.6999999881
148724  0.887  -85.876  -40.608 0.8000000119
148773  2.562  -80.975  -33.906 0.8999999762
148799  28.091  -54.733  -20.412 0.2000000030
148830  10.346  -77.835  -18.359 1.0000000000
148844  8.862  -82.674  -45.368 0.1000000015
148855  1.326  -87.346  -39.905 1.0000000000
148860  4.610  -84.055  -33.060 1.0000000000
148864  3.578  -84.971  -26.902 1.0000000000
148877  20.118  -83.753  -46.970 0.1000000015
148990  14.250  -91.914  -44.606 1.0000000000
149123  3.341  -79.918  -23.207 0.6000000238
149131  26.970  -94.238  -41.270 0.8000000119
149145  19.184  -89.417  -34.706 1.0000000000
149164  28.080  -90.410  -38.504 0.8999999762
149226  6.084  -95.660  -26.606 1.0000000000
149240  22.419  -86.676  -48.272 0.8000000119
149246  14.705  -58.829  -22.552 1.0000000000
149284  6.268  -83.743  -26.069 1.0000000000
149356  12.895  -89.762  -39.840 1.0000000000
149438  12.931  -79.291  -10.583 1.0000000000
149491  5.991  -90.467  -32.324 1.0000000000
149532  2.240  -77.747  -31.054 0.2000000030
149588  3.613  -81.237  -24.817 0.8999999762
149599  24.287  -97.262  -31.510 0.2000000030
149607  27.311  -91.206  -42.560 0.8999999762
149612  31.462  -82.275  -40.973 0.1000000015
149645  2.598  -91.497  -32.779 1.0000000000
149656  15.959  -99.615  -38.550 0.8000000119
149754  16.192  -87.382  -34.189 1.0000000000
149782  10.010  -66.733  -13.018 0.8999999762
149798  13.214  -98.040  -32.280 0.2000000030
149927  12.738  -90.341  -28.956 1.0000000000
150017  27.048  -60.285  -22.032 0.8000000119
150039  12.757  -66.259  -16.976 1.0000000000
150062  13.971  -91.684  -44.518 1.0000000000
150114  39.321  -81.333  -42.648 0.3000000119
150133  14.734  -79.145  -18.228 1.0000000000
150147  4.464  -85.431  -43.087 0.1000000015
150196  3.649  -80.676  -23.257 0.8999999762
150311  18.648  -49.731  -22.421 0.3000000119
150374  8.907  -66.372  -12.958 0.8000000119
150379  2.876  -78.168  -22.749 0.2000000030
150388  16.691  -86.079  -46.367 0.5000000000
150505  26.396  -96.397  -39.018 0.6000000238
150562  30.952  -79.540  -48.218 0.6000000238
150567  4.545  -85.708  -37.265 1.0000000000
150584  2.523  -79.964  -37.501 0.3000000119
150651  24.614  -96.243  -40.297 0.6999999881
150687  3.069  -84.850  -25.821 1.0000000000
150690  3.699  -87.637  -25.048 1.0000000000
150778  25.426  -85.599  -35.341 1.0000000000
150791  3.508  -66.408  -12.324 0.3000000119
150867  20.538  -84.412  -29.384 1.0000000000
150930  9.541  -66.191  -13.115 0.8999999762
150981  6.622  -68.615  -14.610 0.8999999762
151100  19.037  -54.873  -21.031 0.8000000119
151138  23.484  -85.485  -48.241 0.6999999881
151141  4.327  -56.489  -17.847 0.4000000060
151144  2.505  -76.335  -37.344 0.2000000030
151145  24.287  -89.600  -42.890 1.0000000000
151147  6.900  -82.509  -19.593 1.0000000000
151159  8.181  -90.705  -37.286 1.0000000000
151196  2.485  -80.737  -36.326 0.6000000238
151201  23.627  -82.755  -48.062 0.5000000000
151208  12.529  -81.464  -11.552 1.0000000000
151219  1.884  -82.159  -38.795 0.5000000000
151239  8.840  -59.426  -19.476 1.0000000000
151337  2.381  -77.313  -36.829 0.2000000030
151354  20.886  -86.799  -48.308 0.6999999881
151400  11.440  -88.911  -30.566 1.0000000000
151431  8.108  -84.358  -17.760 1.0000000000
151469  9.205  -89.455  -36.897 1.0000000000
151508  15.742  -72.648  -13.491 1.0000000000
151544  14.858  -91.130  -45.324 0.8999999762
151597  21.118  -84.476  -48.206 0.4000000060
151663  7.533  -88.885  -17.867 0.8999999762
151693  14.913  -77.792  -20.383 1.0000000000
151964  16.252  -60.938  -22.912 1.0000000000
152053  18.179  -72.096  -16.138 1.0000000000
152054  13.714  -102.257  -33.901 0.4000000060
152125  12.541  -91.676  -31.738 1.0000000000
152127  19.083  -92.611  -37.526 1.0000000000
152129  17.295  -93.217  -38.539 1.0000000000
152163  2.211  -82.293  -33.164 1.0000000000
152207  2.095  -89.438  -35.070 1.0000000000
152208  14.005  -76.666  -22.597 1.0000000000
152430  11.718  -59.716  -21.602 1.0000000000
152506  7.532  -83.823  -10.189 0.1000000015
152598  28.206  -85.700  -42.278 0.8999999762
152658  4.809  -85.800  -44.061 0.2000000030
152707  6.680  -97.260  -25.619 1.0000000000
152768  19.250  -95.651  -41.791 1.0000000000
152811  11.877  -70.216  -11.580 1.0000000000
152899  7.415  -84.593  -30.346 1.0000000000
153016  2.870  -79.056  -39.013 0.3000000119
153045  11.629  -85.832  -22.474 1.0000000000
153089  20.191  -91.474  -32.234 1.0000000000
153129  13.409  -98.409  -21.183 0.1000000015
153196  13.728  -92.805  -44.374 1.0000000000
153207  2.921  -76.806  -40.379 0.1000000015
153222  6.832  -97.071  -26.423 1.0000000000
153225  16.017  -59.930  -18.393 0.3000000119
153271  7.158  -65.858  -17.511 1.0000000000
153284  9.393  -80.594  -19.506 1.0000000000
153320  7.857  -69.244  -10.755 0.8999999762
153358  3.880  -77.025  -9.265 0.5000000000
153386  7.064  -79.454  -15.849 1.0000000000
153389  12.621  -80.058  -14.502 1.0000000000
153443  30.286  -82.126  -48.346 0.8000000119
153516  28.204  -87.736  -45.136 0.8999999762
153521  7.155  -90.078  -20.826 1.0000000000
153583  9.400  -100.333  -20.052 0.5000000000
153690  14.409  -102.069  -31.484 0.1000000015
153699  15.863  -95.261  -44.587 1.0000000000
153705  3.422  -90.849  -40.253 0.8999999762
153746  20.601  -87.455  -33.888 1.0000000000
153794  2.809  -88.775  -43.002 0.8999999762
153800  6.260  -80.734  -13.384 1.0000000000
153802  7.527  -97.554  -18.007 0.8000000119
153879  10.828  -88.889  -20.063 1.0000000000
153882  13.114  -89.246  -30.708 1.0000000000
153976  18.067  -62.389  -22.729 1.0000000000
153988  0.595  -85.475  -41.916 0.8999999762
154032  2.381  -78.161  -33.118 0.3000000119
154094  39.554  -81.811  -41.989 0.2000000030
154143  15.676  -101.246  -27.807 0.1000000015
154144  32.240  -87.298  -41.506 0.6000000238
154155  9.842  -98.360  -17.379 0.3000000119
154161  15.666  -89.432  -46.686 0.8999999762
154305  16.318  -101.731  -35.786 0.2000000030
154308  6.421  -90.286  -42.174 0.8999999762
154310  13.453  -98.555  -20.681 0.1000000015
154336  35.164  -79.089  -47.611 0.3000000119
154346  16.314  -63.671  -17.324 0.8999999762
154364  15.289  -101.221  -28.347 0.1000000015
154374  11.843  -100.231  -35.803 0.6000000238
154382  8.472  -54.559  -17.576 0.8000000119
154479  18.383  -92.936  -44.702 0.6999999881
154492  17.437  -89.819  -46.049 0.6999999881
154536  18.492  -88.334  -43.100 0.1000000015
154551  18.250  -93.047  -43.111 0.2000000030
154589  17.806  -93.037  -44.879 0.6000000238
154592  20.282  -91.342  -41.731 0.2000000030
154635  16.947  -86.646  -44.421 0.2000000030
154656  18.145  -88.920  -46.791 0.3000000119
154657  18.072  -87.048  -47.074 0.2000000030
154706  16.801  -88.941  -44.001 0.3000000119
154720  18.167  -88.582  -47.090 0.3000000119
154770  16.065  -90.471  -42.084 0.1000000015
154824  16.244  -85.158  -44.573 0.1000000015
154827  18.801  -89.123  -43.565 0.1000000015
154944  26.254  -84.159  -48.253 0.6999999881
154948  2.523  -80.286  -33.988 0.4000000060
154970  7.728  -80.086  -41.373 0.1000000015
155040  15.923  -102.131  -33.111 0.1000000015
155055  2.466  -76.705  -28.071 0.2000000030
155274  7.314  -84.137  -31.719 1.0000000000
155296  24.783  -92.491  -38.754 0.8999999762
155373  6.375  -97.346  -22.601 1.0000000000
155392  10.519  -94.402  -38.866 0.8999999762
155393  7.776  -85.305  -25.851 1.0000000000
155449  7.273  -91.570  -38.951 1.0000000000
155469  27.009  -85.930  -41.812 1.0000000000
155476  24.295  -96.752  -34.789 0.4000000060
155571  16.958  -99.996  -38.383 0.8000000119
155626  22.846  -58.252  -22.558 0.8000000119
155706  8.167  -92.857  -33.213 0.8999999762
155721  11.496  -73.591  -16.434 1.0000000000
155727  9.214  -72.317  -18.964 1.0000000000
155731  5.091  -90.710  -16.252 0.8999999762
155829  6.449  -97.281  -24.866 1.0000000000
155852  6.426  -69.493  -20.161 0.1000000015
155858  1.745  -90.447  -33.587 1.0000000000
156090  12.231  -89.753  -44.588 0.8000000119
156096  11.311  -99.053  -36.973 0.6999999881
156200  13.127  -98.510  -28.186 0.1000000015
156251  8.286  -81.708  -31.136 1.0000000000
156256  11.578  -63.698  -15.174 0.8000000119
156315  7.179  -88.759  -36.073 1.0000000000
156323  1.652  -84.582  -32.337 1.0000000000
156326  30.961  -90.409  -40.797 0.8999999762
156334  22.624  -49.701  -22.380 0.3000000119
156350  12.375  -80.258  -9.782 1.0000000000
156369  4.598  -88.915  -17.677 0.8999999762
156515  12.898  -94.751  -33.590 0.4000000060
156518  32.038  -94.582  -35.344 0.1000000015
156519  9.579  -86.052  -22.189 1.0000000000
156524  6.847  -82.214  -32.469 1.0000000000
156566  2.358  -88.933  -33.057 1.0000000000
156572  12.626  -95.168  -38.788 0.8999999762
156579  24.540  -87.871  -40.474 1.0000000000
156581  5.413  -85.730  -34.910 1.0000000000
156592  11.037  -97.046  -24.803 0.4000000060
156600  4.146  -91.360  -32.088 1.0000000000
156683  29.471  -89.611  -44.339 1.0000000000
156701  11.529  -72.899  -20.085 1.0000000000
156783  9.219  -96.609  -35.291 0.8000000119
156787  25.763  -87.345  -46.741 1.0000000000
156792  8.877  -90.542  -26.783 1.0000000000
156800  15.397  -66.670  -21.121 1.0000000000
156828  6.340  -90.065  -33.933 1.0000000000
156833  5.931  -92.600  -24.521 1.0000000000
156971  12.519  -91.063  -44.437 1.0000000000
156998  2.350  -60.255  -17.323 0.1000000015
157014  4.583  -72.898  -11.041 0.8000000119
157026  11.524  -80.998  -23.670 1.0000000000
157063  3.299  -63.398  -13.876 0.5000000000
157074  13.691  -82.705  -27.035 1.0000000000
157082  21.920  -92.873  -40.554 1.0000000000
157161  6.181  -95.822  -27.116 1.0000000000
157176  5.962  -90.234  -10.178 0.1000000015
157181  13.503  -90.935  -44.944 1.0000000000
157313  21.528  -94.682  -38.849 0.8999999762
157488  5.271  -91.671  -25.507 1.0000000000
157507  19.509  -91.531  -32.535 1.0000000000
157528  5.446  -91.544  -27.247 1.0000000000
157583  15.807  -98.323  -37.919 0.8999999762
157592  16.154  -87.166  -39.937 0.1000000015
157602  9.561  -89.758  -11.276 0.2000000030
157621  5.675  -91.810  -15.535 0.8000000119
157667  35.738  -85.229  -41.448 0.5000000000
157713  11.332  -95.007  -22.251 1.0000000000
157789  9.424  -74.210  -14.933 1.0000000000
157805  9.352  -71.621  -17.610 1.0000000000
157841  26.457  -86.073  -36.565 1.0000000000
157856  16.685  -69.222  -21.743 1.0000000000
157862  0.280  -88.842  -40.166 0.8999999762
157918  9.025  -85.900  -10.777 0.2000000030
157922  17.595  -66.930  -23.089 1.0000000000
157961  15.381  -84.262  -19.767 1.0000000000
157995  7.938  -83.399  -9.719 0.1000000015
158112  4.496  -79.600  -17.366 0.8000000119
158158  5.461  -90.781  -32.812 1.0000000000
158281  7.714  -94.026  -35.791 1.0000000000
158321  12.470  -86.603  -21.665 1.0000000000
158334  16.611  -93.734  -45.304 1.0000000000
158349  8.242  -99.161  -25.269 0.8999999762
158510  27.978  -81.720  -48.335 0.6999999881
158515  21.251  -57.748  -22.488 0.8000000119
158536  10.701  -88.319  -28.812 1.0000000000
158540  12.189  -99.095  -38.507 0.8999999762
158595  4.498  -83.089  -13.363 0.8000000119
158614  8.112  -76.058  -7.707 1.0000000000
158646  8.012  -89.439  -33.384 1.0000000000
158689  3.882  -93.521  -28.376 1.0000000000
158698  28.649  -93.984  -36.999 0.5000000000
158732  10.643  -100.105  -23.933 0.5000000000
158745  17.609  -90.037  -35.588 1.0000000000
158777  7.826  -98.136  -31.042 0.6999999881
158823  2.454  -63.816  -17.249 0.3000000119
158907  12.059  -78.341  -16.226 1.0000000000
158922  15.755  -88.936  -42.678 0.1000000015
158937  10.534  -98.322  -14.166 0.1000000015
158960  10.160  -92.498  -36.412 1.0000000000
158982  7.009  -89.119  -20.408 1.0000000000
158990  13.148  -85.080  -17.577 1.0000000000
159111  19.242  -83.671  -29.483 1.0000000000
159142  13.174  -90.218  -39.237 1.0000000000
159185  17.751  -101.374  -33.307 0.1000000015
159306  15.702  -89.839  -41.365 0.1000000015
159370  13.327  -93.216  -42.841 1.0000000000
159424  2.001  -82.242  -36.093 0.8000000119
159433  8.969  -94.137  -19.471 1.0000000000
159484  24.489  -63.392  -22.387 0.8999999762
159527  12.032  -64.169  -15.050 1.0000000000
159590  2.794  -63.695  -12.016 0.1000000015
159610  7.192  -81.059  -42.279 0.1000000015
159616  9.509  -99.296  -32.279 0.6999999881
159620  32.119  -82.719  -48.041 0.8999999762
159640  32.746  -85.571  -43.499 0.8999999762
159686  2.584  -79.296  -38.259 0.3000000119
159746  4.449  -78.108  -7.635 0.2000000030
159748  3.761  -69.932  -6.284 0.2000000030
159797  14.730  -83.442  -24.918 1.0000000000
159831  6.423  -93.580  -14.445 0.6000000238
159833  21.146  -68.619  -20.405 1.0000000000
159846  2.028  -89.277  -37.373 1.0000000000
159898  14.337  -80.064  -25.220 1.0000000000
159899  8.024  -95.745  -35.866 0.8999999762
159929  2.095  -85.906  -43.262 0.6000000238
160037  8.703  -93.999  -24.968 1.0000000000
160049  4.385  -87.269  -35.963 1.0000000000
160060  23.639  -90.099  -44.966 1.0000000000
160128  16.967  -90.021  -32.772 1.0000000000
160208  15.732  -95.857  -44.021 1.0000000000
160229  13.536  -101.197  -36.308 0.4000000060
160327  17.056  -89.966  -44.521 0.3000000119
160381  4.624  -91.300  -34.174 1.0000000000
160427  2.965  -59.206  -16.316 0.5000000000
160437  9.244  -72.388  -14.946 1.0000000000
160439  33.347  -78.535  -46.722 0.2000000030
160444  12.071  -81.284  -10.719 1.0000000000
160466  13.970  -84.347  -17.164 1.0000000000
160470  2.796  -78.923  -26.580 0.5000000000
160566  3.852  -69.439  -6.508 0.2000000030
160615  7.112  -71.192  -13.196 1.0000000000
160689  6.110  -55.436  -18.109 0.5000000000
160731  8.311  -92.949  -11.094 0.1000000015
160743  17.203  -86.713  -33.301 1.0000000000
160746  17.271  -84.040  -29.833 1.0000000000
160786  16.767  -59.924  -18.085 0.5000000000
160798  16.165  -68.388  -21.655 1.0000000000
160833  11.551  -95.824  -15.081 0.5000000000
160834  28.915  -87.950  -35.834 1.0000000000
160843  9.462  -77.907  -16.324 1.0000000000
160854  4.169  -83.512  -21.799 1.0000000000
160861  29.662  -83.009  -38.509 0.1000000015
160877  5.288  -89.620  -27.721 1.0000000000
160889  2.064  -88.933  -31.832 1.0000000000
160901  9.142  -84.132  -28.368 1.0000000000
160904  4.636  -74.148  -16.203 0.3000000119
160961  7.504  -96.596  -28.161 0.8999999762
161000  11.872  -58.754  -20.821 1.0000000000
161105  8.775  -90.795  -27.396 1.0000000000
161124  31.233  -81.418  -43.594 0.1000000015
161129  8.694  -72.091  -9.173 1.0000000000
161132  14.398  -71.561  -12.716 1.0000000000
161139  9.938  -65.015  -13.886 0.8999999762
161177  30.849  -91.840  -38.023 0.6000000238
161206  2.281  -88.941  -29.254 1.0000000000
161223  31.379  -89.640  -41.621 1.0000000000
161254  10.180  -97.456  -27.500 0.6000000238
161332  10.154  -61.905  -20.686 1.0000000000
161406  11.346  -95.136  -34.924 0.6000000238
161473  8.529  -78.962  -16.277 1.0000000000
161505  8.056  -86.845  -10.127 0.1000000015
161524  5.017  -86.456  -33.544 1.0000000000
161586  0.780  -85.468  -41.197 0.8000000119
161618  9.735  -74.975  -7.410 1.0000000000
161665  9.730  -92.769  -29.870 1.0000000000
161697  15.208  -90.447  -37.600 1.0000000000
161721  24.502  -92.740  -39.444 0.8000000119
161797  11.417  -80.405  -22.679 1.0000000000
161804  2.539  -66.752  -17.873 0.2000000030
161850  6.229  -97.182  -24.366 1.0000000000
161883  4.870  -82.445  -21.039 0.8999999762
161898  24.835  -88.056  -47.003 1.0000000000
161902  4.151  -76.268  -16.373 0.4000000060
161929  15.750  -88.670  -40.154 0.1000000015
161936  0.222  -88.509  -40.668 0.8999999762
161970  17.618  -93.673  -38.815 1.0000000000
161988  15.701  -102.220  -33.540 0.1000000015
162014  33.374  -90.289  -37.841 0.5000000000
162023  12.806  -78.989  -22.581 1.0000000000
162043  9.050  -79.482  -17.211 1.0000000000
162117  8.095  -97.041  -16.324 0.5000000000
162148  19.299  -90.533  -47.509 0.6000000238
162157  13.181  -83.766  -26.012 1.0000000000
162200  2.670  -61.829  -16.678 0.6000000238
162238  5.440  -86.698  -18.076 1.0000000000
162297  0.495  -86.498  -40.948 0.8999999762
162337  4.538  -81.195  -9.782 0.6000000238
162418  22.774  -60.193  -19.004 0.4000000060
162421  10.549  -70.811  -20.057 1.0000000000
162448  10.747  -77.540  -19.488 1.0000000000
162461  3.578  -88.988  -25.965 1.0000000000
162471  9.987  -83.120  -29.433 1.0000000000
162479  3.148  -71.407  -10.203 0.5000000000
162537  2.448  -81.341  -34.460 0.8000000119
162559  1.398  -90.494  -40.450 0.8999999762
162636  4.066  -86.037  -43.092 0.4000000060
162680  12.208  -51.588  -20.772 0.3000000119
162693  9.590  -87.363  -36.075 1.0000000000
162728  20.536  -90.106  -42.805 0.2000000030
162740  14.085  -100.931  -29.700 0.1000000015
162751  7.411  -85.544  -25.248 1.0000000000
162755  25.851  -86.388  -47.786 1.0000000000
162832  6.187  -91.855  -28.607 1.0000000000
162850  20.902  -63.320  -17.310 0.8999999762
162890  21.443  -92.684  -39.487 1.0000000000
162927  3.289  -87.913  -31.090 1.0000000000
162963  7.709  -61.282  -16.017 0.4000000060
162971  6.811  -84.231  -10.566 0.2000000030
163061  29.461  -96.807  -35.222 0.4000000060
163062  4.617  -55.333  -21.498 0.1000000015
163063  5.836  -90.515  -14.995 0.6999999881
163073  3.570  -69.952  -6.754 0.2000000030
163078  24.410  -86.826  -48.177 0.8999999762
163121  15.660  -65.535  -16.054 1.0000000000
163151  18.725  -90.796  -32.712 1.0000000000
163157  10.133  -101.831  -20.415 0.3000000119
163164  16.480  -60.628  -18.569 0.6999999881
163171  19.291  -94.235  -33.151 1.0000000000
163226  24.001  -85.676  -32.252 1.0000000000
163244  9.248  -97.075  -26.131 0.6999999881
163245  7.113  -91.031  -13.771 0.5000000000
163340  18.866  -92.267  -46.468 1.0000000000
163457  28.182  -98.334  -31.670 0.1000000015
163465  23.423  -90.572  -44.739 1.0000000000
163473  8.808  -84.335  -17.534 1.0000000000
163481  22.259  -93.867  -38.071 0.8999999762
163575  27.365  -61.660  -21.692 0.8999999762
163642  20.236  -83.884  -30.046 1.0000000000
163664  8.024  -93.041  -35.154 1.0000000000
163677  11.055  -84.984  -24.367 1.0000000000
163687  8.042  -75.198  -13.809 0.8999999762
163733  3.041  -85.016  -29.739 1.0000000000
163763  6.001  -90.626  -18.230 1.0000000000
163811  3.512  -83.480  -44.962 0.2000000030
163846  10.014  -69.124  -20.329 1.0000000000
163977  4.711  -86.810  -44.275 0.6000000238
164005  2.163  -85.310  -32.551 1.0000000000
164108  6.102  -69.358  -19.122 0.1000000015
164116  5.326  -58.972  -17.054 0.6000000238
164166  11.751  -74.206  -19.179 1.0000000000
164254  19.459  -95.139  -33.511 1.0000000000
164275  20.456  -90.458  -47.606 0.8999999762
164313  11.665  -94.568  -13.033 0.3000000119
164425  15.757  -68.290  -13.904 1.0000000000
164430  13.775  -93.451  -44.450 1.0000000000
164443  17.576  -73.502  -15.860 1.0000000000
164451  19.358  -86.943  -29.297 1.0000000000
164463  5.867  -93.611  -18.048 1.0000000000
164469  11.589  -96.932  -39.256 0.8999999762
164491  8.331  -99.540  -21.796 1.0000000000
164493  5.797  -83.680  -35.523 1.0000000000
164517  13.445  -90.848  -19.503 1.0000000000
164544  7.157  -84.625  -43.386 0.1000000015
164577  21.946  -84.528  -31.890 1.0000000000
164579  11.358  -83.557  -27.540 1.0000000000
164663  10.523  -101.138  -27.179 0.1000000015
164667  20.182  -53.997  -19.309 0.1000000015
164689  2.778  -63.541  -16.823 0.5000000000
164744  9.541  -81.788  -27.770 1.0000000000
164769  6.865  -93.981  -34.191 1.0000000000
164781  16.192  -96.882  -36.250 0.8999999762
164850  13.979  -92.098  -40.613 1.0000000000
164864  20.443  -95.001  -44.196 1.0000000000
164884  8.874  -90.220  -17.278 1.0000000000
164935  9.559  -100.597  -22.997 0.8000000119
164963  21.527  -88.343  -30.511 1.0000000000
164964  12.957  -49.867  -21.229 0.2000000030
