
Sun Mar  8 19:43:21 CET 2026
cd /out/sourcedata/freesurfer/sub-v1s14x0051562_ses-1
setenv SUBJECTS_DIR /out/sourcedata/freesurfer
/opt/freesurfer/bin/recon-all -autorecon-hemi rh -noparcstats -noparcstats2 -noparcstats3 -nohyporelabel -nobalabels -rh-only -openmp 16 -subjid sub-v1s14x0051562_ses-1 -sd /out/sourcedata/freesurfer

subjid sub-v1s14x0051562_ses-1
setenv SUBJECTS_DIR /out/sourcedata/freesurfer
FREESURFER_HOME /opt/freesurfer
Actual FREESURFER_HOME /opt/freesurfer
build-stamp.txt: freesurfer-linux-ubuntu22_x86_64-7.3.2-20220804-6354275
Linux dna056 5.14.0-427.37.1.el9_4.x86_64 #1 SMP PREEMPT_DYNAMIC Fri Sep 13 12:41:50 EDT 2024 x86_64 x86_64 x86_64 GNU/Linux
cputime      unlimited
filesize     unlimited
datasize     unlimited
stacksize    8192 kbytes
coredumpsize 0 kbytes
memoryuse    67108864 kbytes
vmemoryuse   unlimited
descriptors  1024 
memorylocked unlimited
maxproc      2061970 
maxlocks     unlimited
maxsignal    2061970 
maxmessage   819200 
maxnice      0 
maxrtprio    0 
maxrttime    unlimited

               total        used        free      shared  buff/cache   available
Mem:           503Gi        47Gi       431Gi       9.3Gi        24Gi       443Gi
Swap:             0B          0B          0B

########################################
program versions used
7.3.2 (freesurfer-linux-ubuntu22_x86_64-7.3.2-20220804-6354275)
7.3.2

ProgramName: lta_convert  ProgramArguments: lta_convert -all-info  ProgramVersion: 7.3.2  TimeStamp: 2026/03/08-18:43:21-GMT  BuildTime: Aug  4 2022 06:17:15  BuildStamp: freesurfer-linux-ubuntu22_x86_64-7.3.2-20220804-6354275  User: oesteban  Machine: dna056  Platform: Linux  PlatformVersion: 5.14.0-427.37.1.el9_4.x86_64  CompilerName: GCC  CompilerVersion: 8.4.0
ProgramName: mri_and  ProgramArguments: mri_and -all-info  ProgramVersion: 7.3.2  TimeStamp: 2026/03/08-18:43:21-GMT  BuildTime: Aug  4 2022 06:17:15  BuildStamp: freesurfer-linux-ubuntu22_x86_64-7.3.2-20220804-6354275  User: oesteban  Machine: dna056  Platform: Linux  PlatformVersion: 5.14.0-427.37.1.el9_4.x86_64  CompilerName: GCC  CompilerVersion: 8.4.0
ProgramName: mri_annotation2label  ProgramArguments: mri_annotation2label -all-info  ProgramVersion: 7.3.2  TimeStamp: 2026/03/08-18:43:21-GMT  BuildTime: Aug  4 2022 06:17:15  BuildStamp: freesurfer-linux-ubuntu22_x86_64-7.3.2-20220804-6354275  User: oesteban  Machine: dna056  Platform: Linux  PlatformVersion: 5.14.0-427.37.1.el9_4.x86_64  CompilerName: GCC  CompilerVersion: 8.4.0
ProgramName: mri_aparc2aseg  ProgramArguments: mri_aparc2aseg -all-info  ProgramVersion: 7.3.2  TimeStamp: 2026/03/08-18:43:21-GMT  BuildTime: Aug  4 2022 06:17:15  BuildStamp: freesurfer-linux-ubuntu22_x86_64-7.3.2-20220804-6354275  User: oesteban  Machine: dna056  Platform: Linux  PlatformVersion: 5.14.0-427.37.1.el9_4.x86_64  CompilerName: GCC  CompilerVersion: 8.4.0
ProgramName: mri_surf2volseg  ProgramArguments: mri_surf2volseg -all-info  ProgramVersion: 7.3.2  TimeStamp: 2026/03/08-18:43:21-GMT  BuildTime: Aug  4 2022 06:17:15  BuildStamp: freesurfer-linux-ubuntu22_x86_64-7.3.2-20220804-6354275  User: oesteban  Machine: dna056  Platform: Linux  PlatformVersion: 5.14.0-427.37.1.el9_4.x86_64  CompilerName: GCC  CompilerVersion: 8.4.0
ProgramName: mri_binarize  ProgramArguments: mri_binarize -all-info  ProgramVersion: 7.3.2  TimeStamp: 2026/03/08-18:43:21-GMT  BuildTime: Aug  4 2022 06:17:15  BuildStamp: freesurfer-linux-ubuntu22_x86_64-7.3.2-20220804-6354275  User: oesteban  Machine: dna056  Platform: Linux  PlatformVersion: 5.14.0-427.37.1.el9_4.x86_64  CompilerName: GCC  CompilerVersion: 8.4.0
ProgramName: mri_ca_label  ProgramArguments: mri_ca_label -all-info  ProgramVersion: 7.3.2  TimeStamp: 2026/03/08-18:43:21-GMT  BuildTime: Aug  4 2022 06:17:15  BuildStamp: freesurfer-linux-ubuntu22_x86_64-7.3.2-20220804-6354275  User: oesteban  Machine: dna056  Platform: Linux  PlatformVersion: 5.14.0-427.37.1.el9_4.x86_64  CompilerName: GCC  CompilerVersion: 8.4.0
ProgramName: mri_ca_normalize  ProgramArguments: mri_ca_normalize -all-info  ProgramVersion: 7.3.2  TimeStamp: 2026/03/08-18:43:21-GMT  BuildTime: Aug  4 2022 06:17:15  BuildStamp: freesurfer-linux-ubuntu22_x86_64-7.3.2-20220804-6354275  User: oesteban  Machine: dna056  Platform: Linux  PlatformVersion: 5.14.0-427.37.1.el9_4.x86_64  CompilerName: GCC  CompilerVersion: 8.4.0
ProgramName: mri_ca_register  ProgramArguments: mri_ca_register -all-info  ProgramVersion: 7.3.2  TimeStamp: 2026/03/08-18:43:21-GMT  BuildTime: Aug  4 2022 06:17:15  BuildStamp: freesurfer-linux-ubuntu22_x86_64-7.3.2-20220804-6354275  User: oesteban  Machine: dna056  Platform: Linux  PlatformVersion: 5.14.0-427.37.1.el9_4.x86_64  CompilerName: GCC  CompilerVersion: 8.4.0
ProgramName: mri_cc  ProgramArguments: mri_cc -all-info  ProgramVersion: 7.3.2  TimeStamp: 2026/03/08-18:43:21-GMT  BuildTime: Aug  4 2022 06:17:15  BuildStamp: freesurfer-linux-ubuntu22_x86_64-7.3.2-20220804-6354275  User: oesteban  Machine: dna056  Platform: Linux  PlatformVersion: 5.14.0-427.37.1.el9_4.x86_64  CompilerName: GCC  CompilerVersion: 8.4.0
ProgramName: mri_compute_overlap  ProgramArguments: mri_compute_overlap -all-info  ProgramVersion: 7.3.2  TimeStamp: 2026/03/08-18:43:21-GMT  BuildTime: Aug  4 2022 06:17:15  BuildStamp: freesurfer-linux-ubuntu22_x86_64-7.3.2-20220804-6354275  User: oesteban  Machine: dna056  Platform: Linux  PlatformVersion: 5.14.0-427.37.1.el9_4.x86_64  CompilerName: GCC  CompilerVersion: 8.4.0
ProgramName: mri_compute_seg_overlap  ProgramArguments: mri_compute_seg_overlap -all-info  ProgramVersion: 7.3.2  TimeStamp: 2026/03/08-18:43:21-GMT  BuildTime: Aug  4 2022 06:17:15  BuildStamp: freesurfer-linux-ubuntu22_x86_64-7.3.2-20220804-6354275  User: oesteban  Machine: dna056  Platform: Linux  PlatformVersion: 5.14.0-427.37.1.el9_4.x86_64  CompilerName: GCC  CompilerVersion: 8.4.0
ProgramName: mri_concat  ProgramArguments: mri_concat -all-info  ProgramVersion: 7.3.2  TimeStamp: 2026/03/08-18:43:21-GMT  BuildTime: Aug  4 2022 06:17:15  BuildStamp: freesurfer-linux-ubuntu22_x86_64-7.3.2-20220804-6354275  User: oesteban  Machine: dna056  Platform: Linux  PlatformVersion: 5.14.0-427.37.1.el9_4.x86_64  CompilerName: GCC  CompilerVersion: 8.4.0
ProgramName: mri_concatenate_lta  ProgramArguments: mri_concatenate_lta -all-info  ProgramVersion: 7.3.2  TimeStamp: 2026/03/08-18:43:21-GMT  BuildTime: Aug  4 2022 06:17:15  BuildStamp: freesurfer-linux-ubuntu22_x86_64-7.3.2-20220804-6354275  User: oesteban  Machine: dna056  Platform: Linux  PlatformVersion: 5.14.0-427.37.1.el9_4.x86_64  CompilerName: GCC  CompilerVersion: 8.4.0
mri_convert -all-info 
ProgramName: mri_convert  ProgramArguments: mri_convert -all-info  ProgramVersion: 7.3.2  TimeStamp: 2026/03/08-18:43:21-GMT  BuildTime: Aug  4 2022 06:17:15  BuildStamp: freesurfer-linux-ubuntu22_x86_64-7.3.2-20220804-6354275  User: oesteban  Machine: dna056  Platform: Linux  PlatformVersion: 5.14.0-427.37.1.el9_4.x86_64  CompilerName: GCC  CompilerVersion: 8.4.0
ProgramName: mri_diff  ProgramArguments: mri_diff -all-info  ProgramVersion: 7.3.2  TimeStamp: 2026/03/08-18:43:21-GMT  BuildTime: Aug  4 2022 06:17:15  BuildStamp: freesurfer-linux-ubuntu22_x86_64-7.3.2-20220804-6354275  User: oesteban  Machine: dna056  Platform: Linux  PlatformVersion: 5.14.0-427.37.1.el9_4.x86_64  CompilerName: GCC  CompilerVersion: 8.4.0
ProgramName: mri_edit_wm_with_aseg  ProgramArguments: mri_edit_wm_with_aseg -all-info  ProgramVersion: 7.3.2  TimeStamp: 2026/03/08-18:43:21-GMT  BuildTime: Aug  4 2022 06:17:15  BuildStamp: freesurfer-linux-ubuntu22_x86_64-7.3.2-20220804-6354275  User: oesteban  Machine: dna056  Platform: Linux  PlatformVersion: 5.14.0-427.37.1.el9_4.x86_64  CompilerName: GCC  CompilerVersion: 8.4.0
ProgramName: mri_em_register  ProgramArguments: mri_em_register -all-info  ProgramVersion: 7.3.2  TimeStamp: 2026/03/08-18:43:21-GMT  BuildTime: Aug  4 2022 06:17:15  BuildStamp: freesurfer-linux-ubuntu22_x86_64-7.3.2-20220804-6354275  User: oesteban  Machine: dna056  Platform: Linux  PlatformVersion: 5.14.0-427.37.1.el9_4.x86_64  CompilerName: GCC  CompilerVersion: 8.4.0
ProgramName: mri_fill  ProgramArguments: mri_fill -all-info  ProgramVersion: 7.3.2  TimeStamp: 2026/03/08-18:43:21-GMT  BuildTime: Aug  4 2022 06:17:15  BuildStamp: freesurfer-linux-ubuntu22_x86_64-7.3.2-20220804-6354275  User: oesteban  Machine: dna056  Platform: Linux  PlatformVersion: 5.14.0-427.37.1.el9_4.x86_64  CompilerName: GCC  CompilerVersion: 8.4.0
ProgramName: mri_fuse_segmentations  ProgramArguments: mri_fuse_segmentations -all-info  ProgramVersion: 7.3.2  TimeStamp: 2026/03/08-18:43:21-GMT  BuildTime: Aug  4 2022 06:17:15  BuildStamp: freesurfer-linux-ubuntu22_x86_64-7.3.2-20220804-6354275  User: oesteban  Machine: dna056  Platform: Linux  PlatformVersion: 5.14.0-427.37.1.el9_4.x86_64  CompilerName: GCC  CompilerVersion: 8.4.0
ProgramName: mri_fwhm  ProgramArguments: mri_fwhm -all-info  ProgramVersion: 7.3.2  TimeStamp: 2026/03/08-18:43:21-GMT  BuildTime: Aug  4 2022 06:17:15  BuildStamp: freesurfer-linux-ubuntu22_x86_64-7.3.2-20220804-6354275  User: oesteban  Machine: dna056  Platform: Linux  PlatformVersion: 5.14.0-427.37.1.el9_4.x86_64  CompilerName: GCC  CompilerVersion: 8.4.0
ProgramName: mri_gcut  ProgramArguments: mri_gcut -all-info  ProgramVersion: 7.3.2  TimeStamp: 2026/03/08-18:43:21-GMT  BuildTime: Aug  4 2022 06:17:15  BuildStamp: freesurfer-linux-ubuntu22_x86_64-7.3.2-20220804-6354275  User: oesteban  Machine: dna056  Platform: Linux  PlatformVersion: 5.14.0-427.37.1.el9_4.x86_64  CompilerName: GCC  CompilerVersion: 8.4.0
ProgramName: mri_info  ProgramArguments: mri_info -all-info  ProgramVersion: 7.3.2  TimeStamp: 2026/03/08-18:43:21-GMT  BuildTime: Aug  4 2022 06:17:15  BuildStamp: freesurfer-linux-ubuntu22_x86_64-7.3.2-20220804-6354275  User: oesteban  Machine: dna056  Platform: Linux  PlatformVersion: 5.14.0-427.37.1.el9_4.x86_64  CompilerName: GCC  CompilerVersion: 8.4.0
ProgramName: mri_label2label  ProgramArguments: mri_label2label -all-info  ProgramVersion: 7.3.2  TimeStamp: 2026/03/08-18:43:21-GMT  BuildTime: Aug  4 2022 06:17:15  BuildStamp: freesurfer-linux-ubuntu22_x86_64-7.3.2-20220804-6354275  User: oesteban  Machine: dna056  Platform: Linux  PlatformVersion: 5.14.0-427.37.1.el9_4.x86_64  CompilerName: GCC  CompilerVersion: 8.4.0
ProgramName: mri_label2vol  ProgramArguments: mri_label2vol -all-info  ProgramVersion: 7.3.2  TimeStamp: 2026/03/08-18:43:21-GMT  BuildTime: Aug  4 2022 06:17:15  BuildStamp: freesurfer-linux-ubuntu22_x86_64-7.3.2-20220804-6354275  User: oesteban  Machine: dna056  Platform: Linux  PlatformVersion: 5.14.0-427.37.1.el9_4.x86_64  CompilerName: GCC  CompilerVersion: 8.4.0
ProgramName: mri_log_likelihood  ProgramArguments: mri_log_likelihood -all-info  ProgramVersion: 7.3.2  TimeStamp: 2026/03/08-18:43:21-GMT  BuildTime: Aug  4 2022 06:17:15  BuildStamp: freesurfer-linux-ubuntu22_x86_64-7.3.2-20220804-6354275  User: oesteban  Machine: dna056  Platform: Linux  PlatformVersion: 5.14.0-427.37.1.el9_4.x86_64  CompilerName: GCC  CompilerVersion: 8.4.0
ProgramName: mri_mask  ProgramArguments: mri_mask -all-info  ProgramVersion: 7.3.2  TimeStamp: 2026/03/08-18:43:21-GMT  BuildTime: Aug  4 2022 06:17:15  BuildStamp: freesurfer-linux-ubuntu22_x86_64-7.3.2-20220804-6354275  User: oesteban  Machine: dna056  Platform: Linux  PlatformVersion: 5.14.0-427.37.1.el9_4.x86_64  CompilerName: GCC  CompilerVersion: 8.4.0
ProgramName: mri_matrix_multiply  ProgramArguments: mri_matrix_multiply -all-info  ProgramVersion: 7.3.2  TimeStamp: 2026/03/08-18:43:21-GMT  BuildTime: Aug  4 2022 06:17:15  BuildStamp: freesurfer-linux-ubuntu22_x86_64-7.3.2-20220804-6354275  User: oesteban  Machine: dna056  Platform: Linux  PlatformVersion: 5.14.0-427.37.1.el9_4.x86_64  CompilerName: GCC  CompilerVersion: 8.4.0
ProgramName: mri_normalize  ProgramArguments: mri_normalize -all-info  ProgramVersion: 7.3.2  TimeStamp: 2026/03/08-18:43:21-GMT  BuildTime: Aug  4 2022 06:17:15  BuildStamp: freesurfer-linux-ubuntu22_x86_64-7.3.2-20220804-6354275  User: oesteban  Machine: dna056  Platform: Linux  PlatformVersion: 5.14.0-427.37.1.el9_4.x86_64  CompilerName: GCC  CompilerVersion: 8.4.0
ProgramName: mri_normalize_tp2  ProgramArguments: mri_normalize_tp2 -all-info  ProgramVersion: 7.3.2  TimeStamp: 2026/03/08-18:43:21-GMT  BuildTime: Aug  4 2022 06:17:15  BuildStamp: freesurfer-linux-ubuntu22_x86_64-7.3.2-20220804-6354275  User: oesteban  Machine: dna056  Platform: Linux  PlatformVersion: 5.14.0-427.37.1.el9_4.x86_64  CompilerName: GCC  CompilerVersion: 8.4.0
ProgramName: mri_or  ProgramArguments: mri_or -all-info  ProgramVersion: 7.3.2  TimeStamp: 2026/03/08-18:43:21-GMT  BuildTime: Aug  4 2022 06:17:15  BuildStamp: freesurfer-linux-ubuntu22_x86_64-7.3.2-20220804-6354275  User: oesteban  Machine: dna056  Platform: Linux  PlatformVersion: 5.14.0-427.37.1.el9_4.x86_64  CompilerName: GCC  CompilerVersion: 8.4.0
ProgramName: mri_relabel_hypointensities  ProgramArguments: mri_relabel_hypointensities -all-info  ProgramVersion: 7.3.2  TimeStamp: 2026/03/08-18:43:21-GMT  BuildTime: Aug  4 2022 06:17:15  BuildStamp: freesurfer-linux-ubuntu22_x86_64-7.3.2-20220804-6354275  User: oesteban  Machine: dna056  Platform: Linux  PlatformVersion: 5.14.0-427.37.1.el9_4.x86_64  CompilerName: GCC  CompilerVersion: 8.4.0
ProgramName: mri_relabel_nonwm_hypos  ProgramArguments: mri_relabel_nonwm_hypos -all-info  ProgramVersion: 7.3.2  TimeStamp: 2026/03/08-18:43:21-GMT  BuildTime: Aug  4 2022 06:17:15  BuildStamp: freesurfer-linux-ubuntu22_x86_64-7.3.2-20220804-6354275  User: oesteban  Machine: dna056  Platform: Linux  PlatformVersion: 5.14.0-427.37.1.el9_4.x86_64  CompilerName: GCC  CompilerVersion: 8.4.0
ProgramName: mri_remove_neck  ProgramArguments: mri_remove_neck -all-info  ProgramVersion: 7.3.2  TimeStamp: 2026/03/08-18:43:21-GMT  BuildTime: Aug  4 2022 06:17:15  BuildStamp: freesurfer-linux-ubuntu22_x86_64-7.3.2-20220804-6354275  User: oesteban  Machine: dna056  Platform: Linux  PlatformVersion: 5.14.0-427.37.1.el9_4.x86_64  CompilerName: GCC  CompilerVersion: 8.4.0
7.3.2

ProgramName: mri_robust_register  ProgramArguments: mri_robust_register -all-info  ProgramVersion: 7.3.2  TimeStamp: 2026/03/08-18:43:21-GMT  BuildTime: Aug  4 2022 06:17:15  BuildStamp: freesurfer-linux-ubuntu22_x86_64-7.3.2-20220804-6354275  User: oesteban  Machine: dna056  Platform: Linux  PlatformVersion: 5.14.0-427.37.1.el9_4.x86_64  CompilerName: GCC  CompilerVersion: 8.4.0
7.3.2

ProgramName: mri_robust_template  ProgramArguments: mri_robust_template -all-info  ProgramVersion: 7.3.2  TimeStamp: 2026/03/08-18:43:21-GMT  BuildTime: Aug  4 2022 06:17:15  BuildStamp: freesurfer-linux-ubuntu22_x86_64-7.3.2-20220804-6354275  User: oesteban  Machine: dna056  Platform: Linux  PlatformVersion: 5.14.0-427.37.1.el9_4.x86_64  CompilerName: GCC  CompilerVersion: 8.4.0
ProgramName: mris_anatomical_stats  ProgramArguments: mris_anatomical_stats -all-info  ProgramVersion: 7.3.2  TimeStamp: 2026/03/08-18:43:21-GMT  BuildTime: Aug  4 2022 06:17:15  BuildStamp: freesurfer-linux-ubuntu22_x86_64-7.3.2-20220804-6354275  User: oesteban  Machine: dna056  Platform: Linux  PlatformVersion: 5.14.0-427.37.1.el9_4.x86_64  CompilerName: GCC  CompilerVersion: 8.4.0
ProgramName: mris_ca_label  ProgramArguments: mris_ca_label -all-info  ProgramVersion: 7.3.2  TimeStamp: 2026/03/08-18:43:21-GMT  BuildTime: Aug  4 2022 06:17:15  BuildStamp: freesurfer-linux-ubuntu22_x86_64-7.3.2-20220804-6354275  User: oesteban  Machine: dna056  Platform: Linux  PlatformVersion: 5.14.0-427.37.1.el9_4.x86_64  CompilerName: GCC  CompilerVersion: 8.4.0
ProgramName: mris_calc  ProgramArguments: mris_calc -all-info  ProgramVersion: 7.3.2  TimeStamp: 2026/03/08-18:43:21-GMT  BuildTime: Aug  4 2022 06:17:15  BuildStamp: freesurfer-linux-ubuntu22_x86_64-7.3.2-20220804-6354275  User: oesteban  Machine: dna056  Platform: Linux  PlatformVersion: 5.14.0-427.37.1.el9_4.x86_64  CompilerName: GCC  CompilerVersion: 8.4.0
ProgramName: mris_convert  ProgramArguments: mris_convert -all-info  ProgramVersion: 7.3.2  TimeStamp: 2026/03/08-18:43:21-GMT  BuildTime: Aug  4 2022 06:17:15  BuildStamp: freesurfer-linux-ubuntu22_x86_64-7.3.2-20220804-6354275  User: oesteban  Machine: dna056  Platform: Linux  PlatformVersion: 5.14.0-427.37.1.el9_4.x86_64  CompilerName: GCC  CompilerVersion: 8.4.0
ProgramName: mris_curvature  ProgramArguments: mris_curvature -all-info  ProgramVersion: 7.3.2  TimeStamp: 2026/03/08-18:43:21-GMT  BuildTime: Aug  4 2022 06:17:15  BuildStamp: freesurfer-linux-ubuntu22_x86_64-7.3.2-20220804-6354275  User: oesteban  Machine: dna056  Platform: Linux  PlatformVersion: 5.14.0-427.37.1.el9_4.x86_64  CompilerName: GCC  CompilerVersion: 8.4.0
ProgramName: mris_curvature_stats  ProgramArguments: mris_curvature_stats -all-info  ProgramVersion: 7.3.2  TimeStamp: 2026/03/08-18:43:21-GMT  BuildTime: Aug  4 2022 06:17:15  BuildStamp: freesurfer-linux-ubuntu22_x86_64-7.3.2-20220804-6354275  User: oesteban  Machine: dna056  Platform: Linux  PlatformVersion: 5.14.0-427.37.1.el9_4.x86_64  CompilerName: GCC  CompilerVersion: 8.4.0
ProgramName: mris_diff  ProgramArguments: mris_diff -all-info  ProgramVersion: 7.3.2  TimeStamp: 2026/03/08-18:43:21-GMT  BuildTime: Aug  4 2022 06:17:15  BuildStamp: freesurfer-linux-ubuntu22_x86_64-7.3.2-20220804-6354275  User: oesteban  Machine: dna056  Platform: Linux  PlatformVersion: 5.14.0-427.37.1.el9_4.x86_64  CompilerName: GCC  CompilerVersion: 8.4.0
ProgramName: mris_divide_parcellation  ProgramArguments: mris_divide_parcellation -all-info  ProgramVersion: 7.3.2  TimeStamp: 2026/03/08-18:43:21-GMT  BuildTime: Aug  4 2022 06:17:15  BuildStamp: freesurfer-linux-ubuntu22_x86_64-7.3.2-20220804-6354275  User: oesteban  Machine: dna056  Platform: Linux  PlatformVersion: 5.14.0-427.37.1.el9_4.x86_64  CompilerName: GCC  CompilerVersion: 8.4.0
ProgramName: mri_segment  ProgramArguments: mri_segment -all-info  ProgramVersion: 7.3.2  TimeStamp: 2026/03/08-18:43:21-GMT  BuildTime: Aug  4 2022 06:17:15  BuildStamp: freesurfer-linux-ubuntu22_x86_64-7.3.2-20220804-6354275  User: oesteban  Machine: dna056  Platform: Linux  PlatformVersion: 5.14.0-427.37.1.el9_4.x86_64  CompilerName: GCC  CompilerVersion: 8.4.0
ProgramName: mri_segstats  ProgramArguments: mri_segstats -all-info  ProgramVersion: 7.3.2  TimeStamp: 2026/03/08-18:43:21-GMT  BuildTime: Aug  4 2022 06:17:15  BuildStamp: freesurfer-linux-ubuntu22_x86_64-7.3.2-20220804-6354275  User: oesteban  Machine: dna056  Platform: Linux  PlatformVersion: 5.14.0-427.37.1.el9_4.x86_64  CompilerName: GCC  CompilerVersion: 8.4.0
ProgramName: mris_euler_number  ProgramArguments: mris_euler_number -all-info  ProgramVersion: 7.3.2  TimeStamp: 2026/03/08-18:43:21-GMT  BuildTime: Aug  4 2022 06:17:15  BuildStamp: freesurfer-linux-ubuntu22_x86_64-7.3.2-20220804-6354275  User: oesteban  Machine: dna056  Platform: Linux  PlatformVersion: 5.14.0-427.37.1.el9_4.x86_64  CompilerName: GCC  CompilerVersion: 8.4.0
ProgramName: mris_fix_topology  ProgramArguments: mris_fix_topology -all-info  ProgramVersion: 7.3.2  TimeStamp: 2026/03/08-18:43:21-GMT  BuildTime: Aug  4 2022 06:17:15  BuildStamp: freesurfer-linux-ubuntu22_x86_64-7.3.2-20220804-6354275  User: oesteban  Machine: dna056  Platform: Linux  PlatformVersion: 5.14.0-427.37.1.el9_4.x86_64  CompilerName: GCC  CompilerVersion: 8.4.0
ProgramName: mris_topo_fixer  ProgramArguments: mris_topo_fixer -all-info  ProgramVersion: 7.3.2  TimeStamp: 2026/03/08-18:43:21-GMT  BuildTime: Aug  4 2022 06:17:15  BuildStamp: freesurfer-linux-ubuntu22_x86_64-7.3.2-20220804-6354275  User: oesteban  Machine: dna056  Platform: Linux  PlatformVersion: 5.14.0-427.37.1.el9_4.x86_64  CompilerName: GCC  CompilerVersion: 8.4.0
ProgramName: mris_jacobian  ProgramArguments: mris_jacobian -all-info  ProgramVersion: 7.3.2  TimeStamp: 2026/03/08-18:43:21-GMT  BuildTime: Aug  4 2022 06:17:15  BuildStamp: freesurfer-linux-ubuntu22_x86_64-7.3.2-20220804-6354275  User: oesteban  Machine: dna056  Platform: Linux  PlatformVersion: 5.14.0-427.37.1.el9_4.x86_64  CompilerName: GCC  CompilerVersion: 8.4.0
ProgramName: mris_label2annot  ProgramArguments: mris_label2annot -all-info  ProgramVersion: 7.3.2  TimeStamp: 2026/03/08-18:43:21-GMT  BuildTime: Aug  4 2022 06:17:15  BuildStamp: freesurfer-linux-ubuntu22_x86_64-7.3.2-20220804-6354275  User: oesteban  Machine: dna056  Platform: Linux  PlatformVersion: 5.14.0-427.37.1.el9_4.x86_64  CompilerName: GCC  CompilerVersion: 8.4.0
ProgramName: mris_left_right_register  ProgramArguments: mris_left_right_register -all-info  ProgramVersion: 7.3.2  TimeStamp: 2026/03/08-18:43:21-GMT  BuildTime: Aug  4 2022 06:17:15  BuildStamp: freesurfer-linux-ubuntu22_x86_64-7.3.2-20220804-6354275  User: oesteban  Machine: dna056  Platform: Linux  PlatformVersion: 5.14.0-427.37.1.el9_4.x86_64  CompilerName: GCC  CompilerVersion: 8.4.0
ProgramName: mris_place_surface  ProgramArguments: mris_place_surface -all-info  ProgramVersion: 7.3.2  TimeStamp: 2026/03/08-18:43:21-GMT  BuildTime: Aug  4 2022 06:17:15  BuildStamp: freesurfer-linux-ubuntu22_x86_64-7.3.2-20220804-6354275  User: oesteban  Machine: dna056  Platform: Linux  PlatformVersion: 5.14.0-427.37.1.el9_4.x86_64  CompilerName: GCC  CompilerVersion: 8.4.0
ProgramName: mrisp_paint  ProgramArguments: mrisp_paint -all-info  ProgramVersion: 7.3.2  TimeStamp: 2026/03/08-18:43:21-GMT  BuildTime: Aug  4 2022 06:17:15  BuildStamp: freesurfer-linux-ubuntu22_x86_64-7.3.2-20220804-6354275  User: oesteban  Machine: dna056  Platform: Linux  PlatformVersion: 5.14.0-427.37.1.el9_4.x86_64  CompilerName: GCC  CompilerVersion: 8.4.0
ProgramName: mris_register  ProgramArguments: mris_register -all-info  ProgramVersion: 7.3.2  TimeStamp: 2026/03/08-18:43:21-GMT  BuildTime: Aug  4 2022 06:17:15  BuildStamp: freesurfer-linux-ubuntu22_x86_64-7.3.2-20220804-6354275  User: oesteban  Machine: dna056  Platform: Linux  PlatformVersion: 5.14.0-427.37.1.el9_4.x86_64  CompilerName: GCC  CompilerVersion: 8.4.0
ProgramName: mris_smooth  ProgramArguments: mris_smooth -all-info  ProgramVersion: 7.3.2  TimeStamp: 2026/03/08-18:43:21-GMT  BuildTime: Aug  4 2022 06:17:15  BuildStamp: freesurfer-linux-ubuntu22_x86_64-7.3.2-20220804-6354275  User: oesteban  Machine: dna056  Platform: Linux  PlatformVersion: 5.14.0-427.37.1.el9_4.x86_64  CompilerName: GCC  CompilerVersion: 8.4.0
ProgramName: mris_sphere  ProgramArguments: mris_sphere -all-info  ProgramVersion: 7.3.2  TimeStamp: 2026/03/08-18:43:21-GMT  BuildTime: Aug  4 2022 06:17:15  BuildStamp: freesurfer-linux-ubuntu22_x86_64-7.3.2-20220804-6354275  User: oesteban  Machine: dna056  Platform: Linux  PlatformVersion: 5.14.0-427.37.1.el9_4.x86_64  CompilerName: GCC  CompilerVersion: 8.4.0
ProgramName: mris_surface_stats  ProgramArguments: mris_surface_stats -all-info  ProgramVersion: 7.3.2  TimeStamp: 2026/03/08-18:43:21-GMT  BuildTime: Aug  4 2022 06:17:15  BuildStamp: freesurfer-linux-ubuntu22_x86_64-7.3.2-20220804-6354275  User: oesteban  Machine: dna056  Platform: Linux  PlatformVersion: 5.14.0-427.37.1.el9_4.x86_64  CompilerName: GCC  CompilerVersion: 8.4.0
ProgramName: mri_stats2seg  ProgramArguments: mri_stats2seg -all-info  ProgramVersion: 7.3.2  TimeStamp: 2026/03/08-18:43:21-GMT  BuildTime: Aug  4 2022 06:17:15  BuildStamp: freesurfer-linux-ubuntu22_x86_64-7.3.2-20220804-6354275  User: oesteban  Machine: dna056  Platform: Linux  PlatformVersion: 5.14.0-427.37.1.el9_4.x86_64  CompilerName: GCC  CompilerVersion: 8.4.0
ProgramName: mris_thickness  ProgramArguments: mris_thickness -all-info  ProgramVersion: 7.3.2  TimeStamp: 2026/03/08-18:43:21-GMT  BuildTime: Aug  4 2022 06:17:15  BuildStamp: freesurfer-linux-ubuntu22_x86_64-7.3.2-20220804-6354275  User: oesteban  Machine: dna056  Platform: Linux  PlatformVersion: 5.14.0-427.37.1.el9_4.x86_64  CompilerName: GCC  CompilerVersion: 8.4.0
ProgramName: mris_thickness_diff  ProgramArguments: mris_thickness_diff -all-info  ProgramVersion: 7.3.2  TimeStamp: 2026/03/08-18:43:21-GMT  BuildTime: Aug  4 2022 06:17:15  BuildStamp: freesurfer-linux-ubuntu22_x86_64-7.3.2-20220804-6354275  User: oesteban  Machine: dna056  Platform: Linux  PlatformVersion: 5.14.0-427.37.1.el9_4.x86_64  CompilerName: GCC  CompilerVersion: 8.4.0
ProgramName: mris_topo_fixer  ProgramArguments: mris_topo_fixer -all-info  ProgramVersion: 7.3.2  TimeStamp: 2026/03/08-18:43:21-GMT  BuildTime: Aug  4 2022 06:17:15  BuildStamp: freesurfer-linux-ubuntu22_x86_64-7.3.2-20220804-6354275  User: oesteban  Machine: dna056  Platform: Linux  PlatformVersion: 5.14.0-427.37.1.el9_4.x86_64  CompilerName: GCC  CompilerVersion: 8.4.0
ProgramName: mri_surf2surf  ProgramArguments: mri_surf2surf -all-info  ProgramVersion: 7.3.2  TimeStamp: 2026/03/08-18:43:21-GMT  BuildTime: Aug  4 2022 06:17:15  BuildStamp: freesurfer-linux-ubuntu22_x86_64-7.3.2-20220804-6354275  User: oesteban  Machine: dna056  Platform: Linux  PlatformVersion: 5.14.0-427.37.1.el9_4.x86_64  CompilerName: GCC  CompilerVersion: 8.4.0
ProgramName: mri_surf2vol  ProgramArguments: mri_surf2vol -all-info  ProgramVersion: 7.3.2  TimeStamp: 2026/03/08-18:43:21-GMT  BuildTime: Aug  4 2022 06:17:15  BuildStamp: freesurfer-linux-ubuntu22_x86_64-7.3.2-20220804-6354275  User: oesteban  Machine: dna056  Platform: Linux  PlatformVersion: 5.14.0-427.37.1.el9_4.x86_64  CompilerName: GCC  CompilerVersion: 8.4.0
ProgramName: mri_surfcluster  ProgramArguments: mri_surfcluster -all-info  ProgramVersion: 7.3.2  TimeStamp: 2026/03/08-18:43:21-GMT  BuildTime: Aug  4 2022 06:17:15  BuildStamp: freesurfer-linux-ubuntu22_x86_64-7.3.2-20220804-6354275  User: oesteban  Machine: dna056  Platform: Linux  PlatformVersion: 5.14.0-427.37.1.el9_4.x86_64  CompilerName: GCC  CompilerVersion: 8.4.0
ProgramName: mris_volmask  ProgramArguments: mris_volmask -all-info  ProgramVersion: 7.3.2  TimeStamp: 2026/03/08-18:43:21-GMT  BuildTime: Aug  4 2022 06:17:15  BuildStamp: freesurfer-linux-ubuntu22_x86_64-7.3.2-20220804-6354275  User: oesteban  Machine: dna056  Platform: Linux  PlatformVersion: 5.14.0-427.37.1.el9_4.x86_64  CompilerName: GCC  CompilerVersion: 8.4.0
ProgramName: mri_tessellate  ProgramArguments: mri_tessellate -all-info  ProgramVersion: 7.3.2  TimeStamp: 2026/03/08-18:43:21-GMT  BuildTime: Aug  4 2022 06:17:15  BuildStamp: freesurfer-linux-ubuntu22_x86_64-7.3.2-20220804-6354275  User: oesteban  Machine: dna056  Platform: Linux  PlatformVersion: 5.14.0-427.37.1.el9_4.x86_64  CompilerName: GCC  CompilerVersion: 8.4.0
ProgramName: mri_vol2surf  ProgramArguments: mri_vol2surf -all-info  ProgramVersion: 7.3.2  TimeStamp: 2026/03/08-18:43:21-GMT  BuildTime: Aug  4 2022 06:17:15  BuildStamp: freesurfer-linux-ubuntu22_x86_64-7.3.2-20220804-6354275  User: oesteban  Machine: dna056  Platform: Linux  PlatformVersion: 5.14.0-427.37.1.el9_4.x86_64  CompilerName: GCC  CompilerVersion: 8.4.0
ProgramName: mri_vol2vol  ProgramArguments: mri_vol2vol -all-info  ProgramVersion: 7.3.2  TimeStamp: 2026/03/08-18:43:21-GMT  BuildTime: Aug  4 2022 06:17:15  BuildStamp: freesurfer-linux-ubuntu22_x86_64-7.3.2-20220804-6354275  User: oesteban  Machine: dna056  Platform: Linux  PlatformVersion: 5.14.0-427.37.1.el9_4.x86_64  CompilerName: GCC  CompilerVersion: 8.4.0
ProgramName: mri_voldiff  ProgramArguments: mri_voldiff -all-info  ProgramVersion: 7.3.2  TimeStamp: 2026/03/08-18:43:21-GMT  BuildTime: Aug  4 2022 06:17:15  BuildStamp: freesurfer-linux-ubuntu22_x86_64-7.3.2-20220804-6354275  User: oesteban  Machine: dna056  Platform: Linux  PlatformVersion: 5.14.0-427.37.1.el9_4.x86_64  CompilerName: GCC  CompilerVersion: 8.4.0
ProgramName: mri_watershed  ProgramArguments: mri_watershed -all-info  ProgramVersion: 7.3.2  TimeStamp: 2026/03/08-18:43:21-GMT  BuildTime: Aug  4 2022 06:17:15  BuildStamp: freesurfer-linux-ubuntu22_x86_64-7.3.2-20220804-6354275  User: oesteban  Machine: dna056  Platform: Linux  PlatformVersion: 5.14.0-427.37.1.el9_4.x86_64  CompilerName: GCC  CompilerVersion: 8.4.0
ProgramName: tkregister2  ProgramArguments: tkregister2_cmdl -all-info  ProgramVersion: 7.3.2  TimeStamp: 2026/03/08-18:43:21-GMT  BuildTime: Aug  4 2022 06:17:15  BuildStamp: freesurfer-linux-ubuntu22_x86_64-7.3.2-20220804-6354275  User: oesteban  Machine: dna056  Platform: Linux  PlatformVersion: 5.14.0-427.37.1.el9_4.x86_64  CompilerName: GCC  CompilerVersion: 8.4.0
mri_motion_correct.fsl 7.3.2
mri_convert -all-info 
ProgramName: mri_convert  ProgramArguments: mri_convert -all-info  ProgramVersion: 7.3.2  TimeStamp: 2026/03/08-18:43:21-GMT  BuildTime: Aug  4 2022 06:17:15  BuildStamp: freesurfer-linux-ubuntu22_x86_64-7.3.2-20220804-6354275  User: oesteban  Machine: dna056  Platform: Linux  PlatformVersion: 5.14.0-427.37.1.el9_4.x86_64  CompilerName: GCC  CompilerVersion: 8.4.0
Program nu_correct, built from:
Package MNI N3, version 1.12.0, compiled by nicks@terrier (x86_64-unknown-linux-gnu) on 2015-06-19 at 01:25:34
#######################################
GCADIR /opt/freesurfer/average
GCA RB_all_2020-01-02.gca
GCASkull RB_all_withskull_2020_01_02.gca
AvgCurvTif folding.atlas.acfb40.noaparc.i12.2016-08-02.tif
GCSDIR /opt/freesurfer/average
GCS DKaparc.atlas.acfb40.noaparc.i12.2016-08-02.gcs
#######################################
#--------------------------------------------
#@# Tessellate rh Sun Mar  8 19:43:21 CET 2026
/out/sourcedata/freesurfer/sub-v1s14x0051562_ses-1/scripts

 mri_pretess ../mri/filled.mgz 127 ../mri/norm.mgz ../mri/filled-pretess127.mgz 


Iteration Number : 1
pass   1 (xy+):   1 found -   1 modified     |    TOTAL:   1
pass   2 (xy+):   0 found -   1 modified     |    TOTAL:   1
pass   1 (xy-):   1 found -   1 modified     |    TOTAL:   2
pass   2 (xy-):   0 found -   1 modified     |    TOTAL:   2
pass   1 (yz+):   5 found -   5 modified     |    TOTAL:   7
pass   2 (yz+):   0 found -   5 modified     |    TOTAL:   7
pass   1 (yz-):   4 found -   4 modified     |    TOTAL:  11
pass   2 (yz-):   0 found -   4 modified     |    TOTAL:  11
pass   1 (xz+):   1 found -   1 modified     |    TOTAL:  12
pass   2 (xz+):   0 found -   1 modified     |    TOTAL:  12
pass   1 (xz-):   1 found -   1 modified     |    TOTAL:  13
pass   2 (xz-):   0 found -   1 modified     |    TOTAL:  13
Iteration Number : 1
pass   1 (+++):   0 found -   0 modified     |    TOTAL:   0
pass   1 (+++):   0 found -   0 modified     |    TOTAL:   0
pass   1 (+++):   0 found -   0 modified     |    TOTAL:   0
pass   1 (+++):   0 found -   0 modified     |    TOTAL:   0
Iteration Number : 1
pass   1 (++):   0 found -   0 modified     |    TOTAL:   0
pass   1 (+-):   0 found -   0 modified     |    TOTAL:   0
pass   1 (--):   2 found -   2 modified     |    TOTAL:   2
pass   2 (--):   0 found -   2 modified     |    TOTAL:   2
pass   1 (-+):   1 found -   1 modified     |    TOTAL:   3
pass   2 (-+):   0 found -   1 modified     |    TOTAL:   3
Iteration Number : 2
pass   1 (xy+):   0 found -   0 modified     |    TOTAL:   0
pass   1 (xy-):   0 found -   0 modified     |    TOTAL:   0
pass   1 (yz+):   0 found -   0 modified     |    TOTAL:   0
pass   1 (yz-):   0 found -   0 modified     |    TOTAL:   0
pass   1 (xz+):   0 found -   0 modified     |    TOTAL:   0
pass   1 (xz-):   0 found -   0 modified     |    TOTAL:   0
Iteration Number : 2
pass   1 (+++):   0 found -   0 modified     |    TOTAL:   0
pass   1 (+++):   0 found -   0 modified     |    TOTAL:   0
pass   1 (+++):   0 found -   0 modified     |    TOTAL:   0
pass   1 (+++):   0 found -   0 modified     |    TOTAL:   0
Iteration Number : 2
pass   1 (++):   0 found -   0 modified     |    TOTAL:   0
pass   1 (+-):   0 found -   0 modified     |    TOTAL:   0
pass   1 (--):   0 found -   0 modified     |    TOTAL:   0
pass   1 (-+):   0 found -   0 modified     |    TOTAL:   0

Total Number of Modified Voxels = 16 (out of 283146: 0.005651)
Ambiguous edge configurations... 

mri_pretess done


 mri_tessellate ../mri/filled-pretess127.mgz 127 ../surf/rh.orig.nofix 

7.3.2
  7.3.2
slice 50: 11 vertices, 15 faces
slice 60: 4242 vertices, 4504 faces
slice 70: 12664 vertices, 12994 faces
slice 80: 23093 vertices, 23463 faces
slice 90: 34684 vertices, 35051 faces
slice 100: 46233 vertices, 46573 faces
slice 110: 57093 vertices, 57475 faces
slice 120: 68781 vertices, 69184 faces
slice 130: 80163 vertices, 80619 faces
slice 140: 92368 vertices, 92826 faces
slice 150: 104503 vertices, 104914 faces
slice 160: 114437 vertices, 114821 faces
slice 170: 123232 vertices, 123553 faces
slice 180: 130939 vertices, 131234 faces
slice 190: 137110 vertices, 137371 faces
slice 200: 141837 vertices, 141979 faces
slice 210: 142370 vertices, 142426 faces
slice 220: 142370 vertices, 142426 faces
slice 230: 142370 vertices, 142426 faces
slice 240: 142370 vertices, 142426 faces
slice 250: 142370 vertices, 142426 faces
using the conformed surface RAS to save vertex points...
writing ../surf/rh.orig.nofix
using vox2ras matrix:
-1.00000   0.00000   0.00000   128.00000;
 0.00000   0.00000   1.00000  -128.00000;
 0.00000  -1.00000   0.00000   128.00000;
 0.00000   0.00000   0.00000   1.00000;

 rm -f ../mri/filled-pretess127.mgz 


 mris_extract_main_component ../surf/rh.orig.nofix ../surf/rh.orig.nofix 


counting number of connected components...
   142370 voxel in cpt #1: X=-56 [v=142370,e=427278,f=284852] located at (26.730429, -6.281723, -9.310038)
For the whole surface: X=-56 [v=142370,e=427278,f=284852]
One single component has been found
nothing to do
done

#--------------------------------------------
#@# Smooth1 rh Sun Mar  8 19:43:25 CET 2026
/out/sourcedata/freesurfer/sub-v1s14x0051562_ses-1/scripts

 mris_smooth -nw -seed 1234 ../surf/rh.orig.nofix ../surf/rh.smoothwm.nofix 

setting seed for random number generator to 1234
smoothing surface tessellation for 10 iterations...
smoothing complete - recomputing first and second fundamental forms...
#--------------------------------------------
#@# Inflation1 rh Sun Mar  8 19:43:28 CET 2026
/out/sourcedata/freesurfer/sub-v1s14x0051562_ses-1/scripts

 mris_inflate -no-save-sulc ../surf/rh.smoothwm.nofix ../surf/rh.inflated.nofix 

Not saving sulc
Reading ../surf/rh.smoothwm.nofix
avg radius = 46.1 mm, total surface area = 75635 mm^2
step 000: RMS=0.155 (target=0.015)   step 005: RMS=0.118 (target=0.015)   step 010: RMS=0.088 (target=0.015)   step 015: RMS=0.075 (target=0.015)   step 020: RMS=0.066 (target=0.015)   step 025: RMS=0.061 (target=0.015)   step 030: RMS=0.056 (target=0.015)   step 035: RMS=0.054 (target=0.015)   step 040: RMS=0.051 (target=0.015)   step 045: RMS=0.049 (target=0.015)   step 050: RMS=0.047 (target=0.015)   step 055: RMS=0.048 (target=0.015)   step 060: RMS=0.049 (target=0.015)   writing inflated surface to ../surf/rh.inflated.nofix
inflation took 0.2 minutes

inflation complete.
Not saving sulc
mris_inflate utimesec    80.464382
mris_inflate stimesec    1.924033
mris_inflate ru_maxrss   231860
mris_inflate ru_ixrss    0
mris_inflate ru_idrss    0
mris_inflate ru_isrss    0
mris_inflate ru_minflt   561049
mris_inflate ru_majflt   13
mris_inflate ru_nswap    0
mris_inflate ru_inblock  0
mris_inflate ru_oublock  10016
mris_inflate ru_msgsnd   0
mris_inflate ru_msgrcv   0
mris_inflate ru_nsignals 0
mris_inflate ru_nvcsw    8056
mris_inflate ru_nivcsw   528
#--------------------------------------------
#@# QSphere rh Sun Mar  8 19:43:42 CET 2026
/out/sourcedata/freesurfer/sub-v1s14x0051562_ses-1/scripts

 mris_sphere -q -p 6 -a 128 -seed 1234 ../surf/rh.inflated.nofix ../surf/rh.qsphere.nofix 

doing quick spherical unfolding.
limitting unfolding to 6 passes
using n_averages = 128
setting seed for random number genererator to 1234
version: 7.3.2
available threads: 16
scaling brain by 0.320...
inflating...
projecting onto sphere...
surface projected - minimizing metric distortion...
vertex spacing 0.98 +- 0.55 (0.00-->9.28) (max @ vno 57997 --> 59142)
face area 0.03 +- 0.03 (-0.24-->0.93)
Entering MRISinflateToSphere()
inflating to sphere (rms error < 2.00)
000: dt: 0.0000, rms radial error=175.753, avgs=0
005/300: dt: 0.9000, rms radial error=175.496, avgs=0
010/300: dt: 0.9000, rms radial error=174.943, avgs=0
015/300: dt: 0.9000, rms radial error=174.218, avgs=0
020/300: dt: 0.9000, rms radial error=173.392, avgs=0
025/300: dt: 0.9000, rms radial error=172.508, avgs=0
030/300: dt: 0.9000, rms radial error=171.592, avgs=0
035/300: dt: 0.9000, rms radial error=170.659, avgs=0
040/300: dt: 0.9000, rms radial error=169.718, avgs=0
045/300: dt: 0.9000, rms radial error=168.776, avgs=0
050/300: dt: 0.9000, rms radial error=167.834, avgs=0
055/300: dt: 0.9000, rms radial error=166.895, avgs=0
060/300: dt: 0.9000, rms radial error=165.960, avgs=0
065/300: dt: 0.9000, rms radial error=165.029, avgs=0
070/300: dt: 0.9000, rms radial error=164.103, avgs=0
075/300: dt: 0.9000, rms radial error=163.181, avgs=0
080/300: dt: 0.9000, rms radial error=162.265, avgs=0
085/300: dt: 0.9000, rms radial error=161.353, avgs=0
090/300: dt: 0.9000, rms radial error=160.446, avgs=0
095/300: dt: 0.9000, rms radial error=159.544, avgs=0
100/300: dt: 0.9000, rms radial error=158.647, avgs=0
105/300: dt: 0.9000, rms radial error=157.755, avgs=0
110/300: dt: 0.9000, rms radial error=156.867, avgs=0
115/300: dt: 0.9000, rms radial error=155.984, avgs=0
120/300: dt: 0.9000, rms radial error=155.107, avgs=0
125/300: dt: 0.9000, rms radial error=154.234, avgs=0
130/300: dt: 0.9000, rms radial error=153.365, avgs=0
135/300: dt: 0.9000, rms radial error=152.502, avgs=0
140/300: dt: 0.9000, rms radial error=151.643, avgs=0
145/300: dt: 0.9000, rms radial error=150.789, avgs=0
150/300: dt: 0.9000, rms radial error=149.939, avgs=0
155/300: dt: 0.9000, rms radial error=149.095, avgs=0
160/300: dt: 0.9000, rms radial error=148.254, avgs=0
165/300: dt: 0.9000, rms radial error=147.419, avgs=0
170/300: dt: 0.9000, rms radial error=146.588, avgs=0
175/300: dt: 0.9000, rms radial error=145.761, avgs=0
180/300: dt: 0.9000, rms radial error=144.939, avgs=0
185/300: dt: 0.9000, rms radial error=144.122, avgs=0
190/300: dt: 0.9000, rms radial error=143.309, avgs=0
195/300: dt: 0.9000, rms radial error=142.501, avgs=0
200/300: dt: 0.9000, rms radial error=141.697, avgs=0
205/300: dt: 0.9000, rms radial error=140.898, avgs=0
210/300: dt: 0.9000, rms radial error=140.103, avgs=0
215/300: dt: 0.9000, rms radial error=139.312, avgs=0
220/300: dt: 0.9000, rms radial error=138.526, avgs=0
225/300: dt: 0.9000, rms radial error=137.745, avgs=0
230/300: dt: 0.9000, rms radial error=136.967, avgs=0
235/300: dt: 0.9000, rms radial error=136.194, avgs=0
240/300: dt: 0.9000, rms radial error=135.426, avgs=0
245/300: dt: 0.9000, rms radial error=134.661, avgs=0
250/300: dt: 0.9000, rms radial error=133.901, avgs=0
255/300: dt: 0.9000, rms radial error=133.146, avgs=0
260/300: dt: 0.9000, rms radial error=132.394, avgs=0
265/300: dt: 0.9000, rms radial error=131.647, avgs=0
270/300: dt: 0.9000, rms radial error=130.903, avgs=0
275/300: dt: 0.9000, rms radial error=130.164, avgs=0
280/300: dt: 0.9000, rms radial error=129.429, avgs=0
285/300: dt: 0.9000, rms radial error=128.699, avgs=0
290/300: dt: 0.9000, rms radial error=127.972, avgs=0
295/300: dt: 0.9000, rms radial error=127.249, avgs=0
300/300: dt: 0.9000, rms radial error=126.531, avgs=0

spherical inflation complete.
epoch 1 (K=10.0), pass 1, starting sse = 16457.20
taking momentum steps...
taking momentum steps...
taking momentum steps...
taking momentum steps...
pass 1 complete, delta sse/iter = 0.00/13 = 0.00025
epoch 2 (K=40.0), pass 1, starting sse = 2622.15
taking momentum steps...
taking momentum steps...
taking momentum steps...
taking momentum steps...
pass 1 complete, delta sse/iter = 0.00/13 = 0.00025
epoch 3 (K=160.0), pass 1, starting sse = 240.76
taking momentum steps...
taking momentum steps...
taking momentum steps...
taking momentum steps...
pass 1 complete, delta sse/iter = 0.08/15 = 0.00530
epoch 4 (K=640.0), pass 1, starting sse = 17.11
taking momentum steps...
taking momentum steps...
taking momentum steps...
taking momentum steps...
pass 1 complete, delta sse/iter = 0.10/19 = 0.00536
final distance error %100000.00
writing spherical brain to ../surf/rh.qsphere.nofix
spherical transformation took 0.0219 hours
FSRUNTIME@ mris_sphere  0.0219 hours 16 threads
#VMPC# mris_sphere VmPeak  1564196
mris_sphere done
#@# Fix Topology rh Sun Mar  8 19:45:01 CET 2026

 mris_fix_topology -mgz -sphere qsphere.nofix -inflated inflated.nofix -orig orig.nofix -out orig.premesh -ga -seed 1234 sub-v1s14x0051562_ses-1 rh 

reading spherical homeomorphism from 'qsphere.nofix'
reading inflated coordinates from 'inflated.nofix'
reading original coordinates from 'orig.nofix'
using genetic algorithm with optimized parameters
setting seed for random number genererator to 1234

*************************************************************
Topology Correction Parameters
retessellation mode:           genetic search
number of patches/generation : 10
number of generations :        10
surface mri loglikelihood coefficient :         1.0
volume mri loglikelihood coefficient :          10.0
normal dot loglikelihood coefficient :          1.0
quadratic curvature loglikelihood coefficient : 1.0
volume resolution :                             2
eliminate vertices during search :              1
initial patch selection :                       1
select all defect vertices :                    0
ordering dependant retessellation:              0
use precomputed edge table :                    0
smooth retessellated patch :                    2
match retessellated patch :                     1
verbose mode :                                  0

*************************************************************
INFO: assuming .mgz format
writing corrected surface to 'orig.premesh'
7.3.2
  7.3.2
before topology correction, eno=-56 (nv=142370, nf=284852, ne=427278, g=29)
using quasi-homeomorphic spherical map to tessellate cortical surface...

Correction of the Topology
Finding true center and radius of Spherical Surface...done
Surface centered at (0,0,0) with radius 100.0 in 9 iterations
marking ambiguous vertices...
8187 ambiguous faces found in tessellation
segmenting defects...
31 defects found, arbitrating ambiguous regions...
analyzing neighboring defects...
      -merging segment 13 into 15
      -merging segment 26 into 23
      -merging segment 29 into 27
28 defects to be corrected 
0 vertices coincident
reading input surface /out/sourcedata/freesurfer/sub-v1s14x0051562_ses-1/surf/rh.qsphere.nofix...
reading brain volume from brain...
reading wm segmentation from wm...
Reading original properties of orig.nofix
Reading vertex positions of inflated.nofix
Computing Initial Surface Statistics
      -face       loglikelihood: -9.3617  (-4.6809)
      -vertex     loglikelihood: -6.3431  (-3.1715)
      -normal dot loglikelihood: -3.6102  (-3.6102)
      -quad curv  loglikelihood: -6.1723  (-3.0861)
      Total Loglikelihood : -25.4873
CORRECTING DEFECT 0 (vertices=114, convex hull=71, v0=14)
After retessellation of defect 0 (v0=14), euler #=-25 (137655,411723,274043) : difference with theory (-25) = 0 
CORRECTING DEFECT 1 (vertices=31, convex hull=30, v0=613)
After retessellation of defect 1 (v0=613), euler #=-24 (137662,411754,274068) : difference with theory (-24) = 0 
CORRECTING DEFECT 2 (vertices=39, convex hull=55, v0=797)
After retessellation of defect 2 (v0=797), euler #=-23 (137663,411778,274092) : difference with theory (-23) = 0 
CORRECTING DEFECT 3 (vertices=226, convex hull=87, v0=2016)
After retessellation of defect 3 (v0=2016), euler #=-22 (137683,411881,274176) : difference with theory (-22) = 0 
CORRECTING DEFECT 4 (vertices=229, convex hull=172, v0=17413)
After retessellation of defect 4 (v0=17413), euler #=-21 (137765,412208,274422) : difference with theory (-21) = 0 
CORRECTING DEFECT 5 (vertices=531, convex hull=390, v0=51039)
A large defect has been detected...
This often happens because cerebellum or dura has not been removed from wm.mgz.
This may cause recon-all to run very slowly or crash.
if so, see https://surfer.nmr.mgh.harvard.edu/fswiki/FsTutorial/TopologicalDefect_freeview
After retessellation of defect 5 (v0=51039), euler #=-22 (137895,412836,274919) : difference with theory (-20) = 2 
CORRECTING DEFECT 6 (vertices=79, convex hull=68, v0=59496)
After retessellation of defect 6 (v0=59496), euler #=-21 (137908,412904,274975) : difference with theory (-19) = 2 
CORRECTING DEFECT 7 (vertices=6, convex hull=14, v0=66077)
After retessellation of defect 7 (v0=66077), euler #=-20 (137909,412911,274982) : difference with theory (-18) = 2 
CORRECTING DEFECT 8 (vertices=28, convex hull=46, v0=72893)
After retessellation of defect 8 (v0=72893), euler #=-19 (137920,412959,275020) : difference with theory (-17) = 2 
CORRECTING DEFECT 9 (vertices=991, convex hull=382, v0=77383)
A large defect has been detected...
This often happens because cerebellum or dura has not been removed from wm.mgz.
This may cause recon-all to run very slowly or crash.
if so, see https://surfer.nmr.mgh.harvard.edu/fswiki/FsTutorial/TopologicalDefect_freeview
After retessellation of defect 9 (v0=77383), euler #=-18 (137966,413298,275314) : difference with theory (-16) = 2 
CORRECTING DEFECT 10 (vertices=21, convex hull=17, v0=78957)
After retessellation of defect 10 (v0=78957), euler #=-17 (137969,413311,275325) : difference with theory (-15) = 2 
CORRECTING DEFECT 11 (vertices=97, convex hull=50, v0=87008)
After retessellation of defect 11 (v0=87008), euler #=-16 (137978,413359,275365) : difference with theory (-14) = 2 
CORRECTING DEFECT 12 (vertices=281, convex hull=63, v0=91184)
After retessellation of defect 12 (v0=91184), euler #=-15 (138004,413469,275450) : difference with theory (-13) = 2 
CORRECTING DEFECT 13 (vertices=48, convex hull=32, v0=99370)
After retessellation of defect 13 (v0=99370), euler #=-14 (138008,413490,275468) : difference with theory (-12) = 2 
CORRECTING DEFECT 14 (vertices=122, convex hull=109, v0=100715)
After retessellation of defect 14 (v0=100715), euler #=-12 (138044,413645,275589) : difference with theory (-11) = 1 
CORRECTING DEFECT 15 (vertices=925, convex hull=300, v0=100741)
After retessellation of defect 15 (v0=100741), euler #=-12 (138228,414355,276115) : difference with theory (-10) = 2 
CORRECTING DEFECT 16 (vertices=9, convex hull=20, v0=101966)
After retessellation of defect 16 (v0=101966), euler #=-11 (138230,414367,276126) : difference with theory (-9) = 2 
CORRECTING DEFECT 17 (vertices=36, convex hull=80, v0=102883)
After retessellation of defect 17 (v0=102883), euler #=-10 (138242,414435,276183) : difference with theory (-8) = 2 
CORRECTING DEFECT 18 (vertices=27, convex hull=19, v0=106374)
After retessellation of defect 18 (v0=106374), euler #=-9 (138243,414442,276190) : difference with theory (-7) = 2 
CORRECTING DEFECT 19 (vertices=101, convex hull=63, v0=110185)
After retessellation of defect 19 (v0=110185), euler #=-8 (138254,414503,276241) : difference with theory (-6) = 2 
CORRECTING DEFECT 20 (vertices=51, convex hull=68, v0=120809)
After retessellation of defect 20 (v0=120809), euler #=-7 (138271,414582,276304) : difference with theory (-5) = 2 
CORRECTING DEFECT 21 (vertices=35, convex hull=31, v0=125549)
After retessellation of defect 21 (v0=125549), euler #=-6 (138275,414606,276325) : difference with theory (-4) = 2 
CORRECTING DEFECT 22 (vertices=168, convex hull=120, v0=127833)
After retessellation of defect 22 (v0=127833), euler #=-4 (138315,414784,276465) : difference with theory (-3) = 1 
CORRECTING DEFECT 23 (vertices=22, convex hull=62, v0=132036)
After retessellation of defect 23 (v0=132036), euler #=-3 (138327,414844,276514) : difference with theory (-2) = 1 
CORRECTING DEFECT 24 (vertices=5, convex hull=25, v0=132802)
After retessellation of defect 24 (v0=132802), euler #=-2 (138327,414849,276520) : difference with theory (-1) = 1 
CORRECTING DEFECT 25 (vertices=456, convex hull=210, v0=135125)
After retessellation of defect 25 (v0=135125), euler #=0 (138338,414985,276647) : difference with theory (0) = 0 
CORRECTING DEFECT 26 (vertices=18, convex hull=39, v0=140158)
After retessellation of defect 26 (v0=140158), euler #=1 (138347,415027,276681) : difference with theory (1) = 0 
CORRECTING DEFECT 27 (vertices=33, convex hull=28, v0=142311)
After retessellation of defect 27 (v0=142311), euler #=2 (138349,415041,276694) : difference with theory (2) = 0 
computing original vertex metric properties...
storing new metric properties...
computing tessellation statistics...
vertex spacing 0.89 +- 0.24 (0.14-->13.79) (max @ vno 52732 --> 59244)
face area -nan +- -nan (1000.00-->-1.00)
performing soap bubble on retessellated vertices for 0 iterations...
vertex spacing 0.89 +- 0.24 (0.14-->13.79) (max @ vno 52732 --> 59244)
face area -nan +- -nan (1000.00-->-1.00)
tessellation finished, orienting corrected surface...
98 mutations (32.0%), 208 crossovers (68.0%), 480 vertices were eliminated
building final representation...
4021 vertices and 0 faces have been removed from triangulation
after topology correction, eno=2 (nv=138349, nf=276694, ne=415041, g=0)
writing corrected surface to /out/sourcedata/freesurfer/sub-v1s14x0051562_ses-1/surf/rh.orig.premesh...

0.000 % of the vertices (0 vertices) exhibit an orientation change
removing intersecting faces
000: 412 intersecting
001: 20 intersecting
terminating search with 0 intersecting
topology fixing took 2.7 minutes
FSRUNTIME@ mris_fix_topology rh  0.0455 hours 16 threads
#VMPC# mris_fix_topology VmPeak  1858264

 mris_euler_number ../surf/rh.orig.premesh 

euler # = v-e+f = 2g-2: 138349 - 415041 + 276694 = 2 --> 0 holes
      F =2V-4:          276694 = 276698-4 (0)
      2E=3F:            830082 = 830082 (0)

total defect index = 0
Sun Mar  8 19:47:45 CET 2026

setenv SUBJECTS_DIR /out/sourcedata/freesurfer
cd /out/sourcedata/freesurfer/sub-v1s14x0051562_ses-1/scripts
/opt/freesurfer/bin/defect2seg --s sub-v1s14x0051562_ses-1 --rh-only --cortex

freesurfer-linux-ubuntu22_x86_64-7.3.2-20220804-6354275
defect2seg 7.3.2
Linux dna056 5.14.0-427.37.1.el9_4.x86_64 #1 SMP PREEMPT_DYNAMIC Fri Sep 13 12:41:50 EDT 2024 x86_64 x86_64 x86_64 GNU/Linux
pid 2734451
mri_label2label --label-cortex /out/sourcedata/freesurfer/sub-v1s14x0051562_ses-1/surf/rh.orig.nofix /out/sourcedata/freesurfer/sub-v1s14x0051562_ses-1/mri/aseg.presurf.mgz 0 /out/sourcedata/freesurfer/sub-v1s14x0051562_ses-1/label/rh.nofix.cortex.label

 Generating cortex label... RemoveHipAmgy=0
 NucAccIsMedialWall=0
 mris->useRealRAS=0
14 non-cortical segments detected
only using segment with 8769 vertices
erasing segment 1 (vno[0] = 86621)
erasing segment 2 (vno[0] = 95703)
erasing segment 3 (vno[0] = 98175)
erasing segment 4 (vno[0] = 98293)
erasing segment 5 (vno[0] = 99431)
erasing segment 6 (vno[0] = 100680)
erasing segment 7 (vno[0] = 100742)
erasing segment 8 (vno[0] = 101867)
erasing segment 9 (vno[0] = 103039)
erasing segment 10 (vno[0] = 103059)
erasing segment 11 (vno[0] = 103065)
erasing segment 12 (vno[0] = 104212)
erasing segment 13 (vno[0] = 105926)
mri_label2vol --defects /out/sourcedata/freesurfer/sub-v1s14x0051562_ses-1/surf/rh.orig.nofix /out/sourcedata/freesurfer/sub-v1s14x0051562_ses-1/surf/rh.defect_labels /out/sourcedata/freesurfer/sub-v1s14x0051562_ses-1/mri/orig.mgz 2000 0 /out/sourcedata/freesurfer/sub-v1s14x0051562_ses-1/mri/rh.surface.defects.mgz /out/sourcedata/freesurfer/sub-v1s14x0051562_ses-1/label/rh.nofix.cortex.label
mri_label2vol supposed to be reproducible but seed not set
Contraining to label /out/sourcedata/freesurfer/sub-v1s14x0051562_ses-1/label/rh.nofix.cortex.label
Changing input type 0 to MRI_INT
Converting defects to volume: offset=2000, merge=0
Writing to /out/sourcedata/freesurfer/sub-v1s14x0051562_ses-1/mri/rh.surface.defects.mgz
mris_defects_pointset -s /out/sourcedata/freesurfer/sub-v1s14x0051562_ses-1/surf/rh.orig.nofix -d /out/sourcedata/freesurfer/sub-v1s14x0051562_ses-1/surf/rh.defect_labels -o /out/sourcedata/freesurfer/sub-v1s14x0051562_ses-1/surf/rh.defects.pointset --label /out/sourcedata/freesurfer/sub-v1s14x0051562_ses-1/label/rh.nofix.cortex.label
Reading in surface /out/sourcedata/freesurfer/sub-v1s14x0051562_ses-1/surf/rh.orig.nofix
Reading in defect segmentation /out/sourcedata/freesurfer/sub-v1s14x0051562_ses-1/surf/rh.defect_labels
Reading in label /out/sourcedata/freesurfer/sub-v1s14x0051562_ses-1/label/rh.nofix.cortex.label
#VMPC# mris_defects_pointset 1756356
mris_defects_pointset done
 
Started at Sun Mar 8 19:47:45 CET 2026 
Ended   at Sun Mar  8 19:48:01 CET 2026
Defect2seg-Run-Time-Sec 16
Defect2seg-Run-Time-Min 0.32
Defect2seg-Run-Time-Hours 0.00
 
tkmeditfv sub-v1s14x0051562_ses-1 brain.finalsurfs.mgz -defect
defect2seg Done

 mris_remesh --remesh --iters 3 --input /out/sourcedata/freesurfer/sub-v1s14x0051562_ses-1/surf/rh.orig.premesh --output /out/sourcedata/freesurfer/sub-v1s14x0051562_ses-1/surf/rh.orig 

iters = 3
standard remeshing without target
   adjusted l: 0.710669
remeshing to edge length 0.710669 with 3 iterations

avg qual before   : 0.891809  after: 0.971647

Removing intersections
Remeshed surface quality stats nv0 = 138349  nv = 144414  1.04384
Area    288824  0.30231  0.03337 0.089766   0.4586
Corner  866472 60.00000  8.72853 22.362223 135.0749
Edge    433236  0.84339  0.08163 0.469223   1.2352
Hinge   433236  9.70825 10.05334 0.000018 166.2557
mris_remesh done
/out/sourcedata/freesurfer/sub-v1s14x0051562_ses-1/scripts

 mris_remove_intersection ../surf/rh.orig ../surf/rh.orig 

intersection removal took 0.00 hours
writing corrected surface to ../surf/rh.orig

 rm -f ../surf/rh.inflated 

#--------------------------------------------
#@# AutoDetGWStats rh Sun Mar  8 19:48:36 CET 2026
cd /out/sourcedata/freesurfer/sub-v1s14x0051562_ses-1/mri
mris_autodet_gwstats --o ../surf/autodet.gw.stats.rh.dat --i brain.finalsurfs.mgz --wm wm.mgz --surf ../surf/rh.orig.premesh
7.3.2

cd /out/sourcedata/freesurfer/sub-v1s14x0051562_ses-1/mri
setenv SUBJECTS_DIR /out/sourcedata/freesurfer
mris_autodet_gwstats --o ../surf/autodet.gw.stats.rh.dat --i brain.finalsurfs.mgz --wm wm.mgz --surf ../surf/rh.orig.premesh 

border white:    269180 voxels (1.60%)
border gray      299136 voxels (1.78%)
Reading in intensity volume brain.finalsurfs.mgz
Reading in wm volume wm.mgz
Reading in surf ../surf/rh.orig.premesh
Auto detecting stats
MRIclipBrightWM(): nthresh=19296, wmmin=5, clip=110 
Binarizing thresholding at 5
computing class statistics... low=30, hi=110.000000
CCS WM (99.0): 99.4 +- 7.5 [70.0 --> 110.0]
CCS GM (76.0) : 74.1 +- 12.0 [30.0 --> 110.0]
white_mean = 99.3834 +/- 7.53541, gray_mean = 74.1486 +/- 12.012
using class modes intead of means, discounting robust sigmas....
MRIScomputeClassModes(): min=0 max=255 nbins=256
intensity peaks found at WM=104+-6.1,    GM=71+-10.4
white_mode = 104, gray_mode = 71
std_scale = 1
Applying sanity checks, max_scale_down = 0.2
setting MIN_GRAY_AT_WHITE_BORDER to 59.0 (was 70.000000)
setting MAX_BORDER_WHITE to 111.5 (was 105.000000)
setting MIN_BORDER_WHITE to 71.0 (was 85.000000)
setting MAX_CSF to 47.0 (was 40.000000)
setting MAX_GRAY to 96.5 (was 95.000000)
setting MAX_GRAY_AT_CSF_BORDER to 59.0 (was 75.000000)
setting MIN_GRAY_AT_CSF_BORDER to 35.0 (was 40.000000)
When placing the white surface
  white_border_hi   = 111.535;
  white_border_low  = 71;
  white_outside_low = 58.988;
  white_inside_hi   = 120;
  white_outside_hi  = 111.535;
When placing the pial surface
  pial_border_hi   = 58.988;
  pial_border_low  = 34.964;
  pial_outside_low = 10;
  pial_inside_hi   = 96.4646;
  pial_outside_hi  = 52.982;
#VMPC# mris_autodet_gwstats VmPeak  1340988
mris_autodet_gwstats done
#--------------------------------------------
#@# WhitePreAparc rh Sun Mar  8 19:48:39 CET 2026
cd /out/sourcedata/freesurfer/sub-v1s14x0051562_ses-1/mri
mris_place_surface --adgws-in ../surf/autodet.gw.stats.rh.dat --wm wm.mgz --threads 16 --invol brain.finalsurfs.mgz --rh --i ../surf/rh.orig --o ../surf/rh.white.preaparc --white --seg aseg.presurf.mgz --nsmooth 5
7.3.2
7.3.2

cd /out/sourcedata/freesurfer/sub-v1s14x0051562_ses-1/mri
setenv SUBJECTS_DIR /out/sourcedata/freesurfer
mris_place_surface --adgws-in ../surf/autodet.gw.stats.rh.dat --wm wm.mgz --threads 16 --invol brain.finalsurfs.mgz --rh --i ../surf/rh.orig --o ../surf/rh.white.preaparc --white --seg aseg.presurf.mgz --nsmooth 5 

Reading in input surface ../surf/rh.orig
Smoothing surface before ripping with 5 iterations
Area    288824  0.26652  0.06197 0.000351   0.5815
Corner  866472 60.00000  9.33878 1.212766 174.8801
Edge    433236  0.78819  0.11281 0.049416   1.3020
Hinge   433236  6.55865  6.48142 0.000023 151.3232
Not reading in aparc
Reading in input volume brain.finalsurfs.mgz
Reading in wm volume wm.mgz
MRIclipBrightWM(): nthresh=19296, wmmin=5, clip=110 
MRIfindBrightNonWM(): 1586 bright non-wm voxels segmented.
Masking bright non-wm for white surface
MRImask(): AllowDiffGeom = 1
MRImask(): AllowDiffGeom = 1
Reading in seg volume aseg.presurf.mgz
Ripping frozen voxels
INFO: rip surface needed but not specified, so using input surface
Freezing midline and others
Entering: MRISripMidline(): inhibiting deformation at non-cortical midline structures...
  which=1, fix_mtl=0, using annot = 0
#FML0# MRISripMidline(): nripped=0
removing 2 vertices from ripped group in thread:0
#FML# MRISripMidline(): nmarked=6416, nmarked2=8, nripped=6416
Ripping segs (eg, WMSA, BG, frozen)
Starting MRISripSegs() d = (-2 2 0.5) segnos: 247 
MRISripSegs(): -2 2 0.5 ripped 0
vertex 72207: xyz = (61.9096,5.93205,-12.2864) oxyz = (61.9096,5.93205,-12.2864) wxzy = (61.9096,5.93205,-12.2864) pxyz = (0,0,0) 
CBVO Creating mask 144414
n_averages 4
Iteration 0 =========================================
n_averages=4, current_sigma=2
Freezing midline and others
Ripping frozen voxels
INFO: rip surface needed but not specified, so using input surface
Freezing midline and others
Entering: MRISripMidline(): inhibiting deformation at non-cortical midline structures...
  which=1, fix_mtl=0, using annot = 0
#FML0# MRISripMidline(): nripped=6416
removing 2 vertices from ripped group in thread:0
#FML# MRISripMidline(): nmarked=6416, nmarked2=8, nripped=6416
Ripping segs (eg, WMSA, BG, frozen)
Starting MRISripSegs() d = (-2 2 0.5) segnos: 247 247 
MRISripSegs(): -2 2 0.5 ripped 0
Computing target border values 
Entering MRIScomputeBorderValues_new(): 
  inside_hi   = 120.0000000;
  border_hi   = 111.5354160;
  border_low  =  71.0000000;
  outside_low =  58.9879950;
  outside_hi  = 111.5354160;
  sigma = 2;
  max_thickness = 10;
  step_size=0.5;
  STEP_SIZE=0.1;
  which = 1
  thresh = 0
  flags = 0
  CBVfindFirstPeakD1=0
  CBVfindFirstPeakD2=0
  nvertices=144414
  Gdiag_no=-1
  vno start=0, stop=144414
Replacing 255s with 0s
#SI# sigma=2 had to be increased for 167 vertices, nripped=6416
mean border=84.2, 218 (218) missing vertices, mean dist 0.2 [0.7 (%43.6)->0.8 (%56.4))]
%60 local maxima, %36 large gradients and % 0 min vals, 0 gradients ignored
nFirstPeakD1 0
MRIScomputeBorderValues_new() finished in 0.0166 min


Finding expansion regions
mean absolute distance = 0.79 +- 1.07
4714 vertices more than 2 sigmas from mean.
Averaging target values for 5 iterations...
Positioning Surface: tspring = 0.3, nspring = 0.3, spring = 0, niters = 100 l_repulse = 5, l_surf_repulse = 0, checktol = 0
Positioning pial surface
Entering MRISpositionSurface()
  max_mm = 0.3
  MAX_REDUCTIONS = 2, REDUCTION_PCT = 0.5
  parms->check_tol = 0, niterations = 100
tol=1.0e-04, sigma=2.0, host=dna05, nav=4, nbrs=2, l_repulse=5.000, l_tspring=0.300, l_nspring=0.300, l_intensity=0.200, l_curv=1.000
mom=0.00, dt=0.50
complete_dist_mat 0
rms 0
smooth_averages 0
remove_neg 0
ico_order 0
which_surface 0
target_radius 0.000000
nfields 0
scale 0.000000
desired_rms_height 0.000000
momentum 0.000000
nbhd_size 0
max_nbrs 0
niterations 100
nsurfaces 0
SURFACES 3
flags 0 (0)
use curv 0
no sulc 0
no rigid align 0
mris->nsize 2
mris->hemisphere 1
randomSeed 0

000: dt: 0.0000, sse=3289305.0, rms=10.661
001: dt: 0.5000, sse=1773963.8, rms=7.664 (28.105%)
002: dt: 0.5000, sse=1131659.6, rms=5.936 (22.549%)
003: dt: 0.5000, sse=839189.0, rms=4.972 (16.237%)
004: dt: 0.5000, sse=683518.5, rms=4.362 (12.282%)
005: dt: 0.5000, sse=594540.9, rms=3.945 (9.559%)
006: dt: 0.5000, sse=531382.6, rms=3.658 (7.268%)
007: dt: 0.5000, sse=502677.5, rms=3.481 (4.834%)
008: dt: 0.5000, sse=491400.7, rms=3.381 (2.882%)
009: dt: 0.5000, sse=474251.5, rms=3.330 (1.514%)
rms = 3.2908/3.3297, sse=465927.3/474251.5, time step reduction 1 of 3 to 0.250  0 0 1
010: dt: 0.5000, sse=465927.3, rms=3.291 (1.167%)
011: dt: 0.2500, sse=314060.8, rms=2.281 (30.682%)
012: dt: 0.2500, sse=293937.5, rms=2.097 (8.063%)
013: dt: 0.2500, sse=286048.6, rms=2.034 (3.021%)
rms = 2.0181/2.0339, sse=288010.2/286048.6, time step reduction 2 of 3 to 0.125  0 1 1
014: dt: 0.2500, sse=288010.2, rms=2.018 (0.777%)
rms = 1.9764/2.0181, sse=279138.6/288010.2, time step reduction 3 of 3 to 0.062  0 0 1
015: dt: 0.1250, sse=279138.6, rms=1.976 (2.063%)
  maximum number of reductions reached, breaking from loop
positioning took 1.5 minutes
Iteration 1 =========================================
n_averages=2, current_sigma=1
Freezing midline and others
Ripping frozen voxels
INFO: rip surface needed but not specified, so using input surface
Freezing midline and others
Entering: MRISripMidline(): inhibiting deformation at non-cortical midline structures...
  which=1, fix_mtl=0, using annot = 0
#FML0# MRISripMidline(): nripped=6416
removing 2 vertices from ripped group in thread:0
removing 3 vertices from ripped group in thread:0
removing 4 vertices from ripped group in thread:0
removing 2 vertices from ripped group in thread:0
removing 4 vertices from ripped group in thread:0
#FML# MRISripMidline(): nmarked=6618, nmarked2=8, nripped=6618
Ripping segs (eg, WMSA, BG, frozen)
Starting MRISripSegs() d = (-2 2 0.5) segnos: 247 247 247 
MRISripSegs(): -2 2 0.5 ripped 0
Computing target border values 
Entering MRIScomputeBorderValues_new(): 
  inside_hi   = 120.0000000;
  border_hi   = 111.5354160;
  border_low  =  71.0000000;
  outside_low =  58.9879950;
  outside_hi  = 111.5354160;
  sigma = 1;
  max_thickness = 10;
  step_size=0.5;
  STEP_SIZE=0.1;
  which = 1
  thresh = 0
  flags = 0
  CBVfindFirstPeakD1=0
  CBVfindFirstPeakD2=0
  nvertices=144414
  Gdiag_no=-1
  vno start=0, stop=144414
Replacing 255s with 0s
#SI# sigma=1 had to be increased for 264 vertices, nripped=6618
mean border=86.0, 165 (70) missing vertices, mean dist -0.2 [0.5 (%63.3)->0.2 (%36.7))]
%65 local maxima, %30 large gradients and % 0 min vals, 0 gradients ignored
nFirstPeakD1 0
MRIScomputeBorderValues_new() finished in 0.0113 min


Finding expansion regions
mean absolute distance = 0.41 +- 0.79
4333 vertices more than 2 sigmas from mean.
Averaging target values for 5 iterations...
Positioning Surface: tspring = 0.3, nspring = 0.3, spring = 0, niters = 100 l_repulse = 5, l_surf_repulse = 0, checktol = 0
Positioning pial surface
Entering MRISpositionSurface()
  max_mm = 0.3
  MAX_REDUCTIONS = 2, REDUCTION_PCT = 0.5
  parms->check_tol = 0, niterations = 100
tol=1.0e-04, sigma=1.0, host=dna05, nav=2, nbrs=2, l_repulse=5.000, l_tspring=0.300, l_nspring=0.300, l_intensity=0.200, l_curv=1.000
mom=0.00, dt=0.50
000: dt: 0.0000, sse=735707.9, rms=4.329
016: dt: 0.5000, sse=516472.7, rms=3.257 (24.751%)
017: dt: 0.5000, sse=485863.6, rms=3.089 (5.180%)
rms = 3.0714/3.0886, sse=484137.4/485863.6, time step reduction 1 of 3 to 0.250  0 0 1
018: dt: 0.5000, sse=484137.4, rms=3.071 (0.556%)
019: dt: 0.2500, sse=373349.9, rms=2.355 (23.311%)
020: dt: 0.2500, sse=355595.1, rms=2.212 (6.093%)
021: dt: 0.2500, sse=348679.7, rms=2.151 (2.761%)
022: dt: 0.2500, sse=341887.5, rms=2.090 (2.840%)
rms = 2.0686/2.0898, sse=341060.0/341887.5, time step reduction 2 of 3 to 0.125  0 0 1
023: dt: 0.2500, sse=341060.0, rms=2.069 (1.012%)
rms = 2.0363/2.0686, sse=337388.2/341060.0, time step reduction 3 of 3 to 0.062  0 0 1
024: dt: 0.1250, sse=337388.2, rms=2.036 (1.565%)
  maximum number of reductions reached, breaking from loop
positioning took 0.8 minutes
Iteration 2 =========================================
n_averages=1, current_sigma=0.5
Freezing midline and others
Ripping frozen voxels
INFO: rip surface needed but not specified, so using input surface
Freezing midline and others
Entering: MRISripMidline(): inhibiting deformation at non-cortical midline structures...
  which=1, fix_mtl=0, using annot = 0
#FML0# MRISripMidline(): nripped=6618
removing 4 vertices from ripped group in thread:0
removing 4 vertices from ripped group in thread:0
removing 2 vertices from ripped group in thread:0
removing 4 vertices from ripped group in thread:0
removing 3 vertices from ripped group in thread:0
removing 3 vertices from ripped group in thread:0
removing 4 vertices from ripped group in thread:0
removing 4 vertices from ripped group in thread:0
#FML# MRISripMidline(): nmarked=6684, nmarked2=8, nripped=6684
Ripping segs (eg, WMSA, BG, frozen)
Starting MRISripSegs() d = (-2 2 0.5) segnos: 247 247 247 247 
MRISripSegs(): -2 2 0.5 ripped 0
Computing target border values 
Entering MRIScomputeBorderValues_new(): 
  inside_hi   = 120.0000000;
  border_hi   = 111.5354160;
  border_low  =  71.0000000;
  outside_low =  58.9879950;
  outside_hi  = 111.5354160;
  sigma = 0.5;
  max_thickness = 10;
  step_size=0.5;
  STEP_SIZE=0.1;
  which = 1
  thresh = 0
  flags = 0
  CBVfindFirstPeakD1=0
  CBVfindFirstPeakD2=0
  nvertices=144414
  Gdiag_no=-1
  vno start=0, stop=144414
Replacing 255s with 0s
#SI# sigma=0.5 had to be increased for 309 vertices, nripped=6684
mean border=87.8, 180 (32) missing vertices, mean dist -0.2 [0.4 (%66.8)->0.2 (%33.2))]
%75 local maxima, %20 large gradients and % 0 min vals, 0 gradients ignored
nFirstPeakD1 0
MRIScomputeBorderValues_new() finished in 0.0063 min


Finding expansion regions
mean absolute distance = 0.31 +- 0.54
3854 vertices more than 2 sigmas from mean.
Averaging target values for 5 iterations...
Positioning Surface: tspring = 0.3, nspring = 0.3, spring = 0, niters = 100 l_repulse = 5, l_surf_repulse = 0, checktol = 0
Positioning pial surface
Entering MRISpositionSurface()
  max_mm = 0.3
  MAX_REDUCTIONS = 2, REDUCTION_PCT = 0.5
  parms->check_tol = 0, niterations = 100
tol=1.0e-04, sigma=0.5, host=dna05, nav=1, nbrs=2, l_repulse=5.000, l_tspring=0.300, l_nspring=0.300, l_intensity=0.200, l_curv=1.000
mom=0.00, dt=0.50
000: dt: 0.0000, sse=566259.0, rms=3.560
025: dt: 0.5000, sse=438740.1, rms=2.759 (22.483%)
rms = 2.7234/2.7595, sse=427385.9/438740.1, time step reduction 1 of 3 to 0.250  0 0 1
026: dt: 0.5000, sse=427385.9, rms=2.723 (1.306%)
027: dt: 0.2500, sse=336839.2, rms=2.053 (24.600%)
028: dt: 0.2500, sse=335039.7, rms=1.982 (3.463%)
029: dt: 0.2500, sse=318114.9, rms=1.903 (3.994%)
rms = 1.8876/1.9032, sse=318411.7/318114.9, time step reduction 2 of 3 to 0.125  0 1 1
030: dt: 0.2500, sse=318411.7, rms=1.888 (0.821%)
031: dt: 0.1250, sse=312412.2, rms=1.833 (2.912%)
rms = 1.8228/1.8326, sse=310533.5/312412.2, time step reduction 3 of 3 to 0.062  0 0 1
032: dt: 0.1250, sse=310533.5, rms=1.823 (0.535%)
  maximum number of reductions reached, breaking from loop
positioning took 0.7 minutes
Iteration 3 =========================================
n_averages=0, current_sigma=0.25
Freezing midline and others
Ripping frozen voxels
INFO: rip surface needed but not specified, so using input surface
Freezing midline and others
Entering: MRISripMidline(): inhibiting deformation at non-cortical midline structures...
  which=1, fix_mtl=0, using annot = 0
#FML0# MRISripMidline(): nripped=6684
removing 4 vertices from ripped group in thread:0
removing 4 vertices from ripped group in thread:0
removing 4 vertices from ripped group in thread:0
removing 4 vertices from ripped group in thread:0
removing 3 vertices from ripped group in thread:0
removing 2 vertices from ripped group in thread:0
removing 3 vertices from ripped group in thread:0
#FML# MRISripMidline(): nmarked=6738, nmarked2=8, nripped=6738
Ripping segs (eg, WMSA, BG, frozen)
Starting MRISripSegs() d = (-2 2 0.5) segnos: 247 247 247 247 247 
MRISripSegs(): -2 2 0.5 ripped 0
Computing target border values 
Entering MRIScomputeBorderValues_new(): 
  inside_hi   = 120.0000000;
  border_hi   = 111.5354160;
  border_low  =  71.0000000;
  outside_low =  58.9879950;
  outside_hi  = 111.5354160;
  sigma = 0.25;
  max_thickness = 10;
  step_size=0.5;
  STEP_SIZE=0.1;
  which = 1
  thresh = 0
  flags = 0
  CBVfindFirstPeakD1=0
  CBVfindFirstPeakD2=0
  nvertices=144414
  Gdiag_no=-1
  vno start=0, stop=144414
Replacing 255s with 0s
#SI# sigma=0.25 had to be increased for 307 vertices, nripped=6738
mean border=88.6, 222 (16) missing vertices, mean dist -0.1 [0.3 (%57.3)->0.2 (%42.7))]
%80 local maxima, %15 large gradients and % 0 min vals, 0 gradients ignored
nFirstPeakD1 0
MRIScomputeBorderValues_new() finished in 0.0066 min


Finding expansion regions
mean absolute distance = 0.26 +- 0.42
3747 vertices more than 2 sigmas from mean.
Averaging target values for 5 iterations...
Positioning Surface: tspring = 0.3, nspring = 0.3, spring = 0, niters = 100 l_repulse = 5, l_surf_repulse = 0, checktol = 0
Positioning pial surface
Entering MRISpositionSurface()
  max_mm = 0.3
  MAX_REDUCTIONS = 2, REDUCTION_PCT = 0.5
  parms->check_tol = 0, niterations = 100
tol=1.0e-04, sigma=0.2, host=dna05, nav=0, nbrs=2, l_repulse=5.000, l_tspring=0.300, l_nspring=0.300, l_intensity=0.200, l_curv=1.000
mom=0.00, dt=0.50
000: dt: 0.0000, sse=354887.4, rms=2.252
033: dt: 0.5000, sse=352190.1, rms=2.170 (3.644%)
rms = 2.2937/2.1703, sse=362505.6/352190.1, time step reduction 1 of 3 to 0.250  0 1 1
   RMS increased, rejecting step
034: dt: 0.2500, sse=313606.9, rms=1.860 (14.320%)
035: dt: 0.2500, sse=305107.7, rms=1.791 (3.697%)
rms = 1.7704/1.7908, sse=305964.7/305107.7, time step reduction 2 of 3 to 0.125  0 1 1
036: dt: 0.2500, sse=305964.7, rms=1.770 (1.136%)
037: dt: 0.1250, sse=295283.3, rms=1.694 (4.329%)
rms = 1.6667/1.6938, sse=292933.5/295283.3, time step reduction 3 of 3 to 0.062  0 0 1
038: dt: 0.1250, sse=292933.5, rms=1.667 (1.599%)
  maximum number of reductions reached, breaking from loop
positioning took 0.6 minutes


Writing output to ../surf/rh.white.preaparc
#ET# mris_place_surface  3.67 minutes
#VMPC# mris_place_surfaces VmPeak  3247052
mris_place_surface done
#--------------------------------------------
#@# CortexLabel rh Sun Mar  8 19:52:26 CET 2026
cd /out/sourcedata/freesurfer/sub-v1s14x0051562_ses-1/mri
mri_label2label --label-cortex ../surf/rh.white.preaparc aseg.presurf.mgz 0 ../label/rh.cortex.label

 Generating cortex label... RemoveHipAmgy=0
 NucAccIsMedialWall=0
 mris->useRealRAS=0
8 non-cortical segments detected
only using segment with 8526 vertices
erasing segment 0 (vno[0] = 16177)
erasing segment 2 (vno[0] = 72974)
erasing segment 3 (vno[0] = 76799)
erasing segment 4 (vno[0] = 80642)
erasing segment 5 (vno[0] = 83015)
erasing segment 6 (vno[0] = 87841)
erasing segment 7 (vno[0] = 120489)
#--------------------------------------------
#@# CortexLabel+HipAmyg rh Sun Mar  8 19:52:41 CET 2026
cd /out/sourcedata/freesurfer/sub-v1s14x0051562_ses-1/mri
mri_label2label --label-cortex ../surf/rh.white.preaparc aseg.presurf.mgz 1 ../label/rh.cortex+hipamyg.label

 Generating cortex label... RemoveHipAmgy=1
 NucAccIsMedialWall=0
 mris->useRealRAS=0
14 non-cortical segments detected
only using segment with 5766 vertices
erasing segment 0 (vno[0] = 16177)
erasing segment 2 (vno[0] = 47088)
erasing segment 3 (vno[0] = 47923)
erasing segment 4 (vno[0] = 57674)
erasing segment 5 (vno[0] = 58603)
erasing segment 6 (vno[0] = 61604)
erasing segment 7 (vno[0] = 72974)
erasing segment 8 (vno[0] = 76799)
erasing segment 9 (vno[0] = 80642)
erasing segment 10 (vno[0] = 83015)
erasing segment 11 (vno[0] = 118277)
erasing segment 12 (vno[0] = 120489)
erasing segment 13 (vno[0] = 133036)
#--------------------------------------------
#@# Smooth2 rh Sun Mar  8 19:52:57 CET 2026
/out/sourcedata/freesurfer/sub-v1s14x0051562_ses-1/scripts

 mris_smooth -n 3 -nw -seed 1234 ../surf/rh.white.preaparc ../surf/rh.smoothwm 

smoothing for 3 iterations
setting seed for random number generator to 1234
smoothing surface tessellation for 3 iterations...
smoothing complete - recomputing first and second fundamental forms...
#--------------------------------------------
#@# Inflation2 rh Sun Mar  8 19:53:00 CET 2026
/out/sourcedata/freesurfer/sub-v1s14x0051562_ses-1/scripts

 mris_inflate ../surf/rh.smoothwm ../surf/rh.inflated 

Reading ../surf/rh.smoothwm
avg radius = 46.0 mm, total surface area = 86340 mm^2
step 000: RMS=0.167 (target=0.015)   step 005: RMS=0.115 (target=0.015)   step 010: RMS=0.084 (target=0.015)   step 015: RMS=0.070 (target=0.015)   step 020: RMS=0.058 (target=0.015)   step 025: RMS=0.049 (target=0.015)   step 030: RMS=0.041 (target=0.015)   step 035: RMS=0.035 (target=0.015)   step 040: RMS=0.029 (target=0.015)   step 045: RMS=0.025 (target=0.015)   step 050: RMS=0.023 (target=0.015)   step 055: RMS=0.021 (target=0.015)   step 060: RMS=0.020 (target=0.015)   writing inflated surface to ../surf/rh.inflated
writing sulcal depths to ../surf/rh.sulc

inflation complete.
inflation took 0.3 minutes
mris_inflate utimesec    123.786737
mris_inflate stimesec    1.954512
mris_inflate ru_maxrss   221292
mris_inflate ru_ixrss    0
mris_inflate ru_idrss    0
mris_inflate ru_isrss    0
mris_inflate ru_minflt   559092
mris_inflate ru_majflt   20
mris_inflate ru_nswap    0
mris_inflate ru_inblock  0
mris_inflate ru_oublock  11296
mris_inflate ru_msgsnd   0
mris_inflate ru_msgrcv   0
mris_inflate ru_nsignals 0
mris_inflate ru_nvcsw    25421
mris_inflate ru_nivcsw   717
#--------------------------------------------
#@# Curv .H and .K rh Sun Mar  8 19:53:20 CET 2026
/out/sourcedata/freesurfer/sub-v1s14x0051562_ses-1/surf

 mris_curvature -w -seed 1234 rh.white.preaparc 

setting seed for random number generator to 1234
total integrated curvature = 22.624*4pi (284.301) --> -22 handles
ICI = 156.2, FI = 1507.6, variation=23834.764
writing Gaussian curvature to ./rh.white.preaparc.K...done.
writing mean curvature to ./rh.white.preaparc.H...done.
rm -f rh.white.H
ln -s rh.white.preaparc.H rh.white.H
rm -f rh.white.K
ln -s rh.white.preaparc.K rh.white.K

 mris_curvature -seed 1234 -thresh .999 -n -a 5 -w -distances 10 10 rh.inflated 

setting seed for random number generator to 1234
normalizing curvature values.
averaging curvature patterns 5 times.
sampling 10 neighbors out to a distance of 10 mm
193 vertices thresholded to be in k1 ~ [-0.26 0.49], k2 ~ [-0.12 0.05]
total integrated curvature = 0.607*4pi (7.629) --> 0 handles
ICI = 1.6, FI = 9.5, variation=164.233
118 vertices thresholded to be in [-0.01 0.02]
writing Gaussian curvature to ./rh.inflated.K...thresholding curvature at 99.90% level
curvature mean = 0.000, std = 0.001
140 vertices thresholded to be in [-0.15 0.25]
done.
writing mean curvature to ./rh.inflated.H...curvature mean = -0.015, std = 0.024
done.
#--------------------------------------------
#@# Sphere rh Sun Mar  8 19:54:09 CET 2026
/out/sourcedata/freesurfer/sub-v1s14x0051562_ses-1/scripts

 mris_sphere -seed 1234 ../surf/rh.inflated ../surf/rh.sphere 

setting seed for random number genererator to 1234
version: 7.3.2
available threads: 16
reading original vertex positions...
projecting onto sphere...
surface projected - minimizing metric distortion...
scaling brain by 0.298...
MRISunfold() max_passes = 1 -------
tol=5.0e-01, sigma=0.0, host=dna05, nav=1024, nbrs=2, l_area=1.000, l_dist=1.000
using quadratic fit line minimization
complete_dist_mat 0
rms 0
smooth_averages 0
remove_neg 0
ico_order 0
which_surface 0
target_radius 0.000000
nfields 0
scale 1.000000
desired_rms_height -1.000000
momentum 0.900000
nbhd_size 7
max_nbrs 8
niterations 25
nsurfaces 0
SURFACES 3
flags 0 (0)
use curv 0
no sulc 0
no rigid align 0
mris->nsize 2
mris->hemisphere 1
randomSeed 1234

singular matrix in quadratic form
singular matrix in quadratic form
--------------------
  mrisRemoveNegativeArea()
pass 1: epoch 1 of 3 starting distance error %19.81
pass 1: epoch 2 of 3 starting distance error %19.81
unfolding complete - removing small folds...
starting distance error %19.72
removing remaining folds...
final distance error %19.75
MRISunfold() return, current seed 1234
-01: dt=0.0000,  16 negative triangles  VmPeak 1610220
178: dt=0.9900,  16 negative triangles
179: dt=0.9900,   8 negative triangles
180: dt=0.9900,   5 negative triangles
181: dt=0.9900,   4 negative triangles
182: dt=0.9900,   7 negative triangles
183: dt=0.9900,   4 negative triangles
184: dt=0.9900,   4 negative triangles
185: dt=0.9900,   6 negative triangles
186: dt=0.9900,   4 negative triangles
187: dt=0.9900,   4 negative triangles
188: dt=0.9900,   6 negative triangles
189: dt=0.9900,   4 negative triangles
190: dt=0.9900,   4 negative triangles
191: dt=0.9405,   6 negative triangles
192: dt=0.9405,   4 negative triangles
193: dt=0.9405,   4 negative triangles
194: dt=0.9405,   6 negative triangles
195: dt=0.9405,   4 negative triangles
196: dt=0.9405,   4 negative triangles
197: dt=0.9405,   5 negative triangles
198: dt=0.9405,   3 negative triangles
199: dt=0.9405,   2 negative triangles
200: dt=0.9405,   2 negative triangles
201: dt=0.9405,   5 negative triangles
202: dt=0.9405,   2 negative triangles
203: dt=0.9405,   2 negative triangles
204: dt=0.9405,   2 negative triangles
205: dt=0.9405,   2 negative triangles
206: dt=0.9405,   4 negative triangles
207: dt=0.9405,   2 negative triangles
208: dt=0.9405,   2 negative triangles
209: dt=0.8935,   2 negative triangles
210: dt=0.8935,   1 negative triangles
211: dt=0.8935,   1 negative triangles
writing spherical brain to ../surf/rh.sphere
spherical transformation took 0.0932 hours
FSRUNTIME@ mris_sphere  0.0932 hours 16 threads
#VMPC# mris_sphere VmPeak  1610220
mris_sphere done
#--------------------------------------------
#@# Surf Reg rh Sun Mar  8 19:59:45 CET 2026
/out/sourcedata/freesurfer/sub-v1s14x0051562_ses-1/scripts

 mris_register -curv ../surf/rh.sphere /opt/freesurfer/average/rh.folding.atlas.acfb40.noaparc.i12.2016-08-02.tif ../surf/rh.sphere.reg 

using smoothwm curvature for final alignment

cwd /out/sourcedata/freesurfer/sub-v1s14x0051562_ses-1/scripts
cmdline mris_register -curv ../surf/rh.sphere /opt/freesurfer/average/rh.folding.atlas.acfb40.noaparc.i12.2016-08-02.tif ../surf/rh.sphere.reg 

0 inflated.H
1 sulc
2 smoothwm (computed)
7.3.2
  7.3.2
reading surface from ../surf/rh.sphere...
reading template parameterization from /opt/freesurfer/average/rh.folding.atlas.acfb40.noaparc.i12.2016-08-02.tif...
MRISregister() -------
max_passes = 4 
min_degrees = 0.500000 
max_degrees = 64.000000 
nangles = 8 
tol=5.0e-01, sigma=0.0, host=dna05, nav=1024, nbrs=1, l_extern=10000.000, l_parea=0.200, l_nlarea=1.000, l_corr=1.000, l_dist=5.000
using quadratic fit line minimization
complete_dist_mat 0
rms 0
smooth_averages 0
remove_neg 0
ico_order 0
which_surface 0
target_radius 0.000000
nfields 0
scale 0.000000
desired_rms_height -1.000000
momentum 0.950000
nbhd_size -10
max_nbrs 10
niterations 25
nsurfaces 0
SURFACES 3
flags 16 (10)
use curv 16
no sulc 0
no rigid align 0
mris->nsize 1
mris->hemisphere 1
randomSeed 0

tol=5.0e-01, sigma=0.0, host=dna05, nav=1024, nbrs=1, l_extern=10000.000, l_parea=0.200, l_nlarea=1.000, l_corr=1.000, l_dist=5.000
using quadratic fit line minimization
--------------------
1 Reading rh.sulc
tol=1.0e+00, sigma=0.5, host=dna05, nav=1024, nbrs=1, l_extern=10000.000, l_parea=0.200, l_nlarea=1.000, l_corr=0.050, l_spring=0.500, l_dist=5.000
using quadratic fit line minimization
curvature mean = -0.000, std = 5.520
curvature mean = 0.025, std = 0.809
curvature mean = 0.013, std = 0.858
Starting MRISrigidBodyAlignGlobal()
Starting new MRISrigidBodyAlignGlobal_findMinSSE()
  new MRISrigidBodyAlignGlobal_findMinSSE min @ (11.50, 0.00, 1.00) sse = 270448.9, elapsed since starting=0.1147 min
MRISrigidBodyAlignGlobal() done   0.11 min
curvature mean = 0.001, std = 0.825
curvature mean = 0.005, std = 0.946
curvature mean = -0.004, std = 0.832
curvature mean = 0.002, std = 0.979
curvature mean = -0.006, std = 0.833
curvature mean = 0.000, std = 0.992
2 Reading smoothwm
curvature mean = -0.018, std = 0.261
curvature mean = 0.036, std = 0.241
curvature mean = 0.044, std = 0.382
curvature mean = 0.033, std = 0.299
curvature mean = 0.021, std = 0.596
curvature mean = 0.032, std = 0.326
curvature mean = 0.011, std = 0.743
curvature mean = 0.032, std = 0.338
curvature mean = 0.003, std = 0.845
MRISregister() return, current seed 0
-01: dt=0.0000,  49 negative triangles  VmPeak 1609856
116: dt=0.9900,  49 negative triangles
117: dt=0.9900,  46 negative triangles
118: dt=0.9900,  43 negative triangles
119: dt=0.9900,  48 negative triangles
120: dt=0.9900,  45 negative triangles
121: dt=0.9900,  46 negative triangles
122: dt=0.9900,  44 negative triangles
123: dt=0.9900,  49 negative triangles
124: dt=0.9900,  46 negative triangles
125: dt=0.9900,  49 negative triangles
126: dt=0.9900,  48 negative triangles
127: dt=0.9900,  53 negative triangles
128: dt=0.9405,  44 negative triangles
129: dt=0.9405,  56 negative triangles
130: dt=0.9405,  49 negative triangles
131: dt=0.9405,  52 negative triangles
132: dt=0.9405,  48 negative triangles
133: dt=0.9405,  53 negative triangles
134: dt=0.9405,  48 negative triangles
135: dt=0.9405,  49 negative triangles
136: dt=0.9405,  48 negative triangles
137: dt=0.9405,  49 negative triangles
138: dt=0.8935,  54 negative triangles
139: dt=0.8935,  50 negative triangles
140: dt=0.8935,  47 negative triangles
141: dt=0.8935,  43 negative triangles
142: dt=0.8935,  49 negative triangles
143: dt=0.8935,  45 negative triangles
144: dt=0.8935,  48 negative triangles
145: dt=0.8935,  48 negative triangles
146: dt=0.8935,  44 negative triangles
147: dt=0.8935,  44 negative triangles
148: dt=0.8488,  47 negative triangles
149: dt=0.8488,  45 negative triangles
150: dt=0.8488,  42 negative triangles
151: dt=0.8488,  46 negative triangles
152: dt=0.8488,  48 negative triangles
153: dt=0.8488,  45 negative triangles
154: dt=0.8488,  45 negative triangles
155: dt=0.8488,  49 negative triangles
156: dt=0.8488,  46 negative triangles
157: dt=0.8488,  44 negative triangles
158: dt=0.8488,  43 negative triangles
159: dt=0.8488,  49 negative triangles
160: dt=0.8064,  44 negative triangles
161: dt=0.8064,  42 negative triangles
162: dt=0.8064,  45 negative triangles
163: dt=0.8064,  42 negative triangles
164: dt=0.8064,  40 negative triangles
165: dt=0.8064,  42 negative triangles
166: dt=0.8064,  43 negative triangles
167: dt=0.8064,  40 negative triangles
168: dt=0.8064,  43 negative triangles
169: dt=0.8064,  45 negative triangles
170: dt=0.8064,  42 negative triangles
171: dt=0.8064,  42 negative triangles
172: dt=0.8064,  42 negative triangles
173: dt=0.8064,  45 negative triangles
174: dt=0.7660,  40 negative triangles
175: dt=0.7660,  39 negative triangles
176: dt=0.7660,  47 negative triangles
177: dt=0.7660,  41 negative triangles
178: dt=0.7660,  38 negative triangles
179: dt=0.7660,  41 negative triangles
180: dt=0.7660,  41 negative triangles
181: dt=0.7660,  36 negative triangles
182: dt=0.7660,  33 negative triangles
183: dt=0.7660,  41 negative triangles
184: dt=0.7660,  38 negative triangles
185: dt=0.7660,  36 negative triangles
186: dt=0.7660,  35 negative triangles
187: dt=0.7660,  38 negative triangles
188: dt=0.7660,  38 negative triangles
189: dt=0.7660,  34 negative triangles
190: dt=0.7660,  33 negative triangles
191: dt=0.7660,  41 negative triangles
192: dt=0.7277,  35 negative triangles
193: dt=0.7277,  33 negative triangles
194: dt=0.7277,  37 negative triangles
195: dt=0.7277,  37 negative triangles
196: dt=0.7277,  33 negative triangles
197: dt=0.7277,  33 negative triangles
198: dt=0.7277,  34 negative triangles
199: dt=0.7277,  33 negative triangles
200: dt=0.7277,  30 negative triangles
201: dt=0.7277,  33 negative triangles
202: dt=0.7277,  31 negative triangles
203: dt=0.7277,  29 negative triangles
204: dt=0.7277,  31 negative triangles
205: dt=0.7277,  36 negative triangles
206: dt=0.7277,  33 negative triangles
207: dt=0.7277,  29 negative triangles
208: dt=0.7277,  30 negative triangles
209: dt=0.7277,  34 negative triangles
210: dt=0.7277,  32 negative triangles
211: dt=0.7277,  32 negative triangles
212: dt=0.7277,  29 negative triangles
213: dt=0.6914,  30 negative triangles
214: dt=0.6914,  30 negative triangles
215: dt=0.6914,  30 negative triangles
216: dt=0.6914,  33 negative triangles
217: dt=0.6914,  30 negative triangles
218: dt=0.6914,  28 negative triangles
219: dt=0.6914,  30 negative triangles
220: dt=0.6914,  28 negative triangles
221: dt=0.6914,  27 negative triangles
222: dt=0.6914,  25 negative triangles
223: dt=0.6914,  25 negative triangles
224: dt=0.6914,  29 negative triangles
225: dt=0.6914,  26 negative triangles
226: dt=0.6914,  24 negative triangles
227: dt=0.6914,  28 negative triangles
228: dt=0.6914,  30 negative triangles
229: dt=0.6914,  27 negative triangles
230: dt=0.6914,  24 negative triangles
231: dt=0.6914,  26 negative triangles
232: dt=0.6914,  24 negative triangles
233: dt=0.6914,  27 negative triangles
234: dt=0.6914,  25 negative triangles
235: dt=0.6914,  25 negative triangles
236: dt=0.6914,  23 negative triangles
237: dt=0.6914,  21 negative triangles
238: dt=0.6914,  20 negative triangles
239: dt=0.6914,  20 negative triangles
240: dt=0.6914,  20 negative triangles
241: dt=0.6914,  23 negative triangles
242: dt=0.6914,  20 negative triangles
243: dt=0.6914,  20 negative triangles
244: dt=0.6914,  18 negative triangles
245: dt=0.6914,  19 negative triangles
246: dt=0.6914,  16 negative triangles
247: dt=0.6914,  14 negative triangles
248: dt=0.6914,  16 negative triangles
249: dt=0.6914,  14 negative triangles
250: dt=0.6914,  13 negative triangles
251: dt=0.6914,  13 negative triangles
252: dt=0.6914,  13 negative triangles
253: dt=0.6914,  15 negative triangles
254: dt=0.6914,  13 negative triangles
255: dt=0.6914,  11 negative triangles
256: dt=0.6914,  14 negative triangles
257: dt=0.6914,  10 negative triangles
258: dt=0.6914,   9 negative triangles
259: dt=0.6914,   9 negative triangles
260: dt=0.6914,   7 negative triangles
261: dt=0.6914,   9 negative triangles
262: dt=0.6914,   8 negative triangles
263: dt=0.6914,  10 negative triangles
264: dt=0.6914,   5 negative triangles
265: dt=0.6914,   6 negative triangles
266: dt=0.6914,   2 negative triangles
267: dt=0.6914,   1 negative triangles
268: dt=0.6914,   5 negative triangles
269: dt=0.6914,   2 negative triangles
270: dt=0.6914,   2 negative triangles
271: dt=0.6914,   1 negative triangles
writing registered surface to ../surf/rh.sphere.reg...
registration took 0.09 hours
#VMPC# mris_register VmPeak  1609856
FSRUNTIME@ mris_register  0.0866 hours 16 threads

 ln -sf rh.sphere.reg rh.fsaverage.sphere.reg 

#--------------------------------------------
#@# Jacobian white rh Sun Mar  8 20:04:57 CET 2026
/out/sourcedata/freesurfer/sub-v1s14x0051562_ses-1/scripts

 mris_jacobian ../surf/rh.white.preaparc ../surf/rh.sphere.reg ../surf/rh.jacobian_white 

reading surface from ../surf/rh.white.preaparc...
writing curvature file ../surf/rh.jacobian_white
#--------------------------------------------
#@# AvgCurv rh Sun Mar  8 20:04:58 CET 2026
/out/sourcedata/freesurfer/sub-v1s14x0051562_ses-1/scripts

 mrisp_paint -a 5 /opt/freesurfer/average/rh.folding.atlas.acfb40.noaparc.i12.2016-08-02.tif#6 ../surf/rh.sphere.reg ../surf/rh.avg_curv 

averaging curvature patterns 5 times...
reading surface from ../surf/rh.sphere.reg...
reading template parameterization from /opt/freesurfer/average/rh.folding.atlas.acfb40.noaparc.i12.2016-08-02.tif...
writing curvature file to ../surf/rh.avg_curv...
#-----------------------------------------
#@# Cortical Parc rh Sun Mar  8 20:04:59 CET 2026
/out/sourcedata/freesurfer/sub-v1s14x0051562_ses-1/scripts

 mris_ca_label -l ../label/rh.cortex.label -aseg ../mri/aseg.presurf.mgz -seed 1234 sub-v1s14x0051562_ses-1 rh ../surf/rh.sphere.reg /opt/freesurfer/average/rh.DKaparc.atlas.acfb40.noaparc.i12.2016-08-02.gcs ../label/rh.aparc.annot 

setting seed for random number generator to 1234
using ../mri/aseg.presurf.mgz aseg volume to correct midline
7.3.2
  7.3.2
reading atlas from /opt/freesurfer/average/rh.DKaparc.atlas.acfb40.noaparc.i12.2016-08-02.gcs...
reading color table from GCSA file....
average std = 0.7   using min determinant for regularization = 0.004
0 singular and 309 ill-conditioned covariance matrices regularized
input 0: MEAN CURVATURE, flags 0, avgs 5, name mean_curvature
labeling surface...
1060 labels changed using aseg
relabeling using gibbs priors...
000:   2950 changed, 144414 examined...
001:    645 changed, 12689 examined...
002:    140 changed, 3743 examined...
003:     47 changed, 897 examined...
004:     18 changed, 301 examined...
005:      6 changed, 116 examined...
006:      1 changed, 33 examined...
007:      1 changed, 7 examined...
008:      0 changed, 7 examined...
147 labels changed using aseg
000: 95 total segments, 58 labels (172 vertices) changed
001: 38 total segments, 1 labels (1 vertices) changed
002: 37 total segments, 0 labels (0 vertices) changed
10 filter iterations complete (10 requested, 1 changed)
rationalizing unknown annotations with cortex label
relabeling unknown label...
relabeling corpuscallosum label...
1736 vertices marked for relabeling...
1736 labels changed in reclassification.
writing output to ../label/rh.aparc.annot...
classification took 0 minutes and 12 seconds.
#--------------------------------------------
#@# WhiteSurfs rh Sun Mar  8 20:05:11 CET 2026
cd /out/sourcedata/freesurfer/sub-v1s14x0051562_ses-1/mri
mris_place_surface --adgws-in ../surf/autodet.gw.stats.rh.dat --seg aseg.presurf.mgz --threads 16 --wm wm.mgz --invol brain.finalsurfs.mgz --rh --i ../surf/rh.white.preaparc --o ../surf/rh.white --white --nsmooth 0 --rip-label ../label/rh.cortex.label --rip-bg --rip-surf ../surf/rh.white.preaparc --aparc ../label/rh.aparc.annot
7.3.2
7.3.2

cd /out/sourcedata/freesurfer/sub-v1s14x0051562_ses-1/mri
setenv SUBJECTS_DIR /out/sourcedata/freesurfer
mris_place_surface --adgws-in ../surf/autodet.gw.stats.rh.dat --seg aseg.presurf.mgz --threads 16 --wm wm.mgz --invol brain.finalsurfs.mgz --rh --i ../surf/rh.white.preaparc --o ../surf/rh.white --white --nsmooth 0 --rip-label ../label/rh.cortex.label --rip-bg --rip-surf ../surf/rh.white.preaparc --aparc ../label/rh.aparc.annot 

Reading in input surface ../surf/rh.white.preaparc
Not smoothing input surface
Area    288824  0.32725  0.11374 0.000986   2.4890
Corner  866472 60.00000 13.70520 0.519028 177.9916
Edge    433236  0.87912  0.18968 0.031727   3.7088
Hinge   433236  9.66602 11.23550 0.000022 179.9942
Reading in aparc ../label/rh.aparc.annot
Reading in input volume brain.finalsurfs.mgz
Reading in wm volume wm.mgz
MRIclipBrightWM(): nthresh=19296, wmmin=5, clip=110 
MRIfindBrightNonWM(): 1586 bright non-wm voxels segmented.
Masking bright non-wm for white surface
MRImask(): AllowDiffGeom = 1
MRImask(): AllowDiffGeom = 1
Reading in seg volume aseg.presurf.mgz
Ripping frozen voxels
Ripping vertices not in label ../label/rh.cortex.label
MRISripNotLabel() ripped 8854/144414 vertices (135560 unripped)
Reading in ripping surface ../surf/rh.white.preaparc
Reading in aparc ../label/rh.aparc.annot for ripsurf
Ripping BG
MRISripBasalGanglia(): 1 -2 2 0.5 ripped 423
Ripping segs (eg, WMSA, BG, frozen)
Starting MRISripSegs() d = (-2 2 0.5) segnos: 247 
MRISripSegs(): -2 2 0.5 ripped 0
vertex 72207: xyz = (62.2768,5.65577,-12.8157) oxyz = (62.2768,5.65577,-12.8157) wxzy = (62.2768,5.65577,-12.8157) pxyz = (0,0,0) 
CBVO Creating mask 144414
n_averages 4
Iteration 0 =========================================
n_averages=4, current_sigma=2
Computing target border values 
Entering MRIScomputeBorderValues_new(): 
  inside_hi   = 120.0000000;
  border_hi   = 111.5354160;
  border_low  =  71.0000000;
  outside_low =  58.9879950;
  outside_hi  = 111.5354160;
  sigma = 2;
  max_thickness = 10;
  step_size=0.5;
  STEP_SIZE=0.1;
  which = 1
  thresh = 0
  flags = 0
  CBVfindFirstPeakD1=0
  CBVfindFirstPeakD2=0
  nvertices=144414
  Gdiag_no=-1
  vno start=0, stop=144414
Replacing 255s with 0s
#SI# sigma=2 had to be increased for 171 vertices, nripped=9277
mean border=83.9, 236 (236) missing vertices, mean dist 0.3 [0.8 (%22.4)->0.6 (%77.6))]
%55 local maxima, %38 large gradients and % 0 min vals, 0 gradients ignored
nFirstPeakD1 0
MRIScomputeBorderValues_new() finished in 0.0216 min


Finding expansion regions
mean absolute distance = 0.69 +- 1.04
2821 vertices more than 2 sigmas from mean.
Averaging target values for 5 iterations...
Positioning Surface: tspring = 0.3, nspring = 0.3, spring = 0, niters = 100 l_repulse = 5, l_surf_repulse = 0, checktol = 0
Positioning pial surface
Entering MRISpositionSurface()
  max_mm = 0.3
  MAX_REDUCTIONS = 2, REDUCTION_PCT = 0.5
  parms->check_tol = 0, niterations = 100
tol=1.0e-04, sigma=2.0, host=dna05, nav=4, nbrs=2, l_repulse=5.000, l_tspring=0.300, l_nspring=0.300, l_intensity=0.200, l_curv=1.000
mom=0.00, dt=0.50
complete_dist_mat 0
rms 0
smooth_averages 0
remove_neg 0
ico_order 0
which_surface 0
target_radius 0.000000
nfields 0
scale 0.000000
desired_rms_height 0.000000
momentum 0.000000
nbhd_size 0
max_nbrs 0
niterations 100
nsurfaces 0
SURFACES 3
flags 0 (0)
use curv 0
no sulc 0
no rigid align 0
mris->nsize 2
mris->hemisphere 1
randomSeed 0

000: dt: 0.0000, sse=1481768.8, rms=6.865
001: dt: 0.5000, sse=724399.1, rms=4.387 (36.092%)
002: dt: 0.5000, sse=500738.5, rms=3.341 (23.849%)
003: dt: 0.5000, sse=472278.5, rms=3.057 (8.492%)
004: dt: 0.5000, sse=425997.6, rms=2.898 (5.198%)
rms = 2.9453/2.8984, sse=436100.4/425997.6, time step reduction 1 of 3 to 0.250  0 1 1
   RMS increased, rejecting step
005: dt: 0.2500, sse=338814.2, rms=2.257 (22.114%)
006: dt: 0.2500, sse=306435.0, rms=1.960 (13.177%)
007: dt: 0.2500, sse=298697.3, rms=1.887 (3.723%)
rms = 1.8705/1.8870, sse=297332.3/298697.3, time step reduction 2 of 3 to 0.125  0 0 1
008: dt: 0.2500, sse=297332.3, rms=1.870 (0.875%)
rms = 1.8437/1.8705, sse=294473.1/297332.3, time step reduction 3 of 3 to 0.062  0 0 1
009: dt: 0.1250, sse=294473.1, rms=1.844 (1.433%)
  maximum number of reductions reached, breaking from loop
positioning took 1.0 minutes
Iteration 1 =========================================
n_averages=2, current_sigma=1
Computing target border values 
Entering MRIScomputeBorderValues_new(): 
  inside_hi   = 120.0000000;
  border_hi   = 111.5354160;
  border_low  =  71.0000000;
  outside_low =  58.9879950;
  outside_hi  = 111.5354160;
  sigma = 1;
  max_thickness = 10;
  step_size=0.5;
  STEP_SIZE=0.1;
  which = 1
  thresh = 0
  flags = 0
  CBVfindFirstPeakD1=0
  CBVfindFirstPeakD2=0
  nvertices=144414
  Gdiag_no=-1
  vno start=0, stop=144414
Replacing 255s with 0s
#SI# sigma=1 had to be increased for 208 vertices, nripped=9277
mean border=85.9, 116 (56) missing vertices, mean dist -0.2 [0.5 (%61.9)->0.2 (%38.1))]
%63 local maxima, %30 large gradients and % 0 min vals, 0 gradients ignored
nFirstPeakD1 0
MRIScomputeBorderValues_new() finished in 0.0143 min


Finding expansion regions
mean absolute distance = 0.40 +- 0.76
3066 vertices more than 2 sigmas from mean.
Averaging target values for 5 iterations...
Positioning Surface: tspring = 0.3, nspring = 0.3, spring = 0, niters = 100 l_repulse = 5, l_surf_repulse = 0, checktol = 0
Positioning pial surface
Entering MRISpositionSurface()
  max_mm = 0.3
  MAX_REDUCTIONS = 2, REDUCTION_PCT = 0.5
  parms->check_tol = 0, niterations = 100
tol=1.0e-04, sigma=1.0, host=dna05, nav=2, nbrs=2, l_repulse=5.000, l_tspring=0.300, l_nspring=0.300, l_intensity=0.200, l_curv=1.000
mom=0.00, dt=0.50
000: dt: 0.0000, sse=671384.4, rms=4.102
010: dt: 0.5000, sse=478256.2, rms=3.038 (25.946%)
011: dt: 0.5000, sse=430052.3, rms=2.783 (8.399%)
rms = 2.7726/2.7825, sse=433769.7/430052.3, time step reduction 1 of 3 to 0.250  0 1 1
012: dt: 0.5000, sse=433769.7, rms=2.773 (0.355%)
013: dt: 0.2500, sse=339647.3, rms=1.998 (27.943%)
014: dt: 0.2500, sse=316213.5, rms=1.872 (6.291%)
rms = 1.8295/1.8722, sse=312191.6/316213.5, time step reduction 2 of 3 to 0.125  0 0 1
015: dt: 0.2500, sse=312191.6, rms=1.830 (2.279%)
016: dt: 0.1250, sse=306423.0, rms=1.774 (3.052%)
rms = 1.7637/1.7737, sse=307551.0/306423.0, time step reduction 3 of 3 to 0.062  0 1 1
017: dt: 0.1250, sse=307551.0, rms=1.764 (0.561%)
  maximum number of reductions reached, breaking from loop
positioning took 0.8 minutes
Iteration 2 =========================================
n_averages=1, current_sigma=0.5
Computing target border values 
Entering MRIScomputeBorderValues_new(): 
  inside_hi   = 120.0000000;
  border_hi   = 111.5354160;
  border_low  =  71.0000000;
  outside_low =  58.9879950;
  outside_hi  = 111.5354160;
  sigma = 0.5;
  max_thickness = 10;
  step_size=0.5;
  STEP_SIZE=0.1;
  which = 1
  thresh = 0
  flags = 0
  CBVfindFirstPeakD1=0
  CBVfindFirstPeakD2=0
  nvertices=144414
  Gdiag_no=-1
  vno start=0, stop=144414
Replacing 255s with 0s
#SI# sigma=0.5 had to be increased for 278 vertices, nripped=9277
mean border=87.7, 145 (30) missing vertices, mean dist -0.2 [0.4 (%67.0)->0.2 (%33.0))]
%74 local maxima, %19 large gradients and % 0 min vals, 0 gradients ignored
nFirstPeakD1 0
MRIScomputeBorderValues_new() finished in 0.0086 min


Finding expansion regions
mean absolute distance = 0.32 +- 0.55
4064 vertices more than 2 sigmas from mean.
Averaging target values for 5 iterations...
Positioning Surface: tspring = 0.3, nspring = 0.3, spring = 0, niters = 100 l_repulse = 5, l_surf_repulse = 0, checktol = 0
Positioning pial surface
Entering MRISpositionSurface()
  max_mm = 0.3
  MAX_REDUCTIONS = 2, REDUCTION_PCT = 0.5
  parms->check_tol = 0, niterations = 100
tol=1.0e-04, sigma=0.5, host=dna05, nav=1, nbrs=2, l_repulse=5.000, l_tspring=0.300, l_nspring=0.300, l_intensity=0.200, l_curv=1.000
mom=0.00, dt=0.50
000: dt: 0.0000, sse=531755.3, rms=3.417
018: dt: 0.5000, sse=410896.3, rms=2.587 (24.287%)
rms = 2.5432/2.5874, sse=407464.8/410896.3, time step reduction 1 of 3 to 0.250  0 0 1
019: dt: 0.5000, sse=407464.8, rms=2.543 (1.709%)
020: dt: 0.2500, sse=316152.9, rms=1.839 (27.696%)
021: dt: 0.2500, sse=315457.4, rms=1.724 (6.263%)
rms = 1.7167/1.7236, sse=299991.4/315457.4, time step reduction 2 of 3 to 0.125  0 0 1
022: dt: 0.2500, sse=299991.4, rms=1.717 (0.401%)
023: dt: 0.1250, sse=298107.6, rms=1.663 (3.144%)
rms = 1.6525/1.6627, sse=299601.3/298107.6, time step reduction 3 of 3 to 0.062  0 1 1
024: dt: 0.1250, sse=299601.2, rms=1.652 (0.616%)
  maximum number of reductions reached, breaking from loop
positioning took 0.7 minutes
Iteration 3 =========================================
n_averages=0, current_sigma=0.25
Computing target border values 
Entering MRIScomputeBorderValues_new(): 
  inside_hi   = 120.0000000;
  border_hi   = 111.5354160;
  border_low  =  71.0000000;
  outside_low =  58.9879950;
  outside_hi  = 111.5354160;
  sigma = 0.25;
  max_thickness = 10;
  step_size=0.5;
  STEP_SIZE=0.1;
  which = 1
  thresh = 0
  flags = 0
  CBVfindFirstPeakD1=0
  CBVfindFirstPeakD2=0
  nvertices=144414
  Gdiag_no=-1
  vno start=0, stop=144414
Replacing 255s with 0s
#SI# sigma=0.25 had to be increased for 260 vertices, nripped=9277
mean border=88.5, 194 (22) missing vertices, mean dist -0.1 [0.3 (%57.4)->0.2 (%42.6))]
%79 local maxima, %14 large gradients and % 0 min vals, 0 gradients ignored
nFirstPeakD1 0
MRIScomputeBorderValues_new() finished in 0.0045 min


Finding expansion regions
mean absolute distance = 0.26 +- 0.43
3823 vertices more than 2 sigmas from mean.
Averaging target values for 5 iterations...
Positioning Surface: tspring = 0.3, nspring = 0.3, spring = 0, niters = 100 l_repulse = 5, l_surf_repulse = 0, checktol = 0
Positioning pial surface
Entering MRISpositionSurface()
  max_mm = 0.3
  MAX_REDUCTIONS = 2, REDUCTION_PCT = 0.5
  parms->check_tol = 0, niterations = 100
tol=1.0e-04, sigma=0.2, host=dna05, nav=0, nbrs=2, l_repulse=5.000, l_tspring=0.300, l_nspring=0.300, l_intensity=0.200, l_curv=1.000
mom=0.00, dt=0.50
000: dt: 0.0000, sse=344451.2, rms=2.130
025: dt: 0.5000, sse=338400.9, rms=2.034 (4.476%)
rms = 2.1539/2.0344, sse=359379.2/338400.9, time step reduction 1 of 3 to 0.250  0 1 1
   RMS increased, rejecting step
026: dt: 0.2500, sse=301885.9, rms=1.702 (16.354%)
rms = 1.6367/1.7017, sse=310897.0/301885.9, time step reduction 2 of 3 to 0.125  0 1 0
027: dt: 0.2500, sse=310897.0, rms=1.637 (3.817%)
028: dt: 0.1250, sse=285402.3, rms=1.549 (5.385%)
rms = 1.5260/1.5486, sse=275546.2/285402.3, time step reduction 3 of 3 to 0.062  0 0 1
029: dt: 0.1250, sse=275546.2, rms=1.526 (1.459%)
  maximum number of reductions reached, breaking from loop
positioning took 0.6 minutes


Writing output to ../surf/rh.white
#ET# mris_place_surface  3.17 minutes
#VMPC# mris_place_surfaces VmPeak  3103576
mris_place_surface done
#--------------------------------------------
#@# T1PialSurf rh Sun Mar  8 20:08:29 CET 2026
cd /out/sourcedata/freesurfer/sub-v1s14x0051562_ses-1/mri
mris_place_surface --adgws-in ../surf/autodet.gw.stats.rh.dat --seg aseg.presurf.mgz --threads 16 --wm wm.mgz --invol brain.finalsurfs.mgz --rh --i ../surf/rh.white --o ../surf/rh.pial.T1 --pial --nsmooth 0 --rip-label ../label/rh.cortex+hipamyg.label --pin-medial-wall ../label/rh.cortex.label --aparc ../label/rh.aparc.annot --repulse-surf ../surf/rh.white --white-surf ../surf/rh.white
7.3.2
7.3.2

cd /out/sourcedata/freesurfer/sub-v1s14x0051562_ses-1/mri
setenv SUBJECTS_DIR /out/sourcedata/freesurfer
mris_place_surface --adgws-in ../surf/autodet.gw.stats.rh.dat --seg aseg.presurf.mgz --threads 16 --wm wm.mgz --invol brain.finalsurfs.mgz --rh --i ../surf/rh.white --o ../surf/rh.pial.T1 --pial --nsmooth 0 --rip-label ../label/rh.cortex+hipamyg.label --pin-medial-wall ../label/rh.cortex.label --aparc ../label/rh.aparc.annot --repulse-surf ../surf/rh.white --white-surf ../surf/rh.white 

Reading in input surface ../surf/rh.white
Not smoothing input surface
Area    288824  0.32835  0.12441 0.001344   2.2404
Corner  866472 60.00000 14.89890 0.420131 178.2463
Edge    433236  0.88186  0.20544 0.018053   3.7088
Hinge   433236  9.69115 11.23315 0.000003 179.9532
Reading white surface coordinates from ../surf/rh.white
Reading repulsion surface coordinates from ../surf/rh.white
Reading in aparc ../label/rh.aparc.annot
Reading in input volume brain.finalsurfs.mgz
Reading in wm volume wm.mgz
MRIclipBrightWM(): nthresh=19296, wmmin=5, clip=110 
MRIfindBrightNonWM(): 1586 bright non-wm voxels segmented.
Masking bright non-wm for pial surface mid_gray = 65.7143
MRImask(): AllowDiffGeom = 1
MRImask(): AllowDiffGeom = 1
MRImask(): AllowDiffGeom = 1
Reading in seg volume aseg.presurf.mgz
Ripping frozen voxels
Ripping vertices not in label ../label/rh.cortex+hipamyg.label
MRISripNotLabel() ripped 6232/144414 vertices (138182 unripped)
INFO: rip surface needed but not specified, so using input surface
Ripping segs (eg, WMSA, BG, frozen)
Starting MRISripSegs() d = (-2 2 0.5) segnos: 247 
MRISripSegs(): -2 2 0.5 ripped 0
vertex 72207: xyz = (62.2625,5.66493,-12.8526) oxyz = (62.2625,5.66493,-12.8526) wxzy = (62.2625,5.66493,-12.8526) pxyz = (62.2625,5.66493,-12.8526) 
CBVO Creating mask 144414
n_averages 16
Iteration 0 =========================================
n_averages=16, current_sigma=2
Computing target border values 
Entering MRIScomputeBorderValues_new(): 
  inside_hi   =  96.4645840;
  border_hi   =  58.9879950;
  border_low  =  34.9639820;
  outside_low =  10.0000000;
  outside_hi  =  52.9819950;
  sigma = 2;
  max_thickness = 10;
  step_size=0.5;
  STEP_SIZE=0.1;
  which = 2
  thresh = 0
  flags = 0
  CBVfindFirstPeakD1=0
  CBVfindFirstPeakD2=0
  nvertices=144414
  Gdiag_no=-1
  vno start=0, stop=144414
Replacing 255s with 0s
#SI# sigma=2 had to be increased for 223 vertices, nripped=6232
mean border=57.8, 290 (290) missing vertices, mean dist 1.5 [0.2 (%0.0)->2.5 (%100.0))]
%12 local maxima, %44 large gradients and %40 min vals, 0 gradients ignored
nFirstPeakD1 0
MRIScomputeBorderValues_new() finished in 0.0131 min


Averaging target values for 5 iterations...
Positioning Surface: tspring = 0.3, nspring = 0.3, spring = 0, niters = 100 l_repulse = 0, l_surf_repulse = 5, checktol = 0
Positioning pial surface
Entering MRISpositionSurface()
  max_mm = 0.3
  MAX_REDUCTIONS = 2, REDUCTION_PCT = 0.5
  parms->check_tol = 0, niterations = 100
tol=1.0e-04, sigma=2.0, host=dna05, nav=16, nbrs=2, l_surf_repulse=5.000, l_tspring=0.300, l_nspring=0.300, l_intensity=0.200, l_curv=1.000
mom=0.00, dt=0.50
complete_dist_mat 0
rms 0
smooth_averages 0
remove_neg 0
ico_order 0
which_surface 0
target_radius 0.000000
nfields 0
scale 0.000000
desired_rms_height 0.000000
momentum 0.000000
nbhd_size 0
max_nbrs 0
niterations 100
nsurfaces 0
SURFACES 3
flags 0 (0)
use curv 0
no sulc 0
no rigid align 0
mris->nsize 2
mris->hemisphere 1
randomSeed 0

000: dt: 0.0000, sse=27803766.0, rms=31.637
001: dt: 0.5000, sse=20476810.0, rms=27.114 (14.294%)
002: dt: 0.5000, sse=14879328.0, rms=23.069 (14.919%)
003: dt: 0.5000, sse=10971387.0, rms=19.759 (14.350%)
004: dt: 0.5000, sse=8487691.0, rms=17.328 (12.303%)
005: dt: 0.5000, sse=6932641.5, rms=15.613 (9.894%)
006: dt: 0.5000, sse=5682850.5, rms=14.084 (9.794%)
007: dt: 0.5000, sse=4667503.5, rms=12.707 (9.783%)
008: dt: 0.5000, sse=3693366.0, rms=11.226 (11.650%)
009: dt: 0.5000, sse=2888807.0, rms=9.837 (12.376%)
010: dt: 0.5000, sse=2190640.5, rms=8.447 (14.124%)
011: dt: 0.5000, sse=1751309.6, rms=7.441 (11.919%)
012: dt: 0.5000, sse=1434803.6, rms=6.620 (11.032%)
013: dt: 0.5000, sse=1270660.2, rms=6.150 (7.098%)
014: dt: 0.5000, sse=1134941.2, rms=5.732 (6.803%)
015: dt: 0.5000, sse=1094476.5, rms=5.599 (2.317%)
016: dt: 0.5000, sse=1033055.1, rms=5.393 (3.677%)
rms = 5.3958/5.3929, sse=1034893.0/1033055.1, time step reduction 1 of 3 to 0.250  0 1 1
   RMS increased, rejecting step
017: dt: 0.2500, sse=792145.4, rms=4.498 (16.597%)
018: dt: 0.2500, sse=728596.2, rms=4.227 (6.021%)
rms = 4.2163/4.2270, sse=726675.4/728596.2, time step reduction 2 of 3 to 0.125  0 0 1
019: dt: 0.2500, sse=726675.4, rms=4.216 (0.253%)
020: dt: 0.1250, sse=637572.4, rms=3.809 (9.670%)
021: dt: 0.1250, sse=624122.9, rms=3.743 (1.726%)
rms = 3.7165/3.7428, sse=618888.0/624122.9, time step reduction 3 of 3 to 0.062  0 0 1
022: dt: 0.1250, sse=618888.1, rms=3.717 (0.703%)
  maximum number of reductions reached, breaking from loop
positioning took 1.9 minutes
Iteration 1 =========================================
n_averages=8, current_sigma=1
Computing target border values 
Entering MRIScomputeBorderValues_new(): 
  inside_hi   =  96.4645840;
  border_hi   =  58.9879950;
  border_low  =  34.9639820;
  outside_low =  10.0000000;
  outside_hi  =  52.9819950;
  sigma = 1;
  max_thickness = 10;
  step_size=0.5;
  STEP_SIZE=0.1;
  which = 2
  thresh = 0
  flags = 0
  CBVfindFirstPeakD1=0
  CBVfindFirstPeakD2=0
  nvertices=144414
  Gdiag_no=-1
  vno start=0, stop=144414
Replacing 255s with 0s
#SI# sigma=1 had to be increased for 10613 vertices, nripped=6232
mean border=56.9, 2202 (74) missing vertices, mean dist 0.1 [0.1 (%53.2)->0.5 (%46.8))]
%21 local maxima, %38 large gradients and %35 min vals, 0 gradients ignored
nFirstPeakD1 0
MRIScomputeBorderValues_new() finished in 0.0051 min


Averaging target values for 5 iterations...
Positioning Surface: tspring = 0.3, nspring = 0.3, spring = 0, niters = 100 l_repulse = 0, l_surf_repulse = 5, checktol = 0
Positioning pial surface
Entering MRISpositionSurface()
  max_mm = 0.3
  MAX_REDUCTIONS = 2, REDUCTION_PCT = 0.5
  parms->check_tol = 0, niterations = 100
tol=1.0e-04, sigma=1.0, host=dna05, nav=8, nbrs=2, l_surf_repulse=5.000, l_tspring=0.300, l_nspring=0.300, l_intensity=0.200, l_curv=1.000
mom=0.00, dt=0.50
000: dt: 0.0000, sse=802058.1, rms=4.319
rms = 4.9177/4.3192, sse=954755.4/802058.1, time step reduction 1 of 3 to 0.250  0 1 1
   RMS increased, rejecting step
023: dt: 0.2500, sse=726374.1, rms=3.987 (7.696%)
024: dt: 0.2500, sse=705900.6, rms=3.892 (2.389%)
rms = 3.9341/3.8916, sse=714950.6/705900.6, time step reduction 2 of 3 to 0.125  0 1 1
   RMS increased, rejecting step
025: dt: 0.1250, sse=691267.5, rms=3.822 (1.790%)
026: dt: 0.1250, sse=671483.9, rms=3.725 (2.527%)
rms = 3.6806/3.7254, sse=662436.4/671484.0, time step reduction 3 of 3 to 0.062  0 0 1
027: dt: 0.1250, sse=662436.4, rms=3.681 (1.201%)
  maximum number of reductions reached, breaking from loop
positioning took 0.5 minutes
Iteration 2 =========================================
n_averages=4, current_sigma=0.5
Computing target border values 
Entering MRIScomputeBorderValues_new(): 
  inside_hi   =  96.4645840;
  border_hi   =  58.9879950;
  border_low  =  34.9639820;
  outside_low =  10.0000000;
  outside_hi  =  52.9819950;
  sigma = 0.5;
  max_thickness = 10;
  step_size=0.5;
  STEP_SIZE=0.1;
  which = 2
  thresh = 0
  flags = 0
  CBVfindFirstPeakD1=0
  CBVfindFirstPeakD2=0
  nvertices=144414
  Gdiag_no=-1
  vno start=0, stop=144414
Replacing 255s with 0s
#SI# sigma=0.5 had to be increased for 11589 vertices, nripped=6232
mean border=56.2, 2417 (62) missing vertices, mean dist 0.1 [0.1 (%48.5)->0.4 (%51.5))]
%32 local maxima, %26 large gradients and %36 min vals, 0 gradients ignored
nFirstPeakD1 0
MRIScomputeBorderValues_new() finished in 0.0025 min


Averaging target values for 5 iterations...
Positioning Surface: tspring = 0.3, nspring = 0.3, spring = 0, niters = 100 l_repulse = 0, l_surf_repulse = 5, checktol = 0
Positioning pial surface
Entering MRISpositionSurface()
  max_mm = 0.3
  MAX_REDUCTIONS = 2, REDUCTION_PCT = 0.5
  parms->check_tol = 0, niterations = 100
tol=1.0e-04, sigma=0.5, host=dna05, nav=4, nbrs=2, l_surf_repulse=5.000, l_tspring=0.300, l_nspring=0.300, l_intensity=0.200, l_curv=1.000
mom=0.00, dt=0.50
000: dt: 0.0000, sse=742044.6, rms=4.046
rms = 4.8975/4.0458, sse=951214.0/742044.6, time step reduction 1 of 3 to 0.250  0 1 1
   RMS increased, rejecting step
028: dt: 0.2500, sse=685586.9, rms=3.784 (6.480%)
rms = 3.7680/3.7836, sse=681971.9/685586.9, time step reduction 2 of 3 to 0.125  0 0 1
029: dt: 0.2500, sse=681971.9, rms=3.768 (0.414%)
030: dt: 0.1250, sse=662875.1, rms=3.673 (2.513%)
rms = 3.6253/3.6733, sse=653124.1/662875.1, time step reduction 3 of 3 to 0.062  0 0 1
031: dt: 0.1250, sse=653124.1, rms=3.625 (1.307%)
  maximum number of reductions reached, breaking from loop
positioning took 0.4 minutes
Iteration 3 =========================================
n_averages=2, current_sigma=0.25
Computing target border values 
Entering MRIScomputeBorderValues_new(): 
  inside_hi   =  96.4645840;
  border_hi   =  58.9879950;
  border_low  =  34.9639820;
  outside_low =  10.0000000;
  outside_hi  =  52.9819950;
  sigma = 0.25;
  max_thickness = 10;
  step_size=0.5;
  STEP_SIZE=0.1;
  which = 2
  thresh = 0
  flags = 0
  CBVfindFirstPeakD1=0
  CBVfindFirstPeakD2=0
  nvertices=144414
  Gdiag_no=-1
  vno start=0, stop=144414
Replacing 255s with 0s
#SI# sigma=0.25 had to be increased for 10027 vertices, nripped=6232
mean border=55.4, 5076 (61) missing vertices, mean dist 0.1 [0.1 (%49.0)->0.3 (%51.0))]
%37 local maxima, %21 large gradients and %34 min vals, 0 gradients ignored
nFirstPeakD1 0
MRIScomputeBorderValues_new() finished in 0.0018 min


Averaging target values for 5 iterations...
Positioning Surface: tspring = 0.3, nspring = 0.3, spring = 0, niters = 100 l_repulse = 0, l_surf_repulse = 5, checktol = 0
Positioning pial surface
Entering MRISpositionSurface()
  max_mm = 0.3
  MAX_REDUCTIONS = 2, REDUCTION_PCT = 0.5
  parms->check_tol = 0, niterations = 100
tol=1.0e-04, sigma=0.2, host=dna05, nav=2, nbrs=2, l_surf_repulse=5.000, l_tspring=0.300, l_nspring=0.300, l_intensity=0.200, l_curv=1.000
mom=0.00, dt=0.50
000: dt: 0.0000, sse=696737.8, rms=3.835
rms = 4.5629/3.8351, sse=864056.9/696737.8, time step reduction 1 of 3 to 0.250  0 1 1
   RMS increased, rejecting step
032: dt: 0.2500, sse=661061.2, rms=3.662 (4.520%)
033: dt: 0.2500, sse=650209.3, rms=3.611 (1.373%)
rms = 3.6643/3.6115, sse=660325.2/650209.3, time step reduction 2 of 3 to 0.125  0 1 1
   RMS increased, rejecting step
034: dt: 0.1250, sse=639270.6, rms=3.555 (1.551%)
035: dt: 0.1250, sse=624819.2, rms=3.481 (2.107%)
036: dt: 0.1250, sse=614399.1, rms=3.427 (1.546%)
rms = 3.4008/3.4267, sse=609312.7/614399.0, time step reduction 3 of 3 to 0.062  0 0 1
037: dt: 0.1250, sse=609312.8, rms=3.401 (0.757%)
  maximum number of reductions reached, breaking from loop
positioning took 0.6 minutes
Pinning medial wall to white surface
removing intersecting faces
000: 40 intersecting
terminating search with 0 intersecting


Writing output to ../surf/rh.pial.T1
#ET# mris_place_surface  3.58 minutes
#VMPC# mris_place_surfaces VmPeak  2413200
mris_place_surface done
#@# white curv rh Sun Mar  8 20:12:11 CET 2026
cd /out/sourcedata/freesurfer/sub-v1s14x0051562_ses-1/mri
mris_place_surface --curv-map ../surf/rh.white 2 10 ../surf/rh.curv
insurf  ../surf/rh.white, nbrs 2, curvature_avgs 10
writing curvature file ../surf/rh.curv
#@# white area rh Sun Mar  8 20:12:12 CET 2026
cd /out/sourcedata/freesurfer/sub-v1s14x0051562_ses-1/mri
mris_place_surface --area-map ../surf/rh.white ../surf/rh.area
writing curvature file ../surf/rh.area
#@# pial curv rh Sun Mar  8 20:12:13 CET 2026
cd /out/sourcedata/freesurfer/sub-v1s14x0051562_ses-1/mri
mris_place_surface --curv-map ../surf/rh.pial 2 10 ../surf/rh.curv.pial
insurf  ../surf/rh.pial, nbrs 2, curvature_avgs 10
writing curvature file ../surf/rh.curv.pial
#@# pial area rh Sun Mar  8 20:12:15 CET 2026
cd /out/sourcedata/freesurfer/sub-v1s14x0051562_ses-1/mri
mris_place_surface --area-map ../surf/rh.pial ../surf/rh.area.pial
writing curvature file ../surf/rh.area.pial
#@# thickness rh Sun Mar  8 20:12:16 CET 2026
cd /out/sourcedata/freesurfer/sub-v1s14x0051562_ses-1/mri
mris_place_surface --thickness ../surf/rh.white ../surf/rh.pial 20 5 ../surf/rh.thickness
0 of 144414 vertices processed
25000 of 144414 vertices processed
50000 of 144414 vertices processed
75000 of 144414 vertices processed
100000 of 144414 vertices processed
125000 of 144414 vertices processed
0 of 144414 vertices processed
25000 of 144414 vertices processed
50000 of 144414 vertices processed
75000 of 144414 vertices processed
100000 of 144414 vertices processed
125000 of 144414 vertices processed
thickness calculation complete, 65:1168 truncations.
79094 vertices at 0 distance
126042 vertices at 1 distance
55117 vertices at 2 distance
19327 vertices at 3 distance
6082 vertices at 4 distance
1850 vertices at 5 distance
652 vertices at 6 distance
204 vertices at 7 distance
99 vertices at 8 distance
58 vertices at 9 distance
45 vertices at 10 distance
49 vertices at 11 distance
32 vertices at 12 distance
24 vertices at 13 distance
27 vertices at 14 distance
27 vertices at 15 distance
27 vertices at 16 distance
21 vertices at 17 distance
18 vertices at 18 distance
16 vertices at 19 distance
17 vertices at 20 distance
writing curvature file ../surf/rh.thickness
#@# area and vertex vol rh Sun Mar  8 20:12:48 CET 2026
cd /out/sourcedata/freesurfer/sub-v1s14x0051562_ses-1/mri
mris_place_surface --thickness ../surf/rh.white ../surf/rh.pial 20 5 ../surf/rh.thickness
/out/sourcedata/freesurfer/sub-v1s14x0051562_ses-1/surf
mris_calc -o rh.area.mid rh.area add rh.area.pial
Saving result to 'rh.area.mid' (type = MRI_CURV_FILE)                       [ ok ]
mris_calc -o rh.area.mid rh.area.mid div 2
Saving result to 'rh.area.mid' (type = MRI_CURV_FILE)                       [ ok ]
mris_convert --volume sub-v1s14x0051562_ses-1 rh /out/sourcedata/freesurfer/sub-v1s14x0051562_ses-1/surf/rh.volume
masking with /out/sourcedata/freesurfer/sub-v1s14x0051562_ses-1/label/rh.cortex.label
Total face volume 229126
Total vertex volume 228918 (mask=0)
#@# sub-v1s14x0051562_ses-1 rh 228918
 
vertexvol Done

#-----------------------------------------
#@# Curvature Stats rh Sun Mar  8 20:12:50 CET 2026
/out/sourcedata/freesurfer/sub-v1s14x0051562_ses-1/surf

 mris_curvature_stats -m --writeCurvatureFiles -G -o ../stats/rh.curv.stats -F smoothwm sub-v1s14x0051562_ses-1 rh curv sulc 

             Toggling save flag on curvature files                       [ ok ]
                 Outputting results using filestem   [ ../stats/rh.curv.stats ]
             Toggling save flag on curvature files                       [ ok ]
                                   Setting surface [ sub-v1s14x0051562_ses-1/rh.smoothwm ]
                                Reading surface...                       [ ok ]
                                   Setting texture                     [ curv ]
                                Reading texture...                       [ ok ]
                                   Setting texture                     [ sulc ]
                                Reading texture...Gb_filter = 0
                       [ ok ]
      Calculating Discrete Principal Curvatures...
      Determining geometric order for vno faces... [####################] [ ok ]
                      Determining KH curvatures... [####################] [ ok ]
                    Determining k1k2 curvatures... [####################] [ ok ]
                                   deltaViolations                      [ 255 ]
Gb_filter = 0
#-----------------------------------------
#@# Cortical Parc 2 rh Sun Mar  8 20:12:53 CET 2026
/out/sourcedata/freesurfer/sub-v1s14x0051562_ses-1/scripts

 mris_ca_label -l ../label/rh.cortex.label -aseg ../mri/aseg.presurf.mgz -seed 1234 sub-v1s14x0051562_ses-1 rh ../surf/rh.sphere.reg /opt/freesurfer/average/rh.CDaparc.atlas.acfb40.noaparc.i12.2016-08-02.gcs ../label/rh.aparc.a2009s.annot 

setting seed for random number generator to 1234
using ../mri/aseg.presurf.mgz aseg volume to correct midline
7.3.2
  7.3.2
reading atlas from /opt/freesurfer/average/rh.CDaparc.atlas.acfb40.noaparc.i12.2016-08-02.gcs...
reading color table from GCSA file....
average std = 1.4   using min determinant for regularization = 0.021
0 singular and 0 ill-conditioned covariance matrices regularized
input 0: MEAN CURVATURE, flags 0, avgs 5, name mean_curvature
labeling surface...
5 labels changed using aseg
relabeling using gibbs priors...
000:   9337 changed, 144414 examined...
001:   2057 changed, 36713 examined...
002:    555 changed, 11033 examined...
003:    226 changed, 3275 examined...
004:    134 changed, 1345 examined...
005:     76 changed, 749 examined...
006:     36 changed, 432 examined...
007:     22 changed, 218 examined...
008:     14 changed, 132 examined...
009:      7 changed, 67 examined...
010:      6 changed, 43 examined...
011:      3 changed, 35 examined...
012:      2 changed, 17 examined...
013:      0 changed, 10 examined...
0 labels changed using aseg
000: 242 total segments, 152 labels (2386 vertices) changed
001: 98 total segments, 9 labels (85 vertices) changed
002: 89 total segments, 0 labels (0 vertices) changed
10 filter iterations complete (10 requested, 27 changed)
rationalizing unknown annotations with cortex label
relabeling Medial_wall label...
1336 vertices marked for relabeling...
1336 labels changed in reclassification.
writing output to ../label/rh.aparc.a2009s.annot...
classification took 0 minutes and 16 seconds.
#-----------------------------------------
#@# Cortical Parc 3 rh Sun Mar  8 20:13:08 CET 2026
/out/sourcedata/freesurfer/sub-v1s14x0051562_ses-1/scripts

 mris_ca_label -l ../label/rh.cortex.label -aseg ../mri/aseg.presurf.mgz -seed 1234 sub-v1s14x0051562_ses-1 rh ../surf/rh.sphere.reg /opt/freesurfer/average/rh.DKTaparc.atlas.acfb40.noaparc.i12.2016-08-02.gcs ../label/rh.aparc.DKTatlas.annot 

setting seed for random number generator to 1234
using ../mri/aseg.presurf.mgz aseg volume to correct midline
7.3.2
  7.3.2
reading atlas from /opt/freesurfer/average/rh.DKTaparc.atlas.acfb40.noaparc.i12.2016-08-02.gcs...
reading color table from GCSA file....
average std = 0.9   using min determinant for regularization = 0.009
0 singular and 325 ill-conditioned covariance matrices regularized
input 0: MEAN CURVATURE, flags 0, avgs 5, name mean_curvature
labeling surface...
1423 labels changed using aseg
relabeling using gibbs priors...
000:   2101 changed, 144414 examined...
001:    444 changed, 9787 examined...
002:    129 changed, 2581 examined...
003:     44 changed, 793 examined...
004:     17 changed, 277 examined...
005:      5 changed, 102 examined...
006:      3 changed, 35 examined...
007:      2 changed, 17 examined...
008:      1 changed, 11 examined...
009:      1 changed, 7 examined...
010:      1 changed, 8 examined...
011:      0 changed, 6 examined...
99 labels changed using aseg
000: 51 total segments, 18 labels (92 vertices) changed
001: 33 total segments, 0 labels (0 vertices) changed
10 filter iterations complete (10 requested, 6 changed)
rationalizing unknown annotations with cortex label
relabeling unknown label...
relabeling corpuscallosum label...
1122 vertices marked for relabeling...
1122 labels changed in reclassification.
writing output to ../label/rh.aparc.DKTatlas.annot...
classification took 0 minutes and 11 seconds.
#-----------------------------------------
#@# WM/GM Contrast rh Sun Mar  8 20:13:19 CET 2026
/out/sourcedata/freesurfer/sub-v1s14x0051562_ses-1/scripts

 pctsurfcon --s sub-v1s14x0051562_ses-1 --rh-only 

Log file is /out/sourcedata/freesurfer/sub-v1s14x0051562_ses-1/scripts/pctsurfcon.log
Sun Mar  8 20:13:19 CET 2026
setenv SUBJECTS_DIR /out/sourcedata/freesurfer
cd /out/sourcedata/freesurfer/sub-v1s14x0051562_ses-1/scripts
/opt/freesurfer/bin/pctsurfcon
pctsurfcon 7.3.2
Linux dna056 5.14.0-427.37.1.el9_4.x86_64 #1 SMP PREEMPT_DYNAMIC Fri Sep 13 12:41:50 EDT 2024 x86_64 x86_64 x86_64 GNU/Linux
FREESURFER_HOME /opt/freesurfer
mri_vol2surf --mov /out/sourcedata/freesurfer/sub-v1s14x0051562_ses-1/mri/rawavg.mgz --hemi rh --noreshape --interp trilinear --projdist -1 --o /out/sourcedata/freesurfer/sub-v1s14x0051562_ses-1/surf/tmp.pctsurfcon.2742694/rh.wm.mgh --regheader sub-v1s14x0051562_ses-1 --cortex
srcvol = /out/sourcedata/freesurfer/sub-v1s14x0051562_ses-1/mri/rawavg.mgz
srcreg unspecified
srcregold = 0
srcwarp unspecified
surf = white
hemi = rh
ProjDist = -1
reshape = 0
interp = trilinear
float2int = round
GetProjMax = 0
INFO: float2int code = 0
Done loading volume
Computing registration from header.
  Using /out/sourcedata/freesurfer/sub-v1s14x0051562_ses-1/mri/orig.mgz as target reference.
-------- original matrix -----------
-0.99915   0.02258   0.03439  -0.00001;
 0.03342  -0.04218   0.99855   0.00000;
-0.02400  -0.99885  -0.04139  -0.00002;
 0.00000   0.00000   0.00000   1.00000;
-------- original matrix -----------
Loading label /out/sourcedata/freesurfer/sub-v1s14x0051562_ses-1/label/rh.cortex.label
Reading surface /out/sourcedata/freesurfer/sub-v1s14x0051562_ses-1/surf/rh.white
Done reading source surface
Mapping Source Volume onto Source Subject Surface
Projecting -1 -1 1
 1 -1 -1 -1
using old
Done mapping volume to surface
Number of source voxels hit = 83428
Masking with /out/sourcedata/freesurfer/sub-v1s14x0051562_ses-1/label/rh.cortex.label
Writing to /out/sourcedata/freesurfer/sub-v1s14x0051562_ses-1/surf/tmp.pctsurfcon.2742694/rh.wm.mgh
Dim: 144414 1 1
mri_vol2surf --mov /out/sourcedata/freesurfer/sub-v1s14x0051562_ses-1/mri/rawavg.mgz --hemi rh --noreshape --interp trilinear --o /out/sourcedata/freesurfer/sub-v1s14x0051562_ses-1/surf/tmp.pctsurfcon.2742694/rh.gm.mgh --projfrac 0.3 --regheader sub-v1s14x0051562_ses-1 --cortex
srcvol = /out/sourcedata/freesurfer/sub-v1s14x0051562_ses-1/mri/rawavg.mgz
srcreg unspecified
srcregold = 0
srcwarp unspecified
surf = white
hemi = rh
ProjFrac = 0.3
thickness = thickness
reshape = 0
interp = trilinear
float2int = round
GetProjMax = 0
INFO: float2int code = 0
Done loading volume
Computing registration from header.
  Using /out/sourcedata/freesurfer/sub-v1s14x0051562_ses-1/mri/orig.mgz as target reference.
-------- original matrix -----------
-0.99915   0.02258   0.03439  -0.00001;
 0.03342  -0.04218   0.99855   0.00000;
-0.02400  -0.99885  -0.04139  -0.00002;
 0.00000   0.00000   0.00000   1.00000;
-------- original matrix -----------
Loading label /out/sourcedata/freesurfer/sub-v1s14x0051562_ses-1/label/rh.cortex.label
Reading surface /out/sourcedata/freesurfer/sub-v1s14x0051562_ses-1/surf/rh.white
Done reading source surface
Reading thickness /out/sourcedata/freesurfer/sub-v1s14x0051562_ses-1/surf/rh.thickness
Done
Mapping Source Volume onto Source Subject Surface
Projecting 0.3 0.3 1
 1 0.3 0.3 0.3
using old
Done mapping volume to surface
Number of source voxels hit = 96026
Masking with /out/sourcedata/freesurfer/sub-v1s14x0051562_ses-1/label/rh.cortex.label
Writing to /out/sourcedata/freesurfer/sub-v1s14x0051562_ses-1/surf/tmp.pctsurfcon.2742694/rh.gm.mgh
Dim: 144414 1 1
mri_concat /out/sourcedata/freesurfer/sub-v1s14x0051562_ses-1/surf/tmp.pctsurfcon.2742694/rh.wm.mgh /out/sourcedata/freesurfer/sub-v1s14x0051562_ses-1/surf/tmp.pctsurfcon.2742694/rh.gm.mgh --paired-diff-norm --mul 100 --o /out/sourcedata/freesurfer/sub-v1s14x0051562_ses-1/surf/rh.w-g.pct.mgh
ninputs = 2
Checking inputs
nframestot = 2
Allocing output
Done allocing
Combining pairs
nframes = 1
Multiplying by 100.000000
Writing to /out/sourcedata/freesurfer/sub-v1s14x0051562_ses-1/surf/rh.w-g.pct.mgh
mri_segstats --in /out/sourcedata/freesurfer/sub-v1s14x0051562_ses-1/surf/rh.w-g.pct.mgh --annot sub-v1s14x0051562_ses-1 rh aparc --sum /out/sourcedata/freesurfer/sub-v1s14x0051562_ses-1/stats/rh.w-g.pct.stats --snr

7.3.2
cwd 
cmdline mri_segstats --in /out/sourcedata/freesurfer/sub-v1s14x0051562_ses-1/surf/rh.w-g.pct.mgh --annot sub-v1s14x0051562_ses-1 rh aparc --sum /out/sourcedata/freesurfer/sub-v1s14x0051562_ses-1/stats/rh.w-g.pct.stats --snr 
sysname  Linux
hostname dna056
machine  x86_64
user     oesteban
whitesurfname  white
UseRobust  0
Constructing seg from annotation

Reading annotation /out/sourcedata/freesurfer/sub-v1s14x0051562_ses-1/label/rh.aparc.annot
Seg base 2000
Loading /out/sourcedata/freesurfer/sub-v1s14x0051562_ses-1/surf/rh.w-g.pct.mgh
Vertex Area is 0.656698 mm^3
Generating list of segmentation ids
Found  36 segmentations
Computing statistics for each segmentation

Reporting on  35 segmentations
Using PrintSegStat
mri_segstats done
Cleaning up

Started at Sun Mar 8 19:43:21 CET 2026 
Ended   at Sun Mar 8 20:13:24 CET 2026
#@#%# recon-all-run-time-hours 0.501
recon-all -s sub-v1s14x0051562_ses-1 finished without error at Sun Mar  8 20:13:24 CET 2026



#New# invocation of recon-all 




Sun Mar  8 20:22:01 CET 2026
cd /out/sourcedata/freesurfer/sub-v1s14x0051562_ses-1
setenv SUBJECTS_DIR /out/sourcedata/freesurfer
/opt/freesurfer/bin/recon-all -autorecon-hemi rh -nohyporelabel -rh-only -openmp 16 -subjid sub-v1s14x0051562_ses-1 -sd /out/sourcedata/freesurfer -notessellate -nosmooth1 -noinflate1 -noqsphere -nofix -nowhite -nosmooth2 -noinflate2 -nocurvHK -nocurvstats -nosphere -nosurfreg -nojacobian_white -noavgcurv -nocortparc -nopial -nocortparc2 -nocortparc3 -nopctsurfcon

subjid sub-v1s14x0051562_ses-1
setenv SUBJECTS_DIR /out/sourcedata/freesurfer
FREESURFER_HOME /opt/freesurfer
Actual FREESURFER_HOME /opt/freesurfer
build-stamp.txt: freesurfer-linux-ubuntu22_x86_64-7.3.2-20220804-6354275
Linux dna056 5.14.0-427.37.1.el9_4.x86_64 #1 SMP PREEMPT_DYNAMIC Fri Sep 13 12:41:50 EDT 2024 x86_64 x86_64 x86_64 GNU/Linux
cputime      unlimited
filesize     unlimited
datasize     unlimited
stacksize    8192 kbytes
coredumpsize 0 kbytes
memoryuse    67108864 kbytes
vmemoryuse   unlimited
descriptors  1024 
memorylocked unlimited
maxproc      2061970 
maxlocks     unlimited
maxsignal    2061970 
maxmessage   819200 
maxnice      0 
maxrtprio    0 
maxrttime    unlimited

               total        used        free      shared  buff/cache   available
Mem:           503Gi        46Gi       425Gi       9.3Gi        31Gi       444Gi
Swap:             0B          0B          0B

########################################
program versions used
7.3.2 (freesurfer-linux-ubuntu22_x86_64-7.3.2-20220804-6354275)
7.3.2

ProgramName: lta_convert  ProgramArguments: lta_convert -all-info  ProgramVersion: 7.3.2  TimeStamp: 2026/03/08-19:22:01-GMT  BuildTime: Aug  4 2022 06:17:15  BuildStamp: freesurfer-linux-ubuntu22_x86_64-7.3.2-20220804-6354275  User: oesteban  Machine: dna056  Platform: Linux  PlatformVersion: 5.14.0-427.37.1.el9_4.x86_64  CompilerName: GCC  CompilerVersion: 8.4.0
ProgramName: mri_and  ProgramArguments: mri_and -all-info  ProgramVersion: 7.3.2  TimeStamp: 2026/03/08-19:22:01-GMT  BuildTime: Aug  4 2022 06:17:15  BuildStamp: freesurfer-linux-ubuntu22_x86_64-7.3.2-20220804-6354275  User: oesteban  Machine: dna056  Platform: Linux  PlatformVersion: 5.14.0-427.37.1.el9_4.x86_64  CompilerName: GCC  CompilerVersion: 8.4.0
ProgramName: mri_annotation2label  ProgramArguments: mri_annotation2label -all-info  ProgramVersion: 7.3.2  TimeStamp: 2026/03/08-19:22:01-GMT  BuildTime: Aug  4 2022 06:17:15  BuildStamp: freesurfer-linux-ubuntu22_x86_64-7.3.2-20220804-6354275  User: oesteban  Machine: dna056  Platform: Linux  PlatformVersion: 5.14.0-427.37.1.el9_4.x86_64  CompilerName: GCC  CompilerVersion: 8.4.0
ProgramName: mri_aparc2aseg  ProgramArguments: mri_aparc2aseg -all-info  ProgramVersion: 7.3.2  TimeStamp: 2026/03/08-19:22:01-GMT  BuildTime: Aug  4 2022 06:17:15  BuildStamp: freesurfer-linux-ubuntu22_x86_64-7.3.2-20220804-6354275  User: oesteban  Machine: dna056  Platform: Linux  PlatformVersion: 5.14.0-427.37.1.el9_4.x86_64  CompilerName: GCC  CompilerVersion: 8.4.0
ProgramName: mri_surf2volseg  ProgramArguments: mri_surf2volseg -all-info  ProgramVersion: 7.3.2  TimeStamp: 2026/03/08-19:22:01-GMT  BuildTime: Aug  4 2022 06:17:15  BuildStamp: freesurfer-linux-ubuntu22_x86_64-7.3.2-20220804-6354275  User: oesteban  Machine: dna056  Platform: Linux  PlatformVersion: 5.14.0-427.37.1.el9_4.x86_64  CompilerName: GCC  CompilerVersion: 8.4.0
ProgramName: mri_binarize  ProgramArguments: mri_binarize -all-info  ProgramVersion: 7.3.2  TimeStamp: 2026/03/08-19:22:01-GMT  BuildTime: Aug  4 2022 06:17:15  BuildStamp: freesurfer-linux-ubuntu22_x86_64-7.3.2-20220804-6354275  User: oesteban  Machine: dna056  Platform: Linux  PlatformVersion: 5.14.0-427.37.1.el9_4.x86_64  CompilerName: GCC  CompilerVersion: 8.4.0
ProgramName: mri_ca_label  ProgramArguments: mri_ca_label -all-info  ProgramVersion: 7.3.2  TimeStamp: 2026/03/08-19:22:01-GMT  BuildTime: Aug  4 2022 06:17:15  BuildStamp: freesurfer-linux-ubuntu22_x86_64-7.3.2-20220804-6354275  User: oesteban  Machine: dna056  Platform: Linux  PlatformVersion: 5.14.0-427.37.1.el9_4.x86_64  CompilerName: GCC  CompilerVersion: 8.4.0
ProgramName: mri_ca_normalize  ProgramArguments: mri_ca_normalize -all-info  ProgramVersion: 7.3.2  TimeStamp: 2026/03/08-19:22:01-GMT  BuildTime: Aug  4 2022 06:17:15  BuildStamp: freesurfer-linux-ubuntu22_x86_64-7.3.2-20220804-6354275  User: oesteban  Machine: dna056  Platform: Linux  PlatformVersion: 5.14.0-427.37.1.el9_4.x86_64  CompilerName: GCC  CompilerVersion: 8.4.0
ProgramName: mri_ca_register  ProgramArguments: mri_ca_register -all-info  ProgramVersion: 7.3.2  TimeStamp: 2026/03/08-19:22:01-GMT  BuildTime: Aug  4 2022 06:17:15  BuildStamp: freesurfer-linux-ubuntu22_x86_64-7.3.2-20220804-6354275  User: oesteban  Machine: dna056  Platform: Linux  PlatformVersion: 5.14.0-427.37.1.el9_4.x86_64  CompilerName: GCC  CompilerVersion: 8.4.0
ProgramName: mri_cc  ProgramArguments: mri_cc -all-info  ProgramVersion: 7.3.2  TimeStamp: 2026/03/08-19:22:01-GMT  BuildTime: Aug  4 2022 06:17:15  BuildStamp: freesurfer-linux-ubuntu22_x86_64-7.3.2-20220804-6354275  User: oesteban  Machine: dna056  Platform: Linux  PlatformVersion: 5.14.0-427.37.1.el9_4.x86_64  CompilerName: GCC  CompilerVersion: 8.4.0
ProgramName: mri_compute_overlap  ProgramArguments: mri_compute_overlap -all-info  ProgramVersion: 7.3.2  TimeStamp: 2026/03/08-19:22:01-GMT  BuildTime: Aug  4 2022 06:17:15  BuildStamp: freesurfer-linux-ubuntu22_x86_64-7.3.2-20220804-6354275  User: oesteban  Machine: dna056  Platform: Linux  PlatformVersion: 5.14.0-427.37.1.el9_4.x86_64  CompilerName: GCC  CompilerVersion: 8.4.0
ProgramName: mri_compute_seg_overlap  ProgramArguments: mri_compute_seg_overlap -all-info  ProgramVersion: 7.3.2  TimeStamp: 2026/03/08-19:22:01-GMT  BuildTime: Aug  4 2022 06:17:15  BuildStamp: freesurfer-linux-ubuntu22_x86_64-7.3.2-20220804-6354275  User: oesteban  Machine: dna056  Platform: Linux  PlatformVersion: 5.14.0-427.37.1.el9_4.x86_64  CompilerName: GCC  CompilerVersion: 8.4.0
ProgramName: mri_concat  ProgramArguments: mri_concat -all-info  ProgramVersion: 7.3.2  TimeStamp: 2026/03/08-19:22:01-GMT  BuildTime: Aug  4 2022 06:17:15  BuildStamp: freesurfer-linux-ubuntu22_x86_64-7.3.2-20220804-6354275  User: oesteban  Machine: dna056  Platform: Linux  PlatformVersion: 5.14.0-427.37.1.el9_4.x86_64  CompilerName: GCC  CompilerVersion: 8.4.0
ProgramName: mri_concatenate_lta  ProgramArguments: mri_concatenate_lta -all-info  ProgramVersion: 7.3.2  TimeStamp: 2026/03/08-19:22:01-GMT  BuildTime: Aug  4 2022 06:17:15  BuildStamp: freesurfer-linux-ubuntu22_x86_64-7.3.2-20220804-6354275  User: oesteban  Machine: dna056  Platform: Linux  PlatformVersion: 5.14.0-427.37.1.el9_4.x86_64  CompilerName: GCC  CompilerVersion: 8.4.0
mri_convert -all-info 
ProgramName: mri_convert  ProgramArguments: mri_convert -all-info  ProgramVersion: 7.3.2  TimeStamp: 2026/03/08-19:22:01-GMT  BuildTime: Aug  4 2022 06:17:15  BuildStamp: freesurfer-linux-ubuntu22_x86_64-7.3.2-20220804-6354275  User: oesteban  Machine: dna056  Platform: Linux  PlatformVersion: 5.14.0-427.37.1.el9_4.x86_64  CompilerName: GCC  CompilerVersion: 8.4.0
ProgramName: mri_diff  ProgramArguments: mri_diff -all-info  ProgramVersion: 7.3.2  TimeStamp: 2026/03/08-19:22:01-GMT  BuildTime: Aug  4 2022 06:17:15  BuildStamp: freesurfer-linux-ubuntu22_x86_64-7.3.2-20220804-6354275  User: oesteban  Machine: dna056  Platform: Linux  PlatformVersion: 5.14.0-427.37.1.el9_4.x86_64  CompilerName: GCC  CompilerVersion: 8.4.0
ProgramName: mri_edit_wm_with_aseg  ProgramArguments: mri_edit_wm_with_aseg -all-info  ProgramVersion: 7.3.2  TimeStamp: 2026/03/08-19:22:01-GMT  BuildTime: Aug  4 2022 06:17:15  BuildStamp: freesurfer-linux-ubuntu22_x86_64-7.3.2-20220804-6354275  User: oesteban  Machine: dna056  Platform: Linux  PlatformVersion: 5.14.0-427.37.1.el9_4.x86_64  CompilerName: GCC  CompilerVersion: 8.4.0
ProgramName: mri_em_register  ProgramArguments: mri_em_register -all-info  ProgramVersion: 7.3.2  TimeStamp: 2026/03/08-19:22:01-GMT  BuildTime: Aug  4 2022 06:17:15  BuildStamp: freesurfer-linux-ubuntu22_x86_64-7.3.2-20220804-6354275  User: oesteban  Machine: dna056  Platform: Linux  PlatformVersion: 5.14.0-427.37.1.el9_4.x86_64  CompilerName: GCC  CompilerVersion: 8.4.0
ProgramName: mri_fill  ProgramArguments: mri_fill -all-info  ProgramVersion: 7.3.2  TimeStamp: 2026/03/08-19:22:01-GMT  BuildTime: Aug  4 2022 06:17:15  BuildStamp: freesurfer-linux-ubuntu22_x86_64-7.3.2-20220804-6354275  User: oesteban  Machine: dna056  Platform: Linux  PlatformVersion: 5.14.0-427.37.1.el9_4.x86_64  CompilerName: GCC  CompilerVersion: 8.4.0
ProgramName: mri_fuse_segmentations  ProgramArguments: mri_fuse_segmentations -all-info  ProgramVersion: 7.3.2  TimeStamp: 2026/03/08-19:22:01-GMT  BuildTime: Aug  4 2022 06:17:15  BuildStamp: freesurfer-linux-ubuntu22_x86_64-7.3.2-20220804-6354275  User: oesteban  Machine: dna056  Platform: Linux  PlatformVersion: 5.14.0-427.37.1.el9_4.x86_64  CompilerName: GCC  CompilerVersion: 8.4.0
ProgramName: mri_fwhm  ProgramArguments: mri_fwhm -all-info  ProgramVersion: 7.3.2  TimeStamp: 2026/03/08-19:22:01-GMT  BuildTime: Aug  4 2022 06:17:15  BuildStamp: freesurfer-linux-ubuntu22_x86_64-7.3.2-20220804-6354275  User: oesteban  Machine: dna056  Platform: Linux  PlatformVersion: 5.14.0-427.37.1.el9_4.x86_64  CompilerName: GCC  CompilerVersion: 8.4.0
ProgramName: mri_gcut  ProgramArguments: mri_gcut -all-info  ProgramVersion: 7.3.2  TimeStamp: 2026/03/08-19:22:01-GMT  BuildTime: Aug  4 2022 06:17:15  BuildStamp: freesurfer-linux-ubuntu22_x86_64-7.3.2-20220804-6354275  User: oesteban  Machine: dna056  Platform: Linux  PlatformVersion: 5.14.0-427.37.1.el9_4.x86_64  CompilerName: GCC  CompilerVersion: 8.4.0
ProgramName: mri_info  ProgramArguments: mri_info -all-info  ProgramVersion: 7.3.2  TimeStamp: 2026/03/08-19:22:01-GMT  BuildTime: Aug  4 2022 06:17:15  BuildStamp: freesurfer-linux-ubuntu22_x86_64-7.3.2-20220804-6354275  User: oesteban  Machine: dna056  Platform: Linux  PlatformVersion: 5.14.0-427.37.1.el9_4.x86_64  CompilerName: GCC  CompilerVersion: 8.4.0
ProgramName: mri_label2label  ProgramArguments: mri_label2label -all-info  ProgramVersion: 7.3.2  TimeStamp: 2026/03/08-19:22:01-GMT  BuildTime: Aug  4 2022 06:17:15  BuildStamp: freesurfer-linux-ubuntu22_x86_64-7.3.2-20220804-6354275  User: oesteban  Machine: dna056  Platform: Linux  PlatformVersion: 5.14.0-427.37.1.el9_4.x86_64  CompilerName: GCC  CompilerVersion: 8.4.0
ProgramName: mri_label2vol  ProgramArguments: mri_label2vol -all-info  ProgramVersion: 7.3.2  TimeStamp: 2026/03/08-19:22:01-GMT  BuildTime: Aug  4 2022 06:17:15  BuildStamp: freesurfer-linux-ubuntu22_x86_64-7.3.2-20220804-6354275  User: oesteban  Machine: dna056  Platform: Linux  PlatformVersion: 5.14.0-427.37.1.el9_4.x86_64  CompilerName: GCC  CompilerVersion: 8.4.0
ProgramName: mri_log_likelihood  ProgramArguments: mri_log_likelihood -all-info  ProgramVersion: 7.3.2  TimeStamp: 2026/03/08-19:22:01-GMT  BuildTime: Aug  4 2022 06:17:15  BuildStamp: freesurfer-linux-ubuntu22_x86_64-7.3.2-20220804-6354275  User: oesteban  Machine: dna056  Platform: Linux  PlatformVersion: 5.14.0-427.37.1.el9_4.x86_64  CompilerName: GCC  CompilerVersion: 8.4.0
ProgramName: mri_mask  ProgramArguments: mri_mask -all-info  ProgramVersion: 7.3.2  TimeStamp: 2026/03/08-19:22:01-GMT  BuildTime: Aug  4 2022 06:17:15  BuildStamp: freesurfer-linux-ubuntu22_x86_64-7.3.2-20220804-6354275  User: oesteban  Machine: dna056  Platform: Linux  PlatformVersion: 5.14.0-427.37.1.el9_4.x86_64  CompilerName: GCC  CompilerVersion: 8.4.0
ProgramName: mri_matrix_multiply  ProgramArguments: mri_matrix_multiply -all-info  ProgramVersion: 7.3.2  TimeStamp: 2026/03/08-19:22:01-GMT  BuildTime: Aug  4 2022 06:17:15  BuildStamp: freesurfer-linux-ubuntu22_x86_64-7.3.2-20220804-6354275  User: oesteban  Machine: dna056  Platform: Linux  PlatformVersion: 5.14.0-427.37.1.el9_4.x86_64  CompilerName: GCC  CompilerVersion: 8.4.0
ProgramName: mri_normalize  ProgramArguments: mri_normalize -all-info  ProgramVersion: 7.3.2  TimeStamp: 2026/03/08-19:22:01-GMT  BuildTime: Aug  4 2022 06:17:15  BuildStamp: freesurfer-linux-ubuntu22_x86_64-7.3.2-20220804-6354275  User: oesteban  Machine: dna056  Platform: Linux  PlatformVersion: 5.14.0-427.37.1.el9_4.x86_64  CompilerName: GCC  CompilerVersion: 8.4.0
ProgramName: mri_normalize_tp2  ProgramArguments: mri_normalize_tp2 -all-info  ProgramVersion: 7.3.2  TimeStamp: 2026/03/08-19:22:01-GMT  BuildTime: Aug  4 2022 06:17:15  BuildStamp: freesurfer-linux-ubuntu22_x86_64-7.3.2-20220804-6354275  User: oesteban  Machine: dna056  Platform: Linux  PlatformVersion: 5.14.0-427.37.1.el9_4.x86_64  CompilerName: GCC  CompilerVersion: 8.4.0
ProgramName: mri_or  ProgramArguments: mri_or -all-info  ProgramVersion: 7.3.2  TimeStamp: 2026/03/08-19:22:01-GMT  BuildTime: Aug  4 2022 06:17:15  BuildStamp: freesurfer-linux-ubuntu22_x86_64-7.3.2-20220804-6354275  User: oesteban  Machine: dna056  Platform: Linux  PlatformVersion: 5.14.0-427.37.1.el9_4.x86_64  CompilerName: GCC  CompilerVersion: 8.4.0
ProgramName: mri_relabel_hypointensities  ProgramArguments: mri_relabel_hypointensities -all-info  ProgramVersion: 7.3.2  TimeStamp: 2026/03/08-19:22:01-GMT  BuildTime: Aug  4 2022 06:17:15  BuildStamp: freesurfer-linux-ubuntu22_x86_64-7.3.2-20220804-6354275  User: oesteban  Machine: dna056  Platform: Linux  PlatformVersion: 5.14.0-427.37.1.el9_4.x86_64  CompilerName: GCC  CompilerVersion: 8.4.0
ProgramName: mri_relabel_nonwm_hypos  ProgramArguments: mri_relabel_nonwm_hypos -all-info  ProgramVersion: 7.3.2  TimeStamp: 2026/03/08-19:22:01-GMT  BuildTime: Aug  4 2022 06:17:15  BuildStamp: freesurfer-linux-ubuntu22_x86_64-7.3.2-20220804-6354275  User: oesteban  Machine: dna056  Platform: Linux  PlatformVersion: 5.14.0-427.37.1.el9_4.x86_64  CompilerName: GCC  CompilerVersion: 8.4.0
ProgramName: mri_remove_neck  ProgramArguments: mri_remove_neck -all-info  ProgramVersion: 7.3.2  TimeStamp: 2026/03/08-19:22:01-GMT  BuildTime: Aug  4 2022 06:17:15  BuildStamp: freesurfer-linux-ubuntu22_x86_64-7.3.2-20220804-6354275  User: oesteban  Machine: dna056  Platform: Linux  PlatformVersion: 5.14.0-427.37.1.el9_4.x86_64  CompilerName: GCC  CompilerVersion: 8.4.0
7.3.2

ProgramName: mri_robust_register  ProgramArguments: mri_robust_register -all-info  ProgramVersion: 7.3.2  TimeStamp: 2026/03/08-19:22:01-GMT  BuildTime: Aug  4 2022 06:17:15  BuildStamp: freesurfer-linux-ubuntu22_x86_64-7.3.2-20220804-6354275  User: oesteban  Machine: dna056  Platform: Linux  PlatformVersion: 5.14.0-427.37.1.el9_4.x86_64  CompilerName: GCC  CompilerVersion: 8.4.0
7.3.2

ProgramName: mri_robust_template  ProgramArguments: mri_robust_template -all-info  ProgramVersion: 7.3.2  TimeStamp: 2026/03/08-19:22:01-GMT  BuildTime: Aug  4 2022 06:17:15  BuildStamp: freesurfer-linux-ubuntu22_x86_64-7.3.2-20220804-6354275  User: oesteban  Machine: dna056  Platform: Linux  PlatformVersion: 5.14.0-427.37.1.el9_4.x86_64  CompilerName: GCC  CompilerVersion: 8.4.0
ProgramName: mris_anatomical_stats  ProgramArguments: mris_anatomical_stats -all-info  ProgramVersion: 7.3.2  TimeStamp: 2026/03/08-19:22:01-GMT  BuildTime: Aug  4 2022 06:17:15  BuildStamp: freesurfer-linux-ubuntu22_x86_64-7.3.2-20220804-6354275  User: oesteban  Machine: dna056  Platform: Linux  PlatformVersion: 5.14.0-427.37.1.el9_4.x86_64  CompilerName: GCC  CompilerVersion: 8.4.0
ProgramName: mris_ca_label  ProgramArguments: mris_ca_label -all-info  ProgramVersion: 7.3.2  TimeStamp: 2026/03/08-19:22:01-GMT  BuildTime: Aug  4 2022 06:17:15  BuildStamp: freesurfer-linux-ubuntu22_x86_64-7.3.2-20220804-6354275  User: oesteban  Machine: dna056  Platform: Linux  PlatformVersion: 5.14.0-427.37.1.el9_4.x86_64  CompilerName: GCC  CompilerVersion: 8.4.0
ProgramName: mris_calc  ProgramArguments: mris_calc -all-info  ProgramVersion: 7.3.2  TimeStamp: 2026/03/08-19:22:01-GMT  BuildTime: Aug  4 2022 06:17:15  BuildStamp: freesurfer-linux-ubuntu22_x86_64-7.3.2-20220804-6354275  User: oesteban  Machine: dna056  Platform: Linux  PlatformVersion: 5.14.0-427.37.1.el9_4.x86_64  CompilerName: GCC  CompilerVersion: 8.4.0
ProgramName: mris_convert  ProgramArguments: mris_convert -all-info  ProgramVersion: 7.3.2  TimeStamp: 2026/03/08-19:22:01-GMT  BuildTime: Aug  4 2022 06:17:15  BuildStamp: freesurfer-linux-ubuntu22_x86_64-7.3.2-20220804-6354275  User: oesteban  Machine: dna056  Platform: Linux  PlatformVersion: 5.14.0-427.37.1.el9_4.x86_64  CompilerName: GCC  CompilerVersion: 8.4.0
ProgramName: mris_curvature  ProgramArguments: mris_curvature -all-info  ProgramVersion: 7.3.2  TimeStamp: 2026/03/08-19:22:01-GMT  BuildTime: Aug  4 2022 06:17:15  BuildStamp: freesurfer-linux-ubuntu22_x86_64-7.3.2-20220804-6354275  User: oesteban  Machine: dna056  Platform: Linux  PlatformVersion: 5.14.0-427.37.1.el9_4.x86_64  CompilerName: GCC  CompilerVersion: 8.4.0
ProgramName: mris_curvature_stats  ProgramArguments: mris_curvature_stats -all-info  ProgramVersion: 7.3.2  TimeStamp: 2026/03/08-19:22:01-GMT  BuildTime: Aug  4 2022 06:17:15  BuildStamp: freesurfer-linux-ubuntu22_x86_64-7.3.2-20220804-6354275  User: oesteban  Machine: dna056  Platform: Linux  PlatformVersion: 5.14.0-427.37.1.el9_4.x86_64  CompilerName: GCC  CompilerVersion: 8.4.0
ProgramName: mris_diff  ProgramArguments: mris_diff -all-info  ProgramVersion: 7.3.2  TimeStamp: 2026/03/08-19:22:01-GMT  BuildTime: Aug  4 2022 06:17:15  BuildStamp: freesurfer-linux-ubuntu22_x86_64-7.3.2-20220804-6354275  User: oesteban  Machine: dna056  Platform: Linux  PlatformVersion: 5.14.0-427.37.1.el9_4.x86_64  CompilerName: GCC  CompilerVersion: 8.4.0
ProgramName: mris_divide_parcellation  ProgramArguments: mris_divide_parcellation -all-info  ProgramVersion: 7.3.2  TimeStamp: 2026/03/08-19:22:01-GMT  BuildTime: Aug  4 2022 06:17:15  BuildStamp: freesurfer-linux-ubuntu22_x86_64-7.3.2-20220804-6354275  User: oesteban  Machine: dna056  Platform: Linux  PlatformVersion: 5.14.0-427.37.1.el9_4.x86_64  CompilerName: GCC  CompilerVersion: 8.4.0
ProgramName: mri_segment  ProgramArguments: mri_segment -all-info  ProgramVersion: 7.3.2  TimeStamp: 2026/03/08-19:22:01-GMT  BuildTime: Aug  4 2022 06:17:15  BuildStamp: freesurfer-linux-ubuntu22_x86_64-7.3.2-20220804-6354275  User: oesteban  Machine: dna056  Platform: Linux  PlatformVersion: 5.14.0-427.37.1.el9_4.x86_64  CompilerName: GCC  CompilerVersion: 8.4.0
ProgramName: mri_segstats  ProgramArguments: mri_segstats -all-info  ProgramVersion: 7.3.2  TimeStamp: 2026/03/08-19:22:01-GMT  BuildTime: Aug  4 2022 06:17:15  BuildStamp: freesurfer-linux-ubuntu22_x86_64-7.3.2-20220804-6354275  User: oesteban  Machine: dna056  Platform: Linux  PlatformVersion: 5.14.0-427.37.1.el9_4.x86_64  CompilerName: GCC  CompilerVersion: 8.4.0
ProgramName: mris_euler_number  ProgramArguments: mris_euler_number -all-info  ProgramVersion: 7.3.2  TimeStamp: 2026/03/08-19:22:01-GMT  BuildTime: Aug  4 2022 06:17:15  BuildStamp: freesurfer-linux-ubuntu22_x86_64-7.3.2-20220804-6354275  User: oesteban  Machine: dna056  Platform: Linux  PlatformVersion: 5.14.0-427.37.1.el9_4.x86_64  CompilerName: GCC  CompilerVersion: 8.4.0
ProgramName: mris_fix_topology  ProgramArguments: mris_fix_topology -all-info  ProgramVersion: 7.3.2  TimeStamp: 2026/03/08-19:22:01-GMT  BuildTime: Aug  4 2022 06:17:15  BuildStamp: freesurfer-linux-ubuntu22_x86_64-7.3.2-20220804-6354275  User: oesteban  Machine: dna056  Platform: Linux  PlatformVersion: 5.14.0-427.37.1.el9_4.x86_64  CompilerName: GCC  CompilerVersion: 8.4.0
ProgramName: mris_topo_fixer  ProgramArguments: mris_topo_fixer -all-info  ProgramVersion: 7.3.2  TimeStamp: 2026/03/08-19:22:01-GMT  BuildTime: Aug  4 2022 06:17:15  BuildStamp: freesurfer-linux-ubuntu22_x86_64-7.3.2-20220804-6354275  User: oesteban  Machine: dna056  Platform: Linux  PlatformVersion: 5.14.0-427.37.1.el9_4.x86_64  CompilerName: GCC  CompilerVersion: 8.4.0
ProgramName: mris_jacobian  ProgramArguments: mris_jacobian -all-info  ProgramVersion: 7.3.2  TimeStamp: 2026/03/08-19:22:01-GMT  BuildTime: Aug  4 2022 06:17:15  BuildStamp: freesurfer-linux-ubuntu22_x86_64-7.3.2-20220804-6354275  User: oesteban  Machine: dna056  Platform: Linux  PlatformVersion: 5.14.0-427.37.1.el9_4.x86_64  CompilerName: GCC  CompilerVersion: 8.4.0
ProgramName: mris_label2annot  ProgramArguments: mris_label2annot -all-info  ProgramVersion: 7.3.2  TimeStamp: 2026/03/08-19:22:01-GMT  BuildTime: Aug  4 2022 06:17:15  BuildStamp: freesurfer-linux-ubuntu22_x86_64-7.3.2-20220804-6354275  User: oesteban  Machine: dna056  Platform: Linux  PlatformVersion: 5.14.0-427.37.1.el9_4.x86_64  CompilerName: GCC  CompilerVersion: 8.4.0
ProgramName: mris_left_right_register  ProgramArguments: mris_left_right_register -all-info  ProgramVersion: 7.3.2  TimeStamp: 2026/03/08-19:22:01-GMT  BuildTime: Aug  4 2022 06:17:15  BuildStamp: freesurfer-linux-ubuntu22_x86_64-7.3.2-20220804-6354275  User: oesteban  Machine: dna056  Platform: Linux  PlatformVersion: 5.14.0-427.37.1.el9_4.x86_64  CompilerName: GCC  CompilerVersion: 8.4.0
ProgramName: mris_place_surface  ProgramArguments: mris_place_surface -all-info  ProgramVersion: 7.3.2  TimeStamp: 2026/03/08-19:22:01-GMT  BuildTime: Aug  4 2022 06:17:15  BuildStamp: freesurfer-linux-ubuntu22_x86_64-7.3.2-20220804-6354275  User: oesteban  Machine: dna056  Platform: Linux  PlatformVersion: 5.14.0-427.37.1.el9_4.x86_64  CompilerName: GCC  CompilerVersion: 8.4.0
ProgramName: mrisp_paint  ProgramArguments: mrisp_paint -all-info  ProgramVersion: 7.3.2  TimeStamp: 2026/03/08-19:22:01-GMT  BuildTime: Aug  4 2022 06:17:15  BuildStamp: freesurfer-linux-ubuntu22_x86_64-7.3.2-20220804-6354275  User: oesteban  Machine: dna056  Platform: Linux  PlatformVersion: 5.14.0-427.37.1.el9_4.x86_64  CompilerName: GCC  CompilerVersion: 8.4.0
ProgramName: mris_register  ProgramArguments: mris_register -all-info  ProgramVersion: 7.3.2  TimeStamp: 2026/03/08-19:22:01-GMT  BuildTime: Aug  4 2022 06:17:15  BuildStamp: freesurfer-linux-ubuntu22_x86_64-7.3.2-20220804-6354275  User: oesteban  Machine: dna056  Platform: Linux  PlatformVersion: 5.14.0-427.37.1.el9_4.x86_64  CompilerName: GCC  CompilerVersion: 8.4.0
ProgramName: mris_smooth  ProgramArguments: mris_smooth -all-info  ProgramVersion: 7.3.2  TimeStamp: 2026/03/08-19:22:01-GMT  BuildTime: Aug  4 2022 06:17:15  BuildStamp: freesurfer-linux-ubuntu22_x86_64-7.3.2-20220804-6354275  User: oesteban  Machine: dna056  Platform: Linux  PlatformVersion: 5.14.0-427.37.1.el9_4.x86_64  CompilerName: GCC  CompilerVersion: 8.4.0
ProgramName: mris_sphere  ProgramArguments: mris_sphere -all-info  ProgramVersion: 7.3.2  TimeStamp: 2026/03/08-19:22:01-GMT  BuildTime: Aug  4 2022 06:17:15  BuildStamp: freesurfer-linux-ubuntu22_x86_64-7.3.2-20220804-6354275  User: oesteban  Machine: dna056  Platform: Linux  PlatformVersion: 5.14.0-427.37.1.el9_4.x86_64  CompilerName: GCC  CompilerVersion: 8.4.0
ProgramName: mris_surface_stats  ProgramArguments: mris_surface_stats -all-info  ProgramVersion: 7.3.2  TimeStamp: 2026/03/08-19:22:01-GMT  BuildTime: Aug  4 2022 06:17:15  BuildStamp: freesurfer-linux-ubuntu22_x86_64-7.3.2-20220804-6354275  User: oesteban  Machine: dna056  Platform: Linux  PlatformVersion: 5.14.0-427.37.1.el9_4.x86_64  CompilerName: GCC  CompilerVersion: 8.4.0
ProgramName: mri_stats2seg  ProgramArguments: mri_stats2seg -all-info  ProgramVersion: 7.3.2  TimeStamp: 2026/03/08-19:22:01-GMT  BuildTime: Aug  4 2022 06:17:15  BuildStamp: freesurfer-linux-ubuntu22_x86_64-7.3.2-20220804-6354275  User: oesteban  Machine: dna056  Platform: Linux  PlatformVersion: 5.14.0-427.37.1.el9_4.x86_64  CompilerName: GCC  CompilerVersion: 8.4.0
ProgramName: mris_thickness  ProgramArguments: mris_thickness -all-info  ProgramVersion: 7.3.2  TimeStamp: 2026/03/08-19:22:01-GMT  BuildTime: Aug  4 2022 06:17:15  BuildStamp: freesurfer-linux-ubuntu22_x86_64-7.3.2-20220804-6354275  User: oesteban  Machine: dna056  Platform: Linux  PlatformVersion: 5.14.0-427.37.1.el9_4.x86_64  CompilerName: GCC  CompilerVersion: 8.4.0
ProgramName: mris_thickness_diff  ProgramArguments: mris_thickness_diff -all-info  ProgramVersion: 7.3.2  TimeStamp: 2026/03/08-19:22:01-GMT  BuildTime: Aug  4 2022 06:17:15  BuildStamp: freesurfer-linux-ubuntu22_x86_64-7.3.2-20220804-6354275  User: oesteban  Machine: dna056  Platform: Linux  PlatformVersion: 5.14.0-427.37.1.el9_4.x86_64  CompilerName: GCC  CompilerVersion: 8.4.0
ProgramName: mris_topo_fixer  ProgramArguments: mris_topo_fixer -all-info  ProgramVersion: 7.3.2  TimeStamp: 2026/03/08-19:22:01-GMT  BuildTime: Aug  4 2022 06:17:15  BuildStamp: freesurfer-linux-ubuntu22_x86_64-7.3.2-20220804-6354275  User: oesteban  Machine: dna056  Platform: Linux  PlatformVersion: 5.14.0-427.37.1.el9_4.x86_64  CompilerName: GCC  CompilerVersion: 8.4.0
ProgramName: mri_surf2surf  ProgramArguments: mri_surf2surf -all-info  ProgramVersion: 7.3.2  TimeStamp: 2026/03/08-19:22:01-GMT  BuildTime: Aug  4 2022 06:17:15  BuildStamp: freesurfer-linux-ubuntu22_x86_64-7.3.2-20220804-6354275  User: oesteban  Machine: dna056  Platform: Linux  PlatformVersion: 5.14.0-427.37.1.el9_4.x86_64  CompilerName: GCC  CompilerVersion: 8.4.0
ProgramName: mri_surf2vol  ProgramArguments: mri_surf2vol -all-info  ProgramVersion: 7.3.2  TimeStamp: 2026/03/08-19:22:01-GMT  BuildTime: Aug  4 2022 06:17:15  BuildStamp: freesurfer-linux-ubuntu22_x86_64-7.3.2-20220804-6354275  User: oesteban  Machine: dna056  Platform: Linux  PlatformVersion: 5.14.0-427.37.1.el9_4.x86_64  CompilerName: GCC  CompilerVersion: 8.4.0
ProgramName: mri_surfcluster  ProgramArguments: mri_surfcluster -all-info  ProgramVersion: 7.3.2  TimeStamp: 2026/03/08-19:22:01-GMT  BuildTime: Aug  4 2022 06:17:15  BuildStamp: freesurfer-linux-ubuntu22_x86_64-7.3.2-20220804-6354275  User: oesteban  Machine: dna056  Platform: Linux  PlatformVersion: 5.14.0-427.37.1.el9_4.x86_64  CompilerName: GCC  CompilerVersion: 8.4.0
ProgramName: mris_volmask  ProgramArguments: mris_volmask -all-info  ProgramVersion: 7.3.2  TimeStamp: 2026/03/08-19:22:01-GMT  BuildTime: Aug  4 2022 06:17:15  BuildStamp: freesurfer-linux-ubuntu22_x86_64-7.3.2-20220804-6354275  User: oesteban  Machine: dna056  Platform: Linux  PlatformVersion: 5.14.0-427.37.1.el9_4.x86_64  CompilerName: GCC  CompilerVersion: 8.4.0
ProgramName: mri_tessellate  ProgramArguments: mri_tessellate -all-info  ProgramVersion: 7.3.2  TimeStamp: 2026/03/08-19:22:01-GMT  BuildTime: Aug  4 2022 06:17:15  BuildStamp: freesurfer-linux-ubuntu22_x86_64-7.3.2-20220804-6354275  User: oesteban  Machine: dna056  Platform: Linux  PlatformVersion: 5.14.0-427.37.1.el9_4.x86_64  CompilerName: GCC  CompilerVersion: 8.4.0
ProgramName: mri_vol2surf  ProgramArguments: mri_vol2surf -all-info  ProgramVersion: 7.3.2  TimeStamp: 2026/03/08-19:22:01-GMT  BuildTime: Aug  4 2022 06:17:15  BuildStamp: freesurfer-linux-ubuntu22_x86_64-7.3.2-20220804-6354275  User: oesteban  Machine: dna056  Platform: Linux  PlatformVersion: 5.14.0-427.37.1.el9_4.x86_64  CompilerName: GCC  CompilerVersion: 8.4.0
ProgramName: mri_vol2vol  ProgramArguments: mri_vol2vol -all-info  ProgramVersion: 7.3.2  TimeStamp: 2026/03/08-19:22:01-GMT  BuildTime: Aug  4 2022 06:17:15  BuildStamp: freesurfer-linux-ubuntu22_x86_64-7.3.2-20220804-6354275  User: oesteban  Machine: dna056  Platform: Linux  PlatformVersion: 5.14.0-427.37.1.el9_4.x86_64  CompilerName: GCC  CompilerVersion: 8.4.0
ProgramName: mri_voldiff  ProgramArguments: mri_voldiff -all-info  ProgramVersion: 7.3.2  TimeStamp: 2026/03/08-19:22:01-GMT  BuildTime: Aug  4 2022 06:17:15  BuildStamp: freesurfer-linux-ubuntu22_x86_64-7.3.2-20220804-6354275  User: oesteban  Machine: dna056  Platform: Linux  PlatformVersion: 5.14.0-427.37.1.el9_4.x86_64  CompilerName: GCC  CompilerVersion: 8.4.0
ProgramName: mri_watershed  ProgramArguments: mri_watershed -all-info  ProgramVersion: 7.3.2  TimeStamp: 2026/03/08-19:22:01-GMT  BuildTime: Aug  4 2022 06:17:15  BuildStamp: freesurfer-linux-ubuntu22_x86_64-7.3.2-20220804-6354275  User: oesteban  Machine: dna056  Platform: Linux  PlatformVersion: 5.14.0-427.37.1.el9_4.x86_64  CompilerName: GCC  CompilerVersion: 8.4.0
ProgramName: tkregister2  ProgramArguments: tkregister2_cmdl -all-info  ProgramVersion: 7.3.2  TimeStamp: 2026/03/08-19:22:01-GMT  BuildTime: Aug  4 2022 06:17:15  BuildStamp: freesurfer-linux-ubuntu22_x86_64-7.3.2-20220804-6354275  User: oesteban  Machine: dna056  Platform: Linux  PlatformVersion: 5.14.0-427.37.1.el9_4.x86_64  CompilerName: GCC  CompilerVersion: 8.4.0
mri_motion_correct.fsl 7.3.2
mri_convert -all-info 
ProgramName: mri_convert  ProgramArguments: mri_convert -all-info  ProgramVersion: 7.3.2  TimeStamp: 2026/03/08-19:22:01-GMT  BuildTime: Aug  4 2022 06:17:15  BuildStamp: freesurfer-linux-ubuntu22_x86_64-7.3.2-20220804-6354275  User: oesteban  Machine: dna056  Platform: Linux  PlatformVersion: 5.14.0-427.37.1.el9_4.x86_64  CompilerName: GCC  CompilerVersion: 8.4.0
Program nu_correct, built from:
Package MNI N3, version 1.12.0, compiled by nicks@terrier (x86_64-unknown-linux-gnu) on 2015-06-19 at 01:25:34
#######################################
GCADIR /opt/freesurfer/average
GCA RB_all_2020-01-02.gca
GCASkull RB_all_withskull_2020_01_02.gca
AvgCurvTif folding.atlas.acfb40.noaparc.i12.2016-08-02.tif
GCSDIR /opt/freesurfer/average
GCS DKaparc.atlas.acfb40.noaparc.i12.2016-08-02.gcs
#######################################
#--------------------------------------------
#@# AutoDetGWStats rh Sun Mar  8 20:22:01 CET 2026
cd /out/sourcedata/freesurfer/sub-v1s14x0051562_ses-1/mri
mris_autodet_gwstats --o ../surf/autodet.gw.stats.rh.dat --i brain.finalsurfs.mgz --wm wm.mgz --surf ../surf/rh.orig.premesh
  Update not needed
#--------------------------------------------
#@# WhitePreAparc rh Sun Mar  8 20:22:01 CET 2026
cd /out/sourcedata/freesurfer/sub-v1s14x0051562_ses-1/mri
mris_place_surface --adgws-in ../surf/autodet.gw.stats.rh.dat --wm wm.mgz --threads 16 --invol brain.finalsurfs.mgz --rh --i ../surf/rh.orig --o ../surf/rh.white.preaparc --white --seg aseg.presurf.mgz --nsmooth 5
   Update not needed
#--------------------------------------------
#@# CortexLabel rh Sun Mar  8 20:22:01 CET 2026
cd /out/sourcedata/freesurfer/sub-v1s14x0051562_ses-1/mri
mri_label2label --label-cortex ../surf/rh.white.preaparc aseg.presurf.mgz 0 ../label/rh.cortex.label
   Update not needed
#--------------------------------------------
#@# CortexLabel+HipAmyg rh Sun Mar  8 20:22:01 CET 2026
cd /out/sourcedata/freesurfer/sub-v1s14x0051562_ses-1/mri
mri_label2label --label-cortex ../surf/rh.white.preaparc aseg.presurf.mgz 1 ../label/rh.cortex+hipamyg.label
   Update not needed
#@# white curv rh Sun Mar  8 20:22:01 CET 2026
cd /out/sourcedata/freesurfer/sub-v1s14x0051562_ses-1/mri
mris_place_surface --curv-map ../surf/rh.white 2 10 ../surf/rh.curv
   Update not needed
#@# white area rh Sun Mar  8 20:22:01 CET 2026
cd /out/sourcedata/freesurfer/sub-v1s14x0051562_ses-1/mri
mris_place_surface --area-map ../surf/rh.white ../surf/rh.area
   Update not needed
#@# pial curv rh Sun Mar  8 20:22:01 CET 2026
cd /out/sourcedata/freesurfer/sub-v1s14x0051562_ses-1/mri
mris_place_surface --curv-map ../surf/rh.pial 2 10 ../surf/rh.curv.pial
   Update not needed
#@# pial area rh Sun Mar  8 20:22:01 CET 2026
cd /out/sourcedata/freesurfer/sub-v1s14x0051562_ses-1/mri
mris_place_surface --area-map ../surf/rh.pial ../surf/rh.area.pial
   Update not needed
#@# thickness rh Sun Mar  8 20:22:01 CET 2026
cd /out/sourcedata/freesurfer/sub-v1s14x0051562_ses-1/mri
mris_place_surface --thickness ../surf/rh.white ../surf/rh.pial 20 5 ../surf/rh.thickness
   Update not needed
#@# area and vertex vol rh Sun Mar  8 20:22:01 CET 2026
cd /out/sourcedata/freesurfer/sub-v1s14x0051562_ses-1/mri
mris_place_surface --thickness ../surf/rh.white ../surf/rh.pial 20 5 ../surf/rh.thickness
   Update not needed
#-----------------------------------------
#@# Parcellation Stats rh Sun Mar  8 20:22:01 CET 2026
/out/sourcedata/freesurfer/sub-v1s14x0051562_ses-1/scripts

 mris_anatomical_stats -th3 -mgz -noglobal -cortex ../label/rh.cortex.label -f ../stats/rh.aparc.stats -b -a ../label/rh.aparc.annot -c ../label/aparc.annot.ctab sub-v1s14x0051562_ses-1 rh white 

computing statistics for each annotation in ../label/rh.aparc.annot.
reading volume /out/sourcedata/freesurfer/sub-v1s14x0051562_ses-1/mri/wm.mgz...
reading input surface /out/sourcedata/freesurfer/sub-v1s14x0051562_ses-1/surf/rh.white...
reading input pial surface /out/sourcedata/freesurfer/sub-v1s14x0051562_ses-1/surf/rh.pial...
reading input white surface /out/sourcedata/freesurfer/sub-v1s14x0051562_ses-1/surf/rh.white...
INFO: using TH3 volume calc
INFO: assuming MGZ format for volumes.
INFO: not computing global stats
INFO: using ../label/rh.cortex.label as mask to calc cortex NumVert, SurfArea and MeanThickness.
Using TH3 vertex volume calc
Total face volume 229126
Total vertex volume 228918 (mask=0)
Saving annotation colortable ../label/aparc.annot.ctab

table columns are:
    number of vertices
    total surface area (mm^2)
    total gray matter volume (mm^3)
    average cortical thickness +- standard deviation (mm)
    integrated rectified mean curvature
    integrated rectified Gaussian curvature
    folding index
    intrinsic curvature index
    structure name

 1326    877   1987  2.397 0.485     0.094     0.014        7     0.8  bankssts
 1163    749   1888  2.090 0.808     0.115     0.016       14     1.0  caudalanteriorcingulate
 3109   2023   5484  2.379 0.570     0.102     0.016       23     2.2  caudalmiddlefrontal
 2747   1843   2773  1.506 0.356     0.147     0.034       34     4.2  cuneus
  796    512   2242  3.276 0.755     0.083     0.013        3     0.4  entorhinal
 4387   3025   8207  2.408 0.695     0.128     0.029       50     5.2  fusiform
 8486   5947  14919  2.231 0.633     0.129     0.024      103     8.9  inferiorparietal
 4911   3369  12235  2.853 0.826     0.118     0.028       57     5.2  inferiortemporal
 1456    941   2459  2.171 0.892     0.114     0.025       16     1.4  isthmuscingulate
 9237   6079  12284  1.872 0.655     0.138     0.037      124    14.4  lateraloccipital
 4462   3072   7918  2.416 0.805     0.142     0.041       63     8.3  lateralorbitofrontal
 5304   3650   5832  1.639 0.551     0.141     0.033       67     7.7  lingual
 3593   2430   6087  2.251 0.693     0.130     0.034       50     5.1  medialorbitofrontal
 4774   3196  11091  2.870 0.717     0.108     0.019       44     3.9  middletemporal
  958    591   1882  2.603 0.902     0.089     0.017        8     0.7  parahippocampal
 2589   1376   3515  2.344 0.731     0.090     0.018       18     1.8  paracentral
 2346   1543   3875  2.356 0.557     0.110     0.021       21     1.9  parsopercularis
 1255    874   3054  2.676 0.764     0.138     0.026       16     1.4  parsorbitalis
 2298   1585   4103  2.225 0.615     0.129     0.025       24     2.4  parstriangularis
 2547   1783   2042  1.312 0.350     0.134     0.027       27     2.8  pericalcarine
 5942   3523   6871  1.801 0.594     0.092     0.018       43     4.2  postcentral
 1764   1190   2730  2.106 0.833     0.108     0.020       19     1.5  posteriorcingulate
 8131   4862  14277  2.594 0.701     0.096     0.019       57     6.3  precentral
 6517   4202   9476  2.091 0.600     0.115     0.021       65     5.8  precuneus
 1043    684   1814  2.457 0.597     0.124     0.028       16     1.1  rostralanteriorcingulate
 9005   6445  16182  2.146 0.631     0.130     0.024      107     9.6  rostralmiddlefrontal
10301   6929  20133  2.573 0.628     0.121     0.023      102    10.1  superiorfrontal
 9000   5494  12329  2.019 0.586     0.102     0.019       74     7.1  superiorparietal
 5740   3629  10963  2.571 0.736     0.095     0.016       44     4.0  superiortemporal
 5207   3507   8622  2.223 0.543     0.123     0.024       57     5.3  supramarginal
  553    402   1459  2.605 0.749     0.159     0.046       10     1.0  frontalpole
  567    442   2969  4.163 0.642     0.134     0.027        7     0.6  temporalpole
  496    317    622  1.968 0.480     0.116     0.040        6     0.9  transversetemporal
 3550   2355   6593  2.727 0.831     0.117     0.029       32     3.9  insula

 mris_anatomical_stats -th3 -mgz -noglobal -cortex ../label/rh.cortex.label -f ../stats/rh.aparc.pial.stats -b -a ../label/rh.aparc.annot -c ../label/aparc.annot.ctab sub-v1s14x0051562_ses-1 rh pial 

computing statistics for each annotation in ../label/rh.aparc.annot.
reading volume /out/sourcedata/freesurfer/sub-v1s14x0051562_ses-1/mri/wm.mgz...
reading input surface /out/sourcedata/freesurfer/sub-v1s14x0051562_ses-1/surf/rh.pial...
reading input pial surface /out/sourcedata/freesurfer/sub-v1s14x0051562_ses-1/surf/rh.pial...
reading input white surface /out/sourcedata/freesurfer/sub-v1s14x0051562_ses-1/surf/rh.white...
INFO: using TH3 volume calc
INFO: assuming MGZ format for volumes.
INFO: not computing global stats
INFO: using ../label/rh.cortex.label as mask to calc cortex NumVert, SurfArea and MeanThickness.
Using TH3 vertex volume calc
Total face volume 229126
Total vertex volume 228918 (mask=0)
Saving annotation colortable ../label/aparc.annot.ctab

table columns are:
    number of vertices
    total surface area (mm^2)
    total gray matter volume (mm^3)
    average cortical thickness +- standard deviation (mm)
    integrated rectified mean curvature
    integrated rectified Gaussian curvature
    folding index
    intrinsic curvature index
    structure name

 1326    827   1987  2.397 0.485     0.110     0.031       20     1.8  bankssts
 1163    971   1888  2.090 0.808     0.125     0.029       21     1.4  caudalanteriorcingulate
 3109   2439   5484  2.379 0.570     0.123     0.026       80     3.8  caudalmiddlefrontal
 2747   2067   2773  1.506 0.356     0.128     0.036       45     3.6  cuneus
  796    828   2242  3.276 0.755     0.219     0.057       26     2.2  entorhinal
 4387   3687   8207  2.408 0.695     0.150     0.036     7009     6.8  fusiform
 8486   7407  14919  2.231 0.633     0.151     0.034      392    13.4  inferiorparietal
 4911   4870  12235  2.853 0.826     0.157     0.037       75     8.1  inferiortemporal
 1456   1290   2459  2.171 0.892     0.168     0.044       44     2.9  isthmuscingulate
 9237   7269  12284  1.872 0.655     0.126     0.032      156    12.1  lateraloccipital
 4462   3545   7918  2.416 0.805     0.157     0.045      115     8.8  lateralorbitofrontal
 5304   3973   5832  1.639 0.551     0.132     0.070      284     7.7  lingual
 3593   3037   6087  2.251 0.693     0.165     0.046       96     7.4  medialorbitofrontal
 4774   4320  11091  2.870 0.717     0.139     0.031       75     6.5  middletemporal
  958    834   1882  2.603 0.902     0.160     0.045       13     2.6  parahippocampal
 2589   1639   3515  2.344 0.731     0.097     0.017       21     2.0  paracentral
 2346   1777   3875  2.356 0.557     0.130     0.029       36     3.1  parsopercularis
 1255   1355   3054  2.676 0.764     0.179     0.036       22     2.1  parsorbitalis
 2298   2042   4103  2.225 0.615     0.152     0.033       30     3.3  parstriangularis
 2547   1508   2042  1.312 0.350     0.118     0.028       59     3.2  pericalcarine
 5942   4228   6871  1.801 0.594     0.101     0.017       49     4.2  postcentral
 1764   1373   2730  2.106 0.833     0.133     0.034       79     2.3  posteriorcingulate
 8131   5931  14277  2.594 0.701     0.104     0.020       95     6.9  precentral
 6517   4839   9476  2.091 0.600     0.126     0.027      148     7.5  precuneus
 1043    848   1814  2.457 0.597     0.162     0.046       28     2.1  rostralanteriorcingulate
 9005   8284  16182  2.146 0.631     0.160     0.034      149    13.1  rostralmiddlefrontal
10301   8435  20133  2.573 0.628     0.137     0.030      176    13.0  superiorfrontal
 9000   6712  12329  2.019 0.586     0.112     0.022       86     7.7  superiorparietal
 5740   4699  10963  2.571 0.736     0.138     0.034       78     8.3  superiortemporal
 5207   4138   8622  2.223 0.543     0.137     0.031       82     6.7  supramarginal
  553    707   1459  2.605 0.749     0.195     0.037        7     0.9  frontalpole
  567    923   2969  4.163 0.642     0.234     0.048        8     1.3  temporalpole
  496    348    622  1.968 0.480     0.106     0.028        4     0.6  transversetemporal
 3550   2439   6593  2.727 0.831     0.166     0.057       98     9.9  insula
#-----------------------------------------
#@# Parcellation Stats 2 rh Sun Mar  8 20:22:21 CET 2026
/out/sourcedata/freesurfer/sub-v1s14x0051562_ses-1/scripts

 mris_anatomical_stats -th3 -mgz -noglobal -cortex ../label/rh.cortex.label -f ../stats/rh.aparc.a2009s.stats -b -a ../label/rh.aparc.a2009s.annot -c ../label/aparc.annot.a2009s.ctab sub-v1s14x0051562_ses-1 rh white 

computing statistics for each annotation in ../label/rh.aparc.a2009s.annot.
reading volume /out/sourcedata/freesurfer/sub-v1s14x0051562_ses-1/mri/wm.mgz...
reading input surface /out/sourcedata/freesurfer/sub-v1s14x0051562_ses-1/surf/rh.white...
reading input pial surface /out/sourcedata/freesurfer/sub-v1s14x0051562_ses-1/surf/rh.pial...
reading input white surface /out/sourcedata/freesurfer/sub-v1s14x0051562_ses-1/surf/rh.white...
INFO: using TH3 volume calc
INFO: assuming MGZ format for volumes.
INFO: not computing global stats
INFO: using ../label/rh.cortex.label as mask to calc cortex NumVert, SurfArea and MeanThickness.
Using TH3 vertex volume calc
Total face volume 229126
Total vertex volume 228918 (mask=0)
Saving annotation colortable ../label/aparc.annot.a2009s.ctab

table columns are:
    number of vertices
    total surface area (mm^2)
    total gray matter volume (mm^3)
    average cortical thickness +- standard deviation (mm)
    integrated rectified mean curvature
    integrated rectified Gaussian curvature
    folding index
    intrinsic curvature index
    structure name

  929    663   1519  2.025 0.719     0.149     0.039       14     1.6  G_and_S_frontomargin
 1456   1005   2516  2.163 0.677     0.143     0.034       20     1.8  G_and_S_occipital_inf
 1661    820   2349  2.413 0.769     0.087     0.018       12     1.3  G_and_S_paracentral
 1500    974   2642  2.417 0.557     0.110     0.023       13     1.3  G_and_S_subcentral
 1339   1004   3193  2.422 0.732     0.158     0.035       22     2.0  G_and_S_transv_frontopol
 3335   2257   5758  2.479 0.512     0.108     0.020       28     2.6  G_and_S_cingul-Ant
 1394    914   2293  2.397 0.432     0.105     0.017       10     1.0  G_and_S_cingul-Mid-Ant
 1323    864   2106  2.255 0.681     0.112     0.024       10     1.2  G_and_S_cingul-Mid-Post
  575    386   1514  2.950 0.647     0.151     0.035        9     0.9  G_cingul-Post-dorsal
  299    175    709  2.834 0.772     0.108     0.032        3     0.3  G_cingul-Post-ventral
 2734   1817   2825  1.507 0.427     0.143     0.034       33     4.0  G_cuneus
 1573   1038   3254  2.459 0.606     0.112     0.026       16     1.6  G_front_inf-Opercular
  504    343   1353  2.905 0.534     0.138     0.027        6     0.6  G_front_inf-Orbital
 1069    736   2090  2.289 0.635     0.146     0.030       15     1.3  G_front_inf-Triangul
 3957   2871   9866  2.497 0.610     0.135     0.023       59     3.9  G_front_middle
 7209   4710  16141  2.723 0.649     0.128     0.026       91     7.9  G_front_sup
  596    402   1237  2.872 0.906     0.130     0.036        6     0.7  G_Ins_lg_and_S_cent_ins
  713    492   2113  3.155 0.889     0.131     0.038        8     1.1  G_insular_short
 2656   1840   5829  2.497 0.755     0.134     0.031       38     3.6  G_occipital_middle
 1842   1123   2323  1.812 0.603     0.113     0.030       19     2.4  G_occipital_sup
 1730   1240   3449  2.361 0.758     0.147     0.039       26     2.8  G_oc-temp_lat-fusifor
 3380   2316   3877  1.607 0.619     0.148     0.036       49     5.4  G_oc-temp_med-Lingual
 1379    859   4070  3.236 0.819     0.098     0.022       12     1.1  G_oc-temp_med-Parahip
 2812   1973   6898  2.589 0.921     0.150     0.044       46     5.3  G_orbital
 2990   2144   6538  2.311 0.721     0.143     0.028       49     3.9  G_pariet_inf-Angular
 2434   1696   5160  2.465 0.554     0.140     0.030       35     3.2  G_pariet_inf-Supramar
 3252   1879   5630  2.284 0.610     0.109     0.020       37     2.7  G_parietal_sup
 2074   1076   2368  1.833 0.542     0.086     0.017       16     1.5  G_postcentral
 3473   1863   7502  2.934 0.671     0.100     0.024       32     3.1  G_precentral
 3445   2149   5756  2.181 0.635     0.118     0.022       40     3.1  G_precuneus
 1050    659   1968  2.184 0.807     0.146     0.056       23     2.4  G_rectus
  515    334    920  2.522 0.913     0.096     0.034        4     0.6  G_subcallosal
  386    233    522  2.008 0.503     0.097     0.041        5     0.7  G_temp_sup-G_T_transv
 1831   1198   4962  2.927 0.727     0.113     0.020       20     1.6  G_temp_sup-Lateral
  853    524   1832  3.037 0.922     0.066     0.016        4     0.6  G_temp_sup-Plan_polar
 1167    756   1711  2.045 0.590     0.114     0.021       11     1.0  G_temp_sup-Plan_tempo
 2821   1979   8498  2.996 0.891     0.135     0.034       45     3.7  G_temporal_inf
 2658   1809   7334  3.043 0.714     0.117     0.022       33     2.2  G_temporal_middle
  400    260    413  1.875 0.480     0.108     0.014        3     0.2  Lat_Fis-ant-Horizont
  151    112    269  2.890 0.510     0.119     0.016        1     0.1  Lat_Fis-ant-Vertical
 1329    878   1569  2.183 0.446     0.117     0.023       10     1.3  Lat_Fis-post
 4635   2998   4659  1.554 0.554     0.145     0.042       72     8.5  Pole_occipital
 1898   1340   7389  3.480 0.872     0.122     0.028       20     2.2  Pole_temporal
 2891   2070   2842  1.607 0.563     0.138     0.028       31     3.6  S_calcarine
 2811   1829   2896  1.804 0.644     0.084     0.013       12     1.5  S_central
 1218    797   1391  1.832 0.514     0.087     0.013        6     0.6  S_cingul-Marginalis
  655    434    970  2.738 0.376     0.107     0.018        4     0.6  S_circular_insula_ant
 1313    833   1814  2.548 0.688     0.082     0.015        7     0.9  S_circular_insula_inf
 1433    929   1999  2.550 0.513     0.091     0.015        6     0.9  S_circular_insula_sup
 1175    779   1749  2.442 0.442     0.090     0.015        8     0.6  S_collat_transv_ant
  494    342    501  1.746 0.335     0.146     0.034        5     0.7  S_collat_transv_post
 2393   1570   3019  2.005 0.446     0.100     0.016       14     1.7  S_front_inf
 2503   1750   3109  1.885 0.454     0.117     0.021       20     2.4  S_front_middle
 2478   1674   3519  2.251 0.529     0.109     0.019       16     2.0  S_front_sup
  480    324    529  1.849 0.379     0.091     0.012        2     0.2  S_interm_prim-Jensen
 3712   2410   4176  1.889 0.474     0.097     0.015       23     2.4  S_intrapariet_and_P_trans
 1473    974   1425  1.765 0.370     0.122     0.023       13     1.4  S_oc_middle_and_Lunatus
 1594   1035   1843  1.956 0.369     0.118     0.022       14     1.4  S_oc_sup_and_transversal
  541    385    733  1.957 0.448     0.109     0.016        3     0.4  S_occipital_ant
  859    607   1290  2.458 0.499     0.105     0.014        5     0.5  S_oc-temp_lat
 2056   1346   2448  2.120 0.421     0.102     0.019       12     1.7  S_oc-temp_med_and_Lingual
  564    386    640  1.881 0.537     0.136     0.027        6     0.6  S_orbital_lateral
 1188    913   1456  1.961 0.695     0.173     0.050       18     3.1  S_orbital_med-olfact
 1552   1053   2533  2.369 0.718     0.125     0.028       18     1.8  S_orbital-H_Shaped
 2320   1517   2567  1.904 0.499     0.112     0.020       19     2.0  S_parieto_occipital
 1530    951   1073  1.362 0.433     0.110     0.018       23     1.1  S_pericallosal
 2590   1628   2470  1.690 0.428     0.103     0.018       21     1.8  S_postcentral
 2095   1365   2774  2.263 0.466     0.093     0.013       12     1.2  S_precentral-inf-part
 1092    706   1423  2.148 0.495     0.088     0.011        5     0.6  S_precentral-sup-part
  300    226    445  2.416 0.495     0.160     0.029        3     0.4  S_suborbital
 1121    768   1356  1.891 0.462     0.106     0.018        7     0.8  S_subparietal
 1297    852   1742  2.480 0.498     0.111     0.019        8     1.2  S_temporal_inf
 6353   4185   9060  2.295 0.486     0.098     0.016       40     4.2  S_temporal_sup
  152    102    198  2.365 0.403     0.130     0.015        1     0.1  S_temporal_transverse
#-----------------------------------------
#@# Parcellation Stats 3 rh Sun Mar  8 20:22:32 CET 2026
/out/sourcedata/freesurfer/sub-v1s14x0051562_ses-1/scripts

 mris_anatomical_stats -th3 -mgz -noglobal -cortex ../label/rh.cortex.label -f ../stats/rh.aparc.DKTatlas.stats -b -a ../label/rh.aparc.DKTatlas.annot -c ../label/aparc.annot.DKTatlas.ctab sub-v1s14x0051562_ses-1 rh white 

computing statistics for each annotation in ../label/rh.aparc.DKTatlas.annot.
reading volume /out/sourcedata/freesurfer/sub-v1s14x0051562_ses-1/mri/wm.mgz...
reading input surface /out/sourcedata/freesurfer/sub-v1s14x0051562_ses-1/surf/rh.white...
reading input pial surface /out/sourcedata/freesurfer/sub-v1s14x0051562_ses-1/surf/rh.pial...
reading input white surface /out/sourcedata/freesurfer/sub-v1s14x0051562_ses-1/surf/rh.white...
INFO: using TH3 volume calc
INFO: assuming MGZ format for volumes.
INFO: not computing global stats
INFO: using ../label/rh.cortex.label as mask to calc cortex NumVert, SurfArea and MeanThickness.
Using TH3 vertex volume calc
Total face volume 229126
Total vertex volume 228918 (mask=0)
Saving annotation colortable ../label/aparc.annot.DKTatlas.ctab

table columns are:
    number of vertices
    total surface area (mm^2)
    total gray matter volume (mm^3)
    average cortical thickness +- standard deviation (mm)
    integrated rectified mean curvature
    integrated rectified Gaussian curvature
    folding index
    intrinsic curvature index
    structure name

 1340    859   2220  2.140 0.795     0.115     0.017       16     1.1  caudalanteriorcingulate
 3221   2098   5634  2.367 0.577     0.104     0.017       25     2.2  caudalmiddlefrontal
 3306   2201   3396  1.548 0.389     0.136     0.031       37     4.6  cuneus
  700    443   1981  3.274 0.733     0.082     0.013        3     0.4  entorhinal
 3941   2733   6813  2.338 0.632     0.130     0.029       46     4.8  fusiform
 8377   5878  14803  2.235 0.633     0.129     0.024      103     8.8  inferiorparietal
 5361   3683  13733  2.867 0.833     0.118     0.028       62     5.6  inferiortemporal
 1424    922   2394  2.173 0.887     0.114     0.025       15     1.3  isthmuscingulate
 9364   6132  12265  1.856 0.655     0.137     0.036      125    14.5  lateraloccipital
 4994   3497   9273  2.352 0.857     0.148     0.044       77    10.0  lateralorbitofrontal
 5228   3610   5730  1.629 0.536     0.142     0.033       66     7.9  lingual
 2715   1844   4733  2.258 0.736     0.145     0.042       46     4.8  medialorbitofrontal
 5749   3825  12619  2.820 0.697     0.106     0.018       49     4.3  middletemporal
 1061    656   2181  2.655 0.909     0.086     0.015        8     0.7  parahippocampal
 2640   1405   3668  2.367 0.739     0.090     0.018       18     1.8  paracentral
 2662   1750   4549  2.350 0.566     0.110     0.021       24     2.2  parsopercularis
 1188    806   2633  2.680 0.685     0.129     0.024       13     1.1  parsorbitalis
 2205   1515   3639  2.148 0.614     0.125     0.025       22     2.3  parstriangularis
 2479   1737   1996  1.319 0.351     0.133     0.026       26     2.7  pericalcarine
 6518   3862   7576  1.818 0.607     0.095     0.018       49     4.7  postcentral
 1840   1231   2790  2.101 0.828     0.109     0.021       20     1.6  posteriorcingulate
 7895   4717  13889  2.606 0.694     0.096     0.019       56     6.2  precentral
 6634   4279   9729  2.095 0.599     0.115     0.022       66     5.8  precuneus
 1345    887   2380  2.461 0.612     0.113     0.025       17     1.3  rostralanteriorcingulate
 6406   4488  10995  2.132 0.615     0.125     0.022       70     6.2  rostralmiddlefrontal
13470   9267  26510  2.503 0.641     0.125     0.024      143    13.8  superiorfrontal
 7662   4663  10539  2.026 0.576     0.102     0.018       65     6.1  superiorparietal
 7256   4692  15335  2.666 0.837     0.099     0.018       59     5.3  superiortemporal
 5046   3415   8310  2.220 0.543     0.122     0.023       54     5.1  supramarginal
  490    314    615  1.972 0.488     0.119     0.041        6     1.0  transversetemporal
 3043   2037   5991  2.843 0.741     0.112     0.024       23     2.9  insula
/out/sourcedata/freesurfer/sub-v1s14x0051562_ses-1/label
#--------------------------------------------
#@# BA_exvivo Labels rh Sun Mar  8 20:22:41 CET 2026

 mri_label2label --srcsubject fsaverage --srclabel /out/sourcedata/freesurfer/fsaverage/label/rh.BA1_exvivo.label --trgsubject sub-v1s14x0051562_ses-1 --trglabel ./rh.BA1_exvivo.label --hemi rh --regmethod surface 


srclabel = /out/sourcedata/freesurfer/fsaverage/label/rh.BA1_exvivo.label
srcsubject = fsaverage
trgsubject = sub-v1s14x0051562_ses-1
trglabel = ./rh.BA1_exvivo.label
regmethod = surface

srchemi = rh
trghemi = rh
trgsurface = white
srcsurfreg = sphere.reg
trgsurfreg = sphere.reg
usehash = 1
Use ProjAbs  = 0, 0
Use ProjFrac = 0, 0
DoPaint 0

SUBJECTS_DIR    /out/sourcedata/freesurfer
FREESURFER_HOME /opt/freesurfer
Loading source label.
Found 3962 points in source label.
Starting surface-based mapping
Reading source registration 
 /out/sourcedata/freesurfer/fsaverage/surf/rh.sphere.reg
Rescaling ...  original radius = 100
Reading target surface 
 /out/sourcedata/freesurfer/sub-v1s14x0051562_ses-1/surf/rh.white
Reading target registration 
 /out/sourcedata/freesurfer/sub-v1s14x0051562_ses-1/surf/rh.sphere.reg
Rescaling ...  original radius = 100
Building target registration hash (res=16).
Building source registration hash (res=16).
INFO: found  3962 nlabel points
Performing mapping from target back to the source label 144414
Number of reverse mapping hits = 160
Checking for and removing duplicates
Writing label file ./rh.BA1_exvivo.label 4122
mri_label2label: Done


 mri_label2label --srcsubject fsaverage --srclabel /out/sourcedata/freesurfer/fsaverage/label/rh.BA2_exvivo.label --trgsubject sub-v1s14x0051562_ses-1 --trglabel ./rh.BA2_exvivo.label --hemi rh --regmethod surface 


srclabel = /out/sourcedata/freesurfer/fsaverage/label/rh.BA2_exvivo.label
srcsubject = fsaverage
trgsubject = sub-v1s14x0051562_ses-1
trglabel = ./rh.BA2_exvivo.label
regmethod = surface

srchemi = rh
trghemi = rh
trgsurface = white
srcsurfreg = sphere.reg
trgsurfreg = sphere.reg
usehash = 1
Use ProjAbs  = 0, 0
Use ProjFrac = 0, 0
DoPaint 0

SUBJECTS_DIR    /out/sourcedata/freesurfer
FREESURFER_HOME /opt/freesurfer
Loading source label.
Found 6687 points in source label.
Starting surface-based mapping
Reading source registration 
 /out/sourcedata/freesurfer/fsaverage/surf/rh.sphere.reg
Rescaling ...  original radius = 100
Reading target surface 
 /out/sourcedata/freesurfer/sub-v1s14x0051562_ses-1/surf/rh.white
Reading target registration 
 /out/sourcedata/freesurfer/sub-v1s14x0051562_ses-1/surf/rh.sphere.reg
Rescaling ...  original radius = 100
Building target registration hash (res=16).
Building source registration hash (res=16).
INFO: found  6687 nlabel points
Performing mapping from target back to the source label 144414
Number of reverse mapping hits = 237
Checking for and removing duplicates
Writing label file ./rh.BA2_exvivo.label 6924
mri_label2label: Done


 mri_label2label --srcsubject fsaverage --srclabel /out/sourcedata/freesurfer/fsaverage/label/rh.BA3a_exvivo.label --trgsubject sub-v1s14x0051562_ses-1 --trglabel ./rh.BA3a_exvivo.label --hemi rh --regmethod surface 


srclabel = /out/sourcedata/freesurfer/fsaverage/label/rh.BA3a_exvivo.label
srcsubject = fsaverage
trgsubject = sub-v1s14x0051562_ses-1
trglabel = ./rh.BA3a_exvivo.label
regmethod = surface

srchemi = rh
trghemi = rh
trgsurface = white
srcsurfreg = sphere.reg
trgsurfreg = sphere.reg
usehash = 1
Use ProjAbs  = 0, 0
Use ProjFrac = 0, 0
DoPaint 0

SUBJECTS_DIR    /out/sourcedata/freesurfer
FREESURFER_HOME /opt/freesurfer
Loading source label.
Found 3980 points in source label.
Starting surface-based mapping
Reading source registration 
 /out/sourcedata/freesurfer/fsaverage/surf/rh.sphere.reg
Rescaling ...  original radius = 100
Reading target surface 
 /out/sourcedata/freesurfer/sub-v1s14x0051562_ses-1/surf/rh.white
Reading target registration 
 /out/sourcedata/freesurfer/sub-v1s14x0051562_ses-1/surf/rh.sphere.reg
Rescaling ...  original radius = 100
Building target registration hash (res=16).
Building source registration hash (res=16).
INFO: found  3980 nlabel points
Performing mapping from target back to the source label 144414
Number of reverse mapping hits = 17
Checking for and removing duplicates
Writing label file ./rh.BA3a_exvivo.label 3997
mri_label2label: Done


 mri_label2label --srcsubject fsaverage --srclabel /out/sourcedata/freesurfer/fsaverage/label/rh.BA3b_exvivo.label --trgsubject sub-v1s14x0051562_ses-1 --trglabel ./rh.BA3b_exvivo.label --hemi rh --regmethod surface 


srclabel = /out/sourcedata/freesurfer/fsaverage/label/rh.BA3b_exvivo.label
srcsubject = fsaverage
trgsubject = sub-v1s14x0051562_ses-1
trglabel = ./rh.BA3b_exvivo.label
regmethod = surface

srchemi = rh
trghemi = rh
trgsurface = white
srcsurfreg = sphere.reg
trgsurfreg = sphere.reg
usehash = 1
Use ProjAbs  = 0, 0
Use ProjFrac = 0, 0
DoPaint 0

SUBJECTS_DIR    /out/sourcedata/freesurfer
FREESURFER_HOME /opt/freesurfer
Loading source label.
Found 4522 points in source label.
Starting surface-based mapping
Reading source registration 
 /out/sourcedata/freesurfer/fsaverage/surf/rh.sphere.reg
Rescaling ...  original radius = 100
Reading target surface 
 /out/sourcedata/freesurfer/sub-v1s14x0051562_ses-1/surf/rh.white
Reading target registration 
 /out/sourcedata/freesurfer/sub-v1s14x0051562_ses-1/surf/rh.sphere.reg
Rescaling ...  original radius = 100
Building target registration hash (res=16).
Building source registration hash (res=16).
INFO: found  4522 nlabel points
Performing mapping from target back to the source label 144414
Number of reverse mapping hits = 80
Checking for and removing duplicates
Writing label file ./rh.BA3b_exvivo.label 4602
mri_label2label: Done


 mri_label2label --srcsubject fsaverage --srclabel /out/sourcedata/freesurfer/fsaverage/label/rh.BA4a_exvivo.label --trgsubject sub-v1s14x0051562_ses-1 --trglabel ./rh.BA4a_exvivo.label --hemi rh --regmethod surface 


srclabel = /out/sourcedata/freesurfer/fsaverage/label/rh.BA4a_exvivo.label
srcsubject = fsaverage
trgsubject = sub-v1s14x0051562_ses-1
trglabel = ./rh.BA4a_exvivo.label
regmethod = surface

srchemi = rh
trghemi = rh
trgsurface = white
srcsurfreg = sphere.reg
trgsurfreg = sphere.reg
usehash = 1
Use ProjAbs  = 0, 0
Use ProjFrac = 0, 0
DoPaint 0

SUBJECTS_DIR    /out/sourcedata/freesurfer
FREESURFER_HOME /opt/freesurfer
Loading source label.
Found 5747 points in source label.
Starting surface-based mapping
Reading source registration 
 /out/sourcedata/freesurfer/fsaverage/surf/rh.sphere.reg
Rescaling ...  original radius = 100
Reading target surface 
 /out/sourcedata/freesurfer/sub-v1s14x0051562_ses-1/surf/rh.white
Reading target registration 
 /out/sourcedata/freesurfer/sub-v1s14x0051562_ses-1/surf/rh.sphere.reg
Rescaling ...  original radius = 100
Building target registration hash (res=16).
Building source registration hash (res=16).
INFO: found  5747 nlabel points
Performing mapping from target back to the source label 144414
Number of reverse mapping hits = 533
Checking for and removing duplicates
Writing label file ./rh.BA4a_exvivo.label 6280
mri_label2label: Done


 mri_label2label --srcsubject fsaverage --srclabel /out/sourcedata/freesurfer/fsaverage/label/rh.BA4p_exvivo.label --trgsubject sub-v1s14x0051562_ses-1 --trglabel ./rh.BA4p_exvivo.label --hemi rh --regmethod surface 


srclabel = /out/sourcedata/freesurfer/fsaverage/label/rh.BA4p_exvivo.label
srcsubject = fsaverage
trgsubject = sub-v1s14x0051562_ses-1
trglabel = ./rh.BA4p_exvivo.label
regmethod = surface

srchemi = rh
trghemi = rh
trgsurface = white
srcsurfreg = sphere.reg
trgsurfreg = sphere.reg
usehash = 1
Use ProjAbs  = 0, 0
Use ProjFrac = 0, 0
DoPaint 0

SUBJECTS_DIR    /out/sourcedata/freesurfer
FREESURFER_HOME /opt/freesurfer
Loading source label.
Found 4473 points in source label.
Starting surface-based mapping
Reading source registration 
 /out/sourcedata/freesurfer/fsaverage/surf/rh.sphere.reg
Rescaling ...  original radius = 100
Reading target surface 
 /out/sourcedata/freesurfer/sub-v1s14x0051562_ses-1/surf/rh.white
Reading target registration 
 /out/sourcedata/freesurfer/sub-v1s14x0051562_ses-1/surf/rh.sphere.reg
Rescaling ...  original radius = 100
Building target registration hash (res=16).
Building source registration hash (res=16).
INFO: found  4473 nlabel points
Performing mapping from target back to the source label 144414
Number of reverse mapping hits = 291
Checking for and removing duplicates
Writing label file ./rh.BA4p_exvivo.label 4764
mri_label2label: Done


 mri_label2label --srcsubject fsaverage --srclabel /out/sourcedata/freesurfer/fsaverage/label/rh.BA6_exvivo.label --trgsubject sub-v1s14x0051562_ses-1 --trglabel ./rh.BA6_exvivo.label --hemi rh --regmethod surface 


srclabel = /out/sourcedata/freesurfer/fsaverage/label/rh.BA6_exvivo.label
srcsubject = fsaverage
trgsubject = sub-v1s14x0051562_ses-1
trglabel = ./rh.BA6_exvivo.label
regmethod = surface

srchemi = rh
trghemi = rh
trgsurface = white
srcsurfreg = sphere.reg
trgsurfreg = sphere.reg
usehash = 1
Use ProjAbs  = 0, 0
Use ProjFrac = 0, 0
DoPaint 0

SUBJECTS_DIR    /out/sourcedata/freesurfer
FREESURFER_HOME /opt/freesurfer
Loading source label.
Found 12256 points in source label.
Starting surface-based mapping
Reading source registration 
 /out/sourcedata/freesurfer/fsaverage/surf/rh.sphere.reg
Rescaling ...  original radius = 100
Reading target surface 
 /out/sourcedata/freesurfer/sub-v1s14x0051562_ses-1/surf/rh.white
Reading target registration 
 /out/sourcedata/freesurfer/sub-v1s14x0051562_ses-1/surf/rh.sphere.reg
Rescaling ...  original radius = 100
Building target registration hash (res=16).
Building source registration hash (res=16).
INFO: found  12256 nlabel points
Performing mapping from target back to the source label 144414
Number of reverse mapping hits = 745
Checking for and removing duplicates
Writing label file ./rh.BA6_exvivo.label 13001
mri_label2label: Done


 mri_label2label --srcsubject fsaverage --srclabel /out/sourcedata/freesurfer/fsaverage/label/rh.BA44_exvivo.label --trgsubject sub-v1s14x0051562_ses-1 --trglabel ./rh.BA44_exvivo.label --hemi rh --regmethod surface 


srclabel = /out/sourcedata/freesurfer/fsaverage/label/rh.BA44_exvivo.label
srcsubject = fsaverage
trgsubject = sub-v1s14x0051562_ses-1
trglabel = ./rh.BA44_exvivo.label
regmethod = surface

srchemi = rh
trghemi = rh
trgsurface = white
srcsurfreg = sphere.reg
trgsurfreg = sphere.reg
usehash = 1
Use ProjAbs  = 0, 0
Use ProjFrac = 0, 0
DoPaint 0

SUBJECTS_DIR    /out/sourcedata/freesurfer
FREESURFER_HOME /opt/freesurfer
Loading source label.
Found 6912 points in source label.
Starting surface-based mapping
Reading source registration 
 /out/sourcedata/freesurfer/fsaverage/surf/rh.sphere.reg
Rescaling ...  original radius = 100
Reading target surface 
 /out/sourcedata/freesurfer/sub-v1s14x0051562_ses-1/surf/rh.white
Reading target registration 
 /out/sourcedata/freesurfer/sub-v1s14x0051562_ses-1/surf/rh.sphere.reg
Rescaling ...  original radius = 100
Building target registration hash (res=16).
Building source registration hash (res=16).
INFO: found  6912 nlabel points
Performing mapping from target back to the source label 144414
Number of reverse mapping hits = 848
Checking for and removing duplicates
Writing label file ./rh.BA44_exvivo.label 7760
mri_label2label: Done


 mri_label2label --srcsubject fsaverage --srclabel /out/sourcedata/freesurfer/fsaverage/label/rh.BA45_exvivo.label --trgsubject sub-v1s14x0051562_ses-1 --trglabel ./rh.BA45_exvivo.label --hemi rh --regmethod surface 


srclabel = /out/sourcedata/freesurfer/fsaverage/label/rh.BA45_exvivo.label
srcsubject = fsaverage
trgsubject = sub-v1s14x0051562_ses-1
trglabel = ./rh.BA45_exvivo.label
regmethod = surface

srchemi = rh
trghemi = rh
trgsurface = white
srcsurfreg = sphere.reg
trgsurfreg = sphere.reg
usehash = 1
Use ProjAbs  = 0, 0
Use ProjFrac = 0, 0
DoPaint 0

SUBJECTS_DIR    /out/sourcedata/freesurfer
FREESURFER_HOME /opt/freesurfer
Loading source label.
Found 5355 points in source label.
Starting surface-based mapping
Reading source registration 
 /out/sourcedata/freesurfer/fsaverage/surf/rh.sphere.reg
Rescaling ...  original radius = 100
Reading target surface 
 /out/sourcedata/freesurfer/sub-v1s14x0051562_ses-1/surf/rh.white
Reading target registration 
 /out/sourcedata/freesurfer/sub-v1s14x0051562_ses-1/surf/rh.sphere.reg
Rescaling ...  original radius = 100
Building target registration hash (res=16).
Building source registration hash (res=16).
INFO: found  5355 nlabel points
Performing mapping from target back to the source label 144414
Number of reverse mapping hits = 821
Checking for and removing duplicates
Writing label file ./rh.BA45_exvivo.label 6176
mri_label2label: Done


 mri_label2label --srcsubject fsaverage --srclabel /out/sourcedata/freesurfer/fsaverage/label/rh.V1_exvivo.label --trgsubject sub-v1s14x0051562_ses-1 --trglabel ./rh.V1_exvivo.label --hemi rh --regmethod surface 


srclabel = /out/sourcedata/freesurfer/fsaverage/label/rh.V1_exvivo.label
srcsubject = fsaverage
trgsubject = sub-v1s14x0051562_ses-1
trglabel = ./rh.V1_exvivo.label
regmethod = surface

srchemi = rh
trghemi = rh
trgsurface = white
srcsurfreg = sphere.reg
trgsurfreg = sphere.reg
usehash = 1
Use ProjAbs  = 0, 0
Use ProjFrac = 0, 0
DoPaint 0

SUBJECTS_DIR    /out/sourcedata/freesurfer
FREESURFER_HOME /opt/freesurfer
Loading source label.
Found 4727 points in source label.
Starting surface-based mapping
Reading source registration 
 /out/sourcedata/freesurfer/fsaverage/surf/rh.sphere.reg
Rescaling ...  original radius = 100
Reading target surface 
 /out/sourcedata/freesurfer/sub-v1s14x0051562_ses-1/surf/rh.white
Reading target registration 
 /out/sourcedata/freesurfer/sub-v1s14x0051562_ses-1/surf/rh.sphere.reg
Rescaling ...  original radius = 100
Building target registration hash (res=16).
Building source registration hash (res=16).
INFO: found  4727 nlabel points
Performing mapping from target back to the source label 144414
Number of reverse mapping hits = 1937
Checking for and removing duplicates
Writing label file ./rh.V1_exvivo.label 6664
mri_label2label: Done


 mri_label2label --srcsubject fsaverage --srclabel /out/sourcedata/freesurfer/fsaverage/label/rh.V2_exvivo.label --trgsubject sub-v1s14x0051562_ses-1 --trglabel ./rh.V2_exvivo.label --hemi rh --regmethod surface 


srclabel = /out/sourcedata/freesurfer/fsaverage/label/rh.V2_exvivo.label
srcsubject = fsaverage
trgsubject = sub-v1s14x0051562_ses-1
trglabel = ./rh.V2_exvivo.label
regmethod = surface

srchemi = rh
trghemi = rh
trgsurface = white
srcsurfreg = sphere.reg
trgsurfreg = sphere.reg
usehash = 1
Use ProjAbs  = 0, 0
Use ProjFrac = 0, 0
DoPaint 0

SUBJECTS_DIR    /out/sourcedata/freesurfer
FREESURFER_HOME /opt/freesurfer
Loading source label.
Found 8016 points in source label.
Starting surface-based mapping
Reading source registration 
 /out/sourcedata/freesurfer/fsaverage/surf/rh.sphere.reg
Rescaling ...  original radius = 100
Reading target surface 
 /out/sourcedata/freesurfer/sub-v1s14x0051562_ses-1/surf/rh.white
Reading target registration 
 /out/sourcedata/freesurfer/sub-v1s14x0051562_ses-1/surf/rh.sphere.reg
Rescaling ...  original radius = 100
Building target registration hash (res=16).
Building source registration hash (res=16).
INFO: found  8016 nlabel points
Performing mapping from target back to the source label 144414
Number of reverse mapping hits = 3948
Checking for and removing duplicates
Writing label file ./rh.V2_exvivo.label 11964
mri_label2label: Done


 mri_label2label --srcsubject fsaverage --srclabel /out/sourcedata/freesurfer/fsaverage/label/rh.MT_exvivo.label --trgsubject sub-v1s14x0051562_ses-1 --trglabel ./rh.MT_exvivo.label --hemi rh --regmethod surface 


srclabel = /out/sourcedata/freesurfer/fsaverage/label/rh.MT_exvivo.label
srcsubject = fsaverage
trgsubject = sub-v1s14x0051562_ses-1
trglabel = ./rh.MT_exvivo.label
regmethod = surface

srchemi = rh
trghemi = rh
trgsurface = white
srcsurfreg = sphere.reg
trgsurfreg = sphere.reg
usehash = 1
Use ProjAbs  = 0, 0
Use ProjFrac = 0, 0
DoPaint 0

SUBJECTS_DIR    /out/sourcedata/freesurfer
FREESURFER_HOME /opt/freesurfer
Loading source label.
Found 1932 points in source label.
Starting surface-based mapping
Reading source registration 
 /out/sourcedata/freesurfer/fsaverage/surf/rh.sphere.reg
Rescaling ...  original radius = 100
Reading target surface 
 /out/sourcedata/freesurfer/sub-v1s14x0051562_ses-1/surf/rh.white
Reading target registration 
 /out/sourcedata/freesurfer/sub-v1s14x0051562_ses-1/surf/rh.sphere.reg
Rescaling ...  original radius = 100
Building target registration hash (res=16).
Building source registration hash (res=16).
INFO: found  1932 nlabel points
Performing mapping from target back to the source label 144414
Number of reverse mapping hits = 463
Checking for and removing duplicates
Writing label file ./rh.MT_exvivo.label 2395
mri_label2label: Done


 mri_label2label --srcsubject fsaverage --srclabel /out/sourcedata/freesurfer/fsaverage/label/rh.entorhinal_exvivo.label --trgsubject sub-v1s14x0051562_ses-1 --trglabel ./rh.entorhinal_exvivo.label --hemi rh --regmethod surface 


srclabel = /out/sourcedata/freesurfer/fsaverage/label/rh.entorhinal_exvivo.label
srcsubject = fsaverage
trgsubject = sub-v1s14x0051562_ses-1
trglabel = ./rh.entorhinal_exvivo.label
regmethod = surface

srchemi = rh
trghemi = rh
trgsurface = white
srcsurfreg = sphere.reg
trgsurfreg = sphere.reg
usehash = 1
Use ProjAbs  = 0, 0
Use ProjFrac = 0, 0
DoPaint 0

SUBJECTS_DIR    /out/sourcedata/freesurfer
FREESURFER_HOME /opt/freesurfer
Loading source label.
Found 1038 points in source label.
Starting surface-based mapping
Reading source registration 
 /out/sourcedata/freesurfer/fsaverage/surf/rh.sphere.reg
Rescaling ...  original radius = 100
Reading target surface 
 /out/sourcedata/freesurfer/sub-v1s14x0051562_ses-1/surf/rh.white
Reading target registration 
 /out/sourcedata/freesurfer/sub-v1s14x0051562_ses-1/surf/rh.sphere.reg
Rescaling ...  original radius = 100
Building target registration hash (res=16).
Building source registration hash (res=16).
INFO: found  1038 nlabel points
Performing mapping from target back to the source label 144414
Number of reverse mapping hits = 138
Checking for and removing duplicates
Writing label file ./rh.entorhinal_exvivo.label 1176
mri_label2label: Done


 mri_label2label --srcsubject fsaverage --srclabel /out/sourcedata/freesurfer/fsaverage/label/rh.perirhinal_exvivo.label --trgsubject sub-v1s14x0051562_ses-1 --trglabel ./rh.perirhinal_exvivo.label --hemi rh --regmethod surface 


srclabel = /out/sourcedata/freesurfer/fsaverage/label/rh.perirhinal_exvivo.label
srcsubject = fsaverage
trgsubject = sub-v1s14x0051562_ses-1
trglabel = ./rh.perirhinal_exvivo.label
regmethod = surface

srchemi = rh
trghemi = rh
trgsurface = white
srcsurfreg = sphere.reg
trgsurfreg = sphere.reg
usehash = 1
Use ProjAbs  = 0, 0
Use ProjFrac = 0, 0
DoPaint 0

SUBJECTS_DIR    /out/sourcedata/freesurfer
FREESURFER_HOME /opt/freesurfer
Loading source label.
Found 752 points in source label.
Starting surface-based mapping
Reading source registration 
 /out/sourcedata/freesurfer/fsaverage/surf/rh.sphere.reg
Rescaling ...  original radius = 100
Reading target surface 
 /out/sourcedata/freesurfer/sub-v1s14x0051562_ses-1/surf/rh.white
Reading target registration 
 /out/sourcedata/freesurfer/sub-v1s14x0051562_ses-1/surf/rh.sphere.reg
Rescaling ...  original radius = 100
Building target registration hash (res=16).
Building source registration hash (res=16).
INFO: found  752 nlabel points
Performing mapping from target back to the source label 144414
Number of reverse mapping hits = 117
Checking for and removing duplicates
Writing label file ./rh.perirhinal_exvivo.label 869
mri_label2label: Done


 mri_label2label --srcsubject fsaverage --srclabel /out/sourcedata/freesurfer/fsaverage/label/rh.FG1.mpm.vpnl.label --trgsubject sub-v1s14x0051562_ses-1 --trglabel ./rh.FG1.mpm.vpnl.label --hemi rh --regmethod surface 


srclabel = /out/sourcedata/freesurfer/fsaverage/label/rh.FG1.mpm.vpnl.label
srcsubject = fsaverage
trgsubject = sub-v1s14x0051562_ses-1
trglabel = ./rh.FG1.mpm.vpnl.label
regmethod = surface

srchemi = rh
trghemi = rh
trgsurface = white
srcsurfreg = sphere.reg
trgsurfreg = sphere.reg
usehash = 1
Use ProjAbs  = 0, 0
Use ProjFrac = 0, 0
DoPaint 0

SUBJECTS_DIR    /out/sourcedata/freesurfer
FREESURFER_HOME /opt/freesurfer
Loading source label.
Found 541 points in source label.
Starting surface-based mapping
Reading source registration 
 /out/sourcedata/freesurfer/fsaverage/surf/rh.sphere.reg
Rescaling ...  original radius = 100
Reading target surface 
 /out/sourcedata/freesurfer/sub-v1s14x0051562_ses-1/surf/rh.white
Reading target registration 
 /out/sourcedata/freesurfer/sub-v1s14x0051562_ses-1/surf/rh.sphere.reg
Rescaling ...  original radius = 100
Building target registration hash (res=16).
Building source registration hash (res=16).
INFO: found  541 nlabel points
Performing mapping from target back to the source label 144414
Number of reverse mapping hits = 186
Checking for and removing duplicates
Writing label file ./rh.FG1.mpm.vpnl.label 727
mri_label2label: Done


 mri_label2label --srcsubject fsaverage --srclabel /out/sourcedata/freesurfer/fsaverage/label/rh.FG2.mpm.vpnl.label --trgsubject sub-v1s14x0051562_ses-1 --trglabel ./rh.FG2.mpm.vpnl.label --hemi rh --regmethod surface 


srclabel = /out/sourcedata/freesurfer/fsaverage/label/rh.FG2.mpm.vpnl.label
srcsubject = fsaverage
trgsubject = sub-v1s14x0051562_ses-1
trglabel = ./rh.FG2.mpm.vpnl.label
regmethod = surface

srchemi = rh
trghemi = rh
trgsurface = white
srcsurfreg = sphere.reg
trgsurfreg = sphere.reg
usehash = 1
Use ProjAbs  = 0, 0
Use ProjFrac = 0, 0
DoPaint 0

SUBJECTS_DIR    /out/sourcedata/freesurfer
FREESURFER_HOME /opt/freesurfer
Loading source label.
Found 721 points in source label.
Starting surface-based mapping
Reading source registration 
 /out/sourcedata/freesurfer/fsaverage/surf/rh.sphere.reg
Rescaling ...  original radius = 100
Reading target surface 
 /out/sourcedata/freesurfer/sub-v1s14x0051562_ses-1/surf/rh.white
Reading target registration 
 /out/sourcedata/freesurfer/sub-v1s14x0051562_ses-1/surf/rh.sphere.reg
Rescaling ...  original radius = 100
Building target registration hash (res=16).
Building source registration hash (res=16).
INFO: found  721 nlabel points
Performing mapping from target back to the source label 144414
Number of reverse mapping hits = 187
Checking for and removing duplicates
Writing label file ./rh.FG2.mpm.vpnl.label 908
mri_label2label: Done


 mri_label2label --srcsubject fsaverage --srclabel /out/sourcedata/freesurfer/fsaverage/label/rh.FG3.mpm.vpnl.label --trgsubject sub-v1s14x0051562_ses-1 --trglabel ./rh.FG3.mpm.vpnl.label --hemi rh --regmethod surface 


srclabel = /out/sourcedata/freesurfer/fsaverage/label/rh.FG3.mpm.vpnl.label
srcsubject = fsaverage
trgsubject = sub-v1s14x0051562_ses-1
trglabel = ./rh.FG3.mpm.vpnl.label
regmethod = surface

srchemi = rh
trghemi = rh
trgsurface = white
srcsurfreg = sphere.reg
trgsurfreg = sphere.reg
usehash = 1
Use ProjAbs  = 0, 0
Use ProjFrac = 0, 0
DoPaint 0

SUBJECTS_DIR    /out/sourcedata/freesurfer
FREESURFER_HOME /opt/freesurfer
Loading source label.
Found 1523 points in source label.
Starting surface-based mapping
Reading source registration 
 /out/sourcedata/freesurfer/fsaverage/surf/rh.sphere.reg
Rescaling ...  original radius = 100
Reading target surface 
 /out/sourcedata/freesurfer/sub-v1s14x0051562_ses-1/surf/rh.white
Reading target registration 
 /out/sourcedata/freesurfer/sub-v1s14x0051562_ses-1/surf/rh.sphere.reg
Rescaling ...  original radius = 100
Building target registration hash (res=16).
Building source registration hash (res=16).
INFO: found  1523 nlabel points
Performing mapping from target back to the source label 144414
Number of reverse mapping hits = 164
Checking for and removing duplicates
Writing label file ./rh.FG3.mpm.vpnl.label 1687
mri_label2label: Done


 mri_label2label --srcsubject fsaverage --srclabel /out/sourcedata/freesurfer/fsaverage/label/rh.FG4.mpm.vpnl.label --trgsubject sub-v1s14x0051562_ses-1 --trglabel ./rh.FG4.mpm.vpnl.label --hemi rh --regmethod surface 


srclabel = /out/sourcedata/freesurfer/fsaverage/label/rh.FG4.mpm.vpnl.label
srcsubject = fsaverage
trgsubject = sub-v1s14x0051562_ses-1
trglabel = ./rh.FG4.mpm.vpnl.label
regmethod = surface

srchemi = rh
trghemi = rh
trgsurface = white
srcsurfreg = sphere.reg
trgsurfreg = sphere.reg
usehash = 1
Use ProjAbs  = 0, 0
Use ProjFrac = 0, 0
DoPaint 0

SUBJECTS_DIR    /out/sourcedata/freesurfer
FREESURFER_HOME /opt/freesurfer
Loading source label.
Found 1586 points in source label.
Starting surface-based mapping
Reading source registration 
 /out/sourcedata/freesurfer/fsaverage/surf/rh.sphere.reg
Rescaling ...  original radius = 100
Reading target surface 
 /out/sourcedata/freesurfer/sub-v1s14x0051562_ses-1/surf/rh.white
Reading target registration 
 /out/sourcedata/freesurfer/sub-v1s14x0051562_ses-1/surf/rh.sphere.reg
Rescaling ...  original radius = 100
Building target registration hash (res=16).
Building source registration hash (res=16).
INFO: found  1586 nlabel points
Performing mapping from target back to the source label 144414
Number of reverse mapping hits = 156
Checking for and removing duplicates
Writing label file ./rh.FG4.mpm.vpnl.label 1742
mri_label2label: Done


 mri_label2label --srcsubject fsaverage --srclabel /out/sourcedata/freesurfer/fsaverage/label/rh.hOc1.mpm.vpnl.label --trgsubject sub-v1s14x0051562_ses-1 --trglabel ./rh.hOc1.mpm.vpnl.label --hemi rh --regmethod surface 


srclabel = /out/sourcedata/freesurfer/fsaverage/label/rh.hOc1.mpm.vpnl.label
srcsubject = fsaverage
trgsubject = sub-v1s14x0051562_ses-1
trglabel = ./rh.hOc1.mpm.vpnl.label
regmethod = surface

srchemi = rh
trghemi = rh
trgsurface = white
srcsurfreg = sphere.reg
trgsurfreg = sphere.reg
usehash = 1
Use ProjAbs  = 0, 0
Use ProjFrac = 0, 0
DoPaint 0

SUBJECTS_DIR    /out/sourcedata/freesurfer
FREESURFER_HOME /opt/freesurfer
Loading source label.
Found 3667 points in source label.
Starting surface-based mapping
Reading source registration 
 /out/sourcedata/freesurfer/fsaverage/surf/rh.sphere.reg
Rescaling ...  original radius = 100
Reading target surface 
 /out/sourcedata/freesurfer/sub-v1s14x0051562_ses-1/surf/rh.white
Reading target registration 
 /out/sourcedata/freesurfer/sub-v1s14x0051562_ses-1/surf/rh.sphere.reg
Rescaling ...  original radius = 100
Building target registration hash (res=16).
Building source registration hash (res=16).
INFO: found  3667 nlabel points
Performing mapping from target back to the source label 144414
Number of reverse mapping hits = 1445
Checking for and removing duplicates
Writing label file ./rh.hOc1.mpm.vpnl.label 5112
mri_label2label: Done


 mri_label2label --srcsubject fsaverage --srclabel /out/sourcedata/freesurfer/fsaverage/label/rh.hOc2.mpm.vpnl.label --trgsubject sub-v1s14x0051562_ses-1 --trglabel ./rh.hOc2.mpm.vpnl.label --hemi rh --regmethod surface 


srclabel = /out/sourcedata/freesurfer/fsaverage/label/rh.hOc2.mpm.vpnl.label
srcsubject = fsaverage
trgsubject = sub-v1s14x0051562_ses-1
trglabel = ./rh.hOc2.mpm.vpnl.label
regmethod = surface

srchemi = rh
trghemi = rh
trgsurface = white
srcsurfreg = sphere.reg
trgsurfreg = sphere.reg
usehash = 1
Use ProjAbs  = 0, 0
Use ProjFrac = 0, 0
DoPaint 0

SUBJECTS_DIR    /out/sourcedata/freesurfer
FREESURFER_HOME /opt/freesurfer
Loading source label.
Found 2719 points in source label.
Starting surface-based mapping
Reading source registration 
 /out/sourcedata/freesurfer/fsaverage/surf/rh.sphere.reg
Rescaling ...  original radius = 100
Reading target surface 
 /out/sourcedata/freesurfer/sub-v1s14x0051562_ses-1/surf/rh.white
Reading target registration 
 /out/sourcedata/freesurfer/sub-v1s14x0051562_ses-1/surf/rh.sphere.reg
Rescaling ...  original radius = 100
Building target registration hash (res=16).
Building source registration hash (res=16).
INFO: found  2719 nlabel points
Performing mapping from target back to the source label 144414
Number of reverse mapping hits = 1248
Checking for and removing duplicates
Writing label file ./rh.hOc2.mpm.vpnl.label 3967
mri_label2label: Done


 mri_label2label --srcsubject fsaverage --srclabel /out/sourcedata/freesurfer/fsaverage/label/rh.hOc3v.mpm.vpnl.label --trgsubject sub-v1s14x0051562_ses-1 --trglabel ./rh.hOc3v.mpm.vpnl.label --hemi rh --regmethod surface 


srclabel = /out/sourcedata/freesurfer/fsaverage/label/rh.hOc3v.mpm.vpnl.label
srcsubject = fsaverage
trgsubject = sub-v1s14x0051562_ses-1
trglabel = ./rh.hOc3v.mpm.vpnl.label
regmethod = surface

srchemi = rh
trghemi = rh
trgsurface = white
srcsurfreg = sphere.reg
trgsurfreg = sphere.reg
usehash = 1
Use ProjAbs  = 0, 0
Use ProjFrac = 0, 0
DoPaint 0

SUBJECTS_DIR    /out/sourcedata/freesurfer
FREESURFER_HOME /opt/freesurfer
Loading source label.
Found 1228 points in source label.
Starting surface-based mapping
Reading source registration 
 /out/sourcedata/freesurfer/fsaverage/surf/rh.sphere.reg
Rescaling ...  original radius = 100
Reading target surface 
 /out/sourcedata/freesurfer/sub-v1s14x0051562_ses-1/surf/rh.white
Reading target registration 
 /out/sourcedata/freesurfer/sub-v1s14x0051562_ses-1/surf/rh.sphere.reg
Rescaling ...  original radius = 100
Building target registration hash (res=16).
Building source registration hash (res=16).
INFO: found  1228 nlabel points
Performing mapping from target back to the source label 144414
Number of reverse mapping hits = 930
Checking for and removing duplicates
Writing label file ./rh.hOc3v.mpm.vpnl.label 2158
mri_label2label: Done


 mri_label2label --srcsubject fsaverage --srclabel /out/sourcedata/freesurfer/fsaverage/label/rh.hOc4v.mpm.vpnl.label --trgsubject sub-v1s14x0051562_ses-1 --trglabel ./rh.hOc4v.mpm.vpnl.label --hemi rh --regmethod surface 


srclabel = /out/sourcedata/freesurfer/fsaverage/label/rh.hOc4v.mpm.vpnl.label
srcsubject = fsaverage
trgsubject = sub-v1s14x0051562_ses-1
trglabel = ./rh.hOc4v.mpm.vpnl.label
regmethod = surface

srchemi = rh
trghemi = rh
trgsurface = white
srcsurfreg = sphere.reg
trgsurfreg = sphere.reg
usehash = 1
Use ProjAbs  = 0, 0
Use ProjFrac = 0, 0
DoPaint 0

SUBJECTS_DIR    /out/sourcedata/freesurfer
FREESURFER_HOME /opt/freesurfer
Loading source label.
Found 1025 points in source label.
Starting surface-based mapping
Reading source registration 
 /out/sourcedata/freesurfer/fsaverage/surf/rh.sphere.reg
Rescaling ...  original radius = 100
Reading target surface 
 /out/sourcedata/freesurfer/sub-v1s14x0051562_ses-1/surf/rh.white
Reading target registration 
 /out/sourcedata/freesurfer/sub-v1s14x0051562_ses-1/surf/rh.sphere.reg
Rescaling ...  original radius = 100
Building target registration hash (res=16).
Building source registration hash (res=16).
INFO: found  1025 nlabel points
Performing mapping from target back to the source label 144414
Number of reverse mapping hits = 543
Checking for and removing duplicates
Writing label file ./rh.hOc4v.mpm.vpnl.label 1568
mri_label2label: Done


 mris_label2annot --s sub-v1s14x0051562_ses-1 --ctab /opt/freesurfer/average/colortable_vpnl.txt --hemi rh --a mpm.vpnl --maxstatwinner --noverbose --l rh.FG1.mpm.vpnl.label --l rh.FG2.mpm.vpnl.label --l rh.FG3.mpm.vpnl.label --l rh.FG4.mpm.vpnl.label --l rh.hOc1.mpm.vpnl.label --l rh.hOc2.mpm.vpnl.label --l rh.hOc3v.mpm.vpnl.label --l rh.hOc4v.mpm.vpnl.label 

Reading ctab /opt/freesurfer/average/colortable_vpnl.txt
Number of ctab entries 9

7.3.2
cwd /out/sourcedata/freesurfer/sub-v1s14x0051562_ses-1/label
cmdline mris_label2annot --s sub-v1s14x0051562_ses-1 --ctab /opt/freesurfer/average/colortable_vpnl.txt --hemi rh --a mpm.vpnl --maxstatwinner --noverbose --l rh.FG1.mpm.vpnl.label --l rh.FG2.mpm.vpnl.label --l rh.FG3.mpm.vpnl.label --l rh.FG4.mpm.vpnl.label --l rh.hOc1.mpm.vpnl.label --l rh.hOc2.mpm.vpnl.label --l rh.hOc3v.mpm.vpnl.label --l rh.hOc4v.mpm.vpnl.label 
sysname  Linux
hostname dna056
machine  x86_64
user     oesteban

subject sub-v1s14x0051562_ses-1
hemi    rh
SUBJECTS_DIR /out/sourcedata/freesurfer
ColorTable /opt/freesurfer/average/colortable_vpnl.txt
AnnotName  mpm.vpnl
nlables 8
LabelThresh 0 0.000000
Loading /out/sourcedata/freesurfer/sub-v1s14x0051562_ses-1/surf/rh.orig
 1 1376057 FG1
 2 16711935 FG2
 3 16711680 FG3
 4 1705837 FG4
 5 25600 hOc1
 6 255 hOc2
 7 16776960 hOc3v
 8 65535 hOc4v
Mapping unhit to unknown
Found 127495 unhit vertices
Writing annot to /out/sourcedata/freesurfer/sub-v1s14x0051562_ses-1/label/rh.mpm.vpnl.annot

 mri_label2label --srcsubject fsaverage --srclabel /out/sourcedata/freesurfer/fsaverage/label/rh.BA1_exvivo.thresh.label --trgsubject sub-v1s14x0051562_ses-1 --trglabel ./rh.BA1_exvivo.thresh.label --hemi rh --regmethod surface 


srclabel = /out/sourcedata/freesurfer/fsaverage/label/rh.BA1_exvivo.thresh.label
srcsubject = fsaverage
trgsubject = sub-v1s14x0051562_ses-1
trglabel = ./rh.BA1_exvivo.thresh.label
regmethod = surface

srchemi = rh
trghemi = rh
trgsurface = white
srcsurfreg = sphere.reg
trgsurfreg = sphere.reg
usehash = 1
Use ProjAbs  = 0, 0
Use ProjFrac = 0, 0
DoPaint 0

SUBJECTS_DIR    /out/sourcedata/freesurfer
FREESURFER_HOME /opt/freesurfer
Loading source label.
Found 876 points in source label.
Starting surface-based mapping
Reading source registration 
 /out/sourcedata/freesurfer/fsaverage/surf/rh.sphere.reg
Rescaling ...  original radius = 100
Reading target surface 
 /out/sourcedata/freesurfer/sub-v1s14x0051562_ses-1/surf/rh.white
Reading target registration 
 /out/sourcedata/freesurfer/sub-v1s14x0051562_ses-1/surf/rh.sphere.reg
Rescaling ...  original radius = 100
Building target registration hash (res=16).
Building source registration hash (res=16).
INFO: found  876 nlabel points
Performing mapping from target back to the source label 144414
Number of reverse mapping hits = 87
Checking for and removing duplicates
Writing label file ./rh.BA1_exvivo.thresh.label 963
mri_label2label: Done


 mri_label2label --srcsubject fsaverage --srclabel /out/sourcedata/freesurfer/fsaverage/label/rh.BA2_exvivo.thresh.label --trgsubject sub-v1s14x0051562_ses-1 --trglabel ./rh.BA2_exvivo.thresh.label --hemi rh --regmethod surface 


srclabel = /out/sourcedata/freesurfer/fsaverage/label/rh.BA2_exvivo.thresh.label
srcsubject = fsaverage
trgsubject = sub-v1s14x0051562_ses-1
trglabel = ./rh.BA2_exvivo.thresh.label
regmethod = surface

srchemi = rh
trghemi = rh
trgsurface = white
srcsurfreg = sphere.reg
trgsurfreg = sphere.reg
usehash = 1
Use ProjAbs  = 0, 0
Use ProjFrac = 0, 0
DoPaint 0

SUBJECTS_DIR    /out/sourcedata/freesurfer
FREESURFER_HOME /opt/freesurfer
Loading source label.
Found 2688 points in source label.
Starting surface-based mapping
Reading source registration 
 /out/sourcedata/freesurfer/fsaverage/surf/rh.sphere.reg
Rescaling ...  original radius = 100
Reading target surface 
 /out/sourcedata/freesurfer/sub-v1s14x0051562_ses-1/surf/rh.white
Reading target registration 
 /out/sourcedata/freesurfer/sub-v1s14x0051562_ses-1/surf/rh.sphere.reg
Rescaling ...  original radius = 100
Building target registration hash (res=16).
Building source registration hash (res=16).
INFO: found  2688 nlabel points
Performing mapping from target back to the source label 144414
Number of reverse mapping hits = 84
Checking for and removing duplicates
Writing label file ./rh.BA2_exvivo.thresh.label 2772
mri_label2label: Done


 mri_label2label --srcsubject fsaverage --srclabel /out/sourcedata/freesurfer/fsaverage/label/rh.BA3a_exvivo.thresh.label --trgsubject sub-v1s14x0051562_ses-1 --trglabel ./rh.BA3a_exvivo.thresh.label --hemi rh --regmethod surface 


srclabel = /out/sourcedata/freesurfer/fsaverage/label/rh.BA3a_exvivo.thresh.label
srcsubject = fsaverage
trgsubject = sub-v1s14x0051562_ses-1
trglabel = ./rh.BA3a_exvivo.thresh.label
regmethod = surface

srchemi = rh
trghemi = rh
trgsurface = white
srcsurfreg = sphere.reg
trgsurfreg = sphere.reg
usehash = 1
Use ProjAbs  = 0, 0
Use ProjFrac = 0, 0
DoPaint 0

SUBJECTS_DIR    /out/sourcedata/freesurfer
FREESURFER_HOME /opt/freesurfer
Loading source label.
Found 1698 points in source label.
Starting surface-based mapping
Reading source registration 
 /out/sourcedata/freesurfer/fsaverage/surf/rh.sphere.reg
Rescaling ...  original radius = 100
Reading target surface 
 /out/sourcedata/freesurfer/sub-v1s14x0051562_ses-1/surf/rh.white
Reading target registration 
 /out/sourcedata/freesurfer/sub-v1s14x0051562_ses-1/surf/rh.sphere.reg
Rescaling ...  original radius = 100
Building target registration hash (res=16).
Building source registration hash (res=16).
INFO: found  1698 nlabel points
Performing mapping from target back to the source label 144414
Number of reverse mapping hits = 0
Checking for and removing duplicates
Writing label file ./rh.BA3a_exvivo.thresh.label 1698
mri_label2label: Done


 mri_label2label --srcsubject fsaverage --srclabel /out/sourcedata/freesurfer/fsaverage/label/rh.BA3b_exvivo.thresh.label --trgsubject sub-v1s14x0051562_ses-1 --trglabel ./rh.BA3b_exvivo.thresh.label --hemi rh --regmethod surface 


srclabel = /out/sourcedata/freesurfer/fsaverage/label/rh.BA3b_exvivo.thresh.label
srcsubject = fsaverage
trgsubject = sub-v1s14x0051562_ses-1
trglabel = ./rh.BA3b_exvivo.thresh.label
regmethod = surface

srchemi = rh
trghemi = rh
trgsurface = white
srcsurfreg = sphere.reg
trgsurfreg = sphere.reg
usehash = 1
Use ProjAbs  = 0, 0
Use ProjFrac = 0, 0
DoPaint 0

SUBJECTS_DIR    /out/sourcedata/freesurfer
FREESURFER_HOME /opt/freesurfer
Loading source label.
Found 2183 points in source label.
Starting surface-based mapping
Reading source registration 
 /out/sourcedata/freesurfer/fsaverage/surf/rh.sphere.reg
Rescaling ...  original radius = 100
Reading target surface 
 /out/sourcedata/freesurfer/sub-v1s14x0051562_ses-1/surf/rh.white
Reading target registration 
 /out/sourcedata/freesurfer/sub-v1s14x0051562_ses-1/surf/rh.sphere.reg
Rescaling ...  original radius = 100
Building target registration hash (res=16).
Building source registration hash (res=16).
INFO: found  2183 nlabel points
Performing mapping from target back to the source label 144414
Number of reverse mapping hits = 9
Checking for and removing duplicates
Writing label file ./rh.BA3b_exvivo.thresh.label 2192
mri_label2label: Done


 mri_label2label --srcsubject fsaverage --srclabel /out/sourcedata/freesurfer/fsaverage/label/rh.BA4a_exvivo.thresh.label --trgsubject sub-v1s14x0051562_ses-1 --trglabel ./rh.BA4a_exvivo.thresh.label --hemi rh --regmethod surface 


srclabel = /out/sourcedata/freesurfer/fsaverage/label/rh.BA4a_exvivo.thresh.label
srcsubject = fsaverage
trgsubject = sub-v1s14x0051562_ses-1
trglabel = ./rh.BA4a_exvivo.thresh.label
regmethod = surface

srchemi = rh
trghemi = rh
trgsurface = white
srcsurfreg = sphere.reg
trgsurfreg = sphere.reg
usehash = 1
Use ProjAbs  = 0, 0
Use ProjFrac = 0, 0
DoPaint 0

SUBJECTS_DIR    /out/sourcedata/freesurfer
FREESURFER_HOME /opt/freesurfer
Loading source label.
Found 1388 points in source label.
Starting surface-based mapping
Reading source registration 
 /out/sourcedata/freesurfer/fsaverage/surf/rh.sphere.reg
Rescaling ...  original radius = 100
Reading target surface 
 /out/sourcedata/freesurfer/sub-v1s14x0051562_ses-1/surf/rh.white
Reading target registration 
 /out/sourcedata/freesurfer/sub-v1s14x0051562_ses-1/surf/rh.sphere.reg
Rescaling ...  original radius = 100
Building target registration hash (res=16).
Building source registration hash (res=16).
INFO: found  1388 nlabel points
Performing mapping from target back to the source label 144414
Number of reverse mapping hits = 177
Checking for and removing duplicates
Writing label file ./rh.BA4a_exvivo.thresh.label 1565
mri_label2label: Done


 mri_label2label --srcsubject fsaverage --srclabel /out/sourcedata/freesurfer/fsaverage/label/rh.BA4p_exvivo.thresh.label --trgsubject sub-v1s14x0051562_ses-1 --trglabel ./rh.BA4p_exvivo.thresh.label --hemi rh --regmethod surface 


srclabel = /out/sourcedata/freesurfer/fsaverage/label/rh.BA4p_exvivo.thresh.label
srcsubject = fsaverage
trgsubject = sub-v1s14x0051562_ses-1
trglabel = ./rh.BA4p_exvivo.thresh.label
regmethod = surface

srchemi = rh
trghemi = rh
trgsurface = white
srcsurfreg = sphere.reg
trgsurfreg = sphere.reg
usehash = 1
Use ProjAbs  = 0, 0
Use ProjFrac = 0, 0
DoPaint 0

SUBJECTS_DIR    /out/sourcedata/freesurfer
FREESURFER_HOME /opt/freesurfer
Loading source label.
Found 1489 points in source label.
Starting surface-based mapping
Reading source registration 
 /out/sourcedata/freesurfer/fsaverage/surf/rh.sphere.reg
Rescaling ...  original radius = 100
Reading target surface 
 /out/sourcedata/freesurfer/sub-v1s14x0051562_ses-1/surf/rh.white
Reading target registration 
 /out/sourcedata/freesurfer/sub-v1s14x0051562_ses-1/surf/rh.sphere.reg
Rescaling ...  original radius = 100
Building target registration hash (res=16).
Building source registration hash (res=16).
INFO: found  1489 nlabel points
Performing mapping from target back to the source label 144414
Number of reverse mapping hits = 68
Checking for and removing duplicates
Writing label file ./rh.BA4p_exvivo.thresh.label 1557
mri_label2label: Done


 mri_label2label --srcsubject fsaverage --srclabel /out/sourcedata/freesurfer/fsaverage/label/rh.BA6_exvivo.thresh.label --trgsubject sub-v1s14x0051562_ses-1 --trglabel ./rh.BA6_exvivo.thresh.label --hemi rh --regmethod surface 


srclabel = /out/sourcedata/freesurfer/fsaverage/label/rh.BA6_exvivo.thresh.label
srcsubject = fsaverage
trgsubject = sub-v1s14x0051562_ses-1
trglabel = ./rh.BA6_exvivo.thresh.label
regmethod = surface

srchemi = rh
trghemi = rh
trgsurface = white
srcsurfreg = sphere.reg
trgsurfreg = sphere.reg
usehash = 1
Use ProjAbs  = 0, 0
Use ProjFrac = 0, 0
DoPaint 0

SUBJECTS_DIR    /out/sourcedata/freesurfer
FREESURFER_HOME /opt/freesurfer
Loading source label.
Found 6959 points in source label.
Starting surface-based mapping
Reading source registration 
 /out/sourcedata/freesurfer/fsaverage/surf/rh.sphere.reg
Rescaling ...  original radius = 100
Reading target surface 
 /out/sourcedata/freesurfer/sub-v1s14x0051562_ses-1/surf/rh.white
Reading target registration 
 /out/sourcedata/freesurfer/sub-v1s14x0051562_ses-1/surf/rh.sphere.reg
Rescaling ...  original radius = 100
Building target registration hash (res=16).
Building source registration hash (res=16).
INFO: found  6959 nlabel points
Performing mapping from target back to the source label 144414
Number of reverse mapping hits = 270
Checking for and removing duplicates
Writing label file ./rh.BA6_exvivo.thresh.label 7229
mri_label2label: Done


 mri_label2label --srcsubject fsaverage --srclabel /out/sourcedata/freesurfer/fsaverage/label/rh.BA44_exvivo.thresh.label --trgsubject sub-v1s14x0051562_ses-1 --trglabel ./rh.BA44_exvivo.thresh.label --hemi rh --regmethod surface 


srclabel = /out/sourcedata/freesurfer/fsaverage/label/rh.BA44_exvivo.thresh.label
srcsubject = fsaverage
trgsubject = sub-v1s14x0051562_ses-1
trglabel = ./rh.BA44_exvivo.thresh.label
regmethod = surface

srchemi = rh
trghemi = rh
trgsurface = white
srcsurfreg = sphere.reg
trgsurfreg = sphere.reg
usehash = 1
Use ProjAbs  = 0, 0
Use ProjFrac = 0, 0
DoPaint 0

SUBJECTS_DIR    /out/sourcedata/freesurfer
FREESURFER_HOME /opt/freesurfer
Loading source label.
Found 1012 points in source label.
Starting surface-based mapping
Reading source registration 
 /out/sourcedata/freesurfer/fsaverage/surf/rh.sphere.reg
Rescaling ...  original radius = 100
Reading target surface 
 /out/sourcedata/freesurfer/sub-v1s14x0051562_ses-1/surf/rh.white
Reading target registration 
 /out/sourcedata/freesurfer/sub-v1s14x0051562_ses-1/surf/rh.sphere.reg
Rescaling ...  original radius = 100
Building target registration hash (res=16).
Building source registration hash (res=16).
INFO: found  1012 nlabel points
Performing mapping from target back to the source label 144414
Number of reverse mapping hits = 156
Checking for and removing duplicates
Writing label file ./rh.BA44_exvivo.thresh.label 1168
mri_label2label: Done


 mri_label2label --srcsubject fsaverage --srclabel /out/sourcedata/freesurfer/fsaverage/label/rh.BA45_exvivo.thresh.label --trgsubject sub-v1s14x0051562_ses-1 --trglabel ./rh.BA45_exvivo.thresh.label --hemi rh --regmethod surface 


srclabel = /out/sourcedata/freesurfer/fsaverage/label/rh.BA45_exvivo.thresh.label
srcsubject = fsaverage
trgsubject = sub-v1s14x0051562_ses-1
trglabel = ./rh.BA45_exvivo.thresh.label
regmethod = surface

srchemi = rh
trghemi = rh
trgsurface = white
srcsurfreg = sphere.reg
trgsurfreg = sphere.reg
usehash = 1
Use ProjAbs  = 0, 0
Use ProjFrac = 0, 0
DoPaint 0

SUBJECTS_DIR    /out/sourcedata/freesurfer
FREESURFER_HOME /opt/freesurfer
Loading source label.
Found 1178 points in source label.
Starting surface-based mapping
Reading source registration 
 /out/sourcedata/freesurfer/fsaverage/surf/rh.sphere.reg
Rescaling ...  original radius = 100
Reading target surface 
 /out/sourcedata/freesurfer/sub-v1s14x0051562_ses-1/surf/rh.white
Reading target registration 
 /out/sourcedata/freesurfer/sub-v1s14x0051562_ses-1/surf/rh.sphere.reg
Rescaling ...  original radius = 100
Building target registration hash (res=16).
Building source registration hash (res=16).
INFO: found  1178 nlabel points
Performing mapping from target back to the source label 144414
Number of reverse mapping hits = 117
Checking for and removing duplicates
Writing label file ./rh.BA45_exvivo.thresh.label 1295
mri_label2label: Done


 mri_label2label --srcsubject fsaverage --srclabel /out/sourcedata/freesurfer/fsaverage/label/rh.V1_exvivo.thresh.label --trgsubject sub-v1s14x0051562_ses-1 --trglabel ./rh.V1_exvivo.thresh.label --hemi rh --regmethod surface 


srclabel = /out/sourcedata/freesurfer/fsaverage/label/rh.V1_exvivo.thresh.label
srcsubject = fsaverage
trgsubject = sub-v1s14x0051562_ses-1
trglabel = ./rh.V1_exvivo.thresh.label
regmethod = surface

srchemi = rh
trghemi = rh
trgsurface = white
srcsurfreg = sphere.reg
trgsurfreg = sphere.reg
usehash = 1
Use ProjAbs  = 0, 0
Use ProjFrac = 0, 0
DoPaint 0

SUBJECTS_DIR    /out/sourcedata/freesurfer
FREESURFER_HOME /opt/freesurfer
Loading source label.
Found 3232 points in source label.
Starting surface-based mapping
Reading source registration 
 /out/sourcedata/freesurfer/fsaverage/surf/rh.sphere.reg
Rescaling ...  original radius = 100
Reading target surface 
 /out/sourcedata/freesurfer/sub-v1s14x0051562_ses-1/surf/rh.white
Reading target registration 
 /out/sourcedata/freesurfer/sub-v1s14x0051562_ses-1/surf/rh.sphere.reg
Rescaling ...  original radius = 100
Building target registration hash (res=16).
Building source registration hash (res=16).
INFO: found  3232 nlabel points
Performing mapping from target back to the source label 144414
Number of reverse mapping hits = 1275
Checking for and removing duplicates
Writing label file ./rh.V1_exvivo.thresh.label 4507
mri_label2label: Done


 mri_label2label --srcsubject fsaverage --srclabel /out/sourcedata/freesurfer/fsaverage/label/rh.V2_exvivo.thresh.label --trgsubject sub-v1s14x0051562_ses-1 --trglabel ./rh.V2_exvivo.thresh.label --hemi rh --regmethod surface 


srclabel = /out/sourcedata/freesurfer/fsaverage/label/rh.V2_exvivo.thresh.label
srcsubject = fsaverage
trgsubject = sub-v1s14x0051562_ses-1
trglabel = ./rh.V2_exvivo.thresh.label
regmethod = surface

srchemi = rh
trghemi = rh
trgsurface = white
srcsurfreg = sphere.reg
trgsurfreg = sphere.reg
usehash = 1
Use ProjAbs  = 0, 0
Use ProjFrac = 0, 0
DoPaint 0

SUBJECTS_DIR    /out/sourcedata/freesurfer
FREESURFER_HOME /opt/freesurfer
Loading source label.
Found 3437 points in source label.
Starting surface-based mapping
Reading source registration 
 /out/sourcedata/freesurfer/fsaverage/surf/rh.sphere.reg
Rescaling ...  original radius = 100
Reading target surface 
 /out/sourcedata/freesurfer/sub-v1s14x0051562_ses-1/surf/rh.white
Reading target registration 
 /out/sourcedata/freesurfer/sub-v1s14x0051562_ses-1/surf/rh.sphere.reg
Rescaling ...  original radius = 100
Building target registration hash (res=16).
Building source registration hash (res=16).
INFO: found  3437 nlabel points
Performing mapping from target back to the source label 144414
Number of reverse mapping hits = 1694
Checking for and removing duplicates
Writing label file ./rh.V2_exvivo.thresh.label 5131
mri_label2label: Done


 mri_label2label --srcsubject fsaverage --srclabel /out/sourcedata/freesurfer/fsaverage/label/rh.MT_exvivo.thresh.label --trgsubject sub-v1s14x0051562_ses-1 --trglabel ./rh.MT_exvivo.thresh.label --hemi rh --regmethod surface 


srclabel = /out/sourcedata/freesurfer/fsaverage/label/rh.MT_exvivo.thresh.label
srcsubject = fsaverage
trgsubject = sub-v1s14x0051562_ses-1
trglabel = ./rh.MT_exvivo.thresh.label
regmethod = surface

srchemi = rh
trghemi = rh
trgsurface = white
srcsurfreg = sphere.reg
trgsurfreg = sphere.reg
usehash = 1
Use ProjAbs  = 0, 0
Use ProjFrac = 0, 0
DoPaint 0

SUBJECTS_DIR    /out/sourcedata/freesurfer
FREESURFER_HOME /opt/freesurfer
Loading source label.
Found 268 points in source label.
Starting surface-based mapping
Reading source registration 
 /out/sourcedata/freesurfer/fsaverage/surf/rh.sphere.reg
Rescaling ...  original radius = 100
Reading target surface 
 /out/sourcedata/freesurfer/sub-v1s14x0051562_ses-1/surf/rh.white
Reading target registration 
 /out/sourcedata/freesurfer/sub-v1s14x0051562_ses-1/surf/rh.sphere.reg
Rescaling ...  original radius = 100
Building target registration hash (res=16).
Building source registration hash (res=16).
INFO: found  268 nlabel points
Performing mapping from target back to the source label 144414
Number of reverse mapping hits = 34
Checking for and removing duplicates
Writing label file ./rh.MT_exvivo.thresh.label 302
mri_label2label: Done


 mri_label2label --srcsubject fsaverage --srclabel /out/sourcedata/freesurfer/fsaverage/label/rh.entorhinal_exvivo.thresh.label --trgsubject sub-v1s14x0051562_ses-1 --trglabel ./rh.entorhinal_exvivo.thresh.label --hemi rh --regmethod surface 


srclabel = /out/sourcedata/freesurfer/fsaverage/label/rh.entorhinal_exvivo.thresh.label
srcsubject = fsaverage
trgsubject = sub-v1s14x0051562_ses-1
trglabel = ./rh.entorhinal_exvivo.thresh.label
regmethod = surface

srchemi = rh
trghemi = rh
trgsurface = white
srcsurfreg = sphere.reg
trgsurfreg = sphere.reg
usehash = 1
Use ProjAbs  = 0, 0
Use ProjFrac = 0, 0
DoPaint 0

SUBJECTS_DIR    /out/sourcedata/freesurfer
FREESURFER_HOME /opt/freesurfer
Loading source label.
Found 694 points in source label.
Starting surface-based mapping
Reading source registration 
 /out/sourcedata/freesurfer/fsaverage/surf/rh.sphere.reg
Rescaling ...  original radius = 100
Reading target surface 
 /out/sourcedata/freesurfer/sub-v1s14x0051562_ses-1/surf/rh.white
Reading target registration 
 /out/sourcedata/freesurfer/sub-v1s14x0051562_ses-1/surf/rh.sphere.reg
Rescaling ...  original radius = 100
Building target registration hash (res=16).
Building source registration hash (res=16).
INFO: found  694 nlabel points
Performing mapping from target back to the source label 144414
Number of reverse mapping hits = 92
Checking for and removing duplicates
Writing label file ./rh.entorhinal_exvivo.thresh.label 786
mri_label2label: Done


 mri_label2label --srcsubject fsaverage --srclabel /out/sourcedata/freesurfer/fsaverage/label/rh.perirhinal_exvivo.thresh.label --trgsubject sub-v1s14x0051562_ses-1 --trglabel ./rh.perirhinal_exvivo.thresh.label --hemi rh --regmethod surface 


srclabel = /out/sourcedata/freesurfer/fsaverage/label/rh.perirhinal_exvivo.thresh.label
srcsubject = fsaverage
trgsubject = sub-v1s14x0051562_ses-1
trglabel = ./rh.perirhinal_exvivo.thresh.label
regmethod = surface

srchemi = rh
trghemi = rh
trgsurface = white
srcsurfreg = sphere.reg
trgsurfreg = sphere.reg
usehash = 1
Use ProjAbs  = 0, 0
Use ProjFrac = 0, 0
DoPaint 0

SUBJECTS_DIR    /out/sourcedata/freesurfer
FREESURFER_HOME /opt/freesurfer
Loading source label.
Found 291 points in source label.
Starting surface-based mapping
Reading source registration 
 /out/sourcedata/freesurfer/fsaverage/surf/rh.sphere.reg
Rescaling ...  original radius = 100
Reading target surface 
 /out/sourcedata/freesurfer/sub-v1s14x0051562_ses-1/surf/rh.white
Reading target registration 
 /out/sourcedata/freesurfer/sub-v1s14x0051562_ses-1/surf/rh.sphere.reg
Rescaling ...  original radius = 100
Building target registration hash (res=16).
Building source registration hash (res=16).
INFO: found  291 nlabel points
Performing mapping from target back to the source label 144414
Number of reverse mapping hits = 63
Checking for and removing duplicates
Writing label file ./rh.perirhinal_exvivo.thresh.label 354
mri_label2label: Done


 mris_label2annot --s sub-v1s14x0051562_ses-1 --hemi rh --ctab /opt/freesurfer/average/colortable_BA.txt --l rh.BA1_exvivo.label --l rh.BA2_exvivo.label --l rh.BA3a_exvivo.label --l rh.BA3b_exvivo.label --l rh.BA4a_exvivo.label --l rh.BA4p_exvivo.label --l rh.BA6_exvivo.label --l rh.BA44_exvivo.label --l rh.BA45_exvivo.label --l rh.V1_exvivo.label --l rh.V2_exvivo.label --l rh.MT_exvivo.label --l rh.perirhinal_exvivo.label --l rh.entorhinal_exvivo.label --a BA_exvivo --maxstatwinner --noverbose 

Reading ctab /opt/freesurfer/average/colortable_BA.txt
Number of ctab entries 15

7.3.2
cwd /out/sourcedata/freesurfer/sub-v1s14x0051562_ses-1/label
cmdline mris_label2annot --s sub-v1s14x0051562_ses-1 --hemi rh --ctab /opt/freesurfer/average/colortable_BA.txt --l rh.BA1_exvivo.label --l rh.BA2_exvivo.label --l rh.BA3a_exvivo.label --l rh.BA3b_exvivo.label --l rh.BA4a_exvivo.label --l rh.BA4p_exvivo.label --l rh.BA6_exvivo.label --l rh.BA44_exvivo.label --l rh.BA45_exvivo.label --l rh.V1_exvivo.label --l rh.V2_exvivo.label --l rh.MT_exvivo.label --l rh.perirhinal_exvivo.label --l rh.entorhinal_exvivo.label --a BA_exvivo --maxstatwinner --noverbose 
sysname  Linux
hostname dna056
machine  x86_64
user     oesteban

subject sub-v1s14x0051562_ses-1
hemi    rh
SUBJECTS_DIR /out/sourcedata/freesurfer
ColorTable /opt/freesurfer/average/colortable_BA.txt
AnnotName  BA_exvivo
nlables 14
LabelThresh 0 0.000000
Loading /out/sourcedata/freesurfer/sub-v1s14x0051562_ses-1/surf/rh.orig
 1 1530880 BA1_exvivo
 2 16749699 BA2_exvivo
 3 16711680 BA3a_exvivo
 4 3368703 BA3b_exvivo
 5 1376196 BA4a_exvivo
 6 13382655 BA4p_exvivo
 7 10036737 BA6_exvivo
 8 2490521 BA44_exvivo
 9 39283 BA45_exvivo
10 3993 V1_exvivo
11 8508928 V2_exvivo
12 10027163 MT_exvivo
13 16422433 perirhinal_exvivo
14 16392598 entorhinal_exvivo
Mapping unhit to unknown
Found 99958 unhit vertices
Writing annot to /out/sourcedata/freesurfer/sub-v1s14x0051562_ses-1/label/rh.BA_exvivo.annot

 mris_label2annot --s sub-v1s14x0051562_ses-1 --hemi rh --ctab /opt/freesurfer/average/colortable_BA.txt --l rh.BA1_exvivo.thresh.label --l rh.BA2_exvivo.thresh.label --l rh.BA3a_exvivo.thresh.label --l rh.BA3b_exvivo.thresh.label --l rh.BA4a_exvivo.thresh.label --l rh.BA4p_exvivo.thresh.label --l rh.BA6_exvivo.thresh.label --l rh.BA44_exvivo.thresh.label --l rh.BA45_exvivo.thresh.label --l rh.V1_exvivo.thresh.label --l rh.V2_exvivo.thresh.label --l rh.MT_exvivo.thresh.label --l rh.perirhinal_exvivo.thresh.label --l rh.entorhinal_exvivo.thresh.label --a BA_exvivo.thresh --maxstatwinner --noverbose 

Reading ctab /opt/freesurfer/average/colortable_BA.txt
Number of ctab entries 15

7.3.2
cwd /out/sourcedata/freesurfer/sub-v1s14x0051562_ses-1/label
cmdline mris_label2annot --s sub-v1s14x0051562_ses-1 --hemi rh --ctab /opt/freesurfer/average/colortable_BA.txt --l rh.BA1_exvivo.thresh.label --l rh.BA2_exvivo.thresh.label --l rh.BA3a_exvivo.thresh.label --l rh.BA3b_exvivo.thresh.label --l rh.BA4a_exvivo.thresh.label --l rh.BA4p_exvivo.thresh.label --l rh.BA6_exvivo.thresh.label --l rh.BA44_exvivo.thresh.label --l rh.BA45_exvivo.thresh.label --l rh.V1_exvivo.thresh.label --l rh.V2_exvivo.thresh.label --l rh.MT_exvivo.thresh.label --l rh.perirhinal_exvivo.thresh.label --l rh.entorhinal_exvivo.thresh.label --a BA_exvivo.thresh --maxstatwinner --noverbose 
sysname  Linux
hostname dna056
machine  x86_64
user     oesteban

subject sub-v1s14x0051562_ses-1
hemi    rh
SUBJECTS_DIR /out/sourcedata/freesurfer
ColorTable /opt/freesurfer/average/colortable_BA.txt
AnnotName  BA_exvivo.thresh
nlables 14
LabelThresh 0 0.000000
Loading /out/sourcedata/freesurfer/sub-v1s14x0051562_ses-1/surf/rh.orig
 1 1530880 BA1_exvivo
 2 16749699 BA2_exvivo
 3 16711680 BA3a_exvivo
 4 3368703 BA3b_exvivo
 5 1376196 BA4a_exvivo
 6 13382655 BA4p_exvivo
 7 10036737 BA6_exvivo
 8 2490521 BA44_exvivo
 9 39283 BA45_exvivo
10 3993 V1_exvivo
11 8508928 V2_exvivo
12 10027163 MT_exvivo
13 16422433 perirhinal_exvivo
14 16392598 entorhinal_exvivo
Mapping unhit to unknown
Found 119915 unhit vertices
Writing annot to /out/sourcedata/freesurfer/sub-v1s14x0051562_ses-1/label/rh.BA_exvivo.thresh.annot

 mris_anatomical_stats -th3 -mgz -noglobal -f ../stats/rh.BA_exvivo.stats -b -a ./rh.BA_exvivo.annot -c ./BA_exvivo.ctab sub-v1s14x0051562_ses-1 rh white 

computing statistics for each annotation in ./rh.BA_exvivo.annot.
reading volume /out/sourcedata/freesurfer/sub-v1s14x0051562_ses-1/mri/wm.mgz...
reading input surface /out/sourcedata/freesurfer/sub-v1s14x0051562_ses-1/surf/rh.white...
reading input pial surface /out/sourcedata/freesurfer/sub-v1s14x0051562_ses-1/surf/rh.pial...
reading input white surface /out/sourcedata/freesurfer/sub-v1s14x0051562_ses-1/surf/rh.white...
INFO: using TH3 volume calc
INFO: assuming MGZ format for volumes.
INFO: not computing global stats
Using TH3 vertex volume calc
Total face volume 229126
Total vertex volume 228918 (mask=0)
Saving annotation colortable ./BA_exvivo.ctab

table columns are:
    number of vertices
    total surface area (mm^2)
    total gray matter volume (mm^3)
    average cortical thickness +- standard deviation (mm)
    integrated rectified mean curvature
    integrated rectified Gaussian curvature
    folding index
    intrinsic curvature index
    structure name

 1050    485   1375  2.110 0.529     0.091     0.018        9     0.8  BA1_exvivo
 3123   1896   3313  1.735 0.515     0.093     0.016       23     2.0  BA2_exvivo
  970    673    852  1.547 0.351     0.122     0.022        7     0.9  BA3a_exvivo
 1826   1102   1835  1.545 0.502     0.086     0.016       12     1.2  BA3b_exvivo
 1963    930   3179  2.848 0.683     0.079     0.018       13     1.3  BA4a_exvivo
 1289    751   1931  2.600 0.575     0.065     0.011        4     0.6  BA4p_exvivo
 7816   4845  16074  2.685 0.704     0.109     0.022       66     7.4  BA6_exvivo
 4249   2791   6660  2.329 0.556     0.101     0.018       32     2.9  BA44_exvivo
 4414   3012   8227  2.294 0.673     0.129     0.024       47     4.4  BA45_exvivo
 4561   3105   4095  1.373 0.427     0.133     0.029       59     5.3  V1_exvivo
 9883   6625  10496  1.626 0.507     0.151     0.039      136    17.3  V2_exvivo
 2159   1492   3973  2.252 0.711     0.124     0.024       23     2.3  MT_exvivo
  468    307   1038  2.939 0.700     0.108     0.022        5     0.4  perirhinal_exvivo
  685    440   2087  3.412 0.778     0.075     0.012        2     0.4  entorhinal_exvivo

 mris_anatomical_stats -th3 -mgz -f ../stats/rh.BA_exvivo.thresh.stats -noglobal -b -a ./rh.BA_exvivo.thresh.annot -c ./BA_exvivo.thresh.ctab sub-v1s14x0051562_ses-1 rh white 

computing statistics for each annotation in ./rh.BA_exvivo.thresh.annot.
reading volume /out/sourcedata/freesurfer/sub-v1s14x0051562_ses-1/mri/wm.mgz...
reading input surface /out/sourcedata/freesurfer/sub-v1s14x0051562_ses-1/surf/rh.white...
reading input pial surface /out/sourcedata/freesurfer/sub-v1s14x0051562_ses-1/surf/rh.pial...
reading input white surface /out/sourcedata/freesurfer/sub-v1s14x0051562_ses-1/surf/rh.white...
INFO: using TH3 volume calc
INFO: assuming MGZ format for volumes.
INFO: not computing global stats
Using TH3 vertex volume calc
Total face volume 229126
Total vertex volume 228918 (mask=0)
Saving annotation colortable ./BA_exvivo.thresh.ctab

table columns are:
    number of vertices
    total surface area (mm^2)
    total gray matter volume (mm^3)
    average cortical thickness +- standard deviation (mm)
    integrated rectified mean curvature
    integrated rectified Gaussian curvature
    folding index
    intrinsic curvature index
    structure name

  765    350    879  1.935 0.545     0.085     0.015        7     0.5  BA1_exvivo
 1737   1022   1770  1.695 0.498     0.082     0.014       11     1.0  BA2_exvivo
  863    608    722  1.536 0.331     0.125     0.021        7     0.7  BA3a_exvivo
 1362    873   1130  1.329 0.246     0.081     0.012        6     0.7  BA3b_exvivo
 1229    536   2010  2.923 0.696     0.082     0.017        9     0.9  BA4a_exvivo
 1055    619   1546  2.561 0.572     0.065     0.012        3     0.5  BA4p_exvivo
 4966   3079   9992  2.653 0.720     0.112     0.023       44     4.9  BA6_exvivo
 1022    712   1807  2.221 0.526     0.117     0.022       10     0.9  BA44_exvivo
 1096    762   2156  2.302 0.663     0.137     0.026       13     1.2  BA45_exvivo
 4366   2962   3815  1.358 0.407     0.130     0.028       54     5.0  V1_exvivo
 5017   3486   5071  1.499 0.459     0.164     0.043       78     9.7  V2_exvivo
  277    188    630  2.489 0.762     0.130     0.023        3     0.3  MT_exvivo
   53     34    138  2.965 0.652     0.145     0.038        1     0.1  perirhinal_exvivo
  691    447   1914  3.361 0.752     0.082     0.012        3     0.4  entorhinal_exvivo

Started at Sun Mar 8 20:22:01 CET 2026 
Ended   at Sun Mar 8 20:25:35 CET 2026
#@#%# recon-all-run-time-hours 0.059
recon-all -s sub-v1s14x0051562_ses-1 finished without error at Sun Mar  8 20:25:35 CET 2026
