
Sun Mar  8 17:16:48 CET 2026
cd /out/sourcedata/freesurfer/sub-v1s14x0051560_ses-1
setenv SUBJECTS_DIR /out/sourcedata/freesurfer
/opt/freesurfer/bin/recon-all -autorecon1 -i /work/fmriprep_25_2_wf/sub_v1s14x0051560_ses_1_wf/anat_fit_wf/anat_validate/sub-v1s14x0051560_ses-1_T1w_noise_corrected_ras_valid.nii.gz -noskullstrip -noT2pial -noFLAIRpial -openmp 16 -subjid sub-v1s14x0051560_ses-1 -sd /out/sourcedata/freesurfer

subjid sub-v1s14x0051560_ses-1
setenv SUBJECTS_DIR /out/sourcedata/freesurfer
FREESURFER_HOME /opt/freesurfer
Actual FREESURFER_HOME /opt/freesurfer
build-stamp.txt: freesurfer-linux-ubuntu22_x86_64-7.3.2-20220804-6354275
Linux dna020 5.14.0-427.37.1.el9_4.x86_64 #1 SMP PREEMPT_DYNAMIC Fri Sep 13 12:41:50 EDT 2024 x86_64 x86_64 x86_64 GNU/Linux
cputime      unlimited
filesize     unlimited
datasize     unlimited
stacksize    8192 kbytes
coredumpsize 0 kbytes
memoryuse    67108864 kbytes
vmemoryuse   unlimited
descriptors  1024 
memorylocked unlimited
maxproc      2061970 
maxlocks     unlimited
maxsignal    2061970 
maxmessage   819200 
maxnice      0 
maxrtprio    0 
maxrttime    unlimited

               total        used        free      shared  buff/cache   available
Mem:           503Gi        49Gi       204Gi        34Gi       249Gi       416Gi
Swap:             0B          0B          0B

########################################
program versions used
7.3.2 (freesurfer-linux-ubuntu22_x86_64-7.3.2-20220804-6354275)
7.3.2

ProgramName: lta_convert  ProgramArguments: lta_convert -all-info  ProgramVersion: 7.3.2  TimeStamp: 2026/03/08-16:16:48-GMT  BuildTime: Aug  4 2022 06:17:15  BuildStamp: freesurfer-linux-ubuntu22_x86_64-7.3.2-20220804-6354275  User: oesteban  Machine: dna020  Platform: Linux  PlatformVersion: 5.14.0-427.37.1.el9_4.x86_64  CompilerName: GCC  CompilerVersion: 8.4.0
ProgramName: mri_and  ProgramArguments: mri_and -all-info  ProgramVersion: 7.3.2  TimeStamp: 2026/03/08-16:16:48-GMT  BuildTime: Aug  4 2022 06:17:15  BuildStamp: freesurfer-linux-ubuntu22_x86_64-7.3.2-20220804-6354275  User: oesteban  Machine: dna020  Platform: Linux  PlatformVersion: 5.14.0-427.37.1.el9_4.x86_64  CompilerName: GCC  CompilerVersion: 8.4.0
ProgramName: mri_annotation2label  ProgramArguments: mri_annotation2label -all-info  ProgramVersion: 7.3.2  TimeStamp: 2026/03/08-16:16:48-GMT  BuildTime: Aug  4 2022 06:17:15  BuildStamp: freesurfer-linux-ubuntu22_x86_64-7.3.2-20220804-6354275  User: oesteban  Machine: dna020  Platform: Linux  PlatformVersion: 5.14.0-427.37.1.el9_4.x86_64  CompilerName: GCC  CompilerVersion: 8.4.0
ProgramName: mri_aparc2aseg  ProgramArguments: mri_aparc2aseg -all-info  ProgramVersion: 7.3.2  TimeStamp: 2026/03/08-16:16:48-GMT  BuildTime: Aug  4 2022 06:17:15  BuildStamp: freesurfer-linux-ubuntu22_x86_64-7.3.2-20220804-6354275  User: oesteban  Machine: dna020  Platform: Linux  PlatformVersion: 5.14.0-427.37.1.el9_4.x86_64  CompilerName: GCC  CompilerVersion: 8.4.0
ProgramName: mri_surf2volseg  ProgramArguments: mri_surf2volseg -all-info  ProgramVersion: 7.3.2  TimeStamp: 2026/03/08-16:16:48-GMT  BuildTime: Aug  4 2022 06:17:15  BuildStamp: freesurfer-linux-ubuntu22_x86_64-7.3.2-20220804-6354275  User: oesteban  Machine: dna020  Platform: Linux  PlatformVersion: 5.14.0-427.37.1.el9_4.x86_64  CompilerName: GCC  CompilerVersion: 8.4.0
ProgramName: mri_binarize  ProgramArguments: mri_binarize -all-info  ProgramVersion: 7.3.2  TimeStamp: 2026/03/08-16:16:48-GMT  BuildTime: Aug  4 2022 06:17:15  BuildStamp: freesurfer-linux-ubuntu22_x86_64-7.3.2-20220804-6354275  User: oesteban  Machine: dna020  Platform: Linux  PlatformVersion: 5.14.0-427.37.1.el9_4.x86_64  CompilerName: GCC  CompilerVersion: 8.4.0
ProgramName: mri_ca_label  ProgramArguments: mri_ca_label -all-info  ProgramVersion: 7.3.2  TimeStamp: 2026/03/08-16:16:48-GMT  BuildTime: Aug  4 2022 06:17:15  BuildStamp: freesurfer-linux-ubuntu22_x86_64-7.3.2-20220804-6354275  User: oesteban  Machine: dna020  Platform: Linux  PlatformVersion: 5.14.0-427.37.1.el9_4.x86_64  CompilerName: GCC  CompilerVersion: 8.4.0
ProgramName: mri_ca_normalize  ProgramArguments: mri_ca_normalize -all-info  ProgramVersion: 7.3.2  TimeStamp: 2026/03/08-16:16:48-GMT  BuildTime: Aug  4 2022 06:17:15  BuildStamp: freesurfer-linux-ubuntu22_x86_64-7.3.2-20220804-6354275  User: oesteban  Machine: dna020  Platform: Linux  PlatformVersion: 5.14.0-427.37.1.el9_4.x86_64  CompilerName: GCC  CompilerVersion: 8.4.0
ProgramName: mri_ca_register  ProgramArguments: mri_ca_register -all-info  ProgramVersion: 7.3.2  TimeStamp: 2026/03/08-16:16:48-GMT  BuildTime: Aug  4 2022 06:17:15  BuildStamp: freesurfer-linux-ubuntu22_x86_64-7.3.2-20220804-6354275  User: oesteban  Machine: dna020  Platform: Linux  PlatformVersion: 5.14.0-427.37.1.el9_4.x86_64  CompilerName: GCC  CompilerVersion: 8.4.0
ProgramName: mri_cc  ProgramArguments: mri_cc -all-info  ProgramVersion: 7.3.2  TimeStamp: 2026/03/08-16:16:48-GMT  BuildTime: Aug  4 2022 06:17:15  BuildStamp: freesurfer-linux-ubuntu22_x86_64-7.3.2-20220804-6354275  User: oesteban  Machine: dna020  Platform: Linux  PlatformVersion: 5.14.0-427.37.1.el9_4.x86_64  CompilerName: GCC  CompilerVersion: 8.4.0
ProgramName: mri_compute_overlap  ProgramArguments: mri_compute_overlap -all-info  ProgramVersion: 7.3.2  TimeStamp: 2026/03/08-16:16:48-GMT  BuildTime: Aug  4 2022 06:17:15  BuildStamp: freesurfer-linux-ubuntu22_x86_64-7.3.2-20220804-6354275  User: oesteban  Machine: dna020  Platform: Linux  PlatformVersion: 5.14.0-427.37.1.el9_4.x86_64  CompilerName: GCC  CompilerVersion: 8.4.0
ProgramName: mri_compute_seg_overlap  ProgramArguments: mri_compute_seg_overlap -all-info  ProgramVersion: 7.3.2  TimeStamp: 2026/03/08-16:16:48-GMT  BuildTime: Aug  4 2022 06:17:15  BuildStamp: freesurfer-linux-ubuntu22_x86_64-7.3.2-20220804-6354275  User: oesteban  Machine: dna020  Platform: Linux  PlatformVersion: 5.14.0-427.37.1.el9_4.x86_64  CompilerName: GCC  CompilerVersion: 8.4.0
ProgramName: mri_concat  ProgramArguments: mri_concat -all-info  ProgramVersion: 7.3.2  TimeStamp: 2026/03/08-16:16:48-GMT  BuildTime: Aug  4 2022 06:17:15  BuildStamp: freesurfer-linux-ubuntu22_x86_64-7.3.2-20220804-6354275  User: oesteban  Machine: dna020  Platform: Linux  PlatformVersion: 5.14.0-427.37.1.el9_4.x86_64  CompilerName: GCC  CompilerVersion: 8.4.0
ProgramName: mri_concatenate_lta  ProgramArguments: mri_concatenate_lta -all-info  ProgramVersion: 7.3.2  TimeStamp: 2026/03/08-16:16:48-GMT  BuildTime: Aug  4 2022 06:17:15  BuildStamp: freesurfer-linux-ubuntu22_x86_64-7.3.2-20220804-6354275  User: oesteban  Machine: dna020  Platform: Linux  PlatformVersion: 5.14.0-427.37.1.el9_4.x86_64  CompilerName: GCC  CompilerVersion: 8.4.0
mri_convert -all-info 
ProgramName: mri_convert  ProgramArguments: mri_convert -all-info  ProgramVersion: 7.3.2  TimeStamp: 2026/03/08-16:16:48-GMT  BuildTime: Aug  4 2022 06:17:15  BuildStamp: freesurfer-linux-ubuntu22_x86_64-7.3.2-20220804-6354275  User: oesteban  Machine: dna020  Platform: Linux  PlatformVersion: 5.14.0-427.37.1.el9_4.x86_64  CompilerName: GCC  CompilerVersion: 8.4.0
ProgramName: mri_diff  ProgramArguments: mri_diff -all-info  ProgramVersion: 7.3.2  TimeStamp: 2026/03/08-16:16:48-GMT  BuildTime: Aug  4 2022 06:17:15  BuildStamp: freesurfer-linux-ubuntu22_x86_64-7.3.2-20220804-6354275  User: oesteban  Machine: dna020  Platform: Linux  PlatformVersion: 5.14.0-427.37.1.el9_4.x86_64  CompilerName: GCC  CompilerVersion: 8.4.0
ProgramName: mri_edit_wm_with_aseg  ProgramArguments: mri_edit_wm_with_aseg -all-info  ProgramVersion: 7.3.2  TimeStamp: 2026/03/08-16:16:48-GMT  BuildTime: Aug  4 2022 06:17:15  BuildStamp: freesurfer-linux-ubuntu22_x86_64-7.3.2-20220804-6354275  User: oesteban  Machine: dna020  Platform: Linux  PlatformVersion: 5.14.0-427.37.1.el9_4.x86_64  CompilerName: GCC  CompilerVersion: 8.4.0
ProgramName: mri_em_register  ProgramArguments: mri_em_register -all-info  ProgramVersion: 7.3.2  TimeStamp: 2026/03/08-16:16:48-GMT  BuildTime: Aug  4 2022 06:17:15  BuildStamp: freesurfer-linux-ubuntu22_x86_64-7.3.2-20220804-6354275  User: oesteban  Machine: dna020  Platform: Linux  PlatformVersion: 5.14.0-427.37.1.el9_4.x86_64  CompilerName: GCC  CompilerVersion: 8.4.0
ProgramName: mri_fill  ProgramArguments: mri_fill -all-info  ProgramVersion: 7.3.2  TimeStamp: 2026/03/08-16:16:48-GMT  BuildTime: Aug  4 2022 06:17:15  BuildStamp: freesurfer-linux-ubuntu22_x86_64-7.3.2-20220804-6354275  User: oesteban  Machine: dna020  Platform: Linux  PlatformVersion: 5.14.0-427.37.1.el9_4.x86_64  CompilerName: GCC  CompilerVersion: 8.4.0
ProgramName: mri_fuse_segmentations  ProgramArguments: mri_fuse_segmentations -all-info  ProgramVersion: 7.3.2  TimeStamp: 2026/03/08-16:16:48-GMT  BuildTime: Aug  4 2022 06:17:15  BuildStamp: freesurfer-linux-ubuntu22_x86_64-7.3.2-20220804-6354275  User: oesteban  Machine: dna020  Platform: Linux  PlatformVersion: 5.14.0-427.37.1.el9_4.x86_64  CompilerName: GCC  CompilerVersion: 8.4.0
ProgramName: mri_fwhm  ProgramArguments: mri_fwhm -all-info  ProgramVersion: 7.3.2  TimeStamp: 2026/03/08-16:16:48-GMT  BuildTime: Aug  4 2022 06:17:15  BuildStamp: freesurfer-linux-ubuntu22_x86_64-7.3.2-20220804-6354275  User: oesteban  Machine: dna020  Platform: Linux  PlatformVersion: 5.14.0-427.37.1.el9_4.x86_64  CompilerName: GCC  CompilerVersion: 8.4.0
ProgramName: mri_gcut  ProgramArguments: mri_gcut -all-info  ProgramVersion: 7.3.2  TimeStamp: 2026/03/08-16:16:48-GMT  BuildTime: Aug  4 2022 06:17:15  BuildStamp: freesurfer-linux-ubuntu22_x86_64-7.3.2-20220804-6354275  User: oesteban  Machine: dna020  Platform: Linux  PlatformVersion: 5.14.0-427.37.1.el9_4.x86_64  CompilerName: GCC  CompilerVersion: 8.4.0
ProgramName: mri_info  ProgramArguments: mri_info -all-info  ProgramVersion: 7.3.2  TimeStamp: 2026/03/08-16:16:48-GMT  BuildTime: Aug  4 2022 06:17:15  BuildStamp: freesurfer-linux-ubuntu22_x86_64-7.3.2-20220804-6354275  User: oesteban  Machine: dna020  Platform: Linux  PlatformVersion: 5.14.0-427.37.1.el9_4.x86_64  CompilerName: GCC  CompilerVersion: 8.4.0
ProgramName: mri_label2label  ProgramArguments: mri_label2label -all-info  ProgramVersion: 7.3.2  TimeStamp: 2026/03/08-16:16:48-GMT  BuildTime: Aug  4 2022 06:17:15  BuildStamp: freesurfer-linux-ubuntu22_x86_64-7.3.2-20220804-6354275  User: oesteban  Machine: dna020  Platform: Linux  PlatformVersion: 5.14.0-427.37.1.el9_4.x86_64  CompilerName: GCC  CompilerVersion: 8.4.0
ProgramName: mri_label2vol  ProgramArguments: mri_label2vol -all-info  ProgramVersion: 7.3.2  TimeStamp: 2026/03/08-16:16:48-GMT  BuildTime: Aug  4 2022 06:17:15  BuildStamp: freesurfer-linux-ubuntu22_x86_64-7.3.2-20220804-6354275  User: oesteban  Machine: dna020  Platform: Linux  PlatformVersion: 5.14.0-427.37.1.el9_4.x86_64  CompilerName: GCC  CompilerVersion: 8.4.0
ProgramName: mri_log_likelihood  ProgramArguments: mri_log_likelihood -all-info  ProgramVersion: 7.3.2  TimeStamp: 2026/03/08-16:16:48-GMT  BuildTime: Aug  4 2022 06:17:15  BuildStamp: freesurfer-linux-ubuntu22_x86_64-7.3.2-20220804-6354275  User: oesteban  Machine: dna020  Platform: Linux  PlatformVersion: 5.14.0-427.37.1.el9_4.x86_64  CompilerName: GCC  CompilerVersion: 8.4.0
ProgramName: mri_mask  ProgramArguments: mri_mask -all-info  ProgramVersion: 7.3.2  TimeStamp: 2026/03/08-16:16:48-GMT  BuildTime: Aug  4 2022 06:17:15  BuildStamp: freesurfer-linux-ubuntu22_x86_64-7.3.2-20220804-6354275  User: oesteban  Machine: dna020  Platform: Linux  PlatformVersion: 5.14.0-427.37.1.el9_4.x86_64  CompilerName: GCC  CompilerVersion: 8.4.0
ProgramName: mri_matrix_multiply  ProgramArguments: mri_matrix_multiply -all-info  ProgramVersion: 7.3.2  TimeStamp: 2026/03/08-16:16:48-GMT  BuildTime: Aug  4 2022 06:17:15  BuildStamp: freesurfer-linux-ubuntu22_x86_64-7.3.2-20220804-6354275  User: oesteban  Machine: dna020  Platform: Linux  PlatformVersion: 5.14.0-427.37.1.el9_4.x86_64  CompilerName: GCC  CompilerVersion: 8.4.0
ProgramName: mri_normalize  ProgramArguments: mri_normalize -all-info  ProgramVersion: 7.3.2  TimeStamp: 2026/03/08-16:16:48-GMT  BuildTime: Aug  4 2022 06:17:15  BuildStamp: freesurfer-linux-ubuntu22_x86_64-7.3.2-20220804-6354275  User: oesteban  Machine: dna020  Platform: Linux  PlatformVersion: 5.14.0-427.37.1.el9_4.x86_64  CompilerName: GCC  CompilerVersion: 8.4.0
ProgramName: mri_normalize_tp2  ProgramArguments: mri_normalize_tp2 -all-info  ProgramVersion: 7.3.2  TimeStamp: 2026/03/08-16:16:48-GMT  BuildTime: Aug  4 2022 06:17:15  BuildStamp: freesurfer-linux-ubuntu22_x86_64-7.3.2-20220804-6354275  User: oesteban  Machine: dna020  Platform: Linux  PlatformVersion: 5.14.0-427.37.1.el9_4.x86_64  CompilerName: GCC  CompilerVersion: 8.4.0
ProgramName: mri_or  ProgramArguments: mri_or -all-info  ProgramVersion: 7.3.2  TimeStamp: 2026/03/08-16:16:48-GMT  BuildTime: Aug  4 2022 06:17:15  BuildStamp: freesurfer-linux-ubuntu22_x86_64-7.3.2-20220804-6354275  User: oesteban  Machine: dna020  Platform: Linux  PlatformVersion: 5.14.0-427.37.1.el9_4.x86_64  CompilerName: GCC  CompilerVersion: 8.4.0
ProgramName: mri_relabel_hypointensities  ProgramArguments: mri_relabel_hypointensities -all-info  ProgramVersion: 7.3.2  TimeStamp: 2026/03/08-16:16:48-GMT  BuildTime: Aug  4 2022 06:17:15  BuildStamp: freesurfer-linux-ubuntu22_x86_64-7.3.2-20220804-6354275  User: oesteban  Machine: dna020  Platform: Linux  PlatformVersion: 5.14.0-427.37.1.el9_4.x86_64  CompilerName: GCC  CompilerVersion: 8.4.0
ProgramName: mri_relabel_nonwm_hypos  ProgramArguments: mri_relabel_nonwm_hypos -all-info  ProgramVersion: 7.3.2  TimeStamp: 2026/03/08-16:16:48-GMT  BuildTime: Aug  4 2022 06:17:15  BuildStamp: freesurfer-linux-ubuntu22_x86_64-7.3.2-20220804-6354275  User: oesteban  Machine: dna020  Platform: Linux  PlatformVersion: 5.14.0-427.37.1.el9_4.x86_64  CompilerName: GCC  CompilerVersion: 8.4.0
ProgramName: mri_remove_neck  ProgramArguments: mri_remove_neck -all-info  ProgramVersion: 7.3.2  TimeStamp: 2026/03/08-16:16:48-GMT  BuildTime: Aug  4 2022 06:17:15  BuildStamp: freesurfer-linux-ubuntu22_x86_64-7.3.2-20220804-6354275  User: oesteban  Machine: dna020  Platform: Linux  PlatformVersion: 5.14.0-427.37.1.el9_4.x86_64  CompilerName: GCC  CompilerVersion: 8.4.0
7.3.2

ProgramName: mri_robust_register  ProgramArguments: mri_robust_register -all-info  ProgramVersion: 7.3.2  TimeStamp: 2026/03/08-16:16:48-GMT  BuildTime: Aug  4 2022 06:17:15  BuildStamp: freesurfer-linux-ubuntu22_x86_64-7.3.2-20220804-6354275  User: oesteban  Machine: dna020  Platform: Linux  PlatformVersion: 5.14.0-427.37.1.el9_4.x86_64  CompilerName: GCC  CompilerVersion: 8.4.0
7.3.2

ProgramName: mri_robust_template  ProgramArguments: mri_robust_template -all-info  ProgramVersion: 7.3.2  TimeStamp: 2026/03/08-16:16:48-GMT  BuildTime: Aug  4 2022 06:17:15  BuildStamp: freesurfer-linux-ubuntu22_x86_64-7.3.2-20220804-6354275  User: oesteban  Machine: dna020  Platform: Linux  PlatformVersion: 5.14.0-427.37.1.el9_4.x86_64  CompilerName: GCC  CompilerVersion: 8.4.0
ProgramName: mris_anatomical_stats  ProgramArguments: mris_anatomical_stats -all-info  ProgramVersion: 7.3.2  TimeStamp: 2026/03/08-16:16:48-GMT  BuildTime: Aug  4 2022 06:17:15  BuildStamp: freesurfer-linux-ubuntu22_x86_64-7.3.2-20220804-6354275  User: oesteban  Machine: dna020  Platform: Linux  PlatformVersion: 5.14.0-427.37.1.el9_4.x86_64  CompilerName: GCC  CompilerVersion: 8.4.0
ProgramName: mris_ca_label  ProgramArguments: mris_ca_label -all-info  ProgramVersion: 7.3.2  TimeStamp: 2026/03/08-16:16:48-GMT  BuildTime: Aug  4 2022 06:17:15  BuildStamp: freesurfer-linux-ubuntu22_x86_64-7.3.2-20220804-6354275  User: oesteban  Machine: dna020  Platform: Linux  PlatformVersion: 5.14.0-427.37.1.el9_4.x86_64  CompilerName: GCC  CompilerVersion: 8.4.0
ProgramName: mris_calc  ProgramArguments: mris_calc -all-info  ProgramVersion: 7.3.2  TimeStamp: 2026/03/08-16:16:48-GMT  BuildTime: Aug  4 2022 06:17:15  BuildStamp: freesurfer-linux-ubuntu22_x86_64-7.3.2-20220804-6354275  User: oesteban  Machine: dna020  Platform: Linux  PlatformVersion: 5.14.0-427.37.1.el9_4.x86_64  CompilerName: GCC  CompilerVersion: 8.4.0
ProgramName: mris_convert  ProgramArguments: mris_convert -all-info  ProgramVersion: 7.3.2  TimeStamp: 2026/03/08-16:16:48-GMT  BuildTime: Aug  4 2022 06:17:15  BuildStamp: freesurfer-linux-ubuntu22_x86_64-7.3.2-20220804-6354275  User: oesteban  Machine: dna020  Platform: Linux  PlatformVersion: 5.14.0-427.37.1.el9_4.x86_64  CompilerName: GCC  CompilerVersion: 8.4.0
ProgramName: mris_curvature  ProgramArguments: mris_curvature -all-info  ProgramVersion: 7.3.2  TimeStamp: 2026/03/08-16:16:48-GMT  BuildTime: Aug  4 2022 06:17:15  BuildStamp: freesurfer-linux-ubuntu22_x86_64-7.3.2-20220804-6354275  User: oesteban  Machine: dna020  Platform: Linux  PlatformVersion: 5.14.0-427.37.1.el9_4.x86_64  CompilerName: GCC  CompilerVersion: 8.4.0
ProgramName: mris_curvature_stats  ProgramArguments: mris_curvature_stats -all-info  ProgramVersion: 7.3.2  TimeStamp: 2026/03/08-16:16:48-GMT  BuildTime: Aug  4 2022 06:17:15  BuildStamp: freesurfer-linux-ubuntu22_x86_64-7.3.2-20220804-6354275  User: oesteban  Machine: dna020  Platform: Linux  PlatformVersion: 5.14.0-427.37.1.el9_4.x86_64  CompilerName: GCC  CompilerVersion: 8.4.0
ProgramName: mris_diff  ProgramArguments: mris_diff -all-info  ProgramVersion: 7.3.2  TimeStamp: 2026/03/08-16:16:48-GMT  BuildTime: Aug  4 2022 06:17:15  BuildStamp: freesurfer-linux-ubuntu22_x86_64-7.3.2-20220804-6354275  User: oesteban  Machine: dna020  Platform: Linux  PlatformVersion: 5.14.0-427.37.1.el9_4.x86_64  CompilerName: GCC  CompilerVersion: 8.4.0
ProgramName: mris_divide_parcellation  ProgramArguments: mris_divide_parcellation -all-info  ProgramVersion: 7.3.2  TimeStamp: 2026/03/08-16:16:48-GMT  BuildTime: Aug  4 2022 06:17:15  BuildStamp: freesurfer-linux-ubuntu22_x86_64-7.3.2-20220804-6354275  User: oesteban  Machine: dna020  Platform: Linux  PlatformVersion: 5.14.0-427.37.1.el9_4.x86_64  CompilerName: GCC  CompilerVersion: 8.4.0
ProgramName: mri_segment  ProgramArguments: mri_segment -all-info  ProgramVersion: 7.3.2  TimeStamp: 2026/03/08-16:16:48-GMT  BuildTime: Aug  4 2022 06:17:15  BuildStamp: freesurfer-linux-ubuntu22_x86_64-7.3.2-20220804-6354275  User: oesteban  Machine: dna020  Platform: Linux  PlatformVersion: 5.14.0-427.37.1.el9_4.x86_64  CompilerName: GCC  CompilerVersion: 8.4.0
ProgramName: mri_segstats  ProgramArguments: mri_segstats -all-info  ProgramVersion: 7.3.2  TimeStamp: 2026/03/08-16:16:48-GMT  BuildTime: Aug  4 2022 06:17:15  BuildStamp: freesurfer-linux-ubuntu22_x86_64-7.3.2-20220804-6354275  User: oesteban  Machine: dna020  Platform: Linux  PlatformVersion: 5.14.0-427.37.1.el9_4.x86_64  CompilerName: GCC  CompilerVersion: 8.4.0
ProgramName: mris_euler_number  ProgramArguments: mris_euler_number -all-info  ProgramVersion: 7.3.2  TimeStamp: 2026/03/08-16:16:48-GMT  BuildTime: Aug  4 2022 06:17:15  BuildStamp: freesurfer-linux-ubuntu22_x86_64-7.3.2-20220804-6354275  User: oesteban  Machine: dna020  Platform: Linux  PlatformVersion: 5.14.0-427.37.1.el9_4.x86_64  CompilerName: GCC  CompilerVersion: 8.4.0
ProgramName: mris_fix_topology  ProgramArguments: mris_fix_topology -all-info  ProgramVersion: 7.3.2  TimeStamp: 2026/03/08-16:16:48-GMT  BuildTime: Aug  4 2022 06:17:15  BuildStamp: freesurfer-linux-ubuntu22_x86_64-7.3.2-20220804-6354275  User: oesteban  Machine: dna020  Platform: Linux  PlatformVersion: 5.14.0-427.37.1.el9_4.x86_64  CompilerName: GCC  CompilerVersion: 8.4.0
ProgramName: mris_topo_fixer  ProgramArguments: mris_topo_fixer -all-info  ProgramVersion: 7.3.2  TimeStamp: 2026/03/08-16:16:48-GMT  BuildTime: Aug  4 2022 06:17:15  BuildStamp: freesurfer-linux-ubuntu22_x86_64-7.3.2-20220804-6354275  User: oesteban  Machine: dna020  Platform: Linux  PlatformVersion: 5.14.0-427.37.1.el9_4.x86_64  CompilerName: GCC  CompilerVersion: 8.4.0
ProgramName: mris_jacobian  ProgramArguments: mris_jacobian -all-info  ProgramVersion: 7.3.2  TimeStamp: 2026/03/08-16:16:48-GMT  BuildTime: Aug  4 2022 06:17:15  BuildStamp: freesurfer-linux-ubuntu22_x86_64-7.3.2-20220804-6354275  User: oesteban  Machine: dna020  Platform: Linux  PlatformVersion: 5.14.0-427.37.1.el9_4.x86_64  CompilerName: GCC  CompilerVersion: 8.4.0
ProgramName: mris_label2annot  ProgramArguments: mris_label2annot -all-info  ProgramVersion: 7.3.2  TimeStamp: 2026/03/08-16:16:48-GMT  BuildTime: Aug  4 2022 06:17:15  BuildStamp: freesurfer-linux-ubuntu22_x86_64-7.3.2-20220804-6354275  User: oesteban  Machine: dna020  Platform: Linux  PlatformVersion: 5.14.0-427.37.1.el9_4.x86_64  CompilerName: GCC  CompilerVersion: 8.4.0
ProgramName: mris_left_right_register  ProgramArguments: mris_left_right_register -all-info  ProgramVersion: 7.3.2  TimeStamp: 2026/03/08-16:16:48-GMT  BuildTime: Aug  4 2022 06:17:15  BuildStamp: freesurfer-linux-ubuntu22_x86_64-7.3.2-20220804-6354275  User: oesteban  Machine: dna020  Platform: Linux  PlatformVersion: 5.14.0-427.37.1.el9_4.x86_64  CompilerName: GCC  CompilerVersion: 8.4.0
ProgramName: mris_place_surface  ProgramArguments: mris_place_surface -all-info  ProgramVersion: 7.3.2  TimeStamp: 2026/03/08-16:16:48-GMT  BuildTime: Aug  4 2022 06:17:15  BuildStamp: freesurfer-linux-ubuntu22_x86_64-7.3.2-20220804-6354275  User: oesteban  Machine: dna020  Platform: Linux  PlatformVersion: 5.14.0-427.37.1.el9_4.x86_64  CompilerName: GCC  CompilerVersion: 8.4.0
ProgramName: mrisp_paint  ProgramArguments: mrisp_paint -all-info  ProgramVersion: 7.3.2  TimeStamp: 2026/03/08-16:16:49-GMT  BuildTime: Aug  4 2022 06:17:15  BuildStamp: freesurfer-linux-ubuntu22_x86_64-7.3.2-20220804-6354275  User: oesteban  Machine: dna020  Platform: Linux  PlatformVersion: 5.14.0-427.37.1.el9_4.x86_64  CompilerName: GCC  CompilerVersion: 8.4.0
ProgramName: mris_register  ProgramArguments: mris_register -all-info  ProgramVersion: 7.3.2  TimeStamp: 2026/03/08-16:16:49-GMT  BuildTime: Aug  4 2022 06:17:15  BuildStamp: freesurfer-linux-ubuntu22_x86_64-7.3.2-20220804-6354275  User: oesteban  Machine: dna020  Platform: Linux  PlatformVersion: 5.14.0-427.37.1.el9_4.x86_64  CompilerName: GCC  CompilerVersion: 8.4.0
ProgramName: mris_smooth  ProgramArguments: mris_smooth -all-info  ProgramVersion: 7.3.2  TimeStamp: 2026/03/08-16:16:49-GMT  BuildTime: Aug  4 2022 06:17:15  BuildStamp: freesurfer-linux-ubuntu22_x86_64-7.3.2-20220804-6354275  User: oesteban  Machine: dna020  Platform: Linux  PlatformVersion: 5.14.0-427.37.1.el9_4.x86_64  CompilerName: GCC  CompilerVersion: 8.4.0
ProgramName: mris_sphere  ProgramArguments: mris_sphere -all-info  ProgramVersion: 7.3.2  TimeStamp: 2026/03/08-16:16:49-GMT  BuildTime: Aug  4 2022 06:17:15  BuildStamp: freesurfer-linux-ubuntu22_x86_64-7.3.2-20220804-6354275  User: oesteban  Machine: dna020  Platform: Linux  PlatformVersion: 5.14.0-427.37.1.el9_4.x86_64  CompilerName: GCC  CompilerVersion: 8.4.0
ProgramName: mris_surface_stats  ProgramArguments: mris_surface_stats -all-info  ProgramVersion: 7.3.2  TimeStamp: 2026/03/08-16:16:49-GMT  BuildTime: Aug  4 2022 06:17:15  BuildStamp: freesurfer-linux-ubuntu22_x86_64-7.3.2-20220804-6354275  User: oesteban  Machine: dna020  Platform: Linux  PlatformVersion: 5.14.0-427.37.1.el9_4.x86_64  CompilerName: GCC  CompilerVersion: 8.4.0
ProgramName: mri_stats2seg  ProgramArguments: mri_stats2seg -all-info  ProgramVersion: 7.3.2  TimeStamp: 2026/03/08-16:16:49-GMT  BuildTime: Aug  4 2022 06:17:15  BuildStamp: freesurfer-linux-ubuntu22_x86_64-7.3.2-20220804-6354275  User: oesteban  Machine: dna020  Platform: Linux  PlatformVersion: 5.14.0-427.37.1.el9_4.x86_64  CompilerName: GCC  CompilerVersion: 8.4.0
ProgramName: mris_thickness  ProgramArguments: mris_thickness -all-info  ProgramVersion: 7.3.2  TimeStamp: 2026/03/08-16:16:49-GMT  BuildTime: Aug  4 2022 06:17:15  BuildStamp: freesurfer-linux-ubuntu22_x86_64-7.3.2-20220804-6354275  User: oesteban  Machine: dna020  Platform: Linux  PlatformVersion: 5.14.0-427.37.1.el9_4.x86_64  CompilerName: GCC  CompilerVersion: 8.4.0
ProgramName: mris_thickness_diff  ProgramArguments: mris_thickness_diff -all-info  ProgramVersion: 7.3.2  TimeStamp: 2026/03/08-16:16:49-GMT  BuildTime: Aug  4 2022 06:17:15  BuildStamp: freesurfer-linux-ubuntu22_x86_64-7.3.2-20220804-6354275  User: oesteban  Machine: dna020  Platform: Linux  PlatformVersion: 5.14.0-427.37.1.el9_4.x86_64  CompilerName: GCC  CompilerVersion: 8.4.0
ProgramName: mris_topo_fixer  ProgramArguments: mris_topo_fixer -all-info  ProgramVersion: 7.3.2  TimeStamp: 2026/03/08-16:16:49-GMT  BuildTime: Aug  4 2022 06:17:15  BuildStamp: freesurfer-linux-ubuntu22_x86_64-7.3.2-20220804-6354275  User: oesteban  Machine: dna020  Platform: Linux  PlatformVersion: 5.14.0-427.37.1.el9_4.x86_64  CompilerName: GCC  CompilerVersion: 8.4.0
ProgramName: mri_surf2surf  ProgramArguments: mri_surf2surf -all-info  ProgramVersion: 7.3.2  TimeStamp: 2026/03/08-16:16:49-GMT  BuildTime: Aug  4 2022 06:17:15  BuildStamp: freesurfer-linux-ubuntu22_x86_64-7.3.2-20220804-6354275  User: oesteban  Machine: dna020  Platform: Linux  PlatformVersion: 5.14.0-427.37.1.el9_4.x86_64  CompilerName: GCC  CompilerVersion: 8.4.0
ProgramName: mri_surf2vol  ProgramArguments: mri_surf2vol -all-info  ProgramVersion: 7.3.2  TimeStamp: 2026/03/08-16:16:49-GMT  BuildTime: Aug  4 2022 06:17:15  BuildStamp: freesurfer-linux-ubuntu22_x86_64-7.3.2-20220804-6354275  User: oesteban  Machine: dna020  Platform: Linux  PlatformVersion: 5.14.0-427.37.1.el9_4.x86_64  CompilerName: GCC  CompilerVersion: 8.4.0
ProgramName: mri_surfcluster  ProgramArguments: mri_surfcluster -all-info  ProgramVersion: 7.3.2  TimeStamp: 2026/03/08-16:16:49-GMT  BuildTime: Aug  4 2022 06:17:15  BuildStamp: freesurfer-linux-ubuntu22_x86_64-7.3.2-20220804-6354275  User: oesteban  Machine: dna020  Platform: Linux  PlatformVersion: 5.14.0-427.37.1.el9_4.x86_64  CompilerName: GCC  CompilerVersion: 8.4.0
ProgramName: mris_volmask  ProgramArguments: mris_volmask -all-info  ProgramVersion: 7.3.2  TimeStamp: 2026/03/08-16:16:49-GMT  BuildTime: Aug  4 2022 06:17:15  BuildStamp: freesurfer-linux-ubuntu22_x86_64-7.3.2-20220804-6354275  User: oesteban  Machine: dna020  Platform: Linux  PlatformVersion: 5.14.0-427.37.1.el9_4.x86_64  CompilerName: GCC  CompilerVersion: 8.4.0
ProgramName: mri_tessellate  ProgramArguments: mri_tessellate -all-info  ProgramVersion: 7.3.2  TimeStamp: 2026/03/08-16:16:49-GMT  BuildTime: Aug  4 2022 06:17:15  BuildStamp: freesurfer-linux-ubuntu22_x86_64-7.3.2-20220804-6354275  User: oesteban  Machine: dna020  Platform: Linux  PlatformVersion: 5.14.0-427.37.1.el9_4.x86_64  CompilerName: GCC  CompilerVersion: 8.4.0
ProgramName: mri_vol2surf  ProgramArguments: mri_vol2surf -all-info  ProgramVersion: 7.3.2  TimeStamp: 2026/03/08-16:16:49-GMT  BuildTime: Aug  4 2022 06:17:15  BuildStamp: freesurfer-linux-ubuntu22_x86_64-7.3.2-20220804-6354275  User: oesteban  Machine: dna020  Platform: Linux  PlatformVersion: 5.14.0-427.37.1.el9_4.x86_64  CompilerName: GCC  CompilerVersion: 8.4.0
ProgramName: mri_vol2vol  ProgramArguments: mri_vol2vol -all-info  ProgramVersion: 7.3.2  TimeStamp: 2026/03/08-16:16:49-GMT  BuildTime: Aug  4 2022 06:17:15  BuildStamp: freesurfer-linux-ubuntu22_x86_64-7.3.2-20220804-6354275  User: oesteban  Machine: dna020  Platform: Linux  PlatformVersion: 5.14.0-427.37.1.el9_4.x86_64  CompilerName: GCC  CompilerVersion: 8.4.0
ProgramName: mri_voldiff  ProgramArguments: mri_voldiff -all-info  ProgramVersion: 7.3.2  TimeStamp: 2026/03/08-16:16:49-GMT  BuildTime: Aug  4 2022 06:17:15  BuildStamp: freesurfer-linux-ubuntu22_x86_64-7.3.2-20220804-6354275  User: oesteban  Machine: dna020  Platform: Linux  PlatformVersion: 5.14.0-427.37.1.el9_4.x86_64  CompilerName: GCC  CompilerVersion: 8.4.0
ProgramName: mri_watershed  ProgramArguments: mri_watershed -all-info  ProgramVersion: 7.3.2  TimeStamp: 2026/03/08-16:16:49-GMT  BuildTime: Aug  4 2022 06:17:15  BuildStamp: freesurfer-linux-ubuntu22_x86_64-7.3.2-20220804-6354275  User: oesteban  Machine: dna020  Platform: Linux  PlatformVersion: 5.14.0-427.37.1.el9_4.x86_64  CompilerName: GCC  CompilerVersion: 8.4.0
ProgramName: tkregister2  ProgramArguments: tkregister2_cmdl -all-info  ProgramVersion: 7.3.2  TimeStamp: 2026/03/08-16:16:49-GMT  BuildTime: Aug  4 2022 06:17:15  BuildStamp: freesurfer-linux-ubuntu22_x86_64-7.3.2-20220804-6354275  User: oesteban  Machine: dna020  Platform: Linux  PlatformVersion: 5.14.0-427.37.1.el9_4.x86_64  CompilerName: GCC  CompilerVersion: 8.4.0
mri_motion_correct.fsl 7.3.2
mri_convert -all-info 
ProgramName: mri_convert  ProgramArguments: mri_convert -all-info  ProgramVersion: 7.3.2  TimeStamp: 2026/03/08-16:16:49-GMT  BuildTime: Aug  4 2022 06:17:15  BuildStamp: freesurfer-linux-ubuntu22_x86_64-7.3.2-20220804-6354275  User: oesteban  Machine: dna020  Platform: Linux  PlatformVersion: 5.14.0-427.37.1.el9_4.x86_64  CompilerName: GCC  CompilerVersion: 8.4.0
Program nu_correct, built from:
Package MNI N3, version 1.12.0, compiled by nicks@terrier (x86_64-unknown-linux-gnu) on 2015-06-19 at 01:25:34
#######################################
GCADIR /opt/freesurfer/average
GCA RB_all_2020-01-02.gca
GCASkull RB_all_withskull_2020_01_02.gca
AvgCurvTif folding.atlas.acfb40.noaparc.i12.2016-08-02.tif
GCSDIR /opt/freesurfer/average
GCS DKaparc.atlas.acfb40.noaparc.i12.2016-08-02.gcs
#######################################
/out/sourcedata/freesurfer/sub-v1s14x0051560_ses-1

 mri_convert /work/fmriprep_25_2_wf/sub_v1s14x0051560_ses_1_wf/anat_fit_wf/anat_validate/sub-v1s14x0051560_ses-1_T1w_noise_corrected_ras_valid.nii.gz /out/sourcedata/freesurfer/sub-v1s14x0051560_ses-1/mri/orig/001.mgz 

mri_convert /work/fmriprep_25_2_wf/sub_v1s14x0051560_ses_1_wf/anat_fit_wf/anat_validate/sub-v1s14x0051560_ses-1_T1w_noise_corrected_ras_valid.nii.gz /out/sourcedata/freesurfer/sub-v1s14x0051560_ses-1/mri/orig/001.mgz 
reading from /work/fmriprep_25_2_wf/sub_v1s14x0051560_ses_1_wf/anat_fit_wf/anat_validate/sub-v1s14x0051560_ses-1_T1w_noise_corrected_ras_valid.nii.gz...
TR=0.00, TE=0.00, TI=0.00, flip angle=0.00
i_ras = (0.9998, 0.00911313, -0.0177761)
j_ras = (-0.00774787, 0.997122, 0.0754146)
k_ras = (0.0184122, -0.0752618, 0.996994)
writing to /out/sourcedata/freesurfer/sub-v1s14x0051560_ses-1/mri/orig/001.mgz...
#--------------------------------------------
#@# MotionCor Sun Mar  8 17:16:50 CET 2026
Found 1 runs
/out/sourcedata/freesurfer/sub-v1s14x0051560_ses-1/mri/orig/001.mgz
Checking for (invalid) multi-frame inputs...
Only one run found so motion
correction will not be performed. I'll
copy the run to rawavg and continue.

 cp /out/sourcedata/freesurfer/sub-v1s14x0051560_ses-1/mri/orig/001.mgz /out/sourcedata/freesurfer/sub-v1s14x0051560_ses-1/mri/rawavg.mgz 


 mri_info /out/sourcedata/freesurfer/sub-v1s14x0051560_ses-1/mri/rawavg.mgz 

rawavg.mgz ========================================
Volume information for /out/sourcedata/freesurfer/sub-v1s14x0051560_ses-1/mri/rawavg.mgz
          type: MGH
    dimensions: 256 x 256 x 170
   voxel sizes: 1.000000, 1.000000, 1.000000
          type: FLOAT (3)
           fov: 256.000
           dof: 1
        xstart: -128.0, xend: 128.0
        ystart: -128.0, yend: 128.0
        zstart: -85.0, zend: 85.0
            TR: 0.00 msec, TE: 0.00 msec, TI: 0.00 msec, flip angle: 0.00 degrees
       nframes: 1
       PhEncDir: UNKNOWN
       FieldStrength: 0.000000
ras xform present
    xform info: x_r =   0.9998, y_r =  -0.0077, z_r =   0.0184, c_r =    -0.2726
              : x_a =   0.0091, y_a =   0.9971, z_a =  -0.0753, c_a =    11.5381
              : x_s =  -0.0178, y_s =   0.0754, z_s =   0.9970, c_s =    45.9750

talairach xfm : 
Orientation   : RAS
Primary Slice Direction: axial

voxel to ras transform:
                0.9998  -0.0077   0.0184  -128.8204
                0.0091   0.9971  -0.0753  -110.8628
               -0.0178   0.0754   0.9970   -46.1472
                0.0000   0.0000   0.0000     1.0000

voxel-to-ras determinant 1

ras to voxel transform:
                0.9998   0.0091  -0.0178   128.9847
               -0.0077   0.9971   0.0754   113.0259
                0.0184  -0.0753   0.9970    40.0366
                0.0000   0.0000   0.0000     1.0000
/out/sourcedata/freesurfer/sub-v1s14x0051560_ses-1

 mri_convert /out/sourcedata/freesurfer/sub-v1s14x0051560_ses-1/mri/rawavg.mgz /out/sourcedata/freesurfer/sub-v1s14x0051560_ses-1/mri/orig.mgz --conform 

mri_convert /out/sourcedata/freesurfer/sub-v1s14x0051560_ses-1/mri/rawavg.mgz /out/sourcedata/freesurfer/sub-v1s14x0051560_ses-1/mri/orig.mgz --conform 
reading from /out/sourcedata/freesurfer/sub-v1s14x0051560_ses-1/mri/rawavg.mgz...
TR=0.00, TE=0.00, TI=0.00, flip angle=0.00
i_ras = (0.9998, 0.00911313, -0.0177761)
j_ras = (-0.00774787, 0.997122, 0.0754146)
k_ras = (0.0184122, -0.0752618, 0.996994)
changing data type from float to uchar (noscale = 0)...
MRIchangeType: Building histogram -0.000915527 1328.33 1000, flo=0, fhi=0.999, dest_type=0
Reslicing using trilinear interpolation 
writing to /out/sourcedata/freesurfer/sub-v1s14x0051560_ses-1/mri/orig.mgz...

 mri_add_xform_to_header -c /out/sourcedata/freesurfer/sub-v1s14x0051560_ses-1/mri/transforms/talairach.xfm /out/sourcedata/freesurfer/sub-v1s14x0051560_ses-1/mri/orig.mgz /out/sourcedata/freesurfer/sub-v1s14x0051560_ses-1/mri/orig.mgz 

INFO: extension is mgz

 mri_info /out/sourcedata/freesurfer/sub-v1s14x0051560_ses-1/mri/orig.mgz 

orig.mgz ========================================
Volume information for /out/sourcedata/freesurfer/sub-v1s14x0051560_ses-1/mri/orig.mgz
          type: MGH
    dimensions: 256 x 256 x 256
   voxel sizes: 1.000000, 1.000000, 1.000000
          type: UCHAR (0)
           fov: 256.000
           dof: 1
        xstart: -128.0, xend: 128.0
        ystart: -128.0, yend: 128.0
        zstart: -128.0, zend: 128.0
            TR: 0.00 msec, TE: 0.00 msec, TI: 0.00 msec, flip angle: 0.00 degrees
       nframes: 1
       PhEncDir: UNKNOWN
       FieldStrength: 0.000000
ras xform present
    xform info: x_r =  -1.0000, y_r =   0.0000, z_r =  -0.0000, c_r =    -0.2726
              : x_a =   0.0000, y_a =   0.0000, z_a =   1.0000, c_a =    11.5381
              : x_s =  -0.0000, y_s =  -1.0000, z_s =  -0.0000, c_s =    45.9750

talairach xfm : /out/sourcedata/freesurfer/sub-v1s14x0051560_ses-1/mri/transforms/talairach.xfm
Orientation   : LIA
Primary Slice Direction: coronal

voxel to ras transform:
               -1.0000   0.0000  -0.0000   127.7274
                0.0000   0.0000   1.0000  -116.4619
               -0.0000  -1.0000  -0.0000   173.9750
                0.0000   0.0000   0.0000     1.0000

voxel-to-ras determinant -1

ras to voxel transform:
               -1.0000  -0.0000  -0.0000   127.7274
                0.0000  -0.0000  -1.0000   173.9750
                0.0000   1.0000   0.0000   116.4619
               -0.0000  -0.0000  -0.0000     1.0000
#--------------------------------------------
#@# Talairach Sun Mar  8 17:17:00 CET 2026
/out/sourcedata/freesurfer/sub-v1s14x0051560_ses-1/mri

 mri_nu_correct.mni --no-rescale --i orig.mgz --o orig_nu.mgz --ants-n4 --n 1 --proto-iters 1000 --distance 50 

/usr/bin/bc
/out/sourcedata/freesurfer/sub-v1s14x0051560_ses-1/mri
/opt/freesurfer/bin/mri_nu_correct.mni
--no-rescale --i orig.mgz --o orig_nu.mgz --ants-n4 --n 1 --proto-iters 1000 --distance 50
nIters 1
mri_nu_correct.mni 7.3.2
Linux dna020 5.14.0-427.37.1.el9_4.x86_64 #1 SMP PREEMPT_DYNAMIC Fri Sep 13 12:41:50 EDT 2024 x86_64 x86_64 x86_64 GNU/Linux
Sun Mar  8 17:17:00 CET 2026
tmpdir is ./tmp.mri_nu_correct.mni.3090212
cd /out/sourcedata/freesurfer/sub-v1s14x0051560_ses-1/mri
AntsN4BiasFieldCorrectionFs -i orig.mgz -o ./tmp.mri_nu_correct.mni.3090212/nu0.mgz --dtype uchar
AntsN4BiasFieldCorrectionFs done
mri_convert ./tmp.mri_nu_correct.mni.3090212/nu0.mgz orig_nu.mgz --like orig.mgz --conform
mri_convert ./tmp.mri_nu_correct.mni.3090212/nu0.mgz orig_nu.mgz --like orig.mgz --conform 
reading from ./tmp.mri_nu_correct.mni.3090212/nu0.mgz...
TR=0.00, TE=0.00, TI=0.00, flip angle=0.00
i_ras = (-1, 8.14907e-10, -1.86265e-09)
j_ras = (0, 7.45058e-09, -1)
k_ras = (-3.49246e-10, 1, -7.45058e-09)
INFO: transform src into the like-volume: orig.mgz
writing to orig_nu.mgz...
 
 
Sun Mar  8 17:19:55 CET 2026
mri_nu_correct.mni done

 talairach_avi --i orig_nu.mgz --xfm transforms/talairach.auto.xfm 

talairach_avi log file is transforms/talairach_avi.log...
mv -f /out/sourcedata/freesurfer/sub-v1s14x0051560_ses-1/mri/talsrcimg_to_711-2C_as_mni_average_305_t4_vox2vox.txt /out/sourcedata/freesurfer/sub-v1s14x0051560_ses-1/mri/transforms/talsrcimg_to_711-2C_as_mni_average_305_t4_vox2vox.txt
Started at Sun Mar 8 17:19:55 CET 2026
Ended   at Sun Mar  8 17:21:22 CET 2026
talairach_avi done

 cp transforms/talairach.auto.xfm transforms/talairach.xfm 

lta_convert --src orig.mgz --trg /opt/freesurfer/average/mni305.cor.mgz --inxfm transforms/talairach.xfm --outlta transforms/talairach.xfm.lta --subject fsaverage --ltavox2vox
7.3.2

--src: orig.mgz src image (geometry).
--trg: /opt/freesurfer/average/mni305.cor.mgz trg image (geometry).
--inmni: transforms/talairach.xfm input MNI/XFM transform.
--outlta: transforms/talairach.xfm.lta output LTA.
--s: fsaverage subject name
--ltavox2vox: output LTA as VOX_TO_VOX transform.
 LTA read, type : 1
 1.15578   0.03884  -0.02719   1.40556;
-0.04760   1.13094   0.17177  -27.75562;
 0.01650  -0.24268   1.18495  -23.43405;
 0.00000   0.00000   0.00000   1.00000;
setting subject to fsaverage
Writing  LTA to file transforms/talairach.xfm.lta...
lta_convert successful.
#--------------------------------------------
#@# Talairach Failure Detection Sun Mar  8 17:21:24 CET 2026
/out/sourcedata/freesurfer/sub-v1s14x0051560_ses-1/mri

 talairach_afd -T 0.005 -xfm transforms/talairach.xfm 

talairach_afd: Talairach Transform: transforms/talairach.xfm OK (p=0.8348, pval=0.9628 >= threshold=0.0050)

 awk -f /opt/freesurfer/bin/extract_talairach_avi_QA.awk /out/sourcedata/freesurfer/sub-v1s14x0051560_ses-1/mri/transforms/talairach_avi.log 


 tal_QC_AZS /out/sourcedata/freesurfer/sub-v1s14x0051560_ses-1/mri/transforms/talairach_avi.log 

TalAviQA: 0.97238
z-score: -1
#--------------------------------------------
#@# Nu Intensity Correction Sun Mar  8 17:21:24 CET 2026

 mri_nu_correct.mni --i orig.mgz --o nu.mgz --uchar transforms/talairach.xfm --n 2 --ants-n4 

/usr/bin/bc
/out/sourcedata/freesurfer/sub-v1s14x0051560_ses-1/mri
/opt/freesurfer/bin/mri_nu_correct.mni
--i orig.mgz --o nu.mgz --uchar transforms/talairach.xfm --n 2 --ants-n4
nIters 2
mri_nu_correct.mni 7.3.2
Linux dna020 5.14.0-427.37.1.el9_4.x86_64 #1 SMP PREEMPT_DYNAMIC Fri Sep 13 12:41:50 EDT 2024 x86_64 x86_64 x86_64 GNU/Linux
Sun Mar  8 17:21:24 CET 2026
tmpdir is ./tmp.mri_nu_correct.mni.3091353
cd /out/sourcedata/freesurfer/sub-v1s14x0051560_ses-1/mri
AntsN4BiasFieldCorrectionFs -i orig.mgz -o ./tmp.mri_nu_correct.mni.3091353/nu0.mgz --dtype uchar
AntsN4BiasFieldCorrectionFs done
mri_binarize --i ./tmp.mri_nu_correct.mni.3091353/nu0.mgz --min -1 --o ./tmp.mri_nu_correct.mni.3091353/ones.mgz

7.3.2
cwd /out/sourcedata/freesurfer/sub-v1s14x0051560_ses-1/mri
cmdline mri_binarize --i ./tmp.mri_nu_correct.mni.3091353/nu0.mgz --min -1 --o ./tmp.mri_nu_correct.mni.3091353/ones.mgz 
sysname  Linux
hostname dna020
machine  x86_64
user     oesteban

input      ./tmp.mri_nu_correct.mni.3091353/nu0.mgz
frame      0
nErode3d   0
nErode2d   0
output     ./tmp.mri_nu_correct.mni.3091353/ones.mgz
Binarizing based on threshold
min        -1
max        +infinity
binval        1
binvalnot     0
fstart = 0, fend = 0, nframes = 1
Starting parallel 1
Found 16777216 values in range
Counting number of voxels in first frame
Found 16777215 voxels in final mask
Writing output to ./tmp.mri_nu_correct.mni.3091353/ones.mgz
Count: 16777215 16777215.000000 16777216 99.999994
mri_binarize done
mri_segstats --id 1 --seg ./tmp.mri_nu_correct.mni.3091353/ones.mgz --i orig.mgz --sum ./tmp.mri_nu_correct.mni.3091353/sum.junk --avgwf ./tmp.mri_nu_correct.mni.3091353/input.mean.dat

7.3.2
cwd 
cmdline mri_segstats --id 1 --seg ./tmp.mri_nu_correct.mni.3091353/ones.mgz --i orig.mgz --sum ./tmp.mri_nu_correct.mni.3091353/sum.junk --avgwf ./tmp.mri_nu_correct.mni.3091353/input.mean.dat 
sysname  Linux
hostname dna020
machine  x86_64
user     oesteban
whitesurfname  white
UseRobust  0
Loading ./tmp.mri_nu_correct.mni.3091353/ones.mgz
Loading orig.mgz
Voxel Volume is 1 mm^3
Generating list of segmentation ids
Found   1 segmentations
Computing statistics for each segmentation

Reporting on   1 segmentations
Using PrintSegStat
Computing spatial average of each frame

Writing to ./tmp.mri_nu_correct.mni.3091353/input.mean.dat
mri_segstats done
mri_segstats --id 1 --seg ./tmp.mri_nu_correct.mni.3091353/ones.mgz --i ./tmp.mri_nu_correct.mni.3091353/nu0.mgz --sum ./tmp.mri_nu_correct.mni.3091353/sum.junk --avgwf ./tmp.mri_nu_correct.mni.3091353/output.mean.dat

7.3.2
cwd 
cmdline mri_segstats --id 1 --seg ./tmp.mri_nu_correct.mni.3091353/ones.mgz --i ./tmp.mri_nu_correct.mni.3091353/nu0.mgz --sum ./tmp.mri_nu_correct.mni.3091353/sum.junk --avgwf ./tmp.mri_nu_correct.mni.3091353/output.mean.dat 
sysname  Linux
hostname dna020
machine  x86_64
user     oesteban
whitesurfname  white
UseRobust  0
Loading ./tmp.mri_nu_correct.mni.3091353/ones.mgz
Loading ./tmp.mri_nu_correct.mni.3091353/nu0.mgz
Voxel Volume is 1 mm^3
Generating list of segmentation ids
Found   1 segmentations
Computing statistics for each segmentation

Reporting on   1 segmentations
Using PrintSegStat
Computing spatial average of each frame

Writing to ./tmp.mri_nu_correct.mni.3091353/output.mean.dat
mri_segstats done
mris_calc -o ./tmp.mri_nu_correct.mni.3091353/nu0.mgz ./tmp.mri_nu_correct.mni.3091353/nu0.mgz mul 1.15357310330537955702
Saving result to './tmp.mri_nu_correct.mni.3091353/nu0.mgz' (type = MGH )                       [ ok ]
mri_convert ./tmp.mri_nu_correct.mni.3091353/nu0.mgz nu.mgz --like orig.mgz
mri_convert ./tmp.mri_nu_correct.mni.3091353/nu0.mgz nu.mgz --like orig.mgz 
reading from ./tmp.mri_nu_correct.mni.3091353/nu0.mgz...
TR=0.00, TE=0.00, TI=0.00, flip angle=0.00
i_ras = (-1, 8.14907e-10, -1.86265e-09)
j_ras = (0, 7.45058e-09, -1)
k_ras = (-3.49246e-10, 1, -7.45058e-09)
INFO: transform src into the like-volume: orig.mgz
writing to nu.mgz...
mri_make_uchar nu.mgz transforms/talairach.xfm nu.mgz
type change took 0 minutes and 6 seconds.
FIRST_PERCENTILE 0.010000
WM_PERCENTILE    0.900000
MAX_R 50.000000
i1 = 6, i2 = 54
#mri_make_uchar# mapping 15 139 to  3 110  :  b -10.8812 m 0.869081 : thresh 12.5204 maxsat 305.934 : nzero 14180685 nsat 0
 
 
Sun Mar  8 17:24:37 CET 2026
mri_nu_correct.mni done

 mri_add_xform_to_header -c /out/sourcedata/freesurfer/sub-v1s14x0051560_ses-1/mri/transforms/talairach.xfm nu.mgz nu.mgz 

INFO: extension is mgz
#--------------------------------------------
#@# Intensity Normalization Sun Mar  8 17:24:38 CET 2026
/out/sourcedata/freesurfer/sub-v1s14x0051560_ses-1/mri

 mri_normalize -g 1 -seed 1234 -mprage nu.mgz T1.mgz 

using max gradient = 1.000
setting seed for random number genererator to 1234
assuming input volume is MGH (Van der Kouwe) MP-RAGE
reading mri_src from nu.mgz...
normalizing image...
NOT doing gentle normalization with control points/label
talairach transform
 1.15578   0.03884  -0.02719   1.40556;
-0.04760   1.13094   0.17177  -27.75562;
 0.01650  -0.24268   1.18495  -23.43405;
 0.00000   0.00000   0.00000   1.00000;
processing without aseg, no1d=0
MRInormInit(): 
INFO: Modifying talairach volume c_(r,a,s) based on average_305
MRInormalize(): 
MRIsplineNormalize(): npeaks = 16
Starting OpenSpline(): npoints = 16
building Voronoi diagram...
performing soap bubble smoothing, sigma = 8...

Iterating 2 times
---------------------------------
3d normalization pass 1 of 2
white matter peak found at 110
white matter peak found at 110
gm peak at 67 (67), valley at 43 (43)
csf peak at 10, setting threshold to 48
building Voronoi diagram...
performing soap bubble smoothing, sigma = 8...
---------------------------------
3d normalization pass 2 of 2
white matter peak found at 110
white matter peak found at 110
gm peak at 69 (69), valley at 33 (33)
csf peak at 21, setting threshold to 53
building Voronoi diagram...
performing soap bubble smoothing, sigma = 8...
Done iterating ---------------------------------
writing output to T1.mgz
3D bias adjustment took 1 minutes and 30 seconds.

Started at Sun Mar 8 17:16:48 CET 2026 
Ended   at Sun Mar 8 17:26:08 CET 2026
#@#%# recon-all-run-time-hours 0.156
recon-all -s sub-v1s14x0051560_ses-1 finished without error at Sun Mar  8 17:26:08 CET 2026



#New# invocation of recon-all 




Sun Mar  8 17:33:48 CET 2026
cd /out/sourcedata/freesurfer/sub-v1s14x0051560_ses-1
setenv SUBJECTS_DIR /out/sourcedata/freesurfer
/opt/freesurfer/bin/recon-all -openmp 16 -subjid sub-v1s14x0051560_ses-1 -sd /out/sourcedata/freesurfer -gcareg

subjid sub-v1s14x0051560_ses-1
setenv SUBJECTS_DIR /out/sourcedata/freesurfer
FREESURFER_HOME /opt/freesurfer
Actual FREESURFER_HOME /opt/freesurfer
build-stamp.txt: freesurfer-linux-ubuntu22_x86_64-7.3.2-20220804-6354275
Linux dna020 5.14.0-427.37.1.el9_4.x86_64 #1 SMP PREEMPT_DYNAMIC Fri Sep 13 12:41:50 EDT 2024 x86_64 x86_64 x86_64 GNU/Linux
cputime      unlimited
filesize     unlimited
datasize     unlimited
stacksize    8192 kbytes
coredumpsize 0 kbytes
memoryuse    67108864 kbytes
vmemoryuse   unlimited
descriptors  1024 
memorylocked unlimited
maxproc      2061970 
maxlocks     unlimited
maxsignal    2061970 
maxmessage   819200 
maxnice      0 
maxrtprio    0 
maxrttime    unlimited

               total        used        free      shared  buff/cache   available
Mem:           503Gi        51Gi       200Gi        34Gi       251Gi       414Gi
Swap:             0B          0B          0B

########################################
program versions used
7.3.2 (freesurfer-linux-ubuntu22_x86_64-7.3.2-20220804-6354275)
7.3.2

ProgramName: lta_convert  ProgramArguments: lta_convert -all-info  ProgramVersion: 7.3.2  TimeStamp: 2026/03/08-16:33:48-GMT  BuildTime: Aug  4 2022 06:17:15  BuildStamp: freesurfer-linux-ubuntu22_x86_64-7.3.2-20220804-6354275  User: oesteban  Machine: dna020  Platform: Linux  PlatformVersion: 5.14.0-427.37.1.el9_4.x86_64  CompilerName: GCC  CompilerVersion: 8.4.0
ProgramName: mri_and  ProgramArguments: mri_and -all-info  ProgramVersion: 7.3.2  TimeStamp: 2026/03/08-16:33:48-GMT  BuildTime: Aug  4 2022 06:17:15  BuildStamp: freesurfer-linux-ubuntu22_x86_64-7.3.2-20220804-6354275  User: oesteban  Machine: dna020  Platform: Linux  PlatformVersion: 5.14.0-427.37.1.el9_4.x86_64  CompilerName: GCC  CompilerVersion: 8.4.0
ProgramName: mri_annotation2label  ProgramArguments: mri_annotation2label -all-info  ProgramVersion: 7.3.2  TimeStamp: 2026/03/08-16:33:48-GMT  BuildTime: Aug  4 2022 06:17:15  BuildStamp: freesurfer-linux-ubuntu22_x86_64-7.3.2-20220804-6354275  User: oesteban  Machine: dna020  Platform: Linux  PlatformVersion: 5.14.0-427.37.1.el9_4.x86_64  CompilerName: GCC  CompilerVersion: 8.4.0
ProgramName: mri_aparc2aseg  ProgramArguments: mri_aparc2aseg -all-info  ProgramVersion: 7.3.2  TimeStamp: 2026/03/08-16:33:48-GMT  BuildTime: Aug  4 2022 06:17:15  BuildStamp: freesurfer-linux-ubuntu22_x86_64-7.3.2-20220804-6354275  User: oesteban  Machine: dna020  Platform: Linux  PlatformVersion: 5.14.0-427.37.1.el9_4.x86_64  CompilerName: GCC  CompilerVersion: 8.4.0
ProgramName: mri_surf2volseg  ProgramArguments: mri_surf2volseg -all-info  ProgramVersion: 7.3.2  TimeStamp: 2026/03/08-16:33:48-GMT  BuildTime: Aug  4 2022 06:17:15  BuildStamp: freesurfer-linux-ubuntu22_x86_64-7.3.2-20220804-6354275  User: oesteban  Machine: dna020  Platform: Linux  PlatformVersion: 5.14.0-427.37.1.el9_4.x86_64  CompilerName: GCC  CompilerVersion: 8.4.0
ProgramName: mri_binarize  ProgramArguments: mri_binarize -all-info  ProgramVersion: 7.3.2  TimeStamp: 2026/03/08-16:33:48-GMT  BuildTime: Aug  4 2022 06:17:15  BuildStamp: freesurfer-linux-ubuntu22_x86_64-7.3.2-20220804-6354275  User: oesteban  Machine: dna020  Platform: Linux  PlatformVersion: 5.14.0-427.37.1.el9_4.x86_64  CompilerName: GCC  CompilerVersion: 8.4.0
ProgramName: mri_ca_label  ProgramArguments: mri_ca_label -all-info  ProgramVersion: 7.3.2  TimeStamp: 2026/03/08-16:33:48-GMT  BuildTime: Aug  4 2022 06:17:15  BuildStamp: freesurfer-linux-ubuntu22_x86_64-7.3.2-20220804-6354275  User: oesteban  Machine: dna020  Platform: Linux  PlatformVersion: 5.14.0-427.37.1.el9_4.x86_64  CompilerName: GCC  CompilerVersion: 8.4.0
ProgramName: mri_ca_normalize  ProgramArguments: mri_ca_normalize -all-info  ProgramVersion: 7.3.2  TimeStamp: 2026/03/08-16:33:48-GMT  BuildTime: Aug  4 2022 06:17:15  BuildStamp: freesurfer-linux-ubuntu22_x86_64-7.3.2-20220804-6354275  User: oesteban  Machine: dna020  Platform: Linux  PlatformVersion: 5.14.0-427.37.1.el9_4.x86_64  CompilerName: GCC  CompilerVersion: 8.4.0
ProgramName: mri_ca_register  ProgramArguments: mri_ca_register -all-info  ProgramVersion: 7.3.2  TimeStamp: 2026/03/08-16:33:48-GMT  BuildTime: Aug  4 2022 06:17:15  BuildStamp: freesurfer-linux-ubuntu22_x86_64-7.3.2-20220804-6354275  User: oesteban  Machine: dna020  Platform: Linux  PlatformVersion: 5.14.0-427.37.1.el9_4.x86_64  CompilerName: GCC  CompilerVersion: 8.4.0
ProgramName: mri_cc  ProgramArguments: mri_cc -all-info  ProgramVersion: 7.3.2  TimeStamp: 2026/03/08-16:33:48-GMT  BuildTime: Aug  4 2022 06:17:15  BuildStamp: freesurfer-linux-ubuntu22_x86_64-7.3.2-20220804-6354275  User: oesteban  Machine: dna020  Platform: Linux  PlatformVersion: 5.14.0-427.37.1.el9_4.x86_64  CompilerName: GCC  CompilerVersion: 8.4.0
ProgramName: mri_compute_overlap  ProgramArguments: mri_compute_overlap -all-info  ProgramVersion: 7.3.2  TimeStamp: 2026/03/08-16:33:48-GMT  BuildTime: Aug  4 2022 06:17:15  BuildStamp: freesurfer-linux-ubuntu22_x86_64-7.3.2-20220804-6354275  User: oesteban  Machine: dna020  Platform: Linux  PlatformVersion: 5.14.0-427.37.1.el9_4.x86_64  CompilerName: GCC  CompilerVersion: 8.4.0
ProgramName: mri_compute_seg_overlap  ProgramArguments: mri_compute_seg_overlap -all-info  ProgramVersion: 7.3.2  TimeStamp: 2026/03/08-16:33:48-GMT  BuildTime: Aug  4 2022 06:17:15  BuildStamp: freesurfer-linux-ubuntu22_x86_64-7.3.2-20220804-6354275  User: oesteban  Machine: dna020  Platform: Linux  PlatformVersion: 5.14.0-427.37.1.el9_4.x86_64  CompilerName: GCC  CompilerVersion: 8.4.0
ProgramName: mri_concat  ProgramArguments: mri_concat -all-info  ProgramVersion: 7.3.2  TimeStamp: 2026/03/08-16:33:48-GMT  BuildTime: Aug  4 2022 06:17:15  BuildStamp: freesurfer-linux-ubuntu22_x86_64-7.3.2-20220804-6354275  User: oesteban  Machine: dna020  Platform: Linux  PlatformVersion: 5.14.0-427.37.1.el9_4.x86_64  CompilerName: GCC  CompilerVersion: 8.4.0
ProgramName: mri_concatenate_lta  ProgramArguments: mri_concatenate_lta -all-info  ProgramVersion: 7.3.2  TimeStamp: 2026/03/08-16:33:48-GMT  BuildTime: Aug  4 2022 06:17:15  BuildStamp: freesurfer-linux-ubuntu22_x86_64-7.3.2-20220804-6354275  User: oesteban  Machine: dna020  Platform: Linux  PlatformVersion: 5.14.0-427.37.1.el9_4.x86_64  CompilerName: GCC  CompilerVersion: 8.4.0
mri_convert -all-info 
ProgramName: mri_convert  ProgramArguments: mri_convert -all-info  ProgramVersion: 7.3.2  TimeStamp: 2026/03/08-16:33:48-GMT  BuildTime: Aug  4 2022 06:17:15  BuildStamp: freesurfer-linux-ubuntu22_x86_64-7.3.2-20220804-6354275  User: oesteban  Machine: dna020  Platform: Linux  PlatformVersion: 5.14.0-427.37.1.el9_4.x86_64  CompilerName: GCC  CompilerVersion: 8.4.0
ProgramName: mri_diff  ProgramArguments: mri_diff -all-info  ProgramVersion: 7.3.2  TimeStamp: 2026/03/08-16:33:48-GMT  BuildTime: Aug  4 2022 06:17:15  BuildStamp: freesurfer-linux-ubuntu22_x86_64-7.3.2-20220804-6354275  User: oesteban  Machine: dna020  Platform: Linux  PlatformVersion: 5.14.0-427.37.1.el9_4.x86_64  CompilerName: GCC  CompilerVersion: 8.4.0
ProgramName: mri_edit_wm_with_aseg  ProgramArguments: mri_edit_wm_with_aseg -all-info  ProgramVersion: 7.3.2  TimeStamp: 2026/03/08-16:33:48-GMT  BuildTime: Aug  4 2022 06:17:15  BuildStamp: freesurfer-linux-ubuntu22_x86_64-7.3.2-20220804-6354275  User: oesteban  Machine: dna020  Platform: Linux  PlatformVersion: 5.14.0-427.37.1.el9_4.x86_64  CompilerName: GCC  CompilerVersion: 8.4.0
ProgramName: mri_em_register  ProgramArguments: mri_em_register -all-info  ProgramVersion: 7.3.2  TimeStamp: 2026/03/08-16:33:48-GMT  BuildTime: Aug  4 2022 06:17:15  BuildStamp: freesurfer-linux-ubuntu22_x86_64-7.3.2-20220804-6354275  User: oesteban  Machine: dna020  Platform: Linux  PlatformVersion: 5.14.0-427.37.1.el9_4.x86_64  CompilerName: GCC  CompilerVersion: 8.4.0
ProgramName: mri_fill  ProgramArguments: mri_fill -all-info  ProgramVersion: 7.3.2  TimeStamp: 2026/03/08-16:33:48-GMT  BuildTime: Aug  4 2022 06:17:15  BuildStamp: freesurfer-linux-ubuntu22_x86_64-7.3.2-20220804-6354275  User: oesteban  Machine: dna020  Platform: Linux  PlatformVersion: 5.14.0-427.37.1.el9_4.x86_64  CompilerName: GCC  CompilerVersion: 8.4.0
ProgramName: mri_fuse_segmentations  ProgramArguments: mri_fuse_segmentations -all-info  ProgramVersion: 7.3.2  TimeStamp: 2026/03/08-16:33:48-GMT  BuildTime: Aug  4 2022 06:17:15  BuildStamp: freesurfer-linux-ubuntu22_x86_64-7.3.2-20220804-6354275  User: oesteban  Machine: dna020  Platform: Linux  PlatformVersion: 5.14.0-427.37.1.el9_4.x86_64  CompilerName: GCC  CompilerVersion: 8.4.0
ProgramName: mri_fwhm  ProgramArguments: mri_fwhm -all-info  ProgramVersion: 7.3.2  TimeStamp: 2026/03/08-16:33:48-GMT  BuildTime: Aug  4 2022 06:17:15  BuildStamp: freesurfer-linux-ubuntu22_x86_64-7.3.2-20220804-6354275  User: oesteban  Machine: dna020  Platform: Linux  PlatformVersion: 5.14.0-427.37.1.el9_4.x86_64  CompilerName: GCC  CompilerVersion: 8.4.0
ProgramName: mri_gcut  ProgramArguments: mri_gcut -all-info  ProgramVersion: 7.3.2  TimeStamp: 2026/03/08-16:33:48-GMT  BuildTime: Aug  4 2022 06:17:15  BuildStamp: freesurfer-linux-ubuntu22_x86_64-7.3.2-20220804-6354275  User: oesteban  Machine: dna020  Platform: Linux  PlatformVersion: 5.14.0-427.37.1.el9_4.x86_64  CompilerName: GCC  CompilerVersion: 8.4.0
ProgramName: mri_info  ProgramArguments: mri_info -all-info  ProgramVersion: 7.3.2  TimeStamp: 2026/03/08-16:33:48-GMT  BuildTime: Aug  4 2022 06:17:15  BuildStamp: freesurfer-linux-ubuntu22_x86_64-7.3.2-20220804-6354275  User: oesteban  Machine: dna020  Platform: Linux  PlatformVersion: 5.14.0-427.37.1.el9_4.x86_64  CompilerName: GCC  CompilerVersion: 8.4.0
ProgramName: mri_label2label  ProgramArguments: mri_label2label -all-info  ProgramVersion: 7.3.2  TimeStamp: 2026/03/08-16:33:48-GMT  BuildTime: Aug  4 2022 06:17:15  BuildStamp: freesurfer-linux-ubuntu22_x86_64-7.3.2-20220804-6354275  User: oesteban  Machine: dna020  Platform: Linux  PlatformVersion: 5.14.0-427.37.1.el9_4.x86_64  CompilerName: GCC  CompilerVersion: 8.4.0
ProgramName: mri_label2vol  ProgramArguments: mri_label2vol -all-info  ProgramVersion: 7.3.2  TimeStamp: 2026/03/08-16:33:48-GMT  BuildTime: Aug  4 2022 06:17:15  BuildStamp: freesurfer-linux-ubuntu22_x86_64-7.3.2-20220804-6354275  User: oesteban  Machine: dna020  Platform: Linux  PlatformVersion: 5.14.0-427.37.1.el9_4.x86_64  CompilerName: GCC  CompilerVersion: 8.4.0
ProgramName: mri_log_likelihood  ProgramArguments: mri_log_likelihood -all-info  ProgramVersion: 7.3.2  TimeStamp: 2026/03/08-16:33:48-GMT  BuildTime: Aug  4 2022 06:17:15  BuildStamp: freesurfer-linux-ubuntu22_x86_64-7.3.2-20220804-6354275  User: oesteban  Machine: dna020  Platform: Linux  PlatformVersion: 5.14.0-427.37.1.el9_4.x86_64  CompilerName: GCC  CompilerVersion: 8.4.0
ProgramName: mri_mask  ProgramArguments: mri_mask -all-info  ProgramVersion: 7.3.2  TimeStamp: 2026/03/08-16:33:48-GMT  BuildTime: Aug  4 2022 06:17:15  BuildStamp: freesurfer-linux-ubuntu22_x86_64-7.3.2-20220804-6354275  User: oesteban  Machine: dna020  Platform: Linux  PlatformVersion: 5.14.0-427.37.1.el9_4.x86_64  CompilerName: GCC  CompilerVersion: 8.4.0
ProgramName: mri_matrix_multiply  ProgramArguments: mri_matrix_multiply -all-info  ProgramVersion: 7.3.2  TimeStamp: 2026/03/08-16:33:48-GMT  BuildTime: Aug  4 2022 06:17:15  BuildStamp: freesurfer-linux-ubuntu22_x86_64-7.3.2-20220804-6354275  User: oesteban  Machine: dna020  Platform: Linux  PlatformVersion: 5.14.0-427.37.1.el9_4.x86_64  CompilerName: GCC  CompilerVersion: 8.4.0
ProgramName: mri_normalize  ProgramArguments: mri_normalize -all-info  ProgramVersion: 7.3.2  TimeStamp: 2026/03/08-16:33:48-GMT  BuildTime: Aug  4 2022 06:17:15  BuildStamp: freesurfer-linux-ubuntu22_x86_64-7.3.2-20220804-6354275  User: oesteban  Machine: dna020  Platform: Linux  PlatformVersion: 5.14.0-427.37.1.el9_4.x86_64  CompilerName: GCC  CompilerVersion: 8.4.0
ProgramName: mri_normalize_tp2  ProgramArguments: mri_normalize_tp2 -all-info  ProgramVersion: 7.3.2  TimeStamp: 2026/03/08-16:33:48-GMT  BuildTime: Aug  4 2022 06:17:15  BuildStamp: freesurfer-linux-ubuntu22_x86_64-7.3.2-20220804-6354275  User: oesteban  Machine: dna020  Platform: Linux  PlatformVersion: 5.14.0-427.37.1.el9_4.x86_64  CompilerName: GCC  CompilerVersion: 8.4.0
ProgramName: mri_or  ProgramArguments: mri_or -all-info  ProgramVersion: 7.3.2  TimeStamp: 2026/03/08-16:33:48-GMT  BuildTime: Aug  4 2022 06:17:15  BuildStamp: freesurfer-linux-ubuntu22_x86_64-7.3.2-20220804-6354275  User: oesteban  Machine: dna020  Platform: Linux  PlatformVersion: 5.14.0-427.37.1.el9_4.x86_64  CompilerName: GCC  CompilerVersion: 8.4.0
ProgramName: mri_relabel_hypointensities  ProgramArguments: mri_relabel_hypointensities -all-info  ProgramVersion: 7.3.2  TimeStamp: 2026/03/08-16:33:48-GMT  BuildTime: Aug  4 2022 06:17:15  BuildStamp: freesurfer-linux-ubuntu22_x86_64-7.3.2-20220804-6354275  User: oesteban  Machine: dna020  Platform: Linux  PlatformVersion: 5.14.0-427.37.1.el9_4.x86_64  CompilerName: GCC  CompilerVersion: 8.4.0
ProgramName: mri_relabel_nonwm_hypos  ProgramArguments: mri_relabel_nonwm_hypos -all-info  ProgramVersion: 7.3.2  TimeStamp: 2026/03/08-16:33:48-GMT  BuildTime: Aug  4 2022 06:17:15  BuildStamp: freesurfer-linux-ubuntu22_x86_64-7.3.2-20220804-6354275  User: oesteban  Machine: dna020  Platform: Linux  PlatformVersion: 5.14.0-427.37.1.el9_4.x86_64  CompilerName: GCC  CompilerVersion: 8.4.0
ProgramName: mri_remove_neck  ProgramArguments: mri_remove_neck -all-info  ProgramVersion: 7.3.2  TimeStamp: 2026/03/08-16:33:48-GMT  BuildTime: Aug  4 2022 06:17:15  BuildStamp: freesurfer-linux-ubuntu22_x86_64-7.3.2-20220804-6354275  User: oesteban  Machine: dna020  Platform: Linux  PlatformVersion: 5.14.0-427.37.1.el9_4.x86_64  CompilerName: GCC  CompilerVersion: 8.4.0
7.3.2

ProgramName: mri_robust_register  ProgramArguments: mri_robust_register -all-info  ProgramVersion: 7.3.2  TimeStamp: 2026/03/08-16:33:48-GMT  BuildTime: Aug  4 2022 06:17:15  BuildStamp: freesurfer-linux-ubuntu22_x86_64-7.3.2-20220804-6354275  User: oesteban  Machine: dna020  Platform: Linux  PlatformVersion: 5.14.0-427.37.1.el9_4.x86_64  CompilerName: GCC  CompilerVersion: 8.4.0
7.3.2

ProgramName: mri_robust_template  ProgramArguments: mri_robust_template -all-info  ProgramVersion: 7.3.2  TimeStamp: 2026/03/08-16:33:48-GMT  BuildTime: Aug  4 2022 06:17:15  BuildStamp: freesurfer-linux-ubuntu22_x86_64-7.3.2-20220804-6354275  User: oesteban  Machine: dna020  Platform: Linux  PlatformVersion: 5.14.0-427.37.1.el9_4.x86_64  CompilerName: GCC  CompilerVersion: 8.4.0
ProgramName: mris_anatomical_stats  ProgramArguments: mris_anatomical_stats -all-info  ProgramVersion: 7.3.2  TimeStamp: 2026/03/08-16:33:48-GMT  BuildTime: Aug  4 2022 06:17:15  BuildStamp: freesurfer-linux-ubuntu22_x86_64-7.3.2-20220804-6354275  User: oesteban  Machine: dna020  Platform: Linux  PlatformVersion: 5.14.0-427.37.1.el9_4.x86_64  CompilerName: GCC  CompilerVersion: 8.4.0
ProgramName: mris_ca_label  ProgramArguments: mris_ca_label -all-info  ProgramVersion: 7.3.2  TimeStamp: 2026/03/08-16:33:48-GMT  BuildTime: Aug  4 2022 06:17:15  BuildStamp: freesurfer-linux-ubuntu22_x86_64-7.3.2-20220804-6354275  User: oesteban  Machine: dna020  Platform: Linux  PlatformVersion: 5.14.0-427.37.1.el9_4.x86_64  CompilerName: GCC  CompilerVersion: 8.4.0
ProgramName: mris_calc  ProgramArguments: mris_calc -all-info  ProgramVersion: 7.3.2  TimeStamp: 2026/03/08-16:33:48-GMT  BuildTime: Aug  4 2022 06:17:15  BuildStamp: freesurfer-linux-ubuntu22_x86_64-7.3.2-20220804-6354275  User: oesteban  Machine: dna020  Platform: Linux  PlatformVersion: 5.14.0-427.37.1.el9_4.x86_64  CompilerName: GCC  CompilerVersion: 8.4.0
ProgramName: mris_convert  ProgramArguments: mris_convert -all-info  ProgramVersion: 7.3.2  TimeStamp: 2026/03/08-16:33:48-GMT  BuildTime: Aug  4 2022 06:17:15  BuildStamp: freesurfer-linux-ubuntu22_x86_64-7.3.2-20220804-6354275  User: oesteban  Machine: dna020  Platform: Linux  PlatformVersion: 5.14.0-427.37.1.el9_4.x86_64  CompilerName: GCC  CompilerVersion: 8.4.0
ProgramName: mris_curvature  ProgramArguments: mris_curvature -all-info  ProgramVersion: 7.3.2  TimeStamp: 2026/03/08-16:33:48-GMT  BuildTime: Aug  4 2022 06:17:15  BuildStamp: freesurfer-linux-ubuntu22_x86_64-7.3.2-20220804-6354275  User: oesteban  Machine: dna020  Platform: Linux  PlatformVersion: 5.14.0-427.37.1.el9_4.x86_64  CompilerName: GCC  CompilerVersion: 8.4.0
ProgramName: mris_curvature_stats  ProgramArguments: mris_curvature_stats -all-info  ProgramVersion: 7.3.2  TimeStamp: 2026/03/08-16:33:48-GMT  BuildTime: Aug  4 2022 06:17:15  BuildStamp: freesurfer-linux-ubuntu22_x86_64-7.3.2-20220804-6354275  User: oesteban  Machine: dna020  Platform: Linux  PlatformVersion: 5.14.0-427.37.1.el9_4.x86_64  CompilerName: GCC  CompilerVersion: 8.4.0
ProgramName: mris_diff  ProgramArguments: mris_diff -all-info  ProgramVersion: 7.3.2  TimeStamp: 2026/03/08-16:33:48-GMT  BuildTime: Aug  4 2022 06:17:15  BuildStamp: freesurfer-linux-ubuntu22_x86_64-7.3.2-20220804-6354275  User: oesteban  Machine: dna020  Platform: Linux  PlatformVersion: 5.14.0-427.37.1.el9_4.x86_64  CompilerName: GCC  CompilerVersion: 8.4.0
ProgramName: mris_divide_parcellation  ProgramArguments: mris_divide_parcellation -all-info  ProgramVersion: 7.3.2  TimeStamp: 2026/03/08-16:33:48-GMT  BuildTime: Aug  4 2022 06:17:15  BuildStamp: freesurfer-linux-ubuntu22_x86_64-7.3.2-20220804-6354275  User: oesteban  Machine: dna020  Platform: Linux  PlatformVersion: 5.14.0-427.37.1.el9_4.x86_64  CompilerName: GCC  CompilerVersion: 8.4.0
ProgramName: mri_segment  ProgramArguments: mri_segment -all-info  ProgramVersion: 7.3.2  TimeStamp: 2026/03/08-16:33:48-GMT  BuildTime: Aug  4 2022 06:17:15  BuildStamp: freesurfer-linux-ubuntu22_x86_64-7.3.2-20220804-6354275  User: oesteban  Machine: dna020  Platform: Linux  PlatformVersion: 5.14.0-427.37.1.el9_4.x86_64  CompilerName: GCC  CompilerVersion: 8.4.0
ProgramName: mri_segstats  ProgramArguments: mri_segstats -all-info  ProgramVersion: 7.3.2  TimeStamp: 2026/03/08-16:33:48-GMT  BuildTime: Aug  4 2022 06:17:15  BuildStamp: freesurfer-linux-ubuntu22_x86_64-7.3.2-20220804-6354275  User: oesteban  Machine: dna020  Platform: Linux  PlatformVersion: 5.14.0-427.37.1.el9_4.x86_64  CompilerName: GCC  CompilerVersion: 8.4.0
ProgramName: mris_euler_number  ProgramArguments: mris_euler_number -all-info  ProgramVersion: 7.3.2  TimeStamp: 2026/03/08-16:33:48-GMT  BuildTime: Aug  4 2022 06:17:15  BuildStamp: freesurfer-linux-ubuntu22_x86_64-7.3.2-20220804-6354275  User: oesteban  Machine: dna020  Platform: Linux  PlatformVersion: 5.14.0-427.37.1.el9_4.x86_64  CompilerName: GCC  CompilerVersion: 8.4.0
ProgramName: mris_fix_topology  ProgramArguments: mris_fix_topology -all-info  ProgramVersion: 7.3.2  TimeStamp: 2026/03/08-16:33:48-GMT  BuildTime: Aug  4 2022 06:17:15  BuildStamp: freesurfer-linux-ubuntu22_x86_64-7.3.2-20220804-6354275  User: oesteban  Machine: dna020  Platform: Linux  PlatformVersion: 5.14.0-427.37.1.el9_4.x86_64  CompilerName: GCC  CompilerVersion: 8.4.0
ProgramName: mris_topo_fixer  ProgramArguments: mris_topo_fixer -all-info  ProgramVersion: 7.3.2  TimeStamp: 2026/03/08-16:33:48-GMT  BuildTime: Aug  4 2022 06:17:15  BuildStamp: freesurfer-linux-ubuntu22_x86_64-7.3.2-20220804-6354275  User: oesteban  Machine: dna020  Platform: Linux  PlatformVersion: 5.14.0-427.37.1.el9_4.x86_64  CompilerName: GCC  CompilerVersion: 8.4.0
ProgramName: mris_jacobian  ProgramArguments: mris_jacobian -all-info  ProgramVersion: 7.3.2  TimeStamp: 2026/03/08-16:33:48-GMT  BuildTime: Aug  4 2022 06:17:15  BuildStamp: freesurfer-linux-ubuntu22_x86_64-7.3.2-20220804-6354275  User: oesteban  Machine: dna020  Platform: Linux  PlatformVersion: 5.14.0-427.37.1.el9_4.x86_64  CompilerName: GCC  CompilerVersion: 8.4.0
ProgramName: mris_label2annot  ProgramArguments: mris_label2annot -all-info  ProgramVersion: 7.3.2  TimeStamp: 2026/03/08-16:33:48-GMT  BuildTime: Aug  4 2022 06:17:15  BuildStamp: freesurfer-linux-ubuntu22_x86_64-7.3.2-20220804-6354275  User: oesteban  Machine: dna020  Platform: Linux  PlatformVersion: 5.14.0-427.37.1.el9_4.x86_64  CompilerName: GCC  CompilerVersion: 8.4.0
ProgramName: mris_left_right_register  ProgramArguments: mris_left_right_register -all-info  ProgramVersion: 7.3.2  TimeStamp: 2026/03/08-16:33:48-GMT  BuildTime: Aug  4 2022 06:17:15  BuildStamp: freesurfer-linux-ubuntu22_x86_64-7.3.2-20220804-6354275  User: oesteban  Machine: dna020  Platform: Linux  PlatformVersion: 5.14.0-427.37.1.el9_4.x86_64  CompilerName: GCC  CompilerVersion: 8.4.0
ProgramName: mris_place_surface  ProgramArguments: mris_place_surface -all-info  ProgramVersion: 7.3.2  TimeStamp: 2026/03/08-16:33:48-GMT  BuildTime: Aug  4 2022 06:17:15  BuildStamp: freesurfer-linux-ubuntu22_x86_64-7.3.2-20220804-6354275  User: oesteban  Machine: dna020  Platform: Linux  PlatformVersion: 5.14.0-427.37.1.el9_4.x86_64  CompilerName: GCC  CompilerVersion: 8.4.0
ProgramName: mrisp_paint  ProgramArguments: mrisp_paint -all-info  ProgramVersion: 7.3.2  TimeStamp: 2026/03/08-16:33:48-GMT  BuildTime: Aug  4 2022 06:17:15  BuildStamp: freesurfer-linux-ubuntu22_x86_64-7.3.2-20220804-6354275  User: oesteban  Machine: dna020  Platform: Linux  PlatformVersion: 5.14.0-427.37.1.el9_4.x86_64  CompilerName: GCC  CompilerVersion: 8.4.0
ProgramName: mris_register  ProgramArguments: mris_register -all-info  ProgramVersion: 7.3.2  TimeStamp: 2026/03/08-16:33:48-GMT  BuildTime: Aug  4 2022 06:17:15  BuildStamp: freesurfer-linux-ubuntu22_x86_64-7.3.2-20220804-6354275  User: oesteban  Machine: dna020  Platform: Linux  PlatformVersion: 5.14.0-427.37.1.el9_4.x86_64  CompilerName: GCC  CompilerVersion: 8.4.0
ProgramName: mris_smooth  ProgramArguments: mris_smooth -all-info  ProgramVersion: 7.3.2  TimeStamp: 2026/03/08-16:33:48-GMT  BuildTime: Aug  4 2022 06:17:15  BuildStamp: freesurfer-linux-ubuntu22_x86_64-7.3.2-20220804-6354275  User: oesteban  Machine: dna020  Platform: Linux  PlatformVersion: 5.14.0-427.37.1.el9_4.x86_64  CompilerName: GCC  CompilerVersion: 8.4.0
ProgramName: mris_sphere  ProgramArguments: mris_sphere -all-info  ProgramVersion: 7.3.2  TimeStamp: 2026/03/08-16:33:48-GMT  BuildTime: Aug  4 2022 06:17:15  BuildStamp: freesurfer-linux-ubuntu22_x86_64-7.3.2-20220804-6354275  User: oesteban  Machine: dna020  Platform: Linux  PlatformVersion: 5.14.0-427.37.1.el9_4.x86_64  CompilerName: GCC  CompilerVersion: 8.4.0
ProgramName: mris_surface_stats  ProgramArguments: mris_surface_stats -all-info  ProgramVersion: 7.3.2  TimeStamp: 2026/03/08-16:33:48-GMT  BuildTime: Aug  4 2022 06:17:15  BuildStamp: freesurfer-linux-ubuntu22_x86_64-7.3.2-20220804-6354275  User: oesteban  Machine: dna020  Platform: Linux  PlatformVersion: 5.14.0-427.37.1.el9_4.x86_64  CompilerName: GCC  CompilerVersion: 8.4.0
ProgramName: mri_stats2seg  ProgramArguments: mri_stats2seg -all-info  ProgramVersion: 7.3.2  TimeStamp: 2026/03/08-16:33:48-GMT  BuildTime: Aug  4 2022 06:17:15  BuildStamp: freesurfer-linux-ubuntu22_x86_64-7.3.2-20220804-6354275  User: oesteban  Machine: dna020  Platform: Linux  PlatformVersion: 5.14.0-427.37.1.el9_4.x86_64  CompilerName: GCC  CompilerVersion: 8.4.0
ProgramName: mris_thickness  ProgramArguments: mris_thickness -all-info  ProgramVersion: 7.3.2  TimeStamp: 2026/03/08-16:33:48-GMT  BuildTime: Aug  4 2022 06:17:15  BuildStamp: freesurfer-linux-ubuntu22_x86_64-7.3.2-20220804-6354275  User: oesteban  Machine: dna020  Platform: Linux  PlatformVersion: 5.14.0-427.37.1.el9_4.x86_64  CompilerName: GCC  CompilerVersion: 8.4.0
ProgramName: mris_thickness_diff  ProgramArguments: mris_thickness_diff -all-info  ProgramVersion: 7.3.2  TimeStamp: 2026/03/08-16:33:48-GMT  BuildTime: Aug  4 2022 06:17:15  BuildStamp: freesurfer-linux-ubuntu22_x86_64-7.3.2-20220804-6354275  User: oesteban  Machine: dna020  Platform: Linux  PlatformVersion: 5.14.0-427.37.1.el9_4.x86_64  CompilerName: GCC  CompilerVersion: 8.4.0
ProgramName: mris_topo_fixer  ProgramArguments: mris_topo_fixer -all-info  ProgramVersion: 7.3.2  TimeStamp: 2026/03/08-16:33:48-GMT  BuildTime: Aug  4 2022 06:17:15  BuildStamp: freesurfer-linux-ubuntu22_x86_64-7.3.2-20220804-6354275  User: oesteban  Machine: dna020  Platform: Linux  PlatformVersion: 5.14.0-427.37.1.el9_4.x86_64  CompilerName: GCC  CompilerVersion: 8.4.0
ProgramName: mri_surf2surf  ProgramArguments: mri_surf2surf -all-info  ProgramVersion: 7.3.2  TimeStamp: 2026/03/08-16:33:48-GMT  BuildTime: Aug  4 2022 06:17:15  BuildStamp: freesurfer-linux-ubuntu22_x86_64-7.3.2-20220804-6354275  User: oesteban  Machine: dna020  Platform: Linux  PlatformVersion: 5.14.0-427.37.1.el9_4.x86_64  CompilerName: GCC  CompilerVersion: 8.4.0
ProgramName: mri_surf2vol  ProgramArguments: mri_surf2vol -all-info  ProgramVersion: 7.3.2  TimeStamp: 2026/03/08-16:33:48-GMT  BuildTime: Aug  4 2022 06:17:15  BuildStamp: freesurfer-linux-ubuntu22_x86_64-7.3.2-20220804-6354275  User: oesteban  Machine: dna020  Platform: Linux  PlatformVersion: 5.14.0-427.37.1.el9_4.x86_64  CompilerName: GCC  CompilerVersion: 8.4.0
ProgramName: mri_surfcluster  ProgramArguments: mri_surfcluster -all-info  ProgramVersion: 7.3.2  TimeStamp: 2026/03/08-16:33:48-GMT  BuildTime: Aug  4 2022 06:17:15  BuildStamp: freesurfer-linux-ubuntu22_x86_64-7.3.2-20220804-6354275  User: oesteban  Machine: dna020  Platform: Linux  PlatformVersion: 5.14.0-427.37.1.el9_4.x86_64  CompilerName: GCC  CompilerVersion: 8.4.0
ProgramName: mris_volmask  ProgramArguments: mris_volmask -all-info  ProgramVersion: 7.3.2  TimeStamp: 2026/03/08-16:33:48-GMT  BuildTime: Aug  4 2022 06:17:15  BuildStamp: freesurfer-linux-ubuntu22_x86_64-7.3.2-20220804-6354275  User: oesteban  Machine: dna020  Platform: Linux  PlatformVersion: 5.14.0-427.37.1.el9_4.x86_64  CompilerName: GCC  CompilerVersion: 8.4.0
ProgramName: mri_tessellate  ProgramArguments: mri_tessellate -all-info  ProgramVersion: 7.3.2  TimeStamp: 2026/03/08-16:33:48-GMT  BuildTime: Aug  4 2022 06:17:15  BuildStamp: freesurfer-linux-ubuntu22_x86_64-7.3.2-20220804-6354275  User: oesteban  Machine: dna020  Platform: Linux  PlatformVersion: 5.14.0-427.37.1.el9_4.x86_64  CompilerName: GCC  CompilerVersion: 8.4.0
ProgramName: mri_vol2surf  ProgramArguments: mri_vol2surf -all-info  ProgramVersion: 7.3.2  TimeStamp: 2026/03/08-16:33:48-GMT  BuildTime: Aug  4 2022 06:17:15  BuildStamp: freesurfer-linux-ubuntu22_x86_64-7.3.2-20220804-6354275  User: oesteban  Machine: dna020  Platform: Linux  PlatformVersion: 5.14.0-427.37.1.el9_4.x86_64  CompilerName: GCC  CompilerVersion: 8.4.0
ProgramName: mri_vol2vol  ProgramArguments: mri_vol2vol -all-info  ProgramVersion: 7.3.2  TimeStamp: 2026/03/08-16:33:48-GMT  BuildTime: Aug  4 2022 06:17:15  BuildStamp: freesurfer-linux-ubuntu22_x86_64-7.3.2-20220804-6354275  User: oesteban  Machine: dna020  Platform: Linux  PlatformVersion: 5.14.0-427.37.1.el9_4.x86_64  CompilerName: GCC  CompilerVersion: 8.4.0
ProgramName: mri_voldiff  ProgramArguments: mri_voldiff -all-info  ProgramVersion: 7.3.2  TimeStamp: 2026/03/08-16:33:48-GMT  BuildTime: Aug  4 2022 06:17:15  BuildStamp: freesurfer-linux-ubuntu22_x86_64-7.3.2-20220804-6354275  User: oesteban  Machine: dna020  Platform: Linux  PlatformVersion: 5.14.0-427.37.1.el9_4.x86_64  CompilerName: GCC  CompilerVersion: 8.4.0
ProgramName: mri_watershed  ProgramArguments: mri_watershed -all-info  ProgramVersion: 7.3.2  TimeStamp: 2026/03/08-16:33:48-GMT  BuildTime: Aug  4 2022 06:17:15  BuildStamp: freesurfer-linux-ubuntu22_x86_64-7.3.2-20220804-6354275  User: oesteban  Machine: dna020  Platform: Linux  PlatformVersion: 5.14.0-427.37.1.el9_4.x86_64  CompilerName: GCC  CompilerVersion: 8.4.0
ProgramName: tkregister2  ProgramArguments: tkregister2_cmdl -all-info  ProgramVersion: 7.3.2  TimeStamp: 2026/03/08-16:33:48-GMT  BuildTime: Aug  4 2022 06:17:15  BuildStamp: freesurfer-linux-ubuntu22_x86_64-7.3.2-20220804-6354275  User: oesteban  Machine: dna020  Platform: Linux  PlatformVersion: 5.14.0-427.37.1.el9_4.x86_64  CompilerName: GCC  CompilerVersion: 8.4.0
mri_motion_correct.fsl 7.3.2
mri_convert -all-info 
ProgramName: mri_convert  ProgramArguments: mri_convert -all-info  ProgramVersion: 7.3.2  TimeStamp: 2026/03/08-16:33:48-GMT  BuildTime: Aug  4 2022 06:17:15  BuildStamp: freesurfer-linux-ubuntu22_x86_64-7.3.2-20220804-6354275  User: oesteban  Machine: dna020  Platform: Linux  PlatformVersion: 5.14.0-427.37.1.el9_4.x86_64  CompilerName: GCC  CompilerVersion: 8.4.0
Program nu_correct, built from:
Package MNI N3, version 1.12.0, compiled by nicks@terrier (x86_64-unknown-linux-gnu) on 2015-06-19 at 01:25:34
#######################################
GCADIR /opt/freesurfer/average
GCA RB_all_2020-01-02.gca
GCASkull RB_all_withskull_2020_01_02.gca
AvgCurvTif folding.atlas.acfb40.noaparc.i12.2016-08-02.tif
GCSDIR /opt/freesurfer/average
GCS DKaparc.atlas.acfb40.noaparc.i12.2016-08-02.gcs
#######################################
#-------------------------------------
#@# EM Registration Sun Mar  8 17:33:49 CET 2026
/out/sourcedata/freesurfer/sub-v1s14x0051560_ses-1/mri

 mri_em_register -uns 3 -mask brainmask.mgz nu.mgz /opt/freesurfer/average/RB_all_2020-01-02.gca transforms/talairach.lta 

setting unknown_nbr_spacing = 3
using MR volume brainmask.mgz to mask input volume...

== Number of threads available to mri_em_register for OpenMP = 16 == 
reading 1 input volumes...
logging results to talairach.log
reading '/opt/freesurfer/average/RB_all_2020-01-02.gca'...
GCAread took 0 minutes and 1 seconds.
average std = 7.2   using min determinant for regularization = 5.2
0 singular and 884 ill-conditioned covariance matrices regularized
reading 'nu.mgz'...
MRImask(): AllowDiffGeom = 1
MRImask(): AllowDiffGeom = 1
MRImask(): AllowDiffGeom = 1
MRImask(): AllowDiffGeom = 1
MRImask(): AllowDiffGeom = 1
freeing gibbs priors...done.
accounting for voxel sizes in initial transform
bounding unknown intensity as < 5.9 or > 519.0 
total sample mean = 79.1 (1017 zeros)
************************************************
spacing=8, using 2841 sample points, tol=1.00e-05...
************************************************
register_mri: find_optimal_transform
find_optimal_transform: nsamples 2841, passno 0, spacing 8
resetting wm mean[0]: 98 --> 107
resetting gm mean[0]: 61 --> 61
input volume #1 is the most T1-like
using real data threshold=24.0
skull bounding box = (59, 83, 38) --> (192, 203, 206)
finding center of left hemi white matter
using (103, 123, 122) as brain centroid of Right_Cerebral_White_Matter...
MRImask(): AllowDiffGeom = 1
mean wm in atlas = 107, using box (87,108,101) --> (119, 137,142) to find MRI wm
before smoothing, mri peak at 106
robust fit to distribution - 105 +- 3.8
after smoothing, mri peak at 105, scaling input intensities by 1.019
scaling channel 0 by 1.01905
initial log_p = -4.544
************************************************
First Search limited to translation only.
************************************************
max log p =    -3.964094 @ (-10.526, -31.579, -10.526)
max log p =    -3.684407 @ (5.263, 5.263, -5.263)
max log p =    -3.619716 @ (2.632, -2.632, 2.632)
max log p =    -3.619716 @ (0.000, 0.000, 0.000)
max log p =    -3.610646 @ (-0.658, -0.658, -1.974)
max log p =    -3.606740 @ (-0.987, 1.645, 1.645)
max log p =    -3.606740 @ (0.000, 0.000, 0.000)
max log p =    -3.606740 @ (0.000, 0.000, 0.000)
Found translation: (-4.3, -28.0, -13.5): log p = -3.607
****************************************
Nine parameter search.  iteration 0 nscales = 0 ...
****************************************
Result so far: scale 1.000: max_log_p=-3.475, old_max_log_p =-3.607 (thresh=-3.6)
 1.07500   0.00000   0.00000  -14.10721;
 0.00000   1.13509   0.16902  -67.95068;
 0.00000  -0.11161   0.99651   3.36318;
 0.00000   0.00000   0.00000   1.00000;
iteration took 0 minutes and 9 seconds.
****************************************
Nine parameter search.  iteration 1 nscales = 0 ...
****************************************
Result so far: scale 1.000: max_log_p=-3.475, old_max_log_p =-3.475 (thresh=-3.5)
 1.07500   0.00000   0.00000  -14.10721;
 0.00000   1.13509   0.16902  -67.95068;
 0.00000  -0.11161   0.99651   3.36318;
 0.00000   0.00000   0.00000   1.00000;
reducing scale to 0.2500
iteration took 0 minutes and 9 seconds.
****************************************
Nine parameter search.  iteration 2 nscales = 1 ...
****************************************
Result so far: scale 0.250: max_log_p=-3.267, old_max_log_p =-3.475 (thresh=-3.5)
 1.05386   0.00376  -0.02860  -6.41962;
-0.00468   1.10909   0.20008  -67.07272;
 0.03423  -0.15102   0.98948   9.13911;
 0.00000   0.00000   0.00000   1.00000;
iteration took 0 minutes and 9 seconds.
****************************************
Nine parameter search.  iteration 3 nscales = 1 ...
****************************************
Result so far: scale 0.250: max_log_p=-3.267, old_max_log_p =-3.267 (thresh=-3.3)
 1.05386   0.00376  -0.02860  -6.41962;
-0.00468   1.10909   0.20008  -67.07272;
 0.03423  -0.15102   0.98948   9.13911;
 0.00000   0.00000   0.00000   1.00000;
reducing scale to 0.0625
iteration took 0 minutes and 9 seconds.
****************************************
Nine parameter search.  iteration 4 nscales = 2 ...
****************************************
Result so far: scale 0.062: max_log_p=-3.250, old_max_log_p =-3.267 (thresh=-3.3)
 1.05262   0.00375  -0.02857  -6.26350;
-0.00413   1.10906   0.21675  -69.06354;
 0.03434  -0.16935   0.98722   11.62349;
 0.00000   0.00000   0.00000   1.00000;
iteration took 0 minutes and 9 seconds.
****************************************
Nine parameter search.  iteration 5 nscales = 2 ...
****************************************
Result so far: scale 0.062: max_log_p=-3.249, old_max_log_p =-3.250 (thresh=-3.2)
 1.05262   0.00375  -0.02857  -6.26350;
-0.00412   1.10646   0.21624  -68.62208;
 0.03426  -0.16895   0.98491   11.84333;
 0.00000   0.00000   0.00000   1.00000;
min search scale 0.025000 reached
***********************************************
Computing MAP estimate using 2841 samples...
***********************************************
dt = 5.00e-06, momentum=0.80, tol=1.00e-05
l_intensity = 1.0000
Aligning input volume to GCA...
Transform matrix
 1.05262   0.00375  -0.02857  -6.26350;
-0.00412   1.10646   0.21624  -68.62208;
 0.03426  -0.16895   0.98491   11.84333;
 0.00000   0.00000   0.00000   1.00000;
nsamples 2841
Quasinewton: input matrix
 1.05262   0.00375  -0.02857  -6.26350;
-0.00412   1.10646   0.21624  -68.62208;
 0.03426  -0.16895   0.98491   11.84333;
 0.00000   0.00000   0.00000   1.00000;
 IFLAG= -1  LINE SEARCH FAILED. SEE DOCUMENTATION OF ROUTINE MCSRCH ERROR RETURN OF LINE SEARCH: INFO= 3 POSSIBLE CAUSES: FUNCTION OR GRADIENT ARE INCORRECT OR INCORRECT TOLERANCESoutof QuasiNewtonEMA: 008: -log(p) =   -0.0  tol 0.000010
Resulting transform:
 1.05262   0.00375  -0.02857  -6.26350;
-0.00412   1.10646   0.21624  -68.62208;
 0.03426  -0.16895   0.98491   11.84333;
 0.00000   0.00000   0.00000   1.00000;

pass 1, spacing 8: log(p) = -3.249 (old=-4.544)
transform before final EM align:
 1.05262   0.00375  -0.02857  -6.26350;
-0.00412   1.10646   0.21624  -68.62208;
 0.03426  -0.16895   0.98491   11.84333;
 0.00000   0.00000   0.00000   1.00000;

**************************************************
 EM alignment process ...
 Computing final MAP estimate using 315638 samples. 
**************************************************
dt = 5.00e-06, momentum=0.80, tol=1.00e-07
l_intensity = 1.0000
Aligning input volume to GCA...
Transform matrix
 1.05262   0.00375  -0.02857  -6.26350;
-0.00412   1.10646   0.21624  -68.62208;
 0.03426  -0.16895   0.98491   11.84333;
 0.00000   0.00000   0.00000   1.00000;
nsamples 315638
Quasinewton: input matrix
 1.05262   0.00375  -0.02857  -6.26350;
-0.00412   1.10646   0.21624  -68.62208;
 0.03426  -0.16895   0.98491   11.84333;
 0.00000   0.00000   0.00000   1.00000;
 IFLAG= -1  LINE SEARCH FAILED. SEE DOCUMENTATION OF ROUTINE MCSRCH ERROR RETURN OF LINE SEARCH: INFO= 3 POSSIBLE CAUSES: FUNCTION OR GRADIENT ARE INCORRECT OR INCORRECT TOLERANCESoutof QuasiNewtonEMA: 010: -log(p) =    3.9  tol 0.000000
final transform:
 1.05262   0.00375  -0.02857  -6.26350;
-0.00412   1.10646   0.21624  -68.62208;
 0.03426  -0.16895   0.98491   11.84333;
 0.00000   0.00000   0.00000   1.00000;

writing output transformation to transforms/talairach.lta...
#VMPC# mri_em_register VmPeak  891280
FSRUNTIME@ mri_em_register  0.0267 hours 16 threads
registration took 1 minutes and 36 seconds.

Started at Sun Mar 8 17:33:48 CET 2026 
Ended   at Sun Mar 8 17:35:25 CET 2026
#@#%# recon-all-run-time-hours 0.027
recon-all -s sub-v1s14x0051560_ses-1 finished without error at Sun Mar  8 17:35:25 CET 2026



#New# invocation of recon-all 




Sun Mar  8 17:35:27 CET 2026
cd /out/sourcedata/freesurfer/sub-v1s14x0051560_ses-1
setenv SUBJECTS_DIR /out/sourcedata/freesurfer
/opt/freesurfer/bin/recon-all -autorecon2-volonly -openmp 16 -subjid sub-v1s14x0051560_ses-1 -sd /out/sourcedata/freesurfer -nogcareg

subjid sub-v1s14x0051560_ses-1
setenv SUBJECTS_DIR /out/sourcedata/freesurfer
FREESURFER_HOME /opt/freesurfer
Actual FREESURFER_HOME /opt/freesurfer
build-stamp.txt: freesurfer-linux-ubuntu22_x86_64-7.3.2-20220804-6354275
Linux dna020 5.14.0-427.37.1.el9_4.x86_64 #1 SMP PREEMPT_DYNAMIC Fri Sep 13 12:41:50 EDT 2024 x86_64 x86_64 x86_64 GNU/Linux
cputime      unlimited
filesize     unlimited
datasize     unlimited
stacksize    8192 kbytes
coredumpsize 0 kbytes
memoryuse    67108864 kbytes
vmemoryuse   unlimited
descriptors  1024 
memorylocked unlimited
maxproc      2061970 
maxlocks     unlimited
maxsignal    2061970 
maxmessage   819200 
maxnice      0 
maxrtprio    0 
maxrttime    unlimited

               total        used        free      shared  buff/cache   available
Mem:           503Gi        51Gi       200Gi        34Gi       251Gi       414Gi
Swap:             0B          0B          0B

########################################
program versions used
7.3.2 (freesurfer-linux-ubuntu22_x86_64-7.3.2-20220804-6354275)
7.3.2

ProgramName: lta_convert  ProgramArguments: lta_convert -all-info  ProgramVersion: 7.3.2  TimeStamp: 2026/03/08-16:35:27-GMT  BuildTime: Aug  4 2022 06:17:15  BuildStamp: freesurfer-linux-ubuntu22_x86_64-7.3.2-20220804-6354275  User: oesteban  Machine: dna020  Platform: Linux  PlatformVersion: 5.14.0-427.37.1.el9_4.x86_64  CompilerName: GCC  CompilerVersion: 8.4.0
ProgramName: mri_and  ProgramArguments: mri_and -all-info  ProgramVersion: 7.3.2  TimeStamp: 2026/03/08-16:35:27-GMT  BuildTime: Aug  4 2022 06:17:15  BuildStamp: freesurfer-linux-ubuntu22_x86_64-7.3.2-20220804-6354275  User: oesteban  Machine: dna020  Platform: Linux  PlatformVersion: 5.14.0-427.37.1.el9_4.x86_64  CompilerName: GCC  CompilerVersion: 8.4.0
ProgramName: mri_annotation2label  ProgramArguments: mri_annotation2label -all-info  ProgramVersion: 7.3.2  TimeStamp: 2026/03/08-16:35:27-GMT  BuildTime: Aug  4 2022 06:17:15  BuildStamp: freesurfer-linux-ubuntu22_x86_64-7.3.2-20220804-6354275  User: oesteban  Machine: dna020  Platform: Linux  PlatformVersion: 5.14.0-427.37.1.el9_4.x86_64  CompilerName: GCC  CompilerVersion: 8.4.0
ProgramName: mri_aparc2aseg  ProgramArguments: mri_aparc2aseg -all-info  ProgramVersion: 7.3.2  TimeStamp: 2026/03/08-16:35:27-GMT  BuildTime: Aug  4 2022 06:17:15  BuildStamp: freesurfer-linux-ubuntu22_x86_64-7.3.2-20220804-6354275  User: oesteban  Machine: dna020  Platform: Linux  PlatformVersion: 5.14.0-427.37.1.el9_4.x86_64  CompilerName: GCC  CompilerVersion: 8.4.0
ProgramName: mri_surf2volseg  ProgramArguments: mri_surf2volseg -all-info  ProgramVersion: 7.3.2  TimeStamp: 2026/03/08-16:35:27-GMT  BuildTime: Aug  4 2022 06:17:15  BuildStamp: freesurfer-linux-ubuntu22_x86_64-7.3.2-20220804-6354275  User: oesteban  Machine: dna020  Platform: Linux  PlatformVersion: 5.14.0-427.37.1.el9_4.x86_64  CompilerName: GCC  CompilerVersion: 8.4.0
ProgramName: mri_binarize  ProgramArguments: mri_binarize -all-info  ProgramVersion: 7.3.2  TimeStamp: 2026/03/08-16:35:27-GMT  BuildTime: Aug  4 2022 06:17:15  BuildStamp: freesurfer-linux-ubuntu22_x86_64-7.3.2-20220804-6354275  User: oesteban  Machine: dna020  Platform: Linux  PlatformVersion: 5.14.0-427.37.1.el9_4.x86_64  CompilerName: GCC  CompilerVersion: 8.4.0
ProgramName: mri_ca_label  ProgramArguments: mri_ca_label -all-info  ProgramVersion: 7.3.2  TimeStamp: 2026/03/08-16:35:27-GMT  BuildTime: Aug  4 2022 06:17:15  BuildStamp: freesurfer-linux-ubuntu22_x86_64-7.3.2-20220804-6354275  User: oesteban  Machine: dna020  Platform: Linux  PlatformVersion: 5.14.0-427.37.1.el9_4.x86_64  CompilerName: GCC  CompilerVersion: 8.4.0
ProgramName: mri_ca_normalize  ProgramArguments: mri_ca_normalize -all-info  ProgramVersion: 7.3.2  TimeStamp: 2026/03/08-16:35:27-GMT  BuildTime: Aug  4 2022 06:17:15  BuildStamp: freesurfer-linux-ubuntu22_x86_64-7.3.2-20220804-6354275  User: oesteban  Machine: dna020  Platform: Linux  PlatformVersion: 5.14.0-427.37.1.el9_4.x86_64  CompilerName: GCC  CompilerVersion: 8.4.0
ProgramName: mri_ca_register  ProgramArguments: mri_ca_register -all-info  ProgramVersion: 7.3.2  TimeStamp: 2026/03/08-16:35:27-GMT  BuildTime: Aug  4 2022 06:17:15  BuildStamp: freesurfer-linux-ubuntu22_x86_64-7.3.2-20220804-6354275  User: oesteban  Machine: dna020  Platform: Linux  PlatformVersion: 5.14.0-427.37.1.el9_4.x86_64  CompilerName: GCC  CompilerVersion: 8.4.0
ProgramName: mri_cc  ProgramArguments: mri_cc -all-info  ProgramVersion: 7.3.2  TimeStamp: 2026/03/08-16:35:27-GMT  BuildTime: Aug  4 2022 06:17:15  BuildStamp: freesurfer-linux-ubuntu22_x86_64-7.3.2-20220804-6354275  User: oesteban  Machine: dna020  Platform: Linux  PlatformVersion: 5.14.0-427.37.1.el9_4.x86_64  CompilerName: GCC  CompilerVersion: 8.4.0
ProgramName: mri_compute_overlap  ProgramArguments: mri_compute_overlap -all-info  ProgramVersion: 7.3.2  TimeStamp: 2026/03/08-16:35:27-GMT  BuildTime: Aug  4 2022 06:17:15  BuildStamp: freesurfer-linux-ubuntu22_x86_64-7.3.2-20220804-6354275  User: oesteban  Machine: dna020  Platform: Linux  PlatformVersion: 5.14.0-427.37.1.el9_4.x86_64  CompilerName: GCC  CompilerVersion: 8.4.0
ProgramName: mri_compute_seg_overlap  ProgramArguments: mri_compute_seg_overlap -all-info  ProgramVersion: 7.3.2  TimeStamp: 2026/03/08-16:35:27-GMT  BuildTime: Aug  4 2022 06:17:15  BuildStamp: freesurfer-linux-ubuntu22_x86_64-7.3.2-20220804-6354275  User: oesteban  Machine: dna020  Platform: Linux  PlatformVersion: 5.14.0-427.37.1.el9_4.x86_64  CompilerName: GCC  CompilerVersion: 8.4.0
ProgramName: mri_concat  ProgramArguments: mri_concat -all-info  ProgramVersion: 7.3.2  TimeStamp: 2026/03/08-16:35:27-GMT  BuildTime: Aug  4 2022 06:17:15  BuildStamp: freesurfer-linux-ubuntu22_x86_64-7.3.2-20220804-6354275  User: oesteban  Machine: dna020  Platform: Linux  PlatformVersion: 5.14.0-427.37.1.el9_4.x86_64  CompilerName: GCC  CompilerVersion: 8.4.0
ProgramName: mri_concatenate_lta  ProgramArguments: mri_concatenate_lta -all-info  ProgramVersion: 7.3.2  TimeStamp: 2026/03/08-16:35:27-GMT  BuildTime: Aug  4 2022 06:17:15  BuildStamp: freesurfer-linux-ubuntu22_x86_64-7.3.2-20220804-6354275  User: oesteban  Machine: dna020  Platform: Linux  PlatformVersion: 5.14.0-427.37.1.el9_4.x86_64  CompilerName: GCC  CompilerVersion: 8.4.0
mri_convert -all-info 
ProgramName: mri_convert  ProgramArguments: mri_convert -all-info  ProgramVersion: 7.3.2  TimeStamp: 2026/03/08-16:35:27-GMT  BuildTime: Aug  4 2022 06:17:15  BuildStamp: freesurfer-linux-ubuntu22_x86_64-7.3.2-20220804-6354275  User: oesteban  Machine: dna020  Platform: Linux  PlatformVersion: 5.14.0-427.37.1.el9_4.x86_64  CompilerName: GCC  CompilerVersion: 8.4.0
ProgramName: mri_diff  ProgramArguments: mri_diff -all-info  ProgramVersion: 7.3.2  TimeStamp: 2026/03/08-16:35:27-GMT  BuildTime: Aug  4 2022 06:17:15  BuildStamp: freesurfer-linux-ubuntu22_x86_64-7.3.2-20220804-6354275  User: oesteban  Machine: dna020  Platform: Linux  PlatformVersion: 5.14.0-427.37.1.el9_4.x86_64  CompilerName: GCC  CompilerVersion: 8.4.0
ProgramName: mri_edit_wm_with_aseg  ProgramArguments: mri_edit_wm_with_aseg -all-info  ProgramVersion: 7.3.2  TimeStamp: 2026/03/08-16:35:27-GMT  BuildTime: Aug  4 2022 06:17:15  BuildStamp: freesurfer-linux-ubuntu22_x86_64-7.3.2-20220804-6354275  User: oesteban  Machine: dna020  Platform: Linux  PlatformVersion: 5.14.0-427.37.1.el9_4.x86_64  CompilerName: GCC  CompilerVersion: 8.4.0
ProgramName: mri_em_register  ProgramArguments: mri_em_register -all-info  ProgramVersion: 7.3.2  TimeStamp: 2026/03/08-16:35:27-GMT  BuildTime: Aug  4 2022 06:17:15  BuildStamp: freesurfer-linux-ubuntu22_x86_64-7.3.2-20220804-6354275  User: oesteban  Machine: dna020  Platform: Linux  PlatformVersion: 5.14.0-427.37.1.el9_4.x86_64  CompilerName: GCC  CompilerVersion: 8.4.0
ProgramName: mri_fill  ProgramArguments: mri_fill -all-info  ProgramVersion: 7.3.2  TimeStamp: 2026/03/08-16:35:27-GMT  BuildTime: Aug  4 2022 06:17:15  BuildStamp: freesurfer-linux-ubuntu22_x86_64-7.3.2-20220804-6354275  User: oesteban  Machine: dna020  Platform: Linux  PlatformVersion: 5.14.0-427.37.1.el9_4.x86_64  CompilerName: GCC  CompilerVersion: 8.4.0
ProgramName: mri_fuse_segmentations  ProgramArguments: mri_fuse_segmentations -all-info  ProgramVersion: 7.3.2  TimeStamp: 2026/03/08-16:35:27-GMT  BuildTime: Aug  4 2022 06:17:15  BuildStamp: freesurfer-linux-ubuntu22_x86_64-7.3.2-20220804-6354275  User: oesteban  Machine: dna020  Platform: Linux  PlatformVersion: 5.14.0-427.37.1.el9_4.x86_64  CompilerName: GCC  CompilerVersion: 8.4.0
ProgramName: mri_fwhm  ProgramArguments: mri_fwhm -all-info  ProgramVersion: 7.3.2  TimeStamp: 2026/03/08-16:35:27-GMT  BuildTime: Aug  4 2022 06:17:15  BuildStamp: freesurfer-linux-ubuntu22_x86_64-7.3.2-20220804-6354275  User: oesteban  Machine: dna020  Platform: Linux  PlatformVersion: 5.14.0-427.37.1.el9_4.x86_64  CompilerName: GCC  CompilerVersion: 8.4.0
ProgramName: mri_gcut  ProgramArguments: mri_gcut -all-info  ProgramVersion: 7.3.2  TimeStamp: 2026/03/08-16:35:27-GMT  BuildTime: Aug  4 2022 06:17:15  BuildStamp: freesurfer-linux-ubuntu22_x86_64-7.3.2-20220804-6354275  User: oesteban  Machine: dna020  Platform: Linux  PlatformVersion: 5.14.0-427.37.1.el9_4.x86_64  CompilerName: GCC  CompilerVersion: 8.4.0
ProgramName: mri_info  ProgramArguments: mri_info -all-info  ProgramVersion: 7.3.2  TimeStamp: 2026/03/08-16:35:27-GMT  BuildTime: Aug  4 2022 06:17:15  BuildStamp: freesurfer-linux-ubuntu22_x86_64-7.3.2-20220804-6354275  User: oesteban  Machine: dna020  Platform: Linux  PlatformVersion: 5.14.0-427.37.1.el9_4.x86_64  CompilerName: GCC  CompilerVersion: 8.4.0
ProgramName: mri_label2label  ProgramArguments: mri_label2label -all-info  ProgramVersion: 7.3.2  TimeStamp: 2026/03/08-16:35:27-GMT  BuildTime: Aug  4 2022 06:17:15  BuildStamp: freesurfer-linux-ubuntu22_x86_64-7.3.2-20220804-6354275  User: oesteban  Machine: dna020  Platform: Linux  PlatformVersion: 5.14.0-427.37.1.el9_4.x86_64  CompilerName: GCC  CompilerVersion: 8.4.0
ProgramName: mri_label2vol  ProgramArguments: mri_label2vol -all-info  ProgramVersion: 7.3.2  TimeStamp: 2026/03/08-16:35:27-GMT  BuildTime: Aug  4 2022 06:17:15  BuildStamp: freesurfer-linux-ubuntu22_x86_64-7.3.2-20220804-6354275  User: oesteban  Machine: dna020  Platform: Linux  PlatformVersion: 5.14.0-427.37.1.el9_4.x86_64  CompilerName: GCC  CompilerVersion: 8.4.0
ProgramName: mri_log_likelihood  ProgramArguments: mri_log_likelihood -all-info  ProgramVersion: 7.3.2  TimeStamp: 2026/03/08-16:35:27-GMT  BuildTime: Aug  4 2022 06:17:15  BuildStamp: freesurfer-linux-ubuntu22_x86_64-7.3.2-20220804-6354275  User: oesteban  Machine: dna020  Platform: Linux  PlatformVersion: 5.14.0-427.37.1.el9_4.x86_64  CompilerName: GCC  CompilerVersion: 8.4.0
ProgramName: mri_mask  ProgramArguments: mri_mask -all-info  ProgramVersion: 7.3.2  TimeStamp: 2026/03/08-16:35:27-GMT  BuildTime: Aug  4 2022 06:17:15  BuildStamp: freesurfer-linux-ubuntu22_x86_64-7.3.2-20220804-6354275  User: oesteban  Machine: dna020  Platform: Linux  PlatformVersion: 5.14.0-427.37.1.el9_4.x86_64  CompilerName: GCC  CompilerVersion: 8.4.0
ProgramName: mri_matrix_multiply  ProgramArguments: mri_matrix_multiply -all-info  ProgramVersion: 7.3.2  TimeStamp: 2026/03/08-16:35:27-GMT  BuildTime: Aug  4 2022 06:17:15  BuildStamp: freesurfer-linux-ubuntu22_x86_64-7.3.2-20220804-6354275  User: oesteban  Machine: dna020  Platform: Linux  PlatformVersion: 5.14.0-427.37.1.el9_4.x86_64  CompilerName: GCC  CompilerVersion: 8.4.0
ProgramName: mri_normalize  ProgramArguments: mri_normalize -all-info  ProgramVersion: 7.3.2  TimeStamp: 2026/03/08-16:35:27-GMT  BuildTime: Aug  4 2022 06:17:15  BuildStamp: freesurfer-linux-ubuntu22_x86_64-7.3.2-20220804-6354275  User: oesteban  Machine: dna020  Platform: Linux  PlatformVersion: 5.14.0-427.37.1.el9_4.x86_64  CompilerName: GCC  CompilerVersion: 8.4.0
ProgramName: mri_normalize_tp2  ProgramArguments: mri_normalize_tp2 -all-info  ProgramVersion: 7.3.2  TimeStamp: 2026/03/08-16:35:27-GMT  BuildTime: Aug  4 2022 06:17:15  BuildStamp: freesurfer-linux-ubuntu22_x86_64-7.3.2-20220804-6354275  User: oesteban  Machine: dna020  Platform: Linux  PlatformVersion: 5.14.0-427.37.1.el9_4.x86_64  CompilerName: GCC  CompilerVersion: 8.4.0
ProgramName: mri_or  ProgramArguments: mri_or -all-info  ProgramVersion: 7.3.2  TimeStamp: 2026/03/08-16:35:27-GMT  BuildTime: Aug  4 2022 06:17:15  BuildStamp: freesurfer-linux-ubuntu22_x86_64-7.3.2-20220804-6354275  User: oesteban  Machine: dna020  Platform: Linux  PlatformVersion: 5.14.0-427.37.1.el9_4.x86_64  CompilerName: GCC  CompilerVersion: 8.4.0
ProgramName: mri_relabel_hypointensities  ProgramArguments: mri_relabel_hypointensities -all-info  ProgramVersion: 7.3.2  TimeStamp: 2026/03/08-16:35:27-GMT  BuildTime: Aug  4 2022 06:17:15  BuildStamp: freesurfer-linux-ubuntu22_x86_64-7.3.2-20220804-6354275  User: oesteban  Machine: dna020  Platform: Linux  PlatformVersion: 5.14.0-427.37.1.el9_4.x86_64  CompilerName: GCC  CompilerVersion: 8.4.0
ProgramName: mri_relabel_nonwm_hypos  ProgramArguments: mri_relabel_nonwm_hypos -all-info  ProgramVersion: 7.3.2  TimeStamp: 2026/03/08-16:35:27-GMT  BuildTime: Aug  4 2022 06:17:15  BuildStamp: freesurfer-linux-ubuntu22_x86_64-7.3.2-20220804-6354275  User: oesteban  Machine: dna020  Platform: Linux  PlatformVersion: 5.14.0-427.37.1.el9_4.x86_64  CompilerName: GCC  CompilerVersion: 8.4.0
ProgramName: mri_remove_neck  ProgramArguments: mri_remove_neck -all-info  ProgramVersion: 7.3.2  TimeStamp: 2026/03/08-16:35:27-GMT  BuildTime: Aug  4 2022 06:17:15  BuildStamp: freesurfer-linux-ubuntu22_x86_64-7.3.2-20220804-6354275  User: oesteban  Machine: dna020  Platform: Linux  PlatformVersion: 5.14.0-427.37.1.el9_4.x86_64  CompilerName: GCC  CompilerVersion: 8.4.0
7.3.2

ProgramName: mri_robust_register  ProgramArguments: mri_robust_register -all-info  ProgramVersion: 7.3.2  TimeStamp: 2026/03/08-16:35:27-GMT  BuildTime: Aug  4 2022 06:17:15  BuildStamp: freesurfer-linux-ubuntu22_x86_64-7.3.2-20220804-6354275  User: oesteban  Machine: dna020  Platform: Linux  PlatformVersion: 5.14.0-427.37.1.el9_4.x86_64  CompilerName: GCC  CompilerVersion: 8.4.0
7.3.2

ProgramName: mri_robust_template  ProgramArguments: mri_robust_template -all-info  ProgramVersion: 7.3.2  TimeStamp: 2026/03/08-16:35:27-GMT  BuildTime: Aug  4 2022 06:17:15  BuildStamp: freesurfer-linux-ubuntu22_x86_64-7.3.2-20220804-6354275  User: oesteban  Machine: dna020  Platform: Linux  PlatformVersion: 5.14.0-427.37.1.el9_4.x86_64  CompilerName: GCC  CompilerVersion: 8.4.0
ProgramName: mris_anatomical_stats  ProgramArguments: mris_anatomical_stats -all-info  ProgramVersion: 7.3.2  TimeStamp: 2026/03/08-16:35:27-GMT  BuildTime: Aug  4 2022 06:17:15  BuildStamp: freesurfer-linux-ubuntu22_x86_64-7.3.2-20220804-6354275  User: oesteban  Machine: dna020  Platform: Linux  PlatformVersion: 5.14.0-427.37.1.el9_4.x86_64  CompilerName: GCC  CompilerVersion: 8.4.0
ProgramName: mris_ca_label  ProgramArguments: mris_ca_label -all-info  ProgramVersion: 7.3.2  TimeStamp: 2026/03/08-16:35:27-GMT  BuildTime: Aug  4 2022 06:17:15  BuildStamp: freesurfer-linux-ubuntu22_x86_64-7.3.2-20220804-6354275  User: oesteban  Machine: dna020  Platform: Linux  PlatformVersion: 5.14.0-427.37.1.el9_4.x86_64  CompilerName: GCC  CompilerVersion: 8.4.0
ProgramName: mris_calc  ProgramArguments: mris_calc -all-info  ProgramVersion: 7.3.2  TimeStamp: 2026/03/08-16:35:27-GMT  BuildTime: Aug  4 2022 06:17:15  BuildStamp: freesurfer-linux-ubuntu22_x86_64-7.3.2-20220804-6354275  User: oesteban  Machine: dna020  Platform: Linux  PlatformVersion: 5.14.0-427.37.1.el9_4.x86_64  CompilerName: GCC  CompilerVersion: 8.4.0
ProgramName: mris_convert  ProgramArguments: mris_convert -all-info  ProgramVersion: 7.3.2  TimeStamp: 2026/03/08-16:35:27-GMT  BuildTime: Aug  4 2022 06:17:15  BuildStamp: freesurfer-linux-ubuntu22_x86_64-7.3.2-20220804-6354275  User: oesteban  Machine: dna020  Platform: Linux  PlatformVersion: 5.14.0-427.37.1.el9_4.x86_64  CompilerName: GCC  CompilerVersion: 8.4.0
ProgramName: mris_curvature  ProgramArguments: mris_curvature -all-info  ProgramVersion: 7.3.2  TimeStamp: 2026/03/08-16:35:27-GMT  BuildTime: Aug  4 2022 06:17:15  BuildStamp: freesurfer-linux-ubuntu22_x86_64-7.3.2-20220804-6354275  User: oesteban  Machine: dna020  Platform: Linux  PlatformVersion: 5.14.0-427.37.1.el9_4.x86_64  CompilerName: GCC  CompilerVersion: 8.4.0
ProgramName: mris_curvature_stats  ProgramArguments: mris_curvature_stats -all-info  ProgramVersion: 7.3.2  TimeStamp: 2026/03/08-16:35:27-GMT  BuildTime: Aug  4 2022 06:17:15  BuildStamp: freesurfer-linux-ubuntu22_x86_64-7.3.2-20220804-6354275  User: oesteban  Machine: dna020  Platform: Linux  PlatformVersion: 5.14.0-427.37.1.el9_4.x86_64  CompilerName: GCC  CompilerVersion: 8.4.0
ProgramName: mris_diff  ProgramArguments: mris_diff -all-info  ProgramVersion: 7.3.2  TimeStamp: 2026/03/08-16:35:27-GMT  BuildTime: Aug  4 2022 06:17:15  BuildStamp: freesurfer-linux-ubuntu22_x86_64-7.3.2-20220804-6354275  User: oesteban  Machine: dna020  Platform: Linux  PlatformVersion: 5.14.0-427.37.1.el9_4.x86_64  CompilerName: GCC  CompilerVersion: 8.4.0
ProgramName: mris_divide_parcellation  ProgramArguments: mris_divide_parcellation -all-info  ProgramVersion: 7.3.2  TimeStamp: 2026/03/08-16:35:27-GMT  BuildTime: Aug  4 2022 06:17:15  BuildStamp: freesurfer-linux-ubuntu22_x86_64-7.3.2-20220804-6354275  User: oesteban  Machine: dna020  Platform: Linux  PlatformVersion: 5.14.0-427.37.1.el9_4.x86_64  CompilerName: GCC  CompilerVersion: 8.4.0
ProgramName: mri_segment  ProgramArguments: mri_segment -all-info  ProgramVersion: 7.3.2  TimeStamp: 2026/03/08-16:35:27-GMT  BuildTime: Aug  4 2022 06:17:15  BuildStamp: freesurfer-linux-ubuntu22_x86_64-7.3.2-20220804-6354275  User: oesteban  Machine: dna020  Platform: Linux  PlatformVersion: 5.14.0-427.37.1.el9_4.x86_64  CompilerName: GCC  CompilerVersion: 8.4.0
ProgramName: mri_segstats  ProgramArguments: mri_segstats -all-info  ProgramVersion: 7.3.2  TimeStamp: 2026/03/08-16:35:27-GMT  BuildTime: Aug  4 2022 06:17:15  BuildStamp: freesurfer-linux-ubuntu22_x86_64-7.3.2-20220804-6354275  User: oesteban  Machine: dna020  Platform: Linux  PlatformVersion: 5.14.0-427.37.1.el9_4.x86_64  CompilerName: GCC  CompilerVersion: 8.4.0
ProgramName: mris_euler_number  ProgramArguments: mris_euler_number -all-info  ProgramVersion: 7.3.2  TimeStamp: 2026/03/08-16:35:27-GMT  BuildTime: Aug  4 2022 06:17:15  BuildStamp: freesurfer-linux-ubuntu22_x86_64-7.3.2-20220804-6354275  User: oesteban  Machine: dna020  Platform: Linux  PlatformVersion: 5.14.0-427.37.1.el9_4.x86_64  CompilerName: GCC  CompilerVersion: 8.4.0
ProgramName: mris_fix_topology  ProgramArguments: mris_fix_topology -all-info  ProgramVersion: 7.3.2  TimeStamp: 2026/03/08-16:35:27-GMT  BuildTime: Aug  4 2022 06:17:15  BuildStamp: freesurfer-linux-ubuntu22_x86_64-7.3.2-20220804-6354275  User: oesteban  Machine: dna020  Platform: Linux  PlatformVersion: 5.14.0-427.37.1.el9_4.x86_64  CompilerName: GCC  CompilerVersion: 8.4.0
ProgramName: mris_topo_fixer  ProgramArguments: mris_topo_fixer -all-info  ProgramVersion: 7.3.2  TimeStamp: 2026/03/08-16:35:27-GMT  BuildTime: Aug  4 2022 06:17:15  BuildStamp: freesurfer-linux-ubuntu22_x86_64-7.3.2-20220804-6354275  User: oesteban  Machine: dna020  Platform: Linux  PlatformVersion: 5.14.0-427.37.1.el9_4.x86_64  CompilerName: GCC  CompilerVersion: 8.4.0
ProgramName: mris_jacobian  ProgramArguments: mris_jacobian -all-info  ProgramVersion: 7.3.2  TimeStamp: 2026/03/08-16:35:27-GMT  BuildTime: Aug  4 2022 06:17:15  BuildStamp: freesurfer-linux-ubuntu22_x86_64-7.3.2-20220804-6354275  User: oesteban  Machine: dna020  Platform: Linux  PlatformVersion: 5.14.0-427.37.1.el9_4.x86_64  CompilerName: GCC  CompilerVersion: 8.4.0
ProgramName: mris_label2annot  ProgramArguments: mris_label2annot -all-info  ProgramVersion: 7.3.2  TimeStamp: 2026/03/08-16:35:27-GMT  BuildTime: Aug  4 2022 06:17:15  BuildStamp: freesurfer-linux-ubuntu22_x86_64-7.3.2-20220804-6354275  User: oesteban  Machine: dna020  Platform: Linux  PlatformVersion: 5.14.0-427.37.1.el9_4.x86_64  CompilerName: GCC  CompilerVersion: 8.4.0
ProgramName: mris_left_right_register  ProgramArguments: mris_left_right_register -all-info  ProgramVersion: 7.3.2  TimeStamp: 2026/03/08-16:35:27-GMT  BuildTime: Aug  4 2022 06:17:15  BuildStamp: freesurfer-linux-ubuntu22_x86_64-7.3.2-20220804-6354275  User: oesteban  Machine: dna020  Platform: Linux  PlatformVersion: 5.14.0-427.37.1.el9_4.x86_64  CompilerName: GCC  CompilerVersion: 8.4.0
ProgramName: mris_place_surface  ProgramArguments: mris_place_surface -all-info  ProgramVersion: 7.3.2  TimeStamp: 2026/03/08-16:35:27-GMT  BuildTime: Aug  4 2022 06:17:15  BuildStamp: freesurfer-linux-ubuntu22_x86_64-7.3.2-20220804-6354275  User: oesteban  Machine: dna020  Platform: Linux  PlatformVersion: 5.14.0-427.37.1.el9_4.x86_64  CompilerName: GCC  CompilerVersion: 8.4.0
ProgramName: mrisp_paint  ProgramArguments: mrisp_paint -all-info  ProgramVersion: 7.3.2  TimeStamp: 2026/03/08-16:35:27-GMT  BuildTime: Aug  4 2022 06:17:15  BuildStamp: freesurfer-linux-ubuntu22_x86_64-7.3.2-20220804-6354275  User: oesteban  Machine: dna020  Platform: Linux  PlatformVersion: 5.14.0-427.37.1.el9_4.x86_64  CompilerName: GCC  CompilerVersion: 8.4.0
ProgramName: mris_register  ProgramArguments: mris_register -all-info  ProgramVersion: 7.3.2  TimeStamp: 2026/03/08-16:35:27-GMT  BuildTime: Aug  4 2022 06:17:15  BuildStamp: freesurfer-linux-ubuntu22_x86_64-7.3.2-20220804-6354275  User: oesteban  Machine: dna020  Platform: Linux  PlatformVersion: 5.14.0-427.37.1.el9_4.x86_64  CompilerName: GCC  CompilerVersion: 8.4.0
ProgramName: mris_smooth  ProgramArguments: mris_smooth -all-info  ProgramVersion: 7.3.2  TimeStamp: 2026/03/08-16:35:27-GMT  BuildTime: Aug  4 2022 06:17:15  BuildStamp: freesurfer-linux-ubuntu22_x86_64-7.3.2-20220804-6354275  User: oesteban  Machine: dna020  Platform: Linux  PlatformVersion: 5.14.0-427.37.1.el9_4.x86_64  CompilerName: GCC  CompilerVersion: 8.4.0
ProgramName: mris_sphere  ProgramArguments: mris_sphere -all-info  ProgramVersion: 7.3.2  TimeStamp: 2026/03/08-16:35:27-GMT  BuildTime: Aug  4 2022 06:17:15  BuildStamp: freesurfer-linux-ubuntu22_x86_64-7.3.2-20220804-6354275  User: oesteban  Machine: dna020  Platform: Linux  PlatformVersion: 5.14.0-427.37.1.el9_4.x86_64  CompilerName: GCC  CompilerVersion: 8.4.0
ProgramName: mris_surface_stats  ProgramArguments: mris_surface_stats -all-info  ProgramVersion: 7.3.2  TimeStamp: 2026/03/08-16:35:27-GMT  BuildTime: Aug  4 2022 06:17:15  BuildStamp: freesurfer-linux-ubuntu22_x86_64-7.3.2-20220804-6354275  User: oesteban  Machine: dna020  Platform: Linux  PlatformVersion: 5.14.0-427.37.1.el9_4.x86_64  CompilerName: GCC  CompilerVersion: 8.4.0
ProgramName: mri_stats2seg  ProgramArguments: mri_stats2seg -all-info  ProgramVersion: 7.3.2  TimeStamp: 2026/03/08-16:35:27-GMT  BuildTime: Aug  4 2022 06:17:15  BuildStamp: freesurfer-linux-ubuntu22_x86_64-7.3.2-20220804-6354275  User: oesteban  Machine: dna020  Platform: Linux  PlatformVersion: 5.14.0-427.37.1.el9_4.x86_64  CompilerName: GCC  CompilerVersion: 8.4.0
ProgramName: mris_thickness  ProgramArguments: mris_thickness -all-info  ProgramVersion: 7.3.2  TimeStamp: 2026/03/08-16:35:27-GMT  BuildTime: Aug  4 2022 06:17:15  BuildStamp: freesurfer-linux-ubuntu22_x86_64-7.3.2-20220804-6354275  User: oesteban  Machine: dna020  Platform: Linux  PlatformVersion: 5.14.0-427.37.1.el9_4.x86_64  CompilerName: GCC  CompilerVersion: 8.4.0
ProgramName: mris_thickness_diff  ProgramArguments: mris_thickness_diff -all-info  ProgramVersion: 7.3.2  TimeStamp: 2026/03/08-16:35:27-GMT  BuildTime: Aug  4 2022 06:17:15  BuildStamp: freesurfer-linux-ubuntu22_x86_64-7.3.2-20220804-6354275  User: oesteban  Machine: dna020  Platform: Linux  PlatformVersion: 5.14.0-427.37.1.el9_4.x86_64  CompilerName: GCC  CompilerVersion: 8.4.0
ProgramName: mris_topo_fixer  ProgramArguments: mris_topo_fixer -all-info  ProgramVersion: 7.3.2  TimeStamp: 2026/03/08-16:35:27-GMT  BuildTime: Aug  4 2022 06:17:15  BuildStamp: freesurfer-linux-ubuntu22_x86_64-7.3.2-20220804-6354275  User: oesteban  Machine: dna020  Platform: Linux  PlatformVersion: 5.14.0-427.37.1.el9_4.x86_64  CompilerName: GCC  CompilerVersion: 8.4.0
ProgramName: mri_surf2surf  ProgramArguments: mri_surf2surf -all-info  ProgramVersion: 7.3.2  TimeStamp: 2026/03/08-16:35:27-GMT  BuildTime: Aug  4 2022 06:17:15  BuildStamp: freesurfer-linux-ubuntu22_x86_64-7.3.2-20220804-6354275  User: oesteban  Machine: dna020  Platform: Linux  PlatformVersion: 5.14.0-427.37.1.el9_4.x86_64  CompilerName: GCC  CompilerVersion: 8.4.0
ProgramName: mri_surf2vol  ProgramArguments: mri_surf2vol -all-info  ProgramVersion: 7.3.2  TimeStamp: 2026/03/08-16:35:27-GMT  BuildTime: Aug  4 2022 06:17:15  BuildStamp: freesurfer-linux-ubuntu22_x86_64-7.3.2-20220804-6354275  User: oesteban  Machine: dna020  Platform: Linux  PlatformVersion: 5.14.0-427.37.1.el9_4.x86_64  CompilerName: GCC  CompilerVersion: 8.4.0
ProgramName: mri_surfcluster  ProgramArguments: mri_surfcluster -all-info  ProgramVersion: 7.3.2  TimeStamp: 2026/03/08-16:35:27-GMT  BuildTime: Aug  4 2022 06:17:15  BuildStamp: freesurfer-linux-ubuntu22_x86_64-7.3.2-20220804-6354275  User: oesteban  Machine: dna020  Platform: Linux  PlatformVersion: 5.14.0-427.37.1.el9_4.x86_64  CompilerName: GCC  CompilerVersion: 8.4.0
ProgramName: mris_volmask  ProgramArguments: mris_volmask -all-info  ProgramVersion: 7.3.2  TimeStamp: 2026/03/08-16:35:27-GMT  BuildTime: Aug  4 2022 06:17:15  BuildStamp: freesurfer-linux-ubuntu22_x86_64-7.3.2-20220804-6354275  User: oesteban  Machine: dna020  Platform: Linux  PlatformVersion: 5.14.0-427.37.1.el9_4.x86_64  CompilerName: GCC  CompilerVersion: 8.4.0
ProgramName: mri_tessellate  ProgramArguments: mri_tessellate -all-info  ProgramVersion: 7.3.2  TimeStamp: 2026/03/08-16:35:27-GMT  BuildTime: Aug  4 2022 06:17:15  BuildStamp: freesurfer-linux-ubuntu22_x86_64-7.3.2-20220804-6354275  User: oesteban  Machine: dna020  Platform: Linux  PlatformVersion: 5.14.0-427.37.1.el9_4.x86_64  CompilerName: GCC  CompilerVersion: 8.4.0
ProgramName: mri_vol2surf  ProgramArguments: mri_vol2surf -all-info  ProgramVersion: 7.3.2  TimeStamp: 2026/03/08-16:35:27-GMT  BuildTime: Aug  4 2022 06:17:15  BuildStamp: freesurfer-linux-ubuntu22_x86_64-7.3.2-20220804-6354275  User: oesteban  Machine: dna020  Platform: Linux  PlatformVersion: 5.14.0-427.37.1.el9_4.x86_64  CompilerName: GCC  CompilerVersion: 8.4.0
ProgramName: mri_vol2vol  ProgramArguments: mri_vol2vol -all-info  ProgramVersion: 7.3.2  TimeStamp: 2026/03/08-16:35:27-GMT  BuildTime: Aug  4 2022 06:17:15  BuildStamp: freesurfer-linux-ubuntu22_x86_64-7.3.2-20220804-6354275  User: oesteban  Machine: dna020  Platform: Linux  PlatformVersion: 5.14.0-427.37.1.el9_4.x86_64  CompilerName: GCC  CompilerVersion: 8.4.0
ProgramName: mri_voldiff  ProgramArguments: mri_voldiff -all-info  ProgramVersion: 7.3.2  TimeStamp: 2026/03/08-16:35:27-GMT  BuildTime: Aug  4 2022 06:17:15  BuildStamp: freesurfer-linux-ubuntu22_x86_64-7.3.2-20220804-6354275  User: oesteban  Machine: dna020  Platform: Linux  PlatformVersion: 5.14.0-427.37.1.el9_4.x86_64  CompilerName: GCC  CompilerVersion: 8.4.0
ProgramName: mri_watershed  ProgramArguments: mri_watershed -all-info  ProgramVersion: 7.3.2  TimeStamp: 2026/03/08-16:35:27-GMT  BuildTime: Aug  4 2022 06:17:15  BuildStamp: freesurfer-linux-ubuntu22_x86_64-7.3.2-20220804-6354275  User: oesteban  Machine: dna020  Platform: Linux  PlatformVersion: 5.14.0-427.37.1.el9_4.x86_64  CompilerName: GCC  CompilerVersion: 8.4.0
ProgramName: tkregister2  ProgramArguments: tkregister2_cmdl -all-info  ProgramVersion: 7.3.2  TimeStamp: 2026/03/08-16:35:27-GMT  BuildTime: Aug  4 2022 06:17:15  BuildStamp: freesurfer-linux-ubuntu22_x86_64-7.3.2-20220804-6354275  User: oesteban  Machine: dna020  Platform: Linux  PlatformVersion: 5.14.0-427.37.1.el9_4.x86_64  CompilerName: GCC  CompilerVersion: 8.4.0
mri_motion_correct.fsl 7.3.2
mri_convert -all-info 
ProgramName: mri_convert  ProgramArguments: mri_convert -all-info  ProgramVersion: 7.3.2  TimeStamp: 2026/03/08-16:35:27-GMT  BuildTime: Aug  4 2022 06:17:15  BuildStamp: freesurfer-linux-ubuntu22_x86_64-7.3.2-20220804-6354275  User: oesteban  Machine: dna020  Platform: Linux  PlatformVersion: 5.14.0-427.37.1.el9_4.x86_64  CompilerName: GCC  CompilerVersion: 8.4.0
Program nu_correct, built from:
Package MNI N3, version 1.12.0, compiled by nicks@terrier (x86_64-unknown-linux-gnu) on 2015-06-19 at 01:25:34
#######################################
GCADIR /opt/freesurfer/average
GCA RB_all_2020-01-02.gca
GCASkull RB_all_withskull_2020_01_02.gca
AvgCurvTif folding.atlas.acfb40.noaparc.i12.2016-08-02.tif
GCSDIR /opt/freesurfer/average
GCS DKaparc.atlas.acfb40.noaparc.i12.2016-08-02.gcs
#######################################
#--------------------------------------
#@# CA Normalize Sun Mar  8 17:35:27 CET 2026
/out/sourcedata/freesurfer/sub-v1s14x0051560_ses-1/mri

 mri_ca_normalize -c ctrl_pts.mgz -mask brainmask.mgz nu.mgz /opt/freesurfer/average/RB_all_2020-01-02.gca transforms/talairach.lta norm.mgz 

writing control point volume to ctrl_pts.mgz
using MR volume brainmask.mgz to mask input volume...
reading 1 input volume
reading atlas from '/opt/freesurfer/average/RB_all_2020-01-02.gca'...
reading transform from 'transforms/talairach.lta'...
reading input volume from nu.mgz...
resetting wm mean[0]: 98 --> 107
resetting gm mean[0]: 61 --> 61
input volume #1 is the most T1-like
using real data threshold=24.0
skull bounding box = (59, 83, 38) --> (192, 203, 206)
finding center of left hemi white matter
using (103, 123, 122) as brain centroid of Right_Cerebral_White_Matter...
mean wm in atlas = 107, using box (87,108,101) --> (119, 137,142) to find MRI wm
before smoothing, mri peak at 106
robust fit to distribution - 105 +- 3.8
after smoothing, mri peak at 105, scaling input intensities by 1.019
scaling channel 0 by 1.01905
using 246437 sample points...
INFO: compute sample coordinates transform
 1.05262   0.00375  -0.02857  -6.26350;
-0.00412   1.10646   0.21624  -68.62208;
 0.03426  -0.16895   0.98491   11.84333;
 0.00000   0.00000   0.00000   1.00000;
INFO: transform used
finding control points in Left_Cerebral_White_Matter....
found 40230 control points for structure...
bounding box (126, 88, 38) --> (191, 191, 204)
Left_Cerebral_White_Matter: limiting intensities to 92.0 --> 132.0
2 of 8333 (0.0%) samples deleted
finding control points in Right_Cerebral_White_Matter....
found 39478 control points for structure...
bounding box (67, 88, 39) --> (131, 190, 206)
Right_Cerebral_White_Matter: limiting intensities to 91.0 --> 132.0
2 of 7966 (0.0%) samples deleted
finding control points in Left_Cerebellum_White_Matter....
found 3105 control points for structure...
bounding box (129, 166, 65) --> (175, 209, 119)
Left_Cerebellum_White_Matter: limiting intensities to 103.0 --> 132.0
0 of 539 (0.0%) samples deleted
finding control points in Right_Cerebellum_White_Matter....
found 2710 control points for structure...
bounding box (86, 166, 64) --> (128, 206, 121)
Right_Cerebellum_White_Matter: limiting intensities to 103.0 --> 132.0
0 of 416 (0.0%) samples deleted
finding control points in Brain_Stem....
found 3475 control points for structure...
bounding box (113, 158, 102) --> (145, 220, 131)
Brain_Stem: limiting intensities to 102.0 --> 132.0
210 of 730 (28.8%) samples deleted
using 17984 total control points for intensity normalization...
bias field = 0.967 +- 0.069
7 of 17770 control points discarded
finding control points in Left_Cerebral_White_Matter....
found 40230 control points for structure...
bounding box (126, 88, 38) --> (191, 191, 204)
Left_Cerebral_White_Matter: limiting intensities to 90.0 --> 132.0
3 of 8576 (0.0%) samples deleted
finding control points in Right_Cerebral_White_Matter....
found 39478 control points for structure...
bounding box (67, 88, 39) --> (131, 190, 206)
Right_Cerebral_White_Matter: limiting intensities to 89.0 --> 132.0
3 of 8221 (0.0%) samples deleted
finding control points in Left_Cerebellum_White_Matter....
found 3105 control points for structure...
bounding box (129, 166, 65) --> (175, 209, 119)
Left_Cerebellum_White_Matter: limiting intensities to 88.0 --> 132.0
0 of 571 (0.0%) samples deleted
finding control points in Right_Cerebellum_White_Matter....
found 2710 control points for structure...
bounding box (86, 166, 64) --> (128, 206, 121)
Right_Cerebellum_White_Matter: limiting intensities to 88.0 --> 132.0
0 of 436 (0.0%) samples deleted
finding control points in Brain_Stem....
found 3475 control points for structure...
bounding box (113, 158, 102) --> (145, 220, 131)
Brain_Stem: limiting intensities to 88.0 --> 132.0
133 of 824 (16.1%) samples deleted
using 18628 total control points for intensity normalization...
bias field = 1.013 +- 0.050
12 of 18392 control points discarded
finding control points in Left_Cerebral_White_Matter....
found 40230 control points for structure...
bounding box (126, 88, 38) --> (191, 191, 204)
Left_Cerebral_White_Matter: limiting intensities to 90.0 --> 132.0
3 of 8575 (0.0%) samples deleted
finding control points in Right_Cerebral_White_Matter....
found 39478 control points for structure...
bounding box (67, 88, 39) --> (131, 190, 206)
Right_Cerebral_White_Matter: limiting intensities to 89.0 --> 132.0
3 of 8220 (0.0%) samples deleted
finding control points in Left_Cerebellum_White_Matter....
found 3105 control points for structure...
bounding box (129, 166, 65) --> (175, 209, 119)
Left_Cerebellum_White_Matter: limiting intensities to 88.0 --> 132.0
10 of 589 (1.7%) samples deleted
finding control points in Right_Cerebellum_White_Matter....
found 2710 control points for structure...
bounding box (86, 166, 64) --> (128, 206, 121)
Right_Cerebellum_White_Matter: limiting intensities to 88.0 --> 132.0
21 of 462 (4.5%) samples deleted
finding control points in Brain_Stem....
found 3475 control points for structure...
bounding box (113, 158, 102) --> (145, 220, 131)
Brain_Stem: limiting intensities to 88.0 --> 132.0
445 of 850 (52.4%) samples deleted
using 18696 total control points for intensity normalization...
bias field = 1.011 +- 0.041
9 of 18063 control points discarded
writing normalized volume to norm.mgz...
writing control points to ctrl_pts.mgz
freeing GCA...done.
normalization took 1 minutes and 18 seconds.
#--------------------------------------
#@# CA Reg Sun Mar  8 17:36:46 CET 2026
/out/sourcedata/freesurfer/sub-v1s14x0051560_ses-1/mri

 mri_ca_register -nobigventricles -T transforms/talairach.lta -align-after -mask brainmask.mgz norm.mgz /opt/freesurfer/average/RB_all_2020-01-02.gca transforms/talairach.m3z 

not handling expanded ventricles...
using previously computed transform transforms/talairach.lta
renormalizing sequences with structure alignment, equivalent to:
	-renormalize
	-regularize_mean 0.500
	-regularize 0.500
using MR volume brainmask.mgz to mask input volume...

== Number of threads available to mri_ca_register for OpenMP = 16 == 
reading 1 input volumes...
logging results to talairach.log
reading input volume 'norm.mgz'...
reading GCA '/opt/freesurfer/average/RB_all_2020-01-02.gca'...
label assignment complete, 0 changed (0.00%)
freeing gibbs priors...done.
average std[0] = 5.0
Starting GCAMregister()
label assignment complete, 0 changed (0.00%)
npasses = 1, nlevels = 6
#pass# 1 of 1 ************************
enabling zero nodes
setting smoothness cost coefficient to 0.156

#GCAMreg# pass 0 level1 5 level2 0 tsec 0 sigma 2
l_jacobian=1.00 l_label=1.00 l_log_likelihood=0.20 l_smoothness=0.16 
tol=2.50e-01, dt=5.00e-02, exp_k=20.0, momentum=0.90, levels=6, niter=500, lbl_dist=10.00, avgs=256, sigma=2.0,type=2, relabel=0, neg=no

blurring input image with Gaussian with sigma=2.000...
GCAMRegisterLevel(): init RMS 0.818541
#FOTS# QuadFit found better minimum quadopt=(dt=233.899,rms=0.763526) vs oldopt=(dt=92.48,rms=0.779049)
#GCMRL#    0 dt 233.898527 rms  0.764  6.721% neg 0  invalid 762 tFOTS 3.3570 tGradient 2.6980 tsec 6.3060
#FOTS# QuadFit found better minimum quadopt=(dt=146.156,rms=0.746439) vs oldopt=(dt=92.48,rms=0.748946)
#GCMRL#    1 dt 146.156028 rms  0.746  2.238% neg 0  invalid 762 tFOTS 3.4050 tGradient 2.7700 tsec 6.4220
#GCMRL#    2 dt 369.920000 rms  0.740  0.855% neg 0  invalid 762 tFOTS 3.3080 tGradient 2.7790 tsec 6.3310
#FOTS# QuadFit found better minimum quadopt=(dt=129.472,rms=0.735775) vs oldopt=(dt=92.48,rms=0.736201)
#GCMRL#    3 dt 129.472000 rms  0.736  0.578% neg 0  invalid 762 tFOTS 3.4640 tGradient 2.6890 tsec 6.3980
#FOTS# QuadFit found better minimum quadopt=(dt=517.888,rms=0.731979) vs oldopt=(dt=369.92,rms=0.732565)
#GCMRL#    4 dt 517.888000 rms  0.732  0.516% neg 0  invalid 762 tFOTS 3.3050 tGradient 2.6810 tsec 6.2300
#FOTS# QuadFit found better minimum quadopt=(dt=129.472,rms=0.729931) vs oldopt=(dt=92.48,rms=0.730142)
#GCMRL#    5 dt 129.472000 rms  0.730  0.280% neg 0  invalid 762 tFOTS 3.6320 tGradient 2.6090 tsec 6.5350
#FOTS# QuadFit found better minimum quadopt=(dt=517.888,rms=0.727681) vs oldopt=(dt=369.92,rms=0.72795)
#GCMRL#    6 dt 517.888000 rms  0.728  0.308% neg 0  invalid 762 tFOTS 3.3810 tGradient 2.8150 tsec 6.4420
#FOTS# QuadFit found better minimum quadopt=(dt=110.976,rms=0.726381) vs oldopt=(dt=92.48,rms=0.726414)
#GCMRL#    7 dt 110.976000 rms  0.726  0.000% neg 0  invalid 762 tFOTS 3.5210 tGradient 2.7380 tsec 6.5230
#GCMRL#    8 dt 110.976000 rms  0.726  0.062% neg 0  invalid 762 tFOTS 0.0000 tGradient 2.5800 tsec 2.8230
#GCMRL#    9 dt 110.976000 rms  0.725  0.116% neg 0  invalid 762 tFOTS 0.0000 tGradient 2.7490 tsec 2.9960
#GCMRL#   10 dt 110.976000 rms  0.724  0.150% neg 0  invalid 762 tFOTS 0.0000 tGradient 2.8010 tsec 3.0390
#GCMRL#   11 dt 110.976000 rms  0.723  0.166% neg 0  invalid 762 tFOTS 0.0000 tGradient 2.7510 tsec 2.9950
#GCMRL#   12 dt 110.976000 rms  0.722  0.171% neg 0  invalid 762 tFOTS 0.0000 tGradient 2.7430 tsec 2.9850
#GCMRL#   13 dt 110.976000 rms  0.720  0.171% neg 0  invalid 762 tFOTS 0.0000 tGradient 2.6790 tsec 2.9230
#GCMRL#   14 dt 110.976000 rms  0.719  0.161% neg 0  invalid 762 tFOTS 0.0000 tGradient 2.6740 tsec 2.9160
#GCMRL#   15 dt 110.976000 rms  0.718  0.154% neg 0  invalid 762 tFOTS 0.0000 tGradient 2.6810 tsec 2.9230
#GCMRL#   16 dt 110.976000 rms  0.717  0.151% neg 0  invalid 762 tFOTS 0.0000 tGradient 2.5580 tsec 2.8000
#GCMRL#   17 dt 110.976000 rms  0.716  0.139% neg 0  invalid 762 tFOTS 0.0000 tGradient 2.5930 tsec 2.8340
#GCMRL#   18 dt 110.976000 rms  0.715  0.133% neg 0  invalid 762 tFOTS 0.0000 tGradient 2.6920 tsec 2.9380
#GCMRL#   19 dt 110.976000 rms  0.714  0.129% neg 0  invalid 762 tFOTS 0.0000 tGradient 2.6980 tsec 2.9450
#GCMRL#   20 dt 110.976000 rms  0.713  0.125% neg 0  invalid 762 tFOTS 0.0000 tGradient 2.6730 tsec 2.9140
#GCMRL#   21 dt 110.976000 rms  0.712  0.119% neg 0  invalid 762 tFOTS 0.0000 tGradient 2.7430 tsec 2.9840
#GCMRL#   22 dt 110.976000 rms  0.712  0.105% neg 0  invalid 762 tFOTS 0.0000 tGradient 2.8780 tsec 3.1390
#FOTS# QuadFit found better minimum quadopt=(dt=517.888,rms=0.711182) vs oldopt=(dt=369.92,rms=0.711263)
#GCMRL#   23 dt 517.888000 rms  0.711  0.000% neg 0  invalid 762 tFOTS 3.4840 tGradient 2.7400 tsec 6.4870

#GCAMreg# pass 0 level1 5 level2 1 tsec 114.147 sigma 0.5
l_jacobian=1.00 l_label=1.00 l_log_likelihood=0.20 l_smoothness=0.16 
tol=2.50e-01, dt=5.00e-02, exp_k=20.0, momentum=0.90, levels=6, niter=500, lbl_dist=10.00, avgs=256, sigma=0.5,type=2, relabel=0, neg=no

blurring input image with Gaussian with sigma=0.500...
GCAMRegisterLevel(): init RMS 0.711877
#FOTS# QuadFit found better minimum quadopt=(dt=129.472,rms=0.710242) vs oldopt=(dt=92.48,rms=0.710413)
#GCMRL#   25 dt 129.472000 rms  0.710  0.230% neg 0  invalid 762 tFOTS 3.2740 tGradient 2.7120 tsec 6.2350
#GCMRL#   26 dt 369.920000 rms  0.709  0.000% neg 0  invalid 762 tFOTS 3.2490 tGradient 2.8200 tsec 6.3320
#GCMRL#   27 dt 369.920000 rms  0.708  0.142% neg 0  invalid 762 tFOTS 0.0000 tGradient 2.6240 tsec 2.8610
#GCMRL#   28 dt 369.920000 rms  0.708  0.130% neg 0  invalid 762 tFOTS 0.0000 tGradient 2.6800 tsec 2.9210
#GCMRL#   29 dt 369.920000 rms  0.707  0.035% neg 0  invalid 762 tFOTS 0.0000 tGradient 2.6690 tsec 2.9100
#GCMRL#   30 dt 369.920000 rms  0.707  0.050% neg 0  invalid 762 tFOTS 0.0000 tGradient 2.8300 tsec 3.0720
#GCMRL#   31 dt 369.920000 rms  0.706  0.089% neg 0  invalid 762 tFOTS 0.0000 tGradient 2.6350 tsec 2.8820
#GCMRL#   32 dt 369.920000 rms  0.706  0.074% neg 0  invalid 762 tFOTS 0.0000 tGradient 2.6790 tsec 2.9350
#FOTS# QuadFit found better minimum quadopt=(dt=129.472,rms=0.70572) vs oldopt=(dt=92.48,rms=0.705737)
#GCMRL#   33 dt 129.472000 rms  0.706  0.000% neg 0  invalid 762 tFOTS 3.4750 tGradient 2.9730 tsec 6.7080
#GCMRL#   34 dt 129.472000 rms  0.706  0.010% neg 0  invalid 762 tFOTS 0.0000 tGradient 2.7950 tsec 3.0380
#GCMRL#   35 dt 129.472000 rms  0.706  0.019% neg 0  invalid 762 tFOTS 0.0000 tGradient 2.8620 tsec 3.1040
#GCMRL#   36 dt 129.472000 rms  0.705  0.028% neg 0  invalid 762 tFOTS 0.0000 tGradient 2.8980 tsec 3.1370
#GCMRL#   37 dt 129.472000 rms  0.705  0.035% neg 0  invalid 762 tFOTS 0.0000 tGradient 2.9380 tsec 3.1850
#GCMRL#   38 dt 129.472000 rms  0.705  0.035% neg 0  invalid 762 tFOTS 0.0000 tGradient 3.0130 tsec 3.2550
#GCMRL#   39 dt 129.472000 rms  0.705  0.029% neg 0  invalid 762 tFOTS 0.0000 tGradient 2.7210 tsec 2.9620
setting smoothness cost coefficient to 0.615

#GCAMreg# pass 0 level1 4 level2 0 tsec 0 sigma 2
l_jacobian=1.00 l_label=1.00 l_log_likelihood=0.20 l_smoothness=0.62 
tol=2.50e-01, dt=5.00e-02, exp_k=20.0, momentum=0.90, levels=6, niter=500, lbl_dist=10.00, avgs=64, sigma=2.0,type=2, relabel=0, neg=no

blurring input image with Gaussian with sigma=2.000...
GCAMRegisterLevel(): init RMS 0.712868
#FOTS# QuadFit found better minimum quadopt=(dt=36.288,rms=0.711135) vs oldopt=(dt=25.92,rms=0.711245)
#GCMRL#   41 dt  36.288000 rms  0.711  0.243% neg 0  invalid 762 tFOTS 3.2740 tGradient 2.2140 tsec 5.7300
#FOTS# QuadFit found better minimum quadopt=(dt=36.288,rms=0.710544) vs oldopt=(dt=25.92,rms=0.710648)
#GCMRL#   42 dt  36.288000 rms  0.711  0.000% neg 0  invalid 762 tFOTS 3.0980 tGradient 2.2030 tsec 5.5630
#GCMRL#   43 dt  36.288000 rms  0.710  0.076% neg 0  invalid 762 tFOTS 0.0000 tGradient 2.1970 tsec 2.4360
#GCMRL#   44 dt  36.288000 rms  0.709  0.100% neg 0  invalid 762 tFOTS 0.0000 tGradient 2.1660 tsec 2.4040
#GCMRL#   45 dt  36.288000 rms  0.708  0.148% neg 0  invalid 762 tFOTS 0.0000 tGradient 2.1070 tsec 2.3550
#GCMRL#   46 dt  36.288000 rms  0.707  0.241% neg 0  invalid 762 tFOTS 0.0000 tGradient 2.0980 tsec 2.3390
#GCMRL#   47 dt  36.288000 rms  0.704  0.375% neg 0  invalid 762 tFOTS 0.0000 tGradient 2.0930 tsec 2.3350
#GCMRL#   48 dt  36.288000 rms  0.701  0.459% neg 0  invalid 762 tFOTS 0.0000 tGradient 2.0680 tsec 2.3070
#GCMRL#   49 dt  36.288000 rms  0.697  0.451% neg 0  invalid 762 tFOTS 0.0000 tGradient 2.1680 tsec 2.4110
#GCMRL#   50 dt  36.288000 rms  0.695  0.408% neg 0  invalid 762 tFOTS 0.0000 tGradient 2.1320 tsec 2.3800
#GCMRL#   51 dt  36.288000 rms  0.692  0.326% neg 0  invalid 762 tFOTS 0.0000 tGradient 2.1180 tsec 2.3570
#GCMRL#   52 dt  36.288000 rms  0.691  0.251% neg 0  invalid 762 tFOTS 0.0000 tGradient 2.1570 tsec 2.3940
#GCMRL#   53 dt  36.288000 rms  0.689  0.186% neg 0  invalid 762 tFOTS 0.0000 tGradient 2.1580 tsec 2.3970
#GCMRL#   54 dt  36.288000 rms  0.688  0.159% neg 0  invalid 762 tFOTS 0.0000 tGradient 2.0690 tsec 2.3040
#GCMRL#   55 dt  36.288000 rms  0.687  0.128% neg 0  invalid 762 tFOTS 0.0000 tGradient 2.0860 tsec 2.3280
#GCMRL#   56 dt  36.288000 rms  0.687  0.095% neg 0  invalid 762 tFOTS 0.0000 tGradient 2.0830 tsec 2.3200
#GCMRL#   57 dt  36.288000 rms  0.686  0.052% neg 0  invalid 762 tFOTS 0.0000 tGradient 2.0840 tsec 2.3400

#GCAMreg# pass 0 level1 4 level2 1 tsec 61.69 sigma 0.5
l_jacobian=1.00 l_label=1.00 l_log_likelihood=0.20 l_smoothness=0.62 
tol=2.50e-01, dt=5.00e-02, exp_k=20.0, momentum=0.90, levels=6, niter=500, lbl_dist=10.00, avgs=64, sigma=0.5,type=2, relabel=0, neg=no

blurring input image with Gaussian with sigma=0.500...
GCAMRegisterLevel(): init RMS 0.68707
#FOTS# QuadFit found better minimum quadopt=(dt=36.288,rms=0.685754) vs oldopt=(dt=25.92,rms=0.685868)
#GCMRL#   59 dt  36.288000 rms  0.686  0.192% neg 0  invalid 762 tFOTS 3.2910 tGradient 2.2150 tsec 5.7510
#FOTS# QuadFit found better minimum quadopt=(dt=31.104,rms=0.685693) vs oldopt=(dt=25.92,rms=0.685699)
#GCMRL#   60 dt  31.104000 rms  0.686  0.000% neg 0  invalid 762 tFOTS 3.4850 tGradient 2.0220 tsec 5.7720
#GCMRL#   61 dt  31.104000 rms  0.686  0.000% neg 0  invalid 762 tFOTS 0.0000 tGradient 2.1730 tsec 2.4140
setting smoothness cost coefficient to 2.353

#GCAMreg# pass 0 level1 3 level2 0 tsec 0 sigma 2
l_jacobian=1.00 l_label=1.00 l_log_likelihood=0.20 l_smoothness=2.35 
tol=2.50e-01, dt=5.00e-02, exp_k=20.0, momentum=0.90, levels=6, niter=500, lbl_dist=10.00, avgs=16, sigma=2.0,type=2, relabel=0, neg=no

blurring input image with Gaussian with sigma=2.000...
GCAMRegisterLevel(): init RMS 0.710624
#FOTS# QuadFit found better minimum quadopt=(dt=1.6,rms=0.709796) vs oldopt=(dt=2,rms=0.709814)
#GCMRL#   63 dt   1.600000 rms  0.710  0.117% neg 0  invalid 762 tFOTS 3.0600 tGradient 1.8600 tsec 5.1660

#GCAMreg# pass 0 level1 3 level2 1 tsec 20.7 sigma 0.5
l_jacobian=1.00 l_label=1.00 l_log_likelihood=0.20 l_smoothness=2.35 
tol=2.50e-01, dt=5.00e-02, exp_k=20.0, momentum=0.90, levels=6, niter=500, lbl_dist=10.00, avgs=16, sigma=0.5,type=2, relabel=0, neg=no

blurring input image with Gaussian with sigma=0.500...
GCAMRegisterLevel(): init RMS 0.710499
#FOTS# QuadFit found better minimum quadopt=(dt=0.175,rms=0.709806) vs oldopt=(dt=0.125,rms=0.709807)
#GCMRL#   65 dt   0.175000 rms  0.710  0.098% neg 0  invalid 762 tFOTS 3.0990 tGradient 1.8330 tsec 5.1750
#FOTS# QuadFit found better minimum quadopt=(dt=0.04375,rms=0.709806) vs oldopt=(dt=0.03125,rms=0.709806)
#GCMRL#   66 dt   0.043750 rms  0.710  0.000% neg 0  invalid 762 tFOTS 3.0580 tGradient 1.8090 tsec 5.1310
#GCMRL#   67 dt   0.043750 rms  0.710  0.000% neg 0  invalid 762 tFOTS 0.0000 tGradient 1.7330 tsec 1.9720
setting smoothness cost coefficient to 8.000

#GCAMreg# pass 0 level1 2 level2 0 tsec 0 sigma 2
l_jacobian=1.00 l_label=1.00 l_log_likelihood=0.20 l_smoothness=8.00 
tol=2.50e-01, dt=5.00e-02, exp_k=20.0, momentum=0.90, levels=6, niter=500, lbl_dist=10.00, avgs=4, sigma=2.0,type=2, relabel=0, neg=no

blurring input image with Gaussian with sigma=2.000...
GCAMRegisterLevel(): init RMS 0.776981
#FOTS# QuadFit found better minimum quadopt=(dt=2.61123,rms=0.751452) vs oldopt=(dt=2.88,rms=0.751721)
#GCMRL#   69 dt   2.611227 rms  0.751  3.286% neg 0  invalid 762 tFOTS 3.1000 tGradient 1.5840 tsec 4.9290
#FOTS# QuadFit found better minimum quadopt=(dt=2.00473,rms=0.748177) vs oldopt=(dt=2.88,rms=0.748787)
#GCMRL#   70 dt   2.004728 rms  0.748  0.436% neg 0  invalid 762 tFOTS 3.0960 tGradient 1.5910 tsec 4.9360
#FOTS# QuadFit found better minimum quadopt=(dt=1.77778,rms=0.747416) vs oldopt=(dt=0.72,rms=0.747651)
#GCMRL#   71 dt   1.777778 rms  0.747  0.000% neg 0  invalid 762 tFOTS 3.0730 tGradient 1.5070 tsec 4.8460

#GCAMreg# pass 0 level1 2 level2 1 tsec 25.94 sigma 0.5
l_jacobian=1.00 l_label=1.00 l_log_likelihood=0.20 l_smoothness=8.00 
tol=2.50e-01, dt=5.00e-02, exp_k=20.0, momentum=0.90, levels=6, niter=500, lbl_dist=10.00, avgs=4, sigma=0.5,type=2, relabel=0, neg=no

blurring input image with Gaussian with sigma=0.500...
GCAMRegisterLevel(): init RMS 0.74809
#GCMRL#   73 dt   0.000000 rms  0.747  0.088% neg 0  invalid 762 tFOTS 2.8820 tGradient 1.5400 tsec 4.6710
setting smoothness cost coefficient to 20.000

#GCAMreg# pass 0 level1 1 level2 0 tsec 0 sigma 2
l_jacobian=1.00 l_label=1.00 l_log_likelihood=0.20 l_smoothness=20.00 
tol=2.50e-01, dt=5.00e-02, exp_k=20.0, momentum=0.90, levels=6, niter=500, lbl_dist=10.00, avgs=1, sigma=2.0,type=2, relabel=0, neg=no

blurring input image with Gaussian with sigma=2.000...
GCAMRegisterLevel(): init RMS 0.786355
#FOTS# QuadFit found better minimum quadopt=(dt=0.256,rms=0.785114) vs oldopt=(dt=0.32,rms=0.785173)
#GCMRL#   75 dt   0.256000 rms  0.785  0.158% neg 0  invalid 762 tFOTS 3.3030 tGradient 1.4110 tsec 4.9550
#FOTS# QuadFit found better minimum quadopt=(dt=1.07159,rms=0.780875) vs oldopt=(dt=1.28,rms=0.780902)
#GCMRL#   76 dt   1.071594 rms  0.781  0.540% neg 0  invalid 762 tFOTS 2.9990 tGradient 1.3310 tsec 4.5720
#FOTS# QuadFit found better minimum quadopt=(dt=0.256,rms=0.779716) vs oldopt=(dt=0.32,rms=0.779727)
#GCMRL#   77 dt   0.256000 rms  0.780  0.000% neg 0  invalid 762 tFOTS 3.0120 tGradient 1.3630 tsec 4.6340
#GCMRL#   78 dt   0.256000 rms  0.778  0.205% neg 0  invalid 762 tFOTS 0.0000 tGradient 1.3740 tsec 1.6110
#GCMRL#   79 dt   0.256000 rms  0.776  0.226% neg 0  invalid 762 tFOTS 0.0000 tGradient 1.3840 tsec 1.6190
#GCMRL#   80 dt   0.256000 rms  0.775  0.157% neg 0  invalid 762 tFOTS 0.0000 tGradient 1.3580 tsec 1.5970
#GCMRL#   81 dt   0.256000 rms  0.775  0.070% neg 0  invalid 762 tFOTS 0.0000 tGradient 1.4120 tsec 1.6560
#GCMRL#   82 dt   0.256000 rms  0.774  0.045% neg 0  invalid 762 tFOTS 0.0000 tGradient 1.4110 tsec 1.6710
#GCMRL#   83 dt   1.280000 rms  0.773  0.156% neg 0  invalid 762 tFOTS 3.0160 tGradient 1.4220 tsec 4.6840
#FOTS# QuadFit found better minimum quadopt=(dt=0.064,rms=0.772982) vs oldopt=(dt=0.08,rms=0.772985)
#GCMRL#   84 dt   0.064000 rms  0.773  0.000% neg 0  invalid 762 tFOTS 3.2050 tGradient 1.3740 tsec 4.8350
#GCMRL#   85 dt   0.064000 rms  0.773  0.001% neg 0  invalid 762 tFOTS 0.0000 tGradient 1.3750 tsec 1.6170

#GCAMreg# pass 0 level1 1 level2 1 tsec 44.622 sigma 0.5
l_jacobian=1.00 l_label=1.00 l_log_likelihood=0.20 l_smoothness=20.00 
tol=2.50e-01, dt=5.00e-02, exp_k=20.0, momentum=0.90, levels=6, niter=500, lbl_dist=10.00, avgs=1, sigma=0.5,type=2, relabel=0, neg=no

blurring input image with Gaussian with sigma=0.500...
GCAMRegisterLevel(): init RMS 0.773573
#FOTS# QuadFit found better minimum quadopt=(dt=0.112,rms=0.772883) vs oldopt=(dt=0.08,rms=0.772893)
#GCMRL#   87 dt   0.112000 rms  0.773  0.089% neg 0  invalid 762 tFOTS 3.1360 tGradient 1.6000 tsec 4.9780
#FOTS# QuadFit found better minimum quadopt=(dt=0.112,rms=0.77284) vs oldopt=(dt=0.08,rms=0.772848)
#GCMRL#   88 dt   0.112000 rms  0.773  0.000% neg 0  invalid 762 tFOTS 3.0240 tGradient 1.5170 tsec 4.8030
#GCMRL#   89 dt   0.112000 rms  0.773  0.006% neg 0  invalid 762 tFOTS 0.0000 tGradient 1.4800 tsec 1.7190
#GCMRL#   90 dt   0.112000 rms  0.773  0.005% neg 0  invalid 762 tFOTS 0.0000 tGradient 1.4890 tsec 1.7270
#GCMRL#   91 dt   0.112000 rms  0.773  0.005% neg 0  invalid 762 tFOTS 0.0000 tGradient 1.4550 tsec 1.7350
#GCMRL#   92 dt   0.112000 rms  0.773  0.008% neg 0  invalid 762 tFOTS 0.0000 tGradient 1.4210 tsec 1.6560
#GCMRL#   93 dt   0.112000 rms  0.773  0.009% neg 0  invalid 762 tFOTS 0.0000 tGradient 1.6170 tsec 1.8600
resetting metric properties...
setting smoothness cost coefficient to 40.000

#GCAMreg# pass 0 level1 0 level2 0 tsec 0 sigma 2
l_jacobian=1.00 l_label=1.00 l_log_likelihood=0.20 l_smoothness=40.00 
tol=2.50e-01, dt=5.00e-02, exp_k=20.0, momentum=0.90, levels=6, niter=500, lbl_dist=10.00, avgs=0, sigma=2.0,type=2, relabel=0, neg=no

blurring input image with Gaussian with sigma=2.000...
GCAMRegisterLevel(): init RMS 0.756299
#FOTS# QuadFit found better minimum quadopt=(dt=0.212329,rms=0.750893) vs oldopt=(dt=0.32,rms=0.751808)
#GCMRL#   95 dt   0.212329 rms  0.751  0.715% neg 0  invalid 762 tFOTS 3.0360 tGradient 1.1060 tsec 4.3880
#GCMRL#   96 dt   0.020000 rms  0.751  0.000% neg 0  invalid 762 tFOTS 3.0640 tGradient 1.0760 tsec 4.4030

#GCAMreg# pass 0 level1 0 level2 1 tsec 19.554 sigma 0.5
l_jacobian=1.00 l_label=1.00 l_log_likelihood=0.20 l_smoothness=40.00 
tol=2.50e-01, dt=5.00e-02, exp_k=20.0, momentum=0.90, levels=6, niter=500, lbl_dist=10.00, avgs=0, sigma=0.5,type=2, relabel=0, neg=no

blurring input image with Gaussian with sigma=0.500...
GCAMRegisterLevel(): init RMS 0.751363
#FOTS# QuadFit found better minimum quadopt=(dt=0.007,rms=0.750691) vs oldopt=(dt=0.005,rms=0.750692)
#GCMRL#   98 dt   0.007000 rms  0.751  0.090% neg 0  invalid 762 tFOTS 3.0550 tGradient 1.1170 tsec 4.4200
#FOTS# QuadFit found better minimum quadopt=(dt=0.00025,rms=0.75069) vs oldopt=(dt=0.0003125,rms=0.75069)
#GCMRL#   99 dt   0.000250 rms  0.751  0.000% neg 0  invalid 762 tFOTS 3.0720 tGradient 1.1180 tsec 4.4540
#GCMRL#  100 dt   0.000250 rms  0.751  0.000% neg 0  invalid 762 tFOTS 0.0000 tGradient 1.1140 tsec 1.3570
GCAMregister done in 7.07222 min
Starting GCAmapRenormalizeWithAlignment() without scales
renormalizing by structure alignment....
renormalizing input #0
gca peak = 0.10253 (16)
mri peak = 0.08179 (13)
Left_Lateral_Ventricle (4): linear fit = 0.62 x + 0.0 (820 voxels, overlap=0.157)
Left_Lateral_Ventricle (4): linear fit = 0.62 x + 0.0 (820 voxels, peak = 10), gca=9.8
gca peak = 0.17690 (16)
mri peak = 0.13421 (15)
Right_Lateral_Ventricle (43): linear fit = 0.86 x + 0.0 (674 voxels, overlap=0.684)
Right_Lateral_Ventricle (43): linear fit = 0.86 x + 0.0 (674 voxels, peak = 14), gca=13.7
gca peak = 0.28275 (96)
mri peak = 0.13227 (97)
Right_Pallidum (52): linear fit = 1.02 x + 0.0 (1050 voxels, overlap=0.997)
Right_Pallidum (52): linear fit = 1.02 x + 0.0 (1050 voxels, peak = 98), gca=98.4
gca peak = 0.18948 (93)
mri peak = 0.07671 (92)
Left_Pallidum (13): linear fit = 0.98 x + 0.0 (910 voxels, overlap=1.003)
Left_Pallidum (13): linear fit = 0.98 x + 0.0 (910 voxels, peak = 91), gca=90.7
gca peak = 0.20755 (55)
mri peak = 0.08755 (73)
Right_Hippocampus (53): linear fit = 1.23 x + 0.0 (957 voxels, overlap=0.016)
Right_Hippocampus (53): linear fit = 1.23 x + 0.0 (957 voxels, peak = 67), gca=67.4
gca peak = 0.31831 (58)
mri peak = 0.09991 (72)
Left_Hippocampus (17): linear fit = 1.25 x + 0.0 (1099 voxels, overlap=0.008)
Left_Hippocampus (17): linear fit = 1.25 x + 0.0 (1099 voxels, peak = 73), gca=72.8
gca peak = 0.11957 (102)
mri peak = 0.09644 (107)
Right_Cerebral_White_Matter (41): linear fit = 1.05 x + 0.0 (65757 voxels, overlap=0.645)
Right_Cerebral_White_Matter (41): linear fit = 1.05 x + 0.0 (65757 voxels, peak = 108), gca=107.6
gca peak = 0.11429 (102)
mri peak = 0.10166 (108)
Left_Cerebral_White_Matter (2): linear fit = 1.05 x + 0.0 (69217 voxels, overlap=0.521)
Left_Cerebral_White_Matter (2): linear fit = 1.05 x + 0.0 (69217 voxels, peak = 108), gca=107.6
gca peak = 0.14521 (59)
mri peak = 0.03341 (64)
Left_Cerebral_Cortex (3): linear fit = 1.12 x + 0.0 (26801 voxels, overlap=0.689)
Left_Cerebral_Cortex (3): linear fit = 1.12 x + 0.0 (26801 voxels, peak = 66), gca=66.4
gca peak = 0.14336 (58)
mri peak = 0.03093 (65)
Right_Cerebral_Cortex (42): linear fit = 1.10 x + 0.0 (26081 voxels, overlap=0.686)
Right_Cerebral_Cortex (42): linear fit = 1.10 x + 0.0 (26081 voxels, peak = 64), gca=63.5
gca peak = 0.13305 (70)
mri peak = 0.10078 (81)
Right_Caudate (50): linear fit = 1.16 x + 0.0 (820 voxels, overlap=0.035)
Right_Caudate (50): linear fit = 1.16 x + 0.0 (820 voxels, peak = 82), gca=81.5
gca peak = 0.15761 (71)
mri peak = 0.07649 (81)
Left_Caudate (11): linear fit = 1.12 x + 0.0 (1183 voxels, overlap=0.346)
Left_Caudate (11): linear fit = 1.12 x + 0.0 (1183 voxels, peak = 80), gca=79.9
gca peak = 0.13537 (57)
mri peak = 0.02486 (74)
Left_Cerebellum_Cortex (8): linear fit = 1.29 x + 0.0 (22043 voxels, overlap=0.000)
Left_Cerebellum_Cortex (8): linear fit = 1.29 x + 0.0 (22043 voxels, peak = 74), gca=73.8
gca peak = 0.13487 (56)
mri peak = 0.02685 (72)
Right_Cerebellum_Cortex (47): linear fit = 1.26 x + 0.0 (24877 voxels, overlap=0.000)
Right_Cerebellum_Cortex (47): linear fit = 1.26 x + 0.0 (24877 voxels, peak = 71), gca=70.8
gca peak = 0.19040 (84)
mri peak = 0.10591 (90)
Left_Cerebellum_White_Matter (7): linear fit = 1.10 x + 0.0 (9219 voxels, overlap=0.002)
Left_Cerebellum_White_Matter (7): linear fit = 1.10 x + 0.0 (9219 voxels, peak = 92), gca=92.0
gca peak = 0.18871 (83)
mri peak = 0.13066 (90)
Right_Cerebellum_White_Matter (46): linear fit = 1.08 x + 0.0 (7398 voxels, overlap=0.016)
Right_Cerebellum_White_Matter (46): linear fit = 1.08 x + 0.0 (7398 voxels, peak = 89), gca=89.2
gca peak = 0.24248 (57)
mri peak = 0.09890 (73)
Left_Amygdala (18): linear fit = 1.25 x + 0.0 (469 voxels, overlap=0.053)
Left_Amygdala (18): linear fit = 1.25 x + 0.0 (469 voxels, peak = 72), gca=71.5
gca peak = 0.35833 (56)
mri peak = 0.16075 (73)
Right_Amygdala (54): linear fit = 1.27 x + 0.0 (583 voxels, overlap=0.029)
Right_Amygdala (54): linear fit = 1.27 x + 0.0 (583 voxels, peak = 71), gca=71.4
gca peak = 0.12897 (85)
mri peak = 0.07938 (94)
Left_Thalamus (10): linear fit = 1.07 x + 0.0 (5757 voxels, overlap=0.620)
Left_Thalamus (10): linear fit = 1.07 x + 0.0 (5757 voxels, peak = 91), gca=90.5
gca peak = 0.13127 (83)
mri peak = 0.08795 (89)
Right_Thalamus (49): linear fit = 1.04 x + 0.0 (4718 voxels, overlap=0.815)
Right_Thalamus (49): linear fit = 1.04 x + 0.0 (4718 voxels, peak = 87), gca=86.7
gca peak = 0.12974 (78)
mri peak = 0.06139 (94)
Left_Putamen (12): linear fit = 1.20 x + 0.0 (2425 voxels, overlap=0.176)
Left_Putamen (12): linear fit = 1.20 x + 0.0 (2425 voxels, peak = 93), gca=93.2
gca peak = 0.17796 (79)
mri peak = 0.07668 (84)
Right_Putamen (51): linear fit = 1.14 x + 0.0 (2550 voxels, overlap=0.381)
Right_Putamen (51): linear fit = 1.14 x + 0.0 (2550 voxels, peak = 90), gca=90.5
gca peak = 0.10999 (80)
mri peak = 0.09871 (87)
Brain_Stem (16): linear fit = 1.10 x + 0.0 (11358 voxels, overlap=0.415)
Brain_Stem (16): linear fit = 1.10 x + 0.0 (11358 voxels, peak = 88), gca=87.6
gca peak = 0.13215 (88)
mri peak = 0.10336 (95)
Right_VentralDC (60): linear fit = 1.09 x + 0.0 (1307 voxels, overlap=0.425)
Right_VentralDC (60): linear fit = 1.09 x + 0.0 (1307 voxels, peak = 95), gca=95.5
gca peak = 0.11941 (89)
mri peak = 0.09166 (96)
Left_VentralDC (28): linear fit = 1.10 x + 0.0 (1573 voxels, overlap=0.280)
Left_VentralDC (28): linear fit = 1.10 x + 0.0 (1573 voxels, peak = 97), gca=97.5
gca peak = 0.20775 (25)
uniform distribution in MR - rejecting arbitrary fit
gca peak = 0.13297 (21)
mri peak = 0.11848 (21)
Fourth_Ventricle (15): linear fit = 0.81 x + 0.0 (366 voxels, overlap=0.696)
Fourth_Ventricle (15): linear fit = 0.81 x + 0.0 (366 voxels, peak = 17), gca=17.1
gca peak Unknown = 0.94777 ( 0)
gca peak Left_Inf_Lat_Vent = 0.19087 (28)
gca peak Third_Ventricle = 0.20775 (25)
gca peak CSF = 0.16821 (33)
gca peak Left_Accumbens_area = 0.32850 (63)
gca peak Left_undetermined = 0.98480 (28)
gca peak Left_vessel = 0.40887 (53)
gca peak Left_choroid_plexus = 0.10898 (46)
gca peak Right_Inf_Lat_Vent = 0.17798 (26)
gca peak Right_Accumbens_area = 0.30137 (64)
gca peak Right_vessel = 0.47828 (52)
gca peak Right_choroid_plexus = 0.11612 (45)
gca peak Fifth_Ventricle = 0.59466 (35)
gca peak WM_hypointensities = 0.10053 (78)
gca peak non_WM_hypointensities = 0.07253 (60)
gca peak Optic_Chiasm = 0.25330 (73)
not using caudate to estimate GM means
estimating mean gm scale to be 1.21 x + 0.0
estimating mean wm scale to be 1.05 x + 0.0
estimating mean csf scale to be 0.76 x + 0.0
saving intensity scales to talairach.label_intensities.txt
GCAmapRenormalizeWithAlignment() took 3.32378 min
noneg pre
Starting GCAMregister()
label assignment complete, 0 changed (0.00%)
npasses = 1, nlevels = 6
#pass# 1 of 1 ************************
enabling zero nodes
setting smoothness cost coefficient to 0.008

#GCAMreg# pass 0 level1 5 level2 0 tsec 0 sigma 2
l_jacobian=1.00 l_label=1.00 l_log_likelihood=0.20 l_smoothness=0.01 
tol=5.00e-02, dt=5.00e-02, exp_k=20.0, momentum=0.90, levels=6, niter=500, lbl_dist=10.00, avgs=256, sigma=2.0,type=2, relabel=0, neg=no

blurring input image with Gaussian with sigma=2.000...
GCAMRegisterLevel(): init RMS 0.777956
#FOTS# QuadFit found better minimum quadopt=(dt=149.185,rms=0.75262) vs oldopt=(dt=92.48,rms=0.75673)
#GCMRL#  102 dt 149.184669 rms  0.753  3.257% neg 0  invalid 762 tFOTS 3.0500 tGradient 2.2720 tsec 5.5660
#GCMRL#  103 dt 369.920000 rms  0.745  1.045% neg 0  invalid 762 tFOTS 3.0440 tGradient 2.1600 tsec 5.4480
#FOTS# QuadFit found better minimum quadopt=(dt=163.74,rms=0.740195) vs oldopt=(dt=92.48,rms=0.741464)
#GCMRL#  104 dt 163.740260 rms  0.740  0.612% neg 0  invalid 762 tFOTS 3.4380 tGradient 2.1730 tsec 5.8540
#FOTS# QuadFit found better minimum quadopt=(dt=295.936,rms=0.736914) vs oldopt=(dt=369.92,rms=0.737229)
#GCMRL#  105 dt 295.936000 rms  0.737  0.443% neg 0  invalid 762 tFOTS 3.2550 tGradient 2.0960 tsec 5.5970
#FOTS# QuadFit found better minimum quadopt=(dt=129.472,rms=0.734161) vs oldopt=(dt=92.48,rms=0.734373)
#GCMRL#  106 dt 129.472000 rms  0.734  0.374% neg 0  invalid 762 tFOTS 3.5140 tGradient 2.2420 tsec 6.0020
#FOTS# QuadFit found better minimum quadopt=(dt=295.936,rms=0.73218) vs oldopt=(dt=369.92,rms=0.732248)
#GCMRL#  107 dt 295.936000 rms  0.732  0.270% neg 0  invalid 762 tFOTS 3.2710 tGradient 2.2910 tsec 5.8110
#FOTS# QuadFit found better minimum quadopt=(dt=129.472,rms=0.730601) vs oldopt=(dt=92.48,rms=0.730795)
#GCMRL#  108 dt 129.472000 rms  0.731  0.216% neg 0  invalid 762 tFOTS 3.2790 tGradient 2.1060 tsec 5.6280
#GCMRL#  109 dt 369.920000 rms  0.729  0.213% neg 0  invalid 762 tFOTS 3.2590 tGradient 2.0990 tsec 5.6010
#FOTS# QuadFit found better minimum quadopt=(dt=129.472,rms=0.727578) vs oldopt=(dt=92.48,rms=0.727719)
#GCMRL#  110 dt 129.472000 rms  0.728  0.201% neg 0  invalid 762 tFOTS 3.2630 tGradient 2.3160 tsec 5.8240
#FOTS# QuadFit found better minimum quadopt=(dt=295.936,rms=0.726529) vs oldopt=(dt=369.92,rms=0.72659)
#GCMRL#  111 dt 295.936000 rms  0.727  0.144% neg 0  invalid 762 tFOTS 3.2370 tGradient 2.2670 tsec 5.7530
#FOTS# QuadFit found better minimum quadopt=(dt=129.472,rms=0.725518) vs oldopt=(dt=92.48,rms=0.725645)
#GCMRL#  112 dt 129.472000 rms  0.726  0.139% neg 0  invalid 762 tFOTS 3.3830 tGradient 2.1890 tsec 5.8190
#GCMRL#  113 dt 369.920000 rms  0.725  0.134% neg 0  invalid 762 tFOTS 3.2250 tGradient 2.2020 tsec 5.6720
#FOTS# QuadFit found better minimum quadopt=(dt=129.472,rms=0.723566) vs oldopt=(dt=92.48,rms=0.723641)
#GCMRL#  114 dt 129.472000 rms  0.724  0.135% neg 0  invalid 762 tFOTS 3.2630 tGradient 2.0490 tsec 5.5590
#FOTS# QuadFit found better minimum quadopt=(dt=295.936,rms=0.722889) vs oldopt=(dt=369.92,rms=0.722954)
#GCMRL#  115 dt 295.936000 rms  0.723  0.094% neg 0  invalid 762 tFOTS 3.2490 tGradient 2.2460 tsec 5.7420
#FOTS# QuadFit found better minimum quadopt=(dt=129.472,rms=0.72214) vs oldopt=(dt=92.48,rms=0.722215)
#GCMRL#  116 dt 129.472000 rms  0.722  0.104% neg 0  invalid 762 tFOTS 3.2340 tGradient 2.2940 tsec 5.7710
#GCMRL#  117 dt 369.920000 rms  0.722  0.086% neg 0  invalid 762 tFOTS 3.2380 tGradient 2.3160 tsec 5.7980
#FOTS# QuadFit found better minimum quadopt=(dt=129.472,rms=0.720737) vs oldopt=(dt=92.48,rms=0.720808)
#GCMRL#  118 dt 129.472000 rms  0.721  0.108% neg 0  invalid 762 tFOTS 3.2630 tGradient 2.1060 tsec 5.6170
#FOTS# QuadFit found better minimum quadopt=(dt=295.936,rms=0.720217) vs oldopt=(dt=369.92,rms=0.720278)
#GCMRL#  119 dt 295.936000 rms  0.720  0.072% neg 0  invalid 762 tFOTS 3.2850 tGradient 2.2390 tsec 5.7650
#FOTS# QuadFit found better minimum quadopt=(dt=129.472,rms=0.719593) vs oldopt=(dt=92.48,rms=0.719661)
#GCMRL#  120 dt 129.472000 rms  0.720  0.087% neg 0  invalid 762 tFOTS 3.2360 tGradient 2.1300 tsec 5.6110
#GCMRL#  121 dt 369.920000 rms  0.719  0.081% neg 0  invalid 762 tFOTS 3.2440 tGradient 2.0990 tsec 5.5910
#FOTS# QuadFit found better minimum quadopt=(dt=129.472,rms=0.718311) vs oldopt=(dt=92.48,rms=0.718358)
#GCMRL#  122 dt 129.472000 rms  0.718  0.097% neg 0  invalid 762 tFOTS 3.2030 tGradient 2.1320 tsec 5.5830
#FOTS# QuadFit found better minimum quadopt=(dt=221.952,rms=0.717839) vs oldopt=(dt=369.92,rms=0.717926)
#GCMRL#  123 dt 221.952000 rms  0.718  0.066% neg 0  invalid 762 tFOTS 3.2820 tGradient 2.2030 tsec 5.7250
#FOTS# QuadFit found better minimum quadopt=(dt=129.472,rms=0.717417) vs oldopt=(dt=92.48,rms=0.717492)
#GCMRL#  124 dt 129.472000 rms  0.717  0.059% neg 0  invalid 762 tFOTS 3.2440 tGradient 2.0980 tsec 5.5870
#FOTS# QuadFit found better minimum quadopt=(dt=517.888,rms=0.716632) vs oldopt=(dt=369.92,rms=0.716721)
#GCMRL#  125 dt 517.888000 rms  0.717  0.109% neg 0  invalid 762 tFOTS 3.2860 tGradient 2.1820 tsec 5.7080
#FOTS# QuadFit found better minimum quadopt=(dt=110.976,rms=0.715975) vs oldopt=(dt=92.48,rms=0.715999)
#GCMRL#  126 dt 110.976000 rms  0.716  0.092% neg 0  invalid 762 tFOTS 3.2740 tGradient 2.0760 tsec 5.5960
#FOTS# QuadFit found better minimum quadopt=(dt=517.888,rms=0.71513) vs oldopt=(dt=369.92,rms=0.715275)
#GCMRL#  127 dt 517.888000 rms  0.715  0.118% neg 0  invalid 762 tFOTS 3.2590 tGradient 2.0540 tsec 5.5630
#FOTS# QuadFit found better minimum quadopt=(dt=110.976,rms=0.71463) vs oldopt=(dt=92.48,rms=0.714652)
#GCMRL#  128 dt 110.976000 rms  0.715  0.070% neg 0  invalid 762 tFOTS 3.2520 tGradient 2.0840 tsec 5.6000
#FOTS# QuadFit found better minimum quadopt=(dt=517.888,rms=0.713818) vs oldopt=(dt=369.92,rms=0.713965)
#GCMRL#  129 dt 517.888000 rms  0.714  0.114% neg 0  invalid 762 tFOTS 3.2500 tGradient 2.0810 tsec 5.5750
#FOTS# QuadFit found better minimum quadopt=(dt=129.472,rms=0.713337) vs oldopt=(dt=92.48,rms=0.713375)
#GCMRL#  130 dt 129.472000 rms  0.713  0.067% neg 0  invalid 762 tFOTS 3.2730 tGradient 2.0560 tsec 5.5700
#FOTS# QuadFit found better minimum quadopt=(dt=295.936,rms=0.712948) vs oldopt=(dt=369.92,rms=0.712988)
#GCMRL#  131 dt 295.936000 rms  0.713  0.054% neg 0  invalid 762 tFOTS 3.2740 tGradient 2.1200 tsec 5.6370
#FOTS# QuadFit found better minimum quadopt=(dt=129.472,rms=0.712581) vs oldopt=(dt=92.48,rms=0.712617)
#GCMRL#  132 dt 129.472000 rms  0.713  0.051% neg 0  invalid 762 tFOTS 3.2700 tGradient 2.1230 tsec 5.6430
#FOTS# QuadFit found better minimum quadopt=(dt=295.936,rms=0.712192) vs oldopt=(dt=369.92,rms=0.712204)
#GCMRL#  133 dt 295.936000 rms  0.712  0.055% neg 0  invalid 762 tFOTS 3.2540 tGradient 2.0980 tsec 5.6010
#FOTS# QuadFit found better minimum quadopt=(dt=129.472,rms=0.711844) vs oldopt=(dt=92.48,rms=0.711881)
#GCMRL#  134 dt 129.472000 rms  0.712  0.000% neg 0  invalid 762 tFOTS 3.2640 tGradient 2.1140 tsec 5.6400
#GCMRL#  135 dt 129.472000 rms  0.712  0.031% neg 0  invalid 762 tFOTS 0.0000 tGradient 2.1080 tsec 2.3480
#GCMRL#  136 dt 129.472000 rms  0.711  0.054% neg 0  invalid 762 tFOTS 0.0000 tGradient 2.0510 tsec 2.2970
#GCMRL#  137 dt 129.472000 rms  0.711  0.079% neg 0  invalid 762 tFOTS 0.0000 tGradient 2.0650 tsec 2.3040
#GCMRL#  138 dt 129.472000 rms  0.710  0.091% neg 0  invalid 762 tFOTS 0.0000 tGradient 2.0280 tsec 2.2660
#GCMRL#  139 dt 129.472000 rms  0.709  0.104% neg 0  invalid 762 tFOTS 0.0000 tGradient 2.1050 tsec 2.3440
#GCMRL#  140 dt 129.472000 rms  0.709  0.112% neg 0  invalid 762 tFOTS 0.0000 tGradient 2.0570 tsec 2.2950
#GCMRL#  141 dt 129.472000 rms  0.708  0.109% neg 0  invalid 762 tFOTS 0.0000 tGradient 2.0880 tsec 2.3270
#GCMRL#  142 dt 129.472000 rms  0.707  0.107% neg 0  invalid 762 tFOTS 0.0000 tGradient 2.0760 tsec 2.3170
#GCMRL#  143 dt 129.472000 rms  0.706  0.094% neg 0  invalid 762 tFOTS 0.0000 tGradient 2.0930 tsec 2.3310
#GCMRL#  144 dt 129.472000 rms  0.706  0.094% neg 0  invalid 762 tFOTS 0.0000 tGradient 2.1220 tsec 2.3690
#GCMRL#  145 dt 129.472000 rms  0.705  0.093% neg 0  invalid 762 tFOTS 0.0000 tGradient 2.1570 tsec 2.3960
#GCMRL#  146 dt 129.472000 rms  0.704  0.092% neg 0  invalid 762 tFOTS 0.0000 tGradient 2.1940 tsec 2.4370
#GCMRL#  147 dt 129.472000 rms  0.704  0.077% neg 0  invalid 762 tFOTS 0.0000 tGradient 2.1540 tsec 2.3940
#GCMRL#  148 dt 129.472000 rms  0.703  0.075% neg 0  invalid 762 tFOTS 0.0000 tGradient 2.1500 tsec 2.3880
#GCMRL#  149 dt 129.472000 rms  0.703  0.076% neg 0  invalid 762 tFOTS 0.0000 tGradient 2.2190 tsec 2.4630
#GCMRL#  150 dt 129.472000 rms  0.702  0.064% neg 0  invalid 762 tFOTS 0.0000 tGradient 2.1370 tsec 2.3780
#GCMRL#  151 dt 129.472000 rms  0.702  0.066% neg 0  invalid 762 tFOTS 0.0000 tGradient 2.1550 tsec 2.3930
#GCMRL#  152 dt 129.472000 rms  0.701  0.069% neg 0  invalid 762 tFOTS 0.0000 tGradient 2.1770 tsec 2.4150
#GCMRL#  153 dt 129.472000 rms  0.701  0.067% neg 0  invalid 762 tFOTS 0.0000 tGradient 2.2490 tsec 2.4880
#GCMRL#  154 dt 129.472000 rms  0.700  0.058% neg 0  invalid 762 tFOTS 0.0000 tGradient 2.1040 tsec 2.3410
#GCMRL#  155 dt 129.472000 rms  0.700  0.055% neg 0  invalid 762 tFOTS 0.0000 tGradient 2.1600 tsec 2.3970
#GCMRL#  156 dt 129.472000 rms  0.700  0.053% neg 0  invalid 762 tFOTS 0.0000 tGradient 2.1930 tsec 2.4340
#GCMRL#  157 dt 129.472000 rms  0.699  0.056% neg 0  invalid 762 tFOTS 0.0000 tGradient 2.2290 tsec 2.4690
#GCMRL#  158 dt 129.472000 rms  0.699  0.052% neg 0  invalid 762 tFOTS 0.0000 tGradient 2.5570 tsec 2.8690
#GCMRL#  159 dt 129.472000 rms  0.699  0.052% neg 0  invalid 762 tFOTS 0.0000 tGradient 2.1850 tsec 2.4240
#GCMRL#  160 dt 129.472000 rms  0.698  0.060% neg 0  invalid 762 tFOTS 0.0000 tGradient 2.2030 tsec 2.4420
#GCMRL#  161 dt 129.472000 rms  0.698  0.060% neg 0  invalid 762 tFOTS 0.0000 tGradient 2.1730 tsec 2.4180
#GCMRL#  162 dt 129.472000 rms  0.697  0.059% neg 0  invalid 762 tFOTS 0.0000 tGradient 2.1830 tsec 2.4230
#GCMRL#  163 dt 129.472000 rms  0.697  0.058% neg 0  invalid 762 tFOTS 0.0000 tGradient 2.1460 tsec 2.3870
#GCMRL#  164 dt 129.472000 rms  0.697  0.058% neg 0  invalid 762 tFOTS 0.0000 tGradient 2.1340 tsec 2.3730
#GCMRL#  165 dt 129.472000 rms  0.696  0.059% neg 0  invalid 762 tFOTS 0.0000 tGradient 2.1660 tsec 2.4050
#GCMRL#  166 dt 129.472000 rms  0.696  0.058% neg 0  invalid 762 tFOTS 0.0000 tGradient 2.1440 tsec 2.3850
#GCMRL#  167 dt 129.472000 rms  0.695  0.058% neg 0  invalid 762 tFOTS 0.0000 tGradient 2.1570 tsec 2.3970
#GCMRL#  168 dt 129.472000 rms  0.695  0.058% neg 0  invalid 762 tFOTS 0.0000 tGradient 2.1560 tsec 2.3970
#GCMRL#  169 dt 129.472000 rms  0.694  0.063% neg 0  invalid 762 tFOTS 0.0000 tGradient 2.2600 tsec 2.5000
#GCMRL#  170 dt 129.472000 rms  0.694  0.064% neg 0  invalid 762 tFOTS 0.0000 tGradient 2.2250 tsec 2.4640
#GCMRL#  171 dt 129.472000 rms  0.694  0.064% neg 0  invalid 762 tFOTS 0.0000 tGradient 2.1580 tsec 2.4180
#GCMRL#  172 dt 129.472000 rms  0.693  0.058% neg 0  invalid 762 tFOTS 0.0000 tGradient 2.2030 tsec 2.4440
#GCMRL#  173 dt 129.472000 rms  0.693  0.057% neg 0  invalid 762 tFOTS 0.0000 tGradient 2.1280 tsec 2.3690
#GCMRL#  174 dt 129.472000 rms  0.692  0.061% neg 0  invalid 762 tFOTS 0.0000 tGradient 2.1820 tsec 2.4210
#GCMRL#  175 dt 129.472000 rms  0.692  0.052% neg 0  invalid 762 tFOTS 0.0000 tGradient 2.1690 tsec 2.4070
#GCMRL#  176 dt 129.472000 rms  0.692  0.047% neg 0  invalid 762 tFOTS 0.0000 tGradient 2.1790 tsec 2.4190
#GCMRL#  177 dt 129.472000 rms  0.691  0.045% neg 0  invalid 762 tFOTS 0.0000 tGradient 2.1150 tsec 2.3550
#GCMRL#  178 dt 129.472000 rms  0.691  0.040% neg 0  invalid 762 tFOTS 0.0000 tGradient 2.1480 tsec 2.3860
#GCMRL#  179 dt 129.472000 rms  0.691  0.036% neg 0  invalid 762 tFOTS 0.0000 tGradient 2.1530 tsec 2.3930
#GCMRL#  180 dt 129.472000 rms  0.691  0.035% neg 0  invalid 762 tFOTS 0.0000 tGradient 2.1620 tsec 2.3990
#GCMRL#  181 dt 129.472000 rms  0.690  0.033% neg 0  invalid 762 tFOTS 0.0000 tGradient 2.1750 tsec 2.4160
#GCMRL#  182 dt 129.472000 rms  0.690  0.034% neg 0  invalid 762 tFOTS 0.0000 tGradient 2.1700 tsec 2.4090
#GCMRL#  183 dt 129.472000 rms  0.690  0.034% neg 0  invalid 762 tFOTS 0.0000 tGradient 2.1450 tsec 2.3820
#GCMRL#  184 dt 129.472000 rms  0.690  0.033% neg 0  invalid 762 tFOTS 0.0000 tGradient 2.1660 tsec 2.4070
#GCMRL#  185 dt 129.472000 rms  0.689  0.031% neg 0  invalid 762 tFOTS 0.0000 tGradient 2.1850 tsec 2.4250
#GCMRL#  186 dt 129.472000 rms  0.689  0.030% neg 0  invalid 762 tFOTS 0.0000 tGradient 2.2000 tsec 2.4400
#GCMRL#  187 dt 129.472000 rms  0.689  0.032% neg 0  invalid 762 tFOTS 0.0000 tGradient 2.2160 tsec 2.4540
#GCMRL#  188 dt 129.472000 rms  0.689  0.032% neg 0  invalid 762 tFOTS 0.0000 tGradient 2.2280 tsec 2.4690
#GCMRL#  189 dt 129.472000 rms  0.689  0.030% neg 0  invalid 762 tFOTS 0.0000 tGradient 2.1920 tsec 2.4300
#GCMRL#  190 dt 129.472000 rms  0.688  0.026% neg 0  invalid 762 tFOTS 0.0000 tGradient 2.1790 tsec 2.4180
#GCMRL#  191 dt 129.472000 rms  0.688  0.027% neg 0  invalid 762 tFOTS 0.0000 tGradient 2.1910 tsec 2.4340
#GCMRL#  192 dt 129.472000 rms  0.688  0.028% neg 0  invalid 762 tFOTS 0.0000 tGradient 2.1790 tsec 2.4140
#GCMRL#  193 dt 129.472000 rms  0.688  0.027% neg 0  invalid 762 tFOTS 0.0000 tGradient 2.0940 tsec 2.3510
#GCMRL#  194 dt 129.472000 rms  0.688  0.027% neg 0  invalid 762 tFOTS 0.0000 tGradient 2.2060 tsec 2.4450
#GCMRL#  195 dt 129.472000 rms  0.687  0.027% neg 0  invalid 762 tFOTS 0.0000 tGradient 2.1610 tsec 2.4050
#GCMRL#  196 dt 129.472000 rms  0.687  0.028% neg 0  invalid 762 tFOTS 0.0000 tGradient 2.2210 tsec 2.4640
#GCMRL#  197 dt 129.472000 rms  0.687  0.027% neg 0  invalid 762 tFOTS 0.0000 tGradient 2.2460 tsec 2.4830
#GCMRL#  198 dt 129.472000 rms  0.687  0.024% neg 0  invalid 762 tFOTS 0.0000 tGradient 2.2680 tsec 2.5080
#GCMRL#  199 dt 129.472000 rms  0.687  0.025% neg 0  invalid 762 tFOTS 0.0000 tGradient 2.1260 tsec 2.3660
#GCMRL#  200 dt 129.472000 rms  0.687  0.025% neg 0  invalid 762 tFOTS 0.0000 tGradient 2.1290 tsec 2.3690
#GCMRL#  201 dt 129.472000 rms  0.686  0.024% neg 0  invalid 762 tFOTS 0.0000 tGradient 2.2150 tsec 2.4720
#FOTS# QuadFit found better minimum quadopt=(dt=517.888,rms=0.686374) vs oldopt=(dt=369.92,rms=0.686388)
#GCMRL#  202 dt 517.888000 rms  0.686  0.000% neg 0  invalid 762 tFOTS 3.4430 tGradient 2.0720 tsec 5.7770

#GCAMreg# pass 0 level1 5 level2 1 tsec 365.997 sigma 0.5
l_jacobian=1.00 l_label=1.00 l_log_likelihood=0.20 l_smoothness=0.01 
tol=5.00e-02, dt=5.00e-02, exp_k=20.0, momentum=0.90, levels=6, niter=500, lbl_dist=10.00, avgs=256, sigma=0.5,type=2, relabel=0, neg=no

blurring input image with Gaussian with sigma=0.500...
GCAMRegisterLevel(): init RMS 0.686827
#GCMRL#  204 dt 369.920000 rms  0.685  0.207% neg 0  invalid 762 tFOTS 3.4250 tGradient 2.1450 tsec 5.8200
#GCMRL#  205 dt 369.920000 rms  0.684  0.151% neg 0  invalid 762 tFOTS 3.4510 tGradient 2.1330 tsec 5.8240
#GCMRL#  206 dt  92.480000 rms  0.684  0.000% neg 0  invalid 762 tFOTS 3.4660 tGradient 2.1170 tsec 5.8500
#GCMRL#  207 dt  92.480000 rms  0.684  0.007% neg 0  invalid 762 tFOTS 0.0000 tGradient 2.1420 tsec 2.3760
#GCMRL#  208 dt  92.480000 rms  0.684  0.002% neg 0  invalid 762 tFOTS 0.0000 tGradient 2.1460 tsec 2.3830
#GCMRL#  209 dt  92.480000 rms  0.684  0.008% neg 0  invalid 762 tFOTS 0.0000 tGradient 2.1280 tsec 2.3660
#GCMRL#  210 dt  92.480000 rms  0.684  0.024% neg 0  invalid 762 tFOTS 0.0000 tGradient 2.1610 tsec 2.4000
#GCMRL#  211 dt  92.480000 rms  0.684  0.035% neg 0  invalid 762 tFOTS 0.0000 tGradient 2.1550 tsec 2.3940
#GCMRL#  212 dt  92.480000 rms  0.684  0.031% neg 0  invalid 762 tFOTS 0.0000 tGradient 2.1400 tsec 2.3810
#GCMRL#  213 dt  92.480000 rms  0.683  0.025% neg 0  invalid 762 tFOTS 0.0000 tGradient 2.1400 tsec 2.3810
#GCMRL#  214 dt  92.480000 rms  0.683  0.018% neg 0  invalid 762 tFOTS 0.0000 tGradient 2.1290 tsec 2.3760
#GCMRL#  215 dt  92.480000 rms  0.683  0.014% neg 0  invalid 762 tFOTS 0.0000 tGradient 2.0040 tsec 2.2620
#FOTS# QuadFit found better minimum quadopt=(dt=110.976,rms=0.683136) vs oldopt=(dt=92.48,rms=0.683136)
#GCMRL#  216 dt 110.976000 rms  0.683  0.000% neg 0  invalid 762 tFOTS 3.5080 tGradient 2.0920 tsec 5.8650
setting smoothness cost coefficient to 0.031

#GCAMreg# pass 0 level1 4 level2 0 tsec 0 sigma 2
l_jacobian=1.00 l_label=1.00 l_log_likelihood=0.20 l_smoothness=0.03 
tol=5.00e-02, dt=5.00e-02, exp_k=20.0, momentum=0.90, levels=6, niter=500, lbl_dist=10.00, avgs=64, sigma=2.0,type=2, relabel=0, neg=no

blurring input image with Gaussian with sigma=2.000...
GCAMRegisterLevel(): init RMS 0.685864
#FOTS# QuadFit found better minimum quadopt=(dt=168.381,rms=0.681033) vs oldopt=(dt=103.68,rms=0.681574)
#GCMRL#  218 dt 168.380952 rms  0.681  0.704% neg 0  invalid 762 tFOTS 3.2820 tGradient 1.6490 tsec 5.1750
#FOTS# QuadFit found better minimum quadopt=(dt=239.816,rms=0.671936) vs oldopt=(dt=103.68,rms=0.674462)
#GCMRL#  219 dt 239.816092 rms  0.672  1.336% neg 0  invalid 762 tFOTS 3.2650 tGradient 1.6190 tsec 5.1270
#FOTS# QuadFit found better minimum quadopt=(dt=70.7879,rms=0.667566) vs oldopt=(dt=25.92,rms=0.668952)
#GCMRL#  220 dt  70.787879 rms  0.668  0.650% neg 0  invalid 762 tFOTS 3.2990 tGradient 1.6070 tsec 5.1490
#FOTS# QuadFit found better minimum quadopt=(dt=145.152,rms=0.664593) vs oldopt=(dt=103.68,rms=0.665138)
#GCMRL#  221 dt 145.152000 rms  0.665  0.445% neg 0  invalid 762 tFOTS 3.0730 tGradient 1.6040 tsec 4.9230
#FOTS# QuadFit found better minimum quadopt=(dt=100.404,rms=0.662456) vs oldopt=(dt=103.68,rms=0.662459)
#GCMRL#  222 dt 100.403670 rms  0.662  0.322% neg 0  invalid 762 tFOTS 3.2770 tGradient 1.6110 tsec 5.1350
#FOTS# QuadFit found better minimum quadopt=(dt=111.333,rms=0.660013) vs oldopt=(dt=103.68,rms=0.660015)
#GCMRL#  223 dt 111.333333 rms  0.660  0.369% neg 0  invalid 762 tFOTS 3.2920 tGradient 1.6260 tsec 5.1620
#FOTS# QuadFit found better minimum quadopt=(dt=66.6988,rms=0.658418) vs oldopt=(dt=103.68,rms=0.658829)
#GCMRL#  224 dt  66.698795 rms  0.658  0.242% neg 0  invalid 762 tFOTS 3.2870 tGradient 1.6560 tsec 5.2470
#FOTS# QuadFit found better minimum quadopt=(dt=145.152,rms=0.65592) vs oldopt=(dt=103.68,rms=0.656395)
#GCMRL#  225 dt 145.152000 rms  0.656  0.379% neg 0  invalid 762 tFOTS 3.0700 tGradient 1.6130 tsec 4.9280
#FOTS# QuadFit found better minimum quadopt=(dt=71.9238,rms=0.654731) vs oldopt=(dt=103.68,rms=0.65493)
#GCMRL#  226 dt  71.923810 rms  0.655  0.181% neg 0  invalid 762 tFOTS 3.2660 tGradient 1.5790 tsec 5.0860
#FOTS# QuadFit found better minimum quadopt=(dt=145.152,rms=0.652557) vs oldopt=(dt=103.68,rms=0.652922)
#GCMRL#  227 dt 145.152000 rms  0.653  0.332% neg 0  invalid 762 tFOTS 3.0810 tGradient 1.6080 tsec 4.9350
#FOTS# QuadFit found better minimum quadopt=(dt=62.208,rms=0.651519) vs oldopt=(dt=103.68,rms=0.651902)
#GCMRL#  228 dt  62.208000 rms  0.652  0.159% neg 0  invalid 762 tFOTS 3.3310 tGradient 1.6320 tsec 5.2390
#FOTS# QuadFit found better minimum quadopt=(dt=331.776,rms=0.648729) vs oldopt=(dt=414.72,rms=0.648809)
#GCMRL#  229 dt 331.776000 rms  0.649  0.428% neg 0  invalid 762 tFOTS 3.3030 tGradient 1.6030 tsec 5.1600
#FOTS# QuadFit found better minimum quadopt=(dt=36.288,rms=0.646872) vs oldopt=(dt=25.92,rms=0.647222)
#GCMRL#  230 dt  36.288000 rms  0.647  0.286% neg 0  invalid 762 tFOTS 3.3270 tGradient 1.6760 tsec 5.2520
#GCMRL#  231 dt 103.680000 rms  0.646  0.128% neg 0  invalid 762 tFOTS 3.4300 tGradient 1.6750 tsec 5.4070
#FOTS# QuadFit found better minimum quadopt=(dt=124.416,rms=0.644857) vs oldopt=(dt=103.68,rms=0.644865)
#GCMRL#  232 dt 124.416000 rms  0.645  0.183% neg 0  invalid 762 tFOTS 3.1690 tGradient 1.6230 tsec 5.0410
#FOTS# QuadFit found better minimum quadopt=(dt=36.288,rms=0.644159) vs oldopt=(dt=25.92,rms=0.644306)
#GCMRL#  233 dt  36.288000 rms  0.644  0.108% neg 0  invalid 762 tFOTS 3.1050 tGradient 1.6610 tsec 5.0160
#FOTS# QuadFit found better minimum quadopt=(dt=331.776,rms=0.642277) vs oldopt=(dt=414.72,rms=0.642298)
#GCMRL#  234 dt 331.776000 rms  0.642  0.292% neg 0  invalid 762 tFOTS 3.3080 tGradient 1.6470 tsec 5.1990
#FOTS# QuadFit found better minimum quadopt=(dt=36.288,rms=0.64083) vs oldopt=(dt=25.92,rms=0.641131)
#GCMRL#  235 dt  36.288000 rms  0.641  0.225% neg 0  invalid 762 tFOTS 3.3040 tGradient 1.6810 tsec 5.2290
#FOTS# QuadFit found better minimum quadopt=(dt=145.152,rms=0.639821) vs oldopt=(dt=103.68,rms=0.63996)
#GCMRL#  236 dt 145.152000 rms  0.640  0.157% neg 0  invalid 762 tFOTS 3.3910 tGradient 1.6480 tsec 5.2860
#FOTS# QuadFit found better minimum quadopt=(dt=82.944,rms=0.639082) vs oldopt=(dt=103.68,rms=0.639201)
#GCMRL#  237 dt  82.944000 rms  0.639  0.116% neg 0  invalid 762 tFOTS 3.5180 tGradient 1.6590 tsec 5.4230
#GCMRL#  238 dt 103.680000 rms  0.638  0.137% neg 0  invalid 762 tFOTS 3.0760 tGradient 1.6170 tsec 4.9400
#FOTS# QuadFit found better minimum quadopt=(dt=82.944,rms=0.637613) vs oldopt=(dt=103.68,rms=0.637705)
#GCMRL#  239 dt  82.944000 rms  0.638  0.093% neg 0  invalid 762 tFOTS 3.2930 tGradient 1.6090 tsec 5.1420
#FOTS# QuadFit found better minimum quadopt=(dt=124.416,rms=0.636684) vs oldopt=(dt=103.68,rms=0.636701)
#GCMRL#  240 dt 124.416000 rms  0.637  0.146% neg 0  invalid 762 tFOTS 3.5250 tGradient 1.6220 tsec 5.4670
#FOTS# QuadFit found better minimum quadopt=(dt=36.288,rms=0.636173) vs oldopt=(dt=25.92,rms=0.636278)
#GCMRL#  241 dt  36.288000 rms  0.636  0.080% neg 0  invalid 762 tFOTS 3.5400 tGradient 2.1660 tsec 5.9560
#FOTS# QuadFit found better minimum quadopt=(dt=331.776,rms=0.634901) vs oldopt=(dt=414.72,rms=0.634971)
#GCMRL#  242 dt 331.776000 rms  0.635  0.200% neg 0  invalid 762 tFOTS 3.2840 tGradient 1.6480 tsec 5.1810
#FOTS# QuadFit found better minimum quadopt=(dt=36.288,rms=0.633733) vs oldopt=(dt=25.92,rms=0.633969)
#GCMRL#  243 dt  36.288000 rms  0.634  0.184% neg 0  invalid 762 tFOTS 3.2610 tGradient 1.6690 tsec 5.1810
#FOTS# QuadFit found better minimum quadopt=(dt=145.152,rms=0.6328) vs oldopt=(dt=103.68,rms=0.632947)
#GCMRL#  244 dt 145.152000 rms  0.633  0.147% neg 0  invalid 762 tFOTS 3.2820 tGradient 1.6370 tsec 5.1660
#FOTS# QuadFit found better minimum quadopt=(dt=36.288,rms=0.632469) vs oldopt=(dt=25.92,rms=0.632537)
#GCMRL#  245 dt  36.288000 rms  0.632  0.052% neg 0  invalid 762 tFOTS 3.4900 tGradient 1.6590 tsec 5.3930
#FOTS# QuadFit found better minimum quadopt=(dt=497.664,rms=0.630901) vs oldopt=(dt=414.72,rms=0.630954)
#GCMRL#  246 dt 497.664000 rms  0.631  0.248% neg 0  invalid 762 tFOTS 3.2630 tGradient 1.6760 tsec 5.1840
#FOTS# QuadFit found better minimum quadopt=(dt=36.288,rms=0.629554) vs oldopt=(dt=25.92,rms=0.629824)
#GCMRL#  247 dt  36.288000 rms  0.630  0.213% neg 0  invalid 762 tFOTS 3.3750 tGradient 1.6160 tsec 5.2350
#FOTS# QuadFit found better minimum quadopt=(dt=124.416,rms=0.628925) vs oldopt=(dt=103.68,rms=0.628942)
#GCMRL#  248 dt 124.416000 rms  0.629  0.100% neg 0  invalid 762 tFOTS 3.2860 tGradient 1.6910 tsec 5.2300
#FOTS# QuadFit found better minimum quadopt=(dt=62.208,rms=0.628523) vs oldopt=(dt=103.68,rms=0.628638)
#GCMRL#  249 dt  62.208000 rms  0.629  0.064% neg 0  invalid 762 tFOTS 3.4370 tGradient 1.6630 tsec 5.3490
#FOTS# QuadFit found better minimum quadopt=(dt=145.152,rms=0.627916) vs oldopt=(dt=103.68,rms=0.628035)
#GCMRL#  250 dt 145.152000 rms  0.628  0.097% neg 0  invalid 762 tFOTS 3.2900 tGradient 1.6240 tsec 5.1610
#FOTS# QuadFit found better minimum quadopt=(dt=82.944,rms=0.627511) vs oldopt=(dt=103.68,rms=0.627535)
#GCMRL#  251 dt  82.944000 rms  0.628  0.065% neg 0  invalid 762 tFOTS 3.3090 tGradient 1.5900 tsec 5.1400
#GCMRL#  252 dt 103.680000 rms  0.627  0.061% neg 0  invalid 762 tFOTS 3.2760 tGradient 1.6490 tsec 5.1780
#FOTS# QuadFit found better minimum quadopt=(dt=82.944,rms=0.626767) vs oldopt=(dt=103.68,rms=0.626813)
#GCMRL#  253 dt  82.944000 rms  0.627  0.058% neg 0  invalid 762 tFOTS 3.2750 tGradient 1.5830 tsec 5.1100
#FOTS# QuadFit found better minimum quadopt=(dt=82.944,rms=0.626397) vs oldopt=(dt=103.68,rms=0.626405)
#GCMRL#  254 dt  82.944000 rms  0.626  0.059% neg 0  invalid 762 tFOTS 3.3320 tGradient 1.6810 tsec 5.2550
#GCMRL#  255 dt 103.680000 rms  0.626  0.061% neg 0  invalid 762 tFOTS 3.2910 tGradient 1.6180 tsec 5.1530
#FOTS# QuadFit found better minimum quadopt=(dt=62.208,rms=0.625728) vs oldopt=(dt=103.68,rms=0.625814)
#GCMRL#  256 dt  62.208000 rms  0.626  0.000% neg 0  invalid 762 tFOTS 3.0760 tGradient 1.6000 tsec 4.9460
#GCMRL#  257 dt  62.208000 rms  0.625  0.049% neg 0  invalid 762 tFOTS 0.0000 tGradient 1.6570 tsec 1.9030
#GCMRL#  258 dt  62.208000 rms  0.625  0.072% neg 0  invalid 762 tFOTS 0.0000 tGradient 1.5780 tsec 1.8730
#GCMRL#  259 dt  62.208000 rms  0.624  0.101% neg 0  invalid 762 tFOTS 0.0000 tGradient 1.7330 tsec 1.9720
#GCMRL#  260 dt  62.208000 rms  0.624  0.112% neg 0  invalid 762 tFOTS 0.0000 tGradient 1.5820 tsec 1.8310
#GCMRL#  261 dt  62.208000 rms  0.623  0.148% neg 0  invalid 762 tFOTS 0.0000 tGradient 1.5930 tsec 1.8300
#GCMRL#  262 dt  62.208000 rms  0.622  0.156% neg 0  invalid 762 tFOTS 0.0000 tGradient 1.6430 tsec 1.8830
#GCMRL#  263 dt  62.208000 rms  0.621  0.169% neg 0  invalid 762 tFOTS 0.0000 tGradient 1.6710 tsec 1.9150
#GCMRL#  264 dt  62.208000 rms  0.620  0.181% neg 0  invalid 762 tFOTS 0.0000 tGradient 1.6260 tsec 1.8650
#GCMRL#  265 dt  62.208000 rms  0.618  0.178% neg 0  invalid 762 tFOTS 0.0000 tGradient 1.6390 tsec 1.8790
#GCMRL#  266 dt  62.208000 rms  0.617  0.175% neg 0  invalid 762 tFOTS 0.0000 tGradient 1.6360 tsec 1.8760
#GCMRL#  267 dt  62.208000 rms  0.616  0.163% neg 0  invalid 762 tFOTS 0.0000 tGradient 1.6300 tsec 1.8710
#GCMRL#  268 dt  62.208000 rms  0.615  0.164% neg 0  invalid 762 tFOTS 0.0000 tGradient 1.6340 tsec 1.8720
#GCMRL#  269 dt  62.208000 rms  0.614  0.163% neg 0  invalid 762 tFOTS 0.0000 tGradient 1.6170 tsec 1.8530
#GCMRL#  270 dt  62.208000 rms  0.613  0.158% neg 0  invalid 762 tFOTS 0.0000 tGradient 1.6310 tsec 1.8680
#GCMRL#  271 dt  62.208000 rms  0.612  0.152% neg 0  invalid 762 tFOTS 0.0000 tGradient 1.6270 tsec 1.8630
#GCMRL#  272 dt  62.208000 rms  0.612  0.139% neg 0  invalid 762 tFOTS 0.0000 tGradient 1.6690 tsec 1.9080
#GCMRL#  273 dt  62.208000 rms  0.611  0.132% neg 0  invalid 762 tFOTS 0.0000 tGradient 1.6600 tsec 1.8930
#GCMRL#  274 dt  62.208000 rms  0.610  0.133% neg 0  invalid 762 tFOTS 0.0000 tGradient 1.6370 tsec 1.8710
#GCMRL#  275 dt  62.208000 rms  0.609  0.117% neg 0  invalid 762 tFOTS 0.0000 tGradient 1.7110 tsec 1.9490
#GCMRL#  276 dt  62.208000 rms  0.609  0.106% neg 0  invalid 762 tFOTS 0.0000 tGradient 1.7320 tsec 1.9780
#GCMRL#  277 dt  62.208000 rms  0.609  0.017% neg 0  invalid 762 tFOTS 0.0000 tGradient 1.6570 tsec 2.0270
#GCMRL#  278 dt  62.208000 rms  0.608  0.016% neg 0  invalid 762 tFOTS 0.0000 tGradient 1.6770 tsec 1.9400
#FOTS# QuadFit found better minimum quadopt=(dt=145.152,rms=0.608218) vs oldopt=(dt=103.68,rms=0.608244)
#GCMRL#  279 dt 145.152000 rms  0.608  0.035% neg 0  invalid 762 tFOTS 3.3480 tGradient 1.7450 tsec 5.4130
#FOTS# QuadFit found better minimum quadopt=(dt=36.288,rms=0.608191) vs oldopt=(dt=25.92,rms=0.608199)
#GCMRL#  280 dt  36.288000 rms  0.608  0.000% neg 0  invalid 762 tFOTS 3.4900 tGradient 1.7470 tsec 5.5040
#GCMRL#  281 dt  36.288000 rms  0.608  0.008% neg 0  invalid 762 tFOTS 0.0000 tGradient 1.6580 tsec 1.9000
#GCMRL#  282 dt  36.288000 rms  0.608  0.014% neg 0  invalid 762 tFOTS 0.0000 tGradient 1.6850 tsec 1.9270
#GCMRL#  283 dt  36.288000 rms  0.608  0.015% neg 0  invalid 762 tFOTS 0.0000 tGradient 1.6430 tsec 1.8890
#GCMRL#  284 dt  36.288000 rms  0.608  0.021% neg 0  invalid 762 tFOTS 0.0000 tGradient 1.5960 tsec 1.8440
#GCMRL#  285 dt  36.288000 rms  0.608  0.025% neg 0  invalid 762 tFOTS 0.0000 tGradient 1.7230 tsec 1.9690
#GCMRL#  286 dt  36.288000 rms  0.608  0.024% neg 0  invalid 762 tFOTS 0.0000 tGradient 1.6870 tsec 1.9280
#GCMRL#  287 dt  36.288000 rms  0.607  0.031% neg 0  invalid 762 tFOTS 0.0000 tGradient 1.6750 tsec 1.9170
#GCMRL#  288 dt  36.288000 rms  0.607  0.031% neg 0  invalid 762 tFOTS 0.0000 tGradient 1.6560 tsec 1.8930
#GCMRL#  289 dt  36.288000 rms  0.607  0.044% neg 0  invalid 762 tFOTS 0.0000 tGradient 1.6020 tsec 1.8430
#GCMRL#  290 dt  36.288000 rms  0.607  0.042% neg 0  invalid 762 tFOTS 0.0000 tGradient 1.6570 tsec 1.9020
#GCMRL#  291 dt  36.288000 rms  0.606  0.031% neg 0  invalid 762 tFOTS 0.0000 tGradient 1.6340 tsec 1.8770
#GCMRL#  292 dt  36.288000 rms  0.606  0.037% neg 0  invalid 762 tFOTS 0.0000 tGradient 1.6940 tsec 1.9330
#GCMRL#  293 dt  36.288000 rms  0.606  0.041% neg 0  invalid 762 tFOTS 0.0000 tGradient 1.6010 tsec 1.8440
#GCMRL#  294 dt  36.288000 rms  0.606  0.047% neg 0  invalid 762 tFOTS 0.0000 tGradient 1.6760 tsec 1.9170
#GCMRL#  295 dt  36.288000 rms  0.605  0.046% neg 0  invalid 762 tFOTS 0.0000 tGradient 1.6470 tsec 1.8920
#GCMRL#  296 dt  36.288000 rms  0.605  0.046% neg 0  invalid 762 tFOTS 0.0000 tGradient 1.5890 tsec 1.8260
#GCMRL#  297 dt  36.288000 rms  0.605  0.042% neg 0  invalid 762 tFOTS 0.0000 tGradient 1.6330 tsec 1.8780
#GCMRL#  298 dt  36.288000 rms  0.605  0.033% neg 0  invalid 762 tFOTS 0.0000 tGradient 1.6280 tsec 1.8730
#GCMRL#  299 dt  36.288000 rms  0.604  0.039% neg 0  invalid 762 tFOTS 0.0000 tGradient 1.5960 tsec 1.8350
#GCMRL#  300 dt  36.288000 rms  0.604  0.016% neg 0  invalid 762 tFOTS 0.0000 tGradient 1.7830 tsec 2.1510
#GCMRL#  301 dt  36.288000 rms  0.604  0.017% neg 0  invalid 762 tFOTS 0.0000 tGradient 1.6150 tsec 1.8590
#GCMRL#  302 dt  36.288000 rms  0.604  0.001% neg 0  invalid 762 tFOTS 0.0000 tGradient 2.1200 tsec 2.6110
#FOTS# QuadFit found better minimum quadopt=(dt=36.288,rms=0.604206) vs oldopt=(dt=25.92,rms=0.604216)
#GCMRL#  303 dt  36.288000 rms  0.604  0.006% neg 0  invalid 762 tFOTS 2.8770 tGradient 1.7750 tsec 4.9030
#FOTS# QuadFit found better minimum quadopt=(dt=9.072,rms=0.604202) vs oldopt=(dt=6.48,rms=0.604204)
#GCMRL#  304 dt   9.072000 rms  0.604  0.000% neg 0  invalid 762 tFOTS 2.7060 tGradient 1.6080 tsec 4.5810
#GCMRL#  305 dt   0.283500 rms  0.604  0.001% neg 0  invalid 762 tFOTS 0.0000 tGradient 1.6040 tsec 2.5600
#GCMRL#  306 dt   0.070875 rms  0.604  0.000% neg 0  invalid 762 tFOTS 0.0000 tGradient 1.6040 tsec 2.2000

#GCAMreg# pass 0 level1 4 level2 1 tsec 323.441 sigma 0.5
l_jacobian=1.00 l_label=1.00 l_log_likelihood=0.20 l_smoothness=0.03 
tol=5.00e-02, dt=5.00e-02, exp_k=20.0, momentum=0.90, levels=6, niter=500, lbl_dist=10.00, avgs=64, sigma=0.5,type=2, relabel=0, neg=no

blurring input image with Gaussian with sigma=0.500...
GCAMRegisterLevel(): init RMS 0.60469
#FOTS# QuadFit found better minimum quadopt=(dt=131.249,rms=0.601023) vs oldopt=(dt=103.68,rms=0.601131)
#GCMRL#  308 dt 131.248731 rms  0.601  0.607% neg 0  invalid 762 tFOTS 3.2630 tGradient 1.6080 tsec 5.1140
#FOTS# QuadFit found better minimum quadopt=(dt=82.944,rms=0.600208) vs oldopt=(dt=103.68,rms=0.600235)
#GCMRL#  309 dt  82.944000 rms  0.600  0.136% neg 0  invalid 762 tFOTS 3.0760 tGradient 1.6270 tsec 4.9490
#FOTS# QuadFit found better minimum quadopt=(dt=124.416,rms=0.599625) vs oldopt=(dt=103.68,rms=0.599626)
#GCMRL#  310 dt 124.416000 rms  0.600  0.097% neg 0  invalid 762 tFOTS 3.2840 tGradient 1.5850 tsec 5.1160
#FOTS# QuadFit found better minimum quadopt=(dt=36.288,rms=0.599355) vs oldopt=(dt=25.92,rms=0.599426)
#GCMRL#  311 dt  36.288000 rms  0.599  0.000% neg 0  invalid 762 tFOTS 3.4640 tGradient 1.5160 tsec 5.2430
#GCMRL#  312 dt  36.288000 rms  0.599  0.036% neg 0  invalid 762 tFOTS 0.0000 tGradient 1.6410 tsec 1.8770
#GCMRL#  313 dt  36.288000 rms  0.599  0.040% neg 0  invalid 762 tFOTS 0.0000 tGradient 1.6480 tsec 1.8900
#GCMRL#  314 dt  36.288000 rms  0.599  0.056% neg 0  invalid 762 tFOTS 0.0000 tGradient 1.6350 tsec 1.8750
#GCMRL#  315 dt  36.288000 rms  0.598  0.072% neg 0  invalid 762 tFOTS 0.0000 tGradient 1.6110 tsec 1.8520
#GCMRL#  316 dt  36.288000 rms  0.598  0.062% neg 0  invalid 762 tFOTS 0.0000 tGradient 1.6260 tsec 1.8610
#GCMRL#  317 dt  36.288000 rms  0.597  0.063% neg 0  invalid 762 tFOTS 0.0000 tGradient 1.6020 tsec 1.8440
#GCMRL#  318 dt  36.288000 rms  0.597  0.055% neg 0  invalid 762 tFOTS 0.0000 tGradient 1.5490 tsec 1.7880
#GCMRL#  319 dt  36.288000 rms  0.597  0.066% neg 0  invalid 762 tFOTS 0.0000 tGradient 1.6070 tsec 1.8470
#GCMRL#  320 dt  36.288000 rms  0.596  0.057% neg 0  invalid 762 tFOTS 0.0000 tGradient 1.7090 tsec 1.9460
#GCMRL#  321 dt  36.288000 rms  0.596  0.047% neg 0  invalid 762 tFOTS 0.0000 tGradient 1.6030 tsec 1.8480
#GCMRL#  322 dt  36.288000 rms  0.596  0.053% neg 0  invalid 762 tFOTS 0.0000 tGradient 1.6440 tsec 1.8830
#GCMRL#  323 dt  36.288000 rms  0.595  0.049% neg 0  invalid 762 tFOTS 0.0000 tGradient 1.5940 tsec 1.8320
#GCMRL#  324 dt  36.288000 rms  0.595  0.046% neg 0  invalid 762 tFOTS 0.0000 tGradient 1.5590 tsec 1.8000
#GCMRL#  325 dt  36.288000 rms  0.595  0.047% neg 0  invalid 762 tFOTS 0.0000 tGradient 1.5690 tsec 1.8050
#GCMRL#  326 dt  36.288000 rms  0.595  0.052% neg 0  invalid 762 tFOTS 0.0000 tGradient 1.5470 tsec 1.7910
#GCMRL#  327 dt  36.288000 rms  0.594  0.057% neg 0  invalid 762 tFOTS 0.0000 tGradient 1.5860 tsec 1.8240
#GCMRL#  328 dt  36.288000 rms  0.594  0.058% neg 0  invalid 762 tFOTS 0.0000 tGradient 1.5690 tsec 1.8100
#GCMRL#  329 dt  36.288000 rms  0.594  0.060% neg 0  invalid 762 tFOTS 0.0000 tGradient 1.5720 tsec 1.8120
#GCMRL#  330 dt  36.288000 rms  0.593  0.058% neg 0  invalid 762 tFOTS 0.0000 tGradient 1.6200 tsec 1.8580
#GCMRL#  331 dt  36.288000 rms  0.593  0.052% neg 0  invalid 762 tFOTS 0.0000 tGradient 1.5760 tsec 1.8170
#GCMRL#  332 dt  36.288000 rms  0.593  0.050% neg 0  invalid 762 tFOTS 0.0000 tGradient 1.5650 tsec 1.8010
#GCMRL#  333 dt  36.288000 rms  0.592  0.039% neg 0  invalid 762 tFOTS 0.0000 tGradient 1.5630 tsec 1.8040
#GCMRL#  334 dt  36.288000 rms  0.592  0.046% neg 0  invalid 762 tFOTS 0.0000 tGradient 1.5920 tsec 1.8290
#GCMRL#  335 dt  36.288000 rms  0.592  0.043% neg 0  invalid 762 tFOTS 0.0000 tGradient 1.6160 tsec 1.8520
#GCMRL#  336 dt  36.288000 rms  0.592  0.044% neg 0  invalid 762 tFOTS 0.0000 tGradient 1.5750 tsec 1.8120
#GCMRL#  337 dt  36.288000 rms  0.591  0.043% neg 0  invalid 762 tFOTS 0.0000 tGradient 1.6170 tsec 1.8620
#GCMRL#  338 dt  36.288000 rms  0.591  0.043% neg 0  invalid 762 tFOTS 0.0000 tGradient 1.6120 tsec 1.8500
#GCMRL#  339 dt  36.288000 rms  0.591  0.040% neg 0  invalid 762 tFOTS 0.0000 tGradient 1.5860 tsec 1.8260
#GCMRL#  340 dt  36.288000 rms  0.591  0.039% neg 0  invalid 762 tFOTS 0.0000 tGradient 1.5900 tsec 1.8310
#GCMRL#  341 dt  36.288000 rms  0.590  0.037% neg 0  invalid 762 tFOTS 0.0000 tGradient 1.6110 tsec 1.8480
#GCMRL#  342 dt  36.288000 rms  0.590  0.038% neg 0  invalid 762 tFOTS 0.0000 tGradient 1.5900 tsec 1.8280
#GCMRL#  343 dt  36.288000 rms  0.590  0.040% neg 0  invalid 762 tFOTS 0.0000 tGradient 1.5850 tsec 1.8220
#GCMRL#  344 dt  36.288000 rms  0.590  0.037% neg 0  invalid 762 tFOTS 0.0000 tGradient 1.5930 tsec 1.8410
#GCMRL#  345 dt  36.288000 rms  0.589  0.035% neg 0  invalid 762 tFOTS 0.0000 tGradient 1.6240 tsec 1.8640
#GCMRL#  346 dt  36.288000 rms  0.589  0.032% neg 0  invalid 762 tFOTS 0.0000 tGradient 1.5440 tsec 1.7830
#GCMRL#  347 dt  36.288000 rms  0.589  0.036% neg 0  invalid 762 tFOTS 0.0000 tGradient 1.5500 tsec 1.7870
#GCMRL#  348 dt  36.288000 rms  0.589  0.036% neg 0  invalid 762 tFOTS 0.0000 tGradient 1.5330 tsec 1.7720
#GCMRL#  349 dt  36.288000 rms  0.589  0.036% neg 0  invalid 762 tFOTS 0.0000 tGradient 1.5310 tsec 1.7650
#GCMRL#  350 dt  36.288000 rms  0.588  0.039% neg 0  invalid 762 tFOTS 0.0000 tGradient 1.5620 tsec 1.8020
#GCMRL#  351 dt  36.288000 rms  0.588  0.036% neg 0  invalid 762 tFOTS 0.0000 tGradient 1.5570 tsec 1.7930
#GCMRL#  352 dt  36.288000 rms  0.588  0.032% neg 0  invalid 762 tFOTS 0.0000 tGradient 1.5480 tsec 1.7860
#GCMRL#  353 dt  36.288000 rms  0.588  0.037% neg 0  invalid 762 tFOTS 0.0000 tGradient 1.5280 tsec 1.7690
#GCMRL#  354 dt  36.288000 rms  0.588  0.036% neg 0  invalid 762 tFOTS 0.0000 tGradient 1.5400 tsec 1.7800
#GCMRL#  355 dt  36.288000 rms  0.587  0.040% neg 0  invalid 762 tFOTS 0.0000 tGradient 1.5640 tsec 1.8030
#GCMRL#  356 dt  36.288000 rms  0.587  0.037% neg 0  invalid 762 tFOTS 0.0000 tGradient 1.5570 tsec 1.7950
#GCMRL#  357 dt  36.288000 rms  0.587  0.037% neg 0  invalid 762 tFOTS 0.0000 tGradient 1.5790 tsec 1.8140
#GCMRL#  358 dt  36.288000 rms  0.587  0.031% neg 0  invalid 762 tFOTS 0.0000 tGradient 1.5490 tsec 1.7890
#GCMRL#  359 dt  36.288000 rms  0.587  0.034% neg 0  invalid 762 tFOTS 0.0000 tGradient 1.5540 tsec 1.7950
#GCMRL#  360 dt  36.288000 rms  0.586  0.033% neg 0  invalid 762 tFOTS 0.0000 tGradient 1.5360 tsec 1.7750
#GCMRL#  361 dt  36.288000 rms  0.586  0.031% neg 0  invalid 762 tFOTS 0.0000 tGradient 1.5350 tsec 1.7730
#GCMRL#  362 dt  36.288000 rms  0.586  0.028% neg 0  invalid 762 tFOTS 0.0000 tGradient 1.5510 tsec 1.7890
#GCMRL#  363 dt  36.288000 rms  0.586  0.031% neg 0  invalid 762 tFOTS 0.0000 tGradient 1.5340 tsec 1.7680
#GCMRL#  364 dt  36.288000 rms  0.586  0.029% neg 0  invalid 762 tFOTS 0.0000 tGradient 1.5540 tsec 1.7890
#GCMRL#  365 dt  36.288000 rms  0.586  0.029% neg 0  invalid 762 tFOTS 0.0000 tGradient 1.5600 tsec 1.7990
#GCMRL#  366 dt  36.288000 rms  0.585  0.029% neg 0  invalid 762 tFOTS 0.0000 tGradient 1.5530 tsec 1.7930
#GCMRL#  367 dt  36.288000 rms  0.585  0.030% neg 0  invalid 762 tFOTS 0.0000 tGradient 1.5120 tsec 1.7550
#GCMRL#  368 dt  36.288000 rms  0.585  0.025% neg 0  invalid 762 tFOTS 0.0000 tGradient 1.5490 tsec 1.7850
#GCMRL#  369 dt  36.288000 rms  0.585  0.025% neg 0  invalid 762 tFOTS 0.0000 tGradient 1.5470 tsec 1.7840
#GCMRL#  370 dt  36.288000 rms  0.585  0.029% neg 0  invalid 762 tFOTS 0.0000 tGradient 1.5980 tsec 1.8380
#GCMRL#  371 dt  36.288000 rms  0.585  0.025% neg 0  invalid 762 tFOTS 0.0000 tGradient 1.5370 tsec 1.7790
#GCMRL#  372 dt  36.288000 rms  0.584  0.028% neg 0  invalid 762 tFOTS 0.0000 tGradient 1.5130 tsec 1.7540
#GCMRL#  373 dt  36.288000 rms  0.584  0.022% neg 0  invalid 762 tFOTS 0.0000 tGradient 1.5440 tsec 1.7810
#GCMRL#  374 dt  36.288000 rms  0.584  0.028% neg 0  invalid 762 tFOTS 0.0000 tGradient 1.5720 tsec 1.8060
#GCMRL#  375 dt  36.288000 rms  0.584  0.023% neg 0  invalid 762 tFOTS 0.0000 tGradient 1.5020 tsec 1.7410
#GCMRL#  376 dt  36.288000 rms  0.584  0.025% neg 0  invalid 762 tFOTS 0.0000 tGradient 1.5190 tsec 1.7580
#GCMRL#  377 dt  36.288000 rms  0.584  0.021% neg 0  invalid 762 tFOTS 0.0000 tGradient 1.4990 tsec 1.7600
#FOTS# QuadFit found better minimum quadopt=(dt=82.944,rms=0.583686) vs oldopt=(dt=103.68,rms=0.583688)
#GCMRL#  378 dt  82.944000 rms  0.584  0.000% neg 0  invalid 762 tFOTS 3.4520 tGradient 1.5290 tsec 5.2440
#GCMRL#  379 dt  82.944000 rms  0.584  0.011% neg 0  invalid 762 tFOTS 0.0000 tGradient 1.4990 tsec 1.7380
#GCMRL#  380 dt  82.944000 rms  0.584  0.001% neg 0  invalid 762 tFOTS 0.0000 tGradient 1.5670 tsec 1.8130
#GCMRL#  381 dt  82.944000 rms  0.584  0.010% neg 0  invalid 762 tFOTS 0.0000 tGradient 1.5700 tsec 1.8080
#GCMRL#  382 dt  82.944000 rms  0.583  0.018% neg 0  invalid 762 tFOTS 0.0000 tGradient 1.5770 tsec 1.8230
#GCMRL#  383 dt  82.944000 rms  0.583  0.021% neg 0  invalid 762 tFOTS 0.0000 tGradient 1.6530 tsec 1.8930
setting smoothness cost coefficient to 0.118

#GCAMreg# pass 0 level1 3 level2 0 tsec 0 sigma 2
l_jacobian=1.00 l_label=1.00 l_log_likelihood=0.20 l_smoothness=0.12 
tol=5.00e-02, dt=5.00e-02, exp_k=20.0, momentum=0.90, levels=6, niter=500, lbl_dist=10.00, avgs=16, sigma=2.0,type=2, relabel=0, neg=no

blurring input image with Gaussian with sigma=2.000...
GCAMRegisterLevel(): init RMS 0.59591
#FOTS# QuadFit found better minimum quadopt=(dt=22.6341,rms=0.594205) vs oldopt=(dt=32,rms=0.594485)
#GCMRL#  385 dt  22.634146 rms  0.594  0.286% neg 0  invalid 762 tFOTS 3.2860 tGradient 1.4400 tsec 4.9680
#FOTS# QuadFit found better minimum quadopt=(dt=44.8,rms=0.592334) vs oldopt=(dt=32,rms=0.592549)
#GCMRL#  386 dt  44.800000 rms  0.592  0.315% neg 0  invalid 762 tFOTS 3.2050 tGradient 1.3810 tsec 4.8250
#FOTS# QuadFit found better minimum quadopt=(dt=165.393,rms=0.585988) vs oldopt=(dt=128,rms=0.586256)
#GCMRL#  387 dt 165.393258 rms  0.586  1.071% neg 0  invalid 762 tFOTS 3.1770 tGradient 1.3990 tsec 4.8180
#GCMRL#  388 dt  32.000000 rms  0.582  0.629% neg 0  invalid 762 tFOTS 3.0030 tGradient 1.4100 tsec 4.6490
#FOTS# QuadFit found better minimum quadopt=(dt=38.4,rms=0.580142) vs oldopt=(dt=32,rms=0.580168)
#GCMRL#  389 dt  38.400000 rms  0.580  0.370% neg 0  invalid 762 tFOTS 3.1850 tGradient 1.3770 tsec 4.8010
#GCMRL#  390 dt  32.000000 rms  0.578  0.304% neg 0  invalid 762 tFOTS 3.0090 tGradient 1.3890 tsec 4.6430
#GCMRL#  391 dt  32.000000 rms  0.577  0.269% neg 0  invalid 762 tFOTS 3.1890 tGradient 1.3990 tsec 4.8250
#FOTS# QuadFit found better minimum quadopt=(dt=38.4,rms=0.575665) vs oldopt=(dt=32,rms=0.575675)
#GCMRL#  392 dt  38.400000 rms  0.576  0.201% neg 0  invalid 762 tFOTS 3.2170 tGradient 1.3860 tsec 4.8400
#GCMRL#  393 dt  32.000000 rms  0.574  0.240% neg 0  invalid 762 tFOTS 3.2350 tGradient 1.3800 tsec 4.8610
#FOTS# QuadFit found better minimum quadopt=(dt=25.6,rms=0.573388) vs oldopt=(dt=32,rms=0.573388)
#GCMRL#  394 dt  25.600000 rms  0.573  0.156% neg 0  invalid 762 tFOTS 3.1880 tGradient 1.3790 tsec 4.8080
#FOTS# QuadFit found better minimum quadopt=(dt=44.8,rms=0.572026) vs oldopt=(dt=32,rms=0.572277)
#GCMRL#  395 dt  44.800000 rms  0.572  0.238% neg 0  invalid 762 tFOTS 3.2770 tGradient 1.3640 tsec 4.8830
#FOTS# QuadFit found better minimum quadopt=(dt=25.6,rms=0.571358) vs oldopt=(dt=32,rms=0.571363)
#GCMRL#  396 dt  25.600000 rms  0.571  0.117% neg 0  invalid 762 tFOTS 3.4630 tGradient 1.3450 tsec 5.0530
#FOTS# QuadFit found better minimum quadopt=(dt=44.8,rms=0.570215) vs oldopt=(dt=32,rms=0.570411)
#GCMRL#  397 dt  44.800000 rms  0.570  0.200% neg 0  invalid 762 tFOTS 3.2700 tGradient 1.3590 tsec 4.8750
#FOTS# QuadFit found better minimum quadopt=(dt=25.6,rms=0.569673) vs oldopt=(dt=32,rms=0.569714)
#GCMRL#  398 dt  25.600000 rms  0.570  0.095% neg 0  invalid 762 tFOTS 3.2600 tGradient 1.3630 tsec 4.8660
#FOTS# QuadFit found better minimum quadopt=(dt=44.8,rms=0.56853) vs oldopt=(dt=32,rms=0.568726)
#GCMRL#  399 dt  44.800000 rms  0.569  0.201% neg 0  invalid 762 tFOTS 3.2380 tGradient 1.3480 tsec 4.8270
#FOTS# QuadFit found better minimum quadopt=(dt=19.2,rms=0.56815) vs oldopt=(dt=32,rms=0.568215)
#GCMRL#  400 dt  19.200000 rms  0.568  0.067% neg 0  invalid 762 tFOTS 3.2440 tGradient 1.3580 tsec 4.8490
#FOTS# QuadFit found better minimum quadopt=(dt=179.2,rms=0.56522) vs oldopt=(dt=128,rms=0.565858)
#GCMRL#  401 dt 179.200000 rms  0.565  0.516% neg 0  invalid 762 tFOTS 3.1770 tGradient 1.3830 tsec 4.8020
#FOTS# QuadFit found better minimum quadopt=(dt=23.8756,rms=0.5644) vs oldopt=(dt=32,rms=0.564565)
#GCMRL#  402 dt  23.875648 rms  0.564  0.145% neg 0  invalid 762 tFOTS 3.2520 tGradient 1.3970 tsec 4.9010
#FOTS# QuadFit found better minimum quadopt=(dt=38.4,rms=0.563936) vs oldopt=(dt=32,rms=0.563943)
#GCMRL#  403 dt  38.400000 rms  0.564  0.082% neg 0  invalid 762 tFOTS 3.2580 tGradient 1.3540 tsec 4.8610
#FOTS# QuadFit found better minimum quadopt=(dt=25.6,rms=0.563528) vs oldopt=(dt=32,rms=0.563553)
#GCMRL#  404 dt  25.600000 rms  0.564  0.072% neg 0  invalid 762 tFOTS 3.2700 tGradient 1.3550 tsec 4.8720
#FOTS# QuadFit found better minimum quadopt=(dt=38.4,rms=0.5631) vs oldopt=(dt=32,rms=0.563117)
#GCMRL#  405 dt  38.400000 rms  0.563  0.076% neg 0  invalid 762 tFOTS 3.2690 tGradient 1.3560 tsec 4.8680
#FOTS# QuadFit found better minimum quadopt=(dt=25.6,rms=0.562696) vs oldopt=(dt=32,rms=0.562705)
#GCMRL#  406 dt  25.600000 rms  0.563  0.072% neg 0  invalid 762 tFOTS 3.2630 tGradient 1.3950 tsec 4.9010
#FOTS# QuadFit found better minimum quadopt=(dt=38.4,rms=0.56244) vs oldopt=(dt=32,rms=0.562443)
#GCMRL#  407 dt  38.400000 rms  0.562  0.000% neg 0  invalid 762 tFOTS 3.2610 tGradient 1.3620 tsec 4.8880
#GCMRL#  408 dt  38.400000 rms  0.562  0.085% neg 0  invalid 762 tFOTS 0.0000 tGradient 1.4380 tsec 1.6890
#GCMRL#  409 dt  38.400000 rms  0.561  0.144% neg 0  invalid 762 tFOTS 0.0000 tGradient 1.3760 tsec 1.6160
#GCMRL#  410 dt  38.400000 rms  0.561  0.035% neg 0  invalid 762 tFOTS 0.0000 tGradient 1.3940 tsec 1.7680
#GCMRL#  411 dt  38.400000 rms  0.560  0.139% neg 0  invalid 762 tFOTS 0.0000 tGradient 1.4330 tsec 1.6760
#GCMRL#  412 dt   1.200000 rms  0.560  0.008% neg 0  invalid 762 tFOTS 0.0000 tGradient 1.4110 tsec 2.3810
#GCMRL#  413 dt   0.600000 rms  0.560  0.004% neg 0  invalid 762 tFOTS 0.0000 tGradient 1.7590 tsec 2.3030
#GCMRL#  414 dt   0.500000 rms  0.560  0.000% neg 0  invalid 762 tFOTS 2.4670 tGradient 1.3910 tsec 4.1290
#GCMRL#  415 dt   0.003906 rms  0.560  0.000% neg 0  invalid 762 tFOTS 0.0000 tGradient 1.3740 tsec 2.5640
#GCMRL#  416 dt   0.001953 rms  0.560  0.000% neg 0  invalid 762 tFOTS 0.0000 tGradient 1.3680 tsec 1.8570

#GCAMreg# pass 0 level1 3 level2 1 tsec 142.623 sigma 0.5
l_jacobian=1.00 l_label=1.00 l_log_likelihood=0.20 l_smoothness=0.12 
tol=5.00e-02, dt=5.00e-02, exp_k=20.0, momentum=0.90, levels=6, niter=500, lbl_dist=10.00, avgs=16, sigma=0.5,type=2, relabel=0, neg=no

blurring input image with Gaussian with sigma=0.500...
GCAMRegisterLevel(): init RMS 0.560647
#FOTS# QuadFit found better minimum quadopt=(dt=44.8,rms=0.556671) vs oldopt=(dt=32,rms=0.556897)
#GCMRL#  418 dt  44.800000 rms  0.557  0.709% neg 0  invalid 762 tFOTS 3.2500 tGradient 1.3680 tsec 4.8620
#GCMRL#  419 dt  32.000000 rms  0.555  0.259% neg 0  invalid 762 tFOTS 3.2350 tGradient 1.4050 tsec 4.8890
#GCMRL#  420 dt  32.000000 rms  0.554  0.142% neg 0  invalid 762 tFOTS 3.2530 tGradient 1.3610 tsec 4.8650
#FOTS# QuadFit found better minimum quadopt=(dt=38.4,rms=0.553643) vs oldopt=(dt=32,rms=0.553668)
#GCMRL#  421 dt  38.400000 rms  0.554  0.144% neg 0  invalid 762 tFOTS 3.2490 tGradient 1.4570 tsec 4.9520
#FOTS# QuadFit found better minimum quadopt=(dt=11.2,rms=0.553344) vs oldopt=(dt=8,rms=0.553403)
#GCMRL#  422 dt  11.200000 rms  0.553  0.054% neg 0  invalid 762 tFOTS 3.3070 tGradient 1.4130 tsec 4.9620
#FOTS# QuadFit found better minimum quadopt=(dt=44.8,rms=0.552877) vs oldopt=(dt=32,rms=0.552957)
#GCMRL#  423 dt  44.800000 rms  0.553  0.084% neg 0  invalid 762 tFOTS 3.0630 tGradient 1.3880 tsec 4.6920
#FOTS# QuadFit found better minimum quadopt=(dt=38.4,rms=0.552404) vs oldopt=(dt=32,rms=0.552408)
#GCMRL#  424 dt  38.400000 rms  0.552  0.086% neg 0  invalid 762 tFOTS 3.3730 tGradient 1.3750 tsec 4.9940
#FOTS# QuadFit found better minimum quadopt=(dt=11.2,rms=0.552183) vs oldopt=(dt=8,rms=0.55222)
#GCMRL#  425 dt  11.200000 rms  0.552  0.000% neg 0  invalid 762 tFOTS 3.3200 tGradient 1.4200 tsec 5.0130
#GCMRL#  426 dt  11.200000 rms  0.552  0.020% neg 0  invalid 762 tFOTS 0.0000 tGradient 1.3620 tsec 1.6060
#GCMRL#  427 dt  11.200000 rms  0.552  0.028% neg 0  invalid 762 tFOTS 0.0000 tGradient 1.3750 tsec 1.6220
#GCMRL#  428 dt  11.200000 rms  0.552  0.038% neg 0  invalid 762 tFOTS 0.0000 tGradient 1.4160 tsec 1.6580
#GCMRL#  429 dt  11.200000 rms  0.551  0.053% neg 0  invalid 762 tFOTS 0.0000 tGradient 1.4340 tsec 1.6690
#GCMRL#  430 dt  11.200000 rms  0.551  0.068% neg 0  invalid 762 tFOTS 0.0000 tGradient 1.3660 tsec 1.6050
#GCMRL#  431 dt  11.200000 rms  0.551  0.072% neg 0  invalid 762 tFOTS 0.0000 tGradient 1.3710 tsec 1.6130
#GCMRL#  432 dt  11.200000 rms  0.550  0.069% neg 0  invalid 762 tFOTS 0.0000 tGradient 1.3670 tsec 1.6040
#GCMRL#  433 dt  11.200000 rms  0.550  0.073% neg 0  invalid 762 tFOTS 0.0000 tGradient 1.4100 tsec 1.6490
#GCMRL#  434 dt  11.200000 rms  0.549  0.075% neg 0  invalid 762 tFOTS 0.0000 tGradient 1.3760 tsec 1.6140
#GCMRL#  435 dt  11.200000 rms  0.549  0.078% neg 0  invalid 762 tFOTS 0.0000 tGradient 1.3590 tsec 1.5960
#GCMRL#  436 dt  11.200000 rms  0.549  0.092% neg 0  invalid 762 tFOTS 0.0000 tGradient 1.3710 tsec 1.6120
#GCMRL#  437 dt  11.200000 rms  0.548  0.098% neg 0  invalid 762 tFOTS 0.0000 tGradient 1.4110 tsec 1.6500
#GCMRL#  438 dt  11.200000 rms  0.547  0.094% neg 0  invalid 762 tFOTS 0.0000 tGradient 1.4120 tsec 1.6590
#GCMRL#  439 dt  11.200000 rms  0.547  0.093% neg 0  invalid 762 tFOTS 0.0000 tGradient 1.4130 tsec 1.6570
#GCMRL#  440 dt  11.200000 rms  0.546  0.101% neg 0  invalid 762 tFOTS 0.0000 tGradient 1.4020 tsec 1.6380
#GCMRL#  441 dt  11.200000 rms  0.546  0.103% neg 0  invalid 762 tFOTS 0.0000 tGradient 1.3770 tsec 1.6170
#GCMRL#  442 dt  11.200000 rms  0.545  0.106% neg 0  invalid 762 tFOTS 0.0000 tGradient 1.3540 tsec 1.5960
#GCMRL#  443 dt  11.200000 rms  0.545  0.110% neg 0  invalid 762 tFOTS 0.0000 tGradient 1.3540 tsec 1.6050
#GCMRL#  444 dt  11.200000 rms  0.544  0.105% neg 0  invalid 762 tFOTS 0.0000 tGradient 1.3710 tsec 1.6140
#GCMRL#  445 dt  11.200000 rms  0.544  0.098% neg 0  invalid 762 tFOTS 0.0000 tGradient 1.3720 tsec 1.6120
#GCMRL#  446 dt  11.200000 rms  0.543  0.090% neg 0  invalid 762 tFOTS 0.0000 tGradient 1.3750 tsec 1.6120
#GCMRL#  447 dt  11.200000 rms  0.543  0.081% neg 0  invalid 762 tFOTS 0.0000 tGradient 1.3810 tsec 1.6230
#GCMRL#  448 dt  11.200000 rms  0.542  0.079% neg 0  invalid 762 tFOTS 0.0000 tGradient 1.3610 tsec 1.5990
#GCMRL#  449 dt  11.200000 rms  0.542  0.077% neg 0  invalid 762 tFOTS 0.0000 tGradient 1.3730 tsec 1.6110
#GCMRL#  450 dt  11.200000 rms  0.541  0.084% neg 0  invalid 762 tFOTS 0.0000 tGradient 1.3760 tsec 1.6170
#GCMRL#  451 dt  11.200000 rms  0.541  0.077% neg 0  invalid 762 tFOTS 0.0000 tGradient 1.3770 tsec 1.6130
#GCMRL#  452 dt  11.200000 rms  0.541  0.070% neg 0  invalid 762 tFOTS 0.0000 tGradient 1.3600 tsec 1.5920
#GCMRL#  453 dt  11.200000 rms  0.540  0.068% neg 0  invalid 762 tFOTS 0.0000 tGradient 1.3820 tsec 1.6200
#GCMRL#  454 dt  11.200000 rms  0.540  0.056% neg 0  invalid 762 tFOTS 0.0000 tGradient 1.3790 tsec 1.6190
#GCMRL#  455 dt  11.200000 rms  0.540  0.059% neg 0  invalid 762 tFOTS 0.0000 tGradient 1.3720 tsec 1.6110
#GCMRL#  456 dt  11.200000 rms  0.539  0.016% neg 0  invalid 762 tFOTS 0.0000 tGradient 1.3520 tsec 1.7230
#GCMRL#  457 dt  11.200000 rms  0.539  0.013% neg 0  invalid 762 tFOTS 0.0000 tGradient 1.3740 tsec 1.6290
#FOTS# QuadFit found better minimum quadopt=(dt=19.2,rms=0.539371) vs oldopt=(dt=32,rms=0.539376)
#GCMRL#  458 dt  19.200000 rms  0.539  0.000% neg 0  invalid 762 tFOTS 3.0700 tGradient 1.4320 tsec 4.7670
#GCMRL#  459 dt  19.200000 rms  0.539  0.017% neg 0  invalid 762 tFOTS 0.0000 tGradient 1.4200 tsec 1.6630
#GCMRL#  460 dt  19.200000 rms  0.539  0.013% neg 0  invalid 762 tFOTS 0.0000 tGradient 1.3740 tsec 1.6150
#GCMRL#  461 dt  19.200000 rms  0.539  0.019% neg 0  invalid 762 tFOTS 0.0000 tGradient 1.3780 tsec 1.6130
#GCMRL#  462 dt  19.200000 rms  0.539  0.022% neg 0  invalid 762 tFOTS 0.0000 tGradient 1.3530 tsec 1.5930
#GCMRL#  463 dt  19.200000 rms  0.539  0.030% neg 0  invalid 762 tFOTS 0.0000 tGradient 1.3600 tsec 1.5980
#GCMRL#  464 dt  19.200000 rms  0.539  0.038% neg 0  invalid 762 tFOTS 0.0000 tGradient 1.3770 tsec 1.6200
#GCMRL#  465 dt  19.200000 rms  0.538  0.042% neg 0  invalid 762 tFOTS 0.0000 tGradient 1.3820 tsec 1.7010
#GCMRL#  466 dt  19.200000 rms  0.538  0.039% neg 0  invalid 762 tFOTS 0.0000 tGradient 1.3560 tsec 1.5940
#GCMRL#  467 dt  19.200000 rms  0.538  0.038% neg 0  invalid 762 tFOTS 0.0000 tGradient 1.4120 tsec 1.6520
#GCMRL#  468 dt  19.200000 rms  0.538  0.037% neg 0  invalid 762 tFOTS 0.0000 tGradient 1.3760 tsec 1.6300
#GCMRL#  469 dt  19.200000 rms  0.538  0.042% neg 0  invalid 762 tFOTS 0.0000 tGradient 1.3550 tsec 1.5960
#GCMRL#  470 dt  19.200000 rms  0.537  0.042% neg 0  invalid 762 tFOTS 0.0000 tGradient 1.4030 tsec 1.6480
#GCMRL#  471 dt  19.200000 rms  0.537  0.053% neg 0  invalid 762 tFOTS 0.0000 tGradient 1.4460 tsec 1.6890
#GCMRL#  472 dt  19.200000 rms  0.537  0.048% neg 0  invalid 762 tFOTS 0.0000 tGradient 1.3890 tsec 1.6330
#GCMRL#  473 dt  19.200000 rms  0.537  0.049% neg 0  invalid 762 tFOTS 0.0000 tGradient 1.3860 tsec 1.6240
#GCMRL#  474 dt  19.200000 rms  0.536  0.043% neg 0  invalid 762 tFOTS 0.0000 tGradient 1.4110 tsec 1.6540
#GCMRL#  475 dt  19.200000 rms  0.536  0.056% neg 0  invalid 762 tFOTS 0.0000 tGradient 1.4090 tsec 1.6520
#GCMRL#  476 dt  19.200000 rms  0.536  0.050% neg 0  invalid 762 tFOTS 0.0000 tGradient 1.4320 tsec 1.6730
#GCMRL#  477 dt  19.200000 rms  0.535  0.052% neg 0  invalid 762 tFOTS 0.0000 tGradient 1.4110 tsec 1.6580
#GCMRL#  478 dt  19.200000 rms  0.535  0.050% neg 0  invalid 762 tFOTS 0.0000 tGradient 1.4030 tsec 1.6510
#GCMRL#  479 dt  19.200000 rms  0.535  0.056% neg 0  invalid 762 tFOTS 0.0000 tGradient 1.4200 tsec 1.6590
#GCMRL#  480 dt  19.200000 rms  0.535  0.055% neg 0  invalid 762 tFOTS 0.0000 tGradient 1.3990 tsec 1.6390
#GCMRL#  481 dt  19.200000 rms  0.534  0.036% neg 0  invalid 762 tFOTS 0.0000 tGradient 1.4030 tsec 1.6430
#GCMRL#  482 dt  19.200000 rms  0.534  0.043% neg 0  invalid 762 tFOTS 0.0000 tGradient 1.4180 tsec 1.6570
#GCMRL#  483 dt  19.200000 rms  0.534  0.046% neg 0  invalid 762 tFOTS 0.0000 tGradient 1.3930 tsec 1.6620
#GCMRL#  484 dt  19.200000 rms  0.534  0.044% neg 0  invalid 762 tFOTS 0.0000 tGradient 1.5220 tsec 1.7580
#GCMRL#  485 dt  19.200000 rms  0.533  0.053% neg 0  invalid 762 tFOTS 0.0000 tGradient 1.4180 tsec 1.6600
#GCMRL#  486 dt  19.200000 rms  0.533  0.035% neg 0  invalid 762 tFOTS 0.0000 tGradient 1.4140 tsec 1.6560
#GCMRL#  487 dt  19.200000 rms  0.533  0.041% neg 0  invalid 762 tFOTS 0.0000 tGradient 1.4080 tsec 1.6440
#GCMRL#  488 dt  19.200000 rms  0.533  0.040% neg 0  invalid 762 tFOTS 0.0000 tGradient 1.3920 tsec 1.6350
#GCMRL#  489 dt  19.200000 rms  0.533  0.035% neg 0  invalid 762 tFOTS 0.0000 tGradient 1.4230 tsec 1.6660
#GCMRL#  490 dt  19.200000 rms  0.532  0.037% neg 0  invalid 762 tFOTS 0.0000 tGradient 1.4350 tsec 1.6800
#GCMRL#  491 dt  19.200000 rms  0.532  0.025% neg 0  invalid 762 tFOTS 0.0000 tGradient 1.4230 tsec 1.6640
#GCMRL#  492 dt  19.200000 rms  0.532  0.030% neg 0  invalid 762 tFOTS 0.0000 tGradient 1.4050 tsec 1.6420
#GCMRL#  493 dt  19.200000 rms  0.532  0.025% neg 0  invalid 762 tFOTS 0.0000 tGradient 1.3920 tsec 1.6390
#GCMRL#  494 dt  19.200000 rms  0.532  0.034% neg 0  invalid 762 tFOTS 0.0000 tGradient 1.3730 tsec 1.6100
#GCMRL#  495 dt  19.200000 rms  0.532  0.028% neg 0  invalid 762 tFOTS 0.0000 tGradient 1.3570 tsec 1.5940
#GCMRL#  496 dt  19.200000 rms  0.531  0.028% neg 0  invalid 762 tFOTS 0.0000 tGradient 1.4120 tsec 1.6540
#GCMRL#  497 dt  19.200000 rms  0.531  0.029% neg 0  invalid 762 tFOTS 0.0000 tGradient 1.4120 tsec 1.6570
#GCMRL#  498 dt  19.200000 rms  0.531  0.028% neg 0  invalid 762 tFOTS 0.0000 tGradient 1.4120 tsec 1.6520
#GCMRL#  499 dt  19.200000 rms  0.531  0.034% neg 0  invalid 762 tFOTS 0.0000 tGradient 1.3880 tsec 1.6290
#GCMRL#  500 dt  19.200000 rms  0.531  0.018% neg 0  invalid 762 tFOTS 0.0000 tGradient 1.4160 tsec 1.6630
#GCMRL#  501 dt  19.200000 rms  0.531  0.024% neg 0  invalid 762 tFOTS 0.0000 tGradient 1.4380 tsec 1.6810
#GCMRL#  502 dt  19.200000 rms  0.531  0.029% neg 0  invalid 762 tFOTS 0.0000 tGradient 1.3980 tsec 1.6410
#GCMRL#  503 dt  19.200000 rms  0.530  0.030% neg 0  invalid 762 tFOTS 0.0000 tGradient 1.4020 tsec 1.6450
#GCMRL#  504 dt  19.200000 rms  0.530  0.022% neg 0  invalid 762 tFOTS 0.0000 tGradient 1.4170 tsec 1.6590
#GCMRL#  505 dt  19.200000 rms  0.530  0.016% neg 0  invalid 762 tFOTS 0.0000 tGradient 1.4110 tsec 1.6800
#GCMRL#  506 dt  32.000000 rms  0.530  0.000% neg 0  invalid 762 tFOTS 3.0850 tGradient 1.4020 tsec 4.7490
setting smoothness cost coefficient to 0.400

#GCAMreg# pass 0 level1 2 level2 0 tsec 0 sigma 2
l_jacobian=1.00 l_label=1.00 l_log_likelihood=0.20 l_smoothness=0.40 
tol=5.00e-02, dt=5.00e-02, exp_k=20.0, momentum=0.90, levels=6, niter=500, lbl_dist=10.00, avgs=4, sigma=2.0,type=2, relabel=0, neg=no

blurring input image with Gaussian with sigma=2.000...
GCAMRegisterLevel(): init RMS 0.559326
#GCMRL#  508 dt   0.000000 rms  0.559  0.082% neg 0  invalid 762 tFOTS 3.0740 tGradient 1.5670 tsec 4.8880
#GCMRL#  509 dt   0.150000 rms  0.559  0.000% neg 0  invalid 762 tFOTS 3.0070 tGradient 1.3350 tsec 4.7510

#GCAMreg# pass 0 level1 2 level2 1 tsec 20.548 sigma 0.5
l_jacobian=1.00 l_label=1.00 l_log_likelihood=0.20 l_smoothness=0.40 
tol=5.00e-02, dt=5.00e-02, exp_k=20.0, momentum=0.90, levels=6, niter=500, lbl_dist=10.00, avgs=4, sigma=0.5,type=2, relabel=0, neg=no

blurring input image with Gaussian with sigma=0.500...
GCAMRegisterLevel(): init RMS 0.559326
#GCMRL#  511 dt   0.000000 rms  0.559  0.082% neg 0  invalid 762 tFOTS 3.0260 tGradient 1.3480 tsec 4.6130
#GCMRL#  512 dt   0.150000 rms  0.559  0.000% neg 0  invalid 762 tFOTS 3.0240 tGradient 1.3270 tsec 4.7710
setting smoothness cost coefficient to 1.000

#GCAMreg# pass 0 level1 1 level2 0 tsec 0 sigma 2
l_jacobian=1.00 l_label=1.00 l_log_likelihood=0.20 l_smoothness=1.00 
tol=5.00e-02, dt=5.00e-02, exp_k=20.0, momentum=0.90, levels=6, niter=500, lbl_dist=10.00, avgs=1, sigma=2.0,type=2, relabel=0, neg=no

blurring input image with Gaussian with sigma=2.000...
GCAMRegisterLevel(): init RMS 0.615807
#FOTS# QuadFit found better minimum quadopt=(dt=1.024,rms=0.612871) vs oldopt=(dt=1.28,rms=0.613018)
#GCMRL#  514 dt   1.024000 rms  0.613  0.477% neg 0  invalid 762 tFOTS 3.1120 tGradient 1.2170 tsec 4.5830
#FOTS# QuadFit found better minimum quadopt=(dt=0.112,rms=0.612845) vs oldopt=(dt=0.08,rms=0.612853)
#GCMRL#  515 dt   0.112000 rms  0.613  0.000% neg 0  invalid 762 tFOTS 3.0460 tGradient 1.1780 tsec 4.4810
#GCMRL#  516 dt   0.112000 rms  0.613  0.001% neg 0  invalid 762 tFOTS 0.0000 tGradient 1.1700 tsec 1.4130

#GCAMreg# pass 0 level1 1 level2 1 tsec 21.226 sigma 0.5
l_jacobian=1.00 l_label=1.00 l_log_likelihood=0.20 l_smoothness=1.00 
tol=5.00e-02, dt=5.00e-02, exp_k=20.0, momentum=0.90, levels=6, niter=500, lbl_dist=10.00, avgs=1, sigma=0.5,type=2, relabel=0, neg=no

blurring input image with Gaussian with sigma=0.500...
GCAMRegisterLevel(): init RMS 0.613241
#FOTS# QuadFit found better minimum quadopt=(dt=0.448,rms=0.61256) vs oldopt=(dt=0.32,rms=0.612584)
#GCMRL#  518 dt   0.448000 rms  0.613  0.111% neg 0  invalid 762 tFOTS 3.0400 tGradient 1.1620 tsec 4.4520
#FOTS# QuadFit found better minimum quadopt=(dt=0.096,rms=0.612571) vs oldopt=(dt=0.08,rms=0.612571)
#GCMRL#  519 dt   0.096000 rms  0.613  0.000% neg 0  invalid 762 tFOTS 3.0160 tGradient 1.1590 tsec 4.5900
#GCMRL#  520 dt   0.096000 rms  0.613  0.002% neg 0  invalid 762 tFOTS 0.0000 tGradient 1.1560 tsec 1.4010
resetting metric properties...
setting smoothness cost coefficient to 2.000

#GCAMreg# pass 0 level1 0 level2 0 tsec 0 sigma 2
l_jacobian=1.00 l_label=1.00 l_log_likelihood=0.20 l_smoothness=2.00 
tol=5.00e-02, dt=5.00e-02, exp_k=20.0, momentum=0.90, levels=6, niter=500, lbl_dist=10.00, avgs=0, sigma=2.0,type=2, relabel=0, neg=no

blurring input image with Gaussian with sigma=2.000...
GCAMRegisterLevel(): init RMS 0.539442
#FOTS# QuadFit found better minimum quadopt=(dt=0.448,rms=0.523525) vs oldopt=(dt=0.32,rms=0.527775)
#GCMRL#  522 dt   0.448000 rms  0.524  2.951% neg 0  invalid 762 tFOTS 2.8540 tGradient 0.7530 tsec 3.8520
#FOTS# QuadFit found better minimum quadopt=(dt=0.384,rms=0.520331) vs oldopt=(dt=0.32,rms=0.520848)
#GCMRL#  523 dt   0.384000 rms  0.520  0.610% neg 0  invalid 762 tFOTS 2.8700 tGradient 0.6950 tsec 3.8070
#FOTS# QuadFit found better minimum quadopt=(dt=0.448,rms=0.51805) vs oldopt=(dt=0.32,rms=0.518694)
#GCMRL#  524 dt   0.448000 rms  0.518  0.439% neg 0  invalid 762 tFOTS 2.9080 tGradient 0.7250 tsec 3.8800
#FOTS# QuadFit found better minimum quadopt=(dt=0.448,rms=0.516763) vs oldopt=(dt=0.32,rms=0.51712)
#GCMRL#  525 dt   0.448000 rms  0.517  0.248% neg 0  invalid 762 tFOTS 2.8750 tGradient 0.6890 tsec 3.8070
#FOTS# QuadFit found better minimum quadopt=(dt=0.448,rms=0.515823) vs oldopt=(dt=0.32,rms=0.516079)
#GCMRL#  526 dt   0.448000 rms  0.516  0.182% neg 0  invalid 762 tFOTS 2.8930 tGradient 0.6890 tsec 3.9040
#FOTS# QuadFit found better minimum quadopt=(dt=0.448,rms=0.515159) vs oldopt=(dt=0.32,rms=0.515332)
#GCMRL#  527 dt   0.448000 rms  0.515  0.129% neg 0  invalid 762 tFOTS 3.0630 tGradient 0.8840 tsec 4.1920
#FOTS# QuadFit found better minimum quadopt=(dt=0.448,rms=0.514618) vs oldopt=(dt=0.32,rms=0.514757)
#GCMRL#  528 dt   0.448000 rms  0.515  0.105% neg 0  invalid 762 tFOTS 2.9020 tGradient 0.7380 tsec 3.8820
#FOTS# QuadFit found better minimum quadopt=(dt=0.448,rms=0.514223) vs oldopt=(dt=0.32,rms=0.51432)
#GCMRL#  529 dt   0.448000 rms  0.514  0.077% neg 0  invalid 762 tFOTS 2.8940 tGradient 0.7310 tsec 3.8790
#FOTS# QuadFit found better minimum quadopt=(dt=0.448,rms=0.513859) vs oldopt=(dt=0.32,rms=0.513945)
#GCMRL#  530 dt   0.448000 rms  0.514  0.071% neg 0  invalid 762 tFOTS 3.0780 tGradient 0.7390 tsec 4.0630
#FOTS# QuadFit found better minimum quadopt=(dt=0.448,rms=0.513599) vs oldopt=(dt=0.32,rms=0.513654)
#GCMRL#  531 dt   0.448000 rms  0.514  0.051% neg 0  invalid 762 tFOTS 2.8990 tGradient 0.7270 tsec 3.8720
#FOTS# QuadFit found better minimum quadopt=(dt=0.448,rms=0.513365) vs oldopt=(dt=0.32,rms=0.513419)
#GCMRL#  532 dt   0.448000 rms  0.513  0.000% neg 0  invalid 762 tFOTS 2.8850 tGradient 0.7290 tsec 3.8850
#GCMRL#  533 dt   0.448000 rms  0.513  0.034% neg 0  invalid 762 tFOTS 0.0000 tGradient 0.7260 tsec 0.9740
#GCMRL#  534 dt   0.448000 rms  0.513  0.063% neg 0  invalid 762 tFOTS 0.0000 tGradient 0.7390 tsec 0.9810
#GCMRL#  535 dt   0.448000 rms  0.512  0.089% neg 0  invalid 762 tFOTS 0.0000 tGradient 0.6960 tsec 0.9390
#GCMRL#  536 dt   0.448000 rms  0.512  0.077% neg 0  invalid 762 tFOTS 0.0000 tGradient 0.6760 tsec 0.9150
#GCMRL#  537 dt   0.448000 rms  0.512  0.001% neg 0  invalid 762 tFOTS 0.0000 tGradient 0.6970 tsec 1.0710
#GCMRL#  538 dt   0.448000 rms  0.512  0.003% neg 0  invalid 762 tFOTS 0.0000 tGradient 0.6700 tsec 1.0350
#GCMRL#  539 dt   0.448000 rms  0.512  0.008% neg 0  invalid 762 tFOTS 0.0000 tGradient 0.6960 tsec 0.9460
#GCMRL#  540 dt   0.224000 rms  0.512  0.007% neg 0  invalid 762 tFOTS 0.0000 tGradient 0.6900 tsec 1.1890
#FOTS# QuadFit found better minimum quadopt=(dt=0.448,rms=0.511843) vs oldopt=(dt=0.32,rms=0.511866)
#GCMRL#  541 dt   0.448000 rms  0.512  0.015% neg 0  invalid 762 tFOTS 2.9220 tGradient 0.6930 tsec 3.8840
#FOTS# QuadFit found better minimum quadopt=(dt=0.048,rms=0.511841) vs oldopt=(dt=0.08,rms=0.511841)
#GCMRL#  542 dt   0.048000 rms  0.512  0.000% neg 0  invalid 762 tFOTS 2.8930 tGradient 0.6980 tsec 3.8560
#GCMRL#  543 dt   0.048000 rms  0.512  0.001% neg 0  invalid 762 tFOTS 0.0000 tGradient 0.6890 tsec 0.9310
#GCMRL#  544 dt   0.048000 rms  0.512  0.000% neg 0  invalid 762 tFOTS 0.0000 tGradient 0.7000 tsec 0.9430
#GCMRL#  545 dt   0.048000 rms  0.512  0.001% neg 0  invalid 762 tFOTS 0.0000 tGradient 0.6900 tsec 0.9310

#GCAMreg# pass 0 level1 0 level2 1 tsec 71.917 sigma 0.5
l_jacobian=1.00 l_label=1.00 l_log_likelihood=0.20 l_smoothness=2.00 
tol=5.00e-02, dt=5.00e-02, exp_k=20.0, momentum=0.90, levels=6, niter=500, lbl_dist=10.00, avgs=0, sigma=0.5,type=2, relabel=0, neg=no

blurring input image with Gaussian with sigma=0.500...
GCAMRegisterLevel(): init RMS 0.512373
#GCMRL#  547 dt   0.320000 rms  0.508  0.862% neg 0  invalid 762 tFOTS 2.8800 tGradient 0.6870 tsec 3.8090
#FOTS# QuadFit found better minimum quadopt=(dt=0.448,rms=0.505863) vs oldopt=(dt=0.32,rms=0.506443)
#GCMRL#  548 dt   0.448000 rms  0.506  0.412% neg 0  invalid 762 tFOTS 2.8750 tGradient 0.6930 tsec 3.8180
#FOTS# QuadFit found better minimum quadopt=(dt=0.384,rms=0.50553) vs oldopt=(dt=0.32,rms=0.505579)
#GCMRL#  549 dt   0.384000 rms  0.506  0.066% neg 0  invalid 762 tFOTS 2.8800 tGradient 0.7030 tsec 3.8260
#FOTS# QuadFit found better minimum quadopt=(dt=0.384,rms=0.505365) vs oldopt=(dt=0.32,rms=0.505384)
#GCMRL#  550 dt   0.384000 rms  0.505  0.000% neg 0  invalid 762 tFOTS 2.8800 tGradient 0.6950 tsec 3.8400
#GCMRL#  551 dt   0.384000 rms  0.505  0.015% neg 0  invalid 762 tFOTS 0.0000 tGradient 0.6970 tsec 0.9370
#GCMRL#  552 dt   0.384000 rms  0.505  0.025% neg 0  invalid 762 tFOTS 0.0000 tGradient 0.6970 tsec 0.9420
GCAMregister done in 22.9567 min
********************* ALLOWING NEGATIVE NODES IN DEFORMATION********************************
noneg post
Starting GCAMregister()
label assignment complete, 0 changed (0.00%)
npasses = 1, nlevels = 6
#pass# 1 of 1 ************************
enabling zero nodes
setting smoothness cost coefficient to 0.008

#GCAMreg# pass 0 level1 5 level2 0 tsec 0 sigma 2
l_jacobian=1.00 l_label=1.00 l_log_likelihood=0.20 l_smoothness=0.01 
tol=2.50e-01, dt=5.00e-02, exp_k=20.0, momentum=0.90, levels=6, niter=500, lbl_dist=10.00, avgs=256, sigma=2.0,type=2, relabel=0, neg=yes

blurring input image with Gaussian with sigma=2.000...
GCAMRegisterLevel(): init RMS 0.503317
#GCMRL#  554 dt   0.000000 rms  0.503  0.105% neg 0  invalid 762 tFOTS 3.4750 tGradient 2.0090 tsec 5.7300

#GCAMreg# pass 0 level1 5 level2 1 tsec 20.828 sigma 0.5
l_jacobian=1.00 l_label=1.00 l_log_likelihood=0.20 l_smoothness=0.01 
tol=2.50e-01, dt=5.00e-02, exp_k=20.0, momentum=0.90, levels=6, niter=500, lbl_dist=10.00, avgs=256, sigma=0.5,type=2, relabel=0, neg=yes

blurring input image with Gaussian with sigma=0.500...
GCAMRegisterLevel(): init RMS 0.503317
#FOTS# QuadFit found better minimum quadopt=(dt=221.952,rms=0.502352) vs oldopt=(dt=369.92,rms=0.502439)
#GCMRL#  556 dt 221.952000 rms  0.502  0.192% neg 0  invalid 762 tFOTS 3.4850 tGradient 1.9580 tsec 5.6900
#GCMRL#  557 dt  92.480000 rms  0.502  0.000% neg 0  invalid 762 tFOTS 3.4730 tGradient 1.9150 tsec 5.6510
#GCMRL#  558 dt  92.480000 rms  0.502  0.012% neg 0  invalid 762 tFOTS 0.0000 tGradient 1.7910 tsec 2.0340
#GCMRL#  559 dt  92.480000 rms  0.502  0.023% neg 0  invalid 762 tFOTS 0.0000 tGradient 1.7950 tsec 2.0340
#GCMRL#  560 dt  92.480000 rms  0.502  0.033% neg 0  invalid 762 tFOTS 0.0000 tGradient 1.8120 tsec 2.0570
#GCMRL#  561 dt  92.480000 rms  0.502  0.027% neg 0  invalid 762 tFOTS 0.0000 tGradient 1.8090 tsec 2.0480
setting smoothness cost coefficient to 0.031

#GCAMreg# pass 0 level1 4 level2 0 tsec 0 sigma 2
l_jacobian=1.00 l_label=1.00 l_log_likelihood=0.20 l_smoothness=0.03 
tol=2.50e-01, dt=5.00e-02, exp_k=20.0, momentum=0.90, levels=6, niter=500, lbl_dist=10.00, avgs=64, sigma=2.0,type=2, relabel=0, neg=yes

blurring input image with Gaussian with sigma=2.000...
GCAMRegisterLevel(): init RMS 0.502177
#GCMRL#  563 dt   0.000000 rms  0.502  0.105% neg 0  invalid 762 tFOTS 3.6590 tGradient 1.5050 tsec 5.4090

#GCAMreg# pass 0 level1 4 level2 1 tsec 20.01 sigma 0.5
l_jacobian=1.00 l_label=1.00 l_log_likelihood=0.20 l_smoothness=0.03 
tol=2.50e-01, dt=5.00e-02, exp_k=20.0, momentum=0.90, levels=6, niter=500, lbl_dist=10.00, avgs=64, sigma=0.5,type=2, relabel=0, neg=yes

blurring input image with Gaussian with sigma=0.500...
GCAMRegisterLevel(): init RMS 0.502177
#FOTS# QuadFit found better minimum quadopt=(dt=145.152,rms=0.499771) vs oldopt=(dt=103.68,rms=0.500069)
#GCMRL#  565 dt 145.152000 rms  0.500  0.479% neg 0  invalid 762 tFOTS 3.5100 tGradient 1.4750 tsec 5.2310
#FOTS# QuadFit found better minimum quadopt=(dt=36.288,rms=0.499262) vs oldopt=(dt=25.92,rms=0.499324)
#GCMRL#  566 dt  36.288000 rms  0.499  0.000% neg 0  invalid 762 tFOTS 3.4840 tGradient 1.5430 tsec 5.2940
#GCMRL#  567 dt  36.288000 rms  0.499  0.058% neg 0  invalid 762 tFOTS 0.0000 tGradient 1.4980 tsec 1.7460
#GCMRL#  568 dt  36.288000 rms  0.498  0.098% neg 0  invalid 762 tFOTS 0.0000 tGradient 1.6000 tsec 1.8380
#GCMRL#  569 dt  36.288000 rms  0.498  0.126% neg 0  invalid 762 tFOTS 0.0000 tGradient 1.5300 tsec 1.7700
#GCMRL#  570 dt  36.288000 rms  0.497  0.119% neg 0  invalid 762 tFOTS 0.0000 tGradient 1.5130 tsec 1.7540
#GCMRL#  571 dt  36.288000 rms  0.497  0.117% neg 0  invalid 762 tFOTS 0.0000 tGradient 1.4780 tsec 1.7340
#FOTS# QuadFit found better minimum quadopt=(dt=145.152,rms=0.496374) vs oldopt=(dt=103.68,rms=0.496413)
#GCMRL#  572 dt 145.152000 rms  0.496  0.000% neg 0  invalid 762 tFOTS 3.4480 tGradient 1.4790 tsec 5.1900
setting smoothness cost coefficient to 0.118

#GCAMreg# pass 0 level1 3 level2 0 tsec 0 sigma 2
l_jacobian=1.00 l_label=1.00 l_log_likelihood=0.20 l_smoothness=0.12 
tol=2.50e-01, dt=5.00e-02, exp_k=20.0, momentum=0.90, levels=6, niter=500, lbl_dist=10.00, avgs=16, sigma=2.0,type=2, relabel=0, neg=yes

blurring input image with Gaussian with sigma=2.000...
GCAMRegisterLevel(): init RMS 0.497176
#FOTS# QuadFit found better minimum quadopt=(dt=23.8499,rms=0.494827) vs oldopt=(dt=32,rms=0.495088)
iter 0, gcam->neg = 4
after 8 iterations, nbhd size=1, neg = 0
#GCMRL#  574 dt  23.849866 rms  0.495  0.466% neg 0  invalid 762 tFOTS 3.6580 tGradient 1.3480 tsec 8.5230
iter 0, gcam->neg = 1
after 0 iterations, nbhd size=0, neg = 0
#GCMRL#  575 dt  32.000000 rms  0.494  0.000% neg 0  invalid 762 tFOTS 3.6920 tGradient 1.2540 tsec 5.9200
iter 0, gcam->neg = 7
after 5 iterations, nbhd size=0, neg = 0
#GCMRL#  576 dt  32.000000 rms  0.492  0.303% neg 0  invalid 762 tFOTS 0.0000 tGradient 1.2600 tsec 3.8220
iter 0, gcam->neg = 23
after 15 iterations, nbhd size=1, neg = 0
#GCMRL#  577 dt  32.000000 rms  0.491  0.287% neg 0  invalid 762 tFOTS 0.0000 tGradient 1.2910 tsec 6.9730
iter 0, gcam->neg = 41
after 17 iterations, nbhd size=1, neg = 0
#GCMRL#  578 dt  32.000000 rms  0.491 -0.099% neg 0  invalid 762 tFOTS 0.0000 tGradient 1.2750 tsec 7.8960
#FOTS# QuadFit found better minimum quadopt=(dt=11.2,rms=0.490598) vs oldopt=(dt=8,rms=0.490639)
iter 0, gcam->neg = 3
after 1 iterations, nbhd size=0, neg = 0
#GCMRL#  579 dt  11.200000 rms  0.491  0.047% neg 0  invalid 762 tFOTS 3.7200 tGradient 1.3070 tsec 6.3110
iter 0, gcam->neg = 64
after 16 iterations, nbhd size=1, neg = 0
#GCMRL#  580 dt 128.000000 rms  0.489  0.327% neg 0  invalid 762 tFOTS 3.4980 tGradient 1.2480 tsec 11.0210
#FOTS# QuadFit found better minimum quadopt=(dt=25.6,rms=0.488608) vs oldopt=(dt=32,rms=0.488643)
iter 0, gcam->neg = 1
after 1 iterations, nbhd size=0, neg = 0
#GCMRL#  581 dt  25.600000 rms  0.489  0.000% neg 0  invalid 762 tFOTS 3.6670 tGradient 1.2410 tsec 6.2070
iter 0, gcam->neg = 1
after 1 iterations, nbhd size=0, neg = 0
#GCMRL#  582 dt  25.600000 rms  0.488  0.073% neg 0  invalid 762 tFOTS 0.0000 tGradient 1.2590 tsec 2.5420
iter 0, gcam->neg = 4
after 3 iterations, nbhd size=0, neg = 0
#GCMRL#  583 dt  25.600000 rms  0.488  0.095% neg 0  invalid 762 tFOTS 0.0000 tGradient 1.2550 tsec 3.2200
iter 0, gcam->neg = 4
after 2 iterations, nbhd size=0, neg = 0
#GCMRL#  584 dt  25.600000 rms  0.487  0.143% neg 0  invalid 762 tFOTS 0.0000 tGradient 1.2750 tsec 2.8750
iter 0, gcam->neg = 5
after 2 iterations, nbhd size=0, neg = 0
#GCMRL#  585 dt  25.600000 rms  0.486  0.124% neg 0  invalid 762 tFOTS 0.0000 tGradient 1.2580 tsec 2.8600
iter 0, gcam->neg = 12
after 4 iterations, nbhd size=0, neg = 0
#GCMRL#  586 dt  25.600000 rms  0.486  0.114% neg 0  invalid 762 tFOTS 0.0000 tGradient 1.2220 tsec 3.4920
iter 0, gcam->neg = 2
after 2 iterations, nbhd size=0, neg = 0
#GCMRL#  587 dt  32.000000 rms  0.486  0.000% neg 0  invalid 762 tFOTS 3.5050 tGradient 1.2300 tsec 6.3690
iter 0, gcam->neg = 4
after 1 iterations, nbhd size=0, neg = 0
#GCMRL#  588 dt  32.000000 rms  0.486  0.023% neg 0  invalid 762 tFOTS 0.0000 tGradient 1.2050 tsec 2.4670
iter 0, gcam->neg = 5
after 2 iterations, nbhd size=0, neg = 0
#GCMRL#  589 dt  32.000000 rms  0.485  0.054% neg 0  invalid 762 tFOTS 0.0000 tGradient 1.2170 tsec 2.8150
iter 0, gcam->neg = 8
after 4 iterations, nbhd size=0, neg = 0
#GCMRL#  590 dt  32.000000 rms  0.485  0.081% neg 0  invalid 762 tFOTS 0.0000 tGradient 1.2120 tsec 3.4460
iter 0, gcam->neg = 18
after 4 iterations, nbhd size=0, neg = 0
#GCMRL#  591 dt  32.000000 rms  0.484  0.153% neg 0  invalid 762 tFOTS 0.0000 tGradient 1.2060 tsec 3.4300
iter 0, gcam->neg = 15
after 4 iterations, nbhd size=0, neg = 0
#GCMRL#  592 dt  32.000000 rms  0.484  0.066% neg 0  invalid 762 tFOTS 0.0000 tGradient 1.2070 tsec 3.4510
iter 0, gcam->neg = 30
after 6 iterations, nbhd size=0, neg = 0
#GCMRL#  593 dt  32.000000 rms  0.484  0.037% neg 0  invalid 762 tFOTS 0.0000 tGradient 1.2570 tsec 4.1930
#FOTS# QuadFit found better minimum quadopt=(dt=11.2,rms=0.483592) vs oldopt=(dt=8,rms=0.483637)
iter 0, gcam->neg = 1
after 0 iterations, nbhd size=0, neg = 0
#GCMRL#  594 dt  11.200000 rms  0.484  0.046% neg 0  invalid 762 tFOTS 3.6760 tGradient 1.2360 tsec 5.8740
#FOTS# QuadFit found better minimum quadopt=(dt=9.6,rms=0.483585) vs oldopt=(dt=8,rms=0.483586)
iter 0, gcam->neg = 1
after 0 iterations, nbhd size=0, neg = 0
#GCMRL#  595 dt   9.600000 rms  0.484  0.000% neg 0  invalid 762 tFOTS 3.6810 tGradient 1.2700 tsec 5.9200
#GCMRL#  596 dt   9.600000 rms  0.484  0.004% neg 0  invalid 762 tFOTS 0.0000 tGradient 1.2220 tsec 1.4690

#GCAMreg# pass 0 level1 3 level2 1 tsec 121.992 sigma 0.5
l_jacobian=1.00 l_label=1.00 l_log_likelihood=0.20 l_smoothness=0.12 
tol=2.50e-01, dt=5.00e-02, exp_k=20.0, momentum=0.90, levels=6, niter=500, lbl_dist=10.00, avgs=16, sigma=0.5,type=2, relabel=0, neg=yes

blurring input image with Gaussian with sigma=0.500...
GCAMRegisterLevel(): init RMS 0.484106
#FOTS# QuadFit found better minimum quadopt=(dt=44.8,rms=0.47856) vs oldopt=(dt=32,rms=0.479072)
iter 0, gcam->neg = 1
after 1 iterations, nbhd size=0, neg = 0
#GCMRL#  598 dt  44.800000 rms  0.479  1.146% neg 0  invalid 762 tFOTS 3.6900 tGradient 1.2530 tsec 6.2260
iter 0, gcam->neg = 2
after 0 iterations, nbhd size=0, neg = 0
#GCMRL#  599 dt  32.000000 rms  0.477  0.329% neg 0  invalid 762 tFOTS 3.6820 tGradient 1.2610 tsec 5.9070
#GCMRL#  600 dt  32.000000 rms  0.476  0.000% neg 0  invalid 762 tFOTS 3.7500 tGradient 1.2610 tsec 5.2720
iter 0, gcam->neg = 1
after 6 iterations, nbhd size=1, neg = 0
#GCMRL#  601 dt  32.000000 rms  0.475  0.127% neg 0  invalid 762 tFOTS 0.0000 tGradient 1.2520 tsec 4.1860
iter 0, gcam->neg = 2
after 0 iterations, nbhd size=0, neg = 0
#GCMRL#  602 dt  32.000000 rms  0.474  0.222% neg 0  invalid 762 tFOTS 0.0000 tGradient 1.2950 tsec 2.2300
iter 0, gcam->neg = 3
after 4 iterations, nbhd size=0, neg = 0
#GCMRL#  603 dt  32.000000 rms  0.474  0.144% neg 0  invalid 762 tFOTS 0.0000 tGradient 1.2680 tsec 3.5550
iter 0, gcam->neg = 7
after 4 iterations, nbhd size=0, neg = 0
#GCMRL#  604 dt  32.000000 rms  0.473  0.122% neg 0  invalid 762 tFOTS 0.0000 tGradient 1.3830 tsec 3.6070
iter 0, gcam->neg = 4
after 7 iterations, nbhd size=0, neg = 0
#GCMRL#  605 dt  32.000000 rms  0.473  0.031% neg 0  invalid 762 tFOTS 0.0000 tGradient 1.2530 tsec 4.4380
#FOTS# QuadFit found better minimum quadopt=(dt=19.2,rms=0.472395) vs oldopt=(dt=32,rms=0.472572)
#GCMRL#  606 dt  19.200000 rms  0.472  0.130% neg 0  invalid 762 tFOTS 3.6460 tGradient 1.2400 tsec 5.1300
#FOTS# QuadFit found better minimum quadopt=(dt=19.2,rms=0.472237) vs oldopt=(dt=32,rms=0.472265)
iter 0, gcam->neg = 1
after 1 iterations, nbhd size=0, neg = 0
#GCMRL#  607 dt  19.200000 rms  0.472  0.000% neg 0  invalid 762 tFOTS 3.6550 tGradient 1.2890 tsec 6.2420
#GCMRL#  608 dt  19.200000 rms  0.472  0.042% neg 0  invalid 762 tFOTS 0.0000 tGradient 1.2610 tsec 1.5070
iter 0, gcam->neg = 1
after 0 iterations, nbhd size=0, neg = 0
#GCMRL#  609 dt  19.200000 rms  0.472  0.050% neg 0  invalid 762 tFOTS 0.0000 tGradient 1.2900 tsec 2.2170
iter 0, gcam->neg = 1
after 0 iterations, nbhd size=0, neg = 0
#GCMRL#  610 dt  19.200000 rms  0.472  0.040% neg 0  invalid 762 tFOTS 0.0000 tGradient 1.2960 tsec 2.2420
iter 0, gcam->neg = 1
after 0 iterations, nbhd size=0, neg = 0
#GCMRL#  611 dt  19.200000 rms  0.471  0.072% neg 0  invalid 762 tFOTS 0.0000 tGradient 1.2580 tsec 2.2080
iter 0, gcam->neg = 1
after 0 iterations, nbhd size=0, neg = 0
setting smoothness cost coefficient to 0.400

#GCAMreg# pass 0 level1 2 level2 0 tsec 0 sigma 2
l_jacobian=1.00 l_label=1.00 l_log_likelihood=0.20 l_smoothness=0.40 
tol=2.50e-01, dt=5.00e-02, exp_k=20.0, momentum=0.90, levels=6, niter=500, lbl_dist=10.00, avgs=4, sigma=2.0,type=2, relabel=0, neg=yes

blurring input image with Gaussian with sigma=2.000...
GCAMRegisterLevel(): init RMS 0.476923
#FOTS# QuadFit found better minimum quadopt=(dt=0.063,rms=0.47647) vs oldopt=(dt=0.045,rms=0.47647)
#GCMRL#  613 dt   0.063000 rms  0.476  0.095% neg 0  invalid 762 tFOTS 3.9320 tGradient 1.2460 tsec 5.4180
#FOTS# QuadFit found better minimum quadopt=(dt=0.063,rms=0.47647) vs oldopt=(dt=0.045,rms=0.47647)

#GCAMreg# pass 0 level1 2 level2 1 tsec 19.881 sigma 0.5
l_jacobian=1.00 l_label=1.00 l_log_likelihood=0.20 l_smoothness=0.40 
tol=2.50e-01, dt=5.00e-02, exp_k=20.0, momentum=0.90, levels=6, niter=500, lbl_dist=10.00, avgs=4, sigma=0.5,type=2, relabel=0, neg=yes

blurring input image with Gaussian with sigma=0.500...
GCAMRegisterLevel(): init RMS 0.476923
#GCMRL#  615 dt   2.880000 rms  0.476  0.121% neg 0  invalid 762 tFOTS 3.6080 tGradient 1.2210 tsec 5.0710
#GCMRL#  616 dt   2.880000 rms  0.476  0.000% neg 0  invalid 762 tFOTS 3.6310 tGradient 1.1960 tsec 5.0890
#GCMRL#  617 dt   2.880000 rms  0.476  0.015% neg 0  invalid 762 tFOTS 0.0000 tGradient 1.2160 tsec 1.4570
iter 0, gcam->neg = 1
after 4 iterations, nbhd size=0, neg = 0
setting smoothness cost coefficient to 1.000

#GCAMreg# pass 0 level1 1 level2 0 tsec 0 sigma 2
l_jacobian=1.00 l_label=1.00 l_log_likelihood=0.20 l_smoothness=1.00 
tol=2.50e-01, dt=5.00e-02, exp_k=20.0, momentum=0.90, levels=6, niter=500, lbl_dist=10.00, avgs=1, sigma=2.0,type=2, relabel=0, neg=yes

blurring input image with Gaussian with sigma=2.000...
GCAMRegisterLevel(): init RMS 0.485208
#FOTS# QuadFit found better minimum quadopt=(dt=0.064,rms=0.484713) vs oldopt=(dt=0.08,rms=0.484713)
#GCMRL#  619 dt   0.064000 rms  0.485  0.102% neg 0  invalid 762 tFOTS 3.6690 tGradient 1.1480 tsec 5.0620
#FOTS# QuadFit found better minimum quadopt=(dt=0.024,rms=0.484722) vs oldopt=(dt=0.02,rms=0.484722)

#GCAMreg# pass 0 level1 1 level2 1 tsec 19.607 sigma 0.5
l_jacobian=1.00 l_label=1.00 l_log_likelihood=0.20 l_smoothness=1.00 
tol=2.50e-01, dt=5.00e-02, exp_k=20.0, momentum=0.90, levels=6, niter=500, lbl_dist=10.00, avgs=1, sigma=0.5,type=2, relabel=0, neg=yes

blurring input image with Gaussian with sigma=0.500...
GCAMRegisterLevel(): init RMS 0.485206
#GCMRL#  621 dt   1.280000 rms  0.484  0.255% neg 0  invalid 762 tFOTS 3.7810 tGradient 1.1970 tsec 5.2290
#FOTS# QuadFit found better minimum quadopt=(dt=1.024,rms=0.483733) vs oldopt=(dt=1.28,rms=0.483747)
#GCMRL#  622 dt   1.024000 rms  0.484  0.000% neg 0  invalid 762 tFOTS 3.7510 tGradient 1.1720 tsec 5.1960
#GCMRL#  623 dt   1.024000 rms  0.484  0.004% neg 0  invalid 762 tFOTS 0.0000 tGradient 1.1200 tsec 1.3670
iter 0, gcam->neg = 1
after 1 iterations, nbhd size=0, neg = 0
resetting metric properties...
setting smoothness cost coefficient to 2.000

#GCAMreg# pass 0 level1 0 level2 0 tsec 0 sigma 2
l_jacobian=1.00 l_label=1.00 l_log_likelihood=0.20 l_smoothness=2.00 
tol=2.50e-01, dt=5.00e-02, exp_k=20.0, momentum=0.90, levels=6, niter=500, lbl_dist=10.00, avgs=0, sigma=2.0,type=2, relabel=0, neg=yes

blurring input image with Gaussian with sigma=2.000...
GCAMRegisterLevel(): init RMS 0.475868
#FOTS# QuadFit found better minimum quadopt=(dt=2.04476,rms=0.442108) vs oldopt=(dt=1.28,rms=0.447011)
iter 0, gcam->neg = 1099
after 20 iterations, nbhd size=1, neg = 0
#GCMRL#  625 dt   2.044755 rms  0.443  6.899% neg 0  invalid 762 tFOTS 3.9260 tGradient 0.7110 tsec 12.1740
#FOTS# QuadFit found better minimum quadopt=(dt=0.024,rms=0.443001) vs oldopt=(dt=0.02,rms=0.443001)
#GCMRL#  626 dt   0.024000 rms  0.443  0.000% neg 0  invalid 762 tFOTS 3.7710 tGradient 0.7620 tsec 4.8020

#GCAMreg# pass 0 level1 0 level2 1 tsec 27.289 sigma 0.5
l_jacobian=1.00 l_label=1.00 l_log_likelihood=0.20 l_smoothness=2.00 
tol=2.50e-01, dt=5.00e-02, exp_k=20.0, momentum=0.90, levels=6, niter=500, lbl_dist=10.00, avgs=0, sigma=0.5,type=2, relabel=0, neg=yes

blurring input image with Gaussian with sigma=0.500...
GCAMRegisterLevel(): init RMS 0.443576
#GCMRL#  628 dt   0.080000 rms  0.443  0.175% neg 0  invalid 762 tFOTS 3.7420 tGradient 0.7630 tsec 4.7530
#GCMRL#  629 dt   0.050000 rms  0.443  0.000% neg 0  invalid 762 tFOTS 3.5750 tGradient 0.7480 tsec 4.5890
label assignment complete, 0 changed (0.00%)
GCAMregister done in 6.36122 min
Starting GCAMcomputeMaxPriorLabels()
Morphing with label term set to 0 *******************************
Starting GCAMregister()
label assignment complete, 0 changed (0.00%)
npasses = 1, nlevels = 6
#pass# 1 of 1 ************************
enabling zero nodes
setting smoothness cost coefficient to 0.008

#GCAMreg# pass 0 level1 5 level2 0 tsec 0 sigma 2
l_jacobian=1.00 l_log_likelihood=0.20 l_smoothness=0.01 
tol=2.50e-01, dt=5.00e-02, exp_k=20.0, momentum=0.90, levels=6, niter=500, lbl_dist=10.00, avgs=256, sigma=2.0,type=2, relabel=0, neg=yes

blurring input image with Gaussian with sigma=2.000...
GCAMRegisterLevel(): init RMS 0.428421

#GCAMreg# pass 0 level1 5 level2 1 tsec 13.938 sigma 0.5
l_jacobian=1.00 l_log_likelihood=0.20 l_smoothness=0.01 
tol=2.50e-01, dt=5.00e-02, exp_k=20.0, momentum=0.90, levels=6, niter=500, lbl_dist=10.00, avgs=256, sigma=0.5,type=2, relabel=0, neg=yes

blurring input image with Gaussian with sigma=0.500...
GCAMRegisterLevel(): init RMS 0.428421
#FOTS# QuadFit found better minimum quadopt=(dt=18.496,rms=0.428418) vs oldopt=(dt=23.12,rms=0.428418)
#GCMRL#  632 dt  18.496000 rms  0.428  0.001% neg 0  invalid 762 tFOTS 3.3780 tGradient 1.1380 tsec 4.7480
setting smoothness cost coefficient to 0.031

#GCAMreg# pass 0 level1 4 level2 0 tsec 0 sigma 2
l_jacobian=1.00 l_log_likelihood=0.20 l_smoothness=0.03 
tol=2.50e-01, dt=5.00e-02, exp_k=20.0, momentum=0.90, levels=6, niter=500, lbl_dist=10.00, avgs=64, sigma=2.0,type=2, relabel=0, neg=yes

blurring input image with Gaussian with sigma=2.000...
GCAMRegisterLevel(): init RMS 0.428593

#GCAMreg# pass 0 level1 4 level2 1 tsec 13.711 sigma 0.5
l_jacobian=1.00 l_log_likelihood=0.20 l_smoothness=0.03 
tol=2.50e-01, dt=5.00e-02, exp_k=20.0, momentum=0.90, levels=6, niter=500, lbl_dist=10.00, avgs=64, sigma=0.5,type=2, relabel=0, neg=yes

blurring input image with Gaussian with sigma=0.500...
GCAMRegisterLevel(): init RMS 0.428593
#FOTS# QuadFit found better minimum quadopt=(dt=36.288,rms=0.428499) vs oldopt=(dt=25.92,rms=0.428511)
#GCMRL#  635 dt  36.288000 rms  0.428  0.022% neg 0  invalid 762 tFOTS 3.4130 tGradient 0.8640 tsec 4.5040
#FOTS# QuadFit found better minimum quadopt=(dt=36.288,rms=0.428452) vs oldopt=(dt=25.92,rms=0.428462)
#GCMRL#  636 dt  36.288000 rms  0.428  0.000% neg 0  invalid 762 tFOTS 3.4420 tGradient 0.8800 tsec 4.5690
#GCMRL#  637 dt  36.288000 rms  0.428  0.009% neg 0  invalid 762 tFOTS 0.0000 tGradient 0.8790 tsec 1.1050
#GCMRL#  638 dt  36.288000 rms  0.428  0.009% neg 0  invalid 762 tFOTS 0.0000 tGradient 0.8740 tsec 1.0970
#GCMRL#  639 dt  36.288000 rms  0.428  0.003% neg 0  invalid 762 tFOTS 0.0000 tGradient 0.8750 tsec 1.0980
setting smoothness cost coefficient to 0.118

#GCAMreg# pass 0 level1 3 level2 0 tsec 0 sigma 2
l_jacobian=1.00 l_log_likelihood=0.20 l_smoothness=0.12 
tol=2.50e-01, dt=5.00e-02, exp_k=20.0, momentum=0.90, levels=6, niter=500, lbl_dist=10.00, avgs=16, sigma=2.0,type=2, relabel=0, neg=yes

blurring input image with Gaussian with sigma=2.000...
GCAMRegisterLevel(): init RMS 0.429037
#FOTS# QuadFit found better minimum quadopt=(dt=6.4,rms=0.428891) vs oldopt=(dt=8,rms=0.4289)
#GCMRL#  641 dt   6.400000 rms  0.429  0.034% neg 0  invalid 762 tFOTS 3.4230 tGradient 0.8420 tsec 4.4960
#GCMRL#  642 dt   2.000000 rms  0.429  0.000% neg 0  invalid 762 tFOTS 3.3870 tGradient 0.7760 tsec 4.4080

#GCAMreg# pass 0 level1 3 level2 1 tsec 19.204 sigma 0.5
l_jacobian=1.00 l_log_likelihood=0.20 l_smoothness=0.12 
tol=2.50e-01, dt=5.00e-02, exp_k=20.0, momentum=0.90, levels=6, niter=500, lbl_dist=10.00, avgs=16, sigma=0.5,type=2, relabel=0, neg=yes

blurring input image with Gaussian with sigma=0.500...
GCAMRegisterLevel(): init RMS 0.428882
#FOTS# QuadFit found better minimum quadopt=(dt=88.2581,rms=0.426068) vs oldopt=(dt=32,rms=0.426868)
iter 0, gcam->neg = 11
after 10 iterations, nbhd size=1, neg = 0
#GCMRL#  644 dt  88.258065 rms  0.426  0.648% neg 0  invalid 762 tFOTS 3.3490 tGradient 0.7710 tsec 8.2670
#FOTS# QuadFit found better minimum quadopt=(dt=20.8834,rms=0.424813) vs oldopt=(dt=32,rms=0.425253)
iter 0, gcam->neg = 1
after 3 iterations, nbhd size=0, neg = 0
#GCMRL#  645 dt  20.883375 rms  0.425  0.302% neg 0  invalid 762 tFOTS 3.3620 tGradient 0.7730 tsec 6.0320
#FOTS# QuadFit found better minimum quadopt=(dt=25.6,rms=0.424625) vs oldopt=(dt=32,rms=0.424629)
iter 0, gcam->neg = 3
after 1 iterations, nbhd size=0, neg = 0
#GCMRL#  646 dt  25.600000 rms  0.425  0.000% neg 0  invalid 762 tFOTS 3.3170 tGradient 0.7750 tsec 5.3470
iter 0, gcam->neg = 5
after 8 iterations, nbhd size=1, neg = 0
#GCMRL#  647 dt  25.600000 rms  0.424  0.058% neg 0  invalid 762 tFOTS 0.0000 tGradient 0.7780 tsec 4.2670
iter 0, gcam->neg = 2
after 1 iterations, nbhd size=0, neg = 0
#GCMRL#  648 dt  25.600000 rms  0.424  0.099% neg 0  invalid 762 tFOTS 0.0000 tGradient 0.7790 tsec 2.0200
iter 0, gcam->neg = 3
after 1 iterations, nbhd size=0, neg = 0
#GCMRL#  649 dt  25.600000 rms  0.423  0.132% neg 0  invalid 762 tFOTS 0.0000 tGradient 0.7870 tsec 2.0400
iter 0, gcam->neg = 3
after 8 iterations, nbhd size=1, neg = 0
#GCMRL#  650 dt  25.600000 rms  0.423  0.149% neg 0  invalid 762 tFOTS 0.0000 tGradient 0.7840 tsec 4.3450
iter 0, gcam->neg = 11
after 4 iterations, nbhd size=0, neg = 0
#GCMRL#  651 dt  25.600000 rms  0.422  0.159% neg 0  invalid 762 tFOTS 0.0000 tGradient 0.7830 tsec 2.9990
iter 0, gcam->neg = 12
after 13 iterations, nbhd size=1, neg = 0
#GCMRL#  652 dt  25.600000 rms  0.422  0.131% neg 0  invalid 762 tFOTS 0.0000 tGradient 0.7870 tsec 5.9820
iter 0, gcam->neg = 12
after 7 iterations, nbhd size=0, neg = 0
#GCMRL#  653 dt  25.600000 rms  0.421  0.157% neg 0  invalid 762 tFOTS 0.0000 tGradient 0.7680 tsec 3.9600
iter 0, gcam->neg = 12
after 4 iterations, nbhd size=0, neg = 0
#GCMRL#  654 dt  25.600000 rms  0.420  0.133% neg 0  invalid 762 tFOTS 0.0000 tGradient 0.7910 tsec 2.9940
iter 0, gcam->neg = 21
after 13 iterations, nbhd size=1, neg = 0
#GCMRL#  655 dt  25.600000 rms  0.420  0.071% neg 0  invalid 762 tFOTS 0.0000 tGradient 0.7840 tsec 5.8700
iter 0, gcam->neg = 21
after 9 iterations, nbhd size=0, neg = 0
#GCMRL#  656 dt  25.600000 rms  0.420  0.051% neg 0  invalid 762 tFOTS 0.0000 tGradient 0.7710 tsec 4.6140
iter 0, gcam->neg = 3
after 3 iterations, nbhd size=0, neg = 0
#GCMRL#  657 dt  32.000000 rms  0.420  0.000% neg 0  invalid 762 tFOTS 3.1800 tGradient 0.7750 tsec 5.8960
setting smoothness cost coefficient to 0.400

#GCAMreg# pass 0 level1 2 level2 0 tsec 0 sigma 2
l_jacobian=1.00 l_log_likelihood=0.20 l_smoothness=0.40 
tol=2.50e-01, dt=5.00e-02, exp_k=20.0, momentum=0.90, levels=6, niter=500, lbl_dist=10.00, avgs=4, sigma=2.0,type=2, relabel=0, neg=yes

blurring input image with Gaussian with sigma=2.000...
GCAMRegisterLevel(): init RMS 0.424451
#FOTS# QuadFit found better minimum quadopt=(dt=2.53846,rms=0.424315) vs oldopt=(dt=2.88,rms=0.424319)
iter 0, gcam->neg = 2
after 0 iterations, nbhd size=0, neg = 0
#GCMRL#  659 dt   2.538462 rms  0.424  0.033% neg 0  invalid 762 tFOTS 3.3680 tGradient 0.7470 tsec 5.0490
#FOTS# QuadFit found better minimum quadopt=(dt=0.5,rms=0.42431) vs oldopt=(dt=0.18,rms=0.42431)
#GCMRL#  660 dt   0.500000 rms  0.424  0.000% neg 0  invalid 762 tFOTS 3.3700 tGradient 0.7470 tsec 4.3690

#GCAMreg# pass 0 level1 2 level2 1 tsec 19.676 sigma 0.5
l_jacobian=1.00 l_log_likelihood=0.20 l_smoothness=0.40 
tol=2.50e-01, dt=5.00e-02, exp_k=20.0, momentum=0.90, levels=6, niter=500, lbl_dist=10.00, avgs=4, sigma=0.5,type=2, relabel=0, neg=yes

blurring input image with Gaussian with sigma=0.500...
GCAMRegisterLevel(): init RMS 0.42431
#FOTS# QuadFit found better minimum quadopt=(dt=8.96454,rms=0.423675) vs oldopt=(dt=11.52,rms=0.423738)
iter 0, gcam->neg = 3
after 7 iterations, nbhd size=0, neg = 0
#GCMRL#  662 dt   8.964539 rms  0.424  0.149% neg 0  invalid 762 tFOTS 3.3280 tGradient 0.7430 tsec 7.2110
#FOTS# QuadFit found better minimum quadopt=(dt=17.561,rms=0.422941) vs oldopt=(dt=11.52,rms=0.423027)
iter 0, gcam->neg = 11
after 18 iterations, nbhd size=1, neg = 0
#GCMRL#  663 dt  17.560976 rms  0.423  0.160% neg 0  invalid 762 tFOTS 3.3300 tGradient 0.7480 tsec 10.9140
#FOTS# QuadFit found better minimum quadopt=(dt=29.2544,rms=0.421861) vs oldopt=(dt=46.08,rms=0.42223)
iter 0, gcam->neg = 74
after 14 iterations, nbhd size=1, neg = 0
#GCMRL#  664 dt  29.254438 rms  0.422  0.264% neg 0  invalid 762 tFOTS 3.3290 tGradient 0.7460 tsec 9.5690
#FOTS# QuadFit found better minimum quadopt=(dt=8.49383,rms=0.421532) vs oldopt=(dt=11.52,rms=0.421578)
iter 0, gcam->neg = 2
after 1 iterations, nbhd size=0, neg = 0
#GCMRL#  665 dt   8.493827 rms  0.422  0.000% neg 0  invalid 762 tFOTS 3.3150 tGradient 0.7510 tsec 5.3490
iter 0, gcam->neg = 2
after 0 iterations, nbhd size=0, neg = 0
#GCMRL#  666 dt   8.493827 rms  0.421  0.064% neg 0  invalid 762 tFOTS 0.0000 tGradient 0.7500 tsec 1.6780
iter 0, gcam->neg = 8
after 9 iterations, nbhd size=1, neg = 0
#GCMRL#  667 dt   8.493827 rms  0.421  0.043% neg 0  invalid 762 tFOTS 0.0000 tGradient 0.7520 tsec 4.6050
iter 0, gcam->neg = 18
after 15 iterations, nbhd size=1, neg = 0
#GCMRL#  668 dt   8.493827 rms  0.421  0.062% neg 0  invalid 762 tFOTS 0.0000 tGradient 0.7500 tsec 6.4560
iter 0, gcam->neg = 31
after 19 iterations, nbhd size=1, neg = 0
#GCMRL#  669 dt   8.493827 rms  0.421  0.046% neg 0  invalid 762 tFOTS 0.0000 tGradient 0.7490 tsec 7.9260
#FOTS# QuadFit found better minimum quadopt=(dt=16.128,rms=0.420206) vs oldopt=(dt=11.52,rms=0.420251)
iter 0, gcam->neg = 30
after 11 iterations, nbhd size=1, neg = 0
#GCMRL#  670 dt  16.128000 rms  0.420  0.087% neg 0  invalid 762 tFOTS 3.3330 tGradient 0.7500 tsec 8.5840
#FOTS# QuadFit found better minimum quadopt=(dt=6,rms=0.42018) vs oldopt=(dt=2.88,rms=0.420198)
iter 0, gcam->neg = 5
after 4 iterations, nbhd size=0, neg = 0
setting smoothness cost coefficient to 1.000

#GCAMreg# pass 0 level1 1 level2 0 tsec 0 sigma 2
l_jacobian=1.00 l_log_likelihood=0.20 l_smoothness=1.00 
tol=2.50e-01, dt=5.00e-02, exp_k=20.0, momentum=0.90, levels=6, niter=500, lbl_dist=10.00, avgs=1, sigma=2.0,type=2, relabel=0, neg=yes

blurring input image with Gaussian with sigma=2.000...
GCAMRegisterLevel(): init RMS 0.426511
#GCMRL#  672 dt   0.000050 rms  0.427  0.000% neg 0  invalid 762 tFOTS 4.2630 tGradient 0.6850 tsec 5.1780

#GCAMreg# pass 0 level1 1 level2 1 tsec 18.535 sigma 0.5
l_jacobian=1.00 l_log_likelihood=0.20 l_smoothness=1.00 
tol=2.50e-01, dt=5.00e-02, exp_k=20.0, momentum=0.90, levels=6, niter=500, lbl_dist=10.00, avgs=1, sigma=0.5,type=2, relabel=0, neg=yes

blurring input image with Gaussian with sigma=0.500...
GCAMRegisterLevel(): init RMS 0.426511
resetting metric properties...
setting smoothness cost coefficient to 2.000

#GCAMreg# pass 0 level1 0 level2 0 tsec 0 sigma 2
l_jacobian=1.00 l_log_likelihood=0.20 l_smoothness=2.00 
tol=2.50e-01, dt=5.00e-02, exp_k=20.0, momentum=0.90, levels=6, niter=500, lbl_dist=10.00, avgs=0, sigma=2.0,type=2, relabel=0, neg=yes

blurring input image with Gaussian with sigma=2.000...
GCAMRegisterLevel(): init RMS 0.415893
#FOTS# QuadFit found better minimum quadopt=(dt=1.08885,rms=0.40608) vs oldopt=(dt=1.28,rms=0.406358)
iter 0, gcam->neg = 709
after 23 iterations, nbhd size=1, neg = 0
#GCMRL#  675 dt   1.088854 rms  0.408  1.939% neg 0  invalid 762 tFOTS 3.3660 tGradient 0.2710 tsec 12.1290
#FOTS# QuadFit found better minimum quadopt=(dt=2.73438e-05,rms=0.407827) vs oldopt=(dt=1.95313e-05,rms=0.407827)
#GCMRL#  676 dt   0.000027 rms  0.408  0.000% neg 0  invalid 762 tFOTS 4.2230 tGradient 0.2640 tsec 4.7320

#GCAMreg# pass 0 level1 0 level2 1 tsec 26.641 sigma 0.5
l_jacobian=1.00 l_log_likelihood=0.20 l_smoothness=2.00 
tol=2.50e-01, dt=5.00e-02, exp_k=20.0, momentum=0.90, levels=6, niter=500, lbl_dist=10.00, avgs=0, sigma=0.5,type=2, relabel=0, neg=yes

blurring input image with Gaussian with sigma=0.500...
GCAMRegisterLevel(): init RMS 0.407827
#FOTS# QuadFit found better minimum quadopt=(dt=0.112,rms=0.407396) vs oldopt=(dt=0.08,rms=0.407473)
#GCMRL#  678 dt   0.112000 rms  0.407  0.106% neg 0  invalid 762 tFOTS 3.3640 tGradient 0.2610 tsec 3.8580
#FOTS# QuadFit found better minimum quadopt=(dt=0.112,rms=0.407098) vs oldopt=(dt=0.08,rms=0.407158)
#GCMRL#  679 dt   0.112000 rms  0.407  0.000% neg 0  invalid 762 tFOTS 3.3720 tGradient 0.2690 tsec 3.8890
#GCMRL#  680 dt   0.112000 rms  0.407  0.069% neg 0  invalid 762 tFOTS 0.0000 tGradient 0.2710 tsec 0.5030
#GCMRL#  681 dt   0.112000 rms  0.407  0.073% neg 0  invalid 762 tFOTS 0.0000 tGradient 0.2780 tsec 0.5030
#GCMRL#  682 dt   0.112000 rms  0.406  0.020% neg 0  invalid 762 tFOTS 0.0000 tGradient 0.2620 tsec 0.4880
iter 0, gcam->neg = 3
after 1 iterations, nbhd size=0, neg = 0
GCAMregister done in 4.84302 min
writing output transformation to transforms/talairach.m3z...
GCAMwrite
Calls to gcamLogLikelihoodEnergy 5048 tmin = 1.59083
Calls to gcamLabelEnergy         4432 tmin = 1.11588
Calls to gcamJacobianEnergy      5048 tmin = 0.73435
Calls to gcamSmoothnessEnergy    5048 tmin = 4.12072
Calls to gcamLogLikelihoodTerm 684 tmin = 0.638117
Calls to gcamLabelTerm         631 tmin = 6.04033
Calls to gcamJacobianTerm      684 tmin = 0.87205
Calls to gcamSmoothnessTerm    684 tmin = 0.36595
Calls to gcamComputeGradient    684 tmin = 18.1202
Calls to gcamComputeMetricProperties    7285 tmin = 1.701
mri_ca_register took 0 hours, 44 minutes and 46 seconds.
#VMPC# mri_ca_register VmPeak  3974644
FSRUNTIME@ mri_ca_register  0.7461 hours 16 threads
#--------------------------------------
#@# SubCort Seg Sun Mar  8 18:21:32 CET 2026

 mri_ca_label -relabel_unlikely 9 .3 -prior 0.5 -align norm.mgz transforms/talairach.m3z /opt/freesurfer/average/RB_all_2020-01-02.gca aseg.auto_noCCseg.mgz 

sysname  Linux
hostname dna020
machine  x86_64

setenv SUBJECTS_DIR /out/sourcedata/freesurfer
cd /out/sourcedata/freesurfer/sub-v1s14x0051560_ses-1/mri
mri_ca_label -relabel_unlikely 9 .3 -prior 0.5 -align norm.mgz transforms/talairach.m3z /opt/freesurfer/average/RB_all_2020-01-02.gca aseg.auto_noCCseg.mgz 

relabeling unlikely voxels with window_size = 9 and prior threshold 0.30
using Gibbs prior factor = 0.500
renormalizing sequences with structure alignment, equivalent to:
	-renormalize
	-renormalize_mean 0.500
	-regularize 0.500

== Number of threads available to for OpenMP = 16 == 
reading 1 input volumes
reading classifier array from /opt/freesurfer/average/RB_all_2020-01-02.gca
reading input volume from norm.mgz
average std[0] = 7.2
reading transform from transforms/talairach.m3z
setting orig areas to linear transform determinant scaled 6.74
Atlas used for the 3D morph was /opt/freesurfer/average/RB_all_2020-01-02.gca
average std = 7.2   using min determinant for regularization = 5.2
0 singular and 0 ill-conditioned covariance matrices regularized
labeling volume...
renormalizing by structure alignment....
renormalizing input #0
gca peak = 0.15521 (20)
mri peak = 0.13223 (18)
Left_Lateral_Ventricle (4): linear fit = 0.82 x + 0.0 (262 voxels, overlap=0.582)
Left_Lateral_Ventricle (4): linear fit = 0.82 x + 0.0 (262 voxels, peak = 16), gca=16.5
gca peak = 0.20380 (13)
mri peak = 0.09582 (15)
Right_Lateral_Ventricle (43): linear fit = 1.03 x + 0.0 (253 voxels, overlap=0.777)
Right_Lateral_Ventricle (43): linear fit = 1.03 x + 0.0 (253 voxels, peak = 13), gca=13.5
gca peak = 0.26283 (96)
mri peak = 0.18566 (97)
Right_Pallidum (52): linear fit = 1.02 x + 0.0 (781 voxels, overlap=0.934)
Right_Pallidum (52): linear fit = 1.02 x + 0.0 (781 voxels, peak = 98), gca=98.4
gca peak = 0.15814 (97)
mri peak = 0.11979 (101)
Left_Pallidum (13): linear fit = 1.03 x + 0.0 (848 voxels, overlap=0.861)
Left_Pallidum (13): linear fit = 1.03 x + 0.0 (848 voxels, peak = 100), gca=100.4
gca peak = 0.27624 (56)
mri peak = 0.08434 (68)
Right_Hippocampus (53): linear fit = 1.21 x + 0.0 (1242 voxels, overlap=0.022)
Right_Hippocampus (53): linear fit = 1.21 x + 0.0 (1242 voxels, peak = 67), gca=67.5
gca peak = 0.28723 (59)
mri peak = 0.10887 (72)
Left_Hippocampus (17): linear fit = 1.25 x + 0.0 (1138 voxels, overlap=0.020)
Left_Hippocampus (17): linear fit = 1.25 x + 0.0 (1138 voxels, peak = 73), gca=73.5
gca peak = 0.07623 (103)
mri peak = 0.11257 (107)
Right_Cerebral_White_Matter (41): linear fit = 1.02 x + 0.0 (48625 voxels, overlap=0.569)
Right_Cerebral_White_Matter (41): linear fit = 1.02 x + 0.0 (48625 voxels, peak = 106), gca=105.6
gca peak = 0.07837 (105)
mri peak = 0.12433 (108)
Left_Cerebral_White_Matter (2): linear fit = 1.03 x + 0.0 (52293 voxels, overlap=0.525)
Left_Cerebral_White_Matter (2): linear fit = 1.03 x + 0.0 (52293 voxels, peak = 109), gca=108.7
gca peak = 0.10165 (58)
mri peak = 0.03804 (68)
Left_Cerebral_Cortex (3): linear fit = 1.13 x + 0.0 (34295 voxels, overlap=0.645)
Left_Cerebral_Cortex (3): linear fit = 1.13 x + 0.0 (34295 voxels, peak = 66), gca=65.8
gca peak = 0.11113 (58)
mri peak = 0.03959 (65)
Right_Cerebral_Cortex (42): linear fit = 1.10 x + 0.0 (35981 voxels, overlap=0.870)
Right_Cerebral_Cortex (42): linear fit = 1.10 x + 0.0 (35981 voxels, peak = 64), gca=63.5
gca peak = 0.27796 (67)
mri peak = 0.13304 (81)
Right_Caudate (50): linear fit = 1.21 x + 0.0 (913 voxels, overlap=0.018)
Right_Caudate (50): linear fit = 1.21 x + 0.0 (913 voxels, peak = 81), gca=80.7
gca peak = 0.14473 (69)
mri peak = 0.13851 (80)
Left_Caudate (11): linear fit = 1.12 x + 0.0 (1016 voxels, overlap=0.425)
Left_Caudate (11): linear fit = 1.12 x + 0.0 (1016 voxels, peak = 78), gca=77.6
gca peak = 0.14301 (56)
mri peak = 0.03951 (70)
Left_Cerebellum_Cortex (8): linear fit = 1.26 x + 0.0 (21044 voxels, overlap=0.246)
Left_Cerebellum_Cortex (8): linear fit = 1.26 x + 0.0 (21044 voxels, peak = 71), gca=70.8
gca peak = 0.14610 (55)
mri peak = 0.04045 (65)
Right_Cerebellum_Cortex (47): linear fit = 1.26 x + 0.0 (20665 voxels, overlap=0.267)
Right_Cerebellum_Cortex (47): linear fit = 1.26 x + 0.0 (20665 voxels, peak = 70), gca=69.6
gca peak = 0.16309 (85)
mri peak = 0.14608 (90)
Left_Cerebellum_White_Matter (7): linear fit = 1.09 x + 0.0 (4293 voxels, overlap=0.018)
Left_Cerebellum_White_Matter (7): linear fit = 1.09 x + 0.0 (4293 voxels, peak = 92), gca=92.2
gca peak = 0.15172 (84)
mri peak = 0.17377 (90)
Right_Cerebellum_White_Matter (46): linear fit = 1.09 x + 0.0 (4313 voxels, overlap=0.068)
Right_Cerebellum_White_Matter (46): linear fit = 1.09 x + 0.0 (4313 voxels, peak = 91), gca=91.1
gca peak = 0.30461 (58)
mri peak = 0.14161 (71)
Left_Amygdala (18): linear fit = 1.24 x + 0.0 (514 voxels, overlap=0.045)
Left_Amygdala (18): linear fit = 1.24 x + 0.0 (514 voxels, peak = 72), gca=71.6
gca peak = 0.32293 (57)
mri peak = 0.15577 (73)
Right_Amygdala (54): linear fit = 1.25 x + 0.0 (675 voxels, overlap=0.040)
Right_Amygdala (54): linear fit = 1.25 x + 0.0 (675 voxels, peak = 72), gca=71.5
gca peak = 0.11083 (90)
mri peak = 0.06921 (92)
Left_Thalamus (10): linear fit = 1.04 x + 0.0 (5681 voxels, overlap=0.841)
Left_Thalamus (10): linear fit = 1.04 x + 0.0 (5681 voxels, peak = 94), gca=94.0
gca peak = 0.11393 (83)
mri peak = 0.09438 (89)
Right_Thalamus (49): linear fit = 1.08 x + 0.0 (5065 voxels, overlap=0.755)
Right_Thalamus (49): linear fit = 1.08 x + 0.0 (5065 voxels, peak = 89), gca=89.2
gca peak = 0.08575 (81)
mri peak = 0.10149 (94)
Left_Putamen (12): linear fit = 1.12 x + 0.0 (2009 voxels, overlap=0.241)
Left_Putamen (12): linear fit = 1.12 x + 0.0 (2009 voxels, peak = 91), gca=91.1
gca peak = 0.08618 (78)
mri peak = 0.08920 (93)
Right_Putamen (51): linear fit = 1.13 x + 0.0 (2444 voxels, overlap=0.333)
Right_Putamen (51): linear fit = 1.13 x + 0.0 (2444 voxels, peak = 89), gca=88.5
gca peak = 0.08005 (78)
mri peak = 0.09887 (84)
Brain_Stem (16): linear fit = 1.07 x + 0.0 (12204 voxels, overlap=0.491)
Brain_Stem (16): linear fit = 1.07 x + 0.0 (12204 voxels, peak = 83), gca=83.1
gca peak = 0.12854 (88)
mri peak = 0.08986 (95)
Right_VentralDC (60): linear fit = 1.11 x + 0.0 (1531 voxels, overlap=0.420)
Right_VentralDC (60): linear fit = 1.11 x + 0.0 (1531 voxels, peak = 97), gca=97.2
gca peak = 0.15703 (87)
mri peak = 0.10204 (96)
Left_VentralDC (28): linear fit = 1.08 x + 0.0 (1530 voxels, overlap=0.331)
Left_VentralDC (28): linear fit = 1.08 x + 0.0 (1530 voxels, peak = 94), gca=93.5
gca peak = 0.17522 (25)
mri peak = 0.36364 (18)
gca peak = 0.17113 (14)
mri peak = 0.08870 (20)
Fourth_Ventricle (15): linear fit = 1.03 x + 0.0 (572 voxels, overlap=0.799)
Fourth_Ventricle (15): linear fit = 1.03 x + 0.0 (572 voxels, peak = 14), gca=14.5
gca peak Unknown = 0.94777 ( 0)
gca peak Left_Inf_Lat_Vent = 0.16627 (28)
gca peak Third_Ventricle = 0.17522 (25)
gca peak CSF = 0.20346 (36)
gca peak Left_Accumbens_area = 0.70646 (62)
gca peak Left_undetermined = 1.00000 (28)
gca peak Left_vessel = 0.89917 (53)
gca peak Left_choroid_plexus = 0.11689 (35)
gca peak Right_Inf_Lat_Vent = 0.25504 (23)
gca peak Right_Accumbens_area = 0.31650 (65)
gca peak Right_vessel = 0.77268 (52)
gca peak Right_choroid_plexus = 0.13275 (38)
gca peak Fifth_Ventricle = 0.60973 (33)
gca peak WM_hypointensities = 0.11013 (77)
gca peak non_WM_hypointensities = 0.11354 (41)
gca peak Optic_Chiasm = 0.51646 (76)
not using caudate to estimate GM means
estimating mean gm scale to be 1.20 x + 0.0
estimating mean wm scale to be 1.03 x + 0.0
estimating mean csf scale to be 0.96 x + 0.0
saving intensity scales to aseg.auto_noCCseg.label_intensities.txt
renormalizing by structure alignment....
renormalizing input #0
gca peak = 0.18822 (17)
mri peak = 0.13223 (18)
Left_Lateral_Ventricle (4): linear fit = 0.98 x + 0.0 (262 voxels, overlap=0.899)
Left_Lateral_Ventricle (4): linear fit = 0.98 x + 0.0 (262 voxels, peak = 17), gca=16.6
gca peak = 0.17630 (13)
mri peak = 0.09582 (15)
Right_Lateral_Ventricle (43): linear fit = 0.88 x + 0.0 (253 voxels, overlap=0.757)
Right_Lateral_Ventricle (43): linear fit = 0.88 x + 0.0 (253 voxels, peak = 11), gca=11.4
gca peak = 0.21942 (98)
mri peak = 0.18566 (97)
Right_Pallidum (52): linear fit = 1.00 x + 0.0 (781 voxels, overlap=0.999)
Right_Pallidum (52): linear fit = 1.00 x + 0.0 (781 voxels, peak = 98), gca=98.0
gca peak = 0.16185 (99)
mri peak = 0.11979 (101)
Left_Pallidum (13): linear fit = 1.00 x + 0.0 (848 voxels, overlap=1.002)
Left_Pallidum (13): linear fit = 1.00 x + 0.0 (848 voxels, peak = 99), gca=99.0
gca peak = 0.27313 (67)
mri peak = 0.08434 (68)
Right_Hippocampus (53): linear fit = 0.98 x + 0.0 (1242 voxels, overlap=1.001)
Right_Hippocampus (53): linear fit = 0.98 x + 0.0 (1242 voxels, peak = 65), gca=65.3
gca peak = 0.25288 (70)
mri peak = 0.10887 (72)
Left_Hippocampus (17): linear fit = 1.00 x + 0.0 (1138 voxels, overlap=1.001)
Left_Hippocampus (17): linear fit = 1.00 x + 0.0 (1138 voxels, peak = 70), gca=70.0
gca peak = 0.07763 (106)
mri peak = 0.11257 (107)
Right_Cerebral_White_Matter (41): linear fit = 1.00 x + 0.0 (48625 voxels, overlap=0.673)
Right_Cerebral_White_Matter (41): linear fit = 1.00 x + 0.0 (48625 voxels, peak = 106), gca=106.0
gca peak = 0.07610 (108)
mri peak = 0.12433 (108)
Left_Cerebral_White_Matter (2): linear fit = 1.00 x + 0.0 (52293 voxels, overlap=0.681)
Left_Cerebral_White_Matter (2): linear fit = 1.00 x + 0.0 (52293 voxels, peak = 108), gca=108.0
gca peak = 0.08854 (66)
mri peak = 0.03804 (68)
Left_Cerebral_Cortex (3): linear fit = 0.99 x + 0.0 (34295 voxels, overlap=0.972)
Left_Cerebral_Cortex (3): linear fit = 0.99 x + 0.0 (34295 voxels, peak = 65), gca=65.0
gca peak = 0.10309 (64)
mri peak = 0.03959 (65)
Right_Cerebral_Cortex (42): linear fit = 0.99 x + 0.0 (35981 voxels, overlap=0.970)
Right_Cerebral_Cortex (42): linear fit = 0.99 x + 0.0 (35981 voxels, peak = 63), gca=63.0
gca peak = 0.21061 (80)
mri peak = 0.13304 (81)
Right_Caudate (50): linear fit = 1.00 x + 0.0 (913 voxels, overlap=0.998)
Right_Caudate (50): linear fit = 1.00 x + 0.0 (913 voxels, peak = 80), gca=80.0
gca peak = 0.14147 (77)
mri peak = 0.13851 (80)
Left_Caudate (11): linear fit = 1.01 x + 0.0 (1016 voxels, overlap=0.833)
Left_Caudate (11): linear fit = 1.01 x + 0.0 (1016 voxels, peak = 78), gca=78.2
gca peak = 0.10901 (70)
mri peak = 0.03951 (70)
Left_Cerebellum_Cortex (8): linear fit = 0.99 x + 0.0 (21044 voxels, overlap=0.979)
Left_Cerebellum_Cortex (8): linear fit = 0.99 x + 0.0 (21044 voxels, peak = 69), gca=69.0
gca peak = 0.12800 (70)
mri peak = 0.04045 (65)
Right_Cerebellum_Cortex (47): linear fit = 0.98 x + 0.0 (20665 voxels, overlap=0.976)
Right_Cerebellum_Cortex (47): linear fit = 0.98 x + 0.0 (20665 voxels, peak = 68), gca=68.2
gca peak = 0.14916 (92)
mri peak = 0.14608 (90)
Left_Cerebellum_White_Matter (7): linear fit = 1.00 x + 0.0 (4293 voxels, overlap=0.809)
Left_Cerebellum_White_Matter (7): linear fit = 1.00 x + 0.0 (4293 voxels, peak = 92), gca=91.5
gca peak = 0.14816 (92)
mri peak = 0.17377 (90)
Right_Cerebellum_White_Matter (46): linear fit = 1.00 x + 0.0 (4313 voxels, overlap=0.801)
Right_Cerebellum_White_Matter (46): linear fit = 1.00 x + 0.0 (4313 voxels, peak = 92), gca=91.5
gca peak = 0.26447 (72)
mri peak = 0.14161 (71)
Left_Amygdala (18): linear fit = 1.01 x + 0.0 (514 voxels, overlap=1.009)
Left_Amygdala (18): linear fit = 1.01 x + 0.0 (514 voxels, peak = 73), gca=73.1
gca peak = 0.24657 (72)
mri peak = 0.15577 (73)
Right_Amygdala (54): linear fit = 1.00 x + 0.0 (675 voxels, overlap=0.999)
Right_Amygdala (54): linear fit = 1.00 x + 0.0 (675 voxels, peak = 72), gca=72.0
gca peak = 0.10831 (94)
mri peak = 0.06921 (92)
Left_Thalamus (10): linear fit = 1.00 x + 0.0 (5681 voxels, overlap=0.965)
Left_Thalamus (10): linear fit = 1.00 x + 0.0 (5681 voxels, peak = 94), gca=93.5
gca peak = 0.10911 (87)
mri peak = 0.09438 (89)
Right_Thalamus (49): linear fit = 0.99 x + 0.0 (5065 voxels, overlap=0.915)
Right_Thalamus (49): linear fit = 0.99 x + 0.0 (5065 voxels, peak = 86), gca=85.7
gca peak = 0.07585 (86)
mri peak = 0.10149 (94)
Left_Putamen (12): linear fit = 1.02 x + 0.0 (2009 voxels, overlap=0.795)
Left_Putamen (12): linear fit = 1.02 x + 0.0 (2009 voxels, peak = 88), gca=88.2
gca peak = 0.08616 (86)
mri peak = 0.08920 (93)
Right_Putamen (51): linear fit = 1.00 x + 0.0 (2444 voxels, overlap=0.846)
Right_Putamen (51): linear fit = 1.00 x + 0.0 (2444 voxels, peak = 86), gca=85.6
gca peak = 0.07385 (86)
mri peak = 0.09887 (84)
Brain_Stem (16): linear fit = 1.00 x + 0.0 (12204 voxels, overlap=0.737)
Brain_Stem (16): linear fit = 1.00 x + 0.0 (12204 voxels, peak = 86), gca=85.6
gca peak = 0.10905 (97)
mri peak = 0.08986 (95)
Right_VentralDC (60): linear fit = 1.00 x + 0.0 (1531 voxels, overlap=0.824)
Right_VentralDC (60): linear fit = 1.00 x + 0.0 (1531 voxels, peak = 97), gca=97.5
gca peak = 0.14718 (93)
mri peak = 0.10204 (96)
Left_VentralDC (28): linear fit = 1.02 x + 0.0 (1530 voxels, overlap=0.863)
Left_VentralDC (28): linear fit = 1.02 x + 0.0 (1530 voxels, peak = 95), gca=95.3
gca peak = 0.18887 (24)
mri peak = 0.36364 (18)
gca peak = 0.18756 (15)
mri peak = 0.08870 (20)
Fourth_Ventricle (15): linear fit = 1.03 x + 0.0 (572 voxels, overlap=0.786)
Fourth_Ventricle (15): linear fit = 1.03 x + 0.0 (572 voxels, peak = 16), gca=15.5
gca peak Unknown = 0.94777 ( 0)
gca peak Left_Inf_Lat_Vent = 0.16126 (35)
gca peak Third_Ventricle = 0.18887 (24)
gca peak CSF = 0.20860 (35)
gca peak Left_Accumbens_area = 0.69721 (70)
gca peak Left_undetermined = 1.00000 (28)
gca peak Left_vessel = 0.89837 (53)
gca peak Left_choroid_plexus = 0.11689 (35)
gca peak Right_Inf_Lat_Vent = 0.26261 (28)
gca peak Right_Accumbens_area = 0.30621 (78)
gca peak Right_vessel = 0.77268 (52)
gca peak Right_choroid_plexus = 0.13275 (38)
gca peak Fifth_Ventricle = 0.60973 (32)
gca peak WM_hypointensities = 0.10007 (79)
gca peak non_WM_hypointensities = 0.14635 (42)
gca peak Optic_Chiasm = 0.51645 (76)
not using caudate to estimate GM means
estimating mean gm scale to be 0.99 x + 0.0
estimating mean wm scale to be 1.00 x + 0.0
estimating mean csf scale to be 0.96 x + 0.0
saving intensity scales to aseg.auto_noCCseg.label_intensities.txt
saving sequentially combined intensity scales to aseg.auto_noCCseg.label_intensities.txt
70208 voxels changed in iteration 0 of unlikely voxel relabeling
454 voxels changed in iteration 1 of unlikely voxel relabeling
25 voxels changed in iteration 2 of unlikely voxel relabeling
0 voxels changed in iteration 3 of unlikely voxel relabeling
49724 gm and wm labels changed (%21 to gray, %79 to white out of all changed labels)
391 hippocampal voxels changed.
0 amygdala voxels changed.
Reclassifying using Gibbs Priors
pass 1: 69919 changed. image ll: -2.115, PF=0.500
pass 2: 19708 changed. image ll: -2.114, PF=0.500
pass 3: 5874 changed.
pass 4: 2111 changed.
51865 voxels changed in iteration 0 of unlikely voxel relabeling
257 voxels changed in iteration 1 of unlikely voxel relabeling
4 voxels changed in iteration 2 of unlikely voxel relabeling
0 voxels changed in iteration 3 of unlikely voxel relabeling
7426 voxels changed in iteration 0 of unlikely voxel relabeling
132 voxels changed in iteration 1 of unlikely voxel relabeling
0 voxels changed in iteration 2 of unlikely voxel relabeling
6497 voxels changed in iteration 0 of unlikely voxel relabeling
76 voxels changed in iteration 1 of unlikely voxel relabeling
6 voxels changed in iteration 2 of unlikely voxel relabeling
0 voxels changed in iteration 3 of unlikely voxel relabeling
4826 voxels changed in iteration 0 of unlikely voxel relabeling
36 voxels changed in iteration 1 of unlikely voxel relabeling
0 voxels changed in iteration 2 of unlikely voxel relabeling
 !!!!!!!!! ventricle segment 0 with volume 141 above threshold 100 - not erasing !!!!!!!!!!
 !!!!!!!!! ventricle segment 3 with volume 3245 above threshold 100 - not erasing !!!!!!!!!!
 !!!!!!!!! ventricle segment 4 with volume 319 above threshold 100 - not erasing !!!!!!!!!!
 !!!!!!!!! ventricle segment 1 with volume 2786 above threshold 100 - not erasing !!!!!!!!!!
 !!!!!!!!! ventricle segment 1 with volume 519 above threshold 100 - not erasing !!!!!!!!!!
writing labeled volume to aseg.auto_noCCseg.mgz
mri_ca_label utimesec    2035.420296
mri_ca_label stimesec    3.037196
mri_ca_label ru_maxrss   2176404
mri_ca_label ru_ixrss    0
mri_ca_label ru_idrss    0
mri_ca_label ru_isrss    0
mri_ca_label ru_minflt   4337930
mri_ca_label ru_majflt   22
mri_ca_label ru_nswap    0
mri_ca_label ru_inblock  1142
mri_ca_label ru_oublock  696
mri_ca_label ru_msgsnd   0
mri_ca_label ru_msgrcv   0
mri_ca_label ru_nsignals 0
mri_ca_label ru_nvcsw    2487
mri_ca_label ru_nivcsw   1764
auto-labeling took 32 minutes and 35 seconds.
#--------------------------------------
#@# CC Seg Sun Mar  8 18:54:07 CET 2026

 mri_cc -aseg aseg.auto_noCCseg.mgz -o aseg.auto.mgz -lta /out/sourcedata/freesurfer/sub-v1s14x0051560_ses-1/mri/transforms/cc_up.lta sub-v1s14x0051560_ses-1 

will read input aseg from aseg.auto_noCCseg.mgz
writing aseg with cc labels to aseg.auto.mgz
will write lta as /out/sourcedata/freesurfer/sub-v1s14x0051560_ses-1/mri/transforms/cc_up.lta
reading aseg from /out/sourcedata/freesurfer/sub-v1s14x0051560_ses-1/mri/aseg.auto_noCCseg.mgz
reading norm from /out/sourcedata/freesurfer/sub-v1s14x0051560_ses-1/mri/norm.mgz
33431 voxels in left wm, 74934 in right wm, xrange [121, 132]
searching rotation angles z=[-7  7], y=[-8  6]
searching scale 1 Z rot -6.8  searching scale 1 Z rot -6.6  searching scale 1 Z rot -6.3  searching scale 1 Z rot -6.1  searching scale 1 Z rot -5.8  searching scale 1 Z rot -5.6  searching scale 1 Z rot -5.3  searching scale 1 Z rot -5.1  searching scale 1 Z rot -4.8  searching scale 1 Z rot -4.6  searching scale 1 Z rot -4.3  searching scale 1 Z rot -4.1  searching scale 1 Z rot -3.8  searching scale 1 Z rot -3.6  searching scale 1 Z rot -3.3  searching scale 1 Z rot -3.1  searching scale 1 Z rot -2.8  searching scale 1 Z rot -2.6  searching scale 1 Z rot -2.3  searching scale 1 Z rot -2.1  searching scale 1 Z rot -1.8  searching scale 1 Z rot -1.6  searching scale 1 Z rot -1.3  searching scale 1 Z rot -1.1  searching scale 1 Z rot -0.8  searching scale 1 Z rot -0.6  searching scale 1 Z rot -0.3  searching scale 1 Z rot -0.1  searching scale 1 Z rot 0.2  searching scale 1 Z rot 0.4  searching scale 1 Z rot 0.7  searching scale 1 Z rot 0.9  searching scale 1 Z rot 1.2  searching scale 1 Z rot 1.4  searching scale 1 Z rot 1.7  searching scale 1 Z rot 1.9  searching scale 1 Z rot 2.2  searching scale 1 Z rot 2.4  searching scale 1 Z rot 2.7  searching scale 1 Z rot 2.9  searching scale 1 Z rot 3.2  searching scale 1 Z rot 3.4  searching scale 1 Z rot 3.7  searching scale 1 Z rot 3.9  searching scale 1 Z rot 4.2  searching scale 1 Z rot 4.4  searching scale 1 Z rot 4.7  searching scale 1 Z rot 4.9  searching scale 1 Z rot 5.2  searching scale 1 Z rot 5.4  searching scale 1 Z rot 5.7  searching scale 1 Z rot 5.9  searching scale 1 Z rot 6.2  searching scale 1 Z rot 6.4  global minimum found at slice 128.0, rotations (-1.21, -0.34)
final transformation (x=128.0, yr=-1.212, zr=-0.345):
 0.99976   0.00602  -0.02115   1.62982;
-0.00602   0.99998   0.00013  -6.24189;
 0.02115   0.00000   0.99978   11.31798;
 0.00000   0.00000   0.00000   1.00000;
updating x range to be [125, 130] in xformed coordinates
best xformed slice 127
min_x_fornix = 141
min_x_fornix = 145
min_x_fornix = 145
min_x_fornix = 144
min_x_fornix = 143
cc center is found at 127 135 114
eigenvectors:
-0.00057  -0.00543   0.99999;
-0.02611  -0.99964  -0.00544;
 0.99966  -0.02612   0.00043;
writing aseg with callosum to /out/sourcedata/freesurfer/sub-v1s14x0051560_ses-1/mri/aseg.auto.mgz...
corpus callosum segmentation took 0.6 minutes
#VMPC# mri_cc VmPeak  554400
mri_cc done
#--------------------------------------
#@# Merge ASeg Sun Mar  8 18:54:44 CET 2026

 cp aseg.auto.mgz aseg.presurf.mgz 

#--------------------------------------------
#@# Intensity Normalization2 Sun Mar  8 18:54:44 CET 2026
/out/sourcedata/freesurfer/sub-v1s14x0051560_ses-1/mri

 mri_normalize -seed 1234 -mprage -aseg aseg.presurf.mgz -mask brainmask.mgz norm.mgz brain.mgz 

setting seed for random number genererator to 1234
assuming input volume is MGH (Van der Kouwe) MP-RAGE
using segmentation for initial intensity normalization
using MR volume brainmask.mgz to mask input volume...
reading mri_src from norm.mgz...
Reading aseg aseg.presurf.mgz
normalizing image...
NOT doing gentle normalization with control points/label
processing with aseg
removing outliers in the aseg WM...
229 control points removed
Building bias image
building Voronoi diagram...
performing soap bubble smoothing, sigma = 0...
Smoothing with sigma 8
Applying bias correction
building Voronoi diagram...
performing soap bubble smoothing, sigma = 8...

Iterating 2 times
---------------------------------
3d normalization pass 1 of 2
white matter peak found at 110
white matter peak found at 110
gm peak at 71 (71), valley at  0 (-1)
csf peak at 35, setting threshold to 59
building Voronoi diagram...
performing soap bubble smoothing, sigma = 8...
---------------------------------
3d normalization pass 2 of 2
white matter peak found at 110
white matter peak found at 110
gm peak at 73 (73), valley at  0 (-1)
csf peak at 36, setting threshold to 60
building Voronoi diagram...
performing soap bubble smoothing, sigma = 8...
Done iterating ---------------------------------
writing output to brain.mgz
3D bias adjustment took 2 minutes and 7 seconds.
#--------------------------------------------
#@# Mask BFS Sun Mar  8 18:56:52 CET 2026
/out/sourcedata/freesurfer/sub-v1s14x0051560_ses-1/mri

 mri_mask -T 5 brain.mgz brainmask.mgz brain.finalsurfs.mgz 

threshold mask volume at 5
DoAbs = 0
Found 1561155 voxels in mask (pct=  9.31)
Writing masked volume to brain.finalsurfs.mgz...done.
#--------------------------------------------
#@# WM Segmentation Sun Mar  8 18:56:53 CET 2026

 AntsDenoiseImageFs -i brain.mgz -o antsdn.brain.mgz 


 mri_segment -wsizemm 13 -mprage antsdn.brain.mgz wm.seg.mgz 

wsizemm = 13, voxres = 1, wsize = 13
Widening wm low from 89 to 79
assuming input volume is MGH (Van der Kouwe) MP-RAGE
wm mean:  110
wsize:    13
wm low:   79
wm hi:    125
gray low: 30
gray hi:  99
Doing initial trinary intensity segmentation 
Using local statistics to label ambiguous voxels
Autodetecting stats
Computing class statistics for intensity windows...
CCS WM (102.0): 102.0 +- 6.3 [79.0 --> 125.0]
CCS GM (74.0) : 72.8 +- 10.9 [30.0 --> 95.0]
 white_mean 102.049
 white_sigma 6.32154
 gray_mean 72.8497
 gray_sigma 10.8719
setting bottom of white matter range wm_low to 83.7
setting top of gray matter range gray_hi to 94.6
 wm_low 83.7216
 wm_hi  125
 gray_low 30
 gray_hi  94.5936
Redoing initial intensity segmentation...
Recomputing local statistics to label ambiguous voxels...
 wm_low 83.7216
 wm_hi  125
 gray_low 30
 gray_hi  94.5936
using local geometry to label remaining ambiguous voxels...
polvwsize = 5, polvlen = 3, gray_hi = 94.5936, wm_low = 83.7216
MRIcpolvMedianCurveSegment(): wsize=5, len=3, gmhi=94.5936, wmlow=83.7216
    162946 voxels processed (0.97%)
     76413 voxels white (0.46%)
     86533 voxels non-white (0.52%)

Reclassifying voxels using Gaussian border classifier niter=1
MRIreclassify(): wm_low=78.7216, gray_hi=94.5936, wsize=13
    288036 voxels tested (1.72%)
     61952 voxels changed (0.37%)
     58564 multi-scale searches  (0.35%)
Recovering bright white
MRIrecoverBrightWhite()
 wm_low 83.7216
 wm_hi 125
 slack 6.32154
 pct_thresh 0.33
 intensity_thresh 131.322
 nvox_thresh 8.58
      413 voxels tested (0.00%)
      324 voxels changed (0.00%)

removing voxels with positive offset direction...
MRIremoveWrongDirection() wsize=3, lowthr=78.7216, hithr=94.5936
  smoothing input volume with sigma = 0.250
   124767 voxels tested (0.74%)
    20397 voxels changed (0.12%)
thicken = 1
removing 1-dimensional structures...
MRIremove1dStructures(): max_iter=10000, thresh=2, WM_MIN_VAL=5
 3674 sparsely connected voxels removed in 1 iterations
thickening thin strands....
thickness 4
nsegments 20
wm_hi 125
1728 diagonally connected voxels added...
MRIthickenThinWMStrands(): thickness=4, nsegments=20
  20 segments, 3314 filled
MRIfindBrightNonWM(): 1206 bright non-wm voxels segmented.
MRIfilterMorphology() WM_MIN_VAL=5, DIAGONAL_FILL=230
white matter segmentation took 1.1 minutes
writing output to wm.seg.mgz...

 mri_edit_wm_with_aseg -keep-in wm.seg.mgz brain.mgz aseg.presurf.mgz wm.asegedit.mgz 

preserving editing changes in input volume...
auto filling took 0.41 minutes
reading wm segmentation from wm.seg.mgz...
0 voxels added to wm to prevent paths from MTL structures to cortex
2643 additional wm voxels added
0 additional wm voxels added
SEG EDIT: 25797 voxels turned on, 44062 voxels turned off.
propagating editing to output volume from wm.seg.mgz
writing edited volume to wm.asegedit.mgz....

 mri_pretess wm.asegedit.mgz wm norm.mgz wm.mgz 


Iteration Number : 1
pass   1 (xy+):  24 found -  24 modified     |    TOTAL:  24
pass   2 (xy+):   0 found -  24 modified     |    TOTAL:  24
pass   1 (xy-):  14 found -  14 modified     |    TOTAL:  38
pass   2 (xy-):   0 found -  14 modified     |    TOTAL:  38
pass   1 (yz+):  37 found -  37 modified     |    TOTAL:  75
pass   2 (yz+):   0 found -  37 modified     |    TOTAL:  75
pass   1 (yz-):  17 found -  17 modified     |    TOTAL:  92
pass   2 (yz-):   0 found -  17 modified     |    TOTAL:  92
pass   1 (xz+):  24 found -  24 modified     |    TOTAL: 116
pass   2 (xz+):   0 found -  24 modified     |    TOTAL: 116
pass   1 (xz-):  25 found -  25 modified     |    TOTAL: 141
pass   2 (xz-):   0 found -  25 modified     |    TOTAL: 141
Iteration Number : 1
pass   1 (+++):  10 found -  10 modified     |    TOTAL:  10
pass   2 (+++):   0 found -  10 modified     |    TOTAL:  10
pass   1 (+++):  33 found -  33 modified     |    TOTAL:  43
pass   2 (+++):   0 found -  33 modified     |    TOTAL:  43
pass   1 (+++):  30 found -  30 modified     |    TOTAL:  73
pass   2 (+++):   0 found -  30 modified     |    TOTAL:  73
pass   1 (+++):  41 found -  41 modified     |    TOTAL: 114
pass   2 (+++):   0 found -  41 modified     |    TOTAL: 114
Iteration Number : 1
pass   1 (++):  68 found -  68 modified     |    TOTAL:  68
pass   2 (++):   0 found -  68 modified     |    TOTAL:  68
pass   1 (+-):  54 found -  54 modified     |    TOTAL: 122
pass   2 (+-):   0 found -  54 modified     |    TOTAL: 122
pass   1 (--):  65 found -  65 modified     |    TOTAL: 187
pass   2 (--):   0 found -  65 modified     |    TOTAL: 187
pass   1 (-+):  86 found -  86 modified     |    TOTAL: 273
pass   2 (-+):   0 found -  86 modified     |    TOTAL: 273
Iteration Number : 2
pass   1 (xy+):   7 found -   7 modified     |    TOTAL:   7
pass   2 (xy+):   0 found -   7 modified     |    TOTAL:   7
pass   1 (xy-):   7 found -   7 modified     |    TOTAL:  14
pass   2 (xy-):   0 found -   7 modified     |    TOTAL:  14
pass   1 (yz+):   5 found -   5 modified     |    TOTAL:  19
pass   2 (yz+):   0 found -   5 modified     |    TOTAL:  19
pass   1 (yz-):   6 found -   6 modified     |    TOTAL:  25
pass   2 (yz-):   0 found -   6 modified     |    TOTAL:  25
pass   1 (xz+):   5 found -   5 modified     |    TOTAL:  30
pass   2 (xz+):   0 found -   5 modified     |    TOTAL:  30
pass   1 (xz-):   9 found -   9 modified     |    TOTAL:  39
pass   2 (xz-):   0 found -   9 modified     |    TOTAL:  39
Iteration Number : 2
pass   1 (+++):   2 found -   2 modified     |    TOTAL:   2
pass   2 (+++):   0 found -   2 modified     |    TOTAL:   2
pass   1 (+++):   2 found -   2 modified     |    TOTAL:   4
pass   2 (+++):   0 found -   2 modified     |    TOTAL:   4
pass   1 (+++):   4 found -   4 modified     |    TOTAL:   8
pass   2 (+++):   0 found -   4 modified     |    TOTAL:   8
pass   1 (+++):   4 found -   4 modified     |    TOTAL:  12
pass   2 (+++):   0 found -   4 modified     |    TOTAL:  12
Iteration Number : 2
pass   1 (++):   3 found -   3 modified     |    TOTAL:   3
pass   2 (++):   0 found -   3 modified     |    TOTAL:   3
pass   1 (+-):   2 found -   2 modified     |    TOTAL:   5
pass   2 (+-):   0 found -   2 modified     |    TOTAL:   5
pass   1 (--):   3 found -   3 modified     |    TOTAL:   8
pass   2 (--):   0 found -   3 modified     |    TOTAL:   8
pass   1 (-+):   7 found -   7 modified     |    TOTAL:  15
pass   2 (-+):   0 found -   7 modified     |    TOTAL:  15
Iteration Number : 3
pass   1 (xy+):   0 found -   0 modified     |    TOTAL:   0
pass   1 (xy-):   1 found -   1 modified     |    TOTAL:   1
pass   2 (xy-):   0 found -   1 modified     |    TOTAL:   1
pass   1 (yz+):   1 found -   1 modified     |    TOTAL:   2
pass   2 (yz+):   0 found -   1 modified     |    TOTAL:   2
pass   1 (yz-):   0 found -   0 modified     |    TOTAL:   2
pass   1 (xz+):   1 found -   1 modified     |    TOTAL:   3
pass   2 (xz+):   0 found -   1 modified     |    TOTAL:   3
pass   1 (xz-):   1 found -   1 modified     |    TOTAL:   4
pass   2 (xz-):   0 found -   1 modified     |    TOTAL:   4
Iteration Number : 3
pass   1 (+++):   0 found -   0 modified     |    TOTAL:   0
pass   1 (+++):   0 found -   0 modified     |    TOTAL:   0
pass   1 (+++):   2 found -   2 modified     |    TOTAL:   2
pass   2 (+++):   0 found -   2 modified     |    TOTAL:   2
pass   1 (+++):   0 found -   0 modified     |    TOTAL:   2
Iteration Number : 3
pass   1 (++):   1 found -   1 modified     |    TOTAL:   1
pass   2 (++):   0 found -   1 modified     |    TOTAL:   1
pass   1 (+-):   0 found -   0 modified     |    TOTAL:   1
pass   1 (--):   1 found -   1 modified     |    TOTAL:   2
pass   2 (--):   0 found -   1 modified     |    TOTAL:   2
pass   1 (-+):   0 found -   0 modified     |    TOTAL:   2
Iteration Number : 4
pass   1 (xy+):   0 found -   0 modified     |    TOTAL:   0
pass   1 (xy-):   0 found -   0 modified     |    TOTAL:   0
pass   1 (yz+):   0 found -   0 modified     |    TOTAL:   0
pass   1 (yz-):   0 found -   0 modified     |    TOTAL:   0
pass   1 (xz+):   0 found -   0 modified     |    TOTAL:   0
pass   1 (xz-):   0 found -   0 modified     |    TOTAL:   0
Iteration Number : 4
pass   1 (+++):   0 found -   0 modified     |    TOTAL:   0
pass   1 (+++):   0 found -   0 modified     |    TOTAL:   0
pass   1 (+++):   0 found -   0 modified     |    TOTAL:   0
pass   1 (+++):   0 found -   0 modified     |    TOTAL:   0
Iteration Number : 4
pass   1 (++):   0 found -   0 modified     |    TOTAL:   0
pass   1 (+-):   0 found -   0 modified     |    TOTAL:   0
pass   1 (--):   0 found -   0 modified     |    TOTAL:   0
pass   1 (-+):   0 found -   0 modified     |    TOTAL:   0

Total Number of Modified Voxels = 602 (out of 642469: 0.093701)
binarizing input wm segmentation...
Ambiguous edge configurations... 

mri_pretess done

#--------------------------------------------
#@# Fill Sun Mar  8 18:58:59 CET 2026
/out/sourcedata/freesurfer/sub-v1s14x0051560_ses-1/mri

 mri_fill -a ../scripts/ponscc.cut.log -xform transforms/talairach.lta -segmentation aseg.presurf.mgz -ctab /opt/freesurfer/SubCorticalMassLUT.txt wm.mgz filled.mgz 

logging cutting plane coordinates to ../scripts/ponscc.cut.log...
INFO: Using transforms/talairach.lta and its offset for Talairach volume ...
using segmentation aseg.presurf.mgz...
reading input volume...done.
searching for cutting planes...voxel to talairach voxel transform
 1.05262   0.00375  -0.02857  -6.26347;
-0.00412   1.10646   0.21624  -68.62204;
 0.03426  -0.16895   0.98491   11.84333;
 0.00000   0.00000   0.00000   1.00000;
voxel to talairach voxel transform
 1.05262   0.00375  -0.02857  -6.26347;
-0.00412   1.10646   0.21624  -68.62204;
 0.03426  -0.16895   0.98491   11.84333;
 0.00000   0.00000   0.00000   1.00000;
reading segmented volume aseg.presurf.mgz
removing CC from segmentation
Looking for area (min, max) = (350, 1400)
area[0] = 1386 (min = 350, max = 1400), aspect = 0.55 (min = 0.10, max = 0.75)
no need to search
using seed (125, 111, 94), TAL = (3.0, -34.0, 17.0)
talairach voxel to voxel transform
 0.94912   0.00095   0.02732   5.68674;
 0.00967   0.87447  -0.19172   62.33935;
-0.03136   0.14997   0.98149  -1.52910;
 0.00000   0.00000   0.00000   1.00000;
segmentation indicates cc at (125,  111,  94) --> (3.0, -34.0, 17.0)
done.
filling took 1.0 minutes
talairach cc position changed to (3.00, -34.00, 17.00)
Erasing brainstem...done.
seed_search_size = 9, min_neighbors = 5
search rh wm seed point around talairach space:(21.00, -34.00, 17.00) SRC: (109.92, 142.42, 104.02)
search lh wm seed point around talairach space (-15.00, -34.00, 17.00), SRC: (144.09, 142.77, 102.89)
compute mri_fill using aseg
Erasing Brain Stem and Cerebellum ...
Define left and right masks using aseg:
Building Voronoi diagram ...
Using the Voronoi diagram for separating WM into two hemispheres ...
Find the largest connected component for each hemisphere ...
Embedding colortable
mri_fill done, writing output to filled.mgz...
 cp filled.mgz filled.auto.mgz

Started at Sun Mar 8 17:35:27 CET 2026 
Ended   at Sun Mar 8 18:59:59 CET 2026
#@#%# recon-all-run-time-hours 1.409
recon-all -s sub-v1s14x0051560_ses-1 finished without error at Sun Mar  8 18:59:59 CET 2026



#New# invocation of recon-all 




Sun Mar  8 19:49:20 CET 2026
cd /out/sourcedata/freesurfer/sub-v1s14x0051560_ses-1
setenv SUBJECTS_DIR /out/sourcedata/freesurfer
/opt/freesurfer/bin/recon-all -parallel -subjid sub-v1s14x0051560_ses-1 -sd /out/sourcedata/freesurfer -cortribbon

subjid sub-v1s14x0051560_ses-1
setenv SUBJECTS_DIR /out/sourcedata/freesurfer
FREESURFER_HOME /opt/freesurfer
Actual FREESURFER_HOME /opt/freesurfer
build-stamp.txt: freesurfer-linux-ubuntu22_x86_64-7.3.2-20220804-6354275
Linux dna020 5.14.0-427.37.1.el9_4.x86_64 #1 SMP PREEMPT_DYNAMIC Fri Sep 13 12:41:50 EDT 2024 x86_64 x86_64 x86_64 GNU/Linux
cputime      unlimited
filesize     unlimited
datasize     unlimited
stacksize    8192 kbytes
coredumpsize 0 kbytes
memoryuse    67108864 kbytes
vmemoryuse   unlimited
descriptors  1024 
memorylocked unlimited
maxproc      2061970 
maxlocks     unlimited
maxsignal    2061970 
maxmessage   819200 
maxnice      0 
maxrtprio    0 
maxrttime    unlimited

               total        used        free      shared  buff/cache   available
Mem:           503Gi        52Gi       198Gi        34Gi       252Gi       413Gi
Swap:             0B          0B          0B

########################################
program versions used
7.3.2 (freesurfer-linux-ubuntu22_x86_64-7.3.2-20220804-6354275)
7.3.2

ProgramName: lta_convert  ProgramArguments: lta_convert -all-info  ProgramVersion: 7.3.2  TimeStamp: 2026/03/08-18:49:20-GMT  BuildTime: Aug  4 2022 06:17:15  BuildStamp: freesurfer-linux-ubuntu22_x86_64-7.3.2-20220804-6354275  User: oesteban  Machine: dna020  Platform: Linux  PlatformVersion: 5.14.0-427.37.1.el9_4.x86_64  CompilerName: GCC  CompilerVersion: 8.4.0
ProgramName: mri_and  ProgramArguments: mri_and -all-info  ProgramVersion: 7.3.2  TimeStamp: 2026/03/08-18:49:20-GMT  BuildTime: Aug  4 2022 06:17:15  BuildStamp: freesurfer-linux-ubuntu22_x86_64-7.3.2-20220804-6354275  User: oesteban  Machine: dna020  Platform: Linux  PlatformVersion: 5.14.0-427.37.1.el9_4.x86_64  CompilerName: GCC  CompilerVersion: 8.4.0
ProgramName: mri_annotation2label  ProgramArguments: mri_annotation2label -all-info  ProgramVersion: 7.3.2  TimeStamp: 2026/03/08-18:49:20-GMT  BuildTime: Aug  4 2022 06:17:15  BuildStamp: freesurfer-linux-ubuntu22_x86_64-7.3.2-20220804-6354275  User: oesteban  Machine: dna020  Platform: Linux  PlatformVersion: 5.14.0-427.37.1.el9_4.x86_64  CompilerName: GCC  CompilerVersion: 8.4.0
ProgramName: mri_aparc2aseg  ProgramArguments: mri_aparc2aseg -all-info  ProgramVersion: 7.3.2  TimeStamp: 2026/03/08-18:49:20-GMT  BuildTime: Aug  4 2022 06:17:15  BuildStamp: freesurfer-linux-ubuntu22_x86_64-7.3.2-20220804-6354275  User: oesteban  Machine: dna020  Platform: Linux  PlatformVersion: 5.14.0-427.37.1.el9_4.x86_64  CompilerName: GCC  CompilerVersion: 8.4.0
ProgramName: mri_surf2volseg  ProgramArguments: mri_surf2volseg -all-info  ProgramVersion: 7.3.2  TimeStamp: 2026/03/08-18:49:20-GMT  BuildTime: Aug  4 2022 06:17:15  BuildStamp: freesurfer-linux-ubuntu22_x86_64-7.3.2-20220804-6354275  User: oesteban  Machine: dna020  Platform: Linux  PlatformVersion: 5.14.0-427.37.1.el9_4.x86_64  CompilerName: GCC  CompilerVersion: 8.4.0
ProgramName: mri_binarize  ProgramArguments: mri_binarize -all-info  ProgramVersion: 7.3.2  TimeStamp: 2026/03/08-18:49:20-GMT  BuildTime: Aug  4 2022 06:17:15  BuildStamp: freesurfer-linux-ubuntu22_x86_64-7.3.2-20220804-6354275  User: oesteban  Machine: dna020  Platform: Linux  PlatformVersion: 5.14.0-427.37.1.el9_4.x86_64  CompilerName: GCC  CompilerVersion: 8.4.0
ProgramName: mri_ca_label  ProgramArguments: mri_ca_label -all-info  ProgramVersion: 7.3.2  TimeStamp: 2026/03/08-18:49:20-GMT  BuildTime: Aug  4 2022 06:17:15  BuildStamp: freesurfer-linux-ubuntu22_x86_64-7.3.2-20220804-6354275  User: oesteban  Machine: dna020  Platform: Linux  PlatformVersion: 5.14.0-427.37.1.el9_4.x86_64  CompilerName: GCC  CompilerVersion: 8.4.0
ProgramName: mri_ca_normalize  ProgramArguments: mri_ca_normalize -all-info  ProgramVersion: 7.3.2  TimeStamp: 2026/03/08-18:49:20-GMT  BuildTime: Aug  4 2022 06:17:15  BuildStamp: freesurfer-linux-ubuntu22_x86_64-7.3.2-20220804-6354275  User: oesteban  Machine: dna020  Platform: Linux  PlatformVersion: 5.14.0-427.37.1.el9_4.x86_64  CompilerName: GCC  CompilerVersion: 8.4.0
ProgramName: mri_ca_register  ProgramArguments: mri_ca_register -all-info  ProgramVersion: 7.3.2  TimeStamp: 2026/03/08-18:49:20-GMT  BuildTime: Aug  4 2022 06:17:15  BuildStamp: freesurfer-linux-ubuntu22_x86_64-7.3.2-20220804-6354275  User: oesteban  Machine: dna020  Platform: Linux  PlatformVersion: 5.14.0-427.37.1.el9_4.x86_64  CompilerName: GCC  CompilerVersion: 8.4.0
ProgramName: mri_cc  ProgramArguments: mri_cc -all-info  ProgramVersion: 7.3.2  TimeStamp: 2026/03/08-18:49:20-GMT  BuildTime: Aug  4 2022 06:17:15  BuildStamp: freesurfer-linux-ubuntu22_x86_64-7.3.2-20220804-6354275  User: oesteban  Machine: dna020  Platform: Linux  PlatformVersion: 5.14.0-427.37.1.el9_4.x86_64  CompilerName: GCC  CompilerVersion: 8.4.0
ProgramName: mri_compute_overlap  ProgramArguments: mri_compute_overlap -all-info  ProgramVersion: 7.3.2  TimeStamp: 2026/03/08-18:49:20-GMT  BuildTime: Aug  4 2022 06:17:15  BuildStamp: freesurfer-linux-ubuntu22_x86_64-7.3.2-20220804-6354275  User: oesteban  Machine: dna020  Platform: Linux  PlatformVersion: 5.14.0-427.37.1.el9_4.x86_64  CompilerName: GCC  CompilerVersion: 8.4.0
ProgramName: mri_compute_seg_overlap  ProgramArguments: mri_compute_seg_overlap -all-info  ProgramVersion: 7.3.2  TimeStamp: 2026/03/08-18:49:20-GMT  BuildTime: Aug  4 2022 06:17:15  BuildStamp: freesurfer-linux-ubuntu22_x86_64-7.3.2-20220804-6354275  User: oesteban  Machine: dna020  Platform: Linux  PlatformVersion: 5.14.0-427.37.1.el9_4.x86_64  CompilerName: GCC  CompilerVersion: 8.4.0
ProgramName: mri_concat  ProgramArguments: mri_concat -all-info  ProgramVersion: 7.3.2  TimeStamp: 2026/03/08-18:49:20-GMT  BuildTime: Aug  4 2022 06:17:15  BuildStamp: freesurfer-linux-ubuntu22_x86_64-7.3.2-20220804-6354275  User: oesteban  Machine: dna020  Platform: Linux  PlatformVersion: 5.14.0-427.37.1.el9_4.x86_64  CompilerName: GCC  CompilerVersion: 8.4.0
ProgramName: mri_concatenate_lta  ProgramArguments: mri_concatenate_lta -all-info  ProgramVersion: 7.3.2  TimeStamp: 2026/03/08-18:49:20-GMT  BuildTime: Aug  4 2022 06:17:15  BuildStamp: freesurfer-linux-ubuntu22_x86_64-7.3.2-20220804-6354275  User: oesteban  Machine: dna020  Platform: Linux  PlatformVersion: 5.14.0-427.37.1.el9_4.x86_64  CompilerName: GCC  CompilerVersion: 8.4.0
mri_convert -all-info 
ProgramName: mri_convert  ProgramArguments: mri_convert -all-info  ProgramVersion: 7.3.2  TimeStamp: 2026/03/08-18:49:20-GMT  BuildTime: Aug  4 2022 06:17:15  BuildStamp: freesurfer-linux-ubuntu22_x86_64-7.3.2-20220804-6354275  User: oesteban  Machine: dna020  Platform: Linux  PlatformVersion: 5.14.0-427.37.1.el9_4.x86_64  CompilerName: GCC  CompilerVersion: 8.4.0
ProgramName: mri_diff  ProgramArguments: mri_diff -all-info  ProgramVersion: 7.3.2  TimeStamp: 2026/03/08-18:49:20-GMT  BuildTime: Aug  4 2022 06:17:15  BuildStamp: freesurfer-linux-ubuntu22_x86_64-7.3.2-20220804-6354275  User: oesteban  Machine: dna020  Platform: Linux  PlatformVersion: 5.14.0-427.37.1.el9_4.x86_64  CompilerName: GCC  CompilerVersion: 8.4.0
ProgramName: mri_edit_wm_with_aseg  ProgramArguments: mri_edit_wm_with_aseg -all-info  ProgramVersion: 7.3.2  TimeStamp: 2026/03/08-18:49:20-GMT  BuildTime: Aug  4 2022 06:17:15  BuildStamp: freesurfer-linux-ubuntu22_x86_64-7.3.2-20220804-6354275  User: oesteban  Machine: dna020  Platform: Linux  PlatformVersion: 5.14.0-427.37.1.el9_4.x86_64  CompilerName: GCC  CompilerVersion: 8.4.0
ProgramName: mri_em_register  ProgramArguments: mri_em_register -all-info  ProgramVersion: 7.3.2  TimeStamp: 2026/03/08-18:49:20-GMT  BuildTime: Aug  4 2022 06:17:15  BuildStamp: freesurfer-linux-ubuntu22_x86_64-7.3.2-20220804-6354275  User: oesteban  Machine: dna020  Platform: Linux  PlatformVersion: 5.14.0-427.37.1.el9_4.x86_64  CompilerName: GCC  CompilerVersion: 8.4.0
ProgramName: mri_fill  ProgramArguments: mri_fill -all-info  ProgramVersion: 7.3.2  TimeStamp: 2026/03/08-18:49:20-GMT  BuildTime: Aug  4 2022 06:17:15  BuildStamp: freesurfer-linux-ubuntu22_x86_64-7.3.2-20220804-6354275  User: oesteban  Machine: dna020  Platform: Linux  PlatformVersion: 5.14.0-427.37.1.el9_4.x86_64  CompilerName: GCC  CompilerVersion: 8.4.0
ProgramName: mri_fuse_segmentations  ProgramArguments: mri_fuse_segmentations -all-info  ProgramVersion: 7.3.2  TimeStamp: 2026/03/08-18:49:20-GMT  BuildTime: Aug  4 2022 06:17:15  BuildStamp: freesurfer-linux-ubuntu22_x86_64-7.3.2-20220804-6354275  User: oesteban  Machine: dna020  Platform: Linux  PlatformVersion: 5.14.0-427.37.1.el9_4.x86_64  CompilerName: GCC  CompilerVersion: 8.4.0
ProgramName: mri_fwhm  ProgramArguments: mri_fwhm -all-info  ProgramVersion: 7.3.2  TimeStamp: 2026/03/08-18:49:20-GMT  BuildTime: Aug  4 2022 06:17:15  BuildStamp: freesurfer-linux-ubuntu22_x86_64-7.3.2-20220804-6354275  User: oesteban  Machine: dna020  Platform: Linux  PlatformVersion: 5.14.0-427.37.1.el9_4.x86_64  CompilerName: GCC  CompilerVersion: 8.4.0
ProgramName: mri_gcut  ProgramArguments: mri_gcut -all-info  ProgramVersion: 7.3.2  TimeStamp: 2026/03/08-18:49:20-GMT  BuildTime: Aug  4 2022 06:17:15  BuildStamp: freesurfer-linux-ubuntu22_x86_64-7.3.2-20220804-6354275  User: oesteban  Machine: dna020  Platform: Linux  PlatformVersion: 5.14.0-427.37.1.el9_4.x86_64  CompilerName: GCC  CompilerVersion: 8.4.0
ProgramName: mri_info  ProgramArguments: mri_info -all-info  ProgramVersion: 7.3.2  TimeStamp: 2026/03/08-18:49:20-GMT  BuildTime: Aug  4 2022 06:17:15  BuildStamp: freesurfer-linux-ubuntu22_x86_64-7.3.2-20220804-6354275  User: oesteban  Machine: dna020  Platform: Linux  PlatformVersion: 5.14.0-427.37.1.el9_4.x86_64  CompilerName: GCC  CompilerVersion: 8.4.0
ProgramName: mri_label2label  ProgramArguments: mri_label2label -all-info  ProgramVersion: 7.3.2  TimeStamp: 2026/03/08-18:49:20-GMT  BuildTime: Aug  4 2022 06:17:15  BuildStamp: freesurfer-linux-ubuntu22_x86_64-7.3.2-20220804-6354275  User: oesteban  Machine: dna020  Platform: Linux  PlatformVersion: 5.14.0-427.37.1.el9_4.x86_64  CompilerName: GCC  CompilerVersion: 8.4.0
ProgramName: mri_label2vol  ProgramArguments: mri_label2vol -all-info  ProgramVersion: 7.3.2  TimeStamp: 2026/03/08-18:49:20-GMT  BuildTime: Aug  4 2022 06:17:15  BuildStamp: freesurfer-linux-ubuntu22_x86_64-7.3.2-20220804-6354275  User: oesteban  Machine: dna020  Platform: Linux  PlatformVersion: 5.14.0-427.37.1.el9_4.x86_64  CompilerName: GCC  CompilerVersion: 8.4.0
ProgramName: mri_log_likelihood  ProgramArguments: mri_log_likelihood -all-info  ProgramVersion: 7.3.2  TimeStamp: 2026/03/08-18:49:20-GMT  BuildTime: Aug  4 2022 06:17:15  BuildStamp: freesurfer-linux-ubuntu22_x86_64-7.3.2-20220804-6354275  User: oesteban  Machine: dna020  Platform: Linux  PlatformVersion: 5.14.0-427.37.1.el9_4.x86_64  CompilerName: GCC  CompilerVersion: 8.4.0
ProgramName: mri_mask  ProgramArguments: mri_mask -all-info  ProgramVersion: 7.3.2  TimeStamp: 2026/03/08-18:49:20-GMT  BuildTime: Aug  4 2022 06:17:15  BuildStamp: freesurfer-linux-ubuntu22_x86_64-7.3.2-20220804-6354275  User: oesteban  Machine: dna020  Platform: Linux  PlatformVersion: 5.14.0-427.37.1.el9_4.x86_64  CompilerName: GCC  CompilerVersion: 8.4.0
ProgramName: mri_matrix_multiply  ProgramArguments: mri_matrix_multiply -all-info  ProgramVersion: 7.3.2  TimeStamp: 2026/03/08-18:49:20-GMT  BuildTime: Aug  4 2022 06:17:15  BuildStamp: freesurfer-linux-ubuntu22_x86_64-7.3.2-20220804-6354275  User: oesteban  Machine: dna020  Platform: Linux  PlatformVersion: 5.14.0-427.37.1.el9_4.x86_64  CompilerName: GCC  CompilerVersion: 8.4.0
ProgramName: mri_normalize  ProgramArguments: mri_normalize -all-info  ProgramVersion: 7.3.2  TimeStamp: 2026/03/08-18:49:20-GMT  BuildTime: Aug  4 2022 06:17:15  BuildStamp: freesurfer-linux-ubuntu22_x86_64-7.3.2-20220804-6354275  User: oesteban  Machine: dna020  Platform: Linux  PlatformVersion: 5.14.0-427.37.1.el9_4.x86_64  CompilerName: GCC  CompilerVersion: 8.4.0
ProgramName: mri_normalize_tp2  ProgramArguments: mri_normalize_tp2 -all-info  ProgramVersion: 7.3.2  TimeStamp: 2026/03/08-18:49:20-GMT  BuildTime: Aug  4 2022 06:17:15  BuildStamp: freesurfer-linux-ubuntu22_x86_64-7.3.2-20220804-6354275  User: oesteban  Machine: dna020  Platform: Linux  PlatformVersion: 5.14.0-427.37.1.el9_4.x86_64  CompilerName: GCC  CompilerVersion: 8.4.0
ProgramName: mri_or  ProgramArguments: mri_or -all-info  ProgramVersion: 7.3.2  TimeStamp: 2026/03/08-18:49:20-GMT  BuildTime: Aug  4 2022 06:17:15  BuildStamp: freesurfer-linux-ubuntu22_x86_64-7.3.2-20220804-6354275  User: oesteban  Machine: dna020  Platform: Linux  PlatformVersion: 5.14.0-427.37.1.el9_4.x86_64  CompilerName: GCC  CompilerVersion: 8.4.0
ProgramName: mri_relabel_hypointensities  ProgramArguments: mri_relabel_hypointensities -all-info  ProgramVersion: 7.3.2  TimeStamp: 2026/03/08-18:49:20-GMT  BuildTime: Aug  4 2022 06:17:15  BuildStamp: freesurfer-linux-ubuntu22_x86_64-7.3.2-20220804-6354275  User: oesteban  Machine: dna020  Platform: Linux  PlatformVersion: 5.14.0-427.37.1.el9_4.x86_64  CompilerName: GCC  CompilerVersion: 8.4.0
ProgramName: mri_relabel_nonwm_hypos  ProgramArguments: mri_relabel_nonwm_hypos -all-info  ProgramVersion: 7.3.2  TimeStamp: 2026/03/08-18:49:20-GMT  BuildTime: Aug  4 2022 06:17:15  BuildStamp: freesurfer-linux-ubuntu22_x86_64-7.3.2-20220804-6354275  User: oesteban  Machine: dna020  Platform: Linux  PlatformVersion: 5.14.0-427.37.1.el9_4.x86_64  CompilerName: GCC  CompilerVersion: 8.4.0
ProgramName: mri_remove_neck  ProgramArguments: mri_remove_neck -all-info  ProgramVersion: 7.3.2  TimeStamp: 2026/03/08-18:49:20-GMT  BuildTime: Aug  4 2022 06:17:15  BuildStamp: freesurfer-linux-ubuntu22_x86_64-7.3.2-20220804-6354275  User: oesteban  Machine: dna020  Platform: Linux  PlatformVersion: 5.14.0-427.37.1.el9_4.x86_64  CompilerName: GCC  CompilerVersion: 8.4.0
7.3.2

ProgramName: mri_robust_register  ProgramArguments: mri_robust_register -all-info  ProgramVersion: 7.3.2  TimeStamp: 2026/03/08-18:49:20-GMT  BuildTime: Aug  4 2022 06:17:15  BuildStamp: freesurfer-linux-ubuntu22_x86_64-7.3.2-20220804-6354275  User: oesteban  Machine: dna020  Platform: Linux  PlatformVersion: 5.14.0-427.37.1.el9_4.x86_64  CompilerName: GCC  CompilerVersion: 8.4.0
7.3.2

ProgramName: mri_robust_template  ProgramArguments: mri_robust_template -all-info  ProgramVersion: 7.3.2  TimeStamp: 2026/03/08-18:49:20-GMT  BuildTime: Aug  4 2022 06:17:15  BuildStamp: freesurfer-linux-ubuntu22_x86_64-7.3.2-20220804-6354275  User: oesteban  Machine: dna020  Platform: Linux  PlatformVersion: 5.14.0-427.37.1.el9_4.x86_64  CompilerName: GCC  CompilerVersion: 8.4.0
ProgramName: mris_anatomical_stats  ProgramArguments: mris_anatomical_stats -all-info  ProgramVersion: 7.3.2  TimeStamp: 2026/03/08-18:49:20-GMT  BuildTime: Aug  4 2022 06:17:15  BuildStamp: freesurfer-linux-ubuntu22_x86_64-7.3.2-20220804-6354275  User: oesteban  Machine: dna020  Platform: Linux  PlatformVersion: 5.14.0-427.37.1.el9_4.x86_64  CompilerName: GCC  CompilerVersion: 8.4.0
ProgramName: mris_ca_label  ProgramArguments: mris_ca_label -all-info  ProgramVersion: 7.3.2  TimeStamp: 2026/03/08-18:49:20-GMT  BuildTime: Aug  4 2022 06:17:15  BuildStamp: freesurfer-linux-ubuntu22_x86_64-7.3.2-20220804-6354275  User: oesteban  Machine: dna020  Platform: Linux  PlatformVersion: 5.14.0-427.37.1.el9_4.x86_64  CompilerName: GCC  CompilerVersion: 8.4.0
ProgramName: mris_calc  ProgramArguments: mris_calc -all-info  ProgramVersion: 7.3.2  TimeStamp: 2026/03/08-18:49:20-GMT  BuildTime: Aug  4 2022 06:17:15  BuildStamp: freesurfer-linux-ubuntu22_x86_64-7.3.2-20220804-6354275  User: oesteban  Machine: dna020  Platform: Linux  PlatformVersion: 5.14.0-427.37.1.el9_4.x86_64  CompilerName: GCC  CompilerVersion: 8.4.0
ProgramName: mris_convert  ProgramArguments: mris_convert -all-info  ProgramVersion: 7.3.2  TimeStamp: 2026/03/08-18:49:20-GMT  BuildTime: Aug  4 2022 06:17:15  BuildStamp: freesurfer-linux-ubuntu22_x86_64-7.3.2-20220804-6354275  User: oesteban  Machine: dna020  Platform: Linux  PlatformVersion: 5.14.0-427.37.1.el9_4.x86_64  CompilerName: GCC  CompilerVersion: 8.4.0
ProgramName: mris_curvature  ProgramArguments: mris_curvature -all-info  ProgramVersion: 7.3.2  TimeStamp: 2026/03/08-18:49:20-GMT  BuildTime: Aug  4 2022 06:17:15  BuildStamp: freesurfer-linux-ubuntu22_x86_64-7.3.2-20220804-6354275  User: oesteban  Machine: dna020  Platform: Linux  PlatformVersion: 5.14.0-427.37.1.el9_4.x86_64  CompilerName: GCC  CompilerVersion: 8.4.0
ProgramName: mris_curvature_stats  ProgramArguments: mris_curvature_stats -all-info  ProgramVersion: 7.3.2  TimeStamp: 2026/03/08-18:49:20-GMT  BuildTime: Aug  4 2022 06:17:15  BuildStamp: freesurfer-linux-ubuntu22_x86_64-7.3.2-20220804-6354275  User: oesteban  Machine: dna020  Platform: Linux  PlatformVersion: 5.14.0-427.37.1.el9_4.x86_64  CompilerName: GCC  CompilerVersion: 8.4.0
ProgramName: mris_diff  ProgramArguments: mris_diff -all-info  ProgramVersion: 7.3.2  TimeStamp: 2026/03/08-18:49:20-GMT  BuildTime: Aug  4 2022 06:17:15  BuildStamp: freesurfer-linux-ubuntu22_x86_64-7.3.2-20220804-6354275  User: oesteban  Machine: dna020  Platform: Linux  PlatformVersion: 5.14.0-427.37.1.el9_4.x86_64  CompilerName: GCC  CompilerVersion: 8.4.0
ProgramName: mris_divide_parcellation  ProgramArguments: mris_divide_parcellation -all-info  ProgramVersion: 7.3.2  TimeStamp: 2026/03/08-18:49:20-GMT  BuildTime: Aug  4 2022 06:17:15  BuildStamp: freesurfer-linux-ubuntu22_x86_64-7.3.2-20220804-6354275  User: oesteban  Machine: dna020  Platform: Linux  PlatformVersion: 5.14.0-427.37.1.el9_4.x86_64  CompilerName: GCC  CompilerVersion: 8.4.0
ProgramName: mri_segment  ProgramArguments: mri_segment -all-info  ProgramVersion: 7.3.2  TimeStamp: 2026/03/08-18:49:20-GMT  BuildTime: Aug  4 2022 06:17:15  BuildStamp: freesurfer-linux-ubuntu22_x86_64-7.3.2-20220804-6354275  User: oesteban  Machine: dna020  Platform: Linux  PlatformVersion: 5.14.0-427.37.1.el9_4.x86_64  CompilerName: GCC  CompilerVersion: 8.4.0
ProgramName: mri_segstats  ProgramArguments: mri_segstats -all-info  ProgramVersion: 7.3.2  TimeStamp: 2026/03/08-18:49:20-GMT  BuildTime: Aug  4 2022 06:17:15  BuildStamp: freesurfer-linux-ubuntu22_x86_64-7.3.2-20220804-6354275  User: oesteban  Machine: dna020  Platform: Linux  PlatformVersion: 5.14.0-427.37.1.el9_4.x86_64  CompilerName: GCC  CompilerVersion: 8.4.0
ProgramName: mris_euler_number  ProgramArguments: mris_euler_number -all-info  ProgramVersion: 7.3.2  TimeStamp: 2026/03/08-18:49:20-GMT  BuildTime: Aug  4 2022 06:17:15  BuildStamp: freesurfer-linux-ubuntu22_x86_64-7.3.2-20220804-6354275  User: oesteban  Machine: dna020  Platform: Linux  PlatformVersion: 5.14.0-427.37.1.el9_4.x86_64  CompilerName: GCC  CompilerVersion: 8.4.0
ProgramName: mris_fix_topology  ProgramArguments: mris_fix_topology -all-info  ProgramVersion: 7.3.2  TimeStamp: 2026/03/08-18:49:20-GMT  BuildTime: Aug  4 2022 06:17:15  BuildStamp: freesurfer-linux-ubuntu22_x86_64-7.3.2-20220804-6354275  User: oesteban  Machine: dna020  Platform: Linux  PlatformVersion: 5.14.0-427.37.1.el9_4.x86_64  CompilerName: GCC  CompilerVersion: 8.4.0
ProgramName: mris_topo_fixer  ProgramArguments: mris_topo_fixer -all-info  ProgramVersion: 7.3.2  TimeStamp: 2026/03/08-18:49:20-GMT  BuildTime: Aug  4 2022 06:17:15  BuildStamp: freesurfer-linux-ubuntu22_x86_64-7.3.2-20220804-6354275  User: oesteban  Machine: dna020  Platform: Linux  PlatformVersion: 5.14.0-427.37.1.el9_4.x86_64  CompilerName: GCC  CompilerVersion: 8.4.0
ProgramName: mris_jacobian  ProgramArguments: mris_jacobian -all-info  ProgramVersion: 7.3.2  TimeStamp: 2026/03/08-18:49:20-GMT  BuildTime: Aug  4 2022 06:17:15  BuildStamp: freesurfer-linux-ubuntu22_x86_64-7.3.2-20220804-6354275  User: oesteban  Machine: dna020  Platform: Linux  PlatformVersion: 5.14.0-427.37.1.el9_4.x86_64  CompilerName: GCC  CompilerVersion: 8.4.0
ProgramName: mris_label2annot  ProgramArguments: mris_label2annot -all-info  ProgramVersion: 7.3.2  TimeStamp: 2026/03/08-18:49:20-GMT  BuildTime: Aug  4 2022 06:17:15  BuildStamp: freesurfer-linux-ubuntu22_x86_64-7.3.2-20220804-6354275  User: oesteban  Machine: dna020  Platform: Linux  PlatformVersion: 5.14.0-427.37.1.el9_4.x86_64  CompilerName: GCC  CompilerVersion: 8.4.0
ProgramName: mris_left_right_register  ProgramArguments: mris_left_right_register -all-info  ProgramVersion: 7.3.2  TimeStamp: 2026/03/08-18:49:20-GMT  BuildTime: Aug  4 2022 06:17:15  BuildStamp: freesurfer-linux-ubuntu22_x86_64-7.3.2-20220804-6354275  User: oesteban  Machine: dna020  Platform: Linux  PlatformVersion: 5.14.0-427.37.1.el9_4.x86_64  CompilerName: GCC  CompilerVersion: 8.4.0
ProgramName: mris_place_surface  ProgramArguments: mris_place_surface -all-info  ProgramVersion: 7.3.2  TimeStamp: 2026/03/08-18:49:20-GMT  BuildTime: Aug  4 2022 06:17:15  BuildStamp: freesurfer-linux-ubuntu22_x86_64-7.3.2-20220804-6354275  User: oesteban  Machine: dna020  Platform: Linux  PlatformVersion: 5.14.0-427.37.1.el9_4.x86_64  CompilerName: GCC  CompilerVersion: 8.4.0
ProgramName: mrisp_paint  ProgramArguments: mrisp_paint -all-info  ProgramVersion: 7.3.2  TimeStamp: 2026/03/08-18:49:20-GMT  BuildTime: Aug  4 2022 06:17:15  BuildStamp: freesurfer-linux-ubuntu22_x86_64-7.3.2-20220804-6354275  User: oesteban  Machine: dna020  Platform: Linux  PlatformVersion: 5.14.0-427.37.1.el9_4.x86_64  CompilerName: GCC  CompilerVersion: 8.4.0
ProgramName: mris_register  ProgramArguments: mris_register -all-info  ProgramVersion: 7.3.2  TimeStamp: 2026/03/08-18:49:20-GMT  BuildTime: Aug  4 2022 06:17:15  BuildStamp: freesurfer-linux-ubuntu22_x86_64-7.3.2-20220804-6354275  User: oesteban  Machine: dna020  Platform: Linux  PlatformVersion: 5.14.0-427.37.1.el9_4.x86_64  CompilerName: GCC  CompilerVersion: 8.4.0
ProgramName: mris_smooth  ProgramArguments: mris_smooth -all-info  ProgramVersion: 7.3.2  TimeStamp: 2026/03/08-18:49:20-GMT  BuildTime: Aug  4 2022 06:17:15  BuildStamp: freesurfer-linux-ubuntu22_x86_64-7.3.2-20220804-6354275  User: oesteban  Machine: dna020  Platform: Linux  PlatformVersion: 5.14.0-427.37.1.el9_4.x86_64  CompilerName: GCC  CompilerVersion: 8.4.0
ProgramName: mris_sphere  ProgramArguments: mris_sphere -all-info  ProgramVersion: 7.3.2  TimeStamp: 2026/03/08-18:49:20-GMT  BuildTime: Aug  4 2022 06:17:15  BuildStamp: freesurfer-linux-ubuntu22_x86_64-7.3.2-20220804-6354275  User: oesteban  Machine: dna020  Platform: Linux  PlatformVersion: 5.14.0-427.37.1.el9_4.x86_64  CompilerName: GCC  CompilerVersion: 8.4.0
ProgramName: mris_surface_stats  ProgramArguments: mris_surface_stats -all-info  ProgramVersion: 7.3.2  TimeStamp: 2026/03/08-18:49:20-GMT  BuildTime: Aug  4 2022 06:17:15  BuildStamp: freesurfer-linux-ubuntu22_x86_64-7.3.2-20220804-6354275  User: oesteban  Machine: dna020  Platform: Linux  PlatformVersion: 5.14.0-427.37.1.el9_4.x86_64  CompilerName: GCC  CompilerVersion: 8.4.0
ProgramName: mri_stats2seg  ProgramArguments: mri_stats2seg -all-info  ProgramVersion: 7.3.2  TimeStamp: 2026/03/08-18:49:20-GMT  BuildTime: Aug  4 2022 06:17:15  BuildStamp: freesurfer-linux-ubuntu22_x86_64-7.3.2-20220804-6354275  User: oesteban  Machine: dna020  Platform: Linux  PlatformVersion: 5.14.0-427.37.1.el9_4.x86_64  CompilerName: GCC  CompilerVersion: 8.4.0
ProgramName: mris_thickness  ProgramArguments: mris_thickness -all-info  ProgramVersion: 7.3.2  TimeStamp: 2026/03/08-18:49:20-GMT  BuildTime: Aug  4 2022 06:17:15  BuildStamp: freesurfer-linux-ubuntu22_x86_64-7.3.2-20220804-6354275  User: oesteban  Machine: dna020  Platform: Linux  PlatformVersion: 5.14.0-427.37.1.el9_4.x86_64  CompilerName: GCC  CompilerVersion: 8.4.0
ProgramName: mris_thickness_diff  ProgramArguments: mris_thickness_diff -all-info  ProgramVersion: 7.3.2  TimeStamp: 2026/03/08-18:49:20-GMT  BuildTime: Aug  4 2022 06:17:15  BuildStamp: freesurfer-linux-ubuntu22_x86_64-7.3.2-20220804-6354275  User: oesteban  Machine: dna020  Platform: Linux  PlatformVersion: 5.14.0-427.37.1.el9_4.x86_64  CompilerName: GCC  CompilerVersion: 8.4.0
ProgramName: mris_topo_fixer  ProgramArguments: mris_topo_fixer -all-info  ProgramVersion: 7.3.2  TimeStamp: 2026/03/08-18:49:20-GMT  BuildTime: Aug  4 2022 06:17:15  BuildStamp: freesurfer-linux-ubuntu22_x86_64-7.3.2-20220804-6354275  User: oesteban  Machine: dna020  Platform: Linux  PlatformVersion: 5.14.0-427.37.1.el9_4.x86_64  CompilerName: GCC  CompilerVersion: 8.4.0
ProgramName: mri_surf2surf  ProgramArguments: mri_surf2surf -all-info  ProgramVersion: 7.3.2  TimeStamp: 2026/03/08-18:49:20-GMT  BuildTime: Aug  4 2022 06:17:15  BuildStamp: freesurfer-linux-ubuntu22_x86_64-7.3.2-20220804-6354275  User: oesteban  Machine: dna020  Platform: Linux  PlatformVersion: 5.14.0-427.37.1.el9_4.x86_64  CompilerName: GCC  CompilerVersion: 8.4.0
ProgramName: mri_surf2vol  ProgramArguments: mri_surf2vol -all-info  ProgramVersion: 7.3.2  TimeStamp: 2026/03/08-18:49:20-GMT  BuildTime: Aug  4 2022 06:17:15  BuildStamp: freesurfer-linux-ubuntu22_x86_64-7.3.2-20220804-6354275  User: oesteban  Machine: dna020  Platform: Linux  PlatformVersion: 5.14.0-427.37.1.el9_4.x86_64  CompilerName: GCC  CompilerVersion: 8.4.0
ProgramName: mri_surfcluster  ProgramArguments: mri_surfcluster -all-info  ProgramVersion: 7.3.2  TimeStamp: 2026/03/08-18:49:20-GMT  BuildTime: Aug  4 2022 06:17:15  BuildStamp: freesurfer-linux-ubuntu22_x86_64-7.3.2-20220804-6354275  User: oesteban  Machine: dna020  Platform: Linux  PlatformVersion: 5.14.0-427.37.1.el9_4.x86_64  CompilerName: GCC  CompilerVersion: 8.4.0
ProgramName: mris_volmask  ProgramArguments: mris_volmask -all-info  ProgramVersion: 7.3.2  TimeStamp: 2026/03/08-18:49:20-GMT  BuildTime: Aug  4 2022 06:17:15  BuildStamp: freesurfer-linux-ubuntu22_x86_64-7.3.2-20220804-6354275  User: oesteban  Machine: dna020  Platform: Linux  PlatformVersion: 5.14.0-427.37.1.el9_4.x86_64  CompilerName: GCC  CompilerVersion: 8.4.0
ProgramName: mri_tessellate  ProgramArguments: mri_tessellate -all-info  ProgramVersion: 7.3.2  TimeStamp: 2026/03/08-18:49:20-GMT  BuildTime: Aug  4 2022 06:17:15  BuildStamp: freesurfer-linux-ubuntu22_x86_64-7.3.2-20220804-6354275  User: oesteban  Machine: dna020  Platform: Linux  PlatformVersion: 5.14.0-427.37.1.el9_4.x86_64  CompilerName: GCC  CompilerVersion: 8.4.0
ProgramName: mri_vol2surf  ProgramArguments: mri_vol2surf -all-info  ProgramVersion: 7.3.2  TimeStamp: 2026/03/08-18:49:20-GMT  BuildTime: Aug  4 2022 06:17:15  BuildStamp: freesurfer-linux-ubuntu22_x86_64-7.3.2-20220804-6354275  User: oesteban  Machine: dna020  Platform: Linux  PlatformVersion: 5.14.0-427.37.1.el9_4.x86_64  CompilerName: GCC  CompilerVersion: 8.4.0
ProgramName: mri_vol2vol  ProgramArguments: mri_vol2vol -all-info  ProgramVersion: 7.3.2  TimeStamp: 2026/03/08-18:49:20-GMT  BuildTime: Aug  4 2022 06:17:15  BuildStamp: freesurfer-linux-ubuntu22_x86_64-7.3.2-20220804-6354275  User: oesteban  Machine: dna020  Platform: Linux  PlatformVersion: 5.14.0-427.37.1.el9_4.x86_64  CompilerName: GCC  CompilerVersion: 8.4.0
ProgramName: mri_voldiff  ProgramArguments: mri_voldiff -all-info  ProgramVersion: 7.3.2  TimeStamp: 2026/03/08-18:49:20-GMT  BuildTime: Aug  4 2022 06:17:15  BuildStamp: freesurfer-linux-ubuntu22_x86_64-7.3.2-20220804-6354275  User: oesteban  Machine: dna020  Platform: Linux  PlatformVersion: 5.14.0-427.37.1.el9_4.x86_64  CompilerName: GCC  CompilerVersion: 8.4.0
ProgramName: mri_watershed  ProgramArguments: mri_watershed -all-info  ProgramVersion: 7.3.2  TimeStamp: 2026/03/08-18:49:20-GMT  BuildTime: Aug  4 2022 06:17:15  BuildStamp: freesurfer-linux-ubuntu22_x86_64-7.3.2-20220804-6354275  User: oesteban  Machine: dna020  Platform: Linux  PlatformVersion: 5.14.0-427.37.1.el9_4.x86_64  CompilerName: GCC  CompilerVersion: 8.4.0
ProgramName: tkregister2  ProgramArguments: tkregister2_cmdl -all-info  ProgramVersion: 7.3.2  TimeStamp: 2026/03/08-18:49:20-GMT  BuildTime: Aug  4 2022 06:17:15  BuildStamp: freesurfer-linux-ubuntu22_x86_64-7.3.2-20220804-6354275  User: oesteban  Machine: dna020  Platform: Linux  PlatformVersion: 5.14.0-427.37.1.el9_4.x86_64  CompilerName: GCC  CompilerVersion: 8.4.0
mri_motion_correct.fsl 7.3.2
mri_convert -all-info 
ProgramName: mri_convert  ProgramArguments: mri_convert -all-info  ProgramVersion: 7.3.2  TimeStamp: 2026/03/08-18:49:20-GMT  BuildTime: Aug  4 2022 06:17:15  BuildStamp: freesurfer-linux-ubuntu22_x86_64-7.3.2-20220804-6354275  User: oesteban  Machine: dna020  Platform: Linux  PlatformVersion: 5.14.0-427.37.1.el9_4.x86_64  CompilerName: GCC  CompilerVersion: 8.4.0
Program nu_correct, built from:
Package MNI N3, version 1.12.0, compiled by nicks@terrier (x86_64-unknown-linux-gnu) on 2015-06-19 at 01:25:34
#######################################
GCADIR /opt/freesurfer/average
GCA RB_all_2020-01-02.gca
GCASkull RB_all_withskull_2020_01_02.gca
AvgCurvTif folding.atlas.acfb40.noaparc.i12.2016-08-02.tif
GCSDIR /opt/freesurfer/average
GCS DKaparc.atlas.acfb40.noaparc.i12.2016-08-02.gcs
#######################################
#@# white curv lh Sun Mar  8 19:49:20 CET 2026
cd /out/sourcedata/freesurfer/sub-v1s14x0051560_ses-1/mri
mris_place_surface --curv-map ../surf/lh.white 2 10 ../surf/lh.curv
   Update not needed
#@# white area lh Sun Mar  8 19:49:20 CET 2026
cd /out/sourcedata/freesurfer/sub-v1s14x0051560_ses-1/mri
mris_place_surface --area-map ../surf/lh.white ../surf/lh.area
   Update not needed
#@# pial curv lh Sun Mar  8 19:49:20 CET 2026
cd /out/sourcedata/freesurfer/sub-v1s14x0051560_ses-1/mri
mris_place_surface --curv-map ../surf/lh.pial 2 10 ../surf/lh.curv.pial
   Update not needed
#@# pial area lh Sun Mar  8 19:49:20 CET 2026
cd /out/sourcedata/freesurfer/sub-v1s14x0051560_ses-1/mri
mris_place_surface --area-map ../surf/lh.pial ../surf/lh.area.pial
   Update not needed
#@# thickness lh Sun Mar  8 19:49:21 CET 2026
cd /out/sourcedata/freesurfer/sub-v1s14x0051560_ses-1/mri
mris_place_surface --thickness ../surf/lh.white ../surf/lh.pial 20 5 ../surf/lh.thickness
   Update not needed
#@# area and vertex vol lh Sun Mar  8 19:49:21 CET 2026
cd /out/sourcedata/freesurfer/sub-v1s14x0051560_ses-1/mri
mris_place_surface --thickness ../surf/lh.white ../surf/lh.pial 20 5 ../surf/lh.thickness
   Update not needed
#@# white curv rh Sun Mar  8 19:49:21 CET 2026
cd /out/sourcedata/freesurfer/sub-v1s14x0051560_ses-1/mri
mris_place_surface --curv-map ../surf/rh.white 2 10 ../surf/rh.curv
   Update not needed
#@# white area rh Sun Mar  8 19:49:21 CET 2026
cd /out/sourcedata/freesurfer/sub-v1s14x0051560_ses-1/mri
mris_place_surface --area-map ../surf/rh.white ../surf/rh.area
   Update not needed
#@# pial curv rh Sun Mar  8 19:49:21 CET 2026
cd /out/sourcedata/freesurfer/sub-v1s14x0051560_ses-1/mri
mris_place_surface --curv-map ../surf/rh.pial 2 10 ../surf/rh.curv.pial
   Update not needed
#@# pial area rh Sun Mar  8 19:49:21 CET 2026
cd /out/sourcedata/freesurfer/sub-v1s14x0051560_ses-1/mri
mris_place_surface --area-map ../surf/rh.pial ../surf/rh.area.pial
   Update not needed
#@# thickness rh Sun Mar  8 19:49:21 CET 2026
cd /out/sourcedata/freesurfer/sub-v1s14x0051560_ses-1/mri
mris_place_surface --thickness ../surf/rh.white ../surf/rh.pial 20 5 ../surf/rh.thickness
   Update not needed
#@# area and vertex vol rh Sun Mar  8 19:49:21 CET 2026
cd /out/sourcedata/freesurfer/sub-v1s14x0051560_ses-1/mri
mris_place_surface --thickness ../surf/rh.white ../surf/rh.pial 20 5 ../surf/rh.thickness
   Update not needed
#--------------------------------------------
#@# Cortical ribbon mask Sun Mar  8 19:49:21 CET 2026
/out/sourcedata/freesurfer/sub-v1s14x0051560_ses-1/mri

 mris_volmask --aseg_name aseg.presurf --label_left_white 2 --label_left_ribbon 3 --label_right_white 41 --label_right_ribbon 42 --save_ribbon sub-v1s14x0051560_ses-1 

SUBJECTS_DIR is /out/sourcedata/freesurfer
loading input data...
Running hemis serially
Processing left hemi
computing distance to left white surface 
computing distance to left pial surface 
Processing right hemi
computing distance to right white surface 
computing distance to right pial surface 
 hemi masks overlap voxels = 409
writing volume /out/sourcedata/freesurfer/sub-v1s14x0051560_ses-1/mri/ribbon.mgz
mris_volmask took 5.47 minutes
 writing ribbon files

Started at Sun Mar 8 19:49:20 CET 2026 
Ended   at Sun Mar 8 19:54:49 CET 2026
#@#%# recon-all-run-time-hours 0.091
recon-all -s sub-v1s14x0051560_ses-1 finished without error at Sun Mar  8 19:54:49 CET 2026



#New# invocation of recon-all 




Sun Mar  8 20:01:20 CET 2026
cd /out/sourcedata/freesurfer/sub-v1s14x0051560_ses-1
setenv SUBJECTS_DIR /out/sourcedata/freesurfer
/opt/freesurfer/bin/recon-all -autorecon3 -openmp 16 -subjid sub-v1s14x0051560_ses-1 -sd /out/sourcedata/freesurfer -nosphere -nosurfreg -nojacobian_white -noavgcurv -nocortparc -nopial -noparcstats -nocortparc2 -noparcstats2 -nocortparc3 -noparcstats3 -nopctsurfcon -nocortribbon -nobalabels

subjid sub-v1s14x0051560_ses-1
setenv SUBJECTS_DIR /out/sourcedata/freesurfer
FREESURFER_HOME /opt/freesurfer
Actual FREESURFER_HOME /opt/freesurfer
build-stamp.txt: freesurfer-linux-ubuntu22_x86_64-7.3.2-20220804-6354275
Linux dna020 5.14.0-427.37.1.el9_4.x86_64 #1 SMP PREEMPT_DYNAMIC Fri Sep 13 12:41:50 EDT 2024 x86_64 x86_64 x86_64 GNU/Linux
cputime      unlimited
filesize     unlimited
datasize     unlimited
stacksize    8192 kbytes
coredumpsize 0 kbytes
memoryuse    67108864 kbytes
vmemoryuse   unlimited
descriptors  1024 
memorylocked unlimited
maxproc      2061970 
maxlocks     unlimited
maxsignal    2061970 
maxmessage   819200 
maxnice      0 
maxrtprio    0 
maxrttime    unlimited

               total        used        free      shared  buff/cache   available
Mem:           503Gi        51Gi       198Gi        34Gi       252Gi       414Gi
Swap:             0B          0B          0B

########################################
program versions used
7.3.2 (freesurfer-linux-ubuntu22_x86_64-7.3.2-20220804-6354275)
7.3.2

ProgramName: lta_convert  ProgramArguments: lta_convert -all-info  ProgramVersion: 7.3.2  TimeStamp: 2026/03/08-19:01:20-GMT  BuildTime: Aug  4 2022 06:17:15  BuildStamp: freesurfer-linux-ubuntu22_x86_64-7.3.2-20220804-6354275  User: oesteban  Machine: dna020  Platform: Linux  PlatformVersion: 5.14.0-427.37.1.el9_4.x86_64  CompilerName: GCC  CompilerVersion: 8.4.0
ProgramName: mri_and  ProgramArguments: mri_and -all-info  ProgramVersion: 7.3.2  TimeStamp: 2026/03/08-19:01:20-GMT  BuildTime: Aug  4 2022 06:17:15  BuildStamp: freesurfer-linux-ubuntu22_x86_64-7.3.2-20220804-6354275  User: oesteban  Machine: dna020  Platform: Linux  PlatformVersion: 5.14.0-427.37.1.el9_4.x86_64  CompilerName: GCC  CompilerVersion: 8.4.0
ProgramName: mri_annotation2label  ProgramArguments: mri_annotation2label -all-info  ProgramVersion: 7.3.2  TimeStamp: 2026/03/08-19:01:20-GMT  BuildTime: Aug  4 2022 06:17:15  BuildStamp: freesurfer-linux-ubuntu22_x86_64-7.3.2-20220804-6354275  User: oesteban  Machine: dna020  Platform: Linux  PlatformVersion: 5.14.0-427.37.1.el9_4.x86_64  CompilerName: GCC  CompilerVersion: 8.4.0
ProgramName: mri_aparc2aseg  ProgramArguments: mri_aparc2aseg -all-info  ProgramVersion: 7.3.2  TimeStamp: 2026/03/08-19:01:20-GMT  BuildTime: Aug  4 2022 06:17:15  BuildStamp: freesurfer-linux-ubuntu22_x86_64-7.3.2-20220804-6354275  User: oesteban  Machine: dna020  Platform: Linux  PlatformVersion: 5.14.0-427.37.1.el9_4.x86_64  CompilerName: GCC  CompilerVersion: 8.4.0
ProgramName: mri_surf2volseg  ProgramArguments: mri_surf2volseg -all-info  ProgramVersion: 7.3.2  TimeStamp: 2026/03/08-19:01:20-GMT  BuildTime: Aug  4 2022 06:17:15  BuildStamp: freesurfer-linux-ubuntu22_x86_64-7.3.2-20220804-6354275  User: oesteban  Machine: dna020  Platform: Linux  PlatformVersion: 5.14.0-427.37.1.el9_4.x86_64  CompilerName: GCC  CompilerVersion: 8.4.0
ProgramName: mri_binarize  ProgramArguments: mri_binarize -all-info  ProgramVersion: 7.3.2  TimeStamp: 2026/03/08-19:01:20-GMT  BuildTime: Aug  4 2022 06:17:15  BuildStamp: freesurfer-linux-ubuntu22_x86_64-7.3.2-20220804-6354275  User: oesteban  Machine: dna020  Platform: Linux  PlatformVersion: 5.14.0-427.37.1.el9_4.x86_64  CompilerName: GCC  CompilerVersion: 8.4.0
ProgramName: mri_ca_label  ProgramArguments: mri_ca_label -all-info  ProgramVersion: 7.3.2  TimeStamp: 2026/03/08-19:01:20-GMT  BuildTime: Aug  4 2022 06:17:15  BuildStamp: freesurfer-linux-ubuntu22_x86_64-7.3.2-20220804-6354275  User: oesteban  Machine: dna020  Platform: Linux  PlatformVersion: 5.14.0-427.37.1.el9_4.x86_64  CompilerName: GCC  CompilerVersion: 8.4.0
ProgramName: mri_ca_normalize  ProgramArguments: mri_ca_normalize -all-info  ProgramVersion: 7.3.2  TimeStamp: 2026/03/08-19:01:20-GMT  BuildTime: Aug  4 2022 06:17:15  BuildStamp: freesurfer-linux-ubuntu22_x86_64-7.3.2-20220804-6354275  User: oesteban  Machine: dna020  Platform: Linux  PlatformVersion: 5.14.0-427.37.1.el9_4.x86_64  CompilerName: GCC  CompilerVersion: 8.4.0
ProgramName: mri_ca_register  ProgramArguments: mri_ca_register -all-info  ProgramVersion: 7.3.2  TimeStamp: 2026/03/08-19:01:20-GMT  BuildTime: Aug  4 2022 06:17:15  BuildStamp: freesurfer-linux-ubuntu22_x86_64-7.3.2-20220804-6354275  User: oesteban  Machine: dna020  Platform: Linux  PlatformVersion: 5.14.0-427.37.1.el9_4.x86_64  CompilerName: GCC  CompilerVersion: 8.4.0
ProgramName: mri_cc  ProgramArguments: mri_cc -all-info  ProgramVersion: 7.3.2  TimeStamp: 2026/03/08-19:01:20-GMT  BuildTime: Aug  4 2022 06:17:15  BuildStamp: freesurfer-linux-ubuntu22_x86_64-7.3.2-20220804-6354275  User: oesteban  Machine: dna020  Platform: Linux  PlatformVersion: 5.14.0-427.37.1.el9_4.x86_64  CompilerName: GCC  CompilerVersion: 8.4.0
ProgramName: mri_compute_overlap  ProgramArguments: mri_compute_overlap -all-info  ProgramVersion: 7.3.2  TimeStamp: 2026/03/08-19:01:20-GMT  BuildTime: Aug  4 2022 06:17:15  BuildStamp: freesurfer-linux-ubuntu22_x86_64-7.3.2-20220804-6354275  User: oesteban  Machine: dna020  Platform: Linux  PlatformVersion: 5.14.0-427.37.1.el9_4.x86_64  CompilerName: GCC  CompilerVersion: 8.4.0
ProgramName: mri_compute_seg_overlap  ProgramArguments: mri_compute_seg_overlap -all-info  ProgramVersion: 7.3.2  TimeStamp: 2026/03/08-19:01:20-GMT  BuildTime: Aug  4 2022 06:17:15  BuildStamp: freesurfer-linux-ubuntu22_x86_64-7.3.2-20220804-6354275  User: oesteban  Machine: dna020  Platform: Linux  PlatformVersion: 5.14.0-427.37.1.el9_4.x86_64  CompilerName: GCC  CompilerVersion: 8.4.0
ProgramName: mri_concat  ProgramArguments: mri_concat -all-info  ProgramVersion: 7.3.2  TimeStamp: 2026/03/08-19:01:20-GMT  BuildTime: Aug  4 2022 06:17:15  BuildStamp: freesurfer-linux-ubuntu22_x86_64-7.3.2-20220804-6354275  User: oesteban  Machine: dna020  Platform: Linux  PlatformVersion: 5.14.0-427.37.1.el9_4.x86_64  CompilerName: GCC  CompilerVersion: 8.4.0
ProgramName: mri_concatenate_lta  ProgramArguments: mri_concatenate_lta -all-info  ProgramVersion: 7.3.2  TimeStamp: 2026/03/08-19:01:20-GMT  BuildTime: Aug  4 2022 06:17:15  BuildStamp: freesurfer-linux-ubuntu22_x86_64-7.3.2-20220804-6354275  User: oesteban  Machine: dna020  Platform: Linux  PlatformVersion: 5.14.0-427.37.1.el9_4.x86_64  CompilerName: GCC  CompilerVersion: 8.4.0
mri_convert -all-info 
ProgramName: mri_convert  ProgramArguments: mri_convert -all-info  ProgramVersion: 7.3.2  TimeStamp: 2026/03/08-19:01:20-GMT  BuildTime: Aug  4 2022 06:17:15  BuildStamp: freesurfer-linux-ubuntu22_x86_64-7.3.2-20220804-6354275  User: oesteban  Machine: dna020  Platform: Linux  PlatformVersion: 5.14.0-427.37.1.el9_4.x86_64  CompilerName: GCC  CompilerVersion: 8.4.0
ProgramName: mri_diff  ProgramArguments: mri_diff -all-info  ProgramVersion: 7.3.2  TimeStamp: 2026/03/08-19:01:20-GMT  BuildTime: Aug  4 2022 06:17:15  BuildStamp: freesurfer-linux-ubuntu22_x86_64-7.3.2-20220804-6354275  User: oesteban  Machine: dna020  Platform: Linux  PlatformVersion: 5.14.0-427.37.1.el9_4.x86_64  CompilerName: GCC  CompilerVersion: 8.4.0
ProgramName: mri_edit_wm_with_aseg  ProgramArguments: mri_edit_wm_with_aseg -all-info  ProgramVersion: 7.3.2  TimeStamp: 2026/03/08-19:01:20-GMT  BuildTime: Aug  4 2022 06:17:15  BuildStamp: freesurfer-linux-ubuntu22_x86_64-7.3.2-20220804-6354275  User: oesteban  Machine: dna020  Platform: Linux  PlatformVersion: 5.14.0-427.37.1.el9_4.x86_64  CompilerName: GCC  CompilerVersion: 8.4.0
ProgramName: mri_em_register  ProgramArguments: mri_em_register -all-info  ProgramVersion: 7.3.2  TimeStamp: 2026/03/08-19:01:20-GMT  BuildTime: Aug  4 2022 06:17:15  BuildStamp: freesurfer-linux-ubuntu22_x86_64-7.3.2-20220804-6354275  User: oesteban  Machine: dna020  Platform: Linux  PlatformVersion: 5.14.0-427.37.1.el9_4.x86_64  CompilerName: GCC  CompilerVersion: 8.4.0
ProgramName: mri_fill  ProgramArguments: mri_fill -all-info  ProgramVersion: 7.3.2  TimeStamp: 2026/03/08-19:01:20-GMT  BuildTime: Aug  4 2022 06:17:15  BuildStamp: freesurfer-linux-ubuntu22_x86_64-7.3.2-20220804-6354275  User: oesteban  Machine: dna020  Platform: Linux  PlatformVersion: 5.14.0-427.37.1.el9_4.x86_64  CompilerName: GCC  CompilerVersion: 8.4.0
ProgramName: mri_fuse_segmentations  ProgramArguments: mri_fuse_segmentations -all-info  ProgramVersion: 7.3.2  TimeStamp: 2026/03/08-19:01:20-GMT  BuildTime: Aug  4 2022 06:17:15  BuildStamp: freesurfer-linux-ubuntu22_x86_64-7.3.2-20220804-6354275  User: oesteban  Machine: dna020  Platform: Linux  PlatformVersion: 5.14.0-427.37.1.el9_4.x86_64  CompilerName: GCC  CompilerVersion: 8.4.0
ProgramName: mri_fwhm  ProgramArguments: mri_fwhm -all-info  ProgramVersion: 7.3.2  TimeStamp: 2026/03/08-19:01:20-GMT  BuildTime: Aug  4 2022 06:17:15  BuildStamp: freesurfer-linux-ubuntu22_x86_64-7.3.2-20220804-6354275  User: oesteban  Machine: dna020  Platform: Linux  PlatformVersion: 5.14.0-427.37.1.el9_4.x86_64  CompilerName: GCC  CompilerVersion: 8.4.0
ProgramName: mri_gcut  ProgramArguments: mri_gcut -all-info  ProgramVersion: 7.3.2  TimeStamp: 2026/03/08-19:01:20-GMT  BuildTime: Aug  4 2022 06:17:15  BuildStamp: freesurfer-linux-ubuntu22_x86_64-7.3.2-20220804-6354275  User: oesteban  Machine: dna020  Platform: Linux  PlatformVersion: 5.14.0-427.37.1.el9_4.x86_64  CompilerName: GCC  CompilerVersion: 8.4.0
ProgramName: mri_info  ProgramArguments: mri_info -all-info  ProgramVersion: 7.3.2  TimeStamp: 2026/03/08-19:01:20-GMT  BuildTime: Aug  4 2022 06:17:15  BuildStamp: freesurfer-linux-ubuntu22_x86_64-7.3.2-20220804-6354275  User: oesteban  Machine: dna020  Platform: Linux  PlatformVersion: 5.14.0-427.37.1.el9_4.x86_64  CompilerName: GCC  CompilerVersion: 8.4.0
ProgramName: mri_label2label  ProgramArguments: mri_label2label -all-info  ProgramVersion: 7.3.2  TimeStamp: 2026/03/08-19:01:20-GMT  BuildTime: Aug  4 2022 06:17:15  BuildStamp: freesurfer-linux-ubuntu22_x86_64-7.3.2-20220804-6354275  User: oesteban  Machine: dna020  Platform: Linux  PlatformVersion: 5.14.0-427.37.1.el9_4.x86_64  CompilerName: GCC  CompilerVersion: 8.4.0
ProgramName: mri_label2vol  ProgramArguments: mri_label2vol -all-info  ProgramVersion: 7.3.2  TimeStamp: 2026/03/08-19:01:20-GMT  BuildTime: Aug  4 2022 06:17:15  BuildStamp: freesurfer-linux-ubuntu22_x86_64-7.3.2-20220804-6354275  User: oesteban  Machine: dna020  Platform: Linux  PlatformVersion: 5.14.0-427.37.1.el9_4.x86_64  CompilerName: GCC  CompilerVersion: 8.4.0
ProgramName: mri_log_likelihood  ProgramArguments: mri_log_likelihood -all-info  ProgramVersion: 7.3.2  TimeStamp: 2026/03/08-19:01:20-GMT  BuildTime: Aug  4 2022 06:17:15  BuildStamp: freesurfer-linux-ubuntu22_x86_64-7.3.2-20220804-6354275  User: oesteban  Machine: dna020  Platform: Linux  PlatformVersion: 5.14.0-427.37.1.el9_4.x86_64  CompilerName: GCC  CompilerVersion: 8.4.0
ProgramName: mri_mask  ProgramArguments: mri_mask -all-info  ProgramVersion: 7.3.2  TimeStamp: 2026/03/08-19:01:20-GMT  BuildTime: Aug  4 2022 06:17:15  BuildStamp: freesurfer-linux-ubuntu22_x86_64-7.3.2-20220804-6354275  User: oesteban  Machine: dna020  Platform: Linux  PlatformVersion: 5.14.0-427.37.1.el9_4.x86_64  CompilerName: GCC  CompilerVersion: 8.4.0
ProgramName: mri_matrix_multiply  ProgramArguments: mri_matrix_multiply -all-info  ProgramVersion: 7.3.2  TimeStamp: 2026/03/08-19:01:20-GMT  BuildTime: Aug  4 2022 06:17:15  BuildStamp: freesurfer-linux-ubuntu22_x86_64-7.3.2-20220804-6354275  User: oesteban  Machine: dna020  Platform: Linux  PlatformVersion: 5.14.0-427.37.1.el9_4.x86_64  CompilerName: GCC  CompilerVersion: 8.4.0
ProgramName: mri_normalize  ProgramArguments: mri_normalize -all-info  ProgramVersion: 7.3.2  TimeStamp: 2026/03/08-19:01:20-GMT  BuildTime: Aug  4 2022 06:17:15  BuildStamp: freesurfer-linux-ubuntu22_x86_64-7.3.2-20220804-6354275  User: oesteban  Machine: dna020  Platform: Linux  PlatformVersion: 5.14.0-427.37.1.el9_4.x86_64  CompilerName: GCC  CompilerVersion: 8.4.0
ProgramName: mri_normalize_tp2  ProgramArguments: mri_normalize_tp2 -all-info  ProgramVersion: 7.3.2  TimeStamp: 2026/03/08-19:01:20-GMT  BuildTime: Aug  4 2022 06:17:15  BuildStamp: freesurfer-linux-ubuntu22_x86_64-7.3.2-20220804-6354275  User: oesteban  Machine: dna020  Platform: Linux  PlatformVersion: 5.14.0-427.37.1.el9_4.x86_64  CompilerName: GCC  CompilerVersion: 8.4.0
ProgramName: mri_or  ProgramArguments: mri_or -all-info  ProgramVersion: 7.3.2  TimeStamp: 2026/03/08-19:01:20-GMT  BuildTime: Aug  4 2022 06:17:15  BuildStamp: freesurfer-linux-ubuntu22_x86_64-7.3.2-20220804-6354275  User: oesteban  Machine: dna020  Platform: Linux  PlatformVersion: 5.14.0-427.37.1.el9_4.x86_64  CompilerName: GCC  CompilerVersion: 8.4.0
ProgramName: mri_relabel_hypointensities  ProgramArguments: mri_relabel_hypointensities -all-info  ProgramVersion: 7.3.2  TimeStamp: 2026/03/08-19:01:20-GMT  BuildTime: Aug  4 2022 06:17:15  BuildStamp: freesurfer-linux-ubuntu22_x86_64-7.3.2-20220804-6354275  User: oesteban  Machine: dna020  Platform: Linux  PlatformVersion: 5.14.0-427.37.1.el9_4.x86_64  CompilerName: GCC  CompilerVersion: 8.4.0
ProgramName: mri_relabel_nonwm_hypos  ProgramArguments: mri_relabel_nonwm_hypos -all-info  ProgramVersion: 7.3.2  TimeStamp: 2026/03/08-19:01:20-GMT  BuildTime: Aug  4 2022 06:17:15  BuildStamp: freesurfer-linux-ubuntu22_x86_64-7.3.2-20220804-6354275  User: oesteban  Machine: dna020  Platform: Linux  PlatformVersion: 5.14.0-427.37.1.el9_4.x86_64  CompilerName: GCC  CompilerVersion: 8.4.0
ProgramName: mri_remove_neck  ProgramArguments: mri_remove_neck -all-info  ProgramVersion: 7.3.2  TimeStamp: 2026/03/08-19:01:20-GMT  BuildTime: Aug  4 2022 06:17:15  BuildStamp: freesurfer-linux-ubuntu22_x86_64-7.3.2-20220804-6354275  User: oesteban  Machine: dna020  Platform: Linux  PlatformVersion: 5.14.0-427.37.1.el9_4.x86_64  CompilerName: GCC  CompilerVersion: 8.4.0
7.3.2

ProgramName: mri_robust_register  ProgramArguments: mri_robust_register -all-info  ProgramVersion: 7.3.2  TimeStamp: 2026/03/08-19:01:20-GMT  BuildTime: Aug  4 2022 06:17:15  BuildStamp: freesurfer-linux-ubuntu22_x86_64-7.3.2-20220804-6354275  User: oesteban  Machine: dna020  Platform: Linux  PlatformVersion: 5.14.0-427.37.1.el9_4.x86_64  CompilerName: GCC  CompilerVersion: 8.4.0
7.3.2

ProgramName: mri_robust_template  ProgramArguments: mri_robust_template -all-info  ProgramVersion: 7.3.2  TimeStamp: 2026/03/08-19:01:20-GMT  BuildTime: Aug  4 2022 06:17:15  BuildStamp: freesurfer-linux-ubuntu22_x86_64-7.3.2-20220804-6354275  User: oesteban  Machine: dna020  Platform: Linux  PlatformVersion: 5.14.0-427.37.1.el9_4.x86_64  CompilerName: GCC  CompilerVersion: 8.4.0
ProgramName: mris_anatomical_stats  ProgramArguments: mris_anatomical_stats -all-info  ProgramVersion: 7.3.2  TimeStamp: 2026/03/08-19:01:20-GMT  BuildTime: Aug  4 2022 06:17:15  BuildStamp: freesurfer-linux-ubuntu22_x86_64-7.3.2-20220804-6354275  User: oesteban  Machine: dna020  Platform: Linux  PlatformVersion: 5.14.0-427.37.1.el9_4.x86_64  CompilerName: GCC  CompilerVersion: 8.4.0
ProgramName: mris_ca_label  ProgramArguments: mris_ca_label -all-info  ProgramVersion: 7.3.2  TimeStamp: 2026/03/08-19:01:20-GMT  BuildTime: Aug  4 2022 06:17:15  BuildStamp: freesurfer-linux-ubuntu22_x86_64-7.3.2-20220804-6354275  User: oesteban  Machine: dna020  Platform: Linux  PlatformVersion: 5.14.0-427.37.1.el9_4.x86_64  CompilerName: GCC  CompilerVersion: 8.4.0
ProgramName: mris_calc  ProgramArguments: mris_calc -all-info  ProgramVersion: 7.3.2  TimeStamp: 2026/03/08-19:01:20-GMT  BuildTime: Aug  4 2022 06:17:15  BuildStamp: freesurfer-linux-ubuntu22_x86_64-7.3.2-20220804-6354275  User: oesteban  Machine: dna020  Platform: Linux  PlatformVersion: 5.14.0-427.37.1.el9_4.x86_64  CompilerName: GCC  CompilerVersion: 8.4.0
ProgramName: mris_convert  ProgramArguments: mris_convert -all-info  ProgramVersion: 7.3.2  TimeStamp: 2026/03/08-19:01:20-GMT  BuildTime: Aug  4 2022 06:17:15  BuildStamp: freesurfer-linux-ubuntu22_x86_64-7.3.2-20220804-6354275  User: oesteban  Machine: dna020  Platform: Linux  PlatformVersion: 5.14.0-427.37.1.el9_4.x86_64  CompilerName: GCC  CompilerVersion: 8.4.0
ProgramName: mris_curvature  ProgramArguments: mris_curvature -all-info  ProgramVersion: 7.3.2  TimeStamp: 2026/03/08-19:01:20-GMT  BuildTime: Aug  4 2022 06:17:15  BuildStamp: freesurfer-linux-ubuntu22_x86_64-7.3.2-20220804-6354275  User: oesteban  Machine: dna020  Platform: Linux  PlatformVersion: 5.14.0-427.37.1.el9_4.x86_64  CompilerName: GCC  CompilerVersion: 8.4.0
ProgramName: mris_curvature_stats  ProgramArguments: mris_curvature_stats -all-info  ProgramVersion: 7.3.2  TimeStamp: 2026/03/08-19:01:20-GMT  BuildTime: Aug  4 2022 06:17:15  BuildStamp: freesurfer-linux-ubuntu22_x86_64-7.3.2-20220804-6354275  User: oesteban  Machine: dna020  Platform: Linux  PlatformVersion: 5.14.0-427.37.1.el9_4.x86_64  CompilerName: GCC  CompilerVersion: 8.4.0
ProgramName: mris_diff  ProgramArguments: mris_diff -all-info  ProgramVersion: 7.3.2  TimeStamp: 2026/03/08-19:01:20-GMT  BuildTime: Aug  4 2022 06:17:15  BuildStamp: freesurfer-linux-ubuntu22_x86_64-7.3.2-20220804-6354275  User: oesteban  Machine: dna020  Platform: Linux  PlatformVersion: 5.14.0-427.37.1.el9_4.x86_64  CompilerName: GCC  CompilerVersion: 8.4.0
ProgramName: mris_divide_parcellation  ProgramArguments: mris_divide_parcellation -all-info  ProgramVersion: 7.3.2  TimeStamp: 2026/03/08-19:01:20-GMT  BuildTime: Aug  4 2022 06:17:15  BuildStamp: freesurfer-linux-ubuntu22_x86_64-7.3.2-20220804-6354275  User: oesteban  Machine: dna020  Platform: Linux  PlatformVersion: 5.14.0-427.37.1.el9_4.x86_64  CompilerName: GCC  CompilerVersion: 8.4.0
ProgramName: mri_segment  ProgramArguments: mri_segment -all-info  ProgramVersion: 7.3.2  TimeStamp: 2026/03/08-19:01:20-GMT  BuildTime: Aug  4 2022 06:17:15  BuildStamp: freesurfer-linux-ubuntu22_x86_64-7.3.2-20220804-6354275  User: oesteban  Machine: dna020  Platform: Linux  PlatformVersion: 5.14.0-427.37.1.el9_4.x86_64  CompilerName: GCC  CompilerVersion: 8.4.0
ProgramName: mri_segstats  ProgramArguments: mri_segstats -all-info  ProgramVersion: 7.3.2  TimeStamp: 2026/03/08-19:01:20-GMT  BuildTime: Aug  4 2022 06:17:15  BuildStamp: freesurfer-linux-ubuntu22_x86_64-7.3.2-20220804-6354275  User: oesteban  Machine: dna020  Platform: Linux  PlatformVersion: 5.14.0-427.37.1.el9_4.x86_64  CompilerName: GCC  CompilerVersion: 8.4.0
ProgramName: mris_euler_number  ProgramArguments: mris_euler_number -all-info  ProgramVersion: 7.3.2  TimeStamp: 2026/03/08-19:01:20-GMT  BuildTime: Aug  4 2022 06:17:15  BuildStamp: freesurfer-linux-ubuntu22_x86_64-7.3.2-20220804-6354275  User: oesteban  Machine: dna020  Platform: Linux  PlatformVersion: 5.14.0-427.37.1.el9_4.x86_64  CompilerName: GCC  CompilerVersion: 8.4.0
ProgramName: mris_fix_topology  ProgramArguments: mris_fix_topology -all-info  ProgramVersion: 7.3.2  TimeStamp: 2026/03/08-19:01:20-GMT  BuildTime: Aug  4 2022 06:17:15  BuildStamp: freesurfer-linux-ubuntu22_x86_64-7.3.2-20220804-6354275  User: oesteban  Machine: dna020  Platform: Linux  PlatformVersion: 5.14.0-427.37.1.el9_4.x86_64  CompilerName: GCC  CompilerVersion: 8.4.0
ProgramName: mris_topo_fixer  ProgramArguments: mris_topo_fixer -all-info  ProgramVersion: 7.3.2  TimeStamp: 2026/03/08-19:01:20-GMT  BuildTime: Aug  4 2022 06:17:15  BuildStamp: freesurfer-linux-ubuntu22_x86_64-7.3.2-20220804-6354275  User: oesteban  Machine: dna020  Platform: Linux  PlatformVersion: 5.14.0-427.37.1.el9_4.x86_64  CompilerName: GCC  CompilerVersion: 8.4.0
ProgramName: mris_jacobian  ProgramArguments: mris_jacobian -all-info  ProgramVersion: 7.3.2  TimeStamp: 2026/03/08-19:01:20-GMT  BuildTime: Aug  4 2022 06:17:15  BuildStamp: freesurfer-linux-ubuntu22_x86_64-7.3.2-20220804-6354275  User: oesteban  Machine: dna020  Platform: Linux  PlatformVersion: 5.14.0-427.37.1.el9_4.x86_64  CompilerName: GCC  CompilerVersion: 8.4.0
ProgramName: mris_label2annot  ProgramArguments: mris_label2annot -all-info  ProgramVersion: 7.3.2  TimeStamp: 2026/03/08-19:01:20-GMT  BuildTime: Aug  4 2022 06:17:15  BuildStamp: freesurfer-linux-ubuntu22_x86_64-7.3.2-20220804-6354275  User: oesteban  Machine: dna020  Platform: Linux  PlatformVersion: 5.14.0-427.37.1.el9_4.x86_64  CompilerName: GCC  CompilerVersion: 8.4.0
ProgramName: mris_left_right_register  ProgramArguments: mris_left_right_register -all-info  ProgramVersion: 7.3.2  TimeStamp: 2026/03/08-19:01:20-GMT  BuildTime: Aug  4 2022 06:17:15  BuildStamp: freesurfer-linux-ubuntu22_x86_64-7.3.2-20220804-6354275  User: oesteban  Machine: dna020  Platform: Linux  PlatformVersion: 5.14.0-427.37.1.el9_4.x86_64  CompilerName: GCC  CompilerVersion: 8.4.0
ProgramName: mris_place_surface  ProgramArguments: mris_place_surface -all-info  ProgramVersion: 7.3.2  TimeStamp: 2026/03/08-19:01:20-GMT  BuildTime: Aug  4 2022 06:17:15  BuildStamp: freesurfer-linux-ubuntu22_x86_64-7.3.2-20220804-6354275  User: oesteban  Machine: dna020  Platform: Linux  PlatformVersion: 5.14.0-427.37.1.el9_4.x86_64  CompilerName: GCC  CompilerVersion: 8.4.0
ProgramName: mrisp_paint  ProgramArguments: mrisp_paint -all-info  ProgramVersion: 7.3.2  TimeStamp: 2026/03/08-19:01:20-GMT  BuildTime: Aug  4 2022 06:17:15  BuildStamp: freesurfer-linux-ubuntu22_x86_64-7.3.2-20220804-6354275  User: oesteban  Machine: dna020  Platform: Linux  PlatformVersion: 5.14.0-427.37.1.el9_4.x86_64  CompilerName: GCC  CompilerVersion: 8.4.0
ProgramName: mris_register  ProgramArguments: mris_register -all-info  ProgramVersion: 7.3.2  TimeStamp: 2026/03/08-19:01:20-GMT  BuildTime: Aug  4 2022 06:17:15  BuildStamp: freesurfer-linux-ubuntu22_x86_64-7.3.2-20220804-6354275  User: oesteban  Machine: dna020  Platform: Linux  PlatformVersion: 5.14.0-427.37.1.el9_4.x86_64  CompilerName: GCC  CompilerVersion: 8.4.0
ProgramName: mris_smooth  ProgramArguments: mris_smooth -all-info  ProgramVersion: 7.3.2  TimeStamp: 2026/03/08-19:01:20-GMT  BuildTime: Aug  4 2022 06:17:15  BuildStamp: freesurfer-linux-ubuntu22_x86_64-7.3.2-20220804-6354275  User: oesteban  Machine: dna020  Platform: Linux  PlatformVersion: 5.14.0-427.37.1.el9_4.x86_64  CompilerName: GCC  CompilerVersion: 8.4.0
ProgramName: mris_sphere  ProgramArguments: mris_sphere -all-info  ProgramVersion: 7.3.2  TimeStamp: 2026/03/08-19:01:20-GMT  BuildTime: Aug  4 2022 06:17:15  BuildStamp: freesurfer-linux-ubuntu22_x86_64-7.3.2-20220804-6354275  User: oesteban  Machine: dna020  Platform: Linux  PlatformVersion: 5.14.0-427.37.1.el9_4.x86_64  CompilerName: GCC  CompilerVersion: 8.4.0
ProgramName: mris_surface_stats  ProgramArguments: mris_surface_stats -all-info  ProgramVersion: 7.3.2  TimeStamp: 2026/03/08-19:01:20-GMT  BuildTime: Aug  4 2022 06:17:15  BuildStamp: freesurfer-linux-ubuntu22_x86_64-7.3.2-20220804-6354275  User: oesteban  Machine: dna020  Platform: Linux  PlatformVersion: 5.14.0-427.37.1.el9_4.x86_64  CompilerName: GCC  CompilerVersion: 8.4.0
ProgramName: mri_stats2seg  ProgramArguments: mri_stats2seg -all-info  ProgramVersion: 7.3.2  TimeStamp: 2026/03/08-19:01:20-GMT  BuildTime: Aug  4 2022 06:17:15  BuildStamp: freesurfer-linux-ubuntu22_x86_64-7.3.2-20220804-6354275  User: oesteban  Machine: dna020  Platform: Linux  PlatformVersion: 5.14.0-427.37.1.el9_4.x86_64  CompilerName: GCC  CompilerVersion: 8.4.0
ProgramName: mris_thickness  ProgramArguments: mris_thickness -all-info  ProgramVersion: 7.3.2  TimeStamp: 2026/03/08-19:01:20-GMT  BuildTime: Aug  4 2022 06:17:15  BuildStamp: freesurfer-linux-ubuntu22_x86_64-7.3.2-20220804-6354275  User: oesteban  Machine: dna020  Platform: Linux  PlatformVersion: 5.14.0-427.37.1.el9_4.x86_64  CompilerName: GCC  CompilerVersion: 8.4.0
ProgramName: mris_thickness_diff  ProgramArguments: mris_thickness_diff -all-info  ProgramVersion: 7.3.2  TimeStamp: 2026/03/08-19:01:20-GMT  BuildTime: Aug  4 2022 06:17:15  BuildStamp: freesurfer-linux-ubuntu22_x86_64-7.3.2-20220804-6354275  User: oesteban  Machine: dna020  Platform: Linux  PlatformVersion: 5.14.0-427.37.1.el9_4.x86_64  CompilerName: GCC  CompilerVersion: 8.4.0
ProgramName: mris_topo_fixer  ProgramArguments: mris_topo_fixer -all-info  ProgramVersion: 7.3.2  TimeStamp: 2026/03/08-19:01:20-GMT  BuildTime: Aug  4 2022 06:17:15  BuildStamp: freesurfer-linux-ubuntu22_x86_64-7.3.2-20220804-6354275  User: oesteban  Machine: dna020  Platform: Linux  PlatformVersion: 5.14.0-427.37.1.el9_4.x86_64  CompilerName: GCC  CompilerVersion: 8.4.0
ProgramName: mri_surf2surf  ProgramArguments: mri_surf2surf -all-info  ProgramVersion: 7.3.2  TimeStamp: 2026/03/08-19:01:20-GMT  BuildTime: Aug  4 2022 06:17:15  BuildStamp: freesurfer-linux-ubuntu22_x86_64-7.3.2-20220804-6354275  User: oesteban  Machine: dna020  Platform: Linux  PlatformVersion: 5.14.0-427.37.1.el9_4.x86_64  CompilerName: GCC  CompilerVersion: 8.4.0
ProgramName: mri_surf2vol  ProgramArguments: mri_surf2vol -all-info  ProgramVersion: 7.3.2  TimeStamp: 2026/03/08-19:01:20-GMT  BuildTime: Aug  4 2022 06:17:15  BuildStamp: freesurfer-linux-ubuntu22_x86_64-7.3.2-20220804-6354275  User: oesteban  Machine: dna020  Platform: Linux  PlatformVersion: 5.14.0-427.37.1.el9_4.x86_64  CompilerName: GCC  CompilerVersion: 8.4.0
ProgramName: mri_surfcluster  ProgramArguments: mri_surfcluster -all-info  ProgramVersion: 7.3.2  TimeStamp: 2026/03/08-19:01:20-GMT  BuildTime: Aug  4 2022 06:17:15  BuildStamp: freesurfer-linux-ubuntu22_x86_64-7.3.2-20220804-6354275  User: oesteban  Machine: dna020  Platform: Linux  PlatformVersion: 5.14.0-427.37.1.el9_4.x86_64  CompilerName: GCC  CompilerVersion: 8.4.0
ProgramName: mris_volmask  ProgramArguments: mris_volmask -all-info  ProgramVersion: 7.3.2  TimeStamp: 2026/03/08-19:01:20-GMT  BuildTime: Aug  4 2022 06:17:15  BuildStamp: freesurfer-linux-ubuntu22_x86_64-7.3.2-20220804-6354275  User: oesteban  Machine: dna020  Platform: Linux  PlatformVersion: 5.14.0-427.37.1.el9_4.x86_64  CompilerName: GCC  CompilerVersion: 8.4.0
ProgramName: mri_tessellate  ProgramArguments: mri_tessellate -all-info  ProgramVersion: 7.3.2  TimeStamp: 2026/03/08-19:01:20-GMT  BuildTime: Aug  4 2022 06:17:15  BuildStamp: freesurfer-linux-ubuntu22_x86_64-7.3.2-20220804-6354275  User: oesteban  Machine: dna020  Platform: Linux  PlatformVersion: 5.14.0-427.37.1.el9_4.x86_64  CompilerName: GCC  CompilerVersion: 8.4.0
ProgramName: mri_vol2surf  ProgramArguments: mri_vol2surf -all-info  ProgramVersion: 7.3.2  TimeStamp: 2026/03/08-19:01:20-GMT  BuildTime: Aug  4 2022 06:17:15  BuildStamp: freesurfer-linux-ubuntu22_x86_64-7.3.2-20220804-6354275  User: oesteban  Machine: dna020  Platform: Linux  PlatformVersion: 5.14.0-427.37.1.el9_4.x86_64  CompilerName: GCC  CompilerVersion: 8.4.0
ProgramName: mri_vol2vol  ProgramArguments: mri_vol2vol -all-info  ProgramVersion: 7.3.2  TimeStamp: 2026/03/08-19:01:20-GMT  BuildTime: Aug  4 2022 06:17:15  BuildStamp: freesurfer-linux-ubuntu22_x86_64-7.3.2-20220804-6354275  User: oesteban  Machine: dna020  Platform: Linux  PlatformVersion: 5.14.0-427.37.1.el9_4.x86_64  CompilerName: GCC  CompilerVersion: 8.4.0
ProgramName: mri_voldiff  ProgramArguments: mri_voldiff -all-info  ProgramVersion: 7.3.2  TimeStamp: 2026/03/08-19:01:20-GMT  BuildTime: Aug  4 2022 06:17:15  BuildStamp: freesurfer-linux-ubuntu22_x86_64-7.3.2-20220804-6354275  User: oesteban  Machine: dna020  Platform: Linux  PlatformVersion: 5.14.0-427.37.1.el9_4.x86_64  CompilerName: GCC  CompilerVersion: 8.4.0
ProgramName: mri_watershed  ProgramArguments: mri_watershed -all-info  ProgramVersion: 7.3.2  TimeStamp: 2026/03/08-19:01:20-GMT  BuildTime: Aug  4 2022 06:17:15  BuildStamp: freesurfer-linux-ubuntu22_x86_64-7.3.2-20220804-6354275  User: oesteban  Machine: dna020  Platform: Linux  PlatformVersion: 5.14.0-427.37.1.el9_4.x86_64  CompilerName: GCC  CompilerVersion: 8.4.0
ProgramName: tkregister2  ProgramArguments: tkregister2_cmdl -all-info  ProgramVersion: 7.3.2  TimeStamp: 2026/03/08-19:01:20-GMT  BuildTime: Aug  4 2022 06:17:15  BuildStamp: freesurfer-linux-ubuntu22_x86_64-7.3.2-20220804-6354275  User: oesteban  Machine: dna020  Platform: Linux  PlatformVersion: 5.14.0-427.37.1.el9_4.x86_64  CompilerName: GCC  CompilerVersion: 8.4.0
mri_motion_correct.fsl 7.3.2
mri_convert -all-info 
ProgramName: mri_convert  ProgramArguments: mri_convert -all-info  ProgramVersion: 7.3.2  TimeStamp: 2026/03/08-19:01:20-GMT  BuildTime: Aug  4 2022 06:17:15  BuildStamp: freesurfer-linux-ubuntu22_x86_64-7.3.2-20220804-6354275  User: oesteban  Machine: dna020  Platform: Linux  PlatformVersion: 5.14.0-427.37.1.el9_4.x86_64  CompilerName: GCC  CompilerVersion: 8.4.0
Program nu_correct, built from:
Package MNI N3, version 1.12.0, compiled by nicks@terrier (x86_64-unknown-linux-gnu) on 2015-06-19 at 01:25:34
#######################################
GCADIR /opt/freesurfer/average
GCA RB_all_2020-01-02.gca
GCASkull RB_all_withskull_2020_01_02.gca
AvgCurvTif folding.atlas.acfb40.noaparc.i12.2016-08-02.tif
GCSDIR /opt/freesurfer/average
GCS DKaparc.atlas.acfb40.noaparc.i12.2016-08-02.gcs
#######################################
#--------------------------------------------
#@# WhiteSurfs lh Sun Mar  8 20:01:21 CET 2026
cd /out/sourcedata/freesurfer/sub-v1s14x0051560_ses-1/mri
mris_place_surface --adgws-in ../surf/autodet.gw.stats.lh.dat --seg aseg.presurf.mgz --threads 16 --wm wm.mgz --invol brain.finalsurfs.mgz --lh --i ../surf/lh.white.preaparc --o ../surf/lh.white --white --nsmooth 0 --rip-label ../label/lh.cortex.label --rip-bg --rip-surf ../surf/lh.white.preaparc --aparc ../label/lh.aparc.annot
   Update not needed
#--------------------------------------------
#@# WhiteSurfs rh Sun Mar  8 20:01:21 CET 2026
cd /out/sourcedata/freesurfer/sub-v1s14x0051560_ses-1/mri
mris_place_surface --adgws-in ../surf/autodet.gw.stats.rh.dat --seg aseg.presurf.mgz --threads 16 --wm wm.mgz --invol brain.finalsurfs.mgz --rh --i ../surf/rh.white.preaparc --o ../surf/rh.white --white --nsmooth 0 --rip-label ../label/rh.cortex.label --rip-bg --rip-surf ../surf/rh.white.preaparc --aparc ../label/rh.aparc.annot
   Update not needed
#@# white curv lh Sun Mar  8 20:01:21 CET 2026
cd /out/sourcedata/freesurfer/sub-v1s14x0051560_ses-1/mri
mris_place_surface --curv-map ../surf/lh.white 2 10 ../surf/lh.curv
   Update not needed
#@# white area lh Sun Mar  8 20:01:21 CET 2026
cd /out/sourcedata/freesurfer/sub-v1s14x0051560_ses-1/mri
mris_place_surface --area-map ../surf/lh.white ../surf/lh.area
   Update not needed
#@# pial curv lh Sun Mar  8 20:01:21 CET 2026
cd /out/sourcedata/freesurfer/sub-v1s14x0051560_ses-1/mri
mris_place_surface --curv-map ../surf/lh.pial 2 10 ../surf/lh.curv.pial
   Update not needed
#@# pial area lh Sun Mar  8 20:01:21 CET 2026
cd /out/sourcedata/freesurfer/sub-v1s14x0051560_ses-1/mri
mris_place_surface --area-map ../surf/lh.pial ../surf/lh.area.pial
   Update not needed
#@# thickness lh Sun Mar  8 20:01:21 CET 2026
cd /out/sourcedata/freesurfer/sub-v1s14x0051560_ses-1/mri
mris_place_surface --thickness ../surf/lh.white ../surf/lh.pial 20 5 ../surf/lh.thickness
   Update not needed
#@# area and vertex vol lh Sun Mar  8 20:01:21 CET 2026
cd /out/sourcedata/freesurfer/sub-v1s14x0051560_ses-1/mri
mris_place_surface --thickness ../surf/lh.white ../surf/lh.pial 20 5 ../surf/lh.thickness
   Update not needed
#@# white curv rh Sun Mar  8 20:01:21 CET 2026
cd /out/sourcedata/freesurfer/sub-v1s14x0051560_ses-1/mri
mris_place_surface --curv-map ../surf/rh.white 2 10 ../surf/rh.curv
   Update not needed
#@# white area rh Sun Mar  8 20:01:21 CET 2026
cd /out/sourcedata/freesurfer/sub-v1s14x0051560_ses-1/mri
mris_place_surface --area-map ../surf/rh.white ../surf/rh.area
   Update not needed
#@# pial curv rh Sun Mar  8 20:01:21 CET 2026
cd /out/sourcedata/freesurfer/sub-v1s14x0051560_ses-1/mri
mris_place_surface --curv-map ../surf/rh.pial 2 10 ../surf/rh.curv.pial
   Update not needed
#@# pial area rh Sun Mar  8 20:01:21 CET 2026
cd /out/sourcedata/freesurfer/sub-v1s14x0051560_ses-1/mri
mris_place_surface --area-map ../surf/rh.pial ../surf/rh.area.pial
   Update not needed
#@# thickness rh Sun Mar  8 20:01:21 CET 2026
cd /out/sourcedata/freesurfer/sub-v1s14x0051560_ses-1/mri
mris_place_surface --thickness ../surf/rh.white ../surf/rh.pial 20 5 ../surf/rh.thickness
   Update not needed
#@# area and vertex vol rh Sun Mar  8 20:01:21 CET 2026
cd /out/sourcedata/freesurfer/sub-v1s14x0051560_ses-1/mri
mris_place_surface --thickness ../surf/rh.white ../surf/rh.pial 20 5 ../surf/rh.thickness
   Update not needed

#-----------------------------------------
#@# Curvature Stats lh Sun Mar  8 20:01:21 CET 2026
/out/sourcedata/freesurfer/sub-v1s14x0051560_ses-1/surf

 mris_curvature_stats -m --writeCurvatureFiles -G -o ../stats/lh.curv.stats -F smoothwm sub-v1s14x0051560_ses-1 lh curv sulc 

             Toggling save flag on curvature files                       [ ok ]
                 Outputting results using filestem   [ ../stats/lh.curv.stats ]
             Toggling save flag on curvature files                       [ ok ]
                                   Setting surface [ sub-v1s14x0051560_ses-1/lh.smoothwm ]
                                Reading surface...                       [ ok ]
                                   Setting texture                     [ curv ]
                                Reading texture...                       [ ok ]
                                   Setting texture                     [ sulc ]
                                Reading texture...Gb_filter = 0
                       [ ok ]
      Calculating Discrete Principal Curvatures...
      Determining geometric order for vno faces... [####################] [ ok ]
                      Determining KH curvatures... [####################] [ ok ]
                    Determining k1k2 curvatures... [####################] [ ok ]
                                   deltaViolations                      [ 281 ]
Gb_filter = 0

#-----------------------------------------
#@# Curvature Stats rh Sun Mar  8 20:01:23 CET 2026
/out/sourcedata/freesurfer/sub-v1s14x0051560_ses-1/surf

 mris_curvature_stats -m --writeCurvatureFiles -G -o ../stats/rh.curv.stats -F smoothwm sub-v1s14x0051560_ses-1 rh curv sulc 

             Toggling save flag on curvature files                       [ ok ]
                 Outputting results using filestem   [ ../stats/rh.curv.stats ]
             Toggling save flag on curvature files                       [ ok ]
                                   Setting surface [ sub-v1s14x0051560_ses-1/rh.smoothwm ]
                                Reading surface...                       [ ok ]
                                   Setting texture                     [ curv ]
                                Reading texture...                       [ ok ]
                                   Setting texture                     [ sulc ]
                                Reading texture...Gb_filter = 0
                       [ ok ]
      Calculating Discrete Principal Curvatures...
      Determining geometric order for vno faces... [####################] [ ok ]
                      Determining KH curvatures... [####################] [ ok ]
                    Determining k1k2 curvatures... [####################] [ ok ]
                                   deltaViolations                      [ 253 ]
Gb_filter = 0

WARN:    S lookup   min:                          -0.455240
WARN:    S explicit min:                          0.000000	vertex = 330
#-----------------------------------------
#@# Relabel Hypointensities Sun Mar  8 20:01:26 CET 2026
/out/sourcedata/freesurfer/sub-v1s14x0051560_ses-1/mri

 mri_relabel_hypointensities aseg.presurf.mgz ../surf aseg.presurf.hypos.mgz 

reading input surface ../surf/lh.white...
relabeling lh hypointensities...
4476 voxels changed to hypointensity...
reading input surface ../surf/rh.white...
relabeling rh hypointensities...
4802 voxels changed to hypointensity...
9288 hypointense voxels neighboring cortex changed
#-----------------------------------------
#@# APas-to-ASeg Sun Mar  8 20:01:40 CET 2026
/out/sourcedata/freesurfer/sub-v1s14x0051560_ses-1/mri

 mri_surf2volseg --o aseg.mgz --i aseg.presurf.hypos.mgz --fix-presurf-with-ribbon /out/sourcedata/freesurfer/sub-v1s14x0051560_ses-1/mri/ribbon.mgz --threads 16 --lh-cortex-mask /out/sourcedata/freesurfer/sub-v1s14x0051560_ses-1/label/lh.cortex.label --lh-white /out/sourcedata/freesurfer/sub-v1s14x0051560_ses-1/surf/lh.white --lh-pial /out/sourcedata/freesurfer/sub-v1s14x0051560_ses-1/surf/lh.pial --rh-cortex-mask /out/sourcedata/freesurfer/sub-v1s14x0051560_ses-1/label/rh.cortex.label --rh-white /out/sourcedata/freesurfer/sub-v1s14x0051560_ses-1/surf/rh.white --rh-pial /out/sourcedata/freesurfer/sub-v1s14x0051560_ses-1/surf/rh.pial 

SUBJECTS_DIR /out/sourcedata/freesurfer
outvol aseg.mgz
16 avail.processors, using 16
Loading aseg.presurf.hypos.mgz
Loading /out/sourcedata/freesurfer/sub-v1s14x0051560_ses-1/mri/ribbon.mgz
Loading /out/sourcedata/freesurfer/sub-v1s14x0051560_ses-1/surf/lh.white
Loading /out/sourcedata/freesurfer/sub-v1s14x0051560_ses-1/surf/lh.pial
Loading /out/sourcedata/freesurfer/sub-v1s14x0051560_ses-1/label/lh.cortex.label
Loading /out/sourcedata/freesurfer/sub-v1s14x0051560_ses-1/surf/rh.white
Loading /out/sourcedata/freesurfer/sub-v1s14x0051560_ses-1/surf/rh.pial
Loading /out/sourcedata/freesurfer/sub-v1s14x0051560_ses-1/label/rh.cortex.label
Done loading
  0 224  64 240  96 208 144  32 176 160 192 112 128  48  16  80   1 225 209 241  33  17  49  65   2 242  34 226 210 193  18  50 177  97  81   3 243  35 227 211 161  51  19 
194  66 113   4 244  36 228 212  52  20   5 245  37 229 213 178 145  67  21 195  82 162   6 246  38 230 214  98  22  53   7 247  39 
215 231  68 196  23 179 
  8 248  40 232 216  83 197  24   9 249  41 217 233  69  54  99 
198  25 114  10 250 163  42 218 234  84 199 
 26 146 180  70  11 251 219 235 
 43 200  55  27  12 252 220 236  44 100 201  56 164  71  85  28  13 253 237  45 221 202  57 129  29 181  14 254 238  46 222 147  58 203  72  30  15 255 223 239 
 47  86  59 
204 115  31 101 165  60 205 182 148 206  73  61  87 207 166 102  62 183 149  88  74  63 116 103 150 167 184  89  75 185 151 104 168 117  90  76 130 186 152 169 187 105  77  91 188 170 153 118  78 106  92 189 171 154 190  79 
172 107  93 191 131 155 173 119 
108  94 156 174 109  95 175 157 120 132 110 158 121 133 111 159 
122 134 135 123 136 124 137 125 126 138 127 139 
140 141 142 143 
nrelabeled = 151180
ndotcheck = 0
Starting Surf2VolSeg free
free done
#VMPC# mri_surf2volseg VmPeak  2006060
mri_surf2volseg done

 mri_brainvol_stats sub-v1s14x0051560_ses-1 

ComputeBrainVolumeStats2 VoxelVol=1, KeepCSF=1
  #CBVS2 MaskVol              1571950.0
  #CBVS2 BrainSegVol          1265200.0
  #CBVS2 BrainSegVolNotVent   1253735.0
  #CBVS2 SupraTentVol         1142991.0
  #CBVS2 SupraTentVolNotVent  1131526.0
  #CBVS2 lhCtxGM               258749.2
  #CBVS2 rhCtxGM               261998.1
  #CBVS2 lhCerebralWM          274042.5
  #CBVS2 rhCerebralWM          274148.5
  #CBVS2 SubCortGMVol           65269.0
  #CBVS2 CerebellumVol         122209.0
  #CBVS2 CerebellumGMVol       100008.0
  #CBVS2 VentChorVol             7750.0
  #CBVS2 3rd4th5thCSF            3715.0
  #CBVS2 AllCSF                 11465.0
  #CBVS2 CCVol                   4233.0
#-----------------------------------------
#@# AParc-to-ASeg aparc Sun Mar  8 20:01:48 CET 2026
/out/sourcedata/freesurfer/sub-v1s14x0051560_ses-1/mri

 mri_surf2volseg --o aparc+aseg.mgz --label-cortex --i aseg.mgz --threads 16 --lh-annot /out/sourcedata/freesurfer/sub-v1s14x0051560_ses-1/label/lh.aparc.annot 1000 --lh-cortex-mask /out/sourcedata/freesurfer/sub-v1s14x0051560_ses-1/label/lh.cortex.label --lh-white /out/sourcedata/freesurfer/sub-v1s14x0051560_ses-1/surf/lh.white --lh-pial /out/sourcedata/freesurfer/sub-v1s14x0051560_ses-1/surf/lh.pial --rh-annot /out/sourcedata/freesurfer/sub-v1s14x0051560_ses-1/label/rh.aparc.annot 2000 --rh-cortex-mask /out/sourcedata/freesurfer/sub-v1s14x0051560_ses-1/label/rh.cortex.label --rh-white /out/sourcedata/freesurfer/sub-v1s14x0051560_ses-1/surf/rh.white --rh-pial /out/sourcedata/freesurfer/sub-v1s14x0051560_ses-1/surf/rh.pial 

SUBJECTS_DIR /out/sourcedata/freesurfer
outvol aparc+aseg.mgz
16 avail.processors, using 16
Loading aseg.mgz
Loading /out/sourcedata/freesurfer/sub-v1s14x0051560_ses-1/surf/lh.white
Loading /out/sourcedata/freesurfer/sub-v1s14x0051560_ses-1/surf/lh.pial
Loading /out/sourcedata/freesurfer/sub-v1s14x0051560_ses-1/label/lh.cortex.label
Ripping lh vertices labeled not in lh.cortex.label
  ripped 8467 vertices from lh hemi
Loading /out/sourcedata/freesurfer/sub-v1s14x0051560_ses-1/label/lh.aparc.annot
Loading /out/sourcedata/freesurfer/sub-v1s14x0051560_ses-1/surf/rh.white
Loading /out/sourcedata/freesurfer/sub-v1s14x0051560_ses-1/surf/rh.pial
Loading /out/sourcedata/freesurfer/sub-v1s14x0051560_ses-1/label/rh.cortex.label
Ripping rh vertices labeled not in rh.cortex.label
  ripped 9012 vertices from rh hemi
Loading /out/sourcedata/freesurfer/sub-v1s14x0051560_ses-1/label/rh.aparc.annot
Done loading
  0 160 144  80  48  32 176 112  16 208 240  64 192 224 128  17 241  49 225   1 209  33  96   2 242  50   3 226  34 243 210  18  51   4 244  19 
227 211  35  52   5 245  20 228 212  36  53   6 246  21 229  37 213  54   7 247  22 230  38 214  55   8 248  23 231  39 
215  56   9 249  24 232  40 216  57  10 250  25 233  41 217  58  11  26 251 234  42 218  59 
 12  27 252 235  43 219 
 60  28  13 253 193 236  44 220  61  29  14 254 237  45 221  30  15 255 238  46 222  31 239 
 47 223  65  62 194 195  63 196 197 198 199 
200 201 202 203 204 205 206 207  66  67 145 113  68 177 161  69  97  81 129 146  70 114 178  71 130 147 162  98 115  82  72 131 179 
148 116  73 163  99 
180  83 149 132 117  74 181 164 100 150  84  75 133 118 182 151 101  76 165  85 183 152 119 
134 102 184 153  77  86 185 166 120 135 186 103 154 187  78 188  87 121 189 136 155 167 190 104 191  79 
 88 156 122 137 105 168  89 157 138 106 123 169 158  90 107 139 
170 159 
124 108  91 140 171 109 141  92 125 110 172 142  93 111 143 126 173 127  94 174  95 175 
nrelabeled = 518046
ndotcheck = 31164
Starting Surf2VolSeg free
free done
#VMPC# mri_surf2volseg VmPeak  1990404
mri_surf2volseg done
#-----------------------------------------
#@# AParc-to-ASeg aparc.a2009s Sun Mar  8 20:02:20 CET 2026
/out/sourcedata/freesurfer/sub-v1s14x0051560_ses-1/mri

 mri_surf2volseg --o aparc.a2009s+aseg.mgz --label-cortex --i aseg.mgz --threads 16 --lh-annot /out/sourcedata/freesurfer/sub-v1s14x0051560_ses-1/label/lh.aparc.a2009s.annot 11100 --lh-cortex-mask /out/sourcedata/freesurfer/sub-v1s14x0051560_ses-1/label/lh.cortex.label --lh-white /out/sourcedata/freesurfer/sub-v1s14x0051560_ses-1/surf/lh.white --lh-pial /out/sourcedata/freesurfer/sub-v1s14x0051560_ses-1/surf/lh.pial --rh-annot /out/sourcedata/freesurfer/sub-v1s14x0051560_ses-1/label/rh.aparc.a2009s.annot 12100 --rh-cortex-mask /out/sourcedata/freesurfer/sub-v1s14x0051560_ses-1/label/rh.cortex.label --rh-white /out/sourcedata/freesurfer/sub-v1s14x0051560_ses-1/surf/rh.white --rh-pial /out/sourcedata/freesurfer/sub-v1s14x0051560_ses-1/surf/rh.pial 

SUBJECTS_DIR /out/sourcedata/freesurfer
outvol aparc.a2009s+aseg.mgz
16 avail.processors, using 16
Loading aseg.mgz
Loading /out/sourcedata/freesurfer/sub-v1s14x0051560_ses-1/surf/lh.white
Loading /out/sourcedata/freesurfer/sub-v1s14x0051560_ses-1/surf/lh.pial
Loading /out/sourcedata/freesurfer/sub-v1s14x0051560_ses-1/label/lh.cortex.label
Ripping lh vertices labeled not in lh.cortex.label
  ripped 8467 vertices from lh hemi
Loading /out/sourcedata/freesurfer/sub-v1s14x0051560_ses-1/label/lh.aparc.a2009s.annot
Loading /out/sourcedata/freesurfer/sub-v1s14x0051560_ses-1/surf/rh.white
Loading /out/sourcedata/freesurfer/sub-v1s14x0051560_ses-1/surf/rh.pial
Loading /out/sourcedata/freesurfer/sub-v1s14x0051560_ses-1/label/rh.cortex.label
Ripping rh vertices labeled not in rh.cortex.label
  ripped 9012 vertices from rh hemi
Loading /out/sourcedata/freesurfer/sub-v1s14x0051560_ses-1/label/rh.aparc.a2009s.annot
Done loading
  0 128  64 240  96 192 208 144 224 112 160 176  80  48  32  16 241   1 209 225  49 242  33  17   2 226 210  50 243  34  18   3 227 211 244  51  35  19 
  4 228 212 245  52  36   5  20 229 213 246  53  37   6  21 230 214 247  54  38   7  22 231 215 248  55  39 
 23   8 232 216 249  56  40  24   9 233 217 250  57 234  25  41  10 218 251  58 235  42  26 219 
 11 252  59 
236 220  43  27  12 253  60 237 221  13  28  44 254 193 238 222  45  29  14  61 255 239 
223  46  30  15  47  31  65  62 194 195  63 196 197 198 199 
200 201 202 203 204 205 206 207  66  67 145 113  68 177  81 161  69  97 129 146  70 114 130 178  71 147 162  82  98 115  72 131 179 
148  73 163 116  83  99 
180 149 132  74 117 150 181 100 164  84 133  75 151 182 118 101  85  76 152 165 134 183 102 119 
 86 153 184  77 185 135 166 186 154 103  87 120  78 187 188 136 155 189 190 167 104  88 191  79 
121 156 137 105  89 168 157 122 138 106  90 158 169 139 
107 123 159 
170  91 140 108 141 124 109 171  92 142 110 172  93 143 125 111 173  94 126 174  95 127 175 
nrelabeled = 518046
ndotcheck = 31164
Starting Surf2VolSeg free
free done
#VMPC# mri_surf2volseg VmPeak  1990484
mri_surf2volseg done
#-----------------------------------------
#@# AParc-to-ASeg aparc.DKTatlas Sun Mar  8 20:02:52 CET 2026
/out/sourcedata/freesurfer/sub-v1s14x0051560_ses-1/mri

 mri_surf2volseg --o aparc.DKTatlas+aseg.mgz --label-cortex --i aseg.mgz --threads 16 --lh-annot /out/sourcedata/freesurfer/sub-v1s14x0051560_ses-1/label/lh.aparc.DKTatlas.annot 1000 --lh-cortex-mask /out/sourcedata/freesurfer/sub-v1s14x0051560_ses-1/label/lh.cortex.label --lh-white /out/sourcedata/freesurfer/sub-v1s14x0051560_ses-1/surf/lh.white --lh-pial /out/sourcedata/freesurfer/sub-v1s14x0051560_ses-1/surf/lh.pial --rh-annot /out/sourcedata/freesurfer/sub-v1s14x0051560_ses-1/label/rh.aparc.DKTatlas.annot 2000 --rh-cortex-mask /out/sourcedata/freesurfer/sub-v1s14x0051560_ses-1/label/rh.cortex.label --rh-white /out/sourcedata/freesurfer/sub-v1s14x0051560_ses-1/surf/rh.white --rh-pial /out/sourcedata/freesurfer/sub-v1s14x0051560_ses-1/surf/rh.pial 

SUBJECTS_DIR /out/sourcedata/freesurfer
outvol aparc.DKTatlas+aseg.mgz
16 avail.processors, using 16
Loading aseg.mgz
Loading /out/sourcedata/freesurfer/sub-v1s14x0051560_ses-1/surf/lh.white
Loading /out/sourcedata/freesurfer/sub-v1s14x0051560_ses-1/surf/lh.pial
Loading /out/sourcedata/freesurfer/sub-v1s14x0051560_ses-1/label/lh.cortex.label
Ripping lh vertices labeled not in lh.cortex.label
  ripped 8467 vertices from lh hemi
Loading /out/sourcedata/freesurfer/sub-v1s14x0051560_ses-1/label/lh.aparc.DKTatlas.annot
Loading /out/sourcedata/freesurfer/sub-v1s14x0051560_ses-1/surf/rh.white
Loading /out/sourcedata/freesurfer/sub-v1s14x0051560_ses-1/surf/rh.pial
Loading /out/sourcedata/freesurfer/sub-v1s14x0051560_ses-1/label/rh.cortex.label
Ripping rh vertices labeled not in rh.cortex.label
  ripped 9012 vertices from rh hemi
Loading /out/sourcedata/freesurfer/sub-v1s14x0051560_ses-1/label/rh.aparc.DKTatlas.annot
Done loading
  0 208 224 160 192  16 112  32 209 225 128  96 240 144  33  17   1  64  48  80 176 226 241  18   2  49 210 227 242  19 
  3  50 211  20 228   4  34  51   5 229 212  21  35 243 230  22   6 213  36 244 231  23   7 214  52 245 232  24   8 215  37  53 246 233  25   9 216  38  54 247 234  26  10 217  55 248 235  27  11 218  56 249  39 
236  28  12 219 
 57 250  40 237  29  13 220 193  58 251  41 238  30 221  14  59 
252  42 239 
 31 222  15  60 253  43 223 254  44  61 255  45  65  46  47 194  62 195 196  63 197 198 199 
200 201 202 203 204 205 206 207  66  67 145 113  68 177  81  97 161  69 129 146 114  70 178 130  71 147  98 162  82 115  72 179 
131 148 116  99 
163  83  73 180 149 132 117 100  74 181 164  84 150 133 118 101 182  75 151  85 183 165  76 119 
102 134 152 184  86 185  77 153 186 166 103 120 135 187  87 188  78 189 154 190 104 191 136 121 167  88 155  79 
105 137 122 168  89 156 106 138 169  90 157 123 107 139 
170 158  91 108 124 140 159 
171 109  92 141 172 110 125 142  93 111 173 143 126  94 174 127  95 175 
nrelabeled = 518046
ndotcheck = 31164
Starting Surf2VolSeg free
free done
#VMPC# mri_surf2volseg VmPeak  1990400
mri_surf2volseg done
#-----------------------------------------
#@# WMParc Sun Mar  8 20:03:22 CET 2026
/out/sourcedata/freesurfer/sub-v1s14x0051560_ses-1/mri

 mri_surf2volseg --o wmparc.mgz --label-wm --i aparc+aseg.mgz --threads 16 --lh-annot /out/sourcedata/freesurfer/sub-v1s14x0051560_ses-1/label/lh.aparc.annot 3000 --lh-cortex-mask /out/sourcedata/freesurfer/sub-v1s14x0051560_ses-1/label/lh.cortex.label --lh-white /out/sourcedata/freesurfer/sub-v1s14x0051560_ses-1/surf/lh.white --lh-pial /out/sourcedata/freesurfer/sub-v1s14x0051560_ses-1/surf/lh.pial --rh-annot /out/sourcedata/freesurfer/sub-v1s14x0051560_ses-1/label/rh.aparc.annot 4000 --rh-cortex-mask /out/sourcedata/freesurfer/sub-v1s14x0051560_ses-1/label/rh.cortex.label --rh-white /out/sourcedata/freesurfer/sub-v1s14x0051560_ses-1/surf/rh.white --rh-pial /out/sourcedata/freesurfer/sub-v1s14x0051560_ses-1/surf/rh.pial 

SUBJECTS_DIR /out/sourcedata/freesurfer
outvol wmparc.mgz
16 avail.processors, using 16
Loading aparc+aseg.mgz
Loading /out/sourcedata/freesurfer/sub-v1s14x0051560_ses-1/surf/lh.white
Loading /out/sourcedata/freesurfer/sub-v1s14x0051560_ses-1/surf/lh.pial
Loading /out/sourcedata/freesurfer/sub-v1s14x0051560_ses-1/label/lh.cortex.label
Ripping lh vertices labeled not in lh.cortex.label
  ripped 8467 vertices from lh hemi
Loading /out/sourcedata/freesurfer/sub-v1s14x0051560_ses-1/label/lh.aparc.annot
Loading /out/sourcedata/freesurfer/sub-v1s14x0051560_ses-1/surf/rh.white
Loading /out/sourcedata/freesurfer/sub-v1s14x0051560_ses-1/surf/rh.pial
Loading /out/sourcedata/freesurfer/sub-v1s14x0051560_ses-1/label/rh.cortex.label
Ripping rh vertices labeled not in rh.cortex.label
  ripped 9012 vertices from rh hemi
Loading /out/sourcedata/freesurfer/sub-v1s14x0051560_ses-1/label/rh.aparc.annot
Done loading
  0 192 128 208  16 112  64  32 176 224  96 240  48 160  80 144 209 193  17 225  65 210  33  49   1 194 241 226  18 211  34  50   2 195 242  19 
227 212  35  51   3 196 243  66 228  20 213  36  52   4 197 244 229  21 214  37 198  53   5 245 230  22 215  38 199 
 54   6 246 231  23  67 216  39 
200  55   7 247 232  24 217  40 201  56   8 248 233  25 218  41 202  57   9 249 234  26  42 219 
 58 203  10 250 235  27 220  43  59 
204  11 251 236  28  68 221  44  60 205  12 252 237  29 222  45  61 206  13 253 238  30 223  46  62 207  14 254 239 
 31  47  63  15 255  69 129  70 177  81  71  72  97  73 178 161 130  82  74 179 
145  83  75 131 113 180  98  76 162 181  84  77 132 182 183  78  85 163  99 
146 184 133  79 
185 114 186  86 187 134 164 188 189 190 191 100  87 165 135 147 115  88 101 166  89 136 167 116  90 148 102 168 137  91 103 169 117  92 149 138 170 104  93 171 139 
118 150 172  94 105 173 140  95 119 
151 174 106 141 175 120 152 107 142 121 122 153 108 143 123 154 124 109 125 126 127 155 110 156 157 111 158 159 

nrelabeled = 543958
ndotcheck = 4542
Starting Surf2VolSeg free
free done
#VMPC# mri_surf2volseg VmPeak  2281084
mri_surf2volseg done

 mri_segstats --seed 1234 --seg mri/wmparc.mgz --sum stats/wmparc.stats --pv mri/norm.mgz --excludeid 0 --brainmask mri/brainmask.mgz --in mri/norm.mgz --in-intensity-name norm --in-intensity-units MR --subject sub-v1s14x0051560_ses-1 --surf-wm-vol --ctab /opt/freesurfer/WMParcStatsLUT.txt --etiv 

setting seed for random number genererator to 1234

7.3.2
cwd 
cmdline mri_segstats --seed 1234 --seg mri/wmparc.mgz --sum stats/wmparc.stats --pv mri/norm.mgz --excludeid 0 --brainmask mri/brainmask.mgz --in mri/norm.mgz --in-intensity-name norm --in-intensity-units MR --subject sub-v1s14x0051560_ses-1 --surf-wm-vol --ctab /opt/freesurfer/WMParcStatsLUT.txt --etiv 
sysname  Linux
hostname dna020
machine  x86_64
user     oesteban
whitesurfname  white
UseRobust  0
atlas_icv (eTIV) = 1217906 mm^3    (det: 1.599552 )
Loading mri/wmparc.mgz
Getting Brain Volume Statistics
Loading mri/norm.mgz
Loading mri/norm.mgz
Voxel Volume is 1 mm^3
Generating list of segmentation ids
Found 390 segmentations
Computing statistics for each segmentation

Reporting on  70 segmentations
Using PrintSegStat
mri_segstats done
#--------------------------------------------
#@# ASeg Stats Sun Mar  8 20:07:00 CET 2026
/out/sourcedata/freesurfer/sub-v1s14x0051560_ses-1

 mri_segstats --seed 1234 --seg mri/aseg.mgz --sum stats/aseg.stats --pv mri/norm.mgz --empty --brainmask mri/brainmask.mgz --brain-vol-from-seg --excludeid 0 --excl-ctxgmwm --supratent --subcortgray --in mri/norm.mgz --in-intensity-name norm --in-intensity-units MR --etiv --surf-wm-vol --surf-ctx-vol --totalgray --euler --ctab /opt/freesurfer/ASegStatsLUT.txt --subject sub-v1s14x0051560_ses-1 

setting seed for random number genererator to 1234

7.3.2
cwd 
cmdline mri_segstats --seed 1234 --seg mri/aseg.mgz --sum stats/aseg.stats --pv mri/norm.mgz --empty --brainmask mri/brainmask.mgz --brain-vol-from-seg --excludeid 0 --excl-ctxgmwm --supratent --subcortgray --in mri/norm.mgz --in-intensity-name norm --in-intensity-units MR --etiv --surf-wm-vol --surf-ctx-vol --totalgray --euler --ctab /opt/freesurfer/ASegStatsLUT.txt --subject sub-v1s14x0051560_ses-1 
sysname  Linux
hostname dna020
machine  x86_64
user     oesteban
whitesurfname  white
UseRobust  0
atlas_icv (eTIV) = 1217906 mm^3    (det: 1.599552 )
Computing euler number
orig.nofix lheno =  -66, rheno = -84
orig.nofix lhholes =   34, rhholes = 43
Loading mri/aseg.mgz
Getting Brain Volume Statistics
Loading mri/norm.mgz
Loading mri/norm.mgz
Voxel Volume is 1 mm^3
Generating list of segmentation ids
Found  50 segmentations
Computing statistics for each segmentation

Reporting on  45 segmentations
Using PrintSegStat
mri_segstats done

Started at Sun Mar 8 20:01:20 CET 2026 
Ended   at Sun Mar 8 20:07:31 CET 2026
#@#%# recon-all-run-time-hours 0.103
recon-all -s sub-v1s14x0051560_ses-1 finished without error at Sun Mar  8 20:07:31 CET 2026
