global_signal	global_signal_derivative1	global_signal_power2	global_signal_derivative1_power2	csf	csf_derivative1	csf_derivative1_power2	csf_power2	white_matter	white_matter_derivative1	white_matter_power2	white_matter_derivative1_power2	csf_wm	tcompcor	std_dvars	dvars	framewise_displacement	rmsd	t_comp_cor_00	t_comp_cor_01	t_comp_cor_02	t_comp_cor_03	t_comp_cor_04	c_comp_cor_00	c_comp_cor_01	c_comp_cor_02	c_comp_cor_03	c_comp_cor_04	c_comp_cor_05	c_comp_cor_06	c_comp_cor_07	w_comp_cor_00	w_comp_cor_01	w_comp_cor_02	w_comp_cor_03	w_comp_cor_04	w_comp_cor_05	w_comp_cor_06	w_comp_cor_07	w_comp_cor_08	w_comp_cor_09	w_comp_cor_10	w_comp_cor_11	w_comp_cor_12	w_comp_cor_13	w_comp_cor_14	w_comp_cor_15	w_comp_cor_16	w_comp_cor_17	w_comp_cor_18	w_comp_cor_19	w_comp_cor_20	w_comp_cor_21	w_comp_cor_22	w_comp_cor_23	w_comp_cor_24	w_comp_cor_25	w_comp_cor_26	w_comp_cor_27	w_comp_cor_28	w_comp_cor_29	w_comp_cor_30	w_comp_cor_31	w_comp_cor_32	w_comp_cor_33	w_comp_cor_34	w_comp_cor_35	w_comp_cor_36	w_comp_cor_37	w_comp_cor_38	w_comp_cor_39	w_comp_cor_40	w_comp_cor_41	w_comp_cor_42	w_comp_cor_43	w_comp_cor_44	w_comp_cor_45	w_comp_cor_46	w_comp_cor_47	w_comp_cor_48	w_comp_cor_49	w_comp_cor_50	w_comp_cor_51	w_comp_cor_52	a_comp_cor_00	a_comp_cor_01	a_comp_cor_02	a_comp_cor_03	a_comp_cor_04	a_comp_cor_05	a_comp_cor_06	a_comp_cor_07	a_comp_cor_08	a_comp_cor_09	a_comp_cor_10	a_comp_cor_11	a_comp_cor_12	a_comp_cor_13	a_comp_cor_14	a_comp_cor_15	a_comp_cor_16	a_comp_cor_17	a_comp_cor_18	a_comp_cor_19	a_comp_cor_20	a_comp_cor_21	a_comp_cor_22	a_comp_cor_23	a_comp_cor_24	a_comp_cor_25	a_comp_cor_26	a_comp_cor_27	a_comp_cor_28	a_comp_cor_29	a_comp_cor_30	a_comp_cor_31	a_comp_cor_32	a_comp_cor_33	a_comp_cor_34	a_comp_cor_35	a_comp_cor_36	a_comp_cor_37	a_comp_cor_38	a_comp_cor_39	a_comp_cor_40	a_comp_cor_41	a_comp_cor_42	a_comp_cor_43	a_comp_cor_44	a_comp_cor_45	a_comp_cor_46	a_comp_cor_47	edge_comp_00	edge_comp_01	edge_comp_02	edge_comp_03	edge_comp_04	edge_comp_05	edge_comp_06	edge_comp_07	edge_comp_08	edge_comp_09	edge_comp_10	edge_comp_11	edge_comp_12	edge_comp_13	edge_comp_14	edge_comp_15	edge_comp_16	edge_comp_17	edge_comp_18	edge_comp_19	edge_comp_20	edge_comp_21	edge_comp_22	edge_comp_23	cosine00	cosine01	cosine02	cosine03	cosine04	trans_x	trans_x_derivative1	trans_x_derivative1_power2	trans_x_power2	trans_y	trans_y_derivative1	trans_y_derivative1_power2	trans_y_power2	trans_z	trans_z_derivative1	trans_z_derivative1_power2	trans_z_power2	rot_x	rot_x_derivative1	rot_x_derivative1_power2	rot_x_power2	rot_y	rot_y_derivative1	rot_y_derivative1_power2	rot_y_power2	rot_z	rot_z_derivative1	rot_z_derivative1_power2	rot_z_power2	motion_outlier00	motion_outlier01	motion_outlier02	motion_outlier03	motion_outlier04	motion_outlier05	motion_outlier06	motion_outlier07	motion_outlier08	motion_outlier09
282.1538976955085	n/a	79610.82198476746	n/a	420.3121979314631	n/a	n/a	176662.34372997744	262.6896544609672	n/a	69005.85456082234	n/a	277.84926293160635	279.0489787183661	n/a	n/a	n/a	n/a	-0.0153019753	-0.022310084	-0.0203820962	-0.0011149187	0.077689297	0.0077913687	0.0194729259	-0.0192416592	-0.1112964288	0.0077102747	-0.0180671584	0.0252518867	-0.0515878357	-0.0143854155	0.0277908534	0.0503675059	-0.0553162033	0.1266547662	-0.0698708293	0.0178029805	-0.0264729878	0.0394275401	-0.083987163	0.0027116277	-0.0001083768	0.0773521945	-0.0169403027	0.0204541926	-0.0099316839	0.074029909	-0.0436147027	-0.065386541	0.0062023662	-0.0500552841	0.0300280164	-0.0089391943	0.0698755551	-0.1190383058	0.0990923713	-0.0840879191	0.0986628666	-0.0859813056	0.0751381752	-0.0950138153	0.0002716989	-0.1208944484	0.017083849	-0.0688264405	0.0465331669	0.0349279662	-0.0413579345	0.0320793966	0.0174773806	-0.0673396436	0.0057780652	0.0207153706	0.117699432	-0.1726179645	0.0155747518	0.0312494258	0.0640084785	-0.0572139624	-0.0510636428	0.0949086697	-0.0975215044	0.0203024282	-0.0206283246	0.0062028705	0.0089096002	-0.0362649314	0.0588848393	-0.1140982919	0.0575759059	-0.0611827719	0.1027888513	-0.0610888161	0.0422746785	-0.0515814338	-0.0073680043	0.0144623643	-0.010053664	0.0897572286	-0.0302323982	0.0336398495	-0.051827428	0.0148755446	-0.0241229063	-0.0956270957	0.0308499739	-0.0291065336	0.1235500925	-0.0601444167	0.1112575842	-0.1240286131	0.0670671985	-0.0006954726	0.0389304489	-0.0888161159	0.0040309375	-0.0323346253	0.0343957917	-0.0564295654	0.0780323328	-0.0949332813	0.0441144986	-0.0189640799	-0.0857756473	0.0137247185	0.0522497276	-0.0009243688	-0.012359026	0.0716558727	0.0795838354	-0.0422795391	-0.0106573197	-0.0022713318	0.0115292104	-0.0268834848	-0.0072572715	0.07587713	-0.0345414178	0.0269465193	-0.0195686906	0.0858726342	-0.0314103536	0.0514303216	-0.009253765	0.1627873205	-0.1044834593	-0.0060613746	0.0966267077	-0.0938388111	0.0289436815	-0.0027940569	0.0751031062	-0.1262991192	0.0097312634	-0.0337012276	0.0999969158	0.0999876632	0.099972243	0.099950656	0.0999229036	-1.7409188529882158e-05	n/a	n/a	3.0307984526898046e-10	0.0279560099028941	n/a	n/a	0.0007815384896907	-0.0342660928471616	n/a	n/a	0.0011741651190102	-0.0012160028005721	n/a	n/a	1.4786628109991905e-06	1.2028342455394636e-07	n/a	n/a	1.4468102222424906e-14	-0.000198000001299	n/a	n/a	3.9204000514404014e-08	0.0	0.0	0.0	0.0	0.0	0.0	0.0	0.0	0.0	0.0
282.1427367687103	-0.0111609267981975	79604.52391133773	0.0001245662869947	418.1875183660334	-2.1246795654297443	4.514263255754727	174880.8005171415	262.3324576035183	-0.3571968574488551	68818.31831230174	0.1275895949713377	277.49284201457334	280.7509017543026	0.8515899999999998	22.13015	0.1282142958615217	0.0699068748909781	-0.0555434207	-0.0073351995	0.0181265145	-0.0850101932	-0.0357663379	-0.0889369576	-0.066550057	0.0295955715	-0.002172511	0.0205547185	-0.045273592	0.0601608763	0.0781962092	0.0156241097	0.0771709869	0.0535964811	-0.1202082109	0.1698168081	-0.08860365	-0.0465266788	-0.0951932068	-0.0115371664	0.0479704861	0.0934168874	0.0308162544	0.0802931855	0.0540035284	0.1198586073	0.1049770596	0.0440992937	-0.020104776	-0.095820016	-0.0945830656	-0.0474619251	-0.0589412613	0.0655145936	0.0413203019	-0.0257934509	0.0156075391	-0.1318260193	0.0332947388	-0.0413253961	0.0042375625	0.0206729201	0.0219729073	0.0773360949	0.03516921	0.0942640662	0.0234793701	-0.089955103	-0.0196048153	0.0110492075	-0.0043132271	0.1749501812	-0.0068034166	0.0036223467	-0.02553701	0.1194844325	-0.0075363421	-0.0907018092	0.0041657789	0.0767644555	0.0280005818	-0.0388528689	-0.0476363521	-0.0072417111	0.0132957562	-0.0045143546	0.0439074922	0.0577603023	0.1033226061	-0.1204709302	0.1272544254	-0.0199553026	-0.0767423868	-0.1881900124	0.0438752308	0.0441847239	-0.0604671705	0.0693490618	0.0027497635	0.1302348007	-0.11160581	0.0233426883	0.1353737881	0.0440580581	-0.028800053	-0.0902711283	0.029908463	0.1135520857	0.0072295239	-0.041883672	0.0941125858	-0.0869893793	0.0484057276	0.0361451432	0.0018290732	-0.0434496372	0.0692321728	0.0624238488	-0.0278885966	0.0357367169	-0.0506636238	-0.0368116564	0.0476772107	-0.0152316804	0.0467849132	0.0177072894	0.0343266963	0.0149708527	-0.02707008	0.0070606402	-0.1021827532	0.2181984562	0.0091605354	-0.020799532	0.0007632301	-0.0256019248	-0.0007799618	-0.0048513533	-0.006382241	0.0455795997	-0.0693307078	-0.1590432533	0.0096125913	-0.0491739278	-0.0281850488	0.1727088074	-0.1003344547	0.0398010888	0.0866668941	-0.1115450233	0.0848300053	0.0692853942	0.096348549	-0.1487542262	0.0482283603	-0.0264189252	0.099972243	0.0998889875	0.0997502796	0.0995561965	0.0993068457	0.0122407501195596	0.0122581593080894	0.0001502624696225	0.0001498359634894	0.0796322595261358	0.0516762496232417	0.0026704347751235	0.0063412967572378	-0.0473949457276745	-0.0131288528805128	0.0001723667779581	0.0022462808805292	-0.0005030181957345	0.0007129846048376	5.083470467354286e-07	2.530273052399918e-07	-8.689407318129838e-05	-8.701435660585233e-05	7.571498255530437e-09	7.550579954036838e-09	-0.0004210217208491	-0.0002230217195501	4.9738687391083465e-08	1.772592894267375e-07	0.0	0.0	0.0	0.0	0.0	0.0	0.0	0.0	0.0	0.0
281.6483804088244	-0.4943563598858986	79325.81018691385	0.2443882105596361	420.7116567681052	2.5241384020717987	6.371274672813573	176998.29814056394	262.1439917625491	-0.1884658409692292	68719.4724172034	0.0355193732122388	277.87493790149523	279.36114767839626	0.949581	24.67663	0.0538194431379735	0.0325227053256763	-0.0002630406	0.0538085088	-0.0616566556	0.0096708923	-0.0079728155	0.1590480781	-0.0137265074	-0.0283612727	0.0208437016	-0.0816967159	0.0141474658	0.0321095386	-0.0645136848	0.0159727654	0.0565449359	0.0574197947	-0.0679861449	0.0906931992	-0.0463724891	-0.0519816706	-0.0369691549	0.1242138097	0.0110812834	-0.0532762311	-0.0179575004	0.0452131806	-0.0645167304	0.0795461743	0.1633903872	-0.0616069773	0.0159663908	-0.0869532892	0.0288406408	0.0264780198	0.041563764	-0.078854743	-0.0875195615	0.0340198367	0.0812066299	0.0108087691	0.1130841683	2.1956e-06	0.0227872802	0.0131435823	-0.0260094419	-0.0126497051	0.0204206023	-0.1168362082	-0.1052080532	-0.0583643057	0.0696607472	0.0323854959	-0.0197232795	0.0366482696	0.1092625576	0.0018971702	-0.0917434995	0.15416315	-0.0318531391	-0.0186309261	0.0270149503	-0.0323091798	0.0290112387	-0.065528981	-0.010694763	0.0010263496	0.0070798196	0.0878943935	0.0182236051	-0.0812629016	0.062311074	-0.0969193249	0.0845747487	-0.0658027592	-0.0652101615	0.0794238259	0.0959629783	-0.0583829374	-0.026183065	0.0696349031	0.1123740737	0.051678242	0.0224963112	-0.1142508036	0.0625234686	0.1194952721	0.0020895888	0.0534447392	-0.0274003066	-0.0126659672	0.1070424337	-0.0205899933	0.0251339592	-0.0326986174	0.0049516307	-0.0657431148	0.0055081007	-0.1187919419	-0.0630810222	0.0422736943	-0.0046521339	0.0542256975	-0.1178292649	-0.0009978502	-0.0536823262	-0.0048872268	0.062873188	-0.1163075618	0.008700631	0.0444809128	0.0349070382	-0.0685306938	-0.0047533446	0.0685875985	0.0142700947	0.0084143682	0.0368729197	0.0098377981	-0.0400540525	0.0328215232	0.0103057641	-0.0131308778	0.0886353017	0.0437974262	-0.0325764135	-0.0688387603	0.0209287934	0.1508240914	-0.1089586975	0.0323354394	0.0334299231	-0.028506168	0.0710292282	0.1039493967	0.0662499524	-0.0963101976	0.0248756213	0.0125691037	0.0999229036	0.0996917334	0.0993068457	0.0987688341	0.098078528	0.0085336610440407	-0.0037070890755189	1.3742509413831576e-05	7.28233708145778e-05	0.0724386843463236	-0.0071935751798122	5.174752386761013e-05	0.0052473629898263	-0.0185267395598671	0.0288682061678073	0.000833373327347	0.0003432400787191	-0.0004850734059476	1.794478978690004e-05	3.22015480496032e-10	2.3529620915760518e-07	-0.0003498978634424	-0.0002630037902611	6.917099369170552e-08	1.224285148415564e-07	-0.0004210845950978	-6.287424869996392e-08	3.953171149584915e-15	1.7731223622867817e-07	0.0	0.0	0.0	0.0	0.0	0.0	0.0	0.0	0.0	0.0
281.28096277738405	-0.3674176314403325	79118.98002097211	0.134995715893224	417.8671876595237	-2.8444691085814497	8.091004509674148	174612.98652247962	261.0757646622653	-1.0682271002837638	68160.55489398655	1.1411091377806584	276.1566405540228	281.035494127266	0.990771	25.747036	0.1726204215428831	0.1159965587271519	-0.0171507815	-0.090286405	-0.0475200044	-0.0321987734	0.0524655201	-0.0952300318	0.0342403864	0.0724805306	-0.0564434936	-0.0649941152	-0.0621338509	0.032216183	0.0208146937	0.0905348588	0.0175168694	-0.0182087269	-0.1804445042	-0.026638154	-0.043531199	-0.1046928839	-0.0507494305	-0.0248700203	0.0357573727	0.078141694	0.0061693944	0.2032998032	-0.07725144	0.0533592987	0.0520563073	-0.0534667696	0.0562315934	0.0059298117	-0.0187555658	-0.0118290035	0.0319849401	0.0024543156	0.0231930339	0.0098814161	-0.0558487345	-0.0099376634	0.0525586881	-0.1449502462	0.0516507871	0.0263992167	0.1781627764	-0.0088447747	0.0010197556	-0.0346078494	-0.0251824704	-0.0627740189	0.0118826718	-0.0193187567	0.0173803174	0.0551879176	0.0113923536	-0.0983821335	-0.1030400787	-0.0902099681	0.0244256479	0.0894508659	-0.0579004342	0.0345200697	-0.0118647789	0.0004586716	-0.1223142869	0.0001573224	0.0947054258	-0.0307100495	0.0487519726	0.0337961824	-0.0090759682	-0.0398658883	0.1665445982	-0.0875842213	0.0343000896	-0.0556108544	-0.1285778433	0.0581522551	-0.0384352226	-0.0125892388	0.1564568177	-0.0072626532	-0.0022966452	-0.0575339169	0.0135768797	0.0678188582	-0.0048153415	0.0264958218	0.0317219359	0.0181735506	0.0700969039	-0.0161067252	0.1125586785	0.0163002167	0.0692819811	-0.0131369467	0.1847984052	-0.087562341	-0.0356088163	-0.0271934301	-0.0868849557	0.0266067137	0.0732131599	-0.0831992852	0.0976850067	-0.0710147422	0.1062604388	0.0650178687	-0.0846857593	0.0004802708	0.0658064615	-0.0154316673	0.0595073991	0.0588812983	0.0769392697	-0.0283149929	0.0076020121	-0.0367990512	0.0060701623	-0.0882031196	0.0445643514	0.1113448104	-0.0894299737	-0.0067484977	-0.0344420103	-0.0758752885	0.0020769471	0.0840183379	-0.0917054002	0.0652986495	0.1276712602	0.0282000025	0.0396081969	0.0476871164	0.1058399601	-0.0258951859	0.0924706862	0.1308604921	0.0998489097	0.0993960955	0.0986429257	0.0975916762	0.0962455236	0.0176696592409655	0.0091359981969247	8.346646305421317e-05	0.0003122168576918	0.1829930911205934	0.1105544067742698	0.0122222768572107	0.0334864713978697	-0.0306041680516457	-0.0120774284917785	0.000145864278974	0.0009366151021333	-0.0001290107031928	0.0003560627027547	1.2678064829305304e-07	1.6643761538300737e-08	-0.000105986791679	0.0002439110717634	5.9492610928770465e-08	1.1233200010407745e-08	-0.0002040066080178	0.00021707798708	4.7122852474704644e-08	4.1618696114928295e-08	0.0	0.0	0.0	0.0	0.0	0.0	0.0	0.0	0.0	0.0
281.1419207783157	-0.139041999068354	79040.77961892074	0.0193326775049241	417.2007259715687	-0.6664616879550067	0.4441711815118367	174056.44575120398	261.96412299536064	0.8883583330953115	68625.20173672844	0.7891805279798805	277.3640725620007	272.8189834530096	1.168018	30.353127	0.2719795635717281	0.2439110892160442	0.0254437577	0.0234311421	0.0596304066	0.0102375478	-0.0868395514	0.0768626888	-0.033739895	0.0038664277	0.0486330816	0.0335401251	0.1320784591	0.1107265322	0.0635589192	-0.0633265121	0.0785427259	0.0169926931	-0.0944663068	-0.0481792557	-0.001237968	0.0949816009	-0.0817067828	0.0953923232	-0.0538598842	0.0482426607	-0.0250940312	-0.0719823769	-0.0362935871	-0.0695081072	0.0506499726	-0.0482209471	0.0368465375	0.0568057767	-0.0712609793	0.0050167244	-0.0095813892	-0.094812692	0.0759424548	0.0186091098	0.056564783	0.0130961542	-0.0822940096	-0.0269847505	-0.0655893746	0.0701144648	-0.0045206719	0.0397101488	0.0446246857	-0.0409797151	0.0323401044	0.0235085208	0.0108690483	0.0183979919	-0.1177139968	0.0349973839	-0.0702377046	-0.0664731682	-0.0465919929	0.0354400712	0.073402909	-0.0033843051	0.0633910627	0.0881631079	-0.0383412054	-0.0484174238	0.0058464495	-0.0958039512	-0.0648573128	0.0221583865	0.1084936429	0.014954902	0.033136535	0.0344376376	0.0380790022	-0.068512002	-0.0020695546	0.0315851684	0.1584207403	-0.0435009036	-0.0706763507	-0.1106887874	0.0330035389	-0.0014310389	-0.0135989261	0.0356728826	-0.1164243178	0.0370504059	-0.0371119042	-0.0698302002	-0.0074289069	0.074101512	0.0318128996	0.0605856641	-0.0903937121	0.0783764889	0.0154375978	0.0274770427	0.0060761077	0.0888317764	-0.009414203	0.0111686295	-0.061315072	-0.0408308271	0.0429355209	0.0199391389	0.0943409449	-0.0403857529	0.0197783709	-0.0289947581	0.0121267713	-0.0112429185	0.002762279	-0.0265777318	0.0304018041	0.0903858809	-0.0706020196	-0.019637179	-0.0660290773	0.030044608	-0.0556742068	0.011831197	-0.0070487524	-0.0791418026	0.0804492288	-0.0324212905	-0.0262656712	0.0966585381	-0.0354472454	0.0953342567	-0.0927462317	-0.0319186622	0.0655713742	-0.0857019613	-0.071261623	-0.0502521514	-0.0651030994	-0.0463333573	-0.0772124764	0.0064016667	0.0997502796	0.0990023658	0.0977599938	0.0960293686	0.0938191336	0.0061778030149071	-0.0114918562260584	0.0001320627595203	3.816525009099525e-05	-0.0591882507396377	-0.2421813418602311	0.0586518023452221	0.0035032490256182	-0.0305485575240282	5.561052761749938e-05	3.092530781896661e-09	0.0009332143667988	-0.000363999495993	-0.0002349887928001	5.5219732741695316e-08	1.32495633083158e-07	3.2793813220521884e-08	0.0001060195854922	1.1240152507942256e-08	1.0754341855424758e-15	-0.0001799998871538	2.4006720864000003e-05	5.76322646642013e-10	3.239995937538073e-08	0.0	0.0	0.0	0.0	0.0	0.0	0.0	0.0	0.0	0.0
282.08687125581423	0.9449504774985372	79573.0029348943	0.8929314049247133	420.0381973960183	2.837471424449575	8.0512440845679	176432.08727169642	261.81648943306897	-0.1476335622916735	68547.87413905631	0.0217956687149294	276.8556811381483	281.9308606182336	1.214412	31.558762	0.1512131562595491	0.1071958242242733	-0.0115295051	-0.0043235686	-0.1050599962	-0.0109929552	0.0055446084	-0.0144809301	-0.0282977653	0.0093996783	-0.041275415	0.0508821018	-0.1375574786	-0.0566746083	0.0311252988	0.0158252922	0.0668361909	0.0399564778	-0.0612851664	-0.0761964697	-0.2100539599	-0.0024415869	-0.0782782891	-0.0688740817	-0.0901851783	-0.0446014835	0.178506947	0.0376352465	-0.0803457451	0.01574765	0.0825688064	-0.1050715331	0.0270996956	0.038850768	-0.0208513716	-0.0308584399	-0.1575891737	-0.1011498524	0.074898163	-0.049665528	0.0407066592	-0.0287172875	-0.0268304299	0.0693969099	0.0513023524	-0.0487692601	0.0732226391	0.0786181282	-0.0623205797	0.0252456892	-0.0895421938	-0.0806180519	-0.2131639049	0.0133273107	0.0029542896	-0.0959425943	0.0455873402	0.0037012575	0.004672802	-0.0445000279	-0.0438510923	-0.0430391126	-0.0612697473	-0.0567192831	-0.073082172	-0.0572276183	0.1800624851	0.0482653056	0.0163875213	0.014789644	-0.0664792952	0.0609857243	0.0913513133	0.0695601772	0.2129871205	0.0512059775	0.0878449038	0.0128857107	0.0139144717	-0.0603532423	-0.047192977	-0.0566180921	0.0468604945	0.0880240394	-0.1693622162	-0.1011749789	0.0355409249	-0.0314446716	-0.0924126004	0.0398847413	-0.0277665734	0.1214778368	0.0463263352	-0.1359935303	-0.0212436262	0.1375045948	-0.0860690169	-0.0151511157	-0.0100462005	0.0033786403	0.1069923446	-0.02042601	0.0652550901	-0.0343977141	0.1768940365	0.0026905659	-0.0969041003	0.0165745372	0.1153944637	-0.0132753991	-0.1139899033	-0.038473083	-0.0062810173	-0.0154443034	0.0286275882	-0.0202145872	-0.0160807072	0.0259347305	0.0839660179	-0.0063262906	0.1390660886	0.0787072711	0.0788500365	0.0664678009	-0.0357030361	0.0430726973	-0.0404203425	-0.0100967823	0.0027111202	0.0173240562	-0.0830148487	-0.0112204572	0.0301256194	-0.1316661831	0.065475599	0.146415484	-0.03338699	-0.0045710818	0.0172534864	-0.0139806844	0.0996270376	0.0985109326	0.0966600102	0.0940880769	0.0908143174	0.01896778323092	0.0127899802160129	0.000163583593926	0.0003597768006951	0.0445301668465418	0.1037184175861795	0.0107575101465811	0.0019829357593808	-0.0112428201464425	0.0193057373775857	0.0003727114956923	0.0001264010048452	-0.0003660157191574	-2.0162231644000207e-06	4.065155848663233e-12	1.3396750667030874e-07	-0.0002499774343571	-0.0002500102281703	6.250511418977574e-08	6.248871768775824e-08	-0.0001240459168931	5.595397026069999e-05	3.1308467879352982e-09	1.5387389497849874e-08	0.0	0.0	0.0	0.0	0.0	0.0	0.0	0.0	0.0	0.0
281.7401472060095	-0.3467240498047204	79377.51054766391	0.1202175667129862	417.21102102106266	-2.827176374955627	7.992926255107241	174065.0360614376	262.41937974878454	0.6028903157155696	68863.93086773678	0.3634767327836192	277.5646988645764	277.6870437427428	1.162089	30.199049	0.1154270044650572	0.0731083068547944	-0.0188192388	-0.0380910897	0.0203713834	0.0075325923	-0.0315243425	-0.0392158042	0.0617627531	-0.0159682667	-0.0173552983	0.1101553109	0.1071445687	0.0352783276	0.0638594146	-0.0462862637	0.0884710382	0.0804574024	-0.117330375	0.0049957478	0.026549095	0.0282237581	-0.089129854	-0.0298133195	-0.1059352163	0.0630426326	0.0157918594	-0.0258809335	0.0050107486	0.0787036596	-0.0463358116	0.0025141927	0.0548941048	-0.0547031436	-0.1371177436	0.1067324627	0.0827497031	-0.033313548	-0.0737094644	-0.0207540279	0.0143353689	0.0019088458	-0.0187461993	0.1461367982	-0.0509540543	-0.0310268318	-0.0610576141	-0.0269287491	-0.0701966706	0.1179721343	0.0935569282	0.0110558612	0.0408964737	0.098032986	-0.0242180194	-0.1045987672	0.0277090708	-0.1677984618	0.1067134992	-0.0242454694	-0.0938766697	0.0700465616	-0.1281046036	0.0236480318	0.1244103807	-0.0034302266	0.046028334	-0.0036078281	-0.0415282601	-0.0210659921	0.1225708226	-0.0198748991	0.0846411922	0.0114575338	0.0606786516	-0.0737850145	0.0678515403	-0.1018634598	0.0114911262	-0.0340362741	-0.1200303477	-0.1062802204	0.0302730306	-0.0420237169	-0.0228878006	-0.0444063427	0.022277177	0.0123539526	0.0531093381	0.0650042699	0.0647240176	0.0204916207	-0.0787712477	0.1441366902	0.0430621666	-0.0187912122	-0.1080584885	-0.0467540382	-0.05941184	0.0594793365	-0.0020879802	0.1170986186	-0.0492612559	-0.0730011881	0.0680745661	0.081935921	-0.131312637	0.0583527082	-0.0593927646	-0.0124497983	0.1064532346	0.0217340543	-0.0990067271	0.1408467612	-0.0309556358	-0.0739436927	-0.0470536622	-0.0403331573	-0.0662081574	0.0422552942	-0.1066115185	0.0190180795	0.0230367265	0.0475720241	-0.041944361	-0.066994533	-0.0205252505	0.0627048832	-0.0131358853	0.0860102206	-0.108642517	0.054702169	0.0203381663	0.0127600894	0.0043110825	-0.0179308745	-0.010794589	0.0083130243	-0.1297177667	0.0020364613	0.0994792142	0.0979222811	0.0953454172	0.0917754626	0.0872496007	0.0189416978140144	-2.608541690559893e-05	6.804489751389063e-10	0.0003587879160774	-0.0025687502165396	-0.0470989170630814	0.002218307988515	6.598477674972241e-06	-0.0664458692086	-0.0552030490621575	0.0030473766257589	0.0044150535348863	-0.000301007925347	6.500779381040002e-05	4.226013256095482e-09	9.060577112170512e-08	-9.59749207174454e-05	0.0001540025136396	2.3716774207332004e-08	9.211185406719933e-09	-0.0001670146679013	-4.296875100819999e-05	1.8463135632046879e-09	2.789389929418153e-08	0.0	0.0	0.0	0.0	0.0	0.0	0.0	0.0	0.0	0.0
281.3623995815686	-0.3777476244409286	79164.79989829827	0.1426932677707648	420.5522420362993	3.341221015236613	11.16375787265878	176864.18828175805	262.01716728529226	-0.4022124634922761	68652.99595220883	0.1617748657885255	277.43514490962394	277.61549800338474	1.173562	30.497198	0.1958570185241569	0.1268503955983643	0.0238515576	0.0823244339	-0.0149113471	-0.1218332361	0.0203483244	0.0644411395	-0.1338395361	0.0224923896	-0.0881543315	-0.009548895	-0.0767858943	-0.0145808906	-0.0538300995	0.0185243663	-0.0126678899	-0.0043792492	-0.0009641056	0.0466909547	-0.1050485496	0.0230199915	0.0546593696	0.1012902021	0.0990008342	0.0527668852	-0.0015704344	0.1028980351	-0.0497603284	-0.0734527274	-0.0159017153	0.0006356411	0.0471783494	-0.0072525453	-0.0554427734	-0.0165120333	-0.0410731722	0.0033498887	0.0020675772	0.0512944218	-0.1149085154	0.1987411602	-0.0314700635	0.1200713103	-0.0706132128	0.0121075465	-0.0347414266	-0.0129464077	0.1684982066	-0.0260602683	-0.069133074	0.1494944161	-0.0154622375	0.0002704093	-0.0124224825	-0.0629425386	-0.099014309	0.0528546773	-0.0163499261	-0.0953111028	0.0336872799	0.0398139965	0.0242983231	0.0124310964	0.0305388509	-0.0802598899	0.0718043533	-0.0621467225	0.0115689502	0.0302859103	-0.0877708907	0.094153153	0.0441624276	-0.1031335355	0.0051983383	-0.0319409212	-0.0190837358	0.0153523803	0.0214915728	0.0621508934	0.0017094082	-0.0632135244	0.0579969841	0.0484943739	-0.0288058283	0.0056277695	-0.0480202072	0.0544244953	0.0030818262	-0.0084879119	-0.0267503319	-0.0348766805	-0.0670974061	-0.0276017716	0.0254133828	0.1581482397	-0.0580043571	-0.071603382	0.0841080722	-0.0733197028	0.0297084511	-0.0703300145	0.0582021904	0.020708392	-0.0240835375	0.0861193885	0.0503337657	0.0782509265	-0.123366132	0.0384253703	0.0362000861	-0.0469159939	0.107887246	-0.0175958778	0.039770706	-0.1438463407	0.0182423285	0.0310137652	0.1059091661	-0.002746265	0.0709535242	0.023864995	-0.0870682937	-0.0350531637	-0.0242466478	-0.0303771162	-0.081984549	-0.0582104803	0.0204645203	-0.0134945021	-0.0891393884	0.0666815956	0.0458532116	-0.0931626976	-0.0376958483	-0.0256230242	0.0496183928	0.0477099397	0.1255678297	0.082864775	0.0993068457	0.097236992	0.0938191336	0.0891006524	0.0831469612	0.0190290585013315	8.73606873170972e-05	7.631889688515628e-09	0.000362105067447	0.1093378718197328	0.1119066220362724	0.0125230920555691	0.0119547702140683	-0.0093798106548703	0.0570660585537297	0.0032565350388577	8.79808479212184e-05	-0.000413024540742	-0.000112016615395	1.2547722124551361e-08	1.7058927125514006e-07	-0.0004589777665344	-0.0003630028458169	1.317710660712077e-07	2.106605901729062e-07	-0.0001060945841765	6.09200837248e-05	3.711256601036641e-09	1.1256060791584444e-08	0.0	0.0	0.0	0.0	0.0	0.0	0.0	0.0	0.0	0.0
281.0757582289318	-0.2866413526367637	79003.58186396894	0.0821632650414335	418.4349257677252	-2.1173162685740863	4.483028181168493	175087.78710224168	262.1829988449508	0.1658315596585566	68739.92488333148	0.0275001061787894	277.5238851972188	278.4315116762105	1.267369	32.93494	0.1107635168583991	0.0557451853566773	-0.0152728709	-0.1076238775	-0.0462142477	0.11666153	-0.076241042	0.0426949138	0.1643302892	0.0234238688	0.0955113206	0.0294815003	-0.0077736	0.023395585	-0.0453828287	0.0074933212	0.0406784902	0.0409666718	-0.0305673995	0.0457118974	0.1231378192	-0.0291012485	-0.0730520704	-0.0373603618	0.031928577	0.0846833411	-0.0264535461	-0.0708174643	0.0038675215	0.0113170581	0.0021607343	0.0518693027	-0.0079590709	-0.0342574356	0.0391317653	0.0470944565	5.0764e-06	-0.0349188718	0.0917557719	0.031254866	0.1345027152	-0.0454133193	0.0248986786	0.0365829002	-0.0604174569	-0.0242261017	0.098754032	0.0669889991	-0.0397293496	-0.0223131165	0.137204741	0.0530899374	0.031309272	-0.0446106822	0.0226458687	0.0117085489	0.127743488	0.0984199745	0.0692252844	0.0319533334	0.1362601129	0.0235183243	-0.0111930199	0.1098812789	0.0765936054	0.0101615193	0.00193753	-0.0828242077	0.0092889786	0.0052304041	0.1181387438	-0.1364633317	-0.0043303261	0.0243181657	0.0403734933	0.0483904741	-0.0627282855	-0.0151384113	0.0058200829	0.0212485826	-0.0321481359	-0.0698337883	-0.0002115853	0.0404325886	-0.061978776	0.0580511333	0.0469451258	-0.0544688466	0.0263363109	-0.0013960122	-0.0121325911	0.0068379428	0.0161018757	0.0287828454	-0.1217062802	-0.1336343816	-0.0009545978	0.0014081235	-0.0149465876	0.0230010707	0.0190656906	0.1138468773	-0.056786713	-0.0859529357	0.0141981377	0.0531801362	-0.1087183195	-0.0392899298	0.0693054477	0.0001206638	0.0197647691	0.0212626612	-0.0811234361	-0.0275388845	-0.1677018446	-0.0012966383	0.0098929115	-0.0623633496	-0.084000876	0.0240341813	-0.0428006764	-0.0272155951	0.1404717706	0.0310040665	0.0489953793	-0.0088783401	-0.0280521648	-0.0301796903	0.0353361317	0.0912634234	0.0499792424	0.0390428028	0.0496027485	-0.0756864722	-0.0025751212	0.0398596437	-0.1146931302	0.0227664281	-0.0223186118	-0.0311670126	0.0991099747	0.0964557418	0.092084548	0.0860742027	0.0785316931	0.0278003070559123	0.0087712485545808	7.693480120623578e-05	0.000772857072403	0.0877988477803057	-0.0215390240394271	0.000463929556571	0.0077086376715492	-0.053986711579995	-0.0446069009251247	0.0019897756101438	0.0029145650272215	-0.0001920050397141	0.0002210195010279	4.8849619834621895e-08	3.686593527561312e-08	-5.39811056081696e-05	0.0004049966609262	1.6402229536139605e-07	2.9139597626803596e-09	-0.0001970052890077	-9.09107048312e-05	8.264756252905572e-09	3.88110838970074e-08	0.0	0.0	0.0	0.0	0.0	0.0	0.0	0.0	0.0	0.0
280.927177631149	-0.1485805977828249	78920.07913180314	0.0220761940375016	419.6048985845392	1.1699728168140382	1.368836392083775	176068.27091614145	262.19005487312734	0.007056028176521	68743.62487437352	4.978753362785922e-05	277.3384693196824	273.9871230069064	1.305172	33.91732	0.147244800977623	0.0872563948366548	0.0393798186	0.0887751194	0.0469743501	-0.0577376985	0.1123318264	0.0181951415	-0.098658561	0.01663204	-0.1349505765	0.0729027442	0.0010744631	-0.046682713	-0.0730173216	-0.0324957084	0.0118117386	0.0146056614	0.0410218433	-0.0280032026	-0.0611328895	0.0538708262	0.1389246332	0.1619348156	-0.0434497196	-0.0407128525	-0.0586672084	0.044738518	-0.0205727831	0.0803768282	-0.1102306194	-0.0605155624	0.0157310716	-0.0761913139	0.0546722407	0.0072938343	0.0800561124	-0.049145625	-0.0226056199	0.0824707884	0.0532228961	-0.0424696139	-0.0203303221	0.0376011558	0.0288084681	0.0055786605	0.0319447163	-0.041594665	-0.041576479	-0.1040592276	-0.0931040006	0.1639148314	0.0390466483	0.0092760099	-0.028103875	-0.0403664688	-0.1117572703	0.0953618556	0.155635803	-0.0270140711	0.1106438569	0.0964573068	-0.0481521554	0.0052487223	-0.0051270092	0.0674959893	0.0025243988	0.0423032574	-0.0407799555	0.0360007186	-0.0707811782	0.0838429271	0.0528972486	-0.0652005284	-0.0853531627	-0.0961721405	0.1016171823	0.0708480602	-0.0035021374	0.0228381723	-0.0102266344	-0.018736141	0.0064167109	-0.0759629635	-0.0238957893	-0.0499491334	-0.0188642803	0.073735214	0.163913092	-0.0228288278	-0.092807647	0.0346949776	0.0135693616	-0.0025683735	-0.0371302288	-0.060145169	-0.0541703742	-0.0535403721	0.0547422386	-0.0341250717	-0.0726804314	-0.0923819731	0.0823387964	-0.1123892326	-0.0516225642	-0.0172648347	0.0434223034	-0.1034836238	-0.0634229897	0.0496588338	0.079393607	-0.0406836783	-0.0656908873	-0.0140799132	-0.1219707094	-0.05921751	-0.0300979549	0.041658712	0.0684131704	0.0457433532	-0.0278743839	0.0582851212	-0.1105090358	-0.0024141598	-0.0386135771	0.083325212	-0.0868638347	0.0556987311	-0.0416727804	0.0104903437	-0.0571288134	0.0393526117	-0.065916951	0.0115201977	0.0247270619	0.0564349723	-0.0340815341	0.0347421552	-0.006882857	0.0660639269	0.0988886499	0.0955793015	0.0901455117	0.0827080574	0.0734322509	0.0128430516264614	-0.0149572554294509	0.0002237194899818	0.0001649439750799	0.0118022334675345	-0.0759966143127711	0.005775485387004	0.0001392927148221	-0.0202684924338356	0.0337182191461594	0.0011369183023884	0.0004108117855404	-0.0004590145511318	-0.0002670095114177	7.129407918751885e-08	2.106943581507279e-07	-0.0001939647997302	-0.000139983694122	1.959543462005017e-08	3.7622343534376594e-08	-0.0001525442527626	4.44610362451e-05	1.9767837439880962e-09	2.32697490509e-08	0.0	0.0	0.0	0.0	0.0	0.0	0.0	0.0	0.0	0.0
281.18727937899405	0.2601017478450558	79066.28608456044	0.067652919232053	415.7603153298118	-3.844583254727411	14.780820402530413	172856.63980314456	262.0024435951849	-0.1876112779424374	68645.28044984804	0.0351979916111945	276.84125048411164	277.7219324029272	1.23251	32.029076	0.1866672973064958	0.1158208606839471	-0.0365045602	-0.0496213496	0.0282504864	0.0385976185	-0.1091812407	-0.0619532148	-0.0061225704	0.0406772081	0.1667737756	0.0260648147	-0.0123687938	-0.0115248102	0.0213144848	0.0396290879	0.0127833253	0.0257542861	-0.0360247327	-0.0580017897	0.0316875834	-0.0431939033	-0.0411181926	-0.1035928186	0.0160186049	0.0234973969	0.0006857941	-0.0991803252	0.0286939011	-0.0486688736	0.0885692932	0.0038157874	-0.0652024263	-0.0220374769	-0.0311742821	0.1430900007	-0.029591091	0.1054993043	-0.0608582861	0.1701032899	0.0018904702	-0.1036715709	-0.023087875	-0.0074144537	0.0543297139	0.0561258211	0.0211010927	-0.0869036201	0.1106648142	-0.0636520734	0.0225307729	-0.0106988626	0.0994861465	-0.0775451877	0.1114186012	-0.0264497549	-0.0236242892	0.1594055041	-0.0429230358	0.0629021979	-0.0559317439	0.0683341934	0.0935087428	0.0652957393	-0.0055280229	0.0603448547	0.0673192146	0.0293341697	0.0449782869	-0.0494390714	0.0612016676	0.0290588959	0.0261377745	0.0900965358	0.0446700465	0.0780431595	-0.1129759354	0.0019314789	-0.0195742728	-0.004358174	-0.0236358854	0.0118646081	-0.0288614248	0.0099876367	0.0307207918	-0.0037668096	-0.0109886604	0.0456370151	-0.0135647993	0.09961571	0.0433518219	0.0309023793	-0.1196240858	-0.0031119824	-0.003295992	-0.0926317727	0.1031339688	0.0847799151	-0.1468127723	-0.0089323765	-0.112501238	0.1216179014	-0.0344814458	0.0477910175	-0.1272759685	-0.0451435432	0.0655823778	0.0388063338	0.0566313697	-0.034367317	-0.0826076772	0.0245607713	-0.0228824894	-0.0326688222	-0.0286480358	-0.12479799	0.0273913076	-0.0554934179	-0.0412941527	0.0126975697	0.0619203351	-0.0533929749	0.0672275413	-0.0494495849	0.0321822514	-0.0828777723	0.0412878633	-0.1194783689	-0.0428024336	0.0151658301	0.1322857919	-0.0516174901	0.0684399505	-0.0357057671	0.0292379963	-0.0020338576	-0.0107898204	-0.0431289544	-0.0715529284	-0.0201198705	0.0986429257	0.0946085359	0.0880063298	0.0790155012	0.0678800746	0.025552531668552	0.0127094800420905	0.0001615308829402	0.0006529318746723	0.1179576671256512	0.1061554336581167	0.0112689760951428	0.0139140112337259	0.0070047559676353	0.0272732484014708	0.0007438300783683	4.906660616612234e-05	6.0970836151053006e-05	0.0005199853872828	2.703848029876987e-07	3.717442860958552e-09	-0.0004590038585616	-0.0002650390588314	7.024570270623431e-08	2.106845421744373e-07	-0.0001269859947805	2.55582579821e-05	6.532245510795783e-10	1.6125442870393175e-08	0.0	0.0	0.0	0.0	0.0	0.0	0.0	0.0	0.0	0.0
281.2298931345343	0.0426137555402306	79090.25279246157	0.0018159321612425	418.9526250006936	3.192309670881798	10.190841034805452	175521.3019949718	262.676170253488	0.6737266583031101	68998.77041903941	0.4539076101082756	278.0259715197138	275.41654672164253	1.138686	29.590893	0.1733539308443688	0.102372355760004	0.0264634742	0.0610902787	-0.0283880353	0.0369491208	0.1051996527	0.0808229514	0.0151166243	-0.0234858881	-0.086414295	0.0331570072	0.055472896	-0.0574043417	-0.0383110179	-0.0345625316	0.0056364553	-0.016400281	0.1010016263	-0.0165817754	0.0070272802	-0.0167664421	0.0658398579	0.0529348511	-0.109673664	-0.093125291	0.0813656663	0.0287775669	0.0143063917	-0.0635900673	-0.0491380341	0.1401168484	-0.0045816104	0.0693133979	0.0144136569	-0.0591021294	0.1965732731	0.07684661	0.0844172369	-0.0149811003	-0.0032091556	-0.0005587117	-0.0417607748	-0.0749575593	-0.0246090113	0.0280490959	0.0611787068	-0.0474160259	0.057331781	-0.0599168441	0.0248200376	-0.0148830535	-0.0104900083	-0.0335174231	0.0621055261	0.066995287	0.0678039885	-0.0777927175	-0.0593083109	-0.0518480344	0.1119306047	-0.0320389816	0.12109565	-0.0694807773	-0.0179003329	0.1116559838	-0.0774409714	-0.036642476	-0.0433711005	0.0751860914	-0.0557804605	-0.0530436412	-0.002579947	0.0068456128	-0.087228075	-0.08697654	0.115524946	0.0190727858	-0.0167032391	-0.1161196125	0.1055020115	0.0004460951	-0.0471785484	-0.0086826753	-0.0341396069	0.0723473145	-0.1190913536	-0.0257180361	0.0135573637	-0.0185752361	-0.0623079033	-0.1265529457	-0.0178251724	0.0513161183	0.0752086428	-0.0651682285	0.0276611626	0.0513127332	0.0759027908	0.0687198998	-0.0067803357	-0.043022649	-0.0380341673	0.0456889727	0.0214122471	-0.0211205066	0.0810311113	0.0532978132	0.028190089	0.0683665852	0.1051762912	0.0658917298	0.0391332899	-0.1096527514	0.0521272773	-0.0475945463	-0.032595315	0.0385691866	0.0554650528	0.0580463558	-0.0622570911	0.0620636274	-0.0332212659	0.0133378271	-0.0103575166	0.1068424243	-0.0142097834	0.0241223363	-0.0288944792	-0.0294792215	-0.0464825616	-0.0573376698	-0.0686792823	0.0232385213	-0.0370663807	-0.1096026444	0.0494537858	-0.0587706534	-0.0223284826	-0.0266354135	0.0983728629	0.0935444031	0.0856717519	0.075011107	0.0619093949	0.0078457717846589	-0.0177067598838931	0.0003135293455858	6.15561348969497e-05	0.0258234118117286	-0.0921342553139226	0.008488721002251	0.0006668485975981	-0.0249365924669149	-0.0319413484345501	0.0010202497398173	0.0006218336438609	-0.0003240076846016	-0.0003849785207526	1.4820846144090085e-07	1.0498097968088989e-07	-0.0002839910721201	0.0001750127864414	3.0629475418018083e-08	8.065092904392385e-08	-5.554595773459448e-05	7.144003704590552e-05	5.103678893120354e-09	3.0853534206533567e-09	0.0	0.0	0.0	0.0	0.0	0.0	0.0	0.0	0.0	0.0
281.44826256195097	0.2183694274166896	79213.12449914089	0.0476852068302928	418.110958293568	-0.8416667071256256	0.7084028458836937	174816.77344516577	262.13203943760834	-0.5441308158796687	68713.20609971986	0.2960783447898739	276.8151010080502	276.4975286291001	1.157524	30.08042	0.218823589895096	0.1567132645002754	-0.0438803169	-0.0482801732	0.0721557865	-0.0563667689	-0.0431112082	-0.1235154793	-0.0270939278	0.0240822179	0.074448584	-0.0624253771	-0.01917276	-0.0226703368	0.0200768015	0.0534591176	-0.0255168127	-0.03351379	-0.0246569831	-0.0004487037	0.0933704256	-0.0711285888	0.0366001263	-0.0354162176	-0.0065042082	0.0052291183	0.0569214939	-0.0245457682	0.0456067395	-0.1101278197	0.1417113611	0.0424876661	-0.0382149187	0.0176879043	-0.0119400007	0.0118885194	-0.1627415017	0.0882262578	0.0121769699	0.0362085723	-0.0354898714	0.0765867741	-0.0937696025	0.0189808939	0.0484351446	0.0107033219	-0.100225925	-0.0296785142	-0.0112843785	-0.0067136098	0.0421457356	-0.0121443442	-0.0277001925	0.0771695102	0.033762946	-0.0470688178	0.0537665921	-0.0014151288	0.0461113536	0.007776791	-0.1198355348	0.050689287	0.0337941455	-0.0594898823	-0.0426551821	0.1528561717	-0.1292310207	0.1155237433	0.0649403323	-0.0775761436	0.0439461795	0.0563439028	-0.0440884719	0.01344028	-0.0295070456	0.0305201765	-0.1084384956	-0.0777354001	-0.0785960712	-0.088548883	0.0258820887	0.0866487492	-0.023218265	0.144886313	0.0069866166	0.0499747365	0.0283771416	0.0033000708	-0.0916685388	0.0982161602	-0.0155078224	0.0427997003	-0.0607175244	-0.0077655101	-0.0756192942	0.0956844272	0.0273421111	0.0844647769	-0.072290864	0.048333555	-0.0543773544	0.0062804731	0.0426555199	0.0361207276	-0.0214227058	-0.0357143252	-0.0976480894	0.0465461288	-0.0610832688	-6.60381e-05	-0.0203491085	0.0446458439	-0.0641793584	-0.0762446787	0.0571647086	-0.0943408948	0.0638136754	-0.0565207906	-0.0440615791	-0.0150492523	0.0235724214	-0.1140937464	-0.0441081296	0.0136603269	-0.0263995901	-0.1107840526	0.0764786608	-0.0813114508	0.0233297766	0.0122400266	0.0932943028	-0.1223102269	0.0264326329	-0.0357978131	0.0165454126	-0.0352959254	0.0151126346	0.0207661283	0.034462248	-0.0570612259	0.098078528	0.0923879533	0.0831469612	0.0707106781	0.0555570233	0.0218589776207238	0.0140132058360649	0.0001963699378039	0.0004778149026233	0.1767179770957199	0.1508945652839913	0.0227691698322447	0.0312292434288033	0.0055020554057279	0.0304386478726427	0.0009265112843147	3.0272613687699603e-05	2.499674299757585e-05	0.0003490044275991	1.2180409048382837e-07	6.248371604868574e-10	-0.0001840003303621	9.999074175800002e-05	9.998148437315048e-09	3.385612157336194e-08	-3.4997709043829805e-05	2.054824869076468e-05	4.2223052425751225e-10	1.2248396383165662e-09	0.0	0.0	0.0	0.0	0.0	0.0	0.0	0.0	0.0	0.0
281.81235929903534	0.3640967370843668	79418.20585368859	0.1325664339554825	419.1658480834961	1.0548897899280971	1.1127924688945454	175700.00819955653	262.877033191139	0.7449937535306503	69104.3345793752	0.5550156927996874	278.1501146978502	277.58085558299854	1.174001	30.5086	0.2356717502617935	0.1843077790141355	0.0058323712	0.1016902718	-0.0750691185	0.0286305833	0.021666663	0.1292127898	-0.0359750917	-0.0686224874	0.017912279	-0.016395981	0.0027676277	-0.0211530362	0.0073909341	-0.0487767187	-0.0005968824	0.0249070195	0.0754410708	0.018404124	-0.0022269277	-0.0384818406	0.0098795738	0.0006702229	-0.0264453599	-0.0932374736	-0.0591466377	-0.0717145604	-0.0746055448	-0.0836294098	-0.0555429328	0.0432244283	-0.0560073252	-0.0415626991	-0.0320166968	-0.0661833911	0.0482454646	0.0205610754	-0.0190368679	-0.0264546145	-0.100901159	0.0117446184	0.0127578123	0.0259130441	-0.0436350599	0.0114717706	-0.1386206759	-0.0283063465	0.0393342807	0.1347644059	-0.0527697057	-0.0088695051	0.0163659701	0.1254477584	-0.1097244101	-0.1099292541	0.0273881005	0.1037552385	0.0663556331	0.0606430149	-0.0847220908	0.0536294939	0.1085984363	-0.0539802261	0.0234203392	-0.0545985753	0.0362042213	-0.1790936205	-0.0524309813	0.0777315105	-0.070728499	-0.06925351	0.0087413023	-0.0069824928	-0.0284019367	0.0094738538	-0.0157942757	0.0948294623	0.0312430139	-0.0633864851	0.0133856602	0.0381106299	-0.0285483673	0.029794202	0.0765833928	-0.0486606961	-0.0629067946	-0.0346677097	0.0524354315	-0.0788334329	0.0270923205	-0.0930421221	-0.0563382645	-0.0017102395	0.0991930947	-0.0073670892	-0.0022907117	0.0002776317	-0.0017823598	-0.0177439837	-0.1058561475	0.0121107049	0.0925322922	0.0461517057	-0.0178800845	0.099934952	-0.0298242586	0.1467590638	-0.1839826029	-0.0967449629	0.0433507051	-0.158866307	-0.0676427925	-0.0135559566	0.0745442838	-0.038648663	-0.0365365829	0.0321347162	0.0638781381	0.0400230042	-0.016936171	0.0557211066	0.0045891022	-0.0209354413	0.1148955395	0.0801411903	-0.0038970172	-0.0100079863	0.0191139764	8.606e-07	-0.0774658546	-0.0136757123	-0.1587150902	0.074554491	-0.0203738746	-0.0554660998	-0.0072810373	-0.0187222826	0.0364136806	-0.0269948158	0.0977599938	0.0911403277	0.0804375635	0.0661311865	0.0488621241	0.0218486262984072	-1.0351322316599215e-05	1.0714987370212494e-10	0.0004773624711274	-0.0040055243665761	-0.180723501462296	0.0326609839807925	1.6044225451234868e-05	-0.014489694531413	-0.0199917499371409	0.0003996700655491	0.0002099512476136	-0.0002699780938448	-0.0002949748368423	8.701015437018627e-08	7.288817115607165e-08	-0.0004590126992627	-0.0002750123689006	7.56318030483197e-08	2.1069265808442988e-07	9.39380360139952e-05	0.0001289357450578	1.6624426353616443e-08	8.824354610166661e-09	0.0	0.0	0.0	0.0	0.0	0.0	0.0	0.0	0.0	0.0
281.05597451391105	-0.7563847851242826	78992.46080996422	0.5721179431675072	418.1765213082053	-0.989326775290806	0.9787674683073048	174871.60297343187	261.3538750849505	-1.5231581061884754	68305.84802191991	2.3200106164476626	276.0961427868661	279.8790299488016	1.232471	32.028049	0.3880268006418225	0.339507177784235	-0.0329786003	-0.1013088822	-0.0058061236	-0.016979779	0.0577813821	-0.1363323853	0.0764869274	0.038448863	-0.014791449	-0.1357395311	0.0019379557	-0.0189609066	-0.0406637664	0.1036041558	-0.1446734194	-0.1799186467	-0.0960971593	-0.0280035289	0.083705273	-0.178315662	0.0353678636	-0.072816964	0.0512292371	0.0638485987	-0.0052393626	0.0542165356	-0.0465598021	-0.0321705462	-0.0382501611	-0.0431096558	0.0069358475	0.0630970722	-0.0428915234	-0.0168048629	0.0286582872	0.0469052759	0.0970433337	-0.0073642444	-0.05041448	-0.0783110317	0.0022598568	0.028036653	-0.0426493928	0.0881543182	0.0784505497	0.054987708	-0.0094559172	-0.0332647776	-0.1134123892	-0.0527063103	0.0233167578	0.0470777949	0.03038386	-0.1133141072	-0.0346077878	0.0838730844	-0.0079607133	0.0010204194	-0.146653907	-0.128463852	0.0283668128	0.0144071978	-0.0899977886	0.0183022999	0.0478874881	-0.0048438789	0.1166648595	-0.0832638981	0.0175316126	0.017064027	-0.226943819	0.0022884393	0.0613904749	-0.0773339014	-0.0878457382	-0.0388839554	-0.2017852143	0.042452093	0.0607255644	-0.0636944424	0.0125799321	-0.0248349274	0.0349342036	0.0240297708	-0.0168140879	-0.0277449535	-0.0136748268	-0.0355328745	-0.0176050721	0.0462189459	-0.0183071228	-0.0718487424	0.0453707808	-0.0337550178	0.0141065985	-0.0270378884	0.0464320585	-0.0263463729	-0.0108439812	-0.0574837763	-0.0733736428	0.0046127951	-0.0987367389	0.0092870412	0.0756678499	0.0798137346	0.0350154391	-0.033753457	-0.1411380658	-0.0395418222	0.0435025041	0.0100835739	-0.0057435856	-0.0598151323	0.1312828028	-0.05250865	-0.0036552277	-0.0842564873	-0.0076322394	-0.2365872114	0.0203761396	0.0872943968	-0.0531727725	0.0147928688	-0.0037865289	-0.0180686709	-0.0071131034	-0.1399155902	0.0078938282	-0.0617599325	0.115440103	0.1066905462	0.0372972024	0.0990539677	0.0499851346	0.0532561546	0.1152823308	0.0904888513	0.0974173387	0.0898027576	0.0775495743	0.0612907054	0.0418659738	0.0218791877894801	3.056149107289949e-05	9.34004736598915e-10	0.0004786988583273	0.3321267148264297	0.3361322391930058	0.112984882224904	0.1103081547013965	-0.0057221070004445	0.0087675875309684	7.68705911131943e-05	3.274250852453596e-05	0.0001740020826798	0.0004439801765246	1.97118397146815e-07	3.0276724776907955e-08	-8.299546141254943e-05	0.0003760172378501	1.413889631604567e-07	6.888246615081982e-09	5.200720185323818e-05	-4.193083416075703e-05	1.7581948534169084e-09	2.7047490446034603e-09	0.0	0.0	0.0	0.0	0.0	0.0	0.0	0.0	0.0	0.0
281.2553463134168	0.1993717995057409	79104.56982988001	0.0397491144381573	417.09458793640135	-1.0819333718039277	1.1705798210230156	173967.89528583645	262.94093921346143	1.5870641285109173	69137.93751445723	2.518772548006117	278.16049210312354	273.613026341648	1.324924	34.430622	0.5822870126380406	0.5243080121356531	0.0167712497	0.0476148515	0.0576611612	0.0173652724	-0.1285312542	0.0926468874	-0.042915203	-0.0419766359	0.0458976665	0.0551377936	0.0987201622	0.1590823412	0.0174935822	-0.1644036442	-0.012632681	-0.0207429855	-0.022139476	-0.0219033661	0.0334671706	0.0012444463	0.0828483832	0.0387161732	-0.0588767171	-0.0134774648	-0.0616476265	-0.1534304699	-0.078707254	0.0249667971	-0.2110859108	0.1272614902	-0.0159972686	0.0068809059	0.0944421522	0.0194603872	0.1021320858	-0.0940187563	0.0373117086	0.0452387512	0.0521526805	-0.0529539322	-0.0883647089	-0.1354121282	-0.0268455258	0.0330024427	-0.0229657037	0.1232525811	-0.06962589	0.0565691236	-0.0047898246	0.0451267988	0.0519950712	-0.0022865549	-0.0022114271	0.0207149533	-0.064476483	-0.1115286122	-0.0607456479	0.0597497765	-0.0114994865	-0.0810472372	0.1381855399	-0.0131108032	0.008612348	0.027920917	-0.0084075866	0.0463448503	-0.1641363664	-0.0072800833	0.0578716376	-0.0170739021	-0.0479537255	-0.0174567879	-0.0285708289	-0.0430445339	-0.0133989482	0.1190038107	0.0546177294	-0.0768384064	0.0361022337	-0.1056466641	-0.0743250846	-0.0991750354	0.0173189496	0.1531324031	-0.03520834	-0.0324913148	0.2063422066	-0.07173702	0.0589980275	-0.0636346106	0.0481224044	0.0568946158	-0.1288488207	-0.1218805105	-0.0061730122	0.0378278159	-0.0182346014	0.1212934332	-0.0402134683	-0.0760291504	-0.0359919337	0.0256401119	-0.0094035591	0.040513419	0.0995353485	-0.0278688143	0.037078173	-0.0935341359	-0.0206553013	0.0543385704	0.0176004522	-0.0196084929	0.1231215709	0.0671163765	-0.1380449203	-0.0338945625	-0.0846698349	-0.0265163291	-0.0179422148	-0.0810355179	-0.046112178	-0.1079722206	0.1383998566	0.0357053723	0.0102003691	0.2670092361	-0.0112779862	-0.0288455631	-0.1343093832	-0.0486733561	0.0098285413	0.0406450304	-0.1876439002	-0.092498745	-0.066901065	0.0663010521	-0.0771783746	-0.0769708256	0.0970506473	0.088376563	0.0744894057	0.0562083378	0.0346117057	0.0020115022332731	-0.019867685556207	0.0003947249293603	4.046141234462669e-06	-0.190473893781899	-0.5226006086083287	0.2731113961177955	0.0362803042124381	-0.0143922467268637	-0.0086701397264192	7.517132287563239e-05	0.0002071367658469	-2.1976329219303e-05	-0.0001959784118991	3.8407537930494475e-08	4.829590459551909e-10	-0.0004590009160627	-0.0003760054546501	1.4138010192666644e-07	2.1068184094639778e-07	0.0001029949102457	5.098770839246183e-05	2.5997464071147222e-09	1.06079515365198e-08	1.0	0.0	0.0	0.0	0.0	0.0	0.0	0.0	0.0	0.0
282.08912176733224	0.8337754539154503	79574.2726194648	0.6951815075519151	420.4018045390736	3.30721660267227	10.93768165699111	176737.67725970945	262.6358209360277	-0.3051182774337349	68977.57443874121	0.0930971632241296	277.627776502458	279.37764906070663	1.379718	35.854542	0.3468000497210587	0.2834299352083656	0.0135765902	0.0347419533	-0.0930654429	0.0178093769	0.0531878721	-0.0302106998	0.0231877311	-0.0176445141	-0.0403956994	0.0297002133	-0.1457400436	-0.1266331605	0.0510652136	0.0076550448	-0.0096786935	-0.0305561429	0.1013706917	-0.0290610894	-0.1046109077	-0.0690334064	0.0137270442	-0.0793099472	-0.056859425	-0.1002752026	-0.0951295475	0.0277414077	0.066071647	-0.0549802765	-0.0701462019	-0.0153248352	0.0620930539	0.0812760156	0.0458810204	0.0495164529	0.0143840426	0.0401724064	-0.0987095284	0.0416954582	0.0562847516	0.0443487553	-0.0363355967	0.0571939373	0.0652576318	0.0283469087	-0.0886278145	-0.1012150573	0.0493814342	-0.0018250176	0.0077309007	-0.0255267914	-0.0338199722	-0.0097429779	-0.1361664482	0.1887257798	-0.0793371844	-0.0205639246	0.0135179483	0.0149193451	-0.043373609	0.0381849732	-0.0679193963	0.0168419156	-0.0114406901	-0.0323956274	-0.1131847184	0.0433757947	0.0063264084	0.0255226721	-0.1354665611	0.0320014273	-0.0053830826	0.0684271869	0.041569801	0.0965090717	0.0471050071	-0.0173761719	-0.0937037684	0.0420226778	-0.0131749237	0.1097908707	-0.1030033586	-0.0264673478	0.0066350961	0.0517263413	-0.0780666346	0.0588585037	0.0401399614	0.1218345118	-0.1300288967	-0.0118338798	0.03366668	0.0202895075	-0.0120227466	0.0758104967	-0.062817685	0.0225434975	-0.1069512659	0.0085991359	-0.0405330928	-0.0689568431	0.0520616882	0.004412276	-0.0195654785	-0.0449023118	-0.0123532719	-0.0507959999	0.0710247418	0.0688353094	0.1115018057	-0.0784860461	0.0500572369	0.0328076666	0.0893058083	0.0430003956	-0.0055834978	0.0673553182	0.1256854065	0.0097493259	0.1124201629	0.0445702539	0.0771722025	0.0599390255	-0.0689980435	0.0346637559	0.012545686	-0.0295026939	0.0166393714	-0.1663633255	0.017706978	-0.0517606798	-0.0638862528	-0.1015780187	0.071803998	0.1092964387	-0.0693925573	0.0449134454	0.0419897553	0.0219513146	0.0966600102	0.0868631514	0.0712638519	0.0509041416	0.027144045	0.0096276575019373	0.0076161552686642	5.800582107640145e-05	9.269178897460956e-05	0.0898115612918388	0.2802854550737378	0.0785599363258923	0.0080661165416777	0.0123042399433828	0.0266964866702465	0.0007127024005346	0.0001513943205843	0.0002470144471836	0.0002689907764029	7.235603778983656e-08	6.101613711741952e-08	-0.0001609778116127	0.00029802310445	8.88177707860156e-08	2.5913855831613933e-08	0.000180020083561	7.70251733153e-05	5.932877324252002e-09	3.240723048530942e-08	0.0	0.0	0.0	0.0	0.0	0.0	0.0	0.0	0.0	0.0
281.7425890886879	-0.346532678644337	79378.88650639725	0.1200848973684193	416.2650397907604	-4.136764748313226	17.112822582886988	173276.58335200333	262.44882853515963	-0.1869924008680641	68879.38759947762	0.0349661579824027	277.3182901552032	275.4948044584153	1.332095	34.616978	0.118751743068399	0.0643375643117795	-0.0284459119	-0.0567444854	0.0563730942	-0.0097943098	-0.027057927	-0.0688973832	0.0241047045	-0.0361209002	0.0315569767	-0.0212698029	0.1311381152	0.0557427568	0.0970823348	-0.00815086	0.0125314413	0.027549086	0.0266780125	-0.012035109	0.1206546745	0.0258050763	0.0013432318	0.0045213938	-0.0880184786	0.0921628099	0.0225217106	-0.0723545669	0.0269322827	-0.0457696919	-0.0180764618	-0.0044520136	-0.0256997138	0.0188583598	0.0357240744	0.0640129702	0.0096751605	0.1096466988	-0.0422047144	0.0114233171	0.0488845833	0.0681200266	0.024680975	-0.0771699898	0.0872259112	0.0176510791	-0.0662938571	0.0306862473	0.0395943657	-0.0579988889	-0.0119503504	-0.0907406053	0.0735425447	-0.0303119602	-0.0568528841	-0.0334077133	0.0558297481	0.0055637364	0.0915377689	-0.0594242724	0.0145531174	-0.1303286761	0.0686572383	0.0102780857	-0.1210715736	0.0328052715	-0.0435812863	0.1212496586	-0.0017215703	-0.0424431788	0.0796007668	-0.0126667545	0.00942675	0.0510492259	-0.0952973311	0.0140134935	-0.0326865202	-0.0793250121	-0.0221320947	-0.0713273567	-0.0474880713	-0.0439619153	-0.052757821	-0.0435908079	0.0986407537	0.0415680338	-0.0090877526	0.0027468112	-0.0433550974	0.100647758	-0.0343392615	3.07914e-05	0.0181611392	0.0263425356	-0.0500577527	-0.0222849901	-0.0566109726	0.0432327246	-0.04660928	-0.0411523151	-0.0292909851	0.010580069	0.0046784061	0.049633771	0.0670973748	-0.0783955126	0.0957605704	8.65946e-05	-0.0279387258	-0.1057893338	0.0562043745	0.0081933036	0.026106626	0.0329691647	-0.1711425328	-0.0196477246	0.0018294119	-0.0628803809	-0.0863026958	0.0403779314	-0.0857016973	-0.0200316398	-0.0255498649	0.0482941819	-0.0112326838	-0.0496571372	0.0180848102	0.015801163	0.0523727649	0.0400378524	0.0596581139	-0.0061190369	-0.0468619899	0.0601670278	0.0008163639	-0.0137044264	-0.0659755746	0.0441849672	-0.0902062803	-0.0072537965	0.0962455236	0.0852640164	0.0678800746	0.04539905	0.0195090322	0.0234627150613278	0.0138350575593904	0.0001914088176716	0.000550498998049	0.0638504573813349	-0.0259611039105039	0.0006739789162519	0.0040768809078056	-0.0430009422026529	-0.0553051821460357	0.0030586631722061	0.0018490810303158	-0.0001139932858877	-0.0003610077330713	1.30326583337279e-07	1.2994469227474906e-08	-0.0001370054409568	2.39723706559e-05	5.74674554863855e-10	1.8770490851767216e-08	9.199219823882176e-05	-8.802788532217824e-05	7.748908594294564e-09	8.46256453681068e-09	0.0	0.0	0.0	0.0	0.0	0.0	0.0	0.0	0.0	0.0
281.79726142590687	0.0546723372189603	79409.6965471409	0.0029890644569837	420.05607720114966	3.791037410389265	14.371964646970945	176447.1079936182	262.98464290367417	0.5358143685145365	69160.92240317303	0.2870970375066314	278.190141902443	279.9197436340969	1.207761	31.385933	0.1427580943671236	0.0828192382541026	0.0090591962	0.0579126714	-0.0309277958	-0.1257103563	-0.0011239612	0.0476418887	-0.1053330048	-0.0045829534	-0.0924258686	0.022369816	-0.1037870335	0.0279325084	-0.0214347649	-0.0600284754	-0.0209772115	0.0252383247	0.1313373555	0.0220586081	-0.0474303095	0.0222032809	0.1620240936	-0.019371213	0.0002814725	0.0192672139	0.0349849413	-0.0350170473	0.0007075053	0.0206571095	-0.0972932978	-0.0706869268	-0.0467899636	0.0676018469	-0.0923065773	0.0029026129	-0.0313127194	-0.0768750072	-0.1111704302	0.007255615	-0.1071010074	0.0466723738	-0.1137228258	0.0557253408	-0.0770519216	0.082519101	0.0495644612	0.043082051	-0.2262707396	-0.083167371	0.0016125374	-0.0485893216	-0.2046817148	-0.0860793175	-0.0324479481	-0.0883975426	0.0104500024	0.0393514755	0.0282396551	-0.0157211119	0.0204035515	-0.020461612	-0.1074741437	-0.0392326918	0.0995792624	0.0979862288	0.0880337338	0.0765091084	-0.0637375199	0.0130004544	-0.1234631522	0.0524952888	0.0474468544	-0.0764325451	-0.1077435149	0.0759672381	0.023502885	0.0490790274	-0.0635494516	-0.014394506	0.0018686743	-0.0830721033	-0.0186302696	-0.0724428458	-0.0676254011	-0.0753439582	-0.0187437868	-0.0342947394	-0.0339819495	-0.0588165838	0.055589919	-0.0458590026	-0.1238828728	0.0409272841	-0.0915941261	0.0962482438	-0.0064546093	-0.0151446641	0.0373277834	0.1043310126	0.0919115934	-0.2026579773	0.0622639391	-0.1751706054	0.0147897821	-0.0464968097	-0.0556815534	-0.0073302083	0.0560022404	0.0183100204	-0.0480406117	-0.0170173278	0.0310509044	0.0117945833	-0.0892570124	-0.0804838186	-0.0557752863	0.0321774739	0.0515975322	0.0078700378	0.0847315812	0.0481310448	-0.1055015096	-0.0296369053	-0.0147748251	-0.0372388592	-0.0515386606	0.0730213131	0.0361868913	-0.1289192897	-0.0375763642	0.0531024203	-0.0471051243	0.0455093805	-0.0454445984	-0.0846956609	-0.0263802371	0.0566189045	0.0606602635	-0.0201363485	0.0958072899	0.0835807361	0.0643455865	0.0397147891	0.0117537397	0.0179906039513042	-0.0054721111100236	2.994400000044371e-05	0.0003236618305326	-0.0086542473169544	-0.0725047046982892	0.0052569322033861	7.489599662301244e-05	-0.003567927130291	0.0394330150723619	0.0015549626776971	1.273010400706657e-05	8.399999491583908e-05	0.0001979932808035	3.920133924334909e-08	7.055999145860991e-09	-0.0003540000946953	-0.0002169946537384	4.70866797510915e-08	1.2531606704428136e-07	1.4863051883008521e-08	-9.197733518693876e-05	8.459830188090482e-09	2.209103112770031e-16	0.0	0.0	0.0	0.0	0.0	0.0	0.0	0.0	0.0	0.0
280.9284595264605	-0.868801899446396	78920.79937191014	0.7548167404816655	419.4446609774503	-0.6114162236993366	0.3738297986027571	175933.82362248824	262.36272321327374	-0.621919690400432	68834.19853188489	0.3867841013077692	277.7643343109958	277.02155909639725	1.103892	28.686686	0.1465682858642508	0.1018499427765685	0.0207465429	-0.0536061003	-0.0689001268	0.1043435293	-0.0995701663	0.0853750692	0.13358573	0.007526128	0.1145808333	-0.0109154716	-0.0051244815	0.00545774	0.0159496122	-0.0009004866	0.008792751	-0.0102943429	0.0918269313	-0.021221468	0.054024252	-0.0196912825	-0.0720329477	-0.0834695426	-0.001245922	-0.032889677	-0.0558128855	-0.1018798553	-0.01733148	-0.0608052745	0.0698406629	0.0031953415	-0.1555534615	-0.0123852924	0.053692033	-0.0835252061	-0.074301662	0.0373145254	0.0142210096	-0.0839158955	0.0313415679	0.0301875093	-0.0513872546	-0.0156967637	-0.0756058676	-0.0215111374	-0.0789829734	0.050955977	-0.0483352771	-0.0063951686	0.1827284835	0.0796982125	0.0875625785	0.004306662	0.0001396086	0.0668975734	-0.0153403155	-0.1562682842	-0.0072426879	0.0665838163	0.0053987781	0.0083193235	-0.0388834572	-0.0815243969	0.0039344615	-0.0668571808	0.1189258934	-0.0493146526	0.0012177419	0.0531632025	0.031462587	-0.1325117389	-0.0381854192	0.0770838453	-0.0115226988	0.1022863189	-0.0602475409	0.044976707	0.008042694	0.0137266274	0.0008392196	-0.0164922693	-0.0553735209	0.1014231502	0.0404250322	-0.0317639585	0.0535682474	-0.1293218957	-0.0891603369	0.0354002269	-0.054197547	-0.0609959121	-0.0157180943	0.048204154	-0.0910498197	0.0527528554	0.0726844551	0.0414606724	-0.0115192454	0.1341009272	0.020907356	-0.0258886019	-0.0563312011	-0.012970842	0.0185535143	0.0207094002	-0.1006204773	-0.0815788799	-0.0065214077	0.0239535048	0.1981247767	-0.0201803929	-0.0381560271	-0.0420615973	-0.0349059953	-0.0154735758	0.0035504044	-0.0071806471	-0.0408628212	0.0257676517	0.0151773653	0.0023330124	0.1395681693	-0.0044687118	0.0774769745	-0.0254799704	-0.0184687749	-0.058371618	-0.0277259414	-0.0476140516	0.1055361521	0.0081969775	-0.0294575872	0.0985023975	0.1153600222	-0.0345480188	-0.0961932407	0.0049842731	-0.0093292137	-0.0394859806	0.0953454172	0.0818149717	0.0606682351	0.033873792	0.0039259816	0.0150992277978758	-0.0028913761534283	8.360056060614407e-06	0.0002279866800921	0.0877937319465047	0.096447979263459	0.0093022127040046	0.0077077393690947	-0.021345524382653	-0.017777597252362	0.0003160429640671	0.0004556314111704	0.0001820003717394	9.800037682356092e-05	9.60407385755994e-09	3.3124135313279794e-08	0.0001329992951972	0.0004869993898925	2.3716840575566727e-07	1.7688812522951948e-08	-4.012034132082402e-06	-4.026897183965411e-06	1.6215900930228555e-11	1.6096417876994196e-11	0.0	0.0	0.0	0.0	0.0	0.0	0.0	0.0	0.0	0.0
280.52209076536764	-0.4063687610928355	78692.64340737317	0.165135569992126	419.24714950561525	-0.197511471835071	0.039010781506456	175768.1723685837	262.1308179623348	-0.2319052509389507	68712.5657256027	0.0537800454130577	277.23050052604844	271.262113387797	1.043245	27.110674	0.1386996920744311	0.0878533118687632	0.0653327757	0.0187489387	0.0623278402	0.0017032301	0.0779535113	0.0277239249	0.0305089291	0.0244351233	-0.1016774459	0.0078387865	0.087679425	0.0195741528	0.0054205554	-0.0375360022	-0.0078059791	0.0163375209	0.0633639948	-0.088639177	0.0376207468	0.058880625	0.1255557481	0.037373402	-0.0772026233	-0.0352678043	-0.0423338108	-0.0412668694	-0.0003480612	-0.1405719781	0.0910080571	0.0874722091	-0.0972315175	0.0476447655	-0.0636769562	0.0154205981	-0.047548816	-0.0669272715	-0.0924196449	-0.0707649489	-0.1026983163	0.0676494069	0.0574615299	-0.0553802572	-0.0814966654	0.0123566554	0.119411024	-0.0261940395	0.0358687058	0.1601921466	0.0168289026	-0.0034975577	0.0878320544	-0.0041389468	-0.0346101886	0.0161160635	-0.0226850463	-0.0801813612	-0.0534458014	-0.0079931746	-0.0764506157	-0.0795694528	-0.0951910055	-0.0135609172	-0.0243708654	-0.031961314	-0.0324878802	-0.1215067545	-0.0377331944	0.0158479297	-0.0053216849	0.0032920322	0.0024918962	0.009429187	-0.1400952581	-0.0419544932	0.0876245668	0.1169462072	-0.0408503786	-0.0156263693	-0.0275060231	0.0256027287	-0.0207373414	-0.0138297323	0.1098940139	0.0491680851	-0.0664589991	-0.0124327093	-0.1270511224	0.0409201384	0.1215057996	-0.0655528053	-0.1015124642	0.0369631417	0.011760964	0.1115719774	0.053529535	-0.0569055598	0.0993200622	0.0799760383	-0.0151281232	0.0580213632	-0.1293012674	0.041949409	0.0867079339	0.105055987	0.0181151299	0.002311977	0.0724736108	0.0029032004	0.0211022926	0.0330481053	-0.000262479	0.0563007984	0.0332775104	0.0412869024	-0.0311260963	0.0244916024	-0.0166963058	0.0427941654	-0.0501609934	0.0406048162	-0.077397459	-0.0109743463	0.0035793286	0.0936694095	-0.0198459654	0.0657059428	-0.0610151292	-0.0586806451	0.0652992639	-0.0091866532	-0.0259319162	0.1237158151	-0.0162229737	-0.1012727897	-0.0178354491	0.0724427112	-0.0380093869	0.0554101927	0.0948600195	0.0799684658	0.0568561851	0.0278991106	-0.0039259816	0.0055956399694991	-0.0095035878283767	9.031818161166977e-05	3.131118666825589e-05	0.0060634662785474	-0.0817302656679573	0.0066798363261548	3.6765623311081465e-05	-0.0026781792502035	0.0186673451324495	0.0003484697742939	7.172644096220581e-06	-9.79949355053018e-05	-0.0002799953072447	7.839737207905497e-08	9.60300738468826e-09	4.701046510846574e-05	-8.598883008873427e-05	7.394078900029212e-09	2.209983829714274e-09	-0.0002139977657116	-0.0002099857315795	4.4094007466985215e-08	4.5795043729556854e-08	0.0	0.0	0.0	0.0	0.0	0.0	0.0	0.0	0.0	0.0
280.7502679495417	0.2281771841740578	78820.71295373946	0.0520648273776019	417.322038823908	-1.925110681707281	3.706051136823472	174157.68408814337	261.871199881466	-0.2596180808687904	68576.52532735872	0.0674015479139938	276.6098090124998	274.7951035911967	0.939376	24.411446	0.1184522872648684	0.0855239790558941	0.0257582547	-0.015538653	0.0329487386	-0.0117603349	-0.0445619221	-0.0665467122	-0.0777817246	0.0327149132	0.0540727489	0.0296727261	-0.0729978235	-0.0730036718	0.0039158586	0.0310493897	-0.0553713944	-0.0518371714	0.1038485097	-0.132893688	-0.0132501613	0.0796122458	0.0079912106	-0.0423342805	0.08682981	-0.0154874797	-0.0091658243	-0.0284891144	0.1157206434	-0.0298950807	-0.0071761136	0.0047598674	0.0906584539	0.0327158786	-0.1118189796	-0.0228774311	0.0527487435	0.0076151353	0.0617903244	-0.0379628665	-0.0942479922	-0.0742142502	0.0906629692	0.0396156442	-0.0364670744	-0.0618440037	-0.0815880579	-0.0041497335	0.0669704392	0.0101709747	0.0440795871	0.0018651151	0.0604445672	0.0393198365	-0.0111993601	0.0005062115	-0.0820297431	-0.1428115666	0.0280583682	0.0207223145	0.1400862028	0.0394476853	-0.0224644764	0.0209305463	0.0407825105	-0.1403692826	0.02981159	0.0258013496	0.028990134	-0.0418369907	-0.0550486113	0.0798543803	-0.0449355261	0.1139958575	-0.086272131	0.0953893919	-0.0142630293	0.0590170901	0.0110588625	0.1223225027	0.0129296909	0.0586667822	-0.046769307	-0.0302811446	-0.0285864214	0.043357385	-0.0393100026	-0.0400562528	-0.044904932	-0.0968338037	-0.0112104258	0.1500426775	-0.0478092034	0.0528638827	0.0364254336	-0.0125212931	-0.1051062487	-0.0465196831	0.0310458108	-0.0207039206	0.1124411014	0.0844231534	-0.0470195873	0.0303936026	-0.0275056553	-0.003124871	0.0176496267	-0.0210175771	0.0427637518	-0.0248332679	0.1149005882	0.0398644645	-0.019082274	0.0648664442	0.0652136145	0.0601095474	0.0129948652	0.0170503927	0.0107286335	-0.0254417754	0.0992964459	0.0147981585	-0.0073259504	-0.0304748188	-0.0310276925	-0.0512461912	0.0360157054	-0.0397933803	-0.0930104555	-0.0858200768	0.1705570425	-0.0123315351	-0.0366144428	-0.0124673234	-0.0241467927	-0.1200988863	-0.0551713105	-0.0091932373	-0.0415008216	0.0617029403	0.0943512164	0.0780430407	0.0529179001	0.0218143241	-0.0117537397	0.0057510178647248	0.0001553778952256	2.4142290324768587e-08	3.30742064803838e-05	0.0882649660042034	0.082201499725656	0.006757086557147	0.0077907042237231	0.0128667452114399	0.0155449244616433	0.0002416446765181	0.0001655531323361	0.0001149882717558	0.0002129832072611	4.536184657522545e-08	1.3222302641385712e-08	-0.0001260108425107	-0.0001730213076191	2.9936372890245984e-08	1.587873243025644e-08	-0.000188992576945	2.5005188766600016e-05	6.252594652532995e-10	3.571819414031174e-08	0.0	0.0	0.0	0.0	0.0	0.0	0.0	0.0	0.0	0.0
281.3739716182688	0.6237036687271029	79171.31190423833	0.3890062663836477	416.11186025446113	-1.210178569446839	1.4645321699483975	173149.0802444282	262.7692496955893	0.8980498141232829	69047.67858558295	0.8064934686468629	277.34977825621826	272.86381698706845	0.891109	23.157124	0.1412555895004703	0.1057974311886081	0.0211208581	-0.0232669977	0.0295086712	0.0982637682	0.0116980666	-0.069674932	0.0821684429	-0.052887134	0.0452393784	0.0229004738	0.082708475	-0.0676533568	0.0445023322	-0.0520563228	-0.0108871699	0.0074130481	0.0854489042	-0.0694731994	0.0886252337	0.033376286	0.0133076204	-0.0714596723	-0.0782103568	-0.026096823	0.0852091116	-0.0298290461	-0.0156117157	-0.0129720237	-0.0542370774	0.0081721776	0.0437390852	-0.0349879897	0.1600241558	-0.0981921054	0.0339182794	0.0671896514	-0.0334589541	-0.0554203533	0.077840229	0.0755759342	0.1038269622	-0.0318594347	-0.117644642	-0.1477098331	-0.029996577	0.0785899203	0.0823156841	0.1626793584	-0.1024574263	-0.0172933823	-0.0698427439	-0.1697144078	0.0561144837	0.0128383584	0.072305288	-0.0180725719	-0.0794523926	-0.1391623721	-0.0023143008	-0.0864128275	-0.0786535002	0.0618401408	0.0110071567	-0.0655676944	-0.0348166613	-0.0524809339	-0.042607329	-0.0206879222	0.0117333512	-0.0376165539	-0.0225745266	0.1380879741	-0.0880615833	0.0459482354	0.0973729874	-0.0286585995	-0.0198155603	-0.0878129563	0.093108278	-0.0286950653	-0.0356631769	-0.0663456755	0.1602969851	-0.0700216413	0.0501607076	-0.0797521181	0.0220465649	-0.0492322661	-0.0037003095	-0.1338230483	0.0712764224	-0.0031977993	0.0806550826	-0.0140102282	0.061606644	-0.0016488909	-0.049607057	-0.0441437881	0.1452580792	-0.0797109607	-0.0541206634	0.1149122573	0.1141992446	0.1858424341	0.0115231093	0.088876049	-0.0405614309	-0.0054030635	-0.0488462557	0.0833395129	-0.0437178196	0.115465338	-0.0117610836	0.1511247459	-0.0448597724	0.0096523511	-0.0447997983	0.0240006189	-0.0282971842	0.0492547356	0.0043765584	0.0211325634	-0.0070939937	0.0728280339	0.0401010249	0.0614086177	-0.0490464645	-0.0289958788	0.0849579047	-0.0958258013	-0.0582058722	0.0722410528	-0.0255573402	-0.1296130606	0.0070510598	-0.0404571167	-0.0896090388	-0.0716577947	0.0938191336	0.0760405966	0.0488621241	0.0156434465	-0.0195090322	0.0073251650286749	0.00157414716395	2.4779392937721423e-06	5.365804269732175e-05	-0.0153679898280358	-0.1036329558322392	0.0107397895345268	0.0002361751113546	-0.0084817514793158	-0.0213484966907556	0.0004557583109552	7.194010815687575e-05	0.0002429988603139	0.0001280105885581	1.6386710782991165e-08	5.9048446113854295e-08	-1.6016159312792766e-05	0.0001099946831979	1.2098830331807978e-08	2.5651735913275845e-10	-0.0001329980524305	5.59945245145e-05	3.1353867756049412e-09	1.7688481950306027e-08	0.0	0.0	0.0	0.0	0.0	0.0	0.0	0.0	0.0	0.0
282.03419862131244	0.6602270030436443	79543.28919196592	0.4358996955479923	418.89251893477007	2.780658680308932	7.73206269637741	175470.9424195167	262.76552295242067	-0.0037267431686132	69045.72005245912	1.3888614644805238e-05	277.5738159648504	277.02274916959243	1.013364	26.334148	0.185301097618151	0.1339179108509721	0.0005927429	0.0647918107	0.0289644884	-0.0907194926	0.0695586784	-0.0465692466	-0.097948238	-0.0339647442	-0.0769602236	-0.0510418261	-0.0400727297	-0.062449818	-0.0191271323	0.0147034855	-0.0791308878	-0.0208544567	0.1206961046	0.0959055229	-0.0081140004	-0.0319747899	0.0934323375	-0.0007046954	0.1129277644	0.020297492	-0.0542549659	0.1060122757	0.1508814266	-0.0519756591	-0.1017146045	-0.0008077413	-0.0977372222	0.0142971007	-0.0009742615	-0.0040197787	-0.0406720386	-0.008393675	0.0236797026	-0.0519290136	0.032990451	-0.0457235911	0.0406536077	-0.0857368707	-0.0510943346	-0.0115935502	-0.068928747	0.0388640836	-0.2079073006	-0.0037930203	-0.1118467351	0.1032695997	-0.0205208317	0.019206005	-0.0611200522	0.0410529584	-0.0359603729	0.1131597096	0.0557464479	0.1241536168	0.0048831619	-0.0341972729	-0.0392147536	-0.0067343638	0.0306850423	-0.0450266457	0.001526561	-0.150196798	0.0140207138	-0.0223152764	-0.1368068407	0.0564944208	-0.0221308087	-0.0766721416	-0.1096422865	0.05235034	-0.0281224834	-0.0634328334	-0.0660711712	0.0586227642	0.039892908	0.1263200784	-0.0951118272	0.0782670468	-0.0278685743	0.0430949906	-0.0223866775	-0.0727536047	0.0213717174	-0.1152856902	0.0306590925	-0.0405985845	0.038225495	-0.0325278836	-0.1074278723	-0.0998350062	-0.0172937277	0.0398558302	-0.0088133124	-0.038934372	-0.0778005004	-0.0842854051	0.0251851362	-0.1343926582	-0.1067928529	0.0342292365	-0.0621473942	-0.03814429	-0.0397551452	0.0134264845	-0.1142774209	-0.0467906847	-0.0622848507	-0.0186276056	0.0240533342	0.1501944581	0.0246371767	0.0547557068	0.0591303153	-0.0372777793	0.0329994717	0.027925609	-0.1143189452	-0.004402128	-0.0717446903	-0.0413494091	0.0406816809	-0.031121348	0.0253288542	-0.1157411367	0.0262351623	-0.0002879248	-0.0628629755	0.0171706637	0.0659930704	-0.0474491484	0.016647331	-0.0252423404	0.0765656482	-0.06252388	0.0932639023	0.0739631095	0.0446978621	0.0094108313	-0.027144045	-0.010478744309438	-0.0178039093381129	0.0003169791877197	0.0001098040823025	0.1152206827826773	0.1305886726107131	0.017053401414228	0.0132758057409063	0.0168771382009396	0.0253588896802554	0.0006430732858153	0.0002848377938536	0.0001089970786652	-0.0001340017816487	1.795647748502587e-08	1.1880363157547798e-08	-7.000488697017637e-05	-5.3988727657383606e-05	2.9147827140631372e-09	4.9006841997071696e-09	-8.999604195519002e-05	4.300201047530997e-05	1.8491729049186682e-09	8.099287567600322e-09	0.0	0.0	0.0	0.0	0.0	0.0	0.0	0.0	0.0	0.0
281.35048609776226	-0.6837125235501844	79158.09602744711	0.4674628148593615	417.1996593267268	-1.69285960804325	2.8657736525443456	174055.5557423369	262.5908093642834	-0.1747135881372514	68953.93316258944	0.0305248378797931	277.6010660367285	278.04029947495815	1.141879	29.673862	0.0726323182312563	0.0444028528184422	-0.0316936448	-0.0545057021	-0.0148774403	0.0824994256	-0.088405532	0.0612887094	0.0981666263	-0.011823182	0.1677955648	-0.0388828098	-0.0092456006	0.0631015102	-0.0228618711	0.0152549728	-0.0313392149	0.0022535678	0.0528285334	0.0931147756	0.1333165797	-0.0278000691	-0.0875729899	-0.0227033542	0.0759040115	-0.0699262563	0.0176566517	-0.0259960292	-0.008547151	0.0285401027	0.0155217221	-0.0885938308	0.0359907462	-0.1530363504	0.0216229867	-0.0734638096	0.04333424	-0.0409188368	0.0079057521	-0.0048706079	-0.0954714087	0.0277187015	-0.0385519463	-0.0106538323	-0.0243590887	-0.034091076	-0.1146849358	0.0164596931	0.0775628932	0.1085732844	0.0688612602	0.052193988	0.0236750405	0.0228673481	0.0559907812	0.0853301442	0.0331617175	0.0006114399	-0.0191732994	-0.0515721103	0.1468737558	-0.075768765	-0.0145714476	-0.044413515	-0.0157385421	-0.0044596501	0.0270318701	0.0379371189	0.0176191499	-0.0042413177	0.0518708623	-0.1369508517	-0.0451086725	-0.0058814989	-0.0371595787	0.0875381356	-0.1426895224	-0.0296113623	0.0339594976	0.022353268	0.0903270202	0.0334486271	-0.0436477209	-0.0070790397	-0.0087100167	-0.1229061636	0.0323960391	0.0420179693	0.0562998437	0.0020687894	-0.0098526932	0.0564064878	0.0352335394	0.0472644603	-0.0263099644	-0.0428242041	0.0557723526	-0.0465162654	0.072385688	0.0485510067	0.1193229652	0.0700996354	0.0932332038	0.1320066617	-0.0489892246	-0.0228061395	0.0166251749	-6.96263e-05	-0.1417119642	0.0446205256	0.0773548979	-0.0015479464	-0.0220521446	0.0857009619	0.0342733162	0.0585475034	0.0257082963	-0.0336544301	-0.0688511683	-0.0173361354	0.006392172	-0.0113986105	0.1137368343	-0.0349181407	0.0927365823	-0.0360363721	0.0104741234	-0.0445517447	0.0487453332	0.0258617435	0.1193911503	0.0114324555	-0.0355225059	0.126424509	0.1068189108	-0.0493381292	-0.0405765683	0.0128202971	0.0310848421	-0.0035276389	0.0926856596	0.0718126298	0.0404343596	0.0031410759	-0.0346117057	0.0042833031171198	0.0147620474265578	0.0002179180442239	1.83466855931282e-05	0.1153313648118228	0.0001106820291454	1.2250511575763633e-08	0.0133013237093577	-0.0208807149569665	-0.0377578531579061	0.0014256554750939	0.000436004257114	0.0003559927878687	0.0002469957092035	6.100688036493992e-08	1.2673086501452922e-07	-0.0002010120548479	-0.0001310071678777	1.7162878035342063e-08	4.040584619417515e-08	-6.79642066834738e-05	2.203183527171622e-05	4.854017654400389e-10	4.619133390113945e-09	0.0	0.0	0.0	0.0	0.0	0.0	0.0	0.0	0.0	0.0
281.7604411652028	0.409955067440535	79388.94620560971	0.1680631573201736	421.0982651502436	3.898605823516789	15.19912736715902	177323.74891254486	262.8282004332476	0.2373910689642002	69078.66294297938	0.0563545196239656	278.0459795950861	276.5699437263916	1.101717	28.63018	0.1463584900336732	0.0957530142095536	0.0052310046	0.058321892	0.0175098707	0.0013273608	0.1228823655	0.0148459494	0.0311394764	-0.0026221135	-0.148982584	0.0357580638	-0.001637596	-0.0057709987	0.0018719561	-0.0451359683	-0.0345843664	0.0581679934	0.07502308	0.0694082222	0.0209534107	0.0477575386	0.0544534078	0.071451572	-0.006373674	0.0028199322	-0.035607592	0.1080492698	-0.046783967	-0.0165456571	-0.0427991262	0.0794593251	-0.0560656075	0.081162588	0.0798147807	-0.0864509551	-0.0332783688	-0.0120302209	-0.0704714776	0.0637375659	-0.1046573938	0.0328927428	-0.0242522841	0.0032448466	0.1011835431	-0.0052337441	0.0032922136	-0.1659492708	-0.1390944725	0.052106472	-0.0698311742	0.0365698991	0.1085799278	-0.1067674992	0.1003988274	-0.0301196123	0.0678258962	-0.01567952	0.0526846562	0.1679809053	-0.0169844842	-0.027556485	-0.0530010698	-0.0168043407	-0.0477484211	-0.1656309907	-0.0474037283	0.0261495049	-0.0524581587	0.0081733771	-0.0497515634	-0.0434023578	0.0307853832	-0.1083127398	-0.1255494197	-0.0482083155	0.0770549249	-0.0276256452	-0.0225493945	0.0390199939	0.0311038267	0.0316246743	0.0220415274	-0.0007399261	0.1075314335	0.0189708143	0.0036213636	-0.0211734211	0.0305003988	3.92933e-05	-0.0573178822	-0.1241104344	-0.1343358525	-0.0420369584	0.0146954883	0.0923263359	0.0292945358	-0.0422644713	-0.0440307643	0.0262960386	-0.1921951505	0.0439555792	0.0308988528	0.0883908679	-0.0793386033	-0.0943992524	-0.046279188	-0.1231056903	-0.0359026699	0.0001425929	-0.1507890109	0.0791902094	-0.0026734906	0.0347309157	0.0253716516	0.0838187085	-0.0298751981	0.0413582945	0.0246259958	0.021228736	-0.0520005235	0.0795681872	-0.0749168555	-0.0002497031	-0.0254014025	0.0853225812	0.0155013218	0.0565270174	0.0170805069	-0.0825426831	0.0104946632	-0.013831236	-0.052317688	0.1022283473	0.0154673032	-0.0364071344	0.0134153547	0.0875939451	-0.0142971004	0.0861761461	0.092084548	0.0695912797	0.0360810826	-0.0031410759	-0.0418659738	-0.0020280788696567	-0.0063113819867765	3.983354258300689e-05	4.113103901547997e-06	0.0263901759166174	-0.0889411888952054	0.0079105350820926	0.00069644138491	0.0007268302885989	0.0216075452455654	0.0004668860115391	5.282822684247603e-07	8.002124115897033e-06	-0.0003479906637528	1.2109750205911637e-07	6.403399036622087e-11	-7.999978313399936e-05	0.0001210122717139	1.4643969905358917e-08	6.399965301486928e-09	5.300033597234236e-05	0.0001209645426558	1.4632420579930769e-08	2.8090356131811676e-09	0.0	0.0	0.0	0.0	0.0	0.0	0.0	0.0	0.0	0.0
281.7135166173647	-0.0469245478381026	79362.50544492221	0.0022019131898103	417.9716123130105	-3.126652837233109	9.775957964577854	174700.26869953756	261.9950517461382	-0.8331486871094285	68641.40713946163	0.6941367348321643	277.1126759441047	281.5175956448201	1.091864	28.374138	0.1055286443304574	0.0755102949255791	-0.0524905622	-0.0514745599	0.0276461475	-0.0292205327	-0.1087846168	-0.0393005026	-0.0101554363	0.0384141865	0.0830917587	-0.0009524262	-0.0177687433	0.087125925	0.0359191104	0.0129988607	-0.0253454787	0.0206767311	-0.0058647392	-0.0023052232	0.0391104806	0.0208241045	-0.0446313107	-0.0776444815	0.1315638556	0.015814448	-0.0514209801	-0.0431356355	0.0438593829	0.0274019955	-0.1485738501	-0.0675056527	0.0147114204	-0.0819957563	-0.0703782464	-0.0925105683	-0.1398345407	-0.0575494795	0.1222405708	-0.0099246638	-0.0793803118	-0.0802627772	-0.0674315232	0.0513194398	0.1186421382	-0.0389042135	0.0223308576	-0.0789238722	0.0856454233	0.0646765144	-0.0829694443	-0.0559523105	0.000141364	-0.0448882473	0.1010759032	0.0724048163	-0.0836939506	0.0135217738	-0.0910670825	0.0270492041	-0.0030906723	-0.0435955505	-0.0471882183	-0.1240378351	0.0814112972	0.0425396874	-0.0215738874	0.087779375	0.0096731058	-0.0487900264	0.0444218859	-0.0005392666	0.0013240196	0.0174529028	-0.0153332056	0.0891119659	-0.0971854315	-0.0042208292	0.0171462391	0.132438528	0.0223285289	-0.0190334025	-0.1030701929	-0.0080414705	-0.0487496201	0.0078232758	0.036347322	-0.0930003145	0.078121199	-0.1155273656	0.1273648461	0.1319386114	-0.0028025998	-0.1421524831	0.0733148772	0.094971832	0.0405321161	-0.0762590567	-0.0528488275	0.0601565626	-0.0096481798	0.0461896673	0.0511878502	0.1215506797	0.0146505224	-0.1075063049	0.1127787017	-0.0162717778	-0.0297279255	0.0577111973	-0.0633694041	0.0159781771	0.1120111973	-0.037319228	0.009636818	0.030488883	0.0085968507	-0.0322600183	-0.0672033975	-0.0427114359	0.0856940922	-0.0020185576	0.0329601527	-0.0451197	-0.022989803	-0.1464564743	0.0412654634	-0.0153851055	0.0421800228	-0.0726310645	0.1171018975	0.0223432884	0.0594851902	0.0062990233	0.0170405521	-0.1231940039	-0.0868842007	0.0370620197	0.0566333267	0.0683536786	0.091460716	0.0673012514	0.0316476967	-0.0094108313	-0.0488621241	0.0025551613266827	0.0045832401963394	2.1006090697341224e-05	6.528849405374895e-06	0.0966524650271623	0.0702622891105449	0.0049367892710537	0.0093416989958268	-0.000234271148976	-0.0009611014375749	9.237159733085394e-07	5.4882971242535195e-08	0.0004040061413489	0.000396004017233	1.5681918166467657e-07	1.632209622476274e-07	-0.0002719906355819	-0.0001919908524479	3.6860487423671554e-08	7.397890584424592e-08	4.655493393328138e-05	-6.445402039060982e-06	4.1543207445131455e-11	2.167361873532194e-09	0.0	0.0	0.0	0.0	0.0	0.0	0.0	0.0	0.0	0.0
281.4310262169361	-0.2824904004285713	79203.42251751779	0.0798008263342945	420.2723086825284	2.30069636951788	5.293203784712752	176628.8134453424	262.5632129268947	0.5681611807565332	68939.44078249385	0.322807127318658	278.07264519588995	277.81404802384014	1.117517	29.040762	0.2043442473174982	0.1778271627633988	0.0213153128	0.0772329648	-0.055032248	0.135208162	0.0070462092	0.1342822447	0.0756693172	-0.0684040468	0.0164257943	0.042115243	0.0579823663	-0.0526214459	-0.0062641265	-0.0904192167	-0.0075191752	-0.0208324958	0.0472931725	-0.0149481781	-0.0002311086	0.0314057423	-0.0650031412	0.0824366392	0.0495441678	-0.0442939884	-0.09494873	0.0142995381	-0.1905245251	0.035725096	-0.0205812518	-0.0323424459	0.1327425402	0.0234327871	-0.0212541752	0.0541000666	-0.0817300917	-0.0130748823	-0.0464962295	-0.1060197845	0.0562075408	0.105648469	-0.0206899482	0.0080423295	0.1318069361	0.0122804827	-0.0641598418	-0.0170759679	0.0269315889	-0.0084216511	-0.0545171061	0.0076763842	0.0713061295	-0.0809154464	-0.0368040722	-0.0704942151	0.0179435639	0.071577473	-0.0792846361	-0.0351750666	-0.0338918752	0.0501797115	0.0594974302	-0.0480422457	-0.0244834214	-0.0184850168	0.0524391908	0.0526312636	-0.096560464	0.0693465799	-0.0197245332	-0.0952952526	-0.0432728947	0.0322535386	-0.0075744245	-0.0291376964	0.019668687	0.0992935517	0.0834616333	0.0763188701	0.0180550168	-0.0716887135	0.0114469004	0.0866973104	0.0597928623	-0.0037006555	0.0884707485	0.0752387662	0.0777933135	0.0567021079	0.0452983517	-0.0172646618	0.070322121	-0.0451055669	0.0447524345	0.1367503389	-0.1891323935	0.0515528408	-0.1062687822	-0.0002742115	-0.1064326916	0.0136842101	0.0381653459	0.0177712586	-0.0296894549	0.0185516776	-0.0110216784	0.0075789868	-0.0888712448	-0.0967426642	-0.1510361847	-0.0956239006	0.1122882122	-0.0818199499	-0.0216082169	-0.0009313271	-0.0967546697	0.045802262	0.0142164756	0.0279827536	-0.05832923	0.0630216601	0.0709775257	-0.0285194154	0.0649778914	0.0896497568	0.0319031524	0.1254327347	-0.0532461258	-0.146961687	-0.0903995945	0.0155467528	-0.1009275469	0.0609029247	-0.0336041828	-0.030668367	-0.1327264347	-0.018019171	0.0215625418	-0.01253889	0.0908143174	0.0649448048	0.027144045	-0.0156434465	-0.0555570233	0.0055041436431935	0.0029489823165108	8.696496703093404e-06	3.0295597244907414e-05	-0.0796976450630921	-0.1763501100902544	0.0310993613288448	0.0063517146286026	-0.0225046925104308	-0.0222704213614548	0.0004959716676167	0.000506461184989	0.0003650084641029	-3.899767724600004e-05	1.5208188305831887e-09	1.3323117886675806e-07	-0.0002719883369959	2.2985859999776793e-09	5.283497599293388e-18	7.397765546179529e-08	6.304962908684701e-05	1.6494695153565633e-05	2.7207496820906157e-10	3.975255727988985e-09	0.0	0.0	0.0	0.0	0.0	0.0	0.0	0.0	0.0	0.0
280.7847575828161	-0.6462686341200197	78840.0800908408	0.4176631474473558	419.7332495498657	-0.5390591326626577	0.2905847485070168	176176.00077768986	261.1020919459776	-1.4611209809171442	68174.30241856573	2.1348745208762776	275.8526428345753	276.7168791465068	1.238604	32.187443	0.4808209199216899	0.4081839068309577	-0.0025561173	-0.010146174	0.0798313047	-0.0092051945	0.0981469984	-0.1105407138	-0.0101875569	0.0224757511	-0.0729624938	-0.0257230627	-0.0585731218	-0.0918922557	-0.07488556	0.1063662774	-0.114239615	-0.1135543892	-0.0411766738	-0.0941975725	-0.0338541108	-0.0305344665	0.116038438	0.0141635341	0.1333193402	-0.0422410811	-0.0015088813	0.095354092	0.1120297275	0.0154210768	-0.041616194	0.019111606	0.0300488652	0.1119301172	0.0169145394	0.0031136712	0.0014319862	-0.0396230969	-0.0630547255	-0.0978691702	-0.0209916528	-0.027771806	-0.1117106237	0.0610640598	-0.0632965952	0.0262206424	0.0243741361	0.0143030261	0.0004926268	-0.1490785118	0.0712873451	-0.0188945162	-0.0199923762	-0.0095789866	0.0620494994	-0.0177892867	-0.0034933936	-0.0308427699	-0.1294597805	-0.0424421101	-0.0006421462	0.0236624684	-0.049725075	0.0324493002	0.0928344937	0.0028372173	-0.0310754596	-0.0271365364	0.1102637505	-0.0800584428	-0.0809929886	0.0821966931	-0.1236653485	0.0066262378	0.0077931159	-0.0743101021	0.0273541855	0.0313002685	-0.0960816679	0.1049438481	0.1020198528	0.0206622894	0.0851142823	-0.0520250968	-0.0293306819	0.0644234236	-0.0388175306	-0.0073029907	-0.0390563194	0.0726428231	0.0254375899	-0.0235687102	0.0571756683	0.0038356223	-0.0393918797	0.0866375943	0.0391133377	-0.0457664705	-0.0032726547	0.200648254	0.0402498359	-0.096419043	-0.0155237155	-0.0313624903	-0.0953647721	0.0040338955	-0.099162149	0.0341483589	0.0715978995	-0.0031533088	0.0372167695	0.011474233	-0.0262195111	0.0491336397	0.0181346088	-0.0576631622	0.1074076827	-0.0121745901	0.0498387237	-0.064957729	-0.0153781149	-0.1734236251	0.0106177859	-0.0361449049	-0.1565030142	0.0359054785	-0.0465706586	0.0131013583	0.0556915417	-0.1372951569	0.0700450674	0.0132573336	-0.0455341684	0.1317822813	0.0027519246	0.0987691222	0.0396564373	0.0446192072	0.0674918587	0.1665551435	0.0901455117	0.0625242656	0.0225801267	-0.0218143241	-0.0619093949	0.0167543374936229	0.0112501938504294	0.0001265668616722	0.0002807078248502	0.3234806508608727	0.4031782959239648	0.1625527383041521	0.1046397314813738	0.0004920779756858	0.0229967704861166	0.0005288514527911	2.421407341550348e-07	0.0010479998576626	0.0006829913935597	4.66477243676621e-07	1.0983037016608298e-06	-0.0001860187430497	8.59695939462e-05	7.390771083274508e-09	3.4602972765790325e-08	-3.590257663083432e-05	-9.895220571768132e-05	9.791539016394326e-09	1.2889950087329302e-09	0.0	0.0	0.0	0.0	0.0	0.0	0.0	0.0	0.0	0.0
280.9034748692678	0.1187172864517265	78906.76219362939	0.0140937941024612	413.5350019836426	-6.198247566223131	38.41827289219096	171011.1978656113	261.7782019966713	0.676110050693751	68527.82704061005	0.4571248006491065	276.3306318349213	272.952724988485	1.045391	27.166449	0.3146766259069757	0.2457302159844164	-0.0219399733	0.0217326159	0.1311565531	0.0742014479	-0.0829126672	-0.0488855004	-0.0367234252	-0.0520415574	0.1533332111	0.0127730179	0.052445181	0.000237259	0.0138310137	-0.0070329067	-0.0220371832	0.0333573928	0.0280650812	-0.171690398	0.0588777369	0.0559150963	-0.0242216271	-0.0888730378	0.0684038588	-0.0136486769	0.0380713451	-0.0896263095	0.0750002991	0.0154729741	-0.0253042131	-0.1422657851	-0.0190347247	0.093678247	0.1300331043	0.0593578314	-0.0319293949	-0.0068317511	0.0531802899	-0.0891589965	0.0566907212	0.0079817686	0.0068034732	0.0426394514	-0.0233376742	0.0663792055	0.0547303311	-0.0445042819	0.0471452658	-0.1037651676	-0.0031207884	0.1467311526	-0.0875597686	-0.0329607115	-0.0655768918	0.2202501251	-0.1186103673	0.1581103648	-0.0696115524	0.1361894411	-0.1172286682	0.0114589254	-0.062592219	-0.0229532187	-0.0192273348	-0.0133110764	0.0623221954	0.0441661312	-0.0006752992	-0.0752964723	0.0178641904	0.0401189115	0.0239189553	0.1700694798	-0.0443248286	0.0561975865	-0.0568720343	0.049296686	0.0225307673	0.004099277	0.0552628775	0.0193354659	0.0339355554	-0.1570194541	0.0234278671	-0.0212142106	-0.0595633969	-0.1532366995	0.0225759024	0.0163488341	-0.0262398289	0.0308650539	0.0919707501	-0.022182869	-0.0365332215	0.0402666172	0.0955678195	0.0431047364	-0.0826519737	-0.0328519588	0.0038546	-0.0087099299	-0.0893022557	-0.029266834	-0.0847107358	-0.0120033559	-0.0698296266	0.013390643	0.0042260922	0.1787032999	-0.067896709	-0.1192693747	0.0330898081	-0.1235459634	0.0264624881	0.0198837699	-0.008181933	-0.0494363833	-0.0361606905	0.0279034532	-0.0040245745	-0.0385081768	0.0130911021	-0.1571245353	-0.0101990175	-0.0622352424	0.0507599699	-0.0489041142	0.0651145237	-0.0427433824	0.1263309739	-0.0439787702	-0.0554187858	0.0242609165	-0.1847167834	-0.0790079641	0.0398291477	0.0558634777	-0.0076080603	-0.0111391464	0.089454464	0.0600420225	0.0179660749	-0.0278991106	-0.0678800746	0.0264686379578904	0.0097143004642674	9.436763351006771e-05	0.0007005887953458	0.0817602781130233	-0.2417203727478493	0.0584287386013592	0.0066847430771189	0.0144778506398566	0.0139857726641708	0.0001956018370138	0.0002096081591499	0.0007970372217382	-0.0002509626359244	6.298224463012296e-08	6.352683328361486e-07	-0.0007899623714737	-0.0006039436284239	3.647479063139465e-07	6.240405483443519e-07	9.43147596345282e-05	0.0001302173362653	1.6956554664046498e-08	8.89527388491883e-09	0.0	0.0	0.0	0.0	0.0	0.0	0.0	0.0	0.0	0.0
281.3200565957907	0.4165817265228497	79140.97424305887	0.1735403348727583	416.27292445789686	2.737922474254276	7.496219475026657	173283.1476367299	262.0197899976923	0.2415880010210003	68654.3703504348	0.0583647622373228	276.80671550594894	276.30912972661434	0.903844	23.488066	0.1287558615693059	0.0769517815558433	-0.0156655628	0.0052956718	0.0020616368	0.1063475803	0.0700688478	-0.0094350412	0.0592008044	-0.0689709461	0.0352692799	-0.0555288338	0.0400052331	-0.0801069684	-0.0601998376	0.0480520685	-0.0570667611	-0.0426434109	0.1130252573	-0.0849877822	0.085725844	-0.0138247976	0.0189169767	-0.0552343149	0.0372213693	-0.1503626404	0.041964256	-0.0156213118	-0.038339398	-0.0557976987	-0.0084742749	0.0055327897	-0.0148276755	0.1106020634	0.1677725469	-0.0403627394	-0.1067089178	0.0583447096	-0.0146954341	-0.0487391443	0.0131798671	0.0554258104	0.0997053331	-0.0348009615	-0.0197024482	0.0062435943	0.0424790485	-0.0365048866	-0.0522694824	0.0976691257	0.1073332715	-0.1429288578	-0.0931985771	-0.0026715807	0.0247929724	-0.0337402806	-0.0512527003	-0.0705183748	0.13168855	-0.0789790463	0.0252398953	0.0087376724	0.1264638979	0.0093449623	0.0538772942	0.0599667737	-0.0716098954	-0.0006995043	0.0485227963	-0.015907683	-0.0338129601	-0.0732733231	-0.0660860827	0.141473139	-0.080266694	0.0292989305	0.0139497068	0.0442352156	-0.0106619707	-0.0340613603	0.1784925658	0.06369474	-0.0480991396	-0.0102644481	0.0298446687	0.0587637425	-0.0158682255	-0.1213432159	-0.1042439899	0.0125795532	-0.0602401863	0.0024939547	-0.0079818971	-0.0182360869	-0.0380959113	0.1104807445	0.0159800232	0.053456999	-0.0295480932	-0.1221075399	0.0603358735	0.0245430714	0.0134319038	-0.0302222113	0.1422861687	-0.0790207177	0.0039736943	0.072900482	0.0014796984	0.0089086714	-0.0101841535	0.1274481118	-0.0439330745	0.0895181568	0.040003779	0.0289363981	0.0339089772	-0.0007199501	0.0121053116	0.0363338877	-0.0391955117	-0.0180530942	0.0641103875	-0.0215451095	0.014760855	0.059818312	0.0756011647	-0.0478681738	0.0807617027	-0.133353401	0.1113587928	-0.1006799558	-0.0445259959	-0.0483768462	-0.026277942	0.0487947904	-0.0729866222	0.0661019307	0.0332614508	-0.0169253349	0.0887413447	0.0575005252	0.0133121339	-0.033873792	-0.0734322509	0.0221808288073503	-0.00428780915054	1.8385307311455394e-05	0.0004919891665809	0.151621666357073	0.0698613882440497	0.0048806135673858	0.0229891297088955	0.0219374909414113	0.0074596403015547	5.564623342857909e-05	0.0004812535088045	0.0010189680595865	0.0002219308378483	4.92532967880485e-08	1.0382959064574773e-06	-0.000344092253939	0.0004458701175347	1.9880016171040723e-07	1.1839947922082126e-07	-0.0001808247624457	-0.0002751395220802	7.57017566105364e-08	3.2697594713543846e-08	0.0	0.0	0.0	0.0	0.0	0.0	0.0	0.0	0.0	0.0
281.71770986194724	0.397653266156567	79364.86804986029	0.1581281200849855	415.8242171131481	-0.4487073447487546	0.2013382812314777	172909.77953776254	262.52462229821674	0.5048323005244129	68919.17731282135	0.2548556516527711	277.0908792183401	275.718814069028	0.8499679999999998	22.087994	0.1294856465885642	0.097647323475779	-0.0352259484	0.0431928893	0.0882068552	-0.0236549881	0.067480105	-0.1034149003	-0.046907213	-0.0284563935	-0.0127904866	-0.0100948471	0.0619408477	-0.0617076961	-0.0313469519	-0.0307514103	-0.0765810198	-0.0304288292	0.1462326856	-0.0603698516	0.0995434544	0.0840215848	0.0685339662	0.0463627965	0.0188551214	0.0091857145	0.1173316653	-0.0117607287	0.0839665926	-0.0517244754	0.0380502902	-0.0643612805	0.0967596719	-0.0520692997	0.0482494875	0.0066238942	0.0015606669	-0.0306850026	-0.0847563569	0.0416695343	-0.14147748	-0.081279413	0.0155757381	0.032886189	0.0901733427	-0.0407754598	0.0053001064	0.1046263741	-0.0190561492	0.049150041	-0.0486063067	0.011473297	0.027361867	0.0778044041	0.0511627639	-0.0182320237	0.0756703613	0.0624351569	-0.0055538601	-0.0917114377	0.0408384161	0.1267433295	0.0527218725	0.0109212187	-0.047688641	-0.0437827657	0.0728221449	0.0823026347	-0.02446305	-0.0585910276	-0.0533932732	0.0523479476	-0.0440128664	0.0522849109	-0.2200549078	0.021461665	0.0028566182	-0.0241478993	-0.0079066837	-0.0294692347	0.0444438757	0.0682659342	-0.0256442354	-0.013797065	0.05494504	-0.1345718917	0.0521807908	0.0341078897	-0.0347530399	0.0105513131	-0.0233613248	0.0648359888	-0.100413415	-0.0594689543	-0.0960377079	-0.0471855386	-0.1775372934	-0.041518904	0.0733454453	0.0344763351	0.104340459	0.1179517907	0.069605881	-0.0044120733	0.0125587815	0.0435516607	0.0253209612	-0.0624112134	-0.0051001463	-0.0139844825	-0.0182579412	-0.0573669882	0.0365831092	-0.0211955394	0.0540507051	-0.0421358312	-0.0049739817	0.0015462212	-0.0116721378	0.0248756816	-0.0617995127	0.0205092011	-0.1113026243	0.0020343515	0.0027225046	0.0266739259	0.0618707663	0.0163930949	0.0557066094	-0.0433938106	0.100502914	-0.0660705093	-0.1305772196	0.0597988651	-0.0398583263	0.033930273	-0.0536884486	0.020213515	-0.0588106478	-0.0130246398	0.0880063298	0.0549022818	0.0086286366	-0.0397147891	-0.0785316931	0.0167377755435325	-0.0054430532638178	2.962682883275761e-05	0.0002801531301456	0.0584626633396538	-0.0931590030174192	0.0086785998431995	0.0034178830047657	0.0219894690220385	5.1978080627200496e-05	2.7017208656877557e-09	0.0004835367478711	0.0006119792814844	-0.0004069887781021	1.6563986550104046e-07	3.745186409661626e-07	-0.0001795689952921	0.0001645232586468	2.7067902635794752e-08	3.224502407021423e-08	-0.0002259449702307	-4.512020778500001e-05	2.035833150561576e-09	5.1051129572551924e-08	0.0	0.0	0.0	0.0	0.0	0.0	0.0	0.0	0.0	0.0
281.7496157742805	0.0319059123332863	79382.84598895471	0.0010179872418193	417.3249754125422	1.500758299394079	2.252275473200207	174160.13510307894	262.1809095455301	-0.3437127526866561	68738.82933012143	0.1181384563594384	276.9939587491916	281.94452410034535	1.030924	26.790483	0.1980821042402782	0.1766387333867844	-0.0426562554	0.034536831	-0.0301559306	-0.0895544502	-0.0121746578	0.0070470583	-0.058882332	-0.0175657652	0.0560737644	-0.095214364	-0.0921975195	-0.0208623541	-0.0051669753	0.0796763027	-0.1074191277	-0.0736937228	0.0964580252	0.0084762323	0.0500564687	-0.0788040717	0.0557141505	-0.0762874926	0.1374803631	0.0097004077	-0.0312429824	-0.0190690767	0.1378586722	-0.0305106311	-0.0530683125	-0.0248744006	-0.0329055184	-0.0309050373	-0.0227040494	0.0189837643	-0.0172781601	0.0463030396	-0.0029935572	-0.012291523	0.0304591266	-0.0844815785	0.0934639631	0.0130622142	0.0846434205	-0.0453236484	0.007216871	0.1070719963	0.0241483802	-0.0494485165	0.0936985114	-0.0255868779	0.049727682	-0.058551781	0.0306057052	-0.085570392	-0.0316693542	-0.0289124666	-0.0419485853	0.0368731112	0.1391958739	0.1418412761	0.076927398	-0.0158981906	-0.0955985313	0.1333692332	-0.053895097	-0.0286031379	0.0777895135	-0.0208969337	-0.1077413769	0.0031008325	-0.0837493675	-0.0045315647	-0.0655599103	0.0882537153	-0.1338841003	0.008872458	-0.1047058136	0.069596538	0.0489245421	0.0700607439	-0.0330441553	-0.0929195961	0.0235147531	0.029869584	-0.0562385409	-0.0668346183	0.0053158133	-0.0127176935	0.0618267377	0.0205744122	0.0405030478	-0.089101426	0.043691474	-0.097060716	-0.0082686094	-0.0100142082	0.0087108375	-0.0798445412	0.0949167905	-0.0230821493	-0.0446267755	-0.079715623	-0.0138532718	-0.005360556	0.0717900756	-0.091431051	-0.0631679744	-0.0794729326	0.0148681534	0.1108535061	0.0144111501	-0.0856753355	0.0360867878	-0.1669706615	0.0891494355	0.0033485063	0.0617336258	-0.0679159725	0.0910002979	-0.081700427	-0.0458480967	-0.0272901068	0.0470115254	-0.0700027068	0.0136397096	-0.1069617886	0.0459903095	-0.0975689622	0.0575571855	-0.0271750311	-0.0608836778	0.0403907714	-0.0406165989	-0.0216111521	0.0473362138	-0.0133747924	0.0456766492	0.0555653598	0.0872496007	0.0522498565	0.0039259816	-0.04539905	-0.0831469612	0.0168314392976327	9.366375410019973e-05	8.772898832142681e-09	0.0002832973488298	0.2345011607325773	0.1760384973929235	0.0309895525643583	0.054990794384926	0.021882872740619	-0.0001065962814194	1.1362767212465088e-08	0.0004788601193821	0.0005770147300321	-3.4964551452300015e-05	1.2225198582605352e-09	3.329459986740173e-07	-0.0002239619202084	-4.43929249163e-05	1.9707317826242486e-09	5.015894170343372e-08	0.0001315644896374	0.0003575094598681	1.2781301389518058e-07	1.7309214933549533e-08	0.0	0.0	0.0	0.0	0.0	0.0	0.0	0.0	0.0	0.0
281.28689006137546	-0.462725712905069	79122.31452040032	0.2141150853835043	418.7513290821422	1.4263536696000187	2.0344847907814394	175352.67560806056	262.9230618277632	0.7421522822331212	69128.5364408858	0.5507900100238304	277.8704954999196	278.4712035180641	1.199946	31.182842	0.2863061647175903	0.2430131307940249	-0.0044590654	-0.099188738	-0.0536426116	0.1471942048	-0.0519277124	0.0360517697	0.180471691	-0.0239748772	0.0486729651	0.0248126969	0.0284018749	0.0754509144	-0.0706960993	-0.0640329696	-0.02137373	0.0666245233	0.0341174206	0.0803082948	0.2066119676	-0.0255161396	-0.043085684	0.0074399045	-0.0016973966	-0.0926210496	-0.1034903052	-0.0261660525	-0.0223061435	0.0248218053	0.0640853483	-0.0361296672	0.0568718635	0.090592056	0.0154524761	0.0937314237	-0.0627059175	-0.0260467316	-0.0661155334	-0.0396044089	0.1189614799	0.0060074811	0.0481632615	-0.031853419	0.0810198073	-0.0544762746	-0.0457690495	-0.0157237109	-0.022849445	-0.0983695221	0.0495363454	-0.0395843763	-0.0479502509	0.0590554601	-0.0822542633	-0.1085253097	0.1283191513	0.0146044544	-0.0592668604	-0.0355997331	0.0286044273	0.0165847232	-0.0948271797	0.0130960144	0.1364392371	0.0249823171	0.1594686906	0.0454453934	-0.059295351	-0.0223585663	0.1129273892	-0.176155315	-0.018672557	-0.0158218241	-0.0617884576	0.0752507834	-0.0392243467	0.0450412476	-0.0577456491	0.0254624038	0.0188949399	0.068028367	-0.0274678657	-0.0384297857	-0.0034546689	-0.0124539726	-0.0206289886	0.0908049327	-0.0461625599	0.0603332088	-0.0395263919	0.0108402016	0.1061599964	-0.1009501748	-0.0114833593	-0.0004284476	-0.0788240828	0.1517042089	-0.0120118754	-0.0934103579	0.0674071465	0.0080632834	0.0749390993	-0.0973924272	0.069011148	-0.0404049563	-0.1641058957	-0.0788389362	0.0810153127	-0.0580305659	0.0157936972	-0.0537373783	0.0207712032	0.0358953484	-0.110361366	-0.035150635	-0.0484387326	-0.0525556222	-0.1061212115	0.0360698512	-0.0140740269	-0.0009276248	0.1111422813	0.0137656301	0.0938800503	0.0567197877	0.0595174725	0.0671940283	0.0810703515	-0.0214713508	0.1144364282	0.0163186135	0.0038880871	0.0437601085	-0.0434109823	0.0441400106	-0.1090343244	-0.0034647294	-0.0249899871	-0.1590304089	0.0864713441	0.0495458668	-0.0007853901	-0.0509041416	-0.0872496007	0.0167229926086633	-0.0001084466889694	1.1760684348425896e-08	0.0002796584817894	-0.0086971623639868	-0.243198323096564	0.0591454243569807	7.564063318554847e-05	0.0062610039494472	-0.0156218687911718	0.0002440427845285	3.9200170454993433e-05	0.0010140279011294	0.0004370131710973	1.9098051171251806e-07	1.0282525842688964e-06	-0.0002959135622329	-7.195164202450003e-05	5.1770387900217994e-09	8.75648363133644e-08	0.0001701501993333	3.85857096959e-05	1.488856992736271e-09	2.8951090333161723e-08	0.0	0.0	0.0	0.0	0.0	0.0	0.0	0.0	0.0	0.0
280.98894927648	-0.2979407848954452	78954.78961550025	0.0887687113041139	420.37842086792	1.6270917857777931	2.647427679345568	176718.01673140607	262.5267193403749	-0.3963424873883241	68920.27836761996	0.1570873673091638	277.87093947934727	272.51816360512714	1.218047	31.653238	0.0411049183845054	0.0240542711645215	0.0750817478	0.0833028346	0.0448864331	-0.028352098	0.0417967936	0.0478374259	-0.0233487954	0.0260198781	-0.1314807158	0.0593179654	0.0469282561	0.008413398	-0.0378723327	-0.0715487445	-0.009723468	0.0050617643	0.0505230459	0.0225461696	0.0168100302	0.0492720985	0.0738550386	0.0988959002	0.0686512784	0.0091233799	-0.0053374722	-0.0370267972	0.1060855401	0.1779186423	-0.0605449217	0.0230266141	0.0366070085	-0.1333058102	0.051459749	0.1276581401	0.1682164461	0.1501946555	-0.0588327038	0.0834377141	-0.0137762074	0.0838708705	0.0939637168	0.1229435447	0.0579823849	-0.0727934211	0.0449180567	0.0592689351	0.0042387219	-0.0381395754	-0.1012176138	-0.0206007765	-0.0566593671	0.0747698062	0.0718291035	0.0817595779	0.1264205607	-0.0549820473	-0.155305524	0.0581266442	-0.0769755523	-0.0891779628	0.0089502387	0.0759922687	0.0627275957	0.1178774648	0.0081504673	-0.0073039469	-0.0799887766	0.0401715817	-0.0389989483	0.0183830667	0.0141439208	-0.070158211	-0.0982396817	-0.044061825	0.0056478097	0.0232914269	-0.0064985316	0.1195869923	-0.0289522182	0.0605444994	-0.0308533279	-0.1633934597	0.0399640889	0.0109560119	0.1118947794	0.0357407897	0.131035229	0.178662429	0.0096481935	-0.0260057918	-0.0398235471	0.0799766255	0.0888213276	-0.163873192	-0.0783620618	-0.0880628744	0.0081942576	-0.0411438586	0.0218341469	0.0687818542	0.0234332848	0.0460811961	-0.076789867	0.0481501098	-0.0935459849	0.0642292075	0.0349959458	-0.0032626322	0.0392194151	0.0890512589	0.0902674832	-0.0799047236	-0.0463942939	0.02755547	-0.0702220654	0.0443484264	0.0419148806	0.0650634978	-0.0226492029	0.0433634466	-0.0874709108	-0.0118861594	-0.0344005089	0.0378370937	0.0146692757	0.0834403709	-0.1081586726	-0.1156805192	-0.0044274315	0.0189384229	-0.0404829577	0.073055236	0.0114650577	0.1683926103	-0.0721695855	0.0661511269	-0.0872441517	-0.0323961523	0.0856717519	0.0467929814	-0.005495018	-0.0562083378	-0.0908143174	0.0157561016699077	-0.0009668909387555	9.348780874476836e-07	0.0002482547398324	-0.0222264312998561	-0.0135292689358693	0.000183041117939	0.0004940142483272	0.0219666139904077	0.0157056100409605	0.0002466661867587	0.0004825321302035	0.0008240208943364	-0.000190007006793	3.610266263043516e-08	6.790104343029605e-07	-0.0002959412169192	-2.7654686299955454e-08	7.647816743489439e-16	8.758120387161698e-08	0.0001421218914342	-2.80283078991e-05	7.855860436867512e-10	2.0198632024834532e-08	0.0	0.0	0.0	0.0	0.0	0.0	0.0	0.0	0.0	0.0
280.86242469446177	-0.1265245820182485	78883.70160525221	0.0160084698548925	417.8537638161399	-2.524657051780082	6.373893229102896	174601.76793531445	261.4807228152134	-1.0459965251614562	68372.16840396647	1.094108730649841	276.4536589502347	274.3043580554408	1.040386	27.036362	0.1770252508411444	0.1327794509849658	0.0466186866	-0.0177755236	0.0111221077	-0.0048817058	-0.0363410819	-0.00070403	-0.0513047237	0.0457239833	0.0685602464	0.0142037926	-0.091744211	-0.0292554818	-0.0253218431	0.044589986	0.0119755591	-0.0108600497	-0.034298347	-0.0308277727	-0.0819256046	0.0859965355	0.0052715557	-0.0343412542	0.0930400043	-0.0139598343	-0.1150518953	0.0225087733	0.0592185201	0.0638157533	0.0152724083	-0.044829494	-0.0473316284	-0.0436455093	0.0761258094	0.0887172091	0.0585474601	-0.0213328071	-0.0159736014	0.077231975	0.0307054061	0.0373116354	-0.0095829951	-0.0571273964	0.0547734138	-0.0535384848	0.0448068001	-0.0805430111	-0.094214504	0.1087058944	0.1033332159	-0.0274091704	0.0180035735	-0.0142059401	-0.0107369085	0.0593154693	-0.0483317215	0.0963558112	0.0684805131	-0.0643301415	-0.021951593	0.0276064337	0.1088452533	0.0694546617	0.0072356655	-0.157550345	-0.0264756958	0.0534064126	0.0447544233	-0.0055038065	-0.0111864783	0.0776156351	0.0120277908	0.0059817559	0.0615679673	0.0989984229	0.0019103945	0.0762622513	0.0406914577	0.1363056856	-0.023016059	0.079676446	0.0444467996	-0.0576130851	0.0076151544	-0.0403095077	-0.0072926842	0.0178482509	0.0389413219	0.0305439819	-0.0007560545	-0.0186070736	0.0344633188	0.1186973007	-0.0347577479	-0.0471764302	0.1107608171	0.0128855668	-0.0823416132	-0.0769634108	0.0187011228	0.1016031664	0.0413190425	-0.0167104601	0.0657503076	-0.0443728009	0.0768745263	-0.0913272854	-0.0470919678	0.1198269927	-0.0365121372	0.0023884508	0.0357525759	0.0413970725	0.0171769028	0.0555295637	0.0248190754	0.0295699135	0.0115019321	-0.0351092134	0.0891225027	0.0185866065	0.0046770504	-0.068191533	0.0137604057	-0.0042184986	0.0133702828	-0.0699490503	-0.0600172892	-0.0049978915	0.0950693747	0.0293931469	-0.016397092	0.0058437724	-0.0217468248	0.0249140797	0.0997211362	-0.0451003056	-0.0043039685	-0.10382067	0.0848510215	0.043993917	-0.0101924456	-0.0612907054	-0.0938191336	-0.0014969325551845	-0.0172530342250922	0.0002976671899722	2.240807074771196e-06	0.1079605229263336	0.1301869542261897	0.016948643050692	0.0116554745105274	0.0340993455136455	0.0121327315232377	0.0001472031742149	0.0011627653644589	0.0008240002875862	-2.0606750199985736e-08	4.246381538046121e-16	6.789764739421404e-07	-8.499812711870725e-05	0.0002109430898004	4.449698713457874e-08	7.224681613687916e-09	4.034970652397145e-06	-0.0001380869207818	1.906799769099989e-08	1.6280988165706238e-11	0.0	0.0	0.0	0.0	0.0	0.0	0.0	0.0	0.0	0.0
281.0225346034844	0.1601099090226512	78973.66495496659	0.0256351829672416	418.8729150529341	1.0191512367941868	1.0386692434591207	175454.51896494254	260.9749852342526	-0.5057375809608402	68107.94291801835	0.2557705007961224	275.9823471407198	274.995100052926	0.830647	21.585911	0.1274461376186328	0.068337970617473	0.0405266922	-0.0461820135	-0.002946302	0.026519547	0.0739505124	-0.0510319701	0.0650357391	0.0291244512	-0.0240031695	-0.0316435295	0.0582337097	-0.1218869004	0.033492043	0.0925150951	0.0147520588	-0.1000977056	-0.0879993508	-0.0866552784	-0.0582832355	0.0209900723	-0.0958362952	0.0655190351	-0.0270670548	-0.0271756554	0.0427294363	0.013011965	0.0361088929	0.0253919257	-0.0031018497	-0.0737090495	0.0386798448	0.0279245276	0.0664277932	0.0262246407	-0.0638055307	0.0799524291	-0.1823891437	0.0265971026	-0.0699695546	0.04354531	0.094392456	-0.0025098614	-0.0299332906	0.0319788558	-0.0440720215	-0.0998292255	-0.1175463074	-0.0421515522	0.0695907202	-0.0799069094	-0.093869138	-0.0624977605	-0.029441515	0.1180648601	0.0079865636	0.0141997273	0.0496638251	-0.1198844235	0.0731760288	-0.0413957308	-0.0540622838	0.1398042516	-0.0491711351	-0.0537047872	-0.0402751812	0.1150859445	0.0926852164	0.0160499228	0.021693199	0.044757592	-0.0652902231	0.0709543328	0.0701055423	-0.1284961035	0.0967288475	-0.0315734771	0.0103573569	0.0458487944	-0.0250828015	0.0573237227	0.0575243168	-0.0791271346	0.1119264787	-0.0543782359	-0.0083471096	0.0053237025	-0.0797529102	0.0678094462	0.0740330527	-0.0296959485	-0.0591875919	0.1029515162	-0.0018159314	0.0972381865	0.0373686464	-0.0108154004	-0.1363441547	-0.0854022763	0.0704802315	-0.0603539535	0.0884588823	-0.0638689627	0.0027623645	-0.1297466029	0.0148687343	0.0255106655	0.0118983869	0.0435311049	-0.0611475653	-0.0773484103	-0.0504144556	0.0693552075	-0.0378261311	0.0875743108	0.0609800595	0.0223060575	0.0076516853	-0.0019334853	-0.0359776637	-0.0454524249	-0.011527803	0.0729915004	-0.0453391627	0.064349406	0.0441701235	-0.0766722267	-0.0615515755	0.0641331323	0.0311174289	-0.0273881801	0.001418435	0.0453077165	-0.023759993	-0.0097362548	0.1548740215	0.0316309614	0.0222360349	-0.0363573465	0.0840093554	0.0411514359	-0.0148672434	-0.0661311865	-0.0962455236	0.0039127165954653	0.0054096491506498	2.92643039331261e-05	1.5309351156429566e-05	0.1640811975679952	0.0561206746416615	0.0031495301222352	0.0269226393953474	0.0121734430530295	-0.0219259024606159	0.0004807451987124	0.0001481927157653	0.0008929405729782	6.894028539199994e-05	4.7527629499303995e-09	7.973428668706361e-07	0.000483110491052	0.0005681086181707	3.227474020398304e-07	2.333957465645046e-07	0.0002467842944038	0.0002427493237514	5.89272341817634e-08	6.090248796438144e-08	0.0	0.0	0.0	0.0	0.0	0.0	0.0	0.0	0.0	0.0
281.4262552710053	0.4037206675208722	79200.73715586103	0.1629903773834986	417.9691321771795	-0.9037828757545868	0.8168234865072307	174698.19545294455	261.2862504836909	0.3112652494382928	68270.50469182605	0.0968860555078826	275.9920829421992	273.73381649856026	0.859862	22.345121	0.1564988229219892	0.0748809602737045	0.0180497064	0.0005674633	0.0569486563	-0.0800153786	0.0036025098	-0.0495317445	-0.1193508814	0.0170747998	0.0318704507	-0.0527647406	0.0011760478	0.0164401485	-0.016223719	0.0572427859	0.0105171779	-0.0097405698	-0.0935843434	-0.0806568379	-0.1009084266	0.1706154831	-0.0166355303	-0.0191283229	-0.0404907878	0.0678969685	0.0438533167	-0.0194828164	0.0601516068	0.073732091	0.1134659543	0.0174706971	-0.1396672735	-0.0416053958	-0.0178367947	-0.0636276554	0.1149651051	-0.0031114863	-0.0943626988	-0.0074208293	0.017184116	-0.0319395292	-0.1762011337	0.0269476237	0.0024293245	-0.0188032012	0.0024564342	-0.022009628	-0.02136462	-0.0280015526	0.0520190873	-0.0379200968	-0.0503190732	0.0646907922	0.111425929	0.0599907519	-0.0871397384	0.0969551164	-0.0477724029	-0.0018958673	-0.0065008255	-0.0208546409	-0.0380292134	-0.0926232026	-0.1142988361	0.0540699386	-0.1316541899	-0.0702824761	0.0646887271	-0.0479122457	-0.0017298069	0.1380559796	0.017580051	0.0386079696	0.053456603	0.024726847	0.0687814499	0.0332796978	0.1350324244	-0.0744814626	-0.1328281283	0.0356417721	0.0944453192	0.0229233687	-0.0374629171	-0.0499933444	0.023465417	-0.0489235545	-0.0649612705	-0.0232348229	0.0425442004	-0.1501165861	0.0430442806	0.107391594	0.0562336187	-0.0632328204	0.1317565754	-0.0046032823	-0.0530037376	0.0994064509	0.0558799053	0.0282133169	0.1162242044	-0.0911262525	-0.0865102681	-0.0280651991	0.0972639769	-0.0349496449	-0.0146724679	0.1136808727	-0.1063726087	0.0416786265	0.0073795763	0.0119407858	0.1036210593	-0.0964115943	0.0402572471	0.0107521737	-0.0249528691	-0.054997189	0.0121238459	-0.0099740931	-0.11103811	-0.0582329078	0.0381675521	-0.0386478621	0.0753404926	-0.0554369461	0.0477831674	0.0563650296	0.0196726307	0.0408772641	0.074245937	-0.0696152699	-0.1458931918	-0.019384999	0.136816999	0.039009979	0.0276095896	-0.1674058713	0.0831469612	0.0382683432	-0.0195090322	-0.0707106781	-0.098078528	-0.0119204106639614	-0.0158331272594267	0.0002506879188132	0.0001420961903974	0.1111467728622557	-0.0529344247057394	0.0028020533189276	0.0123536051176938	0.0442161503236775	0.0320427072706479	0.0010267350892324	0.001955067949446	0.0005620051978075	-0.0003309353751707	1.0951822253937201e-07	3.158498423626472e-07	-0.0001309778592148	-0.0006140883502668	3.771045019334e-07	1.7155199604491972e-08	7.80367461177991e-05	-0.000168747548286	2.8475735052536204e-08	6.089733744653834e-09	0.0	0.0	0.0	0.0	0.0	0.0	0.0	0.0	0.0	0.0
281.5920207445319	0.1657654735266192	79294.06614698889	0.0274781922135042	421.2248005606912	3.255668383511704	10.599376623397712	177430.33260739408	262.2202431723932	0.9339926887023466	68759.45592938903	0.8723423425494385	277.52419321208816	281.2818660016507	1.060754	27.565674	0.0985357052662675	0.0606529309751383	0.0315498086	-0.0280365486	-0.142164631	0.0364282075	0.0173789602	0.1196091356	0.0535519065	-0.012417145	-0.0195820187	-0.0147204403	-0.0032192084	-0.0301974772	-0.0720347632	0.0428098976	-0.0019427502	0.0002976157	-0.01713435	0.0374964889	-0.0813532895	0.0106349738	-0.0594903176	-0.0242804339	-0.0709632568	-0.0747915914	0.0055127348	-0.0653513639	-0.1082688752	0.0842426195	0.1024641518	0.0811011217	-0.0106952993	0.1894878698	0.0944142325	-0.0963804986	0.0289071083	-0.0058188306	0.0775032135	0.0080763018	-0.0013364763	0.015906037	0.0919196803	0.0328982691	0.036395274	0.0209930171	0.0697157101	0.1636222679	0.0025209322	0.050112441	-0.0633342319	-0.0399770477	-0.0034383814	0.0850741391	0.1003721422	-0.0785411473	-0.0513247039	0.0286616132	0.0944071687	0.0303528436	0.0628046867	-0.0629186759	-0.062634927	0.0063523069	0.0421353827	-0.0843073648	-0.033261699	0.0777916272	0.0323491771	0.069775879	-0.0246877061	-0.1124687765	-0.0187966425	0.0052958121	0.099456897	-0.0266703377	0.0900710589	0.0601891923	0.0899081712	-0.0595735634	-0.0315524679	-0.0559900353	-0.0533249194	0.0066038174	-0.0742115928	0.0627728529	0.0949898166	-0.0476617891	-0.1636434734	-0.0306641948	-0.195326036	-0.0821644721	-0.0415651872	-0.0681455157	0.0110315467	-0.0493331538	-0.0763339489	-0.0023283216	0.0425504713	-0.1042958975	0.0540816808	0.1081903414	0.044485252	0.0061997508	-0.0271856009	0.0254530018	0.0588084907	0.1368214979	0.0797627266	0.0396853761	-0.1390670383	0.0327804989	-0.0455900575	-0.018638285	-0.0398162198	0.0518758656	0.0172275567	0.046574604	0.0304350842	-0.0273714405	-0.0325832013	0.0572805751	0.106167562	0.0507184545	-0.0180855685	0.0518837545	0.0236850215	-0.0340416108	0.0155059464	0.0331417756	-0.0362884259	0.1424136459	0.0488284488	-0.2208214136	-0.0289011238	0.0028755777	-0.0264144988	0.0354826508	-0.0023581967	-0.0478376569	0.0822640518	0.0353474844	-0.0241075061	-0.075011107	-0.0993068457	-0.0116004769501785	0.0003199337137829	1.0235758121491892e-07	0.0001345710654716	0.1053087882048515	-0.0058379846574042	3.408206486008689e-05	0.0110899408731742	-0.0103675579811479	-0.0545837083048253	0.0029793812123062	0.0001074862584924	0.0006849584044657	0.0001229532066582	1.5117491027534057e-08	4.691680158481975e-07	0.0003080929127095	0.0004390707719243	1.9278314275820066e-07	9.492124286182357e-08	0.0002718943393404	0.0001938575932226	3.7580766450059385e-08	7.392653176535257e-08	0.0	0.0	0.0	0.0	0.0	0.0	0.0	0.0	0.0	0.0
280.8881496110763	-0.7038711334556069	78898.15259193438	0.4954345725120808	416.9241846396706	-4.300615921020608	18.49529730013593	173825.77573745415	261.3390769816817	-0.8811661907114967	68298.11315763737	0.7764538556530098	275.9569473973755	271.4522010700453	1.244398	32.338017	0.1463858763080059	0.100374190071139	0.0451870971	-0.0241134852	0.1001519612	-0.1120795686	0.0592109277	-0.1064483294	-0.0455134966	0.0634221348	-0.0010200508	-0.0548675559	0.0584920472	-0.0288288671	0.0252138159	0.0845714979	0.0114972358	-0.0391465959	-0.1557359492	0.0426194726	0.049172359	-0.0042142167	-0.0655711662	-0.0031556515	0.0639846283	0.1266705334	0.2065368425	0.0800714117	0.0443916917	0.1425930783	0.0446060028	0.011990916	-0.1058686565	-0.0471478451	0.1155114717	-0.0028014708	0.0583738426	-0.0904826363	-0.0311371465	0.0301876989	-0.1101672943	0.0708268423	0.017980501	0.0845487475	-0.0251069972	-0.0130541072	-0.053628741	-0.0012180779	-0.0244817013	0.1587821844	0.0346200605	-0.0112412478	-0.0417844154	-0.0204918986	-0.0211186976	-0.1506408022	-0.0445490415	0.0277671651	-0.0366779073	0.0548394096	-0.0321662237	0.2029592309	-0.0100634025	-0.0255781515	-0.0376189659	0.0537501127	0.0201689448	-0.1285452753	0.0895384963	-0.0263150762	0.0716566395	0.1137617911	-0.0226900077	-0.0683434665	0.0337250858	-0.1111369049	-0.0392735075	-0.1129795051	0.0180635166	-0.0759854304	-0.016910564	0.069461465	0.230474439	-0.0411422673	-0.0656255718	-0.1423037819	0.1915309349	-0.0812200504	0.1116466838	-0.0276589388	0.0421892254	-0.1141816879	-0.0806169064	-0.0272592768	-0.068808757	-0.0284660193	-0.0632863051	-0.0445121716	0.0287580976	-0.0190540073	0.0417593311	-0.0144966193	-0.0240847671	0.0909651721	0.0593701799	0.0663020628	-0.1210361624	-0.0221107007	-0.0482855689	-0.0263521348	-0.0177548044	0.0194943825	0.0101786505	0.0141373876	-0.0006844035	-0.0420725015	0.0902283042	-0.0161098207	-0.0228365134	0.0013731328	-0.0459042745	-0.1180293962	-0.1283540543	0.0510854416	-0.0072459351	0.0051266375	-0.0583425722	-0.0755751731	-0.004698174	0.2098066254	0.0097692896	-0.0067501039	-0.1070383241	0.0441489036	-0.0977289466	0.1946291005	0.0278128498	-0.0183928422	0.0222212985	-0.0373296823	0.081360845	0.0323917418	-0.0286524553	-0.0790155012	-0.0999229036	0.0140253215359535	0.025625798486132	0.0006566815480518	0.0001967096441868	0.1993569113541013	0.0940481231492498	0.0088450494678964	0.039743178104647	-0.0007553538709288	0.0096122041102191	9.239446785651295e-05	5.705594703271221e-07	0.001021956843027	0.0003369984385613	1.1356794759275433e-07	1.0443957890097125e-06	0.0003081413073453	4.8394635800000977e-08	2.342040774214736e-15	9.495106529247064e-08	0.0002768425173914	4.948178051000004e-06	2.4484466024398195e-11	7.66417794356076e-08	0.0	0.0	0.0	0.0	0.0	0.0	0.0	0.0	0.0	0.0
281.78129861195106	0.8931490008747573	79400.70024743753	0.7977151377635773	416.6211493682861	-0.3030352713844877	0.0918303757030701	173573.1821009518	261.94590057259705	0.6068235909153259	68615.6548267889	0.3682348704913707	276.828718104888	280.80674313484354	1.175203	30.539852	0.2031951711706521	0.1229125281741217	-0.0111394778	-0.0108414113	-0.0859468475	-0.0240757577	-0.0599273642	0.0447395664	-0.0667403677	0.0042935232	0.0595254921	-0.0243778999	-0.0818311053	0.0529646995	0.007413323	0.0325107652	0.0353524375	0.0513399917	-0.0997137251	0.0426088471	-0.1334521267	-0.0028622494	-0.004079217	-0.1171440837	-0.0103352839	-0.0297705304	-0.0401917706	-0.0107386663	0.0133782545	0.0622295828	0.0843999067	0.0142410239	0.0188220962	0.0126551109	0.0268204885	0.0049510605	0.0370180638	0.0233088704	0.1207991793	0.1488561824	0.0662776214	-0.0046260917	-0.070076246	0.0885852088	0.0169758099	0.0598014049	-0.0162324056	0.0255465587	0.0516691147	0.0127661029	0.0238863334	-0.0516475999	-0.0039843642	-0.1684657875	0.030402263	-0.0867467636	-0.0659523694	-0.0521466173	0.0710779752	-0.0337001265	-0.0335796805	-0.1560598008	-0.0061128987	0.0125252886	0.073955076	0.0972077209	0.0902094889	-0.0907183227	0.0327069777	0.0052601305	-0.0164993237	0.0185813386	0.0654861365	-0.0444183181	0.1682063733	0.0729511324	0.0046248835	0.0148733372	0.0388506075	-0.0455289876	-0.0489965832	0.0150091473	0.0682351143	-0.0514937586	-0.0224087335	0.039561419	0.0180060613	0.0728679226	0.0047094662	-0.009884482	-0.0531935903	0.0564237184	-0.0242738141	0.0028648212	-0.0288932989	-0.0706229166	0.1157889214	-0.0590010325	-0.0880648351	0.0139254214	-0.0479837519	-0.1041833735	-0.0171385073	0.0163015976	0.0581167294	0.0226692183	0.1384475945	0.0602764905	-0.0415136108	0.017458716	-0.0413428478	0.1088692828	0.05076025	0.0308690789	-0.2062911215	-0.0955819625	0.0114621383	0.0246604286	0.0239940522	-0.0359035689	0.0618818457	0.0450408567	0.060692957	-0.0196802953	0.0392598225	-0.0350355594	0.045761981	-0.0710300229	-0.0135140475	0.0246688493	-0.0403095068	0.0951425603	0.0538562318	-0.0159860389	0.0209574228	0.0355430704	0.1595527752	-0.0136048609	-0.0303307415	-0.1995779145	0.0804375635	0.0294040325	-0.0331337888	-0.0827080574	-0.0999229036	-0.0032993985746259	-0.0173247201105794	0.0003001459269099	1.088603095424342e-05	0.0856706831922906	-0.1136862281618107	0.0129245584736592	0.0073394659586338	0.0318381073802882	0.032593461251217	0.0010623337163345	0.0010136650815587	0.000824009766908	-0.000197947076119	3.9183044944061215e-08	6.789920959597765e-07	-0.0001449440841365	-0.0004530853914818	2.0528637197421598e-07	2.100878752616879e-08	0.0001360597520513	-0.00014078276534	1.9819787016805653e-08	1.8512256128261242e-08	0.0	0.0	0.0	0.0	0.0	0.0	0.0	0.0	0.0	0.0
281.51908229701525	-0.262216314935813	79252.99369735364	0.0687573958185174	418.1736658339067	1.552516465620556	2.4103073760229434	174869.21479696786	262.2371908345484	0.2912902619513602	68768.34425679536	0.084850016707692	277.230023125787	278.20672149271644	0.8924349999999999	23.191599	0.0840396443942372	0.0428805887373439	0.0291794042	-0.0286432362	-0.0180191742	-0.0224319721	-0.0180681355	0.0071742546	0.0794242674	0.0281425708	-0.0505185394	0.0012480167	0.0669633139	0.0354098837	0.0108654411	0.0153937978	0.0300297512	0.0013939848	-0.0242067599	0.0274734346	-0.0220179364	0.0274702163	-0.0729228152	0.0532663162	-0.0216306131	0.0539523402	0.0035709429	0.0166357128	0.0808484235	0.0476430247	-0.0854236698	0.0898939583	0.1478804163	0.0223787496	-0.0895872414	0.0616302117	0.0461383661	0.0925617376	0.0540885509	0.063651697	0.0071053081	0.0721854773	0.0779028055	-0.0657178789	-0.0330282578	-0.0332949539	0.1052915973	0.0136963096	0.0305870165	-0.098418971	-0.0491742043	0.1100196379	0.0395137518	0.0983864899	0.0972888347	0.0300659649	0.0264617588	0.0555058581	0.0772443542	0.0288057908	-0.156672683	-0.076715866	-0.0772539283	-0.039908944	-0.024128822	0.0674469574	-0.0001833884	0.0722580561	0.013756488	0.020777048	0.0453840178	-0.0262032786	-0.0040404653	-0.0040898204	0.0050755521	-0.0688425936	0.0554421935	-0.0710618407	0.0436325893	0.0658798159	-0.0658946073	-0.0246348515	-0.0485565566	-0.1112237854	-0.0211891955	0.1246269896	-0.0359554547	0.1433745258	0.0045806829	0.0477960564	0.0395685123	0.0213495346	0.0593690242	0.0515137176	0.0775904704	-0.1047337723	-0.0015374204	-0.0186765066	0.1118459496	-0.1129384305	-0.0506744695	0.0568639427	-0.0095938149	-0.013715686	-0.0705607809	0.0551026744	-0.1094256689	0.0978578004	0.0080473119	0.0872329871	-0.0096824511	-0.0335936364	0.0278080672	-0.0773736531	-0.0257724903	-0.1413802553	0.0062055892	0.0156148621	-0.0365453497	-0.0026040777	-0.06415484	0.0318220377	-0.0113314038	0.0633060743	-0.038691299	-0.0132201992	0.007623964	0.0037811381	-0.0482179978	0.1030221703	0.0155909709	0.0910395264	0.0425440256	-0.0485793401	0.0499018866	-0.0045411636	0.0312309323	0.0790514541	-0.0535454813	0.019160852	0.0794944353	0.026387305	-0.0375415571	-0.0860742027	-0.0993068457	-0.0032551200614676	4.427851315830017e-05	1.960586727509761e-09	1.0595806614568832e-05	0.0712011726319019	-0.0144695105603886	0.0002093667358572	0.0050696069841578	-0.001141127692712	-0.0329792350730002	0.0010876299460002	1.3021724110742126e-06	0.0006539617837174	-0.0001700479831906	2.8916316587190583e-08	4.2766601456284345e-07	0.0002750901626455	0.000420034246782	1.764287684697221e-07	7.567459758432765e-08	0.0002769099270325	0.0001408501749812	1.9838771792234663e-08	7.667910768914448e-08	0.0	0.0	0.0	0.0	0.0	0.0	0.0	0.0	0.0	0.0
282.1152325579162	0.5961502609009699	79589.00444120714	0.3553951335722944	417.7581739252264	-0.4154919086802806	0.1726335261787826	174521.89188133972	262.3017211956566	0.0645303611082113	68802.19294220398	0.0041641675047561	276.9520021668423	275.94225321199315	0.975196	25.342289	0.1067567039786826	0.0581268723209204	-0.007097924	0.0504990331	0.0426132546	-0.0647158914	-0.0395372698	-0.0597524431	-0.1124282397	-0.0067283914	0.0576449963	-0.0587723791	-0.0287569509	-0.0299138628	0.0809816166	0.0367398318	0.0294177647	-0.042050774	0.0438329231	0.0075574547	0.0193629021	0.0074833702	-0.0864221512	0.0097974844	0.0045247317	0.0440977407	0.0518039252	-0.0760326718	0.1488157139	-0.0421119248	-0.0219216144	-0.0041463283	0.1154726854	-0.0815018389	0.0172937222	0.0629189364	0.0994399494	0.0337437537	0.1321046515	-0.0538087953	0.0520221674	0.0490002766	0.0207510841	-0.1202760879	0.0008548857	0.0117748441	-0.0348863107	-0.0161904357	-0.0727995386	0.0252565159	-0.0942774451	-0.0227216052	-0.0994873417	0.1126629216	0.0486410304	0.0337675484	0.0219950638	-0.0903269465	0.0353965311	-0.0911456729	-0.0303154538	0.1581803626	-0.1483719594	-0.0379960448	-0.0706030632	0.0210022129	0.0259246624	0.0919276028	0.0378137414	0.0112885899	-0.0188896239	0.0897994604	0.009816551	0.0391878806	-0.0382126441	0.0293061499	-0.1015524081	-0.0836847163	0.0662083733	-0.040689184	-0.0351590337	0.1070041229	-0.00923719	-0.0064691109	0.0162506451	-0.0070825612	0.0024616867	0.0248980255	0.0320694206	-0.052769133	0.0577616006	0.0497077033	0.0967872748	0.0300480829	-0.0110004329	-0.0907357312	-0.1474526064	0.0758817163	0.0934658318	-0.1043364325	-0.0102208556	-0.0285952447	-0.0188833587	0.0198126309	0.1411016072	0.0146347428	-0.1000732201	0.0327672428	-0.0051090224	0.1936324958	0.0205565569	-0.0903666088	0.0208988069	0.0558248435	0.0589559137	-0.0050861302	0.0308102292	0.0274484147	0.0130044484	-0.0052843258	0.0166240329	0.0013604622	-0.0234402487	-0.0340983653	0.0585555024	-0.0922055814	0.0037407463	-0.121560331	-0.0140239219	0.0518090875	-0.0355286002	-0.0110009185	-0.0393410891	-0.071471626	-0.0894553538	0.0301260166	0.1155440263	0.0354047929	-0.0045069595	0.0529080757	0.0785316931	0.0233445364	-0.0418659738	-0.0891006524	-0.098078528	-0.0033320876136571	-7.696755218950012e-05	5.924004090043425e-09	1.1102807865087067e-05	0.1199913631689924	0.0487901905370904	0.0023804826926455	0.014397927235153	0.0151456915187893	0.0162868192115013	0.0002652604800281	0.0002293919715823	0.001048995785119	0.0003950340014016	1.5605186226335933e-07	1.1003921571974272e-06	7.701986304331498e-05	-0.0001980702996021	3.9231843584499343e-08	5.932059303210997e-09	3.79596944782573e-05	-0.0002389502325542	5.709721363772668e-08	1.4409384048826376e-09	0.0	0.0	0.0	0.0	0.0	0.0	0.0	0.0	0.0	0.0
282.008504829827	-0.1067277280891971	79528.79679635457	0.0113908079430816	420.27397621848365	2.515802293257252	6.329261178758449	176630.21508649457	262.4909735761977	0.1892523805410633	68901.51120898011	0.0358164635404594	277.6032797973507	282.7143219616396	1.020586	26.521837	0.0774026607026585	0.0384387472657202	-0.0323475437	-0.036886273	-0.1163423665	0.0297149885	0.0295313586	0.0846504054	0.0574335211	-0.0482110434	-0.0678242718	-0.0832934901	0.0527271015	0.0476885926	-0.0248029859	0.0338124747	-0.0634286228	-0.0150755201	0.0288879721	0.0868719336	-0.0110634047	0.0317122625	0.0101255178	-0.0328631777	-0.1456173852	-0.0192482566	-0.0631438112	0.0119167347	-0.0821347533	-0.0003079175	0.008631324	0.0664204895	-0.0452594743	0.0600412056	-0.0539039405	0.0114845897	0.0503087234	-0.0689847803	0.0392707749	0.0248881993	-0.0394235293	-0.0117299662	-0.1230540779	0.0558817311	0.0527679568	-0.1357676909	-0.0370129202	0.0731047495	0.1275627565	0.0290969401	0.1168471506	-0.1173344379	0.1367403873	-0.0908141296	-0.0011847028	0.0849353606	0.0631524405	0.006424985	0.0693393635	-0.0116957615	-0.0532005938	-0.0059751132	-0.0145731086	-0.0421493601	-0.0800138227	0.0400966397	-0.003305761	0.036942114	0.0329304276	0.0198824219	-0.024684783	-0.1123830941	-0.0703000786	-0.0541315416	0.0041875851	0.0257637938	0.0480716268	0.0360722569	0.037030474	-0.0339962382	-0.074295899	-0.0695359514	-0.0957047839	0.057268345	-0.0387581019	0.0747842786	-0.0309244654	-0.0002760489	-0.0048307928	0.0484195682	-0.074986499	-0.0641148887	0.0220066058	0.0340588313	0.0548334636	0.042292655	0.029174197	0.0735473865	-0.0364679944	0.0791585153	0.0768147778	0.0792068463	0.0524913646	0.174038051	-0.1018470727	0.0643270713	0.0860877625	-0.0992978954	0.0622362918	-0.0202968576	0.0109727273	0.0436809903	-0.0314212188	-0.0619368417	-0.1016114956	-0.1194647757	0.0354938673	0.0116690932	-0.008084903	-0.0649638418	-0.0582067199	0.0557442895	0.05002828	0.0272545792	0.028601532	0.0602888137	0.0366584857	-0.0079091601	0.0909147866	0.0060261384	0.039951054	0.0919997723	0.1143012937	-0.1937077113	0.0300869461	-0.0017727545	-0.0308603354	0.033153598	-0.0468085189	-0.063219691	0.0775495743	0.0202787295	-0.0460974375	-0.0917754626	-0.0962455236	-0.0213988403003639	-0.0180667526867068	0.0003264075526426	0.0004579103662004	0.1358426427065069	0.0158512795375145	0.0002512630629764	0.0184532235774876	0.0151104843163452	-3.520720244410032e-05	1.2395471039398636e-09	0.0002283267362745	0.0004689959158705	-0.0005799998692485	3.363998483282772e-07	2.199571691032091e-07	2.7064869330795105e-05	-4.995499371251988e-05	2.4955013968179006e-09	7.325071518930134e-10	0.0002769932570371	0.0002390335625588	5.7137044029572175e-08	7.672526444402094e-08	0.0	0.0	0.0	0.0	0.0	0.0	0.0	0.0	0.0	0.0
281.9402438363213	-0.068260993505703	79490.30109448433	0.0046595632343856	417.6349709528143	-2.6390052656693683	6.964348792230654	174418.96896275802	262.3938715871884	-0.0971019890092748	68850.54384651393	0.0094287962695573	277.16638194332	280.52537035622686	1.001283	26.020203	0.2398610217060404	0.1220091032135036	-0.0069581243	-0.0745536645	0.0084423252	-0.1135265702	-0.0386846113	-0.0648509392	-0.0009767959	0.0956025746	-0.0285256936	0.0555466224	-0.024569094	0.0602274665	0.0536783084	-0.037833111	0.0421886581	0.0192593056	0.0049918639	-0.025923423	0.1011314251	-0.0198828699	0.0072844233	0.0529927719	-0.0778785409	0.0781510873	-0.023128638	0.0280634256	-0.0129068764	0.1369896442	-0.0325044245	-0.0324073574	0.0901668523	0.0214129151	-0.0143895734	-0.0494042092	-0.0868797247	0.1154332925	-0.0199452469	0.0090556988	-0.0511197068	-0.0671166407	-0.0927075824	-0.059559112	-0.1213901005	0.0288760491	-0.0353641084	0.0841329272	0.0690571154	0.0336296439	0.0050601489	-0.0013438158	-0.0366087335	0.0844114516	-0.0701438518	-0.0396030278	0.0237890227	0.0623742997	-0.0572217153	-0.0456913623	0.0363149721	-0.0176670252	0.0407246114	-0.0242950906	0.0188567155	0.045901582	-0.0054935637	0.1424236519	-0.0324548562	-0.025170478	0.0633840878	0.0385870114	0.0242010909	0.0042523868	-0.0720659219	-0.0146410512	0.0084586567	-0.0567352298	-0.0739639604	0.0073602249	-0.1054270541	-0.0684235299	0.0221477038	-0.0598971075	-0.0310174587	-0.0323338066	0.1358809374	0.0954184858	0.0046257115	0.0075484746	-0.0959339896	0.0698270855	0.0219617598	-0.0373438322	0.0526656361	0.0543641033	0.0077439616	0.1042621477	0.0216696839	0.046482428	0.0837213428	-0.1370696751	0.0281453622	0.0686612352	-0.0127517146	0.0727930013	-0.0391652169	0.0339945098	-0.0137030964	-0.0818477612	0.0605342526	-0.1741825745	-0.0178489797	0.0175732756	0.0969911501	0.0220934624	-0.0170890618	-0.0160288181	-0.0711385457	0.0047414456	0.0251806877	0.0282183692	-0.0443956354	0.1141137081	-0.0705287152	-0.0571169983	-0.1138782636	0.0552776984	-0.0132875328	0.1637278949	-0.0121299437	0.0400030436	-0.0749238865	0.0647312899	0.0064810602	0.0693996402	-0.0612872306	0.0491522269	-0.0356981945	0.0770512821	0.0765483213	0.01719291	-0.0502265533	-0.0940880769	-0.0938191336	-0.0032631420251476	0.0181356982752163	0.0003289035519296	1.064809587628438e-05	0.0339861772246905	-0.1018564654818164	0.0103747395604484	0.001155060242348	-0.0313183575659223	-0.0464288418822675	0.0021556373585285	0.0009808395206269	0.0013249718411828	0.0008559759253123	7.326947847142482e-07	1.7555503799273387e-06	0.0004800779884981	0.0004530131191673	2.052208861376908e-07	2.3047487504038185e-07	0.0001171819801819	-0.0001598112768552	2.553964421008938e-08	1.3731616479351205e-08	0.0	0.0	0.0	0.0	0.0	0.0	0.0	0.0	0.0	0.0
282.092555542859	0.1523117065376595	79576.20989270098	0.0231988559484141	416.4374201271751	-1.1975508256392118	1.4341279799891578	173420.12488217733	262.4646247112873	0.0707531240988714	68887.67922483687	0.0050060045697503	277.0806733330132	277.85704949937343	1.008086	26.196999	0.1927262383071301	0.1132193634535164	0.0036975002	0.0703975146	-0.0093200495	-0.0339691929	-0.0798190858	-0.0128674391	-0.0793618821	-0.0322667276	0.0326229453	0.065930636	-0.0248787739	0.0265944239	0.0643601033	-0.0890941223	0.0449215544	-0.0092830153	-0.0090846411	-0.0615326682	-0.076852544	0.029179637	0.0288594528	-0.0546586252	-0.0290733111	0.159881878	0.0192619399	-0.0727267211	-0.1007015876	0.0563193761	-0.0158606135	0.0011780145	0.1293693878	0.0897380841	0.0418550354	0.054587416	-0.0957871111	0.0224046774	0.0877108077	-0.0433933617	0.0646944347	-0.1217340454	-0.0832484227	0.0122673558	0.0261438327	0.0431065682	0.0154327216	-0.0376228677	0.0285902995	-0.0576513373	0.0504782519	0.0112823673	-0.0173505543	-0.1466414175	0.0154185079	0.0708492247	-0.0966585659	-0.0280044112	-0.0506675759	-0.043091969	0.0999314302	0.0562200739	-0.0697412246	-0.0174610206	-0.0544431228	-0.070311407	0.11101718	-0.0835697158	-0.0832155078	-0.0013867541	-0.0244809723	0.0707990643	0.0273757733	0.0582876481	0.0567568665	0.0694745766	0.0354125161	0.0034174899	0.0118311688	-0.0559609722	-0.0309622513	-0.1381775258	0.1340170501	-0.1359405682	0.0744318342	0.082713749	0.0363471446	0.03541936	0.0633737721	-0.0505941766	-0.000371416	0.1205219587	0.0338585916	-0.1432462618	0.0002422977	0.0726845005	0.0430007211	0.0484738287	-0.0982583854	0.0479032314	-0.0091143557	-0.0723555171	-0.0675737744	-0.0169688838	0.1001425917	-0.0074056854	0.0445305883	-0.1222129779	0.0207966651	0.0990717539	-0.0195201357	-0.0527819321	-0.0773548922	-0.0261049049	-0.058017298	-0.050581841	-0.087402662	0.0428857758	-0.0025798636	-0.0007562175	0.0221666021	0.0361976444	-0.0208141155	-0.0450074467	0.0275320859	-0.0937249982	0.0258284373	0.0823170321	-0.0068845928	-0.0950508472	-0.0927756436	0.0473088107	0.0555113023	-0.0079574079	-0.1060304424	0.0467471075	0.1306533584	0.0931371663	-0.0071541738	-0.0704437872	0.0755281812	0.0140901232	-0.0542441537	-0.0960293686	-0.0908143174	-0.0114122788806838	-0.0081491368555362	6.640843149025843e-05	0.0001302401092505	-0.0590832327257402	-0.0930694099504307	0.0086619150685213	0.0034908283893239	0.0272301756913933	0.0585485332573156	0.0034279307465829	0.0007414824681841	0.0013980048447805	7.303300359769995e-05	5.333819614501654e-09	1.9544175460297497e-06	-7.294109511724045e-05	-0.0005530190836153	3.058301068427509e-07	5.3204033569023195e-09	8.405090251798809e-05	-3.3131077663911914e-05	1.097668307172163e-09	7.064554214088337e-09	0.0	0.0	0.0	0.0	0.0	0.0	0.0	0.0	0.0	0.0
281.4518111719149	-0.6407443709440486	79215.12201195126	0.4105533488964845	421.6366968467019	5.199276719526836	27.03247840621373	177777.5041277976	262.0148168969398	-0.4498078143474799	68651.76427353689	0.202327069848057	277.4322881741169	280.29435180640763	1.039469	27.012535	0.2864239621389959	0.2170785624962631	0.0318133001	-0.0092158683	-0.1310606246	0.0469640205	0.0142441075	0.1102552005	0.0923650634	-0.0032374825	-0.0401125682	-0.0390623134	-0.0163982742	-0.0773974812	-0.0063308576	0.0477892301	0.0173007984	-0.0656652221	0.0191771114	-0.0016251707	-0.0795015031	-0.0094710351	-0.073100161	0.066317138	-0.0697393432	-0.0913446148	-0.0823255941	-0.0016618692	-0.0866708285	0.026680199	0.025467919	0.0507514543	-0.0790613161	-0.0649608304	-0.027307564	0.0157511765	0.0123107774	0.0337682156	0.0988949241	-0.0218140474	-0.0001773788	-0.0098044919	0.0620597011	0.0077010465	-0.0049715454	0.1694330311	0.0491187908	-0.0080141476	0.0091518359	0.0822948628	0.0159833507	-0.0652204825	-0.0405149586	0.0389700797	0.091812059	-0.0495750728	-0.0337646383	-0.0427349163	0.044904729	0.0531324065	-0.0450395938	0.0778949067	-0.0204401106	0.0170203847	-0.0688244962	0.0111069227	0.0059330662	-0.1063746477	0.0408004234	0.0939108117	-0.0347915002	-0.0785674468	-0.056170793	0.0234491136	0.0791177025	-0.054684959	0.0475863333	0.0480104139	0.0642407598	0.0284292703	-0.0473506635	-0.0327165689	-0.061057557	0.1405137178	-0.0592422056	0.016887044	0.0326559079	-0.0925228232	-0.0322114658	-0.0268493948	-0.0047327334	0.0341401237	-0.0558148805	0.0782213106	-0.0477472729	-0.0681251462	-0.053362213	0.000593985	0.0020825747	0.010285696	-0.0524132884	0.0492109787	-0.063589472	0.0113949811	0.0193135881	-0.1248194482	0.0411425647	0.0975217619	0.0695148565	0.0732652135	-0.0416015231	0.0636562748	-0.0452216484	0.0536920878	0.0306135518	-0.023971475	0.0338147201	0.0664076559	0.0391689075	-0.0598430637	-0.0054068901	0.0104175277	0.1063700971	0.0597436317	-0.0122980539	0.0007282897	0.0122712184	-0.0068632453	-0.0220569748	-0.0065698851	-0.0036283993	0.0603597133	0.0447369381	-0.1462719592	-0.0021643333	0.0763442662	-0.0283463788	-0.020426187	0.0154520466	0.0054289102	0.0744894057	0.0109734311	-0.0581413184	-0.0975916762	-0.0872496007	-0.02471140234681	-0.0132991234661262	0.0001768666849672	0.0006106534059459	0.1556683346914553	0.2147515674171955	0.0461182357081422	0.0242326304256109	0.0182726866486717	-0.0089574890427216	8.023660995047752e-05	0.0003338910773605	0.0011979321305467	-0.0002000727142337	4.002909098087973e-08	1.435041389396156e-06	0.0005226657435786	0.0005956068386958	3.547475063012529e-07	2.7317947951057085e-07	0.0002766869938474	0.0001926360913294	3.710866368267352e-08	7.655569256431117e-08	0.0	0.0	0.0	0.0	0.0	0.0	0.0	0.0	0.0	0.0
281.04273783442136	-0.4090733374935666	78985.0204894673	0.1673409954481255	416.5412268482555	-5.09546999844639	25.96381450506725	173506.59366424987	261.5015863119283	-0.5132305850115131	68383.07964365488	0.2634056333912599	276.1401936838482	269.64809574246686	1.28436	33.376484	0.0656367707445203	0.0414013501931675	0.0417984762	-0.0520320919	0.141877341	-0.0509703761	0.0580476992	-0.1321334079	-0.0457321355	0.0348306129	0.0178491121	-0.0913941247	0.1087383786	0.0058852593	0.0494555629	0.0590980126	0.0698656342	-0.0623630953	-0.0947640339	-0.001663155	0.0776023981	0.0744988937	-0.0401040684	0.0693327174	-0.0256420272	0.0857471871	0.130300806	0.0523586156	-6.1623e-05	-0.018632618	0.1017121981	0.0910103617	-0.0818951979	0.014049351	-0.0739665607	-0.0542190144	-0.0766943179	-0.0388171864	-0.0521396297	-0.0250607394	-0.1318020432	0.0199100739	-0.0016061473	-0.0108573613	0.000912367	-0.0902532773	-0.0482323381	-0.0119447066	-0.0467350133	-0.0963673198	-0.0926372994	0.0961751741	-0.1436073733	-0.1206598867	-0.0018806396	0.0121220293	-0.0420425553	-0.0382511513	-0.0190512763	0.1138385927	0.1147822806	-0.0528573726	0.0264535253	0.0550163485	0.0544661139	0.0099062547	-0.03789069	-0.0877332416	0.0686798408	-0.0067775681	0.1238918151	0.1165231706	-0.020194605	-0.0052905043	-0.0466271316	-0.0733449066	-0.0215862481	-0.0992878804	0.0812632151	-0.0992868659	-0.0201769576	0.0331899064	0.1143202192	0.0356364149	-0.0624167929	-0.0116719113	0.0508977426	-0.0179822159	-0.060687075	-0.0648185415	0.0730154204	-0.0351724548	-0.1266971382	-0.1189447169	-0.0109865503	0.0755618852	-0.0017875488	0.0018910895	0.1009151423	0.0193999022	0.0007564643	-0.1274785024	0.0249506882	0.0630184435	-0.0224304036	-0.0235271419	-0.1655248822	-0.1602129657	-0.0171449002	-0.0115308462	0.0430515219	0.0782799525	-0.0477849776	-0.0340094822	-0.027830442	0.0623657634	0.0727391848	-0.0017321315	-0.1029769814	0.0131235186	-0.0788362011	-0.0603076388	-0.1142397916	0.044785413	0.0065302741	0.0071859065	-0.0937314211	-0.0811480952	-0.000569465	0.172355528	0.016865283	-0.0816569981	-0.1339811674	0.0860443583	-0.0482016219	0.2021700227	0.0311594746	-0.030825945	-0.0857653096	0.0080850701	0.0734322509	0.0078459096	-0.0619093949	-0.0987688341	-0.0831469612	-0.020227869308357	0.004483533038453	2.010206850689961e-05	0.0004091666967559	0.1558883054700288	0.0002199707785734	4.838714342623056e-08	0.024301163782317	0.0176880481627179	-0.0005846384859537	3.418021592583515e-07	0.0003128670478066	0.0019209474015605	0.0007230152710138	5.227510821191586e-07	3.690038919562037e-06	0.0008526177882162	0.0003299520446375	1.0886835176053273e-07	7.269570927826848e-07	0.000122681740668	-0.0001540052531794	2.371761800685109e-08	1.5050809493330404e-08	0.0	0.0	0.0	0.0	0.0	0.0	0.0	0.0	0.0	0.0
282.11171621759206	1.0689783831707018	79587.0204272352	1.142714783686248	420.7621580505371	4.220931202281577	17.816260214394195	177040.79364734516	263.0909210955975	1.5893347836691871	69216.8327629299	2.5259850545807825	278.1732251422331	283.4683356649581	1.428988	37.134914	0.3393198931993286	0.2263528409894342	-0.0005333727	0.0255548547	-0.0832797506	-0.0412448698	-0.1089844914	0.1028261583	-0.0692800002	0.0224595287	0.0029714085	0.0443866963	-0.1224034649	0.1144634731	0.0194363943	-0.0967662845	0.0653218254	0.0110122289	0.0042332084	0.102488487	-0.1595012559	0.0565258713	0.111792945	-0.0824956406	-0.025739204	0.1291247045	-0.0446500372	-0.0751854007	-0.0965204505	-0.0297860123	0.0313039996	-0.0059353163	-0.0193301064	0.0093560411	-0.0328574836	0.140825477	0.0188960038	-0.0496814192	-0.1416918977	-0.0210486171	-0.036384672	0.0916380961	0.0015027679	-0.1497237073	-0.1267712384	-0.0395874198	-0.0216818153	0.0264915405	-0.1197657685	-0.1287480514	-0.1486933378	0.00508503	-0.0048287489	-0.0263963988	-0.095151242	0.0157851735	-0.0570144614	-0.1502997756	-0.0426128615	-0.0221654495	-0.0173008766	-0.0187193903	0.0997864539	-0.0167391773	0.0876321353	0.0086819742	-0.0087047626	-0.0207304897	-0.0937863838	0.0409668933	-0.0376673982	0.0350770589	0.0352155834	-0.1067009233	0.0818405159	0.1531613299	0.0637598748	0.0078735492	0.0315789832	-0.0346845197	-0.0320350536	-0.1562165936	0.0464363701	-0.0137074135	0.0717190094	0.070063623	-0.0287863744	0.0382054426	-0.0659144219	0.0351490979	0.1859585108	-0.059223137	-0.0217581407	0.1287478877	-0.1090678667	0.0178492525	-0.0316163264	0.0745794598	0.0617523728	-0.0750188648	-0.0928327524	-0.1270820892	0.0169444699	-0.1240060296	-0.0298513843	0.0968218782	0.0125034836	0.0348910609	0.114394957	-0.1460981005	0.1337456192	0.1235388724	-0.0178907476	-0.0402710768	0.099156914	0.0563300441	-0.0851104179	0.0743389261	-0.0169762597	-0.0974606543	0.1093463116	0.098106313	0.05167946	-0.0575898985	0.0310586898	-0.0546920475	-0.0206620126	0.1415482684	-0.0501755145	-0.0181573215	-0.0277240341	0.064665298	0.0939422729	0.0005657494	0.0656065082	0.0622939641	0.1404516617	-0.039347398	-0.0715569992	-0.1260970772	0.0723569779	0.0047106451	-0.0655400171	-0.0995561965	-0.0785316931	-0.0445915512733563	-0.0243636819649993	0.0005935889988916	0.0019884064449643	-0.0584213731018081	-0.2143096785718369	0.045928638329564	0.0034130568351006	0.0568857763461636	0.0391977281834457	0.0015364618947432	0.0032359915505057	0.0012319914210581	-0.0006889559805024	4.7466034307002333e-07	1.5178028615607568e-06	0.00039702360674	-0.0004555941814761	2.0756605819496858e-07	1.576277443088382e-07	3.825581306566596e-05	-8.442592760233403e-05	7.127737251514548e-09	1.4635072333151783e-09	0.0	0.0	0.0	0.0	0.0	0.0	0.0	0.0	0.0	0.0
281.2227414302289	-0.8889747873631677	79086.23029753337	0.7902761725673892	420.08744762767446	-0.6747104228626313	0.4552341547194707	176473.46365433413	262.3665256305436	-0.724395465053874	68836.19377144269	0.5247487897906183	277.5497175885196	275.13543247443846	1.045817	27.177517	0.243185397684787	0.1505940345268576	0.0575422493	-0.0150540314	-0.0113676677	0.0609505415	0.0383585477	0.013953312	0.1200702086	0.0287052631	-0.0242533782	0.0415182113	0.0377369217	-0.0577642101	0.0530785543	0.0049787158	0.0961615291	-0.0120130226	-0.0236561924	0.0885120929	0.009699195	0.0551320703	-0.06191043	0.0795919171	-0.0420333728	0.0673444493	-0.0515369594	0.073381194	0.0059301666	-0.0771825152	0.0125460153	-0.092970617	0.0986866456	-0.0063570176	-0.0105338461	-0.015980393	0.1347146778	-0.0181930604	-0.1207566893	0.0693735787	-0.01613305	-0.0188362165	0.051107572	-0.0100159245	-0.1085285283	-0.0460348616	0.071877451	-0.0558418546	-0.0200308967	0.0105667287	0.1111079081	0.1148119627	0.1139170163	0.0456375137	-0.0605496995	-0.1524466821	0.0577444935	0.033786821	-0.0353674596	-0.0452310751	-0.0672071226	-0.0102749145	-0.0491035534	0.025422377	-0.0618280608	0.0651772716	-0.0192093143	-0.0493785943	-0.000307227	0.0733449719	0.0613345814	-0.0422824469	0.0134625447	-0.0415743468	0.0150194033	-0.0660305667	0.0766132916	-0.1291880193	0.0445493397	0.0645959432	-0.0382387765	-0.0465201177	0.0368172874	-0.0288799847	0.0981694137	-0.0751240481	-0.1114809997	0.1258360637	-0.0235891361	-0.0534507004	-0.0469019394	-0.042671228	0.0106648397	0.112130646	-0.0234099614	-0.0304799328	0.0405931676	-0.0204895041	0.1240314965	0.0312719453	-0.0359994707	0.0873153188	-0.0879214058	-0.0552988633	-0.0276026169	-0.0081937105	-0.144236837	0.0008708461	-0.0284765108	-0.0729066758	-0.0093989083	0.0421238618	-0.0827362465	0.0946487295	0.0479004144	-0.0826134105	-0.0037137326	0.0597770125	-0.0260513074	-0.0032777287	-0.099776785	0.0446085936	0.0291737049	0.0528632242	-0.0509381174	0.0324360112	-0.0522473695	0.0332941788	-0.0779726471	0.0714524286	-0.0410290127	0.0040126778	0.055603588	0.044337472	0.0481526256	-0.0282683532	0.1283466893	-0.0361228545	-0.0284275058	0.0742247313	0.0712638519	0.0015707317	-0.069025124	-0.099950656	-0.0734322509	-0.0351625547229446	0.0094289965504117	8.890597594767581e-05	0.001236405254644	0.0753769817478087	0.1337983548496168	0.0179019997604639	0.0056816893774094	-0.0025585205895382	-0.0594442969357017	0.0035336244381798	6.546027607090898e-06	0.0015619243826362	0.000329932961578	1.0885575913569597e-07	2.4396077770734742e-06	0.000700668279058	0.000303644672318	9.220008702710561e-08	4.909360372780993e-07	0.0002149531661507	0.000176697353085	3.122195458725719e-08	4.620486363821044e-08	0.0	0.0	0.0	0.0	0.0	0.0	0.0	0.0	0.0	0.0
281.92273127032337	0.6999898400944744	79480.42640691897	0.4899857762354878	419.60887940840286	-0.4785682192716081	0.2290275404967979	176071.61167837557	262.5661279789917	0.1996023484480815	68940.97156188024	0.0398410975059893	277.32506436348945	277.2422902728743	0.939716	24.420284	0.1014329776443856	0.0683726204350882	0.0097842238	0.0140114198	0.0349597203	-0.0895276814	0.0003913818	-0.0292134624	-0.1337273122	0.0148192288	-0.0495761922	-0.0170254555	-0.0462371353	0.0311907848	-0.0122459055	0.0042527626	0.043874125	0.0202042677	-0.0221004263	0.0878858011	-0.0876749611	0.1145564276	0.0342637486	-0.0451609843	-0.0642050724	0.0430374342	-0.042016358	0.0330154157	0.0674107971	-0.0719176648	0.0846353539	0.0236325929	-0.0879792473	-0.1037028001	0.0343836105	-0.1140692886	-0.0177785992	-0.0541902694	0.0269948548	0.0435558623	0.0232320327	-0.0231179589	0.0428380531	0.0034553613	0.0049797066	-0.0481756717	0.0855981549	0.0346891685	0.0945833188	-0.0869104722	0.1487581611	0.1789500451	0.0187948839	0.1076908838	-0.1404499062	0.0741938701	0.0516174696	0.0149619074	-0.0379089553	-0.0169750736	-0.0813862623	0.0708129762	0.0473998347	0.0862125528	0.0191431353	-0.0597287608	0.1005014184	0.1241262911	-0.0004261896	-0.0130148666	-0.014928909	0.1093370217	0.0546133906	-0.1008037373	0.0122455068	0.070553783	0.0363529251	-0.0433879286	0.0863143604	-0.0039036101	-0.0729515517	0.03908643	-0.0685080742	0.122923928	0.0143564991	0.0077699667	0.0021009658	0.0362615201	-0.0198400921	0.0167227132	-0.06237313	-0.0190935602	0.0482961056	-0.018061402	-0.0215371979	-0.0446701554	0.1881665025	-0.0759027234	0.1140602356	0.0193913116	0.0682095174	0.1216718532	-0.0685778727	0.0408318033	-0.0393846754	0.0008827733	-0.0572818286	-0.0541336069	-0.0556538448	0.0063143532	0.0944987028	-0.1183456512	0.0659042734	-0.0530450292	0.0321859752	-0.0110983653	0.0006899131	0.0458948093	-0.0089146334	-0.0732575999	0.0644160373	0.0819520287	-0.0831091278	-0.0436579003	-0.0341951719	-0.0303044918	0.0203762962	-0.0140575573	-0.0341283471	0.039258064	-0.0257070418	0.0137236699	0.0748923452	-0.1073248386	-0.0319166686	-0.0322436327	0.0997584415	0.0164255135	-0.02476388	0.0113835933	0.0701531426	-0.0015707317	-0.0723569779	-0.099950656	-0.0678800746	-0.0388751464418675	-0.0037125917189229	1.3783337271414905e-05	0.0015112770108766	0.0688709093608679	-0.0065060723869408	4.232897790411357e-05	0.0047432021561928	0.0613432636352087	0.0639017842247469	0.0040834380271061	0.0037629959934187	0.001284957999401	-0.0002769663832351	7.671037744238762e-08	1.6511170602246209e-06	0.0004501262807323	-0.0002505419983257	6.277129292503506e-08	2.0261366860589336e-07	0.0001962109614361	-1.8742204714600013e-05	3.5127023756397486e-10	3.849874138767872e-08	0.0	0.0	0.0	0.0	0.0	0.0	0.0	0.0	0.0	0.0
281.8948525465994	-0.0278787237239725	79464.70789226901	0.0007772232364775	418.7632217545943	-0.8456576538085301	0.7151368674449478	175362.63589428755	262.4247425968379	-0.1413853821537714	68866.74552701664	0.0199898262867679	277.3607698539422	276.7198704549701	0.967315	25.13748	0.1132971157821755	0.0637346652347049	0.0038589401	-0.0163521734	-0.0431983539	0.1010818179	0.0234031743	0.0318627685	0.1076497388	-0.016734589	0.0579565365	-0.0256486504	0.0035940047	-0.0370889943	0.0357448703	0.0225230288	0.0510545112	-0.0273786814	-0.0101548006	0.0881680856	-0.0382376428	0.035299949	-0.111618804	-0.0234640466	0.0226374598	-0.1347389162	-0.0075921507	-0.0354211196	-0.0125851629	-0.0643341907	0.0479902833	0.0721403961	0.0099522733	0.0045044416	-0.0975243428	0.0008867385	-0.0225743168	0.0539192216	0.0458542415	-0.0737747115	0.091504792	-0.08397478	-0.0081519583	-0.0740052063	0.0409357498	0.11651287	-0.1050270225	0.0347357691	0.0096675881	-0.0509876408	-0.1190932083	-0.0140703298	-0.0015638864	0.1382820002	-0.0550224323	-0.0325499773	0.0707641188	0.0519990253	-0.1165321057	-0.0591675103	-0.0373145508	-0.006418556	0.0281508499	-0.0378406661	-0.110639165	0.0810575495	-0.0227644432	-0.0777643788	0.0205792902	0.0553728051	0.0333204712	-0.0709020315	-0.0266546092	0.004664927	0.0836532961	0.0370378443	0.0258563644	-0.0611810189	0.1273557881	0.005366045	0.0633174934	0.0537535359	-0.0221719194	0.0820801345	-0.0342489624	0.0860408023	-0.005040461	0.0322990818	-0.0492140919	0.0413509164	-0.0156132198	0.0764227421	0.0372452962	-0.0748940015	0.0595058674	-0.0790249807	-0.0539060634	0.057065905	0.0020012614	0.0593415239	-0.1115872562	-0.0249120717	-0.0353847726	-0.0310418115	-0.0208457774	0.0162587364	0.0062363139	0.0461354333	-0.0441038419	-0.1234434649	-0.0444177462	-0.1281717314	0.0177907368	0.1112705964	-0.018508546	0.0277786395	0.018737534	0.0504339397	-0.0346139675	-0.043900524	-0.0885243199	0.0695362311	0.1104387544	0.0199273538	0.0415984438	0.0336799961	0.0056771246	-0.0254326879	0.039710458	0.0226976583	-0.0264386803	0.0226595598	0.0054515571	-0.0850067045	0.0170766509	0.0950698735	-0.0312039676	0.0028871221	-0.0200591404	0.0623914184	0.069025124	-0.0047106451	-0.0755281812	-0.0995561965	-0.0619093949	-0.043284812056882	-0.0044096656150144	1.944515083624119e-05	0.0018735749547995	0.1056192672130862	0.0367483578522183	0.0013504418048346	0.0111554296066293	0.012975328114436	-0.0483679355207727	0.0023394571865416	0.0001683591396772	0.0012848750174769	-8.298192410017939e-08	6.8859997273679336e-15	1.6509038105362638e-06	0.0008126989373329	0.0003625726566006	1.3145893131441665e-07	6.604795627420249e-07	0.0003089784587948	0.0001127674973587	1.2716508460544414e-08	9.546768799920993e-08	0.0	0.0	0.0	0.0	0.0	0.0	0.0	0.0	0.0	0.0
281.90334854151564	0.0084959949162453	79469.49791891925	7.218192961686613e-05	421.6363659806685	2.873144226074146	8.254957743823203	177777.2251173842	262.3026624943442	-0.1220801024937259	68802.68675162183	0.0149035514248786	277.2392544417376	280.46750911189594	0.962513	25.012686	0.1362517823175944	0.0695101339863971	-0.010819325	-0.0274330048	0.0081113569	-0.056604382	0.0971583347	-0.0191884666	-0.0147261025	0.0270360866	-0.1346725252	0.0115245395	-0.0621586673	0.0914890116	0.0074750881	0.0133958101	0.0191414154	0.0144178971	-0.0505019895	0.0953856861	-0.1039388588	0.1248015641	0.0485962485	-0.0159420543	0.0007292254	-0.0316919238	-0.0260054344	-0.0084546029	-0.0268024255	0.0303815661	-0.0802310739	-0.0339023966	0.0297432327	-0.020260315	0.0330901919	-0.0318015689	-0.1161139327	-0.0523748432	0.0647994077	-0.0278088416	0.0163589526	0.0046050949	0.0777451659	0.0979449041	-0.1293725746	0.1365457451	0.0017207865	-0.0929524171	0.0746582702	-0.0585162877	-0.1464703282	-0.0497133351	0.0673689007	-0.0441979708	0.0250951722	0.0135444782	0.0761490248	-0.0027685104	0.1225171281	0.0446655494	-0.0816258237	-0.0538335336	0.0371308677	0.1030610657	-0.0181856415	0.0071522181	0.0389195693	-0.0764284147	0.0103247279	-0.0122918675	-0.0083351509	0.0405946204	0.0277137009	-0.1444818847	0.0309559513	0.0401539887	0.1350127857	0.0037141365	0.0740416463	0.0359738942	-0.020928045	-0.0075689197	-0.0232569617	-0.015311915	-0.0043024174	0.030884148	0.0057749643	-0.0061900036	0.0835140098	-0.0467100289	0.0002706043	0.0747069619	-0.0431941906	-0.0556740288	-0.0224749027	0.1116832605	0.0733362505	-0.1491314166	-0.0581320396	-0.1084952154	-0.086513709	-0.0779736892	-0.0633403815	-0.0711039401	-0.121906697	0.0178404449	0.0575061166	0.1857876609	0.0114869153	0.0154663542	-0.0221407025	-0.0256733165	0.037533001	0.0637887705	-0.1448850749	0.1253298833	0.0122590332	0.0487257631	-0.0488268723	-0.0986972732	-0.0182417344	0.1059389677	-0.0707402728	0.0089132808	-0.0549179021	0.0546123399	-0.0100121204	0.0505879557	0.0379159563	0.0111036368	-0.0151595578	0.0825416212	0.0990695542	0.0332997874	0.120935897	-0.014617353	-0.0056298563	0.00483494	-0.0605874723	0.1097168823	0.0678800746	-0.0078459096	-0.0785316931	-0.0987688341	-0.0555570233	-0.0660571177302387	-0.0227723056733567	0.0005185779056807	0.0043635428028266	0.0728979989864768	-0.0327212682266094	0.0010706813943577	0.0053141182562323	0.0653900158924543	0.0524146877780183	0.0027472994948671	0.0042758541784154	0.0010499576503595	-0.0002349173671173	5.5186169373371256e-08	1.102411067548442e-06	0.0006570693972656	-0.0001556295400673	2.4220553741559345e-08	4.317401928229789e-07	0.0001326549531873	-0.0001763235056075	3.1089978629718084e-08	1.7597336605124758e-08	0.0	0.0	0.0	0.0	0.0	0.0	0.0	0.0	0.0	0.0
281.2144949114612	-0.6888536300544388	79081.59214830823	0.4745193236391776	418.3008201737837	-3.335545806884795	11.12586582982674	174975.5761580601	262.1959370583877	-0.1067254359564913	68746.709409926	0.0113903186801031	277.3784117313991	277.128380698797	0.957876	24.8922	0.136565892305938	0.0689217527441304	0.0130338824	0.0467984918	0.0077959736	0.0219176662	-0.0367504883	0.0444461698	-0.0127789365	0.0336825967	0.0793397128	-0.0003683977	-0.0062832589	0.0161349264	0.1213932445	0.0310315271	0.0783287784	-0.0621837546	0.0107414365	0.0280591801	-0.0546821213	0.071106651	-0.0597928323	0.0216237081	0.1056096561	0.0041511654	0.0331073058	-0.0205369234	-0.0554613784	-0.0821228433	0.1071706867	-0.0211808732	-0.0122992099	-0.051034157	-0.1737749718	-0.1485442838	-0.0258499079	-0.031128355	-0.0211442958	0.059684089	-0.0342775683	0.0905972	0.0016272034	0.0010455243	-0.036660437	-0.1382062613	0.0201711668	0.0331331167	-0.0243712688	-0.0565684447	0.0073274249	-0.0288745965	0.0405180473	0.0114793601	-0.1119708478	0.0533465156	-0.0357670248	0.0304102034	0.024164886	-0.0057814213	-0.0105181305	-0.0712687774	0.1861191198	-0.1440642454	-0.0486544666	-0.0871737695	-0.1170222282	-0.07179417	0.0260249524	0.0763200684	0.0252564212	0.0264945797	-0.0061107157	-0.0027234353	0.0138195367	0.03729411	-0.0442201818	-0.0432452437	0.1273125061	0.0733490555	0.024022147	-0.0148380868	0.0595829969	0.0365354191	-0.0282403404	0.0006550389	-0.0647317671	0.0171319288	-0.0832487234	-0.0295184902	0.0096886732	0.0377698516	-0.0214439951	0.1407528428	0.070008848	0.145844562	0.0936873149	-0.1675728534	0.0260169094	0.0358899559	-0.0449200501	0.0236830562	0.0966510172	0.0147088365	-0.0051247197	0.0883014316	0.0561473395	-0.0867497155	-0.0953801754	-0.2071437497	-0.0374471724	-0.0146230803	-0.1331558688	-0.1638159497	0.1215028941	0.1213034102	0.0168396737	0.0721856354	-0.0163500091	-0.0569457708	-0.0439523335	0.0486329032	0.0395218318	-0.0682676029	0.0312949544	-0.0949594712	-0.0091933432	-0.0637213484	-0.0577055957	-0.0249887058	-0.0404407611	0.0363959369	-0.009390521	-0.0343036257	0.0044874258	-0.1196336971	0.0082951045	-0.0900473601	-0.0074943042	0.2342047814	0.0667182767	-0.0109734311	-0.081360845	-0.0975916762	-0.0488621241	-0.0555407149245752	0.0105164028056635	0.0001105947279709	0.0030847710143329	0.1149545846772355	0.0420565856907587	0.0017687563999641	0.0132145565383157	0.0292578715981335	-0.0361321442943208	0.0013055318513056	0.0008560230504528	0.0016458789378495	0.00059592128749	3.551221808837393e-07	2.7089174780565984e-06	0.000868732871841	0.0002116634745753	4.480142646933099e-08	7.546968026171114e-07	0.0002822853814258	0.0001496304282384	2.2389265054836888e-08	7.968503656670939e-08	0.0	0.0	0.0	0.0	0.0	0.0	0.0	0.0	0.0	0.0
281.2200881780601	0.0055932665989075	79084.7379948759	3.128463124645512e-05	419.6732128282027	1.3723926544190022	1.8834615979032348	176125.6055655459	261.9166935395619	-0.2792435188258082	68600.35435469678	0.0779769428062195	276.8898314054668	276.64089927417825	0.920884	23.93088	0.1578079617491887	0.093875872808729	-0.0123470455	-0.0442698644	0.014070966	0.0209505432	0.0881265054	0.00848202	0.0335195059	-0.0146998457	-0.0522698814	-0.1106221537	0.0337351035	0.0375733621	-0.051989514	0.0778380647	-0.0701972156	-0.0617610983	-0.0553188723	0.095716529	-0.0325765301	0.0752582096	0.0031769911	0.0514821766	0.0129834026	-0.0820415642	0.0164707037	-0.1029718934	-0.1481323546	0.0625941258	-0.0049712173	0.0574035589	0.0952287341	-0.1047480126	-0.1137071003	-0.0440794459	-0.1051441092	-0.0418632466	0.0726593398	-0.0949983565	0.0121342346	-0.0754196219	0.0354115374	0.1072479394	-0.0308216997	-0.060732012	0.0378178034	-0.1188062196	-0.0073757078	0.0349012312	0.0121792815	0.0463413533	0.0888172471	-0.046031397	0.0392815953	0.0370940747	-0.1188687741	-0.1547697749	0.0809036172	0.0015774893	-0.0072727884	-0.0101176151	-0.019864177	0.0371376909	0.0537558076	-0.0317067317	-0.0287753984	0.0784731799	0.0803846131	-0.0031348397	0.0161224268	-0.0450262069	-0.097370987	-0.091033549	0.0417948882	-0.0269026884	0.0335531774	0.0507201249	0.132501011	-0.0408473144	0.0570548601	-0.0786891709	-0.0605769576	0.0282366319	-0.0503944689	0.0654211978	0.0869054431	-0.023530233	-0.0057522691	-0.1031917798	0.0761004115	0.1802790544	-0.0532183255	0.0036115039	0.1177540694	0.0587410758	-0.0485974942	-0.083137798	-0.0833156527	-0.0291407773	0.0240647791	0.0119612976	-0.0230180855	-0.0142766068	0.0097689647	-0.0387207465	-0.0173308525	-0.0999209339	0.0622949941	0.0576213287	0.1108224702	0.1356574658	0.0060317909	0.036547237	0.0759355946	-0.0605366618	0.0848802937	0.0179519058	-0.0434514779	-0.1330421762	-0.0455574852	0.0264127285	-0.0076657671	-0.0295808106	0.0367545145	0.1201394534	0.0030679535	-0.0251084298	0.0320962816	0.0123072746	0.0494816535	-0.0356024496	0.0716780491	-0.1005932424	0.0351148082	-0.0732637671	-0.0936970187	-0.1487986018	-0.0613720117	0.1037215185	0.0655400171	-0.0140901232	-0.0840093554	-0.0960293686	-0.0418659738	-0.0554672252471561	7.348967741909601e-05	5.40073268716279e-09	0.0030766130766187	0.1956829266673025	0.080728341990067	0.0065170652004652	0.0382918077890808	0.0525362299322011	0.0232783583340676	0.0005418819667292	0.0027600554554891	0.0007528996025394	-0.0008929793353101	7.974120932908681e-07	5.668578115039865e-07	0.0006951098262801	-0.0001736230455609	3.0144961949842366e-08	4.831776705911507e-07	0.0002902384355075	7.953054081700052e-06	6.325106922644587e-11	8.423834944584127e-08	0.0	0.0	0.0	0.0	0.0	0.0	0.0	0.0	0.0	0.0
282.3625741676505	1.1424859895903978	79728.62329058193	1.305274236410351	418.6705033735796	-1.0027094546230728	1.0054262503905	175284.99039508653	263.36987373755835	1.4531801979964598	69363.69039253742	2.11173268784903	278.04778793314006	280.56154033684936	1.124972	29.234499	0.4313858101962736	0.3330281926778269	-0.0454780748	-0.034599752	0.0529758329	-0.0193662996	-0.1179948817	-0.093267978	-0.0020105134	-0.0036743706	-0.0182919255	0.1062629284	0.0049771429	0.1187469195	0.07312769	-0.1458143765	0.0073643564	-0.0350172741	-0.0036868605	0.0547060309	0.03817577	0.0742090827	-0.0435433487	-0.0834362969	0.0227546762	0.1146273327	0.002918173	-0.0098254453	-0.015810549	0.0041952449	-0.1066865197	0.0844756556	0.0047114313	-0.0043661229	-0.0128765715	0.007241055	-0.097531879	0.0467151802	0.0365251724	0.1325031038	0.1068170818	0.170580049	-0.1050229702	-0.0463864142	0.0243149194	0.0527531724	0.0463953201	-0.0396087551	-0.0131332401	0.073172943	-0.0274375322	0.004527083	0.0076539133	0.0040311259	0.1220990073	-0.0053956401	0.1560136804	-0.0870060217	-0.1511333483	0.0518564951	-0.0516349615	-0.0158191796	0.0185397126	0.0638461054	0.0129053709	-0.1049357769	-0.0775998633	0.0829260783	-0.1400542276	-0.0596023657	0.0695843121	0.0531776985	-0.0337361567	-0.0096694937	-0.0383650975	0.0686759797	-0.0046912106	-0.1220249057	0.0468830015	0.0133268914	0.0069167118	-0.0981603903	-0.074066329	0.0301247658	-0.0229855579	0.0633124882	0.0862013339	0.0390671733	0.0821544334	0.0363628905	0.0578926612	-0.0537672607	-0.0233827833	-0.0368850772	-0.039273675	0.0547788796	0.0022039493	0.0592377429	0.0027773901	0.0432563309	-0.1648570928	0.0278285825	-0.0347593376	0.0542680386	0.1306889947	0.0144818039	0.0110289706	0.0453858858	0.0054878726	-0.0069659196	-0.0605728376	0.0941962927	0.1860107164	0.0215018553	-0.0583481062	0.064534673	-0.1275623974	-0.0042313759	-0.1342188635	-0.0895720379	-0.0181837129	-0.0050370692	0.0104330513	0.0061191727	-0.0449205585	-0.1015664076	0.0401016613	0.2729799056	-0.0328507657	0.0503860383	-0.0297683614	-0.0155874614	-0.0306815594	0.0523552094	0.1323532377	-0.0636480007	-0.0342066262	-0.1183084231	-0.0522770785	0.0491101511	0.0643455865	-0.01719291	-0.0864713441	-0.0940880769	-0.0346117057	-0.0555557991134776	-8.857386632149522e-05	7.845329795138105e-09	0.003086446815137	-0.1346575092490525	-0.330340435916355	0.1091248036014074	0.0181326447971586	0.015125258503744	-0.0374109714284571	0.0013995807832208	0.000228773444805	0.0016318457512344	0.000878946148695	7.725463323057731e-07	2.6629205558217635e-06	0.0005589455457832	-0.0001361642804968	1.8540711283238445e-08	3.1242012315087934e-07	0.0005460445860184	0.0002558061505109	6.543678663920523e-08	2.981646899200059e-07	0.0	0.0	0.0	0.0	0.0	0.0	0.0	0.0	0.0	0.0
281.74827746700424	-0.6142967006462641	79382.091855624	0.3773604364248857	421.6246547490901	2.954151375510492	8.727010349430529	177767.34949228942	263.0685333669905	-0.301340370567857	69205.0532478594	0.0908060189339733	278.4926605329373	277.4399840052058	1.268374	32.961079	0.2653691826104828	0.2099629428184962	0.0276674797	0.1713520529	-0.0340720481	0.0315483893	0.0040378684	0.1490457513	-0.070345138	-0.0434354402	-0.0092033023	0.0127901342	-0.0334536153	-0.0870582338	-0.0526444785	-0.022472285	0.0194207807	0.0181449449	0.0850123148	0.1122804302	-0.1268409252	0.0032838913	-0.0834648284	0.0522252324	0.0808940827	-0.0418627254	0.0159101889	-0.0690734892	-0.0232662922	-0.1750441569	-0.0091660246	-0.1529067483	-0.0263325337	0.0374114344	0.0221534153	0.0574014346	0.0561356418	-0.1159502651	0.0035383695	-0.0584501849	-0.047886708	-0.0949622088	-0.0823746799	-0.0824064664	0.0372049228	0.0475668301	0.0682087483	-0.0694492608	0.0219186557	0.1287011196	0.0336410078	-0.1008287635	0.0029019763	-0.0384254924	-0.0601026588	-0.0851516271	0.1310218951	0.0373286336	-0.0402853187	-0.0792552014	-0.0124047251	0.0407540864	0.0151756359	0.0475026353	0.0571918486	0.0590310452	0.015636718	-0.1002153228	-0.0375069391	0.1056265235	-0.1155512669	-0.0442278779	0.0520189096	-0.0778112287	0.0337802087	0.0076757613	-0.0680761418	-0.0134231526	0.098899556	0.0307800157	0.0697410954	0.0031455411	0.0454836484	0.0047805621	0.0716717584	-0.1363973243	-0.1377708631	-0.0510723006	-0.0504416877	-0.0424901979	0.0644282617	0.0026517436	0.0576396018	-0.0655817368	-0.0620155957	-0.0264052368	-0.0332380867	0.058955657	0.0347579481	0.1217508254	-0.0557953476	0.0708584434	-0.0204204561	-0.0085197093	0.1028485294	0.0127593999	0.0722255849	0.0413814227	0.1165159618	-0.033333376	0.0464696807	-0.0670231199	0.0880693482	0.0870681384	-0.0534963853	-0.0519717644	-0.0323801939	0.0944019799	0.1133326719	-0.0009715844	-0.0470283689	0.0682813939	0.0472888718	-0.1166895428	0.0381846312	-0.0047162199	-0.0298941606	0.0132407644	-0.0025353496	-0.0807564601	-0.0510145661	0.0426787634	0.0259373324	0.0523279776	0.1360754798	0.0001118405	-0.0043060746	-0.0767663984	0.0452592622	0.1127160078	0.0631352795	-0.0202787295	-0.0887413447	-0.0917754626	-0.027144045	-0.046427305991699	0.0091284931217785	8.332938667435913e-05	0.0021554947416468	0.0739378632686253	0.2085953725176778	0.0435120294357887	0.0054668076247299	0.0326366695969255	0.0175114110931815	0.0003066495184744	0.0010651522023788	0.001461924207199	-0.0001699215440354	2.8873331127374392e-08	2.137222387594425e-06	0.0002309756214251	-0.0003279699243581	1.075642712834579e-07	5.3349737692711125e-08	0.0006508312351818	0.0001047866491633	1.0980241842893468e-08	4.235812966882674e-07	0.0	0.0	0.0	0.0	0.0	0.0	0.0	0.0	0.0	0.0
280.8913561879661	-0.8569212790381471	78899.95398111484	0.7343140784683739	419.0476888483221	-2.576965900768016	6.640753253721113	175600.96552912015	261.83203852874	-1.2364948382505077	68556.01640011558	1.528919485020149	276.3753737525927	280.04741614906686	1.475537	38.344593	0.3026543587987465	0.2055083231109807	-0.0369893654	-0.1822231864	0.0462980142	0.0461668049	0.0405326457	-0.1052900543	0.1116274725	0.0705015077	-0.0139273711	-0.0089269543	-0.0693692449	0.0357778665	-0.1191925771	0.0723910516	-0.0953043988	-0.0201512048	-0.0796847448	0.0591507671	0.084169516	0.0021746659	-0.0032854276	-0.0821261486	0.0359665997	-0.0276860723	-0.0407311893	0.1117749773	-0.13208705	-0.0063738623	-0.0563002973	-0.0592242905	0.0031002549	0.0775619226	-0.033467981	-0.077682615	0.0462498484	0.0108691911	0.0051580424	0.1334711738	0.0394844318	-0.0392812229	0.0648696899	-0.1288009007	-0.0620969586	-0.0497408458	0.0746165229	0.0111184217	0.009295688	0.0486301016	-0.0084401326	-0.0730431678	-0.1335015196	0.0852581176	-0.0084500335	-0.0671960836	0.0946508422	0.0734396913	0.0317306356	0.1305040002	0.033642699	0.0226531589	-0.0649947728	0.0079133588	0.088227484	-0.0308155229	-0.0519496261	0.0764325087	0.0798327055	-0.1087593445	0.0601004957	-0.0709706992	-0.0988831209	-0.0562924322	0.0348562848	0.0229293087	0.0476900852	-0.024457721	-0.0811617649	0.0889155178	0.0822525239	-0.0849554317	-0.0020026927	0.0131199331	-0.0405982982	-0.0839266557	-0.04696214	0.0508317356	-0.0602529931	-0.0869152649	-0.121786152	-0.0683168176	-0.009165105	0.0167045261	0.0376163612	-0.0455258192	0.0226319328	0.0635567672	0.0854975108	-0.0556440355	-0.0631131754	0.0190709117	0.060205289	0.0302102572	0.1133687292	-0.0106497183	-0.030129662	0.1426031098	0.0800830631	-0.054175572	-0.0644496369	0.0403479803	-0.07495443	-0.0324495678	0.0377181381	0.0498663085	0.0988406102	-0.0876078006	-0.0636301812	-0.0532776761	0.0359308031	-0.0649900345	0.0777078579	-0.0047877546	-0.1489766442	0.0885466093	-0.0833994384	0.0008550138	0.0653929353	-0.0236171029	-0.0292148772	0.0630559639	0.032375564	0.0724002639	0.0746173388	-0.1971319683	0.02157651	-0.1057443772	0.0548113475	0.0636825131	0.0619093949	-0.0233445364	-0.0908143174	-0.0891006524	-0.0195090322	-0.0189766169290095	0.0274506890626895	0.0007535403300164	0.0003601119900703	0.2682695095060978	0.1943316462374725	0.0377647887293661	0.0719685297306423	0.021730009515906	-0.0109066600810195	0.0001189552341229	0.0004721933135613	0.0022221147011437	0.0007601904939446	5.778895870838867e-07	4.937793745038954e-06	-0.0002916474226262	-0.0005226230440513	2.7313484617344706e-07	8.505821912450534e-08	0.0007673249655371	0.0001164937303553	1.3570789212093361e-08	5.887876027365118e-07	0.0	0.0	0.0	0.0	0.0	0.0	0.0	0.0	0.0	0.0
281.8374007422183	0.9460445542521824	79432.32045712974	0.8950002986302107	417.24348294344816	-1.8042059048739247	3.255158947181937	174092.1240587795	263.2917285518947	1.4596900231547352	69322.53432384461	2.1306949636974712	278.21834543911075	275.02481060088195	1.393089	36.202007	0.4575720277047874	0.3685537099303098	-0.0268818214	0.0797148267	0.1473516774	0.1074677272	-0.1254450607	-0.0366236494	-0.0283744981	-0.0855197725	0.0401248768	0.1526142575	0.0868521158	0.0021518719	-0.0157481461	-0.1531728116	-0.030508484	0.0525017565	-0.0444373391	-0.05881956	4.43117e-05	-0.0832583783	-0.0113885037	-0.0042477729	0.1332522818	0.0932830575	0.095643816	-0.1086124188	-0.0021236058	-0.0673257289	-0.0332610231	0.0250052585	-0.0342695241	0.0848871158	-0.0734344682	-0.1046281871	-0.0521768942	-0.0146086104	-0.0701432151	-0.078191845	0.1730679801	-0.027059464	0.0373980721	0.0094514418	0.0350848205	0.0694516603	-0.0472033562	-0.0406457922	-0.0277585651	0.1098462895	-0.0489729102	0.0304031347	0.1550734449	0.0494739716	-0.0118861488	-0.0184109257	-0.0492789459	0.1521207086	-0.0257343018	0.0337777668	0.038436185	-0.0043185846	0.0297622999	-0.0502516784	0.0026560016	0.0059118128	-0.0358702489	0.0951029443	-0.154212348	-0.0765606721	0.0046987792	0.0349288872	0.0544687042	0.0454462891	0.0291482218	-0.0503057146	-0.118990892	-0.0228793726	-0.0199069152	0.0321443015	0.1098754412	-0.0718954854	-0.0625661829	0.0005563606	-0.0096879612	0.0258721894	0.0246196287	-0.0490269738	-0.1125444853	-0.0513966674	0.0462647724	-0.1503723277	0.115316929	-0.0516787385	0.0298433392	0.0209559856	-0.0663276145	-0.0358189921	-0.1562284566	0.0310981078	-0.081488999	0.102368852	-0.0664979324	-0.0603245181	-0.0802380912	0.0435259066	0.0418053057	-0.0567310895	-0.0511441498	-0.0545083062	-0.0620530089	-0.1086903125	0.0181052459	-0.0205599353	0.0808854806	0.0258840448	-0.1527057885	-0.0757996536	0.0098688361	0.0377008902	-0.010726952	-0.096998994	0.0463303603	-0.1626923614	-0.0854967822	-0.0530276494	0.0496725983	0.1198532705	0.0047964635	-0.0354499145	-0.0888121917	-0.0266100252	0.0287023727	-0.0468015682	-0.076911027	-0.0653806443	0.011855384	0.004303509	0.0122949833	0.052952472	0.0606682351	-0.026387305	-0.0926856596	-0.0860742027	-0.0117537397	0.0224401745003035	0.0414167914293129	0.0017153506122992	0.000503561431604	-0.094175951873126	-0.3624454613792238	0.1313667124743984	0.0088691099112093	0.0246716563997466	0.0029416468838406	8.653286389209116e-06	0.0006086906295071	0.0022239204381507	1.805737007000256e-06	3.260686138450244e-12	4.945822115224402e-06	-0.0012217379049468	-0.0009300904823206	8.650683053033665e-07	1.4926435083837963e-06	0.0006838586246165	-8.346634092060005e-05	6.966630066673833e-09	4.6766261846237116e-07	0.0	0.0	0.0	0.0	0.0	0.0	0.0	0.0	0.0	0.0
281.5292255333937	-0.3081752088245935	79258.70482943245	0.0949719593340818	418.19947238575327	0.9559894423051104	0.9139158137988362	174890.79870372242	262.0465876403072	-1.245140911587498	68668.41409392921	1.5503758897089457	277.15597675610275	279.37315573139955	1.19153	30.96413	0.4055131862827057	0.294833112368034	-0.0383079126	0.0971701815	-0.0079697837	0.0895787313	0.1339041979	0.0605856799	0.0106829686	-0.0501391061	-0.013014757	-0.002641519	0.0253158673	-0.1010966496	-0.134680052	0.0669809902	-0.021647007	0.0326223474	0.009449581	-0.0798991168	-0.0502045683	-0.1103450605	0.0083496139	0.0347642052	0.0390169331	-0.114216598	0.0079699501	0.0367538947	0.0609571457	0.0823080728	-0.0681130104	0.0459549092	-0.0381210799	0.0853543936	-0.0153019767	-0.0025186383	0.0119011452	0.1006771022	0.057108218	-0.1688666346	-0.0185745252	0.0546593938	0.0647640656	0.0369317521	0.0589692338	0.0881510224	0.1186406516	-0.1056633402	0.0040423421	-0.104717403	0.153958427	-0.0207719146	0.1394340237	0.1228497483	-0.0310804691	-0.0771780984	0.0395332279	-0.0351782403	-0.018938927	-0.020069341	0.0418444865	-0.0110892803	0.0520250977	-0.0176648841	-0.0353006619	-0.0821705942	-0.0367961662	-0.1402199651	0.0537313851	0.0348379668	-0.0784324393	-0.0539382639	0.0482363104	0.0429640704	0.0453115261	-0.125581994	0.0036143098	0.0684734106	-0.0285979754	0.0138008387	0.0971858573	0.1031429687	-0.0558170362	-0.0517009986	-0.0734058786	0.093684006	0.0496171103	-0.1294447631	0.0407976368	0.0488067509	-0.0368648231	0.031073481	0.0647057764	-0.019614166	0.1124522814	0.0648309329	-0.0222944089	0.0006577251	0.1248844379	0.0089817993	-0.0059866998	0.0563574955	-0.1183636271	-0.0871415606	-0.0329808562	-0.1946393305	-0.0071870686	0.0254643375	-0.0555724709	-0.0502241024	0.0394040519	-0.0197348224	0.0875275869	0.0762440576	-0.0168063929	-0.0942000107	0.0451657412	-0.0330882397	0.1588643841	0.0698545355	-0.035836434	-0.0543655961	0.0194079825	-0.025926472	0.0045629015	0.0941107979	0.0868655946	-0.0270096302	0.0430785598	-0.0038485387	0.0020028608	-0.0400264156	0.0343165645	-0.1029646477	-0.0101374131	-0.0102030597	-0.1315757394	-0.0280077397	0.0259840636	0.0443329025	0.0594121063	-0.0294040325	-0.0943512164	-0.0827080574	-0.0039259816	0.0340377452803721	0.0115975707800686	0.0001345036479987	0.0011585681037714	0.1972388016119026	0.2914147534850286	0.08492255854874	0.0389031448612994	0.0546318711395201	0.0299602147397735	0.0008976144672533	0.0029846413442051	0.0013027288974828	-0.0009211915406679	8.485938545980992e-07	1.6971025803367518e-06	-0.0013858149257903	-0.0001640770208435	2.6921268768878328e-08	1.920483008543175e-06	0.0010494030086618	0.0003655443840453	1.336226967070578e-07	1.101246674588438e-06	0.0	0.0	0.0	0.0	0.0	0.0	0.0	0.0	0.0	0.0
281.591841804556	0.0626162711623123	79293.96537088208	0.0039207974142722	417.8087274828824	-0.3907449028708925	0.1526815791195832	174564.13276086547	261.76971106498246	-0.2768765753247635	68523.3816310444	0.0766606379635694	276.1130191725716	279.73220126360206	1.044474	27.142595	0.0788091707220509	0.0565229339052275	-0.0960692615	-0.0066334448	0.0999117921	-0.0583719905	0.083552276	-0.1261461387	-0.0540667186	0.0054662483	0.0456047066	-0.0384552775	-0.0288925577	-0.061903729	-0.1632041983	0.0956441291	-0.1048903574	0.0385498933	-0.0694358454	-0.0548811768	0.0120258991	-0.0876461609	0.0866370821	-0.0314435195	-0.0328995077	0.0271180931	0.060841603	-0.0149714856	0.1215706565	0.0701644542	0.0487170408	-0.0226921156	-0.0318339618	-0.1110152406	0.0335304191	-0.0571695039	-0.0947259994	0.0345212434	0.1142796179	0.0714234265	0.0024853013	-0.0389917408	0.01508983	-0.0204816086	-0.0016096898	0.0346428672	-0.1240729382	-0.0058024239	0.0393787108	-0.0589479631	-0.0641705567	-0.0049266373	0.0664824158	0.024969947	-0.0954598488	-0.0148522561	0.0538889356	-0.0893148636	0.022363079	0.0627731081	0.0333921552	0.0811711579	0.0459147579	-0.1149656069	0.0866169158	-0.0723439367	0.0753529262	-0.0939195927	0.0994264591	-0.120926455	-0.0425859102	0.0634567032	-0.0046060419	-0.0102481811	0.0076722641	-0.0439854923	-0.0339286196	0.0474722013	-0.0830259402	-0.1018656223	-0.0060551253	0.1306248644	-0.0260275465	0.0831842328	-0.0283737204	-0.0362536356	0.1532790817	-0.0807886831	0.0644921858	-0.012385048	-0.0017412863	0.0698142032	0.0329076339	-0.0510253383	-0.0740367616	-0.0165254706	0.0346868701	0.0354813929	-0.0402937953	-0.0269048369	-0.0347039472	0.0442986037	-0.0015553514	0.0100807131	0.0421861854	0.0242433334	0.0063096939	0.0897160661	0.0058699722	-0.1434652843	0.2212504208	-0.0485252621	-0.0613803676	-0.1639496667	0.0665738364	-0.1062875456	0.1055977548	-0.1128768444	0.0579698363	-0.013163069	0.0598321291	-0.1118579676	-0.1275331201	0.0008549305	-0.0326762055	0.0440391078	0.1316353764	-0.0066990407	0.0647499594	0.0762119885	-0.0200871175	-0.020702	-0.1136770492	-0.059366358	0.044075596	-0.0968538181	-0.0759819628	-0.1359837852	-0.003178106	0.001002782	0.0581413184	-0.0323917418	-0.0958072899	-0.0790155012	0.0039259816	0.0285818159791659	-0.0054559293012062	2.9767164539760385e-05	0.0008169202046669	0.2515836302168281	0.0543448286049255	0.0029533603960987	0.0632943229930777	0.0669821057010793	0.0123502345615592	0.0001525282937255	0.0044866024841505	0.0014352306290786	0.0001325017315957	1.755670887588541e-08	2.059886958645354e-06	-0.0013857448815493	7.004424099998735e-08	4.906195697264307e-15	1.9202888767400835e-06	0.0010499947979122	5.91789250399934e-07	3.5021451688891583e-13	1.1024890756426817e-06	0.0	0.0	0.0	0.0	0.0	0.0	0.0	0.0	0.0	0.0
282.48091853640017	0.8890767318441704	79795.46933716835	0.7904574351067108	415.6367531446977	-2.1719743381846683	4.717472525732728	172753.91056466638	262.89406940244146	1.1243583374590005	69113.2917269757	1.2641816710135672	277.69229123881297	282.1915329011807	1.017611	26.444511	0.2051833695781192	0.1228446284062154	-0.1060972943	0.0375403902	-0.0130611408	0.0632687209	-0.0319536875	0.0042571972	-0.014258526	-0.0903425899	0.1594493945	-0.0290880677	0.0139265432	0.0109004206	-0.016024617	0.0162961962	-0.0421513084	0.1040366592	0.0473639125	0.0243532223	0.0587629465	-0.1637120543	-0.0188482204	0.009475414	0.0064570753	-0.1114635654	0.0061619452	0.0168024869	0.0491391773	-0.0143299887	0.0983273218	-0.0184469031	0.0729997985	-0.0828793204	-0.046902848	-0.0688336647	0.0406905401	0.0005518084	0.0355576599	0.1363482954	-0.0636070616	-0.0206690772	0.0607669989	-0.0239668291	0.0635902587	-0.06974731	-0.0499321756	0.0458595662	0.0444339413	-0.0155074677	-0.0525249885	0.1291666442	0.02528412	-0.2170497068	-0.0490070586	-0.0735979983	-0.0861048737	-0.0491618425	0.0715378946	-0.0336682733	-0.014531564	0.0263127648	0.0476499153	0.0769090784	0.05993264	0.0458016211	-0.0225788861	0.1059944663	0.0184951237	-0.0380653148	-0.0292551808	-0.1139747783	0.0690897906	0.0501908797	-0.0041506812	-0.0031075761	-0.1316206759	-0.0171596192	-0.0621656356	-0.0790093385	0.0460186558	0.1280767864	-0.0354488122	-0.0163475655	-0.0153153541	-0.041303066	-0.0094483846	0.1593651702	-0.0528064245	-0.0479261048	-0.0128323288	0.0378418718	-0.044687236	0.0362085632	0.0122818947	-0.0615655563	-0.019905078	-0.0753111876	0.0132825578	-0.0358115822	-0.0311010955	-0.1442317362	-0.0101716947	0.1599575395	0.0412660203	0.0218085386	0.0462932748	-0.0698744435	-0.108548974	-0.0554051216	0.0176296633	0.0788901187	-0.0458386727	-0.1197340867	0.0005198366	-0.0139799568	0.0187348669	-0.1254041988	0.0692536371	0.1087409374	0.0331557082	-0.033137442	0.056919243	-0.0204084004	0.1289866628	-0.0090394098	0.1242070778	-0.0905848099	0.0666594441	0.0748109996	-0.005944274	-0.0494355124	-0.056638319	0.0739409054	0.0689895457	-0.0793787366	0.0145600488	-0.0441846536	0.086711381	0.0081970452	0.0568561851	-0.0353474844	-0.0970506473	-0.075011107	0.0117537397	0.0496677870747248	0.0210859710955589	0.0004446181770427	0.0024668890729002	0.13911731904372	-0.1124663111731081	0.0126486711488863	0.0193536284579121	0.0334980734963821	-0.0334840322046972	0.0011211804126851	0.001122120927969	0.0012856582413252	-0.0001495723877534	2.2371899178253466e-08	1.652917113487406e-06	-0.0016080723953655	-0.0002223275138161	4.9429523399692564e-08	2.585896828736537e-06	0.0014410359984377	0.0003910412005255	1.5291322050842434e-07	2.0765847487933386e-06	0.0	0.0	0.0	0.0	0.0	0.0	0.0	0.0	0.0	0.0
282.13423987416485	-0.3466786622353197	79599.7293093728	0.1201860948492709	419.05346891923386	3.416715774536158	11.673946683964218	175605.8098132433	263.1840528277412	0.289983425299738	69265.84566283527	0.0840903869485687	278.14100279253125	281.3277374009057	0.918103	23.858608	0.1081428125304537	0.0519249133452614	-0.0745457639	-0.0409260745	-0.0040307686	0.0452338205	0.0967753058	0.0113285858	0.0622235239	-0.0262656183	-0.0568871976	0.0196852612	0.0405129239	0.0798099181	-0.0848694755	-0.004609548	-0.0569028887	0.1430508383	0.0567283217	0.0561590296	0.1128862615	-0.1591927262	0.090340979	0.0537124422	0.0160455946	-0.1179628709	0.0715294792	0.0014578599	-0.0310061827	0.0048411304	-0.0435420081	0.1590208398	-0.0312406951	-0.0307170411	-0.1101738494	0.0496806361	0.0967659015	-0.0609566435	0.0094290924	0.0909460194	0.0713179735	0.0147298519	0.1056722577	-0.007238991	-0.0635676907	0.0685976035	-0.0279576456	-0.0753546157	-0.0251430205	-0.0323701139	0.069506492	-0.0252620552	-0.0728588237	-0.077908491	-0.0629948453	0.093269773	-0.0880840903	0.0547820323	-0.024176323	-0.0869430078	-0.0438985466	0.0118332902	-0.0084085016	-0.0002744709	-0.0244439772	-0.1385663923	-0.0160157718	-0.042363002	-0.0072391081	-0.0415892985	0.0160617218	-0.1673624517	0.0909315032	-0.0718590925	-0.0900102011	-0.0840258176	-0.0467503951	0.0154629104	-0.150760544	-0.0719629829	0.107287834	0.025611061	-0.0159152609	-0.0026556627	-0.1398870933	0.0780622709	-0.0847176859	0.066058796	0.0165142387	-0.0591197029	0.0562581953	-0.0604797402	-0.1067417257	0.1040177584	0.0256790737	-0.0783780211	0.0089374638	-0.0635966527	-0.1407764544	-0.1014769248	-0.0044316629	-0.0621002883	-0.0549017078	0.0214633172	0.0713380904	-0.045079542	0.0041873651	-0.0526588994	0.0784761357	0.0383250346	0.0238262655	-0.1078649445	-0.0060325559	-0.0196432864	-0.0162096966	0.0921747709	0.0108789153	-0.1681000434	0.0537474109	0.1779990101	-0.0684986301	-0.0537768335	-0.0097790464	0.0218788485	0.0033562424	0.075988312	-0.0088726587	0.0135253538	0.1362487882	-0.0265757777	-0.0831205411	0.0162042758	0.0662184345	0.0564518793	0.0671189944	-0.1245597816	-0.014719202	-0.1215052999	0.1736868409	-0.0623321996	0.0555570233	-0.0382683432	-0.098078528	-0.0707106781	0.0195090322	0.0781397771175989	0.028471990042874	0.0008106542170015	0.006105824767988	0.1342178909094258	-0.0048994281342941	2.400439604311353e-05	0.0180144422401745	0.0195281251789367	-0.0139699483174454	0.000195159455992	0.0003813476730042	0.0018936753763588	0.0006080171350336	3.696848364944672e-07	3.586006431027643e-06	-0.001886327484659	-0.0002782550892934	7.742589471773364e-08	3.558231379379949e-06	0.0017707926948274	0.0003297566963897	1.0873947881384885e-07	3.135706768054085e-06	0.0	0.0	0.0	0.0	0.0	0.0	0.0	0.0	0.0	0.0
281.65725143592044	-0.4769884382444047	79330.80728643731	0.2275179702188363	420.25370641534977	1.2002374961159037	1.4405700470825733	176613.177755839	262.80745891121217	-0.3765939165290319	69067.76045936847	0.1418229779666754	277.6039808059205	281.28374387411924	0.937699	24.367847	0.18112681012918	0.1310397996376647	-0.0346576816	-0.0205784363	0.036564194	-0.0783331751	-0.02093508	0.0076167289	-0.0262867388	0.0664643157	-0.0094898429	0.1226254369	-0.0818498123	0.0941703423	-0.0500003761	-0.0830981683	-0.021457004	0.1134799558	-0.0616663501	-0.0365826613	0.0822822969	-0.113263639	0.1463992934	-0.0144080736	0.1014205587	-0.052459431	0.0099375281	0.1378654371	0.0203041161	-0.1137984395	0.1312445933	-0.0543615582	-0.1014548039	0.0139130887	-0.0486341967	0.0870919106	0.0156270859	0.0159863598	0.1495682644	0.0218283548	0.0579165327	-0.0373214531	-0.1631890797	0.0640002953	-0.0237870209	0.1268501291	0.0107927109	0.0852401903	-0.0094971287	0.0054778286	0.1254263049	0.0198728873	-0.0831943115	-0.0200047063	-0.0101826908	-0.0224443009	0.047532702	-0.1131457421	0.0770837953	-0.0848959021	0.0310366911	-0.053537269	-0.0340455474	-0.0242017805	-0.1325007572	-0.0821379423	0.1901025255	0.1325531946	-0.0787047333	-0.0700744306	0.0304513399	-0.0022237525	0.0881420822	-0.0725990399	-0.0040340086	-0.0101555539	-0.0794595786	0.0917843857	-0.2028172992	0.0154981062	0.0790646876	0.085752871	0.1666117097	0.1309890763	-0.0806450754	0.0039984938	-0.1145232507	-0.038846435	0.0251917976	0.0568122937	-0.1280559424	0.1004792481	-0.0754410538	0.0231256515	0.0058231186	0.0103074699	0.0618211558	0.0927354159	0.0004939375	0.1373917831	0.0353275415	0.0268741172	-0.1248287948	-0.0542998018	0.1365682696	-0.062733316	0.0922495414	0.0246023769	-0.1142326078	-0.0355013661	-0.0803962798	-0.0562337292	-0.0660527048	0.0083761347	-0.0785451665	-0.0325941012	-0.0634685295	-0.1451422618	0.0508343904	0.1407123953	0.1195778641	-0.0504115424	-0.1041099094	0.0183166211	-0.0442454605	-0.0067209139	-0.0482515961	0.0193860568	0.0717551395	-0.0210277436	-0.0496506237	-0.0039724948	0.0256834568	0.0760272801	0.0319598629	0.0361673231	-0.1192010864	-0.1628400879	0.1729739268	-0.140877989	0.0542441537	-0.0411514359	-0.0988886499	-0.0661311865	0.027144045	0.0762056646467499	-0.001934112470849	3.7407910498936256e-06	0.0058073033242529	0.0071981432526229	-0.1270197476568028	0.0161340162947978	5.1813266285280576e-05	0.0458824494136749	0.0263543242347382	0.0006945504058697	0.0021051991641984	0.0019782728401236	8.459746376480006e-05	7.156730875436658e-09	3.913563429970695e-06	-0.001887179511621	-8.520269620000947e-07	7.259499439751108e-13	3.561446509082076e-06	0.0013398696702184	-0.000430923024609	1.856946531381689e-07	1.7952507331711637e-06	0.0	0.0	0.0	0.0	0.0	0.0	0.0	0.0	0.0	0.0
281.3727731680246	-0.2844782678958495	79170.63748026462	0.0809278849050227	418.46453806096855	-1.7891683543812178	3.201123400319195	175112.56961457978	262.8833569709969	0.0758980597847198	69107.65937234058	0.0057605154790849	278.12771440395323	279.0592253354706	0.9754290000000002	25.348351	0.1058865027360426	0.0652289442625018	-0.0008409501	0.0345744121	-0.0473462026	0.095319892	-0.1422043555	0.1007564383	0.0664750699	-0.0019108038	0.1004721196	0.1264788497	-0.0270250598	-0.0238594769	-0.0285798511	-0.104821711	0.017512313	0.0794861316	-0.0667485163	-0.1075924552	0.0069175781	-0.2006252799	0.0164704368	-0.0877819238	0.0421366485	-0.1244130992	-0.0244624871	0.0263034238	-0.0700987855	-0.0642743204	-0.0219131956	-0.0035262081	-0.0515867237	-0.1384860981	0.0999289839	-0.028869429	-0.0603046548	-0.0893750748	-0.0565646872	-0.0228509976	-0.0262350763	0.0123862395	0.0340658446	0.0639505933	-0.0728829087	-0.0473899318	0.1259436378	0.036622216	0.0603909041	-0.0486820062	0.0021947457	0.0046729992	0.0196777492	-0.0508507841	-0.0521841808	-0.0278870099	-0.0946242673	-0.1135614991	-0.1038895041	0.0111387826	0.0319032985	-0.0286104611	-0.0920724887	-0.0369014281	0.0297335082	0.1203960632	-0.1590283973	0.1942500265	-0.1068931627	0.0137629205	0.0305976652	-0.0766005997	0.0681008702	0.0784076364	0.1268513136	-0.0353688683	-0.107289655	0.1177978677	-0.1469587421	0.0093503465	0.0736015913	0.0231386004	-0.0199916838	0.0718982886	0.0359216456	-0.0463892949	-0.0029744332	-0.0432413268	0.127249373	0.0139799151	0.0257722248	0.0013617672	-0.0732721477	0.0405067574	0.0159296372	0.0824768642	0.1002236719	-0.1196079354	0.1086119493	-0.0297673616	0.156517149	-0.0635992582	-0.0437659543	-0.0572670236	0.0623537361	-0.0002964947	0.0201740355	-0.0380883594	0.0421783188	-0.0278305637	-0.0162754602	0.0929817742	0.0412272282	0.0259184075	-0.032302874	0.0573964439	-0.1201093478	-0.081652437	0.0673399401	0.1196732106	0.1218601146	-0.0665986542	0.0855428031	-0.0020875833	0.0560361793	-0.0226862305	0.0209607564	-0.0051638764	-0.0904010594	-0.0378132257	-0.0134391383	-0.0320664147	0.0749853682	0.1081065397	0.08263467	0.1168394814	-0.0608075965	-0.1095024423	0.0381790762	-0.0762443995	0.0529179001	-0.043993917	-0.0994792142	-0.0612907054	0.0346117057	0.0524435525691586	-0.0237621120775912	0.000564637970388	0.0027503262060741	-0.0513520644146439	-0.0585502076672668	0.00342812681788	0.0026370345196457	0.0475916182526745	0.0017091688389996	2.9212581202072508e-06	0.0022649621279083	0.0018910026208301	-8.727021929350021e-05	7.616091175535617e-09	3.5758909119863064e-06	-0.0017099008513112	0.0001772786603098	3.1427723401237465e-08	2.923760921314766e-06	0.001167118266778	-0.0001727514034403	2.9843047390627795e-08	1.362165048646883e-06	0.0	0.0	0.0	0.0	0.0	0.0	0.0	0.0	0.0	0.0
281.89023953155754	0.5174663635329466	79462.10714315888	0.2677714373880117	421.5329794588956	3.0684413979270744	9.41533261251266	177690.05277149373	262.4492541413232	-0.4341028296736908	68879.61099933684	0.1884452667307054	277.4191703560669	275.90649556174253	1.014601	26.366302	0.1364629268762832	0.0814626441697853	0.0094703166	0.021842399	0.0342330787	0.0488580497	0.0375811488	-0.0484989303	0.0354020295	-0.0589551935	-0.0884301857	0.0415646793	0.1086730075	-0.0956480434	0.048601128	-0.0551162275	0.0585409261	0.1109170764	-0.0054939694	-0.2041507152	-0.0053487227	-0.131706489	0.0478082357	0.0558835807	-0.1007720869	-0.0715378937	-0.0759463765	0.0838635059	-0.0130127018	-0.0239804656	-0.0381194946	-0.0429132205	0.018103552	-0.1389490723	-0.0010223276	0.0257236017	-0.0547550768	0.0743297281	0.0163604427	0.0122636757	-0.031213045	-0.0088457148	-0.1168289562	0.0745846485	0.0469141368	-0.02987104	-0.0712831232	-0.0621917328	-0.1169370606	0.0321499784	0.079163604	0.022438129	0.0612273244	-0.0424351655	-0.0443314976	0.0230144714	0.0915062377	0.0581756513	0.0407169719	0.0123085941	-0.0157954556	-0.1168587504	-0.1005284705	-0.0003655467	-0.0644393165	0.0062161801	-0.0999379514	-0.0198453323	-0.0559444195	0.0008188172	0.0081293304	0.0154633755	0.1287499429	0.1274555981	-0.0061019372	-0.1466056745	0.0593457746	0.0668060435	-0.151752918	-0.0266174802	0.006675493	-0.0095938956	-0.0289142382	0.0906646044	0.1599934914	-0.0610214415	0.0003836552	0.0144968683	0.0743635039	0.0847977578	0.0245185474	0.1040423116	0.0225666465	0.0928320092	0.0401853782	0.0297937433	0.0738568529	-0.0377017488	-0.1109435917	0.1175500572	-0.0612123152	-0.0154639478	0.0021415168	0.0380501065	-0.0550249056	0.0099503979	-0.0747056233	-0.0476467781	-0.0601809421	0.0006628342	-0.0046435005	-0.0110120583	-0.0885379593	0.0378407353	-0.079996896	0.007390609	-0.0654391389	-0.0562529026	0.0559322285	0.1624057541	-0.0127264975	-0.0375024219	-0.0287378581	0.0681364902	-0.0385194676	0.0621741946	0.0004064643	0.0191231168	-0.0744362436	0.021752487	0.021554394	-0.1750246226	0.1065347745	0.0698922185	0.0280956052	0.0402018841	0.0538586568	0.0255534603	-0.0351538229	0.0394335864	0.0515785898	-0.0467929814	-0.0998489097	-0.0562083378	0.0418659738	0.0347960370982747	-0.0176475154708838	0.000311434802295	0.0012107641977445	0.0212492467730385	0.0726013111876824	0.0052709503861706	0.0004515304884214	0.0469130546777876	-0.0006785635748869	4.6044852516329246e-07	0.002200834699201	0.0020393164106265	0.0001483137897964	2.199698024377076e-08	4.158811422650552e-06	-0.0011720828451466	0.0005378180061646	2.8924820775486584e-07	1.3737781958869486e-06	0.0013916972036736	0.0002245789368955	5.0435698897157874e-08	1.936821106712918e-06	0.0	0.0	0.0	0.0	0.0	0.0	0.0	0.0	0.0	0.0
282.7116385742341	0.8213990426765463	79925.87058532836	0.6746963873099467	419.82755543795497	-1.7054240209406544	2.9084710912013896	176255.17630500914	262.69634614128034	0.2470919999571492	69009.37027597938	0.0610544564428238	277.27930059671974	283.55963696693226	1.009517	26.234194	0.0719460623082924	0.0501485706118558	-0.0416925449	-0.0174424737	-0.0061395464	-0.1320076569	-0.097029741	-0.0543923488	-0.131554254	-0.0109117373	-0.0150618184	0.0213554578	-0.0665005078	0.0591588094	0.0394763535	-0.0885907973	0.0391050157	0.0707567101	-0.0183710213	-0.1518423743	-0.0415895834	-0.0587354986	0.064183309	-0.0242797553	-0.0284088354	0.1411478918	-0.0355168709	-0.0199421455	-0.0793810847	0.0041339386	0.0036929273	0.0245396546	-0.1366447057	0.0130461348	-0.0345882075	-0.0180672002	0.054633981	0.0125858464	-0.0834233093	0.0332471494	-0.026712711	-0.0457585848	0.0046193121	0.0488314694	-0.0037839419	0.0600393901	-0.1033381867	-0.0594920187	0.0731197572	0.0386417606	-0.010992936	0.165895444	-0.0045279504	0.0938017527	0.0841958295	0.070608168	-0.0257600271	-0.0157466818	0.0524655959	0.0004145861	-0.0867786184	-0.2255023269	0.0076149798	0.0920867472	-0.0344752579	0.1192204665	-0.0274846095	-0.0709337666	-0.0788129728	-0.0542553096	-0.0045953237	0.1089258494	0.0921652536	0.0879238495	0.0190877655	0.0284522574	0.003957249	0.0802685498	-0.1214544755	-0.0475978999	-0.1105716477	-0.166193879	0.009118569	0.0945604858	-0.0305467316	-0.0375382779	0.0034643622	-0.0080492383	-0.0440192513	-0.0103553914	0.0032841847	-0.0825175776	-0.0483816037	-0.0503150186	-0.0427487498	-0.1229405424	0.0421175656	-0.0115772442	-0.0472573828	0.0444268186	-0.0409335121	0.0511210857	0.0762889904	-0.016268946	-0.1377498203	-0.0409893232	0.0456185543	0.0703335771	-0.0797492884	0.149713845	0.1006593912	0.018275416	0.0497577528	0.0902510686	-0.0033745436	0.0067766513	-0.0870066688	-0.0838572694	0.0155530068	0.0873948956	0.1686315436	-0.0191703199	-0.0802753509	0.0235993124	-0.0267848932	-0.0866931355	-0.0387767538	0.0369217519	0.0043371009	-0.0391352442	-0.0422406822	-0.0560735873	0.0273605201	-0.0515281488	-0.0127860509	-0.0080078086	0.0079528213	0.0748265587	-0.0331355545	-0.0487026467	0.0502265533	-0.0495458668	-0.0999969158	-0.0509041416	0.0488621241	0.0342204250730873	-0.0005756120251874	3.313292035403445e-07	0.0011710374921827	-0.0255929231834386	-0.0468421699564771	0.0021941888862314	0.0006549977170733	0.0514152899667905	0.0045022352890028	2.027012259754301e-05	0.0026435320423691	0.0020131399920604	-2.61764185660999e-05	6.852048889476594e-10	4.052732627632948e-06	-0.0012049447662356	-3.2861921089000126e-05	1.0799058576596711e-09	1.4518918896785648e-06	0.0010502146425762	-0.0003414825610974	1.1661033953363957e-07	1.1029507954814554e-06	0.0	0.0	0.0	0.0	0.0	0.0	0.0	0.0	0.0	0.0
282.1933075747459	-0.5183309994881711	79633.06283997514	0.2686670250304064	419.9192548717152	0.0916994337602545	0.0084087861519513	176332.18061201653	263.22223889307503	0.5258927517946859	69285.94704788306	0.276563186390187	278.2404816768605	278.5261234060998	1.077559	28.002392	0.1076658705573593	0.0606943622585059	0.0330918063	0.037080113	-0.1315799404	0.1050325762	-0.0813919125	0.0821926967	0.0796545095	-0.0664166602	0.0439238306	0.0473136222	0.0042497641	-0.0500120522	0.031332708	-0.1159321727	0.0613500763	0.0370466674	-0.0054804222	-0.0397590188	0.0214318837	-0.1886444974	-0.0349678892	-0.017208674	-0.0096168091	-0.0241594172	0.0019431322	0.0565926349	-0.0536999732	0.0560047276	-0.0730892035	-0.0259556631	0.0460567924	0.0190178876	-0.0018844566	-0.0267630068	0.0673780182	-0.0715395218	-0.0839998925	-0.0826566165	0.0886229143	-0.164484326	-0.0387758427	-0.0130234895	0.0593151351	-0.1321883176	-0.0542065782	-0.0213872471	-0.0181963217	-0.056040172	-0.0952703348	0.098614811	-0.1827040337	-0.0850322022	0.1097556559	-0.0996623002	0.11465086	0.0317870311	0.0066495497	0.1378048675	0.0047658877	-0.0083385425	0.068186588	-0.0057065261	-0.0533228695	0.0460450754	-0.0001456281	-0.0649208585	-0.1136896918	0.0667449686	0.0098575587	-0.0847732321	0.0375903613	0.0975068346	0.1012057112	-0.0244021142	-0.0426011705	0.0264143029	-0.1394004177	-0.1035282173	0.0092159031	-0.0668413828	0.0337683297	-0.0205142295	-0.0697205198	-0.0970049337	-0.0295317674	0.0237110383	0.0552505286	-0.1077358264	-0.0049936751	-0.0287640529	0.0656080503	-0.1979600868	0.0593486609	-0.1510208794	-0.0584642184	0.0302428797	0.014060467	0.1116916	-0.0420859478	-0.0476169948	0.0961153773	-0.0902411521	-0.1090799129	0.0321180699	-0.1219977764	0.0205462838	-0.0458442361	-0.0079977652	-0.0378104641	0.1361643609	0.0186967091	0.0058769246	-0.057050187	0.0911316603	-0.1276309135	-0.0295069306	0.0712529013	0.1415327868	-0.0087857125	-0.0652896918	0.1332948162	0.0870884568	0.0593220684	0.0328822702	-0.0708093568	0.0383272961	-0.0209577238	-0.0517571003	-0.0528766408	-0.0154726036	0.0230013713	-0.0178378975	-0.059526585	0.1244827659	0.0070701774	0.0692789586	0.0279177515	-0.0658181	0.0488621241	-0.0522498565	-0.0999229036	-0.04539905	0.0555570233	0.0454731291301442	0.0112527040570569	0.0001266233485957	0.0020678054728867	-0.070684196027301	-0.0450912728438624	0.0020332228866796	0.0049962555680259	0.0145541945452905	-0.0368610954215	0.0013587403556729	0.0002118245788621	0.0022651133841455	0.0002519733920851	6.349059031887154e-08	5.13073864303508e-06	-0.0011678118068128	3.713295942279994e-05	1.3788566754953068e-09	1.3637844161313767e-06	0.0010503242557671	1.096131909000559e-07	1.2015051619292098e-14	1.1031810422527126e-06	0.0	0.0	0.0	0.0	0.0	0.0	0.0	0.0	0.0	0.0
281.26046903182527	-0.9328385429206492	79107.45144000233	0.8701877471583198	423.31110366474496	3.3918487930297374	11.504638234777287	179192.29048586445	262.4483898414321	-0.7738490516429124	68879.15733036034	0.5988423547286349	277.5893705546795	277.3328670846655	1.153802	29.983711	0.3517857325340893	0.2372483593701451	0.0663287135	-0.0114679881	-0.0166236234	-0.121454302	0.067573259	0.0560838811	-0.0481181129	0.0765447697	-0.1931634576	0.0044017103	0.0001011928	0.0510623179	-0.0731967407	0.0357137268	0.0285523086	0.0769730636	-0.044622905	0.0396247413	-0.0118485089	-0.1019598426	0.1398883423	0.0901568238	-0.0915543815	0.0302598867	-0.0028424169	0.0400326787	-0.0350914657	0.1879559157	-0.0272466627	-0.0488048358	-0.0507757281	0.1072588479	-0.0003721571	0.0596200046	0.0018300608	-0.0165354706	-0.1379496913	0.0713593246	-0.0979670385	-0.0567015565	0.0064668496	-0.0758743394	0.079640984	0.0651406584	-0.1481826813	-0.0186147476	0.0378510034	-0.0787257365	0.0256128174	-0.0341283021	0.0248405769	-0.002555142	0.0855266847	-0.0839472619	-0.0830866085	-0.0527683031	-0.0134323475	-0.0418040799	-0.1055163534	0.0532516644	0.0222897798	-0.0582739091	0.1221576225	-0.0285769385	-0.0041878533	-0.0639792943	0.0309884807	0.026544453	-0.0060562227	0.0220478516	0.0867680966	-0.1190770075	0.0047252606	-0.0835700707	0.0306125783	0.0517815087	-0.1555751061	-0.0313682329	-0.1055826348	-0.0724869195	-0.0062116771	-0.118957401	-0.0984546744	-0.0477733514	0.0275789651	0.0222723203	-0.0253855049	0.1292810134	-0.0155386421	-0.0256896988	-0.0350078371	-0.0578589922	-0.0881594612	0.0073830987	0.006415031	0.0191031029	-0.038362379	-0.0341098805	-0.0329913341	-0.0816686669	0.0691426941	0.073555531	-0.1306719887	-0.121605336	0.0224088585	0.0614419427	0.0948823358	-0.0049925217	0.108608696	0.0649041434	-0.0353893331	0.0264037327	0.0113196481	0.0156393292	0.0384683982	-0.0396637382	0.0716636056	0.1023329829	0.0280848262	-0.052896904	-0.0886723124	0.0590568903	-0.0300994807	0.0378539897	-0.1058077398	-0.0208958745	-0.0363102674	0.0015823963	-0.0358721798	0.0795106682	0.0287161127	-0.0271244539	0.072482069	0.0728423155	-0.0557401716	0.1764510042	-0.0571969723	-0.0248362414	0.047485639	-0.0549022818	-0.0996270376	-0.0397147891	0.0619093949	0.0257658579639468	-0.0197072711661974	0.000388376536818	0.0006638794366182	0.1607573903983592	0.2314415864256602	0.0535652079272263	0.0258429385676904	0.0582962001832072	0.0437420056379167	0.0019133630572275	0.0033984469558005	0.0016941167266344	-0.0005709966575111	3.2603718288884855e-07	2.8700314834624546e-06	-0.0009058531408783	0.0002619586659345	6.862234265818302e-08	8.205699128390813e-07	0.0013552663184078	0.0003049420626407	9.298966156756463e-08	1.8367467938106325e-06	0.0	0.0	0.0	0.0	0.0	0.0	0.0	0.0	0.0	0.0
280.6604024937637	-0.6000665380615828	78770.26152796143	0.360079850101213	417.84719820195977	-5.463905462785192	29.85426290625386	174596.28104522786	262.22570263465025	-0.2226872067818703	68762.31912223602	0.0495895920643114	277.36228304600087	275.19262980963885	1.076503	27.974937	0.2440896939331215	0.1638409298380138	0.0700841422	-0.0550907191	-0.0195527833	0.0256784198	-0.1515046157	0.0638853715	-0.0054526325	0.0929546883	0.1243528028	0.1144512863	-0.0171088357	0.0490481307	0.0426853566	-0.0714179443	0.0820787373	0.0724429805	-0.0812473386	-0.0872157565	0.0797427754	-0.0643988127	-0.0554827353	0.0268925703	0.0733657032	-0.0157065965	-0.0952132457	-0.0179132952	0.0002343032	-0.0224918223	0.0741829564	-0.0319322672	-0.067176995	-0.1225491224	-0.017869694	0.171479885	0.0340583171	-0.0983963986	0.0374781843	-0.0703991549	0.0365947529	0.0599956373	-0.0512279397	0.0335614964	-0.0043077272	-0.0182757948	0.1447001647	0.1260612947	-0.1031106539	0.0616407224	0.0627459704	0.0265989401	-0.0358049621	0.0311633969	0.0936651189	-0.0464540412	0.0390680235	0.0245370837	0.0893607152	-0.0039728712	0.2092285589	-0.0286790994	0.1515506686	-0.0179842474	0.1050816194	-0.0401809694	-0.0015462305	0.0269743435	-0.0678731288	0.0191980684	0.1264453275	-0.0052823058	0.0755150334	0.0499976586	0.0385578127	-0.0214273994	-0.1176516141	0.1156498485	-0.0476034377	0.0608354707	-0.0488409792	0.031102969	0.048918331	0.07784728	-0.040725095	-0.0333942253	-0.0383113499	0.0022847692	0.055440913	0.1143345821	0.0456958341	0.019387318	-0.0252464508	0.1133931679	-0.0658537456	-0.0336562248	-0.0959859824	0.0630801322	0.0477222929	0.0417470469	0.0901485278	0.0717312917	-0.0436871094	-0.1049937885	0.0310400541	-0.0187978928	0.0264590166	-0.0660091743	-0.0535898597	-0.0140420405	-0.1269420281	0.0080187842	-0.0368133522	0.0123279305	0.0309127705	0.0237736958	-0.0591843025	-0.0657769457	-0.0345928689	0.150129945	0.0828821099	-0.0559159801	0.0655591676	-0.0009386389	0.0785936465	-0.0324507457	-0.1438649478	-0.0558973952	-0.0834636648	0.0924312239	-0.0060648248	0.0064922914	-0.037388884	0.0313103313	-0.0481396955	-0.0043414794	-0.0111834206	-0.0310248613	0.0035045261	-0.0433136309	0.0460974375	-0.0575005252	-0.0991099747	-0.033873792	0.0678800746	0.025853406707597	8.754874365020024e-05	7.664782514728477e-09	0.0006683986383884	0.0043844841414966	-0.1563729062568626	0.0244524858112175	1.9223701187035174e-05	0.0323018011971285	-0.0259943989860787	0.0006757087786474	0.0010434063605788	0.0027009850024932	0.0010068682758588	1.0137837249308725e-06	7.295319983693192e-06	-0.0007552713962759	0.0001505817446024	2.267486180750243e-08	5.704348820325475e-07	0.0012800195399384	-7.52467784694e-05	5.66207767002296e-09	1.6384500226241134e-06	0.0	0.0	0.0	0.0	0.0	0.0	0.0	0.0	0.0	0.0
280.8375354203783	0.177132926614604	78869.72130099223	0.0313760736910546	419.68097656770186	1.8337783657420916	3.362743094663736	176132.12209281992	262.2390882196311	0.013385584980881	68769.33939026347	0.0001791738852803	277.14219123507706	273.71397592891753	1.085459	28.20768	0.131468878550373	0.0802957974537168	0.0973687794	0.0325813469	-0.0133231921	-0.0105657875	0.0928848473	0.025407139	0.0034217883	0.0425192744	-0.1279596437	0.0515717536	0.0649140917	-0.0828344411	-0.0672685697	-0.0045185402	0.0727262953	0.0664616817	-0.0141095611	-0.0785396046	-0.0470715733	-0.1207178426	0.0518377693	0.1499846775	-0.0576950468	-0.0640176263	-0.0968123583	0.1417742814	0.0497694649	-0.0481895549	-0.0917836771	0.0381846289	0.0901369146	0.1244138842	0.00408153	0.072715972	0.0258962413	0.0120722366	-0.0061891279	-0.0614037694	-0.0497305064	0.0306901502	0.0373341105	-0.0175933175	0.0086647239	0.0235880195	0.0845069433	0.1728182645	0.1077921696	0.0453083763	-0.0307021023	0.0288514183	-0.0132939629	0.06684406	0.0229775142	0.0367477296	-0.1056851873	-0.005265884	-0.0222209793	0.0517165539	-0.006293611	0.068241937	-0.0571613161	0.034358169	-0.0863320715	-0.090961087	0.0056206595	-0.0976793279	-0.0086564899	0.0664990255	-0.011228313	0.0223638297	0.1043798415	0.0048053519	0.0144214764	-0.1735092929	0.092155196	0.0778813436	-0.139421636	0.070775489	-0.0044224571	0.0123643687	-0.0445615412	-0.0098318524	-0.0007782342	0.0247727507	-0.119836294	0.0877212169	0.0177150062	0.0181846088	0.0066291369	0.0270858608	0.0016547214	-0.0988094861	-0.0418980683	-0.0193510654	-0.1070457652	0.0183136161	0.0809283371	0.0067011733	0.0841614535	-0.0309754062	-0.0564689917	0.087615556	-0.0291759905	0.1023520552	-0.0010277254	0.0652605116	-0.019282583	0.0922061466	-0.0541904508	0.045938795	8.35557e-05	0.0054873559	0.0490000228	-0.0146343804	-0.0177940537	0.0083457163	0.1003466552	0.1475625265	0.0140590798	-0.0111190203	-0.0374419713	0.0390134597	-0.0597382747	0.0997557364	-0.1023903165	-0.0110729896	-0.1110362007	0.030288936	-0.0719932668	-0.0414971402	0.0548137191	0.0243337522	0.0268731906	-0.0360036788	0.0252736959	0.1058020412	-0.0243195634	0.0534530691	0.0446978621	-0.0600420225	-0.0983728629	-0.0278991106	0.0734322509	0.0118293642453721	-0.0140240424622249	0.0001966737669822	0.0001399338584496	0.0803138532421741	0.0759293691006775	0.0057652690920269	0.0064503150226054	0.0441398375158641	0.0118380363187356	0.0001401391038837	0.0019483252559268	0.0022210452142196	-0.0004799397882736	2.3034220036810802e-07	4.933041843607789e-06	-0.000803009889813	-4.7738493537100046e-05	2.2789637651917432e-09	6.448248831374864e-07	0.0013458898715024	6.587033156399999e-05	4.338900580351293e-09	1.8114195462127468e-06	0.0	0.0	0.0	0.0	0.0	0.0	0.0	0.0	0.0	0.0
280.8436102359116	0.0060748155333385	78873.13341034064	3.690338376409135e-05	416.91844320123846	-2.7625333664634013	7.631590600823613	173820.9882813443	261.66660894324855	-0.5724792763825803	68469.41423585896	0.3277325218875228	276.41617242961746	275.3335176517496	0.988758	25.694719	0.1173082497416493	0.0874386701265738	0.0502335327	-0.0387804723	0.0249413299	-0.0445843937	-0.0572126442	-0.0507618031	-0.0831285265	0.0882420986	0.0949974311	0.0006682835	0.0159752137	-0.0700459021	0.0837141644	0.0740578154	0.0447439848	-0.0262500451	-0.0465209241	-0.1349537392	0.0250037498	-0.0221570275	-0.0418151807	0.0582225187	-0.0253384204	0.0010824008	-0.0523202547	-0.0364919716	0.0720964458	-0.0304147844	-0.0196756156	0.0137225935	-0.0887641943	-0.0549400364	-0.0877623568	-0.0503723783	0.0332352776	-0.0396428593	-0.0999367177	-0.0361347294	-0.0257483549	0.0453520508	-0.0903349516	-0.0228269367	-0.0440168023	0.081152032	0.0011084754	0.0901452708	0.1512264115	-0.06443455	-0.1274185534	-0.0567053135	-0.0293829727	-0.0787679317	0.048100316	0.07561271	0.1550331769	0.1299301844	0.0849069605	0.0306586116	0.0687964643	0.1377530037	0.0168559628	0.0240008956	-0.0262768712	0.1132469039	0.1113399828	0.0323524987	0.0713714649	0.0036678782	0.0523936829	0.1056185839	0.0217331195	0.1074957839	0.0009333615	-0.0424080259	-0.0809056794	0.0570552449	-0.000360179	0.040757951	-0.1041327752	0.0561253785	-0.1118794316	0.0774533994	-0.090826479	-0.0368704401	-0.0709704373	0.0925469409	0.0194801726	-0.0237024476	0.0797730486	-0.1320353298	-0.032459516	0.0108466147	-0.0028247087	0.0637135913	-0.0306353379	0.0629998676	0.0771002201	0.0089542851	0.0453369956	-0.0618597437	0.0380339959	0.0272658118	-0.1084976567	0.0213321834	0.128809421	0.0555649271	0.0369661303	0.0086969494	0.0069736135	-0.1080909389	-0.0219935245	-0.0348356556	-0.092381612	-0.0524777393	0.0463062143	-0.0316659385	0.0124804165	0.0799731716	0.0703307342	-0.0634477832	0.0091933148	0.0079799094	-0.0072458866	-0.07446793	-0.0484778693	-0.120566645	-0.1354424491	0.0836687587	-0.0206794244	-0.0398404493	-0.0590502047	-0.1175150216	-0.0719054343	-0.1497977292	-0.0620808506	0.0906616856	-0.0529277185	0.1178014155	0.0432872582	-0.0625242656	-0.0974173387	-0.0218143241	0.0785316931	0.0065683741171937	-0.0052609901281783	2.767801712879057e-05	4.314353854342012e-05	0.1654946048896874	0.0851807516475132	0.0072557604512353	0.0273884642475937	0.0454017235799568	0.0012618860640927	1.5923564387513662e-06	0.0020613165040308	0.002109785007744	-0.0001112602064755	1.2378833544993104e-08	4.451192778901351e-06	-0.000430109769284	0.000372900120529	1.390544998905427e-07	1.8499441363353574e-07	0.0013179577604697	-2.7932111032700005e-05	7.802028267430812e-10	1.7370126583823073e-06	0.0	0.0	0.0	0.0	0.0	0.0	0.0	0.0	0.0	0.0
281.5064822446336	0.6628720087219904	79245.89954574822	0.4393992999471264	417.70842014312746	0.7899769418889946	0.624063568716288	174480.32425846747	261.8781769840166	0.2115680407680429	68580.17958047191	0.0447610358744282	276.6681846909371	272.6831613755583	0.963217	25.031002	0.0922347604715923	0.050957183835299	0.0478455461	0.0111934624	-0.0072956949	0.0739742206	0.0947821153	-0.0105880212	0.0295015016	-0.0752756718	0.0041928264	-0.0546778028	0.0992233548	-0.100644567	0.0509923368	0.0612860985	0.0148755269	-0.0236632436	-0.0090039048	-0.0969933164	0.0410225633	0.0218579319	-0.0164061352	0.0586849617	-0.1503713051	-0.0501519155	0.1512969483	0.0174279056	0.0412845604	-0.0703055212	0.063592944	-0.0659933727	0.004094956	0.1357819565	-0.0233598007	0.0270724431	0.0500549577	-0.0031307241	0.0782642335	0.0144309885	0.0308137762	-0.0774190797	-0.0310429847	-0.0727962271	-0.0794588461	-0.1794384677	-0.0767865986	-0.1100232118	-0.1741488692	-0.0176410606	-0.0494672551	-0.0587529673	0.1603233168	0.0694740112	0.1148549279	0.1000313224	0.0067930811	-0.0423687996	0.0612767099	0.0276448541	0.0787969633	0.0691848321	-0.0595461301	0.0339993029	0.021406934	0.0762077631	0.0938174104	-0.0301124339	0.0618939067	0.0327664697	0.0143275931	-0.0272221556	-0.0135736983	0.0917836335	-0.0101204645	-0.0983791677	0.0751393086	0.0200564898	0.0327939283	-0.1747162542	0.0159560788	0.07880796	0.0009598131	-0.0225781367	-0.0242320254	-0.0519774948	-0.0896054426	-0.068606544	-0.1026045298	-0.0679004065	-0.048568785	0.0668300402	0.0409731019	0.047331711	-0.0360710335	0.0101155982	-0.0091005363	0.1229676291	-0.008037201	-0.0544498408	-0.0596024545	0.1267347234	0.0472224556	-0.0721821116	-0.033784062	0.084691223	0.024359169	-0.1520105471	0.1270729071	0.031321095	0.0596437424	-0.0014387695	0.0201042587	0.1060815108	0.0797573919	-0.096923684	0.0536423601	0.0137889704	0.0133316793	0.0738954875	-0.0832534348	-0.0252062685	0.0165577921	0.0260986329	0.0501508234	0.1091269069	-0.0129622249	-0.0789267939	0.0021802631	0.0171203595	-0.0513390917	-0.0884739582	-0.0654727088	-0.1426253879	-0.0492849412	-0.0407825132	-0.0241033612	-0.0280876402	-0.1384941463	-0.0573378802	0.0418659738	-0.0649448048	-0.0962455236	-0.0156434465	0.0831469612	-0.0253460611943694	-0.0319144353115631	0.0010185311812559	0.0006424228180687	0.1654335765154968	-6.102837419058593e-05	3.724462456346175e-09	0.0273682682387087	0.07266777538468	0.0272660518047231	0.0007434375810178	0.0052806055793583	0.0020589478409533	-5.0837166790700366e-05	2.584417527305488e-09	4.239266211766255e-06	8.09576677716084e-05	0.0005110674370556	2.611899252185883e-07	6.554143971018121e-09	0.0014159180562457	9.796029577600006e-05	9.596219548521416e-09	2.0048239420026017e-06	0.0	0.0	0.0	0.0	0.0	0.0	0.0	0.0	0.0	0.0
281.82368976329826	0.3172075186646452	79424.59211179978	0.1006206098973812	419.4462940077348	1.7378738646073657	3.0202055692853405	175935.19355682313	262.19760905755487	0.3194320735382803	68747.58619549838	0.1020368496049653	276.6899901723027	278.3890750597931	0.938939	24.400085	0.0437225477796175	0.0221968211651747	-0.0027135281	-0.0272943144	0.0223025724	-0.1439909444	0.0614769252	-0.0722295313	-0.0903737888	0.0192426354	-0.0720196556	-0.0501565668	-0.0318026193	0.0093856912	-0.0014885743	0.0579003378	-0.0154574837	-0.0052894667	0.0034951023	0.007594179	0.0058511281	0.0498238207	0.1262442731	0.0488082491	-0.0936533184	-0.0071243316	0.090742991	0.0445868294	0.0546001991	-0.1245037974	0.0281256887	-0.0328445382	0.0706509879	0.0588821754	-0.0004868121	0.0476233077	0.0388091958	-0.0256191549	0.0432643734	0.0288854796	-0.0626638687	0.0001667691	-0.0790384304	0.0201812562	-0.0614156985	-0.0996694063	-0.0393423185	0.0372151799	0.0764655615	0.2321626887	-0.0910632182	-0.0005277991	-0.0060484298	0.0744514047	-0.1638452939	0.0586678833	-0.1077232987	0.0650817036	-0.0864820071	0.1414758142	0.0277390127	0.0404410278	-0.0974856846	0.0800244857	0.0693283296	0.0708318725	-0.1295550042	0.0283466223	0.0581892233	-0.0375963443	-0.0272408106	0.105660697	0.0109504923	-0.0730041939	-0.0772359041	-0.0094878692	0.0503542833	-0.023197964	-0.0261082447	-0.1103519267	-0.0079825033	0.0339838777	-0.0173064184	0.0471305853	-0.0246369123	-0.0716629286	-0.1063440078	-0.0386348965	0.0225854624	-0.0861535517	-0.0605802163	0.0524737221	-0.0850367219	0.0427915	-0.0078020342	0.0115341716	-0.0622914289	0.0595556884	0.00023784	0.026071931	0.0608807874	0.0760313071	0.0666468371	0.0596833611	0.0575446531	0.2390629577	0.0130934178	-0.0077209725	-0.0306896373	0.1124906069	0.0710100345	-0.0612250862	0.1235146677	-0.0639000701	-0.0505592731	0.1493150223	0.0550484205	-0.0032632173	-0.0008065696	-0.0004624043	0.0337376115	-0.0104042544	-0.1290272866	0.0379308653	-0.0514265526	0.0053500282	-0.0405758971	-0.0552365201	0.0695995161	0.0178512357	-0.0383248562	-0.0138564597	-0.0948595673	-0.0514680634	0.060731576	-0.0928429734	-0.0700956262	0.0017637997	-0.0457975815	-0.0799003396	0.0404343596	-0.0673012514	-0.0948600195	-0.0094108313	0.0872496007	-0.0293268232719583	-0.0039807620775889	1.584646671836992e-05	0.0008600625632246	0.1654860887163494	5.251220085258912e-05	2.7575312383826616e-09	0.0273856455586354	0.0830481973135306	0.0103804219288505	0.0001077531594209	0.0068970030770271	0.0019356630107385	-0.0001232848302147	1.5199149361092035e-08	3.746791291141234e-06	-0.0002517575525569	-0.0003327152203285	1.1069941783824789e-07	6.338186526944026e-08	0.0012857410753425	-0.0001301769809032	1.6946046357072125e-08	1.6531301128228883e-06	0.0	0.0	0.0	0.0	0.0	0.0	0.0	0.0	0.0	0.0
281.88820648782803	0.064516724529767	79460.96095692438	0.0041624077440498	417.9250574978915	-1.5212365098433338	2.314160518880328	174661.3536846159	262.6275680421565	0.429958984601626	68973.23949573754	0.1848647284396613	277.5718544862788	278.1405964137251	0.947272	24.616644	0.0966091639864764	0.051048902821049	0.0061045718	0.0056347115	-0.0628824155	0.0320711776	-0.0512438355	0.0664713124	0.030042921	-0.0069334737	0.115162219	-0.055741357	-0.0435475722	-0.0221467074	0.0598382442	0.065426876	0.0142404373	-0.0276669258	-0.0049428577	0.0382454728	0.0492180396	-0.1203590649	-0.0597052689	-0.0320343627	-0.0229998157	0.0350474456	-0.0172781319	-0.1177511843	-0.0353054202	-0.0139452653	0.0170830198	-0.0245093285	-0.0219659627	0.0308570348	-0.0054514336	-0.1413552378	0.0905477338	-0.0099582902	-0.0983177018	-0.0127448037	0.0586767559	0.085558691	0.0028602305	0.0274112652	0.1482634543	0.0647066196	-0.0090053171	0.0869483599	-0.0078533757	-0.0754836703	-0.1766579496	-0.0640829146	-0.0364834676	-0.0203928547	-0.0147837236	0.0177024324	-0.0167293574	-0.0836536677	0.0381989823	0.0429317012	0.0557009026	-0.0186933459	-0.0935985815	-0.0301165018	0.1049780713	-0.0885542834	-0.0208529104	-0.0612488661	0.0645959267	0.0448940908	0.0044812822	-0.0547043983	-0.0196481691	0.0241545001	0.054519607	0.0070026031	-0.1582601728	-0.031296588	-0.0134073076	-0.0528130093	-0.0275475878	-0.0433946039	-0.0337580805	-0.0403355126	0.0834597119	-0.0312906966	0.0049756356	0.0027824858	-0.0555459415	0.0248452776	-0.0755487121	-0.1169649783	0.0448021482	-0.0236716417	0.026849037	-0.0419780563	-0.0832674246	-0.0901244678	0.0862677095	0.0228015764	-0.0320746481	-0.1565771578	0.0760563344	-0.0416997793	0.0018610914	-0.0439148399	0.0922333444	-0.034793441	-0.0146635105	-0.0405055619	0.0145833318	0.0982465898	-0.0095956918	0.0122231768	-0.0653665761	0.1053787025	0.0601446523	0.0051433361	0.0238956168	0.037564921	0.0112669358	-0.0487883787	0.0919426911	0.0025282007	0.1022504632	-0.0338507956	-0.0019337514	-0.1281300792	-0.0046868271	-0.0180404903	-0.0899512508	-0.0303773762	-0.0842672202	0.0330083653	0.1135781364	-0.0551617072	-0.0001731549	0.0529346828	-0.0781823235	0.0031846801	0.0389927688	-0.0695912797	-0.0932639023	-0.0031410759	0.0908143174	-0.024377314092618	0.0049495091793403	2.4497641116373897e-05	0.0005942534423701	0.2061875846146961	0.0407014958983467	0.0016566117683631	0.0425133200492424	0.0648752791357836	-0.0181729181777469	0.000330254955095	0.0042088018429458	0.0021749475634097	0.0002392845526712	5.72570971470563e-08	4.730396903581791e-06	8.099002419514889e-05	0.000332747576752	1.1072094983436068e-07	6.5593840191308034e-09	0.0013694137605401	8.367268519759996e-05	7.001118248176664e-09	1.8752940475565783e-06	0.0	0.0	0.0	0.0	0.0	0.0	0.0	0.0	0.0	0.0
281.86961035984405	-0.018596127983983	79450.4772444103	0.0003458159759966	418.7407074919614	0.8156499940699291	0.6652849128262754	175343.7801108684	263.0517909511329	0.4242229089763896	69196.24472259852	0.1799650765003901	277.689500189957	276.7390153996112	1.038302	26.982216	0.1667170580090453	0.1370743015624332	-0.0085069221	-0.0674066521	0.0653552165	-0.0049805608	0.0342638201	-0.019738193	0.0383990734	0.0567977112	-0.023921475	0.0156984757	0.1128790916	0.1098339451	-0.0236890766	-0.0310298936	0.0613358491	0.0725058596	-0.0105509878	0.0363430367	0.1128345232	0.0161053342	-0.0116160701	0.0287383583	0.0020954362	0.0511016426	0.0375917782	-0.0385462953	0.0702214461	0.0779186184	-0.0336237505	0.0432473513	-0.0131256032	0.0058165612	0.0439591224	0.0005728219	-0.004756875	-0.0474005526	0.022337945	-0.0964063819	0.0079326639	0.0218867215	-0.0306560872	-0.0076775169	0.1507818037	-0.0576636767	-0.0256788216	-0.1089034563	-0.0012713059	0.0306338818	0.0642815444	-0.1545220738	-0.0631777408	0.1899640076	-0.1605804599	0.1471355575	-0.1247745917	0.0546387118	0.1856980891	0.0998884921	-0.0599462365	0.0948447887	0.0149726	0.0720013133	0.0687944055	-0.0254640676	0.2680496254	-0.0432614572	-0.0264718956	-0.0154565127	0.1224597448	-0.0335432797	0.0557398931	-0.0335941126	-0.0865206156	-0.0187969604	0.0296308959	-0.0431600058	-0.0218562338	-0.0273312813	-0.0176410404	0.0377292087	0.0253523234	-0.0447205984	-0.0364175793	0.065012179	-0.0019101311	-0.03756477	0.0210744986	0.0719038144	0.011625284	0.0001240672	0.161350229	0.0253567591	-0.0188177016	0.0246091539	0.0065271959	0.0094084062	-0.0902930665	-0.013063259	0.0320425557	0.1235991532	0.1833949044	-0.0693551154	0.0610903731	-0.1067186545	-0.0267849145	-0.0330731331	0.069055432	0.0696888804	0.1983800123	-0.095425099	0.0883589002	-0.0488601891	-0.006457617	0.0125270798	-0.0015126294	-0.0585934045	-0.1049547011	0.0956166982	-0.0766638177	0.0162373247	-0.0537090204	0.0504690473	-0.0084250556	0.0059533236	-0.0198924498	-0.0147369797	0.0946528799	0.0426270493	-0.0223533492	-0.0478008652	0.0127131261	0.0592033334	0.0100351996	-0.0483984009	-0.0243780882	0.156769426	-0.0652163077	0.0515970646	0.0375415571	-0.0718126298	-0.091460716	0.0031410759	0.0938191336	-0.0158822870018013	0.0084950270908167	7.216548527370964e-05	0.0002522470404075	0.0712273876628728	-0.1349601969518233	0.0182142547612749	0.0050733407532771	0.0635960425558508	-0.0012792365799327	1.636446227438165e-06	0.0040444566287655	0.0021201938656779	-5.475369773180012e-05	2.9979674153053334e-09	4.495222028058197e-06	-0.0002810246097482	-0.0003620146339433	1.310545951891369e-07	7.897483128412812e-08	0.0013922973765944	2.288361605430004e-05	5.236598837206185e-10	1.9384919848716485e-06	0.0	0.0	0.0	0.0	0.0	0.0	0.0	0.0	0.0	0.0
282.88317886634115	1.0135685064971085	80022.89288552637	1.027321117362779	420.6932478887385	1.9525403967770671	3.812414001046347	176982.80881917555	263.7186659774851	0.6668750263522156	69547.53478494436	0.4447223007722682	278.6276243126683	284.30076144754275	1.251997	32.535473	0.1869350748717479	0.1445360859007577	-0.0217366014	0.0954523118	-0.0242164057	-0.0760950297	-0.0952581174	0.0180971019	-0.0931009859	-0.0008030637	-0.0190338687	0.1088433947	-0.077600873	-0.0089776871	0.0030547283	-0.1264246	0.0338865147	0.0737314344	-0.018894897	0.0301428645	-0.0773098473	-0.1329492155	0.0724536834	-0.0036488202	-0.0471373808	0.0969002556	-0.0380015553	-0.0577462527	0.0884350402	-0.1532643494	0.0287946296	-0.0517325808	0.102462114	0.0071297408	0.0619834039	0.0341927115	-0.0605640124	-0.0383893028	0.1118120428	-0.0326698366	-0.1345872149	0.1408704118	0.0697052565	-0.1058999706	0.0766148288	-0.0088186089	0.034342037	-0.0098183379	-0.0097460552	0.0360236806	-0.0169207466	-0.0499807597	-0.0752412246	0.0100195744	0.101897181	0.1355158326	-0.0189733337	0.0425087136	-0.0976968909	-0.1119669829	-0.0317092227	0.0195025613	0.0478407335	-0.0028012874	-0.0584944885	0.0667891361	-0.0178803368	-0.0886948977	-0.1243664449	-0.0047608003	-0.055789264	0.0702023336	0.1072470423	-0.053703486	0.0655652706	0.0259885427	-0.0609636154	0.0019628569	-0.1260023984	-0.0121999948	-0.0470648339	-0.0284481327	-0.1084058962	0.0287798513	0.1820338117	0.0497155903	-0.0635430206	-0.0099683149	-0.1180262981	0.0126584891	0.089068318	0.072623047	0.1242722022	0.0087116512	-0.1142141393	0.0474078259	-0.0607932046	-0.0159962981	0.0614923489	-0.0661293052	0.0107228011	-0.0054264392	0.0828869402	0.1499253458	0.0664825051	0.0029328484	-0.0476381692	0.0329483852	0.1075158845	0.1216186678	-0.0515026303	-0.0174921851	0.084314159	-0.1556207865	0.117232932	-0.0373155521	-0.1154087445	0.0281958959	0.0372142033	0.0263941515	0.147961338	0.0110091224	-0.0230970281	-0.0207220932	-0.0109690779	-0.0880400835	-0.0289749937	0.0753357828	0.0294553504	-0.0659953308	-0.1437738688	-0.0495605133	0.0922461897	0.0019167391	0.0428595743	0.0033133056	-0.0044125677	0.1321187582	-0.0857891381	0.1110817656	0.0360810826	-0.0739631095	-0.089454464	0.0094108313	0.0962455236	-0.0271166570776841	-0.0112343700758828	0.0001262110710018	0.0007353130910687	-0.0718188724684267	-0.1430462601312995	0.0204622325375514	0.0051579504426361	0.0830765227751015	0.0194804802192506	0.0003794891095726	0.0069017086364019	0.0022782493788654	0.0001580555131875	2.4981545248964032e-08	5.190420232300581e-06	-0.0003368572671178	-5.5832657369600015e-05	3.117285628951151e-09	1.1347281841007288e-07	0.0014418884949436	4.95911183492001e-05	2.459279019124371e-09	2.0790424318507203e-06	0.0	0.0	0.0	0.0	0.0	0.0	0.0	0.0	0.0	0.0
282.9833554954908	0.1001766291496437	80079.57948748732	0.0100353570277852	420.0932394097068	-0.6000084790316578	0.3600101749098833	176478.32979774126	263.25233131132416	-0.4663346661609466	69301.78994084719	0.2174680208634415	277.9716820066997	283.2679105079296	1.244669	32.345051	0.2271473445873051	0.1273126196452768	-0.0591329565	-0.0215450495	-0.052133497	0.1289212575	-0.0065762361	-0.0034001089	0.1347105506	-0.0690052166	0.0495709115	0.0001411246	-0.0345385835	-0.0102878787	0.0733045051	-0.0633661749	0.0313268588	-0.0539174331	0.2090980618	-0.0677009363	0.0881794065	0.0930470295	-0.1342330288	-0.056814429	0.0751775498	0.0445542828	0.1233133076	0.3383372763	-0.1335442574	0.0090616928	-0.0179016692	0.1197205678	0.1607887013	-0.0753821886	0.161481347	0.0128026987	-0.0347510041	-0.1681363574	-0.1546161682	0.0999231114	0.2148812947	-0.0275880781	-0.0492055874	0.1660253912	-0.0592136829	0.0985974584	-0.0006987845	-0.0202144495	0.1134846338	0.0687334823	0.0156238344	-0.119498541	-0.0056949609	0.1510863783	-0.0521675559	0.0382678453	-0.0990863276	-0.0501008458	-0.0034934552	-0.0675371359	0.0813687834	-0.0951468816	0.0835101674	-0.2225928104	0.0546283788	-0.0284436835	-0.0685591688	-0.0092402952	-0.0615934026	0.0389430176	0.008890902	-0.0953123305	-0.0560050523	0.176861646	-0.1373882859	0.0973858987	0.0779499578	-0.1397756749	0.0425446392	0.053140906	0.135530614	-0.0464543693	0.2426227574	0.1438680521	-0.0967306692	-0.0119136527	-0.0123860466	0.2191294213	0.3111629469	0.0325507933	-0.1226735525	-0.1059663464	0.0907224674	-0.0794818767	-0.0203325941	0.1810690002	-0.0183352037	-0.1378314796	-0.1159723451	-0.1169705553	0.1658378962	0.1556524509	-0.000687245	-0.115638983	-0.0095149609	0.0318207143	0.1075152499	0.0682338979	0.1092219503	-0.0119221677	0.0672663043	0.0702933955	-0.0439459711	0.0245403408	0.150127869	0.0087206511	-0.0511929288	0.0172839012	-0.0367396837	-0.0104659659	-0.0392419459	0.0297078879	0.1101090105	0.1350739009	-0.0210605587	-0.0606794882	0.0213816267	0.0836257198	0.1046563653	0.0056474619	0.2057708905	-0.2070074676	-0.0560995141	-0.1104699289	-0.123250004	0.1645792167	0.0002142575	0.0989632468	0.321627299	0.0027664801	0.0346117057	-0.0760405966	-0.0872496007	0.0156434465	0.098078528	-0.0290621086033269	-0.0019454515256427	3.784781638625888e-06	0.0008446061564715	0.045447813139944	0.1172666856083707	0.0137514755535724	0.0020655037192032	0.0542663546645698	-0.0288101681105317	0.000830025786557	0.0029448372485808	0.0017164271859255	-0.0005618221929399	3.156441764797982e-07	2.946122284584131e-06	0.0001647923059213	0.0005016495730391	2.516522941303113e-07	2.7156504090859322e-08	0.0009228594740674	-0.0005190290208762	2.69391124511707e-07	8.516696088759581e-07	0.0	0.0	0.0	0.0	0.0	0.0	0.0	0.0	0.0	0.0
284.2381231263131	1.2547676308223004	80791.31063836912	1.5744418073594086	422.02341038790615	1.930170978199328	3.725560005082951	178103.75891543904	264.0732623129502	0.820931001626036	69734.6878686042	0.6739277094307268	278.6700597423236	286.33539994783155	1.141756	29.670658	0.1789113668078214	0.0826796360562035	-0.0932833759	0.1095213189	-0.0177235923	-0.0595788298	0.0236764214	-0.0507876711	-0.101403254	-0.1282740966	-0.0815194368	-0.0277591493	-0.0741295662	-0.0504172215	0.1310987762	-0.0713551915	-0.0886195826	-0.0538180344	0.2477872616	0.0358888627	-0.0475547722	0.1254386451	0.0545679999	-0.1568053049	-0.0956272817	0.2199375691	0.013324732	0.179477954	-0.0502843787	-0.0384028846	0.052241433	0.0555440162	0.0601366813	-0.1740856056	-0.0113699377	0.0721749427	-0.0366063351	-0.0326663636	0.0555209307	-0.0069436352	0.0482692331	0.0391011877	0.0957951318	-0.142999989	-0.0582286779	0.0855707411	-0.0280479379	0.0177280734	-0.0030980815	-0.1037780081	0.0391051938	-0.0567278091	0.0188124792	-0.0213080159	0.0739277266	0.0381294901	0.1645197253	0.1536785877	0.1046816596	-0.0527191785	-0.0076519976	0.1372108872	-0.1692320202	-0.0365718599	0.0040834897	-0.0477255113	0.0012196442	-0.09843727	-0.0723359607	-0.0323976289	-0.1821869955	0.0553529544	-0.0649044885	0.0142156673	-0.1844435694	0.1980857114	0.0665877727	-0.124406499	0.0294266378	-0.030428937	-0.0454778142	-0.0578794043	0.0613565791	0.2183476379	0.0924847726	0.0502063989	0.00560117	0.138129328	0.0923884631	-0.0149340831	0.0748991989	-0.0331476839	0.0915706263	0.0699930017	-0.0298020707	0.0272866249	0.0182139969	-0.0016053928	0.0848053688	-0.1499007407	-0.0854734464	0.0430836466	-0.0930748836	0.0425320918	-0.0341726684	-0.0691735298	-0.0624266686	-0.0243846883	0.0691688524	0.0555877406	-0.0997366839	-0.2022298261	-0.2896050432	0.037001471	-0.1323640697	0.0110431504	-0.0579963879	0.0984706972	0.0188680987	-0.1335457693	0.0190775802	0.1698431466	-0.054441625	0.0255084666	-0.0246327249	-0.1031180718	0.0144168488	0.0998335198	0.0640414993	-0.1208042569	0.0779311155	-0.1273061303	-0.1611585631	-0.0586245211	-0.0850121546	0.0549277063	0.161089891	0.0251766325	0.3707516281	0.010252404	0.0331337888	-0.0780430407	-0.0848510215	0.0218143241	0.0993068457	-0.0656305793527565	-0.0365684707494296	0.0013372530529518	0.0043073729461784	-0.00061280813037	-0.0460606212703139	0.0021215808318073	3.755338046475749e-07	0.0965916793813477	0.0423253247167779	0.0017914331123806	0.009329952525709	0.001498802307905	-0.0002176248780205	4.736058753343754e-08	2.2464083581813542e-06	0.0006834349188249	0.0005186426129036	2.6899015991947345e-07	4.670832882691976e-07	0.0005799879635655	-0.0003428715105019	1.1756087271385453e-07	3.3638603788085575e-07	0.0	0.0	0.0	0.0	0.0	0.0	0.0	0.0	0.0	0.0
283.95402697775614	-0.2840961485569551	80629.88943688426	0.0807106216248954	422.697895487005	0.6744850990988311	0.4549301489063601	178673.510849143	263.39243524917987	-0.6808270637703231	69375.5749464934	0.4635254907621196	278.30455530561454	291.3498393614711	1.151153	29.914854	0.3368170565817028	0.2426840052638469	-0.1223010729	6.63637e-05	-0.171739495	-0.0026869307	0.0632641345	0.0479296978	0.1092314169	-0.1083370187	-0.084470295	-0.1748098915	-0.0802645284	0.0548397241	0.1211560594	0.0631733392	-0.0939960758	-0.1106862262	0.1047292284	0.058794459	0.0093200708	-0.083790033	-0.0783193692	-0.0590750251	-0.1530038234	0.0300896299	0.0849295913	-0.0329478875	0.0576513801	0.049373008	0.0470564037	0.0084153178	-0.0104763157	0.0138152842	0.0137751498	-0.0408180034	0.0320789416	0.0557951958	0.0240251429	-0.0552670211	0.0375058064	0.0794676374	0.0874799918	-0.006509074	-0.0482905861	-0.0179290136	-0.0257573981	0.2092292487	0.0001736673	0.0042411946	0.0378712691	0.1497512454	0.0244613078	0.0034251245	0.0347782339	-0.1003077555	-0.1190016477	0.1375893334	0.0912653348	-0.0386409248	-0.0301543605	0.0172139091	0.1166228457	0.0728534774	0.0413636823	0.0587704191	-0.0657906202	-0.0435009901	0.0657964439	0.0326761054	-0.0827566851	-0.143134251	-0.1436474215	0.0063281553	0.0011460191	0.0158400015	-0.0140057534	-0.1087720906	-0.0323634233	-0.1169498233	-0.0754801202	-0.044855127	-0.0220149146	-0.0338150649	-0.0644119007	0.1193084545	-0.0135052518	-0.100151147	-0.0963486676	0.021322381	-0.0134356337	0.0507957969	0.0520481822	0.0432007159	-0.0694050774	-0.0492665617	-0.0257557482	-0.0797641522	0.0818370758	-0.0890766442	0.042796268	-0.0553665615	-0.058863845	-0.028510441	-0.0468450855	0.0973805523	0.1043442137	0.0268052606	-0.2434383493	0.0888353515	0.0076093548	0.0418335677	-0.1517996079	-0.0135583517	-0.0110902453	-0.0512133994	0.0695596412	0.0479182542	0.0133113206	-0.1219760443	-0.1005800966	0.0142410676	0.1111029514	0.1162498808	0.0319753358	-0.055957007	-0.0286528785	-0.0335347433	0.0998072375	-0.1024180576	-0.0209818226	-0.0027282048	0.0080833891	-0.052271048	-0.1088476403	-0.0082756217	-0.0153115194	-0.0390016887	-0.0579984017	0.040870203	0.0316476967	-0.0799684658	-0.0822640518	0.0278991106	0.0999229036	-0.048059225840447	0.0175713535123095	0.0003087524642545	0.002309689188383	0.2363430086711559	0.2369558168015259	0.0561480591160783	0.055858017747734	0.0463278889413203	-0.0502637904400274	0.0025264486293989	0.0021462732937593	0.0013286408670033	-0.0001701614409016	2.895491596974273e-08	1.7652865534712803e-06	0.001030967579809	0.000347532660984	1.2077895045068932e-07	1.0628941506172263e-06	0.0007028157782365	0.0001228278146709	1.5086672056853522e-08	4.939500181381771e-07	0.0	0.0	0.0	0.0	0.0	0.0	0.0	0.0	0.0	0.0
282.314404136062	-1.63962284169412	79701.42278269975	2.688363063005101	425.516334325617	2.8184388386119963	7.943597486996539	181064.15077791025	262.3266490734387	-1.0657861757411524	68815.27081409907	1.1359001724009503	277.42572747625684	284.9035933353095	1.184267	30.7754	0.0882097597166657	0.048585571152552	-0.0339851704	0.0010427554	-0.0495049909	-0.1941921624	0.0747914624	0.1018341491	-0.0106113605	0.0027277307	-0.1764122974	-0.1522735216	-0.0250432735	0.1980004685	0.0289618778	0.0798073853	-0.0867919093	-0.0962797829	0.0271515642	0.1169473958	0.0646865996	0.0887131727	0.1082428226	0.0320131275	-0.0819373854	0.041680635	0.0809974788	0.022190478	-0.0763819039	-0.0291599274	0.0709870909	-0.0514243602	-0.1986052143	-0.010919599	0.0777520593	0.0011687738	0.0872017787	0.0544793704	0.0415905478	-0.0564354397	0.0580036953	-0.105956689	0.02257995	0.1532692364	0.0990419932	-0.07336733	0.0719772547	-0.0886004623	-0.1048468496	-0.0781741628	0.0534093591	0.0408406629	-0.0252870486	0.0702060155	-0.0859157274	-0.0170390194	-0.0366390123	-0.0317873302	-0.2077867702	-0.0160233134	-0.0091651413	-0.1325238091	0.0078401765	0.0431759249	0.0139736878	0.0425253503	-0.0056902891	0.0522158411	0.0754320328	0.0187927376	-0.0283114736	-0.007947491	-0.1398202768	-0.1866974296	-0.1243800569	0.0173626882	0.0201766712	0.0413735435	0.0401103914	-0.0904860149	-0.0513130945	-0.0870508526	0.1496199428	0.0318079477	0.0010885283	0.0003016696	-0.0422531478	-0.232703452	0.0170732837	0.1854993877	-0.1099211235	0.0358737093	0.02339809	0.0053900507	0.1261423305	-0.0971800775	0.1687559347	-0.1480715453	-0.0358588151	0.0549852877	0.0083101413	-0.0242345378	-0.0682838283	-0.0313612725	0.0042410538	-0.0421732909	-0.1096625319	-0.1253167325	0.0258606251	-0.0847249289	-0.0366312394	-0.0372811504	0.0808743611	0.0133214037	0.1027426225	0.0448760762	0.095683341	0.0533606709	-0.0671568999	-0.1513158008	-0.1355920695	0.0254698231	-0.1500956292	0.0040645371	0.0841386518	-0.0028537064	-0.1405903481	-0.0485869454	0.1054322626	-0.0909574751	0.0284436275	0.0597718647	-0.0334497191	0.0602016863	-0.0675471599	0.0261838229	-0.0911985476	-0.1039138451	0.0290558687	-0.1208157834	0.030153796	-0.0818149717	-0.0794944353	0.033873792	0.0999229036	-0.0728623828786823	-0.0248031570382352	0.0006151965990633	0.0053089268387596	0.2245985758767261	-0.0117444327944297	0.0001379317016628	0.0504445202858534	0.0840146204425309	0.0376867315012106	0.0014202897312443	0.0070584564481025	0.0013050344506784	-2.360641632489992e-05	5.572628917045013e-10	1.7031149174574732e-06	0.0012399931236746	0.0002090255438656	4.369167798830994e-08	1.537582946760292e-06	0.0007496925857018	4.687680746530008e-05	2.1974350781388132e-09	5.620389730562508e-07	0.0	0.0	0.0	0.0	0.0	0.0	0.0	0.0	0.0	0.0
282.3894138362586	0.0750097001965741	79743.78104678572	0.0056264551235799	419.54845563021576	-5.967878695401225	35.61557612302383	176020.9066216991	263.1255206512763	0.7988715778375877	69235.03961800523	0.6381957978767169	278.2365882852582	286.7888281959732	1.406141	36.541203	0.332261882907321	0.2620342352110026	-0.0167908498	-0.1180121737	-0.1272958525	0.0087251014	-0.1884282958	0.0359025092	0.0792959942	0.0426990669	0.0647033115	0.0574840623	-0.1062849974	0.106081338	0.0930158414	-0.0615623318	0.0629922591	0.0234909095	0.0300998498	0.0106302401	0.014005955	0.0834565496	-0.1097765308	-0.1343715244	-0.0257407444	-0.0435762519	-0.1447535382	-0.094836219	0.0716499334	0.072143522	-0.0079703922	0.0655467006	-0.054913295	0.0599403866	0.0493105165	0.0629444705	0.0586221416	0.0978958705	0.0095874625	-0.0390256611	-0.0650532847	-0.0391868745	0.0021639535	0.0343584274	-0.0245365177	-0.0398936527	0.1123037348	-0.001193988	-0.042370132	-0.0143064595	-0.0681696583	0.094538849	0.042548327	0.0219123685	-0.0319619271	0.0313978729	-0.1093757995	-0.0282984421	-0.0376461354	-0.0649683612	0.0962609836	0.0094126182	0.0624729632	0.0248366558	-0.0591463951	0.0319352586	0.1066428944	-0.019024251	-0.0615153588	0.0155452744	0.0783142399	-0.0722996161	0.0056692748	0.0461188577	0.0344582224	0.1821249016	0.0205173405	-0.009887794	0.0496209345	0.0780342648	-0.1620037339	0.0320152168	-0.0370376921	-0.089504324	-0.01141566	0.1270355991	0.0485401658	-0.082236134	-0.0085866422	0.1023027222	-0.0172618554	-0.0285747969	-0.1069619284	0.0335566405	0.0490756395	-0.057306937	0.0107026848	0.0133271501	0.0731440108	0.0659623928	0.0246465566	-0.0731988638	-0.0467662772	-0.1208206508	-0.0391575094	0.0224908139	0.0329739987	-0.0298531646	-0.0273852137	0.0293034486	0.0066245183	-0.0468652195	0.079398277	0.0198761818	0.1856900529	-0.0152775423	-0.0738083707	0.0173157123	-0.1332406916	-0.0901947834	0.057878421	0.0882013298	0.1613450979	0.0423004583	0.0641318575	-0.0852469459	-0.0404570537	0.1032771923	0.0419198459	0.1035999934	0.1151925864	0.0803755819	0.0420703638	0.109207218	-0.0079091529	-0.0054276032	-0.0196364606	0.1074443807	-0.0165051403	0.0429177859	0.0286524553	-0.0835807361	-0.0765483213	0.0397147891	0.0993068457	-0.0631263954264653	0.009735987452217	9.47894516697269e-05	0.0039849417995384	-0.036273866302011	-0.2608724421787371	0.0680544310882985	0.0013157933764961	0.060181948514959	-0.0238326719275719	0.0005679962512072	0.0036218669270571	0.0016381061511396	0.0003330717004612	1.1093675764811533e-07	2.683391762401394e-06	0.0009232026920598	-0.0003167904316148	1.0035617756269133e-07	8.523032106264619e-07	0.0008562460806017	0.0001065534948998	1.1353647275383e-08	7.331573505457729e-07	0.0	0.0	0.0	0.0	0.0	0.0	0.0	0.0	0.0	0.0
281.6920837088516	-0.6973301274069854	79350.43002423467	0.4862693065894425	419.152710460316	-0.3957451698997829	0.156614239499008	175688.99468622947	262.857817112348	-0.2677035389282878	69094.2320170686	0.0716651847547293	277.94385934653576	273.1209090761165	1.600237	41.585148	0.1330955892892719	0.1011468715729937	0.0891958942	0.1604396197	-0.0157623752	-0.0222799272	0.0938311334	0.0022844467	-0.0383502992	0.0125312992	-0.0909541104	0.0337013301	0.1034503773	-0.1293875155	0.11174599	-0.0137628638	0.0734144781	-0.041631694	0.0705968191	0.0365690928	-0.064127044	0.0693879359	-0.0190547772	0.1179130206	-0.0031039539	0.0643992021	0.0004033181	0.0445235399	-0.0079435339	0.0565304751	-0.0289954982	-0.1809074237	0.0108667836	0.0404217217	-0.0095290816	-0.1044729982	-0.0370630904	0.1721117368	0.0103093344	-0.0232780938	0.0395264613	-0.0374805063	-0.0125358359	-0.1017459039	-0.0979852051	-0.0546477723	-0.0025473669	0.0415010562	-0.0210993308	-0.0181647995	0.0179674459	-0.0767890028	0.1332449102	-0.2127263902	-0.0829388199	-0.017718931	-0.0357287276	0.00384008	-0.0699136328	-0.0765555592	-0.0136210387	0.0001414999	0.0471187175	0.0263035286	-0.0328827109	-0.0503247354	0.0615375158	0.0334210507	-0.0250714146	0.1223572944	-0.0679614061	0.0724363656	0.0216082022	-0.0100228126	-0.0678531544	-0.0583258718	0.0693787122	-0.0856155736	0.0598294191	0.1233200874	-0.0544220157	0.0099246552	-0.0328103068	-0.086923283	0.067078594	-0.1274915846	0.0724513199	-0.0624971745	-0.0659676659	-0.0865737092	-0.0674476474	0.0633901588	0.1106980513	0.0118498172	0.101595343	0.0656927041	0.0289248235	0.1290465777	-0.0677922579	-0.0548435709	0.0045614593	-0.1015130187	-0.1263264725	0.0790593366	0.0380033916	0.0442706519	0.0684916633	-0.1067241401	0.0437199008	-0.1215797974	-0.0209609288	-0.0074322133	-0.0831473423	-0.0778411397	-0.0133890835	-0.0474649777	-0.0231541383	0.1589649299	0.0815076758	-0.0157966713	-0.1384234266	0.1332513448	-0.0772901909	0.0210572848	-0.033424637	-0.0196669589	-0.0172243438	-0.0414188062	-0.1679031674	-0.1298504352	-0.061430938	0.0579895268	-0.1630877421	-0.013285963	-0.0545580596	0.0877368899	-0.0240300018	-0.0666746496	0.0055239957	0.0615629513	0.027144045	-0.0852640164	-0.0734322509	0.04539905	0.098078528	-0.0631174068727631	8.988553702196644e-06	8.0794097657273e-11	0.0039838070503419	0.0635106403013594	0.0997845066033704	0.009956947758078	0.0040336014314886	0.0727667951674533	0.0125848466524942	0.0001583783652667	0.0052950064789421	0.0012521032399369	-0.0003860029112026	1.489982474569595e-07	1.5677625234604824e-06	0.0009110479828891	-1.2154709170700034e-05	1.4773695502429952e-10	8.300084271262978e-07	0.0008724334098224	1.6187329220700044e-05	2.6202962729932947e-10	7.611400545743398e-07	0.0	1.0	0.0	0.0	0.0	0.0	0.0	0.0	0.0	0.0
280.5838469500293	-1.1082367588223292	78727.29516927745	1.2281887136050214	417.35648486050695	-1.79622559980902	3.2264264054092737	174186.43545511857	261.1326138240492	-1.7252032882988146	68190.24200258001	2.976326385957043	275.63384892299666	280.2680097075313	1.645773	42.76849	0.5619073852011358	0.4843345444131313	0.0016028777	-0.0912999543	0.0063016958	-0.1026174265	-0.0654984598	-0.0519548524	-0.0367461002	0.0994046777	0.1138975695	-0.1793283526	-0.0243089576	0.0294115861	-0.0387646292	0.1147299821	-0.2045989826	-0.2608773193	-0.2391275953	-0.0403669207	0.0199933285	-0.0878162402	0.0081922027	0.0509196571	-0.0087249507	0.2414138847	-0.1812905085	-0.0738591373	-0.2330200552	-0.1598363859	-0.1202637069	-0.0320696271	0.0264252328	-0.0469834227	0.0884222951	0.1235822749	0.0313170659	0.0188458524	0.0323675307	-0.1062038079	0.0140784661	-0.0877571417	0.0091175682	0.0203237699	-0.0404547059	-0.0467051821	-0.0335822919	-0.0936780526	-0.0119855462	0.0906090657	0.0072911682	0.0519693884	0.0144182467	-0.0612807418	0.0470181164	-0.0162509041	0.0504945378	-0.015701394	-0.0516263167	0.1231069662	0.0416650298	-0.0120577948	0.0563932685	-0.0843855991	-0.0522737051	0.0035671517	0.0789146286	0.0197490022	0.12640335	-0.0997981608	0.0210481271	0.1134665773	-0.3219647192	-0.0236687504	0.1558291216	-0.0945709882	-0.1642182118	0.1039940786	-0.0175183562	0.0458592073	-0.0777975973	-0.2798719301	0.0365891417	0.0309414474	0.243538428	-0.0201415651	-0.0929774596	-0.0421365612	0.176722226	-0.138286399	-0.0054330555	-0.0077500708	-0.0471618984	-0.094028652	0.0511343794	-0.0509913481	-0.0285199398	0.2145211016	-0.0208384262	-0.0609844307	-0.0088413301	0.0996196481	-0.0290115012	-0.0459987692	0.0071770928	0.0259060825	-0.1066899294	-0.0328881512	-0.0411179059	-0.0465205703	0.0451389078	-0.010057545	0.1207581892	0.0041390653	-0.0165058304	0.0088262388	0.1794001497	0.0031267266	-0.0448002862	-0.324692201	0.0501846172	-0.3367197179	0.0341475228	-0.0805917543	0.0990332173	0.0025414927	-0.0660195298	0.0710696226	-0.2339265967	-0.1400025914	-0.1525342943	-0.0726138608	0.1465116191	0.1742010453	-0.2339926016	0.1420190883	-0.1502251452	-0.0708897887	-0.0961990392	-0.0414977917	0.0256289373	-0.0868631514	-0.0701531426	0.0509041416	0.0962455236	-0.0630274247896949	8.998208306819355e-05	8.096775273291285e-09	0.0039724562756206	0.5422088289512317	0.4786981886498723	0.2291519558166687	0.293990414192666	0.1156896129077438	0.0429228177402905	0.0018423682827661	0.0133840865347436	0.0019230394188648	0.0006709361789278	4.501553561943709e-07	3.6980806065078674e-06	0.0009744071279527	6.335914506360005e-05	4.014381263190314e-09	9.494692510050296e-07	0.000942066020389	6.963261056660002e-05	4.848700454319777e-09	8.874883867715678e-07	0.0	0.0	1.0	0.0	0.0	0.0	0.0	0.0	0.0	0.0
280.9424676593384	0.3586207093090934	78928.67013451838	0.1286088131453572	417.3618299935081	0.0053451330011284	2.857044679975284e-05	174190.89713552993	262.49932639955256	1.366712575503357	68905.89636021883	1.8679032640390183	277.18306516758	272.9290336908742	1.354719	35.20491	0.5892978535852434	0.520991628656479	0.0635859273	-0.0480802794	0.0095581741	0.108411487	0.039782693	-0.0175232839	0.1171467348	-0.0133194319	0.0017073855	-0.0137724712	0.1112747489	-0.0088327935	0.0208941726	-0.0203697713	0.0593567289	-0.0403013339	0.0364763433	0.0072417858	0.0239928354	0.2387576836	-0.057851324	0.0294582198	-0.0285461665	-0.0918704699	-0.031623125	0.0095865955	0.0095672814	0.0499501805	0.0453682442	0.0861441567	0.0120135623	0.0786532744	0.034677331	-0.0321939451	0.0347763032	0.0993280085	0.0684074291	-0.1205197198	-0.1565906467	-0.0475107016	-0.0866357229	-0.0491220863	0.0737315985	0.1488887226	0.041782068	-0.0034320269	-0.0596459012	-0.0106303493	0.0565725267	-0.0880844614	0.0226805692	-0.1090884505	0.0109070766	-0.1701916019	0.0002210404	0.0239116293	0.035891318	0.0890917951	-0.0757709388	-0.0302245263	0.1096565505	-0.0328915645	0.0055018153	-0.0578476105	-0.0423278118	0.1529263789	-0.0199187744	0.0406593842	0.0693323279	-0.0454555707	-0.0508610959	0.0464506498	-0.0812576152	0.0180618963	0.1936470379	-0.0086692079	0.161427052	0.0074316192	0.0196172004	0.0985105818	0.085665072	-0.0350678349	0.035907723	0.0758533443	0.0534289375	-0.0441054087	-0.027389481	-0.1021880498	-0.0318324864	-0.0002394259	-0.0578120893	-0.0017486672	0.0564963125	-0.0063416569	-0.0633903582	0.1849111021	-0.0187136024	0.1171480338	0.0244844	-0.024811141	-0.0556052877	0.0872544312	-0.0296929181	-0.179049133	0.0486952983	0.0301736617	-0.0448365261	-0.0460068432	-0.0878774792	0.0650497721	0.0767603812	-0.1223750564	-0.0504329462	-0.1238140964	-0.0235036242	0.0715681685	-0.114006322	-0.0662441666	-0.120138838	0.0829624193	0.0013136119	0.0127366101	0.0179973648	0.0782037311	-0.0098921108	0.0776236441	-0.0245898194	0.1083619327	0.1188020867	-0.0561653372	0.0247607948	0.0513011892	-0.1885202921	-0.0106273744	0.0205829139	-0.0810281209	0.019144056	-0.0028893245	0.0241075061	-0.088376563	-0.0667182767	0.0562083378	0.0938191336	-0.0728411781388302	-0.0098137533491352	9.630975479766427e-05	0.0053058372326527	0.0248860014225158	-0.5173228275287158	0.2676229078823054	0.0006193130668014	0.0817538416091565	-0.0339357712985873	0.00115163657363	0.006683690617855	0.0014330771134902	-0.0004899623053746	2.400630606879928e-07	2.053710013209403e-06	0.0009741227608046	-2.843671481000346e-07	8.086467491854704e-14	9.48915153117576e-07	0.0008678026647356	-7.426335565340004e-05	5.515045992903384e-09	7.530814649222081e-07	0.0	0.0	0.0	1.0	0.0	0.0	0.0	0.0	0.0	0.0
281.48142252535337	0.5389548660149899	79231.79122689652	0.2904723476012357	419.6445626414906	2.2827326479825274	5.2108683421653215	176101.55895456794	262.33011495790333	-0.1692114416492245	68817.08921382678	0.0286325119850089	276.9752147044671	278.51032112450747	1.153917	29.986679	0.2527090720147578	0.1997894753821263	0.0261185194	-0.0225686977	0.0259725802	-0.1119798079	0.0376855733	-0.065847288	-0.0787355787	0.071752956	-0.0376020718	-0.0398146257	-0.0632948041	-0.0362463769	-0.0051095191	0.0845063311	-0.0871179764	-0.1391764569	-0.0024833527	0.0280620592	-0.1173235228	0.0601625709	0.0531632388	-0.0588449253	-0.0101923071	-0.0144332219	0.0298055552	-0.01746576	-0.029676903	0.0046061945	-0.064932962	-0.1587280353	-0.061320359	0.005630689	-0.0841021287	0.0734773862	-0.0494622217	0.0154418147	-0.04948525	-0.0179190111	0.0188083327	0.0710118868	-0.0628301981	0.1684625852	0.0046233101	0.0142882717	-0.1095247709	-0.00642608	0.0584228873	-0.0627792961	-0.0544124108	-0.0916735583	-0.0438562896	0.0900120718	-0.1167024556	0.0765091685	0.1070223643	0.0416664345	0.0594078192	-0.0693993074	0.0040694446	-0.1152252508	-0.0382577611	0.0976417421	0.0014938075	0.0447539953	-0.0647036217	0.066702778	0.0850558229	-0.0261210015	-0.0871372689	0.1328913702	-0.1286929138	-0.0505070131	0.021245189	0.0516058409	0.0242085433	-0.0323089319	0.0198319788	0.0391058678	-0.0222377786	-0.0436016203	-0.0902301414	0.0644339817	-0.022862144	-0.1227521777	0.003351997	-0.0997344311	-0.0103444194	0.0768948	0.0137754314	0.087534979	-0.0171056991	0.1103693809	0.045053426	0.0901024697	-0.0561753235	-0.0187359825	-0.0890363277	-0.0119416939	0.0423244163	-0.0362109511	0.1248745697	-0.0592152223	-0.0677222998	0.0087517883	-0.0087957303	0.0853517488	0.0495399952	-0.0713510105	0.0145231222	-0.0404594267	0.0520002382	0.0866757462	-0.1685543617	0.0935682836	0.0779421462	0.087750379	0.0005189237	-0.1756294636	0.0738934712	0.0540666484	-0.0670616445	0.021352852	-0.1078418578	-0.031088863	-0.008255446	-0.062458042	-0.1158592339	-0.0593831113	0.0418444573	-0.0081310527	-0.0298227952	-0.0305521433	0.0629002143	-0.0233784158	-0.1173917174	-0.0775491656	-0.0415625317	-0.0871489525	0.0225801267	-0.0898027576	-0.0631352795	0.0612907054	0.0908143174	-0.0682590781485856	0.0045820999902446	2.099564032059957e-05	0.0046593017496947	0.2214340288616227	0.1965480274391069	0.0386311270902039	0.0490330291378899	0.1161451813059528	0.0343913396967963	0.0011827642461404	0.0134897031405926	0.0013847025674051	-4.83745460851e-05	2.3400967089394637e-09	1.917401200178275e-06	0.0007395590496193	-0.0002345637111853	5.5020134605020846e-08	5.469475878738022e-07	0.0008069888242338	-6.081384050179994e-05	3.698323196578363e-09	6.51230962438251e-07	0.0	0.0	0.0	0.0	0.0	0.0	0.0	0.0	0.0	0.0
281.68686916827056	0.2054466429171952	79347.49226182238	0.0422083230859455	416.4431081112948	-3.201454530195804	10.249311108911234	173424.86229339556	263.0055564696189	0.6754415117155759	69171.9227338939	0.4562212357486224	277.8412202258229	273.971337048626	1.11265	28.914295	0.289939167121563	0.2125176378109389	0.0443721722	-0.0164176095	0.0001940218	0.0866335349	-0.0919827329	0.0301245688	0.0384871465	-0.0402907765	0.1350537592	-0.0171825186	0.0571680168	0.0046148811	0.1197514558	-0.0387991225	0.0374424765	-0.0453527794	0.0976461309	0.0340799074	0.0876841012	0.1692929471	-0.1733132194	-0.0342729388	-0.0021931005	-0.0475970612	-0.0895439033	-0.0897422471	0.0094218883	-0.0014217267	0.0016521971	-0.082897018	0.0736683384	0.1019146285	-0.0287821932	-0.0604783002	0.0445492955	-0.0185464593	-0.0223267431	0.0140855058	-0.1127194286	-0.0080955875	-0.1077838821	0.1055285194	0.0809789885	0.0451937165	-0.0640871788	-0.0028699827	-0.106338086	-0.1071313343	0.116390412	-0.0005544044	0.0459498558	-0.0237971403	-0.0039153565	-0.0377025842	0.0499266495	-0.0397691687	-0.0088952908	0.0591431581	0.0387721156	0.0403443142	-0.0223119997	0.1041058276	-0.0777271057	0.0815314921	-0.095846022	0.0095187573	-0.037968475	0.039034125	0.0352611929	-0.0619282647	-0.0390381567	0.0740012851	-0.0654079009	0.1185355574	-0.0024811306	-0.0625590645	0.1675047787	0.0508263433	-0.0462523813	0.027766367	0.0163575654	-0.120001478	0.0437506902	-0.0630513117	-0.0474163512	0.0124511901	-0.0532947506	-0.0376136205	-0.1001213438	0.0839178917	-0.0530814325	0.0458086295	-0.0764817866	0.0501380074	-0.0169431961	-0.0207110731	-0.0053538804	0.1606239004	-0.0245754463	-0.0651466393	0.0356101099	-0.0251269982	-0.0352486254	-0.1405181282	-0.0695303971	-0.0800720659	-0.031215454	0.0103375858	0.0132380268	0.049458099	0.0354376269	0.0417988827	-0.0999129806	-0.0719223773	-0.0388532004	0.0715955498	-0.1041670258	-0.0478977205	-0.075183764	0.109814439	0.0790701559	-0.0474276598	0.0943217877	-0.0378047242	-0.0185146147	0.0060341212	-0.0717274348	0.1344036484	0.1038681171	-0.0493529725	-0.053650526	0.033191634	-0.0063463187	0.0102415394	0.0567543344	0.0179007333	0.0181686394	0.0276397385	0.021047176	-0.0911403277	-0.0594121063	0.0661311865	0.0872496007	-0.0578927522179242	0.0103663259306614	0.0001074607133007	0.0033515707593659	0.016309951887635	-0.2051240769739876	0.0420758869544304	0.0002660145305769	0.0621595646284589	-0.0539856166774939	0.0029144468080493	0.0038638114747995	0.0014380461991155	5.33436317104001e-05	2.8455430440548034e-09	2.0679768707905364e-06	0.0009741681511625	0.0002346091015432	5.504143052690755e-08	9.490035867393637e-07	0.0009282990417686	0.0001213102175347	1.4716168878340493e-08	8.61739110948501e-07	0.0	0.0	0.0	0.0	0.0	0.0	0.0	0.0	0.0	0.0
281.8636185003934	0.1767493321228244	79447.0994341353	0.0312403264058644	422.2265334320068	5.783425320712013	33.44800844025285	178275.24553400956	262.5704938521956	-0.4350626174232843	68943.2642417859	0.189279481079199	277.4063247159466	279.5554231990501	1.07962	28.055929	0.2607373389378092	0.1995793900314353	0.0392836859	-0.0267581641	-0.0525134361	-0.0360314654	0.1377220422	0.0031368523	-0.0024591418	0.0134197988	-0.1461213322	-0.0513399214	-0.0450484512	-0.0272994098	-0.0138899664	0.0733630003	-0.0704545427	-0.084793171	0.0297506793	0.1014640954	-0.0475097481	0.0613958741	0.0158612726	0.0118864579	-0.0436415492	-0.0348606534	-0.0429136946	0.043499658	-0.0104658072	-0.1534147763	0.0772936182	-0.0035229677	0.0734489323	0.0698977068	-0.0291193459	0.026630649	-0.035530256	0.1237238034	-0.0150898517	-0.1248501976	-0.044838077	0.0345884972	0.1711971829	0.0163598128	0.0874530605	0.0142703201	0.0327088439	-0.0134656289	0.0519360592	0.0954898533	-0.0411143529	0.06919215	-0.0266471017	0.0246179192	0.0434146676	0.047537066	-0.0258364913	0.0503728646	-0.0435081942	0.0363490668	0.0106532006	0.0017554151	-0.0317068785	-0.0396338615	0.0983755871	0.0339192135	0.0051455489	0.0887693045	0.0690070163	0.0156599503	-0.0815175697	0.0085719237	-0.0967377141	-0.0997384419	-0.0106295395	0.0115276092	0.0811617502	-0.0341566934	0.0345047604	0.0381846619	0.0193529029	0.002478259	-0.0718875573	0.0619115533	0.1519685537	0.0264451474	-0.1027016709	0.0403907603	-0.1612909495	0.0688781943	-0.0324023412	0.0380833989	-0.0604209173	-0.062933625	0.1062762386	0.039726453	-0.1150229744	-0.0403512861	-0.0181915736	-0.0417254096	0.0271263899	0.0467375319	-0.0578145436	0.0248923829	-0.0283960514	-0.0144458278	0.0018265679	0.0101835544	-0.0649266009	0.1428373527	-0.0785675387	-0.0279356398	0.0882780656	0.0231380963	0.0002655086	0.0988428682	0.0745732824	0.0958063417	0.0103796434	-0.1139319313	-0.0273704526	0.0586331629	-0.0321487318	0.0232700307	-0.0592956941	0.1153278013	-0.0580005654	-0.0364747425	-0.0175740714	-0.0560031874	-0.0142665722	0.008369624	0.0696823971	0.0246346766	0.046933179	-0.0653524357	0.0397243764	0.014809862	0.0216816603	-0.023015809	0.0195090322	-0.0923879533	-0.0555570233	0.0707106781	0.0831469612	-0.0603963651615373	-0.002503612943613	6.2680777714270496e-06	0.0036477209247257	0.2128476398418683	0.1965376879542333	0.0386270627863955	0.0453041177862536	0.0956779357131267	0.0335183710846678	0.0011234812001694	0.0091542673823252	0.00136959597551	-6.845022360550007e-05	4.6854331116429586e-09	1.8757931361331885e-06	0.0006997868522955	-0.000274381298867	7.5285097167942e-08	4.897016386456439e-07	0.001149020858402	0.0002207218166334	4.8718120337948264e-08	1.320248933042869e-06	0.0	0.0	0.0	0.0	0.0	0.0	0.0	0.0	0.0	0.0
281.7057471216275	-0.1578713787658898	79358.12796135434	0.024923372233443	417.9848051105846	-4.241728321422215	17.992259152755324	174711.29730333338	262.9764149842045	0.4059211320088707	69156.59483794453	0.164771965411363	277.7198686792889	277.3457628359844	1.137987	29.572723	0.2702093737739405	0.2227711241586167	0.0311529457	-0.0604303579	0.0626992036	-0.0383028228	-0.119608205	-0.0392896513	-0.0385312848	0.0578203732	0.0425765502	0.0179458187	0.0633739943	0.0820607095	0.0503099698	-0.0523363743	0.0944616509	0.0048047722	0.0139396006	0.0498683302	0.0699243184	0.1530192902	-0.0327228086	-0.0040212244	0.0901393066	0.0504006951	-0.0250848326	-0.0886447326	0.083075546	0.0555375	-0.1480155488	0.1236888191	-0.0625706787	0.0176163243	0.0962011092	0.0581646195	-0.0424314609	-0.039653301	0.0551089086	-0.0022647642	-0.0869883254	-0.0796896565	-0.0367066778	0.0943876329	-0.0663927451	0.0358085957	0.0015505848	0.0472926972	0.0838720499	0.0250332842	-0.1108537921	0.0019157439	0.0682209945	-0.137067144	-0.0802607186	-0.0618355143	-0.010437784	0.0192244678	-0.0364647119	-0.0505170898	0.005162507	-0.0120386372	-0.0951653192	-0.0302652542	-0.0367041426	-0.0376622799	-0.0014499309	0.0643330211	-0.0498444643	0.005505525	0.1151565626	0.0457903386	0.0327653628	-0.0057633416	-0.0818870436	0.0827368568	-0.0125430787	-0.0734038666	0.1455354686	0.0807650417	-0.029282413	0.0395738688	-0.0626965717	-0.0665747707	-0.0284580794	0.1117394477	0.037590756	-0.0730337971	0.1579773569	-0.0770056203	0.0426204334	-0.0471549318	-0.1047932316	-0.1284499668	-0.0667140905	-0.0542884983	0.0184525745	0.0502865267	-0.0069416297	0.0116611251	0.1565848673	-0.0520310458	0.0170558082	0.035426329	-0.0242408078	0.062772398	0.0584669068	0.0084917493	0.034584316	0.0029124529	-0.0424670103	-0.031139354	-0.0014551662	0.0263459339	-0.0350283168	-0.0400974159	-0.0484682926	0.034083047	-0.1620680677	-0.0667149192	-0.0077424086	0.0594259367	-0.018724174	-0.0038387558	-0.0251707123	-0.155499007	0.0487200551	0.0329026334	-0.026485739	0.1372965309	0.0859863942	0.0359880194	0.0374371542	0.0163059847	-0.0348546023	-0.0376220297	0.003137738	0.0396614402	0.0869529998	-0.0608630696	0.0179660749	-0.0935444031	-0.0515785898	0.075011107	0.0785316931	-0.0496399347011902	0.010756430460347	0.0001157007962482	0.0024641231171384	-0.0092243131400948	-0.2220719529819631	0.0493159523012232	8.508795290652558e-05	0.0768038525423264	-0.0188740831708003	0.0003562310155382	0.0058988317653434	0.0015216834109203	0.0001520874354103	2.313058800968218e-08	2.3155204030700387e-06	0.0006467488324597	-5.303801983580004e-05	2.813031548102718e-09	4.1828405228798505e-07	0.0009840081704315	-0.0001650126879704	2.7229187191249592e-08	9.68272079475948e-07	0.0	0.0	0.0	0.0	0.0	0.0	0.0	0.0	0.0	0.0
281.45467347366383	-0.2510736479636648	79216.73322016673	0.0630379767017823	419.3389516171542	1.3541465065695777	1.8337127612545907	175845.15634337396	262.8092208869389	-0.1671940972656216	69068.68658319983	0.0279538661604661	278.01041326316573	275.33902869062973	1.287438	33.456486	0.2210796472114039	0.1732831290610703	0.0835185331	0.1326642226	-0.0622427665	0.0707559548	0.0452014982	0.1239768462	0.0003102266	0.0104718964	0.0353453297	-0.0330488935	0.0198111273	-0.1599678414	-0.0343889185	0.0557338661	0.034913914	-0.0832457874	0.0423595994	0.1242999563	-0.0939268478	0.008476234	-0.0163971105	0.0573441144	0.0323205602	-0.0999269727	0.0232163246	-0.1190600635	0.0867673594	-0.08574017	-0.0269698032	0.0214918388	0.0458773507	-0.0159975371	0.0430052116	-0.0486471968	0.0154927257	-0.0217550832	-0.0968166785	0.0124415367	0.050659149	-0.0569834674	0.0546568749	0.0204755975	-0.0195178698	-0.0004699007	0.24075715	0.1608855491	-0.0726206916	-0.0373082627	-0.0703830381	0.017205822	0.0016475075	-0.0943538635	-0.0048849284	-0.001664983	0.0737642393	-0.0625476805	0.1049918567	-0.062213824	-0.1068011437	-0.1171450249	-0.018214134	-0.1287182843	-0.0176869347	-0.013870551	0.1553654343	-0.03285513	0.0405349676	0.1440057817	-0.0771550564	-0.013414722	-0.0480377353	-0.0459834125	0.0507642618	0.008164173	-0.0374715679	-0.0232284524	0.117756488	0.0315707024	0.0624696451	0.0898050188	-0.1045982171	-0.0503007024	0.0734041136	-0.0453893359	0.0247848131	0.0288753748	-0.0706421751	0.0448828934	-1.11956e-05	-0.0897723596	-0.0132283706	-0.0822210868	0.0078777758	-0.0428379464	-0.0761311928	-0.1263099259	0.0572334021	0.1152595775	0.0890460879	-0.0310029727	-0.087924255	-0.1298200204	0.0980110696	0.0915733392	-0.0097907092	0.0855189463	0.1425708878	-0.0463899005	-0.0737251479	-0.0006611445	-0.1075678337	-0.132298832	-0.058660404	-0.0383540596	0.0289020778	0.1684790078	0.0769165632	-0.0502947171	-0.071834979	0.0893299511	0.0625769214	-0.0428778005	0.0535719412	0.0143968898	0.0053525938	-0.1137124121	-0.1316298267	-0.0683706477	-0.0405338375	-0.020874257	-0.062532119	0.0421618457	0.136613715	0.0339667919	0.0229754348	-0.0123523801	0.0161067988	0.0556763178	0.0164186847	-0.0946085359	-0.047485639	0.0790155012	0.0734322509	-0.0567184202657244	-0.0070784855645342	5.0104957887319045e-05	0.0032169791974393	0.1622815017089465	0.1715058148490413	0.0294142445270336	0.0263352857969108	0.0939461048894898	0.0171422523471634	0.0002938568155338	0.008825870623907	0.001465963464655	-5.571994626529992e-05	3.1047124118079107e-09	2.1490488797032915e-06	0.0009743127853982	0.0003275639529385	1.0729814326469589e-07	9.492854037903988e-07	0.001107786160241	0.0001237779898095	1.5320990761280694e-08	1.2271901768214987e-06	0.0	0.0	0.0	0.0	0.0	0.0	0.0	0.0	0.0	0.0
280.9981313086585	-0.4565421650053167	78959.9497989581	0.2084307484277418	418.6180784671957	-0.7208731499584928	0.5196580983310797	175241.0956195672	261.67350208703965	-1.135718799899223	68473.02169449594	1.2898571924445317	275.77734295248865	277.4627398522094	1.445381	37.560921	0.2442430908853048	0.1757404689479845	0.0006812818	-0.1646871991	0.0653643802	-0.0245756112	0.0998161006	-0.1208765453	0.0324472457	0.0867895791	-0.0310343089	-0.1072793084	-0.0096014176	0.011951443	-0.149326714	0.1112125486	-0.0958444124	-0.1575024294	-0.1525956723	0.0564435318	0.0559104729	0.0675333649	0.0245431787	-0.0063716299	0.0162687484	-0.0431704606	-0.0436357652	-0.0305795353	-0.00626114	-0.0101772465	-0.1197912722	0.0057318813	0.0702323893	-0.0915082561	0.0189293749	0.0300386499	0.0202136715	0.1119344537	-0.0817589817	0.1150512967	0.0638245408	0.0117342933	0.0276226044	0.0333118769	-0.0540455118	-0.0675237514	-0.0527648688	-0.0226081126	-0.0527085064	0.0621776714	0.027460164	-0.0224434076	-0.0656627489	-0.0917642487	-0.0052896721	-0.0330397852	-0.1441319998	-0.0261905287	-0.073514797	-0.131567192	0.0607236363	0.0170162241	-0.0345556649	-0.0620185742	-0.0684097336	-0.0039610876	0.0573214872	-0.0436193205	0.1276957647	-0.0990974162	0.0816299664	0.0403267297	-0.197909542	-0.0909004782	0.0461825438	-0.0293536555	0.0662592164	0.027732781	0.0236111699	0.0092254693	0.0797042539	-0.004327061	-0.0198052661	-0.0488293318	0.0632709137	-0.0308975315	-0.0267605239	0.0635805993	0.0754905575	0.0050382861	0.0243891843	-0.040823003	-0.0274850263	0.0335860679	0.0242637902	-0.0654139876	0.0010253339	-0.0382113769	-0.1954623599	-0.0355365084	0.0275215098	-0.1180246664	0.0750601192	-0.012410882	0.179278363	0.0107077697	0.0003209808	-0.0197672544	-0.0795123768	-0.0186552715	-0.0257666769	0.0392159566	-0.0429688453	0.0067395958	0.1104888221	-0.0941209313	0.1453324468	-0.0246672559	-0.1060680539	-0.1522002649	0.0034598912	-0.0947980571	-0.0489079178	-0.020790875	-0.0305633599	0.141827112	-0.0282428548	0.0011306184	0.0276328241	0.0487584191	-0.0004454286	0.036548508	0.1018840394	0.1088481851	-0.037889229	-0.0428531832	0.0002103614	0.0291863638	0.0395350747	-0.0453748246	0.0148672434	-0.0955793015	-0.0432872582	0.0827080574	0.0678800746	-0.0381375035769906	0.0185809166887338	0.0003452504649936	0.0014544691790849	0.3302794678759113	0.1679979661669647	0.0282233166362366	0.1090845269003951	0.0937754033875535	-0.0001707015019363	2.9139002763311123e-08	0.0087938262804983	0.0016109214537582	0.0001449579891031	2.1012818604843443e-08	2.5950679301784324e-06	0.0001220151417062	-0.000852297643692	7.264112734429354e-07	1.4887694805584069e-08	0.0012604006579992	0.0001526144977581	2.3291184925987574e-08	1.588609818684816e-06	0.0	0.0	0.0	0.0	0.0	0.0	0.0	0.0	0.0	0.0
282.29151790685984	1.293386598201323	79688.50108215897	1.6728488924067908	419.331381669478	0.7133032022823045	0.5088014583861902	175838.80765283343	263.2482594071214	1.5747573200817442	69299.64608087907	2.479860617151037	278.19545156162627	279.59662832435987	1.367983	35.549591	0.5936292955914896	0.4333517079503698	-0.0074967205	0.0063932858	0.0902881918	0.0432394001	-0.1360368787	-0.0241302218	-0.0401569411	-0.0328191697	0.0310632108	0.1629458576	0.0311390851	0.0408000808	-0.0041259335	-0.132064989	0.0265328019	0.0523628778	-0.0801444101	-0.0550267744	-0.074211832	0.0379408295	-0.0233977323	-0.0398318927	0.0337559994	0.0926933925	-0.0382840425	-0.053119122	-0.0499029395	-0.0614229019	-0.0434089158	0.0568502301	-0.0103218064	0.0584549849	0.0271275388	-0.0437336045	-0.183144273	0.024163056	0.0118227733	0.1141379231	0.0577613487	0.0125790103	0.0087533098	-0.0625778782	-0.0027994777	-0.1298743006	-0.0487080601	0.0082962234	0.0176107761	0.0149068718	0.0495487644	0.0101789533	-0.1295175684	0.0270685771	0.1186321699	-0.0941079698	-0.0849843837	0.0457109878	0.0242799519	0.0259537523	-0.0856622138	0.1240270787	-0.0537265521	0.0884004405	0.0273640875	-0.0502060617	-0.0861423021	0.0176789683	-0.1340890387	-0.0548452198	0.0320538092	0.0449552153	0.0673814286	0.0424474768	0.0895407578	0.0075665726	-0.0070407465	-0.0104395708	0.0423296856	0.0828401988	-0.0039923809	-0.0963575201	-0.0994177769	0.0226442875	-0.0178742026	0.1311356621	0.0407784209	0.0107515186	-0.0556845244	0.0060843387	0.0066710226	-0.0229310251	-0.0225036991	-0.0689407841	-0.0685062179	0.0154148092	0.1385806618	0.0605556872	-0.0208073882	-0.0836498063	-0.0038184641	0.0103245519	0.0844815247	0.0437874617	0.0581445806	0.054275742	-0.0739269892	-0.0171621113	-0.0508302674	0.0503481705	-0.1362395319	0.0904392797	-0.0214704068	0.1074114442	0.1153264241	-0.0840841493	-0.1409686258	-0.0367142659	-0.0494462197	-0.0370770816	0.058036064	-0.0416303051	0.0300007733	-0.0482775694	-0.1340708312	-0.0810093299	0.0968561767	0.1071958137	-0.0175001953	0.0809210684	-0.0186640303	0.0415676885	0.0212895637	-0.0022512786	0.0425835836	0.0006667756	-0.0317783439	0.0304422453	0.1157922547	-0.0646289504	0.0133121339	-0.0964557418	-0.0389927688	0.0860742027	0.0619093949	0.0158260827625298	0.0539635863395204	0.0029120686506228	0.0002504648956064	-0.0924563902127459	-0.4227358580886572	0.1787056057139533	0.0085481840911715	0.0618510777090364	-0.031924325678517	0.001019162570028	0.0038255558137692	0.001746877047939	0.0001359555941807	1.8483923589054363e-08	3.051579420616075e-06	-0.0010885907330884	-0.0012106058747946	1.4655665840871988e-06	1.1850297841659402e-06	0.0016139496987197	0.0003535490407205	1.2499692419438594e-07	2.604833629997411e-06	0.0	0.0	0.0	0.0	1.0	0.0	0.0	0.0	0.0	0.0
282.17362550571823	-0.1178924011416029	79621.95493104131	0.0138986182469326	418.2343215595592	-1.0970601099188002	1.20354088477505	174919.94773038477	263.2474020176058	-0.0008573895156018	69299.19466901897	7.351167814640277e-07	278.2262463594195	277.6792988908676	1.02021	26.512051	0.1986218046640159	0.1392004777768519	0.0050760781	0.1153665641	0.0267438164	0.1016006285	-0.0284277071	0.0523238136	0.0073143763	-0.0617273654	0.0667172655	0.0463622087	0.0246183707	-0.0953505237	0.0103158982	-0.0349808619	0.0573710142	0.0261327402	0.0632183307	-0.0248339548	-0.0965297509	-0.004421926	-0.0932316574	0.0191277093	-0.0128728399	0.0066456167	0.0240056219	-0.0470876671	0.0209544316	0.0292502714	0.0010551681	-0.0112467261	0.0367361243	-0.0769004706	0.0529986971	0.0083950942	-0.0221509181	0.0642811844	0.0171754261	0.0719424805	-0.0294234038	-0.0321160382	-0.0694211856	-0.0849269014	0.0868579978	0.1472151341	-0.0186042009	-0.0853131697	-0.0355031667	-0.0068019721	0.0218970307	-0.0554405559	-0.0585569797	0.0740365883	0.0283348849	-0.0297366067	0.0289741287	-0.031216302	-0.0808800493	-0.0751812039	0.0638593205	0.0333105728	0.0393948882	0.0726196049	0.1626069125	-0.0327172074	-0.0794064166	-0.0460754905	-0.0408036427	0.0676485164	-0.0509564604	-0.0213182198	0.0709742811	0.0780537957	0.0301965268	0.005946449	-0.0329640988	-0.0516857744	0.0922110411	-0.0070508815	0.0198167344	-0.0020369016	0.0051085354	-0.0097465935	0.086224283	-0.0215146824	0.0917976081	0.0108241381	0.017554937	0.0743284591	0.0234373388	0.0830742933	0.0137432577	-0.0015700222	-0.024604751	-0.0567727332	0.0044235658	-0.0223016547	0.0104250946	0.066026035	-0.0816519532	-0.0743970116	0.0061156173	0.0784195229	0.038557027	-0.1224558282	0.0631191855	0.0482772818	0.0808115866	-0.0211364823	0.043235147	0.0247415091	0.0692433563	0.1261172825	0.0737046418	0.0160354812	-0.0524472292	0.0602906233	0.0311916346	0.0481219071	-0.027665735	0.055741595	0.0675652195	-0.0752573384	0.0499460779	-0.0323279005	0.0724820986	-0.0248600433	-0.0201229579	0.0255382446	0.0266524707	-0.0677940831	0.0284757161	0.0681901807	0.1151393277	0.0985222533	-0.0113871313	0.0314599624	0.0087702988	0.0398691177	0.0117537397	-0.097236992	-0.0346117057	0.0891006524	0.0555570233	0.0037132360423299	-0.0121128467201999	0.000146721055667	1.3788121906057818e-05	0.0438373352383507	0.1362937254510966	0.0185759795973389	0.0019217119607995	0.0674860559261958	0.0056349782171594	3.175297950786093e-05	0.0045543677444736	0.0013940527043903	-0.0003528243435486	1.244850174005711e-07	1.9433829426179093e-06	-0.0006468092937477	0.0004417814393407	1.9517084014594065e-07	4.183622624783985e-07	0.0017109490013415	9.699930262179996e-05	9.40886470911553e-09	2.9273464851914763e-06	0.0	0.0	0.0	0.0	0.0	0.0	0.0	0.0	0.0	0.0
282.1970464069421	0.0234209012238579	79635.17300080183	0.0005485386141377	420.68486965526233	2.450548095703141	6.00518596935429	176975.75955686506	262.3452797750687	-0.9021222425370752	68825.04582025908	0.8138245404801215	276.9526761019308	284.1454860660577	1.038413	26.985113	0.2686574376506232	0.1773097944570821	-0.0509409154	-0.0192040877	-0.0278173223	0.0359452068	0.1677633438	-0.0652526892	0.0272721785	-0.0098431915	-0.0734395711	-0.0252450389	-0.0675645727	-0.0963067734	-0.0785627885	0.0893960878	-0.0591760757	-0.05721752	-0.001835422	0.0433276538	-0.0813735225	0.07210463	0.0248507776	-0.0670809424	0.0228839934	-0.0777162783	0.0088348397	-0.040851491	0.0027000279	0.0939060681	-0.0733209954	0.0544403405	-0.0409152403	-0.021054298	0.0755690508	0.0900541447	-0.0469799845	-0.0054721281	-0.0654096097	0.0505312327	-0.0589526912	-0.0169656569	0.0074462241	0.044098333	0.083329305	-0.0351070096	-0.2214229479	0.0534389411	0.0259136205	-0.0548614351	0.0415321475	-0.0632446363	0.0742862166	0.0549945113	0.027854396	0.0545312754	0.0193817539	0.0138042652	-0.0351449202	-0.0251266527	0.0596212586	-0.0938517173	-0.012052252	-0.0157291702	0.0021073632	0.0634532609	0.1008197127	-0.0546526366	0.0898685794	-0.0211368621	-0.066358242	0.0018982088	-0.064671417	-0.0430028403	0.0387401006	0.0278997628	0.1166697954	-0.0261038832	0.0443536205	0.014296599	0.0598199512	0.0580152212	-0.0511520076	-0.0419799453	0.0223001192	0.0193669169	0.0353815284	-0.0352431545	0.0566945358	0.1073833843	0.0125861251	-0.0148174875	-0.0353009039	-0.0203056329	-0.0385595225	-0.0370611145	0.0152734124	-0.0233524421	-0.0781449538	-0.0421319901	0.0216768008	0.0240645736	0.1739747705	0.0154631846	-0.1044997077	-0.0041585322	0.1024769806	-0.0719306616	-0.0126124065	-0.0965471495	0.13678115	-0.0770925537	0.0750661108	0.0316552058	-0.1129428574	0.0120112068	0.0760921603	0.0498505517	0.0169930007	-0.0706541515	0.0356745124	0.0821815547	-0.0238858165	0.014854581	-0.012834175	0.1376146875	0.0839736677	-0.0293940589	0.0676839964	-0.0492531487	0.0323761937	-0.0258276075	0.0618012735	-0.0288100634	0.060551029	-0.0453892534	-0.011348087	-0.0844759361	-0.0427602306	-0.0628310675	0.0101924456	-0.0979222811	-0.030153796	0.0917754626	0.0488621241	-0.0200551742348409	-0.0237684102771707	0.0005649373271039	0.0004022100135898	0.2115015062416603	0.1676641710033096	0.028111274238227	0.044732887142491	0.1191038130025887	0.0516177570763928	0.0026643928455975	0.0141857182717556	0.0011178646314485	-0.0002761880729418	7.627985163530509e-08	1.2496213342434906e-06	-0.0004350579184151	0.0002117513753326	4.483864495524764e-08	1.8927539237567986e-07	0.0016867464637409	-2.4202537600599965e-05	5.85762826308455e-10	2.845113632942432e-06	0.0	0.0	0.0	0.0	0.0	0.0	0.0	0.0	0.0	0.0
282.0066659399611	-0.1903804669809687	79527.75963457282	0.0362447222078917	417.607760328813	-3.077109326449317	9.468601806921372	174396.24148684734	262.79869851030014	0.4534187352314234	69063.15593870763	0.2055885494588636	277.3756907889002	280.80982995841146	1.084797	28.190466	0.2266381526232338	0.1571705078497761	-0.0443600793	-0.0094938925	0.0886581783	-0.0290776779	-0.0481627456	-0.0477904427	-0.0278041917	0.0325391331	0.0520102274	0.0330162228	0.0662679803	0.0521752658	0.0148278076	-0.0054164826	0.0663438254	0.0455694182	0.0005898623	0.0070490665	0.0447865684	0.0558352998	0.0028848245	-0.036915662	0.0173172945	0.0083013951	0.0815084853	-0.0259143116	0.0700945489	0.0400507359	0.028625941	0.0967040389	-0.12291505	-0.0656929512	0.0296990451	0.0276212829	-0.0585360182	0.0568099147	0.1069949217	0.0439005361	-0.0292867855	-0.0287282933	0.0435527749	-0.0654227925	-0.0697102061	0.0404442841	-0.0230103287	-0.0842145096	0.0095551891	-0.0134659165	-0.0532252561	0.0758493816	-0.1681129192	0.0166541153	0.089080006	-0.0179419885	0.0126670688	0.0319026669	0.0268808867	-0.0122654388	0.0317234946	-0.0396922	-0.0316743835	-0.0407789494	-0.0785827998	-0.0296387247	-0.0909531185	-0.0164332287	0.001177099	-0.0311471908	0.0767666183	0.0442571774	0.0736716433	0.0197600589	-0.065953438	0.0439975688	-0.0270305693	-0.056466367	0.0661756756	-0.0512950113	0.0126246471	0.0363072808	-0.0058246124	0.02558956	-0.0703423114	0.0766901364	0.0529252364	-0.0786261996	0.020455062	0.0022889952	0.0593310395	0.0014710379	-0.0605322015	-0.051256917	0.012134101	-0.0842201912	0.0986078623	0.0680858774	0.03322351	-0.081158696	-0.0975579221	-0.0421232901	0.0389386034	0.0340617652	0.0442705361	-0.0339512768	-0.0561139833	0.1326058761	-0.0502160307	0.0646043634	-0.0326015364	-0.0349475453	-0.106681652	0.0443018718	0.0499428163	0.0313441904	-0.013235743	-0.0178584203	-0.1003258555	0.0123552697	-0.0281967558	0.0486142275	-0.0605863914	0.0084968552	-0.0263818601	-0.123505534	0.1466056717	-0.0279996936	0.0373983322	0.0797254934	0.0915186285	0.0353715208	-0.0268872971	0.0249692562	0.0949194059	-0.0124014633	-0.0998524352	-0.0324933249	-0.0443062322	-0.0867524149	0.0086286366	-0.0985109326	-0.0256289373	0.0940880769	0.0418659738	0.0011081674537649	0.0211633416886058	0.0004478870314286	1.2280351055837818e-06	0.0618040968251136	-0.1496974094165467	0.0224093143860252	0.003819746384368	0.0757142608387724	-0.0433895521638162	0.0018826532369765	0.0057326492943616	0.0013203760281697	0.0002025113967212	4.101086580197125e-08	1.743392855765192e-06	-0.0004348564707912	2.014476239000436e-07	4.0581145174973424e-14	1.8910015018897777e-07	0.0017317906064811	4.504414274019981e-05	2.0289747951994955e-09	2.999098704696176e-06	0.0	0.0	0.0	0.0	0.0	0.0	0.0	0.0	0.0	0.0
282.0283735531992	0.0217076132380498	79540.00348906286	0.0004712204724927	419.9748533907804	2.367093061967409	5.603129564014247	176378.8774806075	263.3022671224015	0.5035686121013327	69328.08387179647	0.2535813470936625	278.4052906173879	278.278166101334	1.103827	28.685003	0.046352743264138	0.0279330432027377	0.0415217836	0.1182656977	-0.0449227661	0.0260126842	0.0168367943	0.1418608663	-0.0547437222	-0.0151156066	0.027392413	-0.0107568256	0.0202508993	-0.049855254	-0.0908392803	-0.0094968971	0.0120752757	0.0439361813	0.0426663416	0.081331399	-0.046578608	0.0348918109	0.0168276867	0.0964183505	-0.0654999981	-0.1157795625	0.0331472635	-0.1055333806	-0.0144709802	-0.0517936399	0.0232670002	0.0134145645	0.0337983595	-0.0335652232	0.0993997704	-0.057097867	-0.00697037	0.0101082625	0.0352080065	0.069729239	-0.0906545173	0.0207862505	0.0704130698	0.0452640232	-0.0206936957	0.0454467206	-0.0437565117	-0.0151702813	0.1202790107	-0.0502545372	0.0879806206	0.1104887114	-0.049797946	0.049649511	0.1261744856	-0.0311065987	-0.0293641355	-0.0573489583	-0.0356304479	0.0030736823	-0.0113140292	0.0563056782	-0.1563451849	-0.0462682445	0.0623357238	-0.1386386403	-0.0795408837	-0.0945202979	-0.0198791354	0.0836839498	-0.0616305451	-0.0320319646	0.053308693	-0.0580125374	-0.0022970057	-0.005665611	-0.0213852481	0.0621060419	0.131176327	-0.0849275533	0.0403485993	0.0243825228	-0.082657499	-0.082939746	0.0903155994	-0.0894007561	-0.0373962935	0.058584969	0.0307530215	-0.0055216384	-0.0611238821	0.0392771024	-0.057416696	-0.0579111324	0.0001866602	-0.0066430309	0.1073971941	-0.0821501546	0.0424207162	-0.060204155	0.0901722826	-0.095429444	-0.0030350793	0.1678634019	0.0351332441	-0.0411451241	-0.1131167478	0.0220490454	0.0439063542	0.1070901033	0.0051233085	0.0229395068	-0.0680405264	0.0389865039	0.0333366936	-0.0480712064	-0.022013255	0.0830494511	0.0536493451	0.0461367274	-0.0133117814	0.1206706886	-0.031474712	-0.0691753429	0.1198464345	0.0427627436	0.0634350115	-0.0737003037	-7.65831e-05	-0.0287418952	-0.0203622777	0.0425343187	-0.0036556923	0.0875809481	0.1307149025	0.0388102314	0.0149868785	0.0062707884	0.028479748	-0.0780938937	0.0070626986	-0.0990023658	-0.021047176	0.0960293686	0.0346117057	0.0021111101358712	0.0010029426821063	1.005894023590579e-06	4.456786005778116e-06	0.0616281842611243	-0.0001759125639893	3.0945230169289564e-08	0.003798033095323	0.0944117176390548	0.0186974568002823	0.0003495948907984	0.0089135724275566	0.0010159264621525	-0.0003044495660171	9.26895382480614e-08	1.032106576501695e-06	-0.0004350069572738	-1.5048648260000298e-07	2.2646181445320993e-14	1.892310528766097e-07	0.0019567191783365	0.0002249285718554	5.059286243690992e-08	3.828749942869868e-06	0.0	0.0	0.0	0.0	0.0	0.0	0.0	0.0	0.0	0.0
281.7390874750395	-0.2892860781596482	79376.91341126797	0.0836864350169901	419.5330732345581	-0.4417801562223076	0.1951697064318065	176007.9995376331	262.23373170461275	-1.0685354177887234	68766.53004372682	1.1417679390689215	276.66863555593915	280.8416098831581	1.233431	32.052998	0.4073295010936336	0.2392519474315931	-0.013194437	-0.1307570812	0.0385238035	-0.0132532011	0.0501337569	-0.1196756172	0.0675855462	0.0974928601	-0.0075960381	-0.0322844011	-0.0740935054	0.0257166888	-0.1015629729	0.0813609532	-0.0157527427	0.0210232076	-0.1061769301	0.0554593617	0.0143095047	-0.059232488	0.0046341742	0.0025892816	0.008769752	-0.0235616083	0.0450743699	0.0397223124	0.0602511935	0.0472221554	-0.0311023168	0.0320726115	-0.0346019627	0.1521293371	-0.0677216277	-0.054417586	-0.1339511075	-0.1050464302	-0.0998286347	0.0854258891	0.01762469	0.0989826685	0.0009898836	-0.0775203486	0.0244467591	-0.0885942281	0.0262410931	0.032085054	0.0312649188	0.0337912285	0.1353691935	-0.0848514343	0.0494386782	-0.0895983132	-0.0241881847	0.1303932501	0.0780547013	0.0216357803	0.0284522052	-0.0394831875	0.0190712185	-0.1124417327	0.0502205854	-0.0961153579	-0.0959723431	-0.0039353911	-0.0489307324	-0.0047285629	0.0920686212	-0.0624093381	0.0593597124	-0.0126428688	-0.0104084296	-0.0528599671	0.072591974	-0.0352519207	0.0277874066	-0.0578177952	-0.094867322	0.0197444545	0.0228895338	0.0057803335	-0.0542649517	-0.0904203605	-0.1022763549	-0.0136060094	-0.0264959533	0.0574830267	-0.0968664162	0.0162979553	0.0742917765	-0.1219862531	0.0702181277	0.0123838782	-0.0565964532	0.1492193308	0.0937762601	0.0107912287	-0.0719540192	0.0405983967	0.0325173203	0.0877798198	0.0723005542	0.0583673318	0.0617318446	-0.0110079108	0.0245645965	-0.084347575	-0.0159364097	-0.0176278221	-0.0199772682	0.0417497879	-0.1244685113	-0.1204235646	-0.0405009716	0.0770929928	0.0942232893	-0.0849575697	-0.007180891	0.0054784002	0.0383291887	-0.0623026768	0.0338961724	0.0314427908	-0.1134830125	0.0383409675	0.063789929	0.0109972132	0.0217903207	0.0432700697	-0.04833368	0.1213729016	-0.0225832842	0.0869818177	0.0086398354	-0.0400463531	0.0908025085	0.1851188539	0.0413571602	-0.0178438829	0.005495018	-0.0993960955	-0.0164186847	0.0975916762	0.027144045	0.0451617741834127	0.0430506640475415	0.0018533596749342	0.0020395858473935	0.2737246554028871	0.2120964711417628	0.0449849130707886	0.0749251869754292	0.0583374736239505	-0.0360742440151043	0.0013013510812612	0.0034032608288251	0.0018059291405075	0.0007900026783549	6.241042318080734e-07	3.261380060534157e-06	-0.0018951725916394	-0.0014601656343656	2.132083679782296e-06	3.591679152101201e-06	0.0020287133034004	7.199412506389991e-05	5.183154043716462e-09	4.115677667393763e-06	0.0	0.0	0.0	0.0	0.0	0.0	0.0	0.0	0.0	0.0
281.97006108744245	0.23097361240292	79507.11534965603	0.0533488096264543	417.93582817771215	-1.5972450568459635	2.551191771618865	174670.35647459014	263.061672143396	0.8279404387832301	69201.44335087956	0.6854853701725676	277.93264297893927	276.04522119646845	1.10178	28.631815	0.3420793980752099	0.273722323951078	0.0177904394	0.0517033524	0.0701711861	0.0535094064	-0.0846640686	0.0338643574	-0.0436487768	-0.0562199471	0.0655120343	0.0390241156	0.0928571158	0.033514354	-0.0063750673	-0.0577208652	0.0742050668	0.1205306596	-0.069910549	-0.0193497778	-0.0340400745	-0.0381572643	-0.0826533468	-0.0036587526	0.1259502504	0.0240494489	0.0025294866	-0.0931237966	0.1730288938	0.0935502156	-0.0139851779	-0.0024953039	0.0842096368	-0.0229577918	-0.1336268019	-0.0312209923	0.0383568944	0.1010646529	-0.0122279282	-0.180057704	0.0426667904	0.0676804538	0.0748862578	0.0503480782	-0.0208034003	-0.0858732607	-0.1137659858	-0.1869343251	-0.0449520635	0.0162320532	-0.0075869516	0.0262350243	-0.1115742516	-0.0105017838	-0.0765683884	-0.1070034909	0.0309136495	-0.0209462398	-0.1291628892	-0.0805750478	0.0233108989	0.0116034946	0.0787359849	-0.0316082633	-0.0569164172	-0.018269043	-0.1580080848	0.0551127704	-0.0611437849	-0.0030355706	0.0610372785	0.0013955534	0.1446022279	0.0201611059	0.0588209802	-0.0116455075	-0.0839073443	0.0179911187	0.0336815379	0.0606378064	-0.0110319266	0.1093141615	0.0386802049	-0.1054378592	0.0020415104	0.0892090459	0.0263173942	-0.0874120171	-0.0538446142	-0.0823778908	0.1433452088	0.0104697983	0.0725971645	0.0821249136	0.1923815761	0.0401960409	-0.1354489091	-0.0672174308	-0.1690952572	-0.0037691353	-0.0168105448	-0.0323207616	0.0101140807	0.0207514953	0.0305839682	-0.0830516284	-0.165067567	0.1100223732	-0.1220130285	-0.0457045887	0.0300272953	0.0301958171	0.0133373215	0.0350317132	0.1373980738	0.1205757637	-0.0731809668	-0.0619875812	0.026845245	0.1136126189	-0.0127295651	0.0119013162	-0.0056814629	-0.0982822017	0.0172532545	-0.0631660786	0.1046917619	-0.0822815466	-0.0360802848	-0.0209423827	-0.0518165495	0.1098605736	0.0912574766	-0.0621927378	-0.1284326755	-0.0683697432	0.0024596708	0.0098382094	0.025163924	-0.015698086	0.0039259816	-0.0996917334	-0.0117537397	0.0987688341	0.0195090322	0.0758970781394197	0.030735303956007	0.0009446589092681	0.0057603664701011	0.0052500079991801	-0.268474647403707	0.0720786362985448	2.756258399145504e-05	0.0595654630632864	0.0012279894393358	1.5079580631204977e-06	0.0035480443899437	0.0014298755508829	-0.0003760535896245	1.41416302269547e-07	2.0445440910126767e-06	-0.0019467660222185	-5.159343057909989e-05	2.661882078920399e-09	3.789897945264441e-06	0.0024338954287199	0.0004051821253195	1.6417255467842706e-07	5.923846957943626e-06	0.0	0.0	0.0	0.0	0.0	0.0	0.0	0.0	0.0	0.0
281.4892525116707	-0.4808085757717322	79236.19927957912	0.2311768865356415	420.78316767605867	2.847339498346514	8.10734221884418	177058.4741994981	262.0817566272165	-0.9799155161794602	68686.84715680755	0.960234418849258	277.203696176599	278.8870586007481	1.002169	26.04324	0.2548091835085797	0.1884927806318345	0.0354741449	0.0122576156	-0.0226674883	0.0321184091	0.0778339343	0.0917014122	0.0292913327	0.0007619638	-0.0413844532	-0.0285920079	0.0084643041	-0.0237303905	-0.1385023817	0.0707361802	0.013670986	0.0323621449	-0.0122204295	-0.0290231128	-0.0383668213	0.0352112553	-0.0062065083	0.0685862909	0.0161124486	-0.1164687633	-0.0299287705	0.0409224095	-0.0271705966	0.1332394534	-0.073064943	0.0509262987	-0.1428462085	0.0709357347	0.0223454422	0.1036937566	-0.0039047498	-0.0376987128	-0.0111907764	0.0398227695	0.0166037383	0.0672324678	0.0278132736	-0.0095005195	-0.0437099541	-0.1020078613	-0.0676632535	0.0472946104	-0.097013549	-0.0997339001	-0.017155557	-0.0066076847	-0.0695945754	0.00461478	0.0950120735	0.1212256348	-0.005925187	-0.0131131607	0.0324298799	-0.073115749	-0.0409172591	0.0117079386	0.0576765527	0.0289157977	-0.1653729453	-0.0772149261	0.0646075331	0.0717562261	0.0632599839	0.0364997757	-0.017954544	-0.0491475327	0.039589104	-0.021361921	0.0321497555	-0.0446152169	0.0616935729	0.1345381503	0.0473536871	0.0260882234	0.0144014052	0.0867498156	-0.0057662521	-0.0167317257	-0.1448390627	0.0475636712	0.0021503522	-0.0790134139	0.0810818741	0.1308317416	0.0392207686	-0.1079027216	-0.0079915265	-0.0084895895	-0.0731013599	0.0245099544	-0.0064117515	0.083288006	-0.0313875229	-0.0626997286	-0.0429348376	-0.0146617528	0.1226960301	0.0037893581	-0.0593982061	0.0007539994	-0.0650205324	-0.0403076879	0.014920612	0.0052636755	-0.1241416888	-0.0298176869	-0.058882252	0.0056731264	0.0500021208	0.0034745218	0.0496207628	-0.0087401908	0.0644886582	0.0507539288	0.0031561194	0.008005802	0.0041011521	-0.0198710961	0.0508375278	0.1079100028	0.0875694016	-0.0027596738	0.0573845328	0.0372469963	0.0334538436	0.0676394691	0.0566780859	-0.1175723087	-0.0154121071	0.0836236244	-0.1507948969	0.1295112914	0.0296266632	-0.0340233096	0.0023559765	-0.0998889875	-0.0070626986	0.0995561965	0.0117537397	0.0500951087150838	-0.0258019694243359	0.0006657416261743	0.002509519917176	0.1900593136252837	0.1848093056261036	0.0341544794460025	0.0361225426957139	0.0891596419124667	0.0295941788491802	0.0008758154217572	0.0079494417459592	0.0012107850747865	-0.0002190904760964	4.8000636716147256e-08	1.4660004973257505e-06	-0.0018740356931985	7.273032902000006e-05	5.2897007593574644e-09	3.5120097793819822e-06	0.0024336416416571	-2.5378706279988866e-07	6.440787324459464e-14	5.9226116400074655e-06	0.0	0.0	0.0	0.0	0.0	0.0	0.0	0.0	0.0	0.0
282.17112310164134	0.6818705899706288	79620.54271244163	0.4649475014668933	419.290556307706	-1.492611368352641	2.227888696935543	175804.5706088256	262.5265223043543	0.4447656771377524	68920.17491321862	0.1978165075598034	276.95541026426105	278.3302285951174	0.96604	25.104343	0.1515335735494448	0.0807689263230262	0.0043255473	-0.0239923158	0.0628329399	-0.0250923526	0.0841177283	-0.1281033501	0.010017351	0.0210356145	0.0046520218	-0.0341591821	-0.0222806313	-0.0821285205	0.0190144672	0.0205745838	0.0324024004	0.0254645406	-0.0046921767	-0.0754521088	0.0515138934	0.0451874707	0.0416073818	-0.0427330849	0.0088025174	-0.0818924914	0.0191407043	0.0348867254	0.1956204982	0.1032044643	0.0288973541	-0.0786325743	0.0781613371	-0.0672770893	-0.0950861851	-0.0379771663	-0.049936097	-0.0559523139	0.0243583676	0.0171307716	-0.0063663652	-0.0327595469	-0.0232226541	-0.1383117968	0.0638110535	0.0938182994	-0.0187766782	-0.0397797931	0.0309311399	0.1253588068	-0.0045029572	0.0362372657	0.0449719503	-0.0114455188	0.0724238336	-0.05040798	0.0139421778	-0.1059373216	-0.0516892009	0.1321715386	-0.0543114108	-0.0917009811	0.0122935664	-0.0223587482	-0.023235642	-0.0032500422	0.006161443	-0.1023837333	0.0291343617	-0.0467343551	0.0429660415	0.0718721567	0.0327495724	0.0579094731	-0.0594172779	0.0222584979	0.0486327726	-0.020465698	-0.0661825884	-0.0259119141	-0.0336978012	0.204283585	0.0067451574	-0.0562712069	-0.0225446513	-0.0761525264	0.0717753081	0.0469208689	-0.0366914358	-0.0340667266	0.0496341151	0.0996236194	0.06767204	-0.0217042762	0.0002622233	-0.0284940829	-0.0885267795	-0.0667229748	0.0277741782	0.1108159938	-0.1679078729	0.0871155475	-0.0357008033	0.0367785821	0.0361497874	-0.0258243782	0.0141843706	0.0695791774	0.0148216738	-0.0636296665	0.0405037977	0.0323699951	-0.0122560702	-0.0150801168	-0.0111534127	0.0441230377	0.0226770737	-0.0094930016	-0.0257172223	0.0902415302	-0.0221493372	0.0372861996	-0.079922603	0.0648240457	-0.0346079773	0.0173546721	0.1531827984	-0.0587870537	0.0051101602	-0.0195560658	-0.0033579473	0.0342288922	-0.1016477449	0.0491593103	-0.009454093	0.0008673281	0.0170703417	0.0765395808	-0.0861221716	0.0347813093	0.0007853901	-0.0999876632	-0.0023559765	0.099950656	0.0039259816	0.0400134706417816	-0.0100816380733021	0.000101639426241	0.0016010778328007	0.1191608566738153	-0.0708984569514683	0.0050265911980992	0.0141993097632375	0.0945752004955409	0.0054155585830742	2.9328274766708647e-05	0.0089444685487717	0.0019216612619212	0.0007108761871347	5.053449534351692e-07	3.692782005568579e-06	-0.0014868635026059	0.0003871721905925	1.4990230516827253e-07	2.210763075381485e-06	0.0022289316205524	-0.0002047100211047	4.1906192740686855e-08	4.968136169098348e-06	0.0	0.0	0.0	0.0	0.0	0.0	0.0	0.0	0.0	0.0
281.9424406697485	-0.2286824318928211	79491.53985081466	0.0522956546564147	417.4154359782826	-1.8751203294234529	3.5160762498171185	174235.64619293972	262.1729121726204	-0.3536101317338875	68734.63587707252	0.1250401252648573	277.0039656665617	277.85078126488	0.976946	25.387764	0.2326369793599123	0.1774884426024409	0.0105562486	0.0781782007	0.0185801431	-0.0858566178	0.013118663	0.053867829	-0.1118712406	-0.0292702589	0.0616200764	-0.1525081096	0.0503197392	0.030803165	0.0203296436	0.1127399669	-0.0778538804	-0.0741003013	-0.0017038073	-0.0004585977	0.0345558287	-0.0396289783	0.0627234093	0.0494429609	0.0091200525	-0.0210672339	0.1206776816	-0.0703001525	0.0546079512	0.0534468007	0.0180954681	0.0301352059	-0.071139159	0.0289577741	0.0679507587	0.1010176468	0.0268999203	-0.1056600528	0.0250132511	0.053312748	-0.0102166719	0.0040566922	0.0165925144	-0.0839575419	0.0897601443	0.1063093078	0.1259049087	-0.1297617202	0.0589806156	0.1355960716	-0.0340620249	0.120502685	0.0221040047	-0.0985080035	-0.1894605019	0.101805423	0.1241974519	-0.0469429492	-0.0174718131	0.0434653405	0.011718209	0.1224059863	0.1142358185	-0.0033687374	0.1267161268	0.0063927231	-0.0418286457	0.019593972	0.1064521468	0.0103695951	-0.052335596	0.0260773265	-0.0809598286	-0.0218624473	-0.0430078196	-0.0673391961	-0.0968341552	0.0391662946	0.0274402145	-0.1100161052	0.0511014546	0.0260861396	0.0271976177	-0.1388669668	-0.0284182762	0.0089413608	0.0091676879	-0.0070632902	0.054903832	0.0575732803	0.1033216811	-0.079112371	-0.0341831377	-0.058439476	-0.0577529522	0.0035865248	-0.0043688625	0.0127265863	0.0429434116	0.0240778071	-0.1274896938	0.169876767	-0.1665590329	0.0180771375	0.0429697877	-7.07352e-05	0.1063319965	0.0395493507	0.0377567475	0.087762827	0.1091093042	0.0102213143	-0.0127023734	-0.1745471163	-0.0311454461	0.0920382328	0.1008570632	0.0175621131	0.0552140037	-0.0049993034	-0.0561968954	-0.0946378615	-0.1042091408	-0.0834195391	0.0964989308	-0.0528378865	0.1248328571	-0.023870859	0.0421625795	-0.0674342624	-0.0318396065	0.0878827499	0.0131847309	-0.0752405077	-0.0633337499	-0.0597911816	0.0602757152	0.1711403844	-0.0555734336	-0.015589448	-0.0007853901	-0.0999876632	0.0023559765	0.099950656	-0.0039259816	0.0357837888682865	-0.0042296817734951	1.789020790503666e-05	0.0012804795457701	0.2954603101627953	0.1762994534889799	0.031081497300513	0.0872967948814952	0.0947379315696181	0.0001627310740772	2.6481402470319805e-08	0.0089752756780896	0.001452169832317	-0.0004694914296042	2.204222024717956e-07	2.108797221891584e-06	-0.001742111157313	-0.0002552476547071	6.515136523347498e-08	3.0349512844344403e-06	0.0019147684443965	-0.0003141631761558	9.869850125236299e-08	3.666338195656592e-06	0.0	0.0	0.0	0.0	0.0	0.0	0.0	0.0	0.0	0.0
281.5780570447758	-0.3643836249727314	79286.20220911101	0.1327754261482682	417.5161300451105	0.1006940668279412	0.0101392950943498	174319.71884784562	262.7329121716286	0.5599999990081983	69028.5831381847	0.3135999988891821	277.09923612265254	280.70866554566874	1.14058	29.640091	0.1917208983911514	0.1140377911662413	0.0094169709	-0.1235841787	-0.0395725199	0.0279031181	-0.0423696101	0.0195365294	0.0828959095	0.0570205499	0.0954377646	-0.0255304545	-0.0894157324	0.0760332863	-0.0761991839	0.0623031358	-0.0231964575	0.0468217491	-0.0080196463	0.0248014454	0.0648288854	0.0322347322	-0.0489287377	-0.1291446243	0.0376703605	-0.0255203508	0.0238704533	-0.0501732449	-0.0737073112	0.0919219674	0.0125293514	-0.0062631398	-0.0794210666	-0.089522342	-0.1174868163	0.1408720084	-0.0496699952	-0.0283945864	-0.1820179111	0.0536574272	-0.0764512768	0.0903006414	0.0674109878	-0.0520318526	0.0582279604	-0.0092289773	0.1967145923	-0.0245661539	0.0608358033	0.0475226909	-0.041023575	0.0577541055	0.0062856777	0.0120891268	0.0249384486	-0.0197996312	-0.0134583705	-0.1052208738	0.0211294402	0.0875708607	0.1223497025	0.1080124745	-0.0580192778	-0.0139413757	-0.034501023	-0.0340351818	0.0304450546	0.0998914355	0.0724841484	-0.0369981618	0.0470888643	-0.0780032799	-0.0109382597	-0.0038647819	0.0168079564	0.1301901188	-0.0135330608	0.0710539605	0.0191107447	-0.0184963332	0.0115817618	-0.0209047926	0.0129095149	-0.0920182238	-0.0470695049	-0.1310714045	0.0786073087	0.0619703124	0.0424477974	0.1012875713	0.2139552498	-0.0986036592	-0.148996431	-0.0265286136	0.0821805811	0.0308725895	-0.0659143438	0.0257977437	0.1500034707	-0.0405253711	-0.0283596928	0.1119060576	-0.0146869864	-0.0083685892	0.0630707765	-0.0536520774	-0.011911742	-0.0435915578	-0.0545708162	-0.0396707982	-0.0363125518	0.0403568998	-0.0192708667	-0.086868712	-0.0218301683	-0.0212716811	0.0667175045	-0.0509055655	-0.0560879879	0.0120257912	0.0595822514	0.0109217155	0.0911538364	-0.0464775342	0.0563169952	0.0417477195	0.0228989228	-0.0308264665	0.127239391	0.0129715034	0.013292369	0.1786389854	-0.1084202276	0.0432849444	0.0217571276	-0.0650752802	0.017134395	0.1192761777	0.0288124264	-0.0374364541	-0.0023559765	-0.0998889875	0.0070626986	0.0995561965	-0.0117537397	0.0466972206377676	0.010913431769481	0.0001191029929871	0.0021806304152923	0.1887933047222105	-0.1066670054405847	0.0113778500496617	0.0356429119079334	0.0642084009041425	-0.0305295306654756	0.0009320522426542	0.004122718746667	0.0017512286439985	0.0002990588116815	8.943617284435093e-08	3.066801763560825e-06	-0.0015210191867085	0.0002210919706045	4.888165946578112e-08	2.313499366335387e-06	0.0022668362724227	0.0003520678280261	1.2395175553108585e-07	5.13854668597124e-06	0.0	0.0	0.0	0.0	0.0	0.0	0.0	0.0	0.0	0.0
281.5568567116182	-0.0212003331575942	79274.2635613267	0.0004494541259929	419.5378381347657	2.021708089655192	4.087303599777246	176011.99762679287	262.9750017468976	0.2420895752690057	69155.8515437808	0.0586073624539276	277.7790335050531	276.8748789194346	1.12577	29.255249	0.0757786252927538	0.0434865566664159	0.0489409729	0.0207040181	0.0595710604	0.0339524984	0.0248115362	-0.0146607409	0.0659892444	0.0361736557	-0.0465755706	0.0750293964	0.0210399425	-0.0231056939	-0.0121592511	0.0276678991	-0.0070202046	0.0379000768	0.105671905	0.0043446229	0.0301417076	-0.0184553949	0.0059733487	0.0322867365	0.1167902776	0.0323149443	-0.0270189174	-0.0350277911	-0.0229437484	0.1116964812	-0.0865142207	-0.1877499461	0.0208201554	0.0755737434	0.0027466669	-0.0168322665	-0.0432217794	-0.0196352327	0.0893122894	0.0921256606	-0.0785041773	0.0442069059	-0.0393612501	0.0149718118	-0.0327560369	-0.0808746166	0.0880179893	0.0713583545	0.0415075891	0.100748642	0.1185146432	0.0547934915	0.1257338072	0.0533560205	0.1954354706	-0.0981375983	0.0150933099	-0.1171589734	0.0862505489	-0.0317128607	-0.1923361479	0.0344826892	-0.0202182453	0.0362553892	-0.091087346	-0.0289546485	-0.0316217873	-0.0596241786	0.0184439587	0.0144760887	-0.0465538181	-0.0450377	0.0278266957	-0.0044104135	-0.0850912145	-0.0180882791	0.0117495502	-0.0367222041	-0.0523024663	0.1631494283	0.054013997	-0.0964027697	-0.0173419763	-0.1531962369	-0.0430646732	-0.1170184711	0.0963220832	-0.0360200993	-0.0128968205	0.0157300643	0.0193111457	0.113005183	0.042065923	0.0040811314	-0.1549533576	0.0161708062	0.0553688764	0.0056286204	0.0446230316	0.0581450327	-0.1077701736	0.1165368019	-0.0155685056	0.0749545344	-0.013614993	0.0927180608	-0.0406703472	0.0712179286	-0.0754886949	0.0354641513	-0.1297650409	0.1409961343	-0.0755016031	0.0706772884	0.039216925	-0.1607291914	0.0107500018	0.0202531303	0.0427668744	0.0667440123	-0.0940381262	-0.004149247	0.0383788187	-0.0387761422	-0.1518695405	-0.0450412289	-0.0164706741	0.0062989687	0.0466600203	-0.0574102674	0.0307994936	0.1554027518	-0.0447985581	0.0311183525	-0.0043409543	-0.1078015091	0.0403504792	0.1122399429	-0.1040845484	0.0661229248	-0.0039259816	-0.0996917334	0.0117537397	0.0987688341	-0.0195090322	0.0465680800936212	-0.0001291405441464	1.6677280142428637e-08	0.0021685860836059	0.1774790797413032	-0.0113142249809073	0.0001280116869185	0.0314988237458198	0.0329932715256973	-0.0312151293784451	0.000974384302113	0.0010885559659683	0.0022390922636927	0.0004878636196941	2.380109114211269e-07	5.013534165328499e-06	-0.0014971339028793	2.388528382919991e-05	5.705067836014387e-10	2.2414099231506054e-06	0.002116182568161	-0.0001506537042616	2.269653860777173e-08	4.478228661788485e-06	0.0	0.0	0.0	0.0	0.0	0.0	0.0	0.0	0.0	0.0
281.34833524803446	-0.208521463583736	79156.88574684039	0.0434812007751033	417.7419592493231	-1.7958788854426189	3.225180971178623	174508.34451746312	262.1742829488402	-0.8007187980574031	68735.3546397385	0.6411505935624923	276.694407566855	277.14795755306693	1.062431	27.609262	0.1947270164469105	0.090960494756815	-0.0103271206	-0.0530431069	0.1651666807	0.0113168442	-0.0385466009	-0.0361728861	-0.0550434371	0.0026505928	0.0964104487	0.0059198065	0.005670049	0.0439788843	-0.1509817056	0.0535263425	-0.0502621489	0.0949708275	-0.03170621	-0.0869714027	-0.0035035897	0.0752922819	0.0713721979	0.0106613365	0.0943441019	-0.044292752	0.0111660705	-0.0057688595	-0.0529980137	0.036983234	-0.1015827565	-0.0798248725	0.0312613843	-0.001210464	-0.085267301	-0.1245332603	-0.0355400643	-0.0379818139	-0.0396492888	-0.0563919311	-0.0214250258	-0.0395170055	0.0067082959	-0.067780147	-0.1756272558	0.0045410193	-0.0430154716	0.0661221407	0.0764940659	-0.149569313	0.0125836696	0.0028384405	0.0008748174	0.0121572002	0.0801375822	-0.0151826681	0.1201684295	-0.0206869652	0.1763999635	-0.0247852513	-0.0472287444	0.1055314338	0.0601778371	-0.1181872324	0.1272288134	0.0502160989	-0.0051532361	0.0609986764	0.0531937497	-0.1132059191	0.0220243808	0.0361894589	0.0755916767	-0.001567815	-0.035868559	0.0158201577	-0.0153613634	0.1384242531	0.047572871	0.1036423294	0.0976348366	-0.0760790463	-0.0512258666	-0.0193510476	-0.0888815866	-0.0505951365	0.0236329281	-0.0098354567	-0.0261551703	-0.0876001423	0.026045685	0.0219890425	0.0766358763	0.0391881527	-0.0341164685	0.1118753164	-0.017671277	0.0482899513	0.0997220921	0.0033532306	-0.0153243023	-0.0361981156	0.0025199827	-0.0282979785	-0.1583855113	-0.0388572131	-0.0518341247	0.1148696949	0.0269213106	-0.0049438963	0.0337889629	-0.001311797	-0.2646431434	0.0365597402	0.02939961	-0.0638310335	0.05543677	-0.1146571779	-0.0395903188	0.0443634621	0.0513829655	0.016660204	-0.0121785786	-0.2305836914	-0.0533558336	0.0362161095	-0.0979172529	0.0113303849	0.0621280364	-0.0718151511	0.0527945206	0.0477908642	-0.0449427318	-0.0745655752	0.0004980262	0.0467366357	0.0629895113	0.0036732456	-0.1118832499	0.0346578326	-0.005495018	-0.0993960955	0.0164186847	0.0975916762	-0.027144045	0.0791003434921151	0.0325322633984939	0.0010583481618289	0.0062568643405705	0.237733290686009	0.0602542109447058	0.0036305699365691	0.0565171175003984	0.0603543382214581	0.0273610666957608	0.0007486279707298	0.0036426461421501	0.0020770570700316	-0.000162035193661	2.6255403984790116e-08	4.314166072168255e-06	-0.0023998674888012	-0.0009027335859218	8.149279271514123e-07	5.759363963804978e-06	0.002543003296737	0.0004268207285759	1.8217593434214745e-07	6.46686576721525e-06	0.0	0.0	0.0	0.0	0.0	0.0	0.0	0.0	0.0	0.0
283.40004680969463	2.05171156166017	80315.5865317371	4.209520332250014	419.7552492835305	2.0132900342073867	4.05333676183878	176194.46930107882	264.0664220790456	1.892139130205408	69731.07526962867	3.5801904880544764	278.78221713903224	286.63730988622746	1.362194	35.399147	0.5060512467131542	0.4453893325022556	-0.0787318428	-0.0031803778	-0.005813706	0.1828460753	-0.0354221176	-0.0695036108	0.0965875067	-0.1086133755	-0.0127845422	0.180896524	-0.046581965	0.0155478725	-0.0008495146	-0.184100278	-0.1250674807	-0.0265396497	-0.0784567686	-0.0453078699	-0.0659602033	-0.0570398132	-0.0331615659	-0.1358955691	0.017632609	-0.0072405253	-0.0912384832	0.073333964	-0.0366819395	0.0336625457	-0.0087599075	0.1125991338	0.047950418	-0.1305794789	-0.0703596297	-0.176304041	-0.0506993533	-0.0456345488	0.0057151978	-0.0366957222	-0.0290167893	0.121708903	0.0686426649	-0.0674433463	-0.0583541019	0.0926835289	-0.0633201115	0.0856695296	-0.0509454457	0.0070469644	0.0685262294	0.016455933	0.1015595504	-0.030526134	-0.1735211078	-0.0166157837	-0.0002757914	-0.0335997485	-0.0597689518	-0.0350596044	0.067000515	0.0043096936	-0.1122882007	0.1024867327	-0.0640073964	0.1541337701	0.1207729534	-0.0023312937	-0.176811764	-0.1088813227	-0.0373474371	-0.0649108256	-0.0950489933	0.0471103899	0.1561511222	-0.0206595572	0.0859892096	-0.008252081	-0.0728000638	0.038484605	0.0457260286	-0.0074322242	-0.0469662864	0.0988112728	0.0223546661	0.0880253906	0.1566624648	0.0787808206	-0.0071246186	-0.1614962586	0.0665250691	-0.0405035456	0.0118499436	0.0736979486	-0.058812157	0.0714161307	0.0084819297	-0.1265041465	0.0816166554	-0.0684658862	0.0529850997	-0.0681263413	-0.1186878592	0.0150242739	0.0364784417	-0.038398558	0.0342553539	-0.1481789928	-0.1005416661	-0.0813934983	0.1524624351	-0.1173674166	0.0915321316	0.0288874599	-0.051519874	-0.0593648283	-0.189653808	-0.0627401892	0.0233949755	-0.1201094706	0.0714546706	-0.118919751	0.0901437683	0.0204183913	-0.0612386739	0.1986497154	0.1498722372	0.096799323	-0.0104051135	0.01550737	-0.0027685611	0.0060278978	-0.0708908797	-0.0503239289	0.0349579105	0.0319349591	0.0639652913	-0.1258609547	-0.0629057361	0.0468057404	-0.0070626986	-0.0990023658	0.021047176	0.0960293686	-0.0346117057	0.0863381201889978	0.0072377766968826	5.238541151393813e-05	0.0074542709977698	-0.2052674862027572	-0.4430007768887662	0.1962496883240504	0.0421347408919991	0.0729665969314083	0.0126122587099502	0.0001590690697667	0.0053241242677506	0.001781300102157	-0.0002957569678746	8.747218404637718e-08	3.1730300539445387e-06	-0.0028141059260351	-0.0004142384372339	1.7159348288198377e-07	7.919192162945868e-06	0.0026970165799796	0.0001540132832426	2.372009141516537e-08	7.273898432684858e-06	0.0	0.0	0.0	0.0	0.0	1.0	0.0	0.0	0.0	0.0
282.67980665100896	-0.7202401586856695	79907.87308825181	0.5187458861835583	420.07829850630327	0.323049222772795	0.1043608003341069	176465.77687595083	262.69444921665314	-1.371972862392454	69008.37364924076	1.8823095351413432	277.6991005428378	283.1830529850989	1.223267	31.788881	0.4656072427911614	0.3922645725754579	-0.0633240616	0.113697525	0.0785170115	0.0084599109	0.0482321244	-0.0131095456	-0.0367507607	-0.0681518657	-0.0343975185	0.0184219888	0.0703761454	-0.04890268	-0.0042206339	0.0441974503	-0.0136003186	0.0576007492	0.0919808394	-0.1133378034	-0.0255171388	-0.0519808184	0.0270688605	0.0486994717	0.1008389653	0.053686209	0.0800233503	-0.0027150456	-0.1359757826	0.0189122955	0.0449499846	0.0218451873	0.0473970962	-0.0160941162	-0.0360222448	0.1606943771	0.0200525746	0.1000016215	0.0873414566	0.0638527278	0.0613996145	0.0109244143	-0.0029612051	-0.0385261409	-0.0332712029	-0.0573124483	0.0562497096	0.1074026432	0.0228996594	-0.0773013428	-0.0263625352	-0.0107334212	0.1022341973	0.104704797	-0.1280536201	-0.0015757076	-0.0428267836	-0.063770329	0.0537557547	-0.0079598112	-0.0672845676	0.0509644129	-0.039435105	0.01745346	-0.0574905883	0.1554829756	-0.0758291605	0.0222726078	0.0375279493	-0.0094676633	-0.1004571378	0.0120326084	0.082456298	0.0921387543	-0.0616740869	-0.0820197187	-0.0607833738	-0.0429204844	-0.0183977057	0.0332671311	0.0838867782	-0.1270852632	0.0260243258	0.0461361176	-0.077103653	0.1034517842	0.0947373298	0.0541350671	-0.0238952918	0.1403840486	-0.0392922828	0.1415632346	-0.0416379831	0.1113259754	-0.0073158025	-0.0923692681	-0.0167716023	0.0612760735	0.0813471547	-0.1183476293	-0.0225104465	-0.0129462228	-0.0350398284	-0.0759171831	-0.0663939857	0.1271959407	0.0682713131	-0.0446966128	0.1049801985	-0.0229575987	0.0001377637	0.0559750954	0.0556896692	-0.0204317527	0.0402969824	-0.0073122466	0.017560791	-0.0167274839	0.0970908252	0.0328904308	-0.0686724187	-0.0512667688	-0.0173466327	-0.0075824815	-0.0957191378	-0.0921588982	0.0932010929	0.0778073282	0.0611698336	0.0494901876	0.0997132527	-5.0453e-06	0.004693435	-0.031590271	0.1141351933	0.0019827469	-0.0892582794	-0.0903778848	-0.0537475821	0.0728120252	-0.0086286366	-0.0985109326	0.0256289373	0.0940880769	-0.0418659738	0.0878136212201923	0.0014755010311945	2.1771032930560603e-06	0.0077112320718034	0.1859654389471217	0.3912329251498789	0.1530632017213307	0.0345831444827956	0.0374119449590253	-0.035554651972383	0.0012641332768772	0.0013996536256171	0.0014847024807915	-0.0002965976213655	8.797014899967255e-08	2.2043414564684345e-06	-0.0024090386210677	0.0004050673049674	1.6407952155355277e-07	5.803467077795765e-06	0.0026517982135584	-4.521836642119989e-05	2.044700661801897e-09	7.032033765431522e-06	0.0	0.0	0.0	0.0	0.0	0.0	0.0	0.0	0.0	0.0
282.9205268985929	0.2407202475839653	80044.02454057745	0.0579462375968855	416.5544441361861	-3.523854370117192	12.417549621794032	173517.60492960695	263.52138235575643	0.8269331391032892	69443.51895868877	0.68381841654722	277.76881491323536	286.17744471803246	1.126062	29.262815	0.2098778356895833	0.1403175853725342	-0.1036116125	-0.0027951909	0.0664075512	0.0145035317	-0.0826689521	-0.0387885603	-0.0303373316	-0.0486245795	0.120745851	0.0603848453	-0.0988115015	0.0549501059	-0.0431956416	-0.0658950751	-0.0864437006	0.1220307887	0.035861591	-0.0330408009	0.0075735921	0.0666641655	0.1068421434	-0.0837760052	0.0769273958	0.038115684	-0.0266816446	-0.1184640922	-0.0839569359	-0.019497395	0.0711306937	-0.1635434163	-0.0346288671	-0.0319916057	0.0476949453	-0.1865692191	0.1855149896	0.068240558	0.0269918772	-0.0157655068	0.0142499147	-0.0293924335	-0.0353278469	-0.099110679	0.0488787642	-0.0260543967	0.0529839965	-0.0126439051	0.094345038	-0.0290719469	-0.0179676873	-0.07588476	-0.1119230319	0.0746249655	0.0356015767	-0.0212931539	0.1342952017	0.0336273447	-0.0025951895	0.1114448167	0.0954601139	-0.020983059	-0.0116641307	-0.0139078405	0.0108600786	0.0143373248	0.0226232372	-0.0196899836	-0.059142215	-0.1289200881	-0.0317734693	-0.0109097676	0.0659261489	-0.0004023235	-0.0472751947	0.1399404281	-0.0365323154	0.1171375586	0.015691613	-0.0231349608	0.0382031488	-0.0671897822	0.0242960203	-0.0401544839	0.0478055749	-0.1118155235	0.081311023	-0.0332518532	-0.0575093559	-0.0919772507	-0.1586161039	-0.0264999665	0.0978269397	0.0579446238	0.0837374553	-0.1207907631	0.0537834399	0.0453511514	0.1793641242	0.0191577127	-0.0324300184	0.0622377536	0.0451402859	-0.0326760712	0.0051659167	-0.0466172884	0.0010213509	0.0683243923	0.027825242	-0.0267406318	0.0322261959	-1.17869e-05	0.0654442833	7.92428e-05	-0.1158179033	0.0939079312	-0.0482273155	-0.0967789585	-0.018920127	0.0077442639	0.1063821023	0.0729424981	-0.0019428698	-0.1428669658	-0.0041670199	-0.0049771878	-0.0002441175	-0.0308712651	0.111121397	-0.044613685	0.0445469283	0.0435614254	-0.0519456979	0.0253940299	-0.0203616826	-0.0034497925	0.0659440746	-0.1540700275	-0.1031857647	0.0783053798	-0.0101924456	-0.0979222811	0.030153796	0.0917754626	-0.0488621241	0.0864182447285486	-0.0013953764916437	1.9470755534318857e-06	0.0074681130219633	0.0512707036418049	-0.1346947353053167	0.0181426717189693	0.0026286850519257	0.0695925557608632	0.0321806108018379	0.0010355917115793	0.0048431238173288	0.0017699310413197	0.0002852285605282	8.135533174098908e-08	3.1326558910270376e-06	-0.0029301442571245	-0.0005211056360568	2.715510839301622e-07	8.585745367559688e-06	0.0026776062787891	2.5808065230699746e-05	6.66056230952053e-10	7.16957538421081e-06	0.0	0.0	0.0	0.0	0.0	0.0	0.0	0.0	0.0	0.0
282.6688644960606	-0.251662402532304	79901.68695549227	0.0633339648483314	420.5269223022461	3.97247816606	15.780582779823424	176842.8923809993	263.23753617268085	-0.2838461830755818	69294.00045026345	0.0805686556465767	278.2753246567972	285.2576857026493	1.204118	31.291246	0.3236811850200189	0.2008822161446122	-0.0460874386	0.0654588703	-0.0755037449	0.1403728376	0.1022081408	0.0112670734	0.097744505	-0.0898628113	-0.0589564406	0.0412680943	-0.0095567755	-0.1444246404	-0.0185712479	0.0459000801	-0.0717648834	0.1059611568	0.1090568754	-7.50071e-05	-0.0599510092	-0.1250044536	-0.0987909562	0.0150127863	0.0739324757	-0.0617546208	0.0513006265	0.0834331989	-0.122704972	0.1280962859	0.0006810811	0.1008510389	0.0490577266	0.0604057765	-0.0167656057	-0.0827662201	0.0773334724	0.0222292731	-0.0378153715	-0.0514624975	-0.0329461308	0.1094918801	-0.1130713692	0.1106121238	0.0030696821	-0.0797872862	0.0869827931	-0.0600224263	-0.1139518389	-0.0056140279	-0.007067004	0.0011186919	0.018627607	0.0020463296	0.0674129944	0.0733717577	-0.0497032437	0.0118822493	-0.0294637481	0.1199092451	-0.1062674594	0.0481009656	0.0278190638	0.0646655726	0.0779909649	0.1399014907	0.0637807518	0.0237499759	0.0339091446	0.0052537627	-0.1451328924	-0.1553427771	0.0671196992	0.042918867	0.0195933112	-0.0854065928	0.0241122051	-0.081616339	-0.0801358763	0.0602291318	0.0755739607	-0.0489702978	0.0401958506	-0.0087391201	-0.1304156213	0.0103783052	0.1147042888	0.003924413	0.0031699851	-0.0838539665	-0.0387999242	-0.0721888483	-0.0403687481	0.1107813648	0.0954237059	0.0714069872	-0.0043013852	-0.0003719594	0.016013828	0.0274948806	-0.0407760694	0.0459583172	0.0850478781	-0.0780718593	-0.0937813079	0.0614638013	-0.1057920701	-0.0792904935	-0.0231601468	0.1306850862	-0.1091830703	0.0659970921	0.1374890989	0.0083997414	-0.0393520293	-0.0547339601	0.0161460903	-0.0442212384	0.1992897351	0.0447473057	-0.0926966733	-0.0007966632	0.1346276955	0.0116675359	-0.1296443405	0.0064049545	-0.0080215937	0.0703739336	0.0354684279	-0.0066060283	0.058753337	0.0835181636	-0.0188496665	-0.0289470044	-0.10343322	-0.0399095811	0.0802925509	-0.1355961971	-0.0745194506	-0.0107954233	-0.0117537397	-0.097236992	0.0346117057	0.0891006524	-0.0555570233	0.1280537856265908	0.0416355408980422	0.0017335182658725	0.0163977720133008	0.2353548829681955	0.1840841793263906	0.0338869850782707	0.055391920936973	-0.0010858698985529	-0.0706784256594161	0.0049954398536936	1.1791134365832854e-06	0.0014667738540037	-0.000303157187316	9.190428022134833e-08	2.151425538788868e-06	-0.0030819814912281	-0.0001518372341035	2.305454566023141e-08	9.498609912272582e-06	0.0027682726400929	9.066636130380034e-05	8.220389072071264e-09	7.663333409886916e-06	0.0	0.0	0.0	0.0	0.0	0.0	0.0	0.0	0.0	0.0
281.7143360714532	-0.9545284246074176	79362.96714817968	0.9111245133835184	418.92051679264415	-1.6064055096019274	2.580538661279428	175494.39938981604	262.3074056152513	-0.9301305574295498	68805.17504060396	0.865142853864205	276.5762134280927	280.20718126310146	1.458349	37.897934	0.2109340222232358	0.0987657676311978	-0.0741411889	-0.0830472325	0.1762539041	-0.0545936812	0.0453329816	-0.0817354238	-0.0251361026	-0.0267414322	-0.0176004002	-0.0371835873	0.0579761731	0.1421004563	-0.1826046611	0.0799310792	-0.1347938919	0.1144961484	-0.1245461543	0.0404932973	0.0755808867	0.0789587658	0.1400532022	0.056465085	0.0715425863	0.0336132077	-0.0853452769	-0.0166530014	-0.0042828112	0.024964139	0.0956247468	-0.0005001032	0.1739419974	0.036941056	0.0583562105	-0.186826702	-0.0091764948	-0.0985393121	0.0564096011	0.0394649254	0.0342165442	0.0285457662	-0.1166713117	0.0365124023	-0.0485206509	0.043945656	0.1008404211	-0.1071744838	-0.0304779166	0.0381318553	-0.0260442522	0.1015088943	-0.0378140276	0.0925778579	-0.0451311701	0.0581863156	0.0463271294	0.142826082	0.033183909	-0.0805587076	-0.0443682425	-0.0267321553	0.0704632376	0.0078774498	-0.0462981251	-0.0457460913	0.0223384318	0.002168143	0.0885585278	-0.1970392791	0.0552652981	-0.0178917216	0.0408875684	-0.1335086812	-0.0473432556	-0.0467273253	-0.0073714075	0.1076502779	0.0165233988	0.0342949508	0.0090819469	0.0146566775	0.038797606	-0.0400994952	0.0145707403	0.0654307745	0.0985920909	0.105367319	-0.0269098993	-0.1595325706	-0.1496639476	0.0217796872	0.0916666277	0.0393664818	-0.0752419109	0.1146592787	0.0530047771	-0.0722036968	0.0149034508	0.1191871961	-0.0457600618	0.1157319468	-0.0112510512	-0.044404908	0.0081090917	0.081760086	-0.0475160291	0.0751267127	-0.0028101174	0.1027309875	-0.0276694276	-0.1180978521	0.049112644	-0.0244971088	-0.0001324393	0.050460263	0.0985843821	-0.2143664261	-0.0202399422	0.0016370437	-0.0510916972	0.0034364852	-0.1082602983	-0.1146611469	-0.0486254781	0.0409109128	-0.0494279749	0.143943734	-0.0176504473	-0.0402397606	0.0623318226	0.1083839186	-0.0284167415	-0.1486551704	-0.0063549846	0.1473376321	0.0709153054	0.0264033958	-0.0504705195	0.0250602415	-0.0133121339	-0.0964557418	0.0389927688	0.0860742027	-0.0619093949	0.1577492152568993	0.0296954296303084	0.0008818185409286	0.0248848149141675	0.2997494222754682	0.0643945393072726	0.0041466566925958	0.0898497161544769	0.0452809379832217	0.0463668078817746	0.0021498808731453	0.0020503633446403	0.000924001290289	-0.0005427725637147	2.946020559214281e-07	8.537783844557369e-07	-0.0038962156548254	-0.0008142341635972	6.629772731689944e-07	1.518049642890652e-05	0.0028208108208585	5.253818076559995e-05	2.760260438158856e-09	7.956973687072405e-06	0.0	0.0	0.0	0.0	0.0	0.0	0.0	0.0	0.0	0.0
282.87597734846605	1.1616412770128477	80018.81856084988	1.3494104564600395	419.0701019287109	0.1495851360667757	0.0223757129321158	175619.75033054018	263.53574727305465	1.2283416578033552	69451.09009076733	1.508823228295095	278.40355919007374	286.5583198583436	1.346496	34.991215	0.4087615612084516	0.3383653023715806	-0.0871137838	0.071404326	0.0174722814	0.0795064317	-0.1040261261	0.0274576606	-0.0405789144	-0.1346802233	0.0858108962	0.141142707	-0.0548881855	0.049756786	-0.0050149965	-0.125302479	-0.115580396	0.0694365815	-0.0616384075	0.0148527807	-0.0593816142	0.0011612769	-0.0784645516	0.0170325627	0.1499639766	-0.0645098126	0.0370502258	0.0685155342	0.0048646197	-0.0439277345	0.0665775211	-0.012857609	-0.0353728426	0.1663349602	-0.0573303027	0.0207785344	0.0054961094	0.129086236	0.0811379951	0.075189808	0.08215905	0.0858530369	-0.0319077164	0.0328347215	-0.1528769272	0.0290921861	0.0572257681	0.0101992153	-0.1094088363	-0.0325070144	-0.0698549525	-0.1143772228	-0.0248512157	0.0042810196	-0.0905050356	0.0246785776	-0.0263773162	0.0019290522	-0.0585252349	0.017598207	-0.006072944	0.1279164021	0.0607614028	-0.0325764785	-0.0536155189	-0.0358304243	-0.0724598937	-0.076256551	-0.1258842114	-0.0979884136	-0.0467897982	-0.0243842165	0.0297604513	-0.0149686007	0.0757769941	-0.0344769079	-0.0875052583	0.0174665871	0.0590387842	0.0896947618	0.0432553878	0.0976422834	0.0987467896	-0.0266063358	-0.0835085912	-0.0188105174	-0.0210100554	-0.02238948	-0.0595225533	-0.0540114397	-0.1214184771	0.000473435	-0.1325183443	0.0507054505	0.0444378564	0.1139132974	-0.0008994866	0.124180209	-0.0315481603	-0.1017618103	-0.0766015547	-0.1337518264	-0.0750152704	-0.1075165149	0.0517623613	0.1014155082	-0.0153835745	-0.0301538153	0.0613076402	0.0004751148	0.035413091	0.0113154112	0.0885342753	-0.089564505	0.0161948428	-0.0159592625	-0.1284267527	-0.1236394869	0.1087932486	-0.045037896	0.0126542477	-0.0270116973	0.0424909578	-0.0839258127	-0.0009799026	0.0241997785	-0.0652100244	-0.0535293054	-0.0271658529	0.0395060357	0.0612694724	0.0413789975	-0.04692752	0.0187399102	-0.115689566	0.0406359729	0.1107552075	-0.1296938935	-0.0476226776	0.0699001367	-0.0148672434	-0.0955793015	0.0432872582	0.0827080574	-0.0678800746	0.1616144914043928	0.0038652761474934	1.494035969638212e-05	0.0261192438319005	-0.0382901459203282	-0.3380395681957964	0.1142707496660004	0.0014661352746	0.019562615744455	-0.0257183222387667	0.000661432098777	0.0003826959347651	0.0014990215940122	0.0005750203037232	3.306483496939212e-07	2.247065739314877e-06	-0.0038970899409074	-8.742860820002037e-07	7.643761531792669e-13	1.5187310007521644e-05	0.0025739375181358	-0.0002468733027227	6.094642759721393e-08	6.6251543472670816e-06	0.0	0.0	0.0	0.0	0.0	0.0	0.0	0.0	0.0	0.0
282.5419638909328	-0.334013457533274	79829.96135934516	0.1115649898133322	421.3689222231778	2.29882029446685	5.284574746252655	177551.76861552245	262.3381686941163	-1.1975785789383622	68821.31475378262	1.434194452732027	276.848622702832	284.32056306374176	1.061852	27.594204	0.3036958517868913	0.192955236163176	-0.1032469159	-0.0161400165	0.0660622118	0.0225584593	0.0895888241	-0.1030409015	0.0656530456	-0.127361383	-0.0488137364	-0.001761783	0.0235826462	-0.0347259711	-0.1168861624	0.0403232236	-0.0712152094	0.1283577993	-0.0542139208	-0.0962848532	-0.0347193967	0.0566394347	0.0350359971	0.0462585724	0.0720358426	0.0210441865	-0.0338842655	0.0543571625	0.0775213713	-0.0938868269	0.0702130304	0.0286326601	0.0266299173	-0.0500025225	0.1634385077	-0.0604564568	0.1000183984	-0.0098781968	-0.0811808453	-0.03408764	0.0655756719	-0.0586023835	0.0173558757	-0.0621286615	0.1288552434	0.0271447471	0.0366290883	0.0633673479	-0.1100254403	0.1282908092	-0.0452990511	-0.0713224765	-0.0348323141	-0.0563447827	-0.0666427333	-0.0224552163	-0.0178019041	-0.0568222001	0.1017532938	-0.1266691942	-0.0459626564	-0.0965581466	-0.071035819	0.103267728	-0.0353469911	0.0042215068	0.0579174446	-0.0146316687	0.0433506327	-0.1184252502	-0.0208754559	-0.0187131946	0.0947032047	0.0298876075	-0.0088456775	-0.108450913	0.0771681287	0.0582645968	0.001817555	0.0586073903	0.0381188897	0.1055026334	0.1002756752	0.1075175959	0.1995121189	0.0262225049	0.0445423394	0.0020952201	-0.0277424492	-0.0243515547	-0.0041960796	-0.0791182684	0.0687139545	-0.0097619697	-0.0527867218	-0.1294796481	-0.0312989134	-0.0809560357	0.0105096821	0.0863383385	0.0743777284	-0.0151786209	0.0048586161	-0.0913576547	0.1903010677	0.004997071	0.1520063754	-0.0125219554	-0.0178444916	0.0230787416	-0.0419417396	0.0532569444	-0.0100196924	0.0474248361	-0.0681848078	0.0448098534	0.0172225715	-0.144022802	0.0788281009	0.0327773935	0.0041095394	0.0851276232	-0.0822254122	0.0087308841	0.0304475611	0.0795081158	0.0725941986	0.0347609567	-0.0852695555	-0.0652690722	0.1213421292	-0.0746336515	0.1778379673	-0.024887882	-0.0488048836	0.0417506477	0.099653633	-0.0680125732	-0.0681483441	0.0085304447	-0.0164186847	-0.0946085359	0.047485639	0.0790155012	-0.0734322509	0.1593023765055505	-0.0023121148988422	5.345875305448458e-06	0.0253772471603161	0.1393211603335373	0.1776113062538655	0.0315457761092044	0.0194103857166832	0.0836456004429635	0.0640829846985085	0.0041066289278692	0.0069965864734638	0.0006409116903942	-0.000858109903618	7.363526066872932e-07	4.107677948839509e-07	-0.0042211989402991	-0.0003241089993916	1.0504664348668876e-07	1.7818520493582243e-05	0.002562367502432	-1.1570015703800047e-05	1.3386526338617975e-10	6.565727217519605e-06	0.0	0.0	0.0	0.0	0.0	0.0	0.0	0.0	0.0	0.0
283.93498494417605	1.393021053243274	80619.07567524948	1.940507654779	418.8568037137118	-2.512118509465949	6.310739405601423	175441.02201726692	263.37258209115174	1.0344133970354503	69365.11699736047	1.0700110759664203	277.94014313079384	291.0175154395137	1.108768	28.813395	0.4054106589290566	0.2960692516237529	-0.1391869992	0.056075769	0.0083054163	-0.0524951945	-0.0939515489	-0.0788137034	-0.0642711124	-0.1171267722	0.0321494826	0.1186517321	-0.070756447	-0.0012175491	0.1048168374	-0.1356617152	-0.1140734432	-0.0337089979	-0.0444304719	-0.0921551761	-0.0442189529	-0.0055718385	-0.0434622478	-0.0162120176	0.008899874	0.0151309322	-0.0646771224	0.1263184535	0.2204031683	-0.0700340479	0.1287371459	-0.0199592968	-0.0072969099	-0.0892516591	0.0528139996	-0.0152970861	0.1498840604	-0.1081667261	0.0437096687	0.0620938808	-0.1152755329	-0.0617905787	0.0815414073	-0.0690660292	-0.0302085635	0.0121189428	-0.0439688571	-0.0060346828	-0.0375580105	-0.1153411989	-0.0005763179	-0.1626801938	0.0913667877	-0.0104557948	0.0046914658	-0.0672011972	-0.1669900496	0.0720604324	-0.0672555731	0.0848668702	0.0046123129	-0.1540937882	-0.0070556364	0.0090731081	0.057841086	-0.0432014557	0.0234486276	0.0314817285	-0.1285121554	-0.1260278478	-0.0544898887	0.0533513294	-0.0572393013	0.0797213794	0.0415583267	-0.0323431138	-0.0074782188	-0.0096424344	-0.029932709	0.0035102235	-0.0837337067	0.244230245	0.0736361024	0.0886610809	0.0532549502	0.0611137768	-0.0513263199	0.0151756762	-0.0701267904	-0.0826384809	-0.0025079543	0.0061479875	0.0397742871	0.1119983342	-0.1019124722	-0.1513580639	0.0514514026	-0.061888495	0.0316164111	-0.0229500576	0.0473277783	-0.0422495322	-0.022083999	0.0653505932	-0.1523137202	-0.067932024	0.0143322274	-0.009398043	0.1590582612	-0.1737299949	-0.0594704126	0.0284750832	0.0823045369	0.0087740696	0.0418448716	-0.0581226201	-0.150650179	-0.096448878	0.0434749756	-0.0980399499	0.1013692195	-0.0570127249	-0.0992639041	0.1315408209	0.0245226833	-0.0384730835	0.1691314594	-0.0298435451	-0.0815495058	-0.008969598	0.0001872701	-0.0685756303	-0.0285155498	-0.0619175636	0.0171313757	-0.0066953771	0.0769715107	-0.1050306475	-0.0059480908	0.0772526057	-0.0179660749	-0.0935444031	0.0515785898	0.075011107	-0.0785316931	0.1384738117301509	-0.0208285647753996	0.000433829110603	0.0191749965350772	-0.1533018430610866	-0.2926230033946239	0.08562822211569	0.023501455085926	0.0588146435477554	-0.024830956895208	0.0006165764203316	0.0034591622956495	0.0010971104642489	0.0004561987738547	2.0811732126653176e-07	1.203651370764437e-06	-0.0036049597580134	0.0006162391822856	3.797507297841479e-07	1.299573485689603e-05	0.0028324922235681	0.0002701247211361	7.296736496885585e-08	8.02301219657376e-06	0.0	0.0	0.0	0.0	0.0	0.0	0.0	0.0	0.0	0.0
283.6721538952479	-0.2628310489281489	80469.89089556922	0.069080160280671	417.7734771728516	-1.0833265408602415	1.1735963941322165	174534.67822909515	262.80917672570814	-0.5634053654436002	69068.66337124449	0.3174256058106366	277.7200012193936	285.54011922262146	1.263447	32.833035	0.4915647335141481	0.3957052584885558	-0.0988300942	0.1311734947	-0.0835545199	-0.0125916072	0.018078632	0.0226198535	-0.0498107157	-0.1916711178	0.0683638975	-0.1889516341	0.0569197461	-0.1011853949	0.1127059743	0.0977840812	-0.0394502335	-0.0177528523	0.1105407141	-0.0899734946	-0.0262907467	-0.1128436612	-0.1381275242	0.0727932918	-0.1083371661	0.0545712542	0.0068008366	-0.1178528765	0.0468825856	-0.0664613882	0.0491730169	0.0231093866	0.1406405483	0.0951526959	-0.0150087477	-0.0279605202	-0.0574237546	-0.0919243241	-0.0422276746	0.0425480105	0.0964100896	-0.1301459226	-0.0400830002	0.071447182	-0.0140400361	0.029426318	-0.0286712521	0.0070855175	-0.0240766322	-0.0531385344	0.0547559203	0.010976398	0.0219137664	0.0165258032	0.0301005638	-0.003470585	0.0539255444	-0.0104324073	-0.0947841304	0.0148957202	-0.0041418525	-0.066181052	-0.0902727913	0.0339945125	0.1528433446	-0.1093050536	-0.0478602898	-0.0016171495	0.0914901781	0.0417201048	-0.122634014	-0.0358634454	0.0126794252	0.1614161621	-0.0262693104	-0.0918310446	-0.1346821494	-0.071631033	0.0517258856	-0.1351898773	-0.1096166274	-0.01801652	0.0041693853	-0.0617166753	0.0428276059	0.07362986	-0.0788305116	0.1431705344	-0.0361955014	-0.0512033942	-0.0706283444	0.0785040105	-0.0082022321	-0.0965139423	-0.0476523919	0.0063503636	0.051071795	-0.0467949031	-0.0873505698	0.089239261	0.0142046435	-0.0293147593	-0.0132412014	-0.0767780878	-0.0302497794	-0.0135257738	-0.0423179334	-0.0185010382	0.0333710516	-0.045394068	-0.0272997533	-0.0098504612	0.0615217712	0.1161259109	-0.0374735081	0.063066264	0.0569540564	-0.0172491547	0.1632312474	0.0436042994	-0.1196433227	-0.0696084517	0.027283716	0.0252102683	0.190390321	-0.1068348823	0.0231189503	0.0670812685	0.0249547169	0.0448013399	0.0436099027	-0.1096248233	-0.0183593531	-0.0265966151	0.052415962	-0.0343087611	0.1192985508	-0.06869895	-0.0659471893	0.0484227873	-0.0195090322	-0.0923879533	0.0555570233	0.0707106781	-0.0831469612	0.1409986012387065	0.0025247895085556	6.374562062512498e-06	0.0198806055512717	0.2361704765245065	0.3894723195855931	0.1516886877233824	0.0557764939818124	0.016745849634681	-0.0420687939130744	0.0017697834213007	0.0002804234799873	0.0013558588671222	0.0002587484028732	6.69507359894835e-08	1.8383532675538956e-06	-0.0027180928689984	0.000886866889015	7.865328788311446e-07	7.388028844499952e-06	0.0028368535418183	4.3613182502001e-06	1.902109687952846e-11	8.047738017727034e-06	0.0	0.0	0.0	0.0	0.0	0.0	0.0	0.0	0.0	0.0
283.5331633071595	-0.1389905880884043	80391.05469496438	0.0193183835771604	424.5842667492953	6.81078957644371	46.386854654594295	180271.79957103677	263.37651058469754	0.5673338589894001	69367.1863277713	0.3218677075558045	277.8574092222005	293.4490946454735	1.413453	36.73122	0.0970667082860839	0.0480966338224718	-0.1012032556	-0.1603037119	-0.1662420937	-0.1195192119	0.0769874047	0.0046058549	0.0481726922	-0.0207583692	-0.1263865738	-0.1385979157	-0.1058751004	0.1592259519	0.0449592907	0.0568105815	-0.056975984	0.0816357406	0.0489427107	0.115672306	0.0964208732	0.0215850335	0.0984829196	-0.096873488	-0.1034657878	-0.0732640451	0.0547029954	-0.0311450319	-0.0034979221	0.0326399642	0.1410434705	0.0815535734	0.1377712499	0.0278313279	-0.1001337219	0.0907119577	0.0104142902	-0.0372235807	-0.0410074476	-0.0328569365	0.1665632898	-0.0993508514	-0.0883061621	-0.0258033597	-0.0129825331	-0.1012388202	-0.1101060324	-0.0055877454	-0.0106988965	0.0711624534	-0.0889066597	0.0024091747	-6.297e-05	-0.0796132211	0.1024908196	-0.0095296419	-0.0871559182	0.0811075232	0.0449882916	0.128272191	-0.009401012	-0.0835065723	0.0312565925	0.0317516918	-0.1573332322	-0.1123191726	0.0131794004	0.0416401393	0.0644204096	-0.0400652555	0.0129835713	-0.1106092701	-0.0067436645	-0.1059974057	-0.0698386085	0.1241640063	0.0772674537	0.051486405	-0.0917060803	-0.1966269629	-0.049274318	0.033842852	0.0528906922	-0.0312665175	-0.0475129322	0.0418221784	-0.0619825282	0.144318569	-0.1071869029	-0.1273235512	0.048656478	0.0470903084	0.0193898792	-0.0191127927	0.0963008586	-0.0798045606	-0.0356944247	0.0896020934	-0.2220834993	0.0017186178	0.0280813186	0.0456067154	0.0523025777	0.0302415548	-0.07631407	0.15436196	-0.0050303625	-0.1088986627	0.0110771333	-0.0348476862	-0.1119495961	0.0456427198	0.004935451	0.0231083343	-0.0607977309	0.0237155102	0.0902300597	-0.1001597463	-0.0240198867	0.0018394337	0.0952461094	0.0601463584	-0.0459547352	0.153895957	0.1122434818	0.0977354533	-0.0946777806	0.1171644423	0.1298601338	0.0002316977	-0.0242212772	0.0210579255	-0.0756863871	-0.1094570439	-0.013434631	-0.0424493034	0.098947539	-0.0562789935	-0.0040249771	-0.0326397589	-0.021047176	-0.0911403277	0.0594121063	0.0661311865	-0.0872496007	0.1200477851940036	-0.0209508160447029	0.0004389366929389	0.0144114707299856	0.2008560640221617	-0.0353144125023448	0.0012471077303857	0.0403431584544747	0.0381816630084372	0.0214358133737562	0.0004594940949945	0.0014578393900898	0.0013039718060333	-5.188706108890002e-05	2.692267108443243e-09	1.700342470929746e-06	-0.0025990156017932	0.0001190772672051	1.417939556505855e-08	6.754882098364469e-06	0.0030532025408298	0.0002163489990114	4.68068893732779e-08	9.322045755329548e-06	0.0	0.0	0.0	0.0	0.0	0.0	0.0	0.0	0.0	0.0
283.14890673851056	-0.3842565686489365	80173.30338721375	0.1476531105498549	421.2121566980536	-3.372110051241691	11.37112619768524	177419.68095022565	264.1750558801791	0.7985452954815742	69788.46014929576	0.6376745889357546	279.2193412977193	282.7734384784744	1.352086	35.136486	0.3944856400844702	0.2780726195856607	0.030666357	-0.0205262091	-0.0302565466	-0.1142819387	-0.1183918711	0.0080606782	0.0163662093	0.0356875613	-0.0649177762	0.0470197309	0.0416791409	0.1744365161	0.1566883902	-0.1362128444	-0.0009443456	-0.0509828554	0.0212825172	0.0730060795	0.1431190472	-0.0734056531	-0.0336439901	0.0032445449	-0.0767859716	0.0668883419	-0.0269777799	0.0689347674	0.0535632967	-0.015893734	0.0311016128	0.1113029592	0.0484775998	0.0725538937	-0.092365873	-0.0587310498	0.108804047	-0.0680684303	-0.0923680265	0.0345303293	-0.1010358029	-0.068088968	-0.0405634312	0.1204355367	-0.0146475823	-0.0172926161	0.0897876168	-0.0641007941	0.0962987859	-0.0307881572	0.0461493639	0.0352484703	-0.0631832665	-0.0163155427	0.0653576116	0.0980908228	-0.0328978719	0.0146253842	-0.0444434646	-5.54539e-05	-0.0206177343	0.0159445871	-0.0561691379	0.0306007599	-0.077994325	-0.0406818693	0.1090684115	0.1178119697	-0.1325841746	0.0007349403	0.061613156	-0.0187045556	-0.0552927216	-0.0539039475	-0.0861041715	0.0061908206	-0.104803335	-0.1110398444	-0.1146678657	-0.0273634675	-0.1307707689	-0.0057888557	0.0392178352	-0.0555772087	-0.0524511918	0.0408690629	-0.1108209421	0.0897048914	0.0180066436	-0.0374588858	-0.0601421693	-0.0529014832	-0.1321429972	-0.015488885	0.1165502991	0.0412331297	0.0224853093	-0.1054220473	0.0193141056	0.0865073124	0.1405876354	0.0733105157	0.0036619655	0.0733830606	-0.0649356242	-0.0883717903	-0.0376025358	-0.0676681364	-0.0068173691	0.1274645784	-0.0334886527	-0.011473403	0.0345947273	0.0715948584	0.0363999645	-0.0092003503	-0.1131325565	-0.0333390943	-0.0604889453	0.0479915063	-0.0558158645	-0.0958326204	-0.0501065754	0.1442423404	0.0216367254	-0.1339985592	-0.1434622726	-0.0222063288	0.0574989714	-0.104087081	0.0130236421	0.0992556968	-0.0725234749	-0.0583998405	-0.0201865758	0.1412736525	0.0115624629	-0.0601359146	-0.0304038327	0.0040674267	-0.0225801267	-0.0898027576	0.0631352795	0.0612907054	-0.0908143174	0.1162249387273988	-0.0038228464666048	1.4614155107232814e-05	0.0135082363821876	-0.0705650771572976	-0.2714211411794592	0.0736694358791599	0.0049794301142153	-0.0004278181547689	-0.0386094811632061	0.0014906920356919	1.830283735498665e-07	0.0025218836038173	0.001217911797784	1.4833091471814549e-06	6.359896911202532e-06	-0.0022181787571367	0.0003808368446565	1.450367022479191e-07	4.920316998612515e-06	0.0030393077577663	-1.3894783063499866e-05	1.9306499638172275e-10	9.237391646418414e-06	0.0	0.0	0.0	0.0	0.0	0.0	0.0	0.0	0.0	0.0
282.5195791974513	-0.62932754105924	79817.31262990498	0.3960531539356695	425.6083714918657	4.396214793812078	19.32670451333217	181142.48588395797	263.92819752246004	-0.246858357719077	69658.09344745468	0.0609390487757598	279.43600042456416	285.30495814209945	1.089301	28.307516	0.0818383427504412	0.0591479856481389	0.0799604218	0.0443831524	-0.1413868745	-0.0665775017	-0.0807041119	0.2066008864	-0.0376094938	0.0210531662	-0.0639930618	0.0121927448	-0.0498583565	0.0518221539	-0.0435162658	-0.1309161191	-0.0244718537	-0.0847968046	0.0520891946	0.0483364748	0.0295024226	-0.0462383158	0.0781262417	0.0538750395	0.0128858379	0.0292836583	-0.101410261	-0.0213648869	-0.0415345897	0.0206823953	0.1639317649	-0.0260754867	0.0110006714	-0.0807042358	-0.0104664707	0.0848362492	-0.0158278351	0.0573210078	0.1004469953	-0.1670321902	-0.0036867449	-0.0179035678	0.0241474344	0.164574985	0.0399567611	-0.1171149672	0.0071035892	-0.0338339379	-0.0709780812	0.048673578	0.0703530426	-0.0277201351	-0.0852213975	-0.0982903659	-0.0360981549	-0.1075292989	0.0234197599	0.0811089782	0.0071369252	0.0310123311	-0.1380215675	0.0211884338	-0.0556619225	0.0578401735	0.0577573889	-0.0183551964	-0.068794166	-0.0808361438	-0.1383241442	0.0861551988	-0.0376702767	-0.0318304352	-0.1027629914	-0.1070847166	-0.0391162465	0.0097450711	-0.0587837054	0.1518801307	-0.0557792719	0.022662323	-0.0903465918	-0.0074720517	0.1266232333	0.1623329703	0.064719295	0.0333438163	0.0841731177	-0.0755855084	-0.0841030283	0.0379005377	0.0036786292	0.1086666145	0.058600062	0.0177435003	0.0813972404	-0.0549408618	-0.0418675528	-0.0159017052	-0.1111257204	-0.0006054954	0.0356805129	-0.0082195097	0.0012545164	-0.0094844376	0.0934997753	0.1064635057	-0.1821700147	0.082694821	-0.016893397	0.0237242722	-0.0141816847	-0.0176559057	0.0157302141	0.0158173127	-0.0859486609	-0.1529967598	-0.1118282945	0.0385721499	0.0410418125	0.008273352	0.0689102081	-0.0784635847	-0.0456851736	0.0369563207	0.1101615931	0.0579114705	-0.2012801135	0.030538762	0.0634634152	-0.0500195322	0.0936687928	0.0628057511	0.0832882898	0.0275406461	0.0184347562	0.0821354998	0.1117235315	-0.0647786756	0.0541316602	-0.0084199566	-0.0241075061	-0.088376563	0.0667182767	0.0562083378	-0.0938191336	0.106904039504954	-0.0093208992224447	8.687916231497193e-05	0.0114284736624767	-0.0685684654258977	0.0019966117313998	3.9864584059636834e-06	0.0047016344508625	0.0567718423236627	0.0571996604784316	0.0032718011588478	0.0032230420808228	0.0023760416546124	-0.0001458419492048	2.126987414788459e-08	5.645573944453231e-06	-0.0022858363943702	-6.765763723349996e-05	4.577555876019881e-09	5.225048021827357e-06	0.0030922315976912	5.292383992489989e-05	2.8009328323964276e-09	9.561896253759871e-06	0.0	0.0	0.0	0.0	0.0	0.0	0.0	0.0	0.0	0.0
281.6369928407905	-0.882586356660795	79319.3957364035	0.7789586769637761	419.9958501156893	-5.612521376176403	31.500396198037063	176396.51411440055	262.84396292882155	-1.0842345936384843	69086.94884812772	1.1755646540424096	277.93185853679853	281.74158736304844	1.052868	27.360746	0.2410014286000224	0.1801477077384448	0.1099432998	-0.0395706777	-0.0885730557	-0.0706972868	-0.0232751424	-0.0008350011	0.051725395	0.1519458543	-0.0450590804	-0.0137528762	-0.0141393317	-0.0364624261	0.0828559623	0.0124385216	0.0870064628	-0.0420274486	0.0395601424	-0.031553636	-0.0055300594	-0.0544700281	-0.1002583273	0.0213036061	-0.0269584175	0.0207062881	-0.080202977	0.1003423047	0.0605822166	-0.014981088	-0.0326296454	-0.1154565312	-0.1677304437	0.0116707998	0.0893307395	-0.1567330154	-0.0184404257	-0.0614661135	0.0625110493	0.0440385706	0.0454875146	0.1472687315	-0.031041497	0.0442435147	0.0201762848	-0.084740721	-0.070200415	0.058337619	-0.0039053075	-0.049834953	-0.0118380362	-0.0014734841	0.1101763869	-0.0760784111	-0.0358093425	0.0381336303	0.0601109997	0.0487125446	-0.1382024196	0.0176050962	-0.1560565864	0.0911754346	-0.0292302049	-0.0481712303	0.048128628	-0.0422501372	0.0613730042	-0.0096914622	0.0120631413	0.0941942575	0.0285215549	0.0135333461	-0.0108765452	0.0623590481	-0.0004615648	-0.0083689336	-0.0030710792	-0.0373985231	-0.0887058172	0.1408449821	-0.1566204224	0.0397772997	-0.0048003576	0.020043988	-0.0277073559	-0.087578621	-0.0323881414	-0.0923551809	-0.0045627927	0.0276621744	-0.0664404717	-0.1142800199	0.0997992208	-0.012599956	-0.0526575509	0.0995814444	0.1407502807	-0.095779499	0.0258558423	-0.0215433293	-0.0410795308	-0.0885119986	-0.0667641684	0.1428925806	-0.0355164251	0.0937038279	-0.0671709267	-0.0874818269	-0.0189737204	-0.0639080991	0.0551943109	0.0021869177	0.121532119	-0.0186395316	-0.0772070483	0.0191641183	0.0065655627	0.0537618492	0.0192570987	0.0810850958	0.0537035608	-0.0665945172	0.043162113	0.1591881739	-0.0444602766	-0.0820737131	-0.0906585652	-0.0158411221	-0.0971364459	-0.0358856274	0.0375865113	0.0629262791	0.0035123332	0.0203665875	-0.0112966164	-0.0427388141	0.0070584923	0.0267809102	-0.0499624361	0.0062839678	-0.0256289373	-0.0868631514	0.0701531426	0.0509041416	-0.0962455236	0.0931856136318884	-0.0137184258730655	0.0001881952084347	0.0086835585879515	0.107711803611906	0.1762802690378037	0.0310747332520404	0.0116018326373298	0.0359260759024095	-0.0208457664212531	0.0004345459776894	0.0012906829297456	0.0025068987656132	0.0001308571110007	1.7123583499475686e-08	6.284541421032986e-06	-0.0019628172137358	0.0003230191806344	1.0434139105771924e-07	3.852651414537568e-06	0.0029429685439684	-0.0001492630537227	2.2279459206655424e-08	8.661063850787485e-06	0.0	0.0	0.0	0.0	0.0	0.0	0.0	0.0	0.0	0.0
280.49081114194684	-1.1461816988436908	78675.09513506728	1.313732486764209	416.1996607624401	-3.79618935324919	14.411053605722502	173222.1576187702	262.4607745908208	-0.3831883380007639	68885.65819881365	0.1468333023797876	277.63211646507256	271.8557691653006	1.037283	26.955736	0.044302984386147	0.0229494550824784	0.1537045905	-0.0174414714	-0.0024506731	0.0313748657	-0.0440319678	0.114360589	-0.0239921358	0.098656763	0.0963044395	-0.0521347297	0.1250954465	-0.0394168223	-0.0410773887	0.0033076318	0.1089670473	-0.0994595471	0.0337686594	-0.1005061359	0.1245491373	0.0269180843	-0.0625581634	0.0468436804	0.0446697029	-0.0283064632	-0.0631166342	0.0078411641	-0.0006784869	0.056725869	0.0553936736	0.1117514474	-0.1267081509	-0.0982448755	-0.035255201	-0.0606485226	-0.0374466389	-0.1171895509	0.0587010189	-0.0752794959	0.0448354911	-0.067875924	0.0232752316	0.0659887954	-0.0711010134	-0.0325754057	-0.0326111566	0.0064038095	-0.0194998351	0.0396861258	-0.1750816135	-0.0124164197	-0.0331688834	0.0028384121	-0.0142080937	0.043385036	0.1030028663	-0.0019923044	-0.0470444065	-0.0796449406	-0.0399276067	0.0285997493	-0.0643580643	0.0155639221	-0.0536202107	0.0587199109	-0.0677128162	-0.0314471129	0.0041588009	0.130161626	0.1059092006	-0.0102361056	-0.0604578152	0.1137972647	-0.0804565887	-0.0228629797	-0.0519377096	0.1302517302	0.0489352367	0.0077040926	-0.0624653412	0.0733453582	0.0377657583	0.1357961951	-0.1258729416	0.0090308383	0.0686630212	-0.0304639355	0.0610009638	-0.0776079224	0.0473773486	-0.0834288055	-0.0094704571	-0.0891642164	-0.0092849019	-0.0513042363	0.0248416328	-0.090574206	0.0017463165	-0.0107567662	-0.0103899924	-0.0381108267	0.0026916847	-0.0069338766	0.0055265571	0.1084577726	0.0287030391	0.0443711366	0.0102364825	0.0272036363	-0.0110234312	-0.0675565681	0.0377206046	0.0425798439	0.0035885089	0.0010431147	0.014697168	0.0390177016	-0.0571530478	0.1376484391	-0.0305213244	-0.0527911894	0.003134949	-0.026766494	0.1109133381	0.0142593547	-0.1499567327	-0.0414789567	-0.0932604259	-0.0260748735	0.0615957631	-0.0421637404	-0.0235228994	-0.0279844508	0.0223403427	0.0108307334	0.0109694616	-0.1074517589	0.0703996577	-0.0682172161	-0.027144045	-0.0852640164	0.0734322509	0.04539905	-0.098078528	0.0917666357202193	-0.0014189779116691	2.013498313804809e-06	0.0084211154314074	0.1080730874930537	0.0003612838811476	1.3052604277713566e-07	0.0116797922402812	0.0524604717582448	0.0165343958558353	0.0002733862463174	0.0027521010970976	0.0027786741849189	0.0002717754193057	7.386187853878913e-08	7.721030225934714e-06	-0.0017748344369841	0.0001879827767516	3.5337524355279416e-08	3.1500372787046677e-06	0.0030029768826609	6.000833869250011e-05	3.601000712633806e-09	9.017870157795775e-06	0.0	0.0	0.0	0.0	0.0	0.0	0.0	0.0	0.0	0.0
280.7765165434371	0.2857054014902473	78835.452242267	0.0816275764407034	420.20993336417456	4.010272601734471	16.08228634022216	176576.38809792403	262.9480002074742	0.4872256166534043	69141.65081310985	0.2373888015232901	277.4512565696604	278.81219755222327	1.059512	27.533386	0.1304436041059606	0.087703393751092	0.1367495458	-0.0610157229	-0.0424959734	-0.052967387	0.0249199841	-0.0213392996	-0.0313904842	0.1926076597	-0.0975735495	0.0549166327	-0.0332629007	-0.0307404807	-0.0172374072	-0.038829578	0.0726638801	-0.0890215843	0.0777115227	-0.0791040956	-0.0178455302	0.0510616829	0.0994873696	-0.0218164182	0.0281908638	0.0324952575	-0.0699807068	0.0850895518	0.0352794985	0.0866864378	0.0351238152	0.0674838174	-0.1153668304	0.0684919204	-0.1901695974	0.0306973211	-0.1019803832	-0.0079092854	0.0568990773	0.0380104255	0.0387824372	-0.0258243498	0.0839947215	-0.0454787183	-0.0150983195	0.0031642564	-0.0400183549	-0.0197789354	-0.0242461798	0.0266968012	-0.0093085538	0.085351348	0.0944077672	0.0884637431	0.0037463318	-0.0808540449	0.0129566383	0.0315050189	-0.0147424928	-0.1219237415	0.0020670979	-0.163136825	-0.0026248557	0.0221237622	0.1961130615	0.1398828434	0.0389185509	-0.0069951398	-0.0372099411	0.0613217368	-0.0026432526	0.088481914	-0.0518423584	0.0427401386	-0.0625734053	0.0679646246	0.1701740702	0.08148645	-0.1040537575	0.0840443777	-0.0355243044	-0.0693948914	0.0214364674	0.0210497947	-0.1703589286	0.0634969825	-0.0341342346	0.0664559512	-0.1481542561	0.0260637885	0.0981437835	-0.0066454971	-0.0098170621	-0.0763036999	-0.0002100707	-0.0574419354	0.1072186485	-0.026140091	-0.0125802412	-0.046087438	-0.0660061099	-0.0186949849	-0.0926054157	0.0076766307	0.049233312	0.0493986815	0.0278558661	0.1011849761	-0.0953340372	-0.1244458549	0.1364303632	-0.0293066684	0.0640381765	0.0834184395	-0.0309001522	-0.0392567159	-0.0341009056	0.078701989	-0.0203016148	0.0458763165	0.1264483316	-0.0209821739	-0.0224893696	0.0711190076	-0.0760749406	0.1142445307	-0.1248239666	0.0315088282	-0.0564568269	0.0127177908	0.0972146605	-0.0170009995	0.0346052548	0.0160205574	-0.003156296	-0.0887374198	-0.0249148073	0.0527858156	0.0372098937	0.0957528939	-0.0286524553	-0.0835807361	0.0765483213	0.0397147891	-0.0993068457	0.0823001736797124	-0.0094664620405068	8.961390356435803e-05	0.0067733185877108	0.0254689386462558	-0.0826041488467979	0.0068234454067039	0.0006486668357667	0.0761247318518556	0.0236642600936108	0.000559997205778	0.0057949747995169	0.0026270515746935	-0.0001516226102254	2.298941593156366e-08	6.901399976099597e-06	-0.001775751307955	-9.168709708998972e-07	8.4065237727892e-13	3.153292707703893e-06	0.0028613417013563	-0.0001416351813046	2.0060524583186916e-08	8.187276331920567e-06	0.0	0.0	0.0	0.0	0.0	0.0	0.0	0.0	0.0	0.0
280.4794847965748	-0.2970317468622738	78668.74139175205	0.0882278586440539	417.8787469621138	-2.33118640206078	5.434430041153084	174622.64716262632	262.648817995686	-0.2991822117882066	68984.40159453098	0.0895099958504833	277.64126188420283	271.25381081530765	1.012523	26.312307	0.0740417081071566	0.0334709706201623	0.1698068604	0.0055575893	0.0097321892	0.0560560839	-0.0971505906	0.0356686574	-0.0404625798	0.1358718975	0.1040353363	0.0678760822	0.072491766	-0.1121717637	0.121755958	-0.0172662804	0.1436467196	-0.1167746517	0.0521991057	-0.1510440792	0.0246346417	-0.0084793449	-0.0177298031	0.0177344104	-0.0004189968	-0.0323139962	0.0364431504	-0.0286204502	-0.1030020398	0.0009867927	0.006921746	-0.0614462521	-0.08773927	0.0071948612	-0.0993615614	0.1082813737	0.0136531734	-0.0273259563	0.0475316436	0.0365961777	0.0354974058	0.0384705092	0.074943728	-0.0268397592	-0.133759527	0.0172879031	-0.0499960611	-0.0681762791	0.0696002446	-0.0099308236	0.0865136687	-0.0758682067	0.004171875	0.0245553564	-0.0513864905	-0.0413186303	-0.1116538772	0.1372296205	0.0007312933	0.0649395517	0.0822206258	0.0530384286	0.089550747	0.084921124	-0.0753907401	-0.0433607824	0.0810563118	0.0756272745	-0.0189872811	0.129242081	0.0689446558	0.0958134609	-0.0304572393	0.1736476688	-0.0324397327	0.0050595645	-0.0154815921	0.0278163392	-0.0099937438	0.0240187549	0.0117246648	-0.0949215209	0.0044605692	-0.0333278879	-0.12139668	-0.0435866054	-0.1631537575	-0.0273529258	0.0084692041	-0.0154097827	0.0325337348	0.0571229076	-0.0524267174	0.0809030403	0.0205679808	-0.0096858456	0.0887807842	0.1090384242	-0.0519345907	-0.1718398845	0.0278748448	0.0304235455	-0.0220063005	0.0174850142	0.0032975736	-0.0345685097	0.0506530581	-0.0756756804	-0.0929641481	-0.0727574354	0.0454253176	-0.0711137154	0.0586026549	0.0131571732	-0.0651414582	0.0283818972	-0.0352632825	0.100338602	-0.0517303061	0.092740929	0.0368357896	-0.0725423437	0.0542807077	-0.0252366566	0.0126078073	-0.0584522903	-0.0623330282	-0.0610472914	-0.1562805687	0.0069387334	0.0744119822	-0.0863628831	0.0356624707	-0.0752320489	-0.0327996486	-0.040553971	-0.0443521778	-0.0437164286	-0.0185538496	0.0246864924	-0.030153796	-0.0818149717	0.0794944353	0.033873792	-0.0999229036	0.0716157100737859	-0.0106844636059265	0.0001141577625463	0.0051288099293725	0.0415289972664112	0.0160600586201553	0.0002579254828828	0.0017246576139535	0.0567877975673809	-0.0193369342844747	0.000373917027522	0.0032248539525538	0.0027870900678554	0.0001600384931619	2.5612319293531562e-08	7.767871046338218e-06	-0.0015487585081985	0.0002269927997565	5.1525731141294523e-08	2.398652916717243e-06	0.0026891679623427	-0.0001721737390136	2.964379640592331e-08	7.231624329690389e-06	0.0	0.0	0.0	0.0	0.0	0.0	0.0	0.0	0.0	0.0
280.75364433481747	0.2741595382426567	78822.60880728118	0.0751634524094267	418.2027855474298	0.3240385853160319	0.1050010047736152	174893.56983962958	262.93979592000096	0.2909779243149728	69137.33627845175	0.08466815243865	277.7945038323709	270.27787368179213	0.8327839999999999	21.641447	0.0560402462104121	0.0290745130743254	0.1642527697	-0.0080474355	0.0605822356	0.0241080019	0.0314436804	-0.0023360581	-0.0260286725	0.0986694289	-0.0441923114	0.0224622954	0.1594612598	-0.0820864775	-0.0493528489	-0.0205389627	0.1347541903	-0.0281368443	-0.022580496	-0.0170260136	0.0203763466	-0.0275219226	0.0786868369	0.0583019525	-0.0493366245	-0.0191021503	0.0244865183	-0.0206491752	-0.0785793697	-0.1326161491	0.0316462264	0.0158759385	-0.1156215234	-0.0249337962	-0.0952231083	0.0117184757	0.0095665807	0.0762134454	-0.1817406707	-0.0197596424	-0.0079944924	-0.0643968367	0.1336210291	-0.0624438616	-0.0131466731	0.042503505	0.0821790615	-0.1508148045	-0.0661371522	-0.0209457299	0.0117432389	-0.1062720956	0.0138344701	-0.0017232557	0.1305473843	-0.0069220052	0.0103535421	-0.0066601722	-0.0901378177	-0.0430291641	0.0233078619	0.0407687434	-0.0943672266	-0.0988775148	0.0020192941	-0.077745762	0.0771344317	0.0411903203	-0.021357717	0.1007326358	0.0856905174	0.0708468485	0.0291343945	0.0116614605	-0.0345314454	-0.0610608089	0.0512914699	0.0375804434	-0.0223465655	-0.0627669313	0.0731517167	-0.0369054222	-0.079582123	0.0490430965	0.0909972679	-0.1060365542	-0.0626084823	0.0433595727	-0.1080860138	0.0444498986	0.0930335661	-0.1491742037	-0.0796662494	-0.0144581033	0.1689585169	-0.0189090924	0.0696507465	0.0548813966	-0.0057064297	-0.0802220414	-0.0146477104	0.0625701865	-0.0849724269	-0.0372681469	0.0081561431	-0.1503364314	-0.0615935851	-0.0231222346	0.0971831735	-0.03714903	-0.0165012185	-0.0582024523	-0.0278157553	0.0289488487	0.0855724754	-0.0022205995	-0.012403566	0.0986912646	-0.0819330362	0.0997321063	-0.0186264041	-0.0034649688	-0.0259977112	-0.0183464726	-0.0038665868	0.1052039649	-0.0580341286	-0.0329980617	-0.0819869033	0.0375796675	0.0498521559	-0.1549869798	0.0857600325	-0.0140792891	0.0069780419	-0.0409726648	0.0028721864	0.0150404548	-0.0280461113	-0.0194111256	-0.0316476967	-0.0799684658	0.0822640518	0.0278991106	-0.0999229036	0.0640643925521686	-0.0075513175216172	5.702239631228433e-05	0.0041042463930783	0.0492982171668785	0.0077692199004673	6.036077786181721e-05	0.0024303142158327	0.0796374864100784	0.0228496888426974	0.000522108280208	0.0063421292417154	0.0026248303429164	-0.000162259724939	2.6328218337279936e-08	6.889734329094626e-06	-0.0013619880024442	0.0001867705057542	3.4883221819716985e-08	1.855011318801942e-06	0.0026807977941234	-8.3701682193002e-06	7.005971601938307e-11	7.186676812976886e-06	0.0	0.0	0.0	0.0	0.0	0.0	0.0	0.0	0.0	0.0
281.8756002205404	1.1219558857229115	79453.8539996899	1.258785009508283	419.115565032959	0.9127794855291996	0.8331663892029502	175657.85685289648	263.70643892350193	0.7666430035009739	69541.08592971465	0.5877414948169943	278.2279222987994	275.7272467643281	0.951462	24.72551	0.0436294427029337	0.0259611307018864	0.1171810809	0.0207017462	-0.0017736036	-0.0669286214	0.0150472468	-0.0434756823	-0.1034832737	0.1063787794	0.0122399575	0.0275024024	-0.1158050702	-0.1213791529	0.0593934691	-0.02101183	0.1019400354	-0.0503512684	0.0367774798	0.0558293516	-0.0462625501	-0.0234003855	0.1100718878	-0.1070520688	-0.0169548484	0.0621874508	0.0106202209	-0.0129601458	-0.0191878919	-0.0809180477	-0.015364573	-0.074782358	-0.1413065195	-0.0022205472	0.0003252829	0.0546167912	-0.0185017819	0.0050466526	-0.0242909287	0.0634381389	0.0402216083	0.004037646	-0.0428040432	-0.0391231469	-0.0508182813	0.0992788293	0.0133684499	-0.0365718115	0.0099090641	-0.0218410655	0.0818217654	-0.0756709565	-0.0213582773	0.0017860757	0.0547940632	-0.0563838041	-0.0792904567	-0.1203346019	0.0371230065	0.0801924965	-0.0882546734	0.0405492328	-0.0894785805	-0.047839296	0.041125628	0.1552765159	-0.021069936	0.0321993771	-0.0183184874	0.0810241039	-0.0267813814	0.162365713	0.0221359604	-0.0325493105	0.0047069156	0.1187040526	-0.0076474196	-0.0465554398	-0.0741332812	-0.056881332	0.0234443899	-0.0176725825	-0.0410756401	0.089167782	0.0041652138	-0.1283203409	-0.0376628208	0.0022517993	0.0097876888	0.0122133808	0.0198833149	-0.0882725631	-0.0807971683	0.0303347687	-0.0932555394	-0.0343980444	0.077897078	0.1172541409	-0.0443310726	0.0005894256	-0.0105121003	-0.0178753378	-0.0399284496	-0.041096314	0.0627878715	-0.1101232943	-0.063935889	0.0647323232	0.0890583679	0.0354970983	0.002886883	0.0588513997	0.0283723595	-0.0930697405	-0.0251821959	-0.0564871917	0.001378002	0.1418255592	0.0007930002	0.0237532384	0.1396799698	-0.0036096457	-0.0715810095	-0.0027742617	-0.0354788505	0.0004449256	-0.0415945883	-0.0475234636	-0.0568821624	0.0948746863	-0.0226346441	-0.1757253328	-0.0662268558	-0.0274069127	-0.0334202945	0.0245463755	0.0510151661	0.0275758014	-0.0572374848	-0.0381162717	-0.0331337888	-0.0780430407	0.0848510215	0.0218143241	-0.0993068457	0.061442236613928	-0.0026221559382405	6.875701764450428e-06	0.0037751484401219	0.0729496595163539	0.0236514423494754	0.0005593907252105	0.0053216528235519	0.0877150006650211	0.0080775142549427	6.524623653880252e-05	0.0076939213416646	0.0026777886936723	5.29583507559001e-05	2.804586914784945e-09	7.170552287959204e-06	-0.0012968242026454	6.516379979879991e-05	4.246320804218076e-09	1.6817530125668776e-06	0.0027482422467742	6.744445265080036e-05	4.548754193366051e-09	7.552835446954504e-06	0.0	0.0	0.0	0.0	0.0	0.0	0.0	0.0	0.0	0.0
282.8707220091632	0.9951217886228392	80015.8453699853	0.9902673741919186	421.2006460501931	2.0850810172340744	4.347562848429882	177409.98423310003	263.31497016347106	-0.3914687600308753	69334.77351218965	0.153247790080111	278.1704640596379	280.8243591001975	1.077661	28.005026	0.1275729203370799	0.0850642601499633	0.0405542061	-0.0977842093	-0.0648000385	0.040501261	0.0250707371	-0.0387122574	0.0864894133	0.006016382	-0.0235294869	-0.092326778	0.0114508214	-0.0020341445	0.1442797446	0.0383604108	0.1561944857	-0.036013787	-0.0370969949	0.1230317695	0.0171666354	-0.057586812	-0.0254195307	-0.1014086077	-0.0086983869	0.0215590885	0.0518068124	0.1075528735	0.0674043751	-0.1324376826	-0.0685983028	-0.0627287813	0.0287429657	0.0425028951	0.1295639309	0.0817272968	-0.0127618452	-0.0519326335	-0.1025694291	-0.0624941697	0.111362637	0.13164671	-0.0165361943	0.0158545528	0.1588642072	0.0756109324	0.0455859251	0.0626006993	-0.0119449099	0.00678233	0.0714566412	0.0892005346	0.0298424327	-0.0278009421	-0.0028359878	-0.0515139241	-0.0970186252	0.0126383442	0.0756489191	-0.0029696531	0.0132160277	-0.0793894495	0.0829983711	0.0179211989	-0.0620991623	0.0758509397	-0.0277031774	-0.0728997647	0.0427162181	0.0776021624	0.1100049515	0.0070871898	0.0160212847	-0.0403343859	0.0794654746	0.0871119635	0.009824163	-0.193229961	-0.0568100164	-0.0510273452	0.0834724118	0.0214787862	-0.0149138454	0.0567812547	0.0804785437	0.0094692833	-0.117723734	0.0099740648	0.0297937708	0.1652814445	0.0052309041	-0.0672487317	0.1642721543	-0.0446390287	-0.1270605911	0.0658586667	-0.079796212	-0.0410480644	0.0056277054	-0.0249398459	-0.0135884392	-0.0350013653	-0.0604472394	-0.1313477989	0.0063987919	-0.0359624765	0.084079953	-0.0527691208	-0.1397890658	0.0736386571	-0.0587595465	0.1357968853	0.0221714116	-0.0212901177	-0.0625586487	-0.0295580831	0.0591494449	0.0908533882	-0.1151001111	0.0282276481	0.0041154773	0.014473086	0.1034366554	0.099839692	-0.043962501	0.0250198455	0.0396349822	-0.0473798892	0.0290815456	-0.0440652619	-0.1220568604	-0.1587334205	0.0451399526	0.0228869179	0.1004486565	-0.0361242254	0.1166671426	0.1013202971	-0.0638324957	-0.2081940962	-0.0346117057	-0.0760405966	0.0872496007	0.0156434465	-0.098078528	0.0375139276482769	-0.0239283089656511	0.0005725639699556	0.0014072947676001	0.1521735284789542	0.0792238689626003	0.0062764214134032	0.023156782769735	0.0669017590106975	-0.0208132416543235	0.0004331910281612	0.0044758453587254	0.0026953289233061	1.754022963379974e-05	3.076596556064265e-10	7.264798004810419e-06	-0.0012967308796132	9.33230322000024e-08	8.709188339002685e-15	1.6815109741424234e-06	0.0028027587091983	5.451646242409999e-05	2.972044675238306e-09	7.855456381986922e-06	0.0	0.0	0.0	0.0	0.0	0.0	0.0	0.0	0.0	0.0
282.6514331274374	-0.2192888817258449	79891.8326489942	0.0480876136485716	420.5533646739613	-0.6472813762317742	0.4189731800164996	176865.13253858988	263.9620069788912	0.6470368154201651	69675.94112832422	0.4186566405090688	279.3243396469624	280.3179441065747	1.121976	29.156654	0.2837208790947284	0.2348541071119233	0.0634067145	0.0363255672	-0.0049370211	-0.1128860714	-0.0871165048	0.0990421911	-0.0286746931	0.062607839	-0.0537042879	0.0613172243	0.0520469468	0.14106456	0.1113428522	-0.1233338169	0.1166312849	-0.0932035917	-0.1080717169	0.1600637222	0.0038667599	-0.0294826507	0.0926806136	0.0467277352	-0.0522631319	0.0811665993	0.0241062533	-0.0856303614	0.0360950299	-0.0206579744	0.0171590571	0.1237816721	0.1191474276	0.0208679219	0.0180094032	-0.027196621	-0.0330206741	0.0646405158	0.0417066056	0.0192183206	-0.0641634211	0.0498642192	0.0622295389	0.070901774	0.079550766	0.1563017347	0.0099305651	0.1700279435	-0.0070261621	-0.0315019542	0.12777894	-0.0369361669	-0.1102211629	-0.0451170759	-0.0314655874	0.0775272816	-0.0880618145	0.0562725944	0.0132720864	0.0683861685	0.0114701549	0.0228075107	0.179865731	-0.0976714876	0.1503941999	0.0594883971	0.0399528475	0.0706479003	-0.1258528145	0.1205980177	0.1046073603	0.0541419678	-0.0362434023	-0.1786589856	0.0439457307	-0.0453993246	-0.0394550653	-0.0694475889	0.0092933247	-0.0845999091	0.0144648723	-0.0712978727	-0.0158883732	-0.0175396187	0.0126389205	0.1966909599	-0.0067422191	0.0066739909	-0.0305135198	0.0332431851	-0.0411625889	0.0601570576	-0.0864053173	0.0412593847	-0.1020869442	0.0329218176	-0.0401776139	-0.0561465161	-0.0159649545	0.0841276913	0.1386716309	-0.0204708057	-0.0307909752	-0.0205279093	0.0363077049	-0.1330920217	0.0555067328	0.0830945673	-0.0837052675	0.0053044314	-0.0864946648	-0.0662523697	-0.0460234412	-0.2413893472	-0.0082296719	0.0956612099	-0.0885297692	0.1169640358	-0.1250060135	-0.0018093013	-0.0467155516	-0.0508987472	-0.0699232899	0.0148990786	-0.0118784459	-0.1040339497	-0.0359959652	0.040108621	0.0849443896	0.0058990503	-0.150021098	-0.0254218215	0.0293355065	-0.0266331011	0.0685809093	0.0170766572	-0.003380257	-0.0025095919	0.0394623005	-0.0744310779	-0.0360810826	-0.0739631095	0.089454464	0.0094108313	-0.0962455236	0.03495724671005	-0.0025566809382268	6.536617419892769e-06	0.0012220090975473	-0.0797838534430042	-0.2319573819219584	0.0538042270280892	0.0063654632702147	0.0327998264442044	-0.0341019325664931	0.0011629418047696	0.0010758286147699	0.0026036925757951	-9.1636347511e-05	8.397220185156753e-09	6.7792150292505215e-06	-0.0012971287339282	-3.978543149998903e-07	1.5828805596403198e-13	1.6825429523821749e-06	0.0025926952376633	-0.000210063471535	4.412666207333584e-08	6.722068595401955e-06	0.0	0.0	0.0	0.0	0.0	0.0	0.0	0.0	0.0	0.0
281.80763947069886	-0.8437936567385123	79415.54566404739	0.7119877351521502	421.240091566606	0.6867268926446854	0.4715938250814253	177443.2147430426	262.9893038297209	-0.9727031491703428	69163.37392884125	0.9461514164059024	278.24904378255206	281.3887016072435	1.232629	32.032154	0.3174368128793322	0.2760632788493282	0.0950942853	0.0344078522	-0.1251291427	-0.0483091261	-0.0305068399	0.1107537682	-0.0188358177	0.0994609214	0.018073726	-0.0593924767	-0.121015028	-0.0533249158	0.0319166159	0.0735139555	0.1656037133	-0.0554875786	-0.0017284935	0.1580944327	-0.1151669522	-0.0764753899	-0.0494915684	-0.0163710143	0.0772413798	-0.0609507684	0.0044489401	-0.0091471381	0.0617245435	-0.0768744138	0.0149457842	-0.0200202559	-0.0239374567	0.0495224499	0.0424054386	0.142099557	0.1095316688	-0.1238584012	0.0025537616	0.0643615735	0.0250714193	0.0076775985	-0.0017372895	-0.0750582203	-0.0435602344	-0.0082780975	-0.1223350724	-0.0312184638	0.1530157031	0.0341822671	-0.098017623	0.0577154214	0.0609423507	0.0025317728	-0.0237080718	-0.0983728558	0.0099306997	-0.0369590835	-0.0849846277	0.0476542344	0.1042738798	-0.0156668113	-0.0446846838	-0.0127953318	-0.0364480387	-0.0278180719	0.0053463785	0.0863335391	0.0634195269	0.178302166	-0.0131355319	0.0294982732	0.031096715	-0.1115524645	0.139429277	0.0999174133	-0.0774537147	-0.0691044335	0.0241796505	0.0041023611	0.0360659608	0.1037228106	0.1079242194	-0.0114558487	-0.0509652947	-0.0253018985	-0.1288192996	0.022751571	0.0237165899	0.0673336749	-0.0051636861	-0.0426906939	-0.0272596232	0.0168496089	-0.1198852553	-0.0393514132	-0.1071102872	0.0750243951	-0.0427891666	0.0021756266	-0.0034509133	0.0373803009	-0.0380777641	0.0953907554	0.0463726238	0.0857108136	0.0090739237	0.0769053807	0.0125766567	-0.1030176592	0.0885061495	-0.0706459314	0.1143903231	0.1372097139	0.0944390399	-0.0198395877	0.0699522807	0.1592926471	0.0278774499	0.0055391714	0.0669030201	-0.0214554467	0.0605032906	-0.0197294853	0.0630162977	-0.0418386891	-0.0963332469	-0.0332622713	0.0642834611	-0.0009251031	-0.1101532951	0.031555365	-0.0437261953	0.0946218814	0.0543782781	0.0271761299	0.0002036809	0.0539877636	0.0114302934	-0.1145966761	-0.0375415571	-0.0718126298	0.091460716	0.0031410759	-0.0938191336	0.0516146277091422	0.0166573809990921	0.0002774683417489	0.0026640697935533	0.1949989619768359	0.27478281541984	0.0755055956500539	0.0380245951720434	0.0531198978798244	0.02032007143562	0.0004129053031486	0.0028217235507629	0.0025857479356151	-1.794464017999993e-05	3.220101111896679e-10	6.686092386537751e-06	-0.0012970289185445	9.981538369994473e-08	9.963110823167188e-15	1.6822840155407152e-06	0.0026881816825952	9.54864449319e-05	9.117661165732771e-09	7.22632075864036e-06	0.0	0.0	0.0	0.0	0.0	0.0	0.0	0.0	0.0	0.0
280.82345706104616	-0.9841824096527034	78861.81403571724	0.9686150154698018	420.3445570789684	-0.8955344876375761	0.801982018548296	176689.54666591415	261.9990112318856	-0.990292597835264	68643.48188648572	0.9806794293273162	277.0087301907079	277.79437867725244	1.158047	30.094019	0.0463382797016551	0.0291195452764728	0.09083312	-0.1375176026	-0.0037510844	0.0165348078	0.0495239945	-0.0116358646	0.1316901003	0.1623188094	-0.0363991114	-0.0066438093	0.0543190573	-0.0149196367	0.0473096109	0.0677084671	0.1926031908	-0.0843340952	-0.118185149	0.0033977857	0.0406136286	-0.0071130601	0.0006776862	0.0335405113	0.0258447427	-0.0163585894	0.0292584445	0.0997523156	-0.0212150716	0.0057126136	-0.0963800016	-0.073669528	0.0081998162	0.0794025882	-0.011878197	-0.0113104182	0.0979499166	-0.0872066132	0.0477670736	-0.0777774119	-0.1191191212	-0.0195679893	0.0335357469	-0.03210131	0.0364875261	0.0581288035	-0.1822409749	0.0478460067	-0.0616168598	0.1133183148	0.1115406752	0.0668004486	-0.0713251576	0.0232727785	0.022240521	0.0951835575	0.1180615175	0.0148046225	0.0868739191	-0.0097678639	0.0775354301	-0.087518351	-0.0472751667	0.0398728329	0.0161413725	0.0586385992	-0.0307203794	0.0172928757	0.0709809344	0.1126381699	0.1860757635	0.0209375549	-0.0206803657	-0.0150139914	0.0688772402	-0.0650952175	0.1227272857	-0.0599103406	-0.0459340108	0.0403349352	0.0699414369	-0.0347349935	0.0779658382	-0.0456500877	0.0001034994	-0.0487000375	-0.102354169	-0.1184101431	-0.0279943486	-0.0618774838	0.0176624603	0.0052151699	0.0701827055	0.0217846472	-0.0916861506	-0.057238597	-0.1057925309	0.0009357709	0.0137619375	0.0543220521	0.0430564001	0.011275699	0.0457154319	0.0784388966	-0.0831294722	-0.0782381408	0.0217686785	-0.0288745649	-0.1213664063	0.0918094057	0.0589490677	-0.031050567	-0.1218764435	0.0751489913	-0.0215124199	0.1148187951	0.0769688518	0.0690954505	-0.1425770932	0.0441563113	-0.0065238409	-0.0071539734	0.0488809558	0.0501307091	-0.0739769876	0.0108773972	0.0027561883	-0.0374729889	-0.0039698469	-0.0047170075	-0.1227429229	-0.0397238783	0.0338804832	0.0725648217	-0.012781785	-0.1513746521	0.0320942471	0.0284991711	0.0225906045	-0.0764444262	-0.0389927688	-0.0695912797	0.0932639023	-0.0031410759	-0.0908143174	0.0524643818391581	0.0008497541300159	7.220820814790825e-07	0.0027525113617649	0.1733442887810667	-0.0216546731957691	0.0004689248712155	0.0300482424530138	0.0522700125114994	-0.0008498853683249	7.22305139292916e-07	0.0027321542079523	0.0029952232406067	0.0004094753049916	1.6767002539796382e-07	8.9713622610705e-06	-0.0012960541500526	9.747684919000476e-07	9.501736128010932e-13	1.6797563598685673e-06	0.0026389524159278	-4.92292666674e-05	2.4235206966099803e-09	6.964069853531172e-06	0.0	0.0	0.0	0.0	0.0	0.0	0.0	0.0	0.0	0.0
281.2189338669833	0.3954768059371645	79084.08876528274	0.1564019040342616	417.3531939281117	-2.991363150856728	8.94825350030349	174183.688481996	262.6301416416576	0.6311304097719699	68974.59129871713	0.3983255941389346	277.5693788079924	272.2325100556803	1.049137	27.263779	0.1525708005760269	0.128616022429174	0.1072844793	0.0427605588	0.0928267185	0.0525803635	-0.0434338654	0.0104834263	-0.0865798955	0.0512957517	0.0732995514	0.0247654612	0.1253959971	-0.0117028164	0.0525097055	-0.0211591539	0.1599784226	-0.0672631248	-0.0504914168	-0.085227664	0.0041047275	0.0560443847	0.0582109562	0.029437118	-0.030482486	-0.1090607892	0.1028038451	0.0171037237	-0.0455222687	-0.0864291283	0.0120944091	-0.1747484964	0.0760908439	0.0330321017	0.0681544674	0.0101038852	-0.0491348109	0.0928180197	-0.0201583482	-0.1376046007	0.0898956429	0.0424583982	-0.0330831366	0.0538674844	-0.0218461544	-0.0246050757	0.0007329066	0.1471110876	0.078037875	-0.0105804466	0.0093316682	0.1123380873	-0.0560733276	0.0124106345	-0.0160255346	0.048240599	0.0241564228	-0.0620186679	0.0713323402	0.1409982836	0.0059001375	-0.0179250277	0.0003474111	-0.0505894969	0.0617125694	-0.0096643709	-0.0460866599	-0.0837514655	-0.0203239522	0.0783535276	0.1091486708	0.1384352869	0.0236918072	0.0780409236	0.0197842692	0.0108924246	-0.0197002492	0.0216068716	0.0812595576	-0.0652488226	0.1109330644	-0.0268782939	-0.0485159734	0.0586757932	0.0151101111	-0.06976201	-0.0629158981	-0.0320292378	-0.0156749004	0.1323632257	-0.1639329809	0.0855882108	0.1283905505	-0.0256392008	0.029747663	0.0819267926	-0.0670677135	0.051148314	0.0353158936	-0.0119071529	0.1306849722	-0.0632756607	-0.0320076714	-0.0815062344	-0.11453541	0.0889969234	-0.005239643	0.0542717187	-0.0611360253	0.0425670373	-0.0226018953	0.0315828861	0.0026437751	-0.1305882552	0.0483097318	0.0966702158	-0.0201892212	0.1146656248	-0.110456054	0.0594853897	-0.0543591676	-0.0159595978	0.0182350401	-0.1059962373	-0.0038758237	-0.041928586	0.0149687097	-0.0580949135	0.0409642132	-0.0389543436	-0.0742655751	-0.1260281397	0.0859670721	-0.0240885969	-0.0188965365	-0.0104495591	-0.0305833375	0.0662517289	0.0212854952	0.0446747113	-0.0404343596	-0.0673012514	0.0948600195	-0.0094108313	-0.0872496007	0.0512521380624662	-0.0012122437766919	1.469534974128241e-06	0.002626781655974	0.0449859061267545	-0.1283583826543122	0.0164758743976308	0.0020237317500451	0.0641252872917022	0.0118552747802027	0.0001405475401141	0.0041120524702433	0.0031021505572474	0.0001069273166406	1.1433451043980502e-08	9.623338079830354e-06	-0.0012960929314762	-3.8781423600036883e-08	1.5039988164454973e-15	1.6798568870225696e-06	0.0025230205266957	-0.000115931889232	1.3440202940923894e-08	6.365632578127848e-06	0.0	0.0	0.0	0.0	0.0	0.0	0.0	0.0	0.0	0.0
282.21581977405395	0.9968859070706344	79645.76893074131	0.9937815117160416	419.5283582375266	2.1751643094149244	4.731339772952505	176004.04336547447	263.105872293258	0.4757306516004291	69224.70003519619	0.2263196528721689	277.84241333426866	279.2534499149608	0.8963769999999999	23.294022	0.0712839874053745	0.035832464108905	0.0338709462	0.0158540246	0.0164432198	0.0560144329	0.0698243647	-0.011993523	-0.0044320996	0.0108168055	-0.0516083412	0.0386447245	-0.0269126289	-0.0217104387	-0.0312868934	-0.0438143852	0.0880945892	-0.0059483574	-0.0289331288	-0.0609142333	-0.0592555592	0.0457287232	0.0593216432	-0.0435508287	-0.1229528531	-0.0385148116	0.1029566588	0.0998921739	-0.1224201408	0.0185604813	0.034121761	-0.0244508448	0.1012287183	-0.1430230816	0.0911884611	-0.0354217275	0.0805211981	0.0505895118	0.0278948625	-0.0368406465	-0.0959304071	-0.0503845264	-0.0284172786	0.0315321507	0.1210353042	-0.0293035813	0.0253615236	0.0308787788	0.0466020605	-0.0989520499	-0.026939976	0.1315994991	0.0864855948	-0.0091486198	0.0579667745	0.0164330285	0.0079582045	0.0166735443	-0.0416703719	-0.0058881347	0.0976312907	0.075819958	-0.0009622194	-0.1090416204	-0.0227545787	0.0310709791	0.063355042	0.031919012	-0.0415724172	0.0366446761	0.0122967763	0.0543447081	0.0276560242	0.0324852534	0.0578540767	0.0104464956	0.1608740047	0.0339114403	-0.0029085987	-0.1364373255	0.0852521656	-0.0755482001	0.0103630715	0.0873726496	0.0476005649	-0.061761116	0.0588504287	0.0139755316	0.0771766499	0.0490497193	-0.0576268542	0.0872227474	0.0310392451	-0.0404739212	0.0590358001	-0.0496166472	-0.0400575353	-0.0133191328	0.101912017	0.0306587128	0.0999355068	0.0324357858	0.0408198887	0.0855332169	-0.1180163346	-0.0367572953	0.0583566835	-0.0234932219	-0.0516674275	0.0458060501	0.0523815035	0.0126240678	0.0678235085	-0.1180970836	0.0533804764	-0.141819724	-0.0336520583	0.1001848361	-0.0555861511	-0.0004103125	0.0125535744	0.0293418544	0.0214036721	-0.0630991786	-0.0483207211	0.111826035	-0.0119781126	0.0148820194	0.1496037898	0.0487463459	-0.0567478664	-0.1249299329	0.0558707129	-0.0507728901	-0.0253912148	0.0517143707	-0.1410938589	-0.0123633897	-0.0061292296	0.042516279	-0.0418659738	-0.0649448048	0.0962455236	-0.0156434465	-0.0831469612	0.0539820123563856	0.0027298742939193	7.452213660601921e-06	0.0029140576580449	0.0232750351665771	-0.0217108709601774	0.0004713619178494	0.0005417272620054	0.0624174286970244	-0.0017078585946777	2.916780979414805e-06	0.0038959354051481	0.0027702565233057	-0.0003318940339416	1.101536497660942e-07	7.674321204917785e-06	-0.0016191696694156	-0.0003230767379393	1.0437857859756373e-07	2.621710418355423e-06	0.0027707574259466	0.0002477368992509	6.137357125045058e-08	7.677096713438229e-06	0.0	0.0	0.0	0.0	0.0	0.0	0.0	0.0	0.0	0.0
282.7439700361242	0.5281502620702554	79944.1525917887	0.2789426993248795	421.4531351401589	1.9247769026322883	3.704766124906746	177622.74511946904	263.4723959438427	0.3665236505846678	69417.70342438901	0.1343395864379117	278.1487459326134	282.3327271444202	0.851858	22.137115	0.160324201854149	0.0920832412686903	-0.0139692373	0.0225061637	0.0697501045	-0.0057365914	0.0608803205	-0.0851969237	-0.043291767	0.0202564464	-0.0157106698	0.0155125291	-0.0403217436	-0.0692230063	0.0041981227	0.0157543475	0.0604115839	0.0394692143	-0.0015351473	0.0421228497	-0.0450951478	-0.0106532375	0.0511729956	-0.1341791334	0.0075193125	0.0470974122	0.101284764	0.0615620409	0.0025923163	-0.1303477686	-0.1464243358	0.0423304848	0.0205871249	-0.1455133994	-0.0869913708	-0.1265424238	-0.0456955373	0.1811030685	-0.0886499654	-0.0924831514	-0.0485699879	-0.1317415703	-0.080367189	0.0590913768	0.0010451776	-0.0094780385	0.0247874232	-0.0474773352	-0.087908822	0.0781761093	-0.0252322656	0.0583154708	0.0109983966	0.0486312425	-0.0194817359	0.0335301806	-0.0043106723	-0.0057208844	0.1129839229	0.0282484029	0.0218902307	0.0124396619	0.1288016754	0.060000049	-0.0380529675	-0.0448398079	0.0078229653	-0.025641845	0.0189035361	-0.0051208353	-0.0033199267	0.0834849458	0.0737882961	-0.0146477653	0.0174220014	0.0790518765	0.030460118	-0.1357412468	-0.0481461668	-0.0343506155	0.0941227291	-0.0270105764	-0.1248996417	0.1506644644	0.0590276501	-0.0285733621	0.0774857401	-0.1026675611	0.0781334443	-0.1046367081	0.0754795074	0.0782441385	-0.0865503713	-0.0023717719	0.1798512331	0.001534503	-0.0859790602	-0.0256463079	0.0168185169	0.1505965755	-0.0714696917	0.0117816608	0.0373152566	-0.1583795317	-0.0823148649	0.0390984723	-0.0276283443	-0.0510176037	-0.0167744229	0.0552303696	0.0525208628	0.049226637	-0.0370724693	0.0039060238	-0.0111937457	0.0440609745	0.0139937682	0.0618634372	-0.0191030194	0.012043227	0.0232176752	0.0217077741	-0.0314426728	0.0392793432	-0.1423601274	-0.0827062406	0.098794744	-0.0172589727	0.0336168011	0.0051805638	-0.0527886615	-0.0664716847	-0.0219244239	0.068674104	0.0735035031	0.0625781467	-0.1328787788	-0.0851170284	0.0193669246	-0.0796309209	-0.0432872582	-0.0625242656	0.0974173387	-0.0218143241	-0.0785316931	0.0878650193253349	0.0338830069689493	0.0011480581612578	0.0077202616210414	0.1003022704248763	0.0770272352582992	0.0059331949715373	0.010060545452385	0.0636196667827349	0.0012022380857104	1.445376414732837e-06	0.0040474620015462	0.0025816375464073	-0.0001886189768984	3.5577118446199175e-08	6.664852421019904e-06	-0.0023190323979438	-0.0006998627285281	4.898078387829368e-07	5.377911262712971e-06	0.0026950047005494	-7.575272539719988e-05	5.738475405103572e-09	7.263050335983362e-06	0.0	0.0	0.0	0.0	0.0	0.0	0.0	0.0	0.0	0.0
282.2646181378714	-0.4793518982527871	79673.31465251837	0.2297782423585503	418.02493449818	-3.42820064197889	11.752559641664472	174744.8458622077	263.348999490977	-0.123396452865677	69352.69553289861	0.0152266845798312	278.32694065370305	281.71889961113413	0.899277	23.369385	0.1323307253524095	0.0784903648650457	-0.0203271631	0.0701694799	0.0173974212	0.0591535632	-0.0096538653	0.0708250251	-0.0064982111	-0.0140948288	0.100008529	-0.0520282324	0.0005542037	0.0087236695	-0.047557076	0.0303415441	0.0509848007	0.0446500292	0.0401457918	0.0350193582	0.0420506873	-0.0677832387	-0.0488822235	0.0112734935	0.0313524087	0.0155863729	0.156858044	-0.1448415852	-0.1611945523	-0.0661634428	-0.0170676004	-0.0640330223	0.0055732309	-0.0852799861	0.0878714305	0.1139410489	-0.0182304731	-0.0180106518	0.048419932	0.0847512224	-0.0572274061	-0.0737189688	-2.0912e-05	0.0234051184	-0.0883012966	-0.0418998667	0.0706011671	0.0225192161	-0.0364161144	-0.1050744222	-0.0117302879	-0.0134611937	0.008216546	0.087826268	-0.0801244655	0.0434901816	-0.018867865	0.0251172272	-0.0446349715	-0.0497428875	-0.0470076687	0.0174813972	0.0412392883	0.1259908702	-0.0723370343	-0.0974780617	-0.0979904717	0.0044227456	0.0292435357	0.0709146352	-0.0036913007	-0.0565257102	0.0602848475	0.0018122038	-0.0041309093	0.0116400346	-0.1277241893	-0.0431292139	0.0477916349	-0.0772858514	0.1030257117	-0.0999308391	0.0641639622	-0.0591511876	0.0629418014	-0.0645959694	-0.0211163504	-0.0351078714	0.0872178993	0.0682798097	0.0391638987	0.1526458174	-0.1061353797	-0.0051939694	-0.0259887479	-0.0381180677	0.126517532	-0.0359964357	0.0800916214	-0.0957116122	0.0070750071	-0.0536542179	0.0461575168	0.022061699	-0.0166580924	0.0980182735	-0.0289158655	-0.0378066839	0.1269157426	-0.0280153917	-0.0343928768	-0.0649465524	-0.0530591638	0.0268036662	0.0724897939	0.030850003	0.0477117267	0.0629849818	-0.0087253437	0.0385995125	-0.0337913051	0.0167637879	0.0950350772	-0.1035258172	0.0414814524	-0.0915931425	0.007376255	-0.0615765088	0.0639549026	0.0410660229	-0.0935216823	-0.0591479277	-0.029718019	0.0934836328	0.0535442011	-0.0328090485	-0.081847597	-0.0603638809	0.06990161	0.0625392027	-0.0446978621	-0.0600420225	0.0983728629	-0.0278991106	-0.0734322509	0.0932072081757411	0.0053421888504062	2.853898171340433e-05	0.0086875836559159	0.1647472037637385	0.0644449333388622	0.0041531494330503	0.0271416411479707	0.0228697706517237	-0.0407498961310111	0.0016605540346882	0.0005230264096624	0.0026386429596675	5.7005413260200095e-05	3.249617140966197e-09	6.962436668602864e-06	-0.001995023588891	0.0003240088090527	1.0498170834381368e-07	3.9801191202315256e-06	0.0026401447822198	-5.485991832960028e-05	3.009610639130413e-09	6.970364471082435e-06	0.0	0.0	0.0	0.0	0.0	0.0	0.0	0.0	0.0	0.0
282.34303949032494	0.0784213524535175	79717.59194863519	0.0061499085206388	420.9085235318271	2.8835890336470698	8.315085714969642	177163.98518174264	262.9907452504504	-0.3582542405266053	69164.1320873873	0.1283461008552948	277.4363387317703	284.6286702584666	0.956953	24.868204	0.139572596499661	0.064980743275092	-0.0605493045	-0.0817449793	0.0284299237	0.0411830346	0.1194664502	-0.0670312774	0.0871910125	0.0171659439	-0.0350552527	-0.0190030736	-0.0605448604	0.0086442614	-0.0843459357	0.0488517293	0.0171315506	0.0703485934	-0.0269947592	0.0307298942	0.0460923835	-0.0094178643	0.0623943074	-0.1092646394	-0.0146433629	-0.1071218655	0.0911615131	0.0919351854	-0.0493774834	0.0307622354	-0.0909610935	0.0234481405	-0.049326093	-0.0897604108	0.0634920644	0.1775248719	-0.0617740188	0.0516198997	0.0540346812	-0.0250166942	-0.0731488712	-0.0961105336	-0.0986522069	-0.0143242267	-0.0800313085	0.0781833365	-0.0805136781	0.0347479116	0.0149952326	-0.0476571815	-0.1526644851	-0.0418158635	0.0596854623	-0.0413861437	0.0020722667	-0.0480204756	-0.0111968221	-0.004664997	-0.0070536506	-0.0725994198	0.0178690888	0.0132127685	0.0737746475	0.1681702918	0.0446954165	-0.1370925981	-0.0581247602	-0.0244699643	0.0542702344	-0.0405190308	0.0528107828	-0.0372398413	0.0464244024	-0.0524441656	0.0026918117	0.0509784383	0.0934245428	-0.007207397	-0.0605127066	-0.0575351576	0.1358997896	0.0347774712	0.0498332236	0.0465504262	0.0259124471	-0.0041179906	0.0031332866	-0.0523810104	0.1647706026	0.0920965183	0.0859410475	0.1226263197	-0.0941836803	-0.0095597378	-0.0108589294	-0.0099908519	-0.0295720884	0.0722079408	-0.0665697715	0.0173348314	-0.0729905312	-0.1482506006	-0.0192752888	0.0948515029	-0.083318953	0.0124361952	0.1012839539	0.032716602	0.1052257062	-0.038899156	-0.0008054632	-0.0228540383	-0.0752590298	0.1290303414	0.060786368	0.0018765516	0.0679159354	-0.0243120833	-0.0709592037	0.0263265279	0.0587771079	0.0856451533	-0.0212932062	0.0385933843	-0.0393173091	0.0928280079	0.0308240804	0.0177752019	0.0574333577	-0.0144364808	-0.096188937	-0.1238336585	0.0445108369	0.1295969966	0.0367178662	0.0035655816	-0.0283722298	-0.0489273082	0.0796024165	-0.0331435818	-0.0460974375	-0.0575005252	0.0991099747	-0.033873792	-0.0678800746	0.1114656009596757	0.0182583927839345	0.0003333689070524	0.0124245801973016	0.1484937309210607	-0.0162534728426778	0.0002641753794476	0.0220503881228563	0.0555772615707823	0.0327074909190586	0.0010697799622203	0.0030888320037071	0.0020708099017661	-0.0005678330579014	3.224343816456548e-07	4.288253649252525e-06	-0.0026980931808679	-0.0007030695919769	4.943068511625646e-07	7.279706812645862e-06	0.0028163069314213	0.0001761621492015	3.1033102811291634e-08	7.93158473197166e-06	0.0	0.0	0.0	0.0	0.0	0.0	0.0	0.0	0.0	0.0
283.548942457692	1.2059029673670807	80400.00276887554	1.4542019667047306	419.8737397211248	-1.034783810702265	1.0707775348915016	176293.95730740286	264.13811166704863	1.1473664165982314	69768.94203503426	1.316449693937466	279.08631965592684	286.7768158999083	1.227396	31.896177	0.3781425997083878	0.3155538689601364	-0.0621739149	0.106292491	0.0171751421	0.0180346903	-0.080184478	-0.0269894817	-0.0611256796	-0.0436095291	-0.0021608874	0.1447222197	0.033248466	-0.0187173984	0.0789201395	-0.1259781032	-0.0803687893	-0.1270137094	-0.0905514936	0.0097645162	-0.0386258994	-0.1028748298	-0.0078864751	-0.0397598389	-0.0182353523	0.036156219	0.0147421047	-0.043926421	0.0739216712	0.0140754501	0.0135935584	0.1080239891	0.0095649667	0.0590549241	0.0944744526	-0.1060166074	0.0065677749	0.0081579893	-0.0682392285	-0.0360990894	-0.0515807806	0.0181763108	-0.013724036	-0.0949890847	0.0011661328	-0.0299114076	-0.0740445519	-0.1023557037	0.0348618398	0.0108675986	-0.0301431211	-0.0063685312	0.0720245151	0.0252494081	-0.0633318949	0.0395554706	0.0454992577	-0.1516914847	0.087692515	-0.0757888565	-0.0177641787	0.0956688235	-0.0017281855	-0.0240114683	0.0647523458	-0.101612459	0.0561376406	0.0252825478	-0.1298766012	-0.0401713693	-0.0369224044	0.0754000886	-0.1201319553	0.0073844406	0.112519307	-0.051060708	-0.079322869	-0.0801859862	-0.0334097095	-0.0259334084	0.0335560922	0.0749655821	-0.0770018559	-0.0342755374	0.0728638146	0.0941358927	0.0566305688	-0.0279980056	0.0015378642	-0.0582924141	-0.0312903557	-0.1180487748	0.024691822	-0.0192004656	0.03815466	0.0618835414	-0.0246586703	0.0283164293	0.0108905781	-0.0167898881	-0.011434512	0.0718082069	0.0730299816	0.0590208858	-0.0130123509	-0.0317841416	0.0278660535	-0.0074781601	0.0548116757	0.0384840679	0.1642805789	0.0250556729	-0.1182781549	-0.0138604722	0.0397051113	0.0312786442	-0.1448498859	0.0192047384	0.0038719961	-0.1238643066	0.0282818278	-0.1240398672	-0.0111756009	0.0187517854	-0.004149857	-0.0433880027	0.16926845	-0.0536222951	-0.0116474859	0.0208901388	-0.1732250391	0.005277226	-0.0213438144	-0.0009579313	0.0087697939	-0.0379191097	-0.0248674648	0.0361962051	0.0959673858	0.0695011413	-0.047485639	-0.0549022818	0.0996270376	-0.0397147891	-0.0619093949	0.1117119195271101	0.0002463185674344	6.067283666293525e-08	0.0124795529644315	-0.166349540421649	-0.3148432713427097	0.0991262855097791	0.0276721695984938	0.0349114472963236	-0.0206658142744586	0.0004270758796264	0.0012188091523239	0.0024809399717929	0.0004101300700268	1.6820667434018805e-07	6.155063143639757e-06	-0.0029698134102931	-0.0002717202294251	7.383188307888322e-08	8.81979169195673e-06	0.002982200542445	0.0001658936110236	2.7520690178482616e-08	8.893520075359251e-06	0.0	0.0	0.0	0.0	0.0	0.0	0.0	0.0	0.0	0.0
282.95370460157835	-0.5952378561136697	80062.79894775726	0.3543081053507978	420.2883284655484	0.4145887444235541	0.171883827002699	176642.27904436467	262.7245980902967	-1.413513576751939	69024.21444170793	1.9980206316620588	277.64218122231523	284.6038774237847	1.276222	33.16502	0.6254777194666509	0.542605077506713	-0.0723212314	0.0438643808	-0.0375516143	0.0896549799	0.1270211043	0.0152375708	0.0569190893	-0.1080662937	0.0049397659	-0.1541588705	0.0455043801	-0.1039954141	-0.0264333781	0.1426311465	-0.0665192566	-0.0510423941	-0.0088157792	-0.0355784676	0.0085167747	-0.1205201484	-0.0354509473	0.0403290103	-0.050583318	0.0666170815	0.0434043543	-0.0011144624	0.0049608724	-0.002106011	-0.0131034453	0.254839711	0.1043066865	0.0133921445	0.040816668	0.0511940706	-0.0694545099	-0.0351770195	0.0125496922	-0.0731721797	0.0011897573	-0.0255596474	-0.157510399	-0.0939540798	0.0001108269	0.0524935034	-0.0062563099	0.048576965	-0.0761537647	-0.1129329872	0.0537381953	0.1382163238	0.050663671	0.0245387313	-0.0867994069	-0.0564036667	0.1039143174	0.0452631414	0.0411030691	-0.0504368751	-0.0926286837	0.0092728863	0.0092605757	-0.0635406529	0.0214660711	-0.0349710896	-0.0395548259	0.0081991839	0.1383949267	0.0038442395	-0.0643895917	-0.085007513	-0.07068426	0.0675185587	0.0615095686	-0.1167378555	-0.0301143004	-0.0391219381	-0.0264603903	-0.0884729146	0.0555073957	-0.0592743058	0.0220324943	0.0356999019	0.026779597	0.2288540951	0.0256669881	0.0986654123	0.0623455381	0.0311045142	0.0523215971	-0.0279720826	0.0584319381	-0.0482615802	-0.0340890456	0.0372306494	0.011641978	0.0553225006	0.0312108158	0.1640830204	-0.0041299862	0.0167645984	-0.0114197118	0.0076561668	-0.0191927971	0.0129408159	-0.0807283743	0.0251056697	0.0213772582	-0.0049775108	0.0285618144	-0.107881492	-0.1211653052	-0.0133983732	-0.0234066156	-0.0142563795	0.1468480966	-0.0097255402	0.1022181833	-0.0476017509	-0.143133945	-0.1294975296	0.1079904779	-0.0127723448	0.0451857059	0.0034525964	0.0548443697	0.2266096393	0.0541459075	0.0568376808	-0.0858207427	-0.0943652238	-0.000227005	-0.0743831247	0.0416675733	0.0949392765	-0.034171752	0.1479961573	0.0971088595	0.0332300503	-0.0488621241	-0.0522498565	0.0999229036	-0.04539905	-0.0555570233	0.1531975970516299	0.0414856775245198	0.0017210614396684	0.0234695037423935	0.375611967657278	0.5419615080789271	0.2937222762391849	0.141084350247372	0.0192337935094997	-0.0156776537868239	0.0002457888282595	0.000369938812766	0.0021281988411115	-0.0003527411306814	1.2442630527439278e-07	4.529230307308331e-06	-0.0029701548953369	-3.4148504380032e-07	1.1661203513930651e-13	8.821820102293752e-06	0.0031561755282474	0.0001739749858024	3.0267295684945325e-08	9.961443965107756e-06	0.0	0.0	0.0	0.0	0.0	0.0	1.0	0.0	0.0	0.0
283.36391498368204	0.4102103821036849	80295.10831487938	0.1682725575856511	420.0910933685303	-0.1972350970180514	0.0389016834957201	176476.52672756725	263.48100591392125	0.7564078236245564	69422.2404774118	0.572152795640438	277.83561210226367	288.1546527725021	1.362718	35.412773	0.4336049021123703	0.3891524389164289	-0.1158671106	-0.0760358879	0.0816098229	-0.0855352114	0.0145134021	-0.0861608489	-0.0335991531	-0.0523671947	-0.0786829145	0.0292144334	-0.006312346	0.1950372099	-0.0888106395	-0.0769859025	-0.0972775261	0.0624361582	-0.1088318186	-0.0024412007	0.0183391989	0.1011608638	0.0985124045	-0.0271391863	-0.1770298821	0.0268178724	0.042046268	0.0430749793	-0.0151611406	0.1258876968	-0.0692928419	-0.0467523668	-0.0212718451	0.1151759333	0.0545746072	0.0099456502	0.0072867151	-0.1293061543	0.23116041	-0.1414293236	0.0167454942	0.0903473325	0.0939533746	-0.0315968261	0.0692753031	-0.0559788162	-0.0140583423	-0.0081660778	0.0319789585	0.0247508974	-0.0639203441	-0.0093296719	0.0386815569	0.0574283456	-0.0135857965	-0.0251664781	0.0049119884	-0.1174377435	-0.0628035074	-0.012389013	-0.002883568	0.0469262431	0.0749707155	-0.066844885	-0.0651220245	-0.0200355083	-0.0471348535	0.0716870149	-0.0642782737	-0.18008336	0.044263079	0.0273585821	-0.0014915325	-0.090349676	-0.0026717903	-0.0096953272	0.1208823876	0.0669950261	0.0207932501	-0.1379000726	-0.1062658585	-0.0255443386	-0.0058507558	-0.0667746467	-0.0934999453	0.079860951	0.0379235092	-0.1714512176	0.0397536794	0.026615694	-0.0800927068	0.0491275474	0.1587110543	-0.0421242087	-0.1123308643	0.0523070227	-0.1585843775	-0.0160032464	0.0956726218	-0.1007579398	-0.0811353168	-0.0127227477	-0.0504352881	0.1283568996	0.0396617114	-0.0255561122	-0.0102094554	-0.0842344248	0.0270116101	-0.0036756323	-0.0334918314	0.0406572219	0.0233485739	0.0474615251	0.1136008678	-0.004241371	-0.0447135652	-0.1248650791	-0.0883466284	-0.0727398341	-0.0147829452	0.05464075	-0.0979777241	-0.0291535246	-0.0321699753	0.0582723279	-0.0834731992	0.0049354439	0.1465204105	0.030968689	-0.1089989165	0.0819812653	-0.0457857311	0.0144344342	-0.0119318075	0.0898599426	-0.1043680269	0.023047558	0.0677486743	0.0535867178	-0.0502265533	-0.0495458668	0.0999969158	-0.0509041416	-0.0488621241	0.1495337673375729	-0.003663829714057	1.342364817360711e-05	0.0223603475741673	-0.0111786456020581	-0.3867906132593361	0.1496069785055333	0.0001249621174964	0.0185281937701375	-0.0007055997393621	4.978709921880012e-07	0.0003432939643837	0.0020900001266104	-3.819871450109992e-05	1.4591417895365411e-09	4.368100529231488e-06	-0.0037041425082309	-0.000733987612894	5.387378158818324e-07	1.3720671721283105e-05	0.0032328863888446	7.671086059720007e-05	5.884556133563063e-09	1.045155440317668e-05	0.0	0.0	0.0	0.0	0.0	0.0	0.0	0.0	0.0	0.0
283.4285597242574	0.0646447405753747	80331.74846736695	0.0041789424840574	421.289056854248	1.1979634857176509	1.435116513112784	177484.46942514178	263.4828990769807	0.0018931630594352	69423.2381060104	3.5840663696100844e-06	278.53381860342137	289.16633144807776	1.442449	37.484726	0.2289137776577799	0.1898020516882259	-0.0863857355	0.1108166716	-0.0630640852	0.0523106413	-0.0141555915	0.0501897555	-0.0129247451	-0.117085145	0.0578354803	0.0266781193	-0.1577075803	-0.0911972264	0.0536870173	0.0355424631	-0.0433593774	0.102107889	0.0169814664	-0.0465755636	-0.1788947201	-0.1548807893	-0.0915112218	-0.1060479542	-0.0031378163	0.0896773572	0.0559380006	-0.0794244263	-0.0799192158	0.0084689657	-0.0689819769	-0.0600201725	0.0636854979	0.0150326971	0.0395644052	0.0155538665	0.162321569	0.0688789494	0.0612677158	-0.0177367845	-0.0426340227	-0.0110130057	0.0973778645	0.1127485823	-0.0100591039	0.0417581559	-0.0009367183	-0.1175857614	-0.0172422381	0.0238633447	-0.0328322051	-0.0245557663	0.0704344545	-0.0746273098	0.0496152802	0.08182989	0.0075472999	0.1098834063	0.0874489264	-0.0619046929	-0.0249510611	-0.1320259185	0.017519357	-0.052503671	0.1130492732	-0.133429895	0.0080132192	0.03039473	0.0275729074	-0.0087505916	-0.1674289122	-0.0474412405	0.1153045206	0.0654631864	0.1774256439	0.0349252734	-0.0815878072	-0.0522193341	-0.04941049	0.0069538919	-0.0168483797	-0.1046202691	0.0700826183	-0.1030060753	0.0866487177	0.001790947	-0.0155969468	-0.1264764777	0.0885539869	-0.0375938133	-0.0627175959	0.0083161482	0.0463771415	0.1225162372	0.0941887475	1.47405e-05	-0.0527807544	-0.1116190497	-0.1245072033	-0.0585354843	-0.0649336406	0.024140997	-0.0310834103	0.0819568685	-0.0500474853	0.0025410682	0.0361579629	0.0470975386	0.1114185697	0.0583096979	-0.0345804	-0.0860598897	-0.1093391701	-0.0842510409	-0.0053863317	-0.0109218653	0.0163914042	-0.0051596313	0.184712217	-0.0466703137	0.0136166454	0.0342720933	0.1325637593	-0.0412615208	-0.0701674367	-0.1389560961	-0.077829722	-0.0079710601	0.0727859879	0.0367519995	-0.073503495	0.0016861835	0.0024979199	0.1411079329	-0.0608794249	0.0211514043	0.0063236244	-0.0183686815	-0.0212936392	-0.0225168501	-0.0515785898	-0.0467929814	0.0998489097	-0.0562083378	-0.0418659738	0.1540112401426512	0.0044774728050782	2.0047762720215663e-05	0.0237194620902773	0.1767940994518113	0.1879727450538694	0.0353337528830869	0.0312561536009769	-0.0084967958115598	-0.0270249895816973	0.0007303500618908	7.219553906334016e-05	0.0020587704651897	-3.122966142070013e-05	9.75291752451566e-10	4.238535828337413e-06	-0.0038006314353724	-9.64889271414999e-05	9.310113060917676e-09	1.444479930754087e-05	0.0032939392046251	6.105281578049982e-05	3.727446314727647e-09	1.0850035483766236e-05	0.0	0.0	0.0	0.0	0.0	0.0	0.0	0.0	0.0	0.0
283.45868611375664	0.0301263894992303	80348.8267333372	0.0009075993442593	421.3233003685691	0.0342435143211332	0.0011726182730616	177513.3234334635	263.46108435698983	-0.0218147199908571	69411.74297056091	0.0004758820082795	278.33764025357186	288.71150194894057	1.424049	37.006577	0.2501779347475574	0.184856968590533	-0.1291713845	-0.0979578573	0.043645233	0.0291049767	-0.0090516533	-0.0811649166	0.1094142742	-0.0542815574	-0.0287325769	-0.003900499	0.0759670696	0.132867574	-0.0060850683	-0.0451099161	-0.0673166382	0.1017913404	-0.086081993	-0.0298545345	0.1377581401	0.0208707913	-0.0580574444	0.0415355471	-0.0402233192	0.1266646245	0.0518507004	-0.0352565781	-0.0079995635	-0.009689623	-0.0418873105	0.0037839854	-0.0111400731	-0.0318130736	0.0763283718	0.0033193855	-0.0833710277	0.0820781254	-0.035434393	0.0234481782	-0.0818253196	-0.0255957664	0.1130361179	0.0668457841	0.0845425355	0.0160646673	-0.0221574188	0.1103723809	0.0117807182	-0.0321617679	0.0040424275	-0.1085442923	0.1617535363	0.0314211402	0.0400438336	0.0102561661	0.0124004783	0.04054516	-0.0210075085	-0.0938756395	0.0611775762	-0.0481170788	-0.0793031622	0.005793061	-0.0109669414	0.0703628239	-0.0219437033	-0.1456980632	-0.0365513421	-0.1366206032	0.1043020097	-0.0831694697	0.0329851916	0.0050855108	-0.0464048486	-0.0889978073	0.0035953562	-0.0514829088	-0.0205228284	-0.0025838945	-0.0713511711	-0.0655479026	-0.0288444649	0.0044788434	0.1675124335	0.0019084898	0.0770561418	-0.0831523779	-0.0494287427	0.0952635617	0.0546203472	-0.0002013598	-0.0296226183	-0.0551808461	-0.019601194	-0.0227301797	0.0217422682	-0.1181096587	-0.0129165722	-0.1338370518	0.0906501167	0.0291424858	0.0879958557	-0.0686715949	-0.0480439375	0.0215376731	0.1969939244	-0.0143154314	0.0465383652	-0.0465879503	-0.0318701	-0.0771576854	0.0308217091	0.0109948821	-0.0578471353	-0.1243901244	-0.0312409193	-0.1494972276	-0.1081613983	-0.0133997818	-0.0684187985	0.0913914407	-0.0055554185	0.0607180582	-0.0025607612	-0.001042197	0.0763732004	-0.0936553249	-0.0331118825	-0.0640867362	-0.0879775335	-0.0287949764	0.1142885541	0.0527397312	-0.0040857305	0.0461003691	0.0145369848	0.0607378901	0.011652719	0.1190521455	-0.0529179001	-0.043993917	0.0994792142	-0.0612907054	-0.0346117057	0.1608104332476756	0.0067991931050244	4.622902687941154e-05	0.0258599954413051	-0.00168279088318	-0.1784768903349912	0.0318540003836485	2.8317851565137247e-06	0.0229978232409919	0.0314946190525517	0.0009919110292653	0.0005288998738239	0.0016532130640986	-0.000405557401091	1.6447680557976716e-07	2.733113435306282e-06	-0.004046289368889	-0.0002456579335165	6.034782029964615e-08	1.637245765678414e-05	0.0033108685151172	1.6929310492100075e-05	2.8660155373792967e-10	1.0961850324394372e-05	0.0	0.0	0.0	0.0	0.0	0.0	0.0	0.0	0.0	0.0
283.8660648767306	0.4073787629739627	80579.94278860022	0.165957456522196	423.308255962025	1.9849555934558796	3.940048707991782	179189.87956561125	263.9464620202365	0.485377663246652	69667.73481300013	0.2355914759787803	279.2425486521749	288.9478544756782	1.48992	38.718349	0.0809772999027441	0.0398332720703469	-0.0720510247	0.2040244556	-0.0591489055	-0.0721718334	0.0351525092	0.1024643023	-0.1282832549	-0.1338082716	-0.0873984814	0.0110428693	-0.0297134233	-0.0688504859	0.048551808	-0.030326204	-0.0530027404	0.0454813215	0.0878344571	-0.0040493508	-0.1172297493	-0.0607720214	-0.0209933717	0.1309894781	-0.0479336258	0.0548103831	-0.1154607589	0.0488295285	0.0272695053	-0.0450090436	0.0638400877	0.0586495071	-0.1282753236	0.0108107654	-0.0087536111	-0.1170691263	-0.0079798273	0.1089323198	-0.0920513813	0.0268702379	0.0711472594	-0.0434491985	-0.0130768321	0.1048764591	0.0171542379	-0.0759251054	-0.0148769975	-0.0308011602	0.1071906585	-0.0392614737	-0.0878018003	0.0040852964	-0.0165178569	0.023440478	0.0526605862	0.0477874646	0.0260975854	-0.0610245849	0.0912251074	-0.0082908588	0.1788394575	0.0696208581	0.1435210606	0.1599780911	-0.0545598049	-9.97537e-05	-0.0040381516	0.0118813614	-0.0456856776	0.0420098809	-0.1741037646	0.0130789321	0.0686942919	-0.0186657199	-0.0478143603	-0.097590297	-0.056953618	0.0132017659	0.0397808301	-0.0148019087	-0.1024442622	0.0215161474	-0.0144393872	0.1080603836	0.0286481217	0.0275713243	-0.0480475656	-0.0276502377	-0.015945754	-0.0143420157	-0.0601185877	-0.0786709328	-0.0390027683	-0.1031725206	0.1347797857	0.0255077288	0.0243390769	0.0319436587	0.0118403818	0.0102524147	-0.052035966	0.0406080058	0.1187588037	-0.0848445885	-0.043003193	-0.0722190685	0.0872744641	-0.0191726008	-0.088198279	-0.0730830748	0.0867599372	0.177419836	-0.1004282894	0.0497416036	0.0339530266	0.0609292756	-0.0605297278	0.0417118808	0.1777092788	-0.0432545548	-0.0183301287	0.0398547262	-0.1040109817	0.0243636443	0.0775901855	-0.0520667221	0.0486338692	-0.0511968448	0.0488983554	0.0801596213	-0.0295971001	-0.0451586259	0.1656392269	0.0646606727	-0.1277135082	-0.0197715155	-0.1421800498	0.0222630998	0.0228538296	0.1218594091	-0.0542441537	-0.0411514359	0.0988886499	-0.0661311865	-0.027144045	0.1488460434043617	-0.0119643898433139	0.0001431466243227	0.0221551446371331	-0.0008689114755497	0.0008138794076303	6.623996901646481e-07	7.550071523419568e-07	0.0317243550252968	0.0087265317843049	7.615235698248369e-05	0.001006434701771	0.0011749635979921	-0.0004782494661065	2.287225518311523e-07	1.3805394566065414e-06	-0.0036892771394869	0.0003570122294021	1.274577319426577e-07	1.3610765811940644e-05	0.0029566802332759	-0.0003541882818412	1.254493389936921e-07	8.741958001844432e-06	0.0	0.0	0.0	0.0	0.0	0.0	0.0	0.0	0.0	0.0
283.6473484992946	-0.2187163774360101	80455.81831068028	0.0478368537587312	420.78564817255193	-2.5226077894730565	6.363550059510141	177060.56170799467	263.43482991380614	-0.5116321064303406	69397.90961171596	0.2617674123303474	277.997875256838	293.01695652380056	1.404916	36.509377	0.1821423943364754	0.1562100444622406	-0.1271563296	-0.100396122	-0.1441884978	-0.0211308474	0.005590143	-0.0228254077	0.0899615815	-0.0444054069	0.0124751218	-0.1112405084	-0.1242857011	0.066880247	0.0538051988	0.084599097	-0.0515892727	0.1295622186	0.0324067672	0.0386544496	0.0611007409	-0.0411721148	-0.0092244059	-0.142642348	-0.1760923341	-0.0899937834	-0.1044265277	-0.0172880228	-0.0344045619	-0.0549747166	-0.0591556947	0.014689636	-0.0325367821	0.0026595708	-0.1174472901	0.0732288449	-0.0928280195	-0.0737313354	0.0295328706	-0.0922804874	-0.0959370161	0.1131939353	-0.0905204553	-0.1050911442	0.0934546927	-0.1629893827	0.0817586924	-0.0462340682	0.0960200537	-0.0314797838	-0.0977449352	-0.0691973805	-0.006826085	0.0162125164	-0.0455635222	-0.0402755489	-0.0344608071	0.1172021593	-0.0947391596	-0.0515890628	0.0668902686	-0.1200209631	-0.0907205026	0.0624005281	0.0521119086	-0.0433927956	0.0384369617	-0.0623482432	0.0868552762	-0.0587079232	0.0025140192	-0.1358904853	0.0493987046	0.0091307994	0.0108751148	0.1171481328	0.0131135646	0.0487457085	-0.0551981218	-0.1106620486	-0.0879141214	0.047875494	-0.1689464155	0.0321783252	-0.0160506575	0.0208556957	-0.1035357025	0.024891879	0.0743516735	0.03129321	0.0837234774	0.038412775	0.0447232758	-0.0238238152	0.1223031886	0.1289542748	0.0025904513	0.0670888579	0.1764566455	0.0291554411	-0.0543481483	-0.0092441976	0.1253879371	0.0831313787	0.1142559667	0.0578392495	0.0226534698	-0.0767210897	0.0313036624	-0.0706178011	-0.1043148994	-0.0737744409	0.0916411075	0.1260955186	-0.1108541179	0.0639821447	0.0784169838	-0.0821397267	-0.0074774041	-0.0182771005	0.0734239681	0.1245114452	0.0709655605	0.0967390237	0.1162117839	-0.005346548	0.0979439649	0.0128613226	-0.0034918152	-0.0321417897	-0.086406775	0.0462834172	-0.0094046958	-0.0376603692	-0.0650246565	0.0299813149	-0.098604781	0.0038782898	0.0029751705	0.0831826767	-0.0555570233	-0.0382683432	0.098078528	-0.0707106781	-0.0195090322	0.1534825695294586	0.0046365261250969	2.149737450870614e-05	0.023556899149365	0.1533763726627057	0.1542452841382554	0.0237916076788911	0.0235243116911691	0.0337120154063299	0.001987660381033	3.950793790328633e-06	0.0011364999827566	0.0014417010431251	0.0002667374451329	7.114886463608011e-08	2.0785018977480013e-06	-0.0038468899749342	-0.0001576128354473	2.4841805897737672e-08	1.4798562479249248e-05	0.0029577884265374	1.108193261499784e-06	1.228092304833529e-12	8.748512376158588e-06	0.0	0.0	0.0	0.0	0.0	0.0	0.0	0.0	0.0	0.0
282.74500899396594	-0.9023395053286548	79944.74011099788	0.8142165828767617	421.99299996115946	1.2073517886075251	1.45769834145379	178078.09201621913	263.4150883170777	-0.0197415967284655	69387.50875309383	0.0003897306413893	278.89416113793544	285.1128792022513	1.223066	31.783642	0.0888075233845803	0.0480743401616961	-0.0038834704	0.0813759024	-0.0803523022	-0.1004525873	0.0933823589	0.0647203756	0.0025840539	-0.0073308958	-0.1010978408	-0.0485910297	0.023523622	-0.0387681398	0.0858233758	0.0655449575	-0.0142729354	0.03650077	0.1056892555	0.0362143475	0.0044202043	-0.0698846222	-0.0507078582	0.1351781943	-0.0486522877	0.092147941	-0.0470201526	-0.1114639864	0.0435372927	0.1003672356	-0.0626142431	0.0104836296	0.0084802158	0.0358186873	0.0435925275	0.0183432721	-0.0614666358	0.0250191884	0.0426327079	0.1541988537	0.0493170842	-0.0674075046	-0.1834552118	0.0151094392	-0.0002048042	0.071617516	0.0519593741	-0.0771549397	-0.0743749441	0.0888957687	-0.0727424241	-0.0518688648	-0.0507983918	0.0008222876	-0.0741460604	0.1101924363	0.0709990175	-0.0282508281	-0.0429305926	-0.0817557628	0.11688114	0.0538529808	0.012949785	-0.1255741502	0.0384417435	0.0873903809	0.07305174	-0.1432062235	0.0545429221	0.0801092463	-0.0880551508	-0.0640649141	0.0382703953	-0.0301763868	-0.0980390096	-0.1129467357	-0.0546256577	-0.0589984671	-0.0188083012	0.015634236	-0.1537249549	0.0100870563	-0.037353648	-0.1223752326	0.0130427786	-0.0066227849	0.1032593331	-0.0089190736	0.1345695537	0.0069624222	-0.0830859997	-0.0040157311	-0.0629170502	-0.0031647805	0.0032712246	0.0635280975	0.0320016529	0.0520196524	-0.0614346637	0.121655249	-0.135624546	0.0368721506	0.0548020938	-0.1453412295	0.1992143708	-0.0190732374	0.1112759131	-0.0014759641	0.1278428504	0.053421587	0.0486603646	-0.086736028	-0.0292548383	-0.0612693041	0.0468279471	0.0756045531	0.0590244065	0.0276709597	0.1196254388	0.0378291728	-0.1165378029	0.038460314	-0.0759754284	0.1178221445	0.0264949651	-0.0901509809	0.0388804885	0.0411006214	-0.0510304842	0.1030357175	-0.0173627798	0.1674954946	-0.0353203127	0.0712958286	-0.0914530114	-0.0394012245	-0.134892419	-0.0233142987	0.026087054	0.0980894198	-0.0568561851	-0.0353474844	0.0970506473	-0.075011107	-0.0117537397	0.1477305513744227	-0.0057520181550358	3.308571285586258e-05	0.0218243158093909	0.1437926359830186	-0.009583736679687	9.18480087455798e-05	0.0206763221629448	-0.0077641989599825	-0.0414762143663123	0.0017202763581602	6.028278549019333e-05	0.0013608379866227	-8.086305650240001e-05	6.538833906910336e-09	1.851880025835324e-06	-0.0034339073473614	0.0004129826275727	1.705546506769339e-07	1.1791719670262609e-05	0.0031038538261331	0.0001460653995957	2.1335100959051573e-08	9.633908574001084e-06	0.0	0.0	0.0	0.0	0.0	0.0	0.0	0.0	0.0	0.0
281.92579361157124	-0.8192153823947024	79482.15310351425	0.6711138427520984	419.9389631167325	-2.054036844426946	4.219067358263406	176348.73274355644	263.0186547657463	-0.3964335513313699	69178.81275478285	0.1571595606212019	277.9017772707299	284.87005319832065	1.336849	34.740505	0.0987201716372207	0.0612626602776709	-0.0202706011	-0.1456073545	-0.0018948472	-0.1462291392	-0.0892045241	0.0500551361	-0.0396466163	0.1072416476	0.055110486	-0.1287221877	-0.0371630113	0.1870215022	-0.0440757663	0.071084253	-0.0120534055	0.1041626322	-0.0453060192	0.1000060043	0.1094985582	0.0422806117	0.0750081266	-0.0014967107	-0.0633790443	-0.0331858222	-0.229027018	6.89422e-05	0.0285329363	-0.0722831072	0.0367590926	0.0205433248	0.0997459839	-0.0290420642	-0.0551238081	0.0262451313	0.0269302322	0.0997714761	-0.1100911927	-0.0814545921	0.0762685966	0.068589684	-0.0677692908	0.1318276757	-0.0738488421	0.0070630642	-0.0210284305	0.0546344233	0.0120319126	-0.0767996652	-0.0924749547	-0.1681726406	-0.0151291926	0.0181621631	-0.0124805387	-0.0071365047	0.0093646619	-0.1110909671	0.0373965961	0.1043184516	-0.0085384045	0.0890490015	-0.0206410836	-0.006903794	0.0046605562	0.0797649979	-0.1048750913	-0.1050021821	0.0774855171	-0.0451765624	0.108505012	-0.0380779751	0.0474918336	-0.1432047236	-0.0613184643	0.0994810718	-0.0878749899	0.1335273073	0.0094398605	0.0227335628	-0.1319148187	0.0328107013	-0.0657977314	0.0463658414	0.1007222628	0.0573554694	-0.0425593746	0.1013244515	0.0551958942	0.0089724353	-0.0532319799	0.0217326083	0.0230613536	0.0573485465	0.1150489618	0.1007286392	-0.1074860721	0.0390493743	0.0248395544	-0.0040142048	0.036963586	-0.1183033538	0.0159051799	-0.1342604528	-0.0558244805	0.0212652969	-0.049352201	0.0067557474	0.0450519781	0.0462494922	0.1158767841	0.1727230409	-0.0885143961	0.0078400258	-0.0116717052	-0.0521805689	0.0976333829	-0.0964112374	-0.1047580184	-0.0101152105	0.1509090069	0.1057927126	-0.0671946148	-0.0323443542	0.127011402	-0.0425931357	-0.0164869099	0.0006884004	-0.1144640684	-0.0167353048	-0.0057804095	0.0876974155	0.0273235612	-0.0493424817	0.0478383562	0.0308088637	-0.0800454645	-0.0067533869	0.0240413216	0.0763020882	-0.0581413184	-0.0323917418	0.0958072899	-0.0790155012	-0.0039259816	0.1362557641889168	-0.0114747871855059	0.0001316707409526	0.0185656332747057	0.1534399884788229	0.0096473524958042	9.307141017830116e-05	0.0235438300643813	0.0508558867638981	0.0586200857238806	0.0034363144502751	0.0025863212185424	0.0015079595436182	0.0001471215569955	2.1644752532780197e-08	2.2739419851892103e-06	-0.0033482819305661	8.562541679529986e-05	7.331712001368819e-09	1.121099188655545e-05	0.0029570418752833	-0.0001468119508498	2.155374891232412e-08	8.744096652178975e-06	0.0	0.0	0.0	0.0	0.0	0.0	0.0	0.0	0.0	0.0
282.1587149403448	0.2329213287735569	79613.54041678675	0.0542523453976394	423.6060125524347	3.6670494357022103	13.447251563883905	179442.0538705735	263.75721229616977	0.7385575304234635	69567.86703824677	0.5454672257452052	279.3105602401906	282.4472446757287	1.513833	39.339767	0.3677195072434977	0.2852493111061486	0.0762485861	0.0346506315	-0.1469673917	0.1078872626	0.0108919832	0.103878864	0.147091173	0.0011867583	-0.0617970271	0.1050792708	-0.0145153369	-0.0828683641	0.0520236903	-0.0802317401	-0.0274949916	-0.1081281792	0.0408532149	0.02426914	-0.0294434219	-0.06406738	-0.0878774318	0.0141286339	-0.0276702419	-0.0821983289	-0.1363521835	0.0607685607	-0.0513214963	0.1033632604	0.010718383	-0.132724308	-0.108911464	-0.0174989217	0.0884507411	-0.0355122112	0.049980754	0.0926371706	0.0534292061	0.054860723	-0.0269477084	-0.0353949912	-0.007029683	-0.0282298733	-0.140578801	-0.0421275386	0.0829410552	-0.113661705	-0.0118423575	0.1276528847	-0.0330496538	0.0487820742	-0.0840912011	0.115995785	-0.0406190182	0.0205552239	0.0102173463	-0.0634579526	0.1103222485	-0.0535142508	0.0850672895	-0.0714935105	0.0012681058	-0.1525571604	0.0363006398	0.0915404387	0.0176647692	-0.0437938362	-0.0898297161	0.1038677291	-0.0451360765	-0.093928095	-0.128420218	0.0008325404	0.0509278251	-0.0450666726	0.0601182464	0.0101013391	-0.0449171497	0.0913352549	-0.0733533318	0.0499235528	0.0089108177	0.0336795717	0.007109534	-0.1425404394	0.0680613136	-0.0968943803	0.0858013954	-0.1015945311	-0.1096846826	0.0229102567	-0.0431496297	0.0843123812	0.0255418519	-0.00025909	0.037398851	0.1092126201	0.0405158901	-0.0511763657	-0.0570065889	0.0681012762	0.0606467869	-0.0899049197	0.0966143581	0.0044198429	0.0772570216	0.1141446238	-0.0779453589	0.0821979928	0.0768698857	0.0257658717	-0.0231459315	0.0185084521	0.0757997613	0.0336447761	-0.1074067623	0.0721117869	0.0575927566	-0.0488490633	-0.0559252217	-0.0504171458	0.0576415687	0.103789809	0.0145285126	0.1164364403	0.0655843799	-0.0155093324	-0.036920869	0.0248344453	0.0213463539	0.1427922273	0.0190461115	0.0115280285	-0.1040395002	-0.0279591805	-0.0944365075	-0.0905921146	0.0657730895	0.007125232	-0.0594121063	-0.0294040325	0.0943512164	-0.0827080574	0.0039259816	0.1240784025630006	-0.0121773616259162	0.0001482881361683	0.015395449982586	-0.1287984246553293	-0.2822384131341522	0.0796585218484843	0.0165890341936945	0.0086410407241288	-0.0422148460397693	0.0017820932261614	7.466758479605237e-05	0.0020002623281224	0.0004923027845041	2.423620316305887e-07	4.001049381305644e-06	-0.0032480871946931	0.000100194735873	1.0038985096660271e-08	1.0550070424329292e-05	0.0029277616667873	-2.9280208496e-05	8.573306095692303e-10	8.57178837750915e-06	0.0	0.0	0.0	0.0	0.0	0.0	0.0	1.0	0.0	0.0
280.9064017090332	-1.2523132313115752	78908.40652111675	1.568288429318039	418.8512063043768	-4.754806248057946	22.608182456570884	175436.3330226316	262.2514142892708	-1.5057980068989425	68775.80429672277	2.267427637580827	277.0969969713111	273.65918973921976	1.380772	35.88195	0.4078579154318741	0.3352269690490714	0.0891444167	-0.0590544428	0.095960799	-0.115785967	0.0427234794	-0.0196018527	-0.0930537764	0.0655708165	-0.0255220672	-0.0966638229	0.1188493566	0.0320682473	-0.0633282426	0.108523886	-0.0012012729	0.0103081801	-0.015375779	-0.0540144467	0.0041078007	0.0891191859	0.1456012465	0.1097090478	0.0049602519	0.0118575047	-0.0627683837	-0.0222632404	0.0400789826	0.0214066282	-0.0042355608	0.0146317258	0.0581515486	-0.0757303376	-0.143016454	-0.007823727	0.062284844	-0.0410229616	0.0811708518	0.0736775827	0.147106205	-0.0158861615	0.1207534046	-0.0379586249	0.0239464593	-0.0678391678	0.0064594021	0.0500391972	-0.0565128644	-0.0659533166	0.1506940613	0.0079193201	-0.0109123656	-0.088905477	-0.0491962994	0.0427262815	0.0023054876	-0.0319864759	-0.0326109164	0.0261234541	0.043447815	-0.059182514	-0.0492797943	-0.0951948443	0.0519871273	-0.0114940972	0.0136968276	0.01701124	0.109109319	-0.0239920518	0.0313906852	0.0958299216	0.0281995536	-0.0417253636	-0.104920873	-0.0535261595	0.017913223	0.1211371449	0.0483361285	0.0578187194	-0.0238732978	-0.0542511303	-0.0983849988	0.0295013997	-0.0817866971	0.0711026109	-0.036349694	0.0717920535	-0.002268659	-0.0152117013	-0.0189265182	0.076641052	0.0803935991	0.1399741518	-0.0115502793	-0.1363424288	0.0286455634	-0.0763512931	-0.0380035269	-0.0313579976	0.0520946104	0.0466373102	-0.0706313253	-0.0554060217	0.0746438648	-0.052026326	-0.0725480215	-0.0610471621	-0.0123083971	-0.0902292557	-0.0231134436	0.0265973159	-0.0397692927	-0.080062909	-0.0458040204	0.0627647798	0.1105169678	-0.0119121521	-0.0506719876	0.0335480051	-0.0108871589	0.0241723684	-0.1121602144	-0.0534094701	0.0247725872	0.0194496499	-0.0106300258	0.0874921236	-0.1127255243	-0.0060408924	0.1009751304	0.0549067277	0.02243116	-0.0930297954	0.150145058	0.0274793438	-0.1148760751	0.0116997853	0.0572738118	-0.0344164197	-0.0606682351	-0.026387305	0.0926856596	-0.0860742027	0.0117537397	0.1240680882837352	-1.031427926539985e-05	1.0638435676465728e-10	0.0153928905303807	0.203579230458331	0.3323776551136603	0.1104749056188553	0.0414445030740062	0.0551757717021672	0.0465347309780384	0.0021654811871984	0.0030443657829296	0.0017125249086713	-0.000287737419451	8.27928225523782e-08	2.9327415628196447e-06	-0.003019956863431	0.000228130331262	5.2043448041755385e-08	9.120139456984003e-06	0.0029905982172923	6.283655050500023e-05	3.948432079367445e-09	8.943677697271884e-06	0.0	0.0	0.0	0.0	0.0	0.0	0.0	0.0	0.0	0.0
281.7316067573	0.8252050482668096	79372.69824604994	0.6809633716850276	417.0875531283292	-1.763653176047569	3.110472525382678	173962.02697457685	263.22788191417243	0.976467624901602	69288.9178170215	0.9534890224809756	277.8816697762015	279.52056677196794	1.213494	31.53492	0.3561699717917471	0.302347060186186	0.0656555795	-0.0171607836	-0.0703420053	0.0305475036	-0.055952917	0.023850581	-0.0096042474	0.0743859157	0.0844589448	0.1575230226	-0.1320127054	-0.0547391312	0.074167854	-0.0518156798	-0.0285950379	-0.0245450189	-0.0352440873	-0.0536444262	-0.0987042255	0.0409011885	0.0255096274	-0.0218439875	-0.0440436711	-0.0518569306	-0.2166133892	-0.0616360144	-0.0115390359	0.1584958831	0.0338436753	-0.0329919506	0.0864576638	0.1011918175	0.0588738477	0.0633259653	-0.0386574803	-0.1027927211	-0.0977751295	0.1052381872	-0.0592029931	-0.1517169992	0.0353114602	-0.0062520302	0.0379186465	-0.018931936	0.0748487265	0.1127049975	0.0413525365	0.0565016342	0.0305283822	-0.0681080113	-0.0033038838	0.1025150924	-0.024260804	-0.072421366	-0.0501996611	0.184969265	-0.0283285152	0.0534852356	0.0874482211	0.0784602134	0.0100200359	-0.032196584	-0.0679904251	0.0178581578	-0.1291374494	-0.0642840036	-0.0541260288	-0.0020205065	-0.0422392036	0.0353918202	-0.03610596	0.0252765171	0.114091918	0.0685624355	0.0866369775	0.1478913731	-0.0004578906	0.0686106118	-0.101954341	0.0207069818	-0.0065228312	-0.1608205808	0.0335652319	-0.0430849646	0.027283882	0.1470015396	0.0571379953	-0.0383321323	-0.1024326404	0.0160995034	-0.051156613	-0.0896916894	-0.1135956342	-0.0464869269	-0.0311673216	0.0514607217	0.0144990813	0.0737487285	0.0771466144	0.1046869635	0.1193848314	-0.0035415546	-0.0037525599	-0.0655491284	0.0255781879	0.0143948802	-0.0057605705	-0.1679153581	-0.131733285	-0.0475569641	-0.1125711022	-0.0659212516	-0.002031495	0.0404970927	-0.0694666232	0.0386534319	0.0328616401	-0.0621335316	0.1208467818	0.0031546929	0.013360405	0.0459259237	0.0341167678	0.1112929792	0.0410470316	-0.0230144606	-0.1026167666	0.1588487744	0.0779952053	0.0903389339	-0.0914493561	0.0521079841	-0.0696084962	-0.0592210609	-0.1015422868	0.0221689671	0.0696250936	0.0565541814	-0.0619093949	-0.0233445364	0.0908143174	-0.0891006524	0.0195090322	0.1274170456251653	0.00334895734143	1.1215515274718512e-05	0.0162351035158454	-0.0981256997112325	-0.3017049301695635	0.0910258648886211	0.0096286529438189	0.0410149633459937	-0.0141608083561734	0.0002005284933002	0.0016822272182732	0.001983236446297	0.0002707115376256	7.328473660367075e-08	3.933226801920754e-06	-0.0034500102223742	-0.0004300533589431	1.8494589153832882e-07	1.1902570534486478e-05	0.003028938839215	3.834062192269996e-05	1.4700032894194206e-09	9.174470491705112e-06	0.0	0.0	0.0	0.0	0.0	0.0	0.0	0.0	0.0	0.0
281.6231361691935	-0.1084705881065133	79311.59082577212	0.0117658684841728	417.8941808041659	0.8066276758366939	0.6506482074257066	174635.54634998488	263.2612594172372	0.0333775030647984	69306.49070994988	0.0011140577108406	278.1116781905882	274.6398694414713	1.126937	29.285572	0.3301238118136704	0.2475379194480717	0.0554691184	-0.0571668977	0.0821908377	0.0116177201	-0.016841581	-0.1062110693	0.0114687328	0.0566909346	0.0207100291	-0.0051581913	0.1122317239	-0.0103080835	-0.0093055533	0.0508622285	0.0102208845	0.0405669454	0.0084286067	-0.0204683816	0.0204283322	0.0368347043	-0.0316126605	0.0555515414	-0.0363566225	0.0578721103	0.0320169735	-0.044026975	0.0302857423	-0.0465413755	-0.1575741894	-0.0806155879	-0.0437406929	0.0198968537	-0.1229809862	-0.156453467	-0.0371363813	0.1015762398	-0.0386264555	0.0176141419	0.1295815232	-0.0120306306	-0.0537903065	-0.0373303961	0.0731726556	0.0561064953	0.0901448994	0.099630035	-0.0064366101	0.0356012678	0.0409021054	0.0137544353	-0.0077040723	0.0073324061	0.0194961134	0.0588089274	-0.0948055608	0.0041565298	-0.0135090002	0.0060858345	0.0267007306	0.0886655241	-0.0645265556	0.0871183204	-0.0671035847	-0.021188005	-0.1595818248	0.0179397903	0.0531681189	-0.0284407248	0.0494406991	0.0246638799	0.0479255674	0.0459236521	-0.0579210351	-0.0625675285	-0.0300827747	-0.091252692	0.0248589857	0.0628615622	-0.0375261403	-0.1121514918	-0.1889540483	-0.0125889193	-0.0427099723	-0.0829040555	0.0535807271	-0.0032408584	-0.0856584519	-0.0084134161	-0.043244399	-0.0230846156	0.0667671728	-0.0218869456	0.0371113101	-0.0234585082	-0.0148741317	-0.0612811211	-0.0334039027	0.0951606507	-0.0658268811	-0.04859851	-0.081918286	-0.0434298959	0.0325591751	0.0325297685	0.0787910027	-0.1027708788	0.0145004501	0.0391807317	-0.0254381648	-0.0393178109	-0.0465750087	0.0391206451	0.0444554802	-0.0634862508	0.0443385098	-0.0350189257	-0.0392957096	0.0567730341	-0.071823648	0.0042905441	0.0236959523	0.0066235945	-0.1149191153	-0.0582957491	0.0179521358	0.0104509048	-0.1544956728	-0.0280122311	0.070952071	0.0840699735	-0.0201616136	-0.0533008427	-0.008601116	0.0661450376	-0.0656554895	0.0659243707	0.0010153271	0.0348491512	-0.0631352795	-0.0202787295	0.0887413447	-0.0917754626	0.027144045	0.1407250718373092	0.0133080262121439	0.0001771035616631	0.0198035458436158	0.142388596608896	0.2405142963201285	0.0578471267343665	0.0202745124442509	0.0020122384655607	-0.039002724880433	0.0015212125480987	4.049103642282081e-06	0.0024116915560549	0.0004284551097579	1.8357378107765426e-07	5.816256161546506e-06	-0.0034492506606718	7.595617024002202e-07	5.769339797531207e-13	1.1897330120144848e-05	0.002712178222656	-0.000316760616559	1.0033728820283793e-07	7.355910711449459e-06	0.0	0.0	0.0	0.0	0.0	0.0	0.0	0.0	0.0	0.0
281.7295540573717	0.1064178881781572	79371.54162936551	0.0113247669242987	418.6264568883723	0.7322760842063758	0.5362282635006231	175248.11040691222	263.77196925596274	0.5107098387255178	69575.65176516856	0.2608245393710444	278.9700763334411	276.09100437990975	1.04855	27.248533	0.1954870072890981	0.1392948807543824	0.071700351	0.0695459379	0.0486478333	0.0231619973	-0.0349377057	0.1073564833	-0.0849559505	0.0181754195	0.0475538513	0.0583162533	0.0396022229	0.0050479503	-0.1462296304	-0.0622161088	-0.0164385624	0.0206494689	0.0095705471	0.0618366193	-0.0135797531	0.0527406357	0.0137495307	0.1505108789	0.0577558801	-0.0564535759	-0.0374317526	-0.025274731	-0.0094527895	-0.0778180567	0.0135896446	0.0447254459	-0.0014596623	0.0171301052	-8.77479e-05	-0.0043929655	-0.1505911033	-0.0950054915	0.0667525187	0.0753497393	0.0540839647	-0.0612716975	0.1591477819	0.0548723343	0.1061362217	0.0725977541	-0.0138686198	-0.1160311295	-0.0258898257	-0.0342674543	0.0177944754	0.0535861858	-0.0676047968	-0.0307862201	0.1013542544	0.0221262095	-0.1040619462	0.0292080969	0.0625949392	0.0496356076	0.1619020904	0.0158587206	-0.0801261608	-0.0554368055	-0.1266427732	0.1304985087	0.001312371	-0.0874929812	-0.0675177936	0.0245092415	-0.0243504121	-0.0088717113	0.0288997598	-0.0868092497	-0.0354552205	-0.0544596357	-0.0453581418	0.0813446445	0.0929219855	0.0329178083	0.043242397	0.0117381861	-0.0449484613	-0.007799845	0.0004477926	-0.0333621473	-0.0789361081	0.0796770638	-0.0634591813	-0.0780368031	0.0228987922	0.0088962046	-0.0591520834	-0.2273284136	-0.0850415194	-0.0463099701	0.0362476389	-0.0722334182	-0.0494664885	-0.1428946862	-0.0427110378	0.0106563614	0.0281174323	-0.0869565616	0.0445827118	-0.1082092041	-0.0392166215	-0.1351110615	-0.0255393431	0.0904796842	0.0484419691	-0.0251895324	0.0027030935	-0.0116604151	-0.0584795047	-0.1318634817	-0.0419943704	-0.0021450246	0.0562606889	0.0110297106	-0.0566041322	0.0145607263	-0.0046133768	-0.1756049692	0.0146961934	0.0627558681	-0.127973893	-0.0877579185	-0.0589846129	0.0881366492	0.0374350008	0.1018226639	-0.0056511223	0.0251542884	-0.07772461	-0.0559954396	-0.0332101809	-0.0383203284	0.1194247508	-0.0444598262	-0.0643455865	-0.01719291	0.0864713441	-0.0940880769	0.0346117057	0.1517067876900171	0.0109817158527079	0.0001205980830696	0.0230149494312239	0.0085359999105634	-0.1338525966983326	0.0179165176428864	7.286329447313836e-05	0.0174205989211984	0.0154083604556377	0.0002374175719308	0.0003034772667732	0.0024582106802781	4.651912422319994e-05	2.1640289184935082e-09	6.042799748633319e-06	-0.0034139226645064	3.532799616539966e-05	1.2480673130624931e-09	1.165486795923048e-05	0.0033352177879158	0.0006230395652598	3.881782998791208e-07	1.1123677692829964e-05	0.0	0.0	0.0	0.0	0.0	0.0	0.0	0.0	0.0	0.0
281.63819356677743	-0.0913604905942406	79320.07207555759	0.0083467392416203	420.5226484055953	1.8961915172230304	3.5955422699885786	176839.29782205593	263.1240237279412	-0.6479455280215234	69234.25186278217	0.4198334072830907	277.81149180681075	281.73127177483025	1.181424	30.701521	0.25044661574698	0.1951551344548548	-0.00449316	-0.1642829323	0.0198800403	0.0773344439	0.0465328228	-0.0826463748	0.1136553522	0.0675742377	-0.0064782882	0.027217356	-0.0743269879	-0.0267888942	-0.1726084877	0.0814765017	-0.045571381	0.0757346346	0.0027957033	0.096922097	0.0151777774	0.0719017087	-0.0167694584	-0.0361006675	0.1009601444	-0.0033054196	-0.0556906151	0.0353900611	-0.0522047612	-0.0557886003	-0.088585252	-0.0321583879	0.0550905329	-0.1052361615	-0.0156081269	-0.0523857673	-0.0521320034	-0.0344183764	-0.0571736929	0.0869331728	-0.063122472	0.0439189547	0.0077588214	-0.0216850008	0.0711698319	0.0060393725	0.01630113	-0.0190631378	-0.0336952326	0.0218761255	0.0789676569	0.0271303349	-0.0839938544	0.1855927352	-0.0136658074	-0.0641613189	-0.0273188045	0.0056944853	-0.0645333428	0.0011124014	-0.0244244435	-0.1224355657	0.0788561252	0.1020546201	0.0279139448	0.0013766924	0.1025214714	-0.0318488006	0.0823620411	-0.0728750166	0.024709857	-0.0966406918	0.0074341466	-0.0790744567	0.0057857677	0.0713809266	0.0777655183	-0.0373080323	-0.0223950146	0.1726689846	0.0715560801	-0.0971964748	-0.0663531944	0.0421905352	0.0051885958	-0.0675136357	-0.0214922063	0.0914124249	-0.0215024411	-0.0370099046	0.0433574693	0.0405589043	0.0040877886	0.030271583	-0.0910211076	-0.0487333088	0.0443858895	-0.0963430086	-0.008840984	0.1001512759	0.0321662348	0.0758345899	0.08353968	0.0222631667	0.071023473	-0.0591314774	-0.0344390647	0.0763214854	-0.0237584884	-0.0328623207	0.0437455498	0.0299712352	0.1775852013	-0.054092082	0.1102646479	-0.0321894265	0.0816971344	-0.08950474	-0.0080568122	-0.0155727093	0.0652999921	0.0747957749	0.1113191936	-0.0155774651	-0.15777945	0.0728400317	-0.0854352479	0.0760227916	-0.1323054598	-0.0484552045	0.013786556	0.0144640896	0.0111263143	-0.0401184639	-0.0035627596	-0.0959328948	-0.020023268	-0.0020083273	0.0616724777	-0.0516392204	-0.0655400171	-0.0140901232	0.0840093554	-0.0960293686	0.0418659738	0.1680162737289805	0.0163094860389634	0.0002659993348551	0.0282294682377717	0.201833803718813	0.1932978038082496	0.0373640409570925	0.0407368843236043	0.0071434887641714	-0.010277110157027	0.0001056189931796	5.102943172384303e-05	0.0023069792893052	-0.0001512313909729	2.2870933615598216e-08	5.322153441283125e-06	-0.0038661711239345	-0.000452248459428	2.045286690550897e-07	1.4947279159544957e-05	0.0033429822523696	7.76446445380002e-06	6.028690825432405e-11	1.1175530339658123e-05	0.0	0.0	0.0	0.0	0.0	0.0	0.0	0.0	0.0	0.0
282.1816163207877	0.5434227540102938	79626.46458941225	0.2953082895761323	418.4694656926935	-2.053182712901787	4.215559252558742	175116.6937171284	263.96289880339924	0.8388750754580201	69676.4119446936	0.7037113922246989	278.9709961717988	277.6028399166861	1.284479	33.379597	0.4235145160264927	0.3727895323510704	0.010710622	0.0643227172	0.1417451915	0.0657586939	-0.0810299023	-0.02957164	-0.0337288881	-0.0434584624	-0.0043153068	0.1576303903	0.0848101934	0.04149112	-0.0347660079	-0.1215368087	-0.1300234873	-0.1573848664	-0.0721700385	0.0269740601	-0.0328267343	-0.001632357	-0.0811150025	0.0913050306	0.0040619151	-0.0596219173	0.0945390333	0.0046844103	-0.0109650815	-0.0484226756	-0.1418709387	0.0130353086	-0.0370058001	0.0067563466	-0.1328310859	-0.054068101	0.1356174609	0.0074996461	0.0877420231	0.1514775633	0.0361960489	0.1196896861	-0.1243524735	-0.0618514847	0.1152860716	-0.0185169861	-0.0959160559	0.0320533623	0.0477531766	-0.0377115333	-0.0313469374	-0.01181244	-0.0774756319	0.0637098842	-0.0266286741	-0.1438176671	0.0259718292	-0.021516851	-0.004288383	-0.0311317805	0.0042978864	0.0103210541	-0.1300733016	0.0353544465	-0.133411603	-0.0920336834	0.0620355424	0.0145679796	-0.1246134413	-0.0719800009	-0.0312882358	0.0570080194	-0.1682782471	-0.0345342044	0.0437104763	-0.0948241144	-0.0691994385	-0.0668242585	0.0725770783	0.0570032358	0.059348056	-0.0075877043	-0.0998863745	-0.0030561669	-0.1850667541	-0.0529675584	-0.1363612495	0.0247264461	0.0433334507	0.044927283	-0.1079473351	-0.0427566354	-0.0118829432	0.1169861774	-0.0303762671	-0.0094497117	-0.0838767427	-0.0006733384	0.0600087837	0.0529923545	-0.1101978103	-0.0462647337	0.085984729	0.1164296606	0.1257441097	-0.0237771237	-0.0014432157	-0.0396128986	-0.0473484316	-0.0550655018	-0.0511791535	-0.0804394829	-0.0234681631	0.1210489896	0.0479751279	-0.0882733001	-0.1367301428	-0.0414836832	-0.0074451837	-0.1248946078	-0.1048549333	-0.1604797431	-0.0105808796	-0.1167822109	-0.1056533354	0.0494905764	-0.0195816261	-0.0288553967	-0.1111219505	0.0208892347	-0.0538000113	0.0478946723	-0.1814831543	-0.1210163459	0.1016719146	-0.0965738401	0.024321653	0.0556524673	0.0590996818	-0.0545120188	-0.0667182767	-0.0109734311	0.081360845	-0.0975916762	0.0488621241	0.1674194845257091	-0.0005967892032714	3.5615735314132905e-07	0.0280292837988541	-0.1712576395339624	-0.3730914432527754	0.1391972250284389	0.0293291790987446	-0.0097411876782445	-0.0168846764424159	0.000285092298565	9.489073738278247e-05	0.0027350733817894	0.0004280940924842	1.832645520198711e-07	7.480626403772906e-06	-0.0038767555910828	-1.0584467148299758e-05	1.1203094481343679e-10	1.5029233912991749e-05	0.0031228286694415	-0.0002201535829281	4.846760007607988e-08	9.752058898685768e-06	0.0	0.0	0.0	0.0	0.0	0.0	0.0	0.0	0.0	0.0
281.7862082065388	-0.3954081142489372	79403.46713541883	0.1563475768139005	417.6875638510964	-0.7819018415971186	0.6113704898929656	174462.90099586372	262.520066054972	-1.442832748427236	68916.78508150687	2.081766339934091	277.5427702050253	278.97717677823573	1.178427	30.623634	0.5231475761105211	0.4117474301746585	-0.0065311625	0.0711687649	0.0433387692	0.0397863095	0.0583181534	0.0239697359	-0.0704153724	-0.0466738698	0.0796844656	-0.0520846268	0.0153247241	-0.104339901	-0.0966152225	0.1100709268	-0.0232354873	0.0170219623	0.0461662683	-0.0819379426	-0.0255825486	0.0338316308	-0.0161908614	0.0949472874	0.0854435892	-0.0350248215	-0.0567279123	-0.0844566718	-0.1320018352	0.0224416167	0.1416219345	0.1311951347	-0.0232528383	-0.0117774306	0.0362209198	0.0366519426	-0.0116734377	0.1386550345	-0.0086205137	0.1236291791	0.0142951793	-0.0048081542	0.0224225305	-0.157690355	-0.0392678093	-0.0736495156	-0.0118102838	-0.0166070573	0.0670966235	0.0722310304	0.0443760082	0.042837063	-0.1407750594	-0.1024925986	-0.0757454295	-0.0337606456	-0.0344114899	0.068708413	0.0625492899	-0.0195906382	-0.0880469711	0.0356387109	-0.0979445914	-0.0061516126	0.0586841831	0.0271140335	0.0239863042	0.0381593483	0.1044324808	0.0064120177	-0.0802257623	0.0156803178	0.0419327242	0.0659020246	-0.0269841557	-0.059879443	-0.0999678427	0.0827061442	0.112440481	0.0840197789	0.0387854831	-0.031726922	0.0051944317	0.0277889538	-0.0157947973	0.0851807113	0.063671773	0.1526035788	-0.06131735	0.0412802745	-0.0460514573	-0.0371061102	-0.1166406266	0.0447644222	0.043914397	-0.0767502379	0.1186745315	0.1522915364	0.018978598	-0.1115444576	0.0649282855	-0.0701730995	0.0594697824	0.0825310032	0.1410790176	0.0272622855	0.0085694018	-0.0363068406	-0.0246968063	0.1290470787	-0.018177613	-0.0271647776	-0.0453613576	0.045535447	0.0159068558	0.0698928161	0.094574781	-0.0162335066	0.1191947626	-0.0140690252	-0.0168578724	-0.0026384837	0.0181104398	-0.1235572329	0.0424307214	-0.0017037477	0.0323345571	0.1050971227	-0.0894577342	0.130500905	0.1602337159	-0.056890747	0.0050807482	0.0161477011	0.1078025845	0.0079178002	-0.002037941	0.0807479541	0.0575859904	0.0120919276	-0.0678800746	-0.0078459096	0.0785316931	-0.0987688341	0.0555570233	0.1703094162694185	0.0028899317437094	8.351705483299322e-06	0.02900529727003	0.2357659977644601	0.4070236372984225	0.1656682413196377	0.0555856057018714	0.0459951811723797	0.0557363688506242	0.0031065428126528	0.00211555669108	0.0016220337357841	-0.0011130396460053	1.2388572535796038e-06	2.630993440021724e-06	-0.0038890089615981	-1.2253370515300128e-05	1.5014508898522652e-10	1.5124390703390332e-05	0.0030981689216068	-2.465974783469977e-05	6.081031632709802e-10	9.598650666810243e-06	0.0	0.0	0.0	0.0	0.0	0.0	0.0	0.0	1.0	0.0
282.5797532438591	0.7935450373203139	79851.3169433603	0.6297137262556983	418.7108297313344	1.023265880238	1.0470730616592492	175318.75893430252	262.9158938770064	0.3958278220343914	69124.76725314528	0.1566796646964898	277.2148236694755	284.0010452232932	1.192471	30.988585	0.2712964077709426	0.197651833774397	-0.0826984659	-0.1121172585	0.0783172743	0.0653081516	0.048290303	-0.1571793797	0.0613079185	0.0065347629	0.0481415594	0.0004411738	-0.015747866	-0.0078599315	-0.0738561207	0.0096636237	-0.0421344408	0.0688873212	-0.0550661553	-0.0979049025	0.0662421414	0.1060753148	-0.0534570048	0.0096316335	-0.0888719191	-0.0170354199	-0.0117091762	0.073507505	0.0416813246	0.0011079601	0.0149577377	-0.1073310408	0.0274804985	-0.0647593021	-0.092431965	0.0453722369	0.0614323067	0.1158939713	-0.0905278062	0.0171318399	-0.0168070213	0.1354875883	0.0074911382	-0.0701195137	0.0537139971	0.1794588904	-0.0001500011	0.0361466406	-0.0910955323	0.1191970883	-0.0446259376	0.0465284222	-0.0087611148	-0.2024082929	-0.0021409717	-0.0603373523	-0.0347996349	0.0599759068	0.0152862766	-0.0221058361	0.005582952	0.0279395726	0.0305923913	-0.0924309917	0.0347245743	-0.0515853783	0.0447521113	0.0426150051	0.0171263899	-0.1370921246	0.0721173052	-0.0095655615	0.0158902852	0.0958458888	-0.0342163192	-0.0239141804	0.1369182726	0.0175557886	0.030138327	0.0042842557	-0.0379663217	0.0519896094	-0.0146932105	0.0376342765	0.0552491679	-0.2057469143	0.0172126796	0.0994106272	-0.0284733726	-0.0082789882	0.0513704794	-0.0322002073	-0.0627914673	0.0514516804	0.0364514782	-0.0320913516	-0.1445542336	0.0455716544	-0.0663570889	-0.0232362815	-0.0077455023	-0.1557057417	-0.1357527242	0.01314211	0.035568587	-0.02772841	0.0242730102	0.0506484727	-0.085557816	0.0292282537	-0.0573539029	-7.83e-06	0.0596582553	-0.1332585048	-0.0783062186	0.030652485	0.0072923723	-0.1317482196	-0.0630733687	0.0030113579	0.0068295347	0.1150864933	0.0018924385	0.0310920762	-0.0092846896	0.1036232953	0.0470647146	-0.0632461798	-0.1355660516	-0.01322018	-0.006371329	-0.1006191234	-0.0234818982	0.0461726138	-0.0833576551	-0.0416113538	0.0670741346	-0.0050274851	0.072177039	-0.0185270895	-0.069025124	-0.0047106451	0.0755281812	-0.0995561965	0.0619093949	0.181033985552375	0.0107245692829564	0.0001150163863049	0.0327733039249775	0.0423725172038587	-0.1933934805606014	0.0374010383233437	0.0017954302141913	0.01934347028876	-0.0266517108836196	0.000710313693024	0.0003741698428121	0.001844826124996	0.0002227923892119	4.963644869074673e-08	3.403383431467757e-06	-0.0044442034602993	-0.0005551944987012	3.082409313880771e-07	1.9750944396536277e-05	0.0030656228686446	-3.2546052962200214e-05	1.0592455634183414e-09	9.398043572756743e-06	0.0	0.0	0.0	0.0	0.0	0.0	0.0	0.0	0.0	0.0
283.7739170203433	1.1941637764841744	80527.63598106867	1.4260271250669452	417.1914473724365	-1.5193823588978717	2.308522752530061	174048.70376070848	264.0031997765671	1.087305899560704	69697.689492266	1.1822341192195116	278.5593851615259	284.9174127398371	1.121805	29.152189	0.1247418890081468	0.0916202567715733	-0.1010736029	0.0863578643	0.0992926092	0.030668611	-0.067610554	-0.051425676	-0.0721061347	-0.1302177015	0.0134388101	0.0433609041	0.0845120792	0.047650112	-0.0771764581	-0.0638601237	-0.1166001717	0.0107881217	0.0138614624	0.0148664915	-0.0341745639	0.0120376253	-0.0312783781	0.0373341591	-0.0263513746	0.0201287598	0.1168474084	-0.0346091579	0.0650193621	-0.0061266651	-0.0066057756	0.0145149462	-0.0308288587	-0.0033202647	-0.0349032961	0.0604055819	0.016012045	0.0268737998	-0.0641810757	0.0563674773	9.1197e-05	-0.0436544125	0.0108449164	0.1057215132	-0.0661446725	0.0161148617	0.0604516485	0.050289651	0.0439766154	0.0804742753	-0.0067512973	-0.0817793342	-0.0283250721	-0.0679797711	0.0139048962	0.0110089378	0.1299451326	-0.181502951	-0.0292723933	0.1212948273	-0.0529231832	0.0482026788	0.1075450849	0.0364315456	-0.0697435755	0.0493288208	0.0791979608	0.0238753698	-0.0616895648	-0.1244189479	-0.0685801003	0.0151175065	-0.0198956693	0.0251656487	-0.0208445806	-0.0329555115	-0.0290987559	-0.0694504755	0.0714626325	-0.0230008197	0.0086185288	-0.0468009701	-0.0915767898	-0.0036902478	-0.0906738679	-0.0427399183	0.0104476789	0.0079094201	-0.0002483754	0.0520965427	0.0348191901	-0.0172800957	-0.1125140143	-0.0124733895	0.0068609336	-0.0235251165	-0.0129214053	0.0197549169	-0.102650805	0.0167647513	0.1309094506	0.0181459814	-0.148120341	0.0446437455	-0.0536533811	0.0216156814	-0.0784092876	0.0958102872	0.1011638451	-0.037031332	0.0157149056	0.2018759854	0.0521707077	-0.0351711882	0.013544717	0.0857222196	-0.0948232529	-0.08669297	0.0352163314	-0.0902785263	-0.106780301	-0.0071305886	-0.0152392753	-0.0474774307	-0.0863412245	-0.0742260828	0.0746460605	-0.0967211	-0.0657939379	-0.0738770026	0.0217903749	-0.0420750573	0.0200585311	-0.0353129106	0.0910248821	0.0047677632	-0.0205507651	0.0695891941	0.009834672	-0.1838753546	-0.0701531426	-0.0015707317	0.0723569779	-0.099950656	0.0678800746	0.1775101498801348	-0.0035238356722401	1.2417417844952423e-05	0.0315098533104679	-0.0472454554889623	-0.089617972692821	0.0080313810295712	0.0022321330643595	0.0103364882192593	-0.0090069820695007	8.112572600030712e-05	0.0001068429887068	0.0017139232436366	-0.0001309028813593	1.7135564348193144e-08	2.937532885077804e-06	-0.0046327907002658	-0.0001885872399664	3.556514707818203e-08	2.146274967246928e-05	0.0031979947187904	0.0001323718501458	1.7522306711022175e-08	1.0227170221411287e-05	0.0	0.0	0.0	0.0	0.0	0.0	0.0	0.0	0.0	0.0
283.4077519939298	-0.366165026413455	80319.95389025283	0.1340768265683662	419.0287504022772	1.8373030298406547	3.37568242346165	175585.0936636939	264.00126757041767	-0.0019322061494335	69696.66927878726	3.7334206039088977e-06	278.8721694684381	286.84590452763865	0.96033	24.955976	0.229545661733256	0.137895788705548	-0.0952951391	0.0741886805	0.0039361675	0.0470299609	-0.0459658399	0.0684031982	-0.0215667326	-0.1413727282	0.0412964839	-0.0141993759	-0.0085988498	0.0249074846	-0.1330042846	-0.0077766215	-0.1059154677	0.1119925784	0.0667914367	0.0284108032	-0.0525178196	-0.0016811175	-0.0756080924	0.0685714413	0.0682775883	-0.0179130198	0.0772567458	-0.0783706982	-0.061279173	0.0738900159	-0.0366901874	-0.0475967233	-0.1355637904	-0.0223005434	0.0256965466	0.0145861174	-0.105356304	-0.0610518466	-0.0887756965	-0.1271169491	0.0269243304	-0.00561532	0.121720038	0.0246234028	0.0545289276	0.0858290851	-0.0804447412	-0.0035861025	-0.0239355287	0.010704689	0.0089358767	0.0605793549	0.0966779549	-0.0170877953	0.0459112412	-0.020635347	-0.0213958661	0.0368227756	-0.1084787672	-0.0206916702	-0.0884281297	0.0146921764	0.0248473484	-0.1500378581	-0.1333688827	0.0573351427	0.0281905293	0.0068392951	-0.0123407457	-0.0472451984	-0.1089122118	-0.1229625337	0.0585370839	-0.0160264389	-0.0115509686	-0.0111484256	-0.0349976379	0.0482194082	0.1083328236	-0.0040338218	0.0429528687	-0.0517695189	-0.0061366203	-0.0693436192	-0.0265855231	-0.1143098826	0.0712457164	-0.0570836574	-0.0344591097	0.1093500508	0.180813418	-0.0965805991	0.0480453783	-0.1677397228	9.88734e-05	0.0211545882	0.0562455985	-0.0291605965	-0.0621202105	-0.0789980221	0.0195085134	0.0225334176	-0.0627783849	-0.0225962352	-0.0413705671	-0.0528753444	-0.0584132897	-0.0524633846	-0.1237565047	-0.0057699278	0.0123334502	-0.1173593717	0.0366716015	-0.0156922213	0.0094841292	-0.0325756853	-0.0113228891	-0.0715142096	0.0980422766	-0.0429304501	-0.0789049772	0.0879357441	0.0609711775	-0.1330141392	0.0432332124	-0.0422086771	-0.1447347499	-0.0474912347	0.03690834	0.0732853385	0.0568921742	0.0270444992	0.0212449546	0.0672917766	0.018398361	-0.0090816648	0.0255250272	0.0481315927	0.0312708892	-0.046807045	-0.0712638519	0.0015707317	0.069025124	-0.099950656	0.0734322509	0.1916267920027365	0.0141166421226016	0.0001992795848176	0.03672082741326	0.0814941244674543	0.1287395799564166	0.0165738794473545	0.0066412923227169	-0.0286283832052234	-0.0389648714244827	0.0015182612051264	0.0008195843249451	0.001495244546828	-0.0002186786968086	4.7820372437907656e-08	2.235756254818871e-06	-0.0040360264632059	0.0005967642370599	3.561275546336845e-07	1.6289509611698323e-05	0.003337043149517	0.0001390484307265	1.933446608753005e-08	1.113585698173834e-05	0.0	0.0	0.0	0.0	0.0	0.0	0.0	0.0	0.0	0.0
283.7621632857034	0.3544112917736015	80520.96531258221	0.1256073637366329	421.9845694039085	2.955819001631312	8.736865970404725	178070.97681500207	263.5321279435437	-0.4691396268739822	69449.18245845228	0.2200919895034593	278.0544007953156	291.5373473999724	1.047829	27.229784	0.0831134260368302	0.0448366604547959	-0.1486153363	-0.1117110645	0.0059250499	0.0780801353	0.0347111347	-0.1225303315	0.1218495182	-0.0847980579	-0.0065488741	0.0161236985	-0.0791679963	0.0127678129	-0.0697147457	0.0052180035	-0.1041785057	0.1052065686	-0.0006459894	0.0270875349	0.0505349081	0.0935566837	-0.0542867626	-0.042775769	0.0001490087	-0.0247313456	-0.0075596368	0.1519456967	-0.026819636	-0.0667140799	-0.0165246786	-0.0589511453	0.0010481536	-0.0284391074	0.0681055363	0.0496451825	-0.000522202	-0.0456404778	-0.105784718	-0.066966102	-0.047618686	-0.0690078878	0.0643871396	-0.0429641699	-0.0334423352	0.0607629601	-0.0555766144	-0.0202739027	0.0739717329	-0.0466370299	0.0935871355	0.0406967405	-0.0745500577	-0.0633393492	-0.0615433652	0.0241775144	0.0732392512	-0.0471070504	0.0088547742	0.091543208	-0.1302901086	0.0213810751	0.068439437	0.0481780286	-0.1922498876	-0.0376222148	0.0759585311	-0.0205840786	0.0123996465	-0.1603258006	0.0035404068	-0.1080537303	0.0151041777	-0.0049078494	-0.020010796	0.0465906614	0.0916873423	-0.0590294166	0.0023281501	0.0696248744	0.0354076765	-0.0214460946	0.0594985458	0.0683311923	0.0774597263	-0.0793936892	-0.1002708126	-0.000993536	0.0128783326	0.0114089252	0.0337695692	-0.0154454137	0.018440303	-0.0683076895	-0.019005863	-0.0052991944	0.0067160847	0.01928799	0.0165754681	0.0457353178	0.0529809497	-0.0034643387	-0.0801909483	0.068347051	-0.0771092362	-0.0934790427	-0.1087364539	0.0752846788	0.037332294	-0.0554365052	0.0637945247	0.014480145	-0.0660711336	-0.0260861762	0.0228685641	0.0180849941	0.0158236681	-0.1574573941	-0.0091824839	-0.057607629	0.0015655766	0.1407160082	0.0934340168	0.0273020811	-0.0904297634	0.0289757308	-0.0694093365	-0.0138134231	-0.0125114299	-0.1050141831	-0.0162613917	-0.084720929	-0.0165562426	-0.0072477813	-0.0510416681	0.0242981907	0.0942554486	0.0283550401	-0.0732173469	-0.0745829204	-0.0723569779	0.0047106451	0.0655400171	-0.0995561965	0.0785316931	0.1922893429330514	0.0006625509303148	4.389737352611294e-07	0.0369751914056246	0.1076838915254398	0.0261897670579855	0.0006859038985515	0.0115958204940626	-0.0101969453998336	0.0184314378053898	0.0003397178995739	0.0001039776954871	0.0016387716966182	0.0001435271497902	2.0600042726898525e-08	2.685572673636894e-06	-0.0046483000062493	-0.0006122735430434	3.748788915109184e-07	2.160669294809724e-05	0.0033378358615462	7.927120292002508e-07	6.283923612387793e-13	1.1141148238623864e-05	0.0	0.0	0.0	0.0	0.0	0.0	0.0	0.0	0.0	0.0
284.4825709743926	0.7204076886891926	80930.33318820033	0.5189872379225046	420.4109891371294	-1.5735802667791177	2.476154855996639	176745.39978725952	264.258978993337	0.7268510497933107	69832.80797860092	0.5283124485856379	279.08292786493115	290.1474470810405	1.173344	30.491543	0.2440043211033732	0.16884760392532	-0.1561965591	0.1149909478	0.063120496	-0.0131350413	-0.0231563463	-0.0691228825	-0.0279378107	-0.184147342	-0.0681196683	0.0606017929	0.0109921857	0.0483405282	0.0237242797	-0.0956830901	-0.1621997012	-0.0407447018	0.0439534017	0.0339534587	-0.0473370043	0.0117333879	-0.1387315416	0.0745608754	0.0503605645	0.0971692638	0.0414447855	0.1075117424	0.066505393	-0.0017770056	-0.0489815964	-0.0188736693	-0.100181936	0.0648366524	0.0391931656	0.0366106545	0.0086210003	0.019824886	-0.0182543896	-0.0391661052	0.0879064828	0.0761689677	0.0397404492	-0.0661844761	-0.0301466606	0.0293412438	0.0217751577	0.0070341286	0.0746382308	0.028755007	0.0072978958	0.0535808816	-0.0073663484	0.0230227646	0.0796014948	0.0294188001	0.0007306393	-0.0297092907	0.0301033978	0.1526550733	0.0358810594	-0.0839749449	-0.0454637619	0.0961411403	0.1145145955	-0.0226801432	0.0688786319	0.0218123506	-0.0997314691	-0.1205938035	-0.1237226867	-0.0151412549	-0.0700328586	-0.0124742772	-0.0269066984	-0.0678652451	-0.0320518048	-0.1515703322	0.0399728311	0.0943684362	-0.0429713333	0.0025048073	0.0468662804	0.0092156489	-0.072502691	-0.0350272705	-0.0461040624	-0.0599626327	0.011654371	0.062768174	-0.020027483	-0.0766012097	0.0706371906	-0.0534398823	-0.0582360196	-0.0365212394	-0.0206816945	0.055533483	0.0090453255	-0.0337702874	-0.0027844709	-0.0122487286	-0.0651478416	0.032738087	-0.0264996083	0.0311679365	-0.0283461189	0.0280627836	-0.0336382015	0.0616389313	-0.0083680671	0.0479437873	0.0476616198	0.000961861	-0.1112553117	0.1214805592	-0.1021394726	-0.0813882815	0.0926325352	-0.1247239935	-0.1617706979	-0.026702433	-0.0183646009	0.0051367483	-0.1044606695	-0.0968371503	-0.081791497	-0.0759189813	0.0700699589	-0.0459284739	-0.0058769507	-0.0226762618	-0.1040146148	0.0229957144	0.0269522129	-0.0100748969	0.0407556498	0.0529942806	-0.1298987899	-0.1036807283	-0.0734322509	0.0078459096	0.0619093949	-0.0987688341	0.0831469612	0.2040966760703781	0.0118073331373267	0.0001394131158158	0.0416554531829768	-0.0562874778719191	-0.1639713693973589	0.0268866099820451	0.0031682801651817	-0.0458735736300113	-0.0356766282301777	0.0012728218018743	0.002104384757588	0.0018710038583455	0.0002322321617272	5.3931776940534794e-08	3.5006554379437474e-06	-0.0043418022822612	0.000306497723988	9.394085480988534e-08	1.8851247058248567e-05	0.003450085782601	0.0001122499210547	1.2600044776808772e-08	1.1903091907305554e-05	0.0	0.0	0.0	0.0	0.0	0.0	0.0	0.0	0.0	0.0
283.9496632910646	-0.5329076833280055	80627.41128310896	0.2839905989500218	419.7437202037465	-0.6672689333828998	0.4452478294579528	176184.790650481	263.1181742739877	-1.140804719349319	69231.17363327656	1.3014354076896784	277.82671257592625	294.8373636248734	1.141194	29.656054	0.3281239561641293	0.2211507053448191	-0.1829821513	0.0169129912	-0.0168807731	-0.0892045901	-0.0328133246	-0.0090511295	-0.0303557685	-0.1571172125	0.0352279394	-0.1230184579	-0.07424132	0.0692400749	-0.0463746424	0.0757193355	-0.0878962155	0.1343390205	-0.0112260292	-0.0308203989	-0.0445275631	0.1122765818	-0.078296604	-0.0143403051	0.1258635278	0.0956092246	-0.0191248048	-0.0660202233	0.1113086668	-0.0072785788	0.0467360272	0.0738053706	-0.0016750357	0.1268568583	0.0702901666	0.0678296884	-0.0552638556	-0.0865338163	0.0370743146	-0.1069037576	0.0750276296	0.0342493235	0.0542738911	0.0288027252	-0.1324869949	-0.0849936903	-0.0102408362	0.0615080987	0.0221894524	-0.0321043877	-0.0491044908	0.0657249324	-0.0174106653	-0.0572969114	-0.0096032279	-0.1068043569	0.0391525185	0.0024982091	0.0071908077	-0.0100906512	0.0925771738	-0.0842840345	-0.0691034674	0.0490043586	0.0328535511	0.0465899731	-0.0570093596	0.0368606647	0.0782649682	-0.1201934254	-0.0553591233	-0.0465040808	0.0987432834	-0.0042780791	0.0052888827	0.0474077274	-0.0452565419	0.0337427114	0.1057136031	0.0906560474	-0.0481161004	0.0377201665	0.155603003	-0.0683284897	0.0140126714	0.1689963786	-0.0557986363	-0.0834771145	-0.0572150844	0.0080042672	0.055577826	-0.0451435594	0.0469018151	-0.0973457888	-0.0817139499	0.0170071651	0.0058172225	-0.0338386567	0.0151097356	-0.0211839346	0.0805859192	-0.0387954371	-0.0353167402	-0.0484591607	0.0212771532	0.1381816902	-0.0896314036	0.0410147578	-0.0466221445	-0.035749496	0.0487875971	0.0352794735	-0.0345906941	0.0594095818	-0.1289842968	0.040941932	0.0631788311	-0.1217139137	0.0726184233	-0.0707062068	0.0764876348	0.1321839622	-0.0367383281	-0.0106461188	0.0762188707	-0.093167925	-0.0453278499	0.0388905033	0.0155444295	-0.0160436277	0.0401347009	-0.0662522339	0.0826837576	-0.0004344243	0.0007238979	0.0263220555	0.0235532228	0.0888819641	-0.0880977963	0.0767934889	-0.0744894057	0.0109734311	0.0581413184	-0.0975916762	0.0872496007	0.1975300888766327	-0.0065665871937453	4.3120067373061e-05	0.0390181360116104	0.1526288496589529	0.208916327530872	0.0436460319089865	0.0232955657482152	0.0157456940335407	0.0616192676635519	0.0037969341473924	0.0002479268805978	0.0009692096970629	-0.0009017941612825	8.132327093233878e-07	9.393674368807584e-07	-0.0044463497730808	-0.0001045474908196	1.093017783667439e-08	1.9770026304575684e-05	0.003464179606018	1.4093823417000127e-05	1.9863585850958115e-10	1.2000540342751026e-05	0.0	0.0	0.0	0.0	0.0	0.0	0.0	0.0	0.0	0.0
284.13855530085056	0.1888920097859454	80734.71860845451	0.0356801913609737	421.4233746545965	1.6796544508500233	2.8212390742602933	177597.6607052684	263.5433840915464	0.4252098175587093	69455.11529842434	0.1808033889483108	278.5549234913421	295.22320069658	1.058854	27.516293	0.2949986053179705	0.2552885975671537	-0.1532584466	0.0415908454	-0.1031906235	0.082853729	0.0332916117	-0.0162038802	0.1303169475	-0.1377995273	-0.0199376157	0.0538187522	-0.0148034732	0.0087963508	0.0472599913	-0.0668823283	-0.0925536327	-0.0008433396	-0.0729587503	-0.040158253	-0.0634585733	0.0557492844	-0.144116652	0.0213165176	-0.0688202683	-0.1143597413	0.0023024236	0.0498534036	0.0421451883	-0.1087246482	-0.0410667327	0.078261581	-0.0836011552	-0.002435621	0.0778137756	0.0371659232	0.0121989498	-0.0551749669	0.0790990211	-0.0379653489	-0.1169807059	0.0963275227	0.0010424424	0.1010618791	-0.159579276	-0.0456519508	-0.0378368453	-0.0239806547	-0.0054940429	-0.0565357143	0.0331138588	0.0159547721	-0.0673907512	-0.0501911996	0.1325355522	0.0371410407	0.002463005	0.0537143157	0.0019693941	-0.0285199847	-0.0125736601	0.0528118264	0.0946228268	0.0384952528	0.129849575	0.0820247072	0.0213875291	0.1088048271	-0.0639809505	-0.0698574277	-0.02999365	-0.0997521854	-0.0563009151	0.071603811	0.1076974857	-0.0776938278	0.0919300708	-0.0072426066	0.0917616817	-0.0092393082	-0.066222478	0.1569498352	0.0354603151	0.0327073289	0.0082041333	0.0364758539	-0.1473806147	-0.14852416	0.0723173814	-0.0325203031	0.0647125073	-0.0383342799	-0.1093832376	0.034935971	-0.0643356027	0.1057319955	-0.0072680991	0.0346572093	0.0545471555	-0.0451910705	0.0168592926	-0.0034251371	-0.0357469798	0.0688589713	-0.1134758472	0.0443129452	-0.1033390832	0.0157680028	-0.0009758735	0.0725208057	0.0083428119	0.0613662401	-0.0054684558	-0.0130032782	-0.0878097157	-0.0085724522	-0.0828710742	-0.0815536114	0.0711015184	-0.0962796548	-0.0571248095	0.0315751916	0.0253343841	0.1430468645	0.1120984045	0.0517211867	0.0939655857	-0.0845911741	-0.0073319126	-0.0468607155	-0.0313434129	-0.006157671	-0.000935923	0.0056700475	-0.0962258662	-0.054270017	-0.0029312087	-0.0379938152	-0.0815422965	-0.0867174449	-0.0755281812	0.0140901232	0.0542441537	-0.0960293686	0.0908143174	0.1921020856242421	-0.0054280032523905	2.946321930796288e-05	0.0369032113011836	-0.1026437017635117	-0.2552725514224646	0.0651640755097348	0.0105357295117167	0.0054759362013854	-0.0102697578321552	0.0001054679259311	2.998587728164317e-05	0.0012680471036125	0.0002988374065496	8.9303795553291e-08	1.6079434569800506e-06	-0.0045933164525966	-0.0001469666795157	2.159920488789976e-08	2.1098556033694613e-05	0.0034989413761718	3.4761770153800015e-05	1.2083806642256215e-09	1.224259075388701e-05	0.0	0.0	0.0	0.0	0.0	0.0	0.0	0.0	0.0	0.0
283.6013991102586	-0.5371561905919293	80429.7535772962	0.2885367730912331	420.3160012956099	-1.1073733589865924	1.2262757561932485	176665.54094513116	262.6287282803818	-0.9146558111646071	68973.84891817061	0.8365952528971857	277.4688547083982	289.67072510925965	1.183725	30.761305	0.3821606727646271	0.3392445506047438	-0.1414364932	0.0478697695	0.0173753077	-0.1087746464	0.0769792605	-0.0611132945	-0.0884295774	-0.1229409128	-0.0408216671	-0.1691275388	0.0746110454	-0.0198353603	0.0444448304	0.1371752536	-0.0446692684	0.0504503792	0.0420341518	-0.1021954094	-0.037532605	0.0357428178	0.0092442787	0.0528544836	-0.1092335811	0.0981874056	-0.0281141847	-0.0081263165	0.1387038779	0.0119386943	0.053100327	-0.0546875575	-0.0115427534	-0.0809296974	-0.0119548825	-0.002305838	-0.0583689504	0.0100094801	0.0165725994	-0.0364780902	0.0423466685	0.0747764984	-0.049107075	0.0635026392	0.0613101731	0.0533260231	-0.0283240342	0.0233435074	0.0578328923	-0.0302009301	0.0152431471	-0.0424328422	-0.0704979151	0.0457827704	0.046342763	-0.0399534955	-0.090671824	-0.131209826	-0.0609919515	-0.0428950819	-0.0357995235	-0.1024891936	0.0059796255	-0.0259695462	-0.0695784981	-0.0275522511	0.0511474093	0.0020270774	0.1322919242	-0.0654736312	-0.0889094277	0.0500997009	0.0675587918	0.0783637732	-0.0801351713	-0.0627444887	-0.0220229799	-0.009336103	0.0509268944	-0.0712930658	-0.1281009108	0.0099442925	-0.0501878413	0.0810712359	-0.0096110533	0.0425582466	0.0169446222	0.0032612513	0.0135316335	0.089096938	0.0071097712	0.0285524377	0.0935793792	0.0300896007	-0.0178493193	0.0490867804	0.0104173096	-0.0058601642	-0.0193396051	0.0195051684	0.0683978879	-0.0021613879	-0.0248393213	-0.0171802694	0.0567739413	-0.0992814449	0.0299687793	0.1288361443	-0.1082629123	-0.0634769899	-0.0712922247	0.0445734158	0.08243169	0.0632277394	0.0732560997	-0.054584459	0.1117651884	-0.0793586961	0.0769578814	-0.0152041545	-0.0711087757	0.0371946982	-0.1253525836	0.0690697909	0.0834518037	-0.11462397	0.0357227126	0.1625861794	-0.0252417657	-0.0129444936	0.0433206073	-0.116459077	0.0393454401	-0.0653810253	0.1272703186	0.0314988332	-0.0054152312	-0.0037276101	-0.0520335748	-0.0409658638	-0.0765483213	0.01719291	0.0502265533	-0.0940880769	0.0938191336	0.1920874771785605	-1.4608445681602024e-05	2.1340668523231679e-10	0.036897598888824	0.2365561051510383	0.33919980691455	0.1150565090108679	0.055958790884229	0.0162003059060609	0.0107243697046755	0.0001150121055625	0.0002624499114499	0.001065662288586	-0.0002023848150265	4.095961335331069e-08	1.135636113314351e-06	-0.0042526088252361	0.0003407076273605	1.1608168734162157e-07	1.808468182047596e-05	0.0036002866877792	0.0001013453116074	1.0270872184801031e-08	1.2962064234200125e-05	0.0	0.0	0.0	0.0	0.0	0.0	0.0	0.0	0.0	0.0
284.7358009608246	1.1344018505659506	81074.47634880232	1.2868675585674532	418.4329125837846	-1.8830887118252804	3.546023096603794	175086.10233334915	264.23098604349263	1.602257763110856	69818.0139855164	2.567229939449004	278.94838603812315	294.4897589319047	1.272847	33.077316	0.4829970387870559	0.4076729846750838	-0.1456214167	-0.0032364892	-0.1019988957	-0.0585800204	-0.1518920144	-0.006374084	-0.0139005163	-0.1134899837	0.0925857534	-0.0622644507	-0.0635380984	0.1303050217	0.1459688212	-0.0963682182	-0.121523589	-0.0457174509	-0.0910788457	-0.008136084	0.0404861626	-0.0286714333	-0.1005801556	-0.0919449477	-0.1151531001	-0.0226990089	0.0788663033	-0.0949924023	0.0691235276	0.0431724503	0.0697459491	-0.1440634636	0.1151413085	-0.0754828054	-0.0855962952	0.0523788804	-0.0155092735	-0.1553765829	-0.0890432043	-0.0453023469	-0.0639781441	-0.0491738687	-0.0170523818	-0.0211045616	-0.1024458825	-0.0088711129	-0.0030211962	-0.0305552889	-0.0192546826	-0.024679323	0.0176594052	-0.0183077548	0.0524443732	0.011317164	0.0314323901	0.0822032056	-0.0861461283	0.0420336798	0.1327259259	-0.0417695331	-0.0856711265	0.095152337	-0.0021922208	-0.0907752561	0.0533912373	0.0362419971	-0.1344421407	-0.0434657458	-0.0844926144	-0.0956285798	0.0135928507	-0.0450630141	-0.1040221428	0.0498208111	0.093026834	0.0274065504	-0.0794432708	0.011633192	0.055324581	-0.1936774732	-0.1101992276	0.0888649283	0.0276104919	-0.119688535	-0.0276239597	-0.1424876024	-0.0488131772	0.0878060668	0.0086652532	-0.1024883685	0.1460316555	0.1140409072	0.0334180017	0.0423423112	0.0098286799	0.0643992189	0.0393314585	-0.0518691294	0.0243423952	-0.0393672779	0.0612816121	0.037678914	0.0650334477	-0.0688180466	-0.1028911845	-0.0002737922	0.0829123667	0.0228083357	-0.0182413656	0.0518657515	-0.023322191	-0.0101537902	-0.0670474368	0.0077369169	0.074453105	-0.1077268586	-0.0916709344	-0.0968784332	-0.0265173332	-0.1274452791	0.0668974556	-0.0444828832	-0.0006944662	0.0794562755	0.2471702432	0.0285724369	-0.0088154885	-0.0975073053	0.0283018308	0.0141683636	-0.0657552048	0.0017433066	-0.1897575074	0.0115783316	0.067690901	-0.0385497784	0.1423775534	0.0740779525	-0.0263230055	0.0240147673	-0.0775495743	0.0202787295	0.0460974375	-0.0917754626	0.0962455236	0.1889647434104517	-0.0031227337681088	9.75146618648708e-06	0.0357076742521778	-0.1715213682044378	-0.4080774733554761	0.1665272242601893	0.0294195797507223	0.00849698590428	-0.0077033200017809	5.93411390498377e-05	7.219876945753301e-05	0.0019249064192849	0.0008592441306989	7.383004761405086e-07	3.705264723004216e-06	-0.0038300598908593	0.0004225489343767	1.785476019429688e-07	1.4669358767569157e-05	0.0036002095196211	-7.71681581000945e-08	5.954924624561181e-15	1.2961508585170392e-05	0.0	0.0	0.0	0.0	0.0	0.0	0.0	0.0	0.0	0.0
283.54970050067965	-1.186100460144928	80400.43265402513	1.40683430155601	425.3820703749223	6.949157791137679	48.29079400612951	180949.90579645536	264.448835247185	0.2178492036923671	69933.18646359279	0.0474582755493984	280.1202268839455	289.6831313687765	1.418095	36.851856	0.384929162114588	0.3292995521247339	-0.0105350992	0.0165746847	-0.1890678128	-0.0213746875	0.1296640988	0.1070706321	0.0973083872	-0.038387552	-0.1630308959	-0.0805531373	-0.0116776483	-0.0508528629	0.067560738	0.0677544264	0.0124121888	0.0641202454	0.1931638518	0.1438303834	0.0044167728	-0.1199708738	-0.0997846512	0.0995411177	-0.1434155709	0.0623481083	0.0477758971	0.0531376859	-0.0056116253	0.0683021693	-0.0296266146	0.015077439	-0.0436395551	-0.0782437213	-0.0388093085	-0.0663263348	-0.0462959649	-0.0302597375	0.1040860544	-0.0177702635	-0.0990348249	-0.0152926952	-0.0336905626	0.0319484477	-0.0417603133	-0.0039333274	0.0464740129	0.0138880298	-0.0148680497	0.0076831834	0.0774396194	-0.0559883823	-0.0764171998	-0.0703841991	-0.1273990595	-0.0330913431	-0.0275715541	0.0209058059	-0.0630905379	0.0294069401	-0.0279486983	-0.0396878525	0.0152118653	0.004751854	0.0189291998	0.0669065256	-0.0416229806	0.1756509422	0.0557997606	0.1251466259	-0.1008928083	-0.176605277	0.0382992308	-0.0625416724	-0.0939189711	-0.0539903353	0.0032405026	-0.1406236137	-0.0735171993	-0.0382251373	-0.1453118907	-0.0445714885	-0.0214711286	0.1109702106	-0.0683665871	-0.0173494267	0.0703619103	-0.0597344163	0.0538724023	-0.0846435717	0.0885009882	0.0181663876	0.0455729508	0.0801673806	-0.0087302832	0.0326080247	0.0374290127	0.0365923311	-0.0979872376	0.0358044092	0.1246926591	-0.0691108595	0.0071556993	0.0749709231	0.0383010348	-0.035180063	-0.0243693857	0.068634265	0.0217842037	-0.0797717759	-0.0630405857	-0.0282263091	0.1112781446	-0.1439380445	0.078009844	-0.0788929902	0.0596783011	0.0134754547	0.1370626458	0.0346130719	-0.129940723	-0.0095277461	0.0148447665	0.1688023997	0.0411428554	-0.0599884874	-0.0399277152	0.1360478594	0.059766248	-0.0287666487	0.0773299067	0.109077023	0.1025952738	0.0883785519	-0.0304267377	-0.1588494059	0.1135237997	0.0206581204	0.0251640941	-0.1419959042	-0.0785316931	0.0233445364	0.0418659738	-0.0891006524	0.098078528	0.1790390984106267	-0.0099256449998249	9.851842866255072e-05	0.03205499875969	0.157155933346857	0.3286773015512948	0.1080287685550407	0.0246979873861217	-0.0218753896909333	-0.0303723755952133	0.0009224811992967	0.0004785326741301	0.0016223729165255	-0.0003025335027594	9.152652029187197e-08	2.632093880275457e-06	-0.003817607357895	1.2452532964300333e-05	1.5506557722698644e-10	1.457412593905404e-05	0.0035961187559797	-4.090763641400111e-06	1.6734347169801095e-11	1.2932070107108986e-05	0.0	0.0	0.0	0.0	0.0	0.0	0.0	0.0	0.0	0.0
282.3164800202504	-1.2332204804292246	79702.59489102446	1.5208327533500876	421.65587480024857	-3.7261955746737385	13.884533460718153	177793.6767535629	263.5410587413508	-0.9077765058341924	69453.88964251212	0.8240581845445356	278.3853599556197	283.4719443526016	1.400594	36.397049	0.2753702849193502	0.1332969072344165	0.0274697022	-0.1052853239	0.0275500669	-0.1889580004	-0.0464786448	0.0023508947	-0.0211009685	0.1289052374	-0.032842368	-0.025888459	-0.0611494958	0.1886005576	-0.0287276042	-0.0063730763	-0.0021810513	0.0595890271	-0.0110947034	0.0985684375	0.1296873003	0.0879588503	0.0750085715	-0.0690943044	0.0370392871	0.1042664654	-0.0913124516	0.1408902946	-0.017055906	0.0493903941	0.0565709872	-0.0728091727	-0.078181776	0.1244164287	-0.0996012489	0.0101343583	0.1590923847	-0.0390180943	0.0710073117	-0.0972665408	0.0338475199	-0.0963590472	-0.0599449281	0.0340925234	-0.0557795725	0.026451997	0.0138088474	-0.0100866908	0.0204666167	-0.0275506921	-0.0426589557	-0.066606139	0.0425849067	-0.0652407618	0.065376565	0.0236498184	-0.08901508	-0.0583763375	0.0260748086	-0.1713081112	0.0314872939	0.063617461	0.0876436018	-0.041071714	0.1208703002	-0.1043366181	-0.0943079925	-0.0074347719	0.0015606063	-0.044769358	0.0872851827	-0.0117072858	0.0116006228	-0.1573381812	-0.1083297211	0.1242841064	-0.0217714264	0.0651154749	-0.0620403572	0.0545158428	-0.0976882417	0.0192528686	0.1840442147	0.0074484728	-0.070213246	-0.019501611	-0.0539848871	-0.0733263741	-0.0034236365	-0.064497096	-0.0743823516	-0.0349027733	0.027099675	0.0057798712	0.0980524712	0.0492096829	-0.0692191611	0.065612275	-0.0053922719	0.0232780204	-0.0462049806	-0.0318391109	-0.1161249031	0.0368702174	-0.026057776	-0.0119116054	0.1453808284	-0.0235364277	0.0852889173	-0.0322975002	-0.0420254213	0.0606656911	-0.0881573311	0.0970832397	0.07700391	-0.0306048451	0.0373714146	-0.064644083	-0.1049581967	0.0423709268	0.1078339299	0.0742876904	-0.1406951728	0.0647956831	0.0601038441	-0.048744373	-0.0985990902	-0.0028403954	0.0013543731	-0.1078151349	0.0028257023	0.0961455938	-0.1165892305	-0.0297619263	-0.0448943671	0.0714873189	-0.0502986608	-0.0538233803	-0.0232612614	-0.0432359238	-0.0794944353	0.026387305	0.0375415571	-0.0860742027	0.0993068457	0.1486772537603258	-0.0303618446503008	0.000921841610569	0.0221049257857123	0.0469624954084082	-0.1101934379384488	0.0121425937646947	0.0022054759749847	0.0340890333818322	0.0559644230727655	0.0031320166498674	0.0011620621969076	0.0022417218092669	0.0006193488927413	3.835930509399981e-07	5.025316670142864e-06	-0.0032419119147542	0.0005756954431407	3.314252432530819e-07	1.0509992863025243e-05	0.0032141515067052	-0.0003819672492744	1.4589897951832797e-07	1.0330769908055308e-05	0.0	0.0	0.0	0.0	0.0	0.0	0.0	0.0	0.0	0.0
281.972421401782	-0.3440586184684093	79508.44643118413	0.1183763329423904	423.7126414420388	2.0567666417902046	4.230289018780956	179532.4025177897	263.67295344006493	0.1318946987141203	69523.42637580665	0.0173962115488885	279.3405133701459	284.1913312231113	1.327586	34.499794	0.1696123549490883	0.1519788552637571	0.0730197384	-0.0067064833	-0.1206769107	0.0575711423	-0.1252257053	0.1530547521	0.0804328348	0.0322456944	0.0175389199	0.0401077161	-0.0127537806	0.0191191604	0.0173078842	-0.0736024367	-0.0003923617	-0.0997631548	0.0218289211	0.0101794115	0.0079229571	-0.0452930525	-0.0363986597	0.0505794234	0.1482357951	0.0010913143	-0.0772671792	-0.0686079492	-0.0324437302	0.0030400447	0.1641074816	0.0052387442	-0.0569504488	-0.0153744168	0.0153683703	0.0393392883	0.0628369946	-0.0103030819	0.010249447	0.0266278443	-0.1087030826	0.0288623095	-0.1166108953	-0.0348594352	0.05427509	0.0044353281	-0.0582517154	0.0971370627	-0.0617350914	0.0764491097	-0.0363195112	-0.0583877037	0.0466674978	-0.0309311361	0.0051569271	0.0937525768	-0.0506898797	0.089680247	0.0518233598	-0.0807289327	-0.094766214	-0.0418903401	-0.0622641494	-0.0211417339	0.0046821329	-0.0300981791	-0.0835127202	-0.0183091557	-0.0779898019	0.0791811965	0.015900314	-0.0562629304	-0.1167004127	0.0036239562	0.0171120713	0.0073366185	-0.0852790452	0.0656080224	-0.012441037	0.1297169411	-0.0469866052	0.0608181026	0.1091232146	0.089156792	0.0697643713	-0.0070422738	0.0843979479	-0.0479972725	-0.1413142936	0.0436890116	0.0760506075	0.0167709102	-0.0592299755	0.1229550234	-0.096022064	-0.0222179608	0.0039660697	-0.0231280142	-0.0793331808	0.0723828268	-0.0619172659	0.0275291058	0.0892647131	0.0918280004	-0.0306591911	0.0950430213	0.1162721398	-0.0241272811	0.0649837778	0.1281021715	0.0122664007	-0.0496340469	-0.0510438983	-0.0332574308	-0.0520691487	0.0329880997	-0.0950440528	0.0435395996	0.0039973789	-0.0278961679	0.0279861423	-0.1083147045	0.0699863079	0.0400339622	0.0679330252	-0.0096857182	-0.003974319	-0.0454891464	-0.0219562314	-0.1085712366	0.1584732749	0.126466907	0.1148107069	0.0837859167	0.128526912	0.0378568611	0.0634522891	-0.0401436427	-0.057646125	-0.0721929764	-0.0804375635	0.0294040325	0.0331337888	-0.0827080574	0.0999229036	0.1438901091948281	-0.0047871445654977	2.2916753090974403e-05	0.0207043635240995	-0.1054973799226957	-0.1524598753311039	0.0232440135859757	0.0111296971705535	0.0338875914846354	-0.0002014418971967	4.057883794624598e-08	0.0011483688566295	0.0024832220124514	0.0002415002031845	5.832234813815478e-08	6.1663915631231806e-06	-0.0032410247899476	8.871248066001473e-07	7.869904224853488e-13	1.0504241689054884e-05	0.0032150420418199	8.905351146998655e-07	7.930527905135026e-13	1.0336495330669472e-05	0.0	0.0	0.0	0.0	0.0	0.0	0.0	0.0	0.0	0.0
281.11879926408415	-0.8536221376978688	79027.77929968043	0.7286707539678792	419.61746904546567	-4.095172396573105	16.770436957654308	176078.82032812233	262.96860892704046	-0.7043445130244663	69152.48928102275	0.4961011930276726	278.05867825084806	273.0518947962798	1.147877	29.829721	0.0304251123384318	0.018324064764878	0.1359526843	0.0358506165	0.067876868	-0.0237340106	-0.0658910602	0.0257191182	0.0087619091	0.0256634033	-0.0414454825	-0.0021827512	0.1668227744	0.0303840608	0.0200328896	-0.06645897	0.0244827516	-0.131706321	-0.0023984944	-0.1261217102	0.0593369923	0.0801092418	0.0449939419	0.094213385	0.0821037288	-0.0699414011	-0.0059449299	-0.0172512266	-0.0905782553	0.0420713136	0.0383581358	-0.0034360609	0.0662502612	0.0053233841	-0.1030499497	0.0084253366	0.0140163952	0.0210380892	0.0029831093	-0.1218298566	-0.0591597488	-0.005404927	-0.0280045529	-0.1242737205	0.1161640131	-0.0064777424	0.0713080246	-0.0505501036	0.0474080786	0.0503545795	-0.0638917971	0.0313977712	0.0449043404	0.0699071671	-0.0163877104	0.1360993347	0.0227199634	-0.0120549034	-0.0104424504	-0.0798057397	-0.0946630028	-0.048606448	0.0201454069	0.0471558095	0.0725044055	0.0661174439	0.0266845807	0.086912266	-0.0636309252	0.0475549533	0.0751481839	0.0506181754	-0.1191350643	0.0820174657	-0.10347746	-0.1027504852	0.0349659771	0.1180358943	0.053712335	0.0719097598	0.0296454208	-0.0299655134	0.097688639	-0.0714475644	0.0302542776	0.0496895465	0.0177593103	0.0616879783	-0.1091575372	0.0552958589	0.135304307	0.1077624738	0.1020607624	-0.0252996767	0.1274184284	0.0169365849	-0.0334442774	0.0016559335	0.1139614927	0.0614614653	-0.0994259887	-0.0264523055	0.0156507675	0.0685883215	-0.0423904182	0.0685250697	0.0378680801	-0.0701027696	0.1093353158	0.0933336328	0.0776828684	-0.0056393214	-0.0044573504	-0.0385087482	-0.0063495278	0.0839277485	-0.0693936459	0.0397996912	-0.0608376357	0.0339643693	-0.0659882344	-0.0938908199	-0.0580911721	-0.0416996753	0.1159002756	0.1156225173	-0.0346750095	0.021768155	-0.029744709	-0.055172262	0.1436029956	-0.0109374135	0.0448998994	-0.0006954677	0.1216614596	0.0490219668	0.0891413452	0.0491486548	-0.0638568124	0.1381847255	-0.081360845	0.0323917418	0.0286524553	-0.0790155012	0.0999229036	0.1340788442706184	-0.0098112649242096	9.626091941302749e-05	0.0179771364809447	-0.1021355453263339	0.0033618345963618	1.1301931853295115e-05	0.0104316696191076	0.0338224241781901	-6.516730644530455e-05	4.246777829336232e-09	0.0011439563772894	0.0027651370217088	0.0002819150092574	7.947607244460002e-08	7.645982748824614e-06	-0.0031800758257227	6.094896422489992e-05	3.7147762400881304e-09	1.0112882257345913e-05	0.0032159149785659	8.72936746000065e-07	7.620185625171822e-13	1.0342109149364513e-05	0.0	0.0	0.0	0.0	0.0	0.0	0.0	0.0	0.0	0.0
282.40863975530834	1.2898404912241972	79754.63980844352	1.6636884928014783	420.09236572265627	0.4748966771905998	0.2255268540066727	176477.59573845798	263.02840540114664	0.0597964741061787	69183.94204786995	0.0035756183155309	277.7270295299945	282.8396066022352	1.209525	31.431772	0.10471560329341	0.0749231306694968	0.0633815664	-0.0247666356	-0.0750938187	-0.081765831	0.0135058475	-0.0293636538	-0.0391175941	0.0546478197	-0.0449847873	0.0538380142	-0.179112816	-0.0413647219	0.1146164705	-0.029255965	0.0102798697	-0.1021485862	0.0454634716	-0.2085819024	-0.1213772212	0.0449786939	0.0634676009	-0.1521848645	-0.0373373772	-0.0247245327	-0.0619418714	0.026522697	0.0434923928	0.0481806967	0.025856552	0.0249232193	0.0235111072	-0.0206525599	0.073422093	-0.0122611587	0.0088970664	-0.0517636446	-0.0417947743	0.1103745345	0.0950630783	-0.057325153	0.034699376	0.0465114603	0.1537381218	-0.1506783299	-0.0306297062	-0.0687284415	-0.0428688231	0.0003309935	0.0289146093	0.108708022	-0.0631425846	-0.0733486427	-0.1119811181	-0.1133772455	0.0883185923	-0.077934149	-0.0124853133	0.0458808456	-0.1583435751	0.0813696477	0.1214196499	0.0778442796	0.0321916267	-0.0353267194	-0.0871526114	-0.0323919006	-0.0200811847	0.0081239676	-0.0997801524	0.1286998651	-0.0575564792	0.1679170265	0.0602368286	0.1200102622	0.1481917794	0.0974168907	-0.0764316096	-0.0128749415	-0.061081952	0.040822607	0.0530863379	-0.0420770998	-0.0151592136	0.0559294156	0.0214693095	0.0323212203	0.066430924	0.0973835306	-0.0812088388	0.0032832135	-0.0106725082	-0.0968707094	0.0002576396	-0.0984398702	0.0875166665	-0.139884861	-0.0396183836	0.0013905383	-0.0889478949	-0.012497578	0.0503948459	0.0079797793	0.137834469	-0.0134150435	-0.1594134637	-0.0656012762	-0.0961611254	0.0207503522	0.0710560734	0.1210813805	-0.0460493345	-0.0766706303	0.0379154923	0.0915710138	-0.0406012829	0.0978440841	0.0317911647	-0.0231994156	0.1528290476	-0.0513332882	-0.048318104	0.0867948367	-0.0780110459	0.0072973873	-0.0214330474	0.0461335914	0.0659037032	0.0651195256	0.14390735	-0.0896511288	-0.0602123044	-0.0313788494	0.0293144401	-0.0067155397	-0.0404882846	-0.1023498359	-0.1705541778	0.0512491617	-0.0822640518	0.0353474844	0.0241075061	-0.075011107	0.0993068457	0.116259520567695	-0.0178193237029233	0.0003175282972295	0.0135162761226302	-0.0311656788196614	0.0709698665066725	0.0050367219519749	0.0009712995362902	0.0337895068688709	-3.291730931919562e-05	1.0835492528156027e-09	0.0011417307744414	0.0029799680621718	0.000214831040463	4.6152375946415196e-08	8.880209651563953e-06	-0.0030772269411705	0.0001028488845522	1.0577893053631796e-08	9.46932564746555e-06	0.0032161049690406	1.8999047469991925e-07	3.6096380476700656e-14	1.0343331171887638e-05	0.0	0.0	0.0	0.0	0.0	0.0	0.0	0.0	0.0	0.0
282.4280818835704	0.0194421282620851	79765.62143643276	0.0003779963513593	418.6373120672053	-1.4550536554509677	2.1171811402412235	175257.19905485463	262.91072460093096	-0.1176808002156803	69122.04911018656	0.0138487707394028	277.84112971679394	279.86387183968714	1.074934	27.934177	0.2107025136217454	0.1224124142539179	0.0716409084	0.0271401179	-0.0451579824	-0.0340847402	-0.0512926532	-0.0744409343	-0.1030727156	0.0179955171	0.0464174703	-0.100988104	0.0682259536	-0.0824288359	0.2400007939	0.0193737594	0.1168300516	-0.1147207801	0.0856714562	-0.1853326238	0.0681742979	0.0244097322	-0.0143385029	-0.0851216208	0.0627179578	0.079116292	0.1085638808	-0.0366962517	0.0007513066	-0.0614225608	0.097984284	0.1179251682	0.1515837755	0.1199657213	-0.0899686864	-0.0517334013	0.0929500693	-0.1238432226	-0.0026265223	0.0902769465	-0.0137487114	0.0743361153	0.1153525338	0.0579591199	0.0045202693	-0.0216060061	0.0841559122	-0.1671262148	0.0226787092	-0.0537209743	-0.0650001013	-0.0892834421	0.0013067963	-0.0654152208	0.0596907505	-0.0793811739	0.0238384768	-0.0168703054	0.0117584223	0.0135931675	-0.0677163041	-0.0567368905	0.1193043072	-0.0292867755	-0.0627459555	0.1014782091	0.1328735946	-0.1079288292	0.0233719221	0.0772134079	0.0345945533	0.1244854311	-0.0301864051	0.2164407884	-0.0887801727	0.0251733187	-0.0223660527	-0.0471782954	-0.0064020411	-0.1223134015	0.0600747571	-0.0499551171	0.196913057	-0.0096918007	-0.0422628074	0.1088590424	-0.1013722469	0.0337933583	-0.1422082668	-0.1209389849	-0.0089032459	-0.0682093515	-0.0360716397	0.0045289204	0.060983858	0.0325910371	-0.0515620382	-0.1825929091	-0.034979787	-0.0169611239	-0.1282999906	0.0899330827	0.1231477717	0.0158038711	0.0447874235	-0.0157547219	-0.0798645385	0.1712574321	0.0988272502	-0.072811936	-0.02351171	0.0392513848	0.1214838642	-0.0844359801	-0.0788700658	-0.1181328238	0.0184768231	0.0887239551	-0.0326002839	0.1065093928	-0.0238146639	-0.0760878377	0.0172098451	0.0347267508	0.0305235525	-0.102879032	-0.044982753	-0.008520524	0.1095586055	-0.0609961564	0.0083218999	-0.1006966816	-0.0872395312	-0.098484383	-0.109962905	-0.061213781	0.085128664	-0.1336131084	0.0049067187	0.1272633521	-0.0831469612	0.0382683432	0.0195090322	-0.0707106781	0.098078528	0.1238891921105675	0.0076296715428725	5.821188785211846e-05	0.0153485319218091	0.0724676426056731	0.1036333214253344	0.0107398653096466	0.0052515592248235	-0.0094185006455376	-0.0432080075144085	0.0018669319133651	8.87081544099922e-05	0.0035300448625383	0.0005500768003664	3.025844863014459e-07	1.2461216731533045e-05	-0.0025028409785949	0.0005743859625755	3.299192340038982e-07	6.264212964133877e-06	0.0032159374692001	-1.6749984049985525e-07	2.8056196567476952e-14	1.0342253805805144e-05	0.0	0.0	0.0	0.0	0.0	0.0	0.0	0.0	0.0	0.0
282.1582867100427	-0.2697951735277115	79613.29875914667	0.0727894356588479	422.8429263305664	4.205614263361099	17.68719133218632	178796.1403477968	263.4713320470897	0.5606074461587127	69417.14281066778	0.314280708688594	278.44853871768174	284.4595636776623	1.049703	27.278486	0.2162038229594099	0.1243842498247798	0.0600471175	-0.0435927957	-0.098868834	-0.1056574721	0.0653820387	0.0645116269	0.0014235033	0.0599752287	-0.1092248293	-0.0967448398	-0.03289534	-0.0210310582	0.0420131776	0.0898004096	0.0698936409	-0.0208593588	0.1213732316	0.0391511436	-0.0203360082	-0.0047705174	0.1067582805	-0.0916597396	-0.0152968057	-0.0550833924	0.0959361966	-0.0501122916	0.0474264725	0.0202213453	-0.0858997357	-0.0961397145	-0.0162594697	-0.0644592622	-0.038713414	0.0108739996	-0.0989956425	-0.1199034276	0.0143406234	-0.0286577615	-0.0403807415	0.026413895	0.0016888264	-0.1294606343	-0.032064989	0.0061695954	0.0950055707	-0.0033706542	-0.0806156454	0.0379006786	-0.0082701602	0.0403799486	-0.0332342786	0.0212162917	0.060009511	0.0028643701	-0.035121717	0.0125626925	-0.0450110975	0.0528693182	0.021256559	-0.0570818524	0.0627032812	0.0067647097	0.018309976	0.0487326704	-0.0234439683	-0.0189103135	0.0868388636	0.1021163096	-0.0301066715	-0.0155690776	0.0024711834	-0.0259538322	-0.0661462638	0.0801143465	0.1201485809	0.0162526938	-0.0691122826	-0.1093575406	0.0802570119	-0.0327087756	-0.0397216455	-0.0557516066	-0.0828407683	-0.045859903	-0.0161806798	-0.0743544006	-0.0318569083	-0.0651417898	0.2011989235	0.0553050557	0.0679649333	0.0272986285	-0.1105863642	-0.0141438635	0.0776620888	0.0043266828	0.0787098907	0.0100911083	-0.0165229203	0.0242188392	-0.0155683134	-0.1615865855	-0.0055177649	0.0379673088	0.0506067201	0.0458121256	-0.0615726619	0.0053658137	-0.0749111348	-0.0135005799	0.0997045543	-0.0013063035	-0.0218964741	0.0889792682	0.0932090808	0.094832379	-0.006988773	0.0519243892	0.0718524846	0.0078049468	-0.0322115446	0.0179501692	-0.0105695749	0.0087624341	-0.048015867	0.0908866667	0.1173700231	-0.1101059865	-0.0297092269	-0.0474921979	0.048706577	-0.0709165521	-0.0048503258	-0.1091810837	0.0141715545	-0.0604397793	-0.1422257941	-0.0766895108	-0.0840093554	0.0411514359	0.0148672434	-0.0661311865	0.0962455236	0.1050275750855007	-0.0188616170250667	0.0003557605968002	0.0110307915283404	0.1811315743253772	0.1086639317197041	0.0118078500567845	0.0328086472175896	0.0427942387916715	0.052212739437209	0.0027261701595378	0.0018313468737586	0.0030148842412946	-0.0005151606212436	2.6539046568019484e-07	9.089526988406517e-06	-0.0027161688757901	-0.0002133278971951	4.5508791721725736e-08	7.377573361810855e-06	0.0032151152920904	-8.221771096998849e-07	6.759751997144567e-13	1.033696634143354e-05	0.0	0.0	0.0	0.0	0.0	0.0	0.0	0.0	0.0	0.0
281.9061129180868	-0.2521737919558973	79471.05650058511	0.0635916213494161	419.1732117600874	-3.669714570479016	13.466805028785988	175706.18145726706	264.1130152944071	0.6416832473174168	69755.68484790371	0.411757389887825	279.1351396604539	281.38437953194455	1.170368	30.4142	0.384501105546238	0.302312392034977	0.0923087919	-0.0827504531	-0.0263793045	-0.0032051067	-0.1661854627	0.035072853	0.0081822543	0.1148921074	0.0914817352	0.0719202131	0.001612115	0.0906277982	0.1232432885	-0.0948500276	0.0506352743	-0.1481010325	-0.048685364	0.0946911512	0.1713374856	-0.0846589958	0.0361571801	-0.0908131053	0.124811186	-0.0442342762	0.0481141613	-0.1410999673	0.0365941545	0.0807553967	-0.0497552701	-0.0678573649	0.0213327172	0.0148532472	-0.0032679207	-0.0619987795	0.0970270566	-0.019282177	-0.0790279567	-0.0478960707	0.0366753078	0.0565490115	-0.0296513845	-0.0846345514	0.0124263583	-0.0500036966	0.03439199	-0.0826498087	0.1187483091	-0.2364376136	0.0607030396	0.0279293664	-0.0779537269	0.0406009317	-0.0623651815	-0.0607973476	-0.0868154161	-0.029267481	0.0754944593	-0.0838057346	-0.0537826935	-0.0784205811	-0.0418863158	0.0456224892	0.0054167277	-0.1179811771	-0.0109090356	-0.1137708471	-0.0862306603	0.0456025366	0.1439535737	0.0390730048	-0.1333430669	-0.0275345801	-0.0107772209	0.0794110091	-0.1448455256	-0.0495590907	-0.0614329142	-0.0141289551	0.1092022674	0.0045339279	0.0026567651	-0.1661462918	-0.0503932235	0.0281159932	-0.0091654768	0.0061711309	-0.051968814	0.0463447341	0.0225534668	-0.0548511597	0.1670673089	0.0816100982	0.1310303945	-0.0136693059	0.0961267381	-0.0439559043	0.0977690873	0.0117297326	-0.0013281628	-0.1000786986	0.1507398279	-0.0903567838	-0.0142082702	-0.0593391036	-0.0201713585	0.1484297972	0.0371183718	-0.0373772506	0.0155407804	-0.0709123009	0.0459861904	0.0245579529	-0.0288351806	0.034666924	-0.0739051884	0.0583422597	-0.1794737924	0.015310725	0.0329415612	-0.1450046668	0.0483687171	0.0093777825	0.0347716583	-0.0262902052	-0.0432406953	0.0060506005	0.046138388	-0.0633980639	0.0046475463	0.0754026606	-0.0290985582	-0.1434719633	0.059737683	-0.0714449223	0.1001504191	-0.0305262055	0.0515965533	0.1642614236	-0.0848510215	0.043993917	0.0101924456	-0.0612907054	0.0938191336	0.1071406302793178	0.0021130551938171	4.465002252117438e-06	0.0114791146566494	-0.1180849925507772	-0.2992165668761544	0.0895305538931521	0.0139440654657171	-0.0016432850715801	-0.0444375238632515	0.001974693527097	2.700385826478014e-06	0.0034538449151471	0.0004389606738525	1.926864731890411e-07	1.192904469788748e-05	-0.0023804620580489	0.0003357068177411	1.126990674779231e-07	5.666599609810405e-06	0.003215126992757	1.1700666599674671e-08	1.3690559887674238e-16	1.0337041579554667e-05	0.0	0.0	0.0	0.0	0.0	0.0	0.0	0.0	0.0	0.0
281.9263074363565	0.0201945182697045	79482.44282469901	0.0004078185681454	421.57052815524014	2.3973163951527567	5.747125898468209	177721.7102090881	264.17919288925697	0.0661775948498757	69790.64595561924	0.0043794740601142	279.78590631272186	276.7510968999096	1.185328	30.802954	0.1331510264810995	0.0798726562038708	0.156473597	0.0779165979	-0.0242734217	0.0323702141	0.0434685761	0.1148913219	0.0310539693	0.0843612112	-0.0936117491	0.0617062741	0.0463878032	-0.0788498846	-0.0074593291	-0.0842747961	0.0944452848	-0.1137852795	0.0563503087	0.1050487111	-0.0068179724	-0.0837988	0.0611176897	0.0220272699	0.1577994168	-0.0285434038	-0.0182421656	0.0337787232	0.0357039487	0.1228556817	0.1126083616	-0.0234426656	0.0859865151	-0.0334137903	0.129780054	0.0174717932	-0.090369581	0.0920531534	-0.0050484149	-0.0834670972	-0.0577624648	-0.0267276601	-0.0436620507	-0.0879836721	-0.1604092609	0.0069007753	0.0028749991	-0.08234736	0.0980069306	-0.0684397831	0.0286491227	-0.0517519363	0.0700535814	-0.0775423499	0.0082101799	0.1233461702	0.03669778	-0.025652529	0.0915304907	0.1795159075	-0.006647193	-0.0573122177	-0.1437392155	-0.0267042659	-0.0797898288	0.0330795718	-0.0157888488	0.0288774221	-0.0906049924	0.181487094	0.0029080025	0.0014447345	-0.069653859	-0.0746192693	-0.0166352025	-0.0291820397	0.0166617946	-0.0142854275	-0.0581167705	0.0554971716	0.1401672391	0.0951564009	0.0482305498	-0.0114056668	0.0421046739	0.0273232488	0.182861599	0.051421458	-0.0171918286	-0.1018603527	0.0815826454	0.0874895807	0.0296868449	0.0436560264	-0.0078615012	0.0313353181	0.1763294869	0.2145787367	-0.0111625816	-0.0355712119	0.1253775862	0.0001806279	-0.0187991118	-0.0396283639	-0.098341024	-0.0642113858	0.0118643555	0.0950281247	-0.0122623572	0.0875531409	0.0310254974	0.05064077	0.0385398628	-0.0089720189	-0.1127086069	0.0260628312	-0.0626770978	0.1754348634	-0.0080277095	0.0393595898	-0.0478341573	-0.1429621573	-0.0097675428	-0.0317335838	-0.0336355387	0.0860579505	-0.0026721319	0.0666928811	0.1300667331	0.0018169358	0.1284139273	-0.0381931141	0.1241678943	-0.0828695056	0.0195512186	-0.0011031005	0.1042544315	-0.0261036895	-0.0730454381	0.0273824961	-0.0856717519	0.0467929814	0.005495018	-0.0562083378	0.0908143174	0.0862350683613613	-0.0209055619179565	0.0004370425191055	0.0074364870152886	-0.0546893061685409	0.0633956863822363	0.0040190130518748	0.0029909202091964	0.0418672361487466	0.0435105212203267	0.0018931654568644	0.0017528654627349	0.0033478483891935	-0.0001059965259536	1.123526351423225e-08	1.1208088837025511e-05	-0.0023811298207641	-6.67762715199794e-07	4.459070438110013e-13	5.669779223332075e-06	0.0032150061422142	-1.2085054279997384e-07	1.460485369504831e-14	1.0336264494475032e-05	0.0	0.0	0.0	0.0	0.0	0.0	0.0	0.0	0.0	0.0
281.6227419525441	-0.303565483812406	79311.36878486925	0.0921520029622601	418.6407228990034	-2.9298052562367616	8.583758839472557	175260.05486940013	263.5113413641601	-0.6678515250968644	69438.22702753892	0.4460256595742077	278.4119204054	280.2049616895575	1.122197	29.162382	0.0951337162736429	0.074202266720598	0.1189810925	-0.0464803438	-0.0037609168	-0.0468884562	-0.0484422363	-0.0237541278	-0.080761757	0.2031346243	0.0481924406	0.0601727798	-0.0704704096	-0.0234214412	0.0118801299	-0.0143238643	0.1168272421	-0.0716242054	-0.0126277099	0.0619649676	-0.0045223052	0.0048490679	0.1236178547	-0.0864769441	0.1225306233	-0.0167691495	-0.0277253343	0.1002870642	-0.0090934926	0.0065501059	-0.0738160688	0.0816363743	0.0103412816	-0.0081155401	-0.0041871168	-0.0149188683	-0.0360244727	0.1192432317	0.0142117242	-0.0210464516	0.1009769543	0.0465867509	-0.0560152308	0.0484130068	0.0875646596	-0.1804114552	-0.0506946501	0.0489846322	0.0081021759	0.0416251673	0.0975228108	-0.0675876502	-0.0389639147	-0.0517623286	0.1535475298	0.061784782	-0.0619105256	0.0300659688	-0.0873454593	-0.0203174597	-0.0003316948	0.1556686033	-0.0524039765	-0.0283963014	0.1002554281	-0.0179756965	0.0339941362	-0.080151015	-0.0099550072	0.0767690975	0.0597850404	0.131166404	-0.0133838694	-0.0518993604	0.0165888062	0.1449975076	-0.0067126934	0.0092184307	-0.0750786013	0.0854122318	0.0988099215	0.031480997	-0.05349257	0.0590084058	-0.0192929673	0.080986272	0.0642658446	-0.0006050028	0.0342262444	0.0228979752	-0.0594711567	-0.0595148648	0.1108489232	0.0029669594	0.1279823945	-0.0052715191	0.0090230615	0.0447460184	-0.0509885181	0.0177344939	0.0171934554	-0.0477185517	0.1073387471	0.0820659806	0.0379907387	0.090390324	-0.0535266892	-0.1163011247	0.047183152	0.0797063182	-0.0701488537	0.1445121243	-0.0482457199	-0.0241308341	-0.0012367894	-0.1070297051	0.0049039538	0.1150832839	-0.0819401544	0.050891949	0.1604300994	-0.0431263457	-0.0258792727	0.0117592015	-0.0837904109	-0.0193797778	0.030978768	-0.0052903665	0.0173426394	0.0077324432	-0.0051957401	0.0216633624	0.0085232854	-0.0255011968	-0.0377978743	-0.0505743242	0.0597610578	-0.0091742624	0.0237982928	0.0033714545	-0.0864713441	0.0495458668	0.0007853901	-0.0509041416	0.0872496007	0.086278175606111	4.3107244749693296e-05	1.8582345499099603e-09	0.0074439235859189	0.0181489312220008	0.0728382373905417	0.0053054088261609	0.0003293837045009	0.0488687638923082	0.0070015277435616	4.9021390743862814e-05	0.0023881560843621	0.0033529761308282	5.1277416347000025e-06	2.6293734272235852e-11	1.1242448933903646e-05	-0.0025603259293534	-0.0001791961085892	3.2111245333548145e-08	6.55526886451935e-06	0.0030943131145424	-0.0001206930276718	1.4566806928585888e-08	9.574773650829088e-06	0.0	0.0	0.0	0.0	0.0	0.0	0.0	0.0	0.0	0.0
281.1028776713931	-0.5198642811510013	79018.8278351382	0.2702588708166473	418.2025004022772	-0.438222496726155	0.1920389566369049	174893.33134271667	262.62915454180904	-0.8821868223510592	68974.07281534541	0.7782535895298592	277.93672999818426	273.93706320194485	1.023419	26.595446	0.2064019327754005	0.1494582269892147	0.1603757052	0.0326178847	-0.0178608965	0.1057711108	0.0806557391	0.0445447074	0.0781582871	0.0972722772	0.0394761329	0.002915278	0.0638436642	-0.1684822409	0.004753309	0.0899662388	0.1697950229	-0.0562731668	0.0328536299	-0.0177053409	-0.0632751033	-0.0401973327	-0.0714171151	0.0327418784	0.0556786149	-0.0445636698	-0.0345921067	0.0564663366	-0.0029859739	-0.0597501599	-0.0966134421	0.0671007856	0.0208032408	-0.1137900827	0.0425789485	0.0243802331	0.0115050487	0.0379237556	0.1198488639	-0.0462720363	0.0477319389	-0.0130635813	-0.0848895505	-0.1259929152	0.0664941567	-0.1163333068	-0.0187870429	-0.0148056853	-0.0570511292	-0.0412992031	0.0405327041	-0.0432022867	0.1057214072	-0.0100521583	-0.0228565046	-0.0615795879	0.0132738458	0.0691903687	-0.0027099718	0.1063321286	0.0391882482	-0.0363700804	-0.0589680823	-0.0591904245	-0.0148981058	-0.0929328556	0.0375571741	0.0798362861	0.0831717355	0.1815262589	0.0297146453	-0.0058976193	0.0241549646	0.0724661705	0.0677456922	-0.0362691326	0.0733658028	-0.0649591228	-0.014412701	0.0867032789	0.086774864	0.0654347411	-0.0183564159	0.0276627339	0.0247751497	0.0821674795	-0.0055855062	-0.0205749831	0.1009118153	-0.0087149042	0.0240838493	0.0631568888	0.104506176	0.0390741549	-0.0055198245	-0.1108506508	0.0159502437	0.0831170808	0.0208050457	0.0395414913	-0.0664418692	0.0116794718	-0.0112028104	0.0353271745	0.0102198923	0.0118117463	-0.1216254356	-0.1985006262	-0.0101275924	-0.0741130112	-0.0536723028	-0.0272074231	-0.0032934064	-0.0304884015	-0.0590259245	-0.0490704705	0.0685822935	0.1524946063	0.0177104948	0.1144266944	-0.0448410402	-0.0645157117	0.0982994868	-0.0081915127	-0.0550913809	0.001521796	0.0630712127	0.013045962	0.0138039828	0.0119059069	-0.0255849077	-0.0041048142	-0.0053540813	-0.0533026472	-0.1177552555	-0.0274122452	0.0126593953	-0.0157438103	-0.0563575207	-0.0723316864	-0.0872496007	0.0522498565	-0.0039259816	-0.04539905	0.0831469612	0.09896507912201	0.012686903515899	0.0001609575208217	0.0097940868856256	0.1633968358331969	0.145247904611196	0.0210969537939431	0.0266985259603006	0.0135496465119828	-0.0353191173803254	0.0012474400525252	0.0001835929205996	0.0031939777925587	-0.0001589983382695	2.528047157246239e-08	1.0201494139358146e-05	-0.0026081611469646	-4.783521761120031e-05	2.288208043910888e-09	6.8025045685356985e-06	0.0030381865250635	-5.612658947889981e-05	3.150194046532947e-09	9.230577361077426e-06	0.0	0.0	0.0	0.0	0.0	0.0	0.0	0.0	0.0	0.0
280.8616451947179	-0.2412324766752362	78883.26374148359	0.0581931078028684	416.9604630487616	-1.2420373535156273	1.5426567875281032	173856.0277458377	262.2277555262035	-0.4013990156055342	68763.39576831035	0.1611211697290919	277.14612930434043	271.58957926432294	1.077736	28.00699	0.0699139646235805	0.0405796813732632	0.131770723	-0.054084357	0.1306574038	-0.0079290444	0.0575361212	-0.0041600849	-0.0967005222	0.1354985707	0.085097979	-0.0983327187	0.1207394606	-0.0180066092	-0.1025875141	0.0936300855	0.131931892	-0.0070527713	-0.0633741725	-0.0812335377	0.0808961978	0.0610996168	0.0925949398	-0.0067115883	0.0463350368	-0.0470884038	0.0614268436	0.0111874797	-0.0505742282	0.0607622766	-0.0585893465	0.076308481	-0.0674671907	-0.0353491086	-0.0121831976	-0.0872932937	0.0880291046	0.0187110445	0.0907392889	0.015551439	0.0372123559	0.066630081	-0.0014051499	0.1168954266	0.0361205553	0.0536803738	0.1541662401	0.0285458972	0.0041861804	0.0076861769	-0.0403315482	-0.0165797495	0.0690579545	-0.0645529123	-0.1134134377	0.0132619207	0.0275100486	0.099637826	-0.0772716755	0.0427148294	-0.10574169	0.0712163499	-0.1082443024	-0.0154926989	-0.0042407942	0.0206247755	-2.5532e-06	-0.0860639785	0.0992993368	0.0529293153	0.1385627859	0.1302187177	0.0632342304	0.0126041458	-0.0555669204	-0.0016057271	-0.0251877106	0.0946984574	0.0381963629	-0.0288963395	0.1006770893	-0.0034700659	-0.0200506853	0.0340007159	-0.0922636799	0.0204512978	0.0718025489	-0.0325232593	0.1017231946	-0.0308928225	-0.0881918412	-0.0981085916	-0.0171188841	0.0419595554	0.0638987751	0.0028129723	-0.0170549105	-0.090634799	0.062462643	-0.0075803699	-0.0382516105	-0.0205386588	-0.1128437854	-0.0159620496	-0.0117235497	-0.0228329511	0.0212490133	-0.0472295317	0.0472168314	0.0434636755	-0.0870085054	-0.083665803	0.0493407341	-0.1062732011	-0.0946353826	-0.0915536555	0.113875806	0.0622565898	-0.1266411005	0.1272247019	-0.0045007906	0.0002378681	-0.0650302828	-0.1321017661	-0.0150642121	0.0177900593	0.0321966487	0.002648649	-0.017747914	-0.007377863	-0.0897842136	-0.0397844142	-0.0352409003	-0.0796260758	-0.0418817988	-0.0260056259	0.0223142612	-0.0013209619	0.0946926081	-0.0407959379	-0.0880063298	0.0549022818	-0.0086286366	-0.0397147891	0.0785316931	0.0998191110970054	0.0008540319749954	7.293706143145588e-07	0.0099638549401963	0.192291239455514	0.0288944036223171	0.0008348865606893	0.0369759207713378	0.0396786497033758	0.0261290031913929	0.0006827248077758	0.0015743952422832	0.0031949048707053	9.27078146600261e-07	8.594738899037749e-13	1.020741713285645e-05	-0.0028410899457442	-0.0002329287987796	5.4255825300907416e-08	8.071792079808782e-06	0.0030850611648348	4.6874639771299874e-05	2.197231853689128e-09	9.517602390771853e-06	0.0	0.0	0.0	0.0	0.0	0.0	0.0	0.0	0.0	0.0
282.17840146094005	1.3167562662221712	79624.65025105145	1.7338470646353534	418.0049714383212	1.04450838955961	1.0909977758604097	174728.15614715172	263.1329827623004	0.9052272360968914	69238.96661738509	0.8194363489716171	278.1010867458334	281.37923659030804	1.121912	29.15497	0.1591815058130223	0.0931566534418174	0.0689725015	-0.0171804283	0.006921113	0.0861505145	0.0218009199	-0.0260554111	0.0280433218	0.0406888679	0.0566881231	0.057458755	-0.0855863636	-0.0561509735	-0.0134316489	0.0352654972	0.0883825947	0.0159656233	0.003921417	-0.0505717109	-0.0520150646	-0.0268402502	0.0482206319	-0.1632871182	0.0412409391	0.0098272325	-0.0265734303	-0.0574322211	-0.0770786593	0.0075916498	-0.0108060313	0.1012548271	0.055180089	0.0880288642	-0.1048835033	0.0072070193	0.0731349765	0.0822755563	0.0212411153	0.0494458421	-0.1243182751	-0.0645138025	0.1170977322	0.0927146769	-0.0419520545	0.0921742751	-0.1171580791	0.1042236925	-0.0070857375	0.1261359519	0.0490695036	0.1034823368	-0.1012202651	-0.0331890686	-0.1157395847	0.0936500841	0.1654278957	-0.0598758366	0.0121951444	-0.0131123588	0.0123464178	0.0229630021	0.0116146057	0.0674555428	-0.0590961755	-0.076727696	0.0099793012	-0.040220254	0.0341893778	0.0461232915	-0.0058236707	0.0130155687	0.0489343272	0.0542795641	0.1041188156	0.1032721505	0.053088269	0.0221144432	-0.0673095052	-0.0003493914	0.0662257747	-0.1006398811	-0.0013752324	-0.0515299839	0.0143920926	0.0923586913	0.0440871307	0.0039077474	-0.0438342994	-0.012405252	-0.0449831726	0.0214078896	-0.2144628297	-0.009333269	-0.006552991	-0.0975508495	-0.1492164812	-0.0618831897	-0.0281923691	0.0481088643	0.0364468721	0.0069479135	-0.0735590724	0.0936171582	0.0547039811	-0.0119669626	-0.0343918954	-0.0158524105	-0.1098965259	0.0544479002	0.1128269287	-0.1567927067	-0.1009545012	0.0283104619	-0.0052498775	0.0373662843	0.0324129684	0.0861157588	0.0022969503	0.0473614112	0.0950177946	-0.0114022128	0.1244032688	-0.0549509959	-0.1152356053	0.0329157008	-0.0012506991	0.0106869314	0.1250589032	0.0503973962	-0.0546987299	0.0216522916	-0.0758799906	-0.0375302418	-0.143554594	0.061102745	-0.0707961959	0.0135799135	-0.0218663504	0.028702677	-0.0887413447	0.0575005252	-0.0133121339	-0.033873792	0.0734322509	0.1161055801079697	0.0162864690109642	0.0002652490728451	0.0134805057322081	0.1093066239504452	-0.0829846155050687	0.0068864464105241	0.011947938039444	0.0046276395501365	-0.0350510101532393	0.0012285733127624	2.1415047805987543e-05	0.0033998542781653	0.00020494940746	4.200425961820512e-08	1.1559009112758896e-05	-0.0030641589195641	-0.0002230689738199	4.975976708106324e-08	9.389069884344232e-06	0.0031542310064299	6.916984159510003e-05	4.784466986291231e-09	9.94917324192378e-06	0.0	0.0	0.0	0.0	0.0	0.0	0.0	0.0	0.0	0.0
282.11546986792064	-0.0629315930194138	79589.13833879764	0.0039603853999611	418.8089093780517	0.8039379397304742	0.6463162109380796	175400.9025744331	263.7069153285403	0.5739325662398755	69541.33719209391	0.3293985905906891	278.7724983550575	279.9567109409329	0.977381	25.39908	0.1247925992860793	0.0639737040627544	0.0453688644	-0.0359439603	0.1395630198	0.0590947259	-0.0017761105	-0.0557048895	0.006942315	0.0738252902	0.0224694958	0.0671943554	0.1019483842	-0.0067067132	-0.0304295945	-0.0333081757	0.0424879531	-0.0365940644	0.0183484658	0.043465875	0.1052780779	-0.0073657303	0.0450075524	-0.0654538038	0.0792212766	0.0158694216	0.093243855	0.0271049593	-0.0771366816	-0.0631246301	-0.0057824101	-0.0260021496	-0.1020251729	0.1551648643	-0.0096572102	-0.0701346467	0.0161924217	-0.0127890338	0.0220816433	0.1420497043	-0.0157333508	-0.0301196485	0.0698679444	0.057579266	0.1192665282	0.0031339419	-0.0472652397	0.0654288883	-0.0448547844	-0.0336593737	-0.0806506229	0.0334677291	0.1172826113	0.0247928021	0.0636531958	0.0301350257	0.0916615307	0.0245970441	0.0619774574	-0.0506905452	0.0750700603	-0.0034211873	-0.0113505453	0.0876848568	0.0401574054	-0.0628986601	-0.1105175272	0.0435092151	-0.0303887573	0.0041548963	0.0764693072	0.0288024826	-0.0115034775	-0.0195870555	-0.0575484756	0.0390212275	-0.0651698934	-0.0913107727	-0.0554779936	0.0226083972	0.1068415472	-0.0689058206	-0.0080846487	0.037205552	-0.0506195971	-0.0352276759	0.0535270756	-0.0833812198	-0.1236719045	0.0386981369	-0.1459743828	-0.0271637984	-0.095516836	-0.0622411557	-0.0637340322	-0.0396388007	-0.0733080834	-0.1065878039	0.0370818792	-0.0460813424	-0.1279857549	0.0283712382	0.0382102323	0.0737661288	-0.049917292	0.0410118516	0.0763728818	-0.0657402676	0.0533591134	-0.0251578581	-0.0110365942	0.0117560864	-0.0309492867	0.1049101399	-0.0481665743	-0.0312825468	-0.0065713572	0.0126469243	-0.1075361957	0.0775526546	-0.0586080258	-0.0351638583	0.0376387122	-0.0798551329	-0.186511401	-0.0710412143	-0.0488935824	-0.019817908	0.0513038007	-0.051862932	-0.0003370122	0.0449199897	-0.0362188514	-0.0348213762	0.0504802297	0.0846203073	-0.0330796875	-0.1081347762	-0.000178343	-0.013757117	-0.089454464	0.0600420225	-0.0179660749	-0.0278991106	0.0678800746	0.1323854172212577	0.016279837113288	0.0002650330964351	0.0175258986928464	0.0680371279939464	-0.0412694959564988	0.0017031712965034	0.0046290507856646	-0.036100945770741	-0.0407285853208775	0.0016588176622399	0.0013032782855419	0.0033757277300263	-2.4126548139000083e-05	5.820903251034884e-10	1.1395537707268515e-05	-0.0034399223314731	-0.0003757634119089	1.411981417294927e-07	1.1833065646567328e-05	0.0030238273485696	-0.0001304036578602	1.700511398334617e-08	9.143531833957457e-06	0.0	0.0	0.0	0.0	0.0	0.0	0.0	0.0	0.0	0.0
282.2636978980714	0.1482280301507899	79672.79515109373	0.0219715489223834	419.67785003662107	0.868940658569386	0.7550578681149982	176129.4978113606	263.7916041828464	0.0846888543061368	69586.01043735951	0.007172202043686	278.92261589330536	280.86759806844174	0.959218	24.927073	0.1321504920996805	0.0638266682695626	0.0454866416	0.0988805847	0.0862532202	0.0759560507	0.0102108193	0.0812527219	-0.0725895986	0.0026416817	0.0268263552	0.0605515421	-0.0126777005	-0.0593403441	-0.1453753048	-0.0264755805	-0.001422541	0.0198405419	0.0244556608	0.0281815496	-0.0312670482	-0.0391095782	0.0761469677	0.0806742665	0.1189212802	-0.0206326143	0.1309873631	0.0412542824	-0.0543714119	0.0477114134	0.1628173749	-0.0331210252	0.0326368081	0.1106208742	0.0112668395	-0.0223098028	-0.0258230375	0.0825478803	-0.0241393747	-0.080579749	-0.0506677595	-0.1292259941	0.0383631764	0.0475632681	0.0217074904	0.1111782665	-0.1342131009	0.0606271853	-0.013179372	0.0055104648	0.0183669178	0.0451287499	-0.0247268728	0.0543275991	0.0069768573	-0.1004139	0.0133547712	0.021806055	-0.1825715295	-0.0464632395	0.0576382325	0.0509109989	-0.0688020891	0.0567109746	0.0753110847	-0.0373099033	0.0899715047	0.0465479905	-0.0322776496	0.0330919298	-0.0535369156	0.0160982938	0.0467160384	-0.0659465243	-0.01455096	-0.0129016072	-0.0780863916	0.0421531387	0.0066207065	-0.0126329917	0.1403202875	-0.0259664425	0.1345783399	-0.0302500711	0.002323857	-0.0308502498	0.079389969	0.0416163405	-0.150967247	0.011058638	-0.0812700939	0.0443779107	-0.0580603085	-0.1424460482	-0.006039211	-0.006922488	-0.0596783644	0.0291322288	-0.0346039707	0.0244542494	0.0705405265	-0.0608440011	-0.0560038281	0.0339584725	-0.1324528546	-0.0578782816	0.0034586634	-0.0755644031	-0.0339662724	-0.068550987	0.0201870196	-0.1338783454	0.028920455	0.0954269431	0.0441420302	0.0221554565	-0.0149627453	0.0486755875	0.0550843507	0.0373385213	0.0135250401	-0.0101502256	0.0421062556	-0.1961233059	-0.0369487704	0.0533732703	-0.1152513546	-0.0314913064	0.0906252442	0.0963789723	0.0378272351	0.0018470545	0.0016606893	0.0877924336	-0.0016194449	0.0694080763	-0.0106857996	-0.0010865798	0.0237725883	-0.0021582021	-0.0901455117	0.0625242656	-0.0225801267	-0.0218143241	0.0619093949	0.1560913619476451	0.0237059447263874	0.0005619718153705	0.0243645132746707	0.0680260514376556	-1.107655629080384e-05	1.2269009926334614e-10	0.0046275436741985	-0.0011091398857487	0.0349918058849923	0.0012244264790929	1.2301912861586391e-06	0.0029480561352909	-0.0004276715947353	1.8290299294352017e-07	8.691034976826318e-06	-0.00387067817653	-0.0004307558450569	1.8555059805068406e-07	1.4982149546265606e-05	0.0036342332074175	0.0006104058588479	3.725953125158424e-07	1.320765100589609e-05	0.0	0.0	0.0	0.0	0.0	0.0	0.0	0.0	0.0	0.0
282.3455352204565	0.0818373223850699	79719.00125892604	0.0066973473351578	420.8479405143044	1.1700904776833454	1.3691117259652394	177112.9890351315	262.9741633812808	-0.817440801565624	69155.41060608457	0.66820946406425	277.9659113636796	285.15957766804195	1.072353	27.867083	0.1604721445898327	0.0798662419904209	-0.0123644072	-0.1038953147	0.1002172471	0.1073376232	0.0671465134	-0.1102064189	0.0903954038	0.0505261459	-0.0022707071	0.0561774112	0.0155999625	-0.019867034	-0.1077406109	0.0039098287	-0.0030955726	0.0894628784	-0.1153927471	-0.0019042009	0.0499772217	0.0492547167	-0.0695048369	0.0146042253	0.0900762058	-0.0771460655	-0.032401389	0.0136180867	-0.0133960092	-0.0959905731	-0.0405170834	0.0615897421	0.0324969753	-0.0081483406	-0.0109237399	0.0971711956	-0.03291169	0.0036200239	-0.0434646887	0.0383552526	-0.0020869322	-0.0784979883	0.1126931737	0.0049140988	0.0185740315	0.0147672848	-0.0393603612	0.1094526309	-0.1719242843	-0.0174519301	0.0042552108	0.0430462449	0.0575704491	0.1804546179	0.09718145	0.1395703029	-0.004112292	-0.0550970446	-0.0135557379	-0.0337038955	-0.1351961575	-0.0354231398	-0.0386617591	-0.0130593632	0.0555283275	0.0009253154	0.0302994208	0.0830683605	0.0086039354	-0.0837318065	0.1025034184	-0.0259376691	0.0563118841	-0.0308719171	0.0284146361	-0.0408390399	0.0549574311	-0.0062674081	-0.0079817954	0.1287287243	0.0442613908	0.0578070449	-0.0351886605	0.0493817051	0.0617473979	0.0031742951	-0.0317338853	0.0168876375	-0.0617602596	0.0977485415	0.0231681379	0.0302331225	-0.1139712104	-0.012525541	-0.0173738439	-0.1115003282	-0.0659417671	-0.0909051426	-0.0424793333	-0.0178816341	-0.0087957892	0.0419992018	0.0456316804	-0.1418998084	-0.044175068	0.0501871856	-0.0281420895	-0.032530806	0.0782984512	0.0697076289	-0.0639650931	-0.0913610117	0.0389150668	0.0645759072	0.1409186747	0.0237992905	0.0064184883	-0.0768089111	-0.0671745674	0.0423682076	0.0052769319	0.081775664	0.0126378284	0.0213995313	-0.1015993293	0.0917582281	0.0316978226	-0.0672734548	-0.1167010821	0.0017954665	0.0265688478	-0.0507586442	0.0775807	0.0398654049	-0.0251874195	0.0434138865	0.0476376453	0.051963837	0.0597723866	0.0004686318	-0.0908143174	0.0649448048	-0.027144045	-0.0156434465	0.0555570233	0.1915797914534067	0.0354884295057615	0.0012594286287854	0.0367028164933308	0.0499969419222452	-0.0180291095154103	0.0003250487899186	0.0024996942015763	-0.0011928396344345	-8.36997486858e-05	7.005647930066079e-09	1.4228663934778315e-06	0.001821200124712	-0.0011268560105789	1.269804468577794e-06	3.3167698942510047e-06	-0.0044640999795424	-0.0005934218030124	3.52149436290488e-07	1.992818862735046e-05	0.0032170929046093	-0.0004171403028081	1.7400603222691665e-07	1.0349686756887503e-05	0.0	0.0	0.0	0.0	0.0	0.0	0.0	0.0	0.0	0.0
282.9576885168864	0.6121532964298808	80065.0534908193	0.3747316583299695	419.4275141351873	-1.4204263791170888	2.017611098491684	175919.43961362276	263.59433567468614	0.6201722934053464	69481.97379977911	0.3846136735076471	278.5187675785126	281.7474324825338	1.286826	33.440567	0.2002421575017315	0.124183500293869	0.0172053832	0.1706738366	0.1056514651	-0.0232605982	0.0390770722	-0.0011544804	-0.1258774518	-0.0618143619	-0.0361621483	0.0693755918	0.0371045075	-0.0888141232	-0.0593853243	-0.0640818534	-0.0222605752	-0.0523294306	-0.041570111	-0.0143159202	-0.0993694828	-0.0025293887	0.1195901816	0.0567245151	-0.032273783	0.0296806797	0.0018664571	-0.0992170809	0.0572835824	-0.0307772272	0.0134882452	0.0560158083	-0.0545160268	-0.0422094201	0.0827239449	-0.0854155447	0.0111945636	-0.1663081854	-0.0410536693	0.0273099983	-0.0187471734	-0.0758422444	-0.0739069002	-0.0259816843	-0.0368129099	0.0200195598	0.0019635133	0.077205916	-0.122370682	-0.0648600068	0.0456055866	-0.0270623615	-0.0193946747	0.0998187325	-0.0053380231	-0.0267723051	0.0585597766	-0.0163951277	-0.0259450634	0.0601240571	0.0030386134	0.0159076023	-0.0351168892	-0.0326012796	-0.0462540578	-0.1079379795	-0.1538043347	0.1142463077	-0.0650808975	0.0136525671	-0.0878658044	0.1387047293	-0.0059593867	-0.0590999927	0.0229367474	-0.085995436	-0.0006896466	0.031577749	0.0297695154	-0.0932804074	0.0275920019	0.0426339857	-0.0350285854	-0.013416577	0.060330695	0.0090444439	0.0129771315	-0.0376279437	0.036249765	-0.0930387692	-0.0269349006	-0.0773268454	-0.0145727209	0.0175769465	-0.122623714	-0.0624703131	0.0693954757	0.006800225	0.073042034	0.063006777	0.0680335749	0.0834535731	0.0222282421	-0.0528218406	-0.039269756	-0.0451541915	-0.0717457149	-0.0801124465	0.0302610584	-0.0961735011	-0.1249374406	-0.0160468551	-0.0041397925	0.0838634094	0.0401830684	0.0610668596	-0.069762134	0.0746705513	0.0834156836	-0.0163157469	0.0224193861	-0.0432399014	-0.1655577277	-0.0468236174	0.0207275554	0.0465703279	0.1090489725	-0.0702587924	-0.0060755758	0.1031692878	-0.0002453564	-0.0226319639	0.0939170766	0.0373515042	-0.0674424378	0.0262361745	0.0096431469	0.0292181207	0.0388485363	-0.0062518192	-0.091460716	0.0673012514	-0.0316476967	-0.0094108313	0.0488621241	0.1656358116845524	-0.0259439797688542	0.0006730900862467	0.0274352221124005	-0.0672182815985422	-0.1172152235207874	0.0137394086250281	0.0045182973810609	0.0295934204462753	0.0307862600807098	0.0009477938097571	0.00087577053371	0.0019889231641888	0.0001677230394767	2.8131017971336112e-08	3.955815353046787e-06	-0.0043191160326341	0.0001449839469083	2.102034486110889e-08	1.8654763303356927e-05	0.0034303198008518	0.0002132268962424	4.546570928120981e-08	1.1767093936115931e-05	0.0	0.0	0.0	0.0	0.0	0.0	0.0	0.0	0.0	0.0
283.1193862464735	0.1616977295871038	80156.58686857983	0.0261461557536241	418.7504824066162	-0.6770317285711371	0.4583719614920219	175351.96651577376	262.7074368582241	-0.8868988164620077	69015.19738061781	0.7865895106417101	277.42520660049433	288.8124134617588	1.320696	34.320751	0.425931481294838	0.3515595938789926	-0.0547189419	-0.0487390939	-0.0220295385	0.0338187486	0.0666048726	-0.0451646174	0.0356565545	-0.023518435	0.1138059834	-0.1432072369	-0.0979018562	-0.0703334628	0.0083608743	0.1541684012	-0.003198032	-0.0174432949	0.0252320989	-0.0540014714	-0.0330237138	-0.0190603862	-0.0292208226	-0.1349115737	-0.0339938338	-0.0620103617	-0.093065834	-0.0098178588	-0.0023929987	-0.0409469262	0.1131919705	0.0983163989	0.0476421306	-0.045823974	0.0222639028	-0.0277625064	-0.0111411285	0.053123336	0.0010583996	0.021727896	0.0140066107	0.0798850239	-0.0935619011	-0.000693226	-0.0996760912	0.0398867518	0.0308786885	-0.006847729	-0.0939327329	0.0240011433	-0.0209617455	0.001467701	0.0604975635	0.1661986158	0.0631631447	-0.0994368638	-0.0477340935	-0.1118355226	-0.1152497947	0.0831590627	0.0954309241	0.0345224478	0.0163202376	0.0160452247	-0.0238853783	-0.0543058895	0.0863292342	0.0095376665	0.1555413411	-0.0108600676	-0.0310766979	-0.001243602	-0.0158097814	0.0971512261	0.0664060562	0.1175719613	-0.0260414296	0.0082102798	0.0025634847	-0.0397326037	-0.0112884096	0.0642730855	-0.0415473107	0.0121132298	0.0254057184	0.087300132	0.0665464733	0.1315863059	0.045722004	-0.0087315169	-0.0789145896	0.0018662527	-0.1220546732	0.0664678882	-0.0251072585	0.0494077842	0.0179846989	0.0347255032	0.0851750988	0.0113852381	-0.0376275299	0.0050838684	-0.1148954018	-0.0731709914	-0.0514932037	0.0405398414	-0.0375977722	-0.0934445936	-0.0528061297	-0.0413872444	-0.0173689563	0.0522743382	0.1594492052	0.061013057	0.115607372	0.0927010979	0.149725652	0.0206104017	0.0072593804	0.0109627612	0.100238138	-0.0055525438	0.0796714017	0.0102136039	0.0628319946	-0.0220332454	0.1694078171	0.1287444465	-0.0179961674	-0.0051810861	-0.1209257288	-0.0503892644	-0.1408559087	0.016503987	0.0531985558	0.0390428533	0.0118861558	-0.0029879879	-0.0689118726	0.0380991014	-0.092084548	0.0695912797	-0.0360810826	-0.0031410759	0.0418659738	0.1468199285810243	-0.0188158831035281	0.0003540374569656	0.021556091428537	0.2800453694614049	0.3472636510599471	0.1205920433474847	0.0784254089567747	0.0182431034044725	-0.0113503170418028	0.0001288296969494	0.0003328108218262	0.0024159924692418	0.000427069305053	1.8238819131845253e-07	5.83701961143309e-06	-0.0037793850114951	0.0005397310211389	2.9130957517974735e-07	1.4283751065113818e-05	0.0034270875252526	-3.23227559919986e-06	1.0447605549182813e-11	1.1744928905741992e-05	0.0	0.0	0.0	0.0	0.0	0.0	0.0	0.0	0.0	0.0
283.54411468712766	0.424728440654178	80397.264973707	0.1803942483005296	420.31192114396526	1.5614387373490786	2.4380909304942846	176662.11105573087	263.90642382197615	1.19898696375202	69646.6005345045	1.437569739247288	278.95958547857344	286.1118317627362	1.177	30.586555	0.4056479770955554	0.3472309788713207	-0.0167232327	-0.0196478592	0.0372235734	-0.0087872433	0.0277054218	-0.0578919131	0.0443928673	-0.0403808785	-0.044511767	-0.0358699616	0.1064820363	0.0613968178	0.1351739243	-0.0667124134	0.0334696159	-0.04232474	-0.0190948235	0.0038476698	0.1095353992	-0.0295171515	0.0313688602	-0.050063302	-0.129148014	0.0232104427	0.024837766	0.0162372388	0.0502781222	0.1068400216	0.1092234054	-0.0826281003	0.023476165	0.0252721251	0.1051029642	0.0597614461	-0.0383066383	0.2043335799	-0.0049460557	0.0545860259	0.0167553652	0.1265967881	-0.059675352	-0.0059952349	-0.0987525219	-0.0580845349	0.0286300159	-0.0109814366	-0.0600285762	0.0091402339	-0.0538981192	0.0671989908	0.0409065851	0.1146972263	0.0582140868	-0.0085230805	0.0108473003	0.0886864326	-0.0445503405	0.0402868689	-0.0019371688	-0.0931782543	0.0997679428	-0.0855870277	-0.0097636342	-0.1247529377	0.0563402161	0.0064532857	-0.0590390047	-0.0038123967	0.0772318415	0.0053633656	-0.0418699293	0.0052930161	-0.0585815573	-0.0123214082	0.0237955365	-0.072491852	-0.0675666789	-0.1688446751	-0.0702194692	0.0562619445	0.0079806768	-0.1018735705	0.1123243278	-0.0035682389	0.1477231771	0.0471384084	-0.0332490191	0.1238592447	-0.0924170381	0.0498177016	-0.008967058	0.0993867746	0.0100915769	0.0362200721	0.0548138439	0.1102411301	0.02676147	-0.074205836	-0.0391045253	0.0415312447	-0.0343252036	-0.0442641828	-0.0920824271	0.1022730852	0.0108102788	0.0386278936	-0.1341004205	0.009832758	-0.1392324548	-0.0007438343	0.0688447363	0.0407527956	0.0545010327	0.0445107712	-0.0453385001	0.0193860359	-0.1318644063	0.0438620265	-0.069505522	-0.0238489014	-0.0686330837	0.0654016874	0.0338343497	0.0334174904	0.135121237	-0.0242050229	0.1226603015	-0.0313389436	-0.0252326622	0.0500363864	-0.0214478213	0.0709023892	0.0216537863	0.099311746	0.1082542367	0.044503427	-0.071015989	0.1625088182	-0.0926856596	0.0718126298	-0.0404343596	0.0031410759	0.0346117057	0.1292415416656638	-0.0175783869153605	0.0003089996865461	0.0167033760921175	-0.0655415399015169	-0.3455869093629218	0.1194303119230163	0.0042956934526621	-0.0057202559336957	-0.0239633593381682	0.0005742425907701	3.2721327946980865e-05	0.0023739273237301	-4.2065145511699896e-05	1.769476466920486e-09	5.635530938352355e-06	-0.0034829947617838	0.0002963902497112	8.784718012392674e-08	1.2131252510613393e-05	0.0033951564908935	-3.19310343591e-05	1.0195909552420248e-09	1.1527087597656266e-05	0.0	0.0	0.0	0.0	0.0	0.0	0.0	0.0	0.0	0.0
283.4110594916362	-0.1330551954914653	80321.82864217175	0.017703685047272	423.1982118363814	2.88629069241614	8.330673961128037	179096.72650151074	264.1273322924487	0.2209084704725796	69763.24766392563	0.0488005523265346	279.361645761078	287.5380526618567	1.117512	29.040642	0.1281450863151925	0.0835691344088012	0.04044926	0.0721007459	-0.0535391734	-0.1248574115	-0.0041396582	0.0627173682	-0.0964513697	-0.0081881922	-0.0712635034	-0.0299075328	-0.0725138573	0.0194240275	0.0446302625	-0.0282798069	0.0422070849	0.0242099566	0.0759094456	0.0960176593	-0.0333319929	-0.0867182759	0.1781875539	-0.0139403946	-0.0320768099	0.116986316	0.0288623103	-0.0571172474	0.051167266	-0.0220927761	-0.0160823356	-0.0629244474	0.0989895641	0.0048106267	-0.0207656886	-0.0061893512	0.0143506175	-0.0544630544	0.0708128847	0.018730559	-0.0017286984	0.0106301025	0.0746611839	0.1438093973	-0.0744640516	0.0523425856	0.0521316968	-0.1098738136	-0.073729852	0.044434921	0.0296451213	-0.0472522258	0.0498125555	0.0224438226	0.0013056191	-0.0636167308	0.0214604683	-0.0183086298	-0.0227359055	-0.0240711625	0.0415606533	0.0250796283	-0.0561257715	0.0679962472	-0.1915947654	-0.014913992	-0.0314138894	0.0938666599	-0.0353114308	0.0754719614	-0.0764411877	0.0593811362	0.0595364609	-0.1233275042	-0.0369369521	0.0812645701	-0.0446727615	-0.0108160876	-0.1071116649	-0.0948782611	0.0220287739	-0.0331130897	-0.0026314737	-0.0938868128	0.061428441	0.0373025135	-0.0224303067	-0.0155335917	0.039429319	-0.1227546492	0.0025492555	0.0736434804	-0.0236445015	0.0565820928	-0.0131117477	0.0899078861	-0.0199682899	-0.0400065788	-0.0418019126	-0.067130787	0.0596577013	0.1753426322	-0.1416602825	-0.0121731768	0.051656491	-0.0971590014	-0.016299734	0.0128579738	0.0086013179	-0.0324810277	-0.0625435361	0.0096816072	-0.0042992495	0.1127003484	0.0431147624	-0.0586259256	-0.0226771216	0.1005751958	0.0370674313	0.016701599	0.1088244161	0.0043634033	-0.1329735766	-0.0037378192	0.0221409944	-0.0278296088	0.0618725702	-0.0016076601	0.1743211664	-0.0230054145	0.0226060102	0.0606900859	0.1398556795	0.0855769542	-0.0503006249	0.0370102802	0.0333447199	-0.0119678348	-0.0514074782	0.0217822366	-0.0932639023	0.0739631095	-0.0446978621	0.0094108313	0.027144045	0.1291969941396615	-4.454752600230316e-05	1.984482072925876e-09	0.0166918632947237	0.0071154320301616	0.0726569719316785	0.0052790355702807	5.062937297584963e-05	0.0347156245330211	0.0404358804667168	0.0016350604291186	0.0012051745867176	0.0021916356475335	-0.0001822916761966	3.3230255210566156e-08	4.803266811539583e-06	-0.0034831740210512	-1.7925926739997477e-07	3.213388494877565e-14	1.2132501260925986e-05	0.0035128392832454	0.0001176827923518	1.3849239615740374e-08	1.2340039829912055e-05	0.0	0.0	0.0	0.0	0.0	0.0	0.0	0.0	0.0	0.0
282.68852089534346	-0.7225385962927362	79912.79984599704	0.5220620231326776	421.7415652951327	-1.4566465412486878	2.121819146131765	177865.9478975887	263.57792010789905	-0.5494121845496807	69473.31996840601	0.3018537485316523	278.94127515301113	285.22535232561984	1.082015	28.118181	0.0946285050622768	0.0527683425447793	0.0708164397	-0.0858594672	-0.1018995609	0.0614742689	-0.0436590234	0.0724703377	0.1471944291	0.0665781731	0.0559457106	-0.0246541051	-0.0450650117	0.0373381419	0.0105950495	0.0098225383	0.0980179282	0.0416556836	-0.0459960505	0.0944506367	0.0734856032	-0.058080795	-0.022498496	-0.1204284665	-0.1056340052	-0.0349882393	-0.0917036286	0.0033760064	-0.0366669497	0.0149879687	0.0974150834	-0.1018564051	-0.0601127581	0.1167707684	0.1091432067	-0.1672756679	-0.0732633332	-0.0140721086	-0.0050375836	0.0597344755	0.0476705897	-0.0418204237	0.082818313	-0.0111200243	-0.0194252194	-0.0153119906	-0.0110435296	-0.0307832863	-0.0737057601	-0.0064695006	-0.0953566403	0.0545518038	0.0912896963	0.0274140878	-0.0313974119	0.087169916	-0.0466109628	-0.0484614189	-0.0345470742	-0.1094564819	-0.0478705511	0.1582336693	-0.0034798397	0.0735892899	-0.0685100015	0.1283251225	0.1308707886	0.0321683271	0.0053152068	0.0785743722	0.1173280587	-0.1028676646	0.0211808598	-0.0389904041	0.0842868698	0.0966823823	-0.0008521816	0.0002956413	-0.0628257598	-0.0715130013	-0.0595286105	0.0560297732	-0.0707994862	0.0279703465	0.069190606	-0.0774708024	0.0940682386	-0.0728724797	-0.0691252974	-0.0537665746	-0.115395901	-0.0754328427	-0.0082961993	-0.0878383493	-0.095485865	0.1154610996	0.0781534501	-0.0019581528	0.0022089438	-0.0981970255	-0.0872539092	0.0709331813	-0.0621316506	-0.0430515751	-0.0012006034	0.0464389108	-0.0184902815	-0.0410347568	-0.0082905594	-0.0105160307	0.0392181024	-0.0407154172	-0.0198935511	-0.0478789935	0.0941281031	-0.011689066	0.0100094855	0.030600656	-0.0762253055	0.0750704229	0.0558161416	0.0240136537	0.1073202684	0.0430912465	0.0753544502	0.0388581619	0.1201053065	-0.044338501	0.0782090077	-0.0734506658	0.0130567835	0.1579533281	0.0407499033	0.0146830625	-0.0568662868	0.143705399	-0.0497644991	-0.0185704575	-0.0499308703	0.0394690497	-0.0938191336	0.0760405966	-0.0488621241	0.0156434465	0.0195090322	0.1370072345255124	0.0078102403858509	6.099985488477646e-05	0.0187709823123287	0.0486169698831275	0.0415015378529659	0.0017223776441611	0.0023636097606169	0.0079134046209361	-0.026802219912085	0.0007183589922157	6.262197269465282e-05	0.0024067848720161	0.0002151492244826	4.6289188795464224e-08	5.7926134201655545e-06	-0.0036033381323656	-0.0001201641113143	1.4439413647979474e-08	1.298404569616001e-05	0.0034778624808149	-3.497680243050001e-05	1.2233767082622319e-09	1.209552743545997e-05	0.0	0.0	0.0	0.0	0.0	0.0	0.0	0.0	0.0	0.0
282.27977035147734	-0.4087505438661196	79681.86874968279	0.1670770071108486	419.5903774261475	-2.1511878689852324	4.627609247669225	176056.0848286169	263.26483790079754	-0.3130822071015018	69308.3748749332	0.0980204684035476	278.4949448425419	278.32150927784875	1.016795	26.423307	0.1126859680328684	0.0863936513419914	0.113053151	0.0426237087	0.0413399398	-0.0182456006	0.0045053371	0.0362665974	-0.0306528181	0.0928893238	-0.043949189	0.0446551361	0.0867238834	0.0041420523	0.0580841967	-0.0346464131	0.0973547058	-0.0020110737	-0.102984263	0.0355640828	0.0084983641	-0.0307056928	0.0545878646	0.0190257262	0.0191200876	-0.062819122	-0.0286439946	0.0171605206	0.1553083701	-0.0268912434	-0.0068192992	0.0873894253	0.0083646953	0.0925705039	0.0935887834	0.0501079997	-0.0702307275	0.0257151701	0.0271851711	0.0446228833	-0.0845096048	-0.0168534247	-0.0179458596	0.0868518112	-0.025940594	-0.0551967471	0.0336764013	-0.1292407588	0.1826262339	0.0362175046	-0.001355365	-0.0858282606	-0.0162758525	0.050706654	-0.0604435359	-0.1228967154	0.0983847428	0.0588274956	0.1399248994	-0.0556694601	0.0498022214	-0.079138693	-0.0809699828	-0.0604818988	-0.0526840314	0.0622144381	-0.0099517184	0.0288952341	-0.0382066185	0.0669752941	0.0777623817	0.0678491622	0.0368199097	-0.0748596713	0.0301052768	-0.0600360062	-0.0093984352	-0.0067522825	-0.0283911867	0.012897836	0.029235319	0.1551048919	-0.013998998	-0.0903378893	0.050898793	0.1348026167	-0.0424285617	-0.0224214898	0.0287612988	0.0313047493	-0.0871702624	0.0254517997	-0.0627962936	-0.0644439233	0.0653141596	0.0914202619	0.0417313982	-0.0018697982	0.0209734797	-0.0157870577	0.0294939515	0.1144260001	0.0661025089	0.0553436504	0.0503333825	0.0384058571	0.025205918	0.1722926375	-0.0131550817	-0.0312576772	0.0570002072	0.0033278513	-0.0316961333	0.116211597	-0.1677202597	-0.1017804869	-0.0445693334	0.078099633	-0.0302944967	0.066487993	-0.0365543255	-0.0442242851	-0.0933735411	0.01181498	-0.0098671423	0.0154303441	0.1323254094	-0.0511651303	0.005356502	-0.019809678	0.0191877806	0.1080736796	0.0159718065	0.0716359623	0.0177324891	0.1455498726	-0.0406913305	-0.0998001044	-0.0721944787	-0.0377568859	-0.0943512164	0.0780430407	-0.0529179001	0.0218143241	0.0117537397	0.1416412201790109	0.0046339856534985	2.147382303683004e-05	0.020062235253799	-0.0368898597795492	-0.0855068296626767	0.007311417918962	0.0013608617545548	0.0126111542182343	0.0046977495972982	2.20688512789154e-05	0.000159041210716	0.0024076706706119	8.857985958001142e-07	7.846391523214542e-13	5.796878058124756e-06	-0.0037575809972312	-0.0001542428648655	2.3790861361947713e-08	1.4119414950753018e-05	0.0032760430818884	-0.0002018193989265	4.07310697830538e-08	1.0732458274388843e-05	0.0	0.0	0.0	0.0	0.0	0.0	0.0	0.0	0.0	0.0
282.3060511813326	0.0262808298552386	79696.70653359717	0.00069068201788	419.8370216438987	0.2466442177512249	0.0608333701501136	176263.12474281946	263.0051348304572	-0.259703070340322	69171.70094718698	0.0674456847441902	277.99427566240223	284.68515538248704	1.112009	28.89764	0.2822235048790169	0.2460131649619063	0.0813764166	0.0144016228	-0.0336785587	-0.0594422175	0.0149956656	0.0589656765	-0.0453680489	0.0783399001	0.0577327849	-0.0832292708	-0.0739926022	-0.0762948748	-0.0173331847	0.1102639489	0.0746843511	0.018726279	-0.0018383278	0.0183969544	-0.0953314013	-0.0523151093	0.0842677002	-0.1045584933	0.0410673338	0.0117176238	-0.0539045838	-0.1185006022	0.0349992059	0.0080193222	0.0119018922	0.0403520045	0.0125084909	-0.116791148	0.0825944704	-0.0548967739	0.1399677679	-0.0683063568	-0.0380044055	-0.0882263893	-0.0318509485	0.1304939979	0.0026168104	0.1245805619	-0.0512028331	-0.0100117761	-2.66185e-05	0.0537201196	-0.1046435234	0.0067396671	-0.0359151915	-0.0751769833	0.0903995976	0.0128728223	0.090547601	0.0212591237	0.0636933077	0.1456468422	0.0012835591	-0.0568714815	0.0648788541	0.0738182763	-0.0199638233	-0.0529941423	-0.0185608991	-0.0495957928	0.0028192222	0.0509165068	0.1098841673	0.083803847	-0.0393319029	0.0602062432	0.0572833038	-0.0293633408	0.0803395934	0.1061542671	-0.0507186229	0.0933222668	-0.0279702935	-0.0202791476	0.0007628419	0.0514958973	-0.0054912183	-0.0377736004	0.1166467931	0.0095520902	0.0824149344	-0.0214053437	0.0601789022	-0.0578896089	0.0727193376	-0.1370567093	-0.0028796639	0.1678605122	-0.02402698	0.0351121398	-0.0869658537	-0.1114873481	0.0197392063	-0.0013078553	0.0376659736	0.0440210864	-0.0073599086	0.0373527394	-0.0402381082	0.0811260203	-0.0227257639	-0.0318507763	0.0032427336	0.0034955873	-0.0447565225	-0.0079938543	-0.0099198195	0.0398450792	-0.0522036551	-0.1063272124	0.1127006819	0.0919965484	0.0480917663	0.0387542599	0.1625317031	0.0028693386	-0.0043807461	-0.0808007216	0.074569096	-0.0050938283	0.1226076051	0.0647150579	-0.0013643208	0.0784694361	-0.0313904731	0.0758338375	-0.0500543963	0.1196919238	0.0158940262	0.0431448749	0.0362848258	-0.015801031	-0.0404394829	-0.0236213277	-0.0948600195	0.0799684658	-0.0568561851	0.0278991106	0.0039259816	0.1391727248129513	-0.0024684953660596	6.093469372257789e-06	0.0193690473318614	0.2081792737935472	0.2450691335730964	0.0600588802302681	0.0433386100372086	0.0344556070439452	0.0218444528257109	0.0004771801192547	0.0011871888567667	0.0023601545137741	-4.751615683780018e-05	2.2577851606344246e-09	5.5703293288882575e-06	-0.0036430450400692	0.000114535957162	1.3118485483015517e-08	1.3271777163972798e-05	0.0033708194301716	9.47763482832e-05	8.982556193898427e-09	1.136242363082239e-05	0.0	0.0	0.0	0.0	0.0	0.0	0.0	0.0	0.0	0.0
281.89805134997005	-0.407999831362531	79466.51135491036	0.1664638623918537	419.9648358570446	0.1278142131458821	0.0163364730821009	176370.4633564344	262.80179503501955	-0.203339795437671	69064.78347362843	0.0413470724086338	277.8102120577245	283.74264366745103	1.178117	30.615566	0.2386578526155641	0.1538032939038961	0.0700112584	-0.1539043526	0.0193338713	0.0663992698	0.0581178338	-0.0378236109	0.1168630989	0.1073190517	0.0010975091	0.0321667051	0.0620445159	0.0122799351	-0.0034182374	0.026162692	0.0698278877	0.0254454552	-0.0450968833	-0.0342383432	0.0918304025	0.0229990154	0.0395017307	-0.0278293227	-0.064732252	0.0070339639	-0.0707039517	0.0475973713	-0.0412315218	-0.0022473122	-0.0311445003	-0.0120634382	0.0709302222	0.0131105364	0.0420735911	-0.1225226038	-0.1263637299	0.0717745313	0.0053212705	0.1110358869	-0.0042803733	-0.0743311188	0.1369568951	-0.0528429575	-0.0782738212	0.0135059032	-0.0584064357	-0.0162433452	-0.0857503972	0.0250396896	-0.0259361123	-0.1214427632	0.0319265126	-0.0529581881	-0.0798724779	0.016175787	-0.0133914129	0.0257057931	-0.0432076637	0.0275936622	0.0050826847	-0.0386279852	0.0231294242	0.0382443965	0.0577447438	0.084573216	0.019245361	0.0126557755	0.0288382017	0.0120823843	0.1413891298	-0.0331059874	0.0129335191	0.0293720178	-0.0302826324	-0.0310564167	0.1129488903	0.012379228	-0.0720469738	0.0228568455	0.0003335342	-0.0340501154	-0.0687923568	-0.0092401661	0.0889728147	0.0148745993	0.0667732779	0.0065771788	-0.0467207728	-0.1365275831	-0.0830839741	0.0404898022	-0.0331243657	-0.0381934947	-0.0519781822	0.0016385272	0.100321513	-0.0460501362	-0.0569854724	-0.1415547541	-0.0523505261	-0.0691116951	0.0215360874	-0.0446953344	0.0237129334	0.0261416529	-0.0079846182	-0.0029051726	0.0505948573	-0.0877203372	0.0839758522	0.0422066649	-0.0363459094	-0.0384566106	0.001831625	-0.0049841762	0.0257201868	-0.0158839148	-0.1372449633	0.1047915611	-0.0169722366	0.0399240305	0.0166375108	0.042001147	-0.0425489043	0.086705543	0.0676172524	-0.0224037764	-0.051467868	-0.0626731248	-0.0047995167	0.1193680393	0.0414423441	0.0955017038	-0.0051557111	0.0112548478	0.0818047505	-0.1350865949	0.1368974591	0.0707291742	-0.0953454172	0.0818149717	-0.0606682351	0.033873792	-0.0039259816	0.1600724584216522	0.0208997336087009	0.0004367988649146	0.0256231919451515	0.068810226784322	-0.1393690470092252	0.0194237312642596	0.0047348473101098	-0.0263191285842978	-0.0607747356282429	0.0036935684906828	0.0006926965294368	0.002424756668441	6.460215466690036e-05	4.173438387606116e-09	5.879444901149098e-06	-0.0038230705692272	-0.000180025529158	3.240919114861801e-08	1.4615868577291188e-05	0.0032631603866086	-0.0001076590435629	1.1590469660899924e-08	1.0648215708731588e-05	0.0	0.0	0.0	0.0	0.0	0.0	0.0	0.0	0.0	0.0
281.7721038145837	-0.1259475353863308	79395.51848809654	0.015862781669891	419.4170512806285	-0.5477845764160634	0.300067942159326	175910.66290493737	263.3186965807788	0.5169015457592536	69336.73596900025	0.2671872080083057	278.44308051185595	276.11748853342283	1.273946	33.105854	0.1574536194229701	0.0749177351104164	0.1178769315	0.1130220717	0.1102744501	0.0135983873	0.0040011085	0.0562716003	-0.1384027147	0.0392370437	-0.0048170901	0.1052649141	0.0719143156	-0.0673952714	-0.0878272861	-0.0227296253	0.0499306678	0.0313377188	-0.02700776	-0.047663025	-0.1048105576	-0.0109451799	0.1343664322	0.1294543148	0.0176179031	-0.0176966168	0.1566228988	-0.0602263289	-0.0295777265	0.0021843103	-0.0336494193	0.0250603331	0.016531626	-0.0378087369	-0.0417091791	-0.0202504164	0.0029252718	-0.1183339153	-0.0328001676	-0.0189881078	0.1078237871	0.0771501266	-0.0360139445	-0.0273548574	-0.0006465488	-0.1200745632	-0.038352029	0.0469636875	0.0417923354	0.1323155816	0.0097200777	-0.1064865266	0.120006197	-0.0068234067	0.0561140584	-0.0411178849	-0.0435537954	0.0413893348	-0.0179580087	-0.039574961	0.0610181211	0.0093510844	0.049433903	0.14605434	0.0724259906	0.0839330221	0.1372234303	0.0032935756	-0.0314102016	0.0353137399	-0.041456678	0.1189297688	0.0923045761	-0.0337193837	0.0082236562	-0.0878260286	-0.0019294795	0.0767013447	0.0311270977	-0.0366549462	0.0939407309	-0.0636611866	-0.045781219	-0.027921678	-0.0670479878	-0.0315660492	-0.0114161404	-0.0219210577	0.0035092922	-0.0478208066	0.0568914141	-0.050160784	0.0902905154	0.0615295896	-0.0189635121	0.0656692327	-0.0753770576	-0.0146406326	-0.098226845	-0.043541003	0.092138801	0.0958639213	0.0134674839	0.0870010043	0.0502347722	0.1738656873	0.0938376068	-0.1214430201	-0.0142990529	-0.0780443958	0.0116385729	0.089860093	0.0325064729	0.1172249653	-0.089514338	-0.0017141002	-0.0381275142	0.0615184023	0.0668195648	0.0335328504	-0.017836779	-0.0103603126	-0.0820929872	-0.1617840054	-0.0429515663	0.0315070844	0.0507789774	-0.045211755	-0.024138451	0.0492596594	0.0672878441	0.0920616066	0.1199038019	0.0176844065	-0.1141381813	0.0094008139	-0.0102182375	0.077127842	0.0652820109	-0.0767604765	-0.0958072899	0.0835807361	-0.0643455865	0.0397147891	-0.0117537397	0.175337324202502	0.0152648657808498	0.0002330161273073	0.0307431772584932	0.0366106422791006	-0.0321995845052213	0.0010368132423088	0.0013403391280882	0.0012432785262461	0.0275624071105438	0.0007596862857273	1.5457414938246746e-06	0.0021852447464713	-0.0002395119219697	5.7365960765619766e-08	4.775294601980416e-06	-0.0049108241272222	-0.001087753557995	1.1832078029307815e-06	2.411619360850768e-05	0.0029418906260462	-0.0003212697605623	1.0321425905182173e-07	8.654720455618502e-06	0.0	0.0	0.0	0.0	0.0	0.0	0.0	0.0	0.0	0.0
282.2039418920605	0.4318380774768116	79639.06481941747	0.1864841251588687	419.1580692568692	-0.2589820237593017	0.0670716886304635	175693.4870231464	262.7346220237852	-0.5840745569935848	69029.48160998129	0.3411430881272523	277.591635644129	283.79151027986063	1.275205	33.138596	0.2403278912178553	0.1583389222106959	0.0201292252	-0.1324021513	0.0690805798	0.1414509326	0.018025509	-0.0681646506	0.0995889276	0.0418593378	0.1001781165	0.0378690722	-0.0504727761	-0.0285635092	-0.069944382	0.0682025083	0.0311250512	0.0833219997	-0.0741507036	-0.0101137833	-0.0110736443	0.0543655364	-0.0420015407	-0.0294845382	-0.0495078484	-0.0478650551	0.0023523615	-0.0165432108	-0.0290237384	0.0256477455	-0.043183477	0.0470704632	-0.0049866983	0.0616550103	0.0370756308	-0.0086810873	0.0984320806	-0.0409499385	-0.0718638284	-0.1002210284	0.083307003	-0.0158452463	0.0557614145	-0.0432483034	-0.0622966807	0.1372881129	-0.0241562839	-0.000758692	0.0326327353	0.0322737659	0.1216155299	-0.0276457203	0.0511558677	-0.0754925463	0.0150879191	0.018866626	0.1178152396	0.0267346889	-0.0415781525	0.0878596015	-0.0118942804	0.0029707236	-0.0476414985	0.0812389266	0.0620113957	0.0013406367	-0.0853840747	-0.0074864562	0.0720017529	-0.0431647742	0.086153565	-0.0487804229	0.0687292611	0.0348037436	0.0902992021	0.0422580687	0.0511180584	0.0288260139	0.0401613481	0.0240855018	0.0092215786	-0.0411464472	-0.117757292	-0.0142979901	-0.0209071828	-0.0163097531	-0.0035224275	0.0115504697	-0.0071716582	-0.0397492544	-0.0788826551	-0.1570615858	0.0369691217	-0.0072112486	-0.0129918176	-0.0135767089	-0.0559989076	0.0504670277	-0.0984011233	0.033407322	0.1169097155	0.0175930984	-0.1620874695	0.0703532217	-0.1206721949	-0.0635100549	-0.0394776964	0.0174543535	0.1871636036	0.0212510926	0.0933891467	-0.0415446835	0.0604543199	0.0289279502	0.0034153428	0.0545205572	0.06833475	-0.0698291596	-0.0482946149	0.0232885239	0.0663603448	0.0785958296	0.138311544	-0.0672794193	-0.1120342567	0.0570995473	0.0695456587	0.0135651501	-0.127048173	-0.0277355641	-0.0041015432	-0.0042810308	-0.05969561	-0.0787387038	-0.0800334855	0.1317286847	-0.0150014875	0.0179209684	-0.0585400615	-0.0426738746	-0.0962455236	0.0852640164	-0.0678800746	0.04539905	-0.0195090322	0.1954169581477742	0.0200796339452722	0.0004031916993761	0.0381877875317289	0.1900342858800314	0.1534236436009308	0.0235388144157854	0.0361130298099335	-0.0207132151974462	-0.0219564937236922	0.0004820876166385	0.0004290372838157	0.0018606455371708	-0.0003245992093004	1.0536464667850979e-07	3.462001814993615e-06	-0.0049102722518135	5.518754087000671e-07	3.0456646672786613e-13	2.411077358692962e-05	0.0035141019402962	0.0005722113142499	3.274257881557119e-07	1.2348912446793516e-05	0.0	0.0	0.0	0.0	0.0	0.0	0.0	0.0	0.0	0.0
283.1946486966687	0.9907068046081804	80199.2090504296	0.9814999726969512	419.3032005587491	0.1451313018798714	0.0210630947853463	175815.17399881055	263.89924634687304	1.1646243230878213	69642.81222244758	1.356349813927766	278.7930165365149	283.21636517992914	1.235429	32.104927	0.4072898393122163	0.3544367321662487	0.0023777188	0.0749640774	0.1453575312	0.0650247218	-0.0302462138	-0.0785127937	-0.0494491571	-0.047139566	-0.0177099585	0.117870879	0.1183462471	-0.0125431826	-0.046620529	-0.1149102516	-0.0970645105	-0.1298485121	-0.0961300015	0.0302651952	-0.068585821	-0.0142699175	0.0193404789	0.0527061196	-0.0651798655	-0.1627571735	0.1122357742	-0.0166485007	0.0840137199	0.0830947434	-0.0099940451	-0.0187022137	0.0736010302	-0.0912039462	0.0176541111	-0.071912389	-0.1353516468	0.0523935482	-0.0410258373	0.050347347	0.0994533971	0.0167808132	-0.0775985052	-0.0208257511	-8.41227e-05	0.0596020403	0.107252777	-0.0806342341	-0.0497109599	-0.0208465403	-0.0577631626	0.0129361151	0.0834505643	-0.0243275924	-0.0049176026	-0.0932253688	-0.0195108633	0.0115465882	0.0986806849	0.0608029568	0.0974141464	-0.0423278814	-0.0222771854	0.1888912942	-0.0069903185	0.0338375773	0.0134877799	0.0035663063	-0.112100797	-0.0748095668	-0.0183237623	0.0958077286	-0.1331483696	-0.0241836224	0.0626588523	-0.1061210808	-0.0125362098	-0.0609391522	0.0738917113	-0.1120022713	0.0967697116	0.0981602227	-0.1402200115	0.0001441545	-0.0667686971	-0.0588652964	0.1237925115	0.1485466251	0.0272321619	0.0261790121	-0.014924568	0.0673179065	0.0190265357	0.0548098614	-0.0449541905	0.0619357802	0.0143521802	-0.0343974364	-0.0621334416	0.0285779033	-0.1099085331	-0.0631206598	-0.0330987202	-0.1113255732	0.0281819805	-0.0076704718	-0.02836833	-0.0058180817	0.0447537619	-0.0101641343	0.0046358642	0.0922505622	-0.0098322997	0.0995278813	-0.0554029362	-0.0522047316	-0.1309993352	-0.0159229615	-0.0115925158	-0.1108454505	-0.0960932446	-0.1312907172	-0.0525176801	-0.0872178471	-0.0509971988	0.0991564164	0.0970989778	-0.0548816179	-0.0760990478	0.0223565586	-0.0614215294	0.0040043785	-0.1633573053	-0.0607861092	0.1281272097	0.0023797529	0.0235750522	0.0248618677	-0.0089218049	-0.1015215106	-0.0966600102	0.0868631514	-0.0712638519	0.0509041416	-0.027144045	0.2045499589408876	0.0091330007931133	8.341170348700969e-05	0.0418406857027188	-0.1643586884274555	-0.3543929743074869	0.125594380238507	0.0270137784615933	-0.0382781969316923	-0.0175649817342461	0.0003085285833243	0.0014652203603414	0.0022348232547213	0.0003741777175505	1.4000896431130173e-07	4.994434979843104e-06	-0.0050391388779726	-0.0001288666261591	1.6606607337629316e-08	2.539292063149496e-05	0.0034931686344584	-2.0933305837799853e-05	4.3820329329886537e-10	1.2202227108763962e-05	0.0	0.0	0.0	0.0	0.0	0.0	0.0	0.0	0.0	0.0
283.6132379662797	0.4185892696110045	80436.4687497176	0.1752169766334742	419.0489117709073	-0.2542887878418014	0.0646627876220527	175601.99045638164	263.345479230252	-0.5537671166210316	69350.8414310111	0.3066580194507712	278.0271349107118	291.4673717914368	1.278988	33.2369	0.5033065776156119	0.4501484979656257	-0.0653824882	0.0670685932	0.0090535455	0.0018480466	0.0640198063	-0.001741942	-0.0474853975	-0.0822639337	0.0452322527	-0.0502144197	-0.1332949842	-0.0863805254	-0.1156589924	0.1173983234	-0.0279130652	0.0834110059	0.0864077803	0.0754695783	-0.1780807946	-0.0205127611	0.0100565327	-0.0639355744	0.1106106398	0.0663345519	-0.0352264296	-0.0065121062	-0.0213780401	0.0029517917	0.0822066659	0.0160742957	0.0551125236	0.0580833698	-0.0070444959	-0.0291042512	0.085475717	0.0109050626	-0.0877723062	-0.0392473666	0.0305793242	-0.0445358995	-0.1806805026	-0.1584618067	-0.024432741	-0.0118461637	-0.0759023458	-0.0194790956	0.1169435501	0.0647019693	0.0811955085	0.1035581322	-0.0447685915	-0.0088656743	0.1261727961	0.0568387029	-0.0385920411	-0.0157822475	-0.0746335895	-0.0774818276	-0.0253739145	-0.0164184779	0.0490632573	-0.0119881939	-0.0272031372	0.1140655081	0.0543785349	0.0712396896	0.1110943181	-0.0144853072	-0.1667446663	0.0006501846	0.0982685432	-0.0409668208	0.0562214468	0.093482347	-0.031007769	-0.0357952767	0.0273804404	0.046327392	0.0601364094	-0.0700693245	0.092627958	-0.0221757614	0.0078889685	0.0089624194	0.0098976291	0.1577720721	-0.0524424865	-0.0282795226	0.0361578653	-0.0645056764	0.1004423997	-0.0182991019	0.0142218738	-0.041044731	0.0965775558	0.1427584831	-0.0381395415	0.1822494957	-0.0070269237	-0.0239957968	-0.0077228263	0.0944558851	-0.0343626713	0.0202965617	0.0733874835	0.0375178739	-0.0951894651	0.0646864978	0.0752474026	0.0449913482	0.0408630537	0.0047285107	0.1032351565	-0.0126385309	0.1014389566	0.0050758353	0.1495027507	-0.0663852296	0.0750387937	0.0256352547	0.0544039559	-0.1056507567	-0.0454584088	-0.0253661152	0.0215986478	0.1886571433	0.0254406633	0.1703973686	0.05125663	-0.0556120741	-0.0602894147	0.0702842829	0.0796126791	0.003128461	0.0825111405	0.0638885609	-0.0506988971	0.0047171419	-0.0970506473	0.088376563	-0.0744894057	0.0562083378	-0.0346117057	0.2057915465891682	0.0012415876482806	1.541539888362981e-06	0.0423501606475617	0.2864928478732622	0.4508515363007176	0.2032671077847173	0.0820781518825321	-0.0236867381231036	0.0145914588085887	0.0002129106701627	0.0005610615629124	0.0016322816517363	-0.0006025416029849	3.630563833277332e-07	2.664343390594984e-06	-0.0049541500304959	8.498884747670018e-05	7.223104195417806e-09	2.4543602524662527e-05	0.0035380780811572	4.4909446698800006e-05	2.016858402792358e-09	1.2517996508365014e-05	0.0	0.0	0.0	0.0	0.0	0.0	0.0	0.0	0.0	1.0
283.2061234776578	-0.4071144886219144	80205.70837524235	0.1657422068458829	419.8332253612172	0.784313590309921	0.6151478079448386	176259.9371172026	262.72044462524525	-0.6250346050067606	69022.03202408655	0.3906682574559572	277.587769803991	291.40441914840983	1.245362	32.363068	0.1636441757677859	0.1230694722165015	-0.0942330999	-0.0966420804	0.05971345	0.0591184457	0.1268385106	-0.107813723	0.0988944976	-0.0074760963	0.0098467545	-0.035588209	0.0482459002	0.0364229522	-0.0333050065	0.0542695652	0.0058338978	0.1044601707	-0.0624663343	0.0227508331	0.0946412489	0.0842506055	-0.0650050109	0.0369932131	0.0531508715	-0.0120957735	-0.0047885966	0.068442001	0.0121321317	-0.0822370705	-0.0561400373	0.0185482694	0.0392262973	0.0216270825	0.1244802205	-0.0154434508	0.046759825	0.0174297177	-0.0595179535	-0.0384816343	-0.0165912895	-0.0821619074	-0.1174088862	-0.0888486343	-0.0872371775	0.0471884994	0.0175788375	-0.0526205918	0.0044381647	-0.034162314	-0.0880583072	0.1245495711	0.01994815	-0.0272867592	-0.0180549511	-0.0443570516	-0.1021174639	0.0048649476	-0.0531295619	-0.0747008935	-0.0417174984	0.0357557396	-0.0131092889	0.0560900397	0.0098567769	0.107812713	-0.0087760176	-0.0725471865	0.0597457791	-0.0854058479	0.1045164392	-0.0520010439	0.0792123639	-0.032959337	-0.0473822438	-0.0503010237	0.0521536486	-0.0869252151	0.0291019547	0.0537763886	0.0407292164	0.0599848417	0.0846455923	-0.003505398	0.1435564891	0.0060572087	-0.0877564935	0.0127209348	0.0521395099	-0.0601056972	0.0077398918	-0.0554037788	0.0192188075	-0.0844334592	-0.0028268851	-0.0201913799	0.06521505	0.0456963827	0.0171931526	0.0406560336	-0.0515329529	-0.1357877928	0.0328564228	-0.0835680728	-0.0322295152	0.1398915437	0.0825409678	0.0529994443	-0.0069287644	0.0496089308	0.0432630009	-0.0812272082	0.0569229142	-0.0004213226	0.1027326319	-0.1030989171	0.0719242249	-0.1033090896	-0.0726135868	0.0450630297	-0.0789500144	0.1027728414	0.0036718543	0.020900459	-0.0085801074	0.039347774	0.1158826297	0.0227709727	-0.0876199385	-0.0280355726	-0.0747406428	-0.0214785666	-0.0056243539	0.0613996273	-0.056371324	0.0320126351	0.1898542739	-0.0619585398	0.0780556528	0.0801739725	-0.0974173387	0.0898027576	-0.0775495743	0.0612907054	-0.0418659738	0.2144070250582501	0.0086154784690818	7.42264692512137e-05	0.045970372394329	0.166088902998112	-0.1204039448751501	0.0144971099414982	0.0275855236991162	-0.0424896371063425	-0.0188028989832389	0.0003535490101738	0.0018053692614286	0.0015888532357502	-4.342841598610004e-05	1.886027315061749e-09	2.5244546047538807e-06	-0.0051111428585648	-0.0001569928280688	2.4646748065071134e-08	2.6123781320657956e-05	0.0036540939059085	0.0001160158247512	1.3459671592724338e-08	1.3352402273197636e-05	0.0	0.0	0.0	0.0	0.0	0.0	0.0	0.0	0.0	0.0
283.57649362922245	0.3703701515646571	80415.62773904444	0.1371740491700271	420.883366615989	1.050141254771802	1.1027966549736945	177142.808294009	263.2093676759229	0.4889230506776698	69279.17123235918	0.2390457494839593	278.1694665457676	291.3135059197368	1.078736	28.032969	0.1618540901165647	0.1092021809388918	-0.0821339772	0.0905787174	0.0738697498	-0.042343889	0.015832664	0.0192040718	-0.1005885703	-0.0625693746	-0.0189410719	0.0023303877	0.0389398475	0.0957641093	-0.0671467568	-0.0274264431	-0.0229549324	0.0631740683	-0.0382834962	0.0107124258	-0.0134123259	0.0150510665	0.0818458566	0.1296447636	0.0262455113	-0.0460756324	-0.0347652369	-0.0398764614	0.0344750202	-0.0665359661	0.0173226552	-0.0686114565	0.0346676163	-0.0144066689	0.0309383168	0.0297572098	-0.0466724151	0.023109342	0.001484891	0.0670925804	0.031668087	0.0370456841	0.0838522152	0.0361515058	-0.0385623312	-0.0695873779	-0.1216772993	0.0482271004	0.0423655671	0.0293992787	-0.022309234	-0.0497677983	-0.0281415724	0.0318612662	-0.0145728944	-0.0008101608	0.0657106198	-0.0228830952	-0.0126452901	0.0544309276	-0.0427214002	0.001665664	0.1803713327	-0.2325702013	-0.0382931618	-0.0306530118	-0.0076389414	0.0837062538	-0.0331370585	-0.049737502	-0.0189546024	0.0255814588	0.0671429837	-0.0756793464	-0.0305108144	-0.0762182406	-0.0240368145	0.0663811811	0.0520772997	0.0051519256	0.0498632503	0.0148761695	-0.0414417702	0.0203363812	0.0133450262	0.0291483385	-0.1009041466	0.0055441552	0.0257111452	0.0562387931	-0.0816513119	0.0446240413	-0.0035416106	-0.0165066956	-0.0585262086	-0.0043526124	-0.0075638495	0.0510866166	-0.0870853491	-0.0731151035	-0.004479743	0.058009171	0.0596216122	-0.0282452643	-0.0615018662	0.021622201	-0.0337890911	0.0744809733	-0.1618423761	-0.1333535024	-0.0233697784	0.0289496742	-0.0159381697	-0.1597808812	0.0530598758	0.1097678604	-0.023443895	-0.032860928	0.0294450966	-0.0247300154	-0.0375636448	0.0493182435	-0.0959040654	-0.0668989315	-0.012119802	-0.0363652622	-0.0002908749	-0.0348487755	0.0494896877	0.0310823347	-0.0230516121	-0.0855887777	0.0977223388	0.0440675739	0.0278048601	-0.0114493549	-0.0745871372	-0.0732288775	0.0655632977	0.0368506398	-0.0977599938	0.0911403277	-0.0804375635	0.0661311865	-0.0488621241	0.2211898749420697	0.0067828498838196	4.600705254643167e-05	0.0489249607768884	0.0601841075054636	-0.1059047954926483	0.0112158257083396	0.0036221267962292	-0.0384498364499208	0.0040398006564216	1.6319989343625183e-05	0.0014783899230256	0.0017850286236428	0.0001961753878926	3.8484782814812085e-08	3.186327187224109e-06	-0.0047529694574675	0.0003581734010973	1.2828818525360746e-07	2.25907186636189e-05	0.0040022779985921	0.0003481840926836	1.2123216239790176e-07	1.6018229178014383e-05	0.0	0.0	0.0	0.0	0.0	0.0	0.0	0.0	0.0	0.0
284.0377687344896	0.4612751052671342	80677.4540676674	0.2127747227392057	419.5923008173162	-1.2910657986728324	1.666850896502719	176057.69890516915	263.3213127688777	0.1119450929547838	69338.11375832511	0.0125317038366551	278.1770070040304	296.0107242050276	1.010943	26.27125	0.0743791349271359	0.0355459108624631	-0.1056863124	-0.0276158799	-0.0213178497	0.1031886889	-0.0463877067	-0.0087183094	0.0725170664	-0.0666066041	0.0692910042	0.0552696934	-0.06787459	0.0349232915	0.0007366097	-0.0315491235	-0.0476338107	0.0644037561	-0.0634550319	-0.020197378	-0.0286070277	0.032843239	-0.0568784075	-0.0855183814	-0.0764631956	-0.1067017277	-0.0248561015	0.0170103388	0.0246830086	-0.1196875863	-0.0659679802	-0.0586266514	-0.0265623578	0.0500822371	-0.1488853076	0.0330228754	-0.0346767283	0.057690708	0.0516470076	0.1547606058	-0.0139977362	0.0413643806	-0.0360650827	0.1104612169	0.0032930591	0.0628926396	0.0489857585	-0.0926569701	-0.0108745262	-0.061396767	0.0268066448	0.1754833057	0.0524903856	-0.0357781206	0.0005703883	0.0261433392	0.0841293506	0.1053697497	-0.0452451214	-0.0107026145	0.0955185868	0.0110723508	-0.0069493349	-0.1734860921	0.1273055156	-0.0447523117	-0.0010392865	-0.0212148827	-0.0312873984	-0.0782834873	0.0175800189	-0.0745453761	0.0221589636	0.0506623057	0.1053149297	0.0497218611	0.0318247121	0.0209820399	0.0521234485	0.0035345972	-0.0203521436	0.009545395	-0.094047761	-0.0141451297	-0.0629333933	-0.0489260462	-0.1731901965	-0.0084638928	0.055755524	0.0232216454	-0.0657212452	0.0871928967	-0.1138688473	0.0038671379	0.0934510572	0.0855578101	0.1048629612	-0.0474513474	0.0105507313	0.0023857876	-0.1541144895	0.0115927007	-0.1062552539	-0.0260467247	-0.0309107044	0.0297451754	-0.0129007831	0.0445371228	-0.085087858	0.0119015371	0.029898589	-0.0792521119	-0.0189755125	-0.1092613755	-0.0598500152	-0.0534470199	-0.0387660363	-0.0787160533	-0.0145085849	-0.0600325693	0.0113386769	0.046663453	0.1390279495	-0.0266442667	-0.0174026206	0.0170009153	-0.0392462167	-0.1034468176	0.0323030776	0.0032230443	-0.0418067574	-0.049171563	-0.0552113085	0.0101480996	-0.023239917	0.0517162006	-0.0342947937	0.0267621946	-0.0442930768	0.0592283611	-0.098078528	0.0923879533	-0.0831469612	0.0707106781	-0.0555570233	0.2254710761112193	0.0042812011691495	1.8328683450727864e-05	0.0508372061627512	0.0455500785243003	-0.0146340289811633	0.0002141548042215	0.0020748096535699	-0.0645679121872788	-0.0261180757373579	0.0006821538802223	0.0041690152842241	0.0019216292828222	0.0001366006591793	1.8659740088246552e-08	3.6926591005997625e-06	-0.0050248707383011	-0.0002719012808336	7.393030651895223e-08	2.524932593663464e-05	0.0038238633578158	-0.0001784146407763	3.18317840433362e-08	1.4621930979246323e-05	0.0	0.0	0.0	0.0	0.0	0.0	0.0	0.0	0.0	0.0
284.2464377857081	0.2086690512185214	80796.03739386443	0.0435427729364379	421.4411810718883	1.8488802545721228	3.418358195746677	177612.66910326816	263.6566355040257	0.3353227351479972	69514.82144530266	0.1124413367071339	278.68842158659686	291.2070028958497	0.96241	25.010019	0.0436309316919941	0.0194314622062539	-0.0540859097	0.0531681907	0.0453407355	0.0069677571	0.0089706462	-0.0889697029	-0.0199298929	-0.0878412449	-0.0907029543	0.0316977411	0.0700069793	-0.0147753512	0.0342334097	-0.0465606567	-0.0479781657	0.0157955516	0.0049974137	-0.0080996503	-0.018347681	-0.0047563981	-0.071906201	0.0561182939	-0.0972303706	0.0721309835	0.0834361492	-0.0309614303	0.0439791269	0.0868574777	-0.0004144576	-0.0739814875	-0.1273428129	0.0341124534	-0.0652020051	0.0366888854	0.0065129839	0.1106125479	-0.1327944835	-0.0167326472	0.037184769	-0.1086609083	0.0215265604	0.0132939332	-0.0384206551	-0.1034652655	0.0953807792	0.0719983574	0.1058383189	0.0839881457	0.0721127139	0.1001494558	0.0005482638	-0.0264809114	-0.1147074357	-0.0500968664	0.0017839584	0.0179412376	0.0137995981	-0.0567382779	0.0211563106	-0.1028370506	-0.1215557556	-0.1720918509	-0.0039072543	-0.084823781	0.0172078116	-0.0866173503	-0.0472873235	-0.0604536071	-0.0427087858	0.0069288326	0.0066148972	0.03233531	-0.021667474	-0.0804978897	0.0123384257	-0.1118540903	-0.0022477416	0.0015074143	-0.1071312753	-0.0631097169	-0.0478848787	-0.0591452756	-0.0462343613	-0.0949895978	0.0708828318	-0.0295392238	-0.0953554956	0.1389370145	-0.0208130816	-0.0545279045	-0.0026541542	-0.0122440399	0.099828373	-0.0617985304	0.045962854	0.0609761696	-0.0147409163	0.0713573546	0.1472456418	9.44119e-05	-0.0737652282	-0.0529818449	0.0875202266	0.0882412739	0.0162035178	0.0176677459	-0.0479667938	-0.0697165079	0.0564025842	-0.0661349069	-0.0916320931	0.0105408941	-0.0097126666	-0.024184196	-0.0543842407	-0.0329657964	0.0396959946	-0.0349928804	-0.1266895527	0.0018527402	0.0076646675	0.0089960021	-0.1013068503	-0.0500953788	-0.0508023734	-0.0728344788	0.0113814965	-0.0076182959	0.0176781517	-0.0335012691	-0.0075773675	0.0232849115	0.0034386876	0.0646412317	-0.0299765953	0.0342057324	-0.0849809087	-0.0318850336	-0.0983728629	0.0935444031	-0.0856717519	0.075011107	-0.0619093949	0.2324304214007355	0.0069593452895161	4.843248685871125e-05	0.0540239007925234	0.03765016471894	-0.0078999138053603	6.240863813212227e-05	0.0014175349033633	-0.0751711512451365	-0.0106032390578577	0.000112428678518	0.0056507019795191	0.0019128911858021	-8.738097020099958e-06	7.635433953267976e-11	3.659152688719364e-06	-0.0047859903206348	0.0002388804176662	5.706385394442567e-08	2.290570334921e-05	0.003708113201717	-0.0001157501560987	1.3398098636896486e-08	1.3750103516747902e-05	0.0	0.0	0.0	0.0	0.0	0.0	0.0	0.0	0.0	0.0
284.4441333116569	0.1976955259488022	80908.46497541964	0.0390835209801735	420.8955291331898	-0.5456519386984837	0.2977360382054138	177153.04644430784	263.5868036983848	-0.0698318056408879	69478.00308393085	0.0048764810790667	278.2648330528712	296.384951180788	0.976523	25.376774	0.1119631318296938	0.0662338764756269	-0.0911851353	0.0081144121	0.0007472246	-0.0760134843	-0.0926914102	-0.0150420743	-0.0551074676	-0.0870362958	0.0585727695	-0.0157027275	-0.0947950579	0.0500492296	-0.0038057006	-0.0153253444	-0.0526318655	0.0602654856	0.0115675257	0.0055432961	-0.0388755852	0.0532003549	-0.019021279	-0.0672231565	0.0872452876	0.1185209774	0.0412500833	0.0260008734	-0.0671376745	-0.0187561381	0.1217835121	0.0159165129	-0.0590087968	0.0377958425	0.0049408792	0.1009583744	0.0527954754	0.0372632091	0.0341697914	-0.0267194403	0.0098896636	0.1199891103	-0.0531497969	0.0196883978	0.2313300834	0.0382166376	-0.0417222231	-0.0198031129	-0.0304307927	0.0090953842	-0.1250881299	0.0879870194	0.0747604769	-0.0223069401	-0.140845495	-0.011915383	-0.0561710038	-0.1095845634	0.2167688027	0.0477586984	0.0672647972	0.0359118231	-0.1535107223	-0.123601895	-0.0014046028	0.0745590611	-0.0942414794	0.0756928186	-0.0112016402	-0.0856815836	-0.0563753334	0.0027277041	0.0504263682	-0.0027380764	-0.0010706123	0.078847081	-0.0589648601	-0.0110131736	0.0600042546	-0.0016165271	0.0041730007	-0.0510039646	0.1901954134	0.0658356013	0.0278703927	0.0173204744	0.0236568487	-0.0339784456	-0.0633567766	0.0767868445	0.0049316207	-0.0772265664	-0.0138750307	0.0354589797	0.0172266641	-0.0145229453	-0.1869391876	0.0690271329	0.0186912972	-0.0607543282	-0.0939148402	0.0031359183	0.0338205703	-0.0360382383	0.0414641862	-0.1117758108	0.104834116	-0.0924782052	-0.0667752761	0.0898714307	0.103666178	0.0732399175	-0.0219893222	-0.0949968138	-0.0380652206	-0.0484357994	0.0022315566	-0.0641038976	0.0358084331	-0.0674296115	0.1112317302	0.0774124959	0.0212952342	-0.0476101931	0.0091716649	-0.0764148113	-0.1373468307	-0.0365599955	0.0394742538	0.0463516479	-0.0291846952	-0.0893134094	-0.0217344766	0.0463095164	-0.0331561225	-0.0040720071	-0.0143292791	0.0017052509	-0.0936894601	0.0330200446	-0.0986429257	0.0946085359	-0.0880063298	0.0790155012	-0.0678800746	0.2257315861951525	-0.006698835205583	4.487439311155836e-05	0.0509547490061795	0.0980004309896287	0.0603502662706887	0.003642154638943	0.0096040844741529	-0.0515798095837993	0.0235913416613372	0.0005565514013819	0.0026604767567009	0.0018522325012457	-6.065868455639996e-05	3.679476012112834e-09	3.430765238670902e-06	-0.0048688488244621	-8.285850382730008e-05	6.865531656498703e-09	2.3705688875465976e-05	0.003991049787175	0.0002829365854579	8.005311139063185e-08	1.592847840370961e-05	0.0	0.0	0.0	0.0	0.0	0.0	0.0	0.0	0.0	0.0
284.34835336823187	-0.0957799434250432	80853.98606322486	0.0091737975625044	423.1110379340432	2.2155088008533994	4.908479246658867	179022.95042162336	263.1653013521582	-0.421502346226589	69255.97583577225	0.1776642278745193	278.28464588331593	297.60035177391285	0.974497	25.324135	0.0608957517322533	0.0386245818370118	-0.0852231942	-0.0214025999	-0.104460952	0.0829256925	0.067069016	-0.0145190127	0.1398162991	-0.1002847279	-0.073711043	0.014585085	-0.0390135943	-0.0507804866	0.0453971914	0.0055722318	-0.0434950156	0.0442941866	0.0709928184	-0.0205706154	0.0273308907	-0.0042266893	-0.0999942355	0.0179145167	0.0446054991	0.0513039107	0.0147975063	0.0250982371	-0.144867164	0.0455569516	-0.0114428272	-0.0379061526	0.1198630923	0.0482451301	-0.0131094239	0.0189054549	0.0163394711	-0.0400728789	0.0993580236	0.088380982	-0.2356316333	0.0584050246	0.0344569677	-0.0556482705	0.0231793501	-0.0886158319	-0.0843194082	0.0542449837	-0.1894046317	-0.1001312281	0.0182676954	0.0346756651	-0.0927006705	-0.0606300189	-0.0637624201	0.0608214299	-0.0316535435	-0.0998495127	-0.0068178639	0.1194566802	0.1266613067	-0.0853133872	0.0132866099	-0.0391461534	-0.1255546338	0.0649939382	-0.0061875747	-0.1710675666	0.004131303	-0.0235396612	-0.0375253644	-0.1356618866	0.005435038	0.065235346	-0.0202654779	-0.0459800128	0.0911402954	-0.0770864087	-0.0295094722	0.0447948668	0.0388512004	-0.092296376	0.1134241328	-0.0102050016	-0.0067160387	0.0142887237	-0.0144939203	-0.0444460211	-0.0548017671	-0.0762203364	0.0232788197	0.1179310441	-0.1214992027	0.0957047567	-0.1428155255	-0.0087651614	-0.0512801326	0.0340049583	0.1067500762	-0.0514216902	0.0366789072	-0.0548392332	0.2187180216	0.0003854864	0.0014196228	-0.0708096978	-0.0580503283	-0.0621124879	0.0079016437	-0.0229984627	0.0172500109	-0.0064580328	0.0798105102	-0.1525329153	0.0149168078	0.071768505	-0.0168108851	-0.0380994304	0.0543514079	-0.0210343064	-0.0883638902	0.0394822698	0.0931485487	0.0976446702	-0.0580074452	-0.0153215682	-0.048949189	-0.0147087752	0.0408477486	-0.0147956016	-0.0198466399	-0.0489354516	0.0367598184	0.0519789562	-0.0773859232	-0.1124739152	-0.0301545415	-0.1270956398	-0.0054447655	-0.0358570163	-0.0988886499	0.0955793015	-0.0901455117	0.0827080574	-0.0734322509	0.239460411363936	0.0137288251687835	0.000188480640515	0.0573412886105854	0.0908315020990357	-0.0071689288905929	5.139354143837889e-05	0.0082503617735671	-0.0863427810123411	-0.0347629714285417	0.0012084641825416	0.007455075832945	0.0018529766504363	7.441491905999832e-07	5.537580178706102e-13	3.43352246706213e-06	-0.0048957766303323	-2.692780587019994e-05	7.251067289831743e-10	2.3968628814107892e-05	0.0040680783570009	7.702856982590069e-05	5.9334005694236595e-09	1.6549261518699146e-05	0.0	0.0	0.0	0.0	0.0	0.0	0.0	0.0	0.0	0.0
283.4433547755971	-0.9049985926347972	80340.13536644499	0.8190224526709636	420.3245351895419	-2.78650274450132	7.7645975451133875	176672.71488230446	262.81850982354325	-0.3467915286149718	69073.56910586791	0.1202643643191088	277.62407624611035	290.66934322014487	1.069543	27.79406	0.1508387443979822	0.1017917006020605	-0.0676619489	0.0278587274	0.061149686	-0.0828669726	-0.0137746017	-0.0064456438	-0.0831502394	-0.095975135	-0.004967175	-0.0676772136	0.1134823448	0.0640928329	-0.0148545041	0.055886497	-0.0375394507	0.1148642253	0.0016480728	-0.0650643781	0.0340388305	0.0290464304	0.0447055559	0.1435941986	0.0270135168	0.1670300737	0.0257356303	-0.0500628171	-0.1071588851	-0.0028145406	-0.001320881	0.0519334699	-0.0269306686	-0.0651017549	0.0867221107	-0.0051321909	-0.0550440453	0.0386490602	-0.0281097666	-0.0978609045	-0.1050763392	0.1614500856	-0.0291178061	-0.0520375723	0.0158713793	-0.0391578606	0.0590753087	-0.0626093382	0.1310526811	-0.1202234074	0.1186205901	-0.1044960857	0.0187977084	0.0186224471	-0.0155869367	-0.0580645777	0.0291002603	-0.005214975	0.0525729837	0.0596664073	0.1133679322	-0.0619409969	0.036820842	0.1226742841	0.0178370702	-0.0442638261	-0.0039570615	-0.0474247285	0.0552661339	-0.0815853158	-0.0125376353	0.018722225	0.1110416062	0.0085998236	-0.0911725286	-0.0819576135	-0.0821113554	0.0420327585	0.0799273837	-0.0018164265	-0.0005368169	-0.1329593179	0.0684074071	0.0578291016	0.0775606031	0.0772819482	0.0147588247	-0.0516051438	0.0426235812	0.0766160228	0.0586636938	0.0039775815	0.0194472095	0.0623314153	0.0224824031	0.133086401	0.0376912341	0.0841388414	0.1733781022	-0.017207242	0.0653546915	0.0424156057	0.1014365539	0.0832927456	0.0230084435	-0.152875068	-0.0108638768	0.009683699	-0.0558315923	-0.1083278533	0.0088775431	0.0663721429	-0.0033063771	0.0739022602	-0.1017925404	0.0260248563	0.056888585	-0.069707287	0.0025369721	0.0147086091	-0.0836465321	0.0691843054	-0.0690129283	-0.0652071286	0.0392434856	-0.0900457276	-0.0856934829	0.0692067234	-0.019005876	0.0031053094	-0.0322361729	-0.0966875124	0.0748704457	-0.0505308883	0.0093509477	-0.02031603	-0.0552887532	-0.0713057059	0.0703115431	0.0359302019	-0.0991099747	0.0964557418	-0.092084548	0.0860742027	-0.0785316931	0.2370286455734032	-0.0024317657905328	5.913484860005654e-06	0.0561825788223619	0.1895444925221454	0.0987129904231096	0.0097442544782729	0.0359271146454776	-0.0666733427986514	0.0196694382136896	0.0003868867996421	0.0044453346399464	0.0014791043284321	-0.0003738723220041	1.3978051316081218e-07	2.1877496143865736e-06	-0.0050500899435947	-0.0001543133132624	2.3812598650019616e-08	2.5503408438396324e-05	0.0039957729928545	-7.230536414640047e-05	5.2280656843435745e-09	1.5966201810425405e-05	0.0	0.0	0.0	0.0	0.0	0.0	0.0	0.0	0.0	0.0
284.4827081880989	1.039353412501839	80930.41125803503	1.0802555160792182	421.149254767678	0.8247195781360688	0.6801623825609352	177366.69479137054	263.224493485418	0.4059836618747567	69287.13397065486	0.1648227337092368	277.74151053986844	297.79107701524777	1.035609	26.912222	0.1669405803252265	0.1343375715431277	-0.0996627697	-0.0346752922	-0.0768230074	0.0197230856	-0.0126609978	-0.0420906387	0.059764381	-0.067431903	0.0389988184	0.0639453134	-0.1441140337	-0.0004420148	0.0178538667	-0.01709011	-0.071997935	0.0339623653	-0.0085137589	-0.0700548979	-0.0447742616	0.0627850193	-0.0371845531	-0.1751423351	-0.053232033	-0.0809372775	0.0335591032	-0.033231502	-0.0526943038	-0.0112802543	-0.1060144232	0.0229750986	-0.0308548803	-0.0390012866	0.0122899439	-0.0378373405	0.0909345268	0.0143060532	0.0794825254	0.0362582559	-0.0126541691	-0.1264030195	0.0856693222	-0.0511400299	0.117403369	0.0108813666	0.0299719563	0.0535177196	0.1431108716	-0.0922785152	0.0299702991	-0.1046902152	-0.1365293204	0.0223726564	-0.0830454849	0.0392952447	-0.0334581843	0.0009707859	-0.0213325223	0.012074112	-0.0589826638	-0.0142932375	0.0014932132	-0.0260667593	-0.0020658994	0.0225961122	-0.0106421547	-0.0085878907	-0.0065820636	-0.0953699871	-0.059459522	-0.0231142845	-0.006066514	0.0797771639	0.0766877269	0.1081520147	0.0935998939	0.0199152802	0.0068866049	-0.0335644536	0.0095600374	-0.0107644455	0.0064473214	-0.0082328549	-0.0257412947	0.0080645131	-0.0386845451	-0.1184947648	0.0743779045	0.0088895435	-0.0452852152	0.0357332605	0.016461085	-0.0304736283	0.1124570904	-0.115838474	0.0140547452	-0.0973940561	0.0800543083	0.0339239093	0.0126325697	-0.0548929281	0.0918761776	0.0790250414	0.0835724916	-0.0533582583	0.0270892943	0.0434280915	0.11229844	-0.0416028617	-0.1008734013	-0.0836742079	-0.0477395014	-0.0648442726	-0.0322311152	0.0489556406	-0.015685085	-0.0575909966	0.0398265557	-0.0699981296	0.0677252852	0.0739225334	0.0624234944	0.0591460224	-0.0215661392	0.0203699341	-0.053541879	-0.0250111059	0.0273072998	0.0496128886	-0.032007259	-0.0873778293	-0.0600426467	-0.0314396728	-0.092167286	-0.0474494654	-0.0896083109	0.003106735	-0.0211372045	0.0117708003	-0.0993068457	0.097236992	-0.0938191336	0.0891006524	-0.0831469612	0.2397923821506822	0.0027637365772789	7.638239868589794e-06	0.0575003865374988	0.0562288709309513	-0.1333156215911941	0.0177730549602464	0.0031616859261695	-0.0584068749236479	0.0082664678750035	6.833449112846499e-05	0.0034113630383466	0.001579683626266	0.0001005792978338	1.0116195152760333e-08	2.495400359092899e-06	-0.0053749181422508	-0.000324828198656	1.0551335864216642e-07	2.888974503589679e-05	0.0039692854037095	-2.6487589144999664e-05	7.01592378714304e-10	1.575522661610129e-05	0.0	0.0	0.0	0.0	0.0	0.0	0.0	0.0	0.0	0.0
284.4543052871682	-0.0284029009307005	80914.25179640549	0.0008067247812791	420.4275836805864	-0.721671087091579	0.5208091579439414	176759.3531194965	263.5564714288313	0.3319779434132783	69462.01363201636	0.1102093549129098	278.49446806693214	293.6263246408497	0.934964	24.296793	0.0956015934968408	0.0502687004395004	-0.084493265	0.0160822552	0.0281763831	-0.0435595716	-0.0499939401	-0.0857425409	-0.0730707131	-0.0684057922	-0.0119882739	0.0012145237	0.0778858775	0.0247001468	0.0275711906	-0.0291296962	-0.0094761103	0.0472383609	-0.0184261185	-0.0022127109	0.0242357727	0.0133285262	-0.0760079396	0.0648025497	-0.0255148093	0.0184027204	0.0867099636	-0.0217659436	-0.0019630222	-0.1006525057	-0.1403103181	0.1187325458	-0.0847556132	-0.0299472442	-0.0066142534	-0.0381446675	0.0732041359	0.0533049621	-0.0558824617	-0.0537243093	-0.0374265411	-0.0964108477	-0.0258891642	-0.0309661319	-0.0586243687	-0.0442446686	-0.0239425971	-0.0012734486	-0.0267128295	0.0073773924	-0.0046633503	-0.1061505162	-0.0350440275	0.0383047595	-0.0292982409	-0.091173904	-0.1908399241	0.0574577031	0.0337127948	0.0646534744	-0.1086846797	0.024397721	-0.0445563066	-0.1122921111	0.0341893364	0.0033783099	0.0528507396	0.0329556865	-0.0272218946	-0.068844901	0.0156638943	0.0156815024	0.0522300288	0.0274343099	-0.0245377119	-0.0687836503	-0.029997745	-0.125590793	0.0528043997	-0.0217538378	0.0063691438	-0.0334287279	-0.0471122526	0.0741288671	-0.0212381887	0.0267023913	-0.0699341899	-0.093855389	0.0465583523	-0.04825954	0.0320814347	-0.0674512885	-0.0105256434	0.0398059034	0.0781457812	-0.0996020443	-0.0093380589	0.0173357955	-0.0444468295	0.0445169385	0.0648444108	-0.0694849945	0.1312444683	-0.0385462831	0.051090539	0.0178424896	-0.0338428227	0.0427745894	0.0765533966	-0.0241243603	-0.033877989	-0.1033695051	-0.0345091274	-0.0337402805	0.0059127107	-0.118860322	-0.0187694009	-0.0662830422	-0.0053929092	-0.0080095251	-0.1299952516	0.0128981473	-0.0002060375	0.0298101118	-0.0440898118	-0.1466694502	-0.0644156211	-0.0541705106	-0.0138068493	-0.0760748955	-0.0234332822	-0.0564008673	0.054428073	-0.0300101673	0.0955132532	0.021336318	-0.0681869879	-0.0310945887	0.0241880202	-0.0678221159	-0.0994792142	0.0979222811	-0.0953454172	0.0917754626	-0.0872496007	0.2391953438896763	-0.0005970382610058	3.564546851049226e-07	0.0572144125385005	0.0904036480917938	0.0341747771608424	0.0011679153939932	0.0081728195883048	-0.0862334304285354	-0.0278265555048875	0.0007743171912665	0.007436204523473	0.0017040667225753	0.0001243830963093	1.5471154647488597e-08	2.903843394988524e-06	-0.0049562586535387	0.000418659488712	1.7527576748867656e-07	2.456449984077725e-05	0.0038522635373288	-0.0001170218663807	1.3694117211222498e-08	1.4839934361032996e-05	0.0	0.0	0.0	0.0	0.0	0.0	0.0	0.0	0.0	0.0
284.86306372438025	0.4087584372120432	81146.96507444032	0.1670834599920318	422.685492664684	2.2579089840975826	5.098152980468577	178663.02570918662	264.1675613459992	0.6110899171679307	69784.50046749225	0.3734308868643084	279.229346570304	298.1690137778989	0.959175	24.925945	0.227150564978589	0.1464180948886487	-0.0828349328	0.0339331382	-0.0609310753	-0.0341390471	-0.0826458148	0.0986012189	-0.0424017639	-0.0941475073	-0.0208206327	0.0380642555	-0.071475125	0.0979938383	-0.0565641206	-0.1113353263	-0.1534237673	-0.0441392205	0.0029207708	0.0951080256	0.0035099139	0.0236860932	0.0028907275	0.0167188537	-0.0667191122	-0.152468454	0.0795195359	-0.0055713646	-0.0400688176	0.0717624015	0.0297318489	-0.0611635509	0.0108338547	-0.0556118872	-0.0827679722	0.0617752488	0.1398421944	-0.0290986114	0.0682045488	-0.0319775817	0.1688739941	0.1155469374	0.0028145406	0.0006333025	-0.0592728794	0.1204471564	-0.0703578679	-0.0301081598	-0.012615075	0.072284364	0.1263618334	0.0005130268	0.0077623513	-0.0480549812	0.0650323037	0.0909765257	0.0040621654	0.0868248944	-0.0621403925	0.0139437482	0.0103543292	0.0026513432	-0.0116283211	0.0800915317	-0.0159025029	0.103736402	-0.049561644	-0.065860339	-0.1105087533	-0.0687317441	-0.0790640024	-0.0884775092	-0.1138885862	-0.0906514469	0.0095838824	0.0192354979	-0.016849965	0.0617309012	0.0795062857	-0.1065875133	0.0509030255	-0.0230593704	-0.0002008713	-0.0260239746	-0.1244115336	-0.1352325695	-0.0794570568	0.0605615819	0.0168797328	0.0777965048	-0.0087704316	-0.0100032106	0.1383207557	0.1783176549	0.0154659119	-0.0711576987	-0.0064090826	-0.023707973	-0.0858949743	-0.0006975022	-0.0043442391	-0.0738475631	-0.1156602805	0.0540148103	-0.0041390385	-0.0604746018	-0.0302520781	-0.0050731293	-0.0249227947	0.1586649937	0.0095382664	-0.0165445459	0.0195033895	0.0282975525	-0.0647513628	0.0199715765	-0.0864292653	-0.0530298109	0.0172670567	-0.1212995551	-0.0127299777	0.0200805586	-0.0116133006	-0.0518682933	0.0753190589	0.0988107556	-0.1727594085	-0.0492611821	0.071683208	0.0148519016	-0.0472306426	-0.0771902016	-0.0015678777	-0.0217413178	0.1380954668	-0.050018799	-0.0177203042	0.1138465043	0.015713406	-0.047094106	-0.0996270376	0.0985109326	-0.0966600102	0.0940880769	-0.0908143174	0.2292969563613667	-0.0098983875283095	9.7978075660595e-05	0.0525770941965865	-0.0477030823323332	-0.138106730424127	0.0190734689884424	0.0022755840640053	-0.0576144827631779	0.0286189476653575	0.0008190441654724	0.0033194286240685	0.0013932206772347	-0.0003108460453405	9.662526390389025e-08	1.941063855474316e-06	-0.0051930409354861	-0.0002367822819473	5.6065849044218e-08	2.696767415763435e-05	0.0043151651972567	0.0004629016599279	2.1427794676400521e-07	1.862065067961545e-05	0.0	0.0	0.0	0.0	0.0	0.0	0.0	0.0	0.0	0.0
284.6986952118125	-0.164368512567762	81053.3470553085	0.0270170079237385	422.468928007646	-0.2165646570379635	0.0469002506779707	178479.99513192958	263.52466380297307	-0.6428975430261517	69445.24843246998	0.4133172508290625	278.59147248823047	299.3951193055738	0.98406	25.572626	0.1430525433090656	0.0888067919207171	-0.0718467703	-0.0203522055	-0.0947361117	-0.0547654363	0.0299829715	-0.0600787857	0.040532214	0.0347187038	-0.0891716465	0.0402953588	-0.0726144722	-0.001322243	0.0639323619	-0.0138245276	-0.0049485491	0.0283974163	-0.0250866933	0.029955154	-0.0340701329	-0.0052066655	-0.0745603008	-0.0136839056	-0.0511478933	0.0604236761	-0.0070404107	0.1211663744	0.1020701149	-0.0826811512	-0.0871023264	0.0208207653	0.0128258047	0.0824723987	-0.032658726	0.1438932827	-0.0666585956	-0.0144361098	0.04012542	-0.0123455928	-0.0266346445	-0.0594693781	0.0035532684	0.0160099274	0.0304289584	-0.1730767374	0.0733028171	-0.0454321095	-0.0137357207	-0.0076479019	0.0314853057	-0.0163006882	-0.0574071863	-0.0135886162	-0.018295072	0.0056616919	0.1464741547	-0.0188125854	-0.0296710863	-0.014429118	-0.0261219845	0.0455511753	0.0628998582	-0.0369452567	0.0714857965	0.0408748315	-0.0006324988	-0.063044412	-0.0151262675	-0.0178114131	-0.0156955883	-0.0008341026	0.0231690521	-0.0229749176	0.035671097	-0.0348389957	0.066858442	-0.1271176537	-0.0674850646	0.0711626597	-0.1232462898	0.0518503673	-0.0018576762	-0.0312821977	0.0073097649	0.0202443486	-0.1400708239	-0.0357753109	0.0489179714	0.0477210624	0.0842006182	0.0469190823	-0.0227680938	-0.1324019597	0.0753937079	0.0326217363	0.0319832903	0.0474631775	0.0569402293	0.0193796129	-0.0043464128	0.0933265871	-0.0029978613	-0.0432566266	0.0659163893	0.0590519098	-0.0634540857	-0.050881466	0.088886801	0.0510784732	0.0297702363	0.0645259564	0.0112608678	-0.0765588777	-0.0491674083	0.0215061095	-0.0242214134	-0.0340606341	0.0501278497	-0.0452393102	0.0055771327	0.0268868773	-0.0126051395	0.2101307343	-0.0352837622	-0.038916816	-0.0154912977	-0.0267508172	-0.0568677753	0.0096085095	0.0128195222	-0.0105489529	0.0574700038	0.0826030381	-0.0184134848	-0.08602489	-0.0275374116	0.1547932298	-0.0156316731	0.0574926561	-0.0997502796	0.0990023658	-0.0977599938	0.0960293686	-0.0938191336	0.2469131146121412	0.0176161582507744	0.0003103290315163	0.0609660861674683	0.0345770190101575	0.0822801013424907	0.0067700150769305	0.0011955702436287	-0.0581211490020834	-0.0005066662389055	2.567106776466476e-07	0.0033780679613223	0.0011919640367324	-0.0002012566405023	4.05042353462721e-08	1.420778264863398e-06	-0.0052908050642472	-9.776412876110006e-05	9.557824872416952e-09	2.7992618227863822e-05	0.0037611936169822	-0.0005539715802744	3.0688451175182656e-07	1.4146577424427644e-05	0.0	0.0	0.0	0.0	0.0	0.0	0.0	0.0	0.0	0.0
283.5438114279086	-1.1548837839038697	80397.09299906541	1.33375655432412	419.2235047219016	-3.2454232857444367	10.532772303652216	175748.34691131423	263.3798105280601	-0.1448532749129754	69368.92459379684	0.020982471253014	278.53699925557225	290.2616904336134	1.061406	27.582626	0.1262844639940848	0.0719527598646478	-0.0195726027	0.0304645235	0.0175489286	-0.0301842737	-0.1399685924	0.0840228914	-0.0286938305	0.0043987176	0.0674291329	-0.018228635	0.1036716846	0.1156032762	-0.0251286323	-0.0630813988	-0.0171749131	-0.0526497561	-0.001082354	0.0103922318	0.061662213	0.026295623	-0.0947867388	0.1389435708	0.0484452859	-0.0403948607	-0.0187358302	0.0142795966	0.0173392496	-0.1774428626	0.0490128568	-0.0948547728	-0.0260947632	-0.1240152458	-0.0370989828	0.0648497188	-0.0631871827	-0.0276474178	0.0918652978	0.0422889598	0.0103673584	-0.1376809097	-0.0557769571	0.0517878481	0.0926873112	-0.026109539	0.0163124446	0.0628674047	0.0650084111	-0.0546173376	-0.0870082433	-0.035066881	0.010496914	-0.076120019	0.0998021501	0.0714861902	-0.030470509	-0.1079855239	0.0652816019	-0.0921509322	-0.1429645904	-0.0130867221	0.0825725521	0.1043061539	0.1098050682	-0.0638529973	-0.0349702078	-0.1020296343	-0.0657458974	0.0212730911	0.054304429	-0.0489510706	-0.0638936381	-0.0004293269	-0.0509585624	-0.069459797	-0.0796205615	0.0486098678	0.1005272384	0.0687356056	-0.014499911	0.0330135984	-0.0249750403	0.1558369938	-0.0170957957	-0.097731025	-0.1409105822	-0.0106513821	0.0248673602	0.0527411222	0.0826446166	0.1984665347	0.0346819085	-0.1413589701	-0.0228208836	-0.055543794	0.0945346217	-0.0993219925	-0.0407282752	0.0646033428	-0.0433145276	0.0252012458	0.0108977025	0.0402477832	0.0080868693	0.074349636	0.0604522721	0.0265970382	0.0582079034	0.073601767	-0.0014567899	0.157281046	-0.0711815828	-0.0451608428	0.0231447299	0.0212544355	-0.061414612	-0.0458161472	-0.0627975227	0.0018945462	-0.049791576	-0.0011915608	-0.0407228436	-0.0046639223	0.1453308549	-0.0483701393	-0.0378204527	-0.1087405579	-0.0724925382	-0.1351230354	-0.0062985326	0.0043520169	0.1640349647	-0.1355494012	0.0468436756	-0.1072317966	-0.1019189556	0.0618733356	0.0430859581	0.0601948716	-0.0998489097	0.0993960955	-0.0986429257	0.0975916762	-0.0962455236	0.2181314802633664	-0.0287816343487747	0.0008283824757865	0.0475813426818874	-0.020840929751472	-0.0554179487616295	0.0030711490449465	0.0004343443529057	-0.0527428624141279	0.0053782865879555	2.892596662218201e-05	0.0027818095356356	0.0012572057315019	6.524169476950013e-05	4.256478736396621e-09	1.5805662513212275e-06	-0.0046221739974163	0.0006686310668309	4.470675035314281e-07	2.136449246239138e-05	0.0037609344926681	-2.591243141000961e-07	6.714541015784526e-14	1.4144628258140658e-05	0.0	0.0	0.0	0.0	0.0	0.0	0.0	0.0	0.0	0.0
284.02799776806546	0.4841863401568389	80671.9035161362	0.2344364119944741	424.0820287947221	4.858524072820501	23.605256166176307	179845.5671466475	263.84920853072003	0.4693980026599433	69616.40484228739	0.2203344849011441	278.9896484411667	295.86178109550025	1.204883	31.311131	0.1862677930075093	0.1210095861901828	0.0182648572	-0.0068359154	-0.1592150906	-0.0034250643	0.0006428394	0.0863749874	0.0491687606	0.0045440462	-0.1023447308	0.0487253793	-0.0710873563	0.0213330275	0.024628615	-0.1020619491	-0.0988651951	-0.1698247911	0.0121702717	0.0029560278	-0.0322474479	-0.0506115429	0.0253020932	-0.0174159285	-0.0230413392	-0.0572711905	-0.0409379564	0.0445223335	-0.014629307	0.1354672892	0.0812265019	0.105379898	-0.0526491237	-0.0300291583	-0.0846916611	0.0598771407	-0.1448032449	-0.0457904577	-0.1193185028	-0.1051236507	-0.0579082712	-0.0493582642	-0.0571405374	-0.0116931985	0.0636320941	0.0079458035	0.1193440729	0.1182014506	-0.005650822	0.0421874005	-0.0367278606	0.0620781004	-0.0635822664	0.0134313321	0.0135893854	0.0688372383	0.0584240672	0.0256351392	-0.0273242915	-0.1133893053	0.035229879	0.0488359964	0.0257041987	0.0383503451	-0.0942121235	-0.0989174628	-0.0149233641	-0.0862052152	-0.099662053	0.0363002089	-0.0701993165	-0.0208016576	-0.2172214359	-0.0308974757	0.0428695442	0.0135663852	0.0759820496	0.1159786715	-0.0751996559	-0.0380904391	-0.0524938881	0.0587780164	0.0185234205	0.0474680412	-0.1169731447	0.0279284881	0.1270331399	0.0866416577	-0.0372501402	0.1183616152	0.1571274823	-0.0277060108	-0.0186091081	-0.1220188812	0.0508243762	0.0533930543	-0.0227372156	0.0170323861	0.0568726896	0.1072116341	0.067280735	0.0166313151	-0.0015504387	-0.0499164977	0.011986765	0.0043218462	0.059533069	-0.0270474742	0.0343396112	0.0358462747	-0.0265057948	-0.0815378313	-0.085617072	0.0422229032	0.0839447663	0.0790994302	-0.1106804364	0.0374785798	0.0285920031	-0.1139354126	0.0726571293	-0.1026907634	-0.0361711069	0.1220312612	0.0965349432	0.1911564391	-0.08338387	0.0203659594	0.0513486207	0.073576253	0.083351188	0.0191482505	-0.0352876501	-0.1298181497	0.067875486	-0.0776173305	-0.0893538726	0.131164458	0.1109584282	-0.0256942673	-0.0999229036	0.0996917334	-0.0993068457	0.0987688341	-0.098078528	0.2110136792094152	-0.0071178010539512	5.066309184362898e-05	0.0445267728134939	-0.1379167848624689	-0.1170758551109968	0.0137067558499711	0.0190210395468005	-0.0306182160841217	0.0221246463300062	0.0004894999752278	0.0009374751561739	0.0017090006435084	0.0004517949120065	2.041186425149611e-07	2.920683199512125e-06	-0.0046200279076811	2.1460897351999182e-06	4.605701151530457e-12	2.1344657867752205e-05	0.0041059833011775	0.0003450488085094	1.1905868025375674e-07	1.6859098869548483e-05	0.0	0.0	0.0	0.0	0.0	0.0	0.0	0.0	0.0	0.0
283.1681127303233	-0.8598850377421741	80184.18006725308	0.7394022781328601	423.0390092329545	-1.0430195617675508	1.0878898062297735	178962.0033327998	263.43573340554974	-0.4134751251702937	69398.38563491988	0.17096167913459	278.6396461012762	289.64750129759454	1.199291	31.165817	0.3326546867619364	0.2716612814163499	0.0919502989	0.026632382	-0.0855374437	-0.1037732563	0.0241764912	-0.0216103152	-0.0209129966	0.1088000927	-0.1001793267	-0.0674069537	-0.0286956054	-0.0792436378	0.1890479695	0.0492173427	0.0552247641	-0.0556333265	0.1564707023	-0.0391168756	-0.0339245534	-0.078413153	-0.0693795974	0.0226982258	-0.0203136284	0.1446217262	-0.1578384003	0.0811489534	0.0953073921	0.0840948564	-0.1233279131	-0.0815734045	-0.0198560435	0.0164749845	-0.1188310845	0.0168217066	0.0191435401	-0.042517654	0.0057220222	-0.0550727954	0.0140397565	-0.0632379419	0.144817485	0.0406069422	0.0177857731	0.0629126596	0.0280102591	0.0469349079	0.019461144	0.032854413	-0.0879302271	-0.0675398545	-0.0296661601	0.0433566085	-0.0403605876	-0.0140374536	-0.0804179701	-0.0430195304	0.080109248	0.078708519	-0.0034679846	0.0339394616	0.0744717586	0.0417734418	-0.03786888	-0.0768322405	0.0100372357	0.1309788079	0.0445595909	0.1309103663	-0.0653928136	0.035953339	-0.0193022194	0.071980103	-0.0716268765	0.0147658494	-0.0262036848	-0.0765856509	-0.1239290317	0.1647071181	-0.2239620277	0.0008941267	-0.0369978398	-0.0710923312	-0.0542445273	-0.0112538244	-0.0535912072	-0.011021573	0.0467506797	-0.1126948731	0.0411572169	0.0257704367	0.0379624253	-0.0580128053	0.0200681206	-0.0451786166	-0.1582430972	-0.0028320925	-0.0140039534	-0.1184734907	0.0331083277	0.0056865354	-0.0752821785	-0.0368270909	-0.0342429085	-0.1114885616	0.0628916507	-0.0184537257	-0.0288080892	-0.0921873032	-0.0320663732	0.0413979143	-0.094619185	-0.0122430771	0.0583516409	0.0224358732	0.0357126937	0.0810688258	0.0962975757	0.0392860381	0.0526254738	-0.0505218553	-0.0245828323	0.1910035879	-0.0304823667	-0.127987802	-0.0139219985	0.0820377009	-0.1294474447	0.0461110042	0.0627371593	0.1131985981	-0.0610051089	0.017292779	-0.0641271222	-0.092555075	-0.0665894627	-0.0207625484	0.0279776832	-0.111174551	-0.099972243	0.0998889875	-0.0997502796	0.0995561965	-0.0993068457	0.206098151278482	-0.0049155279309331	2.416241483978437e-05	0.042476447960408	0.1305950924041923	0.2685118772666611	0.0720986282332665	0.0170550781600595	-0.0493234324379088	-0.0187052163537871	0.0003498851188419	0.0024328009874569	0.001940805430177	0.0002318047866686	5.373345912247517e-08	3.76672571780453e-06	-0.0042312325129139	0.0003887953947671	1.511618589921827e-07	1.7903328578339678e-05	0.0039161421784022	-0.0001898411227752	3.6039651896586514e-08	1.533616956146073e-05	0.0	0.0	0.0	0.0	0.0	0.0	0.0	0.0	0.0	0.0
280.9794935106108	-2.188619219712507	78949.47577347937	4.790054088894983	420.5615467522361	-2.4774624807184296	6.137820343367515	176872.01460663328	262.3021668705989	-1.1335665349508304	68802.42674501151	1.284973089160432	277.8798069467751	280.86810702841706	1.260468	32.755623	0.2599132663311831	0.2074008575988281	0.1600962478	-0.0862665272	-0.0396850489	-0.0296276129	0.0129231644	0.1416390242	0.0345981253	0.1351848961	0.06811436	-0.2015775934	0.0696460139	-0.0211180243	-0.0199575832	0.162211213	0.0657969505	-0.0911519166	0.0649804448	-0.0514462121	0.1598005763	-0.0684864472	-0.0125402551	0.0902318395	-0.1096548602	0.0826660026	-0.1800431053	-0.0293034102	-0.0506084301	0.0284120369	0.0290826522	-0.0456236876	-0.0376856775	-0.0705192335	0.0449651149	-0.0683272701	-0.021107145	-0.1313488182	0.0492413962	-0.0055151405	0.0867768184	0.1347255516	0.0199791812	0.0070292613	-0.0101751862	0.1798937829	-0.1047368177	-0.0688517431	0.0409506095	0.0012408162	-0.0554683928	0.0667435374	-0.1652748017	-0.0124187078	0.0947149528	-0.0336471489	-0.0622976524	-0.0445689742	0.009367313	-0.0642465143	-0.0531500439	-0.0109173744	0.0191358881	0.0392269774	0.0093976982	-0.037702169	-0.0398051262	0.0525750355	0.1572999348	0.1499371251	0.1001537465	-0.0580102717	-0.085484744	0.0371910127	-0.1118682449	-0.0485051741	-0.1199946566	0.1464796116	-0.0183806475	-0.0175180576	-0.1573908443	-0.0717312756	-0.04828325	0.1313155248	0.0355546048	-0.0253788899	0.0665820798	0.0449068831	0.049981697	-0.0715571627	-0.0392961558	-0.0429827806	0.064293296	-0.0102758902	-0.1770403923	0.0457628205	-0.0680810727	-0.0850117129	-0.0538657162	-0.0339622696	-0.0781386277	-0.1596276312	-0.0025721174	0.0694025804	0.0134343126	-0.124906156	-0.0471136839	0.0978961919	-0.0072074679	0.1085094581	-0.0062367711	0.0033007758	0.0741330129	0.0857848824	0.0476896093	0.0588572273	0.1618885575	0.0254476998	-0.0450203059	0.0938268816	-0.0555418314	-0.1082292598	0.0239255094	-0.0257409452	0.18531032	-0.0473214878	-0.0431633955	0.2133509273	-0.1866220096	-0.0432159324	-0.0517757909	0.0806388787	-0.1244403218	-0.0693358887	0.0686598454	-0.0431676871	0.064708614	-0.0492816951	0.1377560057	-0.0109756567	-0.0999969158	0.0999876632	-0.099972243	0.099950656	-0.0999229036	0.1943146566415663	-0.0117834946369156	0.0001388507458582	0.0377581857857298	0.3358441008511192	0.2052490084469269	0.0421271554684466	0.1127912600764967	-0.0459522634042883	0.0033711690336205	1.1364780653241792e-05	0.002111610511977	0.0021462109551602	0.0002054055249832	4.2191429693624e-08	4.606221464049658e-06	-0.0039160387776937	0.0003151937352201	9.934709072206149e-08	1.5335359708400772e-05	0.0041857348024732	0.0002695926240709	7.268018295348734e-08	1.7520375836635358e-05	0.0	0.0	0.0	0.0	0.0	0.0	0.0	0.0	0.0	0.0
