#!ascii label  , from subject sub-v1s14x0051579_ses-1 vox2ras=TkReg
4162
132540  -56.303  27.601  12.094 0.6999999881
129502  -56.411  28.106  9.713 0.6999999881
97352  -55.577  27.965  10.174 0.8000000119
97364  -55.684  28.114  9.155 0.6999999881
97353  -57.222  28.051  10.307 0.6999999881
129496  -57.771  28.345  8.487 0.6999999881
97333  -57.166  27.420  12.712 0.6000000238
97365  -57.126  28.245  9.093 0.6999999881
130742  -57.292  28.343  7.216 0.6999999881
145316  -56.542  27.328  13.056 0.6000000238
97343  -57.092  27.726  11.576 0.6999999881
129497  -56.429  28.225  8.803 0.8000000119
97324  -56.191  27.188  13.627 0.5000000000
97376  -55.937  28.280  8.147 0.8000000119
97400  -56.077  28.218  6.743 0.8000000119
96625  -50.810  25.936  1.573 0.8999999762
96607  -50.583  26.434  2.379 0.8999999762
95872  -47.071  26.412  -7.617 0.8000000119
129501  -57.864  28.209  9.427 0.6999999881
97402  -57.635  28.247  6.548 0.6999999881
137322  -57.230  28.061  5.924 0.6999999881
97447  -57.378  27.355  3.820 0.6999999881
97387  -55.800  28.278  7.371 0.6999999881
97401  -56.853  28.230  6.627 0.8000000119
97413  -56.850  27.834  5.273 0.8000000119
139025  -55.518  28.072  6.175 0.6999999881
137323  -56.415  28.091  6.007 0.8000000119
97446  -56.439  27.341  3.723 0.8000000119
96594  -57.125  27.036  3.056 0.6999999881
138616  -55.044  27.617  4.913 0.6999999881
133454  -55.699  27.517  4.413 0.8000000119
97425  -54.724  27.447  4.273 0.6999999881
96611  -54.782  26.680  2.090 0.8000000119
97457  -54.210  26.906  2.816 0.6999999881
96628  -54.479  26.379  1.247 0.8000000119
96610  -53.229  26.610  2.688 0.8000000119
96627  -52.932  25.909  1.319 0.8999999762
95766  -52.059  25.538  0.782 0.8999999762
95784  -52.240  25.300  -0.209 0.8999999762
151325  -51.536  25.797  1.447 0.8999999762
95783  -51.463  25.211  0.020 0.8999999762
95782  -50.742  25.393  0.179 0.8999999762
95750  -48.086  25.966  1.608 0.8999999762
95763  -49.461  25.809  0.996 0.8999999762
95749  -47.567  26.013  2.265 0.8000000119
129634  -46.834  25.652  0.975 0.8000000119
94969  -44.638  24.267  1.582 0.8000000119
132456  -44.310  23.435  0.350 0.8000000119
94975  -44.522  24.237  0.709 0.8000000119
93500  -44.773  23.116  -1.072 0.8000000119
149289  -44.801  24.252  -1.571 0.8999999762
94990  -45.070  24.227  -2.212 0.8000000119
94196  -45.506  24.025  -3.047 0.8000000119
95851  -45.490  25.597  -4.134 0.8000000119
148742  -46.717  27.243  -8.262 0.8000000119
96706  -46.082  27.761  -7.602 0.8000000119
132532  -58.323  28.392  8.106 0.6000000238
97378  -58.425  28.334  8.794 0.5000000000
138810  -58.030  28.056  5.860 0.6000000238
97414  -57.630  27.849  5.179 0.6999999881
96613  -56.844  26.565  2.456 0.6999999881
96639  -55.050  26.241  0.614 0.8999999762
149888  -54.300  26.075  0.556 1.0000000000
135371  -53.019  25.474  -0.512 1.0000000000
95802  -51.766  25.439  -0.634 0.8999999762
95818  -51.070  25.576  -0.635 0.8999999762
96664  -50.776  26.174  -1.219 0.8999999762
95780  -48.647  25.938  0.710 0.8999999762
95799  -49.135  25.898  0.280 0.8999999762
95801  -50.541  25.537  -0.199 0.8999999762
95760  -46.421  25.472  1.622 0.8000000119
95761  -47.271  25.726  1.595 0.8000000119
95779  -47.856  25.806  0.952 0.8999999762
96651  -48.813  26.241  -0.199 1.0000000000
95759  -45.722  25.200  1.580 0.8000000119
95778  -46.253  25.849  0.322 0.8000000119
96636  -47.215  26.073  0.393 0.8000000119
96650  -47.698  26.500  -0.203 0.8999999762
94979  -44.558  24.299  -0.126 0.8000000119
95777  -44.834  24.770  0.235 0.8000000119
95796  -44.905  25.000  -0.464 0.8999999762
95797  -45.358  25.757  -0.832 0.8999999762
94179  -44.515  23.719  -0.551 0.8000000119
94985  -44.695  24.511  -0.969 0.8000000119
94989  -44.927  24.999  -1.776 0.8000000119
95830  -45.173  25.670  -2.330 0.8999999762
96696  -45.370  26.538  -4.088 0.8000000119
140505  -45.431  26.954  -4.968 0.8000000119
139872  -45.533  27.325  -4.375 0.8000000119
136308  -45.842  28.021  -4.662 0.8999999762
95857  -45.545  26.162  -4.694 0.8000000119
140735  -45.671  27.313  -6.038 0.8000000119
95852  -46.003  25.336  -5.047 0.8000000119
96707  -46.061  26.610  -6.444 0.8000000119
97542  -46.374  28.086  -9.077 0.8000000119
94994  -42.936  25.356  -3.291 0.1000000015
97547  -45.817  28.474  -9.237 0.6999999881
95840  -41.929  26.484  -3.637 0.1000000015
95841  -43.015  25.914  -4.014 0.2000000030
95856  -43.629  26.015  -5.513 0.2000000030
99065  -45.441  29.330  -8.776 0.6999999881
97541  -46.226  28.765  -8.794 0.8000000119
95013  -44.096  25.729  -6.468 0.4000000060
141397  -43.955  26.905  -7.088 0.5000000000
97554  -45.040  27.890  -9.737 0.6999999881
97389  -58.563  28.390  7.475 0.6000000238
96595  -57.814  26.982  3.094 0.6999999881
95768  -57.303  25.718  0.979 0.6999999881
96614  -57.772  26.485  2.567 0.6999999881
96640  -56.047  26.086  0.762 0.6999999881
95787  -55.563  25.958  -0.159 0.8000000119
95835  -57.692  26.124  -2.945 0.6999999881
95824  -57.197  25.606  -2.080 0.6999999881
95805  -54.910  25.796  -0.978 1.0000000000
95845  -56.890  26.526  -3.230 0.6999999881
95804  -53.851  25.589  -0.802 1.0000000000
95821  -53.197  25.699  -1.264 1.0000000000
95820  -52.451  25.718  -1.190 0.8999999762
96665  -52.343  26.121  -1.666 1.0000000000
95819  -51.703  25.725  -1.108 0.8999999762
96676  -51.072  26.888  -2.108 1.0000000000
96662  -48.345  26.955  -0.827 1.0000000000
97485  -47.894  27.543  -1.625 1.0000000000
96649  -46.562  26.427  -0.362 0.8999999762
96660  -46.282  26.882  -1.184 0.8999999762
97484  -46.890  27.417  -1.758 1.0000000000
95798  -45.811  26.007  -0.300 0.8999999762
97494  -46.670  27.656  -2.642 1.0000000000
97493  -45.882  27.397  -2.943 1.0000000000
95817  -45.224  25.786  -1.664 0.8999999762
96675  -45.434  26.506  -2.431 0.8999999762
96687  -45.425  26.946  -3.456 0.8000000119
97521  -45.699  27.874  -5.466 0.8000000119
94184  -42.760  23.919  -1.996 0.1000000015
98272  -46.007  29.487  -8.719 0.8000000119
97531  -45.932  28.280  -6.801 0.8000000119
95828  -41.193  26.271  -2.597 0.1000000015
94984  -42.771  24.741  -2.507 0.1000000015
96674  -40.765  26.692  -3.564 0.1000000015
95829  -42.033  25.990  -2.896 0.1000000015
97507  -39.732  27.317  -4.511 0.2000000030
95850  -42.980  26.595  -4.666 0.2000000030
96695  -42.898  27.187  -5.175 0.3000000119
95863  -43.461  27.076  -5.940 0.4000000060
98271  -44.567  28.687  -8.819 0.6999999881
96710  -44.243  27.290  -8.839 0.6000000238
97546  -44.515  27.995  -9.242 0.6000000238
142422  -44.631  27.317  -9.511 0.6000000238
144663  -58.847  28.396  8.255 0.5000000000
141595  -58.695  28.062  5.810 0.6000000238
97415  -58.462  27.813  5.035 0.6999999881
145796  -58.283  26.735  2.839 0.6999999881
95751  -58.136  26.086  2.097 0.6999999881
128756  -56.709  25.719  -0.116 0.6999999881
97502  -57.978  26.697  -2.813 0.6999999881
95806  -56.183  25.774  -1.213 0.6999999881
95823  -55.260  25.794  -1.921 0.8000000119
97501  -57.707  27.125  -2.858 0.6999999881
96680  -57.455  26.601  -3.013 0.6999999881
95834  -56.878  25.882  -2.972 0.6999999881
132777  -56.240  25.789  -2.233 0.6999999881
95822  -54.148  25.758  -1.592 0.8999999762
99023  -55.437  29.071  -2.112 0.6999999881
139558  -56.086  28.547  -2.579 0.6999999881
98225  -56.562  28.001  -3.023 0.6999999881
97515  -56.281  27.474  -3.384 0.6999999881
96698  -56.024  27.309  -3.575 0.8000000119
96690  -56.174  26.926  -3.634 0.8000000119
95831  -53.732  25.987  -1.879 1.0000000000
99013  -54.694  29.406  -1.706 0.8000000119
151544  -55.408  28.814  -2.976 0.8000000119
98241  -55.274  28.246  -3.680 0.8000000119
98255  -55.594  27.928  -3.596 0.8000000119
96697  -55.442  27.427  -3.786 0.8000000119
139592  -52.798  26.673  -2.481 1.0000000000
97500  -52.370  27.529  -3.076 1.0000000000
99002  -53.068  29.831  -1.080 0.8000000119
99012  -53.913  29.641  -1.355 0.8000000119
139214  -54.077  29.562  -2.386 0.8000000119
99022  -54.717  29.197  -2.973 0.8000000119
99033  -55.049  28.632  -3.680 0.8000000119
98240  -54.727  28.513  -3.861 0.8000000119
98253  -54.710  28.379  -3.820 0.8000000119
96677  -51.950  26.756  -2.297 1.0000000000
99803  -51.648  30.406  -1.010 0.8000000119
151705  -52.376  30.011  -0.786 0.8000000119
99804  -52.404  30.137  -1.773 0.8000000119
99021  -53.771  29.418  -3.364 0.8000000119
99032  -54.301  28.899  -3.892 0.8000000119
98239  -54.076  28.825  -3.907 0.8000000119
97487  -50.083  27.120  -1.852 1.0000000000
99789  -52.046  30.058  0.006 0.8000000119
99011  -53.233  29.837  -2.414 0.8000000119
99020  -52.946  29.640  -3.585 0.8000000119
97486  -48.987  27.421  -1.651 1.0000000000
97497  -49.585  27.954  -2.687 1.0000000000
97498  -50.609  27.847  -2.897 1.0000000000
99788  -51.243  30.371  0.195 0.8000000119
129347  -50.886  30.728  -0.637 0.8000000119
99816  -52.410  30.049  -2.909 0.8000000119
99825  -51.859  30.150  -3.247 0.6999999881
97496  -48.556  28.000  -2.573 1.0000000000
100617  -49.747  31.067  0.069 0.6000000238
99787  -50.461  30.745  0.114 0.6999999881
150738  -51.673  29.908  -3.791 0.6999999881
98220  -48.216  28.322  -3.611 1.0000000000
98233  -47.680  28.651  -4.613 1.0000000000
100604  -49.328  30.969  0.654 0.6000000238
99802  -50.225  31.056  -0.733 0.6999999881
99814  -50.850  30.828  -1.747 0.6999999881
99815  -51.721  30.400  -2.320 0.6999999881
132539  -51.149  30.377  -3.189 0.6999999881
99824  -50.410  30.187  -3.915 0.6000000238
97509  -46.598  27.983  -3.603 1.0000000000
98219  -47.302  28.106  -3.331 1.0000000000
99801  -49.906  31.085  -1.559 0.6999999881
129408  -50.259  30.721  -2.742 0.6999999881
99823  -49.746  30.485  -3.658 0.6000000238
129382  -49.353  30.438  -4.694 0.6000000238
99834  -49.835  30.128  -4.628 0.6000000238
98232  -46.526  28.364  -4.596 1.0000000000
98247  -46.358  28.621  -5.495 0.8999999762
100628  -49.463  31.194  -0.654 0.6999999881
100637  -49.214  31.120  -1.296 0.6999999881
99813  -49.326  30.885  -2.333 0.6999999881
99843  -48.289  31.087  -5.648 0.6000000238
129488  -47.873  31.266  -6.398 0.6999999881
99851  -47.348  31.301  -6.903 0.6999999881
97508  -45.850  27.728  -3.863 0.8999999762
98260  -46.318  28.833  -6.503 0.8999999762
100616  -49.035  31.264  0.116 0.5000000000
100627  -48.648  31.225  -0.610 0.5000000000
100636  -48.693  31.038  -1.500 0.6000000238
99812  -48.395  30.837  -2.271 0.6000000238
99822  -48.946  30.674  -3.423 0.6000000238
99832  -47.540  31.219  -4.558 0.5000000000
100626  -47.908  31.048  -1.153 0.5000000000
99811  -47.445  30.736  -2.193 0.6000000238
143207  -48.150  30.783  -3.115 0.5000000000
99821  -47.485  30.867  -3.390 0.5000000000
132535  -46.728  31.322  -4.818 0.5000000000
99849  -45.315  30.909  -5.836 0.6000000238
134078  -46.802  30.667  -2.676 0.6000000238
99820  -46.571  30.865  -3.602 0.5000000000
99841  -46.029  31.245  -5.311 0.6000000238
149036  -46.763  30.766  -7.452 0.8000000119
134520  -46.369  29.211  -7.481 0.8000000119
98261  -47.051  29.638  -6.550 0.8000000119
99857  -46.367  30.996  -7.521 0.6999999881
99863  -45.883  30.623  -8.041 0.6999999881
99856  -45.737  31.006  -6.957 0.6999999881
99052  -44.754  30.275  -7.035 0.6000000238
144431  -44.664  29.391  -8.319 0.6000000238
139792  -39.984  27.932  -4.787 0.3000000119
97520  -40.338  27.707  -5.253 0.3000000119
96694  -41.337  27.416  -5.038 0.3000000119
96701  -42.122  27.990  -5.548 0.3000000119
137960  -42.986  27.938  -6.229 0.4000000060
99058  -44.121  29.151  -7.594 0.6000000238
98270  -44.050  28.584  -7.887 0.6000000238
99026  -41.371  28.375  -4.474 0.3000000119
98246  -40.532  28.065  -5.411 0.3000000119
97539  -43.584  28.032  -7.248 0.5000000000
97540  -44.129  28.003  -8.414 0.6000000238
97404  -59.057  28.383  6.949 0.5000000000
145762  -58.573  27.490  4.214 0.6999999881
97367  -59.014  28.299  9.905 0.5000000000
96596  -58.899  26.785  2.857 0.6000000238
95752  -58.822  25.997  1.812 0.6999999881
95770  -59.131  25.750  0.848 0.6999999881
95788  -58.337  25.549  0.638 0.6999999881
95807  -57.491  25.485  -1.098 0.6999999881
96667  -59.110  26.381  -1.583 0.6000000238
131245  -59.608  26.041  -0.617 0.6000000238
95808  -58.488  25.464  -0.974 0.6999999881
97488  -58.196  27.286  -2.275 0.6000000238
136682  -58.388  26.794  -2.524 0.6999999881
95832  -54.589  26.029  -2.485 0.8999999762
96678  -53.923  26.318  -2.496 0.8000000119
98211  -56.161  28.761  -1.471 0.6999999881
98212  -57.096  28.156  -2.100 0.6999999881
98226  -57.323  27.609  -2.812 0.6999999881
95843  -55.198  26.387  -3.338 0.8000000119
96679  -54.526  26.499  -3.095 0.8000000119
137239  -53.490  26.649  -2.668 1.0000000000
154745  -55.076  27.042  -4.066 0.8000000119
96688  -54.113  26.952  -3.248 0.8999999762
97524  -54.783  27.575  -4.106 0.8000000119
97523  -53.811  28.781  -3.910 0.8000000119
97499  -51.510  27.584  -2.887 1.0000000000
99030  -52.618  29.329  -4.022 0.8000000119
99042  -53.152  29.112  -4.028 0.8000000119
98223  -50.771  28.595  -3.768 0.8999999762
98222  -50.097  28.557  -3.738 1.0000000000
99029  -51.810  29.496  -4.060 0.6999999881
99041  -52.191  29.350  -4.045 0.6999999881
98235  -49.804  29.159  -4.709 0.8999999762
98221  -49.244  28.481  -3.752 1.0000000000
99836  -51.057  29.837  -4.117 0.6999999881
99040  -50.967  29.597  -4.232 0.6999999881
99846  -49.853  29.882  -4.860 0.8000000119
98251  -50.612  29.576  -4.414 0.8999999762
99039  -49.521  30.062  -5.339 0.6999999881
99845  -49.511  30.121  -5.307 0.6999999881
98248  -47.393  29.217  -5.736 0.8999999762
100603  -48.718  31.096  0.883 0.5000000000
99048  -48.400  30.665  -6.192 0.8000000119
99852  -47.864  31.021  -6.823 0.8000000119
143368  -48.299  31.308  0.301 0.5000000000
100602  -47.901  31.303  1.185 0.5000000000
100615  -47.546  31.366  0.393 0.5000000000
144662  -47.936  31.259  -0.252 0.6000000238
100625  -47.294  31.147  -0.324 0.5000000000
99800  -47.022  30.842  -1.098 0.5000000000
99831  -45.858  30.834  -4.170 0.6000000238
98266  -46.814  29.991  -7.382 0.8000000119
99799  -46.280  30.658  -0.888 0.4000000060
99810  -46.566  30.559  -1.795 0.5000000000
133702  -46.108  30.480  -2.520 0.5000000000
99819  -45.754  30.522  -3.233 0.5000000000
99840  -45.080  30.565  -4.673 0.6000000238
99010  -45.232  30.101  -2.390 0.4000000060
98259  -40.691  27.908  -6.161 0.3000000119
97530  -41.462  28.289  -6.082 0.3000000119
151161  -41.780  28.295  -6.193 0.5000000000
98265  -43.322  28.460  -6.813 0.6000000238
99036  -42.100  28.449  -5.208 0.3000000119
148919  -41.867  28.561  -6.217 0.3000000119
99019  -44.342  29.663  -2.917 0.4000000060
99018  -43.404  29.306  -3.282 0.4000000060
99027  -42.763  29.110  -4.160 0.3000000119
97390  -59.173  28.538  7.735 0.5000000000
97416  -59.216  27.976  5.242 0.6000000238
96616  -59.445  26.376  2.180 0.6000000238
95771  -59.825  26.069  0.650 0.6000000238
142149  -58.874  26.645  -1.990 0.6000000238
99004  -54.591  29.389  -0.568 0.6999999881
97513  -53.455  28.451  -3.855 0.8000000119
97512  -52.691  28.401  -3.776 0.8999999762
98238  -52.100  28.956  -4.071 0.8000000119
97510  -51.217  28.257  -3.491 0.8999999762
97511  -51.888  28.328  -3.628 0.8000000119
98237  -51.324  28.990  -4.125 0.8999999762
97522  -52.755  29.049  -4.077 0.8000000119
98252  -51.693  29.379  -4.099 0.8000000119
98234  -49.053  28.957  -4.947 0.8999999762
98250  -49.880  29.724  -4.941 0.8999999762
98249  -49.577  29.855  -5.388 0.8999999762
99038  -49.231  30.304  -5.554 0.8000000119
99047  -48.087  30.868  -6.695 0.8000000119
148004  -48.735  30.086  -5.958 0.8999999762
98262  -47.941  30.343  -6.581 0.8999999762
139619  -46.666  30.994  -0.387 0.4000000060
99769  -47.895  30.954  2.031 0.5000000000
137889  -47.158  31.477  1.033 0.5000000000
100614  -46.703  31.290  0.368 0.5000000000
99809  -45.798  30.336  -1.533 0.4000000060
99028  -44.043  29.793  -4.080 0.5000000000
99045  -43.331  29.260  -5.754 0.5000000000
99046  -44.561  30.272  -6.222 0.6000000238
99785  -46.044  30.972  -0.113 0.4000000060
99808  -45.001  30.033  -1.209 0.4000000060
99830  -45.067  30.251  -3.557 0.5000000000
99037  -43.311  29.415  -4.843 0.4000000060
139737  -43.164  28.903  -6.268 0.6000000238
99008  -43.636  29.280  -2.468 0.4000000060
99770  -48.563  30.816  1.739 0.5000000000
99858  -46.984  31.120  -7.192 0.6999999881
99055  -47.621  31.107  -6.929 0.8000000119
99061  -46.419  30.769  -7.759 0.8000000119
145333  -44.274  30.083  -5.236 0.5000000000
99054  -47.473  30.844  -7.082 0.8000000119
95764  -50.300  25.643  0.875 0.8999999762
149770  -46.466  26.749  -7.239 0.8000000119
96593  -56.178  27.077  2.969 0.8000000119
97445  -55.334  27.282  3.577 0.8000000119
150772  -54.768  27.125  3.214 0.6999999881
96629  -55.413  26.444  1.452 0.8000000119
130157  -53.720  26.437  1.871 0.8000000119
96638  -53.680  26.036  0.916 0.8999999762
132283  -52.914  26.209  2.067 0.8000000119
95781  -49.899  25.634  0.329 0.8999999762
96623  -48.896  26.102  1.633 0.8999999762
95748  -46.809  25.693  2.300 0.8000000119
94970  -45.266  24.784  1.962 0.8000000119
96663  -49.583  26.468  -0.884 1.0000000000
138482  -45.390  25.410  0.136 0.8000000119
96661  -47.229  27.052  -0.922 1.0000000000
136398  -45.166  25.005  -2.658 0.8000000119
96659  -45.634  26.442  -1.479 0.8999999762
97535  -46.245  28.997  -8.072 0.8000000119
98280  -45.513  28.055  -9.726 0.6999999881
95849  -41.944  26.906  -4.255 0.1000000015
96686  -40.369  26.891  -4.498 0.2000000030
99060  -46.024  30.187  -8.415 0.6999999881
147530  -44.116  27.391  -7.976 0.6000000238
95825  -58.879  26.071  -1.807 0.6999999881
97495  -47.553  27.876  -2.523 1.0000000000
97483  -46.034  27.122  -2.026 0.8999999762
99053  -46.407  30.086  -8.112 0.8000000119
147950  -45.440  30.020  -8.360 0.6999999881
99826  -52.245  29.755  -3.732 0.8000000119
99833  -48.486  30.859  -4.426 0.6000000238
99835  -50.085  30.111  -4.740 0.6000000238
99844  -49.055  30.517  -5.545 0.6000000238
152791  -47.553  31.402  -5.526 0.5000000000
99842  -47.048  31.509  -5.964 0.6000000238
154000  -46.714  31.213  -7.172 0.6999999881
99850  -46.413  31.372  -6.482 0.6999999881
99059  -44.890  30.042  -7.786 0.6000000238
99862  -45.631  30.716  -7.554 0.6000000238
99051  -43.983  29.354  -6.995 0.6000000238
148278  -43.944  29.560  -6.462 0.6000000238
153011  -40.652  27.850  -6.049 0.3000000119
97534  -42.570  28.363  -6.247 0.5000000000
97449  -59.156  27.323  3.659 0.6000000238
95789  -59.020  25.624  -0.232 0.6999999881
97514  -54.299  27.885  -3.842 0.8000000119
88246  -54.897  17.241  -7.268 0.2000000030
88245  -53.818  17.117  -7.212 0.2000000030
90188  -54.309  18.512  -8.021 0.2000000030
90198  -53.951  19.235  -8.336 0.2000000030
89209  -53.521  17.844  -7.626 0.2000000030
90187  -53.216  18.610  -7.959 0.2000000030
90186  -52.075  18.753  -7.855 0.2000000030
90197  -52.905  19.379  -8.347 0.2000000030
90196  -51.810  19.493  -8.289 0.2000000030
87335  -56.489  16.415  -6.040 0.2000000030
87334  -55.698  16.226  -6.168 0.2000000030
88235  -55.311  16.734  -6.763 0.2000000030
89210  -54.604  17.851  -7.694 0.2000000030
151671  -54.393  19.767  -8.409 0.2000000030
91150  -53.629  20.003  -8.621 0.2000000030
90185  -50.963  18.892  -7.836 0.3000000119
91148  -51.592  20.241  -8.669 0.3000000119
91149  -52.638  20.181  -8.686 0.3000000119
89200  -56.868  17.555  -7.004 0.2000000030
89212  -56.281  17.928  -7.497 0.2000000030
90200  -55.612  18.790  -7.864 0.2000000030
90199  -54.928  19.130  -8.200 0.2000000030
92005  -49.463  20.392  -8.376 0.3000000119
90195  -50.780  19.568  -8.238 0.3000000119
138677  -50.654  20.226  -8.581 0.3000000119
88218  -58.999  16.871  -4.245 0.3000000119
89194  -58.353  17.620  -5.555 0.3000000119
88217  -58.282  16.635  -4.759 0.3000000119
89193  -57.745  17.558  -6.261 0.2000000030
143212  -57.436  18.053  -6.814 0.2000000030
89184  -45.629  18.555  -4.552 0.1000000015
90165  -45.530  19.304  -4.983 0.1000000015
89213  -56.923  18.033  -7.248 0.2000000030
91141  -56.219  19.047  -7.535 0.2000000030
90166  -46.690  18.780  -5.536 0.1000000015
91136  -47.951  19.906  -7.192 0.3000000119
90191  -56.424  18.535  -7.489 0.2000000030
91140  -55.707  19.406  -7.696 0.2000000030
91152  -55.442  19.322  -7.962 0.2000000030
145262  -48.772  19.702  -7.906 0.3000000119
91151  -54.905  19.876  -8.203 0.2000000030
135507  -54.204  20.520  -8.447 0.2000000030
93546  -49.813  22.660  -9.220 0.3000000119
93548  -53.089  21.968  -8.313 0.3000000119
92844  -50.930  21.691  -9.132 0.4000000060
92845  -51.732  21.849  -9.056 0.4000000060
92008  -52.375  21.096  -8.934 0.3000000119
92009  -53.333  20.807  -8.721 0.3000000119
92007  -51.312  20.968  -8.978 0.3000000119
140791  -60.869  19.142  -0.170 0.3000000119
90130  -60.506  18.043  -2.207 0.3000000119
90096  -60.859  18.510  -0.782 0.3000000119
89172  -60.404  17.359  -2.357 0.3000000119
89180  -60.295  17.879  -2.944 0.3000000119
89171  -60.077  17.177  -3.069 0.3000000119
139814  -59.952  17.747  -3.499 0.3000000119
90148  -59.862  18.299  -3.450 0.3000000119
88210  -59.466  16.790  -3.408 0.3000000119
90161  -59.571  18.006  -4.090 0.3000000119
90147  -59.302  18.576  -3.993 0.3000000119
89186  -59.579  17.382  -3.841 0.3000000119
149720  -58.753  18.732  -4.472 0.3000000119
91123  -57.638  18.912  -5.922 0.3000000119
90173  -58.521  18.163  -5.429 0.3000000119
91122  -56.782  19.171  -6.398 0.2000000030
88225  -58.586  17.149  -4.987 0.3000000119
90172  -58.051  18.494  -5.924 0.2000000030
90178  -57.510  18.510  -6.542 0.2000000030
91133  -57.038  18.905  -6.840 0.2000000030
91132  -56.508  19.167  -7.144 0.2000000030
90192  -56.995  18.490  -7.140 0.2000000030
138068  -55.712  19.740  -6.962 0.2000000030
91130  -55.002  20.211  -6.966 0.2000000030
91116  -45.941  19.831  -5.566 0.1000000015
91142  -56.628  18.841  -7.310 0.2000000030
91985  -45.724  21.137  -6.191 0.2000000030
91127  -46.296  20.270  -6.065 0.3000000119
91997  -47.411  20.780  -7.036 0.3000000119
92837  -48.255  21.424  -7.911 0.3000000119
91991  -55.295  19.947  -7.489 0.2000000030
92826  -45.637  21.859  -6.490 0.3000000119
151199  -48.321  22.382  -8.348 0.3000000119
149798  -54.861  20.441  -7.819 0.2000000030
91990  -54.560  20.722  -7.485 0.2000000030
92835  -46.288  22.235  -7.138 0.3000000119
93538  -46.588  23.067  -7.823 0.3000000119
93544  -47.595  23.145  -8.410 0.3000000119
93553  -50.393  23.861  -9.483 0.4000000060
93540  -52.528  22.555  -8.132 0.4000000060
92838  -53.241  21.979  -7.938 0.3000000119
150703  -54.276  21.062  -8.215 0.3000000119
93555  -51.432  23.420  -9.033 0.4000000060
92853  -51.827  22.706  -8.858 0.3000000119
92846  -52.486  22.005  -8.794 0.3000000119
91063  -60.437  18.986  -1.084 0.3000000119
90114  -60.662  18.281  -1.487 0.3000000119
90113  -60.344  18.600  -1.876 0.3000000119
92794  -45.645  21.819  -1.405 0.8000000119
92795  -46.211  21.617  -1.960 0.8000000119
91963  -47.913  20.930  -3.176 0.4000000060
137692  -49.662  20.688  -4.489 0.3000000119
91106  -50.761  19.757  -4.598 0.3000000119
90168  -53.436  19.007  -5.402 0.2000000030
90170  -55.383  19.031  -5.569 0.3000000119
137409  -57.213  18.977  -5.310 0.3000000119
93501  -45.327  22.588  -1.559 0.6999999881
93502  -45.801  22.189  -1.954 0.6999999881
92805  -48.003  21.424  -3.577 0.6000000238
91970  -49.046  20.767  -4.004 0.4000000060
91971  -50.443  20.558  -4.997 0.3000000119
91107  -51.551  19.438  -4.827 0.3000000119
90169  -54.404  19.146  -5.684 0.2000000030
93505  -45.612  22.812  -2.210 0.6999999881
93507  -46.906  21.973  -3.018 0.6999999881
93512  -48.098  21.893  -4.035 0.5000000000
91972  -51.275  20.219  -5.272 0.3000000119
91117  -52.095  19.935  -5.519 0.2000000030
144636  -53.754  19.639  -6.016 0.2000000030
91121  -56.002  19.372  -6.350 0.2000000030
94190  -45.409  23.517  -2.434 0.8000000119
93510  -46.613  22.600  -3.293 0.6999999881
93516  -47.781  22.522  -4.363 0.6999999881
92811  -49.226  21.311  -4.552 0.4000000060
92812  -49.911  21.181  -5.059 0.4000000060
91978  -51.118  20.928  -5.667 0.2000000030
91119  -54.399  19.962  -6.468 0.2000000030
91120  -55.200  19.608  -6.371 0.2000000030
94198  -46.982  22.924  -4.033 0.6999999881
93524  -49.091  22.539  -5.462 0.6000000238
93518  -49.487  21.818  -5.194 0.4000000060
92821  -50.959  21.574  -6.027 0.4000000060
92822  -51.736  21.407  -6.316 0.2000000030
91980  -52.664  20.573  -6.194 0.2000000030
91129  -54.337  20.622  -6.939 0.2000000030
94996  -45.909  24.130  -3.815 0.6999999881
94211  -47.916  23.603  -5.602 0.6999999881
94204  -48.228  22.864  -5.119 0.6999999881
94213  -49.623  23.024  -6.223 0.6000000238
93531  -50.342  22.827  -6.483 0.4000000060
92827  -51.540  22.173  -6.733 0.4000000060
92828  -52.443  21.874  -7.054 0.3000000119
91988  -53.066  21.221  -6.839 0.2000000030
91989  -53.849  21.190  -7.247 0.2000000030
95001  -45.469  24.910  -3.526 0.6999999881
95002  -45.945  24.666  -4.342 0.6999999881
94210  -47.133  24.020  -5.278 0.6999999881
93545  -48.517  23.225  -8.856 0.3000000119
93552  -49.432  23.964  -9.496 0.4000000060
94219  -51.133  23.069  -7.120 0.4000000060
92829  -53.207  21.724  -7.491 0.2000000030
93537  -45.877  22.940  -7.279 0.4000000060
93543  -46.944  23.968  -8.693 0.3000000119
94232  -47.836  24.732  -9.756 0.4000000060
94233  -48.180  23.969  -9.167 0.5000000000
145418  -49.890  25.720  -9.721 0.6000000238
95031  -50.565  24.968  -9.271 0.5000000000
94227  -51.402  23.720  -7.976 0.4000000060
93533  -52.662  22.369  -7.778 0.4000000060
92830  -53.694  21.583  -7.704 0.3000000119
91999  -54.109  21.288  -7.691 0.2000000030
95020  -45.635  24.367  -8.192 0.3000000119
95029  -46.773  24.791  -9.559 0.5000000000
95038  -48.813  25.598  -10.346 0.5000000000
150621  -49.352  26.282  -9.968 0.6000000238
94235  -51.776  23.252  -8.418 0.4000000060
93547  -52.240  22.680  -8.474 0.4000000060
95036  -45.903  25.520  -10.099 0.6000000238
95891  -47.538  25.955  -11.158 0.6000000238
95892  -48.607  26.111  -10.815 0.6000000238
131896  -48.881  26.452  -10.053 0.6000000238
95882  -48.642  26.561  -9.387 0.6000000238
95890  -46.364  26.249  -10.992 0.6000000238
96730  -47.599  27.109  -11.013 0.6000000238
96725  -48.121  27.027  -10.505 0.6000000238
96717  -48.052  27.208  -9.895 0.6000000238
97555  -45.658  27.674  -10.075 0.6000000238
91062  -59.757  19.351  -1.004 0.3000000119
131720  -59.400  19.034  -2.457 0.3000000119
91098  -58.741  18.870  -3.774 0.3000000119
90129  -60.087  18.617  -2.642 0.3000000119
91087  -59.404  18.822  -3.233 0.3000000119
90146  -57.860  18.912  -3.334 0.3000000119
91109  -58.087  18.935  -4.671 0.3000000119
93494  -44.529  22.825  -0.334 0.6999999881
91955  -46.679  20.892  -1.960 0.5000000000
91956  -47.451  20.711  -2.582 0.4000000060
91105  -50.012  20.029  -4.318 0.3000000119
91097  -51.123  19.035  -4.117 0.3000000119
90156  -53.230  18.496  -4.564 0.3000000119
92799  -46.820  21.484  -2.531 0.6000000238
91957  -48.206  20.321  -2.973 0.3000000119
90157  -54.698  18.604  -4.829 0.2000000030
90159  -56.532  18.763  -4.499 0.3000000119
91108  -57.369  18.853  -4.299 0.3000000119
90158  -55.595  18.657  -4.654 0.3000000119
90171  -56.290  19.010  -5.494 0.3000000119
95009  -48.553  24.044  -6.413 0.6000000238
94212  -48.772  23.305  -5.892 0.6000000238
95008  -47.682  24.330  -6.114 0.6999999881
94217  -49.471  23.823  -6.747 0.6000000238
96702  -45.747  26.327  -5.475 0.6999999881
148504  -46.912  25.398  -6.409 0.6999999881
95021  -49.286  25.374  -7.960 0.6000000238
155547  -50.042  25.120  -8.318 0.6000000238
95023  -50.908  24.450  -8.575 0.5000000000
95874  -49.072  25.967  -8.747 0.6000000238
95875  -49.997  25.666  -9.217 0.6000000238
96716  -47.055  27.558  -9.444 0.6999999881
96711  -47.561  26.910  -8.782 0.6999999881
98276  -46.015  27.894  -9.919 0.6000000238
151111  -58.524  19.312  -1.502 0.3000000119
91061  -58.838  19.462  -0.881 0.3000000119
91076  -59.916  18.996  -1.831 0.3000000119
91086  -58.780  19.051  -2.943 0.3000000119
150715  -44.538  24.583  4.304 0.6999999881
94162  -44.159  23.730  3.030 0.6999999881
93489  -44.331  22.412  0.413 0.6999999881
92788  -46.099  21.086  -1.327 0.8000000119
91083  -48.650  19.592  -2.626 0.3000000119
91096  -50.384  19.360  -3.873 0.3000000119
149987  -53.944  18.601  -4.954 0.3000000119
95729  -44.830  25.039  5.196 0.6999999881
94962  -44.697  24.298  2.459 0.6999999881
94168  -44.195  23.637  2.132 0.6999999881
92786  -44.754  21.928  -0.150 0.6999999881
90155  -52.434  19.000  -5.027 0.3000000119
94956  -45.062  24.908  3.619 0.6999999881
94963  -45.230  24.855  2.830 0.6999999881
96569  -46.471  26.320  5.594 0.8000000119
137003  -46.080  25.812  4.167 0.8000000119
96576  -46.673  26.349  4.731 0.8000000119
138779  -47.066  26.315  3.725 0.6999999881
139010  -47.996  26.755  3.782 0.8000000119
96586  -47.764  26.381  2.995 0.8000000119
97439  -48.859  27.072  3.833 0.8000000119
91075  -58.721  19.176  -2.178 0.3000000119
91085  -58.201  19.062  -2.509 0.3000000119
132536  -54.021  18.346  -4.170 0.3000000119
90144  -55.834  18.551  -3.639 0.3000000119
90128  -56.967  18.766  -2.671 0.3000000119
93481  -43.837  22.958  1.842 0.6999999881
92787  -45.458  21.307  -0.608 0.6999999881
91950  -47.138  20.110  -1.899 0.4000000060
91095  -49.674  19.688  -3.641 0.3000000119
90154  -51.799  18.804  -4.345 0.3000000119
90143  -54.891  18.381  -3.888 0.3000000119
95730  -45.430  25.550  5.425 0.6999999881
91082  -47.876  19.832  -2.279 0.3000000119
95731  -45.968  25.941  5.115 0.8000000119
95733  -45.504  25.530  4.847 0.6999999881
96565  -47.482  26.808  6.794 0.6999999881
97406  -48.655  27.327  5.378 0.6999999881
97421  -49.211  27.380  4.604 0.6999999881
96608  -51.498  26.274  2.257 0.6999999881
97441  -50.512  27.314  3.932 0.6999999881
96626  -52.227  25.978  1.763 0.6999999881
91072  -56.189  19.042  -1.046 0.3000000119
131554  -54.706  19.746  1.562 0.3000000119
91931  -53.926  20.145  2.190 0.3000000119
90145  -56.793  18.695  -3.488 0.3000000119
90122  -49.377  19.362  -2.923 0.3000000119
90140  -50.866  18.721  -3.283 0.3000000119
152216  -44.618  24.949  5.840 0.8000000119
137395  -44.198  24.440  5.045 0.6999999881
92780  -44.555  21.691  0.479 0.6999999881
90139  -50.095  19.055  -3.094 0.3000000119
96564  -46.303  26.195  6.419 0.8000000119
95725  -45.582  25.696  6.661 0.8000000119
96558  -46.698  26.264  7.766 0.8000000119
96554  -47.303  26.476  8.230 0.6999999881
96559  -47.377  26.643  7.485 0.6999999881
97393  -48.874  27.340  6.800 0.6999999881
97382  -49.652  27.652  7.326 0.6999999881
132318  -50.258  27.736  5.980 0.6999999881
96591  -52.647  26.809  3.316 0.6999999881
138326  -51.587  27.598  5.419 0.6999999881
90095  -55.248  18.971  -0.929 0.3000000119
90111  -55.854  18.797  -1.600 0.3000000119
91058  -54.837  19.287  -0.032 0.3000000119
90112  -56.599  18.852  -1.877 0.3000000119
91019  -53.086  20.126  1.275 0.3000000119
91041  -55.299  19.493  0.650 0.3000000119
154983  -56.059  18.636  -2.527 0.3000000119
91918  -53.300  20.406  2.732 0.3000000119
91020  -53.842  20.019  1.426 0.3000000119
129507  -54.156  18.276  -3.161 0.3000000119
94157  -44.025  23.926  3.929 0.6999999881
92774  -43.797  22.235  1.806 0.6999999881
96553  -46.655  26.081  8.552 0.8000000119
95722  -46.027  25.805  8.064 0.8000000119
136642  -47.812  26.321  9.801 0.6999999881
150828  -47.851  26.667  8.562 0.6999999881
97369  -48.503  26.985  8.444 0.6999999881
97370  -49.295  27.421  8.271 0.6999999881
129798  -50.999  28.294  8.083 0.6999999881
97384  -51.354  28.270  7.414 0.6999999881
97409  -52.355  27.576  5.517 0.6999999881
129492  -51.970  28.187  7.082 0.6999999881
97443  -52.877  27.174  4.113 0.6999999881
96668  -59.507  26.354  -1.099 0.5000000000
97477  -59.807  26.622  -0.832 0.5000000000
96641  -59.999  26.359  -0.143 0.5000000000
90110  -55.210  18.657  -1.845 0.3000000119
90141  -52.422  18.424  -4.050 0.3000000119
139684  -51.666  18.518  -3.574 0.3000000119
91943  -46.040  20.455  -0.695 0.5000000000
91068  -46.960  19.755  -1.265 0.5000000000
91942  -45.578  20.453  0.054 0.5000000000
148494  -47.068  25.982  9.768 0.6999999881
96544  -47.465  25.907  10.365 0.8000000119
96538  -48.300  26.204  10.636 0.6999999881
96539  -49.301  26.303  11.352 0.6999999881
95705  -50.000  25.785  13.242 0.6999999881
97358  -48.984  27.103  9.088 0.6999999881
96534  -49.789  26.090  12.336 0.6999999881
134700  -49.795  27.557  8.998 0.6999999881
97337  -51.071  27.204  11.064 0.6999999881
96541  -51.341  26.918  11.915 0.6999999881
132774  -50.118  27.889  8.159 0.6999999881
97361  -51.590  28.176  9.789 0.6000000238
97339  -52.525  27.508  11.497 0.6000000238
150790  -54.456  27.381  12.865 0.6000000238
96532  -55.732  27.017  14.209 0.6000000238
96523  -56.112  26.782  14.936 0.5000000000
97397  -52.670  28.059  6.802 0.6999999881
97374  -52.998  28.354  8.157 0.6999999881
97350  -53.841  27.928  10.585 0.6000000238
134702  -54.020  27.583  12.030 0.6000000238
97331  -54.976  27.508  12.488 0.6000000238
131651  -52.895  27.770  6.030 0.6999999881
97398  -53.524  28.026  6.620 0.6000000238
97375  -54.263  28.281  8.219 0.6000000238
129503  -54.851  28.020  9.579 0.6000000238
135041  -54.204  27.608  4.962 0.6000000238
97411  -54.833  27.812  5.621 0.6000000238
146954  -55.230  28.234  6.944 0.6000000238
128851  -52.813  29.739  -0.008 0.6999999881
98205  -57.956  27.930  -1.158 0.5000000000
97450  -59.905  27.390  3.480 0.4000000060
146137  -59.729  27.282  -0.567 0.5000000000
96654  -60.128  26.594  -0.299 0.5000000000
96631  -60.011  26.402  1.414 0.5000000000
96598  -60.133  27.170  2.815 0.4000000060
97431  -60.188  27.858  4.014 0.4000000060
97451  -60.452  27.578  3.174 0.5000000000
98943  -60.327  29.162  5.078 0.5000000000
90123  -50.572  18.514  -2.352 0.3000000119
91070  -48.460  19.179  -1.682 0.3000000119
91071  -49.236  19.008  -2.152 0.3000000119
94924  -46.490  24.296  11.170 0.8000000119
91936  -44.650  21.177  0.850 0.6999999881
91937  -45.107  20.412  0.948 0.5000000000
94167  -43.692  22.930  2.685 0.6999999881
93476  -43.511  22.394  3.467 0.6999999881
92768  -43.608  22.017  2.637 0.6999999881
95721  -45.348  25.442  7.512 0.8000000119
94941  -44.461  24.771  6.404 0.8000000119
94945  -44.232  24.546  5.674 0.6999999881
95715  -46.430  25.496  9.718 0.8000000119
94111  -49.743  23.512  15.273 0.8000000119
95698  -48.657  24.904  13.387 0.8000000119
95707  -47.499  25.256  11.497 0.8000000119
95716  -46.896  25.536  10.324 0.8000000119
93397  -51.160  22.814  16.266 0.6999999881
94112  -50.342  23.552  15.844 0.6999999881
95691  -49.586  24.838  14.549 0.8000000119
94877  -50.901  23.745  16.432 0.6999999881
95676  -50.529  24.938  15.577 0.8000000119
146143  -50.810  25.689  14.465 0.6999999881
95655  -50.930  24.664  16.238 0.6999999881
95677  -51.193  25.334  15.744 0.8000000119
96520  -52.296  26.273  14.355 0.6999999881
130629  -54.147  26.530  15.055 0.6999999881
96506  -55.065  26.393  15.696 0.6999999881
96521  -53.224  26.485  14.662 0.6000000238
96531  -54.936  27.061  14.050 0.6000000238
97325  -57.005  27.151  13.693 0.5000000000
144859  -57.623  27.312  13.369 0.5000000000
97344  -57.726  27.584  11.962 0.5000000000
133168  -59.611  29.602  8.256 0.3000000119
98926  -59.937  29.316  6.740 0.4000000060
99710  -60.013  30.115  6.243 0.4000000060
98150  -59.527  28.748  7.132 0.4000000060
98154  -59.724  28.701  6.260 0.4000000060
98996  -54.592  29.344  0.508 0.5000000000
97430  -59.580  27.702  4.308 0.5000000000
98156  -59.975  28.569  5.412 0.4000000060
143328  -60.196  29.899  5.499 0.3000000119
137459  -56.654  28.632  0.093 0.5000000000
97471  -60.247  27.104  -0.213 0.4000000060
97465  -60.483  27.337  1.617 0.4000000060
97458  -60.466  27.316  2.342 0.5000000000
98171  -60.709  28.282  3.526 0.5000000000
129508  -52.297  18.312  -2.122 0.3000000119
90107  -51.455  18.335  -1.647 0.3000000119
90125  -53.303  18.315  -2.406 0.3000000119
129146  -49.882  18.590  -1.811 0.3000000119
129771  -52.391  18.255  -3.053 0.3000000119
94148  -43.730  23.537  6.563 0.6000000238
92758  -43.862  21.195  2.943 0.6000000238
91032  -45.829  19.787  0.669 0.5000000000
90105  -49.272  18.690  -1.328 0.3000000119
90124  -51.529  18.369  -2.664 0.3000000119
151795  -46.051  24.269  10.656 0.8000000119
94933  -44.720  24.265  8.689 0.8000000119
94937  -44.104  24.219  6.955 0.8000000119
92757  -43.507  21.915  4.126 0.6999999881
91069  -47.589  19.521  -1.480 0.5000000000
130003  -51.156  21.324  13.442 0.6000000238
93433  -48.863  22.523  13.675 0.8000000119
94934  -45.295  24.880  8.876 0.6999999881
92769  -43.961  21.428  2.061 0.6999999881
91053  -46.570  19.821  -0.732 0.5000000000
93434  -49.770  22.189  13.983 0.8000000119
94920  -46.888  23.976  11.884 0.8000000119
95714  -45.754  24.909  9.623 0.8000000119
94156  -43.614  23.471  4.543 0.6999999881
95711  -46.990  25.144  10.972 0.8000000119
94905  -48.801  23.660  14.258 0.8000000119
94922  -48.027  24.530  12.967 0.8000000119
95719  -45.995  25.555  8.935 0.8000000119
93414  -51.610  21.879  15.829 0.6999999881
93413  -50.466  22.681  15.363 0.6999999881
95702  -47.711  24.973  12.188 0.8000000119
139805  -52.020  21.046  16.440 0.6999999881
92644  -52.023  20.899  18.280 0.6999999881
147394  -52.122  21.924  16.889 0.6999999881
136410  -52.739  21.980  18.410 0.6999999881
94091  -52.818  22.942  18.352 0.6999999881
95644  -52.242  24.577  17.316 0.6999999881
95657  -52.568  25.366  16.774 0.6999999881
95658  -53.571  25.623  17.036 0.6999999881
96485  -54.226  26.049  16.383 0.6999999881
94868  -52.873  24.003  18.114 0.6999999881
94869  -53.722  24.348  18.471 0.6000000238
95634  -54.590  24.680  18.807 0.6999999881
155423  -55.094  26.095  16.586 0.6999999881
134500  -56.462  26.391  16.281 0.5000000000
96509  -57.349  26.824  15.246 0.5000000000
131706  -58.386  27.607  13.394 0.4000000060
153364  -59.132  28.754  12.571 0.4000000060
97345  -58.421  27.682  11.929 0.4000000060
98142  -59.316  28.562  11.165 0.4000000060
98921  -59.580  29.076  8.836 0.3000000119
99704  -59.610  30.233  7.592 0.3000000119
100533  -59.435  31.135  6.201 0.3000000119
145494  -60.970  30.453  2.064 0.2000000030
98955  -60.628  29.207  4.177 0.4000000060
98184  -56.651  28.960  1.539 0.3000000119
98185  -57.687  28.654  1.329 0.3000000119
98179  -59.022  28.762  1.701 0.3000000119
98187  -59.942  28.336  1.152 0.3000000119
98188  -60.567  28.198  1.377 0.3000000119
98189  -60.856  28.556  1.801 0.4000000060
99745  -60.667  30.246  3.760 0.2000000030
142451  -57.804  28.349  0.574 0.4000000060
98196  -59.584  27.765  0.346 0.4000000060
98180  -61.047  28.523  2.037 0.3000000119
98956  -60.970  29.260  3.245 0.4000000060
144670  -60.355  27.305  0.914 0.4000000060
97459  -60.908  27.862  2.104 0.4000000060
92683  -50.759  21.735  13.841 0.6999999881
94132  -48.339  23.205  13.617 0.8000000119
90872  -50.517  20.245  16.657 0.6999999881
92674  -51.749  21.204  15.237 0.6999999881
93420  -49.027  22.872  14.246 0.8000000119
91803  -51.499  20.490  16.728 0.6999999881
93421  -50.577  22.125  14.546 0.6999999881
91789  -51.052  20.707  17.994 0.6000000238
93370  -50.255  21.993  18.797 0.4000000060
93380  -50.746  21.476  18.688 0.5000000000
92613  -51.460  21.478  19.090 0.5000000000
92615  -52.577  21.861  19.470 0.6000000238
93382  -53.160  22.291  19.634 0.6000000238
94074  -53.648  22.953  20.183 0.5000000000
94860  -54.822  24.340  19.622 0.5000000000
95636  -56.014  25.371  18.969 0.4000000060
96476  -56.929  26.218  17.538 0.3000000119
148210  -57.799  26.931  16.516 0.4000000060
98137  -58.943  28.054  13.665 0.4000000060
131581  -58.521  30.115  11.203 0.3000000119
97282  -57.319  26.523  17.979 0.3000000119
145670  -57.622  26.949  17.534 0.3000000119
98910  -58.995  29.570  11.385 0.3000000119
98918  -59.497  29.237  9.708 0.3000000119
146837  -59.392  30.205  8.320 0.3000000119
94843  -50.285  23.677  19.517 0.4000000060
94073  -51.703  23.158  20.258 0.4000000060
94064  -53.011  23.077  20.601 0.5000000000
94834  -53.126  23.894  20.794 0.4000000060
95611  -54.338  25.300  20.826 0.3000000119
96443  -55.054  25.893  20.675 0.3000000119
97283  -57.392  27.086  18.378 0.3000000119
97307  -58.197  27.650  15.953 0.4000000060
98904  -58.710  28.724  13.910 0.3000000119
99691  -57.952  30.268  11.781 0.3000000119
99694  -57.040  30.920  10.567 0.3000000119
145366  -51.158  24.946  20.037 0.4000000060
97248  -51.694  27.021  19.512 0.1000000015
94844  -51.024  23.913  20.026 0.4000000060
95609  -52.681  25.236  20.610 0.3000000119
97240  -54.183  26.738  20.423 0.1000000015
97251  -54.770  27.429  20.107 0.2000000030
145256  -53.156  24.609  20.832 0.3000000119
95610  -53.467  25.210  20.829 0.3000000119
97241  -55.036  26.658  20.484 0.3000000119
97253  -56.570  27.207  19.622 0.3000000119
98100  -57.897  28.532  16.756 0.3000000119
98903  -58.190  29.596  13.571 0.3000000119
99688  -57.107  30.444  12.374 0.3000000119
97249  -52.619  27.229  19.658 0.1000000015
97269  -52.867  27.901  19.187 0.2000000030
98071  -53.810  28.266  19.221 0.1000000015
98073  -55.651  28.883  19.312 0.2000000030
98835  -56.130  29.939  18.927 0.2000000030
96454  -53.263  26.688  20.253 0.1000000015
98072  -54.725  28.634  19.248 0.2000000030
98836  -56.750  29.866  18.892 0.2000000030
98060  -56.141  28.077  19.615 0.3000000119
98837  -57.143  29.816  18.439 0.3000000119
154956  -57.565  30.326  15.674 0.3000000119
128888  -53.104  28.515  18.676 0.2000000030
98834  -55.029  29.470  18.638 0.2000000030
97342  -55.490  27.605  12.061 0.6000000238
129801  -55.526  27.789  11.228 0.6999999881
129493  -55.072  28.261  7.768 0.6000000238
144143  -56.548  26.970  14.335 0.3000000119
142637  -51.092  26.722  2.900 0.8000000119
142089  -49.868  26.578  2.578 0.8000000119
96589  -50.341  26.930  3.198 0.8000000119
97355  -58.587  28.029  10.506 0.4000000060
97444  -53.510  27.018  3.451 0.6000000238
96606  -49.148  26.467  2.401 0.8000000119
96587  -48.576  26.661  3.080 0.8000000119
94186  -45.050  23.471  -1.766 0.8000000119
94197  -46.240  23.396  -3.600 0.6999999881
94202  -46.574  23.805  -4.422 0.6999999881
95007  -46.824  24.833  -5.778 0.6999999881
95747  -45.923  25.339  2.382 0.6999999881
95858  -46.326  25.693  -5.951 0.6999999881
97548  -46.479  27.853  -9.844 0.6000000238
96722  -45.177  27.364  -9.952 0.6000000238
98146  -59.331  28.647  9.356 0.4000000060
99014  -55.355  29.121  -0.988 0.6000000238
99003  -53.749  29.558  -0.087 0.6000000238
98153  -59.341  28.453  6.470 0.4000000060
97346  -59.012  27.972  11.626 0.4000000060
97476  -59.157  27.122  -1.360 0.5000000000
98204  -56.888  28.486  -0.813 0.5000000000
88236  -56.312  17.032  -6.795 0.2000000030
88247  -55.720  17.397  -7.273 0.2000000030
90189  -55.214  18.455  -7.908 0.2000000030
89211  -55.503  17.915  -7.660 0.2000000030
88237  -57.235  16.948  -6.217 0.2000000030
90190  -56.018  18.524  -7.663 0.2000000030
92843  -50.056  21.387  -8.865 0.3000000119
134178  -53.083  21.479  -8.690 0.3000000119
154698  -59.032  17.660  -4.734 0.3000000119
88224  -58.036  17.010  -5.556 0.2000000030
90153  -44.919  19.047  -4.386 0.1000000015
130021  -46.202  18.470  -4.902 0.1000000015
91131  -55.956  19.408  -7.328 0.2000000030
91998  -48.199  20.557  -7.608 0.3000000119
92004  -48.884  20.442  -8.140 0.3000000119
92000  -54.445  21.006  -7.904 0.2000000030
92842  -49.138  21.584  -8.522 0.3000000119
92851  -50.604  22.641  -9.313 0.4000000060
92847  -53.723  21.306  -8.428 0.3000000119
92852  -51.280  22.670  -9.169 0.4000000060
91110  -58.384  18.652  -5.210 0.3000000119
91986  -46.862  20.585  -6.536 0.3000000119
91996  -46.485  21.390  -6.725 0.3000000119
92836  -47.348  21.461  -7.320 0.3000000119
148197  -47.367  22.306  -7.766 0.3000000119
153057  -49.071  22.742  -8.899 0.3000000119
94224  -46.144  23.582  -7.927 0.3000000119
94240  -50.184  24.967  -9.579 0.6000000238
94241  -50.684  24.717  -9.276 0.5000000000
93554  -51.011  23.672  -9.289 0.4000000060
93539  -52.020  23.085  -8.108 0.4000000060
94234  -51.232  24.025  -8.806 0.4000000060
94242  -51.179  24.188  -9.039 0.4000000060
92806  -48.582  21.368  -4.051 0.4000000060
91094  -48.930  20.084  -3.440 0.3000000119
91118  -52.972  19.745  -5.790 0.2000000030
93511  -47.428  22.138  -3.596 0.6999999881
93517  -48.641  22.038  -4.658 0.5000000000
91979  -51.865  20.714  -5.900 0.2000000030
91981  -53.598  20.476  -6.513 0.2000000030
92813  -50.525  21.172  -5.467 0.4000000060
94203  -47.425  23.281  -4.789 0.6999999881
93525  -49.901  22.329  -5.861 0.5000000000
93526  -50.685  22.257  -6.302 0.4000000060
93532  -51.969  22.750  -7.542 0.4000000060
137394  -49.611  24.945  -9.744 0.4000000060
94239  -48.855  24.808  -9.794 0.5000000000
94226  -50.959  23.908  -7.745 0.4000000060
94231  -46.144  24.237  -8.484 0.3000000119
142845  -47.601  25.306  -10.553 0.5000000000
95030  -50.140  25.418  -9.548 0.6000000238
95032  -51.045  24.334  -8.830 0.5000000000
95022  -50.543  25.159  -8.938 0.6000000238
95039  -50.326  25.298  -9.442 0.6000000238
150558  -51.443  23.686  -8.501 0.4000000060
95028  -45.956  24.977  -9.280 0.5000000000
95037  -46.617  25.364  -10.406 0.6000000238
152486  -48.179  25.726  -10.891 0.5000000000
95893  -49.303  25.986  -10.013 0.6000000238
95884  -49.730  25.711  -9.675 0.6000000238
143488  -45.475  25.397  -9.536 0.6000000238
95898  -48.121  26.669  -10.971 0.6000000238
95897  -47.297  26.712  -11.309 0.6000000238
95873  -47.998  26.186  -8.135 0.6999999881
97556  -46.500  27.578  -10.442 0.6000000238
96723  -45.790  27.054  -10.520 0.6000000238
97549  -47.296  27.555  -10.273 0.6999999881
151310  -49.361  24.620  -7.316 0.6000000238
95015  -47.558  25.053  -6.605 0.6999999881
95016  -48.426  24.800  -6.941 0.6000000238
94225  -50.366  24.464  -7.803 0.5000000000
95864  -46.667  26.033  -6.722 0.6999999881
95865  -47.383  25.715  -7.096 0.6999999881
95866  -48.284  25.505  -7.523 0.6999999881
95740  -45.671  25.347  3.373 0.6999999881
96571  -47.779  26.991  5.350 0.6999999881
131202  -46.818  26.478  6.975 0.8000000119
95741  -46.437  25.791  3.117 0.6999999881
96577  -47.481  26.722  4.567 0.8000000119
97440  -49.734  27.258  3.871 0.8000000119
97422  -50.148  27.504  4.601 0.6999999881
96560  -48.094  26.987  7.152 0.6999999881
96566  -48.123  27.131  6.232 0.6999999881
140058  -48.971  27.449  6.056 0.6999999881
97407  -49.629  27.584  5.476 0.6999999881
97442  -51.998  27.094  3.897 0.6999999881
97423  -51.187  27.433  4.488 0.6999999881
97408  -50.642  27.650  5.336 0.6999999881
91040  -54.385  19.626  0.756 0.3000000119
91930  -53.308  20.373  1.969 0.3000000119
97395  -50.399  27.873  6.647 0.6999999881
97396  -51.263  28.084  6.783 0.6999999881
97424  -52.195  27.369  4.768 0.6999999881
130740  -51.999  27.826  6.255 0.6999999881
90094  -54.352  19.041  -0.658 0.3000000119
91059  -55.744  19.265  -0.214 0.3000000119
90127  -55.096  18.423  -2.834 0.3000000119
96551  -48.660  26.676  9.816 0.6999999881
97372  -51.501  28.394  8.834 0.6999999881
97371  -50.614  28.067  8.890 0.6999999881
97373  -52.336  28.428  8.438 0.6999999881
97410  -53.147  27.501  5.055 0.6000000238
96632  -60.256  26.719  1.081 0.5000000000
95708  -48.231  25.698  11.630 0.8000000119
96545  -49.192  26.643  10.445 0.6999999881
95709  -48.983  25.829  12.166 0.6999999881
95703  -48.423  25.299  12.553 0.8000000119
96527  -50.757  25.947  13.620 0.6999999881
95700  -50.099  25.501  14.111 0.8000000119
95699  -49.362  25.230  13.770 0.8000000119
96546  -50.123  26.984  10.613 0.6999999881
96540  -50.417  26.637  11.652 0.6999999881
96535  -50.782  26.342  12.674 0.6999999881
97360  -50.308  27.579  9.709 0.6999999881
97338  -51.869  27.392  11.332 0.6000000238
134701  -50.932  27.641  10.267 0.6999999881
129901  -51.736  26.703  12.732 0.6999999881
96528  -51.362  26.307  13.300 0.6999999881
96542  -52.189  27.149  12.071 0.6999999881
134004  -52.329  28.245  10.005 0.6999999881
97349  -52.459  27.849  10.818 0.6000000238
97329  -53.024  27.402  12.079 0.6000000238
96536  -52.726  26.964  12.919 0.6000000238
96529  -52.077  26.507  13.523 0.6999999881
97330  -53.686  27.282  12.810 0.6000000238
128757  -54.057  26.931  14.221 0.6000000238
97341  -54.777  27.722  11.594 0.6000000238
130028  -55.652  26.627  15.247 0.6000000238
96507  -56.128  26.533  15.651 0.6000000238
152845  -56.537  26.666  15.333 0.5000000000
97385  -53.196  28.218  7.379 0.6999999881
129500  -52.890  28.369  9.135 0.6999999881
129499  -53.570  28.299  8.635 0.6000000238
129800  -54.047  28.016  9.883 0.6000000238
148740  -53.839  27.811  5.791 0.6000000238
97386  -54.186  28.236  7.311 0.6000000238
97399  -54.517  28.051  6.412 0.6000000238
98203  -56.042  28.848  -0.357 0.5000000000
99005  -55.293  29.133  0.081 0.5000000000
97470  -58.600  27.833  -0.200 0.5000000000
129049  -57.443  28.307  -0.077 0.4000000060
94134  -47.152  23.371  12.232 0.8000000119
95710  -46.297  24.859  10.393 0.8000000119
91926  -44.888  20.116  1.897 0.5000000000
94155  -43.390  22.993  5.221 0.6000000238
135204  -44.647  24.833  7.287 0.8000000119
154108  -43.558  23.491  5.873 0.6999999881
95675  -49.916  24.390  15.346 0.8000000119
94918  -48.935  24.484  14.133 0.8000000119
94120  -49.352  23.296  14.743 0.8000000119
94098  -51.633  23.053  17.030 0.6999999881
96519  -51.472  26.080  14.027 0.6999999881
94867  -52.204  23.547  17.614 0.6999999881
95656  -51.638  25.070  16.538 0.6999999881
95678  -52.060  25.654  15.887 0.8000000119
96504  -52.587  26.071  15.189 0.6000000238
96530  -52.965  26.718  13.853 0.6000000238
96505  -53.408  26.271  15.314 0.6999999881
96522  -55.135  26.750  14.763 0.6999999881
96486  -55.850  26.243  16.415 0.6999999881
96525  -57.223  26.957  14.495 0.3000000119
97326  -57.743  27.195  14.006 0.5000000000
99701  -59.353  29.861  9.060 0.3000000119
98195  -57.009  28.619  0.746 0.4000000060
98194  -56.059  28.908  0.748 0.4000000060
98197  -60.277  27.512  0.580 0.4000000060
92744  -43.931  21.177  3.894 0.5000000000
94930  -45.159  24.261  9.460 0.8000000119
94131  -47.701  23.255  12.887 0.8000000119
91817  -51.658  20.539  15.661 0.6999999881
91791  -51.913  20.810  17.416 0.6999999881
94090  -52.368  22.481  17.688 0.6999999881
91782  -51.550  20.917  18.330 0.6000000238
92632  -51.805  21.161  18.785 0.6999999881
94083  -53.209  22.397  19.028 0.6999999881
95645  -53.112  24.920  17.656 0.6999999881
95646  -54.071  25.213  17.947 0.6999999881
95659  -54.574  25.750  17.260 0.6999999881
94084  -53.733  22.932  19.591 0.6000000238
94859  -54.183  23.784  19.310 0.6000000238
95647  -55.014  25.447  18.119 0.5000000000
95648  -55.869  25.652  18.126 0.5000000000
96475  -56.336  26.135  17.165 0.4000000060
96508  -56.848  26.576  15.720 0.4000000060
96477  -57.332  26.555  17.000 0.3000000119
97319  -57.821  27.119  14.728 0.5000000000
98135  -58.754  27.978  14.386 0.4000000060
150343  -59.068  28.193  12.916 0.4000000060
148071  -58.908  29.042  12.980 0.4000000060
98972  -61.041  29.326  2.399 0.3000000119
98186  -58.791  28.431  1.259 0.4000000060
94071  -50.088  22.770  19.167 0.5000000000
92630  -49.963  21.617  18.299 0.4000000060
94072  -50.952  22.887  19.714 0.4000000060
149520  -52.380  22.030  19.811 0.5000000000
94066  -54.177  23.789  20.466 0.5000000000
94847  -54.804  24.280  20.173 0.4000000060
95635  -55.369  25.063  18.950 0.4000000060
95649  -56.483  25.854  18.209 0.3000000119
94837  -55.289  24.937  20.271 0.3000000119
95613  -56.227  26.021  19.904 0.3000000119
97320  -58.331  27.480  14.951 0.4000000060
98895  -58.583  28.593  14.529 0.4000000060
98914  -58.939  29.865  10.722 0.3000000119
98907  -58.071  29.893  12.686 0.3000000119
96456  -56.690  26.427  19.385 0.3000000119
143520  -57.465  27.749  18.148 0.4000000060
142613  -50.411  24.695  19.616 0.3000000119
94833  -52.452  23.546  20.581 0.4000000060
94835  -53.819  24.355  20.867 0.3000000119
142925  -54.501  26.098  20.707 0.3000000119
96455  -56.254  26.699  19.968 0.3000000119
97271  -56.982  27.787  19.061 0.3000000119
98117  -58.184  28.686  15.851 0.4000000060
143039  -58.275  29.082  15.093 0.3000000119
99690  -57.043  30.659  11.436 0.2000000030
96453  -50.673  26.577  19.361 0.2000000030
96440  -52.029  26.073  20.053 0.2000000030
95608  -51.908  25.152  20.361 0.3000000119
138852  -52.477  26.594  20.000 0.1000000015
97250  -53.701  27.489  19.810 0.1000000015
97252  -55.737  27.278  20.099 0.3000000119
98869  -57.797  29.695  15.825 0.3000000119
98846  -57.522  29.713  17.452 0.3000000119
98088  -57.512  28.668  17.794 0.3000000119
99672  -57.672  30.041  15.031 0.3000000119
131145  -56.469  28.923  19.214 0.3000000119
98074  -57.046  28.786  18.661 0.3000000119
88162  -60.920  16.523  2.755 0.2000000030
87240  -60.552  15.593  2.483 0.2000000030
87239  -60.293  15.469  2.058 0.2000000030
86336  -60.122  15.472  1.800 0.2000000030
133436  -61.222  17.626  2.344 0.2000000030
88170  -60.854  16.443  1.887 0.2000000030
150116  -60.595  16.063  1.681 0.2000000030
88177  -60.543  16.425  0.363 0.2000000030
139883  -61.479  18.944  3.874 0.2000000030
89139  -61.198  17.737  3.282 0.2000000030
144126  -61.165  17.220  1.315 0.2000000030
87253  -60.322  15.937  1.217 0.2000000030
87265  -60.128  16.172  0.380 0.2000000030
87264  -59.566  15.990  0.393 0.2000000030
87263  -58.802  15.961  -0.009 0.2000000030
87276  -58.793  16.024  -0.861 0.2000000030
87275  -58.087  15.734  -0.480 0.1000000015
87290  -58.701  15.985  -1.629 0.2000000030
137326  -57.313  15.477  -1.108 0.2000000030
150144  -58.212  15.749  -1.202 0.2000000030
141265  -56.308  15.262  -1.008 0.2000000030
141973  -57.473  15.460  -2.125 0.2000000030
90972  -61.194  20.314  5.023 0.2000000030
91889  -61.050  20.633  5.736 0.2000000030
90984  -61.378  20.113  3.989 0.2000000030
90047  -61.450  19.827  4.429 0.2000000030
90038  -61.409  20.000  5.312 0.2000000030
140660  -61.446  18.691  3.059 0.2000000030
88169  -60.737  16.395  1.098 0.2000000030
88184  -60.331  16.505  -0.397 0.2000000030
87278  -59.877  16.294  -0.426 0.2000000030
87277  -59.451  16.298  -1.236 0.2000000030
87298  -55.065  14.950  -2.220 0.1000000015
87287  -55.594  15.091  -1.440 0.1000000015
87289  -58.043  15.651  -1.725 0.2000000030
86364  -54.242  14.714  -1.898 0.1000000015
87299  -56.046  15.133  -2.527 0.1000000015
87300  -56.888  15.290  -2.523 0.2000000030
85479  -53.424  13.908  -4.051 0.1000000015
86377  -53.971  14.360  -3.469 0.1000000015
84581  -51.948  13.152  -4.803 0.1000000015
90964  -60.820  20.716  5.761 0.2000000030
90983  -61.161  20.317  4.160 0.2000000030
130901  -60.778  20.424  3.939 0.2000000030
91002  -61.513  19.976  3.137 0.2000000030
91904  -61.321  20.218  3.501 0.2000000030
146468  -61.511  19.283  2.712 0.2000000030
91920  -61.310  20.197  2.775 0.2000000030
151953  -61.434  18.566  2.484 0.2000000030
89148  -61.407  18.505  1.787 0.2000000030
88178  -61.075  16.946  0.403 0.2000000030
134190  -60.582  16.859  -1.076 0.2000000030
89160  -61.141  17.583  -0.198 0.2000000030
88183  -60.099  16.530  -1.134 0.2000000030
152160  -58.815  16.157  -2.739 0.2000000030
151089  -54.716  14.677  -3.516 0.1000000015
86372  -55.291  14.965  -3.117 0.1000000015
87307  -56.116  15.178  -3.471 0.1000000015
135535  -57.543  15.546  -3.027 0.2000000030
85497  -52.671  13.595  -5.003 0.1000000015
85489  -53.358  13.948  -4.676 0.1000000015
85480  -53.993  14.262  -4.384 0.1000000015
85488  -52.671  13.535  -4.473 0.1000000015
90046  -60.259  20.183  4.707 0.2000000030
91903  -61.065  20.427  3.216 0.2000000030
149519  -60.769  20.262  1.885 0.2000000030
91027  -61.423  19.632  2.047 0.2000000030
91046  -61.157  19.483  0.849 0.2000000030
90073  -61.384  18.919  1.040 0.2000000030
89159  -60.896  17.418  -0.891 0.2000000030
90084  -61.178  18.564  0.046 0.2000000030
89165  -60.648  17.509  -1.596 0.2000000030
88194  -60.349  16.877  -1.762 0.2000000030
87302  -59.183  16.285  -2.225 0.2000000030
88201  -59.128  16.388  -2.976 0.2000000030
87301  -58.435  16.070  -3.237 0.2000000030
144767  -56.735  15.281  -3.090 0.1000000015
86379  -55.337  14.846  -3.993 0.1000000015
86396  -52.503  14.018  -5.454 0.1000000015
85496  -50.810  13.337  -5.744 0.1000000015
86395  -51.606  14.080  -5.780 0.1000000015
86406  -50.407  14.699  -6.151 0.1000000015
87328  -50.005  15.452  -6.275 0.1000000015
88144  -55.385  16.426  4.372 0.2000000030
88154  -55.114  16.984  3.645 0.2000000030
88153  -54.239  16.927  3.524 0.2000000030
131980  -57.530  17.774  7.188 0.2000000030
138625  -47.312  17.821  6.040 0.2000000030
89134  -54.863  17.836  3.313 0.2000000030
90023  -48.382  18.900  6.183 0.2000000030
90953  -49.920  20.102  6.547 0.2000000030
90961  -50.184  19.751  5.801 0.2000000030
90962  -51.044  20.251  5.599 0.2000000030
90967  -51.341  19.793  4.927 0.2000000030
90969  -52.536  20.006  4.257 0.2000000030
148005  -53.013  19.719  3.818 0.2000000030
143315  -54.171  18.453  3.359 0.2000000030
90045  -59.302  19.033  5.125 0.2000000030
91873  -50.523  20.852  7.024 0.2000000030
90954  -50.791  20.630  6.299 0.2000000030
92742  -51.397  21.401  5.581 0.2000000030
91887  -51.831  21.037  5.196 0.2000000030
91888  -52.316  20.780  4.519 0.2000000030
90970  -52.821  20.317  3.939 0.2000000030
145152  -54.081  19.221  3.339 0.2000000030
90979  -54.277  19.542  3.029 0.2000000030
92722  -50.466  21.972  7.562 0.2000000030
93458  -50.523  22.107  7.014 0.2000000030
93465  -50.658  22.066  6.579 0.2000000030
92730  -49.480  22.060  6.278 0.2000000030
92750  -51.191  21.690  5.172 0.2000000030
92751  -51.861  21.270  4.795 0.2000000030
91899  -52.420  21.091  3.775 0.2000000030
91917  -52.737  20.781  3.182 0.2000000030
91901  -53.101  20.361  3.427 0.2000000030
91902  -53.787  20.068  2.928 0.2000000030
92739  -48.845  21.671  5.664 0.2000000030
92748  -49.389  21.586  5.048 0.2000000030
92759  -50.171  21.520  4.431 0.2000000030
92760  -51.227  21.490  4.179 0.2000000030
91916  -52.132  21.157  3.144 0.2000000030
92747  -48.213  21.176  4.860 0.2000000030
91885  -47.996  20.571  4.026 0.2000000030
91896  -49.418  20.876  3.574 0.2000000030
91897  -50.375  21.145  3.474 0.2000000030
150352  -52.347  20.781  2.443 0.2000000030
134977  -48.593  20.552  3.586 0.2000000030
91913  -48.811  20.257  2.962 0.2000000030
88209  -58.906  16.472  -3.571 0.2000000030
87310  -58.389  16.334  -4.023 0.2000000030
87309  -57.749  15.875  -3.854 0.1000000015
86385  -54.701  14.639  -4.550 0.1000000015
86386  -55.561  15.172  -4.779 0.1000000015
87314  -56.262  15.366  -4.235 0.1000000015
87308  -56.953  15.484  -3.734 0.1000000015
87316  -57.849  16.223  -4.468 0.1000000015
85504  -50.820  14.144  -6.004 0.1000000015
87329  -50.615  15.630  -6.482 0.1000000015
88222  -49.184  16.362  -5.805 0.1000000015
89120  -58.493  18.156  5.675 0.2000000030
88155  -55.949  16.989  3.919 0.2000000030
89112  -58.340  18.390  6.656 0.2000000030
89128  -58.500  18.062  4.729 0.2000000030
90022  -47.608  18.518  6.408 0.2000000030
90951  -48.099  19.222  6.932 0.2000000030
89135  -55.757  17.656  3.358 0.2000000030
134676  -59.238  18.929  4.154 0.2000000030
88108  -44.422  16.331  9.297 0.3000000119
88116  -44.965  16.778  8.742 0.3000000119
89102  -46.018  17.723  7.778 0.2000000030
90016  -47.352  18.730  7.141 0.2000000030
90944  -47.952  19.262  7.696 0.2000000030
90946  -49.687  20.277  7.311 0.2000000030
90052  -54.757  18.884  3.127 0.2000000030
90056  -59.822  19.948  3.591 0.2000000030
90008  -46.555  18.244  8.321 0.2000000030
90009  -47.247  18.729  8.002 0.2000000030
90945  -48.759  19.713  7.510 0.2000000030
91868  -50.466  21.550  8.053 0.2000000030
93457  -50.068  22.274  7.367 0.2000000030
93464  -50.116  22.232  6.738 0.2000000030
90980  -55.057  19.294  2.604 0.2000000030
90981  -59.451  19.823  2.809 0.2000000030
93455  -49.414  22.266  7.783 0.2000000030
92720  -48.471  21.992  7.360 0.3000000119
92729  -48.438  21.811  6.450 0.2000000030
92738  -47.808  21.400  5.673 0.2000000030
91000  -59.647  20.056  2.251 0.2000000030
141570  -47.389  20.613  4.476 0.2000000030
90996  -50.074  20.234  2.241 0.2000000030
138801  -50.455  20.761  2.797 0.2000000030
154153  -52.879  20.580  2.435 0.2000000030
90982  -60.295  20.322  3.035 0.2000000030
91895  -47.803  19.995  3.157 0.2000000030
91018  -52.315  20.043  1.264 0.2000000030
91038  -52.744  19.643  0.659 0.2000000030
91039  -53.558  19.699  0.707 0.2000000030
129192  -46.964  20.092  3.803 0.2000000030
90995  -49.186  19.909  2.309 0.2000000030
91015  -49.616  19.583  1.690 0.2000000030
91036  -50.959  19.147  0.927 0.2000000030
91037  -51.878  19.410  0.717 0.2000000030
90994  -48.246  19.664  2.325 0.2000000030
91013  -47.784  19.325  1.499 0.2000000030
91035  -49.994  19.087  1.090 0.2000000030
90082  -51.307  18.665  0.042 0.2000000030
90071  -48.538  19.120  0.987 0.2000000030
90090  -49.513  18.516  -0.402 0.2000000030
90091  -50.453  18.421  -0.547 0.2000000030
131080  -51.139  18.418  -0.843 0.2000000030
90080  -48.497  18.963  0.403 0.2000000030
146469  -49.914  18.441  -1.118 0.2000000030
90106  -50.549  18.397  -1.402 0.2000000030
133961  -48.801  18.710  -0.056 0.3000000119
91055  -47.999  19.146  -0.938 0.2000000030
86408  -52.344  14.701  -5.893 0.1000000015
85498  -53.287  14.131  -5.167 0.1000000015
86384  -54.033  14.361  -4.920 0.1000000015
150298  -54.766  14.888  -5.180 0.1000000015
87315  -57.137  15.851  -4.546 0.1000000015
86409  -53.191  15.112  -5.950 0.1000000015
155263  -54.475  15.126  -5.554 0.1000000015
86398  -55.058  15.522  -5.666 0.1000000015
87330  -51.381  15.826  -6.567 0.1000000015
86407  -51.335  14.937  -6.227 0.1000000015
89191  -47.879  17.355  -5.480 0.1000000015
88230  -50.095  16.329  -6.659 0.1000000015
89192  -48.713  17.192  -6.117 0.1000000015
88223  -49.664  16.273  -6.347 0.1000000015
88129  -55.623  16.195  6.665 0.2000000030
139775  -55.669  16.056  5.940 0.2000000030
88131  -57.027  16.826  5.822 0.2000000030
88145  -56.199  16.550  4.655 0.2000000030
88146  -57.006  16.800  4.955 0.2000000030
89126  -56.777  17.091  4.177 0.2000000030
89136  -56.450  17.459  3.604 0.2000000030
90055  -58.740  18.990  3.097 0.2000000030
88102  -44.612  16.296  10.396 0.3000000119
89078  -45.802  17.110  10.277 0.3000000119
150008  -55.676  18.567  2.860 0.2000000030
90053  -56.566  18.001  3.061 0.2000000030
90061  -56.655  18.749  2.488 0.2000000030
88109  -45.077  16.782  9.830 0.3000000119
89095  -46.020  17.750  8.722 0.3000000119
90002  -46.572  18.073  9.133 0.3000000119
90998  -55.887  19.250  2.199 0.2000000030
90928  -48.147  19.044  9.309 0.4000000060
136561  -49.807  20.418  8.950 0.4000000060
91861  -50.342  21.503  8.806 0.3000000119
92714  -48.496  22.005  8.271 0.3000000119
90997  -54.492  19.768  2.405 0.2000000030
146900  -55.210  19.577  2.026 0.2000000030
90999  -56.756  19.328  1.836 0.2000000030
90063  -58.664  19.528  2.227 0.2000000030
92719  -47.326  21.657  7.747 0.5000000000
92727  -46.498  21.318  6.316 0.2000000030
92737  -46.825  21.152  5.760 0.2000000030
91001  -60.561  20.347  2.416 0.2000000030
92726  -45.552  21.482  6.707 0.5000000000
128781  -45.869  21.125  5.903 0.3000000119
92746  -47.167  20.904  5.101 0.2000000030
92736  -45.132  20.938  5.342 0.3000000119
91884  -46.511  20.406  4.526 0.3000000119
91893  -45.091  20.099  3.590 0.3000000119
91894  -45.961  19.968  3.849 0.2000000030
91912  -44.889  19.993  2.757 0.3000000119
90993  -47.260  19.487  2.291 0.2000000030
91911  -44.345  20.639  2.406 0.4000000060
91011  -45.584  19.705  1.523 0.3000000119
131268  -47.110  19.272  0.963 0.2000000030
90089  -48.054  19.046  -0.133 0.2000000030
145170  -46.750  19.526  -0.152 0.4000000060
87323  -57.610  16.450  -5.179 0.1000000015
87331  -52.358  15.596  -6.360 0.1000000015
87332  -54.152  15.491  -5.994 0.1000000015
88233  -53.045  16.391  -6.749 0.1000000015
88234  -54.196  16.381  -6.652 0.1000000015
88241  -50.010  17.099  -7.062 0.1000000015
88231  -50.821  16.560  -6.881 0.1000000015
88232  -51.949  16.459  -6.784 0.1000000015
89199  -49.489  17.486  -7.052 0.1000000015
88242  -50.529  17.502  -7.268 0.1000000015
89205  -49.273  18.165  -7.423 0.1000000015
128746  -50.224  18.333  -7.602 0.1000000015
135006  -55.560  16.460  8.062 0.2000000030
89096  -56.665  17.415  8.515 0.2000000030
139329  -56.214  16.915  8.066 0.2000000030
89103  -56.779  17.282  7.676 0.2000000030
88123  -56.075  16.600  7.279 0.2000000030
88130  -56.283  16.450  6.318 0.2000000030
89110  -56.911  17.017  6.760 0.2000000030
89119  -57.768  17.361  5.298 0.2000000030
89127  -57.636  17.411  4.430 0.2000000030
89138  -58.261  18.086  3.832 0.2000000030
89137  -57.254  17.649  3.637 0.2000000030
89080  -47.478  17.489  10.914 0.4000000060
89995  -47.959  18.350  10.166 0.4000000060
90054  -57.570  18.335  3.020 0.2000000030
90929  -48.817  19.208  9.906 0.4000000060
90930  -49.760  20.073  9.764 0.5000000000
90062  -57.664  19.064  2.345 0.2000000030
130269  -57.747  19.498  1.618 0.2000000030
90939  -48.916  19.716  8.961 0.4000000060
91855  -50.246  20.874  9.276 0.4000000060
92710  -50.093  21.840  8.968 0.5000000000
92713  -47.355  21.671  8.795 0.5000000000
92712  -46.390  21.635  8.401 0.5000000000
92717  -45.140  21.887  7.595 0.5000000000
136172  -44.393  22.710  7.731 0.5000000000
92725  -44.507  22.054  6.942 0.5000000000
92735  -44.271  21.512  5.550 0.4000000060
93462  -43.947  22.148  6.225 0.5000000000
147823  -43.475  22.270  4.793 0.5000000000
90108  -52.910  18.471  -1.578 0.2000000030
88243  -51.561  17.250  -7.168 0.1000000015
88244  -52.695  17.137  -7.173 0.1000000015
89208  -52.371  17.937  -7.504 0.1000000015
89207  -51.233  18.116  -7.488 0.1000000015
92682  -49.425  21.983  13.149 0.6999999881
92691  -49.137  21.815  12.316 0.6999999881
93438  -47.528  22.766  12.441 0.6999999881
92699  -50.300  21.394  10.868 0.6000000238
92697  -49.099  21.727  11.421 0.6000000238
93441  -47.029  22.788  11.863 0.6000000238
94138  -45.983  23.630  10.756 0.6999999881
89996  -48.853  18.568  10.780 0.6000000238
90921  -50.187  20.003  10.719 0.6000000238
130989  -49.866  21.691  10.855 0.6000000238
92702  -47.379  21.895  10.703 0.6000000238
93444  -46.685  22.268  10.755 0.6000000238
94140  -44.824  23.629  9.171 0.6000000238
91024  -58.821  19.697  1.524 0.2000000030
91848  -50.240  20.720  10.013 0.5000000000
92704  -49.913  21.708  10.148 0.6000000238
92701  -46.959  21.756  9.943 0.5000000000
92711  -45.537  22.118  8.937 0.6000000238
94145  -44.440  23.491  8.348 0.6000000238
94938  -44.380  24.254  7.835 0.6000000238
152616  -44.571  22.892  8.365 0.6000000238
94149  -44.053  23.542  7.410 0.5000000000
91060  -56.708  19.321  -0.459 0.2000000030
93461  -43.888  22.783  6.864 0.5000000000
94152  -43.517  22.846  6.067 0.5000000000
90167  -47.725  18.570  -6.328 0.1000000015
90177  -47.970  19.165  -6.833 0.2000000030
90182  -48.704  19.107  -7.624 0.2000000030
91139  -50.029  19.023  -7.879 0.1000000015
90183  -49.174  18.747  -7.763 0.2000000030
135374  -45.298  21.609  -6.098 0.1000000015
91145  -49.226  19.714  -8.170 0.2000000030
91138  -49.455  19.106  -7.964 0.2000000030
149701  -44.163  22.085  -4.942 0.1000000015
93522  -44.350  22.837  -5.455 0.1000000015
92818  -44.606  21.361  -5.269 0.1000000015
131516  -44.502  22.012  -5.451 0.1000000015
92819  -45.061  21.518  -5.839 0.2000000030
92824  -44.937  21.968  -5.918 0.2000000030
92825  -45.283  22.100  -6.282 0.2000000030
94208  -44.237  23.883  -5.526 0.1000000015
93523  -44.834  22.602  -6.097 0.1000000015
93529  -45.219  22.569  -6.422 0.2000000030
150443  -45.429  23.119  -6.903 0.2000000030
93530  -45.517  22.762  -6.783 0.2000000030
98208  -41.444  28.248  -1.821 0.1000000015
97492  -40.254  27.325  -3.002 0.1000000015
98216  -40.523  27.763  -3.095 0.1000000015
96685  -39.828  26.868  -4.078 0.1000000015
94201  -43.912  23.634  -4.765 0.1000000015
94209  -44.644  23.617  -6.295 0.1000000015
94216  -45.125  23.222  -6.692 0.1000000015
94222  -45.356  23.775  -7.365 0.2000000030
98202  -42.187  28.675  -0.846 0.1000000015
97506  -39.765  27.283  -3.790 0.1000000015
98230  -39.859  27.668  -4.105 0.2000000030
95000  -43.722  24.979  -4.921 0.1000000015
95006  -44.214  24.737  -5.946 0.1000000015
153591  -44.510  24.613  -6.725 0.1000000015
95014  -44.874  24.103  -7.128 0.2000000030
95019  -45.119  24.652  -7.919 0.2000000030
95027  -45.331  25.087  -8.795 0.4000000060
98992  -43.507  29.771  -0.020 0.2000000030
99000  -43.121  29.195  -0.802 0.2000000030
98209  -42.531  28.773  -1.656 0.2000000030
98217  -41.763  28.491  -2.640 0.2000000030
98231  -40.915  28.142  -3.775 0.2000000030
98218  -42.345  28.816  -3.345 0.2000000030
95871  -44.520  25.354  -7.480 0.3000000119
98993  -51.776  30.025  0.805 0.6000000238
144528  -50.695  30.465  0.823 0.6000000238
99786  -49.980  30.668  0.916 0.6000000238
99796  -44.167  30.163  -0.019 0.2000000030
99001  -44.118  29.672  -0.801 0.2000000030
141286  -43.488  29.213  -1.636 0.2000000030
98210  -42.865  28.942  -2.399 0.2000000030
151094  -43.111  29.084  -2.849 0.3000000119
96705  -44.344  26.475  -8.199 0.4000000060
95889  -45.477  26.053  -10.125 0.5000000000
95880  -44.752  25.570  -8.522 0.5000000000
95881  -45.042  25.822  -9.314 0.5000000000
98994  -52.438  29.781  0.893 0.5000000000
99773  -51.247  30.205  1.252 0.5000000000
98979  -51.952  29.943  1.641 0.4000000060
99772  -50.554  30.362  1.609 0.6000000238
134319  -51.253  30.230  2.289 0.5000000000
100589  -47.130  31.267  1.899 0.4000000060
99783  -44.557  30.660  0.416 0.2000000030
100613  -45.826  31.286  0.661 0.4000000060
99797  -44.784  30.302  -0.328 0.2000000030
99009  -44.356  29.595  -1.868 0.3000000119
139075  -44.539  26.483  -9.089 0.5000000000
98967  -55.313  29.636  2.483 0.3000000119
151764  -54.020  29.459  0.951 0.5000000000
98982  -54.720  29.429  1.613 0.3000000119
149786  -55.333  29.913  2.993 0.2000000030
98981  -53.781  29.592  1.781 0.3000000119
98966  -54.349  29.715  2.514 0.2000000030
98995  -53.265  29.586  0.920 0.4000000060
99759  -56.469  30.424  2.751 0.2000000030
98980  -52.830  29.749  1.894 0.3000000119
98953  -54.745  29.908  3.018 0.2000000030
99743  -55.027  30.363  3.241 0.2000000030
98952  -54.013  30.040  3.105 0.2000000030
99742  -54.447  30.335  3.286 0.2000000030
98963  -52.154  30.091  2.459 0.4000000060
98964  -52.804  30.025  2.697 0.2000000030
99741  -53.880  30.695  3.411 0.2000000030
98951  -53.188  30.355  3.199 0.4000000060
144910  -60.656  19.892  0.999 0.2000000030
131687  -59.040  19.712  0.730 0.2000000030
132483  -60.312  19.470  -0.082 0.2000000030
90083  -52.347  19.044  0.006 0.2000000030
90092  -51.911  18.555  -0.743 0.2000000030
90093  -52.888  18.777  -0.757 0.2000000030
91021  -55.862  19.485  1.366 0.2000000030
132557  -52.287  18.444  -1.365 0.2000000030
91073  -57.106  19.132  -1.364 0.2000000030
131458  -59.369  19.609  -0.128 0.2000000030
91044  -58.351  19.601  -0.002 0.2000000030
91023  -57.979  19.633  0.864 0.2000000030
90126  -54.366  18.474  -2.117 0.2000000030
144052  -54.594  18.770  -1.340 0.2000000030
130110  -48.266  17.857  -6.369 0.1000000015
88221  -48.546  16.763  -5.417 0.1000000015
90184  -49.551  18.577  -7.690 0.1000000015
91137  -49.194  19.224  -8.024 0.2000000030
100601  -46.428  31.473  1.265 0.4000000060
99798  -45.541  30.492  -0.617 0.3000000119
87333  -54.887  16.057  -6.234 0.1000000015
92006  -49.966  20.280  -8.478 0.2000000030
91147  -49.953  19.600  -8.194 0.2000000030
151933  -60.814  19.493  0.385 0.2000000030
90097  -61.044  18.005  -0.648 0.2000000030
88202  -59.685  16.649  -2.648 0.2000000030
88193  -59.845  16.570  -1.882 0.2000000030
91128  -47.259  19.842  -6.512 0.2000000030
94223  -45.712  23.513  -7.517 0.2000000030
91057  -54.007  19.329  0.070 0.2000000030
91892  -44.381  20.554  3.275 0.3000000119
142334  -46.353  19.432  1.240 0.2000000030
129115  -50.476  21.664  13.210 0.6000000238
92734  -43.782  21.639  4.760 0.5000000000
91882  -44.567  20.583  4.004 0.4000000060
87252  -59.985  15.707  1.172 0.2000000030
89122  -61.422  19.139  4.707 0.2000000030
89153  -61.282  17.954  0.683 0.2000000030
87288  -56.605  15.259  -1.798 0.2000000030
90971  -60.996  20.487  5.008 0.2000000030
88185  -60.842  16.850  -0.371 0.2000000030
86371  -54.480  14.714  -2.803 0.1000000015
134468  -53.064  14.500  -5.590 0.1000000015
91025  -59.962  20.092  1.479 0.2000000030
86397  -53.874  14.750  -5.467 0.1000000015
89133  -54.021  17.569  3.405 0.2000000030
90952  -48.983  19.604  6.758 0.2000000030
91880  -51.377  21.135  5.866 0.2000000030
90968  -52.009  20.370  4.783 0.2000000030
92741  -51.007  21.854  6.052 0.2000000030
92749  -50.425  21.878  5.470 0.2000000030
92761  -51.965  21.339  3.926 0.2000000030
132500  -49.724  21.917  5.721 0.2000000030
91898  -51.275  21.183  3.151 0.2000000030
91886  -48.944  21.101  4.223 0.2000000030
140827  -51.656  20.822  2.428 0.2000000030
91928  -51.960  20.487  1.812 0.2000000030
153561  -55.359  15.299  -5.238 0.1000000015
87321  -55.946  15.759  -5.438 0.1000000015
129991  -56.390  15.649  -4.865 0.1000000015
87322  -56.856  16.165  -5.396 0.1000000015
88229  -49.303  17.005  -6.528 0.1000000015
89087  -45.544  17.288  9.257 0.3000000119
89094  -45.471  17.235  8.222 0.2000000030
90015  -46.634  18.238  7.415 0.2000000030
148594  -48.575  19.645  8.165 0.2000000030
90938  -47.978  19.200  8.515 0.2000000030
91860  -50.288  20.943  8.519 0.2000000030
92715  -50.262  21.974  8.339 0.3000000119
134662  -47.686  21.674  6.935 0.3000000119
92728  -47.355  21.462  6.323 0.2000000030
91017  -51.520  19.907  1.375 0.2000000030
91016  -50.626  19.865  1.633 0.2000000030
91056  -53.211  19.288  0.030 0.2000000030
90976  -46.701  19.635  2.995 0.2000000030
91014  -48.740  19.414  1.672 0.2000000030
90081  -50.266  18.632  0.330 0.2000000030
138857  -53.371  15.770  -6.353 0.1000000015
151650  -47.513  18.066  -5.794 0.1000000015
89079  -46.623  17.300  10.631 0.3000000119
89088  -46.244  17.601  9.666 0.3000000119
131354  -49.651  22.103  8.702 0.4000000060
92718  -46.135  21.589  7.582 0.5000000000
130016  -46.767  21.504  6.909 0.5000000000
91879  -46.154  20.763  5.223 0.2000000030
91883  -45.363  20.438  4.498 0.3000000119
90991  -45.413  19.685  2.277 0.3000000119
90992  -46.239  19.435  2.149 0.2000000030
89206  -49.764  17.891  -7.403 0.1000000015
89198  -48.966  17.685  -6.871 0.1000000015
90920  -49.463  19.365  10.474 0.4000000060
92709  -49.915  21.866  9.429 0.5000000000
129506  -48.444  21.836  9.258 0.5000000000
143819  -46.405  21.753  9.156 0.5000000000
129016  -45.618  21.822  8.170 0.5000000000
91022  -56.945  19.549  1.053 0.2000000030
146543  -57.806  19.397  -0.831 0.2000000030
90109  -53.744  18.692  -1.310 0.2000000030
92698  -50.035  21.636  11.548 0.6000000238
92696  -47.883  22.083  12.056 0.6999999881
93442  -47.160  22.246  11.334 0.6000000238
134122  -46.475  22.862  11.159 0.6000000238
92707  -45.946  22.162  9.648 0.6000000238
93443  -45.929  22.684  10.362 0.6000000238
151778  -44.994  23.251  9.432 0.5000000000
91042  -56.286  19.450  0.437 0.2000000030
91043  -57.306  19.531  0.193 0.2000000030
89197  -48.653  18.430  -7.140 0.1000000015
93515  -43.930  22.635  -4.591 0.1000000015
91977  -44.826  20.962  -5.378 0.2000000030
96672  -40.394  27.079  -2.424 0.1000000015
99784  -45.295  30.831  0.160 0.3000000119
100577  -54.578  31.039  3.343 0.3000000119
91045  -59.891  19.804  0.581 0.2000000030
146581  -53.655  19.051  -0.512 0.2000000030
87192  -44.915  14.951  7.299 0.2000000030
147980  -43.344  14.979  8.789 0.2000000030
86270  -43.799  14.776  8.210 0.2000000030
81482  -41.132  10.077  11.108 0.2000000030
83464  -40.271  11.317  10.903 0.2000000030
152367  -41.439  11.275  10.008 0.2000000030
83482  -42.157  12.010  9.339 0.2000000030
84460  -42.858  12.974  8.685 0.2000000030
85376  -43.394  13.422  8.367 0.2000000030
86261  -42.854  14.707  9.240 0.2000000030
85330  -36.258  13.379  14.489 0.2000000030
85337  -36.795  13.488  13.892 0.2000000030
83447  -37.296  11.858  13.655 0.2000000030
147074  -38.241  11.124  12.993 0.2000000030
85338  -37.311  13.383  13.459 0.2000000030
83454  -38.453  11.473  12.555 0.2000000030
83455  -38.936  11.498  12.034 0.2000000030
82454  -39.849  10.810  11.482 0.2000000030
85339  -37.906  13.427  12.986 0.2000000030
139907  -38.557  12.340  12.328 0.2000000030
84436  -39.253  12.321  11.710 0.2000000030
84445  -40.691  12.146  10.431 0.2000000030
83473  -41.399  11.927  9.832 0.2000000030
85353  -40.131  13.468  11.310 0.2000000030
85354  -40.738  13.948  11.048 0.2000000030
84446  -41.156  12.878  10.097 0.2000000030
84451  -41.786  12.783  9.530 0.2000000030
86268  -42.677  14.063  9.022 0.2000000030
86253  -41.376  14.306  10.747 0.2000000030
86260  -42.299  14.320  9.631 0.2000000030
87179  -43.284  15.371  9.515 0.2000000030
87118  -34.983  16.374  15.826 0.1000000015
88059  -34.966  16.358  15.111 0.1000000015
142243  -35.302  15.706  14.775 0.1000000015
88069  -35.116  16.525  14.386 0.1000000015
86226  -35.943  14.220  14.607 0.1000000015
87138  -36.068  14.844  14.153 0.1000000015
87145  -36.131  15.529  13.733 0.2000000030
86230  -36.589  14.167  13.968 0.2000000030
86231  -37.401  14.514  13.491 0.2000000030
86232  -37.776  14.046  13.285 0.2000000030
86237  -38.471  14.158  12.957 0.2000000030
85344  -38.527  13.397  12.572 0.2000000030
129235  -39.097  13.251  12.066 0.2000000030
85345  -39.732  13.896  11.963 0.2000000030
86245  -40.425  14.339  11.795 0.2000000030
86246  -41.146  14.692  11.560 0.3000000119
86254  -41.907  15.035  11.220 0.3000000119
87165  -42.740  15.402  11.117 0.4000000060
87172  -43.378  15.587  10.497 0.2000000030
88095  -44.848  16.242  11.304 0.3000000119
88104  -46.171  16.827  11.221 0.3000000119
89081  -48.295  17.728  11.267 0.3000000119
89997  -49.632  18.930  11.230 0.5000000000
92568  -34.529  21.057  28.901 0.1000000015
92624  -32.405  20.812  17.694 0.1000000015
91775  -30.816  20.516  18.379 0.1000000015
92650  -33.322  21.003  16.676 0.1000000015
91796  -34.104  20.210  16.100 0.1000000015
89949  -34.426  18.575  15.304 0.1000000015
90887  -34.141  19.245  14.626 0.1000000015
150068  -34.654  17.642  14.392 0.1000000015
89032  -34.907  17.251  13.998 0.1000000015
88073  -35.456  16.802  13.649 0.1000000015
89040  -35.337  17.616  13.373 0.2000000030
89041  -36.054  17.171  13.081 0.2000000030
87146  -37.674  15.251  13.421 0.2000000030
131741  -38.208  14.715  13.268 0.2000000030
86233  -39.018  14.842  13.140 0.2000000030
138831  -39.246  14.265  12.610 0.3000000119
86238  -40.115  14.710  12.551 0.3000000119
131148  -41.385  15.676  12.873 0.3000000119
87150  -41.814  16.271  13.285 0.3000000119
86239  -40.873  15.072  12.366 0.3000000119
86247  -41.669  15.325  12.126 0.3000000119
87158  -43.063  15.788  11.934 0.4000000060
150672  -44.300  16.069  11.575 0.3000000119
130160  -44.859  16.371  11.977 0.4000000060
87166  -43.621  15.763  11.392 0.4000000060
88096  -45.619  16.562  11.635 0.4000000060
89071  -47.805  17.182  11.805 0.5000000000
89991  -49.827  18.338  12.062 0.5000000000
89990  -49.093  17.964  11.650 0.5000000000
92562  -34.754  21.494  29.539 0.1000000015
92552  -35.564  21.452  30.546 0.1000000015
93308  -36.272  22.060  31.921 0.1000000015
92534  -36.938  21.651  32.332 0.1000000015
93332  -33.239  22.364  28.103 0.1000000015
92561  -34.227  21.832  29.132 0.1000000015
92551  -34.988  21.947  30.180 0.1000000015
92583  -30.954  21.210  25.583 0.1000000015
92577  -31.596  21.587  26.372 0.1000000015
144537  -29.945  22.045  23.882 0.1000000015
92591  -30.426  21.224  24.789 0.1000000015
92602  -29.354  21.500  21.563 0.1000000015
93356  -29.714  22.257  23.029 0.1000000015
92608  -29.921  20.913  18.959 0.1000000015
92607  -29.418  21.733  19.737 0.1000000015
93364  -29.360  22.173  20.748 0.1000000015
92636  -31.426  21.232  17.346 0.1000000015
155387  -30.158  21.231  18.353 0.1000000015
92621  -29.610  21.822  18.796 0.1000000015
92635  -30.595  21.827  17.238 0.1000000015
92648  -31.260  21.854  16.596 0.1000000015
92664  -32.880  21.115  15.788 0.1000000015
90879  -33.659  20.052  15.231 0.1000000015
90886  -33.751  19.963  14.394 0.1000000015
132728  -34.566  18.925  13.758 0.1000000015
89039  -34.752  18.011  13.797 0.1000000015
89963  -35.255  18.559  13.202 0.1000000015
89042  -37.055  16.816  13.034 0.2000000030
150722  -37.915  16.087  13.274 0.2000000030
88076  -38.891  16.182  13.329 0.2000000030
87156  -39.823  15.069  13.096 0.3000000119
140405  -40.268  15.741  13.364 0.3000000119
87157  -40.584  15.414  13.008 0.3000000119
132060  -39.245  16.861  13.266 0.2000000030
87148  -39.443  15.534  13.327 0.3000000119
87149  -41.056  15.990  13.380 0.3000000119
88079  -41.472  16.636  13.589 0.3000000119
88087  -43.220  16.314  12.519 0.4000000060
87159  -43.915  16.076  11.976 0.4000000060
88080  -42.583  16.565  13.168 0.4000000060
88082  -44.096  17.112  12.973 0.4000000060
88089  -45.856  16.712  12.147 0.5000000000
88090  -46.638  16.900  12.269 0.5000000000
88091  -47.303  17.023  12.208 0.5000000000
89072  -48.511  17.381  12.089 0.5000000000
89061  -45.036  17.001  12.593 0.4000000060
89062  -46.193  17.098  12.538 0.5000000000
89063  -47.106  17.156  12.550 0.5000000000
89065  -48.499  17.440  12.638 0.5000000000
89073  -49.184  17.662  12.450 0.5000000000
89985  -50.461  18.869  12.533 0.5000000000
130909  -50.613  21.277  11.872 0.5000000000
89984  -49.861  18.034  12.882 0.5000000000
91842  -51.002  20.821  12.421 0.5000000000
92693  -50.903  21.267  12.707 0.6000000238
93315  -35.330  22.256  30.837 0.1000000015
93299  -36.058  22.984  32.072 0.1000000015
93290  -36.913  23.069  33.202 0.1000000015
93338  -32.084  22.280  26.907 0.1000000015
93331  -32.590  22.889  27.457 0.1000000015
93322  -33.831  22.505  28.870 0.1000000015
93989  -34.944  23.496  30.386 0.1000000015
93982  -35.688  23.334  31.571 0.1000000015
139518  -31.291  23.048  25.818 0.1000000015
93337  -31.580  22.655  26.352 0.1000000015
94010  -32.950  23.637  27.706 0.1000000015
94006  -33.433  23.369  28.412 0.1000000015
93997  -34.041  23.354  29.183 0.1000000015
93357  -30.150  22.798  23.661 0.1000000015
93351  -30.360  22.537  24.418 0.1000000015
94014  -32.052  23.142  26.795 0.1000000015
142370  -29.499  22.104  22.231 0.1000000015
93360  -29.992  23.010  22.999 0.1000000015
140668  -29.437  22.758  20.041 0.1000000015
93362  -29.548  22.487  21.596 0.1000000015
94056  -30.350  23.401  22.415 0.1000000015
93378  -29.923  21.921  17.943 0.1000000015
93369  -29.419  22.483  19.301 0.1000000015
137650  -29.751  23.455  20.172 0.1000000015
94069  -29.509  23.344  19.338 0.1000000015
93394  -30.887  22.582  16.008 0.1000000015
93393  -30.515  22.471  16.678 0.1000000015
93384  -29.634  22.786  17.915 0.1000000015
92662  -31.581  22.211  15.782 0.1000000015
93407  -31.899  22.539  15.046 0.1000000015
92669  -32.882  21.304  14.727 0.1000000015
91828  -33.726  20.415  13.917 0.1000000015
91829  -34.313  20.348  13.440 0.1000000015
90900  -34.735  19.644  13.386 0.1000000015
90907  -35.521  19.505  12.954 0.1000000015
89979  -36.162  18.869  12.749 0.2000000030
145016  -37.049  19.136  12.576 0.2000000030
89058  -36.659  17.605  12.809 0.2000000030
89043  -38.305  17.060  13.002 0.2000000030
89982  -39.070  18.589  12.733 0.2000000030
89966  -39.877  18.186  13.095 0.2000000030
89965  -39.158  17.663  12.989 0.2000000030
89044  -40.068  17.185  13.423 0.2000000030
89045  -40.635  17.843  13.444 0.3000000119
89968  -41.497  18.073  13.707 0.3000000119
134008  -41.076  17.180  13.658 0.3000000119
89046  -41.889  17.248  13.850 0.4000000060
132097  -42.797  17.106  13.606 0.4000000060
89048  -43.574  17.460  13.549 0.5000000000
89050  -45.560  17.609  13.123 0.5000000000
89049  -44.524  17.578  13.318 0.5000000000
89052  -47.622  17.496  12.983 0.5000000000
89054  -49.170  17.655  13.027 0.5000000000
94009  -32.483  23.693  27.101 0.1000000015
138744  -33.442  24.317  27.979 0.1000000015
94033  -30.648  23.312  24.202 0.1000000015
94023  -31.467  23.611  25.528 0.1000000015
94735  -32.512  24.244  26.632 0.1000000015
94736  -32.952  24.345  27.273 0.1000000015
94047  -30.548  23.408  23.322 0.1000000015
94742  -32.021  24.110  26.002 0.1000000015
95548  -33.789  25.216  26.515 0.1000000015
94059  -29.902  23.109  21.789 0.1000000015
94764  -31.765  24.289  24.428 0.1000000015
94751  -31.781  24.195  25.204 0.1000000015
94752  -32.414  24.535  25.474 0.1000000015
94063  -30.215  23.841  20.710 0.1000000015
94808  -30.956  23.955  22.000 0.1000000015
94057  -31.116  23.890  22.797 0.1000000015
94787  -31.969  24.411  23.749 0.1000000015
94070  -30.087  24.153  19.810 0.1000000015
132937  -31.471  24.316  21.631 0.1000000015
94809  -31.714  24.279  22.264 0.1000000015
94854  -29.832  24.179  18.138 0.1000000015
94080  -29.551  23.466  18.417 0.1000000015
94830  -30.786  24.488  20.484 0.1000000015
94825  -31.515  24.607  20.999 0.1000000015
94094  -30.088  23.924  16.912 0.1000000015
94855  -30.269  24.819  17.793 0.1000000015
94842  -30.768  24.883  19.710 0.1000000015
93405  -30.792  23.310  15.738 0.1000000015
94863  -30.307  24.730  17.050 0.1000000015
93416  -31.726  23.170  14.897 0.1000000015
94107  -31.350  23.730  15.228 0.1000000015
92676  -33.097  21.826  13.829 0.1000000015
93423  -32.754  22.697  13.853 0.1000000015
92677  -33.889  21.087  13.487 0.1000000015
139448  -33.738  21.807  13.417 0.1000000015
92678  -34.700  21.066  13.075 0.1000000015
93426  -35.128  21.926  12.821 0.2000000030
91836  -36.031  20.330  12.702 0.2000000030
90909  -37.278  19.893  12.548 0.2000000030
91839  -38.655  20.430  12.594 0.2000000030
91840  -39.305  20.415  12.679 0.3000000119
92690  -40.493  21.140  13.047 0.3000000119
89981  -37.664  18.602  12.587 0.2000000030
89060  -38.347  18.094  12.705 0.2000000030
90911  -38.855  19.600  12.607 0.2000000030
90901  -40.382  19.618  13.037 0.3000000119
90903  -42.128  19.592  13.700 0.5000000000
90889  -43.777  19.345  14.337 0.5000000000
143601  -44.332  19.059  14.422 0.5000000000
90902  -41.334  19.325  13.449 0.3000000119
89953  -43.077  18.589  14.172 0.5000000000
89955  -44.542  18.667  14.228 0.6000000238
89956  -45.425  18.927  14.355 0.5000000000
132166  -42.494  17.860  13.990 0.4000000060
89033  -43.465  17.917  13.970 0.5000000000
89970  -44.975  18.190  13.805 0.5000000000
89971  -46.014  18.274  13.651 0.5000000000
89972  -47.095  18.177  13.560 0.5000000000
89975  -49.757  18.158  13.511 0.5000000000
89961  -50.379  18.616  14.119 0.5000000000
89976  -50.485  18.581  13.358 0.5000000000
94753  -33.297  24.968  25.680 0.1000000015
94765  -32.454  24.503  24.192 0.1000000015
139258  -33.762  24.729  24.689 0.1000000015
144200  -31.865  24.336  23.050 0.1000000015
94788  -32.742  24.497  23.360 0.1000000015
94766  -33.289  24.540  24.028 0.1000000015
94811  -33.456  24.624  22.784 0.1000000015
94790  -34.255  24.502  23.894 0.1000000015
94767  -34.688  24.610  24.596 0.1000000015
94831  -31.465  24.992  20.230 0.1000000015
94832  -32.194  25.094  20.714 0.1000000015
94827  -33.232  24.903  22.001 0.1000000015
95628  -30.685  25.320  18.151 0.1000000015
95616  -30.749  25.175  18.953 0.1000000015
94895  -31.793  24.418  14.975 0.1000000015
95651  -30.720  25.191  16.574 0.1000000015
94908  -33.073  24.061  13.896 0.2000000030
94896  -32.439  24.253  14.415 0.1000000015
94909  -33.796  23.801  13.567 0.2000000030
94122  -33.226  23.262  13.618 0.1000000015
94123  -33.865  23.085  13.349 0.1000000015
93425  -34.306  22.459  13.148 0.2000000030
151802  -36.057  21.735  12.685 0.2000000030
137991  -36.626  21.075  12.615 0.2000000030
92687  -37.526  21.412  12.634 0.2000000030
130605  -38.885  21.052  12.677 0.2000000030
92689  -39.664  21.122  12.817 0.3000000119
91831  -40.876  20.316  13.182 0.3000000119
91822  -44.220  20.213  14.496 0.5000000000
92672  -44.567  21.028  14.698 0.5000000000
91824  -45.836  20.282  15.102 0.5000000000
91815  -48.021  20.296  16.040 0.6000000238
91800  -49.219  20.713  16.867 0.5000000000
91832  -41.683  20.267  13.484 0.4000000060
91821  -43.349  20.217  14.132 0.5000000000
90891  -45.295  19.649  14.722 0.5000000000
90882  -47.531  19.830  15.497 0.6000000238
91816  -49.057  20.275  16.235 0.6000000238
90871  -49.941  19.999  16.094 0.6000000238
136340  -44.839  19.205  14.501 0.5000000000
89957  -46.499  18.861  14.293 0.5000000000
90894  -48.070  19.281  14.900 0.6000000238
145618  -49.362  19.750  15.647 0.6000000238
89958  -47.571  18.725  14.232 0.5000000000
138718  -50.052  18.892  14.720 0.5000000000
90905  -51.423  19.752  14.621 0.5000000000
89960  -49.574  18.484  14.160 0.5000000000
90896  -50.816  19.143  14.899 0.5000000000
90904  -51.125  19.266  13.859 0.5000000000
94812  -34.241  24.635  23.157 0.1000000015
128852  -34.985  24.602  23.537 0.1000000015
95617  -31.481  25.442  19.410 0.1000000015
94828  -34.226  25.021  22.416 0.1000000015
96470  -31.508  26.364  17.245 0.1000000015
95630  -31.851  25.954  18.889 0.1000000015
96448  -33.087  26.304  19.508 0.1000000015
95680  -31.578  25.223  15.438 0.1000000015
95669  -31.197  25.630  16.151 0.1000000015
142328  -32.276  25.031  14.837 0.1000000015
94897  -32.961  24.842  14.353 0.2000000030
94124  -34.573  23.437  13.238 0.2000000030
94125  -35.492  23.455  13.115 0.2000000030
93427  -36.010  22.623  12.811 0.2000000030
140838  -42.068  20.966  13.602 0.4000000060
92671  -43.713  21.068  14.326 0.4000000060
91787  -49.784  20.879  17.381 0.5000000000
92670  -42.817  21.090  13.898 0.4000000060
94898  -33.673  24.649  13.950 0.2000000030
92643  -50.447  21.036  18.058 0.5000000000
92694  -51.286  20.874  13.189 0.5000000000
92684  -51.525  20.969  13.797 0.5000000000
91825  -51.671  20.604  14.613 0.5000000000
151062  -51.014  20.082  16.523 0.6000000238
90884  -50.710  19.745  15.841 0.6000000238
87185  -43.861  15.616  8.749 0.2000000030
88115  -44.520  16.136  8.214 0.2000000030
88103  -45.381  16.560  10.841 0.3000000119
87180  -43.904  15.913  9.893 0.2000000030
90922  -50.555  20.314  11.373 0.5000000000
82462  -40.813  10.728  10.726 0.2000000030
83463  -39.572  11.487  11.487 0.2000000030
85368  -42.326  13.459  9.211 0.2000000030
83437  -36.841  11.840  14.395 0.1000000015
83438  -37.414  11.264  14.221 0.2000000030
83453  -37.896  11.855  12.931 0.2000000030
84422  -38.037  12.721  12.761 0.2000000030
84437  -39.969  12.390  11.088 0.2000000030
85352  -39.595  13.063  11.572 0.2000000030
85359  -40.577  13.070  10.674 0.2000000030
85367  -41.642  13.754  9.950 0.2000000030
138898  -42.002  14.619  10.400 0.2000000030
87178  -42.635  15.084  10.140 0.2000000030
134007  -34.670  18.056  15.830 0.1000000015
88058  -34.775  16.912  15.389 0.1000000015
87144  -35.546  16.022  13.992 0.1000000015
133202  -36.794  14.989  13.668 0.2000000030
87147  -38.567  15.417  13.342 0.2000000030
135752  -42.358  15.476  11.850 0.3000000119
89070  -47.014  17.006  11.541 0.4000000060
92567  -33.846  21.597  28.569 0.1000000015
91795  -33.475  20.696  15.986 0.1000000015
147175  -32.093  21.265  17.000 0.1000000015
143431  -32.531  21.236  16.448 0.1000000015
90880  -34.263  19.402  15.627 0.1000000015
89964  -35.991  18.001  12.860 0.2000000030
142474  -42.309  15.905  12.586 0.3000000119
93323  -34.421  22.478  29.611 0.1000000015
93307  -35.705  22.568  31.459 0.1000000015
93300  -36.582  22.556  32.573 0.1000000015
93301  -37.208  22.119  33.013 0.1000000015
154624  -33.017  23.085  27.927 0.1000000015
93344  -31.098  22.268  25.743 0.1000000015
93343  -30.573  22.034  25.067 0.1000000015
92600  -29.483  21.422  22.532 0.1000000015
94062  -29.691  23.111  20.947 0.1000000015
92622  -30.679  21.190  17.816 0.1000000015
92663  -32.261  21.729  15.506 0.1000000015
91811  -33.202  20.745  15.252 0.1000000015
89059  -37.479  17.749  12.722 0.2000000030
88077  -39.795  16.261  13.462 0.3000000119
88078  -40.652  16.452  13.533 0.3000000119
88081  -43.372  16.858  13.073 0.4000000060
137905  -42.438  17.309  13.836 0.4000000060
89051  -46.642  17.562  13.008 0.5000000000
94707  -35.567  24.070  31.286 0.1000000015
93998  -34.552  23.409  29.857 0.1000000015
94013  -31.707  23.424  26.212 0.1000000015
94022  -30.834  23.025  25.127 0.1000000015
93377  -29.461  22.634  18.598 0.1000000015
94087  -30.150  23.154  16.828 0.1000000015
94095  -30.419  23.633  16.277 0.1000000015
92668  -32.459  22.180  14.504 0.1000000015
91830  -35.148  20.324  13.032 0.2000000030
91837  -36.775  20.328  12.590 0.2000000030
143706  -38.367  18.862  12.597 0.2000000030
89983  -39.758  19.092  12.838 0.3000000119
89967  -40.578  18.694  13.264 0.3000000119
89034  -44.096  18.055  13.865 0.5000000000
89974  -49.017  17.975  13.535 0.5000000000
94743  -33.063  24.825  26.631 0.1000000015
94034  -31.241  23.767  24.726 0.1000000015
135566  -32.592  24.604  26.121 0.1000000015
94048  -31.271  23.961  23.749 0.1000000015
131323  -32.859  24.689  24.821 0.1000000015
94824  -30.862  24.145  21.248 0.1000000015
134477  -30.229  24.721  18.549 0.1000000015
94826  -32.243  24.702  21.615 0.1000000015
94872  -30.496  24.421  16.334 0.1000000015
94106  -30.775  24.084  15.730 0.1000000015
95652  -31.045  25.831  16.894 0.1000000015
94114  -32.000  23.676  14.615 0.1000000015
94115  -32.573  23.487  14.048 0.1000000015
141718  -34.324  21.664  13.155 0.1000000015
140453  -35.091  22.788  12.909 0.2000000030
92686  -35.618  21.074  12.769 0.2000000030
90910  -37.882  19.380  12.540 0.2000000030
91838  -37.410  20.634  12.567 0.2000000030
92688  -38.348  21.639  12.738 0.2000000030
135129  -38.151  20.893  12.598 0.2000000030
91841  -40.080  20.414  12.852 0.3000000119
137767  -40.007  21.872  13.142 0.2000000030
89969  -42.264  18.761  13.853 0.4000000060
90888  -42.868  19.424  14.026 0.5000000000
91833  -42.497  20.274  13.773 0.4000000060
89954  -43.766  18.516  14.200 0.5000000000
90890  -44.633  19.608  14.546 0.5000000000
89973  -48.131  18.018  13.526 0.5000000000
94754  -34.275  24.908  25.268 0.1000000015
94789  -33.618  24.539  23.409 0.1000000015
94810  -32.551  24.542  22.499 0.1000000015
128802  -35.034  24.726  25.118 0.1000000015
94768  -35.627  24.450  24.687 0.1000000015
95603  -32.062  25.402  20.009 0.1000000015
95629  -31.268  25.697  18.555 0.1000000015
95640  -31.122  25.834  17.710 0.1000000015
93436  -36.846  21.989  12.677 0.2000000030
140643  -41.331  21.108  13.370 0.3000000119
91823  -45.013  20.264  14.794 0.5000000000
90893  -47.021  19.354  14.930 0.6000000238
90883  -48.526  19.786  15.578 0.6000000238
89959  -48.631  18.610  14.181 0.5000000000
90895  -49.199  19.206  14.912 0.5000000000
135739  -50.046  19.408  15.379 0.5000000000
154564  -34.856  24.852  22.984 0.1000000015
95618  -32.295  25.874  19.482 0.1000000015
84456  -51.172  12.532  9.824 0.1000000015
130838  -48.939  11.570  9.444 0.1000000015
83489  -49.724  11.934  9.432 0.1000000015
85369  -50.936  12.959  9.067 0.1000000015
83488  -48.047  11.323  9.408 0.1000000015
83498  -48.397  11.902  8.812 0.1000000015
84454  -49.176  12.107  8.850 0.1000000015
132103  -49.785  12.371  8.917 0.1000000015
84468  -50.198  12.816  8.676 0.1000000015
130503  -51.584  13.127  9.449 0.1000000015
83496  -46.618  11.732  8.679 0.1000000015
83497  -47.533  11.769  8.760 0.1000000015
84467  -49.451  12.652  8.432 0.1000000015
85379  -49.870  13.224  8.061 0.1000000015
134244  -50.725  13.403  8.392 0.1000000015
82476  -44.765  10.731  9.741 0.1000000015
83486  -45.231  11.247  9.164 0.1000000015
83495  -45.712  11.769  8.628 0.1000000015
84465  -47.115  12.323  8.194 0.1000000015
84476  -47.621  12.840  7.827 0.1000000015
85378  -48.962  13.047  7.848 0.1000000015
85389  -49.437  13.670  7.473 0.1000000015
85390  -50.413  13.884  7.619 0.1000000015
86282  -50.646  14.521  6.922 0.1000000015
83485  -44.354  11.308  9.177 0.1000000015
83493  -43.919  11.919  8.681 0.1000000015
83494  -44.826  11.820  8.634 0.1000000015
84463  -45.301  12.379  8.143 0.1000000015
84464  -46.206  12.346  8.128 0.1000000015
84475  -46.725  12.999  7.635 0.1000000015
85388  -47.428  13.473  7.408 0.1000000015
84477  -48.177  13.281  7.590 0.1000000015
134267  -48.700  13.620  7.395 0.1000000015
138255  -49.741  14.230  6.969 0.1000000015
86293  -49.896  14.691  6.421 0.1000000015
84462  -44.424  12.467  8.224 0.1000000015
84473  -44.891  13.013  7.755 0.1000000015
84474  -45.749  12.967  7.667 0.1000000015
85386  -45.311  13.644  7.433 0.1000000015
148710  -46.790  13.679  7.277 0.1000000015
86280  -47.168  14.096  7.008 0.1000000015
138783  -48.017  13.981  7.061 0.1000000015
86281  -48.885  14.148  6.991 0.1000000015
86292  -49.150  14.704  6.464 0.1000000015
87203  -50.455  15.038  6.005 0.1000000015
84461  -43.574  12.665  8.420 0.1000000015
85384  -43.873  13.952  8.009 0.1000000015
86277  -44.390  14.491  7.685 0.1000000015
147432  -44.944  14.227  7.360 0.1000000015
86278  -45.615  14.416  7.095 0.1000000015
86289  -46.193  14.928  6.703 0.1000000015
87200  -47.648  15.432  6.109 0.1000000015
87201  -48.601  15.283  5.964 0.1000000015
87202  -49.489  15.164  5.877 0.1000000015
87212  -49.951  15.527  5.260 0.1000000015
134040  -50.664  15.422  5.350 0.1000000015
87213  -51.231  15.517  4.996 0.1000000015
86269  -43.232  14.217  8.580 0.1000000015
88126  -45.586  16.132  6.911 0.1000000015
88128  -46.810  16.087  6.166 0.1000000015
88134  -47.515  16.374  5.717 0.1000000015
87211  -48.163  15.861  5.551 0.1000000015
155571  -49.003  15.815  5.205 0.1000000015
87220  -49.791  16.107  4.630 0.1000000015
132070  -50.541  15.775  4.710 0.1000000015
87221  -51.259  15.876  4.243 0.1000000015
142624  -45.093  16.577  7.796 0.1000000015
149890  -45.320  16.366  7.314 0.1000000015
89108  -46.283  17.504  6.909 0.1000000015
90021  -46.896  18.075  6.614 0.1000000015
90031  -47.863  18.112  5.690 0.1000000015
90032  -48.698  18.382  5.356 0.1000000015
90040  -49.228  18.106  4.778 0.1000000015
89124  -49.495  17.441  4.461 0.1000000015
88140  -50.549  16.450  4.092 0.1000000015
88150  -51.444  16.469  3.768 0.1000000015
90034  -50.455  19.331  5.057 0.1000000015
90042  -50.818  18.742  4.368 0.1000000015
90050  -51.253  18.000  3.855 0.1000000015
89131  -51.736  17.309  3.610 0.1000000015
90051  -52.025  18.231  3.730 0.1000000015
134342  -51.705  12.449  10.486 0.1000000015
82480  -48.623  10.989  10.151 0.1000000015
83475  -49.605  11.342  10.288 0.1000000015
84447  -51.130  12.000  10.590 0.1000000015
84448  -52.369  12.677  10.768 0.1000000015
82479  -47.722  10.727  10.137 0.1000000015
85361  -52.743  13.284  10.265 0.1000000015
84457  -51.997  12.950  10.041 0.1000000015
82477  -45.615  10.710  9.763 0.1000000015
151739  -46.350  10.725  9.796 0.1000000015
85381  -52.222  14.121  8.646 0.1000000015
83487  -46.093  11.185  9.188 0.1000000015
151930  -51.022  14.276  7.511 0.1000000015
86283  -51.605  14.595  7.358 0.1000000015
86295  -52.151  15.057  6.782 0.1000000015
138525  -51.866  15.236  6.140 0.1000000015
135882  -51.908  15.587  4.583 0.1000000015
88151  -52.300  16.635  3.600 0.1000000015
87229  -52.017  15.940  3.911 0.1000000015
89132  -52.593  17.631  3.537 0.1000000015
90044  -52.744  18.922  3.797 0.1000000015
83467  -51.394  11.452  11.761 0.1000000015
84438  -51.805  12.047  11.209 0.1000000015
84439  -52.682  12.385  11.568 0.1000000015
85346  -53.565  12.746  11.978 0.1000000015
83465  -49.890  10.991  11.247 0.1000000015
83476  -50.462  11.505  10.814 0.1000000015
84440  -53.159  13.022  11.035 0.1000000015
154925  -46.309  9.898  11.197 0.1000000015
150525  -47.088  9.792  11.607 0.1000000015
82456  -47.895  10.095  11.333 0.1000000015
144193  -48.240  10.478  10.829 0.1000000015
82468  -49.080  10.700  10.952 0.1000000015
85362  -53.461  13.642  10.451 0.1000000015
85371  -53.082  13.806  9.832 0.1000000015
82465  -44.284  10.210  10.361 0.1000000015
82466  -45.178  10.222  10.428 0.1000000015
82467  -46.100  10.278  10.509 0.1000000015
138337  -46.905  10.499  10.258 0.1000000015
82475  -43.859  10.767  9.719 0.1000000015
86272  -52.780  14.713  8.292 0.1000000015
83483  -42.682  11.516  9.362 0.1000000015
86271  -52.105  14.483  8.001 0.1000000015
86284  -52.477  14.898  7.543 0.1000000015
84452  -42.384  12.661  9.100 0.1000000015
87193  -52.935  15.313  6.960 0.1000000015
87205  -52.633  15.363  6.008 0.1000000015
88141  -52.812  16.097  3.817 0.1000000015
87214  -52.603  15.445  4.996 0.1000000015
88152  -53.295  16.929  3.472 0.1000000015
143818  -53.433  18.072  3.463 0.1000000015
83514  -57.453  11.879  4.064 0.1000000015
152722  -57.190  15.335  15.285 0.1000000015
83458  -52.494  11.466  12.876 0.1000000015
84430  -53.618  12.274  12.837 0.1000000015
84431  -54.107  12.737  12.696 0.1000000015
85340  -54.643  13.104  13.043 0.1000000015
83457  -51.665  11.215  12.444 0.1000000015
83468  -52.196  11.749  12.034 0.1000000015
84429  -52.973  12.054  12.382 0.1000000015
85347  -54.355  13.283  12.213 0.1000000015
82450  -50.532  10.470  12.698 0.1000000015
82458  -50.181  10.691  11.981 0.1000000015
83466  -50.657  11.206  11.541 0.1000000015
85355  -54.017  13.553  11.246 0.1000000015
81476  -46.645  9.514  12.497 0.1000000015
81488  -48.049  9.818  11.935 0.1000000015
82448  -48.830  9.978  12.179 0.1000000015
136840  -49.382  10.448  11.730 0.1000000015
81494  -43.770  9.778  10.986 0.1000000015
81487  -46.017  9.608  11.880 0.1000000015
85363  -54.026  14.051  10.500 0.1000000015
86262  -53.093  14.373  9.155 0.1000000015
86273  -53.536  15.072  8.524 0.1000000015
82463  -42.439  10.413  10.278 0.1000000015
83474  -42.028  11.193  9.742 0.1000000015
86285  -53.214  15.233  7.765 0.1000000015
87194  -53.697  15.519  7.169 0.1000000015
87215  -53.394  15.472  5.312 0.1000000015
88142  -53.686  16.216  3.897 0.1000000015
84501  -59.064  13.077  3.859 0.1000000015
84500  -56.883  12.459  3.824 0.1000000015
149127  -56.408  12.086  3.626 0.1000000015
85409  -56.534  13.189  3.444 0.1000000015
70852  -52.108  -0.352  16.276 0.1000000015
72804  -52.486  0.248  16.247 0.1000000015
72805  -52.860  0.701  16.242 0.1000000015
73753  -53.907  1.232  16.445 0.1000000015
74733  -54.350  2.028  16.217 0.1000000015
76684  -57.953  4.564  15.741 0.1000000015
76693  -58.040  5.116  15.353 0.1000000015
78559  -58.027  6.356  16.237 0.1000000015
80508  -57.156  8.063  17.614 0.1000000015
81424  -56.851  8.953  18.555 0.1000000015
141627  -54.726  2.775  15.902 0.1000000015
75758  -56.905  4.552  15.235 0.1000000015
81419  -56.886  9.940  18.172 0.1000000015
132090  -58.004  11.702  18.359 0.1000000015
83383  -58.433  12.480  18.979 0.1000000015
145189  -47.855  11.020  20.287 0.1000000015
83371  -58.524  13.350  19.657 0.1000000015
83357  -48.310  11.740  19.836 0.1000000015
82424  -52.420  10.700  14.592 0.1000000015
152252  -53.608  11.359  15.146 0.1000000015
83439  -54.235  11.885  14.806 0.1000000015
84414  -54.889  12.475  14.928 0.1000000015
140314  -53.318  11.401  14.289 0.1000000015
143174  -54.610  12.465  14.272 0.1000000015
84415  -55.251  12.975  14.637 0.1000000015
147431  -56.695  14.389  16.071 0.1000000015
82440  -51.777  10.552  14.001 0.1000000015
83450  -52.494  11.073  13.711 0.1000000015
84423  -53.596  11.887  13.497 0.1000000015
84424  -54.245  12.470  13.455 0.1000000015
85332  -55.678  13.671  14.301 0.1000000015
87160  -56.317  15.433  12.268 0.1000000015
148474  -51.215  10.756  12.773 0.1000000015
86241  -55.482  14.137  12.721 0.1000000015
81468  -49.279  9.711  13.422 0.1000000015
82438  -50.116  10.021  13.393 0.1000000015
82439  -51.036  10.384  13.495 0.1000000015
86240  -54.897  14.041  11.823 0.1000000015
81477  -47.481  9.566  12.509 0.1000000015
81479  -48.926  9.720  12.827 0.1000000015
82449  -49.631  10.114  12.567 0.1000000015
86248  -54.576  14.333  10.874 0.1000000015
81474  -44.762  9.463  12.526 0.1000000015
81475  -45.441  9.493  12.408 0.1000000015
86257  -54.963  15.007  10.444 0.1000000015
89987  -59.561  19.078  12.997 0.1000000015
130748  -42.166  9.445  12.781 0.1000000015
81483  -42.507  9.488  12.031 0.1000000015
81485  -44.175  9.533  11.821 0.1000000015
81486  -45.117  9.586  11.793 0.1000000015
87174  -54.753  15.284  9.741 0.1000000015
134356  -41.273  9.552  12.591 0.1000000015
81472  -41.702  9.617  11.799 0.1000000015
81492  -41.982  9.914  10.896 0.1000000015
87187  -54.183  15.437  8.592 0.1000000015
87188  -54.694  15.638  9.014 0.1000000015
89091  -60.023  17.519  9.666 0.1000000015
154077  -60.001  16.944  9.071 0.1000000015
87186  -53.947  15.544  7.938 0.1000000015
89098  -60.560  18.024  7.827 0.1000000015
87196  -60.069  16.082  7.264 0.1000000015
87207  -54.184  15.639  6.589 0.1000000015
88124  -60.428  17.238  7.400 0.1000000015
88132  -60.509  17.046  6.561 0.1000000015
87217  -55.096  15.840  5.601 0.1000000015
88138  -60.589  16.742  5.477 0.1000000015
86305  -60.403  14.424  3.189 0.1000000015
85411  -59.384  13.886  3.245 0.1000000015
84488  -57.984  12.613  4.002 0.1000000015
72758  -51.055  0.257  19.406 0.1000000015
71807  -50.449  -0.533  19.640 0.1000000015
71808  -51.556  -0.611  19.803 0.1000000015
70809  -52.405  -1.190  20.183 0.1000000015
68737  -53.791  -3.018  20.101 0.1000000015
67725  -53.272  -3.170  18.921 0.1000000015
74711  -50.479  1.935  18.819 0.1000000015
68806  -51.361  -2.322  16.852 0.1000000015
75727  -50.630  2.909  18.485 0.1000000015
70839  -52.210  -0.998  16.530 0.1000000015
150877  -50.694  3.604  18.154 0.1000000015
130951  -52.659  -0.354  16.521 0.1000000015
71835  -52.960  0.209  16.454 0.1000000015
72795  -53.315  0.915  16.352 0.1000000015
78555  -49.892  6.331  17.863 0.1000000015
78542  -50.630  6.605  18.006 0.1000000015
79494  -49.404  7.007  18.160 0.1000000015
79495  -50.142  7.042  18.234 0.1000000015
74734  -55.195  2.457  16.355 0.1000000015
80502  -49.256  8.149  19.078 0.1000000015
74744  -55.558  3.229  15.922 0.1000000015
154870  -58.218  5.986  16.865 0.1000000015
79488  -57.495  7.096  18.143 0.1000000015
82361  -57.433  10.840  18.658 0.1000000015
80489  -49.606  8.825  19.717 0.1000000015
81396  -49.074  9.984  20.588 0.1000000015
74745  -56.359  3.732  15.820 0.1000000015
75759  -57.496  4.413  15.683 0.1000000015
83382  -57.911  11.618  19.144 0.1000000015
142752  -57.736  11.465  19.777 0.1000000015
82351  -49.484  10.697  20.859 0.1000000015
86191  -58.701  14.566  19.190 0.1000000015
85283  -58.493  14.099  19.778 0.1000000015
85282  -58.392  14.350  19.596 0.1000000015
84340  -48.412  12.512  19.015 0.1000000015
151748  -47.410  12.729  18.086 0.1000000015
132901  -48.162  12.742  18.158 0.1000000015
82423  -51.584  10.312  14.862 0.1000000015
81452  -49.608  9.746  14.237 0.1000000015
154641  -51.144  10.248  14.296 0.1000000015
81438  -50.757  10.065  15.013 0.1000000015
81437  -49.902  9.894  15.087 0.1000000015
134280  -45.949  9.479  12.659 0.1000000015
81465  -46.323  9.488  13.353 0.1000000015
144490  -47.106  9.495  13.794 0.1000000015
81451  -48.743  9.607  14.214 0.1000000015
81473  -43.139  9.420  12.551 0.1000000015
132959  -43.978  9.414  12.616 0.1000000015
81464  -45.363  9.478  13.204 0.1000000015
89085  -60.080  19.429  10.584 0.1000000015
81460  -40.585  9.645  13.014 0.1000000015
81462  -42.903  9.422  13.319 0.1000000015
88118  -55.317  16.238  8.787 0.1000000015
89092  -60.325  18.741  9.479 0.1000000015
90012  -60.685  18.946  8.276 0.1000000015
81459  -39.916  9.948  12.663 0.1000000015
88122  -55.209  16.128  7.321 0.1000000015
89105  -60.989  19.055  7.345 0.1000000015
132425  -60.806  18.134  6.948 0.1000000015
88137  -56.312  16.400  5.467 0.1000000015
89113  -61.229  19.124  6.495 0.1000000015
134899  -60.962  18.020  6.061 0.1000000015
87226  -60.623  15.913  4.646 0.1000000015
90037  -61.338  19.009  5.563 0.1000000015
88147  -60.824  17.023  4.520 0.1000000015
87227  -60.780  15.787  3.931 0.1000000015
89129  -61.178  17.983  4.129 0.1000000015
87230  -60.764  15.619  3.230 0.1000000015
88156  -60.899  16.731  3.599 0.1000000015
86322  -60.360  14.995  2.683 0.1000000015
86321  -60.140  14.897  2.480 0.1000000015
86319  -58.849  14.392  2.736 0.1000000015
85410  -58.183  13.639  3.404 0.1000000015
85429  -57.814  14.349  2.710 0.1000000015
136127  -57.292  13.174  3.658 0.1000000015
87262  -57.928  15.634  0.582 0.1000000015
87249  -57.094  15.186  1.561 0.1000000015
86333  -58.438  14.809  2.260 0.1000000015
142482  -57.106  13.815  3.165 0.1000000015
87238  -57.671  14.887  2.137 0.1000000015
71809  -52.675  -0.290  20.046 0.1000000015
71797  -53.413  -0.950  20.360 0.1000000015
69778  -54.015  -2.396  20.366 0.1000000015
70797  -54.539  -1.589  20.246 0.1000000015
73722  -51.520  0.957  19.394 0.1000000015
72759  -52.023  0.393  19.702 0.1000000015
68738  -54.214  -2.494  19.731 0.1000000015
69780  -54.625  -1.912  19.609 0.1000000015
73723  -52.389  1.335  19.627 0.1000000015
68798  -52.799  -2.302  17.634 0.1000000015
68764  -54.312  -2.079  18.795 0.1000000015
73736  -51.447  1.681  19.184 0.1000000015
69820  -52.692  -1.724  17.215 0.1000000015
74712  -51.396  2.513  18.863 0.1000000015
73737  -52.215  2.172  19.240 0.1000000015
69827  -52.627  -1.253  16.887 0.1000000015
70840  -52.857  -0.747  16.772 0.1000000015
148637  -52.848  2.539  19.189 0.1000000015
75728  -51.471  3.383  18.428 0.1000000015
70841  -53.171  -0.155  16.690 0.1000000015
71836  -53.511  0.488  16.603 0.1000000015
75741  -51.108  4.011  18.003 0.1000000015
76677  -51.239  4.647  17.789 0.1000000015
78556  -50.839  5.904  17.748 0.1000000015
73754  -54.766  1.541  16.688 0.1000000015
79483  -50.889  7.177  18.339 0.1000000015
145508  -50.362  7.550  18.619 0.1000000015
74735  -56.236  3.017  16.395 0.1000000015
75750  -58.081  4.108  16.301 0.1000000015
78558  -58.196  5.605  17.554 0.1000000015
78557  -57.899  6.403  17.364 0.1000000015
81420  -57.067  9.956  19.251 0.1000000015
80503  -50.087  8.101  19.088 0.1000000015
150434  -49.492  9.528  20.328 0.1000000015
140122  -49.854  10.138  20.793 0.1000000015
143373  -57.505  10.904  19.398 0.1000000015
83370  -58.127  12.302  19.745 0.1000000015
82352  -50.235  10.855  21.238 0.1000000015
129131  -57.736  11.830  20.375 0.1000000015
84348  -58.080  12.899  20.360 0.1000000015
84322  -48.994  12.113  19.799 0.1000000015
83358  -49.003  11.326  20.488 0.1000000015
83429  -53.409  11.031  15.868 0.1000000015
83430  -54.088  11.539  15.668 0.1000000015
152812  -55.779  13.054  16.073 0.1000000015
85312  -56.164  13.596  15.884 0.1000000015
85268  -58.103  13.941  20.215 0.1000000015
83359  -49.979  11.451  21.048 0.1000000015
83418  -54.552  11.696  16.322 0.1000000015
83419  -54.916  11.734  17.123 0.1000000015
137232  -55.662  12.408  17.282 0.1000000015
84341  -49.540  12.657  19.335 0.1000000015
82406  -52.116  10.399  15.698 0.1000000015
82388  -53.045  10.765  16.733 0.1000000015
84379  -47.492  12.327  17.330 0.1000000015
85305  -47.029  12.502  17.588 0.1000000015
85279  -49.133  12.820  18.463 0.1000000015
82407  -52.786  10.655  16.044 0.1000000015
82373  -53.390  11.042  17.594 0.1000000015
83425  -45.338  11.302  16.246 0.1000000015
83426  -46.168  11.396  16.262 0.1000000015
83411  -45.778  11.901  16.736 0.1000000015
84392  -47.001  12.139  16.953 0.1000000015
84380  -48.312  12.402  17.481 0.1000000015
84359  -48.774  12.819  18.042 0.1000000015
82405  -51.079  10.238  15.827 0.1000000015
82418  -46.150  10.024  14.909 0.1000000015
82419  -47.118  9.875  14.785 0.1000000015
82421  -49.015  9.848  15.079 0.1000000015
141500  -50.168  10.272  15.881 0.1000000015
81444  -41.725  9.657  14.429 0.1000000015
82397  -42.443  10.296  15.659 0.1000000015
82416  -44.471  10.043  14.866 0.1000000015
81447  -44.895  9.672  14.076 0.1000000015
81448  -45.745  9.659  14.093 0.1000000015
81449  -46.489  9.638  14.181 0.1000000015
90925  -59.764  19.822  10.714 0.1000000015
82413  -38.481  10.520  14.408 0.1000000015
81443  -40.710  9.758  14.091 0.1000000015
132577  -42.336  9.481  13.833 0.1000000015
81446  -44.054  9.639  14.104 0.1000000015
81463  -44.454  9.464  13.308 0.1000000015
88111  -56.518  17.278  9.491 0.1000000015
90934  -60.324  20.102  9.136 0.1000000015
90005  -60.546  19.570  8.801 0.1000000015
81442  -39.873  9.912  13.494 0.1000000015
151822  -60.769  19.671  8.192 0.1000000015
90019  -61.263  19.987  6.889 0.1000000015
89121  -61.189  18.239  4.847 0.1000000015
86335  -59.758  15.129  2.023 0.1000000015
87251  -59.416  15.513  1.334 0.1000000015
87250  -58.419  15.315  1.559 0.1000000015
71798  -54.396  -0.767  20.455 0.1000000015
142427  -54.727  -1.125  20.406 0.1000000015
71810  -53.741  -0.106  20.331 0.1000000015
69801  -54.723  -1.435  18.580 0.1000000015
152566  -54.817  -1.115  18.397 0.1000000015
74692  -53.103  1.996  19.592 0.1000000015
69810  -53.430  -2.064  17.923 0.1000000015
69822  -53.747  -1.448  17.740 0.1000000015
70826  -54.867  -0.806  18.187 0.1000000015
145668  -53.661  2.552  19.337 0.1000000015
147196  -53.181  -1.718  17.521 0.1000000015
70837  -54.312  -1.047  17.852 0.1000000015
71824  -55.196  -0.145  17.977 0.1000000015
72792  -55.492  0.625  17.661 0.1000000015
75730  -53.427  3.783  18.586 0.1000000015
72790  -53.933  0.029  17.089 0.1000000015
74714  -53.096  3.072  18.890 0.1000000015
76666  -52.834  4.374  18.182 0.1000000015
72791  -54.754  0.760  17.143 0.1000000015
72793  -56.054  1.327  17.578 0.1000000015
73751  -56.508  1.985  17.441 0.1000000015
75729  -52.463  3.587  18.499 0.1000000015
76678  -52.213  5.077  17.845 0.1000000015
77625  -51.882  5.928  17.817 0.1000000015
73750  -55.493  1.377  17.190 0.1000000015
151157  -56.065  1.871  17.218 0.1000000015
139856  -56.942  2.557  17.161 0.1000000015
74730  -57.456  2.862  17.096 0.1000000015
77612  -52.802  5.911  17.928 0.1000000015
78544  -52.388  6.637  18.130 0.1000000015
73755  -55.709  2.132  16.813 0.1000000015
75745  -57.820  3.491  16.666 0.1000000015
76681  -58.310  4.277  16.631 0.1000000015
78543  -51.456  6.603  18.026 0.1000000015
79484  -51.836  7.308  18.435 0.1000000015
80505  -52.214  8.062  18.912 0.1000000015
80490  -50.601  8.732  19.605 0.1000000015
77626  -58.413  4.883  16.792 0.1000000015
133229  -57.677  6.211  18.447 0.1000000015
80506  -57.033  7.926  18.836 0.1000000015
81417  -56.953  9.518  20.137 0.1000000015
80504  -51.059  7.959  18.878 0.1000000015
81413  -50.223  9.463  20.296 0.1000000015
81414  -51.123  9.422  20.194 0.1000000015
81397  -50.748  10.225  20.899 0.1000000015
82359  -57.397  10.652  20.134 0.1000000015
83381  -55.487  11.998  18.962 0.1000000015
84331  -57.750  13.271  20.555 0.1000000015
84323  -49.783  12.170  20.357 0.1000000015
84324  -50.683  12.151  21.016 0.1000000015
128889  -54.212  11.314  17.072 0.1000000015
83380  -54.468  11.581  18.929 0.1000000015
149141  -56.306  13.024  17.614 0.1000000015
141755  -50.404  12.714  19.922 0.1000000015
83401  -54.264  11.327  17.939 0.1000000015
84394  -48.651  12.235  17.293 0.1000000015
84360  -49.561  12.809  18.192 0.1000000015
85280  -49.974  12.981  18.977 0.1000000015
83379  -53.295  11.460  18.807 0.1000000015
83413  -47.415  11.976  16.818 0.1000000015
84393  -47.921  12.165  17.127 0.1000000015
82372  -52.432  10.916  17.578 0.1000000015
136829  -52.599  11.286  18.274 0.1000000015
83427  -47.009  11.447  16.299 0.1000000015
82384  -49.539  11.002  16.588 0.1000000015
82370  -50.685  11.330  17.397 0.1000000015
82371  -51.562  11.020  17.524 0.1000000015
82385  -50.417  10.769  16.671 0.1000000015
82386  -51.329  10.562  16.723 0.1000000015
82399  -44.902  10.622  15.593 0.1000000015
82400  -45.729  10.665  15.640 0.1000000015
82420  -48.109  9.849  14.999 0.1000000015
82404  -49.291  10.368  15.866 0.1000000015
90924  -59.424  20.125  10.531 0.1000000015
90923  -58.753  19.921  10.462 0.1000000015
90010  -57.777  19.006  9.356 0.1000000015
81435  -41.956  9.917  15.163 0.1000000015
82417  -45.306  10.073  14.881 0.1000000015
89097  -57.217  18.145  8.982 0.1000000015
90933  -60.050  20.327  9.487 0.1000000015
90932  -59.033  20.305  9.793 0.1000000015
90931  -58.416  19.775  9.630 0.1000000015
82415  -43.612  9.948  14.895 0.1000000015
89104  -57.359  17.999  8.120 0.1000000015
143986  -60.654  20.188  8.157 0.1000000015
91864  -60.258  20.456  8.604 0.1000000015
91862  -59.459  20.445  9.223 0.1000000015
146935  -60.980  19.813  7.669 0.1000000015
91870  -60.502  20.534  7.702 0.1000000015
90948  -60.232  20.650  7.691 0.1000000015
90949  -60.908  20.444  7.186 0.1000000015
91869  -60.796  20.696  6.797 0.1000000015
90957  -61.092  20.605  6.432 0.1000000015
139761  -60.991  20.776  6.160 0.1000000015
71799  -54.971  -0.561  20.333 0.1000000015
72761  -54.105  0.645  20.245 0.1000000015
73724  -53.533  1.317  19.958 0.1000000015
70819  -55.167  -1.164  18.878 0.1000000015
70811  -55.382  -0.731  19.309 0.1000000015
140151  -54.144  1.895  19.756 0.1000000015
71811  -55.747  -0.077  19.165 0.1000000015
70827  -55.359  -0.362  18.346 0.1000000015
71825  -55.709  0.259  18.133 0.1000000015
72783  -56.051  0.809  17.923 0.1000000015
73748  -56.868  1.651  18.091 0.1000000015
74715  -57.256  2.084  18.683 0.1000000015
76667  -53.761  4.563  18.393 0.1000000015
74716  -57.742  2.645  18.301 0.1000000015
75716  -57.841  3.644  18.901 0.1000000015
152940  -53.544  5.878  18.163 0.1000000015
78545  -53.374  6.610  18.358 0.1000000015
74728  -57.642  2.664  17.622 0.1000000015
76670  -58.099  4.280  18.573 0.1000000015
77608  -57.380  5.200  19.204 0.1000000015
79485  -52.803  7.351  18.568 0.1000000015
77615  -57.864  4.831  18.911 0.1000000015
78548  -57.833  5.419  18.707 0.1000000015
79476  -57.084  6.944  19.139 0.1000000015
80480  -56.563  8.645  20.114 0.1000000015
80491  -51.628  8.724  19.524 0.1000000015
80492  -52.623  8.717  19.570 0.1000000015
80496  -56.664  7.890  19.576 0.1000000015
134390  -57.001  10.108  20.657 0.1000000015
82357  -57.328  11.131  20.982 0.1000000015
82353  -51.467  10.594  21.234 0.1000000015
128830  -56.435  12.768  21.397 0.1000000015
83353  -57.092  12.745  21.317 0.1000000015
83347  -51.211  11.732  21.598 0.1000000015
83360  -50.637  11.422  21.394 0.1000000015
83369  -56.009  12.573  19.920 0.1000000015
84329  -56.319  12.962  20.909 0.1000000015
84330  -57.356  13.315  20.666 0.1000000015
140006  -51.166  12.686  20.434 0.1000000015
83368  -54.839  12.089  19.822 0.1000000015
84364  -56.210  12.619  18.967 0.1000000015
84365  -56.720  13.214  19.469 0.1000000015
84347  -57.089  13.444  20.275 0.1000000015
84361  -50.324  12.836  18.623 0.1000000015
84342  -50.798  12.886  19.436 0.1000000015
83397  -49.393  12.372  17.524 0.1000000015
84381  -49.090  12.592  17.682 0.1000000015
83366  -52.645  12.222  19.724 0.1000000015
83414  -48.154  11.856  16.837 0.1000000015
83400  -51.812  11.492  18.254 0.1000000015
83416  -49.834  11.697  17.202 0.1000000015
82401  -46.595  10.653  15.661 0.1000000015
82403  -48.404  10.486  15.812 0.1000000015
82383  -48.693  11.201  16.488 0.1000000015
89090  -57.296  18.327  9.887 0.1000000015
90011  -58.281  19.544  8.904 0.1000000015
90941  -58.924  20.276  8.927 0.1000000015
90017  -57.863  18.849  8.524 0.1000000015
90018  -58.668  19.728  8.097 0.1000000015
90955  -59.564  20.354  7.406 0.1000000015
90024  -58.112  18.670  7.636 0.1000000015
90025  -58.916  19.468  7.088 0.1000000015
90026  -59.754  20.270  6.554 0.1000000015
90956  -60.453  20.649  6.804 0.1000000015
90035  -59.155  19.186  6.116 0.1000000015
141811  -60.521  20.675  6.231 0.1000000015
72748  -54.679  -0.027  20.356 0.1000000015
72762  -54.977  0.680  20.096 0.1000000015
71800  -55.188  -0.381  20.026 0.1000000015
72763  -55.561  0.751  19.793 0.1000000015
71801  -55.575  0.197  19.684 0.1000000015
73725  -55.288  1.604  19.707 0.1000000015
153334  -55.938  0.388  19.304 0.1000000015
74693  -54.717  2.558  19.407 0.1000000015
140372  -56.232  2.075  19.473 0.1000000015
73726  -56.539  1.646  19.376 0.1000000015
73738  -56.950  1.636  18.426 0.1000000015
75711  -54.071  3.216  18.985 0.1000000015
75712  -55.070  3.396  19.052 0.1000000015
75714  -56.670  3.052  19.374 0.1000000015
137138  -57.136  2.750  19.352 0.1000000015
75715  -57.315  3.470  19.291 0.1000000015
76658  -56.377  4.913  19.188 0.1000000015
75731  -54.369  3.958  18.706 0.1000000015
75732  -55.183  4.153  18.838 0.1000000015
75713  -56.007  3.906  19.138 0.1000000015
77607  -56.943  5.039  19.319 0.1000000015
137602  -56.926  5.680  19.327 0.1000000015
135756  -54.076  5.379  18.364 0.1000000015
77613  -55.034  5.674  18.722 0.1000000015
77614  -55.863  5.522  19.094 0.1000000015
78537  -57.251  5.931  19.157 0.1000000015
79474  -56.204  7.184  19.633 0.1000000015
132636  -54.175  6.182  18.485 0.1000000015
148187  -54.122  6.810  18.729 0.1000000015
78546  -54.829  6.563  18.893 0.1000000015
78534  -55.301  6.989  19.346 0.1000000015
79475  -56.515  7.292  19.552 0.1000000015
80479  -56.224  8.742  20.418 0.1000000015
81404  -56.574  9.367  20.608 0.1000000015
79471  -53.196  7.999  19.104 0.1000000015
79472  -54.095  7.834  19.382 0.1000000015
82356  -56.673  10.216  21.159 0.1000000015
81415  -52.002  9.423  20.123 0.1000000015
81416  -52.967  9.413  20.279 0.1000000015
81400  -53.550  9.830  20.814 0.1000000015
142794  -52.744  10.164  20.877 0.1000000015
82354  -52.190  10.690  21.379 0.1000000015
82355  -52.999  10.571  21.402 0.1000000015
129838  -55.222  12.567  20.734 0.1000000015
146846  -57.196  11.929  21.426 0.1000000015
84343  -51.421  12.843  19.926 0.1000000015
83348  -51.852  12.016  21.915 0.1000000015
84346  -54.134  12.454  20.660 0.1000000015
84328  -54.562  12.674  21.373 0.1000000015
84382  -49.850  12.713  17.968 0.1000000015
84362  -51.010  12.896  19.085 0.1000000015
84325  -51.840  12.694  20.856 0.1000000015
84326  -52.563  12.663  21.226 0.1000000015
84345  -53.069  12.532  20.606 0.1000000015
83415  -49.028  11.785  16.965 0.1000000015
84363  -51.692  12.613  19.513 0.1000000015
83367  -53.742  11.959  19.780 0.1000000015
83398  -50.189  12.309  17.750 0.1000000015
83376  -50.561  12.626  18.393 0.1000000015
83377  -51.302  12.390  18.757 0.1000000015
83378  -52.170  11.863  18.960 0.1000000015
83399  -51.035  11.825  18.013 0.1000000015
95681  -32.772  25.510  14.721 0.1000000015
140583  -34.906  25.648  14.156 0.1000000015
95695  -35.203  24.928  13.794 0.1000000015
94126  -36.400  23.536  13.178 0.1000000015
93428  -37.043  22.863  12.922 0.1000000015
93429  -38.594  22.456  13.012 0.1000000015
135789  -37.937  23.087  13.146 0.1000000015
94128  -38.881  23.411  13.474 0.1000000015
94915  -39.490  24.142  13.948 0.2000000030
94129  -39.856  23.392  13.737 0.2000000030
94130  -40.684  23.471  14.052 0.2000000030
92681  -42.027  21.977  13.776 0.2000000030
132985  -43.097  21.939  14.241 0.3000000119
93419  -44.005  22.042  14.679 0.3000000119
91813  -46.065  21.102  15.467 0.4000000060
94117  -40.875  24.128  14.512 0.2000000030
93432  -41.227  22.791  13.903 0.2000000030
134830  -42.625  22.752  14.417 0.2000000030
149050  -43.291  22.647  14.656 0.2000000030
148450  -45.490  22.098  15.444 0.3000000119
92667  -47.575  20.852  16.303 0.3000000119
92641  -48.929  21.215  17.252 0.4000000060
92810  -44.212  21.046  -4.576 0.1000000015
76659  -56.873  4.147  19.315 0.1000000015
77606  -56.396  5.821  19.296 0.1000000015
76669  -55.591  4.841  18.905 0.1000000015
78535  -56.007  6.706  19.474 0.1000000015
78547  -55.627  6.244  19.159 0.1000000015
133887  -55.708  7.433  19.718 0.1000000015
145860  -56.163  7.936  20.018 0.1000000015
79473  -54.951  7.635  19.613 0.1000000015
80495  -55.400  8.075  20.055 0.1000000015
80478  -55.779  8.629  20.457 0.1000000015
81403  -56.089  9.359  20.910 0.1000000015
80494  -54.551  8.305  19.885 0.1000000015
81401  -54.504  9.480  20.778 0.1000000015
81381  -54.863  9.819  21.168 0.1000000015
81382  -55.523  9.884  21.295 0.1000000015
81383  -56.096  10.111  21.412 0.1000000015
81380  -53.981  10.282  21.418 0.1000000015
82342  -55.570  10.722  21.895 0.1000000015
82326  -55.931  11.602  22.236 0.1000000015
82343  -56.379  10.890  21.760 0.1000000015
82340  -52.454  11.443  21.904 0.1000000015
83350  -53.172  11.701  22.261 0.1000000015
83334  -53.961  11.854  22.422 0.1000000015
84304  -55.059  12.470  22.237 0.1000000015
83351  -55.875  12.370  22.213 0.1000000015
84313  -52.207  12.434  21.647 0.1000000015
84314  -52.920  12.545  21.890 0.1000000015
84316  -54.565  12.725  21.956 0.1000000015
84317  -55.634  12.690  21.939 0.1000000015
133962  -55.464  12.748  21.542 0.1000000015
84344  -52.130  12.748  20.356 0.1000000015
84327  -53.572  12.663  21.490 0.1000000015
94913  -37.501  24.458  13.733 0.1000000015
133719  -45.009  23.301  15.837 0.3000000119
93411  -46.400  21.884  15.959 0.3000000119
92654  -48.009  21.362  16.835 0.3000000119
92642  -49.666  21.303  17.768 0.4000000060
93395  -46.724  22.646  16.621 0.3000000119
92640  -48.317  21.820  17.330 0.3000000119
93387  -48.023  22.628  17.638 0.3000000119
93388  -49.019  21.899  17.882 0.3000000119
94081  -48.754  22.742  18.202 0.3000000119
99771  -49.278  30.713  1.385 0.4000000060
99755  -49.319  30.558  2.381 0.4000000060
132716  -49.881  30.507  1.771 0.5000000000
99756  -50.297  30.447  2.463 0.5000000000
86227  -56.247  14.369  14.379 0.1000000015
85319  -56.331  14.170  15.186 0.1000000015
86234  -55.884  14.256  13.604 0.1000000015
84404  -55.449  12.875  15.470 0.1000000015
85306  -57.555  14.330  18.693 0.1000000015
130895  -55.672  14.733  12.038 0.1000000015
136343  -56.880  13.855  17.680 0.1000000015
84384  -56.720  13.358  18.553 0.1000000015
87152  -57.769  16.669  14.402 0.1000000015
87167  -55.897  15.401  11.475 0.1000000015
85289  -57.470  13.938  19.540 0.1000000015
87175  -55.575  15.537  10.722 0.1000000015
130705  -58.556  19.107  11.800 0.1000000015
152652  -55.288  15.606  10.097 0.1000000015
89075  -57.940  18.323  11.919 0.1000000015
89993  -59.722  19.330  11.713 0.1000000015
89999  -59.170  19.859  11.142 0.1000000015
89998  -58.605  19.512  11.145 0.1000000015
86242  -56.130  14.818  12.935 0.1000000015
89066  -58.802  18.484  13.560 0.1000000015
89074  -57.216  17.486  11.229 0.1000000015
89083  -57.726  18.552  10.944 0.1000000015
87181  -55.287  15.928  9.497 0.1000000015
90004  -58.006  19.279  10.256 0.1000000015
93379  -49.532  22.351  18.531 0.3000000119
147569  -58.894  15.721  0.780 0.1000000015
132991  -57.289  15.565  -0.129 0.1000000015
87273  -55.631  15.200  -0.451 0.1000000015
90965  -61.178  20.559  5.844 0.1000000015
90036  -59.969  20.218  5.702 0.1000000015
88143  -54.545  16.326  4.112 0.1000000015
88136  -55.612  16.104  5.137 0.1000000015
89111  -57.711  17.502  6.230 0.1000000015
89109  -46.873  17.123  6.160 0.1000000015
89117  -47.618  17.260  5.607 0.1000000015
90033  -49.582  18.913  5.216 0.1000000015
88127  -46.180  16.587  6.588 0.1000000015
87208  -54.941  15.848  6.446 0.1000000015
88119  -56.010  16.816  8.708 0.1000000015
87198  -45.541  15.327  6.913 0.1000000015
144240  -44.976  15.856  7.378 0.1000000015
150720  -40.643  9.807  12.032 0.1000000015
82474  -42.946  10.881  9.717 0.1000000015
84453  -42.956  12.133  8.885 0.1000000015
82436  -38.502  10.629  13.525 0.1000000015
82437  -39.269  10.237  13.115 0.1000000015
82446  -39.442  10.354  12.470 0.1000000015
92680  -40.896  21.924  13.446 0.2000000030
93437  -37.725  22.238  12.814 0.1000000015
92679  -39.167  21.792  12.888 0.1000000015
91812  -45.337  21.048  15.047 0.4000000060
144689  -46.485  20.521  15.492 0.4000000060
91799  -48.456  20.761  16.609 0.4000000060
95682  -33.505  25.578  14.415 0.1000000015
94910  -34.437  24.370  13.626 0.1000000015
153713  -35.102  24.087  13.406 0.1000000015
94911  -35.845  24.226  13.480 0.1000000015
93431  -40.348  22.662  13.586 0.2000000030
93430  -39.472  22.586  13.288 0.2000000030
82478  -47.040  11.106  9.408 0.1000000015
130706  -51.531  13.537  8.851 0.1000000015
85370  -52.334  13.601  9.466 0.1000000015
135426  -47.943  12.342  8.312 0.1000000015
84466  -48.705  12.453  8.352 0.1000000015
85380  -51.388  14.043  8.065 0.1000000015
86294  -51.345  14.937  6.516 0.1000000015
85385  -44.579  13.721  7.643 0.1000000015
86279  -46.444  14.227  7.001 0.1000000015
86290  -47.465  14.672  6.638 0.1000000015
86291  -48.288  14.694  6.529 0.1000000015
87204  -51.242  15.268  5.768 0.1000000015
139736  -46.838  15.250  6.454 0.1000000015
87199  -46.165  15.712  6.553 0.1000000015
136134  -51.916  15.379  5.441 0.1000000015
148990  -48.293  16.630  5.173 0.1000000015
89123  -48.773  17.434  4.836 0.1000000015
88135  -49.143  16.644  4.669 0.1000000015
148027  -49.819  16.790  4.297 0.1000000015
89125  -50.349  17.524  4.064 0.1000000015
81496  -45.574  9.844  11.134 0.1000000015
81498  -47.438  10.253  10.837 0.1000000015
82457  -48.594  10.248  11.491 0.1000000015
86255  -53.677  14.234  9.894 0.1000000015
82464  -43.365  10.276  10.309 0.1000000015
81493  -42.853  9.844  10.887 0.1000000015
87206  -53.525  15.481  6.295 0.1000000015
87224  -54.024  15.740  4.642 0.1000000015
87139  -57.318  15.721  14.772 0.1000000015
86216  -57.113  14.996  15.761 0.1000000015
83459  -53.184  11.791  12.985 0.1000000015
83449  -51.799  10.894  13.200 0.1000000015
83451  -53.036  11.512  13.454 0.1000000015
85331  -54.964  13.025  13.838 0.1000000015
85341  -55.294  13.589  13.340 0.1000000015
85348  -54.947  13.599  12.626 0.1000000015
153660  -42.429  9.644  11.438 0.1000000015
86256  -54.349  14.613  10.110 0.1000000015
86263  -54.053  14.928  9.282 0.1000000015
87216  -54.307  15.618  5.662 0.1000000015
87225  -54.861  15.883  4.866 0.1000000015
84489  -58.937  12.309  4.231 0.1000000015
85430  -59.943  14.129  3.092 0.1000000015
152565  -52.604  -0.106  16.418 0.1000000015
76685  -58.250  4.665  16.005 0.1000000015
84332  -58.240  13.663  20.189 0.1000000015
84413  -54.043  11.983  14.038 0.1000000015
86208  -57.424  14.975  16.755 0.1000000015
87161  -56.709  15.634  13.136 0.1000000015
88092  -56.944  16.360  12.431 0.1000000015
87168  -56.440  15.944  11.721 0.1000000015
81467  -48.485  9.553  13.410 0.1000000015
81466  -47.723  9.476  13.260 0.1000000015
86249  -55.273  14.798  11.192 0.1000000015
89988  -59.739  19.074  12.842 0.1000000015
89986  -58.898  19.037  12.736 0.1000000015
89992  -59.335  19.456  12.060 0.1000000015
81461  -41.436  9.532  13.446 0.1000000015
88117  -54.743  15.901  8.150 0.1000000015
89084  -60.034  18.376  10.574 0.1000000015
133921  -60.144  16.824  8.280 0.1000000015
88120  -60.317  17.801  8.770 0.1000000015
87195  -54.442  15.775  7.287 0.1000000015
149340  -61.003  17.825  5.290 0.1000000015
86320  -59.710  14.571  2.583 0.1000000015
70808  -51.607  -1.501  20.146 0.1000000015
137024  -53.372  -2.450  20.548 0.1000000015
144736  -53.120  -1.704  20.411 0.1000000015
68751  -53.754  -2.970  19.594 0.1000000015
67742  -52.521  -3.575  18.820 0.1000000015
68780  -53.743  -2.347  18.502 0.1000000015
68807  -52.103  -1.717  16.819 0.1000000015
75739  -49.280  4.248  17.721 0.1000000015
75740  -50.219  4.336  17.824 0.1000000015
77624  -51.362  5.313  17.710 0.1000000015
75748  -57.005  3.872  16.068 0.1000000015
84403  -54.790  12.155  15.549 0.1000000015
85290  -58.137  14.491  19.389 0.1000000015
84358  -47.900  12.530  17.632 0.1000000015
81450  -47.888  9.531  14.091 0.1000000015
132105  -60.040  19.048  11.479 0.1000000015
90000  -60.296  19.628  9.635 0.1000000015
91850  -59.853  20.163  10.156 0.1000000015
88110  -55.790  16.533  9.307 0.1000000015
90027  -61.372  20.063  6.098 0.1000000015
147106  -60.786  15.043  3.746 0.1000000015
86334  -59.233  14.979  2.083 0.1000000015
69791  -54.756  -1.734  19.078 0.1000000015
69821  -53.168  -1.186  17.208 0.1000000015
70836  -53.809  -0.821  17.406 0.1000000015
136026  -56.842  8.781  19.492 0.1000000015
83361  -57.596  12.385  20.924 0.1000000015
83417  -53.812  11.182  16.508 0.1000000015
84395  -55.359  12.438  16.319 0.1000000015
84396  -56.162  13.217  16.748 0.1000000015
128809  -56.794  14.184  16.818 0.1000000015
83402  -55.184  11.724  18.068 0.1000000015
84383  -55.948  12.448  18.180 0.1000000015
83412  -46.599  11.976  16.756 0.1000000015
153293  -39.808  10.213  15.056 0.1000000015
145477  -39.169  10.230  13.933 0.1000000015
89082  -56.919  17.576  10.383 0.1000000015
146332  -56.477  17.000  10.155 0.1000000015
147402  -54.453  1.230  20.017 0.1000000015
133026  -54.516  -0.481  17.684 0.1000000015
72784  -56.525  1.351  17.901 0.1000000015
138680  -53.229  5.198  18.041 0.1000000015
74727  -57.010  2.180  17.643 0.1000000015
74731  -57.931  3.138  17.118 0.1000000015
75746  -58.227  3.696  16.976 0.1000000015
77616  -58.248  4.857  18.083 0.1000000015
84312  -51.516  12.328  21.357 0.1000000015
83428  -47.854  11.354  16.391 0.1000000015
90947  -59.425  20.421  8.156 0.1000000015
138684  -56.242  0.590  18.856 0.1000000015
72765  -56.766  1.372  18.935 0.1000000015
76660  -57.491  4.390  19.185 0.1000000015
79486  -53.690  7.323  18.856 0.1000000015
80493  -53.607  8.558  19.709 0.1000000015
81399  -52.128  10.076  20.744 0.1000000015
82339  -51.633  11.336  21.642 0.1000000015
84318  -56.354  12.575  21.826 0.1000000015
141636  -55.993  1.339  19.578 0.1000000015
74694  -55.771  2.718  19.367 0.1000000015
74695  -56.768  2.325  19.378 0.1000000015
76668  -54.690  4.754  18.603 0.1000000015
79487  -54.508  7.213  19.139 0.1000000015
80476  -54.056  9.040  20.292 0.1000000015
83349  -52.574  12.172  22.134 0.1000000015
95696  -36.149  24.997  13.900 0.1000000015
94127  -37.280  23.691  13.333 0.1000000015
93418  -41.941  22.970  14.242 0.2000000030
92665  -44.832  21.747  14.983 0.3000000119
92653  -47.192  21.619  16.434 0.4000000060
80477  -54.987  8.747  20.395 0.1000000015
81402  -55.341  9.270  20.797 0.1000000015
82341  -54.788  10.445  21.687 0.1000000015
82323  -53.929  11.066  22.093 0.1000000015
82324  -54.706  11.237  22.233 0.1000000015
84303  -54.182  12.398  22.243 0.1000000015
93396  -47.594  22.144  17.003 0.3000000119
146941  -47.234  22.887  17.182 0.3000000119
147814  -56.565  15.046  13.932 0.1000000015
86204  -57.740  14.891  17.880 0.1000000015
85307  -58.342  14.869  18.774 0.1000000015
87151  -57.138  15.846  13.906 0.1000000015
87176  -56.198  16.099  11.030 0.1000000015
149076  -55.949  16.355  10.118 0.1000000015
136698  -58.161  18.120  12.664 0.1000000015
88105  -56.585  16.826  10.713 0.1000000015
88098  -56.780  16.634  11.515 0.1000000015
88099  -57.450  17.312  12.091 0.1000000015
100599  -44.727  31.427  1.679 0.2000000030
100588  -46.186  31.386  2.171 0.2000000030
100612  -45.008  31.225  0.893 0.2000000030
100600  -45.571  31.465  1.490 0.2000000030
100587  -45.318  31.452  2.367 0.2000000030
98997  -55.265  29.196  0.980 0.4000000060
98178  -58.138  28.912  1.858 0.2000000030
99757  -51.677  30.407  2.940 0.4000000060
99739  -51.743  30.885  3.472 0.3000000119
99752  -46.756  30.991  2.892 0.2000000030
99753  -47.584  30.793  2.759 0.2000000030
99736  -48.126  30.709  3.452 0.2000000030
99754  -48.400  30.669  2.624 0.3000000119
98984  -56.289  29.411  2.214 0.2000000030
98968  -56.839  29.677  2.516 0.2000000030
99740  -52.565  30.802  3.432 0.3000000119
100575  -52.325  31.498  3.599 0.3000000119
99738  -50.859  30.607  3.186 0.4000000060
99709  -59.658  30.561  6.718 0.3000000119
98177  -57.195  29.133  2.019 0.2000000030
98970  -58.683  29.361  2.083 0.2000000030
98983  -55.716  29.243  1.663 0.2000000030
99768  -44.231  31.014  1.113 0.2000000030
98969  -57.747  29.529  2.303 0.2000000030
100573  -45.909  31.175  3.085 0.1000000015
99734  -46.499  30.920  3.772 0.1000000015
97281  -49.726  28.016  18.335 0.1000000015
98069  -51.411  28.100  18.730 0.1000000015
97280  -49.006  27.875  18.075 0.1000000015
98084  -50.615  28.169  18.423 0.1000000015
132787  -50.741  28.561  17.619 0.1000000015
98070  -52.186  28.299  18.691 0.1000000015
98083  -49.216  28.236  17.637 0.1000000015
98086  -52.511  28.824  18.108 0.1000000015
98114  -48.544  28.583  15.941 0.1000000015
98082  -48.379  28.180  17.385 0.1000000015
128886  -49.996  28.376  17.711 0.1000000015
99737  -48.982  30.697  3.293 0.3000000119
149301  -49.511  31.013  3.842 0.1000000015
99728  -50.904  31.213  3.784 0.1000000015
100574  -51.518  31.708  3.804 0.1000000015
100563  -50.874  31.864  4.043 0.1000000015
99727  -48.653  30.969  4.033 0.2000000030
100562  -50.143  31.623  4.123 0.1000000015
100572  -45.068  31.303  3.274 0.1000000015
131505  -45.697  31.038  3.987 0.1000000015
100586  -44.456  31.426  2.517 0.1000000015
99767  -43.443  30.742  1.295 0.1000000015
99782  -43.839  30.399  0.602 0.1000000015
98095  -48.867  28.451  16.854 0.1000000015
98098  -51.254  28.910  17.048 0.1000000015
98845  -53.937  29.434  17.894 0.1000000015
99633  -57.242  30.864  18.415 0.1000000015
98115  -49.506  28.730  16.054 0.1000000015
139352  -50.293  29.046  15.810 0.1000000015
98851  -51.794  29.344  16.440 0.1000000015
98844  -52.982  29.261  17.569 0.1000000015
98853  -54.701  30.028  17.779 0.1000000015
99632  -55.782  30.666  18.461 0.1000000015
99641  -57.457  30.832  17.458 0.2000000030
131697  -49.876  30.648  3.195 0.3000000119
101310  -52.957  32.015  3.415 0.1000000015
101311  -53.764  32.228  3.057 0.2000000030
101316  -53.730  32.800  2.570 0.1000000015
101317  -54.579  32.408  2.552 0.2000000030
101333  -55.928  32.942  0.611 0.2000000030
101302  -51.221  32.455  3.870 0.1000000015
101309  -51.999  32.302  3.588 0.1000000015
102021  -53.101  32.802  2.934 0.1000000015
102031  -54.013  33.147  1.968 0.1000000015
102039  -55.075  33.291  0.862 0.1000000015
102049  -56.466  33.066  -0.716 0.1000000015
102030  -53.258  33.289  2.287 0.1000000015
102044  -55.354  33.548  -0.003 0.1000000015
102045  -56.035  33.199  -0.170 0.1000000015
144352  -48.493  31.947  4.792 0.1000000015
100560  -48.257  31.450  4.537 0.2000000030
100561  -49.116  31.658  4.415 0.2000000030
102043  -54.657  33.727  0.407 0.1000000015
102056  -56.373  33.401  -1.580 0.1000000015
99725  -47.106  31.062  4.375 0.1000000015
99726  -47.849  30.980  4.164 0.1000000015
102048  -55.814  33.548  -0.769 0.1000000015
100431  -56.959  31.472  18.937 0.1000000015
151873  -54.049  29.813  17.390 0.1000000015
100478  -57.364  31.092  15.797 0.2000000030
100576  -53.149  31.123  3.504 0.2000000030
101312  -54.363  31.756  3.128 0.2000000030
101318  -55.477  32.342  2.110 0.2000000030
102029  -52.441  33.425  2.708 0.1000000015
101334  -56.598  32.772  0.028 0.1000000015
102020  -52.414  32.768  3.242 0.1000000015
102012  -50.795  33.108  3.901 0.1000000015
102057  -57.166  32.847  -2.002 0.1000000015
101300  -49.713  32.393  4.435 0.1000000015
102011  -50.098  33.108  4.243 0.1000000015
99684  -57.556  30.169  14.127 0.2000000030
99696  -58.751  30.492  9.536 0.1000000015
99639  -55.138  30.798  17.470 0.1000000015
100440  -56.682  31.819  18.734 0.1000000015
100448  -57.444  31.681  17.102 0.1000000015
98986  -60.669  29.239  1.884 0.1000000015
98985  -60.469  29.121  1.662 0.1000000015
98971  -59.697  29.206  1.719 0.1000000015
99778  -60.730  30.496  1.531 0.1000000015
99760  -57.413  30.238  2.461 0.1000000015
99761  -58.316  30.039  2.241 0.1000000015
99762  -59.242  29.875  1.910 0.1000000015
99791  -60.712  30.976  0.596 0.1000000015
100607  -58.490  31.004  1.330 0.1000000015
154793  -59.091  30.627  1.337 0.1000000015
99790  -60.317  30.698  0.613 0.1000000015
100606  -57.528  31.356  1.660 0.1000000015
99805  -60.537  31.176  -0.131 0.1000000015
100619  -58.841  31.271  0.459 0.1000000015
100620  -59.877  30.974  -0.020 0.1000000015
100632  -61.000  31.714  -0.689 0.1000000015
140497  -53.799  31.452  3.343 0.2000000030
100631  -60.655  31.634  -1.329 0.1000000015
152260  -55.195  32.032  2.595 0.2000000030
101326  -56.236  32.340  1.477 0.1000000015
101342  -57.173  32.574  -0.592 0.1000000015
101349  -58.757  31.658  -2.083 0.1000000015
100638  -59.765  31.130  -2.702 0.1000000015
102019  -51.589  33.224  3.397 0.1000000015
102677  -52.809  33.816  1.871 0.1000000015
102037  -53.491  33.647  1.569 0.1000000015
102038  -54.225  33.577  1.106 0.1000000015
101348  -57.981  32.209  -2.521 0.1000000015
101343  -57.765  32.312  -1.430 0.1000000015
100639  -60.287  31.428  -2.254 0.1000000015
101363  -60.540  31.320  -3.769 0.1000000015
102018  -50.848  33.650  3.566 0.1000000015
102668  -51.133  34.023  3.109 0.1000000015
152224  -51.750  33.842  2.784 0.1000000015
101355  -58.914  31.464  -3.164 0.1000000015
100645  -59.815  30.881  -3.703 0.1000000015
102701  -54.690  34.024  -0.241 0.1000000015
140017  -56.758  33.291  -2.463 0.1000000015
102065  -57.419  32.781  -2.990 0.1000000015
101361  -59.032  31.040  -4.346 0.1000000015
101910  -57.147  33.786  18.556 0.1000000015
100442  -57.320  32.011  18.503 0.1000000015
100447  -56.315  32.407  18.267 0.1000000015
99671  -57.160  30.977  14.824 0.2000000030
133158  -60.652  31.013  3.361 0.1000000015
100581  -60.811  31.176  2.701 0.1000000015
100609  -61.063  31.296  1.413 0.1000000015
101328  -61.013  32.010  1.764 0.1000000015
98954  -55.961  29.817  2.743 0.1000000015
99792  -61.009  31.347  0.612 0.1000000015
100621  -60.906  31.411  -0.120 0.1000000015
100592  -56.339  31.266  2.512 0.1000000015
101344  -61.074  32.297  -0.595 0.1000000015
102046  -60.640  33.234  -0.118 0.1000000015
102703  -60.353  33.642  -0.531 0.1000000015
100578  -55.335  31.010  3.144 0.1000000015
100591  -55.635  31.604  2.659 0.1000000015
139277  -56.641  32.476  0.729 0.1000000015
101335  -57.365  32.211  0.273 0.1000000015
140571  -57.996  32.006  -0.546 0.1000000015
102676  -51.405  34.382  2.406 0.1000000015
147545  -52.096  34.072  2.113 0.1000000015
102686  -53.089  34.026  1.220 0.1000000015
102687  -53.578  33.948  0.935 0.1000000015
102694  -54.014  34.134  0.298 0.1000000015
99703  -59.156  30.720  7.888 0.2000000030
101181  -56.965  32.919  18.812 0.1000000015
99683  -56.807  30.988  13.943 0.1000000015
150797  -57.906  30.958  9.971 0.1000000015
100550  -60.056  31.199  4.787 0.2000000030
144243  -57.430  32.981  17.872 0.1000000015
100565  -60.330  31.295  4.032 0.1000000015
101306  -60.173  32.058  3.704 0.1000000015
101313  -60.334  32.384  3.001 0.1000000015
142579  -61.194  31.960  0.867 0.1000000015
133862  -60.635  33.162  0.641 0.1000000015
102689  -59.021  34.568  1.039 0.1000000015
102696  -60.239  33.628  0.362 0.1000000015
100579  -55.901  30.931  2.884 0.1000000015
101327  -57.070  31.984  1.190 0.1000000015
102695  -59.585  34.245  0.314 0.1000000015
100605  -56.751  31.684  1.952 0.1000000015
99699  -58.224  31.041  9.034 0.1000000015
100477  -57.063  31.833  15.511 0.1000000015
100457  -57.316  32.309  16.472 0.1000000015
100549  -59.683  31.372  5.291 0.1000000015
101305  -59.808  32.329  3.883 0.1000000015
101304  -59.241  32.589  4.285 0.1000000015
102025  -59.981  32.699  3.191 0.1000000015
102016  -58.877  33.118  3.907 0.1000000015
102033  -60.271  32.968  2.333 0.1000000015
102024  -59.508  32.885  3.554 0.1000000015
102681  -59.790  33.596  2.031 0.1000000015
102040  -60.328  33.352  1.344 0.1000000015
102680  -58.953  34.020  2.556 0.1000000015
102690  -59.756  33.867  1.154 0.1000000015
104060  -56.350  36.535  2.261 0.1000000015
103362  -58.107  35.287  0.914 0.1000000015
100498  -56.129  31.084  11.021 0.1000000015
149923  -56.956  31.135  9.854 0.1000000015
100511  -57.623  31.417  8.411 0.1000000015
100512  -58.516  31.128  8.182 0.1000000015
100519  -58.792  31.285  7.366 0.2000000030
130828  -56.359  31.086  12.963 0.2000000030
144509  -56.191  30.996  11.949 0.1000000015
139824  -57.107  32.813  15.857 0.1000000015
100486  -56.173  31.823  13.719 0.1000000015
100500  -55.301  31.548  10.532 0.1000000015
100505  -56.321  31.386  9.349 0.1000000015
100510  -56.594  31.566  8.544 0.1000000015
100517  -56.928  31.787  7.779 0.1000000015
100548  -59.244  31.704  5.622 0.1000000015
101232  -55.747  32.455  13.300 0.1000000015
155552  -55.440  32.209  12.630 0.1000000015
100497  -55.399  31.588  11.467 0.1000000015
100531  -58.283  31.832  6.814 0.1000000015
101958  -56.549  33.658  14.521 0.1000000015
100499  -54.712  32.117  10.936 0.1000000015
101240  -55.372  32.864  12.646 0.1000000015
100493  -55.041  32.356  11.879 0.1000000015
101295  -58.905  32.305  5.103 0.1000000015
101957  -56.003  33.425  13.537 0.1000000015
101303  -58.318  33.009  4.630 0.1000000015
102603  -56.697  34.500  14.328 0.1000000015
102015  -57.309  33.538  4.603 0.1000000015
102022  -58.054  33.714  3.892 0.1000000015
102679  -57.908  34.614  2.706 0.1000000015
105506  -59.462  39.188  4.815 0.1000000015
105493  -58.601  38.542  4.656 0.1000000015
153835  -58.626  38.683  3.788 0.1000000015
102688  -58.326  34.790  1.834 0.1000000015
105505  -59.436  39.226  3.927 0.1000000015
104805  -56.614  37.400  2.267 0.1000000015
104793  -56.009  37.171  3.577 0.1000000015
103361  -57.526  35.480  1.474 0.1000000015
100508  -54.780  32.040  8.953 0.1000000015
101264  -57.302  32.079  7.037 0.1000000015
101281  -57.697  32.353  6.271 0.1000000015
101968  -55.553  34.068  11.952 0.1000000015
138566  -54.630  33.407  11.118 0.1000000015
101279  -55.715  32.737  6.709 0.1000000015
101293  -57.117  32.818  5.764 0.1000000015
102608  -56.322  34.253  13.185 0.1000000015
101996  -55.279  33.345  6.232 0.1000000015
138195  -56.780  34.996  13.577 0.1000000015
101292  -56.181  33.041  5.958 0.1000000015
102004  -55.804  33.654  5.419 0.1000000015
102661  -56.096  34.530  4.267 0.1000000015
102014  -56.383  33.902  4.713 0.1000000015
102670  -56.542  34.776  3.616 0.1000000015
148858  -59.726  39.738  5.721 0.1000000015
105494  -58.954  38.523  5.562 0.1000000015
104782  -56.532  37.590  4.670 0.1000000015
104045  -55.436  36.373  4.389 0.1000000015
103334  -55.409  35.672  4.343 0.1000000015
103342  -55.697  35.856  3.654 0.1000000015
102678  -56.959  35.034  2.928 0.1000000015
100509  -55.608  31.737  8.730 0.1000000015
101263  -56.274  32.248  7.231 0.1000000015
101246  -54.239  32.574  9.097 0.1000000015
101249  -54.435  32.574  8.392 0.1000000015
101262  -55.358  32.456  7.450 0.1000000015
101970  -54.313  33.290  10.402 0.1000000015
101986  -54.327  33.332  7.389 0.1000000015
103276  -56.972  35.716  14.480 0.1000000015
102614  -54.258  33.965  9.753 0.1000000015
101985  -54.030  33.548  7.937 0.1000000015
103277  -57.410  36.635  13.653 0.1000000015
102609  -56.721  34.932  12.770 0.1000000015
132126  -55.591  34.415  11.249 0.1000000015
101994  -54.167  34.139  7.158 0.1000000015
101995  -54.582  33.697  6.636 0.1000000015
102640  -54.467  34.979  6.531 0.1000000015
134975  -55.159  34.693  5.216 0.1000000015
104774  -58.160  38.079  5.611 0.1000000015
151442  -56.981  37.614  5.714 0.1000000015
142206  -55.531  36.720  5.770 0.1000000015
103283  -57.294  35.677  13.226 0.1000000015
102612  -56.517  34.804  11.869 0.1000000015
102630  -54.027  34.194  8.026 0.1000000015
104762  -57.128  37.061  6.748 0.1000000015
104028  -56.075  37.015  6.192 0.1000000015
103333  -55.118  35.979  5.051 0.1000000015
105416  -54.738  38.792  16.210 0.1000000015
154478  -56.612  37.405  15.249 0.1000000015
151665  -57.795  36.890  13.021 0.1000000015
142743  -57.487  35.455  11.313 0.1000000015
102617  -56.570  34.922  10.943 0.1000000015
102619  -55.539  34.893  9.702 0.1000000015
146503  -54.612  35.392  6.961 0.1000000015
104016  -56.065  36.513  7.107 0.1000000015
103306  -55.080  35.964  7.027 0.1000000015
103316  -54.859  35.737  6.394 0.1000000015
103990  -57.451  37.240  13.346 0.1000000015
103286  -57.440  35.580  12.224 0.1000000015
105421  -53.121  39.728  16.020 0.1000000015
104686  -55.926  38.529  14.775 0.1000000015
105434  -54.923  39.110  15.559 0.1000000015
104687  -56.934  37.945  13.913 0.1000000015
103293  -55.381  35.188  8.924 0.1000000015
103297  -55.207  35.453  8.208 0.1000000015
102618  -54.661  34.588  9.249 0.1000000015
103291  -57.493  35.422  10.496 0.1000000015
149370  -56.459  35.351  9.396 0.1000000015
104707  -56.821  37.798  13.142 0.1000000015
104005  -56.529  36.119  7.876 0.1000000015
103997  -58.184  36.755  11.776 0.1000000015
143813  -55.361  38.168  13.159 0.1000000015
104708  -57.430  37.423  12.934 0.1000000015
103287  -58.037  36.120  11.575 0.1000000015
104722  -55.957  37.513  11.812 0.1000000015
104743  -52.976  37.695  10.338 0.1000000015
104734  -54.939  37.459  11.384 0.1000000015
139815  -54.002  37.596  11.991 0.1000000015
104721  -55.072  37.670  12.333 0.1000000015
131747  -56.952  37.531  12.329 0.1000000015
104744  -53.873  37.686  10.244 0.1000000015
104735  -55.864  37.508  10.862 0.1000000015
104725  -58.386  36.912  10.990 0.1000000015
104724  -57.906  37.175  11.909 0.1000000015
104736  -56.882  37.647  10.395 0.1000000015
103288  -58.430  36.227  10.304 0.1000000015
104749  -58.624  37.074  10.128 0.1000000015
104748  -57.823  37.734  9.870 0.1000000015
100630  -60.249  31.269  -0.953 0.1000000015
100641  -60.997  31.980  -1.340 0.1000000015
100618  -57.903  31.633  0.867 0.1000000015
100629  -59.090  31.401  -0.540 0.1000000015
130640  -58.437  38.679  2.552 0.1000000015
101336  -58.222  31.744  0.129 0.1000000015
103360  -56.805  36.066  1.629 0.1000000015
134688  -58.718  34.988  0.082 0.1000000015
140105  -59.588  31.287  -1.625 0.1000000015
102058  -60.728  33.082  -1.650 0.1000000015
145728  -58.612  31.725  -1.222 0.1000000015
135392  -58.557  30.369  10.394 0.2000000030
98085  -51.526  28.582  18.030 0.1000000015
98852  -52.625  29.500  16.741 0.1000000015
101301  -50.492  32.428  4.164 0.1000000015
99640  -55.935  31.506  18.192 0.1000000015
99777  -60.483  30.243  1.548 0.1000000015
101350  -60.793  32.290  -1.945 0.1000000015
102066  -60.652  32.701  -2.552 0.1000000015
130122  -60.768  32.711  1.366 0.1000000015
102702  -59.973  34.106  -0.954 0.1000000015
130720  -56.659  32.041  14.764 0.1000000015
102672  -58.300  34.088  3.210 0.1000000015
103352  -56.522  35.763  2.523 0.1000000015
104783  -57.513  38.015  4.782 0.1000000015
105503  -57.078  37.895  3.975 0.1000000015
103343  -56.197  35.495  3.267 0.1000000015
101972  -54.015  33.642  9.203 0.1000000015
105468  -54.752  38.024  9.669 0.1000000015
93386  -46.536  23.485  17.106 0.2000000030
94857  -49.571  24.367  19.179 0.2000000030
94089  -48.107  23.627  18.143 0.2000000030
95632  -48.415  25.428  18.466 0.2000000030
139503  -49.486  26.135  18.923 0.2000000030
95633  -49.145  25.360  18.874 0.2000000030
96474  -47.466  26.426  17.974 0.2000000030
140517  -47.868  24.672  18.194 0.2000000030
94856  -48.678  24.453  18.637 0.2000000030
94865  -46.429  24.111  17.449 0.2000000030
95631  -47.679  25.544  18.125 0.2000000030
93410  -45.872  22.920  16.131 0.2000000030
130485  -47.262  23.502  17.536 0.2000000030
95621  -50.581  25.710  19.534 0.2000000030
94082  -49.188  23.379  18.739 0.2000000030
94097  -45.988  23.436  16.722 0.2000000030
94866  -47.224  24.242  17.807 0.2000000030
96464  -48.218  26.314  18.316 0.2000000030
153056  -47.239  24.926  17.929 0.2000000030
155493  -39.929  24.619  14.410 0.1000000015
134138  -42.327  23.562  14.793 0.1000000015
93408  -43.765  23.097  15.084 0.1000000015
142652  -38.963  27.133  14.529 0.1000000015
95688  -38.999  25.538  14.491 0.1000000015
94901  -39.282  24.830  14.310 0.1000000015
95671  -40.938  25.519  15.122 0.1000000015
95689  -40.073  25.328  14.716 0.1000000015
95690  -40.879  25.034  15.043 0.1000000015
94904  -42.065  24.309  15.170 0.1000000015
94874  -43.654  24.692  16.241 0.1000000015
94876  -44.785  24.308  16.814 0.1000000015
94109  -43.438  23.901  15.585 0.1000000015
97304  -42.337  27.298  15.240 0.1000000015
97306  -43.889  27.790  15.688 0.1000000015
96517  -40.406  26.258  14.850 0.1000000015
143495  -41.667  26.943  15.074 0.1000000015
96502  -43.087  26.104  15.872 0.1000000015
96482  -44.508  26.315  16.610 0.1000000015
96483  -45.201  26.269  16.971 0.1000000015
96473  -46.680  26.404  17.609 0.1000000015
95674  -42.767  25.365  15.820 0.1000000015
94873  -43.015  24.843  15.880 0.1000000015
143727  -44.081  24.865  16.674 0.1000000015
95642  -46.168  25.499  17.523 0.1000000015
98111  -44.648  27.906  16.005 0.1000000015
96452  -50.020  26.427  19.145 0.1000000015
94116  -40.250  24.094  14.216 0.1000000015
94118  -41.496  23.707  14.518 0.1000000015
94903  -41.342  24.586  14.984 0.1000000015
94119  -43.024  23.366  14.994 0.1000000015
97263  -48.123  27.119  18.158 0.1000000015
94088  -45.568  24.087  17.109 0.1000000015
95643  -46.962  25.579  17.801 0.1000000015
94864  -44.788  24.641  17.050 0.1000000015
94096  -45.278  23.760  16.563 0.1000000015
94108  -42.769  24.096  15.395 0.1000000015
96516  -38.536  26.328  14.499 0.1000000015
142776  -39.487  26.251  14.628 0.1000000015
94900  -38.498  25.003  14.218 0.1000000015
95687  -38.121  25.659  14.366 0.1000000015
95672  -41.472  25.073  15.299 0.1000000015
96500  -41.249  26.239  15.149 0.1000000015
94889  -41.925  24.789  15.372 0.1000000015
94890  -42.557  24.640  15.589 0.1000000015
95653  -43.465  25.272  16.258 0.1000000015
94891  -43.302  24.500  15.902 0.1000000015
94892  -43.839  24.332  16.145 0.1000000015
97305  -43.106  27.640  15.431 0.1000000015
98110  -43.466  28.459  15.245 0.1000000015
97287  -43.507  26.974  15.828 0.1000000015
96518  -40.867  27.231  14.760 0.1000000015
96501  -42.186  26.145  15.504 0.1000000015
139143  -41.588  25.536  15.353 0.1000000015
96481  -43.803  26.235  16.264 0.1000000015
143311  -44.076  25.559  16.600 0.1000000015
96472  -45.907  26.287  17.293 0.1000000015
95641  -45.347  25.407  17.290 0.1000000015
97276  -45.692  26.965  17.023 0.1000000015
67714  -53.291  -3.433  19.474 0.1000000015
68752  -54.278  -2.347  19.303 0.1000000015
68781  -54.243  -1.777  18.452 0.1000000015
69779  -54.409  -2.147  20.042 0.1000000015
69811  -53.910  -1.787  18.171 0.1000000015
69812  -54.409  -1.361  18.215 0.1000000015
70796  -54.087  -1.643  20.459 0.1000000015
70798  -54.849  -1.459  19.971 0.1000000015
70799  -55.186  -0.861  19.851 0.1000000015
70810  -55.052  -1.324  19.468 0.1000000015
70820  -55.462  -0.559  18.713 0.1000000015
71816  -55.778  0.084  18.530 0.1000000015
71833  -54.784  0.157  17.545 0.1000000015
72749  -55.219  0.086  20.113 0.1000000015
72760  -53.056  0.590  20.037 0.1000000015
72764  -56.144  0.851  19.408 0.1000000015
72772  -56.169  0.688  18.273 0.1000000015
72773  -56.608  1.172  18.399 0.1000000015
72796  -54.125  0.803  16.751 0.1000000015
73739  -57.263  2.100  18.120 0.1000000015
74696  -57.064  2.143  19.185 0.1000000015
74697  -57.588  2.808  18.991 0.1000000015
74713  -52.221  2.883  18.872 0.1000000015
74726  -50.012  3.379  18.129 0.1000000015
74729  -56.466  2.467  16.952 0.1000000015
74736  -57.120  3.193  16.664 0.1000000015
75733  -58.024  3.178  18.485 0.1000000015
75742  -58.123  3.210  17.708 0.1000000015
75749  -57.640  3.971  16.185 0.1000000015
76665  -51.881  4.155  18.092 0.1000000015
76692  -57.670  4.958  15.202 0.1000000015
78536  -56.625  6.497  19.391 0.1000000015
78560  -58.316  5.638  16.424 0.1000000015
79482  -49.695  7.561  18.608 0.1000000015
81398  -51.490  9.960  20.654 0.1000000015
81433  -40.451  10.032  14.958 0.1000000015
81436  -42.657  9.813  14.869 0.1000000015
81445  -43.216  9.553  14.091 0.1000000015
81478  -48.272  9.622  12.671 0.1000000015
81484  -43.204  9.545  11.679 0.1000000015
81495  -44.694  9.781  11.059 0.1000000015
81497  -46.768  10.105  10.875 0.1000000015
82325  -55.285  11.512  22.309 0.1000000015
82338  -50.947  11.042  21.501 0.1000000015
82344  -56.924  11.182  21.507 0.1000000015
82387  -52.230  10.580  16.747 0.1000000015
82402  -47.490  10.583  15.720 0.1000000015
82412  -37.943  10.810  14.106 0.1000000015
82422  -50.459  9.999  14.233 0.1000000015
82425  -52.972  10.886  15.241 0.1000000015
82445  -38.816  10.772  12.617 0.2000000030
82447  -39.895  10.275  11.968 0.1000000015
82455  -40.391  10.436  11.311 0.2000000030
83333  -53.335  12.287  22.238 0.1000000015
83335  -54.747  12.018  22.459 0.1000000015
83336  -55.399  12.071  22.405 0.1000000015
83352  -56.621  11.984  21.905 0.1000000015
83448  -37.829  11.200  13.540 0.2000000030
83456  -50.948  10.954  12.176 0.1000000015
83472  -40.973  11.338  10.310 0.2000000030
83477  -51.097  11.619  11.194 0.1000000015
83484  -43.444  11.406  9.232 0.1000000015
83490  -50.425  11.928  10.006 0.1000000015
84315  -53.651  12.613  22.045 0.1000000015
84391  -46.149  12.146  16.973 0.1000000015
84420  -36.821  12.685  13.937 0.2000000030
84421  -37.499  12.645  13.245 0.2000000030
84455  -50.374  12.415  9.300 0.1000000015
85281  -57.892  14.073  20.111 0.1000000015
85318  -55.757  13.460  15.091 0.1000000015
85360  -41.075  13.600  10.477 0.2000000030
85375  -42.884  13.612  8.738 0.2000000030
85377  -44.080  13.177  7.994 0.1000000015
85387  -46.110  13.637  7.318 0.1000000015
86378  -54.484  14.448  -4.027 0.1000000015
87137  -35.687  15.402  14.274 0.1000000015
87173  -44.158  15.894  10.912 0.2000000030
87191  -44.353  15.324  7.848 0.2000000030
87222  -52.504  15.711  4.284 0.1000000015
87223  -53.184  15.694  4.441 0.1000000015
88068  -34.764  17.033  14.724 0.1000000015
88074  -36.137  16.329  13.380 0.2000000030
88075  -36.929  15.812  13.382 0.2000000030
88088  -44.094  16.602  12.480 0.4000000060
88097  -46.480  16.755  11.907 0.4000000060
88149  -51.012  17.113  3.740 0.1000000015
88203  -60.139  16.879  -2.359 0.2000000030
89027  -34.573  17.658  15.157 0.1000000015
89047  -42.938  17.594  13.904 0.4000000060
89053  -48.438  17.529  13.027 0.5000000000
89064  -47.849  17.313  12.605 0.5000000000
89089  -46.999  17.925  9.937 0.3000000119
89101  -45.641  16.909  7.289 0.1000000015
89118  -48.189  17.544  5.256 0.1000000015
89201  -57.251  17.649  -6.789 0.2000000030
89952  -34.486  18.326  14.457 0.1000000015
89980  -36.823  18.328  12.648 0.2000000030
90003  -47.302  18.552  9.055 0.3000000119
90041  -49.921  18.358  4.556 0.1000000015
90043  -51.831  19.205  4.227 0.1000000015
90057  -61.517  19.608  3.559 0.2000000030
90072  -49.206  19.154  1.192 0.2000000030
90079  -47.864  19.161  0.666 0.2000000030
90104  -48.668  18.811  -0.742 0.3000000119
90115  -60.870  17.937  -1.130 0.2000000030
90142  -53.245  18.260  -3.561 0.3000000119
90160  -59.011  18.312  -4.693 0.3000000119
90179  -58.024  18.091  -6.195 0.2000000030
90201  -55.925  18.914  -7.731 0.2000000030
90873  -51.325  20.010  15.882 0.6000000238
90881  -46.645  19.965  15.312 0.6000000238
90892  -46.086  19.524  14.822 0.5000000000
90897  -51.233  19.646  15.307 0.5000000000
90899  -34.113  19.723  13.871 0.1000000015
90908  -36.474  19.683  12.648 0.2000000030
90912  -51.229  20.129  13.066 0.5000000000
90913  -51.487  20.293  13.829 0.5000000000
90915  -50.326  19.401  11.671 0.5000000000
90916  -50.882  20.017  12.214 0.5000000000
90917  -59.472  19.707  11.241 0.1000000015
90926  -60.094  20.015  10.022 0.1000000015
90940  -49.482  20.269  8.179 0.2000000030
90942  -59.750  20.570  8.582 0.1000000015
90960  -49.252  19.324  5.969 0.2000000030
90963  -51.625  20.631  5.327 0.2000000030
90975  -45.743  19.669  3.029 0.2000000030
90977  -53.533  19.088  3.590 0.2000000030
90978  -53.490  19.809  3.471 0.2000000030
91012  -46.925  19.358  1.622 0.2000000030
91026  -61.147  20.097  1.877 0.2000000030
91033  -46.568  19.488  0.483 0.5000000000
91034  -47.271  19.297  0.217 0.2000000030
91052  -46.161  19.844  -0.097 0.5000000000
91054  -47.289  19.394  -0.650 0.4000000060
91074  -57.980  19.174  -1.785 0.3000000119
91084  -57.464  18.946  -2.241 0.3000000119
91146  -49.484  19.609  -8.168 0.3000000119
91788  -50.463  20.618  17.399 0.5000000000
91790  -51.531  20.644  17.767 0.6999999881
91801  -49.845  20.474  16.786 0.5000000000
91802  -51.024  20.389  17.255 0.6999999881
91814  -47.143  20.381  15.782 0.4000000060
91820  -33.385  21.092  13.972 0.1000000015
91845  -50.690  20.879  11.565 0.5000000000
91849  -50.438  20.890  10.675 0.6000000238
91856  -50.264  21.451  9.745 0.5000000000
91857  -59.648  20.387  9.742 0.1000000015
91863  -59.944  20.567  9.017 0.1000000015
91867  -50.364  20.924  7.791 0.2000000030
91874  -50.908  21.388  6.546 0.2000000030
91875  -51.100  21.552  6.137 0.2000000030
91876  -60.880  20.775  6.316 0.1000000015
91900  -52.615  20.771  3.950 0.2000000030
91914  -49.702  20.541  2.875 0.2000000030
91915  -50.894  20.590  2.318 0.2000000030
91919  -61.066  20.359  2.480 0.2000000030
91925  -44.479  20.892  1.533 0.5000000000
91927  -51.328  20.384  1.886 0.2000000030
91929  -52.652  20.445  1.832 0.2000000030
91949  -46.547  20.330  -1.333 0.4000000060
91964  -48.451  20.818  -3.540 0.4000000060
91987  -52.384  21.188  -6.459 0.2000000030
92010  -55.233  19.942  -7.921 0.2000000030
92535  -37.668  21.307  32.646 0.1000000015
92544  -37.405  20.948  32.035 0.1000000015
92614  -52.060  21.544  19.351 0.6000000238
92631  -51.239  21.092  18.520 0.6000000238
92633  -52.275  21.335  18.939 0.6999999881
92649  -31.930  21.646  16.283 0.1000000015
92655  -52.198  21.196  17.562 0.6999999881
92666  -46.788  20.992  15.930 0.3000000119
92673  -51.263  21.860  15.011 0.6999999881
92692  -50.234  21.617  12.406 0.6000000238
92703  -49.205  21.773  10.570 0.6000000238
92708  -49.370  21.896  9.703 0.5000000000
92721  -50.080  22.244  7.978 0.2000000030
92731  -50.759  21.794  6.716 0.2000000030
92740  -50.326  22.106  6.160 0.2000000030
92745  -44.428  20.992  4.685 0.3000000119
92752  -52.330  21.084  4.297 0.2000000030
92775  -44.171  21.781  1.140 0.6999999881
92781  -45.009  21.151  0.239 0.5000000000
92800  -47.444  21.436  -3.084 0.6000000238
92820  -50.238  21.702  -5.633 0.4000000060
92834  -45.632  22.409  -6.725 0.2000000030
92839  -53.863  21.531  -8.015 0.3000000119
93314  -34.904  22.782  30.326 0.1000000015
93359  -29.784  22.769  22.362 0.1000000015
93365  -52.401  22.636  20.280 0.5000000000
93366  -53.000  22.411  20.144 0.6000000238
93371  -50.873  22.027  19.264 0.4000000060
93372  -51.716  22.129  19.764 0.5000000000
93381  -52.783  21.726  19.039 0.6999999881
93385  -30.038  22.574  17.328 0.1000000015
93389  -52.377  21.401  18.412 0.6999999881
93406  -31.321  22.907  15.392 0.1000000015
93409  -44.569  22.684  15.232 0.3000000119
93412  -49.751  22.687  14.704 0.8000000119
93417  -32.175  22.964  14.412 0.1000000015
93424  -33.475  22.506  13.477 0.1000000015
93439  -48.278  22.443  12.981 0.6999999881
93449  -45.308  22.795  9.594 0.5000000000
93453  -44.800  22.924  8.958 0.5000000000
93454  -44.941  22.372  8.315 0.6000000238
93463  -49.343  22.227  6.993 0.2000000030
93468  -43.621  22.211  5.460 0.5000000000
93470  -43.440  22.698  4.318 0.6000000238
93495  -45.052  22.246  -0.884 0.8000000119
93506  -46.274  22.240  -2.549 0.6999999881
93990  -35.291  23.194  30.957 0.1000000015
94060  -30.322  23.596  21.535 0.1000000015
94065  -53.526  23.467  20.638 0.4000000060
94086  -29.789  23.463  17.559 0.1000000015
94110  -44.488  24.079  16.376 0.1000000015
94136  -46.622  23.468  11.541 0.8000000119
94141  -45.303  23.528  9.900 0.6000000238
94161  -43.646  23.202  3.662 0.6999999881
94171  -44.201  23.565  1.271 0.6999999881
94185  -44.660  23.849  -1.189 0.8000000119
94191  -45.890  23.051  -2.897 0.8000000119
94218  -50.346  23.542  -7.007 0.4000000060
94243  -51.571  23.376  -8.813 0.4000000060
94836  -54.611  24.589  20.650 0.4000000060
94840  -29.799  24.141  18.930 0.1000000015
94841  -30.283  24.632  19.197 0.1000000015
94845  -51.791  24.192  20.427 0.4000000060
94846  -54.321  23.540  20.009 0.5000000000
94848  -55.417  24.888  19.682 0.4000000060
94858  -53.511  23.327  18.845 0.6000000238
94862  -29.992  24.208  17.501 0.1000000015
94875  -44.170  24.532  16.531 0.1000000015
94878  -51.481  24.148  16.931 0.6999999881
94887  -30.919  24.858  15.869 0.1000000015
94888  -31.251  24.479  15.437 0.1000000015
94893  -50.448  24.313  15.924 0.6999999881
94902  -40.565  24.651  14.688 0.1000000015
94906  -49.295  24.060  14.786 0.8000000119
94916  -47.907  23.825  13.191 0.8000000119
94917  -48.356  24.117  13.666 0.8000000119
94921  -47.417  24.068  12.524 0.8000000119
94925  -47.132  24.627  11.708 0.8000000119
94927  -45.659  24.262  10.188 0.8000000119
94940  -43.852  24.115  6.147 0.6999999881
94944  -43.707  23.898  5.327 0.6999999881
94947  -43.928  24.085  4.647 0.6999999881
94948  -45.264  25.224  4.264 0.6999999881
94955  -44.631  24.395  3.336 0.6999999881
94976  -45.141  24.893  1.018 0.8000000119
95040  -50.699  24.712  -9.223 0.4000000060
95612  -55.591  25.632  20.343 0.3000000119
95620  -49.857  25.481  19.244 0.2000000030
95622  -51.293  25.875  19.798 0.4000000060
95623  -55.895  25.412  19.739 0.3000000119
95637  -56.477  25.802  19.127 0.3000000119
95639  -30.653  25.343  17.349 0.1000000015
95654  -44.613  25.421  16.964 0.1000000015
95660  -55.524  25.911  17.266 0.6999999881
95673  -42.184  25.109  15.578 0.1000000015
95692  -50.246  25.193  14.894 0.8000000119
95693  -50.829  25.439  15.145 0.8000000119
95704  -49.176  25.573  12.928 0.8000000119
95712  -47.598  25.661  10.966 0.8000000119
95718  -44.910  24.870  8.114 0.8000000119
95724  -44.976  25.265  6.793 0.8000000119
95726  -46.117  25.988  7.243 0.8000000119
95742  -47.117  26.072  2.863 0.8000000119
95753  -59.547  26.042  1.424 0.6000000238
95762  -48.679  25.858  1.063 0.8999999762
95765  -51.122  25.487  0.774 0.8999999762
95767  -52.940  25.584  0.398 0.8999999762
95769  -58.194  25.775  1.468 0.6999999881
95772  -60.041  26.327  0.504 0.5000000000
95785  -53.722  25.712  0.079 0.8999999762
95786  -54.558  25.897  -0.115 1.0000000000
95790  -59.851  26.164  -0.118 0.5000000000
95800  -49.753  25.810  -0.213 0.8999999762
95803  -52.474  25.503  -0.830 0.8999999762
95809  -59.099  25.827  -1.191 0.6999999881
95810  -59.404  26.177  -1.148 0.5000000000
95816  -44.969  25.229  -1.140 0.8000000119
95833  -55.693  25.931  -2.845 0.8000000119
95842  -45.224  25.939  -3.206 0.8000000119
95844  -56.100  26.402  -3.408 0.8000000119
95883  -49.470  26.011  -9.754 0.6000000238
96441  -52.933  25.965  20.472 0.3000000119
96442  -53.791  25.984  20.700 0.2000000030
96444  -55.683  26.393  20.317 0.3000000119
96447  -32.500  26.375  18.831 0.1000000015
96465  -48.917  26.215  18.628 0.2000000030
96467  -50.106  27.169  18.987 0.1000000015
96468  -56.946  26.167  18.517 0.3000000119
96484  -53.161  25.950  16.050 0.6999999881
96487  -56.902  26.412  16.587 0.3000000119
96488  -57.361  26.680  16.066 0.3000000119
96503  -51.571  25.814  14.971 0.6999999881
96511  -32.916  26.179  14.889 0.1000000015
96524  -56.816  26.767  14.999 0.5000000000
96548  -46.681  25.916  9.214 0.8000000119
96549  -47.346  26.325  9.046 0.6999999881
96550  -48.179  26.702  9.133 0.6999999881
96555  -47.969  26.832  7.929 0.6999999881
96563  -45.796  25.852  5.884 0.6999999881
96570  -47.082  26.674  5.264 0.8000000119
96578  -48.315  27.092  4.577 0.8000000119
96588  -49.416  26.845  3.166 0.8000000119
96590  -51.813  26.731  3.088 0.6999999881
96592  -55.175  26.993  2.833 0.8000000119
96597  -59.634  26.962  2.823 0.4000000060
96605  -48.326  26.295  2.312 0.8999999762
96609  -52.398  26.421  2.543 0.6999999881
96612  -55.808  26.673  2.278 0.8000000119
96615  -58.545  26.356  2.426 0.6999999881
96617  -60.038  26.795  2.226 0.5000000000
96624  -49.858  26.158  1.738 0.8999999762
96630  -57.483  26.073  1.944 0.6999999881
96637  -48.232  26.106  0.385 0.8999999762
96642  -60.200  26.642  0.309 0.5000000000
96648  -45.846  26.362  -0.815 0.8999999762
96652  -50.390  25.812  -0.568 0.8999999762
96653  -59.780  26.301  -0.660 0.5000000000
96666  -53.154  26.085  -1.880 1.0000000000
96681  -58.563  26.404  -2.307 0.6999999881
96689  -54.855  26.991  -3.810 0.8000000119
96691  -56.729  26.987  -3.387 0.8000000119
96715  -45.007  26.674  -9.802 0.6000000238
96724  -46.800  27.172  -11.077 0.6000000238
96726  -48.848  26.333  -10.293 0.6000000238
97264  -48.879  27.418  18.305 0.1000000015
97266  -50.264  27.656  18.799 0.1000000015
97268  -51.925  27.691  19.140 0.1000000015
97270  -57.121  26.810  18.900 0.3000000119
97277  -46.357  27.137  17.285 0.1000000015
97288  -44.250  27.116  16.177 0.1000000015
97291  -57.820  27.628  17.114 0.4000000060
97322  -54.332  27.215  13.500 0.6000000238
97323  -55.237  27.279  13.408 0.6000000238
97327  -58.378  27.511  14.197 0.4000000060
97332  -55.827  27.402  12.823 0.6000000238
97334  -58.010  27.471  12.715 0.5000000000
97335  -58.733  27.811  12.494 0.4000000060
97340  -53.272  27.776  11.181 0.6000000238
97348  -51.706  27.773  10.578 0.6000000238
97351  -54.657  27.894  10.590 0.6000000238
97354  -58.007  27.986  10.370 0.6999999881
97356  -59.043  28.175  10.770 0.4000000060
97359  -49.532  27.076  9.785 0.6999999881
97362  -53.572  28.207  9.366 0.6000000238
97363  -54.204  28.165  9.051 0.6000000238
97366  -58.498  28.200  9.643 0.5000000000
97377  -56.993  28.332  8.076 0.6999999881
97379  -58.945  28.377  9.036 0.5000000000
97381  -48.742  27.211  7.650 0.6999999881
97383  -50.630  28.081  7.395 0.6999999881
97388  -57.831  28.393  7.714 0.6000000238
97394  -49.619  27.636  6.384 0.6999999881
97403  -58.462  28.266  6.568 0.6000000238
97412  -55.868  27.804  5.299 0.8000000119
97426  -56.616  27.584  4.533 0.8000000119
97427  -57.293  27.630  4.627 0.6999999881
97428  -57.936  27.539  4.383 0.6999999881
97429  -59.030  27.633  4.513 0.6000000238
97448  -58.296  27.185  3.491 0.6999999881
97452  -60.803  27.825  2.749 0.5000000000
97466  -60.805  27.961  1.581 0.3000000119
97472  -60.311  26.998  0.162 0.4000000060
97489  -59.347  26.530  -1.404 0.6000000238
97516  -57.203  27.048  -3.153 0.6999999881
97525  -55.069  27.892  -3.820 0.8000000119
97526  -55.495  27.736  -3.600 0.8000000119
97557  -47.310  27.388  -10.767 0.6000000238
98058  -54.484  28.007  19.632 0.1000000015
98059  -55.288  28.077  19.713 0.2000000030
98087  -53.299  28.987  18.201 0.2000000030
98096  -49.578  28.498  17.029 0.1000000015
98097  -50.349  28.742  16.769 0.1000000015
98099  -52.108  29.067  17.324 0.1000000015
98118  -58.510  28.155  15.095 0.4000000060
98140  -59.225  28.467  12.091 0.4000000060
98144  -59.387  28.636  10.265 0.4000000060
98148  -59.244  28.622  8.519 0.4000000060
98155  -59.498  28.330  5.741 0.4000000060
98163  -59.805  28.135  4.875 0.4000000060
98164  -60.300  28.438  4.534 0.5000000000
98172  -61.036  28.445  2.635 0.4000000060
98224  -55.717  28.322  -3.342 0.8000000119
98236  -50.553  28.952  -4.316 0.8999999762
98242  -56.009  27.896  -3.380 0.6999999881
98243  -56.868  27.501  -3.158 0.6999999881
98254  -55.066  28.186  -3.724 0.8000000119
98275  -45.109  28.473  -9.379 0.6999999881
98833  -54.006  28.847  18.619 0.1000000015
98854  -57.819  29.293  16.482 0.3000000119
98894  -58.240  29.366  14.352 0.3000000119
98911  -59.332  29.086  11.523 0.3000000119
98915  -59.358  29.305  10.697 0.3000000119
98923  -59.770  29.428  7.514 0.3000000119
98933  -60.099  29.218  5.916 0.4000000060
98965  -53.491  29.847  2.597 0.2000000030
98987  -61.011  29.197  2.152 0.4000000060
99031  -53.442  29.136  -3.999 0.8000000119
99621  -56.538  30.948  18.743 0.2000000030
99622  -56.704  30.673  18.824 0.2000000030
99623  -56.933  30.833  18.821 0.2000000030
99638  -54.101  30.230  16.862 0.1000000015
99651  -57.521  30.600  16.362 0.3000000119
99692  -58.633  29.691  12.029 0.3000000119
99695  -57.918  30.629  10.914 0.2000000030
99697  -59.145  29.865  10.011 0.3000000119
99700  -58.957  30.593  8.687 0.3000000119
99719  -59.723  30.827  5.993 0.3000000119
99729  -60.331  30.276  4.701 0.2000000030
99735  -47.312  30.800  3.603 0.1000000015
99744  -55.680  30.349  3.057 0.2000000030
99746  -60.910  30.248  2.897 0.1000000015
99758  -52.368  30.398  3.068 0.4000000060
99774  -57.917  30.669  2.034 0.1000000015
99775  -58.780  30.407  1.762 0.1000000015
99776  -59.714  30.306  1.348 0.1000000015
100432  -57.059  31.610  18.937 0.1000000015
100441  -57.068  32.249  18.881 0.1000000015
100494  -55.759  31.800  13.018 0.1000000015
100495  -55.616  31.661  12.332 0.1000000015
100501  -56.156  31.233  10.159 0.1000000015
100503  -54.564  32.077  9.897 0.1000000015
100504  -55.374  31.604  9.588 0.1000000015
100506  -57.294  31.245  9.202 0.1000000015
100516  -55.917  31.952  7.954 0.1000000015
100518  -57.972  31.621  7.618 0.1000000015
100520  -59.324  30.904  7.073 0.2000000030
100532  -59.004  31.479  6.527 0.2000000030
100564  -59.928  31.775  4.400 0.1000000015
100580  -60.513  31.738  3.273 0.1000000015
100590  -54.977  31.656  2.969 0.2000000030
100593  -57.082  30.961  2.326 0.1000000015
100594  -60.733  31.939  2.549 0.1000000015
100595  -60.996  31.409  2.066 0.1000000015
100608  -59.437  30.767  0.839 0.1000000015
100622  -61.158  31.854  0.000 0.1000000015
100640  -60.574  31.730  -2.175 0.1000000015
100646  -60.323  31.048  -3.235 0.1000000015
100647  -60.431  31.339  -3.154 0.1000000015
100652  -60.391  30.928  -3.876 0.1000000015
101182  -57.122  33.085  18.807 0.1000000015
101201  -57.364  33.267  16.884 0.1000000015
101221  -56.769  33.294  15.222 0.1000000015
101233  -56.263  32.776  14.165 0.1000000015
101241  -54.563  32.801  11.132 0.1000000015
101242  -54.084  33.350  9.647 0.1000000015
101243  -54.154  32.809  9.771 0.1000000015
101245  -53.988  33.150  9.138 0.1000000015
101248  -54.034  33.049  8.515 0.1000000015
101250  -55.042  32.186  8.172 0.1000000015
101260  -54.182  33.000  7.969 0.1000000015
101261  -54.633  32.723  7.710 0.1000000015
101278  -54.870  32.995  6.982 0.1000000015
101280  -56.687  32.538  6.491 0.1000000015
101282  -58.602  32.061  5.984 0.1000000015
101294  -58.064  32.617  5.483 0.1000000015
101296  -59.536  32.007  4.738 0.1000000015
101319  -56.111  31.889  2.178 0.1000000015
101320  -60.613  32.479  2.237 0.1000000015
101324  -54.818  32.975  1.673 0.1000000015
101325  -55.522  32.796  1.361 0.2000000030
101337  -60.972  32.635  0.228 0.1000000015
101356  -60.556  31.805  -2.867 0.1000000015
101965  -55.622  33.671  12.638 0.1000000015
101967  -54.945  33.248  11.872 0.1000000015
101974  -53.975  33.617  8.609 0.1000000015
102003  -54.993  34.096  5.775 0.1000000015
102005  -56.699  33.337  5.235 0.1000000015
102006  -57.499  33.079  5.135 0.1000000015
102013  -55.613  34.300  4.953 0.1000000015
102023  -58.962  33.509  3.328 0.1000000015
102032  -59.670  33.275  2.855 0.1000000015
102050  -56.952  32.861  -1.245 0.1000000015
102051  -60.679  33.249  -0.873 0.1000000015
102052  -60.860  32.878  -0.508 0.1000000015
102059  -60.896  32.663  -1.151 0.1000000015
102611  -55.014  33.824  11.398 0.1000000015
102615  -54.748  34.043  10.666 0.1000000015
102616  -55.569  34.645  10.472 0.1000000015
102621  -54.106  34.148  8.857 0.1000000015
102631  -54.315  34.824  7.393 0.1000000015
102650  -54.727  34.833  5.771 0.1000000015
102659  -55.082  35.277  5.094 0.1000000015
102660  -55.493  34.936  4.584 0.1000000015
102662  -56.955  34.129  4.066 0.1000000015
102669  -55.841  35.210  3.917 0.1000000015
102671  -57.465  34.400  3.411 0.1000000015
103284  -57.833  36.439  12.575 0.1000000015
103290  -56.511  35.103  10.158 0.1000000015
103294  -57.355  35.436  9.831 0.1000000015
103295  -58.200  35.830  9.921 0.1000000015
103307  -55.568  35.891  7.712 0.1000000015
103324  -54.851  35.506  5.765 0.1000000015
103351  -56.005  36.186  3.019 0.1000000015
103353  -57.324  35.282  2.183 0.1000000015
103370  -59.448  34.508  -0.486 0.1000000015
103989  -57.013  37.419  14.295 0.1000000015
103995  -57.889  37.019  12.626 0.1000000015
103998  -58.337  36.436  10.918 0.1000000015
104000  -58.545  36.596  10.397 0.1000000015
104004  -58.619  36.440  9.772 0.1000000015
104015  -55.385  36.391  6.383 0.1000000015
104034  -55.127  36.174  5.735 0.1000000015
104035  -55.428  36.644  5.106 0.1000000015
104053  -55.702  36.534  3.654 0.1000000015
104059  -56.038  36.939  2.923 0.1000000015
104651  -54.621  38.381  16.392 0.1000000015
104652  -55.293  38.118  16.324 0.1000000015
104667  -56.467  38.034  15.022 0.1000000015
104705  -54.460  38.310  13.088 0.1000000015
104706  -56.038  37.781  12.703 0.1000000015
104723  -57.040  37.469  11.353 0.1000000015
104733  -53.386  37.515  11.097 0.1000000015
104737  -57.981  37.336  10.794 0.1000000015
104745  -54.847  37.579  10.485 0.1000000015
104773  -55.943  37.217  5.322 0.1000000015
104781  -55.781  37.098  4.353 0.1000000015
104794  -56.668  37.632  3.181 0.1000000015
104795  -57.463  38.145  2.456 0.1000000015
105433  -54.019  39.683  15.354 0.1000000015
105495  -59.453  39.123  5.643 0.1000000015
105504  -57.897  38.300  4.092 0.1000000015
105513  -57.854  38.356  3.288 0.1000000015
106177  -59.899  39.934  4.991 0.1000000015
106924  -59.852  40.652  5.426 0.1000000015
128811  -48.094  21.791  11.114 0.6000000238
128871  -45.927  25.431  0.957 0.8000000119
128878  -56.732  14.917  14.884 0.1000000015
129264  -44.589  21.657  6.306 0.5000000000
129284  -57.899  25.432  -0.119 0.6999999881
129290  -35.078  24.464  24.097 0.1000000015
129407  -48.248  21.750  10.237 0.5000000000
129494  -53.612  28.321  7.928 0.6000000238
129495  -51.820  28.357  7.874 0.6999999881
129498  -54.999  28.173  8.644 0.6000000238
129504  -56.381  27.879  10.861 0.6999999881
129749  -59.355  16.167  -0.448 0.2000000030
129799  -52.143  28.427  9.246 0.6999999881
130069  -42.156  16.837  13.667 0.4000000060
130186  -52.509  28.291  7.583 0.6999999881
130704  -54.857  34.448  9.978 0.1000000015
130741  -51.040  27.806  6.064 0.6999999881
130743  -56.508  28.307  7.343 0.8000000119
130834  -58.331  25.606  -1.885 0.6999999881
131088  -56.350  37.461  3.924 0.1000000015
131121  -53.195  28.132  10.150 0.6000000238
131455  -51.362  21.427  14.274 0.6999999881
131462  -59.239  19.253  -1.688 0.3000000119
132485  -39.361  10.794  11.959 0.2000000030
132538  -58.174  27.786  11.215 0.5000000000
132766  -59.244  34.182  1.758 0.1000000015
133080  -58.217  3.698  18.158 0.1000000015
133267  -54.379  27.217  3.591 0.6999999881
133368  -45.723  24.695  17.407 0.1000000015
133563  -51.583  26.278  -1.622 0.8999999762
133808  -55.008  25.245  20.645 0.3000000119
133944  -44.031  22.744  1.110 0.6999999881
134294  -59.106  29.159  12.129 0.4000000060
135015  -55.511  26.878  -3.789 0.8000000119
135147  -59.566  28.899  8.026 0.3000000119
135370  -51.116  25.389  -0.285 0.8999999762
135470  -49.259  18.795  0.514 0.2000000030
135509  -51.281  26.597  19.553 0.1000000015
135622  -47.099  26.745  6.101 0.6999999881
135644  -54.493  34.845  8.301 0.1000000015
135959  -45.025  21.324  5.966 0.3000000119
136097  -44.169  23.648  15.704 0.1000000015
136174  -58.350  15.847  -2.413 0.2000000030
136238  -60.237  26.866  1.749 0.5000000000
136344  -45.064  25.342  6.039 0.8000000119
136427  -48.212  28.410  16.689 0.1000000015
136437  -50.620  21.521  7.284 0.2000000030
136618  -46.492  24.494  -4.969 0.6999999881
136742  -57.318  30.314  13.274 0.3000000119
136925  -60.004  30.686  5.434 0.3000000119
137769  -38.045  20.147  12.539 0.2000000030
137907  -59.085  28.240  6.169 0.5000000000
138216  -56.095  34.357  12.495 0.1000000015
138258  -54.777  35.414  7.577 0.1000000015
138338  -59.980  33.985  -0.276 0.1000000015
138354  -47.059  9.450  13.080 0.1000000015
138638  -53.792  -2.749  19.092 0.1000000015
139404  -52.868  -3.715  19.398 0.1000000015
140375  -56.474  26.243  1.695 0.6999999881
140481  -57.844  27.025  15.540 0.4000000060
141098  -58.349  4.179  17.505 0.1000000015
141798  -54.395  32.610  10.452 0.1000000015
141805  -57.596  30.016  16.688 0.3000000119
142603  -59.872  29.931  1.656 0.1000000015
142805  -37.183  13.921  13.605 0.2000000030
143128  -45.483  25.340  8.314 0.8000000119
143467  -52.545  24.440  20.675 0.3000000119
143644  -54.943  -0.974  20.218 0.1000000015
143994  -41.511  10.656  10.369 0.2000000030
144053  -53.988  26.265  15.689 0.6999999881
144180  -46.581  24.791  17.667 0.2000000030
144421  -56.262  19.438  -6.931 0.2000000030
144900  -49.203  25.862  0.671 0.8999999762
144986  -55.078  -0.909  18.485 0.1000000015
144997  -51.171  27.105  3.572 0.6999999881
145107  -42.840  26.844  15.581 0.1000000015
145579  -43.615  21.694  3.412 0.6000000238
145669  -33.408  20.583  14.568 0.1000000015
145719  -54.731  20.527  -8.110 0.2000000030
146648  -50.259  30.972  3.654 0.1000000015
146672  -43.748  24.560  16.217 0.1000000015
146704  -54.175  37.441  11.016 0.1000000015
146713  -53.563  27.065  13.467 0.6000000238
146806  -49.826  18.865  -2.461 0.3000000119
146864  -49.705  16.869  -6.755 0.1000000015
147182  -52.455  21.705  17.782 0.6999999881
147296  -43.133  18.047  14.111 0.5000000000
147388  -43.634  9.455  12.162 0.1000000015
147512  -53.784  27.353  4.219 0.6000000238
147656  -58.348  25.968  -2.526 0.6999999881
147779  -32.135  23.742  26.562 0.1000000015
147809  -56.138  38.252  13.701 0.1000000015
148131  -57.968  28.375  7.093 0.6000000238
148254  -50.969  28.074  9.535 0.6999999881
148943  -53.987  14.217  -4.020 0.1000000015
149053  -55.403  -0.345  19.665 0.1000000015
149083  -57.820  25.774  -2.591 0.6999999881
149323  -59.623  25.908  0.053 0.6000000238
149399  -53.345  27.496  -3.369 0.8999999762
149441  -39.847  10.055  14.365 0.1000000015
149445  -60.069  32.379  3.453 0.1000000015
149870  -55.497  36.090  3.955 0.1000000015
150161  -60.695  31.475  -0.636 0.1000000015
150179  -48.287  12.772  7.969 0.1000000015
150218  -43.634  9.433  13.331 0.1000000015
150595  -54.089  27.812  11.185 0.6000000238
150699  -54.503  34.357  6.381 0.1000000015
150756  -60.209  20.639  8.329 0.1000000015
150759  -59.905  29.979  7.034 0.3000000119
150770  -58.117  35.917  10.723 0.1000000015
150976  -33.531  21.446  13.673 0.1000000015
151140  -58.715  27.904  11.237 0.4000000060
151231  -46.815  14.635  6.736 0.1000000015
151314  -32.205  24.486  24.845 0.1000000015
151454  -50.555  20.870  -8.831 0.3000000119
151574  -55.790  18.379  -7.727 0.2000000030
151662  -53.255  11.028  21.897 0.1000000015
151923  -47.234  25.574  10.653 0.8000000119
152006  -34.971  19.142  13.293 0.1000000015
152586  -49.450  20.265  -3.990 0.3000000119
152900  -58.286  3.695  17.537 0.1000000015
152949  -58.468  28.234  0.723 0.4000000060
153055  -50.941  19.312  13.010 0.5000000000
153188  -39.683  19.832  12.754 0.3000000119
153284  -53.289  22.949  20.436 0.5000000000
153412  -58.084  26.285  -2.768 0.6999999881
153707  -42.299  15.055  10.725 0.2000000030
154002  -49.763  23.007  15.053 0.8000000119
154049  -30.486  22.994  16.266 0.1000000015
154300  -53.341  -0.583  16.996 0.1000000015
154457  -57.647  27.818  11.122 0.5000000000
154479  -49.749  23.523  19.190 0.2000000030
154488  -55.205  33.911  -0.700 0.1000000015
154528  -56.839  36.557  1.095 0.1000000015
154742  -48.721  26.884  18.452 0.2000000030
154978  -50.731  5.116  17.678 0.1000000015
154990  -47.989  17.255  12.344 0.5000000000
155034  -46.315  19.781  3.428 0.2000000030
155086  -30.242  21.834  24.470 0.1000000015
155093  -51.536  20.048  15.206 0.6000000238
155445  -43.692  22.528  2.227 0.6999999881
