
Sun Mar  8 19:51:50 CET 2026
cd /out/sourcedata/freesurfer/sub-v1s14x0051582_ses-1
setenv SUBJECTS_DIR /out/sourcedata/freesurfer
/opt/freesurfer/bin/recon-all -autorecon1 -i /work/fmriprep_25_2_wf/sub_v1s14x0051582_ses_1_wf/anat_fit_wf/anat_validate/sub-v1s14x0051582_ses-1_T1w_noise_corrected_ras_valid.nii.gz -noskullstrip -noT2pial -noFLAIRpial -openmp 16 -subjid sub-v1s14x0051582_ses-1 -sd /out/sourcedata/freesurfer

subjid sub-v1s14x0051582_ses-1
setenv SUBJECTS_DIR /out/sourcedata/freesurfer
FREESURFER_HOME /opt/freesurfer
Actual FREESURFER_HOME /opt/freesurfer
build-stamp.txt: freesurfer-linux-ubuntu22_x86_64-7.3.2-20220804-6354275
Linux dna079 5.14.0-427.37.1.el9_4.x86_64 #1 SMP PREEMPT_DYNAMIC Fri Sep 13 12:41:50 EDT 2024 x86_64 x86_64 x86_64 GNU/Linux
cputime      unlimited
filesize     unlimited
datasize     unlimited
stacksize    8192 kbytes
coredumpsize 0 kbytes
memoryuse    67108864 kbytes
vmemoryuse   unlimited
descriptors  1024 
memorylocked unlimited
maxproc      2061970 
maxlocks     unlimited
maxsignal    2062029 
maxmessage   819200 
maxnice      0 
maxrtprio    0 
maxrttime    unlimited

               total        used        free      shared  buff/cache   available
Mem:           503Gi        49Gi       394Gi       9.1Gi        58Gi       441Gi
Swap:             0B          0B          0B

########################################
program versions used
7.3.2 (freesurfer-linux-ubuntu22_x86_64-7.3.2-20220804-6354275)
7.3.2

ProgramName: lta_convert  ProgramArguments: lta_convert -all-info  ProgramVersion: 7.3.2  TimeStamp: 2026/03/08-18:51:50-GMT  BuildTime: Aug  4 2022 06:17:15  BuildStamp: freesurfer-linux-ubuntu22_x86_64-7.3.2-20220804-6354275  User: oesteban  Machine: dna079  Platform: Linux  PlatformVersion: 5.14.0-427.37.1.el9_4.x86_64  CompilerName: GCC  CompilerVersion: 8.4.0
ProgramName: mri_and  ProgramArguments: mri_and -all-info  ProgramVersion: 7.3.2  TimeStamp: 2026/03/08-18:51:50-GMT  BuildTime: Aug  4 2022 06:17:15  BuildStamp: freesurfer-linux-ubuntu22_x86_64-7.3.2-20220804-6354275  User: oesteban  Machine: dna079  Platform: Linux  PlatformVersion: 5.14.0-427.37.1.el9_4.x86_64  CompilerName: GCC  CompilerVersion: 8.4.0
ProgramName: mri_annotation2label  ProgramArguments: mri_annotation2label -all-info  ProgramVersion: 7.3.2  TimeStamp: 2026/03/08-18:51:50-GMT  BuildTime: Aug  4 2022 06:17:15  BuildStamp: freesurfer-linux-ubuntu22_x86_64-7.3.2-20220804-6354275  User: oesteban  Machine: dna079  Platform: Linux  PlatformVersion: 5.14.0-427.37.1.el9_4.x86_64  CompilerName: GCC  CompilerVersion: 8.4.0
ProgramName: mri_aparc2aseg  ProgramArguments: mri_aparc2aseg -all-info  ProgramVersion: 7.3.2  TimeStamp: 2026/03/08-18:51:50-GMT  BuildTime: Aug  4 2022 06:17:15  BuildStamp: freesurfer-linux-ubuntu22_x86_64-7.3.2-20220804-6354275  User: oesteban  Machine: dna079  Platform: Linux  PlatformVersion: 5.14.0-427.37.1.el9_4.x86_64  CompilerName: GCC  CompilerVersion: 8.4.0
ProgramName: mri_surf2volseg  ProgramArguments: mri_surf2volseg -all-info  ProgramVersion: 7.3.2  TimeStamp: 2026/03/08-18:51:50-GMT  BuildTime: Aug  4 2022 06:17:15  BuildStamp: freesurfer-linux-ubuntu22_x86_64-7.3.2-20220804-6354275  User: oesteban  Machine: dna079  Platform: Linux  PlatformVersion: 5.14.0-427.37.1.el9_4.x86_64  CompilerName: GCC  CompilerVersion: 8.4.0
ProgramName: mri_binarize  ProgramArguments: mri_binarize -all-info  ProgramVersion: 7.3.2  TimeStamp: 2026/03/08-18:51:50-GMT  BuildTime: Aug  4 2022 06:17:15  BuildStamp: freesurfer-linux-ubuntu22_x86_64-7.3.2-20220804-6354275  User: oesteban  Machine: dna079  Platform: Linux  PlatformVersion: 5.14.0-427.37.1.el9_4.x86_64  CompilerName: GCC  CompilerVersion: 8.4.0
ProgramName: mri_ca_label  ProgramArguments: mri_ca_label -all-info  ProgramVersion: 7.3.2  TimeStamp: 2026/03/08-18:51:50-GMT  BuildTime: Aug  4 2022 06:17:15  BuildStamp: freesurfer-linux-ubuntu22_x86_64-7.3.2-20220804-6354275  User: oesteban  Machine: dna079  Platform: Linux  PlatformVersion: 5.14.0-427.37.1.el9_4.x86_64  CompilerName: GCC  CompilerVersion: 8.4.0
ProgramName: mri_ca_normalize  ProgramArguments: mri_ca_normalize -all-info  ProgramVersion: 7.3.2  TimeStamp: 2026/03/08-18:51:50-GMT  BuildTime: Aug  4 2022 06:17:15  BuildStamp: freesurfer-linux-ubuntu22_x86_64-7.3.2-20220804-6354275  User: oesteban  Machine: dna079  Platform: Linux  PlatformVersion: 5.14.0-427.37.1.el9_4.x86_64  CompilerName: GCC  CompilerVersion: 8.4.0
ProgramName: mri_ca_register  ProgramArguments: mri_ca_register -all-info  ProgramVersion: 7.3.2  TimeStamp: 2026/03/08-18:51:50-GMT  BuildTime: Aug  4 2022 06:17:15  BuildStamp: freesurfer-linux-ubuntu22_x86_64-7.3.2-20220804-6354275  User: oesteban  Machine: dna079  Platform: Linux  PlatformVersion: 5.14.0-427.37.1.el9_4.x86_64  CompilerName: GCC  CompilerVersion: 8.4.0
ProgramName: mri_cc  ProgramArguments: mri_cc -all-info  ProgramVersion: 7.3.2  TimeStamp: 2026/03/08-18:51:50-GMT  BuildTime: Aug  4 2022 06:17:15  BuildStamp: freesurfer-linux-ubuntu22_x86_64-7.3.2-20220804-6354275  User: oesteban  Machine: dna079  Platform: Linux  PlatformVersion: 5.14.0-427.37.1.el9_4.x86_64  CompilerName: GCC  CompilerVersion: 8.4.0
ProgramName: mri_compute_overlap  ProgramArguments: mri_compute_overlap -all-info  ProgramVersion: 7.3.2  TimeStamp: 2026/03/08-18:51:50-GMT  BuildTime: Aug  4 2022 06:17:15  BuildStamp: freesurfer-linux-ubuntu22_x86_64-7.3.2-20220804-6354275  User: oesteban  Machine: dna079  Platform: Linux  PlatformVersion: 5.14.0-427.37.1.el9_4.x86_64  CompilerName: GCC  CompilerVersion: 8.4.0
ProgramName: mri_compute_seg_overlap  ProgramArguments: mri_compute_seg_overlap -all-info  ProgramVersion: 7.3.2  TimeStamp: 2026/03/08-18:51:50-GMT  BuildTime: Aug  4 2022 06:17:15  BuildStamp: freesurfer-linux-ubuntu22_x86_64-7.3.2-20220804-6354275  User: oesteban  Machine: dna079  Platform: Linux  PlatformVersion: 5.14.0-427.37.1.el9_4.x86_64  CompilerName: GCC  CompilerVersion: 8.4.0
ProgramName: mri_concat  ProgramArguments: mri_concat -all-info  ProgramVersion: 7.3.2  TimeStamp: 2026/03/08-18:51:50-GMT  BuildTime: Aug  4 2022 06:17:15  BuildStamp: freesurfer-linux-ubuntu22_x86_64-7.3.2-20220804-6354275  User: oesteban  Machine: dna079  Platform: Linux  PlatformVersion: 5.14.0-427.37.1.el9_4.x86_64  CompilerName: GCC  CompilerVersion: 8.4.0
ProgramName: mri_concatenate_lta  ProgramArguments: mri_concatenate_lta -all-info  ProgramVersion: 7.3.2  TimeStamp: 2026/03/08-18:51:50-GMT  BuildTime: Aug  4 2022 06:17:15  BuildStamp: freesurfer-linux-ubuntu22_x86_64-7.3.2-20220804-6354275  User: oesteban  Machine: dna079  Platform: Linux  PlatformVersion: 5.14.0-427.37.1.el9_4.x86_64  CompilerName: GCC  CompilerVersion: 8.4.0
mri_convert -all-info 
ProgramName: mri_convert  ProgramArguments: mri_convert -all-info  ProgramVersion: 7.3.2  TimeStamp: 2026/03/08-18:51:50-GMT  BuildTime: Aug  4 2022 06:17:15  BuildStamp: freesurfer-linux-ubuntu22_x86_64-7.3.2-20220804-6354275  User: oesteban  Machine: dna079  Platform: Linux  PlatformVersion: 5.14.0-427.37.1.el9_4.x86_64  CompilerName: GCC  CompilerVersion: 8.4.0
ProgramName: mri_diff  ProgramArguments: mri_diff -all-info  ProgramVersion: 7.3.2  TimeStamp: 2026/03/08-18:51:50-GMT  BuildTime: Aug  4 2022 06:17:15  BuildStamp: freesurfer-linux-ubuntu22_x86_64-7.3.2-20220804-6354275  User: oesteban  Machine: dna079  Platform: Linux  PlatformVersion: 5.14.0-427.37.1.el9_4.x86_64  CompilerName: GCC  CompilerVersion: 8.4.0
ProgramName: mri_edit_wm_with_aseg  ProgramArguments: mri_edit_wm_with_aseg -all-info  ProgramVersion: 7.3.2  TimeStamp: 2026/03/08-18:51:50-GMT  BuildTime: Aug  4 2022 06:17:15  BuildStamp: freesurfer-linux-ubuntu22_x86_64-7.3.2-20220804-6354275  User: oesteban  Machine: dna079  Platform: Linux  PlatformVersion: 5.14.0-427.37.1.el9_4.x86_64  CompilerName: GCC  CompilerVersion: 8.4.0
ProgramName: mri_em_register  ProgramArguments: mri_em_register -all-info  ProgramVersion: 7.3.2  TimeStamp: 2026/03/08-18:51:50-GMT  BuildTime: Aug  4 2022 06:17:15  BuildStamp: freesurfer-linux-ubuntu22_x86_64-7.3.2-20220804-6354275  User: oesteban  Machine: dna079  Platform: Linux  PlatformVersion: 5.14.0-427.37.1.el9_4.x86_64  CompilerName: GCC  CompilerVersion: 8.4.0
ProgramName: mri_fill  ProgramArguments: mri_fill -all-info  ProgramVersion: 7.3.2  TimeStamp: 2026/03/08-18:51:50-GMT  BuildTime: Aug  4 2022 06:17:15  BuildStamp: freesurfer-linux-ubuntu22_x86_64-7.3.2-20220804-6354275  User: oesteban  Machine: dna079  Platform: Linux  PlatformVersion: 5.14.0-427.37.1.el9_4.x86_64  CompilerName: GCC  CompilerVersion: 8.4.0
ProgramName: mri_fuse_segmentations  ProgramArguments: mri_fuse_segmentations -all-info  ProgramVersion: 7.3.2  TimeStamp: 2026/03/08-18:51:50-GMT  BuildTime: Aug  4 2022 06:17:15  BuildStamp: freesurfer-linux-ubuntu22_x86_64-7.3.2-20220804-6354275  User: oesteban  Machine: dna079  Platform: Linux  PlatformVersion: 5.14.0-427.37.1.el9_4.x86_64  CompilerName: GCC  CompilerVersion: 8.4.0
ProgramName: mri_fwhm  ProgramArguments: mri_fwhm -all-info  ProgramVersion: 7.3.2  TimeStamp: 2026/03/08-18:51:50-GMT  BuildTime: Aug  4 2022 06:17:15  BuildStamp: freesurfer-linux-ubuntu22_x86_64-7.3.2-20220804-6354275  User: oesteban  Machine: dna079  Platform: Linux  PlatformVersion: 5.14.0-427.37.1.el9_4.x86_64  CompilerName: GCC  CompilerVersion: 8.4.0
ProgramName: mri_gcut  ProgramArguments: mri_gcut -all-info  ProgramVersion: 7.3.2  TimeStamp: 2026/03/08-18:51:50-GMT  BuildTime: Aug  4 2022 06:17:15  BuildStamp: freesurfer-linux-ubuntu22_x86_64-7.3.2-20220804-6354275  User: oesteban  Machine: dna079  Platform: Linux  PlatformVersion: 5.14.0-427.37.1.el9_4.x86_64  CompilerName: GCC  CompilerVersion: 8.4.0
ProgramName: mri_info  ProgramArguments: mri_info -all-info  ProgramVersion: 7.3.2  TimeStamp: 2026/03/08-18:51:50-GMT  BuildTime: Aug  4 2022 06:17:15  BuildStamp: freesurfer-linux-ubuntu22_x86_64-7.3.2-20220804-6354275  User: oesteban  Machine: dna079  Platform: Linux  PlatformVersion: 5.14.0-427.37.1.el9_4.x86_64  CompilerName: GCC  CompilerVersion: 8.4.0
ProgramName: mri_label2label  ProgramArguments: mri_label2label -all-info  ProgramVersion: 7.3.2  TimeStamp: 2026/03/08-18:51:50-GMT  BuildTime: Aug  4 2022 06:17:15  BuildStamp: freesurfer-linux-ubuntu22_x86_64-7.3.2-20220804-6354275  User: oesteban  Machine: dna079  Platform: Linux  PlatformVersion: 5.14.0-427.37.1.el9_4.x86_64  CompilerName: GCC  CompilerVersion: 8.4.0
ProgramName: mri_label2vol  ProgramArguments: mri_label2vol -all-info  ProgramVersion: 7.3.2  TimeStamp: 2026/03/08-18:51:50-GMT  BuildTime: Aug  4 2022 06:17:15  BuildStamp: freesurfer-linux-ubuntu22_x86_64-7.3.2-20220804-6354275  User: oesteban  Machine: dna079  Platform: Linux  PlatformVersion: 5.14.0-427.37.1.el9_4.x86_64  CompilerName: GCC  CompilerVersion: 8.4.0
ProgramName: mri_log_likelihood  ProgramArguments: mri_log_likelihood -all-info  ProgramVersion: 7.3.2  TimeStamp: 2026/03/08-18:51:50-GMT  BuildTime: Aug  4 2022 06:17:15  BuildStamp: freesurfer-linux-ubuntu22_x86_64-7.3.2-20220804-6354275  User: oesteban  Machine: dna079  Platform: Linux  PlatformVersion: 5.14.0-427.37.1.el9_4.x86_64  CompilerName: GCC  CompilerVersion: 8.4.0
ProgramName: mri_mask  ProgramArguments: mri_mask -all-info  ProgramVersion: 7.3.2  TimeStamp: 2026/03/08-18:51:50-GMT  BuildTime: Aug  4 2022 06:17:15  BuildStamp: freesurfer-linux-ubuntu22_x86_64-7.3.2-20220804-6354275  User: oesteban  Machine: dna079  Platform: Linux  PlatformVersion: 5.14.0-427.37.1.el9_4.x86_64  CompilerName: GCC  CompilerVersion: 8.4.0
ProgramName: mri_matrix_multiply  ProgramArguments: mri_matrix_multiply -all-info  ProgramVersion: 7.3.2  TimeStamp: 2026/03/08-18:51:50-GMT  BuildTime: Aug  4 2022 06:17:15  BuildStamp: freesurfer-linux-ubuntu22_x86_64-7.3.2-20220804-6354275  User: oesteban  Machine: dna079  Platform: Linux  PlatformVersion: 5.14.0-427.37.1.el9_4.x86_64  CompilerName: GCC  CompilerVersion: 8.4.0
ProgramName: mri_normalize  ProgramArguments: mri_normalize -all-info  ProgramVersion: 7.3.2  TimeStamp: 2026/03/08-18:51:50-GMT  BuildTime: Aug  4 2022 06:17:15  BuildStamp: freesurfer-linux-ubuntu22_x86_64-7.3.2-20220804-6354275  User: oesteban  Machine: dna079  Platform: Linux  PlatformVersion: 5.14.0-427.37.1.el9_4.x86_64  CompilerName: GCC  CompilerVersion: 8.4.0
ProgramName: mri_normalize_tp2  ProgramArguments: mri_normalize_tp2 -all-info  ProgramVersion: 7.3.2  TimeStamp: 2026/03/08-18:51:50-GMT  BuildTime: Aug  4 2022 06:17:15  BuildStamp: freesurfer-linux-ubuntu22_x86_64-7.3.2-20220804-6354275  User: oesteban  Machine: dna079  Platform: Linux  PlatformVersion: 5.14.0-427.37.1.el9_4.x86_64  CompilerName: GCC  CompilerVersion: 8.4.0
ProgramName: mri_or  ProgramArguments: mri_or -all-info  ProgramVersion: 7.3.2  TimeStamp: 2026/03/08-18:51:50-GMT  BuildTime: Aug  4 2022 06:17:15  BuildStamp: freesurfer-linux-ubuntu22_x86_64-7.3.2-20220804-6354275  User: oesteban  Machine: dna079  Platform: Linux  PlatformVersion: 5.14.0-427.37.1.el9_4.x86_64  CompilerName: GCC  CompilerVersion: 8.4.0
ProgramName: mri_relabel_hypointensities  ProgramArguments: mri_relabel_hypointensities -all-info  ProgramVersion: 7.3.2  TimeStamp: 2026/03/08-18:51:50-GMT  BuildTime: Aug  4 2022 06:17:15  BuildStamp: freesurfer-linux-ubuntu22_x86_64-7.3.2-20220804-6354275  User: oesteban  Machine: dna079  Platform: Linux  PlatformVersion: 5.14.0-427.37.1.el9_4.x86_64  CompilerName: GCC  CompilerVersion: 8.4.0
ProgramName: mri_relabel_nonwm_hypos  ProgramArguments: mri_relabel_nonwm_hypos -all-info  ProgramVersion: 7.3.2  TimeStamp: 2026/03/08-18:51:50-GMT  BuildTime: Aug  4 2022 06:17:15  BuildStamp: freesurfer-linux-ubuntu22_x86_64-7.3.2-20220804-6354275  User: oesteban  Machine: dna079  Platform: Linux  PlatformVersion: 5.14.0-427.37.1.el9_4.x86_64  CompilerName: GCC  CompilerVersion: 8.4.0
ProgramName: mri_remove_neck  ProgramArguments: mri_remove_neck -all-info  ProgramVersion: 7.3.2  TimeStamp: 2026/03/08-18:51:50-GMT  BuildTime: Aug  4 2022 06:17:15  BuildStamp: freesurfer-linux-ubuntu22_x86_64-7.3.2-20220804-6354275  User: oesteban  Machine: dna079  Platform: Linux  PlatformVersion: 5.14.0-427.37.1.el9_4.x86_64  CompilerName: GCC  CompilerVersion: 8.4.0
7.3.2

ProgramName: mri_robust_register  ProgramArguments: mri_robust_register -all-info  ProgramVersion: 7.3.2  TimeStamp: 2026/03/08-18:51:50-GMT  BuildTime: Aug  4 2022 06:17:15  BuildStamp: freesurfer-linux-ubuntu22_x86_64-7.3.2-20220804-6354275  User: oesteban  Machine: dna079  Platform: Linux  PlatformVersion: 5.14.0-427.37.1.el9_4.x86_64  CompilerName: GCC  CompilerVersion: 8.4.0
7.3.2

ProgramName: mri_robust_template  ProgramArguments: mri_robust_template -all-info  ProgramVersion: 7.3.2  TimeStamp: 2026/03/08-18:51:51-GMT  BuildTime: Aug  4 2022 06:17:15  BuildStamp: freesurfer-linux-ubuntu22_x86_64-7.3.2-20220804-6354275  User: oesteban  Machine: dna079  Platform: Linux  PlatformVersion: 5.14.0-427.37.1.el9_4.x86_64  CompilerName: GCC  CompilerVersion: 8.4.0
ProgramName: mris_anatomical_stats  ProgramArguments: mris_anatomical_stats -all-info  ProgramVersion: 7.3.2  TimeStamp: 2026/03/08-18:51:51-GMT  BuildTime: Aug  4 2022 06:17:15  BuildStamp: freesurfer-linux-ubuntu22_x86_64-7.3.2-20220804-6354275  User: oesteban  Machine: dna079  Platform: Linux  PlatformVersion: 5.14.0-427.37.1.el9_4.x86_64  CompilerName: GCC  CompilerVersion: 8.4.0
ProgramName: mris_ca_label  ProgramArguments: mris_ca_label -all-info  ProgramVersion: 7.3.2  TimeStamp: 2026/03/08-18:51:51-GMT  BuildTime: Aug  4 2022 06:17:15  BuildStamp: freesurfer-linux-ubuntu22_x86_64-7.3.2-20220804-6354275  User: oesteban  Machine: dna079  Platform: Linux  PlatformVersion: 5.14.0-427.37.1.el9_4.x86_64  CompilerName: GCC  CompilerVersion: 8.4.0
ProgramName: mris_calc  ProgramArguments: mris_calc -all-info  ProgramVersion: 7.3.2  TimeStamp: 2026/03/08-18:51:51-GMT  BuildTime: Aug  4 2022 06:17:15  BuildStamp: freesurfer-linux-ubuntu22_x86_64-7.3.2-20220804-6354275  User: oesteban  Machine: dna079  Platform: Linux  PlatformVersion: 5.14.0-427.37.1.el9_4.x86_64  CompilerName: GCC  CompilerVersion: 8.4.0
ProgramName: mris_convert  ProgramArguments: mris_convert -all-info  ProgramVersion: 7.3.2  TimeStamp: 2026/03/08-18:51:51-GMT  BuildTime: Aug  4 2022 06:17:15  BuildStamp: freesurfer-linux-ubuntu22_x86_64-7.3.2-20220804-6354275  User: oesteban  Machine: dna079  Platform: Linux  PlatformVersion: 5.14.0-427.37.1.el9_4.x86_64  CompilerName: GCC  CompilerVersion: 8.4.0
ProgramName: mris_curvature  ProgramArguments: mris_curvature -all-info  ProgramVersion: 7.3.2  TimeStamp: 2026/03/08-18:51:51-GMT  BuildTime: Aug  4 2022 06:17:15  BuildStamp: freesurfer-linux-ubuntu22_x86_64-7.3.2-20220804-6354275  User: oesteban  Machine: dna079  Platform: Linux  PlatformVersion: 5.14.0-427.37.1.el9_4.x86_64  CompilerName: GCC  CompilerVersion: 8.4.0
ProgramName: mris_curvature_stats  ProgramArguments: mris_curvature_stats -all-info  ProgramVersion: 7.3.2  TimeStamp: 2026/03/08-18:51:51-GMT  BuildTime: Aug  4 2022 06:17:15  BuildStamp: freesurfer-linux-ubuntu22_x86_64-7.3.2-20220804-6354275  User: oesteban  Machine: dna079  Platform: Linux  PlatformVersion: 5.14.0-427.37.1.el9_4.x86_64  CompilerName: GCC  CompilerVersion: 8.4.0
ProgramName: mris_diff  ProgramArguments: mris_diff -all-info  ProgramVersion: 7.3.2  TimeStamp: 2026/03/08-18:51:51-GMT  BuildTime: Aug  4 2022 06:17:15  BuildStamp: freesurfer-linux-ubuntu22_x86_64-7.3.2-20220804-6354275  User: oesteban  Machine: dna079  Platform: Linux  PlatformVersion: 5.14.0-427.37.1.el9_4.x86_64  CompilerName: GCC  CompilerVersion: 8.4.0
ProgramName: mris_divide_parcellation  ProgramArguments: mris_divide_parcellation -all-info  ProgramVersion: 7.3.2  TimeStamp: 2026/03/08-18:51:51-GMT  BuildTime: Aug  4 2022 06:17:15  BuildStamp: freesurfer-linux-ubuntu22_x86_64-7.3.2-20220804-6354275  User: oesteban  Machine: dna079  Platform: Linux  PlatformVersion: 5.14.0-427.37.1.el9_4.x86_64  CompilerName: GCC  CompilerVersion: 8.4.0
ProgramName: mri_segment  ProgramArguments: mri_segment -all-info  ProgramVersion: 7.3.2  TimeStamp: 2026/03/08-18:51:51-GMT  BuildTime: Aug  4 2022 06:17:15  BuildStamp: freesurfer-linux-ubuntu22_x86_64-7.3.2-20220804-6354275  User: oesteban  Machine: dna079  Platform: Linux  PlatformVersion: 5.14.0-427.37.1.el9_4.x86_64  CompilerName: GCC  CompilerVersion: 8.4.0
ProgramName: mri_segstats  ProgramArguments: mri_segstats -all-info  ProgramVersion: 7.3.2  TimeStamp: 2026/03/08-18:51:51-GMT  BuildTime: Aug  4 2022 06:17:15  BuildStamp: freesurfer-linux-ubuntu22_x86_64-7.3.2-20220804-6354275  User: oesteban  Machine: dna079  Platform: Linux  PlatformVersion: 5.14.0-427.37.1.el9_4.x86_64  CompilerName: GCC  CompilerVersion: 8.4.0
ProgramName: mris_euler_number  ProgramArguments: mris_euler_number -all-info  ProgramVersion: 7.3.2  TimeStamp: 2026/03/08-18:51:51-GMT  BuildTime: Aug  4 2022 06:17:15  BuildStamp: freesurfer-linux-ubuntu22_x86_64-7.3.2-20220804-6354275  User: oesteban  Machine: dna079  Platform: Linux  PlatformVersion: 5.14.0-427.37.1.el9_4.x86_64  CompilerName: GCC  CompilerVersion: 8.4.0
ProgramName: mris_fix_topology  ProgramArguments: mris_fix_topology -all-info  ProgramVersion: 7.3.2  TimeStamp: 2026/03/08-18:51:51-GMT  BuildTime: Aug  4 2022 06:17:15  BuildStamp: freesurfer-linux-ubuntu22_x86_64-7.3.2-20220804-6354275  User: oesteban  Machine: dna079  Platform: Linux  PlatformVersion: 5.14.0-427.37.1.el9_4.x86_64  CompilerName: GCC  CompilerVersion: 8.4.0
ProgramName: mris_topo_fixer  ProgramArguments: mris_topo_fixer -all-info  ProgramVersion: 7.3.2  TimeStamp: 2026/03/08-18:51:51-GMT  BuildTime: Aug  4 2022 06:17:15  BuildStamp: freesurfer-linux-ubuntu22_x86_64-7.3.2-20220804-6354275  User: oesteban  Machine: dna079  Platform: Linux  PlatformVersion: 5.14.0-427.37.1.el9_4.x86_64  CompilerName: GCC  CompilerVersion: 8.4.0
ProgramName: mris_jacobian  ProgramArguments: mris_jacobian -all-info  ProgramVersion: 7.3.2  TimeStamp: 2026/03/08-18:51:51-GMT  BuildTime: Aug  4 2022 06:17:15  BuildStamp: freesurfer-linux-ubuntu22_x86_64-7.3.2-20220804-6354275  User: oesteban  Machine: dna079  Platform: Linux  PlatformVersion: 5.14.0-427.37.1.el9_4.x86_64  CompilerName: GCC  CompilerVersion: 8.4.0
ProgramName: mris_label2annot  ProgramArguments: mris_label2annot -all-info  ProgramVersion: 7.3.2  TimeStamp: 2026/03/08-18:51:51-GMT  BuildTime: Aug  4 2022 06:17:15  BuildStamp: freesurfer-linux-ubuntu22_x86_64-7.3.2-20220804-6354275  User: oesteban  Machine: dna079  Platform: Linux  PlatformVersion: 5.14.0-427.37.1.el9_4.x86_64  CompilerName: GCC  CompilerVersion: 8.4.0
ProgramName: mris_left_right_register  ProgramArguments: mris_left_right_register -all-info  ProgramVersion: 7.3.2  TimeStamp: 2026/03/08-18:51:51-GMT  BuildTime: Aug  4 2022 06:17:15  BuildStamp: freesurfer-linux-ubuntu22_x86_64-7.3.2-20220804-6354275  User: oesteban  Machine: dna079  Platform: Linux  PlatformVersion: 5.14.0-427.37.1.el9_4.x86_64  CompilerName: GCC  CompilerVersion: 8.4.0
ProgramName: mris_place_surface  ProgramArguments: mris_place_surface -all-info  ProgramVersion: 7.3.2  TimeStamp: 2026/03/08-18:51:51-GMT  BuildTime: Aug  4 2022 06:17:15  BuildStamp: freesurfer-linux-ubuntu22_x86_64-7.3.2-20220804-6354275  User: oesteban  Machine: dna079  Platform: Linux  PlatformVersion: 5.14.0-427.37.1.el9_4.x86_64  CompilerName: GCC  CompilerVersion: 8.4.0
ProgramName: mrisp_paint  ProgramArguments: mrisp_paint -all-info  ProgramVersion: 7.3.2  TimeStamp: 2026/03/08-18:51:51-GMT  BuildTime: Aug  4 2022 06:17:15  BuildStamp: freesurfer-linux-ubuntu22_x86_64-7.3.2-20220804-6354275  User: oesteban  Machine: dna079  Platform: Linux  PlatformVersion: 5.14.0-427.37.1.el9_4.x86_64  CompilerName: GCC  CompilerVersion: 8.4.0
ProgramName: mris_register  ProgramArguments: mris_register -all-info  ProgramVersion: 7.3.2  TimeStamp: 2026/03/08-18:51:51-GMT  BuildTime: Aug  4 2022 06:17:15  BuildStamp: freesurfer-linux-ubuntu22_x86_64-7.3.2-20220804-6354275  User: oesteban  Machine: dna079  Platform: Linux  PlatformVersion: 5.14.0-427.37.1.el9_4.x86_64  CompilerName: GCC  CompilerVersion: 8.4.0
ProgramName: mris_smooth  ProgramArguments: mris_smooth -all-info  ProgramVersion: 7.3.2  TimeStamp: 2026/03/08-18:51:51-GMT  BuildTime: Aug  4 2022 06:17:15  BuildStamp: freesurfer-linux-ubuntu22_x86_64-7.3.2-20220804-6354275  User: oesteban  Machine: dna079  Platform: Linux  PlatformVersion: 5.14.0-427.37.1.el9_4.x86_64  CompilerName: GCC  CompilerVersion: 8.4.0
ProgramName: mris_sphere  ProgramArguments: mris_sphere -all-info  ProgramVersion: 7.3.2  TimeStamp: 2026/03/08-18:51:51-GMT  BuildTime: Aug  4 2022 06:17:15  BuildStamp: freesurfer-linux-ubuntu22_x86_64-7.3.2-20220804-6354275  User: oesteban  Machine: dna079  Platform: Linux  PlatformVersion: 5.14.0-427.37.1.el9_4.x86_64  CompilerName: GCC  CompilerVersion: 8.4.0
ProgramName: mris_surface_stats  ProgramArguments: mris_surface_stats -all-info  ProgramVersion: 7.3.2  TimeStamp: 2026/03/08-18:51:51-GMT  BuildTime: Aug  4 2022 06:17:15  BuildStamp: freesurfer-linux-ubuntu22_x86_64-7.3.2-20220804-6354275  User: oesteban  Machine: dna079  Platform: Linux  PlatformVersion: 5.14.0-427.37.1.el9_4.x86_64  CompilerName: GCC  CompilerVersion: 8.4.0
ProgramName: mri_stats2seg  ProgramArguments: mri_stats2seg -all-info  ProgramVersion: 7.3.2  TimeStamp: 2026/03/08-18:51:51-GMT  BuildTime: Aug  4 2022 06:17:15  BuildStamp: freesurfer-linux-ubuntu22_x86_64-7.3.2-20220804-6354275  User: oesteban  Machine: dna079  Platform: Linux  PlatformVersion: 5.14.0-427.37.1.el9_4.x86_64  CompilerName: GCC  CompilerVersion: 8.4.0
ProgramName: mris_thickness  ProgramArguments: mris_thickness -all-info  ProgramVersion: 7.3.2  TimeStamp: 2026/03/08-18:51:51-GMT  BuildTime: Aug  4 2022 06:17:15  BuildStamp: freesurfer-linux-ubuntu22_x86_64-7.3.2-20220804-6354275  User: oesteban  Machine: dna079  Platform: Linux  PlatformVersion: 5.14.0-427.37.1.el9_4.x86_64  CompilerName: GCC  CompilerVersion: 8.4.0
ProgramName: mris_thickness_diff  ProgramArguments: mris_thickness_diff -all-info  ProgramVersion: 7.3.2  TimeStamp: 2026/03/08-18:51:51-GMT  BuildTime: Aug  4 2022 06:17:15  BuildStamp: freesurfer-linux-ubuntu22_x86_64-7.3.2-20220804-6354275  User: oesteban  Machine: dna079  Platform: Linux  PlatformVersion: 5.14.0-427.37.1.el9_4.x86_64  CompilerName: GCC  CompilerVersion: 8.4.0
ProgramName: mris_topo_fixer  ProgramArguments: mris_topo_fixer -all-info  ProgramVersion: 7.3.2  TimeStamp: 2026/03/08-18:51:51-GMT  BuildTime: Aug  4 2022 06:17:15  BuildStamp: freesurfer-linux-ubuntu22_x86_64-7.3.2-20220804-6354275  User: oesteban  Machine: dna079  Platform: Linux  PlatformVersion: 5.14.0-427.37.1.el9_4.x86_64  CompilerName: GCC  CompilerVersion: 8.4.0
ProgramName: mri_surf2surf  ProgramArguments: mri_surf2surf -all-info  ProgramVersion: 7.3.2  TimeStamp: 2026/03/08-18:51:51-GMT  BuildTime: Aug  4 2022 06:17:15  BuildStamp: freesurfer-linux-ubuntu22_x86_64-7.3.2-20220804-6354275  User: oesteban  Machine: dna079  Platform: Linux  PlatformVersion: 5.14.0-427.37.1.el9_4.x86_64  CompilerName: GCC  CompilerVersion: 8.4.0
ProgramName: mri_surf2vol  ProgramArguments: mri_surf2vol -all-info  ProgramVersion: 7.3.2  TimeStamp: 2026/03/08-18:51:51-GMT  BuildTime: Aug  4 2022 06:17:15  BuildStamp: freesurfer-linux-ubuntu22_x86_64-7.3.2-20220804-6354275  User: oesteban  Machine: dna079  Platform: Linux  PlatformVersion: 5.14.0-427.37.1.el9_4.x86_64  CompilerName: GCC  CompilerVersion: 8.4.0
ProgramName: mri_surfcluster  ProgramArguments: mri_surfcluster -all-info  ProgramVersion: 7.3.2  TimeStamp: 2026/03/08-18:51:51-GMT  BuildTime: Aug  4 2022 06:17:15  BuildStamp: freesurfer-linux-ubuntu22_x86_64-7.3.2-20220804-6354275  User: oesteban  Machine: dna079  Platform: Linux  PlatformVersion: 5.14.0-427.37.1.el9_4.x86_64  CompilerName: GCC  CompilerVersion: 8.4.0
ProgramName: mris_volmask  ProgramArguments: mris_volmask -all-info  ProgramVersion: 7.3.2  TimeStamp: 2026/03/08-18:51:51-GMT  BuildTime: Aug  4 2022 06:17:15  BuildStamp: freesurfer-linux-ubuntu22_x86_64-7.3.2-20220804-6354275  User: oesteban  Machine: dna079  Platform: Linux  PlatformVersion: 5.14.0-427.37.1.el9_4.x86_64  CompilerName: GCC  CompilerVersion: 8.4.0
ProgramName: mri_tessellate  ProgramArguments: mri_tessellate -all-info  ProgramVersion: 7.3.2  TimeStamp: 2026/03/08-18:51:51-GMT  BuildTime: Aug  4 2022 06:17:15  BuildStamp: freesurfer-linux-ubuntu22_x86_64-7.3.2-20220804-6354275  User: oesteban  Machine: dna079  Platform: Linux  PlatformVersion: 5.14.0-427.37.1.el9_4.x86_64  CompilerName: GCC  CompilerVersion: 8.4.0
ProgramName: mri_vol2surf  ProgramArguments: mri_vol2surf -all-info  ProgramVersion: 7.3.2  TimeStamp: 2026/03/08-18:51:51-GMT  BuildTime: Aug  4 2022 06:17:15  BuildStamp: freesurfer-linux-ubuntu22_x86_64-7.3.2-20220804-6354275  User: oesteban  Machine: dna079  Platform: Linux  PlatformVersion: 5.14.0-427.37.1.el9_4.x86_64  CompilerName: GCC  CompilerVersion: 8.4.0
ProgramName: mri_vol2vol  ProgramArguments: mri_vol2vol -all-info  ProgramVersion: 7.3.2  TimeStamp: 2026/03/08-18:51:51-GMT  BuildTime: Aug  4 2022 06:17:15  BuildStamp: freesurfer-linux-ubuntu22_x86_64-7.3.2-20220804-6354275  User: oesteban  Machine: dna079  Platform: Linux  PlatformVersion: 5.14.0-427.37.1.el9_4.x86_64  CompilerName: GCC  CompilerVersion: 8.4.0
ProgramName: mri_voldiff  ProgramArguments: mri_voldiff -all-info  ProgramVersion: 7.3.2  TimeStamp: 2026/03/08-18:51:51-GMT  BuildTime: Aug  4 2022 06:17:15  BuildStamp: freesurfer-linux-ubuntu22_x86_64-7.3.2-20220804-6354275  User: oesteban  Machine: dna079  Platform: Linux  PlatformVersion: 5.14.0-427.37.1.el9_4.x86_64  CompilerName: GCC  CompilerVersion: 8.4.0
ProgramName: mri_watershed  ProgramArguments: mri_watershed -all-info  ProgramVersion: 7.3.2  TimeStamp: 2026/03/08-18:51:51-GMT  BuildTime: Aug  4 2022 06:17:15  BuildStamp: freesurfer-linux-ubuntu22_x86_64-7.3.2-20220804-6354275  User: oesteban  Machine: dna079  Platform: Linux  PlatformVersion: 5.14.0-427.37.1.el9_4.x86_64  CompilerName: GCC  CompilerVersion: 8.4.0
ProgramName: tkregister2  ProgramArguments: tkregister2_cmdl -all-info  ProgramVersion: 7.3.2  TimeStamp: 2026/03/08-18:51:51-GMT  BuildTime: Aug  4 2022 06:17:15  BuildStamp: freesurfer-linux-ubuntu22_x86_64-7.3.2-20220804-6354275  User: oesteban  Machine: dna079  Platform: Linux  PlatformVersion: 5.14.0-427.37.1.el9_4.x86_64  CompilerName: GCC  CompilerVersion: 8.4.0
mri_motion_correct.fsl 7.3.2
mri_convert -all-info 
ProgramName: mri_convert  ProgramArguments: mri_convert -all-info  ProgramVersion: 7.3.2  TimeStamp: 2026/03/08-18:51:51-GMT  BuildTime: Aug  4 2022 06:17:15  BuildStamp: freesurfer-linux-ubuntu22_x86_64-7.3.2-20220804-6354275  User: oesteban  Machine: dna079  Platform: Linux  PlatformVersion: 5.14.0-427.37.1.el9_4.x86_64  CompilerName: GCC  CompilerVersion: 8.4.0
Program nu_correct, built from:
Package MNI N3, version 1.12.0, compiled by nicks@terrier (x86_64-unknown-linux-gnu) on 2015-06-19 at 01:25:34
#######################################
GCADIR /opt/freesurfer/average
GCA RB_all_2020-01-02.gca
GCASkull RB_all_withskull_2020_01_02.gca
AvgCurvTif folding.atlas.acfb40.noaparc.i12.2016-08-02.tif
GCSDIR /opt/freesurfer/average
GCS DKaparc.atlas.acfb40.noaparc.i12.2016-08-02.gcs
#######################################
/out/sourcedata/freesurfer/sub-v1s14x0051582_ses-1

 mri_convert /work/fmriprep_25_2_wf/sub_v1s14x0051582_ses_1_wf/anat_fit_wf/anat_validate/sub-v1s14x0051582_ses-1_T1w_noise_corrected_ras_valid.nii.gz /out/sourcedata/freesurfer/sub-v1s14x0051582_ses-1/mri/orig/001.mgz 

mri_convert /work/fmriprep_25_2_wf/sub_v1s14x0051582_ses_1_wf/anat_fit_wf/anat_validate/sub-v1s14x0051582_ses-1_T1w_noise_corrected_ras_valid.nii.gz /out/sourcedata/freesurfer/sub-v1s14x0051582_ses-1/mri/orig/001.mgz 
reading from /work/fmriprep_25_2_wf/sub_v1s14x0051582_ses_1_wf/anat_fit_wf/anat_validate/sub-v1s14x0051582_ses-1_T1w_noise_corrected_ras_valid.nii.gz...
TR=0.00, TE=0.00, TI=0.00, flip angle=0.00
i_ras = (0.999153, -0.0226444, -0.0343499)
j_ras = (0.024, 0.998928, 0.0395799)
k_ras = (0.0334168, -0.0403708, 0.998626)
writing to /out/sourcedata/freesurfer/sub-v1s14x0051582_ses-1/mri/orig/001.mgz...
#--------------------------------------------
#@# MotionCor Sun Mar  8 19:51:52 CET 2026
Found 1 runs
/out/sourcedata/freesurfer/sub-v1s14x0051582_ses-1/mri/orig/001.mgz
Checking for (invalid) multi-frame inputs...
Only one run found so motion
correction will not be performed. I'll
copy the run to rawavg and continue.

 cp /out/sourcedata/freesurfer/sub-v1s14x0051582_ses-1/mri/orig/001.mgz /out/sourcedata/freesurfer/sub-v1s14x0051582_ses-1/mri/rawavg.mgz 


 mri_info /out/sourcedata/freesurfer/sub-v1s14x0051582_ses-1/mri/rawavg.mgz 

rawavg.mgz ========================================
Volume information for /out/sourcedata/freesurfer/sub-v1s14x0051582_ses-1/mri/rawavg.mgz
          type: MGH
    dimensions: 256 x 256 x 170
   voxel sizes: 1.000000, 1.000000, 1.000000
          type: FLOAT (3)
           fov: 256.000
           dof: 1
        xstart: -128.0, xend: 128.0
        ystart: -128.0, yend: 128.0
        zstart: -85.0, zend: 85.0
            TR: 0.00 msec, TE: 0.00 msec, TI: 0.00 msec, flip angle: 0.00 degrees
       nframes: 1
       PhEncDir: UNKNOWN
       FieldStrength: 0.000000
ras xform present
    xform info: x_r =   0.9992, y_r =   0.0240, z_r =   0.0334, c_r =     4.7883
              : x_a =  -0.0226, y_a =   0.9989, z_a =  -0.0404, c_a =    13.1394
              : x_s =  -0.0343, y_s =   0.0396, z_s =   0.9986, c_s =    27.5287

talairach xfm : 
Orientation   : RAS
Primary Slice Direction: axial

voxel to ras transform:
                0.9992   0.0240   0.0334  -129.0157
               -0.0226   0.9989  -0.0404  -108.3934
               -0.0343   0.0396   0.9986   -58.0239
                0.0000   0.0000   0.0000     1.0000

voxel-to-ras determinant 1

ras to voxel transform:
                0.9992  -0.0226  -0.0343   124.4589
                0.0240   0.9989   0.0396   113.6702
                0.0334  -0.0404   0.9986    57.8796
                0.0000   0.0000   0.0000     1.0000
/out/sourcedata/freesurfer/sub-v1s14x0051582_ses-1

 mri_convert /out/sourcedata/freesurfer/sub-v1s14x0051582_ses-1/mri/rawavg.mgz /out/sourcedata/freesurfer/sub-v1s14x0051582_ses-1/mri/orig.mgz --conform 

mri_convert /out/sourcedata/freesurfer/sub-v1s14x0051582_ses-1/mri/rawavg.mgz /out/sourcedata/freesurfer/sub-v1s14x0051582_ses-1/mri/orig.mgz --conform 
reading from /out/sourcedata/freesurfer/sub-v1s14x0051582_ses-1/mri/rawavg.mgz...
TR=0.00, TE=0.00, TI=0.00, flip angle=0.00
i_ras = (0.999153, -0.0226444, -0.0343499)
j_ras = (0.024, 0.998928, 0.0395799)
k_ras = (0.0334168, -0.0403708, 0.998626)
changing data type from float to uchar (noscale = 0)...
MRIchangeType: Building histogram -0.00108337 1283.74 1000, flo=0, fhi=0.999, dest_type=0
Reslicing using trilinear interpolation 
writing to /out/sourcedata/freesurfer/sub-v1s14x0051582_ses-1/mri/orig.mgz...

 mri_add_xform_to_header -c /out/sourcedata/freesurfer/sub-v1s14x0051582_ses-1/mri/transforms/talairach.xfm /out/sourcedata/freesurfer/sub-v1s14x0051582_ses-1/mri/orig.mgz /out/sourcedata/freesurfer/sub-v1s14x0051582_ses-1/mri/orig.mgz 

INFO: extension is mgz

 mri_info /out/sourcedata/freesurfer/sub-v1s14x0051582_ses-1/mri/orig.mgz 

orig.mgz ========================================
Volume information for /out/sourcedata/freesurfer/sub-v1s14x0051582_ses-1/mri/orig.mgz
          type: MGH
    dimensions: 256 x 256 x 256
   voxel sizes: 1.000000, 1.000000, 1.000000
          type: UCHAR (0)
           fov: 256.000
           dof: 1
        xstart: -128.0, xend: 128.0
        ystart: -128.0, yend: 128.0
        zstart: -128.0, zend: 128.0
            TR: 0.00 msec, TE: 0.00 msec, TI: 0.00 msec, flip angle: 0.00 degrees
       nframes: 1
       PhEncDir: UNKNOWN
       FieldStrength: 0.000000
ras xform present
    xform info: x_r =  -1.0000, y_r =  -0.0000, z_r =   0.0000, c_r =     4.7883
              : x_a =  -0.0000, y_a =   0.0000, z_a =   1.0000, c_a =    13.1394
              : x_s =   0.0000, y_s =  -1.0000, z_s =   0.0000, c_s =    27.5287

talairach xfm : /out/sourcedata/freesurfer/sub-v1s14x0051582_ses-1/mri/transforms/talairach.xfm
Orientation   : LIA
Primary Slice Direction: coronal

voxel to ras transform:
               -1.0000  -0.0000   0.0000   132.7883
               -0.0000   0.0000   1.0000  -114.8606
                0.0000  -1.0000   0.0000   155.5287
                0.0000   0.0000   0.0000     1.0000

voxel-to-ras determinant -1

ras to voxel transform:
               -1.0000   0.0000   0.0000   132.7883
               -0.0000  -0.0000  -1.0000   155.5287
               -0.0000   1.0000   0.0000   114.8606
               -0.0000  -0.0000  -0.0000     1.0000
#--------------------------------------------
#@# Talairach Sun Mar  8 19:51:58 CET 2026
/out/sourcedata/freesurfer/sub-v1s14x0051582_ses-1/mri

 mri_nu_correct.mni --no-rescale --i orig.mgz --o orig_nu.mgz --ants-n4 --n 1 --proto-iters 1000 --distance 50 

/usr/bin/bc
/out/sourcedata/freesurfer/sub-v1s14x0051582_ses-1/mri
/opt/freesurfer/bin/mri_nu_correct.mni
--no-rescale --i orig.mgz --o orig_nu.mgz --ants-n4 --n 1 --proto-iters 1000 --distance 50
nIters 1
mri_nu_correct.mni 7.3.2
Linux dna079 5.14.0-427.37.1.el9_4.x86_64 #1 SMP PREEMPT_DYNAMIC Fri Sep 13 12:41:50 EDT 2024 x86_64 x86_64 x86_64 GNU/Linux
Sun Mar  8 19:51:58 CET 2026
tmpdir is ./tmp.mri_nu_correct.mni.901514
cd /out/sourcedata/freesurfer/sub-v1s14x0051582_ses-1/mri
AntsN4BiasFieldCorrectionFs -i orig.mgz -o ./tmp.mri_nu_correct.mni.901514/nu0.mgz --dtype uchar
AntsN4BiasFieldCorrectionFs done
mri_convert ./tmp.mri_nu_correct.mni.901514/nu0.mgz orig_nu.mgz --like orig.mgz --conform
mri_convert ./tmp.mri_nu_correct.mni.901514/nu0.mgz orig_nu.mgz --like orig.mgz --conform 
reading from ./tmp.mri_nu_correct.mni.901514/nu0.mgz...
TR=0.00, TE=0.00, TI=0.00, flip angle=0.00
i_ras = (-1, -4.65661e-10, 0)
j_ras = (-3.72529e-09, 0, -1)
k_ras = (2.09548e-09, 1, 0)
INFO: transform src into the like-volume: orig.mgz
writing to orig_nu.mgz...
 
 
Sun Mar  8 19:54:31 CET 2026
mri_nu_correct.mni done

 talairach_avi --i orig_nu.mgz --xfm transforms/talairach.auto.xfm 

talairach_avi log file is transforms/talairach_avi.log...
mv -f /out/sourcedata/freesurfer/sub-v1s14x0051582_ses-1/mri/talsrcimg_to_711-2C_as_mni_average_305_t4_vox2vox.txt /out/sourcedata/freesurfer/sub-v1s14x0051582_ses-1/mri/transforms/talsrcimg_to_711-2C_as_mni_average_305_t4_vox2vox.txt
Started at Sun Mar 8 19:54:31 CET 2026
Ended   at Sun Mar  8 19:54:45 CET 2026
talairach_avi done

 cp transforms/talairach.auto.xfm transforms/talairach.xfm 

lta_convert --src orig.mgz --trg /opt/freesurfer/average/mni305.cor.mgz --inxfm transforms/talairach.xfm --outlta transforms/talairach.xfm.lta --subject fsaverage --ltavox2vox
7.3.2

--src: orig.mgz src image (geometry).
--trg: /opt/freesurfer/average/mni305.cor.mgz trg image (geometry).
--inmni: transforms/talairach.xfm input MNI/XFM transform.
--outlta: transforms/talairach.xfm.lta output LTA.
--s: fsaverage subject name
--ltavox2vox: output LTA as VOX_TO_VOX transform.
 LTA read, type : 1
 1.07445  -0.08373  -0.10332  -2.37225;
 0.13650   1.00241   0.27762  -31.02603;
 0.03705  -0.20836   1.12906  -3.92682;
 0.00000   0.00000   0.00000   1.00000;
setting subject to fsaverage
Writing  LTA to file transforms/talairach.xfm.lta...
lta_convert successful.
#--------------------------------------------
#@# Talairach Failure Detection Sun Mar  8 19:54:47 CET 2026
/out/sourcedata/freesurfer/sub-v1s14x0051582_ses-1/mri

 talairach_afd -T 0.005 -xfm transforms/talairach.xfm 

talairach_afd: Talairach Transform: transforms/talairach.xfm OK (p=0.7312, pval=0.6675 >= threshold=0.0050)

 awk -f /opt/freesurfer/bin/extract_talairach_avi_QA.awk /out/sourcedata/freesurfer/sub-v1s14x0051582_ses-1/mri/transforms/talairach_avi.log 


 tal_QC_AZS /out/sourcedata/freesurfer/sub-v1s14x0051582_ses-1/mri/transforms/talairach_avi.log 

TalAviQA: 0.97654
z-score: 0
#--------------------------------------------
#@# Nu Intensity Correction Sun Mar  8 19:54:47 CET 2026

 mri_nu_correct.mni --i orig.mgz --o nu.mgz --uchar transforms/talairach.xfm --n 2 --ants-n4 

/usr/bin/bc
/out/sourcedata/freesurfer/sub-v1s14x0051582_ses-1/mri
/opt/freesurfer/bin/mri_nu_correct.mni
--i orig.mgz --o nu.mgz --uchar transforms/talairach.xfm --n 2 --ants-n4
nIters 2
mri_nu_correct.mni 7.3.2
Linux dna079 5.14.0-427.37.1.el9_4.x86_64 #1 SMP PREEMPT_DYNAMIC Fri Sep 13 12:41:50 EDT 2024 x86_64 x86_64 x86_64 GNU/Linux
Sun Mar  8 19:54:47 CET 2026
tmpdir is ./tmp.mri_nu_correct.mni.902063
cd /out/sourcedata/freesurfer/sub-v1s14x0051582_ses-1/mri
AntsN4BiasFieldCorrectionFs -i orig.mgz -o ./tmp.mri_nu_correct.mni.902063/nu0.mgz --dtype uchar
AntsN4BiasFieldCorrectionFs done
mri_binarize --i ./tmp.mri_nu_correct.mni.902063/nu0.mgz --min -1 --o ./tmp.mri_nu_correct.mni.902063/ones.mgz

7.3.2
cwd /out/sourcedata/freesurfer/sub-v1s14x0051582_ses-1/mri
cmdline mri_binarize --i ./tmp.mri_nu_correct.mni.902063/nu0.mgz --min -1 --o ./tmp.mri_nu_correct.mni.902063/ones.mgz 
sysname  Linux
hostname dna079
machine  x86_64
user     oesteban

input      ./tmp.mri_nu_correct.mni.902063/nu0.mgz
frame      0
nErode3d   0
nErode2d   0
output     ./tmp.mri_nu_correct.mni.902063/ones.mgz
Binarizing based on threshold
min        -1
max        +infinity
binval        1
binvalnot     0
fstart = 0, fend = 0, nframes = 1
Starting parallel 1
Found 16777216 values in range
Counting number of voxels in first frame
Found 16777215 voxels in final mask
Writing output to ./tmp.mri_nu_correct.mni.902063/ones.mgz
Count: 16777215 16777215.000000 16777216 99.999994
mri_binarize done
mri_segstats --id 1 --seg ./tmp.mri_nu_correct.mni.902063/ones.mgz --i orig.mgz --sum ./tmp.mri_nu_correct.mni.902063/sum.junk --avgwf ./tmp.mri_nu_correct.mni.902063/input.mean.dat

7.3.2
cwd 
cmdline mri_segstats --id 1 --seg ./tmp.mri_nu_correct.mni.902063/ones.mgz --i orig.mgz --sum ./tmp.mri_nu_correct.mni.902063/sum.junk --avgwf ./tmp.mri_nu_correct.mni.902063/input.mean.dat 
sysname  Linux
hostname dna079
machine  x86_64
user     oesteban
whitesurfname  white
UseRobust  0
Loading ./tmp.mri_nu_correct.mni.902063/ones.mgz
Loading orig.mgz
Voxel Volume is 1 mm^3
Generating list of segmentation ids
Found   1 segmentations
Computing statistics for each segmentation

Reporting on   1 segmentations
Using PrintSegStat
Computing spatial average of each frame

Writing to ./tmp.mri_nu_correct.mni.902063/input.mean.dat
mri_segstats done
mri_segstats --id 1 --seg ./tmp.mri_nu_correct.mni.902063/ones.mgz --i ./tmp.mri_nu_correct.mni.902063/nu0.mgz --sum ./tmp.mri_nu_correct.mni.902063/sum.junk --avgwf ./tmp.mri_nu_correct.mni.902063/output.mean.dat

7.3.2
cwd 
cmdline mri_segstats --id 1 --seg ./tmp.mri_nu_correct.mni.902063/ones.mgz --i ./tmp.mri_nu_correct.mni.902063/nu0.mgz --sum ./tmp.mri_nu_correct.mni.902063/sum.junk --avgwf ./tmp.mri_nu_correct.mni.902063/output.mean.dat 
sysname  Linux
hostname dna079
machine  x86_64
user     oesteban
whitesurfname  white
UseRobust  0
Loading ./tmp.mri_nu_correct.mni.902063/ones.mgz
Loading ./tmp.mri_nu_correct.mni.902063/nu0.mgz
Voxel Volume is 1 mm^3
Generating list of segmentation ids
Found   1 segmentations
Computing statistics for each segmentation

Reporting on   1 segmentations
Using PrintSegStat
Computing spatial average of each frame

Writing to ./tmp.mri_nu_correct.mni.902063/output.mean.dat
mri_segstats done
mris_calc -o ./tmp.mri_nu_correct.mni.902063/nu0.mgz ./tmp.mri_nu_correct.mni.902063/nu0.mgz mul 1.07453174130330549994
Saving result to './tmp.mri_nu_correct.mni.902063/nu0.mgz' (type = MGH )                       [ ok ]
mri_convert ./tmp.mri_nu_correct.mni.902063/nu0.mgz nu.mgz --like orig.mgz
mri_convert ./tmp.mri_nu_correct.mni.902063/nu0.mgz nu.mgz --like orig.mgz 
reading from ./tmp.mri_nu_correct.mni.902063/nu0.mgz...
TR=0.00, TE=0.00, TI=0.00, flip angle=0.00
i_ras = (-1, -4.65661e-10, 0)
j_ras = (-3.72529e-09, 0, -1)
k_ras = (2.09548e-09, 1, 0)
INFO: transform src into the like-volume: orig.mgz
writing to nu.mgz...
mri_make_uchar nu.mgz transforms/talairach.xfm nu.mgz
type change took 0 minutes and 3 seconds.
FIRST_PERCENTILE 0.010000
WM_PERCENTILE    0.900000
MAX_R 50.000000
i1 = 3, i2 = 60
#mri_make_uchar# mapping  8 155 to  3 110  :  b -3.10526 m 0.731858 : thresh 4.24299 maxsat 352.671 : nzero 13647346 nsat 0
 
 
Sun Mar  8 19:57:32 CET 2026
mri_nu_correct.mni done

 mri_add_xform_to_header -c /out/sourcedata/freesurfer/sub-v1s14x0051582_ses-1/mri/transforms/talairach.xfm nu.mgz nu.mgz 

INFO: extension is mgz
#--------------------------------------------
#@# Intensity Normalization Sun Mar  8 19:57:33 CET 2026
/out/sourcedata/freesurfer/sub-v1s14x0051582_ses-1/mri

 mri_normalize -g 1 -seed 1234 -mprage nu.mgz T1.mgz 

using max gradient = 1.000
setting seed for random number genererator to 1234
assuming input volume is MGH (Van der Kouwe) MP-RAGE
reading mri_src from nu.mgz...
normalizing image...
NOT doing gentle normalization with control points/label
talairach transform
 1.07445  -0.08373  -0.10332  -2.37225;
 0.13650   1.00241   0.27762  -31.02603;
 0.03705  -0.20836   1.12906  -3.92682;
 0.00000   0.00000   0.00000   1.00000;
processing without aseg, no1d=0
MRInormInit(): 
INFO: Modifying talairach volume c_(r,a,s) based on average_305
MRInormalize(): 
MRIsplineNormalize(): npeaks = 20
Starting OpenSpline(): npoints = 20
building Voronoi diagram...
performing soap bubble smoothing, sigma = 8...

Iterating 2 times
---------------------------------
3d normalization pass 1 of 2
white matter peak found at 110
white matter peak found at 110
gm peak at 67 (67), valley at 47 (47)
csf peak at 34, setting threshold to 56
building Voronoi diagram...
performing soap bubble smoothing, sigma = 8...
---------------------------------
3d normalization pass 2 of 2
white matter peak found at 110
white matter peak found at 110
gm peak at 69 (69), valley at 36 (36)
csf peak at 35, setting threshold to 57
building Voronoi diagram...
performing soap bubble smoothing, sigma = 8...
Done iterating ---------------------------------
writing output to T1.mgz
3D bias adjustment took 1 minutes and 0 seconds.

Started at Sun Mar 8 19:51:50 CET 2026 
Ended   at Sun Mar 8 19:58:33 CET 2026
#@#%# recon-all-run-time-hours 0.112
recon-all -s sub-v1s14x0051582_ses-1 finished without error at Sun Mar  8 19:58:33 CET 2026



#New# invocation of recon-all 




Sun Mar  8 20:04:58 CET 2026
cd /out/sourcedata/freesurfer/sub-v1s14x0051582_ses-1
setenv SUBJECTS_DIR /out/sourcedata/freesurfer
/opt/freesurfer/bin/recon-all -openmp 16 -subjid sub-v1s14x0051582_ses-1 -sd /out/sourcedata/freesurfer -gcareg

subjid sub-v1s14x0051582_ses-1
setenv SUBJECTS_DIR /out/sourcedata/freesurfer
FREESURFER_HOME /opt/freesurfer
Actual FREESURFER_HOME /opt/freesurfer
build-stamp.txt: freesurfer-linux-ubuntu22_x86_64-7.3.2-20220804-6354275
Linux dna079 5.14.0-427.37.1.el9_4.x86_64 #1 SMP PREEMPT_DYNAMIC Fri Sep 13 12:41:50 EDT 2024 x86_64 x86_64 x86_64 GNU/Linux
cputime      unlimited
filesize     unlimited
datasize     unlimited
stacksize    8192 kbytes
coredumpsize 0 kbytes
memoryuse    67108864 kbytes
vmemoryuse   unlimited
descriptors  1024 
memorylocked unlimited
maxproc      2061970 
maxlocks     unlimited
maxsignal    2062029 
maxmessage   819200 
maxnice      0 
maxrtprio    0 
maxrttime    unlimited

               total        used        free      shared  buff/cache   available
Mem:           503Gi        49Gi       394Gi       9.2Gi        59Gi       441Gi
Swap:             0B          0B          0B

########################################
program versions used
7.3.2 (freesurfer-linux-ubuntu22_x86_64-7.3.2-20220804-6354275)
7.3.2

ProgramName: lta_convert  ProgramArguments: lta_convert -all-info  ProgramVersion: 7.3.2  TimeStamp: 2026/03/08-19:04:58-GMT  BuildTime: Aug  4 2022 06:17:15  BuildStamp: freesurfer-linux-ubuntu22_x86_64-7.3.2-20220804-6354275  User: oesteban  Machine: dna079  Platform: Linux  PlatformVersion: 5.14.0-427.37.1.el9_4.x86_64  CompilerName: GCC  CompilerVersion: 8.4.0
ProgramName: mri_and  ProgramArguments: mri_and -all-info  ProgramVersion: 7.3.2  TimeStamp: 2026/03/08-19:04:58-GMT  BuildTime: Aug  4 2022 06:17:15  BuildStamp: freesurfer-linux-ubuntu22_x86_64-7.3.2-20220804-6354275  User: oesteban  Machine: dna079  Platform: Linux  PlatformVersion: 5.14.0-427.37.1.el9_4.x86_64  CompilerName: GCC  CompilerVersion: 8.4.0
ProgramName: mri_annotation2label  ProgramArguments: mri_annotation2label -all-info  ProgramVersion: 7.3.2  TimeStamp: 2026/03/08-19:04:58-GMT  BuildTime: Aug  4 2022 06:17:15  BuildStamp: freesurfer-linux-ubuntu22_x86_64-7.3.2-20220804-6354275  User: oesteban  Machine: dna079  Platform: Linux  PlatformVersion: 5.14.0-427.37.1.el9_4.x86_64  CompilerName: GCC  CompilerVersion: 8.4.0
ProgramName: mri_aparc2aseg  ProgramArguments: mri_aparc2aseg -all-info  ProgramVersion: 7.3.2  TimeStamp: 2026/03/08-19:04:58-GMT  BuildTime: Aug  4 2022 06:17:15  BuildStamp: freesurfer-linux-ubuntu22_x86_64-7.3.2-20220804-6354275  User: oesteban  Machine: dna079  Platform: Linux  PlatformVersion: 5.14.0-427.37.1.el9_4.x86_64  CompilerName: GCC  CompilerVersion: 8.4.0
ProgramName: mri_surf2volseg  ProgramArguments: mri_surf2volseg -all-info  ProgramVersion: 7.3.2  TimeStamp: 2026/03/08-19:04:58-GMT  BuildTime: Aug  4 2022 06:17:15  BuildStamp: freesurfer-linux-ubuntu22_x86_64-7.3.2-20220804-6354275  User: oesteban  Machine: dna079  Platform: Linux  PlatformVersion: 5.14.0-427.37.1.el9_4.x86_64  CompilerName: GCC  CompilerVersion: 8.4.0
ProgramName: mri_binarize  ProgramArguments: mri_binarize -all-info  ProgramVersion: 7.3.2  TimeStamp: 2026/03/08-19:04:58-GMT  BuildTime: Aug  4 2022 06:17:15  BuildStamp: freesurfer-linux-ubuntu22_x86_64-7.3.2-20220804-6354275  User: oesteban  Machine: dna079  Platform: Linux  PlatformVersion: 5.14.0-427.37.1.el9_4.x86_64  CompilerName: GCC  CompilerVersion: 8.4.0
ProgramName: mri_ca_label  ProgramArguments: mri_ca_label -all-info  ProgramVersion: 7.3.2  TimeStamp: 2026/03/08-19:04:58-GMT  BuildTime: Aug  4 2022 06:17:15  BuildStamp: freesurfer-linux-ubuntu22_x86_64-7.3.2-20220804-6354275  User: oesteban  Machine: dna079  Platform: Linux  PlatformVersion: 5.14.0-427.37.1.el9_4.x86_64  CompilerName: GCC  CompilerVersion: 8.4.0
ProgramName: mri_ca_normalize  ProgramArguments: mri_ca_normalize -all-info  ProgramVersion: 7.3.2  TimeStamp: 2026/03/08-19:04:58-GMT  BuildTime: Aug  4 2022 06:17:15  BuildStamp: freesurfer-linux-ubuntu22_x86_64-7.3.2-20220804-6354275  User: oesteban  Machine: dna079  Platform: Linux  PlatformVersion: 5.14.0-427.37.1.el9_4.x86_64  CompilerName: GCC  CompilerVersion: 8.4.0
ProgramName: mri_ca_register  ProgramArguments: mri_ca_register -all-info  ProgramVersion: 7.3.2  TimeStamp: 2026/03/08-19:04:58-GMT  BuildTime: Aug  4 2022 06:17:15  BuildStamp: freesurfer-linux-ubuntu22_x86_64-7.3.2-20220804-6354275  User: oesteban  Machine: dna079  Platform: Linux  PlatformVersion: 5.14.0-427.37.1.el9_4.x86_64  CompilerName: GCC  CompilerVersion: 8.4.0
ProgramName: mri_cc  ProgramArguments: mri_cc -all-info  ProgramVersion: 7.3.2  TimeStamp: 2026/03/08-19:04:58-GMT  BuildTime: Aug  4 2022 06:17:15  BuildStamp: freesurfer-linux-ubuntu22_x86_64-7.3.2-20220804-6354275  User: oesteban  Machine: dna079  Platform: Linux  PlatformVersion: 5.14.0-427.37.1.el9_4.x86_64  CompilerName: GCC  CompilerVersion: 8.4.0
ProgramName: mri_compute_overlap  ProgramArguments: mri_compute_overlap -all-info  ProgramVersion: 7.3.2  TimeStamp: 2026/03/08-19:04:58-GMT  BuildTime: Aug  4 2022 06:17:15  BuildStamp: freesurfer-linux-ubuntu22_x86_64-7.3.2-20220804-6354275  User: oesteban  Machine: dna079  Platform: Linux  PlatformVersion: 5.14.0-427.37.1.el9_4.x86_64  CompilerName: GCC  CompilerVersion: 8.4.0
ProgramName: mri_compute_seg_overlap  ProgramArguments: mri_compute_seg_overlap -all-info  ProgramVersion: 7.3.2  TimeStamp: 2026/03/08-19:04:58-GMT  BuildTime: Aug  4 2022 06:17:15  BuildStamp: freesurfer-linux-ubuntu22_x86_64-7.3.2-20220804-6354275  User: oesteban  Machine: dna079  Platform: Linux  PlatformVersion: 5.14.0-427.37.1.el9_4.x86_64  CompilerName: GCC  CompilerVersion: 8.4.0
ProgramName: mri_concat  ProgramArguments: mri_concat -all-info  ProgramVersion: 7.3.2  TimeStamp: 2026/03/08-19:04:58-GMT  BuildTime: Aug  4 2022 06:17:15  BuildStamp: freesurfer-linux-ubuntu22_x86_64-7.3.2-20220804-6354275  User: oesteban  Machine: dna079  Platform: Linux  PlatformVersion: 5.14.0-427.37.1.el9_4.x86_64  CompilerName: GCC  CompilerVersion: 8.4.0
ProgramName: mri_concatenate_lta  ProgramArguments: mri_concatenate_lta -all-info  ProgramVersion: 7.3.2  TimeStamp: 2026/03/08-19:04:58-GMT  BuildTime: Aug  4 2022 06:17:15  BuildStamp: freesurfer-linux-ubuntu22_x86_64-7.3.2-20220804-6354275  User: oesteban  Machine: dna079  Platform: Linux  PlatformVersion: 5.14.0-427.37.1.el9_4.x86_64  CompilerName: GCC  CompilerVersion: 8.4.0
mri_convert -all-info 
ProgramName: mri_convert  ProgramArguments: mri_convert -all-info  ProgramVersion: 7.3.2  TimeStamp: 2026/03/08-19:04:58-GMT  BuildTime: Aug  4 2022 06:17:15  BuildStamp: freesurfer-linux-ubuntu22_x86_64-7.3.2-20220804-6354275  User: oesteban  Machine: dna079  Platform: Linux  PlatformVersion: 5.14.0-427.37.1.el9_4.x86_64  CompilerName: GCC  CompilerVersion: 8.4.0
ProgramName: mri_diff  ProgramArguments: mri_diff -all-info  ProgramVersion: 7.3.2  TimeStamp: 2026/03/08-19:04:58-GMT  BuildTime: Aug  4 2022 06:17:15  BuildStamp: freesurfer-linux-ubuntu22_x86_64-7.3.2-20220804-6354275  User: oesteban  Machine: dna079  Platform: Linux  PlatformVersion: 5.14.0-427.37.1.el9_4.x86_64  CompilerName: GCC  CompilerVersion: 8.4.0
ProgramName: mri_edit_wm_with_aseg  ProgramArguments: mri_edit_wm_with_aseg -all-info  ProgramVersion: 7.3.2  TimeStamp: 2026/03/08-19:04:58-GMT  BuildTime: Aug  4 2022 06:17:15  BuildStamp: freesurfer-linux-ubuntu22_x86_64-7.3.2-20220804-6354275  User: oesteban  Machine: dna079  Platform: Linux  PlatformVersion: 5.14.0-427.37.1.el9_4.x86_64  CompilerName: GCC  CompilerVersion: 8.4.0
ProgramName: mri_em_register  ProgramArguments: mri_em_register -all-info  ProgramVersion: 7.3.2  TimeStamp: 2026/03/08-19:04:58-GMT  BuildTime: Aug  4 2022 06:17:15  BuildStamp: freesurfer-linux-ubuntu22_x86_64-7.3.2-20220804-6354275  User: oesteban  Machine: dna079  Platform: Linux  PlatformVersion: 5.14.0-427.37.1.el9_4.x86_64  CompilerName: GCC  CompilerVersion: 8.4.0
ProgramName: mri_fill  ProgramArguments: mri_fill -all-info  ProgramVersion: 7.3.2  TimeStamp: 2026/03/08-19:04:58-GMT  BuildTime: Aug  4 2022 06:17:15  BuildStamp: freesurfer-linux-ubuntu22_x86_64-7.3.2-20220804-6354275  User: oesteban  Machine: dna079  Platform: Linux  PlatformVersion: 5.14.0-427.37.1.el9_4.x86_64  CompilerName: GCC  CompilerVersion: 8.4.0
ProgramName: mri_fuse_segmentations  ProgramArguments: mri_fuse_segmentations -all-info  ProgramVersion: 7.3.2  TimeStamp: 2026/03/08-19:04:58-GMT  BuildTime: Aug  4 2022 06:17:15  BuildStamp: freesurfer-linux-ubuntu22_x86_64-7.3.2-20220804-6354275  User: oesteban  Machine: dna079  Platform: Linux  PlatformVersion: 5.14.0-427.37.1.el9_4.x86_64  CompilerName: GCC  CompilerVersion: 8.4.0
ProgramName: mri_fwhm  ProgramArguments: mri_fwhm -all-info  ProgramVersion: 7.3.2  TimeStamp: 2026/03/08-19:04:58-GMT  BuildTime: Aug  4 2022 06:17:15  BuildStamp: freesurfer-linux-ubuntu22_x86_64-7.3.2-20220804-6354275  User: oesteban  Machine: dna079  Platform: Linux  PlatformVersion: 5.14.0-427.37.1.el9_4.x86_64  CompilerName: GCC  CompilerVersion: 8.4.0
ProgramName: mri_gcut  ProgramArguments: mri_gcut -all-info  ProgramVersion: 7.3.2  TimeStamp: 2026/03/08-19:04:58-GMT  BuildTime: Aug  4 2022 06:17:15  BuildStamp: freesurfer-linux-ubuntu22_x86_64-7.3.2-20220804-6354275  User: oesteban  Machine: dna079  Platform: Linux  PlatformVersion: 5.14.0-427.37.1.el9_4.x86_64  CompilerName: GCC  CompilerVersion: 8.4.0
ProgramName: mri_info  ProgramArguments: mri_info -all-info  ProgramVersion: 7.3.2  TimeStamp: 2026/03/08-19:04:58-GMT  BuildTime: Aug  4 2022 06:17:15  BuildStamp: freesurfer-linux-ubuntu22_x86_64-7.3.2-20220804-6354275  User: oesteban  Machine: dna079  Platform: Linux  PlatformVersion: 5.14.0-427.37.1.el9_4.x86_64  CompilerName: GCC  CompilerVersion: 8.4.0
ProgramName: mri_label2label  ProgramArguments: mri_label2label -all-info  ProgramVersion: 7.3.2  TimeStamp: 2026/03/08-19:04:58-GMT  BuildTime: Aug  4 2022 06:17:15  BuildStamp: freesurfer-linux-ubuntu22_x86_64-7.3.2-20220804-6354275  User: oesteban  Machine: dna079  Platform: Linux  PlatformVersion: 5.14.0-427.37.1.el9_4.x86_64  CompilerName: GCC  CompilerVersion: 8.4.0
ProgramName: mri_label2vol  ProgramArguments: mri_label2vol -all-info  ProgramVersion: 7.3.2  TimeStamp: 2026/03/08-19:04:58-GMT  BuildTime: Aug  4 2022 06:17:15  BuildStamp: freesurfer-linux-ubuntu22_x86_64-7.3.2-20220804-6354275  User: oesteban  Machine: dna079  Platform: Linux  PlatformVersion: 5.14.0-427.37.1.el9_4.x86_64  CompilerName: GCC  CompilerVersion: 8.4.0
ProgramName: mri_log_likelihood  ProgramArguments: mri_log_likelihood -all-info  ProgramVersion: 7.3.2  TimeStamp: 2026/03/08-19:04:58-GMT  BuildTime: Aug  4 2022 06:17:15  BuildStamp: freesurfer-linux-ubuntu22_x86_64-7.3.2-20220804-6354275  User: oesteban  Machine: dna079  Platform: Linux  PlatformVersion: 5.14.0-427.37.1.el9_4.x86_64  CompilerName: GCC  CompilerVersion: 8.4.0
ProgramName: mri_mask  ProgramArguments: mri_mask -all-info  ProgramVersion: 7.3.2  TimeStamp: 2026/03/08-19:04:58-GMT  BuildTime: Aug  4 2022 06:17:15  BuildStamp: freesurfer-linux-ubuntu22_x86_64-7.3.2-20220804-6354275  User: oesteban  Machine: dna079  Platform: Linux  PlatformVersion: 5.14.0-427.37.1.el9_4.x86_64  CompilerName: GCC  CompilerVersion: 8.4.0
ProgramName: mri_matrix_multiply  ProgramArguments: mri_matrix_multiply -all-info  ProgramVersion: 7.3.2  TimeStamp: 2026/03/08-19:04:58-GMT  BuildTime: Aug  4 2022 06:17:15  BuildStamp: freesurfer-linux-ubuntu22_x86_64-7.3.2-20220804-6354275  User: oesteban  Machine: dna079  Platform: Linux  PlatformVersion: 5.14.0-427.37.1.el9_4.x86_64  CompilerName: GCC  CompilerVersion: 8.4.0
ProgramName: mri_normalize  ProgramArguments: mri_normalize -all-info  ProgramVersion: 7.3.2  TimeStamp: 2026/03/08-19:04:58-GMT  BuildTime: Aug  4 2022 06:17:15  BuildStamp: freesurfer-linux-ubuntu22_x86_64-7.3.2-20220804-6354275  User: oesteban  Machine: dna079  Platform: Linux  PlatformVersion: 5.14.0-427.37.1.el9_4.x86_64  CompilerName: GCC  CompilerVersion: 8.4.0
ProgramName: mri_normalize_tp2  ProgramArguments: mri_normalize_tp2 -all-info  ProgramVersion: 7.3.2  TimeStamp: 2026/03/08-19:04:58-GMT  BuildTime: Aug  4 2022 06:17:15  BuildStamp: freesurfer-linux-ubuntu22_x86_64-7.3.2-20220804-6354275  User: oesteban  Machine: dna079  Platform: Linux  PlatformVersion: 5.14.0-427.37.1.el9_4.x86_64  CompilerName: GCC  CompilerVersion: 8.4.0
ProgramName: mri_or  ProgramArguments: mri_or -all-info  ProgramVersion: 7.3.2  TimeStamp: 2026/03/08-19:04:58-GMT  BuildTime: Aug  4 2022 06:17:15  BuildStamp: freesurfer-linux-ubuntu22_x86_64-7.3.2-20220804-6354275  User: oesteban  Machine: dna079  Platform: Linux  PlatformVersion: 5.14.0-427.37.1.el9_4.x86_64  CompilerName: GCC  CompilerVersion: 8.4.0
ProgramName: mri_relabel_hypointensities  ProgramArguments: mri_relabel_hypointensities -all-info  ProgramVersion: 7.3.2  TimeStamp: 2026/03/08-19:04:58-GMT  BuildTime: Aug  4 2022 06:17:15  BuildStamp: freesurfer-linux-ubuntu22_x86_64-7.3.2-20220804-6354275  User: oesteban  Machine: dna079  Platform: Linux  PlatformVersion: 5.14.0-427.37.1.el9_4.x86_64  CompilerName: GCC  CompilerVersion: 8.4.0
ProgramName: mri_relabel_nonwm_hypos  ProgramArguments: mri_relabel_nonwm_hypos -all-info  ProgramVersion: 7.3.2  TimeStamp: 2026/03/08-19:04:58-GMT  BuildTime: Aug  4 2022 06:17:15  BuildStamp: freesurfer-linux-ubuntu22_x86_64-7.3.2-20220804-6354275  User: oesteban  Machine: dna079  Platform: Linux  PlatformVersion: 5.14.0-427.37.1.el9_4.x86_64  CompilerName: GCC  CompilerVersion: 8.4.0
ProgramName: mri_remove_neck  ProgramArguments: mri_remove_neck -all-info  ProgramVersion: 7.3.2  TimeStamp: 2026/03/08-19:04:58-GMT  BuildTime: Aug  4 2022 06:17:15  BuildStamp: freesurfer-linux-ubuntu22_x86_64-7.3.2-20220804-6354275  User: oesteban  Machine: dna079  Platform: Linux  PlatformVersion: 5.14.0-427.37.1.el9_4.x86_64  CompilerName: GCC  CompilerVersion: 8.4.0
7.3.2

ProgramName: mri_robust_register  ProgramArguments: mri_robust_register -all-info  ProgramVersion: 7.3.2  TimeStamp: 2026/03/08-19:04:58-GMT  BuildTime: Aug  4 2022 06:17:15  BuildStamp: freesurfer-linux-ubuntu22_x86_64-7.3.2-20220804-6354275  User: oesteban  Machine: dna079  Platform: Linux  PlatformVersion: 5.14.0-427.37.1.el9_4.x86_64  CompilerName: GCC  CompilerVersion: 8.4.0
7.3.2

ProgramName: mri_robust_template  ProgramArguments: mri_robust_template -all-info  ProgramVersion: 7.3.2  TimeStamp: 2026/03/08-19:04:58-GMT  BuildTime: Aug  4 2022 06:17:15  BuildStamp: freesurfer-linux-ubuntu22_x86_64-7.3.2-20220804-6354275  User: oesteban  Machine: dna079  Platform: Linux  PlatformVersion: 5.14.0-427.37.1.el9_4.x86_64  CompilerName: GCC  CompilerVersion: 8.4.0
ProgramName: mris_anatomical_stats  ProgramArguments: mris_anatomical_stats -all-info  ProgramVersion: 7.3.2  TimeStamp: 2026/03/08-19:04:58-GMT  BuildTime: Aug  4 2022 06:17:15  BuildStamp: freesurfer-linux-ubuntu22_x86_64-7.3.2-20220804-6354275  User: oesteban  Machine: dna079  Platform: Linux  PlatformVersion: 5.14.0-427.37.1.el9_4.x86_64  CompilerName: GCC  CompilerVersion: 8.4.0
ProgramName: mris_ca_label  ProgramArguments: mris_ca_label -all-info  ProgramVersion: 7.3.2  TimeStamp: 2026/03/08-19:04:58-GMT  BuildTime: Aug  4 2022 06:17:15  BuildStamp: freesurfer-linux-ubuntu22_x86_64-7.3.2-20220804-6354275  User: oesteban  Machine: dna079  Platform: Linux  PlatformVersion: 5.14.0-427.37.1.el9_4.x86_64  CompilerName: GCC  CompilerVersion: 8.4.0
ProgramName: mris_calc  ProgramArguments: mris_calc -all-info  ProgramVersion: 7.3.2  TimeStamp: 2026/03/08-19:04:58-GMT  BuildTime: Aug  4 2022 06:17:15  BuildStamp: freesurfer-linux-ubuntu22_x86_64-7.3.2-20220804-6354275  User: oesteban  Machine: dna079  Platform: Linux  PlatformVersion: 5.14.0-427.37.1.el9_4.x86_64  CompilerName: GCC  CompilerVersion: 8.4.0
ProgramName: mris_convert  ProgramArguments: mris_convert -all-info  ProgramVersion: 7.3.2  TimeStamp: 2026/03/08-19:04:58-GMT  BuildTime: Aug  4 2022 06:17:15  BuildStamp: freesurfer-linux-ubuntu22_x86_64-7.3.2-20220804-6354275  User: oesteban  Machine: dna079  Platform: Linux  PlatformVersion: 5.14.0-427.37.1.el9_4.x86_64  CompilerName: GCC  CompilerVersion: 8.4.0
ProgramName: mris_curvature  ProgramArguments: mris_curvature -all-info  ProgramVersion: 7.3.2  TimeStamp: 2026/03/08-19:04:58-GMT  BuildTime: Aug  4 2022 06:17:15  BuildStamp: freesurfer-linux-ubuntu22_x86_64-7.3.2-20220804-6354275  User: oesteban  Machine: dna079  Platform: Linux  PlatformVersion: 5.14.0-427.37.1.el9_4.x86_64  CompilerName: GCC  CompilerVersion: 8.4.0
ProgramName: mris_curvature_stats  ProgramArguments: mris_curvature_stats -all-info  ProgramVersion: 7.3.2  TimeStamp: 2026/03/08-19:04:58-GMT  BuildTime: Aug  4 2022 06:17:15  BuildStamp: freesurfer-linux-ubuntu22_x86_64-7.3.2-20220804-6354275  User: oesteban  Machine: dna079  Platform: Linux  PlatformVersion: 5.14.0-427.37.1.el9_4.x86_64  CompilerName: GCC  CompilerVersion: 8.4.0
ProgramName: mris_diff  ProgramArguments: mris_diff -all-info  ProgramVersion: 7.3.2  TimeStamp: 2026/03/08-19:04:58-GMT  BuildTime: Aug  4 2022 06:17:15  BuildStamp: freesurfer-linux-ubuntu22_x86_64-7.3.2-20220804-6354275  User: oesteban  Machine: dna079  Platform: Linux  PlatformVersion: 5.14.0-427.37.1.el9_4.x86_64  CompilerName: GCC  CompilerVersion: 8.4.0
ProgramName: mris_divide_parcellation  ProgramArguments: mris_divide_parcellation -all-info  ProgramVersion: 7.3.2  TimeStamp: 2026/03/08-19:04:58-GMT  BuildTime: Aug  4 2022 06:17:15  BuildStamp: freesurfer-linux-ubuntu22_x86_64-7.3.2-20220804-6354275  User: oesteban  Machine: dna079  Platform: Linux  PlatformVersion: 5.14.0-427.37.1.el9_4.x86_64  CompilerName: GCC  CompilerVersion: 8.4.0
ProgramName: mri_segment  ProgramArguments: mri_segment -all-info  ProgramVersion: 7.3.2  TimeStamp: 2026/03/08-19:04:58-GMT  BuildTime: Aug  4 2022 06:17:15  BuildStamp: freesurfer-linux-ubuntu22_x86_64-7.3.2-20220804-6354275  User: oesteban  Machine: dna079  Platform: Linux  PlatformVersion: 5.14.0-427.37.1.el9_4.x86_64  CompilerName: GCC  CompilerVersion: 8.4.0
ProgramName: mri_segstats  ProgramArguments: mri_segstats -all-info  ProgramVersion: 7.3.2  TimeStamp: 2026/03/08-19:04:58-GMT  BuildTime: Aug  4 2022 06:17:15  BuildStamp: freesurfer-linux-ubuntu22_x86_64-7.3.2-20220804-6354275  User: oesteban  Machine: dna079  Platform: Linux  PlatformVersion: 5.14.0-427.37.1.el9_4.x86_64  CompilerName: GCC  CompilerVersion: 8.4.0
ProgramName: mris_euler_number  ProgramArguments: mris_euler_number -all-info  ProgramVersion: 7.3.2  TimeStamp: 2026/03/08-19:04:58-GMT  BuildTime: Aug  4 2022 06:17:15  BuildStamp: freesurfer-linux-ubuntu22_x86_64-7.3.2-20220804-6354275  User: oesteban  Machine: dna079  Platform: Linux  PlatformVersion: 5.14.0-427.37.1.el9_4.x86_64  CompilerName: GCC  CompilerVersion: 8.4.0
ProgramName: mris_fix_topology  ProgramArguments: mris_fix_topology -all-info  ProgramVersion: 7.3.2  TimeStamp: 2026/03/08-19:04:58-GMT  BuildTime: Aug  4 2022 06:17:15  BuildStamp: freesurfer-linux-ubuntu22_x86_64-7.3.2-20220804-6354275  User: oesteban  Machine: dna079  Platform: Linux  PlatformVersion: 5.14.0-427.37.1.el9_4.x86_64  CompilerName: GCC  CompilerVersion: 8.4.0
ProgramName: mris_topo_fixer  ProgramArguments: mris_topo_fixer -all-info  ProgramVersion: 7.3.2  TimeStamp: 2026/03/08-19:04:58-GMT  BuildTime: Aug  4 2022 06:17:15  BuildStamp: freesurfer-linux-ubuntu22_x86_64-7.3.2-20220804-6354275  User: oesteban  Machine: dna079  Platform: Linux  PlatformVersion: 5.14.0-427.37.1.el9_4.x86_64  CompilerName: GCC  CompilerVersion: 8.4.0
ProgramName: mris_jacobian  ProgramArguments: mris_jacobian -all-info  ProgramVersion: 7.3.2  TimeStamp: 2026/03/08-19:04:58-GMT  BuildTime: Aug  4 2022 06:17:15  BuildStamp: freesurfer-linux-ubuntu22_x86_64-7.3.2-20220804-6354275  User: oesteban  Machine: dna079  Platform: Linux  PlatformVersion: 5.14.0-427.37.1.el9_4.x86_64  CompilerName: GCC  CompilerVersion: 8.4.0
ProgramName: mris_label2annot  ProgramArguments: mris_label2annot -all-info  ProgramVersion: 7.3.2  TimeStamp: 2026/03/08-19:04:58-GMT  BuildTime: Aug  4 2022 06:17:15  BuildStamp: freesurfer-linux-ubuntu22_x86_64-7.3.2-20220804-6354275  User: oesteban  Machine: dna079  Platform: Linux  PlatformVersion: 5.14.0-427.37.1.el9_4.x86_64  CompilerName: GCC  CompilerVersion: 8.4.0
ProgramName: mris_left_right_register  ProgramArguments: mris_left_right_register -all-info  ProgramVersion: 7.3.2  TimeStamp: 2026/03/08-19:04:58-GMT  BuildTime: Aug  4 2022 06:17:15  BuildStamp: freesurfer-linux-ubuntu22_x86_64-7.3.2-20220804-6354275  User: oesteban  Machine: dna079  Platform: Linux  PlatformVersion: 5.14.0-427.37.1.el9_4.x86_64  CompilerName: GCC  CompilerVersion: 8.4.0
ProgramName: mris_place_surface  ProgramArguments: mris_place_surface -all-info  ProgramVersion: 7.3.2  TimeStamp: 2026/03/08-19:04:58-GMT  BuildTime: Aug  4 2022 06:17:15  BuildStamp: freesurfer-linux-ubuntu22_x86_64-7.3.2-20220804-6354275  User: oesteban  Machine: dna079  Platform: Linux  PlatformVersion: 5.14.0-427.37.1.el9_4.x86_64  CompilerName: GCC  CompilerVersion: 8.4.0
ProgramName: mrisp_paint  ProgramArguments: mrisp_paint -all-info  ProgramVersion: 7.3.2  TimeStamp: 2026/03/08-19:04:58-GMT  BuildTime: Aug  4 2022 06:17:15  BuildStamp: freesurfer-linux-ubuntu22_x86_64-7.3.2-20220804-6354275  User: oesteban  Machine: dna079  Platform: Linux  PlatformVersion: 5.14.0-427.37.1.el9_4.x86_64  CompilerName: GCC  CompilerVersion: 8.4.0
ProgramName: mris_register  ProgramArguments: mris_register -all-info  ProgramVersion: 7.3.2  TimeStamp: 2026/03/08-19:04:58-GMT  BuildTime: Aug  4 2022 06:17:15  BuildStamp: freesurfer-linux-ubuntu22_x86_64-7.3.2-20220804-6354275  User: oesteban  Machine: dna079  Platform: Linux  PlatformVersion: 5.14.0-427.37.1.el9_4.x86_64  CompilerName: GCC  CompilerVersion: 8.4.0
ProgramName: mris_smooth  ProgramArguments: mris_smooth -all-info  ProgramVersion: 7.3.2  TimeStamp: 2026/03/08-19:04:58-GMT  BuildTime: Aug  4 2022 06:17:15  BuildStamp: freesurfer-linux-ubuntu22_x86_64-7.3.2-20220804-6354275  User: oesteban  Machine: dna079  Platform: Linux  PlatformVersion: 5.14.0-427.37.1.el9_4.x86_64  CompilerName: GCC  CompilerVersion: 8.4.0
ProgramName: mris_sphere  ProgramArguments: mris_sphere -all-info  ProgramVersion: 7.3.2  TimeStamp: 2026/03/08-19:04:58-GMT  BuildTime: Aug  4 2022 06:17:15  BuildStamp: freesurfer-linux-ubuntu22_x86_64-7.3.2-20220804-6354275  User: oesteban  Machine: dna079  Platform: Linux  PlatformVersion: 5.14.0-427.37.1.el9_4.x86_64  CompilerName: GCC  CompilerVersion: 8.4.0
ProgramName: mris_surface_stats  ProgramArguments: mris_surface_stats -all-info  ProgramVersion: 7.3.2  TimeStamp: 2026/03/08-19:04:58-GMT  BuildTime: Aug  4 2022 06:17:15  BuildStamp: freesurfer-linux-ubuntu22_x86_64-7.3.2-20220804-6354275  User: oesteban  Machine: dna079  Platform: Linux  PlatformVersion: 5.14.0-427.37.1.el9_4.x86_64  CompilerName: GCC  CompilerVersion: 8.4.0
ProgramName: mri_stats2seg  ProgramArguments: mri_stats2seg -all-info  ProgramVersion: 7.3.2  TimeStamp: 2026/03/08-19:04:58-GMT  BuildTime: Aug  4 2022 06:17:15  BuildStamp: freesurfer-linux-ubuntu22_x86_64-7.3.2-20220804-6354275  User: oesteban  Machine: dna079  Platform: Linux  PlatformVersion: 5.14.0-427.37.1.el9_4.x86_64  CompilerName: GCC  CompilerVersion: 8.4.0
ProgramName: mris_thickness  ProgramArguments: mris_thickness -all-info  ProgramVersion: 7.3.2  TimeStamp: 2026/03/08-19:04:58-GMT  BuildTime: Aug  4 2022 06:17:15  BuildStamp: freesurfer-linux-ubuntu22_x86_64-7.3.2-20220804-6354275  User: oesteban  Machine: dna079  Platform: Linux  PlatformVersion: 5.14.0-427.37.1.el9_4.x86_64  CompilerName: GCC  CompilerVersion: 8.4.0
ProgramName: mris_thickness_diff  ProgramArguments: mris_thickness_diff -all-info  ProgramVersion: 7.3.2  TimeStamp: 2026/03/08-19:04:58-GMT  BuildTime: Aug  4 2022 06:17:15  BuildStamp: freesurfer-linux-ubuntu22_x86_64-7.3.2-20220804-6354275  User: oesteban  Machine: dna079  Platform: Linux  PlatformVersion: 5.14.0-427.37.1.el9_4.x86_64  CompilerName: GCC  CompilerVersion: 8.4.0
ProgramName: mris_topo_fixer  ProgramArguments: mris_topo_fixer -all-info  ProgramVersion: 7.3.2  TimeStamp: 2026/03/08-19:04:58-GMT  BuildTime: Aug  4 2022 06:17:15  BuildStamp: freesurfer-linux-ubuntu22_x86_64-7.3.2-20220804-6354275  User: oesteban  Machine: dna079  Platform: Linux  PlatformVersion: 5.14.0-427.37.1.el9_4.x86_64  CompilerName: GCC  CompilerVersion: 8.4.0
ProgramName: mri_surf2surf  ProgramArguments: mri_surf2surf -all-info  ProgramVersion: 7.3.2  TimeStamp: 2026/03/08-19:04:58-GMT  BuildTime: Aug  4 2022 06:17:15  BuildStamp: freesurfer-linux-ubuntu22_x86_64-7.3.2-20220804-6354275  User: oesteban  Machine: dna079  Platform: Linux  PlatformVersion: 5.14.0-427.37.1.el9_4.x86_64  CompilerName: GCC  CompilerVersion: 8.4.0
ProgramName: mri_surf2vol  ProgramArguments: mri_surf2vol -all-info  ProgramVersion: 7.3.2  TimeStamp: 2026/03/08-19:04:58-GMT  BuildTime: Aug  4 2022 06:17:15  BuildStamp: freesurfer-linux-ubuntu22_x86_64-7.3.2-20220804-6354275  User: oesteban  Machine: dna079  Platform: Linux  PlatformVersion: 5.14.0-427.37.1.el9_4.x86_64  CompilerName: GCC  CompilerVersion: 8.4.0
ProgramName: mri_surfcluster  ProgramArguments: mri_surfcluster -all-info  ProgramVersion: 7.3.2  TimeStamp: 2026/03/08-19:04:58-GMT  BuildTime: Aug  4 2022 06:17:15  BuildStamp: freesurfer-linux-ubuntu22_x86_64-7.3.2-20220804-6354275  User: oesteban  Machine: dna079  Platform: Linux  PlatformVersion: 5.14.0-427.37.1.el9_4.x86_64  CompilerName: GCC  CompilerVersion: 8.4.0
ProgramName: mris_volmask  ProgramArguments: mris_volmask -all-info  ProgramVersion: 7.3.2  TimeStamp: 2026/03/08-19:04:58-GMT  BuildTime: Aug  4 2022 06:17:15  BuildStamp: freesurfer-linux-ubuntu22_x86_64-7.3.2-20220804-6354275  User: oesteban  Machine: dna079  Platform: Linux  PlatformVersion: 5.14.0-427.37.1.el9_4.x86_64  CompilerName: GCC  CompilerVersion: 8.4.0
ProgramName: mri_tessellate  ProgramArguments: mri_tessellate -all-info  ProgramVersion: 7.3.2  TimeStamp: 2026/03/08-19:04:58-GMT  BuildTime: Aug  4 2022 06:17:15  BuildStamp: freesurfer-linux-ubuntu22_x86_64-7.3.2-20220804-6354275  User: oesteban  Machine: dna079  Platform: Linux  PlatformVersion: 5.14.0-427.37.1.el9_4.x86_64  CompilerName: GCC  CompilerVersion: 8.4.0
ProgramName: mri_vol2surf  ProgramArguments: mri_vol2surf -all-info  ProgramVersion: 7.3.2  TimeStamp: 2026/03/08-19:04:58-GMT  BuildTime: Aug  4 2022 06:17:15  BuildStamp: freesurfer-linux-ubuntu22_x86_64-7.3.2-20220804-6354275  User: oesteban  Machine: dna079  Platform: Linux  PlatformVersion: 5.14.0-427.37.1.el9_4.x86_64  CompilerName: GCC  CompilerVersion: 8.4.0
ProgramName: mri_vol2vol  ProgramArguments: mri_vol2vol -all-info  ProgramVersion: 7.3.2  TimeStamp: 2026/03/08-19:04:58-GMT  BuildTime: Aug  4 2022 06:17:15  BuildStamp: freesurfer-linux-ubuntu22_x86_64-7.3.2-20220804-6354275  User: oesteban  Machine: dna079  Platform: Linux  PlatformVersion: 5.14.0-427.37.1.el9_4.x86_64  CompilerName: GCC  CompilerVersion: 8.4.0
ProgramName: mri_voldiff  ProgramArguments: mri_voldiff -all-info  ProgramVersion: 7.3.2  TimeStamp: 2026/03/08-19:04:58-GMT  BuildTime: Aug  4 2022 06:17:15  BuildStamp: freesurfer-linux-ubuntu22_x86_64-7.3.2-20220804-6354275  User: oesteban  Machine: dna079  Platform: Linux  PlatformVersion: 5.14.0-427.37.1.el9_4.x86_64  CompilerName: GCC  CompilerVersion: 8.4.0
ProgramName: mri_watershed  ProgramArguments: mri_watershed -all-info  ProgramVersion: 7.3.2  TimeStamp: 2026/03/08-19:04:58-GMT  BuildTime: Aug  4 2022 06:17:15  BuildStamp: freesurfer-linux-ubuntu22_x86_64-7.3.2-20220804-6354275  User: oesteban  Machine: dna079  Platform: Linux  PlatformVersion: 5.14.0-427.37.1.el9_4.x86_64  CompilerName: GCC  CompilerVersion: 8.4.0
ProgramName: tkregister2  ProgramArguments: tkregister2_cmdl -all-info  ProgramVersion: 7.3.2  TimeStamp: 2026/03/08-19:04:58-GMT  BuildTime: Aug  4 2022 06:17:15  BuildStamp: freesurfer-linux-ubuntu22_x86_64-7.3.2-20220804-6354275  User: oesteban  Machine: dna079  Platform: Linux  PlatformVersion: 5.14.0-427.37.1.el9_4.x86_64  CompilerName: GCC  CompilerVersion: 8.4.0
mri_motion_correct.fsl 7.3.2
mri_convert -all-info 
ProgramName: mri_convert  ProgramArguments: mri_convert -all-info  ProgramVersion: 7.3.2  TimeStamp: 2026/03/08-19:04:58-GMT  BuildTime: Aug  4 2022 06:17:15  BuildStamp: freesurfer-linux-ubuntu22_x86_64-7.3.2-20220804-6354275  User: oesteban  Machine: dna079  Platform: Linux  PlatformVersion: 5.14.0-427.37.1.el9_4.x86_64  CompilerName: GCC  CompilerVersion: 8.4.0
Program nu_correct, built from:
Package MNI N3, version 1.12.0, compiled by nicks@terrier (x86_64-unknown-linux-gnu) on 2015-06-19 at 01:25:34
#######################################
GCADIR /opt/freesurfer/average
GCA RB_all_2020-01-02.gca
GCASkull RB_all_withskull_2020_01_02.gca
AvgCurvTif folding.atlas.acfb40.noaparc.i12.2016-08-02.tif
GCSDIR /opt/freesurfer/average
GCS DKaparc.atlas.acfb40.noaparc.i12.2016-08-02.gcs
#######################################
#-------------------------------------
#@# EM Registration Sun Mar  8 20:04:58 CET 2026
/out/sourcedata/freesurfer/sub-v1s14x0051582_ses-1/mri

 mri_em_register -uns 3 -mask brainmask.mgz nu.mgz /opt/freesurfer/average/RB_all_2020-01-02.gca transforms/talairach.lta 

setting unknown_nbr_spacing = 3
using MR volume brainmask.mgz to mask input volume...

== Number of threads available to mri_em_register for OpenMP = 16 == 
reading 1 input volumes...
logging results to talairach.log
reading '/opt/freesurfer/average/RB_all_2020-01-02.gca'...
GCAread took 0 minutes and 1 seconds.
average std = 7.2   using min determinant for regularization = 5.2
0 singular and 884 ill-conditioned covariance matrices regularized
reading 'nu.mgz'...
MRImask(): AllowDiffGeom = 1
MRImask(): AllowDiffGeom = 1
MRImask(): AllowDiffGeom = 1
MRImask(): AllowDiffGeom = 1
MRImask(): AllowDiffGeom = 1
freeing gibbs priors...done.
accounting for voxel sizes in initial transform
bounding unknown intensity as < 5.9 or > 519.0 
total sample mean = 79.1 (1017 zeros)
************************************************
spacing=8, using 2841 sample points, tol=1.00e-05...
************************************************
register_mri: find_optimal_transform
find_optimal_transform: nsamples 2841, passno 0, spacing 8
resetting wm mean[0]: 98 --> 107
resetting gm mean[0]: 61 --> 61
input volume #1 is the most T1-like
using real data threshold=27.0
skull bounding box = (62, 81, 39) --> (196, 211, 212)
finding center of left hemi white matter
using (107, 124, 126) as brain centroid of Right_Cerebral_White_Matter...
MRImask(): AllowDiffGeom = 1
mean wm in atlas = 107, using box (91,108,105) --> (123, 139,147) to find MRI wm
before smoothing, mri peak at 109
robust fit to distribution - 107 +- 3.9
after smoothing, mri peak at 107, scaling input intensities by 1.000
scaling channel 0 by 1
initial log_p = -4.493
************************************************
First Search limited to translation only.
************************************************
max log p =    -4.016529 @ (-10.526, -31.579, -10.526)
max log p =    -3.708488 @ (5.263, 5.263, -5.263)
max log p =    -3.682332 @ (2.632, 2.632, -2.632)
max log p =    -3.640795 @ (1.316, -1.316, 6.579)
max log p =    -3.624315 @ (0.658, -0.658, -1.974)
max log p =    -3.623040 @ (0.329, -0.329, -0.329)
max log p =    -3.623040 @ (0.000, 0.000, 0.000)
max log p =    -3.623040 @ (0.000, 0.000, 0.000)
Found translation: (-0.3, -26.0, -14.1): log p = -3.623
****************************************
Nine parameter search.  iteration 0 nscales = 0 ...
****************************************
Result so far: scale 1.000: max_log_p=-3.476, old_max_log_p =-3.623 (thresh=-3.6)
 0.99144  -0.03378   0.12608  -9.40815;
 0.00000   1.11081   0.29764  -77.67342;
-0.13053  -0.25660   0.95766   44.79014;
 0.00000   0.00000   0.00000   1.00000;
iteration took 0 minutes and 11 seconds.
****************************************
Nine parameter search.  iteration 1 nscales = 0 ...
****************************************
Result so far: scale 1.000: max_log_p=-3.476, old_max_log_p =-3.476 (thresh=-3.5)
 0.99144  -0.03378   0.12608  -9.40815;
 0.00000   1.11081   0.29764  -77.67342;
-0.13053  -0.25660   0.95766   44.79014;
 0.00000   0.00000   0.00000   1.00000;
reducing scale to 0.2500
iteration took 0 minutes and 11 seconds.
****************************************
Nine parameter search.  iteration 2 nscales = 1 ...
****************************************
Result so far: scale 0.250: max_log_p=-3.304, old_max_log_p =-3.476 (thresh=-3.5)
 1.00820  -0.07476   0.12088  -8.63791;
 0.03349   1.09545   0.26460  -75.49821;
-0.13000  -0.21569   0.94783   41.89817;
 0.00000   0.00000   0.00000   1.00000;
iteration took 0 minutes and 10 seconds.
****************************************
Nine parameter search.  iteration 3 nscales = 1 ...
****************************************
Result so far: scale 0.250: max_log_p=-3.289, old_max_log_p =-3.304 (thresh=-3.3)
 0.98930  -0.07336   0.11861  -4.22341;
 0.03412   1.11599   0.26956  -79.15049;
-0.13244  -0.21974   0.96560   40.70712;
 0.00000   0.00000   0.00000   1.00000;
iteration took 0 minutes and 10 seconds.
****************************************
Nine parameter search.  iteration 4 nscales = 1 ...
****************************************
Result so far: scale 0.250: max_log_p=-3.289, old_max_log_p =-3.289 (thresh=-3.3)
 0.98930  -0.07336   0.11861  -4.22341;
 0.03412   1.11599   0.26956  -79.15049;
-0.13244  -0.21974   0.96560   40.70712;
 0.00000   0.00000   0.00000   1.00000;
reducing scale to 0.0625
iteration took 0 minutes and 10 seconds.
****************************************
Nine parameter search.  iteration 5 nscales = 2 ...
****************************************
Result so far: scale 0.062: max_log_p=-3.264, old_max_log_p =-3.289 (thresh=-3.3)
 0.99274  -0.06069   0.10512  -5.38705;
 0.02613   1.12052   0.26939  -78.76513;
-0.11636  -0.22087   0.96862   37.95685;
 0.00000   0.00000   0.00000   1.00000;
iteration took 0 minutes and 10 seconds.
****************************************
Nine parameter search.  iteration 6 nscales = 2 ...
****************************************
Result so far: scale 0.062: max_log_p=-3.264, old_max_log_p =-3.264 (thresh=-3.3)
 0.99274  -0.06069   0.10512  -5.38705;
 0.02613   1.12052   0.26939  -78.76513;
-0.11636  -0.22087   0.96862   37.95685;
 0.00000   0.00000   0.00000   1.00000;
min search scale 0.025000 reached
***********************************************
Computing MAP estimate using 2841 samples...
***********************************************
dt = 5.00e-06, momentum=0.80, tol=1.00e-05
l_intensity = 1.0000
Aligning input volume to GCA...
Transform matrix
 0.99274  -0.06069   0.10512  -5.38705;
 0.02613   1.12052   0.26939  -78.76513;
-0.11636  -0.22087   0.96862   37.95685;
 0.00000   0.00000   0.00000   1.00000;
nsamples 2841
Quasinewton: input matrix
 0.99274  -0.06069   0.10512  -5.38705;
 0.02613   1.12052   0.26939  -78.76513;
-0.11636  -0.22087   0.96862   37.95685;
 0.00000   0.00000   0.00000   1.00000;
 IFLAG= -1  LINE SEARCH FAILED. SEE DOCUMENTATION OF ROUTINE MCSRCH ERROR RETURN OF LINE SEARCH: INFO= 3 POSSIBLE CAUSES: FUNCTION OR GRADIENT ARE INCORRECT OR INCORRECT TOLERANCESoutof QuasiNewtonEMA: 009: -log(p) =   -0.0  tol 0.000010
Resulting transform:
 0.99274  -0.06069   0.10512  -5.38705;
 0.02613   1.12052   0.26939  -78.76513;
-0.11636  -0.22087   0.96862   37.95685;
 0.00000   0.00000   0.00000   1.00000;

pass 1, spacing 8: log(p) = -3.264 (old=-4.493)
transform before final EM align:
 0.99274  -0.06069   0.10512  -5.38705;
 0.02613   1.12052   0.26939  -78.76513;
-0.11636  -0.22087   0.96862   37.95685;
 0.00000   0.00000   0.00000   1.00000;

**************************************************
 EM alignment process ...
 Computing final MAP estimate using 315638 samples. 
**************************************************
dt = 5.00e-06, momentum=0.80, tol=1.00e-07
l_intensity = 1.0000
Aligning input volume to GCA...
Transform matrix
 0.99274  -0.06069   0.10512  -5.38705;
 0.02613   1.12052   0.26939  -78.76513;
-0.11636  -0.22087   0.96862   37.95685;
 0.00000   0.00000   0.00000   1.00000;
nsamples 315638
Quasinewton: input matrix
 0.99274  -0.06069   0.10512  -5.38705;
 0.02613   1.12052   0.26939  -78.76513;
-0.11636  -0.22087   0.96862   37.95685;
 0.00000   0.00000   0.00000   1.00000;
 IFLAG= -1  LINE SEARCH FAILED. SEE DOCUMENTATION OF ROUTINE MCSRCH ERROR RETURN OF LINE SEARCH: INFO= 6 POSSIBLE CAUSES: FUNCTION OR GRADIENT ARE INCORRECT OR INCORRECT TOLERANCESoutof QuasiNewtonEMA: 011: -log(p) =    3.9  tol 0.000000
final transform:
 0.99274  -0.06069   0.10512  -5.38705;
 0.02613   1.12052   0.26939  -78.76513;
-0.11636  -0.22087   0.96862   37.95685;
 0.00000   0.00000   0.00000   1.00000;

writing output transformation to transforms/talairach.lta...
#VMPC# mri_em_register VmPeak  891284
FSRUNTIME@ mri_em_register  0.0266 hours 16 threads
registration took 1 minutes and 36 seconds.

Started at Sun Mar 8 20:04:58 CET 2026 
Ended   at Sun Mar 8 20:06:34 CET 2026
#@#%# recon-all-run-time-hours 0.027
recon-all -s sub-v1s14x0051582_ses-1 finished without error at Sun Mar  8 20:06:34 CET 2026



#New# invocation of recon-all 




Sun Mar  8 20:06:36 CET 2026
cd /out/sourcedata/freesurfer/sub-v1s14x0051582_ses-1
setenv SUBJECTS_DIR /out/sourcedata/freesurfer
/opt/freesurfer/bin/recon-all -autorecon2-volonly -openmp 16 -subjid sub-v1s14x0051582_ses-1 -sd /out/sourcedata/freesurfer -nogcareg

subjid sub-v1s14x0051582_ses-1
setenv SUBJECTS_DIR /out/sourcedata/freesurfer
FREESURFER_HOME /opt/freesurfer
Actual FREESURFER_HOME /opt/freesurfer
build-stamp.txt: freesurfer-linux-ubuntu22_x86_64-7.3.2-20220804-6354275
Linux dna079 5.14.0-427.37.1.el9_4.x86_64 #1 SMP PREEMPT_DYNAMIC Fri Sep 13 12:41:50 EDT 2024 x86_64 x86_64 x86_64 GNU/Linux
cputime      unlimited
filesize     unlimited
datasize     unlimited
stacksize    8192 kbytes
coredumpsize 0 kbytes
memoryuse    67108864 kbytes
vmemoryuse   unlimited
descriptors  1024 
memorylocked unlimited
maxproc      2061970 
maxlocks     unlimited
maxsignal    2062029 
maxmessage   819200 
maxnice      0 
maxrtprio    0 
maxrttime    unlimited

               total        used        free      shared  buff/cache   available
Mem:           503Gi        49Gi       394Gi       9.2Gi        59Gi       441Gi
Swap:             0B          0B          0B

########################################
program versions used
7.3.2 (freesurfer-linux-ubuntu22_x86_64-7.3.2-20220804-6354275)
7.3.2

ProgramName: lta_convert  ProgramArguments: lta_convert -all-info  ProgramVersion: 7.3.2  TimeStamp: 2026/03/08-19:06:36-GMT  BuildTime: Aug  4 2022 06:17:15  BuildStamp: freesurfer-linux-ubuntu22_x86_64-7.3.2-20220804-6354275  User: oesteban  Machine: dna079  Platform: Linux  PlatformVersion: 5.14.0-427.37.1.el9_4.x86_64  CompilerName: GCC  CompilerVersion: 8.4.0
ProgramName: mri_and  ProgramArguments: mri_and -all-info  ProgramVersion: 7.3.2  TimeStamp: 2026/03/08-19:06:36-GMT  BuildTime: Aug  4 2022 06:17:15  BuildStamp: freesurfer-linux-ubuntu22_x86_64-7.3.2-20220804-6354275  User: oesteban  Machine: dna079  Platform: Linux  PlatformVersion: 5.14.0-427.37.1.el9_4.x86_64  CompilerName: GCC  CompilerVersion: 8.4.0
ProgramName: mri_annotation2label  ProgramArguments: mri_annotation2label -all-info  ProgramVersion: 7.3.2  TimeStamp: 2026/03/08-19:06:36-GMT  BuildTime: Aug  4 2022 06:17:15  BuildStamp: freesurfer-linux-ubuntu22_x86_64-7.3.2-20220804-6354275  User: oesteban  Machine: dna079  Platform: Linux  PlatformVersion: 5.14.0-427.37.1.el9_4.x86_64  CompilerName: GCC  CompilerVersion: 8.4.0
ProgramName: mri_aparc2aseg  ProgramArguments: mri_aparc2aseg -all-info  ProgramVersion: 7.3.2  TimeStamp: 2026/03/08-19:06:36-GMT  BuildTime: Aug  4 2022 06:17:15  BuildStamp: freesurfer-linux-ubuntu22_x86_64-7.3.2-20220804-6354275  User: oesteban  Machine: dna079  Platform: Linux  PlatformVersion: 5.14.0-427.37.1.el9_4.x86_64  CompilerName: GCC  CompilerVersion: 8.4.0
ProgramName: mri_surf2volseg  ProgramArguments: mri_surf2volseg -all-info  ProgramVersion: 7.3.2  TimeStamp: 2026/03/08-19:06:36-GMT  BuildTime: Aug  4 2022 06:17:15  BuildStamp: freesurfer-linux-ubuntu22_x86_64-7.3.2-20220804-6354275  User: oesteban  Machine: dna079  Platform: Linux  PlatformVersion: 5.14.0-427.37.1.el9_4.x86_64  CompilerName: GCC  CompilerVersion: 8.4.0
ProgramName: mri_binarize  ProgramArguments: mri_binarize -all-info  ProgramVersion: 7.3.2  TimeStamp: 2026/03/08-19:06:36-GMT  BuildTime: Aug  4 2022 06:17:15  BuildStamp: freesurfer-linux-ubuntu22_x86_64-7.3.2-20220804-6354275  User: oesteban  Machine: dna079  Platform: Linux  PlatformVersion: 5.14.0-427.37.1.el9_4.x86_64  CompilerName: GCC  CompilerVersion: 8.4.0
ProgramName: mri_ca_label  ProgramArguments: mri_ca_label -all-info  ProgramVersion: 7.3.2  TimeStamp: 2026/03/08-19:06:36-GMT  BuildTime: Aug  4 2022 06:17:15  BuildStamp: freesurfer-linux-ubuntu22_x86_64-7.3.2-20220804-6354275  User: oesteban  Machine: dna079  Platform: Linux  PlatformVersion: 5.14.0-427.37.1.el9_4.x86_64  CompilerName: GCC  CompilerVersion: 8.4.0
ProgramName: mri_ca_normalize  ProgramArguments: mri_ca_normalize -all-info  ProgramVersion: 7.3.2  TimeStamp: 2026/03/08-19:06:36-GMT  BuildTime: Aug  4 2022 06:17:15  BuildStamp: freesurfer-linux-ubuntu22_x86_64-7.3.2-20220804-6354275  User: oesteban  Machine: dna079  Platform: Linux  PlatformVersion: 5.14.0-427.37.1.el9_4.x86_64  CompilerName: GCC  CompilerVersion: 8.4.0
ProgramName: mri_ca_register  ProgramArguments: mri_ca_register -all-info  ProgramVersion: 7.3.2  TimeStamp: 2026/03/08-19:06:36-GMT  BuildTime: Aug  4 2022 06:17:15  BuildStamp: freesurfer-linux-ubuntu22_x86_64-7.3.2-20220804-6354275  User: oesteban  Machine: dna079  Platform: Linux  PlatformVersion: 5.14.0-427.37.1.el9_4.x86_64  CompilerName: GCC  CompilerVersion: 8.4.0
ProgramName: mri_cc  ProgramArguments: mri_cc -all-info  ProgramVersion: 7.3.2  TimeStamp: 2026/03/08-19:06:36-GMT  BuildTime: Aug  4 2022 06:17:15  BuildStamp: freesurfer-linux-ubuntu22_x86_64-7.3.2-20220804-6354275  User: oesteban  Machine: dna079  Platform: Linux  PlatformVersion: 5.14.0-427.37.1.el9_4.x86_64  CompilerName: GCC  CompilerVersion: 8.4.0
ProgramName: mri_compute_overlap  ProgramArguments: mri_compute_overlap -all-info  ProgramVersion: 7.3.2  TimeStamp: 2026/03/08-19:06:36-GMT  BuildTime: Aug  4 2022 06:17:15  BuildStamp: freesurfer-linux-ubuntu22_x86_64-7.3.2-20220804-6354275  User: oesteban  Machine: dna079  Platform: Linux  PlatformVersion: 5.14.0-427.37.1.el9_4.x86_64  CompilerName: GCC  CompilerVersion: 8.4.0
ProgramName: mri_compute_seg_overlap  ProgramArguments: mri_compute_seg_overlap -all-info  ProgramVersion: 7.3.2  TimeStamp: 2026/03/08-19:06:36-GMT  BuildTime: Aug  4 2022 06:17:15  BuildStamp: freesurfer-linux-ubuntu22_x86_64-7.3.2-20220804-6354275  User: oesteban  Machine: dna079  Platform: Linux  PlatformVersion: 5.14.0-427.37.1.el9_4.x86_64  CompilerName: GCC  CompilerVersion: 8.4.0
ProgramName: mri_concat  ProgramArguments: mri_concat -all-info  ProgramVersion: 7.3.2  TimeStamp: 2026/03/08-19:06:36-GMT  BuildTime: Aug  4 2022 06:17:15  BuildStamp: freesurfer-linux-ubuntu22_x86_64-7.3.2-20220804-6354275  User: oesteban  Machine: dna079  Platform: Linux  PlatformVersion: 5.14.0-427.37.1.el9_4.x86_64  CompilerName: GCC  CompilerVersion: 8.4.0
ProgramName: mri_concatenate_lta  ProgramArguments: mri_concatenate_lta -all-info  ProgramVersion: 7.3.2  TimeStamp: 2026/03/08-19:06:36-GMT  BuildTime: Aug  4 2022 06:17:15  BuildStamp: freesurfer-linux-ubuntu22_x86_64-7.3.2-20220804-6354275  User: oesteban  Machine: dna079  Platform: Linux  PlatformVersion: 5.14.0-427.37.1.el9_4.x86_64  CompilerName: GCC  CompilerVersion: 8.4.0
mri_convert -all-info 
ProgramName: mri_convert  ProgramArguments: mri_convert -all-info  ProgramVersion: 7.3.2  TimeStamp: 2026/03/08-19:06:36-GMT  BuildTime: Aug  4 2022 06:17:15  BuildStamp: freesurfer-linux-ubuntu22_x86_64-7.3.2-20220804-6354275  User: oesteban  Machine: dna079  Platform: Linux  PlatformVersion: 5.14.0-427.37.1.el9_4.x86_64  CompilerName: GCC  CompilerVersion: 8.4.0
ProgramName: mri_diff  ProgramArguments: mri_diff -all-info  ProgramVersion: 7.3.2  TimeStamp: 2026/03/08-19:06:36-GMT  BuildTime: Aug  4 2022 06:17:15  BuildStamp: freesurfer-linux-ubuntu22_x86_64-7.3.2-20220804-6354275  User: oesteban  Machine: dna079  Platform: Linux  PlatformVersion: 5.14.0-427.37.1.el9_4.x86_64  CompilerName: GCC  CompilerVersion: 8.4.0
ProgramName: mri_edit_wm_with_aseg  ProgramArguments: mri_edit_wm_with_aseg -all-info  ProgramVersion: 7.3.2  TimeStamp: 2026/03/08-19:06:36-GMT  BuildTime: Aug  4 2022 06:17:15  BuildStamp: freesurfer-linux-ubuntu22_x86_64-7.3.2-20220804-6354275  User: oesteban  Machine: dna079  Platform: Linux  PlatformVersion: 5.14.0-427.37.1.el9_4.x86_64  CompilerName: GCC  CompilerVersion: 8.4.0
ProgramName: mri_em_register  ProgramArguments: mri_em_register -all-info  ProgramVersion: 7.3.2  TimeStamp: 2026/03/08-19:06:36-GMT  BuildTime: Aug  4 2022 06:17:15  BuildStamp: freesurfer-linux-ubuntu22_x86_64-7.3.2-20220804-6354275  User: oesteban  Machine: dna079  Platform: Linux  PlatformVersion: 5.14.0-427.37.1.el9_4.x86_64  CompilerName: GCC  CompilerVersion: 8.4.0
ProgramName: mri_fill  ProgramArguments: mri_fill -all-info  ProgramVersion: 7.3.2  TimeStamp: 2026/03/08-19:06:36-GMT  BuildTime: Aug  4 2022 06:17:15  BuildStamp: freesurfer-linux-ubuntu22_x86_64-7.3.2-20220804-6354275  User: oesteban  Machine: dna079  Platform: Linux  PlatformVersion: 5.14.0-427.37.1.el9_4.x86_64  CompilerName: GCC  CompilerVersion: 8.4.0
ProgramName: mri_fuse_segmentations  ProgramArguments: mri_fuse_segmentations -all-info  ProgramVersion: 7.3.2  TimeStamp: 2026/03/08-19:06:36-GMT  BuildTime: Aug  4 2022 06:17:15  BuildStamp: freesurfer-linux-ubuntu22_x86_64-7.3.2-20220804-6354275  User: oesteban  Machine: dna079  Platform: Linux  PlatformVersion: 5.14.0-427.37.1.el9_4.x86_64  CompilerName: GCC  CompilerVersion: 8.4.0
ProgramName: mri_fwhm  ProgramArguments: mri_fwhm -all-info  ProgramVersion: 7.3.2  TimeStamp: 2026/03/08-19:06:36-GMT  BuildTime: Aug  4 2022 06:17:15  BuildStamp: freesurfer-linux-ubuntu22_x86_64-7.3.2-20220804-6354275  User: oesteban  Machine: dna079  Platform: Linux  PlatformVersion: 5.14.0-427.37.1.el9_4.x86_64  CompilerName: GCC  CompilerVersion: 8.4.0
ProgramName: mri_gcut  ProgramArguments: mri_gcut -all-info  ProgramVersion: 7.3.2  TimeStamp: 2026/03/08-19:06:36-GMT  BuildTime: Aug  4 2022 06:17:15  BuildStamp: freesurfer-linux-ubuntu22_x86_64-7.3.2-20220804-6354275  User: oesteban  Machine: dna079  Platform: Linux  PlatformVersion: 5.14.0-427.37.1.el9_4.x86_64  CompilerName: GCC  CompilerVersion: 8.4.0
ProgramName: mri_info  ProgramArguments: mri_info -all-info  ProgramVersion: 7.3.2  TimeStamp: 2026/03/08-19:06:36-GMT  BuildTime: Aug  4 2022 06:17:15  BuildStamp: freesurfer-linux-ubuntu22_x86_64-7.3.2-20220804-6354275  User: oesteban  Machine: dna079  Platform: Linux  PlatformVersion: 5.14.0-427.37.1.el9_4.x86_64  CompilerName: GCC  CompilerVersion: 8.4.0
ProgramName: mri_label2label  ProgramArguments: mri_label2label -all-info  ProgramVersion: 7.3.2  TimeStamp: 2026/03/08-19:06:36-GMT  BuildTime: Aug  4 2022 06:17:15  BuildStamp: freesurfer-linux-ubuntu22_x86_64-7.3.2-20220804-6354275  User: oesteban  Machine: dna079  Platform: Linux  PlatformVersion: 5.14.0-427.37.1.el9_4.x86_64  CompilerName: GCC  CompilerVersion: 8.4.0
ProgramName: mri_label2vol  ProgramArguments: mri_label2vol -all-info  ProgramVersion: 7.3.2  TimeStamp: 2026/03/08-19:06:36-GMT  BuildTime: Aug  4 2022 06:17:15  BuildStamp: freesurfer-linux-ubuntu22_x86_64-7.3.2-20220804-6354275  User: oesteban  Machine: dna079  Platform: Linux  PlatformVersion: 5.14.0-427.37.1.el9_4.x86_64  CompilerName: GCC  CompilerVersion: 8.4.0
ProgramName: mri_log_likelihood  ProgramArguments: mri_log_likelihood -all-info  ProgramVersion: 7.3.2  TimeStamp: 2026/03/08-19:06:36-GMT  BuildTime: Aug  4 2022 06:17:15  BuildStamp: freesurfer-linux-ubuntu22_x86_64-7.3.2-20220804-6354275  User: oesteban  Machine: dna079  Platform: Linux  PlatformVersion: 5.14.0-427.37.1.el9_4.x86_64  CompilerName: GCC  CompilerVersion: 8.4.0
ProgramName: mri_mask  ProgramArguments: mri_mask -all-info  ProgramVersion: 7.3.2  TimeStamp: 2026/03/08-19:06:36-GMT  BuildTime: Aug  4 2022 06:17:15  BuildStamp: freesurfer-linux-ubuntu22_x86_64-7.3.2-20220804-6354275  User: oesteban  Machine: dna079  Platform: Linux  PlatformVersion: 5.14.0-427.37.1.el9_4.x86_64  CompilerName: GCC  CompilerVersion: 8.4.0
ProgramName: mri_matrix_multiply  ProgramArguments: mri_matrix_multiply -all-info  ProgramVersion: 7.3.2  TimeStamp: 2026/03/08-19:06:36-GMT  BuildTime: Aug  4 2022 06:17:15  BuildStamp: freesurfer-linux-ubuntu22_x86_64-7.3.2-20220804-6354275  User: oesteban  Machine: dna079  Platform: Linux  PlatformVersion: 5.14.0-427.37.1.el9_4.x86_64  CompilerName: GCC  CompilerVersion: 8.4.0
ProgramName: mri_normalize  ProgramArguments: mri_normalize -all-info  ProgramVersion: 7.3.2  TimeStamp: 2026/03/08-19:06:36-GMT  BuildTime: Aug  4 2022 06:17:15  BuildStamp: freesurfer-linux-ubuntu22_x86_64-7.3.2-20220804-6354275  User: oesteban  Machine: dna079  Platform: Linux  PlatformVersion: 5.14.0-427.37.1.el9_4.x86_64  CompilerName: GCC  CompilerVersion: 8.4.0
ProgramName: mri_normalize_tp2  ProgramArguments: mri_normalize_tp2 -all-info  ProgramVersion: 7.3.2  TimeStamp: 2026/03/08-19:06:36-GMT  BuildTime: Aug  4 2022 06:17:15  BuildStamp: freesurfer-linux-ubuntu22_x86_64-7.3.2-20220804-6354275  User: oesteban  Machine: dna079  Platform: Linux  PlatformVersion: 5.14.0-427.37.1.el9_4.x86_64  CompilerName: GCC  CompilerVersion: 8.4.0
ProgramName: mri_or  ProgramArguments: mri_or -all-info  ProgramVersion: 7.3.2  TimeStamp: 2026/03/08-19:06:36-GMT  BuildTime: Aug  4 2022 06:17:15  BuildStamp: freesurfer-linux-ubuntu22_x86_64-7.3.2-20220804-6354275  User: oesteban  Machine: dna079  Platform: Linux  PlatformVersion: 5.14.0-427.37.1.el9_4.x86_64  CompilerName: GCC  CompilerVersion: 8.4.0
ProgramName: mri_relabel_hypointensities  ProgramArguments: mri_relabel_hypointensities -all-info  ProgramVersion: 7.3.2  TimeStamp: 2026/03/08-19:06:36-GMT  BuildTime: Aug  4 2022 06:17:15  BuildStamp: freesurfer-linux-ubuntu22_x86_64-7.3.2-20220804-6354275  User: oesteban  Machine: dna079  Platform: Linux  PlatformVersion: 5.14.0-427.37.1.el9_4.x86_64  CompilerName: GCC  CompilerVersion: 8.4.0
ProgramName: mri_relabel_nonwm_hypos  ProgramArguments: mri_relabel_nonwm_hypos -all-info  ProgramVersion: 7.3.2  TimeStamp: 2026/03/08-19:06:36-GMT  BuildTime: Aug  4 2022 06:17:15  BuildStamp: freesurfer-linux-ubuntu22_x86_64-7.3.2-20220804-6354275  User: oesteban  Machine: dna079  Platform: Linux  PlatformVersion: 5.14.0-427.37.1.el9_4.x86_64  CompilerName: GCC  CompilerVersion: 8.4.0
ProgramName: mri_remove_neck  ProgramArguments: mri_remove_neck -all-info  ProgramVersion: 7.3.2  TimeStamp: 2026/03/08-19:06:36-GMT  BuildTime: Aug  4 2022 06:17:15  BuildStamp: freesurfer-linux-ubuntu22_x86_64-7.3.2-20220804-6354275  User: oesteban  Machine: dna079  Platform: Linux  PlatformVersion: 5.14.0-427.37.1.el9_4.x86_64  CompilerName: GCC  CompilerVersion: 8.4.0
7.3.2

ProgramName: mri_robust_register  ProgramArguments: mri_robust_register -all-info  ProgramVersion: 7.3.2  TimeStamp: 2026/03/08-19:06:36-GMT  BuildTime: Aug  4 2022 06:17:15  BuildStamp: freesurfer-linux-ubuntu22_x86_64-7.3.2-20220804-6354275  User: oesteban  Machine: dna079  Platform: Linux  PlatformVersion: 5.14.0-427.37.1.el9_4.x86_64  CompilerName: GCC  CompilerVersion: 8.4.0
7.3.2

ProgramName: mri_robust_template  ProgramArguments: mri_robust_template -all-info  ProgramVersion: 7.3.2  TimeStamp: 2026/03/08-19:06:36-GMT  BuildTime: Aug  4 2022 06:17:15  BuildStamp: freesurfer-linux-ubuntu22_x86_64-7.3.2-20220804-6354275  User: oesteban  Machine: dna079  Platform: Linux  PlatformVersion: 5.14.0-427.37.1.el9_4.x86_64  CompilerName: GCC  CompilerVersion: 8.4.0
ProgramName: mris_anatomical_stats  ProgramArguments: mris_anatomical_stats -all-info  ProgramVersion: 7.3.2  TimeStamp: 2026/03/08-19:06:36-GMT  BuildTime: Aug  4 2022 06:17:15  BuildStamp: freesurfer-linux-ubuntu22_x86_64-7.3.2-20220804-6354275  User: oesteban  Machine: dna079  Platform: Linux  PlatformVersion: 5.14.0-427.37.1.el9_4.x86_64  CompilerName: GCC  CompilerVersion: 8.4.0
ProgramName: mris_ca_label  ProgramArguments: mris_ca_label -all-info  ProgramVersion: 7.3.2  TimeStamp: 2026/03/08-19:06:36-GMT  BuildTime: Aug  4 2022 06:17:15  BuildStamp: freesurfer-linux-ubuntu22_x86_64-7.3.2-20220804-6354275  User: oesteban  Machine: dna079  Platform: Linux  PlatformVersion: 5.14.0-427.37.1.el9_4.x86_64  CompilerName: GCC  CompilerVersion: 8.4.0
ProgramName: mris_calc  ProgramArguments: mris_calc -all-info  ProgramVersion: 7.3.2  TimeStamp: 2026/03/08-19:06:36-GMT  BuildTime: Aug  4 2022 06:17:15  BuildStamp: freesurfer-linux-ubuntu22_x86_64-7.3.2-20220804-6354275  User: oesteban  Machine: dna079  Platform: Linux  PlatformVersion: 5.14.0-427.37.1.el9_4.x86_64  CompilerName: GCC  CompilerVersion: 8.4.0
ProgramName: mris_convert  ProgramArguments: mris_convert -all-info  ProgramVersion: 7.3.2  TimeStamp: 2026/03/08-19:06:36-GMT  BuildTime: Aug  4 2022 06:17:15  BuildStamp: freesurfer-linux-ubuntu22_x86_64-7.3.2-20220804-6354275  User: oesteban  Machine: dna079  Platform: Linux  PlatformVersion: 5.14.0-427.37.1.el9_4.x86_64  CompilerName: GCC  CompilerVersion: 8.4.0
ProgramName: mris_curvature  ProgramArguments: mris_curvature -all-info  ProgramVersion: 7.3.2  TimeStamp: 2026/03/08-19:06:36-GMT  BuildTime: Aug  4 2022 06:17:15  BuildStamp: freesurfer-linux-ubuntu22_x86_64-7.3.2-20220804-6354275  User: oesteban  Machine: dna079  Platform: Linux  PlatformVersion: 5.14.0-427.37.1.el9_4.x86_64  CompilerName: GCC  CompilerVersion: 8.4.0
ProgramName: mris_curvature_stats  ProgramArguments: mris_curvature_stats -all-info  ProgramVersion: 7.3.2  TimeStamp: 2026/03/08-19:06:36-GMT  BuildTime: Aug  4 2022 06:17:15  BuildStamp: freesurfer-linux-ubuntu22_x86_64-7.3.2-20220804-6354275  User: oesteban  Machine: dna079  Platform: Linux  PlatformVersion: 5.14.0-427.37.1.el9_4.x86_64  CompilerName: GCC  CompilerVersion: 8.4.0
ProgramName: mris_diff  ProgramArguments: mris_diff -all-info  ProgramVersion: 7.3.2  TimeStamp: 2026/03/08-19:06:36-GMT  BuildTime: Aug  4 2022 06:17:15  BuildStamp: freesurfer-linux-ubuntu22_x86_64-7.3.2-20220804-6354275  User: oesteban  Machine: dna079  Platform: Linux  PlatformVersion: 5.14.0-427.37.1.el9_4.x86_64  CompilerName: GCC  CompilerVersion: 8.4.0
ProgramName: mris_divide_parcellation  ProgramArguments: mris_divide_parcellation -all-info  ProgramVersion: 7.3.2  TimeStamp: 2026/03/08-19:06:36-GMT  BuildTime: Aug  4 2022 06:17:15  BuildStamp: freesurfer-linux-ubuntu22_x86_64-7.3.2-20220804-6354275  User: oesteban  Machine: dna079  Platform: Linux  PlatformVersion: 5.14.0-427.37.1.el9_4.x86_64  CompilerName: GCC  CompilerVersion: 8.4.0
ProgramName: mri_segment  ProgramArguments: mri_segment -all-info  ProgramVersion: 7.3.2  TimeStamp: 2026/03/08-19:06:36-GMT  BuildTime: Aug  4 2022 06:17:15  BuildStamp: freesurfer-linux-ubuntu22_x86_64-7.3.2-20220804-6354275  User: oesteban  Machine: dna079  Platform: Linux  PlatformVersion: 5.14.0-427.37.1.el9_4.x86_64  CompilerName: GCC  CompilerVersion: 8.4.0
ProgramName: mri_segstats  ProgramArguments: mri_segstats -all-info  ProgramVersion: 7.3.2  TimeStamp: 2026/03/08-19:06:36-GMT  BuildTime: Aug  4 2022 06:17:15  BuildStamp: freesurfer-linux-ubuntu22_x86_64-7.3.2-20220804-6354275  User: oesteban  Machine: dna079  Platform: Linux  PlatformVersion: 5.14.0-427.37.1.el9_4.x86_64  CompilerName: GCC  CompilerVersion: 8.4.0
ProgramName: mris_euler_number  ProgramArguments: mris_euler_number -all-info  ProgramVersion: 7.3.2  TimeStamp: 2026/03/08-19:06:36-GMT  BuildTime: Aug  4 2022 06:17:15  BuildStamp: freesurfer-linux-ubuntu22_x86_64-7.3.2-20220804-6354275  User: oesteban  Machine: dna079  Platform: Linux  PlatformVersion: 5.14.0-427.37.1.el9_4.x86_64  CompilerName: GCC  CompilerVersion: 8.4.0
ProgramName: mris_fix_topology  ProgramArguments: mris_fix_topology -all-info  ProgramVersion: 7.3.2  TimeStamp: 2026/03/08-19:06:36-GMT  BuildTime: Aug  4 2022 06:17:15  BuildStamp: freesurfer-linux-ubuntu22_x86_64-7.3.2-20220804-6354275  User: oesteban  Machine: dna079  Platform: Linux  PlatformVersion: 5.14.0-427.37.1.el9_4.x86_64  CompilerName: GCC  CompilerVersion: 8.4.0
ProgramName: mris_topo_fixer  ProgramArguments: mris_topo_fixer -all-info  ProgramVersion: 7.3.2  TimeStamp: 2026/03/08-19:06:36-GMT  BuildTime: Aug  4 2022 06:17:15  BuildStamp: freesurfer-linux-ubuntu22_x86_64-7.3.2-20220804-6354275  User: oesteban  Machine: dna079  Platform: Linux  PlatformVersion: 5.14.0-427.37.1.el9_4.x86_64  CompilerName: GCC  CompilerVersion: 8.4.0
ProgramName: mris_jacobian  ProgramArguments: mris_jacobian -all-info  ProgramVersion: 7.3.2  TimeStamp: 2026/03/08-19:06:36-GMT  BuildTime: Aug  4 2022 06:17:15  BuildStamp: freesurfer-linux-ubuntu22_x86_64-7.3.2-20220804-6354275  User: oesteban  Machine: dna079  Platform: Linux  PlatformVersion: 5.14.0-427.37.1.el9_4.x86_64  CompilerName: GCC  CompilerVersion: 8.4.0
ProgramName: mris_label2annot  ProgramArguments: mris_label2annot -all-info  ProgramVersion: 7.3.2  TimeStamp: 2026/03/08-19:06:36-GMT  BuildTime: Aug  4 2022 06:17:15  BuildStamp: freesurfer-linux-ubuntu22_x86_64-7.3.2-20220804-6354275  User: oesteban  Machine: dna079  Platform: Linux  PlatformVersion: 5.14.0-427.37.1.el9_4.x86_64  CompilerName: GCC  CompilerVersion: 8.4.0
ProgramName: mris_left_right_register  ProgramArguments: mris_left_right_register -all-info  ProgramVersion: 7.3.2  TimeStamp: 2026/03/08-19:06:36-GMT  BuildTime: Aug  4 2022 06:17:15  BuildStamp: freesurfer-linux-ubuntu22_x86_64-7.3.2-20220804-6354275  User: oesteban  Machine: dna079  Platform: Linux  PlatformVersion: 5.14.0-427.37.1.el9_4.x86_64  CompilerName: GCC  CompilerVersion: 8.4.0
ProgramName: mris_place_surface  ProgramArguments: mris_place_surface -all-info  ProgramVersion: 7.3.2  TimeStamp: 2026/03/08-19:06:36-GMT  BuildTime: Aug  4 2022 06:17:15  BuildStamp: freesurfer-linux-ubuntu22_x86_64-7.3.2-20220804-6354275  User: oesteban  Machine: dna079  Platform: Linux  PlatformVersion: 5.14.0-427.37.1.el9_4.x86_64  CompilerName: GCC  CompilerVersion: 8.4.0
ProgramName: mrisp_paint  ProgramArguments: mrisp_paint -all-info  ProgramVersion: 7.3.2  TimeStamp: 2026/03/08-19:06:36-GMT  BuildTime: Aug  4 2022 06:17:15  BuildStamp: freesurfer-linux-ubuntu22_x86_64-7.3.2-20220804-6354275  User: oesteban  Machine: dna079  Platform: Linux  PlatformVersion: 5.14.0-427.37.1.el9_4.x86_64  CompilerName: GCC  CompilerVersion: 8.4.0
ProgramName: mris_register  ProgramArguments: mris_register -all-info  ProgramVersion: 7.3.2  TimeStamp: 2026/03/08-19:06:36-GMT  BuildTime: Aug  4 2022 06:17:15  BuildStamp: freesurfer-linux-ubuntu22_x86_64-7.3.2-20220804-6354275  User: oesteban  Machine: dna079  Platform: Linux  PlatformVersion: 5.14.0-427.37.1.el9_4.x86_64  CompilerName: GCC  CompilerVersion: 8.4.0
ProgramName: mris_smooth  ProgramArguments: mris_smooth -all-info  ProgramVersion: 7.3.2  TimeStamp: 2026/03/08-19:06:36-GMT  BuildTime: Aug  4 2022 06:17:15  BuildStamp: freesurfer-linux-ubuntu22_x86_64-7.3.2-20220804-6354275  User: oesteban  Machine: dna079  Platform: Linux  PlatformVersion: 5.14.0-427.37.1.el9_4.x86_64  CompilerName: GCC  CompilerVersion: 8.4.0
ProgramName: mris_sphere  ProgramArguments: mris_sphere -all-info  ProgramVersion: 7.3.2  TimeStamp: 2026/03/08-19:06:36-GMT  BuildTime: Aug  4 2022 06:17:15  BuildStamp: freesurfer-linux-ubuntu22_x86_64-7.3.2-20220804-6354275  User: oesteban  Machine: dna079  Platform: Linux  PlatformVersion: 5.14.0-427.37.1.el9_4.x86_64  CompilerName: GCC  CompilerVersion: 8.4.0
ProgramName: mris_surface_stats  ProgramArguments: mris_surface_stats -all-info  ProgramVersion: 7.3.2  TimeStamp: 2026/03/08-19:06:36-GMT  BuildTime: Aug  4 2022 06:17:15  BuildStamp: freesurfer-linux-ubuntu22_x86_64-7.3.2-20220804-6354275  User: oesteban  Machine: dna079  Platform: Linux  PlatformVersion: 5.14.0-427.37.1.el9_4.x86_64  CompilerName: GCC  CompilerVersion: 8.4.0
ProgramName: mri_stats2seg  ProgramArguments: mri_stats2seg -all-info  ProgramVersion: 7.3.2  TimeStamp: 2026/03/08-19:06:36-GMT  BuildTime: Aug  4 2022 06:17:15  BuildStamp: freesurfer-linux-ubuntu22_x86_64-7.3.2-20220804-6354275  User: oesteban  Machine: dna079  Platform: Linux  PlatformVersion: 5.14.0-427.37.1.el9_4.x86_64  CompilerName: GCC  CompilerVersion: 8.4.0
ProgramName: mris_thickness  ProgramArguments: mris_thickness -all-info  ProgramVersion: 7.3.2  TimeStamp: 2026/03/08-19:06:36-GMT  BuildTime: Aug  4 2022 06:17:15  BuildStamp: freesurfer-linux-ubuntu22_x86_64-7.3.2-20220804-6354275  User: oesteban  Machine: dna079  Platform: Linux  PlatformVersion: 5.14.0-427.37.1.el9_4.x86_64  CompilerName: GCC  CompilerVersion: 8.4.0
ProgramName: mris_thickness_diff  ProgramArguments: mris_thickness_diff -all-info  ProgramVersion: 7.3.2  TimeStamp: 2026/03/08-19:06:36-GMT  BuildTime: Aug  4 2022 06:17:15  BuildStamp: freesurfer-linux-ubuntu22_x86_64-7.3.2-20220804-6354275  User: oesteban  Machine: dna079  Platform: Linux  PlatformVersion: 5.14.0-427.37.1.el9_4.x86_64  CompilerName: GCC  CompilerVersion: 8.4.0
ProgramName: mris_topo_fixer  ProgramArguments: mris_topo_fixer -all-info  ProgramVersion: 7.3.2  TimeStamp: 2026/03/08-19:06:36-GMT  BuildTime: Aug  4 2022 06:17:15  BuildStamp: freesurfer-linux-ubuntu22_x86_64-7.3.2-20220804-6354275  User: oesteban  Machine: dna079  Platform: Linux  PlatformVersion: 5.14.0-427.37.1.el9_4.x86_64  CompilerName: GCC  CompilerVersion: 8.4.0
ProgramName: mri_surf2surf  ProgramArguments: mri_surf2surf -all-info  ProgramVersion: 7.3.2  TimeStamp: 2026/03/08-19:06:36-GMT  BuildTime: Aug  4 2022 06:17:15  BuildStamp: freesurfer-linux-ubuntu22_x86_64-7.3.2-20220804-6354275  User: oesteban  Machine: dna079  Platform: Linux  PlatformVersion: 5.14.0-427.37.1.el9_4.x86_64  CompilerName: GCC  CompilerVersion: 8.4.0
ProgramName: mri_surf2vol  ProgramArguments: mri_surf2vol -all-info  ProgramVersion: 7.3.2  TimeStamp: 2026/03/08-19:06:36-GMT  BuildTime: Aug  4 2022 06:17:15  BuildStamp: freesurfer-linux-ubuntu22_x86_64-7.3.2-20220804-6354275  User: oesteban  Machine: dna079  Platform: Linux  PlatformVersion: 5.14.0-427.37.1.el9_4.x86_64  CompilerName: GCC  CompilerVersion: 8.4.0
ProgramName: mri_surfcluster  ProgramArguments: mri_surfcluster -all-info  ProgramVersion: 7.3.2  TimeStamp: 2026/03/08-19:06:36-GMT  BuildTime: Aug  4 2022 06:17:15  BuildStamp: freesurfer-linux-ubuntu22_x86_64-7.3.2-20220804-6354275  User: oesteban  Machine: dna079  Platform: Linux  PlatformVersion: 5.14.0-427.37.1.el9_4.x86_64  CompilerName: GCC  CompilerVersion: 8.4.0
ProgramName: mris_volmask  ProgramArguments: mris_volmask -all-info  ProgramVersion: 7.3.2  TimeStamp: 2026/03/08-19:06:36-GMT  BuildTime: Aug  4 2022 06:17:15  BuildStamp: freesurfer-linux-ubuntu22_x86_64-7.3.2-20220804-6354275  User: oesteban  Machine: dna079  Platform: Linux  PlatformVersion: 5.14.0-427.37.1.el9_4.x86_64  CompilerName: GCC  CompilerVersion: 8.4.0
ProgramName: mri_tessellate  ProgramArguments: mri_tessellate -all-info  ProgramVersion: 7.3.2  TimeStamp: 2026/03/08-19:06:36-GMT  BuildTime: Aug  4 2022 06:17:15  BuildStamp: freesurfer-linux-ubuntu22_x86_64-7.3.2-20220804-6354275  User: oesteban  Machine: dna079  Platform: Linux  PlatformVersion: 5.14.0-427.37.1.el9_4.x86_64  CompilerName: GCC  CompilerVersion: 8.4.0
ProgramName: mri_vol2surf  ProgramArguments: mri_vol2surf -all-info  ProgramVersion: 7.3.2  TimeStamp: 2026/03/08-19:06:36-GMT  BuildTime: Aug  4 2022 06:17:15  BuildStamp: freesurfer-linux-ubuntu22_x86_64-7.3.2-20220804-6354275  User: oesteban  Machine: dna079  Platform: Linux  PlatformVersion: 5.14.0-427.37.1.el9_4.x86_64  CompilerName: GCC  CompilerVersion: 8.4.0
ProgramName: mri_vol2vol  ProgramArguments: mri_vol2vol -all-info  ProgramVersion: 7.3.2  TimeStamp: 2026/03/08-19:06:36-GMT  BuildTime: Aug  4 2022 06:17:15  BuildStamp: freesurfer-linux-ubuntu22_x86_64-7.3.2-20220804-6354275  User: oesteban  Machine: dna079  Platform: Linux  PlatformVersion: 5.14.0-427.37.1.el9_4.x86_64  CompilerName: GCC  CompilerVersion: 8.4.0
ProgramName: mri_voldiff  ProgramArguments: mri_voldiff -all-info  ProgramVersion: 7.3.2  TimeStamp: 2026/03/08-19:06:36-GMT  BuildTime: Aug  4 2022 06:17:15  BuildStamp: freesurfer-linux-ubuntu22_x86_64-7.3.2-20220804-6354275  User: oesteban  Machine: dna079  Platform: Linux  PlatformVersion: 5.14.0-427.37.1.el9_4.x86_64  CompilerName: GCC  CompilerVersion: 8.4.0
ProgramName: mri_watershed  ProgramArguments: mri_watershed -all-info  ProgramVersion: 7.3.2  TimeStamp: 2026/03/08-19:06:36-GMT  BuildTime: Aug  4 2022 06:17:15  BuildStamp: freesurfer-linux-ubuntu22_x86_64-7.3.2-20220804-6354275  User: oesteban  Machine: dna079  Platform: Linux  PlatformVersion: 5.14.0-427.37.1.el9_4.x86_64  CompilerName: GCC  CompilerVersion: 8.4.0
ProgramName: tkregister2  ProgramArguments: tkregister2_cmdl -all-info  ProgramVersion: 7.3.2  TimeStamp: 2026/03/08-19:06:36-GMT  BuildTime: Aug  4 2022 06:17:15  BuildStamp: freesurfer-linux-ubuntu22_x86_64-7.3.2-20220804-6354275  User: oesteban  Machine: dna079  Platform: Linux  PlatformVersion: 5.14.0-427.37.1.el9_4.x86_64  CompilerName: GCC  CompilerVersion: 8.4.0
mri_motion_correct.fsl 7.3.2
mri_convert -all-info 
ProgramName: mri_convert  ProgramArguments: mri_convert -all-info  ProgramVersion: 7.3.2  TimeStamp: 2026/03/08-19:06:36-GMT  BuildTime: Aug  4 2022 06:17:15  BuildStamp: freesurfer-linux-ubuntu22_x86_64-7.3.2-20220804-6354275  User: oesteban  Machine: dna079  Platform: Linux  PlatformVersion: 5.14.0-427.37.1.el9_4.x86_64  CompilerName: GCC  CompilerVersion: 8.4.0
Program nu_correct, built from:
Package MNI N3, version 1.12.0, compiled by nicks@terrier (x86_64-unknown-linux-gnu) on 2015-06-19 at 01:25:34
#######################################
GCADIR /opt/freesurfer/average
GCA RB_all_2020-01-02.gca
GCASkull RB_all_withskull_2020_01_02.gca
AvgCurvTif folding.atlas.acfb40.noaparc.i12.2016-08-02.tif
GCSDIR /opt/freesurfer/average
GCS DKaparc.atlas.acfb40.noaparc.i12.2016-08-02.gcs
#######################################
#--------------------------------------
#@# CA Normalize Sun Mar  8 20:06:36 CET 2026
/out/sourcedata/freesurfer/sub-v1s14x0051582_ses-1/mri

 mri_ca_normalize -c ctrl_pts.mgz -mask brainmask.mgz nu.mgz /opt/freesurfer/average/RB_all_2020-01-02.gca transforms/talairach.lta norm.mgz 

writing control point volume to ctrl_pts.mgz
using MR volume brainmask.mgz to mask input volume...
reading 1 input volume
reading atlas from '/opt/freesurfer/average/RB_all_2020-01-02.gca'...
reading transform from 'transforms/talairach.lta'...
reading input volume from nu.mgz...
resetting wm mean[0]: 98 --> 107
resetting gm mean[0]: 61 --> 61
input volume #1 is the most T1-like
using real data threshold=27.0
skull bounding box = (62, 81, 39) --> (196, 211, 212)
finding center of left hemi white matter
using (107, 124, 126) as brain centroid of Right_Cerebral_White_Matter...
mean wm in atlas = 107, using box (91,108,105) --> (123, 139,147) to find MRI wm
before smoothing, mri peak at 109
robust fit to distribution - 107 +- 3.9
after smoothing, mri peak at 107, scaling input intensities by 1.000
scaling channel 0 by 1
using 246437 sample points...
INFO: compute sample coordinates transform
 0.99274  -0.06069   0.10512  -5.38705;
 0.02613   1.12052   0.26939  -78.76513;
-0.11636  -0.22087   0.96862   37.95685;
 0.00000   0.00000   0.00000   1.00000;
INFO: transform used
finding control points in Left_Cerebral_White_Matter....
found 40230 control points for structure...
bounding box (124, 86, 44) --> (197, 190, 208)
Left_Cerebral_White_Matter: limiting intensities to 97.0 --> 132.0
3 of 8738 (0.0%) samples deleted
finding control points in Right_Cerebral_White_Matter....
found 39478 control points for structure...
bounding box (65, 87, 40) --> (133, 188, 206)
Right_Cerebral_White_Matter: limiting intensities to 96.0 --> 132.0
4 of 8926 (0.0%) samples deleted
finding control points in Left_Cerebellum_White_Matter....
found 3105 control points for structure...
bounding box (134, 164, 73) --> (184, 204, 126)
Left_Cerebellum_White_Matter: limiting intensities to 100.0 --> 132.0
0 of 536 (0.0%) samples deleted
finding control points in Right_Cerebellum_White_Matter....
found 2710 control points for structure...
bounding box (90, 164, 66) --> (135, 205, 123)
Right_Cerebellum_White_Matter: limiting intensities to 101.0 --> 132.0
0 of 502 (0.0%) samples deleted
finding control points in Brain_Stem....
found 3475 control points for structure...
bounding box (114, 155, 106) --> (148, 216, 136)
Brain_Stem: limiting intensities to 90.0 --> 132.0
0 of 921 (0.0%) samples deleted
using 19623 total control points for intensity normalization...
bias field = 0.962 +- 0.071
14 of 19616 control points discarded
finding control points in Left_Cerebral_White_Matter....
found 40230 control points for structure...
bounding box (124, 86, 44) --> (197, 190, 208)
Left_Cerebral_White_Matter: limiting intensities to 90.0 --> 132.0
4 of 8985 (0.0%) samples deleted
finding control points in Right_Cerebral_White_Matter....
found 39478 control points for structure...
bounding box (65, 87, 40) --> (133, 188, 206)
Right_Cerebral_White_Matter: limiting intensities to 90.0 --> 132.0
4 of 9137 (0.0%) samples deleted
finding control points in Left_Cerebellum_White_Matter....
found 3105 control points for structure...
bounding box (134, 164, 73) --> (184, 204, 126)
Left_Cerebellum_White_Matter: limiting intensities to 88.0 --> 132.0
2 of 623 (0.3%) samples deleted
finding control points in Right_Cerebellum_White_Matter....
found 2710 control points for structure...
bounding box (90, 164, 66) --> (135, 205, 123)
Right_Cerebellum_White_Matter: limiting intensities to 88.0 --> 132.0
1 of 530 (0.2%) samples deleted
finding control points in Brain_Stem....
found 3475 control points for structure...
bounding box (114, 155, 106) --> (148, 216, 136)
Brain_Stem: limiting intensities to 88.0 --> 132.0
232 of 1058 (21.9%) samples deleted
using 20333 total control points for intensity normalization...
bias field = 1.029 +- 0.054
32 of 19990 control points discarded
finding control points in Left_Cerebral_White_Matter....
found 40230 control points for structure...
bounding box (124, 86, 44) --> (197, 190, 208)
Left_Cerebral_White_Matter: limiting intensities to 91.0 --> 132.0
8 of 8953 (0.1%) samples deleted
finding control points in Right_Cerebral_White_Matter....
found 39478 control points for structure...
bounding box (65, 87, 40) --> (133, 188, 206)
Right_Cerebral_White_Matter: limiting intensities to 90.0 --> 132.0
1 of 9054 (0.0%) samples deleted
finding control points in Left_Cerebellum_White_Matter....
found 3105 control points for structure...
bounding box (134, 164, 73) --> (184, 204, 126)
Left_Cerebellum_White_Matter: limiting intensities to 88.0 --> 132.0
60 of 649 (9.2%) samples deleted
finding control points in Right_Cerebellum_White_Matter....
found 2710 control points for structure...
bounding box (90, 164, 66) --> (135, 205, 123)
Right_Cerebellum_White_Matter: limiting intensities to 88.0 --> 132.0
49 of 547 (9.0%) samples deleted
finding control points in Brain_Stem....
found 3475 control points for structure...
bounding box (114, 155, 106) --> (148, 216, 136)
Brain_Stem: limiting intensities to 88.0 --> 132.0
557 of 1072 (52.0%) samples deleted
using 20275 total control points for intensity normalization...
bias field = 1.026 +- 0.044
34 of 19423 control points discarded
writing normalized volume to norm.mgz...
writing control points to ctrl_pts.mgz
freeing GCA...done.
normalization took 0 minutes and 52 seconds.
#--------------------------------------
#@# CA Reg Sun Mar  8 20:07:28 CET 2026
/out/sourcedata/freesurfer/sub-v1s14x0051582_ses-1/mri

 mri_ca_register -nobigventricles -T transforms/talairach.lta -align-after -mask brainmask.mgz norm.mgz /opt/freesurfer/average/RB_all_2020-01-02.gca transforms/talairach.m3z 

not handling expanded ventricles...
using previously computed transform transforms/talairach.lta
renormalizing sequences with structure alignment, equivalent to:
	-renormalize
	-regularize_mean 0.500
	-regularize 0.500
using MR volume brainmask.mgz to mask input volume...

== Number of threads available to mri_ca_register for OpenMP = 16 == 
reading 1 input volumes...
logging results to talairach.log
reading input volume 'norm.mgz'...
reading GCA '/opt/freesurfer/average/RB_all_2020-01-02.gca'...
label assignment complete, 0 changed (0.00%)
freeing gibbs priors...done.
average std[0] = 5.0
Starting GCAMregister()
label assignment complete, 0 changed (0.00%)
npasses = 1, nlevels = 6
#pass# 1 of 1 ************************
enabling zero nodes
setting smoothness cost coefficient to 0.156

#GCAMreg# pass 0 level1 5 level2 0 tsec 0 sigma 2
l_jacobian=1.00 l_label=1.00 l_log_likelihood=0.20 l_smoothness=0.16 
tol=2.50e-01, dt=5.00e-02, exp_k=20.0, momentum=0.90, levels=6, niter=500, lbl_dist=10.00, avgs=256, sigma=2.0,type=2, relabel=0, neg=no

blurring input image with Gaussian with sigma=2.000...
GCAMRegisterLevel(): init RMS 0.823829
#FOTS# QuadFit found better minimum quadopt=(dt=227.652,rms=0.759035) vs oldopt=(dt=92.48,rms=0.779371)
#GCMRL#    0 dt 227.652174 rms  0.759  7.865% neg 0  invalid 762 tFOTS 4.8720 tGradient 2.5390 tsec 7.7990
#FOTS# QuadFit found better minimum quadopt=(dt=129.903,rms=0.742651) vs oldopt=(dt=92.48,rms=0.744266)
#GCMRL#    1 dt 129.903346 rms  0.743  2.159% neg 0  invalid 762 tFOTS 4.9030 tGradient 2.4810 tsec 7.7300
#FOTS# QuadFit found better minimum quadopt=(dt=443.904,rms=0.730822) vs oldopt=(dt=369.92,rms=0.731265)
#GCMRL#    2 dt 443.904000 rms  0.731  1.593% neg 0  invalid 762 tFOTS 4.5220 tGradient 2.8700 tsec 7.7510
#FOTS# QuadFit found better minimum quadopt=(dt=129.472,rms=0.728347) vs oldopt=(dt=92.48,rms=0.728512)
#GCMRL#    3 dt 129.472000 rms  0.728  0.339% neg 0  invalid 762 tFOTS 5.0500 tGradient 2.6000 tsec 7.9980
#FOTS# QuadFit found better minimum quadopt=(dt=517.888,rms=0.723024) vs oldopt=(dt=369.92,rms=0.723987)
#GCMRL#    4 dt 517.888000 rms  0.723  0.731% neg 0  invalid 762 tFOTS 4.7290 tGradient 2.6130 tsec 7.6700
#FOTS# QuadFit found better minimum quadopt=(dt=110.976,rms=0.722024) vs oldopt=(dt=92.48,rms=0.722033)
#GCMRL#    5 dt 110.976000 rms  0.722  0.000% neg 0  invalid 762 tFOTS 4.5050 tGradient 2.4030 tsec 7.2750
#GCMRL#    6 dt 110.976000 rms  0.721  0.118% neg 0  invalid 762 tFOTS 0.0000 tGradient 2.6190 tsec 2.9460
#GCMRL#    7 dt 110.976000 rms  0.720  0.196% neg 0  invalid 762 tFOTS 0.0000 tGradient 2.6460 tsec 2.9620
#GCMRL#    8 dt 110.976000 rms  0.718  0.243% neg 0  invalid 762 tFOTS 0.0000 tGradient 2.7940 tsec 3.0850
#GCMRL#    9 dt 110.976000 rms  0.716  0.275% neg 0  invalid 762 tFOTS 0.0000 tGradient 2.4590 tsec 2.7610
#GCMRL#   10 dt 110.976000 rms  0.714  0.287% neg 0  invalid 762 tFOTS 0.0000 tGradient 2.5410 tsec 2.8370
#GCMRL#   11 dt 110.976000 rms  0.712  0.287% neg 0  invalid 762 tFOTS 0.0000 tGradient 2.4680 tsec 2.7550
#GCMRL#   12 dt 110.976000 rms  0.710  0.256% neg 0  invalid 762 tFOTS 0.0000 tGradient 2.3970 tsec 2.6990
#GCMRL#   13 dt 110.976000 rms  0.708  0.231% neg 0  invalid 762 tFOTS 0.0000 tGradient 2.4310 tsec 2.7190
#GCMRL#   14 dt 110.976000 rms  0.707  0.217% neg 0  invalid 762 tFOTS 0.0000 tGradient 2.3870 tsec 2.6790
#GCMRL#   15 dt 110.976000 rms  0.706  0.185% neg 0  invalid 762 tFOTS 0.0000 tGradient 2.4420 tsec 2.7420
#GCMRL#   16 dt 110.976000 rms  0.705  0.155% neg 0  invalid 762 tFOTS 0.0000 tGradient 2.6980 tsec 3.0070
#GCMRL#   17 dt 110.976000 rms  0.704  0.133% neg 0  invalid 762 tFOTS 0.0000 tGradient 3.0180 tsec 3.3680
#GCMRL#   18 dt 110.976000 rms  0.703  0.123% neg 0  invalid 762 tFOTS 0.0000 tGradient 2.9240 tsec 3.2470
#GCMRL#   19 dt 110.976000 rms  0.702  0.113% neg 0  invalid 762 tFOTS 0.0000 tGradient 2.4950 tsec 2.7900
#GCMRL#   20 dt 369.920000 rms  0.702  0.000% neg 0  invalid 762 tFOTS 4.4330 tGradient 2.5890 tsec 7.3770
#GCMRL#   21 dt 369.920000 rms  0.701  0.080% neg 0  invalid 762 tFOTS 0.0000 tGradient 2.5660 tsec 2.8260

#GCAMreg# pass 0 level1 5 level2 1 tsec 108.594 sigma 0.5
l_jacobian=1.00 l_label=1.00 l_log_likelihood=0.20 l_smoothness=0.16 
tol=2.50e-01, dt=5.00e-02, exp_k=20.0, momentum=0.90, levels=6, niter=500, lbl_dist=10.00, avgs=256, sigma=0.5,type=2, relabel=0, neg=no

blurring input image with Gaussian with sigma=0.500...
GCAMRegisterLevel(): init RMS 0.701715
#FOTS# QuadFit found better minimum quadopt=(dt=221.952,rms=0.699819) vs oldopt=(dt=369.92,rms=0.700304)
#GCMRL#   23 dt 221.952000 rms  0.700  0.270% neg 0  invalid 762 tFOTS 4.2850 tGradient 2.5640 tsec 7.1590
#FOTS# QuadFit found better minimum quadopt=(dt=443.904,rms=0.698208) vs oldopt=(dt=369.92,rms=0.698264)
#GCMRL#   24 dt 443.904000 rms  0.698  0.000% neg 0  invalid 762 tFOTS 4.1010 tGradient 2.3840 tsec 6.8230
setting smoothness cost coefficient to 0.615

#GCAMreg# pass 0 level1 4 level2 0 tsec 0 sigma 2
l_jacobian=1.00 l_label=1.00 l_log_likelihood=0.20 l_smoothness=0.62 
tol=2.50e-01, dt=5.00e-02, exp_k=20.0, momentum=0.90, levels=6, niter=500, lbl_dist=10.00, avgs=64, sigma=2.0,type=2, relabel=0, neg=no

blurring input image with Gaussian with sigma=2.000...
GCAMRegisterLevel(): init RMS 0.707415
#FOTS# QuadFit found better minimum quadopt=(dt=36.288,rms=0.70442) vs oldopt=(dt=25.92,rms=0.704914)
#GCMRL#   26 dt  36.288000 rms  0.704  0.423% neg 0  invalid 762 tFOTS 4.6340 tGradient 2.0660 tsec 7.0590
#FOTS# QuadFit found better minimum quadopt=(dt=111.939,rms=0.701204) vs oldopt=(dt=103.68,rms=0.701217)
#GCMRL#   27 dt 111.939163 rms  0.701  0.457% neg 0  invalid 762 tFOTS 4.4360 tGradient 1.8470 tsec 6.6530
#GCMRL#   28 dt 414.720000 rms  0.689  1.695% neg 0  invalid 762 tFOTS 3.9320 tGradient 1.8620 tsec 6.0890
#FOTS# QuadFit found better minimum quadopt=(dt=36.288,rms=0.68678) vs oldopt=(dt=25.92,rms=0.687079)
#GCMRL#   29 dt  36.288000 rms  0.687  0.368% neg 0  invalid 762 tFOTS 4.1480 tGradient 1.8080 tsec 6.2890
#FOTS# QuadFit found better minimum quadopt=(dt=20.736,rms=0.686684) vs oldopt=(dt=25.92,rms=0.68669)
#GCMRL#   30 dt  20.736000 rms  0.687  0.000% neg 0  invalid 762 tFOTS 4.0880 tGradient 1.9570 tsec 6.4000
#GCMRL#   31 dt  20.736000 rms  0.687  0.009% neg 0  invalid 762 tFOTS 0.0000 tGradient 1.9310 tsec 2.1850

#GCAMreg# pass 0 level1 4 level2 1 tsec 45.527 sigma 0.5
l_jacobian=1.00 l_label=1.00 l_log_likelihood=0.20 l_smoothness=0.62 
tol=2.50e-01, dt=5.00e-02, exp_k=20.0, momentum=0.90, levels=6, niter=500, lbl_dist=10.00, avgs=64, sigma=0.5,type=2, relabel=0, neg=no

blurring input image with Gaussian with sigma=0.500...
GCAMRegisterLevel(): init RMS 0.687214
#FOTS# QuadFit found better minimum quadopt=(dt=75.1074,rms=0.685463) vs oldopt=(dt=103.68,rms=0.685642)
#GCMRL#   33 dt  75.107438 rms  0.685  0.255% neg 0  invalid 762 tFOTS 4.5610 tGradient 2.5810 tsec 7.4540
#GCMRL#   34 dt  25.920000 rms  0.685  0.000% neg 0  invalid 762 tFOTS 4.1930 tGradient 2.0410 tsec 6.5720
#GCMRL#   35 dt  25.920000 rms  0.685  0.016% neg 0  invalid 762 tFOTS 0.0000 tGradient 1.9790 tsec 2.2570
#GCMRL#   36 dt  25.920000 rms  0.685  0.012% neg 0  invalid 762 tFOTS 0.0000 tGradient 1.9080 tsec 2.2090
#GCMRL#   37 dt  25.920000 rms  0.685  0.012% neg 0  invalid 762 tFOTS 0.0000 tGradient 1.9320 tsec 2.2480
#FOTS# QuadFit found better minimum quadopt=(dt=145.152,rms=0.684835) vs oldopt=(dt=103.68,rms=0.68491)
#GCMRL#   38 dt 145.152000 rms  0.685  0.052% neg 0  invalid 762 tFOTS 4.0150 tGradient 1.9720 tsec 6.3010
#FOTS# QuadFit found better minimum quadopt=(dt=62.208,rms=0.684794) vs oldopt=(dt=103.68,rms=0.684808)
setting smoothness cost coefficient to 2.353

#GCAMreg# pass 0 level1 3 level2 0 tsec 0 sigma 2
l_jacobian=1.00 l_label=1.00 l_log_likelihood=0.20 l_smoothness=2.35 
tol=2.50e-01, dt=5.00e-02, exp_k=20.0, momentum=0.90, levels=6, niter=500, lbl_dist=10.00, avgs=16, sigma=2.0,type=2, relabel=0, neg=no

blurring input image with Gaussian with sigma=2.000...
GCAMRegisterLevel(): init RMS 0.701846
#GCMRL#   40 dt   0.000000 rms  0.701  0.077% neg 0  invalid 762 tFOTS 4.0150 tGradient 1.8230 tsec 6.1490

#GCAMreg# pass 0 level1 3 level2 1 tsec 20.317 sigma 0.5
l_jacobian=1.00 l_label=1.00 l_log_likelihood=0.20 l_smoothness=2.35 
tol=2.50e-01, dt=5.00e-02, exp_k=20.0, momentum=0.90, levels=6, niter=500, lbl_dist=10.00, avgs=16, sigma=0.5,type=2, relabel=0, neg=no

blurring input image with Gaussian with sigma=0.500...
GCAMRegisterLevel(): init RMS 0.701846
#GCMRL#   42 dt   0.000000 rms  0.701  0.077% neg 0  invalid 762 tFOTS 3.8590 tGradient 1.6530 tsec 5.8220
setting smoothness cost coefficient to 8.000

#GCAMreg# pass 0 level1 2 level2 0 tsec 0 sigma 2
l_jacobian=1.00 l_label=1.00 l_log_likelihood=0.20 l_smoothness=8.00 
tol=2.50e-01, dt=5.00e-02, exp_k=20.0, momentum=0.90, levels=6, niter=500, lbl_dist=10.00, avgs=4, sigma=2.0,type=2, relabel=0, neg=no

blurring input image with Gaussian with sigma=2.000...
GCAMRegisterLevel(): init RMS 0.752994
#FOTS# QuadFit found better minimum quadopt=(dt=2.41107,rms=0.739105) vs oldopt=(dt=2.88,rms=0.739617)
#GCMRL#   44 dt   2.411074 rms  0.739  1.844% neg 0  invalid 762 tFOTS 3.9610 tGradient 1.6020 tsec 5.9170
#FOTS# QuadFit found better minimum quadopt=(dt=0.5,rms=0.738979) vs oldopt=(dt=0.72,rms=0.73901)
#GCMRL#   45 dt   0.500000 rms  0.739  0.000% neg 0  invalid 762 tFOTS 4.5280 tGradient 1.7070 tsec 6.6060

#GCAMreg# pass 0 level1 2 level2 1 tsec 22.682 sigma 0.5
l_jacobian=1.00 l_label=1.00 l_log_likelihood=0.20 l_smoothness=8.00 
tol=2.50e-01, dt=5.00e-02, exp_k=20.0, momentum=0.90, levels=6, niter=500, lbl_dist=10.00, avgs=4, sigma=0.5,type=2, relabel=0, neg=no

blurring input image with Gaussian with sigma=0.500...
GCAMRegisterLevel(): init RMS 0.739531
#FOTS# QuadFit found better minimum quadopt=(dt=0.036,rms=0.739003) vs oldopt=(dt=0.045,rms=0.739003)
#GCMRL#   47 dt   0.036000 rms  0.739  0.071% neg 0  invalid 762 tFOTS 4.1210 tGradient 1.6980 tsec 6.1350
#FOTS# QuadFit found better minimum quadopt=(dt=0.01575,rms=0.739002) vs oldopt=(dt=0.01125,rms=0.739002)
#GCMRL#   48 dt   0.015750 rms  0.739  0.000% neg 0  invalid 762 tFOTS 4.0970 tGradient 1.7360 tsec 6.1980
#GCMRL#   49 dt   0.015750 rms  0.739  0.000% neg 0  invalid 762 tFOTS 0.0000 tGradient 1.6650 tsec 1.9550
setting smoothness cost coefficient to 20.000

#GCAMreg# pass 0 level1 1 level2 0 tsec 0 sigma 2
l_jacobian=1.00 l_label=1.00 l_log_likelihood=0.20 l_smoothness=20.00 
tol=2.50e-01, dt=5.00e-02, exp_k=20.0, momentum=0.90, levels=6, niter=500, lbl_dist=10.00, avgs=1, sigma=2.0,type=2, relabel=0, neg=no

blurring input image with Gaussian with sigma=2.000...
GCAMRegisterLevel(): init RMS 0.795544
#FOTS# QuadFit found better minimum quadopt=(dt=0.448,rms=0.792221) vs oldopt=(dt=0.32,rms=0.792489)
#GCMRL#   51 dt   0.448000 rms  0.792  0.418% neg 0  invalid 762 tFOTS 4.3500 tGradient 1.5170 tsec 6.2060
#FOTS# QuadFit found better minimum quadopt=(dt=0.622642,rms=0.785886) vs oldopt=(dt=0.32,rms=0.787815)
#GCMRL#   52 dt   0.622642 rms  0.786  0.800% neg 0  invalid 762 tFOTS 4.2270 tGradient 1.5600 tsec 6.1070
#FOTS# QuadFit found better minimum quadopt=(dt=0.192,rms=0.78454) vs oldopt=(dt=0.32,rms=0.785003)
#GCMRL#   53 dt   0.192000 rms  0.785  0.000% neg 0  invalid 762 tFOTS 4.0950 tGradient 1.5200 tsec 5.9540
#GCMRL#   54 dt   0.192000 rms  0.784  0.108% neg 0  invalid 762 tFOTS 0.0000 tGradient 1.4930 tsec 1.8120
#GCMRL#   55 dt   0.192000 rms  0.782  0.170% neg 0  invalid 762 tFOTS 0.0000 tGradient 1.4370 tsec 1.7520
#GCMRL#   56 dt   0.192000 rms  0.781  0.223% neg 0  invalid 762 tFOTS 0.0000 tGradient 1.5070 tsec 1.8260
#GCMRL#   57 dt   0.192000 rms  0.779  0.214% neg 0  invalid 762 tFOTS 0.0000 tGradient 1.4400 tsec 1.7530
#GCMRL#   58 dt   0.192000 rms  0.778  0.111% neg 0  invalid 762 tFOTS 0.0000 tGradient 1.4710 tsec 1.7950
#GCMRL#   59 dt   0.192000 rms  0.778 -0.016% neg 0  invalid 762 tFOTS 0.0000 tGradient 1.5650 tsec 2.1230
#FOTS# QuadFit found better minimum quadopt=(dt=0.448,rms=0.777648) vs oldopt=(dt=0.32,rms=0.777679)
#GCMRL#   60 dt   0.448000 rms  0.778  0.056% neg 0  invalid 762 tFOTS 4.1560 tGradient 1.4780 tsec 5.9540
#FOTS# QuadFit found better minimum quadopt=(dt=0.448,rms=0.776357) vs oldopt=(dt=0.32,rms=0.776564)
#GCMRL#   61 dt   0.448000 rms  0.776  0.166% neg 0  invalid 762 tFOTS 4.0900 tGradient 1.4370 tsec 5.8700
#FOTS# QuadFit found better minimum quadopt=(dt=0.112,rms=0.776267) vs oldopt=(dt=0.08,rms=0.776278)

#GCAMreg# pass 0 level1 1 level2 1 tsec 55.146 sigma 0.5
l_jacobian=1.00 l_label=1.00 l_log_likelihood=0.20 l_smoothness=20.00 
tol=2.50e-01, dt=5.00e-02, exp_k=20.0, momentum=0.90, levels=6, niter=500, lbl_dist=10.00, avgs=1, sigma=0.5,type=2, relabel=0, neg=no

blurring input image with Gaussian with sigma=0.500...
GCAMRegisterLevel(): init RMS 0.776842
#GCMRL#   63 dt   0.320000 rms  0.776  0.115% neg 0  invalid 762 tFOTS 4.1560 tGradient 1.5320 tsec 6.0170
#FOTS# QuadFit found better minimum quadopt=(dt=0.448,rms=0.775519) vs oldopt=(dt=0.32,rms=0.77557)
#GCMRL#   64 dt   0.448000 rms  0.776  0.000% neg 0  invalid 762 tFOTS 4.1620 tGradient 1.4850 tsec 5.9870
resetting metric properties...
setting smoothness cost coefficient to 40.000

#GCAMreg# pass 0 level1 0 level2 0 tsec 0 sigma 2
l_jacobian=1.00 l_label=1.00 l_log_likelihood=0.20 l_smoothness=40.00 
tol=2.50e-01, dt=5.00e-02, exp_k=20.0, momentum=0.90, levels=6, niter=500, lbl_dist=10.00, avgs=0, sigma=2.0,type=2, relabel=0, neg=no

blurring input image with Gaussian with sigma=2.000...
GCAMRegisterLevel(): init RMS 0.739594
#FOTS# QuadFit found better minimum quadopt=(dt=0.226113,rms=0.733861) vs oldopt=(dt=0.32,rms=0.734496)
#GCMRL#   66 dt   0.226113 rms  0.734  0.775% neg 0  invalid 762 tFOTS 4.4730 tGradient 1.1490 tsec 5.9820
#GCMRL#   67 dt   0.020000 rms  0.734  0.000% neg 0  invalid 762 tFOTS 4.4970 tGradient 0.9090 tsec 5.7980

#GCAMreg# pass 0 level1 0 level2 1 tsec 21.517 sigma 0.5
l_jacobian=1.00 l_label=1.00 l_log_likelihood=0.20 l_smoothness=40.00 
tol=2.50e-01, dt=5.00e-02, exp_k=20.0, momentum=0.90, levels=6, niter=500, lbl_dist=10.00, avgs=0, sigma=0.5,type=2, relabel=0, neg=no

blurring input image with Gaussian with sigma=0.500...
GCAMRegisterLevel(): init RMS 0.734282
#FOTS# QuadFit found better minimum quadopt=(dt=0.007,rms=0.733606) vs oldopt=(dt=0.005,rms=0.733609)
#GCMRL#   69 dt   0.007000 rms  0.734  0.092% neg 0  invalid 762 tFOTS 4.5270 tGradient 0.9570 tsec 5.8740
#FOTS# QuadFit found better minimum quadopt=(dt=0.001,rms=0.733609) vs oldopt=(dt=0.00125,rms=0.733609)
GCAMregister done in 6.43258 min
Starting GCAmapRenormalizeWithAlignment() without scales
renormalizing by structure alignment....
renormalizing input #0
gca peak = 0.10253 (16)
mri peak = 0.15293 (23)
Left_Lateral_Ventricle (4): linear fit = 1.10 x + 0.0 (1222 voxels, overlap=0.795)
Left_Lateral_Ventricle (4): linear fit = 1.10 x + 0.0 (1222 voxels, peak = 18), gca=17.5
gca peak = 0.17690 (16)
mri peak = 0.15534 (23)
Right_Lateral_Ventricle (43): linear fit = 1.39 x + 0.0 (750 voxels, overlap=0.613)
Right_Lateral_Ventricle (43): linear fit = 1.39 x + 0.0 (750 voxels, peak = 22), gca=22.3
gca peak = 0.28275 (96)
mri peak = 0.14551 (96)
Right_Pallidum (52): linear fit = 0.99 x + 0.0 (1026 voxels, overlap=0.997)
Right_Pallidum (52): linear fit = 0.99 x + 0.0 (1026 voxels, peak = 95), gca=94.6
gca peak = 0.18948 (93)
mri peak = 0.08422 (94)
Left_Pallidum (13): linear fit = 1.02 x + 0.0 (848 voxels, overlap=1.004)
Left_Pallidum (13): linear fit = 1.02 x + 0.0 (848 voxels, peak = 95), gca=95.3
gca peak = 0.20755 (55)
mri peak = 0.08908 (71)
Right_Hippocampus (53): linear fit = 1.23 x + 0.0 (921 voxels, overlap=0.016)
Right_Hippocampus (53): linear fit = 1.23 x + 0.0 (921 voxels, peak = 67), gca=67.4
gca peak = 0.31831 (58)
mri peak = 0.09935 (67)
Left_Hippocampus (17): linear fit = 1.16 x + 0.0 (829 voxels, overlap=0.019)
Left_Hippocampus (17): linear fit = 1.16 x + 0.0 (829 voxels, peak = 68), gca=67.6
gca peak = 0.11957 (102)
mri peak = 0.13324 (105)
Right_Cerebral_White_Matter (41): linear fit = 1.03 x + 0.0 (68138 voxels, overlap=0.644)
Right_Cerebral_White_Matter (41): linear fit = 1.03 x + 0.0 (68138 voxels, peak = 106), gca=105.6
gca peak = 0.11429 (102)
mri peak = 0.13792 (105)
Left_Cerebral_White_Matter (2): linear fit = 1.03 x + 0.0 (71155 voxels, overlap=0.597)
Left_Cerebral_White_Matter (2): linear fit = 1.03 x + 0.0 (71155 voxels, peak = 106), gca=105.6
gca peak = 0.14521 (59)
mri peak = 0.03190 (69)
Left_Cerebral_Cortex (3): linear fit = 1.20 x + 0.0 (22878 voxels, overlap=0.146)
Left_Cerebral_Cortex (3): linear fit = 1.20 x + 0.0 (22878 voxels, peak = 71), gca=70.5
gca peak = 0.14336 (58)
mri peak = 0.03218 (65)
Right_Cerebral_Cortex (42): linear fit = 1.16 x + 0.0 (23921 voxels, overlap=0.276)
Right_Cerebral_Cortex (42): linear fit = 1.16 x + 0.0 (23921 voxels, peak = 68), gca=67.6
gca peak = 0.13305 (70)
mri peak = 0.14340 (79)
Right_Caudate (50): linear fit = 1.16 x + 0.0 (544 voxels, overlap=0.032)
Right_Caudate (50): linear fit = 1.16 x + 0.0 (544 voxels, peak = 82), gca=81.5
gca peak = 0.15761 (71)
mri peak = 0.12388 (78)
Left_Caudate (11): linear fit = 1.09 x + 0.0 (892 voxels, overlap=0.567)
Left_Caudate (11): linear fit = 1.09 x + 0.0 (892 voxels, peak = 77), gca=77.0
gca peak = 0.13537 (57)
mri peak = 0.03008 (72)
Left_Cerebellum_Cortex (8): linear fit = 1.29 x + 0.0 (26034 voxels, overlap=0.214)
Left_Cerebellum_Cortex (8): linear fit = 1.29 x + 0.0 (26034 voxels, peak = 74), gca=73.8
gca peak = 0.13487 (56)
mri peak = 0.02613 (53)
Right_Cerebellum_Cortex (47): linear fit = 1.33 x + 0.0 (26676 voxels, overlap=0.130)
Right_Cerebellum_Cortex (47): linear fit = 1.33 x + 0.0 (26676 voxels, peak = 74), gca=74.2
gca peak = 0.19040 (84)
mri peak = 0.12250 (90)
Left_Cerebellum_White_Matter (7): linear fit = 1.09 x + 0.0 (10699 voxels, overlap=0.305)
Left_Cerebellum_White_Matter (7): linear fit = 1.09 x + 0.0 (10699 voxels, peak = 91), gca=91.1
gca peak = 0.18871 (83)
mri peak = 0.10791 (90)
Right_Cerebellum_White_Matter (46): linear fit = 1.08 x + 0.0 (8639 voxels, overlap=0.193)
Right_Cerebellum_White_Matter (46): linear fit = 1.08 x + 0.0 (8639 voxels, peak = 89), gca=89.2
gca peak = 0.24248 (57)
mri peak = 0.13171 (70)
Left_Amygdala (18): linear fit = 1.18 x + 0.0 (491 voxels, overlap=0.035)
Left_Amygdala (18): linear fit = 1.18 x + 0.0 (491 voxels, peak = 68), gca=67.5
gca peak = 0.35833 (56)
mri peak = 0.12266 (72)
Right_Amygdala (54): linear fit = 1.27 x + 0.0 (585 voxels, overlap=0.036)
Right_Amygdala (54): linear fit = 1.27 x + 0.0 (585 voxels, peak = 71), gca=71.4
gca peak = 0.12897 (85)
mri peak = 0.08355 (94)
Left_Thalamus (10): linear fit = 1.07 x + 0.0 (5802 voxels, overlap=0.618)
Left_Thalamus (10): linear fit = 1.07 x + 0.0 (5802 voxels, peak = 91), gca=90.5
gca peak = 0.13127 (83)
mri peak = 0.09278 (92)
Right_Thalamus (49): linear fit = 1.09 x + 0.0 (5003 voxels, overlap=0.641)
Right_Thalamus (49): linear fit = 1.09 x + 0.0 (5003 voxels, peak = 90), gca=90.1
gca peak = 0.12974 (78)
mri peak = 0.08627 (88)
Left_Putamen (12): linear fit = 1.15 x + 0.0 (2512 voxels, overlap=0.390)
Left_Putamen (12): linear fit = 1.15 x + 0.0 (2512 voxels, peak = 90), gca=90.1
gca peak = 0.17796 (79)
mri peak = 0.10186 (92)
Right_Putamen (51): linear fit = 1.15 x + 0.0 (2607 voxels, overlap=0.598)
Right_Putamen (51): linear fit = 1.15 x + 0.0 (2607 voxels, peak = 91), gca=91.2
gca peak = 0.10999 (80)
mri peak = 0.09029 (88)
Brain_Stem (16): linear fit = 1.11 x + 0.0 (13962 voxels, overlap=0.319)
Brain_Stem (16): linear fit = 1.11 x + 0.0 (13962 voxels, peak = 88), gca=88.4
gca peak = 0.13215 (88)
mri peak = 0.09269 (96)
Right_VentralDC (60): linear fit = 1.09 x + 0.0 (1324 voxels, overlap=0.511)
Right_VentralDC (60): linear fit = 1.09 x + 0.0 (1324 voxels, peak = 95), gca=95.5
gca peak = 0.11941 (89)
mri peak = 0.10395 (92)
Left_VentralDC (28): linear fit = 1.09 x + 0.0 (1519 voxels, overlap=0.547)
Left_VentralDC (28): linear fit = 1.09 x + 0.0 (1519 voxels, peak = 97), gca=96.6
gca peak = 0.20775 (25)
mri peak = 0.35000 (25)
gca peak = 0.13297 (21)
mri peak = 0.15065 (21)
Fourth_Ventricle (15): linear fit = 0.98 x + 0.0 (209 voxels, overlap=0.838)
Fourth_Ventricle (15): linear fit = 0.98 x + 0.0 (209 voxels, peak = 20), gca=20.5
gca peak Unknown = 0.94777 ( 0)
gca peak Left_Inf_Lat_Vent = 0.19087 (28)
gca peak Third_Ventricle = 0.20775 (25)
gca peak CSF = 0.16821 (33)
gca peak Left_Accumbens_area = 0.32850 (63)
gca peak Left_undetermined = 0.98480 (28)
gca peak Left_vessel = 0.40887 (53)
gca peak Left_choroid_plexus = 0.10898 (46)
gca peak Right_Inf_Lat_Vent = 0.17798 (26)
gca peak Right_Accumbens_area = 0.30137 (64)
gca peak Right_vessel = 0.47828 (52)
gca peak Right_choroid_plexus = 0.11612 (45)
gca peak Fifth_Ventricle = 0.59466 (35)
gca peak WM_hypointensities = 0.10053 (78)
gca peak non_WM_hypointensities = 0.07253 (60)
gca peak Optic_Chiasm = 0.25330 (73)
not using caudate to estimate GM means
estimating mean gm scale to be 1.20 x + 0.0
estimating mean wm scale to be 1.03 x + 0.0
estimating mean csf scale to be 1.16 x + 0.0
saving intensity scales to talairach.label_intensities.txt
GCAmapRenormalizeWithAlignment() took 2.456 min
noneg pre
Starting GCAMregister()
label assignment complete, 0 changed (0.00%)
npasses = 1, nlevels = 6
#pass# 1 of 1 ************************
enabling zero nodes
setting smoothness cost coefficient to 0.008

#GCAMreg# pass 0 level1 5 level2 0 tsec 0 sigma 2
l_jacobian=1.00 l_label=1.00 l_log_likelihood=0.20 l_smoothness=0.01 
tol=5.00e-02, dt=5.00e-02, exp_k=20.0, momentum=0.90, levels=6, niter=500, lbl_dist=10.00, avgs=256, sigma=2.0,type=2, relabel=0, neg=no

blurring input image with Gaussian with sigma=2.000...
GCAMRegisterLevel(): init RMS 0.73204
#FOTS# QuadFit found better minimum quadopt=(dt=129.472,rms=0.710177) vs oldopt=(dt=92.48,rms=0.711907)
#GCMRL#   71 dt 129.472000 rms  0.710  2.987% neg 0  invalid 762 tFOTS 4.5430 tGradient 2.0820 tsec 6.9730
#FOTS# QuadFit found better minimum quadopt=(dt=221.952,rms=0.704618) vs oldopt=(dt=369.92,rms=0.705846)
#GCMRL#   72 dt 221.952000 rms  0.705  0.783% neg 0  invalid 762 tFOTS 3.9220 tGradient 2.0090 tsec 6.2770
#GCMRL#   73 dt 369.920000 rms  0.699  0.857% neg 0  invalid 762 tFOTS 4.5000 tGradient 1.9530 tsec 6.8180
#FOTS# QuadFit found better minimum quadopt=(dt=110.976,rms=0.696017) vs oldopt=(dt=92.48,rms=0.696049)
#GCMRL#   74 dt 110.976000 rms  0.696  0.367% neg 0  invalid 762 tFOTS 4.3550 tGradient 2.0100 tsec 6.7240
#FOTS# QuadFit found better minimum quadopt=(dt=1183.74,rms=0.688822) vs oldopt=(dt=1479.68,rms=0.689043)
#GCMRL#   75 dt 1183.744000 rms  0.689  1.034% neg 0  invalid 762 tFOTS 4.1300 tGradient 1.9630 tsec 6.4150
#FOTS# QuadFit found better minimum quadopt=(dt=110.976,rms=0.686356) vs oldopt=(dt=92.48,rms=0.686358)
#GCMRL#   76 dt 110.976000 rms  0.686  0.358% neg 0  invalid 762 tFOTS 4.0000 tGradient 1.9040 tsec 6.2300
#FOTS# QuadFit found better minimum quadopt=(dt=517.888,rms=0.683303) vs oldopt=(dt=369.92,rms=0.683749)
#GCMRL#   77 dt 517.888000 rms  0.683  0.445% neg 0  invalid 762 tFOTS 3.9710 tGradient 1.9340 tsec 6.2000
#GCMRL#   78 dt  92.480000 rms  0.683  0.091% neg 0  invalid 762 tFOTS 4.0090 tGradient 1.9290 tsec 6.2480
#FOTS# QuadFit found better minimum quadopt=(dt=517.888,rms=0.681895) vs oldopt=(dt=369.92,rms=0.681971)
#GCMRL#   79 dt 517.888000 rms  0.682  0.115% neg 0  invalid 762 tFOTS 4.1180 tGradient 1.8800 tsec 6.3000
#FOTS# QuadFit found better minimum quadopt=(dt=295.936,rms=0.679928) vs oldopt=(dt=369.92,rms=0.679931)
#GCMRL#   80 dt 295.936000 rms  0.680  0.289% neg 0  invalid 762 tFOTS 3.9490 tGradient 1.8950 tsec 6.1610
#FOTS# QuadFit found better minimum quadopt=(dt=73.984,rms=0.6797) vs oldopt=(dt=92.48,rms=0.679715)
#GCMRL#   81 dt  73.984000 rms  0.680  0.000% neg 0  invalid 762 tFOTS 4.1990 tGradient 1.8990 tsec 6.4330
#GCMRL#   82 dt  73.984000 rms  0.680  0.018% neg 0  invalid 762 tFOTS 0.0000 tGradient 1.9280 tsec 2.1940
#GCMRL#   83 dt  73.984000 rms  0.679  0.028% neg 0  invalid 762 tFOTS 0.0000 tGradient 1.8760 tsec 2.1540
#GCMRL#   84 dt  73.984000 rms  0.679  0.056% neg 0  invalid 762 tFOTS 0.0000 tGradient 1.9810 tsec 2.2870
#GCMRL#   85 dt  73.984000 rms  0.678  0.100% neg 0  invalid 762 tFOTS 0.0000 tGradient 2.0260 tsec 2.3470
#GCMRL#   86 dt  73.984000 rms  0.677  0.131% neg 0  invalid 762 tFOTS 0.0000 tGradient 2.0240 tsec 2.3330
#GCMRL#   87 dt  73.984000 rms  0.677  0.137% neg 0  invalid 762 tFOTS 0.0000 tGradient 1.9690 tsec 2.2420
#GCMRL#   88 dt  73.984000 rms  0.676  0.133% neg 0  invalid 762 tFOTS 0.0000 tGradient 1.8620 tsec 2.1350
#GCMRL#   89 dt  73.984000 rms  0.675  0.125% neg 0  invalid 762 tFOTS 0.0000 tGradient 1.8920 tsec 2.1610
#GCMRL#   90 dt  73.984000 rms  0.674  0.116% neg 0  invalid 762 tFOTS 0.0000 tGradient 1.8730 tsec 2.1380
#GCMRL#   91 dt  73.984000 rms  0.673  0.116% neg 0  invalid 762 tFOTS 0.0000 tGradient 1.9090 tsec 2.1910
#GCMRL#   92 dt  73.984000 rms  0.672  0.120% neg 0  invalid 762 tFOTS 0.0000 tGradient 1.9690 tsec 2.2490
#GCMRL#   93 dt  73.984000 rms  0.672  0.120% neg 0  invalid 762 tFOTS 0.0000 tGradient 1.9100 tsec 2.1950
#GCMRL#   94 dt  73.984000 rms  0.671  0.114% neg 0  invalid 762 tFOTS 0.0000 tGradient 2.0260 tsec 2.3130
#GCMRL#   95 dt  73.984000 rms  0.670  0.114% neg 0  invalid 762 tFOTS 0.0000 tGradient 1.8680 tsec 2.1480
#GCMRL#   96 dt  73.984000 rms  0.669  0.113% neg 0  invalid 762 tFOTS 0.0000 tGradient 1.9930 tsec 2.2790
#GCMRL#   97 dt  73.984000 rms  0.669  0.111% neg 0  invalid 762 tFOTS 0.0000 tGradient 1.8960 tsec 2.1890
#GCMRL#   98 dt  73.984000 rms  0.668  0.102% neg 0  invalid 762 tFOTS 0.0000 tGradient 1.9060 tsec 2.1880
#GCMRL#   99 dt  73.984000 rms  0.667  0.099% neg 0  invalid 762 tFOTS 0.0000 tGradient 1.9260 tsec 2.2030
#GCMRL#  100 dt  73.984000 rms  0.667  0.094% neg 0  invalid 762 tFOTS 0.0000 tGradient 2.0140 tsec 2.2930
#GCMRL#  101 dt  73.984000 rms  0.666  0.090% neg 0  invalid 762 tFOTS 0.0000 tGradient 2.0200 tsec 2.3100
#GCMRL#  102 dt  73.984000 rms  0.665  0.080% neg 0  invalid 762 tFOTS 0.0000 tGradient 1.9160 tsec 2.1990
#GCMRL#  103 dt  73.984000 rms  0.665  0.077% neg 0  invalid 762 tFOTS 0.0000 tGradient 1.8780 tsec 2.1570
#GCMRL#  104 dt  73.984000 rms  0.664  0.079% neg 0  invalid 762 tFOTS 0.0000 tGradient 1.8880 tsec 2.1670
#GCMRL#  105 dt  73.984000 rms  0.664  0.078% neg 0  invalid 762 tFOTS 0.0000 tGradient 1.8880 tsec 2.1550
#GCMRL#  106 dt  73.984000 rms  0.663  0.073% neg 0  invalid 762 tFOTS 0.0000 tGradient 1.8750 tsec 2.1390
#GCMRL#  107 dt  73.984000 rms  0.663  0.068% neg 0  invalid 762 tFOTS 0.0000 tGradient 1.8740 tsec 2.1530
#GCMRL#  108 dt  73.984000 rms  0.663  0.060% neg 0  invalid 762 tFOTS 0.0000 tGradient 1.9450 tsec 2.2200
#GCMRL#  109 dt  73.984000 rms  0.662  0.054% neg 0  invalid 762 tFOTS 0.0000 tGradient 1.9210 tsec 2.1940
#GCMRL#  110 dt  73.984000 rms  0.662  0.048% neg 0  invalid 762 tFOTS 0.0000 tGradient 1.8660 tsec 2.1350
#GCMRL#  111 dt  73.984000 rms  0.662  0.046% neg 0  invalid 762 tFOTS 0.0000 tGradient 1.8820 tsec 2.1570
#GCMRL#  112 dt  73.984000 rms  0.661  0.046% neg 0  invalid 762 tFOTS 0.0000 tGradient 1.8500 tsec 2.1170
#GCMRL#  113 dt  73.984000 rms  0.661  0.045% neg 0  invalid 762 tFOTS 0.0000 tGradient 1.9140 tsec 2.1890
#GCMRL#  114 dt  73.984000 rms  0.661  0.044% neg 0  invalid 762 tFOTS 0.0000 tGradient 1.9630 tsec 2.2690
#GCMRL#  115 dt  73.984000 rms  0.660  0.040% neg 0  invalid 762 tFOTS 0.0000 tGradient 1.9930 tsec 2.2990
#GCMRL#  116 dt  73.984000 rms  0.660  0.038% neg 0  invalid 762 tFOTS 0.0000 tGradient 1.9830 tsec 2.2950
#GCMRL#  117 dt  73.984000 rms  0.660  0.038% neg 0  invalid 762 tFOTS 0.0000 tGradient 1.9470 tsec 2.2190
#GCMRL#  118 dt  73.984000 rms  0.660  0.041% neg 0  invalid 762 tFOTS 0.0000 tGradient 1.8080 tsec 2.0760
#GCMRL#  119 dt  73.984000 rms  0.659  0.040% neg 0  invalid 762 tFOTS 0.0000 tGradient 1.8880 tsec 2.1630
#GCMRL#  120 dt  73.984000 rms  0.659  0.040% neg 0  invalid 762 tFOTS 0.0000 tGradient 1.8150 tsec 2.0840
#GCMRL#  121 dt  73.984000 rms  0.659  0.039% neg 0  invalid 762 tFOTS 0.0000 tGradient 1.8460 tsec 2.1080
#GCMRL#  122 dt  73.984000 rms  0.659  0.036% neg 0  invalid 762 tFOTS 0.0000 tGradient 1.8250 tsec 2.0920
#GCMRL#  123 dt  73.984000 rms  0.658  0.034% neg 0  invalid 762 tFOTS 0.0000 tGradient 1.9180 tsec 2.2370
#GCMRL#  124 dt  73.984000 rms  0.658  0.039% neg 0  invalid 762 tFOTS 0.0000 tGradient 1.9390 tsec 2.2450
#GCMRL#  125 dt  73.984000 rms  0.658  0.038% neg 0  invalid 762 tFOTS 0.0000 tGradient 1.9670 tsec 2.2660
#GCMRL#  126 dt  73.984000 rms  0.658  0.035% neg 0  invalid 762 tFOTS 0.0000 tGradient 1.9330 tsec 2.2060
#GCMRL#  127 dt  73.984000 rms  0.657  0.033% neg 0  invalid 762 tFOTS 0.0000 tGradient 1.8310 tsec 2.0960
#GCMRL#  128 dt  73.984000 rms  0.657  0.031% neg 0  invalid 762 tFOTS 0.0000 tGradient 1.8900 tsec 2.1620
#GCMRL#  129 dt  73.984000 rms  0.657  0.031% neg 0  invalid 762 tFOTS 0.0000 tGradient 1.9570 tsec 2.2700
#GCMRL#  130 dt  73.984000 rms  0.657  0.032% neg 0  invalid 762 tFOTS 0.0000 tGradient 2.3010 tsec 2.5930
#GCMRL#  131 dt  73.984000 rms  0.657  0.035% neg 0  invalid 762 tFOTS 0.0000 tGradient 1.9540 tsec 2.2750
#GCMRL#  132 dt  73.984000 rms  0.656  0.033% neg 0  invalid 762 tFOTS 0.0000 tGradient 1.9680 tsec 2.2710
#GCMRL#  133 dt  73.984000 rms  0.656  0.032% neg 0  invalid 762 tFOTS 0.0000 tGradient 1.9340 tsec 2.2420
#GCMRL#  134 dt  73.984000 rms  0.656  0.031% neg 0  invalid 762 tFOTS 0.0000 tGradient 1.9530 tsec 2.2740
#GCMRL#  135 dt  73.984000 rms  0.656  0.030% neg 0  invalid 762 tFOTS 0.0000 tGradient 1.9780 tsec 2.2990
#GCMRL#  136 dt  73.984000 rms  0.656  0.028% neg 0  invalid 762 tFOTS 0.0000 tGradient 1.9740 tsec 2.3100
#GCMRL#  137 dt  73.984000 rms  0.655  0.027% neg 0  invalid 762 tFOTS 0.0000 tGradient 1.9660 tsec 2.2820
#GCMRL#  138 dt  73.984000 rms  0.655  0.025% neg 0  invalid 762 tFOTS 0.0000 tGradient 1.9950 tsec 2.3080
#GCMRL#  139 dt  73.984000 rms  0.655  0.024% neg 0  invalid 762 tFOTS 0.0000 tGradient 2.0310 tsec 2.3900
#FOTS# QuadFit found better minimum quadopt=(dt=2071.55,rms=0.654451) vs oldopt=(dt=1479.68,rms=0.654498)
#GCMRL#  140 dt 2071.552000 rms  0.654  0.097% neg 0  invalid 762 tFOTS 4.7020 tGradient 2.0000 tsec 7.0310
#FOTS# QuadFit found better minimum quadopt=(dt=32.368,rms=0.654353) vs oldopt=(dt=23.12,rms=0.65438)
#GCMRL#  141 dt  32.368000 rms  0.654  0.000% neg 0  invalid 762 tFOTS 4.8550 tGradient 2.0150 tsec 7.2360
#GCMRL#  142 dt  32.368000 rms  0.654  0.003% neg 0  invalid 762 tFOTS 0.0000 tGradient 2.2670 tsec 2.5660

#GCAMreg# pass 0 level1 5 level2 1 tsec 227.709 sigma 0.5
l_jacobian=1.00 l_label=1.00 l_log_likelihood=0.20 l_smoothness=0.01 
tol=5.00e-02, dt=5.00e-02, exp_k=20.0, momentum=0.90, levels=6, niter=500, lbl_dist=10.00, avgs=256, sigma=0.5,type=2, relabel=0, neg=no

blurring input image with Gaussian with sigma=0.500...
GCAMRegisterLevel(): init RMS 0.654591
#FOTS# QuadFit found better minimum quadopt=(dt=295.936,rms=0.652885) vs oldopt=(dt=369.92,rms=0.652966)
#GCMRL#  144 dt 295.936000 rms  0.653  0.261% neg 0  invalid 762 tFOTS 4.8230 tGradient 2.0480 tsec 7.2060
#FOTS# QuadFit found better minimum quadopt=(dt=221.952,rms=0.651921) vs oldopt=(dt=369.92,rms=0.652217)
#GCMRL#  145 dt 221.952000 rms  0.652  0.148% neg 0  invalid 762 tFOTS 4.7840 tGradient 2.0450 tsec 7.1840
#GCMRL#  146 dt  92.480000 rms  0.652  0.000% neg 0  invalid 762 tFOTS 4.8150 tGradient 2.0120 tsec 7.1910
#GCMRL#  147 dt  92.480000 rms  0.652  0.023% neg 0  invalid 762 tFOTS 0.0000 tGradient 1.9590 tsec 2.2820
#GCMRL#  148 dt  92.480000 rms  0.651  0.030% neg 0  invalid 762 tFOTS 0.0000 tGradient 2.0820 tsec 2.4080
#GCMRL#  149 dt  92.480000 rms  0.651  0.037% neg 0  invalid 762 tFOTS 0.0000 tGradient 2.0270 tsec 2.3530
#GCMRL#  150 dt  92.480000 rms  0.651  0.041% neg 0  invalid 762 tFOTS 0.0000 tGradient 1.9700 tsec 2.2980
#GCMRL#  151 dt  92.480000 rms  0.651  0.038% neg 0  invalid 762 tFOTS 0.0000 tGradient 2.0410 tsec 2.3850
#GCMRL#  152 dt  92.480000 rms  0.651  0.033% neg 0  invalid 762 tFOTS 0.0000 tGradient 2.0360 tsec 2.3590
#GCMRL#  153 dt  92.480000 rms  0.650  0.027% neg 0  invalid 762 tFOTS 0.0000 tGradient 2.0230 tsec 2.3410
#GCMRL#  154 dt  92.480000 rms  0.650  0.029% neg 0  invalid 762 tFOTS 0.0000 tGradient 2.0010 tsec 2.3240
#GCMRL#  155 dt  92.480000 rms  0.650  0.032% neg 0  invalid 762 tFOTS 0.0000 tGradient 2.3910 tsec 2.7180
#GCMRL#  156 dt  92.480000 rms  0.650  0.033% neg 0  invalid 762 tFOTS 0.0000 tGradient 2.0280 tsec 2.3690
#GCMRL#  157 dt  92.480000 rms  0.650  0.032% neg 0  invalid 762 tFOTS 0.0000 tGradient 2.0470 tsec 2.3960
#GCMRL#  158 dt  92.480000 rms  0.649  0.030% neg 0  invalid 762 tFOTS 0.0000 tGradient 2.0750 tsec 2.4170
#GCMRL#  159 dt  92.480000 rms  0.649  0.025% neg 0  invalid 762 tFOTS 0.0000 tGradient 2.0740 tsec 2.4110
#GCMRL#  160 dt  92.480000 rms  0.649  0.029% neg 0  invalid 762 tFOTS 0.0000 tGradient 2.0090 tsec 2.3450
#GCMRL#  161 dt  92.480000 rms  0.649  0.028% neg 0  invalid 762 tFOTS 0.0000 tGradient 2.0070 tsec 2.3420
#GCMRL#  162 dt  92.480000 rms  0.649  0.028% neg 0  invalid 762 tFOTS 0.0000 tGradient 2.0090 tsec 2.3410
#GCMRL#  163 dt  92.480000 rms  0.648  0.027% neg 0  invalid 762 tFOTS 0.0000 tGradient 2.1050 tsec 2.4330
#GCMRL#  164 dt  92.480000 rms  0.648  0.028% neg 0  invalid 762 tFOTS 0.0000 tGradient 2.0110 tsec 2.3480
#GCMRL#  165 dt  92.480000 rms  0.648  0.026% neg 0  invalid 762 tFOTS 0.0000 tGradient 1.9930 tsec 2.3240
#GCMRL#  166 dt  92.480000 rms  0.648  0.023% neg 0  invalid 762 tFOTS 0.0000 tGradient 1.9580 tsec 2.2840
#GCMRL#  167 dt  92.480000 rms  0.648  0.020% neg 0  invalid 762 tFOTS 0.0000 tGradient 1.9720 tsec 2.3270
#FOTS# QuadFit found better minimum quadopt=(dt=2071.55,rms=0.647511) vs oldopt=(dt=1479.68,rms=0.647546)
#GCMRL#  168 dt 2071.552000 rms  0.648  0.046% neg 0  invalid 762 tFOTS 5.2850 tGradient 1.9610 tsec 7.5890
#FOTS# QuadFit found better minimum quadopt=(dt=129.472,rms=0.647429) vs oldopt=(dt=92.48,rms=0.647443)
#GCMRL#  169 dt 129.472000 rms  0.647  0.000% neg 0  invalid 762 tFOTS 5.3360 tGradient 1.9860 tsec 7.6960
#GCMRL#  170 dt 129.472000 rms  0.647  0.002% neg 0  invalid 762 tFOTS 0.0000 tGradient 1.9520 tsec 2.2950
#GCMRL#  171 dt 129.472000 rms  0.647  0.008% neg 0  invalid 762 tFOTS 0.0000 tGradient 1.9800 tsec 2.3180
#GCMRL#  172 dt 129.472000 rms  0.647  0.008% neg 0  invalid 762 tFOTS 0.0000 tGradient 2.1120 tsec 2.4440
#GCMRL#  173 dt 129.472000 rms  0.647  0.012% neg 0  invalid 762 tFOTS 0.0000 tGradient 2.1170 tsec 2.6740
#GCMRL#  174 dt 129.472000 rms  0.647  0.019% neg 0  invalid 762 tFOTS 0.0000 tGradient 2.0370 tsec 2.3560
setting smoothness cost coefficient to 0.031

#GCAMreg# pass 0 level1 4 level2 0 tsec 0 sigma 2
l_jacobian=1.00 l_label=1.00 l_log_likelihood=0.20 l_smoothness=0.03 
tol=5.00e-02, dt=5.00e-02, exp_k=20.0, momentum=0.90, levels=6, niter=500, lbl_dist=10.00, avgs=64, sigma=2.0,type=2, relabel=0, neg=no

blurring input image with Gaussian with sigma=2.000...
GCAMRegisterLevel(): init RMS 0.648627
#FOTS# QuadFit found better minimum quadopt=(dt=90.2222,rms=0.646038) vs oldopt=(dt=103.68,rms=0.646093)
#GCMRL#  176 dt  90.222222 rms  0.646  0.399% neg 0  invalid 762 tFOTS 4.6520 tGradient 1.6960 tsec 6.6950
#GCMRL#  177 dt 414.720000 rms  0.634  1.801% neg 0  invalid 762 tFOTS 4.3580 tGradient 1.6670 tsec 6.3570
#FOTS# QuadFit found better minimum quadopt=(dt=71.8491,rms=0.631046) vs oldopt=(dt=25.92,rms=0.631978)
#GCMRL#  178 dt  71.849057 rms  0.631  0.529% neg 0  invalid 762 tFOTS 4.6710 tGradient 1.7130 tsec 6.7170
#FOTS# QuadFit found better minimum quadopt=(dt=145.152,rms=0.626008) vs oldopt=(dt=103.68,rms=0.626966)
#GCMRL#  179 dt 145.152000 rms  0.626  0.798% neg 0  invalid 762 tFOTS 4.3640 tGradient 1.7470 tsec 6.4510
#FOTS# QuadFit found better minimum quadopt=(dt=36.288,rms=0.625158) vs oldopt=(dt=25.92,rms=0.625337)
#GCMRL#  180 dt  36.288000 rms  0.625  0.136% neg 0  invalid 762 tFOTS 4.3250 tGradient 1.6680 tsec 6.3350
#FOTS# QuadFit found better minimum quadopt=(dt=331.776,rms=0.622618) vs oldopt=(dt=414.72,rms=0.622971)
#GCMRL#  181 dt 331.776000 rms  0.623  0.406% neg 0  invalid 762 tFOTS 4.6040 tGradient 1.7050 tsec 6.6490
#FOTS# QuadFit found better minimum quadopt=(dt=82.7198,rms=0.618112) vs oldopt=(dt=103.68,rms=0.618397)
#GCMRL#  182 dt  82.719755 rms  0.618  0.724% neg 0  invalid 762 tFOTS 4.6650 tGradient 1.6420 tsec 6.6360
#FOTS# QuadFit found better minimum quadopt=(dt=36.288,rms=0.617617) vs oldopt=(dt=25.92,rms=0.617699)
#GCMRL#  183 dt  36.288000 rms  0.618  0.080% neg 0  invalid 762 tFOTS 4.2060 tGradient 1.5000 tsec 6.0360
#FOTS# QuadFit found better minimum quadopt=(dt=248.832,rms=0.616049) vs oldopt=(dt=414.72,rms=0.6164)
#GCMRL#  184 dt 248.832000 rms  0.616  0.254% neg 0  invalid 762 tFOTS 4.4840 tGradient 1.5520 tsec 6.3620
#FOTS# QuadFit found better minimum quadopt=(dt=97.4118,rms=0.613477) vs oldopt=(dt=103.68,rms=0.613493)
#GCMRL#  185 dt  97.411765 rms  0.613  0.417% neg 0  invalid 762 tFOTS 4.4610 tGradient 1.5930 tsec 6.3760
#FOTS# QuadFit found better minimum quadopt=(dt=36.288,rms=0.613015) vs oldopt=(dt=25.92,rms=0.613089)
#GCMRL#  186 dt  36.288000 rms  0.613  0.075% neg 0  invalid 762 tFOTS 4.2070 tGradient 1.5710 tsec 6.0910
#FOTS# QuadFit found better minimum quadopt=(dt=145.152,rms=0.612187) vs oldopt=(dt=103.68,rms=0.612306)
#GCMRL#  187 dt 145.152000 rms  0.612  0.135% neg 0  invalid 762 tFOTS 4.6390 tGradient 1.5930 tsec 6.5870
#FOTS# QuadFit found better minimum quadopt=(dt=124.416,rms=0.610613) vs oldopt=(dt=103.68,rms=0.610634)
#GCMRL#  188 dt 124.416000 rms  0.611  0.257% neg 0  invalid 762 tFOTS 4.6170 tGradient 1.7730 tsec 6.7310
#FOTS# QuadFit found better minimum quadopt=(dt=36.288,rms=0.61001) vs oldopt=(dt=25.92,rms=0.610116)
#GCMRL#  189 dt  36.288000 rms  0.610  0.099% neg 0  invalid 762 tFOTS 4.3600 tGradient 1.6190 tsec 6.3130
#FOTS# QuadFit found better minimum quadopt=(dt=145.152,rms=0.609375) vs oldopt=(dt=103.68,rms=0.609438)
#GCMRL#  190 dt 145.152000 rms  0.609  0.104% neg 0  invalid 762 tFOTS 4.5490 tGradient 1.5970 tsec 6.4770
#GCMRL#  191 dt 103.680000 rms  0.608  0.231% neg 0  invalid 762 tFOTS 4.1880 tGradient 1.6750 tsec 6.1930
#FOTS# QuadFit found better minimum quadopt=(dt=36.288,rms=0.607576) vs oldopt=(dt=25.92,rms=0.607652)
#GCMRL#  192 dt  36.288000 rms  0.608  0.065% neg 0  invalid 762 tFOTS 4.2340 tGradient 1.5780 tsec 6.1360
#FOTS# QuadFit found better minimum quadopt=(dt=248.832,rms=0.606594) vs oldopt=(dt=414.72,rms=0.60675)
#GCMRL#  193 dt 248.832000 rms  0.607  0.162% neg 0  invalid 762 tFOTS 4.5060 tGradient 1.6680 tsec 6.5070
#FOTS# QuadFit found better minimum quadopt=(dt=82.944,rms=0.605195) vs oldopt=(dt=103.68,rms=0.605258)
#GCMRL#  194 dt  82.944000 rms  0.605  0.231% neg 0  invalid 762 tFOTS 4.5140 tGradient 1.6450 tsec 6.4800
#FOTS# QuadFit found better minimum quadopt=(dt=62.208,rms=0.604764) vs oldopt=(dt=103.68,rms=0.604892)
#GCMRL#  195 dt  62.208000 rms  0.605  0.071% neg 0  invalid 762 tFOTS 4.5420 tGradient 1.6580 tsec 6.5510
#GCMRL#  196 dt 414.720000 rms  0.603  0.288% neg 0  invalid 762 tFOTS 4.8840 tGradient 1.7180 tsec 7.0030
#FOTS# QuadFit found better minimum quadopt=(dt=36.288,rms=0.60183) vs oldopt=(dt=25.92,rms=0.602062)
#GCMRL#  197 dt  36.288000 rms  0.602  0.197% neg 0  invalid 762 tFOTS 4.8670 tGradient 1.7670 tsec 6.9620
#FOTS# QuadFit found better minimum quadopt=(dt=124.416,rms=0.601378) vs oldopt=(dt=103.68,rms=0.601382)
#GCMRL#  198 dt 124.416000 rms  0.601  0.075% neg 0  invalid 762 tFOTS 4.8310 tGradient 1.7340 tsec 6.9090
#FOTS# QuadFit found better minimum quadopt=(dt=124.416,rms=0.600668) vs oldopt=(dt=103.68,rms=0.600678)
#GCMRL#  199 dt 124.416000 rms  0.601  0.118% neg 0  invalid 762 tFOTS 4.8900 tGradient 1.9640 tsec 7.2120
#FOTS# QuadFit found better minimum quadopt=(dt=62.208,rms=0.600087) vs oldopt=(dt=103.68,rms=0.600265)
#GCMRL#  200 dt  62.208000 rms  0.600  0.097% neg 0  invalid 762 tFOTS 4.4470 tGradient 1.6790 tsec 6.4790
#FOTS# QuadFit found better minimum quadopt=(dt=82.944,rms=0.599837) vs oldopt=(dt=103.68,rms=0.599852)
#GCMRL#  201 dt  82.944000 rms  0.600  0.000% neg 0  invalid 762 tFOTS 4.6660 tGradient 1.7370 tsec 6.7680
#GCMRL#  202 dt  82.944000 rms  0.599  0.111% neg 0  invalid 762 tFOTS 0.0000 tGradient 1.7570 tsec 2.0490
#GCMRL#  203 dt  82.944000 rms  0.598  0.118% neg 0  invalid 762 tFOTS 0.0000 tGradient 1.7860 tsec 2.0910
#GCMRL#  204 dt  82.944000 rms  0.598  0.112% neg 0  invalid 762 tFOTS 0.0000 tGradient 1.7290 tsec 2.0280
#GCMRL#  205 dt  82.944000 rms  0.596  0.291% neg 0  invalid 762 tFOTS 0.0000 tGradient 1.6860 tsec 1.9730
#GCMRL#  206 dt  82.944000 rms  0.594  0.262% neg 0  invalid 762 tFOTS 0.0000 tGradient 1.6590 tsec 1.9460
#GCMRL#  207 dt  82.944000 rms  0.593  0.247% neg 0  invalid 762 tFOTS 0.0000 tGradient 1.7070 tsec 1.9960
#GCMRL#  208 dt  82.944000 rms  0.592  0.214% neg 0  invalid 762 tFOTS 0.0000 tGradient 1.7260 tsec 2.0210
#GCMRL#  209 dt  82.944000 rms  0.590  0.322% neg 0  invalid 762 tFOTS 0.0000 tGradient 1.7260 tsec 2.0110
#GCMRL#  210 dt  82.944000 rms  0.588  0.269% neg 0  invalid 762 tFOTS 0.0000 tGradient 1.7090 tsec 2.0590
#GCMRL#  211 dt  82.944000 rms  0.587  0.220% neg 0  invalid 762 tFOTS 0.0000 tGradient 1.8370 tsec 2.1280
#GCMRL#  212 dt  82.944000 rms  0.586  0.196% neg 0  invalid 762 tFOTS 0.0000 tGradient 1.6340 tsec 1.9210
#GCMRL#  213 dt  82.944000 rms  0.584  0.293% neg 0  invalid 762 tFOTS 0.0000 tGradient 1.7560 tsec 2.0500
#GCMRL#  214 dt  82.944000 rms  0.583  0.233% neg 0  invalid 762 tFOTS 0.0000 tGradient 1.7250 tsec 2.0160
#GCMRL#  215 dt  82.944000 rms  0.582  0.170% neg 0  invalid 762 tFOTS 0.0000 tGradient 1.7460 tsec 2.0460
#GCMRL#  216 dt  82.944000 rms  0.581  0.171% neg 0  invalid 762 tFOTS 0.0000 tGradient 1.7050 tsec 2.0020
#GCMRL#  217 dt  82.944000 rms  0.579  0.232% neg 0  invalid 762 tFOTS 0.0000 tGradient 1.6620 tsec 1.9450
#GCMRL#  218 dt  82.944000 rms  0.578  0.207% neg 0  invalid 762 tFOTS 0.0000 tGradient 1.6940 tsec 1.9820
#GCMRL#  219 dt  82.944000 rms  0.577  0.137% neg 0  invalid 762 tFOTS 0.0000 tGradient 1.7160 tsec 1.9990
#GCMRL#  220 dt  82.944000 rms  0.577  0.155% neg 0  invalid 762 tFOTS 0.0000 tGradient 1.7130 tsec 2.0070
#GCMRL#  221 dt  82.944000 rms  0.576  0.169% neg 0  invalid 762 tFOTS 0.0000 tGradient 1.7770 tsec 2.0550
#GCMRL#  222 dt  82.944000 rms  0.575  0.167% neg 0  invalid 762 tFOTS 0.0000 tGradient 1.6290 tsec 1.9140
#GCMRL#  223 dt  82.944000 rms  0.574  0.112% neg 0  invalid 762 tFOTS 0.0000 tGradient 1.6380 tsec 1.9150
#GCMRL#  224 dt  82.944000 rms  0.573  0.143% neg 0  invalid 762 tFOTS 0.0000 tGradient 1.7230 tsec 2.0120
#GCMRL#  225 dt  82.944000 rms  0.572  0.114% neg 0  invalid 762 tFOTS 0.0000 tGradient 1.6400 tsec 1.9190
#GCMRL#  226 dt  82.944000 rms  0.572  0.141% neg 0  invalid 762 tFOTS 0.0000 tGradient 1.6320 tsec 1.9130
#GCMRL#  227 dt  82.944000 rms  0.571  0.111% neg 0  invalid 762 tFOTS 0.0000 tGradient 1.6760 tsec 1.9560
#GCMRL#  228 dt  82.944000 rms  0.570  0.129% neg 0  invalid 762 tFOTS 0.0000 tGradient 1.6700 tsec 1.9570
#GCMRL#  229 dt  82.944000 rms  0.570  0.095% neg 0  invalid 762 tFOTS 0.0000 tGradient 1.6940 tsec 1.9900
#GCMRL#  230 dt  82.944000 rms  0.569  0.073% neg 0  invalid 762 tFOTS 0.0000 tGradient 1.7170 tsec 2.0080
#GCMRL#  231 dt  82.944000 rms  0.569  0.115% neg 0  invalid 762 tFOTS 0.0000 tGradient 1.6640 tsec 1.9640
#GCMRL#  232 dt  82.944000 rms  0.568  0.110% neg 0  invalid 762 tFOTS 0.0000 tGradient 1.8050 tsec 2.0970
#GCMRL#  233 dt  82.944000 rms  0.568  0.050% neg 0  invalid 762 tFOTS 0.0000 tGradient 1.6690 tsec 1.9550
#GCMRL#  234 dt  82.944000 rms  0.568  0.048% neg 0  invalid 762 tFOTS 0.0000 tGradient 1.7220 tsec 2.0120
#GCMRL#  235 dt  82.944000 rms  0.567  0.077% neg 0  invalid 762 tFOTS 0.0000 tGradient 1.7220 tsec 2.0120
#GCMRL#  236 dt  82.944000 rms  0.567  0.078% neg 0  invalid 762 tFOTS 0.0000 tGradient 1.7010 tsec 1.9920
#GCMRL#  237 dt  82.944000 rms  0.566  0.040% neg 0  invalid 762 tFOTS 0.0000 tGradient 1.7010 tsec 1.9870
#GCMRL#  238 dt  82.944000 rms  0.566  0.064% neg 0  invalid 762 tFOTS 0.0000 tGradient 1.6620 tsec 1.9670
#GCMRL#  239 dt  82.944000 rms  0.566  0.090% neg 0  invalid 762 tFOTS 0.0000 tGradient 1.7400 tsec 2.0270
#GCMRL#  240 dt  82.944000 rms  0.565  0.049% neg 0  invalid 762 tFOTS 0.0000 tGradient 1.7210 tsec 2.0030
#GCMRL#  241 dt  82.944000 rms  0.565  0.011% neg 0  invalid 762 tFOTS 0.0000 tGradient 1.7340 tsec 2.0290
#GCMRL#  242 dt  82.944000 rms  0.565  0.058% neg 0  invalid 762 tFOTS 0.0000 tGradient 1.7060 tsec 1.9970
#GCMRL#  243 dt  82.944000 rms  0.564  0.085% neg 0  invalid 762 tFOTS 0.0000 tGradient 1.6730 tsec 1.9670
#GCMRL#  244 dt  82.944000 rms  0.564  0.050% neg 0  invalid 762 tFOTS 0.0000 tGradient 1.6850 tsec 1.9810
#GCMRL#  245 dt  82.944000 rms  0.564  0.029% neg 0  invalid 762 tFOTS 0.0000 tGradient 1.7070 tsec 2.0070
#GCMRL#  246 dt  82.944000 rms  0.564  0.035% neg 0  invalid 762 tFOTS 0.0000 tGradient 1.6980 tsec 1.9960
#GCMRL#  247 dt  82.944000 rms  0.563  0.042% neg 0  invalid 762 tFOTS 0.0000 tGradient 1.6900 tsec 1.9940
#GCMRL#  248 dt  82.944000 rms  0.563  0.073% neg 0  invalid 762 tFOTS 0.0000 tGradient 1.7130 tsec 2.0420
#GCMRL#  249 dt  82.944000 rms  0.563  0.043% neg 0  invalid 762 tFOTS 0.0000 tGradient 2.0850 tsec 2.4200
#GCMRL#  250 dt  82.944000 rms  0.563  0.037% neg 0  invalid 762 tFOTS 0.0000 tGradient 2.0050 tsec 2.3120
#GCMRL#  251 dt  82.944000 rms  0.562  0.032% neg 0  invalid 762 tFOTS 0.0000 tGradient 2.0100 tsec 2.3160
#GCMRL#  252 dt  82.944000 rms  0.562  0.042% neg 0  invalid 762 tFOTS 0.0000 tGradient 1.6490 tsec 1.9510
#GCMRL#  253 dt  82.944000 rms  0.562  0.048% neg 0  invalid 762 tFOTS 0.0000 tGradient 1.6860 tsec 1.9930
#GCMRL#  254 dt  82.944000 rms  0.562  0.045% neg 0  invalid 762 tFOTS 0.0000 tGradient 1.6870 tsec 1.9820
#GCMRL#  255 dt  82.944000 rms  0.562  0.031% neg 0  invalid 762 tFOTS 0.0000 tGradient 1.6660 tsec 1.9670
#GCMRL#  256 dt  82.944000 rms  0.561  0.036% neg 0  invalid 762 tFOTS 0.0000 tGradient 1.7150 tsec 2.0070
#GCMRL#  257 dt  82.944000 rms  0.561  0.050% neg 0  invalid 762 tFOTS 0.0000 tGradient 1.6940 tsec 1.9970
#GCMRL#  258 dt  82.944000 rms  0.561  0.042% neg 0  invalid 762 tFOTS 0.0000 tGradient 1.6950 tsec 1.9850
#GCMRL#  259 dt  82.944000 rms  0.561  0.017% neg 0  invalid 762 tFOTS 0.0000 tGradient 1.7150 tsec 2.0000
#GCMRL#  260 dt  82.944000 rms  0.561  0.026% neg 0  invalid 762 tFOTS 0.0000 tGradient 1.6670 tsec 1.9590
#GCMRL#  261 dt  82.944000 rms  0.560  0.050% neg 0  invalid 762 tFOTS 0.0000 tGradient 1.6580 tsec 1.9570
#GCMRL#  262 dt  82.944000 rms  0.560  0.023% neg 0  invalid 762 tFOTS 0.0000 tGradient 1.7130 tsec 2.0050
#GCMRL#  263 dt  82.944000 rms  0.560 -0.009% neg 0  invalid 762 tFOTS 0.0000 tGradient 1.7100 tsec 2.2610
#GCMRL#  264 dt   0.001582 rms  0.560  0.000% neg 0  invalid 762 tFOTS 6.7550 tGradient 1.6870 tsec 8.7940

#GCAMreg# pass 0 level1 4 level2 1 tsec 319.341 sigma 0.5
l_jacobian=1.00 l_label=1.00 l_log_likelihood=0.20 l_smoothness=0.03 
tol=5.00e-02, dt=5.00e-02, exp_k=20.0, momentum=0.90, levels=6, niter=500, lbl_dist=10.00, avgs=64, sigma=0.5,type=2, relabel=0, neg=no

blurring input image with Gaussian with sigma=0.500...
GCAMRegisterLevel(): init RMS 0.560603
#FOTS# QuadFit found better minimum quadopt=(dt=152.338,rms=0.557104) vs oldopt=(dt=103.68,rms=0.557368)
#GCMRL#  266 dt 152.338028 rms  0.557  0.624% neg 0  invalid 762 tFOTS 5.3150 tGradient 1.6910 tsec 7.3550
#FOTS# QuadFit found better minimum quadopt=(dt=36.288,rms=0.556564) vs oldopt=(dt=25.92,rms=0.556676)
#GCMRL#  267 dt  36.288000 rms  0.557  0.097% neg 0  invalid 762 tFOTS 4.6110 tGradient 1.6700 tsec 6.6240
#FOTS# QuadFit found better minimum quadopt=(dt=124.416,rms=0.556084) vs oldopt=(dt=103.68,rms=0.556103)
#GCMRL#  268 dt 124.416000 rms  0.556  0.086% neg 0  invalid 762 tFOTS 4.7380 tGradient 1.7220 tsec 6.7950
#FOTS# QuadFit found better minimum quadopt=(dt=145.152,rms=0.555515) vs oldopt=(dt=103.68,rms=0.555594)
#GCMRL#  269 dt 145.152000 rms  0.556  0.102% neg 0  invalid 762 tFOTS 4.5960 tGradient 1.6840 tsec 6.6120
#FOTS# QuadFit found better minimum quadopt=(dt=36.288,rms=0.55536) vs oldopt=(dt=25.92,rms=0.555394)
#GCMRL#  270 dt  36.288000 rms  0.555  0.000% neg 0  invalid 762 tFOTS 4.8540 tGradient 1.6890 tsec 6.8860
#GCMRL#  271 dt  36.288000 rms  0.555  0.017% neg 0  invalid 762 tFOTS 0.0000 tGradient 1.6480 tsec 1.9310
#GCMRL#  272 dt  36.288000 rms  0.555  0.029% neg 0  invalid 762 tFOTS 0.0000 tGradient 1.6760 tsec 1.9660
#GCMRL#  273 dt  36.288000 rms  0.555  0.035% neg 0  invalid 762 tFOTS 0.0000 tGradient 1.6920 tsec 1.9800
#GCMRL#  274 dt  36.288000 rms  0.555  0.043% neg 0  invalid 762 tFOTS 0.0000 tGradient 1.6700 tsec 1.9590
#GCMRL#  275 dt  36.288000 rms  0.554  0.056% neg 0  invalid 762 tFOTS 0.0000 tGradient 1.6370 tsec 1.9240
#GCMRL#  276 dt  36.288000 rms  0.554  0.052% neg 0  invalid 762 tFOTS 0.0000 tGradient 1.6630 tsec 1.9550
#GCMRL#  277 dt  36.288000 rms  0.554  0.046% neg 0  invalid 762 tFOTS 0.0000 tGradient 1.6520 tsec 1.9450
#GCMRL#  278 dt  36.288000 rms  0.554  0.045% neg 0  invalid 762 tFOTS 0.0000 tGradient 1.6590 tsec 1.9480
#GCMRL#  279 dt  36.288000 rms  0.553  0.035% neg 0  invalid 762 tFOTS 0.0000 tGradient 1.6750 tsec 1.9570
#GCMRL#  280 dt  36.288000 rms  0.553  0.036% neg 0  invalid 762 tFOTS 0.0000 tGradient 1.7070 tsec 1.9940
#GCMRL#  281 dt  36.288000 rms  0.553  0.037% neg 0  invalid 762 tFOTS 0.0000 tGradient 1.6460 tsec 1.9340
#GCMRL#  282 dt  36.288000 rms  0.553  0.036% neg 0  invalid 762 tFOTS 0.0000 tGradient 1.6630 tsec 1.9490
#GCMRL#  283 dt  36.288000 rms  0.553  0.033% neg 0  invalid 762 tFOTS 0.0000 tGradient 1.6510 tsec 1.9500
#GCMRL#  284 dt  36.288000 rms  0.552  0.030% neg 0  invalid 762 tFOTS 0.0000 tGradient 1.8030 tsec 2.1100
#GCMRL#  285 dt  36.288000 rms  0.552  0.029% neg 0  invalid 762 tFOTS 0.0000 tGradient 1.7790 tsec 2.0920
#GCMRL#  286 dt  36.288000 rms  0.552  0.027% neg 0  invalid 762 tFOTS 0.0000 tGradient 1.6670 tsec 1.9720
#GCMRL#  287 dt  36.288000 rms  0.552  0.037% neg 0  invalid 762 tFOTS 0.0000 tGradient 1.6990 tsec 2.0000
#GCMRL#  288 dt  36.288000 rms  0.552  0.029% neg 0  invalid 762 tFOTS 0.0000 tGradient 1.6850 tsec 1.9900
#GCMRL#  289 dt  36.288000 rms  0.552  0.033% neg 0  invalid 762 tFOTS 0.0000 tGradient 1.6590 tsec 1.9640
#GCMRL#  290 dt  36.288000 rms  0.551  0.028% neg 0  invalid 762 tFOTS 0.0000 tGradient 1.8630 tsec 2.2240
#GCMRL#  291 dt  36.288000 rms  0.551  0.026% neg 0  invalid 762 tFOTS 0.0000 tGradient 1.7520 tsec 2.0590
#GCMRL#  292 dt  36.288000 rms  0.551  0.029% neg 0  invalid 762 tFOTS 0.0000 tGradient 1.6830 tsec 1.9860
#GCMRL#  293 dt  36.288000 rms  0.551  0.025% neg 0  invalid 762 tFOTS 0.0000 tGradient 1.7110 tsec 2.0140
#GCMRL#  294 dt  36.288000 rms  0.551  0.022% neg 0  invalid 762 tFOTS 0.0000 tGradient 1.6910 tsec 1.9950
#GCMRL#  295 dt  36.288000 rms  0.551  0.029% neg 0  invalid 762 tFOTS 0.0000 tGradient 1.7160 tsec 2.0190
#GCMRL#  296 dt  36.288000 rms  0.551  0.027% neg 0  invalid 762 tFOTS 0.0000 tGradient 1.6960 tsec 2.0000
#GCMRL#  297 dt  36.288000 rms  0.550  0.024% neg 0  invalid 762 tFOTS 0.0000 tGradient 1.7140 tsec 2.0150
#GCMRL#  298 dt  36.288000 rms  0.550  0.020% neg 0  invalid 762 tFOTS 0.0000 tGradient 1.6470 tsec 1.9740
#FOTS# QuadFit found better minimum quadopt=(dt=145.152,rms=0.550213) vs oldopt=(dt=103.68,rms=0.550219)
#GCMRL#  299 dt 145.152000 rms  0.550  0.000% neg 0  invalid 762 tFOTS 4.8050 tGradient 1.6870 tsec 6.8670
setting smoothness cost coefficient to 0.118

#GCAMreg# pass 0 level1 3 level2 0 tsec 0 sigma 2
l_jacobian=1.00 l_label=1.00 l_log_likelihood=0.20 l_smoothness=0.12 
tol=5.00e-02, dt=5.00e-02, exp_k=20.0, momentum=0.90, levels=6, niter=500, lbl_dist=10.00, avgs=16, sigma=2.0,type=2, relabel=0, neg=no

blurring input image with Gaussian with sigma=2.000...
GCAMRegisterLevel(): init RMS 0.562895
#FOTS# QuadFit found better minimum quadopt=(dt=11.2,rms=0.56199) vs oldopt=(dt=8,rms=0.562075)
#GCMRL#  301 dt  11.200000 rms  0.562  0.161% neg 0  invalid 762 tFOTS 4.8380 tGradient 1.4960 tsec 6.6810
#FOTS# QuadFit found better minimum quadopt=(dt=11.2,rms=0.561655) vs oldopt=(dt=8,rms=0.561718)
#GCMRL#  302 dt  11.200000 rms  0.562  0.060% neg 0  invalid 762 tFOTS 4.8270 tGradient 1.4920 tsec 6.6730
#FOTS# QuadFit found better minimum quadopt=(dt=11.2,rms=0.561379) vs oldopt=(dt=8,rms=0.561437)
#GCMRL#  303 dt  11.200000 rms  0.561  0.000% neg 0  invalid 762 tFOTS 4.9220 tGradient 1.4920 tsec 6.7670
#GCMRL#  304 dt  11.200000 rms  0.561  0.057% neg 0  invalid 762 tFOTS 0.0000 tGradient 1.4980 tsec 1.8070
#GCMRL#  305 dt  11.200000 rms  0.561  0.062% neg 0  invalid 762 tFOTS 0.0000 tGradient 1.4660 tsec 1.7690
#GCMRL#  306 dt  11.200000 rms  0.560  0.058% neg 0  invalid 762 tFOTS 0.0000 tGradient 1.5300 tsec 1.8310
#GCMRL#  307 dt  11.200000 rms  0.560  0.075% neg 0  invalid 762 tFOTS 0.0000 tGradient 1.5060 tsec 1.8170
#GCMRL#  308 dt  11.200000 rms  0.559  0.136% neg 0  invalid 762 tFOTS 0.0000 tGradient 1.5960 tsec 1.9600
#GCMRL#  309 dt  11.200000 rms  0.558  0.239% neg 0  invalid 762 tFOTS 0.0000 tGradient 1.5500 tsec 1.8610
#GCMRL#  310 dt  11.200000 rms  0.557  0.202% neg 0  invalid 762 tFOTS 0.0000 tGradient 1.5290 tsec 2.0210
#GCMRL#  311 dt  11.200000 rms  0.555  0.358% neg 0  invalid 762 tFOTS 0.0000 tGradient 1.4530 tsec 1.7570
#GCMRL#  312 dt  11.200000 rms  0.552  0.439% neg 0  invalid 762 tFOTS 0.0000 tGradient 1.4530 tsec 1.7660
#GCMRL#  313 dt  11.200000 rms  0.550  0.441% neg 0  invalid 762 tFOTS 0.0000 tGradient 1.4530 tsec 1.7560
#GCMRL#  314 dt  11.200000 rms  0.548  0.402% neg 0  invalid 762 tFOTS 0.0000 tGradient 1.4660 tsec 1.7950
#GCMRL#  315 dt  11.200000 rms  0.546  0.354% neg 0  invalid 762 tFOTS 0.0000 tGradient 1.8450 tsec 2.2340
#GCMRL#  316 dt  11.200000 rms  0.544  0.300% neg 0  invalid 762 tFOTS 0.0000 tGradient 1.8490 tsec 2.2240
#GCMRL#  317 dt  11.200000 rms  0.543  0.248% neg 0  invalid 762 tFOTS 0.0000 tGradient 1.4950 tsec 1.8080
#GCMRL#  318 dt  11.200000 rms  0.542  0.220% neg 0  invalid 762 tFOTS 0.0000 tGradient 1.4390 tsec 1.7440
#GCMRL#  319 dt  11.200000 rms  0.540  0.204% neg 0  invalid 762 tFOTS 0.0000 tGradient 1.4040 tsec 1.7220
#GCMRL#  320 dt  11.200000 rms  0.539  0.202% neg 0  invalid 762 tFOTS 0.0000 tGradient 1.4320 tsec 1.7360
#GCMRL#  321 dt  11.200000 rms  0.538  0.213% neg 0  invalid 762 tFOTS 0.0000 tGradient 1.4760 tsec 1.7760
#GCMRL#  322 dt  11.200000 rms  0.538  0.051% neg 0  invalid 762 tFOTS 0.0000 tGradient 1.4790 tsec 1.9680
#GCMRL#  323 dt  11.200000 rms  0.538  0.081% neg 0  invalid 762 tFOTS 0.0000 tGradient 1.4250 tsec 1.7260
#GCMRL#  324 dt  11.200000 rms  0.537  0.095% neg 0  invalid 762 tFOTS 0.0000 tGradient 1.4320 tsec 1.7440
#GCMRL#  325 dt  11.200000 rms  0.536  0.106% neg 0  invalid 762 tFOTS 0.0000 tGradient 1.4390 tsec 1.7540
#GCMRL#  326 dt  11.200000 rms  0.536  0.107% neg 0  invalid 762 tFOTS 0.0000 tGradient 1.4400 tsec 1.7390
#GCMRL#  327 dt  11.200000 rms  0.535  0.094% neg 0  invalid 762 tFOTS 0.0000 tGradient 1.5130 tsec 1.8250
#GCMRL#  328 dt  11.200000 rms  0.535  0.088% neg 0  invalid 762 tFOTS 0.0000 tGradient 1.5300 tsec 1.8400
#GCMRL#  329 dt  11.200000 rms  0.534  0.083% neg 0  invalid 762 tFOTS 0.0000 tGradient 1.4950 tsec 1.8160
#GCMRL#  330 dt  11.200000 rms  0.534  0.092% neg 0  invalid 762 tFOTS 0.0000 tGradient 1.3900 tsec 1.6920
#GCMRL#  331 dt  11.200000 rms  0.533  0.106% neg 0  invalid 762 tFOTS 0.0000 tGradient 1.4000 tsec 1.7000
#GCMRL#  332 dt  11.200000 rms  0.533  0.128% neg 0  invalid 762 tFOTS 0.0000 tGradient 1.4050 tsec 1.6980
#GCMRL#  333 dt  11.200000 rms  0.532  0.156% neg 0  invalid 762 tFOTS 0.0000 tGradient 1.4620 tsec 1.7510
#GCMRL#  334 dt  11.200000 rms  0.531  0.165% neg 0  invalid 762 tFOTS 0.0000 tGradient 1.3940 tsec 1.7180
#GCMRL#  335 dt  11.200000 rms  0.530  0.155% neg 0  invalid 762 tFOTS 0.0000 tGradient 1.7400 tsec 2.0400
#GCMRL#  336 dt  11.200000 rms  0.529  0.147% neg 0  invalid 762 tFOTS 0.0000 tGradient 1.5340 tsec 1.8480
#GCMRL#  337 dt  11.200000 rms  0.529  0.136% neg 0  invalid 762 tFOTS 0.0000 tGradient 1.4930 tsec 1.7970
#GCMRL#  338 dt  11.200000 rms  0.529  0.003% neg 0  invalid 762 tFOTS 0.0000 tGradient 1.3830 tsec 1.8420
#GCMRL#  339 dt  11.200000 rms  0.529  0.011% neg 0  invalid 762 tFOTS 0.0000 tGradient 1.4390 tsec 1.7330
#GCMRL#  340 dt  11.200000 rms  0.528  0.018% neg 0  invalid 762 tFOTS 0.0000 tGradient 1.4660 tsec 1.7760
#GCMRL#  341 dt  11.200000 rms  0.528  0.031% neg 0  invalid 762 tFOTS 0.0000 tGradient 1.4510 tsec 1.7620
#GCMRL#  342 dt  11.200000 rms  0.528  0.035% neg 0  invalid 762 tFOTS 0.0000 tGradient 1.5340 tsec 1.8440
#GCMRL#  343 dt  11.200000 rms  0.528  0.037% neg 0  invalid 762 tFOTS 0.0000 tGradient 1.4510 tsec 1.7780
#GCMRL#  344 dt  11.200000 rms  0.528  0.047% neg 0  invalid 762 tFOTS 0.0000 tGradient 1.6090 tsec 1.9550
#GCMRL#  345 dt  11.200000 rms  0.527  0.054% neg 0  invalid 762 tFOTS 0.0000 tGradient 1.4740 tsec 1.7890
#GCMRL#  346 dt  11.200000 rms  0.527  0.061% neg 0  invalid 762 tFOTS 0.0000 tGradient 1.5690 tsec 1.9270
#GCMRL#  347 dt  11.200000 rms  0.527  0.064% neg 0  invalid 762 tFOTS 0.0000 tGradient 1.5520 tsec 1.8820
#GCMRL#  348 dt  11.200000 rms  0.526  0.064% neg 0  invalid 762 tFOTS 0.0000 tGradient 1.5590 tsec 1.9150
#GCMRL#  349 dt  11.200000 rms  0.526  0.060% neg 0  invalid 762 tFOTS 0.0000 tGradient 1.5550 tsec 1.8890
#GCMRL#  350 dt  11.200000 rms  0.526  0.059% neg 0  invalid 762 tFOTS 0.0000 tGradient 1.5760 tsec 1.9770
#GCMRL#  351 dt  11.200000 rms  0.526  0.011% neg 0  invalid 762 tFOTS 0.0000 tGradient 1.5590 tsec 2.0380
#GCMRL#  352 dt  11.200000 rms  0.526  0.012% neg 0  invalid 762 tFOTS 0.0000 tGradient 1.5640 tsec 1.8950
#GCMRL#  353 dt  11.200000 rms  0.526  0.018% neg 0  invalid 762 tFOTS 0.0000 tGradient 1.5470 tsec 1.8700
#GCMRL#  354 dt  11.200000 rms  0.525  0.028% neg 0  invalid 762 tFOTS 0.0000 tGradient 1.5390 tsec 1.8730
#GCMRL#  355 dt  11.200000 rms  0.525  0.041% neg 0  invalid 762 tFOTS 0.0000 tGradient 1.5650 tsec 1.9110
#GCMRL#  356 dt  11.200000 rms  0.525  0.043% neg 0  invalid 762 tFOTS 0.0000 tGradient 1.6110 tsec 1.9570
#GCMRL#  357 dt  11.200000 rms  0.525  0.040% neg 0  invalid 762 tFOTS 0.0000 tGradient 1.4480 tsec 1.7500
#GCMRL#  358 dt  11.200000 rms  0.525  0.030% neg 0  invalid 762 tFOTS 0.0000 tGradient 1.4680 tsec 1.7720
#GCMRL#  359 dt  11.200000 rms  0.524  0.029% neg 0  invalid 762 tFOTS 0.0000 tGradient 1.5370 tsec 1.8590
#GCMRL#  360 dt  11.200000 rms  0.524  0.042% neg 0  invalid 762 tFOTS 0.0000 tGradient 1.6260 tsec 1.9610
#GCMRL#  361 dt  11.200000 rms  0.524  0.049% neg 0  invalid 762 tFOTS 0.0000 tGradient 1.6070 tsec 1.9420
#GCMRL#  362 dt  11.200000 rms  0.524  0.055% neg 0  invalid 762 tFOTS 0.0000 tGradient 1.5860 tsec 1.9330
#GCMRL#  363 dt  11.200000 rms  0.523  0.059% neg 0  invalid 762 tFOTS 0.0000 tGradient 1.5910 tsec 1.9330
#GCMRL#  364 dt  11.200000 rms  0.523  0.052% neg 0  invalid 762 tFOTS 0.0000 tGradient 1.5850 tsec 1.9280
#GCMRL#  365 dt  11.200000 rms  0.523  0.048% neg 0  invalid 762 tFOTS 0.0000 tGradient 1.5660 tsec 1.9140
#GCMRL#  366 dt  11.200000 rms  0.523  0.047% neg 0  invalid 762 tFOTS 0.0000 tGradient 1.7400 tsec 2.0840
#GCMRL#  367 dt  11.200000 rms  0.522  0.045% neg 0  invalid 762 tFOTS 0.0000 tGradient 1.5590 tsec 1.9040
#GCMRL#  368 dt  11.200000 rms  0.522  0.052% neg 0  invalid 762 tFOTS 0.0000 tGradient 1.5470 tsec 1.8790
#GCMRL#  369 dt  11.200000 rms  0.522  0.053% neg 0  invalid 762 tFOTS 0.0000 tGradient 1.6030 tsec 1.9480
#GCMRL#  370 dt  11.200000 rms  0.522  0.057% neg 0  invalid 762 tFOTS 0.0000 tGradient 1.5720 tsec 1.9180
#GCMRL#  371 dt  11.200000 rms  0.521  0.044% neg 0  invalid 762 tFOTS 0.0000 tGradient 1.5880 tsec 1.9290
#GCMRL#  372 dt  11.200000 rms  0.521  0.041% neg 0  invalid 762 tFOTS 0.0000 tGradient 1.4660 tsec 1.7880
#GCMRL#  373 dt  11.200000 rms  0.521  0.032% neg 0  invalid 762 tFOTS 0.0000 tGradient 1.5770 tsec 1.9010
#GCMRL#  374 dt  11.200000 rms  0.521  0.040% neg 0  invalid 762 tFOTS 0.0000 tGradient 1.4690 tsec 1.7780
#GCMRL#  375 dt  11.200000 rms  0.520  0.048% neg 0  invalid 762 tFOTS 0.0000 tGradient 1.4470 tsec 1.7460
#GCMRL#  376 dt  11.200000 rms  0.520  0.052% neg 0  invalid 762 tFOTS 0.0000 tGradient 1.4490 tsec 1.7580
#GCMRL#  377 dt  11.200000 rms  0.520  0.046% neg 0  invalid 762 tFOTS 0.0000 tGradient 1.5630 tsec 1.8830
#GCMRL#  378 dt  11.200000 rms  0.520  0.035% neg 0  invalid 762 tFOTS 0.0000 tGradient 1.5200 tsec 1.8280
#GCMRL#  379 dt  11.200000 rms  0.520  0.027% neg 0  invalid 762 tFOTS 0.0000 tGradient 1.4700 tsec 1.7840
#GCMRL#  380 dt  11.200000 rms  0.520  0.026% neg 0  invalid 762 tFOTS 0.0000 tGradient 1.4460 tsec 1.7440
#GCMRL#  381 dt  11.200000 rms  0.519  0.032% neg 0  invalid 762 tFOTS 0.0000 tGradient 1.4870 tsec 1.7940
#GCMRL#  382 dt  11.200000 rms  0.519  0.043% neg 0  invalid 762 tFOTS 0.0000 tGradient 1.4880 tsec 1.7920
#GCMRL#  383 dt  11.200000 rms  0.519  0.037% neg 0  invalid 762 tFOTS 0.0000 tGradient 1.7510 tsec 2.1290
#GCMRL#  384 dt  11.200000 rms  0.519  0.040% neg 0  invalid 762 tFOTS 0.0000 tGradient 1.7290 tsec 2.0910
#GCMRL#  385 dt  11.200000 rms  0.519  0.030% neg 0  invalid 762 tFOTS 0.0000 tGradient 1.6280 tsec 1.9830
#GCMRL#  386 dt  11.200000 rms  0.518  0.020% neg 0  invalid 762 tFOTS 0.0000 tGradient 1.5690 tsec 1.9130
#GCMRL#  387 dt  11.200000 rms  0.518  0.021% neg 0  invalid 762 tFOTS 0.0000 tGradient 1.5460 tsec 1.8850
#GCMRL#  388 dt  11.200000 rms  0.518  0.025% neg 0  invalid 762 tFOTS 0.0000 tGradient 1.4680 tsec 1.8110
#GCMRL#  389 dt  11.200000 rms  0.518  0.036% neg 0  invalid 762 tFOTS 0.0000 tGradient 1.5950 tsec 1.9270
#GCMRL#  390 dt  11.200000 rms  0.518  0.035% neg 0  invalid 762 tFOTS 0.0000 tGradient 1.5010 tsec 1.8380
#GCMRL#  391 dt  11.200000 rms  0.518  0.033% neg 0  invalid 762 tFOTS 0.0000 tGradient 1.4940 tsec 1.8370
#GCMRL#  392 dt  11.200000 rms  0.518  0.015% neg 0  invalid 762 tFOTS 0.0000 tGradient 1.5000 tsec 1.8380
#GCMRL#  393 dt  11.200000 rms  0.518  0.018% neg 0  invalid 762 tFOTS 0.0000 tGradient 1.4890 tsec 1.8270
#GCMRL#  394 dt  11.200000 rms  0.517  0.014% neg 0  invalid 762 tFOTS 0.0000 tGradient 1.5810 tsec 1.9770
#FOTS# QuadFit found better minimum quadopt=(dt=44.8,rms=0.517202) vs oldopt=(dt=32,rms=0.517245)
#GCMRL#  395 dt  44.800000 rms  0.517  0.047% neg 0  invalid 762 tFOTS 4.6180 tGradient 1.6850 tsec 6.6460

#GCAMreg# pass 0 level1 3 level2 1 tsec 210.746 sigma 0.5
l_jacobian=1.00 l_label=1.00 l_log_likelihood=0.20 l_smoothness=0.12 
tol=5.00e-02, dt=5.00e-02, exp_k=20.0, momentum=0.90, levels=6, niter=500, lbl_dist=10.00, avgs=16, sigma=0.5,type=2, relabel=0, neg=no

blurring input image with Gaussian with sigma=0.500...
GCAMRegisterLevel(): init RMS 0.517571
#FOTS# QuadFit found better minimum quadopt=(dt=44.8,rms=0.514811) vs oldopt=(dt=32,rms=0.515022)
#GCMRL#  397 dt  44.800000 rms  0.515  0.533% neg 0  invalid 762 tFOTS 4.8160 tGradient 1.4880 tsec 6.6470
#FOTS# QuadFit found better minimum quadopt=(dt=25.6,rms=0.514159) vs oldopt=(dt=32,rms=0.514233)
#GCMRL#  398 dt  25.600000 rms  0.514  0.127% neg 0  invalid 762 tFOTS 4.7780 tGradient 1.4720 tsec 6.6090
#FOTS# QuadFit found better minimum quadopt=(dt=19.2,rms=0.513962) vs oldopt=(dt=32,rms=0.514015)
#GCMRL#  399 dt  19.200000 rms  0.514  0.000% neg 0  invalid 762 tFOTS 4.8190 tGradient 1.4900 tsec 6.6890
#GCMRL#  400 dt  19.200000 rms  0.514  0.045% neg 0  invalid 762 tFOTS 0.0000 tGradient 1.4760 tsec 1.7920
#GCMRL#  401 dt  19.200000 rms  0.514  0.042% neg 0  invalid 762 tFOTS 0.0000 tGradient 1.4270 tsec 1.7500
#GCMRL#  402 dt  19.200000 rms  0.513  0.038% neg 0  invalid 762 tFOTS 0.0000 tGradient 1.4960 tsec 1.8240
#GCMRL#  403 dt  19.200000 rms  0.513  0.022% neg 0  invalid 762 tFOTS 0.0000 tGradient 1.5420 tsec 1.8380
#GCMRL#  404 dt  19.200000 rms  0.513  0.034% neg 0  invalid 762 tFOTS 0.0000 tGradient 1.4400 tsec 1.7660
#GCMRL#  405 dt  19.200000 rms  0.513  0.008% neg 0  invalid 762 tFOTS 0.0000 tGradient 1.4540 tsec 1.7880
#GCMRL#  406 dt  19.200000 rms  0.513  0.014% neg 0  invalid 762 tFOTS 0.0000 tGradient 1.4170 tsec 1.7190
#GCMRL#  407 dt  19.200000 rms  0.513  0.040% neg 0  invalid 762 tFOTS 0.0000 tGradient 1.5000 tsec 1.8290
#GCMRL#  408 dt  19.200000 rms  0.512  0.056% neg 0  invalid 762 tFOTS 0.0000 tGradient 1.5110 tsec 1.8380
#GCMRL#  409 dt  19.200000 rms  0.512  0.068% neg 0  invalid 762 tFOTS 0.0000 tGradient 1.4480 tsec 1.7490
#GCMRL#  410 dt  19.200000 rms  0.512  0.072% neg 0  invalid 762 tFOTS 0.0000 tGradient 1.3610 tsec 1.6460
#GCMRL#  411 dt  19.200000 rms  0.511  0.066% neg 0  invalid 762 tFOTS 0.0000 tGradient 1.3720 tsec 1.6630
#GCMRL#  412 dt  19.200000 rms  0.511  0.080% neg 0  invalid 762 tFOTS 0.0000 tGradient 1.4110 tsec 1.6930
#GCMRL#  413 dt  19.200000 rms  0.511  0.088% neg 0  invalid 762 tFOTS 0.0000 tGradient 1.4140 tsec 1.7050
#GCMRL#  414 dt  19.200000 rms  0.510  0.078% neg 0  invalid 762 tFOTS 0.0000 tGradient 1.4090 tsec 1.7000
#GCMRL#  415 dt  19.200000 rms  0.510  0.064% neg 0  invalid 762 tFOTS 0.0000 tGradient 1.3990 tsec 1.6820
#GCMRL#  416 dt  19.200000 rms  0.510  0.050% neg 0  invalid 762 tFOTS 0.0000 tGradient 1.4390 tsec 1.7590
#GCMRL#  417 dt  19.200000 rms  0.509  0.056% neg 0  invalid 762 tFOTS 0.0000 tGradient 1.4090 tsec 1.7090
#GCMRL#  418 dt  19.200000 rms  0.509  0.047% neg 0  invalid 762 tFOTS 0.0000 tGradient 1.4460 tsec 1.7590
#GCMRL#  419 dt  19.200000 rms  0.509  0.039% neg 0  invalid 762 tFOTS 0.0000 tGradient 1.4400 tsec 1.7320
#GCMRL#  420 dt  19.200000 rms  0.509  0.016% neg 0  invalid 762 tFOTS 0.0000 tGradient 1.3770 tsec 1.6720
#GCMRL#  421 dt  19.200000 rms  0.509  0.037% neg 0  invalid 762 tFOTS 0.0000 tGradient 1.3760 tsec 1.6650
#GCMRL#  422 dt  19.200000 rms  0.508  0.045% neg 0  invalid 762 tFOTS 0.0000 tGradient 1.3720 tsec 1.6580
#GCMRL#  423 dt  19.200000 rms  0.508  0.028% neg 0  invalid 762 tFOTS 0.0000 tGradient 1.3750 tsec 1.6610
#GCMRL#  424 dt  19.200000 rms  0.508  0.029% neg 0  invalid 762 tFOTS 0.0000 tGradient 1.4040 tsec 1.7080
#GCMRL#  425 dt  19.200000 rms  0.508  0.052% neg 0  invalid 762 tFOTS 0.0000 tGradient 1.4370 tsec 1.7290
#GCMRL#  426 dt  19.200000 rms  0.508  0.044% neg 0  invalid 762 tFOTS 0.0000 tGradient 1.4060 tsec 1.7250
#GCMRL#  427 dt  19.200000 rms  0.507  0.033% neg 0  invalid 762 tFOTS 0.0000 tGradient 1.4500 tsec 1.7460
#GCMRL#  428 dt  19.200000 rms  0.507  0.027% neg 0  invalid 762 tFOTS 0.0000 tGradient 1.4160 tsec 1.7160
#GCMRL#  429 dt  19.200000 rms  0.507  0.038% neg 0  invalid 762 tFOTS 0.0000 tGradient 1.3740 tsec 1.6710
#GCMRL#  430 dt  19.200000 rms  0.507  0.038% neg 0  invalid 762 tFOTS 0.0000 tGradient 1.3780 tsec 1.6730
#GCMRL#  431 dt  19.200000 rms  0.507  0.030% neg 0  invalid 762 tFOTS 0.0000 tGradient 1.4490 tsec 1.7920
#GCMRL#  432 dt  19.200000 rms  0.507  0.022% neg 0  invalid 762 tFOTS 0.0000 tGradient 1.6930 tsec 2.0360
#GCMRL#  433 dt  19.200000 rms  0.506  0.024% neg 0  invalid 762 tFOTS 0.0000 tGradient 1.6440 tsec 1.9940
#GCMRL#  434 dt  19.200000 rms  0.506  0.030% neg 0  invalid 762 tFOTS 0.0000 tGradient 1.6860 tsec 2.0430
#GCMRL#  435 dt  19.200000 rms  0.506  0.026% neg 0  invalid 762 tFOTS 0.0000 tGradient 1.4460 tsec 1.7380
#GCMRL#  436 dt  19.200000 rms  0.506  0.019% neg 0  invalid 762 tFOTS 0.0000 tGradient 1.5010 tsec 1.8100
#GCMRL#  437 dt  19.200000 rms  0.506  0.030% neg 0  invalid 762 tFOTS 0.0000 tGradient 1.5480 tsec 1.8590
#GCMRL#  438 dt  19.200000 rms  0.506  0.027% neg 0  invalid 762 tFOTS 0.0000 tGradient 1.4560 tsec 1.7740
#GCMRL#  439 dt  19.200000 rms  0.506  0.021% neg 0  invalid 762 tFOTS 0.0000 tGradient 1.4870 tsec 1.7990
#GCMRL#  440 dt  19.200000 rms  0.506  0.023% neg 0  invalid 762 tFOTS 0.0000 tGradient 1.4900 tsec 1.8090
#GCMRL#  441 dt  19.200000 rms  0.505  0.028% neg 0  invalid 762 tFOTS 0.0000 tGradient 1.4320 tsec 1.7480
#GCMRL#  442 dt  19.200000 rms  0.505  0.018% neg 0  invalid 762 tFOTS 0.0000 tGradient 1.5110 tsec 1.8320
#GCMRL#  443 dt  19.200000 rms  0.505  0.021% neg 0  invalid 762 tFOTS 0.0000 tGradient 1.5180 tsec 1.8290
#GCMRL#  444 dt  19.200000 rms  0.505  0.025% neg 0  invalid 762 tFOTS 0.0000 tGradient 1.4840 tsec 1.8030
#GCMRL#  445 dt  19.200000 rms  0.505  0.023% neg 0  invalid 762 tFOTS 0.0000 tGradient 1.4690 tsec 1.7910
#GCMRL#  446 dt  19.200000 rms  0.505  0.020% neg 0  invalid 762 tFOTS 0.0000 tGradient 1.4460 tsec 1.7530
#FOTS# QuadFit found better minimum quadopt=(dt=25.6,rms=0.504848) vs oldopt=(dt=32,rms=0.50485)
#GCMRL#  447 dt  25.600000 rms  0.505  0.000% neg 0  invalid 762 tFOTS 4.5720 tGradient 1.4860 tsec 6.4050
#GCMRL#  448 dt  25.600000 rms  0.505  0.008% neg 0  invalid 762 tFOTS 0.0000 tGradient 1.5110 tsec 1.8290
#GCMRL#  449 dt  25.600000 rms  0.505  0.001% neg 0  invalid 762 tFOTS 0.0000 tGradient 1.4800 tsec 1.7710
#GCMRL#  450 dt  25.600000 rms  0.505  0.006% neg 0  invalid 762 tFOTS 0.0000 tGradient 1.4850 tsec 1.8120
#GCMRL#  451 dt  25.600000 rms  0.505  0.006% neg 0  invalid 762 tFOTS 0.0000 tGradient 1.5270 tsec 1.8360
#GCMRL#  452 dt  25.600000 rms  0.505  0.013% neg 0  invalid 762 tFOTS 0.0000 tGradient 1.4690 tsec 1.7710
setting smoothness cost coefficient to 0.400

#GCAMreg# pass 0 level1 2 level2 0 tsec 0 sigma 2
l_jacobian=1.00 l_label=1.00 l_log_likelihood=0.20 l_smoothness=0.40 
tol=5.00e-02, dt=5.00e-02, exp_k=20.0, momentum=0.90, levels=6, niter=500, lbl_dist=10.00, avgs=4, sigma=2.0,type=2, relabel=0, neg=no

blurring input image with Gaussian with sigma=2.000...
GCAMRegisterLevel(): init RMS 0.528804
#GCMRL#  454 dt   0.000000 rms  0.528  0.078% neg 0  invalid 762 tFOTS 4.5670 tGradient 1.4060 tsec 6.3070
#GCMRL#  455 dt   0.150000 rms  0.528  0.000% neg 0  invalid 762 tFOTS 4.6250 tGradient 1.4150 tsec 6.6360

#GCAMreg# pass 0 level1 2 level2 1 tsec 22.972 sigma 0.5
l_jacobian=1.00 l_label=1.00 l_log_likelihood=0.20 l_smoothness=0.40 
tol=5.00e-02, dt=5.00e-02, exp_k=20.0, momentum=0.90, levels=6, niter=500, lbl_dist=10.00, avgs=4, sigma=0.5,type=2, relabel=0, neg=no

blurring input image with Gaussian with sigma=0.500...
GCAMRegisterLevel(): init RMS 0.528804
#GCMRL#  457 dt   0.000000 rms  0.528  0.078% neg 0  invalid 762 tFOTS 4.4700 tGradient 1.4420 tsec 6.2690
#GCMRL#  458 dt   0.150000 rms  0.528  0.000% neg 0  invalid 762 tFOTS 4.1580 tGradient 1.4350 tsec 6.1700
setting smoothness cost coefficient to 1.000

#GCAMreg# pass 0 level1 1 level2 0 tsec 0 sigma 2
l_jacobian=1.00 l_label=1.00 l_log_likelihood=0.20 l_smoothness=1.00 
tol=5.00e-02, dt=5.00e-02, exp_k=20.0, momentum=0.90, levels=6, niter=500, lbl_dist=10.00, avgs=1, sigma=2.0,type=2, relabel=0, neg=no

blurring input image with Gaussian with sigma=2.000...
GCAMRegisterLevel(): init RMS 0.575991
#FOTS# QuadFit found better minimum quadopt=(dt=1.024,rms=0.573165) vs oldopt=(dt=1.28,rms=0.573296)
#GCMRL#  460 dt   1.024000 rms  0.573  0.491% neg 0  invalid 762 tFOTS 4.0080 tGradient 1.2970 tsec 5.6350
#FOTS# QuadFit found better minimum quadopt=(dt=0.112,rms=0.573149) vs oldopt=(dt=0.08,rms=0.573153)
#GCMRL#  461 dt   0.112000 rms  0.573  0.000% neg 0  invalid 762 tFOTS 4.3040 tGradient 1.2500 tsec 5.9210

#GCAMreg# pass 0 level1 1 level2 1 tsec 21.494 sigma 0.5
l_jacobian=1.00 l_label=1.00 l_log_likelihood=0.20 l_smoothness=1.00 
tol=5.00e-02, dt=5.00e-02, exp_k=20.0, momentum=0.90, levels=6, niter=500, lbl_dist=10.00, avgs=1, sigma=0.5,type=2, relabel=0, neg=no

blurring input image with Gaussian with sigma=0.500...
GCAMRegisterLevel(): init RMS 0.573503
#FOTS# QuadFit found better minimum quadopt=(dt=0.448,rms=0.572833) vs oldopt=(dt=0.32,rms=0.572869)
#GCMRL#  463 dt   0.448000 rms  0.573  0.117% neg 0  invalid 762 tFOTS 4.1700 tGradient 1.2470 tsec 5.7300
#FOTS# QuadFit found better minimum quadopt=(dt=0.112,rms=0.572805) vs oldopt=(dt=0.08,rms=0.572807)
#GCMRL#  464 dt   0.112000 rms  0.573  0.000% neg 0  invalid 762 tFOTS 4.1810 tGradient 1.2960 tsec 5.8370
resetting metric properties...
setting smoothness cost coefficient to 2.000

#GCAMreg# pass 0 level1 0 level2 0 tsec 0 sigma 2
l_jacobian=1.00 l_label=1.00 l_log_likelihood=0.20 l_smoothness=2.00 
tol=5.00e-02, dt=5.00e-02, exp_k=20.0, momentum=0.90, levels=6, niter=500, lbl_dist=10.00, avgs=0, sigma=2.0,type=2, relabel=0, neg=no

blurring input image with Gaussian with sigma=2.000...
GCAMRegisterLevel(): init RMS 0.512822
#FOTS# QuadFit found better minimum quadopt=(dt=0.448,rms=0.497952) vs oldopt=(dt=0.32,rms=0.50192)
#GCMRL#  466 dt   0.448000 rms  0.498  2.900% neg 0  invalid 762 tFOTS 4.0590 tGradient 0.7590 tsec 5.1460
#FOTS# QuadFit found better minimum quadopt=(dt=0.448,rms=0.494974) vs oldopt=(dt=0.32,rms=0.495808)
#GCMRL#  467 dt   0.448000 rms  0.495  0.598% neg 0  invalid 762 tFOTS 4.1300 tGradient 0.8110 tsec 5.2760
#FOTS# QuadFit found better minimum quadopt=(dt=0.384,rms=0.493531) vs oldopt=(dt=0.32,rms=0.493768)
#GCMRL#  468 dt   0.384000 rms  0.494  0.291% neg 0  invalid 762 tFOTS 4.1370 tGradient 0.7980 tsec 5.2860
#FOTS# QuadFit found better minimum quadopt=(dt=0.384,rms=0.492619) vs oldopt=(dt=0.32,rms=0.492768)
#GCMRL#  469 dt   0.384000 rms  0.493  0.185% neg 0  invalid 762 tFOTS 4.1390 tGradient 0.7970 tsec 5.2810
#FOTS# QuadFit found better minimum quadopt=(dt=0.384,rms=0.491933) vs oldopt=(dt=0.32,rms=0.492044)
#GCMRL#  470 dt   0.384000 rms  0.492  0.139% neg 0  invalid 762 tFOTS 4.1470 tGradient 0.7300 tsec 5.2280
#FOTS# QuadFit found better minimum quadopt=(dt=0.384,rms=0.491439) vs oldopt=(dt=0.32,rms=0.49152)
#GCMRL#  471 dt   0.384000 rms  0.491  0.100% neg 0  invalid 762 tFOTS 4.1580 tGradient 0.7050 tsec 5.2070
#FOTS# QuadFit found better minimum quadopt=(dt=0.112,rms=0.491304) vs oldopt=(dt=0.08,rms=0.491341)
#GCMRL#  472 dt   0.112000 rms  0.491  0.000% neg 0  invalid 762 tFOTS 3.9380 tGradient 0.7380 tsec 5.0510
#GCMRL#  473 dt   0.112000 rms  0.491  0.025% neg 0  invalid 762 tFOTS 0.0000 tGradient 0.6780 tsec 1.0450
#GCMRL#  474 dt   0.112000 rms  0.491  0.046% neg 0  invalid 762 tFOTS 0.0000 tGradient 0.7190 tsec 1.0800
#GCMRL#  475 dt   0.112000 rms  0.491  0.060% neg 0  invalid 762 tFOTS 0.0000 tGradient 0.7350 tsec 1.0950
#GCMRL#  476 dt   0.112000 rms  0.490  0.068% neg 0  invalid 762 tFOTS 0.0000 tGradient 0.7200 tsec 1.0730
#GCMRL#  477 dt   0.112000 rms  0.490  0.071% neg 0  invalid 762 tFOTS 0.0000 tGradient 0.6940 tsec 1.0440
#GCMRL#  478 dt   0.112000 rms  0.490  0.074% neg 0  invalid 762 tFOTS 0.0000 tGradient 0.7710 tsec 1.1270
#GCMRL#  479 dt   0.112000 rms  0.489  0.071% neg 0  invalid 762 tFOTS 0.0000 tGradient 0.6970 tsec 1.0640
#GCMRL#  480 dt   0.112000 rms  0.489  0.063% neg 0  invalid 762 tFOTS 0.0000 tGradient 0.7670 tsec 1.1260
#GCMRL#  481 dt   0.112000 rms  0.489  0.057% neg 0  invalid 762 tFOTS 0.0000 tGradient 0.7490 tsec 1.1040
#GCMRL#  482 dt   0.112000 rms  0.488  0.046% neg 0  invalid 762 tFOTS 0.0000 tGradient 0.7520 tsec 1.1070
#GCMRL#  483 dt   0.112000 rms  0.488  0.038% neg 0  invalid 762 tFOTS 0.0000 tGradient 0.7880 tsec 1.1550
#GCMRL#  484 dt   0.112000 rms  0.488  0.029% neg 0  invalid 762 tFOTS 0.0000 tGradient 0.7000 tsec 1.0690
#GCMRL#  485 dt   0.112000 rms  0.488  0.015% neg 0  invalid 762 tFOTS 0.0000 tGradient 0.7810 tsec 1.1410
#GCMRL#  486 dt   0.112000 rms  0.488  0.011% neg 0  invalid 762 tFOTS 0.0000 tGradient 0.6890 tsec 1.0670
#GCMRL#  487 dt   0.050000 rms  0.488  0.000% neg 0  invalid 762 tFOTS 3.6240 tGradient 0.7350 tsec 4.6990

#GCAMreg# pass 0 level1 0 level2 1 tsec 65.821 sigma 0.5
l_jacobian=1.00 l_label=1.00 l_log_likelihood=0.20 l_smoothness=2.00 
tol=5.00e-02, dt=5.00e-02, exp_k=20.0, momentum=0.90, levels=6, niter=500, lbl_dist=10.00, avgs=0, sigma=0.5,type=2, relabel=0, neg=no

blurring input image with Gaussian with sigma=0.500...
GCAMRegisterLevel(): init RMS 0.488471
#FOTS# QuadFit found better minimum quadopt=(dt=0.112,rms=0.486776) vs oldopt=(dt=0.08,rms=0.487124)
#GCMRL#  489 dt   0.112000 rms  0.487  0.347% neg 0  invalid 762 tFOTS 3.7070 tGradient 0.7260 tsec 4.7680
#FOTS# QuadFit found better minimum quadopt=(dt=0.169118,rms=0.485324) vs oldopt=(dt=0.08,rms=0.486079)
#GCMRL#  490 dt   0.169118 rms  0.485  0.298% neg 0  invalid 762 tFOTS 3.8640 tGradient 0.7280 tsec 4.9370
#FOTS# QuadFit found better minimum quadopt=(dt=0.112,rms=0.484688) vs oldopt=(dt=0.08,rms=0.484871)
#GCMRL#  491 dt   0.112000 rms  0.485  0.131% neg 0  invalid 762 tFOTS 3.8760 tGradient 0.7980 tsec 5.0220
#FOTS# QuadFit found better minimum quadopt=(dt=0.112,rms=0.484172) vs oldopt=(dt=0.08,rms=0.484315)
#GCMRL#  492 dt   0.112000 rms  0.484  0.106% neg 0  invalid 762 tFOTS 3.8510 tGradient 0.7920 tsec 4.9850
#FOTS# QuadFit found better minimum quadopt=(dt=0.112,rms=0.483777) vs oldopt=(dt=0.08,rms=0.48389)
#GCMRL#  493 dt   0.112000 rms  0.484  0.082% neg 0  invalid 762 tFOTS 4.0300 tGradient 0.7980 tsec 5.1730
#FOTS# QuadFit found better minimum quadopt=(dt=0.112,rms=0.483462) vs oldopt=(dt=0.08,rms=0.483551)
#GCMRL#  494 dt   0.112000 rms  0.483  0.065% neg 0  invalid 762 tFOTS 3.8780 tGradient 0.7110 tsec 4.9310
#FOTS# QuadFit found better minimum quadopt=(dt=0.112,rms=0.483222) vs oldopt=(dt=0.08,rms=0.483291)
#GCMRL#  495 dt   0.112000 rms  0.483  0.000% neg 0  invalid 762 tFOTS 3.9170 tGradient 0.7330 tsec 5.0160
#GCMRL#  496 dt   0.112000 rms  0.483  0.040% neg 0  invalid 762 tFOTS 0.0000 tGradient 0.6790 tsec 1.0010
#GCMRL#  497 dt   0.112000 rms  0.483  0.068% neg 0  invalid 762 tFOTS 0.0000 tGradient 0.6720 tsec 1.0090
#GCMRL#  498 dt   0.112000 rms  0.482  0.076% neg 0  invalid 762 tFOTS 0.0000 tGradient 0.6350 tsec 0.9540
#GCMRL#  499 dt   0.112000 rms  0.482  0.069% neg 0  invalid 762 tFOTS 0.0000 tGradient 0.6620 tsec 0.9790
#GCMRL#  500 dt   0.112000 rms  0.482  0.042% neg 0  invalid 762 tFOTS 0.0000 tGradient 0.6710 tsec 0.9910
#GCMRL#  501 dt   0.112000 rms  0.482  0.012% neg 0  invalid 762 tFOTS 0.0000 tGradient 0.6550 tsec 0.9790
#GCMRL#  502 dt   0.112000 rms  0.482 -0.019% neg 0  invalid 762 tFOTS 0.0000 tGradient 0.6480 tsec 1.1930
GCAMregister done in 21.1705 min
********************* ALLOWING NEGATIVE NODES IN DEFORMATION********************************
noneg post
Starting GCAMregister()
label assignment complete, 0 changed (0.00%)
npasses = 1, nlevels = 6
#pass# 1 of 1 ************************
enabling zero nodes
setting smoothness cost coefficient to 0.008

#GCAMreg# pass 0 level1 5 level2 0 tsec 0 sigma 2
l_jacobian=1.00 l_label=1.00 l_log_likelihood=0.20 l_smoothness=0.01 
tol=2.50e-01, dt=5.00e-02, exp_k=20.0, momentum=0.90, levels=6, niter=500, lbl_dist=10.00, avgs=256, sigma=2.0,type=2, relabel=0, neg=yes

blurring input image with Gaussian with sigma=2.000...
GCAMRegisterLevel(): init RMS 0.480016
#GCMRL#  504 dt   0.000000 rms  0.480  0.101% neg 0  invalid 762 tFOTS 5.0370 tGradient 1.9180 tsec 7.3080

#GCAMreg# pass 0 level1 5 level2 1 tsec 23.137 sigma 0.5
l_jacobian=1.00 l_label=1.00 l_log_likelihood=0.20 l_smoothness=0.01 
tol=2.50e-01, dt=5.00e-02, exp_k=20.0, momentum=0.90, levels=6, niter=500, lbl_dist=10.00, avgs=256, sigma=0.5,type=2, relabel=0, neg=yes

blurring input image with Gaussian with sigma=0.500...
GCAMRegisterLevel(): init RMS 0.480016
#FOTS# QuadFit found better minimum quadopt=(dt=129.472,rms=0.479279) vs oldopt=(dt=92.48,rms=0.479324)
#GCMRL#  506 dt 129.472000 rms  0.479  0.153% neg 0  invalid 762 tFOTS 5.1820 tGradient 2.0240 tsec 7.5690
#FOTS# QuadFit found better minimum quadopt=(dt=129.472,rms=0.479159) vs oldopt=(dt=92.48,rms=0.479168)
#GCMRL#  507 dt 129.472000 rms  0.479  0.000% neg 0  invalid 762 tFOTS 5.0540 tGradient 2.2050 tsec 7.6300
setting smoothness cost coefficient to 0.031

#GCAMreg# pass 0 level1 4 level2 0 tsec 0 sigma 2
l_jacobian=1.00 l_label=1.00 l_log_likelihood=0.20 l_smoothness=0.03 
tol=2.50e-01, dt=5.00e-02, exp_k=20.0, momentum=0.90, levels=6, niter=500, lbl_dist=10.00, avgs=64, sigma=2.0,type=2, relabel=0, neg=yes

blurring input image with Gaussian with sigma=2.000...
GCAMRegisterLevel(): init RMS 0.479675
#FOTS# QuadFit found better minimum quadopt=(dt=5,rms=0.479188) vs oldopt=(dt=6.48,rms=0.47919)
#GCMRL#  509 dt   5.000000 rms  0.479  0.101% neg 0  invalid 762 tFOTS 5.2800 tGradient 1.6680 tsec 7.2910
#FOTS# QuadFit found better minimum quadopt=(dt=0.972,rms=0.479192) vs oldopt=(dt=1.62,rms=0.479192)

#GCAMreg# pass 0 level1 4 level2 1 tsec 23.261 sigma 0.5
l_jacobian=1.00 l_label=1.00 l_log_likelihood=0.20 l_smoothness=0.03 
tol=2.50e-01, dt=5.00e-02, exp_k=20.0, momentum=0.90, levels=6, niter=500, lbl_dist=10.00, avgs=64, sigma=0.5,type=2, relabel=0, neg=yes

blurring input image with Gaussian with sigma=0.500...
GCAMRegisterLevel(): init RMS 0.479667
#FOTS# QuadFit found better minimum quadopt=(dt=124.416,rms=0.477504) vs oldopt=(dt=103.68,rms=0.477563)
#GCMRL#  511 dt 124.416000 rms  0.478  0.451% neg 0  invalid 762 tFOTS 5.0340 tGradient 1.5920 tsec 6.9790
#FOTS# QuadFit found better minimum quadopt=(dt=31.104,rms=0.477008) vs oldopt=(dt=25.92,rms=0.477017)
#GCMRL#  512 dt  31.104000 rms  0.477  0.000% neg 0  invalid 762 tFOTS 5.8480 tGradient 1.6420 tsec 7.8810
#GCMRL#  513 dt  31.104000 rms  0.477  0.055% neg 0  invalid 762 tFOTS 0.0000 tGradient 1.7000 tsec 2.0500
#GCMRL#  514 dt  31.104000 rms  0.476  0.075% neg 0  invalid 762 tFOTS 0.0000 tGradient 1.6950 tsec 2.0610
#GCMRL#  515 dt  31.104000 rms  0.476  0.088% neg 0  invalid 762 tFOTS 0.0000 tGradient 2.0080 tsec 2.3210
#GCMRL#  516 dt  31.104000 rms  0.476  0.087% neg 0  invalid 762 tFOTS 0.0000 tGradient 1.6320 tsec 1.9850
#GCMRL#  517 dt  31.104000 rms  0.475  0.098% neg 0  invalid 762 tFOTS 0.0000 tGradient 1.6530 tsec 1.9800
#GCMRL#  518 dt  31.104000 rms  0.475  0.095% neg 0  invalid 762 tFOTS 0.0000 tGradient 1.6300 tsec 1.9750
#FOTS# QuadFit found better minimum quadopt=(dt=331.776,rms=0.474217) vs oldopt=(dt=414.72,rms=0.474257)
setting smoothness cost coefficient to 0.118

#GCAMreg# pass 0 level1 3 level2 0 tsec 0 sigma 2
l_jacobian=1.00 l_label=1.00 l_log_likelihood=0.20 l_smoothness=0.12 
tol=2.50e-01, dt=5.00e-02, exp_k=20.0, momentum=0.90, levels=6, niter=500, lbl_dist=10.00, avgs=16, sigma=2.0,type=2, relabel=0, neg=yes

blurring input image with Gaussian with sigma=2.000...
GCAMRegisterLevel(): init RMS 0.475018
#FOTS# QuadFit found better minimum quadopt=(dt=24,rms=0.473171) vs oldopt=(dt=32,rms=0.473363)
#GCMRL#  520 dt  24.000000 rms  0.473  0.389% neg 0  invalid 762 tFOTS 5.6440 tGradient 1.6240 tsec 7.6270
iter 0, gcam->neg = 1
after 2 iterations, nbhd size=0, neg = 0
#GCMRL#  521 dt  32.000000 rms  0.472  0.000% neg 0  invalid 762 tFOTS 5.6450 tGradient 1.5700 tsec 8.9010
#GCMRL#  522 dt  32.000000 rms  0.471  0.283% neg 0  invalid 762 tFOTS 0.0000 tGradient 1.4430 tsec 1.7230
iter 0, gcam->neg = 5
after 3 iterations, nbhd size=0, neg = 0
#GCMRL#  523 dt  32.000000 rms  0.470  0.210% neg 0  invalid 762 tFOTS 0.0000 tGradient 1.3820 tsec 3.1300
iter 0, gcam->neg = 10
after 4 iterations, nbhd size=0, neg = 0
#GCMRL#  524 dt  32.000000 rms  0.470 -0.010% neg 0  invalid 762 tFOTS 0.0000 tGradient 1.3880 tsec 3.6550
#FOTS# QuadFit found better minimum quadopt=(dt=44.8,rms=0.469512) vs oldopt=(dt=32,rms=0.469541)
iter 0, gcam->neg = 2
after 4 iterations, nbhd size=0, neg = 0
#GCMRL#  525 dt  44.800000 rms  0.470  0.113% neg 0  invalid 762 tFOTS 5.5340 tGradient 1.4440 tsec 9.3930
#FOTS# QuadFit found better minimum quadopt=(dt=25.6,rms=0.468889) vs oldopt=(dt=32,rms=0.468965)
iter 0, gcam->neg = 2
after 0 iterations, nbhd size=0, neg = 0
#GCMRL#  526 dt  25.600000 rms  0.469  0.136% neg 0  invalid 762 tFOTS 5.6310 tGradient 1.5210 tsec 8.1800
#FOTS# QuadFit found better minimum quadopt=(dt=19.2,rms=0.468559) vs oldopt=(dt=32,rms=0.468623)
iter 0, gcam->neg = 2
after 0 iterations, nbhd size=0, neg = 0

#GCAMreg# pass 0 level1 3 level2 1 tsec 59.021 sigma 0.5
l_jacobian=1.00 l_label=1.00 l_log_likelihood=0.20 l_smoothness=0.12 
tol=2.50e-01, dt=5.00e-02, exp_k=20.0, momentum=0.90, levels=6, niter=500, lbl_dist=10.00, avgs=16, sigma=0.5,type=2, relabel=0, neg=yes

blurring input image with Gaussian with sigma=0.500...
GCAMRegisterLevel(): init RMS 0.469003
#FOTS# QuadFit found better minimum quadopt=(dt=44.8,rms=0.46368) vs oldopt=(dt=32,rms=0.464076)
iter 0, gcam->neg = 5
after 2 iterations, nbhd size=0, neg = 0
#GCMRL#  528 dt  44.800000 rms  0.464  1.135% neg 0  invalid 762 tFOTS 5.6560 tGradient 1.5010 tsec 8.8420
#FOTS# QuadFit found better minimum quadopt=(dt=22.7368,rms=0.46224) vs oldopt=(dt=32,rms=0.462539)
#GCMRL#  529 dt  22.736842 rms  0.462  0.311% neg 0  invalid 762 tFOTS 5.6410 tGradient 1.5510 tsec 7.5280
#FOTS# QuadFit found better minimum quadopt=(dt=25.6,rms=0.461499) vs oldopt=(dt=32,rms=0.461561)
#GCMRL#  530 dt  25.600000 rms  0.461  0.000% neg 0  invalid 762 tFOTS 5.6020 tGradient 1.5260 tsec 7.5110
#GCMRL#  531 dt  25.600000 rms  0.461  0.142% neg 0  invalid 762 tFOTS 0.0000 tGradient 1.5780 tsec 1.9430
iter 0, gcam->neg = 2
after 0 iterations, nbhd size=0, neg = 0
#GCMRL#  532 dt  25.600000 rms  0.460  0.223% neg 0  invalid 762 tFOTS 0.0000 tGradient 1.5930 tsec 2.5910
#GCMRL#  533 dt  25.600000 rms  0.459  0.177% neg 0  invalid 762 tFOTS 0.0000 tGradient 1.5450 tsec 1.9190
#GCMRL#  534 dt  25.600000 rms  0.458  0.250% neg 0  invalid 762 tFOTS 0.0000 tGradient 1.5370 tsec 1.8500
#GCMRL#  535 dt  25.600000 rms  0.457  0.159% neg 0  invalid 762 tFOTS 0.0000 tGradient 1.5600 tsec 1.9010
#GCMRL#  536 dt  25.600000 rms  0.456  0.207% neg 0  invalid 762 tFOTS 0.0000 tGradient 1.4530 tsec 1.7720
iter 0, gcam->neg = 1
after 1 iterations, nbhd size=0, neg = 0
#GCMRL#  537 dt  25.600000 rms  0.456  0.126% neg 0  invalid 762 tFOTS 0.0000 tGradient 1.4480 tsec 2.7220
#GCMRL#  538 dt  25.600000 rms  0.454  0.244% neg 0  invalid 762 tFOTS 0.0000 tGradient 1.6720 tsec 2.0480
iter 0, gcam->neg = 5
after 3 iterations, nbhd size=0, neg = 0
#GCMRL#  539 dt  25.600000 rms  0.454  0.141% neg 0  invalid 762 tFOTS 0.0000 tGradient 1.4960 tsec 3.3870
iter 0, gcam->neg = 5
after 2 iterations, nbhd size=0, neg = 0
#GCMRL#  540 dt  25.600000 rms  0.453  0.193% neg 0  invalid 762 tFOTS 0.0000 tGradient 1.4790 tsec 3.1290
iter 0, gcam->neg = 7
after 4 iterations, nbhd size=0, neg = 0
#GCMRL#  541 dt  25.600000 rms  0.452  0.106% neg 0  invalid 762 tFOTS 0.0000 tGradient 1.4440 tsec 3.6910
iter 0, gcam->neg = 10
after 4 iterations, nbhd size=0, neg = 0
#GCMRL#  542 dt  25.600000 rms  0.452  0.151% neg 0  invalid 762 tFOTS 0.0000 tGradient 1.4360 tsec 3.7460
iter 0, gcam->neg = 17
after 3 iterations, nbhd size=0, neg = 0
#GCMRL#  543 dt  25.600000 rms  0.451  0.122% neg 0  invalid 762 tFOTS 0.0000 tGradient 1.5110 tsec 3.5020
iter 0, gcam->neg = 7
after 4 iterations, nbhd size=0, neg = 0
#GCMRL#  544 dt  25.600000 rms  0.451  0.083% neg 0  invalid 762 tFOTS 0.0000 tGradient 1.3740 tsec 3.6890
#FOTS# QuadFit found better minimum quadopt=(dt=11.2,rms=0.450621) vs oldopt=(dt=8,rms=0.450666)
#GCMRL#  545 dt  11.200000 rms  0.451  0.000% neg 0  invalid 762 tFOTS 5.1270 tGradient 1.4590 tsec 6.9200
#GCMRL#  546 dt  11.200000 rms  0.451  0.021% neg 0  invalid 762 tFOTS 0.0000 tGradient 1.4570 tsec 1.7900
#GCMRL#  547 dt  11.200000 rms  0.450  0.011% neg 0  invalid 762 tFOTS 0.0000 tGradient 1.4460 tsec 1.7650
#GCMRL#  548 dt  11.200000 rms  0.450  0.019% neg 0  invalid 762 tFOTS 0.0000 tGradient 1.4450 tsec 1.7500
iter 0, gcam->neg = 2
after 0 iterations, nbhd size=0, neg = 0
setting smoothness cost coefficient to 0.400

#GCAMreg# pass 0 level1 2 level2 0 tsec 0 sigma 2
l_jacobian=1.00 l_label=1.00 l_log_likelihood=0.20 l_smoothness=0.40 
tol=2.50e-01, dt=5.00e-02, exp_k=20.0, momentum=0.90, levels=6, niter=500, lbl_dist=10.00, avgs=4, sigma=2.0,type=2, relabel=0, neg=yes

blurring input image with Gaussian with sigma=2.000...
GCAMRegisterLevel(): init RMS 0.455327
#FOTS# QuadFit found better minimum quadopt=(dt=0.144,rms=0.454844) vs oldopt=(dt=0.18,rms=0.454844)
#GCMRL#  550 dt   0.144000 rms  0.455  0.106% neg 0  invalid 762 tFOTS 5.1690 tGradient 1.3600 tsec 6.8780
#FOTS# QuadFit found better minimum quadopt=(dt=0.036,rms=0.45484) vs oldopt=(dt=0.045,rms=0.45484)
#GCMRL#  551 dt   0.036000 rms  0.455  0.000% neg 0  invalid 762 tFOTS 5.0290 tGradient 1.3670 tsec 6.7460
#GCMRL#  552 dt   0.036000 rms  0.455  0.000% neg 0  invalid 762 tFOTS 0.0000 tGradient 1.3310 tsec 1.6250

#GCAMreg# pass 0 level1 2 level2 1 tsec 25.31 sigma 0.5
l_jacobian=1.00 l_label=1.00 l_log_likelihood=0.20 l_smoothness=0.40 
tol=2.50e-01, dt=5.00e-02, exp_k=20.0, momentum=0.90, levels=6, niter=500, lbl_dist=10.00, avgs=4, sigma=0.5,type=2, relabel=0, neg=yes

blurring input image with Gaussian with sigma=0.500...
GCAMRegisterLevel(): init RMS 0.455327
#FOTS# QuadFit found better minimum quadopt=(dt=1.008,rms=0.454818) vs oldopt=(dt=0.72,rms=0.454821)
#GCMRL#  554 dt   1.008000 rms  0.455  0.112% neg 0  invalid 762 tFOTS 5.0300 tGradient 1.3930 tsec 6.7510
#FOTS# QuadFit found better minimum quadopt=(dt=0.864,rms=0.454799) vs oldopt=(dt=0.72,rms=0.454799)
#GCMRL#  555 dt   0.864000 rms  0.455  0.000% neg 0  invalid 762 tFOTS 5.0330 tGradient 1.4170 tsec 6.8160
setting smoothness cost coefficient to 1.000

#GCAMreg# pass 0 level1 1 level2 0 tsec 0 sigma 2
l_jacobian=1.00 l_label=1.00 l_log_likelihood=0.20 l_smoothness=1.00 
tol=2.50e-01, dt=5.00e-02, exp_k=20.0, momentum=0.90, levels=6, niter=500, lbl_dist=10.00, avgs=1, sigma=2.0,type=2, relabel=0, neg=yes

blurring input image with Gaussian with sigma=2.000...
GCAMRegisterLevel(): init RMS 0.464011
#FOTS# QuadFit found better minimum quadopt=(dt=1.024,rms=0.46292) vs oldopt=(dt=1.28,rms=0.462991)
#GCMRL#  557 dt   1.024000 rms  0.463  0.235% neg 0  invalid 762 tFOTS 5.4300 tGradient 1.3940 tsec 7.1690
#FOTS# QuadFit found better minimum quadopt=(dt=0.112,rms=0.462903) vs oldopt=(dt=0.08,rms=0.462905)
#GCMRL#  558 dt   0.112000 rms  0.463  0.000% neg 0  invalid 762 tFOTS 5.2830 tGradient 1.1920 tsec 6.8340
#GCMRL#  559 dt   0.112000 rms  0.463  0.000% neg 0  invalid 762 tFOTS 0.0000 tGradient 1.3090 tsec 1.6500

#GCAMreg# pass 0 level1 1 level2 1 tsec 25.544 sigma 0.5
l_jacobian=1.00 l_label=1.00 l_log_likelihood=0.20 l_smoothness=1.00 
tol=2.50e-01, dt=5.00e-02, exp_k=20.0, momentum=0.90, levels=6, niter=500, lbl_dist=10.00, avgs=1, sigma=0.5,type=2, relabel=0, neg=yes

blurring input image with Gaussian with sigma=0.500...
GCAMRegisterLevel(): init RMS 0.463387
#FOTS# QuadFit found better minimum quadopt=(dt=1.536,rms=0.462101) vs oldopt=(dt=1.28,rms=0.462125)
iter 0, gcam->neg = 1
after 0 iterations, nbhd size=0, neg = 0
#GCMRL#  561 dt   1.536000 rms  0.462  0.278% neg 0  invalid 762 tFOTS 5.2600 tGradient 1.2330 tsec 7.4240
#FOTS# QuadFit found better minimum quadopt=(dt=0.448,rms=0.462014) vs oldopt=(dt=0.32,rms=0.462027)
#GCMRL#  562 dt   0.448000 rms  0.462  0.000% neg 0  invalid 762 tFOTS 5.2860 tGradient 1.1850 tsec 6.8690
#GCMRL#  563 dt   0.448000 rms  0.462  0.002% neg 0  invalid 762 tFOTS 0.0000 tGradient 1.3700 tsec 1.7500
iter 0, gcam->neg = 1
after 3 iterations, nbhd size=0, neg = 0
resetting metric properties...
setting smoothness cost coefficient to 2.000

#GCAMreg# pass 0 level1 0 level2 0 tsec 0 sigma 2
l_jacobian=1.00 l_label=1.00 l_log_likelihood=0.20 l_smoothness=2.00 
tol=2.50e-01, dt=5.00e-02, exp_k=20.0, momentum=0.90, levels=6, niter=500, lbl_dist=10.00, avgs=0, sigma=2.0,type=2, relabel=0, neg=yes

blurring input image with Gaussian with sigma=2.000...
GCAMRegisterLevel(): init RMS 0.454959
#FOTS# QuadFit found better minimum quadopt=(dt=2.21921,rms=0.42092) vs oldopt=(dt=1.28,rms=0.427057)
iter 0, gcam->neg = 517
after 12 iterations, nbhd size=1, neg = 0
#GCMRL#  565 dt   2.219208 rms  0.424  6.905% neg 0  invalid 762 tFOTS 5.4210 tGradient 0.8020 tsec 11.0680
#GCMRL#  566 dt   0.080000 rms  0.423  0.000% neg 0  invalid 762 tFOTS 5.2400 tGradient 0.8870 tsec 6.5000

#GCAMreg# pass 0 level1 0 level2 1 tsec 26.973 sigma 0.5
l_jacobian=1.00 l_label=1.00 l_log_likelihood=0.20 l_smoothness=2.00 
tol=2.50e-01, dt=5.00e-02, exp_k=20.0, momentum=0.90, levels=6, niter=500, lbl_dist=10.00, avgs=0, sigma=0.5,type=2, relabel=0, neg=yes

blurring input image with Gaussian with sigma=0.500...
GCAMRegisterLevel(): init RMS 0.423944
#FOTS# QuadFit found better minimum quadopt=(dt=0.064,rms=0.423178) vs oldopt=(dt=0.08,rms=0.423181)
#GCMRL#  568 dt   0.064000 rms  0.423  0.181% neg 0  invalid 762 tFOTS 5.3710 tGradient 0.8220 tsec 6.5300
#FOTS# QuadFit found better minimum quadopt=(dt=0.007,rms=0.423164) vs oldopt=(dt=0.005,rms=0.423164)
#GCMRL#  569 dt   0.007000 rms  0.423  0.000% neg 0  invalid 762 tFOTS 5.2770 tGradient 0.7890 tsec 6.4060
#GCMRL#  570 dt   0.007000 rms  0.423  0.000% neg 0  invalid 762 tFOTS 0.0000 tGradient 0.7340 tsec 1.0760
label assignment complete, 0 changed (0.00%)
GCAMregister done in 6.15983 min
Starting GCAMcomputeMaxPriorLabels()
Morphing with label term set to 0 *******************************
Starting GCAMregister()
label assignment complete, 0 changed (0.00%)
npasses = 1, nlevels = 6
#pass# 1 of 1 ************************
enabling zero nodes
setting smoothness cost coefficient to 0.008

#GCAMreg# pass 0 level1 5 level2 0 tsec 0 sigma 2
l_jacobian=1.00 l_log_likelihood=0.20 l_smoothness=0.01 
tol=2.50e-01, dt=5.00e-02, exp_k=20.0, momentum=0.90, levels=6, niter=500, lbl_dist=10.00, avgs=256, sigma=2.0,type=2, relabel=0, neg=yes

blurring input image with Gaussian with sigma=2.000...
GCAMRegisterLevel(): init RMS 0.408844

#GCAMreg# pass 0 level1 5 level2 1 tsec 14.48 sigma 0.5
l_jacobian=1.00 l_log_likelihood=0.20 l_smoothness=0.01 
tol=2.50e-01, dt=5.00e-02, exp_k=20.0, momentum=0.90, levels=6, niter=500, lbl_dist=10.00, avgs=256, sigma=0.5,type=2, relabel=0, neg=yes

blurring input image with Gaussian with sigma=0.500...
GCAMRegisterLevel(): init RMS 0.408844
#FOTS# QuadFit found better minimum quadopt=(dt=32.368,rms=0.408828) vs oldopt=(dt=23.12,rms=0.40883)
#GCMRL#  573 dt  32.368000 rms  0.409  0.004% neg 0  invalid 762 tFOTS 4.7530 tGradient 1.5040 tsec 6.5880
#FOTS# QuadFit found better minimum quadopt=(dt=27.744,rms=0.408825) vs oldopt=(dt=23.12,rms=0.408825)
#GCMRL#  574 dt  27.744000 rms  0.409  0.000% neg 0  invalid 762 tFOTS 4.7640 tGradient 1.4720 tsec 6.5840
setting smoothness cost coefficient to 0.031

#GCAMreg# pass 0 level1 4 level2 0 tsec 0 sigma 2
l_jacobian=1.00 l_log_likelihood=0.20 l_smoothness=0.03 
tol=2.50e-01, dt=5.00e-02, exp_k=20.0, momentum=0.90, levels=6, niter=500, lbl_dist=10.00, avgs=64, sigma=2.0,type=2, relabel=0, neg=yes

blurring input image with Gaussian with sigma=2.000...
GCAMRegisterLevel(): init RMS 0.409001

#GCAMreg# pass 0 level1 4 level2 1 tsec 14.416 sigma 0.5
l_jacobian=1.00 l_log_likelihood=0.20 l_smoothness=0.03 
tol=2.50e-01, dt=5.00e-02, exp_k=20.0, momentum=0.90, levels=6, niter=500, lbl_dist=10.00, avgs=64, sigma=0.5,type=2, relabel=0, neg=yes

blurring input image with Gaussian with sigma=0.500...
GCAMRegisterLevel(): init RMS 0.409001
#FOTS# QuadFit found better minimum quadopt=(dt=36.288,rms=0.408893) vs oldopt=(dt=25.92,rms=0.408912)
#GCMRL#  577 dt  36.288000 rms  0.409  0.026% neg 0  invalid 762 tFOTS 4.8400 tGradient 1.1460 tsec 6.2910
#FOTS# QuadFit found better minimum quadopt=(dt=62.208,rms=0.408833) vs oldopt=(dt=103.68,rms=0.408846)
#GCMRL#  578 dt  62.208000 rms  0.409  0.000% neg 0  invalid 762 tFOTS 4.4650 tGradient 1.0890 tsec 5.8750
#GCMRL#  579 dt  62.208000 rms  0.409  0.012% neg 0  invalid 762 tFOTS 0.0000 tGradient 1.1650 tsec 1.4690
#GCMRL#  580 dt  62.208000 rms  0.409  0.009% neg 0  invalid 762 tFOTS 0.0000 tGradient 1.1470 tsec 1.4380
setting smoothness cost coefficient to 0.118

#GCAMreg# pass 0 level1 3 level2 0 tsec 0 sigma 2
l_jacobian=1.00 l_log_likelihood=0.20 l_smoothness=0.12 
tol=2.50e-01, dt=5.00e-02, exp_k=20.0, momentum=0.90, levels=6, niter=500, lbl_dist=10.00, avgs=16, sigma=2.0,type=2, relabel=0, neg=yes

blurring input image with Gaussian with sigma=2.000...
GCAMRegisterLevel(): init RMS 0.409419
#FOTS# QuadFit found better minimum quadopt=(dt=2.4,rms=0.4094) vs oldopt=(dt=2,rms=0.409401)
#GCMRL#  582 dt   2.400000 rms  0.409  0.005% neg 0  invalid 762 tFOTS 4.4500 tGradient 1.2090 tsec 5.9690
#FOTS# QuadFit found better minimum quadopt=(dt=0.6,rms=0.409399) vs oldopt=(dt=0.5,rms=0.409399)
#GCMRL#  583 dt   0.600000 rms  0.409  0.000% neg 0  invalid 762 tFOTS 4.4780 tGradient 0.9850 tsec 5.7920

#GCAMreg# pass 0 level1 3 level2 1 tsec 21.245 sigma 0.5
l_jacobian=1.00 l_log_likelihood=0.20 l_smoothness=0.12 
tol=2.50e-01, dt=5.00e-02, exp_k=20.0, momentum=0.90, levels=6, niter=500, lbl_dist=10.00, avgs=16, sigma=0.5,type=2, relabel=0, neg=yes

blurring input image with Gaussian with sigma=0.500...
GCAMRegisterLevel(): init RMS 0.409399
#FOTS# QuadFit found better minimum quadopt=(dt=101.053,rms=0.406883) vs oldopt=(dt=128,rms=0.407099)
iter 0, gcam->neg = 6
after 5 iterations, nbhd size=0, neg = 0
#GCMRL#  585 dt 101.052632 rms  0.407  0.606% neg 0  invalid 762 tFOTS 4.4390 tGradient 1.0080 tsec 8.0270
#FOTS# QuadFit found better minimum quadopt=(dt=25.6,rms=0.40624) vs oldopt=(dt=32,rms=0.406257)
iter 0, gcam->neg = 1
after 0 iterations, nbhd size=0, neg = 0
#GCMRL#  586 dt  25.600000 rms  0.406  0.000% neg 0  invalid 762 tFOTS 4.4290 tGradient 0.9780 tsec 6.3590
iter 0, gcam->neg = 4
after 5 iterations, nbhd size=0, neg = 0
#GCMRL#  587 dt  25.600000 rms  0.406  0.067% neg 0  invalid 762 tFOTS 0.0000 tGradient 0.9980 tsec 3.5800
iter 0, gcam->neg = 3
after 0 iterations, nbhd size=0, neg = 0
#GCMRL#  588 dt  25.600000 rms  0.406  0.093% neg 0  invalid 762 tFOTS 0.0000 tGradient 1.1800 tsec 2.1610
iter 0, gcam->neg = 4
after 5 iterations, nbhd size=0, neg = 0
#GCMRL#  589 dt  25.600000 rms  0.405  0.109% neg 0  invalid 762 tFOTS 0.0000 tGradient 1.0330 tsec 3.5280
iter 0, gcam->neg = 4
after 2 iterations, nbhd size=0, neg = 0
#GCMRL#  590 dt  25.600000 rms  0.405  0.113% neg 0  invalid 762 tFOTS 0.0000 tGradient 0.9850 tsec 2.5670
iter 0, gcam->neg = 1
after 6 iterations, nbhd size=1, neg = 0
#GCMRL#  591 dt  25.600000 rms  0.404  0.121% neg 0  invalid 762 tFOTS 0.0000 tGradient 0.9890 tsec 3.8620
#GCMRL#  592 dt  25.600000 rms  0.404  0.118% neg 0  invalid 762 tFOTS 0.0000 tGradient 1.0030 tsec 1.3000
#GCMRL#  593 dt  25.600000 rms  0.403  0.115% neg 0  invalid 762 tFOTS 0.0000 tGradient 0.9950 tsec 1.3100
#FOTS# QuadFit found better minimum quadopt=(dt=44.8,rms=0.403086) vs oldopt=(dt=32,rms=0.403116)
setting smoothness cost coefficient to 0.400

#GCAMreg# pass 0 level1 2 level2 0 tsec 0 sigma 2
l_jacobian=1.00 l_log_likelihood=0.20 l_smoothness=0.40 
tol=2.50e-01, dt=5.00e-02, exp_k=20.0, momentum=0.90, levels=6, niter=500, lbl_dist=10.00, avgs=4, sigma=2.0,type=2, relabel=0, neg=yes

blurring input image with Gaussian with sigma=2.000...
GCAMRegisterLevel(): init RMS 0.406604
#FOTS# QuadFit found better minimum quadopt=(dt=1.008,rms=0.406582) vs oldopt=(dt=0.72,rms=0.406585)
#GCMRL#  595 dt   1.008000 rms  0.407  0.006% neg 0  invalid 762 tFOTS 4.5860 tGradient 0.9200 tsec 5.8110
#FOTS# QuadFit found better minimum quadopt=(dt=0.252,rms=0.40658) vs oldopt=(dt=0.18,rms=0.40658)
#GCMRL#  596 dt   0.252000 rms  0.407  0.000% neg 0  invalid 762 tFOTS 4.8580 tGradient 0.9410 tsec 6.1590

#GCAMreg# pass 0 level1 2 level2 1 tsec 21.613 sigma 0.5
l_jacobian=1.00 l_log_likelihood=0.20 l_smoothness=0.40 
tol=2.50e-01, dt=5.00e-02, exp_k=20.0, momentum=0.90, levels=6, niter=500, lbl_dist=10.00, avgs=4, sigma=0.5,type=2, relabel=0, neg=yes

blurring input image with Gaussian with sigma=0.500...
GCAMRegisterLevel(): init RMS 0.40658
#FOTS# QuadFit found better minimum quadopt=(dt=11.8763,rms=0.405808) vs oldopt=(dt=11.52,rms=0.405808)
iter 0, gcam->neg = 7
after 4 iterations, nbhd size=0, neg = 0
#GCMRL#  598 dt  11.876289 rms  0.406  0.190% neg 0  invalid 762 tFOTS 4.8150 tGradient 0.9410 tsec 8.1190
#FOTS# QuadFit found better minimum quadopt=(dt=28.6667,rms=0.404651) vs oldopt=(dt=11.52,rms=0.405073)
iter 0, gcam->neg = 29
after 14 iterations, nbhd size=1, neg = 0
#GCMRL#  599 dt  28.666667 rms  0.405  0.267% neg 0  invalid 762 tFOTS 4.8430 tGradient 0.9350 tsec 11.6370
#FOTS# QuadFit found better minimum quadopt=(dt=7.89873,rms=0.404409) vs oldopt=(dt=11.52,rms=0.404475)
iter 0, gcam->neg = 7
after 12 iterations, nbhd size=1, neg = 0
#GCMRL#  600 dt   7.898734 rms  0.405  0.000% neg 0  invalid 762 tFOTS 4.7780 tGradient 0.9500 tsec 10.8010
iter 0, gcam->neg = 5
after 4 iterations, nbhd size=0, neg = 0
#GCMRL#  601 dt   7.898734 rms  0.404  0.097% neg 0  invalid 762 tFOTS 0.0000 tGradient 0.9200 tsec 3.2450
iter 0, gcam->neg = 16
after 6 iterations, nbhd size=0, neg = 0
#GCMRL#  602 dt   7.898734 rms  0.404  0.117% neg 0  invalid 762 tFOTS 0.0000 tGradient 0.9310 tsec 3.8850
iter 0, gcam->neg = 29
after 4 iterations, nbhd size=0, neg = 0
#GCMRL#  603 dt   7.898734 rms  0.403  0.089% neg 0  invalid 762 tFOTS 0.0000 tGradient 1.1010 tsec 3.3700
iter 0, gcam->neg = 36
after 5 iterations, nbhd size=0, neg = 0
#GCMRL#  604 dt   7.898734 rms  0.403  0.103% neg 0  invalid 762 tFOTS 0.0000 tGradient 0.9090 tsec 3.6010
iter 0, gcam->neg = 40
after 7 iterations, nbhd size=0, neg = 0
#GCMRL#  605 dt   7.898734 rms  0.403  0.100% neg 0  invalid 762 tFOTS 0.0000 tGradient 0.8910 tsec 4.2890
#FOTS# QuadFit found better minimum quadopt=(dt=9.216,rms=0.402619) vs oldopt=(dt=11.52,rms=0.402625)
iter 0, gcam->neg = 3
after 5 iterations, nbhd size=0, neg = 0
setting smoothness cost coefficient to 1.000

#GCAMreg# pass 0 level1 1 level2 0 tsec 0 sigma 2
l_jacobian=1.00 l_log_likelihood=0.20 l_smoothness=1.00 
tol=2.50e-01, dt=5.00e-02, exp_k=20.0, momentum=0.90, levels=6, niter=500, lbl_dist=10.00, avgs=1, sigma=2.0,type=2, relabel=0, neg=yes

blurring input image with Gaussian with sigma=2.000...
GCAMRegisterLevel(): init RMS 0.408452
#FOTS# QuadFit found better minimum quadopt=(dt=6e-05,rms=0.408452) vs oldopt=(dt=5e-05,rms=0.408452)
#GCMRL#  607 dt   0.000060 rms  0.408  0.000% neg 0  invalid 762 tFOTS 5.4320 tGradient 0.7600 tsec 6.4790

#GCAMreg# pass 0 level1 1 level2 1 tsec 19.998 sigma 0.5
l_jacobian=1.00 l_log_likelihood=0.20 l_smoothness=1.00 
tol=2.50e-01, dt=5.00e-02, exp_k=20.0, momentum=0.90, levels=6, niter=500, lbl_dist=10.00, avgs=1, sigma=0.5,type=2, relabel=0, neg=yes

blurring input image with Gaussian with sigma=0.500...
GCAMRegisterLevel(): init RMS 0.408452
resetting metric properties...
setting smoothness cost coefficient to 2.000

#GCAMreg# pass 0 level1 0 level2 0 tsec 0 sigma 2
l_jacobian=1.00 l_log_likelihood=0.20 l_smoothness=2.00 
tol=2.50e-01, dt=5.00e-02, exp_k=20.0, momentum=0.90, levels=6, niter=500, lbl_dist=10.00, avgs=0, sigma=2.0,type=2, relabel=0, neg=yes

blurring input image with Gaussian with sigma=2.000...
GCAMRegisterLevel(): init RMS 0.398726
#FOTS# QuadFit found better minimum quadopt=(dt=1.36812,rms=0.387303) vs oldopt=(dt=1.28,rms=0.387388)
iter 0, gcam->neg = 546
after 19 iterations, nbhd size=1, neg = 0
#GCMRL#  610 dt   1.368116 rms  0.389  2.328% neg 0  invalid 762 tFOTS 4.3120 tGradient 0.3010 tsec 11.3350
#FOTS# QuadFit found better minimum quadopt=(dt=2.34375e-05,rms=0.389442) vs oldopt=(dt=1.95313e-05,rms=0.389442)
#GCMRL#  611 dt   0.000023 rms  0.389  0.000% neg 0  invalid 762 tFOTS 5.3260 tGradient 0.2790 tsec 5.9160

#GCAMreg# pass 0 level1 0 level2 1 tsec 26.129 sigma 0.5
l_jacobian=1.00 l_log_likelihood=0.20 l_smoothness=2.00 
tol=2.50e-01, dt=5.00e-02, exp_k=20.0, momentum=0.90, levels=6, niter=500, lbl_dist=10.00, avgs=0, sigma=0.5,type=2, relabel=0, neg=yes

blurring input image with Gaussian with sigma=0.500...
GCAMRegisterLevel(): init RMS 0.389442
#GCMRL#  613 dt   0.080000 rms  0.389  0.040% neg 0  invalid 762 tFOTS 4.2690 tGradient 0.3140 tsec 4.8760
#FOTS# QuadFit found better minimum quadopt=(dt=0.028,rms=0.389262) vs oldopt=(dt=0.02,rms=0.389267)
#GCMRL#  614 dt   0.028000 rms  0.389  0.000% neg 0  invalid 762 tFOTS 4.6030 tGradient 0.2770 tsec 5.2370
#GCMRL#  615 dt   0.028000 rms  0.389  0.004% neg 0  invalid 762 tFOTS 0.0000 tGradient 0.2830 tsec 0.5680
GCAMregister done in 4.49005 min
writing output transformation to transforms/talairach.m3z...
GCAMwrite
Calls to gcamLogLikelihoodEnergy 3849 tmin = 1.4736
Calls to gcamLabelEnergy         3298 tmin = 1.01493
Calls to gcamJacobianEnergy      3849 tmin = 1.08022
Calls to gcamSmoothnessEnergy    3849 tmin = 4.00742
Calls to gcamLogLikelihoodTerm 617 tmin = 0.56615
Calls to gcamLabelTerm         572 tmin = 4.8387
Calls to gcamJacobianTerm      617 tmin = 1.08645
Calls to gcamSmoothnessTerm    617 tmin = 0.460383
Calls to gcamComputeGradient    617 tmin = 16.2378
Calls to gcamComputeMetricProperties    5553 tmin = 2.4481
mri_ca_register took 0 hours, 40 minutes and 53 seconds.
#VMPC# mri_ca_register VmPeak  3712496
FSRUNTIME@ mri_ca_register  0.6813 hours 16 threads
#--------------------------------------
#@# SubCort Seg Sun Mar  8 20:48:21 CET 2026

 mri_ca_label -relabel_unlikely 9 .3 -prior 0.5 -align norm.mgz transforms/talairach.m3z /opt/freesurfer/average/RB_all_2020-01-02.gca aseg.auto_noCCseg.mgz 

sysname  Linux
hostname dna079
machine  x86_64

setenv SUBJECTS_DIR /out/sourcedata/freesurfer
cd /out/sourcedata/freesurfer/sub-v1s14x0051582_ses-1/mri
mri_ca_label -relabel_unlikely 9 .3 -prior 0.5 -align norm.mgz transforms/talairach.m3z /opt/freesurfer/average/RB_all_2020-01-02.gca aseg.auto_noCCseg.mgz 

relabeling unlikely voxels with window_size = 9 and prior threshold 0.30
using Gibbs prior factor = 0.500
renormalizing sequences with structure alignment, equivalent to:
	-renormalize
	-renormalize_mean 0.500
	-regularize 0.500

== Number of threads available to for OpenMP = 16 == 
reading 1 input volumes
reading classifier array from /opt/freesurfer/average/RB_all_2020-01-02.gca
reading input volume from norm.mgz
average std[0] = 7.2
reading transform from transforms/talairach.m3z
setting orig areas to linear transform determinant scaled 6.94
Atlas used for the 3D morph was /opt/freesurfer/average/RB_all_2020-01-02.gca
average std = 7.2   using min determinant for regularization = 5.2
0 singular and 0 ill-conditioned covariance matrices regularized
labeling volume...
renormalizing by structure alignment....
renormalizing input #0
gca peak = 0.15521 (20)
mri peak = 0.13636 (23)
Left_Lateral_Ventricle (4): linear fit = 1.08 x + 0.0 (1376 voxels, overlap=0.928)
Left_Lateral_Ventricle (4): linear fit = 1.08 x + 0.0 (1376 voxels, peak = 22), gca=21.5
gca peak = 0.20380 (13)
mri peak = 0.14773 (23)
Right_Lateral_Ventricle (43): linear fit = 1.60 x + 0.0 (1397 voxels, overlap=0.500)
Right_Lateral_Ventricle (43): linear fit = 1.50 x + 0.0 (1397 voxels, peak = 21), gca=19.5
gca peak = 0.26283 (96)
mri peak = 0.18321 (96)
Right_Pallidum (52): linear fit = 1.00 x + 0.0 (783 voxels, overlap=1.004)
Right_Pallidum (52): linear fit = 1.00 x + 0.0 (783 voxels, peak = 96), gca=95.5
gca peak = 0.15814 (97)
mri peak = 0.14828 (98)
Left_Pallidum (13): linear fit = 1.03 x + 0.0 (575 voxels, overlap=0.861)
Left_Pallidum (13): linear fit = 1.03 x + 0.0 (575 voxels, peak = 100), gca=100.4
gca peak = 0.27624 (56)
mri peak = 0.11275 (71)
Right_Hippocampus (53): linear fit = 1.23 x + 0.0 (1280 voxels, overlap=0.017)
Right_Hippocampus (53): linear fit = 1.23 x + 0.0 (1280 voxels, peak = 69), gca=68.6
gca peak = 0.28723 (59)
mri peak = 0.11106 (70)
Left_Hippocampus (17): linear fit = 1.18 x + 0.0 (1060 voxels, overlap=0.021)
Left_Hippocampus (17): linear fit = 1.18 x + 0.0 (1060 voxels, peak = 70), gca=69.9
gca peak = 0.07623 (103)
mri peak = 0.14397 (105)
Right_Cerebral_White_Matter (41): linear fit = 1.00 x + 0.0 (55904 voxels, overlap=0.615)
Right_Cerebral_White_Matter (41): linear fit = 1.00 x + 0.0 (55904 voxels, peak = 104), gca=103.5
gca peak = 0.07837 (105)
mri peak = 0.15232 (105)
Left_Cerebral_White_Matter (2): linear fit = 1.00 x + 0.0 (56493 voxels, overlap=0.569)
Left_Cerebral_White_Matter (2): linear fit = 1.00 x + 0.0 (56493 voxels, peak = 105), gca=105.0
gca peak = 0.10165 (58)
mri peak = 0.03425 (72)
Left_Cerebral_Cortex (3): linear fit = 1.22 x + 0.0 (27598 voxels, overlap=0.283)
Left_Cerebral_Cortex (3): linear fit = 1.22 x + 0.0 (27598 voxels, peak = 70), gca=70.5
gca peak = 0.11113 (58)
mri peak = 0.03883 (69)
Right_Cerebral_Cortex (42): linear fit = 1.16 x + 0.0 (27158 voxels, overlap=0.461)
Right_Cerebral_Cortex (42): linear fit = 1.16 x + 0.0 (27158 voxels, peak = 68), gca=67.6
gca peak = 0.27796 (67)
mri peak = 0.10102 (78)
Right_Caudate (50): linear fit = 1.18 x + 0.0 (1225 voxels, overlap=0.021)
Right_Caudate (50): linear fit = 1.18 x + 0.0 (1225 voxels, peak = 79), gca=79.4
gca peak = 0.14473 (69)
mri peak = 0.11436 (78)
Left_Caudate (11): linear fit = 1.10 x + 0.0 (1297 voxels, overlap=0.573)
Left_Caudate (11): linear fit = 1.10 x + 0.0 (1297 voxels, peak = 76), gca=75.6
gca peak = 0.14301 (56)
mri peak = 0.04578 (72)
Left_Cerebellum_Cortex (8): linear fit = 1.23 x + 0.0 (26756 voxels, overlap=0.498)
Left_Cerebellum_Cortex (8): linear fit = 1.23 x + 0.0 (26756 voxels, peak = 69), gca=68.6
gca peak = 0.14610 (55)
mri peak = 0.03941 (64)
Right_Cerebellum_Cortex (47): linear fit = 1.26 x + 0.0 (27047 voxels, overlap=0.296)
Right_Cerebellum_Cortex (47): linear fit = 1.26 x + 0.0 (27047 voxels, peak = 70), gca=69.6
gca peak = 0.16309 (85)
mri peak = 0.16138 (90)
Left_Cerebellum_White_Matter (7): linear fit = 1.09 x + 0.0 (6341 voxels, overlap=0.284)
Left_Cerebellum_White_Matter (7): linear fit = 1.09 x + 0.0 (6341 voxels, peak = 92), gca=92.2
gca peak = 0.15172 (84)
mri peak = 0.10684 (90)
Right_Cerebellum_White_Matter (46): linear fit = 1.10 x + 0.0 (6160 voxels, overlap=0.214)
Right_Cerebellum_White_Matter (46): linear fit = 1.10 x + 0.0 (6160 voxels, peak = 92), gca=92.0
gca peak = 0.30461 (58)
mri peak = 0.14113 (70)
Left_Amygdala (18): linear fit = 1.20 x + 0.0 (495 voxels, overlap=0.045)
Left_Amygdala (18): linear fit = 1.20 x + 0.0 (495 voxels, peak = 69), gca=69.3
gca peak = 0.32293 (57)
mri peak = 0.13615 (73)
Right_Amygdala (54): linear fit = 1.26 x + 0.0 (630 voxels, overlap=0.043)
Right_Amygdala (54): linear fit = 1.26 x + 0.0 (630 voxels, peak = 72), gca=72.1
gca peak = 0.11083 (90)
mri peak = 0.08169 (92)
Left_Thalamus (10): linear fit = 1.04 x + 0.0 (6230 voxels, overlap=0.735)
Left_Thalamus (10): linear fit = 1.04 x + 0.0 (6230 voxels, peak = 94), gca=94.0
gca peak = 0.11393 (83)
mri peak = 0.09042 (92)
Right_Thalamus (49): linear fit = 1.10 x + 0.0 (5667 voxels, overlap=0.696)
Right_Thalamus (49): linear fit = 1.10 x + 0.0 (5667 voxels, peak = 91), gca=90.9
gca peak = 0.08575 (81)
mri peak = 0.10048 (88)
Left_Putamen (12): linear fit = 1.12 x + 0.0 (2076 voxels, overlap=0.441)
Left_Putamen (12): linear fit = 1.12 x + 0.0 (2076 voxels, peak = 90), gca=90.3
gca peak = 0.08618 (78)
mri peak = 0.10360 (92)
Right_Putamen (51): linear fit = 1.12 x + 0.0 (2334 voxels, overlap=0.346)
Right_Putamen (51): linear fit = 1.12 x + 0.0 (2334 voxels, peak = 87), gca=87.0
gca peak = 0.08005 (78)
mri peak = 0.08888 (85)
Brain_Stem (16): linear fit = 1.11 x + 0.0 (14807 voxels, overlap=0.429)
Brain_Stem (16): linear fit = 1.11 x + 0.0 (14807 voxels, peak = 86), gca=86.2
gca peak = 0.12854 (88)
mri peak = 0.09575 (92)
Right_VentralDC (60): linear fit = 1.09 x + 0.0 (1644 voxels, overlap=0.505)
Right_VentralDC (60): linear fit = 1.09 x + 0.0 (1644 voxels, peak = 95), gca=95.5
gca peak = 0.15703 (87)
mri peak = 0.10095 (92)
Left_VentralDC (28): linear fit = 1.08 x + 0.0 (1624 voxels, overlap=0.603)
Left_VentralDC (28): linear fit = 1.08 x + 0.0 (1624 voxels, peak = 94), gca=93.5
gca peak = 0.17522 (25)
mri peak = 0.26004 (25)
gca peak = 0.17113 (14)
mri peak = 0.15643 (21)
Fourth_Ventricle (15): linear fit = 1.03 x + 0.0 (252 voxels, overlap=0.848)
Fourth_Ventricle (15): linear fit = 1.03 x + 0.0 (252 voxels, peak = 14), gca=14.5
gca peak Unknown = 0.94777 ( 0)
gca peak Left_Inf_Lat_Vent = 0.16627 (28)
gca peak Third_Ventricle = 0.17522 (25)
gca peak CSF = 0.20346 (36)
gca peak Left_Accumbens_area = 0.70646 (62)
gca peak Left_undetermined = 1.00000 (28)
gca peak Left_vessel = 0.89917 (53)
gca peak Left_choroid_plexus = 0.11689 (35)
gca peak Right_Inf_Lat_Vent = 0.25504 (23)
gca peak Right_Accumbens_area = 0.31650 (65)
gca peak Right_vessel = 0.77268 (52)
gca peak Right_choroid_plexus = 0.13275 (38)
gca peak Fifth_Ventricle = 0.60973 (33)
gca peak WM_hypointensities = 0.11013 (77)
gca peak non_WM_hypointensities = 0.11354 (41)
gca peak Optic_Chiasm = 0.51646 (76)
not using caudate to estimate GM means
estimating mean gm scale to be 1.21 x + 0.0
estimating mean wm scale to be 1.00 x + 0.0
estimating mean csf scale to be 1.20 x + 0.0
saving intensity scales to aseg.auto_noCCseg.label_intensities.txt
renormalizing by structure alignment....
renormalizing input #0
gca peak = 0.16801 (20)
mri peak = 0.13636 (23)
Left_Lateral_Ventricle (4): linear fit = 1.08 x + 0.0 (1376 voxels, overlap=0.888)
Left_Lateral_Ventricle (4): linear fit = 1.08 x + 0.0 (1376 voxels, peak = 22), gca=21.5
gca peak = 0.16078 (19)
mri peak = 0.14773 (23)
Right_Lateral_Ventricle (43): linear fit = 1.02 x + 0.0 (1397 voxels, overlap=0.622)
Right_Lateral_Ventricle (43): linear fit = 1.02 x + 0.0 (1397 voxels, peak = 19), gca=19.5
gca peak = 0.22161 (94)
mri peak = 0.18321 (96)
Right_Pallidum (52): linear fit = 1.00 x + 0.0 (783 voxels, overlap=1.004)
Right_Pallidum (52): linear fit = 1.00 x + 0.0 (783 voxels, peak = 94), gca=93.5
gca peak = 0.16762 (98)
mri peak = 0.14828 (98)
Left_Pallidum (13): linear fit = 1.00 x + 0.0 (575 voxels, overlap=0.999)
Left_Pallidum (13): linear fit = 1.00 x + 0.0 (575 voxels, peak = 98), gca=98.0
gca peak = 0.24477 (68)
mri peak = 0.11275 (71)
Right_Hippocampus (53): linear fit = 0.99 x + 0.0 (1280 voxels, overlap=0.965)
Right_Hippocampus (53): linear fit = 0.99 x + 0.0 (1280 voxels, peak = 67), gca=67.0
gca peak = 0.33049 (67)
mri peak = 0.11106 (70)
Left_Hippocampus (17): linear fit = 0.99 x + 0.0 (1060 voxels, overlap=1.004)
Left_Hippocampus (17): linear fit = 0.99 x + 0.0 (1060 voxels, peak = 66), gca=66.0
gca peak = 0.07891 (104)
mri peak = 0.14397 (105)
Right_Cerebral_White_Matter (41): linear fit = 1.00 x + 0.0 (55904 voxels, overlap=0.629)
Right_Cerebral_White_Matter (41): linear fit = 1.00 x + 0.0 (55904 voxels, peak = 104), gca=104.0
gca peak = 0.07837 (105)
mri peak = 0.15232 (105)
Left_Cerebral_White_Matter (2): linear fit = 1.00 x + 0.0 (56493 voxels, overlap=0.569)
Left_Cerebral_White_Matter (2): linear fit = 1.00 x + 0.0 (56493 voxels, peak = 105), gca=105.0
gca peak = 0.08002 (69)
mri peak = 0.03425 (72)
Left_Cerebral_Cortex (3): linear fit = 1.03 x + 0.0 (27598 voxels, overlap=0.976)
Left_Cerebral_Cortex (3): linear fit = 1.03 x + 0.0 (27598 voxels, peak = 71), gca=71.4
gca peak = 0.09956 (68)
mri peak = 0.03883 (69)
Right_Cerebral_Cortex (42): linear fit = 1.03 x + 0.0 (27158 voxels, overlap=0.953)
Right_Cerebral_Cortex (42): linear fit = 1.03 x + 0.0 (27158 voxels, peak = 70), gca=70.4
gca peak = 0.21184 (79)
mri peak = 0.10102 (78)
Right_Caudate (50): linear fit = 0.99 x + 0.0 (1225 voxels, overlap=0.999)
Right_Caudate (50): linear fit = 0.99 x + 0.0 (1225 voxels, peak = 78), gca=77.8
gca peak = 0.14712 (85)
mri peak = 0.11436 (78)
Left_Caudate (11): linear fit = 1.00 x + 0.0 (1297 voxels, overlap=0.999)
Left_Caudate (11): linear fit = 1.00 x + 0.0 (1297 voxels, peak = 85), gca=85.0
gca peak = 0.11516 (69)
mri peak = 0.04578 (72)
Left_Cerebellum_Cortex (8): linear fit = 1.03 x + 0.0 (26756 voxels, overlap=0.999)
Left_Cerebellum_Cortex (8): linear fit = 1.03 x + 0.0 (26756 voxels, peak = 71), gca=71.4
gca peak = 0.12866 (70)
mri peak = 0.03941 (64)
Right_Cerebellum_Cortex (47): linear fit = 0.99 x + 0.0 (27047 voxels, overlap=0.974)
Right_Cerebellum_Cortex (47): linear fit = 0.99 x + 0.0 (27047 voxels, peak = 69), gca=69.0
gca peak = 0.14916 (92)
mri peak = 0.16138 (90)
Left_Cerebellum_White_Matter (7): linear fit = 0.99 x + 0.0 (6341 voxels, overlap=0.897)
Left_Cerebellum_White_Matter (7): linear fit = 0.99 x + 0.0 (6341 voxels, peak = 91), gca=90.6
gca peak = 0.13877 (92)
mri peak = 0.10684 (90)
Right_Cerebellum_White_Matter (46): linear fit = 1.00 x + 0.0 (6160 voxels, overlap=0.890)
Right_Cerebellum_White_Matter (46): linear fit = 1.00 x + 0.0 (6160 voxels, peak = 92), gca=91.5
gca peak = 0.28913 (69)
mri peak = 0.14113 (70)
Left_Amygdala (18): linear fit = 1.01 x + 0.0 (495 voxels, overlap=1.011)
Left_Amygdala (18): linear fit = 1.01 x + 0.0 (495 voxels, peak = 70), gca=70.0
gca peak = 0.27347 (72)
mri peak = 0.13615 (73)
Right_Amygdala (54): linear fit = 1.00 x + 0.0 (630 voxels, overlap=1.000)
Right_Amygdala (54): linear fit = 1.00 x + 0.0 (630 voxels, peak = 72), gca=72.0
gca peak = 0.10863 (94)
mri peak = 0.08169 (92)
Left_Thalamus (10): linear fit = 1.00 x + 0.0 (6230 voxels, overlap=0.897)
Left_Thalamus (10): linear fit = 1.00 x + 0.0 (6230 voxels, peak = 94), gca=93.5
gca peak = 0.10387 (91)
mri peak = 0.09042 (92)
Right_Thalamus (49): linear fit = 1.00 x + 0.0 (5667 voxels, overlap=0.933)
Right_Thalamus (49): linear fit = 1.00 x + 0.0 (5667 voxels, peak = 91), gca=90.5
gca peak = 0.09016 (84)
mri peak = 0.10048 (88)
Left_Putamen (12): linear fit = 1.01 x + 0.0 (2076 voxels, overlap=0.866)
Left_Putamen (12): linear fit = 1.01 x + 0.0 (2076 voxels, peak = 85), gca=85.3
gca peak = 0.07861 (84)
mri peak = 0.10360 (92)
Right_Putamen (51): linear fit = 0.99 x + 0.0 (2334 voxels, overlap=0.801)
Right_Putamen (51): linear fit = 0.99 x + 0.0 (2334 voxels, peak = 83), gca=82.7
gca peak = 0.07850 (90)
mri peak = 0.08888 (85)
Brain_Stem (16): linear fit = 1.00 x + 0.0 (14807 voxels, overlap=0.756)
Brain_Stem (16): linear fit = 1.00 x + 0.0 (14807 voxels, peak = 90), gca=89.6
gca peak = 0.11740 (97)
mri peak = 0.09575 (92)
Right_VentralDC (60): linear fit = 1.00 x + 0.0 (1644 voxels, overlap=0.818)
Right_VentralDC (60): linear fit = 1.00 x + 0.0 (1644 voxels, peak = 97), gca=96.5
gca peak = 0.14785 (93)
mri peak = 0.10095 (92)
Left_VentralDC (28): linear fit = 0.99 x + 0.0 (1624 voxels, overlap=0.885)
Left_VentralDC (28): linear fit = 0.99 x + 0.0 (1624 voxels, peak = 92), gca=91.6
gca peak = 0.17306 (30)
mri peak = 0.26004 (25)
gca peak = 0.18756 (15)
mri peak = 0.15643 (21)
Fourth_Ventricle (15): linear fit = 1.16 x + 0.0 (252 voxels, overlap=0.845)
Fourth_Ventricle (15): linear fit = 1.16 x + 0.0 (252 voxels, peak = 17), gca=17.5
gca peak Unknown = 0.94777 ( 0)
gca peak Left_Inf_Lat_Vent = 0.15108 (33)
gca peak Third_Ventricle = 0.17306 (30)
gca peak CSF = 0.17070 (43)
gca peak Left_Accumbens_area = 0.69754 (68)
gca peak Left_undetermined = 1.00000 (28)
gca peak Left_vessel = 0.89837 (53)
gca peak Left_choroid_plexus = 0.10623 (35)
gca peak Right_Inf_Lat_Vent = 0.22619 (28)
gca peak Right_Accumbens_area = 0.29158 (77)
gca peak Right_vessel = 0.77268 (52)
gca peak Right_choroid_plexus = 0.13305 (38)
gca peak Fifth_Ventricle = 0.59466 (39)
gca peak WM_hypointensities = 0.10528 (76)
gca peak non_WM_hypointensities = 0.14782 (41)
gca peak Optic_Chiasm = 0.51645 (76)
not using caudate to estimate GM means
estimating mean gm scale to be 1.01 x + 0.0
estimating mean wm scale to be 1.00 x + 0.0
estimating mean csf scale to be 1.09 x + 0.0
saving intensity scales to aseg.auto_noCCseg.label_intensities.txt
saving sequentially combined intensity scales to aseg.auto_noCCseg.label_intensities.txt
68343 voxels changed in iteration 0 of unlikely voxel relabeling
417 voxels changed in iteration 1 of unlikely voxel relabeling
24 voxels changed in iteration 2 of unlikely voxel relabeling
1 voxels changed in iteration 3 of unlikely voxel relabeling
0 voxels changed in iteration 4 of unlikely voxel relabeling
58330 gm and wm labels changed (%27 to gray, %73 to white out of all changed labels)
354 hippocampal voxels changed.
0 amygdala voxels changed.
Reclassifying using Gibbs Priors
pass 1: 73869 changed. image ll: -2.109, PF=0.500
pass 2: 20013 changed. image ll: -2.109, PF=0.500
pass 3: 6071 changed.
pass 4: 2168 changed.
58107 voxels changed in iteration 0 of unlikely voxel relabeling
474 voxels changed in iteration 1 of unlikely voxel relabeling
14 voxels changed in iteration 2 of unlikely voxel relabeling
0 voxels changed in iteration 3 of unlikely voxel relabeling
8364 voxels changed in iteration 0 of unlikely voxel relabeling
270 voxels changed in iteration 1 of unlikely voxel relabeling
6 voxels changed in iteration 2 of unlikely voxel relabeling
0 voxels changed in iteration 3 of unlikely voxel relabeling
6651 voxels changed in iteration 0 of unlikely voxel relabeling
76 voxels changed in iteration 1 of unlikely voxel relabeling
1 voxels changed in iteration 2 of unlikely voxel relabeling
0 voxels changed in iteration 3 of unlikely voxel relabeling
5453 voxels changed in iteration 0 of unlikely voxel relabeling
35 voxels changed in iteration 1 of unlikely voxel relabeling
0 voxels changed in iteration 2 of unlikely voxel relabeling
 !!!!!!!!! ventricle segment 0 with volume 7273 above threshold 100 - not erasing !!!!!!!!!!
 !!!!!!!!! ventricle segment 0 with volume 104 above threshold 100 - not erasing !!!!!!!!!!
 !!!!!!!!! ventricle segment 1 with volume 7403 above threshold 100 - not erasing !!!!!!!!!!
 !!!!!!!!! ventricle segment 7 with volume 107 above threshold 100 - not erasing !!!!!!!!!!
writing labeled volume to aseg.auto_noCCseg.mgz
mri_ca_label utimesec    1619.354242
mri_ca_label stimesec    3.212332
mri_ca_label ru_maxrss   2116436
mri_ca_label ru_ixrss    0
mri_ca_label ru_idrss    0
mri_ca_label ru_isrss    0
mri_ca_label ru_minflt   3409915
mri_ca_label ru_majflt   12
mri_ca_label ru_nswap    0
mri_ca_label ru_inblock  1142
mri_ca_label ru_oublock  720
mri_ca_label ru_msgsnd   0
mri_ca_label ru_msgrcv   0
mri_ca_label ru_nsignals 0
mri_ca_label ru_nvcsw    1661
mri_ca_label ru_nivcsw   984
auto-labeling took 26 minutes and 8 seconds.
#--------------------------------------
#@# CC Seg Sun Mar  8 21:14:29 CET 2026

 mri_cc -aseg aseg.auto_noCCseg.mgz -o aseg.auto.mgz -lta /out/sourcedata/freesurfer/sub-v1s14x0051582_ses-1/mri/transforms/cc_up.lta sub-v1s14x0051582_ses-1 

will read input aseg from aseg.auto_noCCseg.mgz
writing aseg with cc labels to aseg.auto.mgz
will write lta as /out/sourcedata/freesurfer/sub-v1s14x0051582_ses-1/mri/transforms/cc_up.lta
reading aseg from /out/sourcedata/freesurfer/sub-v1s14x0051582_ses-1/mri/aseg.auto_noCCseg.mgz
reading norm from /out/sourcedata/freesurfer/sub-v1s14x0051582_ses-1/mri/norm.mgz
82748 voxels in left wm, 71923 in right wm, xrange [120, 137]
searching rotation angles z=[-4 10], y=[-2 12]
searching scale 1 Z rot -3.7  searching scale 1 Z rot -3.4  searching scale 1 Z rot -3.2  searching scale 1 Z rot -2.9  searching scale 1 Z rot -2.7  searching scale 1 Z rot -2.4  searching scale 1 Z rot -2.2  searching scale 1 Z rot -1.9  searching scale 1 Z rot -1.7  searching scale 1 Z rot -1.4  searching scale 1 Z rot -1.2  searching scale 1 Z rot -0.9  searching scale 1 Z rot -0.7  searching scale 1 Z rot -0.4  searching scale 1 Z rot -0.2  searching scale 1 Z rot 0.1  searching scale 1 Z rot 0.3  searching scale 1 Z rot 0.6  searching scale 1 Z rot 0.8  searching scale 1 Z rot 1.1  searching scale 1 Z rot 1.3  searching scale 1 Z rot 1.6  searching scale 1 Z rot 1.8  searching scale 1 Z rot 2.1  searching scale 1 Z rot 2.3  searching scale 1 Z rot 2.6  searching scale 1 Z rot 2.8  searching scale 1 Z rot 3.1  searching scale 1 Z rot 3.3  searching scale 1 Z rot 3.6  searching scale 1 Z rot 3.8  searching scale 1 Z rot 4.1  searching scale 1 Z rot 4.3  searching scale 1 Z rot 4.6  searching scale 1 Z rot 4.8  searching scale 1 Z rot 5.1  searching scale 1 Z rot 5.3  searching scale 1 Z rot 5.6  searching scale 1 Z rot 5.8  searching scale 1 Z rot 6.1  searching scale 1 Z rot 6.3  searching scale 1 Z rot 6.6  searching scale 1 Z rot 6.8  searching scale 1 Z rot 7.1  searching scale 1 Z rot 7.3  searching scale 1 Z rot 7.6  searching scale 1 Z rot 7.8  searching scale 1 Z rot 8.1  searching scale 1 Z rot 8.3  searching scale 1 Z rot 8.6  searching scale 1 Z rot 8.8  searching scale 1 Z rot 9.1  searching scale 1 Z rot 9.3  searching scale 1 Z rot 9.6  searching scale 1 Z rot 9.8  searching scale 1 Z rot 10.1  global minimum found at slice 128.3, rotations (4.63, 3.31)
final transformation (x=128.3, yr=4.633, zr=3.310):
 0.99507  -0.05775   0.08064  -1.23881;
 0.05756   0.99833   0.00466  -14.70127;
-0.08078  -0.00000   0.99673   22.74374;
 0.00000   0.00000   0.00000   1.00000;
updating x range to be [126, 131] in xformed coordinates
best xformed slice 128
min_x_fornix = 141
min_x_fornix = 144
min_x_fornix = 145
min_x_fornix = 142
min_x_fornix = 140
cc center is found at 128 135 116
eigenvectors:
 0.00031  -0.00124   1.00000;
-0.04685  -0.99890  -0.00123;
 0.99890  -0.04685  -0.00036;
error in mid anterior detected - correcting...
writing aseg with callosum to /out/sourcedata/freesurfer/sub-v1s14x0051582_ses-1/mri/aseg.auto.mgz...
corpus callosum segmentation took 0.5 minutes
#VMPC# mri_cc VmPeak  556068
mri_cc done
#--------------------------------------
#@# Merge ASeg Sun Mar  8 21:15:01 CET 2026

 cp aseg.auto.mgz aseg.presurf.mgz 

#--------------------------------------------
#@# Intensity Normalization2 Sun Mar  8 21:15:01 CET 2026
/out/sourcedata/freesurfer/sub-v1s14x0051582_ses-1/mri

 mri_normalize -seed 1234 -mprage -aseg aseg.presurf.mgz -mask brainmask.mgz norm.mgz brain.mgz 

setting seed for random number genererator to 1234
assuming input volume is MGH (Van der Kouwe) MP-RAGE
using segmentation for initial intensity normalization
using MR volume brainmask.mgz to mask input volume...
reading mri_src from norm.mgz...
Reading aseg aseg.presurf.mgz
normalizing image...
NOT doing gentle normalization with control points/label
processing with aseg
removing outliers in the aseg WM...
608 control points removed
Building bias image
building Voronoi diagram...
performing soap bubble smoothing, sigma = 0...
Smoothing with sigma 8
Applying bias correction
building Voronoi diagram...
performing soap bubble smoothing, sigma = 8...

Iterating 2 times
---------------------------------
3d normalization pass 1 of 2
white matter peak found at 110
white matter peak found at 110
gm peak at 77 (77), valley at  0 (-1)
csf peak at 38, setting threshold to 64
building Voronoi diagram...
performing soap bubble smoothing, sigma = 8...
---------------------------------
3d normalization pass 2 of 2
white matter peak found at 110
white matter peak found at 110
gm peak at 79 (79), valley at  0 (-1)
csf peak at 39, setting threshold to 65
building Voronoi diagram...
performing soap bubble smoothing, sigma = 8...
Done iterating ---------------------------------
writing output to brain.mgz
3D bias adjustment took 1 minutes and 30 seconds.
#--------------------------------------------
#@# Mask BFS Sun Mar  8 21:16:32 CET 2026
/out/sourcedata/freesurfer/sub-v1s14x0051582_ses-1/mri

 mri_mask -T 5 brain.mgz brainmask.mgz brain.finalsurfs.mgz 

threshold mask volume at 5
DoAbs = 0
Found 1585382 voxels in mask (pct=  9.45)
Writing masked volume to brain.finalsurfs.mgz...done.
#--------------------------------------------
#@# WM Segmentation Sun Mar  8 21:16:32 CET 2026

 AntsDenoiseImageFs -i brain.mgz -o antsdn.brain.mgz 


 mri_segment -wsizemm 13 -mprage antsdn.brain.mgz wm.seg.mgz 

wsizemm = 13, voxres = 1, wsize = 13
Widening wm low from 89 to 79
assuming input volume is MGH (Van der Kouwe) MP-RAGE
wm mean:  110
wsize:    13
wm low:   79
wm hi:    125
gray low: 30
gray hi:  99
Doing initial trinary intensity segmentation 
Using local statistics to label ambiguous voxels
Autodetecting stats
Computing class statistics for intensity windows...
CCS WM (102.0): 102.0 +- 6.2 [79.0 --> 125.0]
CCS GM (74.0) : 72.4 +- 11.1 [30.0 --> 95.0]
 white_mean 102.041
 white_sigma 6.23794
 gray_mean 72.4278
 gray_sigma 11.1093
setting bottom of white matter range wm_low to 83.5
setting top of gray matter range gray_hi to 94.6
 wm_low 83.5371
 wm_hi  125
 gray_low 30
 gray_hi  94.6464
Redoing initial intensity segmentation...
Recomputing local statistics to label ambiguous voxels...
 wm_low 83.5371
 wm_hi  125
 gray_low 30
 gray_hi  94.6464
using local geometry to label remaining ambiguous voxels...
polvwsize = 5, polvlen = 3, gray_hi = 94.6464, wm_low = 83.5371
MRIcpolvMedianCurveSegment(): wsize=5, len=3, gmhi=94.6464, wmlow=83.5371
    173109 voxels processed (1.03%)
     80060 voxels white (0.48%)
     93049 voxels non-white (0.55%)

Reclassifying voxels using Gaussian border classifier niter=1
MRIreclassify(): wm_low=78.5371, gray_hi=94.6464, wsize=13
    301160 voxels tested (1.80%)
     63354 voxels changed (0.38%)
     59137 multi-scale searches  (0.35%)
Recovering bright white
MRIrecoverBrightWhite()
 wm_low 83.5371
 wm_hi 125
 slack 6.23794
 pct_thresh 0.33
 intensity_thresh 131.238
 nvox_thresh 8.58
      436 voxels tested (0.00%)
      323 voxels changed (0.00%)

removing voxels with positive offset direction...
MRIremoveWrongDirection() wsize=3, lowthr=78.5371, hithr=94.6464
  smoothing input volume with sigma = 0.250
   126575 voxels tested (0.75%)
    22761 voxels changed (0.14%)
thicken = 1
removing 1-dimensional structures...
MRIremove1dStructures(): max_iter=10000, thresh=2, WM_MIN_VAL=5
 3092 sparsely connected voxels removed in 1 iterations
thickening thin strands....
thickness 4
nsegments 20
wm_hi 125
1661 diagonally connected voxels added...
MRIthickenThinWMStrands(): thickness=4, nsegments=20
  20 segments, 3985 filled
MRIfindBrightNonWM(): 764 bright non-wm voxels segmented.
MRIfilterMorphology() WM_MIN_VAL=5, DIAGONAL_FILL=230
white matter segmentation took 0.9 minutes
writing output to wm.seg.mgz...

 mri_edit_wm_with_aseg -keep-in wm.seg.mgz brain.mgz aseg.presurf.mgz wm.asegedit.mgz 

preserving editing changes in input volume...
auto filling took 0.36 minutes
reading wm segmentation from wm.seg.mgz...
0 voxels added to wm to prevent paths from MTL structures to cortex
2648 additional wm voxels added
0 additional wm voxels added
SEG EDIT: 40372 voxels turned on, 54394 voxels turned off.
propagating editing to output volume from wm.seg.mgz
writing edited volume to wm.asegedit.mgz....

 mri_pretess wm.asegedit.mgz wm norm.mgz wm.mgz 


Iteration Number : 1
pass   1 (xy+):  19 found -  19 modified     |    TOTAL:  19
pass   2 (xy+):   0 found -  19 modified     |    TOTAL:  19
pass   1 (xy-):  11 found -  11 modified     |    TOTAL:  30
pass   2 (xy-):   0 found -  11 modified     |    TOTAL:  30
pass   1 (yz+):  22 found -  22 modified     |    TOTAL:  52
pass   2 (yz+):   0 found -  22 modified     |    TOTAL:  52
pass   1 (yz-):  15 found -  15 modified     |    TOTAL:  67
pass   2 (yz-):   0 found -  15 modified     |    TOTAL:  67
pass   1 (xz+):  20 found -  20 modified     |    TOTAL:  87
pass   2 (xz+):   0 found -  20 modified     |    TOTAL:  87
pass   1 (xz-):  25 found -  25 modified     |    TOTAL: 112
pass   2 (xz-):   0 found -  25 modified     |    TOTAL: 112
Iteration Number : 1
pass   1 (+++):  14 found -  14 modified     |    TOTAL:  14
pass   2 (+++):   0 found -  14 modified     |    TOTAL:  14
pass   1 (+++):   6 found -   6 modified     |    TOTAL:  20
pass   2 (+++):   0 found -   6 modified     |    TOTAL:  20
pass   1 (+++):  21 found -  21 modified     |    TOTAL:  41
pass   2 (+++):   0 found -  21 modified     |    TOTAL:  41
pass   1 (+++):  33 found -  33 modified     |    TOTAL:  74
pass   2 (+++):   0 found -  33 modified     |    TOTAL:  74
Iteration Number : 1
pass   1 (++):  45 found -  45 modified     |    TOTAL:  45
pass   2 (++):   0 found -  45 modified     |    TOTAL:  45
pass   1 (+-):  25 found -  25 modified     |    TOTAL:  70
pass   2 (+-):   0 found -  25 modified     |    TOTAL:  70
pass   1 (--):  46 found -  46 modified     |    TOTAL: 116
pass   2 (--):   0 found -  46 modified     |    TOTAL: 116
pass   1 (-+):  21 found -  21 modified     |    TOTAL: 137
pass   2 (-+):   0 found -  21 modified     |    TOTAL: 137
Iteration Number : 2
pass   1 (xy+):   3 found -   3 modified     |    TOTAL:   3
pass   2 (xy+):   0 found -   3 modified     |    TOTAL:   3
pass   1 (xy-):   6 found -   6 modified     |    TOTAL:   9
pass   2 (xy-):   0 found -   6 modified     |    TOTAL:   9
pass   1 (yz+):   3 found -   3 modified     |    TOTAL:  12
pass   2 (yz+):   0 found -   3 modified     |    TOTAL:  12
pass   1 (yz-):   6 found -   6 modified     |    TOTAL:  18
pass   2 (yz-):   0 found -   6 modified     |    TOTAL:  18
pass   1 (xz+):   0 found -   0 modified     |    TOTAL:  18
pass   1 (xz-):   5 found -   5 modified     |    TOTAL:  23
pass   2 (xz-):   0 found -   5 modified     |    TOTAL:  23
Iteration Number : 2
pass   1 (+++):   0 found -   0 modified     |    TOTAL:   0
pass   1 (+++):   2 found -   2 modified     |    TOTAL:   2
pass   2 (+++):   0 found -   2 modified     |    TOTAL:   2
pass   1 (+++):   2 found -   2 modified     |    TOTAL:   4
pass   2 (+++):   0 found -   2 modified     |    TOTAL:   4
pass   1 (+++):   4 found -   4 modified     |    TOTAL:   8
pass   2 (+++):   0 found -   4 modified     |    TOTAL:   8
Iteration Number : 2
pass   1 (++):   5 found -   5 modified     |    TOTAL:   5
pass   2 (++):   0 found -   5 modified     |    TOTAL:   5
pass   1 (+-):   3 found -   3 modified     |    TOTAL:   8
pass   2 (+-):   0 found -   3 modified     |    TOTAL:   8
pass   1 (--):   2 found -   2 modified     |    TOTAL:  10
pass   2 (--):   0 found -   2 modified     |    TOTAL:  10
pass   1 (-+):   2 found -   2 modified     |    TOTAL:  12
pass   2 (-+):   0 found -   2 modified     |    TOTAL:  12
Iteration Number : 3
pass   1 (xy+):   0 found -   0 modified     |    TOTAL:   0
pass   1 (xy-):   0 found -   0 modified     |    TOTAL:   0
pass   1 (yz+):   0 found -   0 modified     |    TOTAL:   0
pass   1 (yz-):   2 found -   2 modified     |    TOTAL:   2
pass   2 (yz-):   0 found -   2 modified     |    TOTAL:   2
pass   1 (xz+):   0 found -   0 modified     |    TOTAL:   2
pass   1 (xz-):   1 found -   1 modified     |    TOTAL:   3
pass   2 (xz-):   0 found -   1 modified     |    TOTAL:   3
Iteration Number : 3
pass   1 (+++):   0 found -   0 modified     |    TOTAL:   0
pass   1 (+++):   2 found -   2 modified     |    TOTAL:   2
pass   2 (+++):   0 found -   2 modified     |    TOTAL:   2
pass   1 (+++):   0 found -   0 modified     |    TOTAL:   2
pass   1 (+++):   0 found -   0 modified     |    TOTAL:   2
Iteration Number : 3
pass   1 (++):   1 found -   1 modified     |    TOTAL:   1
pass   2 (++):   0 found -   1 modified     |    TOTAL:   1
pass   1 (+-):   0 found -   0 modified     |    TOTAL:   1
pass   1 (--):   1 found -   1 modified     |    TOTAL:   2
pass   2 (--):   0 found -   1 modified     |    TOTAL:   2
pass   1 (-+):   1 found -   1 modified     |    TOTAL:   3
pass   2 (-+):   0 found -   1 modified     |    TOTAL:   3
Iteration Number : 4
pass   1 (xy+):   0 found -   0 modified     |    TOTAL:   0
pass   1 (xy-):   0 found -   0 modified     |    TOTAL:   0
pass   1 (yz+):   0 found -   0 modified     |    TOTAL:   0
pass   1 (yz-):   1 found -   1 modified     |    TOTAL:   1
pass   2 (yz-):   0 found -   1 modified     |    TOTAL:   1
pass   1 (xz+):   0 found -   0 modified     |    TOTAL:   1
pass   1 (xz-):   0 found -   0 modified     |    TOTAL:   1
Iteration Number : 4
pass   1 (+++):   0 found -   0 modified     |    TOTAL:   0
pass   1 (+++):   0 found -   0 modified     |    TOTAL:   0
pass   1 (+++):   0 found -   0 modified     |    TOTAL:   0
pass   1 (+++):   2 found -   2 modified     |    TOTAL:   2
pass   2 (+++):   0 found -   2 modified     |    TOTAL:   2
Iteration Number : 4
pass   1 (++):   0 found -   0 modified     |    TOTAL:   0
pass   1 (+-):   0 found -   0 modified     |    TOTAL:   0
pass   1 (--):   1 found -   1 modified     |    TOTAL:   1
pass   2 (--):   0 found -   1 modified     |    TOTAL:   1
pass   1 (-+):   0 found -   0 modified     |    TOTAL:   1
Iteration Number : 5
pass   1 (xy+):   0 found -   0 modified     |    TOTAL:   0
pass   1 (xy-):   0 found -   0 modified     |    TOTAL:   0
pass   1 (yz+):   0 found -   0 modified     |    TOTAL:   0
pass   1 (yz-):   0 found -   0 modified     |    TOTAL:   0
pass   1 (xz+):   0 found -   0 modified     |    TOTAL:   0
pass   1 (xz-):   1 found -   1 modified     |    TOTAL:   1
pass   2 (xz-):   0 found -   1 modified     |    TOTAL:   1
Iteration Number : 5
pass   1 (+++):   0 found -   0 modified     |    TOTAL:   0
pass   1 (+++):   2 found -   2 modified     |    TOTAL:   2
pass   2 (+++):   0 found -   2 modified     |    TOTAL:   2
pass   1 (+++):   0 found -   0 modified     |    TOTAL:   2
pass   1 (+++):   0 found -   0 modified     |    TOTAL:   2
Iteration Number : 5
pass   1 (++):   1 found -   1 modified     |    TOTAL:   1
pass   2 (++):   0 found -   1 modified     |    TOTAL:   1
pass   1 (+-):   0 found -   0 modified     |    TOTAL:   1
pass   1 (--):   0 found -   0 modified     |    TOTAL:   1
pass   1 (-+):   0 found -   0 modified     |    TOTAL:   1
Iteration Number : 6
pass   1 (xy+):   0 found -   0 modified     |    TOTAL:   0
pass   1 (xy-):   0 found -   0 modified     |    TOTAL:   0
pass   1 (yz+):   0 found -   0 modified     |    TOTAL:   0
pass   1 (yz-):   0 found -   0 modified     |    TOTAL:   0
pass   1 (xz+):   0 found -   0 modified     |    TOTAL:   0
pass   1 (xz-):   0 found -   0 modified     |    TOTAL:   0
Iteration Number : 6
pass   1 (+++):   0 found -   0 modified     |    TOTAL:   0
pass   1 (+++):   0 found -   0 modified     |    TOTAL:   0
pass   1 (+++):   0 found -   0 modified     |    TOTAL:   0
pass   1 (+++):   0 found -   0 modified     |    TOTAL:   0
Iteration Number : 6
pass   1 (++):   0 found -   0 modified     |    TOTAL:   0
pass   1 (+-):   0 found -   0 modified     |    TOTAL:   0
pass   1 (--):   0 found -   0 modified     |    TOTAL:   0
pass   1 (-+):   0 found -   0 modified     |    TOTAL:   0

Total Number of Modified Voxels = 382 (out of 711899: 0.053659)
binarizing input wm segmentation...
Ambiguous edge configurations... 

mri_pretess done

#--------------------------------------------
#@# Fill Sun Mar  8 21:18:17 CET 2026
/out/sourcedata/freesurfer/sub-v1s14x0051582_ses-1/mri

 mri_fill -a ../scripts/ponscc.cut.log -xform transforms/talairach.lta -segmentation aseg.presurf.mgz -ctab /opt/freesurfer/SubCorticalMassLUT.txt wm.mgz filled.mgz 

logging cutting plane coordinates to ../scripts/ponscc.cut.log...
INFO: Using transforms/talairach.lta and its offset for Talairach volume ...
using segmentation aseg.presurf.mgz...
reading input volume...done.
searching for cutting planes...voxel to talairach voxel transform
 0.99274  -0.06069   0.10512  -5.38704;
 0.02613   1.12052   0.26939  -78.76512;
-0.11636  -0.22087   0.96862   37.95687;
 0.00000   0.00000   0.00000   1.00000;
voxel to talairach voxel transform
 0.99274  -0.06069   0.10512  -5.38704;
 0.02613   1.12052   0.26939  -78.76512;
-0.11636  -0.22087   0.96862   37.95687;
 0.00000   0.00000   0.00000   1.00000;
reading segmented volume aseg.presurf.mgz
removing CC from segmentation
Looking for area (min, max) = (350, 1400)
area[0] = 1251 (min = 350, max = 1400), aspect = 0.53 (min = 0.10, max = 0.75)
no need to search
using seed (127, 124, 150), TAL = (1.0, 22.0, 4.0)
talairach voxel to voxel transform
 0.99287   0.03085  -0.11633   12.19382;
-0.04913   0.84454  -0.22955   74.96853;
 0.10807   0.19628   0.96608  -20.62733;
 0.00000   0.00000   0.00000   1.00000;
segmentation indicates cc at (127,  124,  150) --> (1.0, 22.0, 4.0)
done.
filling took 0.6 minutes
talairach cc position changed to (1.00, 22.00, 4.00)
Erasing brainstem...done.
seed_search_size = 9, min_neighbors = 5
search rh wm seed point around talairach space:(19.00, 22.00, 4.00) SRC: (106.79, 139.90, 160.40)
search lh wm seed point around talairach space (-17.00, 22.00, 4.00), SRC: (142.53, 138.13, 164.29)
compute mri_fill using aseg
Erasing Brain Stem and Cerebellum ...
Define left and right masks using aseg:
Building Voronoi diagram ...
Using the Voronoi diagram for separating WM into two hemispheres ...
Find the largest connected component for each hemisphere ...
Embedding colortable
mri_fill done, writing output to filled.mgz...
 cp filled.mgz filled.auto.mgz

Started at Sun Mar 8 20:06:36 CET 2026 
Ended   at Sun Mar 8 21:18:55 CET 2026
#@#%# recon-all-run-time-hours 1.205
recon-all -s sub-v1s14x0051582_ses-1 finished without error at Sun Mar  8 21:18:55 CET 2026



#New# invocation of recon-all 




Sun Mar  8 22:15:36 CET 2026
cd /out/sourcedata/freesurfer/sub-v1s14x0051582_ses-1
setenv SUBJECTS_DIR /out/sourcedata/freesurfer
/opt/freesurfer/bin/recon-all -parallel -subjid sub-v1s14x0051582_ses-1 -sd /out/sourcedata/freesurfer -cortribbon

subjid sub-v1s14x0051582_ses-1
setenv SUBJECTS_DIR /out/sourcedata/freesurfer
FREESURFER_HOME /opt/freesurfer
Actual FREESURFER_HOME /opt/freesurfer
build-stamp.txt: freesurfer-linux-ubuntu22_x86_64-7.3.2-20220804-6354275
Linux dna079 5.14.0-427.37.1.el9_4.x86_64 #1 SMP PREEMPT_DYNAMIC Fri Sep 13 12:41:50 EDT 2024 x86_64 x86_64 x86_64 GNU/Linux
cputime      unlimited
filesize     unlimited
datasize     unlimited
stacksize    8192 kbytes
coredumpsize 0 kbytes
memoryuse    67108864 kbytes
vmemoryuse   unlimited
descriptors  1024 
memorylocked unlimited
maxproc      2061970 
maxlocks     unlimited
maxsignal    2062029 
maxmessage   819200 
maxnice      0 
maxrtprio    0 
maxrttime    unlimited

               total        used        free      shared  buff/cache   available
Mem:           503Gi        52Gi       386Gi       9.2Gi        63Gi       438Gi
Swap:             0B          0B          0B

########################################
program versions used
7.3.2 (freesurfer-linux-ubuntu22_x86_64-7.3.2-20220804-6354275)
7.3.2

ProgramName: lta_convert  ProgramArguments: lta_convert -all-info  ProgramVersion: 7.3.2  TimeStamp: 2026/03/08-21:15:36-GMT  BuildTime: Aug  4 2022 06:17:15  BuildStamp: freesurfer-linux-ubuntu22_x86_64-7.3.2-20220804-6354275  User: oesteban  Machine: dna079  Platform: Linux  PlatformVersion: 5.14.0-427.37.1.el9_4.x86_64  CompilerName: GCC  CompilerVersion: 8.4.0
ProgramName: mri_and  ProgramArguments: mri_and -all-info  ProgramVersion: 7.3.2  TimeStamp: 2026/03/08-21:15:36-GMT  BuildTime: Aug  4 2022 06:17:15  BuildStamp: freesurfer-linux-ubuntu22_x86_64-7.3.2-20220804-6354275  User: oesteban  Machine: dna079  Platform: Linux  PlatformVersion: 5.14.0-427.37.1.el9_4.x86_64  CompilerName: GCC  CompilerVersion: 8.4.0
ProgramName: mri_annotation2label  ProgramArguments: mri_annotation2label -all-info  ProgramVersion: 7.3.2  TimeStamp: 2026/03/08-21:15:36-GMT  BuildTime: Aug  4 2022 06:17:15  BuildStamp: freesurfer-linux-ubuntu22_x86_64-7.3.2-20220804-6354275  User: oesteban  Machine: dna079  Platform: Linux  PlatformVersion: 5.14.0-427.37.1.el9_4.x86_64  CompilerName: GCC  CompilerVersion: 8.4.0
ProgramName: mri_aparc2aseg  ProgramArguments: mri_aparc2aseg -all-info  ProgramVersion: 7.3.2  TimeStamp: 2026/03/08-21:15:36-GMT  BuildTime: Aug  4 2022 06:17:15  BuildStamp: freesurfer-linux-ubuntu22_x86_64-7.3.2-20220804-6354275  User: oesteban  Machine: dna079  Platform: Linux  PlatformVersion: 5.14.0-427.37.1.el9_4.x86_64  CompilerName: GCC  CompilerVersion: 8.4.0
ProgramName: mri_surf2volseg  ProgramArguments: mri_surf2volseg -all-info  ProgramVersion: 7.3.2  TimeStamp: 2026/03/08-21:15:36-GMT  BuildTime: Aug  4 2022 06:17:15  BuildStamp: freesurfer-linux-ubuntu22_x86_64-7.3.2-20220804-6354275  User: oesteban  Machine: dna079  Platform: Linux  PlatformVersion: 5.14.0-427.37.1.el9_4.x86_64  CompilerName: GCC  CompilerVersion: 8.4.0
ProgramName: mri_binarize  ProgramArguments: mri_binarize -all-info  ProgramVersion: 7.3.2  TimeStamp: 2026/03/08-21:15:36-GMT  BuildTime: Aug  4 2022 06:17:15  BuildStamp: freesurfer-linux-ubuntu22_x86_64-7.3.2-20220804-6354275  User: oesteban  Machine: dna079  Platform: Linux  PlatformVersion: 5.14.0-427.37.1.el9_4.x86_64  CompilerName: GCC  CompilerVersion: 8.4.0
ProgramName: mri_ca_label  ProgramArguments: mri_ca_label -all-info  ProgramVersion: 7.3.2  TimeStamp: 2026/03/08-21:15:36-GMT  BuildTime: Aug  4 2022 06:17:15  BuildStamp: freesurfer-linux-ubuntu22_x86_64-7.3.2-20220804-6354275  User: oesteban  Machine: dna079  Platform: Linux  PlatformVersion: 5.14.0-427.37.1.el9_4.x86_64  CompilerName: GCC  CompilerVersion: 8.4.0
ProgramName: mri_ca_normalize  ProgramArguments: mri_ca_normalize -all-info  ProgramVersion: 7.3.2  TimeStamp: 2026/03/08-21:15:36-GMT  BuildTime: Aug  4 2022 06:17:15  BuildStamp: freesurfer-linux-ubuntu22_x86_64-7.3.2-20220804-6354275  User: oesteban  Machine: dna079  Platform: Linux  PlatformVersion: 5.14.0-427.37.1.el9_4.x86_64  CompilerName: GCC  CompilerVersion: 8.4.0
ProgramName: mri_ca_register  ProgramArguments: mri_ca_register -all-info  ProgramVersion: 7.3.2  TimeStamp: 2026/03/08-21:15:36-GMT  BuildTime: Aug  4 2022 06:17:15  BuildStamp: freesurfer-linux-ubuntu22_x86_64-7.3.2-20220804-6354275  User: oesteban  Machine: dna079  Platform: Linux  PlatformVersion: 5.14.0-427.37.1.el9_4.x86_64  CompilerName: GCC  CompilerVersion: 8.4.0
ProgramName: mri_cc  ProgramArguments: mri_cc -all-info  ProgramVersion: 7.3.2  TimeStamp: 2026/03/08-21:15:36-GMT  BuildTime: Aug  4 2022 06:17:15  BuildStamp: freesurfer-linux-ubuntu22_x86_64-7.3.2-20220804-6354275  User: oesteban  Machine: dna079  Platform: Linux  PlatformVersion: 5.14.0-427.37.1.el9_4.x86_64  CompilerName: GCC  CompilerVersion: 8.4.0
ProgramName: mri_compute_overlap  ProgramArguments: mri_compute_overlap -all-info  ProgramVersion: 7.3.2  TimeStamp: 2026/03/08-21:15:36-GMT  BuildTime: Aug  4 2022 06:17:15  BuildStamp: freesurfer-linux-ubuntu22_x86_64-7.3.2-20220804-6354275  User: oesteban  Machine: dna079  Platform: Linux  PlatformVersion: 5.14.0-427.37.1.el9_4.x86_64  CompilerName: GCC  CompilerVersion: 8.4.0
ProgramName: mri_compute_seg_overlap  ProgramArguments: mri_compute_seg_overlap -all-info  ProgramVersion: 7.3.2  TimeStamp: 2026/03/08-21:15:36-GMT  BuildTime: Aug  4 2022 06:17:15  BuildStamp: freesurfer-linux-ubuntu22_x86_64-7.3.2-20220804-6354275  User: oesteban  Machine: dna079  Platform: Linux  PlatformVersion: 5.14.0-427.37.1.el9_4.x86_64  CompilerName: GCC  CompilerVersion: 8.4.0
ProgramName: mri_concat  ProgramArguments: mri_concat -all-info  ProgramVersion: 7.3.2  TimeStamp: 2026/03/08-21:15:36-GMT  BuildTime: Aug  4 2022 06:17:15  BuildStamp: freesurfer-linux-ubuntu22_x86_64-7.3.2-20220804-6354275  User: oesteban  Machine: dna079  Platform: Linux  PlatformVersion: 5.14.0-427.37.1.el9_4.x86_64  CompilerName: GCC  CompilerVersion: 8.4.0
ProgramName: mri_concatenate_lta  ProgramArguments: mri_concatenate_lta -all-info  ProgramVersion: 7.3.2  TimeStamp: 2026/03/08-21:15:36-GMT  BuildTime: Aug  4 2022 06:17:15  BuildStamp: freesurfer-linux-ubuntu22_x86_64-7.3.2-20220804-6354275  User: oesteban  Machine: dna079  Platform: Linux  PlatformVersion: 5.14.0-427.37.1.el9_4.x86_64  CompilerName: GCC  CompilerVersion: 8.4.0
mri_convert -all-info 
ProgramName: mri_convert  ProgramArguments: mri_convert -all-info  ProgramVersion: 7.3.2  TimeStamp: 2026/03/08-21:15:36-GMT  BuildTime: Aug  4 2022 06:17:15  BuildStamp: freesurfer-linux-ubuntu22_x86_64-7.3.2-20220804-6354275  User: oesteban  Machine: dna079  Platform: Linux  PlatformVersion: 5.14.0-427.37.1.el9_4.x86_64  CompilerName: GCC  CompilerVersion: 8.4.0
ProgramName: mri_diff  ProgramArguments: mri_diff -all-info  ProgramVersion: 7.3.2  TimeStamp: 2026/03/08-21:15:36-GMT  BuildTime: Aug  4 2022 06:17:15  BuildStamp: freesurfer-linux-ubuntu22_x86_64-7.3.2-20220804-6354275  User: oesteban  Machine: dna079  Platform: Linux  PlatformVersion: 5.14.0-427.37.1.el9_4.x86_64  CompilerName: GCC  CompilerVersion: 8.4.0
ProgramName: mri_edit_wm_with_aseg  ProgramArguments: mri_edit_wm_with_aseg -all-info  ProgramVersion: 7.3.2  TimeStamp: 2026/03/08-21:15:36-GMT  BuildTime: Aug  4 2022 06:17:15  BuildStamp: freesurfer-linux-ubuntu22_x86_64-7.3.2-20220804-6354275  User: oesteban  Machine: dna079  Platform: Linux  PlatformVersion: 5.14.0-427.37.1.el9_4.x86_64  CompilerName: GCC  CompilerVersion: 8.4.0
ProgramName: mri_em_register  ProgramArguments: mri_em_register -all-info  ProgramVersion: 7.3.2  TimeStamp: 2026/03/08-21:15:36-GMT  BuildTime: Aug  4 2022 06:17:15  BuildStamp: freesurfer-linux-ubuntu22_x86_64-7.3.2-20220804-6354275  User: oesteban  Machine: dna079  Platform: Linux  PlatformVersion: 5.14.0-427.37.1.el9_4.x86_64  CompilerName: GCC  CompilerVersion: 8.4.0
ProgramName: mri_fill  ProgramArguments: mri_fill -all-info  ProgramVersion: 7.3.2  TimeStamp: 2026/03/08-21:15:36-GMT  BuildTime: Aug  4 2022 06:17:15  BuildStamp: freesurfer-linux-ubuntu22_x86_64-7.3.2-20220804-6354275  User: oesteban  Machine: dna079  Platform: Linux  PlatformVersion: 5.14.0-427.37.1.el9_4.x86_64  CompilerName: GCC  CompilerVersion: 8.4.0
ProgramName: mri_fuse_segmentations  ProgramArguments: mri_fuse_segmentations -all-info  ProgramVersion: 7.3.2  TimeStamp: 2026/03/08-21:15:36-GMT  BuildTime: Aug  4 2022 06:17:15  BuildStamp: freesurfer-linux-ubuntu22_x86_64-7.3.2-20220804-6354275  User: oesteban  Machine: dna079  Platform: Linux  PlatformVersion: 5.14.0-427.37.1.el9_4.x86_64  CompilerName: GCC  CompilerVersion: 8.4.0
ProgramName: mri_fwhm  ProgramArguments: mri_fwhm -all-info  ProgramVersion: 7.3.2  TimeStamp: 2026/03/08-21:15:36-GMT  BuildTime: Aug  4 2022 06:17:15  BuildStamp: freesurfer-linux-ubuntu22_x86_64-7.3.2-20220804-6354275  User: oesteban  Machine: dna079  Platform: Linux  PlatformVersion: 5.14.0-427.37.1.el9_4.x86_64  CompilerName: GCC  CompilerVersion: 8.4.0
ProgramName: mri_gcut  ProgramArguments: mri_gcut -all-info  ProgramVersion: 7.3.2  TimeStamp: 2026/03/08-21:15:36-GMT  BuildTime: Aug  4 2022 06:17:15  BuildStamp: freesurfer-linux-ubuntu22_x86_64-7.3.2-20220804-6354275  User: oesteban  Machine: dna079  Platform: Linux  PlatformVersion: 5.14.0-427.37.1.el9_4.x86_64  CompilerName: GCC  CompilerVersion: 8.4.0
ProgramName: mri_info  ProgramArguments: mri_info -all-info  ProgramVersion: 7.3.2  TimeStamp: 2026/03/08-21:15:36-GMT  BuildTime: Aug  4 2022 06:17:15  BuildStamp: freesurfer-linux-ubuntu22_x86_64-7.3.2-20220804-6354275  User: oesteban  Machine: dna079  Platform: Linux  PlatformVersion: 5.14.0-427.37.1.el9_4.x86_64  CompilerName: GCC  CompilerVersion: 8.4.0
ProgramName: mri_label2label  ProgramArguments: mri_label2label -all-info  ProgramVersion: 7.3.2  TimeStamp: 2026/03/08-21:15:36-GMT  BuildTime: Aug  4 2022 06:17:15  BuildStamp: freesurfer-linux-ubuntu22_x86_64-7.3.2-20220804-6354275  User: oesteban  Machine: dna079  Platform: Linux  PlatformVersion: 5.14.0-427.37.1.el9_4.x86_64  CompilerName: GCC  CompilerVersion: 8.4.0
ProgramName: mri_label2vol  ProgramArguments: mri_label2vol -all-info  ProgramVersion: 7.3.2  TimeStamp: 2026/03/08-21:15:36-GMT  BuildTime: Aug  4 2022 06:17:15  BuildStamp: freesurfer-linux-ubuntu22_x86_64-7.3.2-20220804-6354275  User: oesteban  Machine: dna079  Platform: Linux  PlatformVersion: 5.14.0-427.37.1.el9_4.x86_64  CompilerName: GCC  CompilerVersion: 8.4.0
ProgramName: mri_log_likelihood  ProgramArguments: mri_log_likelihood -all-info  ProgramVersion: 7.3.2  TimeStamp: 2026/03/08-21:15:36-GMT  BuildTime: Aug  4 2022 06:17:15  BuildStamp: freesurfer-linux-ubuntu22_x86_64-7.3.2-20220804-6354275  User: oesteban  Machine: dna079  Platform: Linux  PlatformVersion: 5.14.0-427.37.1.el9_4.x86_64  CompilerName: GCC  CompilerVersion: 8.4.0
ProgramName: mri_mask  ProgramArguments: mri_mask -all-info  ProgramVersion: 7.3.2  TimeStamp: 2026/03/08-21:15:36-GMT  BuildTime: Aug  4 2022 06:17:15  BuildStamp: freesurfer-linux-ubuntu22_x86_64-7.3.2-20220804-6354275  User: oesteban  Machine: dna079  Platform: Linux  PlatformVersion: 5.14.0-427.37.1.el9_4.x86_64  CompilerName: GCC  CompilerVersion: 8.4.0
ProgramName: mri_matrix_multiply  ProgramArguments: mri_matrix_multiply -all-info  ProgramVersion: 7.3.2  TimeStamp: 2026/03/08-21:15:36-GMT  BuildTime: Aug  4 2022 06:17:15  BuildStamp: freesurfer-linux-ubuntu22_x86_64-7.3.2-20220804-6354275  User: oesteban  Machine: dna079  Platform: Linux  PlatformVersion: 5.14.0-427.37.1.el9_4.x86_64  CompilerName: GCC  CompilerVersion: 8.4.0
ProgramName: mri_normalize  ProgramArguments: mri_normalize -all-info  ProgramVersion: 7.3.2  TimeStamp: 2026/03/08-21:15:36-GMT  BuildTime: Aug  4 2022 06:17:15  BuildStamp: freesurfer-linux-ubuntu22_x86_64-7.3.2-20220804-6354275  User: oesteban  Machine: dna079  Platform: Linux  PlatformVersion: 5.14.0-427.37.1.el9_4.x86_64  CompilerName: GCC  CompilerVersion: 8.4.0
ProgramName: mri_normalize_tp2  ProgramArguments: mri_normalize_tp2 -all-info  ProgramVersion: 7.3.2  TimeStamp: 2026/03/08-21:15:36-GMT  BuildTime: Aug  4 2022 06:17:15  BuildStamp: freesurfer-linux-ubuntu22_x86_64-7.3.2-20220804-6354275  User: oesteban  Machine: dna079  Platform: Linux  PlatformVersion: 5.14.0-427.37.1.el9_4.x86_64  CompilerName: GCC  CompilerVersion: 8.4.0
ProgramName: mri_or  ProgramArguments: mri_or -all-info  ProgramVersion: 7.3.2  TimeStamp: 2026/03/08-21:15:36-GMT  BuildTime: Aug  4 2022 06:17:15  BuildStamp: freesurfer-linux-ubuntu22_x86_64-7.3.2-20220804-6354275  User: oesteban  Machine: dna079  Platform: Linux  PlatformVersion: 5.14.0-427.37.1.el9_4.x86_64  CompilerName: GCC  CompilerVersion: 8.4.0
ProgramName: mri_relabel_hypointensities  ProgramArguments: mri_relabel_hypointensities -all-info  ProgramVersion: 7.3.2  TimeStamp: 2026/03/08-21:15:36-GMT  BuildTime: Aug  4 2022 06:17:15  BuildStamp: freesurfer-linux-ubuntu22_x86_64-7.3.2-20220804-6354275  User: oesteban  Machine: dna079  Platform: Linux  PlatformVersion: 5.14.0-427.37.1.el9_4.x86_64  CompilerName: GCC  CompilerVersion: 8.4.0
ProgramName: mri_relabel_nonwm_hypos  ProgramArguments: mri_relabel_nonwm_hypos -all-info  ProgramVersion: 7.3.2  TimeStamp: 2026/03/08-21:15:36-GMT  BuildTime: Aug  4 2022 06:17:15  BuildStamp: freesurfer-linux-ubuntu22_x86_64-7.3.2-20220804-6354275  User: oesteban  Machine: dna079  Platform: Linux  PlatformVersion: 5.14.0-427.37.1.el9_4.x86_64  CompilerName: GCC  CompilerVersion: 8.4.0
ProgramName: mri_remove_neck  ProgramArguments: mri_remove_neck -all-info  ProgramVersion: 7.3.2  TimeStamp: 2026/03/08-21:15:36-GMT  BuildTime: Aug  4 2022 06:17:15  BuildStamp: freesurfer-linux-ubuntu22_x86_64-7.3.2-20220804-6354275  User: oesteban  Machine: dna079  Platform: Linux  PlatformVersion: 5.14.0-427.37.1.el9_4.x86_64  CompilerName: GCC  CompilerVersion: 8.4.0
7.3.2

ProgramName: mri_robust_register  ProgramArguments: mri_robust_register -all-info  ProgramVersion: 7.3.2  TimeStamp: 2026/03/08-21:15:36-GMT  BuildTime: Aug  4 2022 06:17:15  BuildStamp: freesurfer-linux-ubuntu22_x86_64-7.3.2-20220804-6354275  User: oesteban  Machine: dna079  Platform: Linux  PlatformVersion: 5.14.0-427.37.1.el9_4.x86_64  CompilerName: GCC  CompilerVersion: 8.4.0
7.3.2

ProgramName: mri_robust_template  ProgramArguments: mri_robust_template -all-info  ProgramVersion: 7.3.2  TimeStamp: 2026/03/08-21:15:36-GMT  BuildTime: Aug  4 2022 06:17:15  BuildStamp: freesurfer-linux-ubuntu22_x86_64-7.3.2-20220804-6354275  User: oesteban  Machine: dna079  Platform: Linux  PlatformVersion: 5.14.0-427.37.1.el9_4.x86_64  CompilerName: GCC  CompilerVersion: 8.4.0
ProgramName: mris_anatomical_stats  ProgramArguments: mris_anatomical_stats -all-info  ProgramVersion: 7.3.2  TimeStamp: 2026/03/08-21:15:36-GMT  BuildTime: Aug  4 2022 06:17:15  BuildStamp: freesurfer-linux-ubuntu22_x86_64-7.3.2-20220804-6354275  User: oesteban  Machine: dna079  Platform: Linux  PlatformVersion: 5.14.0-427.37.1.el9_4.x86_64  CompilerName: GCC  CompilerVersion: 8.4.0
ProgramName: mris_ca_label  ProgramArguments: mris_ca_label -all-info  ProgramVersion: 7.3.2  TimeStamp: 2026/03/08-21:15:36-GMT  BuildTime: Aug  4 2022 06:17:15  BuildStamp: freesurfer-linux-ubuntu22_x86_64-7.3.2-20220804-6354275  User: oesteban  Machine: dna079  Platform: Linux  PlatformVersion: 5.14.0-427.37.1.el9_4.x86_64  CompilerName: GCC  CompilerVersion: 8.4.0
ProgramName: mris_calc  ProgramArguments: mris_calc -all-info  ProgramVersion: 7.3.2  TimeStamp: 2026/03/08-21:15:36-GMT  BuildTime: Aug  4 2022 06:17:15  BuildStamp: freesurfer-linux-ubuntu22_x86_64-7.3.2-20220804-6354275  User: oesteban  Machine: dna079  Platform: Linux  PlatformVersion: 5.14.0-427.37.1.el9_4.x86_64  CompilerName: GCC  CompilerVersion: 8.4.0
ProgramName: mris_convert  ProgramArguments: mris_convert -all-info  ProgramVersion: 7.3.2  TimeStamp: 2026/03/08-21:15:36-GMT  BuildTime: Aug  4 2022 06:17:15  BuildStamp: freesurfer-linux-ubuntu22_x86_64-7.3.2-20220804-6354275  User: oesteban  Machine: dna079  Platform: Linux  PlatformVersion: 5.14.0-427.37.1.el9_4.x86_64  CompilerName: GCC  CompilerVersion: 8.4.0
ProgramName: mris_curvature  ProgramArguments: mris_curvature -all-info  ProgramVersion: 7.3.2  TimeStamp: 2026/03/08-21:15:36-GMT  BuildTime: Aug  4 2022 06:17:15  BuildStamp: freesurfer-linux-ubuntu22_x86_64-7.3.2-20220804-6354275  User: oesteban  Machine: dna079  Platform: Linux  PlatformVersion: 5.14.0-427.37.1.el9_4.x86_64  CompilerName: GCC  CompilerVersion: 8.4.0
ProgramName: mris_curvature_stats  ProgramArguments: mris_curvature_stats -all-info  ProgramVersion: 7.3.2  TimeStamp: 2026/03/08-21:15:36-GMT  BuildTime: Aug  4 2022 06:17:15  BuildStamp: freesurfer-linux-ubuntu22_x86_64-7.3.2-20220804-6354275  User: oesteban  Machine: dna079  Platform: Linux  PlatformVersion: 5.14.0-427.37.1.el9_4.x86_64  CompilerName: GCC  CompilerVersion: 8.4.0
ProgramName: mris_diff  ProgramArguments: mris_diff -all-info  ProgramVersion: 7.3.2  TimeStamp: 2026/03/08-21:15:36-GMT  BuildTime: Aug  4 2022 06:17:15  BuildStamp: freesurfer-linux-ubuntu22_x86_64-7.3.2-20220804-6354275  User: oesteban  Machine: dna079  Platform: Linux  PlatformVersion: 5.14.0-427.37.1.el9_4.x86_64  CompilerName: GCC  CompilerVersion: 8.4.0
ProgramName: mris_divide_parcellation  ProgramArguments: mris_divide_parcellation -all-info  ProgramVersion: 7.3.2  TimeStamp: 2026/03/08-21:15:36-GMT  BuildTime: Aug  4 2022 06:17:15  BuildStamp: freesurfer-linux-ubuntu22_x86_64-7.3.2-20220804-6354275  User: oesteban  Machine: dna079  Platform: Linux  PlatformVersion: 5.14.0-427.37.1.el9_4.x86_64  CompilerName: GCC  CompilerVersion: 8.4.0
ProgramName: mri_segment  ProgramArguments: mri_segment -all-info  ProgramVersion: 7.3.2  TimeStamp: 2026/03/08-21:15:36-GMT  BuildTime: Aug  4 2022 06:17:15  BuildStamp: freesurfer-linux-ubuntu22_x86_64-7.3.2-20220804-6354275  User: oesteban  Machine: dna079  Platform: Linux  PlatformVersion: 5.14.0-427.37.1.el9_4.x86_64  CompilerName: GCC  CompilerVersion: 8.4.0
ProgramName: mri_segstats  ProgramArguments: mri_segstats -all-info  ProgramVersion: 7.3.2  TimeStamp: 2026/03/08-21:15:36-GMT  BuildTime: Aug  4 2022 06:17:15  BuildStamp: freesurfer-linux-ubuntu22_x86_64-7.3.2-20220804-6354275  User: oesteban  Machine: dna079  Platform: Linux  PlatformVersion: 5.14.0-427.37.1.el9_4.x86_64  CompilerName: GCC  CompilerVersion: 8.4.0
ProgramName: mris_euler_number  ProgramArguments: mris_euler_number -all-info  ProgramVersion: 7.3.2  TimeStamp: 2026/03/08-21:15:36-GMT  BuildTime: Aug  4 2022 06:17:15  BuildStamp: freesurfer-linux-ubuntu22_x86_64-7.3.2-20220804-6354275  User: oesteban  Machine: dna079  Platform: Linux  PlatformVersion: 5.14.0-427.37.1.el9_4.x86_64  CompilerName: GCC  CompilerVersion: 8.4.0
ProgramName: mris_fix_topology  ProgramArguments: mris_fix_topology -all-info  ProgramVersion: 7.3.2  TimeStamp: 2026/03/08-21:15:36-GMT  BuildTime: Aug  4 2022 06:17:15  BuildStamp: freesurfer-linux-ubuntu22_x86_64-7.3.2-20220804-6354275  User: oesteban  Machine: dna079  Platform: Linux  PlatformVersion: 5.14.0-427.37.1.el9_4.x86_64  CompilerName: GCC  CompilerVersion: 8.4.0
ProgramName: mris_topo_fixer  ProgramArguments: mris_topo_fixer -all-info  ProgramVersion: 7.3.2  TimeStamp: 2026/03/08-21:15:36-GMT  BuildTime: Aug  4 2022 06:17:15  BuildStamp: freesurfer-linux-ubuntu22_x86_64-7.3.2-20220804-6354275  User: oesteban  Machine: dna079  Platform: Linux  PlatformVersion: 5.14.0-427.37.1.el9_4.x86_64  CompilerName: GCC  CompilerVersion: 8.4.0
ProgramName: mris_jacobian  ProgramArguments: mris_jacobian -all-info  ProgramVersion: 7.3.2  TimeStamp: 2026/03/08-21:15:36-GMT  BuildTime: Aug  4 2022 06:17:15  BuildStamp: freesurfer-linux-ubuntu22_x86_64-7.3.2-20220804-6354275  User: oesteban  Machine: dna079  Platform: Linux  PlatformVersion: 5.14.0-427.37.1.el9_4.x86_64  CompilerName: GCC  CompilerVersion: 8.4.0
ProgramName: mris_label2annot  ProgramArguments: mris_label2annot -all-info  ProgramVersion: 7.3.2  TimeStamp: 2026/03/08-21:15:36-GMT  BuildTime: Aug  4 2022 06:17:15  BuildStamp: freesurfer-linux-ubuntu22_x86_64-7.3.2-20220804-6354275  User: oesteban  Machine: dna079  Platform: Linux  PlatformVersion: 5.14.0-427.37.1.el9_4.x86_64  CompilerName: GCC  CompilerVersion: 8.4.0
ProgramName: mris_left_right_register  ProgramArguments: mris_left_right_register -all-info  ProgramVersion: 7.3.2  TimeStamp: 2026/03/08-21:15:36-GMT  BuildTime: Aug  4 2022 06:17:15  BuildStamp: freesurfer-linux-ubuntu22_x86_64-7.3.2-20220804-6354275  User: oesteban  Machine: dna079  Platform: Linux  PlatformVersion: 5.14.0-427.37.1.el9_4.x86_64  CompilerName: GCC  CompilerVersion: 8.4.0
ProgramName: mris_place_surface  ProgramArguments: mris_place_surface -all-info  ProgramVersion: 7.3.2  TimeStamp: 2026/03/08-21:15:36-GMT  BuildTime: Aug  4 2022 06:17:15  BuildStamp: freesurfer-linux-ubuntu22_x86_64-7.3.2-20220804-6354275  User: oesteban  Machine: dna079  Platform: Linux  PlatformVersion: 5.14.0-427.37.1.el9_4.x86_64  CompilerName: GCC  CompilerVersion: 8.4.0
ProgramName: mrisp_paint  ProgramArguments: mrisp_paint -all-info  ProgramVersion: 7.3.2  TimeStamp: 2026/03/08-21:15:36-GMT  BuildTime: Aug  4 2022 06:17:15  BuildStamp: freesurfer-linux-ubuntu22_x86_64-7.3.2-20220804-6354275  User: oesteban  Machine: dna079  Platform: Linux  PlatformVersion: 5.14.0-427.37.1.el9_4.x86_64  CompilerName: GCC  CompilerVersion: 8.4.0
ProgramName: mris_register  ProgramArguments: mris_register -all-info  ProgramVersion: 7.3.2  TimeStamp: 2026/03/08-21:15:36-GMT  BuildTime: Aug  4 2022 06:17:15  BuildStamp: freesurfer-linux-ubuntu22_x86_64-7.3.2-20220804-6354275  User: oesteban  Machine: dna079  Platform: Linux  PlatformVersion: 5.14.0-427.37.1.el9_4.x86_64  CompilerName: GCC  CompilerVersion: 8.4.0
ProgramName: mris_smooth  ProgramArguments: mris_smooth -all-info  ProgramVersion: 7.3.2  TimeStamp: 2026/03/08-21:15:36-GMT  BuildTime: Aug  4 2022 06:17:15  BuildStamp: freesurfer-linux-ubuntu22_x86_64-7.3.2-20220804-6354275  User: oesteban  Machine: dna079  Platform: Linux  PlatformVersion: 5.14.0-427.37.1.el9_4.x86_64  CompilerName: GCC  CompilerVersion: 8.4.0
ProgramName: mris_sphere  ProgramArguments: mris_sphere -all-info  ProgramVersion: 7.3.2  TimeStamp: 2026/03/08-21:15:36-GMT  BuildTime: Aug  4 2022 06:17:15  BuildStamp: freesurfer-linux-ubuntu22_x86_64-7.3.2-20220804-6354275  User: oesteban  Machine: dna079  Platform: Linux  PlatformVersion: 5.14.0-427.37.1.el9_4.x86_64  CompilerName: GCC  CompilerVersion: 8.4.0
ProgramName: mris_surface_stats  ProgramArguments: mris_surface_stats -all-info  ProgramVersion: 7.3.2  TimeStamp: 2026/03/08-21:15:36-GMT  BuildTime: Aug  4 2022 06:17:15  BuildStamp: freesurfer-linux-ubuntu22_x86_64-7.3.2-20220804-6354275  User: oesteban  Machine: dna079  Platform: Linux  PlatformVersion: 5.14.0-427.37.1.el9_4.x86_64  CompilerName: GCC  CompilerVersion: 8.4.0
ProgramName: mri_stats2seg  ProgramArguments: mri_stats2seg -all-info  ProgramVersion: 7.3.2  TimeStamp: 2026/03/08-21:15:36-GMT  BuildTime: Aug  4 2022 06:17:15  BuildStamp: freesurfer-linux-ubuntu22_x86_64-7.3.2-20220804-6354275  User: oesteban  Machine: dna079  Platform: Linux  PlatformVersion: 5.14.0-427.37.1.el9_4.x86_64  CompilerName: GCC  CompilerVersion: 8.4.0
ProgramName: mris_thickness  ProgramArguments: mris_thickness -all-info  ProgramVersion: 7.3.2  TimeStamp: 2026/03/08-21:15:36-GMT  BuildTime: Aug  4 2022 06:17:15  BuildStamp: freesurfer-linux-ubuntu22_x86_64-7.3.2-20220804-6354275  User: oesteban  Machine: dna079  Platform: Linux  PlatformVersion: 5.14.0-427.37.1.el9_4.x86_64  CompilerName: GCC  CompilerVersion: 8.4.0
ProgramName: mris_thickness_diff  ProgramArguments: mris_thickness_diff -all-info  ProgramVersion: 7.3.2  TimeStamp: 2026/03/08-21:15:36-GMT  BuildTime: Aug  4 2022 06:17:15  BuildStamp: freesurfer-linux-ubuntu22_x86_64-7.3.2-20220804-6354275  User: oesteban  Machine: dna079  Platform: Linux  PlatformVersion: 5.14.0-427.37.1.el9_4.x86_64  CompilerName: GCC  CompilerVersion: 8.4.0
ProgramName: mris_topo_fixer  ProgramArguments: mris_topo_fixer -all-info  ProgramVersion: 7.3.2  TimeStamp: 2026/03/08-21:15:36-GMT  BuildTime: Aug  4 2022 06:17:15  BuildStamp: freesurfer-linux-ubuntu22_x86_64-7.3.2-20220804-6354275  User: oesteban  Machine: dna079  Platform: Linux  PlatformVersion: 5.14.0-427.37.1.el9_4.x86_64  CompilerName: GCC  CompilerVersion: 8.4.0
ProgramName: mri_surf2surf  ProgramArguments: mri_surf2surf -all-info  ProgramVersion: 7.3.2  TimeStamp: 2026/03/08-21:15:36-GMT  BuildTime: Aug  4 2022 06:17:15  BuildStamp: freesurfer-linux-ubuntu22_x86_64-7.3.2-20220804-6354275  User: oesteban  Machine: dna079  Platform: Linux  PlatformVersion: 5.14.0-427.37.1.el9_4.x86_64  CompilerName: GCC  CompilerVersion: 8.4.0
ProgramName: mri_surf2vol  ProgramArguments: mri_surf2vol -all-info  ProgramVersion: 7.3.2  TimeStamp: 2026/03/08-21:15:36-GMT  BuildTime: Aug  4 2022 06:17:15  BuildStamp: freesurfer-linux-ubuntu22_x86_64-7.3.2-20220804-6354275  User: oesteban  Machine: dna079  Platform: Linux  PlatformVersion: 5.14.0-427.37.1.el9_4.x86_64  CompilerName: GCC  CompilerVersion: 8.4.0
ProgramName: mri_surfcluster  ProgramArguments: mri_surfcluster -all-info  ProgramVersion: 7.3.2  TimeStamp: 2026/03/08-21:15:36-GMT  BuildTime: Aug  4 2022 06:17:15  BuildStamp: freesurfer-linux-ubuntu22_x86_64-7.3.2-20220804-6354275  User: oesteban  Machine: dna079  Platform: Linux  PlatformVersion: 5.14.0-427.37.1.el9_4.x86_64  CompilerName: GCC  CompilerVersion: 8.4.0
ProgramName: mris_volmask  ProgramArguments: mris_volmask -all-info  ProgramVersion: 7.3.2  TimeStamp: 2026/03/08-21:15:36-GMT  BuildTime: Aug  4 2022 06:17:15  BuildStamp: freesurfer-linux-ubuntu22_x86_64-7.3.2-20220804-6354275  User: oesteban  Machine: dna079  Platform: Linux  PlatformVersion: 5.14.0-427.37.1.el9_4.x86_64  CompilerName: GCC  CompilerVersion: 8.4.0
ProgramName: mri_tessellate  ProgramArguments: mri_tessellate -all-info  ProgramVersion: 7.3.2  TimeStamp: 2026/03/08-21:15:36-GMT  BuildTime: Aug  4 2022 06:17:15  BuildStamp: freesurfer-linux-ubuntu22_x86_64-7.3.2-20220804-6354275  User: oesteban  Machine: dna079  Platform: Linux  PlatformVersion: 5.14.0-427.37.1.el9_4.x86_64  CompilerName: GCC  CompilerVersion: 8.4.0
ProgramName: mri_vol2surf  ProgramArguments: mri_vol2surf -all-info  ProgramVersion: 7.3.2  TimeStamp: 2026/03/08-21:15:36-GMT  BuildTime: Aug  4 2022 06:17:15  BuildStamp: freesurfer-linux-ubuntu22_x86_64-7.3.2-20220804-6354275  User: oesteban  Machine: dna079  Platform: Linux  PlatformVersion: 5.14.0-427.37.1.el9_4.x86_64  CompilerName: GCC  CompilerVersion: 8.4.0
ProgramName: mri_vol2vol  ProgramArguments: mri_vol2vol -all-info  ProgramVersion: 7.3.2  TimeStamp: 2026/03/08-21:15:36-GMT  BuildTime: Aug  4 2022 06:17:15  BuildStamp: freesurfer-linux-ubuntu22_x86_64-7.3.2-20220804-6354275  User: oesteban  Machine: dna079  Platform: Linux  PlatformVersion: 5.14.0-427.37.1.el9_4.x86_64  CompilerName: GCC  CompilerVersion: 8.4.0
ProgramName: mri_voldiff  ProgramArguments: mri_voldiff -all-info  ProgramVersion: 7.3.2  TimeStamp: 2026/03/08-21:15:36-GMT  BuildTime: Aug  4 2022 06:17:15  BuildStamp: freesurfer-linux-ubuntu22_x86_64-7.3.2-20220804-6354275  User: oesteban  Machine: dna079  Platform: Linux  PlatformVersion: 5.14.0-427.37.1.el9_4.x86_64  CompilerName: GCC  CompilerVersion: 8.4.0
ProgramName: mri_watershed  ProgramArguments: mri_watershed -all-info  ProgramVersion: 7.3.2  TimeStamp: 2026/03/08-21:15:36-GMT  BuildTime: Aug  4 2022 06:17:15  BuildStamp: freesurfer-linux-ubuntu22_x86_64-7.3.2-20220804-6354275  User: oesteban  Machine: dna079  Platform: Linux  PlatformVersion: 5.14.0-427.37.1.el9_4.x86_64  CompilerName: GCC  CompilerVersion: 8.4.0
ProgramName: tkregister2  ProgramArguments: tkregister2_cmdl -all-info  ProgramVersion: 7.3.2  TimeStamp: 2026/03/08-21:15:36-GMT  BuildTime: Aug  4 2022 06:17:15  BuildStamp: freesurfer-linux-ubuntu22_x86_64-7.3.2-20220804-6354275  User: oesteban  Machine: dna079  Platform: Linux  PlatformVersion: 5.14.0-427.37.1.el9_4.x86_64  CompilerName: GCC  CompilerVersion: 8.4.0
mri_motion_correct.fsl 7.3.2
mri_convert -all-info 
ProgramName: mri_convert  ProgramArguments: mri_convert -all-info  ProgramVersion: 7.3.2  TimeStamp: 2026/03/08-21:15:36-GMT  BuildTime: Aug  4 2022 06:17:15  BuildStamp: freesurfer-linux-ubuntu22_x86_64-7.3.2-20220804-6354275  User: oesteban  Machine: dna079  Platform: Linux  PlatformVersion: 5.14.0-427.37.1.el9_4.x86_64  CompilerName: GCC  CompilerVersion: 8.4.0
Program nu_correct, built from:
Package MNI N3, version 1.12.0, compiled by nicks@terrier (x86_64-unknown-linux-gnu) on 2015-06-19 at 01:25:34
#######################################
GCADIR /opt/freesurfer/average
GCA RB_all_2020-01-02.gca
GCASkull RB_all_withskull_2020_01_02.gca
AvgCurvTif folding.atlas.acfb40.noaparc.i12.2016-08-02.tif
GCSDIR /opt/freesurfer/average
GCS DKaparc.atlas.acfb40.noaparc.i12.2016-08-02.gcs
#######################################
#@# white curv lh Sun Mar  8 22:15:36 CET 2026
cd /out/sourcedata/freesurfer/sub-v1s14x0051582_ses-1/mri
mris_place_surface --curv-map ../surf/lh.white 2 10 ../surf/lh.curv
   Update not needed
#@# white area lh Sun Mar  8 22:15:36 CET 2026
cd /out/sourcedata/freesurfer/sub-v1s14x0051582_ses-1/mri
mris_place_surface --area-map ../surf/lh.white ../surf/lh.area
   Update not needed
#@# pial curv lh Sun Mar  8 22:15:36 CET 2026
cd /out/sourcedata/freesurfer/sub-v1s14x0051582_ses-1/mri
mris_place_surface --curv-map ../surf/lh.pial 2 10 ../surf/lh.curv.pial
   Update not needed
#@# pial area lh Sun Mar  8 22:15:36 CET 2026
cd /out/sourcedata/freesurfer/sub-v1s14x0051582_ses-1/mri
mris_place_surface --area-map ../surf/lh.pial ../surf/lh.area.pial
   Update not needed
#@# thickness lh Sun Mar  8 22:15:36 CET 2026
cd /out/sourcedata/freesurfer/sub-v1s14x0051582_ses-1/mri
mris_place_surface --thickness ../surf/lh.white ../surf/lh.pial 20 5 ../surf/lh.thickness
   Update not needed
#@# area and vertex vol lh Sun Mar  8 22:15:36 CET 2026
cd /out/sourcedata/freesurfer/sub-v1s14x0051582_ses-1/mri
mris_place_surface --thickness ../surf/lh.white ../surf/lh.pial 20 5 ../surf/lh.thickness
   Update not needed
#@# white curv rh Sun Mar  8 22:15:37 CET 2026
cd /out/sourcedata/freesurfer/sub-v1s14x0051582_ses-1/mri
mris_place_surface --curv-map ../surf/rh.white 2 10 ../surf/rh.curv
   Update not needed
#@# white area rh Sun Mar  8 22:15:37 CET 2026
cd /out/sourcedata/freesurfer/sub-v1s14x0051582_ses-1/mri
mris_place_surface --area-map ../surf/rh.white ../surf/rh.area
   Update not needed
#@# pial curv rh Sun Mar  8 22:15:37 CET 2026
cd /out/sourcedata/freesurfer/sub-v1s14x0051582_ses-1/mri
mris_place_surface --curv-map ../surf/rh.pial 2 10 ../surf/rh.curv.pial
   Update not needed
#@# pial area rh Sun Mar  8 22:15:37 CET 2026
cd /out/sourcedata/freesurfer/sub-v1s14x0051582_ses-1/mri
mris_place_surface --area-map ../surf/rh.pial ../surf/rh.area.pial
   Update not needed
#@# thickness rh Sun Mar  8 22:15:37 CET 2026
cd /out/sourcedata/freesurfer/sub-v1s14x0051582_ses-1/mri
mris_place_surface --thickness ../surf/rh.white ../surf/rh.pial 20 5 ../surf/rh.thickness
   Update not needed
#@# area and vertex vol rh Sun Mar  8 22:15:37 CET 2026
cd /out/sourcedata/freesurfer/sub-v1s14x0051582_ses-1/mri
mris_place_surface --thickness ../surf/rh.white ../surf/rh.pial 20 5 ../surf/rh.thickness
   Update not needed
#--------------------------------------------
#@# Cortical ribbon mask Sun Mar  8 22:15:37 CET 2026
/out/sourcedata/freesurfer/sub-v1s14x0051582_ses-1/mri

 mris_volmask --aseg_name aseg.presurf --label_left_white 2 --label_left_ribbon 3 --label_right_white 41 --label_right_ribbon 42 --save_ribbon sub-v1s14x0051582_ses-1 

SUBJECTS_DIR is /out/sourcedata/freesurfer
loading input data...
Running hemis serially
Processing left hemi
computing distance to left white surface 
computing distance to left pial surface 
Processing right hemi
computing distance to right white surface 
computing distance to right pial surface 
 hemi masks overlap voxels = 700
writing volume /out/sourcedata/freesurfer/sub-v1s14x0051582_ses-1/mri/ribbon.mgz
mris_volmask took 3.59 minutes
 writing ribbon files

Started at Sun Mar 8 22:15:36 CET 2026 
Ended   at Sun Mar 8 22:19:12 CET 2026
#@#%# recon-all-run-time-hours 0.060
recon-all -s sub-v1s14x0051582_ses-1 finished without error at Sun Mar  8 22:19:12 CET 2026



#New# invocation of recon-all 




Sun Mar  8 22:25:02 CET 2026
cd /out/sourcedata/freesurfer/sub-v1s14x0051582_ses-1
setenv SUBJECTS_DIR /out/sourcedata/freesurfer
/opt/freesurfer/bin/recon-all -autorecon3 -openmp 16 -subjid sub-v1s14x0051582_ses-1 -sd /out/sourcedata/freesurfer -nosphere -nosurfreg -nojacobian_white -noavgcurv -nocortparc -nopial -noparcstats -nocortparc2 -noparcstats2 -nocortparc3 -noparcstats3 -nopctsurfcon -nocortribbon -nobalabels

subjid sub-v1s14x0051582_ses-1
setenv SUBJECTS_DIR /out/sourcedata/freesurfer
FREESURFER_HOME /opt/freesurfer
Actual FREESURFER_HOME /opt/freesurfer
build-stamp.txt: freesurfer-linux-ubuntu22_x86_64-7.3.2-20220804-6354275
Linux dna079 5.14.0-427.37.1.el9_4.x86_64 #1 SMP PREEMPT_DYNAMIC Fri Sep 13 12:41:50 EDT 2024 x86_64 x86_64 x86_64 GNU/Linux
cputime      unlimited
filesize     unlimited
datasize     unlimited
stacksize    8192 kbytes
coredumpsize 0 kbytes
memoryuse    67108864 kbytes
vmemoryuse   unlimited
descriptors  1024 
memorylocked unlimited
maxproc      2061970 
maxlocks     unlimited
maxsignal    2062029 
maxmessage   819200 
maxnice      0 
maxrtprio    0 
maxrttime    unlimited

               total        used        free      shared  buff/cache   available
Mem:           503Gi        47Gi       395Gi       9.2Gi        60Gi       443Gi
Swap:             0B          0B          0B

########################################
program versions used
7.3.2 (freesurfer-linux-ubuntu22_x86_64-7.3.2-20220804-6354275)
7.3.2

ProgramName: lta_convert  ProgramArguments: lta_convert -all-info  ProgramVersion: 7.3.2  TimeStamp: 2026/03/08-21:25:02-GMT  BuildTime: Aug  4 2022 06:17:15  BuildStamp: freesurfer-linux-ubuntu22_x86_64-7.3.2-20220804-6354275  User: oesteban  Machine: dna079  Platform: Linux  PlatformVersion: 5.14.0-427.37.1.el9_4.x86_64  CompilerName: GCC  CompilerVersion: 8.4.0
ProgramName: mri_and  ProgramArguments: mri_and -all-info  ProgramVersion: 7.3.2  TimeStamp: 2026/03/08-21:25:02-GMT  BuildTime: Aug  4 2022 06:17:15  BuildStamp: freesurfer-linux-ubuntu22_x86_64-7.3.2-20220804-6354275  User: oesteban  Machine: dna079  Platform: Linux  PlatformVersion: 5.14.0-427.37.1.el9_4.x86_64  CompilerName: GCC  CompilerVersion: 8.4.0
ProgramName: mri_annotation2label  ProgramArguments: mri_annotation2label -all-info  ProgramVersion: 7.3.2  TimeStamp: 2026/03/08-21:25:02-GMT  BuildTime: Aug  4 2022 06:17:15  BuildStamp: freesurfer-linux-ubuntu22_x86_64-7.3.2-20220804-6354275  User: oesteban  Machine: dna079  Platform: Linux  PlatformVersion: 5.14.0-427.37.1.el9_4.x86_64  CompilerName: GCC  CompilerVersion: 8.4.0
ProgramName: mri_aparc2aseg  ProgramArguments: mri_aparc2aseg -all-info  ProgramVersion: 7.3.2  TimeStamp: 2026/03/08-21:25:02-GMT  BuildTime: Aug  4 2022 06:17:15  BuildStamp: freesurfer-linux-ubuntu22_x86_64-7.3.2-20220804-6354275  User: oesteban  Machine: dna079  Platform: Linux  PlatformVersion: 5.14.0-427.37.1.el9_4.x86_64  CompilerName: GCC  CompilerVersion: 8.4.0
ProgramName: mri_surf2volseg  ProgramArguments: mri_surf2volseg -all-info  ProgramVersion: 7.3.2  TimeStamp: 2026/03/08-21:25:02-GMT  BuildTime: Aug  4 2022 06:17:15  BuildStamp: freesurfer-linux-ubuntu22_x86_64-7.3.2-20220804-6354275  User: oesteban  Machine: dna079  Platform: Linux  PlatformVersion: 5.14.0-427.37.1.el9_4.x86_64  CompilerName: GCC  CompilerVersion: 8.4.0
ProgramName: mri_binarize  ProgramArguments: mri_binarize -all-info  ProgramVersion: 7.3.2  TimeStamp: 2026/03/08-21:25:02-GMT  BuildTime: Aug  4 2022 06:17:15  BuildStamp: freesurfer-linux-ubuntu22_x86_64-7.3.2-20220804-6354275  User: oesteban  Machine: dna079  Platform: Linux  PlatformVersion: 5.14.0-427.37.1.el9_4.x86_64  CompilerName: GCC  CompilerVersion: 8.4.0
ProgramName: mri_ca_label  ProgramArguments: mri_ca_label -all-info  ProgramVersion: 7.3.2  TimeStamp: 2026/03/08-21:25:02-GMT  BuildTime: Aug  4 2022 06:17:15  BuildStamp: freesurfer-linux-ubuntu22_x86_64-7.3.2-20220804-6354275  User: oesteban  Machine: dna079  Platform: Linux  PlatformVersion: 5.14.0-427.37.1.el9_4.x86_64  CompilerName: GCC  CompilerVersion: 8.4.0
ProgramName: mri_ca_normalize  ProgramArguments: mri_ca_normalize -all-info  ProgramVersion: 7.3.2  TimeStamp: 2026/03/08-21:25:02-GMT  BuildTime: Aug  4 2022 06:17:15  BuildStamp: freesurfer-linux-ubuntu22_x86_64-7.3.2-20220804-6354275  User: oesteban  Machine: dna079  Platform: Linux  PlatformVersion: 5.14.0-427.37.1.el9_4.x86_64  CompilerName: GCC  CompilerVersion: 8.4.0
ProgramName: mri_ca_register  ProgramArguments: mri_ca_register -all-info  ProgramVersion: 7.3.2  TimeStamp: 2026/03/08-21:25:02-GMT  BuildTime: Aug  4 2022 06:17:15  BuildStamp: freesurfer-linux-ubuntu22_x86_64-7.3.2-20220804-6354275  User: oesteban  Machine: dna079  Platform: Linux  PlatformVersion: 5.14.0-427.37.1.el9_4.x86_64  CompilerName: GCC  CompilerVersion: 8.4.0
ProgramName: mri_cc  ProgramArguments: mri_cc -all-info  ProgramVersion: 7.3.2  TimeStamp: 2026/03/08-21:25:02-GMT  BuildTime: Aug  4 2022 06:17:15  BuildStamp: freesurfer-linux-ubuntu22_x86_64-7.3.2-20220804-6354275  User: oesteban  Machine: dna079  Platform: Linux  PlatformVersion: 5.14.0-427.37.1.el9_4.x86_64  CompilerName: GCC  CompilerVersion: 8.4.0
ProgramName: mri_compute_overlap  ProgramArguments: mri_compute_overlap -all-info  ProgramVersion: 7.3.2  TimeStamp: 2026/03/08-21:25:02-GMT  BuildTime: Aug  4 2022 06:17:15  BuildStamp: freesurfer-linux-ubuntu22_x86_64-7.3.2-20220804-6354275  User: oesteban  Machine: dna079  Platform: Linux  PlatformVersion: 5.14.0-427.37.1.el9_4.x86_64  CompilerName: GCC  CompilerVersion: 8.4.0
ProgramName: mri_compute_seg_overlap  ProgramArguments: mri_compute_seg_overlap -all-info  ProgramVersion: 7.3.2  TimeStamp: 2026/03/08-21:25:02-GMT  BuildTime: Aug  4 2022 06:17:15  BuildStamp: freesurfer-linux-ubuntu22_x86_64-7.3.2-20220804-6354275  User: oesteban  Machine: dna079  Platform: Linux  PlatformVersion: 5.14.0-427.37.1.el9_4.x86_64  CompilerName: GCC  CompilerVersion: 8.4.0
ProgramName: mri_concat  ProgramArguments: mri_concat -all-info  ProgramVersion: 7.3.2  TimeStamp: 2026/03/08-21:25:02-GMT  BuildTime: Aug  4 2022 06:17:15  BuildStamp: freesurfer-linux-ubuntu22_x86_64-7.3.2-20220804-6354275  User: oesteban  Machine: dna079  Platform: Linux  PlatformVersion: 5.14.0-427.37.1.el9_4.x86_64  CompilerName: GCC  CompilerVersion: 8.4.0
ProgramName: mri_concatenate_lta  ProgramArguments: mri_concatenate_lta -all-info  ProgramVersion: 7.3.2  TimeStamp: 2026/03/08-21:25:02-GMT  BuildTime: Aug  4 2022 06:17:15  BuildStamp: freesurfer-linux-ubuntu22_x86_64-7.3.2-20220804-6354275  User: oesteban  Machine: dna079  Platform: Linux  PlatformVersion: 5.14.0-427.37.1.el9_4.x86_64  CompilerName: GCC  CompilerVersion: 8.4.0
mri_convert -all-info 
ProgramName: mri_convert  ProgramArguments: mri_convert -all-info  ProgramVersion: 7.3.2  TimeStamp: 2026/03/08-21:25:02-GMT  BuildTime: Aug  4 2022 06:17:15  BuildStamp: freesurfer-linux-ubuntu22_x86_64-7.3.2-20220804-6354275  User: oesteban  Machine: dna079  Platform: Linux  PlatformVersion: 5.14.0-427.37.1.el9_4.x86_64  CompilerName: GCC  CompilerVersion: 8.4.0
ProgramName: mri_diff  ProgramArguments: mri_diff -all-info  ProgramVersion: 7.3.2  TimeStamp: 2026/03/08-21:25:02-GMT  BuildTime: Aug  4 2022 06:17:15  BuildStamp: freesurfer-linux-ubuntu22_x86_64-7.3.2-20220804-6354275  User: oesteban  Machine: dna079  Platform: Linux  PlatformVersion: 5.14.0-427.37.1.el9_4.x86_64  CompilerName: GCC  CompilerVersion: 8.4.0
ProgramName: mri_edit_wm_with_aseg  ProgramArguments: mri_edit_wm_with_aseg -all-info  ProgramVersion: 7.3.2  TimeStamp: 2026/03/08-21:25:02-GMT  BuildTime: Aug  4 2022 06:17:15  BuildStamp: freesurfer-linux-ubuntu22_x86_64-7.3.2-20220804-6354275  User: oesteban  Machine: dna079  Platform: Linux  PlatformVersion: 5.14.0-427.37.1.el9_4.x86_64  CompilerName: GCC  CompilerVersion: 8.4.0
ProgramName: mri_em_register  ProgramArguments: mri_em_register -all-info  ProgramVersion: 7.3.2  TimeStamp: 2026/03/08-21:25:02-GMT  BuildTime: Aug  4 2022 06:17:15  BuildStamp: freesurfer-linux-ubuntu22_x86_64-7.3.2-20220804-6354275  User: oesteban  Machine: dna079  Platform: Linux  PlatformVersion: 5.14.0-427.37.1.el9_4.x86_64  CompilerName: GCC  CompilerVersion: 8.4.0
ProgramName: mri_fill  ProgramArguments: mri_fill -all-info  ProgramVersion: 7.3.2  TimeStamp: 2026/03/08-21:25:02-GMT  BuildTime: Aug  4 2022 06:17:15  BuildStamp: freesurfer-linux-ubuntu22_x86_64-7.3.2-20220804-6354275  User: oesteban  Machine: dna079  Platform: Linux  PlatformVersion: 5.14.0-427.37.1.el9_4.x86_64  CompilerName: GCC  CompilerVersion: 8.4.0
ProgramName: mri_fuse_segmentations  ProgramArguments: mri_fuse_segmentations -all-info  ProgramVersion: 7.3.2  TimeStamp: 2026/03/08-21:25:02-GMT  BuildTime: Aug  4 2022 06:17:15  BuildStamp: freesurfer-linux-ubuntu22_x86_64-7.3.2-20220804-6354275  User: oesteban  Machine: dna079  Platform: Linux  PlatformVersion: 5.14.0-427.37.1.el9_4.x86_64  CompilerName: GCC  CompilerVersion: 8.4.0
ProgramName: mri_fwhm  ProgramArguments: mri_fwhm -all-info  ProgramVersion: 7.3.2  TimeStamp: 2026/03/08-21:25:02-GMT  BuildTime: Aug  4 2022 06:17:15  BuildStamp: freesurfer-linux-ubuntu22_x86_64-7.3.2-20220804-6354275  User: oesteban  Machine: dna079  Platform: Linux  PlatformVersion: 5.14.0-427.37.1.el9_4.x86_64  CompilerName: GCC  CompilerVersion: 8.4.0
ProgramName: mri_gcut  ProgramArguments: mri_gcut -all-info  ProgramVersion: 7.3.2  TimeStamp: 2026/03/08-21:25:02-GMT  BuildTime: Aug  4 2022 06:17:15  BuildStamp: freesurfer-linux-ubuntu22_x86_64-7.3.2-20220804-6354275  User: oesteban  Machine: dna079  Platform: Linux  PlatformVersion: 5.14.0-427.37.1.el9_4.x86_64  CompilerName: GCC  CompilerVersion: 8.4.0
ProgramName: mri_info  ProgramArguments: mri_info -all-info  ProgramVersion: 7.3.2  TimeStamp: 2026/03/08-21:25:02-GMT  BuildTime: Aug  4 2022 06:17:15  BuildStamp: freesurfer-linux-ubuntu22_x86_64-7.3.2-20220804-6354275  User: oesteban  Machine: dna079  Platform: Linux  PlatformVersion: 5.14.0-427.37.1.el9_4.x86_64  CompilerName: GCC  CompilerVersion: 8.4.0
ProgramName: mri_label2label  ProgramArguments: mri_label2label -all-info  ProgramVersion: 7.3.2  TimeStamp: 2026/03/08-21:25:02-GMT  BuildTime: Aug  4 2022 06:17:15  BuildStamp: freesurfer-linux-ubuntu22_x86_64-7.3.2-20220804-6354275  User: oesteban  Machine: dna079  Platform: Linux  PlatformVersion: 5.14.0-427.37.1.el9_4.x86_64  CompilerName: GCC  CompilerVersion: 8.4.0
ProgramName: mri_label2vol  ProgramArguments: mri_label2vol -all-info  ProgramVersion: 7.3.2  TimeStamp: 2026/03/08-21:25:02-GMT  BuildTime: Aug  4 2022 06:17:15  BuildStamp: freesurfer-linux-ubuntu22_x86_64-7.3.2-20220804-6354275  User: oesteban  Machine: dna079  Platform: Linux  PlatformVersion: 5.14.0-427.37.1.el9_4.x86_64  CompilerName: GCC  CompilerVersion: 8.4.0
ProgramName: mri_log_likelihood  ProgramArguments: mri_log_likelihood -all-info  ProgramVersion: 7.3.2  TimeStamp: 2026/03/08-21:25:02-GMT  BuildTime: Aug  4 2022 06:17:15  BuildStamp: freesurfer-linux-ubuntu22_x86_64-7.3.2-20220804-6354275  User: oesteban  Machine: dna079  Platform: Linux  PlatformVersion: 5.14.0-427.37.1.el9_4.x86_64  CompilerName: GCC  CompilerVersion: 8.4.0
ProgramName: mri_mask  ProgramArguments: mri_mask -all-info  ProgramVersion: 7.3.2  TimeStamp: 2026/03/08-21:25:02-GMT  BuildTime: Aug  4 2022 06:17:15  BuildStamp: freesurfer-linux-ubuntu22_x86_64-7.3.2-20220804-6354275  User: oesteban  Machine: dna079  Platform: Linux  PlatformVersion: 5.14.0-427.37.1.el9_4.x86_64  CompilerName: GCC  CompilerVersion: 8.4.0
ProgramName: mri_matrix_multiply  ProgramArguments: mri_matrix_multiply -all-info  ProgramVersion: 7.3.2  TimeStamp: 2026/03/08-21:25:03-GMT  BuildTime: Aug  4 2022 06:17:15  BuildStamp: freesurfer-linux-ubuntu22_x86_64-7.3.2-20220804-6354275  User: oesteban  Machine: dna079  Platform: Linux  PlatformVersion: 5.14.0-427.37.1.el9_4.x86_64  CompilerName: GCC  CompilerVersion: 8.4.0
ProgramName: mri_normalize  ProgramArguments: mri_normalize -all-info  ProgramVersion: 7.3.2  TimeStamp: 2026/03/08-21:25:03-GMT  BuildTime: Aug  4 2022 06:17:15  BuildStamp: freesurfer-linux-ubuntu22_x86_64-7.3.2-20220804-6354275  User: oesteban  Machine: dna079  Platform: Linux  PlatformVersion: 5.14.0-427.37.1.el9_4.x86_64  CompilerName: GCC  CompilerVersion: 8.4.0
ProgramName: mri_normalize_tp2  ProgramArguments: mri_normalize_tp2 -all-info  ProgramVersion: 7.3.2  TimeStamp: 2026/03/08-21:25:03-GMT  BuildTime: Aug  4 2022 06:17:15  BuildStamp: freesurfer-linux-ubuntu22_x86_64-7.3.2-20220804-6354275  User: oesteban  Machine: dna079  Platform: Linux  PlatformVersion: 5.14.0-427.37.1.el9_4.x86_64  CompilerName: GCC  CompilerVersion: 8.4.0
ProgramName: mri_or  ProgramArguments: mri_or -all-info  ProgramVersion: 7.3.2  TimeStamp: 2026/03/08-21:25:03-GMT  BuildTime: Aug  4 2022 06:17:15  BuildStamp: freesurfer-linux-ubuntu22_x86_64-7.3.2-20220804-6354275  User: oesteban  Machine: dna079  Platform: Linux  PlatformVersion: 5.14.0-427.37.1.el9_4.x86_64  CompilerName: GCC  CompilerVersion: 8.4.0
ProgramName: mri_relabel_hypointensities  ProgramArguments: mri_relabel_hypointensities -all-info  ProgramVersion: 7.3.2  TimeStamp: 2026/03/08-21:25:03-GMT  BuildTime: Aug  4 2022 06:17:15  BuildStamp: freesurfer-linux-ubuntu22_x86_64-7.3.2-20220804-6354275  User: oesteban  Machine: dna079  Platform: Linux  PlatformVersion: 5.14.0-427.37.1.el9_4.x86_64  CompilerName: GCC  CompilerVersion: 8.4.0
ProgramName: mri_relabel_nonwm_hypos  ProgramArguments: mri_relabel_nonwm_hypos -all-info  ProgramVersion: 7.3.2  TimeStamp: 2026/03/08-21:25:03-GMT  BuildTime: Aug  4 2022 06:17:15  BuildStamp: freesurfer-linux-ubuntu22_x86_64-7.3.2-20220804-6354275  User: oesteban  Machine: dna079  Platform: Linux  PlatformVersion: 5.14.0-427.37.1.el9_4.x86_64  CompilerName: GCC  CompilerVersion: 8.4.0
ProgramName: mri_remove_neck  ProgramArguments: mri_remove_neck -all-info  ProgramVersion: 7.3.2  TimeStamp: 2026/03/08-21:25:03-GMT  BuildTime: Aug  4 2022 06:17:15  BuildStamp: freesurfer-linux-ubuntu22_x86_64-7.3.2-20220804-6354275  User: oesteban  Machine: dna079  Platform: Linux  PlatformVersion: 5.14.0-427.37.1.el9_4.x86_64  CompilerName: GCC  CompilerVersion: 8.4.0
7.3.2

ProgramName: mri_robust_register  ProgramArguments: mri_robust_register -all-info  ProgramVersion: 7.3.2  TimeStamp: 2026/03/08-21:25:03-GMT  BuildTime: Aug  4 2022 06:17:15  BuildStamp: freesurfer-linux-ubuntu22_x86_64-7.3.2-20220804-6354275  User: oesteban  Machine: dna079  Platform: Linux  PlatformVersion: 5.14.0-427.37.1.el9_4.x86_64  CompilerName: GCC  CompilerVersion: 8.4.0
7.3.2

ProgramName: mri_robust_template  ProgramArguments: mri_robust_template -all-info  ProgramVersion: 7.3.2  TimeStamp: 2026/03/08-21:25:03-GMT  BuildTime: Aug  4 2022 06:17:15  BuildStamp: freesurfer-linux-ubuntu22_x86_64-7.3.2-20220804-6354275  User: oesteban  Machine: dna079  Platform: Linux  PlatformVersion: 5.14.0-427.37.1.el9_4.x86_64  CompilerName: GCC  CompilerVersion: 8.4.0
ProgramName: mris_anatomical_stats  ProgramArguments: mris_anatomical_stats -all-info  ProgramVersion: 7.3.2  TimeStamp: 2026/03/08-21:25:03-GMT  BuildTime: Aug  4 2022 06:17:15  BuildStamp: freesurfer-linux-ubuntu22_x86_64-7.3.2-20220804-6354275  User: oesteban  Machine: dna079  Platform: Linux  PlatformVersion: 5.14.0-427.37.1.el9_4.x86_64  CompilerName: GCC  CompilerVersion: 8.4.0
ProgramName: mris_ca_label  ProgramArguments: mris_ca_label -all-info  ProgramVersion: 7.3.2  TimeStamp: 2026/03/08-21:25:03-GMT  BuildTime: Aug  4 2022 06:17:15  BuildStamp: freesurfer-linux-ubuntu22_x86_64-7.3.2-20220804-6354275  User: oesteban  Machine: dna079  Platform: Linux  PlatformVersion: 5.14.0-427.37.1.el9_4.x86_64  CompilerName: GCC  CompilerVersion: 8.4.0
ProgramName: mris_calc  ProgramArguments: mris_calc -all-info  ProgramVersion: 7.3.2  TimeStamp: 2026/03/08-21:25:03-GMT  BuildTime: Aug  4 2022 06:17:15  BuildStamp: freesurfer-linux-ubuntu22_x86_64-7.3.2-20220804-6354275  User: oesteban  Machine: dna079  Platform: Linux  PlatformVersion: 5.14.0-427.37.1.el9_4.x86_64  CompilerName: GCC  CompilerVersion: 8.4.0
ProgramName: mris_convert  ProgramArguments: mris_convert -all-info  ProgramVersion: 7.3.2  TimeStamp: 2026/03/08-21:25:03-GMT  BuildTime: Aug  4 2022 06:17:15  BuildStamp: freesurfer-linux-ubuntu22_x86_64-7.3.2-20220804-6354275  User: oesteban  Machine: dna079  Platform: Linux  PlatformVersion: 5.14.0-427.37.1.el9_4.x86_64  CompilerName: GCC  CompilerVersion: 8.4.0
ProgramName: mris_curvature  ProgramArguments: mris_curvature -all-info  ProgramVersion: 7.3.2  TimeStamp: 2026/03/08-21:25:03-GMT  BuildTime: Aug  4 2022 06:17:15  BuildStamp: freesurfer-linux-ubuntu22_x86_64-7.3.2-20220804-6354275  User: oesteban  Machine: dna079  Platform: Linux  PlatformVersion: 5.14.0-427.37.1.el9_4.x86_64  CompilerName: GCC  CompilerVersion: 8.4.0
ProgramName: mris_curvature_stats  ProgramArguments: mris_curvature_stats -all-info  ProgramVersion: 7.3.2  TimeStamp: 2026/03/08-21:25:03-GMT  BuildTime: Aug  4 2022 06:17:15  BuildStamp: freesurfer-linux-ubuntu22_x86_64-7.3.2-20220804-6354275  User: oesteban  Machine: dna079  Platform: Linux  PlatformVersion: 5.14.0-427.37.1.el9_4.x86_64  CompilerName: GCC  CompilerVersion: 8.4.0
ProgramName: mris_diff  ProgramArguments: mris_diff -all-info  ProgramVersion: 7.3.2  TimeStamp: 2026/03/08-21:25:03-GMT  BuildTime: Aug  4 2022 06:17:15  BuildStamp: freesurfer-linux-ubuntu22_x86_64-7.3.2-20220804-6354275  User: oesteban  Machine: dna079  Platform: Linux  PlatformVersion: 5.14.0-427.37.1.el9_4.x86_64  CompilerName: GCC  CompilerVersion: 8.4.0
ProgramName: mris_divide_parcellation  ProgramArguments: mris_divide_parcellation -all-info  ProgramVersion: 7.3.2  TimeStamp: 2026/03/08-21:25:03-GMT  BuildTime: Aug  4 2022 06:17:15  BuildStamp: freesurfer-linux-ubuntu22_x86_64-7.3.2-20220804-6354275  User: oesteban  Machine: dna079  Platform: Linux  PlatformVersion: 5.14.0-427.37.1.el9_4.x86_64  CompilerName: GCC  CompilerVersion: 8.4.0
ProgramName: mri_segment  ProgramArguments: mri_segment -all-info  ProgramVersion: 7.3.2  TimeStamp: 2026/03/08-21:25:03-GMT  BuildTime: Aug  4 2022 06:17:15  BuildStamp: freesurfer-linux-ubuntu22_x86_64-7.3.2-20220804-6354275  User: oesteban  Machine: dna079  Platform: Linux  PlatformVersion: 5.14.0-427.37.1.el9_4.x86_64  CompilerName: GCC  CompilerVersion: 8.4.0
ProgramName: mri_segstats  ProgramArguments: mri_segstats -all-info  ProgramVersion: 7.3.2  TimeStamp: 2026/03/08-21:25:03-GMT  BuildTime: Aug  4 2022 06:17:15  BuildStamp: freesurfer-linux-ubuntu22_x86_64-7.3.2-20220804-6354275  User: oesteban  Machine: dna079  Platform: Linux  PlatformVersion: 5.14.0-427.37.1.el9_4.x86_64  CompilerName: GCC  CompilerVersion: 8.4.0
ProgramName: mris_euler_number  ProgramArguments: mris_euler_number -all-info  ProgramVersion: 7.3.2  TimeStamp: 2026/03/08-21:25:03-GMT  BuildTime: Aug  4 2022 06:17:15  BuildStamp: freesurfer-linux-ubuntu22_x86_64-7.3.2-20220804-6354275  User: oesteban  Machine: dna079  Platform: Linux  PlatformVersion: 5.14.0-427.37.1.el9_4.x86_64  CompilerName: GCC  CompilerVersion: 8.4.0
ProgramName: mris_fix_topology  ProgramArguments: mris_fix_topology -all-info  ProgramVersion: 7.3.2  TimeStamp: 2026/03/08-21:25:03-GMT  BuildTime: Aug  4 2022 06:17:15  BuildStamp: freesurfer-linux-ubuntu22_x86_64-7.3.2-20220804-6354275  User: oesteban  Machine: dna079  Platform: Linux  PlatformVersion: 5.14.0-427.37.1.el9_4.x86_64  CompilerName: GCC  CompilerVersion: 8.4.0
ProgramName: mris_topo_fixer  ProgramArguments: mris_topo_fixer -all-info  ProgramVersion: 7.3.2  TimeStamp: 2026/03/08-21:25:03-GMT  BuildTime: Aug  4 2022 06:17:15  BuildStamp: freesurfer-linux-ubuntu22_x86_64-7.3.2-20220804-6354275  User: oesteban  Machine: dna079  Platform: Linux  PlatformVersion: 5.14.0-427.37.1.el9_4.x86_64  CompilerName: GCC  CompilerVersion: 8.4.0
ProgramName: mris_jacobian  ProgramArguments: mris_jacobian -all-info  ProgramVersion: 7.3.2  TimeStamp: 2026/03/08-21:25:03-GMT  BuildTime: Aug  4 2022 06:17:15  BuildStamp: freesurfer-linux-ubuntu22_x86_64-7.3.2-20220804-6354275  User: oesteban  Machine: dna079  Platform: Linux  PlatformVersion: 5.14.0-427.37.1.el9_4.x86_64  CompilerName: GCC  CompilerVersion: 8.4.0
ProgramName: mris_label2annot  ProgramArguments: mris_label2annot -all-info  ProgramVersion: 7.3.2  TimeStamp: 2026/03/08-21:25:03-GMT  BuildTime: Aug  4 2022 06:17:15  BuildStamp: freesurfer-linux-ubuntu22_x86_64-7.3.2-20220804-6354275  User: oesteban  Machine: dna079  Platform: Linux  PlatformVersion: 5.14.0-427.37.1.el9_4.x86_64  CompilerName: GCC  CompilerVersion: 8.4.0
ProgramName: mris_left_right_register  ProgramArguments: mris_left_right_register -all-info  ProgramVersion: 7.3.2  TimeStamp: 2026/03/08-21:25:03-GMT  BuildTime: Aug  4 2022 06:17:15  BuildStamp: freesurfer-linux-ubuntu22_x86_64-7.3.2-20220804-6354275  User: oesteban  Machine: dna079  Platform: Linux  PlatformVersion: 5.14.0-427.37.1.el9_4.x86_64  CompilerName: GCC  CompilerVersion: 8.4.0
ProgramName: mris_place_surface  ProgramArguments: mris_place_surface -all-info  ProgramVersion: 7.3.2  TimeStamp: 2026/03/08-21:25:03-GMT  BuildTime: Aug  4 2022 06:17:15  BuildStamp: freesurfer-linux-ubuntu22_x86_64-7.3.2-20220804-6354275  User: oesteban  Machine: dna079  Platform: Linux  PlatformVersion: 5.14.0-427.37.1.el9_4.x86_64  CompilerName: GCC  CompilerVersion: 8.4.0
ProgramName: mrisp_paint  ProgramArguments: mrisp_paint -all-info  ProgramVersion: 7.3.2  TimeStamp: 2026/03/08-21:25:03-GMT  BuildTime: Aug  4 2022 06:17:15  BuildStamp: freesurfer-linux-ubuntu22_x86_64-7.3.2-20220804-6354275  User: oesteban  Machine: dna079  Platform: Linux  PlatformVersion: 5.14.0-427.37.1.el9_4.x86_64  CompilerName: GCC  CompilerVersion: 8.4.0
ProgramName: mris_register  ProgramArguments: mris_register -all-info  ProgramVersion: 7.3.2  TimeStamp: 2026/03/08-21:25:03-GMT  BuildTime: Aug  4 2022 06:17:15  BuildStamp: freesurfer-linux-ubuntu22_x86_64-7.3.2-20220804-6354275  User: oesteban  Machine: dna079  Platform: Linux  PlatformVersion: 5.14.0-427.37.1.el9_4.x86_64  CompilerName: GCC  CompilerVersion: 8.4.0
ProgramName: mris_smooth  ProgramArguments: mris_smooth -all-info  ProgramVersion: 7.3.2  TimeStamp: 2026/03/08-21:25:03-GMT  BuildTime: Aug  4 2022 06:17:15  BuildStamp: freesurfer-linux-ubuntu22_x86_64-7.3.2-20220804-6354275  User: oesteban  Machine: dna079  Platform: Linux  PlatformVersion: 5.14.0-427.37.1.el9_4.x86_64  CompilerName: GCC  CompilerVersion: 8.4.0
ProgramName: mris_sphere  ProgramArguments: mris_sphere -all-info  ProgramVersion: 7.3.2  TimeStamp: 2026/03/08-21:25:03-GMT  BuildTime: Aug  4 2022 06:17:15  BuildStamp: freesurfer-linux-ubuntu22_x86_64-7.3.2-20220804-6354275  User: oesteban  Machine: dna079  Platform: Linux  PlatformVersion: 5.14.0-427.37.1.el9_4.x86_64  CompilerName: GCC  CompilerVersion: 8.4.0
ProgramName: mris_surface_stats  ProgramArguments: mris_surface_stats -all-info  ProgramVersion: 7.3.2  TimeStamp: 2026/03/08-21:25:03-GMT  BuildTime: Aug  4 2022 06:17:15  BuildStamp: freesurfer-linux-ubuntu22_x86_64-7.3.2-20220804-6354275  User: oesteban  Machine: dna079  Platform: Linux  PlatformVersion: 5.14.0-427.37.1.el9_4.x86_64  CompilerName: GCC  CompilerVersion: 8.4.0
ProgramName: mri_stats2seg  ProgramArguments: mri_stats2seg -all-info  ProgramVersion: 7.3.2  TimeStamp: 2026/03/08-21:25:03-GMT  BuildTime: Aug  4 2022 06:17:15  BuildStamp: freesurfer-linux-ubuntu22_x86_64-7.3.2-20220804-6354275  User: oesteban  Machine: dna079  Platform: Linux  PlatformVersion: 5.14.0-427.37.1.el9_4.x86_64  CompilerName: GCC  CompilerVersion: 8.4.0
ProgramName: mris_thickness  ProgramArguments: mris_thickness -all-info  ProgramVersion: 7.3.2  TimeStamp: 2026/03/08-21:25:03-GMT  BuildTime: Aug  4 2022 06:17:15  BuildStamp: freesurfer-linux-ubuntu22_x86_64-7.3.2-20220804-6354275  User: oesteban  Machine: dna079  Platform: Linux  PlatformVersion: 5.14.0-427.37.1.el9_4.x86_64  CompilerName: GCC  CompilerVersion: 8.4.0
ProgramName: mris_thickness_diff  ProgramArguments: mris_thickness_diff -all-info  ProgramVersion: 7.3.2  TimeStamp: 2026/03/08-21:25:03-GMT  BuildTime: Aug  4 2022 06:17:15  BuildStamp: freesurfer-linux-ubuntu22_x86_64-7.3.2-20220804-6354275  User: oesteban  Machine: dna079  Platform: Linux  PlatformVersion: 5.14.0-427.37.1.el9_4.x86_64  CompilerName: GCC  CompilerVersion: 8.4.0
ProgramName: mris_topo_fixer  ProgramArguments: mris_topo_fixer -all-info  ProgramVersion: 7.3.2  TimeStamp: 2026/03/08-21:25:03-GMT  BuildTime: Aug  4 2022 06:17:15  BuildStamp: freesurfer-linux-ubuntu22_x86_64-7.3.2-20220804-6354275  User: oesteban  Machine: dna079  Platform: Linux  PlatformVersion: 5.14.0-427.37.1.el9_4.x86_64  CompilerName: GCC  CompilerVersion: 8.4.0
ProgramName: mri_surf2surf  ProgramArguments: mri_surf2surf -all-info  ProgramVersion: 7.3.2  TimeStamp: 2026/03/08-21:25:03-GMT  BuildTime: Aug  4 2022 06:17:15  BuildStamp: freesurfer-linux-ubuntu22_x86_64-7.3.2-20220804-6354275  User: oesteban  Machine: dna079  Platform: Linux  PlatformVersion: 5.14.0-427.37.1.el9_4.x86_64  CompilerName: GCC  CompilerVersion: 8.4.0
ProgramName: mri_surf2vol  ProgramArguments: mri_surf2vol -all-info  ProgramVersion: 7.3.2  TimeStamp: 2026/03/08-21:25:03-GMT  BuildTime: Aug  4 2022 06:17:15  BuildStamp: freesurfer-linux-ubuntu22_x86_64-7.3.2-20220804-6354275  User: oesteban  Machine: dna079  Platform: Linux  PlatformVersion: 5.14.0-427.37.1.el9_4.x86_64  CompilerName: GCC  CompilerVersion: 8.4.0
ProgramName: mri_surfcluster  ProgramArguments: mri_surfcluster -all-info  ProgramVersion: 7.3.2  TimeStamp: 2026/03/08-21:25:03-GMT  BuildTime: Aug  4 2022 06:17:15  BuildStamp: freesurfer-linux-ubuntu22_x86_64-7.3.2-20220804-6354275  User: oesteban  Machine: dna079  Platform: Linux  PlatformVersion: 5.14.0-427.37.1.el9_4.x86_64  CompilerName: GCC  CompilerVersion: 8.4.0
ProgramName: mris_volmask  ProgramArguments: mris_volmask -all-info  ProgramVersion: 7.3.2  TimeStamp: 2026/03/08-21:25:03-GMT  BuildTime: Aug  4 2022 06:17:15  BuildStamp: freesurfer-linux-ubuntu22_x86_64-7.3.2-20220804-6354275  User: oesteban  Machine: dna079  Platform: Linux  PlatformVersion: 5.14.0-427.37.1.el9_4.x86_64  CompilerName: GCC  CompilerVersion: 8.4.0
ProgramName: mri_tessellate  ProgramArguments: mri_tessellate -all-info  ProgramVersion: 7.3.2  TimeStamp: 2026/03/08-21:25:03-GMT  BuildTime: Aug  4 2022 06:17:15  BuildStamp: freesurfer-linux-ubuntu22_x86_64-7.3.2-20220804-6354275  User: oesteban  Machine: dna079  Platform: Linux  PlatformVersion: 5.14.0-427.37.1.el9_4.x86_64  CompilerName: GCC  CompilerVersion: 8.4.0
ProgramName: mri_vol2surf  ProgramArguments: mri_vol2surf -all-info  ProgramVersion: 7.3.2  TimeStamp: 2026/03/08-21:25:03-GMT  BuildTime: Aug  4 2022 06:17:15  BuildStamp: freesurfer-linux-ubuntu22_x86_64-7.3.2-20220804-6354275  User: oesteban  Machine: dna079  Platform: Linux  PlatformVersion: 5.14.0-427.37.1.el9_4.x86_64  CompilerName: GCC  CompilerVersion: 8.4.0
ProgramName: mri_vol2vol  ProgramArguments: mri_vol2vol -all-info  ProgramVersion: 7.3.2  TimeStamp: 2026/03/08-21:25:03-GMT  BuildTime: Aug  4 2022 06:17:15  BuildStamp: freesurfer-linux-ubuntu22_x86_64-7.3.2-20220804-6354275  User: oesteban  Machine: dna079  Platform: Linux  PlatformVersion: 5.14.0-427.37.1.el9_4.x86_64  CompilerName: GCC  CompilerVersion: 8.4.0
ProgramName: mri_voldiff  ProgramArguments: mri_voldiff -all-info  ProgramVersion: 7.3.2  TimeStamp: 2026/03/08-21:25:03-GMT  BuildTime: Aug  4 2022 06:17:15  BuildStamp: freesurfer-linux-ubuntu22_x86_64-7.3.2-20220804-6354275  User: oesteban  Machine: dna079  Platform: Linux  PlatformVersion: 5.14.0-427.37.1.el9_4.x86_64  CompilerName: GCC  CompilerVersion: 8.4.0
ProgramName: mri_watershed  ProgramArguments: mri_watershed -all-info  ProgramVersion: 7.3.2  TimeStamp: 2026/03/08-21:25:03-GMT  BuildTime: Aug  4 2022 06:17:15  BuildStamp: freesurfer-linux-ubuntu22_x86_64-7.3.2-20220804-6354275  User: oesteban  Machine: dna079  Platform: Linux  PlatformVersion: 5.14.0-427.37.1.el9_4.x86_64  CompilerName: GCC  CompilerVersion: 8.4.0
ProgramName: tkregister2  ProgramArguments: tkregister2_cmdl -all-info  ProgramVersion: 7.3.2  TimeStamp: 2026/03/08-21:25:03-GMT  BuildTime: Aug  4 2022 06:17:15  BuildStamp: freesurfer-linux-ubuntu22_x86_64-7.3.2-20220804-6354275  User: oesteban  Machine: dna079  Platform: Linux  PlatformVersion: 5.14.0-427.37.1.el9_4.x86_64  CompilerName: GCC  CompilerVersion: 8.4.0
mri_motion_correct.fsl 7.3.2
mri_convert -all-info 
ProgramName: mri_convert  ProgramArguments: mri_convert -all-info  ProgramVersion: 7.3.2  TimeStamp: 2026/03/08-21:25:03-GMT  BuildTime: Aug  4 2022 06:17:15  BuildStamp: freesurfer-linux-ubuntu22_x86_64-7.3.2-20220804-6354275  User: oesteban  Machine: dna079  Platform: Linux  PlatformVersion: 5.14.0-427.37.1.el9_4.x86_64  CompilerName: GCC  CompilerVersion: 8.4.0
Program nu_correct, built from:
Package MNI N3, version 1.12.0, compiled by nicks@terrier (x86_64-unknown-linux-gnu) on 2015-06-19 at 01:25:34
#######################################
GCADIR /opt/freesurfer/average
GCA RB_all_2020-01-02.gca
GCASkull RB_all_withskull_2020_01_02.gca
AvgCurvTif folding.atlas.acfb40.noaparc.i12.2016-08-02.tif
GCSDIR /opt/freesurfer/average
GCS DKaparc.atlas.acfb40.noaparc.i12.2016-08-02.gcs
#######################################
#--------------------------------------------
#@# WhiteSurfs lh Sun Mar  8 22:25:03 CET 2026
cd /out/sourcedata/freesurfer/sub-v1s14x0051582_ses-1/mri
mris_place_surface --adgws-in ../surf/autodet.gw.stats.lh.dat --seg aseg.presurf.mgz --threads 16 --wm wm.mgz --invol brain.finalsurfs.mgz --lh --i ../surf/lh.white.preaparc --o ../surf/lh.white --white --nsmooth 0 --rip-label ../label/lh.cortex.label --rip-bg --rip-surf ../surf/lh.white.preaparc --aparc ../label/lh.aparc.annot
   Update not needed
#--------------------------------------------
#@# WhiteSurfs rh Sun Mar  8 22:25:03 CET 2026
cd /out/sourcedata/freesurfer/sub-v1s14x0051582_ses-1/mri
mris_place_surface --adgws-in ../surf/autodet.gw.stats.rh.dat --seg aseg.presurf.mgz --threads 16 --wm wm.mgz --invol brain.finalsurfs.mgz --rh --i ../surf/rh.white.preaparc --o ../surf/rh.white --white --nsmooth 0 --rip-label ../label/rh.cortex.label --rip-bg --rip-surf ../surf/rh.white.preaparc --aparc ../label/rh.aparc.annot
   Update not needed
#@# white curv lh Sun Mar  8 22:25:03 CET 2026
cd /out/sourcedata/freesurfer/sub-v1s14x0051582_ses-1/mri
mris_place_surface --curv-map ../surf/lh.white 2 10 ../surf/lh.curv
   Update not needed
#@# white area lh Sun Mar  8 22:25:03 CET 2026
cd /out/sourcedata/freesurfer/sub-v1s14x0051582_ses-1/mri
mris_place_surface --area-map ../surf/lh.white ../surf/lh.area
   Update not needed
#@# pial curv lh Sun Mar  8 22:25:03 CET 2026
cd /out/sourcedata/freesurfer/sub-v1s14x0051582_ses-1/mri
mris_place_surface --curv-map ../surf/lh.pial 2 10 ../surf/lh.curv.pial
   Update not needed
#@# pial area lh Sun Mar  8 22:25:03 CET 2026
cd /out/sourcedata/freesurfer/sub-v1s14x0051582_ses-1/mri
mris_place_surface --area-map ../surf/lh.pial ../surf/lh.area.pial
   Update not needed
#@# thickness lh Sun Mar  8 22:25:03 CET 2026
cd /out/sourcedata/freesurfer/sub-v1s14x0051582_ses-1/mri
mris_place_surface --thickness ../surf/lh.white ../surf/lh.pial 20 5 ../surf/lh.thickness
   Update not needed
#@# area and vertex vol lh Sun Mar  8 22:25:03 CET 2026
cd /out/sourcedata/freesurfer/sub-v1s14x0051582_ses-1/mri
mris_place_surface --thickness ../surf/lh.white ../surf/lh.pial 20 5 ../surf/lh.thickness
   Update not needed
#@# white curv rh Sun Mar  8 22:25:03 CET 2026
cd /out/sourcedata/freesurfer/sub-v1s14x0051582_ses-1/mri
mris_place_surface --curv-map ../surf/rh.white 2 10 ../surf/rh.curv
   Update not needed
#@# white area rh Sun Mar  8 22:25:03 CET 2026
cd /out/sourcedata/freesurfer/sub-v1s14x0051582_ses-1/mri
mris_place_surface --area-map ../surf/rh.white ../surf/rh.area
   Update not needed
#@# pial curv rh Sun Mar  8 22:25:03 CET 2026
cd /out/sourcedata/freesurfer/sub-v1s14x0051582_ses-1/mri
mris_place_surface --curv-map ../surf/rh.pial 2 10 ../surf/rh.curv.pial
   Update not needed
#@# pial area rh Sun Mar  8 22:25:03 CET 2026
cd /out/sourcedata/freesurfer/sub-v1s14x0051582_ses-1/mri
mris_place_surface --area-map ../surf/rh.pial ../surf/rh.area.pial
   Update not needed
#@# thickness rh Sun Mar  8 22:25:03 CET 2026
cd /out/sourcedata/freesurfer/sub-v1s14x0051582_ses-1/mri
mris_place_surface --thickness ../surf/rh.white ../surf/rh.pial 20 5 ../surf/rh.thickness
   Update not needed
#@# area and vertex vol rh Sun Mar  8 22:25:03 CET 2026
cd /out/sourcedata/freesurfer/sub-v1s14x0051582_ses-1/mri
mris_place_surface --thickness ../surf/rh.white ../surf/rh.pial 20 5 ../surf/rh.thickness
   Update not needed

#-----------------------------------------
#@# Curvature Stats lh Sun Mar  8 22:25:03 CET 2026
/out/sourcedata/freesurfer/sub-v1s14x0051582_ses-1/surf

 mris_curvature_stats -m --writeCurvatureFiles -G -o ../stats/lh.curv.stats -F smoothwm sub-v1s14x0051582_ses-1 lh curv sulc 

             Toggling save flag on curvature files                       [ ok ]
                 Outputting results using filestem   [ ../stats/lh.curv.stats ]
             Toggling save flag on curvature files                       [ ok ]
                                   Setting surface [ sub-v1s14x0051582_ses-1/lh.smoothwm ]
                                Reading surface...                       [ ok ]
                                   Setting texture                     [ curv ]
                                Reading texture...                       [ ok ]
                                   Setting texture                     [ sulc ]
                                Reading texture...Gb_filter = 0
                       [ ok ]
      Calculating Discrete Principal Curvatures...
      Determining geometric order for vno faces... [####################] [ ok ]
                      Determining KH curvatures... [####################] [ ok ]
                    Determining k1k2 curvatures... [####################] [ ok ]
                                   deltaViolations                      [ 250 ]
Gb_filter = 0

WARN:    S lookup   min:                          -0.061160
WARN:    S explicit min:                          0.000000	vertex = 784

#-----------------------------------------
#@# Curvature Stats rh Sun Mar  8 22:25:05 CET 2026
/out/sourcedata/freesurfer/sub-v1s14x0051582_ses-1/surf

 mris_curvature_stats -m --writeCurvatureFiles -G -o ../stats/rh.curv.stats -F smoothwm sub-v1s14x0051582_ses-1 rh curv sulc 

             Toggling save flag on curvature files                       [ ok ]
                 Outputting results using filestem   [ ../stats/rh.curv.stats ]
             Toggling save flag on curvature files                       [ ok ]
                                   Setting surface [ sub-v1s14x0051582_ses-1/rh.smoothwm ]
                                Reading surface...                       [ ok ]
                                   Setting texture                     [ curv ]
                                Reading texture...                       [ ok ]
                                   Setting texture                     [ sulc ]
                                Reading texture...Gb_filter = 0
                       [ ok ]
      Calculating Discrete Principal Curvatures...
      Determining geometric order for vno faces... [####################] [ ok ]
                      Determining KH curvatures... [####################] [ ok ]
                    Determining k1k2 curvatures... [####################] [ ok ]
                                   deltaViolations                      [ 274 ]
Gb_filter = 0
#-----------------------------------------
#@# Relabel Hypointensities Sun Mar  8 22:25:07 CET 2026
/out/sourcedata/freesurfer/sub-v1s14x0051582_ses-1/mri

 mri_relabel_hypointensities aseg.presurf.mgz ../surf aseg.presurf.hypos.mgz 

reading input surface ../surf/lh.white...
relabeling lh hypointensities...
8169 voxels changed to hypointensity...
reading input surface ../surf/rh.white...
relabeling rh hypointensities...
5809 voxels changed to hypointensity...
13678 hypointense voxels neighboring cortex changed
#-----------------------------------------
#@# APas-to-ASeg Sun Mar  8 22:25:17 CET 2026
/out/sourcedata/freesurfer/sub-v1s14x0051582_ses-1/mri

 mri_surf2volseg --o aseg.mgz --i aseg.presurf.hypos.mgz --fix-presurf-with-ribbon /out/sourcedata/freesurfer/sub-v1s14x0051582_ses-1/mri/ribbon.mgz --threads 16 --lh-cortex-mask /out/sourcedata/freesurfer/sub-v1s14x0051582_ses-1/label/lh.cortex.label --lh-white /out/sourcedata/freesurfer/sub-v1s14x0051582_ses-1/surf/lh.white --lh-pial /out/sourcedata/freesurfer/sub-v1s14x0051582_ses-1/surf/lh.pial --rh-cortex-mask /out/sourcedata/freesurfer/sub-v1s14x0051582_ses-1/label/rh.cortex.label --rh-white /out/sourcedata/freesurfer/sub-v1s14x0051582_ses-1/surf/rh.white --rh-pial /out/sourcedata/freesurfer/sub-v1s14x0051582_ses-1/surf/rh.pial 

SUBJECTS_DIR /out/sourcedata/freesurfer
outvol aseg.mgz
16 avail.processors, using 16
Loading aseg.presurf.hypos.mgz
Loading /out/sourcedata/freesurfer/sub-v1s14x0051582_ses-1/mri/ribbon.mgz
Loading /out/sourcedata/freesurfer/sub-v1s14x0051582_ses-1/surf/lh.white
Loading /out/sourcedata/freesurfer/sub-v1s14x0051582_ses-1/surf/lh.pial
Loading /out/sourcedata/freesurfer/sub-v1s14x0051582_ses-1/label/lh.cortex.label
Loading /out/sourcedata/freesurfer/sub-v1s14x0051582_ses-1/surf/rh.white
Loading /out/sourcedata/freesurfer/sub-v1s14x0051582_ses-1/surf/rh.pial
Loading /out/sourcedata/freesurfer/sub-v1s14x0051582_ses-1/label/rh.cortex.label
Done loading
  0 224 144 208  96 112  16  80 240  64 176  32 192  48 160 128 209 225  17   1  33 241  49 210  18  34   2 226 242  50 211  35  19 
  3 227 243  51 212  36  20   4 228 244  52 213  37  21   5  65 229 193 245  53 214  22  38   6 230 246 215  54  39  23 
  7 231 247 216  40  24 177  55   8 232 113  25  41 248 217  56  66   9 233  26  42 218 249  97  57  10 234  27  43 219 
250  58  11  28 235  44 220  81 251  59 
 29  12  45 236 221  67 194 252  60  30  13  46 237 222 161 253  61  14  31  47 223 238  15  62 254 178 239 
255  68  63 129 195  69  82  98 179 
114 196  70 162 197  71 145  83  99 
180 198 199 
 72 200 201 115 202 163 203 130 204 205  84 206 181 100 207  73 146 164 116 101 182  85  74 165 147 102 183  86 131  75 166 117 103 184 148  87  76 185 167 104 186  77  88 118 149 168 187 132  78 105 188  89 169 150 189  79 
119 
190 106 170  90 191 151 120 171  91 133 107 152 172 121 108  92 153 173 109  93 134 122 154 174 110  94 111 175 123 155  95 135 156 136 124 157 137 158 125 159 
138 139 
126 140 141 127 142 143 
nrelabeled = 162657
ndotcheck = 0
Starting Surf2VolSeg free
free done
#VMPC# mri_surf2volseg VmPeak  2014480
mri_surf2volseg done

 mri_brainvol_stats sub-v1s14x0051582_ses-1 

ComputeBrainVolumeStats2 VoxelVol=1, KeepCSF=1
  #CBVS2 MaskVol              1588866.0
  #CBVS2 BrainSegVol          1292273.0
  #CBVS2 BrainSegVolNotVent   1272709.0
  #CBVS2 SupraTentVol         1146123.0
  #CBVS2 SupraTentVolNotVent  1126559.0
  #CBVS2 lhCtxGM               222833.7
  #CBVS2 rhCtxGM               232856.5
  #CBVS2 lhCerebralWM          306020.5
  #CBVS2 rhCerebralWM          302857.5
  #CBVS2 SubCortGMVol           65011.0
  #CBVS2 CerebellumVol         146150.0
  #CBVS2 CerebellumGMVol       117610.0
  #CBVS2 VentChorVol            15824.0
  #CBVS2 3rd4th5thCSF            3740.0
  #CBVS2 AllCSF                 19564.0
  #CBVS2 CCVol                   4237.0
#-----------------------------------------
#@# AParc-to-ASeg aparc Sun Mar  8 22:25:24 CET 2026
/out/sourcedata/freesurfer/sub-v1s14x0051582_ses-1/mri

 mri_surf2volseg --o aparc+aseg.mgz --label-cortex --i aseg.mgz --threads 16 --lh-annot /out/sourcedata/freesurfer/sub-v1s14x0051582_ses-1/label/lh.aparc.annot 1000 --lh-cortex-mask /out/sourcedata/freesurfer/sub-v1s14x0051582_ses-1/label/lh.cortex.label --lh-white /out/sourcedata/freesurfer/sub-v1s14x0051582_ses-1/surf/lh.white --lh-pial /out/sourcedata/freesurfer/sub-v1s14x0051582_ses-1/surf/lh.pial --rh-annot /out/sourcedata/freesurfer/sub-v1s14x0051582_ses-1/label/rh.aparc.annot 2000 --rh-cortex-mask /out/sourcedata/freesurfer/sub-v1s14x0051582_ses-1/label/rh.cortex.label --rh-white /out/sourcedata/freesurfer/sub-v1s14x0051582_ses-1/surf/rh.white --rh-pial /out/sourcedata/freesurfer/sub-v1s14x0051582_ses-1/surf/rh.pial 

SUBJECTS_DIR /out/sourcedata/freesurfer
outvol aparc+aseg.mgz
16 avail.processors, using 16
Loading aseg.mgz
Loading /out/sourcedata/freesurfer/sub-v1s14x0051582_ses-1/surf/lh.white
Loading /out/sourcedata/freesurfer/sub-v1s14x0051582_ses-1/surf/lh.pial
Loading /out/sourcedata/freesurfer/sub-v1s14x0051582_ses-1/label/lh.cortex.label
Ripping lh vertices labeled not in lh.cortex.label
  ripped 9393 vertices from lh hemi
Loading /out/sourcedata/freesurfer/sub-v1s14x0051582_ses-1/label/lh.aparc.annot
Loading /out/sourcedata/freesurfer/sub-v1s14x0051582_ses-1/surf/rh.white
Loading /out/sourcedata/freesurfer/sub-v1s14x0051582_ses-1/surf/rh.pial
Loading /out/sourcedata/freesurfer/sub-v1s14x0051582_ses-1/label/rh.cortex.label
Ripping rh vertices labeled not in rh.cortex.label
  ripped 8925 vertices from rh hemi
Loading /out/sourcedata/freesurfer/sub-v1s14x0051582_ses-1/label/rh.aparc.annot
Done loading
208   0  64  32 176 112 128 160  80  96 240 144  48 192  16 224  49  33   1  17 225 241  50   2  34 226  18 242  51   3  35 227  19 
243 209  52   4  36 228 210  20 244  53   5  37 229 211  21  54 245 212  38   6 230  22 246  55 213   7  39 
231 214  23  56 247   8  40 232 215  24  57 248   9  41 233 216  25  58 249  10  42 234 217  26  59 
250  11  43 235 218  27  60 251  12  44 236 219 
 28  61  13  45 252 237 220  29  62  14  46 253 238 221  30  15  47 254 239 
222  31 255 223  63  65  66 193  67 194 195 196 197 198 199 
200 201  68 202  97 203 204 145 205 206 207 177 113  69  81 161 129  98  70 146 178  71 114  99 
147 179 
 82  72 130 100 162 148  73 115 180 101 149 131  83  74 181 102 163 116 103 182  75 150 132 104  84 183  76 164 151 105 184 117 133 106  77 185 152  85 107 186 165 108 187 134  78 118 153 109 188  86 154 166  79 
135 189 110 119 
190 155 111 191  87 136 167 156 120 137 157  88 168 121 158 169 138  89 122 159 
170  90 139 
123 171 124  91 140 172 125  92 141 126 173  93 142 174 127  94 175 143  95 
nrelabeled = 452633
ndotcheck = 27130
Starting Surf2VolSeg free
free done
#VMPC# mri_surf2volseg VmPeak  1998872
mri_surf2volseg done
#-----------------------------------------
#@# AParc-to-ASeg aparc.a2009s Sun Mar  8 22:25:47 CET 2026
/out/sourcedata/freesurfer/sub-v1s14x0051582_ses-1/mri

 mri_surf2volseg --o aparc.a2009s+aseg.mgz --label-cortex --i aseg.mgz --threads 16 --lh-annot /out/sourcedata/freesurfer/sub-v1s14x0051582_ses-1/label/lh.aparc.a2009s.annot 11100 --lh-cortex-mask /out/sourcedata/freesurfer/sub-v1s14x0051582_ses-1/label/lh.cortex.label --lh-white /out/sourcedata/freesurfer/sub-v1s14x0051582_ses-1/surf/lh.white --lh-pial /out/sourcedata/freesurfer/sub-v1s14x0051582_ses-1/surf/lh.pial --rh-annot /out/sourcedata/freesurfer/sub-v1s14x0051582_ses-1/label/rh.aparc.a2009s.annot 12100 --rh-cortex-mask /out/sourcedata/freesurfer/sub-v1s14x0051582_ses-1/label/rh.cortex.label --rh-white /out/sourcedata/freesurfer/sub-v1s14x0051582_ses-1/surf/rh.white --rh-pial /out/sourcedata/freesurfer/sub-v1s14x0051582_ses-1/surf/rh.pial 

SUBJECTS_DIR /out/sourcedata/freesurfer
outvol aparc.a2009s+aseg.mgz
16 avail.processors, using 16
Loading aseg.mgz
Loading /out/sourcedata/freesurfer/sub-v1s14x0051582_ses-1/surf/lh.white
Loading /out/sourcedata/freesurfer/sub-v1s14x0051582_ses-1/surf/lh.pial
Loading /out/sourcedata/freesurfer/sub-v1s14x0051582_ses-1/label/lh.cortex.label
Ripping lh vertices labeled not in lh.cortex.label
  ripped 9393 vertices from lh hemi
Loading /out/sourcedata/freesurfer/sub-v1s14x0051582_ses-1/label/lh.aparc.a2009s.annot
Loading /out/sourcedata/freesurfer/sub-v1s14x0051582_ses-1/surf/rh.white
Loading /out/sourcedata/freesurfer/sub-v1s14x0051582_ses-1/surf/rh.pial
Loading /out/sourcedata/freesurfer/sub-v1s14x0051582_ses-1/label/rh.cortex.label
Ripping rh vertices labeled not in rh.cortex.label
  ripped 8925 vertices from rh hemi
Loading /out/sourcedata/freesurfer/sub-v1s14x0051582_ses-1/label/rh.aparc.a2009s.annot
Done loading
192 208 144 112   0  16 224  64 176 128  32 240 160  80  96  48  33   1  49  17 209 241 225  18   2 210  34 242 226  50  19 
  3 211  35 243 227  51  20   4 212 244  36 228  52  21   5 213 245  37  22 229   6  53 214 246   7  23  38 230 247 215  54   8  24 231  39 
248 216  55   9  25 232 249 217  40  10  26  56 233 250 218  11  27  41  57 234 251 219 
 12  28 235  42 252 220  58  13 236  29 221  43 253  59 
237  14 222  30 238  44  15 254  60 223 239 
 31  61 255  45  62  46  47  63  65 193  66 194  67 195 196 197 198 199 
200 201 202 203 204 205 206 207  68 145 113  69  81 177  97 161  70 129 146  71  82 114  72 178  98 147 162  73  83 130 148  74 115  99 
163 179 
 84 149  75 131 164 180 100  85  76 150 116 132  77 151  86 181 101 165  78 133 152  87 182 102 166 117  79 
153 134  88 183 103 167 154 135  89 184 118 104 155 168 185 136  90 105 156 186 169 137 119 
 91 187 106 157 170 188 138 107 189 158 171  92 108 120 190 139 
191 172 109 159 
140 121  93 110 173 141 111 122  94 174 142 123 175  95 143 124 125 126 127 
nrelabeled = 452633
ndotcheck = 27130
Starting Surf2VolSeg free
free done
#VMPC# mri_surf2volseg VmPeak  1998936
mri_surf2volseg done
#-----------------------------------------
#@# AParc-to-ASeg aparc.DKTatlas Sun Mar  8 22:26:11 CET 2026
/out/sourcedata/freesurfer/sub-v1s14x0051582_ses-1/mri

 mri_surf2volseg --o aparc.DKTatlas+aseg.mgz --label-cortex --i aseg.mgz --threads 16 --lh-annot /out/sourcedata/freesurfer/sub-v1s14x0051582_ses-1/label/lh.aparc.DKTatlas.annot 1000 --lh-cortex-mask /out/sourcedata/freesurfer/sub-v1s14x0051582_ses-1/label/lh.cortex.label --lh-white /out/sourcedata/freesurfer/sub-v1s14x0051582_ses-1/surf/lh.white --lh-pial /out/sourcedata/freesurfer/sub-v1s14x0051582_ses-1/surf/lh.pial --rh-annot /out/sourcedata/freesurfer/sub-v1s14x0051582_ses-1/label/rh.aparc.DKTatlas.annot 2000 --rh-cortex-mask /out/sourcedata/freesurfer/sub-v1s14x0051582_ses-1/label/rh.cortex.label --rh-white /out/sourcedata/freesurfer/sub-v1s14x0051582_ses-1/surf/rh.white --rh-pial /out/sourcedata/freesurfer/sub-v1s14x0051582_ses-1/surf/rh.pial 

SUBJECTS_DIR /out/sourcedata/freesurfer
outvol aparc.DKTatlas+aseg.mgz
16 avail.processors, using 16
Loading aseg.mgz
Loading /out/sourcedata/freesurfer/sub-v1s14x0051582_ses-1/surf/lh.white
Loading /out/sourcedata/freesurfer/sub-v1s14x0051582_ses-1/surf/lh.pial
Loading /out/sourcedata/freesurfer/sub-v1s14x0051582_ses-1/label/lh.cortex.label
Ripping lh vertices labeled not in lh.cortex.label
  ripped 9393 vertices from lh hemi
Loading /out/sourcedata/freesurfer/sub-v1s14x0051582_ses-1/label/lh.aparc.DKTatlas.annot
Loading /out/sourcedata/freesurfer/sub-v1s14x0051582_ses-1/surf/rh.white
Loading /out/sourcedata/freesurfer/sub-v1s14x0051582_ses-1/surf/rh.pial
Loading /out/sourcedata/freesurfer/sub-v1s14x0051582_ses-1/label/rh.cortex.label
Ripping rh vertices labeled not in rh.cortex.label
  ripped 8925 vertices from rh hemi
Loading /out/sourcedata/freesurfer/sub-v1s14x0051582_ses-1/label/rh.aparc.DKTatlas.annot
Done loading
208 240  64 128 224  80  96  48 176 192 112  32   0 144  16 160 225  17   1  33  49 241  18 209   2  34 226  50  19 
242 210   3  35 227  20  51 243   4 211  21  36 228  52 244  22   5 212  37 229  53 245  23   6 213 230  38  54  24 246   7 231 214  39 
 55  25 247 232 215   8  40  56  26 248   9 216 233  41  27  57 249  28  10 217 234  42  58  29 250  11 235 218  43  30  59 
251  12 219 
236  31  44  60 252 237 220  13  45  61 253 238 221  14  46  62 239 
222 254  15 223  47 255  63  65  66 193  67 194 195  68 196 197 198 199 
200 201 202 203 204 205 206 207 113 177 161 145  81  69  97 129  70 114 178 146  71 162  98  82 130 115  72 147 179 
 99 
163  73 131  83 116 148 180  74 100 132  84 164 117 181 149  75 101 133 182  85  76 165 150 118 102 134 183  77 135 103  86 151 119 
184 166 136 185 104  78 186  87 152 120 137 167 105 187  79 
138 188 121 106  88 153 189 168 139 
190 107 191 122 140 154  89 169 108 141 123 170 109 155 142  90 124 110 143 171 125 156 172 111  91 173 126 157  92 174 127 175 158  93 159 
 94  95 
nrelabeled = 452633
ndotcheck = 27130
Starting Surf2VolSeg free
free done
#VMPC# mri_surf2volseg VmPeak  1998860
mri_surf2volseg done
#-----------------------------------------
#@# WMParc Sun Mar  8 22:26:35 CET 2026
/out/sourcedata/freesurfer/sub-v1s14x0051582_ses-1/mri

 mri_surf2volseg --o wmparc.mgz --label-wm --i aparc+aseg.mgz --threads 16 --lh-annot /out/sourcedata/freesurfer/sub-v1s14x0051582_ses-1/label/lh.aparc.annot 3000 --lh-cortex-mask /out/sourcedata/freesurfer/sub-v1s14x0051582_ses-1/label/lh.cortex.label --lh-white /out/sourcedata/freesurfer/sub-v1s14x0051582_ses-1/surf/lh.white --lh-pial /out/sourcedata/freesurfer/sub-v1s14x0051582_ses-1/surf/lh.pial --rh-annot /out/sourcedata/freesurfer/sub-v1s14x0051582_ses-1/label/rh.aparc.annot 4000 --rh-cortex-mask /out/sourcedata/freesurfer/sub-v1s14x0051582_ses-1/label/rh.cortex.label --rh-white /out/sourcedata/freesurfer/sub-v1s14x0051582_ses-1/surf/rh.white --rh-pial /out/sourcedata/freesurfer/sub-v1s14x0051582_ses-1/surf/rh.pial 

SUBJECTS_DIR /out/sourcedata/freesurfer
outvol wmparc.mgz
16 avail.processors, using 16
Loading aparc+aseg.mgz
Loading /out/sourcedata/freesurfer/sub-v1s14x0051582_ses-1/surf/lh.white
Loading /out/sourcedata/freesurfer/sub-v1s14x0051582_ses-1/surf/lh.pial
Loading /out/sourcedata/freesurfer/sub-v1s14x0051582_ses-1/label/lh.cortex.label
Ripping lh vertices labeled not in lh.cortex.label
  ripped 9393 vertices from lh hemi
Loading /out/sourcedata/freesurfer/sub-v1s14x0051582_ses-1/label/lh.aparc.annot
Loading /out/sourcedata/freesurfer/sub-v1s14x0051582_ses-1/surf/rh.white
Loading /out/sourcedata/freesurfer/sub-v1s14x0051582_ses-1/surf/rh.pial
Loading /out/sourcedata/freesurfer/sub-v1s14x0051582_ses-1/label/rh.cortex.label
Ripping rh vertices labeled not in rh.cortex.label
  ripped 8925 vertices from rh hemi
Loading /out/sourcedata/freesurfer/sub-v1s14x0051582_ses-1/label/rh.aparc.annot
Done loading
144  96   0 208  16  80 112 224 128 240 160 176  32  64  48 192 241 225  17  33  65  49   1 209  34  18  50 242   2 226 210  35  66  51  19 
243   3 211 227  36  52  20 193 244   4 212 228  37  53  21   5 245 213 229  38 194  54  22   6 246 214 195  39 
230  55  23   7 247 215 196  56  40 231  24   8 248 197 216  57  41 232  67  25   9 198 249 217  58  42 233  26 199 
 10 250 218  59 
200  43 234  27  11 251 219 
 60 201  44 235  28  12 252 202 220  61  45  29 203  13 253  62  46 221 204  30  14 254  63 205 222  47  31  15 255 206 223 207 236 237 238 239 
 68  69  70  71 177  81  72  73  97 161 178 129  74 145 113  82  75 179 
130 162  76  83  98 180  77 114 181 131 163  78  84 182 132 146  99 
 79 
115 183 133 164  85 134 184 185  86 135 116 100 165 186 187 136 188 189 190  87 117 166 191 147 137 101 167  88 118 138 168 119 
 89 102 139 
148 169 120  90 140 170 103 121  91 171 122 141 149 123 104 172 124  92 142 125 173 126 105 174  93 150 143 127 175  94 106  95 151 107 152 108 153 109 154 110 155 156 111 157 158 159 

nrelabeled = 604641
ndotcheck = 4171
Starting Surf2VolSeg free
free done
#VMPC# mri_surf2volseg VmPeak  1998872
mri_surf2volseg done

 mri_segstats --seed 1234 --seg mri/wmparc.mgz --sum stats/wmparc.stats --pv mri/norm.mgz --excludeid 0 --brainmask mri/brainmask.mgz --in mri/norm.mgz --in-intensity-name norm --in-intensity-units MR --subject sub-v1s14x0051582_ses-1 --surf-wm-vol --ctab /opt/freesurfer/WMParcStatsLUT.txt --etiv 

setting seed for random number genererator to 1234

7.3.2
cwd 
cmdline mri_segstats --seed 1234 --seg mri/wmparc.mgz --sum stats/wmparc.stats --pv mri/norm.mgz --excludeid 0 --brainmask mri/brainmask.mgz --in mri/norm.mgz --in-intensity-name norm --in-intensity-units MR --subject sub-v1s14x0051582_ses-1 --surf-wm-vol --ctab /opt/freesurfer/WMParcStatsLUT.txt --etiv 
sysname  Linux
hostname dna079
machine  x86_64
user     oesteban
whitesurfname  white
UseRobust  0
atlas_icv (eTIV) = 1501990 mm^3    (det: 1.297016 )
Loading mri/wmparc.mgz
Getting Brain Volume Statistics
Loading mri/norm.mgz
Loading mri/norm.mgz
Voxel Volume is 1 mm^3
Generating list of segmentation ids
Found 390 segmentations
Computing statistics for each segmentation

Reporting on  70 segmentations
Using PrintSegStat
mri_segstats done
#--------------------------------------------
#@# ASeg Stats Sun Mar  8 22:28:36 CET 2026
/out/sourcedata/freesurfer/sub-v1s14x0051582_ses-1

 mri_segstats --seed 1234 --seg mri/aseg.mgz --sum stats/aseg.stats --pv mri/norm.mgz --empty --brainmask mri/brainmask.mgz --brain-vol-from-seg --excludeid 0 --excl-ctxgmwm --supratent --subcortgray --in mri/norm.mgz --in-intensity-name norm --in-intensity-units MR --etiv --surf-wm-vol --surf-ctx-vol --totalgray --euler --ctab /opt/freesurfer/ASegStatsLUT.txt --subject sub-v1s14x0051582_ses-1 

setting seed for random number genererator to 1234

7.3.2
cwd 
cmdline mri_segstats --seed 1234 --seg mri/aseg.mgz --sum stats/aseg.stats --pv mri/norm.mgz --empty --brainmask mri/brainmask.mgz --brain-vol-from-seg --excludeid 0 --excl-ctxgmwm --supratent --subcortgray --in mri/norm.mgz --in-intensity-name norm --in-intensity-units MR --etiv --surf-wm-vol --surf-ctx-vol --totalgray --euler --ctab /opt/freesurfer/ASegStatsLUT.txt --subject sub-v1s14x0051582_ses-1 
sysname  Linux
hostname dna079
machine  x86_64
user     oesteban
whitesurfname  white
UseRobust  0
atlas_icv (eTIV) = 1501990 mm^3    (det: 1.297016 )
Computing euler number
orig.nofix lheno =  -38, rheno = -52
orig.nofix lhholes =   20, rhholes = 27
Loading mri/aseg.mgz
Getting Brain Volume Statistics
Loading mri/norm.mgz
Loading mri/norm.mgz
Voxel Volume is 1 mm^3
Generating list of segmentation ids
Found  50 segmentations
Computing statistics for each segmentation

Reporting on  45 segmentations
Using PrintSegStat
mri_segstats done

Started at Sun Mar 8 22:25:02 CET 2026 
Ended   at Sun Mar 8 22:28:58 CET 2026
#@#%# recon-all-run-time-hours 0.066
recon-all -s sub-v1s14x0051582_ses-1 finished without error at Sun Mar  8 22:28:58 CET 2026
