
Sun Mar  8 21:48:40 CET 2026
cd /out/sourcedata/freesurfer/sub-v1s14x0051582_ses-1
setenv SUBJECTS_DIR /out/sourcedata/freesurfer
/opt/freesurfer/bin/recon-all -autorecon-hemi rh -noparcstats -noparcstats2 -noparcstats3 -nohyporelabel -nobalabels -rh-only -openmp 16 -subjid sub-v1s14x0051582_ses-1 -sd /out/sourcedata/freesurfer

subjid sub-v1s14x0051582_ses-1
setenv SUBJECTS_DIR /out/sourcedata/freesurfer
FREESURFER_HOME /opt/freesurfer
Actual FREESURFER_HOME /opt/freesurfer
build-stamp.txt: freesurfer-linux-ubuntu22_x86_64-7.3.2-20220804-6354275
Linux dna079 5.14.0-427.37.1.el9_4.x86_64 #1 SMP PREEMPT_DYNAMIC Fri Sep 13 12:41:50 EDT 2024 x86_64 x86_64 x86_64 GNU/Linux
cputime      unlimited
filesize     unlimited
datasize     unlimited
stacksize    8192 kbytes
coredumpsize 0 kbytes
memoryuse    67108864 kbytes
vmemoryuse   unlimited
descriptors  1024 
memorylocked unlimited
maxproc      2061970 
maxlocks     unlimited
maxsignal    2062029 
maxmessage   819200 
maxnice      0 
maxrtprio    0 
maxrttime    unlimited

               total        used        free      shared  buff/cache   available
Mem:           503Gi        50Gi       391Gi       9.2Gi        61Gi       440Gi
Swap:             0B          0B          0B

########################################
program versions used
7.3.2 (freesurfer-linux-ubuntu22_x86_64-7.3.2-20220804-6354275)
7.3.2

ProgramName: lta_convert  ProgramArguments: lta_convert -all-info  ProgramVersion: 7.3.2  TimeStamp: 2026/03/08-20:48:40-GMT  BuildTime: Aug  4 2022 06:17:15  BuildStamp: freesurfer-linux-ubuntu22_x86_64-7.3.2-20220804-6354275  User: oesteban  Machine: dna079  Platform: Linux  PlatformVersion: 5.14.0-427.37.1.el9_4.x86_64  CompilerName: GCC  CompilerVersion: 8.4.0
ProgramName: mri_and  ProgramArguments: mri_and -all-info  ProgramVersion: 7.3.2  TimeStamp: 2026/03/08-20:48:40-GMT  BuildTime: Aug  4 2022 06:17:15  BuildStamp: freesurfer-linux-ubuntu22_x86_64-7.3.2-20220804-6354275  User: oesteban  Machine: dna079  Platform: Linux  PlatformVersion: 5.14.0-427.37.1.el9_4.x86_64  CompilerName: GCC  CompilerVersion: 8.4.0
ProgramName: mri_annotation2label  ProgramArguments: mri_annotation2label -all-info  ProgramVersion: 7.3.2  TimeStamp: 2026/03/08-20:48:40-GMT  BuildTime: Aug  4 2022 06:17:15  BuildStamp: freesurfer-linux-ubuntu22_x86_64-7.3.2-20220804-6354275  User: oesteban  Machine: dna079  Platform: Linux  PlatformVersion: 5.14.0-427.37.1.el9_4.x86_64  CompilerName: GCC  CompilerVersion: 8.4.0
ProgramName: mri_aparc2aseg  ProgramArguments: mri_aparc2aseg -all-info  ProgramVersion: 7.3.2  TimeStamp: 2026/03/08-20:48:40-GMT  BuildTime: Aug  4 2022 06:17:15  BuildStamp: freesurfer-linux-ubuntu22_x86_64-7.3.2-20220804-6354275  User: oesteban  Machine: dna079  Platform: Linux  PlatformVersion: 5.14.0-427.37.1.el9_4.x86_64  CompilerName: GCC  CompilerVersion: 8.4.0
ProgramName: mri_surf2volseg  ProgramArguments: mri_surf2volseg -all-info  ProgramVersion: 7.3.2  TimeStamp: 2026/03/08-20:48:40-GMT  BuildTime: Aug  4 2022 06:17:15  BuildStamp: freesurfer-linux-ubuntu22_x86_64-7.3.2-20220804-6354275  User: oesteban  Machine: dna079  Platform: Linux  PlatformVersion: 5.14.0-427.37.1.el9_4.x86_64  CompilerName: GCC  CompilerVersion: 8.4.0
ProgramName: mri_binarize  ProgramArguments: mri_binarize -all-info  ProgramVersion: 7.3.2  TimeStamp: 2026/03/08-20:48:40-GMT  BuildTime: Aug  4 2022 06:17:15  BuildStamp: freesurfer-linux-ubuntu22_x86_64-7.3.2-20220804-6354275  User: oesteban  Machine: dna079  Platform: Linux  PlatformVersion: 5.14.0-427.37.1.el9_4.x86_64  CompilerName: GCC  CompilerVersion: 8.4.0
ProgramName: mri_ca_label  ProgramArguments: mri_ca_label -all-info  ProgramVersion: 7.3.2  TimeStamp: 2026/03/08-20:48:40-GMT  BuildTime: Aug  4 2022 06:17:15  BuildStamp: freesurfer-linux-ubuntu22_x86_64-7.3.2-20220804-6354275  User: oesteban  Machine: dna079  Platform: Linux  PlatformVersion: 5.14.0-427.37.1.el9_4.x86_64  CompilerName: GCC  CompilerVersion: 8.4.0
ProgramName: mri_ca_normalize  ProgramArguments: mri_ca_normalize -all-info  ProgramVersion: 7.3.2  TimeStamp: 2026/03/08-20:48:40-GMT  BuildTime: Aug  4 2022 06:17:15  BuildStamp: freesurfer-linux-ubuntu22_x86_64-7.3.2-20220804-6354275  User: oesteban  Machine: dna079  Platform: Linux  PlatformVersion: 5.14.0-427.37.1.el9_4.x86_64  CompilerName: GCC  CompilerVersion: 8.4.0
ProgramName: mri_ca_register  ProgramArguments: mri_ca_register -all-info  ProgramVersion: 7.3.2  TimeStamp: 2026/03/08-20:48:40-GMT  BuildTime: Aug  4 2022 06:17:15  BuildStamp: freesurfer-linux-ubuntu22_x86_64-7.3.2-20220804-6354275  User: oesteban  Machine: dna079  Platform: Linux  PlatformVersion: 5.14.0-427.37.1.el9_4.x86_64  CompilerName: GCC  CompilerVersion: 8.4.0
ProgramName: mri_cc  ProgramArguments: mri_cc -all-info  ProgramVersion: 7.3.2  TimeStamp: 2026/03/08-20:48:40-GMT  BuildTime: Aug  4 2022 06:17:15  BuildStamp: freesurfer-linux-ubuntu22_x86_64-7.3.2-20220804-6354275  User: oesteban  Machine: dna079  Platform: Linux  PlatformVersion: 5.14.0-427.37.1.el9_4.x86_64  CompilerName: GCC  CompilerVersion: 8.4.0
ProgramName: mri_compute_overlap  ProgramArguments: mri_compute_overlap -all-info  ProgramVersion: 7.3.2  TimeStamp: 2026/03/08-20:48:40-GMT  BuildTime: Aug  4 2022 06:17:15  BuildStamp: freesurfer-linux-ubuntu22_x86_64-7.3.2-20220804-6354275  User: oesteban  Machine: dna079  Platform: Linux  PlatformVersion: 5.14.0-427.37.1.el9_4.x86_64  CompilerName: GCC  CompilerVersion: 8.4.0
ProgramName: mri_compute_seg_overlap  ProgramArguments: mri_compute_seg_overlap -all-info  ProgramVersion: 7.3.2  TimeStamp: 2026/03/08-20:48:40-GMT  BuildTime: Aug  4 2022 06:17:15  BuildStamp: freesurfer-linux-ubuntu22_x86_64-7.3.2-20220804-6354275  User: oesteban  Machine: dna079  Platform: Linux  PlatformVersion: 5.14.0-427.37.1.el9_4.x86_64  CompilerName: GCC  CompilerVersion: 8.4.0
ProgramName: mri_concat  ProgramArguments: mri_concat -all-info  ProgramVersion: 7.3.2  TimeStamp: 2026/03/08-20:48:40-GMT  BuildTime: Aug  4 2022 06:17:15  BuildStamp: freesurfer-linux-ubuntu22_x86_64-7.3.2-20220804-6354275  User: oesteban  Machine: dna079  Platform: Linux  PlatformVersion: 5.14.0-427.37.1.el9_4.x86_64  CompilerName: GCC  CompilerVersion: 8.4.0
ProgramName: mri_concatenate_lta  ProgramArguments: mri_concatenate_lta -all-info  ProgramVersion: 7.3.2  TimeStamp: 2026/03/08-20:48:40-GMT  BuildTime: Aug  4 2022 06:17:15  BuildStamp: freesurfer-linux-ubuntu22_x86_64-7.3.2-20220804-6354275  User: oesteban  Machine: dna079  Platform: Linux  PlatformVersion: 5.14.0-427.37.1.el9_4.x86_64  CompilerName: GCC  CompilerVersion: 8.4.0
mri_convert -all-info 
ProgramName: mri_convert  ProgramArguments: mri_convert -all-info  ProgramVersion: 7.3.2  TimeStamp: 2026/03/08-20:48:40-GMT  BuildTime: Aug  4 2022 06:17:15  BuildStamp: freesurfer-linux-ubuntu22_x86_64-7.3.2-20220804-6354275  User: oesteban  Machine: dna079  Platform: Linux  PlatformVersion: 5.14.0-427.37.1.el9_4.x86_64  CompilerName: GCC  CompilerVersion: 8.4.0
ProgramName: mri_diff  ProgramArguments: mri_diff -all-info  ProgramVersion: 7.3.2  TimeStamp: 2026/03/08-20:48:40-GMT  BuildTime: Aug  4 2022 06:17:15  BuildStamp: freesurfer-linux-ubuntu22_x86_64-7.3.2-20220804-6354275  User: oesteban  Machine: dna079  Platform: Linux  PlatformVersion: 5.14.0-427.37.1.el9_4.x86_64  CompilerName: GCC  CompilerVersion: 8.4.0
ProgramName: mri_edit_wm_with_aseg  ProgramArguments: mri_edit_wm_with_aseg -all-info  ProgramVersion: 7.3.2  TimeStamp: 2026/03/08-20:48:40-GMT  BuildTime: Aug  4 2022 06:17:15  BuildStamp: freesurfer-linux-ubuntu22_x86_64-7.3.2-20220804-6354275  User: oesteban  Machine: dna079  Platform: Linux  PlatformVersion: 5.14.0-427.37.1.el9_4.x86_64  CompilerName: GCC  CompilerVersion: 8.4.0
ProgramName: mri_em_register  ProgramArguments: mri_em_register -all-info  ProgramVersion: 7.3.2  TimeStamp: 2026/03/08-20:48:40-GMT  BuildTime: Aug  4 2022 06:17:15  BuildStamp: freesurfer-linux-ubuntu22_x86_64-7.3.2-20220804-6354275  User: oesteban  Machine: dna079  Platform: Linux  PlatformVersion: 5.14.0-427.37.1.el9_4.x86_64  CompilerName: GCC  CompilerVersion: 8.4.0
ProgramName: mri_fill  ProgramArguments: mri_fill -all-info  ProgramVersion: 7.3.2  TimeStamp: 2026/03/08-20:48:40-GMT  BuildTime: Aug  4 2022 06:17:15  BuildStamp: freesurfer-linux-ubuntu22_x86_64-7.3.2-20220804-6354275  User: oesteban  Machine: dna079  Platform: Linux  PlatformVersion: 5.14.0-427.37.1.el9_4.x86_64  CompilerName: GCC  CompilerVersion: 8.4.0
ProgramName: mri_fuse_segmentations  ProgramArguments: mri_fuse_segmentations -all-info  ProgramVersion: 7.3.2  TimeStamp: 2026/03/08-20:48:40-GMT  BuildTime: Aug  4 2022 06:17:15  BuildStamp: freesurfer-linux-ubuntu22_x86_64-7.3.2-20220804-6354275  User: oesteban  Machine: dna079  Platform: Linux  PlatformVersion: 5.14.0-427.37.1.el9_4.x86_64  CompilerName: GCC  CompilerVersion: 8.4.0
ProgramName: mri_fwhm  ProgramArguments: mri_fwhm -all-info  ProgramVersion: 7.3.2  TimeStamp: 2026/03/08-20:48:40-GMT  BuildTime: Aug  4 2022 06:17:15  BuildStamp: freesurfer-linux-ubuntu22_x86_64-7.3.2-20220804-6354275  User: oesteban  Machine: dna079  Platform: Linux  PlatformVersion: 5.14.0-427.37.1.el9_4.x86_64  CompilerName: GCC  CompilerVersion: 8.4.0
ProgramName: mri_gcut  ProgramArguments: mri_gcut -all-info  ProgramVersion: 7.3.2  TimeStamp: 2026/03/08-20:48:40-GMT  BuildTime: Aug  4 2022 06:17:15  BuildStamp: freesurfer-linux-ubuntu22_x86_64-7.3.2-20220804-6354275  User: oesteban  Machine: dna079  Platform: Linux  PlatformVersion: 5.14.0-427.37.1.el9_4.x86_64  CompilerName: GCC  CompilerVersion: 8.4.0
ProgramName: mri_info  ProgramArguments: mri_info -all-info  ProgramVersion: 7.3.2  TimeStamp: 2026/03/08-20:48:40-GMT  BuildTime: Aug  4 2022 06:17:15  BuildStamp: freesurfer-linux-ubuntu22_x86_64-7.3.2-20220804-6354275  User: oesteban  Machine: dna079  Platform: Linux  PlatformVersion: 5.14.0-427.37.1.el9_4.x86_64  CompilerName: GCC  CompilerVersion: 8.4.0
ProgramName: mri_label2label  ProgramArguments: mri_label2label -all-info  ProgramVersion: 7.3.2  TimeStamp: 2026/03/08-20:48:40-GMT  BuildTime: Aug  4 2022 06:17:15  BuildStamp: freesurfer-linux-ubuntu22_x86_64-7.3.2-20220804-6354275  User: oesteban  Machine: dna079  Platform: Linux  PlatformVersion: 5.14.0-427.37.1.el9_4.x86_64  CompilerName: GCC  CompilerVersion: 8.4.0
ProgramName: mri_label2vol  ProgramArguments: mri_label2vol -all-info  ProgramVersion: 7.3.2  TimeStamp: 2026/03/08-20:48:40-GMT  BuildTime: Aug  4 2022 06:17:15  BuildStamp: freesurfer-linux-ubuntu22_x86_64-7.3.2-20220804-6354275  User: oesteban  Machine: dna079  Platform: Linux  PlatformVersion: 5.14.0-427.37.1.el9_4.x86_64  CompilerName: GCC  CompilerVersion: 8.4.0
ProgramName: mri_log_likelihood  ProgramArguments: mri_log_likelihood -all-info  ProgramVersion: 7.3.2  TimeStamp: 2026/03/08-20:48:40-GMT  BuildTime: Aug  4 2022 06:17:15  BuildStamp: freesurfer-linux-ubuntu22_x86_64-7.3.2-20220804-6354275  User: oesteban  Machine: dna079  Platform: Linux  PlatformVersion: 5.14.0-427.37.1.el9_4.x86_64  CompilerName: GCC  CompilerVersion: 8.4.0
ProgramName: mri_mask  ProgramArguments: mri_mask -all-info  ProgramVersion: 7.3.2  TimeStamp: 2026/03/08-20:48:40-GMT  BuildTime: Aug  4 2022 06:17:15  BuildStamp: freesurfer-linux-ubuntu22_x86_64-7.3.2-20220804-6354275  User: oesteban  Machine: dna079  Platform: Linux  PlatformVersion: 5.14.0-427.37.1.el9_4.x86_64  CompilerName: GCC  CompilerVersion: 8.4.0
ProgramName: mri_matrix_multiply  ProgramArguments: mri_matrix_multiply -all-info  ProgramVersion: 7.3.2  TimeStamp: 2026/03/08-20:48:40-GMT  BuildTime: Aug  4 2022 06:17:15  BuildStamp: freesurfer-linux-ubuntu22_x86_64-7.3.2-20220804-6354275  User: oesteban  Machine: dna079  Platform: Linux  PlatformVersion: 5.14.0-427.37.1.el9_4.x86_64  CompilerName: GCC  CompilerVersion: 8.4.0
ProgramName: mri_normalize  ProgramArguments: mri_normalize -all-info  ProgramVersion: 7.3.2  TimeStamp: 2026/03/08-20:48:40-GMT  BuildTime: Aug  4 2022 06:17:15  BuildStamp: freesurfer-linux-ubuntu22_x86_64-7.3.2-20220804-6354275  User: oesteban  Machine: dna079  Platform: Linux  PlatformVersion: 5.14.0-427.37.1.el9_4.x86_64  CompilerName: GCC  CompilerVersion: 8.4.0
ProgramName: mri_normalize_tp2  ProgramArguments: mri_normalize_tp2 -all-info  ProgramVersion: 7.3.2  TimeStamp: 2026/03/08-20:48:40-GMT  BuildTime: Aug  4 2022 06:17:15  BuildStamp: freesurfer-linux-ubuntu22_x86_64-7.3.2-20220804-6354275  User: oesteban  Machine: dna079  Platform: Linux  PlatformVersion: 5.14.0-427.37.1.el9_4.x86_64  CompilerName: GCC  CompilerVersion: 8.4.0
ProgramName: mri_or  ProgramArguments: mri_or -all-info  ProgramVersion: 7.3.2  TimeStamp: 2026/03/08-20:48:40-GMT  BuildTime: Aug  4 2022 06:17:15  BuildStamp: freesurfer-linux-ubuntu22_x86_64-7.3.2-20220804-6354275  User: oesteban  Machine: dna079  Platform: Linux  PlatformVersion: 5.14.0-427.37.1.el9_4.x86_64  CompilerName: GCC  CompilerVersion: 8.4.0
ProgramName: mri_relabel_hypointensities  ProgramArguments: mri_relabel_hypointensities -all-info  ProgramVersion: 7.3.2  TimeStamp: 2026/03/08-20:48:40-GMT  BuildTime: Aug  4 2022 06:17:15  BuildStamp: freesurfer-linux-ubuntu22_x86_64-7.3.2-20220804-6354275  User: oesteban  Machine: dna079  Platform: Linux  PlatformVersion: 5.14.0-427.37.1.el9_4.x86_64  CompilerName: GCC  CompilerVersion: 8.4.0
ProgramName: mri_relabel_nonwm_hypos  ProgramArguments: mri_relabel_nonwm_hypos -all-info  ProgramVersion: 7.3.2  TimeStamp: 2026/03/08-20:48:40-GMT  BuildTime: Aug  4 2022 06:17:15  BuildStamp: freesurfer-linux-ubuntu22_x86_64-7.3.2-20220804-6354275  User: oesteban  Machine: dna079  Platform: Linux  PlatformVersion: 5.14.0-427.37.1.el9_4.x86_64  CompilerName: GCC  CompilerVersion: 8.4.0
ProgramName: mri_remove_neck  ProgramArguments: mri_remove_neck -all-info  ProgramVersion: 7.3.2  TimeStamp: 2026/03/08-20:48:40-GMT  BuildTime: Aug  4 2022 06:17:15  BuildStamp: freesurfer-linux-ubuntu22_x86_64-7.3.2-20220804-6354275  User: oesteban  Machine: dna079  Platform: Linux  PlatformVersion: 5.14.0-427.37.1.el9_4.x86_64  CompilerName: GCC  CompilerVersion: 8.4.0
7.3.2

ProgramName: mri_robust_register  ProgramArguments: mri_robust_register -all-info  ProgramVersion: 7.3.2  TimeStamp: 2026/03/08-20:48:40-GMT  BuildTime: Aug  4 2022 06:17:15  BuildStamp: freesurfer-linux-ubuntu22_x86_64-7.3.2-20220804-6354275  User: oesteban  Machine: dna079  Platform: Linux  PlatformVersion: 5.14.0-427.37.1.el9_4.x86_64  CompilerName: GCC  CompilerVersion: 8.4.0
7.3.2

ProgramName: mri_robust_template  ProgramArguments: mri_robust_template -all-info  ProgramVersion: 7.3.2  TimeStamp: 2026/03/08-20:48:40-GMT  BuildTime: Aug  4 2022 06:17:15  BuildStamp: freesurfer-linux-ubuntu22_x86_64-7.3.2-20220804-6354275  User: oesteban  Machine: dna079  Platform: Linux  PlatformVersion: 5.14.0-427.37.1.el9_4.x86_64  CompilerName: GCC  CompilerVersion: 8.4.0
ProgramName: mris_anatomical_stats  ProgramArguments: mris_anatomical_stats -all-info  ProgramVersion: 7.3.2  TimeStamp: 2026/03/08-20:48:40-GMT  BuildTime: Aug  4 2022 06:17:15  BuildStamp: freesurfer-linux-ubuntu22_x86_64-7.3.2-20220804-6354275  User: oesteban  Machine: dna079  Platform: Linux  PlatformVersion: 5.14.0-427.37.1.el9_4.x86_64  CompilerName: GCC  CompilerVersion: 8.4.0
ProgramName: mris_ca_label  ProgramArguments: mris_ca_label -all-info  ProgramVersion: 7.3.2  TimeStamp: 2026/03/08-20:48:40-GMT  BuildTime: Aug  4 2022 06:17:15  BuildStamp: freesurfer-linux-ubuntu22_x86_64-7.3.2-20220804-6354275  User: oesteban  Machine: dna079  Platform: Linux  PlatformVersion: 5.14.0-427.37.1.el9_4.x86_64  CompilerName: GCC  CompilerVersion: 8.4.0
ProgramName: mris_calc  ProgramArguments: mris_calc -all-info  ProgramVersion: 7.3.2  TimeStamp: 2026/03/08-20:48:40-GMT  BuildTime: Aug  4 2022 06:17:15  BuildStamp: freesurfer-linux-ubuntu22_x86_64-7.3.2-20220804-6354275  User: oesteban  Machine: dna079  Platform: Linux  PlatformVersion: 5.14.0-427.37.1.el9_4.x86_64  CompilerName: GCC  CompilerVersion: 8.4.0
ProgramName: mris_convert  ProgramArguments: mris_convert -all-info  ProgramVersion: 7.3.2  TimeStamp: 2026/03/08-20:48:40-GMT  BuildTime: Aug  4 2022 06:17:15  BuildStamp: freesurfer-linux-ubuntu22_x86_64-7.3.2-20220804-6354275  User: oesteban  Machine: dna079  Platform: Linux  PlatformVersion: 5.14.0-427.37.1.el9_4.x86_64  CompilerName: GCC  CompilerVersion: 8.4.0
ProgramName: mris_curvature  ProgramArguments: mris_curvature -all-info  ProgramVersion: 7.3.2  TimeStamp: 2026/03/08-20:48:40-GMT  BuildTime: Aug  4 2022 06:17:15  BuildStamp: freesurfer-linux-ubuntu22_x86_64-7.3.2-20220804-6354275  User: oesteban  Machine: dna079  Platform: Linux  PlatformVersion: 5.14.0-427.37.1.el9_4.x86_64  CompilerName: GCC  CompilerVersion: 8.4.0
ProgramName: mris_curvature_stats  ProgramArguments: mris_curvature_stats -all-info  ProgramVersion: 7.3.2  TimeStamp: 2026/03/08-20:48:40-GMT  BuildTime: Aug  4 2022 06:17:15  BuildStamp: freesurfer-linux-ubuntu22_x86_64-7.3.2-20220804-6354275  User: oesteban  Machine: dna079  Platform: Linux  PlatformVersion: 5.14.0-427.37.1.el9_4.x86_64  CompilerName: GCC  CompilerVersion: 8.4.0
ProgramName: mris_diff  ProgramArguments: mris_diff -all-info  ProgramVersion: 7.3.2  TimeStamp: 2026/03/08-20:48:40-GMT  BuildTime: Aug  4 2022 06:17:15  BuildStamp: freesurfer-linux-ubuntu22_x86_64-7.3.2-20220804-6354275  User: oesteban  Machine: dna079  Platform: Linux  PlatformVersion: 5.14.0-427.37.1.el9_4.x86_64  CompilerName: GCC  CompilerVersion: 8.4.0
ProgramName: mris_divide_parcellation  ProgramArguments: mris_divide_parcellation -all-info  ProgramVersion: 7.3.2  TimeStamp: 2026/03/08-20:48:40-GMT  BuildTime: Aug  4 2022 06:17:15  BuildStamp: freesurfer-linux-ubuntu22_x86_64-7.3.2-20220804-6354275  User: oesteban  Machine: dna079  Platform: Linux  PlatformVersion: 5.14.0-427.37.1.el9_4.x86_64  CompilerName: GCC  CompilerVersion: 8.4.0
ProgramName: mri_segment  ProgramArguments: mri_segment -all-info  ProgramVersion: 7.3.2  TimeStamp: 2026/03/08-20:48:40-GMT  BuildTime: Aug  4 2022 06:17:15  BuildStamp: freesurfer-linux-ubuntu22_x86_64-7.3.2-20220804-6354275  User: oesteban  Machine: dna079  Platform: Linux  PlatformVersion: 5.14.0-427.37.1.el9_4.x86_64  CompilerName: GCC  CompilerVersion: 8.4.0
ProgramName: mri_segstats  ProgramArguments: mri_segstats -all-info  ProgramVersion: 7.3.2  TimeStamp: 2026/03/08-20:48:40-GMT  BuildTime: Aug  4 2022 06:17:15  BuildStamp: freesurfer-linux-ubuntu22_x86_64-7.3.2-20220804-6354275  User: oesteban  Machine: dna079  Platform: Linux  PlatformVersion: 5.14.0-427.37.1.el9_4.x86_64  CompilerName: GCC  CompilerVersion: 8.4.0
ProgramName: mris_euler_number  ProgramArguments: mris_euler_number -all-info  ProgramVersion: 7.3.2  TimeStamp: 2026/03/08-20:48:40-GMT  BuildTime: Aug  4 2022 06:17:15  BuildStamp: freesurfer-linux-ubuntu22_x86_64-7.3.2-20220804-6354275  User: oesteban  Machine: dna079  Platform: Linux  PlatformVersion: 5.14.0-427.37.1.el9_4.x86_64  CompilerName: GCC  CompilerVersion: 8.4.0
ProgramName: mris_fix_topology  ProgramArguments: mris_fix_topology -all-info  ProgramVersion: 7.3.2  TimeStamp: 2026/03/08-20:48:40-GMT  BuildTime: Aug  4 2022 06:17:15  BuildStamp: freesurfer-linux-ubuntu22_x86_64-7.3.2-20220804-6354275  User: oesteban  Machine: dna079  Platform: Linux  PlatformVersion: 5.14.0-427.37.1.el9_4.x86_64  CompilerName: GCC  CompilerVersion: 8.4.0
ProgramName: mris_topo_fixer  ProgramArguments: mris_topo_fixer -all-info  ProgramVersion: 7.3.2  TimeStamp: 2026/03/08-20:48:40-GMT  BuildTime: Aug  4 2022 06:17:15  BuildStamp: freesurfer-linux-ubuntu22_x86_64-7.3.2-20220804-6354275  User: oesteban  Machine: dna079  Platform: Linux  PlatformVersion: 5.14.0-427.37.1.el9_4.x86_64  CompilerName: GCC  CompilerVersion: 8.4.0
ProgramName: mris_jacobian  ProgramArguments: mris_jacobian -all-info  ProgramVersion: 7.3.2  TimeStamp: 2026/03/08-20:48:40-GMT  BuildTime: Aug  4 2022 06:17:15  BuildStamp: freesurfer-linux-ubuntu22_x86_64-7.3.2-20220804-6354275  User: oesteban  Machine: dna079  Platform: Linux  PlatformVersion: 5.14.0-427.37.1.el9_4.x86_64  CompilerName: GCC  CompilerVersion: 8.4.0
ProgramName: mris_label2annot  ProgramArguments: mris_label2annot -all-info  ProgramVersion: 7.3.2  TimeStamp: 2026/03/08-20:48:40-GMT  BuildTime: Aug  4 2022 06:17:15  BuildStamp: freesurfer-linux-ubuntu22_x86_64-7.3.2-20220804-6354275  User: oesteban  Machine: dna079  Platform: Linux  PlatformVersion: 5.14.0-427.37.1.el9_4.x86_64  CompilerName: GCC  CompilerVersion: 8.4.0
ProgramName: mris_left_right_register  ProgramArguments: mris_left_right_register -all-info  ProgramVersion: 7.3.2  TimeStamp: 2026/03/08-20:48:40-GMT  BuildTime: Aug  4 2022 06:17:15  BuildStamp: freesurfer-linux-ubuntu22_x86_64-7.3.2-20220804-6354275  User: oesteban  Machine: dna079  Platform: Linux  PlatformVersion: 5.14.0-427.37.1.el9_4.x86_64  CompilerName: GCC  CompilerVersion: 8.4.0
ProgramName: mris_place_surface  ProgramArguments: mris_place_surface -all-info  ProgramVersion: 7.3.2  TimeStamp: 2026/03/08-20:48:40-GMT  BuildTime: Aug  4 2022 06:17:15  BuildStamp: freesurfer-linux-ubuntu22_x86_64-7.3.2-20220804-6354275  User: oesteban  Machine: dna079  Platform: Linux  PlatformVersion: 5.14.0-427.37.1.el9_4.x86_64  CompilerName: GCC  CompilerVersion: 8.4.0
ProgramName: mrisp_paint  ProgramArguments: mrisp_paint -all-info  ProgramVersion: 7.3.2  TimeStamp: 2026/03/08-20:48:40-GMT  BuildTime: Aug  4 2022 06:17:15  BuildStamp: freesurfer-linux-ubuntu22_x86_64-7.3.2-20220804-6354275  User: oesteban  Machine: dna079  Platform: Linux  PlatformVersion: 5.14.0-427.37.1.el9_4.x86_64  CompilerName: GCC  CompilerVersion: 8.4.0
ProgramName: mris_register  ProgramArguments: mris_register -all-info  ProgramVersion: 7.3.2  TimeStamp: 2026/03/08-20:48:40-GMT  BuildTime: Aug  4 2022 06:17:15  BuildStamp: freesurfer-linux-ubuntu22_x86_64-7.3.2-20220804-6354275  User: oesteban  Machine: dna079  Platform: Linux  PlatformVersion: 5.14.0-427.37.1.el9_4.x86_64  CompilerName: GCC  CompilerVersion: 8.4.0
ProgramName: mris_smooth  ProgramArguments: mris_smooth -all-info  ProgramVersion: 7.3.2  TimeStamp: 2026/03/08-20:48:40-GMT  BuildTime: Aug  4 2022 06:17:15  BuildStamp: freesurfer-linux-ubuntu22_x86_64-7.3.2-20220804-6354275  User: oesteban  Machine: dna079  Platform: Linux  PlatformVersion: 5.14.0-427.37.1.el9_4.x86_64  CompilerName: GCC  CompilerVersion: 8.4.0
ProgramName: mris_sphere  ProgramArguments: mris_sphere -all-info  ProgramVersion: 7.3.2  TimeStamp: 2026/03/08-20:48:40-GMT  BuildTime: Aug  4 2022 06:17:15  BuildStamp: freesurfer-linux-ubuntu22_x86_64-7.3.2-20220804-6354275  User: oesteban  Machine: dna079  Platform: Linux  PlatformVersion: 5.14.0-427.37.1.el9_4.x86_64  CompilerName: GCC  CompilerVersion: 8.4.0
ProgramName: mris_surface_stats  ProgramArguments: mris_surface_stats -all-info  ProgramVersion: 7.3.2  TimeStamp: 2026/03/08-20:48:40-GMT  BuildTime: Aug  4 2022 06:17:15  BuildStamp: freesurfer-linux-ubuntu22_x86_64-7.3.2-20220804-6354275  User: oesteban  Machine: dna079  Platform: Linux  PlatformVersion: 5.14.0-427.37.1.el9_4.x86_64  CompilerName: GCC  CompilerVersion: 8.4.0
ProgramName: mri_stats2seg  ProgramArguments: mri_stats2seg -all-info  ProgramVersion: 7.3.2  TimeStamp: 2026/03/08-20:48:40-GMT  BuildTime: Aug  4 2022 06:17:15  BuildStamp: freesurfer-linux-ubuntu22_x86_64-7.3.2-20220804-6354275  User: oesteban  Machine: dna079  Platform: Linux  PlatformVersion: 5.14.0-427.37.1.el9_4.x86_64  CompilerName: GCC  CompilerVersion: 8.4.0
ProgramName: mris_thickness  ProgramArguments: mris_thickness -all-info  ProgramVersion: 7.3.2  TimeStamp: 2026/03/08-20:48:40-GMT  BuildTime: Aug  4 2022 06:17:15  BuildStamp: freesurfer-linux-ubuntu22_x86_64-7.3.2-20220804-6354275  User: oesteban  Machine: dna079  Platform: Linux  PlatformVersion: 5.14.0-427.37.1.el9_4.x86_64  CompilerName: GCC  CompilerVersion: 8.4.0
ProgramName: mris_thickness_diff  ProgramArguments: mris_thickness_diff -all-info  ProgramVersion: 7.3.2  TimeStamp: 2026/03/08-20:48:40-GMT  BuildTime: Aug  4 2022 06:17:15  BuildStamp: freesurfer-linux-ubuntu22_x86_64-7.3.2-20220804-6354275  User: oesteban  Machine: dna079  Platform: Linux  PlatformVersion: 5.14.0-427.37.1.el9_4.x86_64  CompilerName: GCC  CompilerVersion: 8.4.0
ProgramName: mris_topo_fixer  ProgramArguments: mris_topo_fixer -all-info  ProgramVersion: 7.3.2  TimeStamp: 2026/03/08-20:48:40-GMT  BuildTime: Aug  4 2022 06:17:15  BuildStamp: freesurfer-linux-ubuntu22_x86_64-7.3.2-20220804-6354275  User: oesteban  Machine: dna079  Platform: Linux  PlatformVersion: 5.14.0-427.37.1.el9_4.x86_64  CompilerName: GCC  CompilerVersion: 8.4.0
ProgramName: mri_surf2surf  ProgramArguments: mri_surf2surf -all-info  ProgramVersion: 7.3.2  TimeStamp: 2026/03/08-20:48:40-GMT  BuildTime: Aug  4 2022 06:17:15  BuildStamp: freesurfer-linux-ubuntu22_x86_64-7.3.2-20220804-6354275  User: oesteban  Machine: dna079  Platform: Linux  PlatformVersion: 5.14.0-427.37.1.el9_4.x86_64  CompilerName: GCC  CompilerVersion: 8.4.0
ProgramName: mri_surf2vol  ProgramArguments: mri_surf2vol -all-info  ProgramVersion: 7.3.2  TimeStamp: 2026/03/08-20:48:40-GMT  BuildTime: Aug  4 2022 06:17:15  BuildStamp: freesurfer-linux-ubuntu22_x86_64-7.3.2-20220804-6354275  User: oesteban  Machine: dna079  Platform: Linux  PlatformVersion: 5.14.0-427.37.1.el9_4.x86_64  CompilerName: GCC  CompilerVersion: 8.4.0
ProgramName: mri_surfcluster  ProgramArguments: mri_surfcluster -all-info  ProgramVersion: 7.3.2  TimeStamp: 2026/03/08-20:48:40-GMT  BuildTime: Aug  4 2022 06:17:15  BuildStamp: freesurfer-linux-ubuntu22_x86_64-7.3.2-20220804-6354275  User: oesteban  Machine: dna079  Platform: Linux  PlatformVersion: 5.14.0-427.37.1.el9_4.x86_64  CompilerName: GCC  CompilerVersion: 8.4.0
ProgramName: mris_volmask  ProgramArguments: mris_volmask -all-info  ProgramVersion: 7.3.2  TimeStamp: 2026/03/08-20:48:40-GMT  BuildTime: Aug  4 2022 06:17:15  BuildStamp: freesurfer-linux-ubuntu22_x86_64-7.3.2-20220804-6354275  User: oesteban  Machine: dna079  Platform: Linux  PlatformVersion: 5.14.0-427.37.1.el9_4.x86_64  CompilerName: GCC  CompilerVersion: 8.4.0
ProgramName: mri_tessellate  ProgramArguments: mri_tessellate -all-info  ProgramVersion: 7.3.2  TimeStamp: 2026/03/08-20:48:40-GMT  BuildTime: Aug  4 2022 06:17:15  BuildStamp: freesurfer-linux-ubuntu22_x86_64-7.3.2-20220804-6354275  User: oesteban  Machine: dna079  Platform: Linux  PlatformVersion: 5.14.0-427.37.1.el9_4.x86_64  CompilerName: GCC  CompilerVersion: 8.4.0
ProgramName: mri_vol2surf  ProgramArguments: mri_vol2surf -all-info  ProgramVersion: 7.3.2  TimeStamp: 2026/03/08-20:48:40-GMT  BuildTime: Aug  4 2022 06:17:15  BuildStamp: freesurfer-linux-ubuntu22_x86_64-7.3.2-20220804-6354275  User: oesteban  Machine: dna079  Platform: Linux  PlatformVersion: 5.14.0-427.37.1.el9_4.x86_64  CompilerName: GCC  CompilerVersion: 8.4.0
ProgramName: mri_vol2vol  ProgramArguments: mri_vol2vol -all-info  ProgramVersion: 7.3.2  TimeStamp: 2026/03/08-20:48:40-GMT  BuildTime: Aug  4 2022 06:17:15  BuildStamp: freesurfer-linux-ubuntu22_x86_64-7.3.2-20220804-6354275  User: oesteban  Machine: dna079  Platform: Linux  PlatformVersion: 5.14.0-427.37.1.el9_4.x86_64  CompilerName: GCC  CompilerVersion: 8.4.0
ProgramName: mri_voldiff  ProgramArguments: mri_voldiff -all-info  ProgramVersion: 7.3.2  TimeStamp: 2026/03/08-20:48:40-GMT  BuildTime: Aug  4 2022 06:17:15  BuildStamp: freesurfer-linux-ubuntu22_x86_64-7.3.2-20220804-6354275  User: oesteban  Machine: dna079  Platform: Linux  PlatformVersion: 5.14.0-427.37.1.el9_4.x86_64  CompilerName: GCC  CompilerVersion: 8.4.0
ProgramName: mri_watershed  ProgramArguments: mri_watershed -all-info  ProgramVersion: 7.3.2  TimeStamp: 2026/03/08-20:48:40-GMT  BuildTime: Aug  4 2022 06:17:15  BuildStamp: freesurfer-linux-ubuntu22_x86_64-7.3.2-20220804-6354275  User: oesteban  Machine: dna079  Platform: Linux  PlatformVersion: 5.14.0-427.37.1.el9_4.x86_64  CompilerName: GCC  CompilerVersion: 8.4.0
ProgramName: tkregister2  ProgramArguments: tkregister2_cmdl -all-info  ProgramVersion: 7.3.2  TimeStamp: 2026/03/08-20:48:40-GMT  BuildTime: Aug  4 2022 06:17:15  BuildStamp: freesurfer-linux-ubuntu22_x86_64-7.3.2-20220804-6354275  User: oesteban  Machine: dna079  Platform: Linux  PlatformVersion: 5.14.0-427.37.1.el9_4.x86_64  CompilerName: GCC  CompilerVersion: 8.4.0
mri_motion_correct.fsl 7.3.2
mri_convert -all-info 
ProgramName: mri_convert  ProgramArguments: mri_convert -all-info  ProgramVersion: 7.3.2  TimeStamp: 2026/03/08-20:48:40-GMT  BuildTime: Aug  4 2022 06:17:15  BuildStamp: freesurfer-linux-ubuntu22_x86_64-7.3.2-20220804-6354275  User: oesteban  Machine: dna079  Platform: Linux  PlatformVersion: 5.14.0-427.37.1.el9_4.x86_64  CompilerName: GCC  CompilerVersion: 8.4.0
Program nu_correct, built from:
Package MNI N3, version 1.12.0, compiled by nicks@terrier (x86_64-unknown-linux-gnu) on 2015-06-19 at 01:25:34
#######################################
GCADIR /opt/freesurfer/average
GCA RB_all_2020-01-02.gca
GCASkull RB_all_withskull_2020_01_02.gca
AvgCurvTif folding.atlas.acfb40.noaparc.i12.2016-08-02.tif
GCSDIR /opt/freesurfer/average
GCS DKaparc.atlas.acfb40.noaparc.i12.2016-08-02.gcs
#######################################
#--------------------------------------------
#@# Tessellate rh Sun Mar  8 21:48:40 CET 2026
/out/sourcedata/freesurfer/sub-v1s14x0051582_ses-1/scripts

 mri_pretess ../mri/filled.mgz 127 ../mri/norm.mgz ../mri/filled-pretess127.mgz 


Iteration Number : 1
pass   1 (xy+):   4 found -   4 modified     |    TOTAL:   4
pass   2 (xy+):   0 found -   4 modified     |    TOTAL:   4
pass   1 (xy-):   1 found -   1 modified     |    TOTAL:   5
pass   2 (xy-):   0 found -   1 modified     |    TOTAL:   5
pass   1 (yz+):   9 found -   9 modified     |    TOTAL:  14
pass   2 (yz+):   0 found -   9 modified     |    TOTAL:  14
pass   1 (yz-):   6 found -   6 modified     |    TOTAL:  20
pass   2 (yz-):   0 found -   6 modified     |    TOTAL:  20
pass   1 (xz+):   2 found -   2 modified     |    TOTAL:  22
pass   2 (xz+):   0 found -   2 modified     |    TOTAL:  22
pass   1 (xz-):   0 found -   0 modified     |    TOTAL:  22
Iteration Number : 1
pass   1 (+++):   0 found -   0 modified     |    TOTAL:   0
pass   1 (+++):   0 found -   0 modified     |    TOTAL:   0
pass   1 (+++):   0 found -   0 modified     |    TOTAL:   0
pass   1 (+++):   0 found -   0 modified     |    TOTAL:   0
Iteration Number : 1
pass   1 (++):   2 found -   2 modified     |    TOTAL:   2
pass   2 (++):   0 found -   2 modified     |    TOTAL:   2
pass   1 (+-):   0 found -   0 modified     |    TOTAL:   2
pass   1 (--):   0 found -   0 modified     |    TOTAL:   2
pass   1 (-+):   2 found -   2 modified     |    TOTAL:   4
pass   2 (-+):   0 found -   2 modified     |    TOTAL:   4
Iteration Number : 2
pass   1 (xy+):   0 found -   0 modified     |    TOTAL:   0
pass   1 (xy-):   0 found -   0 modified     |    TOTAL:   0
pass   1 (yz+):   1 found -   1 modified     |    TOTAL:   1
pass   2 (yz+):   0 found -   1 modified     |    TOTAL:   1
pass   1 (yz-):   0 found -   0 modified     |    TOTAL:   1
pass   1 (xz+):   0 found -   0 modified     |    TOTAL:   1
pass   1 (xz-):   0 found -   0 modified     |    TOTAL:   1
Iteration Number : 2
pass   1 (+++):   0 found -   0 modified     |    TOTAL:   0
pass   1 (+++):   0 found -   0 modified     |    TOTAL:   0
pass   1 (+++):   0 found -   0 modified     |    TOTAL:   0
pass   1 (+++):   0 found -   0 modified     |    TOTAL:   0
Iteration Number : 2
pass   1 (++):   0 found -   0 modified     |    TOTAL:   0
pass   1 (+-):   0 found -   0 modified     |    TOTAL:   0
pass   1 (--):   0 found -   0 modified     |    TOTAL:   0
pass   1 (-+):   0 found -   0 modified     |    TOTAL:   0
Iteration Number : 3
pass   1 (xy+):   0 found -   0 modified     |    TOTAL:   0
pass   1 (xy-):   0 found -   0 modified     |    TOTAL:   0
pass   1 (yz+):   0 found -   0 modified     |    TOTAL:   0
pass   1 (yz-):   0 found -   0 modified     |    TOTAL:   0
pass   1 (xz+):   0 found -   0 modified     |    TOTAL:   0
pass   1 (xz-):   0 found -   0 modified     |    TOTAL:   0
Iteration Number : 3
pass   1 (+++):   0 found -   0 modified     |    TOTAL:   0
pass   1 (+++):   0 found -   0 modified     |    TOTAL:   0
pass   1 (+++):   0 found -   0 modified     |    TOTAL:   0
pass   1 (+++):   0 found -   0 modified     |    TOTAL:   0
Iteration Number : 3
pass   1 (++):   0 found -   0 modified     |    TOTAL:   0
pass   1 (+-):   0 found -   0 modified     |    TOTAL:   0
pass   1 (--):   0 found -   0 modified     |    TOTAL:   0
pass   1 (-+):   0 found -   0 modified     |    TOTAL:   0

Total Number of Modified Voxels = 27 (out of 342734: 0.007878)
Ambiguous edge configurations... 

mri_pretess done


 mri_tessellate ../mri/filled-pretess127.mgz 127 ../surf/rh.orig.nofix 

7.3.2
  7.3.2
slice 40: 322 vertices, 368 faces
slice 50: 4999 vertices, 5237 faces
slice 60: 13585 vertices, 13944 faces
slice 70: 24186 vertices, 24564 faces
slice 80: 35573 vertices, 35958 faces
slice 90: 46757 vertices, 47132 faces
slice 100: 58297 vertices, 58697 faces
slice 110: 70598 vertices, 71001 faces
slice 120: 82414 vertices, 82818 faces
slice 130: 94234 vertices, 94654 faces
slice 140: 105557 vertices, 105958 faces
slice 150: 116205 vertices, 116562 faces
slice 160: 125169 vertices, 125516 faces
slice 170: 133887 vertices, 134209 faces
slice 180: 141163 vertices, 141467 faces
slice 190: 147887 vertices, 148173 faces
slice 200: 152890 vertices, 153059 faces
slice 210: 154631 vertices, 154694 faces
slice 220: 154656 vertices, 154708 faces
slice 230: 154656 vertices, 154708 faces
slice 240: 154656 vertices, 154708 faces
slice 250: 154656 vertices, 154708 faces
using the conformed surface RAS to save vertex points...
writing ../surf/rh.orig.nofix
using vox2ras matrix:
-1.00000   0.00000   0.00000   128.00000;
 0.00000   0.00000   1.00000  -128.00000;
 0.00000  -1.00000   0.00000   128.00000;
 0.00000   0.00000   0.00000   1.00000;

 rm -f ../mri/filled-pretess127.mgz 


 mris_extract_main_component ../surf/rh.orig.nofix ../surf/rh.orig.nofix 


counting number of connected components...
   154656 voxel in cpt #1: X=-52 [v=154656,e=464124,f=309416] located at (27.581678, -11.539662, -11.329227)
For the whole surface: X=-52 [v=154656,e=464124,f=309416]
One single component has been found
nothing to do
done

#--------------------------------------------
#@# Smooth1 rh Sun Mar  8 21:48:43 CET 2026
/out/sourcedata/freesurfer/sub-v1s14x0051582_ses-1/scripts

 mris_smooth -nw -seed 1234 ../surf/rh.orig.nofix ../surf/rh.smoothwm.nofix 

setting seed for random number generator to 1234
smoothing surface tessellation for 10 iterations...
smoothing complete - recomputing first and second fundamental forms...
#--------------------------------------------
#@# Inflation1 rh Sun Mar  8 21:48:46 CET 2026
/out/sourcedata/freesurfer/sub-v1s14x0051582_ses-1/scripts

 mris_inflate -no-save-sulc ../surf/rh.smoothwm.nofix ../surf/rh.inflated.nofix 

Not saving sulc
Reading ../surf/rh.smoothwm.nofix
avg radius = 49.3 mm, total surface area = 83487 mm^2
step 000: RMS=0.151 (target=0.015)   step 005: RMS=0.116 (target=0.015)   step 010: RMS=0.087 (target=0.015)   step 015: RMS=0.076 (target=0.015)   step 020: RMS=0.067 (target=0.015)   step 025: RMS=0.061 (target=0.015)   step 030: RMS=0.057 (target=0.015)   step 035: RMS=0.053 (target=0.015)   step 040: RMS=0.051 (target=0.015)   step 045: RMS=0.049 (target=0.015)   step 050: RMS=0.048 (target=0.015)   step 055: RMS=0.049 (target=0.015)   step 060: RMS=0.048 (target=0.015)   writing inflated surface to ../surf/rh.inflated.nofix
inflation took 0.3 minutes

inflation complete.
Not saving sulc
mris_inflate utimesec    52.522713
mris_inflate stimesec    1.941211
mris_inflate ru_maxrss   244304
mris_inflate ru_ixrss    0
mris_inflate ru_idrss    0
mris_inflate ru_isrss    0
mris_inflate ru_minflt   562426
mris_inflate ru_majflt   7
mris_inflate ru_nswap    0
mris_inflate ru_inblock  0
mris_inflate ru_oublock  10880
mris_inflate ru_msgsnd   0
mris_inflate ru_msgrcv   0
mris_inflate ru_nsignals 0
mris_inflate ru_nvcsw    5095
mris_inflate ru_nivcsw   238
#--------------------------------------------
#@# QSphere rh Sun Mar  8 21:49:01 CET 2026
/out/sourcedata/freesurfer/sub-v1s14x0051582_ses-1/scripts

 mris_sphere -q -p 6 -a 128 -seed 1234 ../surf/rh.inflated.nofix ../surf/rh.qsphere.nofix 

doing quick spherical unfolding.
limitting unfolding to 6 passes
using n_averages = 128
setting seed for random number genererator to 1234
version: 7.3.2
available threads: 16
scaling brain by 0.292...
inflating...
projecting onto sphere...
surface projected - minimizing metric distortion...
vertex spacing 0.93 +- 0.55 (0.00-->7.42) (max @ vno 64087 --> 65258)
face area 0.02 +- 0.03 (-0.27-->0.47)
Entering MRISinflateToSphere()
inflating to sphere (rms error < 2.00)
000: dt: 0.0000, rms radial error=176.762, avgs=0
005/300: dt: 0.9000, rms radial error=176.507, avgs=0
010/300: dt: 0.9000, rms radial error=175.959, avgs=0
015/300: dt: 0.9000, rms radial error=175.226, avgs=0
020/300: dt: 0.9000, rms radial error=174.392, avgs=0
025/300: dt: 0.9000, rms radial error=173.499, avgs=0
030/300: dt: 0.9000, rms radial error=172.575, avgs=0
035/300: dt: 0.9000, rms radial error=171.634, avgs=0
040/300: dt: 0.9000, rms radial error=170.685, avgs=0
045/300: dt: 0.9000, rms radial error=169.734, avgs=0
050/300: dt: 0.9000, rms radial error=168.784, avgs=0
055/300: dt: 0.9000, rms radial error=167.837, avgs=0
060/300: dt: 0.9000, rms radial error=166.893, avgs=0
065/300: dt: 0.9000, rms radial error=165.954, avgs=0
070/300: dt: 0.9000, rms radial error=165.020, avgs=0
075/300: dt: 0.9000, rms radial error=164.090, avgs=0
080/300: dt: 0.9000, rms radial error=163.166, avgs=0
085/300: dt: 0.9000, rms radial error=162.246, avgs=0
090/300: dt: 0.9000, rms radial error=161.332, avgs=0
095/300: dt: 0.9000, rms radial error=160.423, avgs=0
100/300: dt: 0.9000, rms radial error=159.519, avgs=0
105/300: dt: 0.9000, rms radial error=158.620, avgs=0
110/300: dt: 0.9000, rms radial error=157.726, avgs=0
115/300: dt: 0.9000, rms radial error=156.838, avgs=0
120/300: dt: 0.9000, rms radial error=155.956, avgs=0
125/300: dt: 0.9000, rms radial error=155.078, avgs=0
130/300: dt: 0.9000, rms radial error=154.205, avgs=0
135/300: dt: 0.9000, rms radial error=153.336, avgs=0
140/300: dt: 0.9000, rms radial error=152.473, avgs=0
145/300: dt: 0.9000, rms radial error=151.614, avgs=0
150/300: dt: 0.9000, rms radial error=150.760, avgs=0
155/300: dt: 0.9000, rms radial error=149.911, avgs=0
160/300: dt: 0.9000, rms radial error=149.066, avgs=0
165/300: dt: 0.9000, rms radial error=148.227, avgs=0
170/300: dt: 0.9000, rms radial error=147.393, avgs=0
175/300: dt: 0.9000, rms radial error=146.563, avgs=0
180/300: dt: 0.9000, rms radial error=145.737, avgs=0
185/300: dt: 0.9000, rms radial error=144.917, avgs=0
190/300: dt: 0.9000, rms radial error=144.100, avgs=0
195/300: dt: 0.9000, rms radial error=143.289, avgs=0
200/300: dt: 0.9000, rms radial error=142.482, avgs=0
205/300: dt: 0.9000, rms radial error=141.680, avgs=0
210/300: dt: 0.9000, rms radial error=140.883, avgs=0
215/300: dt: 0.9000, rms radial error=140.090, avgs=0
220/300: dt: 0.9000, rms radial error=139.301, avgs=0
225/300: dt: 0.9000, rms radial error=138.517, avgs=0
230/300: dt: 0.9000, rms radial error=137.737, avgs=0
235/300: dt: 0.9000, rms radial error=136.962, avgs=0
240/300: dt: 0.9000, rms radial error=136.190, avgs=0
245/300: dt: 0.9000, rms radial error=135.423, avgs=0
250/300: dt: 0.9000, rms radial error=134.661, avgs=0
255/300: dt: 0.9000, rms radial error=133.902, avgs=0
260/300: dt: 0.9000, rms radial error=133.148, avgs=0
265/300: dt: 0.9000, rms radial error=132.398, avgs=0
270/300: dt: 0.9000, rms radial error=131.653, avgs=0
275/300: dt: 0.9000, rms radial error=130.911, avgs=0
280/300: dt: 0.9000, rms radial error=130.174, avgs=0
285/300: dt: 0.9000, rms radial error=129.440, avgs=0
290/300: dt: 0.9000, rms radial error=128.711, avgs=0
295/300: dt: 0.9000, rms radial error=127.986, avgs=0
300/300: dt: 0.9000, rms radial error=127.265, avgs=0

spherical inflation complete.
epoch 1 (K=10.0), pass 1, starting sse = 18390.04
taking momentum steps...
taking momentum steps...
taking momentum steps...
taking momentum steps...
pass 1 complete, delta sse/iter = 0.00/13 = 0.00029
epoch 2 (K=40.0), pass 1, starting sse = 3113.84
taking momentum steps...
taking momentum steps...
taking momentum steps...
taking momentum steps...
pass 1 complete, delta sse/iter = 0.00/13 = 0.00005
epoch 3 (K=160.0), pass 1, starting sse = 329.13
taking momentum steps...
taking momentum steps...
taking momentum steps...
taking momentum steps...
pass 1 complete, delta sse/iter = 0.07/14 = 0.00506
epoch 4 (K=640.0), pass 1, starting sse = 25.01
taking momentum steps...
taking momentum steps...
taking momentum steps...
taking momentum steps...
pass 1 complete, delta sse/iter = 0.09/20 = 0.00448
final distance error %100000.00
writing spherical brain to ../surf/rh.qsphere.nofix
spherical transformation took 0.0185 hours
FSRUNTIME@ mris_sphere  0.0185 hours 16 threads
#VMPC# mris_sphere VmPeak  1581216
mris_sphere done
#@# Fix Topology rh Sun Mar  8 21:50:08 CET 2026

 mris_fix_topology -mgz -sphere qsphere.nofix -inflated inflated.nofix -orig orig.nofix -out orig.premesh -ga -seed 1234 sub-v1s14x0051582_ses-1 rh 

reading spherical homeomorphism from 'qsphere.nofix'
reading inflated coordinates from 'inflated.nofix'
reading original coordinates from 'orig.nofix'
using genetic algorithm with optimized parameters
setting seed for random number genererator to 1234

*************************************************************
Topology Correction Parameters
retessellation mode:           genetic search
number of patches/generation : 10
number of generations :        10
surface mri loglikelihood coefficient :         1.0
volume mri loglikelihood coefficient :          10.0
normal dot loglikelihood coefficient :          1.0
quadratic curvature loglikelihood coefficient : 1.0
volume resolution :                             2
eliminate vertices during search :              1
initial patch selection :                       1
select all defect vertices :                    0
ordering dependant retessellation:              0
use precomputed edge table :                    0
smooth retessellated patch :                    2
match retessellated patch :                     1
verbose mode :                                  0

*************************************************************
INFO: assuming .mgz format
writing corrected surface to 'orig.premesh'
7.3.2
  7.3.2
before topology correction, eno=-52 (nv=154656, nf=309416, ne=464124, g=27)
using quasi-homeomorphic spherical map to tessellate cortical surface...

Correction of the Topology
Finding true center and radius of Spherical Surface...done
Surface centered at (0,0,0) with radius 100.0 in 8 iterations
marking ambiguous vertices...
9425 ambiguous faces found in tessellation
segmenting defects...
36 defects found, arbitrating ambiguous regions...
analyzing neighboring defects...
      -merging segment 6 into 4
      -merging segment 8 into 4
      -merging segment 21 into 19
      -merging segment 32 into 29
32 defects to be corrected 
0 vertices coincident
reading input surface /out/sourcedata/freesurfer/sub-v1s14x0051582_ses-1/surf/rh.qsphere.nofix...
reading brain volume from brain...
reading wm segmentation from wm...
Reading original properties of orig.nofix
Reading vertex positions of inflated.nofix
Computing Initial Surface Statistics
      -face       loglikelihood: -9.3256  (-4.6628)
      -vertex     loglikelihood: -6.2836  (-3.1418)
      -normal dot loglikelihood: -3.5927  (-3.5927)
      -quad curv  loglikelihood: -5.9015  (-2.9508)
      Total Loglikelihood : -25.1035
CORRECTING DEFECT 0 (vertices=232, convex hull=84, v0=378)
After retessellation of defect 0 (v0=378), euler #=-32 (149179,446020,296809) : difference with theory (-29) = 3 
CORRECTING DEFECT 1 (vertices=30, convex hull=41, v0=4253)
After retessellation of defect 1 (v0=4253), euler #=-31 (149183,446048,296834) : difference with theory (-28) = 3 
CORRECTING DEFECT 2 (vertices=5, convex hull=18, v0=4384)
After retessellation of defect 2 (v0=4384), euler #=-30 (149183,446051,296838) : difference with theory (-27) = 3 
CORRECTING DEFECT 3 (vertices=69, convex hull=30, v0=4428)
After retessellation of defect 3 (v0=4428), euler #=-29 (149190,446081,296862) : difference with theory (-26) = 3 
CORRECTING DEFECT 4 (vertices=224, convex hull=264, v0=55508)
normal vector of length zero at vertex 149669 with 4 faces
normal vector of length zero at vertex 149669 with 4 faces
normal vector of length zero at vertex 149669 with 4 faces
normal vector of length zero at vertex 149709 with 4 faces
normal vector of length zero at vertex 149709 with 4 faces
normal vector of length zero at vertex 149709 with 4 faces
normal vector of length zero at vertex 149711 with 4 faces
normal vector of length zero at vertex 149709 with 4 faces
normal vector of length zero at vertex 149709 with 4 faces
normal vector of length zero at vertex 149709 with 4 faces
normal vector of length zero at vertex 149709 with 4 faces
normal vector of length zero at vertex 149709 with 4 faces
normal vector of length zero at vertex 149709 with 4 faces
normal vector of length zero at vertex 149709 with 4 faces
normal vector of length zero at vertex 149709 with 4 faces
normal vector of length zero at vertex 149709 with 4 faces
normal vector of length zero at vertex 149709 with 4 faces
normal vector of length zero at vertex 149636 with 3 faces
normal vector of length zero at vertex 149709 with 4 faces
normal vector of length zero at vertex 149709 with 4 faces
normal vector of length zero at vertex 149709 with 4 faces
normal vector of length zero at vertex 149636 with 3 faces
normal vector of length zero at vertex 149636 with 3 faces
normal vector of length zero at vertex 149636 with 3 faces
normal vector of length zero at vertex 149636 with 3 faces
normal vector of length zero at vertex 149636 with 3 faces
normal vector of length zero at vertex 149636 with 3 faces
normal vector of length zero at vertex 149636 with 3 faces
normal vector of length zero at vertex 149636 with 3 faces
normal vector of length zero at vertex 149636 with 3 faces
normal vector of length zero at vertex 149636 with 3 faces
normal vector of length zero at vertex 149636 with 3 faces
normal vector of length zero at vertex 149636 with 3 faces
normal vector of length zero at vertex 149636 with 3 faces
normal vector of length zero at vertex 149636 with 3 faces
normal vector of length zero at vertex 149636 with 3 faces
normal vector of length zero at vertex 149636 with 3 faces
normal vector of length zero at vertex 149636 with 3 faces
normal vector of length zero at vertex 149636 with 3 faces
normal vector of length zero at vertex 149636 with 3 faces
normal vector of length zero at vertex 149636 with 3 faces
normal vector of length zero at vertex 149636 with 3 faces
normal vector of length zero at vertex 149636 with 3 faces
normal vector of length zero at vertex 149709 with 4 faces
normal vector of length zero at vertex 149709 with 4 faces
normal vector of length zero at vertex 149709 with 4 faces
normal vector of length zero at vertex 149636 with 3 faces
normal vector of length zero at vertex 149636 with 3 faces
normal vector of length zero at vertex 149636 with 3 faces
normal vector of length zero at vertex 149636 with 3 faces
normal vector of length zero at vertex 149636 with 3 faces
normal vector of length zero at vertex 149636 with 3 faces
normal vector of length zero at vertex 149636 with 3 faces
normal vector of length zero at vertex 149636 with 3 faces
normal vector of length zero at vertex 149636 with 3 faces
normal vector of length zero at vertex 149636 with 3 faces
normal vector of length zero at vertex 149636 with 3 faces
normal vector of length zero at vertex 149636 with 3 faces
normal vector of length zero at vertex 149636 with 3 faces
normal vector of length zero at vertex 149636 with 3 faces
normal vector of length zero at vertex 149636 with 3 faces
normal vector of length zero at vertex 149636 with 3 faces
normal vector of length zero at vertex 149636 with 3 faces
normal vector of length zero at vertex 149636 with 3 faces
normal vector of length zero at vertex 149636 with 3 faces
normal vector of length zero at vertex 149636 with 3 faces
normal vector of length zero at vertex 149636 with 3 faces
normal vector of length zero at vertex 149636 with 3 faces
normal vector of length zero at vertex 149709 with 4 faces
normal vector of length zero at vertex 149709 with 4 faces
normal vector of length zero at vertex 149709 with 4 faces
normal vector of length zero at vertex 149709 with 4 faces
normal vector of length zero at vertex 149709 with 4 faces
normal vector of length zero at vertex 149709 with 4 faces
normal vector of length zero at vertex 149709 with 4 faces
normal vector of length zero at vertex 149709 with 4 faces
normal vector of length zero at vertex 149709 with 4 faces
normal vector of length zero at vertex 149709 with 4 faces
normal vector of length zero at vertex 149709 with 4 faces
normal vector of length zero at vertex 149709 with 4 faces
normal vector of length zero at vertex 149659 with 4 faces
normal vector of length zero at vertex 149679 with 4 faces
normal vector of length zero at vertex 149709 with 4 faces
normal vector of length zero at vertex 149709 with 4 faces
normal vector of length zero at vertex 149709 with 4 faces
normal vector of length zero at vertex 149709 with 4 faces
normal vector of length zero at vertex 149709 with 4 faces
normal vector of length zero at vertex 149709 with 4 faces
normal vector of length zero at vertex 149668 with 4 faces
normal vector of length zero at vertex 149709 with 4 faces
normal vector of length zero at vertex 149709 with 4 faces
normal vector of length zero at vertex 149709 with 4 faces
normal vector of length zero at vertex 149709 with 4 faces
normal vector of length zero at vertex 149709 with 4 faces
normal vector of length zero at vertex 149709 with 4 faces
normal vector of length zero at vertex 149709 with 4 faces
normal vector of length zero at vertex 149709 with 4 faces
normal vector of length zero at vertex 149709 with 4 faces
normal vector of length zero at vertex 149709 with 4 faces
normal vector of length zero at vertex 149709 with 4 faces
normal vector of length zero at vertex 149698 with 3 faces
normal vector of length zero at vertex 149709 with 4 faces
normal vector of length zero at vertex 149709 with 4 faces
normal vector of length zero at vertex 149710 with 3 faces
normal vector of length zero at vertex 149709 with 4 faces
normal vector of length zero at vertex 149709 with 4 faces
normal vector of length zero at vertex 149709 with 4 faces
normal vector of length zero at vertex 149709 with 4 faces
normal vector of length zero at vertex 149709 with 4 faces
normal vector of length zero at vertex 149703 with 5 faces
normal vector of length zero at vertex 149709 with 4 faces
normal vector of length zero at vertex 149699 with 5 faces
normal vector of length zero at vertex 149698 with 4 faces
normal vector of length zero at vertex 149698 with 4 faces
normal vector of length zero at vertex 149710 with 3 faces
normal vector of length zero at vertex 149710 with 3 faces
normal vector of length zero at vertex 149710 with 3 faces
normal vector of length zero at vertex 149710 with 3 faces
normal vector of length zero at vertex 149710 with 3 faces
normal vector of length zero at vertex 149710 with 3 faces
normal vector of length zero at vertex 149710 with 3 faces
normal vector of length zero at vertex 149710 with 3 faces
normal vector of length zero at vertex 149703 with 4 faces
normal vector of length zero at vertex 149703 with 4 faces
normal vector of length zero at vertex 149670 with 4 faces
normal vector of length zero at vertex 149670 with 4 faces
normal vector of length zero at vertex 149670 with 4 faces
normal vector of length zero at vertex 149698 with 3 faces
normal vector of length zero at vertex 149698 with 3 faces
normal vector of length zero at vertex 149670 with 4 faces
normal vector of length zero at vertex 149703 with 4 faces
normal vector of length zero at vertex 149670 with 4 faces
normal vector of length zero at vertex 149670 with 4 faces
normal vector of length zero at vertex 149670 with 4 faces
normal vector of length zero at vertex 149670 with 4 faces
normal vector of length zero at vertex 149670 with 4 faces
normal vector of length zero at vertex 149670 with 4 faces
normal vector of length zero at vertex 149698 with 3 faces
normal vector of length zero at vertex 149711 with 3 faces
normal vector of length zero at vertex 149711 with 3 faces
normal vector of length zero at vertex 149711 with 3 faces
normal vector of length zero at vertex 149711 with 3 faces
normal vector of length zero at vertex 149700 with 4 faces
normal vector of length zero at vertex 149698 with 3 faces
normal vector of length zero at vertex 149698 with 3 faces
normal vector of length zero at vertex 149698 with 3 faces
normal vector of length zero at vertex 149698 with 3 faces
normal vector of length zero at vertex 149710 with 4 faces
normal vector of length zero at vertex 149698 with 3 faces
After retessellation of defect 4 (v0=55508), euler #=-26 (149199,446243,297018) : difference with theory (-25) = 1 
CORRECTING DEFECT 5 (vertices=35, convex hull=28, v0=55875)
After retessellation of defect 5 (v0=55875), euler #=-25 (149202,446262,297035) : difference with theory (-24) = 1 
CORRECTING DEFECT 6 (vertices=7, convex hull=27, v0=58026)
After retessellation of defect 6 (v0=58026), euler #=-24 (149205,446280,297051) : difference with theory (-23) = 1 
CORRECTING DEFECT 7 (vertices=9, convex hull=28, v0=66298)
After retessellation of defect 7 (v0=66298), euler #=-23 (149208,446295,297064) : difference with theory (-22) = 1 
CORRECTING DEFECT 8 (vertices=1201, convex hull=744, v0=70370)
An extra large defect has been detected...
This often happens because cerebellum or dura has not been removed from wm.mgz.
This may cause recon-all to run very slowly or crash.
if so, see https://surfer.nmr.mgh.harvard.edu/fswiki/FsTutorial/TopologicalDefect_freeview
After retessellation of defect 8 (v0=70370), euler #=-23 (149341,447075,297711) : difference with theory (-21) = 2 
CORRECTING DEFECT 9 (vertices=121, convex hull=163, v0=72715)
After retessellation of defect 9 (v0=72715), euler #=-22 (149410,447360,297928) : difference with theory (-20) = 2 
CORRECTING DEFECT 10 (vertices=404, convex hull=219, v0=77073)
After retessellation of defect 10 (v0=77073), euler #=-21 (149440,447561,298100) : difference with theory (-19) = 2 
CORRECTING DEFECT 11 (vertices=32, convex hull=54, v0=84779)
After retessellation of defect 11 (v0=84779), euler #=-20 (149458,447635,298157) : difference with theory (-18) = 2 
CORRECTING DEFECT 12 (vertices=15, convex hull=35, v0=85866)
After retessellation of defect 12 (v0=85866), euler #=-19 (149463,447657,298175) : difference with theory (-17) = 2 
CORRECTING DEFECT 13 (vertices=270, convex hull=228, v0=86041)
After retessellation of defect 13 (v0=86041), euler #=-18 (149533,447978,298427) : difference with theory (-16) = 2 
CORRECTING DEFECT 14 (vertices=31, convex hull=26, v0=87315)
After retessellation of defect 14 (v0=87315), euler #=-17 (149538,448000,298445) : difference with theory (-15) = 2 
CORRECTING DEFECT 15 (vertices=11, convex hull=33, v0=88210)
After retessellation of defect 15 (v0=88210), euler #=-16 (149542,448022,298464) : difference with theory (-14) = 2 
CORRECTING DEFECT 16 (vertices=107, convex hull=43, v0=93079)
After retessellation of defect 16 (v0=93079), euler #=-15 (149555,448078,298508) : difference with theory (-13) = 2 
CORRECTING DEFECT 17 (vertices=141, convex hull=72, v0=97660)
After retessellation of defect 17 (v0=97660), euler #=-13 (149568,448152,298571) : difference with theory (-12) = 1 
CORRECTING DEFECT 18 (vertices=64, convex hull=31, v0=98491)
After retessellation of defect 18 (v0=98491), euler #=-12 (149576,448187,298599) : difference with theory (-11) = 1 
CORRECTING DEFECT 19 (vertices=79, convex hull=74, v0=104148)
After retessellation of defect 19 (v0=104148), euler #=-11 (149594,448280,298675) : difference with theory (-10) = 1 
CORRECTING DEFECT 20 (vertices=224, convex hull=110, v0=110141)
After retessellation of defect 20 (v0=110141), euler #=-10 (149615,448398,298773) : difference with theory (-9) = 1 
CORRECTING DEFECT 21 (vertices=66, convex hull=61, v0=111661)
After retessellation of defect 21 (v0=111661), euler #=-9 (149625,448453,298819) : difference with theory (-8) = 1 
CORRECTING DEFECT 22 (vertices=471, convex hull=208, v0=111852)
After retessellation of defect 22 (v0=111852), euler #=-8 (149674,448704,299022) : difference with theory (-7) = 1 
CORRECTING DEFECT 23 (vertices=34, convex hull=30, v0=116269)
After retessellation of defect 23 (v0=116269), euler #=-7 (149678,448726,299041) : difference with theory (-6) = 1 
CORRECTING DEFECT 24 (vertices=300, convex hull=197, v0=122336)
normal vector of length zero at vertex 153351 with 4 faces
normal vector of length zero at vertex 153351 with 4 faces
After retessellation of defect 24 (v0=122336), euler #=-6 (149713,448927,299208) : difference with theory (-5) = 1 
CORRECTING DEFECT 25 (vertices=19, convex hull=26, v0=122341)
After retessellation of defect 25 (v0=122341), euler #=-5 (149715,448939,299219) : difference with theory (-4) = 1 
CORRECTING DEFECT 26 (vertices=417, convex hull=72, v0=126610)
After retessellation of defect 26 (v0=126610), euler #=-3 (149741,449060,299316) : difference with theory (-3) = 0 
CORRECTING DEFECT 27 (vertices=10, convex hull=19, v0=126794)
After retessellation of defect 27 (v0=126794), euler #=-2 (149742,449068,299324) : difference with theory (-2) = 0 
CORRECTING DEFECT 28 (vertices=6, convex hull=22, v0=131048)
After retessellation of defect 28 (v0=131048), euler #=-1 (149744,449081,299336) : difference with theory (-1) = 0 
CORRECTING DEFECT 29 (vertices=773, convex hull=191, v0=136052)
After retessellation of defect 29 (v0=136052), euler #=0 (149835,449458,299623) : difference with theory (0) = 0 
CORRECTING DEFECT 30 (vertices=35, convex hull=24, v0=138267)
After retessellation of defect 30 (v0=138267), euler #=1 (149835,449466,299632) : difference with theory (1) = 0 
CORRECTING DEFECT 31 (vertices=39, convex hull=83, v0=150186)
After retessellation of defect 31 (v0=150186), euler #=2 (149850,449544,299696) : difference with theory (2) = 0 
computing original vertex metric properties...
storing new metric properties...
computing tessellation statistics...
vertex spacing 0.89 +- 0.25 (0.08-->12.41) (max @ vno 86640 --> 90831)
face area -nan +- -nan (1000.00-->-1.00)
performing soap bubble on retessellated vertices for 0 iterations...
vertex spacing 0.89 +- 0.25 (0.08-->12.41) (max @ vno 86640 --> 90831)
face area -nan +- -nan (1000.00-->-1.00)
tessellation finished, orienting corrected surface...
127 mutations (34.5%), 241 crossovers (65.5%), 681 vertices were eliminated
building final representation...
4806 vertices and 0 faces have been removed from triangulation
after topology correction, eno=2 (nv=149850, nf=299696, ne=449544, g=0)
writing corrected surface to /out/sourcedata/freesurfer/sub-v1s14x0051582_ses-1/surf/rh.orig.premesh...

0.000 % of the vertices (0 vertices) exhibit an orientation change
removing intersecting faces
000: 532 intersecting
001: 71 intersecting
002: 3 intersecting
terminating search with 0 intersecting
topology fixing took 2.9 minutes
FSRUNTIME@ mris_fix_topology rh  0.0479 hours 16 threads
#VMPC# mris_fix_topology VmPeak  1870812

 mris_euler_number ../surf/rh.orig.premesh 

euler # = v-e+f = 2g-2: 149850 - 449544 + 299696 = 2 --> 0 holes
      F =2V-4:          299696 = 299700-4 (0)
      2E=3F:            899088 = 899088 (0)

total defect index = 0
Sun Mar  8 21:53:01 CET 2026

setenv SUBJECTS_DIR /out/sourcedata/freesurfer
cd /out/sourcedata/freesurfer/sub-v1s14x0051582_ses-1/scripts
/opt/freesurfer/bin/defect2seg --s sub-v1s14x0051582_ses-1 --rh-only --cortex

freesurfer-linux-ubuntu22_x86_64-7.3.2-20220804-6354275
defect2seg 7.3.2
Linux dna079 5.14.0-427.37.1.el9_4.x86_64 #1 SMP PREEMPT_DYNAMIC Fri Sep 13 12:41:50 EDT 2024 x86_64 x86_64 x86_64 GNU/Linux
pid 943948
mri_label2label --label-cortex /out/sourcedata/freesurfer/sub-v1s14x0051582_ses-1/surf/rh.orig.nofix /out/sourcedata/freesurfer/sub-v1s14x0051582_ses-1/mri/aseg.presurf.mgz 0 /out/sourcedata/freesurfer/sub-v1s14x0051582_ses-1/label/rh.nofix.cortex.label

 Generating cortex label... RemoveHipAmgy=0
 NucAccIsMedialWall=0
 mris->useRealRAS=0
13 non-cortical segments detected
only using segment with 8770 vertices
erasing segment 1 (vno[0] = 82851)
erasing segment 2 (vno[0] = 84041)
erasing segment 3 (vno[0] = 87653)
erasing segment 4 (vno[0] = 91130)
erasing segment 5 (vno[0] = 93444)
erasing segment 6 (vno[0] = 96105)
erasing segment 7 (vno[0] = 104354)
erasing segment 8 (vno[0] = 110943)
erasing segment 9 (vno[0] = 111750)
erasing segment 10 (vno[0] = 111870)
erasing segment 11 (vno[0] = 111947)
erasing segment 12 (vno[0] = 112922)
mri_label2vol --defects /out/sourcedata/freesurfer/sub-v1s14x0051582_ses-1/surf/rh.orig.nofix /out/sourcedata/freesurfer/sub-v1s14x0051582_ses-1/surf/rh.defect_labels /out/sourcedata/freesurfer/sub-v1s14x0051582_ses-1/mri/orig.mgz 2000 0 /out/sourcedata/freesurfer/sub-v1s14x0051582_ses-1/mri/rh.surface.defects.mgz /out/sourcedata/freesurfer/sub-v1s14x0051582_ses-1/label/rh.nofix.cortex.label
mri_label2vol supposed to be reproducible but seed not set
Contraining to label /out/sourcedata/freesurfer/sub-v1s14x0051582_ses-1/label/rh.nofix.cortex.label
Changing input type 0 to MRI_INT
Converting defects to volume: offset=2000, merge=0
Writing to /out/sourcedata/freesurfer/sub-v1s14x0051582_ses-1/mri/rh.surface.defects.mgz
mris_defects_pointset -s /out/sourcedata/freesurfer/sub-v1s14x0051582_ses-1/surf/rh.orig.nofix -d /out/sourcedata/freesurfer/sub-v1s14x0051582_ses-1/surf/rh.defect_labels -o /out/sourcedata/freesurfer/sub-v1s14x0051582_ses-1/surf/rh.defects.pointset --label /out/sourcedata/freesurfer/sub-v1s14x0051582_ses-1/label/rh.nofix.cortex.label
Reading in surface /out/sourcedata/freesurfer/sub-v1s14x0051582_ses-1/surf/rh.orig.nofix
Reading in defect segmentation /out/sourcedata/freesurfer/sub-v1s14x0051582_ses-1/surf/rh.defect_labels
Reading in label /out/sourcedata/freesurfer/sub-v1s14x0051582_ses-1/label/rh.nofix.cortex.label
#VMPC# mris_defects_pointset 1286312
mris_defects_pointset done
 
Started at Sun Mar 8 21:53:01 CET 2026 
Ended   at Sun Mar  8 21:53:14 CET 2026
Defect2seg-Run-Time-Sec 12
Defect2seg-Run-Time-Min 0.24
Defect2seg-Run-Time-Hours 0.00
 
tkmeditfv sub-v1s14x0051582_ses-1 brain.finalsurfs.mgz -defect
defect2seg Done

 mris_remesh --remesh --iters 3 --input /out/sourcedata/freesurfer/sub-v1s14x0051582_ses-1/surf/rh.orig.premesh --output /out/sourcedata/freesurfer/sub-v1s14x0051582_ses-1/surf/rh.orig 

iters = 3
standard remeshing without target
   adjusted l: 0.715702
remeshing to edge length 0.715702 with 3 iterations

avg qual before   : 0.887306  after: 0.97137

Removing intersections
removing intersecting faces
000: 12 intersecting
terminating search with 0 intersecting
Remeshed surface quality stats nv0 = 149850  nv = 155668  1.03883
Area    311332  0.30696  0.03395 0.072202   0.5158
Corner  933996 60.00000  8.76860 16.894600 145.8830
Edge    466998  0.84994  0.08266 0.470530   1.2900
Hinge   466998  9.44750  9.69205 0.000002 130.8915
mris_remesh done
/out/sourcedata/freesurfer/sub-v1s14x0051582_ses-1/scripts

 mris_remove_intersection ../surf/rh.orig ../surf/rh.orig 

intersection removal took 0.00 hours
writing corrected surface to ../surf/rh.orig

 rm -f ../surf/rh.inflated 

#--------------------------------------------
#@# AutoDetGWStats rh Sun Mar  8 21:53:47 CET 2026
cd /out/sourcedata/freesurfer/sub-v1s14x0051582_ses-1/mri
mris_autodet_gwstats --o ../surf/autodet.gw.stats.rh.dat --i brain.finalsurfs.mgz --wm wm.mgz --surf ../surf/rh.orig.premesh
7.3.2

cd /out/sourcedata/freesurfer/sub-v1s14x0051582_ses-1/mri
setenv SUBJECTS_DIR /out/sourcedata/freesurfer
mris_autodet_gwstats --o ../surf/autodet.gw.stats.rh.dat --i brain.finalsurfs.mgz --wm wm.mgz --surf ../surf/rh.orig.premesh 

border white:    297508 voxels (1.77%)
border gray      321984 voxels (1.92%)
Reading in intensity volume brain.finalsurfs.mgz
Reading in wm volume wm.mgz
Reading in surf ../surf/rh.orig.premesh
Auto detecting stats
MRIclipBrightWM(): nthresh=23255, wmmin=5, clip=110 
Binarizing thresholding at 5
computing class statistics... low=30, hi=110.000000
CCS WM (99.0): 99.4 +- 7.2 [70.0 --> 110.0]
CCS GM (77.0) : 74.5 +- 12.2 [30.0 --> 110.0]
white_mean = 99.4395 +/- 7.22628, gray_mean = 74.4633 +/- 12.2164
using class modes intead of means, discounting robust sigmas....
MRIScomputeClassModes(): min=0 max=192 nbins=193
intensity peaks found at WM=103+-4.3,    GM=70+-11.3
white_mode = 103, gray_mode = 70
std_scale = 1
Applying sanity checks, max_scale_down = 0.2
setting MIN_GRAY_AT_WHITE_BORDER to 57.8 (was 70.000000)
setting MAX_BORDER_WHITE to 110.2 (was 105.000000)
setting MIN_BORDER_WHITE to 70.0 (was 85.000000)
setting MAX_CSF to 45.6 (was 40.000000)
setting MAX_GRAY to 95.8 (was 95.000000)
setting MAX_GRAY_AT_CSF_BORDER to 57.8 (was 75.000000)
setting MIN_GRAY_AT_CSF_BORDER to 33.4 (was 40.000000)
When placing the white surface
  white_border_hi   = 110.226;
  white_border_low  = 70;
  white_outside_low = 57.7836;
  white_inside_hi   = 120;
  white_outside_hi  = 110.226;
When placing the pial surface
  pial_border_hi   = 57.7836;
  pial_border_low  = 33.3508;
  pial_outside_low = 10;
  pial_inside_hi   = 95.7737;
  pial_outside_hi  = 51.6754;
#VMPC# mris_autodet_gwstats VmPeak  1354640
mris_autodet_gwstats done
#--------------------------------------------
#@# WhitePreAparc rh Sun Mar  8 21:53:50 CET 2026
cd /out/sourcedata/freesurfer/sub-v1s14x0051582_ses-1/mri
mris_place_surface --adgws-in ../surf/autodet.gw.stats.rh.dat --wm wm.mgz --threads 16 --invol brain.finalsurfs.mgz --rh --i ../surf/rh.orig --o ../surf/rh.white.preaparc --white --seg aseg.presurf.mgz --nsmooth 5
7.3.2
7.3.2

cd /out/sourcedata/freesurfer/sub-v1s14x0051582_ses-1/mri
setenv SUBJECTS_DIR /out/sourcedata/freesurfer
mris_place_surface --adgws-in ../surf/autodet.gw.stats.rh.dat --wm wm.mgz --threads 16 --invol brain.finalsurfs.mgz --rh --i ../surf/rh.orig --o ../surf/rh.white.preaparc --white --seg aseg.presurf.mgz --nsmooth 5 

Reading in input surface ../surf/rh.orig
Smoothing surface before ripping with 5 iterations
Area    311332  0.27245  0.06218 0.001411   0.6541
Corner  933996 60.00000  9.19838 2.689069 155.0562
Edge    466998  0.79689  0.11223 0.034510   1.3108
Hinge   466998  6.39524  6.26358 0.000000 159.2162
Not reading in aparc
Reading in input volume brain.finalsurfs.mgz
Reading in wm volume wm.mgz
MRIclipBrightWM(): nthresh=23255, wmmin=5, clip=110 
MRIfindBrightNonWM(): 1132 bright non-wm voxels segmented.
Masking bright non-wm for white surface
MRImask(): AllowDiffGeom = 1
MRImask(): AllowDiffGeom = 1
Reading in seg volume aseg.presurf.mgz
Ripping frozen voxels
INFO: rip surface needed but not specified, so using input surface
Freezing midline and others
Entering: MRISripMidline(): inhibiting deformation at non-cortical midline structures...
  which=1, fix_mtl=0, using annot = 0
#FML0# MRISripMidline(): nripped=0
removing 2 vertices from ripped group in thread:0
removing 4 vertices from ripped group in thread:0
removing 3 vertices from ripped group in thread:0
#FML# MRISripMidline(): nmarked=6757, nmarked2=5, nripped=6757
Ripping segs (eg, WMSA, BG, frozen)
Starting MRISripSegs() d = (-2 2 0.5) segnos: 247 
MRISripSegs(): -2 2 0.5 ripped 0
vertex 77834: xyz = (16.8612,-0.21845,-33.0651) oxyz = (16.8612,-0.21845,-33.0651) wxzy = (16.8612,-0.21845,-33.0651) pxyz = (0,0,0) 
CBVO Creating mask 155668
n_averages 4
Iteration 0 =========================================
n_averages=4, current_sigma=2
Freezing midline and others
Ripping frozen voxels
INFO: rip surface needed but not specified, so using input surface
Freezing midline and others
Entering: MRISripMidline(): inhibiting deformation at non-cortical midline structures...
  which=1, fix_mtl=0, using annot = 0
#FML0# MRISripMidline(): nripped=6757
removing 2 vertices from ripped group in thread:0
removing 4 vertices from ripped group in thread:0
removing 3 vertices from ripped group in thread:0
#FML# MRISripMidline(): nmarked=6757, nmarked2=5, nripped=6757
Ripping segs (eg, WMSA, BG, frozen)
Starting MRISripSegs() d = (-2 2 0.5) segnos: 247 247 
MRISripSegs(): -2 2 0.5 ripped 0
Computing target border values 
Entering MRIScomputeBorderValues_new(): 
  inside_hi   = 120.0000000;
  border_hi   = 110.2262800;
  border_low  =  70.0000000;
  outside_low =  57.7835880;
  outside_hi  = 110.2262800;
  sigma = 2;
  max_thickness = 10;
  step_size=0.5;
  STEP_SIZE=0.1;
  which = 1
  thresh = 0
  flags = 0
  CBVfindFirstPeakD1=0
  CBVfindFirstPeakD2=0
  nvertices=155668
  Gdiag_no=-1
  vno start=0, stop=155668
Replacing 255s with 0s
#SI# sigma=2 had to be increased for 320 vertices, nripped=6757
mean border=84.6, 245 (245) missing vertices, mean dist 0.2 [0.7 (%42.3)->0.8 (%57.7))]
%64 local maxima, %31 large gradients and % 0 min vals, 0 gradients ignored
nFirstPeakD1 0
MRIScomputeBorderValues_new() finished in 0.0166 min


Finding expansion regions
mean absolute distance = 0.80 +- 1.12
4395 vertices more than 2 sigmas from mean.
Averaging target values for 5 iterations...
Positioning Surface: tspring = 0.3, nspring = 0.3, spring = 0, niters = 100 l_repulse = 5, l_surf_repulse = 0, checktol = 0
Positioning pial surface
Entering MRISpositionSurface()
  max_mm = 0.3
  MAX_REDUCTIONS = 2, REDUCTION_PCT = 0.5
  parms->check_tol = 0, niterations = 100
tol=1.0e-04, sigma=2.0, host=dna07, nav=4, nbrs=2, l_repulse=5.000, l_tspring=0.300, l_nspring=0.300, l_intensity=0.200, l_curv=1.000
mom=0.00, dt=0.50
complete_dist_mat 0
rms 0
smooth_averages 0
remove_neg 0
ico_order 0
which_surface 0
target_radius 0.000000
nfields 0
scale 0.000000
desired_rms_height 0.000000
momentum 0.000000
nbhd_size 0
max_nbrs 0
niterations 100
nsurfaces 0
SURFACES 3
flags 0 (0)
use curv 0
no sulc 0
no rigid align 0
mris->nsize 2
mris->hemisphere 1
randomSeed 0

000: dt: 0.0000, sse=3291706.8, rms=10.238
001: dt: 0.5000, sse=1865324.2, rms=7.549 (26.262%)
002: dt: 0.5000, sse=1269106.9, rms=6.068 (19.616%)
003: dt: 0.5000, sse=983430.8, rms=5.192 (14.432%)
004: dt: 0.5000, sse=809375.9, rms=4.600 (11.406%)
005: dt: 0.5000, sse=707203.8, rms=4.172 (9.312%)
006: dt: 0.5000, sse=640437.7, rms=3.898 (6.552%)
007: dt: 0.5000, sse=619870.4, rms=3.773 (3.224%)
008: dt: 0.5000, sse=596028.1, rms=3.687 (2.274%)
009: dt: 0.5000, sse=585816.6, rms=3.630 (1.540%)
010: dt: 0.5000, sse=567079.1, rms=3.560 (1.929%)
011: dt: 0.5000, sse=556941.0, rms=3.485 (2.108%)
012: dt: 0.5000, sse=535791.6, rms=3.399 (2.471%)
013: dt: 0.5000, sse=531893.4, rms=3.349 (1.484%)
014: dt: 0.5000, sse=518322.2, rms=3.269 (2.369%)
rms = 3.2366/3.2693, sse=513373.2/518322.2, time step reduction 1 of 3 to 0.250  0 0 1
015: dt: 0.5000, sse=513373.2, rms=3.237 (1.000%)
016: dt: 0.2500, sse=335989.3, rms=2.149 (33.595%)
017: dt: 0.2500, sse=329492.6, rms=1.926 (10.378%)
018: dt: 0.2500, sse=304828.7, rms=1.784 (7.361%)
019: dt: 0.2500, sse=288950.0, rms=1.681 (5.779%)
rms = 1.6392/1.6813, sse=289354.6/288950.0, time step reduction 2 of 3 to 0.125  0 1 1
020: dt: 0.2500, sse=289354.6, rms=1.639 (2.504%)
021: dt: 0.1250, sse=276674.6, rms=1.556 (5.076%)
rms = 1.5248/1.5560, sse=264941.1/276674.6, time step reduction 3 of 3 to 0.062  0 0 1
022: dt: 0.1250, sse=264941.1, rms=1.525 (2.004%)
  maximum number of reductions reached, breaking from loop
positioning took 2.1 minutes
Iteration 1 =========================================
n_averages=2, current_sigma=1
Freezing midline and others
Ripping frozen voxels
INFO: rip surface needed but not specified, so using input surface
Freezing midline and others
Entering: MRISripMidline(): inhibiting deformation at non-cortical midline structures...
  which=1, fix_mtl=0, using annot = 0
#FML0# MRISripMidline(): nripped=6757
removing 4 vertices from ripped group in thread:0
removing 2 vertices from ripped group in thread:0
removing 3 vertices from ripped group in thread:0
removing 2 vertices from ripped group in thread:0
removing 3 vertices from ripped group in thread:0
removing 1 vertices from ripped group in thread:0
#FML# MRISripMidline(): nmarked=6925, nmarked2=5, nripped=6925
Ripping segs (eg, WMSA, BG, frozen)
Starting MRISripSegs() d = (-2 2 0.5) segnos: 247 247 247 
MRISripSegs(): -2 2 0.5 ripped 0
Computing target border values 
Entering MRIScomputeBorderValues_new(): 
  inside_hi   = 120.0000000;
  border_hi   = 110.2262800;
  border_low  =  70.0000000;
  outside_low =  57.7835880;
  outside_hi  = 110.2262800;
  sigma = 1;
  max_thickness = 10;
  step_size=0.5;
  STEP_SIZE=0.1;
  which = 1
  thresh = 0
  flags = 0
  CBVfindFirstPeakD1=0
  CBVfindFirstPeakD2=0
  nvertices=155668
  Gdiag_no=-1
  vno start=0, stop=155668
Replacing 255s with 0s
#SI# sigma=1 had to be increased for 194 vertices, nripped=6925
mean border=85.8, 196 (98) missing vertices, mean dist -0.2 [0.6 (%55.3)->0.2 (%44.7))]
%65 local maxima, %31 large gradients and % 0 min vals, 0 gradients ignored
nFirstPeakD1 0
MRIScomputeBorderValues_new() finished in 0.0102 min


Finding expansion regions
mean absolute distance = 0.44 +- 0.86
4945 vertices more than 2 sigmas from mean.
Averaging target values for 5 iterations...
Positioning Surface: tspring = 0.3, nspring = 0.3, spring = 0, niters = 100 l_repulse = 5, l_surf_repulse = 0, checktol = 0
Positioning pial surface
Entering MRISpositionSurface()
  max_mm = 0.3
  MAX_REDUCTIONS = 2, REDUCTION_PCT = 0.5
  parms->check_tol = 0, niterations = 100
tol=1.0e-04, sigma=1.0, host=dna07, nav=2, nbrs=2, l_repulse=5.000, l_tspring=0.300, l_nspring=0.300, l_intensity=0.200, l_curv=1.000
mom=0.00, dt=0.50
000: dt: 0.0000, sse=720737.2, rms=3.993
023: dt: 0.5000, sse=492677.2, rms=2.844 (28.771%)
024: dt: 0.5000, sse=454581.0, rms=2.633 (7.434%)
rms = 2.6125/2.6328, sse=457942.4/454581.0, time step reduction 1 of 3 to 0.250  0 1 1
025: dt: 0.5000, sse=457942.4, rms=2.612 (0.772%)
026: dt: 0.2500, sse=331658.8, rms=1.672 (35.988%)
027: dt: 0.2500, sse=317332.7, rms=1.424 (14.863%)
028: dt: 0.2500, sse=306710.1, rms=1.349 (5.218%)
029: dt: 0.2500, sse=301347.4, rms=1.284 (4.848%)
rms = 1.2317/1.2840, sse=302803.7/301347.4, time step reduction 2 of 3 to 0.125  0 1 0
030: dt: 0.2500, sse=302803.7, rms=1.232 (4.075%)
031: dt: 0.1250, sse=290862.9, rms=1.157 (6.080%)
rms = 1.1137/1.1568, sse=288759.0/290862.9, time step reduction 3 of 3 to 0.062  0 0 1
032: dt: 0.1250, sse=288759.0, rms=1.114 (3.726%)
  maximum number of reductions reached, breaking from loop
positioning took 0.9 minutes
Iteration 2 =========================================
n_averages=1, current_sigma=0.5
Freezing midline and others
Ripping frozen voxels
INFO: rip surface needed but not specified, so using input surface
Freezing midline and others
Entering: MRISripMidline(): inhibiting deformation at non-cortical midline structures...
  which=1, fix_mtl=0, using annot = 0
#FML0# MRISripMidline(): nripped=6925
removing 4 vertices from ripped group in thread:0
removing 3 vertices from ripped group in thread:0
removing 2 vertices from ripped group in thread:0
removing 2 vertices from ripped group in thread:0
removing 3 vertices from ripped group in thread:0
removing 4 vertices from ripped group in thread:0
#FML# MRISripMidline(): nmarked=7014, nmarked2=5, nripped=7014
Ripping segs (eg, WMSA, BG, frozen)
Starting MRISripSegs() d = (-2 2 0.5) segnos: 247 247 247 247 
MRISripSegs(): -2 2 0.5 ripped 0
Computing target border values 
Entering MRIScomputeBorderValues_new(): 
  inside_hi   = 120.0000000;
  border_hi   = 110.2262800;
  border_low  =  70.0000000;
  outside_low =  57.7835880;
  outside_hi  = 110.2262800;
  sigma = 0.5;
  max_thickness = 10;
  step_size=0.5;
  STEP_SIZE=0.1;
  which = 1
  thresh = 0
  flags = 0
  CBVfindFirstPeakD1=0
  CBVfindFirstPeakD2=0
  nvertices=155668
  Gdiag_no=-1
  vno start=0, stop=155668
Replacing 255s with 0s
#SI# sigma=0.5 had to be increased for 299 vertices, nripped=7014
mean border=87.6, 156 (54) missing vertices, mean dist -0.2 [0.4 (%63.7)->0.2 (%36.3))]
%75 local maxima, %21 large gradients and % 0 min vals, 0 gradients ignored
nFirstPeakD1 0
MRIScomputeBorderValues_new() finished in 0.0057 min


Finding expansion regions
mean absolute distance = 0.36 +- 0.60
4613 vertices more than 2 sigmas from mean.
Averaging target values for 5 iterations...
Positioning Surface: tspring = 0.3, nspring = 0.3, spring = 0, niters = 100 l_repulse = 5, l_surf_repulse = 0, checktol = 0
Positioning pial surface
Entering MRISpositionSurface()
  max_mm = 0.3
  MAX_REDUCTIONS = 2, REDUCTION_PCT = 0.5
  parms->check_tol = 0, niterations = 100
tol=1.0e-04, sigma=0.5, host=dna07, nav=1, nbrs=2, l_repulse=5.000, l_tspring=0.300, l_nspring=0.300, l_intensity=0.200, l_curv=1.000
mom=0.00, dt=0.50
000: dt: 0.0000, sse=564539.2, rms=3.277
033: dt: 0.5000, sse=402356.9, rms=2.277 (30.519%)
034: dt: 0.5000, sse=386848.8, rms=2.150 (5.575%)
rms = 2.2775/2.1502, sse=396834.3/386848.7, time step reduction 1 of 3 to 0.250  0 1 1
   RMS increased, rejecting step
035: dt: 0.2500, sse=305834.9, rms=1.488 (30.779%)
036: dt: 0.2500, sse=279820.4, rms=1.155 (22.427%)
037: dt: 0.2500, sse=276942.4, rms=1.086 (5.896%)
rms = 1.0611/1.0865, sse=281095.6/276942.4, time step reduction 2 of 3 to 0.125  0 1 1
038: dt: 0.2500, sse=281095.6, rms=1.061 (2.332%)
039: dt: 0.1250, sse=267573.0, rms=0.965 (9.054%)
rms = 0.9436/0.9651, sse=264412.0/267573.0, time step reduction 3 of 3 to 0.062  0 0 1
040: dt: 0.1250, sse=264412.0, rms=0.944 (2.223%)
  maximum number of reductions reached, breaking from loop
positioning took 0.8 minutes
Iteration 3 =========================================
n_averages=0, current_sigma=0.25
Freezing midline and others
Ripping frozen voxels
INFO: rip surface needed but not specified, so using input surface
Freezing midline and others
Entering: MRISripMidline(): inhibiting deformation at non-cortical midline structures...
  which=1, fix_mtl=0, using annot = 0
#FML0# MRISripMidline(): nripped=7014
removing 4 vertices from ripped group in thread:0
removing 2 vertices from ripped group in thread:0
removing 2 vertices from ripped group in thread:0
removing 2 vertices from ripped group in thread:0
removing 3 vertices from ripped group in thread:0
removing 2 vertices from ripped group in thread:0
removing 2 vertices from ripped group in thread:0
#FML# MRISripMidline(): nmarked=7018, nmarked2=5, nripped=7018
Ripping segs (eg, WMSA, BG, frozen)
Starting MRISripSegs() d = (-2 2 0.5) segnos: 247 247 247 247 247 
MRISripSegs(): -2 2 0.5 ripped 0
Computing target border values 
Entering MRIScomputeBorderValues_new(): 
  inside_hi   = 120.0000000;
  border_hi   = 110.2262800;
  border_low  =  70.0000000;
  outside_low =  57.7835880;
  outside_hi  = 110.2262800;
  sigma = 0.25;
  max_thickness = 10;
  step_size=0.5;
  STEP_SIZE=0.1;
  which = 1
  thresh = 0
  flags = 0
  CBVfindFirstPeakD1=0
  CBVfindFirstPeakD2=0
  nvertices=155668
  Gdiag_no=-1
  vno start=0, stop=155668
Replacing 255s with 0s
#SI# sigma=0.25 had to be increased for 287 vertices, nripped=7018
mean border=88.4, 171 (29) missing vertices, mean dist -0.1 [0.4 (%57.5)->0.2 (%42.5))]
%80 local maxima, %15 large gradients and % 0 min vals, 0 gradients ignored
nFirstPeakD1 0
MRIScomputeBorderValues_new() finished in 0.0038 min


Finding expansion regions
mean absolute distance = 0.29 +- 0.46
4846 vertices more than 2 sigmas from mean.
Averaging target values for 5 iterations...
Positioning Surface: tspring = 0.3, nspring = 0.3, spring = 0, niters = 100 l_repulse = 5, l_surf_repulse = 0, checktol = 0
Positioning pial surface
Entering MRISpositionSurface()
  max_mm = 0.3
  MAX_REDUCTIONS = 2, REDUCTION_PCT = 0.5
  parms->check_tol = 0, niterations = 100
tol=1.0e-04, sigma=0.2, host=dna07, nav=0, nbrs=2, l_repulse=5.000, l_tspring=0.300, l_nspring=0.300, l_intensity=0.200, l_curv=1.000
mom=0.00, dt=0.50
000: dt: 0.0000, sse=340641.5, rms=1.906
041: dt: 0.5000, sse=319076.6, rms=1.636 (14.154%)
rms = 1.7699/1.6364, sse=326521.9/319076.6, time step reduction 1 of 3 to 0.250  0 1 1
   RMS increased, rejecting step
042: dt: 0.2500, sse=268329.9, rms=1.110 (32.165%)
043: dt: 0.2500, sse=263161.8, rms=0.991 (10.743%)
rms = 0.9441/0.9908, sse=270438.7/263161.7, time step reduction 2 of 3 to 0.125  0 1 1
044: dt: 0.2500, sse=270438.7, rms=0.944 (4.711%)
045: dt: 0.1250, sse=250671.2, rms=0.779 (17.466%)
rms = 0.7359/0.7792, sse=246880.8/250671.2, time step reduction 3 of 3 to 0.062  0 0 1
046: dt: 0.1250, sse=246880.8, rms=0.736 (5.565%)
  maximum number of reductions reached, breaking from loop
positioning took 0.6 minutes


Writing output to ../surf/rh.white.preaparc
#ET# mris_place_surface  4.52 minutes
#VMPC# mris_place_surfaces VmPeak  3554404
mris_place_surface done
#--------------------------------------------
#@# CortexLabel rh Sun Mar  8 21:58:26 CET 2026
cd /out/sourcedata/freesurfer/sub-v1s14x0051582_ses-1/mri
mri_label2label --label-cortex ../surf/rh.white.preaparc aseg.presurf.mgz 0 ../label/rh.cortex.label

 Generating cortex label... RemoveHipAmgy=0
 NucAccIsMedialWall=0
 mris->useRealRAS=0
6 non-cortical segments detected
only using segment with 8719 vertices
erasing segment 0 (vno[0] = 47093)
erasing segment 2 (vno[0] = 71021)
erasing segment 3 (vno[0] = 78300)
erasing segment 4 (vno[0] = 93275)
erasing segment 5 (vno[0] = 112483)
#--------------------------------------------
#@# CortexLabel+HipAmyg rh Sun Mar  8 21:58:37 CET 2026
cd /out/sourcedata/freesurfer/sub-v1s14x0051582_ses-1/mri
mri_label2label --label-cortex ../surf/rh.white.preaparc aseg.presurf.mgz 1 ../label/rh.cortex+hipamyg.label

 Generating cortex label... RemoveHipAmgy=1
 NucAccIsMedialWall=0
 mris->useRealRAS=0
14 non-cortical segments detected
only using segment with 6381 vertices
erasing segment 0 (vno[0] = 47093)
erasing segment 2 (vno[0] = 49414)
erasing segment 3 (vno[0] = 53496)
erasing segment 4 (vno[0] = 60619)
erasing segment 5 (vno[0] = 61550)
erasing segment 6 (vno[0] = 71021)
erasing segment 7 (vno[0] = 78300)
erasing segment 8 (vno[0] = 84042)
erasing segment 9 (vno[0] = 93275)
erasing segment 10 (vno[0] = 112483)
erasing segment 11 (vno[0] = 128186)
erasing segment 12 (vno[0] = 128832)
erasing segment 13 (vno[0] = 145929)
#--------------------------------------------
#@# Smooth2 rh Sun Mar  8 21:58:47 CET 2026
/out/sourcedata/freesurfer/sub-v1s14x0051582_ses-1/scripts

 mris_smooth -n 3 -nw -seed 1234 ../surf/rh.white.preaparc ../surf/rh.smoothwm 

smoothing for 3 iterations
setting seed for random number generator to 1234
smoothing surface tessellation for 3 iterations...
smoothing complete - recomputing first and second fundamental forms...
#--------------------------------------------
#@# Inflation2 rh Sun Mar  8 21:58:49 CET 2026
/out/sourcedata/freesurfer/sub-v1s14x0051582_ses-1/scripts

 mris_inflate ../surf/rh.smoothwm ../surf/rh.inflated 

Reading ../surf/rh.smoothwm
avg radius = 49.3 mm, total surface area = 93867 mm^2
step 000: RMS=0.162 (target=0.015)   step 005: RMS=0.113 (target=0.015)   step 010: RMS=0.083 (target=0.015)   step 015: RMS=0.069 (target=0.015)   step 020: RMS=0.058 (target=0.015)   step 025: RMS=0.048 (target=0.015)   step 030: RMS=0.040 (target=0.015)   step 035: RMS=0.034 (target=0.015)   step 040: RMS=0.029 (target=0.015)   step 045: RMS=0.026 (target=0.015)   step 050: RMS=0.023 (target=0.015)   step 055: RMS=0.021 (target=0.015)   step 060: RMS=0.020 (target=0.015)   writing inflated surface to ../surf/rh.inflated
writing sulcal depths to ../surf/rh.sulc

inflation complete.
inflation took 0.3 minutes
mris_inflate utimesec    55.959910
mris_inflate stimesec    2.364858
mris_inflate ru_maxrss   239336
mris_inflate ru_ixrss    0
mris_inflate ru_idrss    0
mris_inflate ru_isrss    0
mris_inflate ru_minflt   604323
mris_inflate ru_majflt   2
mris_inflate ru_nswap    0
mris_inflate ru_inblock  0
mris_inflate ru_oublock  12176
mris_inflate ru_msgsnd   0
mris_inflate ru_msgrcv   0
mris_inflate ru_nsignals 0
mris_inflate ru_nvcsw    14535
mris_inflate ru_nivcsw   372
#--------------------------------------------
#@# Curv .H and .K rh Sun Mar  8 21:59:05 CET 2026
/out/sourcedata/freesurfer/sub-v1s14x0051582_ses-1/surf

 mris_curvature -w -seed 1234 rh.white.preaparc 

setting seed for random number generator to 1234
total integrated curvature = 17.813*4pi (223.847) --> -17 handles
ICI = 156.7, FI = 1447.4, variation=23213.164
writing Gaussian curvature to ./rh.white.preaparc.K...done.
writing mean curvature to ./rh.white.preaparc.H...done.
rm -f rh.white.H
ln -s rh.white.preaparc.H rh.white.H
rm -f rh.white.K
ln -s rh.white.preaparc.K rh.white.K

 mris_curvature -seed 1234 -thresh .999 -n -a 5 -w -distances 10 10 rh.inflated 

setting seed for random number generator to 1234
normalizing curvature values.
averaging curvature patterns 5 times.
sampling 10 neighbors out to a distance of 10 mm
196 vertices thresholded to be in k1 ~ [-0.41 0.66], k2 ~ [-0.18 0.11]
total integrated curvature = 0.585*4pi (7.350) --> 0 handles
ICI = 1.6, FI = 10.3, variation=177.965
155 vertices thresholded to be in [-0.04 0.03]
writing Gaussian curvature to ./rh.inflated.K...thresholding curvature at 99.90% level
curvature mean = 0.000, std = 0.001
166 vertices thresholded to be in [-0.20 0.29]
done.
writing mean curvature to ./rh.inflated.H...curvature mean = -0.014, std = 0.025
done.
#--------------------------------------------
#@# Sphere rh Sun Mar  8 21:59:46 CET 2026
/out/sourcedata/freesurfer/sub-v1s14x0051582_ses-1/scripts

 mris_sphere -seed 1234 ../surf/rh.inflated ../surf/rh.sphere 

setting seed for random number genererator to 1234
version: 7.3.2
available threads: 16
reading original vertex positions...
projecting onto sphere...
surface projected - minimizing metric distortion...
scaling brain by 0.273...
MRISunfold() max_passes = 1 -------
tol=5.0e-01, sigma=0.0, host=dna07, nav=1024, nbrs=2, l_area=1.000, l_dist=1.000
using quadratic fit line minimization
complete_dist_mat 0
rms 0
smooth_averages 0
remove_neg 0
ico_order 0
which_surface 0
target_radius 0.000000
nfields 0
scale 1.000000
desired_rms_height -1.000000
momentum 0.900000
nbhd_size 7
max_nbrs 8
niterations 25
nsurfaces 0
SURFACES 3
flags 0 (0)
use curv 0
no sulc 0
no rigid align 0
mris->nsize 2
mris->hemisphere 1
randomSeed 1234

singular matrix in quadratic form
--------------------
  mrisRemoveNegativeArea()
pass 1: epoch 1 of 3 starting distance error %18.22
pass 1: epoch 2 of 3 starting distance error %18.17
unfolding complete - removing small folds...
starting distance error %18.11
removing remaining folds...
final distance error %18.14
MRISunfold() return, current seed 1234
-01: dt=0.0000,  40 negative triangles  VmPeak 1629368
170: dt=0.9900,  40 negative triangles
171: dt=0.9900,  25 negative triangles
172: dt=0.9900,  19 negative triangles
173: dt=0.9900,  17 negative triangles
174: dt=0.9900,   9 negative triangles
175: dt=0.9900,  10 negative triangles
176: dt=0.9900,   4 negative triangles
177: dt=0.9900,   9 negative triangles
178: dt=0.9900,   5 negative triangles
writing spherical brain to ../surf/rh.sphere
spherical transformation took 0.0589 hours
FSRUNTIME@ mris_sphere  0.0589 hours 16 threads
#VMPC# mris_sphere VmPeak  1629368
mris_sphere done
#--------------------------------------------
#@# Surf Reg rh Sun Mar  8 22:03:19 CET 2026
/out/sourcedata/freesurfer/sub-v1s14x0051582_ses-1/scripts

 mris_register -curv ../surf/rh.sphere /opt/freesurfer/average/rh.folding.atlas.acfb40.noaparc.i12.2016-08-02.tif ../surf/rh.sphere.reg 

using smoothwm curvature for final alignment

cwd /out/sourcedata/freesurfer/sub-v1s14x0051582_ses-1/scripts
cmdline mris_register -curv ../surf/rh.sphere /opt/freesurfer/average/rh.folding.atlas.acfb40.noaparc.i12.2016-08-02.tif ../surf/rh.sphere.reg 

0 inflated.H
1 sulc
2 smoothwm (computed)
7.3.2
  7.3.2
reading surface from ../surf/rh.sphere...
reading template parameterization from /opt/freesurfer/average/rh.folding.atlas.acfb40.noaparc.i12.2016-08-02.tif...
MRISregister() -------
max_passes = 4 
min_degrees = 0.500000 
max_degrees = 64.000000 
nangles = 8 
tol=5.0e-01, sigma=0.0, host=dna07, nav=1024, nbrs=1, l_extern=10000.000, l_parea=0.200, l_nlarea=1.000, l_corr=1.000, l_dist=5.000
using quadratic fit line minimization
complete_dist_mat 0
rms 0
smooth_averages 0
remove_neg 0
ico_order 0
which_surface 0
target_radius 0.000000
nfields 0
scale 0.000000
desired_rms_height -1.000000
momentum 0.950000
nbhd_size -10
max_nbrs 10
niterations 25
nsurfaces 0
SURFACES 3
flags 16 (10)
use curv 16
no sulc 0
no rigid align 0
mris->nsize 1
mris->hemisphere 1
randomSeed 0

tol=5.0e-01, sigma=0.0, host=dna07, nav=1024, nbrs=1, l_extern=10000.000, l_parea=0.200, l_nlarea=1.000, l_corr=1.000, l_dist=5.000
using quadratic fit line minimization
--------------------
1 Reading rh.sulc
tol=1.0e+00, sigma=0.5, host=dna07, nav=1024, nbrs=1, l_extern=10000.000, l_parea=0.200, l_nlarea=1.000, l_corr=0.050, l_spring=0.500, l_dist=5.000
using quadratic fit line minimization
curvature mean = 0.000, std = 5.455
curvature mean = 0.041, std = 0.815
curvature mean = 0.009, std = 0.851
Starting MRISrigidBodyAlignGlobal()
Starting new MRISrigidBodyAlignGlobal_findMinSSE()
  new MRISrigidBodyAlignGlobal_findMinSSE min @ (3.00, -1.50, 7.50) sse = 255645.8, elapsed since starting=0.0862 min
MRISrigidBodyAlignGlobal() done   0.09 min
curvature mean = 0.014, std = 0.822
curvature mean = 0.003, std = 0.945
curvature mean = 0.008, std = 0.828
curvature mean = 0.001, std = 0.979
curvature mean = 0.005, std = 0.828
curvature mean = 0.000, std = 0.992
2 Reading smoothwm
curvature mean = -0.016, std = 0.253
curvature mean = 0.038, std = 0.243
curvature mean = 0.033, std = 0.383
curvature mean = 0.034, std = 0.298
curvature mean = 0.021, std = 0.590
curvature mean = 0.033, std = 0.325
curvature mean = 0.011, std = 0.735
curvature mean = 0.033, std = 0.337
curvature mean = 0.003, std = 0.837
MRISregister() return, current seed 0
-01: dt=0.0000,  45 negative triangles  VmPeak 1626840
119: dt=0.9900,  45 negative triangles
120: dt=0.9900,  38 negative triangles
121: dt=0.9900,  33 negative triangles
122: dt=0.9900,  39 negative triangles
123: dt=0.9900,  26 negative triangles
124: dt=0.9900,  26 negative triangles
125: dt=0.9900,  24 negative triangles
126: dt=0.9900,  20 negative triangles
127: dt=0.9900,  21 negative triangles
128: dt=0.9900,  19 negative triangles
129: dt=0.9900,  12 negative triangles
130: dt=0.9900,  16 negative triangles
131: dt=0.9900,  13 negative triangles
132: dt=0.9900,  13 negative triangles
133: dt=0.9900,  13 negative triangles
134: dt=0.9900,   8 negative triangles
135: dt=0.9900,   7 negative triangles
136: dt=0.9900,  10 negative triangles
137: dt=0.9900,   7 negative triangles
138: dt=0.9900,   7 negative triangles
139: dt=0.9900,   7 negative triangles
140: dt=0.9900,   8 negative triangles
141: dt=0.9900,   8 negative triangles
142: dt=0.9900,   6 negative triangles
143: dt=0.9900,   5 negative triangles
144: dt=0.9900,   8 negative triangles
145: dt=0.9900,   7 negative triangles
146: dt=0.9900,   5 negative triangles
147: dt=0.9900,   3 negative triangles
148: dt=0.9900,   7 negative triangles
149: dt=0.9900,   4 negative triangles
150: dt=0.9900,   4 negative triangles
151: dt=0.9900,   9 negative triangles
152: dt=0.9900,   7 negative triangles
153: dt=0.9900,   3 negative triangles
154: dt=0.9900,   6 negative triangles
155: dt=0.9900,   4 negative triangles
156: dt=0.9900,   4 negative triangles
157: dt=0.9405,   5 negative triangles
158: dt=0.9405,   6 negative triangles
159: dt=0.9405,   6 negative triangles
160: dt=0.9405,   2 negative triangles
161: dt=0.9405,   4 negative triangles
162: dt=0.9405,   5 negative triangles
163: dt=0.9405,   2 negative triangles
164: dt=0.9405,   4 negative triangles
165: dt=0.9405,   3 negative triangles
166: dt=0.9405,   3 negative triangles
167: dt=0.9405,   6 negative triangles
168: dt=0.9405,   3 negative triangles
169: dt=0.9405,   3 negative triangles
170: dt=0.8935,   3 negative triangles
171: dt=0.8935,   2 negative triangles
172: dt=0.8935,   1 negative triangles
173: dt=0.8935,   1 negative triangles
174: dt=0.8935,   2 negative triangles
175: dt=0.8935,   1 negative triangles
writing registered surface to ../surf/rh.sphere.reg...
registration took 0.08 hours
#VMPC# mris_register VmPeak  1626840
FSRUNTIME@ mris_register  0.0760 hours 16 threads

 ln -sf rh.sphere.reg rh.fsaverage.sphere.reg 

#--------------------------------------------
#@# Jacobian white rh Sun Mar  8 22:07:52 CET 2026
/out/sourcedata/freesurfer/sub-v1s14x0051582_ses-1/scripts

 mris_jacobian ../surf/rh.white.preaparc ../surf/rh.sphere.reg ../surf/rh.jacobian_white 

reading surface from ../surf/rh.white.preaparc...
writing curvature file ../surf/rh.jacobian_white
#--------------------------------------------
#@# AvgCurv rh Sun Mar  8 22:07:53 CET 2026
/out/sourcedata/freesurfer/sub-v1s14x0051582_ses-1/scripts

 mrisp_paint -a 5 /opt/freesurfer/average/rh.folding.atlas.acfb40.noaparc.i12.2016-08-02.tif#6 ../surf/rh.sphere.reg ../surf/rh.avg_curv 

averaging curvature patterns 5 times...
reading surface from ../surf/rh.sphere.reg...
reading template parameterization from /opt/freesurfer/average/rh.folding.atlas.acfb40.noaparc.i12.2016-08-02.tif...
writing curvature file to ../surf/rh.avg_curv...
#-----------------------------------------
#@# Cortical Parc rh Sun Mar  8 22:07:54 CET 2026
/out/sourcedata/freesurfer/sub-v1s14x0051582_ses-1/scripts

 mris_ca_label -l ../label/rh.cortex.label -aseg ../mri/aseg.presurf.mgz -seed 1234 sub-v1s14x0051582_ses-1 rh ../surf/rh.sphere.reg /opt/freesurfer/average/rh.DKaparc.atlas.acfb40.noaparc.i12.2016-08-02.gcs ../label/rh.aparc.annot 

setting seed for random number generator to 1234
using ../mri/aseg.presurf.mgz aseg volume to correct midline
7.3.2
  7.3.2
reading atlas from /opt/freesurfer/average/rh.DKaparc.atlas.acfb40.noaparc.i12.2016-08-02.gcs...
reading color table from GCSA file....
average std = 0.7   using min determinant for regularization = 0.004
0 singular and 309 ill-conditioned covariance matrices regularized
input 0: MEAN CURVATURE, flags 0, avgs 5, name mean_curvature
labeling surface...
1363 labels changed using aseg
relabeling using gibbs priors...
000:   3121 changed, 155668 examined...
001:    689 changed, 13357 examined...
002:    145 changed, 4037 examined...
003:     43 changed, 932 examined...
004:     10 changed, 269 examined...
005:      4 changed, 69 examined...
006:      2 changed, 28 examined...
007:      1 changed, 13 examined...
008:      0 changed, 8 examined...
169 labels changed using aseg
000: 95 total segments, 58 labels (273 vertices) changed
001: 39 total segments, 2 labels (3 vertices) changed
002: 37 total segments, 0 labels (0 vertices) changed
10 filter iterations complete (10 requested, 1 changed)
rationalizing unknown annotations with cortex label
relabeling unknown label...
relabeling corpuscallosum label...
1600 vertices marked for relabeling...
1600 labels changed in reclassification.
writing output to ../label/rh.aparc.annot...
classification took 0 minutes and 9 seconds.
#--------------------------------------------
#@# WhiteSurfs rh Sun Mar  8 22:08:03 CET 2026
cd /out/sourcedata/freesurfer/sub-v1s14x0051582_ses-1/mri
mris_place_surface --adgws-in ../surf/autodet.gw.stats.rh.dat --seg aseg.presurf.mgz --threads 16 --wm wm.mgz --invol brain.finalsurfs.mgz --rh --i ../surf/rh.white.preaparc --o ../surf/rh.white --white --nsmooth 0 --rip-label ../label/rh.cortex.label --rip-bg --rip-surf ../surf/rh.white.preaparc --aparc ../label/rh.aparc.annot
7.3.2
7.3.2

cd /out/sourcedata/freesurfer/sub-v1s14x0051582_ses-1/mri
setenv SUBJECTS_DIR /out/sourcedata/freesurfer
mris_place_surface --adgws-in ../surf/autodet.gw.stats.rh.dat --seg aseg.presurf.mgz --threads 16 --wm wm.mgz --invol brain.finalsurfs.mgz --rh --i ../surf/rh.white.preaparc --o ../surf/rh.white --white --nsmooth 0 --rip-label ../label/rh.cortex.label --rip-bg --rip-surf ../surf/rh.white.preaparc --aparc ../label/rh.aparc.annot 

Reading in input surface ../surf/rh.white.preaparc
Not smoothing input surface
Area    311332  0.32790  0.11305 0.000669   2.3002
Corner  933996 60.00000 13.86399 0.670937 176.9559
Edge    466998  0.88033  0.18832 0.023005   3.7364
Hinge   466998  9.47135 10.82623 0.000024 179.9968
Reading in aparc ../label/rh.aparc.annot
Reading in input volume brain.finalsurfs.mgz
Reading in wm volume wm.mgz
MRIclipBrightWM(): nthresh=23255, wmmin=5, clip=110 
MRIfindBrightNonWM(): 1132 bright non-wm voxels segmented.
Masking bright non-wm for white surface
MRImask(): AllowDiffGeom = 1
MRImask(): AllowDiffGeom = 1
Reading in seg volume aseg.presurf.mgz
Ripping frozen voxels
Ripping vertices not in label ../label/rh.cortex.label
MRISripNotLabel() ripped 8925/155668 vertices (146743 unripped)
Reading in ripping surface ../surf/rh.white.preaparc
Reading in aparc ../label/rh.aparc.annot for ripsurf
Ripping BG
MRISripBasalGanglia(): 1 -2 2 0.5 ripped 236
Ripping segs (eg, WMSA, BG, frozen)
Starting MRISripSegs() d = (-2 2 0.5) segnos: 247 
MRISripSegs(): -2 2 0.5 ripped 0
vertex 77834: xyz = (16.8612,-0.21845,-33.0651) oxyz = (16.8612,-0.21845,-33.0651) wxzy = (16.8612,-0.21845,-33.0651) pxyz = (0,0,0) 
CBVO Creating mask 155668
n_averages 4
Iteration 0 =========================================
n_averages=4, current_sigma=2
Computing target border values 
Entering MRIScomputeBorderValues_new(): 
  inside_hi   = 120.0000000;
  border_hi   = 110.2262800;
  border_low  =  70.0000000;
  outside_low =  57.7835880;
  outside_hi  = 110.2262800;
  sigma = 2;
  max_thickness = 10;
  step_size=0.5;
  STEP_SIZE=0.1;
  which = 1
  thresh = 0
  flags = 0
  CBVfindFirstPeakD1=0
  CBVfindFirstPeakD2=0
  nvertices=155668
  Gdiag_no=-1
  vno start=0, stop=155668
Replacing 255s with 0s
#SI# sigma=2 had to be increased for 154 vertices, nripped=9161
mean border=84.5, 248 (248) missing vertices, mean dist 0.3 [0.8 (%27.5)->0.7 (%72.5))]
%61 local maxima, %33 large gradients and % 0 min vals, 0 gradients ignored
nFirstPeakD1 0
MRIScomputeBorderValues_new() finished in 0.0141 min


Finding expansion regions
mean absolute distance = 0.70 +- 1.10
3304 vertices more than 2 sigmas from mean.
Averaging target values for 5 iterations...
Positioning Surface: tspring = 0.3, nspring = 0.3, spring = 0, niters = 100 l_repulse = 5, l_surf_repulse = 0, checktol = 0
Positioning pial surface
Entering MRISpositionSurface()
  max_mm = 0.3
  MAX_REDUCTIONS = 2, REDUCTION_PCT = 0.5
  parms->check_tol = 0, niterations = 100
tol=1.0e-04, sigma=2.0, host=dna07, nav=4, nbrs=2, l_repulse=5.000, l_tspring=0.300, l_nspring=0.300, l_intensity=0.200, l_curv=1.000
mom=0.00, dt=0.50
complete_dist_mat 0
rms 0
smooth_averages 0
remove_neg 0
ico_order 0
which_surface 0
target_radius 0.000000
nfields 0
scale 0.000000
desired_rms_height 0.000000
momentum 0.000000
nbhd_size 0
max_nbrs 0
niterations 100
nsurfaces 0
SURFACES 3
flags 0 (0)
use curv 0
no sulc 0
no rigid align 0
mris->nsize 2
mris->hemisphere 1
randomSeed 0

000: dt: 0.0000, sse=1495306.1, rms=6.600
001: dt: 0.5000, sse=750878.6, rms=4.264 (35.388%)
002: dt: 0.5000, sse=518436.6, rms=3.205 (24.834%)
003: dt: 0.5000, sse=449574.0, rms=2.811 (12.288%)
004: dt: 0.5000, sse=428733.2, rms=2.665 (5.215%)
rms = 2.6398/2.6647, sse=429139.2/428733.2, time step reduction 1 of 3 to 0.250  0 1 1
005: dt: 0.5000, sse=429139.2, rms=2.640 (0.934%)
006: dt: 0.2500, sse=293055.6, rms=1.502 (43.120%)
007: dt: 0.2500, sse=269929.0, rms=1.263 (15.918%)
008: dt: 0.2500, sse=267861.5, rms=1.200 (4.940%)
rms = 1.1579/1.2002, sse=265737.0/267861.5, time step reduction 2 of 3 to 0.125  0 0 1
009: dt: 0.2500, sse=265737.1, rms=1.158 (3.525%)
010: dt: 0.1250, sse=260929.0, rms=1.092 (5.661%)
rms = 1.0809/1.0923, sse=269333.0/260929.0, time step reduction 3 of 3 to 0.062  0 1 1
011: dt: 0.1250, sse=269333.0, rms=1.081 (1.040%)
  maximum number of reductions reached, breaking from loop
positioning took 1.0 minutes
Iteration 1 =========================================
n_averages=2, current_sigma=1
Computing target border values 
Entering MRIScomputeBorderValues_new(): 
  inside_hi   = 120.0000000;
  border_hi   = 110.2262800;
  border_low  =  70.0000000;
  outside_low =  57.7835880;
  outside_hi  = 110.2262800;
  sigma = 1;
  max_thickness = 10;
  step_size=0.5;
  STEP_SIZE=0.1;
  which = 1
  thresh = 0
  flags = 0
  CBVfindFirstPeakD1=0
  CBVfindFirstPeakD2=0
  nvertices=155668
  Gdiag_no=-1
  vno start=0, stop=155668
Replacing 255s with 0s
#SI# sigma=1 had to be increased for 117 vertices, nripped=9161
mean border=85.7, 198 (85) missing vertices, mean dist -0.2 [0.6 (%53.5)->0.2 (%46.5))]
%63 local maxima, %31 large gradients and % 0 min vals, 0 gradients ignored
nFirstPeakD1 0
MRIScomputeBorderValues_new() finished in 0.0103 min


Finding expansion regions
mean absolute distance = 0.44 +- 0.86
4415 vertices more than 2 sigmas from mean.
Averaging target values for 5 iterations...
Positioning Surface: tspring = 0.3, nspring = 0.3, spring = 0, niters = 100 l_repulse = 5, l_surf_repulse = 0, checktol = 0
Positioning pial surface
Entering MRISpositionSurface()
  max_mm = 0.3
  MAX_REDUCTIONS = 2, REDUCTION_PCT = 0.5
  parms->check_tol = 0, niterations = 100
tol=1.0e-04, sigma=1.0, host=dna07, nav=2, nbrs=2, l_repulse=5.000, l_tspring=0.300, l_nspring=0.300, l_intensity=0.200, l_curv=1.000
mom=0.00, dt=0.50
000: dt: 0.0000, sse=659355.0, rms=3.728
012: dt: 0.5000, sse=453505.0, rms=2.661 (28.622%)
013: dt: 0.5000, sse=412414.2, rms=2.385 (10.356%)
rms = 2.4062/2.3852, sse=412349.5/412414.2, time step reduction 1 of 3 to 0.250  0 0 1
   RMS increased, rejecting step
014: dt: 0.2500, sse=339284.7, rms=1.780 (25.374%)
015: dt: 0.2500, sse=303297.6, rms=1.372 (22.901%)
016: dt: 0.2500, sse=289091.3, rms=1.218 (11.232%)
017: dt: 0.2500, sse=281327.5, rms=1.109 (8.949%)
rms = 1.0700/1.1092, sse=280422.9/281327.5, time step reduction 2 of 3 to 0.125  0 0 1
018: dt: 0.2500, sse=280422.9, rms=1.070 (3.534%)
019: dt: 0.1250, sse=272889.8, rms=1.002 (6.317%)
rms = 0.9901/1.0024, sse=273871.8/272889.8, time step reduction 3 of 3 to 0.062  0 1 1
020: dt: 0.1250, sse=273871.8, rms=0.990 (1.231%)
  maximum number of reductions reached, breaking from loop
positioning took 0.8 minutes
Iteration 2 =========================================
n_averages=1, current_sigma=0.5
Computing target border values 
Entering MRIScomputeBorderValues_new(): 
  inside_hi   = 120.0000000;
  border_hi   = 110.2262800;
  border_low  =  70.0000000;
  outside_low =  57.7835880;
  outside_hi  = 110.2262800;
  sigma = 0.5;
  max_thickness = 10;
  step_size=0.5;
  STEP_SIZE=0.1;
  which = 1
  thresh = 0
  flags = 0
  CBVfindFirstPeakD1=0
  CBVfindFirstPeakD2=0
  nvertices=155668
  Gdiag_no=-1
  vno start=0, stop=155668
Replacing 255s with 0s
#SI# sigma=0.5 had to be increased for 275 vertices, nripped=9161
mean border=87.6, 174 (44) missing vertices, mean dist -0.2 [0.5 (%64.3)->0.2 (%35.7))]
%74 local maxima, %20 large gradients and % 0 min vals, 0 gradients ignored
nFirstPeakD1 0
MRIScomputeBorderValues_new() finished in 0.0059 min


Finding expansion regions
mean absolute distance = 0.37 +- 0.60
4857 vertices more than 2 sigmas from mean.
Averaging target values for 5 iterations...
Positioning Surface: tspring = 0.3, nspring = 0.3, spring = 0, niters = 100 l_repulse = 5, l_surf_repulse = 0, checktol = 0
Positioning pial surface
Entering MRISpositionSurface()
  max_mm = 0.3
  MAX_REDUCTIONS = 2, REDUCTION_PCT = 0.5
  parms->check_tol = 0, niterations = 100
tol=1.0e-04, sigma=0.5, host=dna07, nav=1, nbrs=2, l_repulse=5.000, l_tspring=0.300, l_nspring=0.300, l_intensity=0.200, l_curv=1.000
mom=0.00, dt=0.50
000: dt: 0.0000, sse=561369.0, rms=3.330
021: dt: 0.5000, sse=390684.1, rms=2.280 (31.522%)
022: dt: 0.5000, sse=367967.4, rms=2.114 (7.283%)
rms = 2.2206/2.1140, sse=384610.4/367967.4, time step reduction 1 of 3 to 0.250  0 1 1
   RMS increased, rejecting step
023: dt: 0.2500, sse=298806.2, rms=1.447 (31.567%)
024: dt: 0.2500, sse=274420.0, rms=1.097 (24.148%)
025: dt: 0.2500, sse=270315.0, rms=1.044 (4.822%)
rms = 1.0017/1.0444, sse=266950.5/270315.0, time step reduction 2 of 3 to 0.125  0 0 1
026: dt: 0.2500, sse=266950.5, rms=1.002 (4.092%)
rms = 0.9303/1.0017, sse=267995.3/266950.5, time step reduction 3 of 3 to 0.062  0 1 0
027: dt: 0.1250, sse=267995.3, rms=0.930 (7.122%)
  maximum number of reductions reached, breaking from loop
positioning took 0.6 minutes
Iteration 3 =========================================
n_averages=0, current_sigma=0.25
Computing target border values 
Entering MRIScomputeBorderValues_new(): 
  inside_hi   = 120.0000000;
  border_hi   = 110.2262800;
  border_low  =  70.0000000;
  outside_low =  57.7835880;
  outside_hi  = 110.2262800;
  sigma = 0.25;
  max_thickness = 10;
  step_size=0.5;
  STEP_SIZE=0.1;
  which = 1
  thresh = 0
  flags = 0
  CBVfindFirstPeakD1=0
  CBVfindFirstPeakD2=0
  nvertices=155668
  Gdiag_no=-1
  vno start=0, stop=155668
Replacing 255s with 0s
#SI# sigma=0.25 had to be increased for 282 vertices, nripped=9161
mean border=88.4, 178 (26) missing vertices, mean dist -0.1 [0.4 (%57.6)->0.2 (%42.4))]
%79 local maxima, %15 large gradients and % 0 min vals, 0 gradients ignored
nFirstPeakD1 0
MRIScomputeBorderValues_new() finished in 0.0038 min


Finding expansion regions
mean absolute distance = 0.30 +- 0.46
4936 vertices more than 2 sigmas from mean.
Averaging target values for 5 iterations...
Positioning Surface: tspring = 0.3, nspring = 0.3, spring = 0, niters = 100 l_repulse = 5, l_surf_repulse = 0, checktol = 0
Positioning pial surface
Entering MRISpositionSurface()
  max_mm = 0.3
  MAX_REDUCTIONS = 2, REDUCTION_PCT = 0.5
  parms->check_tol = 0, niterations = 100
tol=1.0e-04, sigma=0.2, host=dna07, nav=0, nbrs=2, l_repulse=5.000, l_tspring=0.300, l_nspring=0.300, l_intensity=0.200, l_curv=1.000
mom=0.00, dt=0.50
000: dt: 0.0000, sse=343731.7, rms=1.906
028: dt: 0.5000, sse=316770.7, rms=1.604 (15.835%)
rms = 1.7277/1.6042, sse=329274.5/316770.7, time step reduction 1 of 3 to 0.250  0 1 1
   RMS increased, rejecting step
029: dt: 0.2500, sse=273589.9, rms=1.077 (32.836%)
030: dt: 0.2500, sse=266692.0, rms=0.960 (10.910%)
rms = 0.9317/0.9599, sse=266946.4/266692.0, time step reduction 2 of 3 to 0.125  0 1 1
031: dt: 0.2500, sse=266946.4, rms=0.932 (2.943%)
032: dt: 0.1250, sse=255198.3, rms=0.757 (18.695%)
rms = 0.7118/0.7575, sse=255086.2/255198.3, time step reduction 3 of 3 to 0.062  0 0 1
033: dt: 0.1250, sse=255086.2, rms=0.712 (6.031%)
  maximum number of reductions reached, breaking from loop
positioning took 0.6 minutes


Writing output to ../surf/rh.white
#ET# mris_place_surface  3.12 minutes
#VMPC# mris_place_surfaces VmPeak  3318696
mris_place_surface done
#--------------------------------------------
#@# T1PialSurf rh Sun Mar  8 22:11:15 CET 2026
cd /out/sourcedata/freesurfer/sub-v1s14x0051582_ses-1/mri
mris_place_surface --adgws-in ../surf/autodet.gw.stats.rh.dat --seg aseg.presurf.mgz --threads 16 --wm wm.mgz --invol brain.finalsurfs.mgz --rh --i ../surf/rh.white --o ../surf/rh.pial.T1 --pial --nsmooth 0 --rip-label ../label/rh.cortex+hipamyg.label --pin-medial-wall ../label/rh.cortex.label --aparc ../label/rh.aparc.annot --repulse-surf ../surf/rh.white --white-surf ../surf/rh.white
7.3.2
7.3.2

cd /out/sourcedata/freesurfer/sub-v1s14x0051582_ses-1/mri
setenv SUBJECTS_DIR /out/sourcedata/freesurfer
mris_place_surface --adgws-in ../surf/autodet.gw.stats.rh.dat --seg aseg.presurf.mgz --threads 16 --wm wm.mgz --invol brain.finalsurfs.mgz --rh --i ../surf/rh.white --o ../surf/rh.pial.T1 --pial --nsmooth 0 --rip-label ../label/rh.cortex+hipamyg.label --pin-medial-wall ../label/rh.cortex.label --aparc ../label/rh.aparc.annot --repulse-surf ../surf/rh.white --white-surf ../surf/rh.white 

Reading in input surface ../surf/rh.white
Not smoothing input surface
Area    311332  0.32843  0.12230 0.000170   2.3002
Corner  933996 60.00000 14.85890 0.227114 178.7337
Edge    466998  0.88179  0.20122 0.021330   3.7364
Hinge   466998  9.51346 10.92163 0.000048 179.9927
Reading white surface coordinates from ../surf/rh.white
Reading repulsion surface coordinates from ../surf/rh.white
Reading in aparc ../label/rh.aparc.annot
Reading in input volume brain.finalsurfs.mgz
Reading in wm volume wm.mgz
MRIclipBrightWM(): nthresh=23255, wmmin=5, clip=110 
MRIfindBrightNonWM(): 1132 bright non-wm voxels segmented.
Masking bright non-wm for pial surface mid_gray = 64.5622
MRImask(): AllowDiffGeom = 1
MRImask(): AllowDiffGeom = 1
MRImask(): AllowDiffGeom = 1
Reading in seg volume aseg.presurf.mgz
Ripping frozen voxels
Ripping vertices not in label ../label/rh.cortex+hipamyg.label
MRISripNotLabel() ripped 6752/155668 vertices (148916 unripped)
INFO: rip surface needed but not specified, so using input surface
Ripping segs (eg, WMSA, BG, frozen)
Starting MRISripSegs() d = (-2 2 0.5) segnos: 247 
MRISripSegs(): -2 2 0.5 ripped 0
vertex 77834: xyz = (16.8612,-0.21845,-33.0651) oxyz = (16.8612,-0.21845,-33.0651) wxzy = (16.8612,-0.21845,-33.0651) pxyz = (16.8612,-0.21845,-33.0651) 
CBVO Creating mask 155668
n_averages 16
Iteration 0 =========================================
n_averages=16, current_sigma=2
Computing target border values 
Entering MRIScomputeBorderValues_new(): 
  inside_hi   =  95.7737200;
  border_hi   =  57.7835880;
  border_low  =  33.3507650;
  outside_low =  10.0000000;
  outside_hi  =  51.6753850;
  sigma = 2;
  max_thickness = 10;
  step_size=0.5;
  STEP_SIZE=0.1;
  which = 2
  thresh = 0
  flags = 0
  CBVfindFirstPeakD1=0
  CBVfindFirstPeakD2=0
  nvertices=155668
  Gdiag_no=-1
  vno start=0, stop=155668
Replacing 255s with 0s
#SI# sigma=2 had to be increased for 173 vertices, nripped=6752
mean border=56.6, 229 (229) missing vertices, mean dist 1.4 [1.0 (%0.0)->2.6 (%100.0))]
%12 local maxima, %40 large gradients and %44 min vals, 0 gradients ignored
nFirstPeakD1 0
MRIScomputeBorderValues_new() finished in 0.0104 min


Averaging target values for 5 iterations...
Positioning Surface: tspring = 0.3, nspring = 0.3, spring = 0, niters = 100 l_repulse = 0, l_surf_repulse = 5, checktol = 0
Positioning pial surface
Entering MRISpositionSurface()
  max_mm = 0.3
  MAX_REDUCTIONS = 2, REDUCTION_PCT = 0.5
  parms->check_tol = 0, niterations = 100
tol=1.0e-04, sigma=2.0, host=dna07, nav=16, nbrs=2, l_surf_repulse=5.000, l_tspring=0.300, l_nspring=0.300, l_intensity=0.200, l_curv=1.000
mom=0.00, dt=0.50
complete_dist_mat 0
rms 0
smooth_averages 0
remove_neg 0
ico_order 0
which_surface 0
target_radius 0.000000
nfields 0
scale 0.000000
desired_rms_height 0.000000
momentum 0.000000
nbhd_size 0
max_nbrs 0
niterations 100
nsurfaces 0
SURFACES 3
flags 0 (0)
use curv 0
no sulc 0
no rigid align 0
mris->nsize 2
mris->hemisphere 1
randomSeed 0

000: dt: 0.0000, sse=32307868.0, rms=32.851
001: dt: 0.5000, sse=24174452.0, rms=28.384 (13.597%)
002: dt: 0.5000, sse=17791300.0, rms=24.309 (14.355%)
003: dt: 0.5000, sse=13193302.0, rms=20.887 (14.080%)
004: dt: 0.5000, sse=10155716.0, rms=18.276 (12.500%)
005: dt: 0.5000, sse=8150295.5, rms=16.324 (10.678%)
006: dt: 0.5000, sse=6489325.0, rms=14.510 (11.114%)
007: dt: 0.5000, sse=5074898.5, rms=12.763 (12.038%)
008: dt: 0.5000, sse=3817713.2, rms=10.979 (13.977%)
009: dt: 0.5000, sse=2810200.5, rms=9.306 (15.242%)
010: dt: 0.5000, sse=2039714.4, rms=7.786 (16.331%)
011: dt: 0.5000, sse=1598782.8, rms=6.764 (13.132%)
012: dt: 0.5000, sse=1339566.5, rms=6.081 (10.089%)
013: dt: 0.5000, sse=1232019.0, rms=5.773 (5.069%)
014: dt: 0.5000, sse=1142174.8, rms=5.501 (4.707%)
015: dt: 0.5000, sse=1122449.5, rms=5.437 (1.161%)
016: dt: 0.5000, sse=1077590.1, rms=5.293 (2.650%)
rms = 5.2816/5.2933, sse=1074832.4/1077590.1, time step reduction 1 of 3 to 0.250  0 0 1
017: dt: 0.5000, sse=1074832.4, rms=5.282 (0.221%)
018: dt: 0.2500, sse=790588.4, rms=4.262 (19.297%)
019: dt: 0.2500, sse=741541.0, rms=4.062 (4.701%)
rms = 4.0725/4.0621, sse=744598.6/741541.0, time step reduction 2 of 3 to 0.125  0 1 1
   RMS increased, rejecting step
020: dt: 0.1250, sse=707983.8, rms=3.919 (3.526%)
021: dt: 0.1250, sse=662871.9, rms=3.716 (5.164%)
022: dt: 0.1250, sse=651540.6, rms=3.663 (1.426%)
rms = 3.6403/3.6634, sse=646718.7/651540.6, time step reduction 3 of 3 to 0.062  0 0 1
023: dt: 0.1250, sse=646718.7, rms=3.640 (0.631%)
  maximum number of reductions reached, breaking from loop
positioning took 2.0 minutes
Iteration 1 =========================================
n_averages=8, current_sigma=1
Computing target border values 
Entering MRIScomputeBorderValues_new(): 
  inside_hi   =  95.7737200;
  border_hi   =  57.7835880;
  border_low  =  33.3507650;
  outside_low =  10.0000000;
  outside_hi  =  51.6753850;
  sigma = 1;
  max_thickness = 10;
  step_size=0.5;
  STEP_SIZE=0.1;
  which = 2
  thresh = 0
  flags = 0
  CBVfindFirstPeakD1=0
  CBVfindFirstPeakD2=0
  nvertices=155668
  Gdiag_no=-1
  vno start=0, stop=155668
Replacing 255s with 0s
#SI# sigma=1 had to be increased for 12050 vertices, nripped=6752
mean border=55.9, 2783 (43) missing vertices, mean dist 0.1 [0.1 (%58.0)->0.5 (%42.0))]
%16 local maxima, %38 large gradients and %40 min vals, 0 gradients ignored
nFirstPeakD1 0
MRIScomputeBorderValues_new() finished in 0.0038 min


Averaging target values for 5 iterations...
Positioning Surface: tspring = 0.3, nspring = 0.3, spring = 0, niters = 100 l_repulse = 0, l_surf_repulse = 5, checktol = 0
Positioning pial surface
Entering MRISpositionSurface()
  max_mm = 0.3
  MAX_REDUCTIONS = 2, REDUCTION_PCT = 0.5
  parms->check_tol = 0, niterations = 100
tol=1.0e-04, sigma=1.0, host=dna07, nav=8, nbrs=2, l_surf_repulse=5.000, l_tspring=0.300, l_nspring=0.300, l_intensity=0.200, l_curv=1.000
mom=0.00, dt=0.50
000: dt: 0.0000, sse=791065.8, rms=4.079
rms = 4.6096/4.0794, sse=927842.1/791065.7, time step reduction 1 of 3 to 0.250  0 1 1
   RMS increased, rejecting step
024: dt: 0.2500, sse=725906.1, rms=3.799 (6.866%)
rms = 3.7556/3.7994, sse=716313.5/725906.0, time step reduction 2 of 3 to 0.125  0 0 1
025: dt: 0.2500, sse=716313.5, rms=3.756 (1.153%)
026: dt: 0.1250, sse=691475.6, rms=3.640 (3.078%)
rms = 3.6003/3.6400, sse=683013.2/691475.6, time step reduction 3 of 3 to 0.062  0 0 1
027: dt: 0.1250, sse=683013.2, rms=3.600 (1.091%)
  maximum number of reductions reached, breaking from loop
positioning took 0.4 minutes
Iteration 2 =========================================
n_averages=4, current_sigma=0.5
Computing target border values 
Entering MRIScomputeBorderValues_new(): 
  inside_hi   =  95.7737200;
  border_hi   =  57.7835880;
  border_low  =  33.3507650;
  outside_low =  10.0000000;
  outside_hi  =  51.6753850;
  sigma = 0.5;
  max_thickness = 10;
  step_size=0.5;
  STEP_SIZE=0.1;
  which = 2
  thresh = 0
  flags = 0
  CBVfindFirstPeakD1=0
  CBVfindFirstPeakD2=0
  nvertices=155668
  Gdiag_no=-1
  vno start=0, stop=155668
Replacing 255s with 0s
#SI# sigma=0.5 had to be increased for 12603 vertices, nripped=6752
mean border=55.6, 3384 (31) missing vertices, mean dist 0.1 [0.1 (%57.3)->0.4 (%42.7))]
%25 local maxima, %29 large gradients and %40 min vals, 0 gradients ignored
nFirstPeakD1 0
MRIScomputeBorderValues_new() finished in 0.0019 min


Averaging target values for 5 iterations...
Positioning Surface: tspring = 0.3, nspring = 0.3, spring = 0, niters = 100 l_repulse = 0, l_surf_repulse = 5, checktol = 0
Positioning pial surface
Entering MRISpositionSurface()
  max_mm = 0.3
  MAX_REDUCTIONS = 2, REDUCTION_PCT = 0.5
  parms->check_tol = 0, niterations = 100
tol=1.0e-04, sigma=0.5, host=dna07, nav=4, nbrs=2, l_surf_repulse=5.000, l_tspring=0.300, l_nspring=0.300, l_intensity=0.200, l_curv=1.000
mom=0.00, dt=0.50
000: dt: 0.0000, sse=724120.8, rms=3.787
rms = 4.5315/3.7870, sse=906575.3/724120.8, time step reduction 1 of 3 to 0.250  0 1 1
   RMS increased, rejecting step
028: dt: 0.2500, sse=685488.4, rms=3.611 (4.644%)
rms = 3.6698/3.6111, sse=697678.7/685488.4, time step reduction 2 of 3 to 0.125  0 1 1
   RMS increased, rejecting step
rms = 3.5881/3.6111, sse=680610.4/685488.4, time step reduction 3 of 3 to 0.062  0 0 1
029: dt: 0.1250, sse=680610.4, rms=3.588 (0.637%)
  maximum number of reductions reached, breaking from loop
positioning took 0.3 minutes
Iteration 3 =========================================
n_averages=2, current_sigma=0.25
Computing target border values 
Entering MRIScomputeBorderValues_new(): 
  inside_hi   =  95.7737200;
  border_hi   =  57.7835880;
  border_low  =  33.3507650;
  outside_low =  10.0000000;
  outside_hi  =  51.6753850;
  sigma = 0.25;
  max_thickness = 10;
  step_size=0.5;
  STEP_SIZE=0.1;
  which = 2
  thresh = 0
  flags = 0
  CBVfindFirstPeakD1=0
  CBVfindFirstPeakD2=0
  nvertices=155668
  Gdiag_no=-1
  vno start=0, stop=155668
Replacing 255s with 0s
#SI# sigma=0.25 had to be increased for 10673 vertices, nripped=6752
mean border=55.1, 6050 (29) missing vertices, mean dist 0.1 [0.1 (%55.3)->0.3 (%44.7))]
%30 local maxima, %24 large gradients and %38 min vals, 0 gradients ignored
nFirstPeakD1 0
MRIScomputeBorderValues_new() finished in 0.0014 min


Averaging target values for 5 iterations...
Positioning Surface: tspring = 0.3, nspring = 0.3, spring = 0, niters = 100 l_repulse = 0, l_surf_repulse = 5, checktol = 0
Positioning pial surface
Entering MRISpositionSurface()
  max_mm = 0.3
  MAX_REDUCTIONS = 2, REDUCTION_PCT = 0.5
  parms->check_tol = 0, niterations = 100
tol=1.0e-04, sigma=0.2, host=dna07, nav=2, nbrs=2, l_surf_repulse=5.000, l_tspring=0.300, l_nspring=0.300, l_intensity=0.200, l_curv=1.000
mom=0.00, dt=0.50
000: dt: 0.0000, sse=719995.4, rms=3.769
rms = 4.2017/3.7693, sse=820225.5/719995.4, time step reduction 1 of 3 to 0.250  0 1 1
   RMS increased, rejecting step
030: dt: 0.2500, sse=676006.4, rms=3.568 (5.340%)
031: dt: 0.2500, sse=655920.4, rms=3.477 (2.555%)
rms = 3.4782/3.4769, sse=655628.0/655920.4, time step reduction 2 of 3 to 0.125  0 0 1
   RMS increased, rejecting step
032: dt: 0.1250, sse=644709.4, rms=3.422 (1.590%)
033: dt: 0.1250, sse=626531.6, rms=3.331 (2.656%)
034: dt: 0.1250, sse=615970.4, rms=3.278 (1.582%)
rms = 3.2487/3.2780, sse=610093.7/615970.4, time step reduction 3 of 3 to 0.062  0 0 1
035: dt: 0.1250, sse=610093.8, rms=3.249 (0.895%)
  maximum number of reductions reached, breaking from loop
positioning took 0.6 minutes
Pinning medial wall to white surface
removing intersecting faces
000: 7 intersecting
terminating search with 0 intersecting


Writing output to ../surf/rh.pial.T1
#ET# mris_place_surface  3.33 minutes
#VMPC# mris_place_surfaces VmPeak  2480400
mris_place_surface done
#@# white curv rh Sun Mar  8 22:14:40 CET 2026
cd /out/sourcedata/freesurfer/sub-v1s14x0051582_ses-1/mri
mris_place_surface --curv-map ../surf/rh.white 2 10 ../surf/rh.curv
insurf  ../surf/rh.white, nbrs 2, curvature_avgs 10
writing curvature file ../surf/rh.curv
#@# white area rh Sun Mar  8 22:14:42 CET 2026
cd /out/sourcedata/freesurfer/sub-v1s14x0051582_ses-1/mri
mris_place_surface --area-map ../surf/rh.white ../surf/rh.area
writing curvature file ../surf/rh.area
#@# pial curv rh Sun Mar  8 22:14:42 CET 2026
cd /out/sourcedata/freesurfer/sub-v1s14x0051582_ses-1/mri
mris_place_surface --curv-map ../surf/rh.pial 2 10 ../surf/rh.curv.pial
insurf  ../surf/rh.pial, nbrs 2, curvature_avgs 10
writing curvature file ../surf/rh.curv.pial
#@# pial area rh Sun Mar  8 22:14:44 CET 2026
cd /out/sourcedata/freesurfer/sub-v1s14x0051582_ses-1/mri
mris_place_surface --area-map ../surf/rh.pial ../surf/rh.area.pial
writing curvature file ../surf/rh.area.pial
#@# thickness rh Sun Mar  8 22:14:44 CET 2026
cd /out/sourcedata/freesurfer/sub-v1s14x0051582_ses-1/mri
mris_place_surface --thickness ../surf/rh.white ../surf/rh.pial 20 5 ../surf/rh.thickness
0 of 155668 vertices processed
25000 of 155668 vertices processed
50000 of 155668 vertices processed
75000 of 155668 vertices processed
100000 of 155668 vertices processed
125000 of 155668 vertices processed
150000 of 155668 vertices processed
0 of 155668 vertices processed
25000 of 155668 vertices processed
50000 of 155668 vertices processed
75000 of 155668 vertices processed
100000 of 155668 vertices processed
125000 of 155668 vertices processed
150000 of 155668 vertices processed
thickness calculation complete, 39:891 truncations.
88186 vertices at 0 distance
138475 vertices at 1 distance
54420 vertices at 2 distance
19825 vertices at 3 distance
6872 vertices at 4 distance
2175 vertices at 5 distance
733 vertices at 6 distance
243 vertices at 7 distance
103 vertices at 8 distance
77 vertices at 9 distance
33 vertices at 10 distance
29 vertices at 11 distance
34 vertices at 12 distance
20 vertices at 13 distance
23 vertices at 14 distance
20 vertices at 15 distance
15 vertices at 16 distance
14 vertices at 17 distance
21 vertices at 18 distance
12 vertices at 19 distance
6 vertices at 20 distance
writing curvature file ../surf/rh.thickness
#@# area and vertex vol rh Sun Mar  8 22:15:06 CET 2026
cd /out/sourcedata/freesurfer/sub-v1s14x0051582_ses-1/mri
mris_place_surface --thickness ../surf/rh.white ../surf/rh.pial 20 5 ../surf/rh.thickness
/out/sourcedata/freesurfer/sub-v1s14x0051582_ses-1/surf
mris_calc -o rh.area.mid rh.area add rh.area.pial
Saving result to 'rh.area.mid' (type = MRI_CURV_FILE)                       [ ok ]
mris_calc -o rh.area.mid rh.area.mid div 2
Saving result to 'rh.area.mid' (type = MRI_CURV_FILE)                       [ ok ]
mris_convert --volume sub-v1s14x0051582_ses-1 rh /out/sourcedata/freesurfer/sub-v1s14x0051582_ses-1/surf/rh.volume
masking with /out/sourcedata/freesurfer/sub-v1s14x0051582_ses-1/label/rh.cortex.label
Total face volume 233244
Total vertex volume 233048 (mask=0)
#@# sub-v1s14x0051582_ses-1 rh 233048
 
vertexvol Done

#-----------------------------------------
#@# Curvature Stats rh Sun Mar  8 22:15:07 CET 2026
/out/sourcedata/freesurfer/sub-v1s14x0051582_ses-1/surf

 mris_curvature_stats -m --writeCurvatureFiles -G -o ../stats/rh.curv.stats -F smoothwm sub-v1s14x0051582_ses-1 rh curv sulc 

             Toggling save flag on curvature files                       [ ok ]
                 Outputting results using filestem   [ ../stats/rh.curv.stats ]
             Toggling save flag on curvature files                       [ ok ]
                                   Setting surface [ sub-v1s14x0051582_ses-1/rh.smoothwm ]
                                Reading surface...                       [ ok ]
                                   Setting texture                     [ curv ]
                                Reading texture...                       [ ok ]
                                   Setting texture                     [ sulc ]
                                Reading texture...Gb_filter = 0
                       [ ok ]
      Calculating Discrete Principal Curvatures...
      Determining geometric order for vno faces... [####################] [ ok ]
                      Determining KH curvatures... [####################] [ ok ]
                    Determining k1k2 curvatures... [####################] [ ok ]
                                   deltaViolations                      [ 274 ]
Gb_filter = 0
#-----------------------------------------
#@# Cortical Parc 2 rh Sun Mar  8 22:15:09 CET 2026
/out/sourcedata/freesurfer/sub-v1s14x0051582_ses-1/scripts

 mris_ca_label -l ../label/rh.cortex.label -aseg ../mri/aseg.presurf.mgz -seed 1234 sub-v1s14x0051582_ses-1 rh ../surf/rh.sphere.reg /opt/freesurfer/average/rh.CDaparc.atlas.acfb40.noaparc.i12.2016-08-02.gcs ../label/rh.aparc.a2009s.annot 

setting seed for random number generator to 1234
using ../mri/aseg.presurf.mgz aseg volume to correct midline
7.3.2
  7.3.2
reading atlas from /opt/freesurfer/average/rh.CDaparc.atlas.acfb40.noaparc.i12.2016-08-02.gcs...
reading color table from GCSA file....
average std = 1.4   using min determinant for regularization = 0.021
0 singular and 0 ill-conditioned covariance matrices regularized
input 0: MEAN CURVATURE, flags 0, avgs 5, name mean_curvature
labeling surface...
13 labels changed using aseg
relabeling using gibbs priors...
000:  10157 changed, 155668 examined...
001:   2393 changed, 39942 examined...
002:    720 changed, 12791 examined...
003:    308 changed, 4116 examined...
004:    147 changed, 1772 examined...
005:     87 changed, 880 examined...
006:     59 changed, 499 examined...
007:     33 changed, 331 examined...
008:     10 changed, 177 examined...
009:      5 changed, 62 examined...
010:      4 changed, 29 examined...
011:      2 changed, 27 examined...
012:      2 changed, 10 examined...
013:      0 changed, 10 examined...
0 labels changed using aseg
000: 269 total segments, 186 labels (2824 vertices) changed
001: 95 total segments, 11 labels (43 vertices) changed
002: 84 total segments, 0 labels (0 vertices) changed
10 filter iterations complete (10 requested, 41 changed)
rationalizing unknown annotations with cortex label
relabeling Medial_wall label...
1197 vertices marked for relabeling...
1197 labels changed in reclassification.
writing output to ../label/rh.aparc.a2009s.annot...
classification took 0 minutes and 11 seconds.
#-----------------------------------------
#@# Cortical Parc 3 rh Sun Mar  8 22:15:21 CET 2026
/out/sourcedata/freesurfer/sub-v1s14x0051582_ses-1/scripts

 mris_ca_label -l ../label/rh.cortex.label -aseg ../mri/aseg.presurf.mgz -seed 1234 sub-v1s14x0051582_ses-1 rh ../surf/rh.sphere.reg /opt/freesurfer/average/rh.DKTaparc.atlas.acfb40.noaparc.i12.2016-08-02.gcs ../label/rh.aparc.DKTatlas.annot 

setting seed for random number generator to 1234
using ../mri/aseg.presurf.mgz aseg volume to correct midline
7.3.2
  7.3.2
reading atlas from /opt/freesurfer/average/rh.DKTaparc.atlas.acfb40.noaparc.i12.2016-08-02.gcs...
reading color table from GCSA file....
average std = 0.9   using min determinant for regularization = 0.009
0 singular and 325 ill-conditioned covariance matrices regularized
input 0: MEAN CURVATURE, flags 0, avgs 5, name mean_curvature
labeling surface...
1671 labels changed using aseg
relabeling using gibbs priors...
000:   2076 changed, 155668 examined...
001:    477 changed, 9678 examined...
002:    122 changed, 2810 examined...
003:     38 changed, 736 examined...
004:     17 changed, 230 examined...
005:      8 changed, 96 examined...
006:      4 changed, 51 examined...
007:      0 changed, 23 examined...
101 labels changed using aseg
000: 40 total segments, 7 labels (73 vertices) changed
001: 34 total segments, 1 labels (2 vertices) changed
002: 33 total segments, 0 labels (0 vertices) changed
10 filter iterations complete (10 requested, 6 changed)
rationalizing unknown annotations with cortex label
relabeling unknown label...
relabeling corpuscallosum label...
1176 vertices marked for relabeling...
1176 labels changed in reclassification.
writing output to ../label/rh.aparc.DKTatlas.annot...
classification took 0 minutes and 8 seconds.
#-----------------------------------------
#@# WM/GM Contrast rh Sun Mar  8 22:15:29 CET 2026
/out/sourcedata/freesurfer/sub-v1s14x0051582_ses-1/scripts

 pctsurfcon --s sub-v1s14x0051582_ses-1 --rh-only 

Log file is /out/sourcedata/freesurfer/sub-v1s14x0051582_ses-1/scripts/pctsurfcon.log
Sun Mar  8 22:15:29 CET 2026
setenv SUBJECTS_DIR /out/sourcedata/freesurfer
cd /out/sourcedata/freesurfer/sub-v1s14x0051582_ses-1/scripts
/opt/freesurfer/bin/pctsurfcon
pctsurfcon 7.3.2
Linux dna079 5.14.0-427.37.1.el9_4.x86_64 #1 SMP PREEMPT_DYNAMIC Fri Sep 13 12:41:50 EDT 2024 x86_64 x86_64 x86_64 GNU/Linux
FREESURFER_HOME /opt/freesurfer
mri_vol2surf --mov /out/sourcedata/freesurfer/sub-v1s14x0051582_ses-1/mri/rawavg.mgz --hemi rh --noreshape --interp trilinear --projdist -1 --o /out/sourcedata/freesurfer/sub-v1s14x0051582_ses-1/surf/tmp.pctsurfcon.949651/rh.wm.mgh --regheader sub-v1s14x0051582_ses-1 --cortex
srcvol = /out/sourcedata/freesurfer/sub-v1s14x0051582_ses-1/mri/rawavg.mgz
srcreg unspecified
srcregold = 0
srcwarp unspecified
surf = white
hemi = rh
ProjDist = -1
reshape = 0
interp = trilinear
float2int = round
GetProjMax = 0
INFO: float2int code = 0
Done loading volume
Computing registration from header.
  Using /out/sourcedata/freesurfer/sub-v1s14x0051582_ses-1/mri/orig.mgz as target reference.
-------- original matrix -----------
-0.99915   0.02264   0.03435  -0.00002;
 0.03342  -0.04037   0.99863   0.00003;
-0.02400  -0.99893  -0.03958   0.00000;
 0.00000   0.00000   0.00000   1.00000;
-------- original matrix -----------
Loading label /out/sourcedata/freesurfer/sub-v1s14x0051582_ses-1/label/rh.cortex.label
Reading surface /out/sourcedata/freesurfer/sub-v1s14x0051582_ses-1/surf/rh.white
Done reading source surface
Mapping Source Volume onto Source Subject Surface
Projecting -1 -1 1
 1 -1 -1 -1
using old
Done mapping volume to surface
Number of source voxels hit = 92425
Masking with /out/sourcedata/freesurfer/sub-v1s14x0051582_ses-1/label/rh.cortex.label
Writing to /out/sourcedata/freesurfer/sub-v1s14x0051582_ses-1/surf/tmp.pctsurfcon.949651/rh.wm.mgh
Dim: 155668 1 1
mri_vol2surf --mov /out/sourcedata/freesurfer/sub-v1s14x0051582_ses-1/mri/rawavg.mgz --hemi rh --noreshape --interp trilinear --o /out/sourcedata/freesurfer/sub-v1s14x0051582_ses-1/surf/tmp.pctsurfcon.949651/rh.gm.mgh --projfrac 0.3 --regheader sub-v1s14x0051582_ses-1 --cortex
srcvol = /out/sourcedata/freesurfer/sub-v1s14x0051582_ses-1/mri/rawavg.mgz
srcreg unspecified
srcregold = 0
srcwarp unspecified
surf = white
hemi = rh
ProjFrac = 0.3
thickness = thickness
reshape = 0
interp = trilinear
float2int = round
GetProjMax = 0
INFO: float2int code = 0
Done loading volume
Computing registration from header.
  Using /out/sourcedata/freesurfer/sub-v1s14x0051582_ses-1/mri/orig.mgz as target reference.
-------- original matrix -----------
-0.99915   0.02264   0.03435  -0.00002;
 0.03342  -0.04037   0.99863   0.00003;
-0.02400  -0.99893  -0.03958   0.00000;
 0.00000   0.00000   0.00000   1.00000;
-------- original matrix -----------
Loading label /out/sourcedata/freesurfer/sub-v1s14x0051582_ses-1/label/rh.cortex.label
Reading surface /out/sourcedata/freesurfer/sub-v1s14x0051582_ses-1/surf/rh.white
Done reading source surface
Reading thickness /out/sourcedata/freesurfer/sub-v1s14x0051582_ses-1/surf/rh.thickness
Done
Mapping Source Volume onto Source Subject Surface
Projecting 0.3 0.3 1
 1 0.3 0.3 0.3
using old
Done mapping volume to surface
Number of source voxels hit = 102936
Masking with /out/sourcedata/freesurfer/sub-v1s14x0051582_ses-1/label/rh.cortex.label
Writing to /out/sourcedata/freesurfer/sub-v1s14x0051582_ses-1/surf/tmp.pctsurfcon.949651/rh.gm.mgh
Dim: 155668 1 1
mri_concat /out/sourcedata/freesurfer/sub-v1s14x0051582_ses-1/surf/tmp.pctsurfcon.949651/rh.wm.mgh /out/sourcedata/freesurfer/sub-v1s14x0051582_ses-1/surf/tmp.pctsurfcon.949651/rh.gm.mgh --paired-diff-norm --mul 100 --o /out/sourcedata/freesurfer/sub-v1s14x0051582_ses-1/surf/rh.w-g.pct.mgh
ninputs = 2
Checking inputs
nframestot = 2
Allocing output
Done allocing
Combining pairs
nframes = 1
Multiplying by 100.000000
Writing to /out/sourcedata/freesurfer/sub-v1s14x0051582_ses-1/surf/rh.w-g.pct.mgh
mri_segstats --in /out/sourcedata/freesurfer/sub-v1s14x0051582_ses-1/surf/rh.w-g.pct.mgh --annot sub-v1s14x0051582_ses-1 rh aparc --sum /out/sourcedata/freesurfer/sub-v1s14x0051582_ses-1/stats/rh.w-g.pct.stats --snr

7.3.2
cwd 
cmdline mri_segstats --in /out/sourcedata/freesurfer/sub-v1s14x0051582_ses-1/surf/rh.w-g.pct.mgh --annot sub-v1s14x0051582_ses-1 rh aparc --sum /out/sourcedata/freesurfer/sub-v1s14x0051582_ses-1/stats/rh.w-g.pct.stats --snr 
sysname  Linux
hostname dna079
machine  x86_64
user     oesteban
whitesurfname  white
UseRobust  0
Constructing seg from annotation

Reading annotation /out/sourcedata/freesurfer/sub-v1s14x0051582_ses-1/label/rh.aparc.annot
Seg base 2000
Loading /out/sourcedata/freesurfer/sub-v1s14x0051582_ses-1/surf/rh.w-g.pct.mgh
Vertex Area is 0.656856 mm^3
Generating list of segmentation ids
Found  36 segmentations
Computing statistics for each segmentation

Reporting on  35 segmentations
Using PrintSegStat
mri_segstats done
Cleaning up

Started at Sun Mar 8 21:48:40 CET 2026 
Ended   at Sun Mar 8 22:15:32 CET 2026
#@#%# recon-all-run-time-hours 0.448
recon-all -s sub-v1s14x0051582_ses-1 finished without error at Sun Mar  8 22:15:32 CET 2026



#New# invocation of recon-all 




Sun Mar  8 22:22:10 CET 2026
cd /out/sourcedata/freesurfer/sub-v1s14x0051582_ses-1
setenv SUBJECTS_DIR /out/sourcedata/freesurfer
/opt/freesurfer/bin/recon-all -autorecon-hemi rh -nohyporelabel -rh-only -openmp 16 -subjid sub-v1s14x0051582_ses-1 -sd /out/sourcedata/freesurfer -notessellate -nosmooth1 -noinflate1 -noqsphere -nofix -nowhite -nosmooth2 -noinflate2 -nocurvHK -nocurvstats -nosphere -nosurfreg -nojacobian_white -noavgcurv -nocortparc -nopial -nocortparc2 -nocortparc3 -nopctsurfcon

subjid sub-v1s14x0051582_ses-1
setenv SUBJECTS_DIR /out/sourcedata/freesurfer
FREESURFER_HOME /opt/freesurfer
Actual FREESURFER_HOME /opt/freesurfer
build-stamp.txt: freesurfer-linux-ubuntu22_x86_64-7.3.2-20220804-6354275
Linux dna079 5.14.0-427.37.1.el9_4.x86_64 #1 SMP PREEMPT_DYNAMIC Fri Sep 13 12:41:50 EDT 2024 x86_64 x86_64 x86_64 GNU/Linux
cputime      unlimited
filesize     unlimited
datasize     unlimited
stacksize    8192 kbytes
coredumpsize 0 kbytes
memoryuse    67108864 kbytes
vmemoryuse   unlimited
descriptors  1024 
memorylocked unlimited
maxproc      2061970 
maxlocks     unlimited
maxsignal    2062029 
maxmessage   819200 
maxnice      0 
maxrtprio    0 
maxrttime    unlimited

               total        used        free      shared  buff/cache   available
Mem:           503Gi        48Gi       394Gi       9.2Gi        60Gi       442Gi
Swap:             0B          0B          0B

########################################
program versions used
7.3.2 (freesurfer-linux-ubuntu22_x86_64-7.3.2-20220804-6354275)
7.3.2

ProgramName: lta_convert  ProgramArguments: lta_convert -all-info  ProgramVersion: 7.3.2  TimeStamp: 2026/03/08-21:22:10-GMT  BuildTime: Aug  4 2022 06:17:15  BuildStamp: freesurfer-linux-ubuntu22_x86_64-7.3.2-20220804-6354275  User: oesteban  Machine: dna079  Platform: Linux  PlatformVersion: 5.14.0-427.37.1.el9_4.x86_64  CompilerName: GCC  CompilerVersion: 8.4.0
ProgramName: mri_and  ProgramArguments: mri_and -all-info  ProgramVersion: 7.3.2  TimeStamp: 2026/03/08-21:22:10-GMT  BuildTime: Aug  4 2022 06:17:15  BuildStamp: freesurfer-linux-ubuntu22_x86_64-7.3.2-20220804-6354275  User: oesteban  Machine: dna079  Platform: Linux  PlatformVersion: 5.14.0-427.37.1.el9_4.x86_64  CompilerName: GCC  CompilerVersion: 8.4.0
ProgramName: mri_annotation2label  ProgramArguments: mri_annotation2label -all-info  ProgramVersion: 7.3.2  TimeStamp: 2026/03/08-21:22:10-GMT  BuildTime: Aug  4 2022 06:17:15  BuildStamp: freesurfer-linux-ubuntu22_x86_64-7.3.2-20220804-6354275  User: oesteban  Machine: dna079  Platform: Linux  PlatformVersion: 5.14.0-427.37.1.el9_4.x86_64  CompilerName: GCC  CompilerVersion: 8.4.0
ProgramName: mri_aparc2aseg  ProgramArguments: mri_aparc2aseg -all-info  ProgramVersion: 7.3.2  TimeStamp: 2026/03/08-21:22:10-GMT  BuildTime: Aug  4 2022 06:17:15  BuildStamp: freesurfer-linux-ubuntu22_x86_64-7.3.2-20220804-6354275  User: oesteban  Machine: dna079  Platform: Linux  PlatformVersion: 5.14.0-427.37.1.el9_4.x86_64  CompilerName: GCC  CompilerVersion: 8.4.0
ProgramName: mri_surf2volseg  ProgramArguments: mri_surf2volseg -all-info  ProgramVersion: 7.3.2  TimeStamp: 2026/03/08-21:22:10-GMT  BuildTime: Aug  4 2022 06:17:15  BuildStamp: freesurfer-linux-ubuntu22_x86_64-7.3.2-20220804-6354275  User: oesteban  Machine: dna079  Platform: Linux  PlatformVersion: 5.14.0-427.37.1.el9_4.x86_64  CompilerName: GCC  CompilerVersion: 8.4.0
ProgramName: mri_binarize  ProgramArguments: mri_binarize -all-info  ProgramVersion: 7.3.2  TimeStamp: 2026/03/08-21:22:10-GMT  BuildTime: Aug  4 2022 06:17:15  BuildStamp: freesurfer-linux-ubuntu22_x86_64-7.3.2-20220804-6354275  User: oesteban  Machine: dna079  Platform: Linux  PlatformVersion: 5.14.0-427.37.1.el9_4.x86_64  CompilerName: GCC  CompilerVersion: 8.4.0
ProgramName: mri_ca_label  ProgramArguments: mri_ca_label -all-info  ProgramVersion: 7.3.2  TimeStamp: 2026/03/08-21:22:10-GMT  BuildTime: Aug  4 2022 06:17:15  BuildStamp: freesurfer-linux-ubuntu22_x86_64-7.3.2-20220804-6354275  User: oesteban  Machine: dna079  Platform: Linux  PlatformVersion: 5.14.0-427.37.1.el9_4.x86_64  CompilerName: GCC  CompilerVersion: 8.4.0
ProgramName: mri_ca_normalize  ProgramArguments: mri_ca_normalize -all-info  ProgramVersion: 7.3.2  TimeStamp: 2026/03/08-21:22:10-GMT  BuildTime: Aug  4 2022 06:17:15  BuildStamp: freesurfer-linux-ubuntu22_x86_64-7.3.2-20220804-6354275  User: oesteban  Machine: dna079  Platform: Linux  PlatformVersion: 5.14.0-427.37.1.el9_4.x86_64  CompilerName: GCC  CompilerVersion: 8.4.0
ProgramName: mri_ca_register  ProgramArguments: mri_ca_register -all-info  ProgramVersion: 7.3.2  TimeStamp: 2026/03/08-21:22:10-GMT  BuildTime: Aug  4 2022 06:17:15  BuildStamp: freesurfer-linux-ubuntu22_x86_64-7.3.2-20220804-6354275  User: oesteban  Machine: dna079  Platform: Linux  PlatformVersion: 5.14.0-427.37.1.el9_4.x86_64  CompilerName: GCC  CompilerVersion: 8.4.0
ProgramName: mri_cc  ProgramArguments: mri_cc -all-info  ProgramVersion: 7.3.2  TimeStamp: 2026/03/08-21:22:10-GMT  BuildTime: Aug  4 2022 06:17:15  BuildStamp: freesurfer-linux-ubuntu22_x86_64-7.3.2-20220804-6354275  User: oesteban  Machine: dna079  Platform: Linux  PlatformVersion: 5.14.0-427.37.1.el9_4.x86_64  CompilerName: GCC  CompilerVersion: 8.4.0
ProgramName: mri_compute_overlap  ProgramArguments: mri_compute_overlap -all-info  ProgramVersion: 7.3.2  TimeStamp: 2026/03/08-21:22:10-GMT  BuildTime: Aug  4 2022 06:17:15  BuildStamp: freesurfer-linux-ubuntu22_x86_64-7.3.2-20220804-6354275  User: oesteban  Machine: dna079  Platform: Linux  PlatformVersion: 5.14.0-427.37.1.el9_4.x86_64  CompilerName: GCC  CompilerVersion: 8.4.0
ProgramName: mri_compute_seg_overlap  ProgramArguments: mri_compute_seg_overlap -all-info  ProgramVersion: 7.3.2  TimeStamp: 2026/03/08-21:22:10-GMT  BuildTime: Aug  4 2022 06:17:15  BuildStamp: freesurfer-linux-ubuntu22_x86_64-7.3.2-20220804-6354275  User: oesteban  Machine: dna079  Platform: Linux  PlatformVersion: 5.14.0-427.37.1.el9_4.x86_64  CompilerName: GCC  CompilerVersion: 8.4.0
ProgramName: mri_concat  ProgramArguments: mri_concat -all-info  ProgramVersion: 7.3.2  TimeStamp: 2026/03/08-21:22:10-GMT  BuildTime: Aug  4 2022 06:17:15  BuildStamp: freesurfer-linux-ubuntu22_x86_64-7.3.2-20220804-6354275  User: oesteban  Machine: dna079  Platform: Linux  PlatformVersion: 5.14.0-427.37.1.el9_4.x86_64  CompilerName: GCC  CompilerVersion: 8.4.0
ProgramName: mri_concatenate_lta  ProgramArguments: mri_concatenate_lta -all-info  ProgramVersion: 7.3.2  TimeStamp: 2026/03/08-21:22:10-GMT  BuildTime: Aug  4 2022 06:17:15  BuildStamp: freesurfer-linux-ubuntu22_x86_64-7.3.2-20220804-6354275  User: oesteban  Machine: dna079  Platform: Linux  PlatformVersion: 5.14.0-427.37.1.el9_4.x86_64  CompilerName: GCC  CompilerVersion: 8.4.0
mri_convert -all-info 
ProgramName: mri_convert  ProgramArguments: mri_convert -all-info  ProgramVersion: 7.3.2  TimeStamp: 2026/03/08-21:22:10-GMT  BuildTime: Aug  4 2022 06:17:15  BuildStamp: freesurfer-linux-ubuntu22_x86_64-7.3.2-20220804-6354275  User: oesteban  Machine: dna079  Platform: Linux  PlatformVersion: 5.14.0-427.37.1.el9_4.x86_64  CompilerName: GCC  CompilerVersion: 8.4.0
ProgramName: mri_diff  ProgramArguments: mri_diff -all-info  ProgramVersion: 7.3.2  TimeStamp: 2026/03/08-21:22:10-GMT  BuildTime: Aug  4 2022 06:17:15  BuildStamp: freesurfer-linux-ubuntu22_x86_64-7.3.2-20220804-6354275  User: oesteban  Machine: dna079  Platform: Linux  PlatformVersion: 5.14.0-427.37.1.el9_4.x86_64  CompilerName: GCC  CompilerVersion: 8.4.0
ProgramName: mri_edit_wm_with_aseg  ProgramArguments: mri_edit_wm_with_aseg -all-info  ProgramVersion: 7.3.2  TimeStamp: 2026/03/08-21:22:10-GMT  BuildTime: Aug  4 2022 06:17:15  BuildStamp: freesurfer-linux-ubuntu22_x86_64-7.3.2-20220804-6354275  User: oesteban  Machine: dna079  Platform: Linux  PlatformVersion: 5.14.0-427.37.1.el9_4.x86_64  CompilerName: GCC  CompilerVersion: 8.4.0
ProgramName: mri_em_register  ProgramArguments: mri_em_register -all-info  ProgramVersion: 7.3.2  TimeStamp: 2026/03/08-21:22:10-GMT  BuildTime: Aug  4 2022 06:17:15  BuildStamp: freesurfer-linux-ubuntu22_x86_64-7.3.2-20220804-6354275  User: oesteban  Machine: dna079  Platform: Linux  PlatformVersion: 5.14.0-427.37.1.el9_4.x86_64  CompilerName: GCC  CompilerVersion: 8.4.0
ProgramName: mri_fill  ProgramArguments: mri_fill -all-info  ProgramVersion: 7.3.2  TimeStamp: 2026/03/08-21:22:10-GMT  BuildTime: Aug  4 2022 06:17:15  BuildStamp: freesurfer-linux-ubuntu22_x86_64-7.3.2-20220804-6354275  User: oesteban  Machine: dna079  Platform: Linux  PlatformVersion: 5.14.0-427.37.1.el9_4.x86_64  CompilerName: GCC  CompilerVersion: 8.4.0
ProgramName: mri_fuse_segmentations  ProgramArguments: mri_fuse_segmentations -all-info  ProgramVersion: 7.3.2  TimeStamp: 2026/03/08-21:22:10-GMT  BuildTime: Aug  4 2022 06:17:15  BuildStamp: freesurfer-linux-ubuntu22_x86_64-7.3.2-20220804-6354275  User: oesteban  Machine: dna079  Platform: Linux  PlatformVersion: 5.14.0-427.37.1.el9_4.x86_64  CompilerName: GCC  CompilerVersion: 8.4.0
ProgramName: mri_fwhm  ProgramArguments: mri_fwhm -all-info  ProgramVersion: 7.3.2  TimeStamp: 2026/03/08-21:22:10-GMT  BuildTime: Aug  4 2022 06:17:15  BuildStamp: freesurfer-linux-ubuntu22_x86_64-7.3.2-20220804-6354275  User: oesteban  Machine: dna079  Platform: Linux  PlatformVersion: 5.14.0-427.37.1.el9_4.x86_64  CompilerName: GCC  CompilerVersion: 8.4.0
ProgramName: mri_gcut  ProgramArguments: mri_gcut -all-info  ProgramVersion: 7.3.2  TimeStamp: 2026/03/08-21:22:10-GMT  BuildTime: Aug  4 2022 06:17:15  BuildStamp: freesurfer-linux-ubuntu22_x86_64-7.3.2-20220804-6354275  User: oesteban  Machine: dna079  Platform: Linux  PlatformVersion: 5.14.0-427.37.1.el9_4.x86_64  CompilerName: GCC  CompilerVersion: 8.4.0
ProgramName: mri_info  ProgramArguments: mri_info -all-info  ProgramVersion: 7.3.2  TimeStamp: 2026/03/08-21:22:10-GMT  BuildTime: Aug  4 2022 06:17:15  BuildStamp: freesurfer-linux-ubuntu22_x86_64-7.3.2-20220804-6354275  User: oesteban  Machine: dna079  Platform: Linux  PlatformVersion: 5.14.0-427.37.1.el9_4.x86_64  CompilerName: GCC  CompilerVersion: 8.4.0
ProgramName: mri_label2label  ProgramArguments: mri_label2label -all-info  ProgramVersion: 7.3.2  TimeStamp: 2026/03/08-21:22:10-GMT  BuildTime: Aug  4 2022 06:17:15  BuildStamp: freesurfer-linux-ubuntu22_x86_64-7.3.2-20220804-6354275  User: oesteban  Machine: dna079  Platform: Linux  PlatformVersion: 5.14.0-427.37.1.el9_4.x86_64  CompilerName: GCC  CompilerVersion: 8.4.0
ProgramName: mri_label2vol  ProgramArguments: mri_label2vol -all-info  ProgramVersion: 7.3.2  TimeStamp: 2026/03/08-21:22:10-GMT  BuildTime: Aug  4 2022 06:17:15  BuildStamp: freesurfer-linux-ubuntu22_x86_64-7.3.2-20220804-6354275  User: oesteban  Machine: dna079  Platform: Linux  PlatformVersion: 5.14.0-427.37.1.el9_4.x86_64  CompilerName: GCC  CompilerVersion: 8.4.0
ProgramName: mri_log_likelihood  ProgramArguments: mri_log_likelihood -all-info  ProgramVersion: 7.3.2  TimeStamp: 2026/03/08-21:22:10-GMT  BuildTime: Aug  4 2022 06:17:15  BuildStamp: freesurfer-linux-ubuntu22_x86_64-7.3.2-20220804-6354275  User: oesteban  Machine: dna079  Platform: Linux  PlatformVersion: 5.14.0-427.37.1.el9_4.x86_64  CompilerName: GCC  CompilerVersion: 8.4.0
ProgramName: mri_mask  ProgramArguments: mri_mask -all-info  ProgramVersion: 7.3.2  TimeStamp: 2026/03/08-21:22:10-GMT  BuildTime: Aug  4 2022 06:17:15  BuildStamp: freesurfer-linux-ubuntu22_x86_64-7.3.2-20220804-6354275  User: oesteban  Machine: dna079  Platform: Linux  PlatformVersion: 5.14.0-427.37.1.el9_4.x86_64  CompilerName: GCC  CompilerVersion: 8.4.0
ProgramName: mri_matrix_multiply  ProgramArguments: mri_matrix_multiply -all-info  ProgramVersion: 7.3.2  TimeStamp: 2026/03/08-21:22:10-GMT  BuildTime: Aug  4 2022 06:17:15  BuildStamp: freesurfer-linux-ubuntu22_x86_64-7.3.2-20220804-6354275  User: oesteban  Machine: dna079  Platform: Linux  PlatformVersion: 5.14.0-427.37.1.el9_4.x86_64  CompilerName: GCC  CompilerVersion: 8.4.0
ProgramName: mri_normalize  ProgramArguments: mri_normalize -all-info  ProgramVersion: 7.3.2  TimeStamp: 2026/03/08-21:22:10-GMT  BuildTime: Aug  4 2022 06:17:15  BuildStamp: freesurfer-linux-ubuntu22_x86_64-7.3.2-20220804-6354275  User: oesteban  Machine: dna079  Platform: Linux  PlatformVersion: 5.14.0-427.37.1.el9_4.x86_64  CompilerName: GCC  CompilerVersion: 8.4.0
ProgramName: mri_normalize_tp2  ProgramArguments: mri_normalize_tp2 -all-info  ProgramVersion: 7.3.2  TimeStamp: 2026/03/08-21:22:10-GMT  BuildTime: Aug  4 2022 06:17:15  BuildStamp: freesurfer-linux-ubuntu22_x86_64-7.3.2-20220804-6354275  User: oesteban  Machine: dna079  Platform: Linux  PlatformVersion: 5.14.0-427.37.1.el9_4.x86_64  CompilerName: GCC  CompilerVersion: 8.4.0
ProgramName: mri_or  ProgramArguments: mri_or -all-info  ProgramVersion: 7.3.2  TimeStamp: 2026/03/08-21:22:10-GMT  BuildTime: Aug  4 2022 06:17:15  BuildStamp: freesurfer-linux-ubuntu22_x86_64-7.3.2-20220804-6354275  User: oesteban  Machine: dna079  Platform: Linux  PlatformVersion: 5.14.0-427.37.1.el9_4.x86_64  CompilerName: GCC  CompilerVersion: 8.4.0
ProgramName: mri_relabel_hypointensities  ProgramArguments: mri_relabel_hypointensities -all-info  ProgramVersion: 7.3.2  TimeStamp: 2026/03/08-21:22:10-GMT  BuildTime: Aug  4 2022 06:17:15  BuildStamp: freesurfer-linux-ubuntu22_x86_64-7.3.2-20220804-6354275  User: oesteban  Machine: dna079  Platform: Linux  PlatformVersion: 5.14.0-427.37.1.el9_4.x86_64  CompilerName: GCC  CompilerVersion: 8.4.0
ProgramName: mri_relabel_nonwm_hypos  ProgramArguments: mri_relabel_nonwm_hypos -all-info  ProgramVersion: 7.3.2  TimeStamp: 2026/03/08-21:22:10-GMT  BuildTime: Aug  4 2022 06:17:15  BuildStamp: freesurfer-linux-ubuntu22_x86_64-7.3.2-20220804-6354275  User: oesteban  Machine: dna079  Platform: Linux  PlatformVersion: 5.14.0-427.37.1.el9_4.x86_64  CompilerName: GCC  CompilerVersion: 8.4.0
ProgramName: mri_remove_neck  ProgramArguments: mri_remove_neck -all-info  ProgramVersion: 7.3.2  TimeStamp: 2026/03/08-21:22:10-GMT  BuildTime: Aug  4 2022 06:17:15  BuildStamp: freesurfer-linux-ubuntu22_x86_64-7.3.2-20220804-6354275  User: oesteban  Machine: dna079  Platform: Linux  PlatformVersion: 5.14.0-427.37.1.el9_4.x86_64  CompilerName: GCC  CompilerVersion: 8.4.0
7.3.2

ProgramName: mri_robust_register  ProgramArguments: mri_robust_register -all-info  ProgramVersion: 7.3.2  TimeStamp: 2026/03/08-21:22:10-GMT  BuildTime: Aug  4 2022 06:17:15  BuildStamp: freesurfer-linux-ubuntu22_x86_64-7.3.2-20220804-6354275  User: oesteban  Machine: dna079  Platform: Linux  PlatformVersion: 5.14.0-427.37.1.el9_4.x86_64  CompilerName: GCC  CompilerVersion: 8.4.0
7.3.2

ProgramName: mri_robust_template  ProgramArguments: mri_robust_template -all-info  ProgramVersion: 7.3.2  TimeStamp: 2026/03/08-21:22:10-GMT  BuildTime: Aug  4 2022 06:17:15  BuildStamp: freesurfer-linux-ubuntu22_x86_64-7.3.2-20220804-6354275  User: oesteban  Machine: dna079  Platform: Linux  PlatformVersion: 5.14.0-427.37.1.el9_4.x86_64  CompilerName: GCC  CompilerVersion: 8.4.0
ProgramName: mris_anatomical_stats  ProgramArguments: mris_anatomical_stats -all-info  ProgramVersion: 7.3.2  TimeStamp: 2026/03/08-21:22:10-GMT  BuildTime: Aug  4 2022 06:17:15  BuildStamp: freesurfer-linux-ubuntu22_x86_64-7.3.2-20220804-6354275  User: oesteban  Machine: dna079  Platform: Linux  PlatformVersion: 5.14.0-427.37.1.el9_4.x86_64  CompilerName: GCC  CompilerVersion: 8.4.0
ProgramName: mris_ca_label  ProgramArguments: mris_ca_label -all-info  ProgramVersion: 7.3.2  TimeStamp: 2026/03/08-21:22:10-GMT  BuildTime: Aug  4 2022 06:17:15  BuildStamp: freesurfer-linux-ubuntu22_x86_64-7.3.2-20220804-6354275  User: oesteban  Machine: dna079  Platform: Linux  PlatformVersion: 5.14.0-427.37.1.el9_4.x86_64  CompilerName: GCC  CompilerVersion: 8.4.0
ProgramName: mris_calc  ProgramArguments: mris_calc -all-info  ProgramVersion: 7.3.2  TimeStamp: 2026/03/08-21:22:10-GMT  BuildTime: Aug  4 2022 06:17:15  BuildStamp: freesurfer-linux-ubuntu22_x86_64-7.3.2-20220804-6354275  User: oesteban  Machine: dna079  Platform: Linux  PlatformVersion: 5.14.0-427.37.1.el9_4.x86_64  CompilerName: GCC  CompilerVersion: 8.4.0
ProgramName: mris_convert  ProgramArguments: mris_convert -all-info  ProgramVersion: 7.3.2  TimeStamp: 2026/03/08-21:22:10-GMT  BuildTime: Aug  4 2022 06:17:15  BuildStamp: freesurfer-linux-ubuntu22_x86_64-7.3.2-20220804-6354275  User: oesteban  Machine: dna079  Platform: Linux  PlatformVersion: 5.14.0-427.37.1.el9_4.x86_64  CompilerName: GCC  CompilerVersion: 8.4.0
ProgramName: mris_curvature  ProgramArguments: mris_curvature -all-info  ProgramVersion: 7.3.2  TimeStamp: 2026/03/08-21:22:10-GMT  BuildTime: Aug  4 2022 06:17:15  BuildStamp: freesurfer-linux-ubuntu22_x86_64-7.3.2-20220804-6354275  User: oesteban  Machine: dna079  Platform: Linux  PlatformVersion: 5.14.0-427.37.1.el9_4.x86_64  CompilerName: GCC  CompilerVersion: 8.4.0
ProgramName: mris_curvature_stats  ProgramArguments: mris_curvature_stats -all-info  ProgramVersion: 7.3.2  TimeStamp: 2026/03/08-21:22:10-GMT  BuildTime: Aug  4 2022 06:17:15  BuildStamp: freesurfer-linux-ubuntu22_x86_64-7.3.2-20220804-6354275  User: oesteban  Machine: dna079  Platform: Linux  PlatformVersion: 5.14.0-427.37.1.el9_4.x86_64  CompilerName: GCC  CompilerVersion: 8.4.0
ProgramName: mris_diff  ProgramArguments: mris_diff -all-info  ProgramVersion: 7.3.2  TimeStamp: 2026/03/08-21:22:10-GMT  BuildTime: Aug  4 2022 06:17:15  BuildStamp: freesurfer-linux-ubuntu22_x86_64-7.3.2-20220804-6354275  User: oesteban  Machine: dna079  Platform: Linux  PlatformVersion: 5.14.0-427.37.1.el9_4.x86_64  CompilerName: GCC  CompilerVersion: 8.4.0
ProgramName: mris_divide_parcellation  ProgramArguments: mris_divide_parcellation -all-info  ProgramVersion: 7.3.2  TimeStamp: 2026/03/08-21:22:10-GMT  BuildTime: Aug  4 2022 06:17:15  BuildStamp: freesurfer-linux-ubuntu22_x86_64-7.3.2-20220804-6354275  User: oesteban  Machine: dna079  Platform: Linux  PlatformVersion: 5.14.0-427.37.1.el9_4.x86_64  CompilerName: GCC  CompilerVersion: 8.4.0
ProgramName: mri_segment  ProgramArguments: mri_segment -all-info  ProgramVersion: 7.3.2  TimeStamp: 2026/03/08-21:22:10-GMT  BuildTime: Aug  4 2022 06:17:15  BuildStamp: freesurfer-linux-ubuntu22_x86_64-7.3.2-20220804-6354275  User: oesteban  Machine: dna079  Platform: Linux  PlatformVersion: 5.14.0-427.37.1.el9_4.x86_64  CompilerName: GCC  CompilerVersion: 8.4.0
ProgramName: mri_segstats  ProgramArguments: mri_segstats -all-info  ProgramVersion: 7.3.2  TimeStamp: 2026/03/08-21:22:10-GMT  BuildTime: Aug  4 2022 06:17:15  BuildStamp: freesurfer-linux-ubuntu22_x86_64-7.3.2-20220804-6354275  User: oesteban  Machine: dna079  Platform: Linux  PlatformVersion: 5.14.0-427.37.1.el9_4.x86_64  CompilerName: GCC  CompilerVersion: 8.4.0
ProgramName: mris_euler_number  ProgramArguments: mris_euler_number -all-info  ProgramVersion: 7.3.2  TimeStamp: 2026/03/08-21:22:10-GMT  BuildTime: Aug  4 2022 06:17:15  BuildStamp: freesurfer-linux-ubuntu22_x86_64-7.3.2-20220804-6354275  User: oesteban  Machine: dna079  Platform: Linux  PlatformVersion: 5.14.0-427.37.1.el9_4.x86_64  CompilerName: GCC  CompilerVersion: 8.4.0
ProgramName: mris_fix_topology  ProgramArguments: mris_fix_topology -all-info  ProgramVersion: 7.3.2  TimeStamp: 2026/03/08-21:22:10-GMT  BuildTime: Aug  4 2022 06:17:15  BuildStamp: freesurfer-linux-ubuntu22_x86_64-7.3.2-20220804-6354275  User: oesteban  Machine: dna079  Platform: Linux  PlatformVersion: 5.14.0-427.37.1.el9_4.x86_64  CompilerName: GCC  CompilerVersion: 8.4.0
ProgramName: mris_topo_fixer  ProgramArguments: mris_topo_fixer -all-info  ProgramVersion: 7.3.2  TimeStamp: 2026/03/08-21:22:10-GMT  BuildTime: Aug  4 2022 06:17:15  BuildStamp: freesurfer-linux-ubuntu22_x86_64-7.3.2-20220804-6354275  User: oesteban  Machine: dna079  Platform: Linux  PlatformVersion: 5.14.0-427.37.1.el9_4.x86_64  CompilerName: GCC  CompilerVersion: 8.4.0
ProgramName: mris_jacobian  ProgramArguments: mris_jacobian -all-info  ProgramVersion: 7.3.2  TimeStamp: 2026/03/08-21:22:10-GMT  BuildTime: Aug  4 2022 06:17:15  BuildStamp: freesurfer-linux-ubuntu22_x86_64-7.3.2-20220804-6354275  User: oesteban  Machine: dna079  Platform: Linux  PlatformVersion: 5.14.0-427.37.1.el9_4.x86_64  CompilerName: GCC  CompilerVersion: 8.4.0
ProgramName: mris_label2annot  ProgramArguments: mris_label2annot -all-info  ProgramVersion: 7.3.2  TimeStamp: 2026/03/08-21:22:10-GMT  BuildTime: Aug  4 2022 06:17:15  BuildStamp: freesurfer-linux-ubuntu22_x86_64-7.3.2-20220804-6354275  User: oesteban  Machine: dna079  Platform: Linux  PlatformVersion: 5.14.0-427.37.1.el9_4.x86_64  CompilerName: GCC  CompilerVersion: 8.4.0
ProgramName: mris_left_right_register  ProgramArguments: mris_left_right_register -all-info  ProgramVersion: 7.3.2  TimeStamp: 2026/03/08-21:22:10-GMT  BuildTime: Aug  4 2022 06:17:15  BuildStamp: freesurfer-linux-ubuntu22_x86_64-7.3.2-20220804-6354275  User: oesteban  Machine: dna079  Platform: Linux  PlatformVersion: 5.14.0-427.37.1.el9_4.x86_64  CompilerName: GCC  CompilerVersion: 8.4.0
ProgramName: mris_place_surface  ProgramArguments: mris_place_surface -all-info  ProgramVersion: 7.3.2  TimeStamp: 2026/03/08-21:22:10-GMT  BuildTime: Aug  4 2022 06:17:15  BuildStamp: freesurfer-linux-ubuntu22_x86_64-7.3.2-20220804-6354275  User: oesteban  Machine: dna079  Platform: Linux  PlatformVersion: 5.14.0-427.37.1.el9_4.x86_64  CompilerName: GCC  CompilerVersion: 8.4.0
ProgramName: mrisp_paint  ProgramArguments: mrisp_paint -all-info  ProgramVersion: 7.3.2  TimeStamp: 2026/03/08-21:22:10-GMT  BuildTime: Aug  4 2022 06:17:15  BuildStamp: freesurfer-linux-ubuntu22_x86_64-7.3.2-20220804-6354275  User: oesteban  Machine: dna079  Platform: Linux  PlatformVersion: 5.14.0-427.37.1.el9_4.x86_64  CompilerName: GCC  CompilerVersion: 8.4.0
ProgramName: mris_register  ProgramArguments: mris_register -all-info  ProgramVersion: 7.3.2  TimeStamp: 2026/03/08-21:22:10-GMT  BuildTime: Aug  4 2022 06:17:15  BuildStamp: freesurfer-linux-ubuntu22_x86_64-7.3.2-20220804-6354275  User: oesteban  Machine: dna079  Platform: Linux  PlatformVersion: 5.14.0-427.37.1.el9_4.x86_64  CompilerName: GCC  CompilerVersion: 8.4.0
ProgramName: mris_smooth  ProgramArguments: mris_smooth -all-info  ProgramVersion: 7.3.2  TimeStamp: 2026/03/08-21:22:10-GMT  BuildTime: Aug  4 2022 06:17:15  BuildStamp: freesurfer-linux-ubuntu22_x86_64-7.3.2-20220804-6354275  User: oesteban  Machine: dna079  Platform: Linux  PlatformVersion: 5.14.0-427.37.1.el9_4.x86_64  CompilerName: GCC  CompilerVersion: 8.4.0
ProgramName: mris_sphere  ProgramArguments: mris_sphere -all-info  ProgramVersion: 7.3.2  TimeStamp: 2026/03/08-21:22:10-GMT  BuildTime: Aug  4 2022 06:17:15  BuildStamp: freesurfer-linux-ubuntu22_x86_64-7.3.2-20220804-6354275  User: oesteban  Machine: dna079  Platform: Linux  PlatformVersion: 5.14.0-427.37.1.el9_4.x86_64  CompilerName: GCC  CompilerVersion: 8.4.0
ProgramName: mris_surface_stats  ProgramArguments: mris_surface_stats -all-info  ProgramVersion: 7.3.2  TimeStamp: 2026/03/08-21:22:10-GMT  BuildTime: Aug  4 2022 06:17:15  BuildStamp: freesurfer-linux-ubuntu22_x86_64-7.3.2-20220804-6354275  User: oesteban  Machine: dna079  Platform: Linux  PlatformVersion: 5.14.0-427.37.1.el9_4.x86_64  CompilerName: GCC  CompilerVersion: 8.4.0
ProgramName: mri_stats2seg  ProgramArguments: mri_stats2seg -all-info  ProgramVersion: 7.3.2  TimeStamp: 2026/03/08-21:22:10-GMT  BuildTime: Aug  4 2022 06:17:15  BuildStamp: freesurfer-linux-ubuntu22_x86_64-7.3.2-20220804-6354275  User: oesteban  Machine: dna079  Platform: Linux  PlatformVersion: 5.14.0-427.37.1.el9_4.x86_64  CompilerName: GCC  CompilerVersion: 8.4.0
ProgramName: mris_thickness  ProgramArguments: mris_thickness -all-info  ProgramVersion: 7.3.2  TimeStamp: 2026/03/08-21:22:10-GMT  BuildTime: Aug  4 2022 06:17:15  BuildStamp: freesurfer-linux-ubuntu22_x86_64-7.3.2-20220804-6354275  User: oesteban  Machine: dna079  Platform: Linux  PlatformVersion: 5.14.0-427.37.1.el9_4.x86_64  CompilerName: GCC  CompilerVersion: 8.4.0
ProgramName: mris_thickness_diff  ProgramArguments: mris_thickness_diff -all-info  ProgramVersion: 7.3.2  TimeStamp: 2026/03/08-21:22:10-GMT  BuildTime: Aug  4 2022 06:17:15  BuildStamp: freesurfer-linux-ubuntu22_x86_64-7.3.2-20220804-6354275  User: oesteban  Machine: dna079  Platform: Linux  PlatformVersion: 5.14.0-427.37.1.el9_4.x86_64  CompilerName: GCC  CompilerVersion: 8.4.0
ProgramName: mris_topo_fixer  ProgramArguments: mris_topo_fixer -all-info  ProgramVersion: 7.3.2  TimeStamp: 2026/03/08-21:22:10-GMT  BuildTime: Aug  4 2022 06:17:15  BuildStamp: freesurfer-linux-ubuntu22_x86_64-7.3.2-20220804-6354275  User: oesteban  Machine: dna079  Platform: Linux  PlatformVersion: 5.14.0-427.37.1.el9_4.x86_64  CompilerName: GCC  CompilerVersion: 8.4.0
ProgramName: mri_surf2surf  ProgramArguments: mri_surf2surf -all-info  ProgramVersion: 7.3.2  TimeStamp: 2026/03/08-21:22:10-GMT  BuildTime: Aug  4 2022 06:17:15  BuildStamp: freesurfer-linux-ubuntu22_x86_64-7.3.2-20220804-6354275  User: oesteban  Machine: dna079  Platform: Linux  PlatformVersion: 5.14.0-427.37.1.el9_4.x86_64  CompilerName: GCC  CompilerVersion: 8.4.0
ProgramName: mri_surf2vol  ProgramArguments: mri_surf2vol -all-info  ProgramVersion: 7.3.2  TimeStamp: 2026/03/08-21:22:10-GMT  BuildTime: Aug  4 2022 06:17:15  BuildStamp: freesurfer-linux-ubuntu22_x86_64-7.3.2-20220804-6354275  User: oesteban  Machine: dna079  Platform: Linux  PlatformVersion: 5.14.0-427.37.1.el9_4.x86_64  CompilerName: GCC  CompilerVersion: 8.4.0
ProgramName: mri_surfcluster  ProgramArguments: mri_surfcluster -all-info  ProgramVersion: 7.3.2  TimeStamp: 2026/03/08-21:22:10-GMT  BuildTime: Aug  4 2022 06:17:15  BuildStamp: freesurfer-linux-ubuntu22_x86_64-7.3.2-20220804-6354275  User: oesteban  Machine: dna079  Platform: Linux  PlatformVersion: 5.14.0-427.37.1.el9_4.x86_64  CompilerName: GCC  CompilerVersion: 8.4.0
ProgramName: mris_volmask  ProgramArguments: mris_volmask -all-info  ProgramVersion: 7.3.2  TimeStamp: 2026/03/08-21:22:10-GMT  BuildTime: Aug  4 2022 06:17:15  BuildStamp: freesurfer-linux-ubuntu22_x86_64-7.3.2-20220804-6354275  User: oesteban  Machine: dna079  Platform: Linux  PlatformVersion: 5.14.0-427.37.1.el9_4.x86_64  CompilerName: GCC  CompilerVersion: 8.4.0
ProgramName: mri_tessellate  ProgramArguments: mri_tessellate -all-info  ProgramVersion: 7.3.2  TimeStamp: 2026/03/08-21:22:10-GMT  BuildTime: Aug  4 2022 06:17:15  BuildStamp: freesurfer-linux-ubuntu22_x86_64-7.3.2-20220804-6354275  User: oesteban  Machine: dna079  Platform: Linux  PlatformVersion: 5.14.0-427.37.1.el9_4.x86_64  CompilerName: GCC  CompilerVersion: 8.4.0
ProgramName: mri_vol2surf  ProgramArguments: mri_vol2surf -all-info  ProgramVersion: 7.3.2  TimeStamp: 2026/03/08-21:22:10-GMT  BuildTime: Aug  4 2022 06:17:15  BuildStamp: freesurfer-linux-ubuntu22_x86_64-7.3.2-20220804-6354275  User: oesteban  Machine: dna079  Platform: Linux  PlatformVersion: 5.14.0-427.37.1.el9_4.x86_64  CompilerName: GCC  CompilerVersion: 8.4.0
ProgramName: mri_vol2vol  ProgramArguments: mri_vol2vol -all-info  ProgramVersion: 7.3.2  TimeStamp: 2026/03/08-21:22:10-GMT  BuildTime: Aug  4 2022 06:17:15  BuildStamp: freesurfer-linux-ubuntu22_x86_64-7.3.2-20220804-6354275  User: oesteban  Machine: dna079  Platform: Linux  PlatformVersion: 5.14.0-427.37.1.el9_4.x86_64  CompilerName: GCC  CompilerVersion: 8.4.0
ProgramName: mri_voldiff  ProgramArguments: mri_voldiff -all-info  ProgramVersion: 7.3.2  TimeStamp: 2026/03/08-21:22:10-GMT  BuildTime: Aug  4 2022 06:17:15  BuildStamp: freesurfer-linux-ubuntu22_x86_64-7.3.2-20220804-6354275  User: oesteban  Machine: dna079  Platform: Linux  PlatformVersion: 5.14.0-427.37.1.el9_4.x86_64  CompilerName: GCC  CompilerVersion: 8.4.0
ProgramName: mri_watershed  ProgramArguments: mri_watershed -all-info  ProgramVersion: 7.3.2  TimeStamp: 2026/03/08-21:22:10-GMT  BuildTime: Aug  4 2022 06:17:15  BuildStamp: freesurfer-linux-ubuntu22_x86_64-7.3.2-20220804-6354275  User: oesteban  Machine: dna079  Platform: Linux  PlatformVersion: 5.14.0-427.37.1.el9_4.x86_64  CompilerName: GCC  CompilerVersion: 8.4.0
ProgramName: tkregister2  ProgramArguments: tkregister2_cmdl -all-info  ProgramVersion: 7.3.2  TimeStamp: 2026/03/08-21:22:10-GMT  BuildTime: Aug  4 2022 06:17:15  BuildStamp: freesurfer-linux-ubuntu22_x86_64-7.3.2-20220804-6354275  User: oesteban  Machine: dna079  Platform: Linux  PlatformVersion: 5.14.0-427.37.1.el9_4.x86_64  CompilerName: GCC  CompilerVersion: 8.4.0
mri_motion_correct.fsl 7.3.2
mri_convert -all-info 
ProgramName: mri_convert  ProgramArguments: mri_convert -all-info  ProgramVersion: 7.3.2  TimeStamp: 2026/03/08-21:22:10-GMT  BuildTime: Aug  4 2022 06:17:15  BuildStamp: freesurfer-linux-ubuntu22_x86_64-7.3.2-20220804-6354275  User: oesteban  Machine: dna079  Platform: Linux  PlatformVersion: 5.14.0-427.37.1.el9_4.x86_64  CompilerName: GCC  CompilerVersion: 8.4.0
Program nu_correct, built from:
Package MNI N3, version 1.12.0, compiled by nicks@terrier (x86_64-unknown-linux-gnu) on 2015-06-19 at 01:25:34
#######################################
GCADIR /opt/freesurfer/average
GCA RB_all_2020-01-02.gca
GCASkull RB_all_withskull_2020_01_02.gca
AvgCurvTif folding.atlas.acfb40.noaparc.i12.2016-08-02.tif
GCSDIR /opt/freesurfer/average
GCS DKaparc.atlas.acfb40.noaparc.i12.2016-08-02.gcs
#######################################
#--------------------------------------------
#@# AutoDetGWStats rh Sun Mar  8 22:22:10 CET 2026
cd /out/sourcedata/freesurfer/sub-v1s14x0051582_ses-1/mri
mris_autodet_gwstats --o ../surf/autodet.gw.stats.rh.dat --i brain.finalsurfs.mgz --wm wm.mgz --surf ../surf/rh.orig.premesh
  Update not needed
#--------------------------------------------
#@# WhitePreAparc rh Sun Mar  8 22:22:10 CET 2026
cd /out/sourcedata/freesurfer/sub-v1s14x0051582_ses-1/mri
mris_place_surface --adgws-in ../surf/autodet.gw.stats.rh.dat --wm wm.mgz --threads 16 --invol brain.finalsurfs.mgz --rh --i ../surf/rh.orig --o ../surf/rh.white.preaparc --white --seg aseg.presurf.mgz --nsmooth 5
   Update not needed
#--------------------------------------------
#@# CortexLabel rh Sun Mar  8 22:22:10 CET 2026
cd /out/sourcedata/freesurfer/sub-v1s14x0051582_ses-1/mri
mri_label2label --label-cortex ../surf/rh.white.preaparc aseg.presurf.mgz 0 ../label/rh.cortex.label
   Update not needed
#--------------------------------------------
#@# CortexLabel+HipAmyg rh Sun Mar  8 22:22:10 CET 2026
cd /out/sourcedata/freesurfer/sub-v1s14x0051582_ses-1/mri
mri_label2label --label-cortex ../surf/rh.white.preaparc aseg.presurf.mgz 1 ../label/rh.cortex+hipamyg.label
   Update not needed
#@# white curv rh Sun Mar  8 22:22:10 CET 2026
cd /out/sourcedata/freesurfer/sub-v1s14x0051582_ses-1/mri
mris_place_surface --curv-map ../surf/rh.white 2 10 ../surf/rh.curv
   Update not needed
#@# white area rh Sun Mar  8 22:22:10 CET 2026
cd /out/sourcedata/freesurfer/sub-v1s14x0051582_ses-1/mri
mris_place_surface --area-map ../surf/rh.white ../surf/rh.area
   Update not needed
#@# pial curv rh Sun Mar  8 22:22:10 CET 2026
cd /out/sourcedata/freesurfer/sub-v1s14x0051582_ses-1/mri
mris_place_surface --curv-map ../surf/rh.pial 2 10 ../surf/rh.curv.pial
   Update not needed
#@# pial area rh Sun Mar  8 22:22:10 CET 2026
cd /out/sourcedata/freesurfer/sub-v1s14x0051582_ses-1/mri
mris_place_surface --area-map ../surf/rh.pial ../surf/rh.area.pial
   Update not needed
#@# thickness rh Sun Mar  8 22:22:10 CET 2026
cd /out/sourcedata/freesurfer/sub-v1s14x0051582_ses-1/mri
mris_place_surface --thickness ../surf/rh.white ../surf/rh.pial 20 5 ../surf/rh.thickness
   Update not needed
#@# area and vertex vol rh Sun Mar  8 22:22:10 CET 2026
cd /out/sourcedata/freesurfer/sub-v1s14x0051582_ses-1/mri
mris_place_surface --thickness ../surf/rh.white ../surf/rh.pial 20 5 ../surf/rh.thickness
   Update not needed
#-----------------------------------------
#@# Parcellation Stats rh Sun Mar  8 22:22:10 CET 2026
/out/sourcedata/freesurfer/sub-v1s14x0051582_ses-1/scripts

 mris_anatomical_stats -th3 -mgz -noglobal -cortex ../label/rh.cortex.label -f ../stats/rh.aparc.stats -b -a ../label/rh.aparc.annot -c ../label/aparc.annot.ctab sub-v1s14x0051582_ses-1 rh white 

computing statistics for each annotation in ../label/rh.aparc.annot.
reading volume /out/sourcedata/freesurfer/sub-v1s14x0051582_ses-1/mri/wm.mgz...
reading input surface /out/sourcedata/freesurfer/sub-v1s14x0051582_ses-1/surf/rh.white...
reading input pial surface /out/sourcedata/freesurfer/sub-v1s14x0051582_ses-1/surf/rh.pial...
reading input white surface /out/sourcedata/freesurfer/sub-v1s14x0051582_ses-1/surf/rh.white...
INFO: using TH3 volume calc
INFO: assuming MGZ format for volumes.
INFO: not computing global stats
INFO: using ../label/rh.cortex.label as mask to calc cortex NumVert, SurfArea and MeanThickness.
Using TH3 vertex volume calc
Total face volume 233244
Total vertex volume 233048 (mask=0)
Saving annotation colortable ../label/aparc.annot.ctab

table columns are:
    number of vertices
    total surface area (mm^2)
    total gray matter volume (mm^3)
    average cortical thickness +- standard deviation (mm)
    integrated rectified mean curvature
    integrated rectified Gaussian curvature
    folding index
    intrinsic curvature index
    structure name

 1433    956   2092  2.270 0.430     0.076     0.011        6     0.7  bankssts
 1396    924   1954  1.884 0.695     0.100     0.012       14     0.7  caudalanteriorcingulate
 3132   1969   4839  2.247 0.514     0.097     0.016       22     2.2  caudalmiddlefrontal
 2411   1536   2390  1.496 0.450     0.118     0.022       23     2.4  cuneus
  554    370   1575  2.947 0.952     0.112     0.041        6     0.8  entorhinal
 4461   3086   7177  2.340 0.801     0.121     0.031       45     5.5  fusiform
 9251   6182  14758  2.156 0.655     0.113     0.022       85     8.5  inferiorparietal
 4792   3305  10180  2.584 0.817     0.124     0.034       53     6.4  inferiortemporal
 1443   1060   2101  1.829 0.646     0.139     0.034       19     2.0  isthmuscingulate
 8768   5668  10343  1.718 0.602     0.132     0.032      112    12.1  lateraloccipital
 4849   3307   8468  2.404 0.720     0.139     0.037       72     7.5  lateralorbitofrontal
 5383   3789   6426  1.595 0.615     0.128     0.025       59     6.1  lingual
 3646   2543   5954  2.150 0.674     0.132     0.033       52     5.3  medialorbitofrontal
 5449   3889  12842  2.682 0.712     0.114     0.020       52     4.9  middletemporal
 1181    736   2348  2.678 0.859     0.068     0.015        6     0.6  parahippocampal
 3227   1793   4173  2.276 0.649     0.094     0.019       21     2.5  paracentral
 2587   1691   4305  2.403 0.670     0.106     0.019       22     1.8  parsopercularis
 1676   1105   3317  2.402 0.848     0.121     0.031       18     2.3  parsorbitalis
 3419   2345   5957  2.268 0.598     0.119     0.022       30     3.3  parstriangularis
 2373   1577   2241  1.504 0.467     0.119     0.024       21     2.5  pericalcarine
 7136   4417   8663  1.836 0.694     0.094     0.018       50     5.5  postcentral
 2571   1742   4064  2.175 0.801     0.112     0.021       25     2.2  posteriorcingulate
 8781   5365  12744  2.255 0.703     0.106     0.020       71     7.9  precentral
 6110   4193   8225  2.012 0.518     0.127     0.026       58     6.7  precuneus
  965    707   1812  2.303 0.585     0.131     0.031       12     1.2  rostralanteriorcingulate
 9463   6421  15823  2.210 0.642     0.120     0.024       94     9.4  rostralmiddlefrontal
13441   8761  24738  2.546 0.566     0.112     0.022      109    12.5  superiorfrontal
 9092   5378  10783  1.914 0.546     0.102     0.020       76     7.4  superiorparietal
 6293   4132  12258  2.597 0.721     0.102     0.018       45     4.5  superiortemporal
 6181   4108  10103  2.235 0.640     0.115     0.022       55     5.7  supramarginal
  582    356   1083  2.329 0.749     0.143     0.048        8     1.4  frontalpole
  543    434   2509  4.004 0.634     0.152     0.041        7     0.8  temporalpole
  627    430    677  1.520 0.311     0.132     0.033        7     0.8  transversetemporal
 3527   2374   6127  2.689 0.655     0.118     0.027       31     3.4  insula

 mris_anatomical_stats -th3 -mgz -noglobal -cortex ../label/rh.cortex.label -f ../stats/rh.aparc.pial.stats -b -a ../label/rh.aparc.annot -c ../label/aparc.annot.ctab sub-v1s14x0051582_ses-1 rh pial 

computing statistics for each annotation in ../label/rh.aparc.annot.
reading volume /out/sourcedata/freesurfer/sub-v1s14x0051582_ses-1/mri/wm.mgz...
reading input surface /out/sourcedata/freesurfer/sub-v1s14x0051582_ses-1/surf/rh.pial...
reading input pial surface /out/sourcedata/freesurfer/sub-v1s14x0051582_ses-1/surf/rh.pial...
reading input white surface /out/sourcedata/freesurfer/sub-v1s14x0051582_ses-1/surf/rh.white...
INFO: using TH3 volume calc
INFO: assuming MGZ format for volumes.
INFO: not computing global stats
INFO: using ../label/rh.cortex.label as mask to calc cortex NumVert, SurfArea and MeanThickness.
Using TH3 vertex volume calc
Total face volume 233244
Total vertex volume 233048 (mask=0)
Saving annotation colortable ../label/aparc.annot.ctab

table columns are:
    number of vertices
    total surface area (mm^2)
    total gray matter volume (mm^3)
    average cortical thickness +- standard deviation (mm)
    integrated rectified mean curvature
    integrated rectified Gaussian curvature
    folding index
    intrinsic curvature index
    structure name

 1433    934   2092  2.270 0.430     0.098     0.026       41     1.3  bankssts
 1396   1105   1954  1.884 0.695     0.125     0.029       34     1.6  caudalanteriorcingulate
 3132   2258   4839  2.247 0.514     0.099     0.017       37     2.1  caudalmiddlefrontal
 2411   1859   2390  1.496 0.450     0.121     0.029       26     2.9  cuneus
  554    718   1575  2.947 0.952     0.256     0.072       13     2.1  entorhinal
 4461   3186   7177  2.340 0.801     0.112     0.030      388     4.8  fusiform
 9251   7283  14758  2.156 0.655     0.118     0.025      157    10.0  inferiorparietal
 4792   4178  10180  2.584 0.817     0.138     0.036      167     7.4  inferiortemporal
 1443   1284   2101  1.829 0.646     0.154     0.046       50     2.5  isthmuscingulate
 8768   6700  10343  1.718 0.602     0.123     0.030      311    10.6  lateraloccipital
 4849   3969   8468  2.404 0.720     0.177     0.060      185    13.0  lateralorbitofrontal
 5383   4437   6426  1.595 0.615     0.128     0.030       91     7.0  lingual
 3646   3099   5954  2.150 0.674     0.158     0.045       98     6.7  medialorbitofrontal
 5449   5488  12842  2.682 0.712     0.141     0.046      274     6.4  middletemporal
 1181    995   2348  2.678 0.859     0.156     0.329      -12     1.9  parahippocampal
 3227   1954   4173  2.276 0.649     0.089     0.017       35     2.2  paracentral
 2587   1933   4305  2.403 0.670     0.119     0.027       74     2.8  parsopercularis
 1676   1552   3317  2.402 0.848     0.139     0.033       33     2.4  parsorbitalis
 3419   2838   5957  2.268 0.598     0.127     0.026       42     3.8  parstriangularis
 2373   1486   2241  1.504 0.467     0.114     0.029       70     2.5  pericalcarine
 7136   5233   8663  1.836 0.694     0.105     0.021       64     6.3  postcentral
 2571   1929   4064  2.175 0.801     0.125     0.033       95     3.2  posteriorcingulate
 8781   6000  12744  2.255 0.703     0.096     0.019       98     6.7  precentral
 6110   4255   8225  2.012 0.518     0.116     0.026       86     6.3  precuneus
  965    901   1812  2.303 0.585     0.174     0.050       38     1.8  rostralanteriorcingulate
 9463   7615  15823  2.210 0.642     0.132     0.027      190    10.6  rostralmiddlefrontal
13441  10460  24738  2.546 0.566     0.124     0.026      253    13.5  superiorfrontal
 9092   6130  10783  1.914 0.546     0.100     0.158       17     7.0  superiorparietal
 6293   5187  12258  2.597 0.721     0.134     0.034      105     8.5  superiortemporal
 6181   4745  10103  2.235 0.640     0.120     0.027       97     6.8  supramarginal
  582    596   1083  2.329 0.749     0.134     0.024        4     0.6  frontalpole
  543    836   2509  4.004 0.634     0.247     0.063       23     1.8  temporalpole
  627    527    677  1.520 0.311     0.171     0.052       36     1.2  transversetemporal
 3527   2267   6127  2.689 0.655     0.164     0.055      126     8.0  insula
#-----------------------------------------
#@# Parcellation Stats 2 rh Sun Mar  8 22:22:28 CET 2026
/out/sourcedata/freesurfer/sub-v1s14x0051582_ses-1/scripts

 mris_anatomical_stats -th3 -mgz -noglobal -cortex ../label/rh.cortex.label -f ../stats/rh.aparc.a2009s.stats -b -a ../label/rh.aparc.a2009s.annot -c ../label/aparc.annot.a2009s.ctab sub-v1s14x0051582_ses-1 rh white 

computing statistics for each annotation in ../label/rh.aparc.a2009s.annot.
reading volume /out/sourcedata/freesurfer/sub-v1s14x0051582_ses-1/mri/wm.mgz...
reading input surface /out/sourcedata/freesurfer/sub-v1s14x0051582_ses-1/surf/rh.white...
reading input pial surface /out/sourcedata/freesurfer/sub-v1s14x0051582_ses-1/surf/rh.pial...
reading input white surface /out/sourcedata/freesurfer/sub-v1s14x0051582_ses-1/surf/rh.white...
INFO: using TH3 volume calc
INFO: assuming MGZ format for volumes.
INFO: not computing global stats
INFO: using ../label/rh.cortex.label as mask to calc cortex NumVert, SurfArea and MeanThickness.
Using TH3 vertex volume calc
Total face volume 233244
Total vertex volume 233048 (mask=0)
Saving annotation colortable ../label/aparc.annot.a2009s.ctab

table columns are:
    number of vertices
    total surface area (mm^2)
    total gray matter volume (mm^3)
    average cortical thickness +- standard deviation (mm)
    integrated rectified mean curvature
    integrated rectified Gaussian curvature
    folding index
    intrinsic curvature index
    structure name

 1153    750   1629  1.922 0.641     0.124     0.034       13     1.7  G_and_S_frontomargin
 1599   1078   2560  2.026 0.650     0.119     0.024       16     1.6  G_and_S_occipital_inf
 1875    993   2266  2.137 0.647     0.101     0.024       14     2.0  G_and_S_paracentral
 1795   1188   3254  2.519 0.497     0.124     0.028       17     2.2  G_and_S_subcentral
 1490    975   2903  2.469 0.660     0.139     0.041       21     2.6  G_and_S_transv_frontopol
 3823   2679   6724  2.402 0.519     0.116     0.024       32     3.9  G_and_S_cingul-Ant
 1978   1318   3171  2.336 0.500     0.112     0.019       16     1.6  G_and_S_cingul-Mid-Ant
 2104   1400   3307  2.315 0.584     0.108     0.019       15     1.8  G_and_S_cingul-Mid-Post
  704    525   1509  2.470 0.797     0.153     0.042       10     1.2  G_cingul-Post-dorsal
  344    240    740  2.323 0.656     0.154     0.039        5     0.6  G_cingul-Post-ventral
 2344   1491   2444  1.522 0.507     0.123     0.025       23     2.6  G_cuneus
 1741   1160   3642  2.561 0.532     0.110     0.020       17     1.3  G_front_inf-Opercular
  682    473   1934  2.847 0.741     0.111     0.022        7     0.6  G_front_inf-Orbital
 1676   1139   3074  2.274 0.575     0.129     0.027       18     1.9  G_front_inf-Triangul
 3789   2554   8285  2.468 0.597     0.124     0.024       44     3.8  G_front_middle
 8170   5145  17223  2.720 0.576     0.113     0.021       76     7.2  G_front_sup
  656    455   1250  2.463 0.637     0.145     0.036       10     0.9  G_Ins_lg_and_S_cent_ins
  693    464   1744  2.993 0.770     0.114     0.027        7     0.6  G_insular_short
 2979   1934   5103  2.200 0.757     0.134     0.032       41     4.0  G_occipital_middle
 1779   1019   1942  1.748 0.544     0.106     0.024       16     1.7  G_occipital_sup
 2064   1443   3851  2.379 0.969     0.130     0.038       26     3.2  G_oc-temp_lat-fusifor
 3405   2397   4143  1.584 0.627     0.132     0.028       40     4.4  G_oc-temp_med-Lingual
 1360    872   3302  2.855 0.920     0.100     0.033       13     1.6  G_oc-temp_med-Parahip
 3401   2335   7512  2.501 0.863     0.147     0.047       63     6.8  G_orbital
 3223   2171   6900  2.384 0.811     0.125     0.027       38     3.5  G_pariet_inf-Angular
 3147   2124   6606  2.518 0.633     0.117     0.021       32     2.7  G_pariet_inf-Supramar
 3125   1709   4064  2.028 0.563     0.098     0.021       30     2.6  G_parietal_sup
 2517   1450   3194  1.838 0.696     0.098     0.021       23     2.3  G_postcentral
 3480   1958   6074  2.531 0.758     0.110     0.024       34     3.9  G_precentral
 2633   1758   4196  2.074 0.579     0.129     0.029       28     3.2  G_precuneus
  889    687   1819  2.043 0.788     0.153     0.050       16     2.0  G_rectus
  594    377    781  2.214 0.816     0.130     0.055       10     1.4  G_subcallosal
  500    338    647  1.632 0.456     0.126     0.037        5     0.8  G_temp_sup-G_T_transv
 2121   1388   5863  3.053 0.641     0.109     0.021       19     1.7  G_temp_sup-Lateral
  724    495   1639  3.192 0.927     0.077     0.014        2     0.4  G_temp_sup-Plan_polar
 1103    714   1661  2.152 0.497     0.088     0.016        7     0.7  G_temp_sup-Plan_tempo
 2747   1923   6977  2.669 0.886     0.141     0.043       42     4.7  G_temporal_inf
 3107   2266   8733  2.905 0.649     0.121     0.022       35     3.1  G_temporal_middle
  583    380    652  2.026 0.375     0.099     0.017        3     0.4  Lat_Fis-ant-Horizont
  252    176    361  2.457 0.668     0.141     0.021        3     0.2  Lat_Fis-ant-Vertical
 1553   1048   1591  1.944 0.480     0.132     0.029       15     1.8  Lat_Fis-post
 4146   2655   4630  1.565 0.638     0.135     0.036       60     6.8  Pole_occipital
 1591   1252   5924  3.340 0.820     0.151     0.039       22     2.7  Pole_temporal
 2305   1579   2115  1.528 0.421     0.113     0.019       18     1.9  S_calcarine
 3438   2221   3266  1.660 0.629     0.098     0.017       23     2.2  S_central
 1733   1138   2103  1.977 0.392     0.091     0.014        9     0.9  S_cingul-Marginalis
  588    396    977  3.114 0.364     0.107     0.024        3     0.6  S_circular_insula_ant
 1311    849   1691  2.400 0.559     0.079     0.011        5     0.5  S_circular_insula_inf
 1633   1062   2376  2.771 0.478     0.102     0.017        8     1.2  S_circular_insula_sup
  824    573   1279  2.601 0.845     0.118     0.037        7     1.0  S_collat_transv_ant
  408    265    345  1.680 0.356     0.139     0.033        4     0.5  S_collat_transv_post
 2461   1606   2768  1.851 0.400     0.092     0.014       16     1.4  S_front_inf
 2373   1630   3578  2.145 0.491     0.123     0.025       20     2.5  S_front_middle
 3692   2422   4931  2.219 0.487     0.103     0.019       22     2.9  S_front_sup
  270    185    396  2.245 0.459     0.107     0.021        2     0.2  S_interm_prim-Jensen
 3975   2529   4535  1.920 0.515     0.108     0.018       32     3.2  S_intrapariet_and_P_trans
 1057    710    872  1.452 0.312     0.117     0.019       10     0.9  S_oc_middle_and_Lunatus
 1578   1046   1657  1.750 0.410     0.110     0.021       11     1.4  S_oc_sup_and_transversal
 1283    846   1597  1.940 0.460     0.120     0.020       12     1.0  S_occipital_ant
  938    635   1246  2.259 0.458     0.095     0.018        5     0.7  S_oc-temp_lat
 2580   1730   2958  2.033 0.520     0.095     0.012       17     1.3  S_oc-temp_med_and_Lingual
  760    518    807  1.793 0.393     0.117     0.018        6     0.7  S_orbital_lateral
  803    535   1038  2.122 0.500     0.109     0.019        9     0.6  S_orbital_med-olfact
 1776   1209   2806  2.391 0.610     0.129     0.025       18     1.9  S_orbital-H_Shaped
 2219   1508   2395  1.900 0.572     0.124     0.023       19     2.2  S_parieto_occipital
 1949   1231   1313  1.323 0.344     0.101     0.015       24     1.2  S_pericallosal
 3112   2024   2890  1.655 0.422     0.105     0.019       22     2.5  S_postcentral
 1997   1282   2148  1.924 0.429     0.093     0.015       12     1.2  S_precentral-inf-part
 1452    901   1729  2.138 0.460     0.082     0.011        6     0.7  S_precentral-sup-part
  400    287    555  2.199 0.762     0.143     0.022        4     0.5  S_suborbital
 1383    991   1674  1.904 0.411     0.141     0.030       15     1.7  S_subparietal
 1323    882   1583  2.142 0.407     0.104     0.018        8     1.0  S_temporal_inf
 7061   4690   9187  2.178 0.471     0.092     0.014       37     4.2  S_temporal_sup
  422    273    407  1.700 0.368     0.121     0.015        4     0.3  S_temporal_transverse
#-----------------------------------------
#@# Parcellation Stats 3 rh Sun Mar  8 22:22:37 CET 2026
/out/sourcedata/freesurfer/sub-v1s14x0051582_ses-1/scripts

 mris_anatomical_stats -th3 -mgz -noglobal -cortex ../label/rh.cortex.label -f ../stats/rh.aparc.DKTatlas.stats -b -a ../label/rh.aparc.DKTatlas.annot -c ../label/aparc.annot.DKTatlas.ctab sub-v1s14x0051582_ses-1 rh white 

computing statistics for each annotation in ../label/rh.aparc.DKTatlas.annot.
reading volume /out/sourcedata/freesurfer/sub-v1s14x0051582_ses-1/mri/wm.mgz...
reading input surface /out/sourcedata/freesurfer/sub-v1s14x0051582_ses-1/surf/rh.white...
reading input pial surface /out/sourcedata/freesurfer/sub-v1s14x0051582_ses-1/surf/rh.pial...
reading input white surface /out/sourcedata/freesurfer/sub-v1s14x0051582_ses-1/surf/rh.white...
INFO: using TH3 volume calc
INFO: assuming MGZ format for volumes.
INFO: not computing global stats
INFO: using ../label/rh.cortex.label as mask to calc cortex NumVert, SurfArea and MeanThickness.
Using TH3 vertex volume calc
Total face volume 233244
Total vertex volume 233048 (mask=0)
Saving annotation colortable ../label/aparc.annot.DKTatlas.ctab

table columns are:
    number of vertices
    total surface area (mm^2)
    total gray matter volume (mm^3)
    average cortical thickness +- standard deviation (mm)
    integrated rectified mean curvature
    integrated rectified Gaussian curvature
    folding index
    intrinsic curvature index
    structure name

 1573   1042   2233  1.909 0.684     0.105     0.013       17     0.9  caudalanteriorcingulate
 3344   2108   5055  2.224 0.525     0.104     0.019       28     2.8  caudalmiddlefrontal
 2988   1899   2887  1.481 0.456     0.117     0.022       28     2.9  cuneus
  479    320   1453  3.044 0.878     0.109     0.042        5     0.7  entorhinal
 4125   2843   6359  2.310 0.799     0.119     0.030       40     4.9  fusiform
 9031   6038  14445  2.163 0.658     0.114     0.022       84     8.4  inferiorparietal
 5142   3587  11448  2.613 0.825     0.127     0.035       58     7.2  inferiortemporal
 1427   1051   2080  1.830 0.641     0.137     0.034       18     1.9  isthmuscingulate
 8747   5652  10038  1.693 0.584     0.131     0.032      112    12.0  lateraloccipital
 5336   3600   9509  2.387 0.743     0.135     0.037       78     8.5  lateralorbitofrontal
 5341   3750   6394  1.601 0.623     0.127     0.024       58     6.0  lingual
 2715   1918   4762  2.186 0.738     0.134     0.037       41     4.4  medialorbitofrontal
 6717   4701  14482  2.587 0.697     0.107     0.018       57     5.5  middletemporal
 1293    812   2477  2.617 0.871     0.073     0.016        7     0.7  parahippocampal
 3329   1852   4382  2.304 0.664     0.093     0.018       22     2.4  paracentral
 3142   2067   5043  2.330 0.670     0.111     0.020       28     2.6  parsopercularis
 1417    935   2832  2.470 0.748     0.131     0.035       17     2.2  parsorbitalis
 3255   2222   5560  2.228 0.621     0.113     0.021       26     2.7  parstriangularis
 2297   1529   2163  1.504 0.440     0.119     0.024       20     2.5  pericalcarine
 7784   4825   9467  1.830 0.685     0.097     0.019       57     6.1  postcentral
 2687   1805   4218  2.185 0.780     0.113     0.022       26     2.5  posteriorcingulate
 8508   5178  12375  2.264 0.695     0.105     0.020       65     7.4  precentral
 6228   4235   8483  2.026 0.517     0.126     0.026       60     6.7  precuneus
 1333    942   2239  2.265 0.592     0.129     0.029       16     1.5  rostralanteriorcingulate
 6644   4540  11270  2.212 0.637     0.122     0.022       66     6.3  rostralmiddlefrontal
16588  10908  29931  2.479 0.593     0.114     0.023      142    16.2  superiorfrontal
 7694   4536   9262  1.941 0.538     0.102     0.020       64     6.3  superiorparietal
 7750   5186  16047  2.667 0.787     0.105     0.020       59     6.1  superiortemporal
 5914   3921   9681  2.251 0.637     0.113     0.021       52     5.3  supramarginal
  625    433    695  1.518 0.310     0.126     0.032        6     0.8  transversetemporal
 3290   2214   5779  2.713 0.655     0.117     0.026       29     3.1  insula
/out/sourcedata/freesurfer/sub-v1s14x0051582_ses-1/label
#--------------------------------------------
#@# BA_exvivo Labels rh Sun Mar  8 22:22:46 CET 2026

 mri_label2label --srcsubject fsaverage --srclabel /out/sourcedata/freesurfer/fsaverage/label/rh.BA1_exvivo.label --trgsubject sub-v1s14x0051582_ses-1 --trglabel ./rh.BA1_exvivo.label --hemi rh --regmethod surface 


srclabel = /out/sourcedata/freesurfer/fsaverage/label/rh.BA1_exvivo.label
srcsubject = fsaverage
trgsubject = sub-v1s14x0051582_ses-1
trglabel = ./rh.BA1_exvivo.label
regmethod = surface

srchemi = rh
trghemi = rh
trgsurface = white
srcsurfreg = sphere.reg
trgsurfreg = sphere.reg
usehash = 1
Use ProjAbs  = 0, 0
Use ProjFrac = 0, 0
DoPaint 0

SUBJECTS_DIR    /out/sourcedata/freesurfer
FREESURFER_HOME /opt/freesurfer
Loading source label.
Found 3962 points in source label.
Starting surface-based mapping
Reading source registration 
 /out/sourcedata/freesurfer/fsaverage/surf/rh.sphere.reg
Rescaling ...  original radius = 100
Reading target surface 
 /out/sourcedata/freesurfer/sub-v1s14x0051582_ses-1/surf/rh.white
Reading target registration 
 /out/sourcedata/freesurfer/sub-v1s14x0051582_ses-1/surf/rh.sphere.reg
Rescaling ...  original radius = 100
Building target registration hash (res=16).
Building source registration hash (res=16).
INFO: found  3962 nlabel points
Performing mapping from target back to the source label 155668
Number of reverse mapping hits = 278
Checking for and removing duplicates
Writing label file ./rh.BA1_exvivo.label 4240
mri_label2label: Done


 mri_label2label --srcsubject fsaverage --srclabel /out/sourcedata/freesurfer/fsaverage/label/rh.BA2_exvivo.label --trgsubject sub-v1s14x0051582_ses-1 --trglabel ./rh.BA2_exvivo.label --hemi rh --regmethod surface 


srclabel = /out/sourcedata/freesurfer/fsaverage/label/rh.BA2_exvivo.label
srcsubject = fsaverage
trgsubject = sub-v1s14x0051582_ses-1
trglabel = ./rh.BA2_exvivo.label
regmethod = surface

srchemi = rh
trghemi = rh
trgsurface = white
srcsurfreg = sphere.reg
trgsurfreg = sphere.reg
usehash = 1
Use ProjAbs  = 0, 0
Use ProjFrac = 0, 0
DoPaint 0

SUBJECTS_DIR    /out/sourcedata/freesurfer
FREESURFER_HOME /opt/freesurfer
Loading source label.
Found 6687 points in source label.
Starting surface-based mapping
Reading source registration 
 /out/sourcedata/freesurfer/fsaverage/surf/rh.sphere.reg
Rescaling ...  original radius = 100
Reading target surface 
 /out/sourcedata/freesurfer/sub-v1s14x0051582_ses-1/surf/rh.white
Reading target registration 
 /out/sourcedata/freesurfer/sub-v1s14x0051582_ses-1/surf/rh.sphere.reg
Rescaling ...  original radius = 100
Building target registration hash (res=16).
Building source registration hash (res=16).
INFO: found  6687 nlabel points
Performing mapping from target back to the source label 155668
Number of reverse mapping hits = 345
Checking for and removing duplicates
Writing label file ./rh.BA2_exvivo.label 7032
mri_label2label: Done


 mri_label2label --srcsubject fsaverage --srclabel /out/sourcedata/freesurfer/fsaverage/label/rh.BA3a_exvivo.label --trgsubject sub-v1s14x0051582_ses-1 --trglabel ./rh.BA3a_exvivo.label --hemi rh --regmethod surface 


srclabel = /out/sourcedata/freesurfer/fsaverage/label/rh.BA3a_exvivo.label
srcsubject = fsaverage
trgsubject = sub-v1s14x0051582_ses-1
trglabel = ./rh.BA3a_exvivo.label
regmethod = surface

srchemi = rh
trghemi = rh
trgsurface = white
srcsurfreg = sphere.reg
trgsurfreg = sphere.reg
usehash = 1
Use ProjAbs  = 0, 0
Use ProjFrac = 0, 0
DoPaint 0

SUBJECTS_DIR    /out/sourcedata/freesurfer
FREESURFER_HOME /opt/freesurfer
Loading source label.
Found 3980 points in source label.
Starting surface-based mapping
Reading source registration 
 /out/sourcedata/freesurfer/fsaverage/surf/rh.sphere.reg
Rescaling ...  original radius = 100
Reading target surface 
 /out/sourcedata/freesurfer/sub-v1s14x0051582_ses-1/surf/rh.white
Reading target registration 
 /out/sourcedata/freesurfer/sub-v1s14x0051582_ses-1/surf/rh.sphere.reg
Rescaling ...  original radius = 100
Building target registration hash (res=16).
Building source registration hash (res=16).
INFO: found  3980 nlabel points
Performing mapping from target back to the source label 155668
Number of reverse mapping hits = 98
Checking for and removing duplicates
Writing label file ./rh.BA3a_exvivo.label 4078
mri_label2label: Done


 mri_label2label --srcsubject fsaverage --srclabel /out/sourcedata/freesurfer/fsaverage/label/rh.BA3b_exvivo.label --trgsubject sub-v1s14x0051582_ses-1 --trglabel ./rh.BA3b_exvivo.label --hemi rh --regmethod surface 


srclabel = /out/sourcedata/freesurfer/fsaverage/label/rh.BA3b_exvivo.label
srcsubject = fsaverage
trgsubject = sub-v1s14x0051582_ses-1
trglabel = ./rh.BA3b_exvivo.label
regmethod = surface

srchemi = rh
trghemi = rh
trgsurface = white
srcsurfreg = sphere.reg
trgsurfreg = sphere.reg
usehash = 1
Use ProjAbs  = 0, 0
Use ProjFrac = 0, 0
DoPaint 0

SUBJECTS_DIR    /out/sourcedata/freesurfer
FREESURFER_HOME /opt/freesurfer
Loading source label.
Found 4522 points in source label.
Starting surface-based mapping
Reading source registration 
 /out/sourcedata/freesurfer/fsaverage/surf/rh.sphere.reg
Rescaling ...  original radius = 100
Reading target surface 
 /out/sourcedata/freesurfer/sub-v1s14x0051582_ses-1/surf/rh.white
Reading target registration 
 /out/sourcedata/freesurfer/sub-v1s14x0051582_ses-1/surf/rh.sphere.reg
Rescaling ...  original radius = 100
Building target registration hash (res=16).
Building source registration hash (res=16).
INFO: found  4522 nlabel points
Performing mapping from target back to the source label 155668
Number of reverse mapping hits = 159
Checking for and removing duplicates
Writing label file ./rh.BA3b_exvivo.label 4681
mri_label2label: Done


 mri_label2label --srcsubject fsaverage --srclabel /out/sourcedata/freesurfer/fsaverage/label/rh.BA4a_exvivo.label --trgsubject sub-v1s14x0051582_ses-1 --trglabel ./rh.BA4a_exvivo.label --hemi rh --regmethod surface 


srclabel = /out/sourcedata/freesurfer/fsaverage/label/rh.BA4a_exvivo.label
srcsubject = fsaverage
trgsubject = sub-v1s14x0051582_ses-1
trglabel = ./rh.BA4a_exvivo.label
regmethod = surface

srchemi = rh
trghemi = rh
trgsurface = white
srcsurfreg = sphere.reg
trgsurfreg = sphere.reg
usehash = 1
Use ProjAbs  = 0, 0
Use ProjFrac = 0, 0
DoPaint 0

SUBJECTS_DIR    /out/sourcedata/freesurfer
FREESURFER_HOME /opt/freesurfer
Loading source label.
Found 5747 points in source label.
Starting surface-based mapping
Reading source registration 
 /out/sourcedata/freesurfer/fsaverage/surf/rh.sphere.reg
Rescaling ...  original radius = 100
Reading target surface 
 /out/sourcedata/freesurfer/sub-v1s14x0051582_ses-1/surf/rh.white
Reading target registration 
 /out/sourcedata/freesurfer/sub-v1s14x0051582_ses-1/surf/rh.sphere.reg
Rescaling ...  original radius = 100
Building target registration hash (res=16).
Building source registration hash (res=16).
INFO: found  5747 nlabel points
Performing mapping from target back to the source label 155668
Number of reverse mapping hits = 583
Checking for and removing duplicates
Writing label file ./rh.BA4a_exvivo.label 6330
mri_label2label: Done


 mri_label2label --srcsubject fsaverage --srclabel /out/sourcedata/freesurfer/fsaverage/label/rh.BA4p_exvivo.label --trgsubject sub-v1s14x0051582_ses-1 --trglabel ./rh.BA4p_exvivo.label --hemi rh --regmethod surface 


srclabel = /out/sourcedata/freesurfer/fsaverage/label/rh.BA4p_exvivo.label
srcsubject = fsaverage
trgsubject = sub-v1s14x0051582_ses-1
trglabel = ./rh.BA4p_exvivo.label
regmethod = surface

srchemi = rh
trghemi = rh
trgsurface = white
srcsurfreg = sphere.reg
trgsurfreg = sphere.reg
usehash = 1
Use ProjAbs  = 0, 0
Use ProjFrac = 0, 0
DoPaint 0

SUBJECTS_DIR    /out/sourcedata/freesurfer
FREESURFER_HOME /opt/freesurfer
Loading source label.
Found 4473 points in source label.
Starting surface-based mapping
Reading source registration 
 /out/sourcedata/freesurfer/fsaverage/surf/rh.sphere.reg
Rescaling ...  original radius = 100
Reading target surface 
 /out/sourcedata/freesurfer/sub-v1s14x0051582_ses-1/surf/rh.white
Reading target registration 
 /out/sourcedata/freesurfer/sub-v1s14x0051582_ses-1/surf/rh.sphere.reg
Rescaling ...  original radius = 100
Building target registration hash (res=16).
Building source registration hash (res=16).
INFO: found  4473 nlabel points
Performing mapping from target back to the source label 155668
Number of reverse mapping hits = 308
Checking for and removing duplicates
Writing label file ./rh.BA4p_exvivo.label 4781
mri_label2label: Done


 mri_label2label --srcsubject fsaverage --srclabel /out/sourcedata/freesurfer/fsaverage/label/rh.BA6_exvivo.label --trgsubject sub-v1s14x0051582_ses-1 --trglabel ./rh.BA6_exvivo.label --hemi rh --regmethod surface 


srclabel = /out/sourcedata/freesurfer/fsaverage/label/rh.BA6_exvivo.label
srcsubject = fsaverage
trgsubject = sub-v1s14x0051582_ses-1
trglabel = ./rh.BA6_exvivo.label
regmethod = surface

srchemi = rh
trghemi = rh
trgsurface = white
srcsurfreg = sphere.reg
trgsurfreg = sphere.reg
usehash = 1
Use ProjAbs  = 0, 0
Use ProjFrac = 0, 0
DoPaint 0

SUBJECTS_DIR    /out/sourcedata/freesurfer
FREESURFER_HOME /opt/freesurfer
Loading source label.
Found 12256 points in source label.
Starting surface-based mapping
Reading source registration 
 /out/sourcedata/freesurfer/fsaverage/surf/rh.sphere.reg
Rescaling ...  original radius = 100
Reading target surface 
 /out/sourcedata/freesurfer/sub-v1s14x0051582_ses-1/surf/rh.white
Reading target registration 
 /out/sourcedata/freesurfer/sub-v1s14x0051582_ses-1/surf/rh.sphere.reg
Rescaling ...  original radius = 100
Building target registration hash (res=16).
Building source registration hash (res=16).
INFO: found  12256 nlabel points
Performing mapping from target back to the source label 155668
Number of reverse mapping hits = 1310
Checking for and removing duplicates
Writing label file ./rh.BA6_exvivo.label 13566
mri_label2label: Done


 mri_label2label --srcsubject fsaverage --srclabel /out/sourcedata/freesurfer/fsaverage/label/rh.BA44_exvivo.label --trgsubject sub-v1s14x0051582_ses-1 --trglabel ./rh.BA44_exvivo.label --hemi rh --regmethod surface 


srclabel = /out/sourcedata/freesurfer/fsaverage/label/rh.BA44_exvivo.label
srcsubject = fsaverage
trgsubject = sub-v1s14x0051582_ses-1
trglabel = ./rh.BA44_exvivo.label
regmethod = surface

srchemi = rh
trghemi = rh
trgsurface = white
srcsurfreg = sphere.reg
trgsurfreg = sphere.reg
usehash = 1
Use ProjAbs  = 0, 0
Use ProjFrac = 0, 0
DoPaint 0

SUBJECTS_DIR    /out/sourcedata/freesurfer
FREESURFER_HOME /opt/freesurfer
Loading source label.
Found 6912 points in source label.
Starting surface-based mapping
Reading source registration 
 /out/sourcedata/freesurfer/fsaverage/surf/rh.sphere.reg
Rescaling ...  original radius = 100
Reading target surface 
 /out/sourcedata/freesurfer/sub-v1s14x0051582_ses-1/surf/rh.white
Reading target registration 
 /out/sourcedata/freesurfer/sub-v1s14x0051582_ses-1/surf/rh.sphere.reg
Rescaling ...  original radius = 100
Building target registration hash (res=16).
Building source registration hash (res=16).
INFO: found  6912 nlabel points
Performing mapping from target back to the source label 155668
Number of reverse mapping hits = 1469
Checking for and removing duplicates
Writing label file ./rh.BA44_exvivo.label 8381
mri_label2label: Done


 mri_label2label --srcsubject fsaverage --srclabel /out/sourcedata/freesurfer/fsaverage/label/rh.BA45_exvivo.label --trgsubject sub-v1s14x0051582_ses-1 --trglabel ./rh.BA45_exvivo.label --hemi rh --regmethod surface 


srclabel = /out/sourcedata/freesurfer/fsaverage/label/rh.BA45_exvivo.label
srcsubject = fsaverage
trgsubject = sub-v1s14x0051582_ses-1
trglabel = ./rh.BA45_exvivo.label
regmethod = surface

srchemi = rh
trghemi = rh
trgsurface = white
srcsurfreg = sphere.reg
trgsurfreg = sphere.reg
usehash = 1
Use ProjAbs  = 0, 0
Use ProjFrac = 0, 0
DoPaint 0

SUBJECTS_DIR    /out/sourcedata/freesurfer
FREESURFER_HOME /opt/freesurfer
Loading source label.
Found 5355 points in source label.
Starting surface-based mapping
Reading source registration 
 /out/sourcedata/freesurfer/fsaverage/surf/rh.sphere.reg
Rescaling ...  original radius = 100
Reading target surface 
 /out/sourcedata/freesurfer/sub-v1s14x0051582_ses-1/surf/rh.white
Reading target registration 
 /out/sourcedata/freesurfer/sub-v1s14x0051582_ses-1/surf/rh.sphere.reg
Rescaling ...  original radius = 100
Building target registration hash (res=16).
Building source registration hash (res=16).
INFO: found  5355 nlabel points
Performing mapping from target back to the source label 155668
Number of reverse mapping hits = 2097
Checking for and removing duplicates
Writing label file ./rh.BA45_exvivo.label 7452
mri_label2label: Done


 mri_label2label --srcsubject fsaverage --srclabel /out/sourcedata/freesurfer/fsaverage/label/rh.V1_exvivo.label --trgsubject sub-v1s14x0051582_ses-1 --trglabel ./rh.V1_exvivo.label --hemi rh --regmethod surface 


srclabel = /out/sourcedata/freesurfer/fsaverage/label/rh.V1_exvivo.label
srcsubject = fsaverage
trgsubject = sub-v1s14x0051582_ses-1
trglabel = ./rh.V1_exvivo.label
regmethod = surface

srchemi = rh
trghemi = rh
trgsurface = white
srcsurfreg = sphere.reg
trgsurfreg = sphere.reg
usehash = 1
Use ProjAbs  = 0, 0
Use ProjFrac = 0, 0
DoPaint 0

SUBJECTS_DIR    /out/sourcedata/freesurfer
FREESURFER_HOME /opt/freesurfer
Loading source label.
Found 4727 points in source label.
Starting surface-based mapping
Reading source registration 
 /out/sourcedata/freesurfer/fsaverage/surf/rh.sphere.reg
Rescaling ...  original radius = 100
Reading target surface 
 /out/sourcedata/freesurfer/sub-v1s14x0051582_ses-1/surf/rh.white
Reading target registration 
 /out/sourcedata/freesurfer/sub-v1s14x0051582_ses-1/surf/rh.sphere.reg
Rescaling ...  original radius = 100
Building target registration hash (res=16).
Building source registration hash (res=16).
INFO: found  4727 nlabel points
Performing mapping from target back to the source label 155668
Number of reverse mapping hits = 1637
Checking for and removing duplicates
Writing label file ./rh.V1_exvivo.label 6364
mri_label2label: Done


 mri_label2label --srcsubject fsaverage --srclabel /out/sourcedata/freesurfer/fsaverage/label/rh.V2_exvivo.label --trgsubject sub-v1s14x0051582_ses-1 --trglabel ./rh.V2_exvivo.label --hemi rh --regmethod surface 


srclabel = /out/sourcedata/freesurfer/fsaverage/label/rh.V2_exvivo.label
srcsubject = fsaverage
trgsubject = sub-v1s14x0051582_ses-1
trglabel = ./rh.V2_exvivo.label
regmethod = surface

srchemi = rh
trghemi = rh
trgsurface = white
srcsurfreg = sphere.reg
trgsurfreg = sphere.reg
usehash = 1
Use ProjAbs  = 0, 0
Use ProjFrac = 0, 0
DoPaint 0

SUBJECTS_DIR    /out/sourcedata/freesurfer
FREESURFER_HOME /opt/freesurfer
Loading source label.
Found 8016 points in source label.
Starting surface-based mapping
Reading source registration 
 /out/sourcedata/freesurfer/fsaverage/surf/rh.sphere.reg
Rescaling ...  original radius = 100
Reading target surface 
 /out/sourcedata/freesurfer/sub-v1s14x0051582_ses-1/surf/rh.white
Reading target registration 
 /out/sourcedata/freesurfer/sub-v1s14x0051582_ses-1/surf/rh.sphere.reg
Rescaling ...  original radius = 100
Building target registration hash (res=16).
Building source registration hash (res=16).
INFO: found  8016 nlabel points
Performing mapping from target back to the source label 155668
Number of reverse mapping hits = 2955
Checking for and removing duplicates
Writing label file ./rh.V2_exvivo.label 10971
mri_label2label: Done


 mri_label2label --srcsubject fsaverage --srclabel /out/sourcedata/freesurfer/fsaverage/label/rh.MT_exvivo.label --trgsubject sub-v1s14x0051582_ses-1 --trglabel ./rh.MT_exvivo.label --hemi rh --regmethod surface 


srclabel = /out/sourcedata/freesurfer/fsaverage/label/rh.MT_exvivo.label
srcsubject = fsaverage
trgsubject = sub-v1s14x0051582_ses-1
trglabel = ./rh.MT_exvivo.label
regmethod = surface

srchemi = rh
trghemi = rh
trgsurface = white
srcsurfreg = sphere.reg
trgsurfreg = sphere.reg
usehash = 1
Use ProjAbs  = 0, 0
Use ProjFrac = 0, 0
DoPaint 0

SUBJECTS_DIR    /out/sourcedata/freesurfer
FREESURFER_HOME /opt/freesurfer
Loading source label.
Found 1932 points in source label.
Starting surface-based mapping
Reading source registration 
 /out/sourcedata/freesurfer/fsaverage/surf/rh.sphere.reg
Rescaling ...  original radius = 100
Reading target surface 
 /out/sourcedata/freesurfer/sub-v1s14x0051582_ses-1/surf/rh.white
Reading target registration 
 /out/sourcedata/freesurfer/sub-v1s14x0051582_ses-1/surf/rh.sphere.reg
Rescaling ...  original radius = 100
Building target registration hash (res=16).
Building source registration hash (res=16).
INFO: found  1932 nlabel points
Performing mapping from target back to the source label 155668
Number of reverse mapping hits = 1121
Checking for and removing duplicates
Writing label file ./rh.MT_exvivo.label 3053
mri_label2label: Done


 mri_label2label --srcsubject fsaverage --srclabel /out/sourcedata/freesurfer/fsaverage/label/rh.entorhinal_exvivo.label --trgsubject sub-v1s14x0051582_ses-1 --trglabel ./rh.entorhinal_exvivo.label --hemi rh --regmethod surface 


srclabel = /out/sourcedata/freesurfer/fsaverage/label/rh.entorhinal_exvivo.label
srcsubject = fsaverage
trgsubject = sub-v1s14x0051582_ses-1
trglabel = ./rh.entorhinal_exvivo.label
regmethod = surface

srchemi = rh
trghemi = rh
trgsurface = white
srcsurfreg = sphere.reg
trgsurfreg = sphere.reg
usehash = 1
Use ProjAbs  = 0, 0
Use ProjFrac = 0, 0
DoPaint 0

SUBJECTS_DIR    /out/sourcedata/freesurfer
FREESURFER_HOME /opt/freesurfer
Loading source label.
Found 1038 points in source label.
Starting surface-based mapping
Reading source registration 
 /out/sourcedata/freesurfer/fsaverage/surf/rh.sphere.reg
Rescaling ...  original radius = 100
Reading target surface 
 /out/sourcedata/freesurfer/sub-v1s14x0051582_ses-1/surf/rh.white
Reading target registration 
 /out/sourcedata/freesurfer/sub-v1s14x0051582_ses-1/surf/rh.sphere.reg
Rescaling ...  original radius = 100
Building target registration hash (res=16).
Building source registration hash (res=16).
INFO: found  1038 nlabel points
Performing mapping from target back to the source label 155668
Number of reverse mapping hits = 56
Checking for and removing duplicates
Writing label file ./rh.entorhinal_exvivo.label 1094
mri_label2label: Done


 mri_label2label --srcsubject fsaverage --srclabel /out/sourcedata/freesurfer/fsaverage/label/rh.perirhinal_exvivo.label --trgsubject sub-v1s14x0051582_ses-1 --trglabel ./rh.perirhinal_exvivo.label --hemi rh --regmethod surface 


srclabel = /out/sourcedata/freesurfer/fsaverage/label/rh.perirhinal_exvivo.label
srcsubject = fsaverage
trgsubject = sub-v1s14x0051582_ses-1
trglabel = ./rh.perirhinal_exvivo.label
regmethod = surface

srchemi = rh
trghemi = rh
trgsurface = white
srcsurfreg = sphere.reg
trgsurfreg = sphere.reg
usehash = 1
Use ProjAbs  = 0, 0
Use ProjFrac = 0, 0
DoPaint 0

SUBJECTS_DIR    /out/sourcedata/freesurfer
FREESURFER_HOME /opt/freesurfer
Loading source label.
Found 752 points in source label.
Starting surface-based mapping
Reading source registration 
 /out/sourcedata/freesurfer/fsaverage/surf/rh.sphere.reg
Rescaling ...  original radius = 100
Reading target surface 
 /out/sourcedata/freesurfer/sub-v1s14x0051582_ses-1/surf/rh.white
Reading target registration 
 /out/sourcedata/freesurfer/sub-v1s14x0051582_ses-1/surf/rh.sphere.reg
Rescaling ...  original radius = 100
Building target registration hash (res=16).
Building source registration hash (res=16).
INFO: found  752 nlabel points
Performing mapping from target back to the source label 155668
Number of reverse mapping hits = 37
Checking for and removing duplicates
Writing label file ./rh.perirhinal_exvivo.label 789
mri_label2label: Done


 mri_label2label --srcsubject fsaverage --srclabel /out/sourcedata/freesurfer/fsaverage/label/rh.FG1.mpm.vpnl.label --trgsubject sub-v1s14x0051582_ses-1 --trglabel ./rh.FG1.mpm.vpnl.label --hemi rh --regmethod surface 


srclabel = /out/sourcedata/freesurfer/fsaverage/label/rh.FG1.mpm.vpnl.label
srcsubject = fsaverage
trgsubject = sub-v1s14x0051582_ses-1
trglabel = ./rh.FG1.mpm.vpnl.label
regmethod = surface

srchemi = rh
trghemi = rh
trgsurface = white
srcsurfreg = sphere.reg
trgsurfreg = sphere.reg
usehash = 1
Use ProjAbs  = 0, 0
Use ProjFrac = 0, 0
DoPaint 0

SUBJECTS_DIR    /out/sourcedata/freesurfer
FREESURFER_HOME /opt/freesurfer
Loading source label.
Found 541 points in source label.
Starting surface-based mapping
Reading source registration 
 /out/sourcedata/freesurfer/fsaverage/surf/rh.sphere.reg
Rescaling ...  original radius = 100
Reading target surface 
 /out/sourcedata/freesurfer/sub-v1s14x0051582_ses-1/surf/rh.white
Reading target registration 
 /out/sourcedata/freesurfer/sub-v1s14x0051582_ses-1/surf/rh.sphere.reg
Rescaling ...  original radius = 100
Building target registration hash (res=16).
Building source registration hash (res=16).
INFO: found  541 nlabel points
Performing mapping from target back to the source label 155668
Number of reverse mapping hits = 239
Checking for and removing duplicates
Writing label file ./rh.FG1.mpm.vpnl.label 780
mri_label2label: Done


 mri_label2label --srcsubject fsaverage --srclabel /out/sourcedata/freesurfer/fsaverage/label/rh.FG2.mpm.vpnl.label --trgsubject sub-v1s14x0051582_ses-1 --trglabel ./rh.FG2.mpm.vpnl.label --hemi rh --regmethod surface 


srclabel = /out/sourcedata/freesurfer/fsaverage/label/rh.FG2.mpm.vpnl.label
srcsubject = fsaverage
trgsubject = sub-v1s14x0051582_ses-1
trglabel = ./rh.FG2.mpm.vpnl.label
regmethod = surface

srchemi = rh
trghemi = rh
trgsurface = white
srcsurfreg = sphere.reg
trgsurfreg = sphere.reg
usehash = 1
Use ProjAbs  = 0, 0
Use ProjFrac = 0, 0
DoPaint 0

SUBJECTS_DIR    /out/sourcedata/freesurfer
FREESURFER_HOME /opt/freesurfer
Loading source label.
Found 721 points in source label.
Starting surface-based mapping
Reading source registration 
 /out/sourcedata/freesurfer/fsaverage/surf/rh.sphere.reg
Rescaling ...  original radius = 100
Reading target surface 
 /out/sourcedata/freesurfer/sub-v1s14x0051582_ses-1/surf/rh.white
Reading target registration 
 /out/sourcedata/freesurfer/sub-v1s14x0051582_ses-1/surf/rh.sphere.reg
Rescaling ...  original radius = 100
Building target registration hash (res=16).
Building source registration hash (res=16).
INFO: found  721 nlabel points
Performing mapping from target back to the source label 155668
Number of reverse mapping hits = 293
Checking for and removing duplicates
Writing label file ./rh.FG2.mpm.vpnl.label 1014
mri_label2label: Done


 mri_label2label --srcsubject fsaverage --srclabel /out/sourcedata/freesurfer/fsaverage/label/rh.FG3.mpm.vpnl.label --trgsubject sub-v1s14x0051582_ses-1 --trglabel ./rh.FG3.mpm.vpnl.label --hemi rh --regmethod surface 


srclabel = /out/sourcedata/freesurfer/fsaverage/label/rh.FG3.mpm.vpnl.label
srcsubject = fsaverage
trgsubject = sub-v1s14x0051582_ses-1
trglabel = ./rh.FG3.mpm.vpnl.label
regmethod = surface

srchemi = rh
trghemi = rh
trgsurface = white
srcsurfreg = sphere.reg
trgsurfreg = sphere.reg
usehash = 1
Use ProjAbs  = 0, 0
Use ProjFrac = 0, 0
DoPaint 0

SUBJECTS_DIR    /out/sourcedata/freesurfer
FREESURFER_HOME /opt/freesurfer
Loading source label.
Found 1523 points in source label.
Starting surface-based mapping
Reading source registration 
 /out/sourcedata/freesurfer/fsaverage/surf/rh.sphere.reg
Rescaling ...  original radius = 100
Reading target surface 
 /out/sourcedata/freesurfer/sub-v1s14x0051582_ses-1/surf/rh.white
Reading target registration 
 /out/sourcedata/freesurfer/sub-v1s14x0051582_ses-1/surf/rh.sphere.reg
Rescaling ...  original radius = 100
Building target registration hash (res=16).
Building source registration hash (res=16).
INFO: found  1523 nlabel points
Performing mapping from target back to the source label 155668
Number of reverse mapping hits = 298
Checking for and removing duplicates
Writing label file ./rh.FG3.mpm.vpnl.label 1821
mri_label2label: Done


 mri_label2label --srcsubject fsaverage --srclabel /out/sourcedata/freesurfer/fsaverage/label/rh.FG4.mpm.vpnl.label --trgsubject sub-v1s14x0051582_ses-1 --trglabel ./rh.FG4.mpm.vpnl.label --hemi rh --regmethod surface 


srclabel = /out/sourcedata/freesurfer/fsaverage/label/rh.FG4.mpm.vpnl.label
srcsubject = fsaverage
trgsubject = sub-v1s14x0051582_ses-1
trglabel = ./rh.FG4.mpm.vpnl.label
regmethod = surface

srchemi = rh
trghemi = rh
trgsurface = white
srcsurfreg = sphere.reg
trgsurfreg = sphere.reg
usehash = 1
Use ProjAbs  = 0, 0
Use ProjFrac = 0, 0
DoPaint 0

SUBJECTS_DIR    /out/sourcedata/freesurfer
FREESURFER_HOME /opt/freesurfer
Loading source label.
Found 1586 points in source label.
Starting surface-based mapping
Reading source registration 
 /out/sourcedata/freesurfer/fsaverage/surf/rh.sphere.reg
Rescaling ...  original radius = 100
Reading target surface 
 /out/sourcedata/freesurfer/sub-v1s14x0051582_ses-1/surf/rh.white
Reading target registration 
 /out/sourcedata/freesurfer/sub-v1s14x0051582_ses-1/surf/rh.sphere.reg
Rescaling ...  original radius = 100
Building target registration hash (res=16).
Building source registration hash (res=16).
INFO: found  1586 nlabel points
Performing mapping from target back to the source label 155668
Number of reverse mapping hits = 350
Checking for and removing duplicates
Writing label file ./rh.FG4.mpm.vpnl.label 1936
mri_label2label: Done


 mri_label2label --srcsubject fsaverage --srclabel /out/sourcedata/freesurfer/fsaverage/label/rh.hOc1.mpm.vpnl.label --trgsubject sub-v1s14x0051582_ses-1 --trglabel ./rh.hOc1.mpm.vpnl.label --hemi rh --regmethod surface 


srclabel = /out/sourcedata/freesurfer/fsaverage/label/rh.hOc1.mpm.vpnl.label
srcsubject = fsaverage
trgsubject = sub-v1s14x0051582_ses-1
trglabel = ./rh.hOc1.mpm.vpnl.label
regmethod = surface

srchemi = rh
trghemi = rh
trgsurface = white
srcsurfreg = sphere.reg
trgsurfreg = sphere.reg
usehash = 1
Use ProjAbs  = 0, 0
Use ProjFrac = 0, 0
DoPaint 0

SUBJECTS_DIR    /out/sourcedata/freesurfer
FREESURFER_HOME /opt/freesurfer
Loading source label.
Found 3667 points in source label.
Starting surface-based mapping
Reading source registration 
 /out/sourcedata/freesurfer/fsaverage/surf/rh.sphere.reg
Rescaling ...  original radius = 100
Reading target surface 
 /out/sourcedata/freesurfer/sub-v1s14x0051582_ses-1/surf/rh.white
Reading target registration 
 /out/sourcedata/freesurfer/sub-v1s14x0051582_ses-1/surf/rh.sphere.reg
Rescaling ...  original radius = 100
Building target registration hash (res=16).
Building source registration hash (res=16).
INFO: found  3667 nlabel points
Performing mapping from target back to the source label 155668
Number of reverse mapping hits = 1228
Checking for and removing duplicates
Writing label file ./rh.hOc1.mpm.vpnl.label 4895
mri_label2label: Done


 mri_label2label --srcsubject fsaverage --srclabel /out/sourcedata/freesurfer/fsaverage/label/rh.hOc2.mpm.vpnl.label --trgsubject sub-v1s14x0051582_ses-1 --trglabel ./rh.hOc2.mpm.vpnl.label --hemi rh --regmethod surface 


srclabel = /out/sourcedata/freesurfer/fsaverage/label/rh.hOc2.mpm.vpnl.label
srcsubject = fsaverage
trgsubject = sub-v1s14x0051582_ses-1
trglabel = ./rh.hOc2.mpm.vpnl.label
regmethod = surface

srchemi = rh
trghemi = rh
trgsurface = white
srcsurfreg = sphere.reg
trgsurfreg = sphere.reg
usehash = 1
Use ProjAbs  = 0, 0
Use ProjFrac = 0, 0
DoPaint 0

SUBJECTS_DIR    /out/sourcedata/freesurfer
FREESURFER_HOME /opt/freesurfer
Loading source label.
Found 2719 points in source label.
Starting surface-based mapping
Reading source registration 
 /out/sourcedata/freesurfer/fsaverage/surf/rh.sphere.reg
Rescaling ...  original radius = 100
Reading target surface 
 /out/sourcedata/freesurfer/sub-v1s14x0051582_ses-1/surf/rh.white
Reading target registration 
 /out/sourcedata/freesurfer/sub-v1s14x0051582_ses-1/surf/rh.sphere.reg
Rescaling ...  original radius = 100
Building target registration hash (res=16).
Building source registration hash (res=16).
INFO: found  2719 nlabel points
Performing mapping from target back to the source label 155668
Number of reverse mapping hits = 1025
Checking for and removing duplicates
Writing label file ./rh.hOc2.mpm.vpnl.label 3744
mri_label2label: Done


 mri_label2label --srcsubject fsaverage --srclabel /out/sourcedata/freesurfer/fsaverage/label/rh.hOc3v.mpm.vpnl.label --trgsubject sub-v1s14x0051582_ses-1 --trglabel ./rh.hOc3v.mpm.vpnl.label --hemi rh --regmethod surface 


srclabel = /out/sourcedata/freesurfer/fsaverage/label/rh.hOc3v.mpm.vpnl.label
srcsubject = fsaverage
trgsubject = sub-v1s14x0051582_ses-1
trglabel = ./rh.hOc3v.mpm.vpnl.label
regmethod = surface

srchemi = rh
trghemi = rh
trgsurface = white
srcsurfreg = sphere.reg
trgsurfreg = sphere.reg
usehash = 1
Use ProjAbs  = 0, 0
Use ProjFrac = 0, 0
DoPaint 0

SUBJECTS_DIR    /out/sourcedata/freesurfer
FREESURFER_HOME /opt/freesurfer
Loading source label.
Found 1228 points in source label.
Starting surface-based mapping
Reading source registration 
 /out/sourcedata/freesurfer/fsaverage/surf/rh.sphere.reg
Rescaling ...  original radius = 100
Reading target surface 
 /out/sourcedata/freesurfer/sub-v1s14x0051582_ses-1/surf/rh.white
Reading target registration 
 /out/sourcedata/freesurfer/sub-v1s14x0051582_ses-1/surf/rh.sphere.reg
Rescaling ...  original radius = 100
Building target registration hash (res=16).
Building source registration hash (res=16).
INFO: found  1228 nlabel points
Performing mapping from target back to the source label 155668
Number of reverse mapping hits = 628
Checking for and removing duplicates
Writing label file ./rh.hOc3v.mpm.vpnl.label 1856
mri_label2label: Done


 mri_label2label --srcsubject fsaverage --srclabel /out/sourcedata/freesurfer/fsaverage/label/rh.hOc4v.mpm.vpnl.label --trgsubject sub-v1s14x0051582_ses-1 --trglabel ./rh.hOc4v.mpm.vpnl.label --hemi rh --regmethod surface 


srclabel = /out/sourcedata/freesurfer/fsaverage/label/rh.hOc4v.mpm.vpnl.label
srcsubject = fsaverage
trgsubject = sub-v1s14x0051582_ses-1
trglabel = ./rh.hOc4v.mpm.vpnl.label
regmethod = surface

srchemi = rh
trghemi = rh
trgsurface = white
srcsurfreg = sphere.reg
trgsurfreg = sphere.reg
usehash = 1
Use ProjAbs  = 0, 0
Use ProjFrac = 0, 0
DoPaint 0

SUBJECTS_DIR    /out/sourcedata/freesurfer
FREESURFER_HOME /opt/freesurfer
Loading source label.
Found 1025 points in source label.
Starting surface-based mapping
Reading source registration 
 /out/sourcedata/freesurfer/fsaverage/surf/rh.sphere.reg
Rescaling ...  original radius = 100
Reading target surface 
 /out/sourcedata/freesurfer/sub-v1s14x0051582_ses-1/surf/rh.white
Reading target registration 
 /out/sourcedata/freesurfer/sub-v1s14x0051582_ses-1/surf/rh.sphere.reg
Rescaling ...  original radius = 100
Building target registration hash (res=16).
Building source registration hash (res=16).
INFO: found  1025 nlabel points
Performing mapping from target back to the source label 155668
Number of reverse mapping hits = 500
Checking for and removing duplicates
Writing label file ./rh.hOc4v.mpm.vpnl.label 1525
mri_label2label: Done


 mris_label2annot --s sub-v1s14x0051582_ses-1 --ctab /opt/freesurfer/average/colortable_vpnl.txt --hemi rh --a mpm.vpnl --maxstatwinner --noverbose --l rh.FG1.mpm.vpnl.label --l rh.FG2.mpm.vpnl.label --l rh.FG3.mpm.vpnl.label --l rh.FG4.mpm.vpnl.label --l rh.hOc1.mpm.vpnl.label --l rh.hOc2.mpm.vpnl.label --l rh.hOc3v.mpm.vpnl.label --l rh.hOc4v.mpm.vpnl.label 

Reading ctab /opt/freesurfer/average/colortable_vpnl.txt
Number of ctab entries 9

7.3.2
cwd /out/sourcedata/freesurfer/sub-v1s14x0051582_ses-1/label
cmdline mris_label2annot --s sub-v1s14x0051582_ses-1 --ctab /opt/freesurfer/average/colortable_vpnl.txt --hemi rh --a mpm.vpnl --maxstatwinner --noverbose --l rh.FG1.mpm.vpnl.label --l rh.FG2.mpm.vpnl.label --l rh.FG3.mpm.vpnl.label --l rh.FG4.mpm.vpnl.label --l rh.hOc1.mpm.vpnl.label --l rh.hOc2.mpm.vpnl.label --l rh.hOc3v.mpm.vpnl.label --l rh.hOc4v.mpm.vpnl.label 
sysname  Linux
hostname dna079
machine  x86_64
user     oesteban

subject sub-v1s14x0051582_ses-1
hemi    rh
SUBJECTS_DIR /out/sourcedata/freesurfer
ColorTable /opt/freesurfer/average/colortable_vpnl.txt
AnnotName  mpm.vpnl
nlables 8
LabelThresh 0 0.000000
Loading /out/sourcedata/freesurfer/sub-v1s14x0051582_ses-1/surf/rh.orig
 1 1376057 FG1
 2 16711935 FG2
 3 16711680 FG3
 4 1705837 FG4
 5 25600 hOc1
 6 255 hOc2
 7 16776960 hOc3v
 8 65535 hOc4v
Mapping unhit to unknown
Found 138992 unhit vertices
Writing annot to /out/sourcedata/freesurfer/sub-v1s14x0051582_ses-1/label/rh.mpm.vpnl.annot

 mri_label2label --srcsubject fsaverage --srclabel /out/sourcedata/freesurfer/fsaverage/label/rh.BA1_exvivo.thresh.label --trgsubject sub-v1s14x0051582_ses-1 --trglabel ./rh.BA1_exvivo.thresh.label --hemi rh --regmethod surface 


srclabel = /out/sourcedata/freesurfer/fsaverage/label/rh.BA1_exvivo.thresh.label
srcsubject = fsaverage
trgsubject = sub-v1s14x0051582_ses-1
trglabel = ./rh.BA1_exvivo.thresh.label
regmethod = surface

srchemi = rh
trghemi = rh
trgsurface = white
srcsurfreg = sphere.reg
trgsurfreg = sphere.reg
usehash = 1
Use ProjAbs  = 0, 0
Use ProjFrac = 0, 0
DoPaint 0

SUBJECTS_DIR    /out/sourcedata/freesurfer
FREESURFER_HOME /opt/freesurfer
Loading source label.
Found 876 points in source label.
Starting surface-based mapping
Reading source registration 
 /out/sourcedata/freesurfer/fsaverage/surf/rh.sphere.reg
Rescaling ...  original radius = 100
Reading target surface 
 /out/sourcedata/freesurfer/sub-v1s14x0051582_ses-1/surf/rh.white
Reading target registration 
 /out/sourcedata/freesurfer/sub-v1s14x0051582_ses-1/surf/rh.sphere.reg
Rescaling ...  original radius = 100
Building target registration hash (res=16).
Building source registration hash (res=16).
INFO: found  876 nlabel points
Performing mapping from target back to the source label 155668
Number of reverse mapping hits = 118
Checking for and removing duplicates
Writing label file ./rh.BA1_exvivo.thresh.label 994
mri_label2label: Done


 mri_label2label --srcsubject fsaverage --srclabel /out/sourcedata/freesurfer/fsaverage/label/rh.BA2_exvivo.thresh.label --trgsubject sub-v1s14x0051582_ses-1 --trglabel ./rh.BA2_exvivo.thresh.label --hemi rh --regmethod surface 


srclabel = /out/sourcedata/freesurfer/fsaverage/label/rh.BA2_exvivo.thresh.label
srcsubject = fsaverage
trgsubject = sub-v1s14x0051582_ses-1
trglabel = ./rh.BA2_exvivo.thresh.label
regmethod = surface

srchemi = rh
trghemi = rh
trgsurface = white
srcsurfreg = sphere.reg
trgsurfreg = sphere.reg
usehash = 1
Use ProjAbs  = 0, 0
Use ProjFrac = 0, 0
DoPaint 0

SUBJECTS_DIR    /out/sourcedata/freesurfer
FREESURFER_HOME /opt/freesurfer
Loading source label.
Found 2688 points in source label.
Starting surface-based mapping
Reading source registration 
 /out/sourcedata/freesurfer/fsaverage/surf/rh.sphere.reg
Rescaling ...  original radius = 100
Reading target surface 
 /out/sourcedata/freesurfer/sub-v1s14x0051582_ses-1/surf/rh.white
Reading target registration 
 /out/sourcedata/freesurfer/sub-v1s14x0051582_ses-1/surf/rh.sphere.reg
Rescaling ...  original radius = 100
Building target registration hash (res=16).
Building source registration hash (res=16).
INFO: found  2688 nlabel points
Performing mapping from target back to the source label 155668
Number of reverse mapping hits = 127
Checking for and removing duplicates
Writing label file ./rh.BA2_exvivo.thresh.label 2815
mri_label2label: Done


 mri_label2label --srcsubject fsaverage --srclabel /out/sourcedata/freesurfer/fsaverage/label/rh.BA3a_exvivo.thresh.label --trgsubject sub-v1s14x0051582_ses-1 --trglabel ./rh.BA3a_exvivo.thresh.label --hemi rh --regmethod surface 


srclabel = /out/sourcedata/freesurfer/fsaverage/label/rh.BA3a_exvivo.thresh.label
srcsubject = fsaverage
trgsubject = sub-v1s14x0051582_ses-1
trglabel = ./rh.BA3a_exvivo.thresh.label
regmethod = surface

srchemi = rh
trghemi = rh
trgsurface = white
srcsurfreg = sphere.reg
trgsurfreg = sphere.reg
usehash = 1
Use ProjAbs  = 0, 0
Use ProjFrac = 0, 0
DoPaint 0

SUBJECTS_DIR    /out/sourcedata/freesurfer
FREESURFER_HOME /opt/freesurfer
Loading source label.
Found 1698 points in source label.
Starting surface-based mapping
Reading source registration 
 /out/sourcedata/freesurfer/fsaverage/surf/rh.sphere.reg
Rescaling ...  original radius = 100
Reading target surface 
 /out/sourcedata/freesurfer/sub-v1s14x0051582_ses-1/surf/rh.white
Reading target registration 
 /out/sourcedata/freesurfer/sub-v1s14x0051582_ses-1/surf/rh.sphere.reg
Rescaling ...  original radius = 100
Building target registration hash (res=16).
Building source registration hash (res=16).
INFO: found  1698 nlabel points
Performing mapping from target back to the source label 155668
Number of reverse mapping hits = 34
Checking for and removing duplicates
Writing label file ./rh.BA3a_exvivo.thresh.label 1732
mri_label2label: Done


 mri_label2label --srcsubject fsaverage --srclabel /out/sourcedata/freesurfer/fsaverage/label/rh.BA3b_exvivo.thresh.label --trgsubject sub-v1s14x0051582_ses-1 --trglabel ./rh.BA3b_exvivo.thresh.label --hemi rh --regmethod surface 


srclabel = /out/sourcedata/freesurfer/fsaverage/label/rh.BA3b_exvivo.thresh.label
srcsubject = fsaverage
trgsubject = sub-v1s14x0051582_ses-1
trglabel = ./rh.BA3b_exvivo.thresh.label
regmethod = surface

srchemi = rh
trghemi = rh
trgsurface = white
srcsurfreg = sphere.reg
trgsurfreg = sphere.reg
usehash = 1
Use ProjAbs  = 0, 0
Use ProjFrac = 0, 0
DoPaint 0

SUBJECTS_DIR    /out/sourcedata/freesurfer
FREESURFER_HOME /opt/freesurfer
Loading source label.
Found 2183 points in source label.
Starting surface-based mapping
Reading source registration 
 /out/sourcedata/freesurfer/fsaverage/surf/rh.sphere.reg
Rescaling ...  original radius = 100
Reading target surface 
 /out/sourcedata/freesurfer/sub-v1s14x0051582_ses-1/surf/rh.white
Reading target registration 
 /out/sourcedata/freesurfer/sub-v1s14x0051582_ses-1/surf/rh.sphere.reg
Rescaling ...  original radius = 100
Building target registration hash (res=16).
Building source registration hash (res=16).
INFO: found  2183 nlabel points
Performing mapping from target back to the source label 155668
Number of reverse mapping hits = 54
Checking for and removing duplicates
Writing label file ./rh.BA3b_exvivo.thresh.label 2237
mri_label2label: Done


 mri_label2label --srcsubject fsaverage --srclabel /out/sourcedata/freesurfer/fsaverage/label/rh.BA4a_exvivo.thresh.label --trgsubject sub-v1s14x0051582_ses-1 --trglabel ./rh.BA4a_exvivo.thresh.label --hemi rh --regmethod surface 


srclabel = /out/sourcedata/freesurfer/fsaverage/label/rh.BA4a_exvivo.thresh.label
srcsubject = fsaverage
trgsubject = sub-v1s14x0051582_ses-1
trglabel = ./rh.BA4a_exvivo.thresh.label
regmethod = surface

srchemi = rh
trghemi = rh
trgsurface = white
srcsurfreg = sphere.reg
trgsurfreg = sphere.reg
usehash = 1
Use ProjAbs  = 0, 0
Use ProjFrac = 0, 0
DoPaint 0

SUBJECTS_DIR    /out/sourcedata/freesurfer
FREESURFER_HOME /opt/freesurfer
Loading source label.
Found 1388 points in source label.
Starting surface-based mapping
Reading source registration 
 /out/sourcedata/freesurfer/fsaverage/surf/rh.sphere.reg
Rescaling ...  original radius = 100
Reading target surface 
 /out/sourcedata/freesurfer/sub-v1s14x0051582_ses-1/surf/rh.white
Reading target registration 
 /out/sourcedata/freesurfer/sub-v1s14x0051582_ses-1/surf/rh.sphere.reg
Rescaling ...  original radius = 100
Building target registration hash (res=16).
Building source registration hash (res=16).
INFO: found  1388 nlabel points
Performing mapping from target back to the source label 155668
Number of reverse mapping hits = 233
Checking for and removing duplicates
Writing label file ./rh.BA4a_exvivo.thresh.label 1621
mri_label2label: Done


 mri_label2label --srcsubject fsaverage --srclabel /out/sourcedata/freesurfer/fsaverage/label/rh.BA4p_exvivo.thresh.label --trgsubject sub-v1s14x0051582_ses-1 --trglabel ./rh.BA4p_exvivo.thresh.label --hemi rh --regmethod surface 


srclabel = /out/sourcedata/freesurfer/fsaverage/label/rh.BA4p_exvivo.thresh.label
srcsubject = fsaverage
trgsubject = sub-v1s14x0051582_ses-1
trglabel = ./rh.BA4p_exvivo.thresh.label
regmethod = surface

srchemi = rh
trghemi = rh
trgsurface = white
srcsurfreg = sphere.reg
trgsurfreg = sphere.reg
usehash = 1
Use ProjAbs  = 0, 0
Use ProjFrac = 0, 0
DoPaint 0

SUBJECTS_DIR    /out/sourcedata/freesurfer
FREESURFER_HOME /opt/freesurfer
Loading source label.
Found 1489 points in source label.
Starting surface-based mapping
Reading source registration 
 /out/sourcedata/freesurfer/fsaverage/surf/rh.sphere.reg
Rescaling ...  original radius = 100
Reading target surface 
 /out/sourcedata/freesurfer/sub-v1s14x0051582_ses-1/surf/rh.white
Reading target registration 
 /out/sourcedata/freesurfer/sub-v1s14x0051582_ses-1/surf/rh.sphere.reg
Rescaling ...  original radius = 100
Building target registration hash (res=16).
Building source registration hash (res=16).
INFO: found  1489 nlabel points
Performing mapping from target back to the source label 155668
Number of reverse mapping hits = 145
Checking for and removing duplicates
Writing label file ./rh.BA4p_exvivo.thresh.label 1634
mri_label2label: Done


 mri_label2label --srcsubject fsaverage --srclabel /out/sourcedata/freesurfer/fsaverage/label/rh.BA6_exvivo.thresh.label --trgsubject sub-v1s14x0051582_ses-1 --trglabel ./rh.BA6_exvivo.thresh.label --hemi rh --regmethod surface 


srclabel = /out/sourcedata/freesurfer/fsaverage/label/rh.BA6_exvivo.thresh.label
srcsubject = fsaverage
trgsubject = sub-v1s14x0051582_ses-1
trglabel = ./rh.BA6_exvivo.thresh.label
regmethod = surface

srchemi = rh
trghemi = rh
trgsurface = white
srcsurfreg = sphere.reg
trgsurfreg = sphere.reg
usehash = 1
Use ProjAbs  = 0, 0
Use ProjFrac = 0, 0
DoPaint 0

SUBJECTS_DIR    /out/sourcedata/freesurfer
FREESURFER_HOME /opt/freesurfer
Loading source label.
Found 6959 points in source label.
Starting surface-based mapping
Reading source registration 
 /out/sourcedata/freesurfer/fsaverage/surf/rh.sphere.reg
Rescaling ...  original radius = 100
Reading target surface 
 /out/sourcedata/freesurfer/sub-v1s14x0051582_ses-1/surf/rh.white
Reading target registration 
 /out/sourcedata/freesurfer/sub-v1s14x0051582_ses-1/surf/rh.sphere.reg
Rescaling ...  original radius = 100
Building target registration hash (res=16).
Building source registration hash (res=16).
INFO: found  6959 nlabel points
Performing mapping from target back to the source label 155668
Number of reverse mapping hits = 595
Checking for and removing duplicates
Writing label file ./rh.BA6_exvivo.thresh.label 7554
mri_label2label: Done


 mri_label2label --srcsubject fsaverage --srclabel /out/sourcedata/freesurfer/fsaverage/label/rh.BA44_exvivo.thresh.label --trgsubject sub-v1s14x0051582_ses-1 --trglabel ./rh.BA44_exvivo.thresh.label --hemi rh --regmethod surface 


srclabel = /out/sourcedata/freesurfer/fsaverage/label/rh.BA44_exvivo.thresh.label
srcsubject = fsaverage
trgsubject = sub-v1s14x0051582_ses-1
trglabel = ./rh.BA44_exvivo.thresh.label
regmethod = surface

srchemi = rh
trghemi = rh
trgsurface = white
srcsurfreg = sphere.reg
trgsurfreg = sphere.reg
usehash = 1
Use ProjAbs  = 0, 0
Use ProjFrac = 0, 0
DoPaint 0

SUBJECTS_DIR    /out/sourcedata/freesurfer
FREESURFER_HOME /opt/freesurfer
Loading source label.
Found 1012 points in source label.
Starting surface-based mapping
Reading source registration 
 /out/sourcedata/freesurfer/fsaverage/surf/rh.sphere.reg
Rescaling ...  original radius = 100
Reading target surface 
 /out/sourcedata/freesurfer/sub-v1s14x0051582_ses-1/surf/rh.white
Reading target registration 
 /out/sourcedata/freesurfer/sub-v1s14x0051582_ses-1/surf/rh.sphere.reg
Rescaling ...  original radius = 100
Building target registration hash (res=16).
Building source registration hash (res=16).
INFO: found  1012 nlabel points
Performing mapping from target back to the source label 155668
Number of reverse mapping hits = 211
Checking for and removing duplicates
Writing label file ./rh.BA44_exvivo.thresh.label 1223
mri_label2label: Done


 mri_label2label --srcsubject fsaverage --srclabel /out/sourcedata/freesurfer/fsaverage/label/rh.BA45_exvivo.thresh.label --trgsubject sub-v1s14x0051582_ses-1 --trglabel ./rh.BA45_exvivo.thresh.label --hemi rh --regmethod surface 


srclabel = /out/sourcedata/freesurfer/fsaverage/label/rh.BA45_exvivo.thresh.label
srcsubject = fsaverage
trgsubject = sub-v1s14x0051582_ses-1
trglabel = ./rh.BA45_exvivo.thresh.label
regmethod = surface

srchemi = rh
trghemi = rh
trgsurface = white
srcsurfreg = sphere.reg
trgsurfreg = sphere.reg
usehash = 1
Use ProjAbs  = 0, 0
Use ProjFrac = 0, 0
DoPaint 0

SUBJECTS_DIR    /out/sourcedata/freesurfer
FREESURFER_HOME /opt/freesurfer
Loading source label.
Found 1178 points in source label.
Starting surface-based mapping
Reading source registration 
 /out/sourcedata/freesurfer/fsaverage/surf/rh.sphere.reg
Rescaling ...  original radius = 100
Reading target surface 
 /out/sourcedata/freesurfer/sub-v1s14x0051582_ses-1/surf/rh.white
Reading target registration 
 /out/sourcedata/freesurfer/sub-v1s14x0051582_ses-1/surf/rh.sphere.reg
Rescaling ...  original radius = 100
Building target registration hash (res=16).
Building source registration hash (res=16).
INFO: found  1178 nlabel points
Performing mapping from target back to the source label 155668
Number of reverse mapping hits = 489
Checking for and removing duplicates
Writing label file ./rh.BA45_exvivo.thresh.label 1667
mri_label2label: Done


 mri_label2label --srcsubject fsaverage --srclabel /out/sourcedata/freesurfer/fsaverage/label/rh.V1_exvivo.thresh.label --trgsubject sub-v1s14x0051582_ses-1 --trglabel ./rh.V1_exvivo.thresh.label --hemi rh --regmethod surface 


srclabel = /out/sourcedata/freesurfer/fsaverage/label/rh.V1_exvivo.thresh.label
srcsubject = fsaverage
trgsubject = sub-v1s14x0051582_ses-1
trglabel = ./rh.V1_exvivo.thresh.label
regmethod = surface

srchemi = rh
trghemi = rh
trgsurface = white
srcsurfreg = sphere.reg
trgsurfreg = sphere.reg
usehash = 1
Use ProjAbs  = 0, 0
Use ProjFrac = 0, 0
DoPaint 0

SUBJECTS_DIR    /out/sourcedata/freesurfer
FREESURFER_HOME /opt/freesurfer
Loading source label.
Found 3232 points in source label.
Starting surface-based mapping
Reading source registration 
 /out/sourcedata/freesurfer/fsaverage/surf/rh.sphere.reg
Rescaling ...  original radius = 100
Reading target surface 
 /out/sourcedata/freesurfer/sub-v1s14x0051582_ses-1/surf/rh.white
Reading target registration 
 /out/sourcedata/freesurfer/sub-v1s14x0051582_ses-1/surf/rh.sphere.reg
Rescaling ...  original radius = 100
Building target registration hash (res=16).
Building source registration hash (res=16).
INFO: found  3232 nlabel points
Performing mapping from target back to the source label 155668
Number of reverse mapping hits = 1098
Checking for and removing duplicates
Writing label file ./rh.V1_exvivo.thresh.label 4330
mri_label2label: Done


 mri_label2label --srcsubject fsaverage --srclabel /out/sourcedata/freesurfer/fsaverage/label/rh.V2_exvivo.thresh.label --trgsubject sub-v1s14x0051582_ses-1 --trglabel ./rh.V2_exvivo.thresh.label --hemi rh --regmethod surface 


srclabel = /out/sourcedata/freesurfer/fsaverage/label/rh.V2_exvivo.thresh.label
srcsubject = fsaverage
trgsubject = sub-v1s14x0051582_ses-1
trglabel = ./rh.V2_exvivo.thresh.label
regmethod = surface

srchemi = rh
trghemi = rh
trgsurface = white
srcsurfreg = sphere.reg
trgsurfreg = sphere.reg
usehash = 1
Use ProjAbs  = 0, 0
Use ProjFrac = 0, 0
DoPaint 0

SUBJECTS_DIR    /out/sourcedata/freesurfer
FREESURFER_HOME /opt/freesurfer
Loading source label.
Found 3437 points in source label.
Starting surface-based mapping
Reading source registration 
 /out/sourcedata/freesurfer/fsaverage/surf/rh.sphere.reg
Rescaling ...  original radius = 100
Reading target surface 
 /out/sourcedata/freesurfer/sub-v1s14x0051582_ses-1/surf/rh.white
Reading target registration 
 /out/sourcedata/freesurfer/sub-v1s14x0051582_ses-1/surf/rh.sphere.reg
Rescaling ...  original radius = 100
Building target registration hash (res=16).
Building source registration hash (res=16).
INFO: found  3437 nlabel points
Performing mapping from target back to the source label 155668
Number of reverse mapping hits = 1356
Checking for and removing duplicates
Writing label file ./rh.V2_exvivo.thresh.label 4793
mri_label2label: Done


 mri_label2label --srcsubject fsaverage --srclabel /out/sourcedata/freesurfer/fsaverage/label/rh.MT_exvivo.thresh.label --trgsubject sub-v1s14x0051582_ses-1 --trglabel ./rh.MT_exvivo.thresh.label --hemi rh --regmethod surface 


srclabel = /out/sourcedata/freesurfer/fsaverage/label/rh.MT_exvivo.thresh.label
srcsubject = fsaverage
trgsubject = sub-v1s14x0051582_ses-1
trglabel = ./rh.MT_exvivo.thresh.label
regmethod = surface

srchemi = rh
trghemi = rh
trgsurface = white
srcsurfreg = sphere.reg
trgsurfreg = sphere.reg
usehash = 1
Use ProjAbs  = 0, 0
Use ProjFrac = 0, 0
DoPaint 0

SUBJECTS_DIR    /out/sourcedata/freesurfer
FREESURFER_HOME /opt/freesurfer
Loading source label.
Found 268 points in source label.
Starting surface-based mapping
Reading source registration 
 /out/sourcedata/freesurfer/fsaverage/surf/rh.sphere.reg
Rescaling ...  original radius = 100
Reading target surface 
 /out/sourcedata/freesurfer/sub-v1s14x0051582_ses-1/surf/rh.white
Reading target registration 
 /out/sourcedata/freesurfer/sub-v1s14x0051582_ses-1/surf/rh.sphere.reg
Rescaling ...  original radius = 100
Building target registration hash (res=16).
Building source registration hash (res=16).
INFO: found  268 nlabel points
Performing mapping from target back to the source label 155668
Number of reverse mapping hits = 163
Checking for and removing duplicates
Writing label file ./rh.MT_exvivo.thresh.label 431
mri_label2label: Done


 mri_label2label --srcsubject fsaverage --srclabel /out/sourcedata/freesurfer/fsaverage/label/rh.entorhinal_exvivo.thresh.label --trgsubject sub-v1s14x0051582_ses-1 --trglabel ./rh.entorhinal_exvivo.thresh.label --hemi rh --regmethod surface 


srclabel = /out/sourcedata/freesurfer/fsaverage/label/rh.entorhinal_exvivo.thresh.label
srcsubject = fsaverage
trgsubject = sub-v1s14x0051582_ses-1
trglabel = ./rh.entorhinal_exvivo.thresh.label
regmethod = surface

srchemi = rh
trghemi = rh
trgsurface = white
srcsurfreg = sphere.reg
trgsurfreg = sphere.reg
usehash = 1
Use ProjAbs  = 0, 0
Use ProjFrac = 0, 0
DoPaint 0

SUBJECTS_DIR    /out/sourcedata/freesurfer
FREESURFER_HOME /opt/freesurfer
Loading source label.
Found 694 points in source label.
Starting surface-based mapping
Reading source registration 
 /out/sourcedata/freesurfer/fsaverage/surf/rh.sphere.reg
Rescaling ...  original radius = 100
Reading target surface 
 /out/sourcedata/freesurfer/sub-v1s14x0051582_ses-1/surf/rh.white
Reading target registration 
 /out/sourcedata/freesurfer/sub-v1s14x0051582_ses-1/surf/rh.sphere.reg
Rescaling ...  original radius = 100
Building target registration hash (res=16).
Building source registration hash (res=16).
INFO: found  694 nlabel points
Performing mapping from target back to the source label 155668
Number of reverse mapping hits = 48
Checking for and removing duplicates
Writing label file ./rh.entorhinal_exvivo.thresh.label 742
mri_label2label: Done


 mri_label2label --srcsubject fsaverage --srclabel /out/sourcedata/freesurfer/fsaverage/label/rh.perirhinal_exvivo.thresh.label --trgsubject sub-v1s14x0051582_ses-1 --trglabel ./rh.perirhinal_exvivo.thresh.label --hemi rh --regmethod surface 


srclabel = /out/sourcedata/freesurfer/fsaverage/label/rh.perirhinal_exvivo.thresh.label
srcsubject = fsaverage
trgsubject = sub-v1s14x0051582_ses-1
trglabel = ./rh.perirhinal_exvivo.thresh.label
regmethod = surface

srchemi = rh
trghemi = rh
trgsurface = white
srcsurfreg = sphere.reg
trgsurfreg = sphere.reg
usehash = 1
Use ProjAbs  = 0, 0
Use ProjFrac = 0, 0
DoPaint 0

SUBJECTS_DIR    /out/sourcedata/freesurfer
FREESURFER_HOME /opt/freesurfer
Loading source label.
Found 291 points in source label.
Starting surface-based mapping
Reading source registration 
 /out/sourcedata/freesurfer/fsaverage/surf/rh.sphere.reg
Rescaling ...  original radius = 100
Reading target surface 
 /out/sourcedata/freesurfer/sub-v1s14x0051582_ses-1/surf/rh.white
Reading target registration 
 /out/sourcedata/freesurfer/sub-v1s14x0051582_ses-1/surf/rh.sphere.reg
Rescaling ...  original radius = 100
Building target registration hash (res=16).
Building source registration hash (res=16).
INFO: found  291 nlabel points
Performing mapping from target back to the source label 155668
Number of reverse mapping hits = 22
Checking for and removing duplicates
Writing label file ./rh.perirhinal_exvivo.thresh.label 313
mri_label2label: Done


 mris_label2annot --s sub-v1s14x0051582_ses-1 --hemi rh --ctab /opt/freesurfer/average/colortable_BA.txt --l rh.BA1_exvivo.label --l rh.BA2_exvivo.label --l rh.BA3a_exvivo.label --l rh.BA3b_exvivo.label --l rh.BA4a_exvivo.label --l rh.BA4p_exvivo.label --l rh.BA6_exvivo.label --l rh.BA44_exvivo.label --l rh.BA45_exvivo.label --l rh.V1_exvivo.label --l rh.V2_exvivo.label --l rh.MT_exvivo.label --l rh.perirhinal_exvivo.label --l rh.entorhinal_exvivo.label --a BA_exvivo --maxstatwinner --noverbose 

Reading ctab /opt/freesurfer/average/colortable_BA.txt
Number of ctab entries 15

7.3.2
cwd /out/sourcedata/freesurfer/sub-v1s14x0051582_ses-1/label
cmdline mris_label2annot --s sub-v1s14x0051582_ses-1 --hemi rh --ctab /opt/freesurfer/average/colortable_BA.txt --l rh.BA1_exvivo.label --l rh.BA2_exvivo.label --l rh.BA3a_exvivo.label --l rh.BA3b_exvivo.label --l rh.BA4a_exvivo.label --l rh.BA4p_exvivo.label --l rh.BA6_exvivo.label --l rh.BA44_exvivo.label --l rh.BA45_exvivo.label --l rh.V1_exvivo.label --l rh.V2_exvivo.label --l rh.MT_exvivo.label --l rh.perirhinal_exvivo.label --l rh.entorhinal_exvivo.label --a BA_exvivo --maxstatwinner --noverbose 
sysname  Linux
hostname dna079
machine  x86_64
user     oesteban

subject sub-v1s14x0051582_ses-1
hemi    rh
SUBJECTS_DIR /out/sourcedata/freesurfer
ColorTable /opt/freesurfer/average/colortable_BA.txt
AnnotName  BA_exvivo
nlables 14
LabelThresh 0 0.000000
Loading /out/sourcedata/freesurfer/sub-v1s14x0051582_ses-1/surf/rh.orig
 1 1530880 BA1_exvivo
 2 16749699 BA2_exvivo
 3 16711680 BA3a_exvivo
 4 3368703 BA3b_exvivo
 5 1376196 BA4a_exvivo
 6 13382655 BA4p_exvivo
 7 10036737 BA6_exvivo
 8 2490521 BA44_exvivo
 9 39283 BA45_exvivo
10 3993 V1_exvivo
11 8508928 V2_exvivo
12 10027163 MT_exvivo
13 16422433 perirhinal_exvivo
14 16392598 entorhinal_exvivo
Mapping unhit to unknown
Found 106876 unhit vertices
Writing annot to /out/sourcedata/freesurfer/sub-v1s14x0051582_ses-1/label/rh.BA_exvivo.annot

 mris_label2annot --s sub-v1s14x0051582_ses-1 --hemi rh --ctab /opt/freesurfer/average/colortable_BA.txt --l rh.BA1_exvivo.thresh.label --l rh.BA2_exvivo.thresh.label --l rh.BA3a_exvivo.thresh.label --l rh.BA3b_exvivo.thresh.label --l rh.BA4a_exvivo.thresh.label --l rh.BA4p_exvivo.thresh.label --l rh.BA6_exvivo.thresh.label --l rh.BA44_exvivo.thresh.label --l rh.BA45_exvivo.thresh.label --l rh.V1_exvivo.thresh.label --l rh.V2_exvivo.thresh.label --l rh.MT_exvivo.thresh.label --l rh.perirhinal_exvivo.thresh.label --l rh.entorhinal_exvivo.thresh.label --a BA_exvivo.thresh --maxstatwinner --noverbose 

Reading ctab /opt/freesurfer/average/colortable_BA.txt
Number of ctab entries 15

7.3.2
cwd /out/sourcedata/freesurfer/sub-v1s14x0051582_ses-1/label
cmdline mris_label2annot --s sub-v1s14x0051582_ses-1 --hemi rh --ctab /opt/freesurfer/average/colortable_BA.txt --l rh.BA1_exvivo.thresh.label --l rh.BA2_exvivo.thresh.label --l rh.BA3a_exvivo.thresh.label --l rh.BA3b_exvivo.thresh.label --l rh.BA4a_exvivo.thresh.label --l rh.BA4p_exvivo.thresh.label --l rh.BA6_exvivo.thresh.label --l rh.BA44_exvivo.thresh.label --l rh.BA45_exvivo.thresh.label --l rh.V1_exvivo.thresh.label --l rh.V2_exvivo.thresh.label --l rh.MT_exvivo.thresh.label --l rh.perirhinal_exvivo.thresh.label --l rh.entorhinal_exvivo.thresh.label --a BA_exvivo.thresh --maxstatwinner --noverbose 
sysname  Linux
hostname dna079
machine  x86_64
user     oesteban

subject sub-v1s14x0051582_ses-1
hemi    rh
SUBJECTS_DIR /out/sourcedata/freesurfer
ColorTable /opt/freesurfer/average/colortable_BA.txt
AnnotName  BA_exvivo.thresh
nlables 14
LabelThresh 0 0.000000
Loading /out/sourcedata/freesurfer/sub-v1s14x0051582_ses-1/surf/rh.orig
 1 1530880 BA1_exvivo
 2 16749699 BA2_exvivo
 3 16711680 BA3a_exvivo
 4 3368703 BA3b_exvivo
 5 1376196 BA4a_exvivo
 6 13382655 BA4p_exvivo
 7 10036737 BA6_exvivo
 8 2490521 BA44_exvivo
 9 39283 BA45_exvivo
10 3993 V1_exvivo
11 8508928 V2_exvivo
12 10027163 MT_exvivo
13 16422433 perirhinal_exvivo
14 16392598 entorhinal_exvivo
Mapping unhit to unknown
Found 128912 unhit vertices
Writing annot to /out/sourcedata/freesurfer/sub-v1s14x0051582_ses-1/label/rh.BA_exvivo.thresh.annot

 mris_anatomical_stats -th3 -mgz -noglobal -f ../stats/rh.BA_exvivo.stats -b -a ./rh.BA_exvivo.annot -c ./BA_exvivo.ctab sub-v1s14x0051582_ses-1 rh white 

computing statistics for each annotation in ./rh.BA_exvivo.annot.
reading volume /out/sourcedata/freesurfer/sub-v1s14x0051582_ses-1/mri/wm.mgz...
reading input surface /out/sourcedata/freesurfer/sub-v1s14x0051582_ses-1/surf/rh.white...
reading input pial surface /out/sourcedata/freesurfer/sub-v1s14x0051582_ses-1/surf/rh.pial...
reading input white surface /out/sourcedata/freesurfer/sub-v1s14x0051582_ses-1/surf/rh.white...
INFO: using TH3 volume calc
INFO: assuming MGZ format for volumes.
INFO: not computing global stats
Using TH3 vertex volume calc
Total face volume 233244
Total vertex volume 233048 (mask=0)
Saving annotation colortable ./BA_exvivo.ctab

table columns are:
    number of vertices
    total surface area (mm^2)
    total gray matter volume (mm^3)
    average cortical thickness +- standard deviation (mm)
    integrated rectified mean curvature
    integrated rectified Gaussian curvature
    folding index
    intrinsic curvature index
    structure name

 1156    597   1672  2.109 0.732     0.119     0.028       15     1.3  BA1_exvivo
 3747   2355   3905  1.732 0.528     0.091     0.015       22     2.4  BA2_exvivo
 1248    809   1111  1.675 0.668     0.119     0.019       11     0.9  BA3a_exvivo
 2147   1343   2180  1.514 0.530     0.087     0.017       13     1.6  BA3b_exvivo
 2121   1160   2908  2.408 0.728     0.099     0.022       14     2.2  BA4a_exvivo
 1564    965   1810  1.964 0.638     0.108     0.024       12     1.6  BA4p_exvivo
 9444   5718  17146  2.601 0.619     0.099     0.019       70     7.5  BA6_exvivo
 4427   2890   6762  2.215 0.606     0.106     0.018       37     3.2  BA44_exvivo
 6004   4027  10389  2.224 0.668     0.116     0.022       54     5.7  BA45_exvivo
 4340   2791   4985  1.605 0.654     0.119     0.028       51     5.3  V1_exvivo
 8658   5796   8707  1.498 0.469     0.134     0.029      101    11.4  V2_exvivo
 3016   2007   3975  1.905 0.511     0.108     0.020       25     2.5  MT_exvivo
  354    236    708  2.805 0.883     0.081     0.025        2     0.3  perirhinal_exvivo
  566    389   1625  2.964 1.187     0.108     0.037        5     0.8  entorhinal_exvivo

 mris_anatomical_stats -th3 -mgz -f ../stats/rh.BA_exvivo.thresh.stats -noglobal -b -a ./rh.BA_exvivo.thresh.annot -c ./BA_exvivo.thresh.ctab sub-v1s14x0051582_ses-1 rh white 

computing statistics for each annotation in ./rh.BA_exvivo.thresh.annot.
reading volume /out/sourcedata/freesurfer/sub-v1s14x0051582_ses-1/mri/wm.mgz...
reading input surface /out/sourcedata/freesurfer/sub-v1s14x0051582_ses-1/surf/rh.white...
reading input pial surface /out/sourcedata/freesurfer/sub-v1s14x0051582_ses-1/surf/rh.pial...
reading input white surface /out/sourcedata/freesurfer/sub-v1s14x0051582_ses-1/surf/rh.white...
INFO: using TH3 volume calc
INFO: assuming MGZ format for volumes.
INFO: not computing global stats
Using TH3 vertex volume calc
Total face volume 233244
Total vertex volume 233048 (mask=0)
Saving annotation colortable ./BA_exvivo.thresh.ctab

table columns are:
    number of vertices
    total surface area (mm^2)
    total gray matter volume (mm^3)
    average cortical thickness +- standard deviation (mm)
    integrated rectified mean curvature
    integrated rectified Gaussian curvature
    folding index
    intrinsic curvature index
    structure name

  824    425   1225  2.124 0.740     0.114     0.028       11     0.9  BA1_exvivo
 2155   1332   2301  1.692 0.554     0.077     0.012       10     1.0  BA2_exvivo
 1130    733    936  1.623 0.634     0.127     0.020       12     0.8  BA3a_exvivo
 1662   1073   1452  1.348 0.373     0.079     0.014        8     1.0  BA3b_exvivo
 1378    682   2006  2.609 0.730     0.097     0.024       10     1.5  BA4a_exvivo
 1298    822   1478  1.919 0.670     0.112     0.024       10     1.5  BA4p_exvivo
 5820   3478  10330  2.554 0.669     0.099     0.018       44     4.5  BA6_exvivo
 1137    768   1970  2.374 0.518     0.101     0.018        9     0.8  BA44_exvivo
 1619   1117   3056  2.303 0.613     0.130     0.025       16     1.8  BA45_exvivo
 4120   2648   4702  1.614 0.654     0.117     0.028       48     4.9  V1_exvivo
 4587   3102   4536  1.415 0.479     0.139     0.030       57     6.3  V2_exvivo
  431    285    601  1.853 0.530     0.127     0.025        5     0.4  MT_exvivo
   31     19     55  2.990 0.534     0.037     0.009        0     0.0  perirhinal_exvivo
  564    377   1563  2.892 1.037     0.104     0.040        6     0.8  entorhinal_exvivo

Started at Sun Mar 8 22:22:09 CET 2026 
Ended   at Sun Mar 8 22:24:58 CET 2026
#@#%# recon-all-run-time-hours 0.047
recon-all -s sub-v1s14x0051582_ses-1 finished without error at Sun Mar  8 22:24:58 CET 2026
