
Sun Mar  8 18:49:57 CET 2026
cd /out/sourcedata/freesurfer/sub-v1s14x0051574_ses-1
setenv SUBJECTS_DIR /out/sourcedata/freesurfer
/opt/freesurfer/bin/recon-all -autorecon1 -i /work/fmriprep_25_2_wf/sub_v1s14x0051574_ses_1_wf/anat_fit_wf/anat_validate/sub-v1s14x0051574_ses-1_T1w_noise_corrected_ras_valid.nii.gz -noskullstrip -noT2pial -noFLAIRpial -openmp 16 -subjid sub-v1s14x0051574_ses-1 -sd /out/sourcedata/freesurfer

subjid sub-v1s14x0051574_ses-1
setenv SUBJECTS_DIR /out/sourcedata/freesurfer
FREESURFER_HOME /opt/freesurfer
Actual FREESURFER_HOME /opt/freesurfer
build-stamp.txt: freesurfer-linux-ubuntu22_x86_64-7.3.2-20220804-6354275
Linux dna078 5.14.0-427.37.1.el9_4.x86_64 #1 SMP PREEMPT_DYNAMIC Fri Sep 13 12:41:50 EDT 2024 x86_64 x86_64 x86_64 GNU/Linux
cputime      unlimited
filesize     unlimited
datasize     unlimited
stacksize    8192 kbytes
coredumpsize 0 kbytes
memoryuse    67108864 kbytes
vmemoryuse   unlimited
descriptors  1024 
memorylocked unlimited
maxproc      2061970 
maxlocks     unlimited
maxsignal    2062029 
maxmessage   819200 
maxnice      0 
maxrtprio    0 
maxrttime    unlimited

               total        used        free      shared  buff/cache   available
Mem:           503Gi        47Gi       419Gi       6.5Gi        36Gi       445Gi
Swap:             0B          0B          0B

########################################
program versions used
7.3.2 (freesurfer-linux-ubuntu22_x86_64-7.3.2-20220804-6354275)
7.3.2

ProgramName: lta_convert  ProgramArguments: lta_convert -all-info  ProgramVersion: 7.3.2  TimeStamp: 2026/03/08-17:49:57-GMT  BuildTime: Aug  4 2022 06:17:15  BuildStamp: freesurfer-linux-ubuntu22_x86_64-7.3.2-20220804-6354275  User: oesteban  Machine: dna078  Platform: Linux  PlatformVersion: 5.14.0-427.37.1.el9_4.x86_64  CompilerName: GCC  CompilerVersion: 8.4.0
ProgramName: mri_and  ProgramArguments: mri_and -all-info  ProgramVersion: 7.3.2  TimeStamp: 2026/03/08-17:49:57-GMT  BuildTime: Aug  4 2022 06:17:15  BuildStamp: freesurfer-linux-ubuntu22_x86_64-7.3.2-20220804-6354275  User: oesteban  Machine: dna078  Platform: Linux  PlatformVersion: 5.14.0-427.37.1.el9_4.x86_64  CompilerName: GCC  CompilerVersion: 8.4.0
ProgramName: mri_annotation2label  ProgramArguments: mri_annotation2label -all-info  ProgramVersion: 7.3.2  TimeStamp: 2026/03/08-17:49:57-GMT  BuildTime: Aug  4 2022 06:17:15  BuildStamp: freesurfer-linux-ubuntu22_x86_64-7.3.2-20220804-6354275  User: oesteban  Machine: dna078  Platform: Linux  PlatformVersion: 5.14.0-427.37.1.el9_4.x86_64  CompilerName: GCC  CompilerVersion: 8.4.0
ProgramName: mri_aparc2aseg  ProgramArguments: mri_aparc2aseg -all-info  ProgramVersion: 7.3.2  TimeStamp: 2026/03/08-17:49:57-GMT  BuildTime: Aug  4 2022 06:17:15  BuildStamp: freesurfer-linux-ubuntu22_x86_64-7.3.2-20220804-6354275  User: oesteban  Machine: dna078  Platform: Linux  PlatformVersion: 5.14.0-427.37.1.el9_4.x86_64  CompilerName: GCC  CompilerVersion: 8.4.0
ProgramName: mri_surf2volseg  ProgramArguments: mri_surf2volseg -all-info  ProgramVersion: 7.3.2  TimeStamp: 2026/03/08-17:49:57-GMT  BuildTime: Aug  4 2022 06:17:15  BuildStamp: freesurfer-linux-ubuntu22_x86_64-7.3.2-20220804-6354275  User: oesteban  Machine: dna078  Platform: Linux  PlatformVersion: 5.14.0-427.37.1.el9_4.x86_64  CompilerName: GCC  CompilerVersion: 8.4.0
ProgramName: mri_binarize  ProgramArguments: mri_binarize -all-info  ProgramVersion: 7.3.2  TimeStamp: 2026/03/08-17:49:57-GMT  BuildTime: Aug  4 2022 06:17:15  BuildStamp: freesurfer-linux-ubuntu22_x86_64-7.3.2-20220804-6354275  User: oesteban  Machine: dna078  Platform: Linux  PlatformVersion: 5.14.0-427.37.1.el9_4.x86_64  CompilerName: GCC  CompilerVersion: 8.4.0
ProgramName: mri_ca_label  ProgramArguments: mri_ca_label -all-info  ProgramVersion: 7.3.2  TimeStamp: 2026/03/08-17:49:57-GMT  BuildTime: Aug  4 2022 06:17:15  BuildStamp: freesurfer-linux-ubuntu22_x86_64-7.3.2-20220804-6354275  User: oesteban  Machine: dna078  Platform: Linux  PlatformVersion: 5.14.0-427.37.1.el9_4.x86_64  CompilerName: GCC  CompilerVersion: 8.4.0
ProgramName: mri_ca_normalize  ProgramArguments: mri_ca_normalize -all-info  ProgramVersion: 7.3.2  TimeStamp: 2026/03/08-17:49:57-GMT  BuildTime: Aug  4 2022 06:17:15  BuildStamp: freesurfer-linux-ubuntu22_x86_64-7.3.2-20220804-6354275  User: oesteban  Machine: dna078  Platform: Linux  PlatformVersion: 5.14.0-427.37.1.el9_4.x86_64  CompilerName: GCC  CompilerVersion: 8.4.0
ProgramName: mri_ca_register  ProgramArguments: mri_ca_register -all-info  ProgramVersion: 7.3.2  TimeStamp: 2026/03/08-17:49:57-GMT  BuildTime: Aug  4 2022 06:17:15  BuildStamp: freesurfer-linux-ubuntu22_x86_64-7.3.2-20220804-6354275  User: oesteban  Machine: dna078  Platform: Linux  PlatformVersion: 5.14.0-427.37.1.el9_4.x86_64  CompilerName: GCC  CompilerVersion: 8.4.0
ProgramName: mri_cc  ProgramArguments: mri_cc -all-info  ProgramVersion: 7.3.2  TimeStamp: 2026/03/08-17:49:57-GMT  BuildTime: Aug  4 2022 06:17:15  BuildStamp: freesurfer-linux-ubuntu22_x86_64-7.3.2-20220804-6354275  User: oesteban  Machine: dna078  Platform: Linux  PlatformVersion: 5.14.0-427.37.1.el9_4.x86_64  CompilerName: GCC  CompilerVersion: 8.4.0
ProgramName: mri_compute_overlap  ProgramArguments: mri_compute_overlap -all-info  ProgramVersion: 7.3.2  TimeStamp: 2026/03/08-17:49:57-GMT  BuildTime: Aug  4 2022 06:17:15  BuildStamp: freesurfer-linux-ubuntu22_x86_64-7.3.2-20220804-6354275  User: oesteban  Machine: dna078  Platform: Linux  PlatformVersion: 5.14.0-427.37.1.el9_4.x86_64  CompilerName: GCC  CompilerVersion: 8.4.0
ProgramName: mri_compute_seg_overlap  ProgramArguments: mri_compute_seg_overlap -all-info  ProgramVersion: 7.3.2  TimeStamp: 2026/03/08-17:49:57-GMT  BuildTime: Aug  4 2022 06:17:15  BuildStamp: freesurfer-linux-ubuntu22_x86_64-7.3.2-20220804-6354275  User: oesteban  Machine: dna078  Platform: Linux  PlatformVersion: 5.14.0-427.37.1.el9_4.x86_64  CompilerName: GCC  CompilerVersion: 8.4.0
ProgramName: mri_concat  ProgramArguments: mri_concat -all-info  ProgramVersion: 7.3.2  TimeStamp: 2026/03/08-17:49:57-GMT  BuildTime: Aug  4 2022 06:17:15  BuildStamp: freesurfer-linux-ubuntu22_x86_64-7.3.2-20220804-6354275  User: oesteban  Machine: dna078  Platform: Linux  PlatformVersion: 5.14.0-427.37.1.el9_4.x86_64  CompilerName: GCC  CompilerVersion: 8.4.0
ProgramName: mri_concatenate_lta  ProgramArguments: mri_concatenate_lta -all-info  ProgramVersion: 7.3.2  TimeStamp: 2026/03/08-17:49:57-GMT  BuildTime: Aug  4 2022 06:17:15  BuildStamp: freesurfer-linux-ubuntu22_x86_64-7.3.2-20220804-6354275  User: oesteban  Machine: dna078  Platform: Linux  PlatformVersion: 5.14.0-427.37.1.el9_4.x86_64  CompilerName: GCC  CompilerVersion: 8.4.0
mri_convert -all-info 
ProgramName: mri_convert  ProgramArguments: mri_convert -all-info  ProgramVersion: 7.3.2  TimeStamp: 2026/03/08-17:49:57-GMT  BuildTime: Aug  4 2022 06:17:15  BuildStamp: freesurfer-linux-ubuntu22_x86_64-7.3.2-20220804-6354275  User: oesteban  Machine: dna078  Platform: Linux  PlatformVersion: 5.14.0-427.37.1.el9_4.x86_64  CompilerName: GCC  CompilerVersion: 8.4.0
ProgramName: mri_diff  ProgramArguments: mri_diff -all-info  ProgramVersion: 7.3.2  TimeStamp: 2026/03/08-17:49:57-GMT  BuildTime: Aug  4 2022 06:17:15  BuildStamp: freesurfer-linux-ubuntu22_x86_64-7.3.2-20220804-6354275  User: oesteban  Machine: dna078  Platform: Linux  PlatformVersion: 5.14.0-427.37.1.el9_4.x86_64  CompilerName: GCC  CompilerVersion: 8.4.0
ProgramName: mri_edit_wm_with_aseg  ProgramArguments: mri_edit_wm_with_aseg -all-info  ProgramVersion: 7.3.2  TimeStamp: 2026/03/08-17:49:57-GMT  BuildTime: Aug  4 2022 06:17:15  BuildStamp: freesurfer-linux-ubuntu22_x86_64-7.3.2-20220804-6354275  User: oesteban  Machine: dna078  Platform: Linux  PlatformVersion: 5.14.0-427.37.1.el9_4.x86_64  CompilerName: GCC  CompilerVersion: 8.4.0
ProgramName: mri_em_register  ProgramArguments: mri_em_register -all-info  ProgramVersion: 7.3.2  TimeStamp: 2026/03/08-17:49:57-GMT  BuildTime: Aug  4 2022 06:17:15  BuildStamp: freesurfer-linux-ubuntu22_x86_64-7.3.2-20220804-6354275  User: oesteban  Machine: dna078  Platform: Linux  PlatformVersion: 5.14.0-427.37.1.el9_4.x86_64  CompilerName: GCC  CompilerVersion: 8.4.0
ProgramName: mri_fill  ProgramArguments: mri_fill -all-info  ProgramVersion: 7.3.2  TimeStamp: 2026/03/08-17:49:57-GMT  BuildTime: Aug  4 2022 06:17:15  BuildStamp: freesurfer-linux-ubuntu22_x86_64-7.3.2-20220804-6354275  User: oesteban  Machine: dna078  Platform: Linux  PlatformVersion: 5.14.0-427.37.1.el9_4.x86_64  CompilerName: GCC  CompilerVersion: 8.4.0
ProgramName: mri_fuse_segmentations  ProgramArguments: mri_fuse_segmentations -all-info  ProgramVersion: 7.3.2  TimeStamp: 2026/03/08-17:49:57-GMT  BuildTime: Aug  4 2022 06:17:15  BuildStamp: freesurfer-linux-ubuntu22_x86_64-7.3.2-20220804-6354275  User: oesteban  Machine: dna078  Platform: Linux  PlatformVersion: 5.14.0-427.37.1.el9_4.x86_64  CompilerName: GCC  CompilerVersion: 8.4.0
ProgramName: mri_fwhm  ProgramArguments: mri_fwhm -all-info  ProgramVersion: 7.3.2  TimeStamp: 2026/03/08-17:49:57-GMT  BuildTime: Aug  4 2022 06:17:15  BuildStamp: freesurfer-linux-ubuntu22_x86_64-7.3.2-20220804-6354275  User: oesteban  Machine: dna078  Platform: Linux  PlatformVersion: 5.14.0-427.37.1.el9_4.x86_64  CompilerName: GCC  CompilerVersion: 8.4.0
ProgramName: mri_gcut  ProgramArguments: mri_gcut -all-info  ProgramVersion: 7.3.2  TimeStamp: 2026/03/08-17:49:57-GMT  BuildTime: Aug  4 2022 06:17:15  BuildStamp: freesurfer-linux-ubuntu22_x86_64-7.3.2-20220804-6354275  User: oesteban  Machine: dna078  Platform: Linux  PlatformVersion: 5.14.0-427.37.1.el9_4.x86_64  CompilerName: GCC  CompilerVersion: 8.4.0
ProgramName: mri_info  ProgramArguments: mri_info -all-info  ProgramVersion: 7.3.2  TimeStamp: 2026/03/08-17:49:57-GMT  BuildTime: Aug  4 2022 06:17:15  BuildStamp: freesurfer-linux-ubuntu22_x86_64-7.3.2-20220804-6354275  User: oesteban  Machine: dna078  Platform: Linux  PlatformVersion: 5.14.0-427.37.1.el9_4.x86_64  CompilerName: GCC  CompilerVersion: 8.4.0
ProgramName: mri_label2label  ProgramArguments: mri_label2label -all-info  ProgramVersion: 7.3.2  TimeStamp: 2026/03/08-17:49:57-GMT  BuildTime: Aug  4 2022 06:17:15  BuildStamp: freesurfer-linux-ubuntu22_x86_64-7.3.2-20220804-6354275  User: oesteban  Machine: dna078  Platform: Linux  PlatformVersion: 5.14.0-427.37.1.el9_4.x86_64  CompilerName: GCC  CompilerVersion: 8.4.0
ProgramName: mri_label2vol  ProgramArguments: mri_label2vol -all-info  ProgramVersion: 7.3.2  TimeStamp: 2026/03/08-17:49:57-GMT  BuildTime: Aug  4 2022 06:17:15  BuildStamp: freesurfer-linux-ubuntu22_x86_64-7.3.2-20220804-6354275  User: oesteban  Machine: dna078  Platform: Linux  PlatformVersion: 5.14.0-427.37.1.el9_4.x86_64  CompilerName: GCC  CompilerVersion: 8.4.0
ProgramName: mri_log_likelihood  ProgramArguments: mri_log_likelihood -all-info  ProgramVersion: 7.3.2  TimeStamp: 2026/03/08-17:49:57-GMT  BuildTime: Aug  4 2022 06:17:15  BuildStamp: freesurfer-linux-ubuntu22_x86_64-7.3.2-20220804-6354275  User: oesteban  Machine: dna078  Platform: Linux  PlatformVersion: 5.14.0-427.37.1.el9_4.x86_64  CompilerName: GCC  CompilerVersion: 8.4.0
ProgramName: mri_mask  ProgramArguments: mri_mask -all-info  ProgramVersion: 7.3.2  TimeStamp: 2026/03/08-17:49:57-GMT  BuildTime: Aug  4 2022 06:17:15  BuildStamp: freesurfer-linux-ubuntu22_x86_64-7.3.2-20220804-6354275  User: oesteban  Machine: dna078  Platform: Linux  PlatformVersion: 5.14.0-427.37.1.el9_4.x86_64  CompilerName: GCC  CompilerVersion: 8.4.0
ProgramName: mri_matrix_multiply  ProgramArguments: mri_matrix_multiply -all-info  ProgramVersion: 7.3.2  TimeStamp: 2026/03/08-17:49:57-GMT  BuildTime: Aug  4 2022 06:17:15  BuildStamp: freesurfer-linux-ubuntu22_x86_64-7.3.2-20220804-6354275  User: oesteban  Machine: dna078  Platform: Linux  PlatformVersion: 5.14.0-427.37.1.el9_4.x86_64  CompilerName: GCC  CompilerVersion: 8.4.0
ProgramName: mri_normalize  ProgramArguments: mri_normalize -all-info  ProgramVersion: 7.3.2  TimeStamp: 2026/03/08-17:49:57-GMT  BuildTime: Aug  4 2022 06:17:15  BuildStamp: freesurfer-linux-ubuntu22_x86_64-7.3.2-20220804-6354275  User: oesteban  Machine: dna078  Platform: Linux  PlatformVersion: 5.14.0-427.37.1.el9_4.x86_64  CompilerName: GCC  CompilerVersion: 8.4.0
ProgramName: mri_normalize_tp2  ProgramArguments: mri_normalize_tp2 -all-info  ProgramVersion: 7.3.2  TimeStamp: 2026/03/08-17:49:57-GMT  BuildTime: Aug  4 2022 06:17:15  BuildStamp: freesurfer-linux-ubuntu22_x86_64-7.3.2-20220804-6354275  User: oesteban  Machine: dna078  Platform: Linux  PlatformVersion: 5.14.0-427.37.1.el9_4.x86_64  CompilerName: GCC  CompilerVersion: 8.4.0
ProgramName: mri_or  ProgramArguments: mri_or -all-info  ProgramVersion: 7.3.2  TimeStamp: 2026/03/08-17:49:57-GMT  BuildTime: Aug  4 2022 06:17:15  BuildStamp: freesurfer-linux-ubuntu22_x86_64-7.3.2-20220804-6354275  User: oesteban  Machine: dna078  Platform: Linux  PlatformVersion: 5.14.0-427.37.1.el9_4.x86_64  CompilerName: GCC  CompilerVersion: 8.4.0
ProgramName: mri_relabel_hypointensities  ProgramArguments: mri_relabel_hypointensities -all-info  ProgramVersion: 7.3.2  TimeStamp: 2026/03/08-17:49:57-GMT  BuildTime: Aug  4 2022 06:17:15  BuildStamp: freesurfer-linux-ubuntu22_x86_64-7.3.2-20220804-6354275  User: oesteban  Machine: dna078  Platform: Linux  PlatformVersion: 5.14.0-427.37.1.el9_4.x86_64  CompilerName: GCC  CompilerVersion: 8.4.0
ProgramName: mri_relabel_nonwm_hypos  ProgramArguments: mri_relabel_nonwm_hypos -all-info  ProgramVersion: 7.3.2  TimeStamp: 2026/03/08-17:49:57-GMT  BuildTime: Aug  4 2022 06:17:15  BuildStamp: freesurfer-linux-ubuntu22_x86_64-7.3.2-20220804-6354275  User: oesteban  Machine: dna078  Platform: Linux  PlatformVersion: 5.14.0-427.37.1.el9_4.x86_64  CompilerName: GCC  CompilerVersion: 8.4.0
ProgramName: mri_remove_neck  ProgramArguments: mri_remove_neck -all-info  ProgramVersion: 7.3.2  TimeStamp: 2026/03/08-17:49:57-GMT  BuildTime: Aug  4 2022 06:17:15  BuildStamp: freesurfer-linux-ubuntu22_x86_64-7.3.2-20220804-6354275  User: oesteban  Machine: dna078  Platform: Linux  PlatformVersion: 5.14.0-427.37.1.el9_4.x86_64  CompilerName: GCC  CompilerVersion: 8.4.0
7.3.2

ProgramName: mri_robust_register  ProgramArguments: mri_robust_register -all-info  ProgramVersion: 7.3.2  TimeStamp: 2026/03/08-17:49:57-GMT  BuildTime: Aug  4 2022 06:17:15  BuildStamp: freesurfer-linux-ubuntu22_x86_64-7.3.2-20220804-6354275  User: oesteban  Machine: dna078  Platform: Linux  PlatformVersion: 5.14.0-427.37.1.el9_4.x86_64  CompilerName: GCC  CompilerVersion: 8.4.0
7.3.2

ProgramName: mri_robust_template  ProgramArguments: mri_robust_template -all-info  ProgramVersion: 7.3.2  TimeStamp: 2026/03/08-17:49:57-GMT  BuildTime: Aug  4 2022 06:17:15  BuildStamp: freesurfer-linux-ubuntu22_x86_64-7.3.2-20220804-6354275  User: oesteban  Machine: dna078  Platform: Linux  PlatformVersion: 5.14.0-427.37.1.el9_4.x86_64  CompilerName: GCC  CompilerVersion: 8.4.0
ProgramName: mris_anatomical_stats  ProgramArguments: mris_anatomical_stats -all-info  ProgramVersion: 7.3.2  TimeStamp: 2026/03/08-17:49:57-GMT  BuildTime: Aug  4 2022 06:17:15  BuildStamp: freesurfer-linux-ubuntu22_x86_64-7.3.2-20220804-6354275  User: oesteban  Machine: dna078  Platform: Linux  PlatformVersion: 5.14.0-427.37.1.el9_4.x86_64  CompilerName: GCC  CompilerVersion: 8.4.0
ProgramName: mris_ca_label  ProgramArguments: mris_ca_label -all-info  ProgramVersion: 7.3.2  TimeStamp: 2026/03/08-17:49:57-GMT  BuildTime: Aug  4 2022 06:17:15  BuildStamp: freesurfer-linux-ubuntu22_x86_64-7.3.2-20220804-6354275  User: oesteban  Machine: dna078  Platform: Linux  PlatformVersion: 5.14.0-427.37.1.el9_4.x86_64  CompilerName: GCC  CompilerVersion: 8.4.0
ProgramName: mris_calc  ProgramArguments: mris_calc -all-info  ProgramVersion: 7.3.2  TimeStamp: 2026/03/08-17:49:57-GMT  BuildTime: Aug  4 2022 06:17:15  BuildStamp: freesurfer-linux-ubuntu22_x86_64-7.3.2-20220804-6354275  User: oesteban  Machine: dna078  Platform: Linux  PlatformVersion: 5.14.0-427.37.1.el9_4.x86_64  CompilerName: GCC  CompilerVersion: 8.4.0
ProgramName: mris_convert  ProgramArguments: mris_convert -all-info  ProgramVersion: 7.3.2  TimeStamp: 2026/03/08-17:49:57-GMT  BuildTime: Aug  4 2022 06:17:15  BuildStamp: freesurfer-linux-ubuntu22_x86_64-7.3.2-20220804-6354275  User: oesteban  Machine: dna078  Platform: Linux  PlatformVersion: 5.14.0-427.37.1.el9_4.x86_64  CompilerName: GCC  CompilerVersion: 8.4.0
ProgramName: mris_curvature  ProgramArguments: mris_curvature -all-info  ProgramVersion: 7.3.2  TimeStamp: 2026/03/08-17:49:57-GMT  BuildTime: Aug  4 2022 06:17:15  BuildStamp: freesurfer-linux-ubuntu22_x86_64-7.3.2-20220804-6354275  User: oesteban  Machine: dna078  Platform: Linux  PlatformVersion: 5.14.0-427.37.1.el9_4.x86_64  CompilerName: GCC  CompilerVersion: 8.4.0
ProgramName: mris_curvature_stats  ProgramArguments: mris_curvature_stats -all-info  ProgramVersion: 7.3.2  TimeStamp: 2026/03/08-17:49:57-GMT  BuildTime: Aug  4 2022 06:17:15  BuildStamp: freesurfer-linux-ubuntu22_x86_64-7.3.2-20220804-6354275  User: oesteban  Machine: dna078  Platform: Linux  PlatformVersion: 5.14.0-427.37.1.el9_4.x86_64  CompilerName: GCC  CompilerVersion: 8.4.0
ProgramName: mris_diff  ProgramArguments: mris_diff -all-info  ProgramVersion: 7.3.2  TimeStamp: 2026/03/08-17:49:57-GMT  BuildTime: Aug  4 2022 06:17:15  BuildStamp: freesurfer-linux-ubuntu22_x86_64-7.3.2-20220804-6354275  User: oesteban  Machine: dna078  Platform: Linux  PlatformVersion: 5.14.0-427.37.1.el9_4.x86_64  CompilerName: GCC  CompilerVersion: 8.4.0
ProgramName: mris_divide_parcellation  ProgramArguments: mris_divide_parcellation -all-info  ProgramVersion: 7.3.2  TimeStamp: 2026/03/08-17:49:57-GMT  BuildTime: Aug  4 2022 06:17:15  BuildStamp: freesurfer-linux-ubuntu22_x86_64-7.3.2-20220804-6354275  User: oesteban  Machine: dna078  Platform: Linux  PlatformVersion: 5.14.0-427.37.1.el9_4.x86_64  CompilerName: GCC  CompilerVersion: 8.4.0
ProgramName: mri_segment  ProgramArguments: mri_segment -all-info  ProgramVersion: 7.3.2  TimeStamp: 2026/03/08-17:49:57-GMT  BuildTime: Aug  4 2022 06:17:15  BuildStamp: freesurfer-linux-ubuntu22_x86_64-7.3.2-20220804-6354275  User: oesteban  Machine: dna078  Platform: Linux  PlatformVersion: 5.14.0-427.37.1.el9_4.x86_64  CompilerName: GCC  CompilerVersion: 8.4.0
ProgramName: mri_segstats  ProgramArguments: mri_segstats -all-info  ProgramVersion: 7.3.2  TimeStamp: 2026/03/08-17:49:57-GMT  BuildTime: Aug  4 2022 06:17:15  BuildStamp: freesurfer-linux-ubuntu22_x86_64-7.3.2-20220804-6354275  User: oesteban  Machine: dna078  Platform: Linux  PlatformVersion: 5.14.0-427.37.1.el9_4.x86_64  CompilerName: GCC  CompilerVersion: 8.4.0
ProgramName: mris_euler_number  ProgramArguments: mris_euler_number -all-info  ProgramVersion: 7.3.2  TimeStamp: 2026/03/08-17:49:57-GMT  BuildTime: Aug  4 2022 06:17:15  BuildStamp: freesurfer-linux-ubuntu22_x86_64-7.3.2-20220804-6354275  User: oesteban  Machine: dna078  Platform: Linux  PlatformVersion: 5.14.0-427.37.1.el9_4.x86_64  CompilerName: GCC  CompilerVersion: 8.4.0
ProgramName: mris_fix_topology  ProgramArguments: mris_fix_topology -all-info  ProgramVersion: 7.3.2  TimeStamp: 2026/03/08-17:49:57-GMT  BuildTime: Aug  4 2022 06:17:15  BuildStamp: freesurfer-linux-ubuntu22_x86_64-7.3.2-20220804-6354275  User: oesteban  Machine: dna078  Platform: Linux  PlatformVersion: 5.14.0-427.37.1.el9_4.x86_64  CompilerName: GCC  CompilerVersion: 8.4.0
ProgramName: mris_topo_fixer  ProgramArguments: mris_topo_fixer -all-info  ProgramVersion: 7.3.2  TimeStamp: 2026/03/08-17:49:57-GMT  BuildTime: Aug  4 2022 06:17:15  BuildStamp: freesurfer-linux-ubuntu22_x86_64-7.3.2-20220804-6354275  User: oesteban  Machine: dna078  Platform: Linux  PlatformVersion: 5.14.0-427.37.1.el9_4.x86_64  CompilerName: GCC  CompilerVersion: 8.4.0
ProgramName: mris_jacobian  ProgramArguments: mris_jacobian -all-info  ProgramVersion: 7.3.2  TimeStamp: 2026/03/08-17:49:57-GMT  BuildTime: Aug  4 2022 06:17:15  BuildStamp: freesurfer-linux-ubuntu22_x86_64-7.3.2-20220804-6354275  User: oesteban  Machine: dna078  Platform: Linux  PlatformVersion: 5.14.0-427.37.1.el9_4.x86_64  CompilerName: GCC  CompilerVersion: 8.4.0
ProgramName: mris_label2annot  ProgramArguments: mris_label2annot -all-info  ProgramVersion: 7.3.2  TimeStamp: 2026/03/08-17:49:57-GMT  BuildTime: Aug  4 2022 06:17:15  BuildStamp: freesurfer-linux-ubuntu22_x86_64-7.3.2-20220804-6354275  User: oesteban  Machine: dna078  Platform: Linux  PlatformVersion: 5.14.0-427.37.1.el9_4.x86_64  CompilerName: GCC  CompilerVersion: 8.4.0
ProgramName: mris_left_right_register  ProgramArguments: mris_left_right_register -all-info  ProgramVersion: 7.3.2  TimeStamp: 2026/03/08-17:49:57-GMT  BuildTime: Aug  4 2022 06:17:15  BuildStamp: freesurfer-linux-ubuntu22_x86_64-7.3.2-20220804-6354275  User: oesteban  Machine: dna078  Platform: Linux  PlatformVersion: 5.14.0-427.37.1.el9_4.x86_64  CompilerName: GCC  CompilerVersion: 8.4.0
ProgramName: mris_place_surface  ProgramArguments: mris_place_surface -all-info  ProgramVersion: 7.3.2  TimeStamp: 2026/03/08-17:49:57-GMT  BuildTime: Aug  4 2022 06:17:15  BuildStamp: freesurfer-linux-ubuntu22_x86_64-7.3.2-20220804-6354275  User: oesteban  Machine: dna078  Platform: Linux  PlatformVersion: 5.14.0-427.37.1.el9_4.x86_64  CompilerName: GCC  CompilerVersion: 8.4.0
ProgramName: mrisp_paint  ProgramArguments: mrisp_paint -all-info  ProgramVersion: 7.3.2  TimeStamp: 2026/03/08-17:49:57-GMT  BuildTime: Aug  4 2022 06:17:15  BuildStamp: freesurfer-linux-ubuntu22_x86_64-7.3.2-20220804-6354275  User: oesteban  Machine: dna078  Platform: Linux  PlatformVersion: 5.14.0-427.37.1.el9_4.x86_64  CompilerName: GCC  CompilerVersion: 8.4.0
ProgramName: mris_register  ProgramArguments: mris_register -all-info  ProgramVersion: 7.3.2  TimeStamp: 2026/03/08-17:49:57-GMT  BuildTime: Aug  4 2022 06:17:15  BuildStamp: freesurfer-linux-ubuntu22_x86_64-7.3.2-20220804-6354275  User: oesteban  Machine: dna078  Platform: Linux  PlatformVersion: 5.14.0-427.37.1.el9_4.x86_64  CompilerName: GCC  CompilerVersion: 8.4.0
ProgramName: mris_smooth  ProgramArguments: mris_smooth -all-info  ProgramVersion: 7.3.2  TimeStamp: 2026/03/08-17:49:57-GMT  BuildTime: Aug  4 2022 06:17:15  BuildStamp: freesurfer-linux-ubuntu22_x86_64-7.3.2-20220804-6354275  User: oesteban  Machine: dna078  Platform: Linux  PlatformVersion: 5.14.0-427.37.1.el9_4.x86_64  CompilerName: GCC  CompilerVersion: 8.4.0
ProgramName: mris_sphere  ProgramArguments: mris_sphere -all-info  ProgramVersion: 7.3.2  TimeStamp: 2026/03/08-17:49:57-GMT  BuildTime: Aug  4 2022 06:17:15  BuildStamp: freesurfer-linux-ubuntu22_x86_64-7.3.2-20220804-6354275  User: oesteban  Machine: dna078  Platform: Linux  PlatformVersion: 5.14.0-427.37.1.el9_4.x86_64  CompilerName: GCC  CompilerVersion: 8.4.0
ProgramName: mris_surface_stats  ProgramArguments: mris_surface_stats -all-info  ProgramVersion: 7.3.2  TimeStamp: 2026/03/08-17:49:57-GMT  BuildTime: Aug  4 2022 06:17:15  BuildStamp: freesurfer-linux-ubuntu22_x86_64-7.3.2-20220804-6354275  User: oesteban  Machine: dna078  Platform: Linux  PlatformVersion: 5.14.0-427.37.1.el9_4.x86_64  CompilerName: GCC  CompilerVersion: 8.4.0
ProgramName: mri_stats2seg  ProgramArguments: mri_stats2seg -all-info  ProgramVersion: 7.3.2  TimeStamp: 2026/03/08-17:49:57-GMT  BuildTime: Aug  4 2022 06:17:15  BuildStamp: freesurfer-linux-ubuntu22_x86_64-7.3.2-20220804-6354275  User: oesteban  Machine: dna078  Platform: Linux  PlatformVersion: 5.14.0-427.37.1.el9_4.x86_64  CompilerName: GCC  CompilerVersion: 8.4.0
ProgramName: mris_thickness  ProgramArguments: mris_thickness -all-info  ProgramVersion: 7.3.2  TimeStamp: 2026/03/08-17:49:57-GMT  BuildTime: Aug  4 2022 06:17:15  BuildStamp: freesurfer-linux-ubuntu22_x86_64-7.3.2-20220804-6354275  User: oesteban  Machine: dna078  Platform: Linux  PlatformVersion: 5.14.0-427.37.1.el9_4.x86_64  CompilerName: GCC  CompilerVersion: 8.4.0
ProgramName: mris_thickness_diff  ProgramArguments: mris_thickness_diff -all-info  ProgramVersion: 7.3.2  TimeStamp: 2026/03/08-17:49:57-GMT  BuildTime: Aug  4 2022 06:17:15  BuildStamp: freesurfer-linux-ubuntu22_x86_64-7.3.2-20220804-6354275  User: oesteban  Machine: dna078  Platform: Linux  PlatformVersion: 5.14.0-427.37.1.el9_4.x86_64  CompilerName: GCC  CompilerVersion: 8.4.0
ProgramName: mris_topo_fixer  ProgramArguments: mris_topo_fixer -all-info  ProgramVersion: 7.3.2  TimeStamp: 2026/03/08-17:49:57-GMT  BuildTime: Aug  4 2022 06:17:15  BuildStamp: freesurfer-linux-ubuntu22_x86_64-7.3.2-20220804-6354275  User: oesteban  Machine: dna078  Platform: Linux  PlatformVersion: 5.14.0-427.37.1.el9_4.x86_64  CompilerName: GCC  CompilerVersion: 8.4.0
ProgramName: mri_surf2surf  ProgramArguments: mri_surf2surf -all-info  ProgramVersion: 7.3.2  TimeStamp: 2026/03/08-17:49:57-GMT  BuildTime: Aug  4 2022 06:17:15  BuildStamp: freesurfer-linux-ubuntu22_x86_64-7.3.2-20220804-6354275  User: oesteban  Machine: dna078  Platform: Linux  PlatformVersion: 5.14.0-427.37.1.el9_4.x86_64  CompilerName: GCC  CompilerVersion: 8.4.0
ProgramName: mri_surf2vol  ProgramArguments: mri_surf2vol -all-info  ProgramVersion: 7.3.2  TimeStamp: 2026/03/08-17:49:57-GMT  BuildTime: Aug  4 2022 06:17:15  BuildStamp: freesurfer-linux-ubuntu22_x86_64-7.3.2-20220804-6354275  User: oesteban  Machine: dna078  Platform: Linux  PlatformVersion: 5.14.0-427.37.1.el9_4.x86_64  CompilerName: GCC  CompilerVersion: 8.4.0
ProgramName: mri_surfcluster  ProgramArguments: mri_surfcluster -all-info  ProgramVersion: 7.3.2  TimeStamp: 2026/03/08-17:49:57-GMT  BuildTime: Aug  4 2022 06:17:15  BuildStamp: freesurfer-linux-ubuntu22_x86_64-7.3.2-20220804-6354275  User: oesteban  Machine: dna078  Platform: Linux  PlatformVersion: 5.14.0-427.37.1.el9_4.x86_64  CompilerName: GCC  CompilerVersion: 8.4.0
ProgramName: mris_volmask  ProgramArguments: mris_volmask -all-info  ProgramVersion: 7.3.2  TimeStamp: 2026/03/08-17:49:57-GMT  BuildTime: Aug  4 2022 06:17:15  BuildStamp: freesurfer-linux-ubuntu22_x86_64-7.3.2-20220804-6354275  User: oesteban  Machine: dna078  Platform: Linux  PlatformVersion: 5.14.0-427.37.1.el9_4.x86_64  CompilerName: GCC  CompilerVersion: 8.4.0
ProgramName: mri_tessellate  ProgramArguments: mri_tessellate -all-info  ProgramVersion: 7.3.2  TimeStamp: 2026/03/08-17:49:57-GMT  BuildTime: Aug  4 2022 06:17:15  BuildStamp: freesurfer-linux-ubuntu22_x86_64-7.3.2-20220804-6354275  User: oesteban  Machine: dna078  Platform: Linux  PlatformVersion: 5.14.0-427.37.1.el9_4.x86_64  CompilerName: GCC  CompilerVersion: 8.4.0
ProgramName: mri_vol2surf  ProgramArguments: mri_vol2surf -all-info  ProgramVersion: 7.3.2  TimeStamp: 2026/03/08-17:49:57-GMT  BuildTime: Aug  4 2022 06:17:15  BuildStamp: freesurfer-linux-ubuntu22_x86_64-7.3.2-20220804-6354275  User: oesteban  Machine: dna078  Platform: Linux  PlatformVersion: 5.14.0-427.37.1.el9_4.x86_64  CompilerName: GCC  CompilerVersion: 8.4.0
ProgramName: mri_vol2vol  ProgramArguments: mri_vol2vol -all-info  ProgramVersion: 7.3.2  TimeStamp: 2026/03/08-17:49:57-GMT  BuildTime: Aug  4 2022 06:17:15  BuildStamp: freesurfer-linux-ubuntu22_x86_64-7.3.2-20220804-6354275  User: oesteban  Machine: dna078  Platform: Linux  PlatformVersion: 5.14.0-427.37.1.el9_4.x86_64  CompilerName: GCC  CompilerVersion: 8.4.0
ProgramName: mri_voldiff  ProgramArguments: mri_voldiff -all-info  ProgramVersion: 7.3.2  TimeStamp: 2026/03/08-17:49:58-GMT  BuildTime: Aug  4 2022 06:17:15  BuildStamp: freesurfer-linux-ubuntu22_x86_64-7.3.2-20220804-6354275  User: oesteban  Machine: dna078  Platform: Linux  PlatformVersion: 5.14.0-427.37.1.el9_4.x86_64  CompilerName: GCC  CompilerVersion: 8.4.0
ProgramName: mri_watershed  ProgramArguments: mri_watershed -all-info  ProgramVersion: 7.3.2  TimeStamp: 2026/03/08-17:49:58-GMT  BuildTime: Aug  4 2022 06:17:15  BuildStamp: freesurfer-linux-ubuntu22_x86_64-7.3.2-20220804-6354275  User: oesteban  Machine: dna078  Platform: Linux  PlatformVersion: 5.14.0-427.37.1.el9_4.x86_64  CompilerName: GCC  CompilerVersion: 8.4.0
ProgramName: tkregister2  ProgramArguments: tkregister2_cmdl -all-info  ProgramVersion: 7.3.2  TimeStamp: 2026/03/08-17:49:58-GMT  BuildTime: Aug  4 2022 06:17:15  BuildStamp: freesurfer-linux-ubuntu22_x86_64-7.3.2-20220804-6354275  User: oesteban  Machine: dna078  Platform: Linux  PlatformVersion: 5.14.0-427.37.1.el9_4.x86_64  CompilerName: GCC  CompilerVersion: 8.4.0
mri_motion_correct.fsl 7.3.2
mri_convert -all-info 
ProgramName: mri_convert  ProgramArguments: mri_convert -all-info  ProgramVersion: 7.3.2  TimeStamp: 2026/03/08-17:49:58-GMT  BuildTime: Aug  4 2022 06:17:15  BuildStamp: freesurfer-linux-ubuntu22_x86_64-7.3.2-20220804-6354275  User: oesteban  Machine: dna078  Platform: Linux  PlatformVersion: 5.14.0-427.37.1.el9_4.x86_64  CompilerName: GCC  CompilerVersion: 8.4.0
Program nu_correct, built from:
Package MNI N3, version 1.12.0, compiled by nicks@terrier (x86_64-unknown-linux-gnu) on 2015-06-19 at 01:25:34
#######################################
GCADIR /opt/freesurfer/average
GCA RB_all_2020-01-02.gca
GCASkull RB_all_withskull_2020_01_02.gca
AvgCurvTif folding.atlas.acfb40.noaparc.i12.2016-08-02.tif
GCSDIR /opt/freesurfer/average
GCS DKaparc.atlas.acfb40.noaparc.i12.2016-08-02.gcs
#######################################
/out/sourcedata/freesurfer/sub-v1s14x0051574_ses-1

 mri_convert /work/fmriprep_25_2_wf/sub_v1s14x0051574_ses_1_wf/anat_fit_wf/anat_validate/sub-v1s14x0051574_ses-1_T1w_noise_corrected_ras_valid.nii.gz /out/sourcedata/freesurfer/sub-v1s14x0051574_ses-1/mri/orig/001.mgz 

mri_convert /work/fmriprep_25_2_wf/sub_v1s14x0051574_ses_1_wf/anat_fit_wf/anat_validate/sub-v1s14x0051574_ses-1_T1w_noise_corrected_ras_valid.nii.gz /out/sourcedata/freesurfer/sub-v1s14x0051574_ses-1/mri/orig/001.mgz 
reading from /work/fmriprep_25_2_wf/sub_v1s14x0051574_ses_1_wf/anat_fit_wf/anat_validate/sub-v1s14x0051574_ses-1_T1w_noise_corrected_ras_valid.nii.gz...
TR=0.00, TE=0.00, TI=0.00, flip angle=0.00
i_ras = (0.999935, -0.00551128, 0.00995636)
j_ras = (0.00506117, 0.998988, 0.0446817)
k_ras = (-0.0101925, -0.0446284, 0.998952)
writing to /out/sourcedata/freesurfer/sub-v1s14x0051574_ses-1/mri/orig/001.mgz...
#--------------------------------------------
#@# MotionCor Sun Mar  8 18:49:59 CET 2026
Found 1 runs
/out/sourcedata/freesurfer/sub-v1s14x0051574_ses-1/mri/orig/001.mgz
Checking for (invalid) multi-frame inputs...
Only one run found so motion
correction will not be performed. I'll
copy the run to rawavg and continue.

 cp /out/sourcedata/freesurfer/sub-v1s14x0051574_ses-1/mri/orig/001.mgz /out/sourcedata/freesurfer/sub-v1s14x0051574_ses-1/mri/rawavg.mgz 


 mri_info /out/sourcedata/freesurfer/sub-v1s14x0051574_ses-1/mri/rawavg.mgz 

rawavg.mgz ========================================
Volume information for /out/sourcedata/freesurfer/sub-v1s14x0051574_ses-1/mri/rawavg.mgz
          type: MGH
    dimensions: 256 x 256 x 170
   voxel sizes: 1.000000, 1.000000, 1.000000
          type: FLOAT (3)
           fov: 256.000
           dof: 1
        xstart: -128.0, xend: 128.0
        ystart: -128.0, yend: 128.0
        zstart: -85.0, zend: 85.0
            TR: 0.00 msec, TE: 0.00 msec, TI: 0.00 msec, flip angle: 0.00 degrees
       nframes: 1
       PhEncDir: UNKNOWN
       FieldStrength: 0.000000
ras xform present
    xform info: x_r =   0.9999, y_r =   0.0051, z_r =  -0.0102, c_r =     2.3469
              : x_a =  -0.0055, y_a =   0.9990, z_a =  -0.0446, c_a =    29.4089
              : x_s =   0.0100, y_s =   0.0447, z_s =   0.9990, c_s =     5.5791

talairach xfm : 
Orientation   : RAS
Primary Slice Direction: axial

voxel to ras transform:
                0.9999   0.0051  -0.0102  -125.4262
               -0.0055   0.9990  -0.0446   -93.9627
                0.0100   0.0447   0.9990   -86.3254
                0.0000   0.0000   0.0000     1.0000

voxel-to-ras determinant 1

ras to voxel transform:
                0.9999  -0.0055   0.0100   125.7597
                0.0051   0.9990   0.0447    98.3597
               -0.0102  -0.0446   0.9990    80.7631
                0.0000   0.0000   0.0000     1.0000
/out/sourcedata/freesurfer/sub-v1s14x0051574_ses-1

 mri_convert /out/sourcedata/freesurfer/sub-v1s14x0051574_ses-1/mri/rawavg.mgz /out/sourcedata/freesurfer/sub-v1s14x0051574_ses-1/mri/orig.mgz --conform 

mri_convert /out/sourcedata/freesurfer/sub-v1s14x0051574_ses-1/mri/rawavg.mgz /out/sourcedata/freesurfer/sub-v1s14x0051574_ses-1/mri/orig.mgz --conform 
reading from /out/sourcedata/freesurfer/sub-v1s14x0051574_ses-1/mri/rawavg.mgz...
TR=0.00, TE=0.00, TI=0.00, flip angle=0.00
i_ras = (0.999935, -0.00551128, 0.00995636)
j_ras = (0.00506117, 0.998988, 0.0446817)
k_ras = (-0.0101925, -0.0446284, 0.998952)
changing data type from float to uchar (noscale = 0)...
MRIchangeType: Building histogram -0.000694275 1123.95 1000, flo=0, fhi=0.999, dest_type=0
Reslicing using trilinear interpolation 
writing to /out/sourcedata/freesurfer/sub-v1s14x0051574_ses-1/mri/orig.mgz...

 mri_add_xform_to_header -c /out/sourcedata/freesurfer/sub-v1s14x0051574_ses-1/mri/transforms/talairach.xfm /out/sourcedata/freesurfer/sub-v1s14x0051574_ses-1/mri/orig.mgz /out/sourcedata/freesurfer/sub-v1s14x0051574_ses-1/mri/orig.mgz 

INFO: extension is mgz

 mri_info /out/sourcedata/freesurfer/sub-v1s14x0051574_ses-1/mri/orig.mgz 

orig.mgz ========================================
Volume information for /out/sourcedata/freesurfer/sub-v1s14x0051574_ses-1/mri/orig.mgz
          type: MGH
    dimensions: 256 x 256 x 256
   voxel sizes: 1.000000, 1.000000, 1.000000
          type: UCHAR (0)
           fov: 256.000
           dof: 1
        xstart: -128.0, xend: 128.0
        ystart: -128.0, yend: 128.0
        zstart: -128.0, zend: 128.0
            TR: 0.00 msec, TE: 0.00 msec, TI: 0.00 msec, flip angle: 0.00 degrees
       nframes: 1
       PhEncDir: UNKNOWN
       FieldStrength: 0.000000
ras xform present
    xform info: x_r =  -1.0000, y_r =   0.0000, z_r =  -0.0000, c_r =     2.3469
              : x_a =  -0.0000, y_a =   0.0000, z_a =   1.0000, c_a =    29.4089
              : x_s =  -0.0000, y_s =  -1.0000, z_s =   0.0000, c_s =     5.5792

talairach xfm : /out/sourcedata/freesurfer/sub-v1s14x0051574_ses-1/mri/transforms/talairach.xfm
Orientation   : LIA
Primary Slice Direction: coronal

voxel to ras transform:
               -1.0000   0.0000  -0.0000   130.3469
               -0.0000   0.0000   1.0000   -98.5911
               -0.0000  -1.0000   0.0000   133.5792
                0.0000   0.0000   0.0000     1.0000

voxel-to-ras determinant -1

ras to voxel transform:
               -1.0000  -0.0000  -0.0000   130.3469
                0.0000   0.0000  -1.0000   133.5792
               -0.0000   1.0000  -0.0000    98.5911
               -0.0000  -0.0000  -0.0000     1.0000
#--------------------------------------------
#@# Talairach Sun Mar  8 18:50:04 CET 2026
/out/sourcedata/freesurfer/sub-v1s14x0051574_ses-1/mri

 mri_nu_correct.mni --no-rescale --i orig.mgz --o orig_nu.mgz --ants-n4 --n 1 --proto-iters 1000 --distance 50 

/usr/bin/bc
/out/sourcedata/freesurfer/sub-v1s14x0051574_ses-1/mri
/opt/freesurfer/bin/mri_nu_correct.mni
--no-rescale --i orig.mgz --o orig_nu.mgz --ants-n4 --n 1 --proto-iters 1000 --distance 50
nIters 1
mri_nu_correct.mni 7.3.2
Linux dna078 5.14.0-427.37.1.el9_4.x86_64 #1 SMP PREEMPT_DYNAMIC Fri Sep 13 12:41:50 EDT 2024 x86_64 x86_64 x86_64 GNU/Linux
Sun Mar  8 18:50:04 CET 2026
tmpdir is ./tmp.mri_nu_correct.mni.3011365
cd /out/sourcedata/freesurfer/sub-v1s14x0051574_ses-1/mri
AntsN4BiasFieldCorrectionFs -i orig.mgz -o ./tmp.mri_nu_correct.mni.3011365/nu0.mgz --dtype uchar
AntsN4BiasFieldCorrectionFs done
mri_convert ./tmp.mri_nu_correct.mni.3011365/nu0.mgz orig_nu.mgz --like orig.mgz --conform
mri_convert ./tmp.mri_nu_correct.mni.3011365/nu0.mgz orig_nu.mgz --like orig.mgz --conform 
reading from ./tmp.mri_nu_correct.mni.3011365/nu0.mgz...
TR=0.00, TE=0.00, TI=0.00, flip angle=0.00
i_ras = (-1, -1.74623e-10, -9.31323e-10)
j_ras = (0, 0, -1)
k_ras = (-2.91038e-10, 1, 0)
INFO: transform src into the like-volume: orig.mgz
writing to orig_nu.mgz...
 
 
Sun Mar  8 18:52:37 CET 2026
mri_nu_correct.mni done

 talairach_avi --i orig_nu.mgz --xfm transforms/talairach.auto.xfm 

talairach_avi log file is transforms/talairach_avi.log...
mv -f /out/sourcedata/freesurfer/sub-v1s14x0051574_ses-1/mri/talsrcimg_to_711-2C_as_mni_average_305_t4_vox2vox.txt /out/sourcedata/freesurfer/sub-v1s14x0051574_ses-1/mri/transforms/talsrcimg_to_711-2C_as_mni_average_305_t4_vox2vox.txt
Started at Sun Mar 8 18:52:37 CET 2026
Ended   at Sun Mar  8 18:52:52 CET 2026
talairach_avi done

 cp transforms/talairach.auto.xfm transforms/talairach.xfm 

lta_convert --src orig.mgz --trg /opt/freesurfer/average/mni305.cor.mgz --inxfm transforms/talairach.xfm --outlta transforms/talairach.xfm.lta --subject fsaverage --ltavox2vox
7.3.2

--src: orig.mgz src image (geometry).
--trg: /opt/freesurfer/average/mni305.cor.mgz trg image (geometry).
--inmni: transforms/talairach.xfm input MNI/XFM transform.
--outlta: transforms/talairach.xfm.lta output LTA.
--s: fsaverage subject name
--ltavox2vox: output LTA as VOX_TO_VOX transform.
 LTA read, type : 1
 1.10892   0.02504  -0.01108  -0.39859;
-0.09902   1.11791   0.22019  -28.79202;
 0.01971  -0.22739   1.17874   3.61629;
 0.00000   0.00000   0.00000   1.00000;
setting subject to fsaverage
Writing  LTA to file transforms/talairach.xfm.lta...
lta_convert successful.
#--------------------------------------------
#@# Talairach Failure Detection Sun Mar  8 18:52:54 CET 2026
/out/sourcedata/freesurfer/sub-v1s14x0051574_ses-1/mri

 talairach_afd -T 0.005 -xfm transforms/talairach.xfm 

talairach_afd: Talairach Transform: transforms/talairach.xfm OK (p=0.8141, pval=0.8469 >= threshold=0.0050)

 awk -f /opt/freesurfer/bin/extract_talairach_avi_QA.awk /out/sourcedata/freesurfer/sub-v1s14x0051574_ses-1/mri/transforms/talairach_avi.log 


 tal_QC_AZS /out/sourcedata/freesurfer/sub-v1s14x0051574_ses-1/mri/transforms/talairach_avi.log 

TalAviQA: 0.97466
z-score: 0
#--------------------------------------------
#@# Nu Intensity Correction Sun Mar  8 18:52:54 CET 2026

 mri_nu_correct.mni --i orig.mgz --o nu.mgz --uchar transforms/talairach.xfm --n 2 --ants-n4 

/usr/bin/bc
/out/sourcedata/freesurfer/sub-v1s14x0051574_ses-1/mri
/opt/freesurfer/bin/mri_nu_correct.mni
--i orig.mgz --o nu.mgz --uchar transforms/talairach.xfm --n 2 --ants-n4
nIters 2
mri_nu_correct.mni 7.3.2
Linux dna078 5.14.0-427.37.1.el9_4.x86_64 #1 SMP PREEMPT_DYNAMIC Fri Sep 13 12:41:50 EDT 2024 x86_64 x86_64 x86_64 GNU/Linux
Sun Mar  8 18:52:54 CET 2026
tmpdir is ./tmp.mri_nu_correct.mni.3012433
cd /out/sourcedata/freesurfer/sub-v1s14x0051574_ses-1/mri
AntsN4BiasFieldCorrectionFs -i orig.mgz -o ./tmp.mri_nu_correct.mni.3012433/nu0.mgz --dtype uchar
AntsN4BiasFieldCorrectionFs done
mri_binarize --i ./tmp.mri_nu_correct.mni.3012433/nu0.mgz --min -1 --o ./tmp.mri_nu_correct.mni.3012433/ones.mgz

7.3.2
cwd /out/sourcedata/freesurfer/sub-v1s14x0051574_ses-1/mri
cmdline mri_binarize --i ./tmp.mri_nu_correct.mni.3012433/nu0.mgz --min -1 --o ./tmp.mri_nu_correct.mni.3012433/ones.mgz 
sysname  Linux
hostname dna078
machine  x86_64
user     oesteban

input      ./tmp.mri_nu_correct.mni.3012433/nu0.mgz
frame      0
nErode3d   0
nErode2d   0
output     ./tmp.mri_nu_correct.mni.3012433/ones.mgz
Binarizing based on threshold
min        -1
max        +infinity
binval        1
binvalnot     0
fstart = 0, fend = 0, nframes = 1
Starting parallel 1
Found 16777216 values in range
Counting number of voxels in first frame
Found 16777215 voxels in final mask
Writing output to ./tmp.mri_nu_correct.mni.3012433/ones.mgz
Count: 16777215 16777215.000000 16777216 99.999994
mri_binarize done
mri_segstats --id 1 --seg ./tmp.mri_nu_correct.mni.3012433/ones.mgz --i orig.mgz --sum ./tmp.mri_nu_correct.mni.3012433/sum.junk --avgwf ./tmp.mri_nu_correct.mni.3012433/input.mean.dat

7.3.2
cwd 
cmdline mri_segstats --id 1 --seg ./tmp.mri_nu_correct.mni.3012433/ones.mgz --i orig.mgz --sum ./tmp.mri_nu_correct.mni.3012433/sum.junk --avgwf ./tmp.mri_nu_correct.mni.3012433/input.mean.dat 
sysname  Linux
hostname dna078
machine  x86_64
user     oesteban
whitesurfname  white
UseRobust  0
Loading ./tmp.mri_nu_correct.mni.3012433/ones.mgz
Loading orig.mgz
Voxel Volume is 1 mm^3
Generating list of segmentation ids
Found   1 segmentations
Computing statistics for each segmentation

Reporting on   1 segmentations
Using PrintSegStat
Computing spatial average of each frame

Writing to ./tmp.mri_nu_correct.mni.3012433/input.mean.dat
mri_segstats done
mri_segstats --id 1 --seg ./tmp.mri_nu_correct.mni.3012433/ones.mgz --i ./tmp.mri_nu_correct.mni.3012433/nu0.mgz --sum ./tmp.mri_nu_correct.mni.3012433/sum.junk --avgwf ./tmp.mri_nu_correct.mni.3012433/output.mean.dat

7.3.2
cwd 
cmdline mri_segstats --id 1 --seg ./tmp.mri_nu_correct.mni.3012433/ones.mgz --i ./tmp.mri_nu_correct.mni.3012433/nu0.mgz --sum ./tmp.mri_nu_correct.mni.3012433/sum.junk --avgwf ./tmp.mri_nu_correct.mni.3012433/output.mean.dat 
sysname  Linux
hostname dna078
machine  x86_64
user     oesteban
whitesurfname  white
UseRobust  0
Loading ./tmp.mri_nu_correct.mni.3012433/ones.mgz
Loading ./tmp.mri_nu_correct.mni.3012433/nu0.mgz
Voxel Volume is 1 mm^3
Generating list of segmentation ids
Found   1 segmentations
Computing statistics for each segmentation

Reporting on   1 segmentations
Using PrintSegStat
Computing spatial average of each frame

Writing to ./tmp.mri_nu_correct.mni.3012433/output.mean.dat
mri_segstats done
mris_calc -o ./tmp.mri_nu_correct.mni.3012433/nu0.mgz ./tmp.mri_nu_correct.mni.3012433/nu0.mgz mul 1.08764075253659130858
Saving result to './tmp.mri_nu_correct.mni.3012433/nu0.mgz' (type = MGH )                       [ ok ]
mri_convert ./tmp.mri_nu_correct.mni.3012433/nu0.mgz nu.mgz --like orig.mgz
mri_convert ./tmp.mri_nu_correct.mni.3012433/nu0.mgz nu.mgz --like orig.mgz 
reading from ./tmp.mri_nu_correct.mni.3012433/nu0.mgz...
TR=0.00, TE=0.00, TI=0.00, flip angle=0.00
i_ras = (-1, -1.74623e-10, -9.31323e-10)
j_ras = (0, 0, -1)
k_ras = (-2.91038e-10, 1, 0)
INFO: transform src into the like-volume: orig.mgz
writing to nu.mgz...
mri_make_uchar nu.mgz transforms/talairach.xfm nu.mgz
type change took 0 minutes and 3 seconds.
FIRST_PERCENTILE 0.010000
WM_PERCENTILE    0.900000
MAX_R 50.000000
i1 = 3, i2 = 61
#mri_make_uchar# mapping  8 157 to  3 110  :  b -3.00776 m 0.719239 : thresh 4.18186 maxsat 358.723 : nzero 13892486 nsat 0
 
 
Sun Mar  8 18:55:39 CET 2026
mri_nu_correct.mni done

 mri_add_xform_to_header -c /out/sourcedata/freesurfer/sub-v1s14x0051574_ses-1/mri/transforms/talairach.xfm nu.mgz nu.mgz 

INFO: extension is mgz
#--------------------------------------------
#@# Intensity Normalization Sun Mar  8 18:55:39 CET 2026
/out/sourcedata/freesurfer/sub-v1s14x0051574_ses-1/mri

 mri_normalize -g 1 -seed 1234 -mprage nu.mgz T1.mgz 

using max gradient = 1.000
setting seed for random number genererator to 1234
assuming input volume is MGH (Van der Kouwe) MP-RAGE
reading mri_src from nu.mgz...
normalizing image...
NOT doing gentle normalization with control points/label
talairach transform
 1.10892   0.02504  -0.01108  -0.39859;
-0.09902   1.11791   0.22019  -28.79202;
 0.01971  -0.22739   1.17874   3.61629;
 0.00000   0.00000   0.00000   1.00000;
processing without aseg, no1d=0
MRInormInit(): 
INFO: Modifying talairach volume c_(r,a,s) based on average_305
MRInormalize(): 
MRIsplineNormalize(): npeaks = 18
Starting OpenSpline(): npoints = 18
building Voronoi diagram...
performing soap bubble smoothing, sigma = 8...

Iterating 2 times
---------------------------------
3d normalization pass 1 of 2
white matter peak found at 110
white matter peak found at 110
gm peak at 65 (65), valley at 46 (46)
csf peak at 33, setting threshold to 54
building Voronoi diagram...
performing soap bubble smoothing, sigma = 8...
---------------------------------
3d normalization pass 2 of 2
white matter peak found at 110
white matter peak found at 110
gm peak at 66 (66), valley at 33 (33)
csf peak at 34, setting threshold to 55
building Voronoi diagram...
performing soap bubble smoothing, sigma = 8...
Done iterating ---------------------------------
writing output to T1.mgz
3D bias adjustment took 1 minutes and 0 seconds.

Started at Sun Mar 8 18:49:57 CET 2026 
Ended   at Sun Mar 8 18:56:40 CET 2026
#@#%# recon-all-run-time-hours 0.112
recon-all -s sub-v1s14x0051574_ses-1 finished without error at Sun Mar  8 18:56:40 CET 2026



#New# invocation of recon-all 




Sun Mar  8 19:02:48 CET 2026
cd /out/sourcedata/freesurfer/sub-v1s14x0051574_ses-1
setenv SUBJECTS_DIR /out/sourcedata/freesurfer
/opt/freesurfer/bin/recon-all -openmp 16 -subjid sub-v1s14x0051574_ses-1 -sd /out/sourcedata/freesurfer -gcareg

subjid sub-v1s14x0051574_ses-1
setenv SUBJECTS_DIR /out/sourcedata/freesurfer
FREESURFER_HOME /opt/freesurfer
Actual FREESURFER_HOME /opt/freesurfer
build-stamp.txt: freesurfer-linux-ubuntu22_x86_64-7.3.2-20220804-6354275
Linux dna078 5.14.0-427.37.1.el9_4.x86_64 #1 SMP PREEMPT_DYNAMIC Fri Sep 13 12:41:50 EDT 2024 x86_64 x86_64 x86_64 GNU/Linux
cputime      unlimited
filesize     unlimited
datasize     unlimited
stacksize    8192 kbytes
coredumpsize 0 kbytes
memoryuse    67108864 kbytes
vmemoryuse   unlimited
descriptors  1024 
memorylocked unlimited
maxproc      2061970 
maxlocks     unlimited
maxsignal    2062029 
maxmessage   819200 
maxnice      0 
maxrtprio    0 
maxrttime    unlimited

               total        used        free      shared  buff/cache   available
Mem:           503Gi        50Gi       414Gi       6.5Gi        38Gi       443Gi
Swap:             0B          0B          0B

########################################
program versions used
7.3.2 (freesurfer-linux-ubuntu22_x86_64-7.3.2-20220804-6354275)
7.3.2

ProgramName: lta_convert  ProgramArguments: lta_convert -all-info  ProgramVersion: 7.3.2  TimeStamp: 2026/03/08-18:02:48-GMT  BuildTime: Aug  4 2022 06:17:15  BuildStamp: freesurfer-linux-ubuntu22_x86_64-7.3.2-20220804-6354275  User: oesteban  Machine: dna078  Platform: Linux  PlatformVersion: 5.14.0-427.37.1.el9_4.x86_64  CompilerName: GCC  CompilerVersion: 8.4.0
ProgramName: mri_and  ProgramArguments: mri_and -all-info  ProgramVersion: 7.3.2  TimeStamp: 2026/03/08-18:02:48-GMT  BuildTime: Aug  4 2022 06:17:15  BuildStamp: freesurfer-linux-ubuntu22_x86_64-7.3.2-20220804-6354275  User: oesteban  Machine: dna078  Platform: Linux  PlatformVersion: 5.14.0-427.37.1.el9_4.x86_64  CompilerName: GCC  CompilerVersion: 8.4.0
ProgramName: mri_annotation2label  ProgramArguments: mri_annotation2label -all-info  ProgramVersion: 7.3.2  TimeStamp: 2026/03/08-18:02:48-GMT  BuildTime: Aug  4 2022 06:17:15  BuildStamp: freesurfer-linux-ubuntu22_x86_64-7.3.2-20220804-6354275  User: oesteban  Machine: dna078  Platform: Linux  PlatformVersion: 5.14.0-427.37.1.el9_4.x86_64  CompilerName: GCC  CompilerVersion: 8.4.0
ProgramName: mri_aparc2aseg  ProgramArguments: mri_aparc2aseg -all-info  ProgramVersion: 7.3.2  TimeStamp: 2026/03/08-18:02:48-GMT  BuildTime: Aug  4 2022 06:17:15  BuildStamp: freesurfer-linux-ubuntu22_x86_64-7.3.2-20220804-6354275  User: oesteban  Machine: dna078  Platform: Linux  PlatformVersion: 5.14.0-427.37.1.el9_4.x86_64  CompilerName: GCC  CompilerVersion: 8.4.0
ProgramName: mri_surf2volseg  ProgramArguments: mri_surf2volseg -all-info  ProgramVersion: 7.3.2  TimeStamp: 2026/03/08-18:02:48-GMT  BuildTime: Aug  4 2022 06:17:15  BuildStamp: freesurfer-linux-ubuntu22_x86_64-7.3.2-20220804-6354275  User: oesteban  Machine: dna078  Platform: Linux  PlatformVersion: 5.14.0-427.37.1.el9_4.x86_64  CompilerName: GCC  CompilerVersion: 8.4.0
ProgramName: mri_binarize  ProgramArguments: mri_binarize -all-info  ProgramVersion: 7.3.2  TimeStamp: 2026/03/08-18:02:48-GMT  BuildTime: Aug  4 2022 06:17:15  BuildStamp: freesurfer-linux-ubuntu22_x86_64-7.3.2-20220804-6354275  User: oesteban  Machine: dna078  Platform: Linux  PlatformVersion: 5.14.0-427.37.1.el9_4.x86_64  CompilerName: GCC  CompilerVersion: 8.4.0
ProgramName: mri_ca_label  ProgramArguments: mri_ca_label -all-info  ProgramVersion: 7.3.2  TimeStamp: 2026/03/08-18:02:48-GMT  BuildTime: Aug  4 2022 06:17:15  BuildStamp: freesurfer-linux-ubuntu22_x86_64-7.3.2-20220804-6354275  User: oesteban  Machine: dna078  Platform: Linux  PlatformVersion: 5.14.0-427.37.1.el9_4.x86_64  CompilerName: GCC  CompilerVersion: 8.4.0
ProgramName: mri_ca_normalize  ProgramArguments: mri_ca_normalize -all-info  ProgramVersion: 7.3.2  TimeStamp: 2026/03/08-18:02:48-GMT  BuildTime: Aug  4 2022 06:17:15  BuildStamp: freesurfer-linux-ubuntu22_x86_64-7.3.2-20220804-6354275  User: oesteban  Machine: dna078  Platform: Linux  PlatformVersion: 5.14.0-427.37.1.el9_4.x86_64  CompilerName: GCC  CompilerVersion: 8.4.0
ProgramName: mri_ca_register  ProgramArguments: mri_ca_register -all-info  ProgramVersion: 7.3.2  TimeStamp: 2026/03/08-18:02:48-GMT  BuildTime: Aug  4 2022 06:17:15  BuildStamp: freesurfer-linux-ubuntu22_x86_64-7.3.2-20220804-6354275  User: oesteban  Machine: dna078  Platform: Linux  PlatformVersion: 5.14.0-427.37.1.el9_4.x86_64  CompilerName: GCC  CompilerVersion: 8.4.0
ProgramName: mri_cc  ProgramArguments: mri_cc -all-info  ProgramVersion: 7.3.2  TimeStamp: 2026/03/08-18:02:48-GMT  BuildTime: Aug  4 2022 06:17:15  BuildStamp: freesurfer-linux-ubuntu22_x86_64-7.3.2-20220804-6354275  User: oesteban  Machine: dna078  Platform: Linux  PlatformVersion: 5.14.0-427.37.1.el9_4.x86_64  CompilerName: GCC  CompilerVersion: 8.4.0
ProgramName: mri_compute_overlap  ProgramArguments: mri_compute_overlap -all-info  ProgramVersion: 7.3.2  TimeStamp: 2026/03/08-18:02:48-GMT  BuildTime: Aug  4 2022 06:17:15  BuildStamp: freesurfer-linux-ubuntu22_x86_64-7.3.2-20220804-6354275  User: oesteban  Machine: dna078  Platform: Linux  PlatformVersion: 5.14.0-427.37.1.el9_4.x86_64  CompilerName: GCC  CompilerVersion: 8.4.0
ProgramName: mri_compute_seg_overlap  ProgramArguments: mri_compute_seg_overlap -all-info  ProgramVersion: 7.3.2  TimeStamp: 2026/03/08-18:02:48-GMT  BuildTime: Aug  4 2022 06:17:15  BuildStamp: freesurfer-linux-ubuntu22_x86_64-7.3.2-20220804-6354275  User: oesteban  Machine: dna078  Platform: Linux  PlatformVersion: 5.14.0-427.37.1.el9_4.x86_64  CompilerName: GCC  CompilerVersion: 8.4.0
ProgramName: mri_concat  ProgramArguments: mri_concat -all-info  ProgramVersion: 7.3.2  TimeStamp: 2026/03/08-18:02:48-GMT  BuildTime: Aug  4 2022 06:17:15  BuildStamp: freesurfer-linux-ubuntu22_x86_64-7.3.2-20220804-6354275  User: oesteban  Machine: dna078  Platform: Linux  PlatformVersion: 5.14.0-427.37.1.el9_4.x86_64  CompilerName: GCC  CompilerVersion: 8.4.0
ProgramName: mri_concatenate_lta  ProgramArguments: mri_concatenate_lta -all-info  ProgramVersion: 7.3.2  TimeStamp: 2026/03/08-18:02:48-GMT  BuildTime: Aug  4 2022 06:17:15  BuildStamp: freesurfer-linux-ubuntu22_x86_64-7.3.2-20220804-6354275  User: oesteban  Machine: dna078  Platform: Linux  PlatformVersion: 5.14.0-427.37.1.el9_4.x86_64  CompilerName: GCC  CompilerVersion: 8.4.0
mri_convert -all-info 
ProgramName: mri_convert  ProgramArguments: mri_convert -all-info  ProgramVersion: 7.3.2  TimeStamp: 2026/03/08-18:02:48-GMT  BuildTime: Aug  4 2022 06:17:15  BuildStamp: freesurfer-linux-ubuntu22_x86_64-7.3.2-20220804-6354275  User: oesteban  Machine: dna078  Platform: Linux  PlatformVersion: 5.14.0-427.37.1.el9_4.x86_64  CompilerName: GCC  CompilerVersion: 8.4.0
ProgramName: mri_diff  ProgramArguments: mri_diff -all-info  ProgramVersion: 7.3.2  TimeStamp: 2026/03/08-18:02:48-GMT  BuildTime: Aug  4 2022 06:17:15  BuildStamp: freesurfer-linux-ubuntu22_x86_64-7.3.2-20220804-6354275  User: oesteban  Machine: dna078  Platform: Linux  PlatformVersion: 5.14.0-427.37.1.el9_4.x86_64  CompilerName: GCC  CompilerVersion: 8.4.0
ProgramName: mri_edit_wm_with_aseg  ProgramArguments: mri_edit_wm_with_aseg -all-info  ProgramVersion: 7.3.2  TimeStamp: 2026/03/08-18:02:48-GMT  BuildTime: Aug  4 2022 06:17:15  BuildStamp: freesurfer-linux-ubuntu22_x86_64-7.3.2-20220804-6354275  User: oesteban  Machine: dna078  Platform: Linux  PlatformVersion: 5.14.0-427.37.1.el9_4.x86_64  CompilerName: GCC  CompilerVersion: 8.4.0
ProgramName: mri_em_register  ProgramArguments: mri_em_register -all-info  ProgramVersion: 7.3.2  TimeStamp: 2026/03/08-18:02:48-GMT  BuildTime: Aug  4 2022 06:17:15  BuildStamp: freesurfer-linux-ubuntu22_x86_64-7.3.2-20220804-6354275  User: oesteban  Machine: dna078  Platform: Linux  PlatformVersion: 5.14.0-427.37.1.el9_4.x86_64  CompilerName: GCC  CompilerVersion: 8.4.0
ProgramName: mri_fill  ProgramArguments: mri_fill -all-info  ProgramVersion: 7.3.2  TimeStamp: 2026/03/08-18:02:48-GMT  BuildTime: Aug  4 2022 06:17:15  BuildStamp: freesurfer-linux-ubuntu22_x86_64-7.3.2-20220804-6354275  User: oesteban  Machine: dna078  Platform: Linux  PlatformVersion: 5.14.0-427.37.1.el9_4.x86_64  CompilerName: GCC  CompilerVersion: 8.4.0
ProgramName: mri_fuse_segmentations  ProgramArguments: mri_fuse_segmentations -all-info  ProgramVersion: 7.3.2  TimeStamp: 2026/03/08-18:02:48-GMT  BuildTime: Aug  4 2022 06:17:15  BuildStamp: freesurfer-linux-ubuntu22_x86_64-7.3.2-20220804-6354275  User: oesteban  Machine: dna078  Platform: Linux  PlatformVersion: 5.14.0-427.37.1.el9_4.x86_64  CompilerName: GCC  CompilerVersion: 8.4.0
ProgramName: mri_fwhm  ProgramArguments: mri_fwhm -all-info  ProgramVersion: 7.3.2  TimeStamp: 2026/03/08-18:02:48-GMT  BuildTime: Aug  4 2022 06:17:15  BuildStamp: freesurfer-linux-ubuntu22_x86_64-7.3.2-20220804-6354275  User: oesteban  Machine: dna078  Platform: Linux  PlatformVersion: 5.14.0-427.37.1.el9_4.x86_64  CompilerName: GCC  CompilerVersion: 8.4.0
ProgramName: mri_gcut  ProgramArguments: mri_gcut -all-info  ProgramVersion: 7.3.2  TimeStamp: 2026/03/08-18:02:48-GMT  BuildTime: Aug  4 2022 06:17:15  BuildStamp: freesurfer-linux-ubuntu22_x86_64-7.3.2-20220804-6354275  User: oesteban  Machine: dna078  Platform: Linux  PlatformVersion: 5.14.0-427.37.1.el9_4.x86_64  CompilerName: GCC  CompilerVersion: 8.4.0
ProgramName: mri_info  ProgramArguments: mri_info -all-info  ProgramVersion: 7.3.2  TimeStamp: 2026/03/08-18:02:48-GMT  BuildTime: Aug  4 2022 06:17:15  BuildStamp: freesurfer-linux-ubuntu22_x86_64-7.3.2-20220804-6354275  User: oesteban  Machine: dna078  Platform: Linux  PlatformVersion: 5.14.0-427.37.1.el9_4.x86_64  CompilerName: GCC  CompilerVersion: 8.4.0
ProgramName: mri_label2label  ProgramArguments: mri_label2label -all-info  ProgramVersion: 7.3.2  TimeStamp: 2026/03/08-18:02:48-GMT  BuildTime: Aug  4 2022 06:17:15  BuildStamp: freesurfer-linux-ubuntu22_x86_64-7.3.2-20220804-6354275  User: oesteban  Machine: dna078  Platform: Linux  PlatformVersion: 5.14.0-427.37.1.el9_4.x86_64  CompilerName: GCC  CompilerVersion: 8.4.0
ProgramName: mri_label2vol  ProgramArguments: mri_label2vol -all-info  ProgramVersion: 7.3.2  TimeStamp: 2026/03/08-18:02:48-GMT  BuildTime: Aug  4 2022 06:17:15  BuildStamp: freesurfer-linux-ubuntu22_x86_64-7.3.2-20220804-6354275  User: oesteban  Machine: dna078  Platform: Linux  PlatformVersion: 5.14.0-427.37.1.el9_4.x86_64  CompilerName: GCC  CompilerVersion: 8.4.0
ProgramName: mri_log_likelihood  ProgramArguments: mri_log_likelihood -all-info  ProgramVersion: 7.3.2  TimeStamp: 2026/03/08-18:02:48-GMT  BuildTime: Aug  4 2022 06:17:15  BuildStamp: freesurfer-linux-ubuntu22_x86_64-7.3.2-20220804-6354275  User: oesteban  Machine: dna078  Platform: Linux  PlatformVersion: 5.14.0-427.37.1.el9_4.x86_64  CompilerName: GCC  CompilerVersion: 8.4.0
ProgramName: mri_mask  ProgramArguments: mri_mask -all-info  ProgramVersion: 7.3.2  TimeStamp: 2026/03/08-18:02:48-GMT  BuildTime: Aug  4 2022 06:17:15  BuildStamp: freesurfer-linux-ubuntu22_x86_64-7.3.2-20220804-6354275  User: oesteban  Machine: dna078  Platform: Linux  PlatformVersion: 5.14.0-427.37.1.el9_4.x86_64  CompilerName: GCC  CompilerVersion: 8.4.0
ProgramName: mri_matrix_multiply  ProgramArguments: mri_matrix_multiply -all-info  ProgramVersion: 7.3.2  TimeStamp: 2026/03/08-18:02:48-GMT  BuildTime: Aug  4 2022 06:17:15  BuildStamp: freesurfer-linux-ubuntu22_x86_64-7.3.2-20220804-6354275  User: oesteban  Machine: dna078  Platform: Linux  PlatformVersion: 5.14.0-427.37.1.el9_4.x86_64  CompilerName: GCC  CompilerVersion: 8.4.0
ProgramName: mri_normalize  ProgramArguments: mri_normalize -all-info  ProgramVersion: 7.3.2  TimeStamp: 2026/03/08-18:02:48-GMT  BuildTime: Aug  4 2022 06:17:15  BuildStamp: freesurfer-linux-ubuntu22_x86_64-7.3.2-20220804-6354275  User: oesteban  Machine: dna078  Platform: Linux  PlatformVersion: 5.14.0-427.37.1.el9_4.x86_64  CompilerName: GCC  CompilerVersion: 8.4.0
ProgramName: mri_normalize_tp2  ProgramArguments: mri_normalize_tp2 -all-info  ProgramVersion: 7.3.2  TimeStamp: 2026/03/08-18:02:48-GMT  BuildTime: Aug  4 2022 06:17:15  BuildStamp: freesurfer-linux-ubuntu22_x86_64-7.3.2-20220804-6354275  User: oesteban  Machine: dna078  Platform: Linux  PlatformVersion: 5.14.0-427.37.1.el9_4.x86_64  CompilerName: GCC  CompilerVersion: 8.4.0
ProgramName: mri_or  ProgramArguments: mri_or -all-info  ProgramVersion: 7.3.2  TimeStamp: 2026/03/08-18:02:48-GMT  BuildTime: Aug  4 2022 06:17:15  BuildStamp: freesurfer-linux-ubuntu22_x86_64-7.3.2-20220804-6354275  User: oesteban  Machine: dna078  Platform: Linux  PlatformVersion: 5.14.0-427.37.1.el9_4.x86_64  CompilerName: GCC  CompilerVersion: 8.4.0
ProgramName: mri_relabel_hypointensities  ProgramArguments: mri_relabel_hypointensities -all-info  ProgramVersion: 7.3.2  TimeStamp: 2026/03/08-18:02:48-GMT  BuildTime: Aug  4 2022 06:17:15  BuildStamp: freesurfer-linux-ubuntu22_x86_64-7.3.2-20220804-6354275  User: oesteban  Machine: dna078  Platform: Linux  PlatformVersion: 5.14.0-427.37.1.el9_4.x86_64  CompilerName: GCC  CompilerVersion: 8.4.0
ProgramName: mri_relabel_nonwm_hypos  ProgramArguments: mri_relabel_nonwm_hypos -all-info  ProgramVersion: 7.3.2  TimeStamp: 2026/03/08-18:02:48-GMT  BuildTime: Aug  4 2022 06:17:15  BuildStamp: freesurfer-linux-ubuntu22_x86_64-7.3.2-20220804-6354275  User: oesteban  Machine: dna078  Platform: Linux  PlatformVersion: 5.14.0-427.37.1.el9_4.x86_64  CompilerName: GCC  CompilerVersion: 8.4.0
ProgramName: mri_remove_neck  ProgramArguments: mri_remove_neck -all-info  ProgramVersion: 7.3.2  TimeStamp: 2026/03/08-18:02:48-GMT  BuildTime: Aug  4 2022 06:17:15  BuildStamp: freesurfer-linux-ubuntu22_x86_64-7.3.2-20220804-6354275  User: oesteban  Machine: dna078  Platform: Linux  PlatformVersion: 5.14.0-427.37.1.el9_4.x86_64  CompilerName: GCC  CompilerVersion: 8.4.0
7.3.2

ProgramName: mri_robust_register  ProgramArguments: mri_robust_register -all-info  ProgramVersion: 7.3.2  TimeStamp: 2026/03/08-18:02:48-GMT  BuildTime: Aug  4 2022 06:17:15  BuildStamp: freesurfer-linux-ubuntu22_x86_64-7.3.2-20220804-6354275  User: oesteban  Machine: dna078  Platform: Linux  PlatformVersion: 5.14.0-427.37.1.el9_4.x86_64  CompilerName: GCC  CompilerVersion: 8.4.0
7.3.2

ProgramName: mri_robust_template  ProgramArguments: mri_robust_template -all-info  ProgramVersion: 7.3.2  TimeStamp: 2026/03/08-18:02:48-GMT  BuildTime: Aug  4 2022 06:17:15  BuildStamp: freesurfer-linux-ubuntu22_x86_64-7.3.2-20220804-6354275  User: oesteban  Machine: dna078  Platform: Linux  PlatformVersion: 5.14.0-427.37.1.el9_4.x86_64  CompilerName: GCC  CompilerVersion: 8.4.0
ProgramName: mris_anatomical_stats  ProgramArguments: mris_anatomical_stats -all-info  ProgramVersion: 7.3.2  TimeStamp: 2026/03/08-18:02:48-GMT  BuildTime: Aug  4 2022 06:17:15  BuildStamp: freesurfer-linux-ubuntu22_x86_64-7.3.2-20220804-6354275  User: oesteban  Machine: dna078  Platform: Linux  PlatformVersion: 5.14.0-427.37.1.el9_4.x86_64  CompilerName: GCC  CompilerVersion: 8.4.0
ProgramName: mris_ca_label  ProgramArguments: mris_ca_label -all-info  ProgramVersion: 7.3.2  TimeStamp: 2026/03/08-18:02:48-GMT  BuildTime: Aug  4 2022 06:17:15  BuildStamp: freesurfer-linux-ubuntu22_x86_64-7.3.2-20220804-6354275  User: oesteban  Machine: dna078  Platform: Linux  PlatformVersion: 5.14.0-427.37.1.el9_4.x86_64  CompilerName: GCC  CompilerVersion: 8.4.0
ProgramName: mris_calc  ProgramArguments: mris_calc -all-info  ProgramVersion: 7.3.2  TimeStamp: 2026/03/08-18:02:48-GMT  BuildTime: Aug  4 2022 06:17:15  BuildStamp: freesurfer-linux-ubuntu22_x86_64-7.3.2-20220804-6354275  User: oesteban  Machine: dna078  Platform: Linux  PlatformVersion: 5.14.0-427.37.1.el9_4.x86_64  CompilerName: GCC  CompilerVersion: 8.4.0
ProgramName: mris_convert  ProgramArguments: mris_convert -all-info  ProgramVersion: 7.3.2  TimeStamp: 2026/03/08-18:02:48-GMT  BuildTime: Aug  4 2022 06:17:15  BuildStamp: freesurfer-linux-ubuntu22_x86_64-7.3.2-20220804-6354275  User: oesteban  Machine: dna078  Platform: Linux  PlatformVersion: 5.14.0-427.37.1.el9_4.x86_64  CompilerName: GCC  CompilerVersion: 8.4.0
ProgramName: mris_curvature  ProgramArguments: mris_curvature -all-info  ProgramVersion: 7.3.2  TimeStamp: 2026/03/08-18:02:48-GMT  BuildTime: Aug  4 2022 06:17:15  BuildStamp: freesurfer-linux-ubuntu22_x86_64-7.3.2-20220804-6354275  User: oesteban  Machine: dna078  Platform: Linux  PlatformVersion: 5.14.0-427.37.1.el9_4.x86_64  CompilerName: GCC  CompilerVersion: 8.4.0
ProgramName: mris_curvature_stats  ProgramArguments: mris_curvature_stats -all-info  ProgramVersion: 7.3.2  TimeStamp: 2026/03/08-18:02:48-GMT  BuildTime: Aug  4 2022 06:17:15  BuildStamp: freesurfer-linux-ubuntu22_x86_64-7.3.2-20220804-6354275  User: oesteban  Machine: dna078  Platform: Linux  PlatformVersion: 5.14.0-427.37.1.el9_4.x86_64  CompilerName: GCC  CompilerVersion: 8.4.0
ProgramName: mris_diff  ProgramArguments: mris_diff -all-info  ProgramVersion: 7.3.2  TimeStamp: 2026/03/08-18:02:48-GMT  BuildTime: Aug  4 2022 06:17:15  BuildStamp: freesurfer-linux-ubuntu22_x86_64-7.3.2-20220804-6354275  User: oesteban  Machine: dna078  Platform: Linux  PlatformVersion: 5.14.0-427.37.1.el9_4.x86_64  CompilerName: GCC  CompilerVersion: 8.4.0
ProgramName: mris_divide_parcellation  ProgramArguments: mris_divide_parcellation -all-info  ProgramVersion: 7.3.2  TimeStamp: 2026/03/08-18:02:48-GMT  BuildTime: Aug  4 2022 06:17:15  BuildStamp: freesurfer-linux-ubuntu22_x86_64-7.3.2-20220804-6354275  User: oesteban  Machine: dna078  Platform: Linux  PlatformVersion: 5.14.0-427.37.1.el9_4.x86_64  CompilerName: GCC  CompilerVersion: 8.4.0
ProgramName: mri_segment  ProgramArguments: mri_segment -all-info  ProgramVersion: 7.3.2  TimeStamp: 2026/03/08-18:02:48-GMT  BuildTime: Aug  4 2022 06:17:15  BuildStamp: freesurfer-linux-ubuntu22_x86_64-7.3.2-20220804-6354275  User: oesteban  Machine: dna078  Platform: Linux  PlatformVersion: 5.14.0-427.37.1.el9_4.x86_64  CompilerName: GCC  CompilerVersion: 8.4.0
ProgramName: mri_segstats  ProgramArguments: mri_segstats -all-info  ProgramVersion: 7.3.2  TimeStamp: 2026/03/08-18:02:48-GMT  BuildTime: Aug  4 2022 06:17:15  BuildStamp: freesurfer-linux-ubuntu22_x86_64-7.3.2-20220804-6354275  User: oesteban  Machine: dna078  Platform: Linux  PlatformVersion: 5.14.0-427.37.1.el9_4.x86_64  CompilerName: GCC  CompilerVersion: 8.4.0
ProgramName: mris_euler_number  ProgramArguments: mris_euler_number -all-info  ProgramVersion: 7.3.2  TimeStamp: 2026/03/08-18:02:48-GMT  BuildTime: Aug  4 2022 06:17:15  BuildStamp: freesurfer-linux-ubuntu22_x86_64-7.3.2-20220804-6354275  User: oesteban  Machine: dna078  Platform: Linux  PlatformVersion: 5.14.0-427.37.1.el9_4.x86_64  CompilerName: GCC  CompilerVersion: 8.4.0
ProgramName: mris_fix_topology  ProgramArguments: mris_fix_topology -all-info  ProgramVersion: 7.3.2  TimeStamp: 2026/03/08-18:02:48-GMT  BuildTime: Aug  4 2022 06:17:15  BuildStamp: freesurfer-linux-ubuntu22_x86_64-7.3.2-20220804-6354275  User: oesteban  Machine: dna078  Platform: Linux  PlatformVersion: 5.14.0-427.37.1.el9_4.x86_64  CompilerName: GCC  CompilerVersion: 8.4.0
ProgramName: mris_topo_fixer  ProgramArguments: mris_topo_fixer -all-info  ProgramVersion: 7.3.2  TimeStamp: 2026/03/08-18:02:48-GMT  BuildTime: Aug  4 2022 06:17:15  BuildStamp: freesurfer-linux-ubuntu22_x86_64-7.3.2-20220804-6354275  User: oesteban  Machine: dna078  Platform: Linux  PlatformVersion: 5.14.0-427.37.1.el9_4.x86_64  CompilerName: GCC  CompilerVersion: 8.4.0
ProgramName: mris_jacobian  ProgramArguments: mris_jacobian -all-info  ProgramVersion: 7.3.2  TimeStamp: 2026/03/08-18:02:48-GMT  BuildTime: Aug  4 2022 06:17:15  BuildStamp: freesurfer-linux-ubuntu22_x86_64-7.3.2-20220804-6354275  User: oesteban  Machine: dna078  Platform: Linux  PlatformVersion: 5.14.0-427.37.1.el9_4.x86_64  CompilerName: GCC  CompilerVersion: 8.4.0
ProgramName: mris_label2annot  ProgramArguments: mris_label2annot -all-info  ProgramVersion: 7.3.2  TimeStamp: 2026/03/08-18:02:48-GMT  BuildTime: Aug  4 2022 06:17:15  BuildStamp: freesurfer-linux-ubuntu22_x86_64-7.3.2-20220804-6354275  User: oesteban  Machine: dna078  Platform: Linux  PlatformVersion: 5.14.0-427.37.1.el9_4.x86_64  CompilerName: GCC  CompilerVersion: 8.4.0
ProgramName: mris_left_right_register  ProgramArguments: mris_left_right_register -all-info  ProgramVersion: 7.3.2  TimeStamp: 2026/03/08-18:02:48-GMT  BuildTime: Aug  4 2022 06:17:15  BuildStamp: freesurfer-linux-ubuntu22_x86_64-7.3.2-20220804-6354275  User: oesteban  Machine: dna078  Platform: Linux  PlatformVersion: 5.14.0-427.37.1.el9_4.x86_64  CompilerName: GCC  CompilerVersion: 8.4.0
ProgramName: mris_place_surface  ProgramArguments: mris_place_surface -all-info  ProgramVersion: 7.3.2  TimeStamp: 2026/03/08-18:02:48-GMT  BuildTime: Aug  4 2022 06:17:15  BuildStamp: freesurfer-linux-ubuntu22_x86_64-7.3.2-20220804-6354275  User: oesteban  Machine: dna078  Platform: Linux  PlatformVersion: 5.14.0-427.37.1.el9_4.x86_64  CompilerName: GCC  CompilerVersion: 8.4.0
ProgramName: mrisp_paint  ProgramArguments: mrisp_paint -all-info  ProgramVersion: 7.3.2  TimeStamp: 2026/03/08-18:02:48-GMT  BuildTime: Aug  4 2022 06:17:15  BuildStamp: freesurfer-linux-ubuntu22_x86_64-7.3.2-20220804-6354275  User: oesteban  Machine: dna078  Platform: Linux  PlatformVersion: 5.14.0-427.37.1.el9_4.x86_64  CompilerName: GCC  CompilerVersion: 8.4.0
ProgramName: mris_register  ProgramArguments: mris_register -all-info  ProgramVersion: 7.3.2  TimeStamp: 2026/03/08-18:02:48-GMT  BuildTime: Aug  4 2022 06:17:15  BuildStamp: freesurfer-linux-ubuntu22_x86_64-7.3.2-20220804-6354275  User: oesteban  Machine: dna078  Platform: Linux  PlatformVersion: 5.14.0-427.37.1.el9_4.x86_64  CompilerName: GCC  CompilerVersion: 8.4.0
ProgramName: mris_smooth  ProgramArguments: mris_smooth -all-info  ProgramVersion: 7.3.2  TimeStamp: 2026/03/08-18:02:48-GMT  BuildTime: Aug  4 2022 06:17:15  BuildStamp: freesurfer-linux-ubuntu22_x86_64-7.3.2-20220804-6354275  User: oesteban  Machine: dna078  Platform: Linux  PlatformVersion: 5.14.0-427.37.1.el9_4.x86_64  CompilerName: GCC  CompilerVersion: 8.4.0
ProgramName: mris_sphere  ProgramArguments: mris_sphere -all-info  ProgramVersion: 7.3.2  TimeStamp: 2026/03/08-18:02:48-GMT  BuildTime: Aug  4 2022 06:17:15  BuildStamp: freesurfer-linux-ubuntu22_x86_64-7.3.2-20220804-6354275  User: oesteban  Machine: dna078  Platform: Linux  PlatformVersion: 5.14.0-427.37.1.el9_4.x86_64  CompilerName: GCC  CompilerVersion: 8.4.0
ProgramName: mris_surface_stats  ProgramArguments: mris_surface_stats -all-info  ProgramVersion: 7.3.2  TimeStamp: 2026/03/08-18:02:49-GMT  BuildTime: Aug  4 2022 06:17:15  BuildStamp: freesurfer-linux-ubuntu22_x86_64-7.3.2-20220804-6354275  User: oesteban  Machine: dna078  Platform: Linux  PlatformVersion: 5.14.0-427.37.1.el9_4.x86_64  CompilerName: GCC  CompilerVersion: 8.4.0
ProgramName: mri_stats2seg  ProgramArguments: mri_stats2seg -all-info  ProgramVersion: 7.3.2  TimeStamp: 2026/03/08-18:02:49-GMT  BuildTime: Aug  4 2022 06:17:15  BuildStamp: freesurfer-linux-ubuntu22_x86_64-7.3.2-20220804-6354275  User: oesteban  Machine: dna078  Platform: Linux  PlatformVersion: 5.14.0-427.37.1.el9_4.x86_64  CompilerName: GCC  CompilerVersion: 8.4.0
ProgramName: mris_thickness  ProgramArguments: mris_thickness -all-info  ProgramVersion: 7.3.2  TimeStamp: 2026/03/08-18:02:49-GMT  BuildTime: Aug  4 2022 06:17:15  BuildStamp: freesurfer-linux-ubuntu22_x86_64-7.3.2-20220804-6354275  User: oesteban  Machine: dna078  Platform: Linux  PlatformVersion: 5.14.0-427.37.1.el9_4.x86_64  CompilerName: GCC  CompilerVersion: 8.4.0
ProgramName: mris_thickness_diff  ProgramArguments: mris_thickness_diff -all-info  ProgramVersion: 7.3.2  TimeStamp: 2026/03/08-18:02:49-GMT  BuildTime: Aug  4 2022 06:17:15  BuildStamp: freesurfer-linux-ubuntu22_x86_64-7.3.2-20220804-6354275  User: oesteban  Machine: dna078  Platform: Linux  PlatformVersion: 5.14.0-427.37.1.el9_4.x86_64  CompilerName: GCC  CompilerVersion: 8.4.0
ProgramName: mris_topo_fixer  ProgramArguments: mris_topo_fixer -all-info  ProgramVersion: 7.3.2  TimeStamp: 2026/03/08-18:02:49-GMT  BuildTime: Aug  4 2022 06:17:15  BuildStamp: freesurfer-linux-ubuntu22_x86_64-7.3.2-20220804-6354275  User: oesteban  Machine: dna078  Platform: Linux  PlatformVersion: 5.14.0-427.37.1.el9_4.x86_64  CompilerName: GCC  CompilerVersion: 8.4.0
ProgramName: mri_surf2surf  ProgramArguments: mri_surf2surf -all-info  ProgramVersion: 7.3.2  TimeStamp: 2026/03/08-18:02:49-GMT  BuildTime: Aug  4 2022 06:17:15  BuildStamp: freesurfer-linux-ubuntu22_x86_64-7.3.2-20220804-6354275  User: oesteban  Machine: dna078  Platform: Linux  PlatformVersion: 5.14.0-427.37.1.el9_4.x86_64  CompilerName: GCC  CompilerVersion: 8.4.0
ProgramName: mri_surf2vol  ProgramArguments: mri_surf2vol -all-info  ProgramVersion: 7.3.2  TimeStamp: 2026/03/08-18:02:49-GMT  BuildTime: Aug  4 2022 06:17:15  BuildStamp: freesurfer-linux-ubuntu22_x86_64-7.3.2-20220804-6354275  User: oesteban  Machine: dna078  Platform: Linux  PlatformVersion: 5.14.0-427.37.1.el9_4.x86_64  CompilerName: GCC  CompilerVersion: 8.4.0
ProgramName: mri_surfcluster  ProgramArguments: mri_surfcluster -all-info  ProgramVersion: 7.3.2  TimeStamp: 2026/03/08-18:02:49-GMT  BuildTime: Aug  4 2022 06:17:15  BuildStamp: freesurfer-linux-ubuntu22_x86_64-7.3.2-20220804-6354275  User: oesteban  Machine: dna078  Platform: Linux  PlatformVersion: 5.14.0-427.37.1.el9_4.x86_64  CompilerName: GCC  CompilerVersion: 8.4.0
ProgramName: mris_volmask  ProgramArguments: mris_volmask -all-info  ProgramVersion: 7.3.2  TimeStamp: 2026/03/08-18:02:49-GMT  BuildTime: Aug  4 2022 06:17:15  BuildStamp: freesurfer-linux-ubuntu22_x86_64-7.3.2-20220804-6354275  User: oesteban  Machine: dna078  Platform: Linux  PlatformVersion: 5.14.0-427.37.1.el9_4.x86_64  CompilerName: GCC  CompilerVersion: 8.4.0
ProgramName: mri_tessellate  ProgramArguments: mri_tessellate -all-info  ProgramVersion: 7.3.2  TimeStamp: 2026/03/08-18:02:49-GMT  BuildTime: Aug  4 2022 06:17:15  BuildStamp: freesurfer-linux-ubuntu22_x86_64-7.3.2-20220804-6354275  User: oesteban  Machine: dna078  Platform: Linux  PlatformVersion: 5.14.0-427.37.1.el9_4.x86_64  CompilerName: GCC  CompilerVersion: 8.4.0
ProgramName: mri_vol2surf  ProgramArguments: mri_vol2surf -all-info  ProgramVersion: 7.3.2  TimeStamp: 2026/03/08-18:02:49-GMT  BuildTime: Aug  4 2022 06:17:15  BuildStamp: freesurfer-linux-ubuntu22_x86_64-7.3.2-20220804-6354275  User: oesteban  Machine: dna078  Platform: Linux  PlatformVersion: 5.14.0-427.37.1.el9_4.x86_64  CompilerName: GCC  CompilerVersion: 8.4.0
ProgramName: mri_vol2vol  ProgramArguments: mri_vol2vol -all-info  ProgramVersion: 7.3.2  TimeStamp: 2026/03/08-18:02:49-GMT  BuildTime: Aug  4 2022 06:17:15  BuildStamp: freesurfer-linux-ubuntu22_x86_64-7.3.2-20220804-6354275  User: oesteban  Machine: dna078  Platform: Linux  PlatformVersion: 5.14.0-427.37.1.el9_4.x86_64  CompilerName: GCC  CompilerVersion: 8.4.0
ProgramName: mri_voldiff  ProgramArguments: mri_voldiff -all-info  ProgramVersion: 7.3.2  TimeStamp: 2026/03/08-18:02:49-GMT  BuildTime: Aug  4 2022 06:17:15  BuildStamp: freesurfer-linux-ubuntu22_x86_64-7.3.2-20220804-6354275  User: oesteban  Machine: dna078  Platform: Linux  PlatformVersion: 5.14.0-427.37.1.el9_4.x86_64  CompilerName: GCC  CompilerVersion: 8.4.0
ProgramName: mri_watershed  ProgramArguments: mri_watershed -all-info  ProgramVersion: 7.3.2  TimeStamp: 2026/03/08-18:02:49-GMT  BuildTime: Aug  4 2022 06:17:15  BuildStamp: freesurfer-linux-ubuntu22_x86_64-7.3.2-20220804-6354275  User: oesteban  Machine: dna078  Platform: Linux  PlatformVersion: 5.14.0-427.37.1.el9_4.x86_64  CompilerName: GCC  CompilerVersion: 8.4.0
ProgramName: tkregister2  ProgramArguments: tkregister2_cmdl -all-info  ProgramVersion: 7.3.2  TimeStamp: 2026/03/08-18:02:49-GMT  BuildTime: Aug  4 2022 06:17:15  BuildStamp: freesurfer-linux-ubuntu22_x86_64-7.3.2-20220804-6354275  User: oesteban  Machine: dna078  Platform: Linux  PlatformVersion: 5.14.0-427.37.1.el9_4.x86_64  CompilerName: GCC  CompilerVersion: 8.4.0
mri_motion_correct.fsl 7.3.2
mri_convert -all-info 
ProgramName: mri_convert  ProgramArguments: mri_convert -all-info  ProgramVersion: 7.3.2  TimeStamp: 2026/03/08-18:02:49-GMT  BuildTime: Aug  4 2022 06:17:15  BuildStamp: freesurfer-linux-ubuntu22_x86_64-7.3.2-20220804-6354275  User: oesteban  Machine: dna078  Platform: Linux  PlatformVersion: 5.14.0-427.37.1.el9_4.x86_64  CompilerName: GCC  CompilerVersion: 8.4.0
Program nu_correct, built from:
Package MNI N3, version 1.12.0, compiled by nicks@terrier (x86_64-unknown-linux-gnu) on 2015-06-19 at 01:25:34
#######################################
GCADIR /opt/freesurfer/average
GCA RB_all_2020-01-02.gca
GCASkull RB_all_withskull_2020_01_02.gca
AvgCurvTif folding.atlas.acfb40.noaparc.i12.2016-08-02.tif
GCSDIR /opt/freesurfer/average
GCS DKaparc.atlas.acfb40.noaparc.i12.2016-08-02.gcs
#######################################
#-------------------------------------
#@# EM Registration Sun Mar  8 19:02:49 CET 2026
/out/sourcedata/freesurfer/sub-v1s14x0051574_ses-1/mri

 mri_em_register -uns 3 -mask brainmask.mgz nu.mgz /opt/freesurfer/average/RB_all_2020-01-02.gca transforms/talairach.lta 

setting unknown_nbr_spacing = 3
using MR volume brainmask.mgz to mask input volume...

== Number of threads available to mri_em_register for OpenMP = 16 == 
reading 1 input volumes...
logging results to talairach.log
reading '/opt/freesurfer/average/RB_all_2020-01-02.gca'...
GCAread took 0 minutes and 1 seconds.
average std = 7.2   using min determinant for regularization = 5.2
0 singular and 884 ill-conditioned covariance matrices regularized
reading 'nu.mgz'...
MRImask(): AllowDiffGeom = 1
MRImask(): AllowDiffGeom = 1
MRImask(): AllowDiffGeom = 1
MRImask(): AllowDiffGeom = 1
MRImask(): AllowDiffGeom = 1
freeing gibbs priors...done.
accounting for voxel sizes in initial transform
bounding unknown intensity as < 5.9 or > 519.0 
total sample mean = 79.1 (1017 zeros)
************************************************
spacing=8, using 2841 sample points, tol=1.00e-05...
************************************************
register_mri: find_optimal_transform
find_optimal_transform: nsamples 2841, passno 0, spacing 8
resetting wm mean[0]: 98 --> 107
resetting gm mean[0]: 61 --> 61
input volume #1 is the most T1-like
using real data threshold=26.1
skull bounding box = (59, 68, 31) --> (200, 192, 189)
finding center of left hemi white matter
using (106, 109, 110) as brain centroid of Right_Cerebral_White_Matter...
MRImask(): AllowDiffGeom = 1
mean wm in atlas = 107, using box (89,94,91) --> (123, 124,129) to find MRI wm
before smoothing, mri peak at 107
robust fit to distribution - 107 +- 3.6
after smoothing, mri peak at 107, scaling input intensities by 1.000
scaling channel 0 by 1
initial log_p = -3.961
************************************************
First Search limited to translation only.
************************************************
max log p =    -3.961422 @ (0.000, 0.000, 0.000)
max log p =    -3.766381 @ (-5.263, -15.789, -5.263)
max log p =    -3.697763 @ (2.632, 7.895, 7.895)
max log p =    -3.678036 @ (-1.316, -1.316, -3.947)
max log p =    -3.668665 @ (0.658, 0.658, 0.658)
max log p =    -3.665827 @ (-0.987, -2.303, -0.329)
max log p =    -3.665827 @ (0.000, 0.000, 0.000)
max log p =    -3.665827 @ (0.000, 0.000, 0.000)
Found translation: (-4.3, -10.9, -1.0): log p = -3.666
****************************************
Nine parameter search.  iteration 0 nscales = 0 ...
****************************************
Result so far: scale 1.000: max_log_p=-3.491, old_max_log_p =-3.666 (thresh=-3.7)
 1.00000   0.00000   0.00000  -4.27632;
 0.00000   1.14016   0.13053  -42.98568;
 0.00000  -0.15011   0.99144   19.45899;
 0.00000   0.00000   0.00000   1.00000;
iteration took 0 minutes and 7 seconds.
****************************************
Nine parameter search.  iteration 1 nscales = 0 ...
****************************************
Result so far: scale 1.000: max_log_p=-3.491, old_max_log_p =-3.491 (thresh=-3.5)
 1.00000   0.00000   0.00000  -4.27632;
 0.00000   1.14016   0.13053  -42.98568;
 0.00000  -0.15011   0.99144   19.45899;
 0.00000   0.00000   0.00000   1.00000;
reducing scale to 0.2500
iteration took 0 minutes and 7 seconds.
****************************************
Nine parameter search.  iteration 2 nscales = 1 ...
****************************************
Result so far: scale 0.250: max_log_p=-3.353, old_max_log_p =-3.491 (thresh=-3.5)
 1.01820  -0.03873  -0.00785  -0.91529;
 0.03272   1.16133   0.23547  -59.20279;
 0.00000  -0.27601   1.02934   33.63068;
 0.00000   0.00000   0.00000   1.00000;
iteration took 0 minutes and 7 seconds.
****************************************
Nine parameter search.  iteration 3 nscales = 1 ...
****************************************
Result so far: scale 0.250: max_log_p=-3.353, old_max_log_p =-3.353 (thresh=-3.3)
 1.01820  -0.03873  -0.00785  -0.91529;
 0.03272   1.16133   0.23547  -59.20279;
 0.00000  -0.27601   1.02934   33.63068;
 0.00000   0.00000   0.00000   1.00000;
reducing scale to 0.0625
iteration took 0 minutes and 7 seconds.
****************************************
Nine parameter search.  iteration 4 nscales = 2 ...
****************************************
Result so far: scale 0.062: max_log_p=-3.346, old_max_log_p =-3.353 (thresh=-3.3)
 1.01701  -0.03869  -0.00784  -0.76562;
 0.03276   1.16269   0.23574  -59.41147;
 0.00000  -0.27536   1.02693   33.79894;
 0.00000   0.00000   0.00000   1.00000;
iteration took 0 minutes and 7 seconds.
****************************************
Nine parameter search.  iteration 5 nscales = 2 ...
****************************************
Result so far: scale 0.062: max_log_p=-3.338, old_max_log_p =-3.346 (thresh=-3.3)
 1.01310  -0.04580  -0.01813   1.73653;
 0.04110   1.16372   0.23588  -60.65248;
 0.00829  -0.27535   1.02563   33.31404;
 0.00000   0.00000   0.00000   1.00000;
iteration took 0 minutes and 7 seconds.
****************************************
Nine parameter search.  iteration 6 nscales = 2 ...
****************************************
Result so far: scale 0.062: max_log_p=-3.333, old_max_log_p =-3.338 (thresh=-3.3)
 1.01310  -0.04580  -0.01813   1.73653;
 0.04125   1.16781   0.23671  -61.28558;
 0.00829  -0.27535   1.02563   33.31404;
 0.00000   0.00000   0.00000   1.00000;
iteration took 0 minutes and 7 seconds.
****************************************
Nine parameter search.  iteration 7 nscales = 2 ...
****************************************
Result so far: scale 0.062: max_log_p=-3.333, old_max_log_p =-3.333 (thresh=-3.3)
 1.01310  -0.04580  -0.01813   1.73653;
 0.04125   1.16781   0.23671  -61.28558;
 0.00829  -0.27535   1.02563   33.31404;
 0.00000   0.00000   0.00000   1.00000;
min search scale 0.025000 reached
***********************************************
Computing MAP estimate using 2841 samples...
***********************************************
dt = 5.00e-06, momentum=0.80, tol=1.00e-05
l_intensity = 1.0000
Aligning input volume to GCA...
Transform matrix
 1.01310  -0.04580  -0.01813   1.73653;
 0.04125   1.16781   0.23671  -61.28558;
 0.00829  -0.27535   1.02563   33.31404;
 0.00000   0.00000   0.00000   1.00000;
nsamples 2841
Quasinewton: input matrix
 1.01310  -0.04580  -0.01813   1.73653;
 0.04125   1.16781   0.23671  -61.28558;
 0.00829  -0.27535   1.02563   33.31404;
 0.00000   0.00000   0.00000   1.00000;
 IFLAG= -1  LINE SEARCH FAILED. SEE DOCUMENTATION OF ROUTINE MCSRCH ERROR RETURN OF LINE SEARCH: INFO= 3 POSSIBLE CAUSES: FUNCTION OR GRADIENT ARE INCORRECT OR INCORRECT TOLERANCESoutof QuasiNewtonEMA: 010: -log(p) =   -0.0  tol 0.000010
Resulting transform:
 1.01310  -0.04580  -0.01813   1.73653;
 0.04125   1.16781   0.23671  -61.28558;
 0.00829  -0.27535   1.02563   33.31404;
 0.00000   0.00000   0.00000   1.00000;

pass 1, spacing 8: log(p) = -3.333 (old=-3.961)
transform before final EM align:
 1.01310  -0.04580  -0.01813   1.73653;
 0.04125   1.16781   0.23671  -61.28558;
 0.00829  -0.27535   1.02563   33.31404;
 0.00000   0.00000   0.00000   1.00000;

**************************************************
 EM alignment process ...
 Computing final MAP estimate using 315638 samples. 
**************************************************
dt = 5.00e-06, momentum=0.80, tol=1.00e-07
l_intensity = 1.0000
Aligning input volume to GCA...
Transform matrix
 1.01310  -0.04580  -0.01813   1.73653;
 0.04125   1.16781   0.23671  -61.28558;
 0.00829  -0.27535   1.02563   33.31404;
 0.00000   0.00000   0.00000   1.00000;
nsamples 315638
Quasinewton: input matrix
 1.01310  -0.04580  -0.01813   1.73653;
 0.04125   1.16781   0.23671  -61.28558;
 0.00829  -0.27535   1.02563   33.31404;
 0.00000   0.00000   0.00000   1.00000;
 IFLAG= -1  LINE SEARCH FAILED. SEE DOCUMENTATION OF ROUTINE MCSRCH ERROR RETURN OF LINE SEARCH: INFO= 6 POSSIBLE CAUSES: FUNCTION OR GRADIENT ARE INCORRECT OR INCORRECT TOLERANCESoutof QuasiNewtonEMA: 012: -log(p) =    3.9  tol 0.000000
final transform:
 1.01310  -0.04580  -0.01813   1.73653;
 0.04125   1.16781   0.23671  -61.28558;
 0.00829  -0.27535   1.02563   33.31404;
 0.00000   0.00000   0.00000   1.00000;

writing output transformation to transforms/talairach.lta...
#VMPC# mri_em_register VmPeak  891288
FSRUNTIME@ mri_em_register  0.0216 hours 16 threads
registration took 1 minutes and 18 seconds.

Started at Sun Mar 8 19:02:48 CET 2026 
Ended   at Sun Mar 8 19:04:06 CET 2026
#@#%# recon-all-run-time-hours 0.022
recon-all -s sub-v1s14x0051574_ses-1 finished without error at Sun Mar  8 19:04:06 CET 2026



#New# invocation of recon-all 




Sun Mar  8 19:04:09 CET 2026
cd /out/sourcedata/freesurfer/sub-v1s14x0051574_ses-1
setenv SUBJECTS_DIR /out/sourcedata/freesurfer
/opt/freesurfer/bin/recon-all -autorecon2-volonly -openmp 16 -subjid sub-v1s14x0051574_ses-1 -sd /out/sourcedata/freesurfer -nogcareg

subjid sub-v1s14x0051574_ses-1
setenv SUBJECTS_DIR /out/sourcedata/freesurfer
FREESURFER_HOME /opt/freesurfer
Actual FREESURFER_HOME /opt/freesurfer
build-stamp.txt: freesurfer-linux-ubuntu22_x86_64-7.3.2-20220804-6354275
Linux dna078 5.14.0-427.37.1.el9_4.x86_64 #1 SMP PREEMPT_DYNAMIC Fri Sep 13 12:41:50 EDT 2024 x86_64 x86_64 x86_64 GNU/Linux
cputime      unlimited
filesize     unlimited
datasize     unlimited
stacksize    8192 kbytes
coredumpsize 0 kbytes
memoryuse    67108864 kbytes
vmemoryuse   unlimited
descriptors  1024 
memorylocked unlimited
maxproc      2061970 
maxlocks     unlimited
maxsignal    2062029 
maxmessage   819200 
maxnice      0 
maxrtprio    0 
maxrttime    unlimited

               total        used        free      shared  buff/cache   available
Mem:           503Gi        50Gi       414Gi       6.5Gi        38Gi       442Gi
Swap:             0B          0B          0B

########################################
program versions used
7.3.2 (freesurfer-linux-ubuntu22_x86_64-7.3.2-20220804-6354275)
7.3.2

ProgramName: lta_convert  ProgramArguments: lta_convert -all-info  ProgramVersion: 7.3.2  TimeStamp: 2026/03/08-18:04:09-GMT  BuildTime: Aug  4 2022 06:17:15  BuildStamp: freesurfer-linux-ubuntu22_x86_64-7.3.2-20220804-6354275  User: oesteban  Machine: dna078  Platform: Linux  PlatformVersion: 5.14.0-427.37.1.el9_4.x86_64  CompilerName: GCC  CompilerVersion: 8.4.0
ProgramName: mri_and  ProgramArguments: mri_and -all-info  ProgramVersion: 7.3.2  TimeStamp: 2026/03/08-18:04:09-GMT  BuildTime: Aug  4 2022 06:17:15  BuildStamp: freesurfer-linux-ubuntu22_x86_64-7.3.2-20220804-6354275  User: oesteban  Machine: dna078  Platform: Linux  PlatformVersion: 5.14.0-427.37.1.el9_4.x86_64  CompilerName: GCC  CompilerVersion: 8.4.0
ProgramName: mri_annotation2label  ProgramArguments: mri_annotation2label -all-info  ProgramVersion: 7.3.2  TimeStamp: 2026/03/08-18:04:09-GMT  BuildTime: Aug  4 2022 06:17:15  BuildStamp: freesurfer-linux-ubuntu22_x86_64-7.3.2-20220804-6354275  User: oesteban  Machine: dna078  Platform: Linux  PlatformVersion: 5.14.0-427.37.1.el9_4.x86_64  CompilerName: GCC  CompilerVersion: 8.4.0
ProgramName: mri_aparc2aseg  ProgramArguments: mri_aparc2aseg -all-info  ProgramVersion: 7.3.2  TimeStamp: 2026/03/08-18:04:09-GMT  BuildTime: Aug  4 2022 06:17:15  BuildStamp: freesurfer-linux-ubuntu22_x86_64-7.3.2-20220804-6354275  User: oesteban  Machine: dna078  Platform: Linux  PlatformVersion: 5.14.0-427.37.1.el9_4.x86_64  CompilerName: GCC  CompilerVersion: 8.4.0
ProgramName: mri_surf2volseg  ProgramArguments: mri_surf2volseg -all-info  ProgramVersion: 7.3.2  TimeStamp: 2026/03/08-18:04:09-GMT  BuildTime: Aug  4 2022 06:17:15  BuildStamp: freesurfer-linux-ubuntu22_x86_64-7.3.2-20220804-6354275  User: oesteban  Machine: dna078  Platform: Linux  PlatformVersion: 5.14.0-427.37.1.el9_4.x86_64  CompilerName: GCC  CompilerVersion: 8.4.0
ProgramName: mri_binarize  ProgramArguments: mri_binarize -all-info  ProgramVersion: 7.3.2  TimeStamp: 2026/03/08-18:04:09-GMT  BuildTime: Aug  4 2022 06:17:15  BuildStamp: freesurfer-linux-ubuntu22_x86_64-7.3.2-20220804-6354275  User: oesteban  Machine: dna078  Platform: Linux  PlatformVersion: 5.14.0-427.37.1.el9_4.x86_64  CompilerName: GCC  CompilerVersion: 8.4.0
ProgramName: mri_ca_label  ProgramArguments: mri_ca_label -all-info  ProgramVersion: 7.3.2  TimeStamp: 2026/03/08-18:04:09-GMT  BuildTime: Aug  4 2022 06:17:15  BuildStamp: freesurfer-linux-ubuntu22_x86_64-7.3.2-20220804-6354275  User: oesteban  Machine: dna078  Platform: Linux  PlatformVersion: 5.14.0-427.37.1.el9_4.x86_64  CompilerName: GCC  CompilerVersion: 8.4.0
ProgramName: mri_ca_normalize  ProgramArguments: mri_ca_normalize -all-info  ProgramVersion: 7.3.2  TimeStamp: 2026/03/08-18:04:09-GMT  BuildTime: Aug  4 2022 06:17:15  BuildStamp: freesurfer-linux-ubuntu22_x86_64-7.3.2-20220804-6354275  User: oesteban  Machine: dna078  Platform: Linux  PlatformVersion: 5.14.0-427.37.1.el9_4.x86_64  CompilerName: GCC  CompilerVersion: 8.4.0
ProgramName: mri_ca_register  ProgramArguments: mri_ca_register -all-info  ProgramVersion: 7.3.2  TimeStamp: 2026/03/08-18:04:09-GMT  BuildTime: Aug  4 2022 06:17:15  BuildStamp: freesurfer-linux-ubuntu22_x86_64-7.3.2-20220804-6354275  User: oesteban  Machine: dna078  Platform: Linux  PlatformVersion: 5.14.0-427.37.1.el9_4.x86_64  CompilerName: GCC  CompilerVersion: 8.4.0
ProgramName: mri_cc  ProgramArguments: mri_cc -all-info  ProgramVersion: 7.3.2  TimeStamp: 2026/03/08-18:04:09-GMT  BuildTime: Aug  4 2022 06:17:15  BuildStamp: freesurfer-linux-ubuntu22_x86_64-7.3.2-20220804-6354275  User: oesteban  Machine: dna078  Platform: Linux  PlatformVersion: 5.14.0-427.37.1.el9_4.x86_64  CompilerName: GCC  CompilerVersion: 8.4.0
ProgramName: mri_compute_overlap  ProgramArguments: mri_compute_overlap -all-info  ProgramVersion: 7.3.2  TimeStamp: 2026/03/08-18:04:09-GMT  BuildTime: Aug  4 2022 06:17:15  BuildStamp: freesurfer-linux-ubuntu22_x86_64-7.3.2-20220804-6354275  User: oesteban  Machine: dna078  Platform: Linux  PlatformVersion: 5.14.0-427.37.1.el9_4.x86_64  CompilerName: GCC  CompilerVersion: 8.4.0
ProgramName: mri_compute_seg_overlap  ProgramArguments: mri_compute_seg_overlap -all-info  ProgramVersion: 7.3.2  TimeStamp: 2026/03/08-18:04:09-GMT  BuildTime: Aug  4 2022 06:17:15  BuildStamp: freesurfer-linux-ubuntu22_x86_64-7.3.2-20220804-6354275  User: oesteban  Machine: dna078  Platform: Linux  PlatformVersion: 5.14.0-427.37.1.el9_4.x86_64  CompilerName: GCC  CompilerVersion: 8.4.0
ProgramName: mri_concat  ProgramArguments: mri_concat -all-info  ProgramVersion: 7.3.2  TimeStamp: 2026/03/08-18:04:09-GMT  BuildTime: Aug  4 2022 06:17:15  BuildStamp: freesurfer-linux-ubuntu22_x86_64-7.3.2-20220804-6354275  User: oesteban  Machine: dna078  Platform: Linux  PlatformVersion: 5.14.0-427.37.1.el9_4.x86_64  CompilerName: GCC  CompilerVersion: 8.4.0
ProgramName: mri_concatenate_lta  ProgramArguments: mri_concatenate_lta -all-info  ProgramVersion: 7.3.2  TimeStamp: 2026/03/08-18:04:09-GMT  BuildTime: Aug  4 2022 06:17:15  BuildStamp: freesurfer-linux-ubuntu22_x86_64-7.3.2-20220804-6354275  User: oesteban  Machine: dna078  Platform: Linux  PlatformVersion: 5.14.0-427.37.1.el9_4.x86_64  CompilerName: GCC  CompilerVersion: 8.4.0
mri_convert -all-info 
ProgramName: mri_convert  ProgramArguments: mri_convert -all-info  ProgramVersion: 7.3.2  TimeStamp: 2026/03/08-18:04:09-GMT  BuildTime: Aug  4 2022 06:17:15  BuildStamp: freesurfer-linux-ubuntu22_x86_64-7.3.2-20220804-6354275  User: oesteban  Machine: dna078  Platform: Linux  PlatformVersion: 5.14.0-427.37.1.el9_4.x86_64  CompilerName: GCC  CompilerVersion: 8.4.0
ProgramName: mri_diff  ProgramArguments: mri_diff -all-info  ProgramVersion: 7.3.2  TimeStamp: 2026/03/08-18:04:09-GMT  BuildTime: Aug  4 2022 06:17:15  BuildStamp: freesurfer-linux-ubuntu22_x86_64-7.3.2-20220804-6354275  User: oesteban  Machine: dna078  Platform: Linux  PlatformVersion: 5.14.0-427.37.1.el9_4.x86_64  CompilerName: GCC  CompilerVersion: 8.4.0
ProgramName: mri_edit_wm_with_aseg  ProgramArguments: mri_edit_wm_with_aseg -all-info  ProgramVersion: 7.3.2  TimeStamp: 2026/03/08-18:04:09-GMT  BuildTime: Aug  4 2022 06:17:15  BuildStamp: freesurfer-linux-ubuntu22_x86_64-7.3.2-20220804-6354275  User: oesteban  Machine: dna078  Platform: Linux  PlatformVersion: 5.14.0-427.37.1.el9_4.x86_64  CompilerName: GCC  CompilerVersion: 8.4.0
ProgramName: mri_em_register  ProgramArguments: mri_em_register -all-info  ProgramVersion: 7.3.2  TimeStamp: 2026/03/08-18:04:09-GMT  BuildTime: Aug  4 2022 06:17:15  BuildStamp: freesurfer-linux-ubuntu22_x86_64-7.3.2-20220804-6354275  User: oesteban  Machine: dna078  Platform: Linux  PlatformVersion: 5.14.0-427.37.1.el9_4.x86_64  CompilerName: GCC  CompilerVersion: 8.4.0
ProgramName: mri_fill  ProgramArguments: mri_fill -all-info  ProgramVersion: 7.3.2  TimeStamp: 2026/03/08-18:04:09-GMT  BuildTime: Aug  4 2022 06:17:15  BuildStamp: freesurfer-linux-ubuntu22_x86_64-7.3.2-20220804-6354275  User: oesteban  Machine: dna078  Platform: Linux  PlatformVersion: 5.14.0-427.37.1.el9_4.x86_64  CompilerName: GCC  CompilerVersion: 8.4.0
ProgramName: mri_fuse_segmentations  ProgramArguments: mri_fuse_segmentations -all-info  ProgramVersion: 7.3.2  TimeStamp: 2026/03/08-18:04:09-GMT  BuildTime: Aug  4 2022 06:17:15  BuildStamp: freesurfer-linux-ubuntu22_x86_64-7.3.2-20220804-6354275  User: oesteban  Machine: dna078  Platform: Linux  PlatformVersion: 5.14.0-427.37.1.el9_4.x86_64  CompilerName: GCC  CompilerVersion: 8.4.0
ProgramName: mri_fwhm  ProgramArguments: mri_fwhm -all-info  ProgramVersion: 7.3.2  TimeStamp: 2026/03/08-18:04:09-GMT  BuildTime: Aug  4 2022 06:17:15  BuildStamp: freesurfer-linux-ubuntu22_x86_64-7.3.2-20220804-6354275  User: oesteban  Machine: dna078  Platform: Linux  PlatformVersion: 5.14.0-427.37.1.el9_4.x86_64  CompilerName: GCC  CompilerVersion: 8.4.0
ProgramName: mri_gcut  ProgramArguments: mri_gcut -all-info  ProgramVersion: 7.3.2  TimeStamp: 2026/03/08-18:04:09-GMT  BuildTime: Aug  4 2022 06:17:15  BuildStamp: freesurfer-linux-ubuntu22_x86_64-7.3.2-20220804-6354275  User: oesteban  Machine: dna078  Platform: Linux  PlatformVersion: 5.14.0-427.37.1.el9_4.x86_64  CompilerName: GCC  CompilerVersion: 8.4.0
ProgramName: mri_info  ProgramArguments: mri_info -all-info  ProgramVersion: 7.3.2  TimeStamp: 2026/03/08-18:04:09-GMT  BuildTime: Aug  4 2022 06:17:15  BuildStamp: freesurfer-linux-ubuntu22_x86_64-7.3.2-20220804-6354275  User: oesteban  Machine: dna078  Platform: Linux  PlatformVersion: 5.14.0-427.37.1.el9_4.x86_64  CompilerName: GCC  CompilerVersion: 8.4.0
ProgramName: mri_label2label  ProgramArguments: mri_label2label -all-info  ProgramVersion: 7.3.2  TimeStamp: 2026/03/08-18:04:09-GMT  BuildTime: Aug  4 2022 06:17:15  BuildStamp: freesurfer-linux-ubuntu22_x86_64-7.3.2-20220804-6354275  User: oesteban  Machine: dna078  Platform: Linux  PlatformVersion: 5.14.0-427.37.1.el9_4.x86_64  CompilerName: GCC  CompilerVersion: 8.4.0
ProgramName: mri_label2vol  ProgramArguments: mri_label2vol -all-info  ProgramVersion: 7.3.2  TimeStamp: 2026/03/08-18:04:09-GMT  BuildTime: Aug  4 2022 06:17:15  BuildStamp: freesurfer-linux-ubuntu22_x86_64-7.3.2-20220804-6354275  User: oesteban  Machine: dna078  Platform: Linux  PlatformVersion: 5.14.0-427.37.1.el9_4.x86_64  CompilerName: GCC  CompilerVersion: 8.4.0
ProgramName: mri_log_likelihood  ProgramArguments: mri_log_likelihood -all-info  ProgramVersion: 7.3.2  TimeStamp: 2026/03/08-18:04:09-GMT  BuildTime: Aug  4 2022 06:17:15  BuildStamp: freesurfer-linux-ubuntu22_x86_64-7.3.2-20220804-6354275  User: oesteban  Machine: dna078  Platform: Linux  PlatformVersion: 5.14.0-427.37.1.el9_4.x86_64  CompilerName: GCC  CompilerVersion: 8.4.0
ProgramName: mri_mask  ProgramArguments: mri_mask -all-info  ProgramVersion: 7.3.2  TimeStamp: 2026/03/08-18:04:09-GMT  BuildTime: Aug  4 2022 06:17:15  BuildStamp: freesurfer-linux-ubuntu22_x86_64-7.3.2-20220804-6354275  User: oesteban  Machine: dna078  Platform: Linux  PlatformVersion: 5.14.0-427.37.1.el9_4.x86_64  CompilerName: GCC  CompilerVersion: 8.4.0
ProgramName: mri_matrix_multiply  ProgramArguments: mri_matrix_multiply -all-info  ProgramVersion: 7.3.2  TimeStamp: 2026/03/08-18:04:09-GMT  BuildTime: Aug  4 2022 06:17:15  BuildStamp: freesurfer-linux-ubuntu22_x86_64-7.3.2-20220804-6354275  User: oesteban  Machine: dna078  Platform: Linux  PlatformVersion: 5.14.0-427.37.1.el9_4.x86_64  CompilerName: GCC  CompilerVersion: 8.4.0
ProgramName: mri_normalize  ProgramArguments: mri_normalize -all-info  ProgramVersion: 7.3.2  TimeStamp: 2026/03/08-18:04:09-GMT  BuildTime: Aug  4 2022 06:17:15  BuildStamp: freesurfer-linux-ubuntu22_x86_64-7.3.2-20220804-6354275  User: oesteban  Machine: dna078  Platform: Linux  PlatformVersion: 5.14.0-427.37.1.el9_4.x86_64  CompilerName: GCC  CompilerVersion: 8.4.0
ProgramName: mri_normalize_tp2  ProgramArguments: mri_normalize_tp2 -all-info  ProgramVersion: 7.3.2  TimeStamp: 2026/03/08-18:04:09-GMT  BuildTime: Aug  4 2022 06:17:15  BuildStamp: freesurfer-linux-ubuntu22_x86_64-7.3.2-20220804-6354275  User: oesteban  Machine: dna078  Platform: Linux  PlatformVersion: 5.14.0-427.37.1.el9_4.x86_64  CompilerName: GCC  CompilerVersion: 8.4.0
ProgramName: mri_or  ProgramArguments: mri_or -all-info  ProgramVersion: 7.3.2  TimeStamp: 2026/03/08-18:04:09-GMT  BuildTime: Aug  4 2022 06:17:15  BuildStamp: freesurfer-linux-ubuntu22_x86_64-7.3.2-20220804-6354275  User: oesteban  Machine: dna078  Platform: Linux  PlatformVersion: 5.14.0-427.37.1.el9_4.x86_64  CompilerName: GCC  CompilerVersion: 8.4.0
ProgramName: mri_relabel_hypointensities  ProgramArguments: mri_relabel_hypointensities -all-info  ProgramVersion: 7.3.2  TimeStamp: 2026/03/08-18:04:09-GMT  BuildTime: Aug  4 2022 06:17:15  BuildStamp: freesurfer-linux-ubuntu22_x86_64-7.3.2-20220804-6354275  User: oesteban  Machine: dna078  Platform: Linux  PlatformVersion: 5.14.0-427.37.1.el9_4.x86_64  CompilerName: GCC  CompilerVersion: 8.4.0
ProgramName: mri_relabel_nonwm_hypos  ProgramArguments: mri_relabel_nonwm_hypos -all-info  ProgramVersion: 7.3.2  TimeStamp: 2026/03/08-18:04:09-GMT  BuildTime: Aug  4 2022 06:17:15  BuildStamp: freesurfer-linux-ubuntu22_x86_64-7.3.2-20220804-6354275  User: oesteban  Machine: dna078  Platform: Linux  PlatformVersion: 5.14.0-427.37.1.el9_4.x86_64  CompilerName: GCC  CompilerVersion: 8.4.0
ProgramName: mri_remove_neck  ProgramArguments: mri_remove_neck -all-info  ProgramVersion: 7.3.2  TimeStamp: 2026/03/08-18:04:09-GMT  BuildTime: Aug  4 2022 06:17:15  BuildStamp: freesurfer-linux-ubuntu22_x86_64-7.3.2-20220804-6354275  User: oesteban  Machine: dna078  Platform: Linux  PlatformVersion: 5.14.0-427.37.1.el9_4.x86_64  CompilerName: GCC  CompilerVersion: 8.4.0
7.3.2

ProgramName: mri_robust_register  ProgramArguments: mri_robust_register -all-info  ProgramVersion: 7.3.2  TimeStamp: 2026/03/08-18:04:09-GMT  BuildTime: Aug  4 2022 06:17:15  BuildStamp: freesurfer-linux-ubuntu22_x86_64-7.3.2-20220804-6354275  User: oesteban  Machine: dna078  Platform: Linux  PlatformVersion: 5.14.0-427.37.1.el9_4.x86_64  CompilerName: GCC  CompilerVersion: 8.4.0
7.3.2

ProgramName: mri_robust_template  ProgramArguments: mri_robust_template -all-info  ProgramVersion: 7.3.2  TimeStamp: 2026/03/08-18:04:09-GMT  BuildTime: Aug  4 2022 06:17:15  BuildStamp: freesurfer-linux-ubuntu22_x86_64-7.3.2-20220804-6354275  User: oesteban  Machine: dna078  Platform: Linux  PlatformVersion: 5.14.0-427.37.1.el9_4.x86_64  CompilerName: GCC  CompilerVersion: 8.4.0
ProgramName: mris_anatomical_stats  ProgramArguments: mris_anatomical_stats -all-info  ProgramVersion: 7.3.2  TimeStamp: 2026/03/08-18:04:09-GMT  BuildTime: Aug  4 2022 06:17:15  BuildStamp: freesurfer-linux-ubuntu22_x86_64-7.3.2-20220804-6354275  User: oesteban  Machine: dna078  Platform: Linux  PlatformVersion: 5.14.0-427.37.1.el9_4.x86_64  CompilerName: GCC  CompilerVersion: 8.4.0
ProgramName: mris_ca_label  ProgramArguments: mris_ca_label -all-info  ProgramVersion: 7.3.2  TimeStamp: 2026/03/08-18:04:09-GMT  BuildTime: Aug  4 2022 06:17:15  BuildStamp: freesurfer-linux-ubuntu22_x86_64-7.3.2-20220804-6354275  User: oesteban  Machine: dna078  Platform: Linux  PlatformVersion: 5.14.0-427.37.1.el9_4.x86_64  CompilerName: GCC  CompilerVersion: 8.4.0
ProgramName: mris_calc  ProgramArguments: mris_calc -all-info  ProgramVersion: 7.3.2  TimeStamp: 2026/03/08-18:04:09-GMT  BuildTime: Aug  4 2022 06:17:15  BuildStamp: freesurfer-linux-ubuntu22_x86_64-7.3.2-20220804-6354275  User: oesteban  Machine: dna078  Platform: Linux  PlatformVersion: 5.14.0-427.37.1.el9_4.x86_64  CompilerName: GCC  CompilerVersion: 8.4.0
ProgramName: mris_convert  ProgramArguments: mris_convert -all-info  ProgramVersion: 7.3.2  TimeStamp: 2026/03/08-18:04:09-GMT  BuildTime: Aug  4 2022 06:17:15  BuildStamp: freesurfer-linux-ubuntu22_x86_64-7.3.2-20220804-6354275  User: oesteban  Machine: dna078  Platform: Linux  PlatformVersion: 5.14.0-427.37.1.el9_4.x86_64  CompilerName: GCC  CompilerVersion: 8.4.0
ProgramName: mris_curvature  ProgramArguments: mris_curvature -all-info  ProgramVersion: 7.3.2  TimeStamp: 2026/03/08-18:04:09-GMT  BuildTime: Aug  4 2022 06:17:15  BuildStamp: freesurfer-linux-ubuntu22_x86_64-7.3.2-20220804-6354275  User: oesteban  Machine: dna078  Platform: Linux  PlatformVersion: 5.14.0-427.37.1.el9_4.x86_64  CompilerName: GCC  CompilerVersion: 8.4.0
ProgramName: mris_curvature_stats  ProgramArguments: mris_curvature_stats -all-info  ProgramVersion: 7.3.2  TimeStamp: 2026/03/08-18:04:09-GMT  BuildTime: Aug  4 2022 06:17:15  BuildStamp: freesurfer-linux-ubuntu22_x86_64-7.3.2-20220804-6354275  User: oesteban  Machine: dna078  Platform: Linux  PlatformVersion: 5.14.0-427.37.1.el9_4.x86_64  CompilerName: GCC  CompilerVersion: 8.4.0
ProgramName: mris_diff  ProgramArguments: mris_diff -all-info  ProgramVersion: 7.3.2  TimeStamp: 2026/03/08-18:04:09-GMT  BuildTime: Aug  4 2022 06:17:15  BuildStamp: freesurfer-linux-ubuntu22_x86_64-7.3.2-20220804-6354275  User: oesteban  Machine: dna078  Platform: Linux  PlatformVersion: 5.14.0-427.37.1.el9_4.x86_64  CompilerName: GCC  CompilerVersion: 8.4.0
ProgramName: mris_divide_parcellation  ProgramArguments: mris_divide_parcellation -all-info  ProgramVersion: 7.3.2  TimeStamp: 2026/03/08-18:04:09-GMT  BuildTime: Aug  4 2022 06:17:15  BuildStamp: freesurfer-linux-ubuntu22_x86_64-7.3.2-20220804-6354275  User: oesteban  Machine: dna078  Platform: Linux  PlatformVersion: 5.14.0-427.37.1.el9_4.x86_64  CompilerName: GCC  CompilerVersion: 8.4.0
ProgramName: mri_segment  ProgramArguments: mri_segment -all-info  ProgramVersion: 7.3.2  TimeStamp: 2026/03/08-18:04:09-GMT  BuildTime: Aug  4 2022 06:17:15  BuildStamp: freesurfer-linux-ubuntu22_x86_64-7.3.2-20220804-6354275  User: oesteban  Machine: dna078  Platform: Linux  PlatformVersion: 5.14.0-427.37.1.el9_4.x86_64  CompilerName: GCC  CompilerVersion: 8.4.0
ProgramName: mri_segstats  ProgramArguments: mri_segstats -all-info  ProgramVersion: 7.3.2  TimeStamp: 2026/03/08-18:04:09-GMT  BuildTime: Aug  4 2022 06:17:15  BuildStamp: freesurfer-linux-ubuntu22_x86_64-7.3.2-20220804-6354275  User: oesteban  Machine: dna078  Platform: Linux  PlatformVersion: 5.14.0-427.37.1.el9_4.x86_64  CompilerName: GCC  CompilerVersion: 8.4.0
ProgramName: mris_euler_number  ProgramArguments: mris_euler_number -all-info  ProgramVersion: 7.3.2  TimeStamp: 2026/03/08-18:04:09-GMT  BuildTime: Aug  4 2022 06:17:15  BuildStamp: freesurfer-linux-ubuntu22_x86_64-7.3.2-20220804-6354275  User: oesteban  Machine: dna078  Platform: Linux  PlatformVersion: 5.14.0-427.37.1.el9_4.x86_64  CompilerName: GCC  CompilerVersion: 8.4.0
ProgramName: mris_fix_topology  ProgramArguments: mris_fix_topology -all-info  ProgramVersion: 7.3.2  TimeStamp: 2026/03/08-18:04:09-GMT  BuildTime: Aug  4 2022 06:17:15  BuildStamp: freesurfer-linux-ubuntu22_x86_64-7.3.2-20220804-6354275  User: oesteban  Machine: dna078  Platform: Linux  PlatformVersion: 5.14.0-427.37.1.el9_4.x86_64  CompilerName: GCC  CompilerVersion: 8.4.0
ProgramName: mris_topo_fixer  ProgramArguments: mris_topo_fixer -all-info  ProgramVersion: 7.3.2  TimeStamp: 2026/03/08-18:04:09-GMT  BuildTime: Aug  4 2022 06:17:15  BuildStamp: freesurfer-linux-ubuntu22_x86_64-7.3.2-20220804-6354275  User: oesteban  Machine: dna078  Platform: Linux  PlatformVersion: 5.14.0-427.37.1.el9_4.x86_64  CompilerName: GCC  CompilerVersion: 8.4.0
ProgramName: mris_jacobian  ProgramArguments: mris_jacobian -all-info  ProgramVersion: 7.3.2  TimeStamp: 2026/03/08-18:04:09-GMT  BuildTime: Aug  4 2022 06:17:15  BuildStamp: freesurfer-linux-ubuntu22_x86_64-7.3.2-20220804-6354275  User: oesteban  Machine: dna078  Platform: Linux  PlatformVersion: 5.14.0-427.37.1.el9_4.x86_64  CompilerName: GCC  CompilerVersion: 8.4.0
ProgramName: mris_label2annot  ProgramArguments: mris_label2annot -all-info  ProgramVersion: 7.3.2  TimeStamp: 2026/03/08-18:04:09-GMT  BuildTime: Aug  4 2022 06:17:15  BuildStamp: freesurfer-linux-ubuntu22_x86_64-7.3.2-20220804-6354275  User: oesteban  Machine: dna078  Platform: Linux  PlatformVersion: 5.14.0-427.37.1.el9_4.x86_64  CompilerName: GCC  CompilerVersion: 8.4.0
ProgramName: mris_left_right_register  ProgramArguments: mris_left_right_register -all-info  ProgramVersion: 7.3.2  TimeStamp: 2026/03/08-18:04:09-GMT  BuildTime: Aug  4 2022 06:17:15  BuildStamp: freesurfer-linux-ubuntu22_x86_64-7.3.2-20220804-6354275  User: oesteban  Machine: dna078  Platform: Linux  PlatformVersion: 5.14.0-427.37.1.el9_4.x86_64  CompilerName: GCC  CompilerVersion: 8.4.0
ProgramName: mris_place_surface  ProgramArguments: mris_place_surface -all-info  ProgramVersion: 7.3.2  TimeStamp: 2026/03/08-18:04:09-GMT  BuildTime: Aug  4 2022 06:17:15  BuildStamp: freesurfer-linux-ubuntu22_x86_64-7.3.2-20220804-6354275  User: oesteban  Machine: dna078  Platform: Linux  PlatformVersion: 5.14.0-427.37.1.el9_4.x86_64  CompilerName: GCC  CompilerVersion: 8.4.0
ProgramName: mrisp_paint  ProgramArguments: mrisp_paint -all-info  ProgramVersion: 7.3.2  TimeStamp: 2026/03/08-18:04:09-GMT  BuildTime: Aug  4 2022 06:17:15  BuildStamp: freesurfer-linux-ubuntu22_x86_64-7.3.2-20220804-6354275  User: oesteban  Machine: dna078  Platform: Linux  PlatformVersion: 5.14.0-427.37.1.el9_4.x86_64  CompilerName: GCC  CompilerVersion: 8.4.0
ProgramName: mris_register  ProgramArguments: mris_register -all-info  ProgramVersion: 7.3.2  TimeStamp: 2026/03/08-18:04:09-GMT  BuildTime: Aug  4 2022 06:17:15  BuildStamp: freesurfer-linux-ubuntu22_x86_64-7.3.2-20220804-6354275  User: oesteban  Machine: dna078  Platform: Linux  PlatformVersion: 5.14.0-427.37.1.el9_4.x86_64  CompilerName: GCC  CompilerVersion: 8.4.0
ProgramName: mris_smooth  ProgramArguments: mris_smooth -all-info  ProgramVersion: 7.3.2  TimeStamp: 2026/03/08-18:04:09-GMT  BuildTime: Aug  4 2022 06:17:15  BuildStamp: freesurfer-linux-ubuntu22_x86_64-7.3.2-20220804-6354275  User: oesteban  Machine: dna078  Platform: Linux  PlatformVersion: 5.14.0-427.37.1.el9_4.x86_64  CompilerName: GCC  CompilerVersion: 8.4.0
ProgramName: mris_sphere  ProgramArguments: mris_sphere -all-info  ProgramVersion: 7.3.2  TimeStamp: 2026/03/08-18:04:09-GMT  BuildTime: Aug  4 2022 06:17:15  BuildStamp: freesurfer-linux-ubuntu22_x86_64-7.3.2-20220804-6354275  User: oesteban  Machine: dna078  Platform: Linux  PlatformVersion: 5.14.0-427.37.1.el9_4.x86_64  CompilerName: GCC  CompilerVersion: 8.4.0
ProgramName: mris_surface_stats  ProgramArguments: mris_surface_stats -all-info  ProgramVersion: 7.3.2  TimeStamp: 2026/03/08-18:04:09-GMT  BuildTime: Aug  4 2022 06:17:15  BuildStamp: freesurfer-linux-ubuntu22_x86_64-7.3.2-20220804-6354275  User: oesteban  Machine: dna078  Platform: Linux  PlatformVersion: 5.14.0-427.37.1.el9_4.x86_64  CompilerName: GCC  CompilerVersion: 8.4.0
ProgramName: mri_stats2seg  ProgramArguments: mri_stats2seg -all-info  ProgramVersion: 7.3.2  TimeStamp: 2026/03/08-18:04:09-GMT  BuildTime: Aug  4 2022 06:17:15  BuildStamp: freesurfer-linux-ubuntu22_x86_64-7.3.2-20220804-6354275  User: oesteban  Machine: dna078  Platform: Linux  PlatformVersion: 5.14.0-427.37.1.el9_4.x86_64  CompilerName: GCC  CompilerVersion: 8.4.0
ProgramName: mris_thickness  ProgramArguments: mris_thickness -all-info  ProgramVersion: 7.3.2  TimeStamp: 2026/03/08-18:04:09-GMT  BuildTime: Aug  4 2022 06:17:15  BuildStamp: freesurfer-linux-ubuntu22_x86_64-7.3.2-20220804-6354275  User: oesteban  Machine: dna078  Platform: Linux  PlatformVersion: 5.14.0-427.37.1.el9_4.x86_64  CompilerName: GCC  CompilerVersion: 8.4.0
ProgramName: mris_thickness_diff  ProgramArguments: mris_thickness_diff -all-info  ProgramVersion: 7.3.2  TimeStamp: 2026/03/08-18:04:09-GMT  BuildTime: Aug  4 2022 06:17:15  BuildStamp: freesurfer-linux-ubuntu22_x86_64-7.3.2-20220804-6354275  User: oesteban  Machine: dna078  Platform: Linux  PlatformVersion: 5.14.0-427.37.1.el9_4.x86_64  CompilerName: GCC  CompilerVersion: 8.4.0
ProgramName: mris_topo_fixer  ProgramArguments: mris_topo_fixer -all-info  ProgramVersion: 7.3.2  TimeStamp: 2026/03/08-18:04:09-GMT  BuildTime: Aug  4 2022 06:17:15  BuildStamp: freesurfer-linux-ubuntu22_x86_64-7.3.2-20220804-6354275  User: oesteban  Machine: dna078  Platform: Linux  PlatformVersion: 5.14.0-427.37.1.el9_4.x86_64  CompilerName: GCC  CompilerVersion: 8.4.0
ProgramName: mri_surf2surf  ProgramArguments: mri_surf2surf -all-info  ProgramVersion: 7.3.2  TimeStamp: 2026/03/08-18:04:09-GMT  BuildTime: Aug  4 2022 06:17:15  BuildStamp: freesurfer-linux-ubuntu22_x86_64-7.3.2-20220804-6354275  User: oesteban  Machine: dna078  Platform: Linux  PlatformVersion: 5.14.0-427.37.1.el9_4.x86_64  CompilerName: GCC  CompilerVersion: 8.4.0
ProgramName: mri_surf2vol  ProgramArguments: mri_surf2vol -all-info  ProgramVersion: 7.3.2  TimeStamp: 2026/03/08-18:04:09-GMT  BuildTime: Aug  4 2022 06:17:15  BuildStamp: freesurfer-linux-ubuntu22_x86_64-7.3.2-20220804-6354275  User: oesteban  Machine: dna078  Platform: Linux  PlatformVersion: 5.14.0-427.37.1.el9_4.x86_64  CompilerName: GCC  CompilerVersion: 8.4.0
ProgramName: mri_surfcluster  ProgramArguments: mri_surfcluster -all-info  ProgramVersion: 7.3.2  TimeStamp: 2026/03/08-18:04:09-GMT  BuildTime: Aug  4 2022 06:17:15  BuildStamp: freesurfer-linux-ubuntu22_x86_64-7.3.2-20220804-6354275  User: oesteban  Machine: dna078  Platform: Linux  PlatformVersion: 5.14.0-427.37.1.el9_4.x86_64  CompilerName: GCC  CompilerVersion: 8.4.0
ProgramName: mris_volmask  ProgramArguments: mris_volmask -all-info  ProgramVersion: 7.3.2  TimeStamp: 2026/03/08-18:04:09-GMT  BuildTime: Aug  4 2022 06:17:15  BuildStamp: freesurfer-linux-ubuntu22_x86_64-7.3.2-20220804-6354275  User: oesteban  Machine: dna078  Platform: Linux  PlatformVersion: 5.14.0-427.37.1.el9_4.x86_64  CompilerName: GCC  CompilerVersion: 8.4.0
ProgramName: mri_tessellate  ProgramArguments: mri_tessellate -all-info  ProgramVersion: 7.3.2  TimeStamp: 2026/03/08-18:04:09-GMT  BuildTime: Aug  4 2022 06:17:15  BuildStamp: freesurfer-linux-ubuntu22_x86_64-7.3.2-20220804-6354275  User: oesteban  Machine: dna078  Platform: Linux  PlatformVersion: 5.14.0-427.37.1.el9_4.x86_64  CompilerName: GCC  CompilerVersion: 8.4.0
ProgramName: mri_vol2surf  ProgramArguments: mri_vol2surf -all-info  ProgramVersion: 7.3.2  TimeStamp: 2026/03/08-18:04:09-GMT  BuildTime: Aug  4 2022 06:17:15  BuildStamp: freesurfer-linux-ubuntu22_x86_64-7.3.2-20220804-6354275  User: oesteban  Machine: dna078  Platform: Linux  PlatformVersion: 5.14.0-427.37.1.el9_4.x86_64  CompilerName: GCC  CompilerVersion: 8.4.0
ProgramName: mri_vol2vol  ProgramArguments: mri_vol2vol -all-info  ProgramVersion: 7.3.2  TimeStamp: 2026/03/08-18:04:09-GMT  BuildTime: Aug  4 2022 06:17:15  BuildStamp: freesurfer-linux-ubuntu22_x86_64-7.3.2-20220804-6354275  User: oesteban  Machine: dna078  Platform: Linux  PlatformVersion: 5.14.0-427.37.1.el9_4.x86_64  CompilerName: GCC  CompilerVersion: 8.4.0
ProgramName: mri_voldiff  ProgramArguments: mri_voldiff -all-info  ProgramVersion: 7.3.2  TimeStamp: 2026/03/08-18:04:09-GMT  BuildTime: Aug  4 2022 06:17:15  BuildStamp: freesurfer-linux-ubuntu22_x86_64-7.3.2-20220804-6354275  User: oesteban  Machine: dna078  Platform: Linux  PlatformVersion: 5.14.0-427.37.1.el9_4.x86_64  CompilerName: GCC  CompilerVersion: 8.4.0
ProgramName: mri_watershed  ProgramArguments: mri_watershed -all-info  ProgramVersion: 7.3.2  TimeStamp: 2026/03/08-18:04:09-GMT  BuildTime: Aug  4 2022 06:17:15  BuildStamp: freesurfer-linux-ubuntu22_x86_64-7.3.2-20220804-6354275  User: oesteban  Machine: dna078  Platform: Linux  PlatformVersion: 5.14.0-427.37.1.el9_4.x86_64  CompilerName: GCC  CompilerVersion: 8.4.0
ProgramName: tkregister2  ProgramArguments: tkregister2_cmdl -all-info  ProgramVersion: 7.3.2  TimeStamp: 2026/03/08-18:04:09-GMT  BuildTime: Aug  4 2022 06:17:15  BuildStamp: freesurfer-linux-ubuntu22_x86_64-7.3.2-20220804-6354275  User: oesteban  Machine: dna078  Platform: Linux  PlatformVersion: 5.14.0-427.37.1.el9_4.x86_64  CompilerName: GCC  CompilerVersion: 8.4.0
mri_motion_correct.fsl 7.3.2
mri_convert -all-info 
ProgramName: mri_convert  ProgramArguments: mri_convert -all-info  ProgramVersion: 7.3.2  TimeStamp: 2026/03/08-18:04:09-GMT  BuildTime: Aug  4 2022 06:17:15  BuildStamp: freesurfer-linux-ubuntu22_x86_64-7.3.2-20220804-6354275  User: oesteban  Machine: dna078  Platform: Linux  PlatformVersion: 5.14.0-427.37.1.el9_4.x86_64  CompilerName: GCC  CompilerVersion: 8.4.0
Program nu_correct, built from:
Package MNI N3, version 1.12.0, compiled by nicks@terrier (x86_64-unknown-linux-gnu) on 2015-06-19 at 01:25:34
#######################################
GCADIR /opt/freesurfer/average
GCA RB_all_2020-01-02.gca
GCASkull RB_all_withskull_2020_01_02.gca
AvgCurvTif folding.atlas.acfb40.noaparc.i12.2016-08-02.tif
GCSDIR /opt/freesurfer/average
GCS DKaparc.atlas.acfb40.noaparc.i12.2016-08-02.gcs
#######################################
#--------------------------------------
#@# CA Normalize Sun Mar  8 19:04:09 CET 2026
/out/sourcedata/freesurfer/sub-v1s14x0051574_ses-1/mri

 mri_ca_normalize -c ctrl_pts.mgz -mask brainmask.mgz nu.mgz /opt/freesurfer/average/RB_all_2020-01-02.gca transforms/talairach.lta norm.mgz 

writing control point volume to ctrl_pts.mgz
using MR volume brainmask.mgz to mask input volume...
reading 1 input volume
reading atlas from '/opt/freesurfer/average/RB_all_2020-01-02.gca'...
reading transform from 'transforms/talairach.lta'...
reading input volume from nu.mgz...
resetting wm mean[0]: 98 --> 107
resetting gm mean[0]: 61 --> 61
input volume #1 is the most T1-like
using real data threshold=25.0
skull bounding box = (59, 68, 31) --> (200, 193, 189)
finding center of left hemi white matter
using (106, 110, 110) as brain centroid of Right_Cerebral_White_Matter...
mean wm in atlas = 107, using box (89,95,91) --> (123, 125,129) to find MRI wm
before smoothing, mri peak at 107
robust fit to distribution - 107 +- 3.6
after smoothing, mri peak at 107, scaling input intensities by 1.000
scaling channel 0 by 1
using 246437 sample points...
INFO: compute sample coordinates transform
 1.01310  -0.04580  -0.01813   1.73653;
 0.04125   1.16781   0.23671  -61.28558;
 0.00829  -0.27535   1.02563   33.31404;
 0.00000   0.00000   0.00000   1.00000;
INFO: transform used
finding control points in Left_Cerebral_White_Matter....
found 40230 control points for structure...
bounding box (130, 73, 32) --> (196, 169, 188)
Left_Cerebral_White_Matter: limiting intensities to 96.0 --> 132.0
1 of 8775 (0.0%) samples deleted
finding control points in Right_Cerebral_White_Matter....
found 39478 control points for structure...
bounding box (66, 74, 31) --> (132, 170, 189)
Right_Cerebral_White_Matter: limiting intensities to 95.0 --> 132.0
5 of 8562 (0.1%) samples deleted
finding control points in Left_Cerebellum_White_Matter....
found 3105 control points for structure...
bounding box (133, 146, 59) --> (182, 184, 111)
Left_Cerebellum_White_Matter: limiting intensities to 100.0 --> 132.0
0 of 284 (0.0%) samples deleted
finding control points in Right_Cerebellum_White_Matter....
found 2710 control points for structure...
bounding box (89, 146, 57) --> (132, 185, 112)
Right_Cerebellum_White_Matter: limiting intensities to 95.0 --> 132.0
0 of 138 (0.0%) samples deleted
finding control points in Brain_Stem....
found 3475 control points for structure...
bounding box (115, 138, 94) --> (150, 196, 122)
Brain_Stem: limiting intensities to 98.0 --> 132.0
74 of 547 (13.5%) samples deleted
using 18306 total control points for intensity normalization...
bias field = 0.973 +- 0.057
196 of 18226 control points discarded
finding control points in Left_Cerebral_White_Matter....
found 40230 control points for structure...
bounding box (130, 73, 32) --> (196, 169, 188)
Left_Cerebral_White_Matter: limiting intensities to 90.0 --> 132.0
0 of 8929 (0.0%) samples deleted
finding control points in Right_Cerebral_White_Matter....
found 39478 control points for structure...
bounding box (66, 74, 31) --> (132, 170, 189)
Right_Cerebral_White_Matter: limiting intensities to 89.0 --> 132.0
4 of 8703 (0.0%) samples deleted
finding control points in Left_Cerebellum_White_Matter....
found 3105 control points for structure...
bounding box (133, 146, 59) --> (182, 184, 111)
Left_Cerebellum_White_Matter: limiting intensities to 88.0 --> 132.0
17 of 323 (5.3%) samples deleted
finding control points in Right_Cerebellum_White_Matter....
found 2710 control points for structure...
bounding box (89, 146, 57) --> (132, 185, 112)
Right_Cerebellum_White_Matter: limiting intensities to 88.0 --> 132.0
13 of 207 (6.3%) samples deleted
finding control points in Brain_Stem....
found 3475 control points for structure...
bounding box (115, 138, 94) --> (150, 196, 122)
Brain_Stem: limiting intensities to 88.0 --> 132.0
80 of 638 (12.5%) samples deleted
using 18800 total control points for intensity normalization...
bias field = 1.025 +- 0.049
86 of 18610 control points discarded
finding control points in Left_Cerebral_White_Matter....
found 40230 control points for structure...
bounding box (130, 73, 32) --> (196, 169, 188)
Left_Cerebral_White_Matter: limiting intensities to 91.0 --> 132.0
2 of 8942 (0.0%) samples deleted
finding control points in Right_Cerebral_White_Matter....
found 39478 control points for structure...
bounding box (66, 74, 31) --> (132, 170, 189)
Right_Cerebral_White_Matter: limiting intensities to 90.0 --> 132.0
3 of 8758 (0.0%) samples deleted
finding control points in Left_Cerebellum_White_Matter....
found 3105 control points for structure...
bounding box (133, 146, 59) --> (182, 184, 111)
Left_Cerebellum_White_Matter: limiting intensities to 88.0 --> 132.0
2 of 309 (0.6%) samples deleted
finding control points in Right_Cerebellum_White_Matter....
found 2710 control points for structure...
bounding box (89, 146, 57) --> (132, 185, 112)
Right_Cerebellum_White_Matter: limiting intensities to 88.0 --> 132.0
24 of 229 (10.5%) samples deleted
finding control points in Brain_Stem....
found 3475 control points for structure...
bounding box (115, 138, 94) --> (150, 196, 122)
Brain_Stem: limiting intensities to 88.0 --> 132.0
239 of 663 (36.0%) samples deleted
using 18901 total control points for intensity normalization...
bias field = 1.019 +- 0.041
63 of 18466 control points discarded
writing normalized volume to norm.mgz...
writing control points to ctrl_pts.mgz
freeing GCA...done.
normalization took 0 minutes and 52 seconds.
#--------------------------------------
#@# CA Reg Sun Mar  8 19:05:02 CET 2026
/out/sourcedata/freesurfer/sub-v1s14x0051574_ses-1/mri

 mri_ca_register -nobigventricles -T transforms/talairach.lta -align-after -mask brainmask.mgz norm.mgz /opt/freesurfer/average/RB_all_2020-01-02.gca transforms/talairach.m3z 

not handling expanded ventricles...
using previously computed transform transforms/talairach.lta
renormalizing sequences with structure alignment, equivalent to:
	-renormalize
	-regularize_mean 0.500
	-regularize 0.500
using MR volume brainmask.mgz to mask input volume...

== Number of threads available to mri_ca_register for OpenMP = 16 == 
reading 1 input volumes...
logging results to talairach.log
reading input volume 'norm.mgz'...
reading GCA '/opt/freesurfer/average/RB_all_2020-01-02.gca'...
label assignment complete, 0 changed (0.00%)
freeing gibbs priors...done.
average std[0] = 5.0
Starting GCAMregister()
label assignment complete, 0 changed (0.00%)
npasses = 1, nlevels = 6
#pass# 1 of 1 ************************
enabling zero nodes
setting smoothness cost coefficient to 0.156

#GCAMreg# pass 0 level1 5 level2 0 tsec 0 sigma 2
l_jacobian=1.00 l_label=1.00 l_log_likelihood=0.20 l_smoothness=0.16 
tol=2.50e-01, dt=5.00e-02, exp_k=20.0, momentum=0.90, levels=6, niter=500, lbl_dist=10.00, avgs=256, sigma=2.0,type=2, relabel=0, neg=no

blurring input image with Gaussian with sigma=2.000...
GCAMRegisterLevel(): init RMS 0.865869
#FOTS# QuadFit found better minimum quadopt=(dt=221.952,rms=0.77556) vs oldopt=(dt=369.92,rms=0.810586)
#GCMRL#    0 dt 221.952000 rms  0.776 10.430% neg 0  invalid 762 tFOTS 2.7960 tGradient 2.6040 tsec 5.6170
#FOTS# QuadFit found better minimum quadopt=(dt=190.512,rms=0.748911) vs oldopt=(dt=92.48,rms=0.755753)
#GCMRL#    1 dt 190.511628 rms  0.749  3.436% neg 0  invalid 762 tFOTS 2.7390 tGradient 2.2010 tsec 5.1520
#FOTS# QuadFit found better minimum quadopt=(dt=172.86,rms=0.736002) vs oldopt=(dt=92.48,rms=0.739381)
#GCMRL#    2 dt 172.859813 rms  0.736  1.724% neg 0  invalid 762 tFOTS 2.7680 tGradient 2.2770 tsec 5.2540
#FOTS# QuadFit found better minimum quadopt=(dt=295.936,rms=0.728449) vs oldopt=(dt=369.92,rms=0.729338)
#GCMRL#    3 dt 295.936000 rms  0.728  1.026% neg 0  invalid 762 tFOTS 2.5320 tGradient 2.3050 tsec 5.0430
#FOTS# QuadFit found better minimum quadopt=(dt=142.73,rms=0.723008) vs oldopt=(dt=92.48,rms=0.723898)
#GCMRL#    4 dt 142.730159 rms  0.723  0.747% neg 0  invalid 762 tFOTS 2.8840 tGradient 2.2910 tsec 5.3870
#FOTS# QuadFit found better minimum quadopt=(dt=517.888,rms=0.717313) vs oldopt=(dt=369.92,rms=0.71781)
#GCMRL#    5 dt 517.888000 rms  0.717  0.788% neg 0  invalid 762 tFOTS 2.7100 tGradient 2.2620 tsec 5.1830
#FOTS# QuadFit found better minimum quadopt=(dt=129.472,rms=0.713779) vs oldopt=(dt=92.48,rms=0.714063)
#GCMRL#    6 dt 129.472000 rms  0.714  0.493% neg 0  invalid 762 tFOTS 2.9680 tGradient 2.3490 tsec 5.5320
#FOTS# QuadFit found better minimum quadopt=(dt=517.888,rms=0.710542) vs oldopt=(dt=369.92,rms=0.711078)
#GCMRL#    7 dt 517.888000 rms  0.711  0.453% neg 0  invalid 762 tFOTS 2.7630 tGradient 2.2460 tsec 5.2170
#FOTS# QuadFit found better minimum quadopt=(dt=129.472,rms=0.708797) vs oldopt=(dt=92.48,rms=0.709028)
#GCMRL#    8 dt 129.472000 rms  0.709  0.000% neg 0  invalid 762 tFOTS 2.7360 tGradient 2.2860 tsec 5.2490
#GCMRL#    9 dt 129.472000 rms  0.708  0.111% neg 0  invalid 762 tFOTS 0.0000 tGradient 2.3190 tsec 2.5090
#GCMRL#   10 dt 129.472000 rms  0.707  0.167% neg 0  invalid 762 tFOTS 0.0000 tGradient 2.1840 tsec 2.3790
#GCMRL#   11 dt 129.472000 rms  0.705  0.220% neg 0  invalid 762 tFOTS 0.0000 tGradient 2.2910 tsec 2.4910
#GCMRL#   12 dt 129.472000 rms  0.704  0.247% neg 0  invalid 762 tFOTS 0.0000 tGradient 2.3350 tsec 2.5300
#GCMRL#   13 dt 129.472000 rms  0.702  0.237% neg 0  invalid 762 tFOTS 0.0000 tGradient 2.2270 tsec 2.4160
#GCMRL#   14 dt 129.472000 rms  0.700  0.248% neg 0  invalid 762 tFOTS 0.0000 tGradient 2.3590 tsec 2.5520
#GCMRL#   15 dt 129.472000 rms  0.698  0.243% neg 0  invalid 762 tFOTS 0.0000 tGradient 2.3200 tsec 2.5200
#GCMRL#   16 dt 129.472000 rms  0.697  0.213% neg 0  invalid 762 tFOTS 0.0000 tGradient 2.2270 tsec 2.4180
#GCMRL#   17 dt 129.472000 rms  0.696  0.179% neg 0  invalid 762 tFOTS 0.0000 tGradient 2.2730 tsec 2.4670
#GCMRL#   18 dt 129.472000 rms  0.695  0.151% neg 0  invalid 762 tFOTS 0.0000 tGradient 2.2360 tsec 2.4350
#GCMRL#   19 dt 129.472000 rms  0.694  0.132% neg 0  invalid 762 tFOTS 0.0000 tGradient 2.3000 tsec 2.4960
#GCMRL#   20 dt 129.472000 rms  0.693  0.123% neg 0  invalid 762 tFOTS 0.0000 tGradient 2.3360 tsec 2.5300
#GCMRL#   21 dt 129.472000 rms  0.692  0.120% neg 0  invalid 762 tFOTS 0.0000 tGradient 2.2930 tsec 2.5010
#FOTS# QuadFit found better minimum quadopt=(dt=443.904,rms=0.691793) vs oldopt=(dt=369.92,rms=0.691804)
#GCMRL#   22 dt 443.904000 rms  0.692  0.000% neg 0  invalid 762 tFOTS 2.8070 tGradient 2.2270 tsec 5.2610

#GCAMreg# pass 0 level1 5 level2 1 tsec 96.227 sigma 0.5
l_jacobian=1.00 l_label=1.00 l_log_likelihood=0.20 l_smoothness=0.16 
tol=2.50e-01, dt=5.00e-02, exp_k=20.0, momentum=0.90, levels=6, niter=500, lbl_dist=10.00, avgs=256, sigma=0.5,type=2, relabel=0, neg=no

blurring input image with Gaussian with sigma=0.500...
GCAMRegisterLevel(): init RMS 0.692264
#FOTS# QuadFit found better minimum quadopt=(dt=129.472,rms=0.690568) vs oldopt=(dt=92.48,rms=0.690807)
#GCMRL#   24 dt 129.472000 rms  0.691  0.245% neg 0  invalid 762 tFOTS 2.6460 tGradient 2.3180 tsec 5.1660
#GCMRL#   25 dt 369.920000 rms  0.690  0.000% neg 0  invalid 762 tFOTS 2.6510 tGradient 2.3270 tsec 5.2010
#GCMRL#   26 dt 369.920000 rms  0.689  0.060% neg 0  invalid 762 tFOTS 0.0000 tGradient 2.2880 tsec 2.4800
#GCMRL#   27 dt 369.920000 rms  0.688  0.159% neg 0  invalid 762 tFOTS 0.0000 tGradient 2.2710 tsec 2.4600
#GCMRL#   28 dt 369.920000 rms  0.687  0.120% neg 0  invalid 762 tFOTS 0.0000 tGradient 2.5040 tsec 2.6930
#GCMRL#   29 dt 369.920000 rms  0.687  0.040% neg 0  invalid 762 tFOTS 0.0000 tGradient 2.2910 tsec 2.5020
#FOTS# QuadFit found better minimum quadopt=(dt=129.472,rms=0.686665) vs oldopt=(dt=92.48,rms=0.686703)
#GCMRL#   30 dt 129.472000 rms  0.687  0.071% neg 0  invalid 762 tFOTS 2.7450 tGradient 2.3150 tsec 5.2710
#FOTS# QuadFit found better minimum quadopt=(dt=517.888,rms=0.686307) vs oldopt=(dt=369.92,rms=0.686362)
#GCMRL#   31 dt 517.888000 rms  0.686  0.000% neg 0  invalid 762 tFOTS 2.8050 tGradient 2.3540 tsec 5.3770
setting smoothness cost coefficient to 0.615

#GCAMreg# pass 0 level1 4 level2 0 tsec 0 sigma 2
l_jacobian=1.00 l_label=1.00 l_log_likelihood=0.20 l_smoothness=0.62 
tol=2.50e-01, dt=5.00e-02, exp_k=20.0, momentum=0.90, levels=6, niter=500, lbl_dist=10.00, avgs=64, sigma=2.0,type=2, relabel=0, neg=no

blurring input image with Gaussian with sigma=2.000...
GCAMRegisterLevel(): init RMS 0.697653
#FOTS# QuadFit found better minimum quadopt=(dt=36.288,rms=0.696281) vs oldopt=(dt=25.92,rms=0.696333)
#GCMRL#   33 dt  36.288000 rms  0.696  0.197% neg 0  invalid 762 tFOTS 2.4900 tGradient 1.8320 tsec 4.5210
#FOTS# QuadFit found better minimum quadopt=(dt=36.288,rms=0.695734) vs oldopt=(dt=25.92,rms=0.695843)
#GCMRL#   34 dt  36.288000 rms  0.696  0.000% neg 0  invalid 762 tFOTS 2.3340 tGradient 1.6890 tsec 4.2360
#GCMRL#   35 dt  36.288000 rms  0.695  0.120% neg 0  invalid 762 tFOTS 0.0000 tGradient 1.6180 tsec 1.8050
#GCMRL#   36 dt  36.288000 rms  0.694  0.165% neg 0  invalid 762 tFOTS 0.0000 tGradient 1.7020 tsec 1.8870
#GCMRL#   37 dt  36.288000 rms  0.693  0.176% neg 0  invalid 762 tFOTS 0.0000 tGradient 1.7140 tsec 1.9030
#GCMRL#   38 dt  36.288000 rms  0.691  0.253% neg 0  invalid 762 tFOTS 0.0000 tGradient 1.6670 tsec 1.8510
#GCMRL#   39 dt  36.288000 rms  0.688  0.370% neg 0  invalid 762 tFOTS 0.0000 tGradient 1.7760 tsec 1.9610
#GCMRL#   40 dt  36.288000 rms  0.685  0.462% neg 0  invalid 762 tFOTS 0.0000 tGradient 1.6660 tsec 1.8500
#GCMRL#   41 dt  36.288000 rms  0.682  0.490% neg 0  invalid 762 tFOTS 0.0000 tGradient 1.6470 tsec 1.8330
#GCMRL#   42 dt  36.288000 rms  0.679  0.450% neg 0  invalid 762 tFOTS 0.0000 tGradient 1.7480 tsec 1.9380
#GCMRL#   43 dt  36.288000 rms  0.676  0.381% neg 0  invalid 762 tFOTS 0.0000 tGradient 1.6530 tsec 1.8380
#GCMRL#   44 dt  36.288000 rms  0.674  0.272% neg 0  invalid 762 tFOTS 0.0000 tGradient 1.6180 tsec 1.8100
#GCMRL#   45 dt  36.288000 rms  0.673  0.198% neg 0  invalid 762 tFOTS 0.0000 tGradient 1.6450 tsec 1.8320
#GCMRL#   46 dt  36.288000 rms  0.672  0.112% neg 0  invalid 762 tFOTS 0.0000 tGradient 1.6280 tsec 1.8120
#GCMRL#   47 dt  36.288000 rms  0.672  0.051% neg 0  invalid 762 tFOTS 0.0000 tGradient 1.6180 tsec 1.8140
#FOTS# QuadFit found better minimum quadopt=(dt=124.416,rms=0.671491) vs oldopt=(dt=103.68,rms=0.671498)
#GCMRL#   48 dt 124.416000 rms  0.671  0.000% neg 0  invalid 762 tFOTS 2.6730 tGradient 1.6580 tsec 4.5540

#GCAMreg# pass 0 level1 4 level2 1 tsec 47.379 sigma 0.5
l_jacobian=1.00 l_label=1.00 l_log_likelihood=0.20 l_smoothness=0.62 
tol=2.50e-01, dt=5.00e-02, exp_k=20.0, momentum=0.90, levels=6, niter=500, lbl_dist=10.00, avgs=64, sigma=0.5,type=2, relabel=0, neg=no

blurring input image with Gaussian with sigma=0.500...
GCAMRegisterLevel(): init RMS 0.6721
#FOTS# QuadFit found better minimum quadopt=(dt=36.288,rms=0.671049) vs oldopt=(dt=25.92,rms=0.671109)
#GCMRL#   50 dt  36.288000 rms  0.671  0.156% neg 0  invalid 762 tFOTS 2.3960 tGradient 1.6250 tsec 4.2250
#GCMRL#   51 dt   0.450000 rms  0.671  0.000% neg 0  invalid 762 tFOTS 2.4480 tGradient 1.6390 tsec 4.2960
setting smoothness cost coefficient to 2.353

#GCAMreg# pass 0 level1 3 level2 0 tsec 0 sigma 2
l_jacobian=1.00 l_label=1.00 l_log_likelihood=0.20 l_smoothness=2.35 
tol=2.50e-01, dt=5.00e-02, exp_k=20.0, momentum=0.90, levels=6, niter=500, lbl_dist=10.00, avgs=16, sigma=2.0,type=2, relabel=0, neg=no

blurring input image with Gaussian with sigma=2.000...
GCAMRegisterLevel(): init RMS 0.703422
#FOTS# QuadFit found better minimum quadopt=(dt=0.7,rms=0.702805) vs oldopt=(dt=0.5,rms=0.702813)
#GCMRL#   53 dt   0.700000 rms  0.703  0.088% neg 0  invalid 762 tFOTS 2.5710 tGradient 1.5470 tsec 4.3230
#FOTS# QuadFit found better minimum quadopt=(dt=0.175,rms=0.702816) vs oldopt=(dt=0.125,rms=0.702816)

#GCAMreg# pass 0 level1 3 level2 1 tsec 16.601 sigma 0.5
l_jacobian=1.00 l_label=1.00 l_log_likelihood=0.20 l_smoothness=2.35 
tol=2.50e-01, dt=5.00e-02, exp_k=20.0, momentum=0.90, levels=6, niter=500, lbl_dist=10.00, avgs=16, sigma=0.5,type=2, relabel=0, neg=no

blurring input image with Gaussian with sigma=0.500...
GCAMRegisterLevel(): init RMS 0.703367
#FOTS# QuadFit found better minimum quadopt=(dt=0.6,rms=0.702784) vs oldopt=(dt=0.5,rms=0.702786)
#GCMRL#   55 dt   0.600000 rms  0.703  0.083% neg 0  invalid 762 tFOTS 2.5280 tGradient 1.5060 tsec 4.2420
#FOTS# QuadFit found better minimum quadopt=(dt=0.1,rms=0.702785) vs oldopt=(dt=0.125,rms=0.702785)
setting smoothness cost coefficient to 8.000

#GCAMreg# pass 0 level1 2 level2 0 tsec 0 sigma 2
l_jacobian=1.00 l_label=1.00 l_log_likelihood=0.20 l_smoothness=8.00 
tol=2.50e-01, dt=5.00e-02, exp_k=20.0, momentum=0.90, levels=6, niter=500, lbl_dist=10.00, avgs=4, sigma=2.0,type=2, relabel=0, neg=no

blurring input image with Gaussian with sigma=2.000...
GCAMRegisterLevel(): init RMS 0.792217
#FOTS# QuadFit found better minimum quadopt=(dt=2.69108,rms=0.764559) vs oldopt=(dt=2.88,rms=0.764695)
#GCMRL#   57 dt   2.691078 rms  0.765  3.491% neg 0  invalid 762 tFOTS 2.5790 tGradient 1.3700 tsec 4.1610
#FOTS# QuadFit found better minimum quadopt=(dt=2.09938,rms=0.760479) vs oldopt=(dt=2.88,rms=0.761045)
#GCMRL#   58 dt   2.099379 rms  0.760  0.534% neg 0  invalid 762 tFOTS 2.5410 tGradient 1.4520 tsec 4.2020
#FOTS# QuadFit found better minimum quadopt=(dt=1.8913,rms=0.759206) vs oldopt=(dt=2.88,rms=0.759536)
#GCMRL#   59 dt   1.891304 rms  0.759  0.000% neg 0  invalid 762 tFOTS 2.6030 tGradient 1.3810 tsec 4.2130

#GCAMreg# pass 0 level1 2 level2 1 tsec 22.004 sigma 0.5
l_jacobian=1.00 l_label=1.00 l_log_likelihood=0.20 l_smoothness=8.00 
tol=2.50e-01, dt=5.00e-02, exp_k=20.0, momentum=0.90, levels=6, niter=500, lbl_dist=10.00, avgs=4, sigma=0.5,type=2, relabel=0, neg=no

blurring input image with Gaussian with sigma=0.500...
GCAMRegisterLevel(): init RMS 0.75965
#GCMRL#   61 dt   0.000000 rms  0.759  0.058% neg 0  invalid 762 tFOTS 2.3780 tGradient 1.3100 tsec 3.8980
setting smoothness cost coefficient to 20.000

#GCAMreg# pass 0 level1 1 level2 0 tsec 0 sigma 2
l_jacobian=1.00 l_label=1.00 l_log_likelihood=0.20 l_smoothness=20.00 
tol=2.50e-01, dt=5.00e-02, exp_k=20.0, momentum=0.90, levels=6, niter=500, lbl_dist=10.00, avgs=1, sigma=2.0,type=2, relabel=0, neg=no

blurring input image with Gaussian with sigma=2.000...
GCAMRegisterLevel(): init RMS 0.82392
#FOTS# QuadFit found better minimum quadopt=(dt=0.256,rms=0.822717) vs oldopt=(dt=0.32,rms=0.822733)
#GCMRL#   63 dt   0.256000 rms  0.823  0.146% neg 0  invalid 762 tFOTS 2.5560 tGradient 1.1050 tsec 3.8820
#GCMRL#   64 dt   1.280000 rms  0.817  0.674% neg 0  invalid 762 tFOTS 2.5580 tGradient 1.1470 tsec 3.9220
#GCMRL#   65 dt   0.320000 rms  0.815  0.000% neg 0  invalid 762 tFOTS 2.5620 tGradient 1.1410 tsec 3.9310
#GCMRL#   66 dt   0.320000 rms  0.812  0.364% neg 0  invalid 762 tFOTS 0.0000 tGradient 1.1310 tsec 1.3260
#GCMRL#   67 dt   0.320000 rms  0.809  0.343% neg 0  invalid 762 tFOTS 0.0000 tGradient 1.0520 tsec 1.2480
#GCMRL#   68 dt   0.320000 rms  0.808  0.239% neg 0  invalid 762 tFOTS 0.0000 tGradient 1.1300 tsec 1.3260
#GCMRL#   69 dt   0.320000 rms  0.806  0.241% neg 0  invalid 762 tFOTS 0.0000 tGradient 1.1270 tsec 1.3210
#GCMRL#   70 dt   0.320000 rms  0.803  0.257% neg 0  invalid 762 tFOTS 0.0000 tGradient 1.0980 tsec 1.2960
#GCMRL#   71 dt   0.320000 rms  0.803  0.071% neg 0  invalid 762 tFOTS 0.0000 tGradient 1.1140 tsec 1.3160
#GCMRL#   72 dt   0.320000 rms  0.803 -0.062% neg 0  invalid 762 tFOTS 0.0000 tGradient 1.1680 tsec 1.5150
#FOTS# QuadFit found better minimum quadopt=(dt=0.112,rms=0.802792) vs oldopt=(dt=0.08,rms=0.802817)
#GCMRL#   73 dt   0.112000 rms  0.803  0.017% neg 0  invalid 762 tFOTS 2.5670 tGradient 1.1690 tsec 3.9550
#FOTS# QuadFit found better minimum quadopt=(dt=0.768,rms=0.80214) vs oldopt=(dt=1.28,rms=0.802312)
#GCMRL#   74 dt   0.768000 rms  0.802  0.081% neg 0  invalid 762 tFOTS 2.5450 tGradient 1.1390 tsec 3.8910
#FOTS# QuadFit found better minimum quadopt=(dt=0.448,rms=0.800705) vs oldopt=(dt=0.32,rms=0.800801)
#GCMRL#   75 dt   0.448000 rms  0.801  0.179% neg 0  invalid 762 tFOTS 2.5370 tGradient 1.1530 tsec 3.8950

#GCAMreg# pass 0 level1 1 level2 1 tsec 44.757 sigma 0.5
l_jacobian=1.00 l_label=1.00 l_log_likelihood=0.20 l_smoothness=20.00 
tol=2.50e-01, dt=5.00e-02, exp_k=20.0, momentum=0.90, levels=6, niter=500, lbl_dist=10.00, avgs=1, sigma=0.5,type=2, relabel=0, neg=no

blurring input image with Gaussian with sigma=0.500...
GCAMRegisterLevel(): init RMS 0.80103
#FOTS# QuadFit found better minimum quadopt=(dt=0.112,rms=0.800505) vs oldopt=(dt=0.08,rms=0.800517)
#GCMRL#   77 dt   0.112000 rms  0.801  0.066% neg 0  invalid 762 tFOTS 2.5740 tGradient 1.1400 tsec 3.9330
#FOTS# QuadFit found better minimum quadopt=(dt=0.256,rms=0.8004) vs oldopt=(dt=0.32,rms=0.800405)
#GCMRL#   78 dt   0.256000 rms  0.800  0.000% neg 0  invalid 762 tFOTS 2.5350 tGradient 1.0910 tsec 3.8680
#GCMRL#   79 dt   0.256000 rms  0.800  0.037% neg 0  invalid 762 tFOTS 0.0000 tGradient 1.1590 tsec 1.3570
#GCMRL#   80 dt   0.256000 rms  0.800  0.043% neg 0  invalid 762 tFOTS 0.0000 tGradient 1.1450 tsec 1.3460
#GCMRL#   81 dt   0.256000 rms  0.799  0.042% neg 0  invalid 762 tFOTS 0.0000 tGradient 1.0520 tsec 1.2460
#GCMRL#   82 dt   0.256000 rms  0.799  0.049% neg 0  invalid 762 tFOTS 0.0000 tGradient 1.0490 tsec 1.2430
#GCMRL#   83 dt   0.256000 rms  0.799  0.055% neg 0  invalid 762 tFOTS 0.0000 tGradient 1.1780 tsec 1.3760
resetting metric properties...
setting smoothness cost coefficient to 40.000

#GCAMreg# pass 0 level1 0 level2 0 tsec 0 sigma 2
l_jacobian=1.00 l_label=1.00 l_log_likelihood=0.20 l_smoothness=40.00 
tol=2.50e-01, dt=5.00e-02, exp_k=20.0, momentum=0.90, levels=6, niter=500, lbl_dist=10.00, avgs=0, sigma=2.0,type=2, relabel=0, neg=no

blurring input image with Gaussian with sigma=2.000...
GCAMRegisterLevel(): init RMS 0.768842
#FOTS# QuadFit found better minimum quadopt=(dt=0.229659,rms=0.763119) vs oldopt=(dt=0.32,rms=0.763705)
#GCMRL#   85 dt   0.229659 rms  0.763  0.744% neg 0  invalid 762 tFOTS 2.4750 tGradient 0.6740 tsec 3.3580
#GCMRL#   86 dt   0.020000 rms  0.763  0.000% neg 0  invalid 762 tFOTS 2.4300 tGradient 0.6570 tsec 3.3110

#GCAMreg# pass 0 level1 0 level2 1 tsec 15.687 sigma 0.5
l_jacobian=1.00 l_label=1.00 l_log_likelihood=0.20 l_smoothness=40.00 
tol=2.50e-01, dt=5.00e-02, exp_k=20.0, momentum=0.90, levels=6, niter=500, lbl_dist=10.00, avgs=0, sigma=0.5,type=2, relabel=0, neg=no

blurring input image with Gaussian with sigma=0.500...
GCAMRegisterLevel(): init RMS 0.763325
#FOTS# QuadFit found better minimum quadopt=(dt=0.007,rms=0.762863) vs oldopt=(dt=0.005,rms=0.762868)
#GCMRL#   88 dt   0.007000 rms  0.763  0.061% neg 0  invalid 762 tFOTS 2.4830 tGradient 0.6580 tsec 3.3460
#FOTS# QuadFit found better minimum quadopt=(dt=0.003,rms=0.762855) vs oldopt=(dt=0.005,rms=0.762856)
#GCMRL#   89 dt   0.003000 rms  0.763  0.000% neg 0  invalid 762 tFOTS 2.5410 tGradient 0.6530 tsec 3.4200
GCAMregister done in 5.54513 min
Starting GCAmapRenormalizeWithAlignment() without scales
renormalizing by structure alignment....
renormalizing input #0
gca peak = 0.10253 (16)
mri peak = 0.06857 (10)
Left_Lateral_Ventricle (4): linear fit = 0.57 x + 0.0 (628 voxels, overlap=0.352)
Left_Lateral_Ventricle (4): linear fit = 0.57 x + 0.0 (628 voxels, peak =  9), gca=9.2
gca peak = 0.17690 (16)
mri peak = 0.08866 (24)
Right_Lateral_Ventricle (43): linear fit = 1.16 x + 0.0 (402 voxels, overlap=0.811)
Right_Lateral_Ventricle (43): linear fit = 1.16 x + 0.0 (402 voxels, peak = 19), gca=18.6
gca peak = 0.28275 (96)
mri peak = 0.10467 (97)
Right_Pallidum (52): linear fit = 1.00 x + 0.0 (887 voxels, overlap=0.999)
Right_Pallidum (52): linear fit = 1.00 x + 0.0 (887 voxels, peak = 96), gca=95.5
gca peak = 0.18948 (93)
mri peak = 0.09622 (90)
Left_Pallidum (13): linear fit = 0.95 x + 0.0 (820 voxels, overlap=1.008)
Left_Pallidum (13): linear fit = 0.95 x + 0.0 (820 voxels, peak = 89), gca=88.8
gca peak = 0.20755 (55)
mri peak = 0.10977 (67)
Right_Hippocampus (53): linear fit = 1.18 x + 0.0 (726 voxels, overlap=0.039)
Right_Hippocampus (53): linear fit = 1.18 x + 0.0 (726 voxels, peak = 65), gca=65.2
gca peak = 0.31831 (58)
mri peak = 0.10284 (67)
Left_Hippocampus (17): linear fit = 1.16 x + 0.0 (740 voxels, overlap=0.013)
Left_Hippocampus (17): linear fit = 1.16 x + 0.0 (740 voxels, peak = 68), gca=67.6
gca peak = 0.11957 (102)
mri peak = 0.13260 (105)
Right_Cerebral_White_Matter (41): linear fit = 1.03 x + 0.0 (58241 voxels, overlap=0.576)
Right_Cerebral_White_Matter (41): linear fit = 1.03 x + 0.0 (58241 voxels, peak = 106), gca=105.6
gca peak = 0.11429 (102)
mri peak = 0.15340 (107)
Left_Cerebral_White_Matter (2): linear fit = 1.03 x + 0.0 (60210 voxels, overlap=0.521)
Left_Cerebral_White_Matter (2): linear fit = 1.03 x + 0.0 (60210 voxels, peak = 106), gca=105.6
gca peak = 0.14521 (59)
mri peak = 0.03485 (60)
Left_Cerebral_Cortex (3): linear fit = 1.08 x + 0.0 (19957 voxels, overlap=0.850)
Left_Cerebral_Cortex (3): linear fit = 1.08 x + 0.0 (19957 voxels, peak = 63), gca=63.4
gca peak = 0.14336 (58)
mri peak = 0.03212 (63)
Right_Cerebral_Cortex (42): linear fit = 1.10 x + 0.0 (20300 voxels, overlap=0.837)
Right_Cerebral_Cortex (42): linear fit = 1.10 x + 0.0 (20300 voxels, peak = 64), gca=63.5
gca peak = 0.13305 (70)
mri peak = 0.13677 (78)
Right_Caudate (50): linear fit = 1.15 x + 0.0 (640 voxels, overlap=0.166)
Right_Caudate (50): linear fit = 1.15 x + 0.0 (640 voxels, peak = 81), gca=80.8
gca peak = 0.15761 (71)
mri peak = 0.14823 (82)
Left_Caudate (11): linear fit = 1.09 x + 0.0 (980 voxels, overlap=0.469)
Left_Caudate (11): linear fit = 1.09 x + 0.0 (980 voxels, peak = 77), gca=77.0
gca peak = 0.13537 (57)
mri peak = 0.04460 (69)
Left_Cerebellum_Cortex (8): linear fit = 1.24 x + 0.0 (19933 voxels, overlap=0.074)
Left_Cerebellum_Cortex (8): linear fit = 1.24 x + 0.0 (19933 voxels, peak = 70), gca=70.4
gca peak = 0.13487 (56)
mri peak = 0.04765 (70)
Right_Cerebellum_Cortex (47): linear fit = 1.25 x + 0.0 (22583 voxels, overlap=0.006)
Right_Cerebellum_Cortex (47): linear fit = 1.25 x + 0.0 (22583 voxels, peak = 70), gca=70.3
gca peak = 0.19040 (84)
mri peak = 0.08973 (93)
Left_Cerebellum_White_Matter (7): linear fit = 1.10 x + 0.0 (5989 voxels, overlap=0.115)
Left_Cerebellum_White_Matter (7): linear fit = 1.10 x + 0.0 (5989 voxels, peak = 92), gca=92.0
gca peak = 0.18871 (83)
mri peak = 0.06606 (90)
Right_Cerebellum_White_Matter (46): linear fit = 1.12 x + 0.0 (6136 voxels, overlap=0.497)
Right_Cerebellum_White_Matter (46): linear fit = 1.12 x + 0.0 (6136 voxels, peak = 93), gca=92.5
gca peak = 0.24248 (57)
mri peak = 0.10270 (76)
Left_Amygdala (18): linear fit = 1.25 x + 0.0 (404 voxels, overlap=0.058)
Left_Amygdala (18): linear fit = 1.25 x + 0.0 (404 voxels, peak = 72), gca=71.5
gca peak = 0.35833 (56)
mri peak = 0.09756 (70)
Right_Amygdala (54): linear fit = 1.23 x + 0.0 (467 voxels, overlap=0.029)
Right_Amygdala (54): linear fit = 1.23 x + 0.0 (467 voxels, peak = 69), gca=68.6
gca peak = 0.12897 (85)
mri peak = 0.08358 (94)
Left_Thalamus (10): linear fit = 1.10 x + 0.0 (5341 voxels, overlap=0.491)
Left_Thalamus (10): linear fit = 1.10 x + 0.0 (5341 voxels, peak = 93), gca=93.1
gca peak = 0.13127 (83)
mri peak = 0.07820 (91)
Right_Thalamus (49): linear fit = 1.08 x + 0.0 (4190 voxels, overlap=0.696)
Right_Thalamus (49): linear fit = 1.08 x + 0.0 (4190 voxels, peak = 89), gca=89.2
gca peak = 0.12974 (78)
mri peak = 0.06348 (87)
Left_Putamen (12): linear fit = 1.13 x + 0.0 (1929 voxels, overlap=0.157)
Left_Putamen (12): linear fit = 1.13 x + 0.0 (1929 voxels, peak = 89), gca=88.5
gca peak = 0.17796 (79)
mri peak = 0.10000 (87)
Right_Putamen (51): linear fit = 1.14 x + 0.0 (2287 voxels, overlap=0.056)
Right_Putamen (51): linear fit = 1.14 x + 0.0 (2287 voxels, peak = 90), gca=90.5
gca peak = 0.10999 (80)
mri peak = 0.09982 (87)
Brain_Stem (16): linear fit = 1.11 x + 0.0 (8097 voxels, overlap=0.209)
Brain_Stem (16): linear fit = 1.11 x + 0.0 (8097 voxels, peak = 88), gca=88.4
gca peak = 0.13215 (88)
mri peak = 0.11957 (93)
Right_VentralDC (60): linear fit = 1.09 x + 0.0 (891 voxels, overlap=0.335)
Right_VentralDC (60): linear fit = 1.09 x + 0.0 (891 voxels, peak = 95), gca=95.5
gca peak = 0.11941 (89)
mri peak = 0.09908 (97)
Left_VentralDC (28): linear fit = 1.10 x + 0.0 (1216 voxels, overlap=0.489)
Left_VentralDC (28): linear fit = 1.10 x + 0.0 (1216 voxels, peak = 97), gca=97.5
gca peak = 0.20775 (25)
uniform distribution in MR - rejecting arbitrary fit
gca peak = 0.13297 (21)
uniform distribution in MR - rejecting arbitrary fit
gca peak Unknown = 0.94777 ( 0)
gca peak Left_Inf_Lat_Vent = 0.19087 (28)
gca peak Third_Ventricle = 0.20775 (25)
gca peak Fourth_Ventricle = 0.13297 (21)
gca peak CSF = 0.16821 (33)
gca peak Left_Accumbens_area = 0.32850 (63)
gca peak Left_undetermined = 0.98480 (28)
gca peak Left_vessel = 0.40887 (53)
gca peak Left_choroid_plexus = 0.10898 (46)
gca peak Right_Inf_Lat_Vent = 0.17798 (26)
gca peak Right_Accumbens_area = 0.30137 (64)
gca peak Right_vessel = 0.47828 (52)
gca peak Right_choroid_plexus = 0.11612 (45)
gca peak Fifth_Ventricle = 0.59466 (35)
gca peak WM_hypointensities = 0.10053 (78)
gca peak non_WM_hypointensities = 0.07253 (60)
gca peak Optic_Chiasm = 0.25330 (73)
not using caudate to estimate GM means
estimating mean gm scale to be 1.17 x + 0.0
estimating mean wm scale to be 1.03 x + 0.0
estimating mean csf scale to be 0.87 x + 0.0
saving intensity scales to talairach.label_intensities.txt
GCAmapRenormalizeWithAlignment() took 2.11173 min
noneg pre
Starting GCAMregister()
label assignment complete, 0 changed (0.00%)
npasses = 1, nlevels = 6
#pass# 1 of 1 ************************
enabling zero nodes
setting smoothness cost coefficient to 0.008

#GCAMreg# pass 0 level1 5 level2 0 tsec 0 sigma 2
l_jacobian=1.00 l_label=1.00 l_log_likelihood=0.20 l_smoothness=0.01 
tol=5.00e-02, dt=5.00e-02, exp_k=20.0, momentum=0.90, levels=6, niter=500, lbl_dist=10.00, avgs=256, sigma=2.0,type=2, relabel=0, neg=no

blurring input image with Gaussian with sigma=2.000...
GCAMRegisterLevel(): init RMS 0.776926
#FOTS# QuadFit found better minimum quadopt=(dt=221.952,rms=0.730674) vs oldopt=(dt=369.92,rms=0.745525)
#GCMRL#   91 dt 221.952000 rms  0.731  5.953% neg 0  invalid 762 tFOTS 2.7550 tGradient 1.8550 tsec 4.8220
#FOTS# QuadFit found better minimum quadopt=(dt=240.075,rms=0.717031) vs oldopt=(dt=369.92,rms=0.719787)
#GCMRL#   92 dt 240.074916 rms  0.717  1.867% neg 0  invalid 762 tFOTS 2.7090 tGradient 1.9330 tsec 4.8460
#FOTS# QuadFit found better minimum quadopt=(dt=167.619,rms=0.710649) vs oldopt=(dt=92.48,rms=0.712288)
#GCMRL#   93 dt 167.619048 rms  0.711  0.890% neg 0  invalid 762 tFOTS 2.7170 tGradient 1.8250 tsec 4.7510
#FOTS# QuadFit found better minimum quadopt=(dt=295.936,rms=0.704855) vs oldopt=(dt=369.92,rms=0.705298)
#GCMRL#   94 dt 295.936000 rms  0.705  0.815% neg 0  invalid 762 tFOTS 2.6840 tGradient 1.9820 tsec 4.8710
#FOTS# QuadFit found better minimum quadopt=(dt=129.472,rms=0.701186) vs oldopt=(dt=92.48,rms=0.701542)
#GCMRL#   95 dt 129.472000 rms  0.701  0.521% neg 0  invalid 762 tFOTS 2.8500 tGradient 1.8070 tsec 4.8590
#FOTS# QuadFit found better minimum quadopt=(dt=517.888,rms=0.696491) vs oldopt=(dt=369.92,rms=0.696729)
#GCMRL#   96 dt 517.888000 rms  0.696  0.670% neg 0  invalid 762 tFOTS 2.5830 tGradient 1.8510 tsec 4.6320
#FOTS# QuadFit found better minimum quadopt=(dt=110.976,rms=0.69338) vs oldopt=(dt=92.48,rms=0.693497)
#GCMRL#   97 dt 110.976000 rms  0.693  0.447% neg 0  invalid 762 tFOTS 2.7310 tGradient 1.8160 tsec 4.7490
#FOTS# QuadFit found better minimum quadopt=(dt=1183.74,rms=0.687288) vs oldopt=(dt=1479.68,rms=0.687574)
#GCMRL#   98 dt 1183.744000 rms  0.687  0.879% neg 0  invalid 762 tFOTS 2.5810 tGradient 1.8640 tsec 4.6540
#GCMRL#   99 dt  92.480000 rms  0.684  0.412% neg 0  invalid 762 tFOTS 2.7770 tGradient 1.8620 tsec 4.8460
#FOTS# QuadFit found better minimum quadopt=(dt=517.888,rms=0.683484) vs oldopt=(dt=369.92,rms=0.683531)
#GCMRL#  100 dt 517.888000 rms  0.683  0.142% neg 0  invalid 762 tFOTS 2.6360 tGradient 1.8120 tsec 4.6540
#FOTS# QuadFit found better minimum quadopt=(dt=129.472,rms=0.682161) vs oldopt=(dt=92.48,rms=0.68233)
#GCMRL#  101 dt 129.472000 rms  0.682  0.194% neg 0  invalid 762 tFOTS 2.6120 tGradient 1.8350 tsec 4.6550
#FOTS# QuadFit found better minimum quadopt=(dt=295.936,rms=0.6816) vs oldopt=(dt=369.92,rms=0.681608)
#GCMRL#  102 dt 295.936000 rms  0.682  0.082% neg 0  invalid 762 tFOTS 2.7870 tGradient 1.8040 tsec 4.8070
#FOTS# QuadFit found better minimum quadopt=(dt=129.472,rms=0.68078) vs oldopt=(dt=92.48,rms=0.680945)
#GCMRL#  103 dt 129.472000 rms  0.681  0.120% neg 0  invalid 762 tFOTS 2.6550 tGradient 1.8440 tsec 4.7080
#FOTS# QuadFit found better minimum quadopt=(dt=1183.74,rms=0.679067) vs oldopt=(dt=1479.68,rms=0.67923)
#GCMRL#  104 dt 1183.744000 rms  0.679  0.252% neg 0  invalid 762 tFOTS 2.8100 tGradient 1.9200 tsec 4.9480
#FOTS# QuadFit found better minimum quadopt=(dt=129.472,rms=0.677212) vs oldopt=(dt=92.48,rms=0.677412)
#GCMRL#  105 dt 129.472000 rms  0.677  0.273% neg 0  invalid 762 tFOTS 2.8520 tGradient 1.8920 tsec 4.9570
#FOTS# QuadFit found better minimum quadopt=(dt=295.936,rms=0.676752) vs oldopt=(dt=369.92,rms=0.676807)
#GCMRL#  106 dt 295.936000 rms  0.677  0.068% neg 0  invalid 762 tFOTS 2.7880 tGradient 1.8710 tsec 4.8710
#FOTS# QuadFit found better minimum quadopt=(dt=129.472,rms=0.676166) vs oldopt=(dt=92.48,rms=0.676261)
#GCMRL#  107 dt 129.472000 rms  0.676  0.087% neg 0  invalid 762 tFOTS 2.6690 tGradient 1.8030 tsec 4.6780
#FOTS# QuadFit found better minimum quadopt=(dt=517.888,rms=0.675574) vs oldopt=(dt=369.92,rms=0.675635)
#GCMRL#  108 dt 517.888000 rms  0.676  0.088% neg 0  invalid 762 tFOTS 2.7730 tGradient 1.8500 tsec 4.8370
#FOTS# QuadFit found better minimum quadopt=(dt=129.472,rms=0.674859) vs oldopt=(dt=92.48,rms=0.674942)
#GCMRL#  109 dt 129.472000 rms  0.675  0.106% neg 0  invalid 762 tFOTS 2.6410 tGradient 1.8230 tsec 4.6840
#FOTS# QuadFit found better minimum quadopt=(dt=295.936,rms=0.674521) vs oldopt=(dt=369.92,rms=0.674527)
#GCMRL#  110 dt 295.936000 rms  0.675  0.050% neg 0  invalid 762 tFOTS 2.7890 tGradient 1.8780 tsec 4.8860
#FOTS# QuadFit found better minimum quadopt=(dt=129.472,rms=0.674097) vs oldopt=(dt=92.48,rms=0.674178)
#GCMRL#  111 dt 129.472000 rms  0.674  0.063% neg 0  invalid 762 tFOTS 2.8050 tGradient 1.8810 tsec 4.8960
#FOTS# QuadFit found better minimum quadopt=(dt=517.888,rms=0.673501) vs oldopt=(dt=369.92,rms=0.673633)
#GCMRL#  112 dt 517.888000 rms  0.674  0.088% neg 0  invalid 762 tFOTS 2.7580 tGradient 1.8620 tsec 4.8210
#FOTS# QuadFit found better minimum quadopt=(dt=129.472,rms=0.673127) vs oldopt=(dt=92.48,rms=0.673178)
#GCMRL#  113 dt 129.472000 rms  0.673  0.056% neg 0  invalid 762 tFOTS 2.6280 tGradient 1.8220 tsec 4.6510
#FOTS# QuadFit found better minimum quadopt=(dt=443.904,rms=0.672652) vs oldopt=(dt=369.92,rms=0.672681)
#GCMRL#  114 dt 443.904000 rms  0.673  0.070% neg 0  invalid 762 tFOTS 2.8230 tGradient 1.8030 tsec 4.8420
#FOTS# QuadFit found better minimum quadopt=(dt=110.976,rms=0.672283) vs oldopt=(dt=92.48,rms=0.672321)
#GCMRL#  115 dt 110.976000 rms  0.672  0.055% neg 0  invalid 762 tFOTS 2.7090 tGradient 1.8020 tsec 4.7190
#FOTS# QuadFit found better minimum quadopt=(dt=1183.74,rms=0.671218) vs oldopt=(dt=1479.68,rms=0.67134)
#GCMRL#  116 dt 1183.744000 rms  0.671  0.159% neg 0  invalid 762 tFOTS 2.8050 tGradient 1.8580 tsec 4.8750
#FOTS# QuadFit found better minimum quadopt=(dt=110.976,rms=0.670575) vs oldopt=(dt=92.48,rms=0.670579)
#GCMRL#  117 dt 110.976000 rms  0.671  0.096% neg 0  invalid 762 tFOTS 2.6670 tGradient 1.7860 tsec 4.6750
#FOTS# QuadFit found better minimum quadopt=(dt=517.888,rms=0.669944) vs oldopt=(dt=369.92,rms=0.670064)
#GCMRL#  118 dt 517.888000 rms  0.670  0.094% neg 0  invalid 762 tFOTS 2.8500 tGradient 1.8550 tsec 4.9220
#GCMRL#  119 dt  92.480000 rms  0.670  0.000% neg 0  invalid 762 tFOTS 2.6340 tGradient 1.8180 tsec 4.6760
#GCMRL#  120 dt  92.480000 rms  0.670  0.012% neg 0  invalid 762 tFOTS 0.0000 tGradient 1.7950 tsec 1.9750
#GCMRL#  121 dt  92.480000 rms  0.669  0.028% neg 0  invalid 762 tFOTS 0.0000 tGradient 1.8040 tsec 1.9880
#GCMRL#  122 dt  92.480000 rms  0.669  0.037% neg 0  invalid 762 tFOTS 0.0000 tGradient 1.8810 tsec 2.0640
#GCMRL#  123 dt  92.480000 rms  0.669  0.046% neg 0  invalid 762 tFOTS 0.0000 tGradient 1.8430 tsec 2.0310
#GCMRL#  124 dt  92.480000 rms  0.669  0.056% neg 0  invalid 762 tFOTS 0.0000 tGradient 1.9220 tsec 2.1150
#GCMRL#  125 dt  92.480000 rms  0.668  0.067% neg 0  invalid 762 tFOTS 0.0000 tGradient 1.9140 tsec 2.1070
#GCMRL#  126 dt  92.480000 rms  0.668  0.073% neg 0  invalid 762 tFOTS 0.0000 tGradient 1.8520 tsec 2.0390
#GCMRL#  127 dt  92.480000 rms  0.667  0.074% neg 0  invalid 762 tFOTS 0.0000 tGradient 1.8460 tsec 2.0330
#GCMRL#  128 dt  92.480000 rms  0.667  0.073% neg 0  invalid 762 tFOTS 0.0000 tGradient 1.8280 tsec 2.0120
#GCMRL#  129 dt  92.480000 rms  0.666  0.078% neg 0  invalid 762 tFOTS 0.0000 tGradient 1.8790 tsec 2.0610
#GCMRL#  130 dt  92.480000 rms  0.666  0.081% neg 0  invalid 762 tFOTS 0.0000 tGradient 1.8360 tsec 2.0220
#GCMRL#  131 dt  92.480000 rms  0.665  0.084% neg 0  invalid 762 tFOTS 0.0000 tGradient 1.8000 tsec 1.9850
#GCMRL#  132 dt  92.480000 rms  0.664  0.084% neg 0  invalid 762 tFOTS 0.0000 tGradient 1.8680 tsec 2.0680
#GCMRL#  133 dt  92.480000 rms  0.664  0.075% neg 0  invalid 762 tFOTS 0.0000 tGradient 1.8150 tsec 2.0040
#GCMRL#  134 dt  92.480000 rms  0.664  0.067% neg 0  invalid 762 tFOTS 0.0000 tGradient 1.8800 tsec 2.0670
#GCMRL#  135 dt  92.480000 rms  0.663  0.065% neg 0  invalid 762 tFOTS 0.0000 tGradient 1.8570 tsec 2.0470
#GCMRL#  136 dt  92.480000 rms  0.663  0.058% neg 0  invalid 762 tFOTS 0.0000 tGradient 1.8810 tsec 2.0680
#GCMRL#  137 dt  92.480000 rms  0.662  0.061% neg 0  invalid 762 tFOTS 0.0000 tGradient 1.9060 tsec 2.0950
#GCMRL#  138 dt  92.480000 rms  0.662  0.058% neg 0  invalid 762 tFOTS 0.0000 tGradient 1.8600 tsec 2.0600
#GCMRL#  139 dt  92.480000 rms  0.662  0.057% neg 0  invalid 762 tFOTS 0.0000 tGradient 1.9240 tsec 2.1140
#GCMRL#  140 dt  92.480000 rms  0.661  0.060% neg 0  invalid 762 tFOTS 0.0000 tGradient 1.8690 tsec 2.0590
#GCMRL#  141 dt  92.480000 rms  0.661  0.057% neg 0  invalid 762 tFOTS 0.0000 tGradient 1.8600 tsec 2.0470
#GCMRL#  142 dt  92.480000 rms  0.660  0.054% neg 0  invalid 762 tFOTS 0.0000 tGradient 1.8630 tsec 2.0560
#GCMRL#  143 dt  92.480000 rms  0.660  0.049% neg 0  invalid 762 tFOTS 0.0000 tGradient 1.8380 tsec 2.0350
#GCMRL#  144 dt  92.480000 rms  0.660  0.045% neg 0  invalid 762 tFOTS 0.0000 tGradient 1.8750 tsec 2.0630
#GCMRL#  145 dt  92.480000 rms  0.659  0.047% neg 0  invalid 762 tFOTS 0.0000 tGradient 1.9390 tsec 2.1260
#GCMRL#  146 dt  92.480000 rms  0.659  0.052% neg 0  invalid 762 tFOTS 0.0000 tGradient 1.7600 tsec 1.9480
#GCMRL#  147 dt  92.480000 rms  0.659  0.056% neg 0  invalid 762 tFOTS 0.0000 tGradient 1.9120 tsec 2.1020
#GCMRL#  148 dt  92.480000 rms  0.658  0.054% neg 0  invalid 762 tFOTS 0.0000 tGradient 1.8840 tsec 2.0730
#GCMRL#  149 dt  92.480000 rms  0.658  0.047% neg 0  invalid 762 tFOTS 0.0000 tGradient 1.8430 tsec 2.0320
#GCMRL#  150 dt  92.480000 rms  0.658  0.041% neg 0  invalid 762 tFOTS 0.0000 tGradient 1.8410 tsec 2.0320
#GCMRL#  151 dt  92.480000 rms  0.658  0.039% neg 0  invalid 762 tFOTS 0.0000 tGradient 1.8970 tsec 2.0890
#GCMRL#  152 dt  92.480000 rms  0.657  0.038% neg 0  invalid 762 tFOTS 0.0000 tGradient 1.8400 tsec 2.0320
#GCMRL#  153 dt  92.480000 rms  0.657  0.043% neg 0  invalid 762 tFOTS 0.0000 tGradient 1.8870 tsec 2.0740
#GCMRL#  154 dt  92.480000 rms  0.657  0.041% neg 0  invalid 762 tFOTS 0.0000 tGradient 1.8770 tsec 2.0680
#GCMRL#  155 dt  92.480000 rms  0.657  0.041% neg 0  invalid 762 tFOTS 0.0000 tGradient 1.8000 tsec 1.9830
#GCMRL#  156 dt  92.480000 rms  0.656  0.041% neg 0  invalid 762 tFOTS 0.0000 tGradient 1.8650 tsec 2.0580
#GCMRL#  157 dt  92.480000 rms  0.656  0.037% neg 0  invalid 762 tFOTS 0.0000 tGradient 1.8350 tsec 2.0230
#GCMRL#  158 dt  92.480000 rms  0.656  0.035% neg 0  invalid 762 tFOTS 0.0000 tGradient 1.8620 tsec 2.0470
#GCMRL#  159 dt  92.480000 rms  0.656  0.035% neg 0  invalid 762 tFOTS 0.0000 tGradient 1.8620 tsec 2.0480
#GCMRL#  160 dt  92.480000 rms  0.655  0.034% neg 0  invalid 762 tFOTS 0.0000 tGradient 1.8060 tsec 1.9890
#GCMRL#  161 dt  92.480000 rms  0.655  0.031% neg 0  invalid 762 tFOTS 0.0000 tGradient 1.7750 tsec 1.9650
#GCMRL#  162 dt  92.480000 rms  0.655  0.030% neg 0  invalid 762 tFOTS 0.0000 tGradient 1.8190 tsec 2.0030
#GCMRL#  163 dt  92.480000 rms  0.655  0.029% neg 0  invalid 762 tFOTS 0.0000 tGradient 1.8240 tsec 2.0060
#GCMRL#  164 dt  92.480000 rms  0.654  0.035% neg 0  invalid 762 tFOTS 0.0000 tGradient 1.8220 tsec 2.0050
#GCMRL#  165 dt  92.480000 rms  0.654  0.033% neg 0  invalid 762 tFOTS 0.0000 tGradient 1.8310 tsec 2.0190
#GCMRL#  166 dt  92.480000 rms  0.654  0.035% neg 0  invalid 762 tFOTS 0.0000 tGradient 1.8190 tsec 2.0080
#GCMRL#  167 dt  92.480000 rms  0.654  0.035% neg 0  invalid 762 tFOTS 0.0000 tGradient 1.8000 tsec 1.9830
#GCMRL#  168 dt  92.480000 rms  0.654  0.032% neg 0  invalid 762 tFOTS 0.0000 tGradient 1.8060 tsec 1.9860
#GCMRL#  169 dt  92.480000 rms  0.653  0.031% neg 0  invalid 762 tFOTS 0.0000 tGradient 1.8270 tsec 2.0080
#GCMRL#  170 dt  92.480000 rms  0.653  0.026% neg 0  invalid 762 tFOTS 0.0000 tGradient 1.8460 tsec 2.0310
#GCMRL#  171 dt  92.480000 rms  0.653  0.026% neg 0  invalid 762 tFOTS 0.0000 tGradient 1.8880 tsec 2.0730
#GCMRL#  172 dt  92.480000 rms  0.653  0.028% neg 0  invalid 762 tFOTS 0.0000 tGradient 1.8950 tsec 2.0870
#GCMRL#  173 dt  92.480000 rms  0.653  0.028% neg 0  invalid 762 tFOTS 0.0000 tGradient 1.8370 tsec 2.0230
#GCMRL#  174 dt  92.480000 rms  0.652  0.030% neg 0  invalid 762 tFOTS 0.0000 tGradient 1.8180 tsec 2.0010
#GCMRL#  175 dt  92.480000 rms  0.652  0.029% neg 0  invalid 762 tFOTS 0.0000 tGradient 1.7630 tsec 1.9460
#GCMRL#  176 dt  92.480000 rms  0.652  0.026% neg 0  invalid 762 tFOTS 0.0000 tGradient 1.8170 tsec 1.9950
#GCMRL#  177 dt  92.480000 rms  0.652  0.023% neg 0  invalid 762 tFOTS 0.0000 tGradient 1.8300 tsec 2.0130
#GCMRL#  178 dt  92.480000 rms  0.652  0.020% neg 0  invalid 762 tFOTS 0.0000 tGradient 1.8250 tsec 2.0260
#FOTS# QuadFit found better minimum quadopt=(dt=4734.98,rms=0.651505) vs oldopt=(dt=5918.72,rms=0.651563)
#GCMRL#  179 dt 4734.976000 rms  0.652  0.054% neg 0  invalid 762 tFOTS 2.7220 tGradient 1.8100 tsec 4.7300
#FOTS# QuadFit found better minimum quadopt=(dt=73.984,rms=0.651336) vs oldopt=(dt=92.48,rms=0.651348)
#GCMRL#  180 dt  73.984000 rms  0.651  0.000% neg 0  invalid 762 tFOTS 2.5790 tGradient 1.7720 tsec 4.5690
#GCMRL#  181 dt  73.984000 rms  0.651  0.007% neg 0  invalid 762 tFOTS 0.0000 tGradient 1.8860 tsec 2.0710
#GCMRL#  182 dt  73.984000 rms  0.651  0.001% neg 0  invalid 762 tFOTS 0.0000 tGradient 1.8430 tsec 2.0320
#GCMRL#  183 dt  73.984000 rms  0.651  0.007% neg 0  invalid 762 tFOTS 0.0000 tGradient 1.8080 tsec 1.9940
#GCMRL#  184 dt  73.984000 rms  0.651  0.016% neg 0  invalid 762 tFOTS 0.0000 tGradient 1.8140 tsec 2.0020
#GCMRL#  185 dt  73.984000 rms  0.651  0.025% neg 0  invalid 762 tFOTS 0.0000 tGradient 1.8520 tsec 2.0430
#GCMRL#  186 dt  73.984000 rms  0.651  0.016% neg 0  invalid 762 tFOTS 0.0000 tGradient 1.8680 tsec 2.0750
#FOTS# QuadFit found better minimum quadopt=(dt=0.00289,rms=0.650862) vs oldopt=(dt=0.0036125,rms=0.650862)

#GCAMreg# pass 0 level1 5 level2 1 tsec 294.334 sigma 0.5
l_jacobian=1.00 l_label=1.00 l_log_likelihood=0.20 l_smoothness=0.01 
tol=5.00e-02, dt=5.00e-02, exp_k=20.0, momentum=0.90, levels=6, niter=500, lbl_dist=10.00, avgs=256, sigma=0.5,type=2, relabel=0, neg=no

blurring input image with Gaussian with sigma=0.500...
GCAMRegisterLevel(): init RMS 0.651223
#FOTS# QuadFit found better minimum quadopt=(dt=295.936,rms=0.649995) vs oldopt=(dt=369.92,rms=0.650111)
#GCMRL#  188 dt 295.936000 rms  0.650  0.189% neg 0  invalid 762 tFOTS 2.5850 tGradient 1.7690 tsec 4.5580
#GCMRL#  189 dt 369.920000 rms  0.649  0.168% neg 0  invalid 762 tFOTS 2.7940 tGradient 1.8120 tsec 4.8070
#GCMRL#  190 dt  92.480000 rms  0.649  0.000% neg 0  invalid 762 tFOTS 2.6250 tGradient 1.8270 tsec 4.6690
#GCMRL#  191 dt  92.480000 rms  0.649  0.010% neg 0  invalid 762 tFOTS 0.0000 tGradient 1.8030 tsec 1.9940
#GCMRL#  192 dt  92.480000 rms  0.649  0.009% neg 0  invalid 762 tFOTS 0.0000 tGradient 1.8850 tsec 2.0680
#GCMRL#  193 dt  92.480000 rms  0.648  0.018% neg 0  invalid 762 tFOTS 0.0000 tGradient 1.8980 tsec 2.0860
#GCMRL#  194 dt  92.480000 rms  0.648  0.043% neg 0  invalid 762 tFOTS 0.0000 tGradient 1.8290 tsec 2.0200
#GCMRL#  195 dt  92.480000 rms  0.648  0.053% neg 0  invalid 762 tFOTS 0.0000 tGradient 1.7900 tsec 1.9710
#GCMRL#  196 dt  92.480000 rms  0.648  0.049% neg 0  invalid 762 tFOTS 0.0000 tGradient 1.8350 tsec 2.0180
#GCMRL#  197 dt  92.480000 rms  0.647  0.041% neg 0  invalid 762 tFOTS 0.0000 tGradient 1.8220 tsec 2.0080
#GCMRL#  198 dt  92.480000 rms  0.647  0.036% neg 0  invalid 762 tFOTS 0.0000 tGradient 1.8790 tsec 2.0690
#GCMRL#  199 dt  92.480000 rms  0.647  0.028% neg 0  invalid 762 tFOTS 0.0000 tGradient 1.9040 tsec 2.0920
#GCMRL#  200 dt  92.480000 rms  0.647  0.018% neg 0  invalid 762 tFOTS 0.0000 tGradient 1.9210 tsec 2.1020
#GCMRL#  201 dt  92.480000 rms  0.647  0.016% neg 0  invalid 762 tFOTS 0.0000 tGradient 1.8330 tsec 2.0360
#FOTS# QuadFit found better minimum quadopt=(dt=295.936,rms=0.646519) vs oldopt=(dt=369.92,rms=0.646525)
#GCMRL#  202 dt 295.936000 rms  0.647  0.000% neg 0  invalid 762 tFOTS 2.6920 tGradient 1.8770 tsec 4.7940
#GCMRL#  203 dt 295.936000 rms  0.646  0.014% neg 0  invalid 762 tFOTS 0.0000 tGradient 1.8790 tsec 2.0650
setting smoothness cost coefficient to 0.031

#GCAMreg# pass 0 level1 4 level2 0 tsec 0 sigma 2
l_jacobian=1.00 l_label=1.00 l_log_likelihood=0.20 l_smoothness=0.03 
tol=5.00e-02, dt=5.00e-02, exp_k=20.0, momentum=0.90, levels=6, niter=500, lbl_dist=10.00, avgs=64, sigma=2.0,type=2, relabel=0, neg=no

blurring input image with Gaussian with sigma=2.000...
GCAMRegisterLevel(): init RMS 0.648702
#FOTS# QuadFit found better minimum quadopt=(dt=116.364,rms=0.645247) vs oldopt=(dt=103.68,rms=0.645267)
#GCMRL#  205 dt 116.363636 rms  0.645  0.533% neg 0  invalid 762 tFOTS 2.6540 tGradient 1.5000 tsec 4.3570
#FOTS# QuadFit found better minimum quadopt=(dt=226.869,rms=0.638542) vs oldopt=(dt=103.68,rms=0.640307)
#GCMRL#  206 dt 226.868966 rms  0.639  1.039% neg 0  invalid 762 tFOTS 2.7400 tGradient 1.4910 tsec 4.4360
#FOTS# QuadFit found better minimum quadopt=(dt=70.6032,rms=0.634514) vs oldopt=(dt=25.92,rms=0.63567)
#GCMRL#  207 dt  70.603175 rms  0.635  0.631% neg 0  invalid 762 tFOTS 2.5720 tGradient 1.4370 tsec 4.2230
#FOTS# QuadFit found better minimum quadopt=(dt=136.889,rms=0.631763) vs oldopt=(dt=103.68,rms=0.631874)
#GCMRL#  208 dt 136.888889 rms  0.632  0.434% neg 0  invalid 762 tFOTS 2.7680 tGradient 1.3970 tsec 4.3730
#FOTS# QuadFit found better minimum quadopt=(dt=71.1111,rms=0.629076) vs oldopt=(dt=103.68,rms=0.629548)
#GCMRL#  209 dt  71.111111 rms  0.629  0.425% neg 0  invalid 762 tFOTS 2.5980 tGradient 1.3790 tsec 4.1810
#FOTS# QuadFit found better minimum quadopt=(dt=145.152,rms=0.626207) vs oldopt=(dt=103.68,rms=0.626695)
#GCMRL#  210 dt 145.152000 rms  0.626  0.456% neg 0  invalid 762 tFOTS 2.5700 tGradient 1.4170 tsec 4.1980
#FOTS# QuadFit found better minimum quadopt=(dt=79.3308,rms=0.624442) vs oldopt=(dt=103.68,rms=0.624597)
#GCMRL#  211 dt  79.330798 rms  0.624  0.282% neg 0  invalid 762 tFOTS 2.7800 tGradient 1.4480 tsec 4.4330
#FOTS# QuadFit found better minimum quadopt=(dt=145.152,rms=0.62221) vs oldopt=(dt=103.68,rms=0.622443)
#GCMRL#  212 dt 145.152000 rms  0.622  0.357% neg 0  invalid 762 tFOTS 2.6260 tGradient 1.4320 tsec 4.2740
#FOTS# QuadFit found better minimum quadopt=(dt=36.288,rms=0.620881) vs oldopt=(dt=25.92,rms=0.621152)
#GCMRL#  213 dt  36.288000 rms  0.621  0.214% neg 0  invalid 762 tFOTS 2.8320 tGradient 1.3770 tsec 4.4220
#FOTS# QuadFit found better minimum quadopt=(dt=331.776,rms=0.617989) vs oldopt=(dt=414.72,rms=0.61823)
#GCMRL#  214 dt 331.776000 rms  0.618  0.466% neg 0  invalid 762 tFOTS 2.6730 tGradient 1.5920 tsec 4.4770
#FOTS# QuadFit found better minimum quadopt=(dt=72.9302,rms=0.615347) vs oldopt=(dt=25.92,rms=0.616047)
#GCMRL#  215 dt  72.930233 rms  0.615  0.428% neg 0  invalid 762 tFOTS 2.6130 tGradient 1.4190 tsec 4.2310
#FOTS# QuadFit found better minimum quadopt=(dt=73.5439,rms=0.61397) vs oldopt=(dt=103.68,rms=0.614172)
#GCMRL#  216 dt  73.543860 rms  0.614  0.224% neg 0  invalid 762 tFOTS 2.8480 tGradient 1.3660 tsec 4.4240
#FOTS# QuadFit found better minimum quadopt=(dt=145.152,rms=0.612669) vs oldopt=(dt=103.68,rms=0.612765)
#GCMRL#  217 dt 145.152000 rms  0.613  0.212% neg 0  invalid 762 tFOTS 2.6520 tGradient 1.3900 tsec 4.2530
#FOTS# QuadFit found better minimum quadopt=(dt=36.288,rms=0.611665) vs oldopt=(dt=25.92,rms=0.611874)
#GCMRL#  218 dt  36.288000 rms  0.612  0.164% neg 0  invalid 762 tFOTS 2.6220 tGradient 1.4640 tsec 4.3420
#FOTS# QuadFit found better minimum quadopt=(dt=331.776,rms=0.609458) vs oldopt=(dt=414.72,rms=0.609558)
#GCMRL#  219 dt 331.776000 rms  0.609  0.361% neg 0  invalid 762 tFOTS 2.6760 tGradient 1.4400 tsec 4.3330
#FOTS# QuadFit found better minimum quadopt=(dt=36.288,rms=0.607867) vs oldopt=(dt=25.92,rms=0.608179)
#GCMRL#  220 dt  36.288000 rms  0.608  0.261% neg 0  invalid 762 tFOTS 2.6460 tGradient 1.4210 tsec 4.2710
#FOTS# QuadFit found better minimum quadopt=(dt=145.152,rms=0.60692) vs oldopt=(dt=103.68,rms=0.607005)
#GCMRL#  221 dt 145.152000 rms  0.607  0.156% neg 0  invalid 762 tFOTS 2.6300 tGradient 1.3980 tsec 4.2230
#FOTS# QuadFit found better minimum quadopt=(dt=75.0108,rms=0.605806) vs oldopt=(dt=103.68,rms=0.605967)
#GCMRL#  222 dt  75.010753 rms  0.606  0.184% neg 0  invalid 762 tFOTS 2.5740 tGradient 1.3730 tsec 4.1540
#GCMRL#  223 dt 103.680000 rms  0.605  0.110% neg 0  invalid 762 tFOTS 2.6130 tGradient 1.4240 tsec 4.2420
#FOTS# QuadFit found better minimum quadopt=(dt=82.944,rms=0.604242) vs oldopt=(dt=103.68,rms=0.604272)
#GCMRL#  224 dt  82.944000 rms  0.604  0.148% neg 0  invalid 762 tFOTS 2.5800 tGradient 1.3830 tsec 4.1710
#GCMRL#  225 dt 103.680000 rms  0.604  0.108% neg 0  invalid 762 tFOTS 2.5950 tGradient 1.4100 tsec 4.2110
#FOTS# QuadFit found better minimum quadopt=(dt=82.944,rms=0.602837) vs oldopt=(dt=103.68,rms=0.60292)
#GCMRL#  226 dt  82.944000 rms  0.603  0.125% neg 0  invalid 762 tFOTS 2.5880 tGradient 1.4480 tsec 4.2430
#FOTS# QuadFit found better minimum quadopt=(dt=62.208,rms=0.602332) vs oldopt=(dt=103.68,rms=0.602411)
#GCMRL#  227 dt  62.208000 rms  0.602  0.084% neg 0  invalid 762 tFOTS 2.7290 tGradient 1.4180 tsec 4.3600
#FOTS# QuadFit found better minimum quadopt=(dt=145.152,rms=0.601372) vs oldopt=(dt=103.68,rms=0.601523)
#GCMRL#  228 dt 145.152000 rms  0.601  0.159% neg 0  invalid 762 tFOTS 2.7300 tGradient 1.4220 tsec 4.3590
#FOTS# QuadFit found better minimum quadopt=(dt=62.208,rms=0.600841) vs oldopt=(dt=103.68,rms=0.601038)
#GCMRL#  229 dt  62.208000 rms  0.601  0.088% neg 0  invalid 762 tFOTS 2.6890 tGradient 1.4350 tsec 4.3300
#FOTS# QuadFit found better minimum quadopt=(dt=145.152,rms=0.599967) vs oldopt=(dt=103.68,rms=0.600092)
#GCMRL#  230 dt 145.152000 rms  0.600  0.145% neg 0  invalid 762 tFOTS 2.7240 tGradient 1.4500 tsec 4.3880
#FOTS# QuadFit found better minimum quadopt=(dt=36.288,rms=0.599562) vs oldopt=(dt=25.92,rms=0.599649)
#GCMRL#  231 dt  36.288000 rms  0.600  0.068% neg 0  invalid 762 tFOTS 2.7120 tGradient 1.4390 tsec 4.3690
#FOTS# QuadFit found better minimum quadopt=(dt=580.608,rms=0.597298) vs oldopt=(dt=414.72,rms=0.59769)
#GCMRL#  232 dt 580.608000 rms  0.597  0.378% neg 0  invalid 762 tFOTS 2.7310 tGradient 1.4730 tsec 4.4060
#FOTS# QuadFit found better minimum quadopt=(dt=36.288,rms=0.595996) vs oldopt=(dt=25.92,rms=0.596284)
#GCMRL#  233 dt  36.288000 rms  0.596  0.218% neg 0  invalid 762 tFOTS 2.5710 tGradient 1.4050 tsec 4.1890
#GCMRL#  234 dt 103.680000 rms  0.595  0.126% neg 0  invalid 762 tFOTS 2.7310 tGradient 1.3600 tsec 4.3050
#FOTS# QuadFit found better minimum quadopt=(dt=36.288,rms=0.594981) vs oldopt=(dt=25.92,rms=0.595035)
#GCMRL#  235 dt  36.288000 rms  0.595  0.000% neg 0  invalid 762 tFOTS 2.8790 tGradient 1.4330 tsec 4.5270
#GCMRL#  236 dt  36.288000 rms  0.595  0.036% neg 0  invalid 762 tFOTS 0.0000 tGradient 1.3910 tsec 1.5770
#GCMRL#  237 dt  36.288000 rms  0.594  0.060% neg 0  invalid 762 tFOTS 0.0000 tGradient 1.3950 tsec 1.5850
#GCMRL#  238 dt  36.288000 rms  0.594  0.087% neg 0  invalid 762 tFOTS 0.0000 tGradient 1.4240 tsec 1.6110
#GCMRL#  239 dt  36.288000 rms  0.593  0.105% neg 0  invalid 762 tFOTS 0.0000 tGradient 1.3780 tsec 1.5700
#GCMRL#  240 dt  36.288000 rms  0.593  0.123% neg 0  invalid 762 tFOTS 0.0000 tGradient 1.4940 tsec 1.6820
#GCMRL#  241 dt  36.288000 rms  0.592  0.129% neg 0  invalid 762 tFOTS 0.0000 tGradient 1.3930 tsec 1.5870
#GCMRL#  242 dt  36.288000 rms  0.591  0.139% neg 0  invalid 762 tFOTS 0.0000 tGradient 1.3950 tsec 1.5830
#GCMRL#  243 dt  36.288000 rms  0.590  0.141% neg 0  invalid 762 tFOTS 0.0000 tGradient 1.4340 tsec 1.6220
#GCMRL#  244 dt  36.288000 rms  0.589  0.142% neg 0  invalid 762 tFOTS 0.0000 tGradient 1.4490 tsec 1.6370
#GCMRL#  245 dt  36.288000 rms  0.588  0.149% neg 0  invalid 762 tFOTS 0.0000 tGradient 1.4550 tsec 1.6460
#GCMRL#  246 dt  36.288000 rms  0.588  0.151% neg 0  invalid 762 tFOTS 0.0000 tGradient 1.4080 tsec 1.5980
#GCMRL#  247 dt  36.288000 rms  0.587  0.145% neg 0  invalid 762 tFOTS 0.0000 tGradient 1.3980 tsec 1.5850
#GCMRL#  248 dt  36.288000 rms  0.586  0.141% neg 0  invalid 762 tFOTS 0.0000 tGradient 1.4450 tsec 1.6340
#GCMRL#  249 dt  36.288000 rms  0.585  0.135% neg 0  invalid 762 tFOTS 0.0000 tGradient 1.3980 tsec 1.5910
#GCMRL#  250 dt  36.288000 rms  0.584  0.136% neg 0  invalid 762 tFOTS 0.0000 tGradient 1.4560 tsec 1.6500
#GCMRL#  251 dt  36.288000 rms  0.583  0.131% neg 0  invalid 762 tFOTS 0.0000 tGradient 1.4260 tsec 1.6160
#GCMRL#  252 dt  36.288000 rms  0.583  0.122% neg 0  invalid 762 tFOTS 0.0000 tGradient 1.4390 tsec 1.6300
#GCMRL#  253 dt  36.288000 rms  0.582  0.122% neg 0  invalid 762 tFOTS 0.0000 tGradient 1.4380 tsec 1.6290
#GCMRL#  254 dt  36.288000 rms  0.581  0.118% neg 0  invalid 762 tFOTS 0.0000 tGradient 1.4070 tsec 1.5960
#GCMRL#  255 dt  36.288000 rms  0.581  0.118% neg 0  invalid 762 tFOTS 0.0000 tGradient 1.4370 tsec 1.6250
#GCMRL#  256 dt  36.288000 rms  0.580  0.110% neg 0  invalid 762 tFOTS 0.0000 tGradient 1.4660 tsec 1.6540
#GCMRL#  257 dt  36.288000 rms  0.579  0.106% neg 0  invalid 762 tFOTS 0.0000 tGradient 1.3960 tsec 1.5890
#GCMRL#  258 dt  36.288000 rms  0.579  0.101% neg 0  invalid 762 tFOTS 0.0000 tGradient 1.4120 tsec 1.6040
#GCMRL#  259 dt  36.288000 rms  0.578  0.098% neg 0  invalid 762 tFOTS 0.0000 tGradient 1.4000 tsec 1.5900
#GCMRL#  260 dt  36.288000 rms  0.578  0.095% neg 0  invalid 762 tFOTS 0.0000 tGradient 1.4110 tsec 1.6240
#GCMRL#  261 dt  36.288000 rms  0.577  0.094% neg 0  invalid 762 tFOTS 0.0000 tGradient 1.4210 tsec 1.6040
#GCMRL#  262 dt  36.288000 rms  0.577  0.088% neg 0  invalid 762 tFOTS 0.0000 tGradient 1.4270 tsec 1.6120
#GCMRL#  263 dt  36.288000 rms  0.576  0.086% neg 0  invalid 762 tFOTS 0.0000 tGradient 1.4090 tsec 1.6010
#GCMRL#  264 dt  36.288000 rms  0.576  0.080% neg 0  invalid 762 tFOTS 0.0000 tGradient 1.4060 tsec 1.5860
#GCMRL#  265 dt  36.288000 rms  0.575  0.083% neg 0  invalid 762 tFOTS 0.0000 tGradient 1.4250 tsec 1.6170
#GCMRL#  266 dt  36.288000 rms  0.575  0.081% neg 0  invalid 762 tFOTS 0.0000 tGradient 1.4830 tsec 1.6710
#GCMRL#  267 dt  36.288000 rms  0.574  0.080% neg 0  invalid 762 tFOTS 0.0000 tGradient 1.3770 tsec 1.5670
#GCMRL#  268 dt  36.288000 rms  0.574  0.074% neg 0  invalid 762 tFOTS 0.0000 tGradient 1.4600 tsec 1.6620
#GCMRL#  269 dt  36.288000 rms  0.574  0.068% neg 0  invalid 762 tFOTS 0.0000 tGradient 1.4160 tsec 1.6020
#GCMRL#  270 dt  36.288000 rms  0.573  0.068% neg 0  invalid 762 tFOTS 0.0000 tGradient 1.4390 tsec 1.6340
#GCMRL#  271 dt  36.288000 rms  0.573  0.067% neg 0  invalid 762 tFOTS 0.0000 tGradient 1.4000 tsec 1.5910
#GCMRL#  272 dt  36.288000 rms  0.572  0.069% neg 0  invalid 762 tFOTS 0.0000 tGradient 1.4680 tsec 1.6510
#GCMRL#  273 dt  36.288000 rms  0.572  0.066% neg 0  invalid 762 tFOTS 0.0000 tGradient 1.4010 tsec 1.5990
#GCMRL#  274 dt  36.288000 rms  0.572  0.066% neg 0  invalid 762 tFOTS 0.0000 tGradient 1.4480 tsec 1.6410
#GCMRL#  275 dt  36.288000 rms  0.571  0.063% neg 0  invalid 762 tFOTS 0.0000 tGradient 1.4610 tsec 1.6460
#GCMRL#  276 dt  36.288000 rms  0.571  0.060% neg 0  invalid 762 tFOTS 0.0000 tGradient 1.4120 tsec 1.6010
#GCMRL#  277 dt  36.288000 rms  0.571  0.052% neg 0  invalid 762 tFOTS 0.0000 tGradient 1.4060 tsec 1.5910
#GCMRL#  278 dt  36.288000 rms  0.570  0.054% neg 0  invalid 762 tFOTS 0.0000 tGradient 1.3740 tsec 1.5640
#GCMRL#  279 dt  36.288000 rms  0.570  0.055% neg 0  invalid 762 tFOTS 0.0000 tGradient 1.4140 tsec 1.6030
#GCMRL#  280 dt  36.288000 rms  0.570  0.054% neg 0  invalid 762 tFOTS 0.0000 tGradient 1.4060 tsec 1.6020
#GCMRL#  281 dt  36.288000 rms  0.569  0.051% neg 0  invalid 762 tFOTS 0.0000 tGradient 1.4010 tsec 1.5920
#GCMRL#  282 dt  36.288000 rms  0.569  0.049% neg 0  invalid 762 tFOTS 0.0000 tGradient 1.5060 tsec 1.6930
#GCMRL#  283 dt  36.288000 rms  0.569  0.051% neg 0  invalid 762 tFOTS 0.0000 tGradient 1.3820 tsec 1.5720
#GCMRL#  284 dt  36.288000 rms  0.569  0.051% neg 0  invalid 762 tFOTS 0.0000 tGradient 1.3870 tsec 1.5810
#GCMRL#  285 dt  36.288000 rms  0.568  0.048% neg 0  invalid 762 tFOTS 0.0000 tGradient 1.4190 tsec 1.5850
#GCMRL#  286 dt  36.288000 rms  0.568  0.046% neg 0  invalid 762 tFOTS 0.0000 tGradient 1.3810 tsec 1.5520
#GCMRL#  287 dt  36.288000 rms  0.568  0.047% neg 0  invalid 762 tFOTS 0.0000 tGradient 1.4010 tsec 1.5710
#GCMRL#  288 dt  36.288000 rms  0.567  0.042% neg 0  invalid 762 tFOTS 0.0000 tGradient 1.4380 tsec 1.6070
#GCMRL#  289 dt  36.288000 rms  0.567  0.040% neg 0  invalid 762 tFOTS 0.0000 tGradient 1.4220 tsec 1.5920
#GCMRL#  290 dt  36.288000 rms  0.567  0.041% neg 0  invalid 762 tFOTS 0.0000 tGradient 1.3850 tsec 1.5560
#GCMRL#  291 dt  36.288000 rms  0.567  0.044% neg 0  invalid 762 tFOTS 0.0000 tGradient 1.3980 tsec 1.6260
#GCMRL#  292 dt  36.288000 rms  0.567  0.044% neg 0  invalid 762 tFOTS 0.0000 tGradient 1.4890 tsec 1.6780
#GCMRL#  293 dt  36.288000 rms  0.566  0.044% neg 0  invalid 762 tFOTS 0.0000 tGradient 1.4110 tsec 1.6030
#GCMRL#  294 dt  36.288000 rms  0.566  0.038% neg 0  invalid 762 tFOTS 0.0000 tGradient 1.4160 tsec 1.6070
#GCMRL#  295 dt  36.288000 rms  0.566  0.033% neg 0  invalid 762 tFOTS 0.0000 tGradient 1.4310 tsec 1.6270
#GCMRL#  296 dt  36.288000 rms  0.566  0.033% neg 0  invalid 762 tFOTS 0.0000 tGradient 1.3830 tsec 1.5750
#GCMRL#  297 dt  36.288000 rms  0.565  0.035% neg 0  invalid 762 tFOTS 0.0000 tGradient 1.4150 tsec 1.6120
#GCMRL#  298 dt  36.288000 rms  0.565  0.040% neg 0  invalid 762 tFOTS 0.0000 tGradient 1.4320 tsec 1.6320
#GCMRL#  299 dt  36.288000 rms  0.565  0.038% neg 0  invalid 762 tFOTS 0.0000 tGradient 1.4240 tsec 1.6190
#GCMRL#  300 dt  36.288000 rms  0.565  0.040% neg 0  invalid 762 tFOTS 0.0000 tGradient 1.4290 tsec 1.6280
#GCMRL#  301 dt  36.288000 rms  0.565  0.032% neg 0  invalid 762 tFOTS 0.0000 tGradient 1.4500 tsec 1.6370
#GCMRL#  302 dt  36.288000 rms  0.564  0.025% neg 0  invalid 762 tFOTS 0.0000 tGradient 1.4000 tsec 1.5990
#GCMRL#  303 dt  36.288000 rms  0.564  0.027% neg 0  invalid 762 tFOTS 0.0000 tGradient 1.3810 tsec 1.5730
#GCMRL#  304 dt  36.288000 rms  0.564  0.026% neg 0  invalid 762 tFOTS 0.0000 tGradient 1.4020 tsec 1.5990
#GCMRL#  305 dt  36.288000 rms  0.564  0.031% neg 0  invalid 762 tFOTS 0.0000 tGradient 1.3980 tsec 1.5910
#GCMRL#  306 dt  36.288000 rms  0.564  0.034% neg 0  invalid 762 tFOTS 0.0000 tGradient 1.3770 tsec 1.5710
#GCMRL#  307 dt  36.288000 rms  0.564  0.032% neg 0  invalid 762 tFOTS 0.0000 tGradient 1.4430 tsec 1.6340
#GCMRL#  308 dt  36.288000 rms  0.563  0.030% neg 0  invalid 762 tFOTS 0.0000 tGradient 1.3680 tsec 1.5560
#GCMRL#  309 dt  36.288000 rms  0.563  0.028% neg 0  invalid 762 tFOTS 0.0000 tGradient 1.3950 tsec 1.5820
#GCMRL#  310 dt  36.288000 rms  0.563  0.025% neg 0  invalid 762 tFOTS 0.0000 tGradient 1.3390 tsec 1.5280
#GCMRL#  311 dt  36.288000 rms  0.563  0.027% neg 0  invalid 762 tFOTS 0.0000 tGradient 1.4660 tsec 1.6620
#GCMRL#  312 dt  36.288000 rms  0.563  0.027% neg 0  invalid 762 tFOTS 0.0000 tGradient 1.4180 tsec 1.6160
#GCMRL#  313 dt  36.288000 rms  0.563  0.025% neg 0  invalid 762 tFOTS 0.0000 tGradient 1.3670 tsec 1.5580
#GCMRL#  314 dt  36.288000 rms  0.563  0.026% neg 0  invalid 762 tFOTS 0.0000 tGradient 1.3780 tsec 1.5730
#GCMRL#  315 dt  36.288000 rms  0.562  0.035% neg 0  invalid 762 tFOTS 0.0000 tGradient 1.3820 tsec 1.5770
#GCMRL#  316 dt  36.288000 rms  0.562  0.031% neg 0  invalid 762 tFOTS 0.0000 tGradient 1.3800 tsec 1.5770
#GCMRL#  317 dt  36.288000 rms  0.562  0.026% neg 0  invalid 762 tFOTS 0.0000 tGradient 1.4300 tsec 1.6260
#GCMRL#  318 dt  36.288000 rms  0.562  0.026% neg 0  invalid 762 tFOTS 0.0000 tGradient 1.4090 tsec 1.6000
#GCMRL#  319 dt  36.288000 rms  0.562  0.022% neg 0  invalid 762 tFOTS 0.0000 tGradient 1.4000 tsec 1.5960
#GCMRL#  320 dt  36.288000 rms  0.562  0.017% neg 0  invalid 762 tFOTS 0.0000 tGradient 1.4360 tsec 1.6440
#FOTS# QuadFit found better minimum quadopt=(dt=331.776,rms=0.561488) vs oldopt=(dt=414.72,rms=0.561502)
#GCMRL#  321 dt 331.776000 rms  0.561  0.036% neg 0  invalid 762 tFOTS 2.8700 tGradient 1.4190 tsec 4.4940
#FOTS# QuadFit found better minimum quadopt=(dt=9.072,rms=0.561496) vs oldopt=(dt=6.48,rms=0.561498)

#GCAMreg# pass 0 level1 4 level2 1 tsec 287.26 sigma 0.5
l_jacobian=1.00 l_label=1.00 l_log_likelihood=0.20 l_smoothness=0.03 
tol=5.00e-02, dt=5.00e-02, exp_k=20.0, momentum=0.90, levels=6, niter=500, lbl_dist=10.00, avgs=64, sigma=0.5,type=2, relabel=0, neg=no

blurring input image with Gaussian with sigma=0.500...
GCAMRegisterLevel(): init RMS 0.561929
#FOTS# QuadFit found better minimum quadopt=(dt=124.092,rms=0.55954) vs oldopt=(dt=103.68,rms=0.55957)
#GCMRL#  323 dt 124.091603 rms  0.560  0.425% neg 0  invalid 762 tFOTS 2.8450 tGradient 1.4190 tsec 4.4800
#FOTS# QuadFit found better minimum quadopt=(dt=74.1517,rms=0.558701) vs oldopt=(dt=103.68,rms=0.558837)
#GCMRL#  324 dt  74.151724 rms  0.559  0.150% neg 0  invalid 762 tFOTS 2.6680 tGradient 1.4200 tsec 4.3010
#FOTS# QuadFit found better minimum quadopt=(dt=82.944,rms=0.558356) vs oldopt=(dt=103.68,rms=0.558392)
#GCMRL#  325 dt  82.944000 rms  0.558  0.062% neg 0  invalid 762 tFOTS 2.6370 tGradient 1.3980 tsec 4.2450
#FOTS# QuadFit found better minimum quadopt=(dt=82.944,rms=0.55799) vs oldopt=(dt=103.68,rms=0.558001)
#GCMRL#  326 dt  82.944000 rms  0.558  0.066% neg 0  invalid 762 tFOTS 2.6650 tGradient 1.3720 tsec 4.2510
#FOTS# QuadFit found better minimum quadopt=(dt=36.288,rms=0.557853) vs oldopt=(dt=25.92,rms=0.557882)
#GCMRL#  327 dt  36.288000 rms  0.558  0.000% neg 0  invalid 762 tFOTS 2.7100 tGradient 1.4210 tsec 4.3470
#GCMRL#  328 dt  36.288000 rms  0.558  0.022% neg 0  invalid 762 tFOTS 0.0000 tGradient 1.3830 tsec 1.5640
#GCMRL#  329 dt  36.288000 rms  0.558  0.030% neg 0  invalid 762 tFOTS 0.0000 tGradient 1.3970 tsec 1.5900
#GCMRL#  330 dt  36.288000 rms  0.557  0.040% neg 0  invalid 762 tFOTS 0.0000 tGradient 1.4230 tsec 1.6080
#GCMRL#  331 dt  36.288000 rms  0.557  0.053% neg 0  invalid 762 tFOTS 0.0000 tGradient 1.4250 tsec 1.6190
#GCMRL#  332 dt  36.288000 rms  0.557  0.054% neg 0  invalid 762 tFOTS 0.0000 tGradient 1.4000 tsec 1.5870
#GCMRL#  333 dt  36.288000 rms  0.556  0.056% neg 0  invalid 762 tFOTS 0.0000 tGradient 1.4580 tsec 1.6420
#GCMRL#  334 dt  36.288000 rms  0.556  0.051% neg 0  invalid 762 tFOTS 0.0000 tGradient 1.4340 tsec 1.6240
#GCMRL#  335 dt  36.288000 rms  0.556  0.046% neg 0  invalid 762 tFOTS 0.0000 tGradient 1.4520 tsec 1.6370
#GCMRL#  336 dt  36.288000 rms  0.556  0.041% neg 0  invalid 762 tFOTS 0.0000 tGradient 1.4090 tsec 1.6020
#GCMRL#  337 dt  36.288000 rms  0.555  0.040% neg 0  invalid 762 tFOTS 0.0000 tGradient 1.3690 tsec 1.5590
#GCMRL#  338 dt  36.288000 rms  0.555  0.041% neg 0  invalid 762 tFOTS 0.0000 tGradient 1.4100 tsec 1.5970
#GCMRL#  339 dt  36.288000 rms  0.555  0.039% neg 0  invalid 762 tFOTS 0.0000 tGradient 1.4110 tsec 1.6100
#GCMRL#  340 dt  36.288000 rms  0.555  0.038% neg 0  invalid 762 tFOTS 0.0000 tGradient 1.3610 tsec 1.5480
#GCMRL#  341 dt  36.288000 rms  0.555  0.037% neg 0  invalid 762 tFOTS 0.0000 tGradient 1.3980 tsec 1.5870
#GCMRL#  342 dt  36.288000 rms  0.554  0.037% neg 0  invalid 762 tFOTS 0.0000 tGradient 1.4220 tsec 1.6140
#GCMRL#  343 dt  36.288000 rms  0.554  0.036% neg 0  invalid 762 tFOTS 0.0000 tGradient 1.4060 tsec 1.5930
#GCMRL#  344 dt  36.288000 rms  0.554  0.038% neg 0  invalid 762 tFOTS 0.0000 tGradient 1.4000 tsec 1.6000
#GCMRL#  345 dt  36.288000 rms  0.554  0.045% neg 0  invalid 762 tFOTS 0.0000 tGradient 1.3470 tsec 1.5370
#GCMRL#  346 dt  36.288000 rms  0.553  0.044% neg 0  invalid 762 tFOTS 0.0000 tGradient 1.4050 tsec 1.5910
#GCMRL#  347 dt  36.288000 rms  0.553  0.044% neg 0  invalid 762 tFOTS 0.0000 tGradient 1.3630 tsec 1.5490
#GCMRL#  348 dt  36.288000 rms  0.553  0.041% neg 0  invalid 762 tFOTS 0.0000 tGradient 1.4010 tsec 1.5870
#GCMRL#  349 dt  36.288000 rms  0.553  0.034% neg 0  invalid 762 tFOTS 0.0000 tGradient 1.3690 tsec 1.5600
#GCMRL#  350 dt  36.288000 rms  0.553  0.038% neg 0  invalid 762 tFOTS 0.0000 tGradient 1.3940 tsec 1.5820
#GCMRL#  351 dt  36.288000 rms  0.552  0.040% neg 0  invalid 762 tFOTS 0.0000 tGradient 1.3520 tsec 1.5370
#GCMRL#  352 dt  36.288000 rms  0.552  0.039% neg 0  invalid 762 tFOTS 0.0000 tGradient 1.3570 tsec 1.5430
#GCMRL#  353 dt  36.288000 rms  0.552  0.034% neg 0  invalid 762 tFOTS 0.0000 tGradient 1.4350 tsec 1.6170
#GCMRL#  354 dt  36.288000 rms  0.552  0.035% neg 0  invalid 762 tFOTS 0.0000 tGradient 1.3850 tsec 1.5740
#GCMRL#  355 dt  36.288000 rms  0.552  0.030% neg 0  invalid 762 tFOTS 0.0000 tGradient 1.3730 tsec 1.5570
#GCMRL#  356 dt  36.288000 rms  0.551  0.028% neg 0  invalid 762 tFOTS 0.0000 tGradient 1.4010 tsec 1.5850
#GCMRL#  357 dt  36.288000 rms  0.551  0.028% neg 0  invalid 762 tFOTS 0.0000 tGradient 1.3980 tsec 1.5850
#GCMRL#  358 dt  36.288000 rms  0.551  0.030% neg 0  invalid 762 tFOTS 0.0000 tGradient 1.4040 tsec 1.6370
#GCMRL#  359 dt  36.288000 rms  0.551  0.032% neg 0  invalid 762 tFOTS 0.0000 tGradient 1.3680 tsec 1.5610
#GCMRL#  360 dt  36.288000 rms  0.551  0.030% neg 0  invalid 762 tFOTS 0.0000 tGradient 1.3580 tsec 1.5380
#GCMRL#  361 dt  36.288000 rms  0.551  0.031% neg 0  invalid 762 tFOTS 0.0000 tGradient 1.3570 tsec 1.5430
#GCMRL#  362 dt  36.288000 rms  0.550  0.028% neg 0  invalid 762 tFOTS 0.0000 tGradient 1.3810 tsec 1.5700
#GCMRL#  363 dt  36.288000 rms  0.550  0.022% neg 0  invalid 762 tFOTS 0.0000 tGradient 1.3440 tsec 1.5280
#GCMRL#  364 dt  36.288000 rms  0.550  0.032% neg 0  invalid 762 tFOTS 0.0000 tGradient 1.3270 tsec 1.5170
#GCMRL#  365 dt  36.288000 rms  0.550  0.028% neg 0  invalid 762 tFOTS 0.0000 tGradient 1.3720 tsec 1.5560
#GCMRL#  366 dt  36.288000 rms  0.550  0.030% neg 0  invalid 762 tFOTS 0.0000 tGradient 1.3550 tsec 1.5490
#GCMRL#  367 dt  36.288000 rms  0.550  0.031% neg 0  invalid 762 tFOTS 0.0000 tGradient 1.3810 tsec 1.5740
#GCMRL#  368 dt  36.288000 rms  0.550  0.028% neg 0  invalid 762 tFOTS 0.0000 tGradient 1.3770 tsec 1.5610
#GCMRL#  369 dt  36.288000 rms  0.549  0.020% neg 0  invalid 762 tFOTS 0.0000 tGradient 1.3670 tsec 1.5690
#GCMRL#  370 dt  36.288000 rms  0.549  0.022% neg 0  invalid 762 tFOTS 0.0000 tGradient 1.3860 tsec 1.5750
#GCMRL#  371 dt  36.288000 rms  0.549  0.032% neg 0  invalid 762 tFOTS 0.0000 tGradient 1.3650 tsec 1.5560
#GCMRL#  372 dt  36.288000 rms  0.549  0.026% neg 0  invalid 762 tFOTS 0.0000 tGradient 1.3530 tsec 1.5490
#GCMRL#  373 dt  36.288000 rms  0.549  0.027% neg 0  invalid 762 tFOTS 0.0000 tGradient 1.3980 tsec 1.5840
#GCMRL#  374 dt  36.288000 rms  0.549  0.018% neg 0  invalid 762 tFOTS 0.0000 tGradient 1.3530 tsec 1.5430
#GCMRL#  375 dt  36.288000 rms  0.549  0.023% neg 0  invalid 762 tFOTS 0.0000 tGradient 1.3940 tsec 1.5780
#GCMRL#  376 dt  36.288000 rms  0.548  0.023% neg 0  invalid 762 tFOTS 0.0000 tGradient 1.3620 tsec 1.5640
#FOTS# QuadFit found better minimum quadopt=(dt=145.152,rms=0.548413) vs oldopt=(dt=103.68,rms=0.54842)
#GCMRL#  377 dt 145.152000 rms  0.548  0.000% neg 0  invalid 762 tFOTS 2.7290 tGradient 1.3400 tsec 4.2830
setting smoothness cost coefficient to 0.118

#GCAMreg# pass 0 level1 3 level2 0 tsec 0 sigma 2
l_jacobian=1.00 l_label=1.00 l_log_likelihood=0.20 l_smoothness=0.12 
tol=5.00e-02, dt=5.00e-02, exp_k=20.0, momentum=0.90, levels=6, niter=500, lbl_dist=10.00, avgs=16, sigma=2.0,type=2, relabel=0, neg=no

blurring input image with Gaussian with sigma=2.000...
GCAMRegisterLevel(): init RMS 0.561016
#FOTS# QuadFit found better minimum quadopt=(dt=23.04,rms=0.559505) vs oldopt=(dt=32,rms=0.559751)
#GCMRL#  379 dt  23.040000 rms  0.560  0.269% neg 0  invalid 762 tFOTS 2.6200 tGradient 1.1670 tsec 4.0140
#FOTS# QuadFit found better minimum quadopt=(dt=44.8,rms=0.55788) vs oldopt=(dt=32,rms=0.558101)
#GCMRL#  380 dt  44.800000 rms  0.558  0.290% neg 0  invalid 762 tFOTS 2.7790 tGradient 1.1750 tsec 4.1730
#FOTS# QuadFit found better minimum quadopt=(dt=177.009,rms=0.551514) vs oldopt=(dt=128,rms=0.551892)
#GCMRL#  381 dt 177.009009 rms  0.552  1.141% neg 0  invalid 762 tFOTS 2.8310 tGradient 1.2620 tsec 4.3060
#FOTS# QuadFit found better minimum quadopt=(dt=38.2494,rms=0.547466) vs oldopt=(dt=32,rms=0.547527)
#GCMRL#  382 dt  38.249412 rms  0.547  0.734% neg 0  invalid 762 tFOTS 2.7740 tGradient 1.1800 tsec 4.1590
#FOTS# QuadFit found better minimum quadopt=(dt=25.6,rms=0.545658) vs oldopt=(dt=32,rms=0.545697)
#GCMRL#  383 dt  25.600000 rms  0.546  0.330% neg 0  invalid 762 tFOTS 2.6960 tGradient 1.2080 tsec 4.1140
#FOTS# QuadFit found better minimum quadopt=(dt=76.6197,rms=0.543263) vs oldopt=(dt=32,rms=0.543728)
#GCMRL#  384 dt  76.619718 rms  0.543  0.439% neg 0  invalid 762 tFOTS 2.6910 tGradient 1.1580 tsec 4.0530
#FOTS# QuadFit found better minimum quadopt=(dt=28,rms=0.541547) vs oldopt=(dt=8,rms=0.54194)
#GCMRL#  385 dt  28.000000 rms  0.542  0.316% neg 0  invalid 762 tFOTS 2.6490 tGradient 1.3450 tsec 4.2030
#GCMRL#  386 dt  32.000000 rms  0.540  0.293% neg 0  invalid 762 tFOTS 2.6350 tGradient 1.1770 tsec 4.0320
#FOTS# QuadFit found better minimum quadopt=(dt=25.6,rms=0.539205) vs oldopt=(dt=32,rms=0.539271)
#GCMRL#  387 dt  25.600000 rms  0.539  0.140% neg 0  invalid 762 tFOTS 2.6720 tGradient 1.2130 tsec 4.0980
#FOTS# QuadFit found better minimum quadopt=(dt=44.8,rms=0.538095) vs oldopt=(dt=32,rms=0.538236)
#GCMRL#  388 dt  44.800000 rms  0.538  0.206% neg 0  invalid 762 tFOTS 2.6610 tGradient 1.1680 tsec 4.0440
#FOTS# QuadFit found better minimum quadopt=(dt=25.6,rms=0.537332) vs oldopt=(dt=32,rms=0.537378)
#GCMRL#  389 dt  25.600000 rms  0.537  0.142% neg 0  invalid 762 tFOTS 2.7020 tGradient 1.1620 tsec 4.0720
#FOTS# QuadFit found better minimum quadopt=(dt=44.8,rms=0.536321) vs oldopt=(dt=32,rms=0.536456)
#GCMRL#  390 dt  44.800000 rms  0.536  0.188% neg 0  invalid 762 tFOTS 2.6600 tGradient 1.1510 tsec 4.0190
#FOTS# QuadFit found better minimum quadopt=(dt=25.6,rms=0.535773) vs oldopt=(dt=32,rms=0.53585)
#GCMRL#  391 dt  25.600000 rms  0.536  0.102% neg 0  invalid 762 tFOTS 2.6480 tGradient 1.2300 tsec 4.0860
#FOTS# QuadFit found better minimum quadopt=(dt=44.8,rms=0.534933) vs oldopt=(dt=32,rms=0.535005)
#GCMRL#  392 dt  44.800000 rms  0.535  0.157% neg 0  invalid 762 tFOTS 2.6720 tGradient 1.1690 tsec 4.0540
#FOTS# QuadFit found better minimum quadopt=(dt=11.2,rms=0.534563) vs oldopt=(dt=8,rms=0.534646)
#GCMRL#  393 dt  11.200000 rms  0.535  0.069% neg 0  invalid 762 tFOTS 2.7690 tGradient 1.1910 tsec 4.1740
#FOTS# QuadFit found better minimum quadopt=(dt=44.8,rms=0.534092) vs oldopt=(dt=32,rms=0.534151)
#GCMRL#  394 dt  44.800000 rms  0.534  0.088% neg 0  invalid 762 tFOTS 2.5060 tGradient 1.1830 tsec 3.8980
#GCMRL#  395 dt  32.000000 rms  0.533  0.160% neg 0  invalid 762 tFOTS 2.6710 tGradient 1.2010 tsec 4.0780
#FOTS# QuadFit found better minimum quadopt=(dt=11.2,rms=0.533031) vs oldopt=(dt=8,rms=0.533079)
#GCMRL#  396 dt  11.200000 rms  0.533  0.000% neg 0  invalid 762 tFOTS 2.6750 tGradient 1.2490 tsec 4.1500
#GCMRL#  397 dt  11.200000 rms  0.533  0.037% neg 0  invalid 762 tFOTS 0.0000 tGradient 1.1920 tsec 1.3830
#GCMRL#  398 dt  11.200000 rms  0.533  0.059% neg 0  invalid 762 tFOTS 0.0000 tGradient 1.2420 tsec 1.4260
#GCMRL#  399 dt  11.200000 rms  0.532  0.087% neg 0  invalid 762 tFOTS 0.0000 tGradient 1.2180 tsec 1.4080
#GCMRL#  400 dt  11.200000 rms  0.531  0.117% neg 0  invalid 762 tFOTS 0.0000 tGradient 1.2410 tsec 1.4320
#GCMRL#  401 dt  11.200000 rms  0.531  0.135% neg 0  invalid 762 tFOTS 0.0000 tGradient 1.2130 tsec 1.4040
#GCMRL#  402 dt  11.200000 rms  0.530  0.150% neg 0  invalid 762 tFOTS 0.0000 tGradient 1.1900 tsec 1.3800
#GCMRL#  403 dt  11.200000 rms  0.529  0.154% neg 0  invalid 762 tFOTS 0.0000 tGradient 1.1820 tsec 1.3810
#GCMRL#  404 dt  11.200000 rms  0.528  0.157% neg 0  invalid 762 tFOTS 0.0000 tGradient 1.1820 tsec 1.3750
#GCMRL#  405 dt  11.200000 rms  0.527  0.156% neg 0  invalid 762 tFOTS 0.0000 tGradient 1.1910 tsec 1.3800
#GCMRL#  406 dt  11.200000 rms  0.527  0.165% neg 0  invalid 762 tFOTS 0.0000 tGradient 1.1870 tsec 1.3740
#GCMRL#  407 dt  11.200000 rms  0.526  0.171% neg 0  invalid 762 tFOTS 0.0000 tGradient 1.1670 tsec 1.3700
#GCMRL#  408 dt  11.200000 rms  0.525  0.177% neg 0  invalid 762 tFOTS 0.0000 tGradient 1.1650 tsec 1.3610
#GCMRL#  409 dt  11.200000 rms  0.524  0.156% neg 0  invalid 762 tFOTS 0.0000 tGradient 1.1900 tsec 1.3870
#GCMRL#  410 dt  11.200000 rms  0.523  0.146% neg 0  invalid 762 tFOTS 0.0000 tGradient 1.2170 tsec 1.4060
#GCMRL#  411 dt  11.200000 rms  0.522  0.130% neg 0  invalid 762 tFOTS 0.0000 tGradient 1.1560 tsec 1.3440
#GCMRL#  412 dt  11.200000 rms  0.522  0.118% neg 0  invalid 762 tFOTS 0.0000 tGradient 1.1810 tsec 1.3700
#GCMRL#  413 dt  11.200000 rms  0.521  0.117% neg 0  invalid 762 tFOTS 0.0000 tGradient 1.1770 tsec 1.3660
#GCMRL#  414 dt  11.200000 rms  0.521  0.120% neg 0  invalid 762 tFOTS 0.0000 tGradient 1.1430 tsec 1.3330
#GCMRL#  415 dt  11.200000 rms  0.520  0.114% neg 0  invalid 762 tFOTS 0.0000 tGradient 1.1560 tsec 1.3440
#GCMRL#  416 dt  11.200000 rms  0.519  0.111% neg 0  invalid 762 tFOTS 0.0000 tGradient 1.2580 tsec 1.4450
#GCMRL#  417 dt  11.200000 rms  0.519  0.108% neg 0  invalid 762 tFOTS 0.0000 tGradient 1.1690 tsec 1.3590
#GCMRL#  418 dt  11.200000 rms  0.519  0.005% neg 0  invalid 762 tFOTS 0.0000 tGradient 1.1640 tsec 1.4550
#GCMRL#  419 dt  11.200000 rms  0.519  0.014% neg 0  invalid 762 tFOTS 0.0000 tGradient 1.1940 tsec 1.3790
#GCMRL#  420 dt  11.200000 rms  0.519  0.017% neg 0  invalid 762 tFOTS 0.0000 tGradient 1.1490 tsec 1.3400
#GCMRL#  421 dt   5.600000 rms  0.519  0.009% neg 0  invalid 762 tFOTS 0.0000 tGradient 1.1670 tsec 1.5790
#FOTS# QuadFit found better minimum quadopt=(dt=0.7,rms=0.518652) vs oldopt=(dt=0.5,rms=0.518653)
#GCMRL#  422 dt   0.700000 rms  0.519  0.000% neg 0  invalid 762 tFOTS 2.0140 tGradient 1.1370 tsec 3.3670
#GCMRL#  423 dt   0.700000 rms  0.519  0.001% neg 0  invalid 762 tFOTS 0.0000 tGradient 1.1530 tsec 1.3420
#GCMRL#  424 dt   0.175000 rms  0.519  0.000% neg 0  invalid 762 tFOTS 0.0000 tGradient 1.1540 tsec 1.6550

#GCAMreg# pass 0 level1 3 level2 1 tsec 124.496 sigma 0.5
l_jacobian=1.00 l_label=1.00 l_log_likelihood=0.20 l_smoothness=0.12 
tol=5.00e-02, dt=5.00e-02, exp_k=20.0, momentum=0.90, levels=6, niter=500, lbl_dist=10.00, avgs=16, sigma=0.5,type=2, relabel=0, neg=no

blurring input image with Gaussian with sigma=0.500...
GCAMRegisterLevel(): init RMS 0.519129
#FOTS# QuadFit found better minimum quadopt=(dt=44.8,rms=0.515999) vs oldopt=(dt=32,rms=0.516272)
#GCMRL#  426 dt  44.800000 rms  0.516  0.603% neg 0  invalid 762 tFOTS 2.5970 tGradient 1.1550 tsec 3.9730
#FOTS# QuadFit found better minimum quadopt=(dt=25.6,rms=0.51533) vs oldopt=(dt=32,rms=0.515336)
#GCMRL#  427 dt  25.600000 rms  0.515  0.130% neg 0  invalid 762 tFOTS 2.6590 tGradient 1.1800 tsec 4.0470
#GCMRL#  428 dt  32.000000 rms  0.515  0.071% neg 0  invalid 762 tFOTS 2.6050 tGradient 1.1480 tsec 3.9600
#FOTS# QuadFit found better minimum quadopt=(dt=25.6,rms=0.514646) vs oldopt=(dt=32,rms=0.514676)
#GCMRL#  429 dt  25.600000 rms  0.515  0.062% neg 0  invalid 762 tFOTS 2.6330 tGradient 1.1570 tsec 4.0040
#FOTS# QuadFit found better minimum quadopt=(dt=25.6,rms=0.514358) vs oldopt=(dt=32,rms=0.514388)
#GCMRL#  430 dt  25.600000 rms  0.514  0.056% neg 0  invalid 762 tFOTS 2.6800 tGradient 1.1760 tsec 4.0590
#FOTS# QuadFit found better minimum quadopt=(dt=25.6,rms=0.514176) vs oldopt=(dt=32,rms=0.514196)
#GCMRL#  431 dt  25.600000 rms  0.514  0.000% neg 0  invalid 762 tFOTS 2.7110 tGradient 1.1650 tsec 4.1040
#GCMRL#  432 dt  25.600000 rms  0.514  0.051% neg 0  invalid 762 tFOTS 0.0000 tGradient 1.1760 tsec 1.3720
#GCMRL#  433 dt  25.600000 rms  0.514  0.059% neg 0  invalid 762 tFOTS 0.0000 tGradient 1.1920 tsec 1.3920
#GCMRL#  434 dt  25.600000 rms  0.513  0.088% neg 0  invalid 762 tFOTS 0.0000 tGradient 1.2130 tsec 1.4060
#GCMRL#  435 dt  25.600000 rms  0.513  0.103% neg 0  invalid 762 tFOTS 0.0000 tGradient 1.1610 tsec 1.3490
#GCMRL#  436 dt  25.600000 rms  0.512  0.094% neg 0  invalid 762 tFOTS 0.0000 tGradient 1.1500 tsec 1.3350
#GCMRL#  437 dt  25.600000 rms  0.512  0.070% neg 0  invalid 762 tFOTS 0.0000 tGradient 1.1560 tsec 1.3520
#GCMRL#  438 dt  25.600000 rms  0.511  0.073% neg 0  invalid 762 tFOTS 0.0000 tGradient 1.1720 tsec 1.3620
#GCMRL#  439 dt  25.600000 rms  0.511  0.082% neg 0  invalid 762 tFOTS 0.0000 tGradient 1.1080 tsec 1.3000
#GCMRL#  440 dt  25.600000 rms  0.511  0.085% neg 0  invalid 762 tFOTS 0.0000 tGradient 1.1590 tsec 1.3520
#GCMRL#  441 dt  25.600000 rms  0.510  0.082% neg 0  invalid 762 tFOTS 0.0000 tGradient 1.1820 tsec 1.3730
#GCMRL#  442 dt  25.600000 rms  0.510  0.096% neg 0  invalid 762 tFOTS 0.0000 tGradient 1.1610 tsec 1.3530
#GCMRL#  443 dt  25.600000 rms  0.509  0.111% neg 0  invalid 762 tFOTS 0.0000 tGradient 1.1570 tsec 1.3450
#GCMRL#  444 dt  25.600000 rms  0.508  0.119% neg 0  invalid 762 tFOTS 0.0000 tGradient 1.1350 tsec 1.3220
#GCMRL#  445 dt  25.600000 rms  0.508  0.099% neg 0  invalid 762 tFOTS 0.0000 tGradient 1.1760 tsec 1.3650
#GCMRL#  446 dt  25.600000 rms  0.508  0.083% neg 0  invalid 762 tFOTS 0.0000 tGradient 1.1800 tsec 1.3670
#GCMRL#  447 dt  25.600000 rms  0.507  0.106% neg 0  invalid 762 tFOTS 0.0000 tGradient 1.1950 tsec 1.3880
#GCMRL#  448 dt  25.600000 rms  0.506  0.124% neg 0  invalid 762 tFOTS 0.0000 tGradient 1.1330 tsec 1.3290
#GCMRL#  449 dt  25.600000 rms  0.506  0.118% neg 0  invalid 762 tFOTS 0.0000 tGradient 1.1740 tsec 1.3640
#GCMRL#  450 dt  25.600000 rms  0.505  0.104% neg 0  invalid 762 tFOTS 0.0000 tGradient 1.1760 tsec 1.3840
#GCMRL#  451 dt  25.600000 rms  0.505  0.094% neg 0  invalid 762 tFOTS 0.0000 tGradient 1.1650 tsec 1.3490
#GCMRL#  452 dt  25.600000 rms  0.504  0.101% neg 0  invalid 762 tFOTS 0.0000 tGradient 1.1530 tsec 1.3430
#GCMRL#  453 dt  25.600000 rms  0.504  0.088% neg 0  invalid 762 tFOTS 0.0000 tGradient 1.1830 tsec 1.3730
#GCMRL#  454 dt  25.600000 rms  0.503  0.090% neg 0  invalid 762 tFOTS 0.0000 tGradient 1.1360 tsec 1.3270
#GCMRL#  455 dt  25.600000 rms  0.503  0.083% neg 0  invalid 762 tFOTS 0.0000 tGradient 1.1670 tsec 1.3550
#GCMRL#  456 dt  25.600000 rms  0.503  0.079% neg 0  invalid 762 tFOTS 0.0000 tGradient 1.1700 tsec 1.3650
#GCMRL#  457 dt  25.600000 rms  0.502  0.078% neg 0  invalid 762 tFOTS 0.0000 tGradient 1.1380 tsec 1.3220
#GCMRL#  458 dt  25.600000 rms  0.502  0.058% neg 0  invalid 762 tFOTS 0.0000 tGradient 1.1940 tsec 1.3910
#GCMRL#  459 dt  25.600000 rms  0.502  0.059% neg 0  invalid 762 tFOTS 0.0000 tGradient 1.1770 tsec 1.3680
#GCMRL#  460 dt  25.600000 rms  0.501  0.066% neg 0  invalid 762 tFOTS 0.0000 tGradient 1.1830 tsec 1.3680
#GCMRL#  461 dt  25.600000 rms  0.501  0.054% neg 0  invalid 762 tFOTS 0.0000 tGradient 1.1570 tsec 1.3790
#GCMRL#  462 dt  25.600000 rms  0.501  0.045% neg 0  invalid 762 tFOTS 0.0000 tGradient 1.1320 tsec 1.3240
#GCMRL#  463 dt  25.600000 rms  0.501  0.047% neg 0  invalid 762 tFOTS 0.0000 tGradient 1.1650 tsec 1.3490
#GCMRL#  464 dt  25.600000 rms  0.500  0.047% neg 0  invalid 762 tFOTS 0.0000 tGradient 1.2000 tsec 1.3930
#GCMRL#  465 dt  25.600000 rms  0.500  0.035% neg 0  invalid 762 tFOTS 0.0000 tGradient 1.1700 tsec 1.3570
#GCMRL#  466 dt  25.600000 rms  0.500  0.023% neg 0  invalid 762 tFOTS 0.0000 tGradient 1.1430 tsec 1.3320
#GCMRL#  467 dt  25.600000 rms  0.500  0.038% neg 0  invalid 762 tFOTS 0.0000 tGradient 1.1650 tsec 1.3590
#GCMRL#  468 dt  25.600000 rms  0.500  0.058% neg 0  invalid 762 tFOTS 0.0000 tGradient 1.1870 tsec 1.3810
#GCMRL#  469 dt  25.600000 rms  0.499  0.045% neg 0  invalid 762 tFOTS 0.0000 tGradient 1.1560 tsec 1.3470
#GCMRL#  470 dt  25.600000 rms  0.499  0.028% neg 0  invalid 762 tFOTS 0.0000 tGradient 1.1750 tsec 1.3640
#GCMRL#  471 dt  25.600000 rms  0.499  0.034% neg 0  invalid 762 tFOTS 0.0000 tGradient 1.1630 tsec 1.3530
#GCMRL#  472 dt  25.600000 rms  0.499  0.034% neg 0  invalid 762 tFOTS 0.0000 tGradient 1.1490 tsec 1.3410
#GCMRL#  473 dt  25.600000 rms  0.499  0.036% neg 0  invalid 762 tFOTS 0.0000 tGradient 1.1800 tsec 1.3710
#GCMRL#  474 dt  25.600000 rms  0.498  0.042% neg 0  invalid 762 tFOTS 0.0000 tGradient 1.1640 tsec 1.3570
#GCMRL#  475 dt  25.600000 rms  0.498  0.020% neg 0  invalid 762 tFOTS 0.0000 tGradient 1.1560 tsec 1.3420
#GCMRL#  476 dt  25.600000 rms  0.498  0.045% neg 0  invalid 762 tFOTS 0.0000 tGradient 1.1430 tsec 1.3680
#GCMRL#  477 dt  25.600000 rms  0.498  0.024% neg 0  invalid 762 tFOTS 0.0000 tGradient 1.1320 tsec 1.3180
#GCMRL#  478 dt  25.600000 rms  0.498  0.014% neg 0  invalid 762 tFOTS 0.0000 tGradient 1.1680 tsec 1.3650
#GCMRL#  479 dt  32.000000 rms  0.498  0.018% neg 0  invalid 762 tFOTS 2.4590 tGradient 1.1580 tsec 3.8160
#FOTS# QuadFit found better minimum quadopt=(dt=1.6,rms=0.497837) vs oldopt=(dt=2,rms=0.497837)
#GCMRL#  480 dt   1.600000 rms  0.498  0.000% neg 0  invalid 762 tFOTS 2.6770 tGradient 1.1840 tsec 4.0830
setting smoothness cost coefficient to 0.400

#GCAMreg# pass 0 level1 2 level2 0 tsec 0 sigma 2
l_jacobian=1.00 l_label=1.00 l_log_likelihood=0.20 l_smoothness=0.40 
tol=5.00e-02, dt=5.00e-02, exp_k=20.0, momentum=0.90, levels=6, niter=500, lbl_dist=10.00, avgs=4, sigma=2.0,type=2, relabel=0, neg=no

blurring input image with Gaussian with sigma=2.000...
GCAMRegisterLevel(): init RMS 0.52536
#GCMRL#  482 dt   0.000000 rms  0.525  0.070% neg 0  invalid 762 tFOTS 2.4730 tGradient 1.0600 tsec 3.7330
#GCMRL#  483 dt   0.150000 rms  0.525  0.000% neg 0  invalid 762 tFOTS 2.4560 tGradient 1.0600 tsec 3.8850

#GCAMreg# pass 0 level1 2 level2 1 tsec 16.847 sigma 0.5
l_jacobian=1.00 l_label=1.00 l_log_likelihood=0.20 l_smoothness=0.40 
tol=5.00e-02, dt=5.00e-02, exp_k=20.0, momentum=0.90, levels=6, niter=500, lbl_dist=10.00, avgs=4, sigma=0.5,type=2, relabel=0, neg=no

blurring input image with Gaussian with sigma=0.500...
GCAMRegisterLevel(): init RMS 0.52536
#GCMRL#  485 dt   0.000000 rms  0.525  0.070% neg 0  invalid 762 tFOTS 2.4950 tGradient 1.0800 tsec 3.7780
#GCMRL#  486 dt   0.150000 rms  0.525  0.000% neg 0  invalid 762 tFOTS 2.4440 tGradient 1.0460 tsec 3.8360
setting smoothness cost coefficient to 1.000

#GCAMreg# pass 0 level1 1 level2 0 tsec 0 sigma 2
l_jacobian=1.00 l_label=1.00 l_log_likelihood=0.20 l_smoothness=1.00 
tol=5.00e-02, dt=5.00e-02, exp_k=20.0, momentum=0.90, levels=6, niter=500, lbl_dist=10.00, avgs=1, sigma=2.0,type=2, relabel=0, neg=no

blurring input image with Gaussian with sigma=2.000...
GCAMRegisterLevel(): init RMS 0.578799
#FOTS# QuadFit found better minimum quadopt=(dt=0.777409,rms=0.576612) vs oldopt=(dt=1.28,rms=0.577002)
#GCMRL#  488 dt   0.777409 rms  0.577  0.378% neg 0  invalid 762 tFOTS 2.5300 tGradient 0.8960 tsec 3.6310
#FOTS# QuadFit found better minimum quadopt=(dt=0.112,rms=0.576546) vs oldopt=(dt=0.08,rms=0.576556)
#GCMRL#  489 dt   0.112000 rms  0.577  0.000% neg 0  invalid 762 tFOTS 2.4510 tGradient 0.9420 tsec 3.6100
#GCMRL#  490 dt   0.112000 rms  0.577  0.001% neg 0  invalid 762 tFOTS 0.0000 tGradient 0.8820 tsec 1.0720

#GCAMreg# pass 0 level1 1 level2 1 tsec 17.222 sigma 0.5
l_jacobian=1.00 l_label=1.00 l_log_likelihood=0.20 l_smoothness=1.00 
tol=5.00e-02, dt=5.00e-02, exp_k=20.0, momentum=0.90, levels=6, niter=500, lbl_dist=10.00, avgs=1, sigma=0.5,type=2, relabel=0, neg=no

blurring input image with Gaussian with sigma=0.500...
GCAMRegisterLevel(): init RMS 0.576894
#GCMRL#  492 dt   0.320000 rms  0.576  0.087% neg 0  invalid 762 tFOTS 2.4220 tGradient 0.8570 tsec 3.4790
#FOTS# QuadFit found better minimum quadopt=(dt=0.028,rms=0.576378) vs oldopt=(dt=0.02,rms=0.576379)
#GCMRL#  493 dt   0.028000 rms  0.576  0.000% neg 0  invalid 762 tFOTS 2.4570 tGradient 0.8710 tsec 3.5480
resetting metric properties...
setting smoothness cost coefficient to 2.000

#GCAMreg# pass 0 level1 0 level2 0 tsec 0 sigma 2
l_jacobian=1.00 l_label=1.00 l_log_likelihood=0.20 l_smoothness=2.00 
tol=5.00e-02, dt=5.00e-02, exp_k=20.0, momentum=0.90, levels=6, niter=500, lbl_dist=10.00, avgs=0, sigma=2.0,type=2, relabel=0, neg=no

blurring input image with Gaussian with sigma=2.000...
GCAMRegisterLevel(): init RMS 0.502415
#FOTS# QuadFit found better minimum quadopt=(dt=0.448,rms=0.487477) vs oldopt=(dt=0.32,rms=0.491449)
#GCMRL#  495 dt   0.448000 rms  0.487  2.973% neg 0  invalid 762 tFOTS 2.2610 tGradient 0.4630 tsec 2.9190
#FOTS# QuadFit found better minimum quadopt=(dt=0.448,rms=0.484585) vs oldopt=(dt=0.32,rms=0.485392)
#GCMRL#  496 dt   0.448000 rms  0.485  0.593% neg 0  invalid 762 tFOTS 2.2880 tGradient 0.5160 tsec 3.0070
#FOTS# QuadFit found better minimum quadopt=(dt=0.448,rms=0.482843) vs oldopt=(dt=0.32,rms=0.48333)
#GCMRL#  497 dt   0.448000 rms  0.483  0.359% neg 0  invalid 762 tFOTS 2.2850 tGradient 0.5020 tsec 2.9960
#FOTS# QuadFit found better minimum quadopt=(dt=0.448,rms=0.481868) vs oldopt=(dt=0.32,rms=0.482148)
#GCMRL#  498 dt   0.448000 rms  0.482  0.202% neg 0  invalid 762 tFOTS 2.2620 tGradient 0.4990 tsec 2.9690
#FOTS# QuadFit found better minimum quadopt=(dt=0.448,rms=0.481057) vs oldopt=(dt=0.32,rms=0.48127)
#GCMRL#  499 dt   0.448000 rms  0.481  0.168% neg 0  invalid 762 tFOTS 2.2880 tGradient 0.4870 tsec 2.9860
#FOTS# QuadFit found better minimum quadopt=(dt=0.448,rms=0.480567) vs oldopt=(dt=0.32,rms=0.480708)
#GCMRL#  500 dt   0.448000 rms  0.481  0.102% neg 0  invalid 762 tFOTS 2.2900 tGradient 0.4950 tsec 2.9840
#FOTS# QuadFit found better minimum quadopt=(dt=0.448,rms=0.480075) vs oldopt=(dt=0.32,rms=0.480199)
#GCMRL#  501 dt   0.448000 rms  0.480  0.102% neg 0  invalid 762 tFOTS 2.2100 tGradient 0.4870 tsec 2.8920
#FOTS# QuadFit found better minimum quadopt=(dt=0.448,rms=0.479781) vs oldopt=(dt=0.32,rms=0.479861)
#GCMRL#  502 dt   0.448000 rms  0.480  0.061% neg 0  invalid 762 tFOTS 2.2540 tGradient 0.4510 tsec 2.9050
#FOTS# QuadFit found better minimum quadopt=(dt=0.448,rms=0.47946) vs oldopt=(dt=0.32,rms=0.479537)
#GCMRL#  503 dt   0.448000 rms  0.479  0.067% neg 0  invalid 762 tFOTS 2.2580 tGradient 0.4880 tsec 2.9400
#FOTS# QuadFit found better minimum quadopt=(dt=0.448,rms=0.479256) vs oldopt=(dt=0.32,rms=0.479305)
#GCMRL#  504 dt   0.448000 rms  0.479  0.000% neg 0  invalid 762 tFOTS 2.3590 tGradient 0.4970 tsec 3.0740
#GCMRL#  505 dt   0.448000 rms  0.479  0.048% neg 0  invalid 762 tFOTS 0.0000 tGradient 0.5010 tsec 0.7070
#GCMRL#  506 dt   0.448000 rms  0.479  0.068% neg 0  invalid 762 tFOTS 0.0000 tGradient 0.4870 tsec 0.6920
#GCMRL#  507 dt   0.448000 rms  0.478  0.083% neg 0  invalid 762 tFOTS 0.0000 tGradient 0.4870 tsec 0.6830
#GCMRL#  508 dt   0.448000 rms  0.478  0.088% neg 0  invalid 762 tFOTS 0.0000 tGradient 0.4870 tsec 0.6900
#GCMRL#  509 dt   0.448000 rms  0.478  0.008% neg 0  invalid 762 tFOTS 0.0000 tGradient 0.4740 tsec 0.7780
#GCMRL#  510 dt   0.448000 rms  0.478  0.009% neg 0  invalid 762 tFOTS 0.0000 tGradient 0.4840 tsec 0.6790
#GCMRL#  511 dt   0.448000 rms  0.478  0.006% neg 0  invalid 762 tFOTS 0.0000 tGradient 0.4910 tsec 0.7030
#FOTS# QuadFit found better minimum quadopt=(dt=0.384,rms=0.477713) vs oldopt=(dt=0.32,rms=0.477715)
#GCMRL#  512 dt   0.384000 rms  0.478  0.013% neg 0  invalid 762 tFOTS 2.2690 tGradient 0.4790 tsec 2.9510
#GCMRL#  513 dt   0.320000 rms  0.478  0.000% neg 0  invalid 762 tFOTS 2.2950 tGradient 0.4770 tsec 2.9880
#GCMRL#  514 dt   0.320000 rms  0.478  0.007% neg 0  invalid 762 tFOTS 0.0000 tGradient 0.4750 tsec 0.6670
#GCMRL#  515 dt   0.320000 rms  0.478  0.005% neg 0  invalid 762 tFOTS 0.0000 tGradient 0.4620 tsec 0.6590
#GCMRL#  516 dt   0.320000 rms  0.478  0.008% neg 0  invalid 762 tFOTS 0.0000 tGradient 0.4580 tsec 0.6580
#GCMRL#  517 dt   0.320000 rms  0.478  0.012% neg 0  invalid 762 tFOTS 0.0000 tGradient 0.4840 tsec 0.6820

#GCAMreg# pass 0 level1 0 level2 1 tsec 51.892 sigma 0.5
l_jacobian=1.00 l_label=1.00 l_log_likelihood=0.20 l_smoothness=2.00 
tol=5.00e-02, dt=5.00e-02, exp_k=20.0, momentum=0.90, levels=6, niter=500, lbl_dist=10.00, avgs=0, sigma=0.5,type=2, relabel=0, neg=no

blurring input image with Gaussian with sigma=0.500...
GCAMRegisterLevel(): init RMS 0.477987
#FOTS# QuadFit found better minimum quadopt=(dt=0.448,rms=0.473179) vs oldopt=(dt=0.32,rms=0.474343)
#GCMRL#  519 dt   0.448000 rms  0.473  1.006% neg 0  invalid 762 tFOTS 2.3190 tGradient 0.4900 tsec 3.0120
#FOTS# QuadFit found better minimum quadopt=(dt=0.448,rms=0.472612) vs oldopt=(dt=0.32,rms=0.472755)
#GCMRL#  520 dt   0.448000 rms  0.473  0.120% neg 0  invalid 762 tFOTS 2.3470 tGradient 0.4790 tsec 3.0310
#FOTS# QuadFit found better minimum quadopt=(dt=0.448,rms=0.472431) vs oldopt=(dt=0.32,rms=0.472472)
#GCMRL#  521 dt   0.448000 rms  0.472  0.000% neg 0  invalid 762 tFOTS 2.3260 tGradient 0.4910 tsec 3.0380
#GCMRL#  522 dt   0.448000 rms  0.472  0.018% neg 0  invalid 762 tFOTS 0.0000 tGradient 0.4370 tsec 0.6320
#GCMRL#  523 dt   0.448000 rms  0.472  0.021% neg 0  invalid 762 tFOTS 0.0000 tGradient 0.4580 tsec 0.6530
#GCMRL#  524 dt   0.224000 rms  0.472  0.006% neg 0  invalid 762 tFOTS 0.0000 tGradient 0.5300 tsec 0.9500
#GCMRL#  525 dt   0.224000 rms  0.472  0.003% neg 0  invalid 762 tFOTS 0.0000 tGradient 0.4710 tsec 0.6830
#FOTS# QuadFit found better minimum quadopt=(dt=0.256,rms=0.472183) vs oldopt=(dt=0.32,rms=0.472184)
#GCMRL#  526 dt   0.256000 rms  0.472  0.004% neg 0  invalid 762 tFOTS 2.3450 tGradient 0.4660 tsec 3.0130
#FOTS# QuadFit found better minimum quadopt=(dt=0.384,rms=0.472165) vs oldopt=(dt=0.32,rms=0.472167)
GCAMregister done in 18.0145 min
********************* ALLOWING NEGATIVE NODES IN DEFORMATION********************************
noneg post
Starting GCAMregister()
label assignment complete, 0 changed (0.00%)
npasses = 1, nlevels = 6
#pass# 1 of 1 ************************
enabling zero nodes
setting smoothness cost coefficient to 0.008

#GCAMreg# pass 0 level1 5 level2 0 tsec 0 sigma 2
l_jacobian=1.00 l_label=1.00 l_log_likelihood=0.20 l_smoothness=0.01 
tol=2.50e-01, dt=5.00e-02, exp_k=20.0, momentum=0.90, levels=6, niter=500, lbl_dist=10.00, avgs=256, sigma=2.0,type=2, relabel=0, neg=yes

blurring input image with Gaussian with sigma=2.000...
GCAMRegisterLevel(): init RMS 0.470595
#GCMRL#  528 dt   0.000000 rms  0.470  0.104% neg 0  invalid 762 tFOTS 2.8380 tGradient 1.6090 tsec 4.6540

#GCAMreg# pass 0 level1 5 level2 1 tsec 16.535 sigma 0.5
l_jacobian=1.00 l_label=1.00 l_log_likelihood=0.20 l_smoothness=0.01 
tol=2.50e-01, dt=5.00e-02, exp_k=20.0, momentum=0.90, levels=6, niter=500, lbl_dist=10.00, avgs=256, sigma=0.5,type=2, relabel=0, neg=yes

blurring input image with Gaussian with sigma=0.500...
GCAMRegisterLevel(): init RMS 0.470595
#FOTS# QuadFit found better minimum quadopt=(dt=129.472,rms=0.469744) vs oldopt=(dt=92.48,rms=0.46981)
#GCMRL#  530 dt 129.472000 rms  0.470  0.181% neg 0  invalid 762 tFOTS 2.8830 tGradient 1.6180 tsec 4.7080
#FOTS# QuadFit found better minimum quadopt=(dt=129.472,rms=0.469576) vs oldopt=(dt=92.48,rms=0.469608)
#GCMRL#  531 dt 129.472000 rms  0.470  0.000% neg 0  invalid 762 tFOTS 2.8740 tGradient 1.6070 tsec 4.7350
#GCMRL#  532 dt 129.472000 rms  0.469  0.019% neg 0  invalid 762 tFOTS 0.0000 tGradient 1.5650 tsec 1.7570
#GCMRL#  533 dt 129.472000 rms  0.469  0.045% neg 0  invalid 762 tFOTS 0.0000 tGradient 1.6320 tsec 1.8230
#GCMRL#  534 dt 129.472000 rms  0.469  0.024% neg 0  invalid 762 tFOTS 0.0000 tGradient 1.6610 tsec 1.8520
setting smoothness cost coefficient to 0.031

#GCAMreg# pass 0 level1 4 level2 0 tsec 0 sigma 2
l_jacobian=1.00 l_label=1.00 l_log_likelihood=0.20 l_smoothness=0.03 
tol=2.50e-01, dt=5.00e-02, exp_k=20.0, momentum=0.90, levels=6, niter=500, lbl_dist=10.00, avgs=64, sigma=2.0,type=2, relabel=0, neg=yes

blurring input image with Gaussian with sigma=2.000...
GCAMRegisterLevel(): init RMS 0.469539
#FOTS# QuadFit found better minimum quadopt=(dt=9.072,rms=0.469044) vs oldopt=(dt=6.48,rms=0.469048)
#GCMRL#  536 dt   9.072000 rms  0.469  0.106% neg 0  invalid 762 tFOTS 2.9860 tGradient 1.3040 tsec 4.4920
#FOTS# QuadFit found better minimum quadopt=(dt=5.184,rms=0.46904) vs oldopt=(dt=6.48,rms=0.46904)
#GCMRL#  537 dt   5.184000 rms  0.469  0.000% neg 0  invalid 762 tFOTS 2.9650 tGradient 1.2560 tsec 4.4480
#GCMRL#  538 dt   5.184000 rms  0.469  0.002% neg 0  invalid 762 tFOTS 0.0000 tGradient 1.2940 tsec 1.4820

#GCAMreg# pass 0 level1 4 level2 1 tsec 19.007 sigma 0.5
l_jacobian=1.00 l_label=1.00 l_log_likelihood=0.20 l_smoothness=0.03 
tol=2.50e-01, dt=5.00e-02, exp_k=20.0, momentum=0.90, levels=6, niter=500, lbl_dist=10.00, avgs=64, sigma=0.5,type=2, relabel=0, neg=yes

blurring input image with Gaussian with sigma=0.500...
GCAMRegisterLevel(): init RMS 0.469503
#FOTS# QuadFit found better minimum quadopt=(dt=145.152,rms=0.467635) vs oldopt=(dt=103.68,rms=0.467762)
#GCMRL#  540 dt 145.152000 rms  0.468  0.398% neg 0  invalid 762 tFOTS 2.7970 tGradient 1.2910 tsec 4.2910
#FOTS# QuadFit found better minimum quadopt=(dt=36.288,rms=0.467117) vs oldopt=(dt=25.92,rms=0.467162)
#GCMRL#  541 dt  36.288000 rms  0.467  0.000% neg 0  invalid 762 tFOTS 2.9880 tGradient 1.2580 tsec 4.4640
#GCMRL#  542 dt  36.288000 rms  0.467  0.052% neg 0  invalid 762 tFOTS 0.0000 tGradient 1.3020 tsec 1.4900
#GCMRL#  543 dt  36.288000 rms  0.467  0.059% neg 0  invalid 762 tFOTS 0.0000 tGradient 1.3030 tsec 1.4920
#GCMRL#  544 dt  36.288000 rms  0.466  0.096% neg 0  invalid 762 tFOTS 0.0000 tGradient 1.2740 tsec 1.4620
#GCMRL#  545 dt  36.288000 rms  0.466  0.097% neg 0  invalid 762 tFOTS 0.0000 tGradient 1.2120 tsec 1.4040
#GCMRL#  546 dt  36.288000 rms  0.465  0.100% neg 0  invalid 762 tFOTS 0.0000 tGradient 1.2840 tsec 1.4800
#GCMRL#  547 dt  36.288000 rms  0.465  0.102% neg 0  invalid 762 tFOTS 0.0000 tGradient 1.2320 tsec 1.4180
#GCMRL#  548 dt  36.288000 rms  0.464  0.083% neg 0  invalid 762 tFOTS 0.0000 tGradient 1.2690 tsec 1.4510
#GCMRL#  549 dt  36.288000 rms  0.464  0.083% neg 0  invalid 762 tFOTS 0.0000 tGradient 1.2410 tsec 1.4360
#GCMRL#  550 dt  36.288000 rms  0.464  0.074% neg 0  invalid 762 tFOTS 0.0000 tGradient 1.2460 tsec 1.4490
#FOTS# QuadFit found better minimum quadopt=(dt=36.288,rms=0.463579) vs oldopt=(dt=25.92,rms=0.463588)
setting smoothness cost coefficient to 0.118

#GCAMreg# pass 0 level1 3 level2 0 tsec 0 sigma 2
l_jacobian=1.00 l_label=1.00 l_log_likelihood=0.20 l_smoothness=0.12 
tol=2.50e-01, dt=5.00e-02, exp_k=20.0, momentum=0.90, levels=6, niter=500, lbl_dist=10.00, avgs=16, sigma=2.0,type=2, relabel=0, neg=yes

blurring input image with Gaussian with sigma=2.000...
GCAMRegisterLevel(): init RMS 0.46435
#FOTS# QuadFit found better minimum quadopt=(dt=22.1706,rms=0.462717) vs oldopt=(dt=32,rms=0.462986)
iter 0, gcam->neg = 1
after 1 iterations, nbhd size=0, neg = 0
#GCMRL#  552 dt  22.170648 rms  0.463  0.352% neg 0  invalid 762 tFOTS 2.9930 tGradient 1.1520 tsec 4.9660
#FOTS# QuadFit found better minimum quadopt=(dt=44.8,rms=0.461572) vs oldopt=(dt=32,rms=0.461657)
iter 0, gcam->neg = 8
after 10 iterations, nbhd size=1, neg = 0
#GCMRL#  553 dt  44.800000 rms  0.462  0.000% neg 0  invalid 762 tFOTS 2.8550 tGradient 1.1130 tsec 6.8570
iter 0, gcam->neg = 5
after 9 iterations, nbhd size=1, neg = 0
#GCMRL#  554 dt  44.800000 rms  0.461  0.218% neg 0  invalid 762 tFOTS 0.0000 tGradient 1.1420 tsec 3.7910
iter 0, gcam->neg = 15
after 10 iterations, nbhd size=1, neg = 0
#GCMRL#  555 dt  44.800000 rms  0.459  0.309% neg 0  invalid 762 tFOTS 0.0000 tGradient 1.0800 tsec 3.8980
iter 0, gcam->neg = 24
after 10 iterations, nbhd size=1, neg = 0
#GCMRL#  556 dt  44.800000 rms  0.459  0.019% neg 0  invalid 762 tFOTS 0.0000 tGradient 1.1270 tsec 3.9810
iter 0, gcam->neg = 18
after 11 iterations, nbhd size=1, neg = 0
#GCMRL#  557 dt  44.800000 rms  0.459  0.083% neg 0  invalid 762 tFOTS 0.0000 tGradient 1.0960 tsec 4.1810
iter 0, gcam->neg = 15
after 5 iterations, nbhd size=0, neg = 0
#GCMRL#  558 dt  44.800000 rms  0.458  0.160% neg 0  invalid 762 tFOTS 0.0000 tGradient 1.0920 tsec 2.8940
iter 0, gcam->neg = 19
after 10 iterations, nbhd size=1, neg = 0
#GCMRL#  559 dt  44.800000 rms  0.457  0.159% neg 0  invalid 762 tFOTS 0.0000 tGradient 1.1550 tsec 4.0290
iter 0, gcam->neg = 16
after 16 iterations, nbhd size=1, neg = 0
#GCMRL#  560 dt  44.800000 rms  0.456  0.194% neg 0  invalid 762 tFOTS 0.0000 tGradient 1.1270 tsec 5.2570
iter 0, gcam->neg = 19
after 10 iterations, nbhd size=1, neg = 0
#GCMRL#  561 dt  44.800000 rms  0.456  0.120% neg 0  invalid 762 tFOTS 0.0000 tGradient 1.1270 tsec 4.1200
iter 0, gcam->neg = 15
after 11 iterations, nbhd size=1, neg = 0
#GCMRL#  562 dt  44.800000 rms  0.456  0.067% neg 0  invalid 762 tFOTS 0.0000 tGradient 1.1140 tsec 4.1720
#GCMRL#  563 dt  32.000000 rms  0.454  0.232% neg 0  invalid 762 tFOTS 2.9110 tGradient 1.1470 tsec 4.2600
#FOTS# QuadFit found better minimum quadopt=(dt=19.2,rms=0.454075) vs oldopt=(dt=32,rms=0.454142)
iter 0, gcam->neg = 1
after 0 iterations, nbhd size=0, neg = 0
#GCMRL#  564 dt  19.200000 rms  0.454  0.000% neg 0  invalid 762 tFOTS 2.8630 tGradient 1.1700 tsec 4.7080
#GCMRL#  565 dt  19.200000 rms  0.454  0.044% neg 0  invalid 762 tFOTS 0.0000 tGradient 1.0990 tsec 1.3280
#GCMRL#  566 dt  19.200000 rms  0.454  0.071% neg 0  invalid 762 tFOTS 0.0000 tGradient 1.1380 tsec 1.3360
iter 0, gcam->neg = 2
after 2 iterations, nbhd size=0, neg = 0
#GCMRL#  567 dt  19.200000 rms  0.453  0.090% neg 0  invalid 762 tFOTS 0.0000 tGradient 1.1200 tsec 2.2270
iter 0, gcam->neg = 6
after 3 iterations, nbhd size=0, neg = 0
#GCMRL#  568 dt  19.200000 rms  0.453  0.057% neg 0  invalid 762 tFOTS 0.0000 tGradient 1.1120 tsec 2.3310
iter 0, gcam->neg = 4
after 9 iterations, nbhd size=1, neg = 0

#GCAMreg# pass 0 level1 3 level2 1 tsec 75.154 sigma 0.5
l_jacobian=1.00 l_label=1.00 l_log_likelihood=0.20 l_smoothness=0.12 
tol=2.50e-01, dt=5.00e-02, exp_k=20.0, momentum=0.90, levels=6, niter=500, lbl_dist=10.00, avgs=16, sigma=0.5,type=2, relabel=0, neg=yes

blurring input image with Gaussian with sigma=0.500...
GCAMRegisterLevel(): init RMS 0.453313
#FOTS# QuadFit found better minimum quadopt=(dt=44.8,rms=0.449144) vs oldopt=(dt=32,rms=0.449495)
#GCMRL#  570 dt  44.800000 rms  0.449  0.920% neg 0  invalid 762 tFOTS 3.0700 tGradient 1.1210 tsec 4.4020
#FOTS# QuadFit found better minimum quadopt=(dt=21.4349,rms=0.448005) vs oldopt=(dt=32,rms=0.448336)
#GCMRL#  571 dt  21.434921 rms  0.448  0.254% neg 0  invalid 762 tFOTS 3.0450 tGradient 1.1120 tsec 4.3650
#FOTS# QuadFit found better minimum quadopt=(dt=25.6,rms=0.447235) vs oldopt=(dt=32,rms=0.447241)
iter 0, gcam->neg = 1
after 1 iterations, nbhd size=0, neg = 0
#GCMRL#  572 dt  25.600000 rms  0.447  0.000% neg 0  invalid 762 tFOTS 3.0330 tGradient 1.0640 tsec 4.9790
#GCMRL#  573 dt  25.600000 rms  0.447  0.109% neg 0  invalid 762 tFOTS 0.0000 tGradient 1.1410 tsec 1.3450
#GCMRL#  574 dt  25.600000 rms  0.446  0.230% neg 0  invalid 762 tFOTS 0.0000 tGradient 1.1190 tsec 1.3090
#GCMRL#  575 dt  25.600000 rms  0.445  0.185% neg 0  invalid 762 tFOTS 0.0000 tGradient 1.1130 tsec 1.3030
iter 0, gcam->neg = 1
after 1 iterations, nbhd size=0, neg = 0
#GCMRL#  576 dt  25.600000 rms  0.444  0.187% neg 0  invalid 762 tFOTS 0.0000 tGradient 1.1100 tsec 1.9640
#GCMRL#  577 dt  25.600000 rms  0.444  0.050% neg 0  invalid 762 tFOTS 0.0000 tGradient 1.1400 tsec 1.3320
iter 0, gcam->neg = 1
after 2 iterations, nbhd size=0, neg = 0
#GCMRL#  578 dt  25.600000 rms  0.444  0.078% neg 0  invalid 762 tFOTS 0.0000 tGradient 1.1710 tsec 2.3050
#GCMRL#  579 dt  25.600000 rms  0.443 -0.016% neg 0  invalid 762 tFOTS 0.0000 tGradient 1.1520 tsec 1.4940
#FOTS# QuadFit found better minimum quadopt=(dt=25.6,rms=0.443273) vs oldopt=(dt=32,rms=0.443294)
#GCMRL#  580 dt  25.600000 rms  0.443  0.044% neg 0  invalid 762 tFOTS 3.0040 tGradient 1.1590 tsec 4.3700
#FOTS# QuadFit found better minimum quadopt=(dt=25.6,rms=0.443067) vs oldopt=(dt=32,rms=0.443092)
#GCMRL#  581 dt  25.600000 rms  0.443  0.047% neg 0  invalid 762 tFOTS 2.8290 tGradient 1.0880 tsec 4.1250
#FOTS# QuadFit found better minimum quadopt=(dt=11.2,rms=0.442998) vs oldopt=(dt=8,rms=0.443008)
setting smoothness cost coefficient to 0.400

#GCAMreg# pass 0 level1 2 level2 0 tsec 0 sigma 2
l_jacobian=1.00 l_label=1.00 l_log_likelihood=0.20 l_smoothness=0.40 
tol=2.50e-01, dt=5.00e-02, exp_k=20.0, momentum=0.90, levels=6, niter=500, lbl_dist=10.00, avgs=4, sigma=2.0,type=2, relabel=0, neg=yes

blurring input image with Gaussian with sigma=2.000...
GCAMRegisterLevel(): init RMS 0.448315
#FOTS# QuadFit found better minimum quadopt=(dt=1.92593,rms=0.447731) vs oldopt=(dt=2.88,rms=0.447756)
#GCMRL#  583 dt   1.925926 rms  0.448  0.130% neg 0  invalid 762 tFOTS 2.9920 tGradient 1.0540 tsec 4.2530
#FOTS# QuadFit found better minimum quadopt=(dt=0.576,rms=0.447724) vs oldopt=(dt=0.72,rms=0.447724)
#GCMRL#  584 dt   0.576000 rms  0.448  0.000% neg 0  invalid 762 tFOTS 3.0370 tGradient 1.0500 tsec 4.3070
#GCMRL#  585 dt   0.576000 rms  0.448  0.000% neg 0  invalid 762 tFOTS 0.0000 tGradient 1.0400 tsec 1.2300

#GCAMreg# pass 0 level1 2 level2 1 tsec 18.057 sigma 0.5
l_jacobian=1.00 l_label=1.00 l_log_likelihood=0.20 l_smoothness=0.40 
tol=2.50e-01, dt=5.00e-02, exp_k=20.0, momentum=0.90, levels=6, niter=500, lbl_dist=10.00, avgs=4, sigma=0.5,type=2, relabel=0, neg=yes

blurring input image with Gaussian with sigma=0.500...
GCAMRegisterLevel(): init RMS 0.448221
#FOTS# QuadFit found better minimum quadopt=(dt=4.8,rms=0.447429) vs oldopt=(dt=2.88,rms=0.447484)
#GCMRL#  587 dt   4.800000 rms  0.447  0.177% neg 0  invalid 762 tFOTS 3.1220 tGradient 1.0400 tsec 4.3720
#FOTS# QuadFit found better minimum quadopt=(dt=4.44444,rms=0.44723) vs oldopt=(dt=2.88,rms=0.447271)
iter 0, gcam->neg = 1
after 1 iterations, nbhd size=0, neg = 0
#GCMRL#  588 dt   4.444444 rms  0.447  0.000% neg 0  invalid 762 tFOTS 2.9230 tGradient 1.0460 tsec 4.8940
#GCMRL#  589 dt   4.444444 rms  0.447  0.043% neg 0  invalid 762 tFOTS 0.0000 tGradient 1.0250 tsec 1.2140
iter 0, gcam->neg = 1
after 0 iterations, nbhd size=0, neg = 0
#GCMRL#  590 dt   4.444444 rms  0.447  0.018% neg 0  invalid 762 tFOTS 0.0000 tGradient 1.0290 tsec 1.6830
setting smoothness cost coefficient to 1.000

#GCAMreg# pass 0 level1 1 level2 0 tsec 0 sigma 2
l_jacobian=1.00 l_label=1.00 l_log_likelihood=0.20 l_smoothness=1.00 
tol=2.50e-01, dt=5.00e-02, exp_k=20.0, momentum=0.90, levels=6, niter=500, lbl_dist=10.00, avgs=1, sigma=2.0,type=2, relabel=0, neg=yes

blurring input image with Gaussian with sigma=2.000...
GCAMRegisterLevel(): init RMS 0.452283
#GCMRL#  592 dt   0.000050 rms  0.452  0.106% neg 0  invalid 762 tFOTS 3.8470 tGradient 0.8960 tsec 4.9540

#GCAMreg# pass 0 level1 1 level2 1 tsec 16.002 sigma 0.5
l_jacobian=1.00 l_label=1.00 l_log_likelihood=0.20 l_smoothness=1.00 
tol=2.50e-01, dt=5.00e-02, exp_k=20.0, momentum=0.90, levels=6, niter=500, lbl_dist=10.00, avgs=1, sigma=0.5,type=2, relabel=0, neg=yes

blurring input image with Gaussian with sigma=0.500...
GCAMRegisterLevel(): init RMS 0.452283
#GCMRL#  594 dt   0.000000 rms  0.452  0.106% neg 0  invalid 762 tFOTS 2.8760 tGradient 0.8790 tsec 3.9640
resetting metric properties...
setting smoothness cost coefficient to 2.000

#GCAMreg# pass 0 level1 0 level2 0 tsec 0 sigma 2
l_jacobian=1.00 l_label=1.00 l_log_likelihood=0.20 l_smoothness=2.00 
tol=2.50e-01, dt=5.00e-02, exp_k=20.0, momentum=0.90, levels=6, niter=500, lbl_dist=10.00, avgs=0, sigma=2.0,type=2, relabel=0, neg=yes

blurring input image with Gaussian with sigma=2.000...
GCAMRegisterLevel(): init RMS 0.444206
#FOTS# QuadFit found better minimum quadopt=(dt=1.93343,rms=0.415177) vs oldopt=(dt=1.28,rms=0.41869)
iter 0, gcam->neg = 1002
after 15 iterations, nbhd size=1, neg = 0
#GCMRL#  596 dt   1.933430 rms  0.416  6.442% neg 0  invalid 762 tFOTS 3.0270 tGradient 0.4700 tsec 7.5480
#GCMRL#  597 dt   0.000013 rms  0.416  0.000% neg 0  invalid 762 tFOTS 3.9130 tGradient 0.4960 tsec 4.6430

#GCAMreg# pass 0 level1 0 level2 1 tsec 19.848 sigma 0.5
l_jacobian=1.00 l_label=1.00 l_log_likelihood=0.20 l_smoothness=2.00 
tol=2.50e-01, dt=5.00e-02, exp_k=20.0, momentum=0.90, levels=6, niter=500, lbl_dist=10.00, avgs=0, sigma=0.5,type=2, relabel=0, neg=yes

blurring input image with Gaussian with sigma=0.500...
GCAMRegisterLevel(): init RMS 0.416171
#FOTS# QuadFit found better minimum quadopt=(dt=0.028,rms=0.415503) vs oldopt=(dt=0.02,rms=0.415516)
#GCMRL#  599 dt   0.028000 rms  0.416  0.160% neg 0  invalid 762 tFOTS 2.9670 tGradient 0.4900 tsec 3.6590
#FOTS# QuadFit found better minimum quadopt=(dt=0.016,rms=0.415484) vs oldopt=(dt=0.02,rms=0.415485)
#GCMRL#  600 dt   0.016000 rms  0.415  0.000% neg 0  invalid 762 tFOTS 2.9040 tGradient 0.5120 tsec 3.6340
#GCMRL#  601 dt   0.016000 rms  0.415  0.000% neg 0  invalid 762 tFOTS 0.0000 tGradient 0.5240 tsec 0.7240
label assignment complete, 0 changed (0.00%)
GCAMregister done in 4.68573 min
Starting GCAMcomputeMaxPriorLabels()
Morphing with label term set to 0 *******************************
Starting GCAMregister()
label assignment complete, 0 changed (0.00%)
npasses = 1, nlevels = 6
#pass# 1 of 1 ************************
enabling zero nodes
setting smoothness cost coefficient to 0.008

#GCAMreg# pass 0 level1 5 level2 0 tsec 0 sigma 2
l_jacobian=1.00 l_log_likelihood=0.20 l_smoothness=0.01 
tol=2.50e-01, dt=5.00e-02, exp_k=20.0, momentum=0.90, levels=6, niter=500, lbl_dist=10.00, avgs=256, sigma=2.0,type=2, relabel=0, neg=yes

blurring input image with Gaussian with sigma=2.000...
GCAMRegisterLevel(): init RMS 0.402478

#GCAMreg# pass 0 level1 5 level2 1 tsec 11.241 sigma 0.5
l_jacobian=1.00 l_log_likelihood=0.20 l_smoothness=0.01 
tol=2.50e-01, dt=5.00e-02, exp_k=20.0, momentum=0.90, levels=6, niter=500, lbl_dist=10.00, avgs=256, sigma=0.5,type=2, relabel=0, neg=yes

blurring input image with Gaussian with sigma=0.500...
GCAMRegisterLevel(): init RMS 0.402478
#FOTS# QuadFit found better minimum quadopt=(dt=32.368,rms=0.402463) vs oldopt=(dt=23.12,rms=0.402465)
#GCMRL#  604 dt  32.368000 rms  0.402  0.004% neg 0  invalid 762 tFOTS 2.7300 tGradient 1.3250 tsec 4.2430
#FOTS# QuadFit found better minimum quadopt=(dt=18.496,rms=0.402462) vs oldopt=(dt=23.12,rms=0.402462)
#GCMRL#  605 dt  18.496000 rms  0.402  0.000% neg 0  invalid 762 tFOTS 2.7010 tGradient 1.3520 tsec 4.2570
setting smoothness cost coefficient to 0.031

#GCAMreg# pass 0 level1 4 level2 0 tsec 0 sigma 2
l_jacobian=1.00 l_log_likelihood=0.20 l_smoothness=0.03 
tol=2.50e-01, dt=5.00e-02, exp_k=20.0, momentum=0.90, levels=6, niter=500, lbl_dist=10.00, avgs=64, sigma=2.0,type=2, relabel=0, neg=yes

blurring input image with Gaussian with sigma=2.000...
GCAMRegisterLevel(): init RMS 0.402622

#GCAMreg# pass 0 level1 4 level2 1 tsec 10.641 sigma 0.5
l_jacobian=1.00 l_log_likelihood=0.20 l_smoothness=0.03 
tol=2.50e-01, dt=5.00e-02, exp_k=20.0, momentum=0.90, levels=6, niter=500, lbl_dist=10.00, avgs=64, sigma=0.5,type=2, relabel=0, neg=yes

blurring input image with Gaussian with sigma=0.500...
GCAMRegisterLevel(): init RMS 0.402622
#FOTS# QuadFit found better minimum quadopt=(dt=36.288,rms=0.402526) vs oldopt=(dt=25.92,rms=0.402544)
#GCMRL#  608 dt  36.288000 rms  0.403  0.024% neg 0  invalid 762 tFOTS 2.6490 tGradient 0.9560 tsec 3.7940
#FOTS# QuadFit found better minimum quadopt=(dt=82.944,rms=0.402451) vs oldopt=(dt=103.68,rms=0.402454)
#GCMRL#  609 dt  82.944000 rms  0.402  0.000% neg 0  invalid 762 tFOTS 2.4760 tGradient 0.9760 tsec 3.6530
#GCMRL#  610 dt  82.944000 rms  0.402  0.016% neg 0  invalid 762 tFOTS 0.0000 tGradient 0.9510 tsec 1.1290
#GCMRL#  611 dt  82.944000 rms  0.402  0.013% neg 0  invalid 762 tFOTS 0.0000 tGradient 0.9720 tsec 1.1510
setting smoothness cost coefficient to 0.118

#GCAMreg# pass 0 level1 3 level2 0 tsec 0 sigma 2
l_jacobian=1.00 l_log_likelihood=0.20 l_smoothness=0.12 
tol=2.50e-01, dt=5.00e-02, exp_k=20.0, momentum=0.90, levels=6, niter=500, lbl_dist=10.00, avgs=16, sigma=2.0,type=2, relabel=0, neg=yes

blurring input image with Gaussian with sigma=2.000...
GCAMRegisterLevel(): init RMS 0.402943
#FOTS# QuadFit found better minimum quadopt=(dt=6.4,rms=0.402865) vs oldopt=(dt=8,rms=0.402877)
#GCMRL#  613 dt   6.400000 rms  0.403  0.019% neg 0  invalid 762 tFOTS 2.6580 tGradient 0.8010 tsec 3.6410
#FOTS# QuadFit found better minimum quadopt=(dt=0.7,rms=0.402863) vs oldopt=(dt=0.5,rms=0.402864)
#GCMRL#  614 dt   0.700000 rms  0.403  0.000% neg 0  invalid 762 tFOTS 2.7590 tGradient 0.7890 tsec 3.7520
iter 0, gcam->neg = 1
after 0 iterations, nbhd size=0, neg = 0
#GCMRL#  615 dt   0.700000 rms  0.403  0.000% neg 0  invalid 762 tFOTS 0.0000 tGradient 0.7990 tsec 1.4330

#GCAMreg# pass 0 level1 3 level2 1 tsec 16.868 sigma 0.5
l_jacobian=1.00 l_log_likelihood=0.20 l_smoothness=0.12 
tol=2.50e-01, dt=5.00e-02, exp_k=20.0, momentum=0.90, levels=6, niter=500, lbl_dist=10.00, avgs=16, sigma=0.5,type=2, relabel=0, neg=yes

blurring input image with Gaussian with sigma=0.500...
GCAMRegisterLevel(): init RMS 0.402862
#FOTS# QuadFit found better minimum quadopt=(dt=86.0444,rms=0.401003) vs oldopt=(dt=32,rms=0.401464)
iter 0, gcam->neg = 10
after 1 iterations, nbhd size=0, neg = 0
#GCMRL#  617 dt  86.044444 rms  0.401  0.453% neg 0  invalid 762 tFOTS 2.7580 tGradient 0.8130 tsec 4.4520
#FOTS# QuadFit found better minimum quadopt=(dt=11.2,rms=0.400141) vs oldopt=(dt=8,rms=0.400323)
#GCMRL#  618 dt  11.200000 rms  0.400  0.000% neg 0  invalid 762 tFOTS 2.7440 tGradient 0.8040 tsec 3.7600
iter 0, gcam->neg = 1
after 0 iterations, nbhd size=0, neg = 0
#GCMRL#  619 dt  11.200000 rms  0.400  0.059% neg 0  invalid 762 tFOTS 0.0000 tGradient 0.8100 tsec 1.4390
iter 0, gcam->neg = 1
after 0 iterations, nbhd size=0, neg = 0
#GCMRL#  620 dt  11.200000 rms  0.400  0.048% neg 0  invalid 762 tFOTS 0.0000 tGradient 0.8100 tsec 1.4800
iter 0, gcam->neg = 1
after 0 iterations, nbhd size=0, neg = 0
#GCMRL#  621 dt  11.200000 rms  0.400  0.033% neg 0  invalid 762 tFOTS 0.0000 tGradient 0.7860 tsec 1.4340
#FOTS# QuadFit found better minimum quadopt=(dt=38.4,rms=0.399175) vs oldopt=(dt=32,rms=0.399188)
iter 0, gcam->neg = 1
after 0 iterations, nbhd size=0, neg = 0
#GCMRL#  622 dt  38.400000 rms  0.399  0.102% neg 0  invalid 762 tFOTS 2.6540 tGradient 0.8030 tsec 4.1640
#FOTS# QuadFit found better minimum quadopt=(dt=25.6,rms=0.398947) vs oldopt=(dt=32,rms=0.398971)
setting smoothness cost coefficient to 0.400

#GCAMreg# pass 0 level1 2 level2 0 tsec 0 sigma 2
l_jacobian=1.00 l_log_likelihood=0.20 l_smoothness=0.40 
tol=2.50e-01, dt=5.00e-02, exp_k=20.0, momentum=0.90, levels=6, niter=500, lbl_dist=10.00, avgs=4, sigma=2.0,type=2, relabel=0, neg=yes

blurring input image with Gaussian with sigma=2.000...
GCAMRegisterLevel(): init RMS 0.40135
#FOTS# QuadFit found better minimum quadopt=(dt=5.66667,rms=0.401051) vs oldopt=(dt=2.88,rms=0.4011)
iter 0, gcam->neg = 7
after 1 iterations, nbhd size=0, neg = 0
#GCMRL#  624 dt   5.666667 rms  0.401  0.071% neg 0  invalid 762 tFOTS 2.7040 tGradient 0.7210 tsec 4.3110
#FOTS# QuadFit found better minimum quadopt=(dt=2.304,rms=0.40104) vs oldopt=(dt=2.88,rms=0.401041)
iter 0, gcam->neg = 4
after 0 iterations, nbhd size=0, neg = 0
#GCMRL#  625 dt   2.304000 rms  0.401  0.000% neg 0  invalid 762 tFOTS 2.7090 tGradient 0.7310 tsec 4.1560
iter 0, gcam->neg = 2
after 3 iterations, nbhd size=0, neg = 0

#GCAMreg# pass 0 level1 2 level2 1 tsec 17.772 sigma 0.5
l_jacobian=1.00 l_log_likelihood=0.20 l_smoothness=0.40 
tol=2.50e-01, dt=5.00e-02, exp_k=20.0, momentum=0.90, levels=6, niter=500, lbl_dist=10.00, avgs=4, sigma=0.5,type=2, relabel=0, neg=yes

blurring input image with Gaussian with sigma=0.500...
GCAMRegisterLevel(): init RMS 0.401038
#FOTS# QuadFit found better minimum quadopt=(dt=19.6571,rms=0.398668) vs oldopt=(dt=11.52,rms=0.399066)
iter 0, gcam->neg = 16
after 10 iterations, nbhd size=1, neg = 0
#GCMRL#  627 dt  19.657143 rms  0.399  0.579% neg 0  invalid 762 tFOTS 2.7790 tGradient 0.7250 tsec 5.9250
#FOTS# QuadFit found better minimum quadopt=(dt=11.3391,rms=0.397787) vs oldopt=(dt=11.52,rms=0.397787)
iter 0, gcam->neg = 4
after 9 iterations, nbhd size=1, neg = 0
#GCMRL#  628 dt  11.339130 rms  0.398  0.000% neg 0  invalid 762 tFOTS 2.7420 tGradient 0.7350 tsec 5.9890
iter 0, gcam->neg = 3
after 0 iterations, nbhd size=0, neg = 0
#GCMRL#  629 dt  11.339130 rms  0.397  0.128% neg 0  invalid 762 tFOTS 0.0000 tGradient 0.7240 tsec 1.3440
iter 0, gcam->neg = 6
after 3 iterations, nbhd size=0, neg = 0
#GCMRL#  630 dt  11.339130 rms  0.397  0.152% neg 0  invalid 762 tFOTS 0.0000 tGradient 0.7240 tsec 1.9760
iter 0, gcam->neg = 13
after 3 iterations, nbhd size=0, neg = 0
#GCMRL#  631 dt  11.339130 rms  0.396  0.178% neg 0  invalid 762 tFOTS 0.0000 tGradient 0.7190 tsec 1.9920
iter 0, gcam->neg = 24
after 15 iterations, nbhd size=1, neg = 0
#GCMRL#  632 dt  11.339130 rms  0.396  0.080% neg 0  invalid 762 tFOTS 0.0000 tGradient 0.7130 tsec 4.4760
iter 0, gcam->neg = 14
after 4 iterations, nbhd size=0, neg = 0
#GCMRL#  633 dt  11.339130 rms  0.395  0.118% neg 0  invalid 762 tFOTS 0.0000 tGradient 0.7260 tsec 2.1670
iter 0, gcam->neg = 16
after 13 iterations, nbhd size=1, neg = 0
#GCMRL#  634 dt  11.339130 rms  0.395  0.059% neg 0  invalid 762 tFOTS 0.0000 tGradient 0.7280 tsec 4.0620
#FOTS# QuadFit found better minimum quadopt=(dt=9.45455,rms=0.394808) vs oldopt=(dt=11.52,rms=0.394818)
iter 0, gcam->neg = 2
after 7 iterations, nbhd size=1, neg = 0
#GCMRL#  635 dt   9.454545 rms  0.395  0.000% neg 0  invalid 762 tFOTS 2.7500 tGradient 0.7210 tsec 5.5770
iter 0, gcam->neg = 2
after 1 iterations, nbhd size=0, neg = 0
#GCMRL#  636 dt   9.454545 rms  0.395  0.010% neg 0  invalid 762 tFOTS 0.0000 tGradient 0.7170 tsec 1.5230
iter 0, gcam->neg = 7
after 10 iterations, nbhd size=1, neg = 0
setting smoothness cost coefficient to 1.000

#GCAMreg# pass 0 level1 1 level2 0 tsec 0 sigma 2
l_jacobian=1.00 l_log_likelihood=0.20 l_smoothness=1.00 
tol=2.50e-01, dt=5.00e-02, exp_k=20.0, momentum=0.90, levels=6, niter=500, lbl_dist=10.00, avgs=1, sigma=2.0,type=2, relabel=0, neg=yes

blurring input image with Gaussian with sigma=2.000...
GCAMRegisterLevel(): init RMS 0.400418
#GCMRL#  638 dt   0.000050 rms  0.400  0.000% neg 0  invalid 762 tFOTS 3.4730 tGradient 0.6010 tsec 4.2720

#GCAMreg# pass 0 level1 1 level2 1 tsec 14.824 sigma 0.5
l_jacobian=1.00 l_log_likelihood=0.20 l_smoothness=1.00 
tol=2.50e-01, dt=5.00e-02, exp_k=20.0, momentum=0.90, levels=6, niter=500, lbl_dist=10.00, avgs=1, sigma=0.5,type=2, relabel=0, neg=yes

blurring input image with Gaussian with sigma=0.500...
GCAMRegisterLevel(): init RMS 0.400418
resetting metric properties...
setting smoothness cost coefficient to 2.000

#GCAMreg# pass 0 level1 0 level2 0 tsec 0 sigma 2
l_jacobian=1.00 l_log_likelihood=0.20 l_smoothness=2.00 
tol=2.50e-01, dt=5.00e-02, exp_k=20.0, momentum=0.90, levels=6, niter=500, lbl_dist=10.00, avgs=0, sigma=2.0,type=2, relabel=0, neg=yes

blurring input image with Gaussian with sigma=2.000...
GCAMRegisterLevel(): init RMS 0.391089
#FOTS# QuadFit found better minimum quadopt=(dt=1.10744,rms=0.381812) vs oldopt=(dt=1.28,rms=0.382021)
iter 0, gcam->neg = 654
after 14 iterations, nbhd size=1, neg = 0
#GCMRL#  641 dt   1.107441 rms  0.383  2.004% neg 0  invalid 762 tFOTS 2.7520 tGradient 0.2000 tsec 6.7060
#FOTS# QuadFit found better minimum quadopt=(dt=2.73438e-05,rms=0.383252) vs oldopt=(dt=1.95313e-05,rms=0.383252)
#GCMRL#  642 dt   0.000027 rms  0.383  0.000% neg 0  invalid 762 tFOTS 3.4990 tGradient 0.1890 tsec 3.9040

#GCAMreg# pass 0 level1 0 level2 1 tsec 18.149 sigma 0.5
l_jacobian=1.00 l_log_likelihood=0.20 l_smoothness=2.00 
tol=2.50e-01, dt=5.00e-02, exp_k=20.0, momentum=0.90, levels=6, niter=500, lbl_dist=10.00, avgs=0, sigma=0.5,type=2, relabel=0, neg=yes

blurring input image with Gaussian with sigma=0.500...
GCAMRegisterLevel(): init RMS 0.383252
#FOTS# QuadFit found better minimum quadopt=(dt=0.112,rms=0.383065) vs oldopt=(dt=0.08,rms=0.383074)
#GCMRL#  644 dt   0.112000 rms  0.383  0.049% neg 0  invalid 762 tFOTS 2.7460 tGradient 0.1920 tsec 3.1360
#FOTS# QuadFit found better minimum quadopt=(dt=0.096,rms=0.382983) vs oldopt=(dt=0.08,rms=0.382985)
#GCMRL#  645 dt   0.096000 rms  0.383  0.000% neg 0  invalid 762 tFOTS 2.7570 tGradient 0.1890 tsec 3.1540
#GCMRL#  646 dt   0.096000 rms  0.383  0.020% neg 0  invalid 762 tFOTS 0.0000 tGradient 0.1930 tsec 0.3780
GCAMregister done in 3.09312 min
writing output transformation to transforms/talairach.m3z...
GCAMwrite
Calls to gcamLogLikelihoodEnergy 4703 tmin = 1.16407
Calls to gcamLabelEnergy         4151 tmin = 0.766983
Calls to gcamJacobianEnergy      4703 tmin = 0.56105
Calls to gcamSmoothnessEnergy    4703 tmin = 3.29638
Calls to gcamLogLikelihoodTerm 648 tmin = 0.416017
Calls to gcamLabelTerm         603 tmin = 3.73447
Calls to gcamJacobianTerm      648 tmin = 0.61555
Calls to gcamSmoothnessTerm    648 tmin = 0.297283
Calls to gcamComputeGradient    648 tmin = 14.5826
Calls to gcamComputeMetricProperties    6614 tmin = 1.47285
mri_ca_register took 0 hours, 33 minutes and 37 seconds.
#VMPC# mri_ca_register VmPeak  3581428
FSRUNTIME@ mri_ca_register  0.5603 hours 16 threads
#--------------------------------------
#@# SubCort Seg Sun Mar  8 19:38:39 CET 2026

 mri_ca_label -relabel_unlikely 9 .3 -prior 0.5 -align norm.mgz transforms/talairach.m3z /opt/freesurfer/average/RB_all_2020-01-02.gca aseg.auto_noCCseg.mgz 

sysname  Linux
hostname dna078
machine  x86_64

setenv SUBJECTS_DIR /out/sourcedata/freesurfer
cd /out/sourcedata/freesurfer/sub-v1s14x0051574_ses-1/mri
mri_ca_label -relabel_unlikely 9 .3 -prior 0.5 -align norm.mgz transforms/talairach.m3z /opt/freesurfer/average/RB_all_2020-01-02.gca aseg.auto_noCCseg.mgz 

relabeling unlikely voxels with window_size = 9 and prior threshold 0.30
using Gibbs prior factor = 0.500
renormalizing sequences with structure alignment, equivalent to:
	-renormalize
	-renormalize_mean 0.500
	-regularize 0.500

== Number of threads available to for OpenMP = 16 == 
reading 1 input volumes
reading classifier array from /opt/freesurfer/average/RB_all_2020-01-02.gca
reading input volume from norm.mgz
average std[0] = 7.2
reading transform from transforms/talairach.m3z
setting orig areas to linear transform determinant scaled 6.24
Atlas used for the 3D morph was /opt/freesurfer/average/RB_all_2020-01-02.gca
average std = 7.2   using min determinant for regularization = 5.2
0 singular and 0 ill-conditioned covariance matrices regularized
labeling volume...
renormalizing by structure alignment....
renormalizing input #0
gca peak = 0.15521 (20)
mri peak = 0.06422 (10)
Left_Lateral_Ventricle (4): linear fit = 0.95 x + 0.0 (425 voxels, overlap=0.894)
Left_Lateral_Ventricle (4): linear fit = 0.95 x + 0.0 (425 voxels, peak = 19), gca=19.1
gca peak = 0.20380 (13)
mri peak = 0.10256 (24)
Right_Lateral_Ventricle (43): linear fit = 1.43 x + 0.0 (499 voxels, overlap=0.496)
Right_Lateral_Ventricle (43): linear fit = 1.43 x + 0.0 (499 voxels, peak = 19), gca=18.7
gca peak = 0.26283 (96)
mri peak = 0.15937 (101)
Right_Pallidum (52): linear fit = 1.04 x + 0.0 (817 voxels, overlap=1.010)
Right_Pallidum (52): linear fit = 1.04 x + 0.0 (817 voxels, peak = 100), gca=100.3
gca peak = 0.15814 (97)
mri peak = 0.15944 (97)
Left_Pallidum (13): linear fit = 1.02 x + 0.0 (710 voxels, overlap=0.856)
Left_Pallidum (13): linear fit = 1.02 x + 0.0 (710 voxels, peak = 99), gca=99.4
gca peak = 0.27624 (56)
mri peak = 0.09593 (66)
Right_Hippocampus (53): linear fit = 1.15 x + 0.0 (1178 voxels, overlap=0.218)
Right_Hippocampus (53): linear fit = 1.15 x + 0.0 (1178 voxels, peak = 65), gca=64.7
gca peak = 0.28723 (59)
mri peak = 0.13402 (66)
Left_Hippocampus (17): linear fit = 1.14 x + 0.0 (1171 voxels, overlap=0.015)
Left_Hippocampus (17): linear fit = 1.14 x + 0.0 (1171 voxels, peak = 68), gca=67.6
gca peak = 0.07623 (103)
mri peak = 0.15576 (105)
Right_Cerebral_White_Matter (41): linear fit = 1.01 x + 0.0 (47244 voxels, overlap=0.567)
Right_Cerebral_White_Matter (41): linear fit = 1.01 x + 0.0 (47244 voxels, peak = 105), gca=104.5
gca peak = 0.07837 (105)
mri peak = 0.16088 (107)
Left_Cerebral_White_Matter (2): linear fit = 1.00 x + 0.0 (50873 voxels, overlap=0.572)
Left_Cerebral_White_Matter (2): linear fit = 1.00 x + 0.0 (50873 voxels, peak = 106), gca=105.5
gca peak = 0.10165 (58)
mri peak = 0.04197 (63)
Left_Cerebral_Cortex (3): linear fit = 1.08 x + 0.0 (27145 voxels, overlap=0.865)
Left_Cerebral_Cortex (3): linear fit = 1.08 x + 0.0 (27145 voxels, peak = 62), gca=62.4
gca peak = 0.11113 (58)
mri peak = 0.03815 (63)
Right_Cerebral_Cortex (42): linear fit = 1.08 x + 0.0 (27800 voxels, overlap=0.947)
Right_Cerebral_Cortex (42): linear fit = 1.08 x + 0.0 (27800 voxels, peak = 62), gca=62.4
gca peak = 0.27796 (67)
mri peak = 0.12672 (78)
Right_Caudate (50): linear fit = 1.17 x + 0.0 (835 voxels, overlap=0.018)
Right_Caudate (50): linear fit = 1.17 x + 0.0 (835 voxels, peak = 79), gca=78.7
gca peak = 0.14473 (69)
mri peak = 0.15445 (78)
Left_Caudate (11): linear fit = 1.05 x + 0.0 (1023 voxels, overlap=0.567)
Left_Caudate (11): linear fit = 1.05 x + 0.0 (1023 voxels, peak = 73), gca=72.8
gca peak = 0.14301 (56)
mri peak = 0.05637 (69)
Left_Cerebellum_Cortex (8): linear fit = 1.25 x + 0.0 (23691 voxels, overlap=0.107)
Left_Cerebellum_Cortex (8): linear fit = 1.25 x + 0.0 (23691 voxels, peak = 70), gca=69.7
gca peak = 0.14610 (55)
mri peak = 0.05737 (70)
Right_Cerebellum_Cortex (47): linear fit = 1.25 x + 0.0 (23715 voxels, overlap=0.164)
Right_Cerebellum_Cortex (47): linear fit = 1.25 x + 0.0 (23715 voxels, peak = 68), gca=68.5
gca peak = 0.16309 (85)
mri peak = 0.16534 (93)
Left_Cerebellum_White_Matter (7): linear fit = 1.10 x + 0.0 (5905 voxels, overlap=0.121)
Left_Cerebellum_White_Matter (7): linear fit = 1.10 x + 0.0 (5905 voxels, peak = 93), gca=93.1
gca peak = 0.15172 (84)
mri peak = 0.15982 (94)
Right_Cerebellum_White_Matter (46): linear fit = 1.11 x + 0.0 (5304 voxels, overlap=0.003)
Right_Cerebellum_White_Matter (46): linear fit = 1.11 x + 0.0 (5304 voxels, peak = 93), gca=92.8
gca peak = 0.30461 (58)
mri peak = 0.11869 (70)
Left_Amygdala (18): linear fit = 1.22 x + 0.0 (560 voxels, overlap=0.049)
Left_Amygdala (18): linear fit = 1.22 x + 0.0 (560 voxels, peak = 70), gca=70.5
gca peak = 0.32293 (57)
mri peak = 0.09616 (73)
Right_Amygdala (54): linear fit = 1.24 x + 0.0 (617 voxels, overlap=0.050)
Right_Amygdala (54): linear fit = 1.24 x + 0.0 (617 voxels, peak = 70), gca=70.4
gca peak = 0.11083 (90)
mri peak = 0.08482 (93)
Left_Thalamus (10): linear fit = 1.04 x + 0.0 (5718 voxels, overlap=0.735)
Left_Thalamus (10): linear fit = 1.04 x + 0.0 (5718 voxels, peak = 94), gca=94.0
gca peak = 0.11393 (83)
mri peak = 0.09298 (91)
Right_Thalamus (49): linear fit = 1.09 x + 0.0 (5174 voxels, overlap=0.757)
Right_Thalamus (49): linear fit = 1.09 x + 0.0 (5174 voxels, peak = 90), gca=90.1
gca peak = 0.08575 (81)
mri peak = 0.09031 (87)
Left_Putamen (12): linear fit = 1.12 x + 0.0 (1899 voxels, overlap=0.357)
Left_Putamen (12): linear fit = 1.12 x + 0.0 (1899 voxels, peak = 91), gca=91.1
gca peak = 0.08618 (78)
mri peak = 0.10908 (88)
Right_Putamen (51): linear fit = 1.12 x + 0.0 (2243 voxels, overlap=0.248)
Right_Putamen (51): linear fit = 1.12 x + 0.0 (2243 voxels, peak = 88), gca=87.8
gca peak = 0.08005 (78)
mri peak = 0.10885 (84)
Brain_Stem (16): linear fit = 1.07 x + 0.0 (14058 voxels, overlap=0.491)
Brain_Stem (16): linear fit = 1.07 x + 0.0 (14058 voxels, peak = 83), gca=83.1
gca peak = 0.12854 (88)
mri peak = 0.10309 (93)
Right_VentralDC (60): linear fit = 1.09 x + 0.0 (1399 voxels, overlap=0.341)
Right_VentralDC (60): linear fit = 1.09 x + 0.0 (1399 voxels, peak = 95), gca=95.5
gca peak = 0.15703 (87)
mri peak = 0.09134 (97)
Left_VentralDC (28): linear fit = 1.08 x + 0.0 (1508 voxels, overlap=0.603)
Left_VentralDC (28): linear fit = 1.08 x + 0.0 (1508 voxels, peak = 94), gca=93.5
gca peak = 0.17522 (25)
mri peak = 0.07575 (20)
gca peak = 0.17113 (14)
mri peak = 0.13625 (17)
Fourth_Ventricle (15): linear fit = 1.02 x + 0.0 (174 voxels, overlap=0.648)
Fourth_Ventricle (15): linear fit = 1.02 x + 0.0 (174 voxels, peak = 14), gca=14.3
gca peak Unknown = 0.94777 ( 0)
gca peak Left_Inf_Lat_Vent = 0.16627 (28)
gca peak Third_Ventricle = 0.17522 (25)
gca peak CSF = 0.20346 (36)
gca peak Left_Accumbens_area = 0.70646 (62)
gca peak Left_undetermined = 1.00000 (28)
gca peak Left_vessel = 0.89917 (53)
gca peak Left_choroid_plexus = 0.11689 (35)
gca peak Right_Inf_Lat_Vent = 0.25504 (23)
gca peak Right_Accumbens_area = 0.31650 (65)
gca peak Right_vessel = 0.77268 (52)
gca peak Right_choroid_plexus = 0.13275 (38)
gca peak Fifth_Ventricle = 0.60973 (33)
gca peak WM_hypointensities = 0.11013 (77)
gca peak non_WM_hypointensities = 0.11354 (41)
gca peak Optic_Chiasm = 0.51646 (76)
not using caudate to estimate GM means
estimating mean gm scale to be 1.15 x + 0.0
estimating mean wm scale to be 1.01 x + 0.0
estimating mean csf scale to be 1.14 x + 0.0
saving intensity scales to aseg.auto_noCCseg.label_intensities.txt
renormalizing by structure alignment....
renormalizing input #0
gca peak = 0.14969 (18)
mri peak = 0.06422 (10)
Left_Lateral_Ventricle (4): linear fit = 1.02 x + 0.0 (425 voxels, overlap=0.924)
Left_Lateral_Ventricle (4): linear fit = 1.02 x + 0.0 (425 voxels, peak = 18), gca=18.4
gca peak = 0.15165 (18)
mri peak = 0.10256 (24)
Right_Lateral_Ventricle (43): linear fit = 1.08 x + 0.0 (499 voxels, overlap=0.617)
Right_Lateral_Ventricle (43): linear fit = 1.08 x + 0.0 (499 voxels, peak = 19), gca=19.4
gca peak = 0.21285 (100)
mri peak = 0.15937 (101)
Right_Pallidum (52): linear fit = 1.00 x + 0.0 (817 voxels, overlap=1.004)
Right_Pallidum (52): linear fit = 1.00 x + 0.0 (817 voxels, peak = 100), gca=100.0
gca peak = 0.15363 (99)
mri peak = 0.15944 (97)
Left_Pallidum (13): linear fit = 1.00 x + 0.0 (710 voxels, overlap=0.993)
Left_Pallidum (13): linear fit = 1.00 x + 0.0 (710 voxels, peak = 99), gca=99.0
gca peak = 0.24393 (64)
mri peak = 0.09593 (66)
Right_Hippocampus (53): linear fit = 1.00 x + 0.0 (1178 voxels, overlap=1.002)
Right_Hippocampus (53): linear fit = 1.00 x + 0.0 (1178 voxels, peak = 64), gca=64.0
gca peak = 0.23383 (65)
mri peak = 0.13402 (66)
Left_Hippocampus (17): linear fit = 1.00 x + 0.0 (1171 voxels, overlap=1.003)
Left_Hippocampus (17): linear fit = 1.00 x + 0.0 (1171 voxels, peak = 65), gca=65.0
gca peak = 0.07890 (105)
mri peak = 0.15576 (105)
Right_Cerebral_White_Matter (41): linear fit = 1.00 x + 0.0 (47244 voxels, overlap=0.605)
Right_Cerebral_White_Matter (41): linear fit = 1.00 x + 0.0 (47244 voxels, peak = 105), gca=105.0
gca peak = 0.07990 (105)
mri peak = 0.16088 (107)
Left_Cerebral_White_Matter (2): linear fit = 1.00 x + 0.0 (50873 voxels, overlap=0.596)
Left_Cerebral_White_Matter (2): linear fit = 1.00 x + 0.0 (50873 voxels, peak = 106), gca=105.5
gca peak = 0.09085 (62)
mri peak = 0.04197 (63)
Left_Cerebral_Cortex (3): linear fit = 0.99 x + 0.0 (27145 voxels, overlap=0.972)
Left_Cerebral_Cortex (3): linear fit = 0.99 x + 0.0 (27145 voxels, peak = 61), gca=61.1
gca peak = 0.10656 (63)
mri peak = 0.03815 (63)
Right_Cerebral_Cortex (42): linear fit = 1.02 x + 0.0 (27800 voxels, overlap=0.978)
Right_Cerebral_Cortex (42): linear fit = 1.02 x + 0.0 (27800 voxels, peak = 65), gca=64.6
gca peak = 0.22350 (78)
mri peak = 0.12672 (78)
Right_Caudate (50): linear fit = 1.00 x + 0.0 (835 voxels, overlap=1.000)
Right_Caudate (50): linear fit = 1.00 x + 0.0 (835 voxels, peak = 78), gca=78.0
gca peak = 0.14711 (82)
mri peak = 0.15445 (78)
Left_Caudate (11): linear fit = 1.00 x + 0.0 (1023 voxels, overlap=0.861)
Left_Caudate (11): linear fit = 1.00 x + 0.0 (1023 voxels, peak = 82), gca=82.0
gca peak = 0.11432 (69)
mri peak = 0.05637 (69)
Left_Cerebellum_Cortex (8): linear fit = 0.99 x + 0.0 (23691 voxels, overlap=0.968)
Left_Cerebellum_Cortex (8): linear fit = 0.99 x + 0.0 (23691 voxels, peak = 68), gca=68.0
gca peak = 0.12684 (69)
mri peak = 0.05737 (70)
Right_Cerebellum_Cortex (47): linear fit = 1.00 x + 0.0 (23715 voxels, overlap=0.991)
Right_Cerebellum_Cortex (47): linear fit = 1.00 x + 0.0 (23715 voxels, peak = 69), gca=69.0
gca peak = 0.14900 (93)
mri peak = 0.16534 (93)
Left_Cerebellum_White_Matter (7): linear fit = 1.00 x + 0.0 (5905 voxels, overlap=0.892)
Left_Cerebellum_White_Matter (7): linear fit = 1.00 x + 0.0 (5905 voxels, peak = 93), gca=92.5
gca peak = 0.14420 (93)
mri peak = 0.15982 (94)
Right_Cerebellum_White_Matter (46): linear fit = 1.00 x + 0.0 (5304 voxels, overlap=0.845)
Right_Cerebellum_White_Matter (46): linear fit = 1.00 x + 0.0 (5304 voxels, peak = 93), gca=92.5
gca peak = 0.22729 (69)
mri peak = 0.11869 (70)
Left_Amygdala (18): linear fit = 1.03 x + 0.0 (560 voxels, overlap=1.008)
Left_Amygdala (18): linear fit = 1.03 x + 0.0 (560 voxels, peak = 71), gca=71.4
gca peak = 0.26088 (71)
mri peak = 0.09616 (73)
Right_Amygdala (54): linear fit = 1.03 x + 0.0 (617 voxels, overlap=1.005)
Right_Amygdala (54): linear fit = 1.03 x + 0.0 (617 voxels, peak = 73), gca=73.5
gca peak = 0.10802 (94)
mri peak = 0.08482 (93)
Left_Thalamus (10): linear fit = 1.00 x + 0.0 (5718 voxels, overlap=0.897)
Left_Thalamus (10): linear fit = 1.00 x + 0.0 (5718 voxels, peak = 94), gca=93.5
gca peak = 0.10482 (90)
mri peak = 0.09298 (91)
Right_Thalamus (49): linear fit = 1.00 x + 0.0 (5174 voxels, overlap=0.952)
Right_Thalamus (49): linear fit = 1.00 x + 0.0 (5174 voxels, peak = 90), gca=89.6
gca peak = 0.08343 (86)
mri peak = 0.09031 (87)
Left_Putamen (12): linear fit = 1.01 x + 0.0 (1899 voxels, overlap=0.870)
Left_Putamen (12): linear fit = 1.01 x + 0.0 (1899 voxels, peak = 87), gca=87.3
gca peak = 0.09539 (87)
mri peak = 0.10908 (88)
Right_Putamen (51): linear fit = 1.00 x + 0.0 (2243 voxels, overlap=0.769)
Right_Putamen (51): linear fit = 1.00 x + 0.0 (2243 voxels, peak = 87), gca=87.0
gca peak = 0.07385 (86)
mri peak = 0.10885 (84)
Brain_Stem (16): linear fit = 1.00 x + 0.0 (14058 voxels, overlap=0.738)
Brain_Stem (16): linear fit = 1.00 x + 0.0 (14058 voxels, peak = 86), gca=85.6
gca peak = 0.11740 (97)
mri peak = 0.10309 (93)
Right_VentralDC (60): linear fit = 0.99 x + 0.0 (1399 voxels, overlap=0.787)
Right_VentralDC (60): linear fit = 0.99 x + 0.0 (1399 voxels, peak = 96), gca=95.5
gca peak = 0.14874 (93)
mri peak = 0.09134 (97)
Left_VentralDC (28): linear fit = 1.00 x + 0.0 (1508 voxels, overlap=0.885)
Left_VentralDC (28): linear fit = 1.00 x + 0.0 (1508 voxels, peak = 93), gca=92.5
gca peak = 0.17350 (29)
mri peak = 0.07575 (20)
gca peak = 0.19645 (15)
mri peak = 0.13625 (17)
Fourth_Ventricle (15): linear fit = 0.92 x + 0.0 (174 voxels, overlap=0.629)
Fourth_Ventricle (15): linear fit = 0.92 x + 0.0 (174 voxels, peak = 14), gca=13.7
gca peak Unknown = 0.94777 ( 0)
gca peak Left_Inf_Lat_Vent = 0.17659 (32)
gca peak Third_Ventricle = 0.17350 (29)
gca peak CSF = 0.17898 (41)
gca peak Left_Accumbens_area = 0.53034 (65)
gca peak Left_undetermined = 1.00000 (28)
gca peak Left_vessel = 0.89837 (53)
gca peak Left_choroid_plexus = 0.11538 (35)
gca peak Right_Inf_Lat_Vent = 0.24870 (27)
gca peak Right_Accumbens_area = 0.31713 (76)
gca peak Right_vessel = 0.77268 (52)
gca peak Right_choroid_plexus = 0.14030 (38)
gca peak Fifth_Ventricle = 0.60735 (37)
gca peak WM_hypointensities = 0.10961 (77)
gca peak non_WM_hypointensities = 0.14618 (41)
gca peak Optic_Chiasm = 0.51654 (76)
not using caudate to estimate GM means
estimating mean gm scale to be 1.01 x + 0.0
estimating mean wm scale to be 1.00 x + 0.0
estimating mean csf scale to be 1.00 x + 0.0
saving intensity scales to aseg.auto_noCCseg.label_intensities.txt
saving sequentially combined intensity scales to aseg.auto_noCCseg.label_intensities.txt
53993 voxels changed in iteration 0 of unlikely voxel relabeling
245 voxels changed in iteration 1 of unlikely voxel relabeling
5 voxels changed in iteration 2 of unlikely voxel relabeling
0 voxels changed in iteration 3 of unlikely voxel relabeling
40886 gm and wm labels changed (%21 to gray, %79 to white out of all changed labels)
228 hippocampal voxels changed.
0 amygdala voxels changed.
Reclassifying using Gibbs Priors
pass 1: 60277 changed. image ll: -2.081, PF=0.500
pass 2: 15799 changed. image ll: -2.081, PF=0.500
pass 3: 4629 changed.
40595 voxels changed in iteration 0 of unlikely voxel relabeling
292 voxels changed in iteration 1 of unlikely voxel relabeling
0 voxels changed in iteration 2 of unlikely voxel relabeling
6978 voxels changed in iteration 0 of unlikely voxel relabeling
103 voxels changed in iteration 1 of unlikely voxel relabeling
4 voxels changed in iteration 2 of unlikely voxel relabeling
0 voxels changed in iteration 3 of unlikely voxel relabeling
5123 voxels changed in iteration 0 of unlikely voxel relabeling
39 voxels changed in iteration 1 of unlikely voxel relabeling
1 voxels changed in iteration 2 of unlikely voxel relabeling
0 voxels changed in iteration 3 of unlikely voxel relabeling
4423 voxels changed in iteration 0 of unlikely voxel relabeling
26 voxels changed in iteration 1 of unlikely voxel relabeling
0 voxels changed in iteration 2 of unlikely voxel relabeling
 !!!!!!!!! ventricle segment 0 with volume 4256 above threshold 100 - not erasing !!!!!!!!!!
 !!!!!!!!! ventricle segment 1 with volume 270 above threshold 100 - not erasing !!!!!!!!!!
 !!!!!!!!! ventricle segment 2 with volume 4176 above threshold 100 - not erasing !!!!!!!!!!
 !!!!!!!!! ventricle segment 2 with volume 211 above threshold 100 - not erasing !!!!!!!!!!
writing labeled volume to aseg.auto_noCCseg.mgz
mri_ca_label utimesec    1284.182213
mri_ca_label stimesec    2.618435
mri_ca_label ru_maxrss   2132620
mri_ca_label ru_ixrss    0
mri_ca_label ru_idrss    0
mri_ca_label ru_isrss    0
mri_ca_label ru_minflt   3367644
mri_ca_label ru_majflt   8
mri_ca_label ru_nswap    0
mri_ca_label ru_inblock  1142
mri_ca_label ru_oublock  664
mri_ca_label ru_msgsnd   0
mri_ca_label ru_msgrcv   0
mri_ca_label ru_nsignals 0
mri_ca_label ru_nvcsw    1496
mri_ca_label ru_nivcsw   702
auto-labeling took 20 minutes and 43 seconds.
#--------------------------------------
#@# CC Seg Sun Mar  8 19:59:22 CET 2026

 mri_cc -aseg aseg.auto_noCCseg.mgz -o aseg.auto.mgz -lta /out/sourcedata/freesurfer/sub-v1s14x0051574_ses-1/mri/transforms/cc_up.lta sub-v1s14x0051574_ses-1 

will read input aseg from aseg.auto_noCCseg.mgz
writing aseg with cc labels to aseg.auto.mgz
will write lta as /out/sourcedata/freesurfer/sub-v1s14x0051574_ses-1/mri/transforms/cc_up.lta
reading aseg from /out/sourcedata/freesurfer/sub-v1s14x0051574_ses-1/mri/aseg.auto_noCCseg.mgz
reading norm from /out/sourcedata/freesurfer/sub-v1s14x0051574_ses-1/mri/norm.mgz
20185 voxels in left wm, 38183 in right wm, xrange [126, 133]
searching rotation angles z=[-7  7], y=[-7  7]
searching scale 1 Z rot -6.8  searching scale 1 Z rot -6.6  searching scale 1 Z rot -6.3  searching scale 1 Z rot -6.1  searching scale 1 Z rot -5.8  searching scale 1 Z rot -5.6  searching scale 1 Z rot -5.3  searching scale 1 Z rot -5.1  searching scale 1 Z rot -4.8  searching scale 1 Z rot -4.6  searching scale 1 Z rot -4.3  searching scale 1 Z rot -4.1  searching scale 1 Z rot -3.8  searching scale 1 Z rot -3.6  searching scale 1 Z rot -3.3  searching scale 1 Z rot -3.1  searching scale 1 Z rot -2.8  searching scale 1 Z rot -2.6  searching scale 1 Z rot -2.3  searching scale 1 Z rot -2.1  searching scale 1 Z rot -1.8  searching scale 1 Z rot -1.6  searching scale 1 Z rot -1.3  searching scale 1 Z rot -1.1  searching scale 1 Z rot -0.8  searching scale 1 Z rot -0.6  searching scale 1 Z rot -0.3  searching scale 1 Z rot -0.1  searching scale 1 Z rot 0.2  searching scale 1 Z rot 0.4  searching scale 1 Z rot 0.7  searching scale 1 Z rot 0.9  searching scale 1 Z rot 1.2  searching scale 1 Z rot 1.4  searching scale 1 Z rot 1.7  searching scale 1 Z rot 1.9  searching scale 1 Z rot 2.2  searching scale 1 Z rot 2.4  searching scale 1 Z rot 2.7  searching scale 1 Z rot 2.9  searching scale 1 Z rot 3.2  searching scale 1 Z rot 3.4  searching scale 1 Z rot 3.7  searching scale 1 Z rot 3.9  searching scale 1 Z rot 4.2  searching scale 1 Z rot 4.4  searching scale 1 Z rot 4.7  searching scale 1 Z rot 4.9  searching scale 1 Z rot 5.2  searching scale 1 Z rot 5.4  searching scale 1 Z rot 5.7  searching scale 1 Z rot 5.9  searching scale 1 Z rot 6.2  searching scale 1 Z rot 6.4  global minimum found at slice 130.0, rotations (-0.36, -0.34)
final transformation (x=130.0, yr=-0.363, zr=-0.345):
 0.99996   0.00601  -0.00634  -2.04581;
-0.00601   0.99998   0.00004   12.77993;
 0.00634   0.00000   0.99998   25.17774;
 0.00000   0.00000   0.00000   1.00000;
updating x range to be [126, 130] in xformed coordinates
best xformed slice 128
min_x_fornix = 139
min_x_fornix = 142
WARNING: min_x_fornix not set
min_x_fornix = 139
min_x_fornix = 133
cc center is found at 128 116 102
eigenvectors:
-0.00119  -0.00466   0.99999;
-0.02812  -0.99959  -0.00469;
 0.99960  -0.02813   0.00106;
writing aseg with callosum to /out/sourcedata/freesurfer/sub-v1s14x0051574_ses-1/mri/aseg.auto.mgz...
corpus callosum segmentation took 0.3 minutes
#VMPC# mri_cc VmPeak  553748
mri_cc done
#--------------------------------------
#@# Merge ASeg Sun Mar  8 19:59:39 CET 2026

 cp aseg.auto.mgz aseg.presurf.mgz 

#--------------------------------------------
#@# Intensity Normalization2 Sun Mar  8 19:59:39 CET 2026
/out/sourcedata/freesurfer/sub-v1s14x0051574_ses-1/mri

 mri_normalize -seed 1234 -mprage -aseg aseg.presurf.mgz -mask brainmask.mgz norm.mgz brain.mgz 

setting seed for random number genererator to 1234
assuming input volume is MGH (Van der Kouwe) MP-RAGE
using segmentation for initial intensity normalization
using MR volume brainmask.mgz to mask input volume...
reading mri_src from norm.mgz...
Reading aseg aseg.presurf.mgz
normalizing image...
NOT doing gentle normalization with control points/label
processing with aseg
removing outliers in the aseg WM...
287 control points removed
Building bias image
building Voronoi diagram...
performing soap bubble smoothing, sigma = 0...
Smoothing with sigma 8
Applying bias correction
building Voronoi diagram...
performing soap bubble smoothing, sigma = 8...

Iterating 2 times
---------------------------------
3d normalization pass 1 of 2
white matter peak found at 110
white matter peak found at 110
gm peak at 73 (73), valley at 33 (33)
csf peak at 37, setting threshold to 61
building Voronoi diagram...
performing soap bubble smoothing, sigma = 8...
---------------------------------
3d normalization pass 2 of 2
white matter peak found at 110
white matter peak found at 110
gm peak at 73 (73), valley at  0 (-1)
csf peak at 36, setting threshold to 60
building Voronoi diagram...
performing soap bubble smoothing, sigma = 8...
Done iterating ---------------------------------
writing output to brain.mgz
3D bias adjustment took 1 minutes and 25 seconds.
#--------------------------------------------
#@# Mask BFS Sun Mar  8 20:01:05 CET 2026
/out/sourcedata/freesurfer/sub-v1s14x0051574_ses-1/mri

 mri_mask -T 5 brain.mgz brainmask.mgz brain.finalsurfs.mgz 

threshold mask volume at 5
DoAbs = 0
Found 1443490 voxels in mask (pct=  8.60)
Writing masked volume to brain.finalsurfs.mgz...done.
#--------------------------------------------
#@# WM Segmentation Sun Mar  8 20:01:06 CET 2026

 AntsDenoiseImageFs -i brain.mgz -o antsdn.brain.mgz 


 mri_segment -wsizemm 13 -mprage antsdn.brain.mgz wm.seg.mgz 

wsizemm = 13, voxres = 1, wsize = 13
Widening wm low from 89 to 79
assuming input volume is MGH (Van der Kouwe) MP-RAGE
wm mean:  110
wsize:    13
wm low:   79
wm hi:    125
gray low: 30
gray hi:  99
Doing initial trinary intensity segmentation 
Using local statistics to label ambiguous voxels
Autodetecting stats
Computing class statistics for intensity windows...
CCS WM (102.0): 102.4 +- 6.1 [79.0 --> 125.0]
CCS GM (73.0) : 71.6 +- 10.3 [30.0 --> 95.0]
 white_mean 102.4
 white_sigma 6.0854
 gray_mean 71.5502
 gray_sigma 10.3449
setting bottom of white matter range wm_low to 81.9
setting top of gray matter range gray_hi to 92.2
 wm_low 81.8952
 wm_hi  125
 gray_low 30
 gray_hi  92.2401
Redoing initial intensity segmentation...
Recomputing local statistics to label ambiguous voxels...
 wm_low 81.8952
 wm_hi  125
 gray_low 30
 gray_hi  92.2401
using local geometry to label remaining ambiguous voxels...
polvwsize = 5, polvlen = 3, gray_hi = 92.2401, wm_low = 81.8952
MRIcpolvMedianCurveSegment(): wsize=5, len=3, gmhi=92.2401, wmlow=81.8952
    157364 voxels processed (0.94%)
     73327 voxels white (0.44%)
     84037 voxels non-white (0.50%)

Reclassifying voxels using Gaussian border classifier niter=1
MRIreclassify(): wm_low=76.8952, gray_hi=92.2401, wsize=13
    268325 voxels tested (1.60%)
     56231 voxels changed (0.34%)
     57996 multi-scale searches  (0.35%)
Recovering bright white
MRIrecoverBrightWhite()
 wm_low 81.8952
 wm_hi 125
 slack 6.0854
 pct_thresh 0.33
 intensity_thresh 131.085
 nvox_thresh 8.58
      254 voxels tested (0.00%)
      209 voxels changed (0.00%)

removing voxels with positive offset direction...
MRIremoveWrongDirection() wsize=3, lowthr=76.8952, hithr=92.2401
  smoothing input volume with sigma = 0.250
   109328 voxels tested (0.65%)
    20278 voxels changed (0.12%)
thicken = 1
removing 1-dimensional structures...
MRIremove1dStructures(): max_iter=10000, thresh=2, WM_MIN_VAL=5
 2800 sparsely connected voxels removed in 1 iterations
thickening thin strands....
thickness 4
nsegments 20
wm_hi 125
1965 diagonally connected voxels added...
MRIthickenThinWMStrands(): thickness=4, nsegments=20
  20 segments, 3414 filled
MRIfindBrightNonWM(): 475 bright non-wm voxels segmented.
MRIfilterMorphology() WM_MIN_VAL=5, DIAGONAL_FILL=230
white matter segmentation took 0.8 minutes
writing output to wm.seg.mgz...

 mri_edit_wm_with_aseg -keep-in wm.seg.mgz brain.mgz aseg.presurf.mgz wm.asegedit.mgz 

preserving editing changes in input volume...
auto filling took 0.33 minutes
reading wm segmentation from wm.seg.mgz...
0 voxels added to wm to prevent paths from MTL structures to cortex
2129 additional wm voxels added
0 additional wm voxels added
SEG EDIT: 27125 voxels turned on, 56825 voxels turned off.
propagating editing to output volume from wm.seg.mgz
writing edited volume to wm.asegedit.mgz....

 mri_pretess wm.asegedit.mgz wm norm.mgz wm.mgz 


Iteration Number : 1
pass   1 (xy+):  24 found -  24 modified     |    TOTAL:  24
pass   2 (xy+):   0 found -  24 modified     |    TOTAL:  24
pass   1 (xy-):   8 found -   8 modified     |    TOTAL:  32
pass   2 (xy-):   0 found -   8 modified     |    TOTAL:  32
pass   1 (yz+):  24 found -  24 modified     |    TOTAL:  56
pass   2 (yz+):   0 found -  24 modified     |    TOTAL:  56
pass   1 (yz-):  13 found -  13 modified     |    TOTAL:  69
pass   2 (yz-):   0 found -  13 modified     |    TOTAL:  69
pass   1 (xz+):  20 found -  20 modified     |    TOTAL:  89
pass   2 (xz+):   0 found -  20 modified     |    TOTAL:  89
pass   1 (xz-):  21 found -  21 modified     |    TOTAL: 110
pass   2 (xz-):   0 found -  21 modified     |    TOTAL: 110
Iteration Number : 1
pass   1 (+++):  26 found -  26 modified     |    TOTAL:  26
pass   2 (+++):   0 found -  26 modified     |    TOTAL:  26
pass   1 (+++):  16 found -  16 modified     |    TOTAL:  42
pass   2 (+++):   0 found -  16 modified     |    TOTAL:  42
pass   1 (+++):  16 found -  16 modified     |    TOTAL:  58
pass   2 (+++):   0 found -  16 modified     |    TOTAL:  58
pass   1 (+++):  11 found -  11 modified     |    TOTAL:  69
pass   2 (+++):   0 found -  11 modified     |    TOTAL:  69
Iteration Number : 1
pass   1 (++):  30 found -  30 modified     |    TOTAL:  30
pass   2 (++):   0 found -  30 modified     |    TOTAL:  30
pass   1 (+-):  23 found -  23 modified     |    TOTAL:  53
pass   2 (+-):   0 found -  23 modified     |    TOTAL:  53
pass   1 (--):  40 found -  40 modified     |    TOTAL:  93
pass   2 (--):   1 found -  41 modified     |    TOTAL:  94
pass   3 (--):   0 found -  41 modified     |    TOTAL:  94
pass   1 (-+):  29 found -  29 modified     |    TOTAL: 123
pass   2 (-+):   0 found -  29 modified     |    TOTAL: 123
Iteration Number : 2
pass   1 (xy+):   4 found -   4 modified     |    TOTAL:   4
pass   2 (xy+):   0 found -   4 modified     |    TOTAL:   4
pass   1 (xy-):   1 found -   1 modified     |    TOTAL:   5
pass   2 (xy-):   0 found -   1 modified     |    TOTAL:   5
pass   1 (yz+):   1 found -   1 modified     |    TOTAL:   6
pass   2 (yz+):   0 found -   1 modified     |    TOTAL:   6
pass   1 (yz-):   2 found -   2 modified     |    TOTAL:   8
pass   2 (yz-):   0 found -   2 modified     |    TOTAL:   8
pass   1 (xz+):   4 found -   4 modified     |    TOTAL:  12
pass   2 (xz+):   0 found -   4 modified     |    TOTAL:  12
pass   1 (xz-):   1 found -   1 modified     |    TOTAL:  13
pass   2 (xz-):   0 found -   1 modified     |    TOTAL:  13
Iteration Number : 2
pass   1 (+++):   0 found -   0 modified     |    TOTAL:   0
pass   1 (+++):   0 found -   0 modified     |    TOTAL:   0
pass   1 (+++):   0 found -   0 modified     |    TOTAL:   0
pass   1 (+++):   0 found -   0 modified     |    TOTAL:   0
Iteration Number : 2
pass   1 (++):   1 found -   1 modified     |    TOTAL:   1
pass   2 (++):   0 found -   1 modified     |    TOTAL:   1
pass   1 (+-):   1 found -   1 modified     |    TOTAL:   2
pass   2 (+-):   0 found -   1 modified     |    TOTAL:   2
pass   1 (--):   2 found -   2 modified     |    TOTAL:   4
pass   2 (--):   0 found -   2 modified     |    TOTAL:   4
pass   1 (-+):   0 found -   0 modified     |    TOTAL:   4
Iteration Number : 3
pass   1 (xy+):   0 found -   0 modified     |    TOTAL:   0
pass   1 (xy-):   1 found -   1 modified     |    TOTAL:   1
pass   2 (xy-):   0 found -   1 modified     |    TOTAL:   1
pass   1 (yz+):   0 found -   0 modified     |    TOTAL:   1
pass   1 (yz-):   1 found -   1 modified     |    TOTAL:   2
pass   2 (yz-):   0 found -   1 modified     |    TOTAL:   2
pass   1 (xz+):   0 found -   0 modified     |    TOTAL:   2
pass   1 (xz-):   0 found -   0 modified     |    TOTAL:   2
Iteration Number : 3
pass   1 (+++):   0 found -   0 modified     |    TOTAL:   0
pass   1 (+++):   0 found -   0 modified     |    TOTAL:   0
pass   1 (+++):   0 found -   0 modified     |    TOTAL:   0
pass   1 (+++):   0 found -   0 modified     |    TOTAL:   0
Iteration Number : 3
pass   1 (++):   1 found -   1 modified     |    TOTAL:   1
pass   2 (++):   0 found -   1 modified     |    TOTAL:   1
pass   1 (+-):   0 found -   0 modified     |    TOTAL:   1
pass   1 (--):   1 found -   1 modified     |    TOTAL:   2
pass   2 (--):   0 found -   1 modified     |    TOTAL:   2
pass   1 (-+):   0 found -   0 modified     |    TOTAL:   2
Iteration Number : 4
pass   1 (xy+):   0 found -   0 modified     |    TOTAL:   0
pass   1 (xy-):   0 found -   0 modified     |    TOTAL:   0
pass   1 (yz+):   0 found -   0 modified     |    TOTAL:   0
pass   1 (yz-):   0 found -   0 modified     |    TOTAL:   0
pass   1 (xz+):   0 found -   0 modified     |    TOTAL:   0
pass   1 (xz-):   0 found -   0 modified     |    TOTAL:   0
Iteration Number : 4
pass   1 (+++):   0 found -   0 modified     |    TOTAL:   0
pass   1 (+++):   0 found -   0 modified     |    TOTAL:   0
pass   1 (+++):   0 found -   0 modified     |    TOTAL:   0
pass   1 (+++):   0 found -   0 modified     |    TOTAL:   0
Iteration Number : 4
pass   1 (++):   0 found -   0 modified     |    TOTAL:   0
pass   1 (+-):   0 found -   0 modified     |    TOTAL:   0
pass   1 (--):   0 found -   0 modified     |    TOTAL:   0
pass   1 (-+):   0 found -   0 modified     |    TOTAL:   0

Total Number of Modified Voxels = 323 (out of 604755: 0.053410)
binarizing input wm segmentation...
Ambiguous edge configurations... 

mri_pretess done

#--------------------------------------------
#@# Fill Sun Mar  8 20:02:42 CET 2026
/out/sourcedata/freesurfer/sub-v1s14x0051574_ses-1/mri

 mri_fill -a ../scripts/ponscc.cut.log -xform transforms/talairach.lta -segmentation aseg.presurf.mgz -ctab /opt/freesurfer/SubCorticalMassLUT.txt wm.mgz filled.mgz 

logging cutting plane coordinates to ../scripts/ponscc.cut.log...
INFO: Using transforms/talairach.lta and its offset for Talairach volume ...
using segmentation aseg.presurf.mgz...
reading input volume...done.
searching for cutting planes...voxel to talairach voxel transform
 1.01310  -0.04580  -0.01813   1.73653;
 0.04125   1.16781   0.23671  -61.28558;
 0.00829  -0.27535   1.02563   33.31403;
 0.00000   0.00000   0.00000   1.00000;
voxel to talairach voxel transform
 1.01310  -0.04580  -0.01813   1.73653;
 0.04125   1.16781   0.23671  -61.28558;
 0.00829  -0.27535   1.02563   33.31403;
 0.00000   0.00000   0.00000   1.00000;
reading segmented volume aseg.presurf.mgz
removing CC from segmentation
Looking for area (min, max) = (350, 1400)
area[0] = 1564 (min = 350, max = 1400), aspect = 0.49 (min = 0.10, max = 0.75)
need search nearby
using seed (125, 121, 148), TAL = (3.0, 20.0, 7.0)
talairach voxel to voxel transform
 0.98535   0.04054   0.00806   0.50500;
-0.03148   0.81081  -0.18769   55.99848;
-0.01642   0.21735   0.92456  -17.45198;
 0.00000   0.00000   0.00000   1.00000;
segmentation indicates cc at (125,  121,  148) --> (3.0, 20.0, 7.0)
done.
filling took 0.6 minutes
talairach cc position changed to (3.00, 20.00, 7.00)
Erasing brainstem...done.
seed_search_size = 9, min_neighbors = 5
search rh wm seed point around talairach space:(21.00, 20.00, 7.00) SRC: (112.04, 122.96, 143.93)
search lh wm seed point around talairach space (-15.00, 20.00, 7.00), SRC: (147.51, 121.83, 143.33)
compute mri_fill using aseg
Erasing Brain Stem and Cerebellum ...
Define left and right masks using aseg:
Building Voronoi diagram ...
Using the Voronoi diagram for separating WM into two hemispheres ...
Find the largest connected component for each hemisphere ...
Embedding colortable
mri_fill done, writing output to filled.mgz...
 cp filled.mgz filled.auto.mgz

Started at Sun Mar 8 19:04:09 CET 2026 
Ended   at Sun Mar 8 20:03:18 CET 2026
#@#%# recon-all-run-time-hours 0.986
recon-all -s sub-v1s14x0051574_ses-1 finished without error at Sun Mar  8 20:03:18 CET 2026



#New# invocation of recon-all 




Sun Mar  8 20:40:29 CET 2026
cd /out/sourcedata/freesurfer/sub-v1s14x0051574_ses-1
setenv SUBJECTS_DIR /out/sourcedata/freesurfer
/opt/freesurfer/bin/recon-all -parallel -subjid sub-v1s14x0051574_ses-1 -sd /out/sourcedata/freesurfer -cortribbon

subjid sub-v1s14x0051574_ses-1
setenv SUBJECTS_DIR /out/sourcedata/freesurfer
FREESURFER_HOME /opt/freesurfer
Actual FREESURFER_HOME /opt/freesurfer
build-stamp.txt: freesurfer-linux-ubuntu22_x86_64-7.3.2-20220804-6354275
Linux dna078 5.14.0-427.37.1.el9_4.x86_64 #1 SMP PREEMPT_DYNAMIC Fri Sep 13 12:41:50 EDT 2024 x86_64 x86_64 x86_64 GNU/Linux
cputime      unlimited
filesize     unlimited
datasize     unlimited
stacksize    8192 kbytes
coredumpsize 0 kbytes
memoryuse    67108864 kbytes
vmemoryuse   unlimited
descriptors  1024 
memorylocked unlimited
maxproc      2061970 
maxlocks     unlimited
maxsignal    2062029 
maxmessage   819200 
maxnice      0 
maxrtprio    0 
maxrttime    unlimited

               total        used        free      shared  buff/cache   available
Mem:           503Gi        52Gi       412Gi       6.4Gi        38Gi       441Gi
Swap:             0B          0B          0B

########################################
program versions used
7.3.2 (freesurfer-linux-ubuntu22_x86_64-7.3.2-20220804-6354275)
7.3.2

ProgramName: lta_convert  ProgramArguments: lta_convert -all-info  ProgramVersion: 7.3.2  TimeStamp: 2026/03/08-19:40:29-GMT  BuildTime: Aug  4 2022 06:17:15  BuildStamp: freesurfer-linux-ubuntu22_x86_64-7.3.2-20220804-6354275  User: oesteban  Machine: dna078  Platform: Linux  PlatformVersion: 5.14.0-427.37.1.el9_4.x86_64  CompilerName: GCC  CompilerVersion: 8.4.0
ProgramName: mri_and  ProgramArguments: mri_and -all-info  ProgramVersion: 7.3.2  TimeStamp: 2026/03/08-19:40:29-GMT  BuildTime: Aug  4 2022 06:17:15  BuildStamp: freesurfer-linux-ubuntu22_x86_64-7.3.2-20220804-6354275  User: oesteban  Machine: dna078  Platform: Linux  PlatformVersion: 5.14.0-427.37.1.el9_4.x86_64  CompilerName: GCC  CompilerVersion: 8.4.0
ProgramName: mri_annotation2label  ProgramArguments: mri_annotation2label -all-info  ProgramVersion: 7.3.2  TimeStamp: 2026/03/08-19:40:29-GMT  BuildTime: Aug  4 2022 06:17:15  BuildStamp: freesurfer-linux-ubuntu22_x86_64-7.3.2-20220804-6354275  User: oesteban  Machine: dna078  Platform: Linux  PlatformVersion: 5.14.0-427.37.1.el9_4.x86_64  CompilerName: GCC  CompilerVersion: 8.4.0
ProgramName: mri_aparc2aseg  ProgramArguments: mri_aparc2aseg -all-info  ProgramVersion: 7.3.2  TimeStamp: 2026/03/08-19:40:29-GMT  BuildTime: Aug  4 2022 06:17:15  BuildStamp: freesurfer-linux-ubuntu22_x86_64-7.3.2-20220804-6354275  User: oesteban  Machine: dna078  Platform: Linux  PlatformVersion: 5.14.0-427.37.1.el9_4.x86_64  CompilerName: GCC  CompilerVersion: 8.4.0
ProgramName: mri_surf2volseg  ProgramArguments: mri_surf2volseg -all-info  ProgramVersion: 7.3.2  TimeStamp: 2026/03/08-19:40:29-GMT  BuildTime: Aug  4 2022 06:17:15  BuildStamp: freesurfer-linux-ubuntu22_x86_64-7.3.2-20220804-6354275  User: oesteban  Machine: dna078  Platform: Linux  PlatformVersion: 5.14.0-427.37.1.el9_4.x86_64  CompilerName: GCC  CompilerVersion: 8.4.0
ProgramName: mri_binarize  ProgramArguments: mri_binarize -all-info  ProgramVersion: 7.3.2  TimeStamp: 2026/03/08-19:40:29-GMT  BuildTime: Aug  4 2022 06:17:15  BuildStamp: freesurfer-linux-ubuntu22_x86_64-7.3.2-20220804-6354275  User: oesteban  Machine: dna078  Platform: Linux  PlatformVersion: 5.14.0-427.37.1.el9_4.x86_64  CompilerName: GCC  CompilerVersion: 8.4.0
ProgramName: mri_ca_label  ProgramArguments: mri_ca_label -all-info  ProgramVersion: 7.3.2  TimeStamp: 2026/03/08-19:40:29-GMT  BuildTime: Aug  4 2022 06:17:15  BuildStamp: freesurfer-linux-ubuntu22_x86_64-7.3.2-20220804-6354275  User: oesteban  Machine: dna078  Platform: Linux  PlatformVersion: 5.14.0-427.37.1.el9_4.x86_64  CompilerName: GCC  CompilerVersion: 8.4.0
ProgramName: mri_ca_normalize  ProgramArguments: mri_ca_normalize -all-info  ProgramVersion: 7.3.2  TimeStamp: 2026/03/08-19:40:29-GMT  BuildTime: Aug  4 2022 06:17:15  BuildStamp: freesurfer-linux-ubuntu22_x86_64-7.3.2-20220804-6354275  User: oesteban  Machine: dna078  Platform: Linux  PlatformVersion: 5.14.0-427.37.1.el9_4.x86_64  CompilerName: GCC  CompilerVersion: 8.4.0
ProgramName: mri_ca_register  ProgramArguments: mri_ca_register -all-info  ProgramVersion: 7.3.2  TimeStamp: 2026/03/08-19:40:29-GMT  BuildTime: Aug  4 2022 06:17:15  BuildStamp: freesurfer-linux-ubuntu22_x86_64-7.3.2-20220804-6354275  User: oesteban  Machine: dna078  Platform: Linux  PlatformVersion: 5.14.0-427.37.1.el9_4.x86_64  CompilerName: GCC  CompilerVersion: 8.4.0
ProgramName: mri_cc  ProgramArguments: mri_cc -all-info  ProgramVersion: 7.3.2  TimeStamp: 2026/03/08-19:40:29-GMT  BuildTime: Aug  4 2022 06:17:15  BuildStamp: freesurfer-linux-ubuntu22_x86_64-7.3.2-20220804-6354275  User: oesteban  Machine: dna078  Platform: Linux  PlatformVersion: 5.14.0-427.37.1.el9_4.x86_64  CompilerName: GCC  CompilerVersion: 8.4.0
ProgramName: mri_compute_overlap  ProgramArguments: mri_compute_overlap -all-info  ProgramVersion: 7.3.2  TimeStamp: 2026/03/08-19:40:29-GMT  BuildTime: Aug  4 2022 06:17:15  BuildStamp: freesurfer-linux-ubuntu22_x86_64-7.3.2-20220804-6354275  User: oesteban  Machine: dna078  Platform: Linux  PlatformVersion: 5.14.0-427.37.1.el9_4.x86_64  CompilerName: GCC  CompilerVersion: 8.4.0
ProgramName: mri_compute_seg_overlap  ProgramArguments: mri_compute_seg_overlap -all-info  ProgramVersion: 7.3.2  TimeStamp: 2026/03/08-19:40:29-GMT  BuildTime: Aug  4 2022 06:17:15  BuildStamp: freesurfer-linux-ubuntu22_x86_64-7.3.2-20220804-6354275  User: oesteban  Machine: dna078  Platform: Linux  PlatformVersion: 5.14.0-427.37.1.el9_4.x86_64  CompilerName: GCC  CompilerVersion: 8.4.0
ProgramName: mri_concat  ProgramArguments: mri_concat -all-info  ProgramVersion: 7.3.2  TimeStamp: 2026/03/08-19:40:29-GMT  BuildTime: Aug  4 2022 06:17:15  BuildStamp: freesurfer-linux-ubuntu22_x86_64-7.3.2-20220804-6354275  User: oesteban  Machine: dna078  Platform: Linux  PlatformVersion: 5.14.0-427.37.1.el9_4.x86_64  CompilerName: GCC  CompilerVersion: 8.4.0
ProgramName: mri_concatenate_lta  ProgramArguments: mri_concatenate_lta -all-info  ProgramVersion: 7.3.2  TimeStamp: 2026/03/08-19:40:29-GMT  BuildTime: Aug  4 2022 06:17:15  BuildStamp: freesurfer-linux-ubuntu22_x86_64-7.3.2-20220804-6354275  User: oesteban  Machine: dna078  Platform: Linux  PlatformVersion: 5.14.0-427.37.1.el9_4.x86_64  CompilerName: GCC  CompilerVersion: 8.4.0
mri_convert -all-info 
ProgramName: mri_convert  ProgramArguments: mri_convert -all-info  ProgramVersion: 7.3.2  TimeStamp: 2026/03/08-19:40:29-GMT  BuildTime: Aug  4 2022 06:17:15  BuildStamp: freesurfer-linux-ubuntu22_x86_64-7.3.2-20220804-6354275  User: oesteban  Machine: dna078  Platform: Linux  PlatformVersion: 5.14.0-427.37.1.el9_4.x86_64  CompilerName: GCC  CompilerVersion: 8.4.0
ProgramName: mri_diff  ProgramArguments: mri_diff -all-info  ProgramVersion: 7.3.2  TimeStamp: 2026/03/08-19:40:29-GMT  BuildTime: Aug  4 2022 06:17:15  BuildStamp: freesurfer-linux-ubuntu22_x86_64-7.3.2-20220804-6354275  User: oesteban  Machine: dna078  Platform: Linux  PlatformVersion: 5.14.0-427.37.1.el9_4.x86_64  CompilerName: GCC  CompilerVersion: 8.4.0
ProgramName: mri_edit_wm_with_aseg  ProgramArguments: mri_edit_wm_with_aseg -all-info  ProgramVersion: 7.3.2  TimeStamp: 2026/03/08-19:40:29-GMT  BuildTime: Aug  4 2022 06:17:15  BuildStamp: freesurfer-linux-ubuntu22_x86_64-7.3.2-20220804-6354275  User: oesteban  Machine: dna078  Platform: Linux  PlatformVersion: 5.14.0-427.37.1.el9_4.x86_64  CompilerName: GCC  CompilerVersion: 8.4.0
ProgramName: mri_em_register  ProgramArguments: mri_em_register -all-info  ProgramVersion: 7.3.2  TimeStamp: 2026/03/08-19:40:29-GMT  BuildTime: Aug  4 2022 06:17:15  BuildStamp: freesurfer-linux-ubuntu22_x86_64-7.3.2-20220804-6354275  User: oesteban  Machine: dna078  Platform: Linux  PlatformVersion: 5.14.0-427.37.1.el9_4.x86_64  CompilerName: GCC  CompilerVersion: 8.4.0
ProgramName: mri_fill  ProgramArguments: mri_fill -all-info  ProgramVersion: 7.3.2  TimeStamp: 2026/03/08-19:40:29-GMT  BuildTime: Aug  4 2022 06:17:15  BuildStamp: freesurfer-linux-ubuntu22_x86_64-7.3.2-20220804-6354275  User: oesteban  Machine: dna078  Platform: Linux  PlatformVersion: 5.14.0-427.37.1.el9_4.x86_64  CompilerName: GCC  CompilerVersion: 8.4.0
ProgramName: mri_fuse_segmentations  ProgramArguments: mri_fuse_segmentations -all-info  ProgramVersion: 7.3.2  TimeStamp: 2026/03/08-19:40:29-GMT  BuildTime: Aug  4 2022 06:17:15  BuildStamp: freesurfer-linux-ubuntu22_x86_64-7.3.2-20220804-6354275  User: oesteban  Machine: dna078  Platform: Linux  PlatformVersion: 5.14.0-427.37.1.el9_4.x86_64  CompilerName: GCC  CompilerVersion: 8.4.0
ProgramName: mri_fwhm  ProgramArguments: mri_fwhm -all-info  ProgramVersion: 7.3.2  TimeStamp: 2026/03/08-19:40:29-GMT  BuildTime: Aug  4 2022 06:17:15  BuildStamp: freesurfer-linux-ubuntu22_x86_64-7.3.2-20220804-6354275  User: oesteban  Machine: dna078  Platform: Linux  PlatformVersion: 5.14.0-427.37.1.el9_4.x86_64  CompilerName: GCC  CompilerVersion: 8.4.0
ProgramName: mri_gcut  ProgramArguments: mri_gcut -all-info  ProgramVersion: 7.3.2  TimeStamp: 2026/03/08-19:40:29-GMT  BuildTime: Aug  4 2022 06:17:15  BuildStamp: freesurfer-linux-ubuntu22_x86_64-7.3.2-20220804-6354275  User: oesteban  Machine: dna078  Platform: Linux  PlatformVersion: 5.14.0-427.37.1.el9_4.x86_64  CompilerName: GCC  CompilerVersion: 8.4.0
ProgramName: mri_info  ProgramArguments: mri_info -all-info  ProgramVersion: 7.3.2  TimeStamp: 2026/03/08-19:40:29-GMT  BuildTime: Aug  4 2022 06:17:15  BuildStamp: freesurfer-linux-ubuntu22_x86_64-7.3.2-20220804-6354275  User: oesteban  Machine: dna078  Platform: Linux  PlatformVersion: 5.14.0-427.37.1.el9_4.x86_64  CompilerName: GCC  CompilerVersion: 8.4.0
ProgramName: mri_label2label  ProgramArguments: mri_label2label -all-info  ProgramVersion: 7.3.2  TimeStamp: 2026/03/08-19:40:29-GMT  BuildTime: Aug  4 2022 06:17:15  BuildStamp: freesurfer-linux-ubuntu22_x86_64-7.3.2-20220804-6354275  User: oesteban  Machine: dna078  Platform: Linux  PlatformVersion: 5.14.0-427.37.1.el9_4.x86_64  CompilerName: GCC  CompilerVersion: 8.4.0
ProgramName: mri_label2vol  ProgramArguments: mri_label2vol -all-info  ProgramVersion: 7.3.2  TimeStamp: 2026/03/08-19:40:29-GMT  BuildTime: Aug  4 2022 06:17:15  BuildStamp: freesurfer-linux-ubuntu22_x86_64-7.3.2-20220804-6354275  User: oesteban  Machine: dna078  Platform: Linux  PlatformVersion: 5.14.0-427.37.1.el9_4.x86_64  CompilerName: GCC  CompilerVersion: 8.4.0
ProgramName: mri_log_likelihood  ProgramArguments: mri_log_likelihood -all-info  ProgramVersion: 7.3.2  TimeStamp: 2026/03/08-19:40:29-GMT  BuildTime: Aug  4 2022 06:17:15  BuildStamp: freesurfer-linux-ubuntu22_x86_64-7.3.2-20220804-6354275  User: oesteban  Machine: dna078  Platform: Linux  PlatformVersion: 5.14.0-427.37.1.el9_4.x86_64  CompilerName: GCC  CompilerVersion: 8.4.0
ProgramName: mri_mask  ProgramArguments: mri_mask -all-info  ProgramVersion: 7.3.2  TimeStamp: 2026/03/08-19:40:29-GMT  BuildTime: Aug  4 2022 06:17:15  BuildStamp: freesurfer-linux-ubuntu22_x86_64-7.3.2-20220804-6354275  User: oesteban  Machine: dna078  Platform: Linux  PlatformVersion: 5.14.0-427.37.1.el9_4.x86_64  CompilerName: GCC  CompilerVersion: 8.4.0
ProgramName: mri_matrix_multiply  ProgramArguments: mri_matrix_multiply -all-info  ProgramVersion: 7.3.2  TimeStamp: 2026/03/08-19:40:29-GMT  BuildTime: Aug  4 2022 06:17:15  BuildStamp: freesurfer-linux-ubuntu22_x86_64-7.3.2-20220804-6354275  User: oesteban  Machine: dna078  Platform: Linux  PlatformVersion: 5.14.0-427.37.1.el9_4.x86_64  CompilerName: GCC  CompilerVersion: 8.4.0
ProgramName: mri_normalize  ProgramArguments: mri_normalize -all-info  ProgramVersion: 7.3.2  TimeStamp: 2026/03/08-19:40:29-GMT  BuildTime: Aug  4 2022 06:17:15  BuildStamp: freesurfer-linux-ubuntu22_x86_64-7.3.2-20220804-6354275  User: oesteban  Machine: dna078  Platform: Linux  PlatformVersion: 5.14.0-427.37.1.el9_4.x86_64  CompilerName: GCC  CompilerVersion: 8.4.0
ProgramName: mri_normalize_tp2  ProgramArguments: mri_normalize_tp2 -all-info  ProgramVersion: 7.3.2  TimeStamp: 2026/03/08-19:40:29-GMT  BuildTime: Aug  4 2022 06:17:15  BuildStamp: freesurfer-linux-ubuntu22_x86_64-7.3.2-20220804-6354275  User: oesteban  Machine: dna078  Platform: Linux  PlatformVersion: 5.14.0-427.37.1.el9_4.x86_64  CompilerName: GCC  CompilerVersion: 8.4.0
ProgramName: mri_or  ProgramArguments: mri_or -all-info  ProgramVersion: 7.3.2  TimeStamp: 2026/03/08-19:40:29-GMT  BuildTime: Aug  4 2022 06:17:15  BuildStamp: freesurfer-linux-ubuntu22_x86_64-7.3.2-20220804-6354275  User: oesteban  Machine: dna078  Platform: Linux  PlatformVersion: 5.14.0-427.37.1.el9_4.x86_64  CompilerName: GCC  CompilerVersion: 8.4.0
ProgramName: mri_relabel_hypointensities  ProgramArguments: mri_relabel_hypointensities -all-info  ProgramVersion: 7.3.2  TimeStamp: 2026/03/08-19:40:29-GMT  BuildTime: Aug  4 2022 06:17:15  BuildStamp: freesurfer-linux-ubuntu22_x86_64-7.3.2-20220804-6354275  User: oesteban  Machine: dna078  Platform: Linux  PlatformVersion: 5.14.0-427.37.1.el9_4.x86_64  CompilerName: GCC  CompilerVersion: 8.4.0
ProgramName: mri_relabel_nonwm_hypos  ProgramArguments: mri_relabel_nonwm_hypos -all-info  ProgramVersion: 7.3.2  TimeStamp: 2026/03/08-19:40:29-GMT  BuildTime: Aug  4 2022 06:17:15  BuildStamp: freesurfer-linux-ubuntu22_x86_64-7.3.2-20220804-6354275  User: oesteban  Machine: dna078  Platform: Linux  PlatformVersion: 5.14.0-427.37.1.el9_4.x86_64  CompilerName: GCC  CompilerVersion: 8.4.0
ProgramName: mri_remove_neck  ProgramArguments: mri_remove_neck -all-info  ProgramVersion: 7.3.2  TimeStamp: 2026/03/08-19:40:29-GMT  BuildTime: Aug  4 2022 06:17:15  BuildStamp: freesurfer-linux-ubuntu22_x86_64-7.3.2-20220804-6354275  User: oesteban  Machine: dna078  Platform: Linux  PlatformVersion: 5.14.0-427.37.1.el9_4.x86_64  CompilerName: GCC  CompilerVersion: 8.4.0
7.3.2

ProgramName: mri_robust_register  ProgramArguments: mri_robust_register -all-info  ProgramVersion: 7.3.2  TimeStamp: 2026/03/08-19:40:29-GMT  BuildTime: Aug  4 2022 06:17:15  BuildStamp: freesurfer-linux-ubuntu22_x86_64-7.3.2-20220804-6354275  User: oesteban  Machine: dna078  Platform: Linux  PlatformVersion: 5.14.0-427.37.1.el9_4.x86_64  CompilerName: GCC  CompilerVersion: 8.4.0
7.3.2

ProgramName: mri_robust_template  ProgramArguments: mri_robust_template -all-info  ProgramVersion: 7.3.2  TimeStamp: 2026/03/08-19:40:29-GMT  BuildTime: Aug  4 2022 06:17:15  BuildStamp: freesurfer-linux-ubuntu22_x86_64-7.3.2-20220804-6354275  User: oesteban  Machine: dna078  Platform: Linux  PlatformVersion: 5.14.0-427.37.1.el9_4.x86_64  CompilerName: GCC  CompilerVersion: 8.4.0
ProgramName: mris_anatomical_stats  ProgramArguments: mris_anatomical_stats -all-info  ProgramVersion: 7.3.2  TimeStamp: 2026/03/08-19:40:29-GMT  BuildTime: Aug  4 2022 06:17:15  BuildStamp: freesurfer-linux-ubuntu22_x86_64-7.3.2-20220804-6354275  User: oesteban  Machine: dna078  Platform: Linux  PlatformVersion: 5.14.0-427.37.1.el9_4.x86_64  CompilerName: GCC  CompilerVersion: 8.4.0
ProgramName: mris_ca_label  ProgramArguments: mris_ca_label -all-info  ProgramVersion: 7.3.2  TimeStamp: 2026/03/08-19:40:29-GMT  BuildTime: Aug  4 2022 06:17:15  BuildStamp: freesurfer-linux-ubuntu22_x86_64-7.3.2-20220804-6354275  User: oesteban  Machine: dna078  Platform: Linux  PlatformVersion: 5.14.0-427.37.1.el9_4.x86_64  CompilerName: GCC  CompilerVersion: 8.4.0
ProgramName: mris_calc  ProgramArguments: mris_calc -all-info  ProgramVersion: 7.3.2  TimeStamp: 2026/03/08-19:40:29-GMT  BuildTime: Aug  4 2022 06:17:15  BuildStamp: freesurfer-linux-ubuntu22_x86_64-7.3.2-20220804-6354275  User: oesteban  Machine: dna078  Platform: Linux  PlatformVersion: 5.14.0-427.37.1.el9_4.x86_64  CompilerName: GCC  CompilerVersion: 8.4.0
ProgramName: mris_convert  ProgramArguments: mris_convert -all-info  ProgramVersion: 7.3.2  TimeStamp: 2026/03/08-19:40:29-GMT  BuildTime: Aug  4 2022 06:17:15  BuildStamp: freesurfer-linux-ubuntu22_x86_64-7.3.2-20220804-6354275  User: oesteban  Machine: dna078  Platform: Linux  PlatformVersion: 5.14.0-427.37.1.el9_4.x86_64  CompilerName: GCC  CompilerVersion: 8.4.0
ProgramName: mris_curvature  ProgramArguments: mris_curvature -all-info  ProgramVersion: 7.3.2  TimeStamp: 2026/03/08-19:40:29-GMT  BuildTime: Aug  4 2022 06:17:15  BuildStamp: freesurfer-linux-ubuntu22_x86_64-7.3.2-20220804-6354275  User: oesteban  Machine: dna078  Platform: Linux  PlatformVersion: 5.14.0-427.37.1.el9_4.x86_64  CompilerName: GCC  CompilerVersion: 8.4.0
ProgramName: mris_curvature_stats  ProgramArguments: mris_curvature_stats -all-info  ProgramVersion: 7.3.2  TimeStamp: 2026/03/08-19:40:29-GMT  BuildTime: Aug  4 2022 06:17:15  BuildStamp: freesurfer-linux-ubuntu22_x86_64-7.3.2-20220804-6354275  User: oesteban  Machine: dna078  Platform: Linux  PlatformVersion: 5.14.0-427.37.1.el9_4.x86_64  CompilerName: GCC  CompilerVersion: 8.4.0
ProgramName: mris_diff  ProgramArguments: mris_diff -all-info  ProgramVersion: 7.3.2  TimeStamp: 2026/03/08-19:40:29-GMT  BuildTime: Aug  4 2022 06:17:15  BuildStamp: freesurfer-linux-ubuntu22_x86_64-7.3.2-20220804-6354275  User: oesteban  Machine: dna078  Platform: Linux  PlatformVersion: 5.14.0-427.37.1.el9_4.x86_64  CompilerName: GCC  CompilerVersion: 8.4.0
ProgramName: mris_divide_parcellation  ProgramArguments: mris_divide_parcellation -all-info  ProgramVersion: 7.3.2  TimeStamp: 2026/03/08-19:40:29-GMT  BuildTime: Aug  4 2022 06:17:15  BuildStamp: freesurfer-linux-ubuntu22_x86_64-7.3.2-20220804-6354275  User: oesteban  Machine: dna078  Platform: Linux  PlatformVersion: 5.14.0-427.37.1.el9_4.x86_64  CompilerName: GCC  CompilerVersion: 8.4.0
ProgramName: mri_segment  ProgramArguments: mri_segment -all-info  ProgramVersion: 7.3.2  TimeStamp: 2026/03/08-19:40:29-GMT  BuildTime: Aug  4 2022 06:17:15  BuildStamp: freesurfer-linux-ubuntu22_x86_64-7.3.2-20220804-6354275  User: oesteban  Machine: dna078  Platform: Linux  PlatformVersion: 5.14.0-427.37.1.el9_4.x86_64  CompilerName: GCC  CompilerVersion: 8.4.0
ProgramName: mri_segstats  ProgramArguments: mri_segstats -all-info  ProgramVersion: 7.3.2  TimeStamp: 2026/03/08-19:40:29-GMT  BuildTime: Aug  4 2022 06:17:15  BuildStamp: freesurfer-linux-ubuntu22_x86_64-7.3.2-20220804-6354275  User: oesteban  Machine: dna078  Platform: Linux  PlatformVersion: 5.14.0-427.37.1.el9_4.x86_64  CompilerName: GCC  CompilerVersion: 8.4.0
ProgramName: mris_euler_number  ProgramArguments: mris_euler_number -all-info  ProgramVersion: 7.3.2  TimeStamp: 2026/03/08-19:40:29-GMT  BuildTime: Aug  4 2022 06:17:15  BuildStamp: freesurfer-linux-ubuntu22_x86_64-7.3.2-20220804-6354275  User: oesteban  Machine: dna078  Platform: Linux  PlatformVersion: 5.14.0-427.37.1.el9_4.x86_64  CompilerName: GCC  CompilerVersion: 8.4.0
ProgramName: mris_fix_topology  ProgramArguments: mris_fix_topology -all-info  ProgramVersion: 7.3.2  TimeStamp: 2026/03/08-19:40:29-GMT  BuildTime: Aug  4 2022 06:17:15  BuildStamp: freesurfer-linux-ubuntu22_x86_64-7.3.2-20220804-6354275  User: oesteban  Machine: dna078  Platform: Linux  PlatformVersion: 5.14.0-427.37.1.el9_4.x86_64  CompilerName: GCC  CompilerVersion: 8.4.0
ProgramName: mris_topo_fixer  ProgramArguments: mris_topo_fixer -all-info  ProgramVersion: 7.3.2  TimeStamp: 2026/03/08-19:40:29-GMT  BuildTime: Aug  4 2022 06:17:15  BuildStamp: freesurfer-linux-ubuntu22_x86_64-7.3.2-20220804-6354275  User: oesteban  Machine: dna078  Platform: Linux  PlatformVersion: 5.14.0-427.37.1.el9_4.x86_64  CompilerName: GCC  CompilerVersion: 8.4.0
ProgramName: mris_jacobian  ProgramArguments: mris_jacobian -all-info  ProgramVersion: 7.3.2  TimeStamp: 2026/03/08-19:40:29-GMT  BuildTime: Aug  4 2022 06:17:15  BuildStamp: freesurfer-linux-ubuntu22_x86_64-7.3.2-20220804-6354275  User: oesteban  Machine: dna078  Platform: Linux  PlatformVersion: 5.14.0-427.37.1.el9_4.x86_64  CompilerName: GCC  CompilerVersion: 8.4.0
ProgramName: mris_label2annot  ProgramArguments: mris_label2annot -all-info  ProgramVersion: 7.3.2  TimeStamp: 2026/03/08-19:40:29-GMT  BuildTime: Aug  4 2022 06:17:15  BuildStamp: freesurfer-linux-ubuntu22_x86_64-7.3.2-20220804-6354275  User: oesteban  Machine: dna078  Platform: Linux  PlatformVersion: 5.14.0-427.37.1.el9_4.x86_64  CompilerName: GCC  CompilerVersion: 8.4.0
ProgramName: mris_left_right_register  ProgramArguments: mris_left_right_register -all-info  ProgramVersion: 7.3.2  TimeStamp: 2026/03/08-19:40:29-GMT  BuildTime: Aug  4 2022 06:17:15  BuildStamp: freesurfer-linux-ubuntu22_x86_64-7.3.2-20220804-6354275  User: oesteban  Machine: dna078  Platform: Linux  PlatformVersion: 5.14.0-427.37.1.el9_4.x86_64  CompilerName: GCC  CompilerVersion: 8.4.0
ProgramName: mris_place_surface  ProgramArguments: mris_place_surface -all-info  ProgramVersion: 7.3.2  TimeStamp: 2026/03/08-19:40:29-GMT  BuildTime: Aug  4 2022 06:17:15  BuildStamp: freesurfer-linux-ubuntu22_x86_64-7.3.2-20220804-6354275  User: oesteban  Machine: dna078  Platform: Linux  PlatformVersion: 5.14.0-427.37.1.el9_4.x86_64  CompilerName: GCC  CompilerVersion: 8.4.0
ProgramName: mrisp_paint  ProgramArguments: mrisp_paint -all-info  ProgramVersion: 7.3.2  TimeStamp: 2026/03/08-19:40:29-GMT  BuildTime: Aug  4 2022 06:17:15  BuildStamp: freesurfer-linux-ubuntu22_x86_64-7.3.2-20220804-6354275  User: oesteban  Machine: dna078  Platform: Linux  PlatformVersion: 5.14.0-427.37.1.el9_4.x86_64  CompilerName: GCC  CompilerVersion: 8.4.0
ProgramName: mris_register  ProgramArguments: mris_register -all-info  ProgramVersion: 7.3.2  TimeStamp: 2026/03/08-19:40:29-GMT  BuildTime: Aug  4 2022 06:17:15  BuildStamp: freesurfer-linux-ubuntu22_x86_64-7.3.2-20220804-6354275  User: oesteban  Machine: dna078  Platform: Linux  PlatformVersion: 5.14.0-427.37.1.el9_4.x86_64  CompilerName: GCC  CompilerVersion: 8.4.0
ProgramName: mris_smooth  ProgramArguments: mris_smooth -all-info  ProgramVersion: 7.3.2  TimeStamp: 2026/03/08-19:40:29-GMT  BuildTime: Aug  4 2022 06:17:15  BuildStamp: freesurfer-linux-ubuntu22_x86_64-7.3.2-20220804-6354275  User: oesteban  Machine: dna078  Platform: Linux  PlatformVersion: 5.14.0-427.37.1.el9_4.x86_64  CompilerName: GCC  CompilerVersion: 8.4.0
ProgramName: mris_sphere  ProgramArguments: mris_sphere -all-info  ProgramVersion: 7.3.2  TimeStamp: 2026/03/08-19:40:29-GMT  BuildTime: Aug  4 2022 06:17:15  BuildStamp: freesurfer-linux-ubuntu22_x86_64-7.3.2-20220804-6354275  User: oesteban  Machine: dna078  Platform: Linux  PlatformVersion: 5.14.0-427.37.1.el9_4.x86_64  CompilerName: GCC  CompilerVersion: 8.4.0
ProgramName: mris_surface_stats  ProgramArguments: mris_surface_stats -all-info  ProgramVersion: 7.3.2  TimeStamp: 2026/03/08-19:40:29-GMT  BuildTime: Aug  4 2022 06:17:15  BuildStamp: freesurfer-linux-ubuntu22_x86_64-7.3.2-20220804-6354275  User: oesteban  Machine: dna078  Platform: Linux  PlatformVersion: 5.14.0-427.37.1.el9_4.x86_64  CompilerName: GCC  CompilerVersion: 8.4.0
ProgramName: mri_stats2seg  ProgramArguments: mri_stats2seg -all-info  ProgramVersion: 7.3.2  TimeStamp: 2026/03/08-19:40:29-GMT  BuildTime: Aug  4 2022 06:17:15  BuildStamp: freesurfer-linux-ubuntu22_x86_64-7.3.2-20220804-6354275  User: oesteban  Machine: dna078  Platform: Linux  PlatformVersion: 5.14.0-427.37.1.el9_4.x86_64  CompilerName: GCC  CompilerVersion: 8.4.0
ProgramName: mris_thickness  ProgramArguments: mris_thickness -all-info  ProgramVersion: 7.3.2  TimeStamp: 2026/03/08-19:40:29-GMT  BuildTime: Aug  4 2022 06:17:15  BuildStamp: freesurfer-linux-ubuntu22_x86_64-7.3.2-20220804-6354275  User: oesteban  Machine: dna078  Platform: Linux  PlatformVersion: 5.14.0-427.37.1.el9_4.x86_64  CompilerName: GCC  CompilerVersion: 8.4.0
ProgramName: mris_thickness_diff  ProgramArguments: mris_thickness_diff -all-info  ProgramVersion: 7.3.2  TimeStamp: 2026/03/08-19:40:29-GMT  BuildTime: Aug  4 2022 06:17:15  BuildStamp: freesurfer-linux-ubuntu22_x86_64-7.3.2-20220804-6354275  User: oesteban  Machine: dna078  Platform: Linux  PlatformVersion: 5.14.0-427.37.1.el9_4.x86_64  CompilerName: GCC  CompilerVersion: 8.4.0
ProgramName: mris_topo_fixer  ProgramArguments: mris_topo_fixer -all-info  ProgramVersion: 7.3.2  TimeStamp: 2026/03/08-19:40:29-GMT  BuildTime: Aug  4 2022 06:17:15  BuildStamp: freesurfer-linux-ubuntu22_x86_64-7.3.2-20220804-6354275  User: oesteban  Machine: dna078  Platform: Linux  PlatformVersion: 5.14.0-427.37.1.el9_4.x86_64  CompilerName: GCC  CompilerVersion: 8.4.0
ProgramName: mri_surf2surf  ProgramArguments: mri_surf2surf -all-info  ProgramVersion: 7.3.2  TimeStamp: 2026/03/08-19:40:29-GMT  BuildTime: Aug  4 2022 06:17:15  BuildStamp: freesurfer-linux-ubuntu22_x86_64-7.3.2-20220804-6354275  User: oesteban  Machine: dna078  Platform: Linux  PlatformVersion: 5.14.0-427.37.1.el9_4.x86_64  CompilerName: GCC  CompilerVersion: 8.4.0
ProgramName: mri_surf2vol  ProgramArguments: mri_surf2vol -all-info  ProgramVersion: 7.3.2  TimeStamp: 2026/03/08-19:40:29-GMT  BuildTime: Aug  4 2022 06:17:15  BuildStamp: freesurfer-linux-ubuntu22_x86_64-7.3.2-20220804-6354275  User: oesteban  Machine: dna078  Platform: Linux  PlatformVersion: 5.14.0-427.37.1.el9_4.x86_64  CompilerName: GCC  CompilerVersion: 8.4.0
ProgramName: mri_surfcluster  ProgramArguments: mri_surfcluster -all-info  ProgramVersion: 7.3.2  TimeStamp: 2026/03/08-19:40:29-GMT  BuildTime: Aug  4 2022 06:17:15  BuildStamp: freesurfer-linux-ubuntu22_x86_64-7.3.2-20220804-6354275  User: oesteban  Machine: dna078  Platform: Linux  PlatformVersion: 5.14.0-427.37.1.el9_4.x86_64  CompilerName: GCC  CompilerVersion: 8.4.0
ProgramName: mris_volmask  ProgramArguments: mris_volmask -all-info  ProgramVersion: 7.3.2  TimeStamp: 2026/03/08-19:40:29-GMT  BuildTime: Aug  4 2022 06:17:15  BuildStamp: freesurfer-linux-ubuntu22_x86_64-7.3.2-20220804-6354275  User: oesteban  Machine: dna078  Platform: Linux  PlatformVersion: 5.14.0-427.37.1.el9_4.x86_64  CompilerName: GCC  CompilerVersion: 8.4.0
ProgramName: mri_tessellate  ProgramArguments: mri_tessellate -all-info  ProgramVersion: 7.3.2  TimeStamp: 2026/03/08-19:40:29-GMT  BuildTime: Aug  4 2022 06:17:15  BuildStamp: freesurfer-linux-ubuntu22_x86_64-7.3.2-20220804-6354275  User: oesteban  Machine: dna078  Platform: Linux  PlatformVersion: 5.14.0-427.37.1.el9_4.x86_64  CompilerName: GCC  CompilerVersion: 8.4.0
ProgramName: mri_vol2surf  ProgramArguments: mri_vol2surf -all-info  ProgramVersion: 7.3.2  TimeStamp: 2026/03/08-19:40:29-GMT  BuildTime: Aug  4 2022 06:17:15  BuildStamp: freesurfer-linux-ubuntu22_x86_64-7.3.2-20220804-6354275  User: oesteban  Machine: dna078  Platform: Linux  PlatformVersion: 5.14.0-427.37.1.el9_4.x86_64  CompilerName: GCC  CompilerVersion: 8.4.0
ProgramName: mri_vol2vol  ProgramArguments: mri_vol2vol -all-info  ProgramVersion: 7.3.2  TimeStamp: 2026/03/08-19:40:29-GMT  BuildTime: Aug  4 2022 06:17:15  BuildStamp: freesurfer-linux-ubuntu22_x86_64-7.3.2-20220804-6354275  User: oesteban  Machine: dna078  Platform: Linux  PlatformVersion: 5.14.0-427.37.1.el9_4.x86_64  CompilerName: GCC  CompilerVersion: 8.4.0
ProgramName: mri_voldiff  ProgramArguments: mri_voldiff -all-info  ProgramVersion: 7.3.2  TimeStamp: 2026/03/08-19:40:29-GMT  BuildTime: Aug  4 2022 06:17:15  BuildStamp: freesurfer-linux-ubuntu22_x86_64-7.3.2-20220804-6354275  User: oesteban  Machine: dna078  Platform: Linux  PlatformVersion: 5.14.0-427.37.1.el9_4.x86_64  CompilerName: GCC  CompilerVersion: 8.4.0
ProgramName: mri_watershed  ProgramArguments: mri_watershed -all-info  ProgramVersion: 7.3.2  TimeStamp: 2026/03/08-19:40:29-GMT  BuildTime: Aug  4 2022 06:17:15  BuildStamp: freesurfer-linux-ubuntu22_x86_64-7.3.2-20220804-6354275  User: oesteban  Machine: dna078  Platform: Linux  PlatformVersion: 5.14.0-427.37.1.el9_4.x86_64  CompilerName: GCC  CompilerVersion: 8.4.0
ProgramName: tkregister2  ProgramArguments: tkregister2_cmdl -all-info  ProgramVersion: 7.3.2  TimeStamp: 2026/03/08-19:40:29-GMT  BuildTime: Aug  4 2022 06:17:15  BuildStamp: freesurfer-linux-ubuntu22_x86_64-7.3.2-20220804-6354275  User: oesteban  Machine: dna078  Platform: Linux  PlatformVersion: 5.14.0-427.37.1.el9_4.x86_64  CompilerName: GCC  CompilerVersion: 8.4.0
mri_motion_correct.fsl 7.3.2
mri_convert -all-info 
ProgramName: mri_convert  ProgramArguments: mri_convert -all-info  ProgramVersion: 7.3.2  TimeStamp: 2026/03/08-19:40:29-GMT  BuildTime: Aug  4 2022 06:17:15  BuildStamp: freesurfer-linux-ubuntu22_x86_64-7.3.2-20220804-6354275  User: oesteban  Machine: dna078  Platform: Linux  PlatformVersion: 5.14.0-427.37.1.el9_4.x86_64  CompilerName: GCC  CompilerVersion: 8.4.0
Program nu_correct, built from:
Package MNI N3, version 1.12.0, compiled by nicks@terrier (x86_64-unknown-linux-gnu) on 2015-06-19 at 01:25:34
#######################################
GCADIR /opt/freesurfer/average
GCA RB_all_2020-01-02.gca
GCASkull RB_all_withskull_2020_01_02.gca
AvgCurvTif folding.atlas.acfb40.noaparc.i12.2016-08-02.tif
GCSDIR /opt/freesurfer/average
GCS DKaparc.atlas.acfb40.noaparc.i12.2016-08-02.gcs
#######################################
#@# white curv lh Sun Mar  8 20:40:29 CET 2026
cd /out/sourcedata/freesurfer/sub-v1s14x0051574_ses-1/mri
mris_place_surface --curv-map ../surf/lh.white 2 10 ../surf/lh.curv
   Update not needed
#@# white area lh Sun Mar  8 20:40:29 CET 2026
cd /out/sourcedata/freesurfer/sub-v1s14x0051574_ses-1/mri
mris_place_surface --area-map ../surf/lh.white ../surf/lh.area
   Update not needed
#@# pial curv lh Sun Mar  8 20:40:29 CET 2026
cd /out/sourcedata/freesurfer/sub-v1s14x0051574_ses-1/mri
mris_place_surface --curv-map ../surf/lh.pial 2 10 ../surf/lh.curv.pial
   Update not needed
#@# pial area lh Sun Mar  8 20:40:29 CET 2026
cd /out/sourcedata/freesurfer/sub-v1s14x0051574_ses-1/mri
mris_place_surface --area-map ../surf/lh.pial ../surf/lh.area.pial
   Update not needed
#@# thickness lh Sun Mar  8 20:40:29 CET 2026
cd /out/sourcedata/freesurfer/sub-v1s14x0051574_ses-1/mri
mris_place_surface --thickness ../surf/lh.white ../surf/lh.pial 20 5 ../surf/lh.thickness
   Update not needed
#@# area and vertex vol lh Sun Mar  8 20:40:29 CET 2026
cd /out/sourcedata/freesurfer/sub-v1s14x0051574_ses-1/mri
mris_place_surface --thickness ../surf/lh.white ../surf/lh.pial 20 5 ../surf/lh.thickness
   Update not needed
#@# white curv rh Sun Mar  8 20:40:29 CET 2026
cd /out/sourcedata/freesurfer/sub-v1s14x0051574_ses-1/mri
mris_place_surface --curv-map ../surf/rh.white 2 10 ../surf/rh.curv
   Update not needed
#@# white area rh Sun Mar  8 20:40:29 CET 2026
cd /out/sourcedata/freesurfer/sub-v1s14x0051574_ses-1/mri
mris_place_surface --area-map ../surf/rh.white ../surf/rh.area
   Update not needed
#@# pial curv rh Sun Mar  8 20:40:29 CET 2026
cd /out/sourcedata/freesurfer/sub-v1s14x0051574_ses-1/mri
mris_place_surface --curv-map ../surf/rh.pial 2 10 ../surf/rh.curv.pial
   Update not needed
#@# pial area rh Sun Mar  8 20:40:29 CET 2026
cd /out/sourcedata/freesurfer/sub-v1s14x0051574_ses-1/mri
mris_place_surface --area-map ../surf/rh.pial ../surf/rh.area.pial
   Update not needed
#@# thickness rh Sun Mar  8 20:40:29 CET 2026
cd /out/sourcedata/freesurfer/sub-v1s14x0051574_ses-1/mri
mris_place_surface --thickness ../surf/rh.white ../surf/rh.pial 20 5 ../surf/rh.thickness
   Update not needed
#@# area and vertex vol rh Sun Mar  8 20:40:29 CET 2026
cd /out/sourcedata/freesurfer/sub-v1s14x0051574_ses-1/mri
mris_place_surface --thickness ../surf/rh.white ../surf/rh.pial 20 5 ../surf/rh.thickness
   Update not needed
#--------------------------------------------
#@# Cortical ribbon mask Sun Mar  8 20:40:29 CET 2026
/out/sourcedata/freesurfer/sub-v1s14x0051574_ses-1/mri

 mris_volmask --aseg_name aseg.presurf --label_left_white 2 --label_left_ribbon 3 --label_right_white 41 --label_right_ribbon 42 --save_ribbon sub-v1s14x0051574_ses-1 

SUBJECTS_DIR is /out/sourcedata/freesurfer
loading input data...
Running hemis serially
Processing left hemi
computing distance to left white surface 
computing distance to left pial surface 
Processing right hemi
computing distance to right white surface 
computing distance to right pial surface 
 hemi masks overlap voxels = 1100
writing volume /out/sourcedata/freesurfer/sub-v1s14x0051574_ses-1/mri/ribbon.mgz
mris_volmask took 3.09 minutes
 writing ribbon files

Started at Sun Mar 8 20:40:29 CET 2026 
Ended   at Sun Mar 8 20:43:34 CET 2026
#@#%# recon-all-run-time-hours 0.051
recon-all -s sub-v1s14x0051574_ses-1 finished without error at Sun Mar  8 20:43:34 CET 2026



#New# invocation of recon-all 




Sun Mar  8 20:48:25 CET 2026
cd /out/sourcedata/freesurfer/sub-v1s14x0051574_ses-1
setenv SUBJECTS_DIR /out/sourcedata/freesurfer
/opt/freesurfer/bin/recon-all -autorecon3 -openmp 16 -subjid sub-v1s14x0051574_ses-1 -sd /out/sourcedata/freesurfer -nosphere -nosurfreg -nojacobian_white -noavgcurv -nocortparc -nopial -noparcstats -nocortparc2 -noparcstats2 -nocortparc3 -noparcstats3 -nopctsurfcon -nocortribbon -nobalabels

subjid sub-v1s14x0051574_ses-1
setenv SUBJECTS_DIR /out/sourcedata/freesurfer
FREESURFER_HOME /opt/freesurfer
Actual FREESURFER_HOME /opt/freesurfer
build-stamp.txt: freesurfer-linux-ubuntu22_x86_64-7.3.2-20220804-6354275
Linux dna078 5.14.0-427.37.1.el9_4.x86_64 #1 SMP PREEMPT_DYNAMIC Fri Sep 13 12:41:50 EDT 2024 x86_64 x86_64 x86_64 GNU/Linux
cputime      unlimited
filesize     unlimited
datasize     unlimited
stacksize    8192 kbytes
coredumpsize 0 kbytes
memoryuse    67108864 kbytes
vmemoryuse   unlimited
descriptors  1024 
memorylocked unlimited
maxproc      2061970 
maxlocks     unlimited
maxsignal    2062029 
maxmessage   819200 
maxnice      0 
maxrtprio    0 
maxrttime    unlimited

               total        used        free      shared  buff/cache   available
Mem:           503Gi        51Gi       413Gi       6.4Gi        38Gi       442Gi
Swap:             0B          0B          0B

########################################
program versions used
7.3.2 (freesurfer-linux-ubuntu22_x86_64-7.3.2-20220804-6354275)
7.3.2

ProgramName: lta_convert  ProgramArguments: lta_convert -all-info  ProgramVersion: 7.3.2  TimeStamp: 2026/03/08-19:48:25-GMT  BuildTime: Aug  4 2022 06:17:15  BuildStamp: freesurfer-linux-ubuntu22_x86_64-7.3.2-20220804-6354275  User: oesteban  Machine: dna078  Platform: Linux  PlatformVersion: 5.14.0-427.37.1.el9_4.x86_64  CompilerName: GCC  CompilerVersion: 8.4.0
ProgramName: mri_and  ProgramArguments: mri_and -all-info  ProgramVersion: 7.3.2  TimeStamp: 2026/03/08-19:48:25-GMT  BuildTime: Aug  4 2022 06:17:15  BuildStamp: freesurfer-linux-ubuntu22_x86_64-7.3.2-20220804-6354275  User: oesteban  Machine: dna078  Platform: Linux  PlatformVersion: 5.14.0-427.37.1.el9_4.x86_64  CompilerName: GCC  CompilerVersion: 8.4.0
ProgramName: mri_annotation2label  ProgramArguments: mri_annotation2label -all-info  ProgramVersion: 7.3.2  TimeStamp: 2026/03/08-19:48:25-GMT  BuildTime: Aug  4 2022 06:17:15  BuildStamp: freesurfer-linux-ubuntu22_x86_64-7.3.2-20220804-6354275  User: oesteban  Machine: dna078  Platform: Linux  PlatformVersion: 5.14.0-427.37.1.el9_4.x86_64  CompilerName: GCC  CompilerVersion: 8.4.0
ProgramName: mri_aparc2aseg  ProgramArguments: mri_aparc2aseg -all-info  ProgramVersion: 7.3.2  TimeStamp: 2026/03/08-19:48:25-GMT  BuildTime: Aug  4 2022 06:17:15  BuildStamp: freesurfer-linux-ubuntu22_x86_64-7.3.2-20220804-6354275  User: oesteban  Machine: dna078  Platform: Linux  PlatformVersion: 5.14.0-427.37.1.el9_4.x86_64  CompilerName: GCC  CompilerVersion: 8.4.0
ProgramName: mri_surf2volseg  ProgramArguments: mri_surf2volseg -all-info  ProgramVersion: 7.3.2  TimeStamp: 2026/03/08-19:48:25-GMT  BuildTime: Aug  4 2022 06:17:15  BuildStamp: freesurfer-linux-ubuntu22_x86_64-7.3.2-20220804-6354275  User: oesteban  Machine: dna078  Platform: Linux  PlatformVersion: 5.14.0-427.37.1.el9_4.x86_64  CompilerName: GCC  CompilerVersion: 8.4.0
ProgramName: mri_binarize  ProgramArguments: mri_binarize -all-info  ProgramVersion: 7.3.2  TimeStamp: 2026/03/08-19:48:25-GMT  BuildTime: Aug  4 2022 06:17:15  BuildStamp: freesurfer-linux-ubuntu22_x86_64-7.3.2-20220804-6354275  User: oesteban  Machine: dna078  Platform: Linux  PlatformVersion: 5.14.0-427.37.1.el9_4.x86_64  CompilerName: GCC  CompilerVersion: 8.4.0
ProgramName: mri_ca_label  ProgramArguments: mri_ca_label -all-info  ProgramVersion: 7.3.2  TimeStamp: 2026/03/08-19:48:25-GMT  BuildTime: Aug  4 2022 06:17:15  BuildStamp: freesurfer-linux-ubuntu22_x86_64-7.3.2-20220804-6354275  User: oesteban  Machine: dna078  Platform: Linux  PlatformVersion: 5.14.0-427.37.1.el9_4.x86_64  CompilerName: GCC  CompilerVersion: 8.4.0
ProgramName: mri_ca_normalize  ProgramArguments: mri_ca_normalize -all-info  ProgramVersion: 7.3.2  TimeStamp: 2026/03/08-19:48:25-GMT  BuildTime: Aug  4 2022 06:17:15  BuildStamp: freesurfer-linux-ubuntu22_x86_64-7.3.2-20220804-6354275  User: oesteban  Machine: dna078  Platform: Linux  PlatformVersion: 5.14.0-427.37.1.el9_4.x86_64  CompilerName: GCC  CompilerVersion: 8.4.0
ProgramName: mri_ca_register  ProgramArguments: mri_ca_register -all-info  ProgramVersion: 7.3.2  TimeStamp: 2026/03/08-19:48:25-GMT  BuildTime: Aug  4 2022 06:17:15  BuildStamp: freesurfer-linux-ubuntu22_x86_64-7.3.2-20220804-6354275  User: oesteban  Machine: dna078  Platform: Linux  PlatformVersion: 5.14.0-427.37.1.el9_4.x86_64  CompilerName: GCC  CompilerVersion: 8.4.0
ProgramName: mri_cc  ProgramArguments: mri_cc -all-info  ProgramVersion: 7.3.2  TimeStamp: 2026/03/08-19:48:25-GMT  BuildTime: Aug  4 2022 06:17:15  BuildStamp: freesurfer-linux-ubuntu22_x86_64-7.3.2-20220804-6354275  User: oesteban  Machine: dna078  Platform: Linux  PlatformVersion: 5.14.0-427.37.1.el9_4.x86_64  CompilerName: GCC  CompilerVersion: 8.4.0
ProgramName: mri_compute_overlap  ProgramArguments: mri_compute_overlap -all-info  ProgramVersion: 7.3.2  TimeStamp: 2026/03/08-19:48:25-GMT  BuildTime: Aug  4 2022 06:17:15  BuildStamp: freesurfer-linux-ubuntu22_x86_64-7.3.2-20220804-6354275  User: oesteban  Machine: dna078  Platform: Linux  PlatformVersion: 5.14.0-427.37.1.el9_4.x86_64  CompilerName: GCC  CompilerVersion: 8.4.0
ProgramName: mri_compute_seg_overlap  ProgramArguments: mri_compute_seg_overlap -all-info  ProgramVersion: 7.3.2  TimeStamp: 2026/03/08-19:48:25-GMT  BuildTime: Aug  4 2022 06:17:15  BuildStamp: freesurfer-linux-ubuntu22_x86_64-7.3.2-20220804-6354275  User: oesteban  Machine: dna078  Platform: Linux  PlatformVersion: 5.14.0-427.37.1.el9_4.x86_64  CompilerName: GCC  CompilerVersion: 8.4.0
ProgramName: mri_concat  ProgramArguments: mri_concat -all-info  ProgramVersion: 7.3.2  TimeStamp: 2026/03/08-19:48:25-GMT  BuildTime: Aug  4 2022 06:17:15  BuildStamp: freesurfer-linux-ubuntu22_x86_64-7.3.2-20220804-6354275  User: oesteban  Machine: dna078  Platform: Linux  PlatformVersion: 5.14.0-427.37.1.el9_4.x86_64  CompilerName: GCC  CompilerVersion: 8.4.0
ProgramName: mri_concatenate_lta  ProgramArguments: mri_concatenate_lta -all-info  ProgramVersion: 7.3.2  TimeStamp: 2026/03/08-19:48:25-GMT  BuildTime: Aug  4 2022 06:17:15  BuildStamp: freesurfer-linux-ubuntu22_x86_64-7.3.2-20220804-6354275  User: oesteban  Machine: dna078  Platform: Linux  PlatformVersion: 5.14.0-427.37.1.el9_4.x86_64  CompilerName: GCC  CompilerVersion: 8.4.0
mri_convert -all-info 
ProgramName: mri_convert  ProgramArguments: mri_convert -all-info  ProgramVersion: 7.3.2  TimeStamp: 2026/03/08-19:48:25-GMT  BuildTime: Aug  4 2022 06:17:15  BuildStamp: freesurfer-linux-ubuntu22_x86_64-7.3.2-20220804-6354275  User: oesteban  Machine: dna078  Platform: Linux  PlatformVersion: 5.14.0-427.37.1.el9_4.x86_64  CompilerName: GCC  CompilerVersion: 8.4.0
ProgramName: mri_diff  ProgramArguments: mri_diff -all-info  ProgramVersion: 7.3.2  TimeStamp: 2026/03/08-19:48:25-GMT  BuildTime: Aug  4 2022 06:17:15  BuildStamp: freesurfer-linux-ubuntu22_x86_64-7.3.2-20220804-6354275  User: oesteban  Machine: dna078  Platform: Linux  PlatformVersion: 5.14.0-427.37.1.el9_4.x86_64  CompilerName: GCC  CompilerVersion: 8.4.0
ProgramName: mri_edit_wm_with_aseg  ProgramArguments: mri_edit_wm_with_aseg -all-info  ProgramVersion: 7.3.2  TimeStamp: 2026/03/08-19:48:25-GMT  BuildTime: Aug  4 2022 06:17:15  BuildStamp: freesurfer-linux-ubuntu22_x86_64-7.3.2-20220804-6354275  User: oesteban  Machine: dna078  Platform: Linux  PlatformVersion: 5.14.0-427.37.1.el9_4.x86_64  CompilerName: GCC  CompilerVersion: 8.4.0
ProgramName: mri_em_register  ProgramArguments: mri_em_register -all-info  ProgramVersion: 7.3.2  TimeStamp: 2026/03/08-19:48:25-GMT  BuildTime: Aug  4 2022 06:17:15  BuildStamp: freesurfer-linux-ubuntu22_x86_64-7.3.2-20220804-6354275  User: oesteban  Machine: dna078  Platform: Linux  PlatformVersion: 5.14.0-427.37.1.el9_4.x86_64  CompilerName: GCC  CompilerVersion: 8.4.0
ProgramName: mri_fill  ProgramArguments: mri_fill -all-info  ProgramVersion: 7.3.2  TimeStamp: 2026/03/08-19:48:25-GMT  BuildTime: Aug  4 2022 06:17:15  BuildStamp: freesurfer-linux-ubuntu22_x86_64-7.3.2-20220804-6354275  User: oesteban  Machine: dna078  Platform: Linux  PlatformVersion: 5.14.0-427.37.1.el9_4.x86_64  CompilerName: GCC  CompilerVersion: 8.4.0
ProgramName: mri_fuse_segmentations  ProgramArguments: mri_fuse_segmentations -all-info  ProgramVersion: 7.3.2  TimeStamp: 2026/03/08-19:48:25-GMT  BuildTime: Aug  4 2022 06:17:15  BuildStamp: freesurfer-linux-ubuntu22_x86_64-7.3.2-20220804-6354275  User: oesteban  Machine: dna078  Platform: Linux  PlatformVersion: 5.14.0-427.37.1.el9_4.x86_64  CompilerName: GCC  CompilerVersion: 8.4.0
ProgramName: mri_fwhm  ProgramArguments: mri_fwhm -all-info  ProgramVersion: 7.3.2  TimeStamp: 2026/03/08-19:48:25-GMT  BuildTime: Aug  4 2022 06:17:15  BuildStamp: freesurfer-linux-ubuntu22_x86_64-7.3.2-20220804-6354275  User: oesteban  Machine: dna078  Platform: Linux  PlatformVersion: 5.14.0-427.37.1.el9_4.x86_64  CompilerName: GCC  CompilerVersion: 8.4.0
ProgramName: mri_gcut  ProgramArguments: mri_gcut -all-info  ProgramVersion: 7.3.2  TimeStamp: 2026/03/08-19:48:25-GMT  BuildTime: Aug  4 2022 06:17:15  BuildStamp: freesurfer-linux-ubuntu22_x86_64-7.3.2-20220804-6354275  User: oesteban  Machine: dna078  Platform: Linux  PlatformVersion: 5.14.0-427.37.1.el9_4.x86_64  CompilerName: GCC  CompilerVersion: 8.4.0
ProgramName: mri_info  ProgramArguments: mri_info -all-info  ProgramVersion: 7.3.2  TimeStamp: 2026/03/08-19:48:25-GMT  BuildTime: Aug  4 2022 06:17:15  BuildStamp: freesurfer-linux-ubuntu22_x86_64-7.3.2-20220804-6354275  User: oesteban  Machine: dna078  Platform: Linux  PlatformVersion: 5.14.0-427.37.1.el9_4.x86_64  CompilerName: GCC  CompilerVersion: 8.4.0
ProgramName: mri_label2label  ProgramArguments: mri_label2label -all-info  ProgramVersion: 7.3.2  TimeStamp: 2026/03/08-19:48:25-GMT  BuildTime: Aug  4 2022 06:17:15  BuildStamp: freesurfer-linux-ubuntu22_x86_64-7.3.2-20220804-6354275  User: oesteban  Machine: dna078  Platform: Linux  PlatformVersion: 5.14.0-427.37.1.el9_4.x86_64  CompilerName: GCC  CompilerVersion: 8.4.0
ProgramName: mri_label2vol  ProgramArguments: mri_label2vol -all-info  ProgramVersion: 7.3.2  TimeStamp: 2026/03/08-19:48:25-GMT  BuildTime: Aug  4 2022 06:17:15  BuildStamp: freesurfer-linux-ubuntu22_x86_64-7.3.2-20220804-6354275  User: oesteban  Machine: dna078  Platform: Linux  PlatformVersion: 5.14.0-427.37.1.el9_4.x86_64  CompilerName: GCC  CompilerVersion: 8.4.0
ProgramName: mri_log_likelihood  ProgramArguments: mri_log_likelihood -all-info  ProgramVersion: 7.3.2  TimeStamp: 2026/03/08-19:48:25-GMT  BuildTime: Aug  4 2022 06:17:15  BuildStamp: freesurfer-linux-ubuntu22_x86_64-7.3.2-20220804-6354275  User: oesteban  Machine: dna078  Platform: Linux  PlatformVersion: 5.14.0-427.37.1.el9_4.x86_64  CompilerName: GCC  CompilerVersion: 8.4.0
ProgramName: mri_mask  ProgramArguments: mri_mask -all-info  ProgramVersion: 7.3.2  TimeStamp: 2026/03/08-19:48:25-GMT  BuildTime: Aug  4 2022 06:17:15  BuildStamp: freesurfer-linux-ubuntu22_x86_64-7.3.2-20220804-6354275  User: oesteban  Machine: dna078  Platform: Linux  PlatformVersion: 5.14.0-427.37.1.el9_4.x86_64  CompilerName: GCC  CompilerVersion: 8.4.0
ProgramName: mri_matrix_multiply  ProgramArguments: mri_matrix_multiply -all-info  ProgramVersion: 7.3.2  TimeStamp: 2026/03/08-19:48:25-GMT  BuildTime: Aug  4 2022 06:17:15  BuildStamp: freesurfer-linux-ubuntu22_x86_64-7.3.2-20220804-6354275  User: oesteban  Machine: dna078  Platform: Linux  PlatformVersion: 5.14.0-427.37.1.el9_4.x86_64  CompilerName: GCC  CompilerVersion: 8.4.0
ProgramName: mri_normalize  ProgramArguments: mri_normalize -all-info  ProgramVersion: 7.3.2  TimeStamp: 2026/03/08-19:48:25-GMT  BuildTime: Aug  4 2022 06:17:15  BuildStamp: freesurfer-linux-ubuntu22_x86_64-7.3.2-20220804-6354275  User: oesteban  Machine: dna078  Platform: Linux  PlatformVersion: 5.14.0-427.37.1.el9_4.x86_64  CompilerName: GCC  CompilerVersion: 8.4.0
ProgramName: mri_normalize_tp2  ProgramArguments: mri_normalize_tp2 -all-info  ProgramVersion: 7.3.2  TimeStamp: 2026/03/08-19:48:25-GMT  BuildTime: Aug  4 2022 06:17:15  BuildStamp: freesurfer-linux-ubuntu22_x86_64-7.3.2-20220804-6354275  User: oesteban  Machine: dna078  Platform: Linux  PlatformVersion: 5.14.0-427.37.1.el9_4.x86_64  CompilerName: GCC  CompilerVersion: 8.4.0
ProgramName: mri_or  ProgramArguments: mri_or -all-info  ProgramVersion: 7.3.2  TimeStamp: 2026/03/08-19:48:25-GMT  BuildTime: Aug  4 2022 06:17:15  BuildStamp: freesurfer-linux-ubuntu22_x86_64-7.3.2-20220804-6354275  User: oesteban  Machine: dna078  Platform: Linux  PlatformVersion: 5.14.0-427.37.1.el9_4.x86_64  CompilerName: GCC  CompilerVersion: 8.4.0
ProgramName: mri_relabel_hypointensities  ProgramArguments: mri_relabel_hypointensities -all-info  ProgramVersion: 7.3.2  TimeStamp: 2026/03/08-19:48:25-GMT  BuildTime: Aug  4 2022 06:17:15  BuildStamp: freesurfer-linux-ubuntu22_x86_64-7.3.2-20220804-6354275  User: oesteban  Machine: dna078  Platform: Linux  PlatformVersion: 5.14.0-427.37.1.el9_4.x86_64  CompilerName: GCC  CompilerVersion: 8.4.0
ProgramName: mri_relabel_nonwm_hypos  ProgramArguments: mri_relabel_nonwm_hypos -all-info  ProgramVersion: 7.3.2  TimeStamp: 2026/03/08-19:48:25-GMT  BuildTime: Aug  4 2022 06:17:15  BuildStamp: freesurfer-linux-ubuntu22_x86_64-7.3.2-20220804-6354275  User: oesteban  Machine: dna078  Platform: Linux  PlatformVersion: 5.14.0-427.37.1.el9_4.x86_64  CompilerName: GCC  CompilerVersion: 8.4.0
ProgramName: mri_remove_neck  ProgramArguments: mri_remove_neck -all-info  ProgramVersion: 7.3.2  TimeStamp: 2026/03/08-19:48:25-GMT  BuildTime: Aug  4 2022 06:17:15  BuildStamp: freesurfer-linux-ubuntu22_x86_64-7.3.2-20220804-6354275  User: oesteban  Machine: dna078  Platform: Linux  PlatformVersion: 5.14.0-427.37.1.el9_4.x86_64  CompilerName: GCC  CompilerVersion: 8.4.0
7.3.2

ProgramName: mri_robust_register  ProgramArguments: mri_robust_register -all-info  ProgramVersion: 7.3.2  TimeStamp: 2026/03/08-19:48:25-GMT  BuildTime: Aug  4 2022 06:17:15  BuildStamp: freesurfer-linux-ubuntu22_x86_64-7.3.2-20220804-6354275  User: oesteban  Machine: dna078  Platform: Linux  PlatformVersion: 5.14.0-427.37.1.el9_4.x86_64  CompilerName: GCC  CompilerVersion: 8.4.0
7.3.2

ProgramName: mri_robust_template  ProgramArguments: mri_robust_template -all-info  ProgramVersion: 7.3.2  TimeStamp: 2026/03/08-19:48:25-GMT  BuildTime: Aug  4 2022 06:17:15  BuildStamp: freesurfer-linux-ubuntu22_x86_64-7.3.2-20220804-6354275  User: oesteban  Machine: dna078  Platform: Linux  PlatformVersion: 5.14.0-427.37.1.el9_4.x86_64  CompilerName: GCC  CompilerVersion: 8.4.0
ProgramName: mris_anatomical_stats  ProgramArguments: mris_anatomical_stats -all-info  ProgramVersion: 7.3.2  TimeStamp: 2026/03/08-19:48:25-GMT  BuildTime: Aug  4 2022 06:17:15  BuildStamp: freesurfer-linux-ubuntu22_x86_64-7.3.2-20220804-6354275  User: oesteban  Machine: dna078  Platform: Linux  PlatformVersion: 5.14.0-427.37.1.el9_4.x86_64  CompilerName: GCC  CompilerVersion: 8.4.0
ProgramName: mris_ca_label  ProgramArguments: mris_ca_label -all-info  ProgramVersion: 7.3.2  TimeStamp: 2026/03/08-19:48:25-GMT  BuildTime: Aug  4 2022 06:17:15  BuildStamp: freesurfer-linux-ubuntu22_x86_64-7.3.2-20220804-6354275  User: oesteban  Machine: dna078  Platform: Linux  PlatformVersion: 5.14.0-427.37.1.el9_4.x86_64  CompilerName: GCC  CompilerVersion: 8.4.0
ProgramName: mris_calc  ProgramArguments: mris_calc -all-info  ProgramVersion: 7.3.2  TimeStamp: 2026/03/08-19:48:25-GMT  BuildTime: Aug  4 2022 06:17:15  BuildStamp: freesurfer-linux-ubuntu22_x86_64-7.3.2-20220804-6354275  User: oesteban  Machine: dna078  Platform: Linux  PlatformVersion: 5.14.0-427.37.1.el9_4.x86_64  CompilerName: GCC  CompilerVersion: 8.4.0
ProgramName: mris_convert  ProgramArguments: mris_convert -all-info  ProgramVersion: 7.3.2  TimeStamp: 2026/03/08-19:48:25-GMT  BuildTime: Aug  4 2022 06:17:15  BuildStamp: freesurfer-linux-ubuntu22_x86_64-7.3.2-20220804-6354275  User: oesteban  Machine: dna078  Platform: Linux  PlatformVersion: 5.14.0-427.37.1.el9_4.x86_64  CompilerName: GCC  CompilerVersion: 8.4.0
ProgramName: mris_curvature  ProgramArguments: mris_curvature -all-info  ProgramVersion: 7.3.2  TimeStamp: 2026/03/08-19:48:25-GMT  BuildTime: Aug  4 2022 06:17:15  BuildStamp: freesurfer-linux-ubuntu22_x86_64-7.3.2-20220804-6354275  User: oesteban  Machine: dna078  Platform: Linux  PlatformVersion: 5.14.0-427.37.1.el9_4.x86_64  CompilerName: GCC  CompilerVersion: 8.4.0
ProgramName: mris_curvature_stats  ProgramArguments: mris_curvature_stats -all-info  ProgramVersion: 7.3.2  TimeStamp: 2026/03/08-19:48:25-GMT  BuildTime: Aug  4 2022 06:17:15  BuildStamp: freesurfer-linux-ubuntu22_x86_64-7.3.2-20220804-6354275  User: oesteban  Machine: dna078  Platform: Linux  PlatformVersion: 5.14.0-427.37.1.el9_4.x86_64  CompilerName: GCC  CompilerVersion: 8.4.0
ProgramName: mris_diff  ProgramArguments: mris_diff -all-info  ProgramVersion: 7.3.2  TimeStamp: 2026/03/08-19:48:25-GMT  BuildTime: Aug  4 2022 06:17:15  BuildStamp: freesurfer-linux-ubuntu22_x86_64-7.3.2-20220804-6354275  User: oesteban  Machine: dna078  Platform: Linux  PlatformVersion: 5.14.0-427.37.1.el9_4.x86_64  CompilerName: GCC  CompilerVersion: 8.4.0
ProgramName: mris_divide_parcellation  ProgramArguments: mris_divide_parcellation -all-info  ProgramVersion: 7.3.2  TimeStamp: 2026/03/08-19:48:25-GMT  BuildTime: Aug  4 2022 06:17:15  BuildStamp: freesurfer-linux-ubuntu22_x86_64-7.3.2-20220804-6354275  User: oesteban  Machine: dna078  Platform: Linux  PlatformVersion: 5.14.0-427.37.1.el9_4.x86_64  CompilerName: GCC  CompilerVersion: 8.4.0
ProgramName: mri_segment  ProgramArguments: mri_segment -all-info  ProgramVersion: 7.3.2  TimeStamp: 2026/03/08-19:48:25-GMT  BuildTime: Aug  4 2022 06:17:15  BuildStamp: freesurfer-linux-ubuntu22_x86_64-7.3.2-20220804-6354275  User: oesteban  Machine: dna078  Platform: Linux  PlatformVersion: 5.14.0-427.37.1.el9_4.x86_64  CompilerName: GCC  CompilerVersion: 8.4.0
ProgramName: mri_segstats  ProgramArguments: mri_segstats -all-info  ProgramVersion: 7.3.2  TimeStamp: 2026/03/08-19:48:25-GMT  BuildTime: Aug  4 2022 06:17:15  BuildStamp: freesurfer-linux-ubuntu22_x86_64-7.3.2-20220804-6354275  User: oesteban  Machine: dna078  Platform: Linux  PlatformVersion: 5.14.0-427.37.1.el9_4.x86_64  CompilerName: GCC  CompilerVersion: 8.4.0
ProgramName: mris_euler_number  ProgramArguments: mris_euler_number -all-info  ProgramVersion: 7.3.2  TimeStamp: 2026/03/08-19:48:25-GMT  BuildTime: Aug  4 2022 06:17:15  BuildStamp: freesurfer-linux-ubuntu22_x86_64-7.3.2-20220804-6354275  User: oesteban  Machine: dna078  Platform: Linux  PlatformVersion: 5.14.0-427.37.1.el9_4.x86_64  CompilerName: GCC  CompilerVersion: 8.4.0
ProgramName: mris_fix_topology  ProgramArguments: mris_fix_topology -all-info  ProgramVersion: 7.3.2  TimeStamp: 2026/03/08-19:48:25-GMT  BuildTime: Aug  4 2022 06:17:15  BuildStamp: freesurfer-linux-ubuntu22_x86_64-7.3.2-20220804-6354275  User: oesteban  Machine: dna078  Platform: Linux  PlatformVersion: 5.14.0-427.37.1.el9_4.x86_64  CompilerName: GCC  CompilerVersion: 8.4.0
ProgramName: mris_topo_fixer  ProgramArguments: mris_topo_fixer -all-info  ProgramVersion: 7.3.2  TimeStamp: 2026/03/08-19:48:25-GMT  BuildTime: Aug  4 2022 06:17:15  BuildStamp: freesurfer-linux-ubuntu22_x86_64-7.3.2-20220804-6354275  User: oesteban  Machine: dna078  Platform: Linux  PlatformVersion: 5.14.0-427.37.1.el9_4.x86_64  CompilerName: GCC  CompilerVersion: 8.4.0
ProgramName: mris_jacobian  ProgramArguments: mris_jacobian -all-info  ProgramVersion: 7.3.2  TimeStamp: 2026/03/08-19:48:25-GMT  BuildTime: Aug  4 2022 06:17:15  BuildStamp: freesurfer-linux-ubuntu22_x86_64-7.3.2-20220804-6354275  User: oesteban  Machine: dna078  Platform: Linux  PlatformVersion: 5.14.0-427.37.1.el9_4.x86_64  CompilerName: GCC  CompilerVersion: 8.4.0
ProgramName: mris_label2annot  ProgramArguments: mris_label2annot -all-info  ProgramVersion: 7.3.2  TimeStamp: 2026/03/08-19:48:25-GMT  BuildTime: Aug  4 2022 06:17:15  BuildStamp: freesurfer-linux-ubuntu22_x86_64-7.3.2-20220804-6354275  User: oesteban  Machine: dna078  Platform: Linux  PlatformVersion: 5.14.0-427.37.1.el9_4.x86_64  CompilerName: GCC  CompilerVersion: 8.4.0
ProgramName: mris_left_right_register  ProgramArguments: mris_left_right_register -all-info  ProgramVersion: 7.3.2  TimeStamp: 2026/03/08-19:48:25-GMT  BuildTime: Aug  4 2022 06:17:15  BuildStamp: freesurfer-linux-ubuntu22_x86_64-7.3.2-20220804-6354275  User: oesteban  Machine: dna078  Platform: Linux  PlatformVersion: 5.14.0-427.37.1.el9_4.x86_64  CompilerName: GCC  CompilerVersion: 8.4.0
ProgramName: mris_place_surface  ProgramArguments: mris_place_surface -all-info  ProgramVersion: 7.3.2  TimeStamp: 2026/03/08-19:48:25-GMT  BuildTime: Aug  4 2022 06:17:15  BuildStamp: freesurfer-linux-ubuntu22_x86_64-7.3.2-20220804-6354275  User: oesteban  Machine: dna078  Platform: Linux  PlatformVersion: 5.14.0-427.37.1.el9_4.x86_64  CompilerName: GCC  CompilerVersion: 8.4.0
ProgramName: mrisp_paint  ProgramArguments: mrisp_paint -all-info  ProgramVersion: 7.3.2  TimeStamp: 2026/03/08-19:48:25-GMT  BuildTime: Aug  4 2022 06:17:15  BuildStamp: freesurfer-linux-ubuntu22_x86_64-7.3.2-20220804-6354275  User: oesteban  Machine: dna078  Platform: Linux  PlatformVersion: 5.14.0-427.37.1.el9_4.x86_64  CompilerName: GCC  CompilerVersion: 8.4.0
ProgramName: mris_register  ProgramArguments: mris_register -all-info  ProgramVersion: 7.3.2  TimeStamp: 2026/03/08-19:48:25-GMT  BuildTime: Aug  4 2022 06:17:15  BuildStamp: freesurfer-linux-ubuntu22_x86_64-7.3.2-20220804-6354275  User: oesteban  Machine: dna078  Platform: Linux  PlatformVersion: 5.14.0-427.37.1.el9_4.x86_64  CompilerName: GCC  CompilerVersion: 8.4.0
ProgramName: mris_smooth  ProgramArguments: mris_smooth -all-info  ProgramVersion: 7.3.2  TimeStamp: 2026/03/08-19:48:25-GMT  BuildTime: Aug  4 2022 06:17:15  BuildStamp: freesurfer-linux-ubuntu22_x86_64-7.3.2-20220804-6354275  User: oesteban  Machine: dna078  Platform: Linux  PlatformVersion: 5.14.0-427.37.1.el9_4.x86_64  CompilerName: GCC  CompilerVersion: 8.4.0
ProgramName: mris_sphere  ProgramArguments: mris_sphere -all-info  ProgramVersion: 7.3.2  TimeStamp: 2026/03/08-19:48:25-GMT  BuildTime: Aug  4 2022 06:17:15  BuildStamp: freesurfer-linux-ubuntu22_x86_64-7.3.2-20220804-6354275  User: oesteban  Machine: dna078  Platform: Linux  PlatformVersion: 5.14.0-427.37.1.el9_4.x86_64  CompilerName: GCC  CompilerVersion: 8.4.0
ProgramName: mris_surface_stats  ProgramArguments: mris_surface_stats -all-info  ProgramVersion: 7.3.2  TimeStamp: 2026/03/08-19:48:25-GMT  BuildTime: Aug  4 2022 06:17:15  BuildStamp: freesurfer-linux-ubuntu22_x86_64-7.3.2-20220804-6354275  User: oesteban  Machine: dna078  Platform: Linux  PlatformVersion: 5.14.0-427.37.1.el9_4.x86_64  CompilerName: GCC  CompilerVersion: 8.4.0
ProgramName: mri_stats2seg  ProgramArguments: mri_stats2seg -all-info  ProgramVersion: 7.3.2  TimeStamp: 2026/03/08-19:48:25-GMT  BuildTime: Aug  4 2022 06:17:15  BuildStamp: freesurfer-linux-ubuntu22_x86_64-7.3.2-20220804-6354275  User: oesteban  Machine: dna078  Platform: Linux  PlatformVersion: 5.14.0-427.37.1.el9_4.x86_64  CompilerName: GCC  CompilerVersion: 8.4.0
ProgramName: mris_thickness  ProgramArguments: mris_thickness -all-info  ProgramVersion: 7.3.2  TimeStamp: 2026/03/08-19:48:25-GMT  BuildTime: Aug  4 2022 06:17:15  BuildStamp: freesurfer-linux-ubuntu22_x86_64-7.3.2-20220804-6354275  User: oesteban  Machine: dna078  Platform: Linux  PlatformVersion: 5.14.0-427.37.1.el9_4.x86_64  CompilerName: GCC  CompilerVersion: 8.4.0
ProgramName: mris_thickness_diff  ProgramArguments: mris_thickness_diff -all-info  ProgramVersion: 7.3.2  TimeStamp: 2026/03/08-19:48:25-GMT  BuildTime: Aug  4 2022 06:17:15  BuildStamp: freesurfer-linux-ubuntu22_x86_64-7.3.2-20220804-6354275  User: oesteban  Machine: dna078  Platform: Linux  PlatformVersion: 5.14.0-427.37.1.el9_4.x86_64  CompilerName: GCC  CompilerVersion: 8.4.0
ProgramName: mris_topo_fixer  ProgramArguments: mris_topo_fixer -all-info  ProgramVersion: 7.3.2  TimeStamp: 2026/03/08-19:48:25-GMT  BuildTime: Aug  4 2022 06:17:15  BuildStamp: freesurfer-linux-ubuntu22_x86_64-7.3.2-20220804-6354275  User: oesteban  Machine: dna078  Platform: Linux  PlatformVersion: 5.14.0-427.37.1.el9_4.x86_64  CompilerName: GCC  CompilerVersion: 8.4.0
ProgramName: mri_surf2surf  ProgramArguments: mri_surf2surf -all-info  ProgramVersion: 7.3.2  TimeStamp: 2026/03/08-19:48:25-GMT  BuildTime: Aug  4 2022 06:17:15  BuildStamp: freesurfer-linux-ubuntu22_x86_64-7.3.2-20220804-6354275  User: oesteban  Machine: dna078  Platform: Linux  PlatformVersion: 5.14.0-427.37.1.el9_4.x86_64  CompilerName: GCC  CompilerVersion: 8.4.0
ProgramName: mri_surf2vol  ProgramArguments: mri_surf2vol -all-info  ProgramVersion: 7.3.2  TimeStamp: 2026/03/08-19:48:25-GMT  BuildTime: Aug  4 2022 06:17:15  BuildStamp: freesurfer-linux-ubuntu22_x86_64-7.3.2-20220804-6354275  User: oesteban  Machine: dna078  Platform: Linux  PlatformVersion: 5.14.0-427.37.1.el9_4.x86_64  CompilerName: GCC  CompilerVersion: 8.4.0
ProgramName: mri_surfcluster  ProgramArguments: mri_surfcluster -all-info  ProgramVersion: 7.3.2  TimeStamp: 2026/03/08-19:48:25-GMT  BuildTime: Aug  4 2022 06:17:15  BuildStamp: freesurfer-linux-ubuntu22_x86_64-7.3.2-20220804-6354275  User: oesteban  Machine: dna078  Platform: Linux  PlatformVersion: 5.14.0-427.37.1.el9_4.x86_64  CompilerName: GCC  CompilerVersion: 8.4.0
ProgramName: mris_volmask  ProgramArguments: mris_volmask -all-info  ProgramVersion: 7.3.2  TimeStamp: 2026/03/08-19:48:25-GMT  BuildTime: Aug  4 2022 06:17:15  BuildStamp: freesurfer-linux-ubuntu22_x86_64-7.3.2-20220804-6354275  User: oesteban  Machine: dna078  Platform: Linux  PlatformVersion: 5.14.0-427.37.1.el9_4.x86_64  CompilerName: GCC  CompilerVersion: 8.4.0
ProgramName: mri_tessellate  ProgramArguments: mri_tessellate -all-info  ProgramVersion: 7.3.2  TimeStamp: 2026/03/08-19:48:25-GMT  BuildTime: Aug  4 2022 06:17:15  BuildStamp: freesurfer-linux-ubuntu22_x86_64-7.3.2-20220804-6354275  User: oesteban  Machine: dna078  Platform: Linux  PlatformVersion: 5.14.0-427.37.1.el9_4.x86_64  CompilerName: GCC  CompilerVersion: 8.4.0
ProgramName: mri_vol2surf  ProgramArguments: mri_vol2surf -all-info  ProgramVersion: 7.3.2  TimeStamp: 2026/03/08-19:48:25-GMT  BuildTime: Aug  4 2022 06:17:15  BuildStamp: freesurfer-linux-ubuntu22_x86_64-7.3.2-20220804-6354275  User: oesteban  Machine: dna078  Platform: Linux  PlatformVersion: 5.14.0-427.37.1.el9_4.x86_64  CompilerName: GCC  CompilerVersion: 8.4.0
ProgramName: mri_vol2vol  ProgramArguments: mri_vol2vol -all-info  ProgramVersion: 7.3.2  TimeStamp: 2026/03/08-19:48:25-GMT  BuildTime: Aug  4 2022 06:17:15  BuildStamp: freesurfer-linux-ubuntu22_x86_64-7.3.2-20220804-6354275  User: oesteban  Machine: dna078  Platform: Linux  PlatformVersion: 5.14.0-427.37.1.el9_4.x86_64  CompilerName: GCC  CompilerVersion: 8.4.0
ProgramName: mri_voldiff  ProgramArguments: mri_voldiff -all-info  ProgramVersion: 7.3.2  TimeStamp: 2026/03/08-19:48:25-GMT  BuildTime: Aug  4 2022 06:17:15  BuildStamp: freesurfer-linux-ubuntu22_x86_64-7.3.2-20220804-6354275  User: oesteban  Machine: dna078  Platform: Linux  PlatformVersion: 5.14.0-427.37.1.el9_4.x86_64  CompilerName: GCC  CompilerVersion: 8.4.0
ProgramName: mri_watershed  ProgramArguments: mri_watershed -all-info  ProgramVersion: 7.3.2  TimeStamp: 2026/03/08-19:48:25-GMT  BuildTime: Aug  4 2022 06:17:15  BuildStamp: freesurfer-linux-ubuntu22_x86_64-7.3.2-20220804-6354275  User: oesteban  Machine: dna078  Platform: Linux  PlatformVersion: 5.14.0-427.37.1.el9_4.x86_64  CompilerName: GCC  CompilerVersion: 8.4.0
ProgramName: tkregister2  ProgramArguments: tkregister2_cmdl -all-info  ProgramVersion: 7.3.2  TimeStamp: 2026/03/08-19:48:25-GMT  BuildTime: Aug  4 2022 06:17:15  BuildStamp: freesurfer-linux-ubuntu22_x86_64-7.3.2-20220804-6354275  User: oesteban  Machine: dna078  Platform: Linux  PlatformVersion: 5.14.0-427.37.1.el9_4.x86_64  CompilerName: GCC  CompilerVersion: 8.4.0
mri_motion_correct.fsl 7.3.2
mri_convert -all-info 
ProgramName: mri_convert  ProgramArguments: mri_convert -all-info  ProgramVersion: 7.3.2  TimeStamp: 2026/03/08-19:48:25-GMT  BuildTime: Aug  4 2022 06:17:15  BuildStamp: freesurfer-linux-ubuntu22_x86_64-7.3.2-20220804-6354275  User: oesteban  Machine: dna078  Platform: Linux  PlatformVersion: 5.14.0-427.37.1.el9_4.x86_64  CompilerName: GCC  CompilerVersion: 8.4.0
Program nu_correct, built from:
Package MNI N3, version 1.12.0, compiled by nicks@terrier (x86_64-unknown-linux-gnu) on 2015-06-19 at 01:25:34
#######################################
GCADIR /opt/freesurfer/average
GCA RB_all_2020-01-02.gca
GCASkull RB_all_withskull_2020_01_02.gca
AvgCurvTif folding.atlas.acfb40.noaparc.i12.2016-08-02.tif
GCSDIR /opt/freesurfer/average
GCS DKaparc.atlas.acfb40.noaparc.i12.2016-08-02.gcs
#######################################
#--------------------------------------------
#@# WhiteSurfs lh Sun Mar  8 20:48:25 CET 2026
cd /out/sourcedata/freesurfer/sub-v1s14x0051574_ses-1/mri
mris_place_surface --adgws-in ../surf/autodet.gw.stats.lh.dat --seg aseg.presurf.mgz --threads 16 --wm wm.mgz --invol brain.finalsurfs.mgz --lh --i ../surf/lh.white.preaparc --o ../surf/lh.white --white --nsmooth 0 --rip-label ../label/lh.cortex.label --rip-bg --rip-surf ../surf/lh.white.preaparc --aparc ../label/lh.aparc.annot
   Update not needed
#--------------------------------------------
#@# WhiteSurfs rh Sun Mar  8 20:48:25 CET 2026
cd /out/sourcedata/freesurfer/sub-v1s14x0051574_ses-1/mri
mris_place_surface --adgws-in ../surf/autodet.gw.stats.rh.dat --seg aseg.presurf.mgz --threads 16 --wm wm.mgz --invol brain.finalsurfs.mgz --rh --i ../surf/rh.white.preaparc --o ../surf/rh.white --white --nsmooth 0 --rip-label ../label/rh.cortex.label --rip-bg --rip-surf ../surf/rh.white.preaparc --aparc ../label/rh.aparc.annot
   Update not needed
#@# white curv lh Sun Mar  8 20:48:25 CET 2026
cd /out/sourcedata/freesurfer/sub-v1s14x0051574_ses-1/mri
mris_place_surface --curv-map ../surf/lh.white 2 10 ../surf/lh.curv
   Update not needed
#@# white area lh Sun Mar  8 20:48:25 CET 2026
cd /out/sourcedata/freesurfer/sub-v1s14x0051574_ses-1/mri
mris_place_surface --area-map ../surf/lh.white ../surf/lh.area
   Update not needed
#@# pial curv lh Sun Mar  8 20:48:25 CET 2026
cd /out/sourcedata/freesurfer/sub-v1s14x0051574_ses-1/mri
mris_place_surface --curv-map ../surf/lh.pial 2 10 ../surf/lh.curv.pial
   Update not needed
#@# pial area lh Sun Mar  8 20:48:25 CET 2026
cd /out/sourcedata/freesurfer/sub-v1s14x0051574_ses-1/mri
mris_place_surface --area-map ../surf/lh.pial ../surf/lh.area.pial
   Update not needed
#@# thickness lh Sun Mar  8 20:48:25 CET 2026
cd /out/sourcedata/freesurfer/sub-v1s14x0051574_ses-1/mri
mris_place_surface --thickness ../surf/lh.white ../surf/lh.pial 20 5 ../surf/lh.thickness
   Update not needed
#@# area and vertex vol lh Sun Mar  8 20:48:25 CET 2026
cd /out/sourcedata/freesurfer/sub-v1s14x0051574_ses-1/mri
mris_place_surface --thickness ../surf/lh.white ../surf/lh.pial 20 5 ../surf/lh.thickness
   Update not needed
#@# white curv rh Sun Mar  8 20:48:25 CET 2026
cd /out/sourcedata/freesurfer/sub-v1s14x0051574_ses-1/mri
mris_place_surface --curv-map ../surf/rh.white 2 10 ../surf/rh.curv
   Update not needed
#@# white area rh Sun Mar  8 20:48:25 CET 2026
cd /out/sourcedata/freesurfer/sub-v1s14x0051574_ses-1/mri
mris_place_surface --area-map ../surf/rh.white ../surf/rh.area
   Update not needed
#@# pial curv rh Sun Mar  8 20:48:25 CET 2026
cd /out/sourcedata/freesurfer/sub-v1s14x0051574_ses-1/mri
mris_place_surface --curv-map ../surf/rh.pial 2 10 ../surf/rh.curv.pial
   Update not needed
#@# pial area rh Sun Mar  8 20:48:25 CET 2026
cd /out/sourcedata/freesurfer/sub-v1s14x0051574_ses-1/mri
mris_place_surface --area-map ../surf/rh.pial ../surf/rh.area.pial
   Update not needed
#@# thickness rh Sun Mar  8 20:48:25 CET 2026
cd /out/sourcedata/freesurfer/sub-v1s14x0051574_ses-1/mri
mris_place_surface --thickness ../surf/rh.white ../surf/rh.pial 20 5 ../surf/rh.thickness
   Update not needed
#@# area and vertex vol rh Sun Mar  8 20:48:25 CET 2026
cd /out/sourcedata/freesurfer/sub-v1s14x0051574_ses-1/mri
mris_place_surface --thickness ../surf/rh.white ../surf/rh.pial 20 5 ../surf/rh.thickness
   Update not needed

#-----------------------------------------
#@# Curvature Stats lh Sun Mar  8 20:48:25 CET 2026
/out/sourcedata/freesurfer/sub-v1s14x0051574_ses-1/surf

 mris_curvature_stats -m --writeCurvatureFiles -G -o ../stats/lh.curv.stats -F smoothwm sub-v1s14x0051574_ses-1 lh curv sulc 

             Toggling save flag on curvature files                       [ ok ]
                 Outputting results using filestem   [ ../stats/lh.curv.stats ]
             Toggling save flag on curvature files                       [ ok ]
                                   Setting surface [ sub-v1s14x0051574_ses-1/lh.smoothwm ]
                                Reading surface...                       [ ok ]
                                   Setting texture                     [ curv ]
                                Reading texture...                       [ ok ]
                                   Setting texture                     [ sulc ]
                                Reading texture...Gb_filter = 0
                       [ ok ]
      Calculating Discrete Principal Curvatures...
      Determining geometric order for vno faces... [####################] [ ok ]
                      Determining KH curvatures... [####################] [ ok ]
                    Determining k1k2 curvatures... [####################] [ ok ]
                                   deltaViolations                      [ 252 ]
Gb_filter = 0

WARN:    S lookup   min:                          -0.038337
WARN:    S explicit min:                          0.000000	vertex = 399

#-----------------------------------------
#@# Curvature Stats rh Sun Mar  8 20:48:27 CET 2026
/out/sourcedata/freesurfer/sub-v1s14x0051574_ses-1/surf

 mris_curvature_stats -m --writeCurvatureFiles -G -o ../stats/rh.curv.stats -F smoothwm sub-v1s14x0051574_ses-1 rh curv sulc 

             Toggling save flag on curvature files                       [ ok ]
                 Outputting results using filestem   [ ../stats/rh.curv.stats ]
             Toggling save flag on curvature files                       [ ok ]
                                   Setting surface [ sub-v1s14x0051574_ses-1/rh.smoothwm ]
                                Reading surface...                       [ ok ]
                                   Setting texture                     [ curv ]
                                Reading texture...                       [ ok ]
                                   Setting texture                     [ sulc ]
                                Reading texture...Gb_filter = 0
                       [ ok ]
      Calculating Discrete Principal Curvatures...
      Determining geometric order for vno faces... [####################] [ ok ]
                      Determining KH curvatures... [####################] [ ok ]
                    Determining k1k2 curvatures... [####################] [ ok ]
                                   deltaViolations                      [ 249 ]
Gb_filter = 0

WARN:    S lookup   min:                          -0.097452
WARN:    S explicit min:                          0.000000	vertex = 474
#-----------------------------------------
#@# Relabel Hypointensities Sun Mar  8 20:48:29 CET 2026
/out/sourcedata/freesurfer/sub-v1s14x0051574_ses-1/mri

 mri_relabel_hypointensities aseg.presurf.mgz ../surf aseg.presurf.hypos.mgz 

reading input surface ../surf/lh.white...
relabeling lh hypointensities...
2516 voxels changed to hypointensity...
reading input surface ../surf/rh.white...
relabeling rh hypointensities...
3151 voxels changed to hypointensity...
5651 hypointense voxels neighboring cortex changed
#-----------------------------------------
#@# APas-to-ASeg Sun Mar  8 20:48:39 CET 2026
/out/sourcedata/freesurfer/sub-v1s14x0051574_ses-1/mri

 mri_surf2volseg --o aseg.mgz --i aseg.presurf.hypos.mgz --fix-presurf-with-ribbon /out/sourcedata/freesurfer/sub-v1s14x0051574_ses-1/mri/ribbon.mgz --threads 16 --lh-cortex-mask /out/sourcedata/freesurfer/sub-v1s14x0051574_ses-1/label/lh.cortex.label --lh-white /out/sourcedata/freesurfer/sub-v1s14x0051574_ses-1/surf/lh.white --lh-pial /out/sourcedata/freesurfer/sub-v1s14x0051574_ses-1/surf/lh.pial --rh-cortex-mask /out/sourcedata/freesurfer/sub-v1s14x0051574_ses-1/label/rh.cortex.label --rh-white /out/sourcedata/freesurfer/sub-v1s14x0051574_ses-1/surf/rh.white --rh-pial /out/sourcedata/freesurfer/sub-v1s14x0051574_ses-1/surf/rh.pial 

SUBJECTS_DIR /out/sourcedata/freesurfer
outvol aseg.mgz
16 avail.processors, using 16
Loading aseg.presurf.hypos.mgz
Loading /out/sourcedata/freesurfer/sub-v1s14x0051574_ses-1/mri/ribbon.mgz
Loading /out/sourcedata/freesurfer/sub-v1s14x0051574_ses-1/surf/lh.white
Loading /out/sourcedata/freesurfer/sub-v1s14x0051574_ses-1/surf/lh.pial
Loading /out/sourcedata/freesurfer/sub-v1s14x0051574_ses-1/label/lh.cortex.label
Loading /out/sourcedata/freesurfer/sub-v1s14x0051574_ses-1/surf/rh.white
Loading /out/sourcedata/freesurfer/sub-v1s14x0051574_ses-1/surf/rh.pial
Loading /out/sourcedata/freesurfer/sub-v1s14x0051574_ses-1/label/rh.cortex.label
Done loading
  0 208  80 112 240  48 144 224  96  32 176 160  64  16  33 225 209 128  17 192   1  49  34 226 241 210   2  50  35 227 242 211  51   3  36 228 177 243 212  52 193   4  37 229  53 244 213  38   5  18 230  54 214 245  39 
  6  19 
145 231  55  65 161  40 246 215   7  20  56 232  81  41 247 216  21   8  97  57 233 217 248  22  42   9 113 218  58 249 234 219 
250  43  10  23 235 220  44 251  59 
 24  11 236 194  45 252 221 146 178  25  12  46 237 162 253 222  66  47 238  13  26 254 223  60 239 
255  14  27  82 195  98  15  28 179 
147  29 163 129  67  61  30 196  31  62 197  83  99 
 68 148 164 180 198  63  69 149 199 
165 181  84 100  70 114 200 201 150 202 203  71 182 204 166 101 205  85 206 207  72 151 183 102 130 167  86 152 115 168 184 103  87  73 153 185 169 186 104  88 154 170 187  74 116 188 155 105 171 189  89 190 172 106  75 191 156  90 117 173 107 157  91  76 174 158 108  92 175 118 159 
131  77 109  93  78 110 119 
 94 111  79 
 95 120 121 132 122 123 133 124 134 125 135 126 136 127 137 138 139 
140 141 142 143 
nrelabeled = 127997
ndotcheck = 0
Starting Surf2VolSeg free
free done
#VMPC# mri_surf2volseg VmPeak  1976888
mri_surf2volseg done

 mri_brainvol_stats sub-v1s14x0051574_ses-1 

ComputeBrainVolumeStats2 VoxelVol=1, KeepCSF=1
  #CBVS2 MaskVol              1449487.0
  #CBVS2 BrainSegVol          1182856.0
  #CBVS2 BrainSegVolNotVent   1170372.0
  #CBVS2 SupraTentVol         1056941.0
  #CBVS2 SupraTentVolNotVent  1044457.0
  #CBVS2 lhCtxGM               235490.4
  #CBVS2 rhCtxGM               239152.2
  #CBVS2 lhCerebralWM          255023.0
  #CBVS2 rhCerebralWM          257018.0
  #CBVS2 SubCortGMVol           60588.0
  #CBVS2 CerebellumVol         125915.0
  #CBVS2 CerebellumGMVol       100592.0
  #CBVS2 VentChorVol             9797.0
  #CBVS2 3rd4th5thCSF            2687.0
  #CBVS2 AllCSF                 12484.0
  #CBVS2 CCVol                   4782.0
#-----------------------------------------
#@# AParc-to-ASeg aparc Sun Mar  8 20:48:44 CET 2026
/out/sourcedata/freesurfer/sub-v1s14x0051574_ses-1/mri

 mri_surf2volseg --o aparc+aseg.mgz --label-cortex --i aseg.mgz --threads 16 --lh-annot /out/sourcedata/freesurfer/sub-v1s14x0051574_ses-1/label/lh.aparc.annot 1000 --lh-cortex-mask /out/sourcedata/freesurfer/sub-v1s14x0051574_ses-1/label/lh.cortex.label --lh-white /out/sourcedata/freesurfer/sub-v1s14x0051574_ses-1/surf/lh.white --lh-pial /out/sourcedata/freesurfer/sub-v1s14x0051574_ses-1/surf/lh.pial --rh-annot /out/sourcedata/freesurfer/sub-v1s14x0051574_ses-1/label/rh.aparc.annot 2000 --rh-cortex-mask /out/sourcedata/freesurfer/sub-v1s14x0051574_ses-1/label/rh.cortex.label --rh-white /out/sourcedata/freesurfer/sub-v1s14x0051574_ses-1/surf/rh.white --rh-pial /out/sourcedata/freesurfer/sub-v1s14x0051574_ses-1/surf/rh.pial 

SUBJECTS_DIR /out/sourcedata/freesurfer
outvol aparc+aseg.mgz
16 avail.processors, using 16
Loading aseg.mgz
Loading /out/sourcedata/freesurfer/sub-v1s14x0051574_ses-1/surf/lh.white
Loading /out/sourcedata/freesurfer/sub-v1s14x0051574_ses-1/surf/lh.pial
Loading /out/sourcedata/freesurfer/sub-v1s14x0051574_ses-1/label/lh.cortex.label
Ripping lh vertices labeled not in lh.cortex.label
  ripped 8708 vertices from lh hemi
Loading /out/sourcedata/freesurfer/sub-v1s14x0051574_ses-1/label/lh.aparc.annot
Loading /out/sourcedata/freesurfer/sub-v1s14x0051574_ses-1/surf/rh.white
Loading /out/sourcedata/freesurfer/sub-v1s14x0051574_ses-1/surf/rh.pial
Loading /out/sourcedata/freesurfer/sub-v1s14x0051574_ses-1/label/rh.cortex.label
Ripping rh vertices labeled not in rh.cortex.label
  ripped 9040 vertices from rh hemi
Loading /out/sourcedata/freesurfer/sub-v1s14x0051574_ses-1/label/rh.aparc.annot
Done loading
  0  96 176 112 144 192 240 128 208  80  16  32  64 224  17 160 241  33   1 225  48 242 209  18  34   2 226 243 210  49  19 
  3  35 227 211 244  20  50  36   4 228  21 212 245  51  37   5  22 229 246 213  52  38   6  23 230 247 214  53  39   7 
 24 231 248 215  54  40   8 232  25 249 216  55 233  26 250 217  41   9  56  27 234 251 218  42  10  57  28 235 252 219 
 43  11  58  29 253 236 220  44  12 254 237 221  30  45  13 255  59 
238  31 222  46  14 239 
223  47  15  60  61  62  65 193  63  66 145 194  67 113 195 129 196  81 146  68 197  97 198 199 
200 201 202 203 204 205 206 207 161 177 147  69 114 130 148  70  82 115  71  98 149 131 178 162  72 132  83 116 150 133 179 
 73  99 
151 117 163  84 134  74 152 118 180 100 135 153  75  85 164 119 
181 154 136  76 101  86 120 182 155 165  77 137 121 102 156 183  87  78 166 122 138 157 184 103  88 123  79 
158 185 139 
167 104 186 124 159 
140  89 187 168 105 188 141 125 189  90 106 190 169 142 191  91 143 107 126 170 108  92 109 127 171  93 110  94 172 111 173  95 174 175 
nrelabeled = 471799
ndotcheck = 29822
Starting Surf2VolSeg free
free done
#VMPC# mri_surf2volseg VmPeak  1961168
mri_surf2volseg done
#-----------------------------------------
#@# AParc-to-ASeg aparc.a2009s Sun Mar  8 20:49:03 CET 2026
/out/sourcedata/freesurfer/sub-v1s14x0051574_ses-1/mri

 mri_surf2volseg --o aparc.a2009s+aseg.mgz --label-cortex --i aseg.mgz --threads 16 --lh-annot /out/sourcedata/freesurfer/sub-v1s14x0051574_ses-1/label/lh.aparc.a2009s.annot 11100 --lh-cortex-mask /out/sourcedata/freesurfer/sub-v1s14x0051574_ses-1/label/lh.cortex.label --lh-white /out/sourcedata/freesurfer/sub-v1s14x0051574_ses-1/surf/lh.white --lh-pial /out/sourcedata/freesurfer/sub-v1s14x0051574_ses-1/surf/lh.pial --rh-annot /out/sourcedata/freesurfer/sub-v1s14x0051574_ses-1/label/rh.aparc.a2009s.annot 12100 --rh-cortex-mask /out/sourcedata/freesurfer/sub-v1s14x0051574_ses-1/label/rh.cortex.label --rh-white /out/sourcedata/freesurfer/sub-v1s14x0051574_ses-1/surf/rh.white --rh-pial /out/sourcedata/freesurfer/sub-v1s14x0051574_ses-1/surf/rh.pial 

SUBJECTS_DIR /out/sourcedata/freesurfer
outvol aparc.a2009s+aseg.mgz
16 avail.processors, using 16
Loading aseg.mgz
Loading /out/sourcedata/freesurfer/sub-v1s14x0051574_ses-1/surf/lh.white
Loading /out/sourcedata/freesurfer/sub-v1s14x0051574_ses-1/surf/lh.pial
Loading /out/sourcedata/freesurfer/sub-v1s14x0051574_ses-1/label/lh.cortex.label
Ripping lh vertices labeled not in lh.cortex.label
  ripped 8708 vertices from lh hemi
Loading /out/sourcedata/freesurfer/sub-v1s14x0051574_ses-1/label/lh.aparc.a2009s.annot
Loading /out/sourcedata/freesurfer/sub-v1s14x0051574_ses-1/surf/rh.white
Loading /out/sourcedata/freesurfer/sub-v1s14x0051574_ses-1/surf/rh.pial
Loading /out/sourcedata/freesurfer/sub-v1s14x0051574_ses-1/label/rh.cortex.label
Ripping rh vertices labeled not in rh.cortex.label
  ripped 9040 vertices from rh hemi
Loading /out/sourcedata/freesurfer/sub-v1s14x0051574_ses-1/label/rh.aparc.a2009s.annot
Done loading
192 208 160  48   0  64 112  16 128  96 240 144 176  32  80 224  17  49 225 241   1  33 209  18  50 242 226   2  34 210  19 
243  51 227   3  35 211  20 244  52 228  36   4  21 212 245  53 229  37  22   5 213  54 246 230  38   6  23 214  55 247 231  39 
  7  24  56 215 248 232   8 216  25  40  57 233 249   9  58  26 217  41 250 234  10  27 218 251 235  42  11  28  59 
219 
252 236  43  12  29 220 253 237  13  44  30 221 254  14 238  45  31 222 255  15 239 
 46 223  60  47  61  62  65  63 193  66 145  67 194 113 129 195  81 196  68 161 146 197 177 198 199 
200 201 202 203 204 205 206 207  97 114 130  69 147  82 162  70 115 148 178 131  98 149  71  83 116 132 163 150  72 179 
 99 
133 117  84 151  73 164 118 134 180 152 100  85  74 153 119 
165 181 135 101 154  86  75 120 166 182 102 155 136  76  87 121 156 167 183 103 122  77  88 157 137 184 104 168 123 185  78 105 158 169  89 186 138 124 187  79 
106 170 188 159 
 90 125 189 139 
171 107 190 191  91 108 172 126 140 109 173  92 127 141 174 110  93 175 142 111  94 143  95 
nrelabeled = 471799
ndotcheck = 29822
Starting Surf2VolSeg free
free done
#VMPC# mri_surf2volseg VmPeak  2359240
mri_surf2volseg done
#-----------------------------------------
#@# AParc-to-ASeg aparc.DKTatlas Sun Mar  8 20:49:21 CET 2026
/out/sourcedata/freesurfer/sub-v1s14x0051574_ses-1/mri

 mri_surf2volseg --o aparc.DKTatlas+aseg.mgz --label-cortex --i aseg.mgz --threads 16 --lh-annot /out/sourcedata/freesurfer/sub-v1s14x0051574_ses-1/label/lh.aparc.DKTatlas.annot 1000 --lh-cortex-mask /out/sourcedata/freesurfer/sub-v1s14x0051574_ses-1/label/lh.cortex.label --lh-white /out/sourcedata/freesurfer/sub-v1s14x0051574_ses-1/surf/lh.white --lh-pial /out/sourcedata/freesurfer/sub-v1s14x0051574_ses-1/surf/lh.pial --rh-annot /out/sourcedata/freesurfer/sub-v1s14x0051574_ses-1/label/rh.aparc.DKTatlas.annot 2000 --rh-cortex-mask /out/sourcedata/freesurfer/sub-v1s14x0051574_ses-1/label/rh.cortex.label --rh-white /out/sourcedata/freesurfer/sub-v1s14x0051574_ses-1/surf/rh.white --rh-pial /out/sourcedata/freesurfer/sub-v1s14x0051574_ses-1/surf/rh.pial 

SUBJECTS_DIR /out/sourcedata/freesurfer
outvol aparc.DKTatlas+aseg.mgz
16 avail.processors, using 16
Loading aseg.mgz
Loading /out/sourcedata/freesurfer/sub-v1s14x0051574_ses-1/surf/lh.white
Loading /out/sourcedata/freesurfer/sub-v1s14x0051574_ses-1/surf/lh.pial
Loading /out/sourcedata/freesurfer/sub-v1s14x0051574_ses-1/label/lh.cortex.label
Ripping lh vertices labeled not in lh.cortex.label
  ripped 8708 vertices from lh hemi
Loading /out/sourcedata/freesurfer/sub-v1s14x0051574_ses-1/label/lh.aparc.DKTatlas.annot
Loading /out/sourcedata/freesurfer/sub-v1s14x0051574_ses-1/surf/rh.white
Loading /out/sourcedata/freesurfer/sub-v1s14x0051574_ses-1/surf/rh.pial
Loading /out/sourcedata/freesurfer/sub-v1s14x0051574_ses-1/label/rh.cortex.label
Ripping rh vertices labeled not in rh.cortex.label
  ripped 9040 vertices from rh hemi
Loading /out/sourcedata/freesurfer/sub-v1s14x0051574_ses-1/label/rh.aparc.DKTatlas.annot
Done loading
  0 160  80  96 144 240  32 176  16 192 208 112  64  48 128 224 241 209  49   1  33  17 225 242  50   2 210  34  18 226 243  51  35   3 211  19 
227 244  52   4  36 212  20 228 245  53 213  37   5  21 229 246  54 214  38   6  22 230 247  55 215  39 
  7  23 231 248  40 216  56   8 232  24 249  41 217  57   9 233 250  25  42 218  58 234  10  26 251  43 219 
235  11 252  27  44 220 253 236  12  59 
 28 254 221  45 237  13  29 255 222  46 238  14  30 223  47 239 
 15  31  60  61  62  65  63 193  66 145 194  67 113 195 129  81  68 196 146 197 161 198 199 
 97 177 200 201 202 203 204 205 206 207  69 114 130 147  70  82 148 115  71 162  98 131 178 149  72 132 116  83 150 133  99 
179 
 73 163 117 151 134  74  84 180 100 118 152 164 135  75 153 181 119 
101  85 136  76 154 165 182 102 120 155  77  86 137 166 103 121 183 156  78 138 104 122  87 157 184 167  79 
139 
185 123 105 158 186 168  88 140 124 106 187 159 
188 141 169 107 125 189  89 142 190 108 170 191 143 109 126  90 110 171  91 111 127 172  92 173  93 174  94 175  95 
nrelabeled = 471799
ndotcheck = 29822
Starting Surf2VolSeg free
free done
#VMPC# mri_surf2volseg VmPeak  2342876
mri_surf2volseg done
#-----------------------------------------
#@# WMParc Sun Mar  8 20:49:41 CET 2026
/out/sourcedata/freesurfer/sub-v1s14x0051574_ses-1/mri

 mri_surf2volseg --o wmparc.mgz --label-wm --i aparc+aseg.mgz --threads 16 --lh-annot /out/sourcedata/freesurfer/sub-v1s14x0051574_ses-1/label/lh.aparc.annot 3000 --lh-cortex-mask /out/sourcedata/freesurfer/sub-v1s14x0051574_ses-1/label/lh.cortex.label --lh-white /out/sourcedata/freesurfer/sub-v1s14x0051574_ses-1/surf/lh.white --lh-pial /out/sourcedata/freesurfer/sub-v1s14x0051574_ses-1/surf/lh.pial --rh-annot /out/sourcedata/freesurfer/sub-v1s14x0051574_ses-1/label/rh.aparc.annot 4000 --rh-cortex-mask /out/sourcedata/freesurfer/sub-v1s14x0051574_ses-1/label/rh.cortex.label --rh-white /out/sourcedata/freesurfer/sub-v1s14x0051574_ses-1/surf/rh.white --rh-pial /out/sourcedata/freesurfer/sub-v1s14x0051574_ses-1/surf/rh.pial 

SUBJECTS_DIR /out/sourcedata/freesurfer
outvol wmparc.mgz
16 avail.processors, using 16
Loading aparc+aseg.mgz
Loading /out/sourcedata/freesurfer/sub-v1s14x0051574_ses-1/surf/lh.white
Loading /out/sourcedata/freesurfer/sub-v1s14x0051574_ses-1/surf/lh.pial
Loading /out/sourcedata/freesurfer/sub-v1s14x0051574_ses-1/label/lh.cortex.label
Ripping lh vertices labeled not in lh.cortex.label
  ripped 8708 vertices from lh hemi
Loading /out/sourcedata/freesurfer/sub-v1s14x0051574_ses-1/label/lh.aparc.annot
Loading /out/sourcedata/freesurfer/sub-v1s14x0051574_ses-1/surf/rh.white
Loading /out/sourcedata/freesurfer/sub-v1s14x0051574_ses-1/surf/rh.pial
Loading /out/sourcedata/freesurfer/sub-v1s14x0051574_ses-1/label/rh.cortex.label
Ripping rh vertices labeled not in rh.cortex.label
  ripped 9040 vertices from rh hemi
Loading /out/sourcedata/freesurfer/sub-v1s14x0051574_ses-1/label/rh.aparc.annot
Done loading
  0 176  32 160 208  80  96 112  48 224  16 192 240 128  64 144   1  49  17 241 225 209  33  50   2 242  18 226  34 210  51   3 243  19 
227  35 211  52   4 244  20 228  36 212  53   5 245  21 229  37  54   6 213 246  22 230  38   7  55 247 214  23 231  39 
  8  56 248  65 215  24 232  57   9 249  40 216  25 233  58  10 250 217  41  26 234  59 
 11 251 218  42 235  27  60  12 252 219 
236  43  61  13  28 253 220  44 237  62  14 254  29 221 238  45  15 255  30 222 239 
 46  63  31 223  47 193  66 129 194  67 195 196 130 197 198 199 
200 131 201  68 202 203 204 205 206 207  69 132  70 133  71  81 177  72  97 145 161  73 134  82  74 178 113  75  98 135  83 162 179 
 76 146 136  77  84 180  99 
114  78 137 163 181  85  79 
147 100 182 138  86 164 115 183 184 139 
101  87 185 148 165 186 116 187 140  88 188 189 166 102 190 191  89 149 141 117 167 103  90 142 168 118 150  91 104 143 169 119 
 92 170 151 105 120  93 171 121 152  94 106 172 122  95 173 153 123 107 174 124 154 175 125 108 126 155 127 156 109 157 110 158 159 
111 
nrelabeled = 507259
ndotcheck = 3345
Starting Surf2VolSeg free
free done
#VMPC# mri_surf2volseg VmPeak  1966712
mri_surf2volseg done

 mri_segstats --seed 1234 --seg mri/wmparc.mgz --sum stats/wmparc.stats --pv mri/norm.mgz --excludeid 0 --brainmask mri/brainmask.mgz --in mri/norm.mgz --in-intensity-name norm --in-intensity-units MR --subject sub-v1s14x0051574_ses-1 --surf-wm-vol --ctab /opt/freesurfer/WMParcStatsLUT.txt --etiv 

setting seed for random number genererator to 1234

7.3.2
cwd 
cmdline mri_segstats --seed 1234 --seg mri/wmparc.mgz --sum stats/wmparc.stats --pv mri/norm.mgz --excludeid 0 --brainmask mri/brainmask.mgz --in mri/norm.mgz --in-intensity-name norm --in-intensity-units MR --subject sub-v1s14x0051574_ses-1 --surf-wm-vol --ctab /opt/freesurfer/WMParcStatsLUT.txt --etiv 
sysname  Linux
hostname dna078
machine  x86_64
user     oesteban
whitesurfname  white
UseRobust  0
atlas_icv (eTIV) = 1281815 mm^3    (det: 1.519803 )
Loading mri/wmparc.mgz
Getting Brain Volume Statistics
Loading mri/norm.mgz
Loading mri/norm.mgz
Voxel Volume is 1 mm^3
Generating list of segmentation ids
Found 390 segmentations
Computing statistics for each segmentation

Reporting on  70 segmentations
Using PrintSegStat
mri_segstats done
#--------------------------------------------
#@# ASeg Stats Sun Mar  8 20:51:27 CET 2026
/out/sourcedata/freesurfer/sub-v1s14x0051574_ses-1

 mri_segstats --seed 1234 --seg mri/aseg.mgz --sum stats/aseg.stats --pv mri/norm.mgz --empty --brainmask mri/brainmask.mgz --brain-vol-from-seg --excludeid 0 --excl-ctxgmwm --supratent --subcortgray --in mri/norm.mgz --in-intensity-name norm --in-intensity-units MR --etiv --surf-wm-vol --surf-ctx-vol --totalgray --euler --ctab /opt/freesurfer/ASegStatsLUT.txt --subject sub-v1s14x0051574_ses-1 

setting seed for random number genererator to 1234

7.3.2
cwd 
cmdline mri_segstats --seed 1234 --seg mri/aseg.mgz --sum stats/aseg.stats --pv mri/norm.mgz --empty --brainmask mri/brainmask.mgz --brain-vol-from-seg --excludeid 0 --excl-ctxgmwm --supratent --subcortgray --in mri/norm.mgz --in-intensity-name norm --in-intensity-units MR --etiv --surf-wm-vol --surf-ctx-vol --totalgray --euler --ctab /opt/freesurfer/ASegStatsLUT.txt --subject sub-v1s14x0051574_ses-1 
sysname  Linux
hostname dna078
machine  x86_64
user     oesteban
whitesurfname  white
UseRobust  0
atlas_icv (eTIV) = 1281815 mm^3    (det: 1.519803 )
Computing euler number
orig.nofix lheno =  -50, rheno = -38
orig.nofix lhholes =   26, rhholes = 20
Loading mri/aseg.mgz
Getting Brain Volume Statistics
Loading mri/norm.mgz
Loading mri/norm.mgz
Voxel Volume is 1 mm^3
Generating list of segmentation ids
Found  50 segmentations
Computing statistics for each segmentation

Reporting on  45 segmentations
Using PrintSegStat
mri_segstats done

Started at Sun Mar 8 20:48:25 CET 2026 
Ended   at Sun Mar 8 20:51:44 CET 2026
#@#%# recon-all-run-time-hours 0.055
recon-all -s sub-v1s14x0051574_ses-1 finished without error at Sun Mar  8 20:51:44 CET 2026
