
Sun Mar  8 17:16:15 CET 2026
cd /out/sourcedata/freesurfer/sub-v1s14x0051559_ses-1
setenv SUBJECTS_DIR /out/sourcedata/freesurfer
/opt/freesurfer/bin/recon-all -autorecon1 -i /work/fmriprep_25_2_wf/sub_v1s14x0051559_ses_1_wf/anat_fit_wf/anat_validate/sub-v1s14x0051559_ses-1_T1w_noise_corrected_ras_valid.nii.gz -noskullstrip -noT2pial -noFLAIRpial -openmp 16 -subjid sub-v1s14x0051559_ses-1 -sd /out/sourcedata/freesurfer

subjid sub-v1s14x0051559_ses-1
setenv SUBJECTS_DIR /out/sourcedata/freesurfer
FREESURFER_HOME /opt/freesurfer
Actual FREESURFER_HOME /opt/freesurfer
build-stamp.txt: freesurfer-linux-ubuntu22_x86_64-7.3.2-20220804-6354275
Linux dna020 5.14.0-427.37.1.el9_4.x86_64 #1 SMP PREEMPT_DYNAMIC Fri Sep 13 12:41:50 EDT 2024 x86_64 x86_64 x86_64 GNU/Linux
cputime      unlimited
filesize     unlimited
datasize     unlimited
stacksize    8192 kbytes
coredumpsize 0 kbytes
memoryuse    67108864 kbytes
vmemoryuse   unlimited
descriptors  1024 
memorylocked unlimited
maxproc      2061970 
maxlocks     unlimited
maxsignal    2061970 
maxmessage   819200 
maxnice      0 
maxrtprio    0 
maxrttime    unlimited

               total        used        free      shared  buff/cache   available
Mem:           503Gi        49Gi       204Gi        34Gi       249Gi       416Gi
Swap:             0B          0B          0B

########################################
program versions used
7.3.2 (freesurfer-linux-ubuntu22_x86_64-7.3.2-20220804-6354275)
7.3.2

ProgramName: lta_convert  ProgramArguments: lta_convert -all-info  ProgramVersion: 7.3.2  TimeStamp: 2026/03/08-16:16:15-GMT  BuildTime: Aug  4 2022 06:17:15  BuildStamp: freesurfer-linux-ubuntu22_x86_64-7.3.2-20220804-6354275  User: oesteban  Machine: dna020  Platform: Linux  PlatformVersion: 5.14.0-427.37.1.el9_4.x86_64  CompilerName: GCC  CompilerVersion: 8.4.0
ProgramName: mri_and  ProgramArguments: mri_and -all-info  ProgramVersion: 7.3.2  TimeStamp: 2026/03/08-16:16:15-GMT  BuildTime: Aug  4 2022 06:17:15  BuildStamp: freesurfer-linux-ubuntu22_x86_64-7.3.2-20220804-6354275  User: oesteban  Machine: dna020  Platform: Linux  PlatformVersion: 5.14.0-427.37.1.el9_4.x86_64  CompilerName: GCC  CompilerVersion: 8.4.0
ProgramName: mri_annotation2label  ProgramArguments: mri_annotation2label -all-info  ProgramVersion: 7.3.2  TimeStamp: 2026/03/08-16:16:15-GMT  BuildTime: Aug  4 2022 06:17:15  BuildStamp: freesurfer-linux-ubuntu22_x86_64-7.3.2-20220804-6354275  User: oesteban  Machine: dna020  Platform: Linux  PlatformVersion: 5.14.0-427.37.1.el9_4.x86_64  CompilerName: GCC  CompilerVersion: 8.4.0
ProgramName: mri_aparc2aseg  ProgramArguments: mri_aparc2aseg -all-info  ProgramVersion: 7.3.2  TimeStamp: 2026/03/08-16:16:15-GMT  BuildTime: Aug  4 2022 06:17:15  BuildStamp: freesurfer-linux-ubuntu22_x86_64-7.3.2-20220804-6354275  User: oesteban  Machine: dna020  Platform: Linux  PlatformVersion: 5.14.0-427.37.1.el9_4.x86_64  CompilerName: GCC  CompilerVersion: 8.4.0
ProgramName: mri_surf2volseg  ProgramArguments: mri_surf2volseg -all-info  ProgramVersion: 7.3.2  TimeStamp: 2026/03/08-16:16:15-GMT  BuildTime: Aug  4 2022 06:17:15  BuildStamp: freesurfer-linux-ubuntu22_x86_64-7.3.2-20220804-6354275  User: oesteban  Machine: dna020  Platform: Linux  PlatformVersion: 5.14.0-427.37.1.el9_4.x86_64  CompilerName: GCC  CompilerVersion: 8.4.0
ProgramName: mri_binarize  ProgramArguments: mri_binarize -all-info  ProgramVersion: 7.3.2  TimeStamp: 2026/03/08-16:16:15-GMT  BuildTime: Aug  4 2022 06:17:15  BuildStamp: freesurfer-linux-ubuntu22_x86_64-7.3.2-20220804-6354275  User: oesteban  Machine: dna020  Platform: Linux  PlatformVersion: 5.14.0-427.37.1.el9_4.x86_64  CompilerName: GCC  CompilerVersion: 8.4.0
ProgramName: mri_ca_label  ProgramArguments: mri_ca_label -all-info  ProgramVersion: 7.3.2  TimeStamp: 2026/03/08-16:16:15-GMT  BuildTime: Aug  4 2022 06:17:15  BuildStamp: freesurfer-linux-ubuntu22_x86_64-7.3.2-20220804-6354275  User: oesteban  Machine: dna020  Platform: Linux  PlatformVersion: 5.14.0-427.37.1.el9_4.x86_64  CompilerName: GCC  CompilerVersion: 8.4.0
ProgramName: mri_ca_normalize  ProgramArguments: mri_ca_normalize -all-info  ProgramVersion: 7.3.2  TimeStamp: 2026/03/08-16:16:15-GMT  BuildTime: Aug  4 2022 06:17:15  BuildStamp: freesurfer-linux-ubuntu22_x86_64-7.3.2-20220804-6354275  User: oesteban  Machine: dna020  Platform: Linux  PlatformVersion: 5.14.0-427.37.1.el9_4.x86_64  CompilerName: GCC  CompilerVersion: 8.4.0
ProgramName: mri_ca_register  ProgramArguments: mri_ca_register -all-info  ProgramVersion: 7.3.2  TimeStamp: 2026/03/08-16:16:15-GMT  BuildTime: Aug  4 2022 06:17:15  BuildStamp: freesurfer-linux-ubuntu22_x86_64-7.3.2-20220804-6354275  User: oesteban  Machine: dna020  Platform: Linux  PlatformVersion: 5.14.0-427.37.1.el9_4.x86_64  CompilerName: GCC  CompilerVersion: 8.4.0
ProgramName: mri_cc  ProgramArguments: mri_cc -all-info  ProgramVersion: 7.3.2  TimeStamp: 2026/03/08-16:16:15-GMT  BuildTime: Aug  4 2022 06:17:15  BuildStamp: freesurfer-linux-ubuntu22_x86_64-7.3.2-20220804-6354275  User: oesteban  Machine: dna020  Platform: Linux  PlatformVersion: 5.14.0-427.37.1.el9_4.x86_64  CompilerName: GCC  CompilerVersion: 8.4.0
ProgramName: mri_compute_overlap  ProgramArguments: mri_compute_overlap -all-info  ProgramVersion: 7.3.2  TimeStamp: 2026/03/08-16:16:15-GMT  BuildTime: Aug  4 2022 06:17:15  BuildStamp: freesurfer-linux-ubuntu22_x86_64-7.3.2-20220804-6354275  User: oesteban  Machine: dna020  Platform: Linux  PlatformVersion: 5.14.0-427.37.1.el9_4.x86_64  CompilerName: GCC  CompilerVersion: 8.4.0
ProgramName: mri_compute_seg_overlap  ProgramArguments: mri_compute_seg_overlap -all-info  ProgramVersion: 7.3.2  TimeStamp: 2026/03/08-16:16:15-GMT  BuildTime: Aug  4 2022 06:17:15  BuildStamp: freesurfer-linux-ubuntu22_x86_64-7.3.2-20220804-6354275  User: oesteban  Machine: dna020  Platform: Linux  PlatformVersion: 5.14.0-427.37.1.el9_4.x86_64  CompilerName: GCC  CompilerVersion: 8.4.0
ProgramName: mri_concat  ProgramArguments: mri_concat -all-info  ProgramVersion: 7.3.2  TimeStamp: 2026/03/08-16:16:15-GMT  BuildTime: Aug  4 2022 06:17:15  BuildStamp: freesurfer-linux-ubuntu22_x86_64-7.3.2-20220804-6354275  User: oesteban  Machine: dna020  Platform: Linux  PlatformVersion: 5.14.0-427.37.1.el9_4.x86_64  CompilerName: GCC  CompilerVersion: 8.4.0
ProgramName: mri_concatenate_lta  ProgramArguments: mri_concatenate_lta -all-info  ProgramVersion: 7.3.2  TimeStamp: 2026/03/08-16:16:15-GMT  BuildTime: Aug  4 2022 06:17:15  BuildStamp: freesurfer-linux-ubuntu22_x86_64-7.3.2-20220804-6354275  User: oesteban  Machine: dna020  Platform: Linux  PlatformVersion: 5.14.0-427.37.1.el9_4.x86_64  CompilerName: GCC  CompilerVersion: 8.4.0
mri_convert -all-info 
ProgramName: mri_convert  ProgramArguments: mri_convert -all-info  ProgramVersion: 7.3.2  TimeStamp: 2026/03/08-16:16:15-GMT  BuildTime: Aug  4 2022 06:17:15  BuildStamp: freesurfer-linux-ubuntu22_x86_64-7.3.2-20220804-6354275  User: oesteban  Machine: dna020  Platform: Linux  PlatformVersion: 5.14.0-427.37.1.el9_4.x86_64  CompilerName: GCC  CompilerVersion: 8.4.0
ProgramName: mri_diff  ProgramArguments: mri_diff -all-info  ProgramVersion: 7.3.2  TimeStamp: 2026/03/08-16:16:15-GMT  BuildTime: Aug  4 2022 06:17:15  BuildStamp: freesurfer-linux-ubuntu22_x86_64-7.3.2-20220804-6354275  User: oesteban  Machine: dna020  Platform: Linux  PlatformVersion: 5.14.0-427.37.1.el9_4.x86_64  CompilerName: GCC  CompilerVersion: 8.4.0
ProgramName: mri_edit_wm_with_aseg  ProgramArguments: mri_edit_wm_with_aseg -all-info  ProgramVersion: 7.3.2  TimeStamp: 2026/03/08-16:16:15-GMT  BuildTime: Aug  4 2022 06:17:15  BuildStamp: freesurfer-linux-ubuntu22_x86_64-7.3.2-20220804-6354275  User: oesteban  Machine: dna020  Platform: Linux  PlatformVersion: 5.14.0-427.37.1.el9_4.x86_64  CompilerName: GCC  CompilerVersion: 8.4.0
ProgramName: mri_em_register  ProgramArguments: mri_em_register -all-info  ProgramVersion: 7.3.2  TimeStamp: 2026/03/08-16:16:15-GMT  BuildTime: Aug  4 2022 06:17:15  BuildStamp: freesurfer-linux-ubuntu22_x86_64-7.3.2-20220804-6354275  User: oesteban  Machine: dna020  Platform: Linux  PlatformVersion: 5.14.0-427.37.1.el9_4.x86_64  CompilerName: GCC  CompilerVersion: 8.4.0
ProgramName: mri_fill  ProgramArguments: mri_fill -all-info  ProgramVersion: 7.3.2  TimeStamp: 2026/03/08-16:16:15-GMT  BuildTime: Aug  4 2022 06:17:15  BuildStamp: freesurfer-linux-ubuntu22_x86_64-7.3.2-20220804-6354275  User: oesteban  Machine: dna020  Platform: Linux  PlatformVersion: 5.14.0-427.37.1.el9_4.x86_64  CompilerName: GCC  CompilerVersion: 8.4.0
ProgramName: mri_fuse_segmentations  ProgramArguments: mri_fuse_segmentations -all-info  ProgramVersion: 7.3.2  TimeStamp: 2026/03/08-16:16:15-GMT  BuildTime: Aug  4 2022 06:17:15  BuildStamp: freesurfer-linux-ubuntu22_x86_64-7.3.2-20220804-6354275  User: oesteban  Machine: dna020  Platform: Linux  PlatformVersion: 5.14.0-427.37.1.el9_4.x86_64  CompilerName: GCC  CompilerVersion: 8.4.0
ProgramName: mri_fwhm  ProgramArguments: mri_fwhm -all-info  ProgramVersion: 7.3.2  TimeStamp: 2026/03/08-16:16:15-GMT  BuildTime: Aug  4 2022 06:17:15  BuildStamp: freesurfer-linux-ubuntu22_x86_64-7.3.2-20220804-6354275  User: oesteban  Machine: dna020  Platform: Linux  PlatformVersion: 5.14.0-427.37.1.el9_4.x86_64  CompilerName: GCC  CompilerVersion: 8.4.0
ProgramName: mri_gcut  ProgramArguments: mri_gcut -all-info  ProgramVersion: 7.3.2  TimeStamp: 2026/03/08-16:16:15-GMT  BuildTime: Aug  4 2022 06:17:15  BuildStamp: freesurfer-linux-ubuntu22_x86_64-7.3.2-20220804-6354275  User: oesteban  Machine: dna020  Platform: Linux  PlatformVersion: 5.14.0-427.37.1.el9_4.x86_64  CompilerName: GCC  CompilerVersion: 8.4.0
ProgramName: mri_info  ProgramArguments: mri_info -all-info  ProgramVersion: 7.3.2  TimeStamp: 2026/03/08-16:16:15-GMT  BuildTime: Aug  4 2022 06:17:15  BuildStamp: freesurfer-linux-ubuntu22_x86_64-7.3.2-20220804-6354275  User: oesteban  Machine: dna020  Platform: Linux  PlatformVersion: 5.14.0-427.37.1.el9_4.x86_64  CompilerName: GCC  CompilerVersion: 8.4.0
ProgramName: mri_label2label  ProgramArguments: mri_label2label -all-info  ProgramVersion: 7.3.2  TimeStamp: 2026/03/08-16:16:15-GMT  BuildTime: Aug  4 2022 06:17:15  BuildStamp: freesurfer-linux-ubuntu22_x86_64-7.3.2-20220804-6354275  User: oesteban  Machine: dna020  Platform: Linux  PlatformVersion: 5.14.0-427.37.1.el9_4.x86_64  CompilerName: GCC  CompilerVersion: 8.4.0
ProgramName: mri_label2vol  ProgramArguments: mri_label2vol -all-info  ProgramVersion: 7.3.2  TimeStamp: 2026/03/08-16:16:15-GMT  BuildTime: Aug  4 2022 06:17:15  BuildStamp: freesurfer-linux-ubuntu22_x86_64-7.3.2-20220804-6354275  User: oesteban  Machine: dna020  Platform: Linux  PlatformVersion: 5.14.0-427.37.1.el9_4.x86_64  CompilerName: GCC  CompilerVersion: 8.4.0
ProgramName: mri_log_likelihood  ProgramArguments: mri_log_likelihood -all-info  ProgramVersion: 7.3.2  TimeStamp: 2026/03/08-16:16:15-GMT  BuildTime: Aug  4 2022 06:17:15  BuildStamp: freesurfer-linux-ubuntu22_x86_64-7.3.2-20220804-6354275  User: oesteban  Machine: dna020  Platform: Linux  PlatformVersion: 5.14.0-427.37.1.el9_4.x86_64  CompilerName: GCC  CompilerVersion: 8.4.0
ProgramName: mri_mask  ProgramArguments: mri_mask -all-info  ProgramVersion: 7.3.2  TimeStamp: 2026/03/08-16:16:15-GMT  BuildTime: Aug  4 2022 06:17:15  BuildStamp: freesurfer-linux-ubuntu22_x86_64-7.3.2-20220804-6354275  User: oesteban  Machine: dna020  Platform: Linux  PlatformVersion: 5.14.0-427.37.1.el9_4.x86_64  CompilerName: GCC  CompilerVersion: 8.4.0
ProgramName: mri_matrix_multiply  ProgramArguments: mri_matrix_multiply -all-info  ProgramVersion: 7.3.2  TimeStamp: 2026/03/08-16:16:15-GMT  BuildTime: Aug  4 2022 06:17:15  BuildStamp: freesurfer-linux-ubuntu22_x86_64-7.3.2-20220804-6354275  User: oesteban  Machine: dna020  Platform: Linux  PlatformVersion: 5.14.0-427.37.1.el9_4.x86_64  CompilerName: GCC  CompilerVersion: 8.4.0
ProgramName: mri_normalize  ProgramArguments: mri_normalize -all-info  ProgramVersion: 7.3.2  TimeStamp: 2026/03/08-16:16:15-GMT  BuildTime: Aug  4 2022 06:17:15  BuildStamp: freesurfer-linux-ubuntu22_x86_64-7.3.2-20220804-6354275  User: oesteban  Machine: dna020  Platform: Linux  PlatformVersion: 5.14.0-427.37.1.el9_4.x86_64  CompilerName: GCC  CompilerVersion: 8.4.0
ProgramName: mri_normalize_tp2  ProgramArguments: mri_normalize_tp2 -all-info  ProgramVersion: 7.3.2  TimeStamp: 2026/03/08-16:16:15-GMT  BuildTime: Aug  4 2022 06:17:15  BuildStamp: freesurfer-linux-ubuntu22_x86_64-7.3.2-20220804-6354275  User: oesteban  Machine: dna020  Platform: Linux  PlatformVersion: 5.14.0-427.37.1.el9_4.x86_64  CompilerName: GCC  CompilerVersion: 8.4.0
ProgramName: mri_or  ProgramArguments: mri_or -all-info  ProgramVersion: 7.3.2  TimeStamp: 2026/03/08-16:16:15-GMT  BuildTime: Aug  4 2022 06:17:15  BuildStamp: freesurfer-linux-ubuntu22_x86_64-7.3.2-20220804-6354275  User: oesteban  Machine: dna020  Platform: Linux  PlatformVersion: 5.14.0-427.37.1.el9_4.x86_64  CompilerName: GCC  CompilerVersion: 8.4.0
ProgramName: mri_relabel_hypointensities  ProgramArguments: mri_relabel_hypointensities -all-info  ProgramVersion: 7.3.2  TimeStamp: 2026/03/08-16:16:15-GMT  BuildTime: Aug  4 2022 06:17:15  BuildStamp: freesurfer-linux-ubuntu22_x86_64-7.3.2-20220804-6354275  User: oesteban  Machine: dna020  Platform: Linux  PlatformVersion: 5.14.0-427.37.1.el9_4.x86_64  CompilerName: GCC  CompilerVersion: 8.4.0
ProgramName: mri_relabel_nonwm_hypos  ProgramArguments: mri_relabel_nonwm_hypos -all-info  ProgramVersion: 7.3.2  TimeStamp: 2026/03/08-16:16:15-GMT  BuildTime: Aug  4 2022 06:17:15  BuildStamp: freesurfer-linux-ubuntu22_x86_64-7.3.2-20220804-6354275  User: oesteban  Machine: dna020  Platform: Linux  PlatformVersion: 5.14.0-427.37.1.el9_4.x86_64  CompilerName: GCC  CompilerVersion: 8.4.0
ProgramName: mri_remove_neck  ProgramArguments: mri_remove_neck -all-info  ProgramVersion: 7.3.2  TimeStamp: 2026/03/08-16:16:15-GMT  BuildTime: Aug  4 2022 06:17:15  BuildStamp: freesurfer-linux-ubuntu22_x86_64-7.3.2-20220804-6354275  User: oesteban  Machine: dna020  Platform: Linux  PlatformVersion: 5.14.0-427.37.1.el9_4.x86_64  CompilerName: GCC  CompilerVersion: 8.4.0
7.3.2

ProgramName: mri_robust_register  ProgramArguments: mri_robust_register -all-info  ProgramVersion: 7.3.2  TimeStamp: 2026/03/08-16:16:15-GMT  BuildTime: Aug  4 2022 06:17:15  BuildStamp: freesurfer-linux-ubuntu22_x86_64-7.3.2-20220804-6354275  User: oesteban  Machine: dna020  Platform: Linux  PlatformVersion: 5.14.0-427.37.1.el9_4.x86_64  CompilerName: GCC  CompilerVersion: 8.4.0
7.3.2

ProgramName: mri_robust_template  ProgramArguments: mri_robust_template -all-info  ProgramVersion: 7.3.2  TimeStamp: 2026/03/08-16:16:15-GMT  BuildTime: Aug  4 2022 06:17:15  BuildStamp: freesurfer-linux-ubuntu22_x86_64-7.3.2-20220804-6354275  User: oesteban  Machine: dna020  Platform: Linux  PlatformVersion: 5.14.0-427.37.1.el9_4.x86_64  CompilerName: GCC  CompilerVersion: 8.4.0
ProgramName: mris_anatomical_stats  ProgramArguments: mris_anatomical_stats -all-info  ProgramVersion: 7.3.2  TimeStamp: 2026/03/08-16:16:15-GMT  BuildTime: Aug  4 2022 06:17:15  BuildStamp: freesurfer-linux-ubuntu22_x86_64-7.3.2-20220804-6354275  User: oesteban  Machine: dna020  Platform: Linux  PlatformVersion: 5.14.0-427.37.1.el9_4.x86_64  CompilerName: GCC  CompilerVersion: 8.4.0
ProgramName: mris_ca_label  ProgramArguments: mris_ca_label -all-info  ProgramVersion: 7.3.2  TimeStamp: 2026/03/08-16:16:15-GMT  BuildTime: Aug  4 2022 06:17:15  BuildStamp: freesurfer-linux-ubuntu22_x86_64-7.3.2-20220804-6354275  User: oesteban  Machine: dna020  Platform: Linux  PlatformVersion: 5.14.0-427.37.1.el9_4.x86_64  CompilerName: GCC  CompilerVersion: 8.4.0
ProgramName: mris_calc  ProgramArguments: mris_calc -all-info  ProgramVersion: 7.3.2  TimeStamp: 2026/03/08-16:16:15-GMT  BuildTime: Aug  4 2022 06:17:15  BuildStamp: freesurfer-linux-ubuntu22_x86_64-7.3.2-20220804-6354275  User: oesteban  Machine: dna020  Platform: Linux  PlatformVersion: 5.14.0-427.37.1.el9_4.x86_64  CompilerName: GCC  CompilerVersion: 8.4.0
ProgramName: mris_convert  ProgramArguments: mris_convert -all-info  ProgramVersion: 7.3.2  TimeStamp: 2026/03/08-16:16:15-GMT  BuildTime: Aug  4 2022 06:17:15  BuildStamp: freesurfer-linux-ubuntu22_x86_64-7.3.2-20220804-6354275  User: oesteban  Machine: dna020  Platform: Linux  PlatformVersion: 5.14.0-427.37.1.el9_4.x86_64  CompilerName: GCC  CompilerVersion: 8.4.0
ProgramName: mris_curvature  ProgramArguments: mris_curvature -all-info  ProgramVersion: 7.3.2  TimeStamp: 2026/03/08-16:16:15-GMT  BuildTime: Aug  4 2022 06:17:15  BuildStamp: freesurfer-linux-ubuntu22_x86_64-7.3.2-20220804-6354275  User: oesteban  Machine: dna020  Platform: Linux  PlatformVersion: 5.14.0-427.37.1.el9_4.x86_64  CompilerName: GCC  CompilerVersion: 8.4.0
ProgramName: mris_curvature_stats  ProgramArguments: mris_curvature_stats -all-info  ProgramVersion: 7.3.2  TimeStamp: 2026/03/08-16:16:15-GMT  BuildTime: Aug  4 2022 06:17:15  BuildStamp: freesurfer-linux-ubuntu22_x86_64-7.3.2-20220804-6354275  User: oesteban  Machine: dna020  Platform: Linux  PlatformVersion: 5.14.0-427.37.1.el9_4.x86_64  CompilerName: GCC  CompilerVersion: 8.4.0
ProgramName: mris_diff  ProgramArguments: mris_diff -all-info  ProgramVersion: 7.3.2  TimeStamp: 2026/03/08-16:16:15-GMT  BuildTime: Aug  4 2022 06:17:15  BuildStamp: freesurfer-linux-ubuntu22_x86_64-7.3.2-20220804-6354275  User: oesteban  Machine: dna020  Platform: Linux  PlatformVersion: 5.14.0-427.37.1.el9_4.x86_64  CompilerName: GCC  CompilerVersion: 8.4.0
ProgramName: mris_divide_parcellation  ProgramArguments: mris_divide_parcellation -all-info  ProgramVersion: 7.3.2  TimeStamp: 2026/03/08-16:16:15-GMT  BuildTime: Aug  4 2022 06:17:15  BuildStamp: freesurfer-linux-ubuntu22_x86_64-7.3.2-20220804-6354275  User: oesteban  Machine: dna020  Platform: Linux  PlatformVersion: 5.14.0-427.37.1.el9_4.x86_64  CompilerName: GCC  CompilerVersion: 8.4.0
ProgramName: mri_segment  ProgramArguments: mri_segment -all-info  ProgramVersion: 7.3.2  TimeStamp: 2026/03/08-16:16:15-GMT  BuildTime: Aug  4 2022 06:17:15  BuildStamp: freesurfer-linux-ubuntu22_x86_64-7.3.2-20220804-6354275  User: oesteban  Machine: dna020  Platform: Linux  PlatformVersion: 5.14.0-427.37.1.el9_4.x86_64  CompilerName: GCC  CompilerVersion: 8.4.0
ProgramName: mri_segstats  ProgramArguments: mri_segstats -all-info  ProgramVersion: 7.3.2  TimeStamp: 2026/03/08-16:16:15-GMT  BuildTime: Aug  4 2022 06:17:15  BuildStamp: freesurfer-linux-ubuntu22_x86_64-7.3.2-20220804-6354275  User: oesteban  Machine: dna020  Platform: Linux  PlatformVersion: 5.14.0-427.37.1.el9_4.x86_64  CompilerName: GCC  CompilerVersion: 8.4.0
ProgramName: mris_euler_number  ProgramArguments: mris_euler_number -all-info  ProgramVersion: 7.3.2  TimeStamp: 2026/03/08-16:16:15-GMT  BuildTime: Aug  4 2022 06:17:15  BuildStamp: freesurfer-linux-ubuntu22_x86_64-7.3.2-20220804-6354275  User: oesteban  Machine: dna020  Platform: Linux  PlatformVersion: 5.14.0-427.37.1.el9_4.x86_64  CompilerName: GCC  CompilerVersion: 8.4.0
ProgramName: mris_fix_topology  ProgramArguments: mris_fix_topology -all-info  ProgramVersion: 7.3.2  TimeStamp: 2026/03/08-16:16:15-GMT  BuildTime: Aug  4 2022 06:17:15  BuildStamp: freesurfer-linux-ubuntu22_x86_64-7.3.2-20220804-6354275  User: oesteban  Machine: dna020  Platform: Linux  PlatformVersion: 5.14.0-427.37.1.el9_4.x86_64  CompilerName: GCC  CompilerVersion: 8.4.0
ProgramName: mris_topo_fixer  ProgramArguments: mris_topo_fixer -all-info  ProgramVersion: 7.3.2  TimeStamp: 2026/03/08-16:16:15-GMT  BuildTime: Aug  4 2022 06:17:15  BuildStamp: freesurfer-linux-ubuntu22_x86_64-7.3.2-20220804-6354275  User: oesteban  Machine: dna020  Platform: Linux  PlatformVersion: 5.14.0-427.37.1.el9_4.x86_64  CompilerName: GCC  CompilerVersion: 8.4.0
ProgramName: mris_jacobian  ProgramArguments: mris_jacobian -all-info  ProgramVersion: 7.3.2  TimeStamp: 2026/03/08-16:16:15-GMT  BuildTime: Aug  4 2022 06:17:15  BuildStamp: freesurfer-linux-ubuntu22_x86_64-7.3.2-20220804-6354275  User: oesteban  Machine: dna020  Platform: Linux  PlatformVersion: 5.14.0-427.37.1.el9_4.x86_64  CompilerName: GCC  CompilerVersion: 8.4.0
ProgramName: mris_label2annot  ProgramArguments: mris_label2annot -all-info  ProgramVersion: 7.3.2  TimeStamp: 2026/03/08-16:16:15-GMT  BuildTime: Aug  4 2022 06:17:15  BuildStamp: freesurfer-linux-ubuntu22_x86_64-7.3.2-20220804-6354275  User: oesteban  Machine: dna020  Platform: Linux  PlatformVersion: 5.14.0-427.37.1.el9_4.x86_64  CompilerName: GCC  CompilerVersion: 8.4.0
ProgramName: mris_left_right_register  ProgramArguments: mris_left_right_register -all-info  ProgramVersion: 7.3.2  TimeStamp: 2026/03/08-16:16:15-GMT  BuildTime: Aug  4 2022 06:17:15  BuildStamp: freesurfer-linux-ubuntu22_x86_64-7.3.2-20220804-6354275  User: oesteban  Machine: dna020  Platform: Linux  PlatformVersion: 5.14.0-427.37.1.el9_4.x86_64  CompilerName: GCC  CompilerVersion: 8.4.0
ProgramName: mris_place_surface  ProgramArguments: mris_place_surface -all-info  ProgramVersion: 7.3.2  TimeStamp: 2026/03/08-16:16:15-GMT  BuildTime: Aug  4 2022 06:17:15  BuildStamp: freesurfer-linux-ubuntu22_x86_64-7.3.2-20220804-6354275  User: oesteban  Machine: dna020  Platform: Linux  PlatformVersion: 5.14.0-427.37.1.el9_4.x86_64  CompilerName: GCC  CompilerVersion: 8.4.0
ProgramName: mrisp_paint  ProgramArguments: mrisp_paint -all-info  ProgramVersion: 7.3.2  TimeStamp: 2026/03/08-16:16:15-GMT  BuildTime: Aug  4 2022 06:17:15  BuildStamp: freesurfer-linux-ubuntu22_x86_64-7.3.2-20220804-6354275  User: oesteban  Machine: dna020  Platform: Linux  PlatformVersion: 5.14.0-427.37.1.el9_4.x86_64  CompilerName: GCC  CompilerVersion: 8.4.0
ProgramName: mris_register  ProgramArguments: mris_register -all-info  ProgramVersion: 7.3.2  TimeStamp: 2026/03/08-16:16:15-GMT  BuildTime: Aug  4 2022 06:17:15  BuildStamp: freesurfer-linux-ubuntu22_x86_64-7.3.2-20220804-6354275  User: oesteban  Machine: dna020  Platform: Linux  PlatformVersion: 5.14.0-427.37.1.el9_4.x86_64  CompilerName: GCC  CompilerVersion: 8.4.0
ProgramName: mris_smooth  ProgramArguments: mris_smooth -all-info  ProgramVersion: 7.3.2  TimeStamp: 2026/03/08-16:16:15-GMT  BuildTime: Aug  4 2022 06:17:15  BuildStamp: freesurfer-linux-ubuntu22_x86_64-7.3.2-20220804-6354275  User: oesteban  Machine: dna020  Platform: Linux  PlatformVersion: 5.14.0-427.37.1.el9_4.x86_64  CompilerName: GCC  CompilerVersion: 8.4.0
ProgramName: mris_sphere  ProgramArguments: mris_sphere -all-info  ProgramVersion: 7.3.2  TimeStamp: 2026/03/08-16:16:15-GMT  BuildTime: Aug  4 2022 06:17:15  BuildStamp: freesurfer-linux-ubuntu22_x86_64-7.3.2-20220804-6354275  User: oesteban  Machine: dna020  Platform: Linux  PlatformVersion: 5.14.0-427.37.1.el9_4.x86_64  CompilerName: GCC  CompilerVersion: 8.4.0
ProgramName: mris_surface_stats  ProgramArguments: mris_surface_stats -all-info  ProgramVersion: 7.3.2  TimeStamp: 2026/03/08-16:16:15-GMT  BuildTime: Aug  4 2022 06:17:15  BuildStamp: freesurfer-linux-ubuntu22_x86_64-7.3.2-20220804-6354275  User: oesteban  Machine: dna020  Platform: Linux  PlatformVersion: 5.14.0-427.37.1.el9_4.x86_64  CompilerName: GCC  CompilerVersion: 8.4.0
ProgramName: mri_stats2seg  ProgramArguments: mri_stats2seg -all-info  ProgramVersion: 7.3.2  TimeStamp: 2026/03/08-16:16:15-GMT  BuildTime: Aug  4 2022 06:17:15  BuildStamp: freesurfer-linux-ubuntu22_x86_64-7.3.2-20220804-6354275  User: oesteban  Machine: dna020  Platform: Linux  PlatformVersion: 5.14.0-427.37.1.el9_4.x86_64  CompilerName: GCC  CompilerVersion: 8.4.0
ProgramName: mris_thickness  ProgramArguments: mris_thickness -all-info  ProgramVersion: 7.3.2  TimeStamp: 2026/03/08-16:16:15-GMT  BuildTime: Aug  4 2022 06:17:15  BuildStamp: freesurfer-linux-ubuntu22_x86_64-7.3.2-20220804-6354275  User: oesteban  Machine: dna020  Platform: Linux  PlatformVersion: 5.14.0-427.37.1.el9_4.x86_64  CompilerName: GCC  CompilerVersion: 8.4.0
ProgramName: mris_thickness_diff  ProgramArguments: mris_thickness_diff -all-info  ProgramVersion: 7.3.2  TimeStamp: 2026/03/08-16:16:15-GMT  BuildTime: Aug  4 2022 06:17:15  BuildStamp: freesurfer-linux-ubuntu22_x86_64-7.3.2-20220804-6354275  User: oesteban  Machine: dna020  Platform: Linux  PlatformVersion: 5.14.0-427.37.1.el9_4.x86_64  CompilerName: GCC  CompilerVersion: 8.4.0
ProgramName: mris_topo_fixer  ProgramArguments: mris_topo_fixer -all-info  ProgramVersion: 7.3.2  TimeStamp: 2026/03/08-16:16:15-GMT  BuildTime: Aug  4 2022 06:17:15  BuildStamp: freesurfer-linux-ubuntu22_x86_64-7.3.2-20220804-6354275  User: oesteban  Machine: dna020  Platform: Linux  PlatformVersion: 5.14.0-427.37.1.el9_4.x86_64  CompilerName: GCC  CompilerVersion: 8.4.0
ProgramName: mri_surf2surf  ProgramArguments: mri_surf2surf -all-info  ProgramVersion: 7.3.2  TimeStamp: 2026/03/08-16:16:15-GMT  BuildTime: Aug  4 2022 06:17:15  BuildStamp: freesurfer-linux-ubuntu22_x86_64-7.3.2-20220804-6354275  User: oesteban  Machine: dna020  Platform: Linux  PlatformVersion: 5.14.0-427.37.1.el9_4.x86_64  CompilerName: GCC  CompilerVersion: 8.4.0
ProgramName: mri_surf2vol  ProgramArguments: mri_surf2vol -all-info  ProgramVersion: 7.3.2  TimeStamp: 2026/03/08-16:16:15-GMT  BuildTime: Aug  4 2022 06:17:15  BuildStamp: freesurfer-linux-ubuntu22_x86_64-7.3.2-20220804-6354275  User: oesteban  Machine: dna020  Platform: Linux  PlatformVersion: 5.14.0-427.37.1.el9_4.x86_64  CompilerName: GCC  CompilerVersion: 8.4.0
ProgramName: mri_surfcluster  ProgramArguments: mri_surfcluster -all-info  ProgramVersion: 7.3.2  TimeStamp: 2026/03/08-16:16:15-GMT  BuildTime: Aug  4 2022 06:17:15  BuildStamp: freesurfer-linux-ubuntu22_x86_64-7.3.2-20220804-6354275  User: oesteban  Machine: dna020  Platform: Linux  PlatformVersion: 5.14.0-427.37.1.el9_4.x86_64  CompilerName: GCC  CompilerVersion: 8.4.0
ProgramName: mris_volmask  ProgramArguments: mris_volmask -all-info  ProgramVersion: 7.3.2  TimeStamp: 2026/03/08-16:16:15-GMT  BuildTime: Aug  4 2022 06:17:15  BuildStamp: freesurfer-linux-ubuntu22_x86_64-7.3.2-20220804-6354275  User: oesteban  Machine: dna020  Platform: Linux  PlatformVersion: 5.14.0-427.37.1.el9_4.x86_64  CompilerName: GCC  CompilerVersion: 8.4.0
ProgramName: mri_tessellate  ProgramArguments: mri_tessellate -all-info  ProgramVersion: 7.3.2  TimeStamp: 2026/03/08-16:16:15-GMT  BuildTime: Aug  4 2022 06:17:15  BuildStamp: freesurfer-linux-ubuntu22_x86_64-7.3.2-20220804-6354275  User: oesteban  Machine: dna020  Platform: Linux  PlatformVersion: 5.14.0-427.37.1.el9_4.x86_64  CompilerName: GCC  CompilerVersion: 8.4.0
ProgramName: mri_vol2surf  ProgramArguments: mri_vol2surf -all-info  ProgramVersion: 7.3.2  TimeStamp: 2026/03/08-16:16:15-GMT  BuildTime: Aug  4 2022 06:17:15  BuildStamp: freesurfer-linux-ubuntu22_x86_64-7.3.2-20220804-6354275  User: oesteban  Machine: dna020  Platform: Linux  PlatformVersion: 5.14.0-427.37.1.el9_4.x86_64  CompilerName: GCC  CompilerVersion: 8.4.0
ProgramName: mri_vol2vol  ProgramArguments: mri_vol2vol -all-info  ProgramVersion: 7.3.2  TimeStamp: 2026/03/08-16:16:15-GMT  BuildTime: Aug  4 2022 06:17:15  BuildStamp: freesurfer-linux-ubuntu22_x86_64-7.3.2-20220804-6354275  User: oesteban  Machine: dna020  Platform: Linux  PlatformVersion: 5.14.0-427.37.1.el9_4.x86_64  CompilerName: GCC  CompilerVersion: 8.4.0
ProgramName: mri_voldiff  ProgramArguments: mri_voldiff -all-info  ProgramVersion: 7.3.2  TimeStamp: 2026/03/08-16:16:15-GMT  BuildTime: Aug  4 2022 06:17:15  BuildStamp: freesurfer-linux-ubuntu22_x86_64-7.3.2-20220804-6354275  User: oesteban  Machine: dna020  Platform: Linux  PlatformVersion: 5.14.0-427.37.1.el9_4.x86_64  CompilerName: GCC  CompilerVersion: 8.4.0
ProgramName: mri_watershed  ProgramArguments: mri_watershed -all-info  ProgramVersion: 7.3.2  TimeStamp: 2026/03/08-16:16:15-GMT  BuildTime: Aug  4 2022 06:17:15  BuildStamp: freesurfer-linux-ubuntu22_x86_64-7.3.2-20220804-6354275  User: oesteban  Machine: dna020  Platform: Linux  PlatformVersion: 5.14.0-427.37.1.el9_4.x86_64  CompilerName: GCC  CompilerVersion: 8.4.0
ProgramName: tkregister2  ProgramArguments: tkregister2_cmdl -all-info  ProgramVersion: 7.3.2  TimeStamp: 2026/03/08-16:16:15-GMT  BuildTime: Aug  4 2022 06:17:15  BuildStamp: freesurfer-linux-ubuntu22_x86_64-7.3.2-20220804-6354275  User: oesteban  Machine: dna020  Platform: Linux  PlatformVersion: 5.14.0-427.37.1.el9_4.x86_64  CompilerName: GCC  CompilerVersion: 8.4.0
mri_motion_correct.fsl 7.3.2
mri_convert -all-info 
ProgramName: mri_convert  ProgramArguments: mri_convert -all-info  ProgramVersion: 7.3.2  TimeStamp: 2026/03/08-16:16:15-GMT  BuildTime: Aug  4 2022 06:17:15  BuildStamp: freesurfer-linux-ubuntu22_x86_64-7.3.2-20220804-6354275  User: oesteban  Machine: dna020  Platform: Linux  PlatformVersion: 5.14.0-427.37.1.el9_4.x86_64  CompilerName: GCC  CompilerVersion: 8.4.0
Program nu_correct, built from:
Package MNI N3, version 1.12.0, compiled by nicks@terrier (x86_64-unknown-linux-gnu) on 2015-06-19 at 01:25:34
#######################################
GCADIR /opt/freesurfer/average
GCA RB_all_2020-01-02.gca
GCASkull RB_all_withskull_2020_01_02.gca
AvgCurvTif folding.atlas.acfb40.noaparc.i12.2016-08-02.tif
GCSDIR /opt/freesurfer/average
GCS DKaparc.atlas.acfb40.noaparc.i12.2016-08-02.gcs
#######################################
/out/sourcedata/freesurfer/sub-v1s14x0051559_ses-1

 mri_convert /work/fmriprep_25_2_wf/sub_v1s14x0051559_ses_1_wf/anat_fit_wf/anat_validate/sub-v1s14x0051559_ses-1_T1w_noise_corrected_ras_valid.nii.gz /out/sourcedata/freesurfer/sub-v1s14x0051559_ses-1/mri/orig/001.mgz 

mri_convert /work/fmriprep_25_2_wf/sub_v1s14x0051559_ses_1_wf/anat_fit_wf/anat_validate/sub-v1s14x0051559_ses-1_T1w_noise_corrected_ras_valid.nii.gz /out/sourcedata/freesurfer/sub-v1s14x0051559_ses-1/mri/orig/001.mgz 
reading from /work/fmriprep_25_2_wf/sub_v1s14x0051559_ses_1_wf/anat_fit_wf/anat_validate/sub-v1s14x0051559_ses-1_T1w_noise_corrected_ras_valid.nii.gz...
TR=0.00, TE=0.00, TI=0.00, flip angle=0.00
i_ras = (0.99886, 0.0445654, -0.0171342)
j_ras = (-0.043419, 0.997113, 0.0622869)
k_ras = (0.0198605, -0.0614719, 0.997911)
writing to /out/sourcedata/freesurfer/sub-v1s14x0051559_ses-1/mri/orig/001.mgz...
#--------------------------------------------
#@# MotionCor Sun Mar  8 17:16:17 CET 2026
Found 1 runs
/out/sourcedata/freesurfer/sub-v1s14x0051559_ses-1/mri/orig/001.mgz
Checking for (invalid) multi-frame inputs...
Only one run found so motion
correction will not be performed. I'll
copy the run to rawavg and continue.

 cp /out/sourcedata/freesurfer/sub-v1s14x0051559_ses-1/mri/orig/001.mgz /out/sourcedata/freesurfer/sub-v1s14x0051559_ses-1/mri/rawavg.mgz 


 mri_info /out/sourcedata/freesurfer/sub-v1s14x0051559_ses-1/mri/rawavg.mgz 

rawavg.mgz ========================================
Volume information for /out/sourcedata/freesurfer/sub-v1s14x0051559_ses-1/mri/rawavg.mgz
          type: MGH
    dimensions: 256 x 256 x 170
   voxel sizes: 1.000000, 1.000000, 1.000000
          type: FLOAT (3)
           fov: 256.000
           dof: 1
        xstart: -128.0, xend: 128.0
        ystart: -128.0, yend: 128.0
        zstart: -85.0, zend: 85.0
            TR: 0.00 msec, TE: 0.00 msec, TI: 0.00 msec, flip angle: 0.00 degrees
       nframes: 1
       PhEncDir: UNKNOWN
       FieldStrength: 0.000000
ras xform present
    xform info: x_r =   0.9989, y_r =  -0.0434, z_r =   0.0199, c_r =    -3.4331
              : x_a =   0.0446, y_a =   0.9971, z_a =  -0.0615, c_a =    22.3367
              : x_s =  -0.0171, y_s =   0.0623, z_s =   0.9979, c_s =     3.0687

talairach xfm : 
Orientation   : RAS
Primary Slice Direction: axial

voxel to ras transform:
                0.9989  -0.0434   0.0199  -127.4176
                0.0446   0.9971  -0.0615  -105.7731
               -0.0171   0.0623   0.9979   -87.5333
                0.0000   0.0000   0.0000     1.0000

voxel-to-ras determinant 1

ras to voxel transform:
                0.9989   0.0446  -0.0171   130.4863
               -0.0434   0.9971   0.0623   105.3876
                0.0199  -0.0615   0.9979    83.3790
                0.0000   0.0000   0.0000     1.0000
/out/sourcedata/freesurfer/sub-v1s14x0051559_ses-1

 mri_convert /out/sourcedata/freesurfer/sub-v1s14x0051559_ses-1/mri/rawavg.mgz /out/sourcedata/freesurfer/sub-v1s14x0051559_ses-1/mri/orig.mgz --conform 

mri_convert /out/sourcedata/freesurfer/sub-v1s14x0051559_ses-1/mri/rawavg.mgz /out/sourcedata/freesurfer/sub-v1s14x0051559_ses-1/mri/orig.mgz --conform 
reading from /out/sourcedata/freesurfer/sub-v1s14x0051559_ses-1/mri/rawavg.mgz...
TR=0.00, TE=0.00, TI=0.00, flip angle=0.00
i_ras = (0.99886, 0.0445654, -0.0171342)
j_ras = (-0.043419, 0.997113, 0.0622869)
k_ras = (0.0198605, -0.0614719, 0.997911)
changing data type from float to uchar (noscale = 0)...
MRIchangeType: Building histogram -0.000801086 1284.68 1000, flo=0, fhi=0.999, dest_type=0
Reslicing using trilinear interpolation 
writing to /out/sourcedata/freesurfer/sub-v1s14x0051559_ses-1/mri/orig.mgz...

 mri_add_xform_to_header -c /out/sourcedata/freesurfer/sub-v1s14x0051559_ses-1/mri/transforms/talairach.xfm /out/sourcedata/freesurfer/sub-v1s14x0051559_ses-1/mri/orig.mgz /out/sourcedata/freesurfer/sub-v1s14x0051559_ses-1/mri/orig.mgz 

INFO: extension is mgz

 mri_info /out/sourcedata/freesurfer/sub-v1s14x0051559_ses-1/mri/orig.mgz 

orig.mgz ========================================
Volume information for /out/sourcedata/freesurfer/sub-v1s14x0051559_ses-1/mri/orig.mgz
          type: MGH
    dimensions: 256 x 256 x 256
   voxel sizes: 1.000000, 1.000000, 1.000000
          type: UCHAR (0)
           fov: 256.000
           dof: 1
        xstart: -128.0, xend: 128.0
        ystart: -128.0, yend: 128.0
        zstart: -128.0, zend: 128.0
            TR: 0.00 msec, TE: 0.00 msec, TI: 0.00 msec, flip angle: 0.00 degrees
       nframes: 1
       PhEncDir: UNKNOWN
       FieldStrength: 0.000000
ras xform present
    xform info: x_r =  -1.0000, y_r =   0.0000, z_r =   0.0000, c_r =    -3.4330
              : x_a =  -0.0000, y_a =   0.0000, z_a =   1.0000, c_a =    22.3367
              : x_s =  -0.0000, y_s =  -1.0000, z_s =   0.0000, c_s =     3.0687

talairach xfm : /out/sourcedata/freesurfer/sub-v1s14x0051559_ses-1/mri/transforms/talairach.xfm
Orientation   : LIA
Primary Slice Direction: coronal

voxel to ras transform:
               -1.0000   0.0000   0.0000   124.5670
               -0.0000   0.0000   1.0000  -105.6633
               -0.0000  -1.0000   0.0000   131.0687
                0.0000   0.0000   0.0000     1.0000

voxel-to-ras determinant -1

ras to voxel transform:
               -1.0000   0.0000  -0.0000   124.5670
                0.0000  -0.0000  -1.0000   131.0687
               -0.0000   1.0000  -0.0000   105.6633
               -0.0000  -0.0000  -0.0000     1.0000
#--------------------------------------------
#@# Talairach Sun Mar  8 17:16:27 CET 2026
/out/sourcedata/freesurfer/sub-v1s14x0051559_ses-1/mri

 mri_nu_correct.mni --no-rescale --i orig.mgz --o orig_nu.mgz --ants-n4 --n 1 --proto-iters 1000 --distance 50 

/usr/bin/bc
/out/sourcedata/freesurfer/sub-v1s14x0051559_ses-1/mri
/opt/freesurfer/bin/mri_nu_correct.mni
--no-rescale --i orig.mgz --o orig_nu.mgz --ants-n4 --n 1 --proto-iters 1000 --distance 50
nIters 1
mri_nu_correct.mni 7.3.2
Linux dna020 5.14.0-427.37.1.el9_4.x86_64 #1 SMP PREEMPT_DYNAMIC Fri Sep 13 12:41:50 EDT 2024 x86_64 x86_64 x86_64 GNU/Linux
Sun Mar  8 17:16:27 CET 2026
tmpdir is ./tmp.mri_nu_correct.mni.3089738
cd /out/sourcedata/freesurfer/sub-v1s14x0051559_ses-1/mri
AntsN4BiasFieldCorrectionFs -i orig.mgz -o ./tmp.mri_nu_correct.mni.3089738/nu0.mgz --dtype uchar
AntsN4BiasFieldCorrectionFs done
mri_convert ./tmp.mri_nu_correct.mni.3089738/nu0.mgz orig_nu.mgz --like orig.mgz --conform
mri_convert ./tmp.mri_nu_correct.mni.3089738/nu0.mgz orig_nu.mgz --like orig.mgz --conform 
reading from ./tmp.mri_nu_correct.mni.3089738/nu0.mgz...
TR=0.00, TE=0.00, TI=0.00, flip angle=0.00
i_ras = (-1, -1.16415e-09, -1.86265e-09)
j_ras = (0, 0, -1)
k_ras = (5.00586e-09, 1, 0)
INFO: transform src into the like-volume: orig.mgz
writing to orig_nu.mgz...
 
 
Sun Mar  8 17:19:22 CET 2026
mri_nu_correct.mni done

 talairach_avi --i orig_nu.mgz --xfm transforms/talairach.auto.xfm 

talairach_avi log file is transforms/talairach_avi.log...
mv -f /out/sourcedata/freesurfer/sub-v1s14x0051559_ses-1/mri/talsrcimg_to_711-2C_as_mni_average_305_t4_vox2vox.txt /out/sourcedata/freesurfer/sub-v1s14x0051559_ses-1/mri/transforms/talsrcimg_to_711-2C_as_mni_average_305_t4_vox2vox.txt
Started at Sun Mar 8 17:19:22 CET 2026
Ended   at Sun Mar  8 17:20:48 CET 2026
talairach_avi done

 cp transforms/talairach.auto.xfm transforms/talairach.xfm 

lta_convert --src orig.mgz --trg /opt/freesurfer/average/mni305.cor.mgz --inxfm transforms/talairach.xfm --outlta transforms/talairach.xfm.lta --subject fsaverage --ltavox2vox
7.3.2

--src: orig.mgz src image (geometry).
--trg: /opt/freesurfer/average/mni305.cor.mgz trg image (geometry).
--inmni: transforms/talairach.xfm input MNI/XFM transform.
--outlta: transforms/talairach.xfm.lta output LTA.
--s: fsaverage subject name
--ltavox2vox: output LTA as VOX_TO_VOX transform.
 LTA read, type : 1
 1.15444   0.09465   0.02118   4.97588;
-0.10846   1.03371   0.27320  -23.75993;
-0.01347  -0.21492   1.05899   11.68965;
 0.00000   0.00000   0.00000   1.00000;
setting subject to fsaverage
Writing  LTA to file transforms/talairach.xfm.lta...
lta_convert successful.
#--------------------------------------------
#@# Talairach Failure Detection Sun Mar  8 17:20:50 CET 2026
/out/sourcedata/freesurfer/sub-v1s14x0051559_ses-1/mri

 talairach_afd -T 0.005 -xfm transforms/talairach.xfm 

talairach_afd: Talairach Transform: transforms/talairach.xfm OK (p=0.7161, pval=0.4932 >= threshold=0.0050)

 awk -f /opt/freesurfer/bin/extract_talairach_avi_QA.awk /out/sourcedata/freesurfer/sub-v1s14x0051559_ses-1/mri/transforms/talairach_avi.log 


 tal_QC_AZS /out/sourcedata/freesurfer/sub-v1s14x0051559_ses-1/mri/transforms/talairach_avi.log 

TalAviQA: 0.97678
z-score: 0
#--------------------------------------------
#@# Nu Intensity Correction Sun Mar  8 17:20:51 CET 2026

 mri_nu_correct.mni --i orig.mgz --o nu.mgz --uchar transforms/talairach.xfm --n 2 --ants-n4 

/usr/bin/bc
/out/sourcedata/freesurfer/sub-v1s14x0051559_ses-1/mri
/opt/freesurfer/bin/mri_nu_correct.mni
--i orig.mgz --o nu.mgz --uchar transforms/talairach.xfm --n 2 --ants-n4
nIters 2
mri_nu_correct.mni 7.3.2
Linux dna020 5.14.0-427.37.1.el9_4.x86_64 #1 SMP PREEMPT_DYNAMIC Fri Sep 13 12:41:50 EDT 2024 x86_64 x86_64 x86_64 GNU/Linux
Sun Mar  8 17:20:51 CET 2026
tmpdir is ./tmp.mri_nu_correct.mni.3091100
cd /out/sourcedata/freesurfer/sub-v1s14x0051559_ses-1/mri
AntsN4BiasFieldCorrectionFs -i orig.mgz -o ./tmp.mri_nu_correct.mni.3091100/nu0.mgz --dtype uchar
AntsN4BiasFieldCorrectionFs done
mri_binarize --i ./tmp.mri_nu_correct.mni.3091100/nu0.mgz --min -1 --o ./tmp.mri_nu_correct.mni.3091100/ones.mgz

7.3.2
cwd /out/sourcedata/freesurfer/sub-v1s14x0051559_ses-1/mri
cmdline mri_binarize --i ./tmp.mri_nu_correct.mni.3091100/nu0.mgz --min -1 --o ./tmp.mri_nu_correct.mni.3091100/ones.mgz 
sysname  Linux
hostname dna020
machine  x86_64
user     oesteban

input      ./tmp.mri_nu_correct.mni.3091100/nu0.mgz
frame      0
nErode3d   0
nErode2d   0
output     ./tmp.mri_nu_correct.mni.3091100/ones.mgz
Binarizing based on threshold
min        -1
max        +infinity
binval        1
binvalnot     0
fstart = 0, fend = 0, nframes = 1
Starting parallel 1
Found 16777216 values in range
Counting number of voxels in first frame
Found 16777215 voxels in final mask
Writing output to ./tmp.mri_nu_correct.mni.3091100/ones.mgz
Count: 16777215 16777215.000000 16777216 99.999994
mri_binarize done
mri_segstats --id 1 --seg ./tmp.mri_nu_correct.mni.3091100/ones.mgz --i orig.mgz --sum ./tmp.mri_nu_correct.mni.3091100/sum.junk --avgwf ./tmp.mri_nu_correct.mni.3091100/input.mean.dat

7.3.2
cwd 
cmdline mri_segstats --id 1 --seg ./tmp.mri_nu_correct.mni.3091100/ones.mgz --i orig.mgz --sum ./tmp.mri_nu_correct.mni.3091100/sum.junk --avgwf ./tmp.mri_nu_correct.mni.3091100/input.mean.dat 
sysname  Linux
hostname dna020
machine  x86_64
user     oesteban
whitesurfname  white
UseRobust  0
Loading ./tmp.mri_nu_correct.mni.3091100/ones.mgz
Loading orig.mgz
Voxel Volume is 1 mm^3
Generating list of segmentation ids
Found   1 segmentations
Computing statistics for each segmentation

Reporting on   1 segmentations
Using PrintSegStat
Computing spatial average of each frame

Writing to ./tmp.mri_nu_correct.mni.3091100/input.mean.dat
mri_segstats done
mri_segstats --id 1 --seg ./tmp.mri_nu_correct.mni.3091100/ones.mgz --i ./tmp.mri_nu_correct.mni.3091100/nu0.mgz --sum ./tmp.mri_nu_correct.mni.3091100/sum.junk --avgwf ./tmp.mri_nu_correct.mni.3091100/output.mean.dat

7.3.2
cwd 
cmdline mri_segstats --id 1 --seg ./tmp.mri_nu_correct.mni.3091100/ones.mgz --i ./tmp.mri_nu_correct.mni.3091100/nu0.mgz --sum ./tmp.mri_nu_correct.mni.3091100/sum.junk --avgwf ./tmp.mri_nu_correct.mni.3091100/output.mean.dat 
sysname  Linux
hostname dna020
machine  x86_64
user     oesteban
whitesurfname  white
UseRobust  0
Loading ./tmp.mri_nu_correct.mni.3091100/ones.mgz
Loading ./tmp.mri_nu_correct.mni.3091100/nu0.mgz
Voxel Volume is 1 mm^3
Generating list of segmentation ids
Found   1 segmentations
Computing statistics for each segmentation

Reporting on   1 segmentations
Using PrintSegStat
Computing spatial average of each frame

Writing to ./tmp.mri_nu_correct.mni.3091100/output.mean.dat
mri_segstats done
mris_calc -o ./tmp.mri_nu_correct.mni.3091100/nu0.mgz ./tmp.mri_nu_correct.mni.3091100/nu0.mgz mul 1.07365308453671837830
Saving result to './tmp.mri_nu_correct.mni.3091100/nu0.mgz' (type = MGH )                       [ ok ]
mri_convert ./tmp.mri_nu_correct.mni.3091100/nu0.mgz nu.mgz --like orig.mgz
mri_convert ./tmp.mri_nu_correct.mni.3091100/nu0.mgz nu.mgz --like orig.mgz 
reading from ./tmp.mri_nu_correct.mni.3091100/nu0.mgz...
TR=0.00, TE=0.00, TI=0.00, flip angle=0.00
i_ras = (-1, -1.16415e-09, -1.86265e-09)
j_ras = (0, 0, -1)
k_ras = (5.00586e-09, 1, 0)
INFO: transform src into the like-volume: orig.mgz
writing to nu.mgz...
mri_make_uchar nu.mgz transforms/talairach.xfm nu.mgz
type change took 0 minutes and 6 seconds.
FIRST_PERCENTILE 0.010000
WM_PERCENTILE    0.900000
MAX_R 50.000000
i1 = 3, i2 = 53
#mri_make_uchar# mapping  8 137 to  3 110  :  b -3.897 m 0.834318 : thresh 4.67088 maxsat 310.31 : nzero 13691038 nsat 0
 
 
Sun Mar  8 17:24:06 CET 2026
mri_nu_correct.mni done

 mri_add_xform_to_header -c /out/sourcedata/freesurfer/sub-v1s14x0051559_ses-1/mri/transforms/talairach.xfm nu.mgz nu.mgz 

INFO: extension is mgz
#--------------------------------------------
#@# Intensity Normalization Sun Mar  8 17:24:06 CET 2026
/out/sourcedata/freesurfer/sub-v1s14x0051559_ses-1/mri

 mri_normalize -g 1 -seed 1234 -mprage nu.mgz T1.mgz 

using max gradient = 1.000
setting seed for random number genererator to 1234
assuming input volume is MGH (Van der Kouwe) MP-RAGE
reading mri_src from nu.mgz...
normalizing image...
NOT doing gentle normalization with control points/label
talairach transform
 1.15444   0.09465   0.02118   4.97588;
-0.10846   1.03371   0.27320  -23.75993;
-0.01347  -0.21492   1.05899   11.68965;
 0.00000   0.00000   0.00000   1.00000;
processing without aseg, no1d=0
MRInormInit(): 
INFO: Modifying talairach volume c_(r,a,s) based on average_305
MRInormalize(): 
MRIsplineNormalize(): npeaks = 17
Starting OpenSpline(): npoints = 17
building Voronoi diagram...
performing soap bubble smoothing, sigma = 8...

Iterating 2 times
---------------------------------
3d normalization pass 1 of 2
white matter peak found at 110
white matter peak found at 110
gm peak at 71 (71), valley at 58 (58)
csf peak at 36, setting threshold to 59
building Voronoi diagram...
performing soap bubble smoothing, sigma = 8...
---------------------------------
3d normalization pass 2 of 2
white matter peak found at 110
white matter peak found at 110
gm peak at 71 (71), valley at 41 (41)
csf peak at 36, setting threshold to 59
building Voronoi diagram...
performing soap bubble smoothing, sigma = 8...
Done iterating ---------------------------------
writing output to T1.mgz
3D bias adjustment took 1 minutes and 26 seconds.

Started at Sun Mar 8 17:16:15 CET 2026 
Ended   at Sun Mar 8 17:25:33 CET 2026
#@#%# recon-all-run-time-hours 0.155
recon-all -s sub-v1s14x0051559_ses-1 finished without error at Sun Mar  8 17:25:33 CET 2026



#New# invocation of recon-all 




Sun Mar  8 17:33:21 CET 2026
cd /out/sourcedata/freesurfer/sub-v1s14x0051559_ses-1
setenv SUBJECTS_DIR /out/sourcedata/freesurfer
/opt/freesurfer/bin/recon-all -openmp 16 -subjid sub-v1s14x0051559_ses-1 -sd /out/sourcedata/freesurfer -gcareg

subjid sub-v1s14x0051559_ses-1
setenv SUBJECTS_DIR /out/sourcedata/freesurfer
FREESURFER_HOME /opt/freesurfer
Actual FREESURFER_HOME /opt/freesurfer
build-stamp.txt: freesurfer-linux-ubuntu22_x86_64-7.3.2-20220804-6354275
Linux dna020 5.14.0-427.37.1.el9_4.x86_64 #1 SMP PREEMPT_DYNAMIC Fri Sep 13 12:41:50 EDT 2024 x86_64 x86_64 x86_64 GNU/Linux
cputime      unlimited
filesize     unlimited
datasize     unlimited
stacksize    8192 kbytes
coredumpsize 0 kbytes
memoryuse    67108864 kbytes
vmemoryuse   unlimited
descriptors  1024 
memorylocked unlimited
maxproc      2061970 
maxlocks     unlimited
maxsignal    2061970 
maxmessage   819200 
maxnice      0 
maxrtprio    0 
maxrttime    unlimited

               total        used        free      shared  buff/cache   available
Mem:           503Gi        51Gi       200Gi        34Gi       251Gi       414Gi
Swap:             0B          0B          0B

########################################
program versions used
7.3.2 (freesurfer-linux-ubuntu22_x86_64-7.3.2-20220804-6354275)
7.3.2

ProgramName: lta_convert  ProgramArguments: lta_convert -all-info  ProgramVersion: 7.3.2  TimeStamp: 2026/03/08-16:33:21-GMT  BuildTime: Aug  4 2022 06:17:15  BuildStamp: freesurfer-linux-ubuntu22_x86_64-7.3.2-20220804-6354275  User: oesteban  Machine: dna020  Platform: Linux  PlatformVersion: 5.14.0-427.37.1.el9_4.x86_64  CompilerName: GCC  CompilerVersion: 8.4.0
ProgramName: mri_and  ProgramArguments: mri_and -all-info  ProgramVersion: 7.3.2  TimeStamp: 2026/03/08-16:33:21-GMT  BuildTime: Aug  4 2022 06:17:15  BuildStamp: freesurfer-linux-ubuntu22_x86_64-7.3.2-20220804-6354275  User: oesteban  Machine: dna020  Platform: Linux  PlatformVersion: 5.14.0-427.37.1.el9_4.x86_64  CompilerName: GCC  CompilerVersion: 8.4.0
ProgramName: mri_annotation2label  ProgramArguments: mri_annotation2label -all-info  ProgramVersion: 7.3.2  TimeStamp: 2026/03/08-16:33:21-GMT  BuildTime: Aug  4 2022 06:17:15  BuildStamp: freesurfer-linux-ubuntu22_x86_64-7.3.2-20220804-6354275  User: oesteban  Machine: dna020  Platform: Linux  PlatformVersion: 5.14.0-427.37.1.el9_4.x86_64  CompilerName: GCC  CompilerVersion: 8.4.0
ProgramName: mri_aparc2aseg  ProgramArguments: mri_aparc2aseg -all-info  ProgramVersion: 7.3.2  TimeStamp: 2026/03/08-16:33:21-GMT  BuildTime: Aug  4 2022 06:17:15  BuildStamp: freesurfer-linux-ubuntu22_x86_64-7.3.2-20220804-6354275  User: oesteban  Machine: dna020  Platform: Linux  PlatformVersion: 5.14.0-427.37.1.el9_4.x86_64  CompilerName: GCC  CompilerVersion: 8.4.0
ProgramName: mri_surf2volseg  ProgramArguments: mri_surf2volseg -all-info  ProgramVersion: 7.3.2  TimeStamp: 2026/03/08-16:33:21-GMT  BuildTime: Aug  4 2022 06:17:15  BuildStamp: freesurfer-linux-ubuntu22_x86_64-7.3.2-20220804-6354275  User: oesteban  Machine: dna020  Platform: Linux  PlatformVersion: 5.14.0-427.37.1.el9_4.x86_64  CompilerName: GCC  CompilerVersion: 8.4.0
ProgramName: mri_binarize  ProgramArguments: mri_binarize -all-info  ProgramVersion: 7.3.2  TimeStamp: 2026/03/08-16:33:21-GMT  BuildTime: Aug  4 2022 06:17:15  BuildStamp: freesurfer-linux-ubuntu22_x86_64-7.3.2-20220804-6354275  User: oesteban  Machine: dna020  Platform: Linux  PlatformVersion: 5.14.0-427.37.1.el9_4.x86_64  CompilerName: GCC  CompilerVersion: 8.4.0
ProgramName: mri_ca_label  ProgramArguments: mri_ca_label -all-info  ProgramVersion: 7.3.2  TimeStamp: 2026/03/08-16:33:21-GMT  BuildTime: Aug  4 2022 06:17:15  BuildStamp: freesurfer-linux-ubuntu22_x86_64-7.3.2-20220804-6354275  User: oesteban  Machine: dna020  Platform: Linux  PlatformVersion: 5.14.0-427.37.1.el9_4.x86_64  CompilerName: GCC  CompilerVersion: 8.4.0
ProgramName: mri_ca_normalize  ProgramArguments: mri_ca_normalize -all-info  ProgramVersion: 7.3.2  TimeStamp: 2026/03/08-16:33:21-GMT  BuildTime: Aug  4 2022 06:17:15  BuildStamp: freesurfer-linux-ubuntu22_x86_64-7.3.2-20220804-6354275  User: oesteban  Machine: dna020  Platform: Linux  PlatformVersion: 5.14.0-427.37.1.el9_4.x86_64  CompilerName: GCC  CompilerVersion: 8.4.0
ProgramName: mri_ca_register  ProgramArguments: mri_ca_register -all-info  ProgramVersion: 7.3.2  TimeStamp: 2026/03/08-16:33:21-GMT  BuildTime: Aug  4 2022 06:17:15  BuildStamp: freesurfer-linux-ubuntu22_x86_64-7.3.2-20220804-6354275  User: oesteban  Machine: dna020  Platform: Linux  PlatformVersion: 5.14.0-427.37.1.el9_4.x86_64  CompilerName: GCC  CompilerVersion: 8.4.0
ProgramName: mri_cc  ProgramArguments: mri_cc -all-info  ProgramVersion: 7.3.2  TimeStamp: 2026/03/08-16:33:21-GMT  BuildTime: Aug  4 2022 06:17:15  BuildStamp: freesurfer-linux-ubuntu22_x86_64-7.3.2-20220804-6354275  User: oesteban  Machine: dna020  Platform: Linux  PlatformVersion: 5.14.0-427.37.1.el9_4.x86_64  CompilerName: GCC  CompilerVersion: 8.4.0
ProgramName: mri_compute_overlap  ProgramArguments: mri_compute_overlap -all-info  ProgramVersion: 7.3.2  TimeStamp: 2026/03/08-16:33:21-GMT  BuildTime: Aug  4 2022 06:17:15  BuildStamp: freesurfer-linux-ubuntu22_x86_64-7.3.2-20220804-6354275  User: oesteban  Machine: dna020  Platform: Linux  PlatformVersion: 5.14.0-427.37.1.el9_4.x86_64  CompilerName: GCC  CompilerVersion: 8.4.0
ProgramName: mri_compute_seg_overlap  ProgramArguments: mri_compute_seg_overlap -all-info  ProgramVersion: 7.3.2  TimeStamp: 2026/03/08-16:33:21-GMT  BuildTime: Aug  4 2022 06:17:15  BuildStamp: freesurfer-linux-ubuntu22_x86_64-7.3.2-20220804-6354275  User: oesteban  Machine: dna020  Platform: Linux  PlatformVersion: 5.14.0-427.37.1.el9_4.x86_64  CompilerName: GCC  CompilerVersion: 8.4.0
ProgramName: mri_concat  ProgramArguments: mri_concat -all-info  ProgramVersion: 7.3.2  TimeStamp: 2026/03/08-16:33:21-GMT  BuildTime: Aug  4 2022 06:17:15  BuildStamp: freesurfer-linux-ubuntu22_x86_64-7.3.2-20220804-6354275  User: oesteban  Machine: dna020  Platform: Linux  PlatformVersion: 5.14.0-427.37.1.el9_4.x86_64  CompilerName: GCC  CompilerVersion: 8.4.0
ProgramName: mri_concatenate_lta  ProgramArguments: mri_concatenate_lta -all-info  ProgramVersion: 7.3.2  TimeStamp: 2026/03/08-16:33:21-GMT  BuildTime: Aug  4 2022 06:17:15  BuildStamp: freesurfer-linux-ubuntu22_x86_64-7.3.2-20220804-6354275  User: oesteban  Machine: dna020  Platform: Linux  PlatformVersion: 5.14.0-427.37.1.el9_4.x86_64  CompilerName: GCC  CompilerVersion: 8.4.0
mri_convert -all-info 
ProgramName: mri_convert  ProgramArguments: mri_convert -all-info  ProgramVersion: 7.3.2  TimeStamp: 2026/03/08-16:33:21-GMT  BuildTime: Aug  4 2022 06:17:15  BuildStamp: freesurfer-linux-ubuntu22_x86_64-7.3.2-20220804-6354275  User: oesteban  Machine: dna020  Platform: Linux  PlatformVersion: 5.14.0-427.37.1.el9_4.x86_64  CompilerName: GCC  CompilerVersion: 8.4.0
ProgramName: mri_diff  ProgramArguments: mri_diff -all-info  ProgramVersion: 7.3.2  TimeStamp: 2026/03/08-16:33:21-GMT  BuildTime: Aug  4 2022 06:17:15  BuildStamp: freesurfer-linux-ubuntu22_x86_64-7.3.2-20220804-6354275  User: oesteban  Machine: dna020  Platform: Linux  PlatformVersion: 5.14.0-427.37.1.el9_4.x86_64  CompilerName: GCC  CompilerVersion: 8.4.0
ProgramName: mri_edit_wm_with_aseg  ProgramArguments: mri_edit_wm_with_aseg -all-info  ProgramVersion: 7.3.2  TimeStamp: 2026/03/08-16:33:21-GMT  BuildTime: Aug  4 2022 06:17:15  BuildStamp: freesurfer-linux-ubuntu22_x86_64-7.3.2-20220804-6354275  User: oesteban  Machine: dna020  Platform: Linux  PlatformVersion: 5.14.0-427.37.1.el9_4.x86_64  CompilerName: GCC  CompilerVersion: 8.4.0
ProgramName: mri_em_register  ProgramArguments: mri_em_register -all-info  ProgramVersion: 7.3.2  TimeStamp: 2026/03/08-16:33:21-GMT  BuildTime: Aug  4 2022 06:17:15  BuildStamp: freesurfer-linux-ubuntu22_x86_64-7.3.2-20220804-6354275  User: oesteban  Machine: dna020  Platform: Linux  PlatformVersion: 5.14.0-427.37.1.el9_4.x86_64  CompilerName: GCC  CompilerVersion: 8.4.0
ProgramName: mri_fill  ProgramArguments: mri_fill -all-info  ProgramVersion: 7.3.2  TimeStamp: 2026/03/08-16:33:21-GMT  BuildTime: Aug  4 2022 06:17:15  BuildStamp: freesurfer-linux-ubuntu22_x86_64-7.3.2-20220804-6354275  User: oesteban  Machine: dna020  Platform: Linux  PlatformVersion: 5.14.0-427.37.1.el9_4.x86_64  CompilerName: GCC  CompilerVersion: 8.4.0
ProgramName: mri_fuse_segmentations  ProgramArguments: mri_fuse_segmentations -all-info  ProgramVersion: 7.3.2  TimeStamp: 2026/03/08-16:33:21-GMT  BuildTime: Aug  4 2022 06:17:15  BuildStamp: freesurfer-linux-ubuntu22_x86_64-7.3.2-20220804-6354275  User: oesteban  Machine: dna020  Platform: Linux  PlatformVersion: 5.14.0-427.37.1.el9_4.x86_64  CompilerName: GCC  CompilerVersion: 8.4.0
ProgramName: mri_fwhm  ProgramArguments: mri_fwhm -all-info  ProgramVersion: 7.3.2  TimeStamp: 2026/03/08-16:33:21-GMT  BuildTime: Aug  4 2022 06:17:15  BuildStamp: freesurfer-linux-ubuntu22_x86_64-7.3.2-20220804-6354275  User: oesteban  Machine: dna020  Platform: Linux  PlatformVersion: 5.14.0-427.37.1.el9_4.x86_64  CompilerName: GCC  CompilerVersion: 8.4.0
ProgramName: mri_gcut  ProgramArguments: mri_gcut -all-info  ProgramVersion: 7.3.2  TimeStamp: 2026/03/08-16:33:21-GMT  BuildTime: Aug  4 2022 06:17:15  BuildStamp: freesurfer-linux-ubuntu22_x86_64-7.3.2-20220804-6354275  User: oesteban  Machine: dna020  Platform: Linux  PlatformVersion: 5.14.0-427.37.1.el9_4.x86_64  CompilerName: GCC  CompilerVersion: 8.4.0
ProgramName: mri_info  ProgramArguments: mri_info -all-info  ProgramVersion: 7.3.2  TimeStamp: 2026/03/08-16:33:21-GMT  BuildTime: Aug  4 2022 06:17:15  BuildStamp: freesurfer-linux-ubuntu22_x86_64-7.3.2-20220804-6354275  User: oesteban  Machine: dna020  Platform: Linux  PlatformVersion: 5.14.0-427.37.1.el9_4.x86_64  CompilerName: GCC  CompilerVersion: 8.4.0
ProgramName: mri_label2label  ProgramArguments: mri_label2label -all-info  ProgramVersion: 7.3.2  TimeStamp: 2026/03/08-16:33:21-GMT  BuildTime: Aug  4 2022 06:17:15  BuildStamp: freesurfer-linux-ubuntu22_x86_64-7.3.2-20220804-6354275  User: oesteban  Machine: dna020  Platform: Linux  PlatformVersion: 5.14.0-427.37.1.el9_4.x86_64  CompilerName: GCC  CompilerVersion: 8.4.0
ProgramName: mri_label2vol  ProgramArguments: mri_label2vol -all-info  ProgramVersion: 7.3.2  TimeStamp: 2026/03/08-16:33:21-GMT  BuildTime: Aug  4 2022 06:17:15  BuildStamp: freesurfer-linux-ubuntu22_x86_64-7.3.2-20220804-6354275  User: oesteban  Machine: dna020  Platform: Linux  PlatformVersion: 5.14.0-427.37.1.el9_4.x86_64  CompilerName: GCC  CompilerVersion: 8.4.0
ProgramName: mri_log_likelihood  ProgramArguments: mri_log_likelihood -all-info  ProgramVersion: 7.3.2  TimeStamp: 2026/03/08-16:33:21-GMT  BuildTime: Aug  4 2022 06:17:15  BuildStamp: freesurfer-linux-ubuntu22_x86_64-7.3.2-20220804-6354275  User: oesteban  Machine: dna020  Platform: Linux  PlatformVersion: 5.14.0-427.37.1.el9_4.x86_64  CompilerName: GCC  CompilerVersion: 8.4.0
ProgramName: mri_mask  ProgramArguments: mri_mask -all-info  ProgramVersion: 7.3.2  TimeStamp: 2026/03/08-16:33:21-GMT  BuildTime: Aug  4 2022 06:17:15  BuildStamp: freesurfer-linux-ubuntu22_x86_64-7.3.2-20220804-6354275  User: oesteban  Machine: dna020  Platform: Linux  PlatformVersion: 5.14.0-427.37.1.el9_4.x86_64  CompilerName: GCC  CompilerVersion: 8.4.0
ProgramName: mri_matrix_multiply  ProgramArguments: mri_matrix_multiply -all-info  ProgramVersion: 7.3.2  TimeStamp: 2026/03/08-16:33:21-GMT  BuildTime: Aug  4 2022 06:17:15  BuildStamp: freesurfer-linux-ubuntu22_x86_64-7.3.2-20220804-6354275  User: oesteban  Machine: dna020  Platform: Linux  PlatformVersion: 5.14.0-427.37.1.el9_4.x86_64  CompilerName: GCC  CompilerVersion: 8.4.0
ProgramName: mri_normalize  ProgramArguments: mri_normalize -all-info  ProgramVersion: 7.3.2  TimeStamp: 2026/03/08-16:33:21-GMT  BuildTime: Aug  4 2022 06:17:15  BuildStamp: freesurfer-linux-ubuntu22_x86_64-7.3.2-20220804-6354275  User: oesteban  Machine: dna020  Platform: Linux  PlatformVersion: 5.14.0-427.37.1.el9_4.x86_64  CompilerName: GCC  CompilerVersion: 8.4.0
ProgramName: mri_normalize_tp2  ProgramArguments: mri_normalize_tp2 -all-info  ProgramVersion: 7.3.2  TimeStamp: 2026/03/08-16:33:21-GMT  BuildTime: Aug  4 2022 06:17:15  BuildStamp: freesurfer-linux-ubuntu22_x86_64-7.3.2-20220804-6354275  User: oesteban  Machine: dna020  Platform: Linux  PlatformVersion: 5.14.0-427.37.1.el9_4.x86_64  CompilerName: GCC  CompilerVersion: 8.4.0
ProgramName: mri_or  ProgramArguments: mri_or -all-info  ProgramVersion: 7.3.2  TimeStamp: 2026/03/08-16:33:21-GMT  BuildTime: Aug  4 2022 06:17:15  BuildStamp: freesurfer-linux-ubuntu22_x86_64-7.3.2-20220804-6354275  User: oesteban  Machine: dna020  Platform: Linux  PlatformVersion: 5.14.0-427.37.1.el9_4.x86_64  CompilerName: GCC  CompilerVersion: 8.4.0
ProgramName: mri_relabel_hypointensities  ProgramArguments: mri_relabel_hypointensities -all-info  ProgramVersion: 7.3.2  TimeStamp: 2026/03/08-16:33:21-GMT  BuildTime: Aug  4 2022 06:17:15  BuildStamp: freesurfer-linux-ubuntu22_x86_64-7.3.2-20220804-6354275  User: oesteban  Machine: dna020  Platform: Linux  PlatformVersion: 5.14.0-427.37.1.el9_4.x86_64  CompilerName: GCC  CompilerVersion: 8.4.0
ProgramName: mri_relabel_nonwm_hypos  ProgramArguments: mri_relabel_nonwm_hypos -all-info  ProgramVersion: 7.3.2  TimeStamp: 2026/03/08-16:33:21-GMT  BuildTime: Aug  4 2022 06:17:15  BuildStamp: freesurfer-linux-ubuntu22_x86_64-7.3.2-20220804-6354275  User: oesteban  Machine: dna020  Platform: Linux  PlatformVersion: 5.14.0-427.37.1.el9_4.x86_64  CompilerName: GCC  CompilerVersion: 8.4.0
ProgramName: mri_remove_neck  ProgramArguments: mri_remove_neck -all-info  ProgramVersion: 7.3.2  TimeStamp: 2026/03/08-16:33:21-GMT  BuildTime: Aug  4 2022 06:17:15  BuildStamp: freesurfer-linux-ubuntu22_x86_64-7.3.2-20220804-6354275  User: oesteban  Machine: dna020  Platform: Linux  PlatformVersion: 5.14.0-427.37.1.el9_4.x86_64  CompilerName: GCC  CompilerVersion: 8.4.0
7.3.2

ProgramName: mri_robust_register  ProgramArguments: mri_robust_register -all-info  ProgramVersion: 7.3.2  TimeStamp: 2026/03/08-16:33:21-GMT  BuildTime: Aug  4 2022 06:17:15  BuildStamp: freesurfer-linux-ubuntu22_x86_64-7.3.2-20220804-6354275  User: oesteban  Machine: dna020  Platform: Linux  PlatformVersion: 5.14.0-427.37.1.el9_4.x86_64  CompilerName: GCC  CompilerVersion: 8.4.0
7.3.2

ProgramName: mri_robust_template  ProgramArguments: mri_robust_template -all-info  ProgramVersion: 7.3.2  TimeStamp: 2026/03/08-16:33:21-GMT  BuildTime: Aug  4 2022 06:17:15  BuildStamp: freesurfer-linux-ubuntu22_x86_64-7.3.2-20220804-6354275  User: oesteban  Machine: dna020  Platform: Linux  PlatformVersion: 5.14.0-427.37.1.el9_4.x86_64  CompilerName: GCC  CompilerVersion: 8.4.0
ProgramName: mris_anatomical_stats  ProgramArguments: mris_anatomical_stats -all-info  ProgramVersion: 7.3.2  TimeStamp: 2026/03/08-16:33:21-GMT  BuildTime: Aug  4 2022 06:17:15  BuildStamp: freesurfer-linux-ubuntu22_x86_64-7.3.2-20220804-6354275  User: oesteban  Machine: dna020  Platform: Linux  PlatformVersion: 5.14.0-427.37.1.el9_4.x86_64  CompilerName: GCC  CompilerVersion: 8.4.0
ProgramName: mris_ca_label  ProgramArguments: mris_ca_label -all-info  ProgramVersion: 7.3.2  TimeStamp: 2026/03/08-16:33:21-GMT  BuildTime: Aug  4 2022 06:17:15  BuildStamp: freesurfer-linux-ubuntu22_x86_64-7.3.2-20220804-6354275  User: oesteban  Machine: dna020  Platform: Linux  PlatformVersion: 5.14.0-427.37.1.el9_4.x86_64  CompilerName: GCC  CompilerVersion: 8.4.0
ProgramName: mris_calc  ProgramArguments: mris_calc -all-info  ProgramVersion: 7.3.2  TimeStamp: 2026/03/08-16:33:21-GMT  BuildTime: Aug  4 2022 06:17:15  BuildStamp: freesurfer-linux-ubuntu22_x86_64-7.3.2-20220804-6354275  User: oesteban  Machine: dna020  Platform: Linux  PlatformVersion: 5.14.0-427.37.1.el9_4.x86_64  CompilerName: GCC  CompilerVersion: 8.4.0
ProgramName: mris_convert  ProgramArguments: mris_convert -all-info  ProgramVersion: 7.3.2  TimeStamp: 2026/03/08-16:33:21-GMT  BuildTime: Aug  4 2022 06:17:15  BuildStamp: freesurfer-linux-ubuntu22_x86_64-7.3.2-20220804-6354275  User: oesteban  Machine: dna020  Platform: Linux  PlatformVersion: 5.14.0-427.37.1.el9_4.x86_64  CompilerName: GCC  CompilerVersion: 8.4.0
ProgramName: mris_curvature  ProgramArguments: mris_curvature -all-info  ProgramVersion: 7.3.2  TimeStamp: 2026/03/08-16:33:21-GMT  BuildTime: Aug  4 2022 06:17:15  BuildStamp: freesurfer-linux-ubuntu22_x86_64-7.3.2-20220804-6354275  User: oesteban  Machine: dna020  Platform: Linux  PlatformVersion: 5.14.0-427.37.1.el9_4.x86_64  CompilerName: GCC  CompilerVersion: 8.4.0
ProgramName: mris_curvature_stats  ProgramArguments: mris_curvature_stats -all-info  ProgramVersion: 7.3.2  TimeStamp: 2026/03/08-16:33:21-GMT  BuildTime: Aug  4 2022 06:17:15  BuildStamp: freesurfer-linux-ubuntu22_x86_64-7.3.2-20220804-6354275  User: oesteban  Machine: dna020  Platform: Linux  PlatformVersion: 5.14.0-427.37.1.el9_4.x86_64  CompilerName: GCC  CompilerVersion: 8.4.0
ProgramName: mris_diff  ProgramArguments: mris_diff -all-info  ProgramVersion: 7.3.2  TimeStamp: 2026/03/08-16:33:21-GMT  BuildTime: Aug  4 2022 06:17:15  BuildStamp: freesurfer-linux-ubuntu22_x86_64-7.3.2-20220804-6354275  User: oesteban  Machine: dna020  Platform: Linux  PlatformVersion: 5.14.0-427.37.1.el9_4.x86_64  CompilerName: GCC  CompilerVersion: 8.4.0
ProgramName: mris_divide_parcellation  ProgramArguments: mris_divide_parcellation -all-info  ProgramVersion: 7.3.2  TimeStamp: 2026/03/08-16:33:21-GMT  BuildTime: Aug  4 2022 06:17:15  BuildStamp: freesurfer-linux-ubuntu22_x86_64-7.3.2-20220804-6354275  User: oesteban  Machine: dna020  Platform: Linux  PlatformVersion: 5.14.0-427.37.1.el9_4.x86_64  CompilerName: GCC  CompilerVersion: 8.4.0
ProgramName: mri_segment  ProgramArguments: mri_segment -all-info  ProgramVersion: 7.3.2  TimeStamp: 2026/03/08-16:33:21-GMT  BuildTime: Aug  4 2022 06:17:15  BuildStamp: freesurfer-linux-ubuntu22_x86_64-7.3.2-20220804-6354275  User: oesteban  Machine: dna020  Platform: Linux  PlatformVersion: 5.14.0-427.37.1.el9_4.x86_64  CompilerName: GCC  CompilerVersion: 8.4.0
ProgramName: mri_segstats  ProgramArguments: mri_segstats -all-info  ProgramVersion: 7.3.2  TimeStamp: 2026/03/08-16:33:21-GMT  BuildTime: Aug  4 2022 06:17:15  BuildStamp: freesurfer-linux-ubuntu22_x86_64-7.3.2-20220804-6354275  User: oesteban  Machine: dna020  Platform: Linux  PlatformVersion: 5.14.0-427.37.1.el9_4.x86_64  CompilerName: GCC  CompilerVersion: 8.4.0
ProgramName: mris_euler_number  ProgramArguments: mris_euler_number -all-info  ProgramVersion: 7.3.2  TimeStamp: 2026/03/08-16:33:21-GMT  BuildTime: Aug  4 2022 06:17:15  BuildStamp: freesurfer-linux-ubuntu22_x86_64-7.3.2-20220804-6354275  User: oesteban  Machine: dna020  Platform: Linux  PlatformVersion: 5.14.0-427.37.1.el9_4.x86_64  CompilerName: GCC  CompilerVersion: 8.4.0
ProgramName: mris_fix_topology  ProgramArguments: mris_fix_topology -all-info  ProgramVersion: 7.3.2  TimeStamp: 2026/03/08-16:33:21-GMT  BuildTime: Aug  4 2022 06:17:15  BuildStamp: freesurfer-linux-ubuntu22_x86_64-7.3.2-20220804-6354275  User: oesteban  Machine: dna020  Platform: Linux  PlatformVersion: 5.14.0-427.37.1.el9_4.x86_64  CompilerName: GCC  CompilerVersion: 8.4.0
ProgramName: mris_topo_fixer  ProgramArguments: mris_topo_fixer -all-info  ProgramVersion: 7.3.2  TimeStamp: 2026/03/08-16:33:21-GMT  BuildTime: Aug  4 2022 06:17:15  BuildStamp: freesurfer-linux-ubuntu22_x86_64-7.3.2-20220804-6354275  User: oesteban  Machine: dna020  Platform: Linux  PlatformVersion: 5.14.0-427.37.1.el9_4.x86_64  CompilerName: GCC  CompilerVersion: 8.4.0
ProgramName: mris_jacobian  ProgramArguments: mris_jacobian -all-info  ProgramVersion: 7.3.2  TimeStamp: 2026/03/08-16:33:21-GMT  BuildTime: Aug  4 2022 06:17:15  BuildStamp: freesurfer-linux-ubuntu22_x86_64-7.3.2-20220804-6354275  User: oesteban  Machine: dna020  Platform: Linux  PlatformVersion: 5.14.0-427.37.1.el9_4.x86_64  CompilerName: GCC  CompilerVersion: 8.4.0
ProgramName: mris_label2annot  ProgramArguments: mris_label2annot -all-info  ProgramVersion: 7.3.2  TimeStamp: 2026/03/08-16:33:21-GMT  BuildTime: Aug  4 2022 06:17:15  BuildStamp: freesurfer-linux-ubuntu22_x86_64-7.3.2-20220804-6354275  User: oesteban  Machine: dna020  Platform: Linux  PlatformVersion: 5.14.0-427.37.1.el9_4.x86_64  CompilerName: GCC  CompilerVersion: 8.4.0
ProgramName: mris_left_right_register  ProgramArguments: mris_left_right_register -all-info  ProgramVersion: 7.3.2  TimeStamp: 2026/03/08-16:33:21-GMT  BuildTime: Aug  4 2022 06:17:15  BuildStamp: freesurfer-linux-ubuntu22_x86_64-7.3.2-20220804-6354275  User: oesteban  Machine: dna020  Platform: Linux  PlatformVersion: 5.14.0-427.37.1.el9_4.x86_64  CompilerName: GCC  CompilerVersion: 8.4.0
ProgramName: mris_place_surface  ProgramArguments: mris_place_surface -all-info  ProgramVersion: 7.3.2  TimeStamp: 2026/03/08-16:33:21-GMT  BuildTime: Aug  4 2022 06:17:15  BuildStamp: freesurfer-linux-ubuntu22_x86_64-7.3.2-20220804-6354275  User: oesteban  Machine: dna020  Platform: Linux  PlatformVersion: 5.14.0-427.37.1.el9_4.x86_64  CompilerName: GCC  CompilerVersion: 8.4.0
ProgramName: mrisp_paint  ProgramArguments: mrisp_paint -all-info  ProgramVersion: 7.3.2  TimeStamp: 2026/03/08-16:33:21-GMT  BuildTime: Aug  4 2022 06:17:15  BuildStamp: freesurfer-linux-ubuntu22_x86_64-7.3.2-20220804-6354275  User: oesteban  Machine: dna020  Platform: Linux  PlatformVersion: 5.14.0-427.37.1.el9_4.x86_64  CompilerName: GCC  CompilerVersion: 8.4.0
ProgramName: mris_register  ProgramArguments: mris_register -all-info  ProgramVersion: 7.3.2  TimeStamp: 2026/03/08-16:33:21-GMT  BuildTime: Aug  4 2022 06:17:15  BuildStamp: freesurfer-linux-ubuntu22_x86_64-7.3.2-20220804-6354275  User: oesteban  Machine: dna020  Platform: Linux  PlatformVersion: 5.14.0-427.37.1.el9_4.x86_64  CompilerName: GCC  CompilerVersion: 8.4.0
ProgramName: mris_smooth  ProgramArguments: mris_smooth -all-info  ProgramVersion: 7.3.2  TimeStamp: 2026/03/08-16:33:21-GMT  BuildTime: Aug  4 2022 06:17:15  BuildStamp: freesurfer-linux-ubuntu22_x86_64-7.3.2-20220804-6354275  User: oesteban  Machine: dna020  Platform: Linux  PlatformVersion: 5.14.0-427.37.1.el9_4.x86_64  CompilerName: GCC  CompilerVersion: 8.4.0
ProgramName: mris_sphere  ProgramArguments: mris_sphere -all-info  ProgramVersion: 7.3.2  TimeStamp: 2026/03/08-16:33:21-GMT  BuildTime: Aug  4 2022 06:17:15  BuildStamp: freesurfer-linux-ubuntu22_x86_64-7.3.2-20220804-6354275  User: oesteban  Machine: dna020  Platform: Linux  PlatformVersion: 5.14.0-427.37.1.el9_4.x86_64  CompilerName: GCC  CompilerVersion: 8.4.0
ProgramName: mris_surface_stats  ProgramArguments: mris_surface_stats -all-info  ProgramVersion: 7.3.2  TimeStamp: 2026/03/08-16:33:21-GMT  BuildTime: Aug  4 2022 06:17:15  BuildStamp: freesurfer-linux-ubuntu22_x86_64-7.3.2-20220804-6354275  User: oesteban  Machine: dna020  Platform: Linux  PlatformVersion: 5.14.0-427.37.1.el9_4.x86_64  CompilerName: GCC  CompilerVersion: 8.4.0
ProgramName: mri_stats2seg  ProgramArguments: mri_stats2seg -all-info  ProgramVersion: 7.3.2  TimeStamp: 2026/03/08-16:33:21-GMT  BuildTime: Aug  4 2022 06:17:15  BuildStamp: freesurfer-linux-ubuntu22_x86_64-7.3.2-20220804-6354275  User: oesteban  Machine: dna020  Platform: Linux  PlatformVersion: 5.14.0-427.37.1.el9_4.x86_64  CompilerName: GCC  CompilerVersion: 8.4.0
ProgramName: mris_thickness  ProgramArguments: mris_thickness -all-info  ProgramVersion: 7.3.2  TimeStamp: 2026/03/08-16:33:21-GMT  BuildTime: Aug  4 2022 06:17:15  BuildStamp: freesurfer-linux-ubuntu22_x86_64-7.3.2-20220804-6354275  User: oesteban  Machine: dna020  Platform: Linux  PlatformVersion: 5.14.0-427.37.1.el9_4.x86_64  CompilerName: GCC  CompilerVersion: 8.4.0
ProgramName: mris_thickness_diff  ProgramArguments: mris_thickness_diff -all-info  ProgramVersion: 7.3.2  TimeStamp: 2026/03/08-16:33:21-GMT  BuildTime: Aug  4 2022 06:17:15  BuildStamp: freesurfer-linux-ubuntu22_x86_64-7.3.2-20220804-6354275  User: oesteban  Machine: dna020  Platform: Linux  PlatformVersion: 5.14.0-427.37.1.el9_4.x86_64  CompilerName: GCC  CompilerVersion: 8.4.0
ProgramName: mris_topo_fixer  ProgramArguments: mris_topo_fixer -all-info  ProgramVersion: 7.3.2  TimeStamp: 2026/03/08-16:33:21-GMT  BuildTime: Aug  4 2022 06:17:15  BuildStamp: freesurfer-linux-ubuntu22_x86_64-7.3.2-20220804-6354275  User: oesteban  Machine: dna020  Platform: Linux  PlatformVersion: 5.14.0-427.37.1.el9_4.x86_64  CompilerName: GCC  CompilerVersion: 8.4.0
ProgramName: mri_surf2surf  ProgramArguments: mri_surf2surf -all-info  ProgramVersion: 7.3.2  TimeStamp: 2026/03/08-16:33:21-GMT  BuildTime: Aug  4 2022 06:17:15  BuildStamp: freesurfer-linux-ubuntu22_x86_64-7.3.2-20220804-6354275  User: oesteban  Machine: dna020  Platform: Linux  PlatformVersion: 5.14.0-427.37.1.el9_4.x86_64  CompilerName: GCC  CompilerVersion: 8.4.0
ProgramName: mri_surf2vol  ProgramArguments: mri_surf2vol -all-info  ProgramVersion: 7.3.2  TimeStamp: 2026/03/08-16:33:21-GMT  BuildTime: Aug  4 2022 06:17:15  BuildStamp: freesurfer-linux-ubuntu22_x86_64-7.3.2-20220804-6354275  User: oesteban  Machine: dna020  Platform: Linux  PlatformVersion: 5.14.0-427.37.1.el9_4.x86_64  CompilerName: GCC  CompilerVersion: 8.4.0
ProgramName: mri_surfcluster  ProgramArguments: mri_surfcluster -all-info  ProgramVersion: 7.3.2  TimeStamp: 2026/03/08-16:33:21-GMT  BuildTime: Aug  4 2022 06:17:15  BuildStamp: freesurfer-linux-ubuntu22_x86_64-7.3.2-20220804-6354275  User: oesteban  Machine: dna020  Platform: Linux  PlatformVersion: 5.14.0-427.37.1.el9_4.x86_64  CompilerName: GCC  CompilerVersion: 8.4.0
ProgramName: mris_volmask  ProgramArguments: mris_volmask -all-info  ProgramVersion: 7.3.2  TimeStamp: 2026/03/08-16:33:21-GMT  BuildTime: Aug  4 2022 06:17:15  BuildStamp: freesurfer-linux-ubuntu22_x86_64-7.3.2-20220804-6354275  User: oesteban  Machine: dna020  Platform: Linux  PlatformVersion: 5.14.0-427.37.1.el9_4.x86_64  CompilerName: GCC  CompilerVersion: 8.4.0
ProgramName: mri_tessellate  ProgramArguments: mri_tessellate -all-info  ProgramVersion: 7.3.2  TimeStamp: 2026/03/08-16:33:21-GMT  BuildTime: Aug  4 2022 06:17:15  BuildStamp: freesurfer-linux-ubuntu22_x86_64-7.3.2-20220804-6354275  User: oesteban  Machine: dna020  Platform: Linux  PlatformVersion: 5.14.0-427.37.1.el9_4.x86_64  CompilerName: GCC  CompilerVersion: 8.4.0
ProgramName: mri_vol2surf  ProgramArguments: mri_vol2surf -all-info  ProgramVersion: 7.3.2  TimeStamp: 2026/03/08-16:33:21-GMT  BuildTime: Aug  4 2022 06:17:15  BuildStamp: freesurfer-linux-ubuntu22_x86_64-7.3.2-20220804-6354275  User: oesteban  Machine: dna020  Platform: Linux  PlatformVersion: 5.14.0-427.37.1.el9_4.x86_64  CompilerName: GCC  CompilerVersion: 8.4.0
ProgramName: mri_vol2vol  ProgramArguments: mri_vol2vol -all-info  ProgramVersion: 7.3.2  TimeStamp: 2026/03/08-16:33:21-GMT  BuildTime: Aug  4 2022 06:17:15  BuildStamp: freesurfer-linux-ubuntu22_x86_64-7.3.2-20220804-6354275  User: oesteban  Machine: dna020  Platform: Linux  PlatformVersion: 5.14.0-427.37.1.el9_4.x86_64  CompilerName: GCC  CompilerVersion: 8.4.0
ProgramName: mri_voldiff  ProgramArguments: mri_voldiff -all-info  ProgramVersion: 7.3.2  TimeStamp: 2026/03/08-16:33:21-GMT  BuildTime: Aug  4 2022 06:17:15  BuildStamp: freesurfer-linux-ubuntu22_x86_64-7.3.2-20220804-6354275  User: oesteban  Machine: dna020  Platform: Linux  PlatformVersion: 5.14.0-427.37.1.el9_4.x86_64  CompilerName: GCC  CompilerVersion: 8.4.0
ProgramName: mri_watershed  ProgramArguments: mri_watershed -all-info  ProgramVersion: 7.3.2  TimeStamp: 2026/03/08-16:33:21-GMT  BuildTime: Aug  4 2022 06:17:15  BuildStamp: freesurfer-linux-ubuntu22_x86_64-7.3.2-20220804-6354275  User: oesteban  Machine: dna020  Platform: Linux  PlatformVersion: 5.14.0-427.37.1.el9_4.x86_64  CompilerName: GCC  CompilerVersion: 8.4.0
ProgramName: tkregister2  ProgramArguments: tkregister2_cmdl -all-info  ProgramVersion: 7.3.2  TimeStamp: 2026/03/08-16:33:21-GMT  BuildTime: Aug  4 2022 06:17:15  BuildStamp: freesurfer-linux-ubuntu22_x86_64-7.3.2-20220804-6354275  User: oesteban  Machine: dna020  Platform: Linux  PlatformVersion: 5.14.0-427.37.1.el9_4.x86_64  CompilerName: GCC  CompilerVersion: 8.4.0
mri_motion_correct.fsl 7.3.2
mri_convert -all-info 
ProgramName: mri_convert  ProgramArguments: mri_convert -all-info  ProgramVersion: 7.3.2  TimeStamp: 2026/03/08-16:33:21-GMT  BuildTime: Aug  4 2022 06:17:15  BuildStamp: freesurfer-linux-ubuntu22_x86_64-7.3.2-20220804-6354275  User: oesteban  Machine: dna020  Platform: Linux  PlatformVersion: 5.14.0-427.37.1.el9_4.x86_64  CompilerName: GCC  CompilerVersion: 8.4.0
Program nu_correct, built from:
Package MNI N3, version 1.12.0, compiled by nicks@terrier (x86_64-unknown-linux-gnu) on 2015-06-19 at 01:25:34
#######################################
GCADIR /opt/freesurfer/average
GCA RB_all_2020-01-02.gca
GCASkull RB_all_withskull_2020_01_02.gca
AvgCurvTif folding.atlas.acfb40.noaparc.i12.2016-08-02.tif
GCSDIR /opt/freesurfer/average
GCS DKaparc.atlas.acfb40.noaparc.i12.2016-08-02.gcs
#######################################
#-------------------------------------
#@# EM Registration Sun Mar  8 17:33:21 CET 2026
/out/sourcedata/freesurfer/sub-v1s14x0051559_ses-1/mri

 mri_em_register -uns 3 -mask brainmask.mgz nu.mgz /opt/freesurfer/average/RB_all_2020-01-02.gca transforms/talairach.lta 

setting unknown_nbr_spacing = 3
using MR volume brainmask.mgz to mask input volume...

== Number of threads available to mri_em_register for OpenMP = 16 == 
reading 1 input volumes...
logging results to talairach.log
reading '/opt/freesurfer/average/RB_all_2020-01-02.gca'...
GCAread took 0 minutes and 1 seconds.
average std = 7.2   using min determinant for regularization = 5.2
0 singular and 884 ill-conditioned covariance matrices regularized
reading 'nu.mgz'...
MRImask(): AllowDiffGeom = 1
MRImask(): AllowDiffGeom = 1
MRImask(): AllowDiffGeom = 1
MRImask(): AllowDiffGeom = 1
MRImask(): AllowDiffGeom = 1
freeing gibbs priors...done.
accounting for voxel sizes in initial transform
bounding unknown intensity as < 5.9 or > 519.0 
total sample mean = 79.1 (1017 zeros)
************************************************
spacing=8, using 2841 sample points, tol=1.00e-05...
************************************************
register_mri: find_optimal_transform
find_optimal_transform: nsamples 2841, passno 0, spacing 8
resetting wm mean[0]: 98 --> 107
resetting gm mean[0]: 61 --> 61
input volume #1 is the most T1-like
using real data threshold=28.0
skull bounding box = (60, 70, 32) --> (193, 207, 199)
finding center of left hemi white matter
using (104, 116, 116) as brain centroid of Right_Cerebral_White_Matter...
MRImask(): AllowDiffGeom = 1
mean wm in atlas = 107, using box (88,99,95) --> (120, 132,136) to find MRI wm
before smoothing, mri peak at 109
robust fit to distribution - 109 +- 3.4
after smoothing, mri peak at 109, scaling input intensities by 0.982
scaling channel 0 by 0.981651
initial log_p = -4.158
************************************************
First Search limited to translation only.
************************************************
max log p =    -3.923522 @ (-10.526, -10.526, -10.526)
max log p =    -3.583672 @ (5.263, -5.263, 5.263)
max log p =    -3.539082 @ (2.632, 2.632, 2.632)
max log p =    -3.495898 @ (1.316, -1.316, -1.316)
max log p =    -3.490765 @ (0.658, -0.658, 0.658)
max log p =    -3.490765 @ (0.000, 0.000, 0.000)
max log p =    -3.490765 @ (0.000, 0.000, 0.000)
max log p =    -3.490765 @ (0.000, 0.000, 0.000)
Found translation: (-0.7, -15.1, -3.3): log p = -3.491
****************************************
Nine parameter search.  iteration 0 nscales = 0 ...
****************************************
Result so far: scale 1.000: max_log_p=-3.382, old_max_log_p =-3.491 (thresh=-3.5)
 1.06580   0.01566  -0.13983   4.05016;
 0.00000   1.04996   0.15634  -38.84344;
 0.13053  -0.11066   0.98799  -3.74535;
 0.00000   0.00000   0.00000   1.00000;
iteration took 0 minutes and 14 seconds.
****************************************
Nine parameter search.  iteration 1 nscales = 0 ...
****************************************
Result so far: scale 1.000: max_log_p=-3.382, old_max_log_p =-3.382 (thresh=-3.4)
 1.06580   0.01566  -0.13983   4.05016;
 0.00000   1.04996   0.15634  -38.84344;
 0.13053  -0.11066   0.98799  -3.74535;
 0.00000   0.00000   0.00000   1.00000;
reducing scale to 0.2500
iteration took 0 minutes and 12 seconds.
****************************************
Nine parameter search.  iteration 2 nscales = 1 ...
****************************************
Result so far: scale 0.250: max_log_p=-3.193, old_max_log_p =-3.382 (thresh=-3.4)
 1.05160   0.03867  -0.06794  -6.85252;
-0.02820   1.08409   0.19899  -44.47317;
 0.06052  -0.14432   0.98967   11.39275;
 0.00000   0.00000   0.00000   1.00000;
iteration took 0 minutes and 12 seconds.
****************************************
Nine parameter search.  iteration 3 nscales = 1 ...
****************************************
Result so far: scale 0.250: max_log_p=-3.192, old_max_log_p =-3.193 (thresh=-3.2)
 1.05301   0.03392  -0.03553  -9.85747;
-0.02873   1.10442   0.20272  -45.66872;
 0.02608  -0.14551   0.99136   15.81615;
 0.00000   0.00000   0.00000   1.00000;
reducing scale to 0.0625
iteration took 0 minutes and 12 seconds.
****************************************
Nine parameter search.  iteration 4 nscales = 2 ...
****************************************
Result so far: scale 0.062: max_log_p=-3.165, old_max_log_p =-3.192 (thresh=-3.2)
 1.04942   0.02181  -0.07138  -3.96003;
-0.01113   1.09843   0.22532  -50.96457;
 0.06128  -0.17117   0.98323   16.01619;
 0.00000   0.00000   0.00000   1.00000;
iteration took 0 minutes and 12 seconds.
****************************************
Nine parameter search.  iteration 5 nscales = 2 ...
****************************************
Result so far: scale 0.062: max_log_p=-3.164, old_max_log_p =-3.165 (thresh=-3.2)
 1.04942   0.02181  -0.07138  -3.96003;
-0.01114   1.09972   0.22558  -51.63283;
 0.06121  -0.17097   0.98208   16.12096;
 0.00000   0.00000   0.00000   1.00000;
min search scale 0.025000 reached
***********************************************
Computing MAP estimate using 2841 samples...
***********************************************
dt = 5.00e-06, momentum=0.80, tol=1.00e-05
l_intensity = 1.0000
Aligning input volume to GCA...
Transform matrix
 1.04942   0.02181  -0.07138  -3.96003;
-0.01114   1.09972   0.22558  -51.63283;
 0.06121  -0.17097   0.98208   16.12096;
 0.00000   0.00000   0.00000   1.00000;
nsamples 2841
Quasinewton: input matrix
 1.04942   0.02181  -0.07138  -3.96003;
-0.01114   1.09972   0.22558  -51.63283;
 0.06121  -0.17097   0.98208   16.12096;
 0.00000   0.00000   0.00000   1.00000;
 IFLAG= -1  LINE SEARCH FAILED. SEE DOCUMENTATION OF ROUTINE MCSRCH ERROR RETURN OF LINE SEARCH: INFO= 3 POSSIBLE CAUSES: FUNCTION OR GRADIENT ARE INCORRECT OR INCORRECT TOLERANCESoutof QuasiNewtonEMA: 008: -log(p) =   -0.0  tol 0.000010
Resulting transform:
 1.04942   0.02181  -0.07138  -3.96003;
-0.01114   1.09972   0.22558  -51.63283;
 0.06121  -0.17097   0.98208   16.12096;
 0.00000   0.00000   0.00000   1.00000;

pass 1, spacing 8: log(p) = -3.164 (old=-4.158)
transform before final EM align:
 1.04942   0.02181  -0.07138  -3.96003;
-0.01114   1.09972   0.22558  -51.63283;
 0.06121  -0.17097   0.98208   16.12096;
 0.00000   0.00000   0.00000   1.00000;

**************************************************
 EM alignment process ...
 Computing final MAP estimate using 315638 samples. 
**************************************************
dt = 5.00e-06, momentum=0.80, tol=1.00e-07
l_intensity = 1.0000
Aligning input volume to GCA...
Transform matrix
 1.04942   0.02181  -0.07138  -3.96003;
-0.01114   1.09972   0.22558  -51.63283;
 0.06121  -0.17097   0.98208   16.12096;
 0.00000   0.00000   0.00000   1.00000;
nsamples 315638
Quasinewton: input matrix
 1.04942   0.02181  -0.07138  -3.96003;
-0.01114   1.09972   0.22558  -51.63283;
 0.06121  -0.17097   0.98208   16.12096;
 0.00000   0.00000   0.00000   1.00000;
dfp_em_step_func: 009: -log(p) = 3.8
after pass:transform: ( 1.05, 0.02, -0.07, -3.96)
                      ( -0.01, 1.10, 0.23, -51.63)
                      ( 0.06, -0.17, 0.98, 16.12)
dfp_em_step_func: 010: -log(p) = 3.8
after pass:transform: ( 1.05, 0.02, -0.07, -3.96)
                      ( -0.01, 1.10, 0.23, -51.63)
                      ( 0.06, -0.17, 0.98, 16.12)
 IFLAG= -1  LINE SEARCH FAILED. SEE DOCUMENTATION OF ROUTINE MCSRCH ERROR RETURN OF LINE SEARCH: INFO= 3 POSSIBLE CAUSES: FUNCTION OR GRADIENT ARE INCORRECT OR INCORRECT TOLERANCESpass 2 through quasi-newton minimization...
 IFLAG= -1  LINE SEARCH FAILED. SEE DOCUMENTATION OF ROUTINE MCSRCH ERROR RETURN OF LINE SEARCH: INFO= 3 POSSIBLE CAUSES: FUNCTION OR GRADIENT ARE INCORRECT OR INCORRECT TOLERANCESoutof QuasiNewtonEMA: 012: -log(p) =    3.8  tol 0.000000
final transform:
 1.04942   0.02181  -0.07138  -3.96003;
-0.01114   1.09972   0.22558  -51.63283;
 0.06121  -0.17097   0.98208   16.12096;
 0.00000   0.00000   0.00000   1.00000;

writing output transformation to transforms/talairach.lta...
#VMPC# mri_em_register VmPeak  891284
FSRUNTIME@ mri_em_register  0.0400 hours 16 threads
registration took 2 minutes and 24 seconds.

Started at Sun Mar 8 17:33:21 CET 2026 
Ended   at Sun Mar 8 17:35:45 CET 2026
#@#%# recon-all-run-time-hours 0.040
recon-all -s sub-v1s14x0051559_ses-1 finished without error at Sun Mar  8 17:35:45 CET 2026



#New# invocation of recon-all 




Sun Mar  8 17:35:48 CET 2026
cd /out/sourcedata/freesurfer/sub-v1s14x0051559_ses-1
setenv SUBJECTS_DIR /out/sourcedata/freesurfer
/opt/freesurfer/bin/recon-all -autorecon2-volonly -openmp 16 -subjid sub-v1s14x0051559_ses-1 -sd /out/sourcedata/freesurfer -nogcareg

subjid sub-v1s14x0051559_ses-1
setenv SUBJECTS_DIR /out/sourcedata/freesurfer
FREESURFER_HOME /opt/freesurfer
Actual FREESURFER_HOME /opt/freesurfer
build-stamp.txt: freesurfer-linux-ubuntu22_x86_64-7.3.2-20220804-6354275
Linux dna020 5.14.0-427.37.1.el9_4.x86_64 #1 SMP PREEMPT_DYNAMIC Fri Sep 13 12:41:50 EDT 2024 x86_64 x86_64 x86_64 GNU/Linux
cputime      unlimited
filesize     unlimited
datasize     unlimited
stacksize    8192 kbytes
coredumpsize 0 kbytes
memoryuse    67108864 kbytes
vmemoryuse   unlimited
descriptors  1024 
memorylocked unlimited
maxproc      2061970 
maxlocks     unlimited
maxsignal    2061970 
maxmessage   819200 
maxnice      0 
maxrtprio    0 
maxrttime    unlimited

               total        used        free      shared  buff/cache   available
Mem:           503Gi        52Gi       200Gi        34Gi       251Gi       413Gi
Swap:             0B          0B          0B

########################################
program versions used
7.3.2 (freesurfer-linux-ubuntu22_x86_64-7.3.2-20220804-6354275)
7.3.2

ProgramName: lta_convert  ProgramArguments: lta_convert -all-info  ProgramVersion: 7.3.2  TimeStamp: 2026/03/08-16:35:48-GMT  BuildTime: Aug  4 2022 06:17:15  BuildStamp: freesurfer-linux-ubuntu22_x86_64-7.3.2-20220804-6354275  User: oesteban  Machine: dna020  Platform: Linux  PlatformVersion: 5.14.0-427.37.1.el9_4.x86_64  CompilerName: GCC  CompilerVersion: 8.4.0
ProgramName: mri_and  ProgramArguments: mri_and -all-info  ProgramVersion: 7.3.2  TimeStamp: 2026/03/08-16:35:48-GMT  BuildTime: Aug  4 2022 06:17:15  BuildStamp: freesurfer-linux-ubuntu22_x86_64-7.3.2-20220804-6354275  User: oesteban  Machine: dna020  Platform: Linux  PlatformVersion: 5.14.0-427.37.1.el9_4.x86_64  CompilerName: GCC  CompilerVersion: 8.4.0
ProgramName: mri_annotation2label  ProgramArguments: mri_annotation2label -all-info  ProgramVersion: 7.3.2  TimeStamp: 2026/03/08-16:35:48-GMT  BuildTime: Aug  4 2022 06:17:15  BuildStamp: freesurfer-linux-ubuntu22_x86_64-7.3.2-20220804-6354275  User: oesteban  Machine: dna020  Platform: Linux  PlatformVersion: 5.14.0-427.37.1.el9_4.x86_64  CompilerName: GCC  CompilerVersion: 8.4.0
ProgramName: mri_aparc2aseg  ProgramArguments: mri_aparc2aseg -all-info  ProgramVersion: 7.3.2  TimeStamp: 2026/03/08-16:35:48-GMT  BuildTime: Aug  4 2022 06:17:15  BuildStamp: freesurfer-linux-ubuntu22_x86_64-7.3.2-20220804-6354275  User: oesteban  Machine: dna020  Platform: Linux  PlatformVersion: 5.14.0-427.37.1.el9_4.x86_64  CompilerName: GCC  CompilerVersion: 8.4.0
ProgramName: mri_surf2volseg  ProgramArguments: mri_surf2volseg -all-info  ProgramVersion: 7.3.2  TimeStamp: 2026/03/08-16:35:48-GMT  BuildTime: Aug  4 2022 06:17:15  BuildStamp: freesurfer-linux-ubuntu22_x86_64-7.3.2-20220804-6354275  User: oesteban  Machine: dna020  Platform: Linux  PlatformVersion: 5.14.0-427.37.1.el9_4.x86_64  CompilerName: GCC  CompilerVersion: 8.4.0
ProgramName: mri_binarize  ProgramArguments: mri_binarize -all-info  ProgramVersion: 7.3.2  TimeStamp: 2026/03/08-16:35:48-GMT  BuildTime: Aug  4 2022 06:17:15  BuildStamp: freesurfer-linux-ubuntu22_x86_64-7.3.2-20220804-6354275  User: oesteban  Machine: dna020  Platform: Linux  PlatformVersion: 5.14.0-427.37.1.el9_4.x86_64  CompilerName: GCC  CompilerVersion: 8.4.0
ProgramName: mri_ca_label  ProgramArguments: mri_ca_label -all-info  ProgramVersion: 7.3.2  TimeStamp: 2026/03/08-16:35:48-GMT  BuildTime: Aug  4 2022 06:17:15  BuildStamp: freesurfer-linux-ubuntu22_x86_64-7.3.2-20220804-6354275  User: oesteban  Machine: dna020  Platform: Linux  PlatformVersion: 5.14.0-427.37.1.el9_4.x86_64  CompilerName: GCC  CompilerVersion: 8.4.0
ProgramName: mri_ca_normalize  ProgramArguments: mri_ca_normalize -all-info  ProgramVersion: 7.3.2  TimeStamp: 2026/03/08-16:35:48-GMT  BuildTime: Aug  4 2022 06:17:15  BuildStamp: freesurfer-linux-ubuntu22_x86_64-7.3.2-20220804-6354275  User: oesteban  Machine: dna020  Platform: Linux  PlatformVersion: 5.14.0-427.37.1.el9_4.x86_64  CompilerName: GCC  CompilerVersion: 8.4.0
ProgramName: mri_ca_register  ProgramArguments: mri_ca_register -all-info  ProgramVersion: 7.3.2  TimeStamp: 2026/03/08-16:35:48-GMT  BuildTime: Aug  4 2022 06:17:15  BuildStamp: freesurfer-linux-ubuntu22_x86_64-7.3.2-20220804-6354275  User: oesteban  Machine: dna020  Platform: Linux  PlatformVersion: 5.14.0-427.37.1.el9_4.x86_64  CompilerName: GCC  CompilerVersion: 8.4.0
ProgramName: mri_cc  ProgramArguments: mri_cc -all-info  ProgramVersion: 7.3.2  TimeStamp: 2026/03/08-16:35:48-GMT  BuildTime: Aug  4 2022 06:17:15  BuildStamp: freesurfer-linux-ubuntu22_x86_64-7.3.2-20220804-6354275  User: oesteban  Machine: dna020  Platform: Linux  PlatformVersion: 5.14.0-427.37.1.el9_4.x86_64  CompilerName: GCC  CompilerVersion: 8.4.0
ProgramName: mri_compute_overlap  ProgramArguments: mri_compute_overlap -all-info  ProgramVersion: 7.3.2  TimeStamp: 2026/03/08-16:35:48-GMT  BuildTime: Aug  4 2022 06:17:15  BuildStamp: freesurfer-linux-ubuntu22_x86_64-7.3.2-20220804-6354275  User: oesteban  Machine: dna020  Platform: Linux  PlatformVersion: 5.14.0-427.37.1.el9_4.x86_64  CompilerName: GCC  CompilerVersion: 8.4.0
ProgramName: mri_compute_seg_overlap  ProgramArguments: mri_compute_seg_overlap -all-info  ProgramVersion: 7.3.2  TimeStamp: 2026/03/08-16:35:48-GMT  BuildTime: Aug  4 2022 06:17:15  BuildStamp: freesurfer-linux-ubuntu22_x86_64-7.3.2-20220804-6354275  User: oesteban  Machine: dna020  Platform: Linux  PlatformVersion: 5.14.0-427.37.1.el9_4.x86_64  CompilerName: GCC  CompilerVersion: 8.4.0
ProgramName: mri_concat  ProgramArguments: mri_concat -all-info  ProgramVersion: 7.3.2  TimeStamp: 2026/03/08-16:35:48-GMT  BuildTime: Aug  4 2022 06:17:15  BuildStamp: freesurfer-linux-ubuntu22_x86_64-7.3.2-20220804-6354275  User: oesteban  Machine: dna020  Platform: Linux  PlatformVersion: 5.14.0-427.37.1.el9_4.x86_64  CompilerName: GCC  CompilerVersion: 8.4.0
ProgramName: mri_concatenate_lta  ProgramArguments: mri_concatenate_lta -all-info  ProgramVersion: 7.3.2  TimeStamp: 2026/03/08-16:35:48-GMT  BuildTime: Aug  4 2022 06:17:15  BuildStamp: freesurfer-linux-ubuntu22_x86_64-7.3.2-20220804-6354275  User: oesteban  Machine: dna020  Platform: Linux  PlatformVersion: 5.14.0-427.37.1.el9_4.x86_64  CompilerName: GCC  CompilerVersion: 8.4.0
mri_convert -all-info 
ProgramName: mri_convert  ProgramArguments: mri_convert -all-info  ProgramVersion: 7.3.2  TimeStamp: 2026/03/08-16:35:48-GMT  BuildTime: Aug  4 2022 06:17:15  BuildStamp: freesurfer-linux-ubuntu22_x86_64-7.3.2-20220804-6354275  User: oesteban  Machine: dna020  Platform: Linux  PlatformVersion: 5.14.0-427.37.1.el9_4.x86_64  CompilerName: GCC  CompilerVersion: 8.4.0
ProgramName: mri_diff  ProgramArguments: mri_diff -all-info  ProgramVersion: 7.3.2  TimeStamp: 2026/03/08-16:35:48-GMT  BuildTime: Aug  4 2022 06:17:15  BuildStamp: freesurfer-linux-ubuntu22_x86_64-7.3.2-20220804-6354275  User: oesteban  Machine: dna020  Platform: Linux  PlatformVersion: 5.14.0-427.37.1.el9_4.x86_64  CompilerName: GCC  CompilerVersion: 8.4.0
ProgramName: mri_edit_wm_with_aseg  ProgramArguments: mri_edit_wm_with_aseg -all-info  ProgramVersion: 7.3.2  TimeStamp: 2026/03/08-16:35:48-GMT  BuildTime: Aug  4 2022 06:17:15  BuildStamp: freesurfer-linux-ubuntu22_x86_64-7.3.2-20220804-6354275  User: oesteban  Machine: dna020  Platform: Linux  PlatformVersion: 5.14.0-427.37.1.el9_4.x86_64  CompilerName: GCC  CompilerVersion: 8.4.0
ProgramName: mri_em_register  ProgramArguments: mri_em_register -all-info  ProgramVersion: 7.3.2  TimeStamp: 2026/03/08-16:35:48-GMT  BuildTime: Aug  4 2022 06:17:15  BuildStamp: freesurfer-linux-ubuntu22_x86_64-7.3.2-20220804-6354275  User: oesteban  Machine: dna020  Platform: Linux  PlatformVersion: 5.14.0-427.37.1.el9_4.x86_64  CompilerName: GCC  CompilerVersion: 8.4.0
ProgramName: mri_fill  ProgramArguments: mri_fill -all-info  ProgramVersion: 7.3.2  TimeStamp: 2026/03/08-16:35:48-GMT  BuildTime: Aug  4 2022 06:17:15  BuildStamp: freesurfer-linux-ubuntu22_x86_64-7.3.2-20220804-6354275  User: oesteban  Machine: dna020  Platform: Linux  PlatformVersion: 5.14.0-427.37.1.el9_4.x86_64  CompilerName: GCC  CompilerVersion: 8.4.0
ProgramName: mri_fuse_segmentations  ProgramArguments: mri_fuse_segmentations -all-info  ProgramVersion: 7.3.2  TimeStamp: 2026/03/08-16:35:48-GMT  BuildTime: Aug  4 2022 06:17:15  BuildStamp: freesurfer-linux-ubuntu22_x86_64-7.3.2-20220804-6354275  User: oesteban  Machine: dna020  Platform: Linux  PlatformVersion: 5.14.0-427.37.1.el9_4.x86_64  CompilerName: GCC  CompilerVersion: 8.4.0
ProgramName: mri_fwhm  ProgramArguments: mri_fwhm -all-info  ProgramVersion: 7.3.2  TimeStamp: 2026/03/08-16:35:48-GMT  BuildTime: Aug  4 2022 06:17:15  BuildStamp: freesurfer-linux-ubuntu22_x86_64-7.3.2-20220804-6354275  User: oesteban  Machine: dna020  Platform: Linux  PlatformVersion: 5.14.0-427.37.1.el9_4.x86_64  CompilerName: GCC  CompilerVersion: 8.4.0
ProgramName: mri_gcut  ProgramArguments: mri_gcut -all-info  ProgramVersion: 7.3.2  TimeStamp: 2026/03/08-16:35:48-GMT  BuildTime: Aug  4 2022 06:17:15  BuildStamp: freesurfer-linux-ubuntu22_x86_64-7.3.2-20220804-6354275  User: oesteban  Machine: dna020  Platform: Linux  PlatformVersion: 5.14.0-427.37.1.el9_4.x86_64  CompilerName: GCC  CompilerVersion: 8.4.0
ProgramName: mri_info  ProgramArguments: mri_info -all-info  ProgramVersion: 7.3.2  TimeStamp: 2026/03/08-16:35:48-GMT  BuildTime: Aug  4 2022 06:17:15  BuildStamp: freesurfer-linux-ubuntu22_x86_64-7.3.2-20220804-6354275  User: oesteban  Machine: dna020  Platform: Linux  PlatformVersion: 5.14.0-427.37.1.el9_4.x86_64  CompilerName: GCC  CompilerVersion: 8.4.0
ProgramName: mri_label2label  ProgramArguments: mri_label2label -all-info  ProgramVersion: 7.3.2  TimeStamp: 2026/03/08-16:35:48-GMT  BuildTime: Aug  4 2022 06:17:15  BuildStamp: freesurfer-linux-ubuntu22_x86_64-7.3.2-20220804-6354275  User: oesteban  Machine: dna020  Platform: Linux  PlatformVersion: 5.14.0-427.37.1.el9_4.x86_64  CompilerName: GCC  CompilerVersion: 8.4.0
ProgramName: mri_label2vol  ProgramArguments: mri_label2vol -all-info  ProgramVersion: 7.3.2  TimeStamp: 2026/03/08-16:35:48-GMT  BuildTime: Aug  4 2022 06:17:15  BuildStamp: freesurfer-linux-ubuntu22_x86_64-7.3.2-20220804-6354275  User: oesteban  Machine: dna020  Platform: Linux  PlatformVersion: 5.14.0-427.37.1.el9_4.x86_64  CompilerName: GCC  CompilerVersion: 8.4.0
ProgramName: mri_log_likelihood  ProgramArguments: mri_log_likelihood -all-info  ProgramVersion: 7.3.2  TimeStamp: 2026/03/08-16:35:48-GMT  BuildTime: Aug  4 2022 06:17:15  BuildStamp: freesurfer-linux-ubuntu22_x86_64-7.3.2-20220804-6354275  User: oesteban  Machine: dna020  Platform: Linux  PlatformVersion: 5.14.0-427.37.1.el9_4.x86_64  CompilerName: GCC  CompilerVersion: 8.4.0
ProgramName: mri_mask  ProgramArguments: mri_mask -all-info  ProgramVersion: 7.3.2  TimeStamp: 2026/03/08-16:35:48-GMT  BuildTime: Aug  4 2022 06:17:15  BuildStamp: freesurfer-linux-ubuntu22_x86_64-7.3.2-20220804-6354275  User: oesteban  Machine: dna020  Platform: Linux  PlatformVersion: 5.14.0-427.37.1.el9_4.x86_64  CompilerName: GCC  CompilerVersion: 8.4.0
ProgramName: mri_matrix_multiply  ProgramArguments: mri_matrix_multiply -all-info  ProgramVersion: 7.3.2  TimeStamp: 2026/03/08-16:35:48-GMT  BuildTime: Aug  4 2022 06:17:15  BuildStamp: freesurfer-linux-ubuntu22_x86_64-7.3.2-20220804-6354275  User: oesteban  Machine: dna020  Platform: Linux  PlatformVersion: 5.14.0-427.37.1.el9_4.x86_64  CompilerName: GCC  CompilerVersion: 8.4.0
ProgramName: mri_normalize  ProgramArguments: mri_normalize -all-info  ProgramVersion: 7.3.2  TimeStamp: 2026/03/08-16:35:48-GMT  BuildTime: Aug  4 2022 06:17:15  BuildStamp: freesurfer-linux-ubuntu22_x86_64-7.3.2-20220804-6354275  User: oesteban  Machine: dna020  Platform: Linux  PlatformVersion: 5.14.0-427.37.1.el9_4.x86_64  CompilerName: GCC  CompilerVersion: 8.4.0
ProgramName: mri_normalize_tp2  ProgramArguments: mri_normalize_tp2 -all-info  ProgramVersion: 7.3.2  TimeStamp: 2026/03/08-16:35:48-GMT  BuildTime: Aug  4 2022 06:17:15  BuildStamp: freesurfer-linux-ubuntu22_x86_64-7.3.2-20220804-6354275  User: oesteban  Machine: dna020  Platform: Linux  PlatformVersion: 5.14.0-427.37.1.el9_4.x86_64  CompilerName: GCC  CompilerVersion: 8.4.0
ProgramName: mri_or  ProgramArguments: mri_or -all-info  ProgramVersion: 7.3.2  TimeStamp: 2026/03/08-16:35:48-GMT  BuildTime: Aug  4 2022 06:17:15  BuildStamp: freesurfer-linux-ubuntu22_x86_64-7.3.2-20220804-6354275  User: oesteban  Machine: dna020  Platform: Linux  PlatformVersion: 5.14.0-427.37.1.el9_4.x86_64  CompilerName: GCC  CompilerVersion: 8.4.0
ProgramName: mri_relabel_hypointensities  ProgramArguments: mri_relabel_hypointensities -all-info  ProgramVersion: 7.3.2  TimeStamp: 2026/03/08-16:35:48-GMT  BuildTime: Aug  4 2022 06:17:15  BuildStamp: freesurfer-linux-ubuntu22_x86_64-7.3.2-20220804-6354275  User: oesteban  Machine: dna020  Platform: Linux  PlatformVersion: 5.14.0-427.37.1.el9_4.x86_64  CompilerName: GCC  CompilerVersion: 8.4.0
ProgramName: mri_relabel_nonwm_hypos  ProgramArguments: mri_relabel_nonwm_hypos -all-info  ProgramVersion: 7.3.2  TimeStamp: 2026/03/08-16:35:48-GMT  BuildTime: Aug  4 2022 06:17:15  BuildStamp: freesurfer-linux-ubuntu22_x86_64-7.3.2-20220804-6354275  User: oesteban  Machine: dna020  Platform: Linux  PlatformVersion: 5.14.0-427.37.1.el9_4.x86_64  CompilerName: GCC  CompilerVersion: 8.4.0
ProgramName: mri_remove_neck  ProgramArguments: mri_remove_neck -all-info  ProgramVersion: 7.3.2  TimeStamp: 2026/03/08-16:35:48-GMT  BuildTime: Aug  4 2022 06:17:15  BuildStamp: freesurfer-linux-ubuntu22_x86_64-7.3.2-20220804-6354275  User: oesteban  Machine: dna020  Platform: Linux  PlatformVersion: 5.14.0-427.37.1.el9_4.x86_64  CompilerName: GCC  CompilerVersion: 8.4.0
7.3.2

ProgramName: mri_robust_register  ProgramArguments: mri_robust_register -all-info  ProgramVersion: 7.3.2  TimeStamp: 2026/03/08-16:35:48-GMT  BuildTime: Aug  4 2022 06:17:15  BuildStamp: freesurfer-linux-ubuntu22_x86_64-7.3.2-20220804-6354275  User: oesteban  Machine: dna020  Platform: Linux  PlatformVersion: 5.14.0-427.37.1.el9_4.x86_64  CompilerName: GCC  CompilerVersion: 8.4.0
7.3.2

ProgramName: mri_robust_template  ProgramArguments: mri_robust_template -all-info  ProgramVersion: 7.3.2  TimeStamp: 2026/03/08-16:35:48-GMT  BuildTime: Aug  4 2022 06:17:15  BuildStamp: freesurfer-linux-ubuntu22_x86_64-7.3.2-20220804-6354275  User: oesteban  Machine: dna020  Platform: Linux  PlatformVersion: 5.14.0-427.37.1.el9_4.x86_64  CompilerName: GCC  CompilerVersion: 8.4.0
ProgramName: mris_anatomical_stats  ProgramArguments: mris_anatomical_stats -all-info  ProgramVersion: 7.3.2  TimeStamp: 2026/03/08-16:35:48-GMT  BuildTime: Aug  4 2022 06:17:15  BuildStamp: freesurfer-linux-ubuntu22_x86_64-7.3.2-20220804-6354275  User: oesteban  Machine: dna020  Platform: Linux  PlatformVersion: 5.14.0-427.37.1.el9_4.x86_64  CompilerName: GCC  CompilerVersion: 8.4.0
ProgramName: mris_ca_label  ProgramArguments: mris_ca_label -all-info  ProgramVersion: 7.3.2  TimeStamp: 2026/03/08-16:35:48-GMT  BuildTime: Aug  4 2022 06:17:15  BuildStamp: freesurfer-linux-ubuntu22_x86_64-7.3.2-20220804-6354275  User: oesteban  Machine: dna020  Platform: Linux  PlatformVersion: 5.14.0-427.37.1.el9_4.x86_64  CompilerName: GCC  CompilerVersion: 8.4.0
ProgramName: mris_calc  ProgramArguments: mris_calc -all-info  ProgramVersion: 7.3.2  TimeStamp: 2026/03/08-16:35:48-GMT  BuildTime: Aug  4 2022 06:17:15  BuildStamp: freesurfer-linux-ubuntu22_x86_64-7.3.2-20220804-6354275  User: oesteban  Machine: dna020  Platform: Linux  PlatformVersion: 5.14.0-427.37.1.el9_4.x86_64  CompilerName: GCC  CompilerVersion: 8.4.0
ProgramName: mris_convert  ProgramArguments: mris_convert -all-info  ProgramVersion: 7.3.2  TimeStamp: 2026/03/08-16:35:48-GMT  BuildTime: Aug  4 2022 06:17:15  BuildStamp: freesurfer-linux-ubuntu22_x86_64-7.3.2-20220804-6354275  User: oesteban  Machine: dna020  Platform: Linux  PlatformVersion: 5.14.0-427.37.1.el9_4.x86_64  CompilerName: GCC  CompilerVersion: 8.4.0
ProgramName: mris_curvature  ProgramArguments: mris_curvature -all-info  ProgramVersion: 7.3.2  TimeStamp: 2026/03/08-16:35:48-GMT  BuildTime: Aug  4 2022 06:17:15  BuildStamp: freesurfer-linux-ubuntu22_x86_64-7.3.2-20220804-6354275  User: oesteban  Machine: dna020  Platform: Linux  PlatformVersion: 5.14.0-427.37.1.el9_4.x86_64  CompilerName: GCC  CompilerVersion: 8.4.0
ProgramName: mris_curvature_stats  ProgramArguments: mris_curvature_stats -all-info  ProgramVersion: 7.3.2  TimeStamp: 2026/03/08-16:35:48-GMT  BuildTime: Aug  4 2022 06:17:15  BuildStamp: freesurfer-linux-ubuntu22_x86_64-7.3.2-20220804-6354275  User: oesteban  Machine: dna020  Platform: Linux  PlatformVersion: 5.14.0-427.37.1.el9_4.x86_64  CompilerName: GCC  CompilerVersion: 8.4.0
ProgramName: mris_diff  ProgramArguments: mris_diff -all-info  ProgramVersion: 7.3.2  TimeStamp: 2026/03/08-16:35:48-GMT  BuildTime: Aug  4 2022 06:17:15  BuildStamp: freesurfer-linux-ubuntu22_x86_64-7.3.2-20220804-6354275  User: oesteban  Machine: dna020  Platform: Linux  PlatformVersion: 5.14.0-427.37.1.el9_4.x86_64  CompilerName: GCC  CompilerVersion: 8.4.0
ProgramName: mris_divide_parcellation  ProgramArguments: mris_divide_parcellation -all-info  ProgramVersion: 7.3.2  TimeStamp: 2026/03/08-16:35:48-GMT  BuildTime: Aug  4 2022 06:17:15  BuildStamp: freesurfer-linux-ubuntu22_x86_64-7.3.2-20220804-6354275  User: oesteban  Machine: dna020  Platform: Linux  PlatformVersion: 5.14.0-427.37.1.el9_4.x86_64  CompilerName: GCC  CompilerVersion: 8.4.0
ProgramName: mri_segment  ProgramArguments: mri_segment -all-info  ProgramVersion: 7.3.2  TimeStamp: 2026/03/08-16:35:48-GMT  BuildTime: Aug  4 2022 06:17:15  BuildStamp: freesurfer-linux-ubuntu22_x86_64-7.3.2-20220804-6354275  User: oesteban  Machine: dna020  Platform: Linux  PlatformVersion: 5.14.0-427.37.1.el9_4.x86_64  CompilerName: GCC  CompilerVersion: 8.4.0
ProgramName: mri_segstats  ProgramArguments: mri_segstats -all-info  ProgramVersion: 7.3.2  TimeStamp: 2026/03/08-16:35:48-GMT  BuildTime: Aug  4 2022 06:17:15  BuildStamp: freesurfer-linux-ubuntu22_x86_64-7.3.2-20220804-6354275  User: oesteban  Machine: dna020  Platform: Linux  PlatformVersion: 5.14.0-427.37.1.el9_4.x86_64  CompilerName: GCC  CompilerVersion: 8.4.0
ProgramName: mris_euler_number  ProgramArguments: mris_euler_number -all-info  ProgramVersion: 7.3.2  TimeStamp: 2026/03/08-16:35:48-GMT  BuildTime: Aug  4 2022 06:17:15  BuildStamp: freesurfer-linux-ubuntu22_x86_64-7.3.2-20220804-6354275  User: oesteban  Machine: dna020  Platform: Linux  PlatformVersion: 5.14.0-427.37.1.el9_4.x86_64  CompilerName: GCC  CompilerVersion: 8.4.0
ProgramName: mris_fix_topology  ProgramArguments: mris_fix_topology -all-info  ProgramVersion: 7.3.2  TimeStamp: 2026/03/08-16:35:48-GMT  BuildTime: Aug  4 2022 06:17:15  BuildStamp: freesurfer-linux-ubuntu22_x86_64-7.3.2-20220804-6354275  User: oesteban  Machine: dna020  Platform: Linux  PlatformVersion: 5.14.0-427.37.1.el9_4.x86_64  CompilerName: GCC  CompilerVersion: 8.4.0
ProgramName: mris_topo_fixer  ProgramArguments: mris_topo_fixer -all-info  ProgramVersion: 7.3.2  TimeStamp: 2026/03/08-16:35:48-GMT  BuildTime: Aug  4 2022 06:17:15  BuildStamp: freesurfer-linux-ubuntu22_x86_64-7.3.2-20220804-6354275  User: oesteban  Machine: dna020  Platform: Linux  PlatformVersion: 5.14.0-427.37.1.el9_4.x86_64  CompilerName: GCC  CompilerVersion: 8.4.0
ProgramName: mris_jacobian  ProgramArguments: mris_jacobian -all-info  ProgramVersion: 7.3.2  TimeStamp: 2026/03/08-16:35:48-GMT  BuildTime: Aug  4 2022 06:17:15  BuildStamp: freesurfer-linux-ubuntu22_x86_64-7.3.2-20220804-6354275  User: oesteban  Machine: dna020  Platform: Linux  PlatformVersion: 5.14.0-427.37.1.el9_4.x86_64  CompilerName: GCC  CompilerVersion: 8.4.0
ProgramName: mris_label2annot  ProgramArguments: mris_label2annot -all-info  ProgramVersion: 7.3.2  TimeStamp: 2026/03/08-16:35:48-GMT  BuildTime: Aug  4 2022 06:17:15  BuildStamp: freesurfer-linux-ubuntu22_x86_64-7.3.2-20220804-6354275  User: oesteban  Machine: dna020  Platform: Linux  PlatformVersion: 5.14.0-427.37.1.el9_4.x86_64  CompilerName: GCC  CompilerVersion: 8.4.0
ProgramName: mris_left_right_register  ProgramArguments: mris_left_right_register -all-info  ProgramVersion: 7.3.2  TimeStamp: 2026/03/08-16:35:48-GMT  BuildTime: Aug  4 2022 06:17:15  BuildStamp: freesurfer-linux-ubuntu22_x86_64-7.3.2-20220804-6354275  User: oesteban  Machine: dna020  Platform: Linux  PlatformVersion: 5.14.0-427.37.1.el9_4.x86_64  CompilerName: GCC  CompilerVersion: 8.4.0
ProgramName: mris_place_surface  ProgramArguments: mris_place_surface -all-info  ProgramVersion: 7.3.2  TimeStamp: 2026/03/08-16:35:48-GMT  BuildTime: Aug  4 2022 06:17:15  BuildStamp: freesurfer-linux-ubuntu22_x86_64-7.3.2-20220804-6354275  User: oesteban  Machine: dna020  Platform: Linux  PlatformVersion: 5.14.0-427.37.1.el9_4.x86_64  CompilerName: GCC  CompilerVersion: 8.4.0
ProgramName: mrisp_paint  ProgramArguments: mrisp_paint -all-info  ProgramVersion: 7.3.2  TimeStamp: 2026/03/08-16:35:48-GMT  BuildTime: Aug  4 2022 06:17:15  BuildStamp: freesurfer-linux-ubuntu22_x86_64-7.3.2-20220804-6354275  User: oesteban  Machine: dna020  Platform: Linux  PlatformVersion: 5.14.0-427.37.1.el9_4.x86_64  CompilerName: GCC  CompilerVersion: 8.4.0
ProgramName: mris_register  ProgramArguments: mris_register -all-info  ProgramVersion: 7.3.2  TimeStamp: 2026/03/08-16:35:48-GMT  BuildTime: Aug  4 2022 06:17:15  BuildStamp: freesurfer-linux-ubuntu22_x86_64-7.3.2-20220804-6354275  User: oesteban  Machine: dna020  Platform: Linux  PlatformVersion: 5.14.0-427.37.1.el9_4.x86_64  CompilerName: GCC  CompilerVersion: 8.4.0
ProgramName: mris_smooth  ProgramArguments: mris_smooth -all-info  ProgramVersion: 7.3.2  TimeStamp: 2026/03/08-16:35:48-GMT  BuildTime: Aug  4 2022 06:17:15  BuildStamp: freesurfer-linux-ubuntu22_x86_64-7.3.2-20220804-6354275  User: oesteban  Machine: dna020  Platform: Linux  PlatformVersion: 5.14.0-427.37.1.el9_4.x86_64  CompilerName: GCC  CompilerVersion: 8.4.0
ProgramName: mris_sphere  ProgramArguments: mris_sphere -all-info  ProgramVersion: 7.3.2  TimeStamp: 2026/03/08-16:35:48-GMT  BuildTime: Aug  4 2022 06:17:15  BuildStamp: freesurfer-linux-ubuntu22_x86_64-7.3.2-20220804-6354275  User: oesteban  Machine: dna020  Platform: Linux  PlatformVersion: 5.14.0-427.37.1.el9_4.x86_64  CompilerName: GCC  CompilerVersion: 8.4.0
ProgramName: mris_surface_stats  ProgramArguments: mris_surface_stats -all-info  ProgramVersion: 7.3.2  TimeStamp: 2026/03/08-16:35:48-GMT  BuildTime: Aug  4 2022 06:17:15  BuildStamp: freesurfer-linux-ubuntu22_x86_64-7.3.2-20220804-6354275  User: oesteban  Machine: dna020  Platform: Linux  PlatformVersion: 5.14.0-427.37.1.el9_4.x86_64  CompilerName: GCC  CompilerVersion: 8.4.0
ProgramName: mri_stats2seg  ProgramArguments: mri_stats2seg -all-info  ProgramVersion: 7.3.2  TimeStamp: 2026/03/08-16:35:48-GMT  BuildTime: Aug  4 2022 06:17:15  BuildStamp: freesurfer-linux-ubuntu22_x86_64-7.3.2-20220804-6354275  User: oesteban  Machine: dna020  Platform: Linux  PlatformVersion: 5.14.0-427.37.1.el9_4.x86_64  CompilerName: GCC  CompilerVersion: 8.4.0
ProgramName: mris_thickness  ProgramArguments: mris_thickness -all-info  ProgramVersion: 7.3.2  TimeStamp: 2026/03/08-16:35:48-GMT  BuildTime: Aug  4 2022 06:17:15  BuildStamp: freesurfer-linux-ubuntu22_x86_64-7.3.2-20220804-6354275  User: oesteban  Machine: dna020  Platform: Linux  PlatformVersion: 5.14.0-427.37.1.el9_4.x86_64  CompilerName: GCC  CompilerVersion: 8.4.0
ProgramName: mris_thickness_diff  ProgramArguments: mris_thickness_diff -all-info  ProgramVersion: 7.3.2  TimeStamp: 2026/03/08-16:35:48-GMT  BuildTime: Aug  4 2022 06:17:15  BuildStamp: freesurfer-linux-ubuntu22_x86_64-7.3.2-20220804-6354275  User: oesteban  Machine: dna020  Platform: Linux  PlatformVersion: 5.14.0-427.37.1.el9_4.x86_64  CompilerName: GCC  CompilerVersion: 8.4.0
ProgramName: mris_topo_fixer  ProgramArguments: mris_topo_fixer -all-info  ProgramVersion: 7.3.2  TimeStamp: 2026/03/08-16:35:48-GMT  BuildTime: Aug  4 2022 06:17:15  BuildStamp: freesurfer-linux-ubuntu22_x86_64-7.3.2-20220804-6354275  User: oesteban  Machine: dna020  Platform: Linux  PlatformVersion: 5.14.0-427.37.1.el9_4.x86_64  CompilerName: GCC  CompilerVersion: 8.4.0
ProgramName: mri_surf2surf  ProgramArguments: mri_surf2surf -all-info  ProgramVersion: 7.3.2  TimeStamp: 2026/03/08-16:35:48-GMT  BuildTime: Aug  4 2022 06:17:15  BuildStamp: freesurfer-linux-ubuntu22_x86_64-7.3.2-20220804-6354275  User: oesteban  Machine: dna020  Platform: Linux  PlatformVersion: 5.14.0-427.37.1.el9_4.x86_64  CompilerName: GCC  CompilerVersion: 8.4.0
ProgramName: mri_surf2vol  ProgramArguments: mri_surf2vol -all-info  ProgramVersion: 7.3.2  TimeStamp: 2026/03/08-16:35:48-GMT  BuildTime: Aug  4 2022 06:17:15  BuildStamp: freesurfer-linux-ubuntu22_x86_64-7.3.2-20220804-6354275  User: oesteban  Machine: dna020  Platform: Linux  PlatformVersion: 5.14.0-427.37.1.el9_4.x86_64  CompilerName: GCC  CompilerVersion: 8.4.0
ProgramName: mri_surfcluster  ProgramArguments: mri_surfcluster -all-info  ProgramVersion: 7.3.2  TimeStamp: 2026/03/08-16:35:48-GMT  BuildTime: Aug  4 2022 06:17:15  BuildStamp: freesurfer-linux-ubuntu22_x86_64-7.3.2-20220804-6354275  User: oesteban  Machine: dna020  Platform: Linux  PlatformVersion: 5.14.0-427.37.1.el9_4.x86_64  CompilerName: GCC  CompilerVersion: 8.4.0
ProgramName: mris_volmask  ProgramArguments: mris_volmask -all-info  ProgramVersion: 7.3.2  TimeStamp: 2026/03/08-16:35:48-GMT  BuildTime: Aug  4 2022 06:17:15  BuildStamp: freesurfer-linux-ubuntu22_x86_64-7.3.2-20220804-6354275  User: oesteban  Machine: dna020  Platform: Linux  PlatformVersion: 5.14.0-427.37.1.el9_4.x86_64  CompilerName: GCC  CompilerVersion: 8.4.0
ProgramName: mri_tessellate  ProgramArguments: mri_tessellate -all-info  ProgramVersion: 7.3.2  TimeStamp: 2026/03/08-16:35:48-GMT  BuildTime: Aug  4 2022 06:17:15  BuildStamp: freesurfer-linux-ubuntu22_x86_64-7.3.2-20220804-6354275  User: oesteban  Machine: dna020  Platform: Linux  PlatformVersion: 5.14.0-427.37.1.el9_4.x86_64  CompilerName: GCC  CompilerVersion: 8.4.0
ProgramName: mri_vol2surf  ProgramArguments: mri_vol2surf -all-info  ProgramVersion: 7.3.2  TimeStamp: 2026/03/08-16:35:48-GMT  BuildTime: Aug  4 2022 06:17:15  BuildStamp: freesurfer-linux-ubuntu22_x86_64-7.3.2-20220804-6354275  User: oesteban  Machine: dna020  Platform: Linux  PlatformVersion: 5.14.0-427.37.1.el9_4.x86_64  CompilerName: GCC  CompilerVersion: 8.4.0
ProgramName: mri_vol2vol  ProgramArguments: mri_vol2vol -all-info  ProgramVersion: 7.3.2  TimeStamp: 2026/03/08-16:35:48-GMT  BuildTime: Aug  4 2022 06:17:15  BuildStamp: freesurfer-linux-ubuntu22_x86_64-7.3.2-20220804-6354275  User: oesteban  Machine: dna020  Platform: Linux  PlatformVersion: 5.14.0-427.37.1.el9_4.x86_64  CompilerName: GCC  CompilerVersion: 8.4.0
ProgramName: mri_voldiff  ProgramArguments: mri_voldiff -all-info  ProgramVersion: 7.3.2  TimeStamp: 2026/03/08-16:35:48-GMT  BuildTime: Aug  4 2022 06:17:15  BuildStamp: freesurfer-linux-ubuntu22_x86_64-7.3.2-20220804-6354275  User: oesteban  Machine: dna020  Platform: Linux  PlatformVersion: 5.14.0-427.37.1.el9_4.x86_64  CompilerName: GCC  CompilerVersion: 8.4.0
ProgramName: mri_watershed  ProgramArguments: mri_watershed -all-info  ProgramVersion: 7.3.2  TimeStamp: 2026/03/08-16:35:48-GMT  BuildTime: Aug  4 2022 06:17:15  BuildStamp: freesurfer-linux-ubuntu22_x86_64-7.3.2-20220804-6354275  User: oesteban  Machine: dna020  Platform: Linux  PlatformVersion: 5.14.0-427.37.1.el9_4.x86_64  CompilerName: GCC  CompilerVersion: 8.4.0
ProgramName: tkregister2  ProgramArguments: tkregister2_cmdl -all-info  ProgramVersion: 7.3.2  TimeStamp: 2026/03/08-16:35:48-GMT  BuildTime: Aug  4 2022 06:17:15  BuildStamp: freesurfer-linux-ubuntu22_x86_64-7.3.2-20220804-6354275  User: oesteban  Machine: dna020  Platform: Linux  PlatformVersion: 5.14.0-427.37.1.el9_4.x86_64  CompilerName: GCC  CompilerVersion: 8.4.0
mri_motion_correct.fsl 7.3.2
mri_convert -all-info 
ProgramName: mri_convert  ProgramArguments: mri_convert -all-info  ProgramVersion: 7.3.2  TimeStamp: 2026/03/08-16:35:48-GMT  BuildTime: Aug  4 2022 06:17:15  BuildStamp: freesurfer-linux-ubuntu22_x86_64-7.3.2-20220804-6354275  User: oesteban  Machine: dna020  Platform: Linux  PlatformVersion: 5.14.0-427.37.1.el9_4.x86_64  CompilerName: GCC  CompilerVersion: 8.4.0
Program nu_correct, built from:
Package MNI N3, version 1.12.0, compiled by nicks@terrier (x86_64-unknown-linux-gnu) on 2015-06-19 at 01:25:34
#######################################
GCADIR /opt/freesurfer/average
GCA RB_all_2020-01-02.gca
GCASkull RB_all_withskull_2020_01_02.gca
AvgCurvTif folding.atlas.acfb40.noaparc.i12.2016-08-02.tif
GCSDIR /opt/freesurfer/average
GCS DKaparc.atlas.acfb40.noaparc.i12.2016-08-02.gcs
#######################################
#--------------------------------------
#@# CA Normalize Sun Mar  8 17:35:48 CET 2026
/out/sourcedata/freesurfer/sub-v1s14x0051559_ses-1/mri

 mri_ca_normalize -c ctrl_pts.mgz -mask brainmask.mgz nu.mgz /opt/freesurfer/average/RB_all_2020-01-02.gca transforms/talairach.lta norm.mgz 

writing control point volume to ctrl_pts.mgz
using MR volume brainmask.mgz to mask input volume...
reading 1 input volume
reading atlas from '/opt/freesurfer/average/RB_all_2020-01-02.gca'...
reading transform from 'transforms/talairach.lta'...
reading input volume from nu.mgz...
resetting wm mean[0]: 98 --> 107
resetting gm mean[0]: 61 --> 61
input volume #1 is the most T1-like
using real data threshold=28.0
skull bounding box = (60, 70, 32) --> (193, 207, 199)
finding center of left hemi white matter
using (104, 116, 116) as brain centroid of Right_Cerebral_White_Matter...
mean wm in atlas = 107, using box (88,99,95) --> (120, 132,136) to find MRI wm
before smoothing, mri peak at 109
robust fit to distribution - 109 +- 3.4
after smoothing, mri peak at 109, scaling input intensities by 0.982
scaling channel 0 by 0.981651
using 246437 sample points...
INFO: compute sample coordinates transform
 1.04942   0.02181  -0.07138  -3.96003;
-0.01114   1.09972   0.22558  -51.63283;
 0.06121  -0.17097   0.98208   16.12096;
 0.00000   0.00000   0.00000   1.00000;
INFO: transform used
finding control points in Left_Cerebral_White_Matter....
found 40230 control points for structure...
bounding box (123, 75, 29) --> (191, 179, 194)
Left_Cerebral_White_Matter: limiting intensities to 96.0 --> 132.0
6 of 9882 (0.1%) samples deleted
finding control points in Right_Cerebral_White_Matter....
found 39478 control points for structure...
bounding box (67, 75, 30) --> (133, 177, 196)
Right_Cerebral_White_Matter: limiting intensities to 96.0 --> 132.0
9 of 9875 (0.1%) samples deleted
finding control points in Left_Cerebellum_White_Matter....
found 3105 control points for structure...
bounding box (127, 154, 55) --> (174, 197, 109)
Left_Cerebellum_White_Matter: limiting intensities to 101.0 --> 132.0
1 of 603 (0.2%) samples deleted
finding control points in Right_Cerebellum_White_Matter....
found 2710 control points for structure...
bounding box (84, 154, 55) --> (126, 194, 112)
Right_Cerebellum_White_Matter: limiting intensities to 101.0 --> 132.0
0 of 544 (0.0%) samples deleted
finding control points in Brain_Stem....
found 3475 control points for structure...
bounding box (113, 145, 92) --> (145, 208, 122)
Brain_Stem: limiting intensities to 89.0 --> 132.0
0 of 896 (0.0%) samples deleted
using 21800 total control points for intensity normalization...
bias field = 0.977 +- 0.072
31 of 21784 control points discarded
finding control points in Left_Cerebral_White_Matter....
found 40230 control points for structure...
bounding box (123, 75, 29) --> (191, 179, 194)
Left_Cerebral_White_Matter: limiting intensities to 90.0 --> 132.0
7 of 9945 (0.1%) samples deleted
finding control points in Right_Cerebral_White_Matter....
found 39478 control points for structure...
bounding box (67, 75, 30) --> (133, 177, 196)
Right_Cerebral_White_Matter: limiting intensities to 90.0 --> 132.0
12 of 9983 (0.1%) samples deleted
finding control points in Left_Cerebellum_White_Matter....
found 3105 control points for structure...
bounding box (127, 154, 55) --> (174, 197, 109)
Left_Cerebellum_White_Matter: limiting intensities to 88.0 --> 132.0
2 of 643 (0.3%) samples deleted
finding control points in Right_Cerebellum_White_Matter....
found 2710 control points for structure...
bounding box (84, 154, 55) --> (126, 194, 112)
Right_Cerebellum_White_Matter: limiting intensities to 88.0 --> 132.0
0 of 579 (0.0%) samples deleted
finding control points in Brain_Stem....
found 3475 control points for structure...
bounding box (113, 145, 92) --> (145, 208, 122)
Brain_Stem: limiting intensities to 88.0 --> 132.0
142 of 1012 (14.0%) samples deleted
using 22162 total control points for intensity normalization...
bias field = 1.027 +- 0.052
34 of 21916 control points discarded
finding control points in Left_Cerebral_White_Matter....
found 40230 control points for structure...
bounding box (123, 75, 29) --> (191, 179, 194)
Left_Cerebral_White_Matter: limiting intensities to 90.0 --> 132.0
5 of 9946 (0.1%) samples deleted
finding control points in Right_Cerebral_White_Matter....
found 39478 control points for structure...
bounding box (67, 75, 30) --> (133, 177, 196)
Right_Cerebral_White_Matter: limiting intensities to 90.0 --> 132.0
8 of 9999 (0.1%) samples deleted
finding control points in Left_Cerebellum_White_Matter....
found 3105 control points for structure...
bounding box (127, 154, 55) --> (174, 197, 109)
Left_Cerebellum_White_Matter: limiting intensities to 88.0 --> 132.0
26 of 652 (4.0%) samples deleted
finding control points in Right_Cerebellum_White_Matter....
found 2710 control points for structure...
bounding box (84, 154, 55) --> (126, 194, 112)
Right_Cerebellum_White_Matter: limiting intensities to 88.0 --> 132.0
36 of 598 (6.0%) samples deleted
finding control points in Brain_Stem....
found 3475 control points for structure...
bounding box (113, 145, 92) --> (145, 208, 122)
Brain_Stem: limiting intensities to 88.0 --> 132.0
461 of 1043 (44.2%) samples deleted
using 22238 total control points for intensity normalization...
bias field = 1.024 +- 0.041
30 of 21550 control points discarded
writing normalized volume to norm.mgz...
writing control points to ctrl_pts.mgz
freeing GCA...done.
normalization took 1 minutes and 19 seconds.
#--------------------------------------
#@# CA Reg Sun Mar  8 17:37:07 CET 2026
/out/sourcedata/freesurfer/sub-v1s14x0051559_ses-1/mri

 mri_ca_register -nobigventricles -T transforms/talairach.lta -align-after -mask brainmask.mgz norm.mgz /opt/freesurfer/average/RB_all_2020-01-02.gca transforms/talairach.m3z 

not handling expanded ventricles...
using previously computed transform transforms/talairach.lta
renormalizing sequences with structure alignment, equivalent to:
	-renormalize
	-regularize_mean 0.500
	-regularize 0.500
using MR volume brainmask.mgz to mask input volume...

== Number of threads available to mri_ca_register for OpenMP = 16 == 
reading 1 input volumes...
logging results to talairach.log
reading input volume 'norm.mgz'...
reading GCA '/opt/freesurfer/average/RB_all_2020-01-02.gca'...
label assignment complete, 0 changed (0.00%)
freeing gibbs priors...done.
average std[0] = 5.0
Starting GCAMregister()
label assignment complete, 0 changed (0.00%)
npasses = 1, nlevels = 6
#pass# 1 of 1 ************************
enabling zero nodes
setting smoothness cost coefficient to 0.156

#GCAMreg# pass 0 level1 5 level2 0 tsec 0 sigma 2
l_jacobian=1.00 l_label=1.00 l_log_likelihood=0.20 l_smoothness=0.16 
tol=2.50e-01, dt=5.00e-02, exp_k=20.0, momentum=0.90, levels=6, niter=500, lbl_dist=10.00, avgs=256, sigma=2.0,type=2, relabel=0, neg=no

blurring input image with Gaussian with sigma=2.000...
GCAMRegisterLevel(): init RMS 0.809158
#FOTS# QuadFit found better minimum quadopt=(dt=201.744,rms=0.762672) vs oldopt=(dt=92.48,rms=0.775659)
#GCMRL#    0 dt 201.743590 rms  0.763  5.745% neg 0  invalid 762 tFOTS 4.5310 tGradient 3.3480 tsec 8.2120
#FOTS# QuadFit found better minimum quadopt=(dt=169.791,rms=0.747279) vs oldopt=(dt=92.48,rms=0.750696)
#GCMRL#    1 dt 169.791045 rms  0.747  2.018% neg 0  invalid 762 tFOTS 4.1010 tGradient 3.2030 tsec 7.6050
#FOTS# QuadFit found better minimum quadopt=(dt=177.633,rms=0.740394) vs oldopt=(dt=92.48,rms=0.74246)
#GCMRL#    2 dt 177.632653 rms  0.740  0.921% neg 0  invalid 762 tFOTS 3.9620 tGradient 3.1680 tsec 7.4260
#FOTS# QuadFit found better minimum quadopt=(dt=221.952,rms=0.736236) vs oldopt=(dt=369.92,rms=0.737792)
#GCMRL#    3 dt 221.952000 rms  0.736  0.562% neg 0  invalid 762 tFOTS 4.3500 tGradient 3.0990 tsec 7.7770
#FOTS# QuadFit found better minimum quadopt=(dt=129.472,rms=0.733578) vs oldopt=(dt=92.48,rms=0.73407)
#GCMRL#    4 dt 129.472000 rms  0.734  0.361% neg 0  invalid 762 tFOTS 4.9160 tGradient 3.4110 tsec 8.7210
#FOTS# QuadFit found better minimum quadopt=(dt=517.888,rms=0.729333) vs oldopt=(dt=369.92,rms=0.730072)
#GCMRL#    5 dt 517.888000 rms  0.729  0.579% neg 0  invalid 762 tFOTS 4.2070 tGradient 3.6650 tsec 8.1840
#FOTS# QuadFit found better minimum quadopt=(dt=129.472,rms=0.727291) vs oldopt=(dt=92.48,rms=0.727517)
#GCMRL#    6 dt 129.472000 rms  0.727  0.280% neg 0  invalid 762 tFOTS 4.4490 tGradient 2.9630 tsec 7.7190
#GCMRL#    7 dt 369.920000 rms  0.726  0.000% neg 0  invalid 762 tFOTS 4.5290 tGradient 3.0730 tsec 7.9480

#GCAMreg# pass 0 level1 5 level2 1 tsec 77.184 sigma 0.5
l_jacobian=1.00 l_label=1.00 l_log_likelihood=0.20 l_smoothness=0.16 
tol=2.50e-01, dt=5.00e-02, exp_k=20.0, momentum=0.90, levels=6, niter=500, lbl_dist=10.00, avgs=256, sigma=0.5,type=2, relabel=0, neg=no

blurring input image with Gaussian with sigma=0.500...
GCAMRegisterLevel(): init RMS 0.726271
#FOTS# QuadFit found better minimum quadopt=(dt=129.472,rms=0.723637) vs oldopt=(dt=92.48,rms=0.724129)
#GCMRL#    9 dt 129.472000 rms  0.724  0.363% neg 0  invalid 762 tFOTS 4.4650 tGradient 3.3110 tsec 8.1110
#FOTS# QuadFit found better minimum quadopt=(dt=517.888,rms=0.721317) vs oldopt=(dt=369.92,rms=0.721742)
#GCMRL#   10 dt 517.888000 rms  0.721  0.321% neg 0  invalid 762 tFOTS 4.4590 tGradient 3.1380 tsec 7.9230
#FOTS# QuadFit found better minimum quadopt=(dt=517.888,rms=0.719531) vs oldopt=(dt=369.92,rms=0.71976)
#GCMRL#   11 dt 517.888000 rms  0.720  0.000% neg 0  invalid 762 tFOTS 4.4730 tGradient 3.2210 tsec 8.0300
setting smoothness cost coefficient to 0.615

#GCAMreg# pass 0 level1 4 level2 0 tsec 0 sigma 2
l_jacobian=1.00 l_label=1.00 l_log_likelihood=0.20 l_smoothness=0.62 
tol=2.50e-01, dt=5.00e-02, exp_k=20.0, momentum=0.90, levels=6, niter=500, lbl_dist=10.00, avgs=64, sigma=2.0,type=2, relabel=0, neg=no

blurring input image with Gaussian with sigma=2.000...
GCAMRegisterLevel(): init RMS 0.724273
#FOTS# QuadFit found better minimum quadopt=(dt=110.253,rms=0.717444) vs oldopt=(dt=103.68,rms=0.717462)
#GCMRL#   13 dt 110.253033 rms  0.717  0.943% neg 0  invalid 762 tFOTS 4.2190 tGradient 2.3340 tsec 6.8720
#FOTS# QuadFit found better minimum quadopt=(dt=214.839,rms=0.706944) vs oldopt=(dt=103.68,rms=0.709305)
#GCMRL#   14 dt 214.839216 rms  0.707  1.463% neg 0  invalid 762 tFOTS 4.2080 tGradient 2.3670 tsec 6.8900
#FOTS# QuadFit found better minimum quadopt=(dt=54.3448,rms=0.701926) vs oldopt=(dt=25.92,rms=0.703052)
#GCMRL#   15 dt  54.344828 rms  0.702  0.710% neg 0  invalid 762 tFOTS 4.2850 tGradient 2.4840 tsec 7.0770
#FOTS# QuadFit found better minimum quadopt=(dt=145.152,rms=0.700408) vs oldopt=(dt=103.68,rms=0.700683)
#GCMRL#   16 dt 145.152000 rms  0.700  0.000% neg 0  invalid 762 tFOTS 4.2380 tGradient 2.4030 tsec 6.9720
#GCMRL#   17 dt 145.152000 rms  0.697  0.512% neg 0  invalid 762 tFOTS 0.0000 tGradient 2.3810 tsec 2.6800
#GCMRL#   18 dt 145.152000 rms  0.693  0.565% neg 0  invalid 762 tFOTS 0.0000 tGradient 2.3620 tsec 2.6600
#GCMRL#   19 dt 145.152000 rms  0.689  0.502% neg 0  invalid 762 tFOTS 0.0000 tGradient 2.4490 tsec 2.7460
#GCMRL#   20 dt 145.152000 rms  0.685  0.678% neg 0  invalid 762 tFOTS 0.0000 tGradient 2.3210 tsec 2.6140
#GCMRL#   21 dt 145.152000 rms  0.682  0.442% neg 0  invalid 762 tFOTS 0.0000 tGradient 2.3760 tsec 2.6730
#GCMRL#   22 dt 145.152000 rms  0.680  0.246% neg 0  invalid 762 tFOTS 0.0000 tGradient 2.4120 tsec 2.7060
#GCMRL#   23 dt 145.152000 rms  0.678  0.250% neg 0  invalid 762 tFOTS 0.0000 tGradient 2.3620 tsec 2.6600
#GCMRL#   24 dt 145.152000 rms  0.678  0.113% neg 0  invalid 762 tFOTS 0.0000 tGradient 2.4700 tsec 2.7630
#GCMRL#   25 dt 145.152000 rms  0.677  0.092% neg 0  invalid 762 tFOTS 0.0000 tGradient 2.4550 tsec 2.7740
#FOTS# QuadFit found better minimum quadopt=(dt=36.288,rms=0.676556) vs oldopt=(dt=25.92,rms=0.676614)
#GCMRL#   26 dt  36.288000 rms  0.677  0.000% neg 0  invalid 762 tFOTS 4.1840 tGradient 2.3390 tsec 6.8580
#GCMRL#   27 dt  36.288000 rms  0.676  0.013% neg 0  invalid 762 tFOTS 0.0000 tGradient 2.4120 tsec 2.7070

#GCAMreg# pass 0 level1 4 level2 1 tsec 73.844 sigma 0.5
l_jacobian=1.00 l_label=1.00 l_log_likelihood=0.20 l_smoothness=0.62 
tol=2.50e-01, dt=5.00e-02, exp_k=20.0, momentum=0.90, levels=6, niter=500, lbl_dist=10.00, avgs=64, sigma=0.5,type=2, relabel=0, neg=no

blurring input image with Gaussian with sigma=0.500...
GCAMRegisterLevel(): init RMS 0.677088
#FOTS# QuadFit found better minimum quadopt=(dt=36.288,rms=0.676151) vs oldopt=(dt=25.92,rms=0.6762)
#GCMRL#   29 dt  36.288000 rms  0.676  0.138% neg 0  invalid 762 tFOTS 3.9620 tGradient 2.4600 tsec 6.7300
#FOTS# QuadFit found better minimum quadopt=(dt=2.268,rms=0.676126) vs oldopt=(dt=1.62,rms=0.676126)
#GCMRL#   30 dt   2.268000 rms  0.676  0.000% neg 0  invalid 762 tFOTS 4.4580 tGradient 2.3900 tsec 7.1790
#GCMRL#   31 dt   2.268000 rms  0.676  0.002% neg 0  invalid 762 tFOTS 0.0000 tGradient 2.5020 tsec 2.8070
#GCMRL#   32 dt   2.268000 rms  0.676  0.001% neg 0  invalid 762 tFOTS 0.0000 tGradient 2.3780 tsec 2.6760
setting smoothness cost coefficient to 2.353

#GCAMreg# pass 0 level1 3 level2 0 tsec 0 sigma 2
l_jacobian=1.00 l_label=1.00 l_log_likelihood=0.20 l_smoothness=2.35 
tol=2.50e-01, dt=5.00e-02, exp_k=20.0, momentum=0.90, levels=6, niter=500, lbl_dist=10.00, avgs=16, sigma=2.0,type=2, relabel=0, neg=no

blurring input image with Gaussian with sigma=2.000...
GCAMRegisterLevel(): init RMS 0.70337
#FOTS# QuadFit found better minimum quadopt=(dt=0.6,rms=0.702783) vs oldopt=(dt=0.5,rms=0.702783)
#GCMRL#   34 dt   0.600000 rms  0.703  0.083% neg 0  invalid 762 tFOTS 3.9720 tGradient 1.9750 tsec 6.2590
#GCMRL#   35 dt   0.031250 rms  0.703  0.000% neg 0  invalid 762 tFOTS 3.9580 tGradient 1.9120 tsec 6.2070

#GCAMreg# pass 0 level1 3 level2 1 tsec 24.259 sigma 0.5
l_jacobian=1.00 l_label=1.00 l_log_likelihood=0.20 l_smoothness=2.35 
tol=2.50e-01, dt=5.00e-02, exp_k=20.0, momentum=0.90, levels=6, niter=500, lbl_dist=10.00, avgs=16, sigma=0.5,type=2, relabel=0, neg=no

blurring input image with Gaussian with sigma=0.500...
GCAMRegisterLevel(): init RMS 0.703343
#GCMRL#   37 dt   0.500000 rms  0.703  0.083% neg 0  invalid 762 tFOTS 4.1730 tGradient 1.9880 tsec 6.4830
#FOTS# QuadFit found better minimum quadopt=(dt=0.0109375,rms=0.702771) vs oldopt=(dt=0.0078125,rms=0.702771)
setting smoothness cost coefficient to 8.000

#GCAMreg# pass 0 level1 2 level2 0 tsec 0 sigma 2
l_jacobian=1.00 l_label=1.00 l_log_likelihood=0.20 l_smoothness=8.00 
tol=2.50e-01, dt=5.00e-02, exp_k=20.0, momentum=0.90, levels=6, niter=500, lbl_dist=10.00, avgs=4, sigma=2.0,type=2, relabel=0, neg=no

blurring input image with Gaussian with sigma=2.000...
GCAMRegisterLevel(): init RMS 0.77889
#FOTS# QuadFit found better minimum quadopt=(dt=2.4791,rms=0.751745) vs oldopt=(dt=2.88,rms=0.752457)
#GCMRL#   39 dt   2.479101 rms  0.752  3.485% neg 0  invalid 762 tFOTS 4.1630 tGradient 1.7940 tsec 6.2740
#FOTS# QuadFit found better minimum quadopt=(dt=2.08462,rms=0.74729) vs oldopt=(dt=2.88,rms=0.74792)
#GCMRL#   40 dt   2.084615 rms  0.747  0.593% neg 0  invalid 762 tFOTS 4.3810 tGradient 1.9380 tsec 6.7150
#FOTS# QuadFit found better minimum quadopt=(dt=1.69231,rms=0.746264) vs oldopt=(dt=0.72,rms=0.7466)
#GCMRL#   41 dt   1.692308 rms  0.746  0.000% neg 0  invalid 762 tFOTS 4.5710 tGradient 1.8940 tsec 6.8530

#GCAMreg# pass 0 level1 2 level2 1 tsec 31.662 sigma 0.5
l_jacobian=1.00 l_label=1.00 l_log_likelihood=0.20 l_smoothness=8.00 
tol=2.50e-01, dt=5.00e-02, exp_k=20.0, momentum=0.90, levels=6, niter=500, lbl_dist=10.00, avgs=4, sigma=0.5,type=2, relabel=0, neg=no

blurring input image with Gaussian with sigma=0.500...
GCAMRegisterLevel(): init RMS 0.746693
#GCMRL#   43 dt   0.000000 rms  0.746  0.058% neg 0  invalid 762 tFOTS 3.7840 tGradient 1.9720 tsec 6.0780
setting smoothness cost coefficient to 20.000

#GCAMreg# pass 0 level1 1 level2 0 tsec 0 sigma 2
l_jacobian=1.00 l_label=1.00 l_log_likelihood=0.20 l_smoothness=20.00 
tol=2.50e-01, dt=5.00e-02, exp_k=20.0, momentum=0.90, levels=6, niter=500, lbl_dist=10.00, avgs=1, sigma=2.0,type=2, relabel=0, neg=no

blurring input image with Gaussian with sigma=2.000...
GCAMRegisterLevel(): init RMS 0.791779
#GCMRL#   45 dt   0.320000 rms  0.790  0.174% neg 0  invalid 762 tFOTS 4.0750 tGradient 1.5430 tsec 5.9890
#FOTS# QuadFit found better minimum quadopt=(dt=1.15026,rms=0.783998) vs oldopt=(dt=1.28,rms=0.784001)
#GCMRL#   46 dt   1.150259 rms  0.784  0.810% neg 0  invalid 762 tFOTS 3.9800 tGradient 1.5520 tsec 5.8540
#FOTS# QuadFit found better minimum quadopt=(dt=0.112,rms=0.783066) vs oldopt=(dt=0.08,rms=0.783257)
#GCMRL#   47 dt   0.112000 rms  0.783  0.000% neg 0  invalid 762 tFOTS 4.0280 tGradient 1.4960 tsec 5.8700
#GCMRL#   48 dt   0.112000 rms  0.783  0.056% neg 0  invalid 762 tFOTS 0.0000 tGradient 1.4740 tsec 1.7850
#GCMRL#   49 dt   0.112000 rms  0.782  0.044% neg 0  invalid 762 tFOTS 0.0000 tGradient 1.5340 tsec 1.8520
#GCMRL#   50 dt   0.112000 rms  0.782  0.065% neg 0  invalid 762 tFOTS 0.0000 tGradient 1.5000 tsec 1.8140
#GCMRL#   51 dt   0.112000 rms  0.780  0.180% neg 0  invalid 762 tFOTS 0.0000 tGradient 1.4890 tsec 1.8040
#GCMRL#   52 dt   0.112000 rms  0.778  0.268% neg 0  invalid 762 tFOTS 0.0000 tGradient 1.5050 tsec 1.8140
#GCMRL#   53 dt   0.112000 rms  0.776  0.230% neg 0  invalid 762 tFOTS 0.0000 tGradient 1.4850 tsec 1.7970
#GCMRL#   54 dt   0.112000 rms  0.775  0.146% neg 0  invalid 762 tFOTS 0.0000 tGradient 1.4650 tsec 1.7810
#GCMRL#   55 dt   0.112000 rms  0.775  0.066% neg 0  invalid 762 tFOTS 0.0000 tGradient 1.5330 tsec 1.8450
#GCMRL#   56 dt   0.112000 rms  0.775  0.001% neg 0  invalid 762 tFOTS 0.0000 tGradient 1.4650 tsec 1.8000
#FOTS# QuadFit found better minimum quadopt=(dt=0.384,rms=0.774557) vs oldopt=(dt=0.32,rms=0.77457)
#GCMRL#   57 dt   0.384000 rms  0.775  0.035% neg 0  invalid 762 tFOTS 3.9300 tGradient 1.4490 tsec 5.7070
#FOTS# QuadFit found better minimum quadopt=(dt=0.768,rms=0.773543) vs oldopt=(dt=1.28,rms=0.773791)
#GCMRL#   58 dt   0.768000 rms  0.774  0.131% neg 0  invalid 762 tFOTS 3.9490 tGradient 1.4710 tsec 5.7210
#FOTS# QuadFit found better minimum quadopt=(dt=0.112,rms=0.77329) vs oldopt=(dt=0.08,rms=0.773336)
#GCMRL#   59 dt   0.112000 rms  0.773  0.000% neg 0  invalid 762 tFOTS 3.9710 tGradient 1.5330 tsec 5.8450
#GCMRL#   60 dt   0.112000 rms  0.773  0.006% neg 0  invalid 762 tFOTS 0.0000 tGradient 1.4650 tsec 1.7770
#GCMRL#   61 dt   0.112000 rms  0.773  0.004% neg 0  invalid 762 tFOTS 0.0000 tGradient 1.4930 tsec 1.7900
#GCMRL#   62 dt   0.112000 rms  0.773  0.009% neg 0  invalid 762 tFOTS 0.0000 tGradient 1.4990 tsec 1.8100
#GCMRL#   63 dt   0.112000 rms  0.773  0.035% neg 0  invalid 762 tFOTS 0.0000 tGradient 1.5260 tsec 1.8310
#GCMRL#   64 dt   0.112000 rms  0.772  0.055% neg 0  invalid 762 tFOTS 0.0000 tGradient 1.6400 tsec 2.0260

#GCAMreg# pass 0 level1 1 level2 1 tsec 71.946 sigma 0.5
l_jacobian=1.00 l_label=1.00 l_log_likelihood=0.20 l_smoothness=20.00 
tol=2.50e-01, dt=5.00e-02, exp_k=20.0, momentum=0.90, levels=6, niter=500, lbl_dist=10.00, avgs=1, sigma=0.5,type=2, relabel=0, neg=no

blurring input image with Gaussian with sigma=0.500...
GCAMRegisterLevel(): init RMS 0.772491
#FOTS# QuadFit found better minimum quadopt=(dt=0.384,rms=0.771744) vs oldopt=(dt=0.32,rms=0.771747)
#GCMRL#   66 dt   0.384000 rms  0.772  0.097% neg 0  invalid 762 tFOTS 4.3620 tGradient 1.5140 tsec 6.2260
#FOTS# QuadFit found better minimum quadopt=(dt=0.112,rms=0.77173) vs oldopt=(dt=0.08,rms=0.771732)
#GCMRL#   67 dt   0.112000 rms  0.772  0.000% neg 0  invalid 762 tFOTS 4.4200 tGradient 1.6450 tsec 6.4240
#GCMRL#   68 dt   0.112000 rms  0.772  0.003% neg 0  invalid 762 tFOTS 0.0000 tGradient 1.5070 tsec 1.8300
#GCMRL#   69 dt   0.112000 rms  0.772  0.001% neg 0  invalid 762 tFOTS 0.0000 tGradient 1.4780 tsec 1.8040
#GCMRL#   70 dt   0.112000 rms  0.772  0.004% neg 0  invalid 762 tFOTS 0.0000 tGradient 1.4760 tsec 1.8010
#GCMRL#   71 dt   0.112000 rms  0.772  0.006% neg 0  invalid 762 tFOTS 0.0000 tGradient 1.4810 tsec 1.8120
#GCMRL#   72 dt   0.112000 rms  0.772  0.008% neg 0  invalid 762 tFOTS 0.0000 tGradient 1.6080 tsec 1.9360
resetting metric properties...
setting smoothness cost coefficient to 40.000

#GCAMreg# pass 0 level1 0 level2 0 tsec 0 sigma 2
l_jacobian=1.00 l_label=1.00 l_log_likelihood=0.20 l_smoothness=40.00 
tol=2.50e-01, dt=5.00e-02, exp_k=20.0, momentum=0.90, levels=6, niter=500, lbl_dist=10.00, avgs=0, sigma=2.0,type=2, relabel=0, neg=no

blurring input image with Gaussian with sigma=2.000...
GCAMRegisterLevel(): init RMS 0.754658
#FOTS# QuadFit found better minimum quadopt=(dt=0.220423,rms=0.749105) vs oldopt=(dt=0.32,rms=0.749882)
#GCMRL#   74 dt   0.220423 rms  0.749  0.736% neg 0  invalid 762 tFOTS 4.0240 tGradient 0.9880 tsec 5.3370
#GCMRL#   75 dt   0.020000 rms  0.749  0.000% neg 0  invalid 762 tFOTS 4.0980 tGradient 0.9310 tsec 5.3770

#GCAMreg# pass 0 level1 0 level2 1 tsec 21.549 sigma 0.5
l_jacobian=1.00 l_label=1.00 l_log_likelihood=0.20 l_smoothness=40.00 
tol=2.50e-01, dt=5.00e-02, exp_k=20.0, momentum=0.90, levels=6, niter=500, lbl_dist=10.00, avgs=0, sigma=0.5,type=2, relabel=0, neg=no

blurring input image with Gaussian with sigma=0.500...
GCAMRegisterLevel(): init RMS 0.749392
#FOTS# QuadFit found better minimum quadopt=(dt=0.007,rms=0.748901) vs oldopt=(dt=0.005,rms=0.748904)
#GCMRL#   77 dt   0.007000 rms  0.749  0.065% neg 0  invalid 762 tFOTS 4.1330 tGradient 0.9820 tsec 5.4410
#FOTS# QuadFit found better minimum quadopt=(dt=0.0004375,rms=0.748907) vs oldopt=(dt=0.0003125,rms=0.748907)
GCAMregister done in 6.97073 min
Starting GCAmapRenormalizeWithAlignment() without scales
renormalizing by structure alignment....
renormalizing input #0
gca peak = 0.10253 (16)
mri peak = 0.07959 (22)
Left_Lateral_Ventricle (4): linear fit = 1.01 x + 0.0 (681 voxels, overlap=0.671)
Left_Lateral_Ventricle (4): linear fit = 1.01 x + 0.0 (681 voxels, peak = 16), gca=16.2
gca peak = 0.17690 (16)
mri peak = 0.09079 (22)
Right_Lateral_Ventricle (43): linear fit = 1.15 x + 0.0 (805 voxels, overlap=0.777)
Right_Lateral_Ventricle (43): linear fit = 1.15 x + 0.0 (805 voxels, peak = 18), gca=18.5
gca peak = 0.28275 (96)
mri peak = 0.12727 (101)
Right_Pallidum (52): linear fit = 1.04 x + 0.0 (1044 voxels, overlap=0.999)
Right_Pallidum (52): linear fit = 1.04 x + 0.0 (1044 voxels, peak = 100), gca=100.3
gca peak = 0.18948 (93)
mri peak = 0.13679 (97)
Left_Pallidum (13): linear fit = 1.03 x + 0.0 (846 voxels, overlap=0.962)
Left_Pallidum (13): linear fit = 1.03 x + 0.0 (846 voxels, peak = 96), gca=96.3
gca peak = 0.20755 (55)
mri peak = 0.11379 (69)
Right_Hippocampus (53): linear fit = 1.18 x + 0.0 (789 voxels, overlap=0.050)
Right_Hippocampus (53): linear fit = 1.18 x + 0.0 (789 voxels, peak = 65), gca=65.2
gca peak = 0.31831 (58)
mri peak = 0.10237 (67)
Left_Hippocampus (17): linear fit = 1.16 x + 0.0 (1048 voxels, overlap=0.013)
Left_Hippocampus (17): linear fit = 1.16 x + 0.0 (1048 voxels, peak = 68), gca=67.6
gca peak = 0.11957 (102)
mri peak = 0.17983 (105)
Right_Cerebral_White_Matter (41): linear fit = 1.02 x + 0.0 (68840 voxels, overlap=0.576)
Right_Cerebral_White_Matter (41): linear fit = 1.02 x + 0.0 (68840 voxels, peak = 105), gca=104.5
gca peak = 0.11429 (102)
mri peak = 0.16585 (106)
Left_Cerebral_White_Matter (2): linear fit = 1.02 x + 0.0 (69836 voxels, overlap=0.521)
Left_Cerebral_White_Matter (2): linear fit = 1.02 x + 0.0 (69836 voxels, peak = 105), gca=104.5
gca peak = 0.14521 (59)
mri peak = 0.03131 (60)
Left_Cerebral_Cortex (3): linear fit = 1.10 x + 0.0 (23894 voxels, overlap=0.689)
Left_Cerebral_Cortex (3): linear fit = 1.10 x + 0.0 (23894 voxels, peak = 65), gca=64.6
gca peak = 0.14336 (58)
mri peak = 0.03054 (68)
Right_Cerebral_Cortex (42): linear fit = 1.15 x + 0.0 (23917 voxels, overlap=0.176)
Right_Cerebral_Cortex (42): linear fit = 1.15 x + 0.0 (23917 voxels, peak = 67), gca=67.0
gca peak = 0.13305 (70)
mri peak = 0.08425 (84)
Right_Caudate (50): linear fit = 1.18 x + 0.0 (1011 voxels, overlap=0.464)
Right_Caudate (50): linear fit = 1.18 x + 0.0 (1011 voxels, peak = 83), gca=82.9
gca peak = 0.15761 (71)
mri peak = 0.09972 (83)
Left_Caudate (11): linear fit = 1.11 x + 0.0 (1083 voxels, overlap=0.569)
Left_Caudate (11): linear fit = 1.11 x + 0.0 (1083 voxels, peak = 78), gca=78.5
gca peak = 0.13537 (57)
mri peak = 0.03647 (59)
Left_Cerebellum_Cortex (8): linear fit = 1.04 x + 0.0 (30077 voxels, overlap=0.947)
Left_Cerebellum_Cortex (8): linear fit = 1.04 x + 0.0 (30077 voxels, peak = 60), gca=59.6
gca peak = 0.13487 (56)
mri peak = 0.03492 (57)
Right_Cerebellum_Cortex (47): linear fit = 1.04 x + 0.0 (30296 voxels, overlap=0.947)
Right_Cerebellum_Cortex (47): linear fit = 1.04 x + 0.0 (30296 voxels, peak = 59), gca=58.5
gca peak = 0.19040 (84)
mri peak = 0.09781 (92)
Left_Cerebellum_White_Matter (7): linear fit = 1.09 x + 0.0 (10203 voxels, overlap=0.002)
Left_Cerebellum_White_Matter (7): linear fit = 1.09 x + 0.0 (10203 voxels, peak = 91), gca=91.1
gca peak = 0.18871 (83)
mri peak = 0.12945 (90)
Right_Cerebellum_White_Matter (46): linear fit = 1.09 x + 0.0 (8634 voxels, overlap=0.016)
Right_Cerebellum_White_Matter (46): linear fit = 1.09 x + 0.0 (8634 voxels, peak = 90), gca=90.1
gca peak = 0.24248 (57)
mri peak = 0.07009 (74)
Left_Amygdala (18): linear fit = 1.33 x + 0.0 (430 voxels, overlap=0.070)
Left_Amygdala (18): linear fit = 1.33 x + 0.0 (430 voxels, peak = 76), gca=75.5
gca peak = 0.35833 (56)
mri peak = 0.10278 (69)
Right_Amygdala (54): linear fit = 1.23 x + 0.0 (592 voxels, overlap=0.056)
Right_Amygdala (54): linear fit = 1.23 x + 0.0 (592 voxels, peak = 69), gca=68.6
gca peak = 0.12897 (85)
mri peak = 0.07976 (97)
Left_Thalamus (10): linear fit = 1.12 x + 0.0 (5780 voxels, overlap=0.491)
Left_Thalamus (10): linear fit = 1.12 x + 0.0 (5780 voxels, peak = 96), gca=95.6
gca peak = 0.13127 (83)
mri peak = 0.07400 (90)
Right_Thalamus (49): linear fit = 1.12 x + 0.0 (4950 voxels, overlap=0.556)
Right_Thalamus (49): linear fit = 1.12 x + 0.0 (4950 voxels, peak = 93), gca=92.5
gca peak = 0.12974 (78)
mri peak = 0.08915 (91)
Left_Putamen (12): linear fit = 1.15 x + 0.0 (2436 voxels, overlap=0.260)
Left_Putamen (12): linear fit = 1.15 x + 0.0 (2436 voxels, peak = 90), gca=90.1
gca peak = 0.17796 (79)
mri peak = 0.07095 (90)
Right_Putamen (51): linear fit = 1.14 x + 0.0 (2537 voxels, overlap=0.205)
Right_Putamen (51): linear fit = 1.14 x + 0.0 (2537 voxels, peak = 90), gca=90.5
gca peak = 0.10999 (80)
mri peak = 0.09507 (88)
Brain_Stem (16): linear fit = 1.12 x + 0.0 (13172 voxels, overlap=0.319)
Brain_Stem (16): linear fit = 1.12 x + 0.0 (13172 voxels, peak = 89), gca=89.2
gca peak = 0.13215 (88)
mri peak = 0.09079 (92)
Right_VentralDC (60): linear fit = 1.09 x + 0.0 (1650 voxels, overlap=0.511)
Right_VentralDC (60): linear fit = 1.09 x + 0.0 (1650 voxels, peak = 95), gca=95.5
gca peak = 0.11941 (89)
mri peak = 0.10574 (94)
Left_VentralDC (28): linear fit = 1.09 x + 0.0 (1734 voxels, overlap=0.547)
Left_VentralDC (28): linear fit = 1.09 x + 0.0 (1734 voxels, peak = 97), gca=96.6
gca peak = 0.20775 (25)
uniform distribution in MR - rejecting arbitrary fit
gca peak = 0.13297 (21)
mri peak = 0.10163 (16)
Fourth_Ventricle (15): linear fit = 0.81 x + 0.0 (242 voxels, overlap=0.687)
Fourth_Ventricle (15): linear fit = 0.81 x + 0.0 (242 voxels, peak = 17), gca=17.1
gca peak Unknown = 0.94777 ( 0)
gca peak Left_Inf_Lat_Vent = 0.19087 (28)
gca peak Third_Ventricle = 0.20775 (25)
gca peak CSF = 0.16821 (33)
gca peak Left_Accumbens_area = 0.32850 (63)
gca peak Left_undetermined = 0.98480 (28)
gca peak Left_vessel = 0.40887 (53)
gca peak Left_choroid_plexus = 0.10898 (46)
gca peak Right_Inf_Lat_Vent = 0.17798 (26)
gca peak Right_Accumbens_area = 0.30137 (64)
gca peak Right_vessel = 0.47828 (52)
gca peak Right_choroid_plexus = 0.11612 (45)
gca peak Fifth_Ventricle = 0.59466 (35)
gca peak WM_hypointensities = 0.10053 (78)
gca peak non_WM_hypointensities = 0.07253 (60)
gca peak Optic_Chiasm = 0.25330 (73)
not using caudate to estimate GM means
estimating mean gm scale to be 1.19 x + 0.0
estimating mean wm scale to be 1.02 x + 0.0
estimating mean csf scale to be 1.00 x + 0.0
saving intensity scales to talairach.label_intensities.txt
GCAmapRenormalizeWithAlignment() took 3.5232 min
noneg pre
Starting GCAMregister()
label assignment complete, 0 changed (0.00%)
npasses = 1, nlevels = 6
#pass# 1 of 1 ************************
enabling zero nodes
setting smoothness cost coefficient to 0.008

#GCAMreg# pass 0 level1 5 level2 0 tsec 0 sigma 2
l_jacobian=1.00 l_label=1.00 l_log_likelihood=0.20 l_smoothness=0.01 
tol=5.00e-02, dt=5.00e-02, exp_k=20.0, momentum=0.90, levels=6, niter=500, lbl_dist=10.00, avgs=256, sigma=2.0,type=2, relabel=0, neg=no

blurring input image with Gaussian with sigma=2.000...
GCAMRegisterLevel(): init RMS 0.73696
#FOTS# QuadFit found better minimum quadopt=(dt=242.889,rms=0.717469) vs oldopt=(dt=369.92,rms=0.720915)
#GCMRL#   79 dt 242.888774 rms  0.717  2.645% neg 0  invalid 762 tFOTS 4.3250 tGradient 2.3030 tsec 6.9430
#FOTS# QuadFit found better minimum quadopt=(dt=221.952,rms=0.710358) vs oldopt=(dt=369.92,rms=0.713001)
#GCMRL#   80 dt 221.952000 rms  0.710  0.991% neg 0  invalid 762 tFOTS 5.0210 tGradient 2.8900 tsec 8.2900
#FOTS# QuadFit found better minimum quadopt=(dt=141.176,rms=0.707247) vs oldopt=(dt=92.48,rms=0.707821)
#GCMRL#   81 dt 141.176471 rms  0.707  0.438% neg 0  invalid 762 tFOTS 5.2250 tGradient 2.6130 tsec 8.2130
#FOTS# QuadFit found better minimum quadopt=(dt=443.904,rms=0.703026) vs oldopt=(dt=369.92,rms=0.703153)
#GCMRL#   82 dt 443.904000 rms  0.703  0.597% neg 0  invalid 762 tFOTS 4.8730 tGradient 2.7320 tsec 7.9280
#FOTS# QuadFit found better minimum quadopt=(dt=110.976,rms=0.700263) vs oldopt=(dt=92.48,rms=0.70038)
#GCMRL#   83 dt 110.976000 rms  0.700  0.393% neg 0  invalid 762 tFOTS 4.4260 tGradient 2.4460 tsec 7.1740
#FOTS# QuadFit found better minimum quadopt=(dt=517.888,rms=0.696625) vs oldopt=(dt=369.92,rms=0.697392)
#GCMRL#   84 dt 517.888000 rms  0.697  0.520% neg 0  invalid 762 tFOTS 4.1510 tGradient 2.4790 tsec 6.9390
#FOTS# QuadFit found better minimum quadopt=(dt=129.472,rms=0.695181) vs oldopt=(dt=92.48,rms=0.695304)
#GCMRL#   85 dt 129.472000 rms  0.695  0.207% neg 0  invalid 762 tFOTS 4.1570 tGradient 2.3380 tsec 6.8130
#GCMRL#   86 dt 369.920000 rms  0.694  0.191% neg 0  invalid 762 tFOTS 4.2000 tGradient 2.3500 tsec 6.8590
#FOTS# QuadFit found better minimum quadopt=(dt=110.976,rms=0.692529) vs oldopt=(dt=92.48,rms=0.692591)
#GCMRL#   87 dt 110.976000 rms  0.693  0.191% neg 0  invalid 762 tFOTS 4.1760 tGradient 2.3700 tsec 6.8500
#FOTS# QuadFit found better minimum quadopt=(dt=517.888,rms=0.69098) vs oldopt=(dt=369.92,rms=0.691254)
#GCMRL#   88 dt 517.888000 rms  0.691  0.224% neg 0  invalid 762 tFOTS 4.1790 tGradient 2.3830 tsec 6.8720
#FOTS# QuadFit found better minimum quadopt=(dt=129.472,rms=0.690119) vs oldopt=(dt=92.48,rms=0.690191)
#GCMRL#   89 dt 129.472000 rms  0.690  0.125% neg 0  invalid 762 tFOTS 4.1620 tGradient 2.4140 tsec 6.9280
#FOTS# QuadFit found better minimum quadopt=(dt=295.936,rms=0.689491) vs oldopt=(dt=369.92,rms=0.6895)
#GCMRL#   90 dt 295.936000 rms  0.689  0.091% neg 0  invalid 762 tFOTS 4.1610 tGradient 2.3500 tsec 6.8190
#FOTS# QuadFit found better minimum quadopt=(dt=129.472,rms=0.688789) vs oldopt=(dt=92.48,rms=0.688879)
#GCMRL#   91 dt 129.472000 rms  0.689  0.102% neg 0  invalid 762 tFOTS 4.1620 tGradient 2.3860 tsec 6.8650
#GCMRL#   92 dt 369.920000 rms  0.688  0.082% neg 0  invalid 762 tFOTS 4.1670 tGradient 2.3940 tsec 6.8710
#FOTS# QuadFit found better minimum quadopt=(dt=129.472,rms=0.687549) vs oldopt=(dt=92.48,rms=0.687609)
#GCMRL#   93 dt 129.472000 rms  0.688  0.098% neg 0  invalid 762 tFOTS 4.1790 tGradient 2.4420 tsec 6.9340
#FOTS# QuadFit found better minimum quadopt=(dt=295.936,rms=0.687114) vs oldopt=(dt=369.92,rms=0.687126)
#GCMRL#   94 dt 295.936000 rms  0.687  0.063% neg 0  invalid 762 tFOTS 4.1600 tGradient 2.3460 tsec 6.8090
#FOTS# QuadFit found better minimum quadopt=(dt=129.472,rms=0.686582) vs oldopt=(dt=92.48,rms=0.686641)
#GCMRL#   95 dt 129.472000 rms  0.687  0.077% neg 0  invalid 762 tFOTS 4.1630 tGradient 2.3540 tsec 6.8180
#FOTS# QuadFit found better minimum quadopt=(dt=443.904,rms=0.686104) vs oldopt=(dt=369.92,rms=0.686104)
#GCMRL#   96 dt 443.904000 rms  0.686  0.070% neg 0  invalid 762 tFOTS 4.4230 tGradient 2.3700 tsec 7.1030
#FOTS# QuadFit found better minimum quadopt=(dt=110.976,rms=0.685416) vs oldopt=(dt=92.48,rms=0.685446)
#GCMRL#   97 dt 110.976000 rms  0.685  0.100% neg 0  invalid 762 tFOTS 4.5320 tGradient 2.3880 tsec 7.3000
#FOTS# QuadFit found better minimum quadopt=(dt=517.888,rms=0.684932) vs oldopt=(dt=369.92,rms=0.684992)
#GCMRL#   98 dt 517.888000 rms  0.685  0.071% neg 0  invalid 762 tFOTS 4.6140 tGradient 2.3630 tsec 7.2980
#FOTS# QuadFit found better minimum quadopt=(dt=129.472,rms=0.684387) vs oldopt=(dt=92.48,rms=0.684421)
#GCMRL#   99 dt 129.472000 rms  0.684  0.080% neg 0  invalid 762 tFOTS 4.3630 tGradient 2.2780 tsec 6.9630
#FOTS# QuadFit found better minimum quadopt=(dt=221.952,rms=0.68409) vs oldopt=(dt=369.92,rms=0.684145)
#GCMRL#  100 dt 221.952000 rms  0.684  0.000% neg 0  invalid 762 tFOTS 4.6310 tGradient 2.2370 tsec 7.2070
#GCMRL#  101 dt 221.952000 rms  0.684  0.044% neg 0  invalid 762 tFOTS 0.0000 tGradient 2.3190 tsec 2.6280
#GCMRL#  102 dt 221.952000 rms  0.683  0.105% neg 0  invalid 762 tFOTS 0.0000 tGradient 2.3470 tsec 2.6530
#GCMRL#  103 dt 221.952000 rms  0.682  0.107% neg 0  invalid 762 tFOTS 0.0000 tGradient 2.2810 tsec 2.5870
#GCMRL#  104 dt 221.952000 rms  0.681  0.178% neg 0  invalid 762 tFOTS 0.0000 tGradient 2.3090 tsec 2.6130
#GCMRL#  105 dt 221.952000 rms  0.680  0.144% neg 0  invalid 762 tFOTS 0.0000 tGradient 2.2720 tsec 2.5720
#GCMRL#  106 dt 221.952000 rms  0.679  0.144% neg 0  invalid 762 tFOTS 0.0000 tGradient 2.3240 tsec 2.6420
#GCMRL#  107 dt 221.952000 rms  0.678  0.159% neg 0  invalid 762 tFOTS 0.0000 tGradient 2.4630 tsec 2.7960
#GCMRL#  108 dt 221.952000 rms  0.677  0.129% neg 0  invalid 762 tFOTS 0.0000 tGradient 2.4190 tsec 2.7350
#GCMRL#  109 dt 221.952000 rms  0.676  0.133% neg 0  invalid 762 tFOTS 0.0000 tGradient 2.3190 tsec 2.6360
#GCMRL#  110 dt 221.952000 rms  0.676  0.111% neg 0  invalid 762 tFOTS 0.0000 tGradient 2.3200 tsec 2.6360
#GCMRL#  111 dt 221.952000 rms  0.675  0.131% neg 0  invalid 762 tFOTS 0.0000 tGradient 2.4860 tsec 2.8030
#GCMRL#  112 dt 221.952000 rms  0.674  0.093% neg 0  invalid 762 tFOTS 0.0000 tGradient 2.3170 tsec 2.6300
#GCMRL#  113 dt 221.952000 rms  0.673  0.088% neg 0  invalid 762 tFOTS 0.0000 tGradient 2.3660 tsec 2.6830
#GCMRL#  114 dt 221.952000 rms  0.673  0.132% neg 0  invalid 762 tFOTS 0.0000 tGradient 2.3900 tsec 2.7060
#GCMRL#  115 dt 221.952000 rms  0.672  0.102% neg 0  invalid 762 tFOTS 0.0000 tGradient 2.2980 tsec 2.6130
#GCMRL#  116 dt 221.952000 rms  0.671  0.076% neg 0  invalid 762 tFOTS 0.0000 tGradient 2.3070 tsec 2.6190
#GCMRL#  117 dt 221.952000 rms  0.671  0.089% neg 0  invalid 762 tFOTS 0.0000 tGradient 2.3470 tsec 2.7190
#GCMRL#  118 dt 221.952000 rms  0.670  0.109% neg 0  invalid 762 tFOTS 0.0000 tGradient 2.6360 tsec 2.9460
#GCMRL#  119 dt 221.952000 rms  0.670  0.069% neg 0  invalid 762 tFOTS 0.0000 tGradient 2.2540 tsec 2.5660
#GCMRL#  120 dt 221.952000 rms  0.669  0.052% neg 0  invalid 762 tFOTS 0.0000 tGradient 2.3430 tsec 2.6540
#GCMRL#  121 dt 221.952000 rms  0.669  0.079% neg 0  invalid 762 tFOTS 0.0000 tGradient 2.2670 tsec 2.5780
#GCMRL#  122 dt 221.952000 rms  0.668  0.074% neg 0  invalid 762 tFOTS 0.0000 tGradient 2.2780 tsec 2.5890
#GCMRL#  123 dt 221.952000 rms  0.668  0.056% neg 0  invalid 762 tFOTS 0.0000 tGradient 2.2700 tsec 2.5840
#GCMRL#  124 dt 221.952000 rms  0.667  0.070% neg 0  invalid 762 tFOTS 0.0000 tGradient 2.2990 tsec 2.6060
#GCMRL#  125 dt 221.952000 rms  0.667  0.094% neg 0  invalid 762 tFOTS 0.0000 tGradient 2.2690 tsec 2.5830
#GCMRL#  126 dt 221.952000 rms  0.666  0.077% neg 0  invalid 762 tFOTS 0.0000 tGradient 2.6410 tsec 2.9930
#GCMRL#  127 dt 221.952000 rms  0.666  0.045% neg 0  invalid 762 tFOTS 0.0000 tGradient 2.4070 tsec 2.7230
#GCMRL#  128 dt 221.952000 rms  0.666  0.058% neg 0  invalid 762 tFOTS 0.0000 tGradient 2.2910 tsec 2.6060
#GCMRL#  129 dt 221.952000 rms  0.665  0.079% neg 0  invalid 762 tFOTS 0.0000 tGradient 2.2410 tsec 2.5540
#GCMRL#  130 dt 221.952000 rms  0.665  0.074% neg 0  invalid 762 tFOTS 0.0000 tGradient 2.2250 tsec 2.5370
#GCMRL#  131 dt 221.952000 rms  0.664  0.069% neg 0  invalid 762 tFOTS 0.0000 tGradient 2.3560 tsec 2.6680
#GCMRL#  132 dt 221.952000 rms  0.664  0.066% neg 0  invalid 762 tFOTS 0.0000 tGradient 2.3010 tsec 2.6100
#GCMRL#  133 dt 221.952000 rms  0.663  0.068% neg 0  invalid 762 tFOTS 0.0000 tGradient 2.3740 tsec 2.6880
#GCMRL#  134 dt 221.952000 rms  0.663  0.063% neg 0  invalid 762 tFOTS 0.0000 tGradient 2.3470 tsec 2.6590
#GCMRL#  135 dt 221.952000 rms  0.662  0.053% neg 0  invalid 762 tFOTS 0.0000 tGradient 2.2950 tsec 2.6170
#GCMRL#  136 dt 221.952000 rms  0.662  0.082% neg 0  invalid 762 tFOTS 0.0000 tGradient 2.3420 tsec 2.6570
#GCMRL#  137 dt 221.952000 rms  0.661  0.064% neg 0  invalid 762 tFOTS 0.0000 tGradient 2.3230 tsec 2.6420
#GCMRL#  138 dt 221.952000 rms  0.661  0.039% neg 0  invalid 762 tFOTS 0.0000 tGradient 2.2790 tsec 2.5980
#GCMRL#  139 dt 221.952000 rms  0.661  0.040% neg 0  invalid 762 tFOTS 0.0000 tGradient 2.2910 tsec 2.6100
#GCMRL#  140 dt 221.952000 rms  0.661  0.061% neg 0  invalid 762 tFOTS 0.0000 tGradient 2.3030 tsec 2.6210
#GCMRL#  141 dt 221.952000 rms  0.660  0.057% neg 0  invalid 762 tFOTS 0.0000 tGradient 2.3500 tsec 2.6670
#GCMRL#  142 dt 221.952000 rms  0.660  0.041% neg 0  invalid 762 tFOTS 0.0000 tGradient 2.3160 tsec 2.6330
#GCMRL#  143 dt 221.952000 rms  0.660  0.051% neg 0  invalid 762 tFOTS 0.0000 tGradient 2.3520 tsec 2.6700
#GCMRL#  144 dt 221.952000 rms  0.659  0.053% neg 0  invalid 762 tFOTS 0.0000 tGradient 2.3080 tsec 2.6220
#GCMRL#  145 dt 221.952000 rms  0.659  0.044% neg 0  invalid 762 tFOTS 0.0000 tGradient 2.3480 tsec 2.6660
#GCMRL#  146 dt 221.952000 rms  0.659  0.044% neg 0  invalid 762 tFOTS 0.0000 tGradient 2.2940 tsec 2.6120
#GCMRL#  147 dt 221.952000 rms  0.658  0.048% neg 0  invalid 762 tFOTS 0.0000 tGradient 2.3150 tsec 2.6320
#GCMRL#  148 dt 221.952000 rms  0.658  0.031% neg 0  invalid 762 tFOTS 0.0000 tGradient 2.3760 tsec 2.6900
#GCMRL#  149 dt 221.952000 rms  0.658  0.020% neg 0  invalid 762 tFOTS 0.0000 tGradient 2.2750 tsec 2.5880
#GCMRL#  150 dt 221.952000 rms  0.658  0.025% neg 0  invalid 762 tFOTS 0.0000 tGradient 2.2890 tsec 2.6100
#GCMRL#  151 dt 221.952000 rms  0.657  0.058% neg 0  invalid 762 tFOTS 0.0000 tGradient 2.2990 tsec 2.6180
#GCMRL#  152 dt 221.952000 rms  0.657  0.048% neg 0  invalid 762 tFOTS 0.0000 tGradient 2.3270 tsec 2.6450
#GCMRL#  153 dt 221.952000 rms  0.657  0.035% neg 0  invalid 762 tFOTS 0.0000 tGradient 2.2790 tsec 2.5960
#GCMRL#  154 dt 221.952000 rms  0.657  0.039% neg 0  invalid 762 tFOTS 0.0000 tGradient 2.2730 tsec 2.5870
#GCMRL#  155 dt 221.952000 rms  0.656  0.048% neg 0  invalid 762 tFOTS 0.0000 tGradient 2.3510 tsec 2.6670
#GCMRL#  156 dt 221.952000 rms  0.656  0.032% neg 0  invalid 762 tFOTS 0.0000 tGradient 2.3430 tsec 2.6570
#GCMRL#  157 dt 221.952000 rms  0.656  0.024% neg 0  invalid 762 tFOTS 0.0000 tGradient 2.3220 tsec 2.6400
#GCMRL#  158 dt 221.952000 rms  0.656  0.049% neg 0  invalid 762 tFOTS 0.0000 tGradient 2.2750 tsec 2.5920
#GCMRL#  159 dt 221.952000 rms  0.655  0.048% neg 0  invalid 762 tFOTS 0.0000 tGradient 2.2680 tsec 2.5870
#GCMRL#  160 dt 221.952000 rms  0.655  0.027% neg 0  invalid 762 tFOTS 0.0000 tGradient 2.3230 tsec 2.6380
#GCMRL#  161 dt 221.952000 rms  0.655  0.035% neg 0  invalid 762 tFOTS 0.0000 tGradient 2.3280 tsec 2.6450
#GCMRL#  162 dt 221.952000 rms  0.655  0.035% neg 0  invalid 762 tFOTS 0.0000 tGradient 2.7570 tsec 3.1270
#GCMRL#  163 dt 221.952000 rms  0.654  0.030% neg 0  invalid 762 tFOTS 0.0000 tGradient 2.6560 tsec 2.9780
#GCMRL#  164 dt 221.952000 rms  0.654  0.039% neg 0  invalid 762 tFOTS 0.0000 tGradient 2.2760 tsec 2.5930
#GCMRL#  165 dt 221.952000 rms  0.654  0.036% neg 0  invalid 762 tFOTS 0.0000 tGradient 2.2630 tsec 2.5810
#GCMRL#  166 dt 221.952000 rms  0.654  0.021% neg 0  invalid 762 tFOTS 0.0000 tGradient 2.3100 tsec 2.6310
#GCMRL#  167 dt 221.952000 rms  0.654  0.030% neg 0  invalid 762 tFOTS 0.0000 tGradient 2.2660 tsec 2.5830
#GCMRL#  168 dt 221.952000 rms  0.653  0.042% neg 0  invalid 762 tFOTS 0.0000 tGradient 2.3280 tsec 2.6470
#GCMRL#  169 dt 221.952000 rms  0.653  0.025% neg 0  invalid 762 tFOTS 0.0000 tGradient 2.3730 tsec 2.6920
#GCMRL#  170 dt 221.952000 rms  0.653  0.011% neg 0  invalid 762 tFOTS 0.0000 tGradient 2.2590 tsec 2.5980
#FOTS# QuadFit found better minimum quadopt=(dt=517.888,rms=0.652836) vs oldopt=(dt=369.92,rms=0.652887)
#GCMRL#  171 dt 517.888000 rms  0.653  0.043% neg 0  invalid 762 tFOTS 4.7920 tGradient 2.2720 tsec 7.4010

#GCAMreg# pass 0 level1 5 level2 1 tsec 368.295 sigma 0.5
l_jacobian=1.00 l_label=1.00 l_log_likelihood=0.20 l_smoothness=0.01 
tol=5.00e-02, dt=5.00e-02, exp_k=20.0, momentum=0.90, levels=6, niter=500, lbl_dist=10.00, avgs=256, sigma=0.5,type=2, relabel=0, neg=no

blurring input image with Gaussian with sigma=0.500...
GCAMRegisterLevel(): init RMS 0.653254
#FOTS# QuadFit found better minimum quadopt=(dt=221.952,rms=0.65194) vs oldopt=(dt=369.92,rms=0.652166)
#GCMRL#  173 dt 221.952000 rms  0.652  0.201% neg 0  invalid 762 tFOTS 4.5470 tGradient 2.2960 tsec 7.1790
#FOTS# QuadFit found better minimum quadopt=(dt=443.904,rms=0.65112) vs oldopt=(dt=369.92,rms=0.651149)
#GCMRL#  174 dt 443.904000 rms  0.651  0.126% neg 0  invalid 762 tFOTS 4.6300 tGradient 2.3260 tsec 7.2810
#FOTS# QuadFit found better minimum quadopt=(dt=110.976,rms=0.650918) vs oldopt=(dt=92.48,rms=0.650921)
#GCMRL#  175 dt 110.976000 rms  0.651  0.000% neg 0  invalid 762 tFOTS 4.5160 tGradient 2.3470 tsec 7.2020
#GCMRL#  176 dt 110.976000 rms  0.651  0.007% neg 0  invalid 762 tFOTS 0.0000 tGradient 2.3780 tsec 2.6810
#GCMRL#  177 dt 110.976000 rms  0.651  0.017% neg 0  invalid 762 tFOTS 0.0000 tGradient 2.4100 tsec 2.7090
#GCMRL#  178 dt 110.976000 rms  0.651  0.022% neg 0  invalid 762 tFOTS 0.0000 tGradient 2.4160 tsec 2.7150
#GCMRL#  179 dt 110.976000 rms  0.650  0.028% neg 0  invalid 762 tFOTS 0.0000 tGradient 2.2950 tsec 2.5930
#GCMRL#  180 dt 110.976000 rms  0.650  0.031% neg 0  invalid 762 tFOTS 0.0000 tGradient 2.3580 tsec 2.6600
#GCMRL#  181 dt 110.976000 rms  0.650  0.028% neg 0  invalid 762 tFOTS 0.0000 tGradient 2.5300 tsec 2.8350
#GCMRL#  182 dt 110.976000 rms  0.650  0.033% neg 0  invalid 762 tFOTS 0.0000 tGradient 2.4400 tsec 2.7410
#GCMRL#  183 dt 110.976000 rms  0.650  0.026% neg 0  invalid 762 tFOTS 0.0000 tGradient 2.4320 tsec 2.7280
#GCMRL#  184 dt 110.976000 rms  0.650  0.022% neg 0  invalid 762 tFOTS 0.0000 tGradient 2.5670 tsec 2.8660
#GCMRL#  185 dt 110.976000 rms  0.649  0.021% neg 0  invalid 762 tFOTS 0.0000 tGradient 2.5440 tsec 2.8670
#FOTS# QuadFit found better minimum quadopt=(dt=517.888,rms=0.649282) vs oldopt=(dt=369.92,rms=0.649306)
#GCMRL#  186 dt 517.888000 rms  0.649  0.000% neg 0  invalid 762 tFOTS 4.5480 tGradient 2.4090 tsec 7.2980
setting smoothness cost coefficient to 0.031

#GCAMreg# pass 0 level1 4 level2 0 tsec 0 sigma 2
l_jacobian=1.00 l_label=1.00 l_log_likelihood=0.20 l_smoothness=0.03 
tol=5.00e-02, dt=5.00e-02, exp_k=20.0, momentum=0.90, levels=6, niter=500, lbl_dist=10.00, avgs=64, sigma=2.0,type=2, relabel=0, neg=no

blurring input image with Gaussian with sigma=2.000...
GCAMRegisterLevel(): init RMS 0.651823
#FOTS# QuadFit found better minimum quadopt=(dt=114.614,rms=0.649424) vs oldopt=(dt=103.68,rms=0.649428)
#GCMRL#  188 dt 114.614379 rms  0.649  0.368% neg 0  invalid 762 tFOTS 4.2800 tGradient 1.8930 tsec 6.4850
#FOTS# QuadFit found better minimum quadopt=(dt=331.776,rms=0.642546) vs oldopt=(dt=414.72,rms=0.643643)
#GCMRL#  189 dt 331.776000 rms  0.643  1.059% neg 0  invalid 762 tFOTS 4.2460 tGradient 2.0070 tsec 6.5710
#FOTS# QuadFit found better minimum quadopt=(dt=58.9663,rms=0.638285) vs oldopt=(dt=25.92,rms=0.639297)
#GCMRL#  190 dt  58.966292 rms  0.638  0.663% neg 0  invalid 762 tFOTS 4.2760 tGradient 1.9900 tsec 6.5840
#FOTS# QuadFit found better minimum quadopt=(dt=145.152,rms=0.635665) vs oldopt=(dt=103.68,rms=0.636157)
#GCMRL#  191 dt 145.152000 rms  0.636  0.410% neg 0  invalid 762 tFOTS 4.1550 tGradient 1.9930 tsec 6.4760
#FOTS# QuadFit found better minimum quadopt=(dt=99.7209,rms=0.633865) vs oldopt=(dt=103.68,rms=0.633868)
#GCMRL#  192 dt  99.720930 rms  0.634  0.283% neg 0  invalid 762 tFOTS 4.6310 tGradient 2.0050 tsec 6.9720
#FOTS# QuadFit found better minimum quadopt=(dt=88.4251,rms=0.632092) vs oldopt=(dt=103.68,rms=0.632144)
#GCMRL#  193 dt  88.425121 rms  0.632  0.280% neg 0  invalid 762 tFOTS 4.5950 tGradient 2.2850 tsec 7.2090
#FOTS# QuadFit found better minimum quadopt=(dt=85.5771,rms=0.6307) vs oldopt=(dt=103.68,rms=0.630753)
#GCMRL#  194 dt  85.577143 rms  0.631  0.220% neg 0  invalid 762 tFOTS 4.6090 tGradient 1.9770 tsec 6.9210
#GCMRL#  195 dt 103.680000 rms  0.629  0.236% neg 0  invalid 762 tFOTS 4.5510 tGradient 1.9150 tsec 6.8070
#FOTS# QuadFit found better minimum quadopt=(dt=74.7723,rms=0.627977) vs oldopt=(dt=103.68,rms=0.62814)
#GCMRL#  196 dt  74.772277 rms  0.628  0.196% neg 0  invalid 762 tFOTS 4.4790 tGradient 2.0450 tsec 6.8620
#FOTS# QuadFit found better minimum quadopt=(dt=124.416,rms=0.626517) vs oldopt=(dt=103.68,rms=0.626573)
#GCMRL#  197 dt 124.416000 rms  0.627  0.232% neg 0  invalid 762 tFOTS 4.4880 tGradient 1.9920 tsec 6.8110
#FOTS# QuadFit found better minimum quadopt=(dt=63.0986,rms=0.625354) vs oldopt=(dt=103.68,rms=0.625663)
#GCMRL#  198 dt  63.098592 rms  0.625  0.186% neg 0  invalid 762 tFOTS 4.4790 tGradient 1.9770 tsec 6.7880
#FOTS# QuadFit found better minimum quadopt=(dt=145.152,rms=0.623906) vs oldopt=(dt=103.68,rms=0.624167)
#GCMRL#  199 dt 145.152000 rms  0.624  0.231% neg 0  invalid 762 tFOTS 4.4780 tGradient 1.9440 tsec 6.7530
#FOTS# QuadFit found better minimum quadopt=(dt=71.7452,rms=0.622931) vs oldopt=(dt=103.68,rms=0.623087)
#GCMRL#  200 dt  71.745223 rms  0.623  0.156% neg 0  invalid 762 tFOTS 4.4540 tGradient 2.0660 tsec 6.8420
#FOTS# QuadFit found better minimum quadopt=(dt=145.152,rms=0.621734) vs oldopt=(dt=103.68,rms=0.62183)
#GCMRL#  201 dt 145.152000 rms  0.622  0.192% neg 0  invalid 762 tFOTS 4.3660 tGradient 1.9620 tsec 6.6510
#FOTS# QuadFit found better minimum quadopt=(dt=36.288,rms=0.620896) vs oldopt=(dt=25.92,rms=0.621053)
#GCMRL#  202 dt  36.288000 rms  0.621  0.135% neg 0  invalid 762 tFOTS 4.1100 tGradient 1.9290 tsec 6.3610
#GCMRL#  203 dt 414.720000 rms  0.619  0.307% neg 0  invalid 762 tFOTS 4.3680 tGradient 1.9500 tsec 6.6410
#FOTS# QuadFit found better minimum quadopt=(dt=36.288,rms=0.616911) vs oldopt=(dt=25.92,rms=0.617336)
#GCMRL#  204 dt  36.288000 rms  0.617  0.336% neg 0  invalid 762 tFOTS 4.5210 tGradient 2.2620 tsec 7.1180
#FOTS# QuadFit found better minimum quadopt=(dt=124.416,rms=0.615966) vs oldopt=(dt=103.68,rms=0.615983)
#GCMRL#  205 dt 124.416000 rms  0.616  0.153% neg 0  invalid 762 tFOTS 4.6400 tGradient 1.9430 tsec 6.9180
#FOTS# QuadFit found better minimum quadopt=(dt=36.288,rms=0.615404) vs oldopt=(dt=25.92,rms=0.615506)
#GCMRL#  206 dt  36.288000 rms  0.615  0.091% neg 0  invalid 762 tFOTS 4.2080 tGradient 1.8960 tsec 6.4380
#FOTS# QuadFit found better minimum quadopt=(dt=580.608,rms=0.613169) vs oldopt=(dt=414.72,rms=0.613408)
#GCMRL#  207 dt 580.608000 rms  0.613  0.363% neg 0  invalid 762 tFOTS 4.4850 tGradient 1.9060 tsec 6.7210
#FOTS# QuadFit found better minimum quadopt=(dt=36.288,rms=0.611366) vs oldopt=(dt=25.92,rms=0.611742)
#GCMRL#  208 dt  36.288000 rms  0.611  0.294% neg 0  invalid 762 tFOTS 4.4930 tGradient 1.8530 tsec 6.6740
#GCMRL#  209 dt 103.680000 rms  0.611  0.121% neg 0  invalid 762 tFOTS 4.4920 tGradient 1.8610 tsec 6.6830
#FOTS# QuadFit found better minimum quadopt=(dt=62.208,rms=0.610103) vs oldopt=(dt=103.68,rms=0.610262)
#GCMRL#  210 dt  62.208000 rms  0.610  0.085% neg 0  invalid 762 tFOTS 4.2580 tGradient 1.9920 tsec 6.5800
#FOTS# QuadFit found better minimum quadopt=(dt=145.152,rms=0.609504) vs oldopt=(dt=103.68,rms=0.609587)
#GCMRL#  211 dt 145.152000 rms  0.610  0.098% neg 0  invalid 762 tFOTS 4.4760 tGradient 1.8470 tsec 6.6560
#FOTS# QuadFit found better minimum quadopt=(dt=62.208,rms=0.608957) vs oldopt=(dt=103.68,rms=0.609073)
#GCMRL#  212 dt  62.208000 rms  0.609  0.090% neg 0  invalid 762 tFOTS 4.2630 tGradient 1.9060 tsec 6.5000
#FOTS# QuadFit found better minimum quadopt=(dt=145.152,rms=0.608326) vs oldopt=(dt=103.68,rms=0.608421)
#GCMRL#  213 dt 145.152000 rms  0.608  0.104% neg 0  invalid 762 tFOTS 4.5260 tGradient 1.8960 tsec 6.7520
#FOTS# QuadFit found better minimum quadopt=(dt=36.288,rms=0.607935) vs oldopt=(dt=25.92,rms=0.608007)
#GCMRL#  214 dt  36.288000 rms  0.608  0.064% neg 0  invalid 762 tFOTS 4.5160 tGradient 1.8760 tsec 6.7220
#FOTS# QuadFit found better minimum quadopt=(dt=580.608,rms=0.606123) vs oldopt=(dt=414.72,rms=0.606395)
#GCMRL#  215 dt 580.608000 rms  0.606  0.298% neg 0  invalid 762 tFOTS 4.5340 tGradient 1.8740 tsec 6.7360
#FOTS# QuadFit found better minimum quadopt=(dt=36.288,rms=0.605045) vs oldopt=(dt=25.92,rms=0.60526)
#GCMRL#  216 dt  36.288000 rms  0.605  0.178% neg 0  invalid 762 tFOTS 4.5200 tGradient 1.8880 tsec 6.7320
#FOTS# QuadFit found better minimum quadopt=(dt=124.416,rms=0.604601) vs oldopt=(dt=103.68,rms=0.604603)
#GCMRL#  217 dt 124.416000 rms  0.605  0.073% neg 0  invalid 762 tFOTS 4.5270 tGradient 1.9760 tsec 6.8340
#FOTS# QuadFit found better minimum quadopt=(dt=62.208,rms=0.604158) vs oldopt=(dt=103.68,rms=0.604306)
#GCMRL#  218 dt  62.208000 rms  0.604  0.073% neg 0  invalid 762 tFOTS 4.3730 tGradient 2.0070 tsec 6.7490
#FOTS# QuadFit found better minimum quadopt=(dt=145.152,rms=0.603699) vs oldopt=(dt=103.68,rms=0.603752)
#GCMRL#  219 dt 145.152000 rms  0.604  0.076% neg 0  invalid 762 tFOTS 4.2880 tGradient 1.9610 tsec 6.5660
#FOTS# QuadFit found better minimum quadopt=(dt=36.288,rms=0.60339) vs oldopt=(dt=25.92,rms=0.603447)
#GCMRL#  220 dt  36.288000 rms  0.603  0.051% neg 0  invalid 762 tFOTS 4.2460 tGradient 1.8630 tsec 6.4300
#FOTS# QuadFit found better minimum quadopt=(dt=497.664,rms=0.602363) vs oldopt=(dt=414.72,rms=0.602413)
#GCMRL#  221 dt 497.664000 rms  0.602  0.170% neg 0  invalid 762 tFOTS 4.1850 tGradient 1.8800 tsec 6.3830
#FOTS# QuadFit found better minimum quadopt=(dt=36.288,rms=0.601551) vs oldopt=(dt=25.92,rms=0.601713)
#GCMRL#  222 dt  36.288000 rms  0.602  0.135% neg 0  invalid 762 tFOTS 3.9080 tGradient 1.7910 tsec 6.0030
#FOTS# QuadFit found better minimum quadopt=(dt=124.416,rms=0.60114) vs oldopt=(dt=103.68,rms=0.601156)
#GCMRL#  223 dt 124.416000 rms  0.601  0.068% neg 0  invalid 762 tFOTS 4.2370 tGradient 1.8060 tsec 6.3560
#FOTS# QuadFit found better minimum quadopt=(dt=62.208,rms=0.600891) vs oldopt=(dt=103.68,rms=0.600958)
#GCMRL#  224 dt  62.208000 rms  0.601  0.000% neg 0  invalid 762 tFOTS 3.9510 tGradient 1.8540 tsec 6.1320
#GCMRL#  225 dt  62.208000 rms  0.601  0.038% neg 0  invalid 762 tFOTS 0.0000 tGradient 1.8670 tsec 2.1480
#GCMRL#  226 dt  62.208000 rms  0.600  0.064% neg 0  invalid 762 tFOTS 0.0000 tGradient 1.8990 tsec 2.2010
#GCMRL#  227 dt  62.208000 rms  0.600  0.093% neg 0  invalid 762 tFOTS 0.0000 tGradient 1.8930 tsec 2.1740
#GCMRL#  228 dt  62.208000 rms  0.599  0.098% neg 0  invalid 762 tFOTS 0.0000 tGradient 1.8400 tsec 2.1290
#GCMRL#  229 dt  62.208000 rms  0.598  0.127% neg 0  invalid 762 tFOTS 0.0000 tGradient 1.8820 tsec 2.1850
#GCMRL#  230 dt  62.208000 rms  0.598  0.141% neg 0  invalid 762 tFOTS 0.0000 tGradient 1.8590 tsec 2.1590
#GCMRL#  231 dt  62.208000 rms  0.597  0.151% neg 0  invalid 762 tFOTS 0.0000 tGradient 1.8590 tsec 2.1620
#GCMRL#  232 dt  62.208000 rms  0.596  0.154% neg 0  invalid 762 tFOTS 0.0000 tGradient 1.8490 tsec 2.1560
#GCMRL#  233 dt  62.208000 rms  0.595  0.157% neg 0  invalid 762 tFOTS 0.0000 tGradient 1.8360 tsec 2.1380
#GCMRL#  234 dt  62.208000 rms  0.594  0.157% neg 0  invalid 762 tFOTS 0.0000 tGradient 1.8260 tsec 2.1220
#GCMRL#  235 dt  62.208000 rms  0.593  0.144% neg 0  invalid 762 tFOTS 0.0000 tGradient 1.9320 tsec 2.2120
#GCMRL#  236 dt  62.208000 rms  0.592  0.141% neg 0  invalid 762 tFOTS 0.0000 tGradient 2.2660 tsec 2.5700
#GCMRL#  237 dt  62.208000 rms  0.591  0.143% neg 0  invalid 762 tFOTS 0.0000 tGradient 1.8230 tsec 2.1190
#GCMRL#  238 dt  62.208000 rms  0.590  0.142% neg 0  invalid 762 tFOTS 0.0000 tGradient 1.8610 tsec 2.1410
#GCMRL#  239 dt  62.208000 rms  0.590  0.138% neg 0  invalid 762 tFOTS 0.0000 tGradient 1.8760 tsec 2.1760
#GCMRL#  240 dt  62.208000 rms  0.589  0.125% neg 0  invalid 762 tFOTS 0.0000 tGradient 1.8660 tsec 2.1710
#GCMRL#  241 dt  62.208000 rms  0.588  0.114% neg 0  invalid 762 tFOTS 0.0000 tGradient 1.8680 tsec 2.1470
#GCMRL#  242 dt  62.208000 rms  0.588  0.106% neg 0  invalid 762 tFOTS 0.0000 tGradient 1.9520 tsec 2.2520
#GCMRL#  243 dt  62.208000 rms  0.587  0.110% neg 0  invalid 762 tFOTS 0.0000 tGradient 1.8750 tsec 2.1540
#GCMRL#  244 dt  62.208000 rms  0.586  0.115% neg 0  invalid 762 tFOTS 0.0000 tGradient 1.8220 tsec 2.1030
#GCMRL#  245 dt  62.208000 rms  0.586  0.106% neg 0  invalid 762 tFOTS 0.0000 tGradient 1.9800 tsec 2.2820
#GCMRL#  246 dt  62.208000 rms  0.585  0.096% neg 0  invalid 762 tFOTS 0.0000 tGradient 1.8980 tsec 2.2000
#GCMRL#  247 dt  62.208000 rms  0.585  0.081% neg 0  invalid 762 tFOTS 0.0000 tGradient 1.8710 tsec 2.1470
#GCMRL#  248 dt  62.208000 rms  0.584  0.081% neg 0  invalid 762 tFOTS 0.0000 tGradient 1.8630 tsec 2.1510
#GCMRL#  249 dt  62.208000 rms  0.584  0.096% neg 0  invalid 762 tFOTS 0.0000 tGradient 2.0200 tsec 2.2990
#GCMRL#  250 dt  62.208000 rms  0.583  0.101% neg 0  invalid 762 tFOTS 0.0000 tGradient 1.9720 tsec 2.2690
#GCMRL#  251 dt  62.208000 rms  0.582  0.096% neg 0  invalid 762 tFOTS 0.0000 tGradient 1.8900 tsec 2.2010
#GCMRL#  252 dt  62.208000 rms  0.582  0.088% neg 0  invalid 762 tFOTS 0.0000 tGradient 1.9020 tsec 2.2080
#GCMRL#  253 dt  62.208000 rms  0.582  0.073% neg 0  invalid 762 tFOTS 0.0000 tGradient 1.9770 tsec 2.2730
#GCMRL#  254 dt  62.208000 rms  0.581  0.075% neg 0  invalid 762 tFOTS 0.0000 tGradient 1.9640 tsec 2.2710
#GCMRL#  255 dt  62.208000 rms  0.581  0.088% neg 0  invalid 762 tFOTS 0.0000 tGradient 2.0430 tsec 2.3480
#GCMRL#  256 dt  62.208000 rms  0.580  0.093% neg 0  invalid 762 tFOTS 0.0000 tGradient 1.9410 tsec 2.2480
#GCMRL#  257 dt  62.208000 rms  0.580  0.084% neg 0  invalid 762 tFOTS 0.0000 tGradient 1.9850 tsec 2.2950
#GCMRL#  258 dt  62.208000 rms  0.579  0.062% neg 0  invalid 762 tFOTS 0.0000 tGradient 1.9640 tsec 2.2580
#GCMRL#  259 dt  62.208000 rms  0.579  0.044% neg 0  invalid 762 tFOTS 0.0000 tGradient 1.9480 tsec 2.2500
#GCMRL#  260 dt  62.208000 rms  0.579  0.055% neg 0  invalid 762 tFOTS 0.0000 tGradient 1.9620 tsec 2.2570
#GCMRL#  261 dt  62.208000 rms  0.578  0.062% neg 0  invalid 762 tFOTS 0.0000 tGradient 1.9440 tsec 2.2360
#GCMRL#  262 dt  62.208000 rms  0.578  0.076% neg 0  invalid 762 tFOTS 0.0000 tGradient 1.9980 tsec 2.2930
#GCMRL#  263 dt  62.208000 rms  0.577  0.063% neg 0  invalid 762 tFOTS 0.0000 tGradient 1.9030 tsec 2.2090
#GCMRL#  264 dt  62.208000 rms  0.577  0.051% neg 0  invalid 762 tFOTS 0.0000 tGradient 1.9240 tsec 2.2300
#GCMRL#  265 dt  62.208000 rms  0.577  0.051% neg 0  invalid 762 tFOTS 0.0000 tGradient 1.9340 tsec 2.2280
#GCMRL#  266 dt  62.208000 rms  0.577  0.043% neg 0  invalid 762 tFOTS 0.0000 tGradient 1.8540 tsec 2.1540
#GCMRL#  267 dt  62.208000 rms  0.576  0.043% neg 0  invalid 762 tFOTS 0.0000 tGradient 1.9410 tsec 2.2390
#GCMRL#  268 dt  62.208000 rms  0.576  0.049% neg 0  invalid 762 tFOTS 0.0000 tGradient 1.9830 tsec 2.2900
#GCMRL#  269 dt  62.208000 rms  0.576  0.044% neg 0  invalid 762 tFOTS 0.0000 tGradient 1.8970 tsec 2.1960
#GCMRL#  270 dt  62.208000 rms  0.576  0.045% neg 0  invalid 762 tFOTS 0.0000 tGradient 1.8920 tsec 2.1980
#GCMRL#  271 dt  62.208000 rms  0.575  0.043% neg 0  invalid 762 tFOTS 0.0000 tGradient 2.1830 tsec 2.5330
#GCMRL#  272 dt  62.208000 rms  0.575  0.051% neg 0  invalid 762 tFOTS 0.0000 tGradient 2.2000 tsec 2.5060
#GCMRL#  273 dt  62.208000 rms  0.575  0.035% neg 0  invalid 762 tFOTS 0.0000 tGradient 1.9530 tsec 2.2620
#GCMRL#  274 dt  62.208000 rms  0.575  0.026% neg 0  invalid 762 tFOTS 0.0000 tGradient 1.8820 tsec 2.1930
#GCMRL#  275 dt  62.208000 rms  0.574  0.033% neg 0  invalid 762 tFOTS 0.0000 tGradient 1.9280 tsec 2.2380
#GCMRL#  276 dt  62.208000 rms  0.574  0.039% neg 0  invalid 762 tFOTS 0.0000 tGradient 2.0390 tsec 2.3420
#GCMRL#  277 dt  62.208000 rms  0.574  0.044% neg 0  invalid 762 tFOTS 0.0000 tGradient 1.9800 tsec 2.2850
#GCMRL#  278 dt  62.208000 rms  0.574  0.052% neg 0  invalid 762 tFOTS 0.0000 tGradient 1.8840 tsec 2.1850
#GCMRL#  279 dt  62.208000 rms  0.574  0.033% neg 0  invalid 762 tFOTS 0.0000 tGradient 2.0370 tsec 2.3430
#GCMRL#  280 dt  62.208000 rms  0.573  0.033% neg 0  invalid 762 tFOTS 0.0000 tGradient 1.8940 tsec 2.1990
#GCMRL#  281 dt  62.208000 rms  0.573  0.025% neg 0  invalid 762 tFOTS 0.0000 tGradient 2.1150 tsec 2.4270
#GCMRL#  282 dt  62.208000 rms  0.573  0.031% neg 0  invalid 762 tFOTS 0.0000 tGradient 1.9690 tsec 2.2720
#GCMRL#  283 dt  62.208000 rms  0.573  0.033% neg 0  invalid 762 tFOTS 0.0000 tGradient 1.8940 tsec 2.2040
#GCMRL#  284 dt  62.208000 rms  0.573  0.035% neg 0  invalid 762 tFOTS 0.0000 tGradient 1.9130 tsec 2.2110
#GCMRL#  285 dt  62.208000 rms  0.572  0.042% neg 0  invalid 762 tFOTS 0.0000 tGradient 1.9120 tsec 2.2200
#GCMRL#  286 dt  62.208000 rms  0.572  0.038% neg 0  invalid 762 tFOTS 0.0000 tGradient 1.8990 tsec 2.2020
#GCMRL#  287 dt  62.208000 rms  0.572  0.030% neg 0  invalid 762 tFOTS 0.0000 tGradient 2.0450 tsec 2.3520
#GCMRL#  288 dt  62.208000 rms  0.572  0.031% neg 0  invalid 762 tFOTS 0.0000 tGradient 1.9440 tsec 2.2530
#GCMRL#  289 dt  62.208000 rms  0.572  0.022% neg 0  invalid 762 tFOTS 0.0000 tGradient 1.9050 tsec 2.2100
#GCMRL#  290 dt  62.208000 rms  0.572  0.026% neg 0  invalid 762 tFOTS 0.0000 tGradient 1.9560 tsec 2.2600
#GCMRL#  291 dt  62.208000 rms  0.571  0.031% neg 0  invalid 762 tFOTS 0.0000 tGradient 1.8820 tsec 2.1890
#GCMRL#  292 dt  62.208000 rms  0.571  0.034% neg 0  invalid 762 tFOTS 0.0000 tGradient 1.9950 tsec 2.2980
#GCMRL#  293 dt  62.208000 rms  0.571  0.026% neg 0  invalid 762 tFOTS 0.0000 tGradient 1.9010 tsec 2.2060
#GCMRL#  294 dt  62.208000 rms  0.571  0.029% neg 0  invalid 762 tFOTS 0.0000 tGradient 1.8970 tsec 2.2020
#GCMRL#  295 dt  62.208000 rms  0.571  0.018% neg 0  invalid 762 tFOTS 0.0000 tGradient 1.9150 tsec 2.2240
#GCMRL#  296 dt  62.208000 rms  0.571  0.032% neg 0  invalid 762 tFOTS 0.0000 tGradient 1.9720 tsec 2.2710
#GCMRL#  297 dt  62.208000 rms  0.570  0.032% neg 0  invalid 762 tFOTS 0.0000 tGradient 1.8770 tsec 2.1830
#GCMRL#  298 dt  62.208000 rms  0.570  0.029% neg 0  invalid 762 tFOTS 0.0000 tGradient 1.8970 tsec 2.2040
#GCMRL#  299 dt  62.208000 rms  0.570  0.038% neg 0  invalid 762 tFOTS 0.0000 tGradient 1.9020 tsec 2.2100
#GCMRL#  300 dt  62.208000 rms  0.570  0.022% neg 0  invalid 762 tFOTS 0.0000 tGradient 2.0050 tsec 2.3120
#GCMRL#  301 dt  62.208000 rms  0.570  0.024% neg 0  invalid 762 tFOTS 0.0000 tGradient 1.9080 tsec 2.2110
#GCMRL#  302 dt  62.208000 rms  0.570  0.018% neg 0  invalid 762 tFOTS 0.0000 tGradient 2.0290 tsec 2.3470
#FOTS# QuadFit found better minimum quadopt=(dt=36.288,rms=0.569551) vs oldopt=(dt=25.92,rms=0.569563)
#GCMRL#  303 dt  36.288000 rms  0.570  0.000% neg 0  invalid 762 tFOTS 4.2810 tGradient 1.9210 tsec 6.5460
#GCMRL#  304 dt  36.288000 rms  0.570  0.005% neg 0  invalid 762 tFOTS 0.0000 tGradient 1.9010 tsec 2.2070
#GCMRL#  305 dt  36.288000 rms  0.569  0.006% neg 0  invalid 762 tFOTS 0.0000 tGradient 2.0420 tsec 2.3410
#GCMRL#  306 dt  36.288000 rms  0.569  0.008% neg 0  invalid 762 tFOTS 0.0000 tGradient 1.9120 tsec 2.2240
#GCMRL#  307 dt  36.288000 rms  0.569  0.004% neg 0  invalid 762 tFOTS 0.0000 tGradient 2.0380 tsec 2.3460
#GCMRL#  308 dt  36.288000 rms  0.569  0.010% neg 0  invalid 762 tFOTS 0.0000 tGradient 2.0750 tsec 2.3740

#GCAMreg# pass 0 level1 4 level2 1 tsec 452.133 sigma 0.5
l_jacobian=1.00 l_label=1.00 l_log_likelihood=0.20 l_smoothness=0.03 
tol=5.00e-02, dt=5.00e-02, exp_k=20.0, momentum=0.90, levels=6, niter=500, lbl_dist=10.00, avgs=64, sigma=0.5,type=2, relabel=0, neg=no

blurring input image with Gaussian with sigma=0.500...
GCAMRegisterLevel(): init RMS 0.569856
#FOTS# QuadFit found better minimum quadopt=(dt=123.224,rms=0.567367) vs oldopt=(dt=103.68,rms=0.567404)
#GCMRL#  310 dt 123.223881 rms  0.567  0.437% neg 0  invalid 762 tFOTS 4.5690 tGradient 2.1100 tsec 7.0000
#FOTS# QuadFit found better minimum quadopt=(dt=82.944,rms=0.566742) vs oldopt=(dt=103.68,rms=0.566831)
#GCMRL#  311 dt  82.944000 rms  0.567  0.110% neg 0  invalid 762 tFOTS 4.0220 tGradient 1.9030 tsec 6.2510
#FOTS# QuadFit found better minimum quadopt=(dt=82.944,rms=0.566339) vs oldopt=(dt=103.68,rms=0.566351)
#GCMRL#  312 dt  82.944000 rms  0.566  0.071% neg 0  invalid 762 tFOTS 4.2930 tGradient 1.9140 tsec 6.5220
#FOTS# QuadFit found better minimum quadopt=(dt=82.944,rms=0.566081) vs oldopt=(dt=103.68,rms=0.566101)
#GCMRL#  313 dt  82.944000 rms  0.566  0.000% neg 0  invalid 762 tFOTS 4.2640 tGradient 2.1460 tsec 6.7520
#GCMRL#  314 dt  82.944000 rms  0.566  0.042% neg 0  invalid 762 tFOTS 0.0000 tGradient 2.0230 tsec 2.3280
#GCMRL#  315 dt  82.944000 rms  0.565  0.062% neg 0  invalid 762 tFOTS 0.0000 tGradient 1.9150 tsec 2.2280
#GCMRL#  316 dt  82.944000 rms  0.565  0.065% neg 0  invalid 762 tFOTS 0.0000 tGradient 1.9330 tsec 2.2460
#GCMRL#  317 dt  82.944000 rms  0.565  0.050% neg 0  invalid 762 tFOTS 0.0000 tGradient 2.0240 tsec 2.3390
#GCMRL#  318 dt  82.944000 rms  0.565  0.049% neg 0  invalid 762 tFOTS 0.0000 tGradient 1.9630 tsec 2.2790
#GCMRL#  319 dt  82.944000 rms  0.564  0.032% neg 0  invalid 762 tFOTS 0.0000 tGradient 1.9700 tsec 2.2800
#GCMRL#  320 dt  82.944000 rms  0.564  0.041% neg 0  invalid 762 tFOTS 0.0000 tGradient 1.9090 tsec 2.2230
#GCMRL#  321 dt  82.944000 rms  0.564  0.048% neg 0  invalid 762 tFOTS 0.0000 tGradient 1.9980 tsec 2.3140
#GCMRL#  322 dt  82.944000 rms  0.564  0.058% neg 0  invalid 762 tFOTS 0.0000 tGradient 2.0380 tsec 2.3600
#GCMRL#  323 dt  82.944000 rms  0.563  0.065% neg 0  invalid 762 tFOTS 0.0000 tGradient 1.9930 tsec 2.3530
#GCMRL#  324 dt  82.944000 rms  0.563  0.048% neg 0  invalid 762 tFOTS 0.0000 tGradient 1.9920 tsec 2.3060
#GCMRL#  325 dt  82.944000 rms  0.562  0.079% neg 0  invalid 762 tFOTS 0.0000 tGradient 1.9590 tsec 2.2680
#GCMRL#  326 dt  82.944000 rms  0.562  0.065% neg 0  invalid 762 tFOTS 0.0000 tGradient 1.9900 tsec 2.2920
#GCMRL#  327 dt  82.944000 rms  0.562  0.062% neg 0  invalid 762 tFOTS 0.0000 tGradient 1.9970 tsec 2.2960
#GCMRL#  328 dt  82.944000 rms  0.562  0.025% neg 0  invalid 762 tFOTS 0.0000 tGradient 2.0070 tsec 2.3070
#GCMRL#  329 dt  82.944000 rms  0.561  0.043% neg 0  invalid 762 tFOTS 0.0000 tGradient 1.9900 tsec 2.2950
#GCMRL#  330 dt  82.944000 rms  0.561  0.048% neg 0  invalid 762 tFOTS 0.0000 tGradient 1.9900 tsec 2.2920
#GCMRL#  331 dt  82.944000 rms  0.561  0.042% neg 0  invalid 762 tFOTS 0.0000 tGradient 1.9840 tsec 2.2830
#GCMRL#  332 dt  82.944000 rms  0.561  0.041% neg 0  invalid 762 tFOTS 0.0000 tGradient 2.0180 tsec 2.3170
#GCMRL#  333 dt  82.944000 rms  0.560  0.052% neg 0  invalid 762 tFOTS 0.0000 tGradient 1.9970 tsec 2.3250
#GCMRL#  334 dt  82.944000 rms  0.560  0.054% neg 0  invalid 762 tFOTS 0.0000 tGradient 1.9810 tsec 2.2820
#GCMRL#  335 dt  82.944000 rms  0.560  0.071% neg 0  invalid 762 tFOTS 0.0000 tGradient 2.0490 tsec 2.3690
#GCMRL#  336 dt  82.944000 rms  0.559  0.036% neg 0  invalid 762 tFOTS 0.0000 tGradient 2.0330 tsec 2.3510
#GCMRL#  337 dt  82.944000 rms  0.559  0.028% neg 0  invalid 762 tFOTS 0.0000 tGradient 1.9770 tsec 2.2980
#GCMRL#  338 dt  82.944000 rms  0.559  0.035% neg 0  invalid 762 tFOTS 0.0000 tGradient 2.0570 tsec 2.3740
#GCMRL#  339 dt  82.944000 rms  0.559  0.037% neg 0  invalid 762 tFOTS 0.0000 tGradient 1.9020 tsec 2.2210
#GCMRL#  340 dt  82.944000 rms  0.559  0.029% neg 0  invalid 762 tFOTS 0.0000 tGradient 1.9780 tsec 2.2770
#GCMRL#  341 dt  82.944000 rms  0.559  0.040% neg 0  invalid 762 tFOTS 0.0000 tGradient 1.9800 tsec 2.2780
#GCMRL#  342 dt  82.944000 rms  0.558  0.025% neg 0  invalid 762 tFOTS 0.0000 tGradient 2.0180 tsec 2.3170
#GCMRL#  343 dt  82.944000 rms  0.558  0.025% neg 0  invalid 762 tFOTS 0.0000 tGradient 1.9380 tsec 2.2390
#GCMRL#  344 dt  82.944000 rms  0.558  0.017% neg 0  invalid 762 tFOTS 0.0000 tGradient 1.9220 tsec 2.2180
#GCMRL#  345 dt  82.944000 rms  0.558  0.021% neg 0  invalid 762 tFOTS 0.0000 tGradient 1.9260 tsec 2.2400
#GCMRL#  346 dt  82.944000 rms  0.558  0.014% neg 0  invalid 762 tFOTS 0.0000 tGradient 1.9310 tsec 2.2590
#FOTS# QuadFit found better minimum quadopt=(dt=62.208,rms=0.557766) vs oldopt=(dt=103.68,rms=0.557802)
#GCMRL#  347 dt  62.208000 rms  0.558  0.030% neg 0  invalid 762 tFOTS 4.1310 tGradient 2.0260 tsec 6.4660
#FOTS# QuadFit found better minimum quadopt=(dt=82.944,rms=0.557697) vs oldopt=(dt=103.68,rms=0.557697)
#GCMRL#  348 dt  82.944000 rms  0.558  0.000% neg 0  invalid 762 tFOTS 4.1180 tGradient 1.9190 tsec 6.3690
#GCMRL#  349 dt  82.944000 rms  0.558  0.013% neg 0  invalid 762 tFOTS 0.0000 tGradient 1.9380 tsec 2.2340
#GCMRL#  350 dt  82.944000 rms  0.558  0.002% neg 0  invalid 762 tFOTS 0.0000 tGradient 1.8940 tsec 2.1920
#GCMRL#  351 dt  82.944000 rms  0.558  0.011% neg 0  invalid 762 tFOTS 0.0000 tGradient 1.9310 tsec 2.2330
#GCMRL#  352 dt  82.944000 rms  0.557  0.012% neg 0  invalid 762 tFOTS 0.0000 tGradient 1.9270 tsec 2.2300
#GCMRL#  353 dt  82.944000 rms  0.557  0.013% neg 0  invalid 762 tFOTS 0.0000 tGradient 1.9380 tsec 2.2400
setting smoothness cost coefficient to 0.118

#GCAMreg# pass 0 level1 3 level2 0 tsec 0 sigma 2
l_jacobian=1.00 l_label=1.00 l_log_likelihood=0.20 l_smoothness=0.12 
tol=5.00e-02, dt=5.00e-02, exp_k=20.0, momentum=0.90, levels=6, niter=500, lbl_dist=10.00, avgs=16, sigma=2.0,type=2, relabel=0, neg=no

blurring input image with Gaussian with sigma=2.000...
GCAMRegisterLevel(): init RMS 0.569757
#FOTS# QuadFit found better minimum quadopt=(dt=11.2,rms=0.568835) vs oldopt=(dt=8,rms=0.568901)
#GCMRL#  355 dt  11.200000 rms  0.569  0.162% neg 0  invalid 762 tFOTS 4.6770 tGradient 2.1040 tsec 7.1190
#FOTS# QuadFit found better minimum quadopt=(dt=11.2,rms=0.568586) vs oldopt=(dt=8,rms=0.568627)
#GCMRL#  356 dt  11.200000 rms  0.569  0.000% neg 0  invalid 762 tFOTS 4.5780 tGradient 1.7350 tsec 6.6720
#GCMRL#  357 dt  11.200000 rms  0.568  0.039% neg 0  invalid 762 tFOTS 0.0000 tGradient 1.7400 tsec 2.0690
#GCMRL#  358 dt  11.200000 rms  0.568  0.025% neg 0  invalid 762 tFOTS 0.0000 tGradient 1.6740 tsec 2.0010
#GCMRL#  359 dt  11.200000 rms  0.568 -0.003% neg 0  invalid 762 tFOTS 0.0000 tGradient 1.9320 tsec 2.5000
#FOTS# QuadFit found better minimum quadopt=(dt=44.8,rms=0.567049) vs oldopt=(dt=32,rms=0.567257)
#GCMRL#  360 dt  44.800000 rms  0.567  0.203% neg 0  invalid 762 tFOTS 4.4840 tGradient 1.6800 tsec 6.4950
#FOTS# QuadFit found better minimum quadopt=(dt=179.2,rms=0.563604) vs oldopt=(dt=128,rms=0.563809)
#GCMRL#  361 dt 179.200000 rms  0.564  0.607% neg 0  invalid 762 tFOTS 4.2270 tGradient 1.6120 tsec 6.1710
#FOTS# QuadFit found better minimum quadopt=(dt=44.8,rms=0.561027) vs oldopt=(dt=32,rms=0.561259)
#GCMRL#  362 dt  44.800000 rms  0.561  0.457% neg 0  invalid 762 tFOTS 4.5240 tGradient 1.6350 tsec 6.4890
#FOTS# QuadFit found better minimum quadopt=(dt=44.8,rms=0.559272) vs oldopt=(dt=32,rms=0.559357)
#GCMRL#  363 dt  44.800000 rms  0.559  0.313% neg 0  invalid 762 tFOTS 4.4880 tGradient 1.5720 tsec 6.3950
#FOTS# QuadFit found better minimum quadopt=(dt=44.8,rms=0.557577) vs oldopt=(dt=32,rms=0.557692)
#GCMRL#  364 dt  44.800000 rms  0.558  0.303% neg 0  invalid 762 tFOTS 4.4950 tGradient 1.6030 tsec 6.4310
#FOTS# QuadFit found better minimum quadopt=(dt=44.8,rms=0.556326) vs oldopt=(dt=32,rms=0.55638)
#GCMRL#  365 dt  44.800000 rms  0.556  0.224% neg 0  invalid 762 tFOTS 4.4810 tGradient 1.5820 tsec 6.3890
#GCMRL#  366 dt  32.000000 rms  0.555  0.181% neg 0  invalid 762 tFOTS 4.4710 tGradient 1.6110 tsec 6.4050
#FOTS# QuadFit found better minimum quadopt=(dt=44.8,rms=0.554234) vs oldopt=(dt=32,rms=0.554386)
#GCMRL#  367 dt  44.800000 rms  0.554  0.195% neg 0  invalid 762 tFOTS 4.4750 tGradient 1.6040 tsec 6.4060
#FOTS# QuadFit found better minimum quadopt=(dt=25.6,rms=0.55364) vs oldopt=(dt=32,rms=0.553651)
#GCMRL#  368 dt  25.600000 rms  0.554  0.107% neg 0  invalid 762 tFOTS 4.4870 tGradient 1.6140 tsec 6.4280
#FOTS# QuadFit found better minimum quadopt=(dt=44.8,rms=0.552768) vs oldopt=(dt=32,rms=0.552918)
#GCMRL#  369 dt  44.800000 rms  0.553  0.157% neg 0  invalid 762 tFOTS 4.1890 tGradient 1.5470 tsec 6.0690
#GCMRL#  370 dt  32.000000 rms  0.552  0.099% neg 0  invalid 762 tFOTS 4.2450 tGradient 1.6880 tsec 6.2590
#FOTS# QuadFit found better minimum quadopt=(dt=38.4,rms=0.551521) vs oldopt=(dt=32,rms=0.551528)
#GCMRL#  371 dt  38.400000 rms  0.552  0.127% neg 0  invalid 762 tFOTS 4.0980 tGradient 1.6020 tsec 6.0270
#FOTS# QuadFit found better minimum quadopt=(dt=25.6,rms=0.551011) vs oldopt=(dt=32,rms=0.551057)
#GCMRL#  372 dt  25.600000 rms  0.551  0.093% neg 0  invalid 762 tFOTS 4.2000 tGradient 1.8060 tsec 6.3400
#FOTS# QuadFit found better minimum quadopt=(dt=11.2,rms=0.550716) vs oldopt=(dt=8,rms=0.55079)
#GCMRL#  373 dt  11.200000 rms  0.551  0.053% neg 0  invalid 762 tFOTS 3.9590 tGradient 1.5960 tsec 5.8860
#FOTS# QuadFit found better minimum quadopt=(dt=2.8,rms=0.550672) vs oldopt=(dt=2,rms=0.550687)
#GCMRL#  374 dt   2.800000 rms  0.551  0.000% neg 0  invalid 762 tFOTS 3.6730 tGradient 1.5650 tsec 5.5950
#GCMRL#  375 dt   1.400000 rms  0.551  0.005% neg 0  invalid 762 tFOTS 0.0000 tGradient 1.5830 tsec 2.2140
#GCMRL#  376 dt   0.175000 rms  0.551  0.000% neg 0  invalid 762 tFOTS 0.0000 tGradient 1.6500 tsec 2.5810
#GCMRL#  377 dt   0.087500 rms  0.551  0.000% neg 0  invalid 762 tFOTS 0.0000 tGradient 1.6130 tsec 2.2720
#FOTS# QuadFit found better minimum quadopt=(dt=0.0109375,rms=0.550644) vs oldopt=(dt=0.0078125,rms=0.550644)

#GCAMreg# pass 0 level1 3 level2 1 tsec 136.306 sigma 0.5
l_jacobian=1.00 l_label=1.00 l_log_likelihood=0.20 l_smoothness=0.12 
tol=5.00e-02, dt=5.00e-02, exp_k=20.0, momentum=0.90, levels=6, niter=500, lbl_dist=10.00, avgs=16, sigma=0.5,type=2, relabel=0, neg=no

blurring input image with Gaussian with sigma=0.500...
GCAMRegisterLevel(): init RMS 0.551029
#FOTS# QuadFit found better minimum quadopt=(dt=61.6774,rms=0.547661) vs oldopt=(dt=32,rms=0.548131)
#GCMRL#  379 dt  61.677419 rms  0.548  0.611% neg 0  invalid 762 tFOTS 4.4950 tGradient 1.6440 tsec 6.4430
#GCMRL#  380 dt  32.000000 rms  0.546  0.226% neg 0  invalid 762 tFOTS 4.0460 tGradient 1.7290 tsec 6.1260
#FOTS# QuadFit found better minimum quadopt=(dt=38.4,rms=0.545727) vs oldopt=(dt=32,rms=0.545758)
#GCMRL#  381 dt  38.400000 rms  0.546  0.127% neg 0  invalid 762 tFOTS 4.1810 tGradient 1.7000 tsec 6.1880
#GCMRL#  382 dt  32.000000 rms  0.545  0.117% neg 0  invalid 762 tFOTS 4.0220 tGradient 1.6090 tsec 5.9330
#GCMRL#  383 dt  32.000000 rms  0.545  0.097% neg 0  invalid 762 tFOTS 4.0220 tGradient 1.5670 tsec 5.8940
#GCMRL#  384 dt  32.000000 rms  0.544  0.089% neg 0  invalid 762 tFOTS 4.1150 tGradient 1.6360 tsec 6.0710
#FOTS# QuadFit found better minimum quadopt=(dt=38.4,rms=0.543517) vs oldopt=(dt=32,rms=0.543533)
#GCMRL#  385 dt  38.400000 rms  0.544  0.103% neg 0  invalid 762 tFOTS 4.0250 tGradient 1.6130 tsec 5.9410
#GCMRL#  386 dt  32.000000 rms  0.543  0.082% neg 0  invalid 762 tFOTS 4.2210 tGradient 1.6040 tsec 6.1570
#GCMRL#  387 dt  32.000000 rms  0.543  0.086% neg 0  invalid 762 tFOTS 4.2430 tGradient 1.4950 tsec 6.0660
#GCMRL#  388 dt  32.000000 rms  0.542  0.084% neg 0  invalid 762 tFOTS 4.6060 tGradient 1.5400 tsec 6.5320
#GCMRL#  389 dt  32.000000 rms  0.542  0.068% neg 0  invalid 762 tFOTS 4.5000 tGradient 1.8770 tsec 6.7000
#FOTS# QuadFit found better minimum quadopt=(dt=38.4,rms=0.54139) vs oldopt=(dt=32,rms=0.541403)
#GCMRL#  390 dt  38.400000 rms  0.541  0.072% neg 0  invalid 762 tFOTS 4.4680 tGradient 1.5790 tsec 6.3600
#FOTS# QuadFit found better minimum quadopt=(dt=25.6,rms=0.541045) vs oldopt=(dt=32,rms=0.541055)
#GCMRL#  391 dt  25.600000 rms  0.541  0.064% neg 0  invalid 762 tFOTS 4.2330 tGradient 1.6020 tsec 6.1480
#FOTS# QuadFit found better minimum quadopt=(dt=44.8,rms=0.54067) vs oldopt=(dt=32,rms=0.540724)
#GCMRL#  392 dt  44.800000 rms  0.541  0.069% neg 0  invalid 762 tFOTS 4.2240 tGradient 1.5950 tsec 6.1310
#FOTS# QuadFit found better minimum quadopt=(dt=25.6,rms=0.540333) vs oldopt=(dt=32,rms=0.54035)
#GCMRL#  393 dt  25.600000 rms  0.540  0.062% neg 0  invalid 762 tFOTS 4.2250 tGradient 1.5580 tsec 6.0960
#FOTS# QuadFit found better minimum quadopt=(dt=38.4,rms=0.540057) vs oldopt=(dt=32,rms=0.540065)
#GCMRL#  394 dt  38.400000 rms  0.540  0.051% neg 0  invalid 762 tFOTS 3.9880 tGradient 1.5680 tsec 5.8710
#FOTS# QuadFit found better minimum quadopt=(dt=25.6,rms=0.539709) vs oldopt=(dt=32,rms=0.539725)
#GCMRL#  395 dt  25.600000 rms  0.540  0.065% neg 0  invalid 762 tFOTS 4.2050 tGradient 1.5500 tsec 6.0660
#FOTS# QuadFit found better minimum quadopt=(dt=38.4,rms=0.539412) vs oldopt=(dt=32,rms=0.539421)
#GCMRL#  396 dt  38.400000 rms  0.539  0.055% neg 0  invalid 762 tFOTS 4.0920 tGradient 1.6200 tsec 6.0260
#GCMRL#  397 dt  32.000000 rms  0.539  0.066% neg 0  invalid 762 tFOTS 4.2660 tGradient 1.6200 tsec 6.2000
#FOTS# QuadFit found better minimum quadopt=(dt=25.6,rms=0.538803) vs oldopt=(dt=32,rms=0.538804)
#GCMRL#  398 dt  25.600000 rms  0.539  0.000% neg 0  invalid 762 tFOTS 4.2230 tGradient 1.5460 tsec 6.1090
#GCMRL#  399 dt  25.600000 rms  0.539  0.056% neg 0  invalid 762 tFOTS 0.0000 tGradient 1.5690 tsec 1.8940
#GCMRL#  400 dt  25.600000 rms  0.538  0.071% neg 0  invalid 762 tFOTS 0.0000 tGradient 1.5520 tsec 1.8530
#GCMRL#  401 dt  25.600000 rms  0.538  0.110% neg 0  invalid 762 tFOTS 0.0000 tGradient 1.5400 tsec 1.8430
#GCMRL#  402 dt  25.600000 rms  0.537  0.144% neg 0  invalid 762 tFOTS 0.0000 tGradient 1.7200 tsec 2.0200
#GCMRL#  403 dt  25.600000 rms  0.536  0.172% neg 0  invalid 762 tFOTS 0.0000 tGradient 1.5170 tsec 1.8160
#GCMRL#  404 dt  25.600000 rms  0.535  0.169% neg 0  invalid 762 tFOTS 0.0000 tGradient 1.4820 tsec 1.7820
#GCMRL#  405 dt  25.600000 rms  0.534  0.181% neg 0  invalid 762 tFOTS 0.0000 tGradient 1.4800 tsec 1.7820
#GCMRL#  406 dt  25.600000 rms  0.533  0.189% neg 0  invalid 762 tFOTS 0.0000 tGradient 1.5070 tsec 1.8090
#GCMRL#  407 dt  25.600000 rms  0.532  0.198% neg 0  invalid 762 tFOTS 0.0000 tGradient 1.5210 tsec 1.8200
#GCMRL#  408 dt  25.600000 rms  0.531  0.186% neg 0  invalid 762 tFOTS 0.0000 tGradient 1.5610 tsec 1.8590
#GCMRL#  409 dt  25.600000 rms  0.530  0.183% neg 0  invalid 762 tFOTS 0.0000 tGradient 1.4660 tsec 1.7630
#GCMRL#  410 dt  25.600000 rms  0.529  0.177% neg 0  invalid 762 tFOTS 0.0000 tGradient 1.5790 tsec 1.8780
#GCMRL#  411 dt  25.600000 rms  0.528  0.167% neg 0  invalid 762 tFOTS 0.0000 tGradient 1.5040 tsec 1.8030
#GCMRL#  412 dt  25.600000 rms  0.527  0.154% neg 0  invalid 762 tFOTS 0.0000 tGradient 1.5680 tsec 1.8660
#GCMRL#  413 dt  25.600000 rms  0.527  0.143% neg 0  invalid 762 tFOTS 0.0000 tGradient 1.5950 tsec 1.8930
#GCMRL#  414 dt  25.600000 rms  0.526  0.135% neg 0  invalid 762 tFOTS 0.0000 tGradient 1.4770 tsec 1.7760
#GCMRL#  415 dt  25.600000 rms  0.525  0.133% neg 0  invalid 762 tFOTS 0.0000 tGradient 1.4950 tsec 1.7920
#GCMRL#  416 dt  25.600000 rms  0.524  0.126% neg 0  invalid 762 tFOTS 0.0000 tGradient 1.4860 tsec 1.7880
#GCMRL#  417 dt  25.600000 rms  0.524  0.114% neg 0  invalid 762 tFOTS 0.0000 tGradient 1.6040 tsec 1.9000
#GCMRL#  418 dt  25.600000 rms  0.523  0.094% neg 0  invalid 762 tFOTS 0.0000 tGradient 1.4850 tsec 1.7810
#GCMRL#  419 dt  25.600000 rms  0.523  0.094% neg 0  invalid 762 tFOTS 0.0000 tGradient 1.5030 tsec 1.8020
#GCMRL#  420 dt  25.600000 rms  0.522  0.090% neg 0  invalid 762 tFOTS 0.0000 tGradient 1.5820 tsec 1.8810
#GCMRL#  421 dt  25.600000 rms  0.522  0.080% neg 0  invalid 762 tFOTS 0.0000 tGradient 1.4770 tsec 1.7780
#GCMRL#  422 dt  25.600000 rms  0.522  0.088% neg 0  invalid 762 tFOTS 0.0000 tGradient 1.5640 tsec 1.8680
#GCMRL#  423 dt  25.600000 rms  0.521  0.073% neg 0  invalid 762 tFOTS 0.0000 tGradient 1.4830 tsec 1.7760
#GCMRL#  424 dt  25.600000 rms  0.521  0.081% neg 0  invalid 762 tFOTS 0.0000 tGradient 1.5060 tsec 1.8070
#GCMRL#  425 dt  25.600000 rms  0.520  0.059% neg 0  invalid 762 tFOTS 0.0000 tGradient 1.5440 tsec 1.8420
#GCMRL#  426 dt  25.600000 rms  0.520  0.060% neg 0  invalid 762 tFOTS 0.0000 tGradient 1.4770 tsec 1.7750
#GCMRL#  427 dt  25.600000 rms  0.520  0.048% neg 0  invalid 762 tFOTS 0.0000 tGradient 1.4820 tsec 1.7830
#GCMRL#  428 dt  25.600000 rms  0.520  0.055% neg 0  invalid 762 tFOTS 0.0000 tGradient 1.4840 tsec 1.7840
#GCMRL#  429 dt  25.600000 rms  0.519  0.055% neg 0  invalid 762 tFOTS 0.0000 tGradient 1.5740 tsec 1.8760
#GCMRL#  430 dt  25.600000 rms  0.519  0.045% neg 0  invalid 762 tFOTS 0.0000 tGradient 1.5640 tsec 1.8630
#GCMRL#  431 dt  25.600000 rms  0.519  0.029% neg 0  invalid 762 tFOTS 0.0000 tGradient 1.4970 tsec 1.8060
#GCMRL#  432 dt  25.600000 rms  0.519  0.036% neg 0  invalid 762 tFOTS 0.0000 tGradient 1.5630 tsec 1.8720
#GCMRL#  433 dt  25.600000 rms  0.518  0.049% neg 0  invalid 762 tFOTS 0.0000 tGradient 1.5550 tsec 1.8730
#GCMRL#  434 dt  25.600000 rms  0.518  0.032% neg 0  invalid 762 tFOTS 0.0000 tGradient 1.5450 tsec 1.8610
#GCMRL#  435 dt  25.600000 rms  0.518  0.045% neg 0  invalid 762 tFOTS 0.0000 tGradient 1.5050 tsec 1.8280
#GCMRL#  436 dt  25.600000 rms  0.518  0.036% neg 0  invalid 762 tFOTS 0.0000 tGradient 1.5020 tsec 1.8220
#GCMRL#  437 dt  25.600000 rms  0.518  0.045% neg 0  invalid 762 tFOTS 0.0000 tGradient 1.5140 tsec 1.8310
#GCMRL#  438 dt  25.600000 rms  0.517  0.034% neg 0  invalid 762 tFOTS 0.0000 tGradient 1.6370 tsec 1.9570
#GCMRL#  439 dt  25.600000 rms  0.517  0.039% neg 0  invalid 762 tFOTS 0.0000 tGradient 1.5220 tsec 1.8400
#GCMRL#  440 dt  25.600000 rms  0.517  0.028% neg 0  invalid 762 tFOTS 0.0000 tGradient 1.5620 tsec 1.8860
#GCMRL#  441 dt  25.600000 rms  0.517  0.027% neg 0  invalid 762 tFOTS 0.0000 tGradient 1.5030 tsec 1.8240
#GCMRL#  442 dt  25.600000 rms  0.517  0.038% neg 0  invalid 762 tFOTS 0.0000 tGradient 1.5200 tsec 1.8390
#GCMRL#  443 dt  25.600000 rms  0.517  0.031% neg 0  invalid 762 tFOTS 0.0000 tGradient 1.4980 tsec 1.8050
#GCMRL#  444 dt  25.600000 rms  0.517  0.027% neg 0  invalid 762 tFOTS 0.0000 tGradient 1.5470 tsec 1.8540
#GCMRL#  445 dt  25.600000 rms  0.516  0.025% neg 0  invalid 762 tFOTS 0.0000 tGradient 1.5700 tsec 1.8780
#GCMRL#  446 dt  25.600000 rms  0.516  0.030% neg 0  invalid 762 tFOTS 0.0000 tGradient 1.5180 tsec 1.8250
#GCMRL#  447 dt  25.600000 rms  0.516  0.031% neg 0  invalid 762 tFOTS 0.0000 tGradient 1.4820 tsec 1.7960
#GCMRL#  448 dt  25.600000 rms  0.516  0.024% neg 0  invalid 762 tFOTS 0.0000 tGradient 1.5220 tsec 1.8270
#GCMRL#  449 dt  25.600000 rms  0.516  0.029% neg 0  invalid 762 tFOTS 0.0000 tGradient 1.5120 tsec 1.8180
#GCMRL#  450 dt  25.600000 rms  0.516  0.021% neg 0  invalid 762 tFOTS 0.0000 tGradient 1.5860 tsec 1.8920
#GCMRL#  451 dt  25.600000 rms  0.516  0.023% neg 0  invalid 762 tFOTS 0.0000 tGradient 1.5020 tsec 1.8220
#GCMRL#  452 dt  25.600000 rms  0.515  0.018% neg 0  invalid 762 tFOTS 0.0000 tGradient 1.5340 tsec 1.8780
#FOTS# QuadFit found better minimum quadopt=(dt=25.6,rms=0.515386) vs oldopt=(dt=32,rms=0.515397)
#GCMRL#  453 dt  25.600000 rms  0.515  0.000% neg 0  invalid 762 tFOTS 4.4100 tGradient 1.5240 tsec 6.3260
#GCMRL#  454 dt  25.600000 rms  0.515  0.002% neg 0  invalid 762 tFOTS 0.0000 tGradient 1.8690 tsec 2.2310
#GCMRL#  455 dt  25.600000 rms  0.515  0.005% neg 0  invalid 762 tFOTS 0.0000 tGradient 1.8960 tsec 2.2700
#GCMRL#  456 dt  25.600000 rms  0.515  0.005% neg 0  invalid 762 tFOTS 0.0000 tGradient 1.5370 tsec 1.8540
#GCMRL#  457 dt  25.600000 rms  0.515  0.000% neg 0  invalid 762 tFOTS 0.0000 tGradient 1.5460 tsec 1.8610
#GCMRL#  458 dt  25.600000 rms  0.515  0.009% neg 0  invalid 762 tFOTS 0.0000 tGradient 1.5460 tsec 1.8630
#GCMRL#  459 dt  25.600000 rms  0.515  0.011% neg 0  invalid 762 tFOTS 0.0000 tGradient 1.5360 tsec 1.8470
setting smoothness cost coefficient to 0.400

#GCAMreg# pass 0 level1 2 level2 0 tsec 0 sigma 2
l_jacobian=1.00 l_label=1.00 l_log_likelihood=0.20 l_smoothness=0.40 
tol=5.00e-02, dt=5.00e-02, exp_k=20.0, momentum=0.90, levels=6, niter=500, lbl_dist=10.00, avgs=4, sigma=2.0,type=2, relabel=0, neg=no

blurring input image with Gaussian with sigma=2.000...
GCAMRegisterLevel(): init RMS 0.539755
#GCMRL#  461 dt   0.000000 rms  0.539  0.063% neg 0  invalid 762 tFOTS 4.1030 tGradient 1.3920 tsec 5.8190
#GCMRL#  462 dt   0.150000 rms  0.539  0.000% neg 0  invalid 762 tFOTS 4.1520 tGradient 1.3950 tsec 6.1130

#GCAMreg# pass 0 level1 2 level2 1 tsec 24.45 sigma 0.5
l_jacobian=1.00 l_label=1.00 l_log_likelihood=0.20 l_smoothness=0.40 
tol=5.00e-02, dt=5.00e-02, exp_k=20.0, momentum=0.90, levels=6, niter=500, lbl_dist=10.00, avgs=4, sigma=0.5,type=2, relabel=0, neg=no

blurring input image with Gaussian with sigma=0.500...
GCAMRegisterLevel(): init RMS 0.539755
#GCMRL#  464 dt   0.000000 rms  0.539  0.063% neg 0  invalid 762 tFOTS 4.1540 tGradient 1.4330 tsec 5.9150
#GCMRL#  465 dt   0.150000 rms  0.539  0.000% neg 0  invalid 762 tFOTS 4.0240 tGradient 1.6390 tsec 6.2100
setting smoothness cost coefficient to 1.000

#GCAMreg# pass 0 level1 1 level2 0 tsec 0 sigma 2
l_jacobian=1.00 l_label=1.00 l_log_likelihood=0.20 l_smoothness=1.00 
tol=5.00e-02, dt=5.00e-02, exp_k=20.0, momentum=0.90, levels=6, niter=500, lbl_dist=10.00, avgs=1, sigma=2.0,type=2, relabel=0, neg=no

blurring input image with Gaussian with sigma=2.000...
GCAMRegisterLevel(): init RMS 0.587973
#FOTS# QuadFit found better minimum quadopt=(dt=0.833922,rms=0.58568) vs oldopt=(dt=1.28,rms=0.585946)
#GCMRL#  467 dt   0.833922 rms  0.586  0.390% neg 0  invalid 762 tFOTS 4.1270 tGradient 1.2840 tsec 5.7270
#FOTS# QuadFit found better minimum quadopt=(dt=0.192,rms=0.585618) vs oldopt=(dt=0.32,rms=0.585635)
#GCMRL#  468 dt   0.192000 rms  0.586  0.000% neg 0  invalid 762 tFOTS 4.1830 tGradient 1.4300 tsec 5.9560

#GCAMreg# pass 0 level1 1 level2 1 tsec 24.05 sigma 0.5
l_jacobian=1.00 l_label=1.00 l_log_likelihood=0.20 l_smoothness=1.00 
tol=5.00e-02, dt=5.00e-02, exp_k=20.0, momentum=0.90, levels=6, niter=500, lbl_dist=10.00, avgs=1, sigma=0.5,type=2, relabel=0, neg=no

blurring input image with Gaussian with sigma=0.500...
GCAMRegisterLevel(): init RMS 0.585916
#FOTS# QuadFit found better minimum quadopt=(dt=0.448,rms=0.585305) vs oldopt=(dt=0.32,rms=0.585336)
#GCMRL#  470 dt   0.448000 rms  0.585  0.104% neg 0  invalid 762 tFOTS 4.2050 tGradient 1.4800 tsec 5.9960
#FOTS# QuadFit found better minimum quadopt=(dt=0.112,rms=0.585283) vs oldopt=(dt=0.08,rms=0.585284)
#GCMRL#  471 dt   0.112000 rms  0.585  0.000% neg 0  invalid 762 tFOTS 4.2300 tGradient 1.2800 tsec 5.8610
resetting metric properties...
setting smoothness cost coefficient to 2.000

#GCAMreg# pass 0 level1 0 level2 0 tsec 0 sigma 2
l_jacobian=1.00 l_label=1.00 l_log_likelihood=0.20 l_smoothness=2.00 
tol=5.00e-02, dt=5.00e-02, exp_k=20.0, momentum=0.90, levels=6, niter=500, lbl_dist=10.00, avgs=0, sigma=2.0,type=2, relabel=0, neg=no

blurring input image with Gaussian with sigma=2.000...
GCAMRegisterLevel(): init RMS 0.52229
#FOTS# QuadFit found better minimum quadopt=(dt=0.448,rms=0.50689) vs oldopt=(dt=0.32,rms=0.511022)
#GCMRL#  473 dt   0.448000 rms  0.507  2.949% neg 0  invalid 762 tFOTS 3.9170 tGradient 0.8780 tsec 5.1210
#FOTS# QuadFit found better minimum quadopt=(dt=0.448,rms=0.503737) vs oldopt=(dt=0.32,rms=0.50462)
#GCMRL#  474 dt   0.448000 rms  0.504  0.622% neg 0  invalid 762 tFOTS 3.8160 tGradient 0.8090 tsec 4.9500
#GCMRL#  475 dt   0.320000 rms  0.502  0.251% neg 0  invalid 762 tFOTS 3.8090 tGradient 0.8250 tsec 4.9570
#FOTS# QuadFit found better minimum quadopt=(dt=0.448,rms=0.501255) vs oldopt=(dt=0.32,rms=0.501603)
#GCMRL#  476 dt   0.448000 rms  0.501  0.243% neg 0  invalid 762 tFOTS 3.8790 tGradient 0.8180 tsec 5.0210
#GCMRL#  477 dt   0.320000 rms  0.501  0.120% neg 0  invalid 762 tFOTS 3.8170 tGradient 0.8230 tsec 4.9630
#FOTS# QuadFit found better minimum quadopt=(dt=0.4,rms=0.500068) vs oldopt=(dt=0.32,rms=0.500182)
#GCMRL#  478 dt   0.400000 rms  0.500  0.117% neg 0  invalid 762 tFOTS 3.8500 tGradient 0.7860 tsec 4.9560
#GCMRL#  479 dt   0.320000 rms  0.500  0.077% neg 0  invalid 762 tFOTS 3.8470 tGradient 0.7830 tsec 4.9510
#FOTS# QuadFit found better minimum quadopt=(dt=0.384,rms=0.499307) vs oldopt=(dt=0.32,rms=0.499365)
#GCMRL#  480 dt   0.384000 rms  0.499  0.075% neg 0  invalid 762 tFOTS 4.0270 tGradient 0.7900 tsec 5.1560
#FOTS# QuadFit found better minimum quadopt=(dt=0.384,rms=0.498993) vs oldopt=(dt=0.32,rms=0.499042)
#GCMRL#  481 dt   0.384000 rms  0.499  0.063% neg 0  invalid 762 tFOTS 3.8070 tGradient 0.8080 tsec 4.9340
#FOTS# QuadFit found better minimum quadopt=(dt=0.384,rms=0.498761) vs oldopt=(dt=0.32,rms=0.498798)
#GCMRL#  482 dt   0.384000 rms  0.499  0.000% neg 0  invalid 762 tFOTS 3.8310 tGradient 0.8550 tsec 5.0360
#GCMRL#  483 dt   0.384000 rms  0.499  0.048% neg 0  invalid 762 tFOTS 0.0000 tGradient 0.8190 tsec 1.1490
#GCMRL#  484 dt   0.384000 rms  0.498  0.076% neg 0  invalid 762 tFOTS 0.0000 tGradient 0.8470 tsec 1.1790
#GCMRL#  485 dt   0.192000 rms  0.498  0.013% neg 0  invalid 762 tFOTS 0.0000 tGradient 0.7840 tsec 1.4360
#GCMRL#  486 dt   0.192000 rms  0.498  0.027% neg 0  invalid 762 tFOTS 0.0000 tGradient 0.7920 tsec 1.1210
#GCMRL#  487 dt   0.192000 rms  0.498  0.037% neg 0  invalid 762 tFOTS 0.0000 tGradient 0.7890 tsec 1.1190
#GCMRL#  488 dt   0.192000 rms  0.498  0.039% neg 0  invalid 762 tFOTS 0.0000 tGradient 0.8200 tsec 1.1510
#GCMRL#  489 dt   0.192000 rms  0.497  0.043% neg 0  invalid 762 tFOTS 0.0000 tGradient 0.8000 tsec 1.1490
#GCMRL#  490 dt   0.192000 rms  0.497  0.042% neg 0  invalid 762 tFOTS 0.0000 tGradient 0.8490 tsec 1.1780
#GCMRL#  491 dt   0.192000 rms  0.497  0.038% neg 0  invalid 762 tFOTS 0.0000 tGradient 0.8260 tsec 1.1630
#GCMRL#  492 dt   0.192000 rms  0.497  0.036% neg 0  invalid 762 tFOTS 0.0000 tGradient 0.7820 tsec 1.1080
#GCMRL#  493 dt   0.192000 rms  0.497  0.000% neg 0  invalid 762 tFOTS 0.0000 tGradient 0.7940 tsec 1.2920
#GCMRL#  494 dt   0.192000 rms  0.497  0.002% neg 0  invalid 762 tFOTS 0.0000 tGradient 0.8110 tsec 1.1370
#GCMRL#  495 dt   0.192000 rms  0.497  0.001% neg 0  invalid 762 tFOTS 0.0000 tGradient 0.7830 tsec 1.1330
#FOTS# QuadFit found better minimum quadopt=(dt=0.112,rms=0.496781) vs oldopt=(dt=0.08,rms=0.496781)

#GCAMreg# pass 0 level1 0 level2 1 tsec 81.169 sigma 0.5
l_jacobian=1.00 l_label=1.00 l_log_likelihood=0.20 l_smoothness=2.00 
tol=5.00e-02, dt=5.00e-02, exp_k=20.0, momentum=0.90, levels=6, niter=500, lbl_dist=10.00, avgs=0, sigma=0.5,type=2, relabel=0, neg=no

blurring input image with Gaussian with sigma=0.500...
GCAMRegisterLevel(): init RMS 0.497161
#GCMRL#  497 dt   0.320000 rms  0.493  0.858% neg 0  invalid 762 tFOTS 3.8210 tGradient 0.8350 tsec 4.9800
#GCMRL#  498 dt   0.320000 rms  0.491  0.313% neg 0  invalid 762 tFOTS 3.8830 tGradient 0.8020 tsec 5.0090
#GCMRL#  499 dt   0.320000 rms  0.491  0.138% neg 0  invalid 762 tFOTS 3.8040 tGradient 0.8190 tsec 4.9490
#GCMRL#  500 dt   0.320000 rms  0.490  0.070% neg 0  invalid 762 tFOTS 3.9760 tGradient 0.8820 tsec 5.1890
#GCMRL#  501 dt   0.320000 rms  0.490  0.000% neg 0  invalid 762 tFOTS 3.9700 tGradient 0.8570 tsec 5.1890
#GCMRL#  502 dt   0.320000 rms  0.490  0.021% neg 0  invalid 762 tFOTS 0.0000 tGradient 0.8660 tsec 1.1980
#GCMRL#  503 dt   0.320000 rms  0.490  0.028% neg 0  invalid 762 tFOTS 0.0000 tGradient 0.8200 tsec 1.1460
#GCMRL#  504 dt   0.320000 rms  0.490  0.000% neg 0  invalid 762 tFOTS 0.0000 tGradient 0.8280 tsec 1.3230
#GCMRL#  505 dt   0.320000 rms  0.490  0.000% neg 0  invalid 762 tFOTS 0.0000 tGradient 0.8350 tsec 1.1850
#GCMRL#  506 dt   0.320000 rms  0.490  0.011% neg 0  invalid 762 tFOTS 3.9490 tGradient 0.8200 tsec 5.1030
#GCMRL#  507 dt   0.320000 rms  0.490  0.000% neg 0  invalid 762 tFOTS 3.9780 tGradient 0.8370 tsec 5.1690
#GCMRL#  508 dt   0.320000 rms  0.490  0.005% neg 0  invalid 762 tFOTS 0.0000 tGradient 0.8540 tsec 1.1840
#GCMRL#  509 dt   0.320000 rms  0.490  0.008% neg 0  invalid 762 tFOTS 0.0000 tGradient 0.8490 tsec 1.1760
#GCMRL#  510 dt   0.320000 rms  0.490  0.006% neg 0  invalid 762 tFOTS 0.0000 tGradient 0.8750 tsec 1.4000
GCAMregister done in 26.6288 min
********************* ALLOWING NEGATIVE NODES IN DEFORMATION********************************
noneg post
Starting GCAMregister()
label assignment complete, 0 changed (0.00%)
npasses = 1, nlevels = 6
#pass# 1 of 1 ************************
enabling zero nodes
setting smoothness cost coefficient to 0.008

#GCAMreg# pass 0 level1 5 level2 0 tsec 0 sigma 2
l_jacobian=1.00 l_label=1.00 l_log_likelihood=0.20 l_smoothness=0.01 
tol=2.50e-01, dt=5.00e-02, exp_k=20.0, momentum=0.90, levels=6, niter=500, lbl_dist=10.00, avgs=256, sigma=2.0,type=2, relabel=0, neg=yes

blurring input image with Gaussian with sigma=2.000...
GCAMRegisterLevel(): init RMS 0.488107
#GCMRL#  512 dt   0.000000 rms  0.488  0.080% neg 0  invalid 762 tFOTS 4.6780 tGradient 2.0550 tsec 7.0720

#GCAMreg# pass 0 level1 5 level2 1 tsec 21.799 sigma 0.5
l_jacobian=1.00 l_label=1.00 l_log_likelihood=0.20 l_smoothness=0.01 
tol=2.50e-01, dt=5.00e-02, exp_k=20.0, momentum=0.90, levels=6, niter=500, lbl_dist=10.00, avgs=256, sigma=0.5,type=2, relabel=0, neg=yes

blurring input image with Gaussian with sigma=0.500...
GCAMRegisterLevel(): init RMS 0.488107
#FOTS# QuadFit found better minimum quadopt=(dt=129.472,rms=0.487486) vs oldopt=(dt=92.48,rms=0.487531)
#GCMRL#  514 dt 129.472000 rms  0.487  0.127% neg 0  invalid 762 tFOTS 4.7700 tGradient 2.0570 tsec 7.1650
#FOTS# QuadFit found better minimum quadopt=(dt=129.472,rms=0.487406) vs oldopt=(dt=92.48,rms=0.487422)
#GCMRL#  515 dt 129.472000 rms  0.487  0.000% neg 0  invalid 762 tFOTS 4.7080 tGradient 2.0050 tsec 7.0710
#GCMRL#  516 dt 129.472000 rms  0.487  0.030% neg 0  invalid 762 tFOTS 0.0000 tGradient 2.0060 tsec 2.3230
#GCMRL#  517 dt 129.472000 rms  0.487  0.029% neg 0  invalid 762 tFOTS 0.0000 tGradient 2.0420 tsec 2.3670
setting smoothness cost coefficient to 0.031

#GCAMreg# pass 0 level1 4 level2 0 tsec 0 sigma 2
l_jacobian=1.00 l_label=1.00 l_log_likelihood=0.20 l_smoothness=0.03 
tol=2.50e-01, dt=5.00e-02, exp_k=20.0, momentum=0.90, levels=6, niter=500, lbl_dist=10.00, avgs=64, sigma=2.0,type=2, relabel=0, neg=yes

blurring input image with Gaussian with sigma=2.000...
GCAMRegisterLevel(): init RMS 0.487458
#FOTS# QuadFit found better minimum quadopt=(dt=9.072,rms=0.487034) vs oldopt=(dt=6.48,rms=0.48704)
#GCMRL#  519 dt   9.072000 rms  0.487  0.087% neg 0  invalid 762 tFOTS 5.0180 tGradient 1.7200 tsec 7.0750
#FOTS# QuadFit found better minimum quadopt=(dt=5.184,rms=0.487017) vs oldopt=(dt=6.48,rms=0.487017)
#GCMRL#  520 dt   5.184000 rms  0.487  0.000% neg 0  invalid 762 tFOTS 5.1610 tGradient 1.6980 tsec 7.2820
#GCMRL#  521 dt   5.184000 rms  0.487  0.000% neg 0  invalid 762 tFOTS 0.0000 tGradient 1.8730 tsec 2.1920

#GCAMreg# pass 0 level1 4 level2 1 tsec 26.231 sigma 0.5
l_jacobian=1.00 l_label=1.00 l_log_likelihood=0.20 l_smoothness=0.03 
tol=2.50e-01, dt=5.00e-02, exp_k=20.0, momentum=0.90, levels=6, niter=500, lbl_dist=10.00, avgs=64, sigma=0.5,type=2, relabel=0, neg=yes

blurring input image with Gaussian with sigma=0.500...
GCAMRegisterLevel(): init RMS 0.487412
#FOTS# QuadFit found better minimum quadopt=(dt=124.416,rms=0.48553) vs oldopt=(dt=103.68,rms=0.485576)
#GCMRL#  523 dt 124.416000 rms  0.486  0.386% neg 0  invalid 762 tFOTS 4.5610 tGradient 1.7680 tsec 6.6530
#FOTS# QuadFit found better minimum quadopt=(dt=36.288,rms=0.485076) vs oldopt=(dt=25.92,rms=0.485111)
#GCMRL#  524 dt  36.288000 rms  0.485  0.000% neg 0  invalid 762 tFOTS 5.0380 tGradient 1.7140 tsec 7.1120
#GCMRL#  525 dt  36.288000 rms  0.485  0.048% neg 0  invalid 762 tFOTS 0.0000 tGradient 1.7360 tsec 2.0530
iter 0, gcam->neg = 1
after 1 iterations, nbhd size=0, neg = 0
#GCMRL#  526 dt  36.288000 rms  0.485  0.064% neg 0  invalid 762 tFOTS 0.0000 tGradient 1.7280 tsec 3.1850
#GCMRL#  527 dt  36.288000 rms  0.484  0.087% neg 0  invalid 762 tFOTS 0.0000 tGradient 1.7330 tsec 2.0560
#GCMRL#  528 dt  36.288000 rms  0.484  0.092% neg 0  invalid 762 tFOTS 0.0000 tGradient 1.7050 tsec 2.0330
#GCMRL#  529 dt  36.288000 rms  0.483  0.090% neg 0  invalid 762 tFOTS 0.0000 tGradient 1.7470 tsec 2.0730
#GCMRL#  530 dt  36.288000 rms  0.483  0.081% neg 0  invalid 762 tFOTS 0.0000 tGradient 1.8170 tsec 2.1470
#FOTS# QuadFit found better minimum quadopt=(dt=145.152,rms=0.482672) vs oldopt=(dt=103.68,rms=0.482687)
setting smoothness cost coefficient to 0.118

#GCAMreg# pass 0 level1 3 level2 0 tsec 0 sigma 2
l_jacobian=1.00 l_label=1.00 l_log_likelihood=0.20 l_smoothness=0.12 
tol=2.50e-01, dt=5.00e-02, exp_k=20.0, momentum=0.90, levels=6, niter=500, lbl_dist=10.00, avgs=16, sigma=2.0,type=2, relabel=0, neg=yes

blurring input image with Gaussian with sigma=2.000...
GCAMRegisterLevel(): init RMS 0.483259
#FOTS# QuadFit found better minimum quadopt=(dt=23.3881,rms=0.481375) vs oldopt=(dt=32,rms=0.48163)
iter 0, gcam->neg = 2
after 1 iterations, nbhd size=0, neg = 0
#GCMRL#  532 dt  23.388102 rms  0.481  0.390% neg 0  invalid 762 tFOTS 4.9870 tGradient 1.5360 tsec 7.9620
#FOTS# QuadFit found better minimum quadopt=(dt=44.8,rms=0.479725) vs oldopt=(dt=32,rms=0.479845)
iter 0, gcam->neg = 2
after 1 iterations, nbhd size=0, neg = 0
#GCMRL#  533 dt  44.800000 rms  0.480  0.343% neg 0  invalid 762 tFOTS 4.9770 tGradient 1.5480 tsec 7.9690
#FOTS# QuadFit found better minimum quadopt=(dt=11.2,rms=0.479354) vs oldopt=(dt=8,rms=0.479438)
iter 0, gcam->neg = 1
after 0 iterations, nbhd size=0, neg = 0
#GCMRL#  534 dt  11.200000 rms  0.479  0.000% neg 0  invalid 762 tFOTS 5.1860 tGradient 1.5650 tsec 7.8470
iter 0, gcam->neg = 1
after 0 iterations, nbhd size=0, neg = 0
#GCMRL#  535 dt  11.200000 rms  0.479  0.083% neg 0  invalid 762 tFOTS 0.0000 tGradient 1.5060 tsec 2.5670
iter 0, gcam->neg = 2
after 2 iterations, nbhd size=0, neg = 0
#GCMRL#  536 dt  11.200000 rms  0.478  0.114% neg 0  invalid 762 tFOTS 0.0000 tGradient 1.5050 tsec 3.2740
iter 0, gcam->neg = 6
after 2 iterations, nbhd size=0, neg = 0
#GCMRL#  537 dt  11.200000 rms  0.478  0.120% neg 0  invalid 762 tFOTS 0.0000 tGradient 1.5150 tsec 3.2950
iter 0, gcam->neg = 5
after 9 iterations, nbhd size=1, neg = 0
#GCMRL#  538 dt  11.200000 rms  0.477  0.117% neg 0  invalid 762 tFOTS 0.0000 tGradient 1.5250 tsec 5.7400
iter 0, gcam->neg = 5
after 8 iterations, nbhd size=1, neg = 0
#GCMRL#  539 dt  11.200000 rms  0.477  0.099% neg 0  invalid 762 tFOTS 0.0000 tGradient 1.5140 tsec 5.4020
#FOTS# QuadFit found better minimum quadopt=(dt=44.8,rms=0.476447) vs oldopt=(dt=32,rms=0.476496)
iter 0, gcam->neg = 1
after 1 iterations, nbhd size=0, neg = 0

#GCAMreg# pass 0 level1 3 level2 1 tsec 59.265 sigma 0.5
l_jacobian=1.00 l_label=1.00 l_log_likelihood=0.20 l_smoothness=0.12 
tol=2.50e-01, dt=5.00e-02, exp_k=20.0, momentum=0.90, levels=6, niter=500, lbl_dist=10.00, avgs=16, sigma=0.5,type=2, relabel=0, neg=yes

blurring input image with Gaussian with sigma=0.500...
GCAMRegisterLevel(): init RMS 0.477009
#FOTS# QuadFit found better minimum quadopt=(dt=43.6907,rms=0.47142) vs oldopt=(dt=32,rms=0.471702)
#GCMRL#  541 dt  43.690667 rms  0.471  1.172% neg 0  invalid 762 tFOTS 5.2040 tGradient 1.5540 tsec 7.1000
#FOTS# QuadFit found better minimum quadopt=(dt=24.0415,rms=0.469764) vs oldopt=(dt=32,rms=0.470009)
#GCMRL#  542 dt  24.041451 rms  0.470  0.351% neg 0  invalid 762 tFOTS 5.1850 tGradient 1.5390 tsec 7.0600
#FOTS# QuadFit found better minimum quadopt=(dt=38.4,rms=0.468754) vs oldopt=(dt=32,rms=0.468766)
#GCMRL#  543 dt  38.400000 rms  0.469  0.000% neg 0  invalid 762 tFOTS 5.0060 tGradient 1.5660 tsec 6.9140
#GCMRL#  544 dt  38.400000 rms  0.469  0.032% neg 0  invalid 762 tFOTS 0.0000 tGradient 1.4800 tsec 1.7920
#GCMRL#  545 dt  38.400000 rms  0.467  0.355% neg 0  invalid 762 tFOTS 0.0000 tGradient 1.5370 tsec 1.8460
#GCMRL#  546 dt  38.400000 rms  0.466  0.141% neg 0  invalid 762 tFOTS 0.0000 tGradient 1.4830 tsec 1.7990
iter 0, gcam->neg = 1
after 0 iterations, nbhd size=0, neg = 0
#GCMRL#  547 dt  38.400000 rms  0.465  0.284% neg 0  invalid 762 tFOTS 0.0000 tGradient 1.4620 tsec 2.4830
iter 0, gcam->neg = 2
after 0 iterations, nbhd size=0, neg = 0
#GCMRL#  548 dt  38.400000 rms  0.464  0.125% neg 0  invalid 762 tFOTS 0.0000 tGradient 1.4980 tsec 2.5520
iter 0, gcam->neg = 2
after 0 iterations, nbhd size=0, neg = 0
#GCMRL#  549 dt  38.400000 rms  0.463  0.318% neg 0  invalid 762 tFOTS 0.0000 tGradient 1.5330 tsec 2.5840
#GCMRL#  550 dt  38.400000 rms  0.462  0.218% neg 0  invalid 762 tFOTS 0.0000 tGradient 1.5570 tsec 1.8700
iter 0, gcam->neg = 1
after 0 iterations, nbhd size=0, neg = 0
#GCMRL#  551 dt  38.400000 rms  0.461  0.279% neg 0  invalid 762 tFOTS 0.0000 tGradient 1.4780 tsec 2.5200
#GCMRL#  552 dt  38.400000 rms  0.460  0.134% neg 0  invalid 762 tFOTS 0.0000 tGradient 1.4700 tsec 1.7880
#GCMRL#  553 dt  38.400000 rms  0.459  0.254% neg 0  invalid 762 tFOTS 0.0000 tGradient 1.5030 tsec 1.8250
#GCMRL#  554 dt  38.400000 rms  0.459  0.036% neg 0  invalid 762 tFOTS 0.0000 tGradient 1.4530 tsec 1.7710
iter 0, gcam->neg = 1
after 0 iterations, nbhd size=0, neg = 0
#GCMRL#  555 dt  38.400000 rms  0.458  0.146% neg 0  invalid 762 tFOTS 0.0000 tGradient 1.4990 tsec 2.5380
#GCMRL#  556 dt  38.400000 rms  0.457  0.132% neg 0  invalid 762 tFOTS 0.0000 tGradient 1.4830 tsec 1.7980
iter 0, gcam->neg = 1
after 2 iterations, nbhd size=0, neg = 0
#GCMRL#  557 dt  38.400000 rms  0.457  0.054% neg 0  invalid 762 tFOTS 0.0000 tGradient 1.4720 tsec 3.2170
#GCMRL#  558 dt  38.400000 rms  0.457  0.133% neg 0  invalid 762 tFOTS 0.0000 tGradient 1.4800 tsec 1.8000
iter 0, gcam->neg = 5
after 3 iterations, nbhd size=0, neg = 0
#GCMRL#  559 dt  38.400000 rms  0.456  0.059% neg 0  invalid 762 tFOTS 0.0000 tGradient 1.4700 tsec 3.5770
iter 0, gcam->neg = 3
after 5 iterations, nbhd size=0, neg = 0
#GCMRL#  560 dt  38.400000 rms  0.456  0.076% neg 0  invalid 762 tFOTS 0.0000 tGradient 1.4820 tsec 4.2650
iter 0, gcam->neg = 4
after 7 iterations, nbhd size=0, neg = 0
#GCMRL#  561 dt  38.400000 rms  0.456  0.021% neg 0  invalid 762 tFOTS 0.0000 tGradient 1.5210 tsec 5.0100
#FOTS# QuadFit found better minimum quadopt=(dt=19.2,rms=0.455408) vs oldopt=(dt=32,rms=0.455478)
iter 0, gcam->neg = 1
after 0 iterations, nbhd size=0, neg = 0
#GCMRL#  562 dt  19.200000 rms  0.455  0.087% neg 0  invalid 762 tFOTS 5.0910 tGradient 1.4740 tsec 7.6250
iter 0, gcam->neg = 2
after 2 iterations, nbhd size=0, neg = 0
#GCMRL#  563 dt  32.000000 rms  0.455  0.000% neg 0  invalid 762 tFOTS 4.8500 tGradient 1.4630 tsec 8.0790
#GCMRL#  564 dt  32.000000 rms  0.455  0.009% neg 0  invalid 762 tFOTS 0.0000 tGradient 1.4700 tsec 1.7900
#GCMRL#  565 dt  32.000000 rms  0.455  0.002% neg 0  invalid 762 tFOTS 0.0000 tGradient 1.5640 tsec 1.8860
#GCMRL#  566 dt  32.000000 rms  0.455  0.003% neg 0  invalid 762 tFOTS 0.0000 tGradient 1.4720 tsec 1.7940
#GCMRL#  567 dt  32.000000 rms  0.455  0.013% neg 0  invalid 762 tFOTS 0.0000 tGradient 1.4870 tsec 1.8110
iter 0, gcam->neg = 1
after 0 iterations, nbhd size=0, neg = 0
setting smoothness cost coefficient to 0.400

#GCAMreg# pass 0 level1 2 level2 0 tsec 0 sigma 2
l_jacobian=1.00 l_label=1.00 l_log_likelihood=0.20 l_smoothness=0.40 
tol=2.50e-01, dt=5.00e-02, exp_k=20.0, momentum=0.90, levels=6, niter=500, lbl_dist=10.00, avgs=4, sigma=2.0,type=2, relabel=0, neg=yes

blurring input image with Gaussian with sigma=2.000...
GCAMRegisterLevel(): init RMS 0.460375
#GCMRL#  569 dt   0.000000 rms  0.460  0.082% neg 0  invalid 762 tFOTS 4.8430 tGradient 1.3770 tsec 6.5590

#GCAMreg# pass 0 level1 2 level2 1 tsec 20.63 sigma 0.5
l_jacobian=1.00 l_label=1.00 l_log_likelihood=0.20 l_smoothness=0.40 
tol=2.50e-01, dt=5.00e-02, exp_k=20.0, momentum=0.90, levels=6, niter=500, lbl_dist=10.00, avgs=4, sigma=0.5,type=2, relabel=0, neg=yes

blurring input image with Gaussian with sigma=0.500...
GCAMRegisterLevel(): init RMS 0.460375
#GCMRL#  571 dt   0.000000 rms  0.460  0.082% neg 0  invalid 762 tFOTS 4.8130 tGradient 1.3590 tsec 6.5070
setting smoothness cost coefficient to 1.000

#GCAMreg# pass 0 level1 1 level2 0 tsec 0 sigma 2
l_jacobian=1.00 l_label=1.00 l_log_likelihood=0.20 l_smoothness=1.00 
tol=2.50e-01, dt=5.00e-02, exp_k=20.0, momentum=0.90, levels=6, niter=500, lbl_dist=10.00, avgs=1, sigma=2.0,type=2, relabel=0, neg=yes

blurring input image with Gaussian with sigma=2.000...
GCAMRegisterLevel(): init RMS 0.470415
#FOTS# QuadFit found better minimum quadopt=(dt=1.024,rms=0.469236) vs oldopt=(dt=1.28,rms=0.469336)
#GCMRL#  573 dt   1.024000 rms  0.469  0.251% neg 0  invalid 762 tFOTS 5.1250 tGradient 1.2680 tsec 6.7230
#FOTS# QuadFit found better minimum quadopt=(dt=0.112,rms=0.469203) vs oldopt=(dt=0.08,rms=0.469204)
#GCMRL#  574 dt   0.112000 rms  0.469  0.000% neg 0  invalid 762 tFOTS 5.1310 tGradient 1.2880 tsec 6.7750

#GCAMreg# pass 0 level1 1 level2 1 tsec 22.603 sigma 0.5
l_jacobian=1.00 l_label=1.00 l_log_likelihood=0.20 l_smoothness=1.00 
tol=2.50e-01, dt=5.00e-02, exp_k=20.0, momentum=0.90, levels=6, niter=500, lbl_dist=10.00, avgs=1, sigma=0.5,type=2, relabel=0, neg=yes

blurring input image with Gaussian with sigma=0.500...
GCAMRegisterLevel(): init RMS 0.469608
#GCMRL#  576 dt   1.280000 rms  0.468  0.240% neg 0  invalid 762 tFOTS 5.1240 tGradient 1.2660 tsec 6.7160
#FOTS# QuadFit found better minimum quadopt=(dt=0.448,rms=0.468423) vs oldopt=(dt=0.32,rms=0.468433)
#GCMRL#  577 dt   0.448000 rms  0.468  0.000% neg 0  invalid 762 tFOTS 5.1440 tGradient 1.2740 tsec 6.7960
#GCMRL#  578 dt   0.448000 rms  0.468  0.003% neg 0  invalid 762 tFOTS 0.0000 tGradient 1.2850 tsec 1.6390
resetting metric properties...
setting smoothness cost coefficient to 2.000

#GCAMreg# pass 0 level1 0 level2 0 tsec 0 sigma 2
l_jacobian=1.00 l_label=1.00 l_log_likelihood=0.20 l_smoothness=2.00 
tol=2.50e-01, dt=5.00e-02, exp_k=20.0, momentum=0.90, levels=6, niter=500, lbl_dist=10.00, avgs=0, sigma=2.0,type=2, relabel=0, neg=yes

blurring input image with Gaussian with sigma=2.000...
GCAMRegisterLevel(): init RMS 0.460588
#FOTS# QuadFit found better minimum quadopt=(dt=2.21548,rms=0.425432) vs oldopt=(dt=1.28,rms=0.431783)
iter 0, gcam->neg = 648
after 14 iterations, nbhd size=1, neg = 0
#GCMRL#  580 dt   2.215481 rms  0.428  7.148% neg 0  invalid 762 tFOTS 4.9460 tGradient 0.8210 tsec 11.9750
#FOTS# QuadFit found better minimum quadopt=(dt=0.064,rms=0.427461) vs oldopt=(dt=0.08,rms=0.427466)
#GCMRL#  581 dt   0.064000 rms  0.427  0.000% neg 0  invalid 762 tFOTS 5.1590 tGradient 0.9000 tsec 6.4170

#GCAMreg# pass 0 level1 0 level2 1 tsec 27.057 sigma 0.5
l_jacobian=1.00 l_label=1.00 l_log_likelihood=0.20 l_smoothness=2.00 
tol=2.50e-01, dt=5.00e-02, exp_k=20.0, momentum=0.90, levels=6, niter=500, lbl_dist=10.00, avgs=0, sigma=0.5,type=2, relabel=0, neg=yes

blurring input image with Gaussian with sigma=0.500...
GCAMRegisterLevel(): init RMS 0.427974
#GCMRL#  583 dt   0.080000 rms  0.427  0.174% neg 0  invalid 762 tFOTS 5.2200 tGradient 0.8310 tsec 6.4250
#GCMRL#  584 dt   0.050000 rms  0.427  0.000% neg 0  invalid 762 tFOTS 4.8030 tGradient 0.8470 tsec 6.0110
label assignment complete, 0 changed (0.00%)
GCAMregister done in 6.28152 min
Starting GCAMcomputeMaxPriorLabels()
Morphing with label term set to 0 *******************************
Starting GCAMregister()
label assignment complete, 0 changed (0.00%)
npasses = 1, nlevels = 6
#pass# 1 of 1 ************************
enabling zero nodes
setting smoothness cost coefficient to 0.008

#GCAMreg# pass 0 level1 5 level2 0 tsec 0 sigma 2
l_jacobian=1.00 l_log_likelihood=0.20 l_smoothness=0.01 
tol=2.50e-01, dt=5.00e-02, exp_k=20.0, momentum=0.90, levels=6, niter=500, lbl_dist=10.00, avgs=256, sigma=2.0,type=2, relabel=0, neg=yes

blurring input image with Gaussian with sigma=2.000...
GCAMRegisterLevel(): init RMS 0.41206

#GCAMreg# pass 0 level1 5 level2 1 tsec 13.788 sigma 0.5
l_jacobian=1.00 l_log_likelihood=0.20 l_smoothness=0.01 
tol=2.50e-01, dt=5.00e-02, exp_k=20.0, momentum=0.90, levels=6, niter=500, lbl_dist=10.00, avgs=256, sigma=0.5,type=2, relabel=0, neg=yes

blurring input image with Gaussian with sigma=0.500...
GCAMRegisterLevel(): init RMS 0.41206
#FOTS# QuadFit found better minimum quadopt=(dt=8.092,rms=0.412059) vs oldopt=(dt=5.78,rms=0.412059)
#GCMRL#  587 dt   8.092000 rms  0.412  0.000% neg 0  invalid 762 tFOTS 4.6980 tGradient 1.5590 tsec 6.5710
#FOTS# QuadFit found better minimum quadopt=(dt=4.624,rms=0.412059) vs oldopt=(dt=5.78,rms=0.412059)
#GCMRL#  588 dt   4.624000 rms  0.412  0.000% neg 0  invalid 762 tFOTS 4.7010 tGradient 1.5670 tsec 6.6090
setting smoothness cost coefficient to 0.031

#GCAMreg# pass 0 level1 4 level2 0 tsec 0 sigma 2
l_jacobian=1.00 l_log_likelihood=0.20 l_smoothness=0.03 
tol=2.50e-01, dt=5.00e-02, exp_k=20.0, momentum=0.90, levels=6, niter=500, lbl_dist=10.00, avgs=64, sigma=2.0,type=2, relabel=0, neg=yes

blurring input image with Gaussian with sigma=2.000...
GCAMRegisterLevel(): init RMS 0.412243

#GCAMreg# pass 0 level1 4 level2 1 tsec 13.364 sigma 0.5
l_jacobian=1.00 l_log_likelihood=0.20 l_smoothness=0.03 
tol=2.50e-01, dt=5.00e-02, exp_k=20.0, momentum=0.90, levels=6, niter=500, lbl_dist=10.00, avgs=64, sigma=0.5,type=2, relabel=0, neg=yes

blurring input image with Gaussian with sigma=0.500...
GCAMRegisterLevel(): init RMS 0.412243
#GCMRL#  591 dt  25.920000 rms  0.412  0.012% neg 0  invalid 762 tFOTS 4.4500 tGradient 1.2380 tsec 6.0020
#GCMRL#  592 dt  25.920000 rms  0.412  0.000% neg 0  invalid 762 tFOTS 4.7250 tGradient 1.2370 tsec 6.3030
#GCMRL#  593 dt  25.920000 rms  0.412  0.003% neg 0  invalid 762 tFOTS 0.0000 tGradient 1.2530 tsec 1.5590
#GCMRL#  594 dt  25.920000 rms  0.412  0.001% neg 0  invalid 762 tFOTS 0.0000 tGradient 1.2510 tsec 1.5550
setting smoothness cost coefficient to 0.118

#GCAMreg# pass 0 level1 3 level2 0 tsec 0 sigma 2
l_jacobian=1.00 l_log_likelihood=0.20 l_smoothness=0.12 
tol=2.50e-01, dt=5.00e-02, exp_k=20.0, momentum=0.90, levels=6, niter=500, lbl_dist=10.00, avgs=16, sigma=2.0,type=2, relabel=0, neg=yes

blurring input image with Gaussian with sigma=2.000...
GCAMRegisterLevel(): init RMS 0.412865
#FOTS# QuadFit found better minimum quadopt=(dt=6.4,rms=0.412762) vs oldopt=(dt=8,rms=0.412776)
#GCMRL#  596 dt   6.400000 rms  0.413  0.025% neg 0  invalid 762 tFOTS 4.7200 tGradient 1.0740 tsec 6.1140
#FOTS# QuadFit found better minimum quadopt=(dt=0.7,rms=0.41276) vs oldopt=(dt=0.5,rms=0.41276)
#GCMRL#  597 dt   0.700000 rms  0.413  0.000% neg 0  invalid 762 tFOTS 4.6440 tGradient 1.1290 tsec 6.1030
#GCMRL#  598 dt   0.700000 rms  0.413  0.000% neg 0  invalid 762 tFOTS 0.0000 tGradient 1.0180 tsec 1.3110

#GCAMreg# pass 0 level1 3 level2 1 tsec 22.314 sigma 0.5
l_jacobian=1.00 l_log_likelihood=0.20 l_smoothness=0.12 
tol=2.50e-01, dt=5.00e-02, exp_k=20.0, momentum=0.90, levels=6, niter=500, lbl_dist=10.00, avgs=16, sigma=0.5,type=2, relabel=0, neg=yes

blurring input image with Gaussian with sigma=0.500...
GCAMRegisterLevel(): init RMS 0.41276
#FOTS# QuadFit found better minimum quadopt=(dt=44.8,rms=0.411117) vs oldopt=(dt=32,rms=0.411362)
#GCMRL#  600 dt  44.800000 rms  0.411  0.398% neg 0  invalid 762 tFOTS 4.5910 tGradient 1.0160 tsec 5.9140
#FOTS# QuadFit found better minimum quadopt=(dt=38.4,rms=0.41042) vs oldopt=(dt=32,rms=0.410444)
#GCMRL#  601 dt  38.400000 rms  0.410  0.000% neg 0  invalid 762 tFOTS 4.6240 tGradient 1.0240 tsec 5.9800
#GCMRL#  602 dt  38.400000 rms  0.410  0.097% neg 0  invalid 762 tFOTS 0.0000 tGradient 1.0050 tsec 1.2960
#GCMRL#  603 dt  38.400000 rms  0.409  0.231% neg 0  invalid 762 tFOTS 0.0000 tGradient 1.0220 tsec 1.3120
iter 0, gcam->neg = 3
after 2 iterations, nbhd size=0, neg = 0
#GCMRL#  604 dt  38.400000 rms  0.408  0.152% neg 0  invalid 762 tFOTS 0.0000 tGradient 1.0280 tsec 2.7240
#GCMRL#  605 dt  38.400000 rms  0.408  0.170% neg 0  invalid 762 tFOTS 0.0000 tGradient 0.9950 tsec 1.2900
iter 0, gcam->neg = 6
after 2 iterations, nbhd size=0, neg = 0
#GCMRL#  606 dt  38.400000 rms  0.407  0.126% neg 0  invalid 762 tFOTS 0.0000 tGradient 1.0180 tsec 2.7100
iter 0, gcam->neg = 2
after 1 iterations, nbhd size=0, neg = 0
#GCMRL#  607 dt  38.400000 rms  0.407  0.130% neg 0  invalid 762 tFOTS 0.0000 tGradient 1.0070 tsec 2.3570
iter 0, gcam->neg = 3
after 0 iterations, nbhd size=0, neg = 0
#GCMRL#  608 dt  38.400000 rms  0.406  0.112% neg 0  invalid 762 tFOTS 0.0000 tGradient 1.0180 tsec 2.0230
iter 0, gcam->neg = 3
after 5 iterations, nbhd size=0, neg = 0
#GCMRL#  609 dt  38.400000 rms  0.406  0.109% neg 0  invalid 762 tFOTS 0.0000 tGradient 1.0240 tsec 3.7650
#FOTS# QuadFit found better minimum quadopt=(dt=19.2,rms=0.405679) vs oldopt=(dt=32,rms=0.405702)
#GCMRL#  610 dt  19.200000 rms  0.406  0.000% neg 0  invalid 762 tFOTS 4.6140 tGradient 1.0230 tsec 5.9680
#GCMRL#  611 dt  19.200000 rms  0.406  0.013% neg 0  invalid 762 tFOTS 0.0000 tGradient 1.0160 tsec 1.3080
#GCMRL#  612 dt  19.200000 rms  0.406  0.018% neg 0  invalid 762 tFOTS 0.0000 tGradient 1.0110 tsec 1.3030
#GCMRL#  613 dt  19.200000 rms  0.405  0.022% neg 0  invalid 762 tFOTS 0.0000 tGradient 1.0150 tsec 1.3100
#GCMRL#  614 dt  19.200000 rms  0.405  0.019% neg 0  invalid 762 tFOTS 0.0000 tGradient 1.0080 tsec 1.3070
setting smoothness cost coefficient to 0.400

#GCAMreg# pass 0 level1 2 level2 0 tsec 0 sigma 2
l_jacobian=1.00 l_log_likelihood=0.20 l_smoothness=0.40 
tol=2.50e-01, dt=5.00e-02, exp_k=20.0, momentum=0.90, levels=6, niter=500, lbl_dist=10.00, avgs=4, sigma=2.0,type=2, relabel=0, neg=yes

blurring input image with Gaussian with sigma=2.000...
GCAMRegisterLevel(): init RMS 0.40908
#GCMRL#  616 dt   0.720000 rms  0.409  0.003% neg 0  invalid 762 tFOTS 4.6230 tGradient 0.9400 tsec 5.8740
#FOTS# QuadFit found better minimum quadopt=(dt=0.063,rms=0.409069) vs oldopt=(dt=0.045,rms=0.409069)
#GCMRL#  617 dt   0.063000 rms  0.409  0.000% neg 0  invalid 762 tFOTS 4.4230 tGradient 0.9350 tsec 5.6890

#GCAMreg# pass 0 level1 2 level2 1 tsec 20.155 sigma 0.5
l_jacobian=1.00 l_log_likelihood=0.20 l_smoothness=0.40 
tol=2.50e-01, dt=5.00e-02, exp_k=20.0, momentum=0.90, levels=6, niter=500, lbl_dist=10.00, avgs=4, sigma=0.5,type=2, relabel=0, neg=yes

blurring input image with Gaussian with sigma=0.500...
GCAMRegisterLevel(): init RMS 0.409069
#FOTS# QuadFit found better minimum quadopt=(dt=9.5,rms=0.408834) vs oldopt=(dt=2.88,rms=0.408892)
#GCMRL#  619 dt   9.500000 rms  0.409  0.057% neg 0  invalid 762 tFOTS 4.6990 tGradient 0.9310 tsec 5.9400
#FOTS# QuadFit found better minimum quadopt=(dt=17.5385,rms=0.408404) vs oldopt=(dt=11.52,rms=0.408449)
#GCMRL#  620 dt  17.538462 rms  0.408  0.105% neg 0  invalid 762 tFOTS 4.6690 tGradient 0.9440 tsec 5.9240
#FOTS# QuadFit found better minimum quadopt=(dt=41.8065,rms=0.407683) vs oldopt=(dt=46.08,rms=0.407695)
iter 0, gcam->neg = 15
after 12 iterations, nbhd size=1, neg = 0
#GCMRL#  621 dt  41.806452 rms  0.408  0.157% neg 0  invalid 762 tFOTS 4.6380 tGradient 0.9420 tsec 10.8490
#FOTS# QuadFit found better minimum quadopt=(dt=12.973,rms=0.407077) vs oldopt=(dt=11.52,rms=0.407087)
iter 0, gcam->neg = 8
after 2 iterations, nbhd size=0, neg = 0
#GCMRL#  622 dt  12.972973 rms  0.407  0.168% neg 0  invalid 762 tFOTS 4.6560 tGradient 0.9450 tsec 7.3450
#FOTS# QuadFit found better minimum quadopt=(dt=6,rms=0.406968) vs oldopt=(dt=2.88,rms=0.407)
iter 0, gcam->neg = 2
after 0 iterations, nbhd size=0, neg = 0
#GCMRL#  623 dt   6.000000 rms  0.407  0.000% neg 0  invalid 762 tFOTS 4.6010 tGradient 0.9570 tsec 6.6160
iter 0, gcam->neg = 3
after 3 iterations, nbhd size=0, neg = 0
#GCMRL#  624 dt   6.000000 rms  0.407  0.021% neg 0  invalid 762 tFOTS 0.0000 tGradient 0.9530 tsec 3.0410
#GCMRL#  625 dt   6.000000 rms  0.407  0.037% neg 0  invalid 762 tFOTS 0.0000 tGradient 0.9600 tsec 1.2610
iter 0, gcam->neg = 1
after 0 iterations, nbhd size=0, neg = 0
#GCMRL#  626 dt   6.000000 rms  0.407  0.048% neg 0  invalid 762 tFOTS 0.0000 tGradient 0.9540 tsec 1.9840
iter 0, gcam->neg = 2
after 0 iterations, nbhd size=0, neg = 0
#GCMRL#  627 dt   6.000000 rms  0.406  0.053% neg 0  invalid 762 tFOTS 0.0000 tGradient 0.9530 tsec 1.9850
iter 0, gcam->neg = 1
after 1 iterations, nbhd size=0, neg = 0
#GCMRL#  628 dt   6.000000 rms  0.406  0.053% neg 0  invalid 762 tFOTS 0.0000 tGradient 0.9430 tsec 2.3270
iter 0, gcam->neg = 1
after 0 iterations, nbhd size=0, neg = 0
setting smoothness cost coefficient to 1.000

#GCAMreg# pass 0 level1 1 level2 0 tsec 0 sigma 2
l_jacobian=1.00 l_log_likelihood=0.20 l_smoothness=1.00 
tol=2.50e-01, dt=5.00e-02, exp_k=20.0, momentum=0.90, levels=6, niter=500, lbl_dist=10.00, avgs=1, sigma=2.0,type=2, relabel=0, neg=yes

blurring input image with Gaussian with sigma=2.000...
GCAMRegisterLevel(): init RMS 0.411737
#GCMRL#  630 dt   0.000050 rms  0.412  0.000% neg 0  invalid 762 tFOTS 6.0600 tGradient 0.8640 tsec 7.2330

#GCAMreg# pass 0 level1 1 level2 1 tsec 20.539 sigma 0.5
l_jacobian=1.00 l_log_likelihood=0.20 l_smoothness=1.00 
tol=2.50e-01, dt=5.00e-02, exp_k=20.0, momentum=0.90, levels=6, niter=500, lbl_dist=10.00, avgs=1, sigma=0.5,type=2, relabel=0, neg=yes

blurring input image with Gaussian with sigma=0.500...
GCAMRegisterLevel(): init RMS 0.411737
resetting metric properties...
setting smoothness cost coefficient to 2.000

#GCAMreg# pass 0 level1 0 level2 0 tsec 0 sigma 2
l_jacobian=1.00 l_log_likelihood=0.20 l_smoothness=2.00 
tol=2.50e-01, dt=5.00e-02, exp_k=20.0, momentum=0.90, levels=6, niter=500, lbl_dist=10.00, avgs=0, sigma=2.0,type=2, relabel=0, neg=yes

blurring input image with Gaussian with sigma=2.000...
GCAMRegisterLevel(): init RMS 0.40196
#FOTS# QuadFit found better minimum quadopt=(dt=1.29363,rms=0.390819) vs oldopt=(dt=1.28,rms=0.390826)
iter 0, gcam->neg = 534
after 18 iterations, nbhd size=1, neg = 0
#GCMRL#  633 dt   1.293634 rms  0.393  2.199% neg 0  invalid 762 tFOTS 4.7350 tGradient 0.3630 tsec 12.3290
#FOTS# QuadFit found better minimum quadopt=(dt=2.34375e-05,rms=0.393123) vs oldopt=(dt=1.95313e-05,rms=0.393123)
#GCMRL#  634 dt   0.000023 rms  0.393  0.000% neg 0  invalid 762 tFOTS 5.7900 tGradient 0.3590 tsec 6.4750

#GCAMreg# pass 0 level1 0 level2 1 tsec 26.897 sigma 0.5
l_jacobian=1.00 l_log_likelihood=0.20 l_smoothness=2.00 
tol=2.50e-01, dt=5.00e-02, exp_k=20.0, momentum=0.90, levels=6, niter=500, lbl_dist=10.00, avgs=0, sigma=0.5,type=2, relabel=0, neg=yes

blurring input image with Gaussian with sigma=0.500...
GCAMRegisterLevel(): init RMS 0.393123
#FOTS# QuadFit found better minimum quadopt=(dt=0.112,rms=0.392849) vs oldopt=(dt=0.08,rms=0.392873)
#GCMRL#  636 dt   0.112000 rms  0.393  0.070% neg 0  invalid 762 tFOTS 5.2280 tGradient 0.3570 tsec 5.9100
#GCMRL#  637 dt   0.080000 rms  0.393  0.000% neg 0  invalid 762 tFOTS 5.1030 tGradient 0.3960 tsec 5.8750
#GCMRL#  638 dt   0.080000 rms  0.393  0.011% neg 0  invalid 762 tFOTS 0.0000 tGradient 0.3970 tsec 0.7400
GCAMregister done in 4.4545 min
writing output transformation to transforms/talairach.m3z...
GCAMwrite
Calls to gcamLogLikelihoodEnergy 4767 tmin = 2.0891
Calls to gcamLabelEnergy         4188 tmin = 1.42367
Calls to gcamJacobianEnergy      4767 tmin = 0.8806
Calls to gcamSmoothnessEnergy    4767 tmin = 5.60715
Calls to gcamLogLikelihoodTerm 640 tmin = 0.8478
Calls to gcamLabelTerm         586 tmin = 5.5921
Calls to gcamJacobianTerm      640 tmin = 1.15242
Calls to gcamSmoothnessTerm    640 tmin = 0.491567
Calls to gcamComputeGradient    640 tmin = 18.7861
Calls to gcamComputeMetricProperties    6536 tmin = 2.40582
mri_ca_register took 0 hours, 48 minutes and 5 seconds.
#VMPC# mri_ca_register VmPeak  3581432
FSRUNTIME@ mri_ca_register  0.8013 hours 16 threads
#--------------------------------------
#@# SubCort Seg Sun Mar  8 18:25:11 CET 2026

 mri_ca_label -relabel_unlikely 9 .3 -prior 0.5 -align norm.mgz transforms/talairach.m3z /opt/freesurfer/average/RB_all_2020-01-02.gca aseg.auto_noCCseg.mgz 

sysname  Linux
hostname dna020
machine  x86_64

setenv SUBJECTS_DIR /out/sourcedata/freesurfer
cd /out/sourcedata/freesurfer/sub-v1s14x0051559_ses-1/mri
mri_ca_label -relabel_unlikely 9 .3 -prior 0.5 -align norm.mgz transforms/talairach.m3z /opt/freesurfer/average/RB_all_2020-01-02.gca aseg.auto_noCCseg.mgz 

relabeling unlikely voxels with window_size = 9 and prior threshold 0.30
using Gibbs prior factor = 0.500
renormalizing sequences with structure alignment, equivalent to:
	-renormalize
	-renormalize_mean 0.500
	-regularize 0.500

== Number of threads available to for OpenMP = 16 == 
reading 1 input volumes
reading classifier array from /opt/freesurfer/average/RB_all_2020-01-02.gca
reading input volume from norm.mgz
average std[0] = 7.2
reading transform from transforms/talairach.m3z
setting orig areas to linear transform determinant scaled 6.79
Atlas used for the 3D morph was /opt/freesurfer/average/RB_all_2020-01-02.gca
average std = 7.2   using min determinant for regularization = 5.2
0 singular and 0 ill-conditioned covariance matrices regularized
labeling volume...
renormalizing by structure alignment....
renormalizing input #0
gca peak = 0.15521 (20)
mri peak = 0.09326 (22)
Left_Lateral_Ventricle (4): linear fit = 1.02 x + 0.0 (298 voxels, overlap=0.884)
Left_Lateral_Ventricle (4): linear fit = 1.02 x + 0.0 (298 voxels, peak = 20), gca=20.5
gca peak = 0.20380 (13)
mri peak = 0.08592 (22)
Right_Lateral_Ventricle (43): linear fit = 1.50 x + 0.0 (618 voxels, overlap=0.915)
Right_Lateral_Ventricle (43): linear fit = 1.50 x + 0.0 (618 voxels, peak = 19), gca=19.4
gca peak = 0.26283 (96)
mri peak = 0.15941 (101)
Right_Pallidum (52): linear fit = 1.04 x + 0.0 (869 voxels, overlap=0.574)
Right_Pallidum (52): linear fit = 1.04 x + 0.0 (869 voxels, peak = 100), gca=100.3
gca peak = 0.15814 (97)
mri peak = 0.14579 (99)
Left_Pallidum (13): linear fit = 1.04 x + 0.0 (702 voxels, overlap=0.740)
Left_Pallidum (13): linear fit = 1.04 x + 0.0 (702 voxels, peak = 101), gca=101.4
gca peak = 0.27624 (56)
mri peak = 0.11845 (70)
Right_Hippocampus (53): linear fit = 1.23 x + 0.0 (1020 voxels, overlap=0.073)
Right_Hippocampus (53): linear fit = 1.23 x + 0.0 (1020 voxels, peak = 69), gca=68.6
gca peak = 0.28723 (59)
mri peak = 0.09511 (71)
Left_Hippocampus (17): linear fit = 1.18 x + 0.0 (1077 voxels, overlap=0.021)
Left_Hippocampus (17): linear fit = 1.18 x + 0.0 (1077 voxels, peak = 70), gca=69.9
gca peak = 0.07623 (103)
mri peak = 0.19877 (105)
Right_Cerebral_White_Matter (41): linear fit = 1.00 x + 0.0 (65580 voxels, overlap=0.554)
Right_Cerebral_White_Matter (41): linear fit = 1.00 x + 0.0 (65580 voxels, peak = 104), gca=103.5
gca peak = 0.07837 (105)
mri peak = 0.18253 (105)
Left_Cerebral_White_Matter (2): linear fit = 1.00 x + 0.0 (69617 voxels, overlap=0.569)
Left_Cerebral_White_Matter (2): linear fit = 1.00 x + 0.0 (69617 voxels, peak = 105), gca=105.0
gca peak = 0.10165 (58)
mri peak = 0.03647 (67)
Left_Cerebral_Cortex (3): linear fit = 1.13 x + 0.0 (27848 voxels, overlap=0.645)
Left_Cerebral_Cortex (3): linear fit = 1.13 x + 0.0 (27848 voxels, peak = 66), gca=65.8
gca peak = 0.11113 (58)
mri peak = 0.03487 (68)
Right_Cerebral_Cortex (42): linear fit = 1.10 x + 0.0 (29014 voxels, overlap=0.669)
Right_Cerebral_Cortex (42): linear fit = 1.10 x + 0.0 (29014 voxels, peak = 64), gca=63.5
gca peak = 0.27796 (67)
mri peak = 0.11012 (84)
Right_Caudate (50): linear fit = 1.18 x + 0.0 (1344 voxels, overlap=0.023)
Right_Caudate (50): linear fit = 1.18 x + 0.0 (1344 voxels, peak = 79), gca=79.4
gca peak = 0.14473 (69)
mri peak = 0.11930 (82)
Left_Caudate (11): linear fit = 1.07 x + 0.0 (1247 voxels, overlap=0.508)
Left_Caudate (11): linear fit = 1.07 x + 0.0 (1247 voxels, peak = 73), gca=73.5
gca peak = 0.14301 (56)
mri peak = 0.04531 (61)
Left_Cerebellum_Cortex (8): linear fit = 1.04 x + 0.0 (27704 voxels, overlap=0.960)
Left_Cerebellum_Cortex (8): linear fit = 1.04 x + 0.0 (27704 voxels, peak = 59), gca=58.5
gca peak = 0.14610 (55)
mri peak = 0.04575 (60)
Right_Cerebellum_Cortex (47): linear fit = 1.04 x + 0.0 (28522 voxels, overlap=0.975)
Right_Cerebellum_Cortex (47): linear fit = 1.04 x + 0.0 (28522 voxels, peak = 57), gca=57.5
gca peak = 0.16309 (85)
mri peak = 0.12048 (92)
Left_Cerebellum_White_Matter (7): linear fit = 1.09 x + 0.0 (8753 voxels, overlap=0.121)
Left_Cerebellum_White_Matter (7): linear fit = 1.09 x + 0.0 (8753 voxels, peak = 92), gca=92.2
gca peak = 0.15172 (84)
mri peak = 0.14431 (90)
Right_Cerebellum_White_Matter (46): linear fit = 1.07 x + 0.0 (7836 voxels, overlap=0.214)
Right_Cerebellum_White_Matter (46): linear fit = 1.07 x + 0.0 (7836 voxels, peak = 89), gca=89.5
gca peak = 0.30461 (58)
mri peak = 0.08108 (77)
Left_Amygdala (18): linear fit = 1.30 x + 0.0 (520 voxels, overlap=0.069)
Left_Amygdala (18): linear fit = 1.30 x + 0.0 (520 voxels, peak = 76), gca=75.7
gca peak = 0.32293 (57)
mri peak = 0.08644 (69)
Right_Amygdala (54): linear fit = 1.26 x + 0.0 (671 voxels, overlap=0.054)
Right_Amygdala (54): linear fit = 1.26 x + 0.0 (671 voxels, peak = 72), gca=72.1
gca peak = 0.11083 (90)
mri peak = 0.07500 (97)
Left_Thalamus (10): linear fit = 1.08 x + 0.0 (6173 voxels, overlap=0.674)
Left_Thalamus (10): linear fit = 1.08 x + 0.0 (6173 voxels, peak = 97), gca=96.8
gca peak = 0.11393 (83)
mri peak = 0.07604 (90)
Right_Thalamus (49): linear fit = 1.12 x + 0.0 (5412 voxels, overlap=0.608)
Right_Thalamus (49): linear fit = 1.12 x + 0.0 (5412 voxels, peak = 93), gca=92.5
gca peak = 0.08575 (81)
mri peak = 0.12391 (91)
Left_Putamen (12): linear fit = 1.12 x + 0.0 (2300 voxels, overlap=0.219)
Left_Putamen (12): linear fit = 1.12 x + 0.0 (2300 voxels, peak = 91), gca=91.1
gca peak = 0.08618 (78)
mri peak = 0.08242 (92)
Right_Putamen (51): linear fit = 1.16 x + 0.0 (2449 voxels, overlap=0.262)
Right_Putamen (51): linear fit = 1.16 x + 0.0 (2449 voxels, peak = 91), gca=90.9
gca peak = 0.08005 (78)
mri peak = 0.09287 (88)
Brain_Stem (16): linear fit = 1.10 x + 0.0 (12376 voxels, overlap=0.429)
Brain_Stem (16): linear fit = 1.10 x + 0.0 (12376 voxels, peak = 85), gca=85.4
gca peak = 0.12854 (88)
mri peak = 0.09639 (94)
Right_VentralDC (60): linear fit = 1.09 x + 0.0 (1963 voxels, overlap=0.505)
Right_VentralDC (60): linear fit = 1.09 x + 0.0 (1963 voxels, peak = 95), gca=95.5
gca peak = 0.15703 (87)
mri peak = 0.11073 (94)
Left_VentralDC (28): linear fit = 1.10 x + 0.0 (1797 voxels, overlap=0.603)
Left_VentralDC (28): linear fit = 1.10 x + 0.0 (1797 voxels, peak = 95), gca=95.3
gca peak = 0.17522 (25)
mri peak = 0.13338 (21)
gca peak = 0.17113 (14)
mri peak = 0.12613 (16)
Fourth_Ventricle (15): linear fit = 0.93 x + 0.0 (159 voxels, overlap=0.650)
Fourth_Ventricle (15): linear fit = 0.93 x + 0.0 (159 voxels, peak = 13), gca=12.9
gca peak Unknown = 0.94777 ( 0)
gca peak Left_Inf_Lat_Vent = 0.16627 (28)
gca peak Third_Ventricle = 0.17522 (25)
gca peak CSF = 0.20346 (36)
gca peak Left_Accumbens_area = 0.70646 (62)
gca peak Left_undetermined = 1.00000 (28)
gca peak Left_vessel = 0.89917 (53)
gca peak Left_choroid_plexus = 0.11689 (35)
gca peak Right_Inf_Lat_Vent = 0.25504 (23)
gca peak Right_Accumbens_area = 0.31650 (65)
gca peak Right_vessel = 0.77268 (52)
gca peak Right_choroid_plexus = 0.13275 (38)
gca peak Fifth_Ventricle = 0.60973 (33)
gca peak WM_hypointensities = 0.11013 (77)
gca peak non_WM_hypointensities = 0.11354 (41)
gca peak Optic_Chiasm = 0.51646 (76)
not using caudate to estimate GM means
estimating mean gm scale to be 1.20 x + 0.0
estimating mean wm scale to be 1.00 x + 0.0
estimating mean csf scale to be 1.15 x + 0.0
Left_Pallidum too bright - rescaling by 0.998 (from 1.045) to 101.1 (was 101.4)
saving intensity scales to aseg.auto_noCCseg.label_intensities.txt
renormalizing by structure alignment....
renormalizing input #0
gca peak = 0.16757 (19)
mri peak = 0.09326 (22)
Left_Lateral_Ventricle (4): linear fit = 1.12 x + 0.0 (298 voxels, overlap=0.898)
Left_Lateral_Ventricle (4): linear fit = 1.12 x + 0.0 (298 voxels, peak = 21), gca=21.2
gca peak = 0.16292 (19)
mri peak = 0.08592 (22)
Right_Lateral_Ventricle (43): linear fit = 1.02 x + 0.0 (618 voxels, overlap=0.592)
Right_Lateral_Ventricle (43): linear fit = 1.02 x + 0.0 (618 voxels, peak = 19), gca=19.5
gca peak = 0.20912 (100)
mri peak = 0.15941 (101)
Right_Pallidum (52): linear fit = 1.00 x + 0.0 (869 voxels, overlap=1.000)
Right_Pallidum (52): linear fit = 1.00 x + 0.0 (869 voxels, peak = 100), gca=100.0
gca peak = 0.14336 (100)
mri peak = 0.14579 (99)
Left_Pallidum (13): linear fit = 1.00 x + 0.0 (702 voxels, overlap=0.999)
Left_Pallidum (13): linear fit = 1.00 x + 0.0 (702 voxels, peak = 100), gca=100.0
gca peak = 0.24476 (68)
mri peak = 0.11845 (70)
Right_Hippocampus (53): linear fit = 0.96 x + 0.0 (1020 voxels, overlap=0.875)
Right_Hippocampus (53): linear fit = 0.96 x + 0.0 (1020 voxels, peak = 66), gca=65.6
gca peak = 0.31403 (67)
mri peak = 0.09511 (71)
Left_Hippocampus (17): linear fit = 0.99 x + 0.0 (1077 voxels, overlap=1.004)
Left_Hippocampus (17): linear fit = 0.99 x + 0.0 (1077 voxels, peak = 66), gca=66.0
gca peak = 0.07891 (104)
mri peak = 0.19877 (105)
Right_Cerebral_White_Matter (41): linear fit = 1.00 x + 0.0 (65580 voxels, overlap=0.564)
Right_Cerebral_White_Matter (41): linear fit = 1.00 x + 0.0 (65580 voxels, peak = 104), gca=104.0
gca peak = 0.07837 (105)
mri peak = 0.18253 (105)
Left_Cerebral_White_Matter (2): linear fit = 1.00 x + 0.0 (69617 voxels, overlap=0.570)
Left_Cerebral_White_Matter (2): linear fit = 1.00 x + 0.0 (69617 voxels, peak = 105), gca=105.0
gca peak = 0.08854 (66)
mri peak = 0.03647 (67)
Left_Cerebral_Cortex (3): linear fit = 0.99 x + 0.0 (27848 voxels, overlap=0.892)
Left_Cerebral_Cortex (3): linear fit = 0.99 x + 0.0 (27848 voxels, peak = 65), gca=65.0
gca peak = 0.10319 (64)
mri peak = 0.03487 (68)
Right_Cerebral_Cortex (42): linear fit = 1.02 x + 0.0 (29014 voxels, overlap=0.939)
Right_Cerebral_Cortex (42): linear fit = 1.02 x + 0.0 (29014 voxels, peak = 66), gca=65.6
gca peak = 0.21183 (79)
mri peak = 0.11012 (84)
Right_Caudate (50): linear fit = 1.00 x + 0.0 (1344 voxels, overlap=1.001)
Right_Caudate (50): linear fit = 1.00 x + 0.0 (1344 voxels, peak = 79), gca=79.0
gca peak = 0.12311 (80)
mri peak = 0.11930 (82)
Left_Caudate (11): linear fit = 1.02 x + 0.0 (1247 voxels, overlap=0.832)
Left_Caudate (11): linear fit = 1.02 x + 0.0 (1247 voxels, peak = 82), gca=82.0
gca peak = 0.13218 (58)
mri peak = 0.04531 (61)
Left_Cerebellum_Cortex (8): linear fit = 1.02 x + 0.0 (27704 voxels, overlap=0.988)
Left_Cerebellum_Cortex (8): linear fit = 1.02 x + 0.0 (27704 voxels, peak = 59), gca=59.4
gca peak = 0.15465 (58)
mri peak = 0.04575 (60)
Right_Cerebellum_Cortex (47): linear fit = 1.02 x + 0.0 (28522 voxels, overlap=0.995)
Right_Cerebellum_Cortex (47): linear fit = 1.02 x + 0.0 (28522 voxels, peak = 59), gca=59.4
gca peak = 0.14916 (92)
mri peak = 0.12048 (92)
Left_Cerebellum_White_Matter (7): linear fit = 1.00 x + 0.0 (8753 voxels, overlap=0.864)
Left_Cerebellum_White_Matter (7): linear fit = 1.00 x + 0.0 (8753 voxels, peak = 92), gca=91.5
gca peak = 0.16765 (90)
mri peak = 0.14431 (90)
Right_Cerebellum_White_Matter (46): linear fit = 1.01 x + 0.0 (7836 voxels, overlap=0.774)
Right_Cerebellum_White_Matter (46): linear fit = 1.01 x + 0.0 (7836 voxels, peak = 91), gca=91.3
gca peak = 0.19676 (76)
mri peak = 0.08108 (77)
Left_Amygdala (18): linear fit = 1.00 x + 0.0 (520 voxels, overlap=1.018)
Left_Amygdala (18): linear fit = 1.00 x + 0.0 (520 voxels, peak = 76), gca=76.0
gca peak = 0.27345 (72)
mri peak = 0.08644 (69)
Right_Amygdala (54): linear fit = 1.03 x + 0.0 (671 voxels, overlap=1.004)
Right_Amygdala (54): linear fit = 1.03 x + 0.0 (671 voxels, peak = 75), gca=74.5
gca peak = 0.10232 (95)
mri peak = 0.07500 (97)
Left_Thalamus (10): linear fit = 1.00 x + 0.0 (6173 voxels, overlap=0.912)
Left_Thalamus (10): linear fit = 1.00 x + 0.0 (6173 voxels, peak = 95), gca=95.5
gca peak = 0.10403 (90)
mri peak = 0.07604 (90)
Right_Thalamus (49): linear fit = 0.99 x + 0.0 (5412 voxels, overlap=0.967)
Right_Thalamus (49): linear fit = 0.99 x + 0.0 (5412 voxels, peak = 89), gca=88.7
gca peak = 0.08343 (86)
mri peak = 0.12391 (91)
Left_Putamen (12): linear fit = 0.99 x + 0.0 (2300 voxels, overlap=0.727)
Left_Putamen (12): linear fit = 0.99 x + 0.0 (2300 voxels, peak = 85), gca=84.7
gca peak = 0.08492 (90)
mri peak = 0.08242 (92)
Right_Putamen (51): linear fit = 0.99 x + 0.0 (2449 voxels, overlap=0.867)
Right_Putamen (51): linear fit = 0.99 x + 0.0 (2449 voxels, peak = 89), gca=88.7
gca peak = 0.08548 (86)
mri peak = 0.09287 (88)
Brain_Stem (16): linear fit = 1.01 x + 0.0 (12376 voxels, overlap=0.766)
Brain_Stem (16): linear fit = 1.01 x + 0.0 (12376 voxels, peak = 87), gca=87.3
gca peak = 0.11622 (97)
mri peak = 0.09639 (94)
Right_VentralDC (60): linear fit = 1.00 x + 0.0 (1963 voxels, overlap=0.818)
Right_VentralDC (60): linear fit = 1.00 x + 0.0 (1963 voxels, peak = 97), gca=96.5
gca peak = 0.13275 (95)
mri peak = 0.11073 (94)
Left_VentralDC (28): linear fit = 1.00 x + 0.0 (1797 voxels, overlap=0.915)
Left_VentralDC (28): linear fit = 1.00 x + 0.0 (1797 voxels, peak = 95), gca=95.0
gca peak = 0.17351 (29)
mri peak = 0.13338 (21)
gca peak = 0.19338 (13)
mri peak = 0.12613 (16)
Fourth_Ventricle (15): linear fit = 0.98 x + 0.0 (159 voxels, overlap=0.771)
Fourth_Ventricle (15): linear fit = 0.98 x + 0.0 (159 voxels, peak = 13), gca=12.7
gca peak Unknown = 0.94777 ( 0)
gca peak Left_Inf_Lat_Vent = 0.15385 (33)
gca peak Third_Ventricle = 0.17351 (29)
gca peak CSF = 0.16835 (41)
gca peak Left_Accumbens_area = 0.61886 (66)
gca peak Left_undetermined = 1.00000 (28)
gca peak Left_vessel = 0.89837 (53)
gca peak Left_choroid_plexus = 0.11538 (35)
gca peak Right_Inf_Lat_Vent = 0.22619 (28)
gca peak Right_Accumbens_area = 0.31512 (77)
gca peak Right_vessel = 0.77268 (52)
gca peak Right_choroid_plexus = 0.13289 (38)
gca peak Fifth_Ventricle = 0.78934 (37)
gca peak WM_hypointensities = 0.09923 (76)
gca peak non_WM_hypointensities = 0.14782 (41)
gca peak Optic_Chiasm = 0.52419 (76)
not using caudate to estimate GM means
estimating mean gm scale to be 1.00 x + 0.0
estimating mean wm scale to be 1.00 x + 0.0
estimating mean csf scale to be 1.04 x + 0.0
saving intensity scales to aseg.auto_noCCseg.label_intensities.txt
saving sequentially combined intensity scales to aseg.auto_noCCseg.label_intensities.txt
71994 voxels changed in iteration 0 of unlikely voxel relabeling
289 voxels changed in iteration 1 of unlikely voxel relabeling
16 voxels changed in iteration 2 of unlikely voxel relabeling
0 voxels changed in iteration 3 of unlikely voxel relabeling
55055 gm and wm labels changed (%20 to gray, %80 to white out of all changed labels)
283 hippocampal voxels changed.
0 amygdala voxels changed.
Reclassifying using Gibbs Priors
pass 1: 74679 changed. image ll: -2.114, PF=0.500
pass 2: 21126 changed. image ll: -2.113, PF=0.500
pass 3: 6234 changed.
pass 4: 2284 changed.
57499 voxels changed in iteration 0 of unlikely voxel relabeling
346 voxels changed in iteration 1 of unlikely voxel relabeling
16 voxels changed in iteration 2 of unlikely voxel relabeling
8 voxels changed in iteration 3 of unlikely voxel relabeling
0 voxels changed in iteration 4 of unlikely voxel relabeling
8895 voxels changed in iteration 0 of unlikely voxel relabeling
147 voxels changed in iteration 1 of unlikely voxel relabeling
10 voxels changed in iteration 2 of unlikely voxel relabeling
2 voxels changed in iteration 3 of unlikely voxel relabeling
0 voxels changed in iteration 4 of unlikely voxel relabeling
7302 voxels changed in iteration 0 of unlikely voxel relabeling
67 voxels changed in iteration 1 of unlikely voxel relabeling
8 voxels changed in iteration 2 of unlikely voxel relabeling
0 voxels changed in iteration 3 of unlikely voxel relabeling
5816 voxels changed in iteration 0 of unlikely voxel relabeling
37 voxels changed in iteration 1 of unlikely voxel relabeling
7 voxels changed in iteration 2 of unlikely voxel relabeling
4 voxels changed in iteration 3 of unlikely voxel relabeling
5 voxels changed in iteration 4 of unlikely voxel relabeling
 !!!!!!!!! ventricle segment 1 with volume 4283 above threshold 100 - not erasing !!!!!!!!!!
 !!!!!!!!! ventricle segment 4 with volume 157 above threshold 100 - not erasing !!!!!!!!!!
 !!!!!!!!! ventricle segment 1 with volume 4986 above threshold 100 - not erasing !!!!!!!!!!
writing labeled volume to aseg.auto_noCCseg.mgz
mri_ca_label utimesec    2075.058422
mri_ca_label stimesec    3.564616
mri_ca_label ru_maxrss   2093088
mri_ca_label ru_ixrss    0
mri_ca_label ru_idrss    0
mri_ca_label ru_isrss    0
mri_ca_label ru_minflt   4687860
mri_ca_label ru_majflt   9
mri_ca_label ru_nswap    0
mri_ca_label ru_inblock  1142
mri_ca_label ru_oublock  728
mri_ca_label ru_msgsnd   0
mri_ca_label ru_msgrcv   0
mri_ca_label ru_nsignals 0
mri_ca_label ru_nvcsw    1953
mri_ca_label ru_nivcsw   1478
auto-labeling took 33 minutes and 27 seconds.
#--------------------------------------
#@# CC Seg Sun Mar  8 18:58:39 CET 2026

 mri_cc -aseg aseg.auto_noCCseg.mgz -o aseg.auto.mgz -lta /out/sourcedata/freesurfer/sub-v1s14x0051559_ses-1/mri/transforms/cc_up.lta sub-v1s14x0051559_ses-1 

will read input aseg from aseg.auto_noCCseg.mgz
writing aseg with cc labels to aseg.auto.mgz
will write lta as /out/sourcedata/freesurfer/sub-v1s14x0051559_ses-1/mri/transforms/cc_up.lta
reading aseg from /out/sourcedata/freesurfer/sub-v1s14x0051559_ses-1/mri/aseg.auto_noCCseg.mgz
reading norm from /out/sourcedata/freesurfer/sub-v1s14x0051559_ses-1/mri/norm.mgz
70131 voxels in left wm, 106288 in right wm, xrange [119, 136]
searching rotation angles z=[-9  5], y=[-11  3]
searching scale 1 Z rot -9.4  searching scale 1 Z rot -9.2  searching scale 1 Z rot -8.9  searching scale 1 Z rot -8.7  searching scale 1 Z rot -8.4  searching scale 1 Z rot -8.2  searching scale 1 Z rot -7.9  searching scale 1 Z rot -7.7  searching scale 1 Z rot -7.4  searching scale 1 Z rot -7.2  searching scale 1 Z rot -6.9  searching scale 1 Z rot -6.7  searching scale 1 Z rot -6.4  searching scale 1 Z rot -6.2  searching scale 1 Z rot -5.9  searching scale 1 Z rot -5.7  searching scale 1 Z rot -5.4  searching scale 1 Z rot -5.2  searching scale 1 Z rot -4.9  searching scale 1 Z rot -4.7  searching scale 1 Z rot -4.4  searching scale 1 Z rot -4.2  searching scale 1 Z rot -3.9  searching scale 1 Z rot -3.7  searching scale 1 Z rot -3.4  searching scale 1 Z rot -3.2  searching scale 1 Z rot -2.9  searching scale 1 Z rot -2.7  searching scale 1 Z rot -2.4  searching scale 1 Z rot -2.2  searching scale 1 Z rot -1.9  searching scale 1 Z rot -1.7  searching scale 1 Z rot -1.4  searching scale 1 Z rot -1.2  searching scale 1 Z rot -0.9  searching scale 1 Z rot -0.7  searching scale 1 Z rot -0.4  searching scale 1 Z rot -0.2  searching scale 1 Z rot 0.1  searching scale 1 Z rot 0.3  searching scale 1 Z rot 0.6  searching scale 1 Z rot 0.8  searching scale 1 Z rot 1.1  searching scale 1 Z rot 1.3  searching scale 1 Z rot 1.6  searching scale 1 Z rot 1.8  searching scale 1 Z rot 2.1  searching scale 1 Z rot 2.3  searching scale 1 Z rot 2.6  searching scale 1 Z rot 2.8  searching scale 1 Z rot 3.1  searching scale 1 Z rot 3.3  searching scale 1 Z rot 3.6  searching scale 1 Z rot 3.8  searching scale 1 Z rot 4.1  searching scale 1 Z rot 4.3  global minimum found at slice 128.4, rotations (-4.43, -2.44)
final transformation (x=128.4, yr=-4.428, zr=-2.442):
 0.99611   0.04260  -0.07714   2.98180;
-0.04247   0.99909   0.00329   13.22156;
 0.07721  -0.00000   0.99702   15.39811;
 0.00000   0.00000   0.00000   1.00000;
updating x range to be [126, 131] in xformed coordinates
best xformed slice 128
min_x_fornix = 145
min_x_fornix = 149
min_x_fornix = 153
min_x_fornix = 158
min_x_fornix = 148
cc center is found at 128 120 103
eigenvectors:
 0.00155  -0.00725   0.99997;
-0.07302  -0.99731  -0.00712;
 0.99733  -0.07300  -0.00207;
writing aseg with callosum to /out/sourcedata/freesurfer/sub-v1s14x0051559_ses-1/mri/aseg.auto.mgz...
corpus callosum segmentation took 0.8 minutes
#VMPC# mri_cc VmPeak  556824
mri_cc done
#--------------------------------------
#@# Merge ASeg Sun Mar  8 18:59:26 CET 2026

 cp aseg.auto.mgz aseg.presurf.mgz 

#--------------------------------------------
#@# Intensity Normalization2 Sun Mar  8 18:59:26 CET 2026
/out/sourcedata/freesurfer/sub-v1s14x0051559_ses-1/mri

 mri_normalize -seed 1234 -mprage -aseg aseg.presurf.mgz -mask brainmask.mgz norm.mgz brain.mgz 

setting seed for random number genererator to 1234
assuming input volume is MGH (Van der Kouwe) MP-RAGE
using segmentation for initial intensity normalization
using MR volume brainmask.mgz to mask input volume...
reading mri_src from norm.mgz...
Reading aseg aseg.presurf.mgz
normalizing image...
NOT doing gentle normalization with control points/label
processing with aseg
removing outliers in the aseg WM...
443 control points removed
Building bias image
building Voronoi diagram...
performing soap bubble smoothing, sigma = 0...
Smoothing with sigma 8
Applying bias correction
building Voronoi diagram...
performing soap bubble smoothing, sigma = 8...

Iterating 2 times
---------------------------------
3d normalization pass 1 of 2
white matter peak found at 110
white matter peak found at 110
gm peak at 78 (78), valley at 39 (39)
csf peak at 39, setting threshold to 65
building Voronoi diagram...
performing soap bubble smoothing, sigma = 8...
---------------------------------
3d normalization pass 2 of 2
white matter peak found at 110
white matter peak found at 110
gm peak at 72 (72), valley at 30 (30)
csf peak at 36, setting threshold to 60
building Voronoi diagram...
performing soap bubble smoothing, sigma = 8...
Done iterating ---------------------------------
writing output to brain.mgz
3D bias adjustment took 2 minutes and 16 seconds.
#--------------------------------------------
#@# Mask BFS Sun Mar  8 19:01:44 CET 2026
/out/sourcedata/freesurfer/sub-v1s14x0051559_ses-1/mri

 mri_mask -T 5 brain.mgz brainmask.mgz brain.finalsurfs.mgz 

threshold mask volume at 5
DoAbs = 0
Found 1608150 voxels in mask (pct=  9.59)
Writing masked volume to brain.finalsurfs.mgz...done.
#--------------------------------------------
#@# WM Segmentation Sun Mar  8 19:01:44 CET 2026

 AntsDenoiseImageFs -i brain.mgz -o antsdn.brain.mgz 


 mri_segment -wsizemm 13 -mprage antsdn.brain.mgz wm.seg.mgz 

wsizemm = 13, voxres = 1, wsize = 13
Widening wm low from 89 to 79
assuming input volume is MGH (Van der Kouwe) MP-RAGE
wm mean:  110
wsize:    13
wm low:   79
wm hi:    125
gray low: 30
gray hi:  99
Doing initial trinary intensity segmentation 
Using local statistics to label ambiguous voxels
Autodetecting stats
Computing class statistics for intensity windows...
CCS WM (102.0): 102.3 +- 6.0 [79.0 --> 125.0]
CCS GM (73.0) : 71.8 +- 10.7 [30.0 --> 95.0]
 white_mean 102.337
 white_sigma 6.0366
 gray_mean 71.7859
 gray_sigma 10.7346
setting bottom of white matter range wm_low to 82.5
setting top of gray matter range gray_hi to 93.3
 wm_low 82.5204
 wm_hi  125
 gray_low 30
 gray_hi  93.255
Redoing initial intensity segmentation...
Recomputing local statistics to label ambiguous voxels...
 wm_low 82.5204
 wm_hi  125
 gray_low 30
 gray_hi  93.255
using local geometry to label remaining ambiguous voxels...
polvwsize = 5, polvlen = 3, gray_hi = 93.255, wm_low = 82.5204
MRIcpolvMedianCurveSegment(): wsize=5, len=3, gmhi=93.255, wmlow=82.5204
    167379 voxels processed (1.00%)
     78962 voxels white (0.47%)
     88417 voxels non-white (0.53%)

Reclassifying voxels using Gaussian border classifier niter=1
MRIreclassify(): wm_low=77.5204, gray_hi=93.255, wsize=13
    289504 voxels tested (1.73%)
     64016 voxels changed (0.38%)
     60706 multi-scale searches  (0.36%)
Recovering bright white
MRIrecoverBrightWhite()
 wm_low 82.5204
 wm_hi 125
 slack 6.0366
 pct_thresh 0.33
 intensity_thresh 131.037
 nvox_thresh 8.58
      277 voxels tested (0.00%)
      205 voxels changed (0.00%)

removing voxels with positive offset direction...
MRIremoveWrongDirection() wsize=3, lowthr=77.5204, hithr=93.255
  smoothing input volume with sigma = 0.250
   123685 voxels tested (0.74%)
    23599 voxels changed (0.14%)
thicken = 1
removing 1-dimensional structures...
MRIremove1dStructures(): max_iter=10000, thresh=2, WM_MIN_VAL=5
 4301 sparsely connected voxels removed in 1 iterations
thickening thin strands....
thickness 4
nsegments 20
wm_hi 125
1876 diagonally connected voxels added...
MRIthickenThinWMStrands(): thickness=4, nsegments=20
  20 segments, 3605 filled
MRIfindBrightNonWM(): 1164 bright non-wm voxels segmented.
MRIfilterMorphology() WM_MIN_VAL=5, DIAGONAL_FILL=230
white matter segmentation took 1.1 minutes
writing output to wm.seg.mgz...

 mri_edit_wm_with_aseg -keep-in wm.seg.mgz brain.mgz aseg.presurf.mgz wm.asegedit.mgz 

preserving editing changes in input volume...
auto filling took 0.41 minutes
reading wm segmentation from wm.seg.mgz...
0 voxels added to wm to prevent paths from MTL structures to cortex
2381 additional wm voxels added
0 additional wm voxels added
SEG EDIT: 31966 voxels turned on, 47710 voxels turned off.
propagating editing to output volume from wm.seg.mgz
writing edited volume to wm.asegedit.mgz....

 mri_pretess wm.asegedit.mgz wm norm.mgz wm.mgz 


Iteration Number : 1
pass   1 (xy+):  19 found -  19 modified     |    TOTAL:  19
pass   2 (xy+):   0 found -  19 modified     |    TOTAL:  19
pass   1 (xy-):  28 found -  28 modified     |    TOTAL:  47
pass   2 (xy-):   0 found -  28 modified     |    TOTAL:  47
pass   1 (yz+):  40 found -  40 modified     |    TOTAL:  87
pass   2 (yz+):   0 found -  40 modified     |    TOTAL:  87
pass   1 (yz-):  17 found -  17 modified     |    TOTAL: 104
pass   2 (yz-):   0 found -  17 modified     |    TOTAL: 104
pass   1 (xz+):  19 found -  19 modified     |    TOTAL: 123
pass   2 (xz+):   0 found -  19 modified     |    TOTAL: 123
pass   1 (xz-):  18 found -  18 modified     |    TOTAL: 141
pass   2 (xz-):   0 found -  18 modified     |    TOTAL: 141
Iteration Number : 1
pass   1 (+++):  38 found -  38 modified     |    TOTAL:  38
pass   2 (+++):   0 found -  38 modified     |    TOTAL:  38
pass   1 (+++):  16 found -  16 modified     |    TOTAL:  54
pass   2 (+++):   0 found -  16 modified     |    TOTAL:  54
pass   1 (+++):  29 found -  29 modified     |    TOTAL:  83
pass   2 (+++):   0 found -  29 modified     |    TOTAL:  83
pass   1 (+++):  25 found -  25 modified     |    TOTAL: 108
pass   2 (+++):   0 found -  25 modified     |    TOTAL: 108
Iteration Number : 1
pass   1 (++): 129 found - 129 modified     |    TOTAL: 129
pass   2 (++):   0 found - 129 modified     |    TOTAL: 129
pass   1 (+-): 101 found - 101 modified     |    TOTAL: 230
pass   2 (+-):   0 found - 101 modified     |    TOTAL: 230
pass   1 (--):  42 found -  42 modified     |    TOTAL: 272
pass   2 (--):   0 found -  42 modified     |    TOTAL: 272
pass   1 (-+):  72 found -  72 modified     |    TOTAL: 344
pass   2 (-+):   0 found -  72 modified     |    TOTAL: 344
Iteration Number : 2
pass   1 (xy+):   8 found -   8 modified     |    TOTAL:   8
pass   2 (xy+):   0 found -   8 modified     |    TOTAL:   8
pass   1 (xy-):   8 found -   8 modified     |    TOTAL:  16
pass   2 (xy-):   0 found -   8 modified     |    TOTAL:  16
pass   1 (yz+):   8 found -   8 modified     |    TOTAL:  24
pass   2 (yz+):   0 found -   8 modified     |    TOTAL:  24
pass   1 (yz-):   7 found -   7 modified     |    TOTAL:  31
pass   2 (yz-):   0 found -   7 modified     |    TOTAL:  31
pass   1 (xz+):   8 found -   8 modified     |    TOTAL:  39
pass   2 (xz+):   0 found -   8 modified     |    TOTAL:  39
pass   1 (xz-):   5 found -   5 modified     |    TOTAL:  44
pass   2 (xz-):   0 found -   5 modified     |    TOTAL:  44
Iteration Number : 2
pass   1 (+++):   8 found -   8 modified     |    TOTAL:   8
pass   2 (+++):   0 found -   8 modified     |    TOTAL:   8
pass   1 (+++):   5 found -   5 modified     |    TOTAL:  13
pass   2 (+++):   0 found -   5 modified     |    TOTAL:  13
pass   1 (+++):   1 found -   1 modified     |    TOTAL:  14
pass   2 (+++):   0 found -   1 modified     |    TOTAL:  14
pass   1 (+++):   0 found -   0 modified     |    TOTAL:  14
Iteration Number : 2
pass   1 (++):   5 found -   5 modified     |    TOTAL:   5
pass   2 (++):   0 found -   5 modified     |    TOTAL:   5
pass   1 (+-):   3 found -   3 modified     |    TOTAL:   8
pass   2 (+-):   0 found -   3 modified     |    TOTAL:   8
pass   1 (--):   2 found -   2 modified     |    TOTAL:  10
pass   2 (--):   0 found -   2 modified     |    TOTAL:  10
pass   1 (-+):   4 found -   4 modified     |    TOTAL:  14
pass   2 (-+):   0 found -   4 modified     |    TOTAL:  14
Iteration Number : 3
pass   1 (xy+):   2 found -   2 modified     |    TOTAL:   2
pass   2 (xy+):   0 found -   2 modified     |    TOTAL:   2
pass   1 (xy-):   0 found -   0 modified     |    TOTAL:   2
pass   1 (yz+):   3 found -   3 modified     |    TOTAL:   5
pass   2 (yz+):   0 found -   3 modified     |    TOTAL:   5
pass   1 (yz-):   0 found -   0 modified     |    TOTAL:   5
pass   1 (xz+):   4 found -   4 modified     |    TOTAL:   9
pass   2 (xz+):   0 found -   4 modified     |    TOTAL:   9
pass   1 (xz-):   0 found -   0 modified     |    TOTAL:   9
Iteration Number : 3
pass   1 (+++):   0 found -   0 modified     |    TOTAL:   0
pass   1 (+++):   0 found -   0 modified     |    TOTAL:   0
pass   1 (+++):   0 found -   0 modified     |    TOTAL:   0
pass   1 (+++):   0 found -   0 modified     |    TOTAL:   0
Iteration Number : 3
pass   1 (++):   0 found -   0 modified     |    TOTAL:   0
pass   1 (+-):   0 found -   0 modified     |    TOTAL:   0
pass   1 (--):   0 found -   0 modified     |    TOTAL:   0
pass   1 (-+):   1 found -   1 modified     |    TOTAL:   1
pass   2 (-+):   0 found -   1 modified     |    TOTAL:   1
Iteration Number : 4
pass   1 (xy+):   0 found -   0 modified     |    TOTAL:   0
pass   1 (xy-):   0 found -   0 modified     |    TOTAL:   0
pass   1 (yz+):   0 found -   0 modified     |    TOTAL:   0
pass   1 (yz-):   0 found -   0 modified     |    TOTAL:   0
pass   1 (xz+):   0 found -   0 modified     |    TOTAL:   0
pass   1 (xz-):   0 found -   0 modified     |    TOTAL:   0
Iteration Number : 4
pass   1 (+++):   0 found -   0 modified     |    TOTAL:   0
pass   1 (+++):   0 found -   0 modified     |    TOTAL:   0
pass   1 (+++):   0 found -   0 modified     |    TOTAL:   0
pass   1 (+++):   0 found -   0 modified     |    TOTAL:   0
Iteration Number : 4
pass   1 (++):   0 found -   0 modified     |    TOTAL:   0
pass   1 (+-):   0 found -   0 modified     |    TOTAL:   0
pass   1 (--):   0 found -   0 modified     |    TOTAL:   0
pass   1 (-+):   0 found -   0 modified     |    TOTAL:   0

Total Number of Modified Voxels = 675 (out of 719734: 0.093785)
binarizing input wm segmentation...
Ambiguous edge configurations... 

mri_pretess done

#--------------------------------------------
#@# Fill Sun Mar  8 19:03:52 CET 2026
/out/sourcedata/freesurfer/sub-v1s14x0051559_ses-1/mri

 mri_fill -a ../scripts/ponscc.cut.log -xform transforms/talairach.lta -segmentation aseg.presurf.mgz -ctab /opt/freesurfer/SubCorticalMassLUT.txt wm.mgz filled.mgz 

logging cutting plane coordinates to ../scripts/ponscc.cut.log...
INFO: Using transforms/talairach.lta and its offset for Talairach volume ...
using segmentation aseg.presurf.mgz...
reading input volume...done.
searching for cutting planes...voxel to talairach voxel transform
 1.04942   0.02181  -0.07138  -3.96002;
-0.01114   1.09972   0.22558  -51.63283;
 0.06121  -0.17097   0.98208   16.12096;
 0.00000   0.00000   0.00000   1.00000;
voxel to talairach voxel transform
 1.04942   0.02181  -0.07138  -3.96002;
-0.01114   1.09972   0.22558  -51.63283;
 0.06121  -0.17097   0.98208   16.12096;
 0.00000   0.00000   0.00000   1.00000;
reading segmented volume aseg.presurf.mgz
removing CC from segmentation
Looking for area (min, max) = (350, 1400)
area[0] = 1708 (min = 350, max = 1400), aspect = 0.53 (min = 0.10, max = 0.75)
need search nearby
using seed (126, 124, 151), TAL = (2.0, 23.0, 4.0)
talairach voxel to voxel transform
 0.94870  -0.00781   0.07075   2.21291;
 0.02099   0.87780  -0.20010   48.63219;
-0.05548   0.15331   0.97900  -8.08652;
 0.00000   0.00000   0.00000   1.00000;
segmentation indicates cc at (126,  124,  151) --> (2.0, 23.0, 4.0)
done.
filling took 1.0 minutes
talairach cc position changed to (2.00, 23.00, 4.00)
Erasing brainstem...done.
seed_search_size = 9, min_neighbors = 5
search rh wm seed point around talairach space:(20.00, 23.00, 4.00) SRC: (114.39, 129.53, 152.76)
search lh wm seed point around talairach space (-16.00, 23.00, 4.00), SRC: (148.54, 130.29, 150.76)
compute mri_fill using aseg
Erasing Brain Stem and Cerebellum ...
Define left and right masks using aseg:
Building Voronoi diagram ...
Using the Voronoi diagram for separating WM into two hemispheres ...
Find the largest connected component for each hemisphere ...
Embedding colortable
mri_fill done, writing output to filled.mgz...
 cp filled.mgz filled.auto.mgz

Started at Sun Mar 8 17:35:48 CET 2026 
Ended   at Sun Mar 8 19:04:54 CET 2026
#@#%# recon-all-run-time-hours 1.485
recon-all -s sub-v1s14x0051559_ses-1 finished without error at Sun Mar  8 19:04:54 CET 2026



#New# invocation of recon-all 




Sun Mar  8 20:26:08 CET 2026
cd /out/sourcedata/freesurfer/sub-v1s14x0051559_ses-1
setenv SUBJECTS_DIR /out/sourcedata/freesurfer
/opt/freesurfer/bin/recon-all -parallel -subjid sub-v1s14x0051559_ses-1 -sd /out/sourcedata/freesurfer -cortribbon

subjid sub-v1s14x0051559_ses-1
setenv SUBJECTS_DIR /out/sourcedata/freesurfer
FREESURFER_HOME /opt/freesurfer
Actual FREESURFER_HOME /opt/freesurfer
build-stamp.txt: freesurfer-linux-ubuntu22_x86_64-7.3.2-20220804-6354275
Linux dna020 5.14.0-427.37.1.el9_4.x86_64 #1 SMP PREEMPT_DYNAMIC Fri Sep 13 12:41:50 EDT 2024 x86_64 x86_64 x86_64 GNU/Linux
cputime      unlimited
filesize     unlimited
datasize     unlimited
stacksize    8192 kbytes
coredumpsize 0 kbytes
memoryuse    67108864 kbytes
vmemoryuse   unlimited
descriptors  1024 
memorylocked unlimited
maxproc      2061970 
maxlocks     unlimited
maxsignal    2061970 
maxmessage   819200 
maxnice      0 
maxrtprio    0 
maxrttime    unlimited

               total        used        free      shared  buff/cache   available
Mem:           503Gi        53Gi       196Gi        34Gi       253Gi       412Gi
Swap:             0B          0B          0B

########################################
program versions used
7.3.2 (freesurfer-linux-ubuntu22_x86_64-7.3.2-20220804-6354275)
7.3.2

ProgramName: lta_convert  ProgramArguments: lta_convert -all-info  ProgramVersion: 7.3.2  TimeStamp: 2026/03/08-19:26:08-GMT  BuildTime: Aug  4 2022 06:17:15  BuildStamp: freesurfer-linux-ubuntu22_x86_64-7.3.2-20220804-6354275  User: oesteban  Machine: dna020  Platform: Linux  PlatformVersion: 5.14.0-427.37.1.el9_4.x86_64  CompilerName: GCC  CompilerVersion: 8.4.0
ProgramName: mri_and  ProgramArguments: mri_and -all-info  ProgramVersion: 7.3.2  TimeStamp: 2026/03/08-19:26:08-GMT  BuildTime: Aug  4 2022 06:17:15  BuildStamp: freesurfer-linux-ubuntu22_x86_64-7.3.2-20220804-6354275  User: oesteban  Machine: dna020  Platform: Linux  PlatformVersion: 5.14.0-427.37.1.el9_4.x86_64  CompilerName: GCC  CompilerVersion: 8.4.0
ProgramName: mri_annotation2label  ProgramArguments: mri_annotation2label -all-info  ProgramVersion: 7.3.2  TimeStamp: 2026/03/08-19:26:08-GMT  BuildTime: Aug  4 2022 06:17:15  BuildStamp: freesurfer-linux-ubuntu22_x86_64-7.3.2-20220804-6354275  User: oesteban  Machine: dna020  Platform: Linux  PlatformVersion: 5.14.0-427.37.1.el9_4.x86_64  CompilerName: GCC  CompilerVersion: 8.4.0
ProgramName: mri_aparc2aseg  ProgramArguments: mri_aparc2aseg -all-info  ProgramVersion: 7.3.2  TimeStamp: 2026/03/08-19:26:08-GMT  BuildTime: Aug  4 2022 06:17:15  BuildStamp: freesurfer-linux-ubuntu22_x86_64-7.3.2-20220804-6354275  User: oesteban  Machine: dna020  Platform: Linux  PlatformVersion: 5.14.0-427.37.1.el9_4.x86_64  CompilerName: GCC  CompilerVersion: 8.4.0
ProgramName: mri_surf2volseg  ProgramArguments: mri_surf2volseg -all-info  ProgramVersion: 7.3.2  TimeStamp: 2026/03/08-19:26:08-GMT  BuildTime: Aug  4 2022 06:17:15  BuildStamp: freesurfer-linux-ubuntu22_x86_64-7.3.2-20220804-6354275  User: oesteban  Machine: dna020  Platform: Linux  PlatformVersion: 5.14.0-427.37.1.el9_4.x86_64  CompilerName: GCC  CompilerVersion: 8.4.0
ProgramName: mri_binarize  ProgramArguments: mri_binarize -all-info  ProgramVersion: 7.3.2  TimeStamp: 2026/03/08-19:26:08-GMT  BuildTime: Aug  4 2022 06:17:15  BuildStamp: freesurfer-linux-ubuntu22_x86_64-7.3.2-20220804-6354275  User: oesteban  Machine: dna020  Platform: Linux  PlatformVersion: 5.14.0-427.37.1.el9_4.x86_64  CompilerName: GCC  CompilerVersion: 8.4.0
ProgramName: mri_ca_label  ProgramArguments: mri_ca_label -all-info  ProgramVersion: 7.3.2  TimeStamp: 2026/03/08-19:26:08-GMT  BuildTime: Aug  4 2022 06:17:15  BuildStamp: freesurfer-linux-ubuntu22_x86_64-7.3.2-20220804-6354275  User: oesteban  Machine: dna020  Platform: Linux  PlatformVersion: 5.14.0-427.37.1.el9_4.x86_64  CompilerName: GCC  CompilerVersion: 8.4.0
ProgramName: mri_ca_normalize  ProgramArguments: mri_ca_normalize -all-info  ProgramVersion: 7.3.2  TimeStamp: 2026/03/08-19:26:08-GMT  BuildTime: Aug  4 2022 06:17:15  BuildStamp: freesurfer-linux-ubuntu22_x86_64-7.3.2-20220804-6354275  User: oesteban  Machine: dna020  Platform: Linux  PlatformVersion: 5.14.0-427.37.1.el9_4.x86_64  CompilerName: GCC  CompilerVersion: 8.4.0
ProgramName: mri_ca_register  ProgramArguments: mri_ca_register -all-info  ProgramVersion: 7.3.2  TimeStamp: 2026/03/08-19:26:08-GMT  BuildTime: Aug  4 2022 06:17:15  BuildStamp: freesurfer-linux-ubuntu22_x86_64-7.3.2-20220804-6354275  User: oesteban  Machine: dna020  Platform: Linux  PlatformVersion: 5.14.0-427.37.1.el9_4.x86_64  CompilerName: GCC  CompilerVersion: 8.4.0
ProgramName: mri_cc  ProgramArguments: mri_cc -all-info  ProgramVersion: 7.3.2  TimeStamp: 2026/03/08-19:26:08-GMT  BuildTime: Aug  4 2022 06:17:15  BuildStamp: freesurfer-linux-ubuntu22_x86_64-7.3.2-20220804-6354275  User: oesteban  Machine: dna020  Platform: Linux  PlatformVersion: 5.14.0-427.37.1.el9_4.x86_64  CompilerName: GCC  CompilerVersion: 8.4.0
ProgramName: mri_compute_overlap  ProgramArguments: mri_compute_overlap -all-info  ProgramVersion: 7.3.2  TimeStamp: 2026/03/08-19:26:08-GMT  BuildTime: Aug  4 2022 06:17:15  BuildStamp: freesurfer-linux-ubuntu22_x86_64-7.3.2-20220804-6354275  User: oesteban  Machine: dna020  Platform: Linux  PlatformVersion: 5.14.0-427.37.1.el9_4.x86_64  CompilerName: GCC  CompilerVersion: 8.4.0
ProgramName: mri_compute_seg_overlap  ProgramArguments: mri_compute_seg_overlap -all-info  ProgramVersion: 7.3.2  TimeStamp: 2026/03/08-19:26:08-GMT  BuildTime: Aug  4 2022 06:17:15  BuildStamp: freesurfer-linux-ubuntu22_x86_64-7.3.2-20220804-6354275  User: oesteban  Machine: dna020  Platform: Linux  PlatformVersion: 5.14.0-427.37.1.el9_4.x86_64  CompilerName: GCC  CompilerVersion: 8.4.0
ProgramName: mri_concat  ProgramArguments: mri_concat -all-info  ProgramVersion: 7.3.2  TimeStamp: 2026/03/08-19:26:08-GMT  BuildTime: Aug  4 2022 06:17:15  BuildStamp: freesurfer-linux-ubuntu22_x86_64-7.3.2-20220804-6354275  User: oesteban  Machine: dna020  Platform: Linux  PlatformVersion: 5.14.0-427.37.1.el9_4.x86_64  CompilerName: GCC  CompilerVersion: 8.4.0
ProgramName: mri_concatenate_lta  ProgramArguments: mri_concatenate_lta -all-info  ProgramVersion: 7.3.2  TimeStamp: 2026/03/08-19:26:08-GMT  BuildTime: Aug  4 2022 06:17:15  BuildStamp: freesurfer-linux-ubuntu22_x86_64-7.3.2-20220804-6354275  User: oesteban  Machine: dna020  Platform: Linux  PlatformVersion: 5.14.0-427.37.1.el9_4.x86_64  CompilerName: GCC  CompilerVersion: 8.4.0
mri_convert -all-info 
ProgramName: mri_convert  ProgramArguments: mri_convert -all-info  ProgramVersion: 7.3.2  TimeStamp: 2026/03/08-19:26:08-GMT  BuildTime: Aug  4 2022 06:17:15  BuildStamp: freesurfer-linux-ubuntu22_x86_64-7.3.2-20220804-6354275  User: oesteban  Machine: dna020  Platform: Linux  PlatformVersion: 5.14.0-427.37.1.el9_4.x86_64  CompilerName: GCC  CompilerVersion: 8.4.0
ProgramName: mri_diff  ProgramArguments: mri_diff -all-info  ProgramVersion: 7.3.2  TimeStamp: 2026/03/08-19:26:08-GMT  BuildTime: Aug  4 2022 06:17:15  BuildStamp: freesurfer-linux-ubuntu22_x86_64-7.3.2-20220804-6354275  User: oesteban  Machine: dna020  Platform: Linux  PlatformVersion: 5.14.0-427.37.1.el9_4.x86_64  CompilerName: GCC  CompilerVersion: 8.4.0
ProgramName: mri_edit_wm_with_aseg  ProgramArguments: mri_edit_wm_with_aseg -all-info  ProgramVersion: 7.3.2  TimeStamp: 2026/03/08-19:26:08-GMT  BuildTime: Aug  4 2022 06:17:15  BuildStamp: freesurfer-linux-ubuntu22_x86_64-7.3.2-20220804-6354275  User: oesteban  Machine: dna020  Platform: Linux  PlatformVersion: 5.14.0-427.37.1.el9_4.x86_64  CompilerName: GCC  CompilerVersion: 8.4.0
ProgramName: mri_em_register  ProgramArguments: mri_em_register -all-info  ProgramVersion: 7.3.2  TimeStamp: 2026/03/08-19:26:08-GMT  BuildTime: Aug  4 2022 06:17:15  BuildStamp: freesurfer-linux-ubuntu22_x86_64-7.3.2-20220804-6354275  User: oesteban  Machine: dna020  Platform: Linux  PlatformVersion: 5.14.0-427.37.1.el9_4.x86_64  CompilerName: GCC  CompilerVersion: 8.4.0
ProgramName: mri_fill  ProgramArguments: mri_fill -all-info  ProgramVersion: 7.3.2  TimeStamp: 2026/03/08-19:26:08-GMT  BuildTime: Aug  4 2022 06:17:15  BuildStamp: freesurfer-linux-ubuntu22_x86_64-7.3.2-20220804-6354275  User: oesteban  Machine: dna020  Platform: Linux  PlatformVersion: 5.14.0-427.37.1.el9_4.x86_64  CompilerName: GCC  CompilerVersion: 8.4.0
ProgramName: mri_fuse_segmentations  ProgramArguments: mri_fuse_segmentations -all-info  ProgramVersion: 7.3.2  TimeStamp: 2026/03/08-19:26:08-GMT  BuildTime: Aug  4 2022 06:17:15  BuildStamp: freesurfer-linux-ubuntu22_x86_64-7.3.2-20220804-6354275  User: oesteban  Machine: dna020  Platform: Linux  PlatformVersion: 5.14.0-427.37.1.el9_4.x86_64  CompilerName: GCC  CompilerVersion: 8.4.0
ProgramName: mri_fwhm  ProgramArguments: mri_fwhm -all-info  ProgramVersion: 7.3.2  TimeStamp: 2026/03/08-19:26:08-GMT  BuildTime: Aug  4 2022 06:17:15  BuildStamp: freesurfer-linux-ubuntu22_x86_64-7.3.2-20220804-6354275  User: oesteban  Machine: dna020  Platform: Linux  PlatformVersion: 5.14.0-427.37.1.el9_4.x86_64  CompilerName: GCC  CompilerVersion: 8.4.0
ProgramName: mri_gcut  ProgramArguments: mri_gcut -all-info  ProgramVersion: 7.3.2  TimeStamp: 2026/03/08-19:26:08-GMT  BuildTime: Aug  4 2022 06:17:15  BuildStamp: freesurfer-linux-ubuntu22_x86_64-7.3.2-20220804-6354275  User: oesteban  Machine: dna020  Platform: Linux  PlatformVersion: 5.14.0-427.37.1.el9_4.x86_64  CompilerName: GCC  CompilerVersion: 8.4.0
ProgramName: mri_info  ProgramArguments: mri_info -all-info  ProgramVersion: 7.3.2  TimeStamp: 2026/03/08-19:26:08-GMT  BuildTime: Aug  4 2022 06:17:15  BuildStamp: freesurfer-linux-ubuntu22_x86_64-7.3.2-20220804-6354275  User: oesteban  Machine: dna020  Platform: Linux  PlatformVersion: 5.14.0-427.37.1.el9_4.x86_64  CompilerName: GCC  CompilerVersion: 8.4.0
ProgramName: mri_label2label  ProgramArguments: mri_label2label -all-info  ProgramVersion: 7.3.2  TimeStamp: 2026/03/08-19:26:08-GMT  BuildTime: Aug  4 2022 06:17:15  BuildStamp: freesurfer-linux-ubuntu22_x86_64-7.3.2-20220804-6354275  User: oesteban  Machine: dna020  Platform: Linux  PlatformVersion: 5.14.0-427.37.1.el9_4.x86_64  CompilerName: GCC  CompilerVersion: 8.4.0
ProgramName: mri_label2vol  ProgramArguments: mri_label2vol -all-info  ProgramVersion: 7.3.2  TimeStamp: 2026/03/08-19:26:08-GMT  BuildTime: Aug  4 2022 06:17:15  BuildStamp: freesurfer-linux-ubuntu22_x86_64-7.3.2-20220804-6354275  User: oesteban  Machine: dna020  Platform: Linux  PlatformVersion: 5.14.0-427.37.1.el9_4.x86_64  CompilerName: GCC  CompilerVersion: 8.4.0
ProgramName: mri_log_likelihood  ProgramArguments: mri_log_likelihood -all-info  ProgramVersion: 7.3.2  TimeStamp: 2026/03/08-19:26:08-GMT  BuildTime: Aug  4 2022 06:17:15  BuildStamp: freesurfer-linux-ubuntu22_x86_64-7.3.2-20220804-6354275  User: oesteban  Machine: dna020  Platform: Linux  PlatformVersion: 5.14.0-427.37.1.el9_4.x86_64  CompilerName: GCC  CompilerVersion: 8.4.0
ProgramName: mri_mask  ProgramArguments: mri_mask -all-info  ProgramVersion: 7.3.2  TimeStamp: 2026/03/08-19:26:08-GMT  BuildTime: Aug  4 2022 06:17:15  BuildStamp: freesurfer-linux-ubuntu22_x86_64-7.3.2-20220804-6354275  User: oesteban  Machine: dna020  Platform: Linux  PlatformVersion: 5.14.0-427.37.1.el9_4.x86_64  CompilerName: GCC  CompilerVersion: 8.4.0
ProgramName: mri_matrix_multiply  ProgramArguments: mri_matrix_multiply -all-info  ProgramVersion: 7.3.2  TimeStamp: 2026/03/08-19:26:08-GMT  BuildTime: Aug  4 2022 06:17:15  BuildStamp: freesurfer-linux-ubuntu22_x86_64-7.3.2-20220804-6354275  User: oesteban  Machine: dna020  Platform: Linux  PlatformVersion: 5.14.0-427.37.1.el9_4.x86_64  CompilerName: GCC  CompilerVersion: 8.4.0
ProgramName: mri_normalize  ProgramArguments: mri_normalize -all-info  ProgramVersion: 7.3.2  TimeStamp: 2026/03/08-19:26:08-GMT  BuildTime: Aug  4 2022 06:17:15  BuildStamp: freesurfer-linux-ubuntu22_x86_64-7.3.2-20220804-6354275  User: oesteban  Machine: dna020  Platform: Linux  PlatformVersion: 5.14.0-427.37.1.el9_4.x86_64  CompilerName: GCC  CompilerVersion: 8.4.0
ProgramName: mri_normalize_tp2  ProgramArguments: mri_normalize_tp2 -all-info  ProgramVersion: 7.3.2  TimeStamp: 2026/03/08-19:26:08-GMT  BuildTime: Aug  4 2022 06:17:15  BuildStamp: freesurfer-linux-ubuntu22_x86_64-7.3.2-20220804-6354275  User: oesteban  Machine: dna020  Platform: Linux  PlatformVersion: 5.14.0-427.37.1.el9_4.x86_64  CompilerName: GCC  CompilerVersion: 8.4.0
ProgramName: mri_or  ProgramArguments: mri_or -all-info  ProgramVersion: 7.3.2  TimeStamp: 2026/03/08-19:26:08-GMT  BuildTime: Aug  4 2022 06:17:15  BuildStamp: freesurfer-linux-ubuntu22_x86_64-7.3.2-20220804-6354275  User: oesteban  Machine: dna020  Platform: Linux  PlatformVersion: 5.14.0-427.37.1.el9_4.x86_64  CompilerName: GCC  CompilerVersion: 8.4.0
ProgramName: mri_relabel_hypointensities  ProgramArguments: mri_relabel_hypointensities -all-info  ProgramVersion: 7.3.2  TimeStamp: 2026/03/08-19:26:08-GMT  BuildTime: Aug  4 2022 06:17:15  BuildStamp: freesurfer-linux-ubuntu22_x86_64-7.3.2-20220804-6354275  User: oesteban  Machine: dna020  Platform: Linux  PlatformVersion: 5.14.0-427.37.1.el9_4.x86_64  CompilerName: GCC  CompilerVersion: 8.4.0
ProgramName: mri_relabel_nonwm_hypos  ProgramArguments: mri_relabel_nonwm_hypos -all-info  ProgramVersion: 7.3.2  TimeStamp: 2026/03/08-19:26:08-GMT  BuildTime: Aug  4 2022 06:17:15  BuildStamp: freesurfer-linux-ubuntu22_x86_64-7.3.2-20220804-6354275  User: oesteban  Machine: dna020  Platform: Linux  PlatformVersion: 5.14.0-427.37.1.el9_4.x86_64  CompilerName: GCC  CompilerVersion: 8.4.0
ProgramName: mri_remove_neck  ProgramArguments: mri_remove_neck -all-info  ProgramVersion: 7.3.2  TimeStamp: 2026/03/08-19:26:08-GMT  BuildTime: Aug  4 2022 06:17:15  BuildStamp: freesurfer-linux-ubuntu22_x86_64-7.3.2-20220804-6354275  User: oesteban  Machine: dna020  Platform: Linux  PlatformVersion: 5.14.0-427.37.1.el9_4.x86_64  CompilerName: GCC  CompilerVersion: 8.4.0
7.3.2

ProgramName: mri_robust_register  ProgramArguments: mri_robust_register -all-info  ProgramVersion: 7.3.2  TimeStamp: 2026/03/08-19:26:08-GMT  BuildTime: Aug  4 2022 06:17:15  BuildStamp: freesurfer-linux-ubuntu22_x86_64-7.3.2-20220804-6354275  User: oesteban  Machine: dna020  Platform: Linux  PlatformVersion: 5.14.0-427.37.1.el9_4.x86_64  CompilerName: GCC  CompilerVersion: 8.4.0
7.3.2

ProgramName: mri_robust_template  ProgramArguments: mri_robust_template -all-info  ProgramVersion: 7.3.2  TimeStamp: 2026/03/08-19:26:08-GMT  BuildTime: Aug  4 2022 06:17:15  BuildStamp: freesurfer-linux-ubuntu22_x86_64-7.3.2-20220804-6354275  User: oesteban  Machine: dna020  Platform: Linux  PlatformVersion: 5.14.0-427.37.1.el9_4.x86_64  CompilerName: GCC  CompilerVersion: 8.4.0
ProgramName: mris_anatomical_stats  ProgramArguments: mris_anatomical_stats -all-info  ProgramVersion: 7.3.2  TimeStamp: 2026/03/08-19:26:08-GMT  BuildTime: Aug  4 2022 06:17:15  BuildStamp: freesurfer-linux-ubuntu22_x86_64-7.3.2-20220804-6354275  User: oesteban  Machine: dna020  Platform: Linux  PlatformVersion: 5.14.0-427.37.1.el9_4.x86_64  CompilerName: GCC  CompilerVersion: 8.4.0
ProgramName: mris_ca_label  ProgramArguments: mris_ca_label -all-info  ProgramVersion: 7.3.2  TimeStamp: 2026/03/08-19:26:08-GMT  BuildTime: Aug  4 2022 06:17:15  BuildStamp: freesurfer-linux-ubuntu22_x86_64-7.3.2-20220804-6354275  User: oesteban  Machine: dna020  Platform: Linux  PlatformVersion: 5.14.0-427.37.1.el9_4.x86_64  CompilerName: GCC  CompilerVersion: 8.4.0
ProgramName: mris_calc  ProgramArguments: mris_calc -all-info  ProgramVersion: 7.3.2  TimeStamp: 2026/03/08-19:26:08-GMT  BuildTime: Aug  4 2022 06:17:15  BuildStamp: freesurfer-linux-ubuntu22_x86_64-7.3.2-20220804-6354275  User: oesteban  Machine: dna020  Platform: Linux  PlatformVersion: 5.14.0-427.37.1.el9_4.x86_64  CompilerName: GCC  CompilerVersion: 8.4.0
ProgramName: mris_convert  ProgramArguments: mris_convert -all-info  ProgramVersion: 7.3.2  TimeStamp: 2026/03/08-19:26:08-GMT  BuildTime: Aug  4 2022 06:17:15  BuildStamp: freesurfer-linux-ubuntu22_x86_64-7.3.2-20220804-6354275  User: oesteban  Machine: dna020  Platform: Linux  PlatformVersion: 5.14.0-427.37.1.el9_4.x86_64  CompilerName: GCC  CompilerVersion: 8.4.0
ProgramName: mris_curvature  ProgramArguments: mris_curvature -all-info  ProgramVersion: 7.3.2  TimeStamp: 2026/03/08-19:26:08-GMT  BuildTime: Aug  4 2022 06:17:15  BuildStamp: freesurfer-linux-ubuntu22_x86_64-7.3.2-20220804-6354275  User: oesteban  Machine: dna020  Platform: Linux  PlatformVersion: 5.14.0-427.37.1.el9_4.x86_64  CompilerName: GCC  CompilerVersion: 8.4.0
ProgramName: mris_curvature_stats  ProgramArguments: mris_curvature_stats -all-info  ProgramVersion: 7.3.2  TimeStamp: 2026/03/08-19:26:08-GMT  BuildTime: Aug  4 2022 06:17:15  BuildStamp: freesurfer-linux-ubuntu22_x86_64-7.3.2-20220804-6354275  User: oesteban  Machine: dna020  Platform: Linux  PlatformVersion: 5.14.0-427.37.1.el9_4.x86_64  CompilerName: GCC  CompilerVersion: 8.4.0
ProgramName: mris_diff  ProgramArguments: mris_diff -all-info  ProgramVersion: 7.3.2  TimeStamp: 2026/03/08-19:26:08-GMT  BuildTime: Aug  4 2022 06:17:15  BuildStamp: freesurfer-linux-ubuntu22_x86_64-7.3.2-20220804-6354275  User: oesteban  Machine: dna020  Platform: Linux  PlatformVersion: 5.14.0-427.37.1.el9_4.x86_64  CompilerName: GCC  CompilerVersion: 8.4.0
ProgramName: mris_divide_parcellation  ProgramArguments: mris_divide_parcellation -all-info  ProgramVersion: 7.3.2  TimeStamp: 2026/03/08-19:26:08-GMT  BuildTime: Aug  4 2022 06:17:15  BuildStamp: freesurfer-linux-ubuntu22_x86_64-7.3.2-20220804-6354275  User: oesteban  Machine: dna020  Platform: Linux  PlatformVersion: 5.14.0-427.37.1.el9_4.x86_64  CompilerName: GCC  CompilerVersion: 8.4.0
ProgramName: mri_segment  ProgramArguments: mri_segment -all-info  ProgramVersion: 7.3.2  TimeStamp: 2026/03/08-19:26:08-GMT  BuildTime: Aug  4 2022 06:17:15  BuildStamp: freesurfer-linux-ubuntu22_x86_64-7.3.2-20220804-6354275  User: oesteban  Machine: dna020  Platform: Linux  PlatformVersion: 5.14.0-427.37.1.el9_4.x86_64  CompilerName: GCC  CompilerVersion: 8.4.0
ProgramName: mri_segstats  ProgramArguments: mri_segstats -all-info  ProgramVersion: 7.3.2  TimeStamp: 2026/03/08-19:26:08-GMT  BuildTime: Aug  4 2022 06:17:15  BuildStamp: freesurfer-linux-ubuntu22_x86_64-7.3.2-20220804-6354275  User: oesteban  Machine: dna020  Platform: Linux  PlatformVersion: 5.14.0-427.37.1.el9_4.x86_64  CompilerName: GCC  CompilerVersion: 8.4.0
ProgramName: mris_euler_number  ProgramArguments: mris_euler_number -all-info  ProgramVersion: 7.3.2  TimeStamp: 2026/03/08-19:26:08-GMT  BuildTime: Aug  4 2022 06:17:15  BuildStamp: freesurfer-linux-ubuntu22_x86_64-7.3.2-20220804-6354275  User: oesteban  Machine: dna020  Platform: Linux  PlatformVersion: 5.14.0-427.37.1.el9_4.x86_64  CompilerName: GCC  CompilerVersion: 8.4.0
ProgramName: mris_fix_topology  ProgramArguments: mris_fix_topology -all-info  ProgramVersion: 7.3.2  TimeStamp: 2026/03/08-19:26:08-GMT  BuildTime: Aug  4 2022 06:17:15  BuildStamp: freesurfer-linux-ubuntu22_x86_64-7.3.2-20220804-6354275  User: oesteban  Machine: dna020  Platform: Linux  PlatformVersion: 5.14.0-427.37.1.el9_4.x86_64  CompilerName: GCC  CompilerVersion: 8.4.0
ProgramName: mris_topo_fixer  ProgramArguments: mris_topo_fixer -all-info  ProgramVersion: 7.3.2  TimeStamp: 2026/03/08-19:26:08-GMT  BuildTime: Aug  4 2022 06:17:15  BuildStamp: freesurfer-linux-ubuntu22_x86_64-7.3.2-20220804-6354275  User: oesteban  Machine: dna020  Platform: Linux  PlatformVersion: 5.14.0-427.37.1.el9_4.x86_64  CompilerName: GCC  CompilerVersion: 8.4.0
ProgramName: mris_jacobian  ProgramArguments: mris_jacobian -all-info  ProgramVersion: 7.3.2  TimeStamp: 2026/03/08-19:26:08-GMT  BuildTime: Aug  4 2022 06:17:15  BuildStamp: freesurfer-linux-ubuntu22_x86_64-7.3.2-20220804-6354275  User: oesteban  Machine: dna020  Platform: Linux  PlatformVersion: 5.14.0-427.37.1.el9_4.x86_64  CompilerName: GCC  CompilerVersion: 8.4.0
ProgramName: mris_label2annot  ProgramArguments: mris_label2annot -all-info  ProgramVersion: 7.3.2  TimeStamp: 2026/03/08-19:26:08-GMT  BuildTime: Aug  4 2022 06:17:15  BuildStamp: freesurfer-linux-ubuntu22_x86_64-7.3.2-20220804-6354275  User: oesteban  Machine: dna020  Platform: Linux  PlatformVersion: 5.14.0-427.37.1.el9_4.x86_64  CompilerName: GCC  CompilerVersion: 8.4.0
ProgramName: mris_left_right_register  ProgramArguments: mris_left_right_register -all-info  ProgramVersion: 7.3.2  TimeStamp: 2026/03/08-19:26:08-GMT  BuildTime: Aug  4 2022 06:17:15  BuildStamp: freesurfer-linux-ubuntu22_x86_64-7.3.2-20220804-6354275  User: oesteban  Machine: dna020  Platform: Linux  PlatformVersion: 5.14.0-427.37.1.el9_4.x86_64  CompilerName: GCC  CompilerVersion: 8.4.0
ProgramName: mris_place_surface  ProgramArguments: mris_place_surface -all-info  ProgramVersion: 7.3.2  TimeStamp: 2026/03/08-19:26:08-GMT  BuildTime: Aug  4 2022 06:17:15  BuildStamp: freesurfer-linux-ubuntu22_x86_64-7.3.2-20220804-6354275  User: oesteban  Machine: dna020  Platform: Linux  PlatformVersion: 5.14.0-427.37.1.el9_4.x86_64  CompilerName: GCC  CompilerVersion: 8.4.0
ProgramName: mrisp_paint  ProgramArguments: mrisp_paint -all-info  ProgramVersion: 7.3.2  TimeStamp: 2026/03/08-19:26:08-GMT  BuildTime: Aug  4 2022 06:17:15  BuildStamp: freesurfer-linux-ubuntu22_x86_64-7.3.2-20220804-6354275  User: oesteban  Machine: dna020  Platform: Linux  PlatformVersion: 5.14.0-427.37.1.el9_4.x86_64  CompilerName: GCC  CompilerVersion: 8.4.0
ProgramName: mris_register  ProgramArguments: mris_register -all-info  ProgramVersion: 7.3.2  TimeStamp: 2026/03/08-19:26:08-GMT  BuildTime: Aug  4 2022 06:17:15  BuildStamp: freesurfer-linux-ubuntu22_x86_64-7.3.2-20220804-6354275  User: oesteban  Machine: dna020  Platform: Linux  PlatformVersion: 5.14.0-427.37.1.el9_4.x86_64  CompilerName: GCC  CompilerVersion: 8.4.0
ProgramName: mris_smooth  ProgramArguments: mris_smooth -all-info  ProgramVersion: 7.3.2  TimeStamp: 2026/03/08-19:26:08-GMT  BuildTime: Aug  4 2022 06:17:15  BuildStamp: freesurfer-linux-ubuntu22_x86_64-7.3.2-20220804-6354275  User: oesteban  Machine: dna020  Platform: Linux  PlatformVersion: 5.14.0-427.37.1.el9_4.x86_64  CompilerName: GCC  CompilerVersion: 8.4.0
ProgramName: mris_sphere  ProgramArguments: mris_sphere -all-info  ProgramVersion: 7.3.2  TimeStamp: 2026/03/08-19:26:08-GMT  BuildTime: Aug  4 2022 06:17:15  BuildStamp: freesurfer-linux-ubuntu22_x86_64-7.3.2-20220804-6354275  User: oesteban  Machine: dna020  Platform: Linux  PlatformVersion: 5.14.0-427.37.1.el9_4.x86_64  CompilerName: GCC  CompilerVersion: 8.4.0
ProgramName: mris_surface_stats  ProgramArguments: mris_surface_stats -all-info  ProgramVersion: 7.3.2  TimeStamp: 2026/03/08-19:26:08-GMT  BuildTime: Aug  4 2022 06:17:15  BuildStamp: freesurfer-linux-ubuntu22_x86_64-7.3.2-20220804-6354275  User: oesteban  Machine: dna020  Platform: Linux  PlatformVersion: 5.14.0-427.37.1.el9_4.x86_64  CompilerName: GCC  CompilerVersion: 8.4.0
ProgramName: mri_stats2seg  ProgramArguments: mri_stats2seg -all-info  ProgramVersion: 7.3.2  TimeStamp: 2026/03/08-19:26:08-GMT  BuildTime: Aug  4 2022 06:17:15  BuildStamp: freesurfer-linux-ubuntu22_x86_64-7.3.2-20220804-6354275  User: oesteban  Machine: dna020  Platform: Linux  PlatformVersion: 5.14.0-427.37.1.el9_4.x86_64  CompilerName: GCC  CompilerVersion: 8.4.0
ProgramName: mris_thickness  ProgramArguments: mris_thickness -all-info  ProgramVersion: 7.3.2  TimeStamp: 2026/03/08-19:26:08-GMT  BuildTime: Aug  4 2022 06:17:15  BuildStamp: freesurfer-linux-ubuntu22_x86_64-7.3.2-20220804-6354275  User: oesteban  Machine: dna020  Platform: Linux  PlatformVersion: 5.14.0-427.37.1.el9_4.x86_64  CompilerName: GCC  CompilerVersion: 8.4.0
ProgramName: mris_thickness_diff  ProgramArguments: mris_thickness_diff -all-info  ProgramVersion: 7.3.2  TimeStamp: 2026/03/08-19:26:08-GMT  BuildTime: Aug  4 2022 06:17:15  BuildStamp: freesurfer-linux-ubuntu22_x86_64-7.3.2-20220804-6354275  User: oesteban  Machine: dna020  Platform: Linux  PlatformVersion: 5.14.0-427.37.1.el9_4.x86_64  CompilerName: GCC  CompilerVersion: 8.4.0
ProgramName: mris_topo_fixer  ProgramArguments: mris_topo_fixer -all-info  ProgramVersion: 7.3.2  TimeStamp: 2026/03/08-19:26:08-GMT  BuildTime: Aug  4 2022 06:17:15  BuildStamp: freesurfer-linux-ubuntu22_x86_64-7.3.2-20220804-6354275  User: oesteban  Machine: dna020  Platform: Linux  PlatformVersion: 5.14.0-427.37.1.el9_4.x86_64  CompilerName: GCC  CompilerVersion: 8.4.0
ProgramName: mri_surf2surf  ProgramArguments: mri_surf2surf -all-info  ProgramVersion: 7.3.2  TimeStamp: 2026/03/08-19:26:08-GMT  BuildTime: Aug  4 2022 06:17:15  BuildStamp: freesurfer-linux-ubuntu22_x86_64-7.3.2-20220804-6354275  User: oesteban  Machine: dna020  Platform: Linux  PlatformVersion: 5.14.0-427.37.1.el9_4.x86_64  CompilerName: GCC  CompilerVersion: 8.4.0
ProgramName: mri_surf2vol  ProgramArguments: mri_surf2vol -all-info  ProgramVersion: 7.3.2  TimeStamp: 2026/03/08-19:26:08-GMT  BuildTime: Aug  4 2022 06:17:15  BuildStamp: freesurfer-linux-ubuntu22_x86_64-7.3.2-20220804-6354275  User: oesteban  Machine: dna020  Platform: Linux  PlatformVersion: 5.14.0-427.37.1.el9_4.x86_64  CompilerName: GCC  CompilerVersion: 8.4.0
ProgramName: mri_surfcluster  ProgramArguments: mri_surfcluster -all-info  ProgramVersion: 7.3.2  TimeStamp: 2026/03/08-19:26:08-GMT  BuildTime: Aug  4 2022 06:17:15  BuildStamp: freesurfer-linux-ubuntu22_x86_64-7.3.2-20220804-6354275  User: oesteban  Machine: dna020  Platform: Linux  PlatformVersion: 5.14.0-427.37.1.el9_4.x86_64  CompilerName: GCC  CompilerVersion: 8.4.0
ProgramName: mris_volmask  ProgramArguments: mris_volmask -all-info  ProgramVersion: 7.3.2  TimeStamp: 2026/03/08-19:26:08-GMT  BuildTime: Aug  4 2022 06:17:15  BuildStamp: freesurfer-linux-ubuntu22_x86_64-7.3.2-20220804-6354275  User: oesteban  Machine: dna020  Platform: Linux  PlatformVersion: 5.14.0-427.37.1.el9_4.x86_64  CompilerName: GCC  CompilerVersion: 8.4.0
ProgramName: mri_tessellate  ProgramArguments: mri_tessellate -all-info  ProgramVersion: 7.3.2  TimeStamp: 2026/03/08-19:26:08-GMT  BuildTime: Aug  4 2022 06:17:15  BuildStamp: freesurfer-linux-ubuntu22_x86_64-7.3.2-20220804-6354275  User: oesteban  Machine: dna020  Platform: Linux  PlatformVersion: 5.14.0-427.37.1.el9_4.x86_64  CompilerName: GCC  CompilerVersion: 8.4.0
ProgramName: mri_vol2surf  ProgramArguments: mri_vol2surf -all-info  ProgramVersion: 7.3.2  TimeStamp: 2026/03/08-19:26:08-GMT  BuildTime: Aug  4 2022 06:17:15  BuildStamp: freesurfer-linux-ubuntu22_x86_64-7.3.2-20220804-6354275  User: oesteban  Machine: dna020  Platform: Linux  PlatformVersion: 5.14.0-427.37.1.el9_4.x86_64  CompilerName: GCC  CompilerVersion: 8.4.0
ProgramName: mri_vol2vol  ProgramArguments: mri_vol2vol -all-info  ProgramVersion: 7.3.2  TimeStamp: 2026/03/08-19:26:08-GMT  BuildTime: Aug  4 2022 06:17:15  BuildStamp: freesurfer-linux-ubuntu22_x86_64-7.3.2-20220804-6354275  User: oesteban  Machine: dna020  Platform: Linux  PlatformVersion: 5.14.0-427.37.1.el9_4.x86_64  CompilerName: GCC  CompilerVersion: 8.4.0
ProgramName: mri_voldiff  ProgramArguments: mri_voldiff -all-info  ProgramVersion: 7.3.2  TimeStamp: 2026/03/08-19:26:08-GMT  BuildTime: Aug  4 2022 06:17:15  BuildStamp: freesurfer-linux-ubuntu22_x86_64-7.3.2-20220804-6354275  User: oesteban  Machine: dna020  Platform: Linux  PlatformVersion: 5.14.0-427.37.1.el9_4.x86_64  CompilerName: GCC  CompilerVersion: 8.4.0
ProgramName: mri_watershed  ProgramArguments: mri_watershed -all-info  ProgramVersion: 7.3.2  TimeStamp: 2026/03/08-19:26:08-GMT  BuildTime: Aug  4 2022 06:17:15  BuildStamp: freesurfer-linux-ubuntu22_x86_64-7.3.2-20220804-6354275  User: oesteban  Machine: dna020  Platform: Linux  PlatformVersion: 5.14.0-427.37.1.el9_4.x86_64  CompilerName: GCC  CompilerVersion: 8.4.0
ProgramName: tkregister2  ProgramArguments: tkregister2_cmdl -all-info  ProgramVersion: 7.3.2  TimeStamp: 2026/03/08-19:26:08-GMT  BuildTime: Aug  4 2022 06:17:15  BuildStamp: freesurfer-linux-ubuntu22_x86_64-7.3.2-20220804-6354275  User: oesteban  Machine: dna020  Platform: Linux  PlatformVersion: 5.14.0-427.37.1.el9_4.x86_64  CompilerName: GCC  CompilerVersion: 8.4.0
mri_motion_correct.fsl 7.3.2
mri_convert -all-info 
ProgramName: mri_convert  ProgramArguments: mri_convert -all-info  ProgramVersion: 7.3.2  TimeStamp: 2026/03/08-19:26:08-GMT  BuildTime: Aug  4 2022 06:17:15  BuildStamp: freesurfer-linux-ubuntu22_x86_64-7.3.2-20220804-6354275  User: oesteban  Machine: dna020  Platform: Linux  PlatformVersion: 5.14.0-427.37.1.el9_4.x86_64  CompilerName: GCC  CompilerVersion: 8.4.0
Program nu_correct, built from:
Package MNI N3, version 1.12.0, compiled by nicks@terrier (x86_64-unknown-linux-gnu) on 2015-06-19 at 01:25:34
#######################################
GCADIR /opt/freesurfer/average
GCA RB_all_2020-01-02.gca
GCASkull RB_all_withskull_2020_01_02.gca
AvgCurvTif folding.atlas.acfb40.noaparc.i12.2016-08-02.tif
GCSDIR /opt/freesurfer/average
GCS DKaparc.atlas.acfb40.noaparc.i12.2016-08-02.gcs
#######################################
#@# white curv lh Sun Mar  8 20:26:08 CET 2026
cd /out/sourcedata/freesurfer/sub-v1s14x0051559_ses-1/mri
mris_place_surface --curv-map ../surf/lh.white 2 10 ../surf/lh.curv
   Update not needed
#@# white area lh Sun Mar  8 20:26:08 CET 2026
cd /out/sourcedata/freesurfer/sub-v1s14x0051559_ses-1/mri
mris_place_surface --area-map ../surf/lh.white ../surf/lh.area
   Update not needed
#@# pial curv lh Sun Mar  8 20:26:08 CET 2026
cd /out/sourcedata/freesurfer/sub-v1s14x0051559_ses-1/mri
mris_place_surface --curv-map ../surf/lh.pial 2 10 ../surf/lh.curv.pial
   Update not needed
#@# pial area lh Sun Mar  8 20:26:08 CET 2026
cd /out/sourcedata/freesurfer/sub-v1s14x0051559_ses-1/mri
mris_place_surface --area-map ../surf/lh.pial ../surf/lh.area.pial
   Update not needed
#@# thickness lh Sun Mar  8 20:26:08 CET 2026
cd /out/sourcedata/freesurfer/sub-v1s14x0051559_ses-1/mri
mris_place_surface --thickness ../surf/lh.white ../surf/lh.pial 20 5 ../surf/lh.thickness
   Update not needed
#@# area and vertex vol lh Sun Mar  8 20:26:08 CET 2026
cd /out/sourcedata/freesurfer/sub-v1s14x0051559_ses-1/mri
mris_place_surface --thickness ../surf/lh.white ../surf/lh.pial 20 5 ../surf/lh.thickness
   Update not needed
#@# white curv rh Sun Mar  8 20:26:08 CET 2026
cd /out/sourcedata/freesurfer/sub-v1s14x0051559_ses-1/mri
mris_place_surface --curv-map ../surf/rh.white 2 10 ../surf/rh.curv
   Update not needed
#@# white area rh Sun Mar  8 20:26:08 CET 2026
cd /out/sourcedata/freesurfer/sub-v1s14x0051559_ses-1/mri
mris_place_surface --area-map ../surf/rh.white ../surf/rh.area
   Update not needed
#@# pial curv rh Sun Mar  8 20:26:08 CET 2026
cd /out/sourcedata/freesurfer/sub-v1s14x0051559_ses-1/mri
mris_place_surface --curv-map ../surf/rh.pial 2 10 ../surf/rh.curv.pial
   Update not needed
#@# pial area rh Sun Mar  8 20:26:08 CET 2026
cd /out/sourcedata/freesurfer/sub-v1s14x0051559_ses-1/mri
mris_place_surface --area-map ../surf/rh.pial ../surf/rh.area.pial
   Update not needed
#@# thickness rh Sun Mar  8 20:26:08 CET 2026
cd /out/sourcedata/freesurfer/sub-v1s14x0051559_ses-1/mri
mris_place_surface --thickness ../surf/rh.white ../surf/rh.pial 20 5 ../surf/rh.thickness
   Update not needed
#@# area and vertex vol rh Sun Mar  8 20:26:09 CET 2026
cd /out/sourcedata/freesurfer/sub-v1s14x0051559_ses-1/mri
mris_place_surface --thickness ../surf/rh.white ../surf/rh.pial 20 5 ../surf/rh.thickness
   Update not needed
#--------------------------------------------
#@# Cortical ribbon mask Sun Mar  8 20:26:09 CET 2026
/out/sourcedata/freesurfer/sub-v1s14x0051559_ses-1/mri

 mris_volmask --aseg_name aseg.presurf --label_left_white 2 --label_left_ribbon 3 --label_right_white 41 --label_right_ribbon 42 --save_ribbon sub-v1s14x0051559_ses-1 

SUBJECTS_DIR is /out/sourcedata/freesurfer
loading input data...
Running hemis serially
Processing left hemi
computing distance to left white surface 
computing distance to left pial surface 
Processing right hemi
computing distance to right white surface 
computing distance to right pial surface 
 hemi masks overlap voxels = 431
writing volume /out/sourcedata/freesurfer/sub-v1s14x0051559_ses-1/mri/ribbon.mgz
mris_volmask took 7.76 minutes
 writing ribbon files

Started at Sun Mar 8 20:26:08 CET 2026 
Ended   at Sun Mar 8 20:33:54 CET 2026
#@#%# recon-all-run-time-hours 0.129
recon-all -s sub-v1s14x0051559_ses-1 finished without error at Sun Mar  8 20:33:54 CET 2026



#New# invocation of recon-all 




Sun Mar  8 20:41:20 CET 2026
cd /out/sourcedata/freesurfer/sub-v1s14x0051559_ses-1
setenv SUBJECTS_DIR /out/sourcedata/freesurfer
/opt/freesurfer/bin/recon-all -autorecon3 -openmp 16 -subjid sub-v1s14x0051559_ses-1 -sd /out/sourcedata/freesurfer -nosphere -nosurfreg -nojacobian_white -noavgcurv -nocortparc -nopial -noparcstats -nocortparc2 -noparcstats2 -nocortparc3 -noparcstats3 -nopctsurfcon -nocortribbon -nobalabels

subjid sub-v1s14x0051559_ses-1
setenv SUBJECTS_DIR /out/sourcedata/freesurfer
FREESURFER_HOME /opt/freesurfer
Actual FREESURFER_HOME /opt/freesurfer
build-stamp.txt: freesurfer-linux-ubuntu22_x86_64-7.3.2-20220804-6354275
Linux dna020 5.14.0-427.37.1.el9_4.x86_64 #1 SMP PREEMPT_DYNAMIC Fri Sep 13 12:41:50 EDT 2024 x86_64 x86_64 x86_64 GNU/Linux
cputime      unlimited
filesize     unlimited
datasize     unlimited
stacksize    8192 kbytes
coredumpsize 0 kbytes
memoryuse    67108864 kbytes
vmemoryuse   unlimited
descriptors  1024 
memorylocked unlimited
maxproc      2061970 
maxlocks     unlimited
maxsignal    2061970 
maxmessage   819200 
maxnice      0 
maxrtprio    0 
maxrttime    unlimited

               total        used        free      shared  buff/cache   available
Mem:           503Gi        54Gi       195Gi        34Gi       253Gi       411Gi
Swap:             0B          0B          0B

########################################
program versions used
7.3.2 (freesurfer-linux-ubuntu22_x86_64-7.3.2-20220804-6354275)
7.3.2

ProgramName: lta_convert  ProgramArguments: lta_convert -all-info  ProgramVersion: 7.3.2  TimeStamp: 2026/03/08-19:41:20-GMT  BuildTime: Aug  4 2022 06:17:15  BuildStamp: freesurfer-linux-ubuntu22_x86_64-7.3.2-20220804-6354275  User: oesteban  Machine: dna020  Platform: Linux  PlatformVersion: 5.14.0-427.37.1.el9_4.x86_64  CompilerName: GCC  CompilerVersion: 8.4.0
ProgramName: mri_and  ProgramArguments: mri_and -all-info  ProgramVersion: 7.3.2  TimeStamp: 2026/03/08-19:41:20-GMT  BuildTime: Aug  4 2022 06:17:15  BuildStamp: freesurfer-linux-ubuntu22_x86_64-7.3.2-20220804-6354275  User: oesteban  Machine: dna020  Platform: Linux  PlatformVersion: 5.14.0-427.37.1.el9_4.x86_64  CompilerName: GCC  CompilerVersion: 8.4.0
ProgramName: mri_annotation2label  ProgramArguments: mri_annotation2label -all-info  ProgramVersion: 7.3.2  TimeStamp: 2026/03/08-19:41:20-GMT  BuildTime: Aug  4 2022 06:17:15  BuildStamp: freesurfer-linux-ubuntu22_x86_64-7.3.2-20220804-6354275  User: oesteban  Machine: dna020  Platform: Linux  PlatformVersion: 5.14.0-427.37.1.el9_4.x86_64  CompilerName: GCC  CompilerVersion: 8.4.0
ProgramName: mri_aparc2aseg  ProgramArguments: mri_aparc2aseg -all-info  ProgramVersion: 7.3.2  TimeStamp: 2026/03/08-19:41:20-GMT  BuildTime: Aug  4 2022 06:17:15  BuildStamp: freesurfer-linux-ubuntu22_x86_64-7.3.2-20220804-6354275  User: oesteban  Machine: dna020  Platform: Linux  PlatformVersion: 5.14.0-427.37.1.el9_4.x86_64  CompilerName: GCC  CompilerVersion: 8.4.0
ProgramName: mri_surf2volseg  ProgramArguments: mri_surf2volseg -all-info  ProgramVersion: 7.3.2  TimeStamp: 2026/03/08-19:41:20-GMT  BuildTime: Aug  4 2022 06:17:15  BuildStamp: freesurfer-linux-ubuntu22_x86_64-7.3.2-20220804-6354275  User: oesteban  Machine: dna020  Platform: Linux  PlatformVersion: 5.14.0-427.37.1.el9_4.x86_64  CompilerName: GCC  CompilerVersion: 8.4.0
ProgramName: mri_binarize  ProgramArguments: mri_binarize -all-info  ProgramVersion: 7.3.2  TimeStamp: 2026/03/08-19:41:20-GMT  BuildTime: Aug  4 2022 06:17:15  BuildStamp: freesurfer-linux-ubuntu22_x86_64-7.3.2-20220804-6354275  User: oesteban  Machine: dna020  Platform: Linux  PlatformVersion: 5.14.0-427.37.1.el9_4.x86_64  CompilerName: GCC  CompilerVersion: 8.4.0
ProgramName: mri_ca_label  ProgramArguments: mri_ca_label -all-info  ProgramVersion: 7.3.2  TimeStamp: 2026/03/08-19:41:20-GMT  BuildTime: Aug  4 2022 06:17:15  BuildStamp: freesurfer-linux-ubuntu22_x86_64-7.3.2-20220804-6354275  User: oesteban  Machine: dna020  Platform: Linux  PlatformVersion: 5.14.0-427.37.1.el9_4.x86_64  CompilerName: GCC  CompilerVersion: 8.4.0
ProgramName: mri_ca_normalize  ProgramArguments: mri_ca_normalize -all-info  ProgramVersion: 7.3.2  TimeStamp: 2026/03/08-19:41:20-GMT  BuildTime: Aug  4 2022 06:17:15  BuildStamp: freesurfer-linux-ubuntu22_x86_64-7.3.2-20220804-6354275  User: oesteban  Machine: dna020  Platform: Linux  PlatformVersion: 5.14.0-427.37.1.el9_4.x86_64  CompilerName: GCC  CompilerVersion: 8.4.0
ProgramName: mri_ca_register  ProgramArguments: mri_ca_register -all-info  ProgramVersion: 7.3.2  TimeStamp: 2026/03/08-19:41:20-GMT  BuildTime: Aug  4 2022 06:17:15  BuildStamp: freesurfer-linux-ubuntu22_x86_64-7.3.2-20220804-6354275  User: oesteban  Machine: dna020  Platform: Linux  PlatformVersion: 5.14.0-427.37.1.el9_4.x86_64  CompilerName: GCC  CompilerVersion: 8.4.0
ProgramName: mri_cc  ProgramArguments: mri_cc -all-info  ProgramVersion: 7.3.2  TimeStamp: 2026/03/08-19:41:20-GMT  BuildTime: Aug  4 2022 06:17:15  BuildStamp: freesurfer-linux-ubuntu22_x86_64-7.3.2-20220804-6354275  User: oesteban  Machine: dna020  Platform: Linux  PlatformVersion: 5.14.0-427.37.1.el9_4.x86_64  CompilerName: GCC  CompilerVersion: 8.4.0
ProgramName: mri_compute_overlap  ProgramArguments: mri_compute_overlap -all-info  ProgramVersion: 7.3.2  TimeStamp: 2026/03/08-19:41:20-GMT  BuildTime: Aug  4 2022 06:17:15  BuildStamp: freesurfer-linux-ubuntu22_x86_64-7.3.2-20220804-6354275  User: oesteban  Machine: dna020  Platform: Linux  PlatformVersion: 5.14.0-427.37.1.el9_4.x86_64  CompilerName: GCC  CompilerVersion: 8.4.0
ProgramName: mri_compute_seg_overlap  ProgramArguments: mri_compute_seg_overlap -all-info  ProgramVersion: 7.3.2  TimeStamp: 2026/03/08-19:41:20-GMT  BuildTime: Aug  4 2022 06:17:15  BuildStamp: freesurfer-linux-ubuntu22_x86_64-7.3.2-20220804-6354275  User: oesteban  Machine: dna020  Platform: Linux  PlatformVersion: 5.14.0-427.37.1.el9_4.x86_64  CompilerName: GCC  CompilerVersion: 8.4.0
ProgramName: mri_concat  ProgramArguments: mri_concat -all-info  ProgramVersion: 7.3.2  TimeStamp: 2026/03/08-19:41:20-GMT  BuildTime: Aug  4 2022 06:17:15  BuildStamp: freesurfer-linux-ubuntu22_x86_64-7.3.2-20220804-6354275  User: oesteban  Machine: dna020  Platform: Linux  PlatformVersion: 5.14.0-427.37.1.el9_4.x86_64  CompilerName: GCC  CompilerVersion: 8.4.0
ProgramName: mri_concatenate_lta  ProgramArguments: mri_concatenate_lta -all-info  ProgramVersion: 7.3.2  TimeStamp: 2026/03/08-19:41:20-GMT  BuildTime: Aug  4 2022 06:17:15  BuildStamp: freesurfer-linux-ubuntu22_x86_64-7.3.2-20220804-6354275  User: oesteban  Machine: dna020  Platform: Linux  PlatformVersion: 5.14.0-427.37.1.el9_4.x86_64  CompilerName: GCC  CompilerVersion: 8.4.0
mri_convert -all-info 
ProgramName: mri_convert  ProgramArguments: mri_convert -all-info  ProgramVersion: 7.3.2  TimeStamp: 2026/03/08-19:41:20-GMT  BuildTime: Aug  4 2022 06:17:15  BuildStamp: freesurfer-linux-ubuntu22_x86_64-7.3.2-20220804-6354275  User: oesteban  Machine: dna020  Platform: Linux  PlatformVersion: 5.14.0-427.37.1.el9_4.x86_64  CompilerName: GCC  CompilerVersion: 8.4.0
ProgramName: mri_diff  ProgramArguments: mri_diff -all-info  ProgramVersion: 7.3.2  TimeStamp: 2026/03/08-19:41:20-GMT  BuildTime: Aug  4 2022 06:17:15  BuildStamp: freesurfer-linux-ubuntu22_x86_64-7.3.2-20220804-6354275  User: oesteban  Machine: dna020  Platform: Linux  PlatformVersion: 5.14.0-427.37.1.el9_4.x86_64  CompilerName: GCC  CompilerVersion: 8.4.0
ProgramName: mri_edit_wm_with_aseg  ProgramArguments: mri_edit_wm_with_aseg -all-info  ProgramVersion: 7.3.2  TimeStamp: 2026/03/08-19:41:20-GMT  BuildTime: Aug  4 2022 06:17:15  BuildStamp: freesurfer-linux-ubuntu22_x86_64-7.3.2-20220804-6354275  User: oesteban  Machine: dna020  Platform: Linux  PlatformVersion: 5.14.0-427.37.1.el9_4.x86_64  CompilerName: GCC  CompilerVersion: 8.4.0
ProgramName: mri_em_register  ProgramArguments: mri_em_register -all-info  ProgramVersion: 7.3.2  TimeStamp: 2026/03/08-19:41:20-GMT  BuildTime: Aug  4 2022 06:17:15  BuildStamp: freesurfer-linux-ubuntu22_x86_64-7.3.2-20220804-6354275  User: oesteban  Machine: dna020  Platform: Linux  PlatformVersion: 5.14.0-427.37.1.el9_4.x86_64  CompilerName: GCC  CompilerVersion: 8.4.0
ProgramName: mri_fill  ProgramArguments: mri_fill -all-info  ProgramVersion: 7.3.2  TimeStamp: 2026/03/08-19:41:20-GMT  BuildTime: Aug  4 2022 06:17:15  BuildStamp: freesurfer-linux-ubuntu22_x86_64-7.3.2-20220804-6354275  User: oesteban  Machine: dna020  Platform: Linux  PlatformVersion: 5.14.0-427.37.1.el9_4.x86_64  CompilerName: GCC  CompilerVersion: 8.4.0
ProgramName: mri_fuse_segmentations  ProgramArguments: mri_fuse_segmentations -all-info  ProgramVersion: 7.3.2  TimeStamp: 2026/03/08-19:41:20-GMT  BuildTime: Aug  4 2022 06:17:15  BuildStamp: freesurfer-linux-ubuntu22_x86_64-7.3.2-20220804-6354275  User: oesteban  Machine: dna020  Platform: Linux  PlatformVersion: 5.14.0-427.37.1.el9_4.x86_64  CompilerName: GCC  CompilerVersion: 8.4.0
ProgramName: mri_fwhm  ProgramArguments: mri_fwhm -all-info  ProgramVersion: 7.3.2  TimeStamp: 2026/03/08-19:41:20-GMT  BuildTime: Aug  4 2022 06:17:15  BuildStamp: freesurfer-linux-ubuntu22_x86_64-7.3.2-20220804-6354275  User: oesteban  Machine: dna020  Platform: Linux  PlatformVersion: 5.14.0-427.37.1.el9_4.x86_64  CompilerName: GCC  CompilerVersion: 8.4.0
ProgramName: mri_gcut  ProgramArguments: mri_gcut -all-info  ProgramVersion: 7.3.2  TimeStamp: 2026/03/08-19:41:20-GMT  BuildTime: Aug  4 2022 06:17:15  BuildStamp: freesurfer-linux-ubuntu22_x86_64-7.3.2-20220804-6354275  User: oesteban  Machine: dna020  Platform: Linux  PlatformVersion: 5.14.0-427.37.1.el9_4.x86_64  CompilerName: GCC  CompilerVersion: 8.4.0
ProgramName: mri_info  ProgramArguments: mri_info -all-info  ProgramVersion: 7.3.2  TimeStamp: 2026/03/08-19:41:20-GMT  BuildTime: Aug  4 2022 06:17:15  BuildStamp: freesurfer-linux-ubuntu22_x86_64-7.3.2-20220804-6354275  User: oesteban  Machine: dna020  Platform: Linux  PlatformVersion: 5.14.0-427.37.1.el9_4.x86_64  CompilerName: GCC  CompilerVersion: 8.4.0
ProgramName: mri_label2label  ProgramArguments: mri_label2label -all-info  ProgramVersion: 7.3.2  TimeStamp: 2026/03/08-19:41:20-GMT  BuildTime: Aug  4 2022 06:17:15  BuildStamp: freesurfer-linux-ubuntu22_x86_64-7.3.2-20220804-6354275  User: oesteban  Machine: dna020  Platform: Linux  PlatformVersion: 5.14.0-427.37.1.el9_4.x86_64  CompilerName: GCC  CompilerVersion: 8.4.0
ProgramName: mri_label2vol  ProgramArguments: mri_label2vol -all-info  ProgramVersion: 7.3.2  TimeStamp: 2026/03/08-19:41:20-GMT  BuildTime: Aug  4 2022 06:17:15  BuildStamp: freesurfer-linux-ubuntu22_x86_64-7.3.2-20220804-6354275  User: oesteban  Machine: dna020  Platform: Linux  PlatformVersion: 5.14.0-427.37.1.el9_4.x86_64  CompilerName: GCC  CompilerVersion: 8.4.0
ProgramName: mri_log_likelihood  ProgramArguments: mri_log_likelihood -all-info  ProgramVersion: 7.3.2  TimeStamp: 2026/03/08-19:41:20-GMT  BuildTime: Aug  4 2022 06:17:15  BuildStamp: freesurfer-linux-ubuntu22_x86_64-7.3.2-20220804-6354275  User: oesteban  Machine: dna020  Platform: Linux  PlatformVersion: 5.14.0-427.37.1.el9_4.x86_64  CompilerName: GCC  CompilerVersion: 8.4.0
ProgramName: mri_mask  ProgramArguments: mri_mask -all-info  ProgramVersion: 7.3.2  TimeStamp: 2026/03/08-19:41:20-GMT  BuildTime: Aug  4 2022 06:17:15  BuildStamp: freesurfer-linux-ubuntu22_x86_64-7.3.2-20220804-6354275  User: oesteban  Machine: dna020  Platform: Linux  PlatformVersion: 5.14.0-427.37.1.el9_4.x86_64  CompilerName: GCC  CompilerVersion: 8.4.0
ProgramName: mri_matrix_multiply  ProgramArguments: mri_matrix_multiply -all-info  ProgramVersion: 7.3.2  TimeStamp: 2026/03/08-19:41:20-GMT  BuildTime: Aug  4 2022 06:17:15  BuildStamp: freesurfer-linux-ubuntu22_x86_64-7.3.2-20220804-6354275  User: oesteban  Machine: dna020  Platform: Linux  PlatformVersion: 5.14.0-427.37.1.el9_4.x86_64  CompilerName: GCC  CompilerVersion: 8.4.0
ProgramName: mri_normalize  ProgramArguments: mri_normalize -all-info  ProgramVersion: 7.3.2  TimeStamp: 2026/03/08-19:41:20-GMT  BuildTime: Aug  4 2022 06:17:15  BuildStamp: freesurfer-linux-ubuntu22_x86_64-7.3.2-20220804-6354275  User: oesteban  Machine: dna020  Platform: Linux  PlatformVersion: 5.14.0-427.37.1.el9_4.x86_64  CompilerName: GCC  CompilerVersion: 8.4.0
ProgramName: mri_normalize_tp2  ProgramArguments: mri_normalize_tp2 -all-info  ProgramVersion: 7.3.2  TimeStamp: 2026/03/08-19:41:20-GMT  BuildTime: Aug  4 2022 06:17:15  BuildStamp: freesurfer-linux-ubuntu22_x86_64-7.3.2-20220804-6354275  User: oesteban  Machine: dna020  Platform: Linux  PlatformVersion: 5.14.0-427.37.1.el9_4.x86_64  CompilerName: GCC  CompilerVersion: 8.4.0
ProgramName: mri_or  ProgramArguments: mri_or -all-info  ProgramVersion: 7.3.2  TimeStamp: 2026/03/08-19:41:20-GMT  BuildTime: Aug  4 2022 06:17:15  BuildStamp: freesurfer-linux-ubuntu22_x86_64-7.3.2-20220804-6354275  User: oesteban  Machine: dna020  Platform: Linux  PlatformVersion: 5.14.0-427.37.1.el9_4.x86_64  CompilerName: GCC  CompilerVersion: 8.4.0
ProgramName: mri_relabel_hypointensities  ProgramArguments: mri_relabel_hypointensities -all-info  ProgramVersion: 7.3.2  TimeStamp: 2026/03/08-19:41:20-GMT  BuildTime: Aug  4 2022 06:17:15  BuildStamp: freesurfer-linux-ubuntu22_x86_64-7.3.2-20220804-6354275  User: oesteban  Machine: dna020  Platform: Linux  PlatformVersion: 5.14.0-427.37.1.el9_4.x86_64  CompilerName: GCC  CompilerVersion: 8.4.0
ProgramName: mri_relabel_nonwm_hypos  ProgramArguments: mri_relabel_nonwm_hypos -all-info  ProgramVersion: 7.3.2  TimeStamp: 2026/03/08-19:41:20-GMT  BuildTime: Aug  4 2022 06:17:15  BuildStamp: freesurfer-linux-ubuntu22_x86_64-7.3.2-20220804-6354275  User: oesteban  Machine: dna020  Platform: Linux  PlatformVersion: 5.14.0-427.37.1.el9_4.x86_64  CompilerName: GCC  CompilerVersion: 8.4.0
ProgramName: mri_remove_neck  ProgramArguments: mri_remove_neck -all-info  ProgramVersion: 7.3.2  TimeStamp: 2026/03/08-19:41:20-GMT  BuildTime: Aug  4 2022 06:17:15  BuildStamp: freesurfer-linux-ubuntu22_x86_64-7.3.2-20220804-6354275  User: oesteban  Machine: dna020  Platform: Linux  PlatformVersion: 5.14.0-427.37.1.el9_4.x86_64  CompilerName: GCC  CompilerVersion: 8.4.0
7.3.2

ProgramName: mri_robust_register  ProgramArguments: mri_robust_register -all-info  ProgramVersion: 7.3.2  TimeStamp: 2026/03/08-19:41:20-GMT  BuildTime: Aug  4 2022 06:17:15  BuildStamp: freesurfer-linux-ubuntu22_x86_64-7.3.2-20220804-6354275  User: oesteban  Machine: dna020  Platform: Linux  PlatformVersion: 5.14.0-427.37.1.el9_4.x86_64  CompilerName: GCC  CompilerVersion: 8.4.0
7.3.2

ProgramName: mri_robust_template  ProgramArguments: mri_robust_template -all-info  ProgramVersion: 7.3.2  TimeStamp: 2026/03/08-19:41:20-GMT  BuildTime: Aug  4 2022 06:17:15  BuildStamp: freesurfer-linux-ubuntu22_x86_64-7.3.2-20220804-6354275  User: oesteban  Machine: dna020  Platform: Linux  PlatformVersion: 5.14.0-427.37.1.el9_4.x86_64  CompilerName: GCC  CompilerVersion: 8.4.0
ProgramName: mris_anatomical_stats  ProgramArguments: mris_anatomical_stats -all-info  ProgramVersion: 7.3.2  TimeStamp: 2026/03/08-19:41:20-GMT  BuildTime: Aug  4 2022 06:17:15  BuildStamp: freesurfer-linux-ubuntu22_x86_64-7.3.2-20220804-6354275  User: oesteban  Machine: dna020  Platform: Linux  PlatformVersion: 5.14.0-427.37.1.el9_4.x86_64  CompilerName: GCC  CompilerVersion: 8.4.0
ProgramName: mris_ca_label  ProgramArguments: mris_ca_label -all-info  ProgramVersion: 7.3.2  TimeStamp: 2026/03/08-19:41:20-GMT  BuildTime: Aug  4 2022 06:17:15  BuildStamp: freesurfer-linux-ubuntu22_x86_64-7.3.2-20220804-6354275  User: oesteban  Machine: dna020  Platform: Linux  PlatformVersion: 5.14.0-427.37.1.el9_4.x86_64  CompilerName: GCC  CompilerVersion: 8.4.0
ProgramName: mris_calc  ProgramArguments: mris_calc -all-info  ProgramVersion: 7.3.2  TimeStamp: 2026/03/08-19:41:20-GMT  BuildTime: Aug  4 2022 06:17:15  BuildStamp: freesurfer-linux-ubuntu22_x86_64-7.3.2-20220804-6354275  User: oesteban  Machine: dna020  Platform: Linux  PlatformVersion: 5.14.0-427.37.1.el9_4.x86_64  CompilerName: GCC  CompilerVersion: 8.4.0
ProgramName: mris_convert  ProgramArguments: mris_convert -all-info  ProgramVersion: 7.3.2  TimeStamp: 2026/03/08-19:41:20-GMT  BuildTime: Aug  4 2022 06:17:15  BuildStamp: freesurfer-linux-ubuntu22_x86_64-7.3.2-20220804-6354275  User: oesteban  Machine: dna020  Platform: Linux  PlatformVersion: 5.14.0-427.37.1.el9_4.x86_64  CompilerName: GCC  CompilerVersion: 8.4.0
ProgramName: mris_curvature  ProgramArguments: mris_curvature -all-info  ProgramVersion: 7.3.2  TimeStamp: 2026/03/08-19:41:20-GMT  BuildTime: Aug  4 2022 06:17:15  BuildStamp: freesurfer-linux-ubuntu22_x86_64-7.3.2-20220804-6354275  User: oesteban  Machine: dna020  Platform: Linux  PlatformVersion: 5.14.0-427.37.1.el9_4.x86_64  CompilerName: GCC  CompilerVersion: 8.4.0
ProgramName: mris_curvature_stats  ProgramArguments: mris_curvature_stats -all-info  ProgramVersion: 7.3.2  TimeStamp: 2026/03/08-19:41:20-GMT  BuildTime: Aug  4 2022 06:17:15  BuildStamp: freesurfer-linux-ubuntu22_x86_64-7.3.2-20220804-6354275  User: oesteban  Machine: dna020  Platform: Linux  PlatformVersion: 5.14.0-427.37.1.el9_4.x86_64  CompilerName: GCC  CompilerVersion: 8.4.0
ProgramName: mris_diff  ProgramArguments: mris_diff -all-info  ProgramVersion: 7.3.2  TimeStamp: 2026/03/08-19:41:20-GMT  BuildTime: Aug  4 2022 06:17:15  BuildStamp: freesurfer-linux-ubuntu22_x86_64-7.3.2-20220804-6354275  User: oesteban  Machine: dna020  Platform: Linux  PlatformVersion: 5.14.0-427.37.1.el9_4.x86_64  CompilerName: GCC  CompilerVersion: 8.4.0
ProgramName: mris_divide_parcellation  ProgramArguments: mris_divide_parcellation -all-info  ProgramVersion: 7.3.2  TimeStamp: 2026/03/08-19:41:20-GMT  BuildTime: Aug  4 2022 06:17:15  BuildStamp: freesurfer-linux-ubuntu22_x86_64-7.3.2-20220804-6354275  User: oesteban  Machine: dna020  Platform: Linux  PlatformVersion: 5.14.0-427.37.1.el9_4.x86_64  CompilerName: GCC  CompilerVersion: 8.4.0
ProgramName: mri_segment  ProgramArguments: mri_segment -all-info  ProgramVersion: 7.3.2  TimeStamp: 2026/03/08-19:41:20-GMT  BuildTime: Aug  4 2022 06:17:15  BuildStamp: freesurfer-linux-ubuntu22_x86_64-7.3.2-20220804-6354275  User: oesteban  Machine: dna020  Platform: Linux  PlatformVersion: 5.14.0-427.37.1.el9_4.x86_64  CompilerName: GCC  CompilerVersion: 8.4.0
ProgramName: mri_segstats  ProgramArguments: mri_segstats -all-info  ProgramVersion: 7.3.2  TimeStamp: 2026/03/08-19:41:20-GMT  BuildTime: Aug  4 2022 06:17:15  BuildStamp: freesurfer-linux-ubuntu22_x86_64-7.3.2-20220804-6354275  User: oesteban  Machine: dna020  Platform: Linux  PlatformVersion: 5.14.0-427.37.1.el9_4.x86_64  CompilerName: GCC  CompilerVersion: 8.4.0
ProgramName: mris_euler_number  ProgramArguments: mris_euler_number -all-info  ProgramVersion: 7.3.2  TimeStamp: 2026/03/08-19:41:20-GMT  BuildTime: Aug  4 2022 06:17:15  BuildStamp: freesurfer-linux-ubuntu22_x86_64-7.3.2-20220804-6354275  User: oesteban  Machine: dna020  Platform: Linux  PlatformVersion: 5.14.0-427.37.1.el9_4.x86_64  CompilerName: GCC  CompilerVersion: 8.4.0
ProgramName: mris_fix_topology  ProgramArguments: mris_fix_topology -all-info  ProgramVersion: 7.3.2  TimeStamp: 2026/03/08-19:41:20-GMT  BuildTime: Aug  4 2022 06:17:15  BuildStamp: freesurfer-linux-ubuntu22_x86_64-7.3.2-20220804-6354275  User: oesteban  Machine: dna020  Platform: Linux  PlatformVersion: 5.14.0-427.37.1.el9_4.x86_64  CompilerName: GCC  CompilerVersion: 8.4.0
ProgramName: mris_topo_fixer  ProgramArguments: mris_topo_fixer -all-info  ProgramVersion: 7.3.2  TimeStamp: 2026/03/08-19:41:20-GMT  BuildTime: Aug  4 2022 06:17:15  BuildStamp: freesurfer-linux-ubuntu22_x86_64-7.3.2-20220804-6354275  User: oesteban  Machine: dna020  Platform: Linux  PlatformVersion: 5.14.0-427.37.1.el9_4.x86_64  CompilerName: GCC  CompilerVersion: 8.4.0
ProgramName: mris_jacobian  ProgramArguments: mris_jacobian -all-info  ProgramVersion: 7.3.2  TimeStamp: 2026/03/08-19:41:20-GMT  BuildTime: Aug  4 2022 06:17:15  BuildStamp: freesurfer-linux-ubuntu22_x86_64-7.3.2-20220804-6354275  User: oesteban  Machine: dna020  Platform: Linux  PlatformVersion: 5.14.0-427.37.1.el9_4.x86_64  CompilerName: GCC  CompilerVersion: 8.4.0
ProgramName: mris_label2annot  ProgramArguments: mris_label2annot -all-info  ProgramVersion: 7.3.2  TimeStamp: 2026/03/08-19:41:20-GMT  BuildTime: Aug  4 2022 06:17:15  BuildStamp: freesurfer-linux-ubuntu22_x86_64-7.3.2-20220804-6354275  User: oesteban  Machine: dna020  Platform: Linux  PlatformVersion: 5.14.0-427.37.1.el9_4.x86_64  CompilerName: GCC  CompilerVersion: 8.4.0
ProgramName: mris_left_right_register  ProgramArguments: mris_left_right_register -all-info  ProgramVersion: 7.3.2  TimeStamp: 2026/03/08-19:41:20-GMT  BuildTime: Aug  4 2022 06:17:15  BuildStamp: freesurfer-linux-ubuntu22_x86_64-7.3.2-20220804-6354275  User: oesteban  Machine: dna020  Platform: Linux  PlatformVersion: 5.14.0-427.37.1.el9_4.x86_64  CompilerName: GCC  CompilerVersion: 8.4.0
ProgramName: mris_place_surface  ProgramArguments: mris_place_surface -all-info  ProgramVersion: 7.3.2  TimeStamp: 2026/03/08-19:41:20-GMT  BuildTime: Aug  4 2022 06:17:15  BuildStamp: freesurfer-linux-ubuntu22_x86_64-7.3.2-20220804-6354275  User: oesteban  Machine: dna020  Platform: Linux  PlatformVersion: 5.14.0-427.37.1.el9_4.x86_64  CompilerName: GCC  CompilerVersion: 8.4.0
ProgramName: mrisp_paint  ProgramArguments: mrisp_paint -all-info  ProgramVersion: 7.3.2  TimeStamp: 2026/03/08-19:41:20-GMT  BuildTime: Aug  4 2022 06:17:15  BuildStamp: freesurfer-linux-ubuntu22_x86_64-7.3.2-20220804-6354275  User: oesteban  Machine: dna020  Platform: Linux  PlatformVersion: 5.14.0-427.37.1.el9_4.x86_64  CompilerName: GCC  CompilerVersion: 8.4.0
ProgramName: mris_register  ProgramArguments: mris_register -all-info  ProgramVersion: 7.3.2  TimeStamp: 2026/03/08-19:41:20-GMT  BuildTime: Aug  4 2022 06:17:15  BuildStamp: freesurfer-linux-ubuntu22_x86_64-7.3.2-20220804-6354275  User: oesteban  Machine: dna020  Platform: Linux  PlatformVersion: 5.14.0-427.37.1.el9_4.x86_64  CompilerName: GCC  CompilerVersion: 8.4.0
ProgramName: mris_smooth  ProgramArguments: mris_smooth -all-info  ProgramVersion: 7.3.2  TimeStamp: 2026/03/08-19:41:20-GMT  BuildTime: Aug  4 2022 06:17:15  BuildStamp: freesurfer-linux-ubuntu22_x86_64-7.3.2-20220804-6354275  User: oesteban  Machine: dna020  Platform: Linux  PlatformVersion: 5.14.0-427.37.1.el9_4.x86_64  CompilerName: GCC  CompilerVersion: 8.4.0
ProgramName: mris_sphere  ProgramArguments: mris_sphere -all-info  ProgramVersion: 7.3.2  TimeStamp: 2026/03/08-19:41:20-GMT  BuildTime: Aug  4 2022 06:17:15  BuildStamp: freesurfer-linux-ubuntu22_x86_64-7.3.2-20220804-6354275  User: oesteban  Machine: dna020  Platform: Linux  PlatformVersion: 5.14.0-427.37.1.el9_4.x86_64  CompilerName: GCC  CompilerVersion: 8.4.0
ProgramName: mris_surface_stats  ProgramArguments: mris_surface_stats -all-info  ProgramVersion: 7.3.2  TimeStamp: 2026/03/08-19:41:20-GMT  BuildTime: Aug  4 2022 06:17:15  BuildStamp: freesurfer-linux-ubuntu22_x86_64-7.3.2-20220804-6354275  User: oesteban  Machine: dna020  Platform: Linux  PlatformVersion: 5.14.0-427.37.1.el9_4.x86_64  CompilerName: GCC  CompilerVersion: 8.4.0
ProgramName: mri_stats2seg  ProgramArguments: mri_stats2seg -all-info  ProgramVersion: 7.3.2  TimeStamp: 2026/03/08-19:41:20-GMT  BuildTime: Aug  4 2022 06:17:15  BuildStamp: freesurfer-linux-ubuntu22_x86_64-7.3.2-20220804-6354275  User: oesteban  Machine: dna020  Platform: Linux  PlatformVersion: 5.14.0-427.37.1.el9_4.x86_64  CompilerName: GCC  CompilerVersion: 8.4.0
ProgramName: mris_thickness  ProgramArguments: mris_thickness -all-info  ProgramVersion: 7.3.2  TimeStamp: 2026/03/08-19:41:20-GMT  BuildTime: Aug  4 2022 06:17:15  BuildStamp: freesurfer-linux-ubuntu22_x86_64-7.3.2-20220804-6354275  User: oesteban  Machine: dna020  Platform: Linux  PlatformVersion: 5.14.0-427.37.1.el9_4.x86_64  CompilerName: GCC  CompilerVersion: 8.4.0
ProgramName: mris_thickness_diff  ProgramArguments: mris_thickness_diff -all-info  ProgramVersion: 7.3.2  TimeStamp: 2026/03/08-19:41:20-GMT  BuildTime: Aug  4 2022 06:17:15  BuildStamp: freesurfer-linux-ubuntu22_x86_64-7.3.2-20220804-6354275  User: oesteban  Machine: dna020  Platform: Linux  PlatformVersion: 5.14.0-427.37.1.el9_4.x86_64  CompilerName: GCC  CompilerVersion: 8.4.0
ProgramName: mris_topo_fixer  ProgramArguments: mris_topo_fixer -all-info  ProgramVersion: 7.3.2  TimeStamp: 2026/03/08-19:41:20-GMT  BuildTime: Aug  4 2022 06:17:15  BuildStamp: freesurfer-linux-ubuntu22_x86_64-7.3.2-20220804-6354275  User: oesteban  Machine: dna020  Platform: Linux  PlatformVersion: 5.14.0-427.37.1.el9_4.x86_64  CompilerName: GCC  CompilerVersion: 8.4.0
ProgramName: mri_surf2surf  ProgramArguments: mri_surf2surf -all-info  ProgramVersion: 7.3.2  TimeStamp: 2026/03/08-19:41:20-GMT  BuildTime: Aug  4 2022 06:17:15  BuildStamp: freesurfer-linux-ubuntu22_x86_64-7.3.2-20220804-6354275  User: oesteban  Machine: dna020  Platform: Linux  PlatformVersion: 5.14.0-427.37.1.el9_4.x86_64  CompilerName: GCC  CompilerVersion: 8.4.0
ProgramName: mri_surf2vol  ProgramArguments: mri_surf2vol -all-info  ProgramVersion: 7.3.2  TimeStamp: 2026/03/08-19:41:20-GMT  BuildTime: Aug  4 2022 06:17:15  BuildStamp: freesurfer-linux-ubuntu22_x86_64-7.3.2-20220804-6354275  User: oesteban  Machine: dna020  Platform: Linux  PlatformVersion: 5.14.0-427.37.1.el9_4.x86_64  CompilerName: GCC  CompilerVersion: 8.4.0
ProgramName: mri_surfcluster  ProgramArguments: mri_surfcluster -all-info  ProgramVersion: 7.3.2  TimeStamp: 2026/03/08-19:41:20-GMT  BuildTime: Aug  4 2022 06:17:15  BuildStamp: freesurfer-linux-ubuntu22_x86_64-7.3.2-20220804-6354275  User: oesteban  Machine: dna020  Platform: Linux  PlatformVersion: 5.14.0-427.37.1.el9_4.x86_64  CompilerName: GCC  CompilerVersion: 8.4.0
ProgramName: mris_volmask  ProgramArguments: mris_volmask -all-info  ProgramVersion: 7.3.2  TimeStamp: 2026/03/08-19:41:20-GMT  BuildTime: Aug  4 2022 06:17:15  BuildStamp: freesurfer-linux-ubuntu22_x86_64-7.3.2-20220804-6354275  User: oesteban  Machine: dna020  Platform: Linux  PlatformVersion: 5.14.0-427.37.1.el9_4.x86_64  CompilerName: GCC  CompilerVersion: 8.4.0
ProgramName: mri_tessellate  ProgramArguments: mri_tessellate -all-info  ProgramVersion: 7.3.2  TimeStamp: 2026/03/08-19:41:20-GMT  BuildTime: Aug  4 2022 06:17:15  BuildStamp: freesurfer-linux-ubuntu22_x86_64-7.3.2-20220804-6354275  User: oesteban  Machine: dna020  Platform: Linux  PlatformVersion: 5.14.0-427.37.1.el9_4.x86_64  CompilerName: GCC  CompilerVersion: 8.4.0
ProgramName: mri_vol2surf  ProgramArguments: mri_vol2surf -all-info  ProgramVersion: 7.3.2  TimeStamp: 2026/03/08-19:41:20-GMT  BuildTime: Aug  4 2022 06:17:15  BuildStamp: freesurfer-linux-ubuntu22_x86_64-7.3.2-20220804-6354275  User: oesteban  Machine: dna020  Platform: Linux  PlatformVersion: 5.14.0-427.37.1.el9_4.x86_64  CompilerName: GCC  CompilerVersion: 8.4.0
ProgramName: mri_vol2vol  ProgramArguments: mri_vol2vol -all-info  ProgramVersion: 7.3.2  TimeStamp: 2026/03/08-19:41:20-GMT  BuildTime: Aug  4 2022 06:17:15  BuildStamp: freesurfer-linux-ubuntu22_x86_64-7.3.2-20220804-6354275  User: oesteban  Machine: dna020  Platform: Linux  PlatformVersion: 5.14.0-427.37.1.el9_4.x86_64  CompilerName: GCC  CompilerVersion: 8.4.0
ProgramName: mri_voldiff  ProgramArguments: mri_voldiff -all-info  ProgramVersion: 7.3.2  TimeStamp: 2026/03/08-19:41:20-GMT  BuildTime: Aug  4 2022 06:17:15  BuildStamp: freesurfer-linux-ubuntu22_x86_64-7.3.2-20220804-6354275  User: oesteban  Machine: dna020  Platform: Linux  PlatformVersion: 5.14.0-427.37.1.el9_4.x86_64  CompilerName: GCC  CompilerVersion: 8.4.0
ProgramName: mri_watershed  ProgramArguments: mri_watershed -all-info  ProgramVersion: 7.3.2  TimeStamp: 2026/03/08-19:41:20-GMT  BuildTime: Aug  4 2022 06:17:15  BuildStamp: freesurfer-linux-ubuntu22_x86_64-7.3.2-20220804-6354275  User: oesteban  Machine: dna020  Platform: Linux  PlatformVersion: 5.14.0-427.37.1.el9_4.x86_64  CompilerName: GCC  CompilerVersion: 8.4.0
ProgramName: tkregister2  ProgramArguments: tkregister2_cmdl -all-info  ProgramVersion: 7.3.2  TimeStamp: 2026/03/08-19:41:20-GMT  BuildTime: Aug  4 2022 06:17:15  BuildStamp: freesurfer-linux-ubuntu22_x86_64-7.3.2-20220804-6354275  User: oesteban  Machine: dna020  Platform: Linux  PlatformVersion: 5.14.0-427.37.1.el9_4.x86_64  CompilerName: GCC  CompilerVersion: 8.4.0
mri_motion_correct.fsl 7.3.2
mri_convert -all-info 
ProgramName: mri_convert  ProgramArguments: mri_convert -all-info  ProgramVersion: 7.3.2  TimeStamp: 2026/03/08-19:41:20-GMT  BuildTime: Aug  4 2022 06:17:15  BuildStamp: freesurfer-linux-ubuntu22_x86_64-7.3.2-20220804-6354275  User: oesteban  Machine: dna020  Platform: Linux  PlatformVersion: 5.14.0-427.37.1.el9_4.x86_64  CompilerName: GCC  CompilerVersion: 8.4.0
Program nu_correct, built from:
Package MNI N3, version 1.12.0, compiled by nicks@terrier (x86_64-unknown-linux-gnu) on 2015-06-19 at 01:25:34
#######################################
GCADIR /opt/freesurfer/average
GCA RB_all_2020-01-02.gca
GCASkull RB_all_withskull_2020_01_02.gca
AvgCurvTif folding.atlas.acfb40.noaparc.i12.2016-08-02.tif
GCSDIR /opt/freesurfer/average
GCS DKaparc.atlas.acfb40.noaparc.i12.2016-08-02.gcs
#######################################
#--------------------------------------------
#@# WhiteSurfs lh Sun Mar  8 20:41:20 CET 2026
cd /out/sourcedata/freesurfer/sub-v1s14x0051559_ses-1/mri
mris_place_surface --adgws-in ../surf/autodet.gw.stats.lh.dat --seg aseg.presurf.mgz --threads 16 --wm wm.mgz --invol brain.finalsurfs.mgz --lh --i ../surf/lh.white.preaparc --o ../surf/lh.white --white --nsmooth 0 --rip-label ../label/lh.cortex.label --rip-bg --rip-surf ../surf/lh.white.preaparc --aparc ../label/lh.aparc.annot
   Update not needed
#--------------------------------------------
#@# WhiteSurfs rh Sun Mar  8 20:41:21 CET 2026
cd /out/sourcedata/freesurfer/sub-v1s14x0051559_ses-1/mri
mris_place_surface --adgws-in ../surf/autodet.gw.stats.rh.dat --seg aseg.presurf.mgz --threads 16 --wm wm.mgz --invol brain.finalsurfs.mgz --rh --i ../surf/rh.white.preaparc --o ../surf/rh.white --white --nsmooth 0 --rip-label ../label/rh.cortex.label --rip-bg --rip-surf ../surf/rh.white.preaparc --aparc ../label/rh.aparc.annot
   Update not needed
#@# white curv lh Sun Mar  8 20:41:21 CET 2026
cd /out/sourcedata/freesurfer/sub-v1s14x0051559_ses-1/mri
mris_place_surface --curv-map ../surf/lh.white 2 10 ../surf/lh.curv
   Update not needed
#@# white area lh Sun Mar  8 20:41:21 CET 2026
cd /out/sourcedata/freesurfer/sub-v1s14x0051559_ses-1/mri
mris_place_surface --area-map ../surf/lh.white ../surf/lh.area
   Update not needed
#@# pial curv lh Sun Mar  8 20:41:21 CET 2026
cd /out/sourcedata/freesurfer/sub-v1s14x0051559_ses-1/mri
mris_place_surface --curv-map ../surf/lh.pial 2 10 ../surf/lh.curv.pial
   Update not needed
#@# pial area lh Sun Mar  8 20:41:21 CET 2026
cd /out/sourcedata/freesurfer/sub-v1s14x0051559_ses-1/mri
mris_place_surface --area-map ../surf/lh.pial ../surf/lh.area.pial
   Update not needed
#@# thickness lh Sun Mar  8 20:41:21 CET 2026
cd /out/sourcedata/freesurfer/sub-v1s14x0051559_ses-1/mri
mris_place_surface --thickness ../surf/lh.white ../surf/lh.pial 20 5 ../surf/lh.thickness
   Update not needed
#@# area and vertex vol lh Sun Mar  8 20:41:21 CET 2026
cd /out/sourcedata/freesurfer/sub-v1s14x0051559_ses-1/mri
mris_place_surface --thickness ../surf/lh.white ../surf/lh.pial 20 5 ../surf/lh.thickness
   Update not needed
#@# white curv rh Sun Mar  8 20:41:21 CET 2026
cd /out/sourcedata/freesurfer/sub-v1s14x0051559_ses-1/mri
mris_place_surface --curv-map ../surf/rh.white 2 10 ../surf/rh.curv
   Update not needed
#@# white area rh Sun Mar  8 20:41:21 CET 2026
cd /out/sourcedata/freesurfer/sub-v1s14x0051559_ses-1/mri
mris_place_surface --area-map ../surf/rh.white ../surf/rh.area
   Update not needed
#@# pial curv rh Sun Mar  8 20:41:21 CET 2026
cd /out/sourcedata/freesurfer/sub-v1s14x0051559_ses-1/mri
mris_place_surface --curv-map ../surf/rh.pial 2 10 ../surf/rh.curv.pial
   Update not needed
#@# pial area rh Sun Mar  8 20:41:21 CET 2026
cd /out/sourcedata/freesurfer/sub-v1s14x0051559_ses-1/mri
mris_place_surface --area-map ../surf/rh.pial ../surf/rh.area.pial
   Update not needed
#@# thickness rh Sun Mar  8 20:41:21 CET 2026
cd /out/sourcedata/freesurfer/sub-v1s14x0051559_ses-1/mri
mris_place_surface --thickness ../surf/rh.white ../surf/rh.pial 20 5 ../surf/rh.thickness
   Update not needed
#@# area and vertex vol rh Sun Mar  8 20:41:21 CET 2026
cd /out/sourcedata/freesurfer/sub-v1s14x0051559_ses-1/mri
mris_place_surface --thickness ../surf/rh.white ../surf/rh.pial 20 5 ../surf/rh.thickness
   Update not needed

#-----------------------------------------
#@# Curvature Stats lh Sun Mar  8 20:41:21 CET 2026
/out/sourcedata/freesurfer/sub-v1s14x0051559_ses-1/surf

 mris_curvature_stats -m --writeCurvatureFiles -G -o ../stats/lh.curv.stats -F smoothwm sub-v1s14x0051559_ses-1 lh curv sulc 

             Toggling save flag on curvature files                       [ ok ]
                 Outputting results using filestem   [ ../stats/lh.curv.stats ]
             Toggling save flag on curvature files                       [ ok ]
                                   Setting surface [ sub-v1s14x0051559_ses-1/lh.smoothwm ]
                                Reading surface...                       [ ok ]
                                   Setting texture                     [ curv ]
                                Reading texture...                       [ ok ]
                                   Setting texture                     [ sulc ]
                                Reading texture...Gb_filter = 0
                       [ ok ]
      Calculating Discrete Principal Curvatures...
      Determining geometric order for vno faces... [####################] [ ok ]
                      Determining KH curvatures... [####################] [ ok ]
                    Determining k1k2 curvatures... [####################] [ ok ]
                                   deltaViolations                      [ 269 ]
Gb_filter = 0

WARN:    S lookup   min:                          -0.361664
WARN:    S explicit min:                          0.000000	vertex = 897

#-----------------------------------------
#@# Curvature Stats rh Sun Mar  8 20:41:24 CET 2026
/out/sourcedata/freesurfer/sub-v1s14x0051559_ses-1/surf

 mris_curvature_stats -m --writeCurvatureFiles -G -o ../stats/rh.curv.stats -F smoothwm sub-v1s14x0051559_ses-1 rh curv sulc 

             Toggling save flag on curvature files                       [ ok ]
                 Outputting results using filestem   [ ../stats/rh.curv.stats ]
             Toggling save flag on curvature files                       [ ok ]
                                   Setting surface [ sub-v1s14x0051559_ses-1/rh.smoothwm ]
                                Reading surface...                       [ ok ]
                                   Setting texture                     [ curv ]
                                Reading texture...                       [ ok ]
                                   Setting texture                     [ sulc ]
                                Reading texture...Gb_filter = 0
                       [ ok ]
      Calculating Discrete Principal Curvatures...
      Determining geometric order for vno faces... [####################] [ ok ]
                      Determining KH curvatures... [####################] [ ok ]
                    Determining k1k2 curvatures... [####################] [ ok ]
                                   deltaViolations                      [ 269 ]
Gb_filter = 0

WARN:    S lookup   min:                          -0.139643
WARN:    S explicit min:                          0.000000	vertex = 23
#-----------------------------------------
#@# Relabel Hypointensities Sun Mar  8 20:41:26 CET 2026
/out/sourcedata/freesurfer/sub-v1s14x0051559_ses-1/mri

 mri_relabel_hypointensities aseg.presurf.mgz ../surf aseg.presurf.hypos.mgz 

reading input surface ../surf/lh.white...
relabeling lh hypointensities...
6322 voxels changed to hypointensity...
reading input surface ../surf/rh.white...
relabeling rh hypointensities...
6555 voxels changed to hypointensity...
12822 hypointense voxels neighboring cortex changed
#-----------------------------------------
#@# APas-to-ASeg Sun Mar  8 20:41:42 CET 2026
/out/sourcedata/freesurfer/sub-v1s14x0051559_ses-1/mri

 mri_surf2volseg --o aseg.mgz --i aseg.presurf.hypos.mgz --fix-presurf-with-ribbon /out/sourcedata/freesurfer/sub-v1s14x0051559_ses-1/mri/ribbon.mgz --threads 16 --lh-cortex-mask /out/sourcedata/freesurfer/sub-v1s14x0051559_ses-1/label/lh.cortex.label --lh-white /out/sourcedata/freesurfer/sub-v1s14x0051559_ses-1/surf/lh.white --lh-pial /out/sourcedata/freesurfer/sub-v1s14x0051559_ses-1/surf/lh.pial --rh-cortex-mask /out/sourcedata/freesurfer/sub-v1s14x0051559_ses-1/label/rh.cortex.label --rh-white /out/sourcedata/freesurfer/sub-v1s14x0051559_ses-1/surf/rh.white --rh-pial /out/sourcedata/freesurfer/sub-v1s14x0051559_ses-1/surf/rh.pial 

SUBJECTS_DIR /out/sourcedata/freesurfer
outvol aseg.mgz
16 avail.processors, using 16
Loading aseg.presurf.hypos.mgz
Loading /out/sourcedata/freesurfer/sub-v1s14x0051559_ses-1/mri/ribbon.mgz
Loading /out/sourcedata/freesurfer/sub-v1s14x0051559_ses-1/surf/lh.white
Loading /out/sourcedata/freesurfer/sub-v1s14x0051559_ses-1/surf/lh.pial
Loading /out/sourcedata/freesurfer/sub-v1s14x0051559_ses-1/label/lh.cortex.label
Loading /out/sourcedata/freesurfer/sub-v1s14x0051559_ses-1/surf/rh.white
Loading /out/sourcedata/freesurfer/sub-v1s14x0051559_ses-1/surf/rh.pial
Loading /out/sourcedata/freesurfer/sub-v1s14x0051559_ses-1/label/rh.cortex.label
Done loading
128 240 144 160  80 224  96  16 208   0  64  48 192 112 176  32  33 225 209 241   1  49  17 226  65  34 210 242 193   2  50  18 227  35   3 211 243  51  19 
 81 228 194  97  36   4 113 212 244  66 177  52  20 229 161  37   5 213 245  53 145 195  21 230  38   6  67 214 246 129  54 196 231  22  82  39 
  7 215 247  55 197 232  23  40   8  68 178 216 248  56  98 146 162 198 233  24  41   9  57 217 249 199 
234  25  83  42  10  58  69 218 250 235 200  26  43  11  59 
114 219 
251 147 236 201  44  12  27  60  70 220 252 179 
237 130  99 
202 163  45  13  84  28 253 221  61 238 203  46  14  29  71 254 148 222 239 
204  62  47  15  30 255 223 205  31  85  63  72 100 180 206 164 149 207 115  86  73 131 101 181 165 150  87  74 102 182  88 151 166 116  75 103 183  89 167 152 132  76 104 184  90 185 153 168  77 105 117  91 186 169 154 187  78  92 106 188 170 133 155 118  93  79 
189 107 171 190  94 156 191 108 119 
172  95 157 109 134 173 158 110 120 174 111 159 
121 175 135 122 136 123 137 124 138 125 139 
126 140 127 141 142 143 
nrelabeled = 174124
ndotcheck = 0
Starting Surf2VolSeg free
free done
#VMPC# mri_surf2volseg VmPeak  2299008
mri_surf2volseg done

 mri_brainvol_stats sub-v1s14x0051559_ses-1 

ComputeBrainVolumeStats2 VoxelVol=1, KeepCSF=1
  #CBVS2 MaskVol              1613674.0
  #CBVS2 BrainSegVol          1359675.0
  #CBVS2 BrainSegVolNotVent   1346286.0
  #CBVS2 SupraTentVol         1207074.0
  #CBVS2 SupraTentVolNotVent  1193685.0
  #CBVS2 lhCtxGM               247030.5
  #CBVS2 rhCtxGM               251916.9
  #CBVS2 lhCerebralWM          316018.5
  #CBVS2 rhCerebralWM          315519.5
  #CBVS2 SubCortGMVol           65467.0
  #CBVS2 CerebellumVol         152601.0
  #CBVS2 CerebellumGMVol       114956.0
  #CBVS2 VentChorVol            10418.0
  #CBVS2 3rd4th5thCSF            2971.0
  #CBVS2 AllCSF                 13389.0
  #CBVS2 CCVol                   5773.0
#-----------------------------------------
#@# AParc-to-ASeg aparc Sun Mar  8 20:41:51 CET 2026
/out/sourcedata/freesurfer/sub-v1s14x0051559_ses-1/mri

 mri_surf2volseg --o aparc+aseg.mgz --label-cortex --i aseg.mgz --threads 16 --lh-annot /out/sourcedata/freesurfer/sub-v1s14x0051559_ses-1/label/lh.aparc.annot 1000 --lh-cortex-mask /out/sourcedata/freesurfer/sub-v1s14x0051559_ses-1/label/lh.cortex.label --lh-white /out/sourcedata/freesurfer/sub-v1s14x0051559_ses-1/surf/lh.white --lh-pial /out/sourcedata/freesurfer/sub-v1s14x0051559_ses-1/surf/lh.pial --rh-annot /out/sourcedata/freesurfer/sub-v1s14x0051559_ses-1/label/rh.aparc.annot 2000 --rh-cortex-mask /out/sourcedata/freesurfer/sub-v1s14x0051559_ses-1/label/rh.cortex.label --rh-white /out/sourcedata/freesurfer/sub-v1s14x0051559_ses-1/surf/rh.white --rh-pial /out/sourcedata/freesurfer/sub-v1s14x0051559_ses-1/surf/rh.pial 

SUBJECTS_DIR /out/sourcedata/freesurfer
outvol aparc+aseg.mgz
16 avail.processors, using 16
Loading aseg.mgz
Loading /out/sourcedata/freesurfer/sub-v1s14x0051559_ses-1/surf/lh.white
Loading /out/sourcedata/freesurfer/sub-v1s14x0051559_ses-1/surf/lh.pial
Loading /out/sourcedata/freesurfer/sub-v1s14x0051559_ses-1/label/lh.cortex.label
Ripping lh vertices labeled not in lh.cortex.label
  ripped 9705 vertices from lh hemi
Loading /out/sourcedata/freesurfer/sub-v1s14x0051559_ses-1/label/lh.aparc.annot
Loading /out/sourcedata/freesurfer/sub-v1s14x0051559_ses-1/surf/rh.white
Loading /out/sourcedata/freesurfer/sub-v1s14x0051559_ses-1/surf/rh.pial
Loading /out/sourcedata/freesurfer/sub-v1s14x0051559_ses-1/label/rh.cortex.label
Ripping rh vertices labeled not in rh.cortex.label
  ripped 9704 vertices from rh hemi
Loading /out/sourcedata/freesurfer/sub-v1s14x0051559_ses-1/label/rh.aparc.annot
Done loading
  0 176 192  96 160 240  80 224  48 144  32 208 128 112  64  16   1 241  17  49  33 225 209  18   2 242  50  34 226  19 
  3 210  51 243  35  20   4  52  36 227 211 244  21   5  37  53 228 245  22   6 212  38  54  23   7  39 
 55 229 246 213  24   8  40  56  25 230 247   9  41  57 214  26  10 248  42  58 231  27 215  11 249  59 
 43  28 232  12  44 250 216  29  60  13  45 233 251  30  14 217  46  31 234 252  15  47 218 253 235 254 193 219 
255 236 220  61 237 221 238 222 239 
223 194 195 196 197 198 199 
 62 200 201 202 203 204 205 206 207  63  65  66 113 145  67 161  81 177  68  97 146 114 129  69 147 162  82 178  70 115 148  71 149  98 163 179 
130  83 116 150  72 180 164 151 117  73  84 131 152 181  99 
118  74 165 153  85 182 119 
132  75 154 100 183 166 120 155 133  76  86 184 156 121 134 167 185 101 157  77  87 186 135 122 187 158 168 188 102  88 136  78 189 159 
190 123 191 169 137  89  79 
103 124 138 170  90 104 139 
171 125  91 105 140 172  92 106 126 141 173 142 107  93 174 127 143 108  94 175 109  95 110 111 
nrelabeled = 496623
ndotcheck = 36336
Starting Surf2VolSeg free
free done
#VMPC# mri_surf2volseg VmPeak  2112228
mri_surf2volseg done
#-----------------------------------------
#@# AParc-to-ASeg aparc.a2009s Sun Mar  8 20:42:38 CET 2026
/out/sourcedata/freesurfer/sub-v1s14x0051559_ses-1/mri

 mri_surf2volseg --o aparc.a2009s+aseg.mgz --label-cortex --i aseg.mgz --threads 16 --lh-annot /out/sourcedata/freesurfer/sub-v1s14x0051559_ses-1/label/lh.aparc.a2009s.annot 11100 --lh-cortex-mask /out/sourcedata/freesurfer/sub-v1s14x0051559_ses-1/label/lh.cortex.label --lh-white /out/sourcedata/freesurfer/sub-v1s14x0051559_ses-1/surf/lh.white --lh-pial /out/sourcedata/freesurfer/sub-v1s14x0051559_ses-1/surf/lh.pial --rh-annot /out/sourcedata/freesurfer/sub-v1s14x0051559_ses-1/label/rh.aparc.a2009s.annot 12100 --rh-cortex-mask /out/sourcedata/freesurfer/sub-v1s14x0051559_ses-1/label/rh.cortex.label --rh-white /out/sourcedata/freesurfer/sub-v1s14x0051559_ses-1/surf/rh.white --rh-pial /out/sourcedata/freesurfer/sub-v1s14x0051559_ses-1/surf/rh.pial 

SUBJECTS_DIR /out/sourcedata/freesurfer
outvol aparc.a2009s+aseg.mgz
16 avail.processors, using 16
Loading aseg.mgz
Loading /out/sourcedata/freesurfer/sub-v1s14x0051559_ses-1/surf/lh.white
Loading /out/sourcedata/freesurfer/sub-v1s14x0051559_ses-1/surf/lh.pial
Loading /out/sourcedata/freesurfer/sub-v1s14x0051559_ses-1/label/lh.cortex.label
Ripping lh vertices labeled not in lh.cortex.label
  ripped 9705 vertices from lh hemi
Loading /out/sourcedata/freesurfer/sub-v1s14x0051559_ses-1/label/lh.aparc.a2009s.annot
Loading /out/sourcedata/freesurfer/sub-v1s14x0051559_ses-1/surf/rh.white
Loading /out/sourcedata/freesurfer/sub-v1s14x0051559_ses-1/surf/rh.pial
Loading /out/sourcedata/freesurfer/sub-v1s14x0051559_ses-1/label/rh.cortex.label
Ripping rh vertices labeled not in rh.cortex.label
  ripped 9704 vertices from rh hemi
Loading /out/sourcedata/freesurfer/sub-v1s14x0051559_ses-1/label/rh.aparc.a2009s.annot
Done loading
  0 192 160  64 240 208  32 224 144  80 128 176  16  96 112  48  49 209  33 225 241  17   1  50  34 210 242  18   2 226  51 211  35 243  19 
  3  36  52 227 212 244  20   4  37  53 228 213 245  21   5  38  54 229 214 246  22  39 
  6  55 230 215 247  23   7  40  56 231 216 248  24   8  41  57 232 217 249  25   9  42  58 233 218 250  26  10  43  59 
234 219 
251  27  44  11 235 220 252  60 193  45  28  12 253 221 236  46 222  29  13 254 237  47 223  30  14 255 238  31  15 239 
 61 194 195 196 197 198 199 
200 201 202 203 204 205 206 207  62  63  65  66 145 161 113 177  81  97  67 129 146  68 147 114 178 162  69  82 148  98  70 115 179 
130 149 163  83  71 150 180 116  99 
 72 151 164 131  84 181 117  73 152 100 118 182  74 165 132 153  85 101 119 
183 154  75 133  86 155 166 184 120 102  76 134 185 156  87 121 186 135 167 103  77 157 187 188 122  88 136 158 104 189 190 168  78 191 137 159 
105  89 123  79 
169 138 106  90 124 139 
170 107  91 140 125 171 108  92 141 172 109 126 142  93 173 110 143 127  94 174 111 175  95 
nrelabeled = 496623
ndotcheck = 36336
Starting Surf2VolSeg free
free done
#VMPC# mri_surf2volseg VmPeak  2030696
mri_surf2volseg done
#-----------------------------------------
#@# AParc-to-ASeg aparc.DKTatlas Sun Mar  8 20:43:21 CET 2026
/out/sourcedata/freesurfer/sub-v1s14x0051559_ses-1/mri

 mri_surf2volseg --o aparc.DKTatlas+aseg.mgz --label-cortex --i aseg.mgz --threads 16 --lh-annot /out/sourcedata/freesurfer/sub-v1s14x0051559_ses-1/label/lh.aparc.DKTatlas.annot 1000 --lh-cortex-mask /out/sourcedata/freesurfer/sub-v1s14x0051559_ses-1/label/lh.cortex.label --lh-white /out/sourcedata/freesurfer/sub-v1s14x0051559_ses-1/surf/lh.white --lh-pial /out/sourcedata/freesurfer/sub-v1s14x0051559_ses-1/surf/lh.pial --rh-annot /out/sourcedata/freesurfer/sub-v1s14x0051559_ses-1/label/rh.aparc.DKTatlas.annot 2000 --rh-cortex-mask /out/sourcedata/freesurfer/sub-v1s14x0051559_ses-1/label/rh.cortex.label --rh-white /out/sourcedata/freesurfer/sub-v1s14x0051559_ses-1/surf/rh.white --rh-pial /out/sourcedata/freesurfer/sub-v1s14x0051559_ses-1/surf/rh.pial 

SUBJECTS_DIR /out/sourcedata/freesurfer
outvol aparc.DKTatlas+aseg.mgz
16 avail.processors, using 16
Loading aseg.mgz
Loading /out/sourcedata/freesurfer/sub-v1s14x0051559_ses-1/surf/lh.white
Loading /out/sourcedata/freesurfer/sub-v1s14x0051559_ses-1/surf/lh.pial
Loading /out/sourcedata/freesurfer/sub-v1s14x0051559_ses-1/label/lh.cortex.label
Ripping lh vertices labeled not in lh.cortex.label
  ripped 9705 vertices from lh hemi
Loading /out/sourcedata/freesurfer/sub-v1s14x0051559_ses-1/label/lh.aparc.DKTatlas.annot
Loading /out/sourcedata/freesurfer/sub-v1s14x0051559_ses-1/surf/rh.white
Loading /out/sourcedata/freesurfer/sub-v1s14x0051559_ses-1/surf/rh.pial
Loading /out/sourcedata/freesurfer/sub-v1s14x0051559_ses-1/label/rh.cortex.label
Ripping rh vertices labeled not in rh.cortex.label
  ripped 9704 vertices from rh hemi
Loading /out/sourcedata/freesurfer/sub-v1s14x0051559_ses-1/label/rh.aparc.DKTatlas.annot
Done loading
240  96 192 160   0 128  80 112  64 208 176  48 224  32  16 144 241   1  49  33 209  17 225   2 242  50  34 210 226  18   3 243  51  35 227 211  19 
  4 244  36  52   5 228 212 245  20  37  53   6  21 229 213 246  38  54   7  22  39 
230 214 247  55   8  23  40 231 215 248  56   9  24  41 232 216 249  10  57  25  42 233 217 250  11  58  26  43 234  12 218 251  59 
 27  44  13 235 219 
252 193  28 236  14  45 253  60 220 237  29  15  46 254 221 238  30  47 255 222 239 
 31 223  61 194 195 196 197 198 199 
200 201  62 202 203 204 205 206 207  63  65  66 113 145  67  81 161  97 177  68 114 129 146  69  82  98  70 115 147 162 178  71  83 148 116 130  99 
 72 179 
117  84 149  73 163 100 118  74 150 131  85 180 119 
101  75 164 151  86 120 102 181  76 132 152 121  87 103 165  77 182 133 153 122  88 104  78 183 134 154 105 123  89 166  79 
184 155 135 106  90 124 185 156 107 136 167 186  91 125 187 108 157 188 137  92 189 168 158 190 109 126 191 138  93 110 159 
127 169  94 111 139 
 95 170 140 141 171 142 172 143 173 174 175 
nrelabeled = 496623
ndotcheck = 36336
Starting Surf2VolSeg free
free done
#VMPC# mri_surf2volseg VmPeak  2030616
mri_surf2volseg done
#-----------------------------------------
#@# WMParc Sun Mar  8 20:44:08 CET 2026
/out/sourcedata/freesurfer/sub-v1s14x0051559_ses-1/mri

 mri_surf2volseg --o wmparc.mgz --label-wm --i aparc+aseg.mgz --threads 16 --lh-annot /out/sourcedata/freesurfer/sub-v1s14x0051559_ses-1/label/lh.aparc.annot 3000 --lh-cortex-mask /out/sourcedata/freesurfer/sub-v1s14x0051559_ses-1/label/lh.cortex.label --lh-white /out/sourcedata/freesurfer/sub-v1s14x0051559_ses-1/surf/lh.white --lh-pial /out/sourcedata/freesurfer/sub-v1s14x0051559_ses-1/surf/lh.pial --rh-annot /out/sourcedata/freesurfer/sub-v1s14x0051559_ses-1/label/rh.aparc.annot 4000 --rh-cortex-mask /out/sourcedata/freesurfer/sub-v1s14x0051559_ses-1/label/rh.cortex.label --rh-white /out/sourcedata/freesurfer/sub-v1s14x0051559_ses-1/surf/rh.white --rh-pial /out/sourcedata/freesurfer/sub-v1s14x0051559_ses-1/surf/rh.pial 

SUBJECTS_DIR /out/sourcedata/freesurfer
outvol wmparc.mgz
16 avail.processors, using 16
Loading aparc+aseg.mgz
Loading /out/sourcedata/freesurfer/sub-v1s14x0051559_ses-1/surf/lh.white
Loading /out/sourcedata/freesurfer/sub-v1s14x0051559_ses-1/surf/lh.pial
Loading /out/sourcedata/freesurfer/sub-v1s14x0051559_ses-1/label/lh.cortex.label
Ripping lh vertices labeled not in lh.cortex.label
  ripped 9705 vertices from lh hemi
Loading /out/sourcedata/freesurfer/sub-v1s14x0051559_ses-1/label/lh.aparc.annot
Loading /out/sourcedata/freesurfer/sub-v1s14x0051559_ses-1/surf/rh.white
Loading /out/sourcedata/freesurfer/sub-v1s14x0051559_ses-1/surf/rh.pial
Loading /out/sourcedata/freesurfer/sub-v1s14x0051559_ses-1/label/rh.cortex.label
Ripping rh vertices labeled not in rh.cortex.label
  ripped 9704 vertices from rh hemi
Loading /out/sourcedata/freesurfer/sub-v1s14x0051559_ses-1/label/rh.aparc.annot
Done loading
  0  48 160  64 240  80 176 192  32 128  96 208 144 112  16 224  17   1  33  49 193 209 225 241  18   2  50  34  65 194 210 226 242  19 
  3  51  35 195 227 211 243  20   4  52  36 196 228  21 212 244   5  53  37  66  22   6 197 229 245 213  54  38  23   7  55  39 
198 230 246 214  24   8  56  40 199 
231  25 247 215   9  57  41  26 200 232 248 216  10  58  42  27 201 233  11  59 
249 217  43  28  12  60 202 234  44 250 218  29  13  61  67  45  30 203 235 251 219 
 14  62  46  31 204 236 252 220  15  63  47 205 237 221 253 206 238 254 222 207 239 
255 223  68  81 129 177  69  70  71 161 178 145  82  72  97 130  73 179 
 83  74 113 180 162 131  98  75 146  84 181  76 132 182  85  77 163  99 
183  78  86 147 184 133 114 185  79 
186 187 188 164  87 100 189 190 191 134  88 148 165 101 115  89 135 166 149 102  90 116 167 136 103 150  91 168 117  92 137 104 151 169  93 118 138 105 170 152  94 119 
171 106 139 
153 172  95 120 107 154 173 140 121 174 155 108 141 175 122 156 123 142 109 124 157 125 143 158 126 110 127 159 
111 
nrelabeled = 625765
ndotcheck = 4106
Starting Surf2VolSeg free
free done
#VMPC# mri_surf2volseg VmPeak  2030588
mri_surf2volseg done

 mri_segstats --seed 1234 --seg mri/wmparc.mgz --sum stats/wmparc.stats --pv mri/norm.mgz --excludeid 0 --brainmask mri/brainmask.mgz --in mri/norm.mgz --in-intensity-name norm --in-intensity-units MR --subject sub-v1s14x0051559_ses-1 --surf-wm-vol --ctab /opt/freesurfer/WMParcStatsLUT.txt --etiv 

setting seed for random number genererator to 1234

7.3.2
cwd 
cmdline mri_segstats --seed 1234 --seg mri/wmparc.mgz --sum stats/wmparc.stats --pv mri/norm.mgz --excludeid 0 --brainmask mri/brainmask.mgz --in mri/norm.mgz --in-intensity-name norm --in-intensity-units MR --subject sub-v1s14x0051559_ses-1 --surf-wm-vol --ctab /opt/freesurfer/WMParcStatsLUT.txt --etiv 
sysname  Linux
hostname dna020
machine  x86_64
user     oesteban
whitesurfname  white
UseRobust  0
atlas_icv (eTIV) = 1450727 mm^3    (det: 1.342848 )
Loading mri/wmparc.mgz
Getting Brain Volume Statistics
Loading mri/norm.mgz
Loading mri/norm.mgz
Voxel Volume is 1 mm^3
Generating list of segmentation ids
Found 390 segmentations
Computing statistics for each segmentation

Reporting on  70 segmentations
Using PrintSegStat
mri_segstats done
#--------------------------------------------
#@# ASeg Stats Sun Mar  8 20:47:48 CET 2026
/out/sourcedata/freesurfer/sub-v1s14x0051559_ses-1

 mri_segstats --seed 1234 --seg mri/aseg.mgz --sum stats/aseg.stats --pv mri/norm.mgz --empty --brainmask mri/brainmask.mgz --brain-vol-from-seg --excludeid 0 --excl-ctxgmwm --supratent --subcortgray --in mri/norm.mgz --in-intensity-name norm --in-intensity-units MR --etiv --surf-wm-vol --surf-ctx-vol --totalgray --euler --ctab /opt/freesurfer/ASegStatsLUT.txt --subject sub-v1s14x0051559_ses-1 

setting seed for random number genererator to 1234

7.3.2
cwd 
cmdline mri_segstats --seed 1234 --seg mri/aseg.mgz --sum stats/aseg.stats --pv mri/norm.mgz --empty --brainmask mri/brainmask.mgz --brain-vol-from-seg --excludeid 0 --excl-ctxgmwm --supratent --subcortgray --in mri/norm.mgz --in-intensity-name norm --in-intensity-units MR --etiv --surf-wm-vol --surf-ctx-vol --totalgray --euler --ctab /opt/freesurfer/ASegStatsLUT.txt --subject sub-v1s14x0051559_ses-1 
sysname  Linux
hostname dna020
machine  x86_64
user     oesteban
whitesurfname  white
UseRobust  0
atlas_icv (eTIV) = 1450727 mm^3    (det: 1.342848 )
Computing euler number
orig.nofix lheno =  -64, rheno = -52
orig.nofix lhholes =   33, rhholes = 27
Loading mri/aseg.mgz
Getting Brain Volume Statistics
Loading mri/norm.mgz
Loading mri/norm.mgz
Voxel Volume is 1 mm^3
Generating list of segmentation ids
Found  50 segmentations
Computing statistics for each segmentation

Reporting on  45 segmentations
Using PrintSegStat
mri_segstats done

Started at Sun Mar 8 20:41:20 CET 2026 
Ended   at Sun Mar 8 20:48:29 CET 2026
#@#%# recon-all-run-time-hours 0.119
recon-all -s sub-v1s14x0051559_ses-1 finished without error at Sun Mar  8 20:48:29 CET 2026
