#!ascii label  , from subject sub-v1s14x0051585_ses-1 vox2ras=TkReg
4105
198  -9.255  -86.940  -9.715 0.8999999762
199  -9.850  -87.166  -9.172 0.8000000119
73  -10.167  -87.706  -8.541 0.8000000119
61  -11.145  -87.924  -7.730 0.8000000119
87  -9.495  -87.522  -9.910 0.8999999762
141163  -10.443  -88.102  -9.108 0.8000000119
76  -12.182  -87.757  -8.642 0.8000000119
90  -12.627  -87.948  -9.397 0.8000000119
127010  -9.860  -88.241  -11.017 0.8000000119
2  -11.360  -88.541  -10.579 0.8000000119
132621  -11.759  -88.115  -9.179 0.8000000119
128387  -3.577  -83.389  -8.134 0.6999999881
781  -5.107  -84.204  -8.920 0.8000000119
782  -6.120  -84.261  -9.401 0.6999999881
538  -7.077  -84.176  -8.427 0.6000000238
130320  -13.261  -86.365  -7.024 0.5000000000
78  -14.238  -86.756  -8.868 0.6999999881
136856  -14.956  -87.582  -8.049 0.6000000238
4  -13.617  -88.218  -10.567 0.8000000119
128195  -12.985  -88.685  -11.023 0.8000000119
102  -14.294  -87.796  -10.314 0.6999999881
9  -13.707  -88.586  -11.297 0.8000000119
133843  -3.430  -83.018  -9.096 0.8000000119
1077  -4.061  -83.894  -8.747 0.8000000119
1939  -3.421  -81.557  -10.790 0.8000000119
1096  -5.722  -83.848  -10.258 1.0000000000
795  -8.401  -83.180  -10.065 0.8999999762
784  -9.006  -83.970  -9.344 0.8999999762
555  -9.670  -84.502  -10.266 0.8999999762
785  -9.604  -84.935  -9.220 0.8999999762
131251  -9.303  -85.592  -10.176 0.8999999762
50  -12.444  -86.421  -6.942 0.5000000000
65  -14.681  -87.252  -7.342 0.5000000000
147229  -14.310  -86.688  -8.055 0.6999999881
144864  -15.670  -88.043  -8.994 0.6000000238
136835  -16.258  -88.196  -8.765 0.6000000238
373  -8.814  -86.693  -10.267 0.8999999762
92  -14.627  -87.236  -9.672 0.6999999881
94  -16.816  -88.220  -9.383 0.6999999881
138522  -8.503  -87.175  -11.087 0.8999999762
111  -10.318  -88.450  -11.876 1.0000000000
110  -9.523  -88.040  -11.784 0.8999999762
149613  -13.830  -88.825  -11.932 0.8000000119
127560  -16.162  -88.043  -11.104 0.6999999881
22  -13.353  -89.151  -13.631 1.0000000000
131159  -14.947  -88.957  -13.094 0.8000000119
137497  -15.696  -88.493  -13.009 0.8000000119
3794  -5.366  -77.121  -6.964 0.6999999881
1486  -3.104  -82.472  -8.233 0.6999999881
1087  -5.133  -84.134  -9.623 0.8000000119
128783  -3.361  -81.257  -11.471 0.8999999762
796  -9.469  -83.479  -10.321 1.0000000000
561  -8.889  -85.168  -11.173 0.8999999762
80  -17.608  -88.245  -9.137 0.6000000238
139614  -19.191  -88.224  -9.968 0.6000000238
7  -11.555  -88.954  -11.408 0.8000000119
21  -12.608  -88.897  -13.127 1.0000000000
10  -14.479  -88.402  -11.569 0.8000000119
105  -17.480  -88.204  -10.122 0.6000000238
113  -16.682  -88.175  -11.825 0.6999999881
140076  -19.066  -88.052  -10.784 0.6000000238
20  -11.890  -88.839  -13.442 1.0000000000
132717  -16.734  -88.165  -14.081 0.6999999881
1931  -3.240  -81.394  -9.259 0.8000000119
146469  -2.946  -82.168  -9.005 0.8000000119
3292  -5.570  -78.578  -8.739 0.8000000119
769  -5.579  -84.005  -8.313 0.6000000238
1095  -4.532  -83.722  -10.164 0.8000000119
129497  -5.265  -83.364  -10.941 0.8999999762
1510  -4.032  -82.612  -11.576 0.8999999762
140846  -6.563  -83.188  -10.927 1.0000000000
783  -7.540  -84.075  -9.299 0.8999999762
549  -8.383  -84.592  -8.677 0.8000000119
540  -8.906  -85.171  -8.380 0.8000000119
541  -9.640  -85.523  -8.737 0.8999999762
148614  -9.607  -83.942  -11.065 1.0000000000
152279  -8.157  -86.101  -11.601 0.8999999762
207  -8.812  -87.524  -11.862 0.8999999762
3  -12.189  -88.693  -10.771 0.8000000119
139968  -13.116  -89.069  -11.802 0.8000000119
103  -15.583  -87.901  -10.429 0.6999999881
19  -16.092  -88.272  -12.420 0.8000000119
12  -15.893  -88.212  -11.791 0.6999999881
137352  -18.578  -88.097  -11.288 0.6000000238
13  -11.204  -88.893  -13.003 1.0000000000
28  -13.307  -88.691  -14.289 1.0000000000
129  -16.858  -88.191  -13.360 0.6999999881
121  -16.818  -88.201  -12.640 0.8000000119
122  -17.423  -88.125  -12.253 0.6000000238
1657  -13.590  -82.303  -22.204 0.8000000119
144935  -14.689  -89.069  -13.712 1.0000000000
24  -15.379  -88.694  -13.743 0.8000000119
145426  -17.515  -88.109  -13.009 0.6999999881
124  -18.899  -87.833  -13.062 0.6000000238
26  -11.983  -88.525  -14.026 1.0000000000
232  -18.862  -86.852  -15.116 0.8000000119
154  -16.255  -87.254  -16.958 0.8999999762
145  -17.772  -87.716  -15.364 0.8000000119
268  -17.398  -86.364  -18.048 0.8999999762
143737  -17.837  -86.506  -16.130 0.8000000119
2349  -2.991  -81.042  -7.589 0.6000000238
1502  -4.241  -83.102  -10.889 1.0000000000
1108  -4.763  -83.141  -11.710 1.0000000000
3819  -3.457  -78.323  -8.532 0.8999999762
3312  -3.540  -79.434  -10.109 0.8999999762
1118  -5.160  -83.257  -12.632 0.8999999762
1536  -6.050  -82.884  -15.121 1.0000000000
1544  -7.570  -82.752  -15.502 1.0000000000
1109  -5.880  -83.243  -11.763 1.0000000000
1120  -6.336  -83.458  -12.803 1.0000000000
1129  -6.159  -83.680  -14.102 1.0000000000
1141  -7.007  -83.889  -15.132 1.0000000000
1545  -8.415  -82.944  -15.672 1.0000000000
1953  -3.700  -81.559  -12.871 0.8999999762
1121  -7.847  -83.155  -12.393 1.0000000000
1990  -9.055  -82.303  -15.332 1.0000000000
2397  -3.009  -80.413  -12.886 0.8999999762
1112  -8.712  -83.305  -12.228 1.0000000000
144287  -6.982  -83.747  -13.444 1.0000000000
1150  -8.661  -83.795  -15.797 1.0000000000
1151  -9.591  -83.835  -15.744 1.0000000000
812  -8.394  -84.418  -12.970 1.0000000000
127816  -8.246  -85.009  -13.904 1.0000000000
802  -9.004  -84.196  -11.990 1.0000000000
851  -9.864  -84.502  -15.362 1.0000000000
143399  -8.207  -85.776  -12.082 1.0000000000
580  -8.773  -85.882  -13.465 1.0000000000
374  -8.177  -86.701  -11.913 0.8999999762
1640  -8.360  -82.043  -20.676 0.5000000000
212  -8.872  -87.133  -12.599 1.0000000000
213  -9.461  -87.670  -12.472 1.0000000000
1217  -9.327  -83.164  -20.024 0.6999999881
126  -9.925  -88.133  -13.006 1.0000000000
120  -10.609  -88.389  -12.596 1.0000000000
1643  -11.292  -82.523  -21.095 0.8000000119
135  -12.523  -88.233  -14.537 1.0000000000
130179  -14.062  -89.043  -14.029 1.0000000000
127451  -18.752  -88.001  -12.109 0.6000000238
150882  -11.817  -82.196  -21.337 0.8000000119
1646  -13.945  -82.539  -21.745 0.8000000119
123  -18.140  -88.044  -12.606 0.6000000238
32  -14.058  -88.409  -14.780 1.0000000000
220  -19.320  -87.421  -13.807 0.6999999881
2118  -14.132  -81.509  -23.405 0.8000000119
149  -15.155  -88.080  -15.737 1.0000000000
137  -16.442  -88.086  -14.717 0.8000000119
226  -19.348  -86.710  -14.398 0.8000000119
146521  -20.167  -85.070  -14.017 0.6999999881
136919  -20.411  -84.314  -14.318 0.6999999881
253  -17.310  -86.405  -17.170 0.8999999762
130809  -17.943  -86.111  -17.789 0.8999999762
411  -18.676  -85.429  -16.724 0.8000000119
420  -19.619  -85.749  -17.595 0.8000000119
133710  -18.473  -86.588  -19.074 0.8000000119
4322  -4.990  -76.412  -3.478 0.6000000238
3278  -2.936  -78.252  -7.520 0.8999999762
149553  -3.664  -82.509  -10.768 0.8000000119
1518  -4.717  -82.858  -13.309 0.8999999762
1543  -6.836  -82.382  -15.224 1.0000000000
3276  -1.633  -78.080  -6.957 0.8999999762
2384  -3.276  -80.683  -11.055 0.8999999762
1516  -3.829  -82.136  -12.267 0.8999999762
1989  -8.284  -82.161  -15.265 1.0000000000
137833  -8.801  -81.703  -14.902 1.0000000000
3289  -2.342  -78.574  -9.132 0.8999999762
3301  -3.038  -79.019  -9.855 0.8999999762
2852  -2.657  -80.036  -11.617 0.8999999762
1546  -9.332  -83.074  -15.647 1.0000000000
3300  -1.903  -78.745  -10.050 0.8999999762
2851  -2.013  -79.372  -11.818 0.8999999762
822  -7.721  -84.500  -14.519 1.0000000000
850  -8.973  -84.497  -15.535 1.0000000000
596  -8.909  -85.465  -14.236 1.0000000000
852  -10.739  -84.236  -15.123 1.0000000000
1624  -6.953  -82.070  -19.654 0.5000000000
582  -10.276  -86.013  -13.314 1.0000000000
1639  -7.570  -81.693  -20.647 0.5000000000
581  -9.320  -86.095  -13.634 1.0000000000
1216  -8.527  -82.862  -19.812 0.5000000000
382  -9.113  -86.580  -13.375 1.0000000000
377  -10.915  -86.247  -12.696 1.0000000000
2086  -7.797  -81.301  -21.193 0.5000000000
217  -9.548  -87.385  -12.939 1.0000000000
384  -10.959  -86.813  -13.017 1.0000000000
598  -12.648  -86.185  -13.643 1.0000000000
131613  -12.941  -85.835  -14.769 0.8999999762
127  -10.744  -88.152  -13.236 1.0000000000
134  -11.689  -87.904  -14.367 1.0000000000
391  -12.354  -86.578  -14.604 1.0000000000
608  -12.772  -86.303  -15.721 1.0000000000
853  -14.033  -84.965  -15.631 0.8999999762
135882  -12.696  -86.851  -15.933 1.0000000000
2087  -8.680  -81.505  -21.133 0.5000000000
1642  -10.251  -82.557  -20.849 0.6999999881
146  -12.694  -87.320  -15.421 1.0000000000
139051  -8.192  -80.355  -22.508 0.5000000000
2090  -11.423  -81.368  -21.364 0.8000000119
141  -12.788  -87.882  -15.291 1.0000000000
144  -15.908  -88.060  -15.416 1.0000000000
2539  -8.914  -80.385  -21.940 0.5000000000
2104  -13.016  -81.932  -22.288 0.8000000119
143  -14.391  -88.094  -15.607 1.0000000000
139  -18.075  -88.113  -14.636 0.8000000119
386  -20.405  -85.824  -13.513 0.6000000238
2995  -10.466  -79.513  -22.042 0.4000000060
2530  -11.589  -80.110  -21.181 0.8000000119
2543  -13.174  -81.009  -22.485 0.8000000119
2107  -15.683  -81.935  -23.270 0.8000000119
134854  -14.768  -87.848  -16.345 0.8999999762
393  -19.781  -85.810  -14.220 0.6999999881
153  -15.270  -87.379  -17.010 0.8999999762
252  -16.891  -86.817  -17.465 0.8999999762
152  -17.718  -87.143  -15.871 0.8999999762
392  -19.154  -85.645  -15.072 0.8000000119
254  -18.501  -85.781  -17.513 0.8999999762
618  -19.081  -85.147  -15.991 0.8000000119
612  -21.178  -84.448  -15.427 0.6000000238
619  -20.053  -84.811  -16.210 0.6999999881
620  -20.781  -84.921  -15.937 0.6000000238
131621  -17.537  -86.693  -18.923 0.8999999762
298  -19.990  -86.689  -19.956 0.8000000119
145284  -19.495  -86.529  -19.044 0.8000000119
421  -20.728  -86.183  -17.282 0.6999999881
273  -22.677  -87.111  -18.207 0.5000000000
4306  -4.554  -76.734  -2.726 0.6000000238
3761  -3.096  -78.025  -4.309 0.8000000119
3229  -3.133  -78.048  -5.476 0.8999999762
2360  -4.479  -80.182  -8.921 0.8000000119
3820  -4.692  -78.004  -8.680 0.8999999762
2402  -3.596  -80.915  -13.228 0.8999999762
1967  -4.558  -81.615  -14.104 0.8999999762
1970  -7.298  -81.493  -14.496 1.0000000000
1991  -9.957  -82.435  -15.329 1.0000000000
1972  -10.524  -81.777  -14.911 1.0000000000
137631  -11.024  -82.504  -15.266 1.0000000000
2866  -2.443  -79.356  -12.397 0.8999999762
1152  -10.331  -83.838  -15.514 1.0000000000
1143  -11.882  -83.212  -15.048 1.0000000000
834  -8.371  -84.804  -14.929 1.0000000000
1153  -11.342  -83.782  -14.890 1.0000000000
835  -9.267  -85.181  -14.990 1.0000000000
837  -11.074  -84.470  -14.047 1.0000000000
813  -11.197  -85.486  -12.529 1.0000000000
1197  -8.090  -82.892  -19.326 0.5000000000
133846  -11.791  -84.690  -11.912 1.0000000000
139140  -9.860  -86.588  -13.393 1.0000000000
585  -13.782  -85.243  -12.839 0.8999999762
599  -13.441  -85.637  -13.766 0.8999999762
1656  -7.029  -81.108  -21.291 0.5000000000
600  -14.154  -84.987  -13.774 0.8999999762
838  -13.724  -85.294  -14.742 0.8999999762
390  -11.769  -87.179  -14.468 1.0000000000
401  -12.335  -86.942  -15.231 1.0000000000
865  -14.289  -84.781  -17.126 0.8999999762
617  -12.956  -85.862  -16.650 0.8999999762
418  -13.025  -86.454  -17.471 0.8999999762
864  -13.621  -85.225  -17.535 0.8999999762
240  -13.382  -87.231  -16.666 0.8999999762
1659  -15.015  -82.165  -22.687 0.8000000119
140207  -13.845  -87.777  -16.236 0.8999999762
241  -13.908  -87.025  -17.940 0.8999999762
221  -20.092  -86.837  -13.659 0.6999999881
2105  -13.747  -81.861  -22.746 0.8000000119
586  -20.724  -84.697  -13.489 0.6000000238
3441  -12.320  -78.752  -21.895 0.4000000060
2542  -12.678  -80.895  -21.831 0.8000000119
126631  -13.763  -78.521  -22.710 0.5000000000
2544  -13.759  -79.913  -22.488 0.5000000000
2127  -14.423  -81.279  -24.114 0.6999999881
140744  -16.289  -82.126  -23.528 0.8999999762
143053  -17.664  -86.048  -16.861 0.8999999762
613  -21.890  -84.957  -15.310 0.5000000000
135140  -18.023  -86.357  -18.468 0.8000000119
413  -20.961  -85.626  -16.576 0.6999999881
414  -21.897  -86.491  -15.993 0.5000000000
284  -18.966  -86.781  -19.802 0.8000000119
258  -22.188  -87.168  -17.497 0.6000000238
153294  -22.598  -87.089  -19.337 0.5000000000
3762  -4.108  -77.458  -5.067 0.6999999881
2816  -5.931  -78.796  -8.342 0.6000000238
3291  -5.006  -78.486  -9.137 0.8999999762
2881  -5.363  -80.104  -13.390 1.0000000000
2421  -6.565  -80.841  -14.221 1.0000000000
2407  -8.512  -80.915  -13.331 1.0000000000
136353  -9.520  -81.758  -14.846 1.0000000000
130906  -1.434  -78.180  -9.178 0.8999999762
136586  -3.554  -79.620  -13.094 1.0000000000
2424  -9.946  -81.351  -14.089 1.0000000000
1132  -12.295  -83.328  -13.093 1.0000000000
1122  -12.180  -83.899  -12.134 1.0000000000
573  -13.964  -84.830  -12.255 0.8999999762
1592  -10.001  -82.819  -18.521 0.8000000119
570  -11.812  -85.445  -11.959 1.0000000000
571  -12.341  -85.653  -12.046 1.0000000000
1606  -11.809  -83.216  -19.014 0.8000000119
1608  -13.164  -83.015  -20.194 0.8000000119
1647  -14.855  -82.175  -21.895 0.8000000119
133282  -13.322  -86.113  -18.564 0.8999999762
131718  -14.822  -87.078  -17.750 0.8999999762
267  -16.207  -87.056  -18.329 0.8999999762
145928  -16.446  -87.015  -17.714 0.8999999762
2553  -13.906  -80.638  -23.484 0.6999999881
138836  -16.855  -86.723  -18.266 0.8999999762
125260  -14.859  -78.955  -23.749 0.5000000000
135546  -14.764  -81.131  -24.952 0.6000000238
1673  -15.142  -81.788  -25.153 0.6999999881
127851  -15.525  -82.343  -25.268 0.6999999881
282  -17.156  -87.065  -19.662 0.8000000119
269  -18.677  -86.225  -18.378 0.8000000119
1281  -15.574  -82.098  -25.868 0.6000000238
1271  -15.869  -83.010  -25.370 0.6999999881
927  -16.160  -83.075  -24.383 0.6999999881
255  -19.523  -86.188  -18.212 0.8000000119
127016  -15.011  -79.403  -24.693 0.5000000000
125265  -15.229  -81.192  -25.515 0.6000000238
256  -20.460  -86.359  -17.975 0.8000000119
286  -21.365  -86.798  -19.446 0.6999999881
259  -23.021  -87.261  -17.464 0.4000000060
274  -23.538  -87.215  -18.196 0.5000000000
2398  -8.051  -80.549  -12.608 1.0000000000
2408  -9.447  -80.939  -13.309 1.0000000000
2409  -10.385  -80.933  -13.316 1.0000000000
1973  -11.633  -81.655  -14.996 1.0000000000
1547  -10.233  -83.184  -15.534 1.0000000000
1992  -11.845  -82.271  -15.038 1.0000000000
1550  -12.822  -82.123  -14.708 1.0000000000
1549  -12.231  -82.523  -15.007 1.0000000000
152759  -13.020  -82.295  -14.304 1.0000000000
1537  -12.478  -82.779  -14.436 1.0000000000
1526  -13.113  -82.559  -13.179 1.0000000000
1519  -12.788  -83.316  -12.101 1.0000000000
825  -14.612  -84.703  -12.816 0.8999999762
148537  -13.291  -83.972  -11.477 1.0000000000
135730  -14.928  -84.698  -13.670 0.8999999762
839  -14.626  -84.885  -14.614 0.8999999762
1185  -10.291  -83.326  -19.112 0.8000000119
385  -11.759  -86.715  -13.444 1.0000000000
860  -14.409  -84.804  -16.302 0.8999999762
1186  -11.127  -83.356  -19.439 0.8000000119
143365  -12.444  -83.209  -20.175 0.8000000119
1628  -13.546  -82.832  -20.985 0.8000000119
1629  -14.496  -82.354  -20.968 0.8000000119
138887  -12.751  -83.125  -20.927 0.8000000119
628  -13.421  -85.590  -18.209 0.8999999762
264  -13.723  -86.532  -18.664 0.8999999762
292  -14.948  -86.666  -19.932 0.8999999762
281  -15.868  -86.941  -19.016 0.8999999762
3703  -3.119  -77.441  -1.402 0.8000000119
4290  -4.216  -76.995  -1.329 0.6999999881
3741  -3.276  -77.733  -3.178 0.8000000119
5610  -5.033  -73.974  -7.842 1.0000000000
3227  -2.072  -78.054  -5.128 0.8999999762
3228  -2.580  -78.069  -4.976 0.8000000119
5628  -5.477  -74.481  -8.374 1.0000000000
3261  -1.734  -78.040  -6.223 0.8999999762
3246  -2.388  -78.101  -5.621 0.8999999762
141411  -1.205  -77.794  -7.387 0.8999999762
3818  -1.026  -77.440  -9.030 0.8999999762
3288  -1.468  -78.147  -8.019 0.8999999762
4415  -1.443  -77.093  -10.391 1.0000000000
2872  -8.528  -80.220  -11.755 1.0000000000
2873  -9.476  -80.504  -11.752 1.0000000000
2401  -10.825  -80.693  -12.479 1.0000000000
2410  -11.325  -80.796  -13.409 1.0000000000
3827  -1.248  -77.694  -9.869 0.8999999762
3856  -1.937  -78.095  -11.740 0.8999999762
3332  -4.399  -77.868  -11.893 1.0000000000
3333  -5.192  -78.174  -11.835 1.0000000000
2870  -6.128  -79.405  -12.276 1.0000000000
2853  -6.929  -79.408  -11.751 1.0000000000
3875  -3.486  -77.982  -12.212 1.0000000000
3352  -4.282  -78.475  -12.329 1.0000000000
2426  -11.845  -80.929  -14.406 1.0000000000
2894  -13.963  -80.033  -14.073 1.0000000000
2440  -12.822  -81.277  -14.697 1.0000000000
2428  -13.465  -80.726  -14.288 1.0000000000
2430  -15.262  -80.160  -13.913 1.0000000000
2453  -7.392  -80.173  -16.902 0.6999999881
149332  -8.127  -80.083  -17.039 0.6999999881
2944  -8.878  -79.915  -17.332 0.8999999762
1960  -15.774  -80.779  -13.426 1.0000000000
138383  -4.961  -81.854  -17.740 0.6999999881
2017  -5.890  -81.803  -17.610 0.6999999881
1538  -13.657  -81.901  -14.099 1.0000000000
139535  -16.026  -81.791  -12.962 1.0000000000
2490  -3.114  -81.480  -18.565 0.4000000060
2037  -3.950  -81.915  -18.274 0.6000000238
1603  -4.390  -81.759  -19.219 0.5000000000
1604  -5.450  -81.995  -18.996 0.6000000238
1589  -6.994  -82.578  -18.571 0.6000000238
1576  -7.503  -82.213  -17.864 0.6999999881
135255  -8.434  -80.832  -17.427 0.8000000119
141846  -9.343  -80.564  -17.771 0.8999999762
2468  -11.002  -80.008  -18.339 0.8999999762
2948  -14.198  -79.269  -17.810 0.8999999762
2949  -15.132  -79.447  -17.552 0.8999999762
1528  -15.215  -82.289  -12.435 0.8999999762
1133  -15.918  -83.728  -13.013 0.8999999762
1605  -6.473  -82.254  -19.099 0.6000000238
1590  -7.894  -82.745  -18.539 0.6000000238
2020  -9.055  -81.679  -17.708 0.6999999881
2467  -10.248  -80.281  -17.924 0.8999999762
1522  -15.236  -83.250  -12.282 0.8999999762
2449  -3.101  -80.395  -16.855 0.6000000238
1196  -7.289  -82.567  -19.208 0.6000000238
2021  -9.936  -81.278  -17.968 0.8000000119
2470  -13.733  -80.093  -18.005 0.8999999762
816  -15.110  -84.055  -12.381 0.8999999762
826  -15.347  -84.390  -13.125 0.8999999762
134422  -16.077  -83.953  -15.059 0.8999999762
137659  -8.627  -82.884  -18.569 0.6000000238
2491  -10.748  -81.015  -18.296 0.8000000119
149634  -12.065  -81.457  -18.560 0.8000000119
132904  -13.251  -80.832  -18.210 0.8999999762
2494  -14.122  -80.954  -18.000 0.8999999762
2471  -14.656  -80.217  -17.890 0.8999999762
854  -15.090  -84.456  -15.490 0.8999999762
2039  -10.478  -82.045  -18.261 0.8000000119
150482  -11.627  -82.705  -18.678 0.8000000119
131920  -12.271  -82.429  -18.659 0.8000000119
135061  -14.323  -81.355  -18.474 0.8999999762
2044  -15.705  -80.964  -18.727 0.8999999762
2495  -15.003  -80.946  -18.089 0.8999999762
1154  -15.867  -84.042  -16.066 0.8999999762
1607  -12.597  -82.973  -19.396 0.8000000119
1595  -14.110  -82.051  -19.024 0.8000000119
136402  -16.436  -80.857  -19.517 0.8999999762
2499  -18.627  -80.894  -18.456 0.8999999762
1579  -18.743  -81.809  -18.015 0.8999999762
866  -15.084  -84.411  -17.482 0.8999999762
861  -15.093  -84.397  -16.576 0.8999999762
1609  -13.952  -82.451  -20.053 0.8000000119
2061  -15.675  -81.354  -19.585 0.8999999762
2518  -17.065  -80.788  -20.413 0.8999999762
149387  -18.575  -82.235  -19.501 0.8999999762
131869  -14.184  -84.892  -18.146 0.8999999762
141132  -15.733  -81.469  -20.354 0.8999999762
2074  -16.423  -81.254  -21.076 0.8999999762
1610  -18.469  -82.434  -20.235 0.8999999762
1187  -16.110  -83.920  -18.492 0.8999999762
872  -15.228  -84.383  -18.356 0.8999999762
2092  -15.951  -81.535  -22.205 0.8999999762
149783  -16.962  -81.218  -21.990 0.8999999762
2094  -18.089  -81.432  -21.495 0.8999999762
1203  -16.453  -83.818  -19.319 0.8999999762
633  -13.720  -85.832  -19.790 0.8999999762
2108  -16.804  -81.582  -22.872 0.8999999762
1649  -18.270  -81.896  -21.698 0.8999999762
1221  -17.676  -83.113  -21.124 0.8999999762
878  -15.815  -84.142  -20.026 0.8999999762
430  -13.785  -86.074  -19.951 0.8999999762
2120  -17.225  -81.869  -23.013 0.8999999762
1660  -17.730  -82.084  -22.558 0.8999999762
888  -15.973  -84.024  -20.886 0.8999999762
433  -13.944  -85.932  -20.537 0.8999999762
434  -14.303  -86.206  -20.298 0.8000000119
1669  -16.950  -82.294  -23.322 0.8999999762
1220  -16.801  -83.465  -21.414 0.8999999762
896  -15.286  -84.441  -21.492 0.8000000119
293  -15.778  -86.791  -20.208 0.8999999762
127167  -15.957  -79.983  -25.719 0.5000000000
1257  -16.458  -82.825  -23.673 0.8000000119
1256  -15.981  -83.321  -23.969 0.8000000119
919  -15.925  -84.230  -24.324 0.8000000119
447  -17.393  -86.276  -22.296 0.8000000119
295  -17.567  -86.994  -20.372 0.8000000119
125267  -14.945  -78.816  -24.612 0.5000000000
125268  -15.629  -81.335  -25.978 0.5000000000
646  -17.345  -85.454  -23.507 0.6999999881
129575  -17.941  -86.766  -21.033 0.8000000119
287  -22.129  -86.964  -19.725 0.6999999881
1282  -16.271  -82.517  -25.942 0.5000000000
929  -16.962  -84.120  -25.107 0.6999999881
652  -16.878  -85.132  -24.154 0.6999999881
142269  -19.548  -86.478  -21.327 0.8000000119
297  -19.312  -86.718  -20.572 0.8000000119
1693  -16.663  -80.840  -25.818 0.5000000000
661  -17.549  -84.548  -24.429 0.6999999881
653  -18.278  -85.065  -24.272 0.6999999881
459  -18.663  -86.007  -23.275 0.8000000119
144706  -20.669  -86.620  -20.381 0.8000000119
138893  -22.897  -87.013  -19.738 0.4000000060
1273  -17.551  -83.481  -25.404 0.6000000238
130968  -19.041  -84.410  -25.064 0.5000000000
654  -19.828  -85.160  -24.147 0.5000000000
467  -19.553  -85.750  -23.415 0.6999999881
139901  -20.067  -86.203  -22.327 0.6999999881
309  -20.941  -86.495  -20.973 0.6000000238
310  -21.782  -86.482  -21.048 0.6000000238
300  -22.362  -86.717  -20.418 0.6000000238
318  -21.250  -86.300  -21.702 0.6000000238
133540  -23.712  -87.011  -19.559 0.4000000060
655  -20.759  -85.143  -24.131 0.4000000060
463  -22.681  -85.940  -23.199 0.4000000060
451  -22.367  -86.109  -22.494 0.4000000060
4254  -3.242  -76.755  0.799 0.6000000238
3688  -3.066  -77.258  -0.781 0.8000000119
3720  -2.758  -77.374  -1.841 0.8000000119
6227  -4.536  -73.526  -7.284 1.0000000000
3739  -2.112  -77.533  -3.974 0.8999999762
6226  -3.623  -73.584  -7.319 1.0000000000
5608  -3.244  -74.052  -8.052 1.0000000000
5629  -6.435  -74.623  -8.222 1.0000000000
140450  -1.695  -76.187  -4.391 0.8999999762
4955  -1.872  -74.877  -8.156 1.0000000000
5625  -2.565  -74.563  -8.343 1.0000000000
143084  -4.125  -74.854  -9.136 1.0000000000
4973  -5.014  -74.875  -9.010 1.0000000000
3791  -1.332  -77.616  -6.555 0.8999999762
4954  -1.353  -75.805  -7.667 1.0000000000
4971  -2.179  -74.988  -8.871 1.0000000000
4385  -0.992  -76.650  -8.357 0.8999999762
4398  -1.832  -76.058  -10.070 1.0000000000
4399  -5.050  -75.873  -10.072 1.0000000000
141903  -5.512  -76.651  -10.513 1.0000000000
148470  -1.165  -76.927  -9.786 0.8999999762
140763  -2.213  -76.619  -10.689 1.0000000000
4417  -3.273  -76.257  -10.640 1.0000000000
3841  -4.755  -76.896  -11.094 1.0000000000
3842  -5.475  -77.222  -11.033 1.0000000000
3860  -6.605  -78.049  -11.002 1.0000000000
3335  -7.761  -78.903  -10.806 1.0000000000
2834  -8.644  -79.773  -11.093 1.0000000000
2874  -10.352  -80.525  -11.725 1.0000000000
2875  -11.761  -80.350  -12.558 1.0000000000
138543  -14.354  -79.789  -13.757 1.0000000000
4427  -3.879  -76.680  -11.096 1.0000000000
2411  -12.255  -80.408  -13.740 1.0000000000
2929  -9.251  -79.119  -17.087 1.0000000000
1975  -13.184  -81.545  -14.503 1.0000000000
1959  -15.192  -81.307  -13.183 1.0000000000
4475  -4.996  -76.929  -14.021 0.8999999762
2463  -3.600  -81.263  -17.409 0.6999999881
2450  -3.968  -80.702  -16.676 0.6999999881
2464  -4.442  -81.367  -17.138 0.6999999881
1574  -5.537  -82.269  -18.176 0.6000000238
131799  -9.744  -79.638  -17.582 0.8999999762
2946  -12.291  -78.991  -18.277 1.0000000000
2931  -15.597  -78.724  -17.089 0.8999999762
1530  -16.929  -82.163  -13.352 0.8999999762
2469  -12.778  -79.864  -18.355 0.8999999762
1529  -16.073  -82.744  -12.768 0.8999999762
1134  -16.714  -83.093  -13.403 0.8999999762
1144  -16.488  -83.741  -14.047 0.8999999762
1145  -17.188  -83.133  -14.280 0.8999999762
2951  -17.216  -79.427  -17.364 0.8999999762
152823  -16.806  -83.631  -14.848 0.8999999762
1155  -16.690  -83.751  -15.689 0.8999999762
2042  -13.636  -81.542  -18.427 0.8000000119
2498  -18.217  -80.409  -18.639 0.8999999762
2043  -14.934  -81.443  -18.903 0.8999999762
136347  -17.529  -80.300  -18.699 0.8999999762
136437  -18.578  -82.313  -17.267 0.8999999762
1161  -17.286  -83.432  -16.251 0.8999999762
1159  -15.821  -84.093  -16.942 0.8999999762
2511  -17.999  -80.526  -19.467 0.8999999762
1578  -18.256  -82.664  -17.893 0.8999999762
1171  -15.886  -84.038  -17.720 0.8999999762
2520  -18.210  -80.863  -20.171 0.8999999762
1189  -17.841  -83.054  -18.645 0.8999999762
1202  -15.528  -84.341  -19.188 0.8999999762
2109  -17.458  -81.539  -22.416 0.8999999762
879  -16.886  -83.607  -20.317 0.8999999762
634  -14.068  -85.209  -19.877 0.8999999762
438  -14.395  -85.723  -21.080 0.8999999762
1247  -17.031  -82.691  -23.045 0.8999999762
887  -15.085  -84.513  -20.663 0.8999999762
305  -16.047  -86.569  -21.039 0.8000000119
1245  -15.602  -84.193  -23.182 0.8000000119
641  -15.342  -85.262  -22.873 0.8000000119
640  -14.920  -85.303  -22.233 0.8000000119
136878  -15.886  -86.251  -21.815 0.8000000119
294  -16.667  -87.006  -20.339 0.8000000119
645  -16.548  -85.322  -23.445 0.8000000119
456  -15.930  -85.797  -23.076 0.8000000119
441  -16.731  -86.400  -21.667 0.8000000119
457  -16.828  -86.104  -23.120 0.8000000119
314  -18.183  -86.468  -21.723 0.8000000119
449  -19.368  -86.129  -22.634 0.8000000119
1284  -18.929  -83.314  -26.124 0.4000000060
663  -19.719  -84.693  -24.953 0.4000000060
462  -21.886  -86.024  -23.127 0.5000000000
319  -22.073  -86.280  -21.771 0.5000000000
311  -22.629  -86.462  -21.156 0.5000000000
301  -23.303  -86.670  -20.492 0.4000000060
452  -23.174  -86.097  -22.639 0.4000000060
4289  -2.287  -76.741  -1.509 0.8000000119
6196  -7.371  -73.468  -5.764 1.0000000000
4891  -1.935  -76.493  -2.422 0.8999999762
6228  -5.593  -73.616  -7.128 1.0000000000
6210  -6.610  -73.459  -6.226 1.0000000000
6211  -7.378  -73.796  -6.517 1.0000000000
6208  -3.925  -73.080  -6.757 1.0000000000
131796  -6.764  -74.312  -7.649 1.0000000000
135895  -8.016  -74.588  -7.409 1.0000000000
5630  -7.390  -74.737  -7.957 1.0000000000
5631  -8.321  -75.016  -7.875 1.0000000000
137651  -1.436  -76.296  -5.891 0.8999999762
4994  -7.369  -75.789  -9.081 1.0000000000
4976  -7.817  -75.405  -8.437 1.0000000000
149287  -1.623  -75.476  -5.954 0.8999999762
4995  -8.236  -76.048  -8.815 1.0000000000
4403  -9.500  -76.973  -8.891 1.0000000000
4387  -10.004  -76.475  -8.358 1.0000000000
4970  -1.490  -75.617  -8.644 1.0000000000
4972  -3.553  -75.237  -9.561 1.0000000000
4992  -5.535  -75.443  -9.462 1.0000000000
4401  -6.900  -76.301  -9.612 1.0000000000
4420  -7.344  -77.009  -9.909 1.0000000000
3846  -9.384  -78.315  -9.617 1.0000000000
2836  -10.268  -79.711  -10.475 1.0000000000
4990  -2.924  -75.694  -10.108 1.0000000000
3843  -6.139  -77.360  -10.718 1.0000000000
3861  -7.344  -78.290  -10.597 1.0000000000
3336  -8.409  -79.254  -10.669 1.0000000000
3314  -8.899  -78.839  -10.133 1.0000000000
2856  -10.758  -80.109  -11.086 1.0000000000
2837  -11.184  -79.673  -10.460 1.0000000000
2858  -12.564  -79.615  -11.146 1.0000000000
2859  -13.146  -79.631  -11.907 1.0000000000
2429  -14.427  -80.371  -14.095 1.0000000000
2895  -14.758  -79.903  -14.008 1.0000000000
3393  -11.449  -77.906  -17.063 1.0000000000
1976  -14.253  -81.120  -14.145 1.0000000000
2412  -16.496  -80.326  -13.416 1.0000000000
2923  -3.554  -80.027  -16.139 0.6999999881
2451  -4.942  -80.670  -16.705 0.6999999881
1573  -4.755  -82.072  -18.164 0.6000000238
2945  -11.311  -79.055  -18.106 1.0000000000
3403  -11.837  -78.342  -17.781 1.0000000000
1961  -16.583  -81.261  -13.296 0.8999999762
152978  -17.563  -81.825  -13.709 0.8999999762
2947  -13.240  -79.081  -18.109 0.8999999762
1540  -17.646  -82.361  -14.046 0.8999999762
2922  -2.484  -79.596  -16.833 0.4000000060
2454  -19.021  -80.584  -16.861 0.8999999762
1156  -17.327  -83.302  -15.310 0.8999999762
1562  -17.904  -82.818  -15.901 0.8999999762
2496  -15.855  -80.510  -18.203 0.8999999762
2022  -18.854  -81.614  -17.050 0.8999999762
132034  -17.914  -82.943  -16.948 0.8999999762
2497  -16.580  -80.494  -18.748 0.8999999762
1160  -16.559  -83.833  -16.552 0.8999999762
2045  -18.674  -81.616  -19.030 0.8999999762
140766  -17.098  -83.584  -17.099 0.8999999762
1172  -16.714  -83.786  -17.813 0.8999999762
1173  -17.492  -83.312  -17.813 0.8999999762
151480  -18.595  -81.936  -20.560 0.8999999762
1204  -17.410  -83.388  -19.412 0.8999999762
1630  -18.239  -82.738  -20.867 0.8999999762
906  -14.824  -84.838  -22.074 0.8000000119
439  -14.721  -85.759  -21.643 0.8000000119
446  -16.300  -86.211  -22.489 0.8000000119
938  -19.524  -83.978  -25.576 0.4000000060
461  -20.753  -86.029  -23.159 0.6000000238
470  -22.151  -85.389  -23.608 0.5000000000
656  -21.627  -85.071  -24.170 0.4000000060
129355  -2.033  -75.985  -0.759 0.8000000119
144416  -8.163  -73.092  -4.837 1.0000000000
6209  -4.889  -73.124  -6.633 1.0000000000
6784  -6.132  -72.915  -5.643 1.0000000000
6197  -8.537  -73.503  -5.360 1.0000000000
6212  -8.846  -73.846  -6.027 1.0000000000
128307  -1.781  -75.483  -2.729 0.8000000119
127808  -1.878  -74.928  -0.932 0.8000000119
5595  -9.204  -74.373  -6.584 1.0000000000
5551  -1.818  -74.540  -2.646 0.8999999762
5594  -8.238  -74.175  -6.718 1.0000000000
5614  -10.457  -74.879  -7.072 1.0000000000
5586  -1.794  -74.901  -5.561 1.0000000000
6206  -2.720  -73.433  -6.501 1.0000000000
6225  -2.899  -73.713  -7.246 1.0000000000
4956  -9.180  -75.234  -7.694 1.0000000000
4957  -10.046  -75.390  -7.519 1.0000000000
4980  -11.558  -75.772  -7.995 1.0000000000
5593  -2.342  -74.118  -6.897 1.0000000000
4386  -9.099  -76.313  -8.536 1.0000000000
4978  -9.592  -75.813  -8.078 1.0000000000
4991  -4.559  -75.326  -9.558 1.0000000000
4993  -6.465  -75.606  -9.288 1.0000000000
4405  -11.415  -77.215  -8.780 1.0000000000
3832  -11.829  -77.925  -9.176 1.0000000000
135424  -7.760  -76.529  -9.337 1.0000000000
3828  -8.156  -77.288  -9.569 1.0000000000
3829  -8.992  -77.544  -9.309 1.0000000000
3830  -9.891  -77.716  -9.204 1.0000000000
3831  -10.856  -77.861  -9.147 1.0000000000
3305  -12.111  -78.553  -9.637 1.0000000000
2838  -12.022  -79.481  -10.513 1.0000000000
3845  -8.544  -78.039  -9.844 1.0000000000
137086  -12.270  -79.925  -11.922 1.0000000000
2885  -15.015  -79.499  -13.386 1.0000000000
2452  -6.638  -80.372  -16.797 0.6999999881
3391  -9.527  -78.456  -16.646 1.0000000000
3382  -11.155  -77.604  -16.188 1.0000000000
3917  -11.771  -77.240  -15.657 1.0000000000
2912  -8.073  -79.035  -16.446 0.8999999762
133591  -8.880  -78.252  -16.011 1.0000000000
3392  -10.486  -78.112  -16.676 1.0000000000
2887  -16.982  -79.529  -13.371 1.0000000000
3390  -8.711  -78.765  -16.529 1.0000000000
3918  -12.679  -77.076  -16.013 1.0000000000
2413  -17.622  -80.199  -13.550 1.0000000000
2908  -4.299  -79.344  -15.824 0.6999999881
2924  -4.595  -80.050  -16.281 0.6999999881
152751  -5.388  -80.079  -16.484 0.6999999881
2465  -6.284  -81.139  -17.077 0.6999999881
150173  -10.741  -78.867  -17.776 1.0000000000
3404  -12.756  -78.296  -17.861 1.0000000000
3405  -13.682  -78.339  -17.714 1.0000000000
3406  -14.622  -78.475  -17.450 0.8999999762
135985  -18.179  -80.729  -13.871 0.8999999762
1979  -18.789  -80.660  -14.508 0.8999999762
2907  -3.143  -79.253  -15.693 0.6999999881
1531  -17.414  -81.164  -13.527 1.0000000000
1994  -18.226  -82.107  -14.718 0.8999999762
2950  -16.094  -79.524  -17.403 0.8999999762
128186  -18.485  -79.007  -16.342 0.8999999762
3373  -1.822  -78.400  -16.119 0.4000000060
2474  -17.861  -79.984  -17.920 0.8999999762
2441  -19.135  -80.434  -15.590 0.8999999762
1563  -18.565  -82.298  -16.449 0.8999999762
6143  -2.164  -73.864  -1.088 0.6999999881
5501  -2.073  -74.545  0.843 0.6000000238
7384  -4.805  -71.884  -4.848 1.0000000000
6772  -6.644  -72.668  -4.715 1.0000000000
6773  -7.632  -72.610  -4.252 1.0000000000
6198  -9.333  -73.570  -5.360 1.0000000000
6798  -5.201  -72.762  -5.859 1.0000000000
6771  -5.536  -72.344  -4.939 1.0000000000
6787  -9.811  -73.033  -4.772 1.0000000000
6797  -4.247  -72.694  -6.091 1.0000000000
6199  -10.169  -73.569  -5.450 1.0000000000
6214  -10.547  -73.945  -6.088 1.0000000000
4925  -1.801  -75.096  -4.210 1.0000000000
6207  -3.236  -73.191  -6.720 1.0000000000
5597  -10.920  -74.424  -6.624 1.0000000000
5582  -1.789  -74.406  -5.016 1.0000000000
6191  -1.843  -73.432  -5.237 1.0000000000
4958  -10.910  -75.347  -7.479 1.0000000000
4959  -11.736  -75.094  -7.444 1.0000000000
4960  -12.311  -75.358  -7.823 1.0000000000
5587  -2.082  -73.915  -5.985 1.0000000000
4981  -12.561  -75.859  -8.215 1.0000000000
3337  -12.759  -79.108  -10.531 1.0000000000
3354  -14.104  -79.183  -11.936 1.0000000000
3319  -13.470  -78.576  -10.498 1.0000000000
3339  -14.128  -78.546  -11.105 1.0000000000
141585  -5.173  -76.379  -13.501 1.0000000000
3370  -9.024  -77.819  -15.224 1.0000000000
3378  -6.917  -78.501  -15.787 0.8999999762
150645  -7.474  -78.465  -15.862 0.8999999762
3915  -9.930  -77.587  -15.204 1.0000000000
131704  -11.646  -77.001  -14.777 1.0000000000
127282  -12.327  -77.009  -15.198 1.0000000000
3893  -17.447  -77.023  -13.767 1.0000000000
3355  -15.087  -78.857  -12.520 1.0000000000
129624  -16.611  -78.830  -13.235 1.0000000000
3929  -13.519  -77.203  -16.537 1.0000000000
130207  -17.383  -78.831  -13.467 1.0000000000
3365  -3.696  -78.057  -14.861 0.6999999881
3376  -5.047  -78.629  -15.591 0.6999999881
2909  -5.464  -79.396  -16.002 0.8000000119
2910  -6.500  -79.160  -16.102 0.8000000119
3394  -12.319  -77.786  -17.305 1.0000000000
3396  -14.110  -77.641  -17.201 1.0000000000
3931  -15.515  -77.206  -16.262 1.0000000000
2888  -17.900  -79.371  -13.655 1.0000000000
3374  -2.447  -78.593  -15.529 0.6999999881
3397  -16.138  -77.930  -16.600 1.0000000000
3398  -17.017  -78.335  -16.486 0.8999999762
2913  -19.016  -79.328  -15.652 0.8999999762
1995  -18.786  -81.473  -15.044 0.8999999762
3912  -1.674  -77.721  -15.829 0.6000000238
2007  -18.969  -81.494  -16.065 0.8999999762
6144  -2.794  -73.275  -0.450 0.6000000238
7350  -5.771  -71.136  -3.559 1.0000000000
5533  -1.952  -74.274  -1.835 0.8999999762
7383  -4.038  -71.771  -5.069 1.0000000000
127228  -1.431  -73.122  -4.504 1.0000000000
6168  -1.797  -73.611  -2.587 0.8999999762
6781  -2.809  -72.232  -5.671 1.0000000000
6782  -3.651  -72.234  -5.622 1.0000000000
6788  -10.613  -73.157  -5.039 1.0000000000
6200  -11.011  -73.534  -5.550 1.0000000000
6195  -2.444  -72.986  -5.864 1.0000000000
6795  -2.956  -72.922  -6.159 1.0000000000
4982  -13.367  -75.652  -8.525 1.0000000000
4389  -11.986  -76.545  -8.428 1.0000000000
4406  -12.378  -77.159  -8.968 1.0000000000
4421  -13.697  -77.360  -9.837 1.0000000000
3848  -14.150  -77.804  -10.499 1.0000000000
5651  -7.695  -74.259  -11.017 1.0000000000
148530  -14.789  -78.558  -11.593 1.0000000000
5030  -5.311  -75.518  -12.590 1.0000000000
5652  -8.517  -74.232  -10.987 1.0000000000
5671  -9.100  -74.705  -11.480 1.0000000000
131476  -10.181  -77.220  -14.564 1.0000000000
3916  -10.853  -77.343  -15.192 1.0000000000
4476  -12.374  -76.617  -14.485 1.0000000000
4408  -13.972  -76.546  -9.705 1.0000000000
4422  -14.410  -76.912  -10.260 1.0000000000
3862  -14.846  -77.979  -11.142 1.0000000000
5029  -4.297  -75.386  -12.621 1.0000000000
3904  -7.784  -77.402  -14.648 0.8999999762
130567  -8.576  -77.352  -14.551 1.0000000000
4488  -13.831  -76.449  -14.784 1.0000000000
3356  -16.015  -78.164  -12.404 1.0000000000
129801  -16.498  -78.238  -12.941 1.0000000000
146181  -8.267  -77.775  -15.037 0.8999999762
3907  -13.106  -76.798  -15.210 1.0000000000
3919  -14.002  -76.772  -15.707 1.0000000000
3889  -8.074  -77.020  -13.935 1.0000000000
3363  -17.932  -78.552  -13.827 1.0000000000
3900  -4.349  -77.437  -14.541 0.8000000119
3367  -5.669  -78.046  -15.161 0.8000000119
3368  -6.562  -78.006  -15.272 0.8000000119
3921  -16.030  -76.750  -15.539 1.0000000000
3908  -17.981  -77.551  -14.778 1.0000000000
2896  -18.513  -79.119  -14.234 1.0000000000
3899  -3.263  -77.450  -14.438 0.8000000119
3399  -17.865  -78.292  -16.039 1.0000000000
152391  -18.625  -78.657  -15.691 0.8999999762
2432  -18.965  -79.714  -14.773 0.8999999762
4473  -2.810  -76.800  -14.067 0.8000000119
3898  -2.326  -77.315  -14.673 0.6999999881
4472  -2.044  -76.453  -14.413 0.8000000119
4495  -1.546  -77.059  -16.307 0.5000000000
6131  -3.083  -73.051  0.271 0.5000000000
8041  -4.904  -70.874  -3.840 1.0000000000
7371  -7.567  -71.913  -3.510 1.0000000000
7353  -8.313  -71.672  -3.199 1.0000000000
6741  -2.369  -72.688  -1.611 0.8000000119
6156  -2.144  -73.393  -1.815 0.6999999881
7368  -4.450  -71.350  -4.490 1.0000000000
7369  -5.269  -71.649  -4.252 1.0000000000
139055  -6.924  -72.176  -3.910 1.0000000000
143339  -1.789  -73.057  -2.403 1.0000000000
7381  -2.614  -71.529  -5.224 1.0000000000
7367  -3.568  -71.004  -4.838 1.0000000000
7370  -6.137  -71.957  -4.062 1.0000000000
6774  -8.510  -72.690  -4.263 1.0000000000
7373  -8.960  -72.175  -3.722 1.0000000000
7374  -10.378  -71.950  -3.625 1.0000000000
6763  -1.227  -72.836  -3.471 1.0000000000
6770  -2.229  -71.842  -5.239 1.0000000000
6776  -10.713  -72.587  -4.394 1.0000000000
129427  -1.989  -72.501  -5.373 1.0000000000
6201  -11.892  -73.337  -5.682 1.0000000000
6791  -13.684  -72.538  -5.566 1.0000000000
6216  -12.415  -73.734  -6.318 1.0000000000
6230  -12.967  -74.110  -6.960 1.0000000000
6202  -12.889  -73.044  -5.814 1.0000000000
6231  -13.966  -73.712  -7.157 1.0000000000
5616  -12.599  -74.801  -7.411 1.0000000000
5617  -13.547  -74.458  -7.611 1.0000000000
149439  -13.719  -72.907  -6.138 1.0000000000
5633  -13.980  -74.817  -8.380 1.0000000000
6272  -7.290  -73.841  -10.652 1.0000000000
6274  -8.772  -73.594  -10.525 1.0000000000
6232  -14.956  -73.103  -7.346 1.0000000000
4983  -13.992  -75.389  -8.946 1.0000000000
4407  -13.268  -76.946  -9.252 1.0000000000
6242  -15.776  -72.965  -8.851 1.0000000000
5618  -14.589  -73.936  -7.972 1.0000000000
4996  -13.650  -76.132  -9.100 1.0000000000
128868  -10.578  -73.156  -10.566 1.0000000000
7451  -15.113  -71.838  -10.235 1.0000000000
6296  -14.693  -72.953  -11.322 1.0000000000
5643  -15.393  -74.093  -9.777 1.0000000000
4997  -14.398  -75.676  -9.621 1.0000000000
3340  -15.449  -78.109  -11.722 1.0000000000
5688  -5.833  -75.061  -12.028 1.0000000000
5672  -9.987  -74.568  -11.495 1.0000000000
152375  -10.544  -76.467  -13.542 1.0000000000
151906  -11.643  -76.640  -14.148 1.0000000000
134889  -14.534  -73.752  -11.671 1.0000000000
5004  -14.903  -75.588  -10.447 1.0000000000
135389  -14.944  -76.292  -10.817 1.0000000000
3863  -15.315  -77.485  -11.449 1.0000000000
4441  -14.674  -75.723  -12.499 1.0000000000
3876  -15.925  -77.328  -12.064 1.0000000000
3877  -16.409  -76.878  -12.681 1.0000000000
4458  -8.337  -76.514  -13.332 1.0000000000
4459  -9.152  -76.413  -13.192 1.0000000000
3891  -9.876  -76.863  -13.789 1.0000000000
4478  -14.647  -76.190  -14.133 1.0000000000
142660  -17.893  -77.729  -14.002 1.0000000000
5050  -3.847  -75.845  -13.144 1.0000000000
4455  -5.898  -76.605  -13.715 0.8999999762
4490  -15.537  -76.408  -14.848 1.0000000000
146633  -17.649  -77.139  -14.387 1.0000000000
4474  -3.880  -76.871  -14.052 0.8000000119
3886  -5.776  -77.143  -14.247 0.8999999762
3903  -6.969  -77.465  -14.758 0.8999999762
4491  -16.727  -76.640  -14.984 1.0000000000
4453  -3.390  -76.309  -13.620 0.8000000119
3923  -17.615  -77.553  -15.488 1.0000000000
4452  -2.516  -76.064  -13.788 0.8000000119
4471  -1.758  -76.283  -15.081 0.6000000238
5067  -1.806  -75.611  -15.788 0.5000000000
5059  -1.899  -75.636  -14.572 0.6999999881
6720  -3.978  -72.506  0.262 0.5000000000
7317  -4.054  -72.181  -0.597 0.6000000238
6742  -3.238  -72.582  -0.836 0.6999999881
8040  -4.114  -70.698  -4.124 1.0000000000
7351  -6.746  -71.417  -3.302 1.0000000000
7331  -3.184  -72.076  -1.089 0.8999999762
8039  -2.726  -70.839  -5.039 1.0000000000
139951  -9.139  -71.515  -3.008 1.0000000000
6752  -1.276  -72.310  -2.592 1.0000000000
7366  -1.740  -71.033  -5.022 1.0000000000
7354  -9.990  -71.452  -2.935 1.0000000000
129048  -1.382  -72.087  -4.769 1.0000000000
6777  -11.746  -72.419  -4.499 1.0000000000
7355  -10.872  -71.450  -2.997 1.0000000000
6790  -12.250  -72.800  -5.146 1.0000000000
6778  -12.641  -72.268  -4.636 1.0000000000
6799  -14.476  -72.463  -6.073 1.0000000000
6779  -13.514  -72.121  -4.882 1.0000000000
130396  -14.695  -74.739  -9.147 1.0000000000
6255  -9.036  -72.931  -9.966 1.0000000000
6801  -15.619  -71.861  -6.808 1.0000000000
152343  -15.818  -71.763  -8.955 1.0000000000
6258  -15.735  -73.206  -9.575 1.0000000000
127419  -14.535  -76.224  -10.132 1.0000000000
5650  -6.934  -74.184  -10.982 1.0000000000
129225  -12.197  -73.186  -11.059 1.0000000000
6295  -13.833  -73.208  -11.636 1.0000000000
4429  -15.399  -76.720  -11.528 1.0000000000
4436  -9.975  -76.214  -13.078 1.0000000000
5036  -11.912  -75.336  -12.698 1.0000000000
5037  -12.789  -75.198  -12.714 1.0000000000
5038  -13.722  -75.473  -12.779 1.0000000000
4442  -15.904  -76.491  -12.324 1.0000000000
4435  -8.535  -76.050  -12.738 1.0000000000
5033  -9.289  -75.798  -12.503 1.0000000000
4437  -10.799  -76.077  -13.003 1.0000000000
4461  -11.998  -76.253  -13.734 1.0000000000
4462  -12.762  -76.235  -13.839 1.0000000000
4440  -13.184  -75.854  -13.290 1.0000000000
4463  -14.113  -75.998  -13.244 1.0000000000
4465  -16.329  -76.447  -13.277 1.0000000000
5031  -6.316  -75.713  -12.604 1.0000000000
5032  -8.026  -75.682  -12.385 1.0000000000
4479  -15.701  -76.228  -13.917 1.0000000000
5686  -3.762  -74.735  -12.194 1.0000000000
149455  -3.028  -75.759  -13.330 0.8999999762
5027  -2.415  -74.735  -12.960 0.8000000119
131782  -2.002  -75.254  -13.869 0.8000000119
5701  -2.137  -74.629  -13.459 0.8000000119
7962  -5.026  -70.690  1.436 0.5000000000
8669  -6.300  -69.939  1.360 0.5000000000
7964  -6.358  -70.501  0.972 0.5000000000
6721  -4.401  -72.245  -0.147 0.6000000238
8024  -5.323  -70.195  -3.213 1.0000000000
141445  -3.916  -71.553  -0.808 0.6999999881
8023  -4.324  -70.073  -3.572 1.0000000000
150573  -6.997  -70.690  -2.850 1.0000000000
8026  -7.567  -70.365  -2.631 1.0000000000
8028  -9.513  -70.858  -2.510 1.0000000000
7995  -2.465  -71.085  -1.101 0.8999999762
8021  -1.796  -69.814  -3.538 1.0000000000
7342  -1.007  -71.205  -2.762 1.0000000000
8004  -1.480  -70.372  -2.788 1.0000000000
7352  -7.600  -71.191  -2.910 1.0000000000
128672  -1.066  -71.612  -3.877 1.0000000000
7356  -11.804  -71.413  -3.110 1.0000000000
7376  -12.222  -71.851  -3.917 1.0000000000
137105  -12.998  -72.580  -5.209 1.0000000000
6254  -8.119  -73.133  -10.005 1.0000000000
6805  -15.721  -72.252  -7.528 1.0000000000
132145  -15.786  -71.561  -8.156 1.0000000000
6855  -11.959  -72.443  -10.392 1.0000000000
7436  -13.634  -71.420  -9.780 1.0000000000
5657  -15.288  -74.142  -10.530 1.0000000000
5654  -10.297  -73.937  -10.975 1.0000000000
5656  -15.036  -74.627  -11.102 1.0000000000
136467  -15.333  -76.106  -12.088 1.0000000000
148145  -6.322  -74.498  -11.432 1.0000000000
5669  -7.259  -74.697  -11.467 1.0000000000
5674  -11.975  -74.119  -11.724 1.0000000000
6294  -12.952  -73.592  -11.740 1.0000000000
5690  -13.604  -74.780  -12.412 1.0000000000
5039  -14.477  -75.280  -12.222 1.0000000000
5670  -8.196  -74.845  -11.527 1.0000000000
5014  -9.676  -75.206  -11.955 1.0000000000
5015  -10.573  -75.094  -11.957 1.0000000000
5035  -11.103  -75.504  -12.550 1.0000000000
132157  -7.257  -75.685  -12.453 1.0000000000
5666  -3.355  -74.125  -11.723 1.0000000000
5685  -2.776  -74.331  -12.373 1.0000000000
5684  -2.341  -74.268  -12.888 1.0000000000
5708  -1.974  -74.784  -14.297 0.6999999881
5716  -2.264  -74.109  -15.196 0.6000000238
5068  -2.035  -74.650  -16.101 0.4000000060
140957  -2.326  -73.912  -16.207 0.5000000000
7319  -5.493  -71.063  -0.264 0.6000000238
7981  -4.595  -71.003  -0.641 0.6000000238
129919  -5.927  -69.430  -3.078 1.0000000000
8005  -7.416  -69.672  -2.718 1.0000000000
8006  -8.175  -69.757  -2.518 1.0000000000
8735  -8.982  -69.237  -2.605 1.0000000000
7994  -1.797  -70.158  -1.185 1.0000000000
8025  -6.828  -69.929  -2.755 1.0000000000
8008  -9.976  -70.190  -2.228 1.0000000000
8029  -10.421  -70.843  -2.494 1.0000000000
8030  -11.336  -70.822  -2.525 1.0000000000
7357  -12.762  -71.351  -3.240 1.0000000000
8032  -13.234  -70.675  -2.788 1.0000000000
135108  -14.123  -71.580  -4.405 1.0000000000
138296  -14.461  -71.915  -5.333 1.0000000000
6792  -15.187  -71.786  -6.093 1.0000000000
7417  -12.251  -71.057  -8.769 1.0000000000
7402  -15.725  -71.504  -7.204 1.0000000000
7419  -15.435  -71.334  -8.983 1.0000000000
6257  -10.993  -72.399  -10.002 1.0000000000
136669  -11.808  -71.878  -9.762 1.0000000000
8070  -15.054  -70.595  -7.204 1.0000000000
6292  -5.662  -74.006  -11.055 1.0000000000
6817  -9.338  -71.409  -8.795 1.0000000000
5653  -9.387  -74.077  -10.999 1.0000000000
6275  -9.669  -73.393  -10.534 1.0000000000
6856  -12.856  -72.435  -10.786 1.0000000000
6278  -13.890  -72.448  -11.053 1.0000000000
5667  -4.332  -74.361  -11.678 1.0000000000
6854  -6.295  -73.182  -10.107 1.0000000000
7413  -8.890  -71.062  -8.425 1.0000000000
5655  -11.224  -73.664  -11.049 1.0000000000
5673  -10.920  -74.384  -11.550 1.0000000000
139362  -3.905  -73.859  -11.339 1.0000000000
6269  -5.095  -73.461  -10.674 1.0000000000
6853  -5.480  -73.050  -10.156 1.0000000000
6290  -3.227  -73.499  -11.332 1.0000000000
150612  -2.832  -73.736  -11.814 1.0000000000
6879  -2.558  -72.608  -12.854 0.8999999762
6326  -2.464  -73.208  -14.879 0.8000000119
148059  -2.495  -73.052  -14.125 0.8000000119
8671  -7.279  -69.285  1.107 0.5000000000
8670  -6.835  -69.917  1.070 0.5000000000
7973  -6.053  -70.840  0.315 0.6000000238
8698  -6.476  -69.434  -0.119 0.6000000238
7982  -5.101  -70.300  -0.477 0.6000000238
7983  -5.973  -70.328  -0.153 0.6000000238
7980  -3.247  -70.551  -0.750 0.8000000119
8731  -4.754  -69.350  -3.388 1.0000000000
8707  -1.918  -69.464  -0.903 1.0000000000
8729  -2.161  -69.057  -3.534 1.0000000000
9377  -9.030  -68.601  -3.352 1.0000000000
9372  -2.502  -68.568  -3.770 1.0000000000
9374  -5.139  -68.711  -3.414 1.0000000000
9375  -6.124  -68.641  -3.366 1.0000000000
8734  -8.239  -68.902  -2.955 1.0000000000
8715  -10.366  -69.449  -2.344 1.0000000000
9357  -10.751  -68.817  -2.731 1.0000000000
9371  -1.819  -68.134  -3.132 1.0000000000
9392  -2.950  -68.084  -4.201 1.0000000000
9394  -5.419  -68.259  -3.885 1.0000000000
9395  -6.436  -68.248  -4.109 1.0000000000
9396  -7.414  -68.263  -4.176 1.0000000000
8009  -10.854  -70.153  -2.173 1.0000000000
9413  -4.699  -67.994  -4.818 1.0000000000
9416  -7.715  -68.071  -5.123 1.0000000000
8717  -12.146  -69.396  -2.355 1.0000000000
8011  -12.731  -70.081  -2.295 1.0000000000
6834  -7.423  -72.527  -9.487 1.0000000000
8033  -14.130  -70.502  -3.101 1.0000000000
8738  -15.035  -69.562  -3.690 1.0000000000
7359  -14.659  -70.930  -3.920 1.0000000000
7378  -15.355  -70.623  -4.998 1.0000000000
7416  -11.457  -71.052  -8.698 1.0000000000
144845  -15.419  -70.122  -4.759 1.0000000000
130505  -15.363  -70.679  -5.754 1.0000000000
8755  -15.370  -69.255  -5.312 1.0000000000
8057  -12.666  -70.002  -6.731 1.0000000000
142313  -14.870  -70.099  -6.383 1.0000000000
9431  -14.472  -68.934  -6.821 1.0000000000
6268  -3.960  -73.280  -10.824 1.0000000000
7414  -9.671  -70.807  -8.199 1.0000000000
8067  -12.028  -70.353  -7.507 1.0000000000
8058  -13.552  -69.946  -6.513 1.0000000000
9441  -14.812  -68.197  -7.423 1.0000000000
6832  -5.044  -72.418  -9.774 1.0000000000
7412  -7.839  -71.095  -8.267 1.0000000000
7398  -9.860  -70.133  -7.557 1.0000000000
147019  -10.412  -70.124  -7.110 1.0000000000
8056  -11.685  -69.961  -6.842 1.0000000000
8762  -12.474  -69.730  -6.709 1.0000000000
8774  -13.605  -69.520  -6.668 1.0000000000
9440  -13.921  -68.639  -7.396 1.0000000000
140182  -5.776  -72.546  -9.631 1.0000000000
7411  -7.001  -71.158  -8.425 1.0000000000
8761  -11.413  -69.589  -6.929 1.0000000000
7433  -6.026  -72.015  -9.072 1.0000000000
8078  -7.488  -70.814  -8.552 1.0000000000
8064  -8.711  -70.221  -8.253 1.0000000000
9438  -11.925  -69.135  -7.311 1.0000000000
9439  -12.908  -68.972  -7.224 1.0000000000
149143  -3.169  -72.084  -10.641 1.0000000000
6289  -2.820  -73.098  -11.543 1.0000000000
133675  -2.712  -71.826  -12.383 1.0000000000
6905  -2.605  -72.409  -14.619 0.6999999881
6889  -2.602  -72.462  -13.768 0.8999999762
135253  -2.412  -73.290  -13.355 0.8999999762
6946  -2.581  -72.360  -17.195 0.6000000238
6914  -2.557  -72.515  -15.488 0.6000000238
9316  -8.151  -68.035  0.908 0.5000000000
8696  -4.390  -69.320  -0.412 0.6000000238
9337  -3.266  -68.712  -0.446 0.8000000119
9338  -4.415  -68.459  -0.399 0.8000000119
9376  -7.527  -68.645  -3.276 1.0000000000
8714  -1.617  -69.256  -2.087 1.0000000000
9393  -4.332  -68.338  -3.945 1.0000000000
9379  -10.337  -68.468  -3.530 1.0000000000
10103  -12.672  -66.659  -6.472 1.0000000000
9412  -3.674  -68.007  -4.800 1.0000000000
9414  -5.827  -67.956  -5.077 1.0000000000
9417  -8.423  -68.140  -5.620 1.0000000000
9380  -11.238  -68.499  -3.369 1.0000000000
9381  -12.795  -68.321  -3.588 1.0000000000
10083  -12.826  -67.430  -5.746 1.0000000000
9382  -13.749  -68.501  -3.396 1.0000000000
129148  -13.668  -67.504  -5.062 1.0000000000
9383  -14.564  -68.852  -3.466 1.0000000000
9402  -14.283  -68.280  -3.922 1.0000000000
9404  -15.238  -68.679  -4.675 1.0000000000
10070  -15.093  -67.990  -4.990 1.0000000000
144961  -15.403  -68.956  -4.995 1.0000000000
9421  -15.360  -68.466  -5.441 1.0000000000
9433  -15.557  -68.005  -6.372 1.0000000000
8054  -10.085  -69.977  -7.022 1.0000000000
9442  -15.392  -67.764  -7.168 1.0000000000
8076  -5.611  -70.978  -8.989 1.0000000000
8077  -6.637  -71.050  -8.677 1.0000000000
10127  -13.879  -67.275  -8.532 1.0000000000
6831  -4.230  -71.863  -9.786 1.0000000000
8773  -10.477  -69.738  -6.907 1.0000000000
9454  -14.253  -67.937  -7.988 1.0000000000
6851  -3.632  -72.361  -10.441 1.0000000000
7430  -3.845  -71.163  -9.940 1.0000000000
7410  -5.177  -71.112  -8.991 1.0000000000
8770  -8.087  -70.196  -8.529 1.0000000000
8771  -8.903  -70.001  -7.892 1.0000000000
8787  -11.011  -69.199  -7.614 1.0000000000
10126  -12.823  -67.527  -8.601 1.0000000000
6850  -3.154  -71.532  -10.543 1.0000000000
147790  -2.753  -71.855  -11.551 1.0000000000
7510  -2.726  -71.614  -15.171 0.8999999762
7484  -3.122  -71.063  -13.779 0.8999999762
133369  -2.769  -71.770  -13.339 1.0000000000
136636  -2.620  -71.464  -16.925 0.6000000238
10022  -8.375  -67.467  0.345 0.5000000000
8699  -7.173  -69.016  0.119 0.5000000000
9340  -6.607  -68.449  -0.323 0.6000000238
10021  -7.823  -67.577  -0.280 0.5000000000
9339  -5.538  -68.450  -0.409 0.6000000238
10018  -4.696  -67.614  -0.676 0.8000000119
11474  -9.050  -65.144  -6.972 1.0000000000
12191  -9.766  -65.184  -6.302 1.0000000000
10034  -2.781  -67.144  -1.230 1.0000000000
10035  -4.014  -66.944  -1.099 0.8000000119
10811  -9.507  -66.559  -7.322 1.0000000000
11476  -10.889  -65.815  -7.009 1.0000000000
9398  -9.595  -68.337  -4.169 1.0000000000
10794  -10.197  -66.788  -7.129 1.0000000000
10102  -11.570  -67.004  -6.705 1.0000000000
11460  -11.484  -65.589  -6.607 1.0000000000
10057  -1.919  -67.254  -3.518 1.0000000000
129293  -9.060  -68.251  -5.010 1.0000000000
9399  -10.427  -68.334  -4.609 1.0000000000
142291  -11.196  -68.236  -5.046 1.0000000000
9400  -11.850  -68.223  -4.199 1.0000000000
13654  -4.169  -62.398  -9.425 1.0000000000
10796  -13.855  -66.028  -6.396 1.0000000000
12919  -4.354  -63.770  -9.868 1.0000000000
10781  -13.702  -66.937  -5.961 1.0000000000
10084  -14.328  -67.237  -5.443 1.0000000000
131408  -14.440  -65.555  -6.657 1.0000000000
10782  -14.596  -66.621  -6.064 1.0000000000
11480  -14.741  -65.512  -7.026 1.0000000000
10104  -15.495  -67.354  -6.406 1.0000000000
10798  -15.437  -66.757  -6.780 1.0000000000
152275  -3.867  -66.445  -10.486 1.0000000000
10822  -15.068  -66.564  -7.883 1.0000000000
9487  -3.750  -68.289  -10.524 1.0000000000
8786  -10.156  -69.291  -7.961 1.0000000000
10821  -14.460  -66.538  -8.399 1.0000000000
8782  -6.696  -70.684  -9.012 1.0000000000
8784  -8.346  -69.777  -8.838 1.0000000000
8785  -9.292  -69.450  -8.335 1.0000000000
9449  -9.777  -68.754  -8.857 1.0000000000
9450  -10.601  -68.591  -8.485 1.0000000000
9452  -12.426  -68.333  -8.099 1.0000000000
10125  -11.874  -67.708  -8.693 1.0000000000
8093  -3.254  -70.280  -10.393 1.0000000000
143170  -2.818  -70.974  -11.742 1.0000000000
8175  -3.098  -70.637  -15.181 0.8999999762
8129  -3.026  -70.030  -12.455 1.0000000000
7501  -3.046  -71.098  -14.517 0.8999999762
8144  -2.971  -70.974  -12.888 1.0000000000
11398  -8.214  -65.353  0.348 0.5000000000
10717  -8.630  -66.635  0.409 0.5000000000
11417  -6.750  -65.437  -1.842 0.6999999881
11418  -7.283  -65.585  -0.974 0.6000000238
11405  -8.312  -65.879  -0.285 0.6000000238
10020  -6.928  -67.634  -0.568 0.6999999881
10749  -5.819  -66.030  -2.934 0.8000000119
10730  -6.122  -66.313  -1.814 0.8000000119
10036  -5.259  -66.921  -1.084 0.8000000119
10019  -5.830  -67.623  -0.671 0.8000000119
12189  -7.233  -64.506  -6.490 1.0000000000
129140  -8.772  -64.904  -6.152 1.0000000000
10747  -2.948  -66.492  -2.964 0.8000000119
10729  -4.925  -66.542  -1.950 0.8000000119
137054  -6.869  -64.687  -7.177 1.0000000000
11490  -7.887  -65.558  -7.480 1.0000000000
11491  -8.638  -65.596  -7.338 1.0000000000
12192  -10.732  -65.402  -6.402 1.0000000000
10746  -2.091  -66.812  -3.186 1.0000000000
10048  -2.142  -66.816  -2.116 0.8999999762
146431  -6.870  -68.490  -3.494 1.0000000000
152896  -10.977  -65.116  -4.767 1.0000000000
10758  -2.154  -66.870  -4.205 1.0000000000
9415  -6.927  -68.036  -5.090 1.0000000000
135064  -7.927  -66.724  -7.373 1.0000000000
146119  -8.894  -66.204  -7.470 1.0000000000
11461  -12.259  -65.328  -6.324 1.0000000000
10067  -2.228  -67.189  -4.516 1.0000000000
10078  -3.798  -67.717  -5.653 1.0000000000
10100  -9.623  -67.422  -6.803 1.0000000000
12178  -12.216  -64.558  -5.743 1.0000000000
10068  -2.843  -67.473  -5.227 1.0000000000
10080  -9.320  -68.165  -6.027 1.0000000000
10082  -11.235  -67.923  -6.171 1.0000000000
14452  -5.229  -62.067  -9.663 1.0000000000
11462  -12.976  -64.862  -6.190 1.0000000000
11479  -13.734  -65.045  -6.485 1.0000000000
13669  -5.804  -62.505  -10.243 1.0000000000
12929  -7.225  -62.746  -11.207 1.0000000000
12226  -4.247  -64.544  -10.097 1.0000000000
13655  -4.885  -62.927  -9.733 1.0000000000
12227  -5.256  -64.278  -10.476 1.0000000000
12228  -6.251  -64.336  -10.981 1.0000000000
12928  -6.757  -63.602  -11.113 1.0000000000
12948  -7.625  -63.529  -11.406 1.0000000000
13690  -8.162  -62.681  -11.392 1.0000000000
140823  -3.413  -65.819  -10.472 1.0000000000
142506  -5.754  -65.043  -10.880 1.0000000000
12243  -7.116  -64.318  -11.346 1.0000000000
11499  -14.717  -65.853  -8.112 1.0000000000
12208  -14.375  -65.081  -8.079 1.0000000000
10849  -4.331  -65.843  -10.526 1.0000000000
151782  -6.173  -65.667  -11.152 1.0000000000
11535  -6.885  -65.846  -11.439 1.0000000000
12245  -8.717  -64.284  -11.493 1.0000000000
11498  -14.109  -65.700  -8.587 1.0000000000
9488  -5.597  -68.409  -10.634 1.0000000000
131992  -6.777  -67.467  -11.228 1.0000000000
10177  -7.595  -67.415  -11.394 1.0000000000
10873  -7.190  -66.691  -11.507 1.0000000000
152882  -13.083  -66.872  -8.867 1.0000000000
10178  -8.285  -67.367  -11.365 1.0000000000
10139  -11.319  -67.249  -9.218 1.0000000000
9486  -3.393  -68.925  -10.541 1.0000000000
9464  -4.085  -69.309  -10.368 1.0000000000
9467  -7.090  -69.253  -10.254 1.0000000000
142250  -8.874  -68.604  -10.113 1.0000000000
9469  -9.499  -68.376  -9.732 1.0000000000
9470  -10.211  -68.114  -9.285 1.0000000000
10138  -10.572  -67.481  -9.589 1.0000000000
9485  -2.986  -68.679  -10.607 1.0000000000
139054  -2.967  -70.102  -10.548 1.0000000000
8118  -2.797  -70.049  -11.283 1.0000000000
8852  -3.321  -69.070  -14.117 0.8999999762
8145  -3.245  -70.320  -13.444 1.0000000000
8161  -3.295  -70.479  -14.257 0.8999999762
8185  -2.816  -70.692  -16.822 0.5000000000
12097  -6.954  -64.863  -0.657 0.5000000000
12131  -6.312  -64.890  -2.469 0.6999999881
10716  -8.205  -66.747  -0.343 0.5000000000
10731  -7.034  -66.138  -1.456 0.6000000238
10715  -7.393  -66.836  -0.755 0.6000000238
12904  -5.385  -64.013  -7.397 1.0000000000
10037  -6.398  -66.892  -1.004 0.8000000119
139006  -7.931  -64.681  -6.071 1.0000000000
12175  -8.289  -64.681  -5.265 1.0000000000
130319  -4.233  -66.079  -3.919 0.8999999762
12199  -6.148  -64.718  -7.478 1.0000000000
12200  -7.583  -64.949  -7.192 1.0000000000
12176  -9.453  -65.098  -5.036 1.0000000000
10759  -2.798  -66.430  -4.016 0.8999999762
11488  -5.743  -65.605  -7.694 1.0000000000
137028  -10.474  -65.176  -4.372 1.0000000000
139129  -5.943  -66.480  -7.382 1.0000000000
10095  -4.160  -67.330  -6.459 1.0000000000
10112  -5.574  -67.071  -7.186 1.0000000000
10114  -7.226  -66.812  -7.304 1.0000000000
130413  -7.854  -67.286  -7.084 1.0000000000
12164  -11.638  -64.480  -4.778 1.0000000000
10113  -6.419  -66.938  -7.191 1.0000000000
14424  -3.111  -61.047  -8.961 1.0000000000
14453  -6.107  -61.613  -10.165 1.0000000000
12880  -11.745  -63.953  -4.255 1.0000000000
145617  -7.833  -60.564  -10.354 1.0000000000
12165  -12.132  -64.083  -5.329 1.0000000000
13671  -7.765  -61.820  -11.176 1.0000000000
14455  -8.316  -61.023  -10.727 1.0000000000
12898  -13.449  -63.805  -6.679 1.0000000000
14456  -9.278  -61.175  -10.395 1.0000000000
11518  -3.768  -65.110  -10.252 1.0000000000
13691  -9.033  -62.758  -11.248 1.0000000000
12206  -13.337  -64.040  -8.670 1.0000000000
12207  -13.935  -64.231  -7.893 1.0000000000
11538  -9.319  -64.748  -11.392 1.0000000000
142766  -10.725  -63.961  -10.437 1.0000000000
12216  -12.965  -64.744  -9.165 1.0000000000
12217  -13.740  -64.857  -8.630 1.0000000000
10848  -3.228  -66.612  -10.581 1.0000000000
10850  -6.170  -66.552  -11.179 1.0000000000
142656  -8.511  -66.153  -11.576 1.0000000000
11537  -8.432  -65.196  -11.546 1.0000000000
11505  -11.632  -65.506  -9.678 1.0000000000
11506  -12.465  -65.520  -9.374 1.0000000000
11507  -13.318  -65.572  -9.014 1.0000000000
135794  -4.883  -66.768  -10.720 1.0000000000
10875  -9.314  -65.828  -11.464 1.0000000000
10853  -10.580  -66.350  -10.281 1.0000000000
10854  -11.195  -66.206  -9.719 1.0000000000
132342  -11.930  -66.203  -9.385 1.0000000000
10156  -5.816  -67.585  -10.896 1.0000000000
133120  -7.317  -67.976  -11.104 1.0000000000
10157  -8.030  -67.950  -11.158 1.0000000000
10158  -8.749  -67.689  -11.052 1.0000000000
10159  -9.500  -67.362  -10.792 1.0000000000
10832  -10.861  -66.851  -9.719 1.0000000000
131441  -3.195  -68.226  -10.586 1.0000000000
9502  -2.663  -68.510  -11.131 1.0000000000
9518  -2.751  -68.425  -12.169 1.0000000000
133526  -2.964  -69.190  -12.607 1.0000000000
8839  -3.223  -69.536  -13.305 1.0000000000
147132  -3.376  -69.844  -14.698 0.8999999762
131353  -3.268  -69.851  -15.622 0.8000000119
12903  -4.499  -63.912  -7.430 1.0000000000
12887  -6.713  -63.721  -5.964 1.0000000000
144920  -6.144  -65.423  -2.933 0.6999999881
150359  -5.238  -65.834  -3.663 0.8000000119
11437  -4.979  -65.409  -4.291 0.8000000119
12198  -4.861  -64.443  -7.606 1.0000000000
12161  -8.730  -64.702  -4.247 1.0000000000
10772  -3.840  -65.858  -4.700 0.8999999762
10806  -4.601  -65.843  -7.543 1.0000000000
10809  -7.506  -66.194  -7.542 1.0000000000
12162  -9.749  -65.011  -3.823 1.0000000000
10771  -2.658  -66.467  -4.913 1.0000000000
10791  -2.645  -66.601  -6.236 1.0000000000
148485  -4.339  -66.498  -7.300 1.0000000000
12163  -10.654  -64.944  -3.518 1.0000000000
146365  -11.126  -64.924  -4.322 1.0000000000
12144  -10.733  -64.498  -2.848 1.0000000000
10770  -2.295  -66.850  -4.983 1.0000000000
10077  -2.346  -66.972  -5.583 1.0000000000
12177  -11.434  -65.022  -5.528 1.0000000000
10094  -2.940  -67.209  -6.352 1.0000000000
132765  -11.544  -63.569  -3.401 1.0000000000
15169  -3.524  -60.258  -8.586 1.0000000000
14440  -5.570  -61.179  -9.612 1.0000000000
15183  -5.988  -60.440  -9.440 1.0000000000
14437  -2.905  -61.763  -9.542 1.0000000000
133694  -11.760  -63.543  -4.978 1.0000000000
14441  -8.482  -60.481  -9.915 1.0000000000
13652  -2.881  -62.488  -9.816 1.0000000000
12213  -2.895  -63.770  -9.977 1.0000000000
13632  -11.145  -62.510  -6.362 1.0000000000
13633  -11.987  -62.937  -6.618 1.0000000000
12927  -5.453  -63.386  -10.295 1.0000000000
141120  -10.502  -61.900  -9.939 1.0000000000
12909  -12.861  -63.393  -8.582 1.0000000000
13645  -12.500  -62.871  -8.343 1.0000000000
12906  -13.556  -63.652  -7.408 1.0000000000
11517  -3.066  -65.067  -10.389 1.0000000000
12930  -10.161  -63.369  -10.782 1.0000000000
142646  -12.138  -64.748  -9.582 1.0000000000
12910  -13.475  -63.605  -8.124 1.0000000000
10847  -2.855  -65.899  -10.775 1.0000000000
12950  -9.369  -63.677  -11.267 1.0000000000
11520  -5.373  -65.828  -10.855 1.0000000000
12229  -10.013  -64.305  -10.986 1.0000000000
10872  -2.605  -66.328  -11.094 1.0000000000
10154  -3.189  -67.497  -10.619 1.0000000000
10851  -8.941  -66.869  -11.397 1.0000000000
10852  -9.831  -66.471  -10.907 1.0000000000
10194  -2.589  -67.088  -11.385 1.0000000000
129883  -3.055  -68.680  -13.187 1.0000000000
9535  -3.108  -67.993  -13.918 1.0000000000
9564  -3.253  -68.300  -15.608 0.8000000119
12115  -6.062  -64.620  -1.976 0.6000000238
12886  -2.488  -63.882  -5.805 0.8999999762
12893  -3.083  -63.759  -6.631 1.0000000000
12894  -3.981  -63.313  -7.148 1.0000000000
12129  -5.185  -64.451  -3.094 0.6000000238
12140  -5.076  -64.696  -3.928 0.8000000119
12173  -2.740  -64.544  -5.991 0.8999999762
13629  -5.221  -62.808  -6.628 1.0000000000
12888  -7.460  -64.194  -5.556 1.0000000000
12879  -7.810  -63.946  -4.531 1.0000000000
11459  -3.838  -65.078  -5.092 0.8999999762
12174  -3.133  -65.046  -5.804 1.0000000000
11486  -3.967  -65.329  -7.441 1.0000000000
131446  -8.337  -64.131  -3.700 1.0000000000
11458  -2.743  -65.945  -6.126 1.0000000000
12143  -9.995  -64.808  -2.918 1.0000000000
132443  -2.853  -66.069  -6.619 1.0000000000
12142  -9.085  -64.552  -3.307 1.0000000000
12845  -10.329  -63.491  -2.008 1.0000000000
13576  -10.563  -62.828  -1.842 1.0000000000
10793  -3.667  -66.907  -7.021 1.0000000000
141403  -11.125  -62.337  -2.063 1.0000000000
12864  -11.181  -63.848  -2.811 1.0000000000
14370  -11.678  -61.601  -2.415 1.0000000000
149511  -2.779  -60.145  -8.859 1.0000000000
15170  -4.540  -60.167  -8.588 1.0000000000
15964  -5.717  -59.004  -7.749 1.0000000000
128299  -6.602  -60.027  -8.922 1.0000000000
134304  -11.754  -63.200  -4.095 1.0000000000
13603  -11.741  -62.742  -3.478 1.0000000000
15141  -12.484  -61.095  -3.688 1.0000000000
15193  -2.562  -60.689  -10.102 1.0000000000
14439  -4.589  -61.596  -9.173 1.0000000000
15184  -7.513  -60.284  -9.641 1.0000000000
15158  -7.809  -59.869  -7.675 1.0000000000
13622  -11.452  -62.613  -4.944 1.0000000000
14395  -11.869  -61.984  -3.743 1.0000000000
15206  -3.182  -60.568  -11.267 1.0000000000
14471  -2.595  -62.116  -10.395 1.0000000000
15173  -8.064  -60.304  -9.045 1.0000000000
13621  -11.024  -62.057  -5.122 1.0000000000
15140  -11.787  -61.404  -4.491 1.0000000000
15142  -13.201  -60.482  -3.869 1.0000000000
14405  -10.708  -61.437  -5.708 1.0000000000
13631  -10.820  -62.152  -5.788 1.0000000000
12946  -2.696  -63.513  -10.385 1.0000000000
136822  -4.057  -63.114  -9.626 1.0000000000
14404  -10.090  -60.989  -6.340 1.0000000000
13656  -10.741  -61.866  -9.187 1.0000000000
13637  -11.453  -62.434  -7.266 1.0000000000
13636  -10.627  -62.095  -6.795 1.0000000000
13657  -11.451  -62.292  -8.995 1.0000000000
13658  -12.095  -62.892  -9.126 1.0000000000
12931  -10.773  -63.127  -10.287 1.0000000000
12920  -11.487  -63.543  -9.810 1.0000000000
12215  -12.477  -63.869  -9.308 1.0000000000
142120  -7.447  -65.105  -11.496 1.0000000000
11521  -9.912  -65.250  -11.083 1.0000000000
12230  -10.558  -64.930  -10.595 1.0000000000
10895  -2.629  -66.238  -11.807 1.0000000000
10195  -2.725  -67.050  -12.414 1.0000000000
144380  -3.283  -67.721  -14.842 0.8999999762
9548  -3.278  -68.434  -14.704 0.8999999762
9582  -3.252  -68.505  -16.708 0.8000000119
12114  -5.237  -64.400  -2.107 0.6000000238
12139  -4.127  -64.456  -4.313 0.8000000119
12128  -4.212  -64.212  -3.375 0.6999999881
12158  -2.765  -64.261  -5.406 0.8999999762
13630  -5.966  -63.195  -6.321 1.0000000000
12160  -4.673  -64.963  -4.547 0.8000000119
13619  -6.325  -62.933  -5.366 1.0000000000
13611  -7.126  -63.019  -4.222 1.0000000000
11473  -3.183  -65.569  -7.084 1.0000000000
13620  -7.027  -63.476  -5.083 1.0000000000
12861  -7.759  -63.476  -3.511 1.0000000000
12862  -8.487  -63.841  -2.929 1.0000000000
13600  -6.527  -62.380  -3.632 1.0000000000
147824  -8.495  -62.677  -2.036 1.0000000000
145600  -8.795  -63.416  -2.209 1.0000000000
12843  -9.172  -62.785  -1.771 1.0000000000
13575  -9.566  -62.093  -1.568 1.0000000000
14369  -10.978  -61.474  -1.892 1.0000000000
15112  -11.554  -60.781  -2.311 1.0000000000
14371  -12.159  -60.880  -2.640 1.0000000000
14388  -12.224  -61.404  -3.010 1.0000000000
15982  -6.077  -59.429  -8.184 1.0000000000
15983  -6.990  -59.592  -7.980 1.0000000000
15922  -13.348  -60.066  -3.474 1.0000000000
15967  -10.889  -59.271  -7.151 1.0000000000
15149  -10.845  -61.162  -5.227 1.0000000000
15151  -13.368  -60.293  -4.577 1.0000000000
134442  -3.267  -61.161  -11.632 1.0000000000
14426  -8.716  -60.529  -8.916 1.0000000000
15943  -12.766  -60.166  -5.335 1.0000000000
15953  -13.270  -59.612  -6.197 1.0000000000
13670  -6.732  -61.955  -10.813 1.0000000000
14427  -9.359  -61.055  -8.657 1.0000000000
15154  -9.534  -60.555  -6.792 1.0000000000
14413  -10.344  -61.487  -6.460 1.0000000000
15942  -11.710  -60.694  -5.134 1.0000000000
12947  -2.692  -63.524  -11.288 1.0000000000
12918  -3.415  -63.508  -9.810 1.0000000000
14442  -9.972  -61.347  -9.575 1.0000000000
14417  -10.085  -61.594  -7.296 1.0000000000
16756  -13.488  -58.829  -7.490 1.0000000000
133346  -2.586  -64.282  -10.882 1.0000000000
13643  -10.880  -62.046  -8.044 1.0000000000
12242  -2.801  -64.235  -11.771 1.0000000000
13644  -11.866  -62.477  -8.313 1.0000000000
12241  -2.571  -64.956  -11.326 1.0000000000
11516  -2.734  -65.032  -10.785 1.0000000000
11534  -2.582  -65.669  -11.160 1.0000000000
149809  -3.499  -65.834  -13.351 1.0000000000
10222  -3.384  -67.086  -14.258 1.0000000000
10209  -3.088  -67.135  -13.372 1.0000000000
135703  -3.275  -67.531  -15.567 0.8999999762
10250  -3.215  -67.712  -16.397 0.6999999881
130079  -3.270  -67.942  -17.461 0.6000000238
12113  -4.106  -64.185  -2.188 0.6000000238
129613  -2.629  -63.482  -4.136 0.8000000119
12860  -3.268  -63.869  -3.720 0.6000000238
129770  -5.524  -62.518  -5.868 1.0000000000
14403  -5.016  -61.740  -5.692 1.0000000000
13628  -4.391  -62.534  -6.716 1.0000000000
13610  -6.362  -62.633  -4.468 1.0000000000
13618  -5.672  -62.151  -4.912 1.0000000000
149585  -5.969  -62.054  -4.049 1.0000000000
14386  -6.803  -61.957  -2.856 1.0000000000
13601  -7.213  -62.702  -3.184 1.0000000000
14366  -7.356  -61.587  -2.348 1.0000000000
13602  -7.962  -62.962  -2.598 1.0000000000
132036  -9.114  -61.351  -1.805 1.0000000000
14368  -10.107  -61.369  -1.674 1.0000000000
15111  -10.692  -60.678  -2.097 1.0000000000
15108  -7.497  -60.636  -2.403 1.0000000000
15109  -8.596  -60.598  -2.255 1.0000000000
15990  -2.412  -59.538  -9.169 1.0000000000
15980  -4.079  -59.560  -8.207 1.0000000000
16749  -5.375  -58.285  -7.648 1.0000000000
16750  -6.309  -58.617  -7.490 1.0000000000
16766  -10.113  -58.362  -8.200 1.0000000000
15931  -13.818  -59.913  -4.170 1.0000000000
15171  -5.575  -59.989  -8.747 1.0000000000
15949  -8.241  -59.621  -7.178 1.0000000000
16752  -9.366  -58.694  -7.720 1.0000000000
16754  -11.764  -59.004  -7.426 1.0000000000
15944  -13.772  -59.939  -5.200 1.0000000000
146075  -8.817  -59.638  -7.037 1.0000000000
15153  -8.865  -60.128  -6.968 1.0000000000
15968  -11.635  -59.495  -6.663 1.0000000000
13688  -2.635  -62.781  -10.833 1.0000000000
14416  -9.475  -61.150  -7.657 1.0000000000
16768  -12.842  -58.489  -8.239 1.0000000000
16770  -14.504  -58.168  -8.028 1.0000000000
13689  -3.142  -62.736  -11.890 1.0000000000
17566  -13.942  -57.781  -8.762 1.0000000000
12255  -3.516  -64.209  -12.808 1.0000000000
127377  -3.642  -65.052  -13.305 1.0000000000
11557  -3.748  -65.672  -14.004 1.0000000000
10922  -3.628  -66.298  -14.564 1.0000000000
135504  -3.218  -66.947  -16.002 0.8000000119
130137  -3.160  -67.053  -17.137 0.6999999881
12842  -3.200  -63.804  -2.695 0.6000000238
12859  -2.564  -63.286  -3.266 0.6999999881
12858  -2.190  -63.070  -4.154 0.6999999881
13617  -3.106  -62.301  -6.169 0.8000000119
14410  -3.774  -61.934  -6.353 0.8000000119
14411  -4.394  -61.781  -6.232 0.8999999762
14400  -3.246  -61.482  -5.867 0.8000000119
14384  -5.565  -60.860  -3.470 1.0000000000
14385  -6.076  -61.521  -3.313 1.0000000000
14365  -6.665  -61.111  -2.605 1.0000000000
15904  -8.123  -59.842  -2.704 1.0000000000
15917  -8.692  -59.173  -3.182 1.0000000000
15110  -9.652  -60.611  -2.127 1.0000000000
15906  -10.271  -59.868  -2.507 1.0000000000
16697  -11.805  -58.738  -3.374 1.0000000000
16698  -12.810  -59.118  -3.298 1.0000000000
147465  -11.463  -58.099  -4.006 1.0000000000
15921  -12.892  -59.829  -3.062 1.0000000000
15995  -2.528  -59.967  -9.802 1.0000000000
15962  -3.745  -58.936  -7.910 1.0000000000
16748  -4.367  -58.301  -7.722 1.0000000000
137078  -7.782  -59.081  -7.243 1.0000000000
16699  -13.454  -59.509  -3.614 1.0000000000
152806  -11.494  -58.203  -8.639 1.0000000000
16715  -14.069  -59.159  -4.203 1.0000000000
15932  -14.390  -59.501  -4.952 1.0000000000
140791  -3.405  -60.613  -12.134 1.0000000000
16734  -8.493  -59.039  -7.231 1.0000000000
16755  -12.601  -58.892  -7.564 1.0000000000
15955  -14.879  -58.987  -6.401 1.0000000000
16767  -11.994  -58.602  -8.182 1.0000000000
16757  -14.968  -58.622  -7.221 1.0000000000
14479  -3.436  -61.357  -12.337 1.0000000000
15230  -2.829  -59.971  -14.688 0.6999999881
15160  -9.119  -60.669  -7.214 1.0000000000
13699  -3.624  -62.654  -12.828 1.0000000000
12260  -3.888  -64.145  -13.760 1.0000000000
133709  -3.844  -64.880  -14.269 1.0000000000
10935  -3.499  -66.155  -15.498 0.8999999762
11584  -3.148  -65.578  -16.141 0.6999999881
12841  -2.545  -63.318  -2.182 0.6000000238
13599  -2.230  -62.783  -3.467 0.6999999881
13587  -2.260  -62.722  -2.682 0.5000000000
13586  -2.221  -62.154  -3.279 0.6000000238
149962  -2.166  -62.345  -4.976 0.6999999881
150571  -4.380  -61.271  -5.793 0.8999999762
15148  -4.750  -61.016  -5.076 1.0000000000
15139  -5.061  -60.515  -4.076 1.0000000000
15125  -2.411  -60.852  -3.816 0.6000000238
15145  -3.013  -60.637  -5.224 0.6999999881
128456  -3.548  -60.649  -5.546 0.6999999881
15138  -4.348  -60.096  -4.789 0.8000000119
15127  -5.545  -60.102  -3.368 1.0000000000
15915  -6.327  -59.834  -3.026 1.0000000000
137742  -7.763  -59.152  -3.140 1.0000000000
15137  -2.680  -60.104  -4.437 0.6000000238
15939  -2.987  -59.592  -4.978 0.6000000238
15146  -3.255  -59.962  -5.188 0.6999999881
15930  -4.164  -59.104  -4.658 0.8000000119
16692  -5.771  -59.144  -3.557 1.0000000000
152423  -10.959  -58.460  -3.595 1.0000000000
132629  -2.592  -58.047  -8.653 0.8999999762
17544  -3.466  -57.397  -7.758 0.8999999762
16713  -12.481  -58.367  -3.839 1.0000000000
147844  -2.401  -58.146  -9.128 0.8999999762
17508  -13.117  -57.970  -4.359 1.0000000000
17522  -13.681  -57.551  -4.967 1.0000000000
16775  -2.594  -58.648  -9.490 0.8999999762
16774  -2.500  -58.737  -8.865 0.8999999762
16765  -3.078  -58.772  -8.089 0.8999999762
17545  -4.053  -57.689  -7.650 1.0000000000
142408  -5.518  -57.480  -7.606 1.0000000000
17547  -6.149  -57.784  -7.573 1.0000000000
17559  -7.435  -57.392  -7.996 1.0000000000
17549  -7.772  -58.368  -7.619 1.0000000000
17561  -9.205  -57.492  -8.706 1.0000000000
17562  -9.977  -57.758  -8.749 1.0000000000
17523  -14.649  -57.914  -5.186 1.0000000000
129857  -3.166  -59.740  -10.870 0.8999999762
17577  -11.455  -57.576  -9.272 1.0000000000
17524  -15.257  -57.864  -5.735 1.0000000000
19211  -16.830  -55.839  -7.443 1.0000000000
16794  -3.625  -58.488  -12.538 0.8999999762
16751  -7.093  -58.853  -7.225 1.0000000000
17550  -8.754  -58.189  -7.953 1.0000000000
17535  -15.625  -57.442  -6.256 1.0000000000
132251  -3.292  -60.606  -13.055 1.0000000000
17578  -12.464  -57.465  -9.400 1.0000000000
17536  -15.961  -57.612  -6.826 1.0000000000
18355  -16.892  -56.119  -7.778 1.0000000000
16014  -3.344  -59.235  -12.612 0.8999999762
18370  -16.562  -56.489  -8.495 1.0000000000
17552  -16.300  -57.080  -7.371 1.0000000000
16028  -2.894  -59.328  -14.019 0.8999999762
17579  -13.361  -57.345  -9.398 1.0000000000
17580  -14.224  -57.194  -9.305 1.0000000000
18371  -17.022  -56.073  -8.236 1.0000000000
19254  -17.956  -55.313  -9.090 1.0000000000
20086  -19.195  -54.344  -9.294 1.0000000000
129579  -3.224  -61.618  -14.135 1.0000000000
15222  -2.687  -60.065  -13.963 0.8000000119
16039  -3.733  -59.698  -15.180 0.6000000238
18369  -16.000  -56.841  -8.830 1.0000000000
18388  -17.489  -55.607  -8.647 1.0000000000
20103  -18.705  -54.514  -9.851 1.0000000000
20104  -19.406  -54.055  -9.953 1.0000000000
13717  -3.266  -62.388  -14.620 1.0000000000
141822  -2.694  -61.521  -14.957 0.8000000119
15242  -3.335  -60.338  -15.557 0.6999999881
18384  -13.661  -56.710  -9.867 1.0000000000
18385  -14.409  -56.636  -9.768 1.0000000000
18398  -14.983  -56.144  -10.014 1.0000000000
150870  -15.664  -56.443  -9.472 1.0000000000
19269  -17.010  -55.175  -10.078 1.0000000000
12992  -3.257  -63.179  -15.103 1.0000000000
13726  -2.720  -62.275  -15.559 0.6999999881
14513  -2.688  -61.437  -15.591 0.6000000238
19251  -15.838  -55.883  -9.907 1.0000000000
131010  -16.590  -54.702  -10.757 1.0000000000
20977  -18.906  -53.248  -11.007 1.0000000000
20959  -18.741  -53.921  -10.507 1.0000000000
133866  -3.265  -64.044  -15.504 1.0000000000
12276  -3.145  -64.834  -15.851 0.6999999881
14402  -4.079  -60.618  -5.580 0.8000000119
146494  -4.985  -59.602  -4.031 0.8000000119
16707  -5.546  -58.331  -4.205 0.8999999762
16695  -9.196  -58.448  -3.505 1.0000000000
15126  -2.450  -60.026  -3.470 0.6000000238
15929  -2.810  -59.144  -4.438 0.6000000238
15940  -3.240  -59.092  -5.010 0.6000000238
147914  -5.016  -58.884  -4.139 0.8000000119
16708  -6.444  -58.327  -3.818 0.8999999762
16694  -8.175  -58.402  -3.450 1.0000000000
16712  -10.538  -57.926  -4.047 1.0000000000
137901  -11.087  -57.379  -4.493 1.0000000000
17507  -12.086  -57.646  -4.438 1.0000000000
18317  -13.231  -56.761  -5.443 1.0000000000
17546  -4.774  -57.596  -7.632 1.0000000000
17558  -6.722  -57.318  -7.815 1.0000000000
18368  -9.382  -56.790  -9.283 1.0000000000
17575  -9.850  -57.219  -9.135 1.0000000000
19210  -16.313  -55.393  -7.147 1.0000000000
139748  -3.469  -58.733  -11.016 0.8999999762
17576  -10.513  -57.369  -9.266 1.0000000000
153470  -17.789  -54.922  -7.857 1.0000000000
16804  -3.356  -58.808  -13.384 0.8999999762
18381  -10.992  -56.879  -9.776 1.0000000000
18382  -11.871  -56.876  -9.848 1.0000000000
17553  -16.622  -56.582  -7.866 1.0000000000
20067  -18.989  -54.482  -8.801 1.0000000000
20924  -20.070  -53.261  -8.658 1.0000000000
18395  -12.132  -56.071  -10.356 1.0000000000
18383  -12.777  -56.785  -9.914 1.0000000000
20942  -19.866  -53.844  -9.388 1.0000000000
19253  -17.366  -55.520  -9.379 1.0000000000
20961  -20.905  -53.057  -10.104 1.0000000000
19265  -13.591  -55.483  -10.787 1.0000000000
18397  -14.046  -56.106  -10.273 1.0000000000
21893  -21.148  -52.521  -10.530 1.0000000000
19267  -15.343  -55.431  -10.569 1.0000000000
142882  -19.383  -53.588  -10.466 1.0000000000
21910  -20.529  -52.155  -11.160 1.0000000000
21911  -21.326  -52.002  -11.002 1.0000000000
133467  -2.694  -63.254  -15.977 0.6000000238
20116  -17.154  -54.153  -11.029 1.0000000000
140577  -3.041  -58.824  -4.809 0.6000000238
17502  -6.124  -57.645  -4.462 0.8000000119
130846  -7.026  -57.633  -4.171 0.8999999762
16711  -9.648  -57.854  -3.951 1.0000000000
16722  -3.053  -58.211  -4.934 0.6000000238
17501  -5.184  -57.577  -4.820 0.6999999881
16710  -8.784  -57.787  -3.880 1.0000000000
17520  -11.732  -56.935  -5.020 1.0000000000
18349  -2.948  -56.976  -7.945 0.8999999762
18350  -3.414  -56.646  -7.761 1.0000000000
127408  -4.056  -56.511  -5.475 0.6999999881
18303  -9.227  -56.712  -4.555 0.8999999762
18331  -12.847  -56.104  -5.878 1.0000000000
18302  -7.173  -56.301  -5.418 0.6999999881
18332  -13.671  -56.303  -5.954 1.0000000000
18377  -2.850  -56.931  -9.711 0.8999999762
17556  -2.473  -56.825  -8.775 0.8999999762
18351  -4.164  -56.868  -7.591 1.0000000000
18352  -5.135  -56.852  -7.672 1.0000000000
134392  -6.221  -56.018  -8.294 1.0000000000
18353  -6.074  -56.869  -7.834 1.0000000000
18367  -8.639  -56.794  -8.944 1.0000000000
18318  -14.179  -57.056  -5.541 1.0000000000
20899  -16.854  -53.393  -7.640 1.0000000000
16785  -3.749  -57.860  -11.198 0.8999999762
18334  -15.430  -56.711  -6.338 1.0000000000
17590  -4.252  -57.083  -11.345 0.8999999762
18380  -10.122  -56.689  -9.649 1.0000000000
19190  -15.859  -56.039  -6.694 1.0000000000
20052  -17.768  -54.356  -7.721 1.0000000000
20901  -18.395  -53.842  -7.809 1.0000000000
152110  -9.517  -56.277  -9.676 1.0000000000
19191  -16.425  -56.159  -7.037 1.0000000000
20902  -19.127  -53.354  -8.090 1.0000000000
18354  -16.523  -56.456  -7.384 1.0000000000
20922  -18.864  -54.159  -8.228 1.0000000000
20943  -20.550  -53.271  -9.489 1.0000000000
20962  -21.475  -52.644  -10.083 1.0000000000
20100  -14.868  -54.855  -11.149 1.0000000000
22861  -22.836  -51.673  -10.785 1.0000000000
20101  -15.730  -54.775  -11.013 1.0000000000
21909  -19.715  -52.020  -11.584 1.0000000000
20115  -16.188  -54.053  -11.474 1.0000000000
21908  -18.430  -52.755  -11.656 1.0000000000
141606  -19.253  -52.594  -11.357 1.0000000000
22860  -20.911  -51.471  -11.494 1.0000000000
23804  -21.904  -51.432  -11.281 1.0000000000
16723  -3.602  -58.209  -4.945 0.6000000238
16706  -4.595  -58.237  -4.597 0.6999999881
17504  -8.527  -57.111  -4.312 1.0000000000
17517  -4.166  -57.386  -5.124 0.6999999881
17506  -10.049  -57.157  -4.419 1.0000000000
18314  -10.755  -56.577  -5.045 1.0000000000
18315  -11.568  -56.212  -5.471 1.0000000000
19187  -13.241  -55.635  -6.283 1.0000000000
19228  -2.694  -55.621  -8.444 0.8999999762
18363  -4.700  -56.022  -7.647 1.0000000000
18364  -5.528  -56.223  -7.904 1.0000000000
18365  -6.995  -56.568  -8.325 1.0000000000
18366  -7.868  -56.707  -8.599 1.0000000000
20032  -13.664  -55.112  -6.686 1.0000000000
19188  -14.074  -55.789  -6.374 1.0000000000
132064  -16.254  -53.944  -7.512 1.0000000000
17584  -3.550  -57.208  -10.468 0.8999999762
19233  -7.540  -56.088  -8.868 1.0000000000
18378  -8.174  -56.111  -9.177 1.0000000000
18404  -4.644  -56.196  -11.553 0.8999999762
19232  -6.929  -55.740  -8.794 1.0000000000
19248  -9.937  -55.895  -9.965 1.0000000000
21827  -17.451  -52.869  -7.765 1.0000000000
21828  -18.292  -53.072  -7.762 1.0000000000
19287  -5.390  -55.338  -12.454 0.8000000119
19247  -8.478  -55.542  -9.670 1.0000000000
139939  -9.225  -55.684  -9.851 1.0000000000
19249  -10.686  -56.160  -10.064 1.0000000000
21851  -19.604  -52.499  -8.207 1.0000000000
22788  -20.828  -51.913  -8.758 1.0000000000
20123  -4.867  -54.573  -12.407 0.8000000119
19262  -10.429  -55.401  -10.311 1.0000000000
19250  -11.381  -56.344  -10.121 1.0000000000
21853  -21.623  -51.764  -9.267 1.0000000000
23761  -22.813  -50.805  -9.491 1.0000000000
130465  -11.857  -55.199  -10.716 1.0000000000
20944  -21.176  -52.780  -9.657 1.0000000000
22810  -22.435  -51.583  -9.593 1.0000000000
22835  -23.438  -51.524  -10.399 1.0000000000
20098  -13.168  -54.752  -11.062 1.0000000000
23805  -22.902  -51.098  -11.372 1.0000000000
20099  -14.010  -54.831  -11.148 1.0000000000
20113  -14.398  -54.172  -11.539 1.0000000000
20974  -15.544  -53.592  -11.875 1.0000000000
20114  -15.255  -54.206  -11.558 1.0000000000
20975  -16.961  -53.511  -11.732 1.0000000000
23831  -22.967  -50.202  -11.765 1.0000000000
21000  -8.161  -53.642  -13.501 0.4000000060
20987  -16.164  -53.250  -12.089 1.0000000000
21907  -17.539  -52.883  -11.985 1.0000000000
22859  -20.203  -51.580  -11.701 1.0000000000
23830  -22.037  -50.439  -11.784 1.0000000000
24724  -23.845  -50.077  -11.776 1.0000000000
25747  -21.256  -48.542  -13.168 1.0000000000
25748  -21.977  -48.105  -13.118 1.0000000000
17518  -4.917  -56.766  -5.481 0.6999999881
144524  -5.769  -57.112  -5.164 0.6999999881
17519  -6.639  -57.026  -4.951 0.8000000119
17503  -7.627  -56.992  -4.567 0.8000000119
18310  -4.737  -55.864  -5.928 0.6999999881
18313  -9.312  -56.158  -5.115 0.8999999762
140417  -9.885  -56.516  -4.865 1.0000000000
19167  -7.823  -55.547  -5.923 0.8000000119
19169  -10.113  -55.992  -5.324 1.0000000000
143701  -10.907  -55.823  -5.613 1.0000000000
19170  -11.547  -55.679  -5.865 1.0000000000
19186  -11.982  -55.337  -6.217 1.0000000000
20048  -13.303  -54.475  -7.137 1.0000000000
19244  -2.396  -55.630  -9.065 0.8999999762
19230  -4.271  -55.091  -7.717 1.0000000000
20894  -11.210  -53.311  -7.886 0.8999999762
20897  -14.499  -53.878  -7.617 1.0000000000
20049  -14.270  -54.617  -7.139 1.0000000000
18394  -3.184  -56.235  -10.112 0.8999999762
19231  -5.388  -55.364  -8.122 1.0000000000
146511  -6.278  -55.342  -8.626 1.0000000000
148683  -15.035  -54.413  -7.299 1.0000000000
143553  -17.032  -52.151  -8.216 1.0000000000
135639  -18.375  -51.746  -8.178 1.0000000000
139971  -2.792  -54.448  -9.748 0.8999999762
20063  -3.476  -53.874  -8.588 0.8999999762
19246  -7.612  -55.430  -9.370 1.0000000000
20921  -15.878  -53.077  -7.900 1.0000000000
23736  -20.309  -50.960  -8.660 1.0000000000
20970  -3.568  -53.669  -11.218 0.8999999762
132089  -5.958  -57.251  -12.650 0.6000000238
141383  -6.208  -53.731  -8.945 1.0000000000
140904  -6.802  -55.032  -9.116 1.0000000000
23760  -21.989  -50.971  -9.243 1.0000000000
23762  -23.668  -50.765  -9.724 0.8999999762
18416  -8.002  -57.228  -12.415 0.6000000238
20096  -11.004  -54.759  -10.586 1.0000000000
19263  -11.243  -55.681  -10.415 1.0000000000
24683  -15.455  -49.007  -10.009 0.8000000119
22808  -15.798  -50.646  -9.513 0.8999999762
22811  -23.221  -51.408  -9.811 1.0000000000
23785  -25.021  -50.990  -10.723 0.8999999762
19264  -12.707  -55.413  -10.788 1.0000000000
20958  -17.994  -54.362  -10.494 1.0000000000
20097  -12.376  -54.636  -10.925 1.0000000000
22836  -24.156  -51.236  -10.560 1.0000000000
22863  -24.381  -51.099  -11.085 1.0000000000
23807  -25.086  -50.786  -11.197 0.8999999762
20112  -13.558  -54.110  -11.406 1.0000000000
24725  -24.743  -50.152  -11.688 1.0000000000
24750  -25.260  -49.520  -11.912 1.0000000000
20973  -14.822  -53.508  -11.855 1.0000000000
21921  -18.023  -52.214  -12.339 1.0000000000
25728  -24.861  -48.576  -12.236 1.0000000000
22879  -18.514  -51.478  -12.599 1.0000000000
22858  -19.519  -51.349  -12.224 1.0000000000
22880  -20.371  -50.998  -12.038 1.0000000000
22881  -21.162  -50.738  -11.864 1.0000000000
24747  -22.208  -49.528  -12.290 1.0000000000
24748  -23.172  -49.430  -12.117 1.0000000000
24749  -24.150  -49.254  -12.062 1.0000000000
26707  -24.157  -46.612  -12.984 1.0000000000
18311  -5.870  -56.282  -5.760 0.6999999881
143559  -8.777  -55.729  -5.466 0.8000000119
19184  -10.307  -55.392  -5.860 1.0000000000
19185  -11.133  -55.202  -6.196 1.0000000000
19182  -7.920  -54.735  -6.653 0.6999999881
20044  -9.459  -53.759  -7.403 0.6999999881
20030  -11.786  -54.714  -6.666 1.0000000000
149067  -3.163  -53.831  -10.326 0.8999999762
20919  -13.759  -53.274  -8.127 1.0000000000
20920  -14.815  -53.148  -8.058 1.0000000000
21848  -16.106  -52.210  -8.382 1.0000000000
129368  -9.778  -53.194  -7.796 0.8000000119
21846  -14.213  -52.364  -8.559 1.0000000000
21847  -15.170  -52.314  -8.471 1.0000000000
22785  -17.518  -51.355  -8.562 1.0000000000
20079  -2.871  -54.244  -8.967 0.8999999762
20915  -5.225  -53.605  -8.492 1.0000000000
20065  -4.764  -54.355  -8.082 1.0000000000
20916  -10.977  -52.615  -8.331 0.8000000119
133433  -13.695  -51.602  -9.140 0.8999999762
22783  -15.486  -51.512  -9.042 1.0000000000
22784  -16.433  -51.419  -8.836 1.0000000000
22786  -19.114  -51.703  -8.197 1.0000000000
20937  -3.872  -53.030  -8.835 0.8999999762
20080  -6.681  -54.384  -9.206 1.0000000000
20082  -8.132  -54.767  -9.805 1.0000000000
20083  -8.930  -54.970  -9.993 1.0000000000
19261  -9.659  -55.198  -10.160 1.0000000000
145359  -13.480  -50.235  -9.271 0.8999999762
24682  -14.767  -49.455  -9.549 0.8999999762
138446  -21.410  -50.350  -9.212 0.8999999762
142719  -22.158  -49.907  -9.429 0.8000000119
147901  -3.802  -52.774  -11.827 0.8999999762
152952  -6.293  -56.693  -12.552 0.6000000238
20939  -5.704  -52.890  -8.822 1.0000000000
20941  -7.776  -53.919  -9.758 1.0000000000
20953  -9.194  -53.153  -10.108 1.0000000000
20954  -9.647  -53.926  -10.316 1.0000000000
25666  -17.139  -48.119  -10.014 0.8000000119
23757  -18.630  -50.069  -9.270 1.0000000000
23764  -25.623  -50.612  -10.253 0.8999999762
20985  -4.333  -53.131  -12.796 0.8999999762
139247  -4.243  -53.780  -12.207 0.8999999762
21890  -11.518  -53.025  -10.758 1.0000000000
135139  -12.018  -53.878  -10.913 1.0000000000
20111  -12.772  -54.023  -11.197 1.0000000000
25667  -18.962  -48.201  -10.176 0.8000000119
23786  -25.925  -50.685  -10.903 0.8999999762
24727  -26.589  -50.100  -11.227 0.8999999762
20957  -12.430  -53.216  -11.134 1.0000000000
20972  -13.900  -53.290  -11.699 1.0000000000
25660  -18.252  -47.420  -8.941 0.6999999881
24726  -25.672  -50.295  -11.421 0.8999999762
20971  -13.136  -53.449  -11.415 1.0000000000
21905  -14.520  -52.813  -11.984 1.0000000000
21918  -15.324  -52.824  -12.239 1.0000000000
22876  -15.427  -51.900  -12.567 1.0000000000
22878  -17.581  -51.587  -12.789 1.0000000000
23828  -19.869  -50.547  -12.563 1.0000000000
134423  -21.218  -49.902  -12.417 1.0000000000
25727  -23.977  -48.410  -12.366 1.0000000000
19166  -6.549  -55.508  -6.245 0.6999999881
18330  -5.462  -55.301  -6.343 0.6999999881
19181  -6.186  -54.651  -6.609 0.6000000238
143251  -9.680  -55.026  -6.301 0.8000000119
149364  -10.429  -54.905  -6.370 1.0000000000
20028  -10.006  -54.407  -6.838 0.8000000119
20046  -11.495  -54.067  -7.304 1.0000000000
20047  -12.409  -54.293  -7.188 1.0000000000
138464  -13.768  -54.010  -7.542 1.0000000000
20917  -11.766  -52.789  -8.331 1.0000000000
22809  -16.713  -50.576  -9.363 1.0000000000
21867  -3.733  -52.715  -9.697 0.8999999762
22781  -13.217  -50.882  -9.259 0.8999999762
22807  -14.924  -50.648  -9.490 0.8999999762
20938  -4.732  -52.874  -8.696 0.8999999762
20093  -8.740  -54.051  -10.072 1.0000000000
21843  -11.280  -51.968  -8.607 0.8000000119
24686  -19.095  -49.066  -9.734 0.8000000119
24687  -20.185  -49.256  -9.420 0.8000000119
24688  -21.136  -49.497  -9.392 0.8000000119
24690  -25.277  -49.935  -9.816 0.8000000119
151223  -6.403  -52.265  -9.206 0.8999999762
142396  -8.226  -52.980  -9.787 1.0000000000
130463  -10.065  -53.179  -10.323 1.0000000000
20955  -10.467  -53.949  -10.523 1.0000000000
24672  -13.402  -49.695  -8.859 0.8000000119
132782  -18.595  -47.355  -9.889 0.8000000119
143134  -23.214  -49.900  -9.593 0.8000000119
24691  -26.277  -49.944  -9.811 0.8000000119
20125  -6.207  -54.780  -13.134 0.6999999881
21870  -7.438  -52.172  -9.491 0.8999999762
21891  -12.131  -52.354  -10.897 1.0000000000
25640  -15.953  -48.588  -8.686 0.6000000238
25641  -16.853  -48.352  -8.326 0.6999999881
27571  -21.759  -46.254  -9.556 0.6000000238
25687  -20.328  -47.525  -10.151 0.8000000119
20986  -4.889  -53.805  -13.146 0.8000000119
20998  -5.451  -53.206  -13.717 0.8000000119
19304  -6.927  -55.347  -12.922 0.6000000238
25707  -26.988  -49.304  -11.760 0.8000000119
21903  -13.038  -52.553  -11.407 1.0000000000
24744  -19.422  -49.940  -13.024 1.0000000000
27573  -24.654  -45.909  -8.991 0.5000000000
25729  -25.978  -48.910  -12.082 0.8999999762
22856  -13.326  -51.599  -11.474 1.0000000000
21904  -13.907  -52.299  -11.827 1.0000000000
23827  -18.978  -50.696  -12.819 1.0000000000
24768  -20.758  -49.235  -12.980 1.0000000000
25726  -23.315  -48.725  -12.409 1.0000000000
26683  -25.593  -47.773  -12.417 0.8999999762
26684  -26.671  -47.317  -12.551 0.8999999762
22875  -14.656  -52.097  -12.231 1.0000000000
21919  -16.232  -52.398  -12.586 1.0000000000
141951  -17.142  -50.866  -12.965 1.0000000000
25725  -22.029  -48.782  -12.763 1.0000000000
26682  -23.362  -47.972  -12.694 1.0000000000
26702  -19.592  -47.104  -13.909 1.0000000000
25746  -20.347  -48.562  -13.376 1.0000000000
26705  -22.634  -47.602  -13.092 1.0000000000
26704  -21.408  -47.841  -13.416 1.0000000000
21868  -4.381  -52.345  -9.245 0.8999999762
20895  -12.114  -53.551  -7.743 1.0000000000
21842  -10.312  -51.997  -8.376 0.8000000119
139803  -12.973  -51.569  -9.023 1.0000000000
21845  -13.275  -52.315  -8.649 1.0000000000
21869  -5.275  -52.145  -9.004 0.8999999762
25689  -22.216  -47.822  -10.204 0.8000000119
132655  -23.715  -48.847  -9.895 0.8000000119
142682  -6.738  -51.413  -9.550 0.8999999762
24674  -15.021  -48.913  -9.166 0.8000000119
26648  -21.867  -46.896  -10.300 0.8000000119
25672  -24.136  -47.598  -10.211 0.8000000119
137177  -25.901  -48.912  -9.649 0.8000000119
25676  -27.482  -49.092  -10.106 0.8000000119
151994  -4.201  -51.940  -12.071 0.8999999762
21889  -10.632  -52.424  -10.360 1.0000000000
27585  -22.995  -45.748  -10.179 0.6999999881
23808  -26.617  -50.262  -10.727 0.8000000119
24728  -27.230  -49.714  -11.242 0.8000000119
20999  -6.428  -53.448  -13.928 0.6999999881
22830  -9.051  -51.505  -9.737 1.0000000000
139957  -11.406  -52.158  -10.562 1.0000000000
25642  -17.640  -47.955  -7.966 0.5000000000
143707  -6.485  -52.596  -14.143 0.6000000238
22833  -11.781  -51.521  -10.582 1.0000000000
22855  -12.565  -51.648  -11.026 1.0000000000
22877  -16.742  -51.675  -12.858 1.0000000000
138885  -26.856  -48.305  -12.218 0.8999999762
22857  -14.097  -51.407  -11.879 1.0000000000
151382  -16.068  -51.632  -12.764 1.0000000000
24743  -18.501  -49.989  -13.191 1.0000000000
24766  -18.999  -49.242  -13.348 1.0000000000
26681  -22.651  -48.365  -12.764 1.0000000000
27624  -26.512  -46.462  -12.885 0.8999999762
140185  -15.591  -51.071  -12.645 1.0000000000
140622  -16.340  -50.950  -12.856 1.0000000000
23839  -17.567  -50.019  -13.134 1.0000000000
26706  -23.378  -47.079  -12.970 1.0000000000
27622  -24.893  -46.965  -12.687 1.0000000000
27647  -24.884  -46.218  -13.037 1.0000000000
27623  -25.676  -46.757  -12.749 1.0000000000
27645  -22.564  -46.630  -13.510 1.0000000000
134431  -24.173  -45.796  -13.368 1.0000000000
27646  -23.419  -46.186  -13.353 1.0000000000
133386  -21.723  -46.688  -13.853 1.0000000000
27664  -22.053  -45.894  -14.138 1.0000000000
20892  -8.987  -52.998  -7.822 0.6999999881
21844  -12.293  -52.011  -8.761 0.8999999762
22779  -11.687  -51.185  -8.676 0.8000000119
22802  -4.840  -51.638  -9.677 0.8999999762
21871  -8.890  -52.388  -9.817 1.0000000000
23733  -12.890  -50.314  -8.969 0.8000000119
140026  -3.953  -51.884  -11.133 0.8999999762
143294  -4.554  -51.361  -10.585 0.8999999762
21888  -9.654  -52.363  -10.047 1.0000000000
138896  -13.700  -49.333  -8.305 0.6000000238
27586  -24.527  -46.003  -10.000 0.6999999881
26637  -26.964  -47.528  -8.831 0.6999999881
25675  -26.922  -49.166  -9.544 0.8000000119
25691  -28.014  -48.863  -10.963 0.8000000119
25709  -28.118  -48.482  -11.863 0.8000000119
22832  -10.937  -51.475  -10.247 1.0000000000
24710  -27.455  -49.545  -10.773 0.8000000119
25731  -28.038  -47.937  -12.365 0.8000000119
142485  -4.487  -51.320  -11.671 0.8999999762
21929  -4.841  -51.910  -13.500 0.8999999762
22805  -8.277  -51.192  -9.706 1.0000000000
23783  -11.346  -50.657  -10.306 1.0000000000
23803  -14.349  -50.507  -11.860 1.0000000000
27575  -26.058  -46.372  -8.947 0.6000000238
25730  -27.573  -48.527  -12.100 0.8000000119
22874  -4.610  -51.443  -12.778 0.8999999762
23782  -10.305  -50.575  -10.057 1.0000000000
136061  -12.883  -50.996  -11.074 1.0000000000
24742  -16.155  -49.377  -12.619 1.0000000000
153433  -16.287  -48.627  -12.712 1.0000000000
26685  -27.814  -47.705  -12.513 0.8000000119
28537  -28.146  -46.086  -13.053 0.8999999762
21932  -8.562  -52.561  -13.711 0.5000000000
23824  -15.118  -50.376  -12.266 1.0000000000
23825  -15.876  -50.250  -12.623 1.0000000000
26719  -18.265  -47.058  -13.880 1.0000000000
136020  -19.913  -47.812  -13.692 1.0000000000
27649  -26.388  -45.703  -13.258 0.8999999762
23826  -16.684  -50.115  -12.888 1.0000000000
28586  -20.604  -44.925  -15.113 1.0000000000
27648  -25.637  -45.976  -13.129 0.8999999762
27644  -21.178  -47.199  -13.768 1.0000000000
133507  -24.942  -45.530  -13.412 1.0000000000
28556  -23.483  -45.456  -13.706 1.0000000000
28577  -24.276  -45.023  -13.770 1.0000000000
22826  -5.265  -50.946  -10.143 0.8999999762
22854  -4.959  -50.690  -11.099 0.8999999762
23752  -7.828  -50.811  -9.841 0.8999999762
22831  -10.033  -51.520  -9.999 1.0000000000
130803  -27.294  -48.190  -9.608 0.8000000119
131184  -28.459  -47.144  -10.763 0.8000000119
27598  -28.635  -46.584  -11.162 0.8000000119
22827  -6.180  -50.803  -9.928 0.8999999762
148954  -9.501  -50.825  -9.864 1.0000000000
26638  -28.178  -47.267  -10.141 0.6999999881
27607  -28.880  -46.991  -12.013 0.8000000119
27626  -28.618  -46.614  -12.574 0.8000000119
23797  -5.411  -50.135  -11.618 0.8999999762
23780  -7.552  -50.344  -10.230 0.8999999762
22829  -8.583  -50.498  -9.968 0.8999999762
26620  -20.347  -46.719  -8.773 0.6000000238
26686  -28.435  -47.352  -12.430 0.8000000119
22885  -4.921  -51.313  -13.459 0.8999999762
22886  -5.183  -51.450  -13.816 0.8000000119
23784  -12.234  -50.814  -10.632 1.0000000000
23801  -12.746  -50.233  -10.825 1.0000000000
25743  -17.526  -48.335  -13.115 1.0000000000
28559  -28.016  -45.302  -13.277 0.8999999762
23796  -4.870  -50.604  -12.331 0.8999999762
22893  -6.438  -51.291  -14.286 0.5000000000
24740  -14.640  -49.600  -11.843 1.0000000000
25724  -15.615  -48.682  -12.466 1.0000000000
26701  -18.980  -47.616  -13.689 1.0000000000
28558  -27.182  -45.306  -13.417 0.8999999762
24765  -17.024  -49.080  -12.882 1.0000000000
151302  -18.091  -48.414  -13.265 1.0000000000
28557  -25.630  -45.408  -13.428 0.8999999762
28574  -21.245  -45.455  -14.704 1.0000000000
29546  -22.104  -45.060  -14.612 1.0000000000
28575  -22.797  -45.263  -14.095 1.0000000000
29549  -24.784  -44.351  -14.148 0.8999999762
28576  -23.462  -44.826  -14.084 1.0000000000
29547  -22.808  -44.613  -14.497 1.0000000000
27588  -28.051  -46.500  -9.462 0.6999999881
27589  -28.347  -46.493  -10.298 0.6999999881
23798  -6.191  -49.919  -11.140 0.8999999762
23800  -11.842  -49.862  -10.532 1.0000000000
143476  -28.871  -46.298  -11.713 0.8000000119
24705  -10.823  -49.828  -10.399 1.0000000000
24723  -13.844  -49.693  -11.458 1.0000000000
27576  -27.698  -46.441  -8.694 0.6000000238
28538  -28.654  -45.910  -12.850 0.8000000119
23838  -5.273  -50.775  -13.504 0.8999999762
128756  -13.179  -49.752  -11.116 1.0000000000
29532  -27.295  -44.313  -13.676 0.8000000119
23823  -5.215  -50.269  -13.042 0.8999999762
24763  -5.675  -50.126  -13.191 0.8000000119
22892  -5.795  -50.929  -13.990 0.6999999881
141253  -6.533  -50.735  -14.205 0.6000000238
27662  -18.385  -46.561  -14.425 1.0000000000
26720  -18.972  -46.752  -14.075 1.0000000000
29530  -25.233  -44.924  -13.735 1.0000000000
131002  -19.805  -46.402  -14.377 1.0000000000
24703  -8.948  -49.760  -10.489 0.8999999762
29484  -28.262  -44.640  -8.396 0.6000000238
29497  -28.358  -44.818  -9.843 0.6000000238
30460  -28.345  -44.098  -10.090 0.6000000238
23779  -6.655  -50.352  -10.417 0.8999999762
24702  -7.992  -49.801  -10.651 0.8999999762
23781  -9.449  -50.244  -10.097 0.8999999762
24739  -14.029  -48.874  -11.771 1.0000000000
129190  -29.455  -44.649  -11.992 0.6000000238
23799  -7.061  -49.849  -10.866 0.8999999762
24718  -8.378  -49.235  -11.136 0.8999999762
24704  -9.871  -49.747  -10.409 0.8999999762
24722  -12.499  -49.418  -10.940 1.0000000000
25741  -15.896  -48.034  -12.938 1.0000000000
29505  -29.002  -45.270  -11.520 0.6000000238
30475  -29.282  -44.120  -12.658 0.6000000238
29515  -28.654  -45.279  -13.056 0.6999999881
143244  -5.270  -49.971  -12.508 0.8999999762
24717  -7.310  -49.250  -11.507 0.8999999762
24720  -10.318  -49.112  -10.859 0.8999999762
25722  -14.181  -48.252  -12.392 1.0000000000
29533  -28.064  -44.708  -13.376 0.8000000119
24737  -6.070  -49.089  -12.784 0.8999999762
24719  -9.326  -49.175  -10.949 0.8999999762
25704  -11.314  -48.695  -11.305 0.8999999762
134611  -14.853  -48.780  -12.089 1.0000000000
26717  -16.674  -47.398  -13.883 1.0000000000
26718  -17.479  -47.244  -13.850 1.0000000000
153295  -18.496  -45.786  -15.142 1.0000000000
28584  -18.912  -45.377  -15.247 1.0000000000
29531  -26.595  -44.560  -13.777 0.8999999762
29551  -26.526  -43.964  -14.033 0.8999999762
25761  -6.793  -48.993  -13.451 0.6999999881
24779  -7.097  -49.657  -14.080 0.6000000238
26676  -11.767  -47.573  -12.217 0.8999999762
26680  -15.098  -47.662  -13.471 1.0000000000
26699  -15.899  -47.560  -13.784 1.0000000000
27660  -16.906  -46.832  -14.459 1.0000000000
27674  -17.211  -46.192  -14.978 1.0000000000
28570  -18.049  -46.108  -15.016 1.0000000000
29563  -19.206  -44.536  -15.492 1.0000000000
28587  -21.454  -44.698  -15.117 1.0000000000
30506  -26.042  -43.419  -14.401 0.8999999762
29572  -17.133  -43.961  -16.346 1.0000000000
30520  -17.873  -44.051  -16.141 1.0000000000
30522  -19.504  -43.713  -15.615 1.0000000000
30523  -20.320  -43.586  -15.573 1.0000000000
142844  -21.614  -43.976  -15.409 1.0000000000
29566  -22.198  -44.361  -15.022 1.0000000000
29567  -22.849  -43.981  -14.926 1.0000000000
30504  -24.225  -43.769  -14.598 0.8999999762
30505  -25.172  -43.606  -14.481 0.8999999762
31437  -25.485  -42.815  -14.792 0.8999999762
138780  -24.039  -44.457  -14.219 1.0000000000
30532  -17.538  -43.435  -16.411 1.0000000000
31453  -19.020  -43.019  -15.787 1.0000000000
145113  -21.779  -43.345  -15.657 1.0000000000
30525  -22.295  -43.661  -15.366 1.0000000000
136625  -23.336  -42.832  -15.403 1.0000000000
30527  -23.965  -43.079  -15.031 0.8999999762
31467  -19.452  -42.188  -15.797 1.0000000000
129105  -28.206  -43.979  -8.063 0.3000000119
30445  -27.879  -43.314  -8.382 0.4000000060
142570  -27.996  -43.306  -9.433 0.5000000000
30430  -27.851  -43.525  -7.280 0.3000000119
31397  -27.973  -42.834  -9.887 0.5000000000
31405  -29.607  -43.768  -11.855 0.6000000238
25705  -12.168  -48.789  -11.346 1.0000000000
25719  -11.730  -48.267  -11.754 0.8999999762
25721  -13.343  -48.284  -12.100 1.0000000000
31409  -28.954  -43.466  -12.884 0.6000000238
25702  -8.685  -48.650  -11.536 0.8999999762
27642  -15.203  -47.017  -14.137 1.0000000000
141338  -27.898  -43.344  -13.583 0.6000000238
30492  -27.371  -43.344  -13.846 0.6999999881
24738  -6.432  -49.123  -12.135 0.8999999762
141509  -6.863  -48.518  -12.546 0.8999999762
26677  -12.716  -47.676  -12.496 1.0000000000
153313  -15.576  -46.463  -14.542 1.0000000000
30507  -26.771  -43.341  -14.146 0.8999999762
25740  -6.970  -48.250  -13.149 0.8000000119
25718  -9.857  -47.954  -11.845 0.8999999762
26679  -14.321  -47.690  -13.092 1.0000000000
27659  -16.073  -47.033  -14.429 1.0000000000
25771  -8.314  -48.686  -14.674 0.6000000238
26734  -8.849  -47.469  -15.305 0.6000000238
29545  -15.141  -44.860  -14.965 1.0000000000
32303  -25.602  -42.013  -15.084 0.8999999762
129411  -16.935  -43.260  -16.720 1.0000000000
145500  -19.837  -42.890  -15.627 1.0000000000
137799  -22.422  -42.772  -15.747 1.0000000000
152229  -24.974  -42.323  -15.137 0.8999999762
31464  -16.657  -42.446  -16.789 0.8999999762
31454  -20.638  -42.816  -15.831 1.0000000000
32322  -23.120  -42.026  -15.818 1.0000000000
31367  -27.070  -42.010  -9.510 0.3000000119
32266  -29.257  -43.229  -11.609 0.5000000000
25703  -9.620  -48.582  -11.419 0.8999999762
32289  -28.371  -42.263  -13.313 0.5000000000
25716  -7.892  -48.156  -12.171 0.8999999762
25717  -8.876  -48.020  -11.914 0.8999999762
27641  -14.544  -46.603  -14.019 1.0000000000
31439  -27.048  -42.586  -14.172 0.8000000119
148451  -27.393  -41.951  -14.057 0.6999999881
26673  -8.031  -47.487  -12.508 0.8999999762
26675  -10.049  -47.309  -12.246 0.8999999762
27620  -11.322  -46.745  -12.570 0.8999999762
26696  -13.050  -47.097  -12.991 1.0000000000
26698  -14.449  -47.186  -13.732 1.0000000000
28554  -14.245  -45.981  -14.004 1.0000000000
28581  -15.988  -45.326  -15.256 1.0000000000
134666  -7.468  -48.184  -13.568 0.6999999881
27672  -8.351  -47.415  -14.534 0.6000000238
139491  -14.494  -44.113  -14.790 1.0000000000
30519  -15.886  -43.843  -15.990 1.0000000000
31456  -24.132  -42.225  -15.425 0.8999999762
32325  -25.543  -41.209  -15.318 0.8000000119
31466  -18.589  -42.322  -16.061 1.0000000000
30531  -16.038  -43.068  -16.429 1.0000000000
31465  -17.610  -42.565  -16.507 1.0000000000
31455  -21.455  -42.758  -15.967 1.0000000000
31469  -21.922  -42.109  -16.220 1.0000000000
32335  -21.634  -41.354  -16.397 1.0000000000
32337  -23.194  -41.349  -15.969 0.8999999762
32324  -24.282  -41.323  -15.648 0.8000000119
133744  -13.358  -46.651  -13.406 1.0000000000
149493  -27.288  -41.418  -14.175 0.6999999881
27619  -10.278  -46.646  -12.569 0.8999999762
27638  -11.837  -46.160  -12.875 0.8999999762
27621  -12.239  -46.951  -12.727 0.8999999762
28567  -14.660  -45.470  -14.447 1.0000000000
27658  -14.914  -46.225  -14.365 1.0000000000
32304  -26.227  -41.568  -14.928 0.6999999881
33164  -26.196  -40.697  -15.149 0.6999999881
27635  -8.159  -46.153  -13.254 0.8000000119
27636  -9.355  -45.967  -12.940 0.8999999762
29528  -12.100  -44.589  -13.407 0.8999999762
31457  -24.910  -41.667  -15.382 0.8999999762
142196  -7.947  -46.436  -13.813 0.6999999881
132267  -9.885  -46.199  -16.595 0.6000000238
141624  -10.220  -44.847  -16.472 0.5000000000
30518  -15.245  -43.290  -15.910 1.0000000000
32331  -17.225  -41.697  -16.847 0.8999999762
31452  -15.276  -42.691  -16.327 0.8999999762
31463  -15.718  -42.263  -16.737 0.8000000119
32332  -18.132  -41.606  -16.427 1.0000000000
32333  -19.073  -41.459  -16.000 1.0000000000
32330  -16.264  -41.661  -17.055 0.8000000119
28553  -13.370  -45.899  -13.613 1.0000000000
134909  -7.527  -47.136  -12.963 0.8999999762
27617  -8.072  -46.833  -12.825 0.8999999762
28552  -12.332  -45.498  -13.246 1.0000000000
28566  -13.902  -45.220  -14.051 1.0000000000
29544  -14.376  -44.787  -14.483 1.0000000000
29560  -15.869  -44.559  -15.590 1.0000000000
28549  -9.584  -45.232  -13.202 0.8000000119
131245  -13.648  -44.268  -14.176 0.8999999762
33176  -23.622  -40.020  -16.148 0.6999999881
27657  -7.994  -45.620  -13.935 0.6000000238
28548  -8.457  -45.350  -13.478 0.8999999762
30517  -14.576  -43.392  -15.278 1.0000000000
31435  -14.041  -42.840  -15.093 0.8999999762
31462  -14.895  -42.058  -16.418 0.8999999762
142461  -21.300  -40.584  -16.536 0.8999999762
33175  -22.966  -40.749  -16.171 0.8000000119
135311  -8.446  -45.711  -14.653 0.6000000238
30529  -9.833  -43.503  -15.874 0.6000000238
33169  -14.378  -40.749  -16.814 0.8000000119
32344  -15.862  -40.943  -17.439 0.8000000119
33171  -18.629  -40.808  -16.503 1.0000000000
32299  -10.309  -40.843  -14.913 0.6999999881
33144  -11.691  -40.222  -15.076 0.6999999881
28550  -10.696  -45.082  -13.184 0.8999999762
152192  -11.469  -45.535  -13.041 0.8999999762
28551  -11.551  -44.999  -13.219 0.8999999762
28565  -8.205  -44.883  -13.796 0.8000000119
141487  -9.709  -44.406  -13.396 0.8000000119
29527  -10.937  -44.211  -13.359 0.8999999762
133254  -11.791  -43.833  -13.530 0.8999999762
30503  -13.878  -43.430  -14.638 0.8999999762
31450  -13.716  -42.185  -15.342 0.8000000119
33188  -16.408  -40.324  -17.695 0.8000000119
32345  -16.821  -40.987  -17.257 0.8999999762
33190  -18.207  -40.165  -16.980 0.8999999762
33973  -21.800  -39.912  -16.593 0.8999999762
28579  -8.308  -44.930  -14.225 0.6000000238
29525  -8.850  -43.807  -13.655 0.8000000119
29543  -8.634  -43.598  -14.028 0.8000000119
31434  -13.265  -42.621  -14.595 0.8000000119
32302  -12.950  -41.714  -14.874 0.8000000119
32321  -14.111  -41.779  -15.999 0.8000000119
31431  -9.970  -41.465  -14.554 0.6999999881
138767  -12.578  -40.953  -15.113 0.8000000119
151533  -13.152  -40.091  -15.949 0.8000000119
33971  -19.746  -39.414  -17.158 0.8000000119
33988  -21.656  -39.212  -16.897 0.8999999762
30502  -13.062  -43.382  -14.087 0.8999999762
30489  -10.890  -43.046  -13.647 0.8000000119
30490  -12.139  -43.228  -13.742 0.8000000119
30488  -9.678  -42.436  -13.902 0.8000000119
31432  -11.273  -41.591  -14.268 0.8000000119
34817  -14.827  -39.240  -17.856 0.8000000119
33998  -15.939  -39.638  -18.053 0.8000000119
33986  -18.736  -39.513  -17.363 0.8000000119
129039  -22.636  -39.968  -16.390 0.6999999881
31417  -10.525  -41.998  -13.913 0.8000000119
32301  -11.993  -41.190  -14.673 0.6999999881
136607  -13.739  -38.881  -17.267 0.8000000119
33972  -20.817  -39.731  -16.826 0.8000000119
34818  -16.447  -39.049  -18.290 0.6999999881
34820  -18.287  -38.888  -17.893 0.5000000000
31418  -11.630  -42.403  -13.884 0.8000000119
31433  -12.322  -42.054  -14.360 0.8000000119
33984  -16.907  -39.636  -17.830 0.8000000119
33985  -17.823  -39.582  -17.580 0.6000000238
31416  -9.947  -41.775  -14.169 0.6999999881
34816  -13.913  -38.270  -17.662 0.6999999881
34835  -15.880  -38.406  -18.563 0.6000000238
34839  -19.580  -38.095  -18.036 0.6000000238
34836  -16.884  -38.376  -18.534 0.5000000000
35718  -19.235  -37.498  -18.554 0.5000000000
128631  -15.818  -36.807  -18.897 0.5000000000
34837  -17.840  -38.310  -18.456 0.5000000000
34833  -14.133  -37.661  -18.036 0.6000000238
35715  -16.341  -37.642  -18.744 0.5000000000
36634  -14.666  -36.494  -18.822 0.5000000000
36635  -16.877  -36.868  -19.043 0.4000000060
37624  -15.292  -35.157  -19.230 0.3000000119
1517  -4.422  -82.718  -12.426 0.8999999762
1971  -8.203  -81.615  -14.657 1.0000000000
823  -10.573  -85.341  -13.447 1.0000000000
857  -21.787  -84.334  -14.855 0.5000000000
147222  -6.793  -79.879  -12.301 1.0000000000
2425  -10.948  -81.227  -14.230 1.0000000000
1527  -14.136  -82.274  -12.569 1.0000000000
135993  -16.680  -86.958  -18.980 0.8999999762
4276  -3.280  -77.098  -0.072 0.6000000238
871  -14.516  -84.737  -19.119 0.8999999762
5626  -3.178  -74.717  -8.871 1.0000000000
2427  -12.629  -80.767  -14.378 1.0000000000
448  -18.401  -86.238  -22.501 0.8000000119
6229  -6.572  -73.849  -7.056 1.0000000000
4909  -1.785  -76.081  -3.401 0.8999999762
886  -14.621  -84.934  -20.298 0.8999999762
895  -14.569  -85.099  -21.195 0.8000000119
3338  -13.376  -79.162  -11.143 1.0000000000
153056  -18.857  -81.017  -17.658 0.8999999762
6785  -7.437  -73.069  -5.075 1.0000000000
6181  -1.689  -73.825  -3.465 1.0000000000
5598  -11.887  -74.401  -6.868 1.0000000000
4390  -12.891  -76.419  -8.710 1.0000000000
4433  -6.993  -76.212  -12.969 1.0000000000
151873  -16.200  -76.493  -14.954 1.0000000000
152362  -14.658  -74.346  -8.560 1.0000000000
8027  -8.469  -70.845  -2.580 1.0000000000
8007  -9.109  -70.105  -2.307 1.0000000000
8003  -1.632  -69.715  -2.678 1.0000000000
8010  -11.787  -70.124  -2.208 1.0000000000
6256  -9.989  -72.679  -9.993 1.0000000000
147953  -10.996  -71.569  -9.289 1.0000000000
6270  -5.950  -73.595  -10.576 1.0000000000
6835  -8.327  -72.344  -9.426 1.0000000000
6833  -6.577  -72.615  -9.566 1.0000000000
7385  -14.929  -71.257  -4.869 1.0000000000
6836  -9.337  -72.115  -9.372 1.0000000000
7415  -10.651  -71.032  -8.469 1.0000000000
8069  -13.763  -70.233  -6.776 1.0000000000
10016  -2.602  -67.898  -0.773 0.8000000119
9391  -2.155  -67.804  -3.716 1.0000000000
8783  -7.512  -70.371  -8.855 1.0000000000
9418  -9.879  -68.296  -5.313 1.0000000000
11478  -12.938  -65.693  -6.440 1.0000000000
8801  -4.987  -69.774  -9.986 1.0000000000
137390  -5.861  -70.244  -9.533 1.0000000000
8802  -6.733  -69.955  -9.562 1.0000000000
8804  -8.982  -68.982  -9.313 1.0000000000
10795  -10.888  -66.439  -7.040 1.0000000000
9429  -5.758  -67.625  -5.982 1.0000000000
9430  -6.548  -67.662  -5.901 1.0000000000
10081  -10.240  -68.066  -6.220 1.0000000000
10140  -12.185  -66.932  -9.065 1.0000000000
9490  -7.605  -68.563  -10.753 1.0000000000
10137  -9.865  -67.747  -10.064 1.0000000000
9471  -11.010  -67.909  -8.904 1.0000000000
12190  -8.145  -64.896  -6.732 1.0000000000
9599  -3.302  -68.799  -17.848 0.6000000238
13589  -11.441  -62.892  -2.731 1.0000000000
15129  -12.755  -60.556  -3.134 1.0000000000
11550  -3.126  -65.663  -12.591 1.0000000000
13626  -2.650  -63.076  -6.072 0.8000000119
13627  -3.481  -62.789  -6.575 0.8000000119
15945  -14.837  -59.076  -5.621 1.0000000000
144154  -13.096  -59.131  -6.972 1.0000000000
16716  -14.609  -58.742  -4.895 1.0000000000
15981  -5.105  -59.438  -8.273 1.0000000000
16724  -15.103  -58.436  -5.545 1.0000000000
16737  -15.521  -58.155  -6.238 1.0000000000
16758  -15.655  -58.197  -7.008 1.0000000000
16771  -15.341  -58.000  -7.788 1.0000000000
17565  -13.084  -57.945  -8.849 1.0000000000
12970  -3.764  -63.385  -13.295 1.0000000000
13598  -2.196  -62.453  -4.087 0.6999999881
16696  -10.156  -58.480  -3.548 1.0000000000
20102  -17.338  -54.703  -10.443 1.0000000000
15147  -3.682  -59.890  -5.229 0.8000000119
17602  -4.057  -57.805  -12.216 0.8999999762
136749  -7.916  -57.670  -3.949 0.8999999762
17505  -9.240  -57.331  -4.232 1.0000000000
18312  -8.364  -56.348  -4.992 0.8999999762
21922  -18.910  -52.060  -11.973 1.0000000000
20956  -11.251  -53.897  -10.712 1.0000000000
24746  -21.489  -49.199  -12.741 1.0000000000
23758  -19.718  -50.062  -9.003 0.8000000119
24745  -20.301  -49.886  -12.791 1.0000000000
20896  -13.018  -53.757  -7.623 1.0000000000
25671  -22.701  -48.861  -9.786 0.8000000119
142932  -8.265  -51.927  -9.643 1.0000000000
20045  -10.478  -53.757  -7.441 0.8999999762
20893  -10.369  -52.915  -8.082 0.8000000119
22780  -12.488  -51.032  -8.983 0.8999999762
135510  -19.640  -46.812  -8.878 0.6999999881
142346  -7.945  -54.064  -7.175 0.6999999881
26605  -19.110  -47.218  -8.311 0.6000000238
28572  -19.527  -45.731  -14.847 1.0000000000
140942  -28.286  -45.250  -9.104 0.6000000238
151294  -28.384  -45.405  -10.086 0.6000000238
150394  -28.050  -45.208  -7.215 0.4000000060
28517  -28.516  -45.844  -10.621 0.6999999881
28528  -28.956  -45.696  -12.571 0.8000000119
136715  -6.555  -49.514  -11.520 0.8999999762
132622  -18.359  -44.731  -15.723 1.0000000000
30479  -28.797  -44.561  -13.055 0.6000000238
26716  -8.065  -48.067  -14.224 0.6000000238
28583  -17.504  -45.649  -15.387 1.0000000000
127599  -28.225  -44.080  -9.009 0.5000000000
31353  -27.431  -42.552  -7.717 0.3000000119
143335  -7.869  -47.212  -13.888 0.6000000238
143331  -20.165  -42.211  -15.773 1.0000000000
33146  -27.421  -40.792  -14.068 0.4000000060
139411  -26.809  -41.091  -14.603 0.6000000238
27637  -10.692  -45.911  -12.863 0.8999999762
134128  -14.450  -41.426  -16.537 0.8000000119
33170  -17.727  -40.895  -16.853 0.8999999762
33168  -12.586  -39.496  -15.913 0.6999999881
33162  -24.396  -40.548  -15.782 0.8000000119
33163  -25.319  -40.327  -15.535 0.6000000238
33172  -19.945  -40.120  -16.660 0.8999999762
140292  -9.394  -42.811  -15.178 0.6999999881
33186  -14.287  -39.850  -17.177 0.8000000119
34804  -23.074  -39.118  -16.513 0.6999999881
127988  -19.991  -38.653  -17.641 0.6000000238
136245  -21.088  -39.018  -17.228 0.6999999881
34824  -22.323  -38.694  -16.889 0.6999999881
129796  -6.078  -84.232  -8.817 0.6999999881
539  -7.850  -84.878  -8.186 0.8000000119
151498  -8.270  -85.380  -7.920 0.8000000119
194  -9.981  -86.159  -8.761 0.8000000119
195  -10.047  -86.707  -8.184 0.8000000119
47  -9.967  -87.188  -7.221 0.8000000119
88  -9.845  -87.950  -9.373 0.8000000119
63  -12.438  -86.896  -8.212 0.6000000238
3777  -4.079  -77.627  -6.036 0.8000000119
131256  -2.996  -70.433  -16.045 0.6999999881
146125  -2.747  -64.144  -16.403 0.6000000238
135968  -2.922  -65.721  -17.057 0.6999999881
16816  -3.362  -58.845  -13.949 0.8000000119
16817  -4.190  -58.826  -14.220 0.5000000000
17620  -4.374  -57.836  -12.958 0.8000000119
16805  -3.845  -58.484  -13.522 0.8000000119
18413  -5.186  -56.127  -12.142 0.8000000119
18414  -5.786  -56.255  -12.439 0.8000000119
19288  -6.050  -55.433  -12.806 0.8000000119
19165  -4.664  -55.010  -6.075 0.6999999881
20124  -5.513  -54.678  -12.970 0.8000000119
20141  -6.749  -54.352  -13.367 0.6000000238
20142  -7.773  -54.673  -13.172 0.6000000238
20127  -8.634  -55.430  -12.750 0.5000000000
149595  -7.293  -53.807  -13.619 0.6000000238
147439  -7.394  -52.919  -14.076 0.5000000000
143334  -7.062  -54.917  -6.590 0.6999999881
25665  -16.318  -48.694  -10.094 0.8000000119
24707  -17.407  -48.975  -10.213 0.8000000119
27594  -20.917  -46.454  -9.999 0.6999999881
23844  -5.827  -50.479  -13.583 0.6999999881
25772  -8.861  -48.398  -15.302 0.6000000238
30521  -18.681  -43.878  -15.822 1.0000000000
29561  -16.517  -44.928  -15.656 1.0000000000
32288  -27.906  -41.540  -13.686 0.4000000060
32334  -20.070  -41.411  -15.915 1.0000000000
27673  -9.117  -46.374  -15.688 0.6000000238
31461  -10.186  -42.288  -16.140 0.6000000238
33159  -11.315  -39.807  -15.507 0.6999999881
29557  -8.696  -44.132  -14.559 0.6000000238
29558  -9.205  -44.521  -15.332 0.6000000238
33965  -24.625  -39.623  -15.928 0.6000000238
33966  -25.411  -39.475  -15.655 0.6000000238
30500  -8.913  -43.078  -14.486 0.6999999881
31449  -9.425  -42.325  -14.704 0.6999999881
133288  -24.015  -39.116  -16.306 0.6000000238
136092  -9.232  -42.578  -14.272 0.6999999881
35702  -13.087  -37.464  -17.693 0.5000000000
34822  -20.785  -38.435  -17.639 0.6000000238
34823  -21.601  -38.512  -17.294 0.6000000238
36637  -18.820  -36.834  -18.941 0.5000000000
36653  -16.248  -36.048  -19.192 0.3000000119
12286  -2.800  -64.976  -16.723 0.6999999881
370  -9.642  -86.036  -9.490 0.8999999762
150016  -10.114  -87.079  -7.793 0.8000000119
60  -10.539  -87.655  -7.724 0.8000000119
48  -10.866  -87.769  -6.959 0.8000000119
152122  -11.100  -88.095  -8.980 0.8000000119
38  -11.304  -87.639  -6.526 0.6999999881
49  -11.499  -87.898  -7.123 0.6999999881
100  -9.822  -88.066  -10.156 0.8000000119
86  -8.981  -87.386  -10.422 0.8999999762
89  -11.065  -88.255  -9.679 0.8000000119
152884  -10.303  -88.108  -9.749 0.8000000119
140467  -12.862  -88.310  -10.211 0.8000000119
91  -13.635  -87.437  -9.742 0.8000000119
77  -13.058  -86.923  -8.933 0.6999999881
1  -10.797  -88.638  -11.264 0.8999999762
0  -11.998  -88.383  -9.943 0.8000000119
146800  -4.060  -83.784  -7.860 0.6999999881
768  -4.663  -84.006  -8.278 0.6000000238
794  -7.023  -83.542  -10.162 1.0000000000
528  -7.887  -85.175  -7.739 0.8000000119
770  -7.045  -84.396  -8.748 0.8000000119
51  -13.813  -86.521  -7.483 0.6000000238
64  -13.470  -86.591  -8.177 0.6000000238
127443  -15.183  -87.411  -8.897 0.6999999881
79  -15.641  -88.074  -8.201 0.5000000000
11  -15.333  -88.107  -11.343 0.6999999881
17  -14.354  -88.847  -12.422 0.8000000119
1501  -3.704  -83.121  -10.090 0.8999999762
128847  -3.497  -81.105  -10.179 0.8000000119
1097  -7.961  -82.715  -10.786 1.0000000000
1111  -8.550  -82.796  -11.433 1.0000000000
138898  -11.805  -87.106  -7.484 0.6000000238
93  -16.034  -88.086  -9.550 0.6999999881
137936  -17.006  -88.161  -10.997 0.6999999881
6  -11.098  -89.036  -12.189 1.0000000000
23  -14.127  -88.979  -13.191 0.8999999762
16  -13.433  -89.013  -12.636 0.8999999762
27  -12.576  -89.000  -13.907 1.0000000000
18  -15.237  -88.453  -12.241 0.8000000119
25  -16.163  -88.325  -13.550 0.8000000119
3793  -4.570  -77.423  -6.934 0.8000000119
4349  -4.981  -76.951  -6.127 0.6000000238
146400  -5.868  -77.587  -7.947 0.6999999881
3821  -5.541  -77.966  -8.556 0.8999999762
1921  -2.940  -81.579  -8.323 0.6999999881
2392  -2.968  -80.701  -12.091 0.8999999762
1099  -9.313  -83.166  -11.317 1.0000000000
95  -18.298  -88.168  -9.608 0.6000000238
106  -18.391  -88.150  -10.449 0.6000000238
8  -12.397  -89.043  -11.538 0.8000000119
138093  -11.867  -88.946  -12.062 1.0000000000
114  -17.389  -88.146  -11.592 0.6000000238
136507  -19.361  -87.699  -12.344 0.6000000238
31  -16.064  -88.313  -14.112 0.8000000119
130  -17.655  -88.251  -13.936 0.6999999881
138  -17.228  -87.982  -14.750 0.8000000119
2822  -5.054  -79.072  -9.434 0.8999999762
1110  -7.393  -82.973  -11.600 1.0000000000
367  -9.246  -85.520  -8.085 0.8000000119
133  -10.882  -87.930  -13.901 1.0000000000
30  -15.572  -88.296  -14.510 0.8999999762
131  -18.587  -87.903  -14.059 0.6999999881
402  -18.330  -85.912  -15.774 0.8000000119
225  -18.992  -87.371  -14.502 0.6999999881
134453  -15.679  -87.877  -16.310 0.8999999762
150  -16.542  -87.761  -16.163 0.8999999762
242  -17.008  -87.109  -16.659 0.8999999762
151  -17.265  -87.453  -15.961 0.8999999762
410  -18.045  -85.874  -16.524 0.8000000119
3302  -4.334  -78.987  -9.690 0.8999999762
3806  -4.098  -77.786  -7.787 0.8999999762
2831  -2.364  -79.518  -11.214 0.8999999762
2833  -4.119  -79.538  -9.823 0.8999999762
1119  -5.400  -83.355  -13.659 1.0000000000
1525  -5.003  -82.847  -14.084 1.0000000000
1140  -6.384  -83.556  -14.912 1.0000000000
1534  -4.849  -82.232  -14.276 1.0000000000
1969  -6.095  -81.822  -14.736 1.0000000000
833  -7.533  -84.322  -15.155 1.0000000000
1958  -4.072  -81.562  -13.552 0.8999999762
811  -7.770  -83.975  -13.387 1.0000000000
2880  -3.564  -80.249  -13.233 0.8999999762
2391  -2.588  -79.926  -12.327 0.8999999762
132410  -8.366  -85.367  -12.968 1.0000000000
836  -10.209  -84.987  -14.619 1.0000000000
381  -8.508  -86.428  -12.904 1.0000000000
597  -9.666  -85.597  -14.079 1.0000000000
1641  -9.262  -82.297  -20.767 0.6000000238
1215  -7.742  -82.492  -19.690 0.5000000000
1198  -8.900  -83.171  -19.457 0.6999999881
142804  -10.564  -83.253  -20.321 0.6999999881
218  -10.201  -87.690  -13.274 1.0000000000
1626  -10.872  -83.098  -20.668 0.8000000119
1219  -11.158  -83.367  -20.155 0.8000000119
1645  -13.070  -82.575  -21.613 0.8000000119
2091  -12.303  -81.894  -21.627 0.8000000119
2117  -13.515  -81.017  -23.105 0.6999999881
601  -19.761  -84.919  -14.662 0.6999999881
842  -20.956  -83.808  -14.296 0.6000000238
611  -20.398  -84.552  -15.506 0.6999999881
412  -19.795  -85.257  -16.922 0.8000000119
142348  -3.821  -77.551  -4.022 0.6999999881
3792  -3.418  -77.916  -6.667 0.8999999762
146416  -2.204  -78.404  -8.170 0.8999999762
131390  -2.590  -78.221  -6.761 0.8999999762
2385  -3.813  -80.194  -10.174 0.8999999762
2423  -8.939  -81.356  -14.115 1.0000000000
149186  -1.581  -78.265  -11.080 0.8999999762
3350  -2.058  -78.801  -12.194 0.8999999762
383  -10.258  -87.060  -13.312 1.0000000000
219  -10.695  -87.561  -13.592 1.0000000000
143057  -11.238  -87.272  -13.749 1.0000000000
584  -12.963  -85.734  -12.730 1.0000000000
609  -13.265  -85.569  -15.748 0.8999999762
859  -13.567  -85.247  -16.664 0.8999999762
409  -12.895  -86.557  -16.708 0.8999999762
147  -13.125  -87.644  -15.965 1.0000000000
2088  -9.678  -81.400  -21.118 0.6000000238
2089  -10.620  -81.700  -21.130 0.6999999881
2529  -10.594  -80.552  -21.302 0.8000000119
2540  -9.640  -79.966  -22.152 0.5000000000
2983  -10.241  -79.965  -21.672 0.5000000000
2985  -11.936  -79.327  -21.458 0.5000000000
2531  -12.518  -79.790  -21.404 0.6000000238
2119  -14.880  -82.008  -23.956 0.8000000119
148  -14.210  -87.317  -17.031 0.8999999762
285  -20.521  -86.618  -19.253 0.8000000119
308  -20.140  -86.564  -20.807 0.8000000119
270  -20.252  -86.458  -18.612 0.8000000119
244  -21.699  -86.691  -16.821 0.6999999881
257  -21.347  -86.736  -17.650 0.6999999881
271  -21.139  -86.738  -18.558 0.6999999881
272  -21.915  -87.102  -18.176 0.6000000238
3722  -3.806  -77.407  -2.506 0.8000000119
2403  -4.238  -80.862  -13.728 0.8999999762
2420  -5.626  -81.026  -14.287 1.0000000000
2422  -8.125  -81.123  -14.051 1.0000000000
3351  -3.073  -78.884  -12.688 1.0000000000
824  -11.186  -84.822  -12.749 1.0000000000
803  -13.053  -84.573  -11.523 1.0000000000
572  -13.211  -85.186  -11.947 1.0000000000
623  -13.061  -85.950  -17.269 0.8999999762
425  -13.043  -86.071  -18.041 0.8999999762
148834  -13.687  -87.038  -17.290 0.8999999762
265  -14.414  -87.022  -18.632 0.8999999762
2987  -13.103  -79.258  -21.648 0.5000000000
126684  -14.388  -78.712  -23.104 0.5000000000
2997  -14.018  -78.920  -22.393 0.5000000000
3003  -14.464  -79.310  -23.097 0.6000000238
2128  -14.862  -81.729  -24.620 0.6999999881
1674  -15.325  -82.247  -24.495 0.6999999881
1668  -15.965  -82.589  -23.958 0.6999999881
283  -18.040  -86.870  -19.718 0.8000000119
2869  -5.280  -79.559  -12.897 1.0000000000
2882  -6.251  -79.953  -13.027 1.0000000000
2406  -7.508  -80.813  -13.506 1.0000000000
815  -14.354  -84.353  -12.007 0.8999999762
2073  -15.427  -81.756  -21.074 0.8999999762
129460  -13.304  -85.901  -18.890 0.8999999762
2565  -14.680  -80.107  -24.112 0.5000000000
2566  -14.923  -80.317  -24.896 0.5000000000
141865  -16.297  -86.975  -19.634 0.8999999762
1272  -16.691  -83.333  -25.433 0.6999999881
128992  -15.744  -80.845  -25.718 0.5000000000
299  -21.439  -86.671  -20.276 0.6999999881
2399  -8.984  -80.733  -12.490 1.0000000000
2871  -7.559  -79.994  -12.062 1.0000000000
2400  -9.917  -80.809  -12.449 1.0000000000
1521  -14.458  -82.961  -11.939 1.0000000000
1115  -13.808  -83.504  -11.673 0.8999999762
840  -15.610  -84.391  -14.103 0.8999999762
3740  -2.641  -77.723  -3.596 0.8000000119
5609  -4.142  -73.880  -7.835 1.0000000000
5611  -5.994  -74.138  -7.724 1.0000000000
4337  -1.519  -76.952  -5.113 0.8999999762
4974  -5.984  -75.014  -8.853 1.0000000000
5627  -4.312  -74.383  -8.473 1.0000000000
152289  -2.287  -77.538  -11.494 1.0000000000
131275  -11.191  -80.365  -11.770 1.0000000000
130342  -4.957  -77.561  -11.432 1.0000000000
3334  -6.159  -78.663  -11.636 1.0000000000
2876  -12.807  -79.903  -13.005 1.0000000000
2466  -7.116  -80.893  -17.106 0.6999999881
143330  -7.641  -81.326  -17.442 0.6999999881
2911  -7.399  -78.993  -16.173 0.6999999881
2019  -8.210  -81.708  -17.651 0.6999999881
2472  -15.553  -80.171  -17.844 0.8999999762
2906  -2.292  -79.161  -16.188 0.6999999881
2060  -14.936  -81.858  -19.952 0.8999999762
2062  -16.288  -81.193  -20.167 0.8999999762
2532  -17.830  -80.927  -20.917 0.8999999762
1596  -18.499  -82.431  -18.752 0.8999999762
142082  -17.880  -83.090  -20.232 0.8999999762
897  -15.934  -83.733  -21.703 0.8000000119
138799  -14.593  -86.009  -21.008 0.8999999762
1246  -16.024  -83.530  -23.187 0.8000000119
907  -15.570  -84.201  -22.398 0.8000000119
651  -16.139  -84.936  -24.075 0.6999999881
913  -15.486  -84.700  -23.284 0.8000000119
458  -17.769  -86.103  -23.145 0.8000000119
296  -18.439  -86.866  -20.438 0.8000000119
1283  -17.162  -82.937  -26.085 0.5000000000
662  -18.368  -84.471  -24.757 0.6000000238
316  -19.675  -86.309  -21.959 0.8000000119
317  -20.347  -86.330  -21.637 0.6999999881
930  -18.480  -83.833  -25.382 0.5000000000
139516  -19.039  -84.922  -24.562 0.6999999881
466  -18.929  -85.422  -23.901 0.6999999881
142901  -18.065  -83.171  -26.131 0.5000000000
468  -20.384  -85.504  -23.503 0.6000000238
139201  -20.773  -86.144  -22.447 0.6000000238
469  -21.250  -85.497  -23.472 0.5000000000
320  -22.879  -86.265  -21.902 0.4000000060
4858  -2.534  -76.168  0.108 0.8000000119
4305  -2.383  -77.165  -2.275 0.8000000119
4975  -6.916  -75.178  -8.657 1.0000000000
4934  -1.622  -75.837  -5.264 0.8999999762
5592  -1.877  -74.784  -6.418 1.0000000000
148358  -1.233  -76.281  -7.057 0.8999999762
5003  -3.992  -75.734  -10.118 1.0000000000
4419  -6.493  -76.798  -10.207 1.0000000000
2835  -9.275  -79.641  -10.600 1.0000000000
147155  -11.713  -80.144  -11.846 1.0000000000
2886  -15.749  -79.649  -13.478 1.0000000000
2877  -13.641  -79.651  -12.648 1.0000000000
152936  -17.153  -82.740  -13.722 0.8999999762
2473  -16.662  -80.057  -17.945 0.8999999762
2952  -18.370  -79.572  -17.157 0.8999999762
2933  -17.601  -78.889  -16.725 0.8999999762
1188  -17.051  -83.642  -18.576 0.8999999762
4840  -2.342  -75.436  0.701 0.6000000238
152152  -6.848  -73.137  -5.490 1.0000000000
152328  -6.153  -73.557  -6.715 1.0000000000
6796  -3.412  -72.752  -6.153 1.0000000000
4977  -8.701  -75.648  -8.231 1.0000000000
5613  -9.630  -74.822  -7.139 1.0000000000
4404  -10.430  -77.128  -8.770 1.0000000000
4388  -10.983  -76.543  -8.305 1.0000000000
141889  -6.936  -77.543  -10.419 1.0000000000
3844  -7.740  -77.766  -10.121 1.0000000000
3316  -10.738  -79.181  -9.926 1.0000000000
3303  -10.315  -78.510  -9.510 1.0000000000
5515  -2.014  -74.454  -0.085 0.6999999881
6775  -9.191  -72.716  -4.308 1.0000000000
5596  -10.066  -74.451  -6.551 1.0000000000
4979  -10.516  -75.872  -7.983 1.0000000000
3306  -12.822  -77.833  -9.494 1.0000000000
3304  -11.248  -78.584  -9.503 1.0000000000
3361  -15.818  -78.867  -13.095 1.0000000000
3395  -13.194  -77.668  -17.351 1.0000000000
3914  -2.687  -78.050  -14.903 0.6999999881
6215  -11.445  -73.890  -6.194 1.0000000000
5632  -13.055  -75.169  -8.004 1.0000000000
4477  -13.124  -76.459  -14.464 1.0000000000
4466  -16.974  -76.603  -13.748 1.0000000000
3920  -15.048  -76.716  -15.713 1.0000000000
146707  -16.270  -77.314  -16.020 1.0000000000
6732  -3.781  -72.602  -0.256 0.6000000238
5013  -8.272  -75.365  -11.991 1.0000000000
3888  -7.269  -77.073  -14.046 1.0000000000
3383  -18.378  -78.105  -15.256 1.0000000000
7296  -3.894  -71.984  1.062 0.5000000000
8022  -3.251  -70.246  -4.215 1.0000000000
7375  -11.281  -71.925  -3.790 1.0000000000
6233  -15.483  -73.087  -8.144 1.0000000000
6840  -15.817  -72.334  -9.318 1.0000000000
5634  -15.290  -73.813  -8.834 1.0000000000
6839  -13.460  -71.976  -10.455 1.0000000000
7437  -14.846  -71.451  -9.735 1.0000000000
6280  -15.515  -73.401  -10.405 1.0000000000
5642  -15.050  -74.891  -10.077 1.0000000000
5675  -13.688  -73.942  -12.071 1.0000000000
4428  -15.142  -75.873  -11.657 1.0000000000
4464  -15.275  -76.085  -13.035 1.0000000000
4456  -6.759  -76.597  -13.606 1.0000000000
7297  -5.025  -71.483  0.805 0.6000000238
7318  -4.807  -71.739  -0.316 0.6000000238
7330  -1.862  -71.832  -1.726 1.0000000000
138719  -2.521  -69.726  -3.960 1.0000000000
5016  -11.458  -74.890  -12.104 1.0000000000
5017  -12.202  -74.756  -12.323 1.0000000000
7308  -5.442  -71.371  0.212 0.6000000238
8730  -3.349  -69.301  -3.689 1.0000000000
7979  -2.221  -70.107  -0.854 0.8000000119
8080  -15.243  -70.955  -8.172 1.0000000000
6838  -12.674  -71.942  -10.092 1.0000000000
7418  -14.465  -71.053  -8.942 1.0000000000
7435  -12.524  -71.402  -9.476 1.0000000000
8732  -6.894  -69.119  -3.007 1.0000000000
7358  -13.722  -71.208  -3.508 1.0000000000
7386  -15.304  -71.186  -5.621 1.0000000000
8071  -15.431  -70.845  -6.616 1.0000000000
7434  -11.772  -71.360  -9.260 1.0000000000
8079  -13.973  -70.632  -7.914 1.0000000000
7401  -12.703  -70.663  -8.100 1.0000000000
138525  -9.777  -71.744  -9.169 1.0000000000
7396  -8.266  -70.681  -8.305 1.0000000000
138218  -3.847  -69.893  -0.536 0.8000000119
9373  -3.941  -68.709  -3.679 1.0000000000
9336  -2.138  -68.647  -0.747 1.0000000000
8728  -1.710  -69.054  -2.895 1.0000000000
9397  -8.823  -68.348  -4.172 1.0000000000
9358  -11.620  -68.810  -2.705 1.0000000000
9356  -1.661  -68.351  -2.251 1.0000000000
10047  -1.765  -67.363  -2.569 1.0000000000
8718  -13.015  -69.337  -2.472 1.0000000000
8736  -13.821  -69.143  -2.844 1.0000000000
6815  -7.589  -71.728  -8.775 1.0000000000
8059  -15.160  -69.922  -5.715 1.0000000000
8763  -14.765  -69.621  -6.312 1.0000000000
9453  -13.400  -68.123  -8.059 1.0000000000
11477  -11.807  -66.034  -6.834 1.0000000000
10098  -6.963  -67.263  -6.674 1.0000000000
132748  -10.995  -68.333  -4.118 1.0000000000
127450  -13.634  -68.043  -4.183 1.0000000000
9401  -12.804  -67.944  -4.715 1.0000000000
9420  -12.020  -67.938  -5.458 1.0000000000
10069  -14.446  -67.795  -4.698 1.0000000000
10085  -14.904  -67.352  -5.501 1.0000000000
8075  -4.845  -70.826  -9.406 1.0000000000
8800  -4.357  -70.207  -9.980 1.0000000000
8095  -4.161  -70.702  -9.896 1.0000000000
148183  -2.837  -70.682  -10.859 1.0000000000
10812  -10.176  -66.055  -7.241 1.0000000000
9419  -10.604  -68.245  -5.535 1.0000000000
10099  -8.603  -67.604  -6.486 1.0000000000
14438  -3.594  -61.714  -9.179 1.0000000000
148481  -3.325  -62.249  -9.508 1.0000000000
12203  -14.336  -64.844  -7.359 1.0000000000
10155  -3.854  -67.250  -10.516 1.0000000000
138814  -4.774  -67.868  -10.634 1.0000000000
8803  -7.550  -69.754  -9.531 1.0000000000
8817  -3.224  -69.574  -10.497 1.0000000000
12098  -7.725  -65.279  -0.299 0.5000000000
12116  -6.710  -64.971  -1.793 0.6000000238
11489  -6.940  -65.426  -7.560 1.0000000000
12188  -6.336  -63.960  -6.946 1.0000000000
11463  -13.319  -64.466  -6.332 1.0000000000
12179  -12.834  -64.245  -5.963 1.0000000000
12202  -13.946  -64.210  -7.085 1.0000000000
140217  -6.326  -62.980  -10.790 1.0000000000
11519  -4.785  -65.111  -10.498 1.0000000000
12244  -7.971  -64.320  -11.509 1.0000000000
13672  -8.739  -61.851  -11.088 1.0000000000
9466  -5.933  -69.285  -10.206 1.0000000000
9489  -6.582  -68.418  -10.825 1.0000000000
8838  -2.755  -69.232  -11.722 1.0000000000
8186  -3.139  -69.894  -16.687 0.6000000238
136700  -6.272  -64.685  -1.253 0.5000000000
11438  -6.127  -65.070  -3.029 0.6999999881
10808  -6.650  -66.263  -7.492 1.0000000000
12145  -11.302  -64.409  -3.595 1.0000000000
15979  -3.238  -59.497  -8.320 1.0000000000
15181  -2.725  -60.955  -9.407 1.0000000000
149651  -6.733  -61.161  -10.533 1.0000000000
148899  -6.769  -60.347  -9.766 1.0000000000
12890  -12.606  -63.617  -6.009 1.0000000000
12897  -12.984  -63.241  -6.963 1.0000000000
13673  -9.560  -62.082  -10.818 1.0000000000
145710  -9.701  -62.848  -10.953 1.0000000000
12231  -11.308  -64.649  -9.967 1.0000000000
145407  -2.655  -67.649  -12.063 1.0000000000
9519  -2.863  -67.821  -12.888 1.0000000000
12187  -3.174  -64.656  -6.891 1.0000000000
10760  -5.698  -65.326  -3.550 0.8000000119
10805  -3.704  -66.124  -7.254 1.0000000000
12846  -10.916  -63.244  -2.260 1.0000000000
14451  -2.565  -61.558  -9.932 1.0000000000
12889  -11.543  -62.910  -5.672 1.0000000000
13638  -12.350  -62.794  -7.570 1.0000000000
13674  -10.299  -62.453  -10.452 1.0000000000
13675  -11.069  -62.536  -9.716 1.0000000000
12905  -13.064  -63.170  -7.854 1.0000000000
12877  -2.228  -63.539  -4.958 0.8000000119
12159  -3.636  -64.704  -5.014 0.8999999762
12844  -9.622  -63.552  -2.024 1.0000000000
14387  -11.803  -62.167  -2.917 1.0000000000
15172  -7.475  -60.041  -8.530 1.0000000000
13612  -11.638  -62.393  -4.430 1.0000000000
133614  -2.786  -61.355  -10.761 1.0000000000
15159  -8.551  -60.184  -7.449 1.0000000000
15966  -7.480  -59.273  -7.459 1.0000000000
14406  -11.216  -61.801  -4.855 1.0000000000
15150  -12.668  -60.744  -4.465 1.0000000000
15155  -10.091  -60.437  -6.386 1.0000000000
15951  -10.797  -59.857  -6.382 1.0000000000
146267  -10.420  -60.951  -5.867 1.0000000000
14428  -10.068  -61.520  -8.382 1.0000000000
10234  -3.440  -66.956  -15.107 0.8999999762
137450  -8.172  -61.397  -2.076 1.0000000000
144290  -11.019  -58.642  -8.008 1.0000000000
16736  -10.036  -59.670  -6.820 1.0000000000
16753  -10.104  -58.983  -7.470 1.0000000000
153318  -3.466  -62.075  -12.384 1.0000000000
14415  -8.831  -60.716  -7.900 1.0000000000
15952  -11.625  -59.952  -5.815 1.0000000000
15970  -13.714  -59.233  -6.732 1.0000000000
15954  -14.278  -59.491  -6.019 1.0000000000
15950  -9.388  -59.976  -6.817 1.0000000000
144246  -14.291  -58.972  -6.897 1.0000000000
148972  -14.206  -58.618  -7.586 1.0000000000
16769  -13.671  -58.307  -8.180 1.0000000000
12254  -3.045  -64.934  -12.269 1.0000000000
15907  -11.372  -60.022  -2.466 1.0000000000
15916  -7.180  -59.782  -2.790 1.0000000000
15920  -12.094  -59.509  -2.873 1.0000000000
17548  -6.879  -58.112  -7.541 1.0000000000
138933  -9.492  -58.078  -8.274 1.0000000000
17563  -10.751  -57.986  -8.721 1.0000000000
16735  -9.292  -59.357  -7.063 1.0000000000
15969  -12.448  -59.279  -6.856 1.0000000000
145317  -12.351  -59.676  -6.174 1.0000000000
17564  -12.225  -58.066  -8.798 1.0000000000
131835  -14.830  -57.638  -8.622 1.0000000000
12962  -3.306  -63.459  -12.341 1.0000000000
12266  -3.633  -64.795  -15.089 1.0000000000
13609  -1.928  -62.806  -4.862 0.6999999881
14401  -3.908  -61.193  -6.064 0.8000000119
15905  -9.169  -59.871  -2.675 1.0000000000
15919  -10.921  -59.169  -3.073 1.0000000000
16714  -13.445  -58.765  -3.851 1.0000000000
15996  -2.898  -59.168  -10.150 0.8999999762
17509  -14.017  -58.382  -4.498 1.0000000000
134153  -3.429  -59.884  -11.862 1.0000000000
15946  -15.195  -58.706  -6.048 1.0000000000
14488  -3.546  -61.681  -13.201 1.0000000000
13707  -3.714  -62.496  -13.739 1.0000000000
12979  -3.856  -63.257  -14.227 1.0000000000
138994  -3.790  -64.042  -14.669 1.0000000000
14383  -2.306  -61.676  -3.971 0.6999999881
16693  -6.877  -58.994  -3.240 1.0000000000
16709  -7.325  -58.234  -3.576 1.0000000000
17574  -2.815  -57.781  -9.727 0.8999999762
17560  -8.282  -57.475  -8.315 1.0000000000
18319  -15.028  -57.285  -5.807 1.0000000000
128646  -17.190  -55.029  -7.500 1.0000000000
18335  -16.159  -56.844  -6.777 1.0000000000
17551  -15.969  -57.631  -7.530 1.0000000000
19212  -17.390  -55.564  -7.935 1.0000000000
18386  -16.300  -56.266  -9.243 1.0000000000
17568  -16.294  -57.090  -8.058 1.0000000000
17567  -15.669  -57.426  -8.358 1.0000000000
147639  -15.128  -56.943  -9.233 1.0000000000
19234  -18.046  -55.100  -8.460 1.0000000000
149607  -18.592  -54.672  -8.546 1.0000000000
20085  -18.574  -54.880  -9.122 1.0000000000
20923  -19.437  -53.983  -8.691 1.0000000000
20084  -17.910  -55.005  -9.790 1.0000000000
20960  -20.104  -53.501  -10.137 1.0000000000
19252  -16.626  -55.729  -9.682 1.0000000000
19268  -16.186  -55.304  -10.373 1.0000000000
20976  -17.959  -53.565  -11.221 1.0000000000
17521  -12.685  -57.211  -4.951 1.0000000000
131961  -17.099  -54.176  -7.529 1.0000000000
20051  -16.558  -54.653  -7.387 1.0000000000
19213  -18.298  -54.512  -7.996 1.0000000000
18396  -13.152  -56.108  -10.368 1.0000000000
19266  -14.474  -55.500  -10.704 1.0000000000
21892  -20.398  -52.827  -10.625 1.0000000000
152171  -19.907  -52.515  -11.101 1.0000000000
146874  -3.328  -57.311  -5.085 0.6000000238
19208  -3.689  -55.868  -7.679 0.8999999762
18308  -3.462  -56.374  -5.191 0.6000000238
18316  -12.356  -56.491  -5.432 1.0000000000
18333  -14.576  -56.521  -6.090 1.0000000000
20900  -17.698  -53.623  -7.624 1.0000000000
17603  -4.743  -57.079  -12.098 0.8000000119
21852  -20.797  -52.767  -8.971 1.0000000000
138050  -20.289  -52.455  -8.522 1.0000000000
21894  -21.970  -52.150  -10.471 1.0000000000
22834  -22.704  -51.859  -10.121 1.0000000000
21872  -21.863  -52.261  -9.790 1.0000000000
19171  -12.135  -55.898  -5.859 1.0000000000
20031  -12.708  -55.006  -6.598 1.0000000000
19229  -3.068  -54.737  -8.362 0.8999999762
19245  -2.516  -54.922  -8.975 0.8999999762
20033  -14.441  -55.283  -6.678 1.0000000000
19209  -15.264  -55.162  -6.902 1.0000000000
20898  -15.371  -53.832  -7.585 1.0000000000
18403  -3.916  -56.250  -10.840 0.8999999762
19276  -4.121  -55.370  -11.178 0.8999999762
21849  -17.933  -52.258  -7.963 1.0000000000
146462  -16.683  -52.747  -7.928 1.0000000000
21850  -18.781  -52.442  -7.970 1.0000000000
19286  -4.772  -55.310  -11.939 0.8999999762
22787  -19.950  -51.727  -8.363 1.0000000000
23737  -21.152  -51.074  -9.000 1.0000000000
20110  -4.214  -54.538  -11.609 0.8999999762
152468  -11.703  -54.484  -10.798 1.0000000000
135967  -21.295  -52.356  -9.246 1.0000000000
22812  -23.879  -51.279  -9.990 1.0000000000
22862  -23.631  -51.387  -11.008 1.0000000000
23806  -23.708  -50.791  -11.410 1.0000000000
143221  -24.367  -50.610  -11.444 1.0000000000
21906  -16.789  -52.884  -12.244 1.0000000000
131531  -21.912  -47.371  -13.474 1.0000000000
19183  -8.795  -55.225  -6.161 0.8999999762
19168  -9.504  -55.538  -5.604 1.0000000000
19260  -2.671  -55.418  -9.619 0.8999999762
20064  -3.820  -54.360  -7.994 1.0000000000
19275  -3.366  -55.375  -10.393 0.8999999762
20066  -5.934  -54.543  -8.645 1.0000000000
20109  -3.481  -54.531  -10.762 0.8999999762
20081  -7.339  -54.590  -9.520 1.0000000000
23735  -19.381  -50.879  -8.508 1.0000000000
23759  -20.653  -50.198  -9.051 1.0000000000
153160  -3.459  -53.014  -11.068 0.8999999762
17605  -6.667  -58.064  -12.804 0.6000000238
148640  -6.547  -53.165  -9.180 1.0000000000
23763  -24.601  -50.836  -9.978 0.8999999762
19289  -7.437  -56.327  -12.529 0.6000000238
20095  -10.095  -54.640  -10.381 1.0000000000
23754  -15.348  -49.772  -9.930 0.8000000119
25658  -16.525  -48.352  -9.445 0.8000000119
139379  -16.076  -49.305  -10.180 0.8999999762
130322  -16.866  -49.687  -10.028 0.8000000119
21920  -17.143  -52.330  -12.593 1.0000000000
23829  -20.589  -50.407  -12.359 1.0000000000
20029  -10.908  -54.510  -6.777 1.0000000000
20890  -7.561  -53.375  -7.296 0.5000000000
20027  -8.920  -54.428  -6.855 0.6999999881
152734  -9.580  -52.481  -8.048 0.6999999881
22782  -14.567  -51.571  -9.142 1.0000000000
23734  -18.452  -50.998  -8.572 1.0000000000
23756  -17.657  -50.397  -9.268 1.0000000000
22806  -14.025  -50.647  -9.424 0.8999999762
23753  -14.584  -50.012  -9.649 0.8999999762
24681  -14.033  -49.831  -9.377 0.8000000119
24689  -24.218  -49.944  -9.741 0.8000000119
21887  -4.071  -51.973  -10.080 0.8999999762
25659  -17.349  -47.921  -9.187 0.8000000119
26632  -17.844  -47.717  -9.787 0.8000000119
25684  -17.469  -48.370  -10.104 0.8000000119
24684  -16.686  -49.023  -10.299 0.8000000119
23765  -26.320  -50.337  -10.391 0.8000000119
21917  -4.422  -52.263  -12.857 0.8999999762
25686  -19.331  -47.440  -10.046 0.8000000119
25668  -19.743  -48.276  -9.988 0.8000000119
25685  -18.194  -48.447  -10.090 0.8000000119
24708  -18.204  -49.215  -9.867 0.8000000119
24751  -26.121  -49.671  -11.711 0.8999999762
26619  -19.109  -46.919  -9.418 0.6999999881
148334  -18.030  -50.784  -12.976 1.0000000000
140411  -24.297  -47.612  -12.584 1.0000000000
19180  -5.446  -54.429  -6.320 0.5000000000
20918  -12.709  -53.000  -8.262 1.0000000000
23731  -11.304  -50.594  -8.164 0.6999999881
24685  -17.735  -49.631  -9.725 0.8000000119
25669  -20.716  -48.473  -9.814 0.8000000119
25670  -21.701  -48.734  -9.757 0.8000000119
24673  -14.134  -49.282  -9.032 0.8000000119
24656  -13.093  -49.473  -7.983 0.6999999881
26633  -19.364  -46.917  -9.992 0.8000000119
24692  -27.018  -49.909  -10.158 0.8000000119
20140  -5.840  -54.062  -13.436 0.8000000119
24660  -17.195  -48.437  -7.330 0.6000000238
27584  -22.130  -45.981  -10.087 0.6000000238
26621  -21.258  -46.728  -8.674 0.5000000000
27569  -19.969  -46.642  -9.716 0.6999999881
26647  -21.042  -46.924  -10.087 0.8000000119
25688  -21.290  -47.673  -10.101 0.8000000119
21931  -5.874  -52.711  -14.075 0.8000000119
20126  -7.826  -55.618  -12.740 0.6000000238
24767  -19.893  -49.252  -13.226 1.0000000000
28506  -24.989  -45.915  -9.224 0.6000000238
27574  -25.391  -45.957  -8.984 0.5000000000
28515  -23.797  -45.821  -10.055 0.6999999881
27572  -23.696  -45.869  -9.454 0.5000000000
134396  -27.387  -46.930  -12.741 0.8999999762
27643  -20.365  -47.097  -13.913 1.0000000000
26703  -20.742  -47.861  -13.554 1.0000000000
22755  -10.116  -51.249  -8.055 0.6000000238
25690  -23.150  -47.782  -10.261 0.8000000119
138503  -24.791  -48.793  -9.906 0.8000000119
23732  -12.106  -50.334  -8.480 0.6999999881
27597  -23.303  -45.932  -10.371 0.8000000119
139148  -22.630  -46.958  -10.436 0.8000000119
27595  -21.638  -46.336  -10.104 0.8000000119
25673  -25.211  -47.409  -9.912 0.8000000119
25674  -26.458  -47.916  -9.461 0.8000000119
133055  -22.654  -45.863  -9.560 0.6000000238
25708  -27.584  -49.132  -11.507 0.8000000119
21942  -5.875  -51.890  -14.245 0.5000000000
27625  -28.175  -46.905  -12.780 0.8000000119
25745  -19.467  -48.509  -13.495 1.0000000000
28536  -27.361  -46.228  -13.044 0.8999999762
28555  -22.865  -45.849  -13.747 1.0000000000
27663  -20.959  -46.360  -14.276 1.0000000000
26649  -23.436  -46.597  -10.437 0.8000000119
26635  -24.374  -46.562  -10.188 0.6999999881
26636  -25.841  -46.705  -9.476 0.6999999881
27587  -25.185  -46.074  -9.395 0.6999999881
132130  -27.442  -47.129  -9.304 0.6999999881
26651  -27.832  -48.135  -10.226 0.8000000119
26652  -28.427  -48.000  -11.088 0.8000000119
139735  -28.599  -47.339  -11.423 0.8000000119
26623  -23.214  -46.340  -8.912 0.4000000060
26626  -27.167  -47.270  -8.454 0.5000000000
24741  -15.395  -49.494  -12.260 1.0000000000
127014  -16.495  -47.820  -13.360 1.0000000000
26700  -17.176  -47.749  -13.332 1.0000000000
142986  -18.029  -47.767  -13.396 1.0000000000
25744  -18.626  -48.454  -13.409 1.0000000000
137263  -26.117  -45.009  -13.599 0.8999999762
146780  -18.061  -49.114  -13.282 1.0000000000
28585  -19.763  -45.094  -15.123 1.0000000000
29564  -20.031  -44.341  -15.362 1.0000000000
28573  -20.311  -45.660  -14.747 1.0000000000
28521  -28.745  -45.790  -11.239 0.8000000119
28516  -28.276  -45.853  -9.744 0.6999999881
27608  -28.942  -46.262  -12.334 0.8000000119
135199  -27.750  -46.177  -7.926 0.5000000000
29550  -25.786  -44.261  -14.045 0.8999999762
29548  -23.473  -44.222  -14.530 1.0000000000
28507  -28.029  -45.910  -8.796 0.6000000238
28527  -29.127  -45.740  -11.917 0.8000000119
24721  -11.171  -49.245  -10.805 0.8999999762
30493  -27.938  -43.992  -13.506 0.8000000119
25739  -6.466  -48.780  -13.053 0.8999999762
28571  -18.881  -46.107  -14.727 1.0000000000
29469  -28.124  -44.572  -7.388 0.4000000060
127321  -28.098  -45.382  -7.964 0.5000000000
152826  -28.305  -44.692  -9.061 0.6000000238
29498  -28.742  -44.736  -10.873 0.6000000238
30470  -28.265  -43.435  -10.145 0.6000000238
141531  -28.616  -45.327  -10.755 0.6000000238
29510  -29.171  -45.221  -12.449 0.6000000238
134240  -28.972  -44.055  -11.221 0.6000000238
25723  -15.004  -48.147  -12.680 1.0000000000
25701  -7.818  -48.731  -11.742 0.8999999762
148221  -10.492  -48.538  -11.411 0.8999999762
134495  -28.556  -43.775  -13.232 0.6999999881
147168  -18.109  -45.463  -15.459 1.0000000000
25720  -12.472  -48.263  -11.892 1.0000000000
28569  -16.277  -46.184  -14.867 1.0000000000
29562  -17.356  -44.873  -15.855 1.0000000000
138806  -16.559  -44.324  -16.032 1.0000000000
30533  -18.213  -43.222  -16.151 1.0000000000
29565  -20.848  -44.210  -15.461 1.0000000000
145644  -22.879  -43.384  -15.300 1.0000000000
30526  -23.459  -43.563  -14.957 1.0000000000
31436  -24.668  -42.981  -14.907 0.8999999762
152370  -16.520  -43.682  -16.343 1.0000000000
32323  -23.687  -41.566  -15.771 0.8000000119
31352  -27.079  -41.908  -8.543 0.3000000119
31368  -27.470  -42.600  -8.890 0.3000000119
31383  -27.501  -42.506  -9.630 0.4000000060
31398  -28.683  -43.493  -10.773 0.4000000060
152989  -28.267  -42.695  -10.363 0.4000000060
26678  -13.541  -47.708  -12.771 1.0000000000
32275  -29.020  -42.938  -12.515 0.5000000000
32282  -28.661  -42.827  -13.027 0.5000000000
31419  -27.735  -42.561  -13.755 0.6000000238
26672  -7.268  -47.691  -12.844 0.8999999762
26697  -13.753  -47.191  -13.362 1.0000000000
28568  -15.404  -45.753  -14.769 1.0000000000
26694  -7.520  -47.528  -13.200 0.8999999762
31438  -26.298  -42.506  -14.589 0.8999999762
26733  -8.569  -48.021  -14.795 0.6000000238
24784  -8.608  -49.180  -15.136 0.6000000238
29559  -15.194  -44.021  -15.440 1.0000000000
150715  -22.513  -42.090  -16.050 1.0000000000
31468  -20.969  -42.005  -16.205 1.0000000000
32274  -28.806  -42.487  -11.371 0.3000000119
26674  -9.011  -47.363  -12.285 0.8999999762
27639  -12.704  -46.380  -13.148 1.0000000000
26695  -7.745  -46.822  -13.351 0.8000000119
27656  -8.297  -46.550  -14.533 0.6000000238
32336  -22.514  -41.491  -16.204 0.8999999762
33174  -22.156  -40.694  -16.455 0.8999999762
149450  -20.886  -41.195  -16.385 1.0000000000
33161  -23.695  -40.937  -15.929 0.8000000119
145996  -24.882  -41.009  -15.526 0.8000000119
27618  -9.119  -46.667  -12.629 0.8999999762
29529  -13.041  -44.911  -13.637 0.8999999762
30491  -12.683  -44.020  -13.663 0.8999999762
28596  -9.651  -45.309  -16.025 0.6000000238
29569  -9.782  -44.374  -15.906 0.6000000238
32329  -15.224  -41.442  -16.950 0.8000000119
29524  -8.706  -44.594  -13.548 0.8000000119
31451  -14.554  -42.624  -15.790 0.8000000119
33173  -20.439  -40.630  -16.461 1.0000000000
28580  -8.852  -45.167  -15.096 0.6000000238
143692  -9.874  -42.723  -15.839 0.5000000000
33970  -13.501  -39.971  -16.429 0.8000000119
32343  -15.026  -40.688  -17.306 0.8000000119
133194  -13.677  -40.842  -16.154 0.8000000119
32300  -10.973  -40.771  -14.710 0.6999999881
33143  -10.875  -40.196  -15.038 0.6999999881
33158  -10.710  -40.290  -15.466 0.6999999881
32298  -9.830  -41.537  -14.855 0.6999999881
32319  -12.711  -40.236  -15.511 0.8000000119
33160  -11.938  -39.599  -15.535 0.6999999881
33191  -19.130  -40.123  -16.797 0.8999999762
29542  -8.440  -44.259  -13.915 0.6999999881
29526  -9.687  -43.433  -13.570 0.8000000119
33187  -15.379  -40.172  -17.683 0.8000000119
33189  -17.337  -40.271  -17.364 0.8000000119
33989  -22.281  -39.368  -16.627 0.8000000119
30516  -9.169  -43.676  -15.203 0.6999999881
32320  -13.328  -41.315  -15.513 0.8000000119
32287  -10.394  -41.364  -14.415 0.8000000119
33987  -20.476  -39.043  -17.301 0.8000000119
34819  -17.377  -38.978  -18.089 0.6000000238
34821  -19.176  -38.788  -17.703 0.6000000238
33969  -12.924  -38.901  -16.526 0.6999999881
146514  -15.613  -39.012  -18.294 0.6999999881
34838  -18.738  -38.178  -18.207 0.5000000000
34834  -14.934  -38.441  -18.305 0.6999999881
35714  -15.072  -37.566  -18.687 0.5000000000
148545  -20.237  -38.091  -17.943 0.6000000238
35716  -17.371  -37.646  -18.826 0.5000000000
35717  -18.325  -37.575  -18.714 0.5000000000
148208  -15.343  -36.033  -19.020 0.4000000060
36636  -17.885  -36.854  -19.031 0.4000000060
133764  -19.545  -40.738  -16.322 1.0000000000
26634  -20.172  -46.760  -10.043 0.8000000119
35705  -22.330  -37.792  -17.394 0.6000000238
2814  -5.071  -79.536  -9.118 0.6999999881
17604  -5.187  -57.154  -12.479 0.6999999881
150872  -24.574  -38.982  -16.166 0.5000000000
34825  -23.101  -38.195  -16.895 0.5000000000
144662  -23.722  -38.510  -16.598 0.5000000000
35706  -23.369  -37.325  -17.384 0.5000000000
35693  -23.988  -37.761  -16.911 0.5000000000
35704  -21.394  -37.831  -17.793 0.5000000000
35719  -20.183  -37.492  -18.425 0.5000000000
35720  -21.053  -37.266  -18.305 0.5000000000
35721  -21.879  -37.105  -18.012 0.5000000000
36638  -19.729  -36.791  -18.867 0.4000000060
2359  -3.491  -80.847  -8.547 0.6999999881
35703  -20.729  -37.833  -18.058 0.5000000000
515  -7.577  -85.332  -6.317 0.5000000000
503  -7.650  -85.292  -5.178 0.5000000000
493  -8.603  -85.358  -3.719 0.5000000000
356  -7.791  -86.024  -6.540 0.6000000238
144433  -7.792  -85.973  -4.908 0.6000000238
332  -9.070  -85.981  -3.679 0.5000000000
333  -9.777  -85.815  -3.279 0.5000000000
362  -8.557  -86.005  -7.130 0.6000000238
175  -8.911  -86.825  -5.837 0.6000000238
166  -10.065  -86.921  -4.731 0.5000000000
185  -9.360  -87.032  -6.597 0.6000000238
176  -9.765  -87.087  -6.005 0.6999999881
140367  -10.161  -87.137  -5.444 0.5000000000
13004  -2.678  -63.424  -16.978 0.5000000000
13738  -2.704  -62.557  -16.522 0.5000000000
25762  -7.578  -48.838  -14.093 0.5000000000
26750  -9.829  -47.589  -16.661 0.5000000000
28597  -10.309  -45.428  -16.639 0.5000000000
11593  -2.795  -65.193  -17.584 0.5000000000
23846  -7.131  -50.291  -14.325 0.5000000000
22894  -7.272  -51.058  -14.380 0.4000000060
25783  -9.484  -48.210  -16.277 0.5000000000
26749  -9.377  -47.475  -16.165 0.5000000000
17621  -5.432  -58.030  -13.204 0.4000000060
21944  -7.929  -51.881  -14.184 0.4000000060
24780  -7.898  -49.756  -14.588 0.5000000000
355  -7.740  -85.402  -7.118 0.5000000000
366  -8.391  -85.601  -7.593 0.6999999881
134701  -9.439  -85.900  -7.705 0.6999999881
191  -9.366  -86.677  -7.259 0.6999999881
128496  -10.876  -87.208  -5.187 0.5000000000
348  -7.691  -85.768  -5.679 0.6000000238
499  -7.999  -85.373  -4.356 0.6000000238
343  -8.422  -85.927  -4.324 0.6000000238
357  -8.699  -86.381  -6.520 0.6000000238
165  -9.375  -86.969  -5.225 0.6000000238
33183  -10.841  -40.886  -16.680 0.5000000000
33184  -10.944  -40.066  -16.832 0.5000000000
33185  -11.472  -39.679  -17.416 0.5000000000
33982  -11.657  -38.887  -17.049 0.5000000000
136882  -11.753  -39.053  -17.876 0.4000000060
127359  -11.988  -38.391  -17.646 0.4000000060
34803  -12.247  -38.533  -16.983 0.4000000060
34832  -12.179  -37.691  -18.200 0.4000000060
33983  -12.977  -38.186  -17.113 0.4000000060
34815  -12.481  -37.906  -17.599 0.4000000060
35712  -12.334  -37.052  -18.457 0.4000000060
35713  -12.738  -36.803  -18.135 0.4000000060
36632  -12.799  -36.182  -18.565 0.3000000119
36633  -13.523  -35.853  -18.692 0.3000000119
35701  -12.511  -37.291  -17.937 0.4000000060
36652  -14.382  -35.471  -18.920 0.3000000119
32318  -10.163  -40.947  -15.424 0.5000000000
128341  -13.659  -36.820  -18.320 0.3000000119
32328  -10.393  -41.422  -16.189 0.5000000000
33167  -11.052  -39.752  -16.061 0.5000000000
33964  -11.819  -39.163  -16.170 0.5000000000
33166  -10.609  -40.441  -16.077 0.5000000000
151365  -11.379  -40.307  -17.392 0.5000000000
33981  -11.325  -39.409  -16.664 0.5000000000
33199  -11.826  -40.686  -17.937 0.5000000000
35730  -12.260  -36.762  -18.952 0.3000000119
140986  -11.108  -46.863  -16.666 0.4000000060
27691  -11.621  -46.075  -16.642 0.4000000060
29571  -10.829  -44.704  -16.764 0.4000000060
27690  -10.142  -46.898  -16.961 0.4000000060
145657  -10.596  -46.072  -16.801 0.4000000060
28598  -11.054  -45.367  -16.823 0.4000000060
28616  -11.607  -44.887  -17.177 0.4000000060
28599  -11.830  -45.482  -16.825 0.4000000060
29570  -10.352  -44.178  -16.466 0.4000000060
29584  -10.941  -44.063  -16.907 0.4000000060
29586  -12.004  -44.734  -18.116 0.3000000119
29602  -11.891  -44.189  -18.291 0.4000000060
31471  -11.375  -42.752  -17.430 0.4000000060
30539  -11.453  -43.708  -17.433 0.4000000060
30554  -11.846  -43.458  -18.322 0.4000000060
30572  -12.665  -43.199  -19.666 0.3000000119
137421  -11.570  -41.990  -17.713 0.4000000060
31480  -11.901  -42.614  -18.380 0.4000000060
32363  -12.466  -41.243  -18.731 0.4000000060
32364  -13.201  -41.829  -19.641 0.3000000119
129447  -13.651  -41.122  -19.618 0.3000000119
33201  -12.471  -39.555  -18.600 0.3000000119
34004  -12.448  -38.135  -18.836 0.3000000119
34006  -13.901  -39.661  -19.623 0.3000000119
30530  -10.605  -43.232  -16.574 0.4000000060
32341  -11.038  -41.737  -17.037 0.4000000060
33997  -12.068  -38.545  -18.328 0.3000000119
33200  -12.106  -40.105  -18.267 0.4000000060
29585  -11.582  -44.376  -17.348 0.4000000060
30555  -12.174  -43.312  -19.120 0.3000000119
31481  -12.476  -42.377  -19.156 0.4000000060
31490  -12.995  -42.687  -19.945 0.3000000119
32356  -12.981  -40.702  -18.960 0.3000000119
33208  -14.297  -40.870  -19.959 0.3000000119
33207  -13.422  -40.186  -19.274 0.3000000119
34005  -12.883  -39.098  -19.027 0.3000000119
5  -14.179  -88.256  -10.895 0.8000000119
14  -11.785  -89.082  -12.748 1.0000000000
15  -12.588  -89.170  -12.319 0.8000000119
29  -14.769  -88.772  -14.241 1.0000000000
33  -14.983  -88.262  -15.010 1.0000000000
62  -11.769  -87.793  -7.885 0.6999999881
74  -10.737  -87.994  -8.401 0.8000000119
75  -11.520  -88.085  -8.430 0.8000000119
101  -10.544  -88.320  -10.401 0.8000000119
104  -16.513  -88.101  -10.251 0.6999999881
109  -9.006  -87.874  -11.122 0.8999999762
112  -14.788  -88.025  -10.793 0.6999999881
115  -18.012  -88.089  -11.820 0.6000000238
119  -9.932  -88.186  -12.431 0.8999999762
128  -11.413  -88.297  -13.640 1.0000000000
136  -13.226  -88.256  -14.885 1.0000000000
140  -12.167  -87.755  -15.015 1.0000000000
142  -13.509  -88.081  -15.522 1.0000000000
164  -8.653  -86.325  -5.106 0.6000000238
177  -10.699  -87.414  -6.078 0.5000000000
186  -10.200  -87.285  -6.673 0.6999999881
223  -11.418  -87.623  -14.124 1.0000000000
224  -18.473  -87.578  -14.917 0.8000000119
230  -11.938  -87.448  -14.842 1.0000000000
231  -18.190  -87.011  -15.584 0.8000000119
239  -12.935  -87.070  -16.338 1.0000000000
243  -17.449  -86.769  -16.377 0.8999999762
250  -13.031  -86.876  -17.151 0.8999999762
251  -15.761  -87.159  -17.660 0.8999999762
266  -15.341  -86.987  -18.405 0.8999999762
279  -14.135  -86.539  -19.483 0.8999999762
280  -15.006  -87.011  -19.223 0.8999999762
288  -23.057  -87.090  -18.983 0.5000000000
304  -15.076  -86.391  -20.676 0.8000000119
306  -17.093  -86.735  -20.997 0.8000000119
307  -18.752  -86.642  -21.159 0.8000000119
315  -19.000  -86.372  -21.876 0.8000000119
344  -9.274  -86.331  -4.526 0.5000000000
345  -9.945  -86.322  -4.028 0.5000000000
349  -8.239  -86.163  -5.757 0.6000000238
361  -7.927  -85.752  -7.236 0.6999999881
378  -11.628  -86.147  -12.450 1.0000000000
403  -21.524  -85.389  -15.822 0.5000000000
419  -13.341  -86.507  -17.860 0.8999999762
429  -13.595  -86.112  -19.288 0.8999999762
440  -15.135  -86.142  -21.474 0.8000000119
442  -17.493  -86.520  -21.531 0.8000000119
445  -15.355  -85.824  -22.276 0.8000000119
450  -21.592  -86.151  -22.409 0.5000000000
460  -20.149  -86.050  -22.962 0.6999999881
464  -23.435  -85.851  -23.199 0.4000000060
492  -8.243  -84.977  -3.839 0.6000000238
562  -12.356  -84.777  -11.653 1.0000000000
563  -12.539  -85.138  -11.673 1.0000000000
583  -12.297  -86.242  -12.668 1.0000000000
610  -19.669  -84.801  -15.417 0.6999999881
624  -13.150  -85.742  -17.451 0.8999999762
629  -13.772  -85.414  -19.061 0.8999999762
637  -14.089  -85.582  -20.529 0.8999999762
643  -15.134  -84.805  -22.733 0.8000000119
644  -15.792  -85.168  -23.471 0.8000000119
647  -18.124  -85.501  -23.665 0.8000000119
650  -15.757  -84.634  -23.787 0.8000000119
715  -7.816  -85.019  -4.441 0.6000000238
757  -4.676  -83.866  -7.511 0.6000000238
804  -13.773  -84.109  -11.608 0.8999999762
814  -13.697  -84.619  -11.788 0.8999999762
827  -20.867  -83.899  -13.790 0.6000000238
841  -20.099  -84.424  -14.972 0.6999999881
843  -21.647  -83.821  -14.323 0.5000000000
849  -8.177  -84.306  -15.437 1.0000000000
855  -20.679  -84.144  -14.931 0.6000000238
856  -21.210  -84.047  -14.764 0.6000000238
877  -14.866  -84.644  -19.904 0.8999999762
920  -16.627  -84.396  -24.399 0.6999999881
928  -16.283  -83.792  -24.925 0.6999999881
1085  -3.937  -83.692  -9.499 0.8000000119
1086  -4.508  -84.013  -9.376 0.8000000119
1098  -8.890  -82.750  -10.773 1.0000000000
1113  -12.639  -84.121  -11.616 1.0000000000
1114  -13.215  -83.541  -11.682 1.0000000000
1123  -14.491  -83.702  -11.859 0.8999999762
1130  -6.976  -84.064  -14.543 1.0000000000
1131  -11.624  -84.121  -12.814 1.0000000000
1139  -5.655  -83.216  -14.527 1.0000000000
1142  -11.799  -83.621  -14.203 1.0000000000
1148  -6.822  -83.305  -15.323 1.0000000000
1149  -7.640  -83.755  -15.519 1.0000000000
1181  -6.761  -82.506  -18.852 0.6000000238
1182  -7.550  -82.853  -18.960 0.6000000238
1183  -8.385  -83.157  -18.985 0.5000000000
1184  -9.290  -83.280  -18.930 0.6999999881
1199  -9.743  -83.344  -19.633 0.8000000119
1200  -10.508  -83.398  -19.838 0.6999999881
1201  -11.870  -83.364  -19.808 0.8000000119
1218  -10.049  -83.260  -20.197 0.6999999881
1233  -8.074  -82.339  -20.197 0.5000000000
1234  -8.903  -82.681  -20.302 0.5000000000
1235  -9.729  -82.917  -20.426 0.6999999881
1236  -16.559  -83.443  -22.345 0.8000000119
1237  -17.508  -82.881  -22.117 0.8999999762
1494  -3.257  -82.148  -9.999 0.8000000119
1509  -3.557  -81.966  -11.385 0.8999999762
1520  -13.569  -82.917  -11.975 1.0000000000
1524  -4.524  -82.248  -13.779 1.0000000000
1535  -5.416  -82.520  -14.573 1.0000000000
1539  -14.543  -81.633  -13.126 1.0000000000
1548  -11.060  -83.387  -15.219 1.0000000000
1551  -17.839  -82.708  -14.935 0.8999999762
1552  -18.471  -82.207  -15.503 0.8999999762
1575  -6.436  -82.338  -18.044 0.6999999881
1577  -8.422  -82.380  -18.007 0.6999999881
1586  -4.659  -81.965  -18.519 0.6000000238
1587  -5.478  -82.149  -18.368 0.6000000238
1588  -6.162  -82.389  -18.522 0.6000000238
1591  -9.187  -82.595  -18.252 0.8000000119
1593  -10.991  -82.922  -18.667 0.8000000119
1594  -13.216  -82.317  -18.748 0.8000000119
1625  -7.326  -81.917  -20.157 0.5000000000
1627  -11.810  -83.180  -20.614 0.8000000119
1631  -18.498  -82.195  -21.028 0.8999999762
1644  -12.186  -82.680  -21.250 0.8000000119
1648  -18.095  -82.501  -21.602 0.8999999762
1658  -14.240  -82.232  -22.427 0.8000000119
1661  -17.952  -81.643  -22.037 0.8999999762
1667  -15.626  -82.494  -24.634 0.6999999881
1683  -15.860  -80.976  -25.898 0.6000000238
1684  -16.129  -81.259  -25.799 0.5000000000
1946  -3.490  -81.421  -12.120 0.8999999762
1954  -4.158  -82.225  -13.074 0.8999999762
1968  -5.193  -81.707  -14.432 1.0000000000
1974  -12.329  -81.302  -14.809 1.0000000000
1977  -14.985  -80.619  -13.989 1.0000000000
1978  -18.159  -81.525  -14.143 0.8999999762
1988  -7.624  -81.958  -15.195 1.0000000000
1993  -12.483  -81.837  -14.974 1.0000000000
2015  -3.425  -81.674  -18.158 0.4000000060
2016  -4.082  -81.826  -17.862 0.6000000238
2018  -6.813  -81.644  -17.507 0.6999999881
2038  -9.753  -82.113  -18.046 0.8000000119
2040  -11.378  -81.922  -18.498 0.8000000119
2041  -12.817  -81.573  -18.456 0.8999999762
2075  -18.395  -81.491  -20.895 0.8999999762
2093  -17.590  -81.258  -21.702 0.8999999762
2103  -8.251  -80.822  -21.690 0.5000000000
2106  -14.555  -82.018  -23.133 0.8000000119
2372  -3.849  -80.563  -9.502 0.8000000119
2373  -4.482  -79.789  -9.533 0.8999999762
2404  -5.005  -80.592  -13.879 0.8999999762
2405  -5.915  -80.539  -13.656 1.0000000000
2419  -4.857  -81.133  -14.197 0.8999999762
2431  -18.477  -79.979  -14.017 0.8999999762
2448  -2.676  -80.052  -17.452 0.4000000060
2475  -18.525  -80.351  -17.802 0.8999999762
2492  -11.557  -80.759  -18.466 0.8000000119
2493  -12.380  -80.691  -18.455 0.8999999762
2510  -17.282  -80.535  -19.515 0.8999999762
2512  -18.369  -80.897  -19.338 0.8999999762
2519  -17.743  -80.661  -20.114 0.8999999762
2527  -8.997  -80.891  -21.456 0.5000000000
2528  -9.650  -80.434  -21.538 0.5000000000
2541  -10.107  -79.740  -22.876 0.5000000000
2806  -5.074  -79.735  -8.407 0.6999999881
2807  -5.696  -79.289  -7.957 0.6000000238
2808  -6.163  -78.715  -7.651 0.6000000238
2815  -5.552  -79.189  -8.775 0.6999999881
2832  -3.262  -79.886  -10.658 0.8999999762
2854  -7.832  -79.537  -11.278 1.0000000000
2855  -9.882  -80.144  -11.114 1.0000000000
2857  -11.666  -79.910  -11.228 1.0000000000
2867  -2.923  -79.728  -12.903 0.8999999762
2868  -4.263  -79.185  -12.906 1.0000000000
2878  -14.342  -79.511  -13.028 1.0000000000
2883  -7.155  -80.338  -12.760 1.0000000000
2884  -13.716  -79.824  -13.549 1.0000000000
2893  -13.060  -80.031  -14.102 1.0000000000
2897  -18.854  -78.813  -14.956 0.8999999762
2925  -6.137  -79.837  -16.471 0.6999999881
2926  -6.955  -79.637  -16.575 0.6999999881
2927  -7.736  -79.536  -16.687 0.8999999762
2928  -8.457  -79.390  -16.874 1.0000000000
2930  -10.162  -78.793  -17.381 1.0000000000
2932  -16.573  -78.851  -16.913 0.8999999762
2963  -11.863  -79.813  -18.502 0.8999999762
2984  -11.004  -79.651  -21.525 0.8000000119
2986  -12.665  -79.094  -21.550 0.4000000060
2996  -13.522  -79.210  -21.953 0.5000000000
3245  -1.942  -78.087  -5.745 0.8999999762
3262  -2.076  -78.171  -6.357 0.8999999762
3263  -2.678  -78.166  -6.141 0.8999999762
3277  -2.025  -78.328  -7.252 0.8999999762
3290  -3.973  -78.514  -9.327 0.8999999762
3293  -6.150  -78.152  -8.181 0.6999999881
3299  -1.524  -78.285  -10.311 0.8999999762
3310  -1.809  -78.886  -11.024 0.8999999762
3311  -2.576  -79.309  -10.547 0.8999999762
3313  -8.090  -78.548  -10.312 1.0000000000
3315  -9.808  -79.076  -10.006 1.0000000000
3317  -11.596  -79.124  -9.977 1.0000000000
3318  -12.812  -78.539  -10.014 1.0000000000
3353  -5.245  -78.887  -12.325 1.0000000000
3357  -16.540  -77.497  -12.767 1.0000000000
3362  -17.267  -77.909  -13.310 1.0000000000
3366  -4.725  -78.068  -15.007 0.8000000119
3369  -7.551  -78.041  -15.345 0.8999999762
3371  -18.336  -78.315  -14.453 1.0000000000
3375  -4.029  -78.656  -15.350 0.6999999881
3377  -6.034  -78.570  -15.719 0.8000000119
3379  -8.057  -78.498  -15.988 0.8999999762
3380  -9.712  -78.008  -15.935 1.0000000000
3381  -10.420  -77.715  -15.851 1.0000000000
3389  -1.942  -78.985  -16.852 0.4000000060
3402  -10.982  -78.448  -17.541 1.0000000000
3448  -13.246  -78.778  -21.964 0.5000000000
3689  -3.500  -77.283  -0.894 0.8000000119
3702  -2.792  -77.204  -1.182 0.8000000119
3704  -3.635  -77.396  -1.698 0.8000000119
3721  -3.145  -77.635  -2.167 0.8000000119
3742  -4.213  -77.235  -3.355 0.6999999881
3759  -1.874  -77.714  -4.714 0.8999999762
3760  -2.408  -77.915  -4.442 0.8999999762
3776  -1.668  -77.806  -5.592 0.8999999762
3805  -1.008  -77.574  -8.117 0.8999999762
3807  -5.236  -77.505  -7.813 0.8999999762
3840  -1.411  -77.806  -10.567 0.8999999762
3847  -13.413  -78.041  -10.027 1.0000000000
3849  -14.885  -77.207  -10.898 1.0000000000
3857  -2.796  -77.643  -11.815 1.0000000000
3858  -3.897  -77.338  -11.563 1.0000000000
3859  -5.779  -77.839  -11.263 1.0000000000
3874  -2.593  -78.253  -12.197 1.0000000000
3887  -6.483  -77.049  -14.197 1.0000000000
3890  -8.907  -76.967  -13.833 1.0000000000
3892  -16.940  -76.941  -13.210 1.0000000000
3901  -5.299  -77.472  -14.693 0.8000000119
3902  -6.144  -77.487  -14.772 0.8999999762
3905  -9.410  -77.287  -14.533 1.0000000000
3906  -10.887  -76.990  -14.144 1.0000000000
3913  -1.962  -77.917  -15.316 0.6999999881
3922  -16.850  -77.093  -15.551 1.0000000000
3927  -12.011  -77.479  -16.535 1.0000000000
3928  -12.736  -77.396  -16.811 1.0000000000
3930  -14.546  -77.154  -16.449 1.0000000000
3932  -16.931  -77.765  -16.024 1.0000000000
4275  -2.706  -76.820  -0.507 0.8000000119
4320  -1.806  -76.912  -3.794 0.8999999762
4321  -2.133  -77.225  -3.102 0.8999999762
4338  -4.740  -76.766  -4.320 0.6000000238
4348  -1.335  -77.140  -5.906 0.8999999762
4374  -0.958  -76.953  -7.374 0.8999999762
4397  -1.237  -76.344  -9.253 0.8999999762
4400  -6.019  -76.070  -9.903 1.0000000000
4402  -8.633  -76.761  -9.098 1.0000000000
4416  -1.770  -77.454  -11.134 1.0000000000
4418  -4.451  -76.325  -10.594 1.0000000000
4426  -2.821  -76.970  -11.308 1.0000000000
4434  -7.790  -76.123  -12.877 1.0000000000
4438  -11.594  -75.981  -13.052 1.0000000000
4439  -12.374  -75.862  -13.181 1.0000000000
4454  -4.383  -76.378  -13.573 0.8000000119
4457  -7.541  -76.563  -13.468 1.0000000000
4460  -11.246  -76.365  -13.619 1.0000000000
4480  -16.452  -76.392  -14.302 1.0000000000
4481  -17.185  -76.686  -14.362 1.0000000000
4487  -1.742  -77.081  -15.259 0.6000000238
4489  -14.615  -76.469  -15.078 1.0000000000
4492  -17.423  -76.983  -14.981 1.0000000000
4875  -1.840  -75.492  -1.828 0.8000000119
4989  -1.833  -75.594  -9.309 1.0000000000
5011  -6.773  -75.166  -11.963 1.0000000000
5012  -7.643  -75.253  -11.946 1.0000000000
5018  -14.998  -75.413  -11.377 1.0000000000
5028  -3.133  -75.197  -12.796 0.8999999762
5034  -10.233  -75.649  -12.500 1.0000000000
5051  -4.810  -75.928  -13.094 1.0000000000
5052  -5.651  -76.091  -13.085 1.0000000000
5053  -6.327  -76.257  -13.166 1.0000000000
5075  -1.649  -76.145  -16.698 0.5000000000
5570  -1.780  -74.811  -3.438 0.8999999762
5581  -1.748  -75.243  -4.851 0.8999999762
5606  -1.842  -74.847  -7.307 1.0000000000
5607  -2.430  -74.313  -7.709 1.0000000000
5612  -7.394  -74.242  -7.227 1.0000000000
5615  -11.181  -74.828  -7.093 1.0000000000
5668  -5.324  -74.472  -11.575 1.0000000000
5676  -14.429  -74.620  -11.950 1.0000000000
5687  -4.838  -74.918  -12.120 1.0000000000
5689  -12.843  -74.322  -12.241 1.0000000000
6130  -2.255  -73.794  0.498 0.6000000238
6157  -2.641  -73.139  -1.201 0.6999999881
6213  -9.691  -73.942  -6.028 1.0000000000
6217  -13.383  -73.475  -6.477 1.0000000000
6218  -14.272  -73.004  -6.674 1.0000000000
6253  -7.198  -73.274  -10.152 1.0000000000
6271  -6.681  -73.691  -10.571 1.0000000000
6273  -7.933  -73.733  -10.563 1.0000000000
6276  -11.383  -72.971  -10.597 1.0000000000
6277  -13.124  -72.918  -11.333 1.0000000000
6279  -15.273  -72.897  -10.865 1.0000000000
6291  -4.745  -73.920  -11.194 1.0000000000
6293  -6.327  -74.009  -10.910 1.0000000000
6304  -2.519  -73.548  -12.440 0.8999999762
6316  -2.191  -74.008  -13.150 1.0000000000
6335  -2.464  -73.289  -15.821 0.5000000000
6783  -4.581  -72.308  -5.393 1.0000000000
6786  -8.923  -73.110  -4.812 1.0000000000
6789  -11.365  -72.968  -5.067 1.0000000000
6800  -15.179  -72.413  -6.740 1.0000000000
6814  -6.733  -71.887  -8.883 1.0000000000
6816  -8.489  -71.569  -8.775 1.0000000000
6818  -10.106  -71.414  -8.939 1.0000000000
6819  -15.856  -72.301  -8.499 1.0000000000
6837  -10.226  -72.004  -9.467 1.0000000000
6852  -4.562  -72.770  -10.247 1.0000000000
6857  -14.869  -72.319  -10.790 1.0000000000
6858  -15.573  -72.470  -10.197 1.0000000000
6870  -2.865  -72.230  -11.048 1.0000000000
6871  -3.098  -72.761  -10.924 1.0000000000
6929  -2.539  -72.688  -16.298 0.6000000238
7307  -4.739  -71.993  0.249 0.6000000238
7349  -1.362  -70.619  -3.888 1.0000000000
7372  -8.198  -72.236  -3.773 1.0000000000
7377  -13.163  -71.759  -4.090 1.0000000000
7382  -3.206  -71.631  -5.235 1.0000000000
7390  -15.483  -71.321  -6.410 1.0000000000
7395  -7.527  -70.908  -8.446 1.0000000000
7397  -9.110  -70.368  -8.066 1.0000000000
7399  -11.277  -70.578  -8.050 1.0000000000
7400  -11.915  -70.702  -8.224 1.0000000000
7431  -4.543  -71.163  -9.403 1.0000000000
7432  -5.206  -71.696  -9.224 1.0000000000
7438  -15.526  -71.769  -9.611 1.0000000000
7449  -3.364  -71.131  -10.297 1.0000000000
7450  -14.325  -71.837  -10.407 1.0000000000
7461  -2.857  -71.378  -10.929 1.0000000000
7500  -2.793  -71.717  -14.219 0.8999999762
7523  -2.577  -71.947  -16.162 0.6000000238
7963  -5.798  -70.980  0.855 0.5000000000
7974  -6.570  -70.200  0.461 0.6000000238
7993  -1.575  -70.006  -1.923 1.0000000000
8012  -13.621  -69.939  -2.553 1.0000000000
8031  -12.290  -70.772  -2.608 1.0000000000
8038  -2.207  -70.323  -4.397 1.0000000000
8042  -15.217  -70.298  -4.219 1.0000000000
8055  -10.808  -69.919  -6.893 1.0000000000
8065  -9.497  -69.925  -7.673 1.0000000000
8066  -11.084  -70.229  -7.298 1.0000000000
8068  -12.979  -70.371  -7.359 1.0000000000
8094  -3.506  -70.698  -10.232 1.0000000000
8108  -3.061  -70.825  -10.391 1.0000000000
8174  -2.724  -71.108  -16.029 0.6999999881
8202  -2.718  -71.043  -17.762 0.5000000000
8685  -7.128  -69.555  0.630 0.5000000000
8695  -2.638  -69.525  -0.653 0.8000000119
8697  -5.394  -69.407  -0.379 0.6000000238
8706  -1.686  -69.551  -1.377 1.0000000000
8716  -11.243  -69.397  -2.306 1.0000000000
8733  -7.642  -69.215  -2.863 1.0000000000
8737  -14.406  -69.710  -3.047 1.0000000000
8747  -15.387  -69.473  -4.587 1.0000000000
8764  -15.264  -68.900  -5.934 1.0000000000
8772  -9.689  -69.848  -7.372 1.0000000000
8780  -5.214  -70.580  -9.481 1.0000000000
8781  -5.964  -70.817  -9.091 1.0000000000
8799  -3.659  -70.209  -10.300 1.0000000000
8828  -2.828  -69.315  -10.808 1.0000000000
8861  -3.370  -69.108  -15.124 0.8999999762
8879  -3.263  -69.133  -16.107 0.8000000119
8892  -3.216  -69.182  -16.989 0.6000000238
9325  -7.628  -68.785  0.717 0.5000000000
9341  -7.460  -68.346  -0.082 0.5000000000
9342  -7.993  -68.114  0.348 0.5000000000
9349  -1.710  -68.800  -1.351 1.0000000000
9359  -12.446  -68.773  -2.800 1.0000000000
9360  -13.184  -68.751  -2.927 1.0000000000
9378  -9.809  -68.870  -2.812 1.0000000000
9384  -15.128  -68.924  -4.016 1.0000000000
9403  -14.807  -68.411  -4.253 1.0000000000
9432  -15.172  -68.540  -6.683 1.0000000000
9451  -11.489  -68.485  -8.228 1.0000000000
9463  -3.696  -69.661  -10.439 1.0000000000
9465  -4.806  -68.841  -10.403 1.0000000000
9468  -8.142  -69.127  -10.019 1.0000000000
9491  -8.454  -68.368  -10.680 1.0000000000
9492  -9.173  -68.042  -10.466 1.0000000000
10008  -8.525  -67.292  0.952 0.5000000000
10017  -3.564  -67.694  -0.660 0.8000000119
10033  -1.902  -67.725  -1.464 1.0000000000
10079  -4.926  -67.773  -5.801 1.0000000000
10086  -15.405  -67.643  -5.788 1.0000000000
10096  -5.211  -67.321  -6.523 1.0000000000
10097  -6.102  -67.263  -6.549 1.0000000000
10101  -10.639  -67.322  -6.738 1.0000000000
10111  -4.658  -67.082  -7.138 1.0000000000
10115  -8.681  -66.915  -7.303 1.0000000000
10116  -14.890  -67.379  -7.965 1.0000000000
10117  -15.419  -67.086  -7.400 1.0000000000
10153  -2.829  -67.800  -10.840 1.0000000000
10160  -10.238  -67.082  -10.297 1.0000000000
10176  -2.610  -67.874  -11.427 1.0000000000
10728  -3.396  -66.626  -1.954 0.8000000119
10732  -7.727  -66.203  -0.802 0.6000000238
10748  -4.513  -66.254  -2.936 0.8999999762
10750  -6.423  -65.713  -2.311 0.6999999881
10780  -2.512  -66.549  -5.617 1.0000000000
10783  -15.240  -66.929  -6.134 1.0000000000
10792  -3.012  -66.492  -6.842 1.0000000000
10797  -14.973  -66.164  -6.565 1.0000000000
10807  -5.160  -66.458  -7.395 1.0000000000
10810  -8.265  -66.225  -7.525 1.0000000000
10813  -15.281  -66.486  -7.307 1.0000000000
10820  -13.640  -66.374  -8.801 1.0000000000
10833  -11.480  -66.702  -9.412 1.0000000000
10834  -12.781  -66.261  -9.141 1.0000000000
10874  -8.047  -66.780  -11.545 1.0000000000
10896  -3.086  -66.400  -12.900 1.0000000000
10910  -3.513  -66.409  -13.753 1.0000000000
10948  -3.164  -66.304  -16.506 0.6999999881
10957  -3.053  -66.341  -17.369 0.6999999881
11431  -6.443  -65.169  -2.493 0.6999999881
11451  -3.227  -65.677  -5.403 1.0000000000
11452  -5.369  -65.023  -4.057 0.8000000119
11472  -2.944  -65.207  -6.465 1.0000000000
11475  -9.989  -65.555  -6.945 1.0000000000
11481  -15.150  -66.134  -6.981 1.0000000000
11487  -4.796  -65.079  -7.650 1.0000000000
11492  -9.387  -65.742  -7.313 1.0000000000
11493  -14.671  -65.416  -7.600 1.0000000000
11494  -15.003  -65.954  -7.477 1.0000000000
11522  -10.322  -65.762  -10.747 1.0000000000
11523  -10.876  -65.574  -10.086 1.0000000000
11536  -7.738  -65.977  -11.581 1.0000000000
11549  -2.649  -65.497  -11.761 1.0000000000
11565  -3.698  -65.536  -14.798 1.0000000000
11575  -3.477  -65.396  -15.446 0.8999999762
12130  -5.871  -64.698  -2.763 0.6999999881
12132  -10.159  -64.221  -2.359 1.0000000000
12133  -10.689  -63.927  -2.426 1.0000000000
12141  -5.669  -64.877  -3.503 0.8000000119
12180  -13.279  -64.036  -6.271 1.0000000000
12186  -2.837  -64.418  -6.324 0.8999999762
12193  -13.683  -64.349  -6.629 1.0000000000
12194  -14.202  -64.859  -6.865 1.0000000000
12196  -3.625  -64.851  -7.265 1.0000000000
12197  -4.230  -64.602  -7.511 1.0000000000
12201  -8.289  -65.147  -7.133 1.0000000000
12214  -3.365  -64.328  -9.958 1.0000000000
12225  -2.879  -64.304  -10.378 1.0000000000
12301  -2.727  -64.355  -17.568 0.5000000000
12831  -9.956  -62.850  -1.624 1.0000000000
12863  -9.344  -64.165  -2.561 1.0000000000
12878  -3.020  -64.085  -4.574 0.8000000119
12895  -4.847  -63.254  -7.188 1.0000000000
12896  -5.550  -63.406  -6.952 1.0000000000
12902  -3.728  -64.148  -7.226 1.0000000000
12917  -2.864  -63.158  -9.916 1.0000000000
12949  -8.489  -63.533  -11.461 1.0000000000
13588  -7.951  -62.169  -2.125 1.0000000000
13616  -2.501  -62.430  -5.525 0.8000000119
13653  -3.401  -62.827  -9.665 1.0000000000
13668  -2.664  -62.713  -10.153 1.0000000000
14349  -10.410  -62.147  -1.639 1.0000000000
14367  -8.691  -62.083  -1.732 1.0000000000
14393  -2.245  -62.103  -4.670 0.6999999881
14394  -5.399  -61.428  -4.168 1.0000000000
14399  -2.625  -61.705  -5.168 0.6999999881
14412  -9.721  -61.072  -6.904 1.0000000000
14425  -3.989  -61.002  -8.814 1.0000000000
14436  -2.665  -62.156  -9.932 1.0000000000
14454  -7.424  -61.111  -10.763 1.0000000000
14457  -9.996  -61.716  -10.309 1.0000000000
14472  -3.101  -61.940  -11.469 1.0000000000
14500  -2.742  -60.744  -14.501 0.8000000119
15105  -2.334  -60.786  -2.925 0.6000000238
15107  -6.717  -60.384  -2.691 1.0000000000
15113  -12.223  -60.243  -2.668 1.0000000000
15128  -6.104  -60.638  -3.004 1.0000000000
15136  -2.549  -61.160  -4.620 0.6999999881
15182  -5.047  -60.793  -8.973 1.0000000000
15192  -2.543  -60.278  -9.382 1.0000000000
15194  -7.135  -60.614  -10.288 1.0000000000
15214  -2.988  -59.570  -13.337 0.8999999762
15918  -9.732  -59.223  -3.225 1.0000000000
15941  -10.826  -60.528  -5.771 1.0000000000
15963  -4.718  -58.933  -7.917 1.0000000000
15965  -6.639  -59.094  -7.521 1.0000000000
15978  -2.790  -59.225  -8.597 1.0000000000
16004  -3.495  -59.051  -11.760 0.8999999762
16029  -3.429  -59.299  -14.491 0.5000000000
16746  -2.936  -57.929  -8.065 0.8999999762
16747  -3.551  -58.201  -7.821 1.0000000000
16764  -2.790  -58.576  -8.418 0.8999999762
16779  -3.255  -58.240  -10.378 0.8999999762
16795  -3.752  -58.191  -13.032 0.8999999762
17557  -2.675  -57.288  -8.434 0.8999999762
17573  -2.398  -57.396  -9.091 0.8999999762
18362  -2.705  -56.503  -8.333 0.8999999762
18376  -2.457  -56.716  -9.203 0.8999999762
18379  -8.888  -56.206  -9.475 1.0000000000
18387  -16.944  -55.989  -8.938 1.0000000000
18393  -2.606  -56.183  -9.458 0.8999999762
18415  -6.926  -57.166  -12.500 0.6000000238
19189  -14.962  -55.915  -6.475 1.0000000000
19207  -2.996  -56.148  -7.911 0.8999999762
19227  -2.405  -56.234  -8.866 0.8999999762
20043  -8.485  -53.572  -7.436 0.6999999881
20050  -15.826  -54.580  -7.269 1.0000000000
20094  -9.402  -54.563  -10.221 1.0000000000
20914  -4.249  -53.620  -8.370 1.0000000000
20936  -3.257  -53.547  -9.423 0.8999999762
20940  -6.991  -53.852  -9.433 1.0000000000
20978  -19.659  -53.046  -10.779 1.0000000000
20997  -4.768  -52.785  -13.406 0.8999999762
21826  -9.504  -51.773  -7.920 0.6000000238
21886  -3.618  -52.534  -10.693 0.8999999762
21930  -5.230  -52.296  -13.858 0.8000000119
21943  -6.893  -51.967  -14.327 0.5000000000
22778  -10.843  -51.276  -8.415 0.8000000119
22803  -5.746  -51.440  -9.511 0.8999999762
22804  -7.609  -51.359  -9.643 0.8999999762
22828  -7.091  -50.789  -9.865 0.8999999762
23755  -16.116  -50.044  -10.080 0.8999999762
23778  -5.760  -50.427  -10.669 0.8999999762
23802  -13.500  -50.620  -11.394 1.0000000000
23822  -4.947  -50.848  -13.187 0.8999999762
23845  -6.384  -50.329  -13.959 0.6000000238
24671  -12.752  -49.861  -8.428 0.6999999881
24706  -16.951  -48.614  -10.183 0.8000000119
24709  -27.067  -50.006  -10.817 0.8000000119
24716  -5.817  -49.557  -12.130 0.8999999762
24736  -5.592  -49.686  -12.857 0.8999999762
24764  -6.100  -49.391  -13.083 0.8000000119
24778  -6.308  -49.893  -13.485 0.6999999881
24783  -7.932  -49.280  -14.484 0.5000000000
25657  -15.780  -48.683  -9.651 0.8000000119
25706  -13.111  -48.955  -11.412 1.0000000000
25742  -16.741  -48.189  -12.937 1.0000000000
25782  -9.158  -48.076  -15.866 0.5000000000
26645  -17.902  -47.874  -10.088 0.8000000119
26646  -18.575  -47.802  -10.050 0.8000000119
26650  -23.881  -46.048  -10.279 0.6999999881
26661  -10.896  -47.934  -11.865 0.8999999762
26662  -28.556  -47.793  -11.969 0.8000000119
27570  -20.863  -46.459  -9.552 0.6000000238
27582  -20.689  -46.488  -9.830 0.6999999881
27583  -21.314  -46.259  -9.958 0.6999999881
27596  -22.568  -46.163  -10.396 0.8000000119
27640  -13.948  -46.601  -13.728 1.0000000000
27661  -17.723  -46.689  -14.456 1.0000000000
27689  -9.730  -46.950  -16.554 0.5000000000
28505  -24.510  -45.838  -9.563 0.6000000238
28582  -16.808  -45.551  -15.396 1.0000000000
30487  -8.928  -43.056  -13.878 0.8000000119
30501  -12.535  -42.732  -14.050 0.8000000119
30524  -21.102  -43.479  -15.711 1.0000000000
31420  -28.319  -43.068  -13.359 0.6000000238
31430  -9.633  -42.025  -14.432 0.6999999881
31460  -9.800  -41.954  -15.397 0.6999999881
31470  -10.759  -42.317  -16.645 0.4000000060
32305  -26.848  -41.842  -14.433 0.6999999881
32342  -11.407  -41.056  -17.404 0.5000000000
32355  -11.932  -41.671  -18.284 0.4000000060
36631  -12.373  -36.465  -18.712 0.3000000119
125259  -15.296  -79.952  -25.181 0.5000000000
125262  -14.910  -80.840  -25.108 0.6000000238
126725  -11.373  -79.133  -21.992 0.4000000060
126820  -15.416  -81.332  -25.526 0.6999999881
127003  -15.669  -84.033  -23.830 0.8000000119
127565  -16.032  -80.920  -26.015 0.5000000000
128375  -15.556  -67.418  -6.862 1.0000000000
129072  -6.995  -54.112  -6.983 0.5000000000
129167  -2.193  -73.895  -13.998 0.8000000119
129327  -7.103  -78.813  -11.168 1.0000000000
129692  -1.504  -70.801  -1.806 1.0000000000
129725  -2.934  -76.788  0.306 0.8000000119
130107  -12.083  -67.495  -6.287 1.0000000000
130128  -1.645  -76.424  -15.801 0.6000000238
130178  -2.733  -60.808  -15.209 0.6999999881
130329  -14.700  -85.429  -21.603 0.8000000119
130427  -2.843  -66.853  -10.836 1.0000000000
130479  -1.505  -75.707  -6.687 0.8999999762
130541  -2.667  -72.616  -11.909 1.0000000000
130608  -14.932  -87.613  -10.201 0.6999999881
130831  -2.419  -79.369  -17.515 0.4000000060
131185  -10.896  -47.238  -12.284 0.8999999762
131294  -9.779  -72.397  -4.063 1.0000000000
131591  -2.562  -75.358  -9.466 1.0000000000
131797  -2.285  -61.433  -3.261 0.6000000238
131863  -15.074  -77.807  -16.875 1.0000000000
131945  -3.481  -71.637  -10.282 1.0000000000
132118  -2.057  -75.777  -13.945 0.8000000119
132147  -10.521  -65.189  -5.359 1.0000000000
133019  -6.111  -82.262  -18.674 0.6000000238
133284  -5.400  -64.747  -7.635 1.0000000000
133758  -6.028  -71.267  -8.744 1.0000000000
133808  -17.734  -84.154  -25.070 0.6999999881
134019  -4.241  -77.075  -2.047 0.6000000238
134162  -8.202  -60.307  -8.156 1.0000000000
134237  -7.253  -53.091  -9.498 1.0000000000
134261  -13.237  -71.057  -8.832 1.0000000000
134369  -6.252  -70.477  -3.016 1.0000000000
135637  -10.789  -53.289  -10.543 1.0000000000
135738  -8.049  -73.721  -5.952 1.0000000000
135870  -5.784  -73.252  -6.388 1.0000000000
136097  -8.206  -68.413  -3.722 1.0000000000
136428  -3.384  -69.857  -13.956 0.8999999762
136538  -8.765  -74.706  -7.249 1.0000000000
136565  -8.377  -86.326  -11.054 0.8999999762
136783  -18.989  -79.686  -16.404 0.8999999762
136829  -6.556  -56.201  -12.573 0.6000000238
136890  -3.539  -55.041  -7.875 0.8999999762
137266  -15.431  -70.018  -5.184 1.0000000000
137589  -9.164  -80.070  -11.257 1.0000000000
137678  -2.728  -77.548  -2.655 0.8000000119
138192  -9.636  -87.036  -13.220 1.0000000000
138553  -1.217  -76.694  -6.557 0.8999999762
138757  -2.431  -75.321  -13.458 0.8000000119
139090  -8.266  -68.266  -4.649 1.0000000000
139160  -22.146  -87.137  -18.910 0.6000000238
139400  -13.586  -76.224  -13.958 1.0000000000
139410  -13.240  -79.889  -21.757 0.8000000119
139674  -12.850  -86.487  -7.573 0.5000000000
139764  -2.980  -60.904  -13.798 1.0000000000
139858  -14.849  -51.236  -12.311 1.0000000000
139966  -10.524  -79.386  -17.907 1.0000000000
140344  -3.099  -55.439  -7.961 0.8999999762
140403  -11.979  -68.471  -3.271 1.0000000000
141373  -12.049  -43.960  -19.000 0.3000000119
142051  -3.682  -58.333  -11.744 0.8999999762
142134  -6.409  -60.807  -10.051 1.0000000000
142189  -11.669  -82.822  -15.200 1.0000000000
142363  -18.168  -82.807  -19.465 0.8999999762
142373  -16.430  -83.879  -17.228 0.8999999762
142584  -6.682  -80.550  -13.362 1.0000000000
142695  -15.369  -87.639  -9.642 0.6999999881
142754  -4.390  -80.015  -13.425 1.0000000000
142775  -12.573  -55.586  -6.173 1.0000000000
142954  -2.552  -59.408  -3.936 0.6000000238
143197  -6.980  -81.422  -20.713 0.5000000000
143259  -15.124  -73.599  -11.059 1.0000000000
143358  -8.655  -65.937  0.636 0.5000000000
143361  -5.402  -81.307  -17.061 0.6999999881
143442  -21.262  -85.996  -22.935 0.6000000238
143489  -18.592  -81.586  -19.983 0.8999999762
143507  -6.605  -65.054  -11.243 1.0000000000
143582  -11.820  -49.169  -10.908 1.0000000000
143632  -8.864  -75.268  -11.953 1.0000000000
143633  -5.812  -80.575  -16.732 0.6999999881
143646  -10.463  -70.403  -7.861 1.0000000000
143717  -3.147  -78.587  -15.166 0.6999999881
144281  -1.929  -74.960  -15.164 0.6999999881
144372  -1.734  -74.099  -4.302 1.0000000000
144999  -1.755  -77.131  -4.355 0.8999999762
145452  -6.015  -63.720  -10.736 1.0000000000
145564  -17.808  -88.131  -11.037 0.6000000238
145696  -15.591  -71.125  -7.510 1.0000000000
146023  -4.249  -65.274  -4.778 0.8999999762
146067  -8.345  -78.080  -15.531 0.8999999762
146358  -8.602  -75.628  -12.316 1.0000000000
146385  -8.039  -70.618  -8.407 1.0000000000
146510  -5.198  -61.598  -4.947 1.0000000000
146544  -15.291  -58.573  -6.574 1.0000000000
146570  -12.259  -78.989  -10.104 1.0000000000
146581  -1.795  -78.728  -11.590 0.8999999762
146614  -17.221  -81.016  -21.258 0.8999999762
146805  -4.508  -64.327  -1.386 0.6000000238
146948  -7.583  -67.725  -6.002 1.0000000000
147030  -15.572  -86.945  -19.611 0.8999999762
147383  -9.217  -60.830  -9.564 1.0000000000
147642  -22.659  -48.957  -12.483 1.0000000000
147644  -17.596  -85.209  -24.104 0.6999999881
147693  -9.639  -71.900  -3.473 1.0000000000
148031  -2.067  -75.405  -0.169 0.8000000119
148115  -16.952  -88.046  -15.487 0.8000000119
148258  -3.293  -80.992  -12.701 0.8999999762
148263  -15.000  -71.520  -5.489 1.0000000000
148354  -2.218  -63.227  -5.388 0.6999999881
148519  -14.783  -70.249  -3.474 1.0000000000
148655  -9.637  -69.546  -2.381 1.0000000000
148814  -7.390  -62.294  -2.531 1.0000000000
149008  -3.317  -53.148  -10.389 0.8999999762
149042  -13.426  -82.554  -19.434 0.8000000119
149301  -8.995  -87.019  -13.187 1.0000000000
149541  -5.880  -70.470  1.300 0.5000000000
149879  -7.535  -58.658  -3.310 1.0000000000
150023  -3.419  -82.049  -10.710 0.8000000119
150152  -20.803  -86.671  -19.868 0.8000000119
150196  -2.542  -76.118  -10.394 1.0000000000
150255  -14.514  -66.050  -6.443 1.0000000000
150329  -18.181  -87.910  -13.321 0.6000000238
150437  -7.771  -80.656  -17.155 0.6999999881
150472  -13.334  -76.955  -15.884 1.0000000000
150545  -12.052  -80.692  -21.474 0.8000000119
150620  -9.601  -84.200  -9.723 0.8999999762
150708  -1.180  -77.919  -8.568 0.8999999762
150762  -4.731  -51.716  -13.245 0.8999999762
150812  -7.909  -73.429  -5.362 1.0000000000
151084  -4.954  -62.206  -6.317 1.0000000000
151110  -10.485  -87.453  -7.188 0.8000000119
151159  -11.877  -64.194  -9.704 1.0000000000
151474  -15.076  -70.805  -4.486 1.0000000000
151522  -3.295  -59.998  -12.574 1.0000000000
151678  -1.739  -78.375  -8.609 0.8999999762
151845  -16.326  -88.296  -12.992 0.8000000119
152085  -2.842  -79.736  -16.291 0.6999999881
152125  -9.350  -87.868  -10.527 0.8000000119
152409  -11.507  -62.234  -2.504 1.0000000000
152566  -9.676  -68.522  -3.409 1.0000000000
152793  -10.837  -48.872  -11.041 0.8999999762
152931  -25.033  -46.421  -9.860 0.6999999881
152964  -6.750  -62.991  -4.815 1.0000000000
153221  -10.306  -83.076  -20.486 0.6999999881
153283  -9.868  -65.848  -11.106 1.0000000000
