#!ascii label  , from subject sub-v1s14x0051585_ses-1 vox2ras=TkReg
5245
142414  19.646  -28.820  42.752 0.1000000015
135177  19.403  -29.262  42.070 0.1000000015
41817  19.969  -27.963  42.940 0.1000000015
41806  20.076  -27.129  43.397 0.1000000015
40850  19.502  -28.639  41.528 0.1000000015
41827  19.901  -27.717  41.967 0.1000000015
41826  19.931  -27.027  41.269 0.2000000030
43826  20.292  -25.603  41.641 0.3000000119
43839  20.371  -25.539  40.978 0.2000000030
43840  20.248  -25.665  40.328 0.2000000030
42817  19.811  -26.412  39.797 0.2000000030
46900  17.889  -22.694  41.991 0.4000000060
44882  19.959  -24.634  41.809 0.5000000000
45912  19.912  -23.966  41.236 0.4000000060
44898  20.192  -24.636  41.101 0.3000000119
44912  20.344  -24.581  40.515 0.4000000060
43852  20.462  -25.039  40.460 0.2000000030
42839  19.506  -25.955  38.045 0.3000000119
39936  24.293  -29.617  31.725 0.3000000119
37994  21.422  -31.467  29.221 0.1000000015
38935  21.225  -30.778  28.981 0.1000000015
55899  14.176  -14.275  49.368 0.4000000060
57024  14.642  -13.908  49.265 0.4000000060
54774  14.581  -14.823  49.331 0.4000000060
53625  14.338  -15.856  48.511 0.4000000060
54785  15.050  -15.503  48.988 0.4000000060
127959  15.036  -16.196  48.273 0.4000000060
53635  14.202  -16.334  47.751 0.3000000119
52523  14.248  -16.852  46.921 0.3000000119
51409  14.502  -18.217  44.908 0.3000000119
51435  14.818  -19.218  43.884 0.3000000119
50229  14.739  -19.799  43.624 0.3000000119
46911  18.298  -22.664  41.244 0.4000000060
46912  17.575  -22.225  41.330 0.4000000060
45925  19.633  -23.412  40.661 0.4000000060
139115  20.483  -24.604  40.026 0.4000000060
46921  18.765  -22.606  40.408 0.4000000060
44926  20.419  -24.450  39.303 0.4000000060
46920  19.671  -23.145  39.861 0.4000000060
137673  19.892  -25.057  37.757 0.4000000060
37033  26.926  -32.226  33.405 0.3000000119
38868  25.947  -30.300  34.508 0.3000000119
38876  25.752  -30.384  33.422 0.3000000119
37945  25.733  -30.873  32.500 0.3000000119
43874  19.478  -25.632  37.340 0.3000000119
148003  25.427  -29.832  34.086 0.3000000119
39918  25.075  -29.632  33.390 0.3000000119
35239  23.475  -34.721  29.951 0.2000000030
43885  19.371  -25.068  36.185 0.3000000119
128461  19.611  -25.022  36.960 0.3000000119
39919  24.803  -29.373  34.324 0.3000000119
40912  24.304  -29.125  33.556 0.3000000119
37090  24.472  -32.253  29.931 0.2000000030
37114  22.499  -32.519  29.318 0.2000000030
43925  19.058  -25.669  33.191 0.3000000119
143711  18.734  -26.311  33.654 0.2000000030
42875  18.633  -26.692  34.513 0.2000000030
42869  18.709  -26.657  35.515 0.2000000030
136633  24.528  -29.454  32.625 0.3000000119
38889  24.790  -29.992  32.014 0.3000000119
38008  21.923  -31.054  28.940 0.1000000015
39974  19.127  -29.037  29.774 0.1000000015
41925  18.896  -27.861  30.580 0.1000000015
39937  23.875  -29.025  32.231 0.3000000119
131886  23.716  -29.212  31.363 0.3000000119
39989  21.200  -29.284  28.810 0.2000000030
132254  20.146  -28.172  29.312 0.1000000015
41941  20.551  -27.492  29.551 0.3000000119
42908  20.582  -26.369  30.447 0.3000000119
54773  15.472  -14.950  49.292 0.4000000060
54772  16.311  -15.109  49.152 0.5000000000
53616  16.055  -15.561  49.008 0.5000000000
53634  15.044  -16.694  47.528 0.3000000119
53624  16.513  -16.168  48.540 0.4000000060
52518  15.927  -16.601  48.066 0.4000000060
52522  15.171  -17.136  46.837 0.3000000119
52544  14.831  -17.755  45.481 0.3000000119
149325  16.436  -17.049  47.661 0.4000000060
52530  16.183  -17.387  46.928 0.4000000060
51394  16.251  -17.849  46.171 0.3000000119
51423  15.069  -18.582  44.320 0.3000000119
49020  15.077  -20.318  43.194 0.3000000119
51422  16.050  -18.488  44.409 0.3000000119
51408  15.395  -18.161  44.990 0.3000000119
50228  15.260  -19.578  43.290 0.3000000119
47982  16.094  -20.867  41.953 0.3000000119
46913  17.079  -22.109  41.849 0.3000000119
51432  16.910  -18.717  44.215 0.3000000119
51433  16.287  -18.842  43.731 0.3000000119
50227  16.078  -19.303  43.060 0.3000000119
49043  16.539  -20.773  41.410 0.4000000060
47980  17.114  -21.566  41.076 0.4000000060
34302  31.542  -35.449  31.540 0.1000000015
34258  29.880  -35.266  33.353 0.2000000030
47989  18.218  -21.631  39.959 0.4000000060
46922  17.811  -22.042  40.661 0.4000000060
35178  28.971  -34.612  34.130 0.2000000030
46930  19.445  -22.406  39.063 0.3000000119
46931  18.915  -22.240  39.600 0.4000000060
36129  28.474  -33.982  34.287 0.3000000119
149976  27.800  -32.845  34.405 0.3000000119
37018  27.352  -32.137  34.408 0.3000000119
151472  19.914  -23.283  39.175 0.3000000119
38875  26.433  -30.983  33.985 0.3000000119
44947  20.034  -24.212  37.342 0.4000000060
39910  25.370  -29.775  35.014 0.3000000119
37991  23.943  -31.870  29.634 0.2000000030
36195  23.732  -33.286  29.466 0.2000000030
36196  23.003  -33.131  29.375 0.2000000030
44958  19.696  -24.373  36.439 0.4000000060
38917  23.597  -30.183  30.047 0.2000000030
38933  23.627  -31.127  29.623 0.2000000030
128939  22.832  -32.019  29.148 0.2000000030
38951  22.230  -30.479  28.986 0.2000000030
151554  19.399  -24.505  35.041 0.3000000119
44968  19.499  -24.449  35.663 0.3000000119
40905  23.970  -28.876  34.637 0.3000000119
40913  23.705  -28.636  33.606 0.3000000119
39953  24.043  -29.875  30.872 0.3000000119
39972  21.888  -29.085  29.083 0.2000000030
40959  21.946  -28.335  29.542 0.3000000119
41942  19.804  -27.612  29.753 0.1000000015
41924  19.419  -27.184  30.403 0.2000000030
43933  19.219  -25.784  32.427 0.3000000119
44984  19.569  -24.298  34.469 0.3000000119
45989  20.027  -23.721  34.485 0.3000000119
39926  23.938  -28.940  32.962 0.3000000119
41940  21.288  -27.661  29.551 0.3000000119
42917  20.222  -26.914  30.005 0.2000000030
43953  20.284  -25.840  30.965 0.2000000030
43945  19.985  -25.452  31.523 0.3000000119
46007  19.836  -24.203  33.796 0.3000000119
46006  20.373  -23.877  33.731 0.4000000060
45974  20.500  -23.249  34.903 0.4000000060
41939  21.951  -27.720  30.011 0.3000000119
42907  21.172  -26.434  30.472 0.3000000119
43944  20.512  -25.356  31.478 0.3000000119
45015  20.751  -24.878  32.013 0.4000000060
44998  20.724  -24.136  33.116 0.4000000060
46972  21.182  -22.936  34.873 0.3000000119
46956  21.197  -22.030  36.098 0.3000000119
46005  21.146  -23.707  33.687 0.4000000060
45988  21.613  -23.315  34.322 0.3000000119
148674  22.327  -23.370  34.504 0.3000000119
55896  17.504  -14.482  48.928 0.4000000060
150492  16.921  -13.942  48.937 0.4000000060
32365  38.354  -37.744  30.614 0.1000000015
140593  17.684  -15.277  48.860 0.4000000060
53615  16.828  -15.791  48.894 0.4000000060
33293  36.096  -36.124  30.144 0.1000000015
146149  17.579  -16.247  47.859 0.5000000000
52506  17.462  -16.512  47.821 0.4000000060
52517  16.881  -16.762  48.098 0.4000000060
51386  17.020  -17.818  46.745 0.4000000060
140154  35.347  -35.811  30.213 0.1000000015
51367  18.355  -17.653  47.138 0.5000000000
51377  17.805  -17.399  47.297 0.3000000119
141061  16.895  -18.136  46.096 0.3000000119
51384  18.690  -18.103  47.103 0.3000000119
51392  18.343  -18.330  46.746 0.3000000119
51393  17.604  -18.211  46.409 0.3000000119
51406  17.257  -18.442  45.629 0.3000000119
50226  16.906  -18.983  43.483 0.3000000119
129104  16.936  -19.287  42.756 0.3000000119
50254  16.703  -20.112  41.633 0.3000000119
34278  32.156  -35.384  32.126 0.2000000030
34257  30.670  -35.302  33.849 0.2000000030
50241  17.210  -19.570  42.040 0.3000000119
50253  17.473  -19.964  41.358 0.4000000060
49042  17.562  -20.531  40.708 0.3000000119
36128  29.210  -34.230  34.960 0.2000000030
50252  18.281  -19.951  41.001 0.4000000060
49055  18.297  -20.513  40.251 0.4000000060
49070  18.442  -21.018  39.666 0.4000000060
129765  28.829  -33.555  35.255 0.2000000030
132945  27.929  -32.455  35.143 0.3000000119
46940  19.906  -22.712  38.413 0.4000000060
37907  27.446  -31.664  35.613 0.3000000119
38859  26.409  -30.793  36.262 0.3000000119
38867  26.466  -30.783  35.113 0.3000000119
38860  25.882  -30.359  35.676 0.3000000119
45966  19.973  -23.645  36.646 0.3000000119
39911  24.599  -29.385  35.498 0.3000000119
39970  23.022  -29.625  29.767 0.2000000030
40944  22.555  -28.322  30.325 0.3000000119
147061  19.670  -23.981  35.105 0.4000000060
46965  20.158  -23.133  36.091 0.4000000060
46958  20.211  -22.867  36.879 0.3000000119
40943  23.198  -28.752  30.916 0.3000000119
39955  22.959  -29.037  30.224 0.3000000119
41913  22.248  -27.440  30.810 0.3000000119
46957  20.587  -22.403  36.444 0.3000000119
139794  23.413  -28.257  34.246 0.3000000119
148857  23.292  -28.167  33.494 0.3000000119
40919  23.406  -28.440  32.785 0.3000000119
40920  22.898  -27.991  32.215 0.3000000119
151617  22.578  -27.532  31.666 0.3000000119
42896  22.210  -26.732  31.544 0.3000000119
42906  21.774  -26.735  30.794 0.3000000119
46964  20.699  -22.758  35.579 0.3000000119
41901  23.090  -27.639  33.764 0.4000000060
41902  22.775  -27.060  33.137 0.4000000060
41908  22.650  -27.282  32.348 0.4000000060
42885  22.439  -26.383  32.448 0.4000000060
42897  21.545  -26.089  31.092 0.3000000119
43931  21.449  -24.995  32.183 0.4000000060
45006  21.667  -24.630  32.739 0.4000000060
46963  21.562  -22.379  35.439 0.3000000119
43930  22.223  -25.347  32.711 0.4000000060
44996  22.205  -24.588  33.310 0.4000000060
46004  22.099  -23.870  33.880 0.3000000119
45973  22.853  -23.131  35.051 0.3000000119
46955  22.800  -21.837  36.134 0.4000000060
44983  22.707  -24.515  34.043 0.3000000119
135267  23.288  -23.746  35.071 0.4000000060
46961  23.364  -22.734  35.824 0.4000000060
130165  18.096  -13.570  47.493 0.4000000060
57030  19.128  -13.883  48.202 0.4000000060
147709  17.417  -13.483  47.384 0.4000000060
127869  18.237  -13.721  48.112 0.4000000060
55909  18.230  -14.207  48.496 0.4000000060
55895  18.190  -14.902  48.769 0.4000000060
54769  18.641  -15.882  48.065 0.5000000000
55908  18.867  -14.578  48.594 0.4000000060
33278  38.765  -36.959  30.820 0.2000000030
32366  37.172  -37.271  30.197 0.1000000015
54770  17.952  -15.677  48.310 0.4000000060
34318  34.533  -35.641  30.468 0.1000000015
53613  18.141  -16.424  47.654 0.5000000000
52505  17.902  -16.806  47.477 0.5000000000
145061  33.420  -35.509  33.260 0.1000000015
34256  31.710  -35.373  33.944 0.2000000030
52503  19.338  -17.274  47.386 0.4000000060
52504  18.743  -16.970  47.380 0.4000000060
51375  19.007  -18.246  47.486 0.4000000060
50175  19.136  -18.254  47.362 0.3000000119
50191  18.982  -18.526  47.047 0.3000000119
50200  18.123  -18.742  45.986 0.3000000119
50212  17.686  -18.823  44.940 0.3000000119
126718  17.630  -18.973  43.990 0.3000000119
35165  29.993  -34.444  35.593 0.2000000030
36115  29.172  -33.131  36.122 0.2000000030
52502  20.236  -17.276  47.437 0.4000000060
51365  19.251  -17.907  47.203 0.4000000060
51374  19.440  -18.351  47.472 0.4000000060
50183  19.493  -18.952  47.467 0.4000000060
50190  19.305  -19.169  46.551 0.3000000119
134124  18.581  -19.117  45.295 0.3000000119
50211  18.402  -19.153  44.407 0.3000000119
152495  17.507  -19.128  43.297 0.3000000119
36114  29.570  -33.814  35.856 0.2000000030
141431  20.058  -18.400  47.930 0.4000000060
50198  19.290  -19.385  45.609 0.3000000119
50210  19.184  -19.407  44.738 0.3000000119
129129  19.007  -19.381  43.856 0.3000000119
127897  19.091  -19.641  41.410 0.4000000060
126523  18.997  -20.487  39.740 0.4000000060
37008  28.181  -32.088  36.093 0.2000000030
50251  19.969  -19.580  41.599 0.4000000060
145310  19.556  -19.678  41.101 0.4000000060
50262  19.139  -19.943  40.597 0.4000000060
49069  19.165  -20.961  39.140 0.4000000060
37908  27.002  -31.104  36.581 0.3000000119
48014  20.261  -21.076  38.041 0.4000000060
48015  19.597  -21.589  38.568 0.4000000060
38853  25.793  -30.549  36.951 0.3000000119
46949  20.368  -22.128  37.194 0.3000000119
48030  20.035  -21.931  37.848 0.4000000060
48028  21.448  -21.100  37.124 0.4000000060
49091  20.898  -20.863  37.601 0.4000000060
48041  20.908  -21.633  36.846 0.4000000060
40898  23.915  -29.031  36.007 0.3000000119
147531  22.105  -20.833  37.328 0.4000000060
40906  23.506  -28.406  35.285 0.3000000119
145667  21.538  -21.536  36.518 0.3000000119
41895  23.204  -27.559  34.719 0.4000000060
42880  22.966  -26.872  33.936 0.4000000060
42881  22.697  -26.162  33.286 0.4000000060
48047  21.947  -21.774  35.948 0.4000000060
42873  23.187  -26.589  34.679 0.4000000060
43916  23.097  -25.180  34.323 0.5000000000
43923  22.678  -25.275  33.598 0.3000000119
44982  23.204  -24.440  34.698 0.4000000060
44967  23.570  -24.381  35.399 0.4000000060
45965  23.606  -23.607  35.658 0.4000000060
151266  23.892  -23.362  36.189 0.4000000060
57041  18.905  -13.623  47.573 0.4000000060
142097  19.544  -14.296  48.404 0.4000000060
147295  19.924  -15.349  48.524 0.4000000060
55907  20.236  -14.502  48.385 0.4000000060
33291  37.900  -36.880  30.671 0.2000000030
54783  20.486  -15.559  48.423 0.4000000060
152460  35.986  -35.610  30.636 0.1000000015
34298  35.405  -35.427  30.949 0.1000000015
54768  19.498  -15.980  48.256 0.4000000060
53611  19.783  -16.628  47.800 0.5000000000
127831  33.731  -35.421  32.254 0.1000000015
34296  39.007  -35.564  31.451 0.1000000015
34237  31.791  -35.278  35.089 0.2000000030
34220  31.442  -34.995  35.683 0.2000000030
53622  21.217  -17.034  47.474 0.4000000060
34221  30.462  -34.925  35.207 0.2000000030
130302  28.875  -32.465  36.492 0.2000000030
50173  20.208  -18.925  48.237 0.4000000060
37001  28.646  -31.730  36.981 0.2000000030
138706  28.102  -31.128  37.014 0.2000000030
51373  20.736  -18.204  47.331 0.4000000060
48967  21.009  -19.484  48.203 0.4000000060
50182  20.146  -19.304  47.987 0.4000000060
48993  19.905  -19.776  45.105 0.3000000119
50209  19.812  -19.651  44.173 0.3000000119
50224  19.598  -19.515  43.240 0.3000000119
38851  27.156  -30.871  37.155 0.3000000119
38842  25.875  -30.475  37.752 0.3000000119
47934  22.147  -21.061  46.283 0.5000000000
48974  20.787  -19.999  47.511 0.4000000060
49004  20.659  -20.103  44.537 0.3000000119
50223  20.423  -19.805  43.532 0.3000000119
132271  19.977  -19.708  40.775 0.4000000060
38852  26.396  -30.720  37.232 0.3000000119
48991  21.347  -20.610  45.939 0.3000000119
134195  21.511  -20.554  44.518 0.3000000119
128145  21.205  -20.167  43.749 0.3000000119
49019  21.027  -19.887  42.876 0.4000000060
50238  20.204  -19.617  42.583 0.4000000060
49082  19.941  -20.698  38.734 0.4000000060
39896  25.212  -30.198  37.553 0.3000000119
137471  20.471  -20.120  39.342 0.4000000060
49081  20.849  -20.419  38.385 0.4000000060
39888  24.569  -29.800  38.111 0.3000000119
127340  21.252  -20.060  39.051 0.4000000060
39903  24.512  -29.620  36.825 0.3000000119
49090  21.597  -20.585  37.780 0.4000000060
40892  23.952  -29.236  37.330 0.3000000119
40899  23.535  -28.592  36.419 0.3000000119
150798  23.597  -21.593  37.153 0.4000000060
48027  22.651  -20.997  37.246 0.4000000060
41890  23.327  -27.850  35.767 0.5000000000
46954  23.521  -22.032  36.584 0.4000000060
48039  23.049  -21.410  36.827 0.4000000060
41884  23.426  -27.195  36.306 0.4000000060
139440  23.274  -27.089  35.364 0.4000000060
147765  23.279  -25.803  34.676 0.4000000060
43915  23.445  -25.169  35.029 0.4000000060
59353  25.095  -11.106  45.573 0.2000000030
59352  25.709  -11.364  45.665 0.2000000030
57029  20.050  -13.858  48.153 0.4000000060
59351  26.527  -11.560  45.496 0.3000000119
58213  26.077  -12.216  45.623 0.2000000030
57028  20.787  -13.842  48.140 0.3000000119
58212  26.919  -12.494  45.662 0.3000000119
53610  20.812  -16.518  48.075 0.4000000060
128269  36.758  -35.721  30.779 0.1000000015
57071  28.212  -13.664  44.604 0.6000000238
58211  27.899  -12.810  45.268 0.6000000238
150983  34.782  -35.384  31.331 0.1000000015
51442  28.767  -18.820  42.172 0.6000000238
53675  28.182  -16.528  42.488 0.6000000238
135862  27.745  -13.884  43.919 0.6999999881
52513  20.774  -17.724  47.013 0.4000000060
34273  39.511  -34.702  31.994 0.1000000015
34272  39.845  -34.738  31.746 0.1000000015
34277  34.396  -35.546  33.352 0.2000000030
50235  28.831  -19.092  41.621 0.6000000238
53676  28.234  -16.696  42.910 0.6000000238
36113  30.503  -33.965  36.540 0.2000000030
46908  30.271  -23.194  40.654 0.6000000238
51430  28.470  -17.645  42.064 0.6000000238
50172  21.809  -18.728  48.112 0.4000000060
37894  28.939  -31.165  37.301 0.2000000030
47977  30.316  -22.191  40.598 0.6000000238
49025  29.627  -21.115  41.676 0.6000000238
50236  29.160  -19.507  41.864 0.6000000238
48966  21.937  -19.722  48.213 0.4000000060
39886  26.476  -30.395  37.595 0.3000000119
40891  25.748  -29.896  38.143 0.3000000119
47933  22.896  -21.173  45.709 0.5000000000
39887  25.381  -30.071  38.172 0.3000000119
41870  25.066  -29.201  39.205 0.4000000060
47944  22.945  -21.367  44.984 0.5000000000
47959  23.046  -21.374  44.226 0.5000000000
145936  21.813  -20.557  43.880 0.5000000000
49030  21.685  -19.927  42.277 0.4000000060
50237  20.853  -19.665  41.960 0.4000000060
50250  20.724  -19.616  41.088 0.4000000060
40881  24.710  -29.415  38.888 0.4000000060
49028  23.471  -20.666  42.622 0.5000000000
127563  23.230  -20.225  41.826 0.5000000000
49041  22.341  -19.922  41.634 0.4000000060
50249  21.510  -19.699  41.393 0.4000000060
49051  23.730  -20.204  40.262 0.4000000060
49052  22.911  -19.961  40.798 0.4000000060
50248  22.057  -19.738  40.903 0.4000000060
49053  22.090  -19.821  40.172 0.4000000060
49068  21.287  -19.833  39.772 0.4000000060
49077  24.004  -20.624  39.036 0.4000000060
49065  23.659  -20.328  39.514 0.4000000060
49066  22.881  -20.093  39.683 0.4000000060
49079  22.502  -20.210  38.864 0.4000000060
49080  21.785  -20.239  38.538 0.4000000060
48012  24.353  -21.191  38.537 0.4000000060
48013  23.594  -20.791  38.249 0.4000000060
49078  23.233  -20.376  38.866 0.4000000060
138853  23.382  -28.061  36.640 0.4000000060
46939  24.676  -22.075  38.029 0.4000000060
46948  24.075  -22.089  37.209 0.4000000060
42868  23.459  -26.161  35.453 0.4000000060
44956  24.335  -24.569  37.115 0.5000000000
134091  24.469  -22.886  37.359 0.4000000060
46953  23.983  -22.735  36.612 0.4000000060
43902  23.702  -25.221  35.871 0.4000000060
44957  23.960  -24.274  36.224 0.4000000060
45964  24.280  -23.581  36.799 0.4000000060
58214  25.675  -11.877  45.525 0.2000000030
54782  21.572  -15.422  48.305 0.4000000060
55905  22.273  -14.497  48.132 0.3000000119
59350  27.507  -11.766  45.220 0.6000000238
134233  21.836  -16.308  48.190 0.3000000119
54781  22.481  -15.536  48.223 0.4000000060
34317  37.874  -36.107  31.043 0.2000000030
34297  37.617  -35.275  31.580 0.2000000030
130311  36.398  -35.252  31.491 0.2000000030
52512  21.609  -17.533  46.959 0.3000000119
52511  22.447  -17.270  46.879 0.4000000060
144632  34.592  -35.372  32.199 0.2000000030
52569  28.391  -17.628  42.135 0.6000000238
55938  27.495  -14.635  43.886 0.5000000000
129385  27.444  -14.238  44.401 0.6000000238
142164  21.726  -18.706  46.779 0.4000000060
50170  22.704  -19.709  46.707 0.4000000060
36166  39.722  -34.168  32.515 0.1000000015
34254  34.133  -35.596  34.528 0.2000000030
34219  32.395  -35.104  36.034 0.2000000030
50247  29.092  -19.706  41.204 0.6000000238
148440  27.853  -15.670  43.255 0.6999999881
50171  22.523  -19.401  48.112 0.4000000060
35189  38.976  -33.846  33.428 0.1000000015
36101  31.109  -33.314  37.415 0.2000000030
37000  29.479  -32.189  37.228 0.2000000030
50221  28.733  -19.060  42.415 0.5000000000
134169  23.873  -20.751  47.200 0.4000000060
46865  23.974  -21.489  45.220 0.4000000060
37026  38.080  -32.735  33.579 0.1000000015
37895  28.110  -30.693  37.152 0.2000000030
40890  26.664  -28.738  37.200 0.3000000119
42853  26.169  -27.080  37.060 0.4000000060
45910  29.693  -24.004  41.427 0.6000000238
47919  23.177  -20.937  47.303 0.4000000060
41883  25.857  -28.497  37.770 0.4000000060
43859  28.374  -25.446  39.432 0.5000000000
44909  29.638  -24.775  40.489 0.6000000238
47925  23.564  -20.821  45.797 0.4000000060
47943  23.719  -21.843  44.757 0.5000000000
42836  25.721  -27.839  38.073 0.4000000060
43860  27.503  -25.677  38.860 0.6000000238
49027  24.074  -20.631  42.107 0.5000000000
49050  24.560  -20.461  40.661 0.5000000000
40882  24.004  -29.333  38.564 0.4000000060
40893  23.548  -28.673  37.608 0.4000000060
45947  24.950  -23.342  38.182 0.4000000060
40883  23.689  -28.940  38.739 0.3000000119
140910  23.411  -27.872  37.221 0.4000000060
42854  23.661  -26.183  36.494 0.4000000060
45956  24.614  -23.920  37.609 0.5000000000
42838  23.559  -27.181  37.455 0.5000000000
43884  23.991  -25.326  36.746 0.4000000060
43872  24.222  -25.702  37.751 0.5000000000
44946  24.541  -24.858  37.893 0.5000000000
57085  27.877  -13.765  43.093 0.6000000238
58210  28.678  -12.863  44.416 0.6999999881
53621  22.489  -16.710  48.050 0.4000000060
53690  28.251  -16.938  42.117 0.6999999881
132358  27.840  -13.737  43.455 0.6999999881
54806  27.307  -15.310  44.060 0.5000000000
50169  23.298  -19.450  45.965 0.4000000060
51371  22.750  -18.511  46.216 0.4000000060
34275  37.230  -34.822  32.549 0.2000000030
127553  35.317  -35.410  33.259 0.2000000030
35206  39.154  -34.115  32.793 0.1000000015
34235  33.724  -35.343  35.687 0.2000000030
35151  31.643  -34.024  37.145 0.2000000030
134729  28.359  -18.582  41.474 0.6000000238
52554  28.100  -16.758  43.187 0.5000000000
47917  24.432  -20.950  47.099 0.3000000119
36138  39.002  -33.807  33.471 0.1000000015
36139  38.171  -33.665  33.695 0.1000000015
36991  30.260  -31.886  37.589 0.2000000030
39884  28.736  -30.087  37.204 0.2000000030
46872  24.819  -22.095  44.854 0.5000000000
37925  36.648  -32.072  33.341 0.1000000015
43834  29.123  -25.603  41.251 0.5000000000
46888  24.444  -22.123  44.626 0.5000000000
37044  34.779  -32.554  32.976 0.2000000030
37940  36.365  -31.603  32.547 0.1000000015
43847  28.774  -25.886  40.378 0.5000000000
43846  29.286  -25.386  40.471 0.5000000000
47969  25.470  -21.318  42.047 0.5000000000
140977  24.555  -22.129  43.979 0.5000000000
37062  35.507  -32.158  32.250 0.1000000015
37063  34.446  -32.576  31.949 0.1000000015
42824  26.020  -27.318  39.247 0.4000000060
43849  26.880  -26.672  39.570 0.6000000238
150731  24.786  -21.108  42.379 0.5000000000
47958  23.836  -21.819  44.062 0.5000000000
37064  33.214  -32.831  31.571 0.1000000015
37083  33.253  -32.832  30.558 0.1000000015
42825  25.483  -28.178  39.137 0.4000000060
47979  26.027  -21.696  41.477 0.5000000000
49039  25.337  -20.940  41.077 0.5000000000
47970  24.185  -21.326  43.123 0.5000000000
37107  32.310  -32.918  29.443 0.1000000015
41854  24.775  -28.518  40.018 0.4000000060
41853  25.391  -28.253  40.242 0.4000000060
46919  26.028  -22.191  40.151 0.5000000000
138206  25.565  -22.088  39.379 0.5000000000
49063  25.058  -20.843  40.178 0.5000000000
49040  24.738  -20.674  41.572 0.5000000000
40872  24.472  -28.977  39.469 0.3000000119
46929  25.817  -23.015  39.545 0.5000000000
47999  25.374  -21.448  39.736 0.5000000000
48000  24.691  -20.980  39.367 0.4000000060
40873  24.017  -29.153  39.297 0.3000000119
44936  24.857  -24.614  38.493 0.5000000000
48011  25.004  -21.649  38.948 0.5000000000
43873  23.845  -26.209  37.290 0.4000000060
57073  27.101  -13.242  45.532 0.2000000030
52510  23.294  -17.213  46.601 0.4000000060
34274  38.385  -34.552  32.428 0.2000000030
54850  28.100  -16.303  42.262 0.6999999881
55978  27.835  -15.441  42.400 0.6000000238
57072  27.449  -13.761  45.174 0.4000000060
50189  23.974  -19.453  45.581 0.4000000060
34253  35.907  -35.244  34.293 0.2000000030
51448  28.558  -19.067  41.253 0.6000000238
53656  27.513  -15.739  43.711 0.5000000000
55939  27.040  -14.875  44.425 0.4000000060
48980  24.781  -20.614  47.038 0.5000000000
148286  34.653  -35.235  35.520 0.2000000030
35150  32.419  -34.105  37.263 0.2000000030
49048  29.399  -20.312  40.865 0.6000000238
52563  28.361  -17.301  42.580 0.5000000000
52564  28.040  -17.725  43.253 0.5000000000
46863  24.958  -21.679  44.897 0.5000000000
37892  30.835  -31.503  37.590 0.2000000030
38839  29.453  -30.586  37.364 0.2000000030
39895  28.170  -29.535  36.948 0.3000000119
49026  29.198  -20.584  42.185 0.6000000238
49014  28.308  -21.153  42.950 0.6000000238
46887  25.213  -22.282  44.328 0.5000000000
141331  36.547  -33.010  34.097 0.2000000030
37043  35.770  -32.311  33.145 0.1000000015
42852  26.965  -26.630  36.248 0.4000000060
44894  29.451  -24.851  41.350 0.6000000238
45896  29.246  -23.919  42.048 0.5000000000
47957  25.248  -21.965  43.261 0.5000000000
43836  28.313  -26.790  40.985 0.5000000000
43835  28.661  -26.341  41.197 0.5000000000
43823  28.552  -26.281  41.961 0.5000000000
137597  26.292  -22.068  40.951 0.5000000000
46910  26.689  -22.744  41.823 0.5000000000
37045  33.639  -32.835  32.682 0.2000000030
42813  27.317  -27.269  40.767 0.6000000238
42804  27.668  -27.422  41.653 0.5000000000
45935  26.260  -23.194  40.242 0.5000000000
37084  32.429  -32.914  30.874 0.2000000030
129930  32.624  -32.910  30.147 0.1000000015
42814  26.163  -27.940  40.702 0.5000000000
137834  25.898  -24.207  40.098 0.5000000000
37085  31.890  -32.935  30.191 0.1000000015
45946  25.361  -24.176  39.194 0.5000000000
37108  31.446  -32.936  29.361 0.1000000015
37109  30.643  -32.858  29.330 0.1000000015
41856  23.728  -28.626  39.148 0.3000000119
41871  23.498  -28.233  38.177 0.3000000119
43863  24.528  -25.728  38.677 0.5000000000
42837  23.814  -26.875  38.202 0.5000000000
55959  25.114  -14.584  44.895 0.2000000030
58219  26.161  -12.882  45.165 0.1000000015
59359  27.146  -10.909  45.120 0.4000000060
58203  26.474  -13.235  45.190 0.1000000015
58218  28.808  -12.668  43.812 0.6999999881
59358  27.966  -11.297  44.804 0.6999999881
140514  28.169  -17.551  41.726 0.6999999881
57053  26.573  -14.281  44.782 0.3000000119
51391  23.980  -18.376  45.534 0.4000000060
35190  38.187  -33.920  33.647 0.1000000015
52587  28.156  -18.498  41.200 0.6000000238
53657  26.984  -15.876  44.244 0.5000000000
54807  26.670  -15.433  44.505 0.4000000060
55924  26.217  -14.980  44.834 0.3000000119
55925  26.234  -14.722  45.635 0.2000000030
47931  24.924  -21.288  44.960 0.5000000000
131984  35.090  -35.507  34.500 0.2000000030
35149  32.816  -34.475  37.004 0.2000000030
51454  28.469  -19.101  41.069 0.6000000238
135520  27.494  -18.593  43.489 0.5000000000
51419  26.867  -17.857  43.879 0.5000000000
52542  26.846  -16.427  44.201 0.5000000000
46871  25.306  -22.057  44.580 0.5000000000
37891  31.347  -32.021  37.597 0.2000000030
39883  29.592  -29.975  37.090 0.2000000030
44923  29.854  -24.546  39.646 0.6000000238
49060  29.569  -20.852  40.401 0.6000000238
47967  28.770  -21.954  42.603 0.6000000238
141207  27.874  -20.466  43.247 0.6000000238
47968  26.184  -22.275  42.672 0.5000000000
36140  37.278  -33.416  33.947 0.2000000030
37027  35.826  -32.775  33.959 0.2000000030
147938  27.256  -28.012  36.375 0.4000000060
47997  29.941  -21.633  39.865 0.6000000238
45897  28.649  -24.146  42.426 0.5000000000
47954  27.939  -22.223  43.302 0.6000000238
138604  35.121  -32.658  33.776 0.2000000030
43883  27.474  -25.366  36.842 0.4000000060
44935  28.346  -24.886  38.320 0.6000000238
44922  30.271  -23.927  38.832 0.6000000238
42803  28.153  -26.958  41.803 0.5000000000
42785  27.921  -26.933  42.269 0.5000000000
151309  26.831  -27.915  42.087 0.5000000000
45923  26.494  -24.056  40.865 0.5000000000
37046  32.534  -33.026  32.475 0.2000000030
37065  32.187  -32.969  31.663 0.2000000030
37066  31.445  -32.929  31.127 0.2000000030
41842  25.349  -28.167  40.951 0.5000000000
41824  26.608  -28.038  41.638 0.6000000238
134144  30.522  -32.782  30.840 0.2000000030
37086  31.045  -32.901  30.141 0.2000000030
37087  29.813  -32.541  30.455 0.2000000030
37110  29.811  -32.657  29.398 0.2000000030
140463  30.257  -32.776  28.633 0.2000000030
41855  24.272  -28.571  39.740 0.4000000060
37111  29.121  -32.346  29.104 0.2000000030
43862  24.898  -25.693  39.489 0.5000000000
42827  23.582  -27.795  38.551 0.4000000060
140556  24.147  -26.616  38.752 0.5000000000
136385  24.757  -11.809  44.814 0.3000000119
58220  25.553  -12.863  44.691 0.2000000030
60401  26.632  -10.490  44.241 0.6999999881
60390  26.565  -10.402  44.958 0.5000000000
58224  28.586  -12.229  43.753 0.6000000238
60389  27.357  -10.837  44.798 0.6999999881
35207  38.313  -34.073  33.374 0.2000000030
54851  27.885  -15.728  42.093 0.6999999881
53708  28.106  -17.000  41.722 0.6999999881
34251  37.604  -34.400  33.356 0.2000000030
53721  27.820  -17.361  41.330 0.8000000119
53646  25.809  -15.984  45.297 0.4000000060
35192  36.046  -34.854  34.673 0.2000000030
34234  35.430  -35.117  35.074 0.2000000030
34217  34.139  -35.017  36.255 0.2000000030
49049  29.066  -20.099  40.784 0.6000000238
50222  27.452  -19.650  43.472 0.6000000238
51420  26.011  -17.533  44.499 0.5000000000
46899  26.882  -23.036  42.930 0.5000000000
35161  34.404  -34.871  35.948 0.2000000030
36099  32.646  -33.879  37.090 0.2000000030
38838  30.403  -30.781  37.420 0.2000000030
37905  31.489  -31.395  36.777 0.2000000030
38849  30.620  -30.378  36.979 0.2000000030
45934  30.456  -23.420  38.995 0.6000000238
46928  30.190  -22.215  39.270 0.6000000238
134382  28.304  -24.730  42.473 0.5000000000
128467  26.945  -23.838  41.640 0.5000000000
37014  35.045  -33.127  34.555 0.2000000030
37029  32.969  -33.167  33.343 0.2000000030
39892  30.480  -30.067  36.320 0.3000000119
40888  28.694  -28.717  36.299 0.3000000119
44944  29.055  -24.484  37.284 0.6000000238
44933  30.288  -23.805  37.888 0.6999999881
45945  30.443  -23.395  38.124 0.6999999881
46936  30.532  -22.971  38.391 0.6000000238
44943  29.966  -24.138  37.606 0.6999999881
42796  26.548  -27.677  42.390 0.5000000000
44911  25.976  -25.355  40.953 0.5000000000
36153  32.083  -33.258  33.505 0.2000000030
37067  30.603  -32.795  31.810 0.2000000030
41834  25.889  -28.243  41.550 0.5000000000
41825  26.099  -28.123  41.982 0.5000000000
37049  29.885  -32.285  32.326 0.2000000030
37068  29.856  -32.455  31.391 0.2000000030
37970  29.175  -32.059  30.971 0.2000000030
41836  24.826  -28.051  40.631 0.5000000000
44925  25.363  -25.516  40.234 0.5000000000
37971  28.600  -31.570  30.472 0.2000000030
37088  29.175  -32.185  29.986 0.2000000030
37989  28.502  -31.772  29.420 0.2000000030
37990  27.877  -31.214  29.352 0.2000000030
61480  25.917  -9.150  43.326 0.8000000119
60409  25.823  -9.850  42.554 0.8000000119
60408  26.176  -10.386  43.054 0.8000000119
59381  26.388  -11.300  42.468 0.6999999881
59380  27.571  -11.762  43.219 0.6999999881
57100  27.545  -13.348  42.433 0.6999999881
55980  27.603  -14.216  42.299 0.6999999881
54862  27.570  -15.705  41.639 0.6999999881
52543  26.043  -16.699  44.619 0.5000000000
130194  37.350  -34.217  33.856 0.2000000030
35174  36.211  -34.528  34.717 0.2000000030
35160  34.935  -34.640  35.585 0.2000000030
51455  28.103  -18.662  40.924 0.6999999881
137523  27.974  -17.974  41.171 0.8000000119
47955  27.385  -21.671  43.648 0.6000000238
49001  26.580  -20.331  44.097 0.6000000238
35173  37.167  -34.149  34.165 0.2000000030
36122  36.425  -33.926  34.522 0.2000000030
36111  33.623  -34.476  36.477 0.2000000030
36997  32.292  -32.932  37.324 0.2000000030
50267  28.546  -19.973  40.530 0.6999999881
46884  27.948  -23.137  43.066 0.6000000238
46885  27.284  -22.569  43.465 0.5000000000
45885  26.948  -22.855  43.253 0.5000000000
48008  29.895  -21.991  38.964 0.6000000238
45883  28.080  -24.013  42.662 0.5000000000
45898  27.428  -23.507  42.608 0.5000000000
128413  27.309  -23.768  42.270 0.5000000000
44910  26.669  -25.190  41.718 0.5000000000
37028  34.076  -32.962  34.004 0.2000000030
136113  30.743  -30.434  36.636 0.2000000030
40887  29.452  -28.937  35.909 0.3000000119
40897  28.198  -27.973  35.990 0.3000000119
129262  27.608  -25.821  36.170 0.5000000000
44954  29.410  -24.607  36.391 0.5000000000
142558  29.945  -24.218  36.813 0.6000000238
44880  27.906  -25.308  42.498 0.5000000000
43838  25.339  -26.695  41.256 0.5000000000
37943  28.959  -31.144  32.386 0.2000000030
42797  25.697  -27.785  42.056 0.5000000000
43850  24.817  -26.873  40.589 0.5000000000
39935  26.954  -28.927  31.457 0.2000000030
38901  28.138  -30.608  31.462 0.2000000030
37956  28.639  -31.247  31.494 0.2000000030
38914  28.138  -30.948  30.809 0.2000000030
41835  25.548  -28.051  41.527 0.5000000000
43851  24.357  -27.037  39.785 0.5000000000
138046  25.954  -23.966  31.404 0.2000000030
42894  26.191  -26.403  31.848 0.2000000030
39934  27.278  -29.632  31.151 0.2000000030
150720  27.836  -30.775  30.425 0.2000000030
38915  27.523  -30.641  29.868 0.2000000030
47012  25.695  -22.216  31.198 0.2000000030
140151  25.678  -24.951  31.251 0.2000000030
42895  25.660  -26.350  31.219 0.2000000030
40941  26.379  -28.445  30.931 0.2000000030
39952  26.699  -29.185  30.596 0.2000000030
38932  26.871  -30.156  29.303 0.2000000030
137103  27.376  -30.883  28.703 0.2000000030
38006  28.053  -31.550  28.562 0.2000000030
136233  24.453  -20.701  31.869 0.4000000060
46048  25.506  -23.625  30.726 0.2000000030
45023  25.500  -24.418  30.859 0.2000000030
40957  26.122  -28.675  30.054 0.2000000030
39969  26.481  -29.414  29.721 0.2000000030
42826  23.851  -27.824  39.391 0.5000000000
48081  24.668  -21.129  31.145 0.3000000119
151334  23.753  -19.564  31.373 0.5000000000
127943  25.875  -9.498  42.116 0.8000000119
59382  25.780  -10.530  42.123 0.8000000119
137600  26.267  -12.647  41.560 0.6999999881
58233  27.011  -12.402  42.315 0.6999999881
55986  27.264  -14.790  41.741 0.6999999881
138416  27.583  -17.298  41.008 0.8000000119
53709  27.782  -16.615  41.480 0.8000000119
37013  35.746  -33.560  34.664 0.2000000030
36124  34.903  -34.049  35.330 0.2000000030
36112  33.274  -33.863  36.490 0.2000000030
37005  32.638  -33.223  36.895 0.2000000030
49062  28.009  -20.366  39.853 0.6999999881
45884  27.644  -23.596  42.707 0.5000000000
36143  33.007  -33.405  34.252 0.2000000030
37015  32.772  -33.285  35.858 0.2000000030
137930  32.340  -32.806  36.297 0.2000000030
46947  30.316  -22.495  37.375 0.6999999881
48021  29.906  -22.181  37.871 0.6999999881
44895  27.725  -24.373  42.499 0.5000000000
45911  27.292  -24.797  42.199 0.5000000000
37913  31.653  -32.139  35.759 0.2000000030
38865  30.574  -30.548  35.348 0.3000000119
39901  30.012  -29.486  35.833 0.2000000030
147907  28.979  -28.013  35.452 0.3000000119
42867  28.152  -26.479  35.631 0.4000000060
43882  28.690  -25.263  36.081 0.4000000060
46952  30.425  -22.650  36.794 0.6999999881
43810  26.889  -26.810  42.516 0.5000000000
141263  26.611  -26.226  42.289 0.5000000000
43837  25.944  -26.466  41.830 0.5000000000
37941  29.977  -31.947  33.243 0.2000000030
39908  29.855  -29.505  35.069 0.3000000119
40904  29.322  -28.456  35.016 0.3000000119
41894  28.860  -27.146  34.992 0.4000000060
42866  28.768  -26.394  35.148 0.4000000060
44966  29.564  -24.647  35.651 0.4000000060
44953  30.151  -24.034  36.194 0.6000000238
45972  30.273  -23.390  35.897 0.6000000238
43824  26.048  -27.183  42.327 0.5000000000
37942  29.457  -31.486  32.779 0.2000000030
134594  28.950  -27.769  34.675 0.4000000060
43900  29.061  -25.465  35.195 0.4000000060
44965  29.926  -23.986  35.515 0.6000000238
43825  25.505  -27.320  41.893 0.5000000000
42805  25.096  -27.660  41.383 0.5000000000
38887  28.517  -30.458  32.377 0.2000000030
41899  28.622  -27.022  34.445 0.4000000060
42872  28.774  -26.283  34.796 0.4000000060
43899  29.388  -24.596  35.006 0.4000000060
45985  29.869  -23.326  35.353 0.6999999881
42815  24.630  -27.705  40.617 0.5000000000
43940  25.915  -25.636  31.619 0.3000000119
41911  26.442  -27.209  31.929 0.2000000030
41922  25.558  -27.076  30.677 0.2000000030
44980  29.640  -23.877  35.031 0.6000000238
46038  25.874  -22.959  31.228 0.3000000119
40942  25.803  -27.933  30.395 0.2000000030
42816  24.324  -28.031  40.181 0.4000000060
42905  25.298  -26.169  30.530 0.2000000030
135592  25.433  -27.461  29.956 0.2000000030
40974  25.899  -28.938  29.173 0.2000000030
40975  25.389  -28.495  28.401 0.2000000030
38950  26.716  -30.322  28.289 0.2000000030
48093  25.335  -21.970  30.661 0.2000000030
42915  24.858  -25.850  29.818 0.2000000030
151110  24.791  -26.399  29.438 0.2000000030
41937  25.175  -27.380  29.411 0.2000000030
150554  25.197  -28.502  27.684 0.2000000030
51578  23.790  -18.847  31.408 0.5000000000
52704  24.141  -17.954  31.645 0.5000000000
61509  27.052  -9.200  40.671 0.6999999881
60417  25.574  -10.275  41.418 0.6999999881
61511  25.795  -9.922  40.152 0.6999999881
60428  25.497  -10.424  40.398 0.6999999881
59399  25.357  -11.146  40.745 0.6999999881
59391  25.639  -11.142  41.559 0.6999999881
60440  25.578  -10.568  39.510 0.6999999881
59410  25.233  -11.297  39.781 0.6999999881
57118  25.406  -12.960  40.209 0.6999999881
57117  25.885  -13.645  40.630 0.6999999881
57109  26.374  -13.426  41.314 0.6999999881
54874  26.182  -15.667  39.661 0.6999999881
55992  26.022  -14.520  40.285 0.6999999881
53722  27.082  -16.647  40.734 0.6999999881
50268  27.795  -19.434  40.313 0.6999999881
49074  28.510  -21.096  39.273 0.6999999881
148651  31.722  -33.141  34.140 0.3000000119
37016  31.983  -32.971  35.121 0.3000000119
48035  30.044  -22.145  36.772 0.6999999881
48022  29.164  -21.799  37.459 0.6999999881
37031  30.570  -32.292  33.801 0.2000000030
37914  30.765  -31.562  34.801 0.3000000119
45963  30.434  -22.918  36.293 0.6999999881
37927  29.711  -31.063  33.678 0.2000000030
37926  30.189  -31.467  34.027 0.3000000119
39916  29.479  -29.648  34.314 0.3000000119
40903  29.613  -29.059  35.293 0.3000000119
139907  30.084  -22.663  35.740 0.6999999881
38886  29.188  -30.699  33.162 0.2000000030
40910  28.913  -28.339  34.093 0.3000000119
39925  27.275  -28.697  32.166 0.2000000030
144930  28.670  -27.597  34.082 0.4000000060
42878  28.557  -26.202  34.184 0.4000000060
43914  28.882  -25.435  34.597 0.4000000060
44981  29.276  -24.098  34.630 0.4000000060
44994  28.913  -24.678  34.355 0.4000000060
46037  26.433  -23.136  31.805 0.3000000119
140547  26.256  -24.795  31.816 0.3000000119
41954  25.060  -27.652  28.743 0.2000000030
50326  23.964  -19.714  31.999 0.4000000060
49129  23.893  -20.282  31.166 0.3000000119
49144  24.265  -20.902  30.433 0.3000000119
47026  24.955  -22.037  30.033 0.2000000030
47042  24.893  -22.753  29.750 0.2000000030
43961  24.909  -25.004  29.895 0.2000000030
142355  24.557  -26.043  29.037 0.2000000030
41972  24.888  -27.895  27.788 0.2000000030
45033  24.747  -24.346  29.556 0.2000000030
43962  24.571  -25.194  29.242 0.2000000030
41955  24.699  -27.182  28.260 0.2000000030
130179  24.445  -17.074  31.655 0.5000000000
50337  23.639  -19.426  30.799 0.3000000119
53830  24.743  -16.214  31.537 0.5000000000
60436  29.365  -10.656  40.008 0.8000000119
60426  28.887  -9.888  40.493 0.8000000119
60427  27.650  -9.624  40.152 0.6999999881
60437  28.305  -10.284  39.624 0.6999999881
60438  27.238  -10.045  39.318 0.6999999881
60439  26.201  -10.204  39.220 0.6999999881
148424  25.140  -11.797  39.097 0.6999999881
58273  25.143  -12.269  39.670 0.6999999881
60450  26.948  -10.454  38.569 0.6999999881
150743  25.760  -10.649  38.833 0.6999999881
133402  25.396  -11.172  38.814 0.6999999881
149529  25.218  -13.017  39.565 0.6999999881
56004  25.625  -14.406  39.453 0.6999999881
53732  26.491  -16.584  39.826 0.6999999881
135308  25.456  -14.376  38.744 0.6999999881
54875  25.779  -15.172  39.008 0.6999999881
53743  26.218  -16.920  38.974 0.6999999881
52600  26.649  -17.624  39.740 0.6999999881
50269  26.973  -19.119  39.599 0.6999999881
150548  25.983  -16.445  38.450 0.6999999881
52609  26.244  -17.695  38.693 0.6999999881
50275  26.582  -19.233  38.736 0.6999999881
50274  27.226  -19.841  39.318 0.6999999881
49075  27.578  -20.701  38.845 0.6999999881
49076  26.786  -20.095  38.346 0.6999999881
48010  28.181  -21.428  38.224 0.6999999881
48009  29.181  -21.724  38.618 0.6999999881
49088  26.522  -20.304  37.440 0.6999999881
48023  27.960  -21.495  37.054 0.6999999881
130802  30.248  -22.440  36.277 0.6999999881
38873  29.590  -30.309  34.071 0.2000000030
39917  28.897  -29.175  33.765 0.2000000030
48036  29.177  -21.766  36.369 0.6999999881
48043  29.851  -22.076  35.953 0.6999999881
133205  28.249  -29.480  32.774 0.2000000030
40916  28.288  -28.632  33.255 0.2000000030
40911  28.262  -27.859  33.517 0.3000000119
48037  28.192  -21.526  35.975 0.6999999881
41906  27.118  -27.384  32.573 0.2000000030
42884  26.854  -26.538  32.473 0.3000000119
138970  27.571  -26.731  33.064 0.3000000119
42879  28.060  -26.080  33.558 0.3000000119
46960  29.454  -22.270  35.361 0.6999999881
140548  26.755  -24.693  32.328 0.3000000119
46023  26.963  -23.293  32.416 0.3000000119
43921  28.505  -25.381  33.955 0.4000000060
46002  28.822  -23.910  34.159 0.4000000060
46968  29.627  -22.800  35.191 0.6999999881
48065  25.190  -21.365  31.787 0.4000000060
48079  25.918  -21.909  31.876 0.3000000119
50319  24.073  -18.678  32.310 0.5000000000
53807  24.785  -16.673  32.319 0.5000000000
52687  24.474  -17.661  32.551 0.5000000000
43972  24.344  -25.432  28.420 0.2000000030
54969  25.013  -15.956  32.086 0.5000000000
46061  24.610  -23.527  29.245 0.2000000030
52722  24.194  -17.361  30.910 0.4000000060
52705  23.988  -18.099  30.954 0.4000000060
49145  23.691  -20.118  30.271 0.3000000119
54984  25.127  -15.486  31.471 0.5000000000
141326  24.484  -16.503  30.826 0.4000000060
56128  25.896  -14.350  31.371 0.5000000000
58269  32.103  -12.442  39.027 0.6999999881
58270  31.871  -12.068  39.512 0.6999999881
57132  31.906  -12.823  39.161 0.6999999881
58271  31.301  -12.452  39.495 0.6999999881
59408  29.814  -11.398  39.646 0.8000000119
59409  28.852  -11.029  39.230 0.6999999881
58278  30.670  -12.889  39.107 0.6999999881
58272  30.265  -12.191  39.378 0.8000000119
59418  28.470  -11.370  38.502 0.6999999881
59419  27.596  -11.009  38.142 0.6999999881
60451  26.214  -10.631  38.442 0.6999999881
57146  25.185  -12.863  38.192 0.6999999881
135629  25.304  -13.844  38.098 0.6999999881
58279  29.794  -12.625  38.711 0.6999999881
58280  28.928  -12.163  38.255 0.6999999881
59429  27.285  -11.301  37.431 0.6999999881
146211  26.401  -11.306  37.338 0.6999999881
58294  25.408  -12.192  37.412 0.6999999881
54886  25.774  -15.750  38.299 0.6999999881
56039  25.361  -14.287  37.192 0.6999999881
54902  25.563  -15.514  37.371 0.6999999881
53744  26.019  -17.042  38.202 0.6999999881
51486  26.213  -18.460  38.260 0.6999999881
127835  25.814  -16.391  37.804 0.6999999881
52610  25.977  -17.723  37.887 0.6999999881
50280  26.230  -19.334  37.705 0.6999999881
144055  25.938  -18.379  37.437 0.6999999881
50287  26.071  -19.848  36.878 0.6999999881
48024  26.901  -21.014  37.004 0.6999999881
132329  26.371  -20.481  36.754 0.6999999881
148757  27.343  -21.278  36.404 0.6999999881
48044  29.027  -21.831  35.541 0.6999999881
43928  27.256  -24.987  32.786 0.3000000119
138675  27.382  -25.866  32.920 0.3000000119
43922  27.866  -25.218  33.394 0.3000000119
46969  29.056  -22.589  34.745 0.6000000238
45005  27.154  -24.127  32.610 0.3000000119
44995  28.376  -24.556  33.765 0.4000000060
46977  28.637  -23.072  34.108 0.4000000060
45986  29.333  -23.360  34.728 0.4000000060
145265  24.940  -21.038  32.350 0.4000000060
48064  25.608  -21.466  32.456 0.3000000119
46991  27.265  -22.760  32.815 0.4000000060
46022  27.551  -23.472  32.987 0.3000000119
46003  28.192  -23.679  33.587 0.4000000060
57245  27.618  -13.568  31.750 0.6000000238
51547  24.394  -18.541  33.145 0.6000000238
49112  25.074  -20.976  33.011 0.4000000060
46978  27.830  -22.751  33.474 0.4000000060
57231  26.873  -13.305  32.400 0.6000000238
54968  25.339  -15.214  32.134 0.6000000238
56114  26.739  -13.776  31.458 0.6000000238
51589  23.715  -18.562  30.513 0.4000000060
52723  23.948  -17.711  30.268 0.4000000060
54983  25.473  -14.919  30.859 0.4000000060
51597  23.676  -18.183  29.700 0.4000000060
57131  32.086  -13.028  38.771 0.6999999881
54883  33.226  -14.502  37.308 0.8999999762
56036  34.096  -14.534  37.259 0.8999999762
56017  32.407  -13.996  37.640 0.8999999762
57144  31.404  -13.247  38.980 0.6999999881
57145  30.475  -13.425  38.338 0.6999999881
54884  32.554  -14.629  37.376 0.8999999762
56018  32.013  -14.246  37.695 0.8000000119
56019  31.416  -13.870  38.104 0.6999999881
58307  27.819  -11.867  36.993 0.6999999881
59440  26.344  -11.769  36.618 0.6999999881
57157  25.289  -13.182  37.357 0.6999999881
56037  31.475  -14.633  37.415 0.8000000119
56020  29.818  -13.728  37.457 0.6999999881
57156  29.031  -13.115  37.092 0.6999999881
132849  27.569  -12.121  36.181 0.6999999881
58308  26.279  -12.155  36.079 0.6999999881
142051  25.590  -12.776  36.252 0.6999999881
57170  25.389  -13.394  36.565 0.6999999881
139144  25.694  -16.454  37.017 0.6999999881
54900  30.865  -14.915  36.892 0.8000000119
56038  30.123  -14.505  36.910 0.6999999881
57169  28.815  -13.196  36.212 0.6999999881
152182  25.849  -17.695  37.248 0.6999999881
52627  25.733  -17.242  36.794 0.6999999881
51487  25.715  -18.095  36.656 0.6999999881
50281  25.817  -19.026  36.882 0.6999999881
51498  25.547  -18.853  36.161 0.6999999881
50288  25.743  -19.545  36.353 0.6999999881
48038  26.628  -20.928  36.261 0.6999999881
139967  27.291  -21.330  35.669 0.6999999881
133106  26.424  -20.993  35.443 0.6999999881
48045  28.091  -21.630  35.170 0.6000000238
48049  28.703  -22.011  34.865 0.6000000238
131433  28.877  -14.032  33.920 0.6999999881
140922  28.404  -13.251  33.620 0.6999999881
48046  27.190  -21.418  34.870 0.6000000238
54947  29.345  -15.054  34.190 0.6999999881
146467  28.228  -13.224  32.952 0.6999999881
57230  27.671  -13.083  32.615 0.6000000238
46992  26.641  -22.472  32.318 0.3000000119
57208  28.651  -13.815  33.039 0.6999999881
53806  25.159  -16.090  32.762 0.6000000238
53789  24.983  -16.948  33.129 0.6000000238
48063  26.407  -21.852  32.661 0.3000000119
46970  28.285  -22.337  34.216 0.5000000000
56113  28.745  -14.602  32.428 0.6999999881
52662  24.739  -17.783  33.525 0.6000000238
46979  27.146  -22.193  33.013 0.4000000060
56115  25.744  -14.434  32.476 0.6000000238
50309  24.471  -19.212  33.563 0.6000000238
49106  24.650  -20.105  33.539 0.6000000238
56126  28.298  -14.359  31.554 0.6000000238
54996  24.958  -15.591  30.623 0.4000000060
145909  26.613  -14.196  30.746 0.5000000000
52736  24.269  -16.781  30.007 0.4000000060
56139  26.161  -14.590  30.390 0.5000000000
53850  24.658  -16.023  30.062 0.4000000060
53872  24.767  -16.118  29.325 0.4000000060
57155  32.628  -13.547  37.578 0.8000000119
57154  33.675  -14.051  37.420 0.8000000119
57141  32.812  -13.879  37.465 0.8999999762
57167  33.227  -13.458  37.276 0.8000000119
54896  34.137  -15.084  37.064 0.8000000119
56051  34.710  -14.983  36.877 0.6999999881
54897  33.644  -15.035  37.135 0.8000000119
133128  25.440  -12.707  36.802 0.6999999881
54913  34.008  -15.563  36.712 0.8000000119
54915  32.257  -15.592  36.655 0.8000000119
54885  32.153  -15.013  37.211 0.8000000119
58320  26.531  -12.379  35.430 0.6999999881
58321  25.923  -12.530  35.803 0.6999999881
57179  25.584  -13.312  35.671 0.6999999881
132143  25.456  -15.003  36.639 0.6999999881
53757  33.362  -15.959  36.149 0.8000000119
54901  30.457  -15.006  36.351 0.8000000119
57178  28.697  -13.290  35.328 0.6999999881
58306  28.187  -12.604  35.711 0.6999999881
59453  26.821  -12.023  36.018 0.6999999881
135062  25.491  -15.136  35.906 0.6999999881
127998  25.555  -15.795  36.484 0.6999999881
53758  32.842  -15.839  36.436 0.8000000119
135955  31.731  -15.658  36.223 0.8000000119
54917  30.352  -15.278  35.748 0.6999999881
56069  29.268  -14.018  35.816 0.6999999881
52634  25.454  -17.312  35.578 0.6999999881
143485  25.606  -17.472  36.211 0.6999999881
53765  32.613  -16.129  35.683 0.8000000119
53760  31.526  -15.842  35.570 0.8000000119
56068  29.746  -14.877  35.456 0.6999999881
57191  28.572  -13.326  34.443 0.6999999881
137775  27.162  -12.680  33.809 0.6999999881
57192  26.669  -12.887  33.786 0.6999999881
51513  25.228  -18.778  35.442 0.6999999881
50296  25.474  -19.585  35.711 0.6999999881
53766  31.962  -16.172  35.228 0.8000000119
54935  30.198  -15.536  35.039 0.6999999881
57209  27.769  -12.802  33.460 0.6999999881
57210  26.595  -13.181  33.173 0.6000000238
48050  27.841  -21.794  34.447 0.5000000000
53768  30.610  -15.898  34.605 0.6999999881
57232  26.161  -13.724  32.864 0.6000000238
48056  27.545  -21.991  33.721 0.5000000000
54946  29.944  -15.724  34.286 0.6999999881
54959  25.457  -15.338  33.082 0.6000000238
48058  25.917  -21.428  33.171 0.4000000060
48057  26.801  -21.703  33.355 0.5000000000
53779  30.379  -15.998  33.959 0.6999999881
54958  29.577  -15.724  33.568 0.6999999881
56100  29.043  -14.855  33.346 0.6999999881
56127  27.488  -14.272  30.827 0.6000000238
54995  25.620  -15.020  30.136 0.4000000060
52750  24.227  -17.073  28.526 0.4000000060
53889  24.849  -16.393  28.617 0.4000000060
56138  26.926  -14.629  30.122 0.5000000000
55011  25.432  -15.516  29.554 0.4000000060
53871  25.602  -15.988  28.782 0.4000000060
53888  25.757  -16.518  28.191 0.4000000060
57153  34.696  -14.078  37.404 0.6999999881
58303  33.557  -12.873  36.655 0.6000000238
56035  34.565  -14.534  37.242 0.6999999881
56050  35.397  -14.286  36.939 0.6999999881
56067  35.361  -14.596  36.070 0.6999999881
58331  26.050  -12.782  35.044 0.6999999881
54931  34.140  -15.701  36.145 0.8000000119
131484  34.768  -15.189  35.861 0.6999999881
58319  27.352  -12.343  35.248 0.6999999881
58330  26.774  -12.583  34.536 0.6999999881
57193  25.759  -13.534  34.739 0.6999999881
56070  25.525  -14.336  35.307 0.6999999881
56053  25.409  -14.242  36.208 0.6999999881
58329  27.573  -12.591  34.310 0.6999999881
145680  26.239  -13.021  34.374 0.6999999881
56087  25.609  -14.462  34.367 0.6999999881
54918  25.530  -15.928  35.776 0.6999999881
54933  32.844  -16.224  35.405 0.8000000119
53780  25.406  -16.331  34.445 0.6999999881
57211  26.048  -13.563  33.800 0.6000000238
52643  25.282  -17.184  34.799 0.6999999881
139439  25.193  -17.979  35.131 0.6000000238
50301  25.086  -19.530  34.960 0.6999999881
134958  25.611  -20.419  35.120 0.6000000238
53776  32.304  -16.327  34.980 0.8000000119
56101  25.695  -14.474  33.425 0.6000000238
51528  24.899  -18.687  34.693 0.6000000238
49102  26.324  -21.157  34.621 0.5000000000
53777  31.668  -16.308  34.580 0.8000000119
53788  25.306  -16.233  33.580 0.6000000238
50302  24.737  -19.417  34.198 0.6000000238
148810  25.647  -20.830  34.364 0.6000000238
48051  27.034  -21.544  34.099 0.5000000000
53784  31.308  -16.326  33.928 0.8000000119
51529  24.629  -18.581  33.933 0.6000000238
132207  25.348  -20.896  33.747 0.5000000000
48052  26.183  -21.314  33.876 0.5000000000
53785  30.668  -16.167  33.596 0.6999999881
53787  29.661  -15.984  32.938 0.6999999881
54967  29.203  -15.692  32.738 0.6999999881
53805  29.191  -16.221  32.099 0.6000000238
52660  30.224  -16.160  32.817 0.6999999881
54993  27.204  -15.563  29.642 0.5000000000
53870  26.631  -16.492  28.586 0.4000000060
54981  28.738  -15.632  31.829 0.6000000238
141524  27.560  -15.038  30.219 0.6000000238
57166  34.205  -13.584  37.281 0.6999999881
57164  35.747  -13.734  37.163 0.6999999881
57152  35.414  -13.605  37.255 0.6999999881
58288  35.686  -12.856  37.134 0.6000000238
57177  35.954  -13.934  36.402 0.6999999881
58301  35.971  -13.143  37.077 0.6999999881
58287  36.131  -12.541  36.836 0.6999999881
57163  36.291  -13.259  36.680 0.6999999881
133858  35.822  -14.006  35.151 0.6999999881
57190  35.745  -13.619  34.230 0.6999999881
148083  35.351  -14.034  34.284 0.6999999881
57206  35.281  -13.591  33.523 0.6999999881
54932  33.442  -16.008  35.389 0.8000000119
56084  35.001  -14.698  34.853 0.8000000119
54944  33.516  -15.647  34.436 0.8000000119
56098  34.171  -14.290  33.164 0.8000000119
54948  25.511  -15.420  33.990 0.6000000238
54945  32.698  -16.228  34.638 0.8000000119
56099  33.569  -14.898  33.286 0.8000000119
56111  33.616  -14.324  32.499 0.8000000119
52644  24.945  -17.880  34.354 0.6000000238
53783  31.927  -16.356  34.291 0.8000000119
54955  32.203  -16.225  33.852 0.8000000119
56112  32.918  -14.957  32.723 0.8000000119
52661  25.160  -17.083  33.968 0.6000000238
132299  32.108  -15.750  32.949 0.8000000119
150958  31.736  -15.541  32.192 0.8000000119
53802  30.861  -16.238  33.194 0.6999999881
54979  31.764  -15.058  31.514 0.8000000119
56137  31.815  -14.566  30.606 0.8000000119
53803  30.371  -16.191  32.468 0.6999999881
134822  31.130  -15.298  31.080 0.8000000119
130448  30.336  -15.613  29.944 0.6999999881
52701  29.755  -16.251  32.063 0.6999999881
54992  30.488  -15.752  30.760 0.6999999881
52702  29.276  -16.409  31.439 0.6999999881
53846  29.791  -16.249  30.526 0.6999999881
148087  29.378  -16.300  31.823 0.6000000238
53827  29.359  -16.491  30.999 0.6999999881
53869  27.391  -16.513  29.226 0.4000000060
53829  27.971  -16.282  30.397 0.5000000000
50420  23.415  -19.504  22.884 0.1000000015
49254  23.350  -20.398  21.713 0.1000000015
49270  23.521  -20.648  20.856 0.1000000015
47146  25.404  -22.766  20.388 0.1000000015
58325  37.263  -12.204  34.505 0.8000000119
59458  37.852  -11.509  34.806 0.6000000238
58314  36.809  -12.698  36.062 0.6999999881
58300  36.491  -12.603  36.588 0.6999999881
58326  36.837  -12.758  35.129 0.6999999881
58313  37.285  -12.105  35.440 0.8000000119
59447  37.136  -12.010  36.088 0.6999999881
58327  36.250  -13.281  34.633 0.6999999881
58340  35.941  -13.093  33.722 0.6999999881
57226  34.972  -13.407  32.768 0.6999999881
57228  33.706  -13.854  31.704 0.8000000119
57244  33.167  -13.922  30.992 0.8000000119
54965  32.328  -14.985  32.075 0.8000000119
56125  32.426  -14.448  31.271 0.8000000119
56149  32.321  -14.051  29.888 0.8000000119
56171  31.297  -14.146  27.900 0.6999999881
56161  31.480  -14.315  28.770 0.6999999881
54991  31.028  -15.050  30.238 0.6999999881
56150  31.631  -14.448  29.642 0.8000000119
55008  30.915  -14.880  29.354 0.6000000238
56172  30.594  -14.509  27.610 0.5000000000
55032  29.867  -14.917  27.328 0.5000000000
55009  30.177  -15.411  29.075 0.5000000000
55022  29.441  -15.909  28.846 0.5000000000
55047  29.116  -15.381  27.041 0.5000000000
53866  29.615  -16.148  29.713 0.6000000238
53904  28.584  -16.161  27.649 0.5000000000
55048  28.440  -15.886  26.688 0.5000000000
147809  29.065  -16.567  30.991 0.6000000238
52733  28.498  -16.755  29.876 0.6000000238
53885  28.750  -16.381  28.598 0.5000000000
53924  27.439  -16.866  26.611 0.5000000000
55060  27.686  -16.083  25.343 0.5000000000
53828  28.667  -16.414  31.177 0.6000000238
52703  28.805  -16.537  30.967 0.5000000000
144803  27.585  -16.924  28.518 0.5000000000
53948  26.705  -16.921  24.732 0.5000000000
52748  26.720  -17.025  28.127 0.5000000000
52772  26.293  -17.477  26.073 0.5000000000
52794  25.604  -17.598  24.233 0.5000000000
52801  25.688  -17.319  23.473 0.3000000119
142544  25.229  -17.664  22.974 0.1000000015
51681  24.357  -18.327  21.877 0.1000000015
54982  28.180  -15.264  30.873 0.6000000238
51665  23.734  -18.776  23.337 0.3000000119
51674  23.817  -18.874  22.401 0.1000000015
50444  23.588  -19.739  21.181 0.1000000015
143876  23.853  -20.545  20.015 0.1000000015
50432  23.475  -19.599  22.025 0.1000000015
48224  23.778  -21.316  20.307 0.1000000015
48238  24.962  -21.317  19.475 0.1000000015
59466  37.718  -11.749  33.733 0.6999999881
59435  36.645  -11.778  36.399 0.5000000000
128855  38.313  -11.381  33.208 0.6999999881
150441  37.040  -12.244  33.623 0.6999999881
58351  36.408  -12.561  33.056 0.6999999881
142149  35.905  -12.606  32.179 0.8000000119
58353  35.044  -13.025  32.026 0.8000000119
58365  34.934  -12.996  31.091 0.8000000119
57256  34.319  -13.263  30.708 0.8000000119
57243  34.358  -13.397  31.481 0.8000000119
150446  33.842  -13.587  31.048 0.8000000119
57257  33.682  -13.513  30.403 0.8000000119
57271  32.848  -13.661  29.330 0.8000000119
57258  33.011  -13.761  30.133 0.8000000119
57272  32.166  -13.971  29.048 0.8000000119
57284  32.004  -13.851  28.187 0.8000000119
57295  31.837  -13.739  27.341 0.6999999881
57296  31.135  -14.027  27.051 0.6999999881
56183  30.424  -14.333  26.766 0.5000000000
140237  29.709  -14.717  26.466 0.5000000000
56198  29.516  -14.519  25.618 0.5000000000
55059  28.300  -15.627  25.766 0.5000000000
55068  28.089  -15.416  24.884 0.5000000000
53947  26.919  -16.393  24.246 0.5000000000
52720  28.418  -16.673  30.355 0.5000000000
52721  28.018  -16.749  29.626 0.4000000060
55082  27.199  -15.710  23.653 0.5000000000
139259  26.100  -16.762  23.286 0.2000000030
53849  27.953  -16.623  30.040 0.5000000000
53958  26.601  -16.329  23.502 0.3000000119
140537  25.822  -16.540  22.060 0.1000000015
52812  25.374  -17.070  21.753 0.1000000015
52825  24.804  -17.732  21.331 0.1000000015
51693  23.914  -19.107  20.668 0.1000000015
48222  25.357  -22.072  19.905 0.1000000015
60498  39.226  -10.859  33.415 0.5000000000
59465  38.478  -11.135  34.105 0.5000000000
149992  37.784  -11.679  33.014 0.6999999881
59467  37.196  -11.970  32.821 0.6000000238
59472  37.912  -11.588  32.348 0.6999999881
59473  37.094  -11.959  31.830 0.6000000238
58363  36.338  -12.316  31.520 0.8000000119
142815  36.027  -12.441  30.744 0.8000000119
58364  35.609  -12.683  31.360 0.8000000119
142913  35.416  -12.729  30.691 0.8000000119
58377  34.886  -12.920  30.317 0.8000000119
58378  34.229  -13.165  29.946 0.8000000119
58390  34.116  -13.036  29.129 0.8000000119
57282  33.407  -13.288  28.791 0.8000000119
58397  33.996  -12.936  28.287 0.8000000119
57293  33.282  -13.216  27.942 0.8000000119
58404  33.133  -13.114  27.093 0.8000000119
57283  32.706  -13.570  28.480 0.8000000119
57294  32.555  -13.476  27.634 0.8000000119
57306  32.391  -13.366  26.790 0.8000000119
57320  31.458  -13.489  25.659 0.6999999881
57322  29.999  -13.969  25.096 0.5000000000
56217  28.547  -14.723  24.417 0.5000000000
55081  27.862  -15.209  24.068 0.5000000000
56229  28.311  -14.520  23.617 0.3000000119
56230  27.670  -14.975  23.287 0.3000000119
55083  26.750  -15.838  23.026 0.2000000030
53987  26.171  -16.022  21.833 0.1000000015
53988  25.696  -16.464  21.330 0.1000000015
140382  40.488  -10.384  32.847 0.5000000000
60497  39.971  -10.250  33.860 0.5000000000
150349  40.034  -10.498  33.229 0.5000000000
141594  38.747  -11.222  32.601 0.8000000119
59479  38.629  -11.338  31.740 0.8000000119
59480  37.752  -11.673  31.304 0.8000000119
59481  36.873  -12.041  30.814 0.8000000119
58375  36.335  -12.260  30.155 0.8000000119
58376  35.599  -12.558  29.976 0.8000000119
58396  34.739  -12.729  28.651 0.8000000119
58403  34.628  -12.628  27.787 0.8000000119
58413  34.521  -12.547  26.895 0.8000000119
58414  33.730  -12.748  26.548 0.8000000119
58415  32.967  -12.983  26.235 0.8000000119
58430  32.844  -12.847  25.307 0.8000000119
57319  32.211  -13.234  25.931 0.8000000119
58431  31.998  -13.121  25.053 0.6999999881
57336  31.230  -13.330  24.814 0.5000000000
57337  30.488  -13.541  24.542 0.4000000060
57348  30.238  -13.349  23.690 0.4000000060
56228  29.015  -14.099  23.928 0.4000000060
151078  29.285  -13.303  22.490 0.3000000119
57350  28.740  -13.868  23.127 0.3000000119
57360  28.468  -13.748  22.325 0.2000000030
55103  27.149  -15.047  22.109 0.2000000030
55104  26.602  -15.410  21.417 0.2000000030
55113  26.277  -15.565  20.381 0.1000000015
60507  41.054  -10.007  32.930 0.5000000000
145822  40.742  -10.381  32.113 0.6000000238
59478  39.675  -10.830  32.324 0.6999999881
60512  40.065  -10.701  31.383 0.6999999881
140792  39.029  -11.207  30.213 0.8000000119
59487  38.446  -11.447  30.787 0.8000000119
59488  37.705  -11.736  30.356 0.8000000119
59489  36.987  -11.987  29.848 0.8000000119
58387  36.242  -12.242  29.421 0.8000000119
58394  36.172  -12.194  28.556 0.8000000119
58402  35.318  -12.357  27.286 0.6999999881
58411  36.081  -12.087  26.772 0.6999999881
58428  34.406  -12.463  25.905 0.8000000119
58429  33.549  -12.682  25.707 0.8000000119
148053  33.417  -12.652  25.172 0.6999999881
58443  32.534  -12.771  24.389 0.6999999881
58458  33.151  -12.542  23.715 0.6000000238
58444  31.735  -12.968  24.204 0.4000000060
58459  32.218  -12.659  23.421 0.6000000238
146515  31.440  -12.822  23.519 0.6000000238
58461  30.755  -12.857  23.067 0.4000000060
58480  30.156  -12.864  22.238 0.4000000060
57359  29.975  -13.171  22.975 0.3000000119
57372  28.820  -13.291  21.793 0.3000000119
58519  29.825  -12.578  20.704 0.3000000119
140518  28.156  -13.487  20.833 0.3000000119
61596  42.178  -9.079  32.192 0.5000000000
61597  41.823  -9.421  32.665 0.6000000238
60517  41.248  -10.014  31.590 0.6000000238
147059  41.134  -10.031  30.993 0.8000000119
60519  39.847  -10.745  30.385 0.8999999762
59498  38.769  -11.304  29.456 0.8000000119
59506  37.778  -11.633  28.396 0.8000000119
59507  36.932  -11.865  28.069 0.8000000119
58401  36.132  -12.137  27.669 0.6999999881
59514  37.031  -11.777  27.141 0.8000000119
58427  35.247  -12.239  25.529 0.6999999881
58440  35.250  -12.232  24.709 0.6999999881
58441  34.589  -12.371  24.563 0.6999999881
127560  35.046  -12.253  23.833 0.6999999881
148186  34.532  -12.336  23.259 0.6999999881
133828  33.848  -12.408  23.059 0.6999999881
138895  33.025  -12.489  22.753 0.6000000238
58495  32.992  -12.486  21.769 0.5000000000
58478  32.164  -12.539  22.403 0.5000000000
58479  31.176  -12.595  22.065 0.4000000060
58497  31.265  -12.499  20.969 0.3000000119
58498  30.387  -12.616  21.320 0.3000000119
58538  29.734  -12.472  19.783 0.3000000119
61606  42.113  -9.120  31.417 0.6000000238
62706  42.494  -8.583  31.639 0.6000000238
140212  41.529  -9.673  31.013 0.6999999881
61619  41.016  -10.032  30.436 0.8000000119
60532  39.974  -10.529  29.354 0.6999999881
60531  40.738  -10.008  29.561 0.8000000119
59504  39.262  -10.954  28.920 0.8000000119
59513  37.643  -11.614  27.684 0.8000000119
60559  39.031  -10.897  27.227 0.8000000119
59512  38.416  -11.307  27.688 0.8000000119
142604  37.912  -11.482  27.136 0.8000000119
59519  37.750  -11.493  26.443 0.6999999881
59520  36.867  -11.802  26.210 0.8000000119
59532  36.767  -11.781  25.379 0.6999999881
58439  35.996  -12.015  25.034 0.6999999881
58455  36.030  -12.009  24.060 0.6999999881
58456  35.753  -12.065  23.293 0.6999999881
129312  35.204  -12.208  22.885 0.6999999881
58494  34.643  -12.316  21.541 0.6999999881
58477  33.837  -12.422  22.100 0.6999999881
58514  34.649  -12.234  20.800 0.6000000238
130570  33.886  -12.500  21.036 0.5000000000
128220  32.936  -12.513  20.830 0.3000000119
58516  32.134  -12.500  20.475 0.3000000119
143893  32.913  -12.531  20.000 0.3000000119
58517  31.328  -12.441  20.047 0.3000000119
60665  39.393  -11.233  16.083 0.3000000119
127120  32.912  -12.362  18.845 0.3000000119
60693  37.101  -10.587  14.462 0.2000000030
58536  31.263  -12.371  19.180 0.2000000030
58537  30.604  -12.392  19.647 0.2000000030
136022  42.821  -8.058  31.159 0.6999999881
62734  41.959  -8.808  29.723 0.8000000119
61629  41.184  -9.408  28.955 0.8000000119
133421  39.657  -10.421  27.680 0.8000000119
60568  39.294  -10.269  26.308 0.6999999881
60580  38.788  -10.580  25.717 0.6999999881
60569  38.893  -10.773  26.458 0.8000000119
59530  38.336  -11.107  25.866 0.6999999881
127824  37.968  -11.196  25.024 0.6999999881
139394  37.379  -11.511  24.936 0.6999999881
59549  37.157  -11.272  23.284 0.6999999881
133561  36.577  -11.456  22.711 0.6999999881
59560  35.949  -11.845  22.518 0.6999999881
59559  36.272  -11.392  22.143 0.6999999881
132420  35.698  -11.704  21.732 0.6999999881
60621  35.583  -11.356  21.072 0.6999999881
59578  35.280  -11.632  20.742 0.5000000000
59588  34.599  -11.854  19.692 0.4000000060
128897  34.267  -12.306  20.095 0.5000000000
58533  34.178  -12.147  19.320 0.5000000000
58534  33.562  -12.405  19.496 0.4000000060
57405  47.249  -13.633  18.923 0.1000000015
60664  39.792  -11.225  16.209 0.2000000030
60679  38.943  -10.988  15.307 0.3000000119
58552  33.722  -12.141  18.754 0.2000000030
57422  44.154  -13.664  17.563 0.1000000015
126709  42.875  -13.322  17.046 0.1000000015
57442  41.403  -12.200  16.917 0.1000000015
59636  40.208  -11.407  15.862 0.2000000030
60691  39.400  -10.864  14.722 0.3000000119
131664  38.085  -10.703  14.684 0.3000000119
61813  36.289  -9.262  13.680 0.4000000060
61815  34.797  -9.636  13.962 0.3000000119
150016  33.713  -10.636  14.467 0.2000000030
59610  32.807  -11.839  17.409 0.2000000030
59667  35.117  -11.528  13.838 0.2000000030
60712  34.408  -10.389  13.992 0.2000000030
59624  32.576  -11.739  16.436 0.2000000030
64927  43.493  -6.608  30.802 0.6999999881
63788  42.949  -7.781  30.484 0.6999999881
141327  41.720  -8.709  28.812 0.8000000119
61641  41.263  -8.917  28.058 0.8000000119
61653  40.566  -9.363  27.451 0.8000000119
61666  40.299  -9.125  26.648 0.6000000238
61682  39.715  -9.618  26.234 0.6999999881
150662  39.976  -9.147  26.167 0.6999999881
60579  39.180  -9.897  25.543 0.6999999881
60591  38.631  -10.441  24.963 0.6999999881
59539  38.167  -10.858  24.525 0.6999999881
60602  37.853  -10.810  23.746 0.6999999881
59584  52.853  -10.236  20.416 0.1000000015
61715  37.064  -10.398  22.435 0.6999999881
59558  36.882  -11.056  22.572 0.6999999881
60613  36.472  -10.903  21.943 0.6999999881
130373  51.428  -11.372  20.551 0.1000000015
61725  36.575  -10.047  21.772 0.6999999881
58505  50.412  -12.104  20.266 0.1000000015
62823  36.679  -9.014  21.530 0.6999999881
61737  36.121  -9.677  21.007 0.6000000238
61738  35.606  -10.307  20.454 0.6000000238
58525  50.127  -12.279  19.370 0.1000000015
58526  49.563  -12.566  19.678 0.1000000015
63914  36.623  -7.704  20.336 0.6999999881
61746  35.773  -9.251  20.207 0.6000000238
60640  34.740  -11.295  19.438 0.5000000000
134068  49.016  -12.850  19.179 0.1000000015
57390  48.258  -13.285  19.200 0.1000000015
62848  35.786  -7.946  18.918 0.6000000238
61754  35.038  -9.399  18.874 0.4000000060
60645  34.458  -10.877  18.660 0.4000000060
59598  34.262  -11.695  18.862 0.4000000060
57419  47.353  -13.531  17.897 0.1000000015
63934  36.181  -7.148  17.528 0.5000000000
63935  35.427  -7.579  17.087 0.4000000060
62850  34.738  -8.959  18.002 0.4000000060
60654  34.095  -10.346  17.871 0.4000000060
59599  33.585  -11.614  18.009 0.2000000030
129536  46.487  -13.803  18.252 0.1000000015
65164  36.891  -6.880  15.238 0.5000000000
63956  35.329  -7.643  15.351 0.5000000000
62871  34.315  -8.577  16.135 0.4000000060
151450  33.570  -10.230  16.770 0.2000000030
60655  33.609  -10.741  17.344 0.2000000030
127258  45.787  -13.799  16.909 0.1000000015
127050  43.819  -13.605  16.802 0.1000000015
57441  42.247  -13.131  16.470 0.1000000015
58618  41.412  -12.800  14.914 0.2000000030
59649  40.251  -11.395  14.581 0.2000000030
61811  38.846  -9.586  13.206 0.3000000119
62908  37.374  -8.280  13.164 0.4000000060
62894  35.335  -8.429  14.248 0.4000000060
61787  33.679  -9.825  14.945 0.2000000030
59609  33.068  -11.242  16.930 0.2000000030
127257  44.820  -13.724  16.664 0.1000000015
127256  44.815  -13.628  15.840 0.1000000015
130008  43.325  -13.541  16.027 0.1000000015
59665  40.541  -11.377  13.615 0.2000000030
60707  39.340  -10.292  13.702 0.3000000119
61830  39.250  -8.981  12.705 0.5000000000
60680  33.336  -10.533  15.278 0.2000000030
60667  33.323  -10.511  16.284 0.2000000030
148610  43.242  -13.528  15.037 0.1000000015
57484  42.138  -13.271  14.888 0.1000000015
58639  41.740  -12.491  13.340 0.2000000030
60706  40.730  -10.834  12.911 0.2000000030
133622  40.074  -10.269  13.119 0.4000000060
57483  42.821  -13.402  14.264 0.1000000015
58617  41.935  -13.104  14.097 0.1000000015
67384  47.312  -4.390  10.462 0.4000000060
139550  43.168  -6.974  29.540 0.6999999881
63807  42.671  -7.380  28.952 0.8000000119
63808  42.097  -7.754  28.329 0.8000000119
66080  43.480  -5.885  30.078 0.6999999881
136552  43.203  -6.366  29.512 0.6999999881
64961  42.857  -6.873  28.912 0.8000000119
62759  41.508  -8.176  27.741 0.8000000119
62774  40.634  -8.422  26.587 0.6999999881
62773  41.075  -7.920  26.936 0.6999999881
62786  40.190  -8.619  26.041 0.6999999881
144185  39.804  -8.635  25.474 0.6999999881
61695  38.834  -9.786  24.695 0.6999999881
62798  38.987  -8.987  24.417 0.6000000238
61704  38.536  -9.645  23.949 0.6999999881
63887  38.396  -7.459  22.846 0.6999999881
63875  38.725  -7.907  23.510 0.6999999881
150852  38.283  -9.508  23.511 0.6999999881
61705  38.056  -10.101  23.444 0.6999999881
130368  53.029  -9.820  19.665 0.1000000015
63888  37.794  -7.866  22.370 0.6999999881
62815  37.675  -8.642  22.543 0.6999999881
61714  37.612  -10.021  22.832 0.6999999881
59585  51.719  -11.039  19.779 0.1000000015
65077  38.125  -6.224  21.350 0.8000000119
65078  37.639  -6.860  21.316 0.8000000119
62822  37.270  -8.410  21.939 0.6999999881
60620  35.920  -10.747  21.226 0.6999999881
60651  52.609  -9.500  17.998 0.1000000015
66202  38.692  -5.803  21.953 0.8000000119
63913  37.178  -7.236  20.864 0.6999999881
62833  36.874  -8.062  21.190 0.6999999881
65094  38.201  -5.915  20.379 0.8000000119
135149  37.689  -6.302  19.771 0.6999999881
63920  37.045  -6.887  20.041 0.6999999881
58545  49.569  -12.542  18.895 0.1000000015
58546  48.855  -12.889  18.305 0.1000000015
65115  38.084  -6.191  18.057 0.6000000238
65116  37.402  -6.504  18.260 0.6000000238
57404  47.970  -13.352  18.383 0.1000000015
65138  38.344  -6.342  16.457 0.5000000000
148700  36.973  -6.700  16.135 0.5000000000
129020  46.697  -13.665  17.183 0.1000000015
57438  46.404  -13.592  16.390 0.1000000015
57458  46.626  -13.364  15.663 0.1000000015
131199  39.118  -6.376  15.266 0.5000000000
65148  38.463  -6.452  15.579 0.5000000000
57439  45.689  -13.618  15.939 0.1000000015
57459  45.179  -13.520  15.149 0.1000000015
57504  45.042  -13.214  13.753 0.1000000015
65188  39.997  -6.960  12.972 0.5000000000
63988  38.469  -7.043  13.374 0.5000000000
57460  44.194  -13.599  15.273 0.1000000015
57505  44.312  -13.248  13.618 0.1000000015
58654  42.680  -12.320  12.717 0.1000000015
61828  41.465  -9.489  12.359 0.4000000060
62926  38.882  -8.242  12.617 0.5000000000
58638  42.623  -13.009  13.383 0.1000000015
59664  41.173  -11.724  13.078 0.3000000119
60725  40.602  -9.792  12.598 0.4000000060
62925  39.685  -8.290  12.510 0.5000000000
66295  46.969  -5.097  10.049 0.3000000119
66108  42.311  -6.200  28.160 0.8000000119
64983  41.848  -6.752  27.575 0.8000000119
135947  41.306  -7.285  26.934 0.8000000119
67200  42.538  -4.493  29.243 0.6999999881
66109  41.801  -5.648  27.637 0.8000000119
150496  40.697  -7.239  25.955 0.8000000119
63845  40.441  -7.503  25.673 0.8000000119
63860  39.981  -7.607  25.076 0.6999999881
67211  41.693  -4.609  27.791 0.8000000119
65023  41.007  -6.889  26.297 0.8000000119
65024  40.549  -6.825  25.531 0.8000000119
145950  40.202  -7.173  25.157 0.6999999881
63861  39.549  -7.623  24.449 0.6000000238
145075  40.124  -6.594  24.832 0.8000000119
132725  39.409  -7.045  23.991 0.6999999881
62808  37.942  -9.272  23.041 0.6999999881
65052  38.916  -7.164  23.417 0.6999999881
134992  38.636  -6.572  22.642 0.8000000119
61745  53.947  -9.201  19.609 0.1000000015
66217  38.720  -5.535  20.975 0.8000000119
59586  50.791  -11.732  19.503 0.1000000015
142679  38.392  -5.835  19.468 0.6000000238
57418  48.180  -13.216  17.647 0.1000000015
57437  47.633  -13.363  17.023 0.1000000015
127615  46.051  -13.361  15.043 0.1000000015
58637  44.003  -12.895  12.893 0.1000000015
59678  43.269  -11.700  12.310 0.1000000015
67385  46.644  -4.841  10.780 0.4000000060
68517  47.741  -3.746  10.864 0.4000000060
67383  47.983  -3.987  10.130 0.3000000119
141014  41.968  -2.903  28.489 0.6999999881
66120  41.320  -6.001  26.786 0.8000000119
68309  41.693  -3.555  27.945 0.8000000119
129341  41.394  -4.962  27.107 0.8000000119
66136  40.795  -5.875  25.866 0.8000000119
66137  40.380  -5.836  25.077 0.8000000119
137147  43.045  -6.459  15.107 0.6000000238
65144  42.206  -6.083  15.016 0.6000000238
67222  41.416  -4.035  27.110 0.8000000119
150619  41.054  -4.669  26.297 0.8000000119
67233  40.283  -4.982  24.529 0.8000000119
66151  40.074  -5.838  24.465 0.8000000119
65038  39.688  -6.289  24.065 0.8000000119
126919  42.862  -6.190  15.834 0.6999999881
67250  40.784  -4.042  24.554 0.8000000119
67251  40.388  -4.458  23.806 0.8999999762
66166  39.467  -5.521  23.173 0.8000000119
65051  39.181  -6.440  23.364 0.8000000119
147570  40.926  -3.876  23.695 0.8999999762
67294  40.282  -4.493  22.356 0.8999999762
67295  39.688  -4.895  22.582 0.8999999762
65158  42.787  -6.653  14.431 0.6000000238
67325  40.930  -4.637  20.762 0.8999999762
67326  40.061  -4.810  21.056 0.8000000119
66201  39.291  -5.171  21.450 0.8000000119
65136  42.576  -5.864  16.710 0.6999999881
60638  52.104  -10.481  19.029 0.1000000015
66228  40.680  -5.016  19.504 0.8000000119
66216  39.520  -5.143  20.573 0.8000000119
142121  39.182  -5.533  19.121 0.6999999881
65159  41.819  -6.494  14.021 0.5000000000
65157  43.339  -7.280  14.189 0.6000000238
58544  50.254  -12.135  18.700 0.1000000015
133562  49.642  -12.426  18.235 0.1000000015
64007  41.663  -7.818  12.736 0.5000000000
63985  43.448  -7.894  13.731 0.6000000238
60644  52.811  -9.665  18.844 0.1000000015
58562  49.363  -12.487  17.612 0.1000000015
62906  43.520  -8.567  13.210 0.6000000238
61764  52.365  -9.364  17.152 0.1000000015
60663  51.594  -10.015  16.640 0.1000000015
58582  47.972  -13.093  16.281 0.1000000015
62905  44.057  -8.742  13.268 0.6000000238
61774  52.095  -9.277  16.295 0.1000000015
60675  51.450  -9.871  15.908 0.1000000015
60676  50.973  -10.491  16.072 0.1000000015
60721  43.852  -11.072  11.964 0.2000000030
62920  44.183  -9.084  12.462 0.5000000000
148481  52.016  -8.645  15.120 0.1000000015
60688  50.392  -10.372  14.322 0.1000000015
60704  49.582  -10.579  13.312 0.1000000015
60705  48.881  -11.003  13.073 0.1000000015
59673  48.153  -11.380  12.872 0.1000000015
59675  46.158  -11.941  12.155 0.1000000015
61841  44.742  -9.831  11.449 0.2000000030
60718  49.255  -10.301  12.634 0.1000000015
60719  48.442  -10.683  12.384 0.1000000015
60720  47.640  -11.078  12.133 0.1000000015
59685  46.072  -11.301  11.525 0.2000000030
60732  45.269  -10.235  11.227 0.2000000030
62934  45.159  -8.436  11.113 0.3000000119
62944  45.729  -8.753  10.713 0.2000000030
64021  45.228  -7.474  11.345 0.3000000119
66296  46.417  -5.627  10.421 0.4000000060
68516  48.438  -3.402  10.532 0.3000000119
68515  49.163  -3.105  10.244 0.4000000060
69617  49.596  -2.580  10.658 0.4000000060
69386  41.842  -2.622  27.786 0.8000000119
69397  41.836  -2.670  26.943 0.6999999881
69410  42.089  -2.793  26.113 0.6999999881
68331  41.470  -3.493  26.398 0.8000000119
148156  41.689  -3.292  25.602 0.8000000119
68364  41.551  -3.556  23.981 0.8999999762
68380  42.408  -3.547  23.322 0.8999999762
149031  43.697  -5.366  20.201 0.8000000119
66238  43.471  -5.872  18.535 0.8000000119
65125  43.062  -5.919  17.576 0.8000000119
68381  41.526  -3.740  23.151 0.8999999762
147185  42.829  -5.505  18.899 0.8000000119
65143  43.719  -6.723  15.587 0.6999999881
67293  41.119  -4.235  22.014 0.8999999762
66214  41.269  -4.811  20.081 0.8999999762
148396  39.919  -5.474  17.954 0.6999999881
66248  42.089  -5.540  17.576 0.6999999881
66256  42.016  -5.779  15.971 0.6000000238
63954  44.418  -7.607  15.182 0.6999999881
59594  51.044  -11.392  18.595 0.1000000015
66264  41.377  -5.848  15.446 0.5000000000
63967  44.144  -7.980  14.416 0.6999999881
58561  50.199  -11.977  17.796 0.1000000015
152271  44.594  -8.288  14.301 0.6999999881
131458  52.142  -10.178  18.215 0.1000000015
60652  51.831  -10.133  17.473 0.1000000015
62892  44.513  -8.378  13.819 0.6000000238
59663  48.545  -11.595  13.724 0.1000000015
60653  51.039  -10.782  17.001 0.1000000015
60677  50.096  -10.887  14.800 0.1000000015
59646  49.246  -11.458  14.457 0.1000000015
64022  44.668  -8.314  11.897 0.4000000060
126680  50.440  -10.852  15.545 0.1000000015
66293  45.678  -6.042  11.590 0.3000000119
67381  46.523  -4.753  11.644 0.5000000000
67380  47.101  -4.195  11.244 0.5000000000
69616  50.367  -2.452  10.357 0.5000000000
69385  42.181  -2.070  27.496 0.6999999881
69396  42.603  -2.085  26.749 0.6999999881
67291  43.910  -4.479  22.061 0.8999999762
148197  44.635  -5.025  21.894 0.8999999762
66198  44.864  -5.396  21.512 0.8999999762
68346  42.690  -3.067  25.177 0.8000000119
66199  43.398  -4.951  20.688 0.8000000119
66224  44.242  -5.777  19.931 0.8000000119
65124  43.936  -6.293  17.691 0.8000000119
66213  43.012  -5.070  20.021 0.8000000119
65135  43.624  -6.369  16.641 0.8000000119
67310  41.514  -4.424  21.218 0.8999999762
66226  42.529  -5.215  19.443 0.8000000119
65142  44.666  -7.113  16.095 0.6999999881
63933  45.278  -7.219  16.805 0.6999999881
63941  45.654  -7.637  16.136 0.6999999881
63953  45.129  -7.976  15.393 0.6999999881
59593  51.478  -10.755  17.963 0.1000000015
130498  50.822  -11.316  17.647 0.1000000015
59606  49.673  -12.120  16.968 0.1000000015
63952  45.543  -7.875  15.449 0.6999999881
63965  45.003  -8.315  14.472 0.6999999881
59605  50.338  -11.519  16.999 0.1000000015
58580  49.212  -12.240  16.108 0.1000000015
150203  45.744  -7.483  14.751 0.6999999881
63984  44.887  -8.007  13.522 0.6000000238
59618  50.419  -11.173  16.243 0.1000000015
59619  49.897  -11.733  16.359 0.1000000015
131495  47.775  -11.932  13.411 0.1000000015
65156  45.495  -7.363  14.054 0.6999999881
59647  48.560  -11.968  14.463 0.1000000015
58633  47.981  -12.174  14.159 0.1000000015
66281  45.660  -6.430  13.240 0.6999999881
65187  45.273  -7.054  12.903 0.6000000238
59634  49.749  -11.519  15.501 0.1000000015
66280  46.034  -5.589  13.064 0.6999999881
67377  47.046  -4.142  12.133 0.5000000000
68507  48.266  -3.214  11.299 0.6000000238
68508  47.653  -3.644  11.702 0.5000000000
69618  48.879  -2.813  10.930 0.4000000060
128037  52.148  -1.695  10.874 0.5000000000
70665  51.126  -1.960  10.765 0.4000000060
70680  53.081  -1.928  9.752 0.3000000119
69614  52.066  -2.119  10.076 0.3000000119
71487  43.582  0.082  28.156 0.5000000000
70416  43.088  -0.858  27.746 0.6999999881
70426  43.360  -1.330  27.019 0.6000000238
140398  44.172  -2.475  25.911 0.6000000238
68361  44.877  -3.498  24.607 0.8000000119
67249  45.575  -4.101  24.120 0.8999999762
69409  43.169  -2.543  25.933 0.8000000119
68362  43.715  -3.287  24.423 0.8999999762
67271  45.237  -4.433  23.324 0.8999999762
67289  45.708  -5.026  22.895 0.8999999762
66197  45.681  -5.672  21.775 0.8999999762
68379  43.463  -3.559  23.527 0.8999999762
68398  43.212  -3.845  22.680 0.8999999762
65103  45.523  -6.397  19.860 0.8000000119
127918  44.353  -6.286  18.522 0.8000000119
67292  42.151  -4.193  21.736 0.8999999762
129126  43.197  -4.540  21.398 0.8999999762
65102  46.174  -6.512  19.972 0.8999999762
127292  45.134  -6.672  18.421 0.8000000119
133050  44.662  -6.603  17.886 0.8000000119
67324  41.850  -4.635  20.530 0.8000000119
66200  42.620  -4.788  20.400 0.8000000119
65113  45.761  -6.638  19.076 0.8000000119
65123  45.276  -6.970  17.579 0.8000000119
66227  41.626  -5.032  19.418 0.8000000119
65112  46.427  -6.737  18.544 0.8000000119
65122  45.823  -6.988  18.033 0.6999999881
127433  41.372  -5.354  18.013 0.6000000238
65111  47.080  -6.525  18.202 0.8999999762
63931  46.439  -7.021  17.492 0.6999999881
65133  46.734  -6.890  16.696 0.6999999881
130760  46.491  -6.544  15.255 0.6999999881
66263  46.907  -6.329  15.966 0.6999999881
58614  48.150  -12.448  14.900 0.1000000015
65155  46.050  -6.827  14.609 0.6999999881
59635  48.882  -12.075  15.158 0.1000000015
65173  45.973  -6.216  13.830 0.6999999881
66270  46.474  -5.765  14.385 0.6999999881
67369  46.614  -4.984  13.606 0.6999999881
68497  48.262  -3.147  12.156 0.6000000238
68498  47.702  -3.651  12.623 0.6999999881
69594  48.876  -2.709  12.478 0.6000000238
69604  48.793  -2.731  11.701 0.6000000238
69603  49.404  -2.395  11.382 0.6000000238
70664  53.016  -1.648  10.545 0.5000000000
70663  53.888  -1.449  10.154 0.4000000060
72512  44.035  1.212  28.457 0.4000000060
69395  43.748  -1.979  26.422 0.6000000238
69408  44.976  -2.761  25.652 0.8000000119
67248  46.285  -4.281  24.331 0.8999999762
66164  46.556  -5.269  23.049 0.8999999762
66180  47.036  -5.559  22.743 0.8999999762
66163  47.364  -5.331  23.247 0.8999999762
65091  46.516  -6.348  20.859 0.8999999762
66196  47.104  -5.871  22.226 0.8999999762
146772  47.248  -6.354  20.969 0.8999999762
66212  48.454  -5.836  21.206 0.8999999762
65101  47.062  -6.501  19.123 0.8999999762
65089  47.758  -6.229  20.658 0.8999999762
66237  47.696  -6.105  18.760 0.8999999762
66247  47.682  -6.005  17.888 0.8000000119
65132  47.305  -6.096  16.647 0.6999999881
66255  47.893  -5.264  16.577 0.6999999881
130254  47.511  -4.640  14.824 0.6999999881
66262  47.044  -5.508  15.222 0.6999999881
67359  47.313  -4.397  13.992 0.6999999881
66269  46.960  -5.003  14.416 0.6999999881
68483  47.818  -3.782  13.566 0.6999999881
67368  47.118  -4.225  13.082 0.6000000238
68482  48.465  -3.181  13.140 0.6999999881
69593  49.519  -2.362  12.681 0.8000000119
142912  49.278  -2.400  12.039 0.6000000238
69592  49.964  -2.042  11.979 0.6000000238
70648  52.980  -1.482  11.548 0.5000000000
70649  51.657  -1.631  11.693 0.6000000238
70677  55.388  -0.485  9.983 0.4000000060
70662  54.764  -1.090  10.593 0.5000000000
70647  54.003  -1.362  11.052 0.5000000000
67246  47.471  -4.768  24.100 0.8000000119
132109  48.117  -4.974  23.777 0.8999999762
67267  48.745  -5.057  23.312 1.0000000000
66178  48.309  -5.561  22.672 0.8999999762
66177  49.015  -5.364  22.511 1.0000000000
66193  49.193  -5.401  21.750 1.0000000000
66211  49.218  -5.350  20.797 1.0000000000
133413  48.368  -5.668  19.287 0.8999999762
66246  48.189  -5.357  17.461 0.8999999762
69535  52.630  -2.073  16.432 1.0000000000
69536  52.268  -1.823  15.424 0.8999999762
70580  54.310  -1.355  16.177 0.8999999762
70581  53.484  -1.627  15.896 0.8999999762
69517  51.403  -2.421  15.938 0.8999999762
68451  50.465  -3.006  16.046 0.8999999762
129413  48.419  -4.488  16.085 0.6999999881
70555  54.519  -1.083  16.208 0.8000000119
70601  54.332  -1.365  15.240 0.8999999762
70602  53.170  -1.528  14.890 0.8999999762
69559  51.259  -2.083  14.880 0.8999999762
67358  47.947  -3.999  14.426 0.6999999881
126751  54.904  -1.263  14.493 0.8000000119
69537  50.475  -2.623  15.161 0.8999999762
68466  48.491  -3.497  14.082 0.8000000119
129283  54.139  -1.427  14.306 0.8000000119
70603  52.035  -1.656  14.445 0.8000000119
69560  50.453  -2.303  14.281 0.8999999762
69577  49.790  -2.453  13.562 0.8000000119
70632  54.495  -1.360  12.824 0.6999999881
70621  51.838  -1.605  13.522 0.6999999881
70604  51.127  -1.839  13.975 0.8000000119
69576  50.224  -2.015  12.879 0.6999999881
142771  49.122  -2.697  13.146 0.8000000119
146669  55.070  -1.246  12.314 0.6000000238
127432  53.755  -1.430  13.377 0.6999999881
70634  51.686  -1.588  12.662 0.6000000238
70635  50.820  -1.744  12.322 0.6000000238
128154  52.463  -1.500  12.277 0.6000000238
145767  54.182  -1.318  11.971 0.6000000238
70661  55.324  -0.692  11.007 0.5000000000
143765  47.989  -4.353  24.332 0.6999999881
68376  49.557  -4.049  23.620 0.6999999881
67287  49.420  -4.977  22.853 0.8999999762
67266  49.293  -4.714  23.290 0.8000000119
67307  49.793  -4.970  22.234 1.0000000000
67323  50.061  -4.795  21.328 1.0000000000
134759  49.794  -4.618  19.285 1.0000000000
66222  49.126  -5.225  19.792 1.0000000000
67343  49.566  -4.544  18.463 1.0000000000
67347  49.738  -4.220  17.806 1.0000000000
150201  49.238  -4.328  17.231 1.0000000000
71623  54.525  -0.582  16.152 0.8000000119
70557  53.727  -1.731  16.917 0.8999999762
69516  51.946  -2.591  16.964 1.0000000000
68447  51.106  -2.934  16.658 1.0000000000
68448  49.750  -3.544  16.240 1.0000000000
67351  48.945  -3.760  15.565 0.8999999762
72645  53.954  0.176  16.360 0.8000000119
71640  54.813  -0.768  15.484 0.6999999881
68452  49.729  -3.177  15.358 1.0000000000
72660  54.509  0.061  15.651 0.8000000119
68465  49.094  -3.338  14.686 0.8000000119
72675  54.896  -0.021  14.929 0.6999999881
71649  55.160  -0.854  14.537 0.8000000119
70619  55.264  -1.152  13.712 0.6999999881
69561  49.757  -2.811  14.488 0.8999999762
136650  55.210  0.152  14.103 0.6999999881
70631  55.186  -1.230  13.004 0.6999999881
70618  55.504  -0.949  12.937 0.6999999881
71665  55.604  -0.678  12.226 0.6000000238
150762  55.382  -1.072  12.490 0.6000000238
70645  55.379  -0.952  11.870 0.6000000238
70646  54.909  -1.169  11.515 0.5000000000
72647  51.956  0.818  16.768 0.6000000238
67286  50.210  -4.498  22.469 0.8999999762
67322  50.850  -4.253  21.277 0.8999999762
67305  51.208  -3.895  21.546 0.8000000119
72632  52.682  0.071  17.309 0.8000000119
71605  53.358  -0.699  17.947 0.8999999762
70516  53.604  -1.752  18.811 0.8000000119
69483  53.508  -1.946  19.260 0.8000000119
68425  52.804  -2.792  19.515 0.8999999762
138754  52.027  -3.330  19.113 0.8999999762
67333  50.788  -4.172  19.771 1.0000000000
138118  50.677  -4.358  20.683 0.8999999762
72646  52.901  0.773  16.604 0.6999999881
72631  53.678  -0.346  17.184 0.8999999762
71604  53.914  -1.123  17.715 0.8999999762
70533  53.720  -1.688  18.165 0.8999999762
69500  53.636  -2.038  18.627 0.8999999762
69502  52.398  -2.772  17.860 1.0000000000
69485  52.677  -2.847  18.692 1.0000000000
128168  51.244  -3.551  18.366 1.0000000000
67342  50.418  -4.087  18.628 1.0000000000
136611  52.240  1.692  16.554 0.6999999881
71624  54.344  -0.818  16.884 0.8999999762
69514  53.741  -1.942  17.846 0.8999999762
69515  53.055  -2.269  17.424 1.0000000000
68444  51.372  -3.197  17.504 1.0000000000
67348  49.784  -3.850  17.062 1.0000000000
73729  52.744  2.017  16.329 0.6999999881
70556  54.082  -1.399  17.183 0.8999999762
129729  50.490  -3.393  16.858 1.0000000000
73728  53.289  1.227  16.111 0.6999999881
72661  53.836  0.978  15.626 0.6999999881
144765  54.391  0.728  15.155 0.6999999881
72676  53.992  1.566  15.056 0.6999999881
73764  54.558  0.894  14.526 0.6999999881
73780  54.712  1.069  13.744 0.8000000119
72694  55.359  0.456  13.192 0.6999999881
72693  55.625  -0.237  12.662 0.6999999881
73796  54.778  1.268  12.877 0.6999999881
72711  55.389  0.660  12.131 0.6999999881
72710  55.738  -0.042  11.940 0.6000000238
73813  55.213  0.974  11.132 0.6000000238
71671  55.659  -0.302  11.364 0.6000000238
70475  51.770  -1.798  21.320 0.4000000060
70504  53.169  -1.710  19.745 0.6999999881
69467  53.190  -2.205  19.759 0.6999999881
68419  52.716  -2.600  20.234 0.6999999881
152532  52.315  -3.108  20.667 0.6999999881
68395  51.338  -3.420  21.932 0.6000000238
73730  51.545  1.781  16.576 0.3000000119
72648  51.025  0.827  16.709 0.4000000060
70517  53.375  -1.459  19.163 0.8000000119
68426  52.310  -3.268  20.034 0.8000000119
74743  51.318  2.644  16.396 0.3000000119
74741  52.684  2.978  16.214 0.5000000000
73744  53.244  2.180  15.730 0.5000000000
74762  53.470  2.417  15.091 0.6999999881
73765  54.090  1.695  14.400 0.8000000119
73781  54.074  1.632  13.656 0.8000000119
126951  54.654  1.324  11.892 0.6999999881
73815  52.544  1.216  11.161 0.6000000238
70492  51.211  -1.340  20.831 0.3000000119
71589  52.183  -0.716  18.672 0.6000000238
72633  51.613  0.094  17.231 0.4000000060
71606  52.410  -0.405  17.946 0.6000000238
71588  53.108  -0.904  18.734 0.6999999881
71579  52.858  -1.138  19.429 0.6999999881
70505  52.563  -1.409  20.077 0.6999999881
70490  52.856  -1.982  20.331 0.6999999881
70491  52.239  -1.644  20.746 0.5000000000
69454  52.357  -2.414  20.928 0.5000000000
75764  52.311  3.724  16.203 0.5000000000
74742  52.155  2.782  16.503 0.5000000000
75778  52.255  4.247  15.805 0.5000000000
74763  52.777  3.359  15.725 0.6000000238
129863  52.541  3.879  15.384 0.6000000238
74779  52.428  3.552  14.715 0.6999999881
74788  52.661  2.512  14.289 0.6000000238
73766  53.442  2.177  14.447 0.6999999881
73783  51.965  1.867  13.459 0.6000000238
73800  50.784  2.003  12.744 0.6000000238
73784  51.286  2.002  13.201 0.6000000238
141978  52.457  1.477  12.929 0.6999999881
73797  53.748  1.482  12.749 0.6999999881
73817  50.592  1.639  11.936 0.6000000238
73798  52.281  1.319  12.149 0.6999999881
73814  53.531  1.391  11.671 0.6000000238
73818  49.771  1.675  11.057 0.5000000000
73831  50.545  1.232  11.064 0.6000000238
71607  51.317  -0.445  17.808 0.5000000000
75765  51.797  3.620  16.312 0.4000000060
74764  51.034  3.182  16.108 0.2000000030
74765  50.228  2.440  15.727 0.3000000119
75780  51.442  4.099  15.885 0.3000000119
74780  50.645  3.519  15.572 0.3000000119
76775  51.665  4.685  15.494 0.4000000060
76774  51.932  4.615  15.582 0.4000000060
75784  52.166  4.533  15.201 0.5000000000
74790  51.099  2.473  13.256 0.6000000238
73801  50.216  2.283  11.967 0.5000000000
74808  49.540  2.306  11.079 0.4000000060
74817  49.043  2.477  10.393 0.4000000060
148974  49.200  1.930  10.529 0.4000000060
77728  51.234  5.800  13.962 0.4000000060
77721  51.177  5.501  14.445 0.4000000060
77727  51.358  5.797  13.832 0.3000000119
77720  51.436  5.353  14.408 0.3000000119
146678  51.502  5.468  14.142 0.3000000119
76788  51.746  5.023  14.617 0.4000000060
76781  51.702  4.915  15.061 0.4000000060
49038  29.774  -20.591  41.086 0.6000000238
42835  26.139  -26.815  37.780 0.4000000060
44924  29.235  -24.900  39.445 0.6000000238
45921  30.450  -23.361  39.862 0.6000000238
46927  30.444  -22.718  39.225 0.6000000238
43871  26.704  -26.130  36.819 0.4000000060
46918  30.451  -22.647  40.021 0.6000000238
44934  29.942  -24.206  38.664 0.6999999881
57088  25.131  -13.795  44.297 0.2000000030
55940  25.409  -14.751  45.326 0.2000000030
53631  25.350  -16.240  47.065 0.3000000119
48990  24.428  -19.932  45.360 0.5000000000
57054  26.689  -13.843  45.441 0.2000000030
50196  25.092  -20.181  44.866 0.5000000000
53647  25.354  -16.422  46.034 0.3000000119
46870  25.929  -22.421  44.082 0.5000000000
138185  25.998  -18.587  44.390 0.6000000238
49002  25.700  -21.061  44.585 0.6000000238
47940  26.553  -21.532  44.208 0.6000000238
61763  53.353  -8.665  17.776 0.1000000015
67389  47.630  -4.666  9.789 0.3000000119
66252  38.760  -5.940  17.782 0.6000000238
66266  39.947  -5.881  16.133 0.5000000000
60734  43.557  -9.817  12.248 0.5000000000
61826  43.912  -9.455  12.444 0.5000000000
61827  42.846  -9.566  12.415 0.5000000000
59677  44.588  -11.474  11.809 0.1000000015
62922  42.648  -8.793  12.684 0.5000000000
65145  41.418  -6.124  14.708 0.5000000000
148525  40.193  -5.546  17.328 0.5000000000
136441  42.164  -9.956  12.285 0.4000000060
65160  40.881  -6.357  14.215 0.5000000000
57436  48.401  -13.032  16.948 0.1000000015
58600  47.526  -12.984  15.457 0.1000000015
134809  43.022  -10.941  12.205 0.1000000015
58601  46.837  -13.043  14.884 0.1000000015
59674  47.405  -11.697  12.682 0.1000000015
58649  47.082  -12.202  13.175 0.1000000015
129605  41.798  -5.626  16.736 0.6000000238
66265  40.595  -5.814  15.798 0.5000000000
66250  40.610  -5.370  17.982 0.6999999881
58581  48.601  -12.714  16.400 0.1000000015
66249  41.106  -5.480  17.202 0.5000000000
58634  47.337  -12.401  13.881 0.1000000015
60722  43.467  -10.454  12.085 0.2000000030
58616  46.940  -12.748  14.269 0.1000000015
39860  18.978  -29.725  41.564 0.1000000015
39867  19.109  -29.207  41.198 0.1000000015
41816  20.188  -27.017  42.635 0.1000000015
148823  20.199  -26.801  41.982 0.2000000030
41837  19.529  -27.955  41.018 0.2000000030
42798  20.261  -26.271  42.222 0.2000000030
44897  20.352  -25.053  41.058 0.2000000030
44883  19.581  -24.496  42.585 0.3000000119
45913  19.179  -23.272  41.251 0.4000000060
46901  17.368  -22.690  42.808 0.3000000119
46902  16.530  -21.933  42.467 0.4000000060
45924  20.149  -24.014  40.549 0.3000000119
43853  20.293  -25.285  39.654 0.3000000119
43864  20.135  -25.161  38.636 0.4000000060
42840  19.158  -26.372  37.275 0.3000000119
152143  15.750  -17.010  47.421 0.4000000060
52532  14.456  -17.337  46.162 0.3000000119
51434  15.568  -18.950  43.724 0.3000000119
50243  15.659  -19.934  42.629 0.3000000119
133619  20.348  -23.978  39.832 0.3000000119
44937  20.263  -24.303  38.346 0.4000000060
130270  26.835  -31.655  33.955 0.3000000119
148058  19.205  -25.057  35.408 0.3000000119
43886  19.016  -25.801  35.890 0.2000000030
43903  18.885  -25.739  35.011 0.2000000030
43918  18.957  -25.534  34.037 0.3000000119
150948  19.309  -25.086  33.420 0.3000000119
40927  23.325  -28.572  31.841 0.3000000119
136061  20.804  -28.026  29.169 0.2000000030
43943  21.205  -25.407  31.487 0.3000000119
53623  17.171  -16.292  48.295 0.4000000060
51395  15.639  -17.894  45.624 0.3000000119
51407  16.336  -18.199  45.396 0.3000000119
49031  16.131  -20.343  42.040 0.3000000119
47990  17.567  -21.372  40.488 0.4000000060
47991  17.044  -20.984  40.746 0.4000000060
140174  30.791  -35.353  32.997 0.2000000030
34279  31.581  -35.377  32.587 0.2000000030
34301  32.360  -35.446  31.372 0.1000000015
35193  29.452  -34.985  34.004 0.2000000030
35177  29.639  -34.756  34.710 0.2000000030
48002  17.754  -21.025  40.214 0.4000000060
48001  18.924  -21.544  39.286 0.4000000060
45948  20.191  -23.476  38.005 0.3000000119
36130  28.248  -33.198  34.773 0.2000000030
37915  26.913  -31.382  34.770 0.3000000119
132740  26.869  -31.152  35.691 0.3000000119
37992  23.353  -31.927  29.289 0.2000000030
38934  22.965  -30.405  29.345 0.2000000030
39971  22.416  -29.735  29.197 0.2000000030
128259  19.788  -23.805  35.850 0.4000000060
150764  19.812  -25.983  31.097 0.2000000030
43924  19.500  -25.137  32.823 0.3000000119
45008  20.434  -24.574  32.574 0.4000000060
127010  16.679  -13.538  48.586 0.4000000060
54771  17.097  -15.234  49.043 0.4000000060
57031  17.484  -13.837  48.533 0.4000000060
53614  17.371  -15.891  48.435 0.4000000060
51385  17.831  -17.818  47.056 0.3000000119
50199  18.783  -19.077  46.001 0.3000000119
135879  32.444  -35.422  33.038 0.1000000015
128508  32.872  -35.398  32.207 0.1000000015
141233  30.985  -35.236  34.671 0.2000000030
50240  18.260  -19.499  41.921 0.4000000060
37007  28.526  -32.810  35.629 0.2000000030
131779  20.125  -22.741  37.628 0.3000000119
39902  25.225  -29.965  36.249 0.3000000119
40928  22.796  -28.111  31.328 0.3000000119
41907  22.961  -27.798  32.989 0.3000000119
43942  21.902  -25.781  31.849 0.4000000060
57042  17.453  -13.505  48.044 0.4000000060
55894  18.598  -15.288  48.610 0.4000000060
53612  18.842  -16.570  47.619 0.4000000060
34300  33.181  -35.438  31.324 0.1000000015
34255  33.001  -35.500  34.274 0.2000000030
147096  18.206  -19.196  43.550 0.3000000119
36103  29.529  -32.762  36.818 0.2000000030
48983  19.917  -19.809  46.066 0.4000000060
50239  19.317  -19.481  42.281 0.3000000119
37900  27.769  -31.400  36.632 0.2000000030
49054  19.805  -20.024  40.003 0.4000000060
55906  21.318  -14.321  48.240 0.4000000060
34276  35.448  -35.259  31.945 0.2000000030
35164  31.010  -34.531  36.212 0.2000000030
127373  21.209  -20.530  45.186 0.4000000060
38840  26.991  -30.599  37.311 0.3000000119
38841  26.368  -30.544  37.525 0.3000000119
139282  25.948  -30.389  37.874 0.3000000119
47945  21.996  -21.036  45.340 0.4000000060
50261  20.610  -19.766  40.255 0.4000000060
49003  22.253  -21.010  44.447 0.4000000060
60374  26.158  -10.773  45.402 0.2000000030
54818  27.861  -15.266  43.093 0.6000000238
149386  33.179  -35.176  36.252 0.2000000030
35163  32.248  -34.592  36.804 0.2000000030
36999  30.366  -32.667  37.409 0.2000000030
47987  30.017  -21.238  40.552 0.6000000238
39885  27.557  -30.276  37.298 0.3000000119
47978  30.066  -21.606  41.185 0.6000000238
46909  29.789  -22.947  41.473 0.6000000238
47966  29.427  -22.323  42.012 0.6000000238
135689  28.655  -20.011  42.571 0.6000000238
40880  27.023  -29.749  37.398 0.3000000119
49017  22.430  -20.778  43.617 0.5000000000
49029  22.602  -20.344  42.655 0.5000000000
131174  23.923  -20.228  41.195 0.5000000000
49064  24.314  -20.511  39.815 0.5000000000
134145  36.235  -35.102  32.967 0.2000000030
51372  22.096  -18.815  46.589 0.4000000060
34201  33.096  -34.898  36.822 0.2000000030
151673  30.971  -32.907  37.570 0.2000000030
149259  28.237  -19.569  42.942 0.5000000000
46864  24.408  -21.878  44.969 0.5000000000
148552  26.761  -25.870  37.350 0.4000000060
43848  27.843  -26.208  39.965 0.6000000238
43861  26.653  -26.155  38.305 0.6000000238
46938  25.297  -22.640  38.791 0.5000000000
57092  28.076  -13.541  43.033 0.6000000238
59357  28.602  -11.975  44.295 0.6999999881
34218  33.686  -35.029  36.605 0.2000000030
36100  32.027  -33.487  37.511 0.2000000030
52555  27.410  -16.953  43.737 0.6000000238
41882  26.615  -27.589  36.637 0.4000000060
37082  33.930  -32.660  30.192 0.1000000015
47988  25.719  -21.437  40.582 0.5000000000
51383  23.591  -17.726  45.901 0.4000000060
55979  27.759  -14.626  42.537 0.6999999881
35176  35.001  -34.915  35.514 0.2000000030
36094  32.008  -33.005  37.555 0.2000000030
145628  30.911  -30.933  37.341 0.2000000030
40889  27.641  -28.746  36.672 0.3000000119
46897  29.069  -23.392  42.325 0.6000000238
46886  26.102  -22.554  43.706 0.5000000000
44878  29.020  -24.750  42.135 0.5000000000
57074  26.208  -13.964  44.952 0.3000000119
57055  26.484  -14.084  45.369 0.2000000030
60391  25.628  -10.067  45.094 0.2000000030
59368  27.813  -11.328  44.204 0.6999999881
51382  24.270  -17.313  45.741 0.4000000060
51405  24.462  -18.610  45.283 0.4000000060
53645  26.275  -15.809  44.645 0.4000000060
54799  25.715  -15.353  45.578 0.2000000030
48989  25.063  -20.944  44.909 0.5000000000
50207  26.691  -19.102  43.928 0.5000000000
47941  25.834  -22.068  44.457 0.6000000238
36998  31.842  -32.143  37.206 0.2000000030
39894  29.196  -29.474  36.714 0.2000000030
38850  30.127  -30.239  37.158 0.2000000030
44908  30.228  -24.053  39.723 0.6000000238
148387  28.409  -23.629  42.656 0.5000000000
41889  27.615  -27.303  35.959 0.4000000060
43870  27.341  -25.367  37.724 0.6000000238
49061  28.889  -20.648  40.163 0.6000000238
44879  28.425  -25.514  42.279 0.5000000000
44945  27.992  -24.912  37.284 0.4000000060
136209  29.370  -24.422  38.277 0.6999999881
37047  31.468  -33.023  32.396 0.2000000030
148077  30.369  -32.768  30.034 0.2000000030
37134  28.713  -32.104  28.459 0.2000000030
57087  25.823  -13.903  44.866 0.2000000030
61462  25.892  -9.835  44.552 0.6999999881
59369  26.923  -10.999  43.454 0.8000000119
57099  28.093  -13.566  42.969 0.6999999881
55985  27.734  -15.200  42.141 0.6999999881
54790  25.792  -15.861  46.445 0.2000000030
51403  25.380  -17.162  45.064 0.4000000060
35175  35.542  -34.792  35.193 0.2000000030
35162  33.950  -34.902  36.430 0.2000000030
36110  34.297  -34.623  36.018 0.2000000030
38858  30.867  -30.521  36.246 0.2000000030
37006  32.174  -32.408  36.963 0.2000000030
38848  31.052  -30.753  36.978 0.2000000030
39893  30.025  -29.759  36.611 0.3000000119
44955  28.414  -24.874  36.773 0.5000000000
45955  30.474  -23.384  37.413 0.6999999881
46937  30.298  -22.529  38.323 0.6999999881
44942  30.326  -23.747  36.972 0.6999999881
37030  31.235  -32.971  33.481 0.2000000030
37048  30.571  -32.691  32.821 0.2000000030
37955  29.278  -31.815  31.891 0.2000000030
37972  28.055  -31.166  30.076 0.2000000030
58244  26.154  -11.914  41.781 0.8000000119
54868  27.148  -16.052  41.068 0.6999999881
36123  35.618  -34.331  35.075 0.2000000030
52588  27.435  -17.888  40.644 0.6999999881
36125  34.044  -34.037  35.866 0.2000000030
47956  26.583  -22.377  43.976 0.6000000238
39900  30.353  -29.972  35.614 0.2000000030
41888  28.573  -27.254  35.396 0.3000000119
151586  30.394  -23.423  36.422 0.6000000238
39933  27.836  -30.012  31.793 0.2000000030
136668  27.510  -29.304  32.014 0.2000000030
38902  27.654  -30.378  30.844 0.2000000030
41921  26.099  -27.660  31.213 0.2000000030
40918  26.753  -28.113  31.910 0.2000000030
39951  27.070  -29.905  30.261 0.2000000030
48080  25.344  -21.680  31.171 0.3000000119
47011  26.136  -22.480  31.696 0.3000000119
43941  25.519  -25.673  31.054 0.2000000030
47025  25.386  -22.668  30.511 0.2000000030
40958  25.527  -28.091  29.467 0.2000000030
39986  26.306  -29.646  28.810 0.2000000030
48094  24.875  -21.535  30.546 0.3000000119
58245  25.647  -11.973  41.155 0.6999999881
135113  26.848  -13.161  41.875 0.6999999881
55987  26.520  -14.270  41.131 0.6999999881
52589  27.003  -17.220  40.418 0.6999999881
36141  34.460  -33.581  35.007 0.2000000030
36142  33.792  -33.549  34.973 0.2000000030
36127  32.430  -33.276  34.594 0.2000000030
36126  33.320  -33.498  35.392 0.3000000119
37906  31.161  -31.074  35.827 0.3000000119
38866  30.045  -30.049  34.856 0.3000000119
43901  28.578  -25.833  35.551 0.4000000060
39909  29.383  -29.018  34.572 0.3000000119
43929  26.628  -25.569  32.275 0.3000000119
129103  25.116  -26.762  29.840 0.2000000030
45032  25.187  -24.353  30.259 0.2000000030
39987  25.823  -29.229  28.375 0.2000000030
46060  25.081  -23.523  30.011 0.2000000030
41938  24.747  -26.859  29.013 0.2000000030
61520  26.555  -9.614  39.984 0.6999999881
61508  28.302  -9.093  41.212 0.8000000119
58257  25.300  -12.081  40.418 0.6999999881
57110  25.788  -12.819  40.883 0.6999999881
55993  25.501  -13.710  39.889 0.6999999881
54863  26.720  -15.238  40.936 0.6999999881
54869  26.610  -15.914  40.375 0.6999999881
51464  27.196  -18.525  40.168 0.6999999881
37017  31.263  -32.615  34.458 0.3000000119
38872  30.138  -30.732  34.522 0.3000000119
38874  28.969  -29.951  33.470 0.2000000030
40917  27.571  -28.158  32.758 0.2000000030
145648  27.755  -28.864  32.608 0.2000000030
41900  28.253  -26.994  33.715 0.4000000060
45014  26.588  -23.986  32.063 0.3000000119
147103  24.463  -20.368  32.646 0.4000000060
150290  24.736  -22.305  29.567 0.2000000030
49157  24.499  -21.398  29.858 0.3000000119
60449  27.905  -10.681  38.863 0.6999999881
130603  25.097  -12.541  38.970 0.6999999881
58281  25.240  -11.940  38.376 0.6999999881
51465  26.576  -18.433  39.199 0.6999999881
49087  27.241  -20.929  37.844 0.6999999881
41905  27.748  -27.433  33.132 0.3000000119
50318  24.258  -19.434  32.899 0.4000000060
58277  32.268  -13.012  38.349 0.8000000119
152032  31.491  -11.901  39.770 0.6999999881
59407  30.905  -11.698  39.997 0.6999999881
59417  29.283  -11.862  38.998 0.6999999881
60463  26.735  -10.873  37.935 0.6999999881
59428  28.132  -11.660  37.786 0.6999999881
59430  25.655  -11.377  37.866 0.6999999881
56021  25.508  -14.837  38.124 0.6999999881
58293  28.621  -12.343  37.439 0.6999999881
59439  26.996  -11.611  36.699 0.6999999881
59441  25.849  -11.658  37.088 0.6999999881
45004  27.729  -24.350  33.192 0.3000000119
131948  26.282  -13.853  32.080 0.6000000238
52737  23.986  -17.344  29.429 0.4000000060
57143  31.947  -13.457  38.482 0.6999999881
57142  32.221  -13.415  38.017 0.8999999762
54898  32.920  -15.252  37.050 0.8000000119
146596  30.689  -14.229  37.570 0.6999999881
58292  29.399  -12.969  37.948 0.6999999881
57168  29.457  -13.869  36.639 0.6999999881
127691  28.356  -12.477  36.584 0.6999999881
54899  31.596  -15.263  36.779 0.8000000119
56052  29.875  -14.644  36.189 0.6999999881
132844  25.606  -16.676  36.164 0.6999999881
139904  25.458  -18.073  35.868 0.6999999881
49097  25.940  -20.313  36.115 0.6999999881
56086  29.671  -15.182  34.807 0.6999999881
130458  29.160  -14.244  34.880 0.6999999881
58328  28.145  -12.835  34.092 0.6999999881
58341  27.109  -12.865  33.165 0.6000000238
54994  26.329  -15.014  29.669 0.5000000000
138294  24.380  -16.688  29.177 0.4000000060
58290  32.488  -12.933  37.522 0.8000000119
54916  31.038  -15.424  36.112 0.8000000119
58318  28.137  -12.730  34.834 0.6999999881
54934  30.828  -15.702  35.288 0.6999999881
53769  25.473  -16.490  35.300 0.6999999881
53767  31.292  -16.057  34.869 0.8000000119
55010  26.443  -15.697  29.056 0.4000000060
57165  35.100  -13.396  37.337 0.6999999881
54936  25.506  -15.460  35.010 0.6999999881
49105  25.072  -20.233  34.361 0.5000000000
54956  31.482  -16.312  33.444 0.8000000119
57176  36.397  -13.356  35.724 0.6999999881
56085  34.229  -15.474  35.122 0.8000000119
57207  34.767  -14.214  33.799 0.8000000119
58352  35.576  -13.023  32.869 0.6999999881
128597  34.153  -14.949  34.022 0.8000000119
135171  34.686  -13.818  33.113 0.8000000119
54954  32.940  -15.630  33.670 0.8000000119
149739  30.911  -16.235  32.822 0.8000000119
54980  31.193  -15.703  31.836 0.8000000119
149216  30.643  -15.882  31.453 0.6999999881
53825  30.567  -16.146  32.098 0.6999999881
136908  30.079  -16.247  31.294 0.6999999881
53847  29.124  -16.633  30.249 0.6000000238
52735  27.425  -16.820  28.759 0.4000000060
47148  23.832  -22.116  20.585 0.1000000015
128654  23.495  -21.592  21.049 0.1000000015
48223  24.377  -21.798  19.975 0.1000000015
58339  36.616  -12.696  34.089 0.6999999881
57227  34.346  -13.706  32.377 0.8000000119
56124  33.010  -14.363  31.873 0.8000000119
56136  32.541  -14.115  30.576 0.8000000119
56162  30.758  -14.707  28.473 0.6000000238
55021  30.013  -15.163  28.213 0.6000000238
55033  29.283  -15.650  27.944 0.5000000000
56184  28.967  -15.160  26.151 0.5000000000
53867  28.938  -16.588  29.443 0.5000000000
53886  28.083  -16.801  28.361 0.5000000000
53923  27.838  -16.301  26.249 0.5000000000
52719  28.869  -16.643  30.609 0.5000000000
53868  28.383  -16.766  29.157 0.5000000000
53905  27.867  -16.678  27.278 0.5000000000
128457  27.332  -16.715  25.807 0.5000000000
53937  26.808  -17.095  25.469 0.5000000000
53936  27.174  -16.533  24.999 0.5000000000
52734  27.950  -16.859  29.145 0.5000000000
53906  27.527  -17.045  27.968 0.5000000000
129511  26.719  -17.360  26.865 0.5000000000
52757  27.197  -17.221  27.293 0.5000000000
52771  26.995  -17.219  26.378 0.5000000000
52783  26.153  -17.465  24.983 0.5000000000
53959  26.296  -16.989  24.055 0.3000000119
53887  27.190  -17.156  28.086 0.5000000000
52802  25.055  -17.909  23.618 0.3000000119
53974  25.653  -17.021  22.650 0.1000000015
52813  25.032  -17.694  22.243 0.1000000015
51673  24.471  -18.220  22.870 0.1000000015
51692  24.279  -18.431  20.985 0.1000000015
51682  23.850  -18.991  21.518 0.1000000015
48239  24.293  -21.035  19.710 0.1000000015
146481  36.587  -12.273  32.269 0.8000000119
57270  33.543  -13.405  29.623 0.8000000119
57308  30.945  -13.883  26.220 0.6999999881
56197  30.239  -14.169  25.930 0.5000000000
56216  29.275  -14.309  24.754 0.5000000000
56199  28.778  -14.919  25.285 0.5000000000
55069  27.475  -15.891  24.526 0.5000000000
53973  26.266  -16.297  22.676 0.1000000015
52824  25.214  -17.067  20.826 0.1000000015
145258  24.280  -18.600  20.255 0.1000000015
58389  34.842  -12.823  29.503 0.8000000119
129332  33.871  -12.842  27.426 0.8000000119
57307  31.659  -13.619  26.502 0.6999999881
57321  30.723  -13.712  25.391 0.5000000000
57338  29.747  -13.791  24.233 0.4000000060
56237  28.065  -14.348  22.848 0.3000000119
152303  27.546  -14.805  22.628 0.2000000030
55093  27.171  -15.356  22.841 0.2000000030
55094  26.689  -15.664  22.329 0.2000000030
53999  26.044  -15.926  21.077 0.1000000015
54000  25.697  -16.361  20.357 0.1000000015
59486  39.282  -11.101  31.129 0.8999999762
58388  35.493  -12.516  29.043 0.8000000119
58395  35.400  -12.434  28.168 0.8000000119
57347  30.980  -13.122  23.980 0.4000000060
57349  29.488  -13.579  23.407 0.3000000119
57373  28.270  -13.631  21.523 0.3000000119
57361  27.767  -14.329  21.992 0.2000000030
56246  27.201  -14.694  21.310 0.1000000015
56247  26.756  -14.962  20.697 0.1000000015
60506  41.431  -9.878  32.429 0.6000000238
135040  38.365  -11.512  30.030 0.8000000119
137054  37.894  -11.675  29.379 0.8000000119
59499  36.975  -11.913  28.952 0.8000000119
58412  35.245  -12.285  26.391 0.6999999881
58442  33.988  -12.497  25.030 0.6999999881
147657  33.319  -12.611  24.611 0.6999999881
58460  31.532  -12.661  22.904 0.5000000000
58499  29.450  -12.869  21.464 0.3000000119
58520  28.682  -13.126  21.081 0.3000000119
149182  40.490  -10.362  30.115 0.8000000119
59497  39.381  -10.952  29.644 0.8000000119
59505  38.580  -11.327  28.638 0.8000000119
58426  36.015  -12.046  25.896 0.6999999881
130607  34.683  -12.372  25.160 0.6999999881
58457  34.050  -12.427  24.019 0.6999999881
58476  34.588  -12.339  22.456 0.6999999881
58496  32.107  -12.494  21.433 0.4000000060
58518  30.511  -12.466  20.419 0.3000000119
61618  41.909  -9.148  30.615 0.8000000119
61630  41.416  -9.566  30.036 0.8000000119
60545  39.667  -10.580  28.489 0.6999999881
60544  40.318  -10.072  28.536 0.8000000119
59511  39.121  -10.927  28.077 0.8000000119
59518  38.467  -11.188  26.775 0.8000000119
59531  37.573  -11.495  25.621 0.6999999881
59541  36.769  -11.729  24.567 0.6999999881
127116  36.841  -11.621  23.820 0.6999999881
58475  35.296  -12.133  21.982 0.6999999881
58493  35.214  -11.975  21.143 0.6999999881
58513  34.872  -11.921  20.415 0.6000000238
58515  33.540  -12.493  20.277 0.4000000060
58535  32.227  -12.464  19.534 0.3000000119
60678  39.496  -11.140  15.585 0.3000000119
59621  39.783  -11.287  16.924 0.2000000030
127253  31.991  -12.352  18.748 0.2000000030
59600  33.139  -12.101  18.183 0.2000000030
60694  36.314  -10.495  14.127 0.3000000119
60709  36.847  -9.806  13.891 0.4000000060
145772  37.647  -10.157  14.106 0.2000000030
59650  37.432  -11.214  14.952 0.2000000030
62722  42.463  -8.533  30.732 0.6999999881
62733  42.588  -8.150  29.922 0.6999999881
60558  40.221  -9.884  27.742 0.6999999881
129348  40.718  -9.546  28.133 0.8000000119
132841  39.350  -10.500  26.908 0.8000000119
61667  39.873  -9.927  26.979 0.6999999881
144547  38.406  -10.859  25.199 0.6999999881
59540  37.533  -11.326  24.218 0.6999999881
59550  36.440  -11.730  23.229 0.6999999881
59568  35.888  -11.314  21.567 0.6999999881
60632  35.447  -11.182  20.579 0.6999999881
59587  35.017  -11.510  20.142 0.5000000000
60690  39.776  -11.134  15.235 0.3000000119
60692  38.837  -10.575  14.505 0.3000000119
57421  45.118  -13.821  17.630 0.1000000015
57423  43.364  -13.428  17.539 0.1000000015
58564  42.030  -12.556  17.473 0.1000000015
150109  41.167  -12.256  16.291 0.2000000030
57462  41.646  -12.874  15.815 0.1000000015
58602  40.920  -12.245  15.737 0.2000000030
130716  39.957  -10.859  13.923 0.3000000119
61812  37.874  -9.463  13.460 0.3000000119
60708  38.443  -10.125  13.907 0.3000000119
62909  36.596  -8.491  13.547 0.4000000060
132122  37.122  -9.024  13.376 0.4000000060
62910  35.807  -8.794  13.807 0.4000000060
60710  35.865  -10.010  13.859 0.3000000119
62895  34.641  -8.948  14.445 0.4000000060
63971  34.913  -8.148  14.862 0.4000000060
61814  35.494  -9.512  13.826 0.3000000119
60711  35.086  -10.228  13.757 0.2000000030
135305  34.068  -9.242  14.870 0.3000000119
59666  35.573  -10.900  13.937 0.3000000119
59652  35.707  -11.815  14.145 0.1000000015
64943  43.448  -6.465  30.144 0.6999999881
63787  43.309  -7.130  30.261 0.6999999881
63797  42.895  -7.539  29.683 0.6999999881
62745  42.310  -8.085  29.078 0.8000000119
62746  41.796  -8.300  28.382 0.8000000119
62760  40.913  -8.641  27.227 0.8000000119
61681  39.711  -9.192  25.763 0.6999999881
60601  38.377  -10.339  24.186 0.6999999881
60612  37.499  -10.673  23.031 0.6999999881
61724  37.255  -9.407  22.314 0.6999999881
62834  36.341  -8.649  20.691 0.6999999881
60639  35.201  -10.883  19.910 0.6000000238
63921  36.474  -7.364  19.309 0.6000000238
62843  36.068  -8.268  19.821 0.6000000238
62844  35.521  -8.839  19.351 0.6000000238
61747  35.335  -9.881  19.677 0.6000000238
61748  34.863  -10.402  19.195 0.5000000000
63928  35.604  -7.737  18.013 0.5000000000
63927  36.131  -7.403  18.433 0.5000000000
62849  35.293  -8.481  18.451 0.4000000060
61755  34.550  -9.887  18.371 0.4000000060
148118  34.014  -11.140  18.206 0.2000000030
65117  36.700  -6.924  18.366 0.6000000238
65128  36.998  -6.688  17.541 0.5000000000
65139  36.623  -6.808  16.755 0.5000000000
62870  34.815  -8.020  16.630 0.4000000060
63943  35.288  -7.578  16.199 0.5000000000
62860  35.035  -8.182  17.560 0.5000000000
61765  34.262  -9.469  17.506 0.4000000060
62861  34.483  -8.672  17.078 0.4000000060
57420  45.924  -13.884  17.703 0.1000000015
65149  37.650  -6.572  15.873 0.5000000000
63969  36.433  -7.413  14.430 0.5000000000
65150  36.328  -6.964  15.958 0.5000000000
63955  36.012  -7.273  15.214 0.5000000000
63942  35.910  -7.190  16.566 0.5000000000
63970  35.611  -7.777  14.624 0.5000000000
63944  34.765  -8.039  15.700 0.5000000000
61786  33.858  -9.259  15.649 0.3000000119
62881  34.362  -8.642  15.233 0.4000000060
61776  33.638  -9.803  16.348 0.2000000030
61775  34.012  -9.228  16.638 0.3000000119
57440  44.207  -13.639  16.118 0.1000000015
57461  42.528  -13.374  15.519 0.1000000015
58619  40.729  -12.185  14.845 0.2000000030
59648  40.841  -12.086  13.890 0.2000000030
135017  41.299  -12.607  14.189 0.1000000015
63990  36.990  -7.660  13.644 0.4000000060
61832  37.781  -8.797  13.072 0.4000000060
63991  36.067  -8.045  13.979 0.5000000000
59623  32.946  -11.190  15.860 0.2000000030
61810  39.683  -9.672  12.886 0.4000000060
57482  43.790  -13.467  14.333 0.1000000015
58655  41.902  -11.923  12.735 0.1000000015
136048  40.050  -9.007  12.534 0.4000000060
57506  43.467  -13.216  13.509 0.1000000015
63819  42.328  -7.211  28.298 0.8000000119
67186  43.417  -5.162  30.397 0.4000000060
66081  43.058  -5.471  29.531 0.6000000238
66093  42.755  -6.225  28.840 0.8000000119
64982  42.468  -6.735  28.364 0.8000000119
63820  41.700  -7.534  27.639 0.8000000119
63830  40.577  -7.976  26.161 0.8000000119
62797  40.138  -8.069  25.540 0.6999999881
131560  39.367  -9.150  25.121 0.6999999881
128672  39.603  -8.305  24.875 0.6999999881
62807  38.545  -8.833  23.639 0.6999999881
62806  39.133  -8.190  24.123 0.6999999881
62814  38.192  -8.319  22.997 0.6999999881
149414  38.362  -6.375  22.001 0.8000000119
63900  38.049  -6.970  22.036 0.6999999881
65095  37.600  -6.524  20.640 0.8000000119
63901  37.453  -7.553  21.624 0.6999999881
66183  39.270  -5.309  22.302 0.8000000119
66230  38.956  -5.493  20.035 0.8000000119
65105  37.864  -6.186  18.892 0.6999999881
65106  37.154  -6.649  19.128 0.6000000238
58563  48.775  -12.847  17.485 0.1000000015
66243  38.590  -5.859  18.592 0.6000000238
65126  38.227  -6.241  17.277 0.5000000000
142721  37.645  -6.420  17.584 0.5000000000
65127  37.487  -6.513  16.811 0.5000000000
65137  39.196  -6.164  16.103 0.5000000000
66260  38.941  -6.030  16.992 0.5000000000
57457  47.153  -13.378  16.315 0.1000000015
57479  46.318  -13.002  14.295 0.1000000015
65147  39.881  -6.145  15.344 0.5000000000
65161  39.424  -6.465  14.436 0.5000000000
65162  38.598  -6.548  14.707 0.5000000000
65176  38.748  -6.664  13.965 0.5000000000
65163  37.803  -6.646  14.928 0.5000000000
57481  44.697  -13.434  14.420 0.1000000015
57480  45.532  -13.272  14.364 0.1000000015
58636  44.870  -12.910  13.043 0.1000000015
129260  40.128  -6.548  13.779 0.5000000000
64009  39.415  -7.547  12.671 0.5000000000
64008  40.912  -7.301  12.831 0.5000000000
134821  40.227  -7.657  12.587 0.5000000000
65175  39.308  -6.748  13.494 0.5000000000
64010  38.616  -7.563  12.857 0.5000000000
62927  38.114  -8.220  12.829 0.5000000000
65177  38.070  -6.793  14.088 0.5000000000
64011  37.849  -7.628  13.189 0.5000000000
59679  42.455  -11.490  12.451 0.2000000030
128378  43.273  -12.816  12.924 0.1000000015
62924  40.950  -8.034  12.480 0.5000000000
60724  41.453  -10.358  12.453 0.4000000060
61829  40.837  -8.875  12.395 0.5000000000
59680  41.635  -11.219  12.606 0.3000000119
142243  40.351  -8.349  12.460 0.5000000000
66094  42.313  -5.294  28.519 0.6999999881
150404  41.381  -6.837  26.880 0.8000000119
68308  42.188  -3.592  28.896 0.6999999881
135645  39.825  -7.083  24.632 0.6999999881
65063  39.010  -5.917  22.713 0.8000000119
57503  45.785  -12.869  13.505 0.1000000015
58653  43.623  -12.351  12.517 0.1000000015
129912  43.968  -11.818  12.132 0.1000000015
69374  42.183  -2.104  28.593 0.6000000238
144646  41.613  -3.238  27.214 0.8000000119
67232  40.627  -4.806  25.314 0.8000000119
128921  41.098  -3.915  25.523 0.8000000119
66165  39.915  -5.274  23.878 0.8999999762
67274  39.982  -4.709  23.150 0.8999999762
67273  40.766  -4.148  22.949 0.8999999762
68400  41.545  -3.972  22.450 0.8999999762
67312  39.792  -4.779  21.878 0.8999999762
128552  43.604  -7.027  14.789 0.6999999881
67311  40.598  -4.522  21.530 0.8999999762
66215  40.367  -4.893  20.277 0.8000000119
134733  40.063  -5.280  18.735 0.6999999881
66229  39.788  -5.186  19.709 0.8000000119
66241  41.052  -5.164  18.723 0.8000000119
65174  42.630  -7.111  13.695 0.5000000000
63986  41.758  -7.124  13.209 0.5000000000
127118  40.919  -6.751  13.421 0.5000000000
62923  41.684  -8.629  12.474 0.5000000000
150403  42.137  -8.259  12.706 0.5000000000
62907  42.566  -7.899  13.078 0.5000000000
126497  49.021  -12.593  16.922 0.1000000015
62893  44.134  -8.391  13.859 0.6000000238
62921  43.565  -9.185  12.680 0.5000000000
61784  51.713  -9.265  15.491 0.1000000015
61785  50.942  -10.112  15.111 0.1000000015
59687  44.632  -10.673  11.584 0.1000000015
60733  44.086  -10.260  11.890 0.2000000030
61842  44.169  -9.600  11.989 0.2000000030
60689  49.796  -10.796  14.018 0.1000000015
61796  50.878  -9.695  14.165 0.1000000015
59662  49.194  -11.121  13.698 0.1000000015
59676  45.352  -11.798  11.854 0.1000000015
128668  46.776  -11.965  12.555 0.1000000015
58651  45.519  -12.421  12.566 0.1000000015
58650  46.350  -12.383  12.894 0.1000000015
61825  48.801  -9.910  11.936 0.1000000015
60730  46.900  -10.666  11.417 0.1000000015
60731  45.948  -10.503  11.093 0.2000000030
59684  46.832  -11.484  12.006 0.2000000030
59686  45.298  -11.026  11.433 0.2000000030
151213  45.233  -9.727  11.129 0.2000000030
60737  45.719  -9.646  10.871 0.2000000030
64035  45.723  -7.854  10.623 0.2000000030
142471  45.193  -9.238  11.080 0.2000000030
150914  45.528  -6.649  11.222 0.3000000119
65193  45.283  -6.761  11.952 0.3000000119
66292  46.116  -5.421  11.183 0.5000000000
152211  42.057  -2.041  27.974 0.6000000238
68347  41.638  -3.464  24.864 0.8000000119
68363  42.557  -3.350  24.218 0.8999999762
66225  43.412  -5.522  19.490 0.8000000119
65114  44.072  -5.934  19.176 0.8000000119
68399  42.282  -3.822  22.526 0.8999999762
66239  42.694  -5.617  18.262 0.8000000119
66240  42.032  -5.314  18.638 0.8000000119
66251  39.459  -5.719  17.513 0.6000000238
66242  39.323  -5.625  18.273 0.6000000238
66257  41.226  -5.646  16.283 0.5000000000
63966  44.846  -8.290  14.815 0.6999999881
64006  44.411  -8.445  12.967 0.5000000000
62935  44.642  -9.075  11.589 0.3000000119
64005  44.884  -7.654  12.372 0.5000000000
66290  45.610  -6.156  12.447 0.5000000000
66289  46.003  -5.400  12.070 0.6000000238
67378  46.512  -4.794  12.592 0.6999999881
69602  50.137  -2.111  11.084 0.6000000238
70417  42.449  -1.458  28.096 0.6000000238
70427  42.689  -1.547  27.399 0.6999999881
67308  44.107  -4.984  21.338 0.8999999762
67272  44.245  -4.102  22.940 0.8999999762
135242  42.952  -4.146  22.026 0.8999999762
67290  44.872  -4.753  22.525 0.8999999762
66182  45.283  -5.263  22.182 0.8999999762
127013  44.364  -5.487  20.752 0.8999999762
139588  45.130  -5.751  21.120 0.8999999762
65104  44.862  -6.298  19.360 0.8000000119
65093  45.073  -6.056  20.400 0.8000000119
127940  42.177  -4.884  19.974 0.8000000119
65134  44.573  -6.719  17.092 0.6999999881
67309  42.481  -4.555  20.941 0.8999999762
63932  45.836  -7.395  17.104 0.6999999881
63940  46.156  -7.487  16.553 0.6999999881
133039  46.002  -7.760  15.902 0.6999999881
151224  45.187  -8.288  15.048 0.6999999881
63951  45.995  -7.533  15.313 0.6999999881
146556  45.460  -7.972  14.923 0.6999999881
58599  48.385  -12.610  15.699 0.1000000015
149927  46.272  -5.601  13.703 0.6999999881
69394  44.764  -2.171  26.185 0.6999999881
68345  44.111  -2.949  25.260 0.8000000119
68360  45.879  -3.732  24.768 0.8999999762
68378  44.564  -3.752  23.791 0.8999999762
67270  46.227  -4.715  23.697 0.8999999762
66181  45.926  -5.416  22.475 0.8999999762
129558  46.459  -5.655  22.342 0.8999999762
65076  45.758  -6.070  21.067 0.8999999762
65092  45.798  -6.322  20.457 0.8999999762
150411  46.475  -6.587  19.365 0.8999999762
65090  46.992  -6.502  20.120 0.8999999762
65121  47.170  -6.484  17.366 0.6999999881
65141  46.379  -7.238  15.995 0.6999999881
58615  47.469  -12.636  14.594 0.1000000015
70650  50.696  -1.845  11.553 0.6000000238
70678  54.673  -1.168  9.726 0.4000000060
139077  45.790  -3.167  25.381 0.6999999881
67269  47.051  -5.034  23.747 0.8999999762
66179  47.636  -5.611  22.743 0.8999999762
66162  48.113  -5.338  23.257 0.8999999762
67268  47.645  -5.121  23.672 0.8000000119
65075  46.454  -6.016  21.657 0.8999999762
65074  47.162  -6.180  21.584 0.8999999762
66195  47.752  -5.919  22.169 0.8999999762
65073  47.790  -6.138  21.482 0.8999999762
66223  48.425  -5.782  20.255 0.8999999762
66194  48.417  -5.752  22.037 0.8999999762
65100  47.711  -6.201  19.713 0.8999999762
130947  47.639  -5.831  17.191 0.6999999881
131133  47.384  -5.615  16.002 0.6999999881
67355  47.710  -4.917  15.658 0.6999999881
67354  48.164  -4.228  15.225 0.6999999881
127241  53.419  -1.417  12.501 0.5000000000
68342  47.591  -3.725  24.768 0.6999999881
68377  48.742  -4.604  23.748 0.8000000119
67288  48.743  -5.300  22.955 0.8999999762
66236  49.000  -5.060  18.839 1.0000000000
134109  48.312  -5.520  18.347 0.8999999762
67349  48.924  -4.787  17.874 0.8999999762
67352  48.620  -4.691  16.958 0.8999999762
70600  54.751  -1.171  15.361 0.8999999762
129035  48.518  -3.741  14.800 0.6999999881
130583  52.895  -1.498  13.925 0.8000000119
69578  49.121  -3.007  13.853 0.8000000119
70620  54.807  -1.359  13.670 0.6999999881
134111  50.487  -2.052  13.568 0.8000000119
70633  52.654  -1.491  13.031 0.6000000238
70622  50.973  -1.715  13.156 0.6999999881
68358  48.776  -3.814  24.213 0.6999999881
68375  50.231  -3.748  23.153 0.6000000238
69413  49.332  -3.083  23.931 0.6000000238
68397  49.933  -4.412  23.002 0.6000000238
67306  50.525  -4.435  21.897 0.8000000119
67334  49.950  -4.746  20.286 1.0000000000
144045  49.126  -4.100  16.523 0.8999999762
71657  55.426  -0.529  13.523 0.6999999881
68410  50.828  -4.079  22.115 0.6000000238
68396  50.688  -3.784  22.597 0.6000000238
68427  51.539  -3.755  20.660 0.8999999762
71587  53.561  -1.307  18.507 0.8000000119
69501  53.257  -2.396  18.286 0.8999999762
69484  53.322  -2.390  19.072 0.8000000119
68438  51.224  -3.751  19.123 1.0000000000
148749  51.609  -3.665  19.744 1.0000000000
68437  51.972  -3.175  18.293 1.0000000000
68445  50.491  -3.708  17.690 1.0000000000
69442  51.724  -2.550  21.608 0.5000000000
136757  51.895  -3.249  21.266 0.6999999881
69434  51.122  -2.568  22.338 0.5000000000
73731  50.729  1.731  16.399 0.3000000119
74744  50.671  2.366  16.165 0.3000000119
75779  51.997  4.350  16.018 0.5000000000
74778  52.956  3.075  15.022 0.6999999881
74789  51.763  2.719  13.865 0.6000000238
73782  53.076  1.782  13.686 0.6000000238
73799  51.384  1.598  12.673 0.6000000238
150051  52.995  1.386  12.396 0.6999999881
73816  51.371  1.253  11.693 0.6999999881
72732  49.866  1.144  10.310 0.4000000060
75785  50.933  4.542  15.285 0.4000000060
76782  51.373  5.112  14.929 0.5000000000
55926  25.673  -14.805  45.291 0.2000000030
52528  24.953  -16.873  45.698 0.4000000060
55912  25.921  -15.297  46.283 0.2000000030
51404  25.199  -18.251  44.910 0.4000000060
50208  25.900  -19.757  44.441 0.5000000000
66258  40.449  -5.655  16.587 0.5000000000
66259  39.681  -5.795  16.778 0.5000000000
58652  44.546  -12.294  12.322 0.1000000015
139688  42.151  -9.285  12.374 0.5000000000
130982  42.880  -10.238  12.239 0.2000000030
60723  42.261  -10.709  12.346 0.4000000060
65146  40.723  -6.054  15.002 0.5000000000
131426  40.207  -6.303  14.554 0.5000000000
58635  46.656  -12.610  13.677 0.1000000015
63968  37.275  -7.016  14.245 0.5000000000
61831  38.443  -8.895  12.897 0.5000000000
63612  25.950  -7.506  43.671 0.5000000000
63605  25.370  -8.055  44.212 0.4000000060
63622  24.894  -7.718  42.843 0.2000000030
54791  25.567  -15.429  47.047 0.2000000030
55913  25.671  -14.914  46.450 0.2000000030
63611  26.555  -7.307  43.439 0.5000000000
63621  25.652  -7.298  42.965 0.4000000060
141394  25.173  -7.713  43.630 0.4000000060
62551  24.707  -8.157  44.115 0.2000000030
60377  23.996  -10.178  45.218 0.2000000030
63632  25.696  -7.239  42.062 0.3000000119
62567  23.706  -8.812  43.056 0.2000000030
61464  23.343  -9.259  43.574 0.2000000030
64790  26.147  -6.999  41.428 0.4000000060
63642  24.887  -7.837  40.971 0.2000000030
64799  27.709  -6.856  39.533 0.3000000119
64800  26.967  -6.923  39.887 0.3000000119
64801  26.241  -7.197  40.292 0.2000000030
53633  24.133  -15.649  47.616 0.1000000015
137005  24.921  -15.669  47.321 0.2000000030
55927  24.905  -14.840  46.005 0.1000000015
59354  24.190  -10.816  45.188 0.2000000030
60392  23.302  -10.462  44.666 0.1000000015
59360  23.614  -11.356  44.439 0.1000000015
62583  23.820  -8.706  42.141 0.2000000030
61481  23.203  -9.383  42.602 0.2000000030
60404  22.737  -10.573  43.831 0.2000000030
59371  22.651  -11.285  43.312 0.1000000015
62582  24.369  -8.276  41.458 0.2000000030
61498  23.201  -9.407  41.605 0.2000000030
61499  22.751  -10.032  41.170 0.1000000015
64809  27.065  -7.016  38.889 0.3000000119
63651  26.277  -7.291  39.283 0.3000000119
63652  25.563  -7.579  39.695 0.2000000030
63653  24.859  -7.880  40.077 0.2000000030
62598  23.719  -8.823  41.059 0.2000000030
63664  25.539  -7.601  38.757 0.2000000030
62610  24.226  -8.389  39.542 0.2000000030
62611  23.640  -8.868  40.125 0.2000000030
42742  13.605  -26.091  47.656 0.1000000015
42749  13.363  -25.855  47.394 0.1000000015
42748  13.723  -26.570  47.038 0.1000000015
42751  13.758  -26.613  46.681 0.1000000015
147031  13.056  -25.116  48.251 0.1000000015
41786  14.402  -27.602  46.357 0.1000000015
146667  24.455  -14.624  46.270 0.1000000015
126987  24.171  -14.326  46.899 0.1000000015
58225  24.685  -12.846  44.074 0.1000000015
144842  23.997  -12.179  44.076 0.1000000015
59370  23.164  -11.964  43.566 0.1000000015
58226  23.904  -12.840  43.494 0.1000000015
140214  22.444  -10.847  41.630 0.1000000015
58227  22.613  -12.066  42.674 0.1000000015
132904  22.420  -11.269  42.505 0.1000000015
61512  23.181  -9.432  40.655 0.2000000030
60418  22.582  -10.594  40.727 0.1000000015
63665  24.875  -7.879  39.217 0.2000000030
61529  22.992  -9.335  38.897 0.2000000030
61513  22.758  -9.984  40.279 0.1000000015
128917  22.409  -11.482  40.580 0.1000000015
58246  22.313  -11.967  41.682 0.1000000015
63663  26.292  -7.347  38.282 0.2000000030
63684  25.400  -7.643  37.724 0.2000000030
63685  24.649  -7.947  37.654 0.2000000030
141573  23.948  -8.546  38.816 0.2000000030
62622  23.452  -8.851  38.418 0.2000000030
60441  22.624  -10.591  39.092 0.1000000015
62637  24.159  -8.285  37.057 0.1000000015
62638  23.472  -8.783  37.534 0.1000000015
62639  22.941  -9.242  38.016 0.1000000015
42752  13.337  -25.946  47.117 0.1000000015
43772  12.804  -24.978  48.047 0.1000000015
43767  12.831  -24.681  48.382 0.1000000015
42739  13.376  -25.153  48.405 0.1000000015
43762  13.059  -24.379  48.854 0.1000000015
54793  23.809  -14.735  47.477 0.1000000015
149173  24.769  -14.718  45.648 0.1000000015
139141  23.390  -14.581  46.197 0.1000000015
54808  24.122  -15.063  45.138 0.1000000015
55941  24.132  -14.658  46.111 0.1000000015
152461  23.836  -13.405  43.168 0.1000000015
55960  24.666  -14.699  44.228 0.1000000015
150421  29.739  -9.588  36.862 0.3000000119
62635  29.945  -8.943  37.609 0.3000000119
58234  23.235  -12.975  42.818 0.1000000015
57094  23.800  -14.052  42.854 0.1000000015
62636  29.029  -8.272  37.228 0.2000000030
57102  22.578  -12.900  42.036 0.1000000015
63681  28.540  -7.674  37.464 0.3000000119
59411  22.536  -11.192  39.624 0.1000000015
127154  22.310  -12.191  40.976 0.1000000015
127456  27.908  -7.305  37.690 0.3000000119
63683  26.320  -7.450  37.229 0.3000000119
61530  22.713  -9.895  38.533 0.1000000015
130926  24.834  -7.844  37.111 0.1000000015
62655  22.927  -9.227  37.131 0.1000000015
61543  22.707  -9.869  37.628 0.1000000015
60453  22.672  -10.747  38.145 0.1000000015
54775  13.672  -14.716  49.347 0.3000000119
43768  12.321  -24.146  48.389 0.1000000015
133072  12.726  -24.983  47.860 0.1000000015
43783  13.145  -25.536  47.000 0.1000000015
142228  13.491  -26.174  46.751 0.1000000015
53626  13.437  -15.956  48.332 0.3000000119
54787  13.159  -15.267  49.134 0.3000000119
43763  12.933  -24.351  48.872 0.1000000015
43782  13.448  -25.640  46.440 0.1000000015
44815  12.219  -23.446  49.349 0.1000000015
53637  12.701  -16.449  47.679 0.3000000119
47898  13.033  -21.318  50.066 0.1000000015
55904  23.069  -14.648  48.008 0.1000000015
51387  11.730  -18.021  47.719 0.3000000119
136760  11.867  -18.729  48.309 0.2000000030
48957  13.426  -20.562  49.979 0.1000000015
55914  23.311  -14.187  47.291 0.1000000015
57038  22.713  -13.901  47.269 0.1000000015
54809  22.943  -15.236  45.351 0.1000000015
54820  24.118  -15.299  44.201 0.1000000015
55975  24.216  -14.761  43.488 0.1000000015
61542  29.072  -9.323  36.318 0.2000000030
150194  28.467  -8.016  36.852 0.4000000060
57101  23.076  -13.778  42.200 0.1000000015
63682  27.210  -7.436  37.069 0.3000000119
128815  22.485  -11.984  39.550 0.1000000015
58258  22.355  -12.422  40.407 0.1000000015
62654  23.431  -8.810  36.620 0.1000000015
61558  22.942  -9.316  36.288 0.1000000015
61559  22.707  -9.861  36.793 0.1000000015
59420  22.605  -11.318  38.882 0.1000000015
62653  24.004  -8.448  36.094 0.1000000015
60482  22.796  -10.707  36.055 0.1000000015
134631  22.671  -11.439  37.509 0.1000000015
150204  22.577  -11.948  38.708 0.1000000015
61570  22.723  -10.005  36.062 0.1000000015
44824  11.552  -23.604  48.805 0.1000000015
43773  12.262  -24.074  47.804 0.1000000015
45839  11.154  -23.059  49.731 0.1000000015
43776  12.909  -25.268  47.579 0.1000000015
45835  11.076  -22.818  50.614 0.1000000015
44846  12.624  -24.444  47.085 0.1000000015
148172  12.426  -21.964  49.981 0.1000000015
43790  13.921  -25.586  45.798 0.1000000015
54776  12.860  -14.735  49.333 0.3000000119
151630  12.839  -20.206  50.799 0.1000000015
53638  12.146  -16.505  48.100 0.3000000119
50161  13.046  -20.152  49.906 0.1000000015
50155  13.009  -20.156  50.317 0.1000000015
54788  12.491  -15.199  49.322 0.3000000119
53628  11.731  -16.371  48.943 0.2000000030
52507  11.125  -17.291  49.164 0.2000000030
130694  22.704  -14.112  47.750 0.1000000015
55915  22.129  -13.821  47.915 0.1000000015
55916  21.411  -13.656  47.973 0.1000000015
132500  12.072  -15.014  49.417 0.3000000119
55929  22.689  -13.917  46.805 0.1000000015
57056  22.039  -13.719  47.362 0.1000000015
55943  21.400  -14.358  45.702 0.1000000015
55901  12.486  -14.393  49.218 0.3000000119
57037  12.022  -13.873  48.476 0.3000000119
55902  11.757  -14.408  49.080 0.3000000119
55930  21.827  -13.864  46.558 0.1000000015
61557  28.551  -9.307  35.239 0.2000000030
55942  22.382  -14.450  46.031 0.1000000015
61556  29.019  -9.799  35.276 0.2000000030
62662  28.131  -8.677  35.007 0.2000000030
62651  28.262  -8.565  36.009 0.2000000030
54810  22.051  -14.999  45.323 0.1000000015
61555  29.709  -10.160  36.141 0.2000000030
62652  27.667  -7.941  35.625 0.2000000030
54821  23.332  -15.707  44.414 0.1000000015
54822  22.217  -15.703  44.600 0.1000000015
63699  27.914  -7.722  36.706 0.2000000030
54836  23.796  -15.563  43.604 0.1000000015
53668  23.204  -16.098  43.590 0.1000000015
63700  27.213  -7.647  36.243 0.2000000030
55976  23.847  -15.073  42.875 0.1000000015
57111  22.658  -13.706  41.473 0.1000000015
63702  25.419  -7.662  36.759 0.2000000030
58282  22.468  -12.620  38.880 0.1000000015
62664  23.381  -8.933  35.746 0.1000000015
137440  22.748  -11.246  36.595 0.1000000015
126640  22.809  -11.914  36.194 0.1000000015
61569  22.994  -9.509  35.491 0.1000000015
60481  22.945  -10.477  35.328 0.1000000015
59455  22.916  -11.351  35.771 0.1000000015
44825  10.485  -23.389  49.040 0.1000000015
44828  11.530  -23.668  48.647 0.1000000015
44822  10.837  -23.205  49.405 0.1000000015
45851  9.711  -23.553  48.676 0.1000000015
44829  10.639  -23.529  48.436 0.1000000015
46842  10.453  -22.560  50.737 0.1000000015
42770  10.000  -26.125  43.909 0.1000000015
48955  9.711  -20.959  50.412 0.1000000015
44853  13.497  -24.440  45.747 0.1000000015
44854  12.811  -23.857  46.072 0.1000000015
43804  10.630  -25.592  43.455 0.1000000015
51357  10.814  -19.264  49.448 0.1000000015
44852  14.074  -24.686  45.160 0.1000000015
43789  14.483  -25.425  45.039 0.1000000015
43815  11.634  -25.558  42.240 0.1000000015
148549  10.581  -17.383  49.879 0.2000000030
57025  13.847  -13.915  49.250 0.3000000119
53617  11.881  -15.615  49.305 0.2000000030
53606  10.944  -16.245  49.736 0.2000000030
54767  9.941  -15.842  49.518 0.2000000030
57057  21.231  -13.629  47.195 0.1000000015
55917  12.613  -13.667  47.920 0.3000000119
55903  10.910  -14.838  49.122 0.2000000030
55911  10.688  -15.020  48.614 0.2000000030
145124  9.728  -15.814  49.107 0.2000000030
57065  12.924  -13.783  47.153 0.3000000119
55918  12.183  -13.932  47.505 0.3000000119
150505  11.678  -14.287  47.841 0.3000000119
54800  11.536  -15.308  46.594 0.2000000030
55944  20.479  -13.945  45.758 0.1000000015
55962  19.994  -14.361  45.014 0.1000000015
55933  12.559  -14.422  46.489 0.3000000119
55969  12.875  -15.052  45.110 0.2000000030
54832  11.949  -15.890  44.720 0.2000000030
61578  30.441  -9.837  34.416 0.3000000119
60489  29.627  -9.779  34.501 0.3000000119
60474  29.637  -10.369  34.987 0.3000000119
55961  20.742  -14.568  45.143 0.1000000015
61577  31.404  -9.874  34.563 0.3000000119
54823  21.336  -15.084  44.873 0.1000000015
60488  30.370  -10.483  34.631 0.3000000119
54838  21.209  -15.763  44.053 0.1000000015
148434  22.681  -16.105  44.014 0.1000000015
53669  22.026  -16.281  43.788 0.1000000015
128264  26.694  -7.497  36.580 0.3000000119
54837  23.542  -15.871  42.950 0.1000000015
63701  26.096  -7.560  36.299 0.2000000030
55981  23.467  -14.697  42.279 0.1000000015
53677  22.966  -16.408  42.945 0.1000000015
53678  22.108  -16.640  43.004 0.1000000015
57119  22.439  -13.738  40.689 0.1000000015
55988  23.009  -14.445  41.746 0.1000000015
54852  23.165  -15.375  41.769 0.1000000015
152677  23.491  -15.437  42.442 0.1000000015
53691  23.236  -16.028  42.319 0.1000000015
53692  22.610  -16.506  42.259 0.1000000015
127660  22.505  -13.093  37.539 0.1000000015
127329  22.447  -13.065  38.300 0.1000000015
57134  22.332  -13.708  39.902 0.1000000015
55989  22.748  -14.692  41.024 0.1000000015
58310  22.655  -12.241  36.939 0.1000000015
57147  22.351  -13.575  38.986 0.1000000015
138765  22.597  -15.343  40.446 0.1000000015
140427  22.713  -12.521  36.185 0.1000000015
57171  22.559  -13.269  36.598 0.1000000015
57158  22.373  -13.792  38.086 0.1000000015
56005  22.373  -14.498  39.380 0.1000000015
55994  22.473  -14.563  40.189 0.1000000015
132719  22.403  -13.934  37.289 0.1000000015
45842  8.938  -22.732  49.939 0.1000000015
135401  9.544  -23.299  49.129 0.1000000015
45856  11.839  -23.676  47.338 0.1000000015
45841  9.641  -22.791  49.980 0.1000000015
43798  9.670  -25.857  44.758 0.1000000015
134122  16.634  -14.483  49.107 0.3000000119
55897  15.823  -14.443  49.253 0.3000000119
144860  9.454  -22.015  50.549 0.1000000015
47902  9.769  -21.642  50.657 0.1000000015
131707  10.282  -25.194  44.260 0.1000000015
50159  10.315  -19.808  49.752 0.1000000015
43803  11.300  -25.154  43.034 0.1000000015
44872  10.920  -24.665  43.813 0.1000000015
57033  15.079  -13.565  48.994 0.3000000119
52499  9.431  -17.536  50.132 0.1000000015
45869  13.082  -23.546  45.161 0.1000000015
57039  20.651  -13.627  47.873 0.2000000030
57045  14.886  -13.332  47.760 0.3000000119
57034  14.341  -13.605  49.001 0.3000000119
53629  9.340  -16.209  48.918 0.2000000030
135484  20.355  -13.627  46.836 0.2000000030
57058  19.424  -13.591  46.840 0.3000000119
57063  14.598  -13.681  46.921 0.3000000119
150697  14.143  -13.470  47.566 0.3000000119
54801  10.952  -15.744  47.040 0.2000000030
54789  10.084  -15.715  48.582 0.2000000030
57075  19.785  -13.771  46.066 0.2000000030
57081  14.270  -14.196  46.305 0.3000000119
55932  13.401  -14.207  46.361 0.3000000119
53671  11.691  -16.623  44.489 0.2000000030
152261  19.937  -13.981  45.551 0.1000000015
55945  19.422  -14.068  45.462 0.1000000015
55950  14.811  -14.704  45.713 0.2000000030
55967  14.417  -15.108  45.087 0.1000000015
55968  13.520  -15.044  45.053 0.1000000015
54831  13.072  -15.489  44.475 0.2000000030
145748  12.455  -15.767  44.378 0.2000000030
53685  12.395  -16.548  43.333 0.1000000015
63715  27.101  -7.666  35.246 0.2000000030
54829  14.910  -15.602  44.509 0.1000000015
54830  14.008  -15.550  44.483 0.1000000015
54846  13.565  -15.907  43.785 0.1000000015
54847  12.758  -15.958  43.798 0.1000000015
149908  32.787  -9.327  35.846 0.3000000119
61565  32.194  -9.578  35.166 0.3000000119
62671  30.672  -8.920  34.711 0.3000000119
61567  29.063  -9.646  34.727 0.3000000119
54824  20.533  -14.970  44.457 0.1000000015
54828  15.785  -15.594  44.455 0.1000000015
54844  15.366  -15.952  43.853 0.1000000015
54845  14.482  -15.946  43.833 0.1000000015
53701  13.658  -16.798  42.432 0.1000000015
148619  32.990  -8.709  36.526 0.2000000030
61554  32.218  -8.473  36.065 0.3000000119
61566  31.528  -8.899  35.226 0.3000000119
62660  31.319  -7.747  35.777 0.3000000119
62672  29.675  -9.079  34.377 0.3000000119
150994  26.676  -7.596  35.977 0.3000000119
62650  32.199  -7.516  36.378 0.3000000119
130742  25.280  -7.765  35.799 0.2000000030
53679  21.447  -16.266  43.361 0.1000000015
130630  24.493  -8.097  35.704 0.1000000015
53711  22.323  -16.562  41.390 0.1000000015
62663  24.008  -8.607  35.095 0.1000000015
53710  22.928  -16.121  41.717 0.1000000015
53723  22.307  -16.366  40.562 0.1000000015
54864  22.771  -15.864  41.002 0.1000000015
53734  22.240  -16.292  39.788 0.1000000015
146474  23.329  -9.110  35.041 0.1000000015
130930  22.383  -15.237  38.964 0.1000000015
53745  22.306  -16.073  38.986 0.1000000015
146719  21.982  -16.492  39.098 0.1000000015
58322  22.941  -12.229  35.498 0.1000000015
127157  22.703  -13.050  35.742 0.1000000015
127318  22.547  -13.821  35.890 0.1000000015
56040  22.346  -14.631  37.780 0.1000000015
54903  22.274  -15.507  37.335 0.1000000015
54887  22.319  -15.523  38.227 0.1000000015
56054  22.426  -14.239  36.550 0.1000000015
146892  22.359  -14.665  37.115 0.1000000015
56071  22.373  -14.710  35.785 0.1000000015
45847  7.830  -22.904  49.378 0.1000000015
45857  10.910  -23.496  47.535 0.1000000015
144704  8.347  -21.996  50.071 0.1000000015
44847  9.854  -24.018  46.379 0.1000000015
43792  9.289  -25.605  45.595 0.1000000015
43791  9.972  -24.792  45.136 0.1000000015
57032  15.832  -13.518  48.858 0.3000000119
47907  8.644  -21.500  50.309 0.1000000015
48956  9.073  -20.914  50.324 0.1000000015
44855  10.063  -24.140  45.693 0.1000000015
44864  10.622  -24.238  44.606 0.1000000015
58196  15.415  -13.302  48.416 0.3000000119
50165  8.027  -20.309  50.018 0.1000000015
50164  8.807  -20.174  50.169 0.1000000015
45870  12.286  -23.407  45.424 0.1000000015
45872  10.641  -23.598  45.910 0.1000000015
45879  11.753  -23.430  44.799 0.1000000015
52501  8.498  -18.562  49.998 0.1000000015
45877  13.270  -23.548  44.259 0.1000000015
53630  8.798  -16.791  49.264 0.1000000015
57080  15.150  -14.176  46.311 0.3000000119
53649  10.763  -16.573  46.647 0.2000000030
52535  10.546  -17.442  46.235 0.2000000030
61568  28.646  -9.240  34.728 0.2000000030
63714  27.708  -7.825  34.795 0.2000000030
57059  18.596  -13.602  46.790 0.3000000119
57060  17.803  -13.645  46.745 0.3000000119
53660  10.953  -16.792  45.771 0.2000000030
53672  11.221  -17.089  45.041 0.2000000030
53686  11.851  -16.876  43.669 0.2000000030
57076  19.021  -13.769  46.078 0.3000000119
57077  18.222  -13.866  46.068 0.1000000015
55966  15.321  -15.140  45.084 0.1000000015
62673  29.038  -8.205  34.472 0.3000000119
55946  18.629  -14.244  45.420 0.1000000015
53684  13.175  -16.368  43.155 0.1000000015
63730  26.319  -7.615  34.325 0.3000000119
54826  18.794  -14.942  44.038 0.1000000015
53681  15.904  -16.372  43.243 0.1000000015
53699  15.368  -16.710  42.686 0.1000000015
62633  34.518  -8.208  37.284 0.3000000119
63679  34.355  -7.673  37.239 0.3000000119
62634  33.652  -7.713  37.182 0.3000000119
62649  32.848  -7.915  36.885 0.2000000030
62661  30.209  -7.598  35.120 0.3000000119
64832  31.416  -6.901  35.712 0.2000000030
63716  26.262  -7.639  35.325 0.2000000030
63717  25.497  -7.794  34.852 0.2000000030
54825  19.679  -14.849  44.181 0.1000000015
54843  16.668  -15.987  43.421 0.1000000015
53700  14.598  -16.738  42.640 0.1000000015
63678  34.801  -7.948  37.094 0.3000000119
63696  33.734  -7.191  37.095 0.3000000119
149442  33.238  -6.985  36.893 0.3000000119
64831  32.181  -6.940  36.237 0.2000000030
54839  20.247  -15.341  43.693 0.1000000015
54840  19.369  -15.271  43.406 0.1000000015
54856  17.255  -15.976  43.027 0.1000000015
145602  16.015  -16.697  42.548 0.1000000015
64848  33.243  -6.695  35.925 0.1000000015
128321  32.937  -6.720  35.193 0.1000000015
64849  32.254  -6.694  35.783 0.1000000015
63718  24.716  -8.037  35.105 0.1000000015
53680  20.711  -15.874  43.189 0.1000000015
64863  33.739  -6.755  35.038 0.1000000015
63726  33.222  -6.901  34.407 0.1000000015
149981  24.454  -8.309  34.688 0.1000000015
53693  21.812  -16.679  42.147 0.1000000015
150543  22.234  -16.028  37.780 0.1000000015
130885  22.414  -14.695  34.928 0.1000000015
48959  7.770  -21.043  49.883 0.1000000015
47911  7.544  -21.708  49.663 0.1000000015
58195  16.098  -13.287  48.329 0.3000000119
138174  7.806  -19.618  49.528 0.1000000015
51370  7.768  -18.698  49.275 0.1000000015
45890  12.021  -23.565  43.959 0.1000000015
57043  16.673  -13.349  47.739 0.3000000119
57044  15.787  -13.291  47.705 0.3000000119
52526  8.334  -17.559  48.863 0.1000000015
51389  9.441  -18.430  46.834 0.1000000015
57061  16.919  -13.720  46.720 0.3000000119
142930  16.175  -13.497  47.060 0.3000000119
52536  9.850  -17.720  46.886 0.2000000030
52548  10.104  -18.383  45.992 0.2000000030
51413  10.308  -18.941  45.169 0.1000000015
51426  10.710  -18.608  44.636 0.2000000030
55949  15.734  -14.651  45.701 0.2000000030
133575  10.850  -17.428  45.516 0.2000000030
52558  10.898  -17.858  44.912 0.2000000030
52565  11.058  -18.168  44.058 0.2000000030
57078  17.495  -13.971  46.115 0.3000000119
55965  16.266  -15.069  44.982 0.1000000015
52557  11.413  -17.422  44.259 0.2000000030
51436  11.562  -17.769  43.279 0.2000000030
62674  28.385  -8.358  34.641 0.2000000030
55947  17.761  -14.427  45.476 0.3000000119
52572  12.317  -17.333  42.085 0.1000000015
54842  17.834  -15.294  43.983 0.1000000015
64818  34.620  -7.295  37.055 0.3000000119
64847  34.204  -6.757  35.899 0.3000000119
53717  15.630  -16.989  42.064 0.1000000015
64846  35.205  -6.733  36.034 0.3000000119
64862  34.718  -6.722  34.930 0.1000000015
54853  20.019  -15.530  43.018 0.1000000015
64861  35.656  -6.656  35.209 0.1000000015
63725  34.098  -6.953  34.191 0.1000000015
62676  23.615  -9.058  34.373 0.1000000015
53694  20.284  -15.969  42.368 0.1000000015
53713  20.997  -16.506  41.865 0.1000000015
53712  21.561  -16.649  41.437 0.1000000015
50168  7.400  -20.464  49.389 0.1000000015
50178  7.174  -19.650  48.997 0.1000000015
51390  7.691  -18.930  48.539 0.1000000015
50186  8.244  -19.153  47.476 0.1000000015
63729  27.542  -7.430  34.301 0.2000000030
128606  26.949  -7.517  34.459 0.3000000119
51437  10.792  -18.874  43.869 0.2000000030
64869  27.452  -7.061  33.838 0.3000000119
51443  11.364  -18.512  42.476 0.1000000015
55948  16.775  -14.448  45.741 0.2000000030
52573  11.881  -17.758  42.240 0.1000000015
139984  17.251  -14.921  44.815 0.1000000015
63711  31.065  -7.144  35.721 0.2000000030
146140  17.291  -15.704  43.546 0.1000000015
64816  35.922  -7.467  36.424 0.3000000119
130338  35.518  -7.072  36.590 0.3000000119
64864  32.232  -6.705  34.777 0.1000000015
54841  18.552  -15.330  43.485 0.1000000015
138424  18.779  -15.499  42.955 0.1000000015
54855  17.984  -15.662  43.087 0.1000000015
64844  37.161  -6.897  35.996 0.1000000015
64845  36.226  -6.782  36.150 0.1000000015
53698  16.727  -16.418  42.657 0.1000000015
64843  38.475  -6.943  35.504 0.2000000030
146617  37.792  -6.960  35.660 0.2000000030
131558  37.802  -6.720  35.342 0.1000000015
128772  36.686  -6.641  35.309 0.1000000015
63741  35.750  -7.107  33.317 0.1000000015
152124  35.293  -6.730  34.549 0.1000000015
138921  37.552  -6.766  33.550 0.1000000015
64886  35.960  -6.715  34.274 0.1000000015
63742  35.011  -7.399  33.247 0.1000000015
63743  34.357  -7.401  33.449 0.1000000015
61585  41.611  -9.193  33.223 0.5000000000
63759  37.585  -7.454  32.231 0.1000000015
149305  36.377  -7.057  33.016 0.1000000015
63761  35.412  -7.757  32.744 0.1000000015
62683  41.652  -8.428  33.393 0.4000000060
63758  38.482  -7.505  32.177 0.1000000015
63760  36.977  -7.046  32.735 0.1000000015
145425  36.208  -7.475  32.649 0.1000000015
149264  22.678  -13.569  35.326 0.1000000015
63731  25.698  -7.815  33.906 0.1000000015
63732  24.879  -8.062  34.391 0.1000000015
62675  24.228  -8.504  34.100 0.1000000015
53703  12.023  -17.078  42.811 0.1000000015
64865  31.501  -6.701  35.304 0.1000000015
54854  19.425  -15.630  42.636 0.1000000015
53696  18.586  -15.854  42.291 0.1000000015
64884  38.183  -6.620  34.494 0.1000000015
142774  38.579  -6.747  33.708 0.1000000015
62669  40.822  -8.255  34.077 0.3000000119
63724  39.954  -7.392  34.442 0.3000000119
64859  39.590  -6.976  34.735 0.1000000015
146421  39.007  -6.740  34.484 0.1000000015
64904  37.983  -7.023  32.831 0.1000000015
63762  34.659  -7.903  32.822 0.1000000015
142229  20.183  -16.307  41.513 0.1000000015
62668  41.125  -8.044  33.909 0.4000000060
64903  39.044  -7.020  32.972 0.1000000015
63778  35.884  -8.123  32.071 0.1000000015
63757  39.382  -7.335  32.224 0.1000000015
63777  36.810  -7.768  31.920 0.1000000015
53724  21.729  -16.667  40.657 0.1000000015
66034  41.803  -6.333  32.862 0.2000000030
63789  40.205  -7.005  30.958 0.1000000015
132293  39.620  -7.534  30.919 0.1000000015
67144  42.641  -4.321  32.043 0.3000000119
138433  42.380  -4.833  32.296 0.2000000030
66044  41.821  -5.338  32.502 0.2000000030
63775  39.019  -7.809  31.395 0.1000000015
62707  37.011  -8.142  31.119 0.1000000015
63713  29.662  -7.093  34.969 0.2000000030
63727  28.881  -7.203  34.495 0.2000000030
63748  26.526  -7.424  33.473 0.2000000030
63712  30.518  -6.966  35.289 0.2000000030
61580  23.234  -9.717  34.615 0.1000000015
53695  19.447  -15.962  41.896 0.1000000015
63723  40.644  -7.674  34.174 0.3000000119
64858  40.334  -7.118  34.187 0.2000000030
64883  39.615  -6.745  33.958 0.1000000015
64882  40.419  -6.811  33.704 0.2000000030
144647  40.062  -6.695  32.988 0.1000000015
63740  40.954  -7.451  33.938 0.2000000030
64880  41.336  -7.018  33.475 0.2000000030
64902  40.946  -6.325  32.968 0.1000000015
63774  39.922  -7.232  31.689 0.1000000015
64879  41.854  -7.096  33.166 0.3000000119
66035  41.338  -6.342  32.963 0.2000000030
66053  40.971  -5.462  32.025 0.1000000015
63776  37.820  -7.907  31.452 0.1000000015
68261  41.464  -3.698  31.892 0.2000000030
67146  41.422  -4.604  32.126 0.2000000030
64928  40.530  -6.188  31.025 0.1000000015
63798  39.613  -7.365  30.140 0.1000000015
145208  38.325  -8.091  30.798 0.1000000015
68276  40.285  -3.085  31.654 0.2000000030
67173  40.196  -4.314  30.870 0.1000000015
66064  40.565  -5.253  30.947 0.1000000015
64944  40.258  -5.844  30.162 0.1000000015
64929  40.087  -6.641  30.249 0.1000000015
63799  38.873  -7.915  29.578 0.1000000015
63790  38.983  -7.958  30.487 0.1000000015
68287  39.538  -3.310  31.051 0.1000000015
67188  39.168  -4.042  30.184 0.1000000015
67202  39.217  -4.789  29.270 0.1000000015
64945  39.744  -6.350  29.457 0.1000000015
152505  39.748  -6.919  29.744 0.1000000015
66095  39.387  -5.694  28.845 0.1000000015
63728  28.112  -7.289  34.329 0.2000000030
147419  31.846  -6.829  34.045 0.1000000015
64866  30.671  -6.704  35.078 0.1000000015
63744  33.533  -7.339  33.614 0.1000000015
62695  35.080  -8.480  32.295 0.1000000015
69366  38.199  -2.884  29.857 0.1000000015
68298  38.444  -3.504  29.787 0.1000000015
67189  38.542  -4.010  29.442 0.1000000015
67203  38.356  -4.285  28.739 0.1000000015
66096  38.846  -5.067  28.365 0.1000000015
63809  39.373  -7.206  29.261 0.1000000015
69375  37.798  -2.504  29.115 0.1000000015
68310  37.908  -3.454  29.150 0.1000000015
68320  37.705  -3.803  28.272 0.1000000015
67212  38.267  -4.533  27.890 0.1000000015
64962  39.254  -6.579  28.652 0.1000000015
63810  38.917  -7.350  28.607 0.1000000015
152115  38.947  -7.670  29.026 0.1000000015
66110  38.628  -5.292  27.579 0.1000000015
64984  39.022  -5.926  28.053 0.1000000015
64963  38.745  -6.849  27.905 0.1000000015
64850  29.795  -6.861  34.775 0.1000000015
150024  30.109  -6.707  34.702 0.1000000015
63763  33.848  -7.898  32.913 0.1000000015
62708  36.330  -8.468  31.360 0.1000000015
62723  37.598  -8.299  30.604 0.1000000015
69376  37.568  -2.014  28.301 0.1000000015
68311  37.419  -3.004  28.456 0.1000000015
68321  37.411  -3.346  27.774 0.1000000015
67213  37.738  -4.042  27.275 0.1000000015
67223  38.289  -4.778  27.177 0.1000000015
66121  38.421  -5.435  26.834 0.1000000015
64985  38.662  -6.121  27.315 0.1000000015
66122  38.070  -5.563  26.097 0.1000000015
131014  35.890  -8.902  30.874 0.1000000015
62709  35.519  -8.834  31.561 0.1000000015
73637  44.560  2.502  28.117 0.4000000060
127012  44.408  2.823  27.928 0.4000000060
148955  43.565  3.110  28.688 0.3000000119
74659  43.528  2.551  26.994 0.3000000119
73629  41.965  2.220  28.294 0.2000000030
145060  40.227  0.625  27.378 0.1000000015
138573  39.701  0.169  27.010 0.1000000015
71490  38.276  -0.516  27.869 0.1000000015
71491  37.841  -0.874  27.412 0.1000000015
70419  37.447  -1.562  27.390 0.1000000015
69387  37.277  -2.568  27.685 0.1000000015
67224  38.020  -4.726  26.501 0.1000000015
62724  36.703  -8.646  30.494 0.1000000015
131295  38.478  -7.974  28.789 0.1000000015
62747  38.167  -8.294  29.398 0.1000000015
72510  45.188  1.961  27.110 0.4000000060
73645  44.824  2.500  27.097 0.4000000060
152312  45.286  2.158  26.694 0.3000000119
73639  41.520  1.454  27.301 0.1000000015
128034  39.060  -0.402  26.563 0.1000000015
68332  37.282  -3.180  27.035 0.1000000015
62736  37.477  -8.534  29.746 0.1000000015
73643  46.337  1.487  25.749 0.4000000060
74665  44.835  2.514  26.148 0.3000000119
73638  42.392  2.035  27.218 0.1000000015
70433  47.489  -2.092  25.232 0.6000000238
72513  40.808  1.003  27.291 0.1000000015
69405  47.818  -2.918  24.905 0.6000000238
71499  38.239  -0.569  27.044 0.1000000015
70428  37.094  -1.469  26.506 0.1000000015
72520  46.309  0.592  26.025 0.3000000119
73644  45.770  1.979  26.340 0.4000000060
72523  41.152  0.920  26.693 0.1000000015
68348  37.437  -3.894  26.211 0.1000000015
74664  45.434  2.325  26.247 0.3000000119
147703  44.269  2.360  25.503 0.3000000119
74666  44.085  2.506  26.165 0.2000000030
73647  41.794  1.247  26.474 0.1000000015
72524  40.510  0.424  26.581 0.1000000015
137566  47.148  -1.195  25.485 0.5000000000
69398  37.072  -2.263  26.897 0.1000000015
71694  55.700  0.151  9.574 0.4000000060
69399  36.731  -2.048  26.197 0.1000000015
72530  46.864  0.767  25.165 0.4000000060
71505  47.379  -0.094  25.064 0.5000000000
74677  45.508  2.329  25.411 0.3000000119
74667  43.349  2.085  25.771 0.1000000015
69404  48.088  -1.900  24.763 0.6000000238
71508  38.157  -0.718  25.990 0.1000000015
133129  48.146  -3.575  24.598 0.6000000238
72748  52.484  0.685  9.110 0.4000000060
73847  53.039  0.946  9.527 0.4000000060
73829  52.855  1.119  10.201 0.5000000000
73828  53.692  1.322  10.581 0.5000000000
73827  55.092  1.068  10.298 0.5000000000
73826  55.421  0.661  10.476 0.5000000000
73846  53.927  1.212  9.667 0.5000000000
73845  54.900  1.122  9.597 0.5000000000
71680  55.671  -0.108  10.446 0.4000000060
72730  55.591  0.397  9.978 0.5000000000
71500  37.533  -0.984  26.626 0.1000000015
73652  46.560  1.678  24.829 0.3000000119
150050  43.792  2.192  25.391 0.1000000015
73646  42.614  1.729  26.176 0.1000000015
129229  39.247  -0.572  25.541 0.1000000015
72731  50.920  0.824  10.146 0.5000000000
134791  55.662  0.215  10.691 0.5000000000
147517  54.508  1.260  10.169 0.5000000000
74679  43.981  2.134  24.777 0.3000000119
72532  40.506  0.113  25.784 0.1000000015
70442  47.890  -0.858  24.783 0.5000000000
72525  39.903  -0.210  26.092 0.1000000015
69414  48.692  -2.469  24.373 0.6000000238
135836  46.081  2.106  24.684 0.3000000119
73656  41.925  1.083  25.539 0.1000000015
139629  45.249  2.146  24.409 0.3000000119
72529  47.315  0.565  24.428 0.5000000000
146593  48.288  -0.250  24.061 0.5000000000
64781  26.307  -6.880  42.573 0.4000000060
64788  27.701  -6.756  40.520 0.4000000060
64767  27.624  -6.813  42.692 0.5000000000
148421  28.384  -6.720  41.038 0.5000000000
45852  8.201  -23.420  49.133 0.1000000015
45848  7.301  -22.979  49.053 0.1000000015
48962  7.350  -21.231  49.466 0.1000000015
45863  11.206  -23.437  46.580 0.1000000015
50179  6.982  -20.409  48.908 0.1000000015
45853  7.474  -23.637  48.876 0.1000000015
50187  7.479  -19.693  48.018 0.1000000015
45865  9.575  -23.947  47.253 0.1000000015
51397  9.518  -18.918  46.295 0.1000000015
51381  7.824  -18.185  48.878 0.1000000015
45878  12.507  -23.427  44.534 0.1000000015
55900  13.348  -14.261  49.298 0.3000000119
129804  54.546  1.300  10.926 0.5000000000
73830  51.660  1.007  10.698 0.6000000238
57093  24.388  -13.752  43.576 0.1000000015
62566  24.373  -8.222  43.158 0.2000000030
60403  23.053  -9.771  44.218 0.2000000030
63641  25.540  -7.539  40.610 0.2000000030
61465  22.731  -10.046  43.195 0.2000000030
64789  26.956  -6.797  40.978 0.4000000060
62597  24.291  -8.362  40.518 0.2000000030
59361  22.890  -11.132  44.066 0.1000000015
60410  22.531  -10.603  42.519 0.1000000015
61482  22.702  -10.034  42.134 0.1000000015
62621  24.147  -8.373  38.079 0.2000000030
44821  11.810  -23.613  49.027 0.1000000015
44816  11.778  -23.372  49.310 0.1000000015
55928  23.601  -14.132  46.817 0.1000000015
132477  22.337  -12.852  41.119 0.1000000015
60475  22.697  -10.462  36.536 0.1000000015
60464  22.664  -10.592  37.195 0.1000000015
44836  11.583  -23.704  47.973 0.1000000015
42760  13.828  -26.505  46.313 0.1000000015
44845  13.113  -24.739  46.538 0.1000000015
46841  11.618  -22.597  50.738 0.1000000015
138613  11.937  -20.742  51.092 0.1000000015
47900  11.592  -21.623  51.092 0.1000000015
47906  13.408  -20.964  49.712 0.1000000015
141498  13.331  -22.046  48.880 0.1000000015
51378  11.820  -19.169  48.804 0.2000000030
51369  11.253  -18.550  48.994 0.2000000030
133002  22.362  -12.901  39.706 0.1000000015
134249  22.334  -13.114  40.389 0.1000000015
45844  9.966  -23.113  49.586 0.1000000015
47901  10.506  -21.858  50.974 0.1000000015
48954  11.544  -20.410  50.001 0.1000000015
50157  11.983  -20.269  49.404 0.1000000015
51368  11.948  -19.539  48.839 0.1000000015
50163  12.138  -20.008  49.040 0.1000000015
53618  11.262  -16.270  49.491 0.2000000030
52497  10.822  -16.922  49.721 0.2000000030
134280  11.357  -15.061  49.423 0.2000000030
57026  13.037  -13.947  49.166 0.3000000119
55910  11.378  -14.530  48.514 0.2000000030
45858  10.052  -23.625  47.819 0.1000000015
134129  9.484  -22.458  50.318 0.1000000015
45862  12.063  -23.504  46.381 0.1000000015
50160  9.683  -20.329  50.149 0.1000000015
44871  11.609  -24.202  43.439 0.1000000015
130629  10.864  -18.726  49.321 0.1000000015
51362  9.369  -18.681  50.135 0.1000000015
51363  8.736  -19.297  50.104 0.1000000015
44862  13.781  -23.921  44.791 0.1000000015
53607  10.503  -16.753  49.955 0.2000000030
51361  10.234  -18.446  49.882 0.1000000015
51360  11.383  -19.177  48.913 0.1000000015
57035  13.579  -13.628  48.839 0.3000000119
54778  10.667  -15.485  49.434 0.2000000030
53619  9.387  -16.356  49.402 0.1000000015
54779  10.270  -15.385  49.080 0.2000000030
55919  11.173  -14.893  47.645 0.2000000030
54794  10.740  -15.532  47.924 0.2000000030
53640  9.864  -16.559  48.073 0.2000000030
55934  11.833  -14.575  47.007 0.3000000119
54812  11.854  -15.501  45.603 0.2000000030
53659  11.506  -16.344  45.296 0.2000000030
131193  13.095  -14.698  45.698 0.2000000030
53670  12.149  -16.199  44.019 0.2000000030
45845  9.028  -23.093  49.443 0.1000000015
46849  8.384  -22.561  49.825 0.1000000015
45864  10.387  -23.631  46.873 0.1000000015
44863  11.294  -23.816  44.256 0.1000000015
52508  8.427  -17.530  49.461 0.1000000015
52500  8.657  -17.810  49.980 0.1000000015
132285  9.701  -17.270  47.670 0.2000000030
53639  10.540  -16.259  47.582 0.2000000030
55951  13.923  -14.680  45.712 0.3000000119
62648  33.664  -8.476  37.099 0.3000000119
58333  22.916  -13.010  35.012 0.1000000015
44830  8.758  -23.660  48.846 0.1000000015
44856  9.508  -24.710  45.956 0.1000000015
152632  9.008  -25.498  46.360 0.1000000015
130219  10.455  -23.984  45.264 0.1000000015
45880  11.028  -23.598  45.073 0.1000000015
51364  8.044  -18.902  49.914 0.1000000015
45871  11.476  -23.414  45.659 0.1000000015
52519  7.926  -17.956  49.231 0.1000000015
52525  9.147  -17.879  47.744 0.1000000015
51412  10.582  -18.378  45.289 0.2000000030
53650  10.188  -16.962  47.122 0.2000000030
64817  35.218  -7.619  36.773 0.3000000119
151291  8.860  -18.583  47.373 0.1000000015
51398  8.923  -18.975  46.762 0.1000000015
48970  6.823  -20.860  48.536 0.1000000015
48986  8.481  -20.024  46.111 0.1000000015
64828  36.581  -6.968  36.239 0.3000000119
64860  38.816  -6.803  35.140 0.1000000015
128545  37.121  -6.635  34.391 0.1000000015
62684  41.273  -8.711  33.731 0.4000000060
63738  41.990  -7.788  33.113 0.3000000119
63739  41.410  -7.659  33.603 0.3000000119
66043  42.398  -5.607  32.422 0.2000000030
67145  42.016  -4.220  32.229 0.3000000119
68259  42.347  -3.705  31.907 0.3000000119
64881  40.895  -6.869  33.691 0.2000000030
66045  41.394  -5.618  32.489 0.1000000015
63773  40.541  -6.428  31.992 0.1000000015
68275  40.934  -3.733  31.710 0.2000000030
67172  40.817  -4.498  31.580 0.1000000015
68286  40.377  -3.710  31.473 0.2000000030
66065  40.022  -4.963  30.083 0.1000000015
69358  38.704  -3.228  30.340 0.1000000015
74653  44.248  2.926  28.658 0.4000000060
74658  44.440  2.817  27.166 0.3000000119
74642  42.998  3.048  29.191 0.2000000030
74655  43.128  2.880  28.151 0.2000000030
73640  41.109  1.511  27.914 0.2000000030
72514  40.441  1.116  28.033 0.2000000030
71498  38.926  -0.106  27.513 0.1000000015
72521  45.701  1.134  26.458 0.4000000060
73653  46.097  2.140  25.585 0.3000000119
73848  52.093  0.844  9.808 0.5000000000
73844  55.346  0.789  9.694 0.4000000060
72723  55.594  0.404  11.278 0.5000000000
73858  54.609  1.065  8.977 0.4000000060
44831  7.945  -24.145  48.751 0.1000000015
48996  9.277  -19.983  45.408 0.1000000015
150844  27.933  -6.984  42.923 0.5000000000
64758  26.918  -6.969  43.363 0.4000000060
62550  26.049  -7.980  43.870 0.4000000060
130981  25.164  -8.703  44.523 0.4000000060
63630  29.524  -7.597  41.786 0.6000000238
62562  28.264  -7.658  42.569 0.6000000238
63620  27.740  -7.182  43.025 0.6999999881
62564  26.573  -7.946  43.546 0.6000000238
62565  26.060  -8.374  43.893 0.6000000238
62578  29.735  -8.216  41.737 0.8000000119
62579  29.073  -8.047  42.188 0.6999999881
62580  27.622  -8.124  42.586 0.6000000238
62563  27.363  -7.663  43.073 0.6999999881
61493  30.256  -8.888  41.384 0.6999999881
61494  29.406  -8.561  41.749 0.6999999881
139407  28.386  -8.309  42.124 0.6999999881
62581  26.771  -8.410  42.649 0.6999999881
61507  29.644  -9.395  41.199 0.6999999881
61463  25.619  -8.969  44.170 0.6000000238
60402  25.952  -9.682  43.710 0.6000000238
60425  30.014  -10.192  40.712 0.6999999881
61479  26.204  -8.776  42.927 0.8000000119
61495  27.051  -8.701  41.629 0.6000000238
61510  26.224  -9.366  40.827 0.6000000238
61497  25.729  -9.727  41.037 0.6000000238
48121  24.156  -21.927  28.585 0.2000000030
49171  23.595  -20.346  28.809 0.3000000119
48122  23.704  -21.180  28.239 0.3000000119
47068  23.692  -22.009  27.616 0.3000000119
50348  23.542  -19.171  29.865 0.3000000119
132292  23.589  -19.948  29.530 0.3000000119
50362  23.456  -19.356  29.002 0.3000000119
148910  23.512  -18.602  29.175 0.3000000119
128987  23.409  -19.474  28.185 0.3000000119
142499  23.426  -20.316  27.846 0.3000000119
136205  23.331  -19.422  27.294 0.3000000119
48135  23.424  -21.044  27.320 0.2000000030
49184  23.299  -20.237  27.087 0.3000000119
47081  23.356  -21.715  26.559 0.2000000030
49197  23.155  -20.624  26.388 0.2000000030
142756  23.683  -17.849  28.884 0.3000000119
51608  23.497  -18.558  28.397 0.3000000119
50374  23.432  -18.819  27.735 0.3000000119
51634  23.544  -18.446  27.066 0.3000000119
50386  23.217  -19.684  26.512 0.3000000119
48146  23.085  -21.242  25.864 0.2000000030
53907  24.953  -16.773  27.930 0.3000000119
52760  24.352  -17.278  27.624 0.3000000119
52761  23.864  -17.752  27.285 0.3000000119
51620  23.597  -18.232  27.709 0.3000000119
131758  22.990  -20.923  23.777 0.2000000030
147661  23.355  -18.957  26.585 0.3000000119
52786  24.126  -17.882  26.077 0.3000000119
137337  22.912  -20.953  24.569 0.2000000030
49219  23.024  -20.092  24.372 0.2000000030
133660  23.439  -18.789  24.975 0.2000000030
129123  23.323  -19.039  25.832 0.2000000030
51644  23.774  -18.260  25.507 0.2000000030
50397  23.142  -19.569  25.149 0.2000000030
144508  23.078  -19.866  25.857 0.2000000030
52749  25.933  -17.015  27.606 0.3000000119
137375  26.117  -17.359  26.926 0.4000000060
52773  25.350  -17.497  26.395 0.3000000119
52759  25.109  -17.163  27.189 0.3000000119
140880  24.433  -17.541  26.740 0.3000000119
132195  24.760  -17.694  26.001 0.3000000119
52785  24.579  -17.894  25.283 0.3000000119
52795  24.804  -18.011  24.401 0.3000000119
51657  23.592  -18.711  24.184 0.2000000030
51656  23.958  -18.226  24.686 0.2000000030
50408  23.299  -19.389  23.790 0.3000000119
52758  26.747  -17.260  27.502 0.4000000060
52784  25.489  -17.679  25.568 0.3000000119
137028  25.386  -17.778  24.877 0.3000000119
51664  24.166  -18.281  23.848 0.3000000119
63755  42.991  -7.338  31.735 0.3000000119
63772  42.724  -7.959  31.707 0.3000000119
62682  42.119  -8.348  32.831 0.3000000119
64916  43.336  -6.727  31.449 0.5000000000
63771  43.213  -7.395  31.087 0.6000000238
63756  42.524  -7.747  32.378 0.3000000119
64900  42.918  -6.786  32.127 0.3000000119
148834  43.298  -6.155  31.709 0.3000000119
67143  42.903  -5.028  32.091 0.3000000119
67158  43.090  -4.555  31.648 0.3000000119
59637  38.254  -11.237  15.337 0.1000000015
59651  36.487  -11.292  14.468 0.1000000015
69393  45.598  -2.494  25.849 0.6000000238
68344  45.182  -3.258  25.178 0.6999999881
137820  46.583  -4.088  24.631 0.8000000119
67247  46.832  -4.575  24.255 0.8000000119
65201  45.897  -6.176  10.789 0.2000000030
133132  50.233  3.707  14.922 0.2000000030
76783  50.762  5.157  14.602 0.2000000030
72649  50.033  0.798  16.462 0.1000000015
75793  49.437  4.017  13.706 0.2000000030
76791  49.213  4.558  13.328 0.2000000030
76790  49.909  4.906  13.938 0.2000000030
76800  49.461  5.253  13.308 0.2000000030
78630  50.787  6.182  13.442 0.3000000119
76811  50.933  4.804  11.943 0.4000000060
71590  51.059  -0.828  18.493 0.1000000015
70518  51.905  -0.971  19.418 0.5000000000
72634  50.633  -0.023  17.031 0.1000000015
73732  50.093  1.683  16.086 0.1000000015
73745  49.646  1.616  15.705 0.2000000030
74781  49.878  2.810  14.984 0.2000000030
74782  49.178  2.137  14.315 0.1000000015
74791  49.531  3.221  14.169 0.2000000030
77738  48.915  5.496  12.623 0.2000000030
77737  49.859  5.929  13.142 0.2000000030
78636  50.999  6.632  12.973 0.2000000030
77735  51.316  6.208  13.163 0.2000000030
77736  51.431  5.702  12.617 0.4000000060
76812  50.171  3.929  11.385 0.4000000060
76822  50.623  4.778  10.973 0.5000000000
134714  50.335  -0.633  17.625 0.1000000015
73767  49.474  1.877  15.132 0.1000000015
76801  48.547  4.654  12.759 0.2000000030
77748  48.364  5.788  12.080 0.1000000015
78638  49.271  6.090  12.467 0.2000000030
78637  50.142  6.496  12.789 0.2000000030
79528  50.575  6.945  12.582 0.2000000030
78635  51.367  6.732  12.719 0.2000000030
77747  51.357  5.572  11.592 0.4000000060
76834  49.472  4.097  9.588 0.3000000119
71625  49.708  -0.202  16.857 0.1000000015
72650  49.063  0.338  16.338 0.1000000015
142608  48.994  3.241  13.423 0.1000000015
79552  49.711  7.589  10.907 0.2000000030
148905  49.946  7.369  11.656 0.2000000030
79538  49.234  7.033  11.380 0.2000000030
151980  49.517  6.461  12.334 0.2000000030
79537  50.591  7.373  12.149 0.1000000015
79527  51.192  7.099  12.496 0.2000000030
150006  51.647  6.975  12.304 0.3000000119
77746  51.570  6.511  12.293 0.3000000119
76823  49.759  4.042  10.510 0.4000000060
73746  48.993  1.171  15.454 0.1000000015
75794  48.757  3.824  13.066 0.1000000015
78649  48.908  6.392  11.869 0.2000000030
132404  50.544  7.804  11.465 0.2000000030
79526  51.621  7.206  12.161 0.2000000030
76833  50.261  4.781  9.999 0.3000000119
78658  48.366  6.676  11.044 0.1000000015
79551  50.399  8.142  10.564 0.2000000030
76802  47.625  4.446  12.287 0.2000000030
149167  47.974  5.176  12.231 0.1000000015
78650  47.870  6.093  11.532 0.1000000015
77749  47.433  5.521  11.807 0.1000000015
79559  48.872  7.242  10.438 0.2000000030
80545  50.347  8.400  9.464 0.2000000030
79558  49.499  7.769  9.768 0.2000000030
80560  50.009  8.400  8.335 0.2000000030
133595  49.603  8.025  8.853 0.2000000030
80570  50.495  8.849  7.763 0.1000000015
81439  51.492  9.871  6.640 0.1000000015
144144  51.255  9.856  5.432 0.1000000015
80576  50.272  8.875  6.683 0.1000000015
81440  50.987  9.355  7.221 0.1000000015
133285  51.555  10.459  4.716 0.1000000015
150526  51.595  11.596  4.172 0.1000000015
82362  50.825  10.592  3.961 0.1000000015
81444  50.778  9.359  6.086 0.1000000015
130754  51.607  12.207  4.123 0.1000000015
82349  51.608  11.143  4.262 0.1000000015
61496  26.167  -9.112  41.804 0.6999999881
48107  24.558  -21.899  29.366 0.2000000030
49158  23.929  -20.711  29.675 0.2000000030
52751  23.788  -17.699  28.064 0.3000000119
60666  38.847  -11.286  15.821 0.1000000015
137968  34.735  -10.977  13.807 0.2000000030
137798  43.504  -6.120  31.251 0.3000000119
66063  43.560  -5.782  30.747 0.4000000060
68359  47.165  -4.128  24.686 0.6999999881
48108  24.117  -21.280  29.098 0.2000000030
58620  37.058  -11.999  14.889 0.1000000015
62549  26.984  -7.306  43.372 0.4000000060
66052  43.342  -5.434  31.556 0.3000000119
60416  30.639  -9.604  41.058 0.6999999881
52774  23.882  -17.886  26.656 0.3000000119
65200  46.358  -6.479  10.224 0.2000000030
75786  50.146  4.326  14.480 0.2000000030
72662  49.365  1.047  16.013 0.1000000015
78648  49.816  6.895  12.163 0.2000000030
45886  18.060  -23.468  43.586 0.3000000119
44868  18.955  -24.138  43.341 0.3000000119
147085  19.068  -23.797  42.531 0.4000000060
128985  13.746  -18.495  45.015 0.2000000030
50213  14.247  -19.666  44.206 0.2000000030
47971  16.023  -21.742  42.959 0.2000000030
45875  17.808  -23.631  44.491 0.3000000119
138369  19.118  -24.796  44.068 0.3000000119
46874  17.147  -23.165  44.796 0.3000000119
47961  14.748  -20.928  43.807 0.2000000030
47947  14.702  -21.372  44.790 0.2000000030
133172  14.009  -20.840  45.280 0.2000000030
49005  14.256  -20.539  44.412 0.2000000030
49006  13.696  -20.040  44.881 0.2000000030
50201  13.260  -19.494  45.379 0.2000000030
60424  30.924  -10.351  40.692 0.6000000238
59398  30.396  -10.893  40.245 0.6000000238
48994  13.875  -21.027  46.292 0.2000000030
52546  13.096  -17.710  45.892 0.2000000030
51411  12.635  -18.203  46.074 0.2000000030
50202  12.860  -18.896  45.726 0.2000000030
50192  12.892  -19.676  46.118 0.2000000030
62577  30.297  -8.067  41.304 0.6000000238
128069  31.292  -9.292  40.782 0.6999999881
60423  31.481  -10.431  40.256 0.6000000238
147050  31.461  -9.776  40.440 0.6000000238
59397  31.110  -10.980  40.273 0.6000000238
52524  12.175  -17.155  47.315 0.2000000030
51388  11.611  -17.180  48.268 0.1000000015
50177  12.247  -19.490  48.598 0.1000000015
51396  12.109  -18.118  46.822 0.2000000030
50193  12.437  -18.961  46.483 0.2000000030
50184  12.688  -19.802  47.043 0.2000000030
51444  10.864  -19.070  43.058 0.1000000015
53620  23.391  -16.586  47.666 0.3000000119
137467  25.403  -9.384  44.707 0.3000000119
64766  28.328  -6.940  42.458 0.5000000000
63660  30.227  -7.707  39.239 0.5000000000
63639  30.236  -7.517  40.768 0.5000000000
64778  28.770  -6.835  41.799 0.5000000000
61527  31.607  -9.815  39.292 0.5000000000
61519  31.295  -8.937  39.500 0.6000000238
152538  30.446  -8.648  41.234 0.6000000238
60461  31.736  -11.161  38.122 0.6000000238
60447  31.910  -10.768  39.152 0.6000000238
61518  31.542  -9.462  40.163 0.6000000238
59406  31.940  -11.520  39.384 0.6000000238
134095  31.758  -10.814  39.690 0.6000000238
54780  23.323  -15.695  48.077 0.2000000030
53632  24.392  -16.469  47.235 0.3000000119
62620  29.759  -7.997  38.238 0.4000000060
63661  29.421  -7.345  38.773 0.4000000060
152216  28.254  -6.855  39.342 0.3000000119
64808  27.959  -6.965  38.669 0.2000000030
60448  31.332  -10.312  38.150 0.6000000238
146694  31.324  -10.836  37.571 0.6999999881
59426  32.179  -12.534  38.370 0.6000000238
58291  31.963  -12.062  37.564 0.6999999881
64870  27.182  -6.996  33.308 0.2000000030
138723  27.366  -6.911  32.754 0.2000000030
64907  27.677  -6.849  32.557 0.1000000015
63680  29.132  -7.630  37.972 0.3000000119
59427  31.354  -11.350  37.089 0.5000000000
59446  37.642  -11.440  35.494 0.6000000238
59434  37.399  -11.174  35.856 0.5000000000
149559  38.024  -11.146  35.156 0.5000000000
143879  38.442  -10.881  34.819 0.4000000060
133773  38.902  -10.178  34.889 0.4000000060
60486  39.178  -10.511  34.318 0.4000000060
60485  39.833  -9.631  34.385 0.4000000060
61586  41.160  -9.488  33.497 0.4000000060
61587  40.592  -9.548  33.919 0.4000000060
62694  41.990  -8.898  32.792 0.3000000119
61574  40.952  -8.966  33.878 0.3000000119
68285  42.878  -3.429  30.893 0.4000000060
144925  42.557  -2.689  30.359 0.5000000000
68297  42.713  -3.678  29.954 0.4000000060
72746  55.567  0.560  9.158 0.2000000030
146337  55.283  -0.709  9.281 0.3000000119
69365  42.308  -2.786  29.359 0.6000000238
72733  49.285  0.977  9.467 0.3000000119
136087  42.424  -1.822  30.635 0.5000000000
71477  42.807  -0.190  29.570 0.5000000000
70410  42.495  -1.155  29.062 0.5000000000
127353  42.625  0.042  30.492 0.4000000060
71488  42.897  -0.501  28.602 0.4000000060
75792  51.375  3.469  13.581 0.5000000000
72503  43.825  1.704  29.164 0.4000000060
72491  43.438  1.588  30.016 0.4000000060
75791  51.917  4.121  14.385 0.4000000060
76789  51.637  4.816  13.834 0.5000000000
70415  43.908  -0.508  27.344 0.4000000060
71486  44.332  0.512  27.637 0.4000000060
69407  46.325  -2.847  25.535 0.5000000000
146341  46.096  -2.079  25.989 0.5000000000
70476  50.984  -1.452  21.491 0.3000000119
69406  47.096  -3.194  25.246 0.5000000000
146716  49.040  -1.254  23.832 0.4000000060
146559  46.760  -2.227  25.622 0.5000000000
69443  51.343  -1.882  21.788 0.4000000060
70453  50.450  -2.027  22.777 0.4000000060
70440  49.461  -1.971  23.693 0.5000000000
71536  48.658  -0.480  23.488 0.4000000060
70441  48.544  -1.098  24.282 0.4000000060
71535  49.056  -0.708  22.838 0.4000000060
70454  49.382  -0.966  23.179 0.4000000060
71520  47.807  0.130  24.254 0.4000000060
134040  48.209  -0.243  23.151 0.4000000060
72550  47.409  0.549  23.834 0.4000000060
71537  47.975  0.052  23.648 0.3000000119
70466  47.949  -0.509  22.673 0.4000000060
46890  16.556  -22.333  43.289 0.2000000030
52533  13.458  -17.226  46.391 0.2000000030
46891  15.899  -21.945  43.651 0.2000000030
46875  16.519  -22.574  44.180 0.3000000119
51425  13.682  -19.213  44.796 0.2000000030
51424  14.287  -18.849  44.446 0.2000000030
42828  19.721  -26.044  38.903 0.2000000030
143773  18.745  -23.243  41.967 0.3000000119
53636  13.393  -16.596  47.245 0.2000000030
49021  14.566  -20.232  43.795 0.2000000030
47972  15.960  -21.276  42.399 0.2000000030
58256  31.633  -11.359  39.913 0.6000000238
60496  40.596  -10.059  33.441 0.4000000060
61598  41.516  -9.638  33.017 0.4000000060
67187  43.111  -4.615  29.996 0.5000000000
127724  47.993  -4.992  9.265 0.2000000030
69630  49.839  -2.870  10.058 0.2000000030
69615  51.116  -2.427  10.041 0.2000000030
71476  43.360  0.672  29.152 0.4000000060
70425  44.443  -1.283  26.688 0.4000000060
68343  46.506  -3.575  25.065 0.6000000238
73832  48.737  1.973  9.933 0.4000000060
76798  51.451  5.638  13.532 0.3000000119
52520  24.632  -16.796  46.590 0.2000000030
69424  50.008  -2.786  23.397 0.5000000000
69423  50.607  -3.024  22.929 0.4000000060
144108  50.518  -1.319  21.186 0.3000000119
72750  50.299  0.668  9.518 0.4000000060
63662  27.141  -7.209  37.958 0.2000000030
61541  30.381  -9.848  37.360 0.4000000060
132144  28.656  -7.236  38.291 0.3000000119
53648  12.859  -16.928  46.948 0.2000000030
50185  12.148  -19.005  47.537 0.1000000015
146440  26.918  -7.312  33.861 0.2000000030
70689  55.751  -0.086  9.096 0.2000000030
72749  51.390  0.567  9.316 0.2000000030
73857  55.351  0.918  8.978 0.3000000119
64798  29.204  -6.826  40.165 0.4000000060
70434  46.510  -1.470  25.895 0.5000000000
63619  28.345  -7.191  42.554 0.5000000000
63640  29.689  -6.994  40.840 0.5000000000
61506  31.237  -9.758  40.825 0.6000000238
70424  45.373  -1.746  26.297 0.5000000000
70506  51.631  -1.206  20.139 0.4000000060
46876  15.892  -22.197  44.502 0.2000000030
47946  15.377  -21.883  44.827 0.2000000030
48985  13.279  -20.430  46.661 0.2000000030
52534  12.643  -17.491  46.474 0.2000000030
62596  30.885  -8.050  40.718 0.5000000000
60435  31.718  -10.149  39.865 0.6000000238
133078  30.597  -8.453  38.777 0.5000000000
128276  29.805  -7.062  39.834 0.4000000060
61528  30.956  -9.327  38.433 0.5000000000
59416  32.082  -11.730  38.766 0.6000000238
63650  28.875  -6.873  39.245 0.3000000119
60462  30.711  -10.697  36.858 0.5000000000
61575  40.511  -8.809  34.173 0.4000000060
140944  42.414  -1.877  29.692 0.5000000000
69629  50.568  -2.973  9.644 0.2000000030
71468  43.055  0.681  30.097 0.4000000060
70423  45.952  -1.189  26.303 0.4000000060
70463  50.704  -1.524  22.110 0.3000000119
70464  49.841  -1.164  22.509 0.4000000060
138768  49.913  -1.617  23.120 0.4000000060
60473  30.246  -10.770  35.744 0.3000000119
59460  31.054  -11.115  34.713 0.2000000030
60480  30.507  -11.004  35.100 0.3000000119
58289  35.246  -12.688  37.089 0.5000000000
59449  33.125  -11.517  35.331 0.6000000238
59450  32.399  -11.611  35.073 0.5000000000
59437  31.539  -11.836  36.519 0.4000000060
58304  32.778  -12.677  36.537 0.6000000238
58305  32.100  -12.318  36.448 0.6000000238
61537  36.221  -8.947  36.337 0.3000000119
132582  35.360  -8.392  36.645 0.3000000119
135405  36.316  -9.964  36.403 0.3000000119
129487  34.813  -8.631  37.004 0.2000000030
60460  35.589  -10.332  36.617 0.4000000060
61539  34.938  -9.630  36.804 0.2000000030
60459  36.250  -11.011  36.535 0.4000000060
61540  34.408  -9.024  37.103 0.2000000030
60487  31.139  -10.524  34.509 0.2000000030
59425  35.490  -11.992  36.808 0.5000000000
60472  33.764  -10.566  35.877 0.2000000030
64867  28.879  -6.836  34.242 0.1000000015
64891  28.674  -6.653  33.670 0.1000000015
62542  24.881  -8.437  44.536 0.1000000015
61447  24.507  -8.957  44.899 0.1000000015
60376  24.701  -10.423  45.323 0.1000000015
62630  36.886  -8.006  36.005 0.3000000119
62631  36.080  -8.221  36.313 0.3000000119
62647  37.010  -8.634  36.028 0.3000000119
63677  35.394  -7.883  36.615 0.2000000030
59445  38.089  -10.709  35.307 0.5000000000
60469  37.695  -10.193  35.664 0.3000000119
61551  37.097  -9.581  36.085 0.3000000119
60470  36.989  -10.644  36.199 0.4000000060
63675  36.866  -7.508  36.020 0.3000000119
61550  37.888  -9.126  35.588 0.3000000119
62646  37.666  -8.230  35.630 0.3000000119
62629  37.500  -7.718  35.700 0.3000000119
142009  38.355  -8.493  35.351 0.3000000119
62645  38.309  -7.905  35.361 0.3000000119
62659  39.085  -8.304  34.978 0.3000000119
61824  49.684  -9.522  12.254 0.1000000015
64826  37.971  -7.115  35.576 0.2000000030
63710  38.975  -7.499  35.129 0.3000000119
59608  40.203  -11.331  17.770 0.1000000015
59607  40.722  -11.353  17.734 0.1000000015
59620  40.153  -11.293  16.993 0.1000000015
58583  40.677  -11.623  16.685 0.1000000015
59622  39.104  -11.456  16.375 0.1000000015
62918  51.061  -8.244  12.317 0.1000000015
61837  49.265  -9.091  11.562 0.1000000015
64002  53.354  -7.268  12.805 0.1000000015
64003  52.413  -7.515  12.626 0.1000000015
61823  50.544  -9.068  12.628 0.1000000015
62919  50.212  -8.693  11.900 0.1000000015
64827  37.284  -6.914  35.832 0.3000000119
62933  48.880  -8.583  10.938 0.1000000015
61838  48.226  -9.388  11.197 0.1000000015
61840  46.562  -9.857  10.860 0.1000000015
62931  50.718  -8.006  11.545 0.1000000015
145815  54.178  -7.075  12.321 0.1000000015
62917  51.843  -7.807  12.855 0.1000000015
65207  55.253  -6.489  9.311 0.1000000015
64038  54.478  -6.786  9.686 0.1000000015
65199  55.448  -6.525  10.344 0.1000000015
64053  53.877  -6.946  9.113 0.1000000015
64054  53.056  -7.088  8.874 0.1000000015
151350  52.543  -6.765  8.506 0.1000000015
65198  56.656  -6.476  11.180 0.1000000015
64039  53.575  -7.185  9.924 0.1000000015
64055  52.055  -7.050  8.949 0.1000000015
64040  52.547  -7.402  9.783 0.1000000015
65208  51.280  -7.067  9.204 0.1000000015
64026  54.464  -6.863  10.606 0.1000000015
64041  51.659  -7.440  9.812 0.1000000015
65209  50.632  -6.819  9.020 0.1000000015
64027  53.744  -7.145  10.888 0.1000000015
64028  52.984  -7.340  10.754 0.1000000015
64029  52.123  -7.523  10.674 0.1000000015
64042  50.868  -7.356  9.785 0.1000000015
64043  50.080  -7.144  9.613 0.1000000015
141735  51.277  -7.571  10.647 0.1000000015
64044  48.501  -7.214  9.745 0.1000000015
64030  50.484  -7.586  10.443 0.1000000015
64031  49.507  -7.542  10.133 0.1000000015
64032  47.835  -7.552  10.007 0.1000000015
64020  50.188  -7.810  10.893 0.1000000015
62941  48.533  -7.957  10.355 0.1000000015
64017  52.635  -7.393  11.489 0.1000000015
64018  51.837  -7.587  11.415 0.1000000015
64019  51.031  -7.698  11.205 0.1000000015
62940  49.390  -8.032  10.694 0.1000000015
61847  48.080  -8.655  10.678 0.1000000015
62942  47.534  -8.170  10.341 0.1000000015
61848  47.228  -9.091  10.656 0.1000000015
139884  46.321  -9.133  10.626 0.1000000015
64004  51.647  -7.709  11.992 0.1000000015
62932  49.796  -8.309  11.247 0.1000000015
126957  52.473  -7.429  12.083 0.1000000015
141848  55.237  -6.893  12.834 0.1000000015
66319  51.710  -5.178  7.781 0.1000000015
67395  51.379  -4.420  8.159 0.1000000015
65222  53.892  -6.655  8.330 0.1000000015
65223  52.977  -6.536  8.107 0.1000000015
65235  52.077  -5.715  7.808 0.1000000015
66308  51.420  -5.836  8.070 0.1000000015
66320  50.873  -5.245  8.090 0.1000000015
67396  50.403  -4.586  8.415 0.1000000015
128079  52.130  -6.331  8.176 0.1000000015
148752  54.461  -6.715  8.948 0.1000000015
65225  50.496  -6.057  8.378 0.1000000015
66309  50.013  -5.322  8.338 0.1000000015
65224  51.318  -6.508  8.571 0.1000000015
65226  49.577  -5.919  8.539 0.1000000015
65210  49.847  -6.540  8.906 0.1000000015
65227  48.831  -5.773  8.768 0.1000000015
65192  55.418  -6.642  11.347 0.1000000015
142303  49.216  -6.869  9.380 0.1000000015
65211  48.377  -6.404  9.214 0.1000000015
126596  54.386  -6.952  11.489 0.1000000015
64033  47.072  -7.473  10.046 0.1000000015
64034  46.348  -7.285  10.268 0.1000000015
62943  46.507  -8.251  10.391 0.1000000015
64016  53.465  -7.204  11.539 0.1000000015
127244  53.155  -7.256  12.074 0.1000000015
65191  56.451  -6.720  12.114 0.1000000015
64015  55.292  -6.776  12.193 0.1000000015
68530  51.481  -3.717  8.559 0.1000000015
65234  52.719  -5.935  7.686 0.1000000015
68531  50.772  -3.941  8.658 0.1000000015
68520  50.405  -3.552  9.119 0.1000000015
68532  49.960  -4.043  8.847 0.1000000015
68521  49.662  -3.465  9.540 0.1000000015
146230  49.308  -5.338  8.559 0.1000000015
67387  49.124  -4.178  9.171 0.1000000015
66310  48.675  -4.970  8.848 0.1000000015
65197  57.722  -6.576  10.809 0.1000000015
66299  48.099  -5.620  9.093 0.1000000015
65212  47.516  -6.175  9.451 0.1000000015
64045  47.652  -6.905  9.672 0.1000000015
68519  51.107  -3.345  9.031 0.1000000015
65233  53.650  -6.058  7.529 0.1000000015
66318  52.481  -5.291  7.522 0.1000000015
67394  52.298  -4.563  7.683 0.1000000015
68529  52.274  -3.713  8.200 0.1000000015
69637  52.776  -2.882  8.672 0.1000000015
65206  56.647  -6.216  10.014 0.1000000015
68536  53.014  -3.980  7.599 0.1000000015
68528  53.199  -3.221  8.097 0.1000000015
65220  55.932  -6.196  8.727 0.1000000015
65232  54.472  -6.267  7.757 0.1000000015
130198  53.152  -5.529  7.367 0.1000000015
69636  53.568  -2.527  8.525 0.1000000015
65205  57.858  -6.221  10.029 0.1000000015
65231  55.368  -6.105  7.780 0.1000000015
66316  54.722  -5.697  7.155 0.1000000015
66329  53.962  -4.785  6.862 0.1000000015
68535  53.633  -3.445  7.571 0.1000000015
66327  55.423  -5.189  6.757 0.1000000015
66328  54.668  -5.031  6.742 0.1000000015
68534  54.401  -3.248  7.196 0.1000000015
69642  53.938  -2.760  7.895 0.1000000015
67399  54.589  -4.252  6.711 0.1000000015
64046  46.926  -6.703  9.851 0.1000000015
66301  46.867  -5.939  9.774 0.1000000015
141729  45.768  -6.974  10.624 0.1000000015
69628  51.534  -2.756  9.477 0.1000000015
69627  52.448  -2.516  9.312 0.1000000015
69626  53.273  -2.245  9.096 0.1000000015
70679  53.918  -1.703  9.435 0.1000000015
65219  57.271  -5.946  9.152 0.1000000015
70691  53.956  -1.982  8.900 0.1000000015
66315  55.918  -5.570  7.172 0.1000000015
69635  54.359  -2.043  8.370 0.1000000015
70690  54.731  -1.384  8.930 0.1000000015
70696  55.236  -1.409  8.087 0.1000000015
127372  55.646  -0.586  8.550 0.1000000015
69640  55.677  -1.688  7.271 0.1000000015
65230  56.568  -5.807  8.040 0.1000000015
70695  56.214  -0.550  7.521 0.1000000015
71706  56.113  0.178  8.112 0.1000000015
133273  55.793  0.336  8.817 0.1000000015
72760  55.746  0.574  8.201 0.1000000015
72761  55.129  0.885  8.353 0.1000000015
72762  53.661  0.654  8.328 0.1000000015
152186  54.321  0.851  8.468 0.1000000015
72747  53.590  0.913  8.940 0.1000000015
72777  53.118  0.255  7.942 0.1000000015
72763  52.837  0.487  8.528 0.1000000015
72778  52.306  0.074  8.159 0.1000000015
71707  50.872  -0.116  8.396 0.1000000015
72764  51.750  0.245  8.617 0.1000000015
71715  50.440  -0.601  7.825 0.1000000015
71717  48.608  -0.240  7.345 0.1000000015
70700  49.041  -1.002  7.076 0.1000000015
71725  48.433  -0.518  6.697 0.1000000015
71708  49.853  -0.001  8.391 0.1000000015
134959  48.308  0.491  7.532 0.1000000015
71716  49.368  -0.499  7.697 0.1000000015
72765  50.690  0.297  8.866 0.1000000015
72766  49.096  0.546  8.704 0.2000000030
72767  48.474  0.814  8.243 0.1000000015
71709  48.877  0.133  8.028 0.1000000015
148941  48.053  1.635  7.084 0.1000000015
151836  49.815  0.493  8.990 0.1000000015
74832  48.108  2.106  8.291 0.2000000030
73859  48.309  1.505  8.496 0.2000000030
72751  48.697  1.045  8.905 0.1000000015
75850  48.252  2.695  7.965 0.2000000030
73860  48.060  1.675  7.843 0.1000000015
75800  50.724  2.830  12.907 0.4000000060
147319  49.192  1.565  10.155 0.3000000119
74826  48.379  2.046  9.107 0.3000000119
73849  48.707  1.523  9.383 0.2000000030
138265  51.136  3.947  13.120 0.4000000060
75811  50.542  3.653  12.312 0.4000000060
75812  49.847  2.978  11.595 0.4000000060
75822  48.649  2.615  9.629 0.3000000119
76843  49.253  4.078  8.673 0.2000000030
75841  48.382  2.693  8.762 0.2000000030
75831  48.804  3.411  9.218 0.2000000030
76799  51.293  4.867  12.908 0.4000000060
142926  49.466  3.147  10.897 0.4000000060
75821  49.081  3.319  10.093 0.3000000119
60375  25.370  -10.661  45.483 0.1000000015
61446  25.057  -9.420  45.016 0.1000000015
58315  33.730  -12.146  36.062 0.5000000000
58302  34.446  -12.797  36.860 0.5000000000
59424  36.023  -11.957  36.799 0.5000000000
66300  47.476  -5.419  9.518 0.1000000015
67388  48.326  -4.386  9.491 0.1000000015
68522  48.741  -3.701  9.826 0.1000000015
61432  25.060  -10.047  45.239 0.1000000015
62543  24.351  -8.597  44.412 0.1000000015
61433  24.496  -9.732  45.163 0.1000000015
61448  23.722  -9.047  44.432 0.1000000015
146664  31.646  -10.505  34.540 0.2000000030
61576  32.152  -10.448  34.686 0.2000000030
129216  32.950  -10.296  35.281 0.2000000030
61553  33.596  -9.493  36.358 0.2000000030
64868  28.124  -6.856  33.928 0.1000000015
58317  32.193  -12.057  35.678 0.5000000000
59438  30.886  -11.418  35.951 0.3000000119
61564  39.199  -9.277  34.901 0.3000000119
61549  38.660  -9.024  35.252 0.3000000119
60468  38.449  -9.797  35.270 0.3000000119
59451  31.624  -11.532  35.063 0.4000000060
59459  31.834  -11.037  34.579 0.2000000030
59436  34.645  -11.877  36.527 0.5000000000
147154  33.273  -10.979  35.241 0.3000000119
60479  32.695  -10.998  34.821 0.2000000030
58316  32.920  -12.263  35.766 0.6000000238
61538  35.502  -9.255  36.606 0.3000000119
141545  35.690  -11.266  36.692 0.4000000060
61552  34.448  -10.058  36.606 0.3000000119
140091  35.060  -10.894  36.696 0.5000000000
60471  34.395  -10.982  36.243 0.3000000119
63982  54.131  -7.218  13.796 0.1000000015
65221  54.869  -6.460  8.436 0.1000000015
67397  49.554  -4.709  8.632 0.1000000015
137173  49.137  -6.292  8.885 0.1000000015
69638  51.928  -3.154  8.857 0.1000000015
67400  53.161  -4.807  7.229 0.1000000015
66317  53.863  -5.365  7.068 0.1000000015
132434  53.728  -4.092  7.106 0.1000000015
69641  54.745  -2.265  7.658 0.1000000015
71712  56.606  0.091  7.080 0.1000000015
72775  55.506  0.664  7.712 0.1000000015
72779  48.037  0.770  7.093 0.1000000015
74842  48.048  2.008  7.501 0.1000000015
44843  17.778  -25.174  46.210 0.1000000015
44826  15.909  -23.983  47.553 0.1000000015
44844  17.224  -24.479  46.542 0.1000000015
44842  18.366  -25.466  45.737 0.1000000015
45849  15.959  -23.677  47.399 0.1000000015
134010  17.839  -24.942  46.016 0.2000000030
148386  17.590  -23.780  45.285 0.2000000030
130253  17.621  -24.320  45.915 0.2000000030
45855  16.549  -23.842  46.970 0.1000000015
144827  16.429  -22.847  45.877 0.1000000015
45861  17.013  -23.933  46.497 0.2000000030
47913  14.675  -22.156  47.687 0.1000000015
147231  15.899  -22.875  46.898 0.1000000015
46854  15.944  -23.313  47.263 0.1000000015
46861  15.921  -22.578  46.299 0.1000000015
47922  14.330  -21.722  47.799 0.1000000015
48976  13.565  -21.030  47.973 0.1000000015
47921  14.877  -22.110  47.459 0.1000000015
48984  13.860  -21.132  47.347 0.1000000015
47928  14.504  -21.647  47.028 0.1000000015
46867  15.905  -22.368  45.361 0.1000000015
48977  13.267  -20.564  47.713 0.1000000015
140953  29.111  -12.728  20.491 0.2000000030
57398  28.070  -13.307  19.288 0.2000000030
132294  50.748  -1.233  20.072 0.3000000119
77760  51.133  5.447  10.544 0.2000000030
77759  51.769  6.233  11.232 0.2000000030
57374  27.729  -14.016  21.059 0.2000000030
76842  49.968  4.777  8.989 0.2000000030
78647  51.995  7.105  11.793 0.2000000030
44859  18.797  -24.939  44.805 0.2000000030
47936  14.546  -21.555  45.940 0.1000000015
70465  48.846  -0.721  22.576 0.3000000119
46851  15.459  -23.165  47.651 0.1000000015
45868  17.035  -23.438  45.813 0.2000000030
77769  51.687  6.021  10.133 0.2000000030
54792  24.910  -14.833  47.166 0.1000000015
61563  39.863  -8.572  34.497 0.2000000030
62658  39.661  -7.720  34.607 0.2000000030
62670  40.307  -7.999  34.314 0.2000000030
64901  42.382  -6.479  32.585 0.2000000030
67170  43.412  -4.833  31.086 0.3000000119
67171  43.188  -4.279  30.679 0.3000000119
67159  42.779  -3.977  31.656 0.2000000030
69338  41.467  -3.036  31.773 0.1000000015
68273  43.097  -4.030  31.281 0.3000000119
69337  42.058  -2.950  31.695 0.2000000030
69345  42.289  -2.637  31.327 0.2000000030
70370  41.451  -2.273  31.608 0.2000000030
69357  42.558  -2.656  31.038 0.3000000119
140515  40.903  -3.096  31.753 0.1000000015
70369  41.945  -2.014  31.404 0.3000000119
70382  40.762  -1.666  31.721 0.2000000030
144524  40.963  -2.531  31.729 0.1000000015
70401  42.543  -0.957  30.112 0.4000000060
70393  42.269  -0.845  30.800 0.4000000060
135389  42.210  -1.878  31.073 0.3000000119
138023  40.992  -0.640  31.767 0.2000000030
69347  39.688  -2.468  31.442 0.1000000015
152072  38.809  -2.449  30.647 0.1000000015
71459  42.307  0.245  31.064 0.4000000060
148576  41.891  0.373  31.528 0.3000000119
70380  41.876  -0.783  31.235 0.2000000030
70381  41.405  -1.276  31.517 0.2000000030
72492  42.860  1.007  30.738 0.3000000119
72468  41.618  0.754  31.694 0.2000000030
71449  41.067  0.147  31.825 0.2000000030
70402  38.922  -1.335  30.449 0.1000000015
70403  38.297  -1.969  29.777 0.1000000015
73594  42.584  1.816  31.068 0.3000000119
72469  41.110  0.924  31.596 0.2000000030
71461  39.641  -0.405  30.781 0.1000000015
71470  38.498  -1.019  29.524 0.1000000015
129737  38.024  -1.530  28.917 0.1000000015
72478  43.057  1.767  30.763 0.3000000119
72479  40.193  0.519  30.745 0.1000000015
72480  39.420  0.184  29.960 0.1000000015
71478  38.839  -0.211  29.266 0.1000000015
71479  38.352  -0.694  28.671 0.1000000015
71497  44.781  -0.241  26.974 0.3000000119
73595  41.956  1.497  31.442 0.2000000030
152074  40.704  1.184  30.664 0.1000000015
73607  41.483  1.700  30.955 0.2000000030
72493  40.034  0.934  29.884 0.1000000015
71489  38.814  0.003  28.407 0.1000000015
72522  45.013  0.837  27.054 0.3000000119
71496  45.677  -0.072  26.510 0.3000000119
131367  45.271  -0.939  26.605 0.3000000119
74641  43.842  3.106  29.037 0.3000000119
74630  42.666  2.572  30.122 0.1000000015
73630  41.047  1.683  28.756 0.1000000015
72515  39.620  0.537  28.039 0.1000000015
73627  44.233  2.612  28.854 0.3000000119
74629  43.392  2.761  29.658 0.3000000119
73616  41.904  2.378  29.497 0.1000000015
72504  40.172  1.114  28.944 0.1000000015
72511  44.597  1.612  27.854 0.3000000119
72542  46.930  1.054  24.202 0.2000000030
73666  44.422  2.041  24.115 0.2000000030
128937  49.459  -1.008  22.369 0.2000000030
70477  50.138  -1.174  21.842 0.2000000030
70478  49.177  -1.222  21.761 0.2000000030
70494  49.666  -1.380  21.095 0.2000000030
148829  48.263  -1.845  21.356 0.2000000030
142939  49.095  -1.625  20.460 0.2000000030
69468  48.352  -2.096  20.221 0.1000000015
70508  49.068  -1.656  19.706 0.1000000015
69486  48.092  -2.134  19.411 0.1000000015
128319  50.715  -1.120  19.289 0.1000000015
70493  50.040  -1.338  20.423 0.1000000015
70507  50.018  -1.328  19.683 0.1000000015
130653  49.578  -1.385  18.975 0.1000000015
78666  48.025  6.870  10.051 0.1000000015
80559  50.796  8.837  8.790 0.1000000015
132430  48.593  7.320  9.401 0.1000000015
77729  50.534  5.614  13.889 0.2000000030
69346  40.401  -2.448  31.738 0.1000000015
71506  46.598  -0.393  25.854 0.3000000119
73664  46.443  1.576  23.910 0.2000000030
73676  44.984  1.725  23.452 0.2000000030
73614  43.949  2.838  29.283 0.3000000119
70519  50.031  -1.089  18.298 0.1000000015
130241  49.054  7.657  8.841 0.1000000015
80571  49.762  8.397  7.281 0.1000000015
70383  39.980  -1.740  31.612 0.1000000015
71450  40.391  -0.752  31.565 0.2000000030
71460  40.534  0.127  31.429 0.2000000030
139456  39.605  -1.217  31.132 0.1000000015
72467  42.341  1.170  31.283 0.3000000119
71469  38.994  -0.538  29.993 0.1000000015
73605  42.947  2.247  30.481 0.2000000030
72505  39.415  0.469  29.078 0.1000000015
73617  40.971  1.665  29.892 0.1000000015
139112  44.211  1.691  23.373 0.2000000030
70479  48.207  -1.356  22.010 0.2000000030
69444  48.697  -1.797  20.937 0.2000000030
69445  47.472  -2.132  21.417 0.2000000030
69455  47.832  -2.298  20.775 0.1000000015
80544  51.196  8.669  10.410 0.1000000015
40921  18.034  -28.163  32.952 0.1000000015
38904  24.599  -30.290  31.305 0.2000000030
40865  18.931  -28.805  39.922 0.1000000015
137048  18.750  -28.946  39.168 0.1000000015
135319  18.766  -28.740  38.319 0.1000000015
40884  18.517  -28.778  37.469 0.1000000015
40900  18.212  -28.223  35.191 0.1000000015
41896  18.388  -27.695  34.469 0.1000000015
130244  28.762  -35.434  31.827 0.2000000030
34306  27.462  -35.176  31.598 0.2000000030
145923  17.966  -28.305  33.718 0.1000000015
41903  18.275  -27.857  33.691 0.1000000015
34283  27.888  -34.847  32.368 0.2000000030
137683  27.351  -34.571  31.993 0.2000000030
150380  18.524  -27.381  31.935 0.1000000015
38903  25.189  -30.607  31.798 0.2000000030
40864  19.269  -28.131  40.159 0.1000000015
41843  19.385  -27.413  39.696 0.1000000015
140135  18.584  -28.209  36.915 0.1000000015
136543  18.393  -28.131  36.053 0.1000000015
142161  18.481  -27.551  35.272 0.1000000015
41909  18.428  -27.407  32.719 0.1000000015
35194  27.993  -34.008  33.563 0.2000000030
37050  27.083  -33.010  32.920 0.2000000030
35209  27.113  -33.827  32.366 0.2000000030
42887  18.847  -26.661  31.935 0.1000000015
145503  27.931  -33.456  34.003 0.2000000030
37944  26.242  -31.639  32.536 0.2000000030
37929  26.170  -31.074  33.128 0.2000000030
38888  25.223  -30.112  32.602 0.2000000030
43795  18.913  -25.600  45.165 0.1000000015
42774  19.921  -26.587  43.630 0.1000000015
43811  20.116  -25.781  42.394 0.1000000015
144894  19.847  -25.914  43.355 0.1000000015
42806  20.275  -26.184  41.507 0.1000000015
136245  19.647  -27.207  40.420 0.1000000015
41857  19.292  -27.080  38.928 0.1000000015
42829  19.135  -27.041  37.985 0.1000000015
42855  18.857  -26.686  36.431 0.1000000015
44867  19.544  -25.055  43.395 0.1000000015
43812  19.901  -25.253  42.501 0.2000000030
58569  31.346  -12.326  17.385 0.1000000015
58608  30.900  -13.092  16.030 0.1000000015
58590  29.928  -12.841  17.257 0.1000000015
58556  29.260  -12.600  18.857 0.1000000015
55205  32.080  -15.129  15.040 0.1000000015
140349  31.498  -14.777  15.160 0.1000000015
57445  30.295  -13.663  16.151 0.1000000015
57446  29.610  -13.533  16.782 0.1000000015
57427  28.541  -13.536  17.680 0.1000000015
55189  33.181  -15.647  15.197 0.1000000015
54102  31.982  -15.994  15.885 0.1000000015
55170  31.190  -15.865  15.991 0.1000000015
146864  34.589  -16.549  17.079 0.1000000015
54083  33.234  -16.442  16.607 0.1000000015
58588  31.443  -12.514  16.467 0.1000000015
56331  32.157  -14.459  14.732 0.1000000015
57489  32.057  -13.612  14.792 0.1000000015
58625  32.142  -12.921  15.025 0.1000000015
55204  32.702  -15.129  14.806 0.1000000015
55169  35.576  -15.813  15.907 0.1000000015
55188  34.095  -15.516  15.158 0.1000000015
55202  34.437  -14.883  14.540 0.1000000015
135460  32.607  -13.873  14.459 0.1000000015
55187  35.195  -15.345  15.114 0.1000000015
59640  32.617  -11.881  15.559 0.1000000015
59669  34.084  -11.230  14.004 0.1000000015
130834  33.776  -13.026  13.974 0.1000000015
57488  32.732  -13.126  14.480 0.1000000015
57509  33.992  -13.754  13.969 0.1000000015
56328  34.610  -14.175  14.057 0.1000000015
63709  39.365  -7.231  34.860 0.1000000015
63694  38.758  -7.110  35.331 0.1000000015
64842  39.215  -7.025  35.052 0.1000000015
38916  24.227  -30.664  30.472 0.2000000030
149222  26.595  -31.937  32.954 0.2000000030
37957  25.593  -31.519  31.569 0.2000000030
37032  27.478  -32.882  33.719 0.2000000030
57385  28.383  -13.113  20.259 0.1000000015
57386  27.729  -13.720  20.156 0.1000000015
58555  30.273  -12.396  18.791 0.1000000015
58539  28.802  -12.756  19.576 0.1000000015
58554  31.235  -12.323  18.293 0.1000000015
58553  32.244  -12.192  17.949 0.1000000015
58568  32.095  -12.145  16.943 0.1000000015
58587  32.130  -12.281  16.068 0.1000000015
59639  33.086  -11.323  14.948 0.1000000015
47056  24.025  -22.702  28.138 0.2000000030
58641  34.451  -12.593  13.863 0.1000000015
44851  18.314  -24.980  45.532 0.1000000015
58557  28.590  -12.932  18.836 0.1000000015
57413  27.637  -13.881  18.574 0.1000000015
44858  19.427  -25.598  44.327 0.2000000030
128677  18.220  -28.025  31.946 0.1000000015
41844  19.067  -28.235  39.199 0.1000000015
40894  18.264  -28.735  36.712 0.1000000015
41872  18.872  -28.117  37.675 0.1000000015
41891  18.587  -27.360  35.947 0.1000000015
34305  28.081  -35.390  31.744 0.1000000015
35208  27.724  -34.253  32.841 0.2000000030
35222  26.827  -34.363  31.595 0.1000000015
41885  18.872  -27.367  37.122 0.1000000015
36154  27.571  -33.599  33.248 0.2000000030
127807  26.635  -33.050  32.079 0.2000000030
58570  30.474  -12.458  17.788 0.1000000015
58589  30.676  -12.652  16.901 0.1000000015
57465  31.515  -13.379  15.345 0.1000000015
58607  31.708  -12.777  15.689 0.1000000015
148640  30.255  -13.145  16.601 0.1000000015
57466  30.881  -13.794  15.552 0.1000000015
58571  29.622  -12.623  18.055 0.1000000015
58572  28.858  -12.956  18.198 0.1000000015
55191  31.668  -15.443  15.475 0.1000000015
55190  32.409  -15.601  15.341 0.1000000015
55192  30.841  -15.111  15.646 0.1000000015
56298  30.444  -14.356  15.803 0.1000000015
56299  29.808  -14.243  16.313 0.1000000015
57426  29.214  -13.143  17.510 0.1000000015
57447  28.951  -13.723  17.179 0.1000000015
57412  28.221  -13.393  18.368 0.1000000015
57428  27.904  -13.999  17.796 0.1000000015
54100  33.674  -16.023  15.808 0.1000000015
55203  33.506  -15.055  14.657 0.1000000015
54101  32.790  -16.087  15.824 0.1000000015
54084  32.250  -16.365  16.526 0.1000000015
54085  31.538  -16.230  16.433 0.1000000015
54082  34.182  -16.286  16.464 0.1000000015
54099  34.629  -15.888  15.822 0.1000000015
54081  35.074  -16.230  16.521 0.1000000015
133509  33.906  -16.555  17.045 0.1000000015
56330  32.979  -14.486  14.414 0.1000000015
58624  32.764  -12.261  14.786 0.1000000015
56329  33.800  -14.363  14.236 0.1000000015
150867  33.250  -13.089  14.197 0.1000000015
59653  33.489  -11.676  14.371 0.1000000015
58642  33.886  -12.115  13.979 0.1000000015
58623  33.308  -12.553  14.274 0.1000000015
34304  29.440  -35.538  31.518 0.1000000015
129112  26.530  -33.769  31.491 0.1000000015
34282  28.494  -35.100  32.565 0.1000000015
127555  22.212  -31.760  29.136 0.1000000015
34259  28.990  -35.029  33.377 0.1000000015
34325  26.132  -35.507  30.751 0.1000000015
35237  26.201  -34.501  30.807 0.1000000015
146514  28.347  -34.548  33.328 0.1000000015
37069  26.178  -32.313  31.795 0.1000000015
35240  22.551  -34.546  30.171 0.1000000015
36168  25.573  -33.249  30.518 0.1000000015
37070  25.626  -32.438  30.958 0.1000000015
32335  23.445  -37.845  32.586 0.1000000015
32354  22.961  -37.195  32.136 0.1000000015
34308  22.544  -35.584  30.946 0.1000000015
34328  22.913  -35.315  30.408 0.1000000015
137460  25.214  -35.831  30.526 0.1000000015
142733  24.649  -35.418  30.290 0.1000000015
34326  25.346  -34.879  30.270 0.1000000015
35250  24.853  -34.164  29.856 0.1000000015
33281  23.405  -36.912  31.430 0.1000000015
145588  24.117  -37.091  31.309 0.1000000015
33301  24.264  -36.076  30.582 0.1000000015
34327  23.801  -35.439  30.336 0.1000000015
147275  23.923  -36.648  30.969 0.1000000015
45099  23.738  -24.414  24.445 0.1000000015
38007  27.645  -31.319  27.792 0.1000000015
40023  25.648  -29.105  26.336 0.1000000015
42985  24.336  -26.702  25.568 0.1000000015
48169  22.996  -21.832  24.121 0.1000000015
134456  23.364  -23.219  24.779 0.1000000015
40022  26.149  -29.846  26.892 0.1000000015
142168  24.379  -27.005  26.815 0.1000000015
47091  23.162  -22.450  25.053 0.1000000015
44017  23.785  -25.390  25.494 0.1000000015
140988  23.442  -23.232  25.508 0.1000000015
45075  23.687  -24.890  26.194 0.1000000015
41973  24.512  -27.102  27.502 0.1000000015
49209  22.970  -20.530  25.349 0.1000000015
46096  23.546  -23.273  26.374 0.1000000015
45074  23.859  -24.911  27.178 0.1000000015
45060  24.005  -24.202  27.773 0.1000000015
132679  23.387  -22.541  26.001 0.1000000015
46082  23.628  -23.234  27.057 0.1000000015
47067  23.727  -22.802  27.468 0.1000000015
45045  24.365  -24.440  28.648 0.1000000015
46070  24.254  -23.479  28.401 0.1000000015
129166  24.485  -22.642  29.014 0.1000000015
72577  43.558  0.840  21.688 0.1000000015
72551  46.880  0.867  23.575 0.1000000015
72560  46.767  0.545  23.037 0.1000000015
71564  43.730  0.220  21.274 0.1000000015
130116  47.548  0.077  23.028 0.1000000015
71550  46.855  -0.392  22.545 0.1000000015
127324  44.349  1.417  22.739 0.1000000015
72552  46.385  1.155  23.266 0.1000000015
72561  45.797  0.939  22.697 0.1000000015
72576  44.365  0.620  21.823 0.1000000015
71563  44.468  -0.329  21.477 0.1000000015
130706  46.118  0.265  22.559 0.1000000015
144102  45.932  -0.501  22.200 0.1000000015
70480  47.193  -1.419  22.072 0.1000000015
140865  49.089  3.946  7.965 0.1000000015
75849  48.726  3.348  7.591 0.1000000015
75855  49.048  3.297  6.786 0.1000000015
75860  49.511  3.075  6.004 0.1000000015
75859  50.344  3.489  5.601 0.1000000015
151455  52.916  9.627  3.264 0.1000000015
81468  53.750  9.560  3.775 0.1000000015
80610  53.622  8.702  3.913 0.1000000015
76872  52.089  4.077  4.939 0.1000000015
81469  52.735  9.050  3.477 0.1000000015
79622  54.164  7.814  3.688 0.1000000015
76869  54.928  5.025  3.781 0.1000000015
76870  53.921  4.610  4.223 0.1000000015
75863  51.731  3.365  4.602 0.1000000015
150633  53.212  8.099  3.800 0.1000000015
78629  51.248  6.176  13.378 0.1000000015
76855  49.711  4.614  7.974 0.1000000015
151754  50.180  5.027  7.628 0.1000000015
76856  49.352  4.028  7.288 0.1000000015
76862  50.392  4.725  6.552 0.1000000015
75854  49.844  4.001  6.424 0.1000000015
81467  54.420  10.312  3.746 0.1000000015
76861  51.054  5.126  6.258 0.1000000015
76867  50.693  4.317  5.906 0.1000000015
82360  53.517  10.176  3.274 0.1000000015
129223  53.054  5.704  5.552 0.1000000015
77827  51.928  5.467  5.896 0.1000000015
75858  51.223  3.795  5.235 0.1000000015
80609  55.047  8.386  3.916 0.1000000015
79621  55.526  7.570  3.578 0.1000000015
77835  55.246  5.739  4.264 0.1000000015
144582  54.323  5.198  4.446 0.1000000015
77825  54.156  5.669  4.985 0.1000000015
76864  53.464  5.027  4.874 0.1000000015
132739  55.179  7.067  2.997 0.1000000015
150913  56.019  5.868  3.097 0.1000000015
77834  55.939  6.124  3.535 0.1000000015
78657  52.287  6.748  10.831 0.1000000015
78664  52.765  7.332  10.464 0.1000000015
77770  50.822  5.434  9.478 0.1000000015
78665  52.264  6.590  9.786 0.1000000015
77779  51.426  6.040  9.012 0.1000000015
77780  50.536  5.392  8.291 0.1000000015
78675  52.065  6.672  8.646 0.1000000015
77797  51.271  6.119  7.840 0.1000000015
78689  52.092  6.790  7.387 0.1000000015
77812  51.413  5.997  6.744 0.1000000015
77798  50.609  5.385  7.173 0.1000000015
78700  52.815  7.139  6.674 0.1000000015
77826  52.319  6.329  6.327 0.1000000015
80594  54.520  9.119  4.164 0.1000000015
79587  54.267  8.044  6.792 0.1000000015
78714  53.152  6.563  6.013 0.1000000015
80608  55.727  8.012  4.020 0.1000000015
78712  55.319  6.876  5.222 0.1000000015
77824  54.929  6.281  5.046 0.1000000015
132737  54.645  6.806  5.557 0.1000000015
78713  53.963  6.343  5.543 0.1000000015
78730  55.939  6.758  3.636 0.1000000015
78726  55.740  6.658  4.426 0.1000000015
78646  52.496  7.617  11.274 0.1000000015
79550  52.951  8.132  10.874 0.1000000015
78674  52.786  7.228  9.485 0.1000000015
78688  52.737  7.300  8.413 0.1000000015
145097  52.838  7.398  7.440 0.1000000015
79578  54.002  8.263  7.884 0.1000000015
142938  55.043  10.884  7.146 0.1000000015
79577  54.507  8.678  7.450 0.1000000015
82372  54.208  10.871  3.114 0.1000000015
80593  55.470  8.819  4.376 0.1000000015
78711  55.756  7.405  5.117 0.1000000015
79620  55.925  7.417  3.843 0.1000000015
79607  55.931  7.398  4.409 0.1000000015
79557  53.257  7.869  10.191 0.1000000015
79549  53.217  8.491  10.481 0.1000000015
79556  53.510  8.474  9.879 0.1000000015
79579  53.436  7.782  8.218 0.1000000015
80569  54.158  8.878  8.489 0.1000000015
82310  53.681  10.698  8.425 0.1000000015
82317  54.671  10.373  7.760 0.1000000015
82348  55.298  10.340  4.402 0.1000000015
147644  55.490  9.512  4.619 0.1000000015
135444  55.828  9.067  4.864 0.1000000015
79594  55.950  7.999  5.178 0.1000000015
80581  55.827  8.713  5.334 0.1000000015
81443  55.720  9.534  5.628 0.1000000015
79567  53.364  7.792  9.277 0.1000000015
82347  55.578  10.800  5.029 0.1000000015
84256  51.109  12.955  4.261 0.1000000015
81451  55.704  9.910  4.985 0.1000000015
85136  48.509  13.589  2.800 0.1000000015
86000  49.100  14.023  3.280 0.1000000015
37974  24.391  -31.479  30.178 0.1000000015
35251  24.045  -34.097  29.658 0.1000000015
37973  25.041  -31.894  30.602 0.1000000015
35238  24.413  -34.792  30.024 0.1000000015
147855  24.426  -33.626  29.694 0.1000000015
83314  55.000  11.061  3.787 0.1000000015
82359  55.348  11.130  4.447 0.1000000015
83303  55.436  11.707  4.875 0.1000000015
81452  54.919  9.663  4.230 0.1000000015
83288  53.562  11.503  7.223 0.1000000015
84246  54.657  12.577  5.708 0.1000000015
80542  53.367  9.015  10.209 0.1000000015
84262  55.408  12.726  3.725 0.1000000015
81393  53.483  9.606  9.611 0.1000000015
82318  53.249  11.050  7.838 0.1000000015
84238  54.630  11.977  6.525 0.1000000015
84253  55.353  12.563  4.435 0.1000000015
150426  54.259  11.851  6.870 0.1000000015
129053  55.267  13.425  3.814 0.1000000015
82335  55.633  10.452  5.691 0.1000000015
83287  54.558  11.493  7.118 0.1000000015
85120  54.883  13.749  4.214 0.1000000015
83293  55.398  11.447  5.782 0.1000000015
131750  55.672  9.115  6.016 0.1000000015
79566  53.761  8.364  8.924 0.1000000015
84245  55.171  12.412  5.290 0.1000000015
85985  52.564  14.194  4.100 0.1000000015
85999  49.726  14.289  3.649 0.1000000015
85998  50.404  14.770  3.492 0.1000000015
148591  55.630  7.990  5.718 0.1000000015
82330  52.804  11.084  6.681 0.1000000015
83279  54.076  11.592  7.373 0.1000000015
83278  54.335  11.056  7.840 0.1000000015
79586  54.999  8.346  6.479 0.1000000015
36194  24.449  -32.992  29.707 0.1000000015
34280  30.089  -35.405  32.273 0.1000000015
38949  27.122  -30.823  27.789 0.1000000015
40003  26.177  -29.793  27.847 0.1000000015
40004  25.563  -29.117  27.494 0.1000000015
134881  24.648  -27.699  26.847 0.1000000015
42932  24.435  -26.382  28.150 0.1000000015
73665  45.770  1.887  23.905 0.1000000015
140403  23.182  -21.881  25.748 0.1000000015
48156  22.965  -21.471  25.139 0.1000000015
72559  47.461  0.301  23.408 0.1000000015
75840  48.669  3.404  8.366 0.1000000015
79535  52.038  7.737  11.717 0.1000000015
73677  43.670  1.432  22.885 0.1000000015
36167  26.131  -33.067  31.235 0.1000000015
36181  25.524  -34.031  30.248 0.1000000015
33302  23.189  -36.140  30.859 0.1000000015
37089  25.048  -32.722  30.224 0.1000000015
46111  23.537  -23.866  25.018 0.1000000015
45085  23.660  -24.633  25.279 0.1000000015
44038  23.882  -25.185  24.703 0.1000000015
129114  24.232  -25.593  24.208 0.1000000015
38968  26.673  -30.416  27.347 0.1000000015
41009  25.049  -28.484  26.999 0.1000000015
41994  24.972  -28.168  25.996 0.1000000015
42967  24.181  -26.538  26.382 0.1000000015
151428  23.775  -25.513  26.048 0.1000000015
41995  24.503  -27.282  26.143 0.1000000015
44037  24.143  -26.027  24.932 0.1000000015
47102  23.213  -22.852  24.077 0.1000000015
43984  24.149  -25.635  27.584 0.1000000015
44001  23.915  -25.729  26.646 0.1000000015
127888  23.565  -23.994  25.865 0.1000000015
45061  23.657  -24.004  26.884 0.1000000015
137033  24.123  -24.928  27.913 0.1000000015
72593  43.002  0.421  21.094 0.1000000015
72563  44.351  1.035  22.197 0.1000000015
71562  46.209  -1.363  21.955 0.1000000015
73686  45.077  1.254  22.700 0.1000000015
73675  45.806  1.485  23.244 0.1000000015
71551  45.243  0.187  22.114 0.1000000015
72562  44.969  0.904  22.261 0.1000000015
70482  45.260  -1.141  21.705 0.1000000015
76865  52.514  4.824  5.257 0.1000000015
76871  52.978  4.327  4.621 0.1000000015
75861  53.470  3.908  3.964 0.1000000015
77838  55.746  5.577  3.329 0.1000000015
75862  52.556  3.637  4.322 0.1000000015
78733  53.804  7.024  3.301 0.1000000015
129415  49.960  4.676  7.140 0.1000000015
76866  51.573  4.597  5.558 0.1000000015
78731  55.871  6.856  3.178 0.1000000015
78739  56.012  6.097  2.968 0.1000000015
79588  53.473  7.748  7.126 0.1000000015
78699  53.844  7.232  6.202 0.1000000015
78698  54.987  7.509  5.892 0.1000000015
83286  55.053  11.521  6.599 0.1000000015
82329  55.466  10.226  6.406 0.1000000015
81424  55.160  10.002  7.023 0.1000000015
80575  54.936  9.003  7.020 0.1000000015
80568  54.490  9.292  7.972 0.1000000015
80592  55.920  8.151  4.541 0.1000000015
80557  53.759  9.090  9.425 0.1000000015
83280  53.768  11.254  7.814 0.1000000015
82309  54.229  10.457  8.345 0.1000000015
80556  54.078  9.458  8.794 0.1000000015
81407  53.900  10.004  8.933 0.1000000015
81406  54.389  9.896  8.289 0.1000000015
81425  54.820  9.649  7.488 0.1000000015
83323  54.908  11.743  2.919 0.1000000015
81437  55.493  9.596  6.364 0.1000000015
85124  50.104  13.722  4.359 0.1000000015
85987  50.714  14.240  4.102 0.1000000015
85122  51.878  13.412  4.176 0.1000000015
85989  49.141  13.889  4.011 0.1000000015
138580  53.274  11.686  6.213 0.1000000015
146507  53.882  11.922  6.751 0.1000000015
84237  55.047  12.041  6.084 0.1000000015
85114  54.353  13.305  4.890 0.1000000015
139099  53.055  9.875  9.573 0.1000000015
81426  52.907  10.412  8.608 0.1000000015
81408  53.420  10.092  9.054 0.1000000015
84247  54.056  12.806  5.433 0.1000000015
85113  54.862  13.208  4.913 0.1000000015
81438  55.261  9.304  6.670 0.1000000015
79585  55.574  8.630  6.057 0.1000000015
84254  52.892  13.411  4.325 0.1000000015
147846  53.333  14.481  4.001 0.1000000015
148581  53.739  13.454  4.707 0.1000000015
85986  51.547  14.424  4.045 0.1000000015
84255  52.393  12.652  4.310 0.1000000015
33292  36.934  -36.434  30.350 0.1000000015
34236  32.617  -35.368  35.218 0.2000000030
34238  30.126  -35.145  34.313 0.2000000030
34252  36.754  -34.809  33.943 0.2000000030
34281  29.249  -35.321  32.515 0.1000000015
34295  39.657  -35.304  31.317 0.1000000015
34320  32.632  -35.666  30.537 0.1000000015
35148  33.303  -34.759  36.716 0.2000000030
35188  39.471  -33.917  33.063 0.1000000015
35191  36.628  -34.552  34.345 0.2000000030
35205  39.742  -34.267  32.304 0.1000000015
35221  39.880  -34.609  31.828 0.1000000015
36095  31.596  -32.875  37.636 0.2000000030
36102  29.986  -33.323  36.753 0.2000000030
36182  25.007  -33.493  29.939 0.1000000015
36989  31.566  -32.548  37.581 0.2000000030
36990  31.124  -32.317  37.690 0.2000000030
36992  29.471  -31.614  37.375 0.2000000030
37051  26.613  -32.359  32.618 0.2000000030
37112  23.858  -32.493  29.490 0.2000000030
37113  23.216  -32.563  29.302 0.2000000030
37893  29.945  -31.240  37.555 0.2000000030
37899  31.277  -31.425  37.400 0.2000000030
37928  26.541  -31.576  33.310 0.2000000030
37958  24.910  -31.037  30.944 0.2000000030
37993  22.731  -31.284  29.129 0.2000000030
38952  21.652  -30.451  28.874 0.1000000015
38953  21.131  -30.073  28.788 0.1000000015
39868  18.715  -29.569  40.765 0.1000000015
39954  23.455  -29.445  30.518 0.3000000119
39988  21.751  -29.853  28.861 0.2000000030
40841  19.695  -28.519  42.273 0.1000000015
40945  19.254  -27.906  30.115 0.1000000015
40960  21.303  -28.471  29.091 0.2000000030
40962  19.452  -28.379  29.705 0.1000000015
41858  19.056  -27.941  38.392 0.1000000015
41912  25.911  -26.981  31.409 0.2000000030
41914  19.341  -26.533  31.071 0.2000000030
41915  18.752  -27.400  31.228 0.1000000015
41923  21.548  -27.116  30.211 0.3000000119
42737  13.088  -24.810  48.494 0.1000000015
42743  13.181  -25.546  48.004 0.1000000015
42786  27.329  -27.124  42.439 0.5000000000
42787  20.129  -26.439  42.981 0.1000000015
42807  20.080  -26.316  40.702 0.2000000030
42874  22.998  -25.989  34.055 0.4000000060
42882  18.524  -27.120  33.659 0.2000000030
42886  19.491  -25.874  31.679 0.3000000119
42916  20.907  -26.915  29.928 0.3000000119
42949  24.245  -26.402  27.180 0.1000000015
43764  12.336  -24.060  48.547 0.1000000015
43794  19.400  -26.216  44.840 0.1000000015
43809  27.773  -26.317  42.420 0.5000000000
43822  28.955  -25.477  41.878 0.5000000000
43875  19.234  -25.750  36.692 0.3000000119
43917  19.397  -24.718  33.906 0.3000000119
43932  19.734  -25.262  32.157 0.3000000119
43951  25.274  -25.208  30.523 0.2000000030
43952  20.883  -25.800  30.884 0.3000000119
44016  23.927  -26.028  25.858 0.1000000015
44814  12.740  -23.380  49.285 0.1000000015
44820  12.371  -23.906  48.950 0.1000000015
44834  16.548  -24.198  47.080 0.1000000015
44835  12.410  -24.445  47.790 0.1000000015
44881  20.178  -25.168  41.706 0.2000000030
44896  27.338  -25.762  42.448 0.5000000000
44985  19.188  -24.934  34.639 0.3000000119
44997  21.453  -24.177  33.180 0.4000000060
44999  20.124  -24.336  33.164 0.4000000060
45007  21.041  -24.448  32.562 0.4000000060
45009  19.921  -24.758  32.629 0.3000000119
45016  20.188  -24.991  32.036 0.3000000119
45834  11.637  -22.920  49.996 0.1000000015
45840  10.428  -22.881  50.151 0.1000000015
45846  8.451  -22.946  49.543 0.1000000015
45867  18.147  -24.330  45.104 0.2000000030
45874  18.528  -24.208  44.264 0.3000000119
45899  19.510  -23.885  41.917 0.5000000000
45900  18.363  -23.312  42.726 0.4000000060
45922  30.064  -24.079  40.588 0.6000000238
45936  20.238  -23.704  38.900 0.4000000060
45957  20.117  -23.393  37.308 0.3000000119
45962  30.518  -23.153  36.853 0.6999999881
45975  20.090  -23.431  35.318 0.4000000060
45987  22.799  -23.822  34.516 0.3000000119
46081  23.844  -23.412  27.630 0.1000000015
46843  8.907  -22.162  50.262 0.1000000015
46846  9.998  -22.622  50.457 0.1000000015
46847  7.886  -22.194  49.754 0.1000000015
46853  24.404  -20.141  45.866 0.3000000119
46855  15.393  -22.677  47.435 0.1000000015
46857  24.474  -20.964  45.303 0.5000000000
46858  23.929  -20.988  45.441 0.5000000000
46859  23.701  -20.459  45.869 0.4000000060
46860  16.467  -23.277  46.656 0.1000000015
46866  16.505  -22.748  45.083 0.3000000119
46873  24.140  -22.010  44.957 0.5000000000
46889  17.259  -22.943  43.847 0.3000000119
46898  28.704  -22.990  42.644 0.5000000000
46946  30.521  -22.910  37.542 0.6999999881
46962  22.467  -22.379  35.482 0.3000000119
46971  22.039  -22.813  34.859 0.3000000119
47897  13.060  -21.595  49.290 0.1000000015
47899  12.506  -20.696  50.902 0.1000000015
47903  9.230  -21.532  50.487 0.1000000015
47908  8.070  -21.549  50.042 0.1000000015
47916  24.759  -20.843  46.967 0.5000000000
47918  23.852  -21.184  46.961 0.4000000060
47920  22.261  -20.788  47.021 0.4000000060
47924  24.521  -20.728  45.526 0.5000000000
47926  23.050  -21.143  46.631 0.4000000060
47927  15.259  -22.197  46.796 0.1000000015
47932  23.616  -21.509  45.168 0.5000000000
47935  15.282  -21.989  45.660 0.1000000015
47942  25.227  -21.735  44.776 0.5000000000
47960  15.260  -21.597  44.055 0.2000000030
47981  16.485  -21.362  41.688 0.3000000119
47996  30.279  -22.058  39.913 0.6000000238
47998  29.381  -21.372  39.638 0.6000000238
48025  23.971  -21.416  37.737 0.4000000060
48026  23.261  -21.075  37.505 0.4000000060
48029  20.542  -21.444  37.448 0.4000000060
48040  22.222  -21.309  36.695 0.4000000060
48952  13.260  -20.573  50.368 0.1000000015
48953  12.424  -20.413  50.810 0.1000000015
48958  8.375  -20.925  50.199 0.1000000015
48960  13.318  -20.871  49.402 0.1000000015
48963  7.026  -21.035  49.055 0.1000000015
48964  23.204  -20.116  47.613 0.4000000060
48965  22.637  -19.750  48.006 0.4000000060
48971  24.647  -20.677  47.087 0.3000000119
48972  22.527  -20.463  47.861 0.4000000060
48973  21.675  -20.254  47.810 0.4000000060
48975  20.012  -19.616  47.044 0.4000000060
48978  7.202  -20.243  47.645 0.1000000015
48981  21.489  -20.471  46.801 0.5000000000
48982  20.660  -20.172  46.475 0.4000000060
48992  20.604  -20.181  45.538 0.4000000060
48995  13.419  -20.279  45.704 0.2000000030
49015  27.152  -20.742  43.740 0.6000000238
49016  23.237  -21.070  43.389 0.5000000000
49018  21.782  -20.267  43.163 0.5000000000
49032  15.673  -20.629  42.515 0.3000000119
49067  21.963  -20.014  39.338 0.4000000060
49089  22.600  -20.541  37.995 0.4000000060
50156  12.486  -20.309  49.851 0.1000000015
50158  11.125  -20.029  49.549 0.1000000015
50162  12.742  -20.149  49.477 0.1000000015
50174  19.633  -18.680  47.889 0.4000000060
50176  12.804  -20.036  48.046 0.1000000015
50180  24.469  -20.259  47.062 0.4000000060
50181  23.847  -20.369  47.233 0.4000000060
50188  6.967  -20.242  48.428 0.1000000015
50194  9.102  -19.446  46.157 0.1000000015
50195  8.526  -19.520  46.697 0.1000000015
50197  24.686  -19.343  45.122 0.5000000000
50225  18.720  -19.340  42.938 0.3000000119
50242  16.368  -19.727  42.278 0.3000000119
50258  28.894  -19.579  41.028 0.6000000238
50259  28.634  -19.407  40.882 0.6999999881
50260  21.387  -19.686  40.591 0.4000000060
50460  23.788  -19.837  20.331 0.1000000015
51356  11.448  -19.659  49.013 0.1000000015
51358  10.135  -19.174  49.814 0.1000000015
51359  9.554  -19.610  50.035 0.1000000015
51366  18.943  -17.904  47.219 0.4000000060
51376  18.550  -17.891  47.186 0.5000000000
51379  11.432  -18.166  48.625 0.2000000030
51380  8.398  -18.410  48.137 0.1000000015
51410  13.199  -18.251  45.519 0.2000000030
51421  16.855  -18.518  44.911 0.3000000119
51431  28.524  -18.158  42.416 0.5000000000
51441  28.529  -18.066  42.118 0.6000000238
52498  10.211  -17.413  50.079 0.2000000030
52509  8.089  -18.163  49.637 0.1000000015
52514  19.930  -17.871  47.159 0.4000000060
52515  17.923  -17.139  47.344 0.4000000060
52516  17.491  -16.847  47.725 0.3000000119
52521  17.189  -17.287  47.450 0.4000000060
52527  25.540  -16.463  45.215 0.4000000060
52529  24.707  -17.679  45.382 0.4000000060
52531  15.415  -17.527  46.165 0.3000000119
52545  13.838  -17.748  45.508 0.3000000119
52547  10.627  -17.924  45.612 0.2000000030
52556  26.669  -17.043  44.198 0.5000000000
52562  28.336  -17.134  42.251 0.6999999881
52576  28.255  -18.096  41.621 0.6999999881
52577  28.182  -17.922  41.541 0.6000000238
52686  29.097  -16.364  31.637 0.6000000238
53608  9.759  -16.604  50.006 0.2000000030
53609  8.901  -16.951  49.816 0.1000000015
53627  12.492  -15.827  48.739 0.3000000119
53641  9.054  -16.908  48.521 0.2000000030
53658  26.173  -16.172  44.641 0.4000000060
53665  28.045  -16.091  43.090 0.6000000238
53666  27.976  -16.159  43.223 0.5000000000
53667  27.541  -16.247  43.683 0.5000000000
53682  14.977  -16.417  43.293 0.1000000015
53683  14.083  -16.398  43.209 0.1000000015
53702  12.701  -16.817  42.596 0.1000000015
53707  28.180  -16.989  41.909 0.6999999881
53716  16.368  -16.876  41.947 0.1000000015
53733  26.051  -16.097  39.026 0.6999999881
53752  25.867  -17.087  37.485 0.6999999881
53759  32.187  -15.926  35.972 0.8000000119
53778  31.011  -16.168  34.266 0.8000000119
53786  30.061  -16.053  33.246 0.6999999881
53804  29.582  -16.136  32.332 0.6999999881
53826  29.856  -16.313  31.728 0.6999999881
53848  28.383  -16.592  30.588 0.5000000000
54766  10.479  -16.095  49.803 0.2000000030
54777  11.388  -15.615  49.486 0.2000000030
54784  19.368  -15.165  48.607 0.4000000060
54786  14.023  -15.325  49.030 0.3000000119
54798  26.000  -15.525  44.859 0.4000000060
54811  12.422  -15.411  44.953 0.2000000030
54813  11.244  -16.046  46.135 0.2000000030
54819  27.652  -15.171  43.506 0.6999999881
54827  16.744  -15.539  44.167 0.1000000015
54835  27.977  -15.690  42.674 0.6000000238
54860  28.022  -16.394  41.771 0.6999999881
54861  28.294  -16.084  41.901 0.6999999881
54870  22.512  -15.982  40.313 0.1000000015
54914  33.557  -15.555  36.784 0.8000000119
54919  22.284  -15.123  36.551 0.1000000015
54957  29.955  -15.933  33.615 0.6999999881
54966  31.285  -16.064  32.613 0.8000000119
55898  15.022  -14.373  49.353 0.4000000060
55931  21.064  -13.790  46.365 0.1000000015
55952  12.419  -14.941  45.625 0.2000000030
55953  11.984  -14.842  46.168 0.2000000030
55957  27.785  -14.618  43.202 0.6000000238
55958  27.685  -14.466  43.394 0.6999999881
55963  19.121  -14.539  44.780 0.1000000015
55964  18.219  -14.730  44.718 0.1000000015
55974  27.734  -14.599  42.545 0.6000000238
56003  25.968  -15.006  39.707 0.6999999881
56022  22.355  -14.516  38.571 0.1000000015
56034  35.095  -14.184  37.297 0.6999999881
56287  27.816  -14.675  17.497 0.1000000015
56300  29.148  -14.275  16.762 0.1000000015
56314  31.445  -14.054  15.057 0.1000000015
56315  30.981  -14.416  15.372 0.1000000015
57022  16.213  -13.893  49.074 0.3000000119
57023  15.434  -13.897  49.213 0.3000000119
57027  12.335  -13.925  49.015 0.3000000119
57036  12.796  -13.708  48.630 0.3000000119
57040  19.781  -13.633  47.668 0.4000000060
57046  14.156  -13.369  48.326 0.3000000119
57062  15.433  -13.584  46.958 0.3000000119
57064  13.756  -13.711  46.979 0.3000000119
57079  16.034  -13.989  46.379 0.3000000119
57086  28.331  -13.099  43.529 0.6999999881
57108  27.038  -13.900  41.845 0.6999999881
57133  25.236  -13.557  39.005 0.6999999881
57229  28.314  -13.642  32.310 0.6000000238
57487  33.282  -13.680  14.182 0.1000000015
58197  14.765  -13.379  48.544 0.3000000119
58231  28.521  -12.872  43.559 0.6000000238
58232  28.109  -12.702  43.102 0.6999999881
58295  22.600  -12.267  38.002 0.1000000015
58309  25.767  -12.168  36.528 0.6999999881
58606  32.288  -12.454  15.410 0.1000000015
59349  28.349  -12.034  44.915 0.6999999881
59448  33.781  -11.361  35.816 0.5000000000
59452  31.066  -11.449  35.204 0.3000000119
59569  35.506  -11.606  21.237 0.6999999881
59668  34.520  -11.762  13.846 0.1000000015
60429  22.597  -10.618  39.962 0.1000000015
60452  25.777  -10.902  38.352 0.6999999881
60518  40.671  -10.347  30.990 0.8000000119
61434  23.743  -9.620  44.905 0.2000000030
61491  30.956  -8.653  41.033 0.6000000238
61492  30.924  -9.161  41.110 0.6999999881
61521  23.117  -9.425  39.766 0.2000000030
61522  22.733  -9.937  39.428 0.1000000015
61579  28.994  -9.199  34.430 0.3000000119
61607  41.780  -9.568  31.930 0.6000000238
61766  33.817  -9.928  17.086 0.2000000030
61797  34.170  -9.750  14.391 0.3000000119
62552  23.957  -8.572  43.862 0.1000000015
62561  29.001  -7.636  42.195 0.6000000238
62595  31.242  -8.740  40.440 0.6999999881
62609  30.960  -8.148  39.838 0.5000000000
62632  34.828  -8.151  37.052 0.3000000119
62693  42.378  -8.515  32.290 0.5000000000
62735  38.251  -8.261  30.095 0.1000000015
62911  35.189  -9.054  13.985 0.4000000060
63631  28.980  -7.162  42.194 0.5000000000
63633  25.026  -7.678  41.982 0.2000000030
63649  30.477  -7.653  40.102 0.5000000000
63674  37.430  -7.232  35.785 0.3000000119
63676  36.290  -7.638  36.230 0.3000000119
63695  38.165  -7.334  35.477 0.2000000030
63697  32.777  -7.127  36.750 0.3000000119
63698  31.795  -7.096  36.183 0.3000000119
63703  24.662  -7.947  36.415 0.1000000015
63844  40.835  -7.490  26.326 0.8000000119
63874  39.181  -7.578  23.909 0.6000000238
63987  39.163  -7.095  12.986 0.5000000000
63989  37.716  -7.215  13.656 0.5000000000
64757  27.393  -6.990  43.188 0.4000000060
64768  26.953  -6.799  43.043 0.4000000060
64769  26.442  -6.962  43.258 0.5000000000
64777  29.397  -7.089  41.642 0.5000000000
64779  27.859  -6.680  41.717 0.5000000000
64780  26.962  -6.695  42.109 0.4000000060
64787  29.036  -6.787  40.969 0.5000000000
64815  36.765  -7.273  36.127 0.3000000119
64829  34.710  -6.861  36.698 0.3000000119
64830  33.746  -6.862  36.761 0.3000000119
64885  36.588  -6.850  33.499 0.1000000015
64887  35.000  -6.962  33.965 0.1000000015
64888  31.235  -6.606  34.687 0.1000000015
64889  30.412  -6.615  34.484 0.1000000015
66042  42.961  -5.866  32.128 0.3000000119
66082  39.775  -5.512  29.518 0.1000000015
67201  42.019  -4.299  28.484 0.6999999881
68260  41.914  -3.508  31.967 0.3000000119
68274  42.587  -3.362  31.412 0.2000000030
71448  41.417  -0.116  31.675 0.2000000030
71501  37.000  -1.079  26.068 0.1000000015
72502  44.298  2.109  28.701 0.3000000119
73606  42.325  2.144  30.913 0.2000000030
73615  43.500  2.293  29.962 0.3000000119
73628  43.904  2.287  29.328 0.3000000119
73869  48.155  1.144  7.732 0.1000000015
73870  48.042  1.427  7.308 0.1000000015
74654  44.053  3.110  28.174 0.3000000119
74678  44.695  2.299  25.054 0.3000000119
82361  51.103  11.396  3.929 0.1000000015
84239  54.213  12.239  6.267 0.1000000015
84248  53.178  12.621  4.819 0.1000000015
85112  55.139  13.108  4.616 0.1000000015
85123  50.834  13.778  4.299 0.1000000015
85135  49.146  13.913  2.399 0.1000000015
85988  49.732  13.996  4.142 0.1000000015
85997  51.000  14.790  3.840 0.1000000015
127021  23.547  -22.601  26.859 0.1000000015
127090  22.503  -29.004  29.637 0.3000000119
127518  10.814  -17.961  49.346 0.2000000030
127532  37.298  -32.397  33.599 0.1000000015
128334  32.864  -6.907  36.484 0.3000000119
129486  22.544  -10.752  43.085 0.1000000015
130543  17.806  -19.306  42.736 0.3000000119
130774  26.558  -22.861  40.917 0.5000000000
131322  23.260  -19.276  24.493 0.2000000030
131380  18.746  -26.472  32.905 0.2000000030
131476  55.384  10.933  6.388 0.1000000015
132578  19.928  -26.399  30.571 0.2000000030
133103  21.229  -16.382  42.655 0.1000000015
133725  24.470  -8.115  42.291 0.2000000030
133756  17.014  -20.502  41.135 0.4000000060
134520  28.250  -26.907  41.409 0.5000000000
134564  11.079  -22.478  50.976 0.1000000015
134829  10.973  -20.792  51.080 0.1000000015
135346  23.505  -8.895  39.256 0.2000000030
135358  21.177  -18.969  48.360 0.4000000060
135416  23.657  -18.353  26.260 0.2000000030
135462  15.397  -21.228  43.138 0.2000000030
136098  16.101  -15.888  43.832 0.1000000015
136738  41.893  2.255  30.399 0.1000000015
136823  48.208  0.151  6.986 0.1000000015
137229  39.318  -1.839  31.114 0.1000000015
137648  33.522  -9.939  15.644 0.2000000030
137685  20.932  -21.216  37.238 0.4000000060
137695  25.468  -7.510  41.368 0.2000000030
137796  50.286  14.366  4.027 0.1000000015
137967  21.920  -18.284  46.641 0.4000000060
138237  13.030  -25.389  47.601 0.1000000015
138735  28.275  -18.457  41.308 0.8000000119
138946  20.751  -23.417  34.304 0.3000000119
138965  42.353  -7.199  32.724 0.2000000030
139073  26.278  -15.268  40.173 0.6999999881
139137  9.913  -22.213  50.691 0.1000000015
139352  13.376  -13.469  47.905 0.3000000119
139689  10.211  -21.032  50.727 0.1000000015
140416  23.051  -20.487  47.605 0.4000000060
140573  22.398  -18.048  46.498 0.4000000060
140597  35.746  -7.293  15.854 0.5000000000
140864  28.455  -6.760  40.085 0.3000000119
141413  31.546  -11.806  35.705 0.4000000060
141615  10.527  -20.474  50.152 0.1000000015
142037  29.845  -7.465  41.367 0.5000000000
142287  24.419  -8.222  38.803 0.2000000030
142339  21.350  -18.203  46.844 0.4000000060
142708  24.817  -7.887  38.369 0.2000000030
143560  10.526  -18.051  49.718 0.1000000015
143635  16.725  -21.109  41.145 0.4000000060
143969  15.728  -16.015  48.622 0.4000000060
144172  22.593  -16.362  43.490 0.1000000015
144362  18.648  -27.612  36.488 0.1000000015
145068  28.213  -13.435  43.830 0.6999999881
146623  26.020  -33.732  30.784 0.1000000015
146842  19.691  -24.654  33.261 0.3000000119
147044  28.233  -18.773  43.021 0.5000000000
147252  28.749  -9.573  34.937 0.2000000030
147571  11.000  -15.720  49.631 0.2000000030
147688  25.345  -19.226  44.716 0.5000000000
147999  18.691  -18.805  46.492 0.3000000119
148082  22.638  -11.538  38.232 0.1000000015
148106  8.250  -19.672  50.043 0.1000000015
148124  53.783  9.541  9.242 0.1000000015
148168  25.405  -14.963  31.457 0.5000000000
148260  10.972  -19.210  42.325 0.1000000015
148710  22.169  -19.296  48.184 0.4000000060
148887  13.294  -18.850  45.245 0.2000000030
149038  29.446  -20.218  41.470 0.6000000238
149269  11.093  -18.465  43.352 0.2000000030
149316  26.117  -10.949  37.952 0.6999999881
149653  27.633  -25.062  42.418 0.5000000000
149695  19.645  -20.433  39.358 0.4000000060
149770  26.986  -25.508  42.247 0.5000000000
149900  23.295  -23.289  35.387 0.4000000060
149940  27.460  -27.451  42.224 0.5000000000
150178  53.346  13.979  4.268 0.1000000015
150323  19.396  -26.513  38.448 0.2000000030
150947  32.941  -12.475  19.457 0.3000000119
151015  11.927  -14.742  49.284 0.3000000119
151791  24.237  -20.519  19.614 0.1000000015
151962  40.454  -7.793  34.252 0.3000000119
152109  33.561  -15.282  33.817 0.8000000119
152556  42.694  -13.436  14.904 0.1000000015
