#!ascii label  , from subject sub-v1s14x0051568_ses-1 vox2ras=TkReg
3763
38593  -19.528  -35.819  43.087 0.4444440007
38603  -19.027  -36.383  42.566 0.4444440007
38604  -19.928  -36.203  42.507 0.4444440007
37505  -20.287  -36.438  41.790 0.4444440007
38605  -20.869  -36.073  42.344 0.4444440007
38594  -20.502  -35.716  42.948 0.5555559993
37531  -19.786  -37.249  39.768 0.4444440007
37516  -20.100  -36.816  40.923 0.4444440007
38606  -21.846  -35.963  42.175 0.4444440007
37544  -21.297  -37.219  38.821 0.4444440007
128811  -20.612  -37.211  39.265 0.4444440007
38619  -22.213  -36.079  41.368 0.4444440007
36511  -21.324  -38.343  37.891 0.3333329856
36512  -21.860  -37.900  37.705 0.4444440007
128426  -22.114  -36.998  39.213 0.4444440007
37532  -21.445  -36.932  39.693 0.4444440007
35496  -21.900  -38.846  37.563 0.3333329856
37566  -23.274  -37.896  37.367 0.4444440007
128035  -21.947  -37.314  38.318 0.4444440007
137687  -23.439  -39.134  37.032 0.3333329856
36517  -22.554  -38.276  37.368 0.3333329856
34475  -25.787  -40.208  37.149 0.3333329856
35498  -24.219  -39.503  37.026 0.3333329856
39643  -18.805  -35.682  43.159 0.5555559993
40814  -18.667  -34.650  43.021 0.4444440007
40815  -19.327  -34.677  43.090 0.4444440007
39645  -20.261  -35.219  43.113 0.5555559993
39646  -21.846  -34.785  43.027 0.5555559993
41953  -22.082  -33.534  42.475 0.4444440007
37518  -22.651  -36.204  40.567 0.4444440007
38608  -23.109  -35.322  41.236 0.5555559993
39647  -22.667  -34.485  42.286 0.4444440007
129759  -23.070  -36.640  39.724 0.4444440007
150034  -23.027  -35.726  41.148 0.4444440007
39661  -23.401  -34.559  41.017 0.5555559993
129719  -22.820  -37.100  38.660 0.5555559993
37519  -23.571  -36.049  40.485 0.5555559993
39671  -23.834  -35.171  40.620 0.5555559993
39662  -23.656  -34.286  40.808 0.6666669846
36519  -23.922  -38.462  36.988 0.3333329856
37555  -23.490  -37.339  38.049 0.4444440007
37546  -24.774  -36.847  39.278 0.5555559993
38622  -24.523  -35.673  40.059 0.5555559993
39672  -24.218  -34.953  40.271 0.5555559993
140350  -24.673  -38.758  36.815 0.3333329856
137449  -24.773  -38.083  37.116 0.3333329856
135118  -26.245  -37.112  38.004 0.4444440007
38641  -25.859  -36.068  38.923 0.5555559993
39681  -25.434  -35.663  39.263 0.4444440007
36521  -26.395  -38.416  36.995 0.3333329856
37570  -27.425  -37.268  37.397 0.3333329856
40877  -25.891  -35.088  36.917 0.3333329856
41951  -19.586  -34.023  42.910 0.4444440007
138141  -20.937  -34.634  43.123 0.5555559993
41963  -20.385  -33.513  42.419 0.3333329856
150033  -20.863  -34.038  43.074 0.4444440007
40818  -22.396  -34.032  42.527 0.4444440007
43041  -21.693  -32.959  41.957 0.3333329856
43032  -21.810  -33.219  42.277 0.4444440007
41954  -22.725  -33.561  41.933 0.4444440007
43044  -23.450  -32.875  41.338 0.4444440007
40827  -23.954  -33.756  41.508 0.5555559993
41965  -24.025  -33.720  41.249 0.6666669846
134143  -24.778  -34.915  39.620 0.6666669846
40840  -24.260  -34.152  40.328 0.6666669846
41972  -23.980  -33.719  40.813 0.6666669846
49430  -38.533  -26.835  39.259 0.7777780294
49419  -39.145  -26.965  39.560 0.7777780294
142984  -25.634  -35.314  38.982 0.4444440007
134521  -25.496  -34.935  39.119 0.5555559993
49420  -40.090  -26.698  39.479 0.8888890147
40868  -26.687  -35.461  37.738 0.4444440007
44020  -22.139  -32.454  41.537 0.3333329856
44021  -22.686  -32.421  41.290 0.4444440007
43043  -23.157  -32.742  41.445 0.4444440007
44032  -24.322  -31.925  40.647 0.6666669846
43045  -23.956  -32.521  41.170 0.6666669846
47228  -33.805  -27.907  38.843 0.6666669846
43051  -23.997  -32.833  41.082 0.6666669846
47229  -34.304  -28.575  38.701 0.7777780294
147269  -24.444  -33.836  40.024 0.6666669846
141603  -24.121  -32.947  40.988 0.6666669846
47211  -36.336  -28.588  39.396 0.7777780294
48283  -36.973  -27.743  39.744 0.7777780294
48299  -37.745  -26.936  39.376 0.7777780294
43064  -24.427  -32.793  39.527 0.6666669846
128124  -37.958  -26.724  38.939 0.7777780294
49431  -39.392  -26.471  39.167 0.7777780294
51756  -41.746  -24.444  38.346 0.8888890147
51744  -41.994  -24.650  38.934 0.8888890147
40866  -25.168  -34.845  37.710 0.3333329856
40856  -24.478  -34.253  38.261 0.4444440007
50622  -39.645  -25.926  38.824 0.8888890147
40865  -24.315  -34.404  37.271 0.4444440007
42005  -23.855  -33.831  36.700 0.4444440007
49433  -41.630  -26.156  39.442 0.7777780294
45061  -22.509  -31.497  40.675 0.3333329856
45062  -23.106  -31.278  40.811 0.4444440007
44028  -21.579  -32.317  40.912 0.3333329856
44030  -22.645  -31.973  41.024 0.3333329856
45055  -23.770  -31.781  40.887 0.4444440007
44023  -23.612  -32.501  40.979 0.5555559993
44031  -24.144  -31.727  40.746 0.5555559993
43058  -24.902  -31.237  40.081 0.6666669846
43066  -25.109  -31.190  39.912 0.6666669846
46154  -33.945  -29.022  38.160 0.7777780294
43072  -24.849  -31.982  38.958 0.6666669846
43065  -24.799  -31.908  39.928 0.6666669846
45106  -34.872  -29.975  37.403 0.4444440007
46140  -35.644  -29.339  38.638 0.6666669846
47196  -36.287  -27.942  39.712 0.7777780294
48298  -37.045  -27.184  39.366 0.8888890147
41993  -24.270  -33.401  38.224 0.5555559993
43077  -24.355  -32.796  37.764 0.5555559993
41979  -24.327  -32.838  40.468 0.6666669846
150771  -35.559  -30.154  37.380 0.3333329856
49428  -36.447  -26.924  39.068 0.7777780294
49429  -37.218  -26.856  39.039 0.7777780294
43083  -24.203  -32.875  36.860 0.4444440007
137246  -24.740  -32.282  37.351 0.3333329856
44054  -36.981  -30.706  36.743 0.3333329856
49445  -36.749  -26.824  38.388 0.6666669846
49468  -37.322  -26.831  37.664 0.6666669846
49469  -38.256  -26.801  37.317 0.6666669846
50643  -39.474  -26.223  38.109 0.6666669846
148651  -40.741  -25.251  38.473 0.8888890147
52945  -42.211  -23.804  37.960 0.8888890147
40874  -23.710  -34.144  35.912 0.2222220004
132852  -24.447  -32.540  36.038 0.3333329856
49467  -36.833  -26.854  37.004 0.6666669846
49487  -37.589  -26.895  36.777 0.6666669846
49488  -38.515  -26.868  36.388 0.6666669846
49470  -39.234  -26.559  37.107 0.6666669846
50624  -42.051  -25.346  39.225 0.7777780294
51757  -42.459  -24.180  38.492 0.8888890147
42018  -23.854  -33.256  34.621 0.2222220004
43098  -24.413  -32.593  34.404 0.2222220004
151312  -38.898  -26.870  35.820 0.6666669846
49435  -43.311  -26.404  38.353 0.5555559993
50626  -43.598  -25.760  38.551 0.6666669846
51746  -43.773  -24.927  38.391 0.6666669846
51759  -44.248  -24.819  37.315 0.6666669846
43107  -24.388  -32.626  32.978 0.1111110002
50627  -44.094  -25.378  37.832 0.6666669846
46123  -24.035  -30.357  40.338 0.5555559993
46125  -24.933  -30.393  39.601 0.6666669846
46117  -24.379  -30.810  40.598 0.6666669846
45079  -25.297  -30.909  39.050 0.6666669846
47227  -33.034  -27.962  38.352 0.6666669846
48310  -33.401  -27.376  38.571 0.6666669846
46118  -24.734  -30.890  40.212 0.6666669846
44040  -25.491  -31.058  39.146 0.5555559993
46153  -33.263  -28.692  37.970 0.6666669846
43079  -25.631  -31.388  38.283 0.5555559993
45105  -34.048  -29.807  37.021 0.4444440007
48295  -34.680  -27.875  39.181 0.7777780294
45121  -33.713  -30.025  36.165 0.3333329856
45122  -34.607  -30.209  36.503 0.3333329856
49443  -34.830  -26.885  38.788 0.7777780294
43084  -25.173  -32.037  36.558 0.3333329856
146330  -34.603  -30.827  35.153 0.3333329856
45123  -35.505  -30.455  36.755 0.3333329856
49444  -35.781  -26.811  38.429 0.6666669846
52959  -42.201  -23.791  37.140 0.8888890147
52946  -42.894  -23.353  37.383 0.8888890147
54090  -43.377  -23.286  37.553 0.8888890147
43091  -25.978  -31.583  35.859 0.3333329856
44096  -35.076  -31.069  34.652 0.3333329856
44081  -36.271  -31.083  35.379 0.3333329856
49489  -39.347  -26.696  36.115 0.6666669846
50664  -40.022  -25.896  37.460 0.7777780294
50644  -40.643  -25.334  37.767 0.8888890147
51767  -41.663  -24.320  37.595 0.8888890147
52934  -42.904  -23.590  38.053 0.8888890147
52935  -43.666  -23.662  37.717 0.8888890147
54091  -43.868  -23.139  37.214 0.8888890147
43099  -25.232  -32.169  34.643 0.2222220004
44097  -36.290  -31.091  34.597 0.3333329856
129408  -44.148  -24.252  37.658 0.7777780294
52936  -44.248  -23.671  37.137 0.8888890147
52937  -44.754  -23.592  36.549 0.7777780294
143909  -24.825  -32.315  33.778 0.2222220004
43108  -25.441  -32.088  32.994 0.2222220004
134178  -44.370  -24.047  36.970 0.6666669846
43118  -24.759  -32.374  32.131 0.2222220004
47208  -24.778  -29.726  38.455 0.6666669846
47225  -25.391  -29.460  37.521 0.6666669846
48307  -25.416  -28.909  37.111 0.6666669846
46135  -23.916  -30.006  39.544 0.4444440007
46137  -24.890  -29.846  39.007 0.6666669846
134721  -25.848  -29.438  37.134 0.6666669846
47241  -31.844  -28.043  37.430 0.6666669846
48321  -31.612  -27.426  37.727 0.5555559993
153367  -25.540  -30.447  37.732 0.5555559993
46152  -25.767  -30.087  37.436 0.6666669846
46182  -32.241  -28.701  36.963 0.6666669846
48309  -32.597  -27.248  38.222 0.5555559993
45091  -25.755  -30.781  37.742 0.5555559993
145881  -32.942  -28.954  37.269 0.6666669846
131559  -26.848  -30.693  35.887 0.4444440007
44051  -26.304  -31.019  37.461 0.4444440007
46183  -32.924  -29.528  36.017 0.4444440007
46184  -33.359  -29.416  36.724 0.4444440007
49426  -34.443  -27.223  39.034 0.5555559993
43085  -26.153  -31.284  36.688 0.3333329856
45150  -33.355  -30.128  33.909 0.3333329856
45135  -33.190  -29.949  35.506 0.4444440007
49465  -34.985  -26.718  38.119 0.6666669846
129412  -26.571  -31.356  35.236 0.3333329856
44095  -34.484  -30.896  34.387 0.3333329856
49485  -36.022  -26.792  36.759 0.4444440007
54109  -43.517  -22.850  37.105 0.8888890147
54110  -44.109  -22.292  36.987 0.8888890147
43100  -26.361  -31.686  34.456 0.2222220004
44113  -34.121  -30.681  33.772 0.3333329856
142143  -34.873  -31.004  33.788 0.3333329856
128068  -36.110  -26.844  35.942 0.4444440007
134992  -39.981  -26.122  36.506 0.6666669846
51778  -41.679  -24.406  36.699 0.7777780294
54092  -44.470  -22.979  36.903 0.8888890147
43109  -26.416  -31.736  33.524 0.2222220004
44130  -35.102  -31.009  32.922 0.3333329856
44131  -35.952  -31.006  32.766 0.3333329856
128725  -37.207  -27.261  34.756 0.5555559993
49519  -38.632  -27.128  34.730 0.5555559993
50682  -40.030  -26.356  35.597 0.6666669846
54093  -45.081  -22.884  36.495 0.6666669846
138743  -25.726  -32.003  31.997 0.1111110002
44151  -35.416  -30.966  32.099 0.3333329856
145211  -36.115  -31.003  32.257 0.3333329856
43141  -25.347  -32.212  30.287 0.1111110002
43130  -26.015  -31.886  31.097 0.1111110002
44152  -36.212  -30.962  31.631 0.3333329856
153168  -25.741  -32.082  29.720 0.1111110002
47224  -24.996  -29.211  37.675 0.6666669846
48320  -30.468  -27.022  37.208 0.6666669846
47240  -31.083  -27.607  37.171 0.6666669846
48331  -30.423  -27.382  36.668 0.6666669846
46168  -26.284  -29.894  36.765 0.4444440007
46180  -26.682  -29.539  35.868 0.5555559993
47259  -31.287  -28.405  35.682 0.5555559993
47251  -31.566  -28.285  36.584 0.5555559993
45119  -26.744  -30.396  36.287 0.4444440007
46181  -27.189  -29.935  35.407 0.4444440007
131949  -31.628  -28.846  35.060 0.4444440007
44064  -26.777  -30.634  36.112 0.4444440007
45134  -27.572  -30.539  34.950 0.4444440007
46210  -31.795  -29.117  34.288 0.4444440007
46199  -32.523  -29.417  35.107 0.4444440007
44078  -27.136  -31.013  35.208 0.2222220004
44093  -27.660  -30.845  34.448 0.2222220004
141243  -27.832  -30.756  34.466 0.2222220004
45149  -32.578  -29.602  34.132 0.3333329856
142649  -43.250  -22.757  36.838 0.8888890147
54127  -43.465  -22.216  36.375 1.0000000000
151456  -27.076  -31.210  34.691 0.2222220004
43110  -27.923  -30.902  33.704 0.2222220004
45178  -32.639  -29.788  32.306 0.3333329856
45165  -33.564  -30.209  32.959 0.3333329856
52971  -42.121  -23.803  36.224 0.7777780294
52960  -42.695  -23.272  36.645 0.8888890147
137484  -27.112  -31.466  33.161 0.2222220004
137202  -27.833  -31.180  33.132 0.2222220004
44149  -34.046  -30.553  31.718 0.3333329856
144143  -34.023  -30.511  32.411 0.3333329856
51791  -41.703  -24.520  35.775 0.7777780294
54111  -44.819  -22.181  36.859 0.8888890147
55240  -44.630  -21.488  36.758 0.8888890147
43119  -26.477  -31.749  32.673 0.2222220004
43121  -28.304  -31.267  32.379 0.2222220004
128875  -34.068  -30.548  30.865 0.3333329856
142821  -45.091  -21.437  36.804 0.8888890147
135416  -26.758  -31.751  31.858 0.2222220004
130643  -27.848  -31.676  31.761 0.2222220004
129823  -34.642  -30.554  29.969 0.3333329856
44172  -34.913  -30.701  30.724 0.3333329856
54113  -45.718  -22.169  35.864 0.6666669846
149508  -45.417  -22.792  36.079 0.7777780294
43143  -27.405  -31.750  30.380 0.2222220004
54114  -45.858  -22.468  35.409 0.5555559993
47239  -25.755  -28.711  36.504 0.6666669846
47248  -26.483  -28.372  35.380 0.4444440007
48342  -28.124  -26.834  35.310 0.6666669846
46207  -27.468  -28.708  34.159 0.4444440007
48355  -27.780  -27.399  34.614 0.4444440007
48356  -28.634  -27.329  34.614 0.4444440007
48344  -29.998  -27.512  35.961 0.5555559993
46196  -27.536  -29.632  34.417 0.4444440007
150221  -28.594  -28.257  33.382 0.4444440007
47268  -29.199  -27.773  33.890 0.4444440007
47269  -30.227  -28.079  34.330 0.4444440007
46208  -27.911  -28.960  33.488 0.4444440007
138267  -31.224  -28.747  33.651 0.4444440007
45162  -28.463  -30.444  32.948 0.3333329856
45177  -31.816  -29.226  32.548 0.3333329856
45163  -31.833  -29.188  33.445 0.3333329856
52972  -42.636  -23.235  35.793 0.8888890147
130927  -42.986  -22.725  36.289 1.0000000000
44128  -28.928  -30.935  32.211 0.2222220004
152697  -28.736  -30.804  32.581 0.2222220004
45193  -31.785  -29.335  31.643 0.3333329856
55253  -43.941  -21.570  36.455 1.0000000000
55239  -44.205  -21.529  36.583 0.8888890147
135838  -28.339  -30.838  32.947 0.2222220004
149150  -32.640  -30.086  30.754 0.3333329856
43132  -28.829  -31.581  30.616 0.2222220004
43131  -28.730  -31.393  31.523 0.2222220004
44171  -33.205  -30.388  30.406 0.3333329856
55241  -45.503  -20.926  36.670 0.8888890147
43144  -28.210  -31.782  30.147 0.2222220004
147751  -29.278  -31.102  30.862 0.2222220004
44196  -33.819  -30.514  29.968 0.3333329856
54129  -45.954  -22.647  35.065 0.2222220004
135150  -46.212  -21.766  35.138 0.6666669846
54130  -46.344  -22.075  34.678 0.4444440007
48327  -25.742  -28.062  35.712 0.6666669846
130383  -26.197  -27.352  35.468 0.6666669846
152806  -29.796  -28.088  33.683 0.4444440007
46219  -28.329  -29.519  33.053 0.3333329856
47279  -28.639  -28.772  32.892 0.3333329856
47280  -29.420  -28.250  33.155 0.4444440007
46220  -30.401  -28.308  33.462 0.4444440007
46231  -28.807  -29.412  32.488 0.3333329856
46242  -29.475  -29.316  31.876 0.3333329856
134009  -30.040  -28.424  32.726 0.3333329856
46221  -30.922  -28.709  32.807 0.3333329856
45176  -29.260  -30.152  31.554 0.2222220004
46243  -29.934  -29.545  31.114 0.3333329856
46244  -30.863  -29.222  31.205 0.3333329856
55264  -43.657  -21.718  35.826 0.8888890147
56365  -44.391  -20.929  36.398 1.0000000000
45191  -29.525  -30.351  30.929 0.2222220004
45192  -30.050  -29.954  30.573 0.2222220004
45207  -31.059  -29.831  30.154 0.3333329856
131867  -44.659  -20.797  36.448 0.8888890147
149057  -29.183  -30.939  31.472 0.2222220004
45208  -32.335  -30.154  30.140 0.3333329856
56366  -45.500  -20.108  36.571 0.8888890147
45205  -29.805  -30.589  30.367 0.2222220004
45228  -30.966  -30.231  29.521 0.2222220004
56368  -46.224  -20.153  36.027 0.7777780294
44170  -30.097  -30.703  29.732 0.2222220004
55254  -46.477  -20.898  35.155 0.5555559993
55265  -44.054  -20.989  36.029 0.8888890147
56372  -44.464  -20.506  36.163 1.0000000000
56373  -44.829  -20.185  36.373 0.8888890147
130753  -45.125  -20.116  36.515 0.8888890147
56374  -46.601  -20.095  35.535 0.7777780294
138628  -47.414  -19.686  34.419 0.5555559993
57516  -48.433  -18.962  33.497 0.3333329856
56390  -48.458  -19.682  33.038 0.2222220004
56378  -44.319  -20.373  35.603 0.7777780294
57498  -44.698  -19.991  36.130 1.0000000000
57489  -45.265  -19.649  36.347 0.8888890147
146453  -45.641  -19.033  36.316 1.0000000000
57491  -46.030  -19.390  36.491 0.8888890147
139708  -46.494  -18.237  36.337 0.8888890147
58520  -47.124  -18.580  36.355 0.8888890147
58506  -46.909  -18.072  36.606 0.8888890147
58530  -47.674  -18.545  35.372 0.7777780294
57509  -47.959  -18.970  34.253 0.6666669846
57526  -48.850  -18.850  32.889 0.2222220004
56401  -49.760  -18.732  31.902 0.2222220004
57527  -49.410  -18.426  32.499 0.4444440007
57539  -50.411  -18.463  31.474 0.1111110002
58561  -50.530  -17.792  31.699 0.2222220004
57552  -50.758  -18.976  30.762 0.1111110002
57540  -50.984  -18.262  31.074 0.3333329856
57499  -45.072  -19.367  36.233 1.0000000000
58529  -45.135  -18.689  35.892 1.0000000000
134182  -45.720  -18.310  36.409 1.0000000000
59480  -46.920  -17.673  36.168 0.8888890147
58521  -47.292  -18.363  35.863 0.7777780294
138056  -47.765  -18.011  35.805 0.8888890147
58531  -48.152  -18.245  34.852 0.7777780294
138899  -48.350  -17.530  35.020 0.7777780294
58532  -48.737  -17.573  34.357 0.6666669846
59512  -49.195  -17.075  33.876 0.7777780294
58551  -49.625  -17.788  32.669 0.4444440007
58542  -49.246  -17.555  33.417 0.6666669846
58552  -50.201  -17.558  32.263 0.5555559993
142707  -50.068  -16.933  32.719 0.5555559993
58570  -51.360  -17.861  30.580 0.2222220004
58569  -51.193  -17.913  31.062 0.3333329856
57507  -44.740  -19.495  35.661 0.8888890147
59497  -45.637  -18.037  36.040 1.0000000000
60487  -46.555  -16.893  35.976 1.0000000000
60502  -46.147  -16.664  35.863 1.0000000000
60470  -46.907  -16.917  36.048 1.0000000000
59499  -47.938  -17.301  35.555 0.8888890147
61585  -47.453  -16.214  35.709 1.0000000000
59500  -48.358  -17.015  35.029 0.8888890147
61607  -47.909  -15.873  35.360 0.8888890147
60503  -48.638  -16.485  34.727 0.8888890147
60511  -49.647  -16.551  33.357 0.6666669846
58562  -50.982  -17.507  31.400 0.4444440007
59521  -50.508  -16.901  32.142 0.5555559993
59532  -51.337  -17.268  31.106 0.3333329856
59522  -50.966  -16.926  31.547 0.5555559993
59498  -46.065  -17.430  36.131 1.0000000000
61603  -46.604  -16.249  35.799 1.0000000000
61604  -46.910  -16.167  35.830 1.0000000000
61606  -47.500  -15.414  35.504 1.0000000000
61627  -48.464  -15.853  34.847 1.0000000000
142395  -48.751  -15.097  34.383 1.0000000000
61645  -49.265  -15.078  33.709 0.8888890147
61646  -49.770  -15.759  33.216 0.7777780294
60518  -50.628  -16.570  31.857 0.6666669846
61660  -50.106  -15.474  32.595 0.7777780294
60529  -51.266  -16.779  31.153 0.5555559993
62730  -46.736  -15.660  35.719 1.0000000000
62731  -46.942  -15.113  35.738 1.0000000000
63856  -47.425  -14.180  35.092 1.0000000000
141849  -48.299  -15.105  34.886 1.0000000000
62749  -48.837  -14.431  34.021 1.0000000000
141522  -49.669  -15.062  33.143 0.7777780294
133435  -50.936  -16.395  31.234 0.5555559993
61676  -50.371  -15.503  32.028 0.6666669846
61699  -50.914  -16.162  30.861 0.6666669846
65045  -47.587  -12.783  34.755 1.0000000000
65060  -46.945  -12.559  34.507 1.0000000000
62764  -49.407  -14.284  33.309 1.0000000000
152786  -48.595  -13.645  34.443 1.0000000000
62799  -49.942  -14.760  32.383 0.7777780294
62800  -50.345  -15.206  31.662 0.6666669846
62779  -49.728  -14.766  32.890 0.7777780294
62838  -50.691  -15.676  30.557 0.6666669846
62816  -50.609  -15.503  30.932 0.6666669846
128778  -47.131  -11.847  34.313 0.8888890147
63874  -48.658  -13.054  34.437 1.0000000000
65046  -48.179  -12.399  34.887 1.0000000000
63889  -49.419  -13.495  33.152 0.8888890147
65061  -48.948  -12.583  33.778 1.0000000000
66178  -48.850  -11.782  33.964 1.0000000000
136361  -49.869  -14.239  32.061 0.7777780294
65062  -49.302  -12.687  33.290 0.8888890147
66194  -49.136  -11.872  33.461 0.8888890147
63906  -49.645  -13.405  32.377 0.7777780294
65071  -49.488  -12.827  32.826 0.8888890147
138367  -50.476  -14.955  30.672 0.5555559993
62827  -50.329  -14.766  31.091 0.6666669846
61709  -50.711  -15.795  29.994 0.5555559993
62837  -50.556  -15.050  30.091 0.5555559993
62850  -50.472  -15.092  29.425 0.4444440007
63977  -51.039  -12.707  25.964 0.2222220004
65165  -51.931  -12.704  25.729 0.3333329856
63994  -51.201  -13.221  25.389 0.2222220004
136669  -52.047  -13.342  25.181 0.3333329856
66192  -47.432  -11.543  34.139 1.0000000000
67334  -47.986  -11.035  34.003 1.0000000000
67335  -48.616  -10.868  33.516 1.0000000000
66177  -48.957  -11.812  34.665 1.0000000000
67336  -49.049  -10.767  33.588 1.0000000000
143687  -49.423  -11.270  33.744 1.0000000000
67337  -49.212  -11.163  33.068 1.0000000000
66206  -49.503  -11.894  32.543 1.0000000000
67353  -49.432  -11.135  32.595 1.0000000000
63927  -49.907  -13.669  31.193 0.6666669846
65076  -49.632  -12.631  32.256 0.7777780294
65083  -49.750  -12.505  31.641 0.6666669846
66226  -49.871  -11.270  31.266 0.7777780294
67410  -52.838  -9.880  28.684 0.8888890147
152230  -53.117  -9.703  28.819 0.8888890147
63952  -50.323  -14.461  29.529 0.5555559993
63940  -49.925  -13.213  30.407 0.6666669846
66266  -52.090  -10.571  28.055 0.5555559993
67421  -52.765  -10.102  28.568 0.6666669846
61719  -50.175  -15.024  28.556 0.1111110002
62849  -50.128  -14.205  28.785 0.4444440007
63951  -50.071  -13.549  29.069 0.4444440007
66282  -51.562  -11.224  27.585 0.3333329856
66267  -53.162  -10.594  27.932 0.4444440007
144268  -50.007  -13.885  27.828 0.2222220004
63963  -50.165  -13.117  27.972 0.2222220004
65126  -51.074  -11.853  27.142 0.3333329856
66283  -51.912  -11.595  26.887 0.3333329856
141278  -52.489  -11.100  27.425 0.3333329856
67422  -53.677  -10.180  28.208 0.8888890147
153815  -50.208  -13.253  27.313 0.2222220004
63976  -50.585  -12.696  26.834 0.2222220004
65145  -51.422  -12.203  26.420 0.3333329856
65146  -52.335  -12.098  26.309 0.3333329856
65147  -53.269  -12.138  26.266 0.3333329856
66284  -53.480  -11.158  27.352 0.5555559993
63979  -53.651  -12.740  25.742 0.3333329856
63995  -52.956  -13.172  25.312 0.2222220004
67333  -47.523  -10.942  33.577 1.0000000000
139052  -49.108  -10.274  33.336 1.0000000000
68549  -49.366  -10.441  32.676 1.0000000000
66214  -49.724  -11.662  31.987 0.7777780294
130328  -52.252  -9.269  29.385 0.7777780294
65104  -50.045  -11.870  29.852 0.6666669846
66252  -50.706  -10.740  29.249 0.6666669846
67395  -51.213  -9.869  29.666 0.5555559993
65103  -50.003  -12.796  29.451 0.5555559993
67408  -51.665  -10.204  28.824 0.5555559993
67409  -52.275  -9.685  29.061 0.6666669846
67411  -53.579  -10.032  28.375 0.8888890147
66264  -50.808  -11.649  27.937 0.4444440007
66265  -51.183  -10.915  28.358 0.3333329856
67412  -53.992  -9.661  28.213 0.8888890147
65125  -50.587  -12.290  27.611 0.3333329856
139167  -53.932  -10.747  27.769 0.7777780294
66268  -54.082  -10.603  27.650 0.8888890147
67424  -54.404  -10.071  27.704 0.8888890147
65128  -53.832  -11.712  26.779 0.5555559993
66285  -54.294  -11.190  27.146 0.6666669846
65148  -54.158  -12.199  26.144 0.3333329856
63996  -53.919  -13.248  25.123 0.3333329856
144003  -53.478  -13.699  24.789 0.2222220004
63997  -54.505  -13.303  24.835 0.2222220004
62879  -54.106  -13.741  24.521 0.2222220004
67351  -47.523  -10.323  33.132 1.0000000000
69685  -48.659  -9.342  33.039 1.0000000000
69686  -49.050  -9.750  33.050 1.0000000000
145863  -49.646  -11.087  32.187 0.8888890147
148213  -51.197  -9.438  30.066 0.8888890147
67366  -49.937  -10.543  31.504 0.7777780294
66240  -50.190  -10.870  30.260 0.6666669846
67396  -51.674  -9.097  29.875 0.8888890147
69726  -52.625  -8.607  29.174 1.0000000000
68597  -53.097  -9.199  28.799 0.8888890147
68598  -54.103  -8.985  28.359 0.8888890147
150362  -54.631  -11.006  26.962 0.7777780294
67413  -54.413  -9.602  27.905 0.8888890147
149992  -54.449  -11.753  26.562 0.5555559993
66271  -55.423  -10.490  26.772 0.7777780294
67435  -56.703  -10.482  25.733 0.8888890147
139170  -54.823  -12.119  26.022 0.4444440007
65131  -55.879  -11.519  25.938 0.6666669846
143830  -56.081  -10.952  26.171 0.7777780294
65132  -56.456  -11.453  25.668 0.7777780294
63998  -55.010  -13.142  24.810 0.2222220004
63981  -55.303  -12.510  25.388 0.3333329856
65150  -55.718  -12.008  25.655 0.4444440007
65152  -56.987  -11.768  25.209 0.6666669846
66300  -57.026  -11.106  25.403 0.7777780294
62881  -55.208  -13.578  24.270 0.2222220004
62880  -54.702  -13.677  24.348 0.2222220004
62882  -55.651  -13.485  24.244 0.3333329856
68565  -47.927  -9.735  33.100 1.0000000000
69700  -48.703  -8.786  32.707 1.0000000000
70790  -49.084  -8.519  32.230 1.0000000000
70791  -49.432  -8.776  32.065 1.0000000000
141471  -49.183  -9.399  32.718 1.0000000000
70811  -50.128  -8.193  31.394 1.0000000000
68567  -49.925  -9.776  31.740 1.0000000000
70813  -50.884  -8.490  30.784 1.0000000000
71870  -51.073  -7.808  30.733 1.0000000000
68578  -50.602  -9.247  30.872 0.8888890147
69713  -50.832  -8.866  30.711 1.0000000000
148033  -51.570  -8.546  30.135 1.0000000000
71883  -51.653  -7.862  30.176 1.0000000000
67367  -50.693  -9.547  30.537 0.8888890147
132757  -51.227  -9.114  30.227 0.8888890147
141029  -51.891  -8.941  29.724 0.8888890147
69725  -52.069  -8.623  29.652 1.0000000000
67382  -50.426  -10.074  30.617 0.7777780294
69741  -52.989  -8.741  28.997 1.0000000000
70852  -53.407  -8.239  28.639 1.0000000000
69742  -53.716  -8.659  28.482 0.8888890147
69772  -54.851  -8.877  27.588 0.8888890147
69771  -54.474  -8.445  27.737 1.0000000000
67425  -55.080  -9.876  27.343 0.8888890147
67434  -56.172  -9.982  26.288 1.0000000000
69786  -56.259  -8.996  25.945 1.0000000000
68638  -56.708  -9.899  25.712 1.0000000000
68658  -56.904  -9.450  25.387 1.0000000000
70908  -56.944  -8.609  24.862 1.0000000000
63982  -55.923  -12.547  25.090 0.3333329856
65151  -56.379  -12.060  25.356 0.5555559993
65166  -57.366  -11.951  24.779 0.6666669846
137341  -57.563  -10.646  24.808 0.8888890147
67449  -57.273  -10.053  25.153 1.0000000000
68671  -57.565  -9.418  24.519 1.0000000000
62870  -56.027  -13.015  24.595 0.4444440007
64000  -57.478  -12.361  24.377 0.6666669846
66310  -57.476  -11.417  24.848 0.6666669846
67458  -57.724  -9.987  24.465 1.0000000000
61753  -55.282  -13.932  23.800 0.2222220004
61770  -55.820  -13.780  23.830 0.2222220004
66320  -58.293  -10.648  23.750 0.8888890147
149861  -55.350  -14.262  23.328 0.2222220004
131308  -56.166  -13.928  23.401 0.2222220004
61791  -55.859  -14.294  22.926 0.2222220004
70829  -49.274  -8.096  31.570 1.0000000000
70810  -49.563  -8.126  31.571 1.0000000000
71879  -49.843  -7.557  31.053 1.0000000000
71881  -50.739  -7.294  30.596 1.0000000000
71882  -51.244  -7.516  30.409 1.0000000000
132592  -52.116  -7.361  29.321 1.0000000000
70850  -52.682  -7.911  29.204 1.0000000000
72937  -51.673  -6.949  29.082 1.0000000000
71909  -52.746  -7.652  29.009 1.0000000000
70865  -53.799  -8.217  28.269 1.0000000000
71910  -53.135  -7.537  28.455 1.0000000000
71921  -53.759  -7.831  28.185 1.0000000000
70873  -54.021  -8.148  27.969 1.0000000000
70890  -54.778  -8.207  27.118 1.0000000000
70891  -55.243  -8.167  26.465 1.0000000000
70892  -55.839  -8.429  25.945 1.0000000000
69811  -57.406  -8.923  24.545 1.0000000000
63999  -56.984  -12.634  24.564 0.6666669846
62883  -56.585  -13.015  24.418 0.3333329856
62884  -57.224  -12.938  24.165 0.6666669846
68672  -58.061  -9.723  23.917 1.0000000000
138414  -58.081  -9.369  23.843 1.0000000000
61771  -56.909  -13.633  23.386 0.3333329856
64008  -57.835  -12.730  23.818 0.5555559993
136874  -58.616  -12.078  23.342 0.5555559993
66330  -58.713  -10.703  23.264 0.8888890147
68686  -58.451  -9.544  23.436 1.0000000000
61792  -56.714  -13.920  22.941 0.2222220004
61772  -57.520  -13.563  22.988 0.4444440007
62898  -58.249  -12.975  23.252 0.4444440007
146100  -59.062  -12.078  22.833 0.5555559993
149164  -59.254  -10.790  22.707 0.6666669846
61804  -56.486  -14.126  22.390 0.2222220004
62917  -58.824  -13.310  21.961 0.4444440007
64027  -59.179  -12.927  22.161 0.4444440007
65196  -59.822  -12.055  21.934 0.5555559993
66340  -59.760  -11.205  22.127 0.6666669846
62928  -58.857  -13.498  21.186 0.3333329856
147763  -59.453  -13.226  20.955 0.2222220004
62929  -59.796  -12.851  21.088 0.3333329856
62944  -58.590  -13.908  19.926 0.2222220004
69740  -48.643  -8.452  30.543 1.0000000000
70849  -49.750  -7.452  30.421 1.0000000000
146714  -50.451  -7.098  29.945 1.0000000000
71895  -50.842  -7.071  30.114 1.0000000000
72923  -51.294  -7.004  29.568 1.0000000000
71908  -50.994  -6.934  29.491 1.0000000000
72939  -52.658  -7.396  28.821 1.0000000000
72940  -52.958  -7.075  27.910 1.0000000000
71936  -54.243  -7.681  27.194 1.0000000000
72976  -54.184  -7.436  26.735 1.0000000000
71937  -55.041  -8.051  26.580 1.0000000000
72994  -54.688  -7.447  25.916 0.8888890147
72995  -55.104  -7.431  25.296 1.0000000000
70918  -56.821  -8.258  24.656 1.0000000000
71962  -55.607  -7.584  25.013 1.0000000000
70919  -57.469  -8.558  24.248 1.0000000000
70920  -58.126  -8.727  23.615 1.0000000000
69841  -58.723  -8.837  22.968 1.0000000000
67490  -59.264  -10.067  22.640 0.8888890147
69842  -59.258  -9.230  22.527 1.0000000000
66349  -60.187  -11.654  21.499 0.6666669846
67527  -60.159  -10.628  21.706 0.6666669846
67509  -59.707  -9.909  22.194 1.0000000000
152280  -59.185  -8.649  22.384 1.0000000000
64042  -59.710  -13.068  20.392 0.3333329856
65212  -60.157  -12.498  20.593 0.3333329856
66362  -60.380  -12.021  20.843 0.3333329856
67510  -60.247  -9.673  21.627 0.8888890147
69859  -60.286  -8.906  21.467 1.0000000000
62960  -59.208  -13.526  19.841 0.2222220004
64050  -59.667  -13.096  19.652 0.2222220004
151188  -60.375  -12.132  20.435 0.4444440007
66363  -60.612  -11.675  20.227 0.5555559993
67528  -60.774  -10.182  20.902 0.5555559993
68744  -60.684  -9.301  21.111 0.7777780294
62959  -59.181  -13.520  19.162 0.2222220004
129117  -59.908  -12.593  19.273 0.2222220004
65218  -60.300  -11.914  19.346 0.3333329856
66378  -60.862  -11.181  19.519 0.5555559993
67548  -61.003  -10.897  20.166 0.6666669846
64059  -59.561  -13.117  19.088 0.2222220004
71907  -50.324  -7.141  29.101 1.0000000000
72952  -51.527  -6.880  29.120 1.0000000000
139102  -51.879  -6.885  28.758 1.0000000000
140538  -52.673  -6.908  27.752 1.0000000000
129321  -53.199  -6.905  28.132 1.0000000000
72992  -53.764  -7.232  26.829 0.8888890147
129167  -53.789  -6.983  25.957 0.8888890147
73011  -54.828  -7.317  25.272 0.8888890147
73012  -55.523  -7.407  24.641 0.8888890147
71974  -56.620  -7.486  24.095 1.0000000000
71964  -57.083  -7.972  24.209 1.0000000000
70932  -57.749  -8.206  23.702 1.0000000000
70933  -58.337  -8.352  23.147 1.0000000000
153397  -58.981  -7.980  22.123 1.0000000000
72009  -59.444  -8.049  21.599 1.0000000000
69858  -59.708  -8.641  21.820 1.0000000000
70963  -59.964  -8.235  21.392 1.0000000000
69875  -60.347  -8.279  21.100 1.0000000000
138112  -61.260  -10.102  19.988 0.6666669846
68757  -61.108  -9.313  20.473 0.7777780294
148530  -59.572  -12.736  18.637 0.2222220004
66395  -60.454  -11.251  18.535 0.5555559993
67573  -60.973  -10.364  18.037 0.6666669846
68767  -61.432  -9.329  19.634 0.7777780294
68803  -60.987  -9.975  17.407 0.5555559993
73013  -56.026  -7.470  24.446 1.0000000000
73030  -56.173  -7.261  24.046 0.8888890147
71990  -56.861  -7.171  23.501 0.8888890147
71991  -57.687  -7.468  23.159 0.8888890147
71992  -58.385  -7.997  22.668 1.0000000000
72028  -58.761  -7.556  21.796 0.8888890147
72046  -59.758  -7.602  20.518 0.8888890147
72030  -60.016  -7.760  20.991 1.0000000000
69876  -60.753  -8.618  20.859 1.0000000000
69901  -61.506  -8.621  19.154 0.7777780294
134585  -61.235  -7.924  19.476 0.8888890147
144339  -60.871  -9.757  16.951 0.5555559993
69924  -61.438  -9.285  17.391 0.6666669846
67594  -60.294  -10.264  16.617 0.5555559993
72047  -60.233  -7.601  20.128 1.0000000000
69913  -61.672  -8.927  18.224 0.8888890147
71003  -61.261  -7.508  19.125 0.8888890147
68839  -60.755  -9.229  16.154 0.7777780294
69930  -61.474  -8.699  16.778 0.8888890147
139087  -61.680  -8.335  17.590 0.8888890147
68838  -60.303  -9.370  15.675 0.7777780294
72054  -60.290  -7.114  18.867 1.0000000000
71012  -61.101  -6.915  18.377 0.8888890147
69952  -60.536  -8.788  15.380 0.7777780294
71039  -61.324  -7.696  15.284 0.7777780294
72073  -61.555  -6.888  17.075 1.0000000000
71062  -61.068  -6.921  14.418 0.7777780294
73098  -60.300  -6.061  18.113 0.7777780294
73108  -60.403  -5.181  17.802 0.7777780294
72086  -61.542  -7.200  15.703 0.7777780294
74153  -60.861  -4.906  16.909 0.8888890147
148377  -61.268  -6.397  14.794 0.8888890147
152090  -61.102  -5.264  15.480 0.8888890147
73107  -60.024  -5.002  18.070 0.7777780294
147488  -60.465  -4.769  17.458 0.7777780294
75240  -59.733  -3.755  17.557 0.6666669846
74172  -61.160  -5.167  16.031 0.7777780294
75261  -60.099  -4.111  16.871 0.6666669846
75273  -60.508  -4.523  16.045 0.8888890147
134496  -59.410  -4.530  15.661 0.6666669846
74180  -60.310  -4.625  15.475 0.7777780294
74191  -59.784  -4.988  14.800 0.6666669846
73140  -57.713  -5.172  15.158 0.4444440007
74177  -56.612  -4.544  15.467 0.2222220004
132916  -56.396  -3.765  15.179 0.2222220004
74190  -56.227  -4.296  14.814 0.3333329856
75281  -56.303  -3.636  14.337 0.3333329856
76282  -57.020  -2.784  14.110 0.3333329856
75289  -57.027  -2.928  13.025 0.3333329856
75231  -59.579  -3.457  17.988 0.6666669846
147818  -59.984  -4.220  17.805 0.7777780294
75239  -59.287  -3.250  17.764 0.6666669846
75238  -58.423  -3.507  17.749 0.5555559993
75260  -59.494  -3.688  17.237 0.6666669846
75259  -58.682  -3.643  17.300 0.5555559993
74170  -59.032  -4.082  16.550 0.5555559993
74169  -57.982  -4.311  16.457 0.5555559993
74168  -57.030  -4.340  16.176 0.4444440007
140700  -58.345  -4.678  15.781 0.4444440007
74178  -57.441  -4.711  15.721 0.3333329856
147709  -56.495  -3.946  15.737 0.3333329856
76274  -56.603  -3.226  15.559 0.3333329856
75297  -57.117  -3.052  12.157 0.3333329856
74141  -57.700  -4.273  18.667 0.6666669846
75228  -57.194  -3.956  18.080 0.6666669846
75258  -57.332  -4.052  16.834 0.5555559993
143194  -56.610  -4.235  16.247 0.5555559993
76275  -56.854  -2.490  15.726 0.4444440007
76283  -58.009  -1.909  14.502 0.4444440007
140219  -57.168  -2.461  15.106 0.4444440007
138457  -57.750  -2.560  12.536 0.4444440007
74152  -56.640  -4.436  17.492 0.6666669846
141690  -57.443  -3.890  17.598 0.6666669846
75237  -56.640  -4.338  16.604 0.5555559993
76250  -56.011  -3.119  16.430 0.5555559993
76260  -56.434  -2.975  15.990 0.5555559993
77257  -56.342  -1.906  16.209 0.4444440007
77272  -57.176  -1.674  15.754 0.5555559993
77285  -57.680  -1.655  15.365 0.4444440007
76291  -57.821  -2.341  13.423 0.4444440007
76301  -58.510  -2.119  12.724 0.4444440007
76293  -59.141  -1.604  13.031 0.4444440007
131756  -58.674  -2.220  11.921 0.4444440007
143509  -57.768  -0.834  15.388 0.4444440007
78319  -58.566  -0.420  14.976 0.4444440007
76302  -59.251  -1.739  12.284 0.3333329856
76310  -59.356  -1.876  11.431 0.3333329856
77341  -60.536  -1.163  9.408 0.2222220004
78402  -61.520  -0.042  6.350 0.2222220004
152790  -62.115  -0.132  5.288 0.2222220004
141133  -62.300  0.160  5.069 0.2222220004
79382  -59.280  0.129  14.233 0.3333329856
78332  -59.507  -0.113  14.137 0.3333329856
78333  -59.998  -0.073  13.415 0.3333329856
77294  -59.447  -1.094  13.717 0.2222220004
77295  -60.022  -0.533  13.204 0.3333329856
77304  -60.215  -0.614  12.286 0.3333329856
77303  -59.723  -1.139  12.744 0.3333329856
76303  -59.850  -1.205  11.829 0.3333329856
76320  -60.053  -1.470  10.189 0.2222220004
77313  -60.371  -0.731  11.404 0.2222220004
77322  -60.873  -0.505  10.435 0.2222220004
78385  -61.260  -0.263  8.251 0.2222220004
79444  -61.447  0.252  7.371 0.2222220004
79445  -61.653  0.918  7.482 0.2222220004
142437  -61.701  0.600  6.542 0.2222220004
78403  -61.971  0.255  5.713 0.2222220004
79460  -62.278  0.720  5.383 0.2222220004
147443  -58.909  -0.098  14.676 0.3333329856
78339  -60.366  -0.174  12.622 0.2222220004
77305  -60.643  -0.225  11.792 0.2222220004
78355  -61.183  -0.082  10.775 0.2222220004
78365  -61.245  -0.187  10.208 0.2222220004
78376  -61.374  -0.183  9.389 0.2222220004
79435  -61.542  0.347  8.462 0.2222220004
80582  -62.229  1.209  5.751 0.2222220004
154398  -62.031  0.790  5.975 0.2222220004
137513  -62.485  1.234  4.986 0.2222220004
79467  -62.555  0.641  4.680 0.2222220004
79381  -58.987  0.114  14.470 0.3333329856
80499  -58.651  0.461  14.309 0.2222220004
80500  -59.230  0.531  13.971 0.1111110002
79383  -59.665  0.241  13.701 0.2222220004
80513  -59.702  0.755  13.098 0.2222220004
79393  -59.990  0.397  12.981 0.2222220004
79394  -60.450  0.616  12.305 0.2222220004
78340  -60.708  0.218  12.006 0.2222220004
79402  -60.879  0.805  11.798 0.2222220004
79409  -61.044  0.059  11.344 0.2222220004
78356  -61.320  0.335  10.975 0.2222220004
78366  -61.426  0.226  10.501 0.2222220004
79425  -61.650  0.570  10.149 0.2222220004
136991  -61.858  1.033  9.596 0.2222220004
140136  -61.651  0.438  9.463 0.2222220004
134254  -61.903  1.127  6.509 0.2222220004
80526  -60.740  1.144  11.867 0.2222220004
80527  -61.022  1.385  11.617 0.3333329856
79403  -61.168  0.958  11.450 0.2222220004
80533  -61.338  1.411  11.243 0.3333329856
81578  -61.572  1.992  10.937 0.2222220004
80542  -61.607  1.276  10.780 0.2222220004
80551  -61.795  1.149  10.270 0.2222220004
80559  -62.023  1.633  8.920 0.2222220004
80568  -61.822  1.543  7.935 0.3333329856
142950  -61.841  1.476  7.094 0.2222220004
140920  -62.429  1.785  5.361 0.2222220004
80577  -62.172  1.781  6.347 0.2222220004
80586  -62.799  1.281  4.176 0.2222220004
81640  -62.364  2.497  2.100 0.2222220004
82697  -61.881  2.858  1.865 0.2222220004
81564  -60.287  2.151  11.918 0.2222220004
81565  -60.776  2.270  11.630 0.2222220004
82615  -60.866  3.277  11.142 0.2222220004
81566  -61.171  2.101  11.407 0.3333329856
83567  -61.054  3.775  10.796 0.2222220004
82617  -61.336  2.940  10.901 0.3333329856
146998  -61.768  2.535  10.624 0.3333329856
83584  -60.955  4.482  9.798 0.2222220004
82625  -61.686  3.191  10.496 0.3333329856
81586  -62.111  2.694  9.995 0.3333329856
83578  -61.563  3.781  10.001 0.3333329856
82634  -62.018  3.553  9.738 0.3333329856
151873  -62.238  3.169  9.320 0.3333329856
130845  -62.191  3.820  8.989 0.3333329856
145903  -62.273  3.141  8.623 0.3333329856
138048  -62.041  2.090  7.321 0.3333329856
137279  -62.370  2.519  5.801 0.2222220004
81616  -62.517  2.511  4.860 0.2222220004
82657  -62.404  3.316  5.346 0.3333329856
132445  -62.305  4.083  5.828 0.3333329856
80594  -62.864  1.997  3.557 0.2222220004
81624  -62.589  2.606  3.891 0.2222220004
82665  -62.408  3.339  4.386 0.3333329856
81631  -62.557  2.628  2.935 0.2222220004
82683  -62.162  3.035  2.454 0.2222220004
83646  -61.163  4.606  2.306 0.2222220004
84613  -60.620  5.188  1.768 0.2222220004
85637  -60.568  6.249  1.603 0.2222220004
147212  -60.366  7.771  -0.276 0.2222220004
84546  -61.112  4.426  9.661 0.3333329856
83589  -62.040  4.438  8.615 0.3333329856
131328  -62.257  3.725  7.167 0.3333329856
82653  -62.313  3.448  6.242 0.3333329856
141150  -62.309  4.181  5.062 0.3333329856
83620  -62.208  4.230  4.133 0.3333329856
83624  -61.972  4.267  3.335 0.3333329856
83634  -61.612  4.336  2.764 0.2222220004
84591  -61.683  5.112  3.370 0.3333329856
84602  -61.376  5.221  2.824 0.2222220004
85638  -60.964  6.712  2.274 0.2222220004
86684  -60.557  7.214  1.343 0.2222220004
87626  -59.953  8.452  -1.574 0.2222220004
139421  -60.159  8.006  -1.181 0.2222220004
131613  -62.087  4.747  8.094 0.3333329856
83595  -62.159  4.690  7.489 0.3333329856
83610  -62.133  5.012  5.893 0.3333329856
131911  -62.093  5.091  4.918 0.3333329856
128027  -61.990  5.132  4.063 0.3333329856
129300  -61.473  5.909  3.331 0.3333329856
143457  -61.105  7.500  2.770 0.2222220004
88493  -60.319  9.146  1.121 0.2222220004
86685  -60.797  7.732  1.933 0.2222220004
89512  -60.008  9.704  0.155 0.2222220004
87613  -60.370  8.705  -0.126 0.2222220004
143130  -60.346  8.160  -0.564 0.2222220004
137141  -59.957  9.062  -1.169 0.2222220004
87612  -60.225  8.623  -0.809 0.2222220004
84565  -61.865  5.263  7.629 0.3333329856
83603  -62.239  4.436  6.607 0.3333329856
149770  -61.799  6.061  4.840 0.3333329856
84587  -58.191  5.920  4.766 0.2222220004
85606  -58.327  6.880  4.679 0.2222220004
86661  -57.852  7.324  4.097 0.2222220004
85607  -61.367  7.337  4.334 0.3333329856
86669  -58.274  8.075  3.960 0.2222220004
87571  -58.677  8.542  3.578 0.2222220004
134176  -61.284  7.452  3.577 0.2222220004
88483  -60.148  9.375  1.403 0.2222220004
88484  -60.315  8.996  1.997 0.2222220004
88476  -59.501  9.219  2.270 0.2222220004
88474  -58.648  9.111  1.525 0.2222220004
85586  -61.392  5.712  7.387 0.2222220004
85596  -61.063  6.595  6.467 0.2222220004
85587  -61.572  6.039  6.635 0.3333329856
84575  -62.028  5.327  6.829 0.3333329856
86649  -61.121  6.938  5.996 0.3333329856
84582  -61.845  5.809  6.208 0.3333329856
86648  -61.046  7.357  5.581 0.3333329856
85601  -61.531  6.492  5.734 0.3333329856
86655  -60.876  7.967  4.994 0.4444440007
85608  -61.444  7.013  4.975 0.3333329856
86663  -59.394  7.991  4.810 0.3333329856
88460  -60.196  8.331  4.305 0.2222220004
139913  -60.888  8.224  3.750 0.2222220004
86664  -61.083  7.701  4.809 0.2222220004
87566  -59.163  8.370  4.278 0.3333329856
142382  -59.860  8.709  3.698 0.2222220004
88469  -60.476  8.511  3.430 0.2222220004
87572  -60.780  8.423  3.380 0.2222220004
89476  -59.951  8.862  2.972 0.2222220004
88477  -60.384  8.724  2.779 0.2222220004
89489  -60.138  9.044  2.181 0.2222220004
87560  -60.603  7.914  4.920 0.3333329856
88455  -59.980  8.320  4.778 0.2222220004
88461  -60.596  8.054  4.475 0.2222220004
48294  -34.001  -27.421  38.989 0.6666669846
75314  -57.084  -3.374  10.888 0.3333329856
76300  -57.948  -2.663  11.763 0.3333329856
75305  -57.307  -3.119  11.481 0.3333329856
154096  -58.210  -2.380  12.225 0.4444440007
76292  -58.648  -1.767  13.650 0.3333329856
77287  -59.174  -0.585  14.508 0.4444440007
77293  -58.809  -1.306  14.347 0.5555559993
37504  -19.375  -36.729  41.679 0.4444440007
39644  -19.497  -35.204  43.151 0.5555559993
37506  -21.121  -36.371  41.364 0.4444440007
38595  -21.400  -35.510  42.700 0.5555559993
37543  -19.971  -37.799  38.847 0.4444440007
39659  -22.290  -35.239  42.386 0.5555559993
37517  -21.727  -36.488  40.551 0.4444440007
35490  -23.364  -39.900  37.499 0.3333329856
37567  -24.111  -37.683  37.473 0.4444440007
35500  -26.032  -39.333  36.837 0.3333329856
134008  -22.881  -34.960  41.821 0.5555559993
40819  -22.928  -33.889  41.913 0.4444440007
136221  -21.296  -33.542  42.812 0.4444440007
145237  -23.026  -35.072  41.273 0.5555559993
38621  -23.984  -35.652  40.534 0.5555559993
37545  -23.828  -37.023  39.073 0.5555559993
140572  -24.620  -35.922  40.162 0.5555559993
37556  -24.449  -37.210  38.284 0.5555559993
37534  -24.809  -36.214  39.860 0.5555559993
40835  -23.991  -34.371  40.583 0.6666669846
153896  -24.905  -37.528  37.643 0.4444440007
37535  -25.371  -36.472  39.290 0.5555559993
38633  -25.293  -35.998  39.604 0.4444440007
37568  -25.715  -37.712  37.369 0.3333329856
36522  -27.432  -38.244  37.071 0.3333329856
37559  -27.055  -36.812  37.733 0.3333329856
38648  -26.563  -36.317  38.131 0.5555559993
39687  -26.130  -35.810  38.540 0.4444440007
144524  -26.811  -36.034  37.853 0.4444440007
36524  -28.360  -38.799  36.733 0.3333329856
37560  -27.572  -37.109  37.186 0.3333329856
40867  -26.208  -35.084  37.893 0.4444440007
41952  -20.539  -33.743  42.846 0.4444440007
41962  -19.640  -33.657  42.224 0.3333329856
43031  -21.139  -33.324  42.507 0.3333329856
43042  -22.205  -32.886  41.712 0.4444440007
44019  -21.648  -32.667  41.495 0.2222220004
44015  -22.873  -32.864  41.753 0.4444440007
41955  -23.036  -33.297  41.803 0.4444440007
40847  -24.797  -34.440  39.222 0.5555559993
40858  -26.141  -35.228  38.446 0.4444440007
40857  -25.355  -34.851  38.571 0.3333329856
49432  -40.719  -26.081  39.410 0.8888890147
44022  -23.226  -32.452  41.149 0.4444440007
43057  -24.472  -32.044  40.660 0.6666669846
46155  -34.810  -29.306  38.225 0.7777780294
138125  -35.762  -28.919  39.160 0.7777780294
41987  -24.377  -33.638  38.994 0.4444440007
47210  -35.603  -28.311  39.351 0.7777780294
46127  -37.042  -28.930  39.317 0.6666669846
132103  -36.332  -29.285  39.026 0.6666669846
48297  -36.352  -27.392  39.361 0.7777780294
49446  -37.454  -26.794  38.467 0.6666669846
127969  -38.099  -26.746  38.171 0.6666669846
49447  -38.853  -26.529  38.700 0.7777780294
51766  -41.108  -24.847  37.233 0.8888890147
51755  -41.134  -24.766  38.109 0.8888890147
51745  -42.813  -24.720  38.917 0.7777780294
40876  -24.985  -35.019  36.800 0.3333329856
50623  -40.456  -25.538  38.995 0.8888890147
141672  -40.178  -25.694  38.340 0.8888890147
42011  -23.873  -33.289  35.921 0.4444440007
42000  -24.127  -33.600  37.528 0.4444440007
137718  -41.186  -25.581  39.247 0.8888890147
49434  -42.724  -26.187  39.204 0.5555559993
44029  -22.036  -32.075  40.906 0.3333329856
45064  -24.050  -31.249  41.007 0.5555559993
45072  -23.502  -30.765  40.523 0.5555559993
140330  -24.507  -31.098  40.743 0.6666669846
152794  -25.218  -31.027  40.291 0.6666669846
43073  -25.437  -31.250  39.172 0.5555559993
46170  -33.666  -29.192  37.440 0.6666669846
43078  -24.842  -32.121  38.080 0.4444440007
45092  -35.555  -29.934  37.995 0.5555559993
48296  -35.603  -27.593  39.325 0.7777780294
45107  -36.326  -30.281  37.399 0.3333329856
44053  -36.300  -30.778  36.623 0.3333329856
49427  -35.653  -26.966  39.154 0.6666669846
130635  -25.574  -31.639  37.442 0.4444440007
44067  -36.679  -31.023  36.161 0.3333329856
132836  -36.365  -26.801  37.625 0.6666669846
50642  -38.800  -26.610  37.871 0.6666669846
50645  -41.264  -24.973  38.879 0.8888890147
151832  -23.873  -33.237  35.262 0.2222220004
43089  -24.320  -32.664  35.214 0.2222220004
49486  -36.906  -26.934  36.210 0.6666669846
50625  -43.046  -25.388  39.069 0.6666669846
51758  -43.322  -24.190  38.327 0.6666669846
42027  -24.071  -32.930  33.779 0.2222220004
43090  -25.160  -32.110  35.586 0.3333329856
49504  -38.362  -27.011  35.533 0.6666669846
129211  -44.415  -24.634  36.669 0.6666669846
50646  -44.085  -25.133  37.070 0.5555559993
46124  -24.574  -30.389  40.034 0.6666669846
131781  -24.420  -30.027  39.712 0.5555559993
46126  -25.108  -30.502  39.007 0.5555559993
46136  -24.761  -30.059  39.308 0.6666669846
45073  -25.022  -30.901  39.595 0.6666669846
134260  -25.208  -31.096  39.774 0.6666669846
45080  -25.335  -30.582  38.311 0.5555559993
149118  -25.614  -30.917  38.500 0.5555559993
46169  -32.593  -28.331  37.677 0.6666669846
44045  -25.765  -31.080  38.177 0.4444440007
149998  -35.014  -27.243  39.127 0.6666669846
45136  -33.855  -30.255  35.319 0.3333329856
44065  -35.058  -30.790  35.930 0.3333329856
44066  -35.826  -31.009  36.094 0.3333329856
49466  -35.491  -26.722  37.554 0.6666669846
130961  -25.925  -31.829  35.167 0.3333329856
128788  -35.648  -31.100  34.228 0.3333329856
151752  -35.739  -31.090  34.872 0.3333329856
146073  -40.649  -25.550  36.866 0.8888890147
44115  -36.507  -31.072  33.335 0.3333329856
49502  -36.610  -27.000  35.373 0.5555559993
49503  -37.457  -27.119  35.495 0.6666669846
150618  -44.774  -23.874  36.295 0.7777780294
43129  -25.064  -32.240  31.247 0.1111110002
47209  -25.011  -29.824  38.076 0.6666669846
46151  -25.386  -30.024  37.746 0.6666669846
46138  -25.112  -30.184  38.444 0.5555559993
45104  -26.192  -30.547  37.062 0.4444440007
46198  -32.049  -29.036  36.038 0.4444440007
151874  -32.729  -29.118  36.583 0.5555559993
44052  -26.275  -30.912  37.397 0.5555559993
129598  -26.497  -30.816  36.750 0.5555559993
44079  -27.149  -30.576  35.448 0.4444440007
152989  -26.821  -31.079  37.014 0.4444440007
128085  -33.194  -30.048  34.775 0.3333329856
44094  -33.948  -30.461  34.549 0.3333329856
50663  -34.594  -26.589  37.458 0.6666669846
50695  -35.272  -26.712  36.078 0.4444440007
54128  -43.779  -22.202  36.746 1.0000000000
140577  -34.570  -30.774  32.303 0.3333329856
50683  -40.648  -25.724  35.945 0.7777780294
44150  -34.703  -30.751  31.520 0.3333329856
129714  -37.929  -27.292  34.960 0.6666669846
49505  -39.289  -26.857  35.267 0.6666669846
146878  -35.410  -30.866  31.344 0.3333329856
150790  -25.030  -29.007  37.620 0.6666669846
47249  -26.201  -29.025  36.323 0.6666669846
47250  -30.775  -27.934  36.273 0.5555559993
47258  -30.475  -28.015  35.347 0.4444440007
46197  -30.962  -28.390  34.933 0.4444440007
45120  -27.118  -30.514  35.673 0.4444440007
46195  -27.040  -29.054  34.890 0.4444440007
46209  -31.069  -28.566  34.281 0.4444440007
45148  -28.050  -30.279  33.920 0.3333329856
44112  -28.087  -30.801  33.804 0.2222220004
140595  -27.478  -30.710  34.884 0.4444440007
45164  -32.653  -29.681  33.225 0.3333329856
45195  -33.345  -30.302  31.181 0.3333329856
45179  -33.382  -30.249  32.003 0.3333329856
43120  -27.440  -31.520  32.514 0.2222220004
131694  -45.128  -20.789  36.686 0.8888890147
128516  -28.122  -31.749  30.967 0.2222220004
138791  -35.465  -30.600  30.058 0.3333329856
44198  -35.080  -30.476  29.323 0.2222220004
152438  -25.986  -28.286  35.908 0.6666669846
48341  -26.969  -27.227  35.107 0.5555559993
47266  -27.196  -28.078  34.570 0.4444440007
47267  -28.021  -27.935  33.922 0.4444440007
48343  -29.121  -27.075  35.643 0.6666669846
47257  -29.620  -27.568  34.900 0.4444440007
45175  -28.923  -30.177  32.228 0.2222220004
46233  -30.958  -28.994  31.977 0.3333329856
139435  -31.705  -29.623  30.684 0.3333329856
56367  -45.892  -20.149  36.509 0.8888890147
55242  -45.823  -21.124  36.170 0.7777780294
44193  -29.541  -31.237  29.408 0.2222220004
55243  -46.161  -21.290  35.595 0.6666669846
55255  -46.613  -21.194  34.697 0.5555559993
47291  -29.373  -28.714  32.470 0.3333329856
46232  -30.144  -28.726  32.167 0.3333329856
46252  -30.660  -29.610  30.597 0.2222220004
45206  -30.464  -30.106  30.133 0.2222220004
142776  -31.578  -30.047  29.995 0.2222220004
134715  -30.320  -30.869  28.945 0.2222220004
57490  -45.597  -19.497  36.406 0.8888890147
57492  -46.301  -19.260  36.328 0.8888890147
57501  -47.145  -19.149  35.452 0.7777780294
57500  -46.727  -19.182  35.966 0.7777780294
56375  -46.923  -20.074  34.899 0.5555559993
57508  -47.528  -19.030  34.930 0.6666669846
58505  -46.047  -18.830  36.438 0.8888890147
131701  -46.457  -18.668  36.384 0.8888890147
58519  -45.958  -18.019  36.309 1.0000000000
58507  -47.114  -17.917  36.101 0.8888890147
59481  -47.070  -17.556  36.072 1.0000000000
58522  -47.885  -17.958  35.525 0.7777780294
57517  -49.022  -18.230  33.151 0.5555559993
58541  -48.586  -18.205  33.953 0.5555559993
57528  -50.051  -18.090  32.124 0.1111110002
57554  -51.231  -18.354  30.596 0.2222220004
60471  -47.284  -16.950  35.904 1.0000000000
59511  -48.760  -17.063  34.565 0.8888890147
58543  -49.834  -17.314  32.728 0.6666669846
59517  -49.618  -17.083  33.225 0.6666669846
58553  -50.573  -17.252  31.904 0.5555559993
59510  -45.654  -17.338  35.567 1.0000000000
61584  -47.189  -16.578  35.869 1.0000000000
60488  -47.697  -16.709  35.706 1.0000000000
60489  -48.149  -16.556  35.218 0.8888890147
140757  -47.853  -15.103  35.198 1.0000000000
60504  -49.044  -16.515  34.052 0.8888890147
61628  -48.910  -15.841  34.236 0.8888890147
60517  -50.259  -16.354  32.572 0.7777780294
133051  -49.372  -15.956  33.731 0.8888890147
60530  -51.426  -17.154  30.855 0.3333329856
60524  -50.854  -16.474  31.445 0.5555559993
62733  -47.623  -14.649  35.202 1.0000000000
62732  -47.215  -14.879  35.524 1.0000000000
62748  -48.570  -14.264  34.520 1.0000000000
62763  -49.091  -14.137  33.684 1.0000000000
61661  -50.547  -16.076  31.949 0.6666669846
129881  -51.162  -16.518  31.035 0.5555559993
63873  -47.289  -13.712  34.902 1.0000000000
65032  -47.818  -13.354  34.872 1.0000000000
63857  -47.981  -13.878  34.982 1.0000000000
63875  -48.778  -13.596  33.998 1.0000000000
61677  -50.652  -15.969  31.509 0.6666669846
61687  -50.717  -15.914  31.226 0.6666669846
135800  -47.770  -12.043  34.719 1.0000000000
65044  -47.158  -13.103  34.769 1.0000000000
140905  -49.579  -14.205  32.910 0.8888890147
63888  -49.124  -13.370  33.611 1.0000000000
63858  -48.391  -13.698  34.740 1.0000000000
138610  -48.861  -12.984  34.020 1.0000000000
63898  -49.609  -13.811  32.658 0.8888890147
62815  -50.119  -14.525  31.509 0.6666669846
66193  -47.759  -11.611  34.428 1.0000000000
65048  -48.814  -12.424  34.334 1.0000000000
147826  -48.261  -11.642  34.773 1.0000000000
67319  -49.240  -11.363  34.175 1.0000000000
66195  -49.405  -12.200  32.865 1.0000000000
63916  -49.780  -13.523  31.842 0.7777780294
145592  -50.238  -14.099  30.046 0.6666669846
67318  -48.702  -11.497  34.328 1.0000000000
129529  -48.172  -10.577  33.480 1.0000000000
68545  -48.217  -9.770  33.144 1.0000000000
68547  -49.149  -10.160  33.432 1.0000000000
136458  -49.521  -10.562  32.427 1.0000000000
131110  -50.187  -14.239  30.753 0.6666669846
65093  -49.834  -12.237  30.864 0.6666669846
68586  -52.601  -8.963  29.165 0.8888890147
65127  -52.866  -11.593  26.815 0.3333329856
130908  -50.132  -13.547  26.843 0.2222220004
148628  -49.103  -9.890  32.968 1.0000000000
66251  -50.426  -11.644  28.841 0.4444440007
65115  -50.281  -12.433  28.442 0.4444440007
66270  -54.898  -10.428  27.197 0.7777780294
65129  -54.684  -11.614  26.494 0.5555559993
63980  -54.541  -12.773  25.462 0.3333329856
69711  -48.563  -8.746  32.545 1.0000000000
69702  -49.553  -9.383  32.225 1.0000000000
68577  -49.860  -10.186  31.788 1.0000000000
71884  -52.210  -7.788  29.609 1.0000000000
69760  -54.246  -8.793  28.193 0.8888890147
66286  -55.359  -10.981  26.550 0.5555559993
67426  -55.576  -9.879  26.880 0.8888890147
150869  -57.192  -10.594  25.295 1.0000000000
65149  -55.249  -11.926  25.947 0.5555559993
62869  -55.526  -13.040  24.703 0.2222220004
69712  -50.153  -9.058  31.611 1.0000000000
71868  -50.172  -7.604  31.130 1.0000000000
71869  -50.872  -7.962  31.010 1.0000000000
71897  -51.702  -7.415  29.783 1.0000000000
68623  -55.604  -9.416  26.799 1.0000000000
69785  -55.289  -8.620  26.858 1.0000000000
70907  -56.241  -8.247  25.228 1.0000000000
66311  -57.921  -11.020  24.272 1.0000000000
64009  -58.312  -12.540  23.454 0.5555559993
65178  -58.336  -11.399  23.717 0.6666669846
69812  -57.860  -9.055  24.029 1.0000000000
67471  -58.481  -10.053  23.466 0.8888890147
70862  -49.112  -7.931  30.074 1.0000000000
71935  -53.603  -7.355  27.451 1.0000000000
70906  -55.589  -8.132  25.933 1.0000000000
69825  -58.369  -9.164  23.488 1.0000000000
64018  -58.767  -12.596  22.833 0.4444440007
146549  -58.906  -10.197  22.980 1.0000000000
68708  -59.257  -9.558  22.582 1.0000000000
68707  -58.803  -9.337  22.994 1.0000000000
61805  -57.397  -13.738  22.362 0.2222220004
62906  -58.169  -13.439  22.464 0.4444440007
62907  -58.591  -13.097  22.606 0.4444440007
64019  -59.368  -12.384  22.323 0.4444440007
65187  -59.406  -11.690  22.508 0.4444440007
61821  -58.160  -13.621  21.765 0.3333329856
64028  -59.655  -12.657  21.710 0.3333329856
62945  -59.116  -13.511  20.495 0.2222220004
61845  -58.467  -13.829  20.538 0.2222220004
136387  -58.632  -13.955  19.225 0.2222220004
152868  -53.712  -7.316  27.124 1.0000000000
150649  -58.841  -8.370  22.547 1.0000000000
68729  -59.733  -9.284  22.043 1.0000000000
66350  -60.582  -11.250  20.921 0.5555559993
70949  -59.377  -8.320  21.994 1.0000000000
65217  -60.072  -12.587  19.920 0.2222220004
147260  -60.555  -11.657  19.639 0.5555559993
65229  -60.013  -11.969  18.704 0.3333329856
66396  -60.645  -11.237  19.003 0.5555559993
67572  -60.972  -10.756  18.774 0.5555559993
67561  -61.183  -10.601  19.383 0.6666669846
72991  -52.998  -6.921  27.102 0.8888890147
72007  -58.080  -7.613  22.537 0.8888890147
72029  -59.454  -7.821  21.307 0.8888890147
68768  -61.530  -9.509  18.796 0.6666669846
69886  -61.150  -8.417  20.105 0.8888890147
65245  -59.572  -12.153  18.076 0.3333329856
68785  -61.342  -9.789  18.016 0.6666669846
149000  -56.282  -7.065  23.600 0.8888890147
133772  -57.289  -7.086  22.963 0.8888890147
70977  -60.770  -8.195  20.515 1.0000000000
147537  -61.469  -7.863  18.598 0.8888890147
70991  -60.827  -7.848  20.003 1.0000000000
68821  -60.993  -9.504  16.743 0.6666669846
67617  -60.342  -9.792  16.287 0.6666669846
67639  -60.147  -9.652  15.732 0.5555559993
72048  -60.610  -7.586  19.636 1.0000000000
72055  -60.628  -6.962  18.601 0.8888890147
71028  -61.575  -8.079  16.063 0.8888890147
71019  -61.703  -7.797  16.938 0.8888890147
72065  -61.497  -7.331  17.753 0.8888890147
72072  -61.192  -6.380  17.681 0.8888890147
69951  -60.496  -8.359  14.899 0.7777780294
71051  -61.114  -7.265  14.766 0.7777780294
132622  -61.666  -7.327  16.409 0.8888890147
73116  -61.516  -6.457  16.337 0.7777780294
73115  -60.913  -5.491  17.422 0.8888890147
72063  -60.064  -6.058  18.259 0.8888890147
73130  -61.382  -5.805  15.933 0.7777780294
75241  -60.267  -4.336  17.210 0.7777780294
73153  -60.989  -5.699  14.536 0.8888890147
73106  -59.686  -5.215  18.294 0.7777780294
74171  -59.909  -4.148  16.349 0.6666669846
74179  -58.694  -5.087  15.012 0.4444440007
73139  -57.014  -5.132  15.196 0.2222220004
73148  -56.444  -5.117  14.688 0.3333329856
75230  -58.997  -3.297  18.266 0.6666669846
75272  -56.473  -3.807  15.991 0.3333329856
77286  -58.523  -1.134  14.994 0.5555559993
148691  -56.878  -4.190  17.283 0.5555559993
76251  -56.303  -3.328  16.240 0.5555559993
76259  -55.874  -2.415  16.389 0.4444440007
77258  -56.517  -2.178  16.137 0.4444440007
78309  -56.927  -1.448  15.863 0.4444440007
77273  -58.124  -0.985  15.317 0.5555559993
76309  -58.676  -2.459  11.137 0.3333329856
75306  -57.953  -3.033  10.990 0.3333329856
78318  -57.061  -0.789  15.562 0.4444440007
77274  -58.732  -0.587  14.952 0.4444440007
76311  -59.974  -1.366  10.964 0.3333329856
76319  -59.388  -2.083  10.462 0.3333329856
77333  -60.925  -0.649  9.808 0.2222220004
77342  -60.925  -0.755  8.991 0.2222220004
78395  -61.113  -0.352  7.154 0.2222220004
77288  -59.740  -0.415  13.909 0.2222220004
77321  -60.476  -0.875  10.648 0.2222220004
77332  -60.533  -1.038  10.019 0.2222220004
77314  -60.821  -0.356  11.051 0.2222220004
77355  -60.818  -0.815  7.938 0.2222220004
78377  -61.500  0.149  10.013 0.2222220004
131263  -61.755  0.958  8.663 0.2222220004
80501  -59.475  0.507  13.706 0.2222220004
136806  -62.066  1.764  9.764 0.3333329856
137408  -61.858  1.877  10.421 0.2222220004
138283  -61.418  2.641  10.971 0.2222220004
133314  -62.232  2.433  9.172 0.3333329856
150103  -62.112  2.284  8.280 0.3333329856
140586  -62.659  1.874  4.484 0.2222220004
81653  -62.086  2.202  1.489 0.2222220004
151688  -61.880  3.239  2.231 0.2222220004
82682  -61.532  3.599  2.171 0.2222220004
82605  -60.747  2.780  11.473 0.2222220004
82606  -61.106  2.593  11.323 0.2222220004
83566  -60.961  3.896  10.824 0.1111110002
82624  -60.797  4.008  10.412 0.1111110002
83577  -61.214  4.002  10.210 0.2222220004
83585  -61.996  3.875  9.269 0.3333329856
130808  -62.221  4.012  8.145 0.3333329856
133318  -62.228  2.985  7.707 0.3333329856
133317  -62.230  2.702  6.742 0.3333329856
138072  -62.287  3.370  3.330 0.2222220004
83635  -61.939  3.607  2.648 0.2222220004
84614  -60.996  5.625  2.298 0.2222220004
86721  -60.229  7.626  -0.824 0.2222220004
86703  -60.412  7.567  0.409 0.2222220004
85653  -60.281  6.875  0.686 0.2222220004
84592  -61.708  5.944  3.978 0.3333329856
142142  -61.224  5.995  2.789 0.2222220004
85623  -61.290  6.687  3.111 0.2222220004
144422  -60.881  7.941  2.388 0.2222220004
86704  -60.542  8.008  1.010 0.2222220004
146759  -61.912  5.769  5.571 0.3333329856
85614  -61.507  6.674  3.818 0.2222220004
86675  -61.033  8.150  3.182 0.2222220004
87583  -60.552  8.560  1.711 0.2222220004
89500  -60.030  9.704  0.895 0.2222220004
88506  -60.172  9.264  -0.237 0.2222220004
86656  -61.089  7.352  5.433 0.3333329856
86670  -61.065  8.065  4.057 0.2222220004
88458  -59.438  8.722  3.707 0.2222220004
88466  -59.094  8.882  3.008 0.2222220004
143090  -59.863  9.751  1.137 0.2222220004
141765  -59.029  9.627  0.921 0.2222220004
49472  -44.340  -25.309  36.209 0.1111110002
50647  -44.511  -24.670  36.366 0.2222220004
51761  -44.881  -23.833  36.121 0.3333329856
52947  -45.129  -23.424  36.109 0.5555559993
49490  -44.389  -25.632  35.725 0.1111110002
51779  -45.435  -24.460  35.276 0.1111110002
131724  -45.307  -24.300  35.360 0.2222220004
52948  -45.356  -22.971  35.944 0.5555559993
49491  -44.880  -25.282  35.425 0.1111110002
50684  -44.918  -24.845  35.626 0.1111110002
150573  -45.609  -24.072  35.165 0.2222220004
51780  -45.575  -23.726  35.239 0.2222220004
49436  -43.789  -25.842  37.740 0.4444440007
49448  -43.387  -26.249  37.570 0.4444440007
49449  -43.691  -25.598  37.102 0.4444440007
48333  -43.677  -26.057  36.085 0.2222220004
49471  -43.729  -25.669  36.617 0.1111110002
153167  -43.589  -26.946  34.989 0.1111110002
48357  -43.921  -27.049  34.354 0.1111110002
49506  -44.417  -26.087  34.903 0.1111110002
49521  -44.753  -26.186  34.102 0.1111110002
50710  -45.613  -24.903  34.814 0.1111110002
47270  -44.262  -27.996  33.500 0.1111110002
47281  -44.539  -27.693  33.410 0.1111110002
49536  -45.200  -26.171  33.354 0.1111110002
45154  -46.719  -29.616  33.356 0.1111110002
46212  -46.172  -29.285  33.135 0.1111110002
48366  -45.832  -27.903  32.674 0.1111110002
47243  -42.642  -26.877  36.712 0.2222220004
149994  -42.058  -27.856  36.206 0.2222220004
47252  -42.484  -27.397  36.184 0.2222220004
45127  -42.510  -28.629  34.758 0.2222220004
47261  -43.454  -27.544  34.569 0.1111110002
45151  -43.915  -29.287  33.356 0.1111110002
45141  -44.536  -28.925  33.152 0.1111110002
153392  -45.683  -30.335  32.060 0.1111110002
152512  -44.993  -29.187  32.782 0.1111110002
45152  -45.838  -29.230  32.916 0.1111110002
45153  -46.465  -29.847  33.135 0.1111110002
35453  -16.654  -39.174  41.412 0.3333329856
49421  -41.092  -26.806  39.542 0.7777780294
48300  -41.432  -27.623  39.368 0.6666669846
48301  -42.193  -27.704  39.031 0.4444440007
46160  -41.662  -27.793  36.918 0.2222220004
46186  -41.875  -28.397  35.708 0.2222220004
52994  -42.315  -24.045  34.228 0.5555559993
54155  -43.256  -22.497  34.343 0.5555559993
149521  -43.495  -21.881  35.053 0.7777780294
56384  -44.115  -20.714  34.540 0.5555559993
45139  -42.449  -29.144  34.484 0.1111110002
147074  -41.937  -28.851  35.084 0.2222220004
134000  -42.286  -24.341  33.382 0.3333329856
132865  -42.864  -23.389  33.808 0.5555559993
54167  -43.712  -22.105  33.511 0.5555559993
44138  -44.391  -30.022  32.141 0.1111110002
44102  -43.671  -29.714  33.225 0.1111110002
44118  -45.153  -29.912  32.278 0.1111110002
130946  -15.356  -38.117  43.189 0.2222220004
36480  -16.254  -38.704  41.898 0.3333329856
152906  -14.043  -37.008  43.244 0.1111110002
38601  -13.933  -36.813  42.999 0.1111110002
38616  -14.005  -36.879  42.301 0.1111110002
47213  -39.884  -28.690  39.212 0.3333329856
46157  -40.485  -29.029  37.924 0.2222220004
45097  -40.344  -28.732  37.016 0.2222220004
47230  -41.503  -28.447  38.101 0.2222220004
45125  -40.981  -29.186  35.715 0.2222220004
148756  -40.839  -28.556  36.654 0.2222220004
50697  -40.676  -25.903  35.040 0.5555559993
51777  -41.121  -24.999  36.301 0.6666669846
58539  -44.860  -18.823  34.940 0.6666669846
44072  -40.975  -29.647  35.325 0.2222220004
45113  -41.070  -28.717  36.125 0.2222220004
51803  -41.259  -25.392  34.482 0.4444440007
51804  -41.774  -24.674  34.838 0.4444440007
56389  -44.086  -21.217  33.583 0.5555559993
57515  -44.555  -19.844  34.764 0.5555559993
140790  -41.500  -29.787  34.723 0.2222220004
44073  -41.400  -29.371  35.187 0.2222220004
51827  -41.233  -25.731  32.845 0.3333329856
51828  -41.785  -25.042  32.923 0.4444440007
53006  -42.415  -24.399  32.550 0.3333329856
138146  -43.211  -23.254  32.730 0.3333329856
149475  -44.551  -20.971  32.786 0.5555559993
55308  -44.970  -20.779  32.012 0.5555559993
148991  -43.615  -30.147  32.430 0.1111110002
44100  -42.233  -29.898  34.083 0.1111110002
153294  -40.974  -25.899  31.782 0.2222220004
53017  -42.531  -24.435  31.591 0.2222220004
53007  -42.937  -23.806  32.198 0.3333329856
54177  -43.573  -23.168  31.831 0.3333329856
138008  -44.586  -21.548  32.007 0.3333329856
44157  -43.061  -30.270  32.068 0.1111110002
133229  -41.464  -25.547  32.082 0.2222220004
51840  -41.825  -25.037  31.397 0.2222220004
151004  -43.160  -23.899  30.099 0.1111110002
54189  -44.080  -22.699  31.065 0.1111110002
55333  -44.540  -22.353  30.510 0.1111110002
37514  -17.797  -37.529  41.204 0.3333329856
37529  -18.376  -37.629  40.440 0.3333329856
140016  -18.602  -37.145  41.157 0.3333329856
37497  -16.179  -37.427  43.164 0.2222220004
37502  -16.579  -37.699  42.362 0.3333329856
36485  -17.844  -38.248  40.497 0.3333329856
37530  -18.915  -37.695  39.790 0.3333329856
38589  -15.594  -37.116  43.431 0.2222220004
36477  -15.717  -38.671  42.513 0.2222220004
36481  -16.738  -38.379  41.601 0.3333329856
134450  -14.985  -37.120  43.547 0.2222220004
38588  -14.650  -36.817  43.234 0.2222220004
38617  -14.800  -36.583  41.724 0.1111110002
38630  -14.897  -36.969  40.745 0.1111110002
47199  -39.389  -28.109  39.557 0.5555559993
46156  -39.772  -29.204  38.143 0.2222220004
45096  -39.804  -29.108  37.386 0.2222220004
138597  -45.637  -17.029  34.750 0.8888890147
60510  -45.888  -16.423  35.256 0.8888890147
44084  -39.588  -30.179  35.484 0.1111110002
45124  -40.438  -29.472  35.852 0.2222220004
58540  -45.329  -17.866  34.595 0.7777780294
61626  -46.409  -15.917  35.545 0.8888890147
129824  -40.123  -30.572  34.212 0.1111110002
132536  -40.352  -29.952  35.442 0.2222220004
50722  -40.727  -26.182  33.278 0.3333329856
140942  -44.801  -19.426  34.099 0.5555559993
58560  -45.630  -18.867  32.847 0.5555559993
62747  -46.977  -14.492  35.507 0.8888890147
128730  -40.381  -30.588  33.497 0.1111110002
135793  -40.928  -30.067  34.847 0.2222220004
50733  -40.081  -26.642  32.183 0.1111110002
50734  -40.756  -26.176  32.368 0.2222220004
57525  -45.038  -19.504  33.285 0.5555559993
57537  -45.366  -19.618  32.582 0.5555559993
44135  -42.118  -30.473  32.625 0.1111110002
44116  -41.844  -30.430  33.494 0.1111110002
50746  -40.446  -26.286  31.472 0.1111110002
55334  -44.957  -21.727  30.471 0.1111110002
56412  -45.419  -20.589  31.316 0.2222220004
56425  -45.788  -20.353  30.709 0.1111110002
44156  -41.603  -30.455  31.911 0.1111110002
131383  -41.227  -25.683  31.179 0.1111110002
53026  -42.241  -24.718  30.716 0.1111110002
53027  -42.863  -24.122  30.734 0.1111110002
54202  -43.661  -23.547  29.736 0.1111110002
55347  -44.763  -22.286  29.605 0.1111110002
56424  -45.411  -20.989  30.554 0.1111110002
51852  -41.230  -25.496  30.302 0.1111110002
51868  -41.179  -25.231  29.526 0.1111110002
53034  -42.587  -24.426  29.835 0.1111110002
53035  -43.084  -23.895  29.467 0.1111110002
54214  -44.144  -23.046  29.193 0.1111110002
133725  -41.781  -24.934  30.032 0.1111110002
51869  -41.844  -24.711  29.052 0.1111110002
133737  -42.656  -24.123  28.880 0.1111110002
54213  -43.493  -23.687  28.803 0.1111110002
54232  -44.058  -23.202  28.378 0.1111110002
47355  -43.361  -28.224  25.821 0.1111110002
37498  -17.218  -36.869  43.165 0.2222220004
137708  -17.663  -37.125  42.431 0.3333329856
128146  -18.485  -36.957  42.050 0.3333329856
137377  -15.297  -36.683  43.366 0.2222220004
37515  -19.158  -37.163  40.568 0.3333329856
39656  -15.191  -35.993  42.337 0.1111110002
39657  -15.859  -35.787  42.485 0.1111110002
38602  -14.669  -36.537  42.667 0.1111110002
152726  -15.237  -36.112  41.700 0.2222220004
38618  -15.381  -36.387  41.061 0.1111110002
39695  -27.294  -36.075  37.371 0.3333329856
145267  -27.928  -35.936  35.859 0.3333329856
46128  -37.714  -28.492  39.613 0.4444440007
48284  -37.636  -27.893  39.970 0.6666669846
46129  -38.378  -28.794  39.385 0.3333329856
48285  -38.280  -27.349  39.646 0.6666669846
39721  -25.459  -35.496  35.178 0.2222220004
144334  -37.690  -30.051  37.801 0.1111110002
45084  -38.406  -29.517  38.344 0.3333329856
39729  -24.694  -35.354  34.534 0.2222220004
40885  -23.752  -34.400  35.263 0.2222220004
45108  -38.070  -30.080  37.290 0.1111110002
45109  -38.820  -29.796  37.355 0.2222220004
40903  -24.095  -35.000  34.077 0.2222220004
42026  -23.710  -33.673  33.898 0.1111110002
140431  -38.752  -30.338  35.545 0.1111110002
44057  -39.206  -29.783  36.687 0.2222220004
137560  -45.718  -17.241  33.933 0.7777780294
60515  -45.870  -16.372  34.256 0.8888890147
40910  -24.025  -34.626  32.694 0.1111110002
42034  -23.804  -33.634  33.035 0.1111110002
129825  -39.292  -30.806  34.031 0.1111110002
49520  -39.387  -26.903  34.337 0.4444440007
58550  -45.640  -18.043  33.489 0.6666669846
139091  -46.666  -15.055  35.431 0.8888890147
63855  -47.088  -14.302  35.545 0.8888890147
145348  -39.715  -30.701  33.651 0.1111110002
50721  -40.121  -26.666  32.932 0.2222220004
43145  -28.906  -31.650  29.812 0.1111110002
44155  -40.235  -30.582  31.962 0.1111110002
57551  -45.818  -19.908  31.314 0.1111110002
43157  -28.898  -31.621  29.013 0.1111110002
44207  -29.546  -31.269  28.759 0.1111110002
44177  -39.422  -30.333  30.679 0.1111110002
143665  -40.200  -30.391  31.169 0.1111110002
56447  -45.868  -20.524  29.918 0.1111110002
44222  -29.573  -31.212  27.491 0.1111110002
44223  -30.436  -31.002  27.622 0.1111110002
45209  -40.341  -30.164  30.300 0.1111110002
150038  -41.968  -30.095  30.607 0.1111110002
50761  -40.582  -25.934  30.575 0.1111110002
132892  -30.086  -31.031  25.939 0.1111110002
132471  -31.000  -30.759  27.042 0.1111110002
45267  -40.091  -29.464  28.392 0.1111110002
146382  -40.724  -25.711  29.856 0.1111110002
129056  -41.015  -24.993  28.844 0.1111110002
53047  -42.951  -23.950  28.160 0.1111110002
55361  -44.599  -22.578  28.521 0.1111110002
56466  -45.706  -20.688  28.834 0.1111110002
44263  -31.302  -30.541  25.521 0.1111110002
44244  -31.595  -30.549  26.425 0.1111110002
46276  -41.490  -29.222  28.659 0.1111110002
51889  -41.381  -24.804  28.289 0.1111110002
53046  -42.099  -24.297  28.014 0.1111110002
141279  -44.280  -22.933  27.558 0.1111110002
55362  -45.157  -21.718  28.698 0.1111110002
45298  -32.519  -30.200  25.110 0.1111110002
46293  -40.370  -29.104  27.430 0.1111110002
54231  -43.646  -23.659  27.863 0.1111110002
45299  -33.245  -30.052  25.091 0.1111110002
46337  -40.264  -28.731  25.793 0.1111110002
46318  -40.775  -28.734  26.459 0.1111110002
46356  -34.962  -29.552  23.054 0.1111110002
46364  -36.154  -29.835  22.600 0.1111110002
149273  -40.732  -28.694  24.687 0.1111110002
46319  -41.658  -28.425  26.057 0.1111110002
46363  -35.468  -29.814  22.613 0.1111110002
47366  -42.260  -28.396  25.230 0.1111110002
45342  -36.507  -30.375  22.358 0.1111110002
46365  -36.944  -29.924  22.578 0.1111110002
130299  -40.156  -29.280  23.929 0.1111110002
137115  -40.966  -29.376  23.964 0.1111110002
44292  -37.872  -31.400  22.695 0.1111110002
45320  -40.763  -30.062  23.563 0.1111110002
44281  -39.540  -31.378  23.510 0.1111110002
44282  -40.329  -31.046  23.617 0.1111110002
37503  -18.337  -36.622  42.698 0.3333329856
39640  -15.892  -36.347  43.291 0.2222220004
149370  -15.987  -35.880  43.056 0.1111110002
39670  -16.449  -35.431  41.976 0.2222220004
39669  -15.753  -35.870  41.587 0.2222220004
128423  -16.458  -35.622  41.015 0.2222220004
40833  -17.028  -34.970  41.475 0.1111110002
39678  -15.871  -35.997  40.677 0.1111110002
39685  -16.472  -35.935  39.965 0.1111110002
39702  -27.253  -35.786  37.255 0.3333329856
39712  -27.050  -35.529  36.280 0.2222220004
45093  -37.059  -30.053  38.039 0.3333329856
46141  -37.874  -29.288  39.046 0.4444440007
39711  -25.801  -35.380  36.133 0.2222220004
143682  -37.318  -30.277  37.320 0.1111110002
39710  -24.751  -35.207  35.941 0.2222220004
44068  -37.473  -30.719  36.214 0.1111110002
40893  -23.670  -34.240  34.516 0.1111110002
128732  -37.366  -31.046  33.305 0.2222220004
44098  -37.693  -30.867  34.821 0.2222220004
60522  -45.985  -16.758  33.459 0.6666669846
61658  -46.020  -15.638  34.005 0.8888890147
61644  -46.135  -15.532  34.867 0.8888890147
128731  -38.219  -30.951  33.298 0.1111110002
49535  -39.313  -26.940  33.441 0.3333329856
59520  -46.003  -17.399  33.056 0.4444440007
62762  -46.409  -14.120  34.196 0.8888890147
153420  -37.548  -31.001  32.106 0.1111110002
128727  -38.538  -30.882  32.628 0.1111110002
49534  -38.430  -27.193  33.471 0.2222220004
49549  -39.437  -26.871  32.543 0.2222220004
59530  -46.175  -18.582  31.911 0.4444440007
59531  -46.576  -18.018  31.267 0.3333329856
45229  -31.931  -30.285  29.446 0.1111110002
44153  -37.911  -30.832  31.637 0.1111110002
44154  -38.648  -30.796  31.911 0.1111110002
143977  -38.777  -27.018  32.888 0.1111110002
49563  -39.416  -26.757  31.601 0.1111110002
58568  -46.417  -18.780  30.964 0.1111110002
59536  -46.764  -17.551  30.651 0.1111110002
44208  -30.668  -30.830  28.262 0.1111110002
44194  -31.386  -30.528  28.673 0.1111110002
44210  -33.018  -30.473  28.312 0.1111110002
131667  -37.896  -30.451  30.328 0.1111110002
44176  -38.497  -30.557  31.039 0.1111110002
49548  -38.660  -26.937  32.203 0.1111110002
129418  -46.540  -19.051  29.693 0.1111110002
58584  -46.719  -18.503  29.951 0.1111110002
139032  -31.250  -30.699  27.828 0.1111110002
44225  -32.743  -30.430  27.518 0.1111110002
44246  -33.368  -30.342  26.986 0.1111110002
152918  -38.122  -30.311  29.744 0.1111110002
45232  -39.447  -30.153  29.795 0.1111110002
49582  -38.865  -26.700  30.740 0.1111110002
50760  -39.773  -26.418  30.698 0.1111110002
57573  -46.128  -19.795  29.371 0.1111110002
57580  -45.914  -19.774  28.555 0.1111110002
44245  -32.534  -30.376  26.579 0.1111110002
45284  -33.321  -30.241  26.120 0.1111110002
45285  -34.047  -30.250  26.536 0.1111110002
45265  -38.307  -29.788  27.708 0.1111110002
45252  -38.539  -30.044  28.550 0.1111110002
128009  -40.190  -29.913  29.337 0.1111110002
50806  -40.432  -25.624  29.077 0.1111110002
45283  -32.750  -30.242  25.752 0.1111110002
129954  -34.760  -30.114  26.043 0.1111110002
147455  -39.805  -29.312  27.797 0.1111110002
56483  -45.274  -21.110  27.858 0.1111110002
134191  -34.008  -29.952  24.776 0.1111110002
45301  -35.404  -29.883  25.450 0.1111110002
45302  -36.259  -29.699  25.633 0.1111110002
45303  -36.934  -29.622  26.039 0.1111110002
46291  -38.879  -29.364  27.034 0.1111110002
46292  -39.627  -29.206  27.235 0.1111110002
55372  -44.854  -22.037  27.724 0.1111110002
45317  -34.531  -29.610  24.007 0.1111110002
45318  -35.279  -29.622  24.556 0.1111110002
139321  -37.135  -29.384  25.254 0.1111110002
152953  -38.274  -29.201  25.430 0.1111110002
46317  -39.514  -29.051  26.315 0.1111110002
51888  -40.592  -25.147  28.110 0.1111110002
54243  -43.798  -23.588  27.107 0.1111110002
46348  -35.281  -29.482  23.753 0.1111110002
46349  -35.979  -29.389  23.993 0.1111110002
46350  -37.476  -29.270  24.130 0.1111110002
46335  -38.711  -29.102  24.881 0.1111110002
46336  -39.599  -28.874  25.051 0.1111110002
51902  -41.287  -24.730  27.533 0.1111110002
140990  -37.298  -29.510  23.118 0.1111110002
135847  -38.127  -29.526  23.268 0.1111110002
46352  -39.246  -29.181  24.102 0.1111110002
45332  -37.744  -30.022  22.681 0.1111110002
45333  -38.602  -30.177  22.941 0.1111110002
44295  -39.711  -30.638  23.333 0.1111110002
45335  -40.033  -30.062  23.386 0.1111110002
44293  -38.556  -31.050  22.847 0.1111110002
38592  -18.595  -36.196  43.063 0.3333329856
38591  -17.938  -36.127  43.193 0.2222220004
38590  -16.509  -36.667  43.284 0.2222220004
151955  -17.192  -36.281  43.236 0.2222220004
39642  -17.463  -35.660  43.173 0.2222220004
39658  -16.521  -35.536  42.736 0.2222220004
145582  -17.095  -35.357  43.037 0.2222220004
40812  -17.188  -34.958  42.490 0.3333329856
40839  -17.722  -34.839  40.784 0.1111110002
39679  -17.098  -35.358  40.468 0.1111110002
60523  -46.357  -16.714  32.745 0.4444440007
61675  -46.543  -15.863  32.597 0.7777780294
61659  -46.317  -15.346  33.354 0.8888890147
59526  -46.434  -17.541  32.140 0.3333329856
62798  -46.639  -14.862  32.571 0.7777780294
145240  -46.815  -13.568  34.755 0.8888890147
144465  -37.124  -30.944  31.619 0.2222220004
49517  -36.247  -27.005  34.501 0.1111110002
128724  -37.061  -27.259  33.920 0.2222220004
60528  -46.689  -16.542  31.793 0.4444440007
138883  -46.880  -12.132  33.643 0.8888890147
44195  -32.874  -30.423  29.641 0.1111110002
44174  -36.685  -30.785  30.924 0.2222220004
44175  -37.540  -30.692  30.973 0.1111110002
49532  -36.260  -26.996  33.519 0.1111110002
49533  -37.696  -27.292  33.480 0.1111110002
60536  -46.861  -17.046  30.031 0.1111110002
130421  -46.831  -16.038  31.065 0.3333329856
62826  -47.054  -14.333  30.434 0.4444440007
135136  -33.379  -30.487  29.101 0.1111110002
44211  -33.862  -30.453  28.502 0.1111110002
138145  -36.028  -30.454  29.306 0.2222220004
145742  -36.773  -30.419  29.696 0.1111110002
134882  -37.106  -30.523  30.309 0.1111110002
49546  -36.243  -27.005  32.565 0.1111110002
129405  -37.058  -27.194  33.077 0.1111110002
129574  -37.967  -27.154  32.760 0.1111110002
137756  -46.999  -15.152  29.850 0.3333329856
44226  -33.554  -30.409  27.759 0.1111110002
134528  -34.356  -30.361  27.874 0.1111110002
44213  -35.431  -30.380  28.698 0.1111110002
44215  -36.996  -30.272  28.937 0.1111110002
49547  -37.194  -26.992  32.261 0.1111110002
49562  -38.391  -26.863  31.438 0.1111110002
133046  -46.243  -18.948  28.806 0.1111110002
59547  -46.645  -17.390  29.192 0.1111110002
60548  -46.785  -16.551  29.435 0.2222220004
44227  -34.827  -30.259  27.057 0.1111110002
44228  -35.205  -30.278  27.976 0.1111110002
45250  -36.999  -30.157  28.096 0.1111110002
45251  -37.706  -30.105  28.322 0.1111110002
50759  -38.261  -26.684  30.052 0.1111110002
128342  -39.160  -26.438  29.950 0.1111110002
45263  -35.810  -30.181  27.275 0.1111110002
129289  -36.680  -30.097  27.405 0.1111110002
45264  -37.501  -29.992  27.505 0.1111110002
50783  -39.435  -25.958  29.170 0.1111110002
45287  -36.426  -30.000  26.564 0.1111110002
45288  -37.204  -29.772  26.721 0.1111110002
56501  -44.961  -21.418  26.978 0.1111110002
53053  -42.907  -23.975  27.268 0.1111110002
134831  -18.241  -35.370  43.153 0.3333329856
41961  -18.888  -34.040  42.531 0.3333329856
40826  -18.165  -34.622  42.466 0.2222220004
41970  -18.505  -34.106  41.880 0.2222220004
40834  -18.412  -34.381  40.993 0.1111110002
46134  -23.254  -30.110  39.255 0.1111110002
133037  -17.821  -34.627  41.715 0.1111110002
50681  -35.181  -26.673  36.892 0.3333329856
144172  -46.696  -13.411  32.840 0.7777780294
63897  -46.645  -13.185  33.796 0.8888890147
49515  -34.729  -26.684  34.401 0.1111110002
137520  -35.416  -26.837  34.672 0.2222220004
63905  -46.809  -13.959  32.237 0.7777780294
65070  -46.746  -12.783  32.960 0.7777780294
146989  -47.203  -11.392  33.772 0.7777780294
67365  -47.230  -10.326  32.424 0.8888890147
49516  -35.454  -26.871  33.959 0.1111110002
62814  -46.897  -14.613  31.502 0.6666669846
49531  -35.457  -26.896  33.115 0.1111110002
63939  -47.159  -13.176  29.507 0.4444440007
149822  -19.100  -33.757  41.907 0.1111110002
43040  -20.999  -33.027  42.005 0.1111110002
41971  -19.711  -33.534  41.509 0.1111110002
43049  -20.432  -33.101  41.134 0.1111110002
43056  -21.174  -32.664  40.648 0.1111110002
41977  -19.060  -33.862  41.218 0.1111110002
44035  -21.796  -32.060  40.028 0.1111110002
142691  -33.866  -26.479  37.678 0.4444440007
50640  -33.471  -26.589  38.062 0.4444440007
50680  -34.537  -26.531  36.615 0.4444440007
50639  -32.670  -26.371  37.903 0.4444440007
135927  -33.875  -26.380  37.059 0.4444440007
132524  -34.404  -26.485  35.832 0.2222220004
50693  -32.164  -25.764  35.723 0.3333329856
50679  -32.321  -25.848  36.470 0.3333329856
50706  -34.142  -26.426  35.009 0.2222220004
49500  -34.936  -26.699  35.210 0.2222220004
134297  -46.907  -12.130  32.384 0.7777780294
66213  -46.956  -11.141  32.336 0.7777780294
131840  -32.407  -25.770  34.892 0.2222220004
50705  -33.344  -25.989  34.898 0.2222220004
67381  -47.083  -10.740  31.483 0.8888890147
132437  -32.951  -25.879  34.070 0.1111110002
65082  -47.082  -12.639  31.183 0.7777780294
136034  -47.126  -11.935  30.616 0.7777780294
47222  -24.211  -29.192  38.162 0.5555559993
48305  -24.780  -28.728  37.306 0.5555559993
48319  -25.129  -28.412  36.532 0.5555559993
49458  -24.855  -28.071  36.171 0.5555559993
49459  -25.022  -27.867  35.830 0.5555559993
49460  -25.587  -27.590  35.550 0.5555559993
50658  -29.680  -25.917  37.150 0.5555559993
50677  -29.968  -25.647  36.800 0.3333329856
49464  -31.496  -26.553  37.781 0.4444440007
48308  -31.789  -27.067  38.090 0.4444440007
70847  -48.710  -8.386  31.353 0.8888890147
51789  -30.861  -25.435  35.106 0.3333329856
131597  -31.688  -25.848  37.138 0.4444440007
50638  -31.913  -26.154  37.736 0.4444440007
129676  -48.150  -8.902  31.061 0.8888890147
68595  -47.328  -10.399  30.584 0.7777780294
70808  -48.824  -8.347  31.739 0.8888890147
128176  -30.680  -25.320  33.586 0.1111110002
50704  -31.606  -25.604  34.513 0.1111110002
50718  -31.543  -25.580  33.573 0.1111110002
49483  -26.489  -26.474  35.566 0.5555559993
49482  -25.733  -26.747  35.443 0.6666669846
147246  -26.103  -26.544  35.533 0.6666669846
150096  -29.282  -26.323  36.803 0.5555559993
50676  -29.290  -25.705  36.678 0.4444440007
145415  -47.779  -9.682  29.839 0.7777780294
150824  -47.272  -10.892  29.954 0.6666669846
69759  -48.620  -8.613  29.707 0.7777780294
70863  -49.704  -7.554  29.585 0.8888890147
69758  -48.100  -9.182  29.344 0.7777780294
69770  -48.555  -8.750  28.877 0.7777780294
68607  -47.477  -10.319  29.625 0.6666669846
68621  -47.663  -9.969  28.018 0.5555559993
69783  -48.001  -9.385  27.802 0.6666669846
68636  -47.280  -10.363  27.094 0.5555559993
128834  -48.512  -8.828  28.015 0.6666669846
70887  -48.943  -8.302  28.483 0.7777780294
71919  -51.008  -6.893  28.780 0.8888890147
71932  -51.112  -6.930  28.006 0.7777780294
132094  -48.191  -9.091  27.251 0.6666669846
66423  -60.160  -11.010  17.414 0.4444440007
131990  -49.084  -8.188  27.824 0.6666669846
70888  -49.805  -7.782  27.629 0.6666669846
71933  -51.851  -6.854  27.842 0.8888890147
69784  -49.243  -8.249  27.074 0.6666669846
68656  -47.206  -9.981  26.447 0.5555559993
66437  -59.796  -10.780  16.648 0.4444440007
67614  -58.870  -10.259  15.525 0.4444440007
66436  -59.057  -10.835  16.241 0.4444440007
71947  -51.291  -7.062  27.246 0.6666669846
70889  -50.560  -7.390  27.420 0.6666669846
69799  -48.695  -8.864  26.606 0.6666669846
68669  -47.528  -9.814  25.809 0.4444440007
135607  -47.154  -9.919  25.205 0.3333329856
68682  -46.640  -10.248  24.839 0.3333329856
68701  -46.146  -10.775  24.319 0.2222220004
67470  -45.735  -11.226  24.403 0.1111110002
66409  -60.570  -10.741  17.776 0.4444440007
67637  -59.398  -9.746  15.026 0.5555559993
67615  -59.687  -10.210  15.759 0.4444440007
67659  -58.260  -9.820  14.007 0.4444440007
71948  -51.982  -6.915  27.036 0.6666669846
69809  -49.898  -8.404  25.834 0.6666669846
128288  -49.111  -8.886  25.805 0.6666669846
68670  -47.904  -9.727  25.192 0.4444440007
68683  -47.346  -9.963  24.627 0.3333329856
67487  -45.507  -11.126  23.699 0.1111110002
129975  -45.022  -11.344  23.163 0.1111110002
66424  -60.513  -10.474  17.241 0.4444440007
136313  -60.744  -10.734  18.235 0.4444440007
131509  -58.258  -9.723  13.121 0.4444440007
67690  -57.799  -9.592  12.181 0.3333329856
73164  -59.410  -5.993  13.574 0.5555559993
73152  -60.054  -5.539  14.102 0.6666669846
68879  -57.371  -9.243  11.414 0.4444440007
72148  -57.671  -7.103  11.294 0.4444440007
72138  -58.097  -6.979  11.948 0.4444440007
67699  -56.557  -9.742  10.954 0.4444440007
69992  -57.201  -7.806  10.627 0.4444440007
71084  -57.176  -7.096  10.871 0.4444440007
71949  -52.764  -6.957  26.822 0.6666669846
70904  -50.830  -7.507  26.762 0.6666669846
138316  -49.619  -8.967  25.039 0.6666669846
68684  -48.312  -9.816  24.487 0.3333329856
68702  -46.801  -10.452  24.187 0.3333329856
67488  -46.128  -10.843  23.572 0.1111110002
67503  -45.250  -10.955  22.828 0.1111110002
67638  -59.792  -9.708  15.307 0.6666669846
67660  -58.922  -9.472  14.130 0.6666669846
136194  -59.222  -9.047  14.132 0.6666669846
67679  -58.870  -9.165  13.433 0.6666669846
68861  -59.347  -8.628  13.726 0.6666669846
68871  -58.465  -9.118  12.569 0.5555559993
69974  -58.998  -7.838  12.566 0.4444440007
71069  -59.900  -7.166  13.506 0.6666669846
72126  -60.143  -6.763  13.638 0.6666669846
72109  -61.119  -6.522  14.415 0.7777780294
68880  -58.097  -8.899  11.766 0.4444440007
69985  -58.605  -8.405  12.152 0.4444440007
71076  -58.412  -7.620  11.889 0.4444440007
71068  -59.302  -7.356  13.023 0.4444440007
72125  -59.386  -6.826  13.242 0.7777780294
73165  -60.060  -6.114  13.756 0.7777780294
74192  -60.633  -5.230  14.752 0.7777780294
71085  -57.811  -7.512  11.213 0.4444440007
146664  -58.087  -7.182  11.704 0.4444440007
71077  -58.656  -7.145  12.425 0.4444440007
72124  -58.619  -6.730  12.753 0.4444440007
69993  -57.655  -8.376  11.125 0.4444440007
68886  -56.775  -8.837  10.535 0.4444440007
71961  -53.541  -7.004  26.331 0.6666669846
132077  -51.785  -7.457  25.704 0.6666669846
147530  -53.473  -6.901  25.508 0.6666669846
69810  -50.506  -8.460  25.194 0.6666669846
69822  -49.102  -9.518  24.622 0.4444440007
68703  -47.612  -10.199  23.937 0.3333329856
68722  -47.010  -10.678  23.402 0.2222220004
67504  -46.345  -10.861  22.740 0.1111110002
68850  -60.183  -9.075  15.246 0.6666669846
68849  -60.002  -8.760  14.761 0.6666669846
69963  -59.844  -8.218  14.125 0.6666669846
69964  -60.384  -7.887  14.433 0.6666669846
148777  -59.069  -4.712  18.508 0.5555559993
74143  -59.488  -4.065  18.287 0.5555559993
68872  -59.067  -8.579  12.902 0.6666669846
69975  -59.559  -7.907  13.350 0.6666669846
69976  -60.200  -7.459  13.887 0.6666669846
72115  -60.950  -6.666  14.134 0.6666669846
74142  -58.635  -3.978  18.737 0.5555559993
73113  -56.033  -5.479  17.782 0.4444440007
73114  -56.359  -4.837  17.995 0.4444440007
74140  -56.945  -4.577  18.323 0.5555559993
141465  -55.329  -6.847  16.389 0.3333329856
72071  -55.714  -6.530  17.243 0.3333329856
73128  -55.767  -5.464  16.832 0.4444440007
71038  -54.748  -7.454  15.177 0.3333329856
72098  -55.079  -6.726  15.499 0.3333329856
72085  -55.410  -6.093  16.209 0.3333329856
73127  -55.406  -5.191  15.978 0.4444440007
147030  -54.808  -6.933  14.888 0.3333329856
73138  -55.053  -5.756  15.304 0.3333329856
74167  -55.814  -4.684  16.409 0.4444440007
75235  -55.997  -4.456  16.789 0.5555559993
72097  -54.367  -7.147  14.435 0.2222220004
132055  -54.724  -6.369  14.710 0.3333329856
73137  -54.346  -5.393  14.597 0.3333329856
73146  -53.535  -5.427  13.985 0.3333329856
73159  -52.946  -5.314  13.324 0.2222220004
74188  -53.736  -4.796  14.322 0.3333329856
70929  -51.864  -7.867  24.862 0.6666669846
73009  -54.071  -6.951  25.490 0.6666669846
70928  -51.202  -8.014  25.232 0.6666669846
70930  -52.643  -7.632  24.512 0.6666669846
69823  -49.745  -9.446  24.185 0.6666669846
68685  -48.991  -9.762  24.108 0.2222220004
73010  -54.686  -7.220  25.227 0.7777780294
68704  -48.476  -10.095  23.707 0.2222220004
68723  -47.916  -10.564  23.194 0.2222220004
72059  -57.052  -6.133  18.300 0.5555559993
72060  -58.071  -6.058  18.317 0.6666669846
71008  -55.933  -7.225  17.972 0.4444440007
73102  -56.208  -6.256  18.076 0.4444440007
73104  -57.378  -5.117  18.591 0.5555559993
71018  -55.506  -7.599  17.478 0.3333329856
73103  -56.597  -5.361  18.235 0.4444440007
71027  -55.296  -7.285  16.892 0.3333329856
71026  -54.963  -7.530  16.139 0.3333329856
75256  -54.908  -3.592  16.000 0.4444440007
76249  -55.876  -3.244  16.399 0.4444440007
135448  -54.821  -4.828  15.297 0.3333329856
75257  -55.650  -3.848  16.209 0.4444440007
74175  -54.041  -4.442  14.908 0.3333329856
74176  -54.567  -3.981  15.422 0.3333329856
74187  -53.182  -4.654  13.837 0.2222220004
71972  -53.756  -6.932  24.807 0.6666669846
70931  -53.394  -7.284  24.273 0.6666669846
71987  -54.755  -7.149  23.774 0.7777780294
69824  -51.178  -8.520  24.509 0.6666669846
70945  -52.126  -8.235  24.088 0.6666669846
70947  -53.794  -7.454  23.698 0.6666669846
73051  -55.766  -7.089  23.705 0.7777780294
69838  -50.649  -9.130  23.900 0.5555559993
69839  -51.583  -8.888  23.669 0.6666669846
70948  -54.405  -7.342  23.428 0.6666669846
71988  -55.466  -7.075  23.462 0.7777780294
68705  -49.304  -9.972  23.561 0.3333329856
149732  -60.029  -6.889  18.786 0.7777780294
72062  -59.822  -6.338  18.521 0.7777780294
147990  -57.687  -6.875  18.237 0.6666669846
146751  -59.316  -6.547  18.538 0.6666669846
68802  -55.475  -9.086  18.263 0.3333329856
69923  -55.095  -8.382  17.669 0.3333329856
148563  -56.360  -7.910  18.153 0.5555559993
71017  -54.949  -7.904  17.029 0.3333329856
75271  -54.530  -3.181  15.483 0.4444440007
134631  -55.229  -2.769  16.158 0.4444440007
76272  -53.986  -2.842  14.857 0.4444440007
75279  -53.520  -3.302  14.266 0.3333329856
75270  -53.937  -3.616  14.943 0.4444440007
75286  -52.967  -3.775  13.671 0.2222220004
69840  -52.506  -8.642  23.358 0.6666669846
70946  -53.076  -7.898  23.680 0.6666669846
72003  -55.061  -7.187  23.141 0.6666669846
72005  -56.383  -6.879  22.967 0.7777780294
69853  -51.030  -9.438  23.171 0.5555559993
72004  -55.727  -6.981  22.944 0.7777780294
72006  -56.884  -7.002  22.910 0.7777780294
72027  -57.797  -7.442  22.401 0.7777780294
68706  -50.153  -9.739  23.415 0.3333329856
70975  -58.854  -7.548  21.666 0.7777780294
68743  -56.237  -9.609  21.195 0.5555559993
70990  -59.754  -7.416  20.207 0.7777780294
72053  -59.793  -7.224  19.563 0.7777780294
68766  -57.172  -9.515  20.028 0.5555559993
69885  -58.316  -8.485  19.791 0.5555559993
71002  -59.566  -7.165  19.026 0.6666669846
69899  -57.677  -8.860  19.460 0.5555559993
150794  -58.936  -7.600  18.995 0.6666669846
132564  -56.138  -9.596  18.898 0.3333329856
149075  -57.178  -8.729  18.820 0.5555559993
69912  -57.664  -8.370  18.760 0.5555559993
71011  -58.644  -7.034  18.478 0.5555559993
131222  -54.949  -9.698  18.350 0.3333329856
69911  -56.427  -8.754  18.471 0.3333329856
140379  -57.066  -8.149  18.372 0.4444440007
71010  -57.758  -7.685  18.419 0.5555559993
76273  -54.661  -2.404  15.372 0.3333329856
77270  -55.221  -1.969  15.918 0.3333329856
145318  -54.247  -2.141  14.591 0.3333329856
76281  -53.643  -2.574  14.083 0.4444440007
70959  -53.229  -8.416  23.031 0.6666669846
70960  -53.896  -7.899  23.055 0.6666669846
69856  -53.603  -8.658  22.586 0.6666669846
69857  -54.446  -8.211  22.464 0.6666669846
149775  -54.664  -7.624  22.920 0.6666669846
70972  -55.986  -8.038  22.127 0.7777780294
153923  -57.624  -7.558  22.046 0.7777780294
69855  -52.806  -8.975  22.695 0.6666669846
70973  -56.884  -7.806  22.066 0.6666669846
70974  -58.397  -7.710  21.572 0.6666669846
72045  -59.369  -7.635  20.983 0.7777780294
69873  -56.669  -8.834  21.623 0.6666669846
69874  -57.660  -8.475  21.331 0.6666669846
138238  -59.129  -7.590  20.867 0.6666669846
69883  -57.060  -9.316  20.806 0.5555559993
69884  -57.766  -8.920  20.323 0.5555559993
71001  -59.023  -7.859  19.734 0.6666669846
69900  -58.395  -8.119  19.005 0.5555559993
78308  -56.427  -1.364  15.887 0.3333329856
77284  -55.399  -1.083  14.735 0.3333329856
134274  -54.920  -1.713  15.100 0.3333329856
78317  -56.248  -0.830  15.239 0.3333329856
46150  -23.911  -29.744  38.713 0.3333329856
46133  -22.698  -30.463  38.758 0.1111110002
45070  -22.158  -31.182  40.018 0.1111110002
44036  -22.097  -31.856  40.535 0.1111110002
45076  -21.872  -31.423  39.312 0.1111110002
47207  -24.431  -29.676  38.857 0.5555559993
47223  -24.651  -29.244  37.880 0.5555559993
151339  -24.003  -28.957  37.645 0.2222220004
48330  -29.689  -26.916  36.646 0.6666669846
49462  -29.893  -26.405  37.140 0.5555559993
48329  -28.786  -26.474  36.244 0.5555559993
48328  -27.546  -26.373  35.878 0.6666669846
40878  -26.995  -35.482  37.257 0.3333329856
43039  -20.263  -33.133  41.865 0.1111110002
45082  -37.042  -29.550  38.692 0.3333329856
40875  -24.165  -34.608  36.413 0.2222220004
143349  -42.030  -26.946  39.371 0.5555559993
45071  -22.878  -30.931  40.338 0.1111110002
45081  -36.317  -29.765  38.318 0.4444440007
48311  -43.080  -26.931  37.904 0.3333329856
48302  -42.815  -27.051  38.913 0.4444440007
46122  -23.410  -30.384  40.034 0.2222220004
47226  -32.179  -27.693  38.055 0.6666669846
49442  -33.902  -26.961  38.673 0.4444440007
49441  -33.053  -26.837  38.215 0.4444440007
50641  -34.257  -26.683  38.175 0.5555559993
136036  -36.873  -31.037  34.897 0.2222220004
44082  -37.179  -30.980  35.544 0.2222220004
51760  -44.679  -24.233  36.218 0.4444440007
149607  -31.117  -27.042  37.753 0.4444440007
49440  -32.200  -26.630  38.064 0.4444440007
49501  -35.757  -26.852  35.296 0.2222220004
136957  -38.766  -27.136  34.044 0.3333329856
49518  -37.968  -27.326  34.206 0.3333329856
50696  -40.073  -26.529  34.702 0.5555559993
44132  -36.834  -31.040  32.459 0.2222220004
44173  -35.827  -30.789  30.815 0.2222220004
48306  -25.006  -28.725  37.226 0.5555559993
52983  -42.173  -23.894  35.271 0.5555559993
51790  -41.193  -25.192  35.388 0.5555559993
44197  -34.237  -30.493  29.259 0.1111110002
154081  -25.424  -28.447  36.310 0.5555559993
52984  -42.748  -23.271  34.819 0.7777780294
54142  -43.105  -22.460  35.518 0.7777780294
138226  -43.841  -21.186  35.262 0.6666669846
59509  -45.217  -18.105  35.503 0.7777780294
145737  -47.187  -10.837  33.152 0.7777780294
154494  -47.597  -9.877  32.739 0.8888890147
68585  -47.801  -9.386  31.664 0.8888890147
70872  -49.614  -7.779  28.587 0.7777780294
71918  -50.346  -7.224  28.240 0.7777780294
71934  -52.460  -6.945  27.615 0.7777780294
73027  -55.024  -7.178  24.159 0.7777780294
73053  -56.695  -6.938  23.184 0.7777780294
75236  -56.479  -4.380  16.617 0.5555559993
77256  -55.846  -1.831  16.164 0.3333329856
39720  -24.531  -35.224  35.264 0.2222220004
49450  -44.230  -25.165  36.596 0.2222220004
45078  -22.732  -30.651  39.604 0.1111110002
47238  -24.467  -28.843  37.500 0.5555559993
44212  -34.689  -30.401  28.616 0.1111110002
130166  -29.934  -31.131  28.224 0.1111110002
69724  -48.322  -8.820  31.903 0.8888890147
70871  -49.048  -8.119  29.216 0.7777780294
71989  -55.948  -6.897  23.216 0.7777780294
128258  -60.655  -5.840  14.155 0.7777780294
72061  -59.060  -5.841  18.349 0.6666669846
147675  -55.543  -2.195  16.207 0.3333329856
50666  -44.795  -24.076  36.084 0.3333329856
50665  -44.750  -24.829  35.781 0.1111110002
51768  -45.347  -23.725  35.587 0.3333329856
50698  -45.407  -24.937  35.122 0.1111110002
49507  -45.067  -25.443  34.926 0.1111110002
51793  -45.865  -23.893  34.785 0.2222220004
48322  -43.214  -26.290  36.649 0.2222220004
48312  -42.945  -26.508  37.217 0.3333329856
48332  -43.013  -26.772  36.153 0.2222220004
48345  -43.844  -26.397  35.338 0.1111110002
47260  -42.887  -27.418  35.486 0.2222220004
145453  -44.349  -26.836  33.959 0.1111110002
154230  -45.242  -25.558  34.213 0.1111110002
47271  -45.520  -28.647  32.997 0.1111110002
46211  -45.063  -28.727  32.975 0.1111110002
46201  -43.886  -28.397  33.681 0.1111110002
48365  -44.881  -27.163  33.191 0.1111110002
47282  -45.320  -28.181  32.972 0.1111110002
48372  -45.482  -26.915  32.493 0.1111110002
46213  -46.669  -29.173  33.266 0.1111110002
47292  -47.103  -28.266  32.682 0.1111110002
47283  -46.402  -28.629  33.019 0.1111110002
47232  -42.524  -27.125  37.345 0.2222220004
47242  -42.108  -27.496  36.756 0.2222220004
46187  -42.393  -27.965  35.536 0.2222220004
46173  -41.703  -28.013  36.416 0.2222220004
145971  -43.102  -29.121  34.096 0.2222220004
46200  -43.044  -28.169  34.638 0.2222220004
45140  -43.468  -28.792  33.894 0.1111110002
44087  -43.091  -29.455  33.848 0.1111110002
44103  -44.581  -29.583  32.685 0.1111110002
44104  -45.655  -29.622  32.640 0.1111110002
37513  -17.135  -37.794  41.645 0.3333329856
48288  -40.585  -27.436  39.542 0.5555559993
47231  -42.048  -28.097  38.216 0.2222220004
47215  -42.621  -27.555  38.130 0.2222220004
46158  -41.043  -28.546  37.463 0.2222220004
46172  -41.269  -28.228  36.698 0.2222220004
132480  -42.091  -27.673  37.436 0.2222220004
150982  -42.589  -23.907  33.621 0.3333329856
55278  -43.757  -21.607  34.370 0.6666669846
44101  -42.944  -29.761  33.633 0.1111110002
44086  -42.406  -29.520  34.273 0.1111110002
52995  -42.792  -23.796  33.076 0.4444440007
149598  -42.994  -23.296  33.231 0.4444440007
54166  -43.286  -22.855  33.379 0.4444440007
150927  -43.399  -29.959  33.130 0.1111110002
47201  -40.921  -28.097  39.347 0.3333329856
47200  -40.224  -28.128  39.424 0.5555559993
47214  -40.667  -28.589  39.109 0.2222220004
47212  -39.077  -28.720  39.318 0.4444440007
46143  -39.519  -29.163  38.901 0.3333329856
46145  -40.975  -28.756  38.425 0.2222220004
134149  -41.462  -28.283  38.945 0.2222220004
58549  -45.129  -18.718  33.853 0.5555559993
51815  -41.281  -25.571  33.593 0.4444440007
51816  -41.807  -24.861  33.908 0.4444440007
50708  -40.702  -26.056  34.146 0.3333329856
153312  -44.608  -20.283  33.683 0.5555559993
145153  -41.549  -30.228  34.181 0.1111110002
54178  -43.719  -22.613  32.696 0.3333329856
55307  -44.096  -21.778  32.740 0.3333329856
56399  -44.957  -20.197  32.712 0.5555559993
57550  -45.357  -20.074  31.986 0.3333329856
55322  -44.978  -21.274  31.261 0.2222220004
44136  -43.019  -30.305  32.686 0.1111110002
128925  -42.622  -30.317  33.141 0.1111110002
145208  -41.962  -24.846  32.108 0.2222220004
53018  -43.085  -23.794  31.418 0.1111110002
139569  -44.102  -22.303  31.926 0.3333329856
55321  -44.561  -22.000  31.215 0.2222220004
152183  -42.212  -30.369  31.792 0.1111110002
51853  -41.684  -25.194  30.719 0.1111110002
54188  -43.566  -23.497  30.722 0.1111110002
47198  -38.478  -28.124  39.751 0.4444440007
46142  -38.753  -29.269  38.995 0.3333329856
141425  -38.795  -29.670  37.889 0.3333329856
45095  -39.253  -29.477  37.670 0.2222220004
45111  -39.906  -29.282  36.546 0.2222220004
135137  -39.255  -30.570  34.769 0.1111110002
44070  -39.002  -30.040  36.123 0.1111110002
151392  -40.797  -30.365  34.431 0.1111110002
44071  -39.754  -29.792  36.122 0.2222220004
50707  -40.097  -26.623  33.807 0.3333329856
57538  -45.771  -19.400  32.015 0.5555559993
138560  -45.982  -18.093  32.682 0.5555559993
63871  -46.822  -14.274  35.160 0.8888890147
44099  -41.030  -30.515  33.886 0.1111110002
128729  -41.166  -30.521  33.146 0.1111110002
44134  -40.343  -30.569  32.757 0.1111110002
129007  -41.071  -30.498  32.338 0.1111110002
56446  -45.390  -21.370  29.674 0.1111110002
57563  -46.237  -19.613  30.453 0.1111110002
133200  -40.936  -30.418  31.585 0.1111110002
54203  -44.102  -22.874  30.143 0.1111110002
46340  -43.386  -28.875  24.639 0.1111110002
45083  -37.709  -29.719  38.294 0.3333329856
45094  -38.285  -29.867  37.870 0.3333329856
40902  -23.788  -34.427  33.581 0.1111110002
44055  -37.733  -30.401  36.717 0.1111110002
44056  -38.486  -30.072  36.721 0.1111110002
44083  -37.957  -30.601  35.592 0.1111110002
153291  -38.448  -30.600  35.062 0.1111110002
151747  -39.082  -30.851  33.298 0.1111110002
145686  -38.653  -30.915  33.899 0.1111110002
62761  -46.455  -14.644  34.827 0.8888890147
44133  -39.430  -30.721  32.455 0.1111110002
130339  -39.406  -30.575  31.537 0.1111110002
154282  -46.103  -19.265  31.339 0.1111110002
44206  -29.001  -31.506  28.141 0.1111110002
44178  -40.875  -30.302  30.935 0.1111110002
44221  -28.734  -31.482  27.232 0.1111110002
44243  -30.780  -30.815  26.191 0.1111110002
50784  -39.998  -25.975  29.906 0.1111110002
44224  -31.870  -30.527  27.272 0.1111110002
45254  -40.874  -29.455  28.959 0.1111110002
45253  -39.376  -30.000  28.883 0.1111110002
45266  -39.213  -29.576  27.973 0.1111110002
44264  -32.098  -30.367  25.724 0.1111110002
55386  -44.613  -22.288  26.790 0.1111110002
45315  -32.588  -30.019  24.033 0.1111110002
135809  -40.113  -29.016  26.657 0.1111110002
45316  -33.603  -29.802  23.955 0.1111110002
136618  -34.000  -30.102  25.634 0.1111110002
129441  -41.002  -28.525  25.554 0.1111110002
46353  -41.693  -29.226  24.126 0.1111110002
46338  -41.639  -28.495  24.922 0.1111110002
46360  -39.570  -29.590  23.569 0.1111110002
129826  -37.904  -31.000  33.991 0.2222220004
128728  -37.763  -31.001  32.660 0.2222220004
60516  -46.188  -16.120  33.388 0.7777780294
145440  -38.086  -30.920  32.183 0.1111110002
130266  -46.380  -14.648  33.479 0.7777780294
130928  -46.558  -14.022  33.173 0.7777780294
58577  -46.674  -18.275  30.504 0.1111110002
145983  -46.686  -17.290  31.348 0.2222220004
131034  -32.462  -30.455  28.863 0.1111110002
151192  -37.925  -26.985  31.988 0.1111110002
59540  -46.808  -17.870  29.942 0.1111110002
44209  -32.123  -30.511  28.077 0.1111110002
44201  -38.673  -30.320  30.169 0.1111110002
58583  -46.593  -18.323  29.395 0.1111110002
44247  -34.025  -30.340  27.257 0.1111110002
45300  -34.667  -29.945  25.095 0.1111110002
45286  -35.583  -30.085  26.345 0.1111110002
46333  -36.573  -29.412  24.644 0.1111110002
45289  -38.021  -29.528  26.827 0.1111110002
46316  -38.672  -29.174  25.955 0.1111110002
46334  -37.960  -29.212  24.937 0.1111110002
46351  -38.436  -29.231  24.069 0.1111110002
136179  -46.811  -16.759  30.844 0.2222220004
61686  -46.786  -15.537  31.721 0.5555559993
128469  -46.885  -16.086  30.179 0.2222220004
61698  -46.928  -15.290  30.789 0.4444440007
44214  -36.161  -30.285  28.246 0.1111110002
59546  -46.361  -18.072  28.740 0.1111110002
65075  -46.908  -13.111  32.131 0.7777780294
63915  -46.999  -13.677  31.298 0.7777780294
141215  -47.124  -13.816  29.768 0.4444440007
137683  -47.105  -13.795  29.044 0.3333329856
63926  -47.136  -13.368  30.381 0.7777780294
65092  -47.180  -12.537  30.105 0.7777780294
50662  -33.226  -26.309  37.488 0.4444440007
50661  -32.485  -25.994  37.336 0.4444440007
152973  -33.930  -26.307  36.376 0.3333329856
147405  -32.871  -25.894  35.722 0.2222220004
132171  -33.203  -26.050  36.628 0.4444440007
50678  -31.602  -25.706  36.267 0.4444440007
66225  -47.009  -11.629  31.423 0.7777780294
133650  -32.192  -25.716  34.038 0.1111110002
68584  -47.375  -10.034  31.525 0.7777780294
128525  -32.482  -25.812  33.230 0.1111110002
47221  -23.705  -29.465  37.937 0.1111110002
48317  -24.624  -28.373  36.879 0.4444440007
48318  -24.875  -28.369  36.755 0.6666669846
49481  -25.047  -27.113  35.704 0.5555559993
50659  -30.369  -25.955  37.190 0.4444440007
49461  -29.205  -26.075  37.001 0.4444440007
49463  -30.748  -26.478  37.430 0.4444440007
51775  -29.572  -25.276  36.139 0.3333329856
51776  -30.353  -25.432  36.068 0.3333329856
133715  -30.818  -25.703  36.881 0.3333329856
50660  -31.162  -26.001  37.487 0.4444440007
147375  -31.048  -25.554  35.959 0.3333329856
68596  -47.715  -9.650  30.715 0.8888890147
151511  -31.010  -25.447  34.216 0.1111110002
153108  -47.530  -10.023  30.186 0.6666669846
50675  -28.656  -25.839  36.530 0.5555559993
143523  -28.716  -26.139  36.526 0.5555559993
68608  -47.759  -9.819  28.993 0.6666669846
69769  -48.047  -9.308  28.508 0.7777780294
68620  -47.475  -10.456  28.643 0.5555559993
137676  -47.291  -10.646  27.743 0.5555559993
68637  -47.733  -9.749  27.197 0.6666669846
69798  -47.940  -9.481  26.534 0.5555559993
70903  -50.034  -7.903  26.697 0.6666669846
149216  -49.393  -8.457  26.396 0.6666669846
69808  -48.744  -9.388  25.180 0.6666669846
69807  -48.342  -9.372  25.856 0.5555559993
67661  -59.584  -9.262  14.778 0.6666669846
70905  -51.477  -7.281  26.513 0.6666669846
72123  -58.134  -6.705  12.301 0.3333329856
70916  -50.807  -7.857  25.976 0.6666669846
69984  -58.186  -8.160  11.566 0.4444440007
150465  -52.733  -6.966  25.852 0.6666669846
71971  -53.006  -7.039  24.983 0.6666669846
137953  -50.333  -8.906  24.563 0.6666669846
73105  -58.278  -4.922  18.702 0.6666669846
74151  -56.147  -4.843  17.309 0.4444440007
74166  -55.100  -4.329  15.997 0.4444440007
129216  -53.973  -6.249  14.160 0.2222220004
71009  -56.813  -7.191  18.161 0.4444440007
136446  -53.557  -4.087  14.317 0.3333329856
138411  -55.715  -8.130  18.018 0.4444440007
70962  -56.178  -7.244  22.603 0.7777780294
70961  -55.300  -7.591  22.650 0.6666669846
72026  -56.973  -7.138  22.637 0.7777780294
68784  -56.911  -9.324  19.226 0.5555559993
70989  -58.454  -8.246  20.572 0.5555559993
77271  -55.681  -1.446  15.546 0.3333329856
70971  -55.194  -8.264  22.171 0.6666669846
45077  -22.200  -30.871  39.272 0.1111110002
52974  -46.431  -22.693  34.244 0.3333329856
55266  -46.757  -21.558  34.275 0.4444440007
54156  -46.853  -21.918  33.916 0.3333329856
56379  -47.113  -20.590  34.315 0.4444440007
56380  -47.713  -19.872  33.772 0.3333329856
137511  -47.551  -21.713  33.085 0.2222220004
55293  -47.879  -21.000  32.835 0.3333329856
54191  -47.992  -21.839  31.390 0.2222220004
55310  -48.520  -20.563  32.176 0.2222220004
56400  -48.847  -19.878  32.392 0.2222220004
61710  -50.977  -16.345  30.400 0.5555559993
61708  -46.844  -15.795  29.249 0.2222220004
62836  -47.044  -14.409  29.474 0.2222220004
62848  -46.909  -15.011  28.988 0.2222220004
61730  -46.459  -15.723  27.793 0.2222220004
65102  -47.167  -12.403  29.149 0.5555559993
63950  -47.109  -13.107  28.582 0.2222220004
67394  -47.129  -11.194  30.630 0.6666669846
66239  -47.206  -11.651  29.767 0.5555559993
67407  -47.301  -10.973  29.170 0.5555559993
66250  -47.163  -11.629  28.727 0.5555559993
67420  -47.181  -11.006  28.273 0.5555559993
65114  -47.014  -12.304  28.167 0.4444440007
140376  -46.986  -11.108  27.512 0.4444440007
66281  -46.526  -11.474  26.917 0.3333329856
67433  -46.853  -10.939  26.955 0.3333329856
69854  -51.946  -9.208  22.915 0.5555559993
68728  -52.252  -9.551  22.298 0.5555559993
68739  -52.561  -10.047  21.734 0.3333329856
69869  -53.029  -9.284  22.159 0.4444440007
69870  -53.856  -9.058  22.073 0.5555559993
68740  -53.443  -9.968  21.690 0.3333329856
68752  -52.991  -10.641  21.080 0.3333329856
68742  -55.321  -9.774  21.453 0.3333329856
68753  -53.928  -10.605  21.018 0.3333329856
68755  -55.715  -10.159  20.642 0.3333329856
68756  -56.474  -9.837  20.391 0.4444440007
67546  -55.194  -10.559  19.905 0.3333329856
68765  -56.449  -9.845  19.677 0.3333329856
67560  -55.709  -10.109  19.358 0.3333329856
132372  -53.767  -1.708  12.957 0.3333329856
142746  -53.710  -1.544  12.283 0.2222220004
77312  -53.372  -1.735  11.634 0.1111110002
153919  -54.585  -1.536  9.812 0.1111110002
130275  -55.237  -0.681  10.744 0.2222220004
78353  -54.611  -0.884  11.315 0.2222220004
130017  -55.156  -0.972  9.878 0.2222220004
78363  -55.898  -0.486  10.130 0.2222220004
78362  -54.563  -1.194  10.496 0.1111110002
78374  -55.874  -0.941  9.195 0.1111110002
145442  -56.604  -0.406  9.509 0.2222220004
79423  -57.237  0.135  9.560 0.2222220004
79432  -57.195  -0.326  8.839 0.2222220004
79433  -57.813  0.188  8.893 0.2222220004
78384  -57.788  -0.273  8.129 0.1111110002
78364  -56.630  0.161  10.391 0.1111110002
79415  -57.390  0.703  10.178 0.1111110002
152871  -57.786  0.542  9.539 0.2222220004
79443  -58.804  0.427  7.347 0.1111110002
79434  -58.507  0.364  8.181 0.2222220004
79424  -58.021  1.131  9.863 0.1111110002
80556  -58.320  0.775  9.092 0.2222220004
81593  -59.437  1.949  8.867 0.1111110002
80557  -58.946  1.128  8.571 0.2222220004
80558  -59.459  1.457  8.065 0.2222220004
81599  -59.825  2.113  7.844 0.2222220004
82638  -60.074  3.426  9.269 0.2222220004
82639  -60.378  3.778  8.502 0.2222220004
82644  -60.252  3.041  7.485 0.1111110002
81603  -59.928  2.231  6.858 0.2222220004
83588  -60.809  4.705  8.926 0.2222220004
139928  -60.621  4.522  8.194 0.2222220004
141953  -60.111  2.999  6.514 0.2222220004
82645  -60.493  3.963  7.651 0.1111110002
83594  -60.641  4.869  7.453 0.1111110002
81610  -59.709  2.485  5.896 0.3333329856
82652  -60.390  3.808  6.785 0.1111110002
83602  -60.271  4.701  6.368 0.1111110002
85594  -60.469  6.468  6.186 0.1111110002
134240  -59.894  3.633  5.849 0.2222220004
83609  -59.681  4.776  5.511 0.1111110002
84573  -60.171  5.550  6.122 0.1111110002
83608  -58.873  4.628  5.105 0.1111110002
82664  -58.298  4.142  4.863 0.1111110002
86646  -60.694  6.976  6.016 0.2222220004
84581  -59.708  5.922  5.580 0.1111110002
86654  -59.839  7.655  5.200 0.2222220004
86653  -59.163  7.375  5.071 0.2222220004
84586  -57.590  5.400  4.290 0.1111110002
85605  -57.531  6.352  4.115 0.1111110002
54144  -46.482  -22.261  34.318 0.3333329856
56385  -47.293  -20.965  33.878 0.4444440007
85599  -58.991  6.417  5.159 0.1111110002
139598  -61.098  5.949  7.204 0.2222220004
85595  -60.982  6.677  6.502 0.2222220004
87554  -60.830  7.545  5.285 0.3333329856
87567  -59.945  8.200  4.731 0.2222220004
68655  -46.728  -10.608  26.318 0.3333329856
69872  -55.736  -8.989  21.821 0.5555559993
69871  -54.800  -9.024  21.951 0.4444440007
54168  -47.494  -21.220  33.396 0.3333329856
55279  -47.784  -20.434  33.358 0.2222220004
55294  -48.174  -20.445  32.897 0.2222220004
68741  -54.374  -9.891  21.616 0.3333329856
78345  -53.997  -1.085  11.836 0.2222220004
139934  -59.962  2.814  8.575 0.1111110002
84574  -60.738  5.817  6.903 0.2222220004
130782  -59.196  3.877  5.193 0.2222220004
84580  -58.938  5.429  5.157 0.1111110002
87553  -60.505  7.437  6.200 0.3333329856
85600  -59.871  6.929  5.571 0.2222220004
52949  -45.610  -23.175  35.449 0.1111110002
52973  -46.058  -23.229  34.691 0.1111110002
54143  -46.141  -22.726  34.687 0.1111110002
52986  -46.779  -22.513  33.908 0.1111110002
38649  -27.177  -36.444  37.543 0.3333329856
39713  -28.024  -36.251  36.183 0.2222220004
50674  -27.223  -25.706  36.014 0.3333329856
130526  -26.021  -36.603  38.679 0.3333329856
136098  -27.643  -35.832  36.643 0.2222220004
47247  -24.027  -28.471  36.599 0.1111110002
60537  -51.264  -16.700  30.648 0.3333329856
153523  -58.043  -14.076  20.557 0.1111110002
138362  -57.363  -14.368  20.015 0.1111110002
61923  -55.341  -15.909  15.023 0.1111110002
150330  -56.129  -15.337  14.932 0.1111110002
61955  -56.002  -14.820  13.464 0.1111110002
63019  -56.200  -14.336  13.857 0.1111110002
130305  -55.245  -16.205  14.126 0.1111110002
150857  -55.742  -15.584  13.788 0.1111110002
152580  -56.001  -14.413  13.539 0.1111110002
129126  -55.506  -10.456  13.602 0.1111110002
67658  -57.307  -9.971  13.713 0.1111110002
67656  -54.726  -10.731  13.218 0.1111110002
67657  -56.278  -10.178  13.811 0.1111110002
135805  -57.974  -14.261  20.054 0.1111110002
61880  -57.028  -14.548  18.640 0.1111110002
142110  -57.500  -14.455  19.357 0.1111110002
61895  -56.567  -14.553  17.832 0.1111110002
61896  -57.012  -14.540  17.785 0.1111110002
61882  -58.088  -14.393  18.513 0.1111110002
60716  -56.104  -14.688  17.052 0.1111110002
60717  -56.544  -14.598  16.994 0.1111110002
60718  -56.993  -14.558  16.891 0.1111110002
145649  -57.435  -14.463  16.858 0.1111110002
61910  -55.759  -15.008  16.261 0.1111110002
60741  -56.122  -15.205  15.432 0.1111110002
130880  -56.205  -14.999  15.998 0.1111110002
148912  -56.655  -14.332  14.778 0.1111110002
132838  -58.100  -10.924  15.968 0.1111110002
151016  -55.462  -15.429  15.762 0.1111110002
130333  -55.838  -15.567  14.930 0.1111110002
60760  -56.282  -15.146  14.675 0.1111110002
61945  -56.324  -14.752  14.072 0.1111110002
64141  -56.571  -14.027  14.398 0.1111110002
64103  -56.802  -13.446  15.246 0.1111110002
66435  -57.263  -11.630  15.944 0.1111110002
67613  -57.355  -10.636  15.388 0.1111110002
67636  -58.611  -9.922  14.733 0.3333329856
61944  -56.118  -15.230  13.980 0.1111110002
64121  -56.222  -13.612  14.377 0.1111110002
65308  -56.325  -13.185  15.065 0.1111110002
66433  -55.999  -11.115  15.017 0.1111110002
129459  -56.645  -10.404  14.693 0.1111110002
65322  -54.997  -12.846  14.056 0.1111110002
65307  -55.544  -12.759  14.651 0.1111110002
67634  -55.744  -10.667  14.365 0.1111110002
67635  -57.685  -10.085  14.654 0.1111110002
65321  -54.361  -12.413  13.690 0.1111110002
65306  -54.760  -11.951  14.319 0.1111110002
66449  -54.935  -11.026  14.107 0.1111110002
62973  -58.610  -13.908  18.455 0.1111110002
61911  -58.055  -14.175  16.970 0.1111110002
64087  -58.318  -13.440  17.067 0.1111110002
61924  -56.817  -14.649  15.730 0.1111110002
61925  -57.132  -14.324  15.659 0.1111110002
63001  -57.838  -13.734  16.320 0.1111110002
65270  -58.775  -12.472  17.375 0.1111110002
66422  -59.018  -11.518  16.939 0.1111110002
60742  -56.363  -15.052  15.287 0.1111110002
61936  -56.621  -14.665  15.120 0.1111110002
63009  -57.050  -13.756  15.314 0.1111110002
65292  -57.717  -13.199  16.310 0.1111110002
65268  -57.790  -12.073  16.432 0.1111110002
137808  -56.431  -14.681  14.477 0.1111110002
64104  -57.382  -13.737  15.513 0.1111110002
65291  -57.277  -12.908  16.004 0.1111110002
68801  -54.666  -9.114  17.846 0.1111110002
150756  -54.670  -8.244  16.420 0.2222220004
68738  -51.711  -10.166  21.815 0.3333329856
68754  -54.856  -10.454  20.858 0.2222220004
67559  -54.456  -10.715  19.480 0.1111110002
131942  -54.012  -10.603  18.831 0.1111110002
68782  -54.202  -9.881  18.147 0.1111110002
69922  -54.607  -8.636  17.092 0.2222220004
79362  -57.671  -0.359  15.160 0.2222220004
76290  -53.233  -2.419  13.233 0.2222220004
79380  -57.844  0.196  14.620 0.2222220004
77301  -53.143  -1.968  12.443 0.2222220004
78338  -55.675  -0.339  13.330 0.2222220004
79400  -56.196  0.255  12.768 0.2222220004
78347  -55.404  -0.248  12.432 0.1111110002
79407  -55.850  0.173  11.856 0.1111110002
78352  -53.923  -1.386  11.050 0.1111110002
78354  -55.243  -0.360  11.574 0.1111110002
67571  -54.907  -10.331  18.922 0.1111110002
78330  -55.953  -0.496  14.313 0.2222220004
77292  -54.437  -1.300  13.373 0.2222220004
78329  -55.142  -0.866  13.824 0.2222220004
78331  -56.915  -0.177  14.815 0.2222220004
78337  -54.912  -0.731  12.938 0.2222220004
79391  -56.453  0.083  13.804 0.2222220004
80566  -59.100  0.933  7.723 0.1111110002
80567  -59.599  1.474  7.277 0.1111110002
80576  -59.527  1.596  6.383 0.1111110002
77302  -54.202  -1.095  12.561 0.2222220004
77291  -53.926  -1.900  13.781 0.2222220004
148048  -58.089  -13.860  21.037 0.1111110002
132914  -58.064  -14.347  19.297 0.1111110002
64071  -58.985  -13.032  17.886 0.1111110002
62985  -58.479  -13.769  17.573 0.1111110002
66408  -60.184  -11.336  18.000 0.2222220004
65244  -59.664  -11.443  17.470 0.2222220004
52961  -45.842  -23.016  35.066 0.1111110002
48316  -23.994  -28.659  37.004 0.2222220004
49484  -27.848  -26.061  36.198 0.5555559993
51774  -28.805  -25.264  36.198 0.3333329856
136409  -58.093  -10.283  15.279 0.1111110002
148823  -58.447  -11.511  16.554 0.1111110002
77283  -54.681  -1.511  14.217 0.2222220004
149728  -47.133  -21.967  33.578 0.2222220004
79414  -55.812  -0.036  10.979 0.1111110002
78346  -54.720  -0.714  12.115 0.1111110002
52997  -47.177  -22.403  33.403 0.2222220004
60740  -55.677  -15.393  15.542 0.1111110002
60758  -55.525  -15.848  14.344 0.1111110002
60759  -55.864  -15.539  14.314 0.1111110002
60774  -55.706  -15.526  13.365 0.1111110002
64140  -56.307  -14.117  13.922 0.1111110002
64155  -55.633  -14.267  13.120 0.1111110002
66465  -54.381  -11.482  13.645 0.1111110002
61881  -57.513  -14.514  18.573 0.1111110002
61897  -57.461  -14.520  17.746 0.1111110002
61898  -58.101  -14.335  17.666 0.1111110002
60728  -56.156  -14.881  16.169 0.1111110002
146278  -56.466  -14.684  16.418 0.1111110002
60729  -56.803  -14.635  16.275 0.1111110002
62993  -57.678  -14.146  16.289 0.1111110002
142677  -57.171  -14.526  16.148 0.1111110002
64123  -56.882  -13.849  14.947 0.1111110002
61937  -57.067  -13.933  15.040 0.1111110002
66434  -56.590  -11.315  15.445 0.1111110002
65290  -56.672  -12.489  15.646 0.1111110002
64139  -55.701  -13.574  13.895 0.1111110002
65289  -55.980  -12.098  15.262 0.1111110002
66450  -55.413  -11.554  14.722 0.1111110002
64138  -54.908  -13.447  13.325 0.1111110002
64086  -58.028  -13.268  16.646 0.1111110002
63000  -57.517  -13.931  15.788 0.1111110002
64105  -57.588  -13.731  15.874 0.1111110002
65269  -58.273  -12.378  16.822 0.1111110002
60550  -51.317  -17.128  30.177 0.1111110002
60549  -51.266  -16.945  30.110 0.1111110002
66263  -46.959  -11.549  27.786 0.2222220004
66299  -46.034  -11.650  26.212 0.2222220004
65144  -45.940  -12.269  26.058 0.1111110002
65163  -45.582  -12.357  25.218 0.1111110002
67448  -46.258  -11.133  26.327 0.2222220004
67457  -46.183  -10.861  25.679 0.2222220004
66309  -45.917  -11.402  25.633 0.2222220004
66308  -45.722  -11.871  25.443 0.1111110002
67455  -45.649  -11.679  25.047 0.1111110002
68667  -46.152  -10.716  25.007 0.2222220004
68727  -51.399  -9.791  22.490 0.3333329856
67677  -56.430  -10.105  12.339 0.1111110002
143892  -56.430  -10.089  11.536 0.2222220004
70002  -56.589  -8.262  10.050 0.3333329856
71095  -56.663  -7.674  10.265 0.3333329856
139141  -57.042  -7.253  10.631 0.3333329856
71083  -56.255  -7.467  10.173 0.2222220004
73150  -58.048  -5.608  14.429 0.2222220004
73149  -57.125  -5.513  14.601 0.2222220004
73173  -56.797  -6.109  13.090 0.2222220004
74189  -56.020  -4.473  14.195 0.2222220004
75288  -56.372  -3.446  13.444 0.2222220004
72122  -57.360  -6.584  12.183 0.2222220004
135367  -55.449  -5.538  12.396 0.2222220004
75303  -55.699  -4.127  12.040 0.2222220004
75304  -56.460  -3.505  11.583 0.2222220004
75316  -58.621  -2.875  10.355 0.2222220004
72146  -56.628  -7.134  10.656 0.2222220004
74217  -55.221  -4.580  10.698 0.2222220004
148247  -56.347  -3.725  10.857 0.2222220004
75325  -57.385  -3.738  9.506 0.2222220004
72144  -54.768  -6.528  10.233 0.2222220004
74236  -55.845  -4.616  8.720 0.2222220004
60538  -51.394  -16.917  30.788 0.2222220004
73151  -59.133  -5.502  14.197 0.3333329856
75280  -56.005  -3.964  13.676 0.2222220004
75296  -56.341  -3.471  12.541 0.2222220004
141101  -58.444  -0.136  14.908 0.2222220004
75324  -56.782  -3.713  10.239 0.2222220004
75315  -57.749  -3.358  10.247 0.2222220004
75313  -55.758  -4.059  11.159 0.2222220004
59537  -51.384  -17.477  30.395 0.1111110002
61721  -50.953  -16.541  29.821 0.1111110002
73161  -56.566  -5.661  13.935 0.2222220004
73162  -57.407  -5.926  13.798 0.2222220004
145496  -59.102  -2.597  9.788 0.2222220004
68668  -46.704  -10.221  25.600 0.2222220004
67689  -57.093  -9.932  11.775 0.2222220004
73163  -58.503  -5.968  13.577 0.3333329856
72137  -57.739  -6.965  11.516 0.3333329856
72147  -57.411  -7.079  10.807 0.3333329856
73174  -57.903  -6.313  12.890 0.2222220004
66280  -46.178  -11.971  26.692 0.2222220004
60564  -51.204  -17.279  29.485 0.1111110002
67456  -45.802  -11.262  25.070 0.1111110002
72136  -56.909  -6.835  11.376 0.2222220004
72145  -55.457  -6.922  10.471 0.2222220004
73172  -55.931  -5.633  13.200 0.2222220004
75295  -55.861  -3.992  12.976 0.2222220004
72121  -56.121  -6.275  12.227 0.2222220004
72135  -55.786  -6.647  11.244 0.2222220004
74201  -55.489  -4.758  12.705 0.2222220004
143040  -55.194  -4.940  11.907 0.2222220004
75326  -58.433  -3.254  9.492 0.2222220004
73184  -55.144  -5.915  11.613 0.2222220004
74226  -56.322  -4.122  9.554 0.2222220004
60563  -50.866  -16.800  29.179 0.1111110002
63993  -50.466  -13.283  25.975 0.1111110002
62878  -52.723  -13.869  24.774 0.1111110002
61766  -53.123  -14.894  23.706 0.1111110002
61788  -52.862  -15.394  23.252 0.1111110002
61765  -52.251  -15.104  23.711 0.1111110002
62893  -52.498  -14.454  24.218 0.1111110002
62894  -53.505  -14.256  24.219 0.1111110002
60631  -53.370  -15.446  22.917 0.1111110002
61789  -53.611  -15.084  23.261 0.1111110002
60651  -53.200  -15.829  22.429 0.1111110002
153755  -52.948  -16.167  22.024 0.1111110002
147069  -56.109  -14.363  21.133 0.1111110002
61820  -57.190  -13.921  21.599 0.1111110002
135102  -52.524  -16.266  21.278 0.1111110002
60668  -53.470  -15.825  21.813 0.1111110002
61767  -53.796  -14.593  23.692 0.1111110002
61752  -54.833  -14.039  23.849 0.1111110002
60632  -54.101  -15.062  22.983 0.1111110002
60633  -54.659  -14.648  23.129 0.1111110002
147848  -53.763  -15.386  22.678 0.1111110002
60652  -54.313  -15.112  22.607 0.1111110002
136189  -53.795  -15.518  22.348 0.1111110002
60669  -54.203  -15.326  21.997 0.1111110002
60670  -54.794  -14.894  22.201 0.1111110002
61817  -55.423  -14.611  21.616 0.1111110002
138844  -56.342  -14.255  21.916 0.1111110002
60686  -54.719  -14.919  21.449 0.1111110002
61769  -54.928  -14.307  23.468 0.1111110002
153967  -54.810  -14.792  22.666 0.1111110002
60634  -55.125  -14.597  22.859 0.1111110002
61803  -55.738  -14.458  22.435 0.1111110002
60671  -55.261  -14.655  22.363 0.1111110002
62877  -51.613  -13.889  24.764 0.1111110002
65124  -46.684  -12.112  27.261 0.2222220004
61790  -54.157  -14.825  23.232 0.1111110002
51773  -28.032  -25.441  36.169 0.2222220004
51786  -28.275  -24.920  35.705 0.2222220004
51787  -29.129  -24.975  35.524 0.2222220004
51785  -27.505  -25.042  35.812 0.2222220004
51800  -28.697  -24.921  34.804 0.2222220004
51802  -30.339  -25.220  34.425 0.1111110002
50673  -26.403  -25.991  35.899 0.2222220004
50703  -26.384  -25.469  34.858 0.1111110002
49499  -25.579  -26.525  35.468 0.1111110002
50672  -26.004  -26.079  35.804 0.1111110002
56391  -49.115  -19.145  32.397 0.1111110002
140914  -47.171  -23.249  31.798 0.1111110002
54179  -47.528  -22.325  32.361 0.1111110002
55323  -48.410  -21.111  31.521 0.1111110002
56413  -49.206  -20.041  31.776 0.1111110002
68737  -50.846  -10.363  21.960 0.1111110002
68726  -50.501  -10.024  22.679 0.1111110002
67525  -51.209  -10.776  21.261 0.1111110002
67526  -52.083  -10.668  21.129 0.1111110002
75287  -53.108  -2.996  13.731 0.1111110002
128332  -57.218  0.321  14.094 0.1111110002
74196  -52.702  -4.520  13.153 0.1111110002
76289  -52.704  -3.192  13.107 0.1111110002
73160  -53.314  -6.140  13.460 0.1111110002
79392  -57.875  0.845  13.798 0.1111110002
83662  -60.159  4.812  1.242 0.1111110002
84639  -59.422  5.536  -0.466 0.1111110002
135588  -56.960  0.602  13.350 0.1111110002
80511  -58.920  1.192  13.537 0.1111110002
80512  -59.501  1.046  13.140 0.1111110002
80514  -60.156  1.034  12.461 0.1111110002
84649  -59.545  5.735  -1.334 0.1111110002
83687  -59.190  4.850  -1.238 0.1111110002
148851  -57.388  1.066  13.058 0.1111110002
79401  -56.818  0.837  12.560 0.1111110002
81548  -59.476  1.668  12.755 0.1111110002
81550  -60.395  1.698  11.978 0.1111110002
144351  -59.944  1.405  12.499 0.1111110002
84627  -60.067  5.931  0.910 0.1111110002
84661  -59.596  5.364  -2.255 0.1111110002
128761  -58.114  1.371  13.028 0.1111110002
80525  -58.862  1.837  12.784 0.1111110002
81549  -59.640  1.782  12.500 0.1111110002
140513  -58.148  1.692  12.207 0.1111110002
80524  -57.457  1.222  12.356 0.1111110002
85665  -60.076  7.024  -0.925 0.1111110002
85685  -59.836  6.794  -2.547 0.1111110002
81562  -59.505  2.132  12.401 0.1111110002
144402  -58.877  2.189  11.996 0.1111110002
81563  -59.942  2.194  12.150 0.1111110002
82623  -60.555  3.292  11.065 0.1111110002
86733  -59.950  7.346  -1.634 0.1111110002
85692  -59.900  6.271  -3.328 0.1111110002
129053  -59.946  5.454  -3.421 0.1111110002
141462  -59.973  6.604  -3.980 0.1111110002
82632  -60.168  3.521  10.168 0.1111110002
138940  -59.899  7.876  -1.809 0.1111110002
88549  -59.490  8.499  -2.987 0.1111110002
86752  -59.620  7.915  -3.432 0.1111110002
129875  -59.845  7.094  -3.351 0.1111110002
86761  -59.775  7.322  -4.331 0.1111110002
85702  -60.076  6.509  -4.882 0.1111110002
84691  -60.284  5.720  -5.514 0.1111110002
79596  -60.409  1.475  -9.605 0.1111110002
87658  -59.364  8.331  -3.659 0.1111110002
87669  -59.470  7.752  -4.492 0.1111110002
86770  -59.851  7.359  -5.384 0.1111110002
85713  -60.129  6.740  -5.924 0.1111110002
85725  -60.373  5.446  -6.991 0.1111110002
82791  -61.111  3.580  -7.777 0.1111110002
134980  -61.169  2.433  -8.271 0.1111110002
81742  -61.227  2.619  -9.098 0.1111110002
79595  -59.682  0.809  -9.398 0.1111110002
80695  -60.926  1.982  -9.369 0.1111110002
145831  -59.322  0.784  -10.286 0.1111110002
137211  -60.816  5.173  8.311 0.1111110002
88548  -59.364  8.781  -3.046 0.1111110002
87657  -58.679  8.747  -3.615 0.1111110002
88560  -59.167  8.629  -3.649 0.1111110002
87677  -59.293  7.858  -4.745 0.1111110002
85712  -59.213  6.997  -6.010 0.1111110002
86768  -59.246  7.527  -5.434 0.1111110002
85722  -59.613  6.572  -6.728 0.1111110002
143807  -60.067  6.642  -6.487 0.1111110002
85723  -59.928  6.730  -6.639 0.1111110002
84720  -60.625  5.306  -7.538 0.1111110002
144347  -60.446  5.482  -7.488 0.1111110002
84735  -61.075  5.066  -7.993 0.1111110002
84734  -60.831  5.280  -8.039 0.1111110002
83776  -61.089  4.239  -8.313 0.1111110002
83775  -60.891  4.613  -8.483 0.1111110002
82801  -61.063  3.920  -9.092 0.1111110002
81758  -60.989  2.835  -9.923 0.1111110002
80708  -60.595  2.092  -10.187 0.1111110002
80707  -59.991  1.392  -10.409 0.1111110002
79602  -59.326  1.073  -11.084 0.1111110002
80712  -59.708  1.816  -11.199 0.1111110002
84564  -60.956  5.652  7.919 0.1111110002
84553  -61.746  4.558  8.738 0.2222220004
86647  -60.950  7.069  6.055 0.1111110002
149484  -61.072  6.937  6.131 0.2222220004
88481  -58.419  9.044  0.767 0.1111110002
89511  -59.676  9.720  -0.202 0.1111110002
88517  -58.223  9.048  -1.429 0.1111110002
86759  -57.897  7.731  -4.713 0.1111110002
86758  -57.212  7.520  -4.243 0.1111110002
129899  -58.409  7.058  -5.595 0.1111110002
85701  -57.508  7.086  -4.996 0.1111110002
85721  -58.530  6.183  -6.136 0.1111110002
85734  -60.047  5.944  -7.112 0.1111110002
84705  -58.935  5.823  -6.889 0.1111110002
84719  -59.638  5.692  -7.298 0.1111110002
83774  -60.470  4.734  -8.467 0.1111110002
154056  -60.209  4.115  -8.987 0.1111110002
82812  -60.295  3.413  -9.932 0.1111110002
82831  -60.527  3.162  -10.206 0.1111110002
81772  -60.305  2.757  -10.648 0.1111110002
79615  -58.560  0.856  -11.677 0.1111110002
80713  -60.168  2.116  -10.763 0.1111110002
150915  -58.251  8.729  2.108 0.1111110002
87641  -57.881  8.736  -2.085 0.1111110002
87656  -57.924  8.499  -3.422 0.1111110002
130999  -58.020  8.235  -4.137 0.1111110002
84690  -57.673  5.148  -5.649 0.1111110002
83754  -58.823  4.968  -7.235 0.1111110002
82799  -59.879  3.743  -9.407 0.1111110002
82830  -59.915  3.180  -10.811 0.1111110002
80719  -59.907  2.458  -11.172 0.1111110002
146336  -58.469  1.281  -12.426 0.1111110002
80718  -59.456  2.342  -11.731 0.1111110002
80717  -58.756  2.115  -12.456 0.1111110002
81779  -59.194  2.820  -12.017 0.1111110002
87576  -58.275  8.595  2.834 0.1111110002
140800  -58.250  5.003  -6.422 0.1111110002
83753  -58.077  3.932  -6.818 0.1111110002
82774  -57.341  3.028  -6.426 0.1111110002
83773  -59.458  3.981  -8.592 0.1111110002
81741  -58.647  3.322  -8.943 0.1111110002
79625  -56.251  0.374  -12.973 0.1111110002
82841  -58.760  3.285  -12.014 0.1111110002
135064  -57.027  0.601  -13.072 0.1111110002
81790  -58.656  2.774  -12.477 0.1111110002
82782  -57.811  3.062  -7.409 0.1111110002
81730  -57.910  3.012  -8.132 0.1111110002
81757  -59.296  3.365  -10.158 0.1111110002
81756  -58.190  3.218  -9.501 0.1111110002
82829  -59.069  3.286  -11.166 0.1111110002
82828  -58.200  3.510  -11.431 0.1111110002
82811  -58.376  3.352  -10.541 0.1111110002
82851  -58.043  3.042  -12.675 0.1111110002
81740  -57.661  2.998  -8.541 0.1111110002
82840  -58.013  3.563  -12.029 0.1111110002
83677  -59.192  4.719  -0.091 0.1111110002
89521  -59.804  9.502  -0.631 0.1111110002
88536  -59.662  8.875  -2.190 0.1111110002
88491  -58.832  9.454  0.109 0.1111110002
88504  -57.948  8.656  -0.719 0.1111110002
88547  -59.063  9.077  -3.058 0.1111110002
87625  -57.678  8.362  -1.342 0.1111110002
82633  -60.541  4.042  9.558 0.1111110002
82604  -60.486  2.763  11.676 0.1111110002
143426  -60.255  7.313  -0.210 0.1111110002
84551  -60.846  4.810  8.824 0.1111110002
84552  -61.348  4.721  8.925 0.2222220004
88520  -59.574  9.313  -1.516 0.1111110002
84558  -61.900  4.843  8.268 0.2222220004
88518  -58.933  9.589  -1.494 0.1111110002
151211  -57.734  8.029  2.958 0.1111110002
51788  -29.969  -25.071  35.343 0.2222220004
51799  -27.741  -24.866  34.894 0.1111110002
50691  -26.975  -25.493  35.798 0.2222220004
50690  -26.467  -25.697  35.547 0.2222220004
51784  -26.997  -25.081  35.313 0.2222220004
84640  -59.756  6.330  -0.789 0.1111110002
84650  -59.774  6.449  -1.796 0.1111110002
141409  -59.976  6.700  -0.040 0.1111110002
81577  -59.798  2.634  11.749 0.1111110002
86743  -59.814  7.529  -2.513 0.1111110002
87668  -59.257  8.162  -4.118 0.1111110002
151622  -60.289  5.735  -4.752 0.1111110002
85724  -60.166  5.984  -6.434 0.1111110002
86769  -59.660  7.442  -5.457 0.1111110002
86775  -59.792  7.226  -6.129 0.1111110002
85735  -60.124  5.840  -6.953 0.1111110002
82802  -61.198  3.280  -8.595 0.1111110002
81759  -61.156  3.287  -9.393 0.1111110002
82813  -60.875  3.472  -9.673 0.1111110002
79585  -58.920  0.246  -8.766 0.1111110002
85574  -61.167  5.184  8.605 0.2222220004
87642  -58.404  9.031  -2.862 0.1111110002
87667  -58.950  8.374  -4.203 0.1111110002
85711  -57.688  6.207  -5.380 0.1111110002
83765  -60.289  5.431  -7.815 0.1111110002
82800  -60.661  3.998  -9.148 0.1111110002
79616  -59.135  1.553  -11.849 0.1111110002
84557  -61.544  5.135  8.263 0.2222220004
89510  -59.215  9.752  -0.571 0.1111110002
88533  -58.511  9.211  -2.080 0.1111110002
83764  -59.629  4.929  -7.941 0.1111110002
87655  -57.530  8.307  -2.736 0.1111110002
82783  -58.696  4.022  -7.716 0.1111110002
81771  -59.685  2.818  -11.324 0.1111110002
80731  -57.906  1.376  -13.098 0.1111110002
150659  -58.288  2.317  -12.914 0.1111110002
82790  -58.444  3.388  -8.163 0.1111110002
81789  -57.511  2.143  -13.085 0.1111110002
37491  -14.198  -38.238  43.636 0.1111110002
35451  -16.778  -40.125  41.683 0.2222220004
35501  -27.975  -39.208  37.099 0.2222220004
144502  -26.547  -40.003  37.089 0.2222220004
37490  -13.591  -38.053  43.657 0.1111110002
36472  -14.724  -38.874  43.282 0.2222220004
35466  -18.295  -39.512  39.999 0.2222220004
35456  -18.833  -40.280  40.199 0.2222220004
34444  -20.524  -40.200  39.197 0.2222220004
34445  -21.606  -40.629  39.276 0.2222220004
35454  -17.208  -39.669  40.956 0.2222220004
35455  -17.913  -40.072  40.568 0.2222220004
34474  -24.928  -40.312  37.326 0.2222220004
36523  -27.910  -37.963  37.128 0.2222220004
36542  -28.430  -37.984  35.878 0.2222220004
35534  -28.144  -39.282  35.132 0.2222220004
36557  -28.190  -38.267  35.306 0.2222220004
141235  -27.367  -37.788  34.036 0.2222220004
36566  -27.167  -38.737  33.771 0.2222220004
36578  -26.887  -37.942  33.292 0.2222220004
35559  -26.589  -38.913  32.944 0.2222220004
135485  -26.065  -39.364  32.216 0.2222220004
150157  -26.282  -38.555  32.294 0.2222220004
36589  -25.872  -38.615  31.564 0.2222220004
35594  -25.247  -39.678  29.969 0.1111110002
37496  -14.858  -37.722  43.498 0.1111110002
36484  -17.191  -38.536  40.952 0.2222220004
36496  -18.923  -38.402  39.388 0.2222220004
35479  -19.733  -39.413  38.936 0.2222220004
35488  -21.137  -39.041  38.011 0.2222220004
35480  -21.191  -39.859  38.487 0.2222220004
142483  -22.400  -39.711  37.754 0.2222220004
35489  -22.033  -40.243  38.470 0.2222220004
34460  -22.921  -40.523  38.347 0.2222220004
37576  -28.253  -37.731  36.318 0.2222220004
36567  -27.813  -37.634  34.798 0.2222220004
36556  -27.692  -38.537  34.566 0.2222220004
36597  -25.664  -38.223  30.662 0.2222220004
36596  -25.324  -38.840  29.921 0.1111110002
37649  -25.620  -37.383  29.485 0.1111110002
142800  -25.019  -39.126  28.225 0.1111110002
38661  -27.893  -36.628  36.576 0.2222220004
143219  -28.028  -37.165  36.521 0.2222220004
38667  -28.107  -36.464  35.855 0.2222220004
38695  -27.633  -36.675  34.697 0.2222220004
37602  -27.881  -36.995  35.085 0.2222220004
37612  -27.006  -37.101  33.559 0.2222220004
143315  -26.679  -37.037  33.023 0.2222220004
36577  -26.563  -38.087  32.662 0.2222220004
37625  -26.620  -37.420  32.790 0.2222220004
37624  -26.334  -37.827  32.096 0.2222220004
37634  -26.022  -37.561  31.340 0.2222220004
38694  -27.294  -36.664  34.052 0.2222220004
154333  -55.806  -10.011  10.454 0.1111110002
66507  -55.442  -11.163  9.574 0.1111110002
66506  -55.024  -11.584  9.651 0.1111110002
65358  -55.441  -12.152  9.194 0.1111110002
64199  -56.398  -13.440  7.596 0.1111110002
63081  -58.209  -14.170  4.970 0.1111110002
67705  -55.515  -10.516  9.706 0.1111110002
143146  -56.037  -11.529  8.818 0.1111110002
64184  -56.895  -13.084  8.080 0.1111110002
64213  -57.571  -13.520  6.671 0.1111110002
141525  -56.258  -12.748  8.380 0.1111110002
64225  -57.831  -13.736  5.662 0.1111110002
63092  -58.796  -14.692  4.590 0.1111110002
63094  -60.132  -14.972  4.795 0.1111110002
62007  -59.484  -15.268  4.495 0.1111110002
68892  -55.923  -9.184  9.449 0.1111110002
68885  -55.907  -9.698  10.089 0.1111110002
65371  -56.189  -12.467  8.517 0.1111110002
64201  -58.213  -13.333  7.685 0.1111110002
144065  -58.933  -13.577  5.879 0.1111110002
62008  -60.240  -15.758  4.617 0.1111110002
128975  -55.681  -10.329  9.070 0.1111110002
66523  -56.894  -11.655  8.056 0.1111110002
129635  -57.068  -12.962  8.150 0.1111110002
64215  -59.211  -13.292  6.833 0.1111110002
64227  -59.575  -13.761  5.686 0.1111110002
37542  -19.343  -37.863  39.273 0.2222220004
36505  -19.949  -38.665  38.584 0.2222220004
36543  -28.694  -39.031  36.180 0.2222220004
36495  -18.347  -38.559  39.877 0.2222220004
35478  -18.914  -39.348  39.414 0.2222220004
34462  -24.732  -40.866  38.210 0.2222220004
37585  -28.147  -37.513  35.406 0.2222220004
35577  -25.649  -39.740  31.444 0.1111110002
35576  -25.423  -40.294  30.541 0.1111110002
35595  -25.461  -39.227  30.703 0.1111110002
34572  -25.239  -40.405  29.520 0.1111110002
37586  -28.191  -37.064  35.762 0.2222220004
36609  -25.562  -38.001  29.929 0.1111110002
36608  -25.234  -38.390  29.043 0.1111110002
37657  -25.463  -37.534  28.495 0.1111110002
38680  -27.901  -36.464  35.343 0.2222220004
66497  -55.086  -10.923  10.272 0.1111110002
131301  -54.174  -11.218  10.244 0.1111110002
65359  -55.694  -11.950  9.169 0.1111110002
65370  -55.429  -12.626  8.714 0.1111110002
64183  -55.970  -13.104  8.116 0.1111110002
64226  -58.466  -13.764  5.573 0.1111110002
143412  -55.833  -12.396  8.847 0.1111110002
64200  -57.265  -13.400  7.722 0.1111110002
64214  -58.394  -13.489  6.375 0.1111110002
63093  -59.573  -14.464  4.925 0.1111110002
63082  -58.935  -14.024  5.191 0.1111110002
68897  -55.773  -9.874  8.317 0.1111110002
66516  -57.182  -12.564  8.158 0.1111110002
28498  -26.422  -44.290  38.927 0.1111110002
29675  -27.438  -44.215  38.568 0.1111110002
28512  -28.170  -44.929  38.120 0.1111110002
29664  -26.774  -43.661  39.093 0.1111110002
140566  -15.251  -41.662  42.959 0.1111110002
33257  -16.095  -41.904  43.017 0.1111110002
33258  -16.783  -41.778  42.893 0.1111110002
29676  -28.337  -43.870  38.241 0.1111110002
32080  -16.476  -42.225  42.804 0.1111110002
28483  -25.023  -43.751  39.602 0.1111110002
153788  -27.057  -43.130  39.118 0.1111110002
30838  -28.421  -43.068  38.311 0.1111110002
28496  -24.852  -43.903  39.509 0.1111110002
142778  -14.724  -41.412  43.400 0.1111110002
132680  -15.442  -41.562  43.169 0.1111110002
34400  -16.266  -41.717  42.956 0.1111110002
29654  -24.894  -43.138  39.958 0.1111110002
138669  -17.504  -41.819  42.822 0.1111110002
30832  -27.664  -42.818  38.682 0.1111110002
32081  -17.342  -41.959  42.795 0.1111110002
29653  -24.059  -43.543  40.163 0.1111110002
28481  -24.191  -43.741  39.807 0.1111110002
30828  -26.075  -42.744  39.537 0.1111110002
32101  -27.485  -42.347  38.624 0.1111110002
149785  -22.833  -43.573  40.938 0.1111110002
141248  -14.907  -40.795  43.408 0.1111110002
34399  -15.553  -40.907  43.101 0.1111110002
29655  -25.335  -43.364  39.723 0.1111110002
29656  -26.172  -43.168  39.531 0.1111110002
33264  -18.143  -41.721  42.786 0.1111110002
141782  -18.900  -41.864  42.713 0.1111110002
33259  -18.338  -42.007  42.820 0.1111110002
33260  -19.073  -42.217  42.726 0.1111110002
30825  -24.248  -43.023  40.497 0.1111110002
32095  -23.872  -42.740  40.584 0.1111110002
33280  -25.341  -42.515  39.673 0.1111110002
33285  -26.251  -42.254  39.179 0.1111110002
32085  -19.656  -42.560  42.565 0.1111110002
32088  -21.535  -43.037  42.010 0.1111110002
30816  -21.961  -42.954  41.998 0.1111110002
33278  -23.859  -42.325  40.412 0.1111110002
134615  -24.732  -41.809  39.673 0.1111110002
34449  -25.268  -41.428  38.930 0.1111110002
35544  -26.902  -39.740  33.515 0.1111110002
35533  -27.554  -39.688  34.279 0.1111110002
34404  -16.148  -40.921  42.862 0.1111110002
34405  -17.064  -40.897  42.654 0.1111110002
34406  -17.855  -41.214  42.553 0.1111110002
33270  -19.365  -41.475  42.375 0.1111110002
34412  -20.032  -41.114  41.918 0.1111110002
33265  -19.783  -42.130  42.554 0.1111110002
34413  -20.853  -41.402  41.741 0.1111110002
33276  -22.214  -41.848  41.034 0.1111110002
34422  -22.589  -41.649  40.725 0.1111110002
34432  -23.144  -41.243  40.100 0.1111110002
34447  -23.529  -40.971  39.285 0.1111110002
138893  -27.251  -41.079  37.858 0.1111110002
35503  -29.049  -40.012  37.279 0.1111110002
138864  -28.587  -38.937  35.886 0.1111110002
37642  -25.783  -37.267  30.411 0.1111110002
137989  -25.741  -36.737  29.789 0.1111110002
35443  -14.493  -39.832  43.465 0.1111110002
35445  -15.100  -39.939  43.146 0.1111110002
35447  -16.439  -40.503  42.389 0.1111110002
34410  -17.624  -40.602  41.565 0.1111110002
34417  -18.534  -40.694  41.194 0.1111110002
34418  -19.448  -40.826  41.120 0.1111110002
34430  -21.235  -40.909  40.317 0.1111110002
34431  -22.256  -41.018  40.213 0.1111110002
34446  -22.583  -40.838  39.281 0.1111110002
34461  -23.846  -40.709  38.313 0.1111110002
131014  -28.702  -39.384  36.862 0.1111110002
38714  -26.756  -36.575  33.246 0.1111110002
38728  -26.489  -36.617  32.498 0.1111110002
38727  -26.214  -36.456  31.760 0.1111110002
38738  -25.764  -36.516  30.313 0.1111110002
39831  -25.744  -36.110  29.903 0.1111110002
35446  -15.722  -40.028  42.669 0.1111110002
35450  -16.172  -39.602  42.013 0.1111110002
34428  -19.699  -40.616  40.367 0.1111110002
145546  -28.038  -36.225  35.702 0.1111110002
130233  -27.820  -36.136  35.229 0.1111110002
39733  -27.545  -36.366  34.627 0.1111110002
39744  -27.139  -36.315  33.849 0.1111110002
39764  -26.440  -36.270  32.370 0.1111110002
39763  -25.990  -35.775  32.378 0.1111110002
138191  -25.627  -35.739  30.899 0.1111110002
39812  -25.576  -35.709  30.215 0.1111110002
129319  -27.357  -35.784  35.303 0.1111110002
39743  -26.703  -35.826  33.814 0.1111110002
39730  -25.693  -35.571  34.130 0.1111110002
134171  -24.170  -35.028  33.350 0.1111110002
39761  -24.669  -35.286  32.794 0.1111110002
39787  -25.181  -35.376  31.362 0.1111110002
40938  -25.040  -34.947  29.845 0.1111110002
62861  -46.764  -14.811  28.078 0.1111110002
60562  -46.565  -16.430  28.561 0.1111110002
152439  -46.964  -14.377  28.759 0.1111110002
63962  -46.866  -13.073  27.515 0.1111110002
131379  -46.935  -13.873  28.213 0.1111110002
65123  -46.315  -12.572  26.748 0.1111110002
68724  -48.795  -10.498  23.043 0.1111110002
68725  -49.645  -10.308  22.881 0.1111110002
79468  -62.938  0.572  3.906 0.1111110002
78420  -62.629  -0.166  4.326 0.1111110002
78425  -63.168  -0.159  3.470 0.1111110002
79475  -63.275  0.517  3.167 0.1111110002
141308  -62.642  -1.692  4.023 0.1111110002
147642  -62.489  -0.947  4.342 0.1111110002
77389  -62.931  -0.960  3.729 0.1111110002
76378  -62.834  -2.503  3.752 0.1111110002
75382  -63.048  -3.194  3.531 0.1111110002
74283  -62.248  -4.395  4.979 0.1111110002
145325  -62.413  -3.922  4.521 0.1111110002
129945  -62.069  -4.970  5.503 0.1111110002
73226  -61.344  -5.202  5.520 0.1111110002
135348  -59.481  -6.894  5.692 0.1111110002
68905  -56.184  -9.485  6.770 0.1111110002
70028  -56.577  -8.005  5.850 0.1111110002
70030  -58.053  -8.017  5.975 0.1111110002
76373  -62.299  -2.460  4.370 0.1111110002
78411  -61.799  -0.558  5.427 0.1111110002
146943  -61.863  -4.155  5.053 0.1111110002
76367  -61.726  -2.423  4.803 0.1111110002
77380  -61.491  -1.500  5.246 0.1111110002
74276  -61.506  -4.406  5.208 0.1111110002
76366  -61.077  -2.313  5.161 0.1111110002
77379  -60.989  -1.627  5.622 0.1111110002
71101  -55.474  -8.348  8.806 0.1111110002
71105  -54.635  -7.192  8.184 0.1111110002
71112  -55.360  -7.344  6.545 0.1111110002
74275  -60.658  -4.292  5.266 0.1111110002
75367  -60.523  -2.947  5.293 0.1111110002
70005  -55.203  -8.500  7.991 0.1111110002
71106  -54.861  -7.340  7.384 0.1111110002
71113  -55.807  -7.887  6.109 0.1111110002
72181  -57.395  -6.250  5.614 0.1111110002
73224  -59.306  -5.566  5.474 0.1111110002
70006  -55.561  -9.008  8.551 0.1111110002
143507  -54.893  -7.851  7.805 0.1111110002
70019  -56.088  -8.733  6.331 0.1111110002
146219  -56.395  -7.415  5.772 0.1111110002
140262  -57.832  -7.486  5.689 0.1111110002
77370  -61.180  -0.862  6.079 0.1111110002
76364  -59.865  -2.693  5.829 0.1111110002
77369  -60.595  -1.456  6.310 0.1111110002
77400  -63.663  -1.572  2.194 0.1111110002
77395  -63.458  -0.903  2.853 0.1111110002
70001  -56.006  -8.368  9.460 0.1111110002
71093  -55.007  -7.237  9.619 0.1111110002
72161  -54.566  -6.498  8.608 0.1111110002
72164  -55.159  -6.598  7.052 0.1111110002
75360  -59.066  -4.206  5.767 0.1111110002
75361  -59.150  -3.310  6.246 0.1111110002
76387  -63.840  -2.130  1.399 0.1111110002
148191  -55.375  -5.315  8.120 0.1111110002
72168  -55.909  -6.514  6.273 0.1111110002
74272  -57.906  -5.359  5.740 0.1111110002
74273  -58.782  -5.078  5.618 0.1111110002
73253  -64.305  -4.511  -0.325 0.1111110002
73217  -56.355  -5.737  6.464 0.1111110002
73218  -57.107  -5.541  6.030 0.1111110002
74262  -57.606  -4.868  6.344 0.1111110002
73264  -64.457  -5.631  -0.741 0.1111110002
137335  -64.476  -5.735  -1.805 0.1111110002
73277  -64.054  -5.070  -2.675 0.1111110002
72251  -63.959  -6.795  -3.512 0.1111110002
71202  -63.683  -7.135  -3.490 0.1111110002
71201  -63.375  -6.856  -2.988 0.1111110002
135835  -62.946  -7.684  -2.316 0.1111110002
139827  -62.704  -8.473  -2.069 0.1111110002
78430  -63.497  0.043  2.402 0.1111110002
144193  -63.331  0.826  2.522 0.1111110002
73198  -54.525  -5.918  9.926 0.1111110002
74225  -55.259  -4.657  9.721 0.1111110002
76356  -59.476  -2.487  6.771 0.1111110002
76344  -59.804  -1.958  7.374 0.1111110002
140463  -63.644  -0.767  1.714 0.1111110002
73211  -54.719  -5.871  8.318 0.1111110002
132157  -56.777  -4.746  7.540 0.1111110002
74239  -58.062  -3.955  7.419 0.1111110002
75348  -58.998  -2.946  7.304 0.1111110002
148415  -63.746  -1.363  1.228 0.1111110002
74248  -56.892  -5.105  6.778 0.1111110002
74320  -64.242  -3.478  -0.878 0.1111110002
140836  -64.150  -3.841  -1.536 0.1111110002
74333  -63.841  -4.100  -2.136 0.1111110002
73275  -63.894  -4.980  -2.788 0.1111110002
74332  -63.823  -4.106  -2.159 0.1111110002
72232  -63.635  -5.874  -2.986 0.1111110002
137593  -63.731  -4.540  -2.433 0.1111110002
75421  -63.669  -3.748  -1.752 0.1111110002
72216  -62.785  -6.337  -1.453 0.1111110002
74319  -62.889  -4.202  -0.949 0.1111110002
71166  -62.374  -7.508  -1.151 0.1111110002
73263  -62.981  -4.988  -1.597 0.1111110002
74216  -54.742  -5.198  10.314 0.1111110002
76343  -59.507  -2.345  7.880 0.1111110002
79481  -63.308  0.743  1.659 0.1111110002
80599  -62.847  2.039  2.578 0.1111110002
149409  -56.114  -4.882  7.955 0.1111110002
74227  -56.942  -4.158  8.773 0.1111110002
75336  -57.897  -3.785  8.754 0.1111110002
130277  -58.602  -3.399  7.802 0.1111110002
80600  -63.114  1.442  2.111 0.1111110002
131474  -63.483  -0.847  0.548 0.1111110002
78439  -63.394  0.021  1.134 0.1111110002
77407  -63.934  -2.021  -0.269 0.1111110002
77406  -63.782  -1.652  0.414 0.1111110002
76394  -64.124  -2.489  -0.441 0.1111110002
76399  -64.019  -2.552  -1.008 0.1111110002
77413  -63.481  -1.639  -0.012 0.1111110002
132653  -63.192  -0.885  0.170 0.1111110002
76398  -63.770  -2.685  -1.063 0.1111110002
77420  -63.731  -2.234  -0.578 0.1111110002
75422  -63.723  -3.743  -1.745 0.1111110002
76397  -63.464  -2.483  -0.679 0.1111110002
77412  -63.196  -1.601  -0.099 0.1111110002
78447  -62.778  -0.511  0.286 0.1111110002
75396  -63.086  -3.003  -0.707 0.1111110002
76393  -62.836  -2.012  -0.126 0.1111110002
75390  -62.630  -2.701  0.046 0.1111110002
77411  -62.583  -1.118  0.242 0.1111110002
73252  -62.614  -5.188  -0.261 0.1111110002
141952  -62.702  -3.548  -0.179 0.1111110002
75327  -59.149  -2.698  9.139 0.1111110002
147325  -58.159  -3.748  8.127 0.1111110002
75337  -58.606  -3.306  8.619 0.1111110002
79486  -63.115  0.618  0.902 0.1111110002
80610  -62.600  1.879  1.711 0.1111110002
78448  -63.068  -0.020  0.449 0.1111110002
79497  -62.722  0.753  0.798 0.1111110002
80627  -62.275  1.482  1.119 0.1111110002
142718  -62.491  0.271  0.636 0.1111110002
79496  -61.841  0.624  0.862 0.1111110002
76392  -62.202  -1.586  0.535 0.1111110002
74307  -62.562  -4.474  0.095 0.1111110002
76329  -60.096  -1.553  9.550 0.1111110002
34464  -26.518  -40.728  37.560 0.1111110002
34476  -27.452  -40.208  37.302 0.1111110002
152451  -60.157  -1.594  9.020 0.1111110002
134409  -60.472  -1.276  8.597 0.1111110002
78419  -62.233  -0.490  4.866 0.1111110002
135211  -59.583  -2.054  9.653 0.1111110002
80595  -63.138  1.293  3.195 0.1111110002
147796  -60.733  -0.912  6.962 0.1111110002
77354  -60.316  -1.425  7.442 0.1111110002
80611  -62.924  1.232  1.246 0.1111110002
39731  -26.581  -35.686  34.707 0.1111110002
39742  -24.767  -35.380  33.636 0.1111110002
39786  -24.557  -35.035  31.992 0.1111110002
61718  -46.730  -15.552  28.522 0.1111110002
74218  -55.893  -4.093  10.379 0.1111110002
73190  -54.689  -5.852  10.726 0.1111110002
71094  -55.765  -7.882  9.451 0.1111110002
34429  -20.280  -40.640  40.065 0.1111110002
131023  -25.986  -36.786  31.137 0.1111110002
39732  -27.361  -35.926  34.524 0.1111110002
34463  -25.619  -40.913  37.924 0.1111110002
32079  -15.921  -41.790  42.712 0.1111110002
34401  -16.993  -41.896  43.085 0.1111110002
32100  -26.529  -42.452  39.160 0.1111110002
30805  -18.712  -42.265  42.702 0.1111110002
29647  -23.394  -43.336  40.701 0.1111110002
30827  -25.336  -43.040  39.798 0.1111110002
32096  -24.939  -42.864  39.943 0.1111110002
30822  -24.169  -42.985  40.854 0.1111110002
34407  -18.581  -41.474  42.583 0.1111110002
33271  -20.328  -41.728  42.164 0.1111110002
139980  -24.613  -42.552  40.055 0.1111110002
33274  -23.130  -42.673  40.941 0.1111110002
33279  -24.652  -42.158  39.855 0.1111110002
33284  -25.611  -42.132  39.420 0.1111110002
32090  -22.004  -42.695  41.674 0.1111110002
33267  -21.355  -42.532  41.928 0.1111110002
34424  -24.146  -41.949  40.071 0.1111110002
33277  -22.704  -42.012  40.810 0.1111110002
34433  -23.954  -41.508  39.897 0.1111110002
34448  -24.408  -41.186  39.191 0.1111110002
34509  -27.648  -40.750  34.303 0.1111110002
34409  -17.104  -40.876  42.334 0.1111110002
34411  -18.550  -40.990  42.134 0.1111110002
34419  -20.456  -40.957  41.064 0.1111110002
33272  -21.118  -41.947  41.911 0.1111110002
147463  -21.921  -41.347  40.862 0.1111110002
135240  -22.451  -42.502  41.307 0.1111110002
34510  -28.108  -40.291  34.909 0.1111110002
38745  -25.763  -36.304  29.645 0.1111110002
129794  -26.657  -36.094  33.058 0.1111110002
39788  -25.981  -35.896  31.606 0.1111110002
132879  -25.798  -35.661  33.063 0.1111110002
39762  -25.396  -35.531  32.143 0.1111110002
40919  -25.061  -35.189  30.616 0.1111110002
62860  -46.659  -14.080  27.345 0.1111110002
77381  -62.093  -1.423  4.717 0.1111110002
76379  -63.289  -1.814  3.225 0.1111110002
75376  -62.536  -3.239  4.173 0.1111110002
75377  -62.793  -3.891  3.952 0.1111110002
75368  -62.070  -3.452  4.739 0.1111110002
74284  -62.799  -4.593  4.567 0.1111110002
72185  -62.025  -5.673  5.966 0.1111110002
73227  -62.562  -5.863  6.043 0.1111110002
72184  -60.829  -5.989  5.637 0.1111110002
145644  -61.618  -6.001  5.942 0.1111110002
72182  -58.962  -6.313  5.475 0.1111110002
70018  -55.282  -8.319  6.993 0.1111110002
68896  -55.664  -9.241  7.477 0.1111110002
70029  -57.348  -8.040  5.853 0.1111110002
71126  -57.139  -7.234  5.593 0.1111110002
146403  -61.261  -3.428  5.005 0.1111110002
76365  -60.501  -2.145  5.699 0.1111110002
71100  -55.000  -7.740  8.622 0.1111110002
71092  -54.627  -7.074  8.902 0.1111110002
72163  -54.711  -6.556  7.834 0.1111110002
73225  -60.261  -5.293  5.432 0.1111110002
75366  -59.923  -3.656  5.466 0.1111110002
133691  -58.120  -6.757  5.517 0.1111110002
73222  -56.654  -6.141  5.922 0.1111110002
74274  -59.676  -4.691  5.477 0.1111110002
76357  -60.042  -1.977  6.467 0.1111110002
73207  -54.535  -5.883  9.109 0.1111110002
73209  -56.018  -5.369  7.306 0.1111110002
75391  -63.869  -3.592  1.446 0.1111110002
143709  -63.955  -2.860  1.098 0.1111110002
76388  -64.034  -2.340  0.340 0.1111110002
73223  -58.395  -5.875  5.499 0.1111110002
139134  -58.301  -4.598  5.994 0.1111110002
147730  -58.631  -3.985  6.295 0.1111110002
74302  -64.059  -4.338  0.992 0.1111110002
75392  -64.154  -3.291  0.177 0.1111110002
74263  -58.088  -4.254  6.652 0.1111110002
129626  -64.260  -4.621  -1.915 0.1111110002
74344  -63.974  -4.365  -2.821 0.1111110002
72243  -63.895  -5.758  -3.086 0.1111110002
71203  -64.364  -7.006  -3.219 0.1111110002
73287  -64.040  -4.858  -2.779 0.1111110002
72242  -63.801  -6.168  -3.230 0.1111110002
70099  -63.570  -8.057  -3.564 0.1111110002
71212  -63.908  -7.653  -3.787 0.1111110002
142091  -63.244  -7.790  -2.904 0.1111110002
71185  -63.008  -6.875  -2.199 0.1111110002
70098  -63.251  -8.588  -2.926 0.1111110002
68984  -62.909  -9.058  -2.357 0.1111110002
74238  -57.457  -4.229  7.989 0.1111110002
75347  -58.542  -3.596  6.893 0.1111110002
75407  -64.034  -3.368  -1.449 0.1111110002
75406  -63.801  -3.150  -1.333 0.1111110002
73276  -63.934  -4.500  -2.562 0.1111110002
74331  -63.524  -4.053  -1.838 0.1111110002
137583  -63.369  -5.495  -2.440 0.1111110002
75405  -63.590  -3.202  -1.277 0.1111110002
137956  -63.228  -3.615  -1.178 0.1111110002
136868  -62.607  -6.011  -0.600 0.1111110002
75338  -59.119  -2.803  8.329 0.1111110002
76328  -59.661  -2.115  8.891 0.1111110002
141208  -62.269  0.003  0.646 0.1111110002
74300  -62.255  -4.243  0.887 0.1111110002
140424  -62.172  0.890  0.834 0.1111110002
28482  -24.589  -43.833  39.564 0.1111110002
29663  -25.805  -43.764  39.450 0.1111110002
29665  -27.654  -43.436  38.645 0.1111110002
30826  -24.685  -42.768  40.283 0.1111110002
30831  -26.810  -42.737  39.186 0.1111110002
30846  -28.943  -43.348  37.949 0.1111110002
32082  -18.007  -42.031  42.784 0.1111110002
32087  -20.922  -42.851  42.148 0.1111110002
32097  -25.885  -42.785  39.593 0.1111110002
33263  -17.449  -41.642  42.808 0.1111110002
33273  -21.815  -42.148  41.590 0.1111110002
33283  -24.923  -41.894  39.554 0.1111110002
34414  -21.400  -41.685  41.564 0.1111110002
34420  -21.367  -41.351  41.293 0.1111110002
34421  -21.898  -41.736  41.231 0.1111110002
34423  -23.459  -41.806  40.364 0.1111110002
34465  -28.163  -40.833  37.806 0.1111110002
34477  -28.425  -40.007  37.407 0.1111110002
35465  -17.715  -39.148  40.363 0.2222220004
35467  -19.601  -40.127  39.605 0.2222220004
35487  -20.431  -39.294  38.429 0.2222220004
35491  -24.195  -40.320  37.582 0.2222220004
35497  -22.744  -39.106  37.204 0.3333329856
35499  -25.157  -39.466  36.879 0.3333329856
36476  -15.266  -39.160  42.902 0.2222220004
36504  -19.424  -38.577  39.008 0.2222220004
36510  -20.603  -38.297  38.243 0.3333329856
36518  -23.164  -38.557  37.139 0.3333329856
36520  -25.435  -38.580  36.890 0.3333329856
36529  -28.387  -38.748  36.620 0.2222220004
37495  -14.282  -37.438  43.481 0.1111110002
37499  -17.973  -36.608  43.049 0.3333329856
37533  -22.191  -36.635  39.953 0.4444440007
37547  -26.136  -36.370  38.589 0.5555559993
37553  -21.245  -37.693  38.191 0.4444440007
37554  -22.615  -37.552  37.822 0.4444440007
37557  -25.450  -37.071  38.393 0.4444440007
37558  -26.735  -36.779  38.028 0.3333329856
37569  -26.754  -37.546  37.442 0.3333329856
37571  -28.071  -37.795  36.731 0.2222220004
37613  -27.509  -37.143  34.359 0.2222220004
37635  -26.366  -37.152  32.051 0.1111110002
38607  -22.649  -35.643  41.842 0.5555559993
38609  -23.545  -35.160  40.827 0.5555559993
38620  -23.649  -35.602  40.728 0.4444440007
38631  -24.288  -35.951  40.335 0.5555559993
38632  -25.118  -36.026  39.747 0.4444440007
38640  -25.647  -36.178  39.187 0.5555559993
38654  -27.583  -36.538  37.055 0.3333329856
38655  -27.833  -37.026  36.814 0.3333329856
38668  -28.117  -36.816  36.197 0.2222220004
39639  -15.291  -36.112  43.047 0.1111110002
39641  -16.671  -35.920  43.235 0.2222220004
39660  -23.110  -34.298  41.650 0.5555559993
39673  -24.805  -35.537  39.758 0.5555559993
39694  -27.160  -35.954  37.775 0.4444440007
39703  -27.698  -36.077  36.721 0.3333329856
39722  -26.479  -35.562  35.509 0.1111110002
39813  -25.845  -36.257  30.828 0.1111110002
40813  -17.734  -35.008  43.041 0.3333329856
40816  -20.120  -34.463  43.122 0.4444440007
40817  -21.587  -34.053  43.030 0.4444440007
40820  -23.045  -34.020  41.839 0.4444440007
40848  -24.896  -34.775  39.705 0.5555559993
40859  -26.381  -35.550  38.117 0.4444440007
40886  -24.080  -34.809  35.638 0.2222220004
40894  -24.045  -34.938  34.894 0.2222220004
41964  -23.712  -33.502  41.270 0.4444440007
41980  -24.209  -33.598  40.784 0.6666669846
42010  -23.674  -33.758  35.268 0.2222220004
43033  -22.455  -33.234  41.860 0.4444440007
43034  -22.906  -33.279  41.730 0.4444440007
43050  -20.989  -32.804  41.375 0.2222220004
43071  -24.426  -32.743  38.579 0.5555559993
43092  -26.655  -31.060  35.956 0.3333329856
43101  -27.264  -31.282  33.906 0.2222220004
44063  -26.596  -30.823  36.621 0.4444440007
44069  -38.208  -30.337  36.181 0.1111110002
44080  -35.401  -31.046  35.383 0.3333329856
44085  -41.860  -29.538  34.640 0.1111110002
44114  -35.712  -31.065  33.490 0.3333329856
44117  -42.818  -30.048  33.378 0.1111110002
44129  -34.356  -30.740  33.053 0.3333329856
44137  -43.424  -30.125  32.781 0.1111110002
44169  -29.417  -31.211  30.139 0.2222220004
44179  -41.640  -30.303  31.198 0.1111110002
44199  -36.309  -30.592  30.191 0.1111110002
44200  -37.461  -30.354  29.697 0.1111110002
44294  -39.154  -30.766  23.140 0.1111110002
44308  -37.270  -30.708  22.407 0.1111110002
44309  -38.045  -30.636  22.605 0.1111110002
45054  -23.255  -31.840  40.954 0.4444440007
45063  -23.826  -31.063  40.847 0.5555559993
45065  -24.577  -31.312  40.480 0.6666669846
45085  -39.087  -29.370  38.280 0.3333329856
45110  -39.396  -29.512  37.046 0.2222220004
45112  -40.557  -28.929  36.212 0.2222220004
45126  -41.413  -28.895  35.581 0.2222220004
45137  -34.375  -30.399  35.807 0.3333329856
45138  -41.847  -29.197  34.875 0.1111110002
45194  -32.587  -29.890  31.424 0.3333329856
45210  -41.266  -30.119  30.458 0.1111110002
45230  -37.917  -30.226  29.107 0.1111110002
45231  -38.680  -30.178  29.374 0.1111110002
45319  -35.887  -29.598  24.889 0.1111110002
45334  -39.363  -30.070  23.240 0.1111110002
45341  -35.780  -30.371  22.294 0.1111110002
46139  -35.060  -28.818  39.051 0.7777780294
46144  -40.288  -29.033  38.766 0.3333329856
46159  -41.593  -28.085  37.458 0.2222220004
46171  -34.284  -29.456  37.639 0.4444440007
46185  -41.429  -28.449  36.111 0.2222220004
46275  -40.970  -29.178  28.121 0.1111110002
46315  -37.726  -29.376  25.902 0.1111110002
46357  -35.714  -29.508  23.146 0.1111110002
46358  -36.479  -29.481  23.127 0.1111110002
46359  -38.927  -29.538  23.455 0.1111110002
47197  -36.984  -28.205  39.812 0.7777780294
47367  -42.972  -28.409  25.071 0.1111110002
48286  -38.996  -27.557  39.707 0.6666669846
48287  -39.731  -27.439  39.593 0.5555559993
49581  -38.045  -26.793  30.791 0.1111110002
50692  -31.623  -25.637  35.384 0.3333329856
50694  -33.651  -26.166  35.740 0.3333329856
54112  -45.411  -21.966  36.434 0.8888890147
55309  -47.937  -21.370  32.273 0.2222220004
56402  -50.187  -19.178  31.258 0.1111110002
58504  -45.635  -18.587  36.260 1.0000000000
58576  -46.579  -18.866  30.292 0.1111110002
59479  -46.414  -17.691  36.180 1.0000000000
59482  -47.446  -17.415  35.885 1.0000000000
60653  -54.654  -14.818  22.805 0.1111110002
61583  -46.912  -17.020  36.103 1.0000000000
61605  -47.216  -15.724  35.713 1.0000000000
61768  -54.480  -14.464  23.497 0.1111110002
61818  -55.871  -14.457  21.843 0.1111110002
62734  -48.127  -14.412  34.952 1.0000000000
62778  -46.191  -14.953  34.152 0.8888890147
62895  -54.296  -14.172  23.986 0.2222220004
62896  -56.615  -13.442  23.894 0.3333329856
62897  -57.542  -13.259  23.556 0.5555559993
62994  -58.156  -13.902  16.748 0.1111110002
63008  -56.623  -14.072  14.593 0.1111110002
63872  -47.051  -13.953  35.143 0.8888890147
63978  -52.818  -12.593  25.898 0.3333329856
63983  -56.489  -12.585  24.824 0.6666669846
63984  -56.977  -12.252  24.885 0.6666669846
64001  -58.077  -12.176  23.889 0.5555559993
64034  -59.381  -13.116  21.520 0.2222220004
64122  -56.699  -13.859  14.577 0.1111110002
65033  -48.322  -13.103  34.862 1.0000000000
65047  -48.763  -12.370  34.857 1.0000000000
65130  -55.292  -11.496  26.248 0.5555559993
65167  -57.784  -11.749  24.351 0.6666669846
65186  -58.916  -11.451  23.060 0.5555559993
65204  -60.064  -12.361  21.291 0.3333329856
65213  -60.381  -12.135  20.048 0.4444440007
66175  -47.304  -12.132  34.575 1.0000000000
66176  -48.679  -11.810  34.933 1.0000000000
66269  -54.508  -10.302  27.544 0.8888890147
66287  -56.455  -10.973  25.891 0.7777780294
66498  -55.507  -10.463  10.291 0.1111110002
67317  -48.230  -11.271  34.130 1.0000000000
67352  -47.852  -10.404  33.334 1.0000000000
67397  -52.621  -9.113  29.148 0.8888890147
67423  -54.100  -10.038  27.983 0.8888890147
67459  -58.001  -10.293  24.079 1.0000000000
67489  -58.841  -9.758  22.994 1.0000000000
67547  -55.946  -10.183  20.008 0.4444440007
67562  -61.269  -10.242  18.668 0.6666669846
67581  -60.685  -10.391  17.506 0.4444440007
67595  -60.490  -10.202  16.914 0.5555559993
67596  -60.687  -9.696  16.646 0.6666669846
67616  -60.077  -10.053  16.020 0.4444440007
68546  -48.631  -10.034  33.171 1.0000000000
68548  -49.183  -10.247  33.136 1.0000000000
68564  -47.544  -9.776  32.205 0.8888890147
68566  -49.598  -10.044  32.303 1.0000000000
68576  -47.944  -9.255  32.564 1.0000000000
68609  -53.380  -9.333  28.608 0.8888890147
68610  -54.555  -9.196  27.924 0.8888890147
68622  -54.936  -9.559  27.510 0.8888890147
68657  -56.342  -9.546  26.019 1.0000000000
68783  -55.469  -9.832  18.729 0.3333329856
68862  -59.583  -8.762  14.367 0.6666669846
69699  -48.315  -9.121  33.045 1.0000000000
69701  -48.876  -9.055  33.060 1.0000000000
69800  -57.007  -8.969  25.114 1.0000000000
69939  -61.051  -8.501  15.594 0.7777780294
69965  -60.858  -7.489  14.628 0.7777780294
70792  -50.040  -8.777  31.668 1.0000000000
70809  -48.951  -8.364  32.286 1.0000000000
70812  -50.601  -8.393  31.123 1.0000000000
70830  -49.759  -7.745  31.300 1.0000000000
70831  -51.420  -8.158  30.397 1.0000000000
70832  -51.921  -8.231  29.907 1.0000000000
70833  -52.412  -8.253  29.432 1.0000000000
70848  -49.223  -7.912  30.864 1.0000000000
70851  -52.963  -8.238  28.963 1.0000000000
70864  -53.060  -7.952  29.096 1.0000000000
70917  -52.383  -7.373  25.182 0.6666669846
70976  -60.405  -7.880  20.576 1.0000000000
71061  -60.775  -7.148  14.182 0.6666669846
71070  -60.534  -6.897  13.837 0.6666669846
71125  -55.951  -7.180  5.954 0.1111110002
71880  -50.269  -7.347  30.863 1.0000000000
71896  -51.213  -7.137  29.906 1.0000000000
71898  -52.532  -7.584  29.088 1.0000000000
71911  -53.872  -8.167  28.406 1.0000000000
71920  -51.714  -6.825  28.569 0.7777780294
71950  -54.894  -7.917  26.575 1.0000000000
71951  -55.162  -7.639  25.757 1.0000000000
71952  -55.888  -7.963  25.302 1.0000000000
71960  -52.146  -6.988  26.375 0.6666669846
71963  -56.287  -7.820  24.699 1.0000000000
71973  -54.435  -7.061  24.617 0.7777780294
71975  -57.351  -7.638  23.676 0.8888890147
71976  -57.924  -7.917  23.268 1.0000000000
71986  -54.069  -7.058  24.057 0.6666669846
72008  -58.949  -7.838  22.081 1.0000000000
72064  -60.779  -6.022  17.856 0.8888890147
72099  -61.308  -6.987  15.033 0.8888890147
72114  -60.563  -6.432  13.899 0.6666669846
72134  -55.045  -6.452  10.916 0.2222220004
72157  -54.575  -6.537  9.414 0.1111110002
72180  -56.563  -6.793  5.736 0.1111110002
72924  -51.694  -7.083  29.296 1.0000000000
72925  -52.206  -7.332  29.221 1.0000000000
72936  -51.232  -6.990  29.587 1.0000000000
72938  -52.180  -7.048  28.765 1.0000000000
72953  -52.282  -7.035  28.452 1.0000000000
72954  -52.715  -7.091  28.247 1.0000000000
72974  -52.171  -6.908  28.298 0.8888890147
72975  -53.550  -7.322  27.471 1.0000000000
72993  -53.863  -7.249  26.658 1.0000000000
73028  -55.324  -7.330  24.520 0.7777780294
73029  -55.845  -7.248  24.103 0.7777780294
73052  -56.276  -6.917  23.218 0.8888890147
73073  -56.559  -6.883  23.025 0.7777780294
73129  -61.256  -5.581  16.652 0.8888890147
73141  -61.273  -5.702  15.277 0.8888890147
73147  -56.035  -5.237  13.974 0.2222220004
73154  -61.176  -5.964  14.652 0.7777780294
73166  -60.995  -6.186  14.252 0.7777780294
73175  -58.735  -6.415  13.003 0.3333329856
73176  -59.334  -6.428  13.384 0.7777780294
73177  -59.949  -6.501  13.602 0.7777780294
73199  -54.711  -5.370  9.585 0.1111110002
73208  -54.931  -5.240  8.901 0.1111110002
73212  -55.116  -5.923  7.547 0.1111110002
73216  -55.630  -5.996  6.887 0.1111110002
73286  -63.872  -5.395  -2.936 0.1111110002
74181  -60.771  -4.923  15.405 0.8888890147
74182  -61.054  -5.345  15.077 0.8888890147
74197  -55.744  -4.643  13.476 0.2222220004
74208  -54.872  -5.092  11.150 0.1111110002
74209  -55.325  -4.575  11.394 0.2222220004
74237  -56.635  -4.519  8.182 0.1111110002
74249  -57.475  -4.507  7.108 0.1111110002
75229  -58.061  -3.658  18.267 0.6666669846
75262  -60.656  -4.626  16.468 0.7777780294
75274  -60.942  -4.933  15.716 0.8888890147
75397  -64.191  -2.884  -0.857 0.1111110002
79363  -59.050  -0.199  14.651 0.3333329856
79410  -61.373  0.821  11.103 0.2222220004
79416  -61.541  0.686  10.647 0.2222220004
82616  -61.041  3.207  11.071 0.2222220004
82842  -59.337  3.102  -11.492 0.1111110002
83568  -61.321  3.537  10.636 0.3333329856
83576  -61.029  4.118  10.348 0.1111110002
84547  -61.481  4.249  9.459 0.3333329856
84556  -60.986  5.357  8.572 0.1111110002
85579  -61.115  5.532  8.072 0.2222220004
86662  -58.660  7.747  4.514 0.3333329856
86722  -60.445  8.158  0.126 0.2222220004
86760  -58.689  7.952  -4.766 0.1111110002
86776  -59.967  7.226  -6.137 0.1111110002
87555  -61.158  8.069  5.173 0.3333329856
87559  -60.256  7.990  4.864 0.2222220004
87561  -60.702  7.952  4.717 0.2222220004
87568  -61.007  7.846  4.584 0.2222220004
87577  -60.644  8.604  2.648 0.2222220004
87594  -57.928  8.393  0.622 0.1111110002
87595  -60.443  8.660  0.673 0.2222220004
87643  -59.726  8.221  -2.420 0.1111110002
88459  -59.878  8.481  4.294 0.2222220004
88467  -59.675  8.909  2.991 0.2222220004
88468  -60.207  8.608  3.554 0.2222220004
88475  -58.854  9.035  2.264 0.1111110002
88482  -59.279  9.487  1.605 0.2222220004
88490  -58.191  8.867  -0.007 0.1111110002
88492  -60.182  9.491  0.604 0.2222220004
88505  -58.579  9.261  -0.709 0.1111110002
88507  -60.332  9.134  0.372 0.2222220004
88519  -59.252  9.450  -1.766 0.1111110002
88534  -58.971  9.388  -2.336 0.1111110002
88535  -59.328  9.183  -2.349 0.1111110002
89475  -59.751  9.191  2.277 0.2222220004
89480  -59.987  9.072  2.408 0.2222220004
89481  -60.069  8.911  2.988 0.2222220004
89486  -59.558  9.801  1.037 0.2222220004
89487  -59.687  9.556  1.652 0.2222220004
89488  -59.919  9.457  1.669 0.2222220004
89498  -59.429  9.824  0.286 0.1111110002
89499  -59.843  9.846  0.540 0.2222220004
89520  -59.432  9.584  -1.023 0.1111110002
128234  -53.452  -7.047  28.094 1.0000000000
128334  -61.424  -6.417  15.463 0.7777780294
128894  -54.369  -7.271  25.945 0.8888890147
129415  -24.145  -36.471  39.867 0.5555559993
129741  -20.796  -36.869  40.271 0.4444440007
129827  -36.979  -31.085  34.119 0.2222220004
130167  -60.948  -8.022  15.013 0.7777780294
130690  -58.355  7.528  -5.127 0.1111110002
131623  -37.769  -26.968  36.077 0.6666669846
131908  -20.697  -37.560  38.613 0.4444440007
131923  -30.101  -31.066  26.764 0.1111110002
133707  -25.663  -32.041  33.882 0.2222220004
134323  -58.095  -13.293  23.010 0.4444440007
134403  -59.982  -9.304  15.162 0.6666669846
134470  -56.113  -13.378  24.236 0.2222220004
134638  -30.246  -29.084  31.622 0.3333329856
135151  -61.593  6.651  4.421 0.3333329856
135192  -55.998  -15.112  13.517 0.1111110002
135331  -20.992  -35.205  43.066 0.5555559993
136101  -59.622  -10.469  22.303 0.8888890147
136238  -56.483  -8.643  25.393 1.0000000000
137180  -49.110  -10.731  33.314 1.0000000000
138196  -26.987  -39.257  36.992 0.2222220004
138502  -59.664  6.039  0.059 0.1111110002
138537  -48.747  -8.651  27.353 0.6666669846
138839  -36.228  -31.105  33.957 0.3333329856
138894  -26.353  -41.492  38.527 0.1111110002
139223  -21.702  -39.539  38.007 0.2222220004
139605  -56.876  -8.649  5.989 0.1111110002
139621  -59.085  -13.358  18.498 0.2222220004
140448  -56.033  -10.523  26.328 0.8888890147
141219  -48.139  -9.065  30.193 0.8888890147
141245  -18.910  -35.116  43.160 0.5555559993
142047  -60.303  0.119  12.695 0.2222220004
142709  -61.139  -8.856  16.214 0.8888890147
142837  -44.053  -29.900  32.619 0.1111110002
143227  -24.996  -42.305  39.702 0.1111110002
143608  -59.965  -1.777  8.264 0.1111110002
143708  -38.485  -30.780  34.478 0.1111110002
143794  -36.764  -29.346  23.785 0.1111110002
144231  -60.806  1.783  11.702 0.3333329856
145615  -40.211  -30.331  34.894 0.1111110002
145666  -17.319  -41.254  42.672 0.1111110002
146181  -39.991  -26.008  39.212 0.8888890147
146333  -23.366  -33.985  41.236 0.5555559993
146414  -56.204  -2.478  16.337 0.4444440007
147489  -24.228  -33.108  41.102 0.4444440007
147580  -16.319  -42.012  43.196 0.1111110002
147648  -23.829  -34.132  40.828 0.6666669846
147770  -23.014  -33.002  41.828 0.4444440007
147791  -61.108  0.505  11.439 0.2222220004
147822  -17.256  -35.667  39.708 0.1111110002
147852  -51.487  -8.876  30.131 0.8888890147
147877  -56.689  -3.133  14.889 0.3333329856
148089  -49.249  -8.205  31.721 1.0000000000
148146  -24.404  -42.780  40.303 0.1111110002
148179  -43.346  -26.013  37.033 0.2222220004
148620  -50.286  -17.218  32.355 0.5555559993
148714  -61.414  -9.998  19.284 0.6666669846
149238  -43.359  -26.829  35.509 0.1111110002
149923  -19.217  -40.950  41.875 0.1111110002
149926  -50.143  -7.142  30.442 1.0000000000
150350  -58.081  8.222  3.398 0.1111110002
150382  -33.707  -28.372  38.379 0.6666669846
150548  -60.472  8.352  3.969 0.2222220004
150804  -42.240  -30.208  33.657 0.1111110002
150889  -58.768  -6.852  5.578 0.1111110002
150944  -53.553  -8.090  28.547 1.0000000000
151365  -39.776  -30.650  33.132 0.1111110002
151436  -55.715  -9.002  6.855 0.1111110002
151468  -61.332  -6.103  17.093 1.0000000000
151476  -47.003  -11.607  32.911 0.7777780294
151694  -50.979  -6.985  29.845 1.0000000000
151782  -60.597  -3.566  5.216 0.1111110002
152461  -50.449  -15.243  31.291 0.6666669846
152509  -61.167  -6.810  14.561 0.8888890147
153096  -55.789  -14.451  21.013 0.1111110002
153112  -34.357  -30.561  30.412 0.3333329856
153119  -38.936  -30.800  34.304 0.1111110002
153350  -46.344  -29.574  33.231 0.1111110002
154160  -37.538  -27.463  39.606 0.6666669846
154336  -46.627  -14.127  34.790 0.8888890147
154472  -39.551  -29.609  36.613 0.2222220004
